"","x"
"1",-3382.79
"2",-3360.508
"3",-3567.242
"4",-3392.057
"5",-3440.389
"6",-3344.049
"7",-3163.42
"8",-3534.55
"9",-3342.535
"10",-3290.217
"11",-3190.874
"12",-3292.467
"13",-3426.285
"14",-3434.314
"15",-3212.611
"16",-3235.573
"17",-3274.311
"18",-3382.577
"19",-3298.822
"20",-3469.252
"21",-3398.222
"22",-3600.353
"23",-3221.761
"24",-3184.885
"25",-3235.915
"26",-3233.015
"27",-3331.8
"28",-3291.84
"29",-3274.236
"30",-3084.514
"31",-3451.209
"32",-3471.988
"33",-3520.297
"34",-3309.118
"35",-3745.386
"36",-3431.017
"37",-3198.664
"38",-3361.501
"39",-3223.483
"40",-3544.853
"41",-3386.671
"42",-3291.828
"43",-3282.639
"44",-3598.225
"45",-3710.974
"46",-3338.579
"47",-3255.543
"48",-3531.499
"49",-3389.817
"50",-3343.204
"51",-3353.745
"52",-3087.826
"53",-3390.631
"54",-3402.617
"55",-3369.617
"56",-3517.202
"57",-3498.323
"58",-3248.629
"59",-3405.512
"60",-3353.857
"61",-3341.044
"62",-3282.782
"63",-3249.876
"64",-3449.57
"65",-3248.283
"66",-3291.16
"67",-3199.542
"68",-3569.53
"69",-3248.25
"70",-3355.832
"71",-3412.964
"72",-3154.752
"73",-3242.39
"74",-3220.653
"75",-3423.549
"76",-3193.372
"77",-3212.16
"78",-3464.994
"79",-3288.722
"80",-3343.191
"81",-3126.24
"82",-3548.895
"83",-3354.733
"84",-3476.407
"85",-3359.785
"86",-3367.525
"87",-3451.477
"88",-3372.589
"89",-3486.995
"90",-3156.974
"91",-3518.053
"92",-3405.79
"93",-3520.296
"94",-3428.431
"95",-3291.43
"96",-3405.341
"97",-3252.14
"98",-3379.966
"99",-3413.367
"100",-3265.556
"101",-3281.149
"102",-3472.043
"103",-3361.847
"104",-3418.89
"105",-3341.84
"106",-3358.303
"107",-3372.572
"108",-3510.067
"109",-3170.921
"110",-3375.424
"111",-3194.967
"112",-3260.921
"113",-3350.262
"114",-3354.993
"115",-3346.93
"116",-3137.711
"117",-3467.549
"118",-3241.095
"119",-3345.032
"120",-3245.249
"121",-3246.844
"122",-3383.69
"123",-3451.958
"124",-3346.605
"125",-3547.041
"126",-3307.487
"127",-3330.522
"128",-3498.365
"129",-3322.143
"130",-3280.894
"131",-3280.828
"132",-3442.949
"133",-3175.769
"134",-3337
"135",-3312.966
"136",-3266.96
"137",-3393.522
"138",-3331.507
"139",-3290.776
"140",-3426.072
"141",-3361.688
"142",-3276.92
"143",-3435.037
"144",-3397.423
"145",-3347.593
"146",-3296.309
"147",-3495.669
"148",-3243.08
"149",-3465.158
"150",-3309.855
"151",-3286.005
"152",-3203.652
"153",-3395.519
"154",-3273.284
"155",-3263.591
"156",-3345.723
"157",-3237.246
"158",-3593.58
"159",-3533.91
"160",-3118.905
"161",-3237.694
"162",-3495.592
"163",-3200.976
"164",-3398.273
"165",-3119.774
"166",-3257.994
"167",-3353.355
"168",-3376.841
"169",-3225.809
"170",-3262.5
"171",-3278.749
"172",-3456.578
"173",-3396.339
"174",-3276.768
"175",-3310.322
"176",-3163.054
"177",-3319.999
"178",-3132.239
"179",-3461.558
"180",-3525.688
"181",-3133.418
"182",-3166.004
"183",-3538.647
"184",-3295.151
"185",-3368.478
"186",-3407.25
"187",-3128.175
"188",-3542.238
"189",-3388.247
"190",-3123.501
"191",-3545.179
"192",-3478.577
"193",-3419.054
"194",-3299.767
"195",-3497.685
"196",-3243.652
"197",-3449.955
"198",-3446.708
"199",-3282.43
"200",-3359.664
"201",-3285.457
"202",-3387.497
"203",-3755.554
"204",-3279.657
"205",-3392.94
"206",-3267.028
"207",-3207.212
"208",-3286.968
"209",-3257.182
"210",-3258.366
"211",-3488.66
"212",-3395.23
"213",-3297.5
"214",-3362.966
"215",-3656.891
"216",-3250.91
"217",-3232.075
"218",-3153.097
"219",-3539.499
"220",-3362.293
"221",-3343.873
"222",-3214.174
"223",-3481.582
"224",-3413.487
"225",-3140.006
"226",-3422.088
"227",-3188.918
"228",-3293.859
"229",-3429.426
"230",-3442.343
"231",-3620.717
"232",-3568.587
"233",-3150.889
"234",-3422.125
"235",-3290.361
"236",-3299.755
"237",-3236.407
"238",-3365.837
"239",-3323.1
"240",-3108.072
"241",-3406.792
"242",-3323.251
"243",-3300.484
"244",-3511.235
"245",-3355.609
"246",-3221.909
"247",-3248.098
"248",-3495.739
"249",-3354.518
"250",-3540.88
"251",-3230.12
"252",-3330.032
"253",-3164.401
"254",-3288.51
"255",-3452.519
"256",-3294.209
"257",-3216.428
"258",-3695.233
"259",-3508.212
"260",-3475.508
"261",-3496.364
"262",-3226.493
"263",-3103.003
"264",-3354.026
"265",-3253.775
"266",-3395.059
"267",-3276.518
"268",-3477.196
"269",-3384.362
"270",-3335.462
"271",-3380.952
"272",-3381.988
"273",-3326.883
"274",-3177.001
"275",-3227.235
"276",-3495.643
"277",-3502.618
"278",-3461.082
"279",-3399.743
"280",-3144.772
"281",-3534.486
"282",-3489.027
"283",-3501.871
"284",-3496.113
"285",-3295.463
"286",-3463.692
"287",-3494.569
"288",-3298.776
"289",-3056.79
"290",-3132.055
"291",-3276.452
"292",-3508.755
"293",-3396.576
"294",-3395.864
"295",-3294.612
"296",-3299.006
"297",-3382.413
"298",-3367.661
"299",-3268.184
"300",-3504.049
"301",-3316.193
"302",-3296.288
"303",-3280.911
"304",-3303.178
"305",-3032.522
"306",-3356.883
"307",-3250.722
"308",-3550.386
"309",-3375.017
"310",-3356.364
"311",-3541.766
"312",-3307.867
"313",-3184.846
"314",-3345.993
"315",-3458.027
"316",-3553.982
"317",-3247.899
"318",-3418.038
"319",-3518.719
"320",-3244.038
"321",-3418.311
"322",-3377.237
"323",-3490.726
"324",-3390.994
"325",-3370.676
"326",-3287.563
"327",-3383.303
"328",-3511.301
"329",-3275.459
"330",-3439.835
"331",-3356.405
"332",-3409.232
"333",-3246.834
"334",-3448.39
"335",-3368.741
"336",-3355.645
"337",-3390.188
"338",-3484.977
"339",-3346.851
"340",-3270.705
"341",-3360.887
"342",-3342.522
"343",-3327.331
"344",-3316.959
"345",-3518.841
"346",-3492.574
"347",-3398.673
"348",-3279.103
"349",-3181.489
"350",-3429.373
"351",-3408.264
"352",-3292.312
"353",-3138.36
"354",-3373.374
"355",-3366.912
"356",-3163.322
"357",-3281.193
"358",-3380.495
"359",-3299.068
"360",-3334.66
"361",-3325.571
"362",-3355.821
"363",-3351.74
"364",-3409.451
"365",-3531.554
"366",-3160.718
"367",-3428.564
"368",-3197.352
"369",-3278.816
"370",-3192.777
"371",-3260.108
"372",-3682.447
"373",-3359.966
"374",-3346.719
"375",-3440.427
"376",-3157.33
"377",-3299.837
"378",-3413.069
"379",-3376.999
"380",-3160.136
"381",-3400.709
"382",-3261.418
"383",-3298.031
"384",-3275.802
"385",-3448.715
"386",-3226.225
"387",-3183.672
"388",-3255.725
"389",-3304.385
"390",-3328.556
"391",-3316.397
"392",-3409.503
"393",-3418.13
"394",-3317.988
"395",-3382.167
"396",-3305.697
"397",-3446.04
"398",-3334.834
"399",-3423.285
"400",-3457.414
"401",-3155.292
"402",-3310.228
"403",-3197.076
"404",-3554.999
"405",-3318.838
"406",-3422.058
"407",-3434.28
"408",-3392.282
"409",-3283.689
"410",-3310.801
"411",-3478.017
"412",-3432.83
"413",-3341.796
"414",-3422.472
"415",-3297.128
"416",-3336.395
"417",-3347.957
"418",-3385.721
"419",-3468.098
"420",-3402.523
"421",-3404.504
"422",-3196.156
"423",-3439.265
"424",-3280.992
"425",-3278.424
"426",-3224.184
"427",-3475.76
"428",-3287.659
"429",-3397.747
"430",-3217.29
"431",-3246.929
"432",-3302.227
"433",-3422.482
"434",-3545.512
"435",-3471.4
"436",-3335.158
"437",-3508.303
"438",-3358.016
"439",-3355.174
"440",-3416.921
"441",-3476.724
"442",-3423.018
"443",-3431.324
"444",-3449.228
"445",-3584.251
"446",-3433.106
"447",-3336.018
"448",-3238.11
"449",-3197.803
"450",-3438.324
"451",-3310.096
"452",-3369.321
"453",-3407.238
"454",-3613.965
"455",-3252.897
"456",-3476.821
"457",-3347.341
"458",-3321.085
"459",-3360.087
"460",-3333.897
"461",-3347.709
"462",-3311.579
"463",-3456.974
"464",-3436.385
"465",-3399.743
"466",-3213.467
"467",-3501.338
"468",-3294.76
"469",-3126.399
"470",-3297.765
"471",-3155.255
"472",-3313.213
"473",-3317.868
"474",-3533.677
"475",-3204.066
"476",-3140
"477",-3366.807
"478",-3415.27
"479",-3497.265
"480",-3376.616
"481",-3309.076
"482",-3405.683
"483",-3254.873
"484",-3484.739
"485",-3351.315
"486",-3409.741
"487",-3391.67
"488",-3504.615
"489",-3526.189
"490",-3603.319
"491",-3340.751
"492",-3462.326
"493",-3209.75
"494",-3161.35
"495",-3073.283
"496",-3518.896
"497",-3339.999
"498",-3512.411
"499",-3549.394
"500",-3343.094
"501",-3481.45
"502",-3364.801
"503",-3542.684
"504",-3298.954
"505",-3329.126
"506",-3435.521
"507",-3336.711
"508",-3326.5
"509",-3373.944
"510",-3350.045
"511",-3484.537
"512",-3234.266
"513",-3321.984
"514",-3348.26
"515",-3561.191
"516",-3446.767
"517",-3381.692
"518",-3367.306
"519",-3246.614
"520",-3246.611
"521",-3463.184
"522",-3238.77
"523",-3249.143
"524",-3405.762
"525",-3441.172
"526",-3359.908
"527",-3358.407
"528",-3507.989
"529",-3334.748
"530",-3464.418
"531",-3212.427
"532",-3505.049
"533",-3310.145
"534",-3288.713
"535",-3263.078
"536",-3117.856
"537",-3269.195
"538",-3472.843
"539",-3454.692
"540",-3562.55
"541",-3210.599
"542",-3305.986
"543",-3338.428
"544",-3125.894
"545",-3403.06
"546",-3496.129
"547",-3313.896
"548",-3305.37
"549",-3373.301
"550",-3339.497
"551",-3432.989
"552",-3362.625
"553",-3327.693
"554",-3265.805
"555",-3319.038
"556",-3482.458
"557",-3277.757
"558",-3394.43
"559",-3390.231
"560",-3459.322
"561",-3338.423
"562",-3410.869
"563",-3497.894
"564",-3403.507
"565",-3288.208
"566",-3492.979
"567",-3373.388
"568",-3223.106
"569",-3345.214
"570",-3293.694
"571",-3211.443
"572",-3310.57
"573",-3438.475
"574",-3318.408
"575",-3410.757
"576",-3318.818
"577",-3393.372
"578",-3527.255
"579",-3522.61
"580",-3294.888
"581",-3361.404
"582",-3364.123
"583",-3237.328
"584",-3252.439
"585",-3584.961
"586",-3433.819
"587",-3406.151
"588",-3430.147
"589",-3523.393
"590",-3313.443
"591",-3475.506
"592",-3454.557
"593",-3524.672
"594",-3242.861
"595",-3424.441
"596",-3431.55
"597",-3320.469
"598",-3550.063
"599",-3183.33
"600",-3442.491
"601",-3743.663
"602",-3229.802
"603",-3296.922
"604",-3185.987
"605",-3359.463
"606",-3399.85
"607",-3422.79
"608",-3224.804
"609",-3366.878
"610",-3400.987
"611",-3421.344
"612",-3414.338
"613",-3344.756
"614",-3372.41
"615",-3303.433
"616",-3427.288
"617",-3331.615
"618",-3180.021
"619",-3235.836
"620",-3541.805
"621",-3390.49
"622",-3231.678
"623",-3348.32
"624",-3362.742
"625",-3285.351
"626",-3331.324
"627",-3380.407
"628",-3197.397
"629",-3415.911
"630",-3576.062
"631",-3276.79
"632",-3282.932
"633",-3458.401
"634",-3484.371
"635",-3340.319
"636",-3275.84
"637",-3344.097
"638",-3321.119
"639",-3291.688
"640",-3529.194
"641",-3445.718
"642",-3247.272
"643",-3382.234
"644",-3378.921
"645",-3453.593
"646",-3199.487
"647",-3532.941
"648",-3450.786
"649",-3400.818
"650",-3421.423
"651",-3337.561
"652",-3259.338
"653",-3533.665
"654",-3453.902
"655",-3402.745
"656",-3387.055
"657",-3345.504
"658",-3425.721
"659",-3303.67
"660",-3215.06
"661",-3206.712
"662",-3231.409
"663",-3375.302
"664",-3372.988
"665",-3576.314
"666",-3324.78
"667",-3401.696
"668",-3573.795
"669",-3319.898
"670",-3300.663
"671",-3281.622
"672",-3388.866
"673",-3419.495
"674",-3193.016
"675",-3308.303
"676",-3464.196
"677",-3345.228
"678",-3367.704
"679",-3200.788
"680",-3397.565
"681",-3300.243
"682",-3322.6
"683",-3507.961
"684",-3289.975
"685",-3412.6
"686",-3211.457
"687",-3343.164
"688",-3381.847
"689",-3398.299
"690",-3309.707
"691",-3470.695
"692",-3200.936
"693",-3267.636
"694",-3338.845
"695",-3405.34
"696",-3221.179
"697",-3475.684
"698",-3394.352
"699",-3189.837
"700",-3379.165
"701",-3369.019
"702",-3306.03
"703",-3347.089
"704",-3323.287
"705",-3215.604
"706",-3685.251
"707",-3389.252
"708",-3208.236
"709",-3289.084
"710",-3568.575
"711",-3179.776
"712",-3342.29
"713",-3408.712
"714",-3306.573
"715",-3488.8
"716",-3276.602
"717",-3140.209
"718",-3238.505
"719",-3403.342
"720",-3273.97
"721",-3258.029
"722",-3320.759
"723",-3286.193
"724",-3231.373
"725",-3436.04
"726",-3244.983
"727",-3232.699
"728",-3282.44
"729",-3253.007
"730",-3412.938
"731",-3212.064
"732",-3534.588
"733",-3436.142
"734",-3327.491
"735",-3249.425
"736",-3398.462
"737",-3451.65
"738",-3441.352
"739",-3287.106
"740",-3456.739
"741",-3342.007
"742",-3418.65
"743",-3203.901
"744",-3430.254
"745",-3235.027
"746",-3177.386
"747",-3608.449
"748",-3496.916
"749",-3192.135
"750",-3415.77
"751",-3388.551
"752",-3493.61
"753",-3324.669
"754",-3225.805
"755",-3174.817
"756",-3372.496
"757",-3063.989
"758",-3351.222
"759",-3295.498
"760",-3117.73
"761",-3407.318
"762",-3507.088
"763",-3428.41
"764",-3398.23
"765",-3419.055
"766",-3402.399
"767",-3583.32
"768",-3378.14
"769",-3565.445
"770",-3177.596
"771",-3521.361
"772",-3306.698
"773",-3278.126
"774",-3375.344
"775",-3465.929
"776",-3374.22
"777",-3226.466
"778",-3347.542
"779",-3454.608
"780",-3384.565
"781",-3305.227
"782",-3304.935
"783",-3431.469
"784",-3401.023
"785",-3339.018
"786",-3302.286
"787",-3452.608
"788",-3465.452
"789",-3518.721
"790",-3402.358
"791",-3521.923
"792",-3327.986
"793",-3283.887
"794",-3385.388
"795",-3569.643
"796",-3181.536
"797",-3458.717
"798",-3364.502
"799",-3351.676
"800",-3373.892
"801",-3306.561
"802",-3494.885
"803",-3352.916
"804",-3434.121
"805",-3375.195
"806",-3576.598
"807",-3304.493
"808",-3448.94
"809",-3438.38
"810",-3425.109
"811",-3444.055
"812",-3373.336
"813",-3460.116
"814",-3278.353
"815",-3295.24
"816",-3433.077
"817",-3443.527
"818",-3473.404
"819",-3180.805
"820",-3523.476
"821",-3373.258
"822",-3328.794
"823",-3143.197
"824",-3296.034
"825",-3205.532
"826",-3354.483
"827",-3134.962
"828",-3353.493
"829",-3298.621
"830",-3370.868
"831",-3476.144
"832",-3237.828
"833",-3231.441
"834",-3407.718
"835",-3231.775
"836",-3131.855
"837",-3534.534
"838",-3451.128
"839",-3426.884
"840",-3335.835
"841",-3326.645
"842",-3351.235
"843",-3442.245
"844",-3528.369
"845",-3341.853
"846",-3403.692
"847",-3321.163
"848",-3376.743
"849",-3402.113
"850",-3290.187
"851",-3425.705
"852",-3383.699
"853",-3354.299
"854",-3176.688
"855",-3477.802
"856",-3354.747
"857",-3308.518
"858",-3367.854
"859",-3314.428
"860",-3330.53
"861",-3320.487
"862",-3374.505
"863",-3402.548
"864",-3441.448
"865",-3227.343
"866",-3196.086
"867",-3525.432
"868",-3473.534
"869",-3417.12
"870",-3081.957
"871",-3322.089
"872",-3358.787
"873",-3520.055
"874",-3335.39
"875",-3524.139
"876",-3258.639
"877",-3306.429
"878",-3265.415
"879",-3230.401
"880",-3305.378
"881",-3317.066
"882",-3290.21
"883",-3544.373
"884",-3195.779
"885",-3199.179
"886",-3545.751
"887",-3415.668
"888",-3447.92
"889",-3399.494
"890",-3356.746
"891",-3449.039
"892",-3282.914
"893",-3130.524
"894",-3360.675
"895",-3470.261
"896",-3314.043
"897",-3305.492
"898",-3344.349
"899",-3473.126
"900",-3241.716
"901",-3293.041
"902",-3224.885
"903",-3281.611
"904",-3425.217
"905",-3589.23
"906",-3360.92
"907",-3315.386
"908",-3496.792
"909",-3364.194
"910",-3471.105
"911",-3236.233
"912",-3356.466
"913",-3441.715
"914",-3359.887
"915",-3405.311
"916",-3289.675
"917",-3283.868
"918",-3299.385
"919",-3397.286
"920",-3413.866
"921",-3125.915
"922",-3302.789
"923",-3500.956
"924",-3244.293
"925",-3365.74
"926",-3282.504
"927",-3305.89
"928",-3332.144
"929",-3450.294
"930",-3370.569
"931",-3389.038
"932",-3479.426
"933",-3379.614
"934",-3422.784
"935",-3475.946
"936",-3163.132
"937",-3309.815
"938",-3456.793
"939",-3434.333
"940",-3440.663
"941",-3385.012
"942",-3321.482
"943",-3248.684
"944",-3377.246
"945",-3461.578
"946",-3462.545
"947",-3333.228
"948",-3405.62
"949",-3368.479
"950",-3271.259
"951",-3473.592
"952",-3209.821
"953",-3475.816
"954",-3284.508
"955",-3299.682
"956",-3443.418
"957",-3268.15
"958",-3212.47
"959",-3402.365
"960",-3216.793
"961",-3256.06
"962",-3275.22
"963",-3400.18
"964",-3475.409
"965",-3161.766
"966",-3358.601
"967",-3445.774
"968",-3164.085
"969",-3457.946
"970",-3372.975
"971",-3231.146
"972",-3433.133
"973",-3338.198
"974",-3240.64
"975",-3297.017
"976",-3251.751
"977",-3416.517
"978",-3565.847
"979",-3405.883
"980",-3257.392
"981",-3431.982
"982",-3287.686
"983",-3365.156
"984",-3438.711
"985",-3318.136
"986",-3618.891
"987",-3212.938
"988",-3496.307
"989",-3517.046
"990",-3229.317
"991",-3248.452
"992",-3546.836
"993",-3219.95
"994",-3255.093
"995",-3741.392
"996",-3360.756
"997",-3262.462
"998",-3465.875
"999",-3384.133
"1000",-3195.709
"1001",-3495.195
"1002",-3340.677
"1003",-3410.846
"1004",-3019.384
"1005",-3275.492
"1006",-3201.042
"1007",-3265.6
"1008",-3065.295
"1009",-3313.984
"1010",-3480.172
"1011",-3431.246
"1012",-3333.798
"1013",-3242.302
"1014",-3409.001
"1015",-3232.758
"1016",-3109.71
"1017",-3168.12
"1018",-3296.052
"1019",-3331.771
"1020",-3191.421
"1021",-3180.541
"1022",-3247.426
"1023",-3304.486
"1024",-3520.923
"1025",-3321.906
"1026",-3375.563
"1027",-3399.421
"1028",-3508.343
"1029",-3327.287
"1030",-3432.831
"1031",-3701.996
"1032",-3301.871
"1033",-3353.527
"1034",-3504.813
"1035",-3158.473
"1036",-3264.14
"1037",-3364.782
"1038",-3370.044
"1039",-3535.632
"1040",-3441.958
"1041",-3417.559
"1042",-3390.991
"1043",-3338.836
"1044",-3438.756
"1045",-3075.651
"1046",-3451.268
"1047",-3253.45
"1048",-3418.597
"1049",-3351.025
"1050",-3275.478
"1051",-3308.203
"1052",-3427.079
"1053",-3343.845
"1054",-3458.306
"1055",-3350.648
"1056",-3266.692
"1057",-3351.343
"1058",-3224.711
"1059",-3348.74
"1060",-3309.393
"1061",-3304.25
"1062",-3304.075
"1063",-3346.271
"1064",-3363.533
"1065",-3306.965
"1066",-3457.092
"1067",-3260.237
"1068",-3308.558
"1069",-3103.024
"1070",-3589.328
"1071",-3190.385
"1072",-3503.728
"1073",-3249.681
"1074",-3440.904
"1075",-3290.939
"1076",-3253.743
"1077",-3440.683
"1078",-3172.431
"1079",-3431.445
"1080",-3313.588
"1081",-3266.083
"1082",-3407.06
"1083",-3305.515
"1084",-3452.304
"1085",-3295.334
"1086",-3483.03
"1087",-3504.444
"1088",-3537.307
"1089",-3401.457
"1090",-3345.727
"1091",-3276.911
"1092",-3303.288
"1093",-3426.581
"1094",-3523.847
"1095",-3496.684
"1096",-3277.482
"1097",-3249.376
"1098",-3392.845
"1099",-3225.477
"1100",-3389.231
"1101",-3367.832
"1102",-3463.156
"1103",-3330.169
"1104",-3430.989
"1105",-3671.897
"1106",-3177.747
"1107",-3408.039
"1108",-3307.097
"1109",-3334.012
"1110",-3498.86
"1111",-3562.697
"1112",-3438.676
"1113",-3395.558
"1114",-3186.239
"1115",-3450.208
"1116",-3145.225
"1117",-3233.018
"1118",-3344.312
"1119",-3362.486
"1120",-3454.361
"1121",-3180.822
"1122",-3458.019
"1123",-3222.498
"1124",-3627.967
"1125",-3479.084
"1126",-3345.808
"1127",-3414.636
"1128",-3333.347
"1129",-3128.407
"1130",-3230.047
"1131",-3449.55
"1132",-3223.959
"1133",-3358.265
"1134",-3351.624
"1135",-3201.924
"1136",-3402.226
"1137",-3326.9
"1138",-3208.458
"1139",-3254.604
"1140",-3362.523
"1141",-3627.722
"1142",-3007.806
"1143",-3354.352
"1144",-3143.868
"1145",-3363.851
"1146",-3195.104
"1147",-3480.561
"1148",-3434.456
"1149",-3469.207
"1150",-3315.981
"1151",-3303.405
"1152",-3430.504
"1153",-3408.355
"1154",-3343.227
"1155",-3426.432
"1156",-3280.918
"1157",-3204.519
"1158",-3508.642
"1159",-3357.324
"1160",-3332.8
"1161",-3189.88
"1162",-3313.421
"1163",-3438.142
"1164",-3425.736
"1165",-3331.197
"1166",-3256.718
"1167",-3221.544
"1168",-3514.181
"1169",-3438.537
"1170",-3536.801
"1171",-3419.025
"1172",-3344.432
"1173",-3252.352
"1174",-3494.294
"1175",-3204.132
"1176",-3449.038
"1177",-3248.946
"1178",-3534.874
"1179",-3514.554
"1180",-3431.369
"1181",-3346.222
"1182",-3189.217
"1183",-3492.312
"1184",-3330.577
"1185",-3515.988
"1186",-3369.128
"1187",-3311.671
"1188",-3240.736
"1189",-3426.288
"1190",-3322.138
"1191",-3356.754
"1192",-3335.485
"1193",-3440.014
"1194",-3322.121
"1195",-3598.674
"1196",-3415.451
"1197",-3415.073
"1198",-3369.747
"1199",-3425.944
"1200",-3202.352
"1201",-3245.413
"1202",-3410.876
"1203",-3226.799
"1204",-3226.298
"1205",-3228.437
"1206",-3344.829
"1207",-3364.59
"1208",-3429.706
"1209",-3304.767
"1210",-3562.328
"1211",-3328.334
"1212",-3262.613
"1213",-3514.808
"1214",-3252.199
"1215",-3371.166
"1216",-3296.713
"1217",-3419.766
"1218",-3381.519
"1219",-3258.175
"1220",-3132.538
"1221",-3561.373
"1222",-3543.716
"1223",-3356.411
"1224",-3239.63
"1225",-3182.61
"1226",-3231.93
"1227",-3331.097
"1228",-3507.555
"1229",-3212.86
"1230",-3324.085
"1231",-3245.267
"1232",-3412.993
"1233",-3227.176
"1234",-3395.163
"1235",-3388.157
"1236",-3145.83
"1237",-3392.933
"1238",-3235.529
"1239",-3328.942
"1240",-3283.216
"1241",-3426.937
"1242",-3202.907
"1243",-3341.425
"1244",-3353.209
"1245",-3484.014
"1246",-3391.11
"1247",-3478.348
"1248",-3315.141
"1249",-3478.829
"1250",-3271.634
"1251",-3347.893
"1252",-3392.938
"1253",-3390.453
"1254",-3448.963
"1255",-3333.692
"1256",-3341.522
"1257",-3393.222
"1258",-3312.849
"1259",-3342.099
"1260",-3399.784
"1261",-3432.772
"1262",-3430.312
"1263",-3640.273
"1264",-3228.511
"1265",-3339.375
"1266",-3324.366
"1267",-3300.974
"1268",-3249.915
"1269",-3361.177
"1270",-3220.67
"1271",-3421.851
"1272",-3560.715
"1273",-3354.686
"1274",-3280.642
"1275",-3552.936
"1276",-3314.209
"1277",-3354.813
"1278",-3385.647
"1279",-3196.105
"1280",-3318.132
"1281",-3425.014
"1282",-3434.437
"1283",-3591.445
"1284",-3452.836
"1285",-3355.255
"1286",-3324.134
"1287",-3112.242
"1288",-3275.563
"1289",-3222.225
"1290",-3398.563
"1291",-3388.287
"1292",-3167.975
"1293",-3355.296
"1294",-3269.353
"1295",-3254.094
"1296",-3469.551
"1297",-3466.739
"1298",-3258.128
"1299",-3416.148
"1300",-3350.109
"1301",-3318.947
"1302",-3348.188
"1303",-3121.573
"1304",-3230.426
"1305",-3159.825
"1306",-3344.167
"1307",-3233.239
"1308",-3176.228
"1309",-3328.943
"1310",-3306.38
"1311",-3360.083
"1312",-3327.479
"1313",-3254.067
"1314",-3210.104
"1315",-3280.263
"1316",-3384.353
"1317",-3485.04
"1318",-3316.276
"1319",-3385.409
"1320",-3222.646
"1321",-3362.833
"1322",-3231.162
"1323",-3455.187
"1324",-3334.671
"1325",-3173.195
"1326",-3221.131
"1327",-3415.7
"1328",-3408.053
"1329",-3351.401
"1330",-3244.315
"1331",-3578.699
"1332",-3368.608
"1333",-3232.371
"1334",-3218.448
"1335",-3410.732
"1336",-3042.144
"1337",-3481.422
"1338",-3467.295
"1339",-3223.813
"1340",-3333.86
"1341",-3232.815
"1342",-3344.603
"1343",-3251.259
"1344",-3259.806
"1345",-3510.776
"1346",-3409.987
"1347",-3516.412
"1348",-3254.069
"1349",-3337.594
"1350",-3437.247
"1351",-3216.519
"1352",-3477.345
"1353",-3412.2
"1354",-3329.985
"1355",-3410.266
"1356",-3339.488
"1357",-3214.456
"1358",-3327.745
"1359",-3397.604
"1360",-3453.573
"1361",-3265.457
"1362",-3362.406
"1363",-3414.448
"1364",-3379.257
"1365",-3220.553
"1366",-3411.477
"1367",-3081.837
"1368",-3176.296
"1369",-3535.896
"1370",-3336.865
"1371",-3208.758
"1372",-3478.436
"1373",-3374.936
"1374",-3313.457
"1375",-3421.736
"1376",-3528.635
"1377",-3454.302
"1378",-3362.107
"1379",-3341.965
"1380",-3335.665
"1381",-3550.643
"1382",-3224.864
"1383",-3210.335
"1384",-3352.838
"1385",-3388.977
"1386",-3362.34
"1387",-3337.602
"1388",-3375.868
"1389",-3198.386
"1390",-3399.248
"1391",-3390.733
"1392",-3285.372
"1393",-3418.896
"1394",-3385.19
"1395",-3374.426
"1396",-3475.101
"1397",-3376.179
"1398",-3455.749
"1399",-3311.197
"1400",-3422.593
"1401",-3380.713
"1402",-3371.122
"1403",-3224.791
"1404",-3160.023
"1405",-3348.136
"1406",-3166.811
"1407",-3431.245
"1408",-3242.411
"1409",-3498.635
"1410",-3324.821
"1411",-3371.147
"1412",-3585.513
"1413",-3401.162
"1414",-3268.789
"1415",-3405.846
"1416",-3331.554
"1417",-3351.288
"1418",-3456.72
"1419",-3356.177
"1420",-3206.188
"1421",-3277.137
"1422",-3338.292
"1423",-3207.038
"1424",-3103.537
"1425",-3460.875
"1426",-3189.171
"1427",-3332.631
"1428",-3128.507
"1429",-3415.078
"1430",-3398.949
"1431",-3315.151
"1432",-3350.456
"1433",-3233.399
"1434",-3401.161
"1435",-3139.807
"1436",-3506.518
"1437",-3347.467
"1438",-3373.195
"1439",-3249.357
"1440",-3579.742
"1441",-3231.847
"1442",-3416.605
"1443",-3482.476
"1444",-3371.3
"1445",-3338.048
"1446",-3404.8
"1447",-3313.096
"1448",-3115.038
"1449",-3327.443
"1450",-3212.046
"1451",-3217.358
"1452",-3238.609
"1453",-3461.239
"1454",-3338.711
"1455",-3278.457
"1456",-3288.675
"1457",-3477.687
"1458",-3288.106
"1459",-3185.622
"1460",-3217.176
"1461",-3346.768
"1462",-3590.974
"1463",-3316.664
"1464",-3246.696
"1465",-3203.262
"1466",-3155.483
"1467",-3566.649
"1468",-3324.739
"1469",-3571.652
"1470",-3239.014
"1471",-3611.507
"1472",-3219.288
"1473",-3414.291
"1474",-3351.172
"1475",-3203.228
"1476",-3382.83
"1477",-3343.086
"1478",-3193.674
"1479",-3315.323
"1480",-3437.573
"1481",-3245.833
"1482",-3505.216
"1483",-3416.322
"1484",-3214.1
"1485",-3455.796
"1486",-3375.149
"1487",-3307.37
"1488",-3316.227
"1489",-3375.327
"1490",-3518.396
"1491",-3181.986
"1492",-3396.648
"1493",-3344.2
"1494",-3346.168
"1495",-3319.025
"1496",-3305.593
"1497",-3449.692
"1498",-3401.708
"1499",-3284.88
"1500",-3448.817
"1501",-3303.963
"1502",-3453.42
"1503",-3237.954
"1504",-3447.29
"1505",-3363.415
"1506",-3534.819
"1507",-3530.822
"1508",-3393.968
"1509",-3243.084
"1510",-3461.232
"1511",-3096.299
"1512",-3487.354
"1513",-3240.319
"1514",-3141.401
"1515",-3301.911
"1516",-3379.087
"1517",-3287.499
"1518",-3351.48
"1519",-3300.634
"1520",-3562.242
"1521",-3497.137
"1522",-3598.43
"1523",-3333.639
"1524",-3207.124
"1525",-3444.243
"1526",-3243.255
"1527",-3431.736
"1528",-3393.153
"1529",-3390.143
"1530",-3221.582
"1531",-3317.354
"1532",-3488.317
"1533",-3443.212
"1534",-3443.902
"1535",-3566.949
"1536",-3372.224
"1537",-3420.46
"1538",-3313.88
"1539",-3265.415
"1540",-3153.293
"1541",-3416.78
"1542",-3254.784
"1543",-3354.232
"1544",-3434.04
"1545",-3154.615
"1546",-3125.166
"1547",-3327.353
"1548",-3367.421
"1549",-3343.791
"1550",-3470.485
"1551",-3493.549
"1552",-3532.698
"1553",-3263.419
"1554",-3318.818
"1555",-3459.216
"1556",-3130.418
"1557",-3346.915
"1558",-3284.448
"1559",-3296.249
"1560",-3446.228
"1561",-3462.218
"1562",-3358.683
"1563",-3159.426
"1564",-3271.56
"1565",-3444.991
"1566",-3552.505
"1567",-3474.123
"1568",-3410.2
"1569",-3487.841
"1570",-3345.091
"1571",-3458.451
"1572",-3452.094
"1573",-3209.94
"1574",-3580.348
"1575",-3204.174
"1576",-3321.491
"1577",-3327.77
"1578",-3460.651
"1579",-3377.891
"1580",-3238.686
"1581",-3224.11
"1582",-3225.135
"1583",-3338.708
"1584",-3344.547
"1585",-3315.51
"1586",-3173.481
"1587",-3482.564
"1588",-3185.669
"1589",-3336.535
"1590",-3307.284
"1591",-3468.032
"1592",-3252.348
"1593",-3355.714
"1594",-3342.41
"1595",-3402.478
"1596",-3219.44
"1597",-3331.492
"1598",-3237.606
"1599",-3205.835
"1600",-3316.646
"1601",-3276.449
"1602",-3305.555
"1603",-3506.992
"1604",-3085.65
"1605",-3220.739
"1606",-3455.245
"1607",-3220.533
"1608",-3402.152
"1609",-3319.96
"1610",-3409.18
"1611",-3392.669
"1612",-3489.04
"1613",-3493.267
"1614",-3352.235
"1615",-3269.829
"1616",-3357.801
"1617",-3398.984
"1618",-3405.347
"1619",-3380.352
"1620",-3147.454
"1621",-3384.246
"1622",-3032.489
"1623",-3289.465
"1624",-3213.218
"1625",-3403.779
"1626",-3341.568
"1627",-3363.018
"1628",-3005.196
"1629",-3458.893
"1630",-3396.248
"1631",-3326.251
"1632",-3616.371
"1633",-3339.186
"1634",-3468.607
"1635",-3250.979
"1636",-3399.481
"1637",-3387.938
"1638",-3260.369
"1639",-3119.588
"1640",-3187.063
"1641",-3057.858
"1642",-3353.49
"1643",-3511.796
"1644",-3237.837
"1645",-3410.022
"1646",-3429.893
"1647",-3438.532
"1648",-3336.344
"1649",-3288.984
"1650",-3556.808
"1651",-3282.014
"1652",-3293.931
"1653",-3349.007
"1654",-3445.383
"1655",-3471.524
"1656",-3492.031
"1657",-3453.913
"1658",-3235.803
"1659",-3347.325
"1660",-3179.554
"1661",-3186.522
"1662",-3599.494
"1663",-3305.463
"1664",-3273.357
"1665",-3297.495
"1666",-3069.619
"1667",-3254.791
"1668",-3541.596
"1669",-3494.74
"1670",-3343.434
"1671",-3334.764
"1672",-3546.807
"1673",-3292.124
"1674",-3302.264
"1675",-3309.338
"1676",-3531.811
"1677",-3391.698
"1678",-3352.067
"1679",-3188.869
"1680",-3316.574
"1681",-3110.396
"1682",-3199.846
"1683",-3065.27
"1684",-3217.238
"1685",-3398.197
"1686",-3228.272
"1687",-3539.714
"1688",-3158.57
"1689",-3335.774
"1690",-3505.244
"1691",-3379.726
"1692",-3338.241
"1693",-3227.387
"1694",-3195.681
"1695",-3356.916
"1696",-3449.908
"1697",-3314.26
"1698",-3369.697
"1699",-3428.11
"1700",-3443.74
"1701",-3308.91
"1702",-3341.623
"1703",-3527.727
"1704",-3463.248
"1705",-3297.411
"1706",-3547.808
"1707",-3446.532
"1708",-3472.937
"1709",-3332.829
"1710",-3258.391
"1711",-3383.607
"1712",-3481.403
"1713",-3391.58
"1714",-3590.129
"1715",-3602.071
"1716",-3387.256
"1717",-3344.418
"1718",-3327.413
"1719",-3398.262
"1720",-3390.141
"1721",-3517.767
"1722",-3423.27
"1723",-3373.725
"1724",-3379.109
"1725",-3403.061
"1726",-3321.094
"1727",-3288.096
"1728",-3340.437
"1729",-3255.669
"1730",-3524.129
"1731",-3403.43
"1732",-3429.517
"1733",-3323.112
"1734",-3294.952
"1735",-3370.293
"1736",-3411.606
"1737",-3290.471
"1738",-3447.997
"1739",-3236.334
"1740",-3318.662
"1741",-3424.947
"1742",-3464.115
"1743",-3328.481
"1744",-3326.449
"1745",-3452.143
"1746",-3177.005
"1747",-3474.231
"1748",-3670.944
"1749",-3511.409
"1750",-3149.012
"1751",-3268.138
"1752",-3373.108
"1753",-3381.952
"1754",-3108.633
"1755",-3464.258
"1756",-3456.436
"1757",-3345.131
"1758",-3437.358
"1759",-3421.882
"1760",-3203.952
"1761",-3329.129
"1762",-3278.248
"1763",-3249.935
"1764",-3341.876
"1765",-3199.868
"1766",-3253.631
"1767",-3345.959
"1768",-3337.875
"1769",-3345.308
"1770",-3654.43
"1771",-3415.018
"1772",-3382.644
"1773",-3385.66
"1774",-3298.131
"1775",-3360.777
"1776",-3412.108
"1777",-3382.133
"1778",-3385.022
"1779",-3253.168
"1780",-3521.638
"1781",-3321.218
"1782",-3398.134
"1783",-3313.448
"1784",-3221.534
"1785",-3253.84
"1786",-3344.28
"1787",-3347.987
"1788",-3273.799
"1789",-3450.638
"1790",-3193.199
"1791",-3237.609
"1792",-3285.797
"1793",-3366.837
"1794",-3331.424
"1795",-3405.325
"1796",-3384.012
"1797",-3544.071
"1798",-3080.38
"1799",-3445.396
"1800",-3356.312
"1801",-3409.307
"1802",-3272.461
"1803",-3316.839
"1804",-3313.095
"1805",-3346.626
"1806",-3227.949
"1807",-3150.154
"1808",-3408.661
"1809",-3468.366
"1810",-3338.737
"1811",-3349.737
"1812",-3528.269
"1813",-3279.411
"1814",-3276.398
"1815",-3441.576
"1816",-3156.255
"1817",-3249.366
"1818",-3432.347
"1819",-3167.116
"1820",-3263.2
"1821",-3361.601
"1822",-3426.323
"1823",-3342.784
"1824",-3439.363
"1825",-3328.567
"1826",-3229.304
"1827",-3234.663
"1828",-3343.55
"1829",-3438.358
"1830",-3356.033
"1831",-3285.933
"1832",-3274.811
"1833",-3475.715
"1834",-3485.062
"1835",-3256.719
"1836",-3413.166
"1837",-3401.171
"1838",-3351.825
"1839",-3325.841
"1840",-3312.244
"1841",-3292.463
"1842",-3411.459
"1843",-3279.158
"1844",-3456.173
"1845",-3254.306
"1846",-3202.784
"1847",-3353.532
"1848",-3518.855
"1849",-3442.028
"1850",-3300.49
"1851",-3678.114
"1852",-3236.497
"1853",-3297.054
"1854",-3562.14
"1855",-3169.144
"1856",-3304.806
"1857",-3288.695
"1858",-3205.444
"1859",-3393.692
"1860",-3226.545
"1861",-3422.678
"1862",-3136.523
"1863",-3215.87
"1864",-3217.91
"1865",-3328.711
"1866",-3183.983
"1867",-3376.503
"1868",-3476.354
"1869",-3401.297
"1870",-3203.109
"1871",-3390.294
"1872",-3343.856
"1873",-3330.631
"1874",-3302.45
"1875",-3471.158
"1876",-3268.292
"1877",-3359.408
"1878",-3161.816
"1879",-3384.309
"1880",-3325.367
"1881",-3327.508
"1882",-3335.516
"1883",-3254.398
"1884",-3384.522
"1885",-3470.501
"1886",-3297.417
"1887",-3421.375
"1888",-3392.74
"1889",-3556.804
"1890",-3257.981
"1891",-3354.341
"1892",-3289.275
"1893",-3342.297
"1894",-3380.604
"1895",-3375.782
"1896",-3210.294
"1897",-3496.954
"1898",-3244.874
"1899",-3323.356
"1900",-3155.199
"1901",-3348.077
"1902",-3408.866
"1903",-3278.251
"1904",-3336.815
"1905",-3414.42
"1906",-3308.351
"1907",-3127.647
"1908",-3264.183
"1909",-3440.842
"1910",-3510.049
"1911",-3098.493
"1912",-3192.908
"1913",-3561.615
"1914",-3281.754
"1915",-3356.124
"1916",-3133.104
"1917",-3195.244
"1918",-3379.22
"1919",-3457.18
"1920",-3388.094
"1921",-3165.108
"1922",-3406.192
"1923",-3260.534
"1924",-3188.609
"1925",-3367.033
"1926",-3361.405
"1927",-3303.357
"1928",-3328.668
"1929",-3527.04
"1930",-3240.142
"1931",-3354.368
"1932",-3536.825
"1933",-3427.284
"1934",-3295.285
"1935",-3276.155
"1936",-3439.779
"1937",-3295.688
"1938",-3361.387
"1939",-3296.633
"1940",-3515.509
"1941",-3346.968
"1942",-3154.843
"1943",-3349.644
"1944",-3295.902
"1945",-2969.999
"1946",-3507.63
"1947",-3262.207
"1948",-3161.703
"1949",-3502.982
"1950",-3348.768
"1951",-3357.162
"1952",-3645.803
"1953",-3419.848
"1954",-3414.837
"1955",-3368.625
"1956",-3409.929
"1957",-3215.386
"1958",-3459.721
"1959",-3398.589
"1960",-3317.881
"1961",-3433.166
"1962",-3231.301
"1963",-3230.359
"1964",-3282.252
"1965",-3192.208
"1966",-3697.15
"1967",-3528.776
"1968",-3362.671
"1969",-3301.848
"1970",-3450.659
"1971",-3208.973
"1972",-3379.417
"1973",-3647.841
"1974",-3454.076
"1975",-3457.894
"1976",-3368.23
"1977",-3339.225
"1978",-3342.76
"1979",-3177.104
"1980",-3407.292
"1981",-3435.463
"1982",-3272.531
"1983",-3237.118
"1984",-3271.602
"1985",-3236.865
"1986",-3379.366
"1987",-3382.225
"1988",-3476.83
"1989",-3583.973
"1990",-3115.418
"1991",-3248.657
"1992",-3424.99
"1993",-3434.888
"1994",-3289.776
"1995",-3262.434
"1996",-3433.968
"1997",-3459.236
"1998",-3429.751
"1999",-3592.036
"2000",-3305.639
"2001",-3400.117
"2002",-3357.121
"2003",-3279.123
"2004",-3329.325
"2005",-3350.251
"2006",-3470.701
"2007",-3447.581
"2008",-3389.8
"2009",-3298.942
"2010",-3217.482
"2011",-3268.382
"2012",-3336.585
"2013",-3358.07
"2014",-3308.704
"2015",-3281.167
"2016",-3406.378
"2017",-3254.437
"2018",-3373.283
"2019",-3374.768
"2020",-3542.591
"2021",-3380.984
"2022",-3292.188
"2023",-3468.744
"2024",-3272.896
"2025",-3407.929
"2026",-3378.489
"2027",-3486.526
"2028",-3174.333
"2029",-3149.48
"2030",-3349.347
"2031",-3616.377
"2032",-3348.779
"2033",-3165.507
"2034",-3194.19
"2035",-3309.67
"2036",-3399.857
"2037",-3492.946
"2038",-3351.924
"2039",-3252.379
"2040",-3346.371
"2041",-3280.689
"2042",-3106.563
"2043",-3278.516
"2044",-3338.762
"2045",-3500.916
"2046",-3564.34
"2047",-3262.402
"2048",-3502.89
"2049",-3480.324
"2050",-3452.632
"2051",-3531.83
"2052",-3135.552
"2053",-3337.998
"2054",-3557.373
"2055",-3184.932
"2056",-3193.567
"2057",-3379.225
"2058",-3256.163
"2059",-3337.202
"2060",-3419.189
"2061",-3368.696
"2062",-3194.437
"2063",-3275.224
"2064",-3516.926
"2065",-3322.314
"2066",-3289.875
"2067",-3519.102
"2068",-3372.381
"2069",-3424.431
"2070",-3269.095
"2071",-3222.692
"2072",-3460.578
"2073",-3376.873
"2074",-3261.389
"2075",-3353.932
"2076",-3215.878
"2077",-3374.48
"2078",-3207.963
"2079",-3171.941
"2080",-3440.252
"2081",-3211.094
"2082",-3504.865
"2083",-3314.699
"2084",-3375.56
"2085",-3169.501
"2086",-3326.904
"2087",-3357.788
"2088",-3303.963
"2089",-3559.449
"2090",-3248.371
"2091",-3448.29
"2092",-3377.593
"2093",-3578.167
"2094",-3423.981
"2095",-3285.434
"2096",-3322.189
"2097",-3437.757
"2098",-3145.012
"2099",-3370.645
"2100",-3334.82
"2101",-3371.829
"2102",-3531.962
"2103",-3287.464
"2104",-3494.168
"2105",-3449.769
"2106",-3421.355
"2107",-3329.371
"2108",-3361.414
"2109",-3432.289
"2110",-3473.817
"2111",-3293.785
"2112",-3166.392
"2113",-3374.107
"2114",-3328.536
"2115",-3579.542
"2116",-3285.186
"2117",-3515.9
"2118",-3321.837
"2119",-3325.589
"2120",-3370.865
"2121",-3209.533
"2122",-3398.117
"2123",-3448.877
"2124",-3193.392
"2125",-3549.995
"2126",-3256.212
"2127",-3395.759
"2128",-3352.53
"2129",-3413.533
"2130",-3240.955
"2131",-3202.053
"2132",-3318.648
"2133",-3311.422
"2134",-3207.669
"2135",-3446.482
"2136",-3492.207
"2137",-3335.115
"2138",-3333.155
"2139",-3224.976
"2140",-3417.107
"2141",-3477.767
"2142",-3478.927
"2143",-3258.279
"2144",-3416.741
"2145",-3519.168
"2146",-3178.475
"2147",-3618.943
"2148",-3316.916
"2149",-3499.249
"2150",-3312.83
"2151",-3411.968
"2152",-3173.301
"2153",-3391.025
"2154",-3339.319
"2155",-3396.227
"2156",-3287.844
"2157",-3204.289
"2158",-3400.102
"2159",-3284.948
"2160",-3422.987
"2161",-3344.839
"2162",-3280.069
"2163",-3286.877
"2164",-3393.953
"2165",-3127.559
"2166",-3307.345
"2167",-3334.453
"2168",-3378.637
"2169",-3387.834
"2170",-3179.954
"2171",-3231.285
"2172",-3361.205
"2173",-3573.623
"2174",-3301.986
"2175",-3302.734
"2176",-3342.229
"2177",-3260.082
"2178",-3240.414
"2179",-3462.301
"2180",-3274.313
"2181",-3343.323
"2182",-3322.415
"2183",-3052.119
"2184",-3218.731
"2185",-3349.6
"2186",-3581.731
"2187",-3331.721
"2188",-3257.135
"2189",-3146.789
"2190",-3429.934
"2191",-3297.049
"2192",-3347.537
"2193",-3299.506
"2194",-3302.708
"2195",-3480.15
"2196",-3263.293
"2197",-3338.463
"2198",-3338.922
"2199",-3182.084
"2200",-3390.349
"2201",-3464.298
"2202",-3188.72
"2203",-3242.874
"2204",-3414.465
"2205",-3473.765
"2206",-3033.162
"2207",-3285.869
"2208",-3424.108
"2209",-3535.705
"2210",-3398.153
"2211",-3308.354
"2212",-3366.625
"2213",-3406.745
"2214",-3351.721
"2215",-3319.383
"2216",-3446.477
"2217",-3268.871
"2218",-3308.704
"2219",-3518.577
"2220",-3310.315
"2221",-3315.297
"2222",-3060.643
"2223",-3322.947
"2224",-3143.431
"2225",-3378.912
"2226",-3508.644
"2227",-3474.729
"2228",-3392.652
"2229",-3325.477
"2230",-3333.174
"2231",-3495.272
"2232",-3332.741
"2233",-3432.74
"2234",-3361.931
"2235",-3168.092
"2236",-3182.007
"2237",-3366.027
"2238",-3419.172
"2239",-3382.347
"2240",-3203.457
"2241",-3487.609
"2242",-3318.574
"2243",-3469.716
"2244",-3280.595
"2245",-3300.289
"2246",-3302.69
"2247",-3233.77
"2248",-3492.194
"2249",-3356.07
"2250",-3441.096
"2251",-3280.29
"2252",-3386.707
"2253",-3430.407
"2254",-3297.633
"2255",-3192.512
"2256",-3497.787
"2257",-3464.015
"2258",-3273.286
"2259",-3235.388
"2260",-3258.119
"2261",-3319.9
"2262",-3444.637
"2263",-3382.476
"2264",-3390.49
"2265",-3224.809
"2266",-3296.394
"2267",-3390.693
"2268",-3508.909
"2269",-3310.184
"2270",-3465.174
"2271",-3282.924
"2272",-3699.726
"2273",-3311.082
"2274",-3180.574
"2275",-3459.898
"2276",-3365.095
"2277",-3270.837
"2278",-3248.056
"2279",-3434.378
"2280",-3395.157
"2281",-3413.822
"2282",-3285.913
"2283",-3366.866
"2284",-3291.699
"2285",-3457.15
"2286",-3572.42
"2287",-3394.342
"2288",-3374.307
"2289",-3228.544
"2290",-3424.044
"2291",-3342.276
"2292",-3410.753
"2293",-3333.596
"2294",-3444.64
"2295",-3404.195
"2296",-3364.45
"2297",-3234.004
"2298",-3196.177
"2299",-3350.01
"2300",-3365.933
"2301",-3500.283
"2302",-3299.095
"2303",-3366.66
"2304",-3264.153
"2305",-3369.847
"2306",-3246.437
"2307",-3333.966
"2308",-3584.462
"2309",-3495.146
"2310",-3551.94
"2311",-3381.149
"2312",-3447.521
"2313",-3160.916
"2314",-3276.78
"2315",-3435.858
"2316",-3156.496
"2317",-3414.27
"2318",-3540.071
"2319",-3568.368
"2320",-3376.621
"2321",-3075.259
"2322",-3398.132
"2323",-3422.91
"2324",-3469.236
"2325",-3234.754
"2326",-3275.673
"2327",-3268.496
"2328",-3320.024
"2329",-3352.795
"2330",-3199.738
"2331",-3439.347
"2332",-3222.913
"2333",-3222.905
"2334",-3380.44
"2335",-3503.027
"2336",-3315.612
"2337",-3198.942
"2338",-3248.636
"2339",-3359.778
"2340",-3645.942
"2341",-3378.697
"2342",-3178.467
"2343",-3472.666
"2344",-3210.419
"2345",-3356.375
"2346",-3408.913
"2347",-3253.433
"2348",-3395.701
"2349",-3487.864
"2350",-3532.943
"2351",-3364.749
"2352",-3258.868
"2353",-3457.506
"2354",-3303.356
"2355",-3546.367
"2356",-3488.024
"2357",-3320.241
"2358",-3184.472
"2359",-3377.224
"2360",-3247.501
"2361",-3375.222
"2362",-3334.713
"2363",-3180.289
"2364",-3327.18
"2365",-3330.585
"2366",-3384.097
"2367",-3301.058
"2368",-3413.515
"2369",-3344.638
"2370",-3222.119
"2371",-3342.875
"2372",-3185.726
"2373",-3502.359
"2374",-3341.99
"2375",-3436.702
"2376",-3261.28
"2377",-3463.101
"2378",-3296.78
"2379",-3348.145
"2380",-3518.063
"2381",-3451.013
"2382",-3239.941
"2383",-3299.04
"2384",-3316.216
"2385",-3352.369
"2386",-3207.09
"2387",-3266.264
"2388",-3414.259
"2389",-3433.64
"2390",-3411.028
"2391",-3152.874
"2392",-3294.997
"2393",-3440.956
"2394",-3264.827
"2395",-3487.802
"2396",-3485.643
"2397",-3223.965
"2398",-3205.11
"2399",-3346.587
"2400",-3224.66
"2401",-3294.523
"2402",-3499.601
"2403",-3374.167
"2404",-3242.737
"2405",-3205.193
"2406",-3526.029
"2407",-3390.002
"2408",-3274.674
"2409",-3401.851
"2410",-3288.226
"2411",-3163.592
"2412",-3334.275
"2413",-3510.296
"2414",-3287.516
"2415",-3583.435
"2416",-3331.393
"2417",-3100.091
"2418",-3198.083
"2419",-3581.397
"2420",-3355.642
"2421",-3337.219
"2422",-3403.696
"2423",-3344.137
"2424",-3327.714
"2425",-3438.603
"2426",-3478.138
"2427",-3367.679
"2428",-3423.781
"2429",-3354.402
"2430",-3328.734
"2431",-3132.658
"2432",-3313.697
"2433",-3470.83
"2434",-3425.176
"2435",-3366.74
"2436",-3384.422
"2437",-3332.329
"2438",-3235.81
"2439",-3556.517
"2440",-3457.343
"2441",-3327.589
"2442",-3483.218
"2443",-3363.513
"2444",-3490.965
"2445",-3429.22
"2446",-3282.264
"2447",-3249.477
"2448",-3327.163
"2449",-3188.226
"2450",-3082.819
"2451",-3289.78
"2452",-3481.461
"2453",-3324.341
"2454",-3521.296
"2455",-3324.879
"2456",-3315.538
"2457",-3393.661
"2458",-3191.125
"2459",-3389.54
"2460",-3478.446
"2461",-3343.714
"2462",-3678.077
"2463",-3293.959
"2464",-3224.894
"2465",-3360.937
"2466",-3157.258
"2467",-3485.673
"2468",-3569.024
"2469",-3469.06
"2470",-3338.802
"2471",-3331.442
"2472",-3129.259
"2473",-3473.483
"2474",-3319.214
"2475",-3234.096
"2476",-3377.066
"2477",-3492.775
"2478",-3236.26
"2479",-3166.851
"2480",-3548.161
"2481",-3278.021
"2482",-3294.314
"2483",-3134.479
"2484",-3323.409
"2485",-3366.78
"2486",-3417.777
"2487",-3400.564
"2488",-3328.345
"2489",-3426.782
"2490",-3534.053
"2491",-3414.787
"2492",-3421.692
"2493",-3498.031
"2494",-3330.75
"2495",-3438.109
"2496",-3441.995
"2497",-3299.153
"2498",-3466.145
"2499",-3337.429
"2500",-3358.767
"2501",-3482.997
"2502",-3138.233
"2503",-3532.878
"2504",-3241.076
"2505",-3608.686
"2506",-3333.284
"2507",-3300.339
"2508",-3258.346
"2509",-3450.925
"2510",-3430.535
"2511",-3452.23
"2512",-3188.376
"2513",-3472.788
"2514",-3449.449
"2515",-3382.23
"2516",-3274.16
"2517",-3345.97
"2518",-3176.705
"2519",-3236.798
"2520",-3482.605
"2521",-3223.801
"2522",-3402.663
"2523",-3363.152
"2524",-3245.162
"2525",-3272.906
"2526",-3494.161
"2527",-3359.823
"2528",-3341.187
"2529",-3281.654
"2530",-3249.576
"2531",-3315.302
"2532",-3556.257
"2533",-3175.589
"2534",-3415.972
"2535",-3385.22
"2536",-3405.029
"2537",-3448.933
"2538",-3337.102
"2539",-3267.356
"2540",-3384.876
"2541",-3395.647
"2542",-3399.968
"2543",-3481.695
"2544",-3380.01
"2545",-3345.724
"2546",-3475.533
"2547",-3483.097
"2548",-3286.731
"2549",-3340.094
"2550",-3198.323
"2551",-3296.024
"2552",-3263.967
"2553",-3301.427
"2554",-3432.597
"2555",-3511.482
"2556",-3289.396
"2557",-3408.898
"2558",-3546.854
"2559",-3277.999
"2560",-3078.356
"2561",-3275.37
"2562",-3209.639
"2563",-3408.812
"2564",-3336.637
"2565",-3466.308
"2566",-3401.239
"2567",-3589.503
"2568",-3280.504
"2569",-3267.965
"2570",-3447.45
"2571",-3319.608
"2572",-3314.847
"2573",-3349.895
"2574",-3324.332
"2575",-3431.29
"2576",-3312.864
"2577",-3234.985
"2578",-3329.679
"2579",-3423.018
"2580",-3559.04
"2581",-3381.539
"2582",-3010.706
"2583",-3312.241
"2584",-3108.956
"2585",-3482.068
"2586",-3163.801
"2587",-3188.444
"2588",-3354.454
"2589",-3297.321
"2590",-3179.485
"2591",-3159.255
"2592",-3328.569
"2593",-3377.048
"2594",-3196.821
"2595",-3255.522
"2596",-3353.593
"2597",-3300.376
"2598",-3547.858
"2599",-3336.419
"2600",-3274.094
"2601",-3035.94
"2602",-3458.377
"2603",-3345.598
"2604",-3284.601
"2605",-3368.183
"2606",-3270.292
"2607",-3278.88
"2608",-3216.565
"2609",-3274.006
"2610",-3254.175
"2611",-3298.441
"2612",-3200.009
"2613",-3426.048
"2614",-3318.43
"2615",-3185.39
"2616",-3429.122
"2617",-3096.623
"2618",-3263.439
"2619",-3404.242
"2620",-3462.575
"2621",-3245.803
"2622",-3243.85
"2623",-3270.129
"2624",-3313.523
"2625",-3104.274
"2626",-3456.068
"2627",-3365.186
"2628",-3431.429
"2629",-3504.032
"2630",-3418.688
"2631",-3293.336
"2632",-3488.883
"2633",-3330.256
"2634",-3215.555
"2635",-3144.105
"2636",-3298.275
"2637",-3287.789
"2638",-3517.445
"2639",-3547.618
"2640",-3167.393
"2641",-3283.676
"2642",-3252.682
"2643",-3490.004
"2644",-3260.028
"2645",-3363.263
"2646",-3271.525
"2647",-3192.559
"2648",-3609.651
"2649",-3214.539
"2650",-3544.027
"2651",-3256.632
"2652",-3376.828
"2653",-3400.693
"2654",-3395.821
"2655",-3540.27
"2656",-3484.921
"2657",-3501.05
"2658",-3200.007
"2659",-3465.977
"2660",-3365.185
"2661",-3227.267
"2662",-3417.595
"2663",-3193.918
"2664",-3417.601
"2665",-3274.25
"2666",-3341.395
"2667",-3488.226
"2668",-3147.646
"2669",-3346.557
"2670",-3506.509
"2671",-3312.631
"2672",-3321.138
"2673",-3100.992
"2674",-3336.467
"2675",-3458.745
"2676",-3441.797
"2677",-3340.796
"2678",-3309.738
"2679",-3281.452
"2680",-3360.8
"2681",-3468.049
"2682",-3384.928
"2683",-3273.031
"2684",-3352.606
"2685",-3188.131
"2686",-3365.545
"2687",-3463.565
"2688",-3359.664
"2689",-3368.364
"2690",-3476.975
"2691",-3252.016
"2692",-3318.023
"2693",-3236.857
"2694",-3254.189
"2695",-3360.096
"2696",-3250.972
"2697",-3168.369
"2698",-3400.835
"2699",-3231.231
"2700",-3106.825
"2701",-3409.645
"2702",-3525.263
"2703",-3425.808
"2704",-3372.009
"2705",-3599.95
"2706",-3386.925
"2707",-3201.345
"2708",-3321.562
"2709",-3343.767
"2710",-3308.687
"2711",-3359.45
"2712",-3326.264
"2713",-3281.893
"2714",-3519.189
"2715",-3145.123
"2716",-3322.26
"2717",-3288.81
"2718",-3499.001
"2719",-3430.124
"2720",-3424.7
"2721",-3308.691
"2722",-3331.187
"2723",-3422.184
"2724",-3318.618
"2725",-3411.904
"2726",-3432.357
"2727",-3453.26
"2728",-3411.015
"2729",-3164.448
"2730",-3369.238
"2731",-3408.969
"2732",-3390.24
"2733",-3297.154
"2734",-3468.443
"2735",-3242.559
"2736",-3530.116
"2737",-3370.383
"2738",-3442.345
"2739",-3319.092
"2740",-3384.628
"2741",-3569.882
"2742",-3188.726
"2743",-3255.962
"2744",-3216.203
"2745",-3214.002
"2746",-3559.242
"2747",-3373.834
"2748",-3407.405
"2749",-3296.9
"2750",-3487.656
"2751",-3309.194
"2752",-3160.902
"2753",-3281.121
"2754",-3309.852
"2755",-3259.707
"2756",-3077.024
"2757",-3460.699
"2758",-3433.03
"2759",-3391.669
"2760",-3366.307
"2761",-3195.798
"2762",-3289.12
"2763",-3408.782
"2764",-3515.799
"2765",-3206.996
"2766",-3443.172
"2767",-3404.34
"2768",-3437.474
"2769",-3619.465
"2770",-3444.401
"2771",-3228.544
"2772",-3371.214
"2773",-3385.076
"2774",-3524.882
"2775",-3212.582
"2776",-3534.809
"2777",-3370.773
"2778",-3238.222
"2779",-3311.943
"2780",-3472.7
"2781",-3279.957
"2782",-3373.928
"2783",-3505.031
"2784",-3508.536
"2785",-3161.956
"2786",-3364.949
"2787",-3167.926
"2788",-3386.585
"2789",-3527.35
"2790",-3253.77
"2791",-3346.574
"2792",-3396.249
"2793",-3390.526
"2794",-3353.893
"2795",-3013.566
"2796",-3403.022
"2797",-3481.719
"2798",-3401.381
"2799",-3176.301
"2800",-3478.064
"2801",-3519.694
"2802",-3207.761
"2803",-3102.092
"2804",-3267.223
"2805",-3266.539
"2806",-3288.676
"2807",-3485.575
"2808",-3303.188
"2809",-3373.313
"2810",-3444.293
"2811",-3369.698
"2812",-3198.923
"2813",-3441.799
"2814",-3337.025
"2815",-3223.593
"2816",-3197.852
"2817",-3289.714
"2818",-3248.484
"2819",-3457.471
"2820",-3268.656
"2821",-3218.633
"2822",-3677.637
"2823",-3255.773
"2824",-3505.697
"2825",-3340.228
"2826",-3159.825
"2827",-3536.763
"2828",-3123.899
"2829",-3530.825
"2830",-3195.842
"2831",-3342.974
"2832",-3294.204
"2833",-3245.648
"2834",-3246.99
"2835",-3342.948
"2836",-3502.641
"2837",-3420.181
"2838",-3272.45
"2839",-3131.6
"2840",-3495.986
"2841",-3428.621
"2842",-3478.035
"2843",-3185.063
"2844",-3343.574
"2845",-3507.999
"2846",-3304.585
"2847",-3298.827
"2848",-3547.041
"2849",-3307.358
"2850",-3300.057
"2851",-3244.176
"2852",-3313.839
"2853",-3242.289
"2854",-3386.788
"2855",-3466.452
"2856",-3469.639
"2857",-3446.585
"2858",-3379.381
"2859",-3270.646
"2860",-3302.391
"2861",-3268.688
"2862",-3356.343
"2863",-3348.205
"2864",-3267.183
"2865",-3528.414
"2866",-3237.829
"2867",-3425.622
"2868",-3320.12
"2869",-3221.229
"2870",-3343.76
"2871",-3399.307
"2872",-3073.301
"2873",-3324.644
"2874",-3429.856
"2875",-3460.477
"2876",-3437
"2877",-3328.395
"2878",-3388.071
"2879",-3324.497
"2880",-3460.564
"2881",-3308.177
"2882",-3379.649
"2883",-3441.42
"2884",-3368.857
"2885",-3335.167
"2886",-3473.468
"2887",-3305.365
"2888",-3427.075
"2889",-3290.317
"2890",-3340.681
"2891",-3404.947
"2892",-3326.062
"2893",-3479.043
"2894",-3517.235
"2895",-3136.064
"2896",-3293.593
"2897",-3252.915
"2898",-3535.865
"2899",-3477.4
"2900",-3504.796
"2901",-3240.526
"2902",-3518.383
"2903",-3234.502
"2904",-3367.78
"2905",-3228.585
"2906",-3471.766
"2907",-3352.115
"2908",-3276.281
"2909",-3501.353
"2910",-3393.012
"2911",-3212.764
"2912",-3451.495
"2913",-3556.988
"2914",-3170.808
"2915",-3442.92
"2916",-3300.903
"2917",-3174.269
"2918",-3334.062
"2919",-3423.704
"2920",-3271.622
"2921",-3289.904
"2922",-3332.757
"2923",-3571.829
"2924",-3386.511
"2925",-3171.24
"2926",-3041.583
"2927",-3526.342
"2928",-3333.867
"2929",-3275.141
"2930",-3311.929
"2931",-3498.005
"2932",-3224.195
"2933",-3178.393
"2934",-3404.056
"2935",-3482.324
"2936",-3491.096
"2937",-3368.785
"2938",-3466.695
"2939",-3325.957
"2940",-3447.877
"2941",-3272.75
"2942",-3261.887
"2943",-3365.967
"2944",-3603.182
"2945",-3342.456
"2946",-3356.974
"2947",-3390.906
"2948",-3290.713
"2949",-3432.242
"2950",-3177.135
"2951",-3213.622
"2952",-3355.799
"2953",-3354.379
"2954",-3429.301
"2955",-3275.783
"2956",-3321.058
"2957",-3386.561
"2958",-3504.502
"2959",-3410.435
"2960",-3327.452
"2961",-3255.435
"2962",-3308.983
"2963",-3474.118
"2964",-3367.462
"2965",-3421.794
"2966",-3137.756
"2967",-3210.041
"2968",-3376.284
"2969",-3395.887
"2970",-3416.364
"2971",-3381.005
"2972",-3228.832
"2973",-3283.21
"2974",-3245.703
"2975",-3180.404
"2976",-3412.785
"2977",-3301.687
"2978",-3461.727
"2979",-3239.337
"2980",-3384.977
"2981",-3337.206
"2982",-3393.14
"2983",-3423.48
"2984",-3434.918
"2985",-3418.309
"2986",-3119.001
"2987",-3354.836
"2988",-3262.754
"2989",-3368.046
"2990",-3463.471
"2991",-3288.545
"2992",-3408.446
"2993",-3361.702
"2994",-3274.594
"2995",-3106.076
"2996",-3193.282
"2997",-3201.553
"2998",-3448.757
"2999",-3097.493
"3000",-3268.907
"3001",-3395.217
"3002",-3343.207
"3003",-3240.303
"3004",-3290.835
"3005",-3463.624
"3006",-3405.265
"3007",-3274.34
"3008",-3238.007
"3009",-3472.566
"3010",-3184.09
"3011",-3513.592
"3012",-3310.736
"3013",-3235.09
"3014",-3236.646
"3015",-3366.969
"3016",-3240.909
"3017",-3265.706
"3018",-3325.147
"3019",-3320.983
"3020",-3300.714
"3021",-3382.348
"3022",-3535.323
"3023",-3314.637
"3024",-3397.507
"3025",-3168.141
"3026",-3384.985
"3027",-3217.089
"3028",-3392.666
"3029",-3222.664
"3030",-3514.517
"3031",-3274.516
"3032",-3338.399
"3033",-3329.771
"3034",-3065.083
"3035",-3223.419
"3036",-3223.958
"3037",-3329.068
"3038",-3382.559
"3039",-3169.471
"3040",-3151.664
"3041",-3436.16
"3042",-3092.671
"3043",-3326.685
"3044",-3226.131
"3045",-3471.08
"3046",-3489.146
"3047",-3469.35
"3048",-3391.923
"3049",-3611.328
"3050",-3338.006
"3051",-3266.531
"3052",-3395.797
"3053",-3459.532
"3054",-3059.165
"3055",-3435.538
"3056",-3300.23
"3057",-3323.318
"3058",-3216.819
"3059",-3537.49
"3060",-3416.042
"3061",-3347.277
"3062",-3199.629
"3063",-3481.649
"3064",-3287.942
"3065",-3355.997
"3066",-3404.803
"3067",-3286.753
"3068",-3151.259
"3069",-3322.502
"3070",-3224.437
"3071",-3462.996
"3072",-3487.628
"3073",-3338.225
"3074",-3325.169
"3075",-3111.56
"3076",-3300.926
"3077",-3310.741
"3078",-3505.708
"3079",-3228.415
"3080",-3296.152
"3081",-3462.476
"3082",-3562.988
"3083",-3282.132
"3084",-3561.357
"3085",-3215.823
"3086",-3257.643
"3087",-3475.539
"3088",-3511.842
"3089",-3363.291
"3090",-3248.74
"3091",-3037.843
"3092",-3545.387
"3093",-3331.825
"3094",-3385.563
"3095",-3392.387
"3096",-3262.501
"3097",-3317.604
"3098",-3434.844
"3099",-3107.946
"3100",-3293.063
"3101",-3531.334
"3102",-3416.206
"3103",-3573.386
"3104",-3149.996
"3105",-3377.109
"3106",-3257.194
"3107",-3371.37
"3108",-3231.676
"3109",-3447.495
"3110",-3230.869
"3111",-3225.453
"3112",-3382.37
"3113",-3218.477
"3114",-3597.648
"3115",-3359.903
"3116",-3328.856
"3117",-3368.018
"3118",-3365.557
"3119",-3374.329
"3120",-3285.295
"3121",-3339.992
"3122",-3448.748
"3123",-3431.087
"3124",-3179.738
"3125",-3236.034
"3126",-3505.426
"3127",-3280.781
"3128",-3419.635
"3129",-3393.387
"3130",-3210.076
"3131",-3300.626
"3132",-3229.435
"3133",-3330.909
"3134",-3489.272
"3135",-3371.936
"3136",-3396.945
"3137",-3514.807
"3138",-3464.539
"3139",-3302.231
"3140",-3480.141
"3141",-3492.315
"3142",-3474.526
"3143",-3275.603
"3144",-3368.268
"3145",-3244.016
"3146",-3328.014
"3147",-3374.473
"3148",-3363.64
"3149",-3286.845
"3150",-3477.174
"3151",-3256.23
"3152",-3167.682
"3153",-3441.021
"3154",-3501.382
"3155",-3402.353
"3156",-3131.041
"3157",-3539.177
"3158",-3176.897
"3159",-3325.87
"3160",-3496.765
"3161",-3437.84
"3162",-3531.691
"3163",-3141.431
"3164",-3477.825
"3165",-3481.796
"3166",-3298.891
"3167",-3238.679
"3168",-3243.866
"3169",-3357.518
"3170",-3317.2
"3171",-3432.666
"3172",-3495.216
"3173",-3379.914
"3174",-3415.549
"3175",-3383.462
"3176",-3486.087
"3177",-3378.033
"3178",-3323.361
"3179",-3427.284
"3180",-3334.113
"3181",-3341.161
"3182",-3406.026
"3183",-3344.421
"3184",-3349.698
"3185",-3460.531
"3186",-3211.817
"3187",-3220.934
"3188",-3528.072
"3189",-3157.394
"3190",-3611.377
"3191",-3360.66
"3192",-3426.958
"3193",-3264.207
"3194",-3283.863
"3195",-3430.77
"3196",-3215.838
"3197",-3199.926
"3198",-3425.393
"3199",-3383.139
"3200",-3475.284
"3201",-3323.227
"3202",-3240.25
"3203",-3355.344
"3204",-3230.916
"3205",-3237.539
"3206",-3184.488
"3207",-3309.63
"3208",-3340.615
"3209",-3289.074
"3210",-3191.076
"3211",-3182.942
"3212",-3188.768
"3213",-3152.75
"3214",-3411.32
"3215",-3315.045
"3216",-3111.475
"3217",-3284.447
"3218",-3287.921
"3219",-3060.716
"3220",-3414.01
"3221",-3373.412
"3222",-3365.268
"3223",-3378.964
"3224",-3334.341
"3225",-3295.926
"3226",-3480.529
"3227",-3282.998
"3228",-3288
"3229",-3274.822
"3230",-3198.807
"3231",-3322.272
"3232",-3269.862
"3233",-3389.058
"3234",-3295.341
"3235",-3508.405
"3236",-3219.376
"3237",-3577.547
"3238",-3416.86
"3239",-3168.256
"3240",-3445.819
"3241",-3425.508
"3242",-3420.185
"3243",-3278.629
"3244",-3226.999
"3245",-3260.957
"3246",-3420.346
"3247",-3325.422
"3248",-3195.195
"3249",-3454.023
"3250",-3246.309
"3251",-3345.319
"3252",-3319.642
"3253",-3434.501
"3254",-3314.83
"3255",-3478.936
"3256",-3239.095
"3257",-3345.188
"3258",-3246.758
"3259",-3334.551
"3260",-3299.346
"3261",-3270.458
"3262",-3259.209
"3263",-3469.425
"3264",-3277.687
"3265",-3515.944
"3266",-3361.445
"3267",-3205.267
"3268",-3235.216
"3269",-3544.766
"3270",-3242.062
"3271",-3285.139
"3272",-3331.46
"3273",-3575.289
"3274",-3381.11
"3275",-3324.228
"3276",-3226.631
"3277",-3458.361
"3278",-3436.981
"3279",-3501.511
"3280",-3282.44
"3281",-3210.345
"3282",-3273.409
"3283",-3428.718
"3284",-3378.549
"3285",-3716.352
"3286",-3504.278
"3287",-3190.545
"3288",-3370.219
"3289",-3374.255
"3290",-3427.671
"3291",-3653.848
"3292",-3347.832
"3293",-3248.099
"3294",-3396.604
"3295",-3545.036
"3296",-3378.205
"3297",-3335.036
"3298",-3383.211
"3299",-3466.731
"3300",-3472.715
"3301",-3360.622
"3302",-3283.565
"3303",-3345.266
"3304",-3314.08
"3305",-3311.995
"3306",-3181.868
"3307",-3186.145
"3308",-3310.4
"3309",-3342.308
"3310",-3391.353
"3311",-3389.618
"3312",-3223.915
"3313",-3271.517
"3314",-3518.518
"3315",-3267.077
"3316",-3398.112
"3317",-3203.442
"3318",-3247.242
"3319",-3459.095
"3320",-3234.211
"3321",-3382.85
"3322",-3475.552
"3323",-3343.484
"3324",-3492.655
"3325",-3270.408
"3326",-3217.62
"3327",-3394.233
"3328",-3091.183
"3329",-3352.3
"3330",-3613.219
"3331",-3358.887
"3332",-3055.893
"3333",-3537.191
"3334",-3384.922
"3335",-3350.799
"3336",-3546.534
"3337",-3351.546
"3338",-3350.778
"3339",-3458.102
"3340",-3022.316
"3341",-3380.703
"3342",-3503.675
"3343",-3624.415
"3344",-3454.806
"3345",-3245.859
"3346",-3573.799
"3347",-3492.858
"3348",-3302.916
"3349",-3404.225
"3350",-3298.556
"3351",-3517.153
"3352",-3342.058
"3353",-3445.332
"3354",-3206.133
"3355",-3262.933
"3356",-3392.267
"3357",-3166.464
"3358",-3326.001
"3359",-3417.643
"3360",-3438.867
"3361",-3193.418
"3362",-3143.785
"3363",-3438.696
"3364",-3303.871
"3365",-3174.724
"3366",-3447.778
"3367",-3323.86
"3368",-3383.968
"3369",-3206.355
"3370",-3466.629
"3371",-3280.566
"3372",-3355.302
"3373",-3495.646
"3374",-3275.397
"3375",-3468.734
"3376",-3066.022
"3377",-3201.753
"3378",-3268.992
"3379",-3252.385
"3380",-3344.877
"3381",-3321.511
"3382",-3454.308
"3383",-3416.389
"3384",-3295.654
"3385",-3442.001
"3386",-3096.219
"3387",-3353.168
"3388",-3184.637
"3389",-3439.099
"3390",-3312.723
"3391",-3453.855
"3392",-3359.39
"3393",-3363.973
"3394",-3462.746
"3395",-3380.529
"3396",-3367.177
"3397",-3350.067
"3398",-3230.393
"3399",-3461.847
"3400",-3500.805
"3401",-3440.698
"3402",-3439.974
"3403",-3441.985
"3404",-3410.816
"3405",-3357.591
"3406",-3348.7
"3407",-3350.117
"3408",-3198.894
"3409",-3269.022
"3410",-3455.739
"3411",-3374.436
"3412",-3290.507
"3413",-3266.868
"3414",-3462.466
"3415",-3492.967
"3416",-3189.945
"3417",-3289.964
"3418",-3424.004
"3419",-3482.769
"3420",-3483.812
"3421",-3510.109
"3422",-3255.95
"3423",-3264.97
"3424",-3385.739
"3425",-3053.016
"3426",-3104.654
"3427",-3383.976
"3428",-3039.867
"3429",-3347.708
"3430",-3109.185
"3431",-3443.268
"3432",-3460.509
"3433",-3287.157
"3434",-3255.872
"3435",-3269.043
"3436",-3456.376
"3437",-3183.326
"3438",-3253.546
"3439",-3285.896
"3440",-3350.825
"3441",-3407.49
"3442",-3285.729
"3443",-3391.497
"3444",-3358.7
"3445",-3400.637
"3446",-3355.131
"3447",-3257.659
"3448",-3400.201
"3449",-3375.383
"3450",-3357.689
"3451",-3216.603
"3452",-3519.976
"3453",-3384.907
"3454",-3330.497
"3455",-3550.63
"3456",-3331.71
"3457",-3139.112
"3458",-3377.164
"3459",-3508.013
"3460",-3291.15
"3461",-3486.227
"3462",-3600.067
"3463",-3290.529
"3464",-3464.818
"3465",-3404.228
"3466",-3506.786
"3467",-3573.562
"3468",-3300.985
"3469",-3207.573
"3470",-3304.084
"3471",-3246.786
"3472",-3360.851
"3473",-3335.125
"3474",-3336.685
"3475",-3386.353
"3476",-3327.34
"3477",-3239.839
"3478",-3423.228
"3479",-3304.226
"3480",-3353.112
"3481",-3212.728
"3482",-3446.796
"3483",-3255.993
"3484",-3143.461
"3485",-3375.841
"3486",-3405.639
"3487",-3402.069
"3488",-3476.266
"3489",-3271.997
"3490",-3391.044
"3491",-3458.522
"3492",-3344.497
"3493",-3142.993
"3494",-3398.3
"3495",-3397.543
"3496",-3560.61
"3497",-3508.452
"3498",-3292.291
"3499",-3391.736
"3500",-3321.694
"3501",-3550.532
"3502",-3670.212
"3503",-3277.627
"3504",-3308.762
"3505",-3372.341
"3506",-3438.062
"3507",-3434.159
"3508",-3295.281
"3509",-3317.709
"3510",-3382.64
"3511",-3398.639
"3512",-3360.374
"3513",-3570.191
"3514",-3366.14
"3515",-3367.567
"3516",-3253.759
"3517",-3281.28
"3518",-3350.59
"3519",-3570.906
"3520",-3176.655
"3521",-3262.251
"3522",-3290.076
"3523",-3440.875
"3524",-3437.954
"3525",-3330.846
"3526",-3250.961
"3527",-3453.086
"3528",-3475.902
"3529",-3190.5
"3530",-3656.08
"3531",-3298.66
"3532",-3570.837
"3533",-3288.466
"3534",-3580.578
"3535",-3234.731
"3536",-3292.249
"3537",-3302.598
"3538",-3186.396
"3539",-3468.404
"3540",-3456.269
"3541",-3359.899
"3542",-3286.345
"3543",-3415.634
"3544",-3380.708
"3545",-3174.191
"3546",-3290.809
"3547",-3355.6
"3548",-3262.397
"3549",-3514.2
"3550",-3333.557
"3551",-3257.402
"3552",-3277.245
"3553",-3273.957
"3554",-3270.115
"3555",-3325.961
"3556",-3526.639
"3557",-3469.526
"3558",-3399.948
"3559",-3145.828
"3560",-3271.324
"3561",-3264.501
"3562",-3398.873
"3563",-3339.917
"3564",-3605.012
"3565",-3191.18
"3566",-3312.108
"3567",-3391.619
"3568",-3563.855
"3569",-3176.821
"3570",-3370.534
"3571",-3382.053
"3572",-3306.643
"3573",-3538.931
"3574",-3319.39
"3575",-3255.015
"3576",-3420.369
"3577",-3286.455
"3578",-3358.981
"3579",-3303.882
"3580",-3429.607
"3581",-3231.551
"3582",-3340.118
"3583",-3554.894
"3584",-3360.033
"3585",-3334.122
"3586",-3250.073
"3587",-3301.504
"3588",-3428.572
"3589",-3351.593
"3590",-3220.467
"3591",-3258.312
"3592",-3492.408
"3593",-3362.639
"3594",-3268.554
"3595",-3561.308
"3596",-3350.322
"3597",-3386.424
"3598",-3552.343
"3599",-3433.183
"3600",-3319.575
"3601",-3201.52
"3602",-3598.316
"3603",-3347.425
"3604",-3160.995
"3605",-3291.822
"3606",-3393.629
"3607",-3321.395
"3608",-3368.3
"3609",-3306.806
"3610",-3438.775
"3611",-3292.413
"3612",-3240.283
"3613",-3369.308
"3614",-3388.941
"3615",-3284.659
"3616",-3327.281
"3617",-3283.171
"3618",-3308.764
"3619",-3344.829
"3620",-3183.971
"3621",-3544.991
"3622",-3400.388
"3623",-3417.224
"3624",-3329.911
"3625",-3275.556
"3626",-3321.065
"3627",-3317.746
"3628",-3086.095
"3629",-3282.057
"3630",-3358.251
"3631",-3412.143
"3632",-3166.59
"3633",-3300.547
"3634",-3493.552
"3635",-3400.853
"3636",-3405.772
"3637",-3417.895
"3638",-3261.106
"3639",-3232.226
"3640",-3259.621
"3641",-3093.053
"3642",-3133.945
"3643",-3625.682
"3644",-3278.681
"3645",-3329.976
"3646",-3199.08
"3647",-3428.115
"3648",-3550.858
"3649",-3270.007
"3650",-3400.851
"3651",-3276.849
"3652",-3350.382
"3653",-3236.864
"3654",-3449.427
"3655",-3459.103
"3656",-3265.595
"3657",-3672.904
"3658",-3298.649
"3659",-3656.019
"3660",-3244.158
"3661",-3516.984
"3662",-3397.425
"3663",-3281.647
"3664",-3570.892
"3665",-3295.028
"3666",-3364.465
"3667",-3401.471
"3668",-3288.759
"3669",-3366.133
"3670",-3388.331
"3671",-3393.546
"3672",-3449.515
"3673",-3495.287
"3674",-3320.637
"3675",-3362.81
"3676",-3275.643
"3677",-3441.828
"3678",-3276.736
"3679",-3319.36
"3680",-3325.549
"3681",-3408.337
"3682",-3508.631
"3683",-3169.481
"3684",-3228.06
"3685",-3506.101
"3686",-3433.926
"3687",-3188.023
"3688",-3435.834
"3689",-3224.74
"3690",-3271.37
"3691",-3420.468
"3692",-3412.467
"3693",-3409.974
"3694",-3293.085
"3695",-3310.431
"3696",-3253.024
"3697",-3296.335
"3698",-3289.157
"3699",-3294.806
"3700",-3410.919
"3701",-3338.419
"3702",-3212.394
"3703",-3176.579
"3704",-3404.066
"3705",-3257.464
"3706",-3318.367
"3707",-3386.678
"3708",-3497.769
"3709",-3597.141
"3710",-3238.774
"3711",-3327.895
"3712",-3339.334
"3713",-3378.873
"3714",-3758.519
"3715",-3270.822
"3716",-3170.816
"3717",-3407.126
"3718",-3475.144
"3719",-3314.042
"3720",-3293.841
"3721",-3372.213
"3722",-3608.381
"3723",-3365.531
"3724",-3232.584
"3725",-3382.3
"3726",-3401.704
"3727",-3422.57
"3728",-3096.744
"3729",-3405.301
"3730",-3374.429
"3731",-3394.088
"3732",-3230.247
"3733",-3256.364
"3734",-3412.642
"3735",-3384.74
"3736",-3248.994
"3737",-3472.629
"3738",-3441.128
"3739",-3446.653
"3740",-3224.301
"3741",-3146.187
"3742",-3488.412
"3743",-3319.688
"3744",-3485.885
"3745",-3521.422
"3746",-3241.141
"3747",-3461.899
"3748",-3308.816
"3749",-3562.228
"3750",-3324.823
"3751",-3324.25
"3752",-3406.399
"3753",-3301.449
"3754",-3280.001
"3755",-3080.625
"3756",-3605.755
"3757",-3301.548
"3758",-3425.629
"3759",-3435.121
"3760",-3350.461
"3761",-3243.045
"3762",-3510.603
"3763",-3361.57
"3764",-3253.112
"3765",-3557.21
"3766",-3279.517
"3767",-3420.741
"3768",-3358.652
"3769",-3325.614
"3770",-3165.018
"3771",-3151.693
"3772",-3346.178
"3773",-3399.357
"3774",-3334.603
"3775",-3420.625
"3776",-3167.15
"3777",-3440.374
"3778",-3378.496
"3779",-3203.276
"3780",-3093.224
"3781",-3552.901
"3782",-3367.386
"3783",-3433.048
"3784",-3272.849
"3785",-3459.347
"3786",-3466.517
"3787",-3375.808
"3788",-3384.99
"3789",-3380.494
"3790",-3271.113
"3791",-3294.694
"3792",-3338.045
"3793",-3350.746
"3794",-3424.817
"3795",-3367.649
"3796",-3360.828
"3797",-3514.855
"3798",-3080.658
"3799",-3315.486
"3800",-3218.705
"3801",-3497.6
"3802",-3229.546
"3803",-3351.851
"3804",-3380.358
"3805",-3227.521
"3806",-3314.595
"3807",-3301.939
"3808",-3433.661
"3809",-3242.896
"3810",-3411.356
"3811",-3058.541
"3812",-3422.805
"3813",-3280.727
"3814",-3375.544
"3815",-3561.643
"3816",-3346.982
"3817",-3360.153
"3818",-3224.319
"3819",-3365.631
"3820",-3237.217
"3821",-3679.02
"3822",-3322.121
"3823",-3445.094
"3824",-3332.761
"3825",-3503.601
"3826",-3444.827
"3827",-3550.402
"3828",-3366.806
"3829",-3177.414
"3830",-3456.435
"3831",-3421.048
"3832",-3259.129
"3833",-3212.59
"3834",-3310.088
"3835",-3295.595
"3836",-3241.621
"3837",-3243.48
"3838",-3255.689
"3839",-3457.394
"3840",-3443
"3841",-3453.942
"3842",-3220.756
"3843",-3369.819
"3844",-3437.821
"3845",-3321.242
"3846",-3479.214
"3847",-3411.406
"3848",-3405.642
"3849",-3279.664
"3850",-3507.759
"3851",-3329.689
"3852",-3198.609
"3853",-3253.125
"3854",-3393.787
"3855",-3374.774
"3856",-3422.365
"3857",-3216.867
"3858",-3539.637
"3859",-3187.139
"3860",-3157.151
"3861",-3383.689
"3862",-3491.99
"3863",-3346.413
"3864",-3229.86
"3865",-3370.751
"3866",-3500.005
"3867",-3202.713
"3868",-3300.457
"3869",-3418.058
"3870",-3338.021
"3871",-3170.37
"3872",-3267.777
"3873",-3311.735
"3874",-3398.988
"3875",-3450.592
"3876",-3326.002
"3877",-3277.701
"3878",-3230.698
"3879",-3346.74
"3880",-3417.04
"3881",-3538.096
"3882",-3481.226
"3883",-3337.405
"3884",-3442.085
"3885",-3511.655
"3886",-3543.419
"3887",-3358.979
"3888",-3407.821
"3889",-3407.096
"3890",-3296.724
"3891",-3241.975
"3892",-3438.57
"3893",-3321.406
"3894",-3364.873
"3895",-3454.173
"3896",-3272.294
"3897",-3222.075
"3898",-3312.065
"3899",-3231.434
"3900",-3404.696
"3901",-3316.666
"3902",-3582.89
"3903",-3205.863
"3904",-3117.713
"3905",-3500.282
"3906",-3352.858
"3907",-3183.347
"3908",-3253.185
"3909",-3410.632
"3910",-3306.323
"3911",-3461.986
"3912",-3131.557
"3913",-3498.966
"3914",-3304.054
"3915",-3246.836
"3916",-3261.087
"3917",-3349.826
"3918",-3403.819
"3919",-3180.587
"3920",-3140.438
"3921",-3265.066
"3922",-3215.226
"3923",-3552.244
"3924",-3362.472
"3925",-3430.718
"3926",-3481.088
"3927",-3231.259
"3928",-3401.949
"3929",-3593.383
"3930",-3416.933
"3931",-3303.75
"3932",-3398.417
"3933",-3358.684
"3934",-3409.974
"3935",-3372.151
"3936",-3415.966
"3937",-3380.533
"3938",-3227.025
"3939",-3207.004
"3940",-3225.891
"3941",-3283.182
"3942",-3406.916
"3943",-3199.136
"3944",-3257.308
"3945",-3469.383
"3946",-3291.866
"3947",-3478.486
"3948",-3211.057
"3949",-3307.889
"3950",-3380.953
"3951",-3171.288
"3952",-3422.491
"3953",-3161.514
"3954",-3306.731
"3955",-3344.138
"3956",-3283.407
"3957",-3604.236
"3958",-3262.873
"3959",-3281.688
"3960",-3523.654
"3961",-3218.911
"3962",-3401.037
"3963",-3248.151
"3964",-3427.266
"3965",-3157.145
"3966",-3381.808
"3967",-3155.99
"3968",-3112.257
"3969",-3372.381
"3970",-2931.552
"3971",-3290.1
"3972",-3222.609
"3973",-3077.597
"3974",-3711.306
"3975",-3350.142
"3976",-3408.476
"3977",-3281.729
"3978",-3212.161
"3979",-3212.801
"3980",-3434.58
"3981",-3315.769
"3982",-3263.052
"3983",-3221.384
"3984",-3371.735
"3985",-3215.075
"3986",-3372.899
"3987",-3361.862
"3988",-3267.56
"3989",-3069.292
"3990",-3413.472
"3991",-3473.147
"3992",-3424.977
"3993",-3493.156
"3994",-3468.272
"3995",-3254.378
"3996",-3492.015
"3997",-3260.634
"3998",-3496.043
"3999",-3437.287
"4000",-3494.664
"4001",-3130.667
"4002",-3284.138
"4003",-3246.452
"4004",-3340.675
"4005",-3426.137
"4006",-3423.895
"4007",-3493.907
"4008",-3261.269
"4009",-3349.045
"4010",-3373.803
"4011",-3211.997
"4012",-3413.03
"4013",-3468.314
"4014",-3385.908
"4015",-3335.901
"4016",-3333.22
"4017",-3453.008
"4018",-3340.71
"4019",-3416.319
"4020",-3183.604
"4021",-3219.528
"4022",-3326.303
"4023",-3349.476
"4024",-3229.936
"4025",-3538.486
"4026",-3361.679
"4027",-3554.101
"4028",-3437.411
"4029",-3311.445
"4030",-3471.437
"4031",-3458.296
"4032",-3459.396
"4033",-3404.614
"4034",-3221.454
"4035",-3385.028
"4036",-3455.991
"4037",-3346.438
"4038",-3244.224
"4039",-3508.755
"4040",-3453.392
"4041",-3454.586
"4042",-3323.385
"4043",-3387.544
"4044",-3292.872
"4045",-3233.584
"4046",-3447.492
"4047",-3412.623
"4048",-3179.705
"4049",-3356.231
"4050",-3378.707
"4051",-2993.052
"4052",-3448.554
"4053",-3497.783
"4054",-3308.291
"4055",-3316.296
"4056",-3323.075
"4057",-3354.109
"4058",-3358.603
"4059",-3515.927
"4060",-3245.655
"4061",-3582.773
"4062",-3246.139
"4063",-3224.079
"4064",-3501.203
"4065",-3354.611
"4066",-3436.492
"4067",-3485.979
"4068",-3245.777
"4069",-3354.555
"4070",-3335.336
"4071",-3461.443
"4072",-3208.904
"4073",-3257.772
"4074",-3381.563
"4075",-3334.979
"4076",-3433.29
"4077",-3524.023
"4078",-3430.466
"4079",-3493.576
"4080",-3298.949
"4081",-3484.209
"4082",-3398.741
"4083",-3210.481
"4084",-3299.066
"4085",-3520.029
"4086",-3350.398
"4087",-3415.012
"4088",-3550.731
"4089",-3613.601
"4090",-3343.273
"4091",-3388.175
"4092",-3316.977
"4093",-3312.308
"4094",-3641.062
"4095",-3625.8
"4096",-3154.462
"4097",-3353.353
"4098",-3104.152
"4099",-3427.753
"4100",-3398.794
"4101",-3203.588
"4102",-3265.436
"4103",-3482.147
"4104",-3437.512
"4105",-3407.978
"4106",-3268.593
"4107",-3349.147
"4108",-3256.002
"4109",-3499.104
"4110",-3468.57
"4111",-3203.051
"4112",-3485.831
"4113",-3829.351
"4114",-3101.307
"4115",-3453.541
"4116",-3532.642
"4117",-3154.378
"4118",-3245.607
"4119",-3312.239
"4120",-3342.793
"4121",-3280.403
"4122",-3214.476
"4123",-3308.601
"4124",-3386.656
"4125",-3554.615
"4126",-3199.24
"4127",-3455.728
"4128",-3369.426
"4129",-3606.313
"4130",-3341.523
"4131",-3452.556
"4132",-3332.639
"4133",-3225.429
"4134",-3472.817
"4135",-3317.859
"4136",-3407.723
"4137",-3192.22
"4138",-3145.215
"4139",-3490.079
"4140",-3431.695
"4141",-3397.041
"4142",-3615.116
"4143",-3287.613
"4144",-3285.21
"4145",-3628.461
"4146",-3148.883
"4147",-3334.974
"4148",-3389.814
"4149",-3383.517
"4150",-3337.497
"4151",-3416.832
"4152",-3213.106
"4153",-3320.913
"4154",-3319.728
"4155",-3669.458
"4156",-3299.254
"4157",-3321.051
"4158",-3537.21
"4159",-3296.343
"4160",-3420.848
"4161",-3433.565
"4162",-3181.168
"4163",-3357.548
"4164",-3278.106
"4165",-3282.353
"4166",-3387.782
"4167",-3225.79
"4168",-3240.321
"4169",-3470.251
"4170",-3449.824
"4171",-3543.919
"4172",-3365.869
"4173",-3242.113
"4174",-3433.446
"4175",-3196.956
"4176",-3407.619
"4177",-3512.487
"4178",-3289.671
"4179",-3161.773
"4180",-3495.227
"4181",-3149.953
"4182",-3296.388
"4183",-3179.146
"4184",-3423.326
"4185",-3597.842
"4186",-3167.994
"4187",-3503.961
"4188",-3359.391
"4189",-3537.317
"4190",-3270.831
"4191",-3360.951
"4192",-3161.951
"4193",-3110.995
"4194",-3590.131
"4195",-3404.54
"4196",-3210.178
"4197",-3295.617
"4198",-3415.386
"4199",-3281.516
"4200",-3534.849
"4201",-3313.535
"4202",-3337.736
"4203",-3307.104
"4204",-3279.003
"4205",-3171.568
"4206",-3288.386
"4207",-3202.016
"4208",-3371.291
"4209",-3447.43
"4210",-3289.661
"4211",-3165.327
"4212",-3070.831
"4213",-3475.417
"4214",-3232.608
"4215",-3526.719
"4216",-3386.531
"4217",-3171.817
"4218",-3353.456
"4219",-3305.249
"4220",-3314.578
"4221",-3385.626
"4222",-3183.603
"4223",-3328.918
"4224",-3395.283
"4225",-3294.195
"4226",-3239.678
"4227",-3299.136
"4228",-3257.645
"4229",-3598.043
"4230",-3399.664
"4231",-3341.283
"4232",-3334.709
"4233",-3224.724
"4234",-3422.257
"4235",-3524.942
"4236",-3451.818
"4237",-3255.656
"4238",-3195.784
"4239",-3127.491
"4240",-3322.729
"4241",-3267.193
"4242",-3428.665
"4243",-3315.471
"4244",-3256.095
"4245",-3305.352
"4246",-3087.946
"4247",-3387.435
"4248",-3461.269
"4249",-3008.38
"4250",-3305.536
"4251",-3161.204
"4252",-3269.568
"4253",-3268.867
"4254",-3435.013
"4255",-3278.172
"4256",-3384.321
"4257",-3380.746
"4258",-3232.213
"4259",-3398.073
"4260",-3121.419
"4261",-3302.159
"4262",-3228.852
"4263",-3221.992
"4264",-3256.192
"4265",-3151.7
"4266",-3224.244
"4267",-3229.897
"4268",-3263.121
"4269",-3264.147
"4270",-3275.209
"4271",-3461.349
"4272",-3578.821
"4273",-3195.874
"4274",-3303.101
"4275",-3275
"4276",-3155.442
"4277",-3544.245
"4278",-3410.546
"4279",-3289.415
"4280",-3485.24
"4281",-3510.94
"4282",-3659.142
"4283",-3128.56
"4284",-3458.685
"4285",-3407.674
"4286",-3427.085
"4287",-3377.526
"4288",-3232.462
"4289",-3409.495
"4290",-3166.263
"4291",-3320.985
"4292",-3313.249
"4293",-3608.379
"4294",-3305.363
"4295",-3198.814
"4296",-3463.859
"4297",-3301.064
"4298",-3424.358
"4299",-3390.572
"4300",-3311.673
"4301",-3323.032
"4302",-3440.291
"4303",-3267.419
"4304",-3342.873
"4305",-3194.194
"4306",-3203.532
"4307",-3352.251
"4308",-3309.091
"4309",-3418.257
"4310",-3452.842
"4311",-3306.987
"4312",-3475.147
"4313",-3470.911
"4314",-3431.615
"4315",-3462.004
"4316",-3230.435
"4317",-3310.725
"4318",-3348.012
"4319",-3339.779
"4320",-3257.286
"4321",-3485.159
"4322",-3203.037
"4323",-3485.145
"4324",-3181.181
"4325",-3310.72
"4326",-3354.866
"4327",-3218.65
"4328",-3304.873
"4329",-3274.772
"4330",-3028.717
"4331",-3379.762
"4332",-3128.508
"4333",-3568.456
"4334",-3377.68
"4335",-3509.805
"4336",-3283.587
"4337",-3273.5
"4338",-3238.705
"4339",-3344.284
"4340",-3178.783
"4341",-3386.266
"4342",-3326.134
"4343",-3469.838
"4344",-3199.87
"4345",-3436.089
"4346",-3232.069
"4347",-3328.917
"4348",-3347.086
"4349",-3545.927
"4350",-3367.067
"4351",-3482.146
"4352",-3608.648
"4353",-3526.12
"4354",-3249.014
"4355",-3253.993
"4356",-3173.224
"4357",-3481.554
"4358",-3421.207
"4359",-3210.437
"4360",-3434.835
"4361",-3225.552
"4362",-3131.728
"4363",-3330.568
"4364",-3312.905
"4365",-3207.251
"4366",-3473.315
"4367",-3359.83
"4368",-3306.917
"4369",-3292.168
"4370",-3423.028
"4371",-3266.295
"4372",-3395.934
"4373",-3200.1
"4374",-3373.738
"4375",-3371.791
"4376",-3568.095
"4377",-3330.571
"4378",-3092.076
"4379",-3382.558
"4380",-3290.352
"4381",-3404.909
"4382",-3331.865
"4383",-3142.272
"4384",-3361.002
"4385",-3042.043
"4386",-3346.645
"4387",-3343.713
"4388",-3462.092
"4389",-3458.949
"4390",-3285.701
"4391",-3161.456
"4392",-3351.732
"4393",-3191.959
"4394",-3205.655
"4395",-3333.678
"4396",-3389.713
"4397",-3483.928
"4398",-3292.576
"4399",-3295.844
"4400",-3571.668
"4401",-3398.113
"4402",-3167.313
"4403",-3311.892
"4404",-3396.471
"4405",-3374.365
"4406",-3265.694
"4407",-3353.159
"4408",-3213.773
"4409",-3566.943
"4410",-3484.417
"4411",-3522.729
"4412",-3647.797
"4413",-3401.129
"4414",-3368.584
"4415",-3424.548
"4416",-3375.346
"4417",-3468.05
"4418",-3240.921
"4419",-3567.858
"4420",-3504.679
"4421",-3463.385
"4422",-3167.343
"4423",-3276.464
"4424",-3335.347
"4425",-3320.288
"4426",-3170.847
"4427",-3422.311
"4428",-3328.706
"4429",-3396.431
"4430",-3441.705
"4431",-3447.348
"4432",-3405.609
"4433",-3219.936
"4434",-3257.974
"4435",-3259.033
"4436",-3293.616
"4437",-3336.571
"4438",-3222.866
"4439",-3352.783
"4440",-3325.885
"4441",-3244.315
"4442",-3428.793
"4443",-3423.989
"4444",-3371.108
"4445",-3280.715
"4446",-3490.992
"4447",-3213.578
"4448",-3317.017
"4449",-3328.725
"4450",-3458.613
"4451",-3478.705
"4452",-3487.131
"4453",-3198.709
"4454",-3417.16
"4455",-3485.28
"4456",-3401.525
"4457",-3387.373
"4458",-3332.169
"4459",-3226.414
"4460",-3281.272
"4461",-3127.699
"4462",-3370.792
"4463",-3351.21
"4464",-3432.425
"4465",-3244.551
"4466",-3333.267
"4467",-3136.35
"4468",-3314.227
"4469",-3429.068
"4470",-3060.608
"4471",-3432.502
"4472",-3461.903
"4473",-3098.426
"4474",-3332.635
"4475",-3277.497
"4476",-3535.987
"4477",-3620.332
"4478",-3410.669
"4479",-3383.633
"4480",-3238.252
"4481",-3428.297
"4482",-3441.253
"4483",-3216.474
"4484",-3351.374
"4485",-3362.11
"4486",-3211.763
"4487",-3226.11
"4488",-3245.782
"4489",-3509.05
"4490",-3181.492
"4491",-3376.865
"4492",-3225.625
"4493",-3729.713
"4494",-3519.217
"4495",-3252.508
"4496",-3295.195
"4497",-3433.568
"4498",-3509.67
"4499",-3437.787
"4500",-3256.758
"4501",-3199.583
"4502",-3333.1
"4503",-3165.806
"4504",-3589.081
"4505",-3446.797
"4506",-3310.36
"4507",-3489.811
"4508",-3358.37
"4509",-3270.771
"4510",-3343.462
"4511",-3145.468
"4512",-3268.878
"4513",-3090.046
"4514",-3551.847
"4515",-3412.084
"4516",-3207.051
"4517",-3309.838
"4518",-3286.017
"4519",-3412.717
"4520",-3298.149
"4521",-3494.463
"4522",-3178.833
"4523",-3362.678
"4524",-3500.288
"4525",-3348.613
"4526",-3425.127
"4527",-3568.512
"4528",-3357.735
"4529",-3358.436
"4530",-3468.249
"4531",-3476.936
"4532",-3501.166
"4533",-3340.175
"4534",-3528.652
"4535",-3443.755
"4536",-3342.952
"4537",-3113.389
"4538",-3193.372
"4539",-3461.705
"4540",-3448.792
"4541",-3699.397
"4542",-3513.117
"4543",-3429.948
"4544",-3393.507
"4545",-3297.318
"4546",-3322.074
"4547",-3471.866
"4548",-3331.355
"4549",-3553.308
"4550",-3214.378
"4551",-3394.136
"4552",-3466.6
"4553",-3491.724
"4554",-3164.459
"4555",-3128.441
"4556",-3478.621
"4557",-3208.857
"4558",-3169.458
"4559",-3324.912
"4560",-3366.608
"4561",-3353.428
"4562",-3304.143
"4563",-3523.913
"4564",-3284.909
"4565",-3388.856
"4566",-3462.423
"4567",-3466.913
"4568",-3493.197
"4569",-3312.633
"4570",-3350.753
"4571",-3311.143
"4572",-3132.159
"4573",-3358.857
"4574",-3217.856
"4575",-3257.416
"4576",-3290.644
"4577",-3555.553
"4578",-3256.988
"4579",-3276.262
"4580",-3123.852
"4581",-3336.26
"4582",-3262.048
"4583",-3420.863
"4584",-3346.068
"4585",-3440.662
"4586",-3331.513
"4587",-3320.639
"4588",-3412.163
"4589",-3086.271
"4590",-3180.047
"4591",-3287.566
"4592",-3251.09
"4593",-3288.95
"4594",-3517.844
"4595",-3317.515
"4596",-3428.26
"4597",-3447.42
"4598",-3083.382
"4599",-3382.767
"4600",-3378.014
"4601",-3201.277
"4602",-3454.958
"4603",-3360.679
"4604",-3318.194
"4605",-3169.98
"4606",-3409.491
"4607",-3434.877
"4608",-3353.208
"4609",-3115.909
"4610",-3368.466
"4611",-3351.493
"4612",-3210.636
"4613",-3679.641
"4614",-3474.311
"4615",-3322.352
"4616",-3300.587
"4617",-3264.602
"4618",-3401.64
"4619",-3390.793
"4620",-3391.096
"4621",-3535.802
"4622",-3338.521
"4623",-3349.298
"4624",-3287.74
"4625",-3410.839
"4626",-3497.777
"4627",-3291.141
"4628",-3409.019
"4629",-3285.128
"4630",-3361.741
"4631",-3158.884
"4632",-3353.78
"4633",-3361.249
"4634",-3166.974
"4635",-3272.371
"4636",-3416.058
"4637",-3450.725
"4638",-3294.514
"4639",-3380.276
"4640",-3695.835
"4641",-3184.859
"4642",-3158.007
"4643",-3506.758
"4644",-3436.452
"4645",-3202.297
"4646",-3518.081
"4647",-3367.069
"4648",-3410.687
"4649",-3398.17
"4650",-3349.824
"4651",-3321.478
"4652",-3148.729
"4653",-3338.432
"4654",-3257.927
"4655",-3452.002
"4656",-3303.484
"4657",-3319.313
"4658",-3428.583
"4659",-3234.53
"4660",-3253.477
"4661",-3102.609
"4662",-3408.766
"4663",-3518.953
"4664",-3286.993
"4665",-3467.104
"4666",-3181.525
"4667",-3353.077
"4668",-3287.481
"4669",-3373.826
"4670",-3601.945
"4671",-3535.866
"4672",-3418.294
"4673",-3179.359
"4674",-3275.674
"4675",-3398.257
"4676",-3282.976
"4677",-3366.605
"4678",-3238.814
"4679",-3276.829
"4680",-3383.398
"4681",-3313.471
"4682",-3333.201
"4683",-3426.008
"4684",-3219.637
"4685",-3422.374
"4686",-3410.581
"4687",-3431.795
"4688",-3367.226
"4689",-3156.674
"4690",-3376.712
"4691",-3179.269
"4692",-3230.664
"4693",-3527.77
"4694",-3579.732
"4695",-3501.059
"4696",-3269.712
"4697",-3291.403
"4698",-3413.491
"4699",-3479.933
"4700",-3210.639
"4701",-3397.381
"4702",-3370.617
"4703",-3402.913
"4704",-3350.054
"4705",-3366.494
"4706",-3337.758
"4707",-3567.063
"4708",-3414.076
"4709",-3390.339
"4710",-3214.073
"4711",-3267.672
"4712",-3602.094
"4713",-3346.343
"4714",-3173.305
"4715",-3573.091
"4716",-3456.556
"4717",-3467.566
"4718",-3572.47
"4719",-3410.665
"4720",-3273.842
"4721",-3379.878
"4722",-3376.974
"4723",-3346.645
"4724",-3455.297
"4725",-3392.694
"4726",-3496.216
"4727",-3504.395
"4728",-3397.207
"4729",-3228.128
"4730",-3314.509
"4731",-3239.925
"4732",-3302.278
"4733",-3258.113
"4734",-3176.014
"4735",-3340.247
"4736",-3235.125
"4737",-3300.106
"4738",-3373.386
"4739",-3105.956
"4740",-3476.929
"4741",-3347.278
"4742",-3583.463
"4743",-3565.897
"4744",-3393.264
"4745",-3416.33
"4746",-3500.557
"4747",-3307.543
"4748",-3534.205
"4749",-3263.356
"4750",-3302.202
"4751",-3430.589
"4752",-3638.064
"4753",-3353.182
"4754",-3495.183
"4755",-3292.264
"4756",-3264.764
"4757",-3139.256
"4758",-3328.428
"4759",-3338.134
"4760",-3381.485
"4761",-3323.023
"4762",-3371.966
"4763",-3571.989
"4764",-3331.773
"4765",-3299.767
"4766",-3361.764
"4767",-3289.543
"4768",-3516.137
"4769",-3439.357
"4770",-3161.025
"4771",-3461.052
"4772",-3340.042
"4773",-3350.601
"4774",-3448.701
"4775",-3226.546
"4776",-3142.738
"4777",-3305.013
"4778",-3466.46
"4779",-3240.386
"4780",-3492.978
"4781",-3519.804
"4782",-3682.513
"4783",-3252.974
"4784",-3157.811
"4785",-3313.088
"4786",-3207.055
"4787",-3326.279
"4788",-3103.794
"4789",-3406.624
"4790",-3624.217
"4791",-3263.436
"4792",-3354.226
"4793",-3332.824
"4794",-3354.792
"4795",-3408.708
"4796",-3483.804
"4797",-3369.688
"4798",-3341.275
"4799",-3419.814
"4800",-3045.635
"4801",-3379.45
"4802",-3289.149
"4803",-3276.704
"4804",-3389.572
"4805",-3411.229
"4806",-3306.012
"4807",-3220.262
"4808",-3284.978
"4809",-3643.896
"4810",-3422.068
"4811",-3290.084
"4812",-3326.539
"4813",-3565.02
"4814",-3297.919
"4815",-3197.448
"4816",-3372.401
"4817",-3300.348
"4818",-3341.458
"4819",-3283.673
"4820",-3389.297
"4821",-3438.479
"4822",-3371.82
"4823",-3197.901
"4824",-3337.139
"4825",-3431.715
"4826",-3315.198
"4827",-3356.092
"4828",-3323.879
"4829",-3291.236
"4830",-3385.329
"4831",-3367.784
"4832",-3154.338
"4833",-3241.931
"4834",-3245.812
"4835",-3525.519
"4836",-3255.682
"4837",-3481.296
"4838",-3460.773
"4839",-3506.788
"4840",-3418.894
"4841",-3206.243
"4842",-3352.373
"4843",-3191.495
"4844",-3310.476
"4845",-3236.085
"4846",-3527.36
"4847",-3338.396
"4848",-3181.465
"4849",-3476.365
"4850",-3398.14
"4851",-3219.698
"4852",-3278.991
"4853",-3210.24
"4854",-3253.917
"4855",-3302.668
"4856",-3318.571
"4857",-3234.364
"4858",-3362.553
"4859",-3451.749
"4860",-3413.71
"4861",-3440.128
"4862",-3444.003
"4863",-3256.289
"4864",-3356.468
"4865",-3414.767
"4866",-3383.199
"4867",-3188.843
"4868",-3167.337
"4869",-3644.23
"4870",-3229.614
"4871",-3607.455
"4872",-3285.736
"4873",-3374.332
"4874",-3315.062
"4875",-3373.254
"4876",-3334.345
"4877",-3402.537
"4878",-3596.628
"4879",-3281.37
"4880",-3275.778
"4881",-3472.684
"4882",-3493.804
"4883",-3440.072
"4884",-3175.103
"4885",-3203.78
"4886",-3238.453
"4887",-3282.237
"4888",-3300.949
"4889",-3379.583
"4890",-3305.124
"4891",-3487.605
"4892",-3442.791
"4893",-3361.758
"4894",-3213.965
"4895",-3493.461
"4896",-3476.692
"4897",-3327.943
"4898",-3624.022
"4899",-3543.427
"4900",-3263.205
"4901",-3398.118
"4902",-3391.288
"4903",-3370.025
"4904",-3462.08
"4905",-3302.127
"4906",-3492.684
"4907",-3451.52
"4908",-3342.333
"4909",-3329.528
"4910",-3456.951
"4911",-3206.934
"4912",-3389.508
"4913",-3325.295
"4914",-3373.254
"4915",-3257.347
"4916",-3414.827
"4917",-3241.348
"4918",-3066.605
"4919",-3447.883
"4920",-3565.199
"4921",-3351.073
"4922",-3319.025
"4923",-3246.056
"4924",-3219.101
"4925",-3382.471
"4926",-3448.798
"4927",-3403.476
"4928",-3567.121
"4929",-3524.131
"4930",-3279.815
"4931",-3040.284
"4932",-3489.783
"4933",-3102.595
"4934",-3342.003
"4935",-3439.243
"4936",-3392.868
"4937",-3138.31
"4938",-3598.379
"4939",-3373.956
"4940",-3608.305
"4941",-3248.426
"4942",-3324.132
"4943",-3253.475
"4944",-3480.251
"4945",-3463.345
"4946",-3188.634
"4947",-3278.1
"4948",-3343.635
"4949",-3252.157
"4950",-3390.443
"4951",-3130.959
"4952",-3385.727
"4953",-3320.897
"4954",-3383.182
"4955",-3326.354
"4956",-3755.037
"4957",-3243.125
"4958",-3180.823
"4959",-3276.169
"4960",-3168.442
"4961",-3340.366
"4962",-3271.63
"4963",-3526.381
"4964",-3431.104
"4965",-3294.791
"4966",-3394.701
"4967",-3542.319
"4968",-3364.857
"4969",-3499.931
"4970",-3407.573
"4971",-3213.679
"4972",-3256.353
"4973",-3337.315
"4974",-3384.156
"4975",-3180.486
"4976",-3193.89
"4977",-3523.086
"4978",-3165.13
"4979",-3397.892
"4980",-3361.459
"4981",-3727.641
"4982",-3253.393
"4983",-3278.094
"4984",-3178.698
"4985",-3176.37
"4986",-3442.665
"4987",-3297.383
"4988",-3419.266
"4989",-3105.123
"4990",-3422.41
"4991",-3443.316
"4992",-3346.277
"4993",-3473.145
"4994",-3492.376
"4995",-3434.669
"4996",-3256.122
"4997",-3378.756
"4998",-3374.471
"4999",-3277.833
"5000",-3450.81
"5001",-3288.94
"5002",-3119.701
"5003",-3125.461
"5004",-3480.548
"5005",-3375.342
"5006",-3204.632
"5007",-3250.705
"5008",-3496.282
"5009",-3176.453
"5010",-3117.224
"5011",-3407.526
"5012",-3333.761
"5013",-3209.014
"5014",-3440.884
"5015",-3287.261
"5016",-3242.143
"5017",-3328.751
"5018",-3568.84
"5019",-3222.869
"5020",-3399.417
"5021",-3285.372
"5022",-3287.427
"5023",-3467.014
"5024",-3323.695
"5025",-3351.506
"5026",-3311.137
"5027",-3241.957
"5028",-3333.292
"5029",-3442.456
"5030",-3177.244
"5031",-3316.614
"5032",-3279.62
"5033",-3361.258
"5034",-3297.679
"5035",-3406.619
"5036",-3272.249
"5037",-3471.428
"5038",-3472.415
"5039",-3213.601
"5040",-3296.075
"5041",-3354.386
"5042",-3481.34
"5043",-3353.062
"5044",-3126.058
"5045",-3157.397
"5046",-3381.485
"5047",-3508.316
"5048",-3161.883
"5049",-3333.891
"5050",-3374.966
"5051",-3550.641
"5052",-3538.901
"5053",-3155.085
"5054",-3402.741
"5055",-3105.87
"5056",-3221.547
"5057",-3385.648
"5058",-3351.78
"5059",-3454.557
"5060",-3417.482
"5061",-3404.562
"5062",-3439.136
"5063",-3407.02
"5064",-3209.573
"5065",-3112.635
"5066",-3358.089
"5067",-3415.376
"5068",-3423.063
"5069",-3288.519
"5070",-3363.184
"5071",-3105.066
"5072",-3303.712
"5073",-3404.893
"5074",-3484.868
"5075",-3568.23
"5076",-3274.058
"5077",-3342.644
"5078",-3178.858
"5079",-3387.165
"5080",-3353.42
"5081",-3279.737
"5082",-3292.52
"5083",-3422.595
"5084",-3534.576
"5085",-3235.409
"5086",-3029.065
"5087",-3447.394
"5088",-3145.007
"5089",-3178.735
"5090",-3499.843
"5091",-3104.461
"5092",-3302.984
"5093",-3487.158
"5094",-3405.011
"5095",-3505.276
"5096",-3319.842
"5097",-3270.181
"5098",-3184.639
"5099",-3492.963
"5100",-3699.489
"5101",-3411.497
"5102",-3373.639
"5103",-3596.563
"5104",-3272.25
"5105",-3248.022
"5106",-3194.825
"5107",-3289.472
"5108",-3433.654
"5109",-3330.185
"5110",-3268.617
"5111",-3231.204
"5112",-3369.655
"5113",-3250.391
"5114",-3404.075
"5115",-3419.597
"5116",-3544.757
"5117",-3351.359
"5118",-3380.02
"5119",-3572.27
"5120",-3290.362
"5121",-3350.548
"5122",-3247.201
"5123",-3530.987
"5124",-3344.683
"5125",-3433.78
"5126",-3366.964
"5127",-3497.648
"5128",-3504.605
"5129",-3265.676
"5130",-3491.077
"5131",-3238.114
"5132",-3392.173
"5133",-3434.939
"5134",-3115.496
"5135",-3266.34
"5136",-3410.684
"5137",-3421.846
"5138",-3241.622
"5139",-3424.292
"5140",-3527.954
"5141",-2990.043
"5142",-3472.757
"5143",-3360.737
"5144",-3365.428
"5145",-3218.288
"5146",-3546.274
"5147",-3252.048
"5148",-3556.681
"5149",-3160.485
"5150",-3321.649
"5151",-3337.048
"5152",-3391.696
"5153",-3270.124
"5154",-3340.525
"5155",-3364.671
"5156",-3343.07
"5157",-3478.731
"5158",-3398.973
"5159",-3241.981
"5160",-3317.891
"5161",-3432.722
"5162",-3223.169
"5163",-3163.722
"5164",-3301.368
"5165",-3548.877
"5166",-3575.961
"5167",-3272.142
"5168",-3316.534
"5169",-3003.571
"5170",-3231.561
"5171",-3297.394
"5172",-3515.049
"5173",-3466.472
"5174",-3492.476
"5175",-3282.73
"5176",-3368.169
"5177",-3275.978
"5178",-3569.809
"5179",-3355.188
"5180",-3363.218
"5181",-3352.48
"5182",-3295.621
"5183",-3236.748
"5184",-3262.672
"5185",-3276.297
"5186",-3301.91
"5187",-3493.347
"5188",-3447.494
"5189",-3277.732
"5190",-3212.461
"5191",-3419.481
"5192",-3502.665
"5193",-3541.759
"5194",-3439.096
"5195",-3149.397
"5196",-3346.989
"5197",-3297.154
"5198",-3310.148
"5199",-3203.007
"5200",-3358.518
"5201",-3504.676
"5202",-3259.002
"5203",-3798.636
"5204",-3555.561
"5205",-3076.279
"5206",-3422.304
"5207",-3487.161
"5208",-3350.794
"5209",-3509.254
"5210",-3419.408
"5211",-3542.833
"5212",-3544.351
"5213",-3274.386
"5214",-3504.714
"5215",-3346.826
"5216",-3300.219
"5217",-3503.312
"5218",-3332.367
"5219",-3244.507
"5220",-3349.627
"5221",-3243.708
"5222",-3231.119
"5223",-3194.023
"5224",-3185.164
"5225",-3411.094
"5226",-3274.241
"5227",-3132.352
"5228",-3305.03
"5229",-3353.62
"5230",-3389.152
"5231",-3411.594
"5232",-3273.993
"5233",-3435.506
"5234",-3269.217
"5235",-3462.177
"5236",-3285.143
"5237",-3381.273
"5238",-3359.762
"5239",-3431.159
"5240",-3241.282
"5241",-3440.527
"5242",-3296.647
"5243",-3509.297
"5244",-3572.171
"5245",-3267.083
"5246",-3334.335
"5247",-3098.96
"5248",-3162.633
"5249",-3430.778
"5250",-3335.808
"5251",-3393.105
"5252",-3416.59
"5253",-3439.519
"5254",-3338.232
"5255",-3439.599
"5256",-3534.874
"5257",-3606.757
"5258",-3177.971
"5259",-3279.726
"5260",-3119.248
"5261",-3236.09
"5262",-3530.686
"5263",-3496.123
"5264",-3347.428
"5265",-3567.144
"5266",-3454.437
"5267",-3163.746
"5268",-3404.991
"5269",-3460.03
"5270",-3344.659
"5271",-3351.804
"5272",-3403.315
"5273",-3418.795
"5274",-3259.943
"5275",-3274.109
"5276",-3296.71
"5277",-3524.387
"5278",-3555.644
"5279",-3424.711
"5280",-3259.196
"5281",-3377.849
"5282",-3379.913
"5283",-3099.237
"5284",-3362.074
"5285",-3391.18
"5286",-3490.957
"5287",-3258.454
"5288",-3223.413
"5289",-3423.231
"5290",-3517.031
"5291",-3249.429
"5292",-3387.532
"5293",-3299.558
"5294",-3312.747
"5295",-3357.348
"5296",-3450.37
"5297",-3162.057
"5298",-3341.12
"5299",-3417.111
"5300",-3467.898
"5301",-3302.16
"5302",-3301.682
"5303",-3262.574
"5304",-3479.593
"5305",-3339.026
"5306",-3381.385
"5307",-3509.846
"5308",-3574.253
"5309",-3278.214
"5310",-3627.234
"5311",-3296.246
"5312",-3418.958
"5313",-3279.783
"5314",-3244.675
"5315",-3374.575
"5316",-3357.392
"5317",-3306.727
"5318",-3442.253
"5319",-3290.282
"5320",-3148.626
"5321",-3369.897
"5322",-3397.815
"5323",-3358.848
"5324",-3459.298
"5325",-3218.711
"5326",-3311.534
"5327",-3459.062
"5328",-3263.744
"5329",-3453.021
"5330",-3396.936
"5331",-3291.996
"5332",-3274.27
"5333",-3613.055
"5334",-3502.932
"5335",-3386.999
"5336",-3402.983
"5337",-3427.08
"5338",-3351.965
"5339",-3363.849
"5340",-3241.473
"5341",-3416.787
"5342",-3252.821
"5343",-3334.755
"5344",-3409.421
"5345",-3351.02
"5346",-3427.775
"5347",-3351.021
"5348",-3332.145
"5349",-3390.09
"5350",-3369.292
"5351",-3413.047
"5352",-3417.924
"5353",-3429.244
"5354",-3411.804
"5355",-3340.903
"5356",-3335.435
"5357",-3411.709
"5358",-3339.503
"5359",-3231.726
"5360",-3308.442
"5361",-3265.103
"5362",-3368.02
"5363",-3231.914
"5364",-3197.536
"5365",-3552.991
"5366",-2864.522
"5367",-3496.284
"5368",-3470.36
"5369",-3329.085
"5370",-3447.799
"5371",-3420.722
"5372",-3310.398
"5373",-3388.381
"5374",-3178.288
"5375",-3274.405
"5376",-3421.861
"5377",-3322.517
"5378",-3136.769
"5379",-3400.943
"5380",-3170.934
"5381",-3409.503
"5382",-3121.764
"5383",-3631.251
"5384",-3476.845
"5385",-3398.748
"5386",-3504.792
"5387",-3581.173
"5388",-3386.527
"5389",-3451.832
"5390",-3245.71
"5391",-3283.182
"5392",-3404.898
"5393",-3285.732
"5394",-3395.881
"5395",-3182.934
"5396",-3419.623
"5397",-3177.938
"5398",-3126.631
"5399",-3587.06
"5400",-3280.184
"5401",-3339.879
"5402",-3469.291
"5403",-3679.761
"5404",-3302.604
"5405",-3238.529
"5406",-3211.279
"5407",-3441.924
"5408",-3572.037
"5409",-3373.489
"5410",-3424.338
"5411",-3434.854
"5412",-3400.962
"5413",-3409.282
"5414",-3541.306
"5415",-3415.786
"5416",-3732.478
"5417",-3252.951
"5418",-3402.943
"5419",-3319.658
"5420",-3312.231
"5421",-3294.607
"5422",-3268.125
"5423",-3217.276
"5424",-3404.828
"5425",-3408.757
"5426",-3390.653
"5427",-3238.56
"5428",-3114.515
"5429",-3317.892
"5430",-3571.575
"5431",-3183.779
"5432",-3298.198
"5433",-3163.547
"5434",-3232.126
"5435",-3200.653
"5436",-3338.61
"5437",-3358.155
"5438",-3702.191
"5439",-3198.402
"5440",-3442.637
"5441",-3524.429
"5442",-3425.276
"5443",-3292.23
"5444",-3159.226
"5445",-3351.541
"5446",-3377.684
"5447",-3527.434
"5448",-3354.163
"5449",-3471.498
"5450",-3395.396
"5451",-3036.578
"5452",-3344.242
"5453",-3282.401
"5454",-3260.766
"5455",-3267.808
"5456",-3358.965
"5457",-3321.188
"5458",-3640.35
"5459",-3600.505
"5460",-3162.247
"5461",-3339.958
"5462",-3226.31
"5463",-3442.182
"5464",-3278.565
"5465",-3248.156
"5466",-2941.371
"5467",-3290.327
"5468",-3262.162
"5469",-3221.668
"5470",-3397.337
"5471",-3250.819
"5472",-3362.076
"5473",-3271.225
"5474",-3341.07
"5475",-3303.725
"5476",-3248.827
"5477",-3460.529
"5478",-3282.214
"5479",-3397.556
"5480",-3317.87
"5481",-3363.755
"5482",-3279.865
"5483",-3297.132
"5484",-3516.152
"5485",-3349.666
"5486",-3428.59
"5487",-3435.701
"5488",-3423.884
"5489",-3362.262
"5490",-3316.648
"5491",-3455.901
"5492",-3424.487
"5493",-3157.938
"5494",-3484.723
"5495",-3219.408
"5496",-3271.802
"5497",-3189.886
"5498",-3465.618
"5499",-3276.425
"5500",-3372.38
"5501",-3353.233
"5502",-3318.983
"5503",-3332.538
"5504",-3501.486
"5505",-3369.828
"5506",-3310.513
"5507",-3526.293
"5508",-3213.295
"5509",-3329.562
"5510",-3435.36
"5511",-3292.837
"5512",-3500.25
"5513",-3131.756
"5514",-3520.206
"5515",-3356.499
"5516",-3397.434
"5517",-3310.956
"5518",-3390.863
"5519",-3441.772
"5520",-3264.336
"5521",-3449.139
"5522",-3163.212
"5523",-3191.066
"5524",-3325.911
"5525",-3296.675
"5526",-3249.289
"5527",-3462.044
"5528",-3246.528
"5529",-3279.792
"5530",-3434.04
"5531",-3188.931
"5532",-3326.157
"5533",-3342.258
"5534",-3268.124
"5535",-3266.243
"5536",-3328.987
"5537",-3389.35
"5538",-3364.198
"5539",-3329.544
"5540",-3440.395
"5541",-3447.136
"5542",-3459.514
"5543",-3170.831
"5544",-3304.408
"5545",-3164.469
"5546",-3476.38
"5547",-3451.025
"5548",-3686.682
"5549",-3389.55
"5550",-3386.857
"5551",-3361.981
"5552",-3388.948
"5553",-3409.2
"5554",-3535.322
"5555",-3219.094
"5556",-3405.603
"5557",-3313.308
"5558",-3277.893
"5559",-3463.762
"5560",-3274.5
"5561",-3550.119
"5562",-3437.278
"5563",-3294.371
"5564",-3249.906
"5565",-3574.81
"5566",-3278.78
"5567",-3242.07
"5568",-3450.897
"5569",-3375.529
"5570",-3152.521
"5571",-3393.178
"5572",-3345.326
"5573",-3289.299
"5574",-3509.776
"5575",-3279.398
"5576",-3402.64
"5577",-3560.694
"5578",-3128.632
"5579",-3418.206
"5580",-3484.879
"5581",-3493.161
"5582",-3358.255
"5583",-3440.3
"5584",-3261.845
"5585",-3424.661
"5586",-3273.316
"5587",-3080.597
"5588",-3388.946
"5589",-3091.517
"5590",-3447.726
"5591",-3241.748
"5592",-3405.887
"5593",-3492.592
"5594",-3359.923
"5595",-3316.03
"5596",-3450.09
"5597",-3420.573
"5598",-3338.634
"5599",-3164.748
"5600",-3442.27
"5601",-3243.374
"5602",-3401.639
"5603",-3443.159
"5604",-3317.105
"5605",-3374.159
"5606",-3439.903
"5607",-3320.314
"5608",-3276.677
"5609",-3464.192
"5610",-3434.092
"5611",-3214.48
"5612",-3328.971
"5613",-3424.948
"5614",-3373.907
"5615",-3521.546
"5616",-3432.288
"5617",-3246.004
"5618",-3261.998
"5619",-3423.855
"5620",-3549.751
"5621",-3366.243
"5622",-3286.235
"5623",-3383.775
"5624",-3569.37
"5625",-3358.109
"5626",-3459.226
"5627",-3348.003
"5628",-3309.753
"5629",-3550.973
"5630",-3451.688
"5631",-3194.504
"5632",-3422.625
"5633",-3356.941
"5634",-3302.144
"5635",-3409.023
"5636",-3297.043
"5637",-3403.641
"5638",-3537.741
"5639",-3450.569
"5640",-3449.931
"5641",-3383.336
"5642",-3420.022
"5643",-3422.768
"5644",-3233.539
"5645",-3430.598
"5646",-3385.296
"5647",-3320.978
"5648",-3271.126
"5649",-3464.179
"5650",-3304.501
"5651",-3297.411
"5652",-3491.009
"5653",-3303.477
"5654",-3285.473
"5655",-3193.624
"5656",-3383.955
"5657",-3404.075
"5658",-3223.683
"5659",-3282.55
"5660",-3108.145
"5661",-3232.353
"5662",-3485.412
"5663",-3360.089
"5664",-3427.285
"5665",-3387.048
"5666",-3385.232
"5667",-3147.43
"5668",-3210.266
"5669",-3314.445
"5670",-3540.802
"5671",-3309.379
"5672",-3522.529
"5673",-3454.946
"5674",-3443.444
"5675",-3142.958
"5676",-3436.767
"5677",-3408.543
"5678",-3291.533
"5679",-3172.452
"5680",-3487.705
"5681",-3364.413
"5682",-3336.481
"5683",-3548.279
"5684",-3434.348
"5685",-3256.47
"5686",-3324.306
"5687",-3351.266
"5688",-3375.339
"5689",-3212.452
"5690",-3236.6
"5691",-3425.409
"5692",-3327.212
"5693",-3408.601
"5694",-3461.382
"5695",-3192.941
"5696",-3389.643
"5697",-3416.638
"5698",-3327.349
"5699",-3223.388
"5700",-3243.42
"5701",-3250.061
"5702",-3411.538
"5703",-3419.084
"5704",-3422.38
"5705",-3452.969
"5706",-3563.252
"5707",-3521.668
"5708",-3392.582
"5709",-3576.769
"5710",-3119.135
"5711",-3646.608
"5712",-3204.079
"5713",-3399.096
"5714",-3469.933
"5715",-3409.424
"5716",-3285.805
"5717",-3329.175
"5718",-3355.286
"5719",-3358.792
"5720",-3203.595
"5721",-3318.426
"5722",-3175.963
"5723",-3161.47
"5724",-3396.795
"5725",-3419.893
"5726",-3406.195
"5727",-3444.685
"5728",-3297.503
"5729",-3233.144
"5730",-3459.074
"5731",-3543.724
"5732",-3361.109
"5733",-3268.887
"5734",-3245.874
"5735",-3279.451
"5736",-3405.421
"5737",-3502.594
"5738",-3563.646
"5739",-3502.46
"5740",-3274.485
"5741",-3237.873
"5742",-3432.305
"5743",-3275.059
"5744",-3365.79
"5745",-3577.628
"5746",-3400.526
"5747",-3211.552
"5748",-3360.306
"5749",-3228.639
"5750",-3193.382
"5751",-3336.828
"5752",-3389.733
"5753",-3406.603
"5754",-3289.965
"5755",-3358.483
"5756",-3300.545
"5757",-3437.61
"5758",-3356.968
"5759",-3350.698
"5760",-3301.98
"5761",-3386.447
"5762",-3453.342
"5763",-3234.718
"5764",-3403.845
"5765",-3316.835
"5766",-3618.513
"5767",-3399.564
"5768",-3276.512
"5769",-3437.597
"5770",-3275.661
"5771",-3410.505
"5772",-3396.391
"5773",-3282.376
"5774",-3291.745
"5775",-3345.379
"5776",-3462.427
"5777",-3337.27
"5778",-3130.724
"5779",-3224.538
"5780",-3280.753
"5781",-3363.874
"5782",-3292.48
"5783",-3309.455
"5784",-3364.693
"5785",-3440.388
"5786",-3392.347
"5787",-3415.24
"5788",-3330.487
"5789",-3577.453
"5790",-3348.883
"5791",-3230.217
"5792",-3483.122
"5793",-3548.884
"5794",-3475.511
"5795",-3085.978
"5796",-3766.093
"5797",-3429.811
"5798",-3508.85
"5799",-3351.903
"5800",-3207.289
"5801",-3265.876
"5802",-3256.454
"5803",-3404.114
"5804",-3412.549
"5805",-3442.461
"5806",-3213.099
"5807",-3345.808
"5808",-3191.809
"5809",-3490.142
"5810",-3144.576
"5811",-3306.712
"5812",-3244.268
"5813",-3297.952
"5814",-3507.454
"5815",-3317.634
"5816",-3469.286
"5817",-3276.767
"5818",-3313.356
"5819",-3261.332
"5820",-3405.236
"5821",-3316.331
"5822",-3197.27
"5823",-3345.482
"5824",-3545.239
"5825",-3584.498
"5826",-3385.812
"5827",-3502.316
"5828",-3424.319
"5829",-3302.903
"5830",-3441.735
"5831",-3238.042
"5832",-3381.056
"5833",-3305.478
"5834",-3323.011
"5835",-3344.677
"5836",-3079.985
"5837",-3268.85
"5838",-3253.475
"5839",-3400.146
"5840",-3315.633
"5841",-3400.383
"5842",-3493.702
"5843",-3361.163
"5844",-3316.199
"5845",-3507.526
"5846",-3671.116
"5847",-3352.289
"5848",-3380.302
"5849",-3362.211
"5850",-3086.16
"5851",-3236.955
"5852",-3306.768
"5853",-3536.546
"5854",-3452.716
"5855",-3460.489
"5856",-3316.746
"5857",-3283.541
"5858",-3350.038
"5859",-3286.18
"5860",-3291.573
"5861",-3399.48
"5862",-3454.226
"5863",-3427.907
"5864",-3317.764
"5865",-3275.162
"5866",-3191.141
"5867",-3209.249
"5868",-3510.587
"5869",-3265.139
"5870",-3240.16
"5871",-3359.038
"5872",-3487.877
"5873",-3271.465
"5874",-3358.902
"5875",-3214.816
"5876",-3228.988
"5877",-3469.27
"5878",-3212.812
"5879",-3370.651
"5880",-3435.118
"5881",-3414.367
"5882",-3492.777
"5883",-3289.772
"5884",-3407.323
"5885",-3475.064
"5886",-3376.648
"5887",-3414.613
"5888",-3422.46
"5889",-3233.477
"5890",-3340.18
"5891",-3021.897
"5892",-3372.622
"5893",-3487.367
"5894",-3110.559
"5895",-3452.404
"5896",-3226.42
"5897",-3563.607
"5898",-3528.397
"5899",-3206.652
"5900",-3502.947
"5901",-3512.562
"5902",-3326.222
"5903",-3416.264
"5904",-3377.746
"5905",-3281.574
"5906",-3267.427
"5907",-3487.93
"5908",-3476.948
"5909",-3366.715
"5910",-3308.39
"5911",-3471.428
"5912",-3379.859
"5913",-3207.373
"5914",-3476.074
"5915",-3220.615
"5916",-3133.396
"5917",-3142.9
"5918",-3203.743
"5919",-3410.563
"5920",-3315.503
"5921",-3336.286
"5922",-3334.649
"5923",-3435.59
"5924",-3376.915
"5925",-3407.423
"5926",-3287.261
"5927",-3410.389
"5928",-3578.488
"5929",-3257.17
"5930",-3259.067
"5931",-3329.203
"5932",-3294.868
"5933",-3240
"5934",-3356.419
"5935",-3495.23
"5936",-3298.117
"5937",-3403.211
"5938",-3334.678
"5939",-3464.82
"5940",-3317.403
"5941",-3382.459
"5942",-3459.559
"5943",-3404.515
"5944",-3130.815
"5945",-3430.035
"5946",-3691.635
"5947",-3049
"5948",-3078.054
"5949",-3433.044
"5950",-3338.053
"5951",-3456.948
"5952",-3452.286
"5953",-3477.29
"5954",-3143.567
"5955",-3186.89
"5956",-3338.586
"5957",-3448.255
"5958",-3295.194
"5959",-3569.093
"5960",-3297.233
"5961",-3198.713
"5962",-3653.365
"5963",-3238.186
"5964",-3382.742
"5965",-3333.162
"5966",-3491.383
"5967",-3401.499
"5968",-3295.882
"5969",-3430.916
"5970",-3542.057
"5971",-3284.812
"5972",-3317.187
"5973",-3254.023
"5974",-3404.921
"5975",-3314.225
"5976",-3206.758
"5977",-3271.407
"5978",-3287.255
"5979",-3364.083
"5980",-3313.673
"5981",-3543.577
"5982",-3553.177
"5983",-3329.894
"5984",-3466.822
"5985",-3516.5
"5986",-3301.471
"5987",-3248.716
"5988",-3343.564
"5989",-3370.413
"5990",-3412.814
"5991",-3373.265
"5992",-3317.832
"5993",-3380.226
"5994",-3394.347
"5995",-3282.77
"5996",-3417.074
"5997",-3096.478
"5998",-3442.144
"5999",-3300.97
"6000",-3661.42
"6001",-3299.6
"6002",-3436.981
"6003",-3327.706
"6004",-3277.703
"6005",-3517.345
"6006",-3368.918
"6007",-3501.617
"6008",-3307.099
"6009",-3301.25
"6010",-3383.532
"6011",-3453.48
"6012",-3252.797
"6013",-3262.571
"6014",-3576.23
"6015",-3078.178
"6016",-3490.718
"6017",-3226.925
"6018",-3329.242
"6019",-3528.493
"6020",-3402.128
"6021",-3365.98
"6022",-3362.719
"6023",-3297.283
"6024",-3471.087
"6025",-3280.437
"6026",-3383.934
"6027",-3191.102
"6028",-3195.381
"6029",-3317.43
"6030",-3268.033
"6031",-3289.459
"6032",-3465.013
"6033",-3249.2
"6034",-3356.504
"6035",-3291.57
"6036",-3377.058
"6037",-3397.268
"6038",-3493.213
"6039",-3281.735
"6040",-3414.741
"6041",-3450.995
"6042",-3108.581
"6043",-3249.516
"6044",-3324.524
"6045",-3539.973
"6046",-3377.837
"6047",-3355.334
"6048",-3225.834
"6049",-3215.201
"6050",-3474.023
"6051",-3350.752
"6052",-3572.796
"6053",-3385.846
"6054",-3205.62
"6055",-3298.593
"6056",-3232.766
"6057",-3364.708
"6058",-3384.092
"6059",-3266.123
"6060",-3455.209
"6061",-3163.283
"6062",-3310.075
"6063",-3406.727
"6064",-3355.229
"6065",-3399.339
"6066",-3386.661
"6067",-3271.038
"6068",-3630.507
"6069",-3254.956
"6070",-3423.407
"6071",-3159.105
"6072",-3227.339
"6073",-3462.84
"6074",-3408.429
"6075",-3416.247
"6076",-3432.244
"6077",-3319.851
"6078",-3244.843
"6079",-3264.786
"6080",-3548.743
"6081",-3303.584
"6082",-3285.119
"6083",-3391.874
"6084",-3270.424
"6085",-3521.789
"6086",-3457.339
"6087",-3322.628
"6088",-3375.254
"6089",-3290.225
"6090",-3564.588
"6091",-3382.65
"6092",-3414.21
"6093",-3265.091
"6094",-3426.419
"6095",-3205.716
"6096",-3523.872
"6097",-3435.865
"6098",-3333.989
"6099",-3522.374
"6100",-3550.748
"6101",-3492.672
"6102",-3208.824
"6103",-3351.366
"6104",-3385.289
"6105",-3472.177
"6106",-3143.172
"6107",-3347.259
"6108",-3389.875
"6109",-3124.119
"6110",-3189.06
"6111",-3349.196
"6112",-3247.463
"6113",-3352.548
"6114",-3233.327
"6115",-3244.301
"6116",-3408.817
"6117",-3388.799
"6118",-3386.885
"6119",-3347.597
"6120",-3501.774
"6121",-3240.253
"6122",-3217.42
"6123",-3394.631
"6124",-3219.424
"6125",-3379.593
"6126",-3434.357
"6127",-3568.158
"6128",-3494.597
"6129",-3214.407
"6130",-3374.268
"6131",-3390.67
"6132",-3515.567
"6133",-3442.16
"6134",-3306.205
"6135",-3224.031
"6136",-3581.912
"6137",-3430.49
"6138",-3312.835
"6139",-3118.634
"6140",-3281.483
"6141",-3204.255
"6142",-3398.606
"6143",-3444.112
"6144",-3476.34
"6145",-3362.739
"6146",-3096.089
"6147",-3422.937
"6148",-3361.337
"6149",-3345.899
"6150",-3385.501
"6151",-3206.547
"6152",-3374.612
"6153",-3330.617
"6154",-3415.606
"6155",-3277.893
"6156",-3361.264
"6157",-3292.653
"6158",-3353.106
"6159",-3340.015
"6160",-3421.901
"6161",-3199.071
"6162",-3405.391
"6163",-3232.681
"6164",-3345.947
"6165",-3517.486
"6166",-3289.004
"6167",-3311.017
"6168",-3289.672
"6169",-3451.025
"6170",-3222.295
"6171",-3220.941
"6172",-3296.9
"6173",-3138.917
"6174",-3173.846
"6175",-3460.354
"6176",-3432.991
"6177",-3207.13
"6178",-3490.104
"6179",-3300.623
"6180",-3379.099
"6181",-3217.291
"6182",-3306.109
"6183",-3223.846
"6184",-3127.517
"6185",-3438.492
"6186",-3201.916
"6187",-3251.442
"6188",-3205.576
"6189",-3265.401
"6190",-3467.316
"6191",-3259.677
"6192",-3444.034
"6193",-3144.449
"6194",-3125.514
"6195",-3360.545
"6196",-3492.986
"6197",-3365.768
"6198",-3376.352
"6199",-3392.394
"6200",-3341.292
"6201",-3335.733
"6202",-3401.015
"6203",-3172.98
"6204",-3222.205
"6205",-3275.634
"6206",-3396.057
"6207",-3393.851
"6208",-3293.008
"6209",-3235.788
"6210",-3141.355
"6211",-3299.513
"6212",-3373.173
"6213",-3416.357
"6214",-3315.936
"6215",-3517.088
"6216",-3490.792
"6217",-3303.007
"6218",-3266.989
"6219",-3328.07
"6220",-3373.28
"6221",-3345.303
"6222",-3443.103
"6223",-3423.24
"6224",-3360.856
"6225",-3018.777
"6226",-3269.105
"6227",-3322.678
"6228",-3438.376
"6229",-3491.164
"6230",-3476.292
"6231",-3255.316
"6232",-3325.102
"6233",-3546.806
"6234",-3360.843
"6235",-3305.073
"6236",-3356.007
"6237",-3326.057
"6238",-3292.948
"6239",-3287.948
"6240",-3455.68
"6241",-3142.202
"6242",-3357.043
"6243",-3361.229
"6244",-3353.847
"6245",-3453.741
"6246",-3438.602
"6247",-3380.229
"6248",-3322.541
"6249",-3293.789
"6250",-3314.144
"6251",-3265.475
"6252",-3448.63
"6253",-3433.357
"6254",-3371.274
"6255",-3409.483
"6256",-3454.654
"6257",-3419.203
"6258",-3414.301
"6259",-3340.039
"6260",-3376.282
"6261",-3474.63
"6262",-3273.048
"6263",-3413.11
"6264",-3330.934
"6265",-3508.387
"6266",-3475.997
"6267",-3457.911
"6268",-3359.422
"6269",-3170.611
"6270",-3363.762
"6271",-3523.196
"6272",-3361.301
"6273",-3448.027
"6274",-3450.062
"6275",-3459.317
"6276",-3372.512
"6277",-3430.01
"6278",-3499.182
"6279",-3479.466
"6280",-3296.748
"6281",-3444.64
"6282",-3321.636
"6283",-3475.532
"6284",-3200.526
"6285",-3377.491
"6286",-3317.752
"6287",-3132.959
"6288",-3395.811
"6289",-3562.755
"6290",-3330.938
"6291",-3340.62
"6292",-3248.54
"6293",-3263.391
"6294",-3404.475
"6295",-3000.575
"6296",-3339.903
"6297",-3409.859
"6298",-3483.199
"6299",-3227.979
"6300",-3309.104
"6301",-3450.027
"6302",-3200.936
"6303",-3401.227
"6304",-3467.929
"6305",-3214.188
"6306",-3208.484
"6307",-3580.505
"6308",-3245.563
"6309",-3382.404
"6310",-3359.064
"6311",-3302.683
"6312",-3568.476
"6313",-3356.801
"6314",-3234.524
"6315",-3062.902
"6316",-3144.739
"6317",-3479.375
"6318",-3294.25
"6319",-3649.117
"6320",-3323.808
"6321",-3440.002
"6322",-3340.156
"6323",-3190.789
"6324",-3105.913
"6325",-3166.561
"6326",-3381.22
"6327",-3226.707
"6328",-3451.439
"6329",-3386.587
"6330",-3369.903
"6331",-3278.328
"6332",-3300.919
"6333",-3359.671
"6334",-3311.106
"6335",-3534.885
"6336",-3249.853
"6337",-3238.306
"6338",-3210.679
"6339",-3401.633
"6340",-3382.544
"6341",-3273.678
"6342",-3478.935
"6343",-3295.744
"6344",-3523.787
"6345",-3301.877
"6346",-3412.213
"6347",-3313.961
"6348",-3195.959
"6349",-3400.002
"6350",-3294.36
"6351",-3328.26
"6352",-3290.148
"6353",-3310.673
"6354",-3344.099
"6355",-3318.813
"6356",-3275.194
"6357",-3257.075
"6358",-3469.235
"6359",-3386.084
"6360",-3588.463
"6361",-3157.351
"6362",-3330.398
"6363",-3156.397
"6364",-3462.97
"6365",-3397.802
"6366",-3520.554
"6367",-3401.362
"6368",-3298.686
"6369",-3466.371
"6370",-3188.123
"6371",-3339.053
"6372",-3456.474
"6373",-3366.571
"6374",-3451.088
"6375",-3343.167
"6376",-3105.373
"6377",-3117.09
"6378",-3284.733
"6379",-3213.3
"6380",-3290.031
"6381",-3287.425
"6382",-3360.874
"6383",-3265.63
"6384",-3189.725
"6385",-3457.654
"6386",-3237.527
"6387",-3262.822
"6388",-3390.632
"6389",-3289.431
"6390",-3396.164
"6391",-3395.167
"6392",-3538.368
"6393",-3167.823
"6394",-3352.691
"6395",-3409.239
"6396",-3173.483
"6397",-3578.228
"6398",-3191.035
"6399",-3551.668
"6400",-3205.043
"6401",-3268.604
"6402",-3279.863
"6403",-3370.548
"6404",-3360.152
"6405",-3088.135
"6406",-3361.492
"6407",-3463.309
"6408",-3388.464
"6409",-3358.632
"6410",-3294.594
"6411",-3403.419
"6412",-3333.477
"6413",-3445.146
"6414",-3409.48
"6415",-3373.791
"6416",-3261.322
"6417",-3276.098
"6418",-3370.135
"6419",-3477.447
"6420",-3296.306
"6421",-3410.621
"6422",-3349.407
"6423",-3407.635
"6424",-3338.94
"6425",-3280.521
"6426",-3201.249
"6427",-3332.664
"6428",-3430.114
"6429",-3342.227
"6430",-3227.229
"6431",-3238.972
"6432",-3385.824
"6433",-3522.362
"6434",-3136.168
"6435",-3278.625
"6436",-3174.11
"6437",-3338.632
"6438",-3308.529
"6439",-3209.518
"6440",-3244.702
"6441",-3306.996
"6442",-3395.037
"6443",-3372.239
"6444",-3502.209
"6445",-3313.669
"6446",-3411.591
"6447",-3356.031
"6448",-3424.433
"6449",-3299.328
"6450",-3152.889
"6451",-3457.912
"6452",-3365.362
"6453",-3308.494
"6454",-3258.479
"6455",-3264.027
"6456",-3339.596
"6457",-3081.426
"6458",-3519.174
"6459",-3348.76
"6460",-3453.927
"6461",-3469.91
"6462",-3288.652
"6463",-3332.101
"6464",-3489.757
"6465",-3249.525
"6466",-3407.413
"6467",-3255.179
"6468",-3523.984
"6469",-3254.261
"6470",-3313.915
"6471",-3187.943
"6472",-3339.968
"6473",-3351.356
"6474",-3262.849
"6475",-3283.83
"6476",-3391.03
"6477",-3080.066
"6478",-3179.821
"6479",-3368.01
"6480",-3360.763
"6481",-3486.269
"6482",-3430.169
"6483",-3283.004
"6484",-3243.594
"6485",-3225.14
"6486",-3390.49
"6487",-3549.614
"6488",-3302.318
"6489",-3314.337
"6490",-3430.299
"6491",-3361.768
"6492",-3566.889
"6493",-3230.442
"6494",-3420.195
"6495",-3276.97
"6496",-3355.864
"6497",-3423.467
"6498",-3298.813
"6499",-3381.048
"6500",-3421.063
"6501",-3464.869
"6502",-3493.032
"6503",-3315.54
"6504",-3312.406
"6505",-3313.795
"6506",-3301.775
"6507",-3399.912
"6508",-3455.148
"6509",-3342.405
"6510",-3330.491
"6511",-3252.989
"6512",-3335.983
"6513",-3166.498
"6514",-3371.455
"6515",-3298.516
"6516",-3461.773
"6517",-3297.38
"6518",-3176.228
"6519",-3388.32
"6520",-3238.786
"6521",-3396.547
"6522",-3329.739
"6523",-3239.135
"6524",-3202.528
"6525",-3327.51
"6526",-3091.985
"6527",-3179.689
"6528",-3371.848
"6529",-3381.787
"6530",-3562.09
"6531",-3254.236
"6532",-3355.248
"6533",-3404.628
"6534",-3373.204
"6535",-3262.463
"6536",-3424.966
"6537",-3448.982
"6538",-3473.805
"6539",-3408.937
"6540",-3341.135
"6541",-3324.705
"6542",-3321.849
"6543",-3455.496
"6544",-3201.456
"6545",-3360.263
"6546",-3558.882
"6547",-3244.329
"6548",-3379.295
"6549",-3278.782
"6550",-3381.893
"6551",-3262.404
"6552",-3557.784
"6553",-3421.56
"6554",-3196.091
"6555",-3254.77
"6556",-3237.349
"6557",-3435.296
"6558",-3474.559
"6559",-3043.834
"6560",-3353.732
"6561",-3255.713
"6562",-3484.632
"6563",-3431.593
"6564",-3363.086
"6565",-3408.444
"6566",-3614.606
"6567",-3318.188
"6568",-3426.908
"6569",-3175.679
"6570",-3428.194
"6571",-3369.969
"6572",-3387.134
"6573",-3059.393
"6574",-3337.751
"6575",-3223.432
"6576",-3219.017
"6577",-3312.591
"6578",-3284.773
"6579",-3410.939
"6580",-3055.422
"6581",-3453.576
"6582",-3453.634
"6583",-3321.83
"6584",-3390.539
"6585",-3361.899
"6586",-3450.704
"6587",-3399.143
"6588",-3474.451
"6589",-3335.285
"6590",-3355.23
"6591",-3464.111
"6592",-3316.966
"6593",-3133.545
"6594",-3067.815
"6595",-3309.04
"6596",-3277.03
"6597",-3334.126
"6598",-3517.502
"6599",-3290.759
"6600",-3604.287
"6601",-3137.165
"6602",-3225.475
"6603",-3295.26
"6604",-3170.915
"6605",-3416.794
"6606",-3468.52
"6607",-3286.608
"6608",-3229.946
"6609",-3302.183
"6610",-3297.1
"6611",-3226.297
"6612",-3313.234
"6613",-3326.571
"6614",-3376.583
"6615",-3287.631
"6616",-3214.118
"6617",-3270.668
"6618",-3423.977
"6619",-3533.042
"6620",-3455.491
"6621",-3312.736
"6622",-3355.574
"6623",-3264.091
"6624",-3251.548
"6625",-3334.162
"6626",-3483.186
"6627",-3370.621
"6628",-3410.069
"6629",-3434.033
"6630",-3477.882
"6631",-3198.269
"6632",-3397.284
"6633",-3256.328
"6634",-3273.042
"6635",-3392.614
"6636",-3507.751
"6637",-3382.139
"6638",-3422.054
"6639",-3222.215
"6640",-3468.292
"6641",-3383.003
"6642",-3310.669
"6643",-3410.082
"6644",-3474.934
"6645",-3382.968
"6646",-3593.316
"6647",-3441.917
"6648",-3444.905
"6649",-3231.673
"6650",-3066.883
"6651",-3254.599
"6652",-3424.831
"6653",-3395.986
"6654",-3418.115
"6655",-3294.845
"6656",-3413.456
"6657",-3388.577
"6658",-3345.328
"6659",-3494.726
"6660",-3280.329
"6661",-3274.304
"6662",-3553.344
"6663",-3601.562
"6664",-3375.652
"6665",-3234.302
"6666",-3483.534
"6667",-3399.013
"6668",-3198.168
"6669",-3560.857
"6670",-3282.082
"6671",-3328.054
"6672",-3537.259
"6673",-3338.847
"6674",-3286.54
"6675",-3307.939
"6676",-3196.812
"6677",-3336.291
"6678",-3568.406
"6679",-3461.318
"6680",-3536.727
"6681",-3199.064
"6682",-3210.374
"6683",-3420.427
"6684",-3223.031
"6685",-3308.932
"6686",-3333.804
"6687",-3365.309
"6688",-3341.068
"6689",-3336.04
"6690",-3457.234
"6691",-3376.024
"6692",-3210.759
"6693",-3346.991
"6694",-3310.662
"6695",-3522.783
"6696",-3253.516
"6697",-3340.059
"6698",-3349.319
"6699",-3448.189
"6700",-3498.75
"6701",-3423.086
"6702",-3497.261
"6703",-3299.359
"6704",-3467.333
"6705",-3481.268
"6706",-3367.081
"6707",-3352.294
"6708",-3230.039
"6709",-3360.602
"6710",-3573.714
"6711",-3313.448
"6712",-3485.418
"6713",-3262.7
"6714",-3171.944
"6715",-3516.707
"6716",-3348.092
"6717",-3439.273
"6718",-3312.865
"6719",-3352.614
"6720",-3337.079
"6721",-3338.462
"6722",-3176.824
"6723",-3428.424
"6724",-3607.359
"6725",-3096.661
"6726",-3449.117
"6727",-3329.105
"6728",-3281.81
"6729",-3388.38
"6730",-3432.265
"6731",-3346.856
"6732",-3299.39
"6733",-3341.865
"6734",-3509.567
"6735",-3318.96
"6736",-3306.411
"6737",-3538.731
"6738",-3276.5
"6739",-3465.156
"6740",-3260.287
"6741",-3325.322
"6742",-3360.84
"6743",-3304.344
"6744",-3177.013
"6745",-3349.319
"6746",-3380.363
"6747",-3415.456
"6748",-3337.159
"6749",-3240.508
"6750",-3204.667
"6751",-3351.346
"6752",-3239.289
"6753",-3411.684
"6754",-3386.135
"6755",-3308.443
"6756",-3164.032
"6757",-3217.362
"6758",-3419.79
"6759",-3225.338
"6760",-3351.937
"6761",-3399.253
"6762",-3422.96
"6763",-3418.177
"6764",-3308.342
"6765",-3017.455
"6766",-3368.262
"6767",-3422.7
"6768",-3485.049
"6769",-3551.444
"6770",-3247.055
"6771",-3391.125
"6772",-3279.111
"6773",-2985.993
"6774",-3492.072
"6775",-3197.716
"6776",-3177.274
"6777",-3285.149
"6778",-3446.475
"6779",-3590.781
"6780",-3239.517
"6781",-3415.398
"6782",-3637.387
"6783",-3287.289
"6784",-3097.413
"6785",-3421.764
"6786",-3217.768
"6787",-3281.721
"6788",-3412.89
"6789",-3405.972
"6790",-3325.939
"6791",-3371.794
"6792",-3425.31
"6793",-3342.857
"6794",-3325.919
"6795",-3435.315
"6796",-3240.693
"6797",-3392.692
"6798",-3122.979
"6799",-3361.642
"6800",-3428.564
"6801",-3518.473
"6802",-3278.801
"6803",-3399.798
"6804",-3394.563
"6805",-3461.189
"6806",-3293.561
"6807",-3175.094
"6808",-3360.708
"6809",-3242.463
"6810",-3379.843
"6811",-3282.657
"6812",-3591.168
"6813",-3254.466
"6814",-3439.834
"6815",-3254.916
"6816",-3348.581
"6817",-3373.719
"6818",-3292.78
"6819",-3299.62
"6820",-3409.34
"6821",-3335.882
"6822",-3357.097
"6823",-3185.275
"6824",-3510.205
"6825",-3315.533
"6826",-3386.455
"6827",-3312.911
"6828",-3317.041
"6829",-3375.975
"6830",-3322.655
"6831",-3148.842
"6832",-3424.103
"6833",-3155.094
"6834",-3277.545
"6835",-3517.65
"6836",-3248.89
"6837",-3371.515
"6838",-3368.095
"6839",-3412.842
"6840",-3477.088
"6841",-3400.72
"6842",-3338.588
"6843",-3319.801
"6844",-3359.205
"6845",-3409.111
"6846",-3444.415
"6847",-3318.645
"6848",-3261.875
"6849",-3381.686
"6850",-3308.327
"6851",-3399.497
"6852",-3294.842
"6853",-3355.055
"6854",-3102.395
"6855",-3237.612
"6856",-3318.512
"6857",-3347.17
"6858",-3510.531
"6859",-3557.254
"6860",-3401.26
"6861",-3243.578
"6862",-3386.634
"6863",-3416.397
"6864",-3358.551
"6865",-3359.106
"6866",-3335.883
"6867",-3550.693
"6868",-3454.889
"6869",-3385.508
"6870",-3219.761
"6871",-3493.063
"6872",-3345.249
"6873",-3204.908
"6874",-3457.954
"6875",-3394.274
"6876",-3240.411
"6877",-3330.856
"6878",-3296.271
"6879",-3386.844
"6880",-3546.959
"6881",-3370.165
"6882",-3401.23
"6883",-3464.659
"6884",-3455.099
"6885",-3415.191
"6886",-3160.247
"6887",-3183.773
"6888",-3377.137
"6889",-3256.514
"6890",-3301.7
"6891",-3175.566
"6892",-3425.47
"6893",-3281.118
"6894",-3315.869
"6895",-3369.818
"6896",-3128.174
"6897",-3267.321
"6898",-3365.713
"6899",-3468.984
"6900",-3375.418
"6901",-3189.325
"6902",-3432.8
"6903",-3275.933
"6904",-3247.746
"6905",-3227.932
"6906",-3401.755
"6907",-3538.35
"6908",-3212.77
"6909",-3190.307
"6910",-3302.67
"6911",-3562.904
"6912",-3352.383
"6913",-3450.132
"6914",-3424.315
"6915",-3293.381
"6916",-3370.83
"6917",-3382.86
"6918",-3178.772
"6919",-3316.637
"6920",-3397.491
"6921",-3338.777
"6922",-3227.728
"6923",-3423.173
"6924",-3213.889
"6925",-3322.68
"6926",-3580.45
"6927",-3369.749
"6928",-3394.785
"6929",-3285.343
"6930",-3369.185
"6931",-3284.82
"6932",-3224.557
"6933",-3158.65
"6934",-3203.177
"6935",-3265.594
"6936",-3367.522
"6937",-3496.187
"6938",-3115.883
"6939",-3455.06
"6940",-3393.25
"6941",-3276.051
"6942",-3422.207
"6943",-3375.212
"6944",-3350.919
"6945",-3453.098
"6946",-3083.034
"6947",-3326.159
"6948",-3337.323
"6949",-3394.664
"6950",-3499.59
"6951",-3407.508
"6952",-3277.11
"6953",-3267.803
"6954",-3216.304
"6955",-3611.002
"6956",-3394.562
"6957",-3422.883
"6958",-3408.152
"6959",-3372.117
"6960",-3429.137
"6961",-3404.018
"6962",-3228.254
"6963",-3218.358
"6964",-3582.972
"6965",-3426.278
"6966",-3580.184
"6967",-3231.309
"6968",-3163.832
"6969",-3270.674
"6970",-3508.607
"6971",-3414.056
"6972",-3297.782
"6973",-3384.909
"6974",-3307.598
"6975",-3246.918
"6976",-3506.022
"6977",-3501.951
"6978",-3194.307
"6979",-3241.709
"6980",-3165.013
"6981",-3322.74
"6982",-3313.441
"6983",-3345.491
"6984",-3319.436
"6985",-3501.363
"6986",-3588.302
"6987",-3433.782
"6988",-3377.247
"6989",-3313.052
"6990",-3226.075
"6991",-3518.348
"6992",-3234.193
"6993",-3304.971
"6994",-3525.214
"6995",-3245.375
"6996",-3139.015
"6997",-3323.048
"6998",-3244.221
"6999",-3225.502
"7000",-3113.728
"7001",-3348.309
"7002",-3375.612
"7003",-3107.309
"7004",-3356.735
"7005",-3387.075
"7006",-3487.995
"7007",-3301.889
"7008",-3361.028
"7009",-3444.801
"7010",-3599.932
"7011",-3176.887
"7012",-3205.368
"7013",-3438.479
"7014",-3431.974
"7015",-3453.72
"7016",-3504.066
"7017",-3419.168
"7018",-3232.81
"7019",-3172.689
"7020",-3202.824
"7021",-3185.886
"7022",-3379.929
"7023",-3232.629
"7024",-3457.936
"7025",-3416.093
"7026",-3398.083
"7027",-3454.044
"7028",-3419.955
"7029",-3287.038
"7030",-3391.803
"7031",-3277.101
"7032",-3262.434
"7033",-3514.237
"7034",-3297.069
"7035",-3613.509
"7036",-3154.203
"7037",-3394.39
"7038",-3390.714
"7039",-3163.393
"7040",-3523.518
"7041",-3577.792
"7042",-3314.324
"7043",-3333.624
"7044",-3093.662
"7045",-3111.998
"7046",-3124.306
"7047",-3234.459
"7048",-3166.604
"7049",-3476.456
"7050",-3374.197
"7051",-3484.006
"7052",-3243.411
"7053",-3457.26
"7054",-3311.231
"7055",-3461.285
"7056",-3462.912
"7057",-3384.254
"7058",-3116.274
"7059",-3424.104
"7060",-3437.976
"7061",-3361.087
"7062",-3273.725
"7063",-3222.99
"7064",-3470.637
"7065",-3288.879
"7066",-3295.953
"7067",-3338.333
"7068",-3443.968
"7069",-3134.786
"7070",-3471.408
"7071",-3467.986
"7072",-3301.376
"7073",-3336.058
"7074",-3179.709
"7075",-3272.757
"7076",-3609.494
"7077",-3471.755
"7078",-3325.137
"7079",-3355.817
"7080",-3303.283
"7081",-3326.855
"7082",-3431.303
"7083",-3420.364
"7084",-3256.769
"7085",-3400.625
"7086",-3462.173
"7087",-3259.947
"7088",-3322.817
"7089",-3345.332
"7090",-3312.781
"7091",-3481.42
"7092",-3616.941
"7093",-3336.357
"7094",-3409.164
"7095",-3437.625
"7096",-3237.786
"7097",-3255.532
"7098",-3178.184
"7099",-3383.266
"7100",-3329.482
"7101",-3585.508
"7102",-3224.063
"7103",-3303.267
"7104",-3200.832
"7105",-3218.348
"7106",-3562.399
"7107",-3135.686
"7108",-3352.463
"7109",-3339.916
"7110",-3342.455
"7111",-3308.004
"7112",-3365.181
"7113",-3217.036
"7114",-3505.237
"7115",-3317.742
"7116",-3331.767
"7117",-3346.301
"7118",-3461.195
"7119",-3548.534
"7120",-3417.609
"7121",-3313.45
"7122",-3321.386
"7123",-3351.224
"7124",-3125.165
"7125",-3483.528
"7126",-3321.808
"7127",-3382.256
"7128",-3400.937
"7129",-3473.322
"7130",-3304.002
"7131",-3340.012
"7132",-3505.681
"7133",-3255.218
"7134",-3325.531
"7135",-3365.479
"7136",-3338.897
"7137",-3329.254
"7138",-3437.867
"7139",-3379.105
"7140",-3343.351
"7141",-3604.296
"7142",-3295.173
"7143",-3537.923
"7144",-3398.35
"7145",-3067.878
"7146",-3329.537
"7147",-3243.804
"7148",-3380.563
"7149",-3025.301
"7150",-3386.207
"7151",-3560.022
"7152",-3292.808
"7153",-3515.269
"7154",-3331.326
"7155",-3396.704
"7156",-3370.406
"7157",-3367.94
"7158",-3249.189
"7159",-3401.828
"7160",-3328.342
"7161",-3230.27
"7162",-3381.436
"7163",-3337.181
"7164",-3435.229
"7165",-3322.346
"7166",-3427.716
"7167",-3448.438
"7168",-3589.637
"7169",-3281.199
"7170",-3384.403
"7171",-3560.834
"7172",-3464.445
"7173",-3277.956
"7174",-3403.499
"7175",-3397.466
"7176",-3183.085
"7177",-3326.641
"7178",-3237.814
"7179",-3252.029
"7180",-3157.797
"7181",-3431.932
"7182",-3388.983
"7183",-3426.845
"7184",-3318.133
"7185",-3354.109
"7186",-3317.728
"7187",-3067.17
"7188",-3107.63
"7189",-3264.036
"7190",-3339.075
"7191",-3370.279
"7192",-3438.355
"7193",-3483.542
"7194",-3439.595
"7195",-3384.517
"7196",-3440.28
"7197",-3364.139
"7198",-3256.882
"7199",-3366.915
"7200",-3220.508
"7201",-3299.685
"7202",-3286.247
"7203",-3306.479
"7204",-3560.76
"7205",-3430.791
"7206",-3430.9
"7207",-3433.805
"7208",-3317.069
"7209",-3400.935
"7210",-3195.253
"7211",-3222.254
"7212",-3329.152
"7213",-3181.08
"7214",-3322.101
"7215",-3324.088
"7216",-3296.561
"7217",-3042.225
"7218",-3358.471
"7219",-3249.741
"7220",-3357.456
"7221",-3478.067
"7222",-3459.348
"7223",-3431.895
"7224",-3084.541
"7225",-3237.405
"7226",-3328.8
"7227",-3287.175
"7228",-3499.771
"7229",-3247.653
"7230",-3256.385
"7231",-3324.78
"7232",-3269.697
"7233",-3412.471
"7234",-3270.26
"7235",-3490.442
"7236",-3465.335
"7237",-3454.356
"7238",-3228.162
"7239",-3434.572
"7240",-3372.715
"7241",-3533.769
"7242",-3519.313
"7243",-3404.358
"7244",-3373.504
"7245",-3216.255
"7246",-3453.491
"7247",-3612.411
"7248",-3491.119
"7249",-3328.862
"7250",-3345.27
"7251",-3473.485
"7252",-3290.093
"7253",-3388.542
"7254",-3232.698
"7255",-3223.424
"7256",-3249.429
"7257",-3427.48
"7258",-3578.574
"7259",-3316.295
"7260",-3442.623
"7261",-3375.361
"7262",-3303.053
"7263",-3514.234
"7264",-3459.795
"7265",-3415.809
"7266",-3193.863
"7267",-3245.1
"7268",-3310.839
"7269",-3434.091
"7270",-3264.787
"7271",-3638.367
"7272",-3227.044
"7273",-3500.399
"7274",-3307.194
"7275",-3234.546
"7276",-3377.482
"7277",-3369.691
"7278",-3564.836
"7279",-3522.787
"7280",-3324.203
"7281",-3312.795
"7282",-3119.655
"7283",-3595.65
"7284",-3317.731
"7285",-3453.792
"7286",-3217.396
"7287",-3369.085
"7288",-3263.713
"7289",-3529.758
"7290",-3465.211
"7291",-3264.246
"7292",-3166.116
"7293",-3288.999
"7294",-3469.875
"7295",-3273.832
"7296",-2985.33
"7297",-3450.148
"7298",-3328.795
"7299",-3371.864
"7300",-3279.165
"7301",-3406.231
"7302",-3382.273
"7303",-3393.255
"7304",-3283.597
"7305",-3321.096
"7306",-3436.638
"7307",-3254.434
"7308",-3470.598
"7309",-3548.273
"7310",-3496.864
"7311",-3200.893
"7312",-3195.303
"7313",-3323.731
"7314",-3421.808
"7315",-3447.547
"7316",-3281.404
"7317",-3231.768
"7318",-3409.686
"7319",-3320.667
"7320",-3393.731
"7321",-3266.102
"7322",-3474.1
"7323",-3386.994
"7324",-3398.945
"7325",-3467.155
"7326",-3344.861
"7327",-3339.356
"7328",-3128.605
"7329",-3317.733
"7330",-3203.171
"7331",-3327.467
"7332",-3478.703
"7333",-3228.888
"7334",-3596.479
"7335",-3427.689
"7336",-3424.722
"7337",-3546.744
"7338",-3133.867
"7339",-3279.359
"7340",-3455.662
"7341",-3502.967
"7342",-3236.052
"7343",-3271.697
"7344",-3255.323
"7345",-3414.045
"7346",-3333.641
"7347",-3555.307
"7348",-3196.903
"7349",-3379.071
"7350",-3419.029
"7351",-3416.703
"7352",-3381.038
"7353",-3403.915
"7354",-3426.146
"7355",-3455.601
"7356",-3044.376
"7357",-3520.474
"7358",-3246.447
"7359",-3334.836
"7360",-3415.763
"7361",-3568.244
"7362",-3277.498
"7363",-3397.378
"7364",-3344.778
"7365",-3324.057
"7366",-3322.392
"7367",-3179.875
"7368",-3388.262
"7369",-3416.838
"7370",-3306.509
"7371",-3418.258
"7372",-3391.706
"7373",-3449.654
"7374",-3344.152
"7375",-3435.374
"7376",-3421.26
"7377",-3195.033
"7378",-3450.612
"7379",-3431.929
"7380",-3406.15
"7381",-3174.685
"7382",-3212.794
"7383",-3418.992
"7384",-3634.72
"7385",-3518.07
"7386",-3284.973
"7387",-3360.4
"7388",-3215.899
"7389",-3433.644
"7390",-3432.846
"7391",-3339.334
"7392",-3355.376
"7393",-3257.903
"7394",-3141.48
"7395",-3248.466
"7396",-3402.982
"7397",-3386.63
"7398",-3359.007
"7399",-3385.286
"7400",-3186.58
"7401",-3371.349
"7402",-3275.185
"7403",-3319.369
"7404",-3441.417
"7405",-3387.384
"7406",-3438.466
"7407",-3197.235
"7408",-3245.011
"7409",-3180.782
"7410",-3505.594
"7411",-3151.569
"7412",-3431.775
"7413",-3113.827
"7414",-3405.875
"7415",-3295.31
"7416",-3329.239
"7417",-3244.745
"7418",-3353.262
"7419",-3381.68
"7420",-3349.106
"7421",-3256.981
"7422",-3507.887
"7423",-3318.081
"7424",-3307.457
"7425",-3218.95
"7426",-3649.354
"7427",-3460.731
"7428",-3449.006
"7429",-3381.839
"7430",-3208.236
"7431",-3305.182
"7432",-3367.094
"7433",-3134.875
"7434",-3493.621
"7435",-3262.702
"7436",-3436.628
"7437",-3263.595
"7438",-3293.648
"7439",-3310.358
"7440",-3461.082
"7441",-3493.207
"7442",-3522.553
"7443",-3617.888
"7444",-3492.176
"7445",-3353.814
"7446",-3436.171
"7447",-3391.154
"7448",-3264.874
"7449",-3221.151
"7450",-3391.879
"7451",-3400.5
"7452",-3448.406
"7453",-3386.281
"7454",-3386.195
"7455",-3404.183
"7456",-3407.042
"7457",-3407.615
"7458",-3477.136
"7459",-3356.754
"7460",-3423.565
"7461",-3444.146
"7462",-3426.509
"7463",-3411.56
"7464",-3529.345
"7465",-3503.051
"7466",-3027.54
"7467",-3368.556
"7468",-3528.706
"7469",-3351.024
"7470",-3219.084
"7471",-3273.406
"7472",-3303.674
"7473",-3315.251
"7474",-3464.38
"7475",-3384.184
"7476",-3280.938
"7477",-3276.396
"7478",-3298.527
"7479",-3418.658
"7480",-3344.348
"7481",-3432.328
"7482",-3498.967
"7483",-3221.688
"7484",-3353.224
"7485",-3429.976
"7486",-3463.911
"7487",-3289.886
"7488",-3439.663
"7489",-3249.879
"7490",-3448.486
"7491",-2980.215
"7492",-3414.002
"7493",-3261.31
"7494",-3314.961
"7495",-3277.006
"7496",-3421.505
"7497",-3456.812
"7498",-3259.074
"7499",-3186.162
"7500",-3452.131
"7501",-3343.373
"7502",-3171.514
"7503",-3578.628
"7504",-3268.327
"7505",-3355.096
"7506",-3457.289
"7507",-3435.32
"7508",-3356.849
"7509",-3468.556
"7510",-3361.945
"7511",-3538.169
"7512",-3210.158
"7513",-3276.763
"7514",-3333.504
"7515",-3453.732
"7516",-3446.139
"7517",-2946.587
"7518",-3433.458
"7519",-3225.75
"7520",-3379.97
"7521",-3381.611
"7522",-3512.698
"7523",-3437.732
"7524",-3337.697
"7525",-3227.49
"7526",-3334.642
"7527",-3493.432
"7528",-3504.858
"7529",-3455.275
"7530",-3651.053
"7531",-3366.799
"7532",-3297.433
"7533",-3268.819
"7534",-3678.305
"7535",-3309.831
"7536",-3457.232
"7537",-3221.392
"7538",-3428.233
"7539",-3467.361
"7540",-3344.089
"7541",-3399.141
"7542",-3348.948
"7543",-3300.207
"7544",-3272.77
"7545",-3146.566
"7546",-3207.914
"7547",-3348.735
"7548",-3134.746
"7549",-3321.973
"7550",-3495.334
"7551",-3347.397
"7552",-3388.768
"7553",-3309.076
"7554",-3233.881
"7555",-3389.839
"7556",-3395.775
"7557",-3475.785
"7558",-3454.069
"7559",-3468.04
"7560",-3456.669
"7561",-3173.846
"7562",-3326.371
"7563",-3264.594
"7564",-3359.934
"7565",-3402.386
"7566",-3331.384
"7567",-3337.499
"7568",-3309.093
"7569",-3219.29
"7570",-3578.416
"7571",-3142.802
"7572",-3138.425
"7573",-3288.566
"7574",-3301.871
"7575",-3305.554
"7576",-3163.867
"7577",-3284.261
"7578",-3252.511
"7579",-3275.994
"7580",-3147.392
"7581",-3412.33
"7582",-3533.727
"7583",-3362.88
"7584",-3091.45
"7585",-3321.098
"7586",-3334.01
"7587",-3331.126
"7588",-3568.103
"7589",-3407.91
"7590",-3246.898
"7591",-3409.275
"7592",-3156.101
"7593",-3602.702
"7594",-3256.948
"7595",-3213.93
"7596",-3348.361
"7597",-3399.215
"7598",-3238.826
"7599",-3357.429
"7600",-3223.767
"7601",-3331.875
"7602",-3164.694
"7603",-3470.842
"7604",-3175.053
"7605",-3275.879
"7606",-3250.483
"7607",-3303.746
"7608",-3425.85
"7609",-3343.979
"7610",-3498.062
"7611",-3552.576
"7612",-3211.832
"7613",-3216.115
"7614",-3276.244
"7615",-3287.092
"7616",-3341.901
"7617",-3156.811
"7618",-3305.157
"7619",-3316.133
"7620",-3368.253
"7621",-3204.578
"7622",-3532.678
"7623",-3313.199
"7624",-3187.901
"7625",-3234.354
"7626",-3166.43
"7627",-3207.663
"7628",-3365.035
"7629",-3370.698
"7630",-3214.978
"7631",-3524.168
"7632",-3243.772
"7633",-3342.13
"7634",-3497.027
"7635",-3142.641
"7636",-3345.03
"7637",-3344.15
"7638",-3406.595
"7639",-3230.053
"7640",-3346.408
"7641",-3218.152
"7642",-3352.346
"7643",-3352.337
"7644",-3506.755
"7645",-3232.831
"7646",-3446.293
"7647",-3246.162
"7648",-3301.864
"7649",-3413.63
"7650",-3357.975
"7651",-3400.802
"7652",-3278.137
"7653",-3458.215
"7654",-3383.861
"7655",-3420.28
"7656",-3347.843
"7657",-3360.869
"7658",-3336.513
"7659",-3328.586
"7660",-3239.977
"7661",-3209.683
"7662",-3456.087
"7663",-3292.544
"7664",-3303.258
"7665",-3429.521
"7666",-3309.564
"7667",-3344.473
"7668",-3431.46
"7669",-3585.675
"7670",-3483.642
"7671",-3351.734
"7672",-3379.284
"7673",-3375.722
"7674",-3513.573
"7675",-3433.753
"7676",-3327.587
"7677",-3389.923
"7678",-3300.584
"7679",-3377.582
"7680",-3238.798
"7681",-3665.149
"7682",-3206.011
"7683",-3193.814
"7684",-3421.894
"7685",-3630.939
"7686",-3301.853
"7687",-3294.352
"7688",-3324.647
"7689",-3440.691
"7690",-3513.593
"7691",-3301.117
"7692",-3393.767
"7693",-3168.205
"7694",-3320.467
"7695",-3495.784
"7696",-3432.294
"7697",-3315.338
"7698",-3540.927
"7699",-3340.091
"7700",-3435.372
"7701",-3280.549
"7702",-3188.625
"7703",-3483.605
"7704",-3210.348
"7705",-3109.015
"7706",-3366.703
"7707",-3218.762
"7708",-3328.021
"7709",-3306.97
"7710",-3466.247
"7711",-3294.77
"7712",-3486.819
"7713",-3357.585
"7714",-3567.839
"7715",-3364.727
"7716",-3407.279
"7717",-3282.783
"7718",-3350.286
"7719",-3304.465
"7720",-3241.445
"7721",-3301.946
"7722",-3236.291
"7723",-3322.773
"7724",-3453.058
"7725",-3483.578
"7726",-3197.704
"7727",-3225.83
"7728",-3488.669
"7729",-3432.838
"7730",-3256.779
"7731",-3293.229
"7732",-3395.929
"7733",-3521.723
"7734",-3359.426
"7735",-3387.203
"7736",-3214.688
"7737",-3280.414
"7738",-3337.619
"7739",-3300.932
"7740",-3576.108
"7741",-3491.877
"7742",-3388.094
"7743",-3404.954
"7744",-3409.149
"7745",-3144.977
"7746",-3468.23
"7747",-3288.712
"7748",-3123.824
"7749",-3295.794
"7750",-3267.534
"7751",-3398.135
"7752",-3401.71
"7753",-3207.196
"7754",-3310.682
"7755",-3456.554
"7756",-3282.131
"7757",-3560.057
"7758",-3486.014
"7759",-3269.014
"7760",-3511.472
"7761",-3384
"7762",-3269.848
"7763",-3392.782
"7764",-3510.898
"7765",-3573.586
"7766",-3308.794
"7767",-3211.193
"7768",-3435.021
"7769",-3385.709
"7770",-3203.576
"7771",-3333.18
"7772",-3294.784
"7773",-3226.63
"7774",-3295.331
"7775",-3521.865
"7776",-3190.817
"7777",-3420.089
"7778",-3308.165
"7779",-3223.631
"7780",-3117.577
"7781",-3257.878
"7782",-3121.397
"7783",-3402.567
"7784",-3444.222
"7785",-3363.393
"7786",-3413.712
"7787",-3275.524
"7788",-3376.713
"7789",-3453.638
"7790",-3430.83
"7791",-3561.739
"7792",-3304.891
"7793",-3154.014
"7794",-3359.896
"7795",-3530.314
"7796",-3380.11
"7797",-3228.876
"7798",-3396.038
"7799",-3484.048
"7800",-3377.396
"7801",-3321.631
"7802",-3260.242
"7803",-3382.453
"7804",-3393.875
"7805",-3438.452
"7806",-3348.198
"7807",-3523.278
"7808",-3352.215
"7809",-3302.647
"7810",-3079.195
"7811",-3225.967
"7812",-3372.61
"7813",-3232.718
"7814",-3351.8
"7815",-3433.298
"7816",-3205.3
"7817",-3338.153
"7818",-3198.868
"7819",-3503.845
"7820",-3586.17
"7821",-3110.264
"7822",-3261.148
"7823",-3253.813
"7824",-3326.916
"7825",-3213.87
"7826",-3227.229
"7827",-3493.217
"7828",-3318.771
"7829",-3256.789
"7830",-3487.148
"7831",-3408.368
"7832",-3350.925
"7833",-3376.474
"7834",-3324.159
"7835",-3374.641
"7836",-3442.986
"7837",-3534.068
"7838",-3547.863
"7839",-3353.898
"7840",-3441.518
"7841",-3550.654
"7842",-3427.431
"7843",-3251.03
"7844",-3264.074
"7845",-3307.517
"7846",-3356.309
"7847",-3599.66
"7848",-3272.482
"7849",-3142.549
"7850",-3195.326
"7851",-3324.089
"7852",-3215.312
"7853",-3200.598
"7854",-3185.627
"7855",-3362.674
"7856",-3431.009
"7857",-3260.867
"7858",-3358.587
"7859",-3449.68
"7860",-3451.173
"7861",-3386.595
"7862",-3153.887
"7863",-3398.349
"7864",-3268.196
"7865",-3442.864
"7866",-3518.801
"7867",-3557.025
"7868",-3107.056
"7869",-3342.126
"7870",-3369.088
"7871",-3249.493
"7872",-3222.99
"7873",-3383.356
"7874",-3330.285
"7875",-3590.312
"7876",-3393.764
"7877",-3312.564
"7878",-3429.293
"7879",-3337.676
"7880",-3382.657
"7881",-3294.534
"7882",-3507.702
"7883",-3558.885
"7884",-3439.235
"7885",-3279.731
"7886",-3336.875
"7887",-3104.965
"7888",-3486.518
"7889",-3330.451
"7890",-3360.43
"7891",-3409.999
"7892",-3461.702
"7893",-3533.63
"7894",-3309.42
"7895",-3299.179
"7896",-3433.498
"7897",-3292.148
"7898",-3132.691
"7899",-3320.322
"7900",-3309.964
"7901",-3419.747
"7902",-3467.741
"7903",-3294.399
"7904",-3110.741
"7905",-3116.433
"7906",-3263.744
"7907",-3217.555
"7908",-3245.099
"7909",-3207.331
"7910",-3255.102
"7911",-3433.346
"7912",-3324.781
"7913",-3289.127
"7914",-3689.556
"7915",-3447.385
"7916",-3226.622
"7917",-3321.746
"7918",-3380.617
"7919",-3519.604
"7920",-3294.772
"7921",-3372.176
"7922",-3333.931
"7923",-3122.314
"7924",-3374.83
"7925",-3403.871
"7926",-3258.027
"7927",-3393.863
"7928",-3261.911
"7929",-3365.159
"7930",-3213.825
"7931",-3388.605
"7932",-3398.65
"7933",-3339.053
"7934",-3340.587
"7935",-3425.542
"7936",-3463.422
"7937",-3328.657
"7938",-3412.425
"7939",-3087.617
"7940",-3518.079
"7941",-3288.601
"7942",-3346.045
"7943",-3512.085
"7944",-3318.535
"7945",-3485.159
"7946",-3460.067
"7947",-3502.698
"7948",-3549.911
"7949",-3369.232
"7950",-3352.108
"7951",-3522.254
"7952",-3343.913
"7953",-3561.758
"7954",-3351.542
"7955",-3346.416
"7956",-3519.408
"7957",-3421.178
"7958",-3406.835
"7959",-3285.24
"7960",-3320.371
"7961",-3365.318
"7962",-3259.932
"7963",-3365.556
"7964",-3404.578
"7965",-3442.98
"7966",-3327.151
"7967",-3370.029
"7968",-3166.905
"7969",-3349.032
"7970",-3195.033
"7971",-3487.668
"7972",-3146.515
"7973",-3603.894
"7974",-3265.555
"7975",-3352.28
"7976",-3737.347
"7977",-3339.245
"7978",-3038.433
"7979",-3468.87
"7980",-3425.094
"7981",-3463.628
"7982",-3303.591
"7983",-3352.264
"7984",-3297.313
"7985",-3430.402
"7986",-3384.176
"7987",-3260.772
"7988",-3416.505
"7989",-3454.107
"7990",-3485.218
"7991",-3444.953
"7992",-3347.807
"7993",-3383.267
"7994",-3364.851
"7995",-3242.576
"7996",-3200.601
"7997",-3296.75
"7998",-3480.254
"7999",-3323.642
"8000",-3381.23
"8001",-3210.627
"8002",-3129.991
"8003",-3502.627
"8004",-3335.352
"8005",-3305.809
"8006",-3492.144
"8007",-3260.816
"8008",-3480.761
"8009",-3295.937
"8010",-3284.313
"8011",-3385.082
"8012",-3435.699
"8013",-3637.623
"8014",-3234.174
"8015",-3214.216
"8016",-3388.5
"8017",-3316.314
"8018",-3225.353
"8019",-3293.117
"8020",-3178.93
"8021",-3152.11
"8022",-3406.945
"8023",-3218.937
"8024",-3554.007
"8025",-3344.587
"8026",-3522.249
"8027",-3264.824
"8028",-3322.133
"8029",-3317.37
"8030",-3388.299
"8031",-3436.096
"8032",-3371.353
"8033",-3578.851
"8034",-3231.94
"8035",-3330.329
"8036",-3470.318
"8037",-3546.435
"8038",-3303.877
"8039",-3142.062
"8040",-3300.932
"8041",-3364.363
"8042",-3314.265
"8043",-3533.633
"8044",-3628.821
"8045",-3257.723
"8046",-3490.837
"8047",-3453.477
"8048",-3470.494
"8049",-3390.181
"8050",-3265.718
"8051",-3546.074
"8052",-3305.724
"8053",-3332.805
"8054",-3568.31
"8055",-3265.672
"8056",-3478.548
"8057",-3450.677
"8058",-3392.285
"8059",-3475.725
"8060",-3357.397
"8061",-3484.757
"8062",-2974.106
"8063",-3281.852
"8064",-3516.632
"8065",-3431.782
"8066",-3534.969
"8067",-3409.137
"8068",-3224.731
"8069",-3273.496
"8070",-3231.599
"8071",-3436.421
"8072",-3320.494
"8073",-3402.569
"8074",-3222.129
"8075",-3631.097
"8076",-3423.449
"8077",-3304.016
"8078",-3315.644
"8079",-3340.37
"8080",-3399.015
"8081",-3270.607
"8082",-3392.936
"8083",-3259.971
"8084",-3267.615
"8085",-3250.205
"8086",-3236.721
"8087",-3226.191
"8088",-3092.089
"8089",-3398.665
"8090",-3328.076
"8091",-3258.762
"8092",-3372.608
"8093",-3499.537
"8094",-3507.293
"8095",-3167.107
"8096",-3304.452
"8097",-3633.468
"8098",-3150.577
"8099",-3557.475
"8100",-3409.371
"8101",-3483.705
"8102",-3459.411
"8103",-3336.483
"8104",-3551.472
"8105",-3392.266
"8106",-3454.129
"8107",-3218.039
"8108",-3315.403
"8109",-3352.637
"8110",-3173.288
"8111",-3351.626
"8112",-3393.666
"8113",-3346.88
"8114",-3423.981
"8115",-3342.601
"8116",-3320.213
"8117",-3367.436
"8118",-3231.152
"8119",-3268.618
"8120",-3384.052
"8121",-3224.659
"8122",-3398.826
"8123",-3173.43
"8124",-3212.758
"8125",-3314.549
"8126",-3445.77
"8127",-3562.55
"8128",-3546.185
"8129",-3424.5
"8130",-3449.77
"8131",-3299.479
"8132",-3531.975
"8133",-3329.549
"8134",-3296.535
"8135",-3342.353
"8136",-3074.971
"8137",-3473.893
"8138",-3317.802
"8139",-3297.282
"8140",-3260.297
"8141",-3427.946
"8142",-3420.587
"8143",-3224.254
"8144",-3365.697
"8145",-3312.971
"8146",-3426.115
"8147",-3524.564
"8148",-3240.49
"8149",-3234.374
"8150",-3301.461
"8151",-3503.375
"8152",-3290.525
"8153",-3317.151
"8154",-3443.246
"8155",-3249.923
"8156",-3215.209
"8157",-3406.374
"8158",-3290.113
"8159",-3389.524
"8160",-3411.889
"8161",-3309.134
"8162",-3532.547
"8163",-3082.203
"8164",-3290.385
"8165",-3254.389
"8166",-3248.046
"8167",-3660.747
"8168",-3191.348
"8169",-3350.903
"8170",-3195.703
"8171",-3436.682
"8172",-3418.091
"8173",-3486.44
"8174",-3357.936
"8175",-3509.721
"8176",-3513.8
"8177",-3354.806
"8178",-3433.212
"8179",-3368.938
"8180",-3511.53
"8181",-3322.18
"8182",-3519.606
"8183",-3320.114
"8184",-3511.218
"8185",-3487.594
"8186",-3398.523
"8187",-3292.973
"8188",-3315.793
"8189",-3313.351
"8190",-3651.669
"8191",-3289.341
"8192",-3465.602
"8193",-3475.344
"8194",-3479.097
"8195",-3193.966
"8196",-3363.247
"8197",-3410.311
"8198",-3371.54
"8199",-3344.35
"8200",-3191.93
"8201",-3587.764
"8202",-3408.65
"8203",-3451.051
"8204",-3458.734
"8205",-3497.36
"8206",-3125.485
"8207",-3336.633
"8208",-3391.149
"8209",-3442.157
"8210",-3512.883
"8211",-3334.41
"8212",-3376.283
"8213",-3312.993
"8214",-3241.69
"8215",-3649.683
"8216",-3246.29
"8217",-3500.087
"8218",-3464.727
"8219",-3265.191
"8220",-3270.077
"8221",-3337.19
"8222",-3422.14
"8223",-3289.192
"8224",-3447.645
"8225",-3067.528
"8226",-3546.913
"8227",-3198.439
"8228",-3287.002
"8229",-3475.108
"8230",-3358.958
"8231",-3404.064
"8232",-3205.703
"8233",-3369.518
"8234",-3335.521
"8235",-3461.191
"8236",-3303.794
"8237",-3430.736
"8238",-3438.831
"8239",-3378.013
"8240",-3463.664
"8241",-3380.298
"8242",-3280.554
"8243",-3207.474
"8244",-3321.237
"8245",-3332.662
"8246",-3253.927
"8247",-3427.622
"8248",-3310.938
"8249",-3179.757
"8250",-3440.108
"8251",-3337.137
"8252",-3437.429
"8253",-3238.279
"8254",-3295.363
"8255",-3297.535
"8256",-3366.094
"8257",-3253.69
"8258",-3337.457
"8259",-3224.578
"8260",-3480.375
"8261",-3296.637
"8262",-3289.36
"8263",-3204.991
"8264",-3470.578
"8265",-3359.796
"8266",-3488.239
"8267",-3333.922
"8268",-3409.8
"8269",-3264.827
"8270",-3435.89
"8271",-3470.524
"8272",-3475.468
"8273",-3386.467
"8274",-3282.416
"8275",-3381.507
"8276",-3266.202
"8277",-3380.945
"8278",-3448.653
"8279",-3292.193
"8280",-3347.765
"8281",-3446.594
"8282",-3333.095
"8283",-3436.414
"8284",-3327.082
"8285",-3646.849
"8286",-3337.288
"8287",-3297.707
"8288",-3223.203
"8289",-3410.077
"8290",-3136.779
"8291",-3191.082
"8292",-3436.467
"8293",-3214.416
"8294",-3309.826
"8295",-3295.348
"8296",-3409.033
"8297",-3357.683
"8298",-3273.454
"8299",-3106.317
"8300",-3309.911
"8301",-2998.37
"8302",-3488.365
"8303",-3197.957
"8304",-3256.172
"8305",-3300.105
"8306",-3392.724
"8307",-3373.697
"8308",-3161.286
"8309",-3395.327
"8310",-3497.67
"8311",-3346.751
"8312",-3593.333
"8313",-3432.555
"8314",-3439.851
"8315",-3310.88
"8316",-3326.759
"8317",-3426.678
"8318",-3359.08
"8319",-3281.535
"8320",-3335.221
"8321",-3444.418
"8322",-3389.715
"8323",-3105.293
"8324",-3502.731
"8325",-3256.887
"8326",-3378.047
"8327",-3156.279
"8328",-3510.692
"8329",-3445.847
"8330",-3029.914
"8331",-3406.903
"8332",-3426.469
"8333",-3589.157
"8334",-3175.418
"8335",-3515.641
"8336",-3444.278
"8337",-3353.974
"8338",-3348.644
"8339",-3259.706
"8340",-3452.405
"8341",-3319.106
"8342",-3380.649
"8343",-3567.295
"8344",-3299.467
"8345",-3200.756
"8346",-3310.313
"8347",-3454.948
"8348",-3411.255
"8349",-3341.088
"8350",-3361.331
"8351",-3284.061
"8352",-3252.988
"8353",-3491.567
"8354",-3357.323
"8355",-3281.435
"8356",-3580.793
"8357",-3398.367
"8358",-3401.915
"8359",-3386.516
"8360",-3415.074
"8361",-3324.327
"8362",-3417.753
"8363",-3408.135
"8364",-3308.263
"8365",-3263.235
"8366",-3261.136
"8367",-3444.231
"8368",-3389.056
"8369",-3204.768
"8370",-3212.282
"8371",-3423.225
"8372",-3311.048
"8373",-3378.846
"8374",-3330.292
"8375",-3363.81
"8376",-3399.625
"8377",-3105.647
"8378",-3462.209
"8379",-3251.921
"8380",-3247.185
"8381",-3295.448
"8382",-3358.02
"8383",-3363.587
"8384",-3272.998
"8385",-3309.404
"8386",-3471.202
"8387",-3474.072
"8388",-3407.448
"8389",-3446.016
"8390",-3302.238
"8391",-3187.281
"8392",-3181.81
"8393",-3276.219
"8394",-3247.184
"8395",-3221.696
"8396",-3261.281
"8397",-3376.748
"8398",-3144.926
"8399",-3358.416
"8400",-3248.391
"8401",-3206.716
"8402",-3156.053
"8403",-3444.182
"8404",-3251.295
"8405",-3569.663
"8406",-3341.138
"8407",-3448.113
"8408",-3228.577
"8409",-3455.171
"8410",-3218.473
"8411",-3266.065
"8412",-3375.369
"8413",-3400.957
"8414",-3302.845
"8415",-3267.62
"8416",-3332.973
"8417",-3219.013
"8418",-3196.967
"8419",-3231.724
"8420",-3386.802
"8421",-3513.41
"8422",-3458.592
"8423",-3435.849
"8424",-3370.104
"8425",-3307.172
"8426",-3658.566
"8427",-3293.493
"8428",-3466.024
"8429",-3291.939
"8430",-3233.925
"8431",-3234.378
"8432",-3329.558
"8433",-3383.315
"8434",-3241.82
"8435",-3401.425
"8436",-3563.418
"8437",-3319.862
"8438",-3294.478
"8439",-3409.184
"8440",-3485.447
"8441",-2985.267
"8442",-3476.287
"8443",-3327.68
"8444",-3467.903
"8445",-3187.719
"8446",-3201.975
"8447",-3249.278
"8448",-3345.502
"8449",-3331.45
"8450",-3143.447
"8451",-3499.809
"8452",-3293.104
"8453",-3211.502
"8454",-3424.263
"8455",-3217.089
"8456",-3432.909
"8457",-3323.854
"8458",-3190.646
"8459",-3317.671
"8460",-3667.737
"8461",-3416.027
"8462",-3382.834
"8463",-3193.124
"8464",-3225.592
"8465",-3085.036
"8466",-2955.111
"8467",-3375.181
"8468",-3430.31
"8469",-3440.317
"8470",-3454.879
"8471",-3193.017
"8472",-3573.993
"8473",-3362.377
"8474",-3447.804
"8475",-3390.742
"8476",-3467.771
"8477",-3334.78
"8478",-3299.688
"8479",-3389.809
"8480",-3279.329
"8481",-3326.778
"8482",-3238.862
"8483",-3492.297
"8484",-3303.541
"8485",-3083.878
"8486",-3088.479
"8487",-3296.089
"8488",-3304.954
"8489",-3298.81
"8490",-3340.702
"8491",-3426.296
"8492",-3418.043
"8493",-3354.064
"8494",-3628.211
"8495",-3413.45
"8496",-3376.959
"8497",-3430.376
"8498",-3472.164
"8499",-3327.209
"8500",-3336.295
"8501",-3206.967
"8502",-3251.639
"8503",-3402.965
"8504",-3297.378
"8505",-3324.23
"8506",-3307.39
"8507",-3518.914
"8508",-3211.905
"8509",-3541.816
"8510",-3167.883
"8511",-3110.623
"8512",-3386.454
"8513",-3264.548
"8514",-3321.146
"8515",-3334.178
"8516",-3500.937
"8517",-3353.673
"8518",-3274.273
"8519",-3255.714
"8520",-3549.632
"8521",-3321.433
"8522",-3479.004
"8523",-3332.476
"8524",-3225.785
"8525",-3482.319
"8526",-3198.192
"8527",-3392.666
"8528",-3173.905
"8529",-3333.182
"8530",-3317.711
"8531",-3497.972
"8532",-3422.152
"8533",-3577.415
"8534",-3365.539
"8535",-3444.282
"8536",-3362.294
"8537",-3274.327
"8538",-3272.449
"8539",-3472.724
"8540",-3263.595
"8541",-3479.436
"8542",-3332.786
"8543",-3418.567
"8544",-3558.519
"8545",-3502.216
"8546",-3224.563
"8547",-3541.699
"8548",-3234.315
"8549",-3221.519
"8550",-3377.138
"8551",-3346.149
"8552",-3276.972
"8553",-3414.251
"8554",-3253.566
"8555",-3311.215
"8556",-3322.303
"8557",-3479.598
"8558",-3257.481
"8559",-3475.46
"8560",-3229.874
"8561",-3263.465
"8562",-3238.715
"8563",-3592.212
"8564",-3429.708
"8565",-3296.877
"8566",-3169.127
"8567",-3373.394
"8568",-3405.364
"8569",-3281.508
"8570",-3216.468
"8571",-3340.708
"8572",-3539.669
"8573",-3434.942
"8574",-3304.008
"8575",-3317.308
"8576",-3272.474
"8577",-3534.138
"8578",-3450.557
"8579",-3215.724
"8580",-3571.099
"8581",-3541.406
"8582",-3254.131
"8583",-3169.412
"8584",-3438.359
"8585",-3351.412
"8586",-3209.608
"8587",-3396.9
"8588",-3378.388
"8589",-3381.453
"8590",-3144.769
"8591",-3486.538
"8592",-3217.673
"8593",-3291.052
"8594",-3393.121
"8595",-3344.802
"8596",-3221.834
"8597",-3251.52
"8598",-3459.955
"8599",-3459
"8600",-3418.223
"8601",-3360.167
"8602",-3424.92
"8603",-3167.719
"8604",-3478.525
"8605",-3285.551
"8606",-3411.141
"8607",-3389.409
"8608",-3382.175
"8609",-3329.901
"8610",-3425.513
"8611",-3555.113
"8612",-3329.475
"8613",-3306.673
"8614",-3410.091
"8615",-3295.394
"8616",-3368.438
"8617",-3344.4
"8618",-3302.194
"8619",-3550.424
"8620",-3297.097
"8621",-3330.684
"8622",-3408.114
"8623",-3517.183
"8624",-3371.744
"8625",-3326.987
"8626",-3297.031
"8627",-3432.634
"8628",-3280.317
"8629",-3320.152
"8630",-3673.118
"8631",-3485.105
"8632",-3364.818
"8633",-3446.03
"8634",-3319.247
"8635",-3399.646
"8636",-3495.773
"8637",-3485.514
"8638",-3428.92
"8639",-3334.229
"8640",-3191.42
"8641",-3219.061
"8642",-3431.859
"8643",-3198.68
"8644",-3339.248
"8645",-3346.614
"8646",-3372.441
"8647",-3307.113
"8648",-3372.502
"8649",-3340.042
"8650",-3267.627
"8651",-3317.642
"8652",-3235.48
"8653",-3539.89
"8654",-3392.323
"8655",-3317.529
"8656",-3348.841
"8657",-3289.127
"8658",-3372.042
"8659",-3311.447
"8660",-3295.281
"8661",-3142.022
"8662",-3513.185
"8663",-3371.159
"8664",-3435.459
"8665",-3305.964
"8666",-3311.53
"8667",-3271.837
"8668",-3366.982
"8669",-3531.265
"8670",-3312.968
"8671",-3385.339
"8672",-3497.608
"8673",-3290.374
"8674",-3477.63
"8675",-3133.381
"8676",-3316.663
"8677",-3511.991
"8678",-3423.531
"8679",-3460.007
"8680",-3269.473
"8681",-3295.214
"8682",-3527.797
"8683",-3206.652
"8684",-3358.519
"8685",-3490.855
"8686",-3376.017
"8687",-3474.462
"8688",-3262.93
"8689",-3386.886
"8690",-3505.848
"8691",-3426.829
"8692",-3535.841
"8693",-3355.092
"8694",-3450.252
"8695",-3403.017
"8696",-3279.633
"8697",-3326.47
"8698",-3256.391
"8699",-3483.455
"8700",-3412.752
"8701",-3338.817
"8702",-3156.623
"8703",-3268.081
"8704",-3302.161
"8705",-3265.992
"8706",-3138.594
"8707",-3313.649
"8708",-3416.705
"8709",-3382.023
"8710",-3291.397
"8711",-3306.108
"8712",-3329.029
"8713",-3233.575
"8714",-3282.855
"8715",-3370.452
"8716",-3430.08
"8717",-3492.41
"8718",-3321.719
"8719",-3353.573
"8720",-3390.334
"8721",-3533.462
"8722",-3565.794
"8723",-3570.925
"8724",-3359.837
"8725",-3268.259
"8726",-3286.492
"8727",-3231.893
"8728",-3164.346
"8729",-3343.277
"8730",-3425.385
"8731",-3344.482
"8732",-3170.637
"8733",-3226.487
"8734",-3413.384
"8735",-3357.596
"8736",-3207.259
"8737",-3413.704
"8738",-3377.903
"8739",-3447.9
"8740",-3416.358
"8741",-3305.293
"8742",-3320.397
"8743",-3329.041
"8744",-3419.887
"8745",-3282.671
"8746",-3162.025
"8747",-3276.559
"8748",-3426.732
"8749",-3341.544
"8750",-3398.412
"8751",-3510.016
"8752",-3204.632
"8753",-3427.987
"8754",-3269.717
"8755",-3382.675
"8756",-3340.598
"8757",-3162.723
"8758",-3410.95
"8759",-3411.778
"8760",-3280.277
"8761",-3114.035
"8762",-3450.659
"8763",-3365.58
"8764",-3387.506
"8765",-3449.495
"8766",-3277.142
"8767",-3511.957
"8768",-3217.477
"8769",-3425.282
"8770",-3419.912
"8771",-3193.797
"8772",-3179.303
"8773",-3170.102
"8774",-3230.077
"8775",-3390.709
"8776",-3333.961
"8777",-3318.115
"8778",-3241.151
"8779",-3402.16
"8780",-3155.492
"8781",-3226.625
"8782",-3409.688
"8783",-3245.405
"8784",-3203.07
"8785",-3501.071
"8786",-3288.374
"8787",-3222.225
"8788",-3295.249
"8789",-3306.971
"8790",-3142.061
"8791",-3557.529
"8792",-3078.518
"8793",-3490.829
"8794",-3163.895
"8795",-3370.952
"8796",-3094.182
"8797",-3528.146
"8798",-3094.278
"8799",-3323.003
"8800",-3320.079
"8801",-3186.247
"8802",-3381.227
"8803",-3385.927
"8804",-3369.169
"8805",-3193.825
"8806",-3243.959
"8807",-3195.234
"8808",-3337.271
"8809",-3290.724
"8810",-3200.026
"8811",-3414.445
"8812",-3363.442
"8813",-3287.8
"8814",-3432.895
"8815",-3365.227
"8816",-3338.865
"8817",-3635.846
"8818",-3504.263
"8819",-3436.559
"8820",-3343.909
"8821",-3106.96
"8822",-3591.558
"8823",-3213.706
"8824",-3336.57
"8825",-3321.822
"8826",-3617.412
"8827",-3581.716
"8828",-3369.98
"8829",-3194.302
"8830",-3287.1
"8831",-3493.658
"8832",-3420.526
"8833",-3427.384
"8834",-3402.679
"8835",-3388.895
"8836",-3459.6
"8837",-3457.088
"8838",-3281.65
"8839",-3228.553
"8840",-3190.474
"8841",-3268.662
"8842",-3427.858
"8843",-3463.792
"8844",-3262.083
"8845",-3160.058
"8846",-3600.197
"8847",-3166.819
"8848",-3497.504
"8849",-3507.667
"8850",-3371.898
"8851",-3322.43
"8852",-3119.718
"8853",-3144.644
"8854",-3280.046
"8855",-3472.166
"8856",-3359.388
"8857",-3171.164
"8858",-3336.333
"8859",-3270.688
"8860",-3421.076
"8861",-3369.676
"8862",-3464.415
"8863",-3229.126
"8864",-3338.032
"8865",-3457.97
"8866",-3337.926
"8867",-3340.494
"8868",-3282.864
"8869",-3426.174
"8870",-3508.305
"8871",-3252.889
"8872",-3457.541
"8873",-3287.477
"8874",-3436.722
"8875",-3513.739
"8876",-3430.642
"8877",-3315.289
"8878",-3184.445
"8879",-3313.746
"8880",-3299.581
"8881",-3290.599
"8882",-3601.494
"8883",-3123.652
"8884",-3303.444
"8885",-3247.703
"8886",-3156.469
"8887",-3335.924
"8888",-3489.579
"8889",-3430.743
"8890",-3425.137
"8891",-3378.679
"8892",-3374.089
"8893",-3430.477
"8894",-3372.466
"8895",-3382.089
"8896",-3364.183
"8897",-3330.873
"8898",-3464.379
"8899",-3258.715
"8900",-3302.267
"8901",-3182.159
"8902",-3515.37
"8903",-3413.205
"8904",-3312.878
"8905",-3463.133
"8906",-3424.948
"8907",-3708.697
"8908",-3488.741
"8909",-3311.045
"8910",-3261.718
"8911",-3369.792
"8912",-3355.577
"8913",-3181.672
"8914",-3474.888
"8915",-3225.822
"8916",-3546.986
"8917",-3509.682
"8918",-3078.37
"8919",-3311.893
"8920",-3237.332
"8921",-3342.882
"8922",-3219.735
"8923",-3281.742
"8924",-3193.568
"8925",-3302.612
"8926",-3296.909
"8927",-3353.143
"8928",-3149.984
"8929",-3381.481
"8930",-3482.207
"8931",-3312.507
"8932",-3317.856
"8933",-3576.554
"8934",-3299.241
"8935",-3366.482
"8936",-3467.343
"8937",-3298.594
"8938",-3245.038
"8939",-3434.803
"8940",-3335.399
"8941",-3320.392
"8942",-3399.832
"8943",-3474.29
"8944",-3473.115
"8945",-3287.431
"8946",-3244.89
"8947",-3332.485
"8948",-3308.739
"8949",-3242.312
"8950",-3210.56
"8951",-3154.002
"8952",-3150.086
"8953",-3207.5
"8954",-3321.423
"8955",-3234.218
"8956",-3476.353
"8957",-3456.57
"8958",-3385.076
"8959",-3484.936
"8960",-3601.33
"8961",-3289.81
"8962",-3588.239
"8963",-3429.276
"8964",-3420.541
"8965",-3305.529
"8966",-3241.47
"8967",-3469.547
"8968",-3564.529
"8969",-3199.201
"8970",-3451.335
"8971",-3420.78
"8972",-3356.682
"8973",-3324.253
"8974",-3307.932
"8975",-3428.573
"8976",-3305.601
"8977",-3433.924
"8978",-3054.763
"8979",-3391.254
"8980",-3325.952
"8981",-3349.111
"8982",-3252.301
"8983",-3474.437
"8984",-3241.209
"8985",-3452.455
"8986",-3174.267
"8987",-3060.553
"8988",-3578.135
"8989",-3105.367
"8990",-3373.639
"8991",-3419.224
"8992",-3244.641
"8993",-3317.19
"8994",-3485.305
"8995",-3325.49
"8996",-3362.401
"8997",-3531.933
"8998",-3392.662
"8999",-3296.718
"9000",-3172.923
"9001",-3301.463
"9002",-3448.822
"9003",-3496.567
"9004",-3133.232
"9005",-3315.216
"9006",-3299.79
"9007",-3324.745
"9008",-3447.418
"9009",-3273.643
"9010",-3417.652
"9011",-3402.603
"9012",-3423.353
"9013",-3402.261
"9014",-3421.972
"9015",-3271.629
"9016",-3318.335
"9017",-3354.904
"9018",-3261.711
"9019",-3403.707
"9020",-3304.406
"9021",-3343.26
"9022",-3241.993
"9023",-3048.025
"9024",-3125.643
"9025",-3296.855
"9026",-3456.235
"9027",-3289.438
"9028",-3539.177
"9029",-3448.071
"9030",-3360.464
"9031",-3368.925
"9032",-3372.345
"9033",-3213.142
"9034",-3254.196
"9035",-3474.784
"9036",-3278.368
"9037",-3372.472
"9038",-3203.373
"9039",-3297.898
"9040",-3311.534
"9041",-3268.912
"9042",-3500.308
"9043",-3166.899
"9044",-3351.623
"9045",-3405.029
"9046",-3499.694
"9047",-3264.624
"9048",-3281.353
"9049",-3483.427
"9050",-3245.45
"9051",-3445.28
"9052",-3352.784
"9053",-3247.154
"9054",-3338.373
"9055",-3192.425
"9056",-3327.009
"9057",-3415.258
"9058",-3436.266
"9059",-3653.289
"9060",-3384.12
"9061",-3409.029
"9062",-3430.608
"9063",-3252.144
"9064",-3400.247
"9065",-3331.357
"9066",-3238.508
"9067",-3169.92
"9068",-3395.554
"9069",-3138.887
"9070",-3305.884
"9071",-3330.938
"9072",-3416.923
"9073",-3319.191
"9074",-3532.721
"9075",-3434.862
"9076",-3238.211
"9077",-3250.218
"9078",-3355.574
"9079",-3401.056
"9080",-3280.414
"9081",-3325.638
"9082",-3198.754
"9083",-3198.472
"9084",-3157.326
"9085",-3354.832
"9086",-3231.53
"9087",-3410.149
"9088",-3394.632
"9089",-3411.099
"9090",-3492.931
"9091",-3197.704
"9092",-3221.641
"9093",-3582.209
"9094",-3409.284
"9095",-3307.43
"9096",-3276.518
"9097",-3190.852
"9098",-3405.43
"9099",-3585.771
"9100",-3447.346
"9101",-3361.62
"9102",-3329.551
"9103",-3371.176
"9104",-3330.974
"9105",-3487.48
"9106",-3305.235
"9107",-3272.49
"9108",-3300.05
"9109",-3314.356
"9110",-3441.911
"9111",-3371.833
"9112",-3263.558
"9113",-3245.15
"9114",-3334.305
"9115",-3331.487
"9116",-3354.768
"9117",-3454.445
"9118",-3213.74
"9119",-3382.151
"9120",-3281.983
"9121",-3311.513
"9122",-3514.38
"9123",-3382.365
"9124",-3252.963
"9125",-3368.157
"9126",-3444.939
"9127",-3462.388
"9128",-3374.271
"9129",-3375.261
"9130",-3408.959
"9131",-3541.569
"9132",-3115.459
"9133",-3584.518
"9134",-3370.909
"9135",-3372.157
"9136",-3180.825
"9137",-3202.115
"9138",-3265.754
"9139",-3306.509
"9140",-3354.374
"9141",-3538.259
"9142",-3279.411
"9143",-3644.877
"9144",-3352.428
"9145",-3276.147
"9146",-3167.663
"9147",-3569.367
"9148",-3396.125
"9149",-3346.006
"9150",-3455.023
"9151",-3442.998
"9152",-3236.548
"9153",-3396.777
"9154",-3317.072
"9155",-3119.421
"9156",-3197.755
"9157",-3522.672
"9158",-3362.046
"9159",-3386.805
"9160",-3254.448
"9161",-3305.596
"9162",-3579.955
"9163",-3521.75
"9164",-3406.977
"9165",-3479.858
"9166",-3203.748
"9167",-3170.149
"9168",-3374.745
"9169",-3207.833
"9170",-3337.219
"9171",-3246.13
"9172",-3294.416
"9173",-3361.533
"9174",-3114.256
"9175",-3468.235
"9176",-3414.643
"9177",-3361.202
"9178",-3613.646
"9179",-3126.726
"9180",-3278.882
"9181",-3369.675
"9182",-3350.888
"9183",-3248.47
"9184",-3199.105
"9185",-3264.375
"9186",-3156.099
"9187",-3317.618
"9188",-3489.206
"9189",-3288.132
"9190",-3521.806
"9191",-3387.588
"9192",-3260.896
"9193",-3368.659
"9194",-3414.478
"9195",-3310.48
"9196",-3280.739
"9197",-3344.04
"9198",-3229.894
"9199",-3330.097
"9200",-3424.691
"9201",-3134.299
"9202",-3366.064
"9203",-3374.207
"9204",-3058.488
"9205",-3451.511
"9206",-3386.003
"9207",-3334.717
"9208",-3496.654
"9209",-3282.144
"9210",-3354.133
"9211",-3217.361
"9212",-3023.217
"9213",-3463.899
"9214",-3396.445
"9215",-3362.587
"9216",-3195.719
"9217",-3414.273
"9218",-3351.489
"9219",-3367.294
"9220",-3405.178
"9221",-3343.179
"9222",-3326.311
"9223",-3155.417
"9224",-3399.021
"9225",-3384.276
"9226",-3457.906
"9227",-3335.596
"9228",-3515.679
"9229",-3499.66
"9230",-3085.498
"9231",-3426.181
"9232",-3405.645
"9233",-3278.291
"9234",-3438.987
"9235",-3454.16
"9236",-3245.406
"9237",-3287.664
"9238",-3641.031
"9239",-3384.01
"9240",-3380.92
"9241",-3154.602
"9242",-3297.675
"9243",-3455.332
"9244",-3381.537
"9245",-3545.39
"9246",-3271.28
"9247",-3468.556
"9248",-3317.115
"9249",-3328.74
"9250",-3215.734
"9251",-3469.647
"9252",-3277.975
"9253",-3277.2
"9254",-3416.178
"9255",-3398.369
"9256",-3358.649
"9257",-3117.415
"9258",-3366.644
"9259",-3364.045
"9260",-3603.512
"9261",-3319.181
"9262",-3451.443
"9263",-3133.748
"9264",-3418.678
"9265",-3364.937
"9266",-3424.096
"9267",-3255.814
"9268",-3290.916
"9269",-3365.257
"9270",-3478.536
"9271",-3435.672
"9272",-3296.854
"9273",-3228.584
"9274",-3246.826
"9275",-3289.907
"9276",-3290.925
"9277",-3191.287
"9278",-3718.963
"9279",-3428.012
"9280",-3370.373
"9281",-3418.204
"9282",-3220.163
"9283",-3295.576
"9284",-3499.447
"9285",-3415.006
"9286",-3112.611
"9287",-3443.24
"9288",-3356.592
"9289",-3381.964
"9290",-3249.001
"9291",-3419.298
"9292",-3363.517
"9293",-3488.79
"9294",-3206.483
"9295",-3144.635
"9296",-3457.248
"9297",-3493.333
"9298",-3354.489
"9299",-3255.441
"9300",-3337.905
"9301",-3379.884
"9302",-3582.363
"9303",-3456.463
"9304",-3445.332
"9305",-3678.775
"9306",-3495.312
"9307",-3428.778
"9308",-3180.589
"9309",-3576.977
"9310",-3312.417
"9311",-3354.612
"9312",-3437.393
"9313",-3225.436
"9314",-3470.84
"9315",-3349.824
"9316",-3583.374
"9317",-3415.906
"9318",-3305.474
"9319",-3298.067
"9320",-3411.005
"9321",-3292.49
"9322",-3375.112
"9323",-3472.801
"9324",-3319.189
"9325",-3415.138
"9326",-3476.693
"9327",-3485.481
"9328",-3259.548
"9329",-3358.669
"9330",-3342.912
"9331",-3468.8
"9332",-3246.898
"9333",-3603.851
"9334",-3485.127
"9335",-3214.827
"9336",-3438.501
"9337",-3169.513
"9338",-3623.483
"9339",-3429.249
"9340",-3284.227
"9341",-3372.512
"9342",-3329.962
"9343",-3424.277
"9344",-3319.688
"9345",-3396.686
"9346",-3311.361
"9347",-3238.67
"9348",-3270.009
"9349",-3265.278
"9350",-3178.853
"9351",-3289.951
"9352",-3229.304
"9353",-3459.936
"9354",-3329.204
"9355",-3405.704
"9356",-3247.922
"9357",-3285.791
"9358",-3259.455
"9359",-3261.327
"9360",-3246.999
"9361",-3339.901
"9362",-3430.08
"9363",-3468.409
"9364",-3390.559
"9365",-3251.678
"9366",-3266.527
"9367",-3267.362
"9368",-3428.509
"9369",-3290.449
"9370",-3220.072
"9371",-3393.343
"9372",-3094.183
"9373",-3294.701
"9374",-3342.698
"9375",-3352.653
"9376",-3231.658
"9377",-3428.418
"9378",-3100.648
"9379",-3485.564
"9380",-3328.233
"9381",-3232.819
"9382",-3354.35
"9383",-3380.402
"9384",-3379.406
"9385",-3399.009
"9386",-3389.004
"9387",-3339.892
"9388",-3383.503
"9389",-3309.159
"9390",-3188.56
"9391",-3465.269
"9392",-3224.329
"9393",-3269.696
"9394",-3175.238
"9395",-3299.916
"9396",-3352.296
"9397",-3534.232
"9398",-3366.805
"9399",-3404.927
"9400",-3308.247
"9401",-3381.967
"9402",-3220.199
"9403",-3309.686
"9404",-3135.91
"9405",-3378.085
"9406",-3444.81
"9407",-3201.897
"9408",-3387.5
"9409",-3342.662
"9410",-3285.29
"9411",-3518.79
"9412",-3751.283
"9413",-3544.753
"9414",-3434.347
"9415",-3418.883
"9416",-3370.046
"9417",-3493.29
"9418",-3194.147
"9419",-3445.786
"9420",-3383.439
"9421",-3405.153
"9422",-3255.493
"9423",-3418.974
"9424",-3357.259
"9425",-3094.436
"9426",-3489.381
"9427",-3277.796
"9428",-3303.426
"9429",-3170.877
"9430",-3512.856
"9431",-3413.692
"9432",-3462.208
"9433",-3402.136
"9434",-3488.072
"9435",-3233.763
"9436",-3486.444
"9437",-3311.483
"9438",-3533.87
"9439",-3324.473
"9440",-3345.901
"9441",-3345.195
"9442",-3351.461
"9443",-3391.617
"9444",-3261.789
"9445",-3351.688
"9446",-3576.237
"9447",-3243.448
"9448",-3283.852
"9449",-3339.148
"9450",-3322.029
"9451",-3567.901
"9452",-3271.812
"9453",-3255.955
"9454",-3312.969
"9455",-3307.396
"9456",-3187.546
"9457",-3619.835
"9458",-3363.767
"9459",-3483.49
"9460",-3504.243
"9461",-3431.703
"9462",-3292.536
"9463",-3327.731
"9464",-3431.923
"9465",-3317.65
"9466",-3426.115
"9467",-3535.713
"9468",-3198.827
"9469",-3329.651
"9470",-3360.199
"9471",-3493.14
"9472",-3444.652
"9473",-3397.734
"9474",-3246.702
"9475",-3398.944
"9476",-3309.249
"9477",-3153.586
"9478",-3399.08
"9479",-3353.162
"9480",-3341.065
"9481",-3412.293
"9482",-3012.852
"9483",-3497.812
"9484",-3156.796
"9485",-3391.955
"9486",-3384.154
"9487",-3261.609
"9488",-3329.421
"9489",-3358.407
"9490",-3214.84
"9491",-3420.745
"9492",-3236.32
"9493",-3479.86
"9494",-3300.644
"9495",-3182.213
"9496",-3433.631
"9497",-3477.964
"9498",-3325.126
"9499",-3454.194
"9500",-3455.541
"9501",-3552.958
"9502",-3436.318
"9503",-3578.436
"9504",-3107.826
"9505",-3417.92
"9506",-3542.015
"9507",-3466.052
"9508",-3261.295
"9509",-3274.927
"9510",-3645.655
"9511",-3300.638
"9512",-3371.314
"9513",-3321.336
"9514",-3345.178
"9515",-3177.005
"9516",-3235.067
"9517",-3453.253
"9518",-3302.415
"9519",-3219.686
"9520",-3194.163
"9521",-3319.596
"9522",-3355.168
"9523",-3261.452
"9524",-3262.81
"9525",-3236.225
"9526",-3236.098
"9527",-3219.834
"9528",-3423.643
"9529",-3300.603
"9530",-3318.878
"9531",-3281.331
"9532",-3343.671
"9533",-3257.66
"9534",-3459.906
"9535",-3410.786
"9536",-3325.961
"9537",-3226.144
"9538",-3280.248
"9539",-3278.801
"9540",-3289.877
"9541",-3413.015
"9542",-3385.665
"9543",-3483.478
"9544",-3445.206
"9545",-3541.585
"9546",-3393.403
"9547",-3192.424
"9548",-3478.238
"9549",-3267.75
"9550",-3349.875
"9551",-3347.78
"9552",-3480.772
"9553",-3093.132
"9554",-3419.569
"9555",-3377.245
"9556",-3491.264
"9557",-3263.001
"9558",-3323.289
"9559",-3205.259
"9560",-3278.297
"9561",-3312.274
"9562",-3445.503
"9563",-3186.673
"9564",-3458.985
"9565",-3533.69
"9566",-3429.804
"9567",-3136.599
"9568",-3474.292
"9569",-3338.845
"9570",-3284.704
"9571",-3239.67
"9572",-3171.679
"9573",-3188.379
"9574",-3249.931
"9575",-3244.016
"9576",-3349.95
"9577",-3403.52
"9578",-3363.339
"9579",-3448.671
"9580",-3338.669
"9581",-3561.774
"9582",-3554.935
"9583",-3468.642
"9584",-3465.765
"9585",-3321.177
"9586",-3303.95
"9587",-3322.175
"9588",-3522.193
"9589",-3480.854
"9590",-3272.71
"9591",-3405.847
"9592",-3377.787
"9593",-3164.965
"9594",-3405.163
"9595",-3284.454
"9596",-3494.972
"9597",-3365.199
"9598",-3124.464
"9599",-3320.261
"9600",-3409.972
"9601",-3319.134
"9602",-3265.066
"9603",-3230.902
"9604",-3274.778
"9605",-3291.425
"9606",-3215.371
"9607",-3446.766
"9608",-3542.144
"9609",-3278.275
"9610",-3347.313
"9611",-3201.659
"9612",-3386.101
"9613",-3302.77
"9614",-3518.92
"9615",-3477.067
"9616",-3578.88
"9617",-3295.49
"9618",-3117.29
"9619",-3345.76
"9620",-3308.739
"9621",-3178.582
"9622",-3238.173
"9623",-3328.421
"9624",-3116.35
"9625",-3040.895
"9626",-3479.674
"9627",-3301.789
"9628",-3342.917
"9629",-3452.905
"9630",-3221.532
"9631",-3317.588
"9632",-3165.348
"9633",-3400.208
"9634",-3496.834
"9635",-3271.381
"9636",-3341.937
"9637",-3336.659
"9638",-3229.29
"9639",-3200.573
"9640",-3346.771
"9641",-3228.789
"9642",-3204.598
"9643",-3214.595
"9644",-3461.774
"9645",-3195.045
"9646",-3590.401
"9647",-3629.493
"9648",-3647.434
"9649",-3346.086
"9650",-3482.067
"9651",-3178.948
"9652",-3455.154
"9653",-3437.406
"9654",-3555.501
"9655",-3239.83
"9656",-3198.175
"9657",-3183.897
"9658",-3540.452
"9659",-3330.017
"9660",-3475.373
"9661",-3242.501
"9662",-3474.47
"9663",-3406.588
"9664",-3649.46
"9665",-3436.942
"9666",-3389.532
"9667",-3243.445
"9668",-3364.492
"9669",-3342.711
"9670",-3211.43
"9671",-3423.235
"9672",-3330.029
"9673",-3417.131
"9674",-3140.895
"9675",-3278.026
"9676",-3401.207
"9677",-3226.786
"9678",-3335.084
"9679",-3210.992
"9680",-3223.508
"9681",-3389.358
"9682",-3367.074
"9683",-3326.713
"9684",-3485.037
"9685",-3425.332
"9686",-3158.077
"9687",-3323.867
"9688",-3618.092
"9689",-3429.19
"9690",-3158.772
"9691",-3385.697
"9692",-3431.811
"9693",-3406.708
"9694",-3466.365
"9695",-3375.62
"9696",-3356.401
"9697",-3462.082
"9698",-3217.062
"9699",-3355.336
"9700",-3320.56
"9701",-3493.613
"9702",-3373.988
"9703",-3382.087
"9704",-3284.181
"9705",-3313.859
"9706",-3443.71
"9707",-3405.972
"9708",-3485.709
"9709",-3336.933
"9710",-3461.866
"9711",-3611.111
"9712",-3279.671
"9713",-3318.529
"9714",-3374.359
"9715",-3323.491
"9716",-3292.575
"9717",-3438.286
"9718",-3325.318
"9719",-3449.559
"9720",-3396.213
"9721",-3417.658
"9722",-3453.503
"9723",-3529.326
"9724",-3358.431
"9725",-3451.344
"9726",-3262.791
"9727",-3262.045
"9728",-3472.971
"9729",-3314.922
"9730",-3382.749
"9731",-3409.569
"9732",-3523.314
"9733",-3357.373
"9734",-3410.486
"9735",-3498.253
"9736",-3292.334
"9737",-3196.057
"9738",-3224.539
"9739",-3335.238
"9740",-3442.414
"9741",-3172.311
"9742",-3304.694
"9743",-3375.441
"9744",-3384.699
"9745",-3432.185
"9746",-3352.939
"9747",-3401.619
"9748",-3622.169
"9749",-3482.85
"9750",-3411.288
"9751",-3375.024
"9752",-3236.841
"9753",-3268.885
"9754",-3311.248
"9755",-3121.884
"9756",-3349.512
"9757",-3213.476
"9758",-3265.234
"9759",-3527.552
"9760",-3497.458
"9761",-3443.427
"9762",-3339.049
"9763",-3322.793
"9764",-3243.018
"9765",-3351.532
"9766",-3419.031
"9767",-3422.73
"9768",-3285.475
"9769",-3306.749
"9770",-3330.926
"9771",-3259.663
"9772",-3337.988
"9773",-3600.24
"9774",-3200.744
"9775",-3373.104
"9776",-3486.998
"9777",-3149.77
"9778",-3424.589
"9779",-3373.864
"9780",-3263.283
"9781",-3391.766
"9782",-3016.357
"9783",-3272.702
"9784",-3514.367
"9785",-3454.83
"9786",-3639.039
"9787",-3398.218
"9788",-3344.147
"9789",-3434.055
"9790",-3493.426
"9791",-3126.366
"9792",-3353.09
"9793",-3212.104
"9794",-3224.034
"9795",-3379.311
"9796",-3346.617
"9797",-3562.675
"9798",-3173.138
"9799",-3338.489
"9800",-3354.858
"9801",-3320.756
"9802",-3486.5
"9803",-3313.119
"9804",-3503.126
"9805",-3465.979
"9806",-3187.417
"9807",-3571.851
"9808",-3427.567
"9809",-3134.267
"9810",-3392.625
"9811",-3366.056
"9812",-3243.473
"9813",-3403.261
"9814",-3172.81
"9815",-3183.173
"9816",-3490.106
"9817",-3253.376
"9818",-3501.03
"9819",-3290.289
"9820",-3514.044
"9821",-3276.631
"9822",-3311.313
"9823",-3260.313
"9824",-3183.89
"9825",-3453.899
"9826",-3501.01
"9827",-3322.917
"9828",-3333.463
"9829",-3156.258
"9830",-3358.07
"9831",-3215.68
"9832",-3396.131
"9833",-3297.862
"9834",-3330.096
"9835",-3070.999
"9836",-3032.603
"9837",-3447.092
"9838",-3555.049
"9839",-3100.47
"9840",-3305.392
"9841",-3351.419
"9842",-3248.232
"9843",-3445.458
"9844",-3542.192
"9845",-3408.73
"9846",-3290.669
"9847",-3189.003
"9848",-3469.461
"9849",-3252.929
"9850",-3381.318
"9851",-3560.69
"9852",-3454.339
"9853",-3392.576
"9854",-3289.715
"9855",-3202.734
"9856",-3406.398
"9857",-3359.845
"9858",-3336.534
"9859",-3453.31
"9860",-3366.015
"9861",-3408.979
"9862",-3428.681
"9863",-3394.218
"9864",-3340.473
"9865",-3478.305
"9866",-3416.311
"9867",-3511.704
"9868",-3204.725
"9869",-3329.162
"9870",-3395.303
"9871",-3382.547
"9872",-3333.349
"9873",-3358.182
"9874",-3476.338
"9875",-3319.117
"9876",-3542.564
"9877",-3215.469
"9878",-3204.961
"9879",-3651.685
"9880",-3373.114
"9881",-3322.081
"9882",-3225.206
"9883",-3190.631
"9884",-3261.008
"9885",-3414.922
"9886",-3218.073
"9887",-3472.54
"9888",-3330.956
"9889",-3400.809
"9890",-3275.738
"9891",-3250.763
"9892",-3298.042
"9893",-3158.661
"9894",-3436.279
"9895",-3283.715
"9896",-3372.094
"9897",-3189.536
"9898",-3402.88
"9899",-3605.868
"9900",-3477.423
"9901",-3198.084
"9902",-3353.821
"9903",-3351.448
"9904",-3225.988
"9905",-3317.073
"9906",-3380.127
"9907",-3347.316
"9908",-3610.209
"9909",-3407.548
"9910",-3274.615
"9911",-3466.236
"9912",-3180.35
"9913",-3326.995
"9914",-3491.181
"9915",-3244.351
"9916",-3372.803
"9917",-3286.222
"9918",-3357.43
"9919",-3285.576
"9920",-3347.626
"9921",-3430.543
"9922",-3452.187
"9923",-3529.775
"9924",-3423.216
"9925",-3498.83
"9926",-3448.588
"9927",-3440.101
"9928",-3239.58
"9929",-3413.857
"9930",-3159.668
"9931",-3340.266
"9932",-3405.231
"9933",-3371.59
"9934",-3392.194
"9935",-3369.08
"9936",-3322.411
"9937",-3217.171
"9938",-3416.978
"9939",-3396.515
"9940",-3302.009
"9941",-3382.241
"9942",-3294.385
"9943",-3507.539
"9944",-3269.203
"9945",-3480.39
"9946",-3221.564
"9947",-3458.475
"9948",-3257.286
"9949",-3352.011
"9950",-3250.605
"9951",-3197.986
"9952",-3099.405
"9953",-3137.433
"9954",-3375.8
"9955",-3216.399
"9956",-3212.696
"9957",-3461.283
"9958",-3337.043
"9959",-3197.251
"9960",-3424.153
"9961",-3431.804
"9962",-3157.584
"9963",-3365.948
"9964",-3305.687
"9965",-3313.852
"9966",-3320.32
"9967",-3441.293
"9968",-3335.763
"9969",-3345
"9970",-3445.888
"9971",-3080.781
"9972",-3265.403
"9973",-3511.681
"9974",-3355.648
"9975",-3088.397
"9976",-3137.177
"9977",-3495.571
"9978",-3314.697
"9979",-3387.419
"9980",-3370.973
"9981",-3312.663
"9982",-3277.454
"9983",-3427.203
"9984",-3377.533
"9985",-3245.942
"9986",-3399.073
"9987",-3308.121
"9988",-3268.242
"9989",-3191.051
"9990",-3358.686
"9991",-3509.522
"9992",-3313.019
"9993",-3181.073
"9994",-3441.253
"9995",-3593.725
"9996",-3477.862
"9997",-3534.259
"9998",-3365.392
"9999",-3257.883
"10000",-3315.313
