1	8	10000	9235	0.5116	0.407	0.294	0.300	0.298	0.308	0.291	0.302	0.176	0.308	0.294	0.310	0.304	0.297	0.299	1.992	0.593	0.300	0.198	1.000	-178244.023
2	8	10000	9259	0.5101	0.322	0.301	0.311	0.287	0.297	0.293	0.302	0.261	0.298	0.305	0.304	0.302	0.306	0.305	2.012	0.590	0.299	0.197	1.000	-178302.329
3	8	10000	9293	0.5135	0.309	0.297	0.289	0.296	0.297	0.284	0.298	0.285	0.307	0.308	0.306	0.312	0.314	0.293	1.991	0.622	0.304	0.205	1.316	-178711.313
4	8	10000	9253	0.5126	0.290	0.300	0.290	0.303	0.304	0.297	0.300	0.310	0.297	0.296	0.303	0.286	0.306	0.314	2.047	0.578	0.327	0.192	1.251	-178497.048
5	8	10000	9289	0.5135	0.301	0.287	0.294	0.299	0.307	0.292	0.301	0.282	0.306	0.301	0.289	0.317	0.312	0.301	2.011	0.607	0.313	0.204	1.000	-178737.380
6	8	10000	9282	0.5098	0.261	0.300	0.302	0.313	0.303	0.294	0.290	0.322	0.305	0.310	0.291	0.294	0.282	0.306	2.040	0.623	0.311	0.201	1.170	-177749.931
7	8	10000	9275	0.5115	0.318	0.293	0.304	0.295	0.306	0.304	0.294	0.288	0.311	0.281	0.306	0.293	0.291	0.296	1.984	0.610	0.292	0.200	1.000	-178065.130
8	8	10000	9306	0.5180	0.241	0.319	0.312	0.311	0.307	0.300	0.298	0.360	0.287	0.310	0.314	0.302	0.306	0.311	1.987	0.599	0.307	0.194	1.000	-180018.560
9	8	10000	9299	0.5144	0.314	0.296	0.302	0.294	0.301	0.300	0.288	0.313	0.307	0.307	0.295	0.290	0.301	0.293	2.020	0.585	0.312	0.205	1.000	-178993.134
10	8	10000	9235	0.5115	0.298	0.312	0.302	0.296	0.308	0.295	0.296	0.301	0.301	0.310	0.305	0.304	0.294	0.312	2.012	0.605	0.312	0.195	1.000	-178978.693
11	8	10000	9276	0.5138	0.468	0.309	0.301	0.292	0.304	0.297	0.299	0.117	0.291	0.309	0.307	0.300	0.294	0.307	2.030	0.606	0.293	0.197	1.000	-177987.013
12	8	10000	9257	0.5162	0.287	0.294	0.298	0.300	0.307	0.312	0.290	0.327	0.277	0.286	0.304	0.300	0.311	0.286	1.992	0.616	0.313	0.196	1.417	-178052.052
13	8	10000	9257	0.5128	0.275	0.286	0.314	0.308	0.290	0.298	0.300	0.308	0.313	0.290	0.299	0.305	0.295	0.307	1.996	0.613	0.294	0.202	1.000	-178269.223
14	8	10000	9255	0.5152	0.283	0.314	0.308	0.298	0.294	0.295	0.310	0.312	0.299	0.295	0.311	0.300	0.308	0.296	1.996	0.595	0.288	0.202	1.032	-179022.190
15	8	10000	9321	0.5121	0.279	0.304	0.298	0.311	0.296	0.300	0.315	0.320	0.303	0.303	0.307	0.298	0.303	0.309	1.984	0.572	0.290	0.198	1.000	-179896.120
16	8	10000	9293	0.5153	0.000	0.287	0.305	0.298	0.298	0.304	0.295	0.601	0.305	0.302	0.306	0.292	0.296	0.303	2.036	0.617	0.297	0.207	1.000	-178841.609
17	8	10000	9283	0.5124	0.298	0.302	0.302	0.304	0.304	0.308	0.300	0.308	0.307	0.306	0.292	0.304	0.305	0.278	2.006	0.608	0.312	0.196	1.072	-178486.944
18	8	10000	9245	0.5127	0.291	0.290	0.294	0.301	0.311	0.305	0.294	0.292	0.305	0.297	0.319	0.307	0.305	0.292	1.960	0.640	0.310	0.205	1.471	-178719.619
19	8	10000	9255	0.5157	0.288	0.312	0.305	0.309	0.290	0.310	0.301	0.323	0.284	0.301	0.311	0.307	0.301	0.303	2.009	0.575	0.287	0.195	1.000	-179251.908
20	8	10000	9301	0.5123	0.273	0.294	0.303	0.297	0.293	0.294	0.309	0.336	0.303	0.316	0.298	0.292	0.303	0.304	1.971	0.602	0.297	0.200	1.000	-179048.182
21	8	10000	9271	0.5136	0.327	0.307	0.302	0.292	0.311	0.308	0.290	0.280	0.297	0.290	0.309	0.300	0.303	0.297	2.008	0.595	0.301	0.194	1.055	-178505.957
22	8	10000	9280	0.5141	0.312	0.279	0.311	0.285	0.313	0.290	0.303	0.294	0.307	0.290	0.289	0.284	0.296	0.305	1.955	0.614	0.300	0.205	1.000	-178247.711
23	8	10000	9270	0.5137	0.275	0.297	0.316	0.285	0.307	0.296	0.305	0.343	0.288	0.304	0.295	0.303	0.310	0.292	1.952	0.611	0.316	0.201	1.000	-179350.573
24	8	10000	9312	0.5124	0.328	0.303	0.304	0.303	0.301	0.295	0.305	0.266	0.307	0.291	0.308	0.302	0.307	0.301	1.970	0.619	0.315	0.203	1.204	-179444.158
25	8	10000	9247	0.5163	0.280	0.294	0.298	0.306	0.305	0.305	0.286	0.327	0.299	0.304	0.301	0.290	0.285	0.311	1.973	0.604	0.315	0.199	1.000	-178736.858
26	8	10000	9262	0.5126	0.341	0.303	0.295	0.295	0.297	0.298	0.305	0.268	0.300	0.294	0.299	0.301	0.300	0.294	2.004	0.615	0.300	0.198	1.000	-178063.944
27	8	10000	9275	0.5148	0.331	0.292	0.299	0.300	0.297	0.302	0.303	0.273	0.290	0.297	0.300	0.307	0.300	0.305	1.987	0.626	0.296	0.206	1.000	-178565.206
28	8	10000	9227	0.5153	0.312	0.305	0.299	0.303	0.280	0.311	0.289	0.324	0.303	0.295	0.305	0.284	0.292	0.308	2.007	0.614	0.305	0.201	1.000	-178590.663
29	8	10000	9266	0.5171	0.304	0.299	0.299	0.295	0.312	0.286	0.303	0.310	0.298	0.299	0.288	0.294	0.284	0.296	1.967	0.629	0.306	0.200	1.397	-177813.249
30	8	10000	9253	0.5132	0.273	0.283	0.296	0.302	0.310	0.294	0.303	0.326	0.289	0.306	0.295	0.303	0.293	0.301	2.029	0.611	0.296	0.198	1.130	-177748.724
31	8	10000	9292	0.5128	0.314	0.303	0.301	0.291	0.320	0.296	0.303	0.276	0.304	0.290	0.310	0.303	0.307	0.293	1.971	0.579	0.297	0.190	1.000	-178841.196
32	8	10000	9282	0.5136	0.474	0.310	0.295	0.303	0.308	0.305	0.307	0.137	0.319	0.306	0.300	0.300	0.308	0.289	2.014	0.577	0.298	0.199	1.000	-179782.016
33	8	10000	9290	0.5113	0.332	0.306	0.301	0.297	0.299	0.311	0.295	0.260	0.305	0.311	0.304	0.289	0.279	0.319	1.989	0.597	0.299	0.200	1.446	-179071.563
34	8	10000	9215	0.5121	0.276	0.300	0.295	0.304	0.294	0.292	0.301	0.345	0.286	0.302	0.299	0.313	0.295	0.286	2.028	0.612	0.311	0.198	1.247	-177851.399
35	8	10000	9311	0.5142	0.291	0.297	0.298	0.300	0.301	0.301	0.301	0.305	0.292	0.311	0.304	0.309	0.306	0.302	1.975	0.591	0.292	0.205	1.000	-179429.137
36	8	10000	9273	0.5174	0.300	0.317	0.290	0.314	0.290	0.305	0.298	0.271	0.290	0.304	0.296	0.316	0.282	0.294	1.972	0.589	0.282	0.205	1.000	-178534.742
37	8	10000	9319	0.5158	0.289	0.290	0.306	0.302	0.312	0.302	0.303	0.303	0.297	0.296	0.313	0.314	0.294	0.288	1.984	0.609	0.300	0.202	1.304	-179187.878
38	8	10000	9323	0.5169	0.301	0.299	0.301	0.310	0.292	0.307	0.301	0.301	0.304	0.302	0.299	0.310	0.294	0.312	1.960	0.588	0.303	0.202	1.000	-179879.339
39	8	10000	9308	0.5117	0.335	0.314	0.303	0.308	0.319	0.295	0.301	0.255	0.317	0.305	0.302	0.292	0.305	0.309	1.998	0.601	0.304	0.199	1.128	-180004.919
40	8	10000	9288	0.5126	0.358	0.279	0.288	0.309	0.297	0.293	0.297	0.272	0.311	0.300	0.300	0.293	0.299	0.310	2.011	0.608	0.310	0.201	1.000	-178776.515
41	8	10000	9258	0.5131	0.328	0.298	0.287	0.301	0.297	0.297	0.292	0.287	0.290	0.297	0.286	0.287	0.289	0.309	1.991	0.585	0.287	0.201	1.056	-177558.970
42	8	10000	9229	0.5095	0.316	0.291	0.293	0.296	0.310	0.301	0.294	0.291	0.315	0.294	0.293	0.303	0.293	0.302	2.002	0.609	0.324	0.196	1.385	-178250.502
43	8	10000	9253	0.5107	0.300	0.295	0.292	0.303	0.292	0.301	0.303	0.283	0.296	0.299	0.303	0.297	0.302	0.287	1.987	0.577	0.296	0.194	1.000	-177983.389
44	8	10000	9265	0.5114	0.267	0.308	0.277	0.303	0.313	0.302	0.295	0.324	0.294	0.311	0.287	0.316	0.290	0.299	1.986	0.610	0.297	0.201	1.141	-178181.692
45	8	10000	9299	0.5174	0.282	0.310	0.287	0.297	0.303	0.312	0.297	0.313	0.291	0.307	0.306	0.299	0.295	0.299	2.002	0.610	0.311	0.201	1.000	-178741.299
46	8	10000	9297	0.5151	0.301	0.302	0.299	0.294	0.293	0.303	0.310	0.319	0.298	0.305	0.293	0.304	0.300	0.296	1.984	0.600	0.299	0.195	1.000	-178663.507
47	8	10000	9263	0.5158	0.300	0.297	0.303	0.302	0.311	0.294	0.314	0.284	0.289	0.305	0.301	0.285	0.303	0.305	2.015	0.585	0.282	0.199	1.000	-178349.537
48	8	10000	9219	0.5172	0.287	0.291	0.301	0.293	0.292	0.286	0.311	0.305	0.292	0.309	0.304	0.303	0.293	0.291	2.000	0.599	0.308	0.193	1.000	-177676.522
49	8	10000	9269	0.5096	0.301	0.311	0.300	0.307	0.284	0.298	0.299	0.313	0.309	0.306	0.299	0.303	0.304	0.304	1.955	0.627	0.304	0.207	1.247	-179407.455
50	8	10000	9255	0.5119	0.292	0.317	0.295	0.287	0.285	0.303	0.298	0.334	0.296	0.301	0.290	0.282	0.301	0.308	2.014	0.634	0.319	0.201	2.207	-178059.505
51	8	10000	9255	0.5141	0.309	0.301	0.293	0.285	0.304	0.285	0.311	0.280	0.306	0.297	0.302	0.289	0.297	0.299	2.031	0.583	0.303	0.193	1.148	-177789.219
52	8	10000	9253	0.5137	0.292	0.299	0.294	0.303	0.289	0.293	0.307	0.290	0.300	0.309	0.298	0.287	0.296	0.301	2.027	0.595	0.298	0.202	1.000	-178054.240
53	8	10000	9224	0.5131	0.333	0.304	0.291	0.302	0.289	0.294	0.307	0.253	0.305	0.291	0.300	0.319	0.298	0.306	1.982	0.608	0.297	0.202	1.084	-178319.369
54	8	10000	9259	0.5112	0.325	0.304	0.308	0.293	0.300	0.302	0.314	0.286	0.293	0.292	0.307	0.293	0.300	0.286	2.027	0.607	0.306	0.199	1.278	-178732.700
55	8	10000	9243	0.5153	0.287	0.300	0.296	0.300	0.300	0.293	0.300	0.308	0.302	0.294	0.308	0.300	0.285	0.311	1.996	0.610	0.300	0.202	1.000	-178279.177
56	8	10000	9260	0.5075	0.325	0.295	0.293	0.317	0.315	0.294	0.282	0.256	0.298	0.302	0.311	0.296	0.308	0.297	1.973	0.595	0.288	0.204	1.000	-178555.439
57	8	10000	9278	0.5093	0.290	0.309	0.312	0.308	0.304	0.301	0.297	0.297	0.300	0.302	0.303	0.293	0.304	0.288	1.930	0.579	0.296	0.194	1.000	-179056.343
58	8	10000	9327	0.5158	0.293	0.279	0.309	0.304	0.312	0.301	0.298	0.274	0.301	0.300	0.303	0.305	0.294	0.311	1.965	0.561	0.284	0.202	1.000	-179128.255
59	8	10000	9254	0.5110	0.279	0.289	0.300	0.297	0.300	0.293	0.297	0.344	0.305	0.303	0.306	0.310	0.304	0.291	2.008	0.587	0.305	0.194	1.000	-178532.430
60	8	10000	9283	0.5173	0.291	0.304	0.301	0.285	0.299	0.296	0.303	0.302	0.302	0.276	0.306	0.303	0.283	0.293	2.000	0.575	0.294	0.202	1.000	-178048.265
61	8	10000	9330	0.5151	0.291	0.297	0.307	0.294	0.315	0.301	0.297	0.318	0.307	0.296	0.311	0.303	0.299	0.289	1.987	0.584	0.308	0.190	1.000	-178820.029
62	8	10000	9243	0.5130	0.290	0.312	0.292	0.293	0.286	0.300	0.301	0.305	0.304	0.294	0.304	0.291	0.283	0.304	1.975	0.572	0.290	0.195	1.000	-177901.049
63	8	10000	9246	0.5128	0.306	0.291	0.307	0.289	0.309	0.297	0.286	0.309	0.307	0.299	0.304	0.276	0.301	0.298	2.017	0.613	0.301	0.199	1.000	-177766.779
64	8	10000	9251	0.5162	0.296	0.283	0.289	0.294	0.310	0.285	0.302	0.288	0.305	0.304	0.296	0.299	0.301	0.293	1.995	0.589	0.282	0.201	1.000	-177603.176
65	8	10000	9218	0.5141	0.306	0.302	0.308	0.303	0.297	0.290	0.293	0.288	0.293	0.295	0.304	0.295	0.298	0.288	1.977	0.578	0.300	0.192	1.083	-177776.721
66	8	10000	9240	0.5146	0.288	0.303	0.294	0.287	0.298	0.307	0.307	0.306	0.296	0.307	0.297	0.285	0.293	0.299	1.994	0.580	0.309	0.192	1.000	-177999.443
67	8	10000	9264	0.5145	0.310	0.295	0.300	0.296	0.292	0.304	0.301	0.298	0.322	0.300	0.300	0.304	0.299	0.304	2.006	0.585	0.310	0.199	1.025	-179179.548
68	8	10000	9280	0.5148	0.318	0.298	0.305	0.295	0.310	0.301	0.297	0.287	0.293	0.299	0.301	0.309	0.300	0.303	1.971	0.584	0.305	0.192	1.000	-178934.427
69	8	10000	9265	0.5140	0.275	0.327	0.298	0.304	0.278	0.315	0.299	0.325	0.297	0.281	0.306	0.314	0.299	0.293	2.020	0.594	0.321	0.198	1.000	-179079.408
70	8	10000	9299	0.5101	0.261	0.306	0.291	0.309	0.302	0.308	0.298	0.339	0.295	0.295	0.298	0.302	0.308	0.309	2.001	0.596	0.292	0.194	1.000	-178599.700
71	8	10000	9298	0.5101	0.312	0.296	0.289	0.292	0.303	0.306	0.298	0.290	0.294	0.305	0.302	0.308	0.294	0.314	1.962	0.613	0.312	0.202	1.000	-178796.663
72	8	10000	9269	0.5132	0.288	0.291	0.308	0.290	0.316	0.296	0.290	0.319	0.287	0.310	0.310	0.307	0.300	0.299	1.946	0.602	0.293	0.201	1.031	-178869.447
73	8	10000	9291	0.5154	0.261	0.303	0.304	0.297	0.298	0.308	0.298	0.333	0.309	0.312	0.304	0.293	0.279	0.309	1.993	0.636	0.303	0.205	1.244	-178838.825
74	8	10000	9289	0.5152	0.284	0.307	0.309	0.304	0.304	0.307	0.296	0.334	0.298	0.304	0.304	0.287	0.299	0.307	2.005	0.604	0.309	0.197	1.199	-179483.611
75	8	10000	9303	0.5143	0.315	0.303	0.304	0.294	0.296	0.304	0.302	0.293	0.300	0.315	0.292	0.303	0.307	0.295	2.006	0.616	0.311	0.205	1.156	-179213.179
76	8	10000	9253	0.5107	0.305	0.291	0.294	0.309	0.281	0.307	0.307	0.289	0.303	0.305	0.292	0.294	0.301	0.303	1.994	0.573	0.297	0.200	1.000	-178724.233
77	8	10000	9276	0.5115	0.293	0.309	0.304	0.307	0.278	0.295	0.310	0.320	0.285	0.305	0.297	0.304	0.284	0.309	1.988	0.646	0.302	0.205	1.349	-178552.538
78	8	10000	9270	0.5162	0.263	0.298	0.302	0.298	0.294	0.302	0.304	0.344	0.302	0.301	0.288	0.291	0.302	0.299	1.999	0.599	0.302	0.201	1.324	-178705.423
79	8	10000	9266	0.5161	0.336	0.278	0.314	0.294	0.315	0.301	0.286	0.279	0.286	0.301	0.284	0.303	0.293	0.297	2.013	0.609	0.297	0.203	1.087	-177982.130
80	8	10000	9281	0.5132	0.339	0.296	0.291	0.307	0.300	0.303	0.299	0.295	0.293	0.303	0.305	0.305	0.303	0.305	2.001	0.631	0.316	0.201	1.807	-179211.399
81	8	10000	9253	0.5098	0.265	0.295	0.306	0.310	0.307	0.299	0.291	0.344	0.312	0.291	0.300	0.303	0.308	0.310	1.987	0.601	0.298	0.196	1.155	-179051.860
82	8	10000	9288	0.5130	0.319	0.297	0.293	0.314	0.305	0.296	0.303	0.281	0.309	0.292	0.291	0.313	0.312	0.302	1.992	0.606	0.303	0.200	1.221	-179214.696
83	8	10000	9253	0.5124	0.302	0.291	0.293	0.294	0.306	0.304	0.297	0.265	0.311	0.300	0.310	0.318	0.283	0.290	1.988	0.608	0.300	0.200	1.000	-177821.531
84	8	10000	9191	0.5150	0.320	0.286	0.296	0.289	0.305	0.299	0.296	0.296	0.285	0.303	0.298	0.303	0.303	0.294	2.022	0.613	0.307	0.193	1.177	-177569.260
85	8	10000	9255	0.5130	0.294	0.296	0.300	0.312	0.305	0.302	0.301	0.291	0.290	0.299	0.299	0.309	0.299	0.297	2.010	0.583	0.300	0.204	1.000	-178949.725
86	8	10000	9306	0.5179	0.288	0.300	0.305	0.304	0.318	0.305	0.295	0.320	0.293	0.311	0.311	0.310	0.298	0.290	2.008	0.586	0.289	0.200	1.000	-179776.655
87	8	10000	9273	0.5135	0.616	0.293	0.288	0.307	0.311	0.304	0.307	0.000	0.300	0.297	0.298	0.291	0.288	0.301	2.010	0.623	0.320	0.200	1.000	-178343.478
88	8	10000	9230	0.5144	0.581	0.288	0.295	0.300	0.299	0.298	0.293	0.026	0.294	0.299	0.304	0.296	0.303	0.299	1.998	0.622	0.313	0.196	1.000	-177858.694
89	8	10000	9271	0.5128	0.334	0.299	0.295	0.298	0.298	0.290	0.313	0.286	0.299	0.302	0.287	0.295	0.305	0.301	1.985	0.603	0.296	0.197	1.000	-178379.546
90	8	10000	9304	0.5099	0.277	0.299	0.301	0.304	0.304	0.297	0.301	0.334	0.305	0.304	0.308	0.296	0.299	0.304	2.006	0.649	0.290	0.204	1.433	-178447.783
91	8	10000	9275	0.5151	0.287	0.289	0.309	0.297	0.291	0.306	0.312	0.318	0.304	0.290	0.293	0.296	0.302	0.306	2.012	0.612	0.319	0.200	1.167	-178778.691
92	8	10000	9278	0.5116	0.320	0.318	0.293	0.301	0.299	0.318	0.297	0.273	0.293	0.297	0.294	0.315	0.313	0.309	2.007	0.604	0.301	0.203	1.217	-179308.272
93	8	10000	9264	0.5120	0.079	0.307	0.307	0.293	0.286	0.308	0.302	0.529	0.295	0.293	0.301	0.300	0.285	0.296	2.018	0.583	0.287	0.199	1.000	-178193.864
94	8	10000	9224	0.5148	0.288	0.291	0.299	0.292	0.308	0.297	0.302	0.288	0.318	0.298	0.289	0.294	0.302	0.303	1.981	0.581	0.298	0.195	1.000	-178216.155
95	8	10000	9302	0.5126	0.332	0.315	0.303	0.295	0.302	0.292	0.294	0.272	0.302	0.303	0.287	0.319	0.313	0.300	1.998	0.605	0.308	0.200	1.000	-179136.612
96	8	10000	9262	0.5093	0.307	0.272	0.301	0.294	0.300	0.315	0.296	0.313	0.304	0.302	0.292	0.295	0.291	0.297	2.000	0.585	0.289	0.199	1.000	-178041.558
97	8	10000	9269	0.5123	0.322	0.313	0.301	0.292	0.286	0.288	0.301	0.283	0.295	0.288	0.308	0.308	0.295	0.300	2.010	0.610	0.297	0.200	1.000	-177795.566
98	8	10000	9295	0.5137	0.276	0.296	0.303	0.298	0.309	0.307	0.296	0.333	0.301	0.306	0.291	0.302	0.299	0.304	2.025	0.594	0.312	0.201	1.000	-179193.267
99	8	10000	9244	0.5128	0.294	0.295	0.294	0.301	0.312	0.295	0.308	0.307	0.302	0.306	0.305	0.300	0.309	0.298	1.981	0.609	0.310	0.199	1.308	-179104.921
100	8	10000	9271	0.5131	0.255	0.307	0.302	0.297	0.296	0.300	0.295	0.336	0.310	0.291	0.301	0.295	0.301	0.273	1.963	0.596	0.292	0.196	1.009	-177625.864
101	8	10000	9228	0.5136	0.301	0.303	0.309	0.302	0.291	0.300	0.294	0.277	0.300	0.297	0.298	0.304	0.293	0.301	1.992	0.609	0.300	0.196	1.082	-177753.207
102	8	10000	9263	0.5146	0.311	0.318	0.313	0.297	0.289	0.302	0.307	0.288	0.296	0.305	0.298	0.299	0.302	0.302	1.983	0.618	0.314	0.197	1.000	-178999.255
103	8	10000	9320	0.5156	0.304	0.302	0.321	0.288	0.299	0.301	0.312	0.302	0.313	0.294	0.307	0.311	0.310	0.297	2.001	0.623	0.328	0.205	1.000	-180036.330
104	8	10000	9250	0.5148	0.310	0.299	0.307	0.302	0.294	0.309	0.299	0.293	0.294	0.286	0.304	0.300	0.291	0.303	2.037	0.605	0.315	0.195	1.288	-178199.030
105	8	10000	9262	0.5158	0.313	0.307	0.293	0.295	0.292	0.303	0.300	0.281	0.285	0.308	0.297	0.314	0.301	0.290	1.992	0.605	0.312	0.201	1.000	-178328.492
106	8	10000	9266	0.5135	0.327	0.299	0.301	0.296	0.311	0.291	0.311	0.274	0.289	0.303	0.297	0.299	0.305	0.302	2.007	0.618	0.318	0.201	1.472	-178795.516
107	8	10000	9283	0.5178	0.290	0.313	0.302	0.298	0.304	0.289	0.311	0.342	0.302	0.301	0.292	0.300	0.312	0.297	1.985	0.612	0.308	0.198	1.000	-179338.070
108	8	10000	9274	0.5149	0.328	0.289	0.293	0.311	0.296	0.300	0.293	0.290	0.301	0.304	0.288	0.309	0.289	0.307	1.974	0.592	0.297	0.204	1.000	-178769.457
109	8	10000	9243	0.5116	0.308	0.286	0.294	0.292	0.309	0.296	0.292	0.288	0.295	0.309	0.290	0.300	0.306	0.291	1.983	0.622	0.296	0.200	1.142	-177495.017
110	8	10000	9301	0.5122	0.325	0.304	0.292	0.295	0.301	0.298	0.296	0.286	0.314	0.300	0.295	0.289	0.300	0.306	2.001	0.592	0.284	0.203	1.000	-178703.021
111	8	10000	9295	0.5130	0.314	0.314	0.313	0.295	0.287	0.295	0.300	0.264	0.310	0.292	0.312	0.299	0.307	0.306	1.983	0.605	0.296	0.207	1.306	-179305.084
112	8	10000	9297	0.5141	0.000	0.296	0.305	0.293	0.301	0.306	0.316	0.611	0.298	0.300	0.299	0.286	0.314	0.296	1.998	0.604	0.312	0.195	1.000	-178956.912
113	8	10000	9277	0.5130	0.302	0.304	0.308	0.285	0.296	0.309	0.293	0.309	0.284	0.292	0.321	0.308	0.301	0.307	1.984	0.586	0.288	0.196	1.009	-179100.023
114	8	10000	9246	0.5114	0.325	0.293	0.301	0.293	0.306	0.303	0.302	0.280	0.304	0.296	0.307	0.293	0.311	0.294	1.982	0.624	0.316	0.194	1.325	-178197.510
115	8	10000	9312	0.5118	0.314	0.278	0.310	0.292	0.299	0.302	0.297	0.290	0.305	0.301	0.306	0.283	0.304	0.299	1.985	0.611	0.298	0.211	1.000	-178803.981
116	8	10000	9256	0.5126	0.294	0.304	0.297	0.301	0.299	0.299	0.299	0.305	0.303	0.298	0.282	0.294	0.300	0.300	1.970	0.614	0.294	0.199	1.059	-177853.331
117	8	10000	9265	0.5204	0.287	0.312	0.295	0.294	0.282	0.287	0.292	0.307	0.311	0.293	0.298	0.310	0.304	0.295	2.029	0.586	0.284	0.202	1.000	-178051.976
118	8	10000	9264	0.5086	0.343	0.278	0.300	0.300	0.305	0.300	0.308	0.272	0.308	0.303	0.303	0.313	0.299	0.309	1.994	0.598	0.301	0.193	1.000	-178781.118
119	8	10000	9298	0.5146	0.313	0.307	0.305	0.315	0.299	0.297	0.297	0.287	0.308	0.311	0.292	0.280	0.311	0.296	1.987	0.604	0.287	0.203	1.000	-179021.478
120	8	10000	9273	0.5122	0.314	0.302	0.300	0.294	0.305	0.303	0.296	0.276	0.286	0.301	0.291	0.306	0.314	0.311	2.034	0.574	0.280	0.198	1.059	-178628.527
121	8	10000	9278	0.5140	0.268	0.301	0.297	0.299	0.321	0.305	0.295	0.325	0.299	0.298	0.285	0.309	0.285	0.306	2.033	0.619	0.300	0.200	1.218	-177915.464
122	8	10000	9266	0.5108	0.282	0.309	0.299	0.284	0.287	0.305	0.307	0.311	0.312	0.288	0.301	0.290	0.307	0.295	2.005	0.619	0.292	0.202	1.011	-177950.510
123	8	10000	9249	0.5118	0.250	0.291	0.313	0.307	0.296	0.309	0.300	0.333	0.309	0.297	0.296	0.296	0.291	0.300	2.025	0.592	0.306	0.199	1.187	-178489.171
124	8	10000	9273	0.5106	0.334	0.301	0.298	0.311	0.298	0.299	0.315	0.260	0.298	0.303	0.315	0.298	0.298	0.295	1.935	0.599	0.302	0.198	1.040	-179181.598
125	8	10000	9309	0.5141	0.301	0.317	0.304	0.288	0.305	0.293	0.305	0.300	0.307	0.295	0.286	0.292	0.290	0.305	1.957	0.591	0.297	0.200	1.000	-178517.868
126	8	10000	9326	0.5143	0.297	0.309	0.296	0.298	0.290	0.290	0.300	0.312	0.300	0.297	0.321	0.313	0.291	0.307	2.025	0.618	0.308	0.205	1.000	-179093.484
127	8	10000	9286	0.5144	0.280	0.304	0.296	0.303	0.306	0.309	0.295	0.329	0.317	0.290	0.316	0.287	0.303	0.297	2.024	0.574	0.292	0.201	1.000	-179138.293
128	8	10000	9237	0.5133	0.305	0.290	0.309	0.308	0.292	0.294	0.305	0.284	0.304	0.285	0.306	0.291	0.298	0.296	2.009	0.613	0.312	0.200	1.433	-178152.362
129	8	10000	9255	0.5196	0.282	0.287	0.308	0.294	0.304	0.300	0.300	0.296	0.311	0.286	0.303	0.298	0.293	0.307	1.941	0.604	0.288	0.192	1.000	-177846.525
130	8	10000	9248	0.5152	0.292	0.307	0.301	0.301	0.298	0.300	0.308	0.297	0.297	0.310	0.295	0.295	0.302	0.300	2.025	0.573	0.299	0.191	1.165	-178724.335
131	8	10000	9243	0.5124	0.297	0.296	0.296	0.299	0.310	0.296	0.304	0.304	0.295	0.297	0.291	0.303	0.293	0.307	1.994	0.615	0.293	0.198	1.000	-177914.197
132	8	10000	9301	0.5137	0.262	0.297	0.297	0.300	0.301	0.311	0.304	0.330	0.311	0.312	0.286	0.315	0.304	0.300	1.987	0.588	0.289	0.205	1.000	-179518.510
133	8	10000	9309	0.5169	0.262	0.304	0.289	0.302	0.297	0.299	0.298	0.341	0.300	0.305	0.286	0.296	0.299	0.291	2.016	0.612	0.300	0.207	1.000	-178210.314
134	8	10000	9300	0.5136	0.260	0.324	0.310	0.298	0.306	0.303	0.300	0.340	0.300	0.293	0.300	0.304	0.297	0.299	2.008	0.604	0.306	0.200	1.000	-179312.479
135	8	10000	9279	0.5160	0.317	0.308	0.298	0.298	0.302	0.293	0.308	0.251	0.307	0.299	0.293	0.320	0.308	0.298	1.987	0.572	0.276	0.207	1.000	-178963.585
136	8	10000	9279	0.5118	0.260	0.295	0.305	0.301	0.296	0.292	0.294	0.333	0.312	0.302	0.292	0.290	0.302	0.311	1.996	0.595	0.297	0.199	1.000	-178679.459
137	8	10000	9243	0.5164	0.000	0.318	0.297	0.294	0.290	0.296	0.304	0.586	0.294	0.291	0.305	0.305	0.293	0.302	1.991	0.612	0.307	0.201	1.000	-178381.402
138	8	10000	9258	0.5154	0.301	0.290	0.294	0.301	0.312	0.296	0.312	0.286	0.294	0.305	0.303	0.297	0.297	0.299	2.048	0.618	0.292	0.196	1.261	-177604.428
139	8	10000	9305	0.5153	0.386	0.293	0.282	0.302	0.306	0.306	0.298	0.211	0.294	0.292	0.292	0.305	0.293	0.300	2.035	0.629	0.306	0.206	1.000	-177684.009
140	8	10000	9323	0.5114	0.293	0.295	0.288	0.304	0.307	0.297	0.296	0.322	0.278	0.299	0.296	0.317	0.309	0.311	1.983	0.609	0.291	0.208	1.000	-179147.602
141	8	10000	9300	0.5113	0.331	0.298	0.312	0.315	0.304	0.302	0.295	0.284	0.305	0.300	0.299	0.303	0.300	0.305	2.027	0.549	0.289	0.192	1.000	-179510.961
142	8	10000	9267	0.5176	0.323	0.292	0.310	0.303	0.311	0.305	0.286	0.311	0.292	0.305	0.301	0.301	0.292	0.314	2.035	0.625	0.309	0.199	1.574	-178820.350
143	8	10000	9215	0.5128	0.331	0.303	0.297	0.300	0.297	0.290	0.304	0.265	0.294	0.301	0.286	0.298	0.297	0.298	2.005	0.602	0.281	0.200	1.000	-177424.422
144	8	10000	9300	0.5098	0.276	0.302	0.295	0.309	0.313	0.291	0.301	0.310	0.296	0.305	0.306	0.307	0.305	0.292	2.002	0.607	0.294	0.202	1.000	-178617.945
145	8	10000	9267	0.5129	0.295	0.289	0.292	0.298	0.298	0.287	0.307	0.292	0.292	0.293	0.300	0.306	0.302	0.298	1.999	0.600	0.280	0.205	1.000	-177592.604
146	8	10000	9321	0.5167	0.343	0.311	0.307	0.303	0.284	0.297	0.293	0.261	0.302	0.310	0.299	0.301	0.298	0.301	2.000	0.627	0.314	0.201	1.232	-178673.154
147	8	10000	9300	0.5172	0.279	0.304	0.302	0.301	0.298	0.303	0.287	0.357	0.286	0.304	0.311	0.304	0.291	0.309	2.013	0.620	0.302	0.201	1.000	-179063.185
148	8	10000	9302	0.5143	0.292	0.298	0.287	0.301	0.291	0.299	0.299	0.309	0.298	0.297	0.301	0.285	0.297	0.288	1.948	0.608	0.280	0.205	1.000	-177816.504
149	8	10000	9249	0.5106	0.296	0.296	0.296	0.314	0.299	0.301	0.304	0.319	0.295	0.306	0.306	0.296	0.301	0.300	1.983	0.609	0.314	0.205	1.052	-179201.109
150	8	10000	9277	0.5199	0.304	0.301	0.295	0.309	0.305	0.306	0.307	0.288	0.315	0.296	0.303	0.309	0.279	0.308	1.998	0.564	0.293	0.196	1.000	-179435.560
151	8	10000	9300	0.5116	0.314	0.297	0.303	0.300	0.298	0.291	0.303	0.296	0.301	0.318	0.301	0.308	0.293	0.311	2.035	0.620	0.319	0.204	1.251	-179271.901
152	8	10000	9259	0.5112	0.296	0.309	0.291	0.303	0.287	0.304	0.302	0.297	0.300	0.294	0.311	0.292	0.295	0.303	2.026	0.586	0.301	0.200	1.000	-178480.953
153	8	10000	9232	0.5137	0.291	0.296	0.297	0.297	0.306	0.290	0.304	0.284	0.278	0.294	0.305	0.313	0.308	0.290	1.969	0.629	0.303	0.204	1.331	-177896.975
154	8	10000	9246	0.5144	0.316	0.294	0.309	0.315	0.296	0.303	0.289	0.280	0.288	0.315	0.305	0.304	0.290	0.315	1.971	0.610	0.304	0.195	1.000	-178780.662
155	8	10000	9236	0.5125	0.266	0.302	0.309	0.302	0.291	0.311	0.291	0.329	0.289	0.302	0.293	0.315	0.300	0.287	2.002	0.582	0.299	0.194	1.000	-178094.850
156	8	10000	9263	0.5132	0.280	0.310	0.305	0.298	0.303	0.303	0.295	0.301	0.299	0.297	0.300	0.303	0.300	0.296	1.982	0.592	0.276	0.198	1.000	-178067.994
157	8	10000	9283	0.5157	0.316	0.312	0.295	0.298	0.286	0.322	0.290	0.289	0.305	0.304	0.312	0.299	0.311	0.300	1.991	0.589	0.311	0.198	1.000	-179651.655
158	8	10000	9240	0.5160	0.307	0.288	0.292	0.309	0.304	0.296	0.309	0.276	0.311	0.301	0.301	0.304	0.309	0.296	1.994	0.601	0.303	0.198	1.000	-178913.479
159	8	10000	9279	0.5138	0.360	0.289	0.306	0.301	0.297	0.314	0.308	0.275	0.314	0.299	0.299	0.300	0.302	0.300	2.008	0.624	0.311	0.197	1.284	-179380.136
160	8	10000	9188	0.5158	0.326	0.275	0.292	0.301	0.291	0.285	0.293	0.261	0.279	0.301	0.300	0.298	0.302	0.297	1.980	0.601	0.299	0.197	1.000	-177009.800
161	8	10000	9289	0.5125	0.309	0.274	0.315	0.300	0.300	0.294	0.291	0.298	0.295	0.298	0.305	0.296	0.307	0.311	1.950	0.627	0.287	0.205	1.000	-178561.344
162	8	10000	9266	0.5139	0.323	0.296	0.307	0.301	0.308	0.312	0.299	0.304	0.307	0.291	0.318	0.289	0.278	0.311	2.051	0.594	0.294	0.203	1.000	-179249.095
163	8	10000	9280	0.5108	0.304	0.299	0.302	0.305	0.312	0.297	0.290	0.289	0.304	0.294	0.301	0.297	0.301	0.304	2.009	0.618	0.306	0.204	1.000	-178667.830
164	8	10000	9325	0.5159	0.306	0.304	0.306	0.303	0.311	0.292	0.308	0.300	0.304	0.303	0.305	0.292	0.300	0.306	2.050	0.573	0.300	0.199	1.000	-179457.604
165	8	10000	9242	0.5137	0.324	0.304	0.308	0.313	0.285	0.293	0.303	0.267	0.304	0.279	0.300	0.297	0.304	0.291	1.974	0.591	0.302	0.204	1.000	-178762.860
166	8	10000	9274	0.5139	0.263	0.292	0.298	0.293	0.290	0.299	0.311	0.333	0.297	0.301	0.310	0.314	0.303	0.299	2.002	0.617	0.293	0.200	1.047	-178540.949
167	8	10000	9279	0.5140	0.278	0.295	0.289	0.311	0.301	0.303	0.298	0.318	0.289	0.294	0.307	0.292	0.307	0.297	1.976	0.615	0.291	0.199	1.144	-178198.156
168	8	10000	9271	0.5130	0.305	0.313	0.301	0.299	0.290	0.288	0.311	0.304	0.301	0.315	0.289	0.306	0.307	0.300	2.064	0.629	0.311	0.197	1.439	-178522.591
169	8	10000	9260	0.5145	0.302	0.316	0.304	0.305	0.286	0.312	0.295	0.311	0.303	0.320	0.300	0.300	0.303	0.300	2.041	0.589	0.325	0.199	1.114	-179826.392
170	8	10000	9293	0.5166	0.307	0.293	0.301	0.299	0.299	0.297	0.302	0.293	0.296	0.309	0.311	0.304	0.301	0.319	2.002	0.616	0.321	0.203	1.448	-179650.194
171	8	10000	9268	0.5161	0.309	0.298	0.298	0.304	0.297	0.295	0.289	0.304	0.306	0.293	0.306	0.292	0.298	0.289	1.961	0.608	0.297	0.203	1.196	-178461.048
172	8	10000	9286	0.5156	0.285	0.308	0.308	0.299	0.296	0.296	0.305	0.308	0.298	0.301	0.295	0.287	0.303	0.310	1.980	0.572	0.294	0.198	1.000	-178954.534
173	8	10000	9241	0.5131	0.286	0.279	0.314	0.296	0.314	0.294	0.289	0.292	0.285	0.308	0.300	0.293	0.315	0.310	2.023	0.598	0.295	0.194	1.000	-177863.137
174	8	10000	9274	0.5131	0.338	0.300	0.304	0.304	0.302	0.300	0.292	0.257	0.304	0.299	0.302	0.312	0.291	0.314	1.983	0.602	0.302	0.206	1.060	-179301.912
175	8	10000	9264	0.5113	0.375	0.310	0.304	0.297	0.290	0.296	0.308	0.234	0.314	0.297	0.300	0.304	0.303	0.308	1.983	0.600	0.310	0.193	1.000	-179088.095
176	8	10000	9255	0.5139	0.286	0.305	0.311	0.306	0.290	0.297	0.305	0.310	0.304	0.300	0.301	0.293	0.312	0.296	2.038	0.612	0.308	0.201	1.000	-178792.531
177	8	10000	9250	0.5133	0.335	0.291	0.309	0.294	0.296	0.296	0.292	0.279	0.296	0.309	0.308	0.297	0.303	0.299	1.990	0.614	0.305	0.198	1.000	-178273.463
178	8	10000	9286	0.5129	0.326	0.319	0.285	0.320	0.298	0.300	0.297	0.270	0.297	0.303	0.305	0.289	0.313	0.283	2.022	0.577	0.301	0.200	1.001	-178930.643
179	8	10000	9311	0.5157	0.286	0.304	0.309	0.303	0.291	0.296	0.292	0.323	0.298	0.301	0.292	0.302	0.308	0.292	2.043	0.632	0.283	0.211	1.000	-178239.836
180	8	10000	9305	0.5158	0.626	0.292	0.299	0.302	0.294	0.298	0.297	0.003	0.301	0.303	0.319	0.306	0.299	0.298	2.009	0.644	0.318	0.207	1.262	-179017.031
181	8	10000	9252	0.5140	0.324	0.304	0.291	0.314	0.304	0.300	0.299	0.267	0.305	0.309	0.311	0.299	0.304	0.299	2.060	0.598	0.313	0.197	1.000	-179064.369
182	8	10000	9299	0.5113	0.341	0.297	0.299	0.299	0.296	0.297	0.295	0.271	0.292	0.288	0.312	0.310	0.297	0.302	2.026	0.615	0.297	0.202	1.541	-178391.539
183	8	10000	9274	0.5146	0.285	0.293	0.310	0.293	0.286	0.308	0.303	0.336	0.296	0.310	0.316	0.310	0.303	0.311	2.032	0.626	0.324	0.200	1.583	-179458.323
184	8	10000	9239	0.5100	0.309	0.300	0.311	0.293	0.293	0.301	0.308	0.299	0.296	0.306	0.308	0.307	0.304	0.300	2.018	0.580	0.289	0.200	1.000	-179268.072
185	8	10000	9303	0.5121	0.291	0.300	0.303	0.286	0.307	0.279	0.309	0.324	0.296	0.291	0.304	0.299	0.298	0.304	2.017	0.632	0.290	0.207	1.146	-178090.100
186	8	10000	9324	0.5101	0.278	0.315	0.310	0.296	0.300	0.318	0.294	0.313	0.311	0.310	0.300	0.296	0.300	0.314	1.997	0.594	0.307	0.201	1.000	-179968.970
187	8	10000	9306	0.5148	0.292	0.292	0.309	0.298	0.281	0.299	0.306	0.304	0.303	0.287	0.312	0.313	0.303	0.296	1.987	0.628	0.307	0.205	1.000	-178811.447
188	8	10000	9294	0.5139	0.336	0.299	0.290	0.298	0.294	0.301	0.304	0.260	0.307	0.304	0.291	0.304	0.296	0.301	1.966	0.608	0.309	0.206	1.119	-178903.077
189	8	10000	9274	0.5123	0.000	0.312	0.303	0.300	0.300	0.295	0.302	0.606	0.304	0.299	0.288	0.300	0.295	0.296	1.975	0.597	0.303	0.194	1.000	-178510.533
190	8	10000	9292	0.5166	0.314	0.297	0.296	0.297	0.295	0.307	0.308	0.282	0.293	0.307	0.299	0.309	0.296	0.304	2.004	0.593	0.302	0.199	1.000	-178921.325
191	8	10000	9266	0.5155	0.000	0.310	0.307	0.302	0.300	0.304	0.314	0.601	0.298	0.299	0.302	0.334	0.303	0.305	1.997	0.597	0.310	0.195	1.000	-179810.413
192	8	10000	9287	0.5146	0.292	0.300	0.301	0.309	0.305	0.308	0.307	0.295	0.303	0.308	0.295	0.305	0.300	0.308	2.006	0.615	0.310	0.201	1.192	-179401.452
193	8	10000	9267	0.5095	0.287	0.298	0.305	0.306	0.302	0.295	0.295	0.320	0.290	0.298	0.304	0.293	0.301	0.303	1.992	0.603	0.310	0.199	1.000	-178544.842
194	8	10000	9245	0.5146	0.281	0.306	0.295	0.294	0.296	0.288	0.303	0.310	0.282	0.294	0.303	0.304	0.303	0.301	2.006	0.613	0.307	0.201	1.383	-178079.877
195	8	10000	9258	0.5108	0.321	0.288	0.313	0.295	0.291	0.302	0.288	0.286	0.307	0.300	0.309	0.290	0.289	0.301	2.010	0.628	0.291	0.205	1.000	-177828.647
196	8	10000	9283	0.5145	0.291	0.294	0.305	0.301	0.311	0.297	0.298	0.316	0.305	0.299	0.306	0.297	0.311	0.286	2.010	0.607	0.311	0.201	1.000	-178875.028
197	8	10000	9259	0.5194	0.603	0.307	0.285	0.302	0.293	0.313	0.288	0.000	0.300	0.301	0.290	0.275	0.301	0.303	2.022	0.604	0.293	0.196	1.000	-177429.821
198	8	10000	9268	0.5149	0.339	0.286	0.309	0.292	0.303	0.292	0.310	0.266	0.291	0.298	0.298	0.302	0.312	0.290	2.011	0.615	0.308	0.200	1.000	-178418.353
199	8	10000	9205	0.5138	0.321	0.288	0.297	0.298	0.296	0.303	0.289	0.293	0.296	0.293	0.296	0.297	0.298	0.302	1.993	0.631	0.313	0.194	1.167	-177417.714
200	8	10000	9329	0.5167	0.272	0.299	0.296	0.297	0.297	0.302	0.294	0.336	0.319	0.289	0.301	0.290	0.301	0.290	2.020	0.607	0.306	0.201	1.175	-178302.391
201	8	10000	9268	0.5114	0.295	0.305	0.294	0.302	0.309	0.307	0.295	0.293	0.323	0.300	0.297	0.296	0.301	0.314	2.038	0.597	0.302	0.199	1.000	-179176.068
202	8	10000	9269	0.5120	0.326	0.294	0.295	0.297	0.308	0.299	0.299	0.293	0.303	0.294	0.285	0.290	0.295	0.295	2.057	0.608	0.304	0.205	1.000	-177755.271
203	8	10000	9288	0.5179	0.312	0.306	0.298	0.306	0.304	0.300	0.303	0.264	0.309	0.315	0.299	0.294	0.303	0.292	1.962	0.590	0.311	0.196	1.179	-179244.497
204	8	10000	9298	0.5142	0.258	0.306	0.297	0.291	0.305	0.299	0.299	0.343	0.295	0.306	0.294	0.308	0.296	0.304	2.011	0.581	0.307	0.205	1.000	-179259.529
205	8	10000	9254	0.5134	0.299	0.304	0.304	0.303	0.295	0.296	0.310	0.298	0.290	0.310	0.302	0.300	0.300	0.306	2.004	0.609	0.328	0.202	1.179	-179521.094
206	8	10000	9269	0.5163	0.307	0.294	0.304	0.307	0.303	0.291	0.308	0.315	0.305	0.293	0.327	0.297	0.314	0.299	1.986	0.575	0.293	0.192	1.000	-179515.995
207	8	10000	9302	0.5103	0.269	0.303	0.306	0.288	0.303	0.312	0.283	0.317	0.300	0.300	0.288	0.308	0.293	0.307	2.012	0.584	0.285	0.200	1.000	-178415.223
208	8	10000	9279	0.5138	0.331	0.295	0.307	0.305	0.308	0.306	0.303	0.280	0.317	0.296	0.300	0.308	0.289	0.318	1.969	0.576	0.308	0.193	1.000	-179937.579
209	8	10000	9299	0.5139	0.323	0.300	0.303	0.305	0.300	0.300	0.304	0.271	0.300	0.303	0.299	0.296	0.303	0.308	1.970	0.614	0.298	0.201	1.379	-179091.318
210	8	10000	9297	0.5130	0.088	0.312	0.302	0.309	0.293	0.299	0.291	0.533	0.298	0.298	0.296	0.306	0.288	0.291	2.021	0.593	0.303	0.198	1.000	-178486.662
211	8	10000	9303	0.5120	0.300	0.302	0.300	0.308	0.286	0.296	0.297	0.317	0.298	0.303	0.303	0.285	0.291	0.293	2.002	0.635	0.304	0.204	1.000	-178087.194
212	8	10000	9252	0.5108	0.289	0.303	0.299	0.313	0.298	0.314	0.291	0.283	0.300	0.301	0.307	0.299	0.299	0.290	2.009	0.613	0.292	0.201	1.465	-178231.691
213	8	10000	9249	0.5127	0.289	0.296	0.292	0.314	0.303	0.297	0.294	0.309	0.300	0.300	0.298	0.295	0.298	0.291	2.001	0.610	0.299	0.202	1.000	-178167.800
214	8	10000	9267	0.5122	0.304	0.283	0.292	0.295	0.300	0.294	0.310	0.302	0.298	0.295	0.299	0.303	0.306	0.292	1.973	0.580	0.283	0.197	1.000	-177996.076
215	8	10000	9211	0.5139	0.133	0.300	0.304	0.293	0.282	0.303	0.295	0.465	0.285	0.295	0.294	0.307	0.291	0.295	2.042	0.615	0.295	0.199	1.000	-177207.250
216	8	10000	9251	0.5141	0.313	0.297	0.312	0.308	0.300	0.299	0.310	0.294	0.293	0.313	0.291	0.287	0.297	0.289	1.999	0.605	0.312	0.197	1.092	-178439.733
217	8	10000	9232	0.5114	0.335	0.314	0.316	0.293	0.289	0.303	0.305	0.287	0.296	0.291	0.303	0.300	0.292	0.298	1.982	0.611	0.297	0.197	1.000	-178383.700
218	8	10000	9333	0.5179	0.298	0.297	0.294	0.301	0.305	0.306	0.290	0.306	0.308	0.303	0.290	0.296	0.298	0.286	1.977	0.607	0.309	0.203	1.000	-178547.827
219	8	10000	9275	0.5101	0.321	0.292	0.311	0.302	0.297	0.302	0.311	0.294	0.294	0.308	0.298	0.308	0.300	0.294	2.010	0.582	0.300	0.200	1.000	-179312.162
220	8	10000	9279	0.5135	0.336	0.303	0.299	0.301	0.303	0.298	0.311	0.264	0.306	0.306	0.309	0.293	0.299	0.291	1.975	0.605	0.291	0.198	1.000	-178733.648
221	8	10000	9265	0.5152	0.000	0.296	0.305	0.288	0.299	0.293	0.312	0.595	0.303	0.299	0.301	0.300	0.289	0.300	1.987	0.623	0.304	0.204	1.000	-178316.087
222	8	10000	9289	0.5147	0.334	0.316	0.301	0.301	0.312	0.310	0.313	0.253	0.305	0.302	0.291	0.301	0.307	0.307	1.998	0.593	0.308	0.199	1.000	-180108.268
223	8	10000	9288	0.5123	0.000	0.294	0.296	0.294	0.295	0.298	0.309	0.617	0.305	0.306	0.297	0.306	0.301	0.301	2.025	0.596	0.305	0.200	1.000	-179000.610
224	8	10000	9279	0.5154	0.310	0.308	0.305	0.296	0.296	0.293	0.313	0.317	0.302	0.296	0.280	0.300	0.299	0.315	2.010	0.634	0.307	0.205	2.164	-178770.645
225	8	10000	9256	0.5154	0.312	0.303	0.297	0.313	0.301	0.298	0.293	0.308	0.304	0.300	0.305	0.309	0.302	0.303	1.980	0.621	0.303	0.200	1.468	-179118.702
226	8	10000	9322	0.5165	0.303	0.292	0.299	0.307	0.302	0.296	0.291	0.301	0.313	0.302	0.290	0.306	0.301	0.305	1.998	0.618	0.294	0.205	1.101	-178761.322
227	8	10000	9250	0.5116	0.270	0.285	0.293	0.296	0.302	0.306	0.293	0.333	0.283	0.305	0.281	0.308	0.292	0.293	1.984	0.583	0.292	0.200	1.040	-177574.632
228	8	10000	9306	0.5159	0.292	0.306	0.315	0.310	0.294	0.299	0.300	0.315	0.310	0.310	0.290	0.307	0.306	0.309	2.000	0.613	0.312	0.202	1.000	-179984.538
229	8	10000	9259	0.5116	0.292	0.295	0.305	0.295	0.301	0.301	0.293	0.290	0.303	0.299	0.301	0.288	0.298	0.292	2.015	0.591	0.306	0.198	1.007	-177878.207
230	8	10000	9281	0.5160	0.269	0.293	0.315	0.296	0.307	0.297	0.320	0.308	0.297	0.297	0.305	0.293	0.293	0.298	1.998	0.587	0.302	0.203	1.040	-179102.564
231	8	10000	9257	0.5118	0.299	0.303	0.295	0.296	0.291	0.286	0.298	0.282	0.307	0.299	0.303	0.290	0.306	0.293	1.962	0.590	0.292	0.199	1.146	-177717.085
232	8	10000	9248	0.5145	0.265	0.300	0.291	0.297	0.301	0.309	0.287	0.334	0.307	0.315	0.294	0.308	0.303	0.289	1.975	0.588	0.298	0.200	1.000	-178682.747
233	8	10000	9251	0.5146	0.275	0.299	0.312	0.296	0.288	0.303	0.302	0.339	0.292	0.288	0.309	0.293	0.286	0.303	2.017	0.627	0.309	0.198	1.000	-178284.950
234	8	10000	9291	0.5101	0.328	0.308	0.310	0.290	0.295	0.304	0.296	0.279	0.295	0.302	0.305	0.288	0.293	0.311	2.026	0.612	0.311	0.201	1.556	-178983.382
235	8	10000	9303	0.5181	0.282	0.312	0.301	0.296	0.291	0.297	0.289	0.334	0.293	0.295	0.292	0.299	0.306	0.293	2.025	0.623	0.296	0.208	1.144	-178136.828
236	8	10000	9274	0.5137	0.345	0.291	0.298	0.309	0.302	0.295	0.302	0.294	0.295	0.302	0.298	0.289	0.300	0.291	2.015	0.628	0.314	0.199	1.425	-178564.695
237	8	10000	9275	0.5130	0.307	0.314	0.308	0.310	0.304	0.296	0.296	0.300	0.289	0.290	0.307	0.300	0.309	0.296	2.015	0.603	0.310	0.202	1.181	-179294.298
238	8	10000	9283	0.5140	0.296	0.300	0.306	0.292	0.299	0.297	0.308	0.320	0.295	0.308	0.298	0.309	0.294	0.313	1.972	0.619	0.325	0.202	1.000	-179572.277
239	8	10000	9293	0.5126	0.336	0.297	0.302	0.295	0.290	0.304	0.305	0.274	0.308	0.292	0.305	0.299	0.305	0.293	1.986	0.599	0.301	0.201	1.041	-178791.501
240	8	10000	9281	0.5140	0.294	0.293	0.299	0.303	0.300	0.295	0.294	0.281	0.300	0.299	0.296	0.302	0.303	0.292	1.996	0.582	0.280	0.199	1.000	-177772.168
241	8	10000	9296	0.5141	0.307	0.289	0.299	0.301	0.311	0.300	0.312	0.314	0.302	0.292	0.312	0.305	0.293	0.301	1.983	0.612	0.301	0.203	1.195	-179308.332
242	8	10000	9250	0.5100	0.288	0.290	0.289	0.306	0.313	0.294	0.289	0.355	0.293	0.283	0.315	0.293	0.309	0.300	2.000	0.605	0.295	0.200	1.000	-178381.313
243	8	10000	9305	0.5182	0.272	0.310	0.307	0.299	0.288	0.298	0.292	0.359	0.303	0.295	0.301	0.302	0.299	0.294	1.987	0.632	0.299	0.209	1.000	-179021.688
244	8	10000	9175	0.5139	0.301	0.288	0.296	0.293	0.292	0.288	0.302	0.293	0.299	0.298	0.291	0.306	0.299	0.305	1.986	0.639	0.308	0.200	1.843	-177319.169
245	8	10000	9251	0.5139	0.318	0.303	0.298	0.295	0.282	0.302	0.290	0.296	0.303	0.301	0.292	0.295	0.310	0.294	2.008	0.640	0.306	0.202	1.439	-177822.258
246	8	10000	9288	0.5162	0.337	0.290	0.307	0.305	0.305	0.303	0.309	0.258	0.317	0.300	0.296	0.286	0.311	0.298	1.975	0.594	0.312	0.199	1.000	-179407.390
247	8	10000	9246	0.5136	0.307	0.301	0.296	0.294	0.285	0.295	0.299	0.292	0.292	0.304	0.285	0.295	0.297	0.303	1.972	0.636	0.301	0.199	1.000	-177281.298
248	8	10000	9287	0.5154	0.333	0.310	0.287	0.293	0.304	0.293	0.325	0.258	0.312	0.298	0.299	0.295	0.298	0.298	2.038	0.599	0.306	0.196	1.000	-178637.166
249	8	10000	9232	0.5130	0.346	0.303	0.311	0.300	0.301	0.294	0.301	0.267	0.297	0.285	0.306	0.300	0.296	0.293	2.042	0.585	0.299	0.193	1.000	-178112.756
250	8	10000	9248	0.5150	0.272	0.289	0.305	0.301	0.292	0.299	0.304	0.329	0.295	0.293	0.307	0.299	0.297	0.303	2.009	0.598	0.292	0.198	1.012	-178171.743
251	8	10000	9273	0.5133	0.310	0.300	0.296	0.309	0.301	0.304	0.307	0.295	0.299	0.304	0.307	0.303	0.297	0.300	2.011	0.600	0.293	0.202	1.000	-179019.422
252	8	10000	9288	0.5131	0.295	0.299	0.298	0.301	0.299	0.300	0.303	0.312	0.286	0.308	0.292	0.314	0.297	0.301	2.022	0.615	0.305	0.201	1.093	-178586.290
253	8	10000	9320	0.5203	0.318	0.287	0.301	0.302	0.314	0.307	0.290	0.290	0.310	0.306	0.317	0.294	0.299	0.305	1.988	0.630	0.308	0.207	1.168	-179896.770
254	8	10000	9220	0.5147	0.283	0.314	0.311	0.294	0.285	0.301	0.295	0.313	0.308	0.291	0.305	0.305	0.311	0.283	2.020	0.601	0.306	0.195	1.000	-178298.884
255	8	10000	9261	0.5144	0.284	0.297	0.297	0.287	0.306	0.289	0.312	0.307	0.292	0.299	0.309	0.302	0.287	0.292	1.992	0.608	0.309	0.204	1.000	-178231.993
256	8	10000	9291	0.5101	0.327	0.313	0.302	0.297	0.310	0.309	0.313	0.281	0.298	0.296	0.311	0.318	0.308	0.293	1.936	0.605	0.315	0.201	1.000	-180414.066
257	8	10000	9320	0.5160	0.298	0.308	0.295	0.307	0.297	0.302	0.301	0.323	0.301	0.301	0.308	0.288	0.306	0.299	1.948	0.593	0.292	0.197	1.000	-179371.025
258	8	10000	9291	0.5154	0.333	0.293	0.301	0.305	0.303	0.299	0.291	0.261	0.303	0.294	0.300	0.296	0.308	0.298	1.957	0.608	0.295	0.204	1.038	-178766.258
259	8	10000	9269	0.5147	0.293	0.297	0.293	0.303	0.292	0.303	0.305	0.290	0.312	0.300	0.303	0.312	0.287	0.302	1.969	0.600	0.306	0.197	1.000	-178639.649
260	8	10000	9265	0.5153	0.330	0.290	0.296	0.301	0.300	0.291	0.296	0.281	0.300	0.298	0.308	0.307	0.305	0.289	2.009	0.607	0.305	0.199	1.135	-178412.704
261	8	10000	9302	0.5125	0.328	0.294	0.296	0.303	0.303	0.294	0.298	0.286	0.315	0.297	0.305	0.295	0.306	0.302	1.996	0.606	0.296	0.203	1.000	-178940.216
262	8	10000	9317	0.5125	0.284	0.312	0.298	0.307	0.309	0.293	0.296	0.321	0.303	0.311	0.298	0.308	0.293	0.310	2.005	0.621	0.304	0.206	1.512	-179409.565
263	8	10000	9308	0.5130	0.282	0.301	0.310	0.283	0.306	0.306	0.291	0.312	0.301	0.297	0.311	0.276	0.304	0.317	2.022	0.602	0.287	0.207	1.000	-178733.290
264	8	10000	9267	0.5127	0.293	0.289	0.310	0.291	0.291	0.293	0.318	0.308	0.317	0.306	0.304	0.316	0.297	0.294	1.975	0.599	0.304	0.200	1.000	-179395.987
265	8	10000	9259	0.5122	0.285	0.301	0.300	0.302	0.285	0.301	0.297	0.318	0.300	0.298	0.308	0.293	0.310	0.288	2.020	0.596	0.301	0.197	1.067	-178313.960
266	8	10000	9289	0.5138	0.271	0.309	0.304	0.301	0.284	0.309	0.293	0.327	0.308	0.289	0.313	0.301	0.307	0.306	2.037	0.592	0.301	0.198	1.000	-179005.318
267	8	10000	9312	0.5162	0.306	0.301	0.307	0.303	0.314	0.303	0.312	0.294	0.302	0.308	0.301	0.288	0.298	0.311	1.990	0.600	0.311	0.205	1.000	-180014.935
268	8	10000	9252	0.5162	0.187	0.306	0.294	0.301	0.296	0.292	0.305	0.401	0.309	0.297	0.295	0.289	0.312	0.308	2.025	0.582	0.312	0.193	1.000	-178402.470
269	8	10000	9310	0.5144	0.330	0.310	0.291	0.303	0.290	0.309	0.296	0.278	0.284	0.299	0.302	0.310	0.300	0.286	1.993	0.623	0.309	0.206	1.194	-178602.624
270	8	10000	9275	0.5117	0.342	0.298	0.307	0.305	0.317	0.308	0.297	0.254	0.300	0.309	0.306	0.292	0.317	0.290	2.054	0.607	0.304	0.200	1.000	-179388.983
271	8	10000	9191	0.5115	0.289	0.296	0.290	0.303	0.294	0.303	0.313	0.310	0.297	0.307	0.300	0.305	0.286	0.291	2.003	0.572	0.296	0.191	1.044	-178099.593
272	8	10000	9290	0.5163	0.298	0.286	0.301	0.289	0.304	0.292	0.295	0.312	0.301	0.307	0.293	0.300	0.295	0.285	1.991	0.622	0.288	0.207	1.000	-177709.588
273	8	10000	9275	0.5154	0.286	0.303	0.291	0.293	0.297	0.301	0.307	0.304	0.311	0.292	0.293	0.284	0.314	0.303	1.960	0.600	0.312	0.200	1.000	-178788.135
274	8	10000	9278	0.5145	0.333	0.296	0.304	0.299	0.307	0.298	0.301	0.284	0.313	0.307	0.293	0.294	0.305	0.294	2.027	0.564	0.301	0.191	1.000	-178887.603
275	8	10000	9247	0.5103	0.000	0.295	0.305	0.290	0.294	0.292	0.297	0.598	0.300	0.290	0.302	0.296	0.299	0.300	1.970	0.630	0.294	0.206	1.000	-177706.719
276	8	10000	9293	0.5146	0.289	0.314	0.307	0.309	0.306	0.300	0.297	0.306	0.294	0.302	0.309	0.309	0.300	0.312	2.014	0.604	0.314	0.204	1.000	-179954.392
277	8	10000	9273	0.5107	0.322	0.302	0.283	0.302	0.302	0.310	0.294	0.283	0.309	0.307	0.298	0.301	0.306	0.287	1.995	0.622	0.308	0.201	1.488	-178552.947
278	8	10000	9286	0.5129	0.292	0.319	0.304	0.303	0.303	0.314	0.292	0.323	0.303	0.306	0.292	0.315	0.310	0.309	2.011	0.595	0.296	0.200	1.000	-179903.135
279	8	10000	9273	0.5161	0.319	0.311	0.299	0.304	0.298	0.291	0.281	0.279	0.311	0.297	0.300	0.291	0.291	0.292	1.982	0.615	0.301	0.203	1.165	-177933.078
280	8	10000	9266	0.5090	0.314	0.313	0.300	0.295	0.302	0.301	0.291	0.287	0.326	0.302	0.302	0.288	0.296	0.301	1.966	0.642	0.292	0.206	1.000	-178713.362
281	8	10000	9269	0.5111	0.297	0.296	0.302	0.296	0.306	0.303	0.310	0.312	0.286	0.311	0.299	0.304	0.303	0.305	2.012	0.582	0.307	0.190	1.000	-178798.600
282	8	10000	9288	0.5148	0.321	0.281	0.306	0.288	0.318	0.290	0.296	0.269	0.304	0.301	0.294	0.294	0.311	0.291	2.005	0.578	0.276	0.200	1.000	-177881.136
283	8	10000	9321	0.5149	0.299	0.300	0.301	0.291	0.313	0.304	0.292	0.292	0.293	0.297	0.299	0.301	0.301	0.313	1.990	0.585	0.298	0.199	1.032	-178999.790
284	8	10000	9292	0.5146	0.260	0.299	0.300	0.319	0.309	0.306	0.299	0.341	0.302	0.314	0.300	0.301	0.303	0.306	1.980	0.592	0.288	0.192	1.012	-179373.953
285	8	10000	9283	0.5142	0.303	0.309	0.296	0.304	0.298	0.287	0.309	0.303	0.290	0.302	0.300	0.311	0.297	0.305	2.004	0.643	0.313	0.204	1.888	-178701.846
286	8	10000	9267	0.5175	0.300	0.290	0.297	0.302	0.312	0.296	0.300	0.309	0.298	0.289	0.305	0.284	0.311	0.296	2.032	0.621	0.305	0.203	1.000	-178421.726
287	8	10000	9244	0.5112	0.311	0.300	0.287	0.306	0.287	0.297	0.301	0.306	0.291	0.289	0.299	0.322	0.296	0.285	1.961	0.624	0.310	0.201	1.096	-178071.422
288	8	10000	9253	0.5112	0.337	0.298	0.308	0.293	0.305	0.303	0.307	0.265	0.296	0.302	0.297	0.297	0.300	0.303	2.036	0.601	0.311	0.194	1.040	-178637.997
289	8	10000	9265	0.5129	0.115	0.302	0.290	0.307	0.307	0.296	0.297	0.496	0.297	0.295	0.308	0.316	0.304	0.302	1.959	0.595	0.292	0.201	1.000	-179191.121
290	8	10000	9281	0.5161	0.303	0.291	0.295	0.301	0.305	0.298	0.302	0.271	0.305	0.302	0.299	0.303	0.286	0.299	2.008	0.578	0.278	0.204	1.000	-178354.612
291	8	10000	9234	0.5144	0.254	0.296	0.287	0.302	0.303	0.306	0.296	0.337	0.298	0.297	0.293	0.301	0.298	0.289	2.002	0.624	0.315	0.201	1.000	-177922.593
292	8	10000	9285	0.5138	0.324	0.306	0.294	0.297	0.283	0.303	0.311	0.298	0.296	0.302	0.317	0.299	0.295	0.308	2.007	0.609	0.311	0.200	1.071	-179078.711
293	8	10000	9268	0.5169	0.280	0.304	0.300	0.276	0.300	0.291	0.307	0.306	0.309	0.308	0.299	0.302	0.305	0.286	1.998	0.625	0.301	0.203	1.000	-177922.002
294	8	10000	9265	0.5177	0.324	0.302	0.309	0.296	0.327	0.309	0.306	0.267	0.281	0.297	0.294	0.322	0.306	0.295	2.004	0.617	0.299	0.195	1.000	-179043.791
295	8	10000	9279	0.5131	0.321	0.307	0.301	0.309	0.304	0.314	0.303	0.279	0.290	0.294	0.299	0.305	0.307	0.310	2.020	0.601	0.307	0.199	1.000	-179395.052
296	8	10000	9268	0.5099	0.301	0.302	0.293	0.288	0.303	0.308	0.299	0.305	0.299	0.303	0.295	0.296	0.307	0.305	1.979	0.603	0.303	0.202	1.000	-178729.832
297	8	10000	9301	0.5122	0.335	0.297	0.300	0.301	0.305	0.297	0.306	0.254	0.303	0.299	0.303	0.300	0.287	0.311	1.958	0.589	0.294	0.202	1.002	-178560.178
298	8	10000	9260	0.5098	0.298	0.305	0.307	0.298	0.304	0.291	0.308	0.300	0.308	0.294	0.300	0.294	0.294	0.309	1.976	0.604	0.313	0.200	1.338	-178936.765
299	8	10000	9251	0.5111	0.285	0.303	0.298	0.295	0.307	0.299	0.311	0.338	0.313	0.290	0.303	0.312	0.299	0.285	2.033	0.606	0.308	0.199	1.000	-178993.108
300	8	10000	9261	0.5147	0.277	0.304	0.299	0.311	0.285	0.285	0.298	0.329	0.280	0.293	0.293	0.296	0.301	0.295	2.032	0.611	0.300	0.202	1.057	-177513.225
301	8	10000	9271	0.5147	0.331	0.294	0.286	0.306	0.297	0.310	0.308	0.257	0.311	0.303	0.299	0.297	0.297	0.299	1.965	0.606	0.311	0.201	1.146	-179022.117
302	8	10000	9241	0.5164	0.280	0.294	0.290	0.315	0.301	0.295	0.292	0.314	0.301	0.284	0.294	0.290	0.297	0.319	1.976	0.593	0.305	0.196	1.069	-178121.578
303	8	10000	9315	0.5160	0.284	0.293	0.306	0.298	0.294	0.307	0.298	0.313	0.308	0.298	0.307	0.322	0.298	0.296	2.035	0.616	0.305	0.202	1.058	-179081.920
304	8	10000	9266	0.5114	0.358	0.325	0.296	0.299	0.295	0.314	0.295	0.262	0.298	0.296	0.288	0.300	0.305	0.293	2.016	0.623	0.311	0.203	1.333	-179025.449
305	8	10000	9285	0.5103	0.261	0.293	0.281	0.300	0.299	0.305	0.307	0.341	0.302	0.300	0.287	0.306	0.297	0.302	1.964	0.610	0.306	0.203	1.000	-178407.962
306	8	10000	9238	0.5133	0.306	0.300	0.290	0.291	0.298	0.298	0.301	0.287	0.297	0.284	0.300	0.292	0.297	0.292	1.958	0.595	0.296	0.198	1.000	-177501.239
307	8	10000	9233	0.5142	0.326	0.297	0.297	0.288	0.293	0.298	0.291	0.289	0.297	0.298	0.297	0.286	0.295	0.303	1.987	0.609	0.323	0.198	1.000	-177791.541
308	8	10000	9285	0.5146	0.309	0.306	0.296	0.304	0.289	0.294	0.291	0.289	0.299	0.303	0.298	0.300	0.296	0.300	1.998	0.620	0.296	0.201	1.041	-177911.102
309	8	10000	9260	0.5139	0.296	0.288	0.292	0.296	0.291	0.291	0.294	0.300	0.291	0.307	0.302	0.305	0.300	0.293	2.029	0.621	0.320	0.202	1.000	-177659.740
310	8	10000	9274	0.5132	0.315	0.314	0.297	0.319	0.303	0.311	0.296	0.277	0.301	0.313	0.301	0.300	0.297	0.308	1.994	0.588	0.299	0.195	1.000	-179493.049
311	8	10000	9218	0.5157	0.300	0.297	0.294	0.298	0.301	0.301	0.294	0.315	0.283	0.287	0.288	0.311	0.306	0.306	2.035	0.601	0.304	0.196	1.000	-177898.065
312	8	10000	9261	0.5153	0.317	0.304	0.306	0.296	0.301	0.309	0.288	0.295	0.279	0.309	0.310	0.307	0.296	0.292	2.028	0.610	0.302	0.199	1.221	-178550.050
313	8	10000	9296	0.5145	0.296	0.301	0.294	0.289	0.310	0.299	0.301	0.302	0.309	0.291	0.300	0.310	0.295	0.296	2.004	0.566	0.283	0.199	1.000	-178641.277
314	8	10000	9258	0.5143	0.312	0.305	0.293	0.308	0.297	0.292	0.316	0.266	0.297	0.308	0.302	0.307	0.314	0.302	1.976	0.561	0.296	0.191	1.000	-179178.386
315	8	10000	9281	0.5131	0.270	0.290	0.312	0.301	0.296	0.304	0.302	0.308	0.323	0.294	0.297	0.299	0.307	0.295	2.002	0.588	0.294	0.198	1.000	-178519.184
316	8	10000	9276	0.5134	0.297	0.292	0.307	0.306	0.307	0.304	0.292	0.306	0.304	0.301	0.305	0.298	0.299	0.297	1.999	0.580	0.287	0.196	1.000	-178688.636
317	8	10000	9289	0.5112	0.292	0.302	0.313	0.296	0.300	0.308	0.305	0.334	0.302	0.307	0.303	0.278	0.301	0.301	2.042	0.622	0.296	0.204	1.113	-179068.488
318	8	10000	9312	0.5166	0.329	0.326	0.301	0.300	0.296	0.291	0.305	0.292	0.300	0.286	0.318	0.301	0.303	0.319	2.030	0.596	0.302	0.200	1.193	-179718.669
319	8	10000	9281	0.5154	0.291	0.314	0.301	0.291	0.295	0.301	0.288	0.312	0.299	0.301	0.303	0.307	0.287	0.295	2.013	0.615	0.309	0.205	1.000	-178495.820
320	8	10000	9265	0.5140	0.298	0.299	0.300	0.293	0.320	0.307	0.290	0.296	0.272	0.301	0.300	0.292	0.309	0.286	1.995	0.645	0.300	0.208	1.270	-177854.322
321	8	10000	9312	0.5152	0.314	0.293	0.307	0.302	0.303	0.309	0.294	0.287	0.295	0.308	0.297	0.305	0.301	0.304	1.973	0.636	0.305	0.199	1.534	-178863.476
322	8	10000	9248	0.5160	0.321	0.282	0.293	0.303	0.298	0.308	0.313	0.283	0.309	0.297	0.303	0.304	0.304	0.312	1.982	0.622	0.323	0.196	1.282	-179082.564
323	8	10000	9258	0.5125	0.277	0.286	0.298	0.307	0.304	0.293	0.304	0.314	0.320	0.306	0.282	0.287	0.284	0.302	2.013	0.590	0.302	0.204	1.251	-178264.664
324	8	10000	9286	0.5147	0.275	0.301	0.302	0.300	0.312	0.314	0.299	0.331	0.320	0.302	0.303	0.292	0.310	0.303	2.037	0.614	0.323	0.202	1.000	-180044.297
325	8	10000	9298	0.5137	0.263	0.289	0.303	0.298	0.311	0.314	0.308	0.342	0.313	0.307	0.296	0.300	0.303	0.299	2.026	0.592	0.329	0.197	1.000	-179837.283
326	8	10000	9321	0.5148	0.303	0.293	0.301	0.297	0.295	0.309	0.297	0.305	0.313	0.290	0.303	0.282	0.293	0.305	2.055	0.588	0.286	0.200	1.000	-178318.433
327	8	10000	9315	0.5122	0.335	0.301	0.310	0.302	0.299	0.293	0.294	0.266	0.301	0.297	0.302	0.304	0.308	0.295	2.026	0.595	0.311	0.199	1.113	-178908.070
328	8	10000	9257	0.5119	0.337	0.300	0.307	0.301	0.297	0.304	0.294	0.273	0.300	0.284	0.298	0.302	0.300	0.298	1.977	0.584	0.315	0.201	1.000	-178931.253
329	8	10000	9259	0.5109	0.325	0.290	0.297	0.293	0.312	0.297	0.295	0.279	0.304	0.292	0.304	0.296	0.307	0.290	1.972	0.603	0.289	0.200	1.000	-178075.365
330	8	10000	9319	0.5140	0.303	0.294	0.305	0.312	0.291	0.320	0.292	0.313	0.303	0.303	0.294	0.305	0.289	0.302	2.048	0.613	0.289	0.205	1.000	-178973.110
331	8	10000	9272	0.5096	0.336	0.305	0.301	0.294	0.292	0.301	0.301	0.273	0.292	0.289	0.301	0.285	0.299	0.291	2.030	0.607	0.314	0.203	1.000	-177885.386
332	8	10000	9266	0.5142	0.327	0.298	0.304	0.300	0.296	0.284	0.296	0.291	0.277	0.306	0.302	0.305	0.302	0.294	2.013	0.621	0.308	0.198	1.450	-177968.478
333	8	10000	9252	0.5130	0.312	0.305	0.302	0.297	0.282	0.294	0.313	0.297	0.287	0.298	0.301	0.300	0.294	0.304	1.995	0.635	0.308	0.201	1.757	-178112.921
334	8	10000	9279	0.5093	0.270	0.302	0.301	0.294	0.301	0.307	0.301	0.317	0.305	0.299	0.305	0.306	0.298	0.285	2.039	0.558	0.284	0.198	1.000	-178507.695
335	8	10000	9263	0.5128	0.309	0.322	0.290	0.319	0.307	0.306	0.291	0.296	0.301	0.306	0.310	0.296	0.294	0.298	1.978	0.621	0.318	0.206	1.052	-179810.128
336	8	10000	9310	0.5146	0.330	0.308	0.322	0.289	0.305	0.300	0.294	0.265	0.307	0.301	0.305	0.293	0.300	0.292	1.982	0.621	0.308	0.206	1.357	-179175.941
337	8	10000	9260	0.5108	0.242	0.302	0.292	0.297	0.314	0.299	0.309	0.333	0.286	0.303	0.300	0.306	0.298	0.298	2.006	0.610	0.315	0.197	1.000	-178181.752
338	8	10000	9320	0.5142	0.320	0.305	0.300	0.307	0.314	0.297	0.303	0.269	0.310	0.297	0.306	0.312	0.301	0.295	2.020	0.591	0.301	0.199	1.035	-179286.007
339	8	10000	9295	0.5145	0.298	0.303	0.304	0.296	0.294	0.302	0.299	0.301	0.286	0.294	0.298	0.313	0.305	0.305	1.997	0.617	0.287	0.204	1.000	-178599.286
340	8	10000	9283	0.5107	0.295	0.309	0.296	0.311	0.305	0.298	0.302	0.289	0.292	0.301	0.288	0.301	0.290	0.283	1.980	0.593	0.297	0.197	1.143	-177903.268
341	8	10000	9296	0.5072	0.334	0.298	0.293	0.302	0.299	0.293	0.298	0.276	0.300	0.296	0.295	0.308	0.291	0.303	2.014	0.565	0.295	0.197	1.000	-178389.731
342	8	10000	9279	0.5127	0.321	0.314	0.304	0.306	0.302	0.301	0.304	0.265	0.299	0.297	0.296	0.291	0.300	0.292	2.059	0.592	0.300	0.201	1.000	-178542.818
343	8	10000	9281	0.5136	0.271	0.311	0.299	0.296	0.306	0.300	0.302	0.318	0.300	0.306	0.309	0.294	0.305	0.290	1.995	0.626	0.307	0.204	1.531	-179023.768
344	8	10000	9293	0.5121	0.257	0.317	0.303	0.303	0.298	0.292	0.299	0.345	0.311	0.297	0.302	0.313	0.303	0.305	2.007	0.599	0.312	0.197	1.000	-179168.852
345	8	10000	9297	0.5117	0.624	0.296	0.307	0.298	0.295	0.302	0.309	0.000	0.297	0.299	0.295	0.292	0.294	0.298	1.985	0.606	0.311	0.206	1.000	-179060.868
346	8	10000	9289	0.5116	0.286	0.295	0.297	0.298	0.293	0.295	0.297	0.330	0.286	0.294	0.301	0.306	0.302	0.309	2.020	0.613	0.284	0.202	1.342	-178038.469
347	8	10000	9254	0.5146	0.319	0.288	0.300	0.296	0.300	0.281	0.294	0.279	0.297	0.298	0.288	0.305	0.289	0.303	1.995	0.622	0.295	0.205	1.000	-177481.402
348	8	10000	9294	0.5133	0.313	0.309	0.308	0.301	0.308	0.298	0.294	0.304	0.301	0.298	0.302	0.318	0.295	0.291	1.968	0.631	0.312	0.206	1.564	-179524.871
349	8	10000	9252	0.5129	0.300	0.297	0.303	0.284	0.301	0.292	0.297	0.310	0.301	0.303	0.311	0.303	0.296	0.309	1.976	0.585	0.294	0.192	1.000	-178324.732
350	8	10000	9230	0.5130	0.298	0.293	0.307	0.289	0.307	0.291	0.295	0.297	0.286	0.305	0.308	0.295	0.286	0.302	1.985	0.588	0.297	0.203	1.000	-178313.761
351	8	10000	9270	0.5150	0.324	0.305	0.302	0.290	0.296	0.304	0.292	0.295	0.297	0.308	0.294	0.295	0.295	0.299	2.002	0.639	0.314	0.213	1.000	-178626.450
352	8	10000	9304	0.5103	0.299	0.302	0.311	0.298	0.285	0.306	0.317	0.309	0.295	0.305	0.303	0.301	0.299	0.294	2.019	0.597	0.302	0.201	1.047	-179203.305
353	8	10000	9284	0.5077	0.319	0.302	0.300	0.296	0.301	0.304	0.310	0.308	0.311	0.308	0.296	0.282	0.291	0.294	2.032	0.600	0.305	0.201	1.064	-178734.835
354	8	10000	9303	0.5127	0.278	0.300	0.304	0.293	0.291	0.310	0.298	0.330	0.292	0.307	0.302	0.309	0.298	0.293	1.982	0.597	0.291	0.200	1.000	-178877.707
355	8	10000	9307	0.5127	0.369	0.294	0.297	0.303	0.309	0.314	0.308	0.256	0.305	0.304	0.300	0.313	0.306	0.305	1.986	0.621	0.317	0.203	1.000	-180026.921
356	8	10000	9259	0.5120	0.301	0.305	0.300	0.284	0.306	0.290	0.303	0.260	0.290	0.299	0.303	0.296	0.292	0.309	2.026	0.570	0.279	0.200	1.000	-177721.963
357	8	10000	9239	0.5123	0.293	0.303	0.305	0.295	0.303	0.316	0.285	0.301	0.292	0.316	0.294	0.299	0.290	0.295	2.032	0.640	0.310	0.198	1.577	-177869.803
358	8	10000	9297	0.5125	0.289	0.299	0.304	0.287	0.304	0.300	0.306	0.331	0.301	0.296	0.295	0.300	0.292	0.313	1.996	0.614	0.321	0.200	1.545	-179053.853
359	8	10000	9291	0.5162	0.309	0.301	0.296	0.314	0.309	0.295	0.310	0.311	0.298	0.306	0.300	0.302	0.293	0.305	2.011	0.603	0.296	0.203	1.157	-179465.820
360	8	10000	9271	0.5153	0.301	0.298	0.313	0.287	0.285	0.295	0.300	0.314	0.288	0.292	0.299	0.303	0.296	0.304	1.977	0.632	0.307	0.204	1.925	-178353.211
361	8	10000	9318	0.5121	0.319	0.297	0.295	0.305	0.297	0.295	0.319	0.278	0.308	0.304	0.309	0.294	0.274	0.302	2.015	0.612	0.303	0.206	1.152	-178542.411
362	8	10000	9234	0.5093	0.297	0.301	0.298	0.294	0.298	0.303	0.288	0.296	0.296	0.288	0.308	0.304	0.315	0.291	1.983	0.589	0.295	0.202	1.226	-178164.994
363	8	10000	9290	0.5175	0.335	0.300	0.297	0.295	0.301	0.296	0.298	0.268	0.309	0.302	0.304	0.304	0.287	0.312	2.029	0.598	0.312	0.196	1.398	-178742.322
364	8	10000	9242	0.5117	0.333	0.305	0.314	0.292	0.302	0.305	0.291	0.269	0.285	0.289	0.290	0.295	0.300	0.292	1.975	0.615	0.302	0.201	1.000	-177726.336
365	8	10000	9262	0.5125	0.265	0.288	0.286	0.311	0.300	0.308	0.305	0.353	0.283	0.290	0.294	0.302	0.291	0.303	2.015	0.611	0.305	0.201	1.000	-178089.536
366	8	10000	9270	0.5167	0.291	0.296	0.311	0.291	0.289	0.295	0.295	0.299	0.307	0.297	0.300	0.296	0.296	0.297	1.988	0.610	0.310	0.200	1.000	-177998.265
367	8	10000	9273	0.5120	0.283	0.295	0.296	0.308	0.299	0.299	0.294	0.311	0.312	0.290	0.295	0.307	0.303	0.313	2.002	0.612	0.286	0.201	1.000	-178162.824
368	8	10000	9258	0.5116	0.302	0.316	0.288	0.298	0.302	0.299	0.315	0.286	0.317	0.310	0.300	0.299	0.306	0.297	2.029	0.617	0.315	0.205	1.230	-179352.786
369	8	10000	9244	0.5080	0.269	0.298	0.297	0.294	0.290	0.308	0.304	0.316	0.293	0.298	0.294	0.315	0.295	0.286	2.016	0.580	0.290	0.197	1.000	-177633.232
370	8	10000	9218	0.5080	0.278	0.297	0.293	0.300	0.296	0.295	0.302	0.328	0.297	0.301	0.294	0.296	0.294	0.305	1.972	0.603	0.301	0.202	1.000	-177997.733
371	8	10000	9264	0.5108	0.340	0.300	0.284	0.297	0.298	0.299	0.287	0.248	0.303	0.321	0.290	0.289	0.305	0.300	1.996	0.594	0.295	0.206	1.000	-178100.937
372	8	10000	9256	0.5141	0.307	0.289	0.300	0.301	0.288	0.309	0.307	0.283	0.310	0.296	0.296	0.293	0.305	0.287	2.021	0.618	0.298	0.205	1.279	-178115.047
373	8	10000	9269	0.5144	0.295	0.294	0.300	0.297	0.295	0.304	0.287	0.304	0.300	0.309	0.300	0.309	0.298	0.302	2.031	0.598	0.296	0.202	1.000	-178367.243
374	8	10000	9242	0.5162	0.285	0.277	0.301	0.308	0.297	0.297	0.301	0.298	0.306	0.305	0.304	0.314	0.305	0.294	1.969	0.609	0.329	0.200	1.000	-179107.200
375	8	10000	9252	0.5113	0.263	0.295	0.300	0.292	0.324	0.303	0.301	0.329	0.312	0.285	0.306	0.315	0.296	0.305	1.974	0.595	0.313	0.193	1.013	-179010.734
376	8	10000	9236	0.5117	0.276	0.277	0.296	0.303	0.303	0.293	0.303	0.333	0.298	0.303	0.295	0.304	0.295	0.303	2.007	0.634	0.313	0.204	1.454	-178080.313
377	8	10000	9238	0.5131	0.266	0.311	0.295	0.296	0.291	0.306	0.287	0.335	0.291	0.303	0.286	0.311	0.294	0.285	2.001	0.575	0.298	0.191	1.000	-177582.244
378	8	10000	9271	0.5160	0.310	0.327	0.302	0.304	0.288	0.306	0.293	0.297	0.302	0.307	0.305	0.296	0.293	0.312	1.976	0.592	0.297	0.200	1.226	-179464.436
379	8	10000	9285	0.5135	0.296	0.291	0.302	0.304	0.310	0.293	0.303	0.299	0.295	0.296	0.300	0.299	0.300	0.301	1.997	0.581	0.278	0.200	1.058	-178495.738
380	8	10000	9300	0.5136	0.300	0.299	0.297	0.292	0.298	0.298	0.311	0.314	0.301	0.300	0.294	0.298	0.306	0.296	1.990	0.606	0.296	0.203	1.000	-178674.461
381	8	10000	9290	0.5140	0.290	0.303	0.303	0.293	0.313	0.298	0.300	0.303	0.297	0.304	0.289	0.301	0.305	0.304	2.009	0.586	0.285	0.205	1.000	-178918.377
382	8	10000	9268	0.5151	0.280	0.291	0.309	0.304	0.310	0.306	0.284	0.306	0.310	0.300	0.301	0.297	0.294	0.300	1.996	0.621	0.305	0.203	1.137	-178546.770
383	8	10000	9302	0.5150	0.333	0.290	0.302	0.291	0.313	0.308	0.304	0.265	0.310	0.299	0.301	0.294	0.302	0.302	1.970	0.607	0.295	0.203	1.000	-179012.539
384	8	10000	9315	0.5139	0.305	0.307	0.310	0.298	0.304	0.283	0.305	0.293	0.306	0.312	0.293	0.312	0.301	0.306	2.011	0.618	0.298	0.204	1.000	-179416.215
385	8	10000	9264	0.5118	0.265	0.309	0.293	0.310	0.308	0.293	0.297	0.327	0.304	0.290	0.290	0.295	0.292	0.312	1.994	0.637	0.295	0.202	1.029	-177888.210
386	8	10000	9259	0.5115	0.303	0.295	0.297	0.293	0.300	0.303	0.302	0.289	0.305	0.311	0.306	0.295	0.307	0.310	1.980	0.599	0.304	0.198	1.109	-179095.979
387	8	10000	9283	0.5138	0.303	0.271	0.312	0.289	0.308	0.303	0.309	0.323	0.305	0.293	0.292	0.301	0.286	0.299	1.983	0.602	0.301	0.203	1.176	-178655.288
388	8	10000	9266	0.5142	0.281	0.302	0.284	0.297	0.300	0.289	0.303	0.328	0.293	0.303	0.295	0.303	0.305	0.298	2.013	0.641	0.300	0.203	1.000	-177745.957
389	8	10000	9249	0.5147	0.308	0.306	0.303	0.298	0.284	0.301	0.303	0.305	0.307	0.293	0.311	0.285	0.303	0.304	1.987	0.564	0.284	0.195	1.000	-178816.951
390	8	10000	9304	0.5119	0.329	0.303	0.301	0.309	0.300	0.298	0.313	0.274	0.275	0.304	0.306	0.317	0.319	0.299	1.963	0.595	0.308	0.199	1.214	-179845.620
391	8	10000	9302	0.5139	0.299	0.309	0.309	0.302	0.287	0.312	0.316	0.322	0.298	0.302	0.297	0.310	0.307	0.295	2.014	0.595	0.310	0.202	1.010	-180072.365
392	8	10000	9199	0.5147	0.284	0.308	0.317	0.300	0.301	0.294	0.304	0.320	0.301	0.295	0.293	0.298	0.296	0.297	1.967	0.592	0.304	0.194	1.000	-178557.638
393	8	10000	9272	0.5179	0.315	0.308	0.298	0.310	0.302	0.298	0.303	0.270	0.305	0.308	0.307	0.300	0.306	0.300	2.026	0.592	0.312	0.191	1.031	-178996.447
394	8	10000	9234	0.5127	0.299	0.297	0.303	0.304	0.291	0.307	0.300	0.287	0.293	0.305	0.291	0.311	0.301	0.301	1.970	0.620	0.318	0.197	1.323	-178784.096
395	8	10000	9277	0.5172	0.338	0.317	0.290	0.301	0.298	0.283	0.301	0.270	0.297	0.304	0.314	0.292	0.308	0.295	1.952	0.581	0.300	0.195	1.000	-179064.816
396	8	10000	9281	0.5152	0.295	0.288	0.303	0.313	0.300	0.296	0.306	0.302	0.311	0.304	0.304	0.293	0.302	0.316	2.023	0.606	0.310	0.199	1.258	-179486.944
397	8	10000	9229	0.5135	0.311	0.273	0.312	0.311	0.314	0.305	0.294	0.305	0.306	0.291	0.302	0.297	0.297	0.304	1.999	0.606	0.304	0.190	1.000	-178278.832
398	8	10000	9296	0.5128	0.320	0.317	0.306	0.293	0.303	0.299	0.294	0.295	0.311	0.302	0.301	0.304	0.313	0.299	1.970	0.611	0.300	0.198	1.000	-179377.810
399	8	10000	9234	0.5171	0.322	0.295	0.298	0.317	0.308	0.305	0.284	0.302	0.301	0.297	0.293	0.291	0.308	0.291	1.985	0.579	0.298	0.192	1.000	-178652.002
400	8	10000	9305	0.5145	0.284	0.305	0.282	0.304	0.313	0.301	0.310	0.309	0.305	0.289	0.300	0.300	0.294	0.309	2.037	0.620	0.297	0.203	1.403	-178701.481
401	8	10000	9235	0.5078	0.326	0.307	0.303	0.300	0.302	0.289	0.301	0.275	0.290	0.297	0.304	0.312	0.314	0.297	2.019	0.621	0.316	0.201	1.337	-178819.321
402	8	10000	9260	0.5128	0.259	0.302	0.303	0.296	0.309	0.293	0.305	0.337	0.291	0.299	0.296	0.295	0.293	0.303	2.008	0.591	0.295	0.203	1.000	-178421.733
403	8	10000	9220	0.5090	0.335	0.294	0.296	0.296	0.301	0.298	0.296	0.251	0.297	0.289	0.306	0.301	0.291	0.298	1.983	0.590	0.287	0.197	1.000	-177420.020
404	8	10000	9362	0.5120	0.332	0.298	0.297	0.319	0.318	0.309	0.294	0.270	0.310	0.304	0.301	0.308	0.308	0.292	2.041	0.571	0.285	0.205	1.000	-180039.276
405	8	10000	9233	0.5138	0.334	0.287	0.304	0.297	0.303	0.307	0.294	0.276	0.310	0.296	0.303	0.287	0.303	0.306	2.007	0.624	0.315	0.203	1.299	-178593.246
406	8	10000	9259	0.5126	0.573	0.294	0.303	0.303	0.304	0.296	0.295	0.001	0.301	0.280	0.312	0.311	0.291	0.298	2.002	0.625	0.296	0.204	1.000	-177651.655
407	8	10000	9306	0.5125	0.315	0.299	0.308	0.305	0.296	0.309	0.293	0.291	0.311	0.311	0.292	0.296	0.297	0.305	1.976	0.627	0.320	0.203	1.000	-179287.213
408	8	10000	9270	0.5118	0.276	0.295	0.295	0.311	0.300	0.302	0.292	0.310	0.313	0.307	0.290	0.324	0.300	0.304	1.986	0.596	0.310	0.198	1.175	-179044.456
409	8	10000	9284	0.5140	0.315	0.280	0.302	0.302	0.297	0.293	0.302	0.304	0.314	0.303	0.298	0.300	0.299	0.297	1.995	0.606	0.301	0.199	1.000	-178588.474
410	8	10000	9295	0.5167	0.321	0.287	0.303	0.301	0.309	0.295	0.311	0.275	0.302	0.292	0.298	0.292	0.301	0.300	1.987	0.615	0.303	0.207	1.390	-179104.968
411	8	10000	9292	0.5155	0.285	0.313	0.296	0.294	0.293	0.320	0.300	0.292	0.312	0.287	0.318	0.297	0.295	0.302	2.067	0.616	0.309	0.203	1.000	-178765.838
412	8	10000	9261	0.5128	0.321	0.299	0.291	0.290	0.299	0.298	0.298	0.288	0.295	0.315	0.287	0.305	0.301	0.297	1.988	0.602	0.299	0.200	1.000	-178113.571
413	8	10000	9263	0.5132	0.262	0.298	0.293	0.308	0.299	0.314	0.298	0.324	0.297	0.306	0.286	0.309	0.304	0.294	1.990	0.572	0.303	0.192	1.000	-178592.376
414	8	10000	9287	0.5142	0.333	0.307	0.289	0.298	0.315	0.308	0.304	0.281	0.298	0.297	0.302	0.284	0.301	0.303	1.995	0.568	0.296	0.192	1.000	-178953.801
415	8	10000	9296	0.5147	0.303	0.297	0.303	0.295	0.311	0.292	0.307	0.285	0.309	0.293	0.303	0.301	0.302	0.296	2.013	0.604	0.309	0.199	1.000	-178590.923
416	8	10000	9276	0.5137	0.312	0.298	0.288	0.306	0.308	0.313	0.293	0.274	0.305	0.307	0.303	0.302	0.298	0.298	2.000	0.591	0.295	0.202	1.000	-178813.797
417	8	10000	9264	0.5131	0.285	0.287	0.302	0.294	0.298	0.309	0.301	0.327	0.309	0.307	0.295	0.295	0.291	0.319	2.018	0.640	0.308	0.198	1.439	-178374.379
418	8	10000	9347	0.5138	0.306	0.305	0.309	0.286	0.300	0.293	0.294	0.317	0.296	0.307	0.305	0.304	0.314	0.294	2.067	0.620	0.302	0.203	1.104	-178780.244
419	8	10000	9245	0.5109	0.311	0.294	0.284	0.308	0.302	0.308	0.305	0.292	0.299	0.286	0.302	0.297	0.297	0.297	2.010	0.627	0.319	0.200	1.115	-178203.733
420	8	10000	9254	0.5120	0.312	0.302	0.292	0.304	0.296	0.297	0.292	0.296	0.320	0.302	0.290	0.288	0.287	0.296	2.044	0.602	0.291	0.200	1.000	-177754.357
421	8	10000	9286	0.5149	0.278	0.294	0.300	0.316	0.311	0.301	0.299	0.311	0.295	0.314	0.304	0.292	0.306	0.294	2.007	0.591	0.317	0.197	1.000	-179392.069
422	8	10000	9299	0.5111	0.305	0.302	0.294	0.304	0.302	0.303	0.303	0.300	0.311	0.306	0.300	0.288	0.297	0.309	1.995	0.614	0.284	0.207	1.060	-178899.960
423	8	10000	9247	0.5126	0.270	0.305	0.304	0.295	0.294	0.305	0.304	0.319	0.301	0.303	0.300	0.302	0.309	0.302	2.023	0.598	0.299	0.201	1.000	-178913.752
424	8	10000	9275	0.5141	0.295	0.294	0.293	0.302	0.312	0.292	0.299	0.300	0.300	0.315	0.298	0.289	0.301	0.317	2.013	0.591	0.283	0.199	1.000	-178411.303
425	8	10000	9291	0.5132	0.274	0.310	0.299	0.296	0.299	0.297	0.305	0.340	0.305	0.284	0.318	0.300	0.309	0.295	2.032	0.632	0.317	0.202	2.173	-179011.985
426	8	10000	9274	0.5129	0.337	0.295	0.300	0.302	0.300	0.308	0.287	0.258	0.297	0.303	0.301	0.290	0.308	0.301	1.983	0.649	0.316	0.205	1.655	-178276.409
427	8	10000	9331	0.5131	0.297	0.294	0.290	0.308	0.300	0.307	0.302	0.343	0.309	0.307	0.313	0.309	0.293	0.302	2.026	0.602	0.312	0.200	1.000	-179965.023
428	8	10000	9276	0.5178	0.291	0.299	0.302	0.294	0.310	0.295	0.299	0.306	0.303	0.301	0.299	0.307	0.293	0.302	2.056	0.622	0.303	0.200	1.000	-178257.771
429	8	10000	9294	0.5114	0.313	0.303	0.297	0.289	0.307	0.296	0.310	0.278	0.303	0.299	0.288	0.280	0.302	0.282	1.991	0.601	0.289	0.204	1.221	-177668.335
430	8	10000	9289	0.5116	0.296	0.296	0.298	0.303	0.314	0.301	0.294	0.303	0.301	0.302	0.306	0.298	0.301	0.304	2.002	0.574	0.291	0.198	1.000	-179109.880
431	8	10000	9293	0.5148	0.616	0.299	0.301	0.298	0.298	0.317	0.297	0.000	0.290	0.300	0.315	0.293	0.300	0.287	1.974	0.625	0.291	0.200	1.009	-178440.090
432	8	10000	9288	0.5154	0.295	0.315	0.317	0.296	0.298	0.308	0.308	0.330	0.302	0.291	0.310	0.301	0.292	0.300	2.008	0.585	0.304	0.198	1.000	-179759.119
433	8	10000	9285	0.5121	0.302	0.312	0.310	0.308	0.302	0.296	0.310	0.296	0.293	0.294	0.302	0.303	0.307	0.301	2.005	0.558	0.297	0.193	1.000	-179452.642
434	8	10000	9302	0.5167	0.282	0.307	0.310	0.301	0.302	0.280	0.296	0.312	0.281	0.322	0.294	0.304	0.309	0.293	2.029	0.598	0.296	0.198	1.000	-178671.662
435	8	10000	9283	0.5114	0.283	0.304	0.293	0.303	0.300	0.306	0.296	0.309	0.303	0.307	0.306	0.296	0.295	0.305	2.018	0.609	0.296	0.197	1.157	-178206.629
436	8	10000	9275	0.5156	0.300	0.292	0.298	0.291	0.282	0.298	0.309	0.293	0.307	0.307	0.300	0.296	0.303	0.308	2.022	0.608	0.291	0.202	1.000	-178385.021
437	8	10000	9311	0.5124	0.306	0.307	0.303	0.287	0.298	0.292	0.298	0.282	0.307	0.316	0.301	0.300	0.305	0.289	1.973	0.608	0.296	0.206	1.000	-178878.075
438	8	10000	9295	0.5127	0.354	0.311	0.297	0.297	0.306	0.298	0.289	0.251	0.284	0.300	0.305	0.293	0.301	0.308	1.957	0.609	0.304	0.205	1.000	-178681.763
439	8	10000	9243	0.5083	0.306	0.289	0.302	0.296	0.307	0.303	0.302	0.286	0.289	0.299	0.307	0.302	0.306	0.299	1.984	0.617	0.307	0.201	1.293	-178399.090
440	8	10000	9295	0.5111	0.310	0.301	0.299	0.303	0.311	0.295	0.305	0.281	0.293	0.308	0.294	0.301	0.303	0.300	1.997	0.629	0.303	0.203	1.706	-178900.087
441	8	10000	9286	0.5140	0.307	0.295	0.304	0.294	0.297	0.291	0.315	0.305	0.310	0.300	0.307	0.279	0.307	0.304	1.992	0.628	0.305	0.200	1.334	-178749.853
442	8	10000	9261	0.5125	0.336	0.294	0.304	0.292	0.302	0.278	0.294	0.250	0.297	0.294	0.305	0.301	0.303	0.297	2.000	0.610	0.292	0.203	1.000	-177556.085
443	8	10000	9229	0.5169	0.003	0.279	0.294	0.300	0.305	0.305	0.294	0.578	0.298	0.292	0.303	0.305	0.311	0.280	2.024	0.555	0.277	0.198	1.000	-177764.544
444	8	10000	9273	0.5136	0.331	0.310	0.309	0.305	0.296	0.302	0.301	0.270	0.322	0.302	0.296	0.305	0.298	0.304	1.975	0.586	0.311	0.192	1.000	-179399.966
445	8	10000	9259	0.5119	0.274	0.312	0.289	0.322	0.300	0.306	0.288	0.343	0.302	0.296	0.305	0.295	0.291	0.300	1.979	0.604	0.332	0.202	1.000	-179284.742
446	8	10000	9289	0.5131	0.319	0.282	0.296	0.301	0.308	0.302	0.302	0.296	0.297	0.302	0.298	0.305	0.298	0.299	1.966	0.611	0.310	0.204	1.000	-179018.186
447	8	10000	9299	0.5148	0.303	0.302	0.293	0.302	0.308	0.299	0.295	0.303	0.300	0.298	0.292	0.294	0.293	0.307	2.032	0.592	0.304	0.203	1.000	-178605.908
448	8	10000	9301	0.5152	0.331	0.290	0.296	0.300	0.311	0.292	0.303	0.284	0.292	0.291	0.305	0.301	0.297	0.288	1.987	0.584	0.300	0.201	1.000	-178526.310
449	8	10000	9255	0.5129	0.305	0.310	0.295	0.297	0.291	0.292	0.316	0.280	0.303	0.299	0.296	0.305	0.306	0.301	1.996	0.575	0.301	0.194	1.000	-178524.878
450	8	10000	9310	0.5165	0.322	0.281	0.294	0.305	0.312	0.302	0.292	0.284	0.306	0.299	0.297	0.296	0.303	0.306	1.961	0.623	0.304	0.206	1.081	-178964.424
451	8	10000	9254	0.5164	0.310	0.297	0.302	0.305	0.296	0.289	0.294	0.289	0.299	0.287	0.290	0.298	0.291	0.295	2.012	0.601	0.299	0.200	1.000	-177657.366
452	8	10000	9293	0.5143	0.300	0.301	0.295	0.313	0.306	0.304	0.288	0.335	0.303	0.291	0.302	0.292	0.295	0.313	1.977	0.619	0.307	0.209	1.088	-179572.471
453	8	10000	9300	0.5119	0.297	0.323	0.299	0.297	0.307	0.309	0.301	0.297	0.291	0.311	0.302	0.311	0.293	0.296	2.020	0.591	0.308	0.201	1.000	-179339.404
454	8	10000	9260	0.5118	0.314	0.307	0.297	0.292	0.303	0.304	0.314	0.287	0.314	0.300	0.292	0.308	0.300	0.300	2.006	0.622	0.301	0.199	1.036	-178522.181
455	8	10000	9248	0.5119	0.287	0.295	0.293	0.294	0.301	0.291	0.304	0.320	0.284	0.292	0.297	0.297	0.300	0.305	1.977	0.612	0.299	0.202	1.000	-178172.347
456	8	10000	9273	0.5145	0.513	0.296	0.296	0.306	0.302	0.301	0.304	0.079	0.289	0.297	0.284	0.311	0.302	0.295	1.995	0.606	0.308	0.199	1.000	-178147.095
457	8	10000	9242	0.5112	0.298	0.297	0.291	0.290	0.289	0.300	0.281	0.313	0.307	0.302	0.299	0.302	0.302	0.298	2.014	0.613	0.297	0.203	1.000	-177893.445
458	8	10000	9278	0.5089	0.335	0.289	0.304	0.312	0.306	0.299	0.310	0.287	0.285	0.297	0.295	0.309	0.307	0.302	1.995	0.607	0.314	0.198	1.337	-179399.576
459	8	10000	9281	0.5138	0.289	0.300	0.311	0.294	0.299	0.282	0.297	0.301	0.303	0.302	0.298	0.295	0.299	0.298	1.995	0.594	0.284	0.198	1.085	-177799.056
460	8	10000	9263	0.5169	0.305	0.302	0.297	0.302	0.307	0.296	0.296	0.303	0.308	0.301	0.313	0.292	0.303	0.304	2.045	0.589	0.310	0.201	1.000	-179252.287
461	8	10000	9296	0.5127	0.000	0.298	0.307	0.289	0.286	0.295	0.295	0.634	0.299	0.301	0.295	0.291	0.296	0.290	1.966	0.653	0.317	0.206	1.597	-178053.233
462	8	10000	9240	0.5126	0.322	0.306	0.300	0.302	0.302	0.312	0.294	0.280	0.299	0.287	0.299	0.304	0.307	0.305	1.978	0.608	0.300	0.196	1.172	-178789.523
463	8	10000	9237	0.5102	0.327	0.304	0.298	0.283	0.313	0.301	0.302	0.261	0.302	0.309	0.287	0.318	0.287	0.301	2.041	0.588	0.279	0.196	1.000	-177672.076
464	8	10000	9262	0.5132	0.294	0.304	0.298	0.297	0.316	0.301	0.296	0.285	0.307	0.299	0.293	0.303	0.306	0.303	1.968	0.612	0.316	0.197	1.421	-178777.997
465	8	10000	9246	0.5131	0.315	0.308	0.289	0.291	0.282	0.311	0.298	0.294	0.294	0.298	0.302	0.288	0.295	0.301	2.004	0.615	0.292	0.202	1.000	-177862.693
466	8	10000	9290	0.5144	0.297	0.293	0.310	0.295	0.294	0.296	0.300	0.296	0.290	0.295	0.306	0.300	0.294	0.304	2.002	0.572	0.294	0.194	1.000	-178175.111
467	8	10000	9321	0.5149	0.581	0.308	0.301	0.299	0.304	0.298	0.299	0.007	0.304	0.293	0.297	0.293	0.304	0.295	1.970	0.598	0.294	0.206	1.167	-178861.138
468	8	10000	9310	0.5125	0.263	0.310	0.308	0.307	0.300	0.296	0.300	0.318	0.301	0.292	0.301	0.297	0.289	0.298	1.997	0.601	0.299	0.201	1.000	-178556.663
469	8	10000	9272	0.5123	0.272	0.313	0.300	0.299	0.307	0.305	0.295	0.320	0.302	0.314	0.286	0.320	0.297	0.303	2.020	0.600	0.318	0.198	1.000	-179164.946
470	8	10000	9257	0.5181	0.276	0.287	0.291	0.304	0.313	0.305	0.303	0.325	0.291	0.302	0.297	0.302	0.288	0.315	2.023	0.609	0.294	0.201	1.000	-178589.819
471	8	10000	9259	0.5141	0.295	0.313	0.298	0.304	0.295	0.290	0.305	0.280	0.318	0.309	0.293	0.282	0.303	0.308	1.994	0.577	0.300	0.194	1.000	-178599.209
472	8	10000	9280	0.5135	0.286	0.303	0.300	0.305	0.290	0.281	0.308	0.305	0.303	0.296	0.289	0.298	0.310	0.302	1.981	0.594	0.298	0.201	1.000	-178279.118
473	8	10000	9290	0.5181	0.262	0.310	0.298	0.300	0.306	0.301	0.301	0.331	0.304	0.303	0.284	0.289	0.319	0.303	2.036	0.574	0.295	0.197	1.007	-178882.317
474	8	10000	9294	0.5143	0.284	0.296	0.303	0.302	0.297	0.299	0.308	0.323	0.290	0.294	0.297	0.297	0.306	0.301	2.016	0.602	0.293	0.201	1.333	-178576.404
475	8	10000	9284	0.5110	0.264	0.302	0.292	0.301	0.296	0.308	0.304	0.333	0.299	0.299	0.292	0.304	0.301	0.301	1.981	0.616	0.303	0.203	1.408	-178693.018
476	8	10000	9298	0.5138	0.292	0.296	0.302	0.297	0.299	0.299	0.298	0.310	0.307	0.301	0.303	0.297	0.296	0.309	1.974	0.632	0.294	0.202	1.562	-178635.069
477	8	10000	9250	0.5114	0.332	0.300	0.294	0.303	0.293	0.307	0.300	0.275	0.290	0.293	0.292	0.290	0.303	0.297	2.031	0.622	0.301	0.196	1.322	-177427.247
478	8	10000	9254	0.5134	0.280	0.315	0.285	0.296	0.280	0.296	0.299	0.294	0.296	0.295	0.293	0.300	0.302	0.295	1.980	0.635	0.296	0.198	1.484	-176974.764
479	8	10000	9302	0.5121	0.326	0.304	0.296	0.291	0.304	0.309	0.282	0.290	0.308	0.299	0.308	0.301	0.292	0.307	2.017	0.585	0.293	0.199	1.000	-178672.750
480	8	10000	9274	0.5115	0.305	0.308	0.298	0.298	0.307	0.300	0.301	0.297	0.300	0.302	0.296	0.282	0.299	0.296	2.012	0.608	0.306	0.200	1.000	-178281.466
481	8	10000	9261	0.5153	0.301	0.308	0.301	0.307	0.285	0.305	0.272	0.313	0.292	0.294	0.305	0.301	0.306	0.291	2.036	0.624	0.294	0.205	1.108	-177992.727
482	8	10000	9245	0.5160	0.301	0.293	0.300	0.301	0.300	0.288	0.299	0.297	0.299	0.308	0.297	0.321	0.291	0.306	1.983	0.601	0.313	0.196	1.000	-178542.810
483	8	10000	9273	0.5116	0.289	0.299	0.316	0.300	0.297	0.306	0.300	0.318	0.302	0.292	0.299	0.297	0.317	0.316	2.024	0.629	0.314	0.199	1.350	-179362.613
484	8	10000	9301	0.5119	0.331	0.284	0.304	0.305	0.291	0.299	0.309	0.293	0.285	0.294	0.316	0.316	0.304	0.312	2.018	0.632	0.314	0.207	1.142	-179639.315
485	8	10000	9266	0.5164	0.300	0.322	0.309	0.286	0.309	0.301	0.296	0.283	0.310	0.307	0.285	0.310	0.304	0.297	2.002	0.619	0.304	0.197	1.217	-178620.341
486	8	10000	9246	0.5141	0.314	0.301	0.314	0.292	0.286	0.309	0.310	0.275	0.297	0.297	0.299	0.315	0.302	0.297	1.988	0.556	0.299	0.191	1.000	-178942.816
487	8	10000	9233	0.5100	0.279	0.300	0.293	0.301	0.310	0.286	0.309	0.311	0.295	0.294	0.308	0.303	0.305	0.304	2.050	0.603	0.302	0.196	1.104	-178115.540
488	8	10000	9247	0.5180	0.251	0.291	0.307	0.284	0.294	0.297	0.302	0.341	0.300	0.292	0.303	0.301	0.299	0.293	2.022	0.632	0.313	0.205	1.768	-177970.633
489	8	10000	9295	0.5156	0.269	0.303	0.284	0.312	0.297	0.304	0.307	0.296	0.304	0.307	0.297	0.303	0.299	0.299	2.020	0.577	0.296	0.198	1.000	-178532.190
490	8	10000	9292	0.5084	0.307	0.301	0.305	0.305	0.306	0.296	0.308	0.272	0.325	0.296	0.302	0.302	0.290	0.316	1.995	0.579	0.296	0.196	1.000	-179172.028
491	8	10000	9240	0.5150	0.317	0.297	0.292	0.305	0.296	0.298	0.297	0.287	0.298	0.316	0.307	0.292	0.300	0.306	2.026	0.599	0.308	0.199	1.287	-178695.523
492	8	10000	9257	0.5135	0.284	0.311	0.297	0.300	0.296	0.297	0.295	0.279	0.290	0.293	0.303	0.315	0.305	0.301	2.046	0.607	0.303	0.197	1.458	-177817.778
493	8	10000	9207	0.5102	0.278	0.294	0.312	0.299	0.291	0.300	0.294	0.318	0.295	0.306	0.292	0.309	0.294	0.286	1.945	0.635	0.283	0.201	1.193	-177473.840
494	8	10000	9243	0.5159	0.314	0.304	0.301	0.287	0.288	0.307	0.296	0.302	0.315	0.301	0.301	0.293	0.302	0.299	2.040	0.633	0.306	0.197	1.291	-178357.023
495	8	10000	9312	0.5144	0.310	0.296	0.304	0.295	0.316	0.313	0.292	0.305	0.302	0.301	0.309	0.301	0.304	0.301	1.985	0.611	0.301	0.203	1.361	-179721.497
496	8	10000	9255	0.5134	0.320	0.297	0.289	0.295	0.302	0.297	0.301	0.288	0.301	0.301	0.295	0.293	0.287	0.302	1.991	0.608	0.289	0.200	1.000	-177697.540
497	8	10000	9270	0.5145	0.301	0.291	0.296	0.318	0.303	0.296	0.291	0.306	0.304	0.304	0.303	0.303	0.310	0.290	1.984	0.613	0.306	0.198	1.000	-178775.933
498	8	10000	9188	0.5140	0.294	0.299	0.302	0.294	0.281	0.297	0.310	0.275	0.307	0.286	0.292	0.291	0.297	0.284	2.028	0.602	0.299	0.195	1.000	-176708.954
499	8	10000	9318	0.5148	0.310	0.307	0.298	0.302	0.295	0.319	0.301	0.290	0.294	0.299	0.299	0.294	0.314	0.303	2.019	0.596	0.301	0.200	1.141	-179279.372
500	8	10000	9289	0.5111	0.331	0.307	0.292	0.296	0.302	0.304	0.302	0.268	0.300	0.294	0.310	0.293	0.291	0.291	1.985	0.638	0.304	0.205	1.536	-178094.788
501	8	10000	9317	0.5137	0.307	0.318	0.298	0.302	0.277	0.297	0.308	0.297	0.301	0.306	0.294	0.293	0.308	0.308	2.001	0.596	0.282	0.201	1.000	-178639.210
502	8	10000	9263	0.5121	0.317	0.288	0.307	0.296	0.293	0.313	0.288	0.297	0.294	0.306	0.294	0.298	0.295	0.306	2.016	0.588	0.296	0.198	1.157	-178428.099
503	8	10000	9266	0.5105	0.300	0.291	0.307	0.303	0.296	0.302	0.296	0.286	0.308	0.299	0.297	0.306	0.294	0.299	2.001	0.576	0.277	0.198	1.000	-178225.714
504	8	10000	9200	0.5110	0.338	0.297	0.287	0.295	0.281	0.295	0.306	0.268	0.290	0.286	0.298	0.293	0.299	0.288	1.976	0.633	0.310	0.202	1.003	-176905.147
505	8	10000	9272	0.5180	0.322	0.292	0.295	0.288	0.302	0.305	0.281	0.255	0.301	0.299	0.296	0.309	0.297	0.311	1.958	0.595	0.297	0.201	1.000	-178124.792
506	8	10000	9294	0.5134	0.310	0.307	0.303	0.300	0.309	0.308	0.295	0.305	0.317	0.296	0.300	0.302	0.292	0.298	1.954	0.602	0.300	0.201	1.000	-179565.181
507	8	10000	9214	0.5141	0.297	0.290	0.300	0.294	0.298	0.290	0.301	0.307	0.297	0.297	0.291	0.289	0.293	0.293	2.024	0.621	0.316	0.195	1.123	-177195.164
508	8	10000	9280	0.5141	0.328	0.303	0.305	0.299	0.286	0.298	0.309	0.322	0.313	0.296	0.297	0.293	0.287	0.302	1.956	0.621	0.311	0.204	1.429	-179246.151
509	8	10000	9288	0.5133	0.306	0.298	0.300	0.305	0.307	0.317	0.300	0.300	0.310	0.302	0.310	0.313	0.295	0.301	1.959	0.598	0.303	0.200	1.000	-179831.716
510	8	10000	9300	0.5097	0.303	0.299	0.296	0.301	0.317	0.289	0.298	0.279	0.295	0.291	0.304	0.306	0.297	0.297	1.976	0.571	0.284	0.198	1.000	-178420.207
511	8	10000	9278	0.5168	0.323	0.302	0.295	0.301	0.290	0.294	0.303	0.277	0.297	0.299	0.303	0.292	0.308	0.294	2.038	0.588	0.276	0.204	1.000	-178097.434
512	8	10000	9274	0.5140	0.302	0.293	0.290	0.297	0.311	0.288	0.300	0.304	0.309	0.312	0.285	0.289	0.293	0.311	2.018	0.605	0.298	0.199	1.112	-178055.813
513	8	10000	9263	0.5132	0.306	0.301	0.295	0.294	0.300	0.295	0.297	0.305	0.302	0.294	0.295	0.286	0.289	0.289	2.006	0.611	0.303	0.200	1.000	-177481.416
514	8	10000	9242	0.5153	0.320	0.304	0.300	0.301	0.286	0.298	0.313	0.271	0.306	0.287	0.294	0.314	0.306	0.297	1.957	0.588	0.302	0.198	1.000	-178953.878
515	8	10000	9298	0.5125	0.281	0.301	0.295	0.316	0.304	0.301	0.314	0.331	0.310	0.286	0.310	0.302	0.311	0.319	2.033	0.610	0.312	0.201	1.051	-179973.763
516	8	10000	9299	0.5119	0.283	0.293	0.297	0.303	0.306	0.301	0.304	0.313	0.304	0.304	0.299	0.299	0.298	0.306	1.987	0.628	0.308	0.208	1.312	-179193.715
517	8	10000	9258	0.5101	0.316	0.287	0.303	0.295	0.296	0.297	0.312	0.286	0.295	0.293	0.295	0.296	0.309	0.299	1.988	0.629	0.317	0.202	1.829	-178298.768
518	8	10000	9295	0.5136	0.277	0.287	0.295	0.299	0.322	0.305	0.294	0.321	0.291	0.302	0.306	0.293	0.297	0.307	1.973	0.626	0.300	0.207	1.169	-178803.299
519	8	10000	9252	0.5152	0.299	0.301	0.304	0.326	0.277	0.309	0.299	0.297	0.295	0.306	0.295	0.298	0.305	0.288	1.958	0.593	0.308	0.195	1.000	-178932.519
520	8	10000	9268	0.5171	0.302	0.299	0.303	0.297	0.317	0.296	0.301	0.309	0.303	0.299	0.300	0.298	0.306	0.297	2.002	0.596	0.304	0.191	1.000	-178749.024
521	8	10000	9283	0.5111	0.288	0.301	0.309	0.288	0.302	0.304	0.292	0.310	0.308	0.295	0.297	0.300	0.310	0.299	1.992	0.599	0.313	0.195	1.000	-178592.806
522	8	10000	9256	0.5128	0.269	0.285	0.291	0.297	0.301	0.294	0.303	0.329	0.296	0.299	0.299	0.294	0.293	0.302	2.022	0.620	0.322	0.203	1.534	-178205.660
523	8	10000	9305	0.5155	0.306	0.303	0.309	0.303	0.308	0.293	0.294	0.309	0.285	0.292	0.304	0.314	0.309	0.307	1.994	0.608	0.303	0.205	1.345	-179559.038
524	8	10000	9280	0.5134	0.282	0.285	0.299	0.287	0.305	0.307	0.308	0.329	0.301	0.302	0.292	0.306	0.298	0.294	2.010	0.579	0.297	0.197	1.208	-178439.353
525	8	10000	9258	0.5138	0.314	0.295	0.306	0.299	0.303	0.300	0.300	0.280	0.298	0.302	0.301	0.301	0.287	0.302	1.993	0.638	0.313	0.202	1.534	-178257.698
526	8	10000	9290	0.5143	0.277	0.317	0.294	0.302	0.305	0.293	0.309	0.330	0.300	0.308	0.296	0.311	0.298	0.311	2.004	0.586	0.306	0.195	1.000	-179386.319
527	8	10000	9274	0.5148	0.304	0.308	0.298	0.292	0.307	0.290	0.301	0.288	0.294	0.297	0.298	0.312	0.312	0.301	1.993	0.602	0.306	0.201	1.218	-178985.670
528	8	10000	9275	0.5106	0.329	0.305	0.303	0.294	0.299	0.301	0.314	0.271	0.313	0.299	0.306	0.306	0.295	0.307	1.997	0.577	0.300	0.195	1.000	-179554.367
529	8	10000	9294	0.5170	0.066	0.301	0.296	0.302	0.309	0.311	0.307	0.502	0.300	0.304	0.290	0.298	0.292	0.303	2.001	0.590	0.287	0.201	1.000	-178568.664
530	8	10000	9262	0.5156	0.257	0.297	0.303	0.291	0.299	0.306	0.292	0.328	0.312	0.292	0.306	0.304	0.300	0.293	1.960	0.612	0.288	0.201	1.136	-178267.533
531	8	10000	9274	0.5149	0.271	0.291	0.312	0.302	0.309	0.293	0.306	0.332	0.294	0.306	0.283	0.305	0.298	0.314	2.011	0.584	0.291	0.194	1.123	-178626.103
532	8	10000	9286	0.5158	0.278	0.286	0.295	0.290	0.313	0.290	0.296	0.333	0.293	0.295	0.301	0.293	0.301	0.292	1.995	0.605	0.306	0.201	1.000	-177792.126
533	8	10000	9266	0.5156	0.319	0.297	0.300	0.304	0.315	0.301	0.293	0.260	0.296	0.302	0.302	0.302	0.306	0.305	1.953	0.612	0.328	0.200	1.199	-179213.725
534	8	10000	9310	0.5167	0.319	0.284	0.296	0.301	0.311	0.303	0.294	0.277	0.300	0.291	0.310	0.303	0.304	0.306	1.999	0.601	0.281	0.205	1.000	-178920.129
535	8	10000	9325	0.5155	0.289	0.309	0.300	0.298	0.294	0.305	0.294	0.294	0.308	0.304	0.303	0.297	0.318	0.310	1.981	0.566	0.292	0.203	1.000	-179777.452
536	8	10000	9249	0.5101	0.273	0.295	0.287	0.301	0.315	0.307	0.283	0.328	0.305	0.293	0.302	0.296	0.300	0.296	2.008	0.616	0.303	0.204	1.000	-178174.758
537	8	10000	9318	0.5148	0.315	0.305	0.306	0.297	0.308	0.307	0.293	0.304	0.300	0.295	0.299	0.297	0.303	0.299	1.959	0.619	0.306	0.209	1.182	-179525.354
538	8	10000	9265	0.5151	0.277	0.304	0.317	0.287	0.305	0.275	0.307	0.333	0.293	0.308	0.295	0.292	0.307	0.304	2.004	0.619	0.314	0.203	1.564	-178948.241
539	8	10000	9260	0.5153	0.261	0.306	0.296	0.302	0.294	0.298	0.305	0.342	0.316	0.292	0.290	0.298	0.319	0.305	1.943	0.573	0.289	0.198	1.000	-179489.122
540	8	10000	9312	0.5145	0.327	0.318	0.293	0.288	0.296	0.320	0.302	0.281	0.292	0.310	0.301	0.309	0.294	0.296	1.965	0.601	0.291	0.204	1.011	-178906.355
541	8	10000	9298	0.5097	0.277	0.305	0.294	0.300	0.302	0.298	0.290	0.312	0.311	0.306	0.292	0.299	0.307	0.291	1.987	0.590	0.292	0.198	1.209	-178517.157
542	8	10000	9271	0.5104	0.276	0.314	0.296	0.297	0.306	0.295	0.303	0.338	0.302	0.299	0.299	0.304	0.297	0.300	2.012	0.632	0.297	0.203	1.000	-178475.995
543	8	10000	9305	0.5135	0.323	0.308	0.295	0.307	0.290	0.300	0.305	0.272	0.318	0.284	0.304	0.302	0.293	0.309	1.979	0.588	0.307	0.202	1.007	-179378.622
544	8	10000	9299	0.5131	0.295	0.307	0.288	0.317	0.305	0.298	0.304	0.306	0.306	0.308	0.291	0.295	0.304	0.303	1.993	0.586	0.302	0.204	1.019	-179663.328
545	8	10000	9321	0.5143	0.316	0.316	0.317	0.288	0.301	0.306	0.305	0.300	0.305	0.304	0.304	0.291	0.305	0.309	2.034	0.604	0.312	0.201	1.250	-179848.332
546	8	10000	9264	0.5150	0.317	0.293	0.299	0.290	0.294	0.294	0.309	0.291	0.307	0.295	0.311	0.305	0.299	0.309	2.008	0.592	0.305	0.202	1.133	-179036.373
547	8	10000	9311	0.5143	0.282	0.286	0.316	0.311	0.293	0.308	0.298	0.338	0.302	0.295	0.304	0.303	0.292	0.306	2.015	0.593	0.315	0.201	1.000	-179520.456
548	8	10000	9240	0.5157	0.568	0.307	0.311	0.288	0.300	0.306	0.299	0.037	0.296	0.312	0.295	0.291	0.300	0.289	1.967	0.609	0.307	0.198	1.000	-178600.523
549	8	10000	9232	0.5124	0.331	0.293	0.302	0.300	0.292	0.305	0.303	0.275	0.319	0.296	0.302	0.275	0.297	0.296	1.987	0.585	0.295	0.198	1.010	-178324.435
550	8	10000	9293	0.5149	0.297	0.297	0.301	0.300	0.291	0.306	0.301	0.298	0.291	0.295	0.315	0.304	0.304	0.306	1.950	0.580	0.290	0.204	1.000	-179533.745
551	8	10000	9251	0.5106	0.252	0.306	0.289	0.299	0.325	0.304	0.298	0.338	0.314	0.302	0.294	0.313	0.301	0.296	2.012	0.630	0.308	0.200	1.485	-178632.762
552	8	10000	9245	0.5131	0.261	0.319	0.308	0.305	0.294	0.291	0.313	0.338	0.302	0.311	0.303	0.297	0.296	0.300	2.044	0.581	0.308	0.200	1.000	-179464.984
553	8	10000	9263	0.5108	0.292	0.296	0.306	0.298	0.302	0.307	0.297	0.316	0.300	0.295	0.293	0.319	0.301	0.294	1.998	0.593	0.296	0.197	1.000	-178663.606
554	8	10000	9268	0.5120	0.281	0.313	0.297	0.303	0.294	0.304	0.300	0.335	0.296	0.306	0.305	0.301	0.294	0.307	1.966	0.625	0.298	0.199	1.191	-178834.097
555	8	10000	9231	0.5134	0.000	0.287	0.315	0.290	0.327	0.293	0.307	0.610	0.304	0.314	0.299	0.288	0.295	0.311	2.024	0.631	0.323	0.204	1.949	-179403.334
556	8	10000	9268	0.5155	0.299	0.309	0.288	0.304	0.279	0.297	0.287	0.287	0.291	0.303	0.296	0.296	0.301	0.296	1.961	0.599	0.288	0.198	1.000	-177604.650
557	8	10000	9286	0.5143	0.298	0.293	0.301	0.306	0.289	0.308	0.293	0.297	0.321	0.299	0.295	0.285	0.306	0.309	1.988	0.587	0.313	0.201	1.000	-179209.977
558	8	10000	9245	0.5163	0.340	0.297	0.296	0.309	0.289	0.296	0.306	0.264	0.303	0.305	0.292	0.305	0.291	0.302	2.049	0.616	0.291	0.202	1.096	-178103.093
559	8	10000	9274	0.5120	0.288	0.307	0.305	0.295	0.289	0.304	0.310	0.319	0.302	0.296	0.300	0.295	0.305	0.308	1.987	0.634	0.316	0.203	1.637	-178943.751
560	8	10000	9257	0.5148	0.304	0.303	0.301	0.296	0.299	0.298	0.293	0.296	0.293	0.296	0.303	0.318	0.298	0.300	2.012	0.599	0.314	0.201	1.000	-178925.776
561	8	10000	9285	0.5170	0.322	0.280	0.307	0.313	0.300	0.299	0.309	0.282	0.309	0.298	0.293	0.289	0.297	0.309	2.050	0.605	0.308	0.199	1.000	-178774.146
562	8	10000	9216	0.5122	0.263	0.293	0.307	0.301	0.293	0.306	0.309	0.327	0.291	0.295	0.289	0.300	0.288	0.307	1.973	0.621	0.307	0.195	1.109	-177569.764
563	8	10000	9289	0.5094	0.292	0.304	0.302	0.295	0.299	0.304	0.300	0.290	0.301	0.293	0.293	0.289	0.290	0.313	1.950	0.603	0.296	0.200	1.142	-178273.438
564	8	10000	9231	0.5092	0.291	0.298	0.294	0.289	0.303	0.285	0.299	0.312	0.303	0.297	0.297	0.300	0.294	0.312	2.005	0.616	0.300	0.198	1.000	-177734.568
565	8	10000	9240	0.5148	0.276	0.290	0.297	0.294	0.292	0.299	0.299	0.312	0.297	0.306	0.286	0.289	0.304	0.312	1.995	0.612	0.306	0.197	1.000	-177916.885
566	8	10000	9271	0.5128	0.295	0.291	0.292	0.301	0.308	0.292	0.297	0.311	0.292	0.288	0.291	0.291	0.302	0.295	2.008	0.640	0.294	0.206	1.232	-177462.921
567	8	10000	9228	0.5140	0.288	0.292	0.293	0.304	0.284	0.305	0.301	0.319	0.303	0.299	0.297	0.294	0.296	0.304	1.971	0.614	0.303	0.206	1.019	-178508.233
568	8	10000	9248	0.5101	0.326	0.307	0.298	0.301	0.300	0.291	0.304	0.270	0.296	0.286	0.301	0.295	0.310	0.298	2.017	0.593	0.291	0.197	1.000	-178009.918
569	8	10000	9261	0.5141	0.301	0.293	0.297	0.310	0.315	0.298	0.293	0.287	0.301	0.298	0.299	0.303	0.311	0.307	1.994	0.582	0.295	0.198	1.000	-178945.680
570	8	10000	9192	0.5116	0.313	0.296	0.294	0.304	0.302	0.291	0.286	0.303	0.293	0.295	0.300	0.313	0.298	0.289	1.986	0.622	0.300	0.202	1.019	-177721.999
571	8	10000	9265	0.5129	0.290	0.302	0.294	0.290	0.307	0.306	0.295	0.312	0.294	0.298	0.298	0.311	0.300	0.295	1.986	0.610	0.319	0.197	1.206	-178564.923
572	8	10000	9283	0.5120	0.322	0.291	0.289	0.299	0.298	0.307	0.286	0.310	0.301	0.304	0.293	0.298	0.297	0.294	2.001	0.648	0.318	0.202	2.121	-177860.434
573	8	10000	9230	0.5091	0.224	0.293	0.294	0.301	0.288	0.297	0.304	0.379	0.298	0.275	0.295	0.294	0.297	0.290	2.013	0.624	0.286	0.202	1.000	-176619.911
574	8	10000	9256	0.5113	0.315	0.296	0.302	0.303	0.294	0.295	0.305	0.298	0.302	0.300	0.299	0.315	0.302	0.290	1.994	0.649	0.326	0.203	2.639	-178843.766
575	8	10000	9253	0.5131	0.285	0.284	0.285	0.313	0.310	0.303	0.298	0.315	0.298	0.306	0.297	0.305	0.317	0.293	1.973	0.603	0.297	0.200	1.055	-178820.396
576	8	10000	9260	0.5143	0.270	0.295	0.303	0.301	0.287	0.296	0.298	0.313	0.300	0.304	0.298	0.299	0.290	0.295	1.999	0.606	0.295	0.202	1.000	-177896.183
577	8	10000	9259	0.5136	0.296	0.293	0.312	0.299	0.291	0.293	0.293	0.311	0.291	0.293	0.304	0.309	0.294	0.299	1.961	0.599	0.300	0.200	1.000	-178319.682
578	8	10000	9290	0.5154	0.297	0.292	0.307	0.297	0.292	0.298	0.305	0.307	0.301	0.302	0.292	0.288	0.294	0.303	1.978	0.628	0.307	0.201	1.358	-178244.720
579	8	10000	9250	0.5138	0.322	0.308	0.297	0.298	0.301	0.290	0.298	0.288	0.319	0.293	0.293	0.294	0.299	0.298	2.024	0.605	0.294	0.199	1.000	-178173.243
580	8	10000	9272	0.5110	0.284	0.295	0.300	0.296	0.309	0.300	0.296	0.323	0.313	0.299	0.314	0.286	0.313	0.308	1.967	0.588	0.309	0.196	1.000	-179337.916
581	8	10000	9280	0.5154	0.321	0.295	0.303	0.304	0.305	0.305	0.294	0.313	0.292	0.297	0.297	0.314	0.296	0.299	1.972	0.624	0.310	0.201	1.391	-179301.386
582	8	10000	9280	0.5145	0.291	0.305	0.310	0.297	0.311	0.290	0.309	0.308	0.309	0.286	0.299	0.297	0.312	0.306	2.010	0.641	0.304	0.208	1.547	-179147.111
583	8	10000	9269	0.5163	0.291	0.298	0.306	0.293	0.289	0.297	0.296	0.342	0.283	0.291	0.315	0.290	0.302	0.297	1.998	0.605	0.304	0.200	1.022	-178303.716
584	8	10000	9252	0.5096	0.619	0.291	0.283	0.296	0.310	0.307	0.301	0.002	0.309	0.281	0.295	0.314	0.306	0.286	2.006	0.612	0.299	0.193	1.000	-177770.195
585	8	10000	9264	0.5138	0.271	0.298	0.311	0.316	0.302	0.315	0.296	0.327	0.292	0.315	0.301	0.300	0.304	0.290	2.040	0.623	0.306	0.200	1.301	-179128.527
586	8	10000	9319	0.5160	0.318	0.286	0.307	0.288	0.307	0.312	0.297	0.289	0.311	0.303	0.307	0.303	0.297	0.308	2.027	0.593	0.300	0.200	1.000	-179273.819
587	8	10000	9254	0.5107	0.274	0.287	0.289	0.292	0.305	0.298	0.308	0.319	0.287	0.286	0.297	0.294	0.293	0.292	2.018	0.612	0.294	0.204	1.000	-177097.119
588	8	10000	9322	0.5130	0.264	0.310	0.313	0.305	0.301	0.305	0.302	0.325	0.295	0.312	0.295	0.305	0.297	0.296	2.020	0.588	0.304	0.199	1.015	-179293.186
589	8	10000	9278	0.5126	0.301	0.295	0.300	0.307	0.307	0.315	0.293	0.299	0.298	0.290	0.301	0.309	0.302	0.300	2.046	0.598	0.307	0.200	1.000	-178875.760
590	8	10000	9287	0.5139	0.284	0.299	0.308	0.299	0.301	0.304	0.303	0.312	0.296	0.304	0.300	0.307	0.294	0.302	1.962	0.600	0.302	0.199	1.094	-178930.206
591	8	10000	9298	0.5123	0.272	0.315	0.296	0.301	0.283	0.299	0.308	0.337	0.297	0.299	0.294	0.304	0.296	0.310	2.029	0.599	0.295	0.200	1.223	-178726.379
592	8	10000	9324	0.5169	0.519	0.308	0.297	0.294	0.303	0.317	0.297	0.080	0.295	0.309	0.302	0.300	0.307	0.307	1.969	0.626	0.310	0.202	1.168	-179627.619
593	8	10000	9295	0.5143	0.312	0.312	0.296	0.308	0.283	0.306	0.302	0.301	0.310	0.292	0.295	0.295	0.302	0.293	1.975	0.606	0.304	0.207	1.203	-179061.470
594	8	10000	9290	0.5113	0.268	0.298	0.296	0.301	0.305	0.290	0.292	0.322	0.313	0.310	0.308	0.302	0.295	0.300	2.001	0.592	0.294	0.201	1.000	-178712.998
595	8	10000	9278	0.5138	0.266	0.302	0.303	0.311	0.302	0.301	0.295	0.326	0.293	0.308	0.301	0.303	0.301	0.303	1.993	0.578	0.289	0.199	1.000	-179098.915
596	8	10000	9271	0.5114	0.330	0.294	0.304	0.321	0.294	0.290	0.294	0.278	0.288	0.306	0.292	0.290	0.304	0.304	1.990	0.613	0.295	0.199	1.000	-178061.942
597	8	10000	9221	0.5124	0.288	0.308	0.292	0.303	0.297	0.294	0.292	0.296	0.293	0.298	0.302	0.308	0.295	0.297	2.008	0.590	0.299	0.198	1.000	-178055.776
598	8	10000	9275	0.5138	0.314	0.329	0.288	0.294	0.280	0.294	0.301	0.299	0.301	0.299	0.308	0.310	0.302	0.294	1.946	0.617	0.307	0.198	1.332	-178748.517
599	8	10000	9258	0.5183	0.312	0.287	0.304	0.293	0.328	0.309	0.310	0.285	0.282	0.302	0.296	0.297	0.296	0.304	2.026	0.603	0.312	0.196	1.000	-178579.427
600	8	10000	9291	0.5135	0.282	0.293	0.299	0.308	0.301	0.302	0.300	0.332	0.293	0.316	0.295	0.303	0.301	0.304	1.989	0.616	0.319	0.203	1.141	-179683.369
601	8	10000	9273	0.5126	0.337	0.310	0.310	0.305	0.289	0.309	0.292	0.273	0.311	0.305	0.295	0.307	0.303	0.300	2.008	0.620	0.326	0.199	1.800	-179313.669
602	8	10000	9265	0.5132	0.319	0.295	0.296	0.301	0.292	0.304	0.302	0.286	0.306	0.296	0.311	0.297	0.303	0.288	1.972	0.627	0.313	0.208	1.368	-178970.906
603	8	10000	9320	0.5132	0.314	0.283	0.297	0.293	0.302	0.298	0.315	0.289	0.300	0.306	0.294	0.308	0.290	0.303	1.958	0.579	0.296	0.193	1.000	-178641.479
604	8	10000	9224	0.5106	0.302	0.315	0.307	0.275	0.284	0.295	0.286	0.286	0.306	0.293	0.312	0.291	0.297	0.296	1.979	0.608	0.318	0.197	1.000	-177641.303
605	8	10000	9305	0.5112	0.288	0.296	0.296	0.304	0.312	0.312	0.297	0.312	0.291	0.296	0.299	0.320	0.286	0.302	1.981	0.587	0.304	0.195	1.053	-178751.163
606	8	10000	9264	0.5127	0.275	0.306	0.300	0.287	0.290	0.302	0.322	0.321	0.289	0.298	0.312	0.299	0.306	0.292	2.017	0.602	0.320	0.200	1.000	-178912.686
607	8	10000	9267	0.5154	0.316	0.271	0.295	0.302	0.311	0.292	0.303	0.291	0.291	0.285	0.296	0.305	0.294	0.325	1.977	0.619	0.312	0.205	1.187	-178434.915
608	8	10000	9228	0.5127	0.336	0.299	0.290	0.299	0.290	0.304	0.291	0.262	0.310	0.293	0.307	0.288	0.299	0.288	1.991	0.613	0.296	0.199	1.019	-177498.962
609	8	10000	9254	0.5146	0.329	0.300	0.292	0.298	0.292	0.302	0.292	0.271	0.313	0.296	0.293	0.281	0.290	0.305	2.006	0.590	0.307	0.195	1.034	-177893.282
610	8	10000	9299	0.5161	0.309	0.313	0.301	0.299	0.292	0.305	0.307	0.312	0.306	0.303	0.307	0.304	0.313	0.306	1.989	0.605	0.297	0.199	1.000	-179765.561
611	8	10000	9292	0.5170	0.307	0.300	0.299	0.311	0.291	0.303	0.301	0.303	0.287	0.317	0.289	0.292	0.295	0.293	1.995	0.604	0.297	0.203	1.000	-178708.095
612	8	10000	9304	0.5131	0.297	0.293	0.298	0.296	0.311	0.296	0.307	0.307	0.297	0.306	0.296	0.301	0.297	0.303	2.007	0.607	0.300	0.203	1.000	-178805.223
613	8	10000	9299	0.5133	0.295	0.307	0.294	0.294	0.293	0.306	0.296	0.294	0.311	0.297	0.306	0.295	0.302	0.294	2.015	0.592	0.299	0.201	1.075	-178519.169
614	8	10000	9289	0.5143	0.265	0.292	0.295	0.306	0.300	0.297	0.303	0.338	0.297	0.317	0.308	0.292	0.314	0.297	2.038	0.599	0.310	0.197	1.102	-178972.737
615	8	10000	9295	0.5098	0.269	0.294	0.304	0.296	0.290	0.301	0.307	0.315	0.287	0.317	0.301	0.309	0.317	0.309	1.986	0.595	0.306	0.200	1.000	-179445.068
616	8	10000	9261	0.5119	0.317	0.295	0.301	0.305	0.313	0.291	0.312	0.292	0.298	0.303	0.299	0.297	0.295	0.299	2.008	0.600	0.297	0.198	1.000	-178246.148
617	8	10000	9277	0.5150	0.474	0.291	0.287	0.303	0.294	0.303	0.306	0.126	0.310	0.290	0.297	0.304	0.296	0.297	2.012	0.598	0.294	0.201	1.000	-178160.194
618	8	10000	9315	0.5116	0.285	0.294	0.307	0.300	0.311	0.299	0.305	0.310	0.286	0.305	0.297	0.311	0.322	0.297	2.008	0.596	0.307	0.199	1.173	-179488.947
619	8	10000	9322	0.5121	0.340	0.309	0.313	0.296	0.303	0.301	0.289	0.279	0.297	0.312	0.301	0.309	0.315	0.290	1.993	0.629	0.320	0.202	1.482	-179621.737
620	8	10000	9284	0.5171	0.297	0.301	0.301	0.303	0.313	0.299	0.284	0.301	0.296	0.297	0.302	0.313	0.291	0.289	1.985	0.599	0.310	0.201	1.000	-178661.089
621	8	10000	9275	0.5132	0.276	0.303	0.310	0.290	0.308	0.291	0.298	0.300	0.296	0.307	0.297	0.296	0.296	0.302	2.016	0.606	0.305	0.206	1.000	-178390.506
622	8	10000	9290	0.5124	0.335	0.302	0.305	0.284	0.296	0.294	0.307	0.274	0.300	0.291	0.302	0.307	0.300	0.305	2.002	0.613	0.297	0.199	1.000	-178284.536
623	8	10000	9277	0.5141	0.292	0.306	0.296	0.307	0.304	0.296	0.298	0.306	0.299	0.299	0.288	0.297	0.285	0.294	2.017	0.643	0.298	0.206	1.000	-177697.587
624	8	10000	9263	0.5095	0.294	0.288	0.304	0.301	0.300	0.292	0.312	0.309	0.288	0.306	0.296	0.298	0.301	0.291	2.016	0.616	0.303	0.201	1.424	-178034.763
625	8	10000	9265	0.5113	0.330	0.299	0.291	0.301	0.305	0.291	0.301	0.279	0.309	0.302	0.305	0.299	0.285	0.296	2.006	0.604	0.285	0.198	1.184	-177827.670
626	8	10000	9289	0.5138	0.559	0.306	0.290	0.299	0.305	0.299	0.297	0.033	0.295	0.287	0.306	0.296	0.302	0.308	2.030	0.608	0.315	0.203	1.000	-178631.290
627	8	10000	9278	0.5151	0.290	0.305	0.291	0.305	0.300	0.300	0.302	0.301	0.293	0.306	0.305	0.310	0.301	0.297	2.006	0.587	0.299	0.197	1.000	-178701.402
628	8	10000	9247	0.5182	0.325	0.310	0.295	0.299	0.301	0.292	0.306	0.278	0.303	0.293	0.293	0.296	0.296	0.310	2.015	0.594	0.305	0.194	1.000	-178409.734
629	8	10000	9268	0.5138	0.298	0.294	0.296	0.296	0.304	0.311	0.304	0.294	0.303	0.302	0.278	0.318	0.304	0.308	1.979	0.611	0.312	0.201	1.000	-179109.237
630	8	10000	9259	0.5080	0.297	0.302	0.309	0.291	0.306	0.293	0.307	0.295	0.303	0.289	0.314	0.304	0.305	0.304	1.983	0.616	0.311	0.201	1.000	-178970.667
631	8	10000	9311	0.5182	0.280	0.298	0.309	0.299	0.308	0.302	0.304	0.315	0.282	0.286	0.298	0.305	0.291	0.304	1.995	0.611	0.290	0.208	1.101	-178756.926
632	8	10000	9288	0.5122	0.294	0.314	0.300	0.293	0.296	0.310	0.306	0.316	0.291	0.307	0.297	0.311	0.285	0.304	1.980	0.627	0.310	0.203	1.390	-179182.794
633	8	10000	9290	0.5145	0.284	0.304	0.309	0.302	0.296	0.301	0.310	0.298	0.280	0.299	0.298	0.317	0.300	0.307	2.032	0.597	0.316	0.200	1.282	-179009.307
634	8	10000	9266	0.5108	0.329	0.300	0.308	0.293	0.307	0.311	0.299	0.285	0.310	0.313	0.287	0.309	0.288	0.292	2.004	0.624	0.312	0.201	2.011	-178660.253
635	8	10000	9262	0.5157	0.315	0.305	0.300	0.307	0.298	0.292	0.303	0.299	0.302	0.305	0.305	0.291	0.292	0.297	2.029	0.598	0.317	0.202	1.000	-178827.209
636	8	10000	9298	0.5100	0.279	0.310	0.294	0.302	0.298	0.286	0.306	0.310	0.298	0.309	0.305	0.299	0.297	0.306	1.975	0.620	0.313	0.201	1.335	-178575.272
637	8	10000	9270	0.5172	0.302	0.302	0.311	0.305	0.295	0.312	0.306	0.295	0.310	0.292	0.304	0.301	0.306	0.300	2.031	0.581	0.301	0.198	1.000	-179515.878
638	8	10000	9256	0.5160	0.322	0.282	0.292	0.312	0.305	0.286	0.303	0.279	0.297	0.291	0.309	0.292	0.299	0.305	1.982	0.626	0.312	0.201	1.540	-178448.651
639	8	10000	9251	0.5148	0.265	0.299	0.303	0.286	0.310	0.296	0.304	0.327	0.298	0.307	0.303	0.288	0.298	0.297	1.987	0.604	0.309	0.198	1.092	-178547.323
640	8	10000	9304	0.5116	0.294	0.301	0.309	0.304	0.302	0.309	0.304	0.282	0.303	0.297	0.314	0.304	0.292	0.303	1.974	0.584	0.279	0.202	1.000	-179171.281
641	8	10000	9286	0.5154	0.311	0.298	0.302	0.300	0.280	0.300	0.292	0.321	0.299	0.310	0.297	0.283	0.319	0.298	2.029	0.646	0.330	0.208	3.314	-179033.103
642	8	10000	9279	0.5179	0.299	0.292	0.301	0.290	0.304	0.301	0.299	0.298	0.319	0.289	0.311	0.283	0.289	0.306	1.991	0.619	0.305	0.201	1.505	-178334.139
643	8	10000	9228	0.5111	0.310	0.284	0.292	0.308	0.302	0.311	0.296	0.272	0.286	0.300	0.299	0.306	0.303	0.304	2.000	0.618	0.303	0.200	1.248	-178026.278
644	8	10000	9320	0.5139	0.279	0.302	0.307	0.294	0.311	0.307	0.297	0.353	0.308	0.308	0.311	0.303	0.305	0.305	1.989	0.592	0.310	0.191	1.000	-179837.495
645	8	10000	9280	0.5139	0.325	0.307	0.296	0.303	0.296	0.297	0.302	0.276	0.290	0.303	0.306	0.313	0.309	0.296	2.003	0.609	0.309	0.203	1.000	-179155.580
646	8	10000	9301	0.5140	0.279	0.315	0.306	0.294	0.310	0.294	0.308	0.330	0.314	0.295	0.298	0.294	0.301	0.310	2.028	0.596	0.303	0.200	1.172	-179316.637
647	8	10000	9283	0.5124	0.337	0.311	0.301	0.294	0.295	0.303	0.308	0.262	0.298	0.307	0.318	0.323	0.305	0.288	1.964	0.637	0.324	0.199	1.858	-179590.619
648	8	10000	9263	0.5129	0.363	0.294	0.299	0.299	0.307	0.292	0.288	0.269	0.277	0.288	0.304	0.297	0.296	0.303	1.957	0.629	0.306	0.204	1.424	-177896.596
649	8	10000	9273	0.5143	0.296	0.301	0.296	0.311	0.295	0.300	0.302	0.301	0.306	0.308	0.301	0.308	0.297	0.294	2.022	0.627	0.310	0.199	1.386	-178596.038
650	8	10000	9327	0.5137	0.278	0.285	0.306	0.310	0.302	0.311	0.293	0.319	0.288	0.311	0.282	0.296	0.299	0.298	1.973	0.620	0.293	0.209	1.000	-178647.289
651	8	10000	9282	0.5162	0.303	0.306	0.306	0.287	0.284	0.291	0.294	0.275	0.292	0.306	0.299	0.311	0.292	0.298	1.995	0.583	0.299	0.199	1.000	-177834.700
652	8	10000	9261	0.5143	0.282	0.295	0.298	0.301	0.293	0.303	0.288	0.334	0.286	0.307	0.288	0.301	0.302	0.295	1.999	0.584	0.294	0.193	1.072	-177878.106
653	8	10000	9309	0.5176	0.285	0.306	0.300	0.295	0.307	0.291	0.304	0.324	0.308	0.306	0.294	0.277	0.301	0.299	1.991	0.590	0.298	0.201	1.000	-178786.678
654	8	10000	9243	0.5138	0.293	0.299	0.292	0.301	0.300	0.303	0.300	0.315	0.300	0.305	0.305	0.306	0.294	0.295	2.032	0.614	0.309	0.201	1.275	-178627.216
655	8	10000	9290	0.5167	0.300	0.305	0.305	0.294	0.289	0.300	0.308	0.309	0.315	0.292	0.311	0.299	0.311	0.304	1.983	0.588	0.304	0.199	1.000	-179574.991
656	8	10000	9310	0.5149	0.327	0.290	0.301	0.292	0.310	0.292	0.306	0.270	0.292	0.293	0.313	0.297	0.303	0.301	1.971	0.607	0.297	0.204	1.076	-178691.522
657	8	10000	9372	0.5140	0.290	0.311	0.296	0.310	0.308	0.297	0.303	0.329	0.302	0.304	0.309	0.288	0.290	0.303	2.050	0.614	0.300	0.206	1.203	-179503.422
658	8	10000	9270	0.5130	0.305	0.297	0.308	0.294	0.290	0.300	0.299	0.311	0.304	0.299	0.290	0.305	0.289	0.298	2.000	0.597	0.315	0.198	1.217	-178701.264
659	8	10000	9267	0.5123	0.287	0.285	0.293	0.295	0.305	0.306	0.293	0.308	0.300	0.297	0.294	0.286	0.302	0.305	1.975	0.588	0.290	0.199	1.000	-177748.701
660	8	10000	9266	0.5137	0.281	0.286	0.298	0.304	0.292	0.300	0.306	0.326	0.300	0.293	0.299	0.298	0.299	0.286	2.001	0.626	0.310	0.203	1.000	-177905.467
661	8	10000	9288	0.5139	0.274	0.296	0.298	0.301	0.294	0.295	0.302	0.308	0.302	0.291	0.307	0.287	0.293	0.302	1.984	0.615	0.293	0.202	1.293	-177771.403
662	8	10000	9262	0.5123	0.306	0.303	0.310	0.307	0.277	0.313	0.292	0.294	0.311	0.305	0.308	0.290	0.304	0.296	1.974	0.597	0.318	0.196	1.000	-179235.576
663	8	10000	9254	0.5162	0.343	0.305	0.297	0.305	0.295	0.301	0.293	0.264	0.297	0.293	0.304	0.305	0.292	0.297	2.022	0.610	0.310	0.196	1.000	-178178.459
664	8	10000	9266	0.5130	0.295	0.300	0.308	0.297	0.292	0.290	0.308	0.307	0.305	0.300	0.298	0.290	0.297	0.307	1.977	0.575	0.299	0.200	1.000	-178909.575
665	8	10000	9315	0.5127	0.303	0.301	0.303	0.297	0.312	0.302	0.293	0.295	0.306	0.296	0.301	0.306	0.307	0.311	2.002	0.599	0.308	0.201	1.000	-179475.810
666	8	10000	9282	0.5143	0.334	0.306	0.300	0.298	0.297	0.287	0.310	0.264	0.298	0.300	0.307	0.303	0.296	0.296	2.074	0.601	0.308	0.197	1.000	-178056.442
667	8	10000	9237	0.5132	0.263	0.288	0.296	0.302	0.292	0.291	0.304	0.350	0.299	0.305	0.297	0.293	0.288	0.306	2.032	0.585	0.292	0.197	1.000	-177746.545
668	8	10000	9331	0.5145	0.286	0.305	0.309	0.298	0.299	0.308	0.308	0.303	0.299	0.303	0.290	0.296	0.305	0.292	1.986	0.614	0.299	0.203	1.119	-178995.122
669	8	10000	9251	0.5145	0.294	0.292	0.320	0.290	0.307	0.296	0.309	0.287	0.303	0.292	0.295	0.300	0.285	0.313	1.971	0.584	0.295	0.198	1.000	-178592.271
670	8	10000	9299	0.5127	0.294	0.300	0.303	0.300	0.297	0.294	0.312	0.319	0.295	0.304	0.289	0.306	0.292	0.288	2.024	0.595	0.302	0.202	1.092	-178504.763
671	8	10000	9270	0.5135	0.316	0.304	0.306	0.304	0.297	0.292	0.302	0.288	0.289	0.297	0.321	0.315	0.293	0.294	1.998	0.624	0.322	0.197	1.260	-178736.885
672	8	10000	9323	0.5174	0.283	0.310	0.302	0.310	0.300	0.314	0.298	0.334	0.304	0.300	0.290	0.307	0.311	0.291	1.985	0.615	0.317	0.200	1.169	-179752.265
673	8	10000	9262	0.5112	0.317	0.299	0.302	0.302	0.293	0.305	0.312	0.287	0.302	0.310	0.305	0.306	0.291	0.310	2.030	0.616	0.291	0.201	1.000	-178963.594
674	8	10000	9294	0.5174	0.288	0.294	0.308	0.295	0.306	0.302	0.310	0.330	0.283	0.308	0.305	0.305	0.297	0.290	2.028	0.601	0.298	0.202	1.000	-179026.168
675	8	10000	9263	0.5151	0.305	0.286	0.299	0.301	0.301	0.319	0.295	0.287	0.300	0.300	0.298	0.294	0.308	0.301	2.002	0.584	0.298	0.200	1.000	-178763.994
676	8	10000	9262	0.5118	0.628	0.295	0.296	0.301	0.288	0.303	0.308	0.000	0.301	0.291	0.301	0.295	0.298	0.304	2.014	0.666	0.331	0.207	21.341	-178225.220
677	8	10000	9202	0.5131	0.208	0.298	0.301	0.290	0.302	0.307	0.295	0.378	0.289	0.287	0.296	0.297	0.307	0.296	2.014	0.603	0.303	0.195	1.022	-177452.604
678	8	10000	9277	0.5114	0.284	0.310	0.307	0.294	0.301	0.287	0.293	0.319	0.298	0.300	0.289	0.306	0.319	0.295	1.961	0.628	0.306	0.197	1.396	-178431.584
679	8	10000	9258	0.5131	0.328	0.288	0.302	0.308	0.307	0.308	0.291	0.274	0.295	0.291	0.305	0.298	0.303	0.288	1.992	0.610	0.318	0.203	1.334	-178769.534
680	8	10000	9253	0.5140	0.316	0.302	0.295	0.294	0.294	0.294	0.289	0.310	0.308	0.308	0.293	0.294	0.301	0.286	1.970	0.633	0.316	0.199	1.426	-177845.705
681	8	10000	9282	0.5117	0.267	0.293	0.297	0.292	0.299	0.293	0.299	0.334	0.302	0.303	0.303	0.306	0.304	0.287	1.997	0.598	0.288	0.197	1.163	-178179.333
682	8	10000	9273	0.5119	0.337	0.308	0.308	0.292	0.301	0.293	0.300	0.275	0.311	0.293	0.294	0.298	0.310	0.303	1.995	0.623	0.300	0.207	1.222	-179150.820
683	8	10000	9236	0.5129	0.268	0.297	0.283	0.296	0.299	0.305	0.298	0.302	0.309	0.296	0.305	0.297	0.305	0.300	2.003	0.597	0.299	0.195	1.000	-177650.759
684	8	10000	9235	0.5150	0.327	0.300	0.296	0.302	0.296	0.304	0.295	0.275	0.293	0.297	0.297	0.293	0.299	0.307	2.003	0.616	0.316	0.202	1.000	-178343.471
685	8	10000	9256	0.5096	0.467	0.294	0.301	0.301	0.315	0.297	0.300	0.129	0.296	0.299	0.292	0.303	0.295	0.305	2.016	0.620	0.300	0.203	1.099	-178103.265
686	8	10000	9237	0.5163	0.296	0.297	0.302	0.305	0.310	0.303	0.300	0.324	0.315	0.303	0.306	0.288	0.294	0.302	1.972	0.578	0.302	0.196	1.000	-179561.137
687	8	10000	9257	0.5111	0.307	0.294	0.292	0.302	0.317	0.310	0.307	0.287	0.306	0.307	0.295	0.301	0.306	0.298	2.016	0.600	0.296	0.198	1.000	-178919.206
688	8	10000	9289	0.5059	0.467	0.308	0.306	0.301	0.306	0.298	0.292	0.123	0.297	0.297	0.299	0.299	0.308	0.307	1.961	0.610	0.295	0.199	1.000	-178747.042
689	8	10000	9242	0.5130	0.329	0.308	0.304	0.297	0.295	0.290	0.295	0.284	0.303	0.302	0.286	0.299	0.291	0.309	2.017	0.609	0.310	0.195	1.128	-178033.817
690	8	10000	9259	0.5162	0.270	0.298	0.301	0.295	0.303	0.308	0.298	0.328	0.317	0.299	0.306	0.296	0.301	0.286	1.986	0.594	0.284	0.198	1.000	-178584.015
691	8	10000	9283	0.5147	0.279	0.300	0.300	0.313	0.306	0.301	0.305	0.336	0.286	0.307	0.307	0.307	0.303	0.303	1.988	0.610	0.308	0.200	1.059	-179611.922
692	8	10000	9336	0.5185	0.273	0.289	0.304	0.300	0.319	0.297	0.307	0.313	0.307	0.296	0.289	0.294	0.307	0.298	1.995	0.614	0.301	0.210	1.190	-179186.550
693	8	10000	9228	0.5113	0.279	0.294	0.297	0.302	0.299	0.303	0.306	0.336	0.299	0.319	0.292	0.288	0.287	0.300	1.950	0.620	0.305	0.201	1.369	-178675.026
694	8	10000	9298	0.5116	0.184	0.297	0.299	0.311	0.305	0.294	0.304	0.414	0.290	0.295	0.293	0.307	0.292	0.303	1.989	0.605	0.303	0.200	1.000	-178747.988
695	8	10000	9271	0.5153	0.281	0.303	0.289	0.291	0.299	0.305	0.297	0.319	0.304	0.300	0.293	0.304	0.313	0.307	2.005	0.610	0.304	0.202	1.000	-178638.221
696	8	10000	9279	0.5134	0.260	0.308	0.312	0.300	0.314	0.307	0.299	0.332	0.300	0.292	0.308	0.289	0.283	0.319	2.014	0.584	0.296	0.199	1.032	-179123.726
697	8	10000	9292	0.5138	0.323	0.311	0.319	0.294	0.302	0.308	0.302	0.267	0.315	0.299	0.316	0.291	0.301	0.296	2.010	0.614	0.290	0.202	1.065	-179328.175
698	8	10000	9279	0.5127	0.275	0.315	0.301	0.298	0.298	0.298	0.312	0.331	0.301	0.312	0.300	0.305	0.283	0.295	1.994	0.613	0.302	0.201	1.000	-178728.153
699	8	10000	9313	0.5154	0.293	0.293	0.300	0.299	0.300	0.313	0.298	0.323	0.308	0.307	0.307	0.295	0.298	0.297	2.044	0.620	0.322	0.212	1.304	-179766.899
700	8	10000	9254	0.5111	0.280	0.296	0.297	0.306	0.296	0.300	0.292	0.312	0.296	0.292	0.295	0.307	0.309	0.296	2.008	0.627	0.317	0.200	1.508	-178040.479
701	8	10000	9279	0.5148	0.326	0.288	0.300	0.307	0.297	0.295	0.304	0.260	0.310	0.311	0.300	0.313	0.304	0.300	2.037	0.592	0.318	0.199	1.000	-179249.033
702	8	10000	9243	0.5121	0.326	0.301	0.307	0.301	0.304	0.286	0.299	0.283	0.313	0.291	0.313	0.299	0.309	0.294	1.952	0.616	0.309	0.196	1.589	-179010.464
703	8	10000	9260	0.5143	0.308	0.296	0.311	0.294	0.303	0.295	0.298	0.292	0.305	0.309	0.305	0.294	0.303	0.295	2.023	0.588	0.292	0.201	1.022	-178730.932
704	8	10000	9255	0.5156	0.279	0.313	0.300	0.308	0.309	0.297	0.295	0.322	0.288	0.300	0.296	0.298	0.305	0.281	1.990	0.603	0.293	0.201	1.000	-178153.696
705	8	10000	9294	0.5156	0.337	0.302	0.304	0.309	0.296	0.302	0.295	0.304	0.303	0.297	0.282	0.300	0.303	0.296	1.978	0.608	0.313	0.201	1.000	-179260.283
706	8	10000	9271	0.5130	0.310	0.294	0.297	0.300	0.309	0.297	0.297	0.288	0.287	0.313	0.287	0.302	0.307	0.303	1.930	0.605	0.294	0.199	1.000	-178344.918
707	8	10000	9199	0.5117	0.253	0.295	0.305	0.301	0.298	0.293	0.304	0.326	0.299	0.288	0.300	0.298	0.287	0.304	2.015	0.583	0.302	0.192	1.180	-177491.916
708	8	10000	9292	0.5150	0.276	0.279	0.313	0.297	0.314	0.315	0.309	0.321	0.294	0.301	0.292	0.301	0.301	0.320	2.000	0.587	0.324	0.199	1.000	-180031.688
709	8	10000	9263	0.5137	0.278	0.297	0.294	0.303	0.288	0.301	0.304	0.309	0.314	0.303	0.305	0.298	0.303	0.288	2.008	0.608	0.296	0.201	1.333	-178511.343
710	8	10000	9288	0.5137	0.287	0.316	0.300	0.293	0.300	0.304	0.291	0.294	0.310	0.293	0.290	0.313	0.287	0.297	1.993	0.594	0.291	0.201	1.000	-178255.909
711	8	10000	9252	0.5160	0.329	0.328	0.309	0.296	0.290	0.303	0.311	0.287	0.310	0.297	0.296	0.287	0.287	0.289	1.966	0.643	0.312	0.198	1.501	-178540.585
712	8	10000	9271	0.5127	0.279	0.291	0.300	0.300	0.320	0.306	0.290	0.318	0.297	0.310	0.290	0.296	0.303	0.298	1.971	0.609	0.307	0.200	1.352	-178701.160
713	8	10000	9203	0.5144	0.320	0.290	0.293	0.290	0.302	0.312	0.286	0.273	0.300	0.288	0.297	0.288	0.296	0.299	2.011	0.614	0.297	0.197	1.071	-177148.013
714	8	10000	9239	0.5112	0.293	0.305	0.301	0.301	0.302	0.298	0.295	0.330	0.293	0.295	0.292	0.303	0.306	0.299	1.998	0.606	0.295	0.199	1.000	-178474.446
715	8	10000	9251	0.5150	0.299	0.292	0.313	0.299	0.296	0.312	0.282	0.316	0.289	0.295	0.313	0.316	0.298	0.294	1.947	0.590	0.305	0.194	1.093	-178912.144
716	8	10000	9242	0.5144	0.286	0.285	0.301	0.293	0.300	0.295	0.288	0.314	0.307	0.304	0.299	0.302	0.290	0.296	1.993	0.616	0.312	0.202	1.578	-177848.913
717	8	10000	9276	0.5131	0.314	0.295	0.304	0.306	0.312	0.296	0.304	0.288	0.314	0.308	0.312	0.293	0.302	0.298	1.996	0.597	0.307	0.202	1.000	-179658.129
718	8	10000	9302	0.5114	0.286	0.311	0.305	0.301	0.288	0.317	0.299	0.299	0.308	0.298	0.307	0.310	0.301	0.318	2.005	0.572	0.300	0.197	1.000	-179848.263
719	8	10000	9313	0.5164	0.328	0.306	0.300	0.304	0.297	0.308	0.295	0.282	0.290	0.301	0.304	0.302	0.286	0.304	1.987	0.611	0.313	0.199	1.150	-179107.934
720	8	10000	9276	0.5119	0.302	0.292	0.299	0.300	0.298	0.304	0.297	0.314	0.292	0.305	0.316	0.306	0.307	0.301	2.020	0.614	0.307	0.202	1.160	-179014.773
721	8	10000	9268	0.5146	0.309	0.297	0.295	0.315	0.302	0.295	0.291	0.305	0.297	0.311	0.295	0.296	0.320	0.287	2.011	0.620	0.296	0.202	1.185	-178625.558
722	8	10000	9332	0.5095	0.443	0.321	0.312	0.304	0.278	0.293	0.313	0.178	0.309	0.296	0.314	0.293	0.300	0.299	2.012	0.599	0.307	0.201	1.000	-179471.138
723	8	10000	9267	0.5143	0.304	0.311	0.300	0.290	0.290	0.301	0.299	0.286	0.284	0.312	0.289	0.300	0.300	0.302	2.021	0.595	0.310	0.197	1.000	-178147.230
724	8	10000	9304	0.5154	0.339	0.296	0.301	0.299	0.294	0.293	0.302	0.291	0.303	0.300	0.299	0.299	0.299	0.290	2.030	0.612	0.297	0.200	1.000	-178432.234
725	8	10000	9267	0.5171	0.295	0.300	0.301	0.305	0.298	0.286	0.296	0.295	0.289	0.301	0.304	0.293	0.294	0.308	1.978	0.593	0.295	0.201	1.107	-178250.176
726	8	10000	9291	0.5157	0.277	0.304	0.310	0.284	0.295	0.302	0.297	0.305	0.298	0.311	0.296	0.310	0.302	0.301	2.023	0.580	0.306	0.201	1.000	-178922.198
727	8	10000	9296	0.5130	0.316	0.316	0.307	0.313	0.309	0.290	0.296	0.302	0.294	0.299	0.301	0.300	0.304	0.284	1.989	0.622	0.307	0.204	1.000	-179122.246
728	8	10000	9274	0.5130	0.324	0.302	0.297	0.292	0.297	0.299	0.293	0.276	0.309	0.298	0.299	0.297	0.309	0.300	2.024	0.601	0.322	0.204	1.053	-178829.147
729	8	10000	9315	0.5138	0.283	0.312	0.305	0.302	0.299	0.301	0.298	0.326	0.305	0.305	0.316	0.299	0.293	0.298	2.034	0.635	0.297	0.204	1.477	-179068.361
730	8	10000	9269	0.5133	0.302	0.319	0.306	0.298	0.281	0.289	0.301	0.307	0.296	0.309	0.299	0.291	0.309	0.320	2.028	0.613	0.302	0.200	1.116	-178916.289
731	8	10000	9243	0.5129	0.323	0.292	0.299	0.302	0.317	0.292	0.294	0.276	0.301	0.314	0.289	0.293	0.298	0.296	1.976	0.583	0.295	0.192	1.000	-177957.130
732	8	10000	9329	0.5127	0.317	0.311	0.303	0.306	0.294	0.311	0.308	0.280	0.327	0.307	0.291	0.294	0.300	0.303	1.985	0.571	0.290	0.196	1.000	-179840.888
733	8	10000	9287	0.5139	0.352	0.279	0.291	0.302	0.291	0.316	0.288	0.278	0.298	0.297	0.307	0.293	0.299	0.311	1.991	0.651	0.321	0.206	2.719	-178407.576
734	8	10000	9287	0.5154	0.266	0.295	0.294	0.305	0.308	0.293	0.307	0.327	0.288	0.306	0.305	0.317	0.307	0.297	2.058	0.593	0.298	0.200	1.000	-178870.225
735	8	10000	9271	0.5122	0.304	0.308	0.304	0.297	0.299	0.304	0.299	0.281	0.300	0.284	0.302	0.303	0.313	0.305	2.027	0.581	0.297	0.200	1.000	-178832.759
736	8	10000	9249	0.5130	0.305	0.300	0.294	0.299	0.296	0.290	0.291	0.296	0.295	0.309	0.291	0.300	0.287	0.295	2.013	0.615	0.293	0.202	1.000	-177190.895
737	8	10000	9248	0.5145	0.319	0.302	0.307	0.309	0.296	0.299	0.303	0.271	0.300	0.299	0.289	0.294	0.308	0.297	2.009	0.622	0.317	0.200	1.541	-178474.880
738	8	10000	9257	0.5167	0.319	0.316	0.295	0.294	0.308	0.305	0.306	0.269	0.306	0.288	0.297	0.299	0.302	0.304	2.004	0.604	0.301	0.197	1.000	-178394.402
739	8	10000	9246	0.5160	0.318	0.298	0.281	0.289	0.308	0.293	0.314	0.269	0.311	0.304	0.302	0.293	0.295	0.310	1.996	0.601	0.309	0.197	1.017	-178601.542
740	8	10000	9270	0.5101	0.308	0.299	0.304	0.283	0.301	0.281	0.305	0.283	0.307	0.301	0.306	0.289	0.298	0.300	1.997	0.592	0.302	0.195	1.000	-177897.803
741	8	10000	9259	0.5127	0.275	0.308	0.292	0.299	0.291	0.301	0.299	0.305	0.303	0.294	0.290	0.306	0.306	0.295	1.963	0.596	0.299	0.198	1.000	-177976.104
742	8	10000	9285	0.5085	0.270	0.293	0.301	0.305	0.299	0.304	0.288	0.320	0.295	0.303	0.309	0.290	0.296	0.296	2.002	0.611	0.318	0.204	1.057	-178408.972
743	8	10000	9279	0.5124	0.298	0.308	0.311	0.291	0.305	0.311	0.293	0.318	0.291	0.293	0.302	0.293	0.301	0.311	2.016	0.601	0.309	0.204	1.137	-179077.169
744	8	10000	9300	0.5146	0.274	0.290	0.294	0.289	0.317	0.286	0.287	0.317	0.307	0.296	0.310	0.303	0.307	0.290	1.995	0.580	0.282	0.201	1.000	-178148.345
745	8	10000	9227	0.5146	0.306	0.306	0.301	0.296	0.293	0.309	0.296	0.288	0.284	0.294	0.295	0.312	0.303	0.301	2.005	0.584	0.301	0.197	1.106	-178462.404
746	8	10000	9306	0.5140	0.324	0.315	0.315	0.296	0.288	0.301	0.312	0.278	0.299	0.301	0.304	0.297	0.300	0.297	2.011	0.624	0.316	0.203	1.402	-179359.172
747	8	10000	9272	0.5139	0.298	0.313	0.309	0.297	0.295	0.298	0.308	0.311	0.313	0.311	0.297	0.296	0.294	0.298	2.034	0.582	0.296	0.200	1.000	-179371.434
748	8	10000	9244	0.5134	0.291	0.290	0.306	0.298	0.298	0.300	0.294	0.324	0.306	0.287	0.300	0.300	0.303	0.294	1.977	0.614	0.297	0.200	1.000	-178068.584
749	8	10000	9320	0.5144	0.299	0.290	0.320	0.305	0.308	0.309	0.304	0.314	0.309	0.296	0.304	0.283	0.300	0.303	1.976	0.614	0.312	0.203	1.178	-179694.907
750	8	10000	9273	0.5127	0.333	0.303	0.300	0.305	0.282	0.303	0.298	0.269	0.296	0.293	0.302	0.298	0.303	0.295	2.015	0.594	0.292	0.203	1.001	-178231.983
751	8	10000	9236	0.5144	0.324	0.296	0.306	0.289	0.313	0.291	0.315	0.285	0.306	0.308	0.302	0.295	0.295	0.299	1.977	0.605	0.309	0.194	1.205	-178737.931
752	8	10000	9276	0.5160	0.295	0.303	0.310	0.319	0.299	0.301	0.291	0.295	0.297	0.291	0.308	0.293	0.308	0.296	2.000	0.572	0.279	0.198	1.000	-178772.806
753	8	10000	9262	0.5188	0.584	0.300	0.293	0.300	0.316	0.301	0.293	0.012	0.315	0.287	0.288	0.307	0.301	0.303	2.008	0.604	0.295	0.202	1.000	-178508.293
754	8	10000	9262	0.5170	0.311	0.304	0.310	0.294	0.303	0.296	0.293	0.300	0.282	0.288	0.302	0.311	0.307	0.299	1.989	0.614	0.299	0.205	1.036	-178508.009
755	8	10000	9264	0.5176	0.310	0.292	0.305	0.297	0.297	0.309	0.282	0.276	0.294	0.280	0.307	0.284	0.298	0.286	2.010	0.596	0.287	0.205	1.166	-177345.754
756	8	10000	9281	0.5130	0.291	0.305	0.301	0.307	0.322	0.299	0.313	0.284	0.307	0.303	0.296	0.299	0.292	0.299	1.976	0.620	0.305	0.208	1.500	-179393.276
757	8	10000	9276	0.5158	0.309	0.313	0.299	0.292	0.280	0.305	0.312	0.310	0.313	0.300	0.296	0.303	0.287	0.292	1.975	0.618	0.319	0.200	1.000	-178652.906
758	8	10000	9227	0.5113	0.272	0.297	0.303	0.296	0.307	0.295	0.287	0.314	0.301	0.294	0.285	0.309	0.295	0.305	1.982	0.593	0.292	0.191	1.105	-177560.648
759	8	10000	9263	0.5161	0.252	0.304	0.290	0.292	0.288	0.297	0.305	0.325	0.294	0.298	0.305	0.283	0.296	0.300	2.008	0.619	0.271	0.200	1.000	-177034.934
760	8	10000	9285	0.5118	0.291	0.292	0.300	0.293	0.303	0.298	0.302	0.296	0.301	0.292	0.292	0.304	0.305	0.306	1.989	0.574	0.292	0.200	1.000	-178599.625
761	8	10000	9240	0.5142	0.277	0.308	0.303	0.299	0.303	0.294	0.303	0.338	0.297	0.306	0.298	0.283	0.299	0.298	2.014	0.607	0.318	0.197	1.092	-178420.788
762	8	10000	9320	0.5138	0.277	0.300	0.304	0.304	0.294	0.309	0.299	0.324	0.313	0.306	0.296	0.300	0.299	0.305	2.000	0.625	0.312	0.205	1.219	-179498.385
763	8	10000	9279	0.5150	0.287	0.310	0.298	0.288	0.308	0.294	0.301	0.287	0.307	0.299	0.285	0.294	0.299	0.312	1.978	0.630	0.307	0.199	1.006	-177893.644
764	8	10000	9294	0.5137	0.302	0.291	0.313	0.297	0.313	0.308	0.307	0.302	0.310	0.298	0.306	0.284	0.303	0.315	2.010	0.571	0.290	0.198	1.000	-179628.207
765	8	10000	9268	0.5160	0.311	0.315	0.295	0.317	0.288	0.298	0.299	0.294	0.295	0.302	0.305	0.305	0.301	0.303	2.010	0.596	0.312	0.194	1.150	-179171.727
766	8	10000	9252	0.5155	0.320	0.298	0.299	0.302	0.308	0.306	0.304	0.263	0.293	0.299	0.304	0.306	0.296	0.295	1.993	0.599	0.301	0.197	1.136	-178467.828
767	8	10000	9340	0.5132	0.291	0.301	0.287	0.306	0.304	0.306	0.305	0.322	0.317	0.307	0.304	0.302	0.303	0.306	1.988	0.606	0.290	0.200	1.011	-179684.362
768	8	10000	9297	0.5179	0.259	0.301	0.297	0.310	0.304	0.302	0.294	0.341	0.296	0.299	0.301	0.294	0.305	0.299	1.984	0.601	0.301	0.203	1.000	-179069.055
769	8	10000	9278	0.5116	0.309	0.312	0.306	0.296	0.296	0.289	0.295	0.280	0.302	0.289	0.297	0.296	0.312	0.291	1.981	0.598	0.293	0.203	1.000	-178190.315
770	8	10000	9285	0.5159	0.315	0.296	0.315	0.303	0.290	0.305	0.304	0.319	0.301	0.304	0.312	0.299	0.311	0.299	2.011	0.598	0.317	0.196	1.000	-179787.517
771	8	10000	9240	0.5129	0.268	0.296	0.304	0.292	0.312	0.287	0.302	0.301	0.302	0.303	0.297	0.299	0.299	0.295	2.012	0.605	0.308	0.195	1.421	-177886.415
772	8	10000	9292	0.5126	0.322	0.305	0.306	0.296	0.303	0.306	0.298	0.278	0.301	0.310	0.290	0.309	0.310	0.290	2.015	0.582	0.306	0.198	1.000	-179302.089
773	8	10000	9281	0.5121	0.296	0.311	0.312	0.294	0.306	0.293	0.299	0.312	0.310	0.309	0.302	0.302	0.302	0.305	1.962	0.622	0.304	0.196	1.251	-179183.398
774	8	10000	9222	0.5134	0.266	0.308	0.300	0.293	0.296	0.294	0.308	0.311	0.290	0.303	0.307	0.292	0.300	0.294	1.995	0.601	0.293	0.203	1.163	-178043.644
775	8	10000	9251	0.5117	0.302	0.300	0.301	0.297	0.298	0.306	0.295	0.284	0.311	0.292	0.289	0.295	0.300	0.308	2.004	0.614	0.317	0.195	1.371	-178028.107
776	8	10000	9304	0.5138	0.292	0.296	0.290	0.310	0.304	0.302	0.307	0.298	0.309	0.312	0.288	0.309	0.307	0.301	2.000	0.575	0.296	0.200	1.078	-179648.511
777	8	10000	9268	0.5083	0.263	0.294	0.303	0.301	0.284	0.305	0.288	0.344	0.290	0.299	0.309	0.286	0.298	0.300	1.978	0.622	0.301	0.201	1.327	-177977.761
778	8	10000	9284	0.5141	0.294	0.307	0.309	0.296	0.295	0.301	0.304	0.306	0.300	0.300	0.298	0.305	0.296	0.298	2.011	0.583	0.289	0.198	1.021	-178795.159
779	8	10000	9323	0.5149	0.284	0.287	0.296	0.303	0.308	0.305	0.293	0.300	0.285	0.298	0.308	0.292	0.317	0.300	1.956	0.590	0.300	0.196	1.003	-178702.487
780	8	10000	9259	0.5114	0.307	0.290	0.305	0.300	0.295	0.304	0.294	0.277	0.306	0.309	0.285	0.294	0.292	0.297	2.005	0.627	0.306	0.202	1.000	-177691.667
781	8	10000	9255	0.5176	0.324	0.294	0.302	0.306	0.306	0.295	0.303	0.266	0.290	0.285	0.293	0.294	0.292	0.314	1.996	0.617	0.308	0.197	1.230	-177695.421
782	8	10000	9320	0.5125	0.275	0.316	0.298	0.297	0.286	0.295	0.302	0.330	0.282	0.286	0.316	0.312	0.305	0.308	2.042	0.594	0.281	0.200	1.000	-178435.624
783	8	10000	9268	0.5129	0.331	0.303	0.297	0.304	0.304	0.294	0.291	0.262	0.305	0.296	0.303	0.295	0.287	0.288	2.017	0.583	0.281	0.203	1.014	-177948.991
784	8	10000	9281	0.5147	0.302	0.301	0.298	0.302	0.284	0.319	0.294	0.301	0.309	0.305	0.297	0.300	0.301	0.300	2.051	0.579	0.297	0.199	1.000	-178900.793
785	8	10000	9274	0.5151	0.269	0.288	0.305	0.294	0.297	0.304	0.304	0.316	0.308	0.299	0.297	0.300	0.311	0.294	2.015	0.623	0.305	0.203	1.000	-178372.953
786	8	10000	9271	0.5092	0.269	0.301	0.300	0.303	0.292	0.299	0.303	0.328	0.290	0.305	0.303	0.307	0.306	0.291	1.983	0.622	0.307	0.205	1.752	-178700.776
787	8	10000	9298	0.5144	0.310	0.300	0.294	0.308	0.287	0.303	0.299	0.285	0.301	0.302	0.316	0.310	0.306	0.303	1.980	0.589	0.308	0.194	1.189	-179261.559
788	8	10000	9283	0.5140	0.259	0.325	0.305	0.295	0.298	0.300	0.293	0.339	0.308	0.290	0.309	0.291	0.298	0.294	2.018	0.619	0.307	0.195	1.092	-178131.040
789	8	10000	9296	0.5145	0.303	0.299	0.291	0.310	0.296	0.305	0.293	0.296	0.301	0.290	0.293	0.300	0.300	0.289	2.015	0.624	0.294	0.198	1.000	-177373.088
790	8	10000	9284	0.5110	0.328	0.304	0.295	0.310	0.310	0.307	0.303	0.291	0.296	0.300	0.305	0.286	0.300	0.297	1.966	0.600	0.293	0.201	1.000	-179152.851
791	8	10000	9203	0.5154	0.297	0.304	0.298	0.296	0.303	0.301	0.296	0.299	0.295	0.290	0.307	0.319	0.296	0.298	1.994	0.570	0.303	0.191	1.000	-178691.029
792	8	10000	9271	0.5129	0.617	0.299	0.306	0.293	0.295	0.307	0.300	0.002	0.291	0.299	0.297	0.293	0.302	0.298	2.035	0.602	0.298	0.201	1.000	-178398.492
793	8	10000	9281	0.5179	0.309	0.289	0.299	0.301	0.306	0.295	0.298	0.280	0.308	0.302	0.322	0.285	0.298	0.303	2.011	0.616	0.305	0.200	1.151	-178873.503
794	8	10000	9211	0.5071	0.264	0.317	0.291	0.297	0.316	0.298	0.302	0.314	0.296	0.295	0.309	0.311	0.302	0.301	2.031	0.573	0.315	0.185	1.000	-178323.607
795	8	10000	9263	0.5130	0.462	0.301	0.287	0.311	0.284	0.310	0.298	0.138	0.281	0.301	0.298	0.316	0.293	0.285	1.996	0.623	0.308	0.198	1.000	-177522.828
796	8	10000	9271	0.5172	0.336	0.304	0.304	0.293	0.293	0.299	0.302	0.268	0.293	0.306	0.307	0.282	0.301	0.297	2.032	0.641	0.316	0.206	2.077	-178400.605
797	8	10000	9279	0.5165	0.286	0.325	0.290	0.291	0.290	0.306	0.300	0.297	0.304	0.296	0.306	0.305	0.309	0.283	2.022	0.607	0.300	0.200	1.376	-178253.310
798	8	10000	9252	0.5140	0.303	0.285	0.308	0.304	0.299	0.299	0.306	0.320	0.279	0.279	0.309	0.295	0.293	0.284	2.009	0.620	0.318	0.195	1.211	-177650.803
799	8	10000	9265	0.5130	0.333	0.296	0.297	0.301	0.313	0.301	0.299	0.257	0.312	0.306	0.295	0.294	0.304	0.291	2.009	0.593	0.310	0.198	1.000	-178870.871
800	8	10000	9271	0.5150	0.000	0.292	0.302	0.296	0.309	0.305	0.295	0.612	0.293	0.295	0.291	0.308	0.305	0.297	1.997	0.616	0.318	0.200	1.142	-178601.695
801	8	10000	9266	0.5136	0.272	0.296	0.301	0.321	0.298	0.303	0.295	0.346	0.290	0.287	0.297	0.301	0.297	0.298	1.997	0.620	0.327	0.197	1.321	-178387.579
802	8	10000	9270	0.5149	0.301	0.299	0.310	0.296	0.290	0.289	0.296	0.287	0.308	0.297	0.293	0.304	0.303	0.295	1.992	0.631	0.299	0.202	1.287	-177839.158
803	8	10000	9297	0.5106	0.275	0.300	0.303	0.296	0.311	0.306	0.315	0.311	0.299	0.294	0.304	0.310	0.297	0.308	1.968	0.554	0.274	0.198	1.000	-179481.137
804	8	10000	9275	0.5091	0.273	0.310	0.297	0.303	0.294	0.310	0.293	0.324	0.298	0.305	0.295	0.302	0.300	0.296	2.023	0.613	0.306	0.196	1.216	-178183.990
805	8	10000	9256	0.5137	0.310	0.282	0.289	0.314	0.312	0.294	0.298	0.284	0.289	0.298	0.295	0.306	0.296	0.301	1.993	0.637	0.321	0.207	1.917	-178393.204
806	8	10000	9303	0.5134	0.306	0.299	0.297	0.301	0.300	0.299	0.308	0.280	0.295	0.312	0.297	0.309	0.295	0.302	1.964	0.599	0.290	0.201	1.000	-178824.907
807	8	10000	9329	0.5139	0.299	0.291	0.299	0.307	0.301	0.287	0.291	0.302	0.296	0.299	0.305	0.294	0.302	0.305	2.013	0.602	0.315	0.202	1.045	-178771.366
808	8	10000	9281	0.5148	0.336	0.290	0.301	0.299	0.291	0.298	0.301	0.267	0.300	0.307	0.302	0.285	0.316	0.292	2.008	0.613	0.316	0.199	1.086	-178313.661
809	8	10000	9276	0.5136	0.311	0.310	0.298	0.300	0.300	0.318	0.295	0.283	0.314	0.301	0.312	0.307	0.306	0.306	2.005	0.618	0.305	0.202	1.265	-179954.702
810	8	10000	9251	0.5145	0.290	0.301	0.303	0.283	0.291	0.299	0.299	0.321	0.284	0.301	0.310	0.303	0.301	0.286	2.024	0.625	0.306	0.199	1.000	-177501.397
811	8	10000	9275	0.5143	0.289	0.289	0.293	0.294	0.296	0.305	0.310	0.303	0.281	0.311	0.313	0.309	0.287	0.308	2.001	0.588	0.304	0.198	1.000	-178549.303
812	8	10000	9277	0.5161	0.258	0.315	0.285	0.295	0.270	0.302	0.299	0.325	0.297	0.295	0.293	0.303	0.300	0.291	1.989	0.590	0.275	0.206	1.000	-177532.971
813	8	10000	9271	0.5108	0.277	0.294	0.305	0.299	0.315	0.298	0.303	0.327	0.308	0.303	0.313	0.286	0.305	0.296	2.014	0.604	0.304	0.195	1.053	-178826.265
814	8	10000	9295	0.5127	0.275	0.291	0.297	0.298	0.313	0.297	0.308	0.301	0.306	0.310	0.306	0.279	0.297	0.294	1.966	0.583	0.287	0.200	1.090	-178514.853
815	8	10000	9289	0.5138	0.294	0.318	0.312	0.302	0.296	0.292	0.309	0.286	0.296	0.302	0.298	0.296	0.299	0.302	1.998	0.566	0.299	0.193	1.000	-179049.663
816	8	10000	9273	0.5126	0.308	0.303	0.309	0.289	0.296	0.288	0.311	0.288	0.298	0.295	0.310	0.307	0.302	0.292	1.964	0.616	0.304	0.203	1.000	-178526.484
817	8	10000	9271	0.5141	0.321	0.296	0.302	0.288	0.290	0.303	0.292	0.274	0.316	0.295	0.303	0.302	0.304	0.299	2.038	0.578	0.293	0.193	1.145	-177906.899
818	8	10000	9282	0.5131	0.297	0.308	0.298	0.287	0.301	0.317	0.298	0.285	0.322	0.310	0.305	0.295	0.312	0.305	2.022	0.584	0.302	0.200	1.000	-179682.814
819	8	10000	9288	0.5117	0.263	0.312	0.295	0.302	0.305	0.310	0.289	0.339	0.297	0.301	0.300	0.309	0.306	0.288	2.022	0.603	0.283	0.205	1.000	-179031.764
820	8	10000	9298	0.5131	0.297	0.296	0.298	0.296	0.299	0.298	0.306	0.320	0.296	0.292	0.297	0.294	0.302	0.301	1.955	0.598	0.303	0.202	1.193	-178510.933
821	8	10000	9331	0.5149	0.305	0.299	0.312	0.299	0.294	0.298	0.291	0.319	0.290	0.314	0.280	0.311	0.301	0.300	2.031	0.602	0.300	0.205	1.000	-178991.626
822	8	10000	9264	0.5161	0.278	0.311	0.301	0.300	0.306	0.302	0.294	0.300	0.311	0.297	0.296	0.299	0.294	0.293	1.976	0.592	0.297	0.205	1.018	-178868.104
823	8	10000	9280	0.5116	0.322	0.295	0.297	0.289	0.309	0.299	0.295	0.298	0.299	0.297	0.305	0.311	0.289	0.298	2.017	0.597	0.314	0.196	1.000	-178425.086
824	8	10000	9287	0.5153	0.292	0.286	0.290	0.298	0.304	0.302	0.298	0.322	0.308	0.304	0.305	0.300	0.292	0.303	2.001	0.605	0.293	0.199	1.000	-178381.409
825	8	10000	9272	0.5158	0.315	0.290	0.301	0.303	0.308	0.303	0.308	0.262	0.284	0.296	0.312	0.307	0.308	0.288	2.002	0.645	0.306	0.206	1.452	-178531.257
826	8	10000	9224	0.5104	0.303	0.305	0.297	0.296	0.307	0.295	0.312	0.291	0.292	0.304	0.306	0.309	0.299	0.298	2.049	0.597	0.317	0.191	1.000	-178435.143
827	8	10000	9297	0.5143	0.288	0.291	0.294	0.312	0.286	0.304	0.300	0.304	0.299	0.289	0.302	0.303	0.302	0.297	1.960	0.585	0.291	0.198	1.000	-178315.917
828	8	10000	9271	0.5135	0.282	0.298	0.297	0.311	0.295	0.297	0.296	0.327	0.297	0.287	0.299	0.301	0.313	0.297	1.944	0.622	0.307	0.201	1.000	-178505.543
829	8	10000	9264	0.5165	0.296	0.300	0.297	0.299	0.295	0.303	0.295	0.318	0.302	0.299	0.310	0.302	0.305	0.307	1.972	0.657	0.315	0.204	1.771	-178940.915
830	8	10000	9218	0.5091	0.307	0.280	0.290	0.298	0.303	0.301	0.297	0.281	0.304	0.295	0.296	0.291	0.290	0.301	1.941	0.624	0.300	0.198	1.301	-177391.954
831	8	10000	9305	0.5119	0.287	0.301	0.296	0.299	0.293	0.308	0.312	0.323	0.297	0.301	0.296	0.302	0.311	0.306	1.991	0.616	0.308	0.201	1.213	-179267.877
832	8	10000	9259	0.5141	0.336	0.309	0.310	0.291	0.307	0.299	0.294	0.263	0.302	0.299	0.301	0.298	0.296	0.303	1.981	0.581	0.302	0.200	1.000	-178931.577
833	8	10000	9317	0.5152	0.300	0.293	0.306	0.308	0.298	0.308	0.301	0.308	0.304	0.297	0.309	0.313	0.301	0.308	2.027	0.554	0.270	0.197	1.000	-179653.046
834	8	10000	9256	0.5169	0.273	0.297	0.307	0.293	0.317	0.304	0.280	0.313	0.285	0.295	0.302	0.308	0.295	0.298	2.050	0.619	0.324	0.198	1.522	-178064.403
835	8	10000	9267	0.5130	0.303	0.293	0.295	0.311	0.306	0.308	0.299	0.278	0.299	0.292	0.308	0.309	0.307	0.312	2.023	0.588	0.310	0.194	1.000	-179052.081
836	8	10000	9301	0.5144	0.345	0.299	0.295	0.304	0.305	0.311	0.299	0.267	0.325	0.297	0.311	0.293	0.303	0.311	1.988	0.588	0.297	0.200	1.000	-179997.008
837	8	10000	9265	0.5117	0.603	0.323	0.296	0.306	0.297	0.298	0.310	0.010	0.290	0.309	0.300	0.301	0.309	0.302	1.967	0.602	0.318	0.202	1.000	-179965.709
838	8	10000	9290	0.5103	0.297	0.297	0.311	0.298	0.297	0.300	0.302	0.322	0.301	0.311	0.302	0.293	0.308	0.303	2.001	0.606	0.305	0.205	1.000	-179555.739
839	8	10000	9298	0.5151	0.295	0.297	0.304	0.309	0.312	0.295	0.296	0.328	0.309	0.311	0.304	0.299	0.304	0.308	1.985	0.615	0.311	0.204	1.000	-180190.669
840	8	10000	9256	0.5163	0.303	0.290	0.292	0.310	0.314	0.292	0.293	0.321	0.303	0.299	0.302	0.304	0.299	0.295	1.984	0.602	0.298	0.201	1.000	-178753.735
841	8	10000	9241	0.5155	0.306	0.295	0.286	0.294	0.297	0.292	0.292	0.283	0.300	0.298	0.300	0.285	0.299	0.305	1.976	0.603	0.303	0.200	1.000	-177554.898
842	8	10000	9268	0.5146	0.285	0.288	0.301	0.306	0.285	0.298	0.312	0.313	0.303	0.281	0.294	0.294	0.301	0.302	2.000	0.634	0.299	0.206	1.301	-177989.403
843	8	10000	9319	0.5128	0.310	0.294	0.304	0.303	0.313	0.307	0.287	0.311	0.298	0.291	0.305	0.320	0.289	0.310	2.007	0.620	0.306	0.205	1.442	-179299.845
844	8	10000	9295	0.5155	0.319	0.295	0.302	0.302	0.304	0.289	0.302	0.293	0.312	0.300	0.299	0.293	0.298	0.299	2.002	0.646	0.320	0.210	2.254	-178964.855
845	8	10000	9252	0.5152	0.318	0.300	0.296	0.303	0.301	0.293	0.292	0.282	0.307	0.305	0.312	0.300	0.294	0.296	1.976	0.612	0.302	0.201	1.000	-178726.767
846	8	10000	9295	0.5168	0.306	0.296	0.296	0.303	0.305	0.311	0.290	0.312	0.315	0.300	0.306	0.277	0.306	0.296	2.007	0.632	0.320	0.204	1.482	-178989.149
847	8	10000	9226	0.5128	0.267	0.296	0.292	0.308	0.296	0.309	0.297	0.343	0.299	0.311	0.298	0.301	0.302	0.294	2.026	0.597	0.319	0.194	1.000	-178564.077
848	8	10000	9253	0.5124	0.342	0.292	0.297	0.297	0.309	0.307	0.284	0.264	0.308	0.295	0.291	0.289	0.298	0.308	2.004	0.607	0.313	0.202	1.000	-178473.479
849	8	10000	9303	0.5124	0.327	0.290	0.303	0.302	0.319	0.309	0.308	0.303	0.314	0.306	0.302	0.299	0.305	0.309	1.996	0.635	0.320	0.202	1.870	-180149.587
850	8	10000	9285	0.5130	0.311	0.289	0.288	0.311	0.308	0.299	0.310	0.288	0.314	0.303	0.301	0.319	0.300	0.301	1.954	0.602	0.302	0.199	1.190	-179615.044
851	8	10000	9286	0.5115	0.345	0.293	0.303	0.301	0.289	0.313	0.283	0.279	0.304	0.302	0.297	0.291	0.297	0.298	2.006	0.636	0.316	0.203	1.648	-178316.277
852	8	10000	9306	0.5141	0.275	0.303	0.294	0.292	0.299	0.303	0.299	0.314	0.307	0.312	0.304	0.287	0.300	0.298	2.010	0.608	0.304	0.203	1.000	-178519.472
853	8	10000	9228	0.5154	0.296	0.297	0.295	0.292	0.313	0.301	0.309	0.294	0.313	0.312	0.289	0.294	0.305	0.309	1.951	0.598	0.288	0.202	1.197	-179180.066
854	8	10000	9288	0.5096	0.329	0.298	0.295	0.309	0.288	0.309	0.301	0.281	0.298	0.306	0.287	0.290	0.306	0.292	1.978	0.626	0.310	0.204	1.698	-178372.868
855	8	10000	9298	0.5129	0.305	0.295	0.305	0.301	0.309	0.300	0.298	0.306	0.292	0.299	0.295	0.309	0.296	0.302	2.041	0.621	0.313	0.200	1.313	-178685.668
856	8	10000	9280	0.5145	0.302	0.290	0.293	0.304	0.314	0.291	0.311	0.307	0.318	0.285	0.308	0.295	0.311	0.299	1.994	0.602	0.303	0.195	1.000	-179028.716
857	8	10000	9308	0.5135	0.272	0.304	0.303	0.305	0.308	0.288	0.298	0.335	0.304	0.308	0.296	0.318	0.303	0.293	2.002	0.610	0.311	0.199	1.000	-178958.143
858	8	10000	9258	0.5131	0.290	0.299	0.307	0.289	0.300	0.301	0.285	0.316	0.310	0.310	0.295	0.295	0.299	0.308	1.957	0.644	0.316	0.203	1.579	-178646.811
859	8	10000	9308	0.5124	0.314	0.310	0.299	0.298	0.304	0.310	0.302	0.291	0.295	0.304	0.310	0.303	0.297	0.293	2.039	0.588	0.309	0.202	1.000	-179436.021
860	8	10000	9302	0.5135	0.336	0.303	0.298	0.300	0.298	0.303	0.307	0.267	0.301	0.300	0.315	0.295	0.291	0.301	2.027	0.621	0.305	0.203	1.179	-178934.912
861	8	10000	9260	0.5161	0.300	0.296	0.294	0.306	0.303	0.297	0.307	0.328	0.291	0.286	0.312	0.306	0.298	0.307	1.988	0.621	0.304	0.199	1.231	-178878.762
862	8	10000	9318	0.5158	0.269	0.296	0.308	0.299	0.301	0.301	0.288	0.307	0.304	0.304	0.315	0.306	0.293	0.290	2.014	0.564	0.273	0.200	1.000	-178517.970
863	8	10000	9266	0.5138	0.276	0.293	0.295	0.309	0.292	0.294	0.309	0.324	0.295	0.297	0.294	0.289	0.303	0.298	2.027	0.621	0.296	0.203	1.000	-177861.494
864	8	10000	9231	0.5143	0.259	0.302	0.298	0.285	0.302	0.298	0.304	0.316	0.286	0.301	0.295	0.294	0.295	0.299	2.000	0.577	0.297	0.200	1.000	-177882.110
865	8	10000	9273	0.5181	0.419	0.298	0.300	0.300	0.287	0.291	0.289	0.174	0.303	0.296	0.288	0.310	0.297	0.298	1.949	0.590	0.306	0.202	1.000	-178221.541
866	8	10000	9277	0.5129	0.301	0.303	0.304	0.309	0.300	0.296	0.308	0.311	0.293	0.305	0.313	0.298	0.302	0.298	2.009	0.600	0.293	0.199	1.000	-179097.736
867	8	10000	9251	0.5132	0.313	0.311	0.289	0.297	0.302	0.294	0.301	0.282	0.294	0.308	0.298	0.291	0.305	0.307	1.988	0.582	0.304	0.192	1.000	-178441.321
868	8	10000	9257	0.5154	0.000	0.303	0.307	0.283	0.287	0.291	0.299	0.600	0.313	0.289	0.303	0.300	0.294	0.309	2.043	0.606	0.326	0.203	1.000	-178556.265
869	8	10000	9241	0.5121	0.278	0.303	0.298	0.295	0.311	0.278	0.302	0.328	0.290	0.302	0.281	0.307	0.292	0.292	1.984	0.593	0.294	0.195	1.000	-177370.558
870	8	10000	9253	0.5171	0.320	0.299	0.302	0.314	0.304	0.292	0.291	0.288	0.302	0.281	0.294	0.292	0.303	0.294	1.990	0.624	0.299	0.198	1.211	-177535.759
871	8	10000	9290	0.5149	0.287	0.312	0.295	0.287	0.298	0.289	0.289	0.296	0.311	0.299	0.308	0.282	0.310	0.300	2.011	0.595	0.287	0.206	1.000	-178265.666
872	8	10000	9243	0.5134	0.314	0.301	0.307	0.295	0.310	0.308	0.298	0.282	0.293	0.312	0.305	0.305	0.294	0.304	1.986	0.593	0.318	0.195	1.000	-179222.665
873	8	10000	9264	0.5151	0.341	0.310	0.298	0.295	0.294	0.307	0.291	0.262	0.314	0.296	0.299	0.307	0.296	0.310	2.027	0.576	0.305	0.198	1.000	-179116.998
874	8	10000	9249	0.5122	0.290	0.292	0.305	0.305	0.304	0.303	0.295	0.316	0.319	0.297	0.295	0.298	0.305	0.297	2.037	0.608	0.314	0.195	1.000	-178337.962
875	8	10000	9271	0.5162	0.311	0.310	0.315	0.292	0.300	0.302	0.298	0.280	0.303	0.312	0.296	0.320	0.300	0.301	1.976	0.586	0.308	0.195	1.000	-179596.422
876	8	10000	9264	0.5138	0.317	0.297	0.298	0.307	0.313	0.295	0.305	0.277	0.286	0.306	0.282	0.303	0.295	0.304	1.955	0.622	0.304	0.202	1.000	-178597.445
877	8	10000	9287	0.5133	0.309	0.310	0.307	0.305	0.296	0.297	0.312	0.298	0.303	0.294	0.297	0.306	0.297	0.299	2.008	0.585	0.299	0.196	1.000	-178998.229
878	8	10000	9242	0.5122	0.318	0.300	0.303	0.299	0.293	0.296	0.301	0.272	0.289	0.299	0.295	0.304	0.287	0.298	1.967	0.591	0.299	0.198	1.000	-177596.584
879	8	10000	9300	0.5153	0.303	0.316	0.295	0.304	0.310	0.300	0.296	0.312	0.289	0.304	0.291	0.304	0.292	0.295	1.985	0.598	0.304	0.196	1.146	-178577.039
880	8	10000	9290	0.5118	0.303	0.301	0.301	0.289	0.306	0.297	0.305	0.301	0.292	0.301	0.315	0.303	0.308	0.292	2.027	0.609	0.313	0.193	1.027	-178518.582
881	8	10000	9261	0.5161	0.288	0.296	0.299	0.304	0.316	0.291	0.296	0.302	0.307	0.308	0.288	0.298	0.305	0.299	2.032	0.606	0.301	0.197	1.000	-178264.137
882	8	10000	9282	0.5146	0.302	0.315	0.301	0.295	0.292	0.295	0.318	0.318	0.294	0.292	0.310	0.299	0.294	0.303	1.989	0.616	0.316	0.194	1.498	-178724.340
883	8	10000	9301	0.5173	0.294	0.303	0.307	0.304	0.303	0.299	0.308	0.313	0.308	0.301	0.298	0.304	0.308	0.303	2.015	0.618	0.321	0.206	1.000	-179809.093
884	8	10000	9293	0.5179	0.319	0.304	0.300	0.301	0.300	0.310	0.301	0.256	0.296	0.302	0.311	0.300	0.308	0.292	2.048	0.609	0.306	0.199	1.000	-178800.058
885	8	10000	9246	0.5140	0.116	0.285	0.288	0.300	0.294	0.290	0.298	0.479	0.290	0.311	0.286	0.307	0.297	0.292	1.963	0.617	0.294	0.198	1.000	-177173.934
886	8	10000	9261	0.5151	0.297	0.283	0.292	0.297	0.290	0.311	0.289	0.284	0.310	0.301	0.305	0.300	0.303	0.310	1.960	0.607	0.302	0.198	1.329	-178334.692
887	8	10000	9265	0.5136	0.302	0.301	0.295	0.303	0.299	0.294	0.295	0.283	0.313	0.301	0.299	0.300	0.293	0.319	2.003	0.635	0.309	0.204	1.775	-178554.619
888	8	10000	9307	0.5135	0.355	0.306	0.303	0.299	0.306	0.296	0.308	0.261	0.304	0.300	0.297	0.295	0.293	0.315	1.977	0.615	0.299	0.202	1.000	-179082.378
889	8	10000	9263	0.5135	0.324	0.304	0.300	0.284	0.295	0.289	0.311	0.311	0.306	0.301	0.302	0.304	0.294	0.301	1.992	0.626	0.323	0.201	1.615	-178916.912
890	8	10000	9310	0.5131	0.340	0.282	0.288	0.299	0.308	0.288	0.307	0.279	0.299	0.293	0.315	0.291	0.298	0.300	1.991	0.602	0.298	0.205	1.141	-178605.789
891	8	10000	9240	0.5157	0.284	0.296	0.282	0.311	0.289	0.297	0.305	0.311	0.310	0.307	0.295	0.287	0.297	0.300	1.984	0.602	0.311	0.196	1.000	-178007.926
892	8	10000	9287	0.5123	0.315	0.305	0.296	0.312	0.291	0.302	0.297	0.291	0.289	0.300	0.309	0.310	0.298	0.298	1.950	0.605	0.303	0.196	1.000	-178743.631
893	8	10000	9275	0.5125	0.281	0.317	0.295	0.310	0.288	0.309	0.294	0.319	0.284	0.315	0.300	0.301	0.309	0.317	1.999	0.594	0.293	0.196	1.000	-179237.990
894	8	10000	9328	0.5149	0.308	0.299	0.307	0.307	0.288	0.300	0.307	0.318	0.316	0.301	0.305	0.300	0.310	0.312	2.000	0.620	0.309	0.198	1.495	-179903.324
895	8	10000	9243	0.5126	0.286	0.304	0.296	0.305	0.303	0.296	0.311	0.322	0.280	0.301	0.286	0.302	0.292	0.297	1.996	0.592	0.308	0.199	1.000	-178336.863
896	8	10000	9306	0.5137	0.311	0.292	0.319	0.308	0.291	0.299	0.296	0.286	0.295	0.317	0.294	0.300	0.307	0.305	1.993	0.624	0.328	0.205	1.200	-179477.026
897	8	10000	9316	0.5131	0.275	0.317	0.303	0.311	0.306	0.309	0.302	0.333	0.303	0.302	0.281	0.309	0.315	0.286	2.015	0.599	0.301	0.200	1.248	-179421.475
898	8	10000	9258	0.5118	0.282	0.301	0.300	0.299	0.306	0.303	0.308	0.324	0.299	0.295	0.282	0.310	0.305	0.300	2.007	0.589	0.310	0.194	1.000	-178637.487
899	8	10000	9245	0.5122	0.335	0.297	0.285	0.303	0.300	0.289	0.305	0.271	0.308	0.299	0.309	0.294	0.284	0.305	1.961	0.618	0.304	0.193	1.000	-177991.079
900	8	10000	9282	0.5105	0.277	0.315	0.317	0.300	0.303	0.312	0.291	0.327	0.299	0.300	0.301	0.303	0.286	0.300	1.974	0.615	0.306	0.204	1.045	-179330.806
901	8	10000	9247	0.5138	0.319	0.305	0.298	0.287	0.304	0.311	0.287	0.257	0.304	0.302	0.300	0.306	0.293	0.299	1.991	0.608	0.304	0.198	1.194	-178064.218
902	8	10000	9275	0.5117	0.303	0.298	0.295	0.296	0.308	0.297	0.293	0.300	0.310	0.289	0.312	0.289	0.307	0.294	1.976	0.598	0.286	0.206	1.000	-178669.677
903	8	10000	9282	0.5122	0.330	0.289	0.320	0.303	0.296	0.294	0.300	0.273	0.313	0.302	0.309	0.307	0.301	0.308	2.026	0.621	0.314	0.202	1.000	-179548.919
904	8	10000	9277	0.5155	0.313	0.290	0.301	0.296	0.315	0.304	0.300	0.297	0.316	0.301	0.306	0.291	0.291	0.300	1.935	0.584	0.294	0.201	1.000	-179264.373
905	8	10000	9282	0.5119	0.292	0.297	0.298	0.309	0.299	0.300	0.291	0.317	0.299	0.295	0.295	0.305	0.308	0.305	2.015	0.614	0.314	0.203	1.000	-179047.402
906	8	10000	9244	0.5118	0.272	0.300	0.309	0.290	0.294	0.309	0.301	0.317	0.313	0.302	0.290	0.308	0.293	0.306	1.990	0.595	0.299	0.194	1.098	-178460.680
907	8	10000	9209	0.5163	0.290	0.282	0.292	0.302	0.303	0.305	0.286	0.299	0.281	0.309	0.292	0.294	0.295	0.309	2.017	0.608	0.310	0.194	1.462	-177572.876
908	8	10000	9233	0.5117	0.256	0.307	0.300	0.296	0.301	0.299	0.299	0.320	0.296	0.294	0.299	0.294	0.291	0.302	2.033	0.587	0.270	0.196	1.000	-177216.815
909	8	10000	9282	0.5112	0.309	0.299	0.290	0.308	0.295	0.294	0.306	0.295	0.297	0.305	0.294	0.304	0.292	0.294	1.982	0.627	0.296	0.199	1.420	-177857.656
910	8	10000	9240	0.5124	0.000	0.303	0.300	0.290	0.299	0.306	0.292	0.595	0.272	0.298	0.300	0.294	0.306	0.294	1.980	0.610	0.301	0.197	1.000	-177372.894
911	8	10000	9249	0.5141	0.291	0.306	0.298	0.293	0.279	0.304	0.292	0.313	0.301	0.295	0.306	0.299	0.298	0.294	2.004	0.606	0.292	0.198	1.000	-177724.513
912	8	10000	9271	0.5116	0.318	0.298	0.311	0.290	0.296	0.304	0.290	0.304	0.295	0.302	0.304	0.293	0.291	0.306	1.970	0.597	0.331	0.196	1.000	-179076.965
913	8	10000	9279	0.5130	0.321	0.297	0.297	0.306	0.289	0.296	0.309	0.287	0.304	0.294	0.309	0.305	0.300	0.296	1.975	0.613	0.317	0.195	1.092	-178740.036
914	8	10000	9287	0.5120	0.296	0.304	0.298	0.298	0.298	0.304	0.304	0.299	0.297	0.302	0.305	0.302	0.294	0.320	1.976	0.605	0.296	0.195	1.000	-178763.183
915	8	10000	9280	0.5136	0.296	0.325	0.299	0.303	0.293	0.292	0.300	0.291	0.298	0.299	0.301	0.298	0.296	0.304	1.989	0.567	0.276	0.199	1.000	-178708.081
916	8	10000	9260	0.5126	0.326	0.299	0.312	0.296	0.304	0.299	0.298	0.262	0.280	0.313	0.299	0.285	0.302	0.288	2.006	0.589	0.291	0.196	1.000	-177941.383
917	8	10000	9254	0.5183	0.309	0.303	0.288	0.292	0.305	0.298	0.293	0.304	0.293	0.291	0.308	0.293	0.300	0.301	2.037	0.614	0.294	0.202	1.000	-177931.724
918	8	10000	9265	0.5133	0.325	0.298	0.283	0.310	0.312	0.291	0.304	0.282	0.292	0.302	0.301	0.305	0.290	0.292	2.046	0.623	0.295	0.205	1.000	-178064.942
919	8	10000	9228	0.5141	0.347	0.282	0.290	0.314	0.299	0.305	0.295	0.266	0.297	0.304	0.293	0.304	0.299	0.303	1.975	0.610	0.299	0.197	1.000	-178423.876
920	8	10000	9240	0.5118	0.283	0.288	0.296	0.300	0.301	0.315	0.302	0.319	0.296	0.300	0.293	0.300	0.301	0.287	2.012	0.609	0.300	0.200	1.416	-178175.899
921	8	10000	9275	0.5139	0.304	0.300	0.299	0.298	0.291	0.298	0.304	0.306	0.308	0.292	0.304	0.288	0.307	0.298	1.981	0.630	0.309	0.196	1.706	-178406.145
922	8	10000	9233	0.5147	0.302	0.307	0.280	0.312	0.310	0.305	0.295	0.295	0.302	0.293	0.303	0.295	0.293	0.306	2.035	0.603	0.297	0.195	1.000	-178073.745
923	8	10000	9257	0.5106	0.305	0.304	0.295	0.294	0.294	0.311	0.300	0.309	0.287	0.309	0.299	0.315	0.303	0.292	2.003	0.627	0.323	0.196	1.356	-178485.111
924	8	10000	9259	0.5153	0.308	0.312	0.303	0.301	0.299	0.300	0.292	0.279	0.306	0.305	0.291	0.306	0.296	0.288	1.965	0.602	0.298	0.197	1.000	-178291.211
925	8	10000	9279	0.5114	0.267	0.287	0.297	0.310	0.299	0.296	0.307	0.331	0.286	0.281	0.327	0.314	0.285	0.301	1.999	0.605	0.299	0.203	1.147	-178882.777
926	8	10000	9271	0.5157	0.307	0.311	0.304	0.305	0.296	0.282	0.307	0.305	0.289	0.297	0.287	0.306	0.300	0.295	2.017	0.599	0.291	0.205	1.000	-178423.118
927	8	10000	9277	0.5177	0.313	0.293	0.292	0.302	0.286	0.293	0.296	0.295	0.315	0.302	0.304	0.303	0.290	0.292	2.021	0.602	0.289	0.200	1.092	-178051.089
928	8	10000	9275	0.5120	0.287	0.292	0.302	0.304	0.290	0.304	0.293	0.290	0.295	0.299	0.294	0.312	0.299	0.294	1.992	0.589	0.300	0.197	1.000	-178206.388
929	8	10000	9249	0.5133	0.317	0.284	0.297	0.299	0.297	0.289	0.303	0.290	0.305	0.306	0.304	0.303	0.294	0.308	1.983	0.625	0.333	0.203	1.556	-178699.607
930	8	10000	9269	0.5167	0.317	0.305	0.302	0.307	0.288	0.299	0.302	0.298	0.286	0.301	0.285	0.299	0.311	0.308	2.006	0.645	0.305	0.204	1.955	-178633.862
931	8	10000	9194	0.5103	0.289	0.300	0.302	0.276	0.293	0.288	0.309	0.292	0.286	0.306	0.297	0.322	0.283	0.300	1.994	0.576	0.289	0.190	1.000	-177109.986
932	8	10000	9263	0.5164	0.287	0.310	0.304	0.309	0.286	0.307	0.305	0.321	0.301	0.296	0.301	0.303	0.298	0.304	1.988	0.578	0.287	0.195	1.000	-179225.715
933	8	10000	9300	0.5131	0.283	0.287	0.297	0.294	0.305	0.296	0.312	0.326	0.293	0.306	0.303	0.306	0.300	0.294	2.011	0.599	0.296	0.202	1.074	-178796.497
934	8	10000	9269	0.5142	0.304	0.282	0.303	0.314	0.326	0.315	0.296	0.295	0.292	0.307	0.297	0.293	0.305	0.290	2.028	0.625	0.308	0.200	1.412	-178624.925
935	8	10000	9266	0.5127	0.281	0.287	0.291	0.287	0.296	0.297	0.304	0.313	0.304	0.295	0.293	0.322	0.289	0.291	1.971	0.592	0.287	0.199	1.000	-177684.818
936	8	10000	9227	0.5152	0.319	0.284	0.302	0.299	0.317	0.296	0.286	0.283	0.274	0.308	0.292	0.290	0.300	0.298	1.994	0.610	0.299	0.204	1.000	-177757.016
937	8	10000	9277	0.5156	0.296	0.287	0.299	0.293	0.291	0.296	0.302	0.309	0.293	0.292	0.312	0.310	0.283	0.310	1.998	0.621	0.295	0.196	1.145	-177646.609
938	8	10000	9281	0.5137	0.289	0.302	0.312	0.306	0.309	0.299	0.304	0.291	0.303	0.302	0.300	0.304	0.286	0.302	2.006	0.601	0.307	0.198	1.116	-178787.837
939	8	10000	9223	0.5150	0.013	0.306	0.293	0.304	0.308	0.305	0.306	0.559	0.299	0.309	0.292	0.299	0.302	0.292	2.016	0.607	0.299	0.199	1.000	-178281.304
940	8	10000	9296	0.5161	0.289	0.298	0.293	0.309	0.307	0.298	0.313	0.311	0.287	0.303	0.301	0.308	0.302	0.301	2.018	0.591	0.307	0.198	1.157	-179422.153
941	8	10000	9273	0.5161	0.282	0.282	0.305	0.298	0.302	0.297	0.301	0.299	0.302	0.307	0.299	0.306	0.301	0.297	1.956	0.616	0.310	0.201	1.000	-178599.519
942	8	10000	9286	0.5111	0.301	0.287	0.298	0.297	0.312	0.298	0.299	0.283	0.311	0.287	0.307	0.300	0.290	0.307	2.048	0.591	0.301	0.207	1.000	-178629.196
943	8	10000	9248	0.5131	0.262	0.302	0.291	0.293	0.303	0.302	0.290	0.307	0.315	0.287	0.314	0.295	0.300	0.306	1.973	0.601	0.296	0.196	1.000	-178039.786
944	8	10000	9250	0.5116	0.318	0.281	0.292	0.302	0.299	0.301	0.306	0.281	0.304	0.297	0.301	0.295	0.309	0.291	1.989	0.596	0.288	0.200	1.036	-178220.355
945	8	10000	9249	0.5133	0.286	0.311	0.288	0.294	0.291	0.288	0.284	0.316	0.304	0.300	0.305	0.301	0.296	0.303	1.988	0.612	0.298	0.197	1.000	-177661.467
946	8	10000	9296	0.5175	0.339	0.303	0.294	0.308	0.302	0.293	0.308	0.269	0.318	0.303	0.309	0.296	0.292	0.301	2.069	0.586	0.289	0.198	1.000	-178810.449
947	8	10000	9274	0.5125	0.336	0.297	0.301	0.304	0.307	0.304	0.289	0.266	0.306	0.290	0.300	0.309	0.299	0.294	1.980	0.625	0.306	0.204	1.000	-178586.261
948	8	10000	9296	0.5151	0.287	0.301	0.288	0.303	0.316	0.304	0.294	0.334	0.300	0.293	0.315	0.307	0.299	0.296	1.981	0.608	0.301	0.200	1.000	-179055.467
949	8	10000	9308	0.5092	0.314	0.304	0.303	0.304	0.312	0.306	0.311	0.298	0.293	0.313	0.299	0.311	0.307	0.294	2.026	0.600	0.302	0.202	1.032	-179916.430
950	8	10000	9280	0.5160	0.299	0.302	0.311	0.301	0.293	0.302	0.302	0.294	0.296	0.305	0.302	0.312	0.287	0.309	2.001	0.627	0.302	0.204	1.290	-178921.394
951	8	10000	9249	0.5174	0.281	0.306	0.305	0.299	0.308	0.298	0.305	0.302	0.281	0.306	0.304	0.306	0.303	0.296	1.954	0.601	0.301	0.196	1.000	-178740.502
952	8	10000	9311	0.5153	0.306	0.285	0.315	0.296	0.309	0.297	0.295	0.299	0.308	0.301	0.296	0.289	0.308	0.296	2.021	0.574	0.297	0.196	1.186	-178825.828
953	8	10000	9279	0.5158	0.311	0.289	0.307	0.300	0.311	0.298	0.300	0.283	0.293	0.288	0.293	0.290	0.296	0.303	2.009	0.621	0.304	0.200	1.256	-177903.029
954	8	10000	9267	0.5101	0.265	0.290	0.300	0.301	0.306	0.298	0.318	0.324	0.303	0.310	0.291	0.297	0.304	0.304	2.021	0.606	0.324	0.194	1.084	-178849.929
955	8	10000	9321	0.5125	0.331	0.283	0.302	0.306	0.295	0.298	0.288	0.287	0.305	0.297	0.304	0.303	0.296	0.299	2.058	0.605	0.296	0.209	1.000	-178565.482
956	8	10000	9289	0.5122	0.299	0.285	0.301	0.291	0.316	0.282	0.308	0.303	0.296	0.299	0.298	0.309	0.294	0.300	1.974	0.593	0.286	0.202	1.010	-178261.231
957	8	10000	9305	0.5166	0.347	0.305	0.306	0.292	0.315	0.296	0.321	0.262	0.309	0.296	0.313	0.303	0.296	0.294	1.992	0.633	0.322	0.204	1.996	-179749.720
958	8	10000	9228	0.5154	0.287	0.314	0.292	0.296	0.300	0.309	0.305	0.297	0.299	0.282	0.300	0.288	0.282	0.308	2.005	0.601	0.296	0.198	1.246	-177693.141
959	8	10000	9309	0.5178	0.265	0.299	0.303	0.285	0.306	0.290	0.306	0.328	0.315	0.288	0.294	0.284	0.303	0.298	2.015	0.585	0.286	0.202	1.000	-178120.098
960	8	10000	9328	0.5109	0.324	0.293	0.296	0.316	0.304	0.301	0.301	0.295	0.298	0.292	0.302	0.305	0.311	0.298	2.035	0.590	0.293	0.202	1.000	-179166.600
961	8	10000	9283	0.5122	0.299	0.297	0.299	0.300	0.289	0.295	0.294	0.309	0.296	0.316	0.305	0.304	0.311	0.306	2.030	0.599	0.299	0.199	1.178	-178870.715
962	8	10000	9293	0.5144	0.311	0.290	0.308	0.312	0.320	0.309	0.309	0.283	0.293	0.309	0.302	0.310	0.316	0.294	1.969	0.591	0.316	0.201	1.287	-180638.112
963	8	10000	9228	0.5168	0.320	0.304	0.298	0.300	0.307	0.303	0.306	0.267	0.307	0.290	0.305	0.289	0.293	0.303	2.039	0.592	0.305	0.190	1.000	-178176.574
964	8	10000	9308	0.5098	0.614	0.304	0.305	0.303	0.293	0.300	0.311	0.000	0.291	0.307	0.313	0.311	0.304	0.317	1.995	0.626	0.311	0.204	1.000	-179917.877
965	8	10000	9249	0.5135	0.280	0.302	0.307	0.298	0.307	0.304	0.301	0.327	0.324	0.278	0.314	0.293	0.299	0.316	1.979	0.595	0.311	0.199	1.000	-179683.293
966	8	10000	9311	0.5150	0.339	0.309	0.309	0.303	0.299	0.300	0.300	0.271	0.305	0.298	0.305	0.300	0.294	0.304	1.983	0.609	0.311	0.201	1.514	-179580.636
967	8	10000	9275	0.5163	0.333	0.287	0.297	0.302	0.295	0.298	0.314	0.281	0.295	0.295	0.279	0.302	0.304	0.285	2.011	0.628	0.316	0.196	1.582	-177733.248
968	8	10000	9262	0.5111	0.290	0.311	0.309	0.305	0.287	0.293	0.297	0.302	0.300	0.308	0.290	0.295	0.296	0.301	1.960	0.592	0.301	0.198	1.000	-178713.989
969	8	10000	9272	0.5116	0.294	0.294	0.311	0.289	0.297	0.297	0.302	0.302	0.305	0.309	0.288	0.294	0.294	0.295	2.018	0.579	0.304	0.193	1.000	-177993.008
970	8	10000	9220	0.5138	0.281	0.289	0.297	0.302	0.307	0.301	0.295	0.301	0.302	0.287	0.292	0.293	0.308	0.297	2.002	0.590	0.292	0.195	1.176	-177542.304
971	8	10000	9297	0.5123	0.255	0.312	0.323	0.298	0.303	0.299	0.293	0.328	0.297	0.298	0.289	0.305	0.300	0.309	1.954	0.590	0.293	0.198	1.165	-179085.597
972	8	10000	9294	0.5122	0.316	0.320	0.299	0.302	0.291	0.293	0.298	0.292	0.301	0.294	0.299	0.293	0.297	0.309	1.975	0.618	0.300	0.200	1.307	-178482.213
973	8	10000	9263	0.5150	0.273	0.294	0.312	0.305	0.311	0.300	0.305	0.315	0.293	0.298	0.288	0.305	0.299	0.304	2.018	0.591	0.308	0.202	1.252	-179143.778
974	8	10000	9311	0.5133	0.313	0.294	0.293	0.308	0.297	0.309	0.300	0.289	0.310	0.304	0.298	0.302	0.312	0.302	1.989	0.610	0.299	0.199	1.348	-179116.221
975	8	10000	9258	0.5132	0.297	0.297	0.305	0.289	0.302	0.308	0.308	0.303	0.304	0.293	0.300	0.297	0.301	0.306	2.023	0.610	0.318	0.199	1.630	-178776.818
976	8	10000	9328	0.5125	0.296	0.305	0.304	0.303	0.306	0.298	0.309	0.299	0.297	0.296	0.304	0.307	0.318	0.306	1.999	0.560	0.289	0.198	1.000	-179993.066
977	8	10000	9227	0.5127	0.304	0.301	0.300	0.303	0.279	0.293	0.284	0.307	0.297	0.295	0.310	0.297	0.302	0.300	1.998	0.630	0.297	0.200	1.018	-177536.208
978	8	10000	9271	0.5131	0.308	0.312	0.295	0.302	0.270	0.308	0.304	0.303	0.288	0.302	0.292	0.305	0.300	0.291	1.977	0.628	0.289	0.205	1.009	-178040.982
979	8	10000	9270	0.5146	0.303	0.295	0.294	0.289	0.309	0.304	0.305	0.294	0.308	0.305	0.296	0.283	0.309	0.311	2.019	0.582	0.289	0.200	1.000	-178993.461
980	8	10000	9281	0.5152	0.311	0.291	0.291	0.289	0.307	0.287	0.290	0.295	0.301	0.287	0.303	0.311	0.300	0.298	2.003	0.614	0.302	0.203	1.165	-177839.491
981	8	10000	9293	0.5150	0.308	0.310	0.314	0.297	0.307	0.318	0.285	0.283	0.315	0.299	0.301	0.313	0.308	0.298	1.994	0.579	0.301	0.199	1.000	-179727.949
982	8	10000	9276	0.5136	0.494	0.301	0.300	0.308	0.302	0.307	0.293	0.108	0.297	0.298	0.304	0.300	0.322	0.299	1.998	0.576	0.312	0.200	1.000	-179877.922
983	8	10000	9280	0.5130	0.303	0.308	0.304	0.300	0.284	0.311	0.297	0.294	0.295	0.301	0.311	0.303	0.293	0.300	2.021	0.600	0.297	0.202	1.000	-178962.526
984	8	10000	9279	0.5143	0.307	0.298	0.290	0.300	0.306	0.305	0.295	0.288	0.301	0.293	0.299	0.289	0.307	0.302	2.000	0.622	0.298	0.200	1.000	-178034.434
985	8	10000	9306	0.5148	0.316	0.318	0.308	0.298	0.294	0.298	0.310	0.287	0.292	0.300	0.312	0.301	0.302	0.299	1.955	0.612	0.311	0.202	1.143	-179631.306
986	8	10000	9283	0.5121	0.303	0.310	0.305	0.300	0.305	0.298	0.316	0.311	0.294	0.315	0.303	0.310	0.310	0.304	2.031	0.590	0.300	0.199	1.000	-179889.173
987	8	10000	9248	0.5093	0.297	0.317	0.291	0.299	0.291	0.315	0.306	0.319	0.305	0.308	0.303	0.302	0.287	0.299	2.030	0.602	0.292	0.203	1.095	-178820.670
988	8	10000	9260	0.5154	0.325	0.299	0.291	0.296	0.288	0.302	0.308	0.287	0.319	0.312	0.291	0.286	0.304	0.282	1.987	0.631	0.311	0.201	1.000	-178251.241
989	8	10000	9319	0.5095	0.301	0.288	0.306	0.303	0.304	0.312	0.298	0.303	0.304	0.299	0.315	0.290	0.315	0.297	2.025	0.603	0.302	0.209	1.000	-179782.163
990	8	10000	9297	0.5145	0.275	0.311	0.309	0.301	0.312	0.301	0.318	0.327	0.303	0.306	0.303	0.289	0.307	0.300	2.007	0.588	0.319	0.198	1.098	-180143.561
991	8	10000	9277	0.5141	0.274	0.291	0.303	0.293	0.318	0.295	0.290	0.335	0.313	0.302	0.301	0.307	0.296	0.307	2.020	0.606	0.294	0.202	1.000	-178902.849
992	8	10000	9235	0.5147	0.299	0.290	0.289	0.311	0.303	0.303	0.308	0.302	0.309	0.305	0.299	0.293	0.311	0.300	2.021	0.606	0.308	0.194	1.119	-178656.267
993	8	10000	9307	0.5181	0.344	0.304	0.305	0.298	0.316	0.297	0.285	0.262	0.305	0.299	0.296	0.298	0.294	0.293	1.956	0.613	0.291	0.202	1.115	-178522.433
994	8	10000	9326	0.5152	0.279	0.298	0.292	0.308	0.302	0.317	0.299	0.338	0.309	0.309	0.293	0.292	0.299	0.300	2.000	0.593	0.326	0.202	1.000	-179762.159
995	8	10000	9210	0.5114	0.333	0.298	0.298	0.299	0.299	0.302	0.289	0.260	0.281	0.294	0.292	0.299	0.304	0.288	1.991	0.637	0.313	0.194	1.927	-176831.780
996	8	10000	9315	0.5153	0.271	0.279	0.292	0.297	0.295	0.300	0.296	0.331	0.285	0.286	0.319	0.296	0.298	0.313	1.968	0.619	0.303	0.199	1.000	-177950.258
997	8	10000	9245	0.5147	0.322	0.303	0.293	0.306	0.301	0.294	0.296	0.258	0.288	0.298	0.300	0.310	0.289	0.311	2.015	0.588	0.296	0.204	1.034	-178499.218
998	8	10000	9267	0.5136	0.294	0.302	0.293	0.300	0.291	0.304	0.290	0.297	0.296	0.304	0.313	0.288	0.288	0.302	1.975	0.606	0.297	0.193	1.374	-177767.649
999	8	10000	9240	0.5128	0.280	0.296	0.305	0.290	0.317	0.285	0.296	0.327	0.292	0.298	0.291	0.303	0.291	0.307	2.057	0.626	0.307	0.204	1.142	-177832.170
1000	8	10000	9228	0.5115	0.289	0.290	0.301	0.294	0.303	0.308	0.300	0.317	0.298	0.296	0.308	0.294	0.294	0.294	2.019	0.600	0.321	0.194	1.046	-178394.456
1001	8	10000	9263	0.5127	0.331	0.307	0.302	0.297	0.292	0.295	0.300	0.257	0.292	0.303	0.287	0.329	0.291	0.302	2.007	0.628	0.301	0.200	1.017	-177965.404
1002	8	10000	9259	0.5169	0.288	0.286	0.294	0.307	0.294	0.299	0.298	0.305	0.306	0.291	0.307	0.306	0.297	0.298	1.956	0.617	0.304	0.203	1.020	-178458.191
1003	8	10000	9282	0.5096	0.315	0.311	0.296	0.300	0.291	0.306	0.296	0.296	0.302	0.290	0.298	0.314	0.304	0.290	1.971	0.614	0.299	0.204	1.206	-178747.427
1004	8	10000	9288	0.5138	0.271	0.299	0.282	0.294	0.298	0.295	0.307	0.333	0.305	0.312	0.305	0.297	0.309	0.301	2.033	0.616	0.301	0.204	1.000	-178677.143
1005	8	10000	9300	0.5135	0.287	0.307	0.304	0.293	0.302	0.285	0.301	0.307	0.296	0.289	0.306	0.316	0.288	0.296	2.009	0.617	0.289	0.200	1.170	-177798.332
1006	8	10000	9319	0.5167	0.314	0.308	0.326	0.297	0.310	0.303	0.304	0.282	0.296	0.305	0.302	0.303	0.294	0.313	2.049	0.601	0.314	0.198	1.185	-179991.436
1007	8	10000	9239	0.5139	0.599	0.314	0.299	0.292	0.294	0.312	0.293	0.006	0.289	0.290	0.311	0.308	0.301	0.294	2.017	0.610	0.297	0.207	1.000	-178563.676
1008	8	10000	9276	0.5159	0.254	0.285	0.316	0.309	0.305	0.298	0.296	0.338	0.310	0.296	0.286	0.288	0.307	0.299	1.994	0.630	0.298	0.207	1.000	-178526.734
1009	8	10000	9315	0.5199	0.318	0.294	0.299	0.300	0.291	0.296	0.308	0.301	0.296	0.309	0.297	0.304	0.296	0.300	2.003	0.605	0.300	0.204	1.000	-178995.795
1010	8	10000	9298	0.5116	0.316	0.308	0.301	0.297	0.300	0.303	0.308	0.307	0.302	0.299	0.312	0.298	0.310	0.315	2.012	0.605	0.337	0.203	1.837	-180723.778
1011	8	10000	9292	0.5110	0.277	0.283	0.303	0.311	0.303	0.297	0.306	0.321	0.302	0.302	0.302	0.298	0.304	0.308	1.999	0.602	0.294	0.203	1.055	-178981.990
1012	8	10000	9247	0.5148	0.263	0.297	0.290	0.289	0.310	0.304	0.297	0.322	0.293	0.297	0.302	0.301	0.302	0.297	2.013	0.576	0.292	0.195	1.000	-177880.249
1013	8	10000	9272	0.5093	0.285	0.293	0.294	0.309	0.293	0.298	0.306	0.293	0.296	0.308	0.300	0.303	0.292	0.302	2.002	0.599	0.297	0.207	1.000	-178551.575
1014	8	10000	9273	0.5137	0.298	0.297	0.293	0.317	0.300	0.307	0.302	0.305	0.300	0.304	0.286	0.291	0.297	0.305	2.021	0.608	0.304	0.201	1.093	-178663.271
1015	8	10000	9262	0.5130	0.288	0.289	0.286	0.301	0.292	0.297	0.298	0.321	0.299	0.298	0.291	0.300	0.298	0.294	1.979	0.637	0.306	0.209	1.605	-177721.968
1016	8	10000	9267	0.5137	0.276	0.321	0.292	0.300	0.292	0.307	0.289	0.326	0.301	0.304	0.303	0.280	0.298	0.292	1.997	0.607	0.300	0.203	1.000	-178215.465
1017	8	10000	9263	0.5131	0.313	0.294	0.290	0.294	0.313	0.306	0.298	0.290	0.290	0.292	0.305	0.301	0.292	0.310	1.981	0.592	0.287	0.201	1.000	-178487.391
1018	8	10000	9263	0.5115	0.307	0.298	0.311	0.287	0.305	0.300	0.300	0.317	0.292	0.312	0.296	0.311	0.323	0.301	2.039	0.595	0.315	0.196	1.128	-179218.646
1019	8	10000	9294	0.5108	0.280	0.307	0.309	0.307	0.299	0.289	0.310	0.325	0.315	0.306	0.292	0.290	0.298	0.309	1.997	0.606	0.301	0.204	1.000	-179331.692
1020	8	10000	9287	0.5127	0.330	0.317	0.300	0.294	0.306	0.300	0.288	0.266	0.316	0.306	0.281	0.295	0.300	0.312	2.038	0.608	0.293	0.194	1.200	-178200.928
1021	8	10000	9232	0.5106	0.290	0.292	0.303	0.297	0.291	0.305	0.285	0.326	0.277	0.291	0.296	0.310	0.297	0.299	1.984	0.638	0.295	0.203	1.375	-177400.106
1022	8	10000	9272	0.5150	0.333	0.298	0.305	0.306	0.294	0.298	0.302	0.265	0.284	0.308	0.307	0.293	0.303	0.297	2.042	0.603	0.303	0.197	1.098	-178452.829
1023	8	10000	9230	0.5114	0.325	0.298	0.305	0.290	0.320	0.288	0.295	0.278	0.296	0.297	0.291	0.315	0.295	0.283	2.045	0.633	0.313	0.203	1.564	-177735.946
1024	8	10000	9327	0.5136	0.288	0.301	0.292	0.304	0.307	0.304	0.293	0.314	0.301	0.305	0.297	0.306	0.309	0.299	2.010	0.643	0.316	0.212	1.000	-179187.115
1025	8	10000	9293	0.5139	0.315	0.304	0.309	0.297	0.286	0.283	0.305	0.260	0.305	0.299	0.312	0.300	0.285	0.302	1.980	0.572	0.288	0.200	1.000	-178346.643
1026	8	10000	9263	0.5146	0.315	0.297	0.295	0.300	0.306	0.293	0.300	0.303	0.317	0.295	0.294	0.289	0.298	0.304	1.987	0.584	0.312	0.193	1.000	-178652.021
1027	8	10000	9266	0.5129	0.326	0.301	0.296	0.310	0.285	0.302	0.303	0.272	0.311	0.282	0.304	0.302	0.300	0.302	1.977	0.606	0.313	0.197	1.000	-178502.699
1028	8	10000	9218	0.5095	0.277	0.289	0.302	0.286	0.308	0.303	0.292	0.308	0.282	0.312	0.296	0.320	0.302	0.298	2.001	0.626	0.296	0.198	1.137	-177797.613
1029	8	10000	9282	0.5130	0.305	0.308	0.303	0.300	0.305	0.297	0.301	0.300	0.317	0.280	0.307	0.297	0.296	0.320	2.039	0.613	0.295	0.207	1.263	-179103.486
1030	8	10000	9289	0.5097	0.306	0.304	0.303	0.301	0.297	0.295	0.301	0.291	0.306	0.298	0.278	0.299	0.308	0.298	1.975	0.588	0.295	0.199	1.000	-178394.897
1031	8	10000	9301	0.5140	0.318	0.293	0.305	0.300	0.303	0.296	0.311	0.300	0.298	0.293	0.304	0.307	0.293	0.291	1.987	0.629	0.313	0.203	1.000	-178674.839
1032	8	10000	9262	0.5123	0.288	0.305	0.319	0.299	0.292	0.286	0.312	0.301	0.309	0.304	0.298	0.302	0.291	0.308	2.008	0.599	0.300	0.206	1.387	-179215.853
1033	8	10000	9297	0.5151	0.299	0.285	0.299	0.293	0.297	0.302	0.304	0.310	0.308	0.292	0.287	0.312	0.298	0.296	1.976	0.586	0.282	0.202	1.046	-178449.253
1034	8	10000	9262	0.5177	0.296	0.318	0.292	0.290	0.275	0.302	0.303	0.310	0.292	0.310	0.296	0.307	0.305	0.300	2.016	0.634	0.303	0.202	1.356	-178261.785
1035	8	10000	9295	0.5103	0.326	0.286	0.299	0.300	0.309	0.299	0.308	0.253	0.318	0.305	0.288	0.310	0.309	0.291	2.021	0.575	0.299	0.196	1.000	-178799.432
1036	8	10000	9279	0.5152	0.297	0.288	0.299	0.306	0.308	0.308	0.298	0.316	0.296	0.297	0.306	0.305	0.300	0.308	2.008	0.582	0.304	0.197	1.000	-179482.767
1037	8	10000	9297	0.5165	0.295	0.303	0.304	0.290	0.304	0.302	0.303	0.307	0.294	0.289	0.298	0.309	0.288	0.307	1.994	0.576	0.289	0.198	1.000	-178553.205
1038	8	10000	9267	0.5137	0.350	0.295	0.293	0.311	0.303	0.294	0.306	0.264	0.305	0.301	0.293	0.290	0.294	0.297	2.004	0.613	0.316	0.203	1.000	-178690.942
1039	8	10000	9334	0.5113	0.273	0.309	0.309	0.305	0.294	0.288	0.306	0.333	0.301	0.299	0.294	0.301	0.303	0.311	1.979	0.627	0.308	0.216	1.000	-179692.102
1040	8	10000	9335	0.5162	0.317	0.288	0.293	0.309	0.309	0.301	0.300	0.298	0.302	0.308	0.298	0.312	0.310	0.287	2.041	0.594	0.300	0.201	1.382	-179432.701
1041	8	10000	9232	0.5092	0.275	0.299	0.298	0.290	0.308	0.300	0.295	0.345	0.292	0.304	0.303	0.303	0.302	0.300	1.990	0.580	0.294	0.194	1.000	-178585.453
1042	8	10000	9266	0.5133	0.300	0.299	0.294	0.303	0.304	0.296	0.313	0.314	0.300	0.298	0.309	0.298	0.277	0.312	2.011	0.626	0.298	0.203	1.406	-178567.849
1043	8	10000	9228	0.5182	0.264	0.305	0.297	0.297	0.282	0.292	0.293	0.321	0.310	0.281	0.296	0.288	0.303	0.295	2.001	0.607	0.280	0.199	1.000	-177016.667
1044	8	10000	9262	0.5144	0.273	0.305	0.286	0.307	0.289	0.304	0.315	0.363	0.301	0.304	0.292	0.296	0.287	0.310	1.950	0.624	0.288	0.200	1.000	-178765.396
1045	8	10000	9286	0.5107	0.300	0.292	0.300	0.303	0.310	0.304	0.280	0.318	0.301	0.287	0.316	0.304	0.294	0.302	2.035	0.634	0.323	0.206	1.713	-178553.241
1046	8	10000	9292	0.5152	0.193	0.317	0.309	0.299	0.302	0.304	0.301	0.424	0.313	0.294	0.299	0.303	0.307	0.290	1.965	0.584	0.298	0.196	1.000	-179604.949
1047	8	10000	9294	0.5129	0.273	0.299	0.301	0.295	0.300	0.290	0.316	0.323	0.323	0.313	0.291	0.292	0.300	0.306	2.002	0.583	0.295	0.201	1.000	-179202.193
1048	8	10000	9290	0.5147	0.596	0.293	0.302	0.298	0.307	0.304	0.297	0.003	0.294	0.296	0.306	0.296	0.305	0.299	1.972	0.617	0.309	0.208	1.000	-179150.691
1049	8	10000	9288	0.5146	0.315	0.300	0.303	0.292	0.298	0.311	0.293	0.274	0.295	0.302	0.294	0.299	0.290	0.307	2.025	0.615	0.297	0.205	1.000	-178274.476
1050	8	10000	9254	0.5168	0.328	0.293	0.299	0.300	0.305	0.286	0.296	0.260	0.303	0.308	0.298	0.303	0.293	0.291	2.021	0.609	0.305	0.201	1.137	-178059.424
1051	8	10000	9328	0.5144	0.321	0.300	0.298	0.297	0.301	0.307	0.291	0.285	0.303	0.303	0.312	0.306	0.307	0.305	1.995	0.591	0.311	0.198	1.000	-179718.373
1052	8	10000	9267	0.5127	0.343	0.295	0.295	0.298	0.306	0.305	0.315	0.256	0.311	0.302	0.293	0.289	0.291	0.301	1.951	0.635	0.308	0.206	1.628	-178922.210
1053	8	10000	9244	0.5174	0.279	0.296	0.303	0.302	0.289	0.308	0.292	0.306	0.298	0.296	0.312	0.312	0.299	0.311	1.954	0.563	0.301	0.190	1.012	-178804.531
1054	8	10000	9277	0.5146	0.324	0.301	0.297	0.291	0.288	0.298	0.307	0.282	0.288	0.290	0.310	0.303	0.298	0.289	2.000	0.635	0.295	0.205	1.000	-177771.511
1055	8	10000	9244	0.5149	0.284	0.298	0.300	0.300	0.287	0.295	0.291	0.304	0.304	0.312	0.297	0.304	0.305	0.297	1.971	0.621	0.309	0.198	1.000	-178109.977
1056	8	10000	9265	0.5117	0.265	0.295	0.279	0.306	0.298	0.284	0.314	0.332	0.307	0.290	0.298	0.289	0.292	0.310	1.965	0.621	0.300	0.201	1.000	-177742.331
1057	8	10000	9300	0.5131	0.331	0.311	0.296	0.299	0.302	0.302	0.308	0.270	0.296	0.297	0.294	0.314	0.303	0.309	1.993	0.601	0.312	0.200	1.386	-179369.070
1058	8	10000	9270	0.5116	0.311	0.311	0.304	0.304	0.294	0.297	0.307	0.282	0.299	0.292	0.305	0.288	0.311	0.289	1.991	0.598	0.303	0.197	1.000	-178345.505
1059	8	10000	9289	0.5153	0.288	0.303	0.310	0.291	0.314	0.301	0.288	0.308	0.288	0.294	0.310	0.305	0.293	0.299	1.976	0.604	0.300	0.203	1.000	-178608.509
1060	8	10000	9266	0.5116	0.288	0.286	0.303	0.311	0.312	0.293	0.306	0.311	0.302	0.301	0.298	0.300	0.311	0.301	1.963	0.572	0.297	0.190	1.000	-178889.774
1061	8	10000	9249	0.5120	0.302	0.303	0.303	0.290	0.303	0.291	0.291	0.315	0.305	0.298	0.308	0.283	0.297	0.301	1.970	0.611	0.306	0.198	1.000	-178144.292
1062	8	10000	9299	0.5123	0.317	0.302	0.312	0.301	0.299	0.315	0.302	0.279	0.306	0.308	0.295	0.309	0.307	0.297	1.990	0.610	0.294	0.199	1.001	-179391.342
1063	8	10000	9257	0.5118	0.294	0.307	0.301	0.296	0.307	0.307	0.296	0.302	0.299	0.295	0.302	0.283	0.288	0.296	1.981	0.581	0.294	0.195	1.007	-178016.210
1064	8	10000	9314	0.5163	0.319	0.297	0.297	0.300	0.308	0.300	0.305	0.287	0.296	0.309	0.297	0.319	0.297	0.312	1.974	0.610	0.297	0.200	1.617	-179586.257
1065	8	10000	9293	0.5169	0.269	0.297	0.304	0.302	0.305	0.297	0.294	0.334	0.297	0.318	0.296	0.304	0.295	0.281	1.988	0.604	0.315	0.199	1.051	-178763.321
1066	8	10000	9285	0.5120	0.326	0.310	0.319	0.299	0.310	0.289	0.307	0.256	0.306	0.301	0.298	0.295	0.295	0.293	2.016	0.615	0.315	0.206	1.624	-179214.941
1067	8	10000	9323	0.5156	0.316	0.316	0.292	0.298	0.299	0.301	0.304	0.322	0.295	0.304	0.297	0.296	0.306	0.298	2.008	0.637	0.300	0.209	1.000	-179230.186
1068	8	10000	9237	0.5113	0.319	0.294	0.288	0.291	0.306	0.294	0.298	0.307	0.305	0.293	0.286	0.290	0.292	0.293	2.016	0.636	0.324	0.204	2.058	-177491.164
1069	8	10000	9300	0.5155	0.310	0.299	0.300	0.307	0.320	0.298	0.302	0.289	0.298	0.304	0.300	0.295	0.296	0.300	1.961	0.608	0.308	0.199	1.155	-179190.631
1070	8	10000	9302	0.5123	0.323	0.299	0.301	0.300	0.297	0.307	0.304	0.295	0.286	0.301	0.302	0.301	0.299	0.291	2.018	0.603	0.309	0.200	1.000	-178686.140
1071	8	10000	9296	0.5137	0.300	0.310	0.298	0.285	0.305	0.295	0.306	0.312	0.303	0.301	0.308	0.284	0.298	0.303	1.992	0.592	0.296	0.195	1.000	-178481.120
1072	8	10000	9249	0.5177	0.275	0.283	0.304	0.302	0.284	0.295	0.300	0.345	0.280	0.290	0.301	0.295	0.301	0.307	2.009	0.591	0.297	0.195	1.000	-177727.328
1073	8	10000	9348	0.5151	0.316	0.315	0.285	0.297	0.298	0.303	0.306	0.275	0.305	0.298	0.311	0.301	0.308	0.295	2.001	0.608	0.296	0.208	1.000	-179284.042
1074	8	10000	9258	0.5125	0.312	0.296	0.308	0.284	0.296	0.307	0.300	0.270	0.309	0.288	0.297	0.295	0.293	0.289	2.007	0.648	0.314	0.204	1.598	-177554.643
1075	8	10000	9259	0.5167	0.307	0.301	0.295	0.294	0.310	0.298	0.298	0.302	0.297	0.300	0.291	0.296	0.294	0.292	1.925	0.591	0.300	0.195	1.000	-178136.438
1076	8	10000	9279	0.5151	0.303	0.307	0.301	0.297	0.294	0.301	0.310	0.289	0.301	0.301	0.292	0.292	0.304	0.303	1.984	0.628	0.320	0.204	1.585	-178975.253
1077	8	10000	9276	0.5139	0.289	0.288	0.296	0.289	0.305	0.304	0.292	0.329	0.300	0.298	0.305	0.302	0.298	0.297	2.020	0.599	0.296	0.199	1.000	-178314.298
1078	8	10000	9260	0.5123	0.307	0.285	0.284	0.297	0.307	0.301	0.295	0.286	0.285	0.294	0.300	0.293	0.288	0.315	1.990	0.606	0.304	0.203	1.000	-177621.748
1079	8	10000	9284	0.5125	0.284	0.303	0.308	0.299	0.305	0.290	0.301	0.332	0.295	0.298	0.315	0.310	0.305	0.300	2.026	0.613	0.322	0.204	1.000	-179651.039
1080	8	10000	9264	0.5110	0.283	0.296	0.296	0.308	0.296	0.305	0.291	0.319	0.297	0.293	0.302	0.307	0.301	0.308	2.009	0.601	0.299	0.201	1.000	-178685.660
1081	8	10000	9268	0.5147	0.376	0.308	0.310	0.307	0.301	0.287	0.296	0.231	0.287	0.291	0.293	0.291	0.295	0.297	2.033	0.602	0.294	0.194	1.006	-177488.079
1082	8	10000	9265	0.5116	0.279	0.280	0.306	0.300	0.299	0.297	0.312	0.326	0.293	0.288	0.308	0.293	0.298	0.296	2.006	0.622	0.292	0.205	1.000	-177898.638
1083	8	10000	9224	0.5128	0.294	0.292	0.308	0.302	0.285	0.297	0.302	0.318	0.295	0.296	0.301	0.294	0.307	0.304	1.952	0.642	0.316	0.199	1.753	-178405.204
1084	8	10000	9304	0.5141	0.307	0.320	0.305	0.298	0.292	0.289	0.307	0.289	0.305	0.295	0.308	0.312	0.296	0.292	1.962	0.599	0.299	0.204	1.000	-179347.626
1085	8	10000	9311	0.5178	0.004	0.306	0.300	0.303	0.310	0.304	0.309	0.605	0.296	0.293	0.302	0.296	0.293	0.311	2.003	0.614	0.317	0.202	1.000	-179463.206
1086	8	10000	9281	0.5126	0.334	0.300	0.300	0.304	0.292	0.302	0.308	0.271	0.302	0.300	0.315	0.299	0.319	0.308	1.996	0.568	0.289	0.194	1.060	-179820.899
1087	8	10000	9299	0.5200	0.332	0.307	0.297	0.293	0.289	0.307	0.314	0.271	0.301	0.291	0.303	0.282	0.290	0.310	1.953	0.642	0.299	0.207	1.088	-178524.229
1088	8	10000	9292	0.5160	0.281	0.297	0.290	0.299	0.296	0.291	0.315	0.331	0.296	0.294	0.304	0.288	0.311	0.298	2.009	0.614	0.298	0.203	1.000	-178648.132
1089	8	10000	9308	0.5137	0.276	0.307	0.294	0.316	0.300	0.302	0.291	0.328	0.311	0.315	0.310	0.296	0.305	0.308	2.069	0.586	0.309	0.197	1.000	-179407.047
1090	8	10000	9238	0.5106	0.273	0.319	0.315	0.292	0.283	0.286	0.296	0.323	0.305	0.291	0.307	0.297	0.309	0.304	1.994	0.594	0.303	0.196	1.000	-178575.883
1091	8	10000	9304	0.5206	0.320	0.295	0.302	0.304	0.291	0.308	0.304	0.284	0.287	0.299	0.286	0.312	0.307	0.298	1.941	0.644	0.314	0.203	1.343	-179003.818
1092	8	10000	9300	0.5189	0.311	0.286	0.288	0.297	0.311	0.298	0.302	0.313	0.309	0.299	0.300	0.294	0.307	0.307	1.973	0.623	0.295	0.203	1.143	-178981.736
1093	8	10000	9296	0.5153	0.315	0.313	0.299	0.291	0.302	0.313	0.296	0.288	0.311	0.306	0.302	0.296	0.310	0.306	2.004	0.602	0.319	0.197	1.000	-179636.289
1094	8	10000	9293	0.5171	0.343	0.298	0.298	0.289	0.300	0.309	0.308	0.259	0.285	0.308	0.302	0.308	0.301	0.319	1.959	0.602	0.291	0.202	1.034	-179575.280
1095	8	10000	9242	0.5128	0.000	0.310	0.284	0.303	0.300	0.311	0.296	0.581	0.285	0.288	0.304	0.303	0.305	0.299	2.000	0.623	0.294	0.206	1.000	-178077.490
1096	8	10000	9312	0.5171	0.305	0.306	0.288	0.300	0.291	0.303	0.310	0.300	0.296	0.298	0.297	0.310	0.298	0.295	1.993	0.610	0.295	0.206	1.065	-178886.279
1097	8	10000	9291	0.5104	0.283	0.283	0.300	0.298	0.291	0.303	0.296	0.301	0.320	0.295	0.296	0.283	0.309	0.310	2.002	0.634	0.317	0.204	1.665	-178207.766
1098	8	10000	9247	0.5189	0.296	0.309	0.297	0.296	0.291	0.293	0.307	0.283	0.282	0.302	0.282	0.295	0.290	0.303	2.007	0.597	0.296	0.203	1.000	-177680.329
1099	8	10000	9276	0.5139	0.334	0.311	0.308	0.292	0.302	0.302	0.304	0.241	0.309	0.303	0.286	0.303	0.291	0.307	1.997	0.618	0.287	0.203	1.215	-178300.511
1100	8	10000	9287	0.5144	0.301	0.308	0.291	0.302	0.295	0.291	0.296	0.306	0.303	0.309	0.297	0.308	0.307	0.298	1.995	0.618	0.298	0.206	1.000	-178922.824
1101	8	10000	9281	0.5150	0.261	0.298	0.287	0.296	0.307	0.298	0.305	0.344	0.291	0.309	0.299	0.303	0.309	0.301	2.009	0.606	0.299	0.199	1.292	-178753.946
1102	8	10000	9363	0.5132	0.299	0.308	0.305	0.312	0.297	0.298	0.311	0.298	0.295	0.300	0.313	0.296	0.310	0.303	2.003	0.574	0.281	0.207	1.000	-179953.709
1103	8	10000	9256	0.5116	0.330	0.299	0.303	0.306	0.305	0.301	0.295	0.249	0.306	0.309	0.296	0.298	0.291	0.301	1.969	0.610	0.308	0.201	1.076	-178688.507
1104	8	10000	9270	0.5125	0.276	0.300	0.290	0.301	0.287	0.290	0.298	0.305	0.284	0.299	0.304	0.307	0.303	0.305	1.979	0.600	0.307	0.203	1.211	-178149.603
1105	8	10000	9240	0.5155	0.276	0.293	0.295	0.297	0.306	0.296	0.297	0.327	0.295	0.292	0.307	0.290	0.297	0.297	2.009	0.617	0.287	0.210	1.000	-178000.959
1106	8	10000	9307	0.5150	0.301	0.295	0.294	0.307	0.292	0.296	0.294	0.320	0.303	0.303	0.298	0.290	0.300	0.308	2.003	0.611	0.304	0.201	1.348	-178538.522
1107	8	10000	9248	0.5134	0.000	0.301	0.301	0.302	0.301	0.308	0.292	0.591	0.305	0.312	0.307	0.303	0.309	0.287	1.941	0.644	0.321	0.204	1.164	-179124.492
1108	8	10000	9273	0.5127	0.312	0.312	0.294	0.301	0.312	0.292	0.298	0.275	0.299	0.322	0.297	0.314	0.301	0.292	1.969	0.588	0.300	0.202	1.000	-179412.690
1109	8	10000	9261	0.5136	0.307	0.296	0.299	0.285	0.300	0.309	0.296	0.316	0.297	0.300	0.291	0.283	0.291	0.293	1.993	0.612	0.287	0.202	1.000	-177617.979
1110	8	10000	9256	0.5151	0.326	0.287	0.307	0.287	0.289	0.290	0.299	0.274	0.311	0.305	0.297	0.303	0.299	0.294	2.012	0.610	0.293	0.196	1.000	-177696.449
1111	8	10000	9290	0.5092	0.324	0.312	0.303	0.311	0.289	0.300	0.293	0.255	0.298	0.298	0.296	0.299	0.303	0.298	1.970	0.589	0.295	0.202	1.000	-178800.944
1112	8	10000	9218	0.5121	0.319	0.303	0.310	0.296	0.295	0.296	0.305	0.274	0.289	0.283	0.291	0.317	0.298	0.299	2.003	0.602	0.303	0.197	1.000	-177859.100
1113	8	10000	9290	0.5133	0.341	0.300	0.298	0.300	0.307	0.312	0.301	0.287	0.305	0.297	0.301	0.288	0.308	0.300	1.988	0.618	0.302	0.207	1.000	-179589.344
1114	8	10000	9297	0.5154	0.297	0.293	0.299	0.314	0.303	0.294	0.287	0.321	0.318	0.315	0.299	0.312	0.299	0.309	1.987	0.602	0.303	0.193	1.000	-179021.505
1115	8	10000	9275	0.5095	0.264	0.299	0.302	0.298	0.300	0.297	0.307	0.328	0.306	0.314	0.299	0.305	0.291	0.299	1.974	0.621	0.313	0.200	1.000	-178727.686
1116	8	10000	9320	0.5169	0.341	0.299	0.288	0.298	0.309	0.298	0.293	0.274	0.307	0.298	0.300	0.301	0.307	0.307	1.983	0.626	0.291	0.210	1.379	-179158.365
1117	8	10000	9289	0.5120	0.289	0.281	0.304	0.300	0.297	0.296	0.295	0.313	0.313	0.298	0.284	0.298	0.302	0.298	1.978	0.620	0.309	0.206	1.000	-178312.873
1118	8	10000	9255	0.5153	0.263	0.301	0.298	0.304	0.296	0.304	0.305	0.339	0.307	0.304	0.296	0.302	0.298	0.291	2.000	0.604	0.300	0.202	1.103	-178947.404
1119	8	10000	9308	0.5146	0.225	0.307	0.300	0.308	0.305	0.304	0.298	0.372	0.289	0.300	0.305	0.290	0.307	0.309	1.995	0.603	0.299	0.207	1.000	-179542.601
1120	8	10000	9243	0.5137	0.290	0.292	0.301	0.304	0.293	0.302	0.298	0.292	0.303	0.302	0.301	0.304	0.283	0.307	2.013	0.594	0.297	0.199	1.049	-178154.619
1121	8	10000	9253	0.5173	0.291	0.309	0.295	0.299	0.285	0.305	0.309	0.313	0.301	0.298	0.298	0.287	0.292	0.294	1.948	0.626	0.292	0.197	1.508	-178027.948
1122	8	10000	9296	0.5168	0.305	0.290	0.290	0.298	0.311	0.298	0.297	0.278	0.307	0.292	0.302	0.312	0.307	0.296	1.975	0.599	0.286	0.200	1.000	-178316.762
1123	8	10000	9288	0.5158	0.294	0.291	0.292	0.307	0.316	0.294	0.312	0.293	0.305	0.299	0.321	0.322	0.304	0.305	1.975	0.592	0.302	0.198	1.021	-179880.432
1124	8	10000	9271	0.5152	0.605	0.291	0.306	0.307	0.303	0.287	0.310	0.002	0.288	0.286	0.311	0.314	0.299	0.299	2.016	0.598	0.296	0.196	1.000	-178557.890
1125	8	10000	9303	0.5158	0.314	0.304	0.316	0.300	0.307	0.296	0.309	0.274	0.299	0.308	0.316	0.307	0.294	0.300	1.945	0.591	0.308	0.196	1.000	-179998.559
1126	8	10000	9261	0.5113	0.282	0.313	0.298	0.294	0.288	0.297	0.283	0.311	0.303	0.308	0.293	0.302	0.297	0.300	1.969	0.638	0.308	0.204	1.000	-177988.158
1127	8	10000	9277	0.5127	0.320	0.283	0.303	0.311	0.293	0.317	0.299	0.270	0.280	0.282	0.307	0.305	0.288	0.299	2.006	0.627	0.307	0.204	1.000	-177872.893
1128	8	10000	9273	0.5159	0.301	0.297	0.298	0.287	0.304	0.299	0.313	0.296	0.310	0.303	0.305	0.295	0.300	0.302	1.984	0.605	0.298	0.199	1.041	-178901.327
1129	8	10000	9251	0.5141	0.311	0.292	0.296	0.294	0.299	0.299	0.292	0.304	0.298	0.298	0.306	0.298	0.297	0.305	1.986	0.596	0.304	0.197	1.024	-178396.545
1130	8	10000	9297	0.5133	0.317	0.304	0.314	0.296	0.307	0.291	0.308	0.319	0.306	0.299	0.305	0.296	0.309	0.307	1.960	0.595	0.296	0.199	1.000	-179735.420
1131	8	10000	9271	0.5163	0.301	0.309	0.296	0.285	0.302	0.294	0.287	0.324	0.295	0.308	0.295	0.292	0.313	0.290	1.976	0.607	0.312	0.197	1.048	-178608.478
1132	8	10000	9246	0.5127	0.297	0.299	0.311	0.300	0.291	0.291	0.293	0.307	0.285	0.299	0.307	0.301	0.296	0.303	2.014	0.597	0.309	0.191	1.136	-178058.049
1133	8	10000	9290	0.5115	0.302	0.310	0.291	0.293	0.309	0.301	0.296	0.284	0.305	0.302	0.297	0.294	0.307	0.311	1.983	0.623	0.293	0.205	1.097	-178693.597
1134	8	10000	9271	0.5142	0.277	0.292	0.301	0.298	0.287	0.307	0.293	0.330	0.308	0.297	0.289	0.283	0.290	0.298	1.960	0.625	0.323	0.201	1.201	-177904.989
1135	8	10000	9254	0.5156	0.344	0.304	0.302	0.301	0.289	0.304	0.293	0.256	0.300	0.296	0.291	0.299	0.305	0.289	1.991	0.610	0.299	0.200	1.170	-177985.643
1136	8	10000	9215	0.5118	0.331	0.276	0.294	0.302	0.284	0.301	0.296	0.263	0.304	0.298	0.294	0.292	0.296	0.284	2.036	0.624	0.300	0.199	1.000	-176430.759
1137	8	10000	9252	0.5142	0.329	0.305	0.297	0.311	0.302	0.298	0.299	0.271	0.281	0.302	0.290	0.289	0.311	0.300	1.998	0.563	0.294	0.194	1.000	-178550.660
1138	8	10000	9203	0.5102	0.248	0.306	0.293	0.298	0.274	0.306	0.287	0.338	0.308	0.309	0.293	0.289	0.295	0.293	2.012	0.605	0.297	0.202	1.000	-177504.719
1139	8	10000	9300	0.5139	0.291	0.309	0.301	0.301	0.303	0.294	0.298	0.309	0.289	0.310	0.311	0.305	0.323	0.297	2.003	0.581	0.295	0.201	1.000	-179669.878
1140	8	10000	9255	0.5131	0.283	0.297	0.301	0.277	0.299	0.303	0.300	0.318	0.298	0.289	0.307	0.297	0.301	0.289	1.983	0.620	0.300	0.207	1.000	-177979.663
1141	8	10000	9238	0.5115	0.281	0.290	0.296	0.313	0.286	0.300	0.305	0.342	0.295	0.294	0.284	0.300	0.300	0.299	2.009	0.608	0.309	0.196	1.000	-177872.135
1142	8	10000	9283	0.5160	0.307	0.295	0.302	0.292	0.314	0.291	0.313	0.285	0.310	0.298	0.298	0.297	0.292	0.289	1.988	0.612	0.301	0.201	1.178	-178376.541
1143	8	10000	9265	0.5138	0.306	0.288	0.313	0.290	0.298	0.295	0.312	0.309	0.283	0.297	0.298	0.316	0.298	0.297	1.961	0.574	0.288	0.196	1.009	-178671.705
1144	8	10000	9304	0.5145	0.323	0.307	0.287	0.301	0.301	0.298	0.302	0.283	0.304	0.310	0.303	0.284	0.315	0.290	1.987	0.624	0.318	0.206	1.515	-179353.182
1145	8	10000	9268	0.5123	0.296	0.301	0.298	0.299	0.293	0.290	0.315	0.294	0.295	0.292	0.300	0.299	0.319	0.291	2.002	0.593	0.293	0.198	1.023	-178119.609
1146	8	10000	9248	0.5118	0.276	0.306	0.297	0.301	0.303	0.298	0.306	0.309	0.300	0.296	0.322	0.322	0.291	0.301	2.014	0.607	0.316	0.190	1.004	-178721.065
1147	8	10000	9279	0.5117	0.276	0.311	0.294	0.300	0.282	0.300	0.293	0.304	0.297	0.313	0.308	0.304	0.303	0.304	1.989	0.615	0.310	0.198	1.128	-178558.796
1148	8	10000	9249	0.5130	0.332	0.305	0.293	0.297	0.290	0.289	0.312	0.284	0.304	0.300	0.293	0.298	0.289	0.299	1.974	0.612	0.314	0.197	1.102	-178036.566
1149	8	10000	9301	0.5181	0.271	0.294	0.306	0.293	0.299	0.299	0.297	0.321	0.288	0.291	0.297	0.311	0.304	0.303	2.024	0.617	0.295	0.204	1.000	-178055.020
1150	8	10000	9283	0.5106	0.304	0.313	0.288	0.290	0.301	0.306	0.298	0.288	0.289	0.311	0.303	0.292	0.296	0.298	1.987	0.602	0.311	0.196	1.074	-178127.423
1151	8	10000	9225	0.5142	0.315	0.300	0.306	0.301	0.291	0.293	0.291	0.271	0.301	0.300	0.295	0.299	0.310	0.296	1.993	0.626	0.307	0.203	1.324	-178062.558
1152	8	10000	9232	0.5164	0.324	0.297	0.292	0.311	0.296	0.293	0.301	0.273	0.297	0.296	0.301	0.298	0.316	0.283	1.991	0.615	0.306	0.197	1.028	-178153.846
1153	8	10000	9246	0.5129	0.286	0.297	0.295	0.307	0.321	0.295	0.295	0.293	0.306	0.304	0.291	0.293	0.310	0.297	1.989	0.596	0.299	0.196	1.027	-178270.238
1154	8	10000	9261	0.5139	0.345	0.292	0.320	0.299	0.292	0.295	0.284	0.261	0.319	0.289	0.291	0.285	0.290	0.302	2.005	0.612	0.303	0.204	1.343	-178067.140
1155	8	10000	9303	0.5121	0.326	0.313	0.298	0.300	0.309	0.305	0.296	0.265	0.326	0.299	0.293	0.304	0.300	0.310	2.048	0.590	0.312	0.204	1.172	-179661.854
1156	8	10000	9221	0.5139	0.312	0.284	0.302	0.293	0.305	0.298	0.298	0.285	0.284	0.312	0.296	0.291	0.303	0.303	2.013	0.597	0.296	0.199	1.000	-178075.821
1157	8	10000	9265	0.5143	0.322	0.311	0.298	0.292	0.314	0.292	0.296	0.283	0.307	0.298	0.311	0.297	0.310	0.296	2.001	0.605	0.315	0.196	1.215	-178889.102
1158	8	10000	9303	0.5112	0.305	0.298	0.304	0.305	0.315	0.296	0.304	0.288	0.296	0.304	0.286	0.280	0.308	0.297	1.982	0.606	0.295	0.206	1.000	-178632.890
1159	8	10000	9285	0.5116	0.313	0.306	0.282	0.301	0.290	0.293	0.303	0.288	0.305	0.297	0.301	0.313	0.313	0.299	1.979	0.589	0.298	0.197	1.000	-178801.719
1160	8	10000	9248	0.5145	0.326	0.296	0.297	0.303	0.298	0.308	0.306	0.294	0.295	0.296	0.311	0.307	0.307	0.290	1.972	0.627	0.319	0.204	1.322	-179419.010
1161	8	10000	9271	0.5104	0.344	0.294	0.296	0.302	0.298	0.293	0.304	0.257	0.302	0.311	0.296	0.307	0.309	0.301	2.025	0.579	0.306	0.196	1.006	-178759.409
1162	8	10000	9244	0.5153	0.301	0.294	0.292	0.301	0.299	0.305	0.288	0.297	0.291	0.302	0.309	0.303	0.293	0.307	2.023	0.591	0.313	0.201	1.000	-178443.630
1163	8	10000	9271	0.5086	0.274	0.302	0.301	0.301	0.308	0.290	0.299	0.320	0.292	0.305	0.301	0.287	0.310	0.296	1.969	0.595	0.285	0.200	1.000	-178197.534
1164	8	10000	9245	0.5158	0.344	0.287	0.304	0.303	0.325	0.300	0.301	0.286	0.273	0.297	0.297	0.305	0.299	0.289	2.002	0.628	0.316	0.201	1.508	-178640.223
1165	8	10000	9277	0.5081	0.337	0.291	0.310	0.300	0.295	0.309	0.313	0.276	0.307	0.307	0.303	0.295	0.301	0.296	2.033	0.608	0.311	0.203	1.123	-179483.607
1166	8	10000	9263	0.5106	0.303	0.278	0.303	0.295	0.317	0.301	0.298	0.294	0.292	0.314	0.301	0.291	0.307	0.288	1.990	0.607	0.306	0.200	1.000	-178282.214
1167	8	10000	9271	0.5113	0.277	0.301	0.296	0.286	0.307	0.296	0.295	0.295	0.330	0.295	0.297	0.288	0.298	0.317	1.999	0.598	0.291	0.203	1.000	-178410.261
1168	8	10000	9260	0.5136	0.268	0.309	0.312	0.294	0.300	0.302	0.298	0.325	0.299	0.287	0.294	0.304	0.304	0.312	1.973	0.572	0.284	0.197	1.000	-178872.504
1169	8	10000	9307	0.5128	0.284	0.321	0.302	0.303	0.300	0.306	0.312	0.315	0.298	0.290	0.307	0.304	0.297	0.316	1.987	0.585	0.301	0.200	1.102	-179846.454
1170	8	10000	9228	0.5171	0.261	0.292	0.286	0.305	0.308	0.294	0.284	0.328	0.293	0.300	0.276	0.290	0.305	0.294	2.029	0.608	0.292	0.200	1.000	-176797.672
1171	8	10000	9237	0.5109	0.326	0.293	0.298	0.293	0.297	0.300	0.306	0.261	0.285	0.285	0.320	0.313	0.285	0.294	1.976	0.565	0.309	0.191	1.000	-178081.575
1172	8	10000	9267	0.5109	0.299	0.301	0.304	0.286	0.299	0.296	0.300	0.312	0.308	0.310	0.299	0.298	0.307	0.296	2.008	0.604	0.290	0.201	1.340	-178645.793
1173	8	10000	9282	0.5162	0.333	0.296	0.296	0.303	0.293	0.301	0.294	0.264	0.310	0.303	0.308	0.292	0.292	0.303	2.000	0.615	0.308	0.209	1.000	-178811.280
1174	8	10000	9317	0.5101	0.311	0.294	0.294	0.302	0.308	0.314	0.303	0.314	0.305	0.296	0.295	0.312	0.298	0.308	2.047	0.614	0.317	0.200	1.253	-179302.558
1175	8	10000	9296	0.5187	0.307	0.302	0.319	0.292	0.295	0.299	0.311	0.275	0.295	0.296	0.306	0.308	0.293	0.292	1.999	0.571	0.288	0.196	1.000	-178901.119
1176	8	10000	9234	0.5118	0.300	0.302	0.293	0.299	0.297	0.302	0.300	0.301	0.294	0.298	0.308	0.290	0.302	0.289	2.000	0.643	0.316	0.201	1.145	-177807.524
1177	8	10000	9302	0.5134	0.292	0.308	0.299	0.303	0.299	0.313	0.292	0.310	0.286	0.301	0.296	0.309	0.293	0.306	1.997	0.565	0.284	0.193	1.000	-178724.646
1178	8	10000	9314	0.5097	0.326	0.303	0.283	0.310	0.284	0.300	0.304	0.269	0.301	0.311	0.299	0.308	0.304	0.298	1.959	0.622	0.317	0.205	1.465	-179105.760
1179	8	10000	9277	0.5134	0.271	0.287	0.304	0.295	0.298	0.297	0.281	0.329	0.288	0.300	0.311	0.307	0.300	0.291	2.022	0.619	0.322	0.197	1.000	-178003.735
1180	8	10000	9316	0.5155	0.300	0.303	0.307	0.297	0.305	0.305	0.308	0.331	0.299	0.308	0.299	0.302	0.302	0.298	1.960	0.616	0.324	0.203	1.341	-180110.452
1181	8	10000	9208	0.5149	0.299	0.290	0.282	0.301	0.319	0.289	0.297	0.275	0.301	0.294	0.296	0.301	0.283	0.295	1.981	0.605	0.312	0.195	1.000	-177107.233
1182	8	10000	9304	0.5132	0.312	0.296	0.291	0.294	0.294	0.292	0.313	0.279	0.291	0.303	0.312	0.305	0.302	0.297	1.980	0.602	0.300	0.204	1.000	-178471.450
1183	8	10000	9238	0.5116	0.291	0.303	0.303	0.286	0.297	0.295	0.291	0.303	0.318	0.299	0.299	0.291	0.293	0.294	1.960	0.632	0.315	0.202	1.278	-177786.416
1184	8	10000	9281	0.5165	0.283	0.304	0.309	0.292	0.286	0.293	0.303	0.303	0.307	0.303	0.308	0.297	0.304	0.306	2.023	0.573	0.279	0.195	1.077	-178480.893
1185	8	10000	9295	0.5156	0.281	0.300	0.312	0.292	0.301	0.293	0.304	0.331	0.295	0.295	0.292	0.310	0.313	0.300	1.986	0.608	0.311	0.202	1.000	-179161.971
1186	8	10000	9273	0.5175	0.284	0.294	0.303	0.303	0.306	0.295	0.302	0.311	0.320	0.299	0.303	0.291	0.308	0.302	2.002	0.596	0.296	0.197	1.000	-179000.018
1187	8	10000	9264	0.5171	0.308	0.307	0.293	0.307	0.284	0.302	0.300	0.308	0.306	0.308	0.292	0.300	0.295	0.294	2.008	0.623	0.317	0.201	1.351	-178792.279
1188	8	10000	9235	0.5139	0.301	0.312	0.306	0.303	0.280	0.291	0.301	0.294	0.301	0.317	0.295	0.296	0.325	0.305	1.952	0.605	0.315	0.195	1.000	-179338.999
1189	8	10000	9288	0.5157	0.000	0.304	0.311	0.305	0.301	0.301	0.306	0.582	0.311	0.297	0.304	0.302	0.302	0.293	2.015	0.579	0.291	0.198	1.000	-179112.716
1190	8	10000	9242	0.5102	0.274	0.293	0.294	0.290	0.301	0.287	0.297	0.336	0.302	0.284	0.308	0.297	0.296	0.287	2.008	0.634	0.303	0.199	1.480	-176816.579
1191	8	10000	9272	0.5102	0.296	0.307	0.308	0.302	0.300	0.295	0.303	0.304	0.301	0.297	0.298	0.308	0.299	0.304	2.019	0.603	0.304	0.204	1.000	-179038.075
1192	8	10000	9264	0.5130	0.286	0.300	0.307	0.297	0.297	0.297	0.310	0.303	0.311	0.307	0.287	0.297	0.309	0.302	2.024	0.615	0.305	0.204	1.578	-179096.376
1193	8	10000	9304	0.5161	0.308	0.291	0.296	0.316	0.304	0.299	0.292	0.311	0.291	0.304	0.286	0.305	0.306	0.304	2.005	0.592	0.304	0.207	1.134	-179470.184
1194	8	10000	9270	0.5129	0.308	0.300	0.297	0.308	0.288	0.309	0.292	0.298	0.302	0.304	0.301	0.306	0.319	0.297	1.989	0.630	0.317	0.199	1.312	-179258.120
1195	8	10000	9278	0.5144	0.317	0.291	0.321	0.296	0.308	0.288	0.301	0.283	0.297	0.307	0.302	0.306	0.304	0.298	2.014	0.610	0.296	0.202	1.106	-178888.445
1196	8	10000	9246	0.5115	0.104	0.276	0.305	0.297	0.313	0.290	0.293	0.481	0.312	0.298	0.293	0.304	0.290	0.309	1.957	0.612	0.315	0.199	1.000	-178015.621
1197	8	10000	9295	0.5154	0.310	0.311	0.313	0.316	0.284	0.300	0.304	0.321	0.312	0.313	0.307	0.299	0.301	0.295	2.023	0.593	0.326	0.195	1.000	-180428.830
1198	8	10000	9252	0.5149	0.269	0.305	0.302	0.294	0.305	0.293	0.304	0.340	0.294	0.292	0.309	0.295	0.301	0.295	2.012	0.604	0.308	0.195	1.340	-178273.783
1199	8	10000	9286	0.5155	0.314	0.297	0.284	0.314	0.307	0.296	0.295	0.282	0.306	0.304	0.303	0.306	0.303	0.304	2.014	0.578	0.295	0.193	1.000	-178738.368
1200	8	10000	9253	0.5104	0.308	0.295	0.309	0.298	0.295	0.296	0.307	0.286	0.311	0.282	0.306	0.289	0.314	0.299	2.033	0.607	0.313	0.199	1.198	-178763.903
1201	8	10000	9286	0.5143	0.288	0.303	0.287	0.313	0.306	0.308	0.299	0.305	0.306	0.287	0.304	0.299	0.288	0.311	1.979	0.598	0.316	0.197	1.000	-179080.366
1202	8	10000	9272	0.5164	0.271	0.295	0.293	0.298	0.294	0.308	0.304	0.317	0.303	0.292	0.312	0.300	0.297	0.301	1.986	0.596	0.297	0.204	1.088	-178634.389
1203	8	10000	9315	0.5124	0.270	0.311	0.304	0.314	0.299	0.297	0.300	0.316	0.309	0.297	0.306	0.295	0.298	0.297	1.954	0.597	0.295	0.201	1.000	-179173.042
1204	8	10000	9229	0.5172	0.292	0.293	0.313	0.293	0.282	0.295	0.295	0.307	0.313	0.309	0.298	0.284	0.300	0.298	1.954	0.619	0.305	0.197	1.100	-177987.621
1205	8	10000	9289	0.5123	0.332	0.312	0.312	0.289	0.309	0.293	0.305	0.289	0.307	0.300	0.306	0.307	0.304	0.303	1.976	0.597	0.306	0.195	1.000	-179595.856
1206	8	10000	9250	0.5173	0.325	0.311	0.296	0.311	0.299	0.314	0.295	0.280	0.284	0.309	0.301	0.305	0.302	0.305	2.013	0.617	0.323	0.193	1.000	-179267.285
1207	8	10000	9271	0.5116	0.347	0.306	0.297	0.303	0.285	0.299	0.302	0.279	0.300	0.286	0.311	0.296	0.300	0.304	2.057	0.615	0.308	0.203	1.087	-178619.710
1208	8	10000	9243	0.5157	0.331	0.319	0.300	0.293	0.295	0.300	0.304	0.265	0.309	0.297	0.301	0.303	0.308	0.306	1.975	0.598	0.311	0.194	1.000	-179081.732
1209	8	10000	9247	0.5140	0.306	0.295	0.293	0.306	0.297	0.308	0.292	0.287	0.312	0.309	0.303	0.302	0.288	0.299	1.995	0.598	0.298	0.198	1.000	-178560.445
1210	8	10000	9238	0.5129	0.478	0.283	0.303	0.288	0.312	0.301	0.292	0.122	0.298	0.294	0.292	0.301	0.300	0.298	2.017	0.598	0.302	0.199	1.000	-177836.181
1211	8	10000	9292	0.5136	0.308	0.306	0.296	0.290	0.302	0.308	0.301	0.301	0.294	0.295	0.308	0.289	0.300	0.293	1.987	0.602	0.304	0.199	1.000	-178510.373
1212	8	10000	9260	0.5162	0.333	0.308	0.299	0.283	0.294	0.302	0.309	0.288	0.307	0.308	0.288	0.284	0.298	0.303	2.030	0.584	0.303	0.199	1.109	-178621.648
1213	8	10000	9291	0.5114	0.288	0.311	0.301	0.300	0.297	0.299	0.298	0.300	0.321	0.298	0.291	0.289	0.298	0.309	1.981	0.615	0.296	0.205	1.000	-178880.626
1214	8	10000	9258	0.5166	0.274	0.289	0.295	0.285	0.315	0.294	0.297	0.306	0.287	0.289	0.295	0.296	0.288	0.292	2.002	0.626	0.304	0.202	1.237	-176701.056
1215	8	10000	9280	0.5117	0.285	0.313	0.290	0.300	0.285	0.308	0.302	0.324	0.287	0.301	0.300	0.288	0.295	0.290	1.975	0.608	0.302	0.197	1.000	-177960.151
1216	8	10000	9262	0.5158	0.337	0.294	0.312	0.306	0.303	0.298	0.293	0.274	0.285	0.303	0.302	0.299	0.296	0.300	2.054	0.612	0.301	0.197	1.000	-178135.000
1217	8	10000	9272	0.5150	0.617	0.316	0.306	0.301	0.296	0.298	0.302	0.000	0.302	0.290	0.296	0.304	0.298	0.293	2.007	0.621	0.313	0.202	1.161	-178709.573
1218	8	10000	9279	0.5149	0.281	0.300	0.297	0.295	0.292	0.298	0.291	0.328	0.287	0.316	0.303	0.289	0.308	0.290	1.994	0.582	0.285	0.200	1.152	-178368.978
1219	8	10000	9261	0.5158	0.298	0.287	0.303	0.288	0.306	0.311	0.289	0.300	0.305	0.308	0.302	0.312	0.289	0.303	1.999	0.588	0.310	0.199	1.000	-179053.211
1220	8	10000	9281	0.5155	0.264	0.300	0.280	0.318	0.300	0.304	0.298	0.318	0.297	0.306	0.290	0.308	0.304	0.296	1.976	0.600	0.292	0.206	1.000	-178690.766
1221	8	10000	9301	0.5123	0.319	0.310	0.297	0.310	0.297	0.309	0.302	0.265	0.295	0.307	0.277	0.303	0.310	0.291	1.982	0.620	0.306	0.200	1.148	-178656.885
1222	8	10000	9289	0.5165	0.327	0.296	0.293	0.279	0.309	0.301	0.307	0.274	0.300	0.297	0.307	0.305	0.300	0.282	2.001	0.621	0.295	0.206	1.000	-178024.835
1223	8	10000	9296	0.5140	0.308	0.291	0.313	0.292	0.305	0.299	0.296	0.297	0.309	0.310	0.302	0.288	0.288	0.323	1.978	0.626	0.325	0.199	1.685	-179167.698
1224	8	10000	9243	0.5113	0.331	0.305	0.306	0.305	0.294	0.294	0.297	0.274	0.282	0.301	0.296	0.291	0.304	0.298	1.987	0.611	0.300	0.199	1.198	-178197.936
1225	8	10000	9286	0.5123	0.316	0.294	0.295	0.316	0.302	0.304	0.290	0.299	0.300	0.305	0.308	0.297	0.292	0.297	1.995	0.593	0.307	0.201	1.165	-179211.301
1226	8	10000	9251	0.5107	0.294	0.296	0.299	0.304	0.302	0.290	0.305	0.297	0.301	0.294	0.300	0.300	0.312	0.287	1.983	0.612	0.294	0.196	1.000	-177779.422
1227	8	10000	9299	0.5142	0.311	0.307	0.299	0.310	0.298	0.304	0.306	0.289	0.289	0.305	0.305	0.307	0.313	0.301	1.999	0.608	0.314	0.198	1.026	-179344.864
1228	8	10000	9221	0.5159	0.330	0.309	0.302	0.294	0.303	0.309	0.313	0.268	0.296	0.304	0.292	0.296	0.292	0.295	1.991	0.590	0.282	0.196	1.000	-178099.888
1229	8	10000	9309	0.5143	0.324	0.312	0.292	0.304	0.310	0.297	0.307	0.287	0.297	0.293	0.295	0.306	0.300	0.295	2.037	0.598	0.313	0.198	1.000	-178887.176
1230	8	10000	9315	0.5153	0.286	0.287	0.305	0.306	0.301	0.301	0.308	0.335	0.290	0.306	0.302	0.311	0.294	0.305	2.017	0.624	0.315	0.204	1.000	-179397.530
1231	8	10000	9239	0.5092	0.299	0.315	0.304	0.293	0.283	0.309	0.291	0.290	0.302	0.295	0.303	0.300	0.308	0.304	1.965	0.572	0.295	0.189	1.000	-178414.203
1232	8	10000	9267	0.5144	0.318	0.313	0.306	0.286	0.290	0.301	0.304	0.292	0.294	0.299	0.296	0.302	0.298	0.314	2.057	0.589	0.300	0.200	1.000	-178722.547
1233	8	10000	9224	0.5135	0.253	0.299	0.299	0.300	0.306	0.287	0.308	0.349	0.296	0.302	0.303	0.275	0.304	0.303	1.977	0.635	0.323	0.195	1.893	-178067.331
1234	8	10000	9256	0.5115	0.300	0.295	0.293	0.300	0.305	0.302	0.291	0.321	0.296	0.304	0.293	0.291	0.290	0.303	1.976	0.644	0.317	0.202	1.246	-178177.145
1235	8	10000	9259	0.5117	0.299	0.294	0.296	0.301	0.316	0.295	0.309	0.316	0.290	0.298	0.295	0.305	0.298	0.304	2.014	0.616	0.308	0.202	1.055	-178614.202
1236	8	10000	9216	0.5163	0.271	0.294	0.306	0.290	0.295	0.302	0.296	0.322	0.292	0.302	0.291	0.308	0.311	0.304	1.959	0.603	0.312	0.199	1.127	-178690.471
1237	8	10000	9282	0.5102	0.316	0.311	0.292	0.307	0.292	0.297	0.294	0.288	0.281	0.296	0.289	0.295	0.297	0.314	1.994	0.619	0.285	0.212	1.000	-178034.439
1238	8	10000	9283	0.5112	0.317	0.297	0.311	0.292	0.303	0.305	0.310	0.285	0.305	0.299	0.302	0.307	0.302	0.305	1.991	0.595	0.298	0.203	1.118	-179485.010
1239	8	10000	9314	0.5144	0.000	0.301	0.310	0.308	0.306	0.297	0.300	0.625	0.302	0.309	0.297	0.299	0.304	0.301	1.993	0.636	0.310	0.200	1.109	-179259.548
1240	8	10000	9296	0.5116	0.299	0.294	0.303	0.310	0.299	0.302	0.297	0.303	0.302	0.307	0.308	0.290	0.319	0.311	1.996	0.577	0.317	0.193	1.000	-179768.767
1241	8	10000	9273	0.5138	0.269	0.309	0.305	0.302	0.281	0.310	0.297	0.328	0.303	0.313	0.298	0.311	0.306	0.299	1.980	0.605	0.310	0.200	1.164	-179367.790
1242	8	10000	9230	0.5139	0.270	0.296	0.295	0.308	0.295	0.293	0.307	0.318	0.297	0.290	0.308	0.306	0.305	0.291	2.020	0.599	0.304	0.196	1.030	-177977.688
1243	8	10000	9332	0.5159	0.322	0.301	0.304	0.290	0.307	0.311	0.308	0.300	0.303	0.303	0.318	0.303	0.309	0.293	2.014	0.591	0.308	0.195	1.000	-180092.659
1244	8	10000	9268	0.5104	0.291	0.316	0.311	0.301	0.294	0.312	0.289	0.305	0.291	0.306	0.287	0.300	0.291	0.296	2.002	0.606	0.298	0.198	1.000	-178255.067
1245	8	10000	9247	0.5110	0.267	0.295	0.296	0.304	0.287	0.292	0.308	0.335	0.300	0.308	0.310	0.285	0.299	0.307	2.003	0.589	0.291	0.202	1.000	-178809.738
1246	8	10000	9260	0.5118	0.316	0.299	0.296	0.305	0.302	0.300	0.301	0.304	0.285	0.307	0.292	0.290	0.306	0.305	1.974	0.610	0.297	0.200	1.000	-178732.006
1247	8	10000	9244	0.5127	0.283	0.297	0.296	0.306	0.298	0.296	0.294	0.298	0.291	0.303	0.292	0.313	0.299	0.282	2.000	0.589	0.290	0.199	1.000	-177796.009
1248	8	10000	9251	0.5126	0.274	0.298	0.307	0.304	0.294	0.300	0.300	0.304	0.306	0.295	0.297	0.304	0.295	0.313	1.992	0.590	0.313	0.194	1.000	-178652.043
1249	8	10000	9302	0.5124	0.311	0.309	0.313	0.298	0.303	0.306	0.297	0.319	0.309	0.298	0.300	0.294	0.308	0.293	2.021	0.618	0.326	0.204	1.498	-179798.073
1250	8	10000	9256	0.5146	0.288	0.298	0.305	0.297	0.296	0.294	0.310	0.313	0.288	0.315	0.299	0.303	0.294	0.298	2.005	0.634	0.311	0.204	1.000	-178556.946
1251	8	10000	9237	0.5118	0.313	0.302	0.307	0.297	0.290	0.289	0.311	0.272	0.298	0.295	0.284	0.290	0.298	0.292	1.956	0.602	0.291	0.199	1.000	-177591.871
1252	8	10000	9291	0.5149	0.298	0.303	0.287	0.302	0.311	0.302	0.302	0.317	0.296	0.306	0.304	0.301	0.286	0.311	1.953	0.624	0.314	0.201	1.310	-179060.231
1253	8	10000	9278	0.5158	0.291	0.302	0.312	0.294	0.293	0.303	0.285	0.292	0.307	0.298	0.311	0.299	0.314	0.290	1.975	0.582	0.295	0.195	1.000	-178511.556
1254	8	10000	9257	0.5171	0.294	0.306	0.297	0.295	0.289	0.299	0.292	0.315	0.293	0.311	0.299	0.298	0.306	0.289	1.999	0.603	0.300	0.202	1.058	-178442.031
1255	8	10000	9285	0.5113	0.345	0.296	0.303	0.291	0.301	0.296	0.301	0.258	0.295	0.298	0.299	0.288	0.307	0.303	1.972	0.608	0.289	0.202	1.028	-178227.051
1256	8	10000	9279	0.5145	0.291	0.302	0.298	0.292	0.308	0.293	0.301	0.335	0.311	0.303	0.309	0.289	0.315	0.290	1.998	0.622	0.297	0.202	1.000	-178869.244
1257	8	10000	9309	0.5113	0.285	0.304	0.302	0.314	0.320	0.295	0.298	0.317	0.310	0.287	0.302	0.308	0.299	0.300	2.003	0.591	0.304	0.205	1.008	-179732.983
1258	8	10000	9284	0.5130	0.571	0.304	0.305	0.296	0.300	0.303	0.306	0.033	0.308	0.288	0.299	0.301	0.295	0.287	2.014	0.601	0.296	0.202	1.000	-178433.364
1259	8	10000	9278	0.5139	0.321	0.291	0.299	0.296	0.315	0.300	0.300	0.292	0.286	0.295	0.298	0.304	0.299	0.312	2.045	0.637	0.314	0.205	1.790	-178667.846
1260	8	10000	9246	0.5134	0.261	0.288	0.300	0.303	0.305	0.294	0.288	0.343	0.308	0.296	0.303	0.302	0.291	0.282	1.986	0.594	0.288	0.201	1.000	-177829.136
1261	8	10000	9270	0.5130	0.271	0.309	0.305	0.312	0.299	0.302	0.294	0.323	0.305	0.298	0.296	0.292	0.298	0.302	1.963	0.619	0.303	0.202	1.476	-178755.015
1262	8	10000	9253	0.5136	0.249	0.294	0.305	0.295	0.314	0.293	0.293	0.333	0.306	0.295	0.294	0.295	0.309	0.302	1.981	0.585	0.290	0.192	1.000	-177897.497
1263	8	10000	9296	0.5119	0.350	0.291	0.288	0.301	0.306	0.293	0.307	0.266	0.307	0.300	0.289	0.301	0.304	0.309	2.072	0.599	0.291	0.199	1.045	-178353.648
1264	8	10000	9282	0.5111	0.291	0.306	0.286	0.298	0.315	0.315	0.300	0.310	0.314	0.298	0.305	0.300	0.302	0.306	2.007	0.597	0.306	0.198	1.000	-179430.116
1265	8	10000	9246	0.5105	0.262	0.297	0.293	0.312	0.297	0.294	0.302	0.329	0.287	0.289	0.314	0.305	0.294	0.287	1.984	0.593	0.293	0.200	1.000	-178031.141
1266	8	10000	9256	0.5154	0.296	0.306	0.298	0.291	0.304	0.290	0.303	0.283	0.322	0.295	0.285	0.295	0.313	0.289	2.008	0.581	0.310	0.194	1.000	-178146.519
1267	8	10000	9280	0.5111	0.350	0.300	0.305	0.308	0.299	0.309	0.296	0.265	0.301	0.305	0.306	0.297	0.301	0.298	2.071	0.605	0.290	0.205	1.000	-179178.681
1268	8	10000	9267	0.5126	0.288	0.293	0.300	0.297	0.297	0.295	0.305	0.325	0.296	0.291	0.306	0.302	0.290	0.303	1.990	0.619	0.313	0.197	1.192	-178087.749
1269	8	10000	9268	0.5141	0.296	0.303	0.298	0.289	0.295	0.308	0.304	0.309	0.305	0.297	0.278	0.292	0.306	0.280	2.013	0.645	0.297	0.201	1.281	-177425.993
1270	8	10000	9276	0.5145	0.318	0.303	0.283	0.299	0.305	0.295	0.293	0.292	0.292	0.300	0.293	0.305	0.299	0.294	1.990	0.604	0.314	0.197	1.174	-178119.108
1271	8	10000	9286	0.5143	0.277	0.295	0.288	0.304	0.302	0.310	0.290	0.345	0.299	0.302	0.292	0.297	0.317	0.293	1.974	0.629	0.294	0.204	1.000	-178540.861
1272	8	10000	9251	0.5126	0.265	0.300	0.302	0.291	0.301	0.300	0.300	0.330	0.307	0.302	0.292	0.283	0.287	0.303	2.033	0.622	0.292	0.205	1.232	-177556.526
1273	8	10000	9286	0.5152	0.166	0.297	0.298	0.302	0.306	0.299	0.302	0.447	0.298	0.299	0.293	0.303	0.329	0.303	2.017	0.603	0.308	0.200	1.000	-179325.849
1274	8	10000	9309	0.5144	0.309	0.303	0.300	0.310	0.314	0.287	0.300	0.293	0.309	0.304	0.307	0.290	0.292	0.307	1.959	0.615	0.312	0.193	1.000	-178951.250
1275	8	10000	9311	0.5144	0.330	0.315	0.289	0.316	0.304	0.295	0.298	0.283	0.297	0.293	0.294	0.297	0.310	0.301	1.967	0.586	0.297	0.197	1.000	-179007.634
1276	8	10000	9253	0.5122	0.003	0.299	0.298	0.299	0.302	0.309	0.296	0.604	0.289	0.307	0.302	0.294	0.296	0.307	2.033	0.618	0.326	0.199	1.145	-178622.594
1277	8	10000	9300	0.5105	0.277	0.297	0.303	0.309	0.320	0.300	0.295	0.334	0.291	0.303	0.297	0.297	0.274	0.297	1.998	0.625	0.303	0.207	1.000	-178541.521
1278	8	10000	9259	0.5131	0.332	0.288	0.305	0.295	0.314	0.294	0.297	0.273	0.295	0.298	0.295	0.284	0.301	0.292	2.049	0.598	0.288	0.200	1.099	-177508.104
1279	8	10000	9262	0.5121	0.296	0.302	0.302	0.298	0.306	0.302	0.300	0.316	0.302	0.295	0.312	0.293	0.302	0.306	1.986	0.596	0.304	0.196	1.000	-178973.206
1280	8	10000	9268	0.5129	0.337	0.293	0.293	0.298	0.299	0.301	0.304	0.254	0.309	0.303	0.296	0.297	0.306	0.296	1.973	0.604	0.296	0.195	1.000	-177968.038
1281	8	10000	9343	0.5155	0.280	0.292	0.290	0.309	0.303	0.291	0.302	0.299	0.300	0.294	0.314	0.297	0.300	0.292	1.982	0.621	0.302	0.203	1.338	-178176.662
1282	8	10000	9273	0.5137	0.002	0.303	0.297	0.313	0.304	0.308	0.302	0.572	0.287	0.295	0.299	0.305	0.302	0.304	1.986	0.582	0.286	0.201	1.000	-178829.760
1283	8	10000	9302	0.5124	0.317	0.287	0.303	0.301	0.302	0.300	0.297	0.306	0.301	0.281	0.298	0.304	0.306	0.296	2.000	0.624	0.310	0.209	1.137	-178793.000
1284	8	10000	9303	0.5150	0.286	0.285	0.302	0.290	0.309	0.307	0.306	0.339	0.304	0.288	0.305	0.308	0.298	0.306	1.996	0.586	0.313	0.198	1.000	-179345.355
1285	8	10000	9276	0.5110	0.285	0.290	0.313	0.294	0.298	0.295	0.299	0.296	0.292	0.300	0.308	0.311	0.305	0.288	1.978	0.587	0.287	0.200	1.103	-178365.369
1286	8	10000	9250	0.5137	0.268	0.296	0.304	0.293	0.296	0.295	0.292	0.335	0.278	0.296	0.293	0.301	0.289	0.302	1.966	0.609	0.295	0.199	1.062	-177230.499
1287	8	10000	9272	0.5118	0.248	0.301	0.299	0.295	0.285	0.296	0.298	0.345	0.306	0.310	0.300	0.292	0.304	0.296	1.999	0.583	0.292	0.199	1.000	-178507.784
1288	8	10000	9272	0.5140	0.281	0.303	0.293	0.301	0.301	0.292	0.295	0.308	0.289	0.303	0.294	0.315	0.290	0.306	1.989	0.625	0.314	0.203	1.480	-178063.443
1289	8	10000	9293	0.5158	0.289	0.304	0.310	0.313	0.320	0.299	0.306	0.298	0.296	0.301	0.296	0.299	0.303	0.306	1.999	0.575	0.276	0.202	1.000	-179717.884
1290	8	10000	9243	0.5139	0.266	0.301	0.297	0.292	0.303	0.292	0.298	0.332	0.303	0.291	0.313	0.306	0.291	0.294	1.985	0.595	0.296	0.195	1.000	-177835.514
1291	8	10000	9250	0.5125	0.338	0.290	0.288	0.305	0.299	0.300	0.297	0.276	0.298	0.278	0.295	0.302	0.288	0.298	2.030	0.619	0.304	0.205	1.000	-177428.167
1292	8	10000	9286	0.5187	0.284	0.306	0.304	0.302	0.303	0.300	0.294	0.290	0.304	0.293	0.294	0.297	0.299	0.304	1.995	0.604	0.283	0.199	1.000	-177913.731
1293	8	10000	9270	0.5123	0.369	0.287	0.307	0.303	0.296	0.311	0.296	0.242	0.295	0.292	0.293	0.296	0.321	0.294	1.998	0.580	0.331	0.197	1.000	-179168.658
1294	8	10000	9199	0.5108	0.283	0.290	0.299	0.294	0.292	0.298	0.307	0.316	0.300	0.289	0.288	0.311	0.298	0.294	2.031	0.607	0.304	0.196	1.000	-177260.866
1295	8	10000	9276	0.5111	0.323	0.301	0.296	0.301	0.294	0.310	0.289	0.268	0.293	0.291	0.298	0.303	0.302	0.293	2.021	0.597	0.298	0.200	1.000	-178086.592
1296	8	10000	9247	0.5133	0.305	0.291	0.288	0.309	0.302	0.292	0.295	0.293	0.284	0.306	0.302	0.304	0.292	0.302	2.050	0.603	0.315	0.201	1.132	-177965.380
1297	8	10000	9297	0.5150	0.333	0.296	0.299	0.298	0.314	0.308	0.298	0.261	0.312	0.295	0.281	0.286	0.292	0.302	1.969	0.601	0.290	0.203	1.000	-178430.134
1298	8	10000	9235	0.5133	0.280	0.306	0.302	0.295	0.297	0.297	0.299	0.318	0.294	0.281	0.318	0.310	0.294	0.311	1.986	0.614	0.299	0.201	1.000	-178440.671
1299	8	10000	9276	0.5114	0.409	0.288	0.296	0.317	0.301	0.306	0.290	0.199	0.289	0.302	0.291	0.306	0.293	0.291	1.998	0.622	0.305	0.206	1.000	-178310.872
1300	8	10000	9254	0.5133	0.302	0.290	0.290	0.308	0.304	0.304	0.294	0.287	0.316	0.302	0.290	0.307	0.290	0.308	1.998	0.625	0.315	0.204	1.766	-178714.878
1301	8	10000	9304	0.5154	0.299	0.305	0.303	0.303	0.298	0.302	0.298	0.313	0.291	0.312	0.309	0.294	0.304	0.294	2.040	0.605	0.296	0.200	1.082	-178935.354
1302	8	10000	9242	0.5154	0.284	0.301	0.284	0.296	0.301	0.289	0.298	0.289	0.316	0.316	0.283	0.304	0.304	0.302	2.006	0.577	0.292	0.198	1.000	-178088.132
1303	8	10000	9270	0.5124	0.292	0.292	0.292	0.311	0.306	0.297	0.293	0.343	0.301	0.313	0.288	0.311	0.300	0.289	2.027	0.608	0.301	0.201	1.000	-178668.335
1304	8	10000	9226	0.5129	0.314	0.274	0.301	0.311	0.307	0.294	0.307	0.280	0.293	0.290	0.292	0.305	0.306	0.286	1.993	0.612	0.303	0.204	1.340	-178048.456
1305	8	10000	9275	0.5156	0.268	0.309	0.299	0.298	0.301	0.298	0.302	0.322	0.309	0.295	0.290	0.306	0.312	0.306	1.999	0.630	0.306	0.206	1.352	-179050.229
1306	8	10000	9303	0.5144	0.304	0.292	0.318	0.294	0.319	0.301	0.302	0.305	0.303	0.289	0.304	0.297	0.303	0.295	2.010	0.592	0.289	0.197	1.186	-178890.625
1307	8	10000	9273	0.5125	0.269	0.279	0.309	0.298	0.303	0.305	0.301	0.329	0.284	0.298	0.289	0.299	0.288	0.300	1.987	0.604	0.316	0.205	1.000	-178214.717
1308	8	10000	9301	0.5140	0.295	0.300	0.309	0.309	0.294	0.284	0.298	0.294	0.297	0.299	0.292	0.304	0.300	0.297	2.039	0.585	0.279	0.206	1.000	-178226.674
1309	8	10000	9227	0.5133	0.301	0.306	0.303	0.300	0.292	0.290	0.302	0.286	0.292	0.294	0.295	0.302	0.302	0.282	1.952	0.594	0.295	0.199	1.087	-177745.292
1310	8	10000	9264	0.5121	0.302	0.298	0.289	0.321	0.303	0.293	0.295	0.301	0.299	0.311	0.299	0.287	0.293	0.302	2.019	0.617	0.312	0.202	1.132	-178281.295
1311	8	10000	9294	0.5144	0.284	0.304	0.304	0.288	0.300	0.298	0.308	0.318	0.305	0.283	0.303	0.299	0.291	0.309	2.008	0.604	0.294	0.203	1.000	-178348.676
1312	8	10000	9266	0.5147	0.281	0.281	0.305	0.300	0.318	0.312	0.298	0.321	0.294	0.306	0.302	0.300	0.293	0.311	1.996	0.579	0.309	0.199	1.000	-179434.402
1313	8	10000	9293	0.5139	0.319	0.312	0.301	0.296	0.294	0.309	0.303	0.300	0.284	0.309	0.296	0.302	0.312	0.305	2.019	0.619	0.308	0.206	1.271	-179658.186
1314	8	10000	9274	0.5106	0.297	0.297	0.301	0.291	0.303	0.294	0.293	0.324	0.291	0.305	0.294	0.296	0.299	0.291	1.991	0.627	0.305	0.202	1.266	-177700.352
1315	8	10000	9269	0.5105	0.283	0.302	0.299	0.298	0.302	0.297	0.295	0.291	0.299	0.299	0.304	0.302	0.299	0.320	1.981	0.611	0.312	0.203	1.211	-178730.776
1316	8	10000	9279	0.5105	0.291	0.295	0.302	0.287	0.299	0.297	0.302	0.309	0.303	0.310	0.303	0.296	0.300	0.309	2.018	0.628	0.315	0.203	1.687	-178624.151
1317	8	10000	9302	0.5130	0.335	0.303	0.290	0.316	0.301	0.293	0.292	0.297	0.303	0.300	0.294	0.298	0.312	0.301	1.994	0.626	0.318	0.208	1.710	-179377.320
1318	8	10000	9266	0.5106	0.318	0.312	0.287	0.299	0.301	0.301	0.291	0.283	0.288	0.287	0.310	0.309	0.299	0.298	1.974	0.620	0.292	0.199	1.000	-177970.715
1319	8	10000	9232	0.5128	0.299	0.305	0.287	0.304	0.287	0.293	0.297	0.303	0.287	0.295	0.313	0.302	0.300	0.290	1.995	0.623	0.321	0.199	1.032	-177556.366
1320	8	10000	9240	0.5142	0.305	0.299	0.303	0.296	0.309	0.301	0.313	0.292	0.298	0.302	0.295	0.313	0.295	0.297	1.998	0.603	0.312	0.196	1.303	-179016.971
1321	8	10000	9199	0.5137	0.289	0.309	0.305	0.286	0.291	0.295	0.299	0.291	0.306	0.296	0.301	0.306	0.301	0.305	2.008	0.589	0.303	0.197	1.000	-178055.070
1322	8	10000	9235	0.5130	0.323	0.295	0.300	0.302	0.282	0.300	0.307	0.279	0.288	0.299	0.293	0.296	0.302	0.289	2.001	0.601	0.294	0.194	1.000	-177472.498
1323	8	10000	9215	0.5127	0.312	0.296	0.304	0.294	0.299	0.295	0.305	0.282	0.295	0.294	0.307	0.297	0.289	0.302	2.017	0.619	0.304	0.197	1.224	-177799.703
1324	8	10000	9319	0.5153	0.325	0.308	0.285	0.297	0.309	0.300	0.306	0.274	0.301	0.302	0.305	0.304	0.295	0.313	2.031	0.597	0.292	0.203	1.165	-179017.785
1325	8	10000	9274	0.5147	0.273	0.303	0.304	0.291	0.308	0.296	0.286	0.362	0.300	0.308	0.300	0.297	0.304	0.297	2.022	0.615	0.305	0.197	1.000	-178518.497
1326	8	10000	9304	0.5090	0.276	0.300	0.302	0.297	0.303	0.307	0.289	0.329	0.295	0.314	0.304	0.310	0.298	0.308	1.998	0.618	0.309	0.200	1.060	-179211.776
1327	8	10000	9256	0.5156	0.309	0.285	0.307	0.316	0.308	0.307	0.291	0.298	0.293	0.296	0.302	0.295	0.309	0.296	1.988	0.609	0.299	0.197	1.000	-178753.810
1328	8	10000	9355	0.5151	0.327	0.311	0.303	0.296	0.293	0.311	0.308	0.288	0.311	0.316	0.308	0.312	0.292	0.299	1.934	0.570	0.296	0.199	1.000	-180511.990
1329	8	10000	9306	0.5134	0.315	0.294	0.297	0.296	0.307	0.302	0.307	0.292	0.297	0.304	0.297	0.289	0.289	0.295	1.989	0.598	0.299	0.204	1.084	-178845.849
1330	8	10000	9250	0.5090	0.314	0.290	0.294	0.298	0.313	0.304	0.307	0.285	0.286	0.295	0.305	0.308	0.302	0.303	2.017	0.576	0.296	0.194	1.000	-178479.840
1331	8	10000	9264	0.5137	0.321	0.310	0.318	0.300	0.305	0.294	0.305	0.278	0.288	0.294	0.304	0.299	0.306	0.311	2.005	0.601	0.314	0.197	1.554	-179346.959
1332	8	10000	9296	0.5135	0.304	0.297	0.298	0.297	0.315	0.296	0.305	0.313	0.310	0.293	0.293	0.302	0.302	0.303	2.014	0.606	0.302	0.201	1.000	-178928.558
1333	8	10000	9278	0.5153	0.294	0.305	0.288	0.305	0.302	0.307	0.289	0.306	0.309	0.299	0.292	0.310	0.293	0.306	2.004	0.612	0.318	0.202	1.586	-178904.264
1334	8	10000	9285	0.5130	0.298	0.295	0.305	0.296	0.296	0.299	0.297	0.291	0.302	0.297	0.299	0.302	0.309	0.309	1.986	0.616	0.324	0.204	1.000	-179078.420
1335	8	10000	9277	0.5124	0.283	0.294	0.298	0.308	0.317	0.313	0.303	0.331	0.296	0.295	0.304	0.304	0.308	0.303	1.979	0.597	0.294	0.200	1.111	-179722.007
1336	8	10000	9252	0.5141	0.323	0.298	0.303	0.294	0.292	0.296	0.294	0.284	0.314	0.301	0.302	0.295	0.295	0.298	2.049	0.610	0.295	0.198	1.135	-177977.887
1337	8	10000	9227	0.5159	0.293	0.299	0.305	0.287	0.293	0.303	0.300	0.308	0.301	0.303	0.285	0.279	0.292	0.289	1.995	0.615	0.286	0.205	1.002	-177449.945
1338	8	10000	9271	0.5119	0.307	0.286	0.312	0.301	0.292	0.300	0.293	0.275	0.308	0.310	0.290	0.292	0.308	0.306	1.961	0.585	0.286	0.200	1.000	-178713.565
1339	8	10000	9265	0.5133	0.320	0.313	0.300	0.301	0.303	0.301	0.302	0.260	0.300	0.297	0.295	0.304	0.297	0.297	2.008	0.614	0.302	0.206	1.319	-178531.461
1340	8	10000	9322	0.5126	0.270	0.307	0.293	0.315	0.299	0.310	0.296	0.369	0.282	0.300	0.301	0.308	0.302	0.293	2.017	0.621	0.317	0.207	1.000	-179485.162
1341	8	10000	9298	0.5131	0.317	0.299	0.301	0.289	0.311	0.309	0.294	0.283	0.307	0.307	0.297	0.302	0.310	0.309	2.029	0.577	0.296	0.196	1.000	-179158.405
1342	8	10000	9278	0.5125	0.312	0.299	0.303	0.300	0.296	0.303	0.296	0.282	0.311	0.297	0.299	0.300	0.317	0.313	2.024	0.616	0.304	0.201	1.261	-179186.916
1343	8	10000	9244	0.5152	0.282	0.314	0.307	0.315	0.291	0.292	0.301	0.319	0.296	0.299	0.320	0.290	0.296	0.301	1.967	0.596	0.295	0.192	1.000	-178903.513
1344	8	10000	9261	0.5109	0.294	0.295	0.303	0.298	0.302	0.297	0.305	0.305	0.296	0.301	0.301	0.299	0.282	0.308	2.037	0.584	0.292	0.196	1.003	-178326.074
1345	8	10000	9251	0.5145	0.325	0.300	0.283	0.293	0.309	0.293	0.288	0.267	0.300	0.285	0.296	0.290	0.300	0.290	2.054	0.605	0.296	0.196	1.076	-176490.403
1346	8	10000	9288	0.5170	0.283	0.296	0.299	0.306	0.300	0.301	0.308	0.324	0.292	0.298	0.306	0.301	0.301	0.303	1.952	0.599	0.314	0.192	1.134	-179214.254
1347	8	10000	9276	0.5120	0.280	0.294	0.292	0.295	0.300	0.305	0.293	0.314	0.303	0.309	0.301	0.289	0.302	0.304	1.993	0.571	0.285	0.191	1.000	-178088.244
1348	8	10000	9280	0.5111	0.306	0.304	0.292	0.301	0.295	0.304	0.313	0.285	0.301	0.288	0.315	0.308	0.291	0.300	2.018	0.610	0.313	0.206	1.000	-179159.285
1349	8	10000	9240	0.5111	0.326	0.289	0.302	0.303	0.278	0.303	0.301	0.267	0.302	0.298	0.294	0.307	0.282	0.309	1.999	0.590	0.313	0.196	1.148	-178076.971
