1	8	500	489	0.5183	0.295	0.331	0.292	0.321	0.286	0.256	0.259	0.281	0.322	0.298	0.301	0.288	0.325	0.240	1.879	0.592	0.290	0.183	2.174	-8812.940
2	8	500	492	0.5156	0.302	0.295	0.314	0.248	0.286	0.328	0.301	0.277	0.405	0.310	0.266	0.299	0.309	0.323	1.902	0.587	0.304	0.190	1.000	-9007.858
3	8	500	498	0.5082	0.229	0.348	0.288	0.357	0.338	0.347	0.321	0.254	0.277	0.311	0.326	0.358	0.334	0.306	2.149	0.608	0.253	0.223	2.067	-9134.443
4	8	500	492	0.5276	0.310	0.339	0.339	0.270	0.313	0.273	0.320	0.298	0.342	0.318	0.275	0.223	0.353	0.261	2.140	0.694	0.277	0.195	10.487	-8787.113
5	8	500	485	0.5152	0.371	0.339	0.287	0.277	0.267	0.295	0.260	0.303	0.363	0.266	0.280	0.236	0.293	0.279	2.021	0.603	0.347	0.178	7.462	-8716.576
6	8	500	492	0.5068	0.227	0.276	0.300	0.256	0.386	0.269	0.314	0.288	0.328	0.266	0.279	0.243	0.300	0.308	1.974	0.566	0.242	0.213	1.918	-8827.007
7	8	500	494	0.5157	0.325	0.267	0.293	0.305	0.266	0.300	0.260	0.273	0.296	0.248	0.298	0.231	0.326	0.304	1.885	0.627	0.285	0.201	3.117	-8733.250
8	8	500	492	0.5219	0.323	0.363	0.374	0.246	0.291	0.301	0.310	0.311	0.362	0.320	0.261	0.312	0.341	0.306	2.243	0.596	0.293	0.217	4.290	-9097.306
9	8	500	490	0.5137	0.637	0.315	0.353	0.256	0.288	0.346	0.250	0.703	0.314	0.343	0.247	0.268	0.317	0.284	2.050	0.636	0.320	0.181	46.658	-8822.472
10	8	500	491	0.5245	0.281	0.388	0.312	0.292	0.174	0.280	0.349	0.312	0.337	0.302	0.269	0.257	0.333	0.268	2.041	0.677	0.296	0.209	4.755	-8824.767
11	8	500	495	0.5239	0.292	0.341	0.239	0.315	0.325	0.381	0.234	0.276	0.341	0.310	0.294	0.244	0.320	0.324	2.105	0.518	0.269	0.194	1.000	-8952.009
12	8	500	487	0.5047	0.225	0.293	0.252	0.253	0.260	0.298	0.336	0.305	0.265	0.329	0.325	0.300	0.274	0.290	2.241	0.546	0.299	0.192	1.029	-8735.329
13	8	500	489	0.5026	0.261	0.276	0.296	0.322	0.341	0.370	0.266	0.334	0.254	0.268	0.259	0.317	0.307	0.255	1.908	0.602	0.311	0.201	1.000	-8845.764
14	8	500	497	0.5212	0.347	0.269	0.277	0.332	0.328	0.313	0.283	0.300	0.286	0.304	0.262	0.260	0.298	0.329	2.074	0.658	0.258	0.221	2.908	-8904.379
15	8	500	491	0.5121	0.202	0.293	0.232	0.260	0.284	0.354	0.274	0.238	0.317	0.274	0.339	0.294	0.328	0.282	1.892	0.539	0.243	0.209	1.000	-8771.769
16	8	500	496	0.5040	0.325	0.244	0.346	0.279	0.330	0.350	0.359	0.321	0.244	0.377	0.288	0.330	0.318	0.296	2.043	0.556	0.371	0.183	3.894	-9191.143
17	8	500	490	0.5242	0.285	0.274	0.284	0.304	0.325	0.302	0.270	0.302	0.324	0.288	0.264	0.329	0.306	0.341	2.156	0.603	0.296	0.193	1.957	-8854.410
18	8	500	497	0.5067	0.399	0.280	0.348	0.266	0.319	0.291	0.354	0.374	0.368	0.283	0.344	0.280	0.300	0.272	1.848	0.599	0.331	0.203	7.593	-9085.144
19	8	500	492	0.5128	0.218	0.348	0.228	0.327	0.264	0.321	0.315	0.253	0.365	0.345	0.331	0.311	0.334	0.262	2.009	0.591	0.276	0.192	1.535	-8961.236
20	8	500	493	0.5013	0.299	0.316	0.326	0.297	0.297	0.352	0.234	0.289	0.320	0.308	0.298	0.285	0.315	0.286	2.005	0.624	0.266	0.192	2.674	-8878.059
21	8	500	492	0.5275	0.334	0.330	0.311	0.292	0.294	0.256	0.272	0.343	0.273	0.295	0.268	0.331	0.285	0.314	2.060	0.665	0.259	0.200	2.881	-8802.049
22	8	500	493	0.5078	0.279	0.292	0.263	0.300	0.299	0.265	0.323	0.209	0.345	0.258	0.336	0.344	0.286	0.318	1.884	0.596	0.269	0.226	2.981	-8943.838
23	8	500	490	0.5188	0.298	0.310	0.301	0.303	0.333	0.307	0.353	0.242	0.296	0.316	0.302	0.277	0.283	0.273	2.029	0.551	0.293	0.188	1.000	-8945.729
24	8	500	490	0.5168	0.338	0.327	0.304	0.269	0.309	0.295	0.252	0.321	0.323	0.341	0.284	0.254	0.304	0.283	2.048	0.583	0.302	0.187	3.726	-8846.296
25	8	500	495	0.5168	0.260	0.365	0.300	0.260	0.281	0.276	0.297	0.304	0.305	0.283	0.244	0.276	0.301	0.282	1.821	0.567	0.321	0.194	2.236	-8831.826
26	8	500	489	0.5167	0.294	0.262	0.328	0.342	0.274	0.310	0.240	0.316	0.307	0.342	0.297	0.254	0.255	0.321	2.051	0.652	0.313	0.207	8.184	-8851.253
27	8	500	491	0.4989	0.328	0.289	0.296	0.308	0.318	0.293	0.330	0.360	0.282	0.318	0.331	0.353	0.326	0.300	2.120	0.631	0.360	0.200	8.771	-9071.431
28	8	500	495	0.5215	0.277	0.260	0.283	0.267	0.323	0.286	0.340	0.264	0.335	0.321	0.357	0.347	0.337	0.300	2.039	0.553	0.327	0.211	3.029	-9123.967
29	8	500	496	0.5061	0.259	0.260	0.318	0.296	0.300	0.262	0.406	0.279	0.331	0.362	0.243	0.198	0.297	0.385	1.887	0.555	0.347	0.199	1.203	-9032.945
30	8	500	496	0.5220	0.329	0.232	0.297	0.346	0.295	0.317	0.309	0.410	0.257	0.274	0.313	0.264	0.280	0.290	2.083	0.579	0.331	0.195	5.461	-8868.209
31	8	500	497	0.5210	0.311	0.285	0.288	0.367	0.351	0.330	0.330	0.244	0.255	0.263	0.307	0.300	0.305	0.310	1.991	0.500	0.282	0.200	1.000	-9054.823
32	8	500	492	0.5289	0.303	0.291	0.351	0.302	0.315	0.253	0.307	0.303	0.280	0.271	0.337	0.266	0.300	0.329	2.017	0.621	0.333	0.195	7.653	-8942.615
33	8	500	496	0.5098	1.988	0.275	0.307	0.346	0.304	0.316	0.287	2.012	0.269	0.306	0.307	0.324	0.240	0.362	2.101	0.602	0.378	0.200	365.557	-8972.067
34	8	500	491	0.4947	0.305	0.277	0.296	0.303	0.238	0.300	0.282	0.300	0.273	0.236	0.280	0.322	0.341	0.319	1.888	0.659	0.309	0.216	7.555	-8817.479
35	8	500	491	0.5300	0.236	0.287	0.266	0.289	0.341	0.276	0.297	0.302	0.310	0.303	0.281	0.329	0.311	0.325	1.890	0.677	0.296	0.230	2.899	-8914.224
36	8	500	489	0.5131	0.205	0.300	0.306	0.300	0.292	0.264	0.336	0.279	0.276	0.343	0.285	0.258	0.249	0.339	1.760	0.585	0.277	0.199	1.000	-8807.648
37	8	500	494	0.5228	0.373	0.337	0.340	0.368	0.348	0.313	0.338	0.367	0.295	0.261	0.276	0.246	0.308	0.254	2.095	0.636	0.295	0.203	8.876	-9006.978
38	8	500	489	0.5057	0.263	0.345	0.290	0.309	0.305	0.264	0.317	0.312	0.333	0.259	0.274	0.280	0.358	0.239	1.952	0.628	0.283	0.162	2.491	-8684.646
39	8	500	498	0.5225	0.266	0.386	0.254	0.381	0.343	0.333	0.300	0.307	0.327	0.346	0.254	0.295	0.306	0.333	1.864	0.640	0.304	0.199	4.060	-9163.218
40	8	500	495	0.5157	6.888	0.286	0.339	0.299	0.250	0.262	0.311	6.851	0.265	0.255	0.331	0.323	0.281	0.286	2.028	0.654	0.326	0.198	998.994	-8776.624
41	8	500	496	0.5087	0.569	0.366	0.384	0.238	0.219	0.321	0.314	0.105	0.363	0.301	0.267	0.214	0.297	0.297	2.053	0.650	0.313	0.181	2.098	-8894.985
42	8	500	492	0.5050	0.326	0.394	0.273	0.269	0.291	0.361	0.295	0.263	0.221	0.311	0.354	0.365	0.329	0.337	1.924	0.655	0.316	0.228	2.582	-9145.976
43	8	500	493	0.5072	0.289	0.347	0.255	0.302	0.364	0.287	0.341	0.327	0.281	0.238	0.312	0.277	0.338	0.258	1.925	0.615	0.341	0.194	8.855	-8858.751
44	8	500	491	0.5274	0.271	0.294	0.282	0.274	0.346	0.314	0.313	0.333	0.293	0.227	0.284	0.308	0.294	0.315	2.005	0.723	0.277	0.228	23.028	-8820.917
45	8	500	494	0.5238	0.574	0.316	0.291	0.259	0.300	0.277	0.282	0.568	0.323	0.249	0.350	0.348	0.341	0.348	1.830	0.674	0.315	0.200	95.915	-8976.689
46	8	500	496	0.5221	0.300	0.317	0.328	0.286	0.215	0.296	0.352	0.297	0.264	0.313	0.325	0.325	0.294	0.303	2.070	0.636	0.294	0.189	2.952	-8898.767
47	8	500	496	0.5196	0.339	0.259	0.285	0.360	0.270	0.303	0.305	0.291	0.314	0.297	0.340	0.305	0.267	0.324	2.163	0.617	0.296	0.222	2.332	-9034.778
48	8	500	496	0.5029	0.322	0.289	0.261	0.267	0.330	0.283	0.327	0.272	0.334	0.299	0.310	0.275	0.231	0.331	1.982	0.675	0.290	0.200	5.293	-8754.846
49	8	500	492	0.5153	0.243	0.313	0.283	0.283	0.321	0.277	0.292	0.258	0.266	0.301	0.274	0.247	0.298	0.342	1.928	0.656	0.327	0.192	7.053	-8746.632
50	8	500	491	0.5128	0.267	0.335	0.300	0.315	0.323	0.317	0.269	0.273	0.242	0.277	0.384	0.339	0.272	0.334	2.139	0.545	0.398	0.184	3.944	-9039.782
51	8	500	491	0.5076	0.299	0.284	0.271	0.311	0.331	0.340	0.250	0.331	0.294	0.234	0.311	0.258	0.296	0.287	1.989	0.646	0.278	0.236	5.440	-8820.532
52	8	500	492	0.5278	0.383	0.269	0.316	0.247	0.271	0.340	0.243	0.315	0.306	0.305	0.314	0.275	0.243	0.348	1.969	0.657	0.300	0.196	5.546	-8792.493
53	8	500	496	0.5073	0.276	0.313	0.282	0.332	0.250	0.308	0.250	0.318	0.285	0.259	0.308	0.311	0.321	0.241	2.222	0.735	0.247	0.242	14.891	-8675.625
54	8	500	496	0.5177	0.330	0.380	0.398	0.239	0.224	0.276	0.288	0.324	0.364	0.291	0.301	0.345	0.331	0.296	2.037	0.585	0.357	0.205	5.352	-9072.787
55	8	500	492	0.5018	0.307	0.282	0.314	0.266	0.286	0.250	0.317	0.281	0.276	0.233	0.308	0.387	0.307	0.311	2.035	0.576	0.347	0.188	3.124	-8852.513
56	8	500	486	0.4959	0.316	0.317	0.237	0.310	0.297	0.310	0.280	0.351	0.336	0.303	0.260	0.247	0.294	0.296	1.808	0.620	0.295	0.191	5.840	-8758.110
57	8	500	493	0.4992	0.262	0.290	0.326	0.328	0.329	0.282	0.324	0.350	0.304	0.321	0.306	0.308	0.251	0.298	1.942	0.601	0.285	0.225	1.000	-9027.349
58	8	500	496	0.5052	0.285	0.259	0.325	0.301	0.290	0.308	0.318	0.316	0.321	0.294	0.286	0.284	0.283	0.310	1.944	0.611	0.276	0.230	1.846	-9001.827
59	8	500	494	0.5168	11.112	0.288	0.279	0.275	0.286	0.353	0.310	11.112	0.283	0.367	0.233	0.243	0.284	0.312	1.980	0.608	0.354	0.188	915.458	-8902.689
60	8	500	489	0.5110	0.125	0.441	0.340	0.280	0.477	0.313	0.368	0.179	0.335	0.318	0.298	0.338	0.238	0.348	1.981	0.474	0.229	0.185	907.975	-9074.299
61	8	500	495	0.5232	0.402	0.309	0.297	0.343	0.314	0.335	0.297	0.339	0.264	0.324	0.324	0.357	0.276	0.285	2.053	0.586	0.333	0.184	5.314	-9074.914
62	8	500	490	0.5237	0.297	0.320	0.308	0.315	0.299	0.285	0.347	0.280	0.315	0.320	0.322	0.315	0.375	0.256	1.843	0.654	0.294	0.232	3.252	-9160.332
63	8	500	488	0.5052	0.279	0.283	0.345	0.367	0.240	0.276	0.301	0.289	0.309	0.266	0.292	0.352	0.302	0.281	1.970	0.528	0.260	0.176	1.000	-8850.807
64	8	500	497	0.5216	0.266	0.329	0.318	0.272	0.275	0.270	0.326	0.268	0.343	0.290	0.325	0.289	0.313	0.242	2.008	0.585	0.336	0.229	1.705	-8999.292
65	8	500	496	0.5108	0.394	0.313	0.304	0.365	0.229	0.343	0.278	0.369	0.379	0.326	0.345	0.289	0.239	0.295	2.219	0.613	0.314	0.199	8.078	-8998.299
66	8	500	493	0.5253	0.259	0.304	0.306	0.328	0.288	0.344	0.356	0.306	0.298	0.345	0.335	0.355	0.306	0.346	1.918	0.586	0.314	0.171	3.540	-9161.305
67	8	500	492	0.5192	0.331	0.239	0.330	0.293	0.325	0.304	0.300	0.248	0.291	0.367	0.256	0.267	0.261	0.286	2.112	0.599	0.322	0.204	3.271	-8871.403
68	8	500	491	0.5160	0.329	0.297	0.298	0.325	0.286	0.287	0.299	0.304	0.250	0.285	0.352	0.238	0.313	0.339	2.167	0.663	0.309	0.186	6.912	-8778.571
69	8	500	497	0.5258	0.360	0.362	0.298	0.315	0.361	0.351	0.317	0.334	0.254	0.348	0.296	0.299	0.330	0.337	1.887	0.553	0.391	0.196	5.788	-9306.698
70	8	500	493	0.5124	0.439	0.339	0.278	0.264	0.338	0.276	0.319	0.398	0.259	0.310	0.249	0.322	0.310	0.285	1.963	0.737	0.255	0.225	36.362	-8820.741
71	8	500	492	0.5180	0.672	0.318	0.350	0.321	0.324	0.343	0.331	0.000	0.305	0.340	0.310	0.261	0.331	0.283	1.935	0.576	0.379	0.173	4.772	-9203.609
72	8	500	496	0.5178	0.292	0.294	0.265	0.291	0.264	0.299	0.298	0.195	0.351	0.319	0.239	0.307	0.305	0.325	1.861	0.671	0.311	0.219	8.400	-8816.982
73	8	500	497	0.5231	0.227	0.320	0.274	0.289	0.265	0.262	0.268	0.239	0.343	0.288	0.321	0.311	0.281	0.349	1.842	0.569	0.241	0.170	2.399	-8748.208
74	8	500	490	0.5196	0.277	0.263	0.330	0.304	0.231	0.343	0.280	0.356	0.316	0.366	0.327	0.241	0.325	0.311	1.989	0.664	0.312	0.229	5.210	-9066.920
75	8	500	491	0.5020	0.237	0.361	0.404	0.281	0.301	0.319	0.287	0.320	0.280	0.320	0.323	0.260	0.324	0.286	1.930	0.508	0.312	0.173	1.000	-9048.444
76	8	500	493	0.5158	0.274	0.374	0.314	0.256	0.298	0.276	0.316	0.289	0.327	0.322	0.352	0.257	0.308	0.333	1.976	0.570	0.285	0.210	1.000	-9101.250
77	8	500	491	0.5006	0.298	0.327	0.274	0.325	0.323	0.288	0.302	0.343	0.247	0.247	0.315	0.239	0.286	0.285	2.064	0.612	0.346	0.194	6.124	-8769.073
78	8	500	496	0.5123	0.261	0.376	0.351	0.334	0.302	0.299	0.295	0.305	0.299	0.267	0.224	0.284	0.331	0.294	1.980	0.643	0.278	0.218	4.199	-8939.015
79	8	500	497	0.5150	0.257	0.284	0.250	0.269	0.299	0.345	0.280	0.247	0.382	0.359	0.286	0.277	0.292	0.363	2.118	0.597	0.294	0.215	2.406	-8937.819
80	8	500	496	0.5213	0.230	0.289	0.284	0.348	0.297	0.308	0.299	0.262	0.422	0.301	0.278	0.305	0.274	0.331	2.001	0.633	0.289	0.215	4.115	-9016.872
81	8	500	489	0.5007	0.349	0.285	0.261	0.275	0.260	0.293	0.337	0.399	0.305	0.326	0.268	0.369	0.303	0.323	1.795	0.641	0.306	0.198	11.025	-8908.982
82	8	500	496	0.5073	0.587	0.272	0.316	0.281	0.299	0.312	0.354	0.599	0.231	0.350	0.360	0.325	0.267	0.352	1.863	0.618	0.361	0.167	58.945	-9000.434
83	8	500	494	0.5055	0.270	0.292	0.276	0.291	0.343	0.321	0.332	0.342	0.249	0.301	0.257	0.326	0.319	0.254	1.826	0.593	0.263	0.188	2.726	-8895.926
84	8	500	494	0.4967	0.292	0.348	0.252	0.315	0.330	0.251	0.279	0.325	0.288	0.276	0.303	0.299	0.278	0.255	1.919	0.627	0.317	0.213	7.601	-8755.754
85	8	500	486	0.4975	0.361	0.340	0.333	0.275	0.259	0.337	0.246	0.345	0.257	0.303	0.342	0.319	0.287	0.285	2.025	0.603	0.314	0.211	6.049	-8954.984
86	8	500	488	0.5213	0.317	0.259	0.310	0.318	0.248	0.324	0.298	0.376	0.311	0.298	0.291	0.286	0.345	0.348	2.041	0.568	0.328	0.173	2.437	-8933.625
87	8	500	494	0.5072	0.295	0.294	0.255	0.367	0.304	0.301	0.284	0.304	0.296	0.324	0.306	0.242	0.324	0.274	1.967	0.666	0.318	0.200	4.339	-8850.156
88	8	500	492	0.5166	0.710	0.267	0.305	0.364	0.392	0.299	0.319	0.000	0.268	0.318	0.269	0.295	0.266	0.364	1.954	0.661	0.298	0.187	1.655	-9006.785
89	8	500	495	0.5234	0.310	0.315	0.343	0.279	0.263	0.300	0.251	0.239	0.326	0.302	0.326	0.276	0.324	0.226	1.907	0.581	0.316	0.186	1.000	-8892.466
90	8	500	494	0.5139	0.250	0.289	0.300	0.316	0.302	0.280	0.266	0.222	0.284	0.294	0.289	0.308	0.281	0.306	2.017	0.672	0.288	0.171	6.166	-8605.112
91	8	500	495	0.5139	0.267	0.286	0.292	0.337	0.291	0.291	0.366	0.293	0.353	0.285	0.289	0.282	0.318	0.315	1.899	0.491	0.253	0.197	1.441	-9030.578
92	8	500	496	0.5144	0.287	0.249	0.322	0.252	0.361	0.269	0.254	0.247	0.345	0.277	0.304	0.296	0.274	0.311	2.203	0.684	0.296	0.222	11.202	-8716.592
93	8	500	495	0.4933	0.268	0.265	0.294	0.316	0.271	0.315	0.281	0.274	0.293	0.315	0.294	0.325	0.250	0.321	2.113	0.661	0.302	0.197	4.821	-8724.259
94	8	500	491	0.5225	6.404	0.296	0.310	0.295	0.334	0.342	0.298	6.405	0.341	0.240	0.307	0.275	0.291	0.295	1.971	0.631	0.334	0.202	631.534	-8979.775
95	8	500	492	0.5172	0.256	0.274	0.330	0.301	0.367	0.314	0.363	0.397	0.339	0.359	0.311	0.289	0.286	0.296	1.973	0.551	0.358	0.195	4.654	-9214.259
96	8	500	495	0.5115	0.236	0.352	0.315	0.348	0.380	0.314	0.264	0.268	0.325	0.329	0.330	0.249	0.306	0.304	1.960	0.685	0.275	0.219	4.723	-9001.485
97	8	500	495	0.5233	10.143	0.306	0.327	0.260	0.246	0.281	0.335	10.092	0.284	0.327	0.256	0.363	0.295	0.254	2.086	0.633	0.337	0.212	998.993	-8959.663
98	8	500	491	0.5205	0.000	0.375	0.352	0.293	0.412	0.332	0.329	0.196	0.355	0.247	0.302	0.377	0.315	0.359	1.890	0.205	0.089	0.183	459.032	-8978.796
99	8	500	491	0.5175	0.000	0.325	0.299	0.296	0.233	0.329	0.308	0.763	0.276	0.244	0.376	0.386	0.278	0.278	1.939	0.670	0.308	0.218	21.752	-8938.327
100	8	500	493	0.5281	0.315	0.340	0.284	0.276	0.299	0.298	0.271	0.269	0.291	0.280	0.313	0.326	0.326	0.256	1.992	0.629	0.301	0.187	2.404	-8833.558
101	8	500	497	0.5169	0.343	0.288	0.282	0.345	0.258	0.294	0.309	0.374	0.266	0.351	0.328	0.393	0.285	0.321	2.008	0.697	0.273	0.219	8.063	-9060.156
102	8	500	495	0.4991	0.284	0.313	0.340	0.306	0.291	0.287	0.258	0.226	0.293	0.344	0.301	0.275	0.320	0.275	2.167	0.584	0.291	0.189	1.000	-8832.252
103	8	500	491	0.5096	0.382	0.382	0.273	0.324	0.337	0.321	0.279	0.402	0.266	0.341	0.262	0.266	0.233	0.281	2.037	0.607	0.341	0.207	5.504	-8966.047
104	8	500	484	0.5094	0.316	0.349	0.344	0.319	0.361	0.329	0.291	0.310	0.321	0.261	0.341	0.375	0.233	0.341	2.041	0.552	0.419	0.158	11.873	-9084.478
105	8	500	489	0.5041	0.359	0.300	0.282	0.271	0.353	0.316	0.342	0.349	0.325	0.313	0.282	0.266	0.308	0.344	2.007	0.608	0.342	0.195	6.475	-8970.284
106	8	500	492	0.5266	0.525	0.302	0.316	0.298	0.284	0.372	0.226	0.448	0.348	0.257	0.312	0.223	0.292	0.290	2.226	0.622	0.358	0.187	37.713	-8786.692
107	8	500	492	0.5168	0.217	0.268	0.272	0.311	0.285	0.290	0.311	0.251	0.280	0.279	0.321	0.305	0.261	0.258	1.962	0.408	0.168	0.198	1.000	-8676.684
108	8	500	494	0.4986	0.247	0.279	0.282	0.354	0.334	0.332	0.325	0.232	0.442	0.313	0.279	0.289	0.335	0.287	1.918	0.556	0.351	0.171	1.656	-9059.977
109	8	500	488	0.4981	0.257	0.197	0.333	0.341	0.341	0.325	0.295	0.315	0.317	0.287	0.308	0.321	0.242	0.292	2.039	0.620	0.315	0.209	3.963	-8892.929
110	8	500	486	0.5115	0.262	0.275	0.270	0.353	0.332	0.274	0.265	0.260	0.234	0.270	0.285	0.379	0.287	0.273	2.045	0.565	0.258	0.172	1.894	-8606.836
111	8	500	494	0.5412	0.273	0.317	0.314	0.329	0.303	0.273	0.270	0.273	0.235	0.297	0.288	0.263	0.242	0.282	1.859	0.637	0.295	0.203	5.414	-8718.180
112	8	500	495	0.5019	0.341	0.295	0.345	0.264	0.303	0.302	0.313	0.257	0.325	0.269	0.315	0.290	0.300	0.301	2.000	0.686	0.251	0.218	3.913	-8870.511
113	8	500	496	0.5056	0.206	0.272	0.285	0.262	0.315	0.359	0.265	0.297	0.376	0.364	0.256	0.332	0.286	0.353	1.898	0.653	0.334	0.172	13.828	-8828.710
114	8	500	490	0.5190	0.271	0.325	0.264	0.335	0.337	0.342	0.326	0.304	0.361	0.317	0.336	0.277	0.330	0.254	1.948	0.580	0.381	0.159	2.302	-9025.324
115	8	500	493	0.5017	0.279	0.287	0.271	0.286	0.326	0.309	0.300	0.323	0.298	0.313	0.307	0.412	0.380	0.308	2.145	0.599	0.388	0.206	10.399	-9059.171
116	8	500	494	0.5267	0.350	0.305	0.286	0.295	0.268	0.246	0.261	0.353	0.294	0.304	0.348	0.286	0.277	0.316	2.055	0.563	0.326	0.206	2.466	-8893.358
117	8	500	496	0.5000	0.289	0.313	0.295	0.310	0.271	0.299	0.343	0.233	0.326	0.303	0.351	0.350	0.317	0.294	1.905	0.578	0.271	0.194	1.369	-9048.024
118	8	500	495	0.5250	0.278	0.268	0.307	0.281	0.237	0.257	0.258	0.282	0.416	0.267	0.310	0.272	0.333	0.354	1.962	0.657	0.303	0.195	3.712	-8797.412
119	8	500	496	0.5200	0.244	0.325	0.292	0.292	0.331	0.319	0.302	0.322	0.360	0.269	0.291	0.303	0.354	0.289	2.007	0.673	0.275	0.218	1.529	-8996.461
120	8	500	493	0.5118	0.355	0.256	0.276	0.321	0.345	0.257	0.297	0.298	0.320	0.273	0.301	0.287	0.328	0.284	2.035	0.671	0.289	0.200	3.937	-8829.173
121	8	500	491	0.5173	0.337	0.242	0.284	0.291	0.282	0.307	0.279	0.355	0.287	0.345	0.240	0.248	0.331	0.283	1.873	0.627	0.361	0.198	26.312	-8735.135
122	8	500	492	0.5083	0.225	0.248	0.294	0.317	0.262	0.373	0.323	0.286	0.323	0.281	0.280	0.337	0.314	0.280	1.913	0.572	0.239	0.169	2.817	-8810.554
123	8	500	490	0.5126	0.380	0.318	0.315	0.276	0.243	0.272	0.314	0.360	0.255	0.276	0.261	0.262	0.280	0.244	2.018	0.690	0.263	0.230	8.284	-8660.294
124	8	500	488	0.5127	0.394	0.281	0.283	0.345	0.234	0.322	0.251	0.312	0.330	0.305	0.309	0.306	0.294	0.280	1.996	0.640	0.319	0.192	8.260	-8853.633
125	8	500	492	0.4982	0.282	0.294	0.337	0.271	0.329	0.268	0.284	0.250	0.315	0.308	0.310	0.275	0.271	0.288	2.029	0.475	0.227	0.198	1.000	-8764.635
126	8	500	494	0.5069	0.304	0.320	0.319	0.337	0.345	0.281	0.333	0.296	0.299	0.283	0.324	0.386	0.322	0.315	1.947	0.501	0.329	0.192	1.000	-9189.778
127	8	500	489	0.5212	0.282	0.266	0.267	0.278	0.305	0.326	0.345	0.326	0.286	0.275	0.253	0.295	0.325	0.245	1.815	0.615	0.341	0.180	5.017	-8792.823
128	8	500	496	0.5014	0.346	0.342	0.275	0.349	0.336	0.276	0.323	0.360	0.306	0.353	0.308	0.321	0.280	0.370	1.892	0.645	0.260	0.206	2.582	-9166.037
129	8	500	497	0.5038	0.249	0.335	0.307	0.268	0.303	0.327	0.275	0.247	0.331	0.292	0.324	0.294	0.266	0.289	2.040	0.472	0.204	0.171	1.000	-8805.777
130	8	500	492	0.5232	0.271	0.247	0.302	0.317	0.297	0.273	0.297	0.322	0.304	0.320	0.318	0.274	0.309	0.250	2.166	0.635	0.345	0.206	8.813	-8787.621
131	8	500	487	0.5035	0.292	0.257	0.283	0.372	0.314	0.283	0.277	0.300	0.306	0.329	0.290	0.256	0.267	0.351	1.919	0.631	0.317	0.205	5.994	-8842.603
132	8	500	492	0.5218	0.316	0.306	0.379	0.278	0.325	0.288	0.290	0.285	0.367	0.361	0.312	0.308	0.265	0.299	1.995	0.618	0.314	0.210	2.461	-9098.436
133	8	500	490	0.5212	0.299	0.267	0.315	0.297	0.238	0.274	0.255	0.319	0.278	0.248	0.314	0.248	0.261	0.304	1.900	0.687	0.299	0.241	7.838	-8688.162
134	8	500	491	0.5161	0.282	0.244	0.313	0.268	0.305	0.370	0.248	0.351	0.289	0.260	0.343	0.269	0.269	0.283	2.015	0.679	0.321	0.205	41.478	-8764.140
135	8	500	487	0.5078	0.368	0.278	0.375	0.264	0.284	0.261	0.244	0.327	0.221	0.298	0.291	0.289	0.298	0.289	1.969	0.660	0.276	0.207	6.196	-8749.001
136	8	500	496	0.5240	0.323	0.303	0.307	0.249	0.408	0.276	0.272	0.262	0.275	0.284	0.306	0.345	0.299	0.347	1.869	0.622	0.266	0.198	2.364	-8963.877
137	8	500	491	0.5032	0.242	0.346	0.239	0.345	0.300	0.286	0.282	0.241	0.389	0.274	0.275	0.275	0.292	0.318	2.261	0.602	0.240	0.194	1.840	-8689.362
138	8	500	497	0.5058	0.303	0.310	0.350	0.296	0.274	0.286	0.309	0.239	0.322	0.297	0.283	0.322	0.319	0.297	1.930	0.644	0.327	0.204	3.349	-8958.644
139	8	500	488	0.5175	0.242	0.299	0.318	0.223	0.308	0.273	0.344	0.247	0.327	0.348	0.257	0.291	0.350	0.269	2.045	0.480	0.203	0.170	1.000	-8737.747
140	8	500	495	0.5166	0.289	0.305	0.326	0.258	0.271	0.332	0.285	0.293	0.303	0.288	0.314	0.274	0.326	0.309	2.043	0.676	0.280	0.196	5.324	-8839.020
141	8	500	491	0.5321	0.262	0.260	0.302	0.284	0.268	0.307	0.267	0.328	0.428	0.272	0.268	0.268	0.281	0.336	1.965	0.553	0.241	0.206	1.000	-8828.631
142	8	500	495	0.5255	0.265	0.290	0.354	0.292	0.301	0.301	0.309	0.328	0.284	0.318	0.285	0.253	0.322	0.304	1.874	0.634	0.305	0.212	4.589	-8996.849
143	8	500	490	0.5110	0.268	0.302	0.284	0.278	0.204	0.332	0.277	0.202	0.243	0.297	0.264	0.293	0.314	0.291	2.028	0.736	0.253	0.187	1.999	-8492.107
144	8	500	493	0.5227	0.275	0.245	0.337	0.343	0.304	0.251	0.318	0.249	0.291	0.331	0.326	0.208	0.298	0.278	2.027	0.540	0.366	0.200	3.707	-8944.484
145	8	500	494	0.5052	0.355	0.292	0.320	0.270	0.332	0.267	0.347	0.362	0.210	0.301	0.241	0.334	0.327	0.295	2.142	0.595	0.291	0.202	6.077	-8822.717
146	8	500	493	0.5169	0.269	0.299	0.269	0.335	0.285	0.266	0.272	0.282	0.305	0.280	0.288	0.282	0.257	0.275	1.983	0.547	0.252	0.178	1.000	-8647.542
147	8	500	494	0.5177	0.286	0.285	0.332	0.300	0.318	0.268	0.285	0.322	0.310	0.299	0.284	0.234	0.319	0.279	1.917	0.713	0.244	0.212	3.383	-8835.498
148	8	500	497	0.5306	0.361	0.325	0.307	0.279	0.247	0.377	0.332	0.315	0.325	0.275	0.324	0.313	0.300	0.277	1.925	0.651	0.332	0.200	8.178	-9071.172
149	8	500	494	0.5156	0.302	0.351	0.334	0.323	0.289	0.319	0.365	0.330	0.320	0.249	0.353	0.272	0.335	0.280	1.968	0.629	0.324	0.221	7.330	-9137.752
150	8	500	495	0.4962	3.312	0.279	0.318	0.293	0.212	0.293	0.328	3.320	0.265	0.276	0.267	0.341	0.290	0.274	2.312	0.636	0.354	0.223	998.999	-8737.051
151	8	500	494	0.5041	0.162	0.310	0.283	0.336	0.315	0.294	0.306	0.522	0.337	0.327	0.279	0.294	0.265	0.269	1.888	0.602	0.301	0.190	1.000	-8976.831
152	8	500	491	0.5177	0.428	0.275	0.259	0.293	0.322	0.291	0.322	0.422	0.289	0.296	0.305	0.418	0.255	0.338	1.960	0.630	0.326	0.186	19.354	-8877.277
153	8	500	491	0.5002	0.311	0.265	0.313	0.320	0.300	0.281	0.303	0.307	0.286	0.251	0.311	0.267	0.251	0.356	1.940	0.595	0.270	0.184	1.572	-8745.404
154	8	500	495	0.5068	0.404	0.227	0.276	0.327	0.268	0.295	0.252	0.420	0.256	0.287	0.312	0.323	0.337	0.318	2.123	0.590	0.346	0.178	3.571	-8849.985
155	8	500	495	0.5135	0.401	0.411	0.310	0.277	0.266	0.329	0.317	0.323	0.350	0.286	0.300	0.278	0.310	0.256	2.161	0.687	0.271	0.227	9.380	-8987.716
156	8	500	492	0.5113	0.292	0.324	0.312	0.258	0.365	0.250	0.357	0.299	0.268	0.335	0.330	0.339	0.333	0.257	2.091	0.516	0.303	0.199	1.793	-9048.304
157	8	500	495	0.5065	0.301	0.249	0.288	0.381	0.309	0.296	0.268	0.255	0.397	0.277	0.288	0.260	0.315	0.304	1.843	0.579	0.289	0.199	1.000	-8912.451
158	8	500	495	0.5113	0.314	0.284	0.272	0.323	0.310	0.256	0.329	0.322	0.299	0.260	0.298	0.242	0.331	0.297	1.874	0.649	0.281	0.216	2.124	-8916.299
159	8	500	493	0.5160	0.345	0.309	0.292	0.285	0.305	0.308	0.313	0.347	0.214	0.276	0.306	0.289	0.341	0.331	1.954	0.624	0.333	0.210	1.000	-9046.707
160	8	500	495	0.5032	0.322	0.280	0.329	0.345	0.331	0.335	0.288	0.390	0.246	0.279	0.253	0.361	0.295	0.302	2.066	0.595	0.282	0.197	3.951	-8996.851
161	8	500	488	0.5070	0.320	0.332	0.346	0.269	0.300	0.257	0.313	0.330	0.265	0.296	0.291	0.320	0.277	0.333	2.025	0.648	0.296	0.201	8.889	-8824.597
162	8	500	494	0.5052	0.338	0.229	0.320	0.254	0.311	0.321	0.282	0.332	0.334	0.264	0.266	0.280	0.291	0.261	2.019	0.691	0.295	0.192	5.886	-8742.416
163	8	500	493	0.4996	0.359	0.234	0.268	0.261	0.331	0.293	0.314	0.382	0.300	0.318	0.352	0.294	0.288	0.272	2.044	0.645	0.307	0.189	9.537	-8758.710
164	8	500	495	0.5214	0.344	0.268	0.343	0.327	0.348	0.282	0.320	0.326	0.275	0.330	0.288	0.328	0.311	0.325	1.835	0.661	0.318	0.258	11.436	-9211.928
165	8	500	493	0.5038	0.295	0.357	0.271	0.283	0.221	0.343	0.254	0.296	0.320	0.326	0.296	0.279	0.328	0.303	1.899	0.600	0.343	0.192	3.393	-8906.563
166	8	500	495	0.5121	0.282	0.347	0.341	0.249	0.286	0.317	0.303	0.308	0.333	0.329	0.313	0.341	0.294	0.328	2.190	0.651	0.285	0.224	3.526	-9065.881
167	8	500	495	0.5156	0.449	0.244	0.301	0.290	0.331	0.285	0.287	0.480	0.275	0.294	0.261	0.340	0.293	0.280	1.903	0.656	0.331	0.190	39.403	-8778.413
168	8	500	494	0.5048	0.418	0.260	0.295	0.296	0.238	0.318	0.271	0.353	0.236	0.255	0.292	0.337	0.341	0.286	2.111	0.644	0.327	0.207	17.043	-8724.073
169	8	500	495	0.5079	0.289	0.255	0.328	0.274	0.363	0.284	0.255	0.323	0.355	0.293	0.309	0.211	0.273	0.271	2.113	0.667	0.269	0.208	4.292	-8717.222
170	8	500	489	0.5004	0.566	0.321	0.290	0.223	0.287	0.311	0.263	0.000	0.274	0.291	0.273	0.306	0.304	0.328	2.029	0.591	0.298	0.218	1.000	-8787.196
171	8	500	494	0.5304	0.416	0.308	0.251	0.332	0.301	0.256	0.317	0.326	0.283	0.254	0.311	0.248	0.252	0.292	2.499	0.604	0.371	0.180	12.138	-8648.365
172	8	500	492	0.5148	0.286	0.254	0.270	0.290	0.253	0.339	0.328	0.295	0.303	0.278	0.280	0.263	0.310	0.284	1.904	0.713	0.287	0.204	29.078	-8768.953
173	8	500	493	0.5088	0.332	0.324	0.299	0.329	0.295	0.337	0.267	0.333	0.330	0.349	0.313	0.237	0.280	0.335	2.069	0.616	0.318	0.187	6.603	-8984.938
174	8	500	494	0.5008	0.330	0.345	0.277	0.379	0.264	0.304	0.261	0.375	0.338	0.356	0.286	0.346	0.282	0.263	1.884	0.641	0.271	0.226	4.959	-9043.561
175	8	500	494	0.5226	0.338	0.299	0.339	0.305	0.362	0.293	0.305	0.282	0.327	0.307	0.312	0.282	0.282	0.298	2.140	0.642	0.302	0.211	5.548	-9001.914
176	8	500	491	0.5202	0.277	0.295	0.294	0.254	0.355	0.278	0.329	0.257	0.280	0.254	0.282	0.300	0.331	0.295	2.224	0.533	0.258	0.180	1.210	-8734.592
177	8	500	490	0.5051	0.279	0.253	0.276	0.295	0.257	0.301	0.285	0.248	0.334	0.264	0.309	0.225	0.298	0.256	1.888	0.719	0.255	0.201	1.000	-8568.561
178	8	500	493	0.5182	0.381	0.283	0.285	0.299	0.295	0.307	0.304	0.373	0.281	0.268	0.296	0.350	0.298	0.248	2.093	0.636	0.323	0.204	7.862	-8855.122
179	8	500	493	0.5175	0.254	0.195	0.260	0.327	0.333	0.296	0.286	0.290	0.281	0.359	0.312	0.297	0.333	0.295	1.954	0.546	0.285	0.184	1.602	-8893.882
180	8	500	492	0.5185	0.383	0.298	0.376	0.289	0.336	0.285	0.301	0.378	0.330	0.352	0.247	0.349	0.315	0.303	2.041	0.599	0.375	0.217	13.981	-9184.315
181	8	500	494	0.5191	0.256	0.324	0.253	0.327	0.396	0.331	0.300	0.200	0.299	0.272	0.263	0.397	0.318	0.289	1.981	0.627	0.283	0.178	2.959	-8873.612
182	8	500	495	0.5284	0.263	0.317	0.272	0.399	0.329	0.369	0.319	0.312	0.259	0.312	0.317	0.363	0.325	0.342	2.042	0.639	0.237	0.237	3.415	-9243.167
183	8	500	493	0.5144	0.336	0.374	0.299	0.293	0.257	0.355	0.309	0.252	0.264	0.244	0.350	0.344	0.283	0.272	1.991	0.633	0.335	0.203	9.470	-8928.059
184	8	500	494	0.5227	0.354	0.274	0.361	0.337	0.286	0.300	0.251	0.363	0.314	0.289	0.311	0.254	0.284	0.280	2.067	0.648	0.298	0.191	6.619	-8896.075
185	8	500	495	0.5062	0.276	0.307	0.303	0.332	0.395	0.308	0.300	0.285	0.264	0.269	0.299	0.332	0.345	0.214	2.049	0.689	0.274	0.197	8.333	-8858.911
186	8	500	492	0.4993	0.319	0.256	0.265	0.318	0.358	0.291	0.274	0.271	0.281	0.266	0.307	0.292	0.306	0.283	2.076	0.515	0.281	0.181	1.299	-8793.725
187	8	500	496	0.5357	0.324	0.317	0.365	0.289	0.378	0.304	0.289	0.241	0.281	0.352	0.348	0.265	0.281	0.312	2.028	0.541	0.250	0.180	1.723	-9023.928
188	8	500	491	0.4958	0.253	0.375	0.315	0.251	0.273	0.291	0.211	0.264	0.323	0.292	0.265	0.263	0.353	0.315	2.003	0.665	0.250	0.181	2.183	-8569.365
189	8	500	492	0.5149	0.323	0.323	0.317	0.306	0.272	0.263	0.303	0.269	0.366	0.330	0.181	0.259	0.337	0.230	1.937	0.632	0.279	0.198	3.066	-8726.787
190	8	500	494	0.5032	0.279	0.301	0.281	0.328	0.273	0.298	0.294	0.284	0.322	0.338	0.289	0.313	0.371	0.223	2.174	0.702	0.283	0.206	14.296	-8786.659
191	8	500	494	0.5227	1.177	0.272	0.326	0.282	0.306	0.297	0.244	1.100	0.302	0.268	0.273	0.306	0.264	0.288	2.046	0.639	0.333	0.223	96.529	-8822.313
192	8	500	495	0.5119	1.366	0.291	0.246	0.276	0.306	0.321	0.308	1.231	0.355	0.333	0.362	0.257	0.230	0.266	2.126	0.673	0.324	0.220	999.000	-8870.082
193	8	500	497	0.5103	0.269	0.273	0.233	0.290	0.282	0.282	0.289	0.429	0.353	0.288	0.283	0.275	0.289	0.274	2.015	0.613	0.363	0.185	4.988	-8758.414
194	8	500	494	0.5092	0.261	0.242	0.334	0.306	0.261	0.290	0.267	0.281	0.259	0.370	0.236	0.342	0.264	0.299	2.102	0.495	0.353	0.173	1.000	-8787.871
195	8	500	495	0.5169	0.273	0.287	0.301	0.246	0.302	0.368	0.298	0.178	0.340	0.309	0.317	0.297	0.279	0.288	2.189	0.553	0.269	0.189	1.000	-8806.917
196	8	500	489	0.5261	0.283	0.290	0.302	0.237	0.262	0.246	0.294	0.237	0.261	0.335	0.255	0.322	0.279	0.289	1.964	0.609	0.283	0.175	2.253	-8645.716
197	8	500	490	0.5178	0.293	0.300	0.347	0.281	0.337	0.325	0.310	0.322	0.268	0.328	0.269	0.289	0.335	0.312	1.858	0.587	0.320	0.201	2.239	-9056.183
198	8	500	496	0.5085	0.287	0.323	0.313	0.297	0.250	0.399	0.295	0.311	0.312	0.305	0.317	0.322	0.296	0.305	1.921	0.595	0.286	0.189	4.222	-9021.780
199	8	500	493	0.5268	0.805	0.297	0.289	0.329	0.315	0.246	0.301	0.818	0.313	0.322	0.312	0.334	0.327	0.308	2.039	0.638	0.335	0.208	90.719	-8995.270
200	8	500	491	0.5247	0.252	0.346	0.261	0.330	0.389	0.285	0.280	0.233	0.272	0.317	0.280	0.279	0.272	0.297	2.082	0.611	0.316	0.207	1.000	-8833.969
201	8	500	496	0.5308	0.314	0.355	0.296	0.272	0.317	0.266	0.307	0.302	0.344	0.256	0.296	0.252	0.290	0.286	2.114	0.621	0.310	0.194	2.690	-8863.681
202	8	500	496	0.5095	0.198	0.341	0.311	0.239	0.366	0.309	0.304	0.237	0.200	0.282	0.294	0.302	0.270	0.338	1.767	0.576	0.223	0.201	1.467	-8760.697
203	8	500	494	0.5155	0.309	0.277	0.252	0.294	0.252	0.266	0.341	0.271	0.299	0.266	0.281	0.321	0.345	0.297	2.032	0.680	0.313	0.206	1.000	-8792.812
204	8	500	490	0.5223	0.266	0.268	0.294	0.307	0.378	0.313	0.289	0.299	0.285	0.287	0.264	0.295	0.284	0.262	2.015	0.678	0.314	0.209	25.199	-8763.677
205	8	500	496	0.5160	0.418	0.357	0.319	0.255	0.248	0.337	0.305	0.413	0.259	0.340	0.279	0.236	0.338	0.294	1.924	0.701	0.269	0.209	11.248	-8880.558
206	8	500	496	0.5052	4.474	0.428	0.283	0.280	0.240	0.307	0.295	4.523	0.384	0.324	0.306	0.325	0.296	0.331	2.311	0.629	0.357	0.212	998.999	-9057.787
207	8	500	492	0.5097	0.171	0.346	0.321	0.327	0.357	0.265	0.292	0.149	0.381	0.337	0.323	0.428	0.293	0.347	1.980	0.459	0.181	0.209	950.903	-9043.509
208	8	500	495	0.4974	0.184	0.321	0.301	0.290	0.364	0.336	0.349	0.192	0.356	0.318	0.344	0.428	0.251	0.350	2.222	0.429	0.219	0.188	947.264	-9047.428
209	8	500	497	0.5272	0.285	0.361	0.311	0.278	0.346	0.321	0.294	0.000	0.370	0.333	0.293	0.254	0.315	0.289	2.056	0.461	0.183	0.171	855.089	-8750.115
210	8	500	495	0.5107	0.278	0.292	0.334	0.279	0.318	0.255	0.346	0.325	0.273	0.281	0.302	0.363	0.287	0.342	1.886	0.579	0.307	0.203	2.872	-9022.335
211	8	500	490	0.5212	0.303	0.318	0.370	0.276	0.376	0.290	0.351	0.237	0.436	0.320	0.355	0.309	0.297	0.401	1.957	0.559	0.328	0.191	1.215	-9355.291
212	8	500	488	0.5002	0.365	0.341	0.339	0.318	0.296	0.288	0.318	0.302	0.265	0.310	0.299	0.262	0.294	0.293	1.960	0.600	0.316	0.186	3.864	-8925.066
213	8	500	491	0.4953	0.392	0.323	0.352	0.273	0.273	0.277	0.315	0.391	0.370	0.319	0.244	0.276	0.295	0.316	2.130	0.667	0.279	0.205	12.843	-8808.880
214	8	500	489	0.5112	0.316	0.385	0.254	0.327	0.269	0.344	0.302	0.329	0.313	0.257	0.284	0.280	0.302	0.274	1.841	0.682	0.317	0.168	57.960	-8810.451
215	8	500	496	0.5175	0.566	0.258	0.285	0.308	0.297	0.274	0.337	0.369	0.342	0.299	0.280	0.236	0.356	0.254	2.206	0.643	0.343	0.201	35.368	-8881.944
216	8	500	489	0.5154	0.285	0.326	0.301	0.260	0.312	0.292	0.346	0.320	0.242	0.314	0.315	0.307	0.320	0.359	2.008	0.634	0.311	0.189	10.485	-8890.002
217	8	500	492	0.5204	0.279	0.329	0.219	0.383	0.369	0.280	0.285	0.282	0.292	0.297	0.287	0.297	0.292	0.265	2.075	0.573	0.342	0.166	2.214	-8870.382
218	8	500	492	0.5078	0.027	0.310	0.252	0.318	0.298	0.342	0.270	0.645	0.381	0.338	0.334	0.309	0.284	0.336	1.922	0.589	0.375	0.182	5.675	-9140.845
219	8	500	496	0.5169	4.904	0.342	0.326	0.376	0.321	0.297	0.295	4.938	0.410	0.313	0.268	0.266	0.271	0.288	2.159	0.673	0.312	0.220	998.996	-9020.731
220	8	500	496	0.5150	6.819	0.308	0.249	0.327	0.342	0.349	0.274	6.833	0.266	0.300	0.324	0.323	0.307	0.277	1.895	0.641	0.332	0.209	944.219	-8990.723
221	8	500	494	0.5052	0.541	0.262	0.289	0.284	0.324	0.226	0.312	0.077	0.253	0.262	0.248	0.312	0.285	0.294	2.322	0.659	0.296	0.230	4.913	-8646.974
222	8	500	496	0.5132	0.381	0.289	0.252	0.334	0.260	0.291	0.265	0.318	0.353	0.342	0.269	0.282	0.340	0.305	2.102	0.614	0.359	0.197	3.247	-8938.070
223	8	500	490	0.5185	0.339	0.169	0.284	0.299	0.264	0.283	0.310	0.349	0.313	0.266	0.261	0.302	0.267	0.295	2.199	0.674	0.315	0.212	8.991	-8633.167
224	8	500	496	0.5083	0.307	0.300	0.358	0.234	0.264	0.277	0.296	0.297	0.231	0.326	0.308	0.312	0.268	0.339	1.897	0.708	0.248	0.213	4.740	-8831.204
225	8	500	493	0.5186	0.272	0.342	0.297	0.333	0.274	0.284	0.284	0.306	0.221	0.350	0.304	0.304	0.208	0.344	2.125	0.634	0.284	0.160	2.121	-8702.919
226	8	500	492	0.5164	0.297	0.296	0.301	0.369	0.365	0.323	0.261	0.318	0.368	0.272	0.309	0.349	0.257	0.305	2.112	0.503	0.280	0.170	2.399	-9018.488
227	8	500	491	0.5208	0.341	0.277	0.313	0.316	0.295	0.296	0.306	0.332	0.312	0.254	0.349	0.312	0.291	0.317	2.049	0.671	0.329	0.197	1.000	-8936.415
228	8	500	492	0.5123	0.338	0.302	0.277	0.367	0.232	0.306	0.269	0.282	0.307	0.278	0.300	0.243	0.272	0.322	1.984	0.531	0.304	0.202	1.000	-8885.526
229	8	500	491	0.5133	0.362	0.273	0.269	0.313	0.265	0.299	0.287	0.325	0.277	0.296	0.322	0.273	0.282	0.289	1.908	0.614	0.295	0.199	3.182	-8849.941
230	8	500	496	0.5139	0.380	0.275	0.285	0.322	0.289	0.262	0.317	0.371	0.317	0.292	0.340	0.264	0.335	0.301	1.995	0.665	0.287	0.224	13.615	-8933.832
231	8	500	494	0.5167	0.379	0.316	0.251	0.290	0.320	0.290	0.303	0.360	0.364	0.321	0.295	0.314	0.304	0.344	2.118	0.608	0.327	0.184	8.933	-8929.805
232	8	500	493	0.5131	0.352	0.292	0.268	0.325	0.328	0.219	0.298	0.326	0.259	0.307	0.311	0.278	0.294	0.282	2.027	0.593	0.301	0.200	3.990	-8853.342
233	8	500	491	0.5234	0.286	0.317	0.294	0.232	0.232	0.346	0.238	0.243	0.330	0.296	0.303	0.329	0.275	0.275	2.188	0.635	0.335	0.203	2.416	-8776.583
234	8	500	498	0.5450	0.377	0.297	0.262	0.265	0.339	0.280	0.300	0.338	0.280	0.281	0.348	0.274	0.319	0.302	1.737	0.662	0.313	0.199	8.891	-8959.341
235	8	500	494	0.5218	0.297	0.337	0.373	0.254	0.242	0.277	0.275	0.271	0.369	0.302	0.342	0.271	0.300	0.292	2.075	0.588	0.299	0.207	1.000	-8944.811
236	8	500	495	0.5107	0.267	0.272	0.291	0.353	0.336	0.337	0.328	0.280	0.304	0.309	0.256	0.342	0.263	0.316	1.817	0.664	0.310	0.208	7.271	-8999.451
237	8	500	491	0.5247	0.364	0.332	0.329	0.321	0.274	0.259	0.293	0.345	0.278	0.314	0.375	0.280	0.291	0.296	2.039	0.594	0.377	0.187	7.975	-9020.786
238	8	500	492	0.5315	0.551	0.231	0.273	0.259	0.344	0.287	0.266	0.522	0.304	0.283	0.318	0.306	0.261	0.334	2.172	0.662	0.295	0.173	20.695	-8674.991
239	8	500	488	0.4913	9.908	0.249	0.322	0.310	0.286	0.309	0.278	10.000	0.256	0.347	0.268	0.330	0.248	0.288	2.207	0.637	0.333	0.171	998.997	-8700.237
240	8	500	493	0.5188	1.470	0.358	0.376	0.285	0.278	0.321	0.233	1.499	0.348	0.365	0.320	0.352	0.369	0.321	2.152	0.611	0.386	0.184	955.346	-9269.234
241	8	500	496	0.5012	0.354	0.238	0.276	0.280	0.335	0.306	0.339	0.425	0.244	0.286	0.315	0.339	0.311	0.322	1.909	0.593	0.346	0.191	10.770	-8991.532
242	8	500	493	0.5178	0.236	0.265	0.316	0.314	0.317	0.278	0.296	0.253	0.341	0.244	0.256	0.245	0.327	0.227	1.902	0.694	0.263	0.208	3.905	-8637.951
243	8	500	496	0.5182	0.343	0.275	0.288	0.326	0.291	0.330	0.297	0.360	0.291	0.266	0.315	0.324	0.318	0.287	2.111	0.574	0.372	0.205	5.914	-9045.152
244	8	500	489	0.5075	0.283	0.268	0.283	0.298	0.290	0.288	0.369	0.374	0.282	0.313	0.309	0.319	0.283	0.298	1.892	0.546	0.330	0.199	1.479	-9054.016
245	8	500	491	0.5037	0.669	0.326	0.324	0.290	0.293	0.276	0.355	0.671	0.290	0.297	0.316	0.284	0.275	0.317	2.038	0.651	0.326	0.223	49.002	-9034.908
246	8	500	496	0.5202	0.284	0.270	0.236	0.330	0.250	0.281	0.380	0.353	0.342	0.334	0.291	0.256	0.262	0.300	1.972	0.662	0.273	0.226	5.499	-8904.767
247	8	500	495	0.5099	0.335	0.322	0.336	0.298	0.290	0.290	0.330	0.332	0.255	0.311	0.287	0.318	0.351	0.327	2.092	0.629	0.329	0.198	4.668	-9058.754
248	8	500	490	0.5134	0.307	0.341	0.299	0.355	0.315	0.301	0.318	0.327	0.275	0.339	0.338	0.376	0.303	0.311	2.002	0.586	0.391	0.197	10.865	-9165.059
249	8	500	497	0.5201	0.531	0.281	0.346	0.353	0.344	0.280	0.331	0.554	0.305	0.292	0.322	0.301	0.298	0.286	1.869	0.676	0.299	0.229	54.510	-9079.904
250	8	500	491	0.5202	0.319	0.347	0.294	0.263	0.226	0.249	0.348	0.258	0.325	0.291	0.298	0.281	0.290	0.328	1.954	0.600	0.313	0.200	2.515	-8886.409
251	8	500	491	0.5208	0.292	0.344	0.306	0.312	0.310	0.331	0.288	0.212	0.390	0.291	0.249	0.344	0.287	0.293	2.134	0.486	0.341	0.211	1.000	-9106.980
252	8	500	494	0.5457	0.241	0.309	0.262	0.321	0.293	0.293	0.304	0.246	0.280	0.310	0.270	0.332	0.304	0.321	2.107	0.654	0.329	0.214	1.000	-8909.608
253	8	500	491	0.5217	0.277	0.345	0.253	0.253	0.239	0.216	0.278	0.353	0.273	0.296	0.301	0.306	0.294	0.306	1.983	0.657	0.263	0.215	2.162	-8644.125
254	8	500	495	0.5127	0.289	0.264	0.347	0.342	0.311	0.305	0.310	0.345	0.322	0.258	0.350	0.304	0.316	0.331	2.021	0.619	0.309	0.179	2.530	-9044.529
255	8	500	495	0.5111	0.331	0.380	0.332	0.299	0.308	0.270	0.330	0.292	0.235	0.267	0.283	0.284	0.287	0.338	2.042	0.651	0.296	0.206	6.709	-8888.873
256	8	500	495	0.5011	0.272	0.311	0.265	0.305	0.283	0.261	0.328	0.277	0.357	0.328	0.285	0.419	0.341	0.296	1.953	0.584	0.322	0.206	4.165	-9036.206
257	8	500	488	0.5228	0.300	0.275	0.284	0.352	0.304	0.295	0.308	0.286	0.278	0.242	0.321	0.358	0.269	0.345	2.081	0.646	0.296	0.192	5.870	-8826.746
258	8	500	490	0.5155	6.078	0.324	0.328	0.283	0.283	0.302	0.301	6.065	0.294	0.353	0.306	0.361	0.299	0.288	1.898	0.570	0.410	0.195	998.991	-9128.228
259	8	500	495	0.5304	0.368	0.327	0.296	0.356	0.380	0.344	0.320	0.112	0.295	0.345	0.296	0.270	0.315	0.308	1.816	0.600	0.307	0.187	4.435	-9167.454
260	8	500	496	0.5245	0.326	0.356	0.311	0.304	0.212	0.293	0.291	0.340	0.276	0.277	0.310	0.321	0.268	0.301	2.023	0.646	0.273	0.209	3.049	-8880.685
261	8	500	497	0.5049	0.448	0.260	0.279	0.255	0.319	0.270	0.286	0.409	0.244	0.294	0.374	0.370	0.292	0.286	2.124	0.707	0.264	0.210	23.510	-8721.545
262	8	500	486	0.5126	0.320	0.247	0.278	0.313	0.241	0.262	0.263	0.279	0.254	0.297	0.302	0.358	0.292	0.277	2.001	0.599	0.314	0.201	2.324	-8710.193
263	8	500	492	0.5326	0.269	0.297	0.284	0.321	0.328	0.291	0.287	0.282	0.301	0.336	0.291	0.242	0.316	0.251	1.983	0.528	0.307	0.187	1.755	-8894.521
264	8	500	490	0.5345	0.276	0.328	0.277	0.293	0.314	0.272	0.305	0.289	0.301	0.338	0.273	0.294	0.272	0.312	1.878	0.640	0.320	0.189	5.276	-8850.091
265	8	500	491	0.5345	0.250	0.284	0.240	0.315	0.316	0.280	0.359	0.287	0.340	0.308	0.308	0.290	0.307	0.387	2.030	0.684	0.288	0.207	6.375	-8938.055
266	8	500	492	0.5142	0.243	0.244	0.331	0.317	0.285	0.318	0.318	0.263	0.264	0.311	0.313	0.317	0.244	0.341	2.042	0.608	0.306	0.164	2.855	-8812.065
267	8	500	496	0.5074	0.312	0.290	0.317	0.322	0.312	0.318	0.248	0.272	0.322	0.288	0.299	0.254	0.312	0.284	2.047	0.589	0.344	0.191	2.338	-8904.247
268	8	500	492	0.5154	0.323	0.300	0.322	0.311	0.339	0.305	0.315	0.308	0.295	0.268	0.327	0.279	0.272	0.315	1.934	0.640	0.307	0.196	4.593	-8937.306
269	8	500	497	0.5086	0.306	0.251	0.303	0.284	0.337	0.350	0.352	0.297	0.306	0.307	0.299	0.431	0.318	0.313	1.997	0.609	0.318	0.215	3.160	-9234.280
270	8	500	491	0.5128	7.574	0.287	0.323	0.299	0.339	0.330	0.279	7.110	0.303	0.266	0.294	0.314	0.306	0.274	1.703	0.601	0.373	0.206	998.993	-8998.858
271	8	500	497	0.4987	0.219	0.253	0.314	0.249	0.374	0.297	0.313	0.495	0.242	0.305	0.268	0.267	0.266	0.347	1.997	0.633	0.332	0.194	7.894	-8858.534
272	8	500	493	0.5128	0.322	0.287	0.288	0.322	0.282	0.324	0.352	0.238	0.405	0.309	0.289	0.331	0.250	0.318	2.005	0.638	0.291	0.169	4.300	-8882.932
273	8	500	490	0.5101	0.390	0.344	0.300	0.326	0.287	0.303	0.258	0.321	0.309	0.271	0.316	0.297	0.323	0.265	2.180	0.645	0.330	0.202	10.240	-8880.264
274	8	500	490	0.5078	0.241	0.327	0.307	0.296	0.244	0.263	0.266	0.288	0.338	0.305	0.279	0.199	0.287	0.282	1.995	0.632	0.315	0.213	2.679	-8703.538
275	8	500	487	0.5174	0.506	0.236	0.307	0.335	0.268	0.273	0.277	0.481	0.287	0.304	0.317	0.299	0.313	0.297	2.070	0.676	0.290	0.214	32.598	-8810.653
276	8	500	494	0.5123	0.339	0.252	0.270	0.241	0.306	0.323	0.312	0.406	0.321	0.285	0.322	0.354	0.262	0.342	2.142	0.664	0.275	0.185	8.259	-8766.431
277	8	500	487	0.5300	13.577	0.258	0.307	0.297	0.293	0.329	0.285	13.535	0.321	0.313	0.255	0.254	0.290	0.281	2.024	0.641	0.318	0.217	999.000	-8897.182
278	8	500	496	0.5052	0.250	0.210	0.307	0.340	0.254	0.348	0.309	0.296	0.274	0.327	0.286	0.358	0.311	0.270	1.875	0.608	0.340	0.195	4.334	-8926.144
279	8	500	493	0.5156	0.300	0.326	0.242	0.352	0.294	0.301	0.270	0.320	0.329	0.235	0.331	0.290	0.303	0.326	2.048	0.561	0.298	0.207	1.522	-8954.587
280	8	500	491	0.5155	0.295	0.294	0.263	0.328	0.279	0.362	0.325	0.306	0.334	0.339	0.281	0.364	0.230	0.275	1.930	0.644	0.313	0.182	2.583	-8941.025
281	8	500	497	0.5042	0.294	0.295	0.309	0.255	0.297	0.303	0.313	0.305	0.285	0.304	0.311	0.321	0.252	0.321	2.125	0.572	0.320	0.195	2.426	-8909.858
282	8	500	493	0.5260	0.295	0.365	0.291	0.326	0.276	0.311	0.282	0.218	0.267	0.306	0.274	0.248	0.283	0.328	1.961	0.624	0.326	0.199	4.090	-8852.156
283	8	500	493	0.5103	0.317	0.318	0.305	0.299	0.259	0.314	0.272	0.273	0.328	0.277	0.305	0.282	0.329	0.343	2.183	0.602	0.373	0.228	3.418	-9033.839
284	8	500	498	0.5259	0.244	0.279	0.326	0.315	0.303	0.310	0.262	0.311	0.285	0.327	0.324	0.247	0.291	0.286	2.041	0.539	0.261	0.213	1.667	-8931.816
285	8	500	487	0.5214	0.215	0.232	0.292	0.306	0.319	0.306	0.240	0.294	0.222	0.314	0.276	0.355	0.289	0.242	1.786	0.652	0.320	0.185	3.326	-8651.361
286	8	500	492	0.5110	0.288	0.325	0.306	0.214	0.287	0.284	0.305	0.308	0.314	0.276	0.336	0.292	0.318	0.303	2.098	0.638	0.314	0.200	5.455	-8809.657
287	8	500	488	0.5095	0.345	0.341	0.261	0.301	0.321	0.312	0.377	0.325	0.301	0.271	0.252	0.261	0.230	0.327	1.913	0.635	0.337	0.187	1.969	-8833.592
288	8	500	488	0.5302	0.286	0.329	0.373	0.325	0.301	0.356	0.278	0.270	0.335	0.289	0.335	0.271	0.306	0.322	2.109	0.595	0.312	0.198	4.631	-9070.462
289	8	500	490	0.5132	0.356	0.316	0.266	0.273	0.231	0.294	0.306	0.347	0.292	0.322	0.378	0.336	0.303	0.303	1.922	0.662	0.310	0.253	15.127	-8994.827
290	8	500	487	0.5125	0.608	0.353	0.307	0.278	0.278	0.316	0.283	0.624	0.299	0.254	0.256	0.334	0.296	0.283	2.086	0.629	0.347	0.201	61.201	-8783.903
291	8	500	495	0.5098	0.414	0.298	0.243	0.282	0.266	0.270	0.285	0.343	0.333	0.253	0.308	0.270	0.275	0.285	2.028	0.677	0.283	0.187	11.234	-8590.920
292	8	500	496	0.4952	8.836	0.348	0.324	0.319	0.269	0.245	0.291	8.748	0.358	0.276	0.305	0.248	0.254	0.275	2.056	0.678	0.294	0.214	998.999	-8807.964
293	8	500	496	0.5228	0.503	0.257	0.298	0.279	0.358	0.338	0.260	0.105	0.277	0.281	0.357	0.273	0.302	0.278	2.045	0.552	0.285	0.202	2.771	-8937.626
294	8	500	494	0.5111	0.273	0.235	0.329	0.333	0.310	0.332	0.255	0.327	0.342	0.311	0.332	0.317	0.363	0.308	2.099	0.687	0.257	0.243	13.493	-9046.063
295	8	500	490	0.5181	0.276	0.284	0.352	0.311	0.301	0.270	0.308	0.359	0.267	0.317	0.358	0.342	0.253	0.289	2.009	0.577	0.371	0.173	5.842	-8985.881
296	8	500	496	0.5038	0.286	0.315	0.237	0.348	0.276	0.260	0.265	0.280	0.287	0.296	0.278	0.324	0.292	0.277	2.151	0.698	0.302	0.221	29.912	-8743.061
297	8	500	491	0.5088	0.317	0.297	0.350	0.270	0.214	0.314	0.355	0.339	0.338	0.268	0.266	0.257	0.291	0.254	2.140	0.655	0.316	0.207	9.163	-8767.807
298	8	500	495	0.4931	0.265	0.284	0.331	0.240	0.283	0.318	0.310	0.248	0.270	0.301	0.324	0.273	0.253	0.322	2.009	0.661	0.339	0.239	31.123	-8867.911
299	8	500	498	0.5161	15.867	0.377	0.310	0.293	0.238	0.357	0.259	15.793	0.311	0.289	0.266	0.251	0.323	0.322	2.088	0.640	0.315	0.225	998.998	-9044.297
300	8	500	495	0.5121	0.491	0.302	0.331	0.245	0.331	0.312	0.295	0.261	0.254	0.333	0.287	0.302	0.352	0.300	1.848	0.584	0.310	0.193	3.875	-9050.330
301	8	500	494	0.5231	5.100	0.305	0.319	0.321	0.324	0.304	0.282	5.163	0.323	0.269	0.337	0.210	0.318	0.323	1.986	0.655	0.331	0.227	998.996	-9070.463
302	8	500	497	0.5257	0.372	0.346	0.298	0.252	0.331	0.372	0.222	0.279	0.249	0.295	0.336	0.341	0.325	0.256	2.081	0.653	0.322	0.207	19.469	-8861.018
303	8	500	493	0.5208	0.248	0.369	0.305	0.315	0.214	0.278	0.343	0.300	0.306	0.344	0.287	0.315	0.367	0.330	2.020	0.627	0.306	0.191	2.155	-8977.502
304	8	500	499	0.5069	0.236	0.380	0.291	0.304	0.247	0.336	0.310	0.281	0.301	0.261	0.284	0.290	0.312	0.277	1.872	0.592	0.263	0.228	4.746	-8953.877
305	8	500	493	0.5257	0.255	0.306	0.313	0.327	0.346	0.254	0.287	0.332	0.325	0.360	0.331	0.331	0.286	0.252	2.020	0.621	0.309	0.203	3.950	-9018.488
306	8	500	492	0.5162	0.232	0.324	0.351	0.234	0.226	0.332	0.331	0.318	0.359	0.349	0.276	0.273	0.296	0.320	2.073	0.669	0.331	0.217	1.000	-8926.723
307	8	500	496	0.5199	0.286	0.294	0.281	0.284	0.362	0.298	0.289	0.282	0.369	0.287	0.236	0.306	0.332	0.299	2.034	0.626	0.289	0.210	2.302	-8910.219
308	8	500	493	0.5120	0.252	0.327	0.277	0.325	0.263	0.290	0.292	0.327	0.343	0.313	0.240	0.297	0.243	0.324	2.228	0.610	0.319	0.237	2.681	-8866.125
309	8	500	494	0.5117	0.281	0.332	0.249	0.329	0.296	0.291	0.287	0.357	0.286	0.286	0.370	0.231	0.274	0.235	1.902	0.696	0.259	0.193	1.724	-8703.382
310	8	500	489	0.5108	0.263	0.320	0.254	0.265	0.316	0.341	0.252	0.255	0.269	0.321	0.334	0.275	0.240	0.324	2.025	0.582	0.252	0.199	1.000	-8813.739
311	8	500	495	0.5048	0.328	0.308	0.288	0.318	0.280	0.284	0.327	0.260	0.215	0.339	0.323	0.342	0.247	0.312	2.149	0.610	0.321	0.197	1.747	-8875.710
312	8	500	493	0.5343	0.339	0.301	0.292	0.253	0.350	0.337	0.274	0.297	0.317	0.322	0.288	0.311	0.251	0.366	2.021	0.538	0.288	0.203	1.000	-9095.428
313	8	500	497	0.5245	0.317	0.306	0.306	0.279	0.321	0.331	0.340	0.332	0.246	0.294	0.335	0.269	0.324	0.365	2.199	0.631	0.321	0.185	3.441	-9057.247
314	8	500	497	0.5044	0.243	0.272	0.269	0.311	0.290	0.316	0.316	0.298	0.312	0.335	0.299	0.347	0.295	0.294	1.819	0.547	0.253	0.198	1.769	-8938.915
315	8	500	494	0.5001	0.258	0.308	0.312	0.280	0.216	0.253	0.238	0.256	0.247	0.300	0.316	0.275	0.306	0.328	1.979	0.653	0.301	0.205	4.152	-8639.762
316	8	500	494	0.5213	0.255	0.272	0.347	0.356	0.326	0.324	0.297	0.241	0.285	0.345	0.320	0.291	0.279	0.294	1.883	0.623	0.333	0.221	3.718	-9105.875
317	8	500	494	0.4973	0.308	0.265	0.284	0.327	0.319	0.263	0.312	0.226	0.367	0.255	0.318	0.318	0.322	0.276	2.104	0.530	0.251	0.194	1.852	-8887.954
318	8	500	490	0.5043	0.278	0.388	0.314	0.273	0.299	0.221	0.299	0.259	0.267	0.367	0.270	0.347	0.303	0.328	1.985	0.585	0.356	0.174	3.806	-8880.810
319	8	500	490	0.5146	0.269	0.346	0.264	0.296	0.292	0.252	0.283	0.234	0.293	0.280	0.301	0.247	0.246	0.276	1.792	0.631	0.286	0.171	2.103	-8530.013
320	8	500	493	0.5097	5.212	0.274	0.291	0.247	0.340	0.289	0.295	5.163	0.294	0.362	0.237	0.279	0.254	0.356	2.319	0.616	0.364	0.211	999.000	-8777.690
321	8	500	495	0.5019	0.533	0.301	0.253	0.253	0.244	0.303	0.298	0.005	0.279	0.269	0.346	0.342	0.268	0.318	2.012	0.592	0.235	0.181	1.711	-8743.525
322	8	500	492	0.5126	0.287	0.298	0.318	0.282	0.262	0.299	0.285	0.280	0.264	0.306	0.315	0.288	0.304	0.295	2.119	0.620	0.313	0.197	5.038	-8779.481
323	8	500	491	0.5010	0.388	0.344	0.288	0.339	0.362	0.312	0.286	0.448	0.315	0.332	0.229	0.284	0.293	0.255	1.926	0.631	0.349	0.202	17.231	-8957.307
324	8	500	490	0.5272	0.254	0.263	0.303	0.302	0.320	0.267	0.298	0.288	0.332	0.327	0.289	0.268	0.318	0.236	2.013	0.669	0.316	0.211	16.648	-8806.007
325	8	500	496	0.5302	0.241	0.390	0.320	0.283	0.282	0.276	0.339	0.316	0.271	0.318	0.275	0.301	0.284	0.292	2.021	0.695	0.305	0.211	68.799	-8918.731
326	8	500	491	0.5039	3.264	0.347	0.287	0.323	0.191	0.320	0.292	3.272	0.339	0.268	0.313	0.268	0.258	0.300	1.944	0.669	0.323	0.209	999.000	-8834.706
327	8	500	493	0.5110	0.261	0.359	0.311	0.260	0.435	0.293	0.297	0.228	0.377	0.333	0.354	0.322	0.280	0.262	2.171	0.543	0.212	0.185	945.746	-8965.403
328	8	500	490	0.5082	0.133	0.385	0.292	0.336	0.324	0.231	0.347	0.443	0.318	0.302	0.318	0.294	0.268	0.303	1.909	0.544	0.352	0.195	2.053	-9068.539
329	8	500	491	0.4996	0.263	0.261	0.264	0.329	0.369	0.305	0.298	0.269	0.308	0.285	0.330	0.292	0.311	0.321	2.158	0.598	0.316	0.184	4.487	-8836.637
330	8	500	490	0.5030	0.333	0.319	0.296	0.292	0.332	0.314	0.225	0.248	0.326	0.252	0.237	0.278	0.320	0.311	2.052	0.532	0.324	0.182	2.473	-8801.207
331	8	500	489	0.5277	0.302	0.320	0.292	0.344	0.278	0.263	0.281	0.313	0.224	0.295	0.321	0.340	0.319	0.295	2.201	0.616	0.356	0.200	3.417	-8869.973
332	8	500	492	0.5192	1.704	0.298	0.333	0.271	0.281	0.307	0.361	2.468	0.335	0.326	0.299	0.353	0.236	0.350	1.861	0.615	0.379	0.178	999.000	-9029.697
333	8	500	490	0.5052	0.291	0.397	0.273	0.288	0.395	0.247	0.338	0.000	0.435	0.264	0.305	0.427	0.304	0.301	2.189	0.478	0.223	0.168	877.428	-8874.535
334	8	500	492	0.5144	0.239	0.388	0.312	0.275	0.416	0.318	0.316	0.168	0.365	0.302	0.284	0.343	0.243	0.297	2.017	0.425	0.230	0.156	869.047	-8885.356
335	8	500	497	0.5223	0.589	0.301	0.348	0.287	0.296	0.339	0.313	0.583	0.245	0.371	0.298	0.302	0.333	0.283	2.024	0.669	0.297	0.202	28.136	-9079.407
336	8	500	497	0.5282	0.341	0.295	0.339	0.321	0.416	0.307	0.321	0.327	0.343	0.349	0.314	0.295	0.318	0.292	2.092	0.550	0.411	0.181	7.086	-9287.319
337	8	500	496	0.5108	0.285	0.348	0.348	0.294	0.301	0.303	0.303	0.302	0.310	0.299	0.354	0.313	0.297	0.255	2.036	0.633	0.367	0.232	19.466	-9144.203
338	8	500	492	0.5041	0.263	0.182	0.334	0.228	0.370	0.277	0.278	0.312	0.337	0.304	0.272	0.228	0.303	0.236	2.030	0.654	0.331	0.205	6.541	-8673.099
339	8	500	489	0.5002	0.246	0.285	0.278	0.322	0.290	0.280	0.294	0.316	0.293	0.282	0.293	0.358	0.319	0.290	2.164	0.595	0.295	0.194	4.574	-8761.123
340	8	500	495	0.5117	0.258	0.299	0.338	0.248	0.305	0.307	0.261	0.285	0.354	0.292	0.275	0.448	0.312	0.340	1.911	0.597	0.305	0.187	3.673	-9001.657
341	8	500	491	0.5171	0.268	0.260	0.269	0.303	0.298	0.324	0.280	0.232	0.271	0.278	0.290	0.286	0.302	0.267	1.963	0.616	0.294	0.194	1.475	-8695.509
342	8	500	496	0.4958	0.365	0.230	0.290	0.251	0.319	0.299	0.326	0.282	0.308	0.335	0.318	0.376	0.332	0.261	1.878	0.613	0.330	0.211	2.569	-9040.581
343	8	500	496	0.5058	0.340	0.328	0.357	0.340	0.255	0.347	0.309	0.399	0.242	0.299	0.367	0.322	0.304	0.362	1.875	0.625	0.333	0.192	11.292	-9188.268
344	8	500	489	0.5154	0.369	0.333	0.267	0.318	0.257	0.256	0.371	0.377	0.222	0.357	0.288	0.295	0.316	0.308	2.024	0.602	0.354	0.189	5.077	-8961.398
345	8	500	491	0.5180	0.206	0.299	0.311	0.286	0.267	0.279	0.327	0.285	0.311	0.250	0.324	0.263	0.394	0.295	1.909	0.569	0.289	0.202	1.750	-8889.805
346	8	500	491	0.5040	0.345	0.249	0.289	0.279	0.233	0.312	0.317	0.300	0.281	0.301	0.290	0.211	0.291	0.339	1.941	0.619	0.324	0.194	5.589	-8746.724
347	8	500	496	0.4918	0.302	0.313	0.294	0.320	0.274	0.326	0.290	0.314	0.304	0.270	0.276	0.311	0.341	0.277	2.068	0.653	0.339	0.199	24.163	-8845.975
348	8	500	489	0.5044	0.298	0.282	0.361	0.267	0.298	0.332	0.285	0.245	0.214	0.258	0.330	0.313	0.290	0.245	1.839	0.632	0.325	0.205	2.998	-8786.107
349	8	500	494	0.5057	0.331	0.287	0.325	0.267	0.320	0.327	0.308	0.306	0.293	0.364	0.299	0.257	0.306	0.330	2.056	0.607	0.257	0.199	1.398	-8977.646
350	8	500	498	0.5004	0.294	0.247	0.309	0.304	0.277	0.305	0.360	0.287	0.355	0.266	0.340	0.318	0.374	0.303	2.093	0.626	0.350	0.206	3.571	-9090.547
351	8	500	493	0.5057	0.318	0.278	0.238	0.309	0.267	0.397	0.318	0.337	0.293	0.284	0.317	0.286	0.322	0.317	1.850	0.574	0.280	0.201	1.974	-9009.884
352	8	500	493	0.5148	0.367	0.298	0.297	0.308	0.307	0.321	0.320	0.301	0.282	0.294	0.252	0.319	0.302	0.290	2.259	0.585	0.353	0.214	5.001	-8952.325
353	8	500	494	0.5082	0.273	0.311	0.334	0.321	0.329	0.259	0.250	0.212	0.346	0.292	0.238	0.321	0.300	0.304	2.230	0.648	0.224	0.220	5.065	-8771.565
354	8	500	495	0.5098	0.290	0.312	0.335	0.277	0.332	0.346	0.251	0.302	0.293	0.318	0.295	0.332	0.328	0.306	2.090	0.612	0.314	0.216	5.267	-9021.065
355	8	500	495	0.5150	0.339	0.358	0.326	0.263	0.208	0.309	0.345	0.287	0.324	0.304	0.252	0.291	0.349	0.256	1.883	0.689	0.306	0.202	30.597	-8885.019
356	8	500	494	0.5204	0.241	0.255	0.334	0.323	0.343	0.347	0.281	0.245	0.276	0.327	0.294	0.288	0.325	0.277	1.952	0.630	0.330	0.189	3.285	-8918.604
357	8	500	491	0.5219	0.439	0.278	0.330	0.247	0.269	0.294	0.315	0.336	0.277	0.261	0.272	0.272	0.360	0.310	2.096	0.624	0.368	0.204	48.813	-8824.492
358	8	500	493	0.5150	0.304	0.374	0.344	0.250	0.316	0.337	0.325	0.353	0.304	0.294	0.301	0.263	0.336	0.319	2.052	0.590	0.366	0.185	9.387	-9070.900
359	8	500	491	0.5098	0.336	0.248	0.317	0.310	0.289	0.312	0.276	0.380	0.305	0.291	0.313	0.313	0.351	0.279	1.981	0.604	0.372	0.188	5.683	-8950.571
360	8	500	488	0.5138	0.333	0.323	0.283	0.265	0.225	0.307	0.280	0.314	0.333	0.291	0.354	0.304	0.393	0.298	2.065	0.665	0.293	0.188	8.351	-8846.766
361	8	500	493	0.5162	0.312	0.337	0.341	0.258	0.245	0.290	0.285	0.397	0.313	0.270	0.281	0.356	0.354	0.256	2.088	0.625	0.342	0.207	7.902	-8887.149
362	8	500	493	0.5182	0.238	0.339	0.281	0.352	0.242	0.317	0.298	0.223	0.299	0.267	0.262	0.344	0.312	0.277	1.950	0.385	0.236	0.187	1.120	-8916.791
363	8	500	493	0.5118	0.298	0.352	0.321	0.305	0.315	0.261	0.337	0.301	0.313	0.324	0.309	0.305	0.289	0.259	2.195	0.646	0.304	0.199	2.353	-8934.009
364	8	500	496	0.5127	0.287	0.322	0.294	0.356	0.326	0.370	0.304	0.290	0.323	0.343	0.263	0.299	0.259	0.252	1.813	0.651	0.310	0.217	6.219	-9041.828
365	8	500	498	0.5106	0.242	0.263	0.273	0.323	0.337	0.293	0.340	0.334	0.275	0.281	0.323	0.257	0.295	0.353	2.064	0.591	0.269	0.202	1.712	-8934.558
366	8	500	488	0.5208	0.312	0.305	0.223	0.320	0.332	0.369	0.301	0.311	0.331	0.281	0.224	0.302	0.297	0.322	1.939	0.640	0.310	0.202	5.783	-8880.127
367	8	500	496	0.5280	0.336	0.256	0.316	0.328	0.331	0.299	0.289	0.373	0.272	0.289	0.277	0.297	0.353	0.325	1.970	0.663	0.303	0.231	9.801	-9039.952
368	8	500	500	0.4985	0.332	0.321	0.329	0.291	0.303	0.334	0.295	0.344	0.306	0.297	0.238	0.342	0.329	0.298	1.987	0.630	0.335	0.194	14.030	-8933.260
369	8	500	493	0.5130	0.268	0.342	0.295	0.379	0.309	0.290	0.285	0.290	0.309	0.320	0.312	0.288	0.259	0.362	2.039	0.616	0.274	0.208	2.710	-9040.256
370	8	500	488	0.5381	0.282	0.190	0.300	0.334	0.320	0.334	0.214	0.286	0.279	0.292	0.282	0.295	0.299	0.253	2.013	0.641	0.318	0.178	5.024	-8606.349
371	8	500	496	0.5093	0.469	0.292	0.277	0.268	0.316	0.284	0.281	0.453	0.340	0.333	0.351	0.301	0.282	0.296	1.956	0.647	0.343	0.192	52.339	-8953.810
372	8	500	495	0.5206	0.293	0.306	0.281	0.363	0.193	0.292	0.290	0.319	0.353	0.325	0.256	0.329	0.330	0.280	1.920	0.573	0.425	0.195	34.115	-9020.874
373	8	500	495	0.5175	0.293	0.318	0.282	0.292	0.322	0.341	0.313	0.321	0.296	0.287	0.276	0.280	0.294	0.284	1.837	0.690	0.239	0.187	2.328	-8821.149
374	8	500	493	0.5058	0.248	0.387	0.296	0.275	0.319	0.304	0.306	0.304	0.320	0.258	0.275	0.371	0.315	0.300	2.044	0.626	0.312	0.210	2.521	-8995.661
375	8	500	490	0.4998	0.308	0.293	0.332	0.310	0.315	0.277	0.288	0.236	0.286	0.320	0.281	0.280	0.237	0.368	2.132	0.621	0.311	0.192	2.909	-8775.343
376	8	500	492	0.5149	0.248	0.274	0.286	0.315	0.378	0.299	0.326	0.258	0.313	0.327	0.311	0.327	0.301	0.297	1.931	0.594	0.347	0.188	4.540	-9045.591
377	8	500	492	0.5151	0.358	0.384	0.285	0.264	0.267	0.270	0.322	0.305	0.311	0.273	0.285	0.260	0.280	0.258	1.997	0.646	0.315	0.211	5.641	-8810.423
378	8	500	492	0.5237	0.393	0.278	0.352	0.323	0.263	0.317	0.326	0.430	0.285	0.332	0.344	0.265	0.298	0.307	2.145	0.690	0.270	0.204	13.144	-8980.413
379	8	500	495	0.5032	0.324	0.284	0.360	0.270	0.324	0.344	0.293	0.282	0.236	0.286	0.281	0.328	0.272	0.309	1.863	0.646	0.231	0.202	2.175	-8853.935
380	8	500	494	0.5149	0.446	0.303	0.286	0.272	0.333	0.287	0.268	0.484	0.312	0.397	0.270	0.330	0.331	0.298	2.058	0.676	0.278	0.235	23.223	-8984.617
381	8	500	492	0.5056	0.336	0.306	0.344	0.349	0.275	0.274	0.252	0.368	0.238	0.240	0.297	0.324	0.312	0.342	2.174	0.652	0.304	0.192	7.842	-8809.452
382	8	500	487	0.5148	0.331	0.284	0.277	0.249	0.268	0.336	0.314	0.242	0.258	0.321	0.256	0.294	0.281	0.325	1.980	0.642	0.293	0.204	5.088	-8733.256
383	8	500	492	0.5201	0.271	0.290	0.326	0.311	0.328	0.314	0.274	0.315	0.308	0.289	0.264	0.375	0.300	0.315	2.043	0.539	0.367	0.196	3.199	-9038.187
384	8	500	489	0.5072	0.272	0.260	0.351	0.250	0.350	0.248	0.327	0.322	0.286	0.292	0.273	0.288	0.312	0.348	1.942	0.654	0.306	0.208	4.497	-8889.391
385	8	500	489	0.5099	0.241	0.286	0.292	0.351	0.274	0.249	0.311	0.264	0.238	0.277	0.285	0.307	0.338	0.310	1.881	0.530	0.245	0.189	1.000	-8757.805
386	8	500	494	0.5062	0.287	0.289	0.271	0.313	0.258	0.338	0.332	0.352	0.334	0.238	0.329	0.320	0.314	0.243	1.990	0.604	0.334	0.215	4.008	-8976.392
387	8	500	492	0.5219	0.324	0.324	0.298	0.274	0.297	0.275	0.270	0.259	0.339	0.272	0.290	0.264	0.301	0.284	2.196	0.652	0.285	0.218	3.258	-8769.812
388	8	500	486	0.5255	0.210	0.251	0.304	0.291	0.368	0.313	0.274	0.307	0.272	0.311	0.364	0.284	0.371	0.296	1.920	0.604	0.295	0.184	2.101	-8946.026
389	8	500	492	0.5132	0.217	0.318	0.319	0.312	0.372	0.318	0.324	0.246	0.346	0.278	0.320	0.262	0.331	0.320	2.116	0.627	0.277	0.225	2.391	-8992.734
390	8	500	496	0.4953	10.876	0.249	0.364	0.303	0.365	0.318	0.284	10.883	0.364	0.264	0.286	0.285	0.329	0.268	1.860	0.634	0.328	0.235	999.000	-9082.763
391	8	500	493	0.5268	0.526	0.285	0.356	0.280	0.338	0.281	0.318	0.106	0.340	0.349	0.328	0.336	0.294	0.359	2.001	0.574	0.331	0.188	2.073	-9178.809
392	8	500	491	0.5131	0.249	0.361	0.421	0.273	0.316	0.307	0.259	0.231	0.267	0.234	0.274	0.340	0.345	0.279	2.021	0.599	0.290	0.189	1.000	-8856.314
393	8	500	492	0.5063	0.321	0.307	0.260	0.256	0.339	0.291	0.334	0.276	0.325	0.291	0.360	0.303	0.270	0.356	2.104	0.619	0.349	0.195	5.526	-8991.737
394	8	500	489	0.5045	0.330	0.356	0.328	0.288	0.279	0.253	0.318	0.289	0.268	0.303	0.277	0.240	0.334	0.232	1.963	0.627	0.298	0.186	5.205	-8727.790
395	8	500	494	0.5056	0.311	0.314	0.267	0.288	0.271	0.295	0.299	0.235	0.327	0.312	0.345	0.307	0.281	0.276	1.912	0.511	0.254	0.197	1.092	-8875.360
396	8	500	495	0.5054	0.334	0.335	0.319	0.278	0.262	0.325	0.284	0.329	0.327	0.297	0.322	0.293	0.336	0.326	2.016	0.615	0.335	0.178	7.362	-8960.534
397	8	500	490	0.5102	0.341	0.315	0.302	0.294	0.348	0.306	0.279	0.265	0.309	0.312	0.193	0.253	0.323	0.324	2.226	0.553	0.330	0.189	3.592	-8775.171
398	8	500	493	0.5049	0.369	0.272	0.329	0.314	0.266	0.239	0.304	0.379	0.321	0.312	0.247	0.256	0.344	0.309	2.151	0.636	0.276	0.207	7.339	-8828.693
399	8	500	495	0.5029	0.385	0.255	0.306	0.323	0.314	0.323	0.270	0.387	0.313	0.320	0.342	0.262	0.311	0.253	2.071	0.634	0.313	0.208	10.440	-8907.383
400	8	500	494	0.5127	0.912	0.284	0.341	0.359	0.267	0.312	0.293	0.910	0.265	0.293	0.322	0.293	0.312	0.291	1.812	0.559	0.430	0.177	208.314	-9049.007
401	8	500	490	0.5117	3.413	0.319	0.327	0.293	0.248	0.215	0.301	0.000	0.350	0.270	0.314	0.287	0.382	0.283	2.050	0.696	0.270	0.206	173.505	-8807.955
402	8	500	494	0.5107	0.757	0.298	0.328	0.302	0.291	0.257	0.325	0.000	0.388	0.343	0.314	0.293	0.329	0.306	2.080	0.638	0.330	0.179	7.804	-9003.991
403	8	500	492	0.5078	0.276	0.285	0.294	0.306	0.330	0.244	0.321	0.304	0.324	0.360	0.308	0.326	0.345	0.275	2.022	0.597	0.349	0.171	3.398	-8944.383
404	8	500	492	0.4958	0.295	0.291	0.299	0.278	0.307	0.252	0.302	0.296	0.290	0.272	0.323	0.316	0.252	0.342	2.055	0.593	0.297	0.214	3.304	-8818.544
405	8	500	489	0.4928	0.242	0.297	0.315	0.290	0.320	0.315	0.294	0.318	0.267	0.319	0.324	0.389	0.293	0.305	1.928	0.626	0.371	0.196	1.994	-8999.812
406	8	500	493	0.5173	0.357	0.290	0.338	0.342	0.330	0.299	0.361	0.346	0.269	0.275	0.306	0.290	0.314	0.281	2.105	0.653	0.328	0.203	6.906	-9019.446
407	8	500	495	0.5088	0.360	0.309	0.275	0.344	0.253	0.285	0.272	0.323	0.263	0.351	0.348	0.291	0.290	0.307	2.024	0.607	0.309	0.222	3.435	-9027.148
408	8	500	494	0.5085	0.346	0.298	0.358	0.276	0.295	0.279	0.323	0.356	0.324	0.254	0.297	0.314	0.266	0.327	2.177	0.621	0.332	0.223	6.218	-9007.158
409	8	500	496	0.5162	0.247	0.283	0.369	0.265	0.306	0.266	0.325	0.213	0.417	0.290	0.313	0.280	0.336	0.305	2.033	0.554	0.302	0.197	1.100	-8973.614
410	8	500	494	0.5026	0.306	0.234	0.297	0.347	0.316	0.317	0.277	0.325	0.299	0.310	0.270	0.389	0.337	0.280	2.123	0.551	0.292	0.177	2.919	-8977.886
411	8	500	494	0.5102	0.322	0.390	0.295	0.271	0.266	0.282	0.293	0.328	0.282	0.341	0.258	0.373	0.265	0.277	2.049	0.638	0.291	0.174	3.561	-8756.795
412	8	500	494	0.5097	0.230	0.317	0.308	0.290	0.248	0.378	0.313	0.271	0.293	0.311	0.315	0.226	0.294	0.241	1.894	0.461	0.262	0.201	1.000	-8897.833
413	8	500	491	0.5118	0.300	0.272	0.285	0.285	0.288	0.327	0.308	0.371	0.323	0.312	0.282	0.288	0.351	0.316	2.052	0.597	0.336	0.194	3.586	-9018.815
414	8	500	492	0.5056	0.366	0.338	0.234	0.297	0.232	0.296	0.310	0.457	0.300	0.311	0.310	0.251	0.312	0.280	1.846	0.641	0.320	0.189	6.403	-8875.150
415	8	500	488	0.5115	5.710	0.364	0.263	0.312	0.277	0.241	0.307	5.752	0.357	0.298	0.249	0.287	0.284	0.320	2.050	0.679	0.302	0.212	998.999	-8820.941
416	8	500	490	0.4960	4.155	0.337	0.255	0.311	0.343	0.312	0.313	4.301	0.294	0.249	0.365	0.300	0.307	0.326	2.078	0.618	0.348	0.173	513.196	-8886.156
417	8	500	496	0.4977	5.981	0.283	0.306	0.292	0.379	0.336	0.245	6.084	0.305	0.333	0.318	0.286	0.355	0.272	2.091	0.649	0.333	0.199	998.997	-8996.926
418	8	500	494	0.5193	0.610	0.313	0.318	0.250	0.261	0.261	0.293	0.002	0.295	0.364	0.301	0.344	0.257	0.274	2.192	0.679	0.303	0.224	7.016	-8825.107
419	8	500	488	0.5129	0.298	0.306	0.263	0.324	0.237	0.319	0.292	0.256	0.262	0.301	0.265	0.330	0.391	0.278	1.913	0.619	0.294	0.212	2.799	-8848.040
420	8	500	495	0.5295	0.327	0.366	0.284	0.305	0.245	0.322	0.329	0.298	0.289	0.281	0.280	0.278	0.326	0.310	2.012	0.649	0.343	0.197	4.822	-8947.265
421	8	500	496	0.5128	0.561	0.297	0.261	0.351	0.298	0.269	0.260	0.000	0.329	0.325	0.313	0.260	0.288	0.280	1.832	0.598	0.243	0.191	1.457	-8838.333
422	8	500	491	0.5258	0.323	0.266	0.292	0.299	0.252	0.324	0.236	0.334	0.300	0.294	0.224	0.352	0.267	0.267	1.930	0.695	0.292	0.219	28.609	-8590.269
423	8	500	498	0.5227	0.279	0.263	0.331	0.336	0.248	0.309	0.303	0.351	0.344	0.295	0.310	0.299	0.256	0.311	1.888	0.623	0.280	0.237	3.737	-9123.603
424	8	500	490	0.5086	0.279	0.247	0.302	0.277	0.289	0.342	0.280	0.298	0.216	0.337	0.342	0.341	0.324	0.328	2.192	0.625	0.262	0.195	4.718	-8815.802
425	8	500	492	0.5332	0.304	0.258	0.288	0.251	0.319	0.284	0.251	0.312	0.291	0.248	0.278	0.289	0.299	0.337	2.015	0.638	0.265	0.193	3.145	-8730.588
426	8	500	490	0.5062	0.268	0.284	0.250	0.279	0.263	0.326	0.246	0.271	0.238	0.282	0.287	0.344	0.314	0.337	1.946	0.639	0.308	0.192	5.129	-8694.303
427	8	500	485	0.5295	0.321	0.281	0.290	0.293	0.314	0.269	0.280	0.309	0.252	0.388	0.261	0.256	0.344	0.330	2.022	0.673	0.317	0.184	22.520	-8805.167
428	8	500	491	0.5102	0.355	0.322	0.294	0.272	0.291	0.329	0.311	0.312	0.287	0.258	0.295	0.305	0.282	0.325	1.950	0.627	0.282	0.229	4.179	-8966.829
429	8	500	497	0.5238	0.327	0.325	0.310	0.299	0.262	0.343	0.257	0.269	0.266	0.293	0.304	0.416	0.329	0.224	1.843	0.646	0.295	0.201	2.032	-8974.733
430	8	500	495	0.5177	0.477	0.295	0.273	0.309	0.302	0.296	0.271	0.548	0.315	0.357	0.307	0.304	0.244	0.317	1.870	0.670	0.312	0.234	37.490	-9025.035
431	8	500	492	0.5182	0.276	0.261	0.343	0.292	0.278	0.316	0.330	0.329	0.328	0.301	0.306	0.288	0.346	0.274	2.027	0.594	0.314	0.197	2.775	-8989.409
432	8	500	494	0.5210	0.310	0.235	0.340	0.298	0.316	0.312	0.346	0.326	0.291	0.279	0.383	0.279	0.377	0.283	1.918	0.611	0.294	0.219	4.262	-9118.564
433	8	500	491	0.5174	0.259	0.231	0.354	0.347	0.342	0.269	0.250	0.270	0.234	0.295	0.267	0.272	0.254	0.306	1.872	0.665	0.318	0.215	2.264	-8710.597
434	8	500	494	0.5095	0.388	0.329	0.319	0.298	0.230	0.279	0.357	0.422	0.363	0.327	0.260	0.311	0.286	0.281	2.071	0.650	0.303	0.232	13.227	-9000.448
435	8	500	493	0.5219	0.909	0.280	0.264	0.319	0.272	0.345	0.273	0.899	0.283	0.311	0.276	0.311	0.266	0.292	1.893	0.650	0.335	0.198	153.644	-8791.867
436	8	500	489	0.5231	0.246	0.305	0.240	0.273	0.251	0.267	0.275	0.298	0.252	0.307	0.311	0.282	0.370	0.275	2.123	0.562	0.275	0.176	1.000	-8631.772
437	8	500	498	0.5134	0.316	0.319	0.290	0.328	0.373	0.283	0.353	0.330	0.235	0.264	0.338	0.274	0.346	0.324	2.138	0.645	0.298	0.202	1.947	-9016.287
438	8	500	495	0.5273	0.257	0.258	0.288	0.269	0.247	0.366	0.244	0.253	0.334	0.281	0.346	0.320	0.247	0.266	2.035	0.534	0.253	0.202	1.554	-8717.302
439	8	500	498	0.5149	0.310	0.314	0.312	0.308	0.299	0.312	0.293	0.305	0.375	0.271	0.266	0.260	0.387	0.313	1.916	0.617	0.283	0.233	2.333	-9147.716
440	8	500	495	0.5063	0.271	0.315	0.294	0.303	0.267	0.354	0.295	0.229	0.338	0.285	0.312	0.173	0.301	0.311	1.740	0.536	0.239	0.201	1.805	-8884.307
441	8	500	486	0.5020	0.238	0.319	0.252	0.255	0.329	0.299	0.346	0.217	0.379	0.236	0.319	0.265	0.242	0.334	1.961	0.462	0.250	0.167	1.011	-8743.915
442	8	500	498	0.5202	0.319	0.266	0.327	0.291	0.288	0.318	0.406	0.336	0.331	0.347	0.318	0.251	0.321	0.280	2.039	0.639	0.307	0.216	3.289	-9126.142
443	8	500	493	0.5015	0.310	0.228	0.312	0.295	0.337	0.308	0.333	0.326	0.274	0.321	0.314	0.304	0.309	0.351	1.835	0.651	0.271	0.207	2.110	-9047.223
444	8	500	496	0.5102	4.696	0.311	0.307	0.347	0.220	0.313	0.289	4.637	0.290	0.326	0.288	0.322	0.317	0.267	1.818	0.641	0.344	0.211	999.000	-8987.069
445	8	500	490	0.5190	0.206	0.368	0.295	0.255	0.376	0.289	0.282	0.282	0.363	0.290	0.346	0.380	0.334	0.313	2.216	0.529	0.198	0.220	950.786	-8967.704
446	8	500	492	0.5166	0.366	0.243	0.328	0.254	0.338	0.351	0.340	0.214	0.355	0.267	0.275	0.291	0.299	0.322	2.091	0.561	0.303	0.195	2.507	-8949.943
447	8	500	492	0.5062	0.274	0.302	0.282	0.317	0.316	0.313	0.367	0.282	0.327	0.291	0.315	0.364	0.276	0.299	2.124	0.653	0.336	0.213	12.539	-9032.731
448	8	500	490	0.5241	0.333	0.311	0.292	0.323	0.327	0.306	0.298	0.312	0.288	0.353	0.315	0.343	0.340	0.259	2.092	0.559	0.329	0.196	1.636	-9145.396
449	8	500	496	0.5227	0.267	0.324	0.298	0.324	0.228	0.302	0.306	0.276	0.308	0.239	0.325	0.223	0.305	0.329	1.784	0.571	0.198	0.221	1.291	-8925.865
450	8	500	494	0.5010	0.288	0.360	0.314	0.276	0.286	0.284	0.259	0.228	0.331	0.293	0.285	0.336	0.309	0.260	2.155	0.619	0.269	0.207	5.316	-8804.018
451	8	500	495	0.5135	0.321	0.274	0.349	0.315	0.350	0.304	0.237	0.379	0.326	0.279	0.279	0.313	0.359	0.313	1.985	0.618	0.374	0.192	56.270	-8934.109
452	8	500	490	0.5133	0.000	0.302	0.261	0.312	0.331	0.342	0.288	0.577	0.363	0.342	0.305	0.297	0.351	0.250	1.920	0.630	0.317	0.182	4.860	-8940.237
453	8	500	493	0.5133	0.274	0.283	0.313	0.285	0.265	0.351	0.269	0.258	0.310	0.327	0.360	0.252	0.281	0.281	2.233	0.612	0.358	0.180	3.911	-8849.895
454	8	500	497	0.5037	0.250	0.321	0.296	0.289	0.377	0.362	0.311	0.239	0.370	0.346	0.256	0.260	0.336	0.307	1.941	0.530	0.306	0.184	1.926	-9066.536
455	8	500	489	0.5010	0.307	0.307	0.326	0.331	0.282	0.339	0.322	0.285	0.362	0.359	0.254	0.306	0.247	0.298	2.024	0.496	0.372	0.154	1.651	-9016.512
456	8	500	491	0.4975	0.275	0.353	0.331	0.314	0.246	0.289	0.290	0.264	0.283	0.311	0.332	0.287	0.263	0.337	2.139	0.586	0.341	0.207	2.221	-8961.984
457	8	500	488	0.5147	0.372	0.311	0.248	0.349	0.230	0.287	0.275	0.313	0.260	0.333	0.237	0.206	0.294	0.258	1.888	0.717	0.262	0.209	6.221	-8583.672
458	8	500	496	0.5032	0.333	0.366	0.304	0.313	0.277	0.312	0.259	0.317	0.299	0.294	0.333	0.288	0.292	0.320	2.046	0.586	0.307	0.206	1.555	-9013.062
459	8	500	495	0.5221	0.336	0.251	0.299	0.267	0.312	0.264	0.325	0.344	0.341	0.268	0.343	0.291	0.381	0.282	1.947	0.637	0.312	0.198	7.528	-8924.746
460	8	500	491	0.4998	0.760	0.353	0.327	0.265	0.241	0.245	0.274	0.683	0.296	0.271	0.276	0.247	0.333	0.302	2.122	0.688	0.278	0.227	51.212	-8691.104
461	8	500	497	0.5024	0.344	0.293	0.285	0.371	0.288	0.333	0.302	0.323	0.407	0.277	0.266	0.254	0.306	0.364	2.142	0.635	0.313	0.194	5.788	-8998.634
462	8	500	492	0.5059	0.311	0.319	0.338	0.241	0.350	0.310	0.279	0.297	0.317	0.275	0.354	0.280	0.338	0.259	2.150	0.652	0.299	0.198	6.620	-8893.905
463	8	500	497	0.4996	0.369	0.326	0.286	0.295	0.368	0.287	0.278	0.307	0.345	0.270	0.307	0.304	0.275	0.286	2.163	0.588	0.354	0.200	4.725	-8916.747
464	8	500	493	0.5172	0.455	0.287	0.362	0.270	0.276	0.299	0.278	0.394	0.275	0.358	0.263	0.258	0.269	0.269	1.959	0.658	0.302	0.234	17.839	-8827.892
465	8	500	496	0.5053	0.234	0.308	0.313	0.364	0.328	0.302	0.356	0.267	0.342	0.330	0.320	0.295	0.337	0.312	2.028	0.579	0.358	0.178	3.182	-9202.101
466	8	500	494	0.4885	0.325	0.330	0.228	0.290	0.223	0.283	0.319	0.318	0.317	0.286	0.287	0.252	0.282	0.304	1.999	0.683	0.296	0.204	10.642	-8649.956
467	8	500	496	0.5027	0.316	0.301	0.285	0.302	0.293	0.299	0.307	0.273	0.237	0.316	0.324	0.277	0.276	0.240	1.846	0.700	0.230	0.204	2.942	-8695.712
468	8	500	495	0.5015	0.271	0.267	0.316	0.283	0.364	0.324	0.280	0.247	0.335	0.277	0.351	0.328	0.288	0.289	1.830	0.517	0.331	0.196	1.401	-9017.100
469	8	500	493	0.5215	0.300	0.364	0.292	0.271	0.315	0.290	0.304	0.353	0.241	0.320	0.280	0.329	0.328	0.273	2.028	0.630	0.315	0.210	5.902	-8930.506
470	8	500	495	0.5082	0.311	0.299	0.331	0.253	0.300	0.273	0.325	0.265	0.314	0.285	0.321	0.307	0.320	0.226	2.191	0.623	0.273	0.196	1.957	-8732.862
471	8	500	491	0.5104	0.289	0.332	0.306	0.330	0.287	0.255	0.273	0.234	0.277	0.315	0.271	0.400	0.255	0.287	2.207	0.571	0.268	0.211	1.970	-8811.421
472	8	500	492	0.5252	3.037	0.236	0.323	0.276	0.330	0.262	0.299	0.000	0.329	0.314	0.220	0.326	0.223	0.309	1.951	0.611	0.364	0.188	185.679	-8736.375
473	8	500	495	0.4992	0.292	0.292	0.294	0.298	0.288	0.252	0.316	0.325	0.269	0.229	0.290	0.327	0.273	0.267	1.911	0.659	0.290	0.195	3.323	-8691.618
474	8	500	497	0.5165	0.335	0.310	0.317	0.342	0.313	0.362	0.303	0.283	0.378	0.283	0.341	0.289	0.322	0.264	1.977	0.589	0.327	0.211	3.560	-9198.379
475	8	500	495	0.5131	0.224	0.396	0.278	0.277	0.338	0.353	0.281	0.275	0.289	0.342	0.247	0.314	0.376	0.267	2.050	0.614	0.332	0.187	1.442	-8963.412
476	8	500	491	0.5242	0.310	0.214	0.287	0.301	0.305	0.200	0.313	0.342	0.353	0.311	0.247	0.269	0.257	0.285	2.015	0.676	0.273	0.215	4.230	-8662.880
477	8	500	491	0.5283	0.245	0.339	0.291	0.266	0.287	0.348	0.277	0.273	0.332	0.311	0.283	0.264	0.307	0.259	2.195	0.560	0.289	0.188	2.406	-8827.891
478	8	500	493	0.5063	0.259	0.346	0.271	0.347	0.312	0.318	0.313	0.306	0.377	0.368	0.258	0.287	0.321	0.294	1.938	0.594	0.310	0.198	1.629	-9139.948
479	8	500	489	0.5214	0.332	0.250	0.285	0.295	0.324	0.294	0.258	0.381	0.228	0.275	0.325	0.291	0.352	0.269	1.849	0.652	0.277	0.204	6.789	-8770.454
480	8	500	494	0.5010	0.315	0.285	0.255	0.299	0.321	0.306	0.346	0.355	0.272	0.303	0.278	0.286	0.274	0.305	2.276	0.603	0.278	0.212	1.406	-8880.985
481	8	500	488	0.5181	0.275	0.322	0.275	0.312	0.311	0.310	0.260	0.326	0.307	0.282	0.303	0.283	0.268	0.336	1.859	0.539	0.374	0.175	1.443	-8958.251
482	8	500	497	0.5185	0.359	0.309	0.265	0.300	0.273	0.259	0.327	0.305	0.321	0.333	0.240	0.237	0.294	0.364	1.955	0.650	0.278	0.204	3.767	-8836.377
483	8	500	488	0.4961	0.300	0.294	0.283	0.264	0.284	0.259	0.247	0.267	0.294	0.338	0.320	0.288	0.259	0.353	2.011	0.632	0.335	0.191	1.349	-8778.232
484	8	500	495	0.5219	0.376	0.283	0.283	0.319	0.319	0.329	0.294	0.384	0.339	0.309	0.303	0.347	0.332	0.283	2.048	0.609	0.356	0.195	8.110	-9135.927
485	8	500	489	0.5197	0.320	0.376	0.264	0.315	0.273	0.286	0.299	0.350	0.354	0.364	0.252	0.296	0.316	0.272	1.944	0.635	0.326	0.177	3.467	-8932.199
486	8	500	491	0.5093	0.576	0.294	0.330	0.290	0.291	0.322	0.341	0.547	0.339	0.308	0.291	0.276	0.297	0.286	1.920	0.657	0.304	0.229	31.175	-9057.264
487	8	500	494	0.5085	0.211	0.413	0.276	0.270	0.280	0.323	0.296	0.326	0.346	0.339	0.299	0.361	0.274	0.275	1.947	0.623	0.317	0.200	4.820	-8990.925
488	8	500	489	0.5081	0.207	0.264	0.295	0.281	0.333	0.284	0.313	0.200	0.371	0.314	0.278	0.312	0.333	0.326	1.844	0.510	0.226	0.169	1.000	-8795.354
489	8	500	492	0.5106	0.335	0.224	0.333	0.265	0.236	0.282	0.255	0.284	0.327	0.370	0.341	0.286	0.260	0.317	2.190	0.663	0.239	0.217	5.783	-8724.295
490	8	500	496	0.5194	0.400	0.268	0.297	0.341	0.312	0.322	0.284	0.370	0.375	0.331	0.259	0.262	0.290	0.307	2.098	0.643	0.340	0.210	19.124	-9035.673
491	8	500	495	0.5151	0.337	0.247	0.299	0.337	0.268	0.294	0.300	0.335	0.283	0.369	0.291	0.312	0.368	0.265	1.953	0.596	0.372	0.221	4.320	-9094.152
492	8	500	493	0.4903	0.590	0.292	0.310	0.311	0.325	0.310	0.321	0.519	0.328	0.325	0.354	0.273	0.327	0.338	1.941	0.645	0.328	0.209	23.402	-9198.122
493	8	500	486	0.5254	0.259	0.261	0.319	0.298	0.363	0.299	0.335	0.325	0.291	0.302	0.268	0.392	0.249	0.277	2.050	0.512	0.386	0.164	3.200	-8987.170
494	8	500	486	0.4979	0.297	0.255	0.338	0.272	0.252	0.328	0.294	0.257	0.339	0.244	0.276	0.308	0.260	0.322	1.974	0.626	0.285	0.191	2.404	-8716.523
495	8	500	498	0.5165	0.244	0.338	0.331	0.270	0.238	0.335	0.285	0.256	0.320	0.280	0.263	0.354	0.249	0.304	2.097	0.483	0.292	0.210	1.005	-8878.827
496	8	500	490	0.5141	0.347	0.280	0.304	0.266	0.325	0.397	0.282	0.288	0.307	0.330	0.233	0.395	0.324	0.294	1.833	0.649	0.301	0.197	2.051	-9056.277
497	8	500	488	0.4925	0.313	0.336	0.312	0.325	0.297	0.345	0.273	0.313	0.352	0.307	0.292	0.339	0.278	0.305	1.968	0.606	0.363	0.203	2.377	-9043.073
498	8	500	494	0.5243	0.347	0.290	0.326	0.309	0.334	0.301	0.310	0.316	0.259	0.303	0.297	0.257	0.313	0.298	2.025	0.610	0.383	0.192	6.113	-8959.299
499	8	500	489	0.5237	0.322	0.373	0.299	0.278	0.302	0.286	0.283	0.343	0.251	0.269	0.238	0.246	0.360	0.256	1.882	0.625	0.305	0.193	4.761	-8746.509
500	8	500	489	0.5011	0.321	0.321	0.263	0.253	0.313	0.267	0.341	0.323	0.288	0.290	0.303	0.285	0.281	0.308	2.149	0.651	0.295	0.197	11.727	-8694.656
501	8	500	496	0.5244	0.296	0.361	0.301	0.334	0.281	0.317	0.329	0.292	0.302	0.277	0.384	0.263	0.331	0.277	2.038	0.563	0.220	0.200	2.339	-8996.645
502	8	500	486	0.5102	0.310	0.233	0.327	0.318	0.313	0.328	0.306	0.254	0.258	0.241	0.300	0.290	0.313	0.326	2.132	0.590	0.329	0.178	1.795	-8824.838
503	8	500	493	0.5133	0.294	0.259	0.285	0.266	0.273	0.276	0.321	0.335	0.290	0.314	0.321	0.346	0.348	0.255	2.052	0.622	0.335	0.179	3.705	-8809.589
504	8	500	491	0.5128	0.294	0.284	0.307	0.338	0.297	0.294	0.332	0.280	0.278	0.309	0.320	0.354	0.392	0.318	2.100	0.553	0.377	0.180	2.046	-9196.566
505	8	500	489	0.5148	0.312	0.300	0.332	0.279	0.259	0.298	0.318	0.280	0.356	0.202	0.306	0.278	0.295	0.308	1.931	0.622	0.361	0.177	3.589	-8806.939
506	8	500	493	0.5063	0.339	0.206	0.289	0.243	0.296	0.302	0.346	0.268	0.303	0.255	0.250	0.277	0.292	0.306	2.052	0.650	0.261	0.209	3.544	-8702.990
507	8	500	494	0.5234	0.325	0.296	0.264	0.338	0.289	0.238	0.336	0.400	0.368	0.263	0.307	0.239	0.220	0.327	1.975	0.681	0.263	0.227	4.602	-8836.559
508	8	500	496	0.5231	0.301	0.223	0.341	0.314	0.314	0.308	0.303	0.392	0.346	0.277	0.319	0.334	0.330	0.306	1.976	0.620	0.308	0.180	6.485	-8992.259
509	8	500	496	0.5182	0.266	0.310	0.298	0.272	0.280	0.314	0.311	0.275	0.376	0.269	0.316	0.318	0.351	0.299	2.036	0.412	0.235	0.206	1.000	-9054.472
510	8	500	489	0.5049	0.323	0.310	0.297	0.307	0.363	0.335	0.309	0.256	0.278	0.258	0.296	0.332	0.306	0.285	1.931	0.548	0.327	0.178	4.375	-8943.845
511	8	500	493	0.5044	0.249	0.276	0.307	0.362	0.245	0.286	0.320	0.315	0.303	0.296	0.275	0.271	0.275	0.259	1.825	0.649	0.315	0.225	1.000	-8884.190
512	8	500	484	0.4993	0.263	0.208	0.317	0.308	0.329	0.272	0.306	0.189	0.322	0.260	0.269	0.292	0.280	0.300	2.066	0.567	0.349	0.172	1.990	-8636.415
513	8	500	492	0.5195	0.381	0.260	0.312	0.331	0.295	0.293	0.275	0.467	0.257	0.358	0.273	0.281	0.270	0.326	1.842	0.588	0.391	0.191	23.796	-8969.994
514	8	500	489	0.5223	0.277	0.347	0.351	0.237	0.312	0.273	0.340	0.329	0.230	0.246	0.322	0.362	0.332	0.316	1.899	0.616	0.274	0.190	4.476	-8943.291
515	8	500	495	0.5110	0.349	0.264	0.320	0.263	0.312	0.333	0.295	0.380	0.379	0.308	0.320	0.264	0.331	0.304	1.875	0.630	0.287	0.216	4.541	-9117.241
516	8	500	491	0.5180	0.289	0.324	0.304	0.310	0.263	0.296	0.281	0.281	0.308	0.265	0.275	0.302	0.271	0.277	2.117	0.603	0.313	0.196	1.575	-8785.542
517	8	500	494	0.5193	0.896	0.280	0.290	0.335	0.348	0.269	0.348	0.895	0.283	0.263	0.316	0.262	0.294	0.307	2.015	0.637	0.336	0.192	73.450	-8932.405
518	8	500	495	0.5262	0.288	0.321	0.298	0.275	0.288	0.362	0.287	0.276	0.297	0.255	0.336	0.301	0.311	0.287	1.939	0.579	0.292	0.192	1.903	-8974.486
519	8	500	494	0.5185	0.350	0.361	0.316	0.281	0.250	0.310	0.305	0.303	0.243	0.291	0.328	0.375	0.291	0.296	2.217	0.680	0.295	0.191	8.364	-8864.030
520	8	500	492	0.5135	6.739	0.336	0.315	0.251	0.277	0.281	0.322	6.764	0.316	0.303	0.315	0.301	0.332	0.314	2.235	0.670	0.278	0.182	437.987	-8827.651
521	8	500	493	0.5125	0.251	0.345	0.262	0.285	0.274	0.339	0.268	0.330	0.282	0.280	0.304	0.331	0.331	0.244	1.963	0.655	0.290	0.214	2.332	-8818.256
522	8	500	496	0.5233	0.275	0.264	0.278	0.285	0.369	0.348	0.294	0.302	0.297	0.280	0.355	0.319	0.333	0.294	2.041	0.589	0.288	0.205	2.831	-9032.194
523	8	500	495	0.5088	0.237	0.333	0.313	0.304	0.261	0.337	0.273	0.309	0.283	0.274	0.283	0.303	0.330	0.258	1.929	0.577	0.333	0.217	1.104	-8958.699
524	8	500	493	0.5018	4.247	0.318	0.293	0.292	0.249	0.306	0.266	4.259	0.313	0.235	0.265	0.349	0.271	0.301	2.111	0.662	0.305	0.191	382.721	-8698.415
525	8	500	498	0.4964	0.266	0.340	0.274	0.329	0.294	0.314	0.294	0.325	0.266	0.331	0.297	0.262	0.333	0.297	2.093	0.603	0.314	0.204	2.891	-8986.176
526	8	500	494	0.4995	0.280	0.277	0.299	0.306	0.275	0.304	0.296	0.276	0.306	0.263	0.338	0.314	0.295	0.289	1.858	0.622	0.263	0.211	1.234	-8951.895
527	8	500	491	0.5045	5.896	0.246	0.256	0.261	0.381	0.213	0.352	5.919	0.285	0.243	0.332	0.364	0.268	0.260	2.025	0.641	0.343	0.204	998.992	-8797.344
528	8	500	498	0.5350	0.145	0.316	0.218	0.288	0.373	0.254	0.307	0.117	0.320	0.306	0.272	0.355	0.297	0.264	1.938	0.500	0.142	0.203	901.294	-8596.326
529	8	500	497	0.5145	0.087	0.334	0.308	0.322	0.305	0.283	0.400	0.578	0.323	0.339	0.322	0.302	0.289	0.332	1.978	0.567	0.433	0.195	66.034	-9327.624
530	8	500	492	0.5121	0.287	0.285	0.287	0.277	0.321	0.252	0.258	0.292	0.212	0.260	0.244	0.337	0.294	0.266	2.001	0.630	0.370	0.198	68.205	-8611.557
531	8	500	490	0.5152	0.299	0.320	0.249	0.294	0.239	0.294	0.246	0.269	0.330	0.301	0.289	0.348	0.363	0.279	1.889	0.583	0.318	0.181	3.186	-8815.247
532	8	500	496	0.5168	0.236	0.303	0.345	0.342	0.324	0.329	0.300	0.270	0.261	0.228	0.348	0.283	0.317	0.313	2.074	0.615	0.294	0.198	5.902	-8937.836
533	8	500	494	0.5066	0.258	0.287	0.274	0.259	0.270	0.294	0.293	0.312	0.279	0.256	0.332	0.341	0.256	0.324	2.072	0.591	0.311	0.184	2.188	-8764.390
534	8	500	491	0.4829	0.335	0.301	0.295	0.343	0.257	0.361	0.286	0.279	0.245	0.255	0.310	0.375	0.282	0.295	1.857	0.622	0.296	0.180	1.850	-8851.825
535	8	500	491	0.5018	0.303	0.269	0.279	0.264	0.300	0.334	0.268	0.313	0.305	0.293	0.357	0.272	0.268	0.291	2.041	0.549	0.313	0.174	1.000	-8775.938
536	8	500	497	0.5059	0.335	0.251	0.304	0.309	0.400	0.272	0.332	0.300	0.233	0.296	0.261	0.307	0.354	0.281	2.009	0.618	0.368	0.187	7.886	-8898.103
537	8	500	495	0.5367	0.331	0.258	0.295	0.326	0.319	0.278	0.278	0.265	0.293	0.218	0.333	0.270	0.280	0.290	2.036	0.650	0.271	0.205	2.153	-8735.439
538	8	500	494	0.5237	0.336	0.305	0.280	0.288	0.380	0.262	0.301	0.314	0.301	0.299	0.279	0.414	0.304	0.279	2.028	0.531	0.264	0.182	1.603	-8973.738
539	8	500	490	0.5164	0.274	0.244	0.243	0.333	0.271	0.357	0.293	0.325	0.281	0.310	0.304	0.223	0.306	0.248	2.212	0.504	0.286	0.170	1.000	-8684.095
540	8	500	492	0.5218	0.402	0.310	0.299	0.337	0.273	0.259	0.245	0.307	0.247	0.277	0.283	0.292	0.354	0.341	2.085	0.634	0.304	0.203	4.769	-8842.730
541	8	500	498	0.5356	0.382	0.367	0.324	0.354	0.293	0.276	0.275	0.127	0.350	0.327	0.212	0.271	0.301	0.231	1.959	0.646	0.337	0.187	1.845	-8853.240
542	8	500	497	0.5154	0.231	0.307	0.315	0.265	0.298	0.260	0.307	0.227	0.278	0.338	0.330	0.360	0.257	0.274	2.191	0.631	0.288	0.247	3.029	-8878.944
543	8	500	495	0.5087	0.292	0.278	0.315	0.301	0.294	0.321	0.304	0.350	0.303	0.281	0.290	0.271	0.285	0.288	2.220	0.511	0.339	0.185	2.404	-8910.536
544	8	500	495	0.5085	0.241	0.327	0.313	0.308	0.319	0.296	0.282	0.304	0.328	0.413	0.228	0.328	0.298	0.297	1.958	0.611	0.327	0.195	1.000	-8973.338
545	8	500	498	0.5173	2.898	0.276	0.295	0.304	0.237	0.291	0.318	2.829	0.339	0.299	0.310	0.247	0.317	0.293	2.061	0.640	0.340	0.181	460.334	-8816.954
546	8	500	490	0.5228	0.183	0.274	0.308	0.289	0.298	0.341	0.245	0.343	0.305	0.287	0.293	0.303	0.400	0.324	1.951	0.659	0.300	0.173	4.791	-8833.346
547	8	500	491	0.5269	0.186	0.260	0.266	0.304	0.363	0.321	0.358	0.271	0.333	0.293	0.293	0.329	0.304	0.301	2.213	0.491	0.322	0.176	2.739	-8908.791
548	8	500	488	0.5158	0.224	0.310	0.323	0.268	0.265	0.283	0.261	0.225	0.252	0.289	0.264	0.298	0.256	0.294	1.941	0.509	0.214	0.183	1.000	-8551.208
549	8	500	492	0.5375	0.333	0.256	0.258	0.314	0.285	0.320	0.317	0.280	0.260	0.288	0.246	0.345	0.337	0.269	1.964	0.626	0.336	0.174	3.284	-8794.093
550	8	500	490	0.5286	0.389	0.367	0.323	0.304	0.328	0.313	0.259	0.457	0.329	0.290	0.333	0.420	0.263	0.276	1.694	0.570	0.380	0.192	13.555	-9216.401
551	8	500	498	0.5060	5.396	0.293	0.315	0.397	0.307	0.292	0.333	5.370	0.277	0.327	0.253	0.300	0.334	0.260	1.928	0.643	0.342	0.227	999.000	-9157.846
552	8	500	494	0.5078	0.391	0.265	0.289	0.275	0.300	0.307	0.315	0.371	0.285	0.324	0.321	0.204	0.270	0.371	2.251	0.659	0.311	0.196	11.745	-8744.240
553	8	500	495	0.5239	0.304	0.290	0.295	0.266	0.311	0.285	0.289	0.272	0.355	0.330	0.333	0.295	0.364	0.319	2.083	0.644	0.356	0.190	51.566	-8992.373
554	8	500	495	0.5209	0.311	0.312	0.291	0.307	0.293	0.325	0.211	0.333	0.230	0.317	0.285	0.359	0.259	0.277	1.985	0.630	0.303	0.201	4.994	-8837.093
555	8	500	498	0.5089	0.276	0.359	0.297	0.302	0.266	0.315	0.326	0.219	0.358	0.310	0.264	0.322	0.355	0.293	2.001	0.644	0.267	0.196	2.723	-8917.434
556	8	500	488	0.5071	0.240	0.263	0.284	0.257	0.294	0.266	0.349	0.245	0.337	0.288	0.259	0.257	0.311	0.251	2.228	0.624	0.249	0.188	2.892	-8546.516
557	8	500	493	0.5139	0.266	0.331	0.296	0.277	0.246	0.378	0.260	0.192	0.338	0.290	0.332	0.255	0.267	0.277	2.080	0.674	0.281	0.212	2.208	-8728.528
558	8	500	489	0.5198	0.422	0.351	0.348	0.304	0.298	0.282	0.254	0.423	0.305	0.296	0.313	0.333	0.218	0.345	1.975	0.682	0.301	0.225	19.224	-9005.516
559	8	500	495	0.5316	0.692	0.325	0.287	0.292	0.280	0.333	0.294	0.714	0.340	0.326	0.325	0.283	0.286	0.290	2.058	0.602	0.355	0.182	30.312	-9038.988
560	8	500	493	0.4991	8.104	0.295	0.270	0.303	0.283	0.297	0.330	8.071	0.297	0.302	0.317	0.324	0.325	0.298	1.971	0.624	0.347	0.207	998.999	-8961.118
561	8	500	490	0.4965	0.282	0.396	0.311	0.301	0.334	0.280	0.255	0.000	0.339	0.287	0.216	0.328	0.343	0.324	2.006	0.556	0.121	0.223	500.168	-8673.530
562	8	500	494	0.5037	0.401	0.360	0.341	0.277	0.259	0.285	0.322	0.235	0.300	0.278	0.293	0.309	0.310	0.345	2.182	0.675	0.277	0.220	4.622	-8986.662
563	8	500	486	0.5070	0.235	0.333	0.267	0.259	0.243	0.297	0.307	0.225	0.278	0.280	0.269	0.260	0.330	0.284	1.887	0.564	0.229	0.202	1.000	-8585.131
564	8	500	493	0.5078	0.373	0.290	0.312	0.264	0.256	0.320	0.312	0.356	0.273	0.283	0.351	0.273	0.352	0.291	1.879	0.653	0.277	0.235	8.920	-8947.420
565	8	500	492	0.5050	0.368	0.372	0.356	0.266	0.252	0.354	0.322	0.301	0.329	0.314	0.307	0.317	0.254	0.295	1.909	0.636	0.303	0.198	3.637	-9032.889
566	8	500	493	0.5037	0.289	0.303	0.291	0.320	0.375	0.298	0.353	0.224	0.351	0.309	0.323	0.311	0.277	0.297	2.002	0.579	0.250	0.208	2.277	-9032.434
567	8	500	494	0.5295	0.223	0.353	0.344	0.264	0.287	0.280	0.334	0.302	0.275	0.298	0.305	0.311	0.287	0.310	1.996	0.608	0.327	0.191	2.100	-8959.138
568	8	500	487	0.5142	0.280	0.314	0.278	0.284	0.272	0.307	0.273	0.361	0.278	0.280	0.281	0.363	0.252	0.281	1.837	0.675	0.307	0.205	2.765	-8762.137
569	8	500	494	0.5278	0.358	0.275	0.382	0.300	0.301	0.324	0.276	0.332	0.253	0.258	0.295	0.303	0.290	0.310	1.935	0.720	0.245	0.247	6.452	-8950.515
570	8	500	489	0.5125	0.270	0.317	0.286	0.321	0.231	0.307	0.329	0.280	0.292	0.314	0.297	0.286	0.299	0.271	1.889	0.664	0.336	0.216	5.186	-8933.491
571	8	500	492	0.5224	0.294	0.281	0.347	0.275	0.335	0.310	0.282	0.239	0.300	0.321	0.257	0.264	0.315	0.281	1.959	0.588	0.305	0.162	1.061	-8792.603
572	8	500	496	0.5192	0.002	0.321	0.308	0.328	0.355	0.389	0.254	0.816	0.296	0.266	0.271	0.272	0.279	0.285	1.980	0.662	0.295	0.195	9.058	-8933.645
573	8	500	489	0.5272	0.327	0.317	0.303	0.270	0.261	0.302	0.229	0.420	0.286	0.263	0.304	0.280	0.339	0.271	2.131	0.602	0.327	0.183	6.788	-8749.395
574	8	500	492	0.5061	0.265	0.336	0.289	0.341	0.286	0.408	0.282	0.257	0.290	0.267	0.327	0.289	0.280	0.288	1.878	0.666	0.270	0.206	4.130	-8910.132
575	8	500	493	0.5120	0.318	0.298	0.369	0.235	0.295	0.290	0.294	0.346	0.364	0.319	0.306	0.276	0.292	0.341	2.196	0.534	0.416	0.193	3.822	-9056.702
576	8	500	495	0.5123	0.287	0.321	0.293	0.273	0.341	0.309	0.241	0.260	0.265	0.288	0.332	0.331	0.294	0.336	1.997	0.566	0.257	0.193	1.000	-8910.116
577	8	500	491	0.4991	0.261	0.285	0.278	0.261	0.341	0.289	0.309	0.273	0.300	0.316	0.303	0.283	0.315	0.282	1.994	0.664	0.336	0.218	1.000	-8884.415
578	8	500	497	0.5050	0.289	0.296	0.302	0.269	0.264	0.300	0.315	0.326	0.253	0.328	0.247	0.308	0.379	0.346	1.949	0.611	0.307	0.233	2.627	-9069.334
579	8	500	495	0.5066	0.246	0.292	0.311	0.292	0.258	0.310	0.340	0.214	0.297	0.237	0.306	0.197	0.286	0.296	1.791	0.667	0.259	0.221	4.690	-8681.751
580	8	500	493	0.5152	0.303	0.276	0.335	0.305	0.296	0.290	0.277	0.297	0.243	0.304	0.258	0.265	0.270	0.298	1.976	0.691	0.291	0.221	3.330	-8749.637
581	8	500	494	0.5189	0.304	0.291	0.305	0.298	0.228	0.324	0.322	0.337	0.288	0.237	0.293	0.252	0.338	0.339	2.247	0.666	0.295	0.210	4.623	-8831.802
582	8	500	489	0.5141	0.000	0.276	0.340	0.336	0.266	0.342	0.350	0.608	0.288	0.255	0.272	0.323	0.291	0.324	1.978	0.678	0.310	0.208	2.859	-8948.682
583	8	500	497	0.5170	0.301	0.294	0.330	0.284	0.324	0.277	0.287	0.322	0.272	0.327	0.244	0.340	0.265	0.318	2.057	0.665	0.282	0.219	1.884	-8883.854
584	8	500	491	0.5098	0.287	0.274	0.282	0.309	0.253	0.293	0.292	0.358	0.250	0.284	0.280	0.329	0.261	0.328	1.996	0.627	0.298	0.204	3.710	-8820.684
585	8	500	493	0.5116	0.316	0.314	0.314	0.344	0.350	0.335	0.288	0.285	0.265	0.296	0.368	0.335	0.294	0.325	2.095	0.625	0.266	0.215	2.953	-9127.070
586	8	500	497	0.5080	0.404	0.313	0.246	0.336	0.298	0.236	0.346	0.324	0.367	0.294	0.278	0.288	0.295	0.264	2.015	0.630	0.276	0.185	2.800	-8842.853
587	8	500	489	0.5058	0.531	0.306	0.261	0.271	0.293	0.283	0.297	0.556	0.344	0.323	0.334	0.281	0.328	0.289	2.025	0.630	0.335	0.197	37.529	-8834.817
588	8	500	496	0.5121	0.275	0.242	0.367	0.271	0.336	0.280	0.270	0.320	0.302	0.299	0.310	0.325	0.271	0.354	2.370	0.626	0.281	0.243	3.045	-8955.186
589	8	500	492	0.5213	0.284	0.309	0.273	0.353	0.317	0.291	0.325	0.246	0.350	0.285	0.257	0.301	0.305	0.332	2.053	0.601	0.260	0.197	1.571	-8865.033
590	8	500	497	0.5118	0.387	0.310	0.327	0.279	0.279	0.340	0.298	0.363	0.330	0.264	0.248	0.232	0.323	0.350	1.989	0.715	0.227	0.225	7.335	-8909.844
591	8	500	494	0.5358	0.295	0.293	0.319	0.325	0.285	0.357	0.337	0.256	0.245	0.326	0.266	0.340	0.275	0.337	1.975	0.568	0.333	0.187	4.072	-9016.075
592	8	500	491	0.5253	6.129	0.284	0.306	0.299	0.283	0.289	0.310	6.069	0.333	0.321	0.294	0.315	0.299	0.308	2.176	0.723	0.261	0.202	998.998	-8778.172
593	8	500	485	0.5127	0.197	0.366	0.254	0.345	0.430	0.303	0.239	0.166	0.336	0.278	0.269	0.391	0.240	0.250	1.928	0.492	0.216	0.163	947.143	-8619.008
594	8	500	489	0.4982	0.267	0.291	0.298	0.313	0.323	0.283	0.281	0.335	0.264	0.304	0.296	0.306	0.319	0.310	2.217	0.669	0.264	0.202	4.155	-8762.352
595	8	500	497	0.5050	0.305	0.269	0.292	0.287	0.309	0.316	0.311	0.277	0.319	0.296	0.317	0.362	0.309	0.318	2.156	0.555	0.329	0.192	1.806	-9014.903
596	8	500	497	0.5048	0.324	0.253	0.346	0.278	0.282	0.307	0.276	0.284	0.317	0.348	0.275	0.277	0.296	0.325	2.066	0.573	0.332	0.191	1.000	-8929.741
597	8	500	489	0.4899	0.420	0.294	0.296	0.311	0.260	0.284	0.318	0.459	0.350	0.265	0.281	0.310	0.298	0.281	1.961	0.608	0.358	0.195	17.686	-8870.069
598	8	500	491	0.5009	0.306	0.247	0.306	0.315	0.247	0.285	0.288	0.302	0.367	0.255	0.297	0.296	0.299	0.296	1.905	0.654	0.346	0.191	1.836	-8850.982
599	8	500	496	0.5119	0.366	0.364	0.308	0.321	0.293	0.316	0.301	0.338	0.349	0.298	0.320	0.292	0.316	0.285	1.905	0.662	0.304	0.206	8.626	-9041.441
600	8	500	495	0.5213	0.462	0.320	0.313	0.295	0.313	0.332	0.245	0.448	0.316	0.310	0.347	0.248	0.317	0.303	2.076	0.669	0.308	0.242	25.257	-9076.338
601	8	500	487	0.4983	0.267	0.281	0.295	0.258	0.342	0.305	0.286	0.303	0.352	0.298	0.332	0.351	0.319	0.306	2.025	0.629	0.320	0.198	2.645	-8961.699
602	8	500	497	0.5322	0.402	0.238	0.305	0.334	0.277	0.282	0.271	0.345	0.305	0.285	0.300	0.299	0.297	0.328	2.020	0.597	0.360	0.198	3.782	-8989.934
603	8	500	493	0.5136	0.249	0.285	0.298	0.304	0.285	0.345	0.287	0.269	0.319	0.265	0.337	0.253	0.360	0.247	2.005	0.504	0.238	0.193	1.000	-8888.768
604	8	500	496	0.5124	0.262	0.431	0.321	0.287	0.290	0.292	0.281	0.306	0.350	0.351	0.302	0.284	0.300	0.339	1.807	0.636	0.244	0.184	2.205	-9040.836
605	8	500	495	0.5133	0.263	0.337	0.263	0.252	0.319	0.292	0.282	0.322	0.333	0.295	0.274	0.355	0.292	0.244	1.879	0.622	0.297	0.188	6.869	-8754.772
606	8	500	490	0.5257	0.353	0.253	0.285	0.303	0.254	0.237	0.320	0.326	0.290	0.320	0.284	0.288	0.289	0.258	2.204	0.686	0.262	0.204	8.201	-8634.818
607	8	500	494	0.4983	0.265	0.281	0.285	0.311	0.292	0.259	0.331	0.340	0.319	0.283	0.359	0.372	0.262	0.381	1.939	0.676	0.270	0.246	6.652	-9059.629
608	8	500	495	0.5278	0.185	0.350	0.377	0.298	0.234	0.274	0.334	0.265	0.285	0.332	0.261	0.345	0.250	0.290	2.125	0.400	0.187	0.211	1.000	-8911.267
609	8	500	495	0.5286	0.307	0.280	0.238	0.310	0.300	0.269	0.260	0.351	0.345	0.308	0.321	0.220	0.377	0.310	1.858	0.631	0.332	0.196	3.152	-8929.448
610	8	500	494	0.5155	0.248	0.335	0.260	0.304	0.291	0.297	0.318	0.246	0.299	0.323	0.268	0.246	0.314	0.274	2.059	0.543	0.269	0.184	1.168	-8779.806
611	8	500	492	0.5178	0.248	0.269	0.286	0.280	0.267	0.319	0.298	0.269	0.344	0.280	0.326	0.282	0.341	0.231	1.999	0.681	0.248	0.200	2.795	-8701.153
612	8	500	492	0.5112	8.176	0.295	0.324	0.334	0.289	0.280	0.306	8.103	0.226	0.308	0.291	0.343	0.268	0.329	2.072	0.670	0.312	0.192	998.996	-8929.560
613	8	500	494	0.5289	0.001	0.401	0.299	0.345	0.409	0.295	0.307	0.291	0.303	0.337	0.282	0.378	0.368	0.268	1.836	0.407	0.164	0.190	566.105	-9076.289
614	8	500	497	0.5168	0.357	0.323	0.324	0.306	0.398	0.325	0.332	0.405	0.315	0.290	0.276	0.320	0.296	0.286	2.186	0.630	0.334	0.213	9.560	-9138.512
615	8	500	496	0.4960	0.326	0.346	0.254	0.251	0.205	0.315	0.366	0.293	0.304	0.322	0.308	0.266	0.268	0.296	1.855	0.752	0.237	0.218	9.784	-8787.980
616	8	500	491	0.5188	0.271	0.265	0.315	0.244	0.340	0.248	0.305	0.252	0.318	0.279	0.309	0.325	0.258	0.310	2.115	0.629	0.333	0.182	3.364	-8749.747
617	8	500	497	0.5142	0.583	0.267	0.290	0.265	0.293	0.268	0.321	0.607	0.267	0.287	0.309	0.288	0.306	0.288	2.028	0.627	0.360	0.201	75.520	-8820.894
618	8	500	491	0.5161	0.856	0.297	0.293	0.278	0.294	0.300	0.272	0.000	0.307	0.314	0.290	0.338	0.326	0.290	1.975	0.670	0.303	0.227	27.368	-8878.857
619	8	500	496	0.5211	0.416	0.296	0.322	0.352	0.283	0.274	0.303	0.349	0.262	0.290	0.278	0.353	0.258	0.289	2.069	0.668	0.300	0.236	16.548	-8904.212
620	8	500	494	0.5216	0.345	0.336	0.342	0.306	0.278	0.333	0.295	0.313	0.278	0.291	0.324	0.356	0.309	0.302	1.925	0.653	0.289	0.222	11.039	-9059.486
621	8	500	494	0.5123	0.312	0.327	0.316	0.346	0.236	0.320	0.330	0.290	0.283	0.261	0.349	0.301	0.286	0.313	2.142	0.622	0.329	0.189	3.170	-8970.619
622	8	500	493	0.5177	8.927	0.386	0.311	0.300	0.290	0.258	0.270	8.955	0.273	0.331	0.309	0.286	0.339	0.297	2.099	0.632	0.341	0.209	998.997	-9017.569
623	8	500	493	0.5023	0.476	0.307	0.283	0.299	0.295	0.274	0.294	0.104	0.285	0.293	0.264	0.305	0.342	0.307	1.860	0.570	0.280	0.186	1.000	-8888.579
624	8	500	486	0.5113	0.303	0.379	0.284	0.307	0.247	0.300	0.312	0.293	0.343	0.274	0.302	0.314	0.336	0.271	2.209	0.621	0.333	0.177	4.303	-8812.673
625	8	500	489	0.5289	0.339	0.310	0.368	0.314	0.315	0.249	0.314	0.357	0.302	0.322	0.313	0.274	0.290	0.294	2.037	0.653	0.335	0.184	33.188	-8865.816
626	8	500	494	0.5036	0.377	0.306	0.379	0.242	0.317	0.283	0.307	0.364	0.350	0.281	0.266	0.364	0.280	0.297	1.904	0.675	0.280	0.211	10.834	-8921.164
627	8	500	493	0.5220	0.031	0.280	0.304	0.315	0.278	0.318	0.280	0.690	0.238	0.291	0.298	0.321	0.245	0.351	1.946	0.706	0.261	0.190	2.891	-8805.438
628	8	500	496	0.5108	0.304	0.319	0.279	0.289	0.246	0.287	0.328	0.279	0.271	0.330	0.283	0.284	0.287	0.308	1.768	0.663	0.256	0.208	2.474	-8810.709
629	8	500	496	0.5130	0.323	0.292	0.275	0.334	0.303	0.320	0.311	0.306	0.295	0.295	0.255	0.270	0.328	0.295	1.960	0.607	0.358	0.223	6.468	-8983.515
630	8	500	493	0.5026	0.305	0.267	0.302	0.282	0.285	0.282	0.292	0.210	0.310	0.315	0.270	0.297	0.308	0.291	1.988	0.590	0.335	0.203	2.777	-8837.118
631	8	500	497	0.5154	0.288	0.323	0.304	0.329	0.302	0.344	0.306	0.303	0.359	0.226	0.311	0.290	0.337	0.267	1.869	0.653	0.296	0.193	4.044	-8962.773
632	8	500	495	0.5135	0.289	0.389	0.347	0.357	0.260	0.303	0.238	0.316	0.312	0.295	0.268	0.293	0.307	0.306	2.160	0.609	0.325	0.204	1.442	-8989.815
633	8	500	493	0.5172	0.296	0.328	0.300	0.313	0.275	0.251	0.282	0.254	0.294	0.262	0.300	0.339	0.286	0.261	2.300	0.592	0.270	0.182	1.734	-8667.741
634	8	500	490	0.5162	0.282	0.296	0.323	0.312	0.261	0.307	0.340	0.274	0.383	0.334	0.261	0.259	0.287	0.292	2.039	0.558	0.361	0.192	2.582	-8991.533
635	8	500	495	0.5038	0.324	0.275	0.336	0.358	0.358	0.379	0.279	0.262	0.265	0.339	0.286	0.293	0.280	0.258	1.902	0.569	0.333	0.185	1.431	-9038.473
636	8	500	490	0.4985	0.247	0.334	0.344	0.257	0.301	0.313	0.275	0.287	0.279	0.310	0.292	0.257	0.309	0.260	2.087	0.616	0.341	0.205	1.823	-8831.917
637	8	500	493	0.5147	0.272	0.352	0.324	0.314	0.301	0.314	0.289	0.256	0.338	0.313	0.339	0.288	0.327	0.221	1.883	0.535	0.324	0.167	1.936	-8988.708
638	8	500	494	0.5112	0.330	0.351	0.268	0.308	0.257	0.336	0.255	0.325	0.280	0.339	0.304	0.335	0.329	0.282	2.051	0.477	0.281	0.214	1.000	-9034.034
639	8	500	490	0.5118	0.306	0.323	0.344	0.280	0.276	0.267	0.268	0.308	0.288	0.289	0.267	0.268	0.320	0.306	2.038	0.627	0.325	0.212	5.953	-8827.656
640	8	500	486	0.5149	11.707	0.270	0.327	0.242	0.330	0.264	0.281	11.715	0.261	0.266	0.241	0.217	0.258	0.267	1.849	0.727	0.233	0.215	999.000	-8430.588
641	8	500	493	0.4970	0.464	0.308	0.327	0.231	0.268	0.275	0.288	0.122	0.301	0.268	0.269	0.254	0.277	0.309	2.002	0.630	0.328	0.199	7.997	-8661.537
642	8	500	492	0.5136	0.281	0.328	0.300	0.315	0.312	0.301	0.352	0.308	0.296	0.342	0.327	0.256	0.308	0.273	1.892	0.606	0.307	0.198	2.177	-9020.126
643	8	500	493	0.5090	0.285	0.304	0.298	0.271	0.286	0.322	0.346	0.265	0.321	0.288	0.315	0.344	0.293	0.333	2.075	0.670	0.245	0.198	2.443	-8911.347
644	8	500	491	0.5167	0.266	0.229	0.324	0.200	0.271	0.306	0.328	0.343	0.347	0.279	0.255	0.325	0.310	0.296	1.912	0.598	0.330	0.189	2.724	-8793.621
645	8	500	494	0.5128	0.264	0.221	0.322	0.315	0.391	0.355	0.261	0.310	0.393	0.292	0.298	0.257	0.303	0.318	2.064	0.594	0.360	0.208	3.738	-9067.881
646	8	500	490	0.5105	3.848	0.318	0.288	0.290	0.276	0.301	0.312	3.827	0.304	0.307	0.291	0.378	0.268	0.332	2.294	0.661	0.329	0.193	999.000	-8935.749
647	8	500	493	0.5121	0.429	0.257	0.307	0.297	0.290	0.325	0.353	0.320	0.301	0.273	0.308	0.325	0.284	0.270	2.105	0.687	0.279	0.208	10.814	-8861.605
648	8	500	486	0.5121	8.707	0.268	0.307	0.304	0.358	0.298	0.327	8.720	0.320	0.288	0.264	0.284	0.217	0.335	2.065	0.620	0.354	0.189	998.996	-8874.605
649	8	500	500	0.5208	0.050	0.371	0.325	0.268	0.297	0.314	0.303	0.474	0.331	0.332	0.305	0.286	0.342	0.310	2.058	0.578	0.329	0.194	1.607	-9104.608
650	8	500	489	0.5243	0.316	0.241	0.308	0.255	0.292	0.299	0.259	0.315	0.271	0.251	0.325	0.278	0.292	0.304	2.153	0.657	0.289	0.231	9.816	-8664.707
651	8	500	495	0.5183	0.305	0.315	0.307	0.299	0.296	0.327	0.282	0.283	0.310	0.351	0.321	0.276	0.293	0.319	2.124	0.666	0.275	0.193	4.900	-8875.090
652	8	500	493	0.5197	0.332	0.298	0.290	0.283	0.242	0.303	0.259	0.239	0.224	0.285	0.307	0.365	0.345	0.236	2.032	0.700	0.275	0.182	1.000	-8643.832
653	8	500	495	0.5158	0.276	0.263	0.309	0.273	0.262	0.228	0.287	0.284	0.333	0.260	0.296	0.276	0.299	0.333	2.152	0.602	0.288	0.188	2.684	-8643.255
654	8	500	495	0.5038	0.311	0.258	0.291	0.266	0.316	0.299	0.273	0.369	0.303	0.306	0.344	0.270	0.300	0.364	1.965	0.649	0.336	0.199	1.854	-8967.237
655	8	500	492	0.5046	0.338	0.296	0.303	0.291	0.346	0.283	0.293	0.303	0.251	0.314	0.306	0.278	0.334	0.363	1.931	0.661	0.328	0.201	7.512	-8962.667
656	8	500	495	0.5149	0.238	0.335	0.263	0.283	0.267	0.327	0.242	0.317	0.333	0.304	0.305	0.281	0.308	0.260	2.040	0.685	0.256	0.206	4.493	-8710.002
657	8	500	493	0.5238	0.361	0.359	0.268	0.351	0.274	0.277	0.301	0.320	0.359	0.255	0.328	0.226	0.231	0.314	2.060	0.636	0.335	0.200	5.003	-8846.383
658	8	500	492	0.4998	0.395	0.355	0.374	0.301	0.213	0.285	0.308	0.373	0.314	0.301	0.309	0.332	0.315	0.350	2.047	0.584	0.386	0.185	16.227	-9079.590
659	8	500	490	0.5180	0.335	0.355	0.251	0.279	0.281	0.313	0.275	0.309	0.309	0.256	0.330	0.209	0.315	0.294	1.990	0.637	0.307	0.196	5.803	-8781.041
660	8	500	494	0.5388	0.465	0.340	0.234	0.308	0.315	0.336	0.270	0.505	0.301	0.339	0.302	0.319	0.358	0.307	2.094	0.662	0.299	0.206	18.622	-9027.391
661	8	500	493	0.5288	0.351	0.332	0.275	0.253	0.346	0.290	0.342	0.320	0.303	0.289	0.322	0.322	0.268	0.279	2.178	0.647	0.298	0.226	3.968	-8956.707
662	8	500	493	0.5157	0.313	0.284	0.289	0.305	0.328	0.295	0.306	0.355	0.290	0.306	0.300	0.338	0.273	0.262	1.970	0.617	0.348	0.219	7.028	-8966.300
663	8	500	492	0.5244	0.294	0.256	0.319	0.272	0.350	0.277	0.309	0.330	0.247	0.269	0.295	0.356	0.261	0.293	1.935	0.457	0.312	0.169	1.081	-8899.928
664	8	500	498	0.5235	0.338	0.270	0.349	0.279	0.294	0.260	0.328	0.388	0.309	0.296	0.306	0.222	0.328	0.318	2.178	0.659	0.258	0.219	4.455	-8941.113
665	8	500	491	0.5068	0.297	0.319	0.299	0.273	0.250	0.258	0.264	0.289	0.247	0.313	0.342	0.296	0.271	0.266	2.164	0.673	0.265	0.222	1.975	-8684.472
666	8	500	497	0.5080	0.311	0.275	0.307	0.295	0.375	0.355	0.303	0.288	0.215	0.286	0.350	0.301	0.326	0.241	2.038	0.647	0.304	0.225	3.732	-8979.224
667	8	500	496	0.5069	0.300	0.373	0.333	0.334	0.258	0.340	0.228	0.264	0.271	0.294	0.241	0.363	0.234	0.260	2.018	0.654	0.294	0.238	5.600	-8824.901
668	8	500	497	0.5070	0.348	0.261	0.379	0.288	0.287	0.357	0.326	0.282	0.334	0.290	0.284	0.330	0.335	0.300	2.046	0.610	0.312	0.203	2.044	-9131.339
669	8	500	496	0.5141	0.251	0.324	0.264	0.282	0.383	0.305	0.336	0.303	0.284	0.273	0.356	0.289	0.292	0.295	2.062	0.657	0.314	0.220	8.319	-8970.300
670	8	500	490	0.5175	0.336	0.318	0.266	0.267	0.300	0.294	0.329	0.348	0.274	0.319	0.290	0.286	0.276	0.313	1.977	0.630	0.323	0.206	8.055	-8847.744
671	8	500	493	0.5016	0.285	0.319	0.290	0.335	0.313	0.325	0.291	0.294	0.328	0.297	0.245	0.331	0.278	0.278	2.099	0.652	0.348	0.199	26.761	-8869.761
672	8	500	492	0.5202	0.331	0.213	0.309	0.255	0.320	0.331	0.270	0.306	0.288	0.276	0.357	0.291	0.315	0.265	1.749	0.605	0.351	0.195	3.393	-8914.710
673	8	500	486	0.5329	0.456	0.291	0.332	0.306	0.301	0.276	0.292	0.400	0.345	0.310	0.272	0.318	0.265	0.246	1.958	0.641	0.328	0.199	22.213	-8826.855
674	8	500	494	0.5082	2.068	0.317	0.302	0.288	0.261	0.348	0.257	2.094	0.373	0.246	0.273	0.235	0.302	0.303	2.014	0.633	0.361	0.182	999.000	-8798.349
675	8	500	496	0.5172	0.274	0.276	0.312	0.263	0.323	0.329	0.288	0.254	0.322	0.303	0.271	0.299	0.288	0.294	1.932	0.562	0.286	0.190	1.405	-8857.910
676	8	500	492	0.5096	0.297	0.283	0.285	0.411	0.307	0.272	0.293	0.284	0.369	0.286	0.263	0.268	0.211	0.331	2.161	0.691	0.279	0.203	6.651	-8727.078
677	8	500	498	0.5176	0.272	0.327	0.281	0.311	0.295	0.316	0.307	0.260	0.293	0.348	0.282	0.314	0.325	0.274	2.027	0.603	0.325	0.211	2.735	-9044.299
678	8	500	487	0.5042	1.350	0.315	0.313	0.333	0.272	0.336	0.258	1.355	0.247	0.278	0.255	0.327	0.259	0.218	2.161	0.657	0.340	0.201	999.000	-8626.854
679	8	500	489	0.5258	0.532	0.300	0.256	0.287	0.295	0.305	0.301	0.151	0.311	0.283	0.328	0.207	0.259	0.320	2.041	0.665	0.283	0.194	6.826	-8710.850
680	8	500	492	0.5278	0.300	0.348	0.302	0.356	0.344	0.284	0.297	0.266	0.269	0.310	0.276	0.313	0.239	0.337	1.876	0.704	0.285	0.190	8.023	-8888.249
681	8	500	497	0.5335	2.252	0.285	0.303	0.266	0.257	0.346	0.260	2.229	0.326	0.351	0.266	0.301	0.287	0.269	1.871	0.637	0.348	0.219	394.722	-9014.556
682	8	500	493	0.5154	0.286	0.315	0.309	0.299	0.246	0.282	0.337	0.302	0.294	0.337	0.291	0.291	0.299	0.347	2.024	0.642	0.299	0.189	4.008	-8890.550
683	8	500	496	0.5231	0.310	0.323	0.306	0.336	0.308	0.304	0.299	0.286	0.307	0.310	0.343	0.307	0.342	0.298	1.885	0.632	0.316	0.203	3.968	-9123.650
684	8	500	495	0.5228	0.268	0.305	0.298	0.321	0.249	0.306	0.242	0.270	0.234	0.274	0.259	0.303	0.284	0.301	1.981	0.610	0.225	0.217	2.409	-8680.099
685	8	500	491	0.5117	0.283	0.341	0.280	0.293	0.254	0.255	0.322	0.268	0.275	0.296	0.267	0.332	0.330	0.319	2.068	0.601	0.355	0.205	2.375	-8866.010
686	8	500	494	0.5211	0.274	0.223	0.316	0.286	0.368	0.317	0.329	0.348	0.251	0.309	0.300	0.338	0.330	0.297	2.172	0.558	0.280	0.206	4.471	-8996.379
687	8	500	494	0.5078	0.366	0.304	0.354	0.355	0.320	0.294	0.345	0.399	0.261	0.237	0.321	0.302	0.284	0.225	2.007	0.672	0.295	0.183	11.565	-8809.118
688	8	500	490	0.5076	0.292	0.274	0.283	0.321	0.341	0.282	0.353	0.276	0.294	0.323	0.290	0.304	0.314	0.251	1.940	0.624	0.361	0.199	5.861	-8923.697
689	8	500	491	0.5020	0.340	0.281	0.301	0.372	0.326	0.290	0.331	0.305	0.290	0.273	0.300	0.311	0.294	0.267	1.911	0.659	0.301	0.192	2.343	-8871.777
690	8	500	492	0.5079	0.258	0.299	0.262	0.273	0.267	0.276	0.297	0.297	0.353	0.277	0.318	0.264	0.276	0.250	2.082	0.545	0.321	0.176	3.380	-8675.116
691	8	500	495	0.5018	0.228	0.351	0.291	0.327	0.283	0.386	0.305	0.300	0.359	0.292	0.330	0.338	0.295	0.316	2.023	0.635	0.311	0.182	3.300	-9053.066
692	8	500	493	0.5239	0.194	0.288	0.324	0.328	0.374	0.317	0.289	0.306	0.269	0.316	0.306	0.309	0.312	0.280	1.894	0.658	0.342	0.218	1.000	-9048.320
693	8	500	495	0.5038	0.313	0.327	0.334	0.326	0.304	0.258	0.295	0.319	0.314	0.358	0.326	0.302	0.367	0.300	1.990	0.555	0.291	0.208	1.000	-9207.181
694	8	500	498	0.5064	0.320	0.305	0.356	0.304	0.304	0.343	0.318	0.307	0.303	0.389	0.290	0.282	0.247	0.366	2.161	0.615	0.357	0.203	8.748	-9141.923
695	8	500	494	0.5053	0.440	0.255	0.295	0.286	0.249	0.301	0.300	0.501	0.296	0.251	0.275	0.230	0.313	0.305	1.964	0.669	0.287	0.202	14.636	-8724.006
696	8	500	491	0.5298	0.273	0.314	0.254	0.295	0.347	0.325	0.309	0.279	0.262	0.286	0.291	0.276	0.328	0.272	1.863	0.604	0.289	0.191	2.481	-8889.127
697	8	500	494	0.5141	0.000	0.327	0.267	0.364	0.326	0.327	0.327	0.495	0.296	0.299	0.304	0.297	0.364	0.279	2.006	0.642	0.324	0.222	1.000	-9065.380
698	8	500	494	0.5158	0.789	0.289	0.263	0.334	0.295	0.360	0.273	0.800	0.300	0.292	0.272	0.354	0.401	0.285	2.008	0.631	0.358	0.208	152.098	-9052.129
699	8	500	496	0.5089	0.345	0.258	0.302	0.285	0.310	0.363	0.283	0.307	0.331	0.294	0.233	0.236	0.306	0.285	2.017	0.656	0.312	0.204	4.158	-8819.323
700	8	500	493	0.5161	0.274	0.304	0.324	0.277	0.274	0.327	0.288	0.286	0.290	0.250	0.302	0.252	0.298	0.311	1.865	0.651	0.295	0.222	2.730	-8881.146
701	8	500	497	0.5123	0.338	0.257	0.277	0.334	0.339	0.302	0.225	0.382	0.282	0.279	0.295	0.314	0.267	0.311	2.168	0.638	0.273	0.196	3.908	-8815.229
702	8	500	495	0.5197	0.391	0.344	0.312	0.230	0.231	0.300	0.350	0.369	0.264	0.347	0.272	0.303	0.330	0.252	1.881	0.660	0.278	0.185	6.458	-8845.180
703	8	500	490	0.5267	2.724	0.307	0.240	0.305	0.326	0.255	0.355	2.723	0.280	0.338	0.265	0.364	0.251	0.298	1.710	0.676	0.317	0.208	999.000	-8937.164
704	8	500	497	0.5099	0.589	0.327	0.326	0.361	0.270	0.296	0.295	0.001	0.255	0.313	0.354	0.288	0.254	0.329	2.020	0.558	0.353	0.198	2.008	-9059.761
705	8	500	494	0.5311	0.331	0.356	0.257	0.266	0.237	0.304	0.314	0.283	0.363	0.343	0.303	0.297	0.285	0.272	2.114	0.646	0.308	0.188	3.021	-8832.738
706	8	500	495	0.5052	0.314	0.334	0.301	0.342	0.287	0.379	0.270	0.272	0.331	0.297	0.304	0.327	0.391	0.337	2.059	0.638	0.355	0.179	15.948	-9090.157
707	8	500	493	0.5017	0.303	0.379	0.299	0.304	0.302	0.308	0.286	0.275	0.241	0.326	0.329	0.301	0.296	0.276	2.113	0.639	0.328	0.200	7.063	-8884.756
708	8	500	492	0.5142	0.360	0.360	0.274	0.297	0.326	0.277	0.300	0.386	0.296	0.284	0.297	0.287	0.343	0.295	2.115	0.619	0.348	0.202	19.862	-8929.050
709	8	500	495	0.5022	0.277	0.306	0.270	0.341	0.266	0.291	0.278	0.274	0.282	0.310	0.253	0.287	0.251	0.296	2.110	0.590	0.350	0.182	2.255	-8660.862
710	8	500	490	0.5082	0.307	0.274	0.271	0.270	0.300	0.351	0.251	0.344	0.358	0.249	0.269	0.202	0.342	0.317	1.922	0.645	0.249	0.198	1.207	-8739.817
711	8	500	495	0.5078	0.318	0.405	0.298	0.312	0.280	0.350	0.244	0.288	0.347	0.283	0.256	0.330	0.256	0.256	1.936	0.672	0.310	0.198	4.154	-8895.732
712	8	500	492	0.5214	0.840	0.190	0.278	0.297	0.289	0.299	0.268	0.777	0.338	0.425	0.278	0.292	0.275	0.279	2.179	0.618	0.344	0.210	45.933	-8910.687
713	8	500	491	0.5118	0.544	0.344	0.310	0.325	0.237	0.211	0.289	0.508	0.295	0.322	0.273	0.363	0.288	0.253	2.187	0.605	0.368	0.219	35.873	-8838.447
714	8	500	487	0.5206	0.635	0.291	0.259	0.341	0.284	0.336	0.280	0.000	0.318	0.334	0.343	0.287	0.331	0.314	2.079	0.629	0.341	0.187	3.349	-9007.227
715	8	500	489	0.5252	0.206	0.328	0.285	0.334	0.313	0.332	0.274	0.246	0.244	0.325	0.279	0.351	0.273	0.350	1.943	0.577	0.302	0.184	2.892	-8895.730
716	8	500	495	0.5198	0.246	0.313	0.278	0.302	0.333	0.350	0.287	0.231	0.310	0.290	0.304	0.360	0.225	0.285	1.882	0.626	0.329	0.220	1.470	-8921.189
717	8	500	495	0.5055	0.413	0.292	0.263	0.374	0.312	0.270	0.300	0.352	0.283	0.278	0.332	0.313	0.300	0.352	2.189	0.651	0.334	0.196	17.431	-8946.918
718	8	500	495	0.5123	0.336	0.259	0.337	0.235	0.333	0.262	0.291	0.314	0.316	0.343	0.279	0.314	0.313	0.294	2.062	0.650	0.296	0.173	4.551	-8783.360
719	8	500	493	0.5020	5.613	0.333	0.337	0.272	0.243	0.324	0.233	5.659	0.298	0.242	0.382	0.397	0.273	0.272	1.923	0.651	0.333	0.227	999.000	-8985.529
720	8	500	490	0.5007	0.211	0.369	0.255	0.349	0.373	0.318	0.306	0.187	0.456	0.305	0.324	0.417	0.280	0.242	1.854	0.556	0.212	0.195	947.583	-8926.297
721	8	500	492	0.5203	0.320	0.222	0.322	0.287	0.310	0.301	0.272	0.284	0.266	0.287	0.327	0.275	0.271	0.338	1.903	0.570	0.326	0.178	3.644	-8858.432
722	8	500	490	0.5141	0.214	0.296	0.267	0.295	0.253	0.276	0.293	0.223	0.238	0.371	0.287	0.336	0.312	0.315	1.922	0.567	0.433	0.186	12.800	-8860.913
723	8	500	495	0.5051	0.340	0.316	0.287	0.379	0.270	0.300	0.248	0.326	0.304	0.234	0.332	0.262	0.284	0.269	2.244	0.622	0.374	0.195	34.650	-8772.697
724	8	500	492	0.5217	0.417	0.365	0.250	0.314	0.331	0.274	0.307	0.373	0.287	0.338	0.322	0.321	0.291	0.299	2.076	0.564	0.376	0.206	8.593	-9104.165
725	8	500	493	0.5058	0.304	0.247	0.279	0.360	0.304	0.297	0.269	0.306	0.305	0.273	0.352	0.294	0.295	0.283	1.875	0.650	0.319	0.191	5.186	-8867.370
726	8	500	496	0.5199	0.274	0.366	0.285	0.306	0.333	0.331	0.275	0.292	0.227	0.328	0.316	0.324	0.291	0.281	1.888	0.619	0.292	0.210	4.717	-9056.372
727	8	500	490	0.5016	0.279	0.337	0.317	0.289	0.248	0.307	0.338	0.293	0.258	0.291	0.322	0.298	0.302	0.278	2.080	0.649	0.285	0.189	4.933	-8786.975
728	8	500	492	0.5218	0.319	0.284	0.336	0.303	0.342	0.356	0.300	0.361	0.311	0.296	0.287	0.270	0.246	0.275	2.036	0.591	0.343	0.173	2.890	-8915.978
729	8	500	491	0.5062	0.344	0.278	0.286	0.249	0.348	0.289	0.299	0.308	0.336	0.262	0.293	0.261	0.265	0.296	2.121	0.708	0.268	0.235	11.357	-8733.778
730	8	500	484	0.5212	0.363	0.294	0.237	0.279	0.261	0.281	0.237	0.276	0.289	0.259	0.318	0.231	0.283	0.318	2.217	0.612	0.286	0.183	3.792	-8524.415
731	8	500	490	0.5156	0.253	0.375	0.291	0.266	0.330	0.261	0.261	0.248	0.252	0.311	0.260	0.393	0.327	0.253	2.234	0.573	0.315	0.179	1.757	-8733.567
732	8	500	493	0.5382	5.940	0.316	0.393	0.322	0.305	0.312	0.300	5.898	0.361	0.283	0.312	0.323	0.310	0.321	2.114	0.653	0.328	0.226	998.998	-9257.245
733	8	500	496	0.5212	3.858	0.225	0.286	0.293	0.344	0.278	0.300	3.450	0.271	0.322	0.268	0.236	0.324	0.301	2.056	0.657	0.323	0.215	674.844	-8770.094
734	8	500	488	0.5111	0.574	0.270	0.294	0.318	0.297	0.284	0.266	0.209	0.325	0.297	0.243	0.340	0.273	0.282	1.970	0.692	0.280	0.210	17.533	-8769.382
735	8	500	499	0.5323	0.321	0.304	0.357	0.332	0.385	0.321	0.282	0.292	0.306	0.340	0.294	0.259	0.327	0.301	2.056	0.603	0.311	0.229	4.047	-9219.449
736	8	500	493	0.5071	0.308	0.261	0.270	0.334	0.217	0.333	0.287	0.340	0.325	0.299	0.342	0.279	0.219	0.407	2.072	0.494	0.308	0.190	1.210	-8994.020
737	8	500	495	0.5218	11.669	0.362	0.249	0.334	0.293	0.281	0.320	11.662	0.286	0.272	0.340	0.293	0.288	0.353	2.056	0.605	0.356	0.190	998.994	-8949.752
738	8	500	491	0.5174	0.088	0.310	0.288	0.265	0.247	0.298	0.301	0.500	0.275	0.320	0.317	0.256	0.344	0.298	2.065	0.623	0.287	0.201	3.171	-8814.637
739	8	500	497	0.5014	0.312	0.315	0.306	0.288	0.260	0.299	0.294	0.296	0.313	0.333	0.349	0.371	0.280	0.257	1.982	0.622	0.310	0.201	2.341	-8998.507
740	8	500	497	0.5089	0.351	0.278	0.333	0.263	0.343	0.329	0.341	0.302	0.271	0.292	0.382	0.338	0.218	0.320	1.964	0.584	0.334	0.198	3.717	-9139.497
741	8	500	489	0.5087	0.355	0.346	0.259	0.280	0.303	0.301	0.257	0.286	0.275	0.208	0.315	0.275	0.288	0.335	2.060	0.630	0.294	0.221	3.978	-8740.568
742	8	500	489	0.5313	0.249	0.273	0.311	0.267	0.255	0.336	0.269	0.259	0.293	0.313	0.260	0.345	0.332	0.268	1.956	0.656	0.291	0.195	2.998	-8747.323
743	8	500	496	0.5172	0.294	0.284	0.263	0.303	0.251	0.352	0.287	0.373	0.322	0.304	0.294	0.305	0.301	0.320	1.971	0.580	0.313	0.205	1.235	-8977.524
744	8	500	490	0.5303	0.341	0.285	0.329	0.283	0.302	0.301	0.261	0.364	0.337	0.274	0.300	0.293	0.315	0.323	2.155	0.572	0.428	0.170	1.000	-9007.162
745	8	500	493	0.5105	0.364	0.326	0.285	0.314	0.327	0.242	0.332	0.349	0.274	0.282	0.321	0.278	0.298	0.282	2.047	0.624	0.294	0.177	2.132	-8875.664
746	8	500	495	0.5219	0.294	0.276	0.343	0.219	0.306	0.274	0.313	0.315	0.290	0.355	0.309	0.311	0.288	0.240	2.253	0.479	0.264	0.185	1.000	-8856.987
747	8	500	496	0.5321	0.330	0.276	0.326	0.332	0.251	0.248	0.314	0.313	0.315	0.331	0.314	0.313	0.285	0.295	1.984	0.615	0.244	0.190	1.913	-8978.342
748	8	500	492	0.5228	0.244	0.309	0.313	0.324	0.294	0.299	0.272	0.236	0.332	0.264	0.363	0.293	0.301	0.247	1.980	0.626	0.274	0.194	1.000	-8798.482
749	8	500	492	0.4964	0.278	0.293	0.273	0.313	0.316	0.370	0.323	0.282	0.212	0.296	0.318	0.305	0.354	0.275	2.060	0.579	0.212	0.221	1.000	-8910.146
750	8	500	492	0.5111	0.255	0.301	0.283	0.280	0.230	0.273	0.260	0.331	0.306	0.266	0.235	0.346	0.288	0.316	2.044	0.590	0.236	0.221	1.403	-8697.713
751	8	500	497	0.5192	0.337	0.307	0.374	0.317	0.357	0.291	0.296	0.389	0.274	0.340	0.320	0.241	0.312	0.269	2.050	0.660	0.265	0.210	8.692	-8989.050
752	8	500	494	0.4997	0.264	0.363	0.331	0.311	0.309	0.293	0.343	0.298	0.271	0.265	0.289	0.287	0.318	0.261	2.060	0.627	0.345	0.184	2.461	-8854.163
753	8	500	500	0.5055	0.219	0.292	0.303	0.336	0.250	0.272	0.275	0.270	0.316	0.364	0.254	0.282	0.304	0.275	1.926	0.676	0.304	0.231	9.042	-8864.762
754	8	500	493	0.4977	0.291	0.256	0.271	0.265	0.319	0.301	0.310	0.323	0.260	0.314	0.331	0.230	0.320	0.283	1.843	0.641	0.329	0.176	6.779	-8752.433
755	8	500	492	0.5193	0.348	0.313	0.292	0.264	0.289	0.287	0.308	0.253	0.356	0.318	0.354	0.266	0.264	0.305	1.903	0.648	0.327	0.190	7.071	-8904.700
756	8	500	497	0.5115	0.338	0.320	0.345	0.330	0.369	0.296	0.350	0.367	0.283	0.266	0.278	0.339	0.322	0.333	1.928	0.627	0.337	0.204	8.183	-9147.263
757	8	500	493	0.5244	0.298	0.296	0.340	0.287	0.307	0.286	0.285	0.260	0.288	0.296	0.266	0.254	0.308	0.300	2.006	0.692	0.296	0.189	4.044	-8741.826
758	8	500	493	0.5041	0.237	0.309	0.370	0.305	0.317	0.285	0.274	0.252	0.299	0.307	0.284	0.317	0.251	0.249	1.891	0.636	0.309	0.201	2.434	-8799.320
759	8	500	492	0.5140	0.271	0.230	0.248	0.327	0.347	0.345	0.313	0.294	0.318	0.271	0.297	0.310	0.285	0.299	2.117	0.586	0.364	0.214	4.193	-8944.893
760	8	500	493	0.4996	0.378	0.217	0.308	0.301	0.277	0.269	0.353	0.383	0.301	0.344	0.324	0.284	0.317	0.335	1.997	0.649	0.285	0.208	6.147	-9017.184
761	8	500	496	0.5030	0.331	0.209	0.303	0.260	0.334	0.295	0.264	0.326	0.308	0.370	0.218	0.318	0.236	0.306	1.897	0.638	0.262	0.206	2.683	-8766.015
762	8	500	495	0.5143	0.414	0.320	0.286	0.283	0.293	0.317	0.280	0.415	0.309	0.302	0.336	0.309	0.300	0.288	2.157	0.647	0.337	0.203	23.434	-8932.769
763	8	500	495	0.5361	0.301	0.301	0.321	0.317	0.316	0.324	0.275	0.227	0.307	0.286	0.258	0.280	0.298	0.353	2.158	0.587	0.262	0.213	2.844	-8897.452
764	8	500	496	0.5258	0.310	0.362	0.332	0.287	0.313	0.272	0.266	0.271	0.286	0.335	0.288	0.217	0.356	0.289	1.819	0.708	0.260	0.219	3.920	-8945.103
765	8	500	494	0.5131	0.318	0.270	0.274	0.365	0.363	0.290	0.334	0.250	0.281	0.316	0.296	0.313	0.286	0.310	2.118	0.527	0.379	0.171	1.440	-9022.431
766	8	500	490	0.5120	0.279	0.322	0.248	0.253	0.316	0.300	0.317	0.254	0.335	0.277	0.372	0.388	0.373	0.351	1.913	0.596	0.399	0.175	1.000	-9106.055
767	8	500	491	0.5192	0.315	0.279	0.301	0.329	0.301	0.334	0.337	0.343	0.259	0.371	0.320	0.312	0.315	0.281	1.768	0.599	0.270	0.205	2.775	-9113.021
768	8	500	492	0.5092	0.334	0.361	0.310	0.261	0.320	0.365	0.264	0.300	0.288	0.275	0.337	0.313	0.263	0.320	1.909	0.573	0.337	0.182	4.834	-8994.426
769	8	500	488	0.5242	0.314	0.192	0.257	0.298	0.324	0.304	0.248	0.299	0.343	0.272	0.295	0.255	0.311	0.334	1.900	0.629	0.298	0.181	1.971	-8779.401
770	8	500	494	0.5134	0.296	0.288	0.305	0.338	0.298	0.244	0.268	0.261	0.293	0.321	0.232	0.267	0.297	0.288	2.083	0.630	0.337	0.197	6.720	-8718.192
771	8	500	492	0.4947	0.350	0.393	0.297	0.293	0.273	0.348	0.328	0.307	0.188	0.357	0.296	0.301	0.266	0.308	2.056	0.692	0.308	0.218	19.626	-8981.142
772	8	500	497	0.5115	0.233	0.370	0.334	0.289	0.317	0.280	0.287	0.257	0.281	0.309	0.331	0.335	0.347	0.282	1.964	0.403	0.264	0.187	1.000	-9144.492
773	8	500	493	0.5006	0.331	0.284	0.291	0.275	0.386	0.243	0.296	0.276	0.292	0.252	0.365	0.284	0.329	0.257	1.807	0.672	0.268	0.217	3.582	-8847.358
774	8	500	497	0.5105	0.294	0.311	0.274	0.285	0.301	0.290	0.325	0.245	0.309	0.300	0.291	0.240	0.242	0.357	1.892	0.664	0.292	0.237	3.276	-8888.181
775	8	500	496	0.5230	0.290	0.227	0.293	0.309	0.287	0.330	0.339	0.261	0.324	0.257	0.326	0.324	0.220	0.326	1.773	0.560	0.299	0.190	1.978	-8892.399
776	8	500	488	0.5100	0.313	0.223	0.330	0.328	0.274	0.302	0.312	0.337	0.270	0.315	0.291	0.312	0.222	0.312	1.975	0.616	0.312	0.189	2.682	-8864.646
777	8	500	490	0.5132	0.361	0.314	0.279	0.279	0.410	0.292	0.285	0.395	0.337	0.328	0.292	0.307	0.262	0.311	2.002	0.628	0.349	0.190	19.048	-8967.872
778	8	500	496	0.5054	0.279	0.287	0.269	0.421	0.185	0.262	0.303	0.229	0.196	0.250	0.311	0.363	0.375	0.329	1.931	0.663	0.337	0.206	64.685	-8848.063
779	8	500	492	0.5194	0.229	0.281	0.282	0.290	0.254	0.281	0.330	0.249	0.385	0.305	0.302	0.245	0.261	0.270	2.160	0.506	0.195	0.220	1.000	-8731.969
780	8	500	485	0.5139	0.275	0.279	0.300	0.295	0.275	0.282	0.350	0.236	0.318	0.292	0.303	0.272	0.266	0.306	1.956	0.640	0.330	0.217	1.000	-8804.340
781	8	500	493	0.5152	0.330	0.279	0.299	0.328	0.300	0.280	0.306	0.342	0.398	0.307	0.245	0.261	0.337	0.278	2.114	0.662	0.330	0.189	46.710	-8805.614
782	8	500	489	0.5015	0.289	0.379	0.315	0.327	0.193	0.345	0.278	0.360	0.263	0.290	0.263	0.265	0.240	0.303	1.977	0.600	0.305	0.189	3.969	-8777.147
783	8	500	494	0.5157	0.275	0.268	0.387	0.356	0.360	0.325	0.298	0.282	0.275	0.362	0.288	0.297	0.314	0.311	2.056	0.593	0.299	0.187	1.894	-9090.083
784	8	500	492	0.5170	0.256	0.317	0.286	0.312	0.272	0.340	0.245	0.284	0.226	0.306	0.284	0.324	0.375	0.317	1.877	0.619	0.318	0.184	1.771	-8922.772
785	8	500	493	0.5168	0.337	0.347	0.274	0.348	0.226	0.310	0.301	0.307	0.334	0.243	0.320	0.278	0.272	0.266	2.045	0.653	0.302	0.205	7.311	-8788.191
786	8	500	497	0.5068	0.265	0.334	0.243	0.314	0.269	0.260	0.280	0.314	0.265	0.290	0.294	0.318	0.332	0.312	2.034	0.673	0.271	0.211	5.037	-8751.320
787	8	500	490	0.5281	0.378	0.272	0.378	0.206	0.349	0.247	0.277	0.396	0.400	0.327	0.288	0.225	0.283	0.280	2.079	0.645	0.320	0.187	11.553	-8770.421
788	8	500	490	0.5199	0.340	0.256	0.318	0.312	0.310	0.322	0.302	0.333	0.304	0.321	0.298	0.315	0.274	0.281	2.036	0.630	0.270	0.233	1.892	-8988.726
789	8	500	490	0.5207	0.274	0.199	0.273	0.307	0.372	0.353	0.265	0.270	0.256	0.270	0.293	0.372	0.250	0.353	1.930	0.675	0.295	0.182	4.272	-8799.127
790	8	500	492	0.5238	0.228	0.302	0.288	0.306	0.264	0.301	0.293	0.286	0.389	0.279	0.264	0.280	0.339	0.265	1.679	0.629	0.332	0.182	3.322	-8839.241
791	8	500	486	0.5208	0.342	0.285	0.282	0.329	0.256	0.247	0.297	0.256	0.332	0.316	0.281	0.294	0.235	0.299	2.041	0.689	0.268	0.213	3.875	-8680.895
792	8	500	495	0.5181	0.346	0.290	0.353	0.282	0.279	0.271	0.340	0.289	0.354	0.316	0.271	0.328	0.268	0.327	1.946	0.626	0.296	0.216	2.270	-9057.421
793	8	500	492	0.4997	0.352	0.275	0.272	0.336	0.312	0.284	0.323	0.365	0.263	0.291	0.281	0.392	0.257	0.324	2.038	0.612	0.367	0.195	11.666	-8939.819
794	8	500	493	0.5133	0.298	0.387	0.320	0.320	0.243	0.268	0.305	0.287	0.287	0.303	0.345	0.321	0.319	0.268	1.792	0.659	0.304	0.192	3.114	-8977.805
795	8	500	494	0.5143	0.265	0.285	0.295	0.295	0.211	0.328	0.334	0.286	0.286	0.301	0.287	0.364	0.284	0.325	1.814	0.508	0.311	0.195	1.818	-9021.081
796	8	500	488	0.5072	0.326	0.311	0.259	0.237	0.252	0.326	0.304	0.329	0.266	0.326	0.347	0.244	0.315	0.347	2.042	0.551	0.350	0.194	4.901	-8911.781
797	8	500	493	0.5082	0.320	0.236	0.323	0.312	0.368	0.279	0.251	0.313	0.293	0.313	0.396	0.340	0.354	0.331	1.863	0.638	0.278	0.213	2.851	-9136.406
798	8	500	493	0.5105	0.384	0.291	0.314	0.271	0.330	0.341	0.296	0.397	0.318	0.297	0.321	0.270	0.294	0.308	1.945	0.641	0.293	0.203	5.575	-9018.342
799	8	500	491	0.5069	0.261	0.265	0.247	0.315	0.319	0.268	0.332	0.330	0.267	0.306	0.284	0.329	0.372	0.311	2.062	0.615	0.298	0.215	2.612	-8941.429
800	8	500	494	0.5212	0.353	0.273	0.291	0.309	0.343	0.271	0.304	0.288	0.247	0.328	0.307	0.267	0.270	0.334	1.988	0.627	0.335	0.175	4.568	-8873.565
801	8	500	497	0.5285	0.995	0.277	0.310	0.291	0.381	0.336	0.324	1.045	0.300	0.338	0.243	0.354	0.333	0.287	2.078	0.637	0.347	0.222	182.197	-9109.464
802	8	500	495	0.5015	0.285	0.246	0.327	0.301	0.314	0.274	0.245	0.298	0.317	0.324	0.332	0.323	0.354	0.248	2.049	0.577	0.285	0.213	2.719	-8912.495
803	8	500	497	0.5298	0.238	0.297	0.276	0.305	0.336	0.273	0.265	0.269	0.299	0.293	0.269	0.300	0.260	0.347	1.978	0.532	0.221	0.208	2.391	-8853.313
804	8	500	495	0.5239	0.330	0.332	0.350	0.301	0.283	0.272	0.289	0.337	0.249	0.316	0.316	0.341	0.329	0.303	1.954	0.494	0.318	0.161	2.004	-9032.268
805	8	500	493	0.5285	0.329	0.279	0.317	0.257	0.270	0.269	0.322	0.329	0.347	0.281	0.320	0.250	0.287	0.290	2.114	0.645	0.314	0.196	5.190	-8819.663
806	8	500	488	0.5120	0.589	0.356	0.310	0.250	0.335	0.279	0.246	0.000	0.280	0.262	0.312	0.300	0.312	0.288	2.094	0.531	0.366	0.171	1.009	-8818.547
807	8	500	492	0.5430	0.329	0.281	0.300	0.350	0.277	0.322	0.272	0.247	0.294	0.323	0.280	0.277	0.299	0.259	2.057	0.573	0.367	0.184	2.477	-8897.205
808	8	500	493	0.5122	0.280	0.369	0.282	0.320	0.314	0.305	0.237	0.318	0.286	0.294	0.275	0.324	0.343	0.287	1.975	0.605	0.343	0.177	2.760	-8891.583
809	8	500	496	0.5237	0.341	0.308	0.386	0.244	0.317	0.385	0.356	0.348	0.432	0.336	0.321	0.265	0.290	0.279	1.988	0.617	0.342	0.202	2.219	-9280.796
810	8	500	491	0.5247	0.387	0.324	0.314	0.318	0.367	0.280	0.292	0.438	0.383	0.317	0.306	0.291	0.264	0.302	1.909	0.667	0.295	0.161	22.757	-8852.827
811	8	500	496	0.5032	0.272	0.358	0.296	0.255	0.312	0.360	0.282	0.335	0.273	0.261	0.349	0.368	0.299	0.297	2.163	0.674	0.273	0.212	2.818	-8907.388
812	8	500	495	0.5283	0.283	0.270	0.327	0.202	0.255	0.319	0.281	0.307	0.306	0.291	0.252	0.265	0.312	0.261	1.994	0.670	0.257	0.226	2.113	-8700.570
813	8	500	492	0.5055	0.263	0.329	0.310	0.268	0.287	0.365	0.252	0.258	0.346	0.329	0.323	0.276	0.249	0.285	2.044	0.506	0.267	0.189	1.050	-8860.677
814	8	500	492	0.5158	0.364	0.275	0.262	0.294	0.289	0.326	0.259	0.431	0.325	0.267	0.287	0.205	0.287	0.295	1.720	0.667	0.291	0.214	11.979	-8759.540
815	8	500	492	0.5047	0.428	0.339	0.267	0.430	0.283	0.343	0.310	0.389	0.360	0.286	0.322	0.214	0.306	0.293	1.991	0.613	0.341	0.206	7.832	-9156.078
816	8	500	495	0.5072	0.286	0.331	0.264	0.322	0.254	0.331	0.340	0.315	0.305	0.279	0.329	0.334	0.278	0.257	2.087	0.532	0.311	0.178	1.361	-8898.336
817	8	500	490	0.5073	8.046	0.335	0.302	0.284	0.273	0.273	0.307	8.081	0.271	0.297	0.250	0.252	0.332	0.327	2.044	0.626	0.347	0.190	998.993	-8768.914
818	8	500	493	0.5232	0.174	0.422	0.388	0.256	0.389	0.247	0.309	0.146	0.439	0.322	0.235	0.421	0.303	0.235	2.187	0.466	0.198	0.164	735.299	-8830.428
819	8	500	495	0.5300	0.606	0.219	0.305	0.335	0.362	0.288	0.355	0.197	0.343	0.293	0.250	0.325	0.273	0.348	1.936	0.579	0.403	0.193	21.471	-9141.956
820	8	500	494	0.5164	0.250	0.277	0.316	0.371	0.359	0.253	0.354	0.308	0.296	0.311	0.277	0.255	0.298	0.307	1.920	0.576	0.324	0.226	3.239	-9094.134
821	8	500	496	0.5158	0.305	0.296	0.325	0.349	0.290	0.335	0.302	0.316	0.274	0.280	0.222	0.304	0.296	0.292	2.137	0.614	0.359	0.201	7.469	-8895.456
822	8	500	488	0.5141	6.897	0.318	0.253	0.338	0.357	0.290	0.290	6.819	0.314	0.343	0.232	0.355	0.249	0.312	1.918	0.674	0.305	0.194	998.998	-8860.144
823	8	500	494	0.5128	0.171	0.362	0.328	0.303	0.219	0.312	0.327	0.533	0.298	0.301	0.303	0.335	0.284	0.310	1.950	0.644	0.310	0.187	3.394	-9003.094
824	8	500	494	0.5152	0.305	0.292	0.279	0.318	0.312	0.383	0.245	0.311	0.206	0.266	0.309	0.275	0.272	0.316	2.065	0.645	0.289	0.196	2.607	-8803.748
825	8	500	497	0.5265	0.332	0.379	0.356	0.282	0.255	0.350	0.232	0.296	0.284	0.262	0.275	0.312	0.217	0.321	1.866	0.415	0.278	0.183	1.835	-9014.794
826	8	500	497	0.5221	0.294	0.359	0.253	0.321	0.305	0.311	0.289	0.289	0.347	0.298	0.311	0.246	0.345	0.304	1.950	0.643	0.310	0.205	3.584	-9014.429
827	8	500	487	0.5161	5.884	0.273	0.275	0.323	0.279	0.281	0.375	5.588	0.307	0.302	0.308	0.320	0.283	0.241	2.061	0.617	0.367	0.182	999.000	-8930.467
828	8	500	494	0.4855	3.581	0.267	0.263	0.276	0.324	0.261	0.329	3.217	0.298	0.320	0.271	0.292	0.328	0.275	2.008	0.673	0.300	0.216	367.450	-8814.166
829	8	500	496	0.5123	0.455	0.246	0.288	0.323	0.341	0.255	0.344	0.132	0.314	0.304	0.282	0.344	0.376	0.294	1.981	0.649	0.351	0.210	16.654	-9036.549
830	8	500	493	0.5130	0.516	0.340	0.293	0.290	0.280	0.310	0.334	0.534	0.312	0.294	0.346	0.380	0.238	0.327	2.230	0.628	0.352	0.194	32.866	-9030.258
831	8	500	494	0.5122	0.468	0.270	0.278	0.344	0.266	0.271	0.285	0.465	0.261	0.241	0.298	0.370	0.278	0.323	2.009	0.663	0.288	0.237	19.582	-8855.112
832	8	500	498	0.5148	0.256	0.285	0.252	0.325	0.276	0.228	0.319	0.319	0.225	0.336	0.299	0.282	0.290	0.333	1.924	0.628	0.278	0.194	2.893	-8767.484
833	8	500	495	0.4984	0.334	0.319	0.313	0.326	0.294	0.305	0.339	0.339	0.256	0.281	0.341	0.336	0.283	0.266	2.149	0.658	0.293	0.215	3.818	-8980.165
834	8	500	486	0.5198	0.485	0.266	0.280	0.339	0.334	0.254	0.277	0.465	0.243	0.278	0.326	0.264	0.304	0.285	2.035	0.634	0.311	0.173	14.867	-8682.876
835	8	500	495	0.5224	0.299	0.276	0.331	0.363	0.275	0.316	0.328	0.342	0.308	0.326	0.302	0.332	0.344	0.331	1.884	0.613	0.317	0.204	5.587	-9180.277
836	8	500	493	0.5098	0.285	0.301	0.315	0.248	0.210	0.281	0.285	0.243	0.298	0.263	0.322	0.296	0.265	0.259	1.834	0.640	0.286	0.200	1.314	-8620.368
837	8	500	492	0.5056	0.478	0.303	0.280	0.335	0.280	0.305	0.296	0.429	0.328	0.273	0.361	0.347	0.336	0.291	2.053	0.617	0.348	0.200	32.126	-8996.368
838	8	500	487	0.5215	0.306	0.323	0.288	0.330	0.268	0.264	0.314	0.261	0.275	0.283	0.325	0.344	0.262	0.279	1.975	0.610	0.338	0.192	5.080	-8857.349
839	8	500	489	0.5348	0.277	0.319	0.258	0.293	0.290	0.348	0.301	0.277	0.256	0.308	0.238	0.362	0.297	0.285	2.103	0.630	0.359	0.191	2.672	-8818.532
840	8	500	494	0.5028	0.339	0.259	0.313	0.328	0.278	0.353	0.301	0.301	0.238	0.333	0.264	0.318	0.317	0.347	1.994	0.538	0.386	0.194	1.872	-9081.077
841	8	500	492	0.5358	3.372	0.264	0.268	0.298	0.341	0.252	0.300	3.370	0.277	0.370	0.259	0.329	0.296	0.274	2.125	0.674	0.314	0.203	998.999	-8741.535
842	8	500	492	0.5028	0.194	0.418	0.315	0.313	0.424	0.299	0.260	0.129	0.334	0.306	0.314	0.377	0.258	0.277	2.014	0.495	0.188	0.181	714.427	-8824.937
843	8	500	498	0.5081	0.103	0.347	0.284	0.312	0.319	0.290	0.324	0.427	0.284	0.323	0.280	0.276	0.342	0.333	2.087	0.574	0.307	0.208	1.000	-9030.784
844	8	500	491	0.5083	0.325	0.302	0.287	0.329	0.303	0.312	0.242	0.244	0.333	0.244	0.375	0.259	0.330	0.339	2.004	0.643	0.309	0.202	4.871	-8946.054
845	8	500	495	0.5062	0.260	0.293	0.338	0.302	0.330	0.312	0.284	0.246	0.361	0.341	0.348	0.336	0.289	0.304	1.947	0.573	0.363	0.192	4.221	-9120.745
846	8	500	496	0.5199	8.833	0.304	0.284	0.276	0.276	0.301	0.319	8.920	0.250	0.283	0.378	0.263	0.288	0.295	1.969	0.625	0.347	0.215	998.984	-8934.924
847	8	500	490	0.5182	0.070	0.434	0.319	0.289	0.362	0.323	0.359	0.281	0.438	0.286	0.324	0.421	0.261	0.323	2.123	0.364	0.208	0.177	827.281	-9189.490
848	8	500	491	0.5182	0.458	0.332	0.380	0.296	0.327	0.276	0.327	0.138	0.256	0.294	0.323	0.321	0.288	0.350	1.884	0.598	0.309	0.204	3.882	-9125.864
849	8	500	495	0.5173	7.597	0.264	0.301	0.257	0.294	0.267	0.296	7.608	0.299	0.333	0.298	0.286	0.239	0.295	1.932	0.655	0.303	0.207	596.472	-8823.717
850	8	500	491	0.5254	0.310	0.277	0.311	0.252	0.275	0.341	0.307	0.393	0.273	0.288	0.300	0.311	0.282	0.299	1.990	0.661	0.300	0.196	5.240	-8853.409
851	8	500	493	0.5234	0.263	0.322	0.254	0.333	0.327	0.354	0.270	0.241	0.342	0.361	0.300	0.278	0.327	0.254	2.062	0.587	0.328	0.210	1.248	-9027.800
852	8	500	494	0.5144	0.276	0.271	0.239	0.297	0.288	0.340	0.333	0.312	0.444	0.290	0.328	0.330	0.289	0.353	1.885	0.574	0.254	0.197	2.276	-9113.382
853	8	500	491	0.5178	0.272	0.261	0.282	0.331	0.287	0.259	0.385	0.284	0.307	0.306	0.282	0.320	0.269	0.270	2.138	0.631	0.333	0.164	3.539	-8739.165
854	8	500	493	0.5058	7.509	0.284	0.326	0.279	0.292	0.344	0.290	7.504	0.253	0.294	0.329	0.330	0.260	0.297	1.856	0.649	0.325	0.189	998.997	-8897.641
855	8	500	495	0.5109	0.235	0.355	0.259	0.289	0.367	0.336	0.269	0.147	0.429	0.276	0.323	0.436	0.313	0.292	2.122	0.547	0.177	0.187	875.839	-8916.988
856	8	500	493	0.5204	5.651	0.292	0.304	0.293	0.339	0.300	0.279	5.316	0.289	0.273	0.352	0.337	0.272	0.335	1.919	0.624	0.357	0.195	999.000	-8935.873
857	8	500	490	0.5064	1.174	0.262	0.341	0.299	0.327	0.311	0.315	5.843	0.251	0.307	0.349	0.383	0.314	0.266	2.180	0.634	0.356	0.186	998.999	-8897.340
858	8	500	495	0.5237	0.115	0.298	0.236	0.333	0.325	0.361	0.257	0.518	0.306	0.327	0.271	0.295	0.307	0.303	2.090	0.648	0.320	0.220	2.713	-8982.000
859	8	500	491	0.5163	0.269	0.324	0.296	0.344	0.303	0.290	0.285	0.320	0.382	0.282	0.298	0.287	0.307	0.315	1.984	0.638	0.276	0.217	1.737	-9013.139
860	8	500	492	0.5231	0.285	0.323	0.314	0.220	0.295	0.310	0.312	0.236	0.344	0.320	0.376	0.259	0.335	0.333	1.994	0.578	0.294	0.193	1.760	-9002.664
861	8	500	491	0.5182	0.262	0.297	0.326	0.326	0.280	0.330	0.236	0.320	0.346	0.249	0.303	0.245	0.303	0.274	2.039	0.679	0.258	0.206	4.493	-8766.255
862	8	500	495	0.5180	0.283	0.365	0.337	0.305	0.297	0.273	0.262	0.227	0.337	0.316	0.314	0.298	0.355	0.334	2.137	0.536	0.325	0.201	3.519	-9095.554
863	8	500	498	0.5161	0.308	0.330	0.307	0.279	0.290	0.271	0.275	0.321	0.316	0.261	0.290	0.258	0.286	0.288	1.948	0.706	0.256	0.210	2.139	-8771.017
864	8	500	490	0.5220	0.289	0.333	0.322	0.288	0.368	0.304	0.334	0.259	0.281	0.285	0.273	0.333	0.358	0.305	2.018	0.464	0.311	0.160	1.422	-9042.662
865	8	500	493	0.5084	0.219	0.214	0.290	0.329	0.365	0.313	0.269	0.291	0.260	0.288	0.292	0.308	0.262	0.317	1.970	0.611	0.333	0.188	7.274	-8771.080
866	8	500	494	0.5083	0.288	0.318	0.311	0.286	0.253	0.346	0.311	0.245	0.376	0.308	0.310	0.289	0.327	0.240	1.889	0.548	0.337	0.202	1.000	-9064.912
867	8	500	495	0.5186	0.286	0.271	0.284	0.307	0.306	0.283	0.272	0.320	0.315	0.326	0.273	0.259	0.255	0.335	2.125	0.666	0.310	0.218	7.166	-8842.638
868	8	500	499	0.5131	0.315	0.312	0.307	0.348	0.306	0.271	0.353	0.354	0.324	0.270	0.303	0.315	0.331	0.288	1.945	0.533	0.330	0.172	1.462	-9107.290
869	8	500	493	0.5110	0.365	0.272	0.274	0.264	0.310	0.262	0.281	0.421	0.287	0.309	0.332	0.304	0.312	0.320	2.038	0.633	0.337	0.196	10.090	-8837.246
870	8	500	494	0.5135	0.285	0.320	0.293	0.291	0.250	0.277	0.307	0.261	0.351	0.313	0.281	0.271	0.331	0.311	1.943	0.539	0.367	0.179	1.477	-8966.053
871	8	500	497	0.5136	0.288	0.321	0.312	0.333	0.307	0.264	0.314	0.281	0.249	0.296	0.280	0.349	0.277	0.289	2.218	0.699	0.216	0.211	2.757	-8744.421
872	8	500	494	0.5223	0.306	0.307	0.380	0.268	0.324	0.325	0.261	0.300	0.282	0.304	0.342	0.339	0.280	0.310	1.855	0.549	0.325	0.220	1.464	-9171.431
873	8	500	491	0.5208	0.375	0.247	0.271	0.221	0.277	0.338	0.273	0.381	0.256	0.301	0.282	0.208	0.362	0.306	1.804	0.659	0.305	0.208	6.411	-8795.209
874	8	500	495	0.5066	0.340	0.268	0.314	0.345	0.270	0.267	0.306	0.278	0.329	0.278	0.253	0.282	0.308	0.302	1.844	0.622	0.335	0.183	4.049	-8860.856
875	8	500	490	0.4980	0.358	0.377	0.331	0.250	0.302	0.335	0.289	0.281	0.305	0.314	0.289	0.378	0.367	0.233	2.153	0.648	0.341	0.196	7.012	-9005.797
876	8	500	494	0.5260	0.202	0.304	0.350	0.271	0.364	0.279	0.303	0.282	0.322	0.348	0.271	0.259	0.306	0.320	2.097	0.650	0.350	0.171	9.947	-8878.037
877	8	500	491	0.5145	0.315	0.251	0.324	0.309	0.291	0.291	0.331	0.333	0.273	0.324	0.279	0.378	0.279	0.340	1.820	0.618	0.382	0.169	99.453	-9015.717
878	8	500	498	0.5329	0.625	0.260	0.368	0.232	0.225	0.256	0.307	0.614	0.307	0.293	0.330	0.324	0.268	0.315	2.009	0.651	0.319	0.209	37.019	-8893.460
879	8	500	489	0.5067	0.295	0.342	0.310	0.306	0.250	0.269	0.286	0.262	0.334	0.281	0.268	0.286	0.329	0.293	2.087	0.569	0.284	0.179	1.000	-8781.880
880	8	500	497	0.5095	0.304	0.250	0.316	0.340	0.333	0.292	0.310	0.253	0.270	0.333	0.298	0.315	0.313	0.287	1.987	0.614	0.383	0.197	1.000	-9031.316
881	8	500	488	0.5263	0.369	0.274	0.267	0.306	0.331	0.281	0.286	0.443	0.299	0.298	0.361	0.344	0.286	0.264	2.049	0.625	0.336	0.158	15.654	-8779.344
882	8	500	491	0.5098	0.269	0.274	0.295	0.289	0.302	0.299	0.294	0.249	0.243	0.367	0.310	0.320	0.273	0.368	1.887	0.617	0.314	0.202	2.015	-8884.294
883	8	500	488	0.4992	0.257	0.322	0.289	0.339	0.275	0.283	0.290	0.259	0.317	0.321	0.275	0.224	0.301	0.314	1.738	0.611	0.337	0.187	2.585	-8829.914
884	8	500	493	0.5264	0.312	0.277	0.259	0.298	0.253	0.318	0.255	0.348	0.237	0.283	0.313	0.268	0.243	0.310	2.029	0.601	0.320	0.192	1.193	-8691.502
885	8	500	494	0.5192	0.296	0.338	0.313	0.283	0.278	0.316	0.237	0.306	0.284	0.299	0.281	0.281	0.332	0.287	1.924	0.644	0.339	0.190	10.510	-8860.433
886	8	500	499	0.5167	10.786	0.357	0.332	0.276	0.307	0.347	0.296	10.735	0.343	0.281	0.329	0.271	0.319	0.305	1.965	0.609	0.357	0.217	998.997	-9201.849
887	8	500	496	0.5004	0.316	0.366	0.354	0.290	0.449	0.354	0.294	0.001	0.332	0.355	0.249	0.424	0.304	0.273	2.000	0.512	0.141	0.212	821.909	-9016.903
888	8	500	495	0.5247	0.341	0.280	0.307	0.321	0.243	0.277	0.284	0.275	0.327	0.270	0.291	0.291	0.306	0.321	2.216	0.616	0.352	0.210	3.189	-8865.290
889	8	500	494	0.5158	0.250	0.251	0.332	0.333	0.362	0.291	0.299	0.300	0.296	0.300	0.269	0.280	0.294	0.316	2.104	0.644	0.321	0.190	4.116	-8881.978
890	8	500	490	0.5065	0.261	0.347	0.309	0.252	0.328	0.290	0.273	0.290	0.284	0.298	0.279	0.298	0.300	0.325	1.999	0.624	0.258	0.214	1.243	-8879.052
891	8	500	491	0.5256	0.377	0.332	0.281	0.325	0.275	0.289	0.314	0.292	0.254	0.323	0.352	0.281	0.361	0.300	1.945	0.656	0.301	0.215	8.556	-9026.575
892	8	500	491	0.5172	0.282	0.287	0.301	0.309	0.285	0.253	0.321	0.310	0.220	0.326	0.281	0.262	0.297	0.278	1.853	0.614	0.317	0.175	5.467	-8687.170
893	8	500	498	0.5247	0.380	0.317	0.310	0.292	0.336	0.227	0.324	0.408	0.288	0.333	0.269	0.256	0.279	0.343	2.078	0.651	0.298	0.216	9.107	-8949.633
894	8	500	494	0.5196	0.306	0.331	0.282	0.315	0.274	0.223	0.343	0.350	0.290	0.278	0.320	0.224	0.303	0.311	2.100	0.600	0.323	0.203	3.503	-8872.406
895	8	500	500	0.5094	0.289	0.234	0.277	0.302	0.285	0.260	0.317	0.306	0.289	0.309	0.291	0.288	0.319	0.324	1.873	0.680	0.278	0.209	2.391	-8854.025
896	8	500	493	0.5191	0.332	0.248	0.286	0.274	0.347	0.320	0.295	0.314	0.301	0.279	0.299	0.394	0.286	0.356	2.010	0.571	0.365	0.183	3.683	-9007.643
897	8	500	491	0.5193	0.263	0.241	0.312	0.279	0.309	0.260	0.318	0.235	0.225	0.286	0.333	0.291	0.338	0.224	1.816	0.657	0.244	0.242	4.216	-8736.731
898	8	500	493	0.5102	0.288	0.241	0.315	0.309	0.302	0.261	0.354	0.326	0.293	0.332	0.307	0.348	0.310	0.280	1.957	0.637	0.213	0.233	2.513	-8998.941
899	8	500	494	0.5210	0.258	0.270	0.303	0.287	0.327	0.347	0.283	0.298	0.290	0.352	0.265	0.329	0.317	0.285	2.062	0.520	0.313	0.195	1.000	-8973.725
900	8	500	495	0.5043	0.356	0.263	0.337	0.296	0.312	0.266	0.317	0.367	0.287	0.354	0.353	0.313	0.360	0.339	1.929	0.641	0.310	0.196	2.552	-9173.865
901	8	500	496	0.5297	0.270	0.278	0.317	0.288	0.348	0.309	0.329	0.242	0.296	0.301	0.277	0.313	0.256	0.309	1.962	0.598	0.310	0.176	3.457	-8924.856
902	8	500	486	0.5133	0.227	0.304	0.306	0.290	0.269	0.340	0.349	0.310	0.259	0.315	0.225	0.307	0.274	0.335	1.811	0.678	0.271	0.219	5.965	-8862.860
903	8	500	494	0.5078	0.425	0.272	0.286	0.346	0.231	0.298	0.300	0.395	0.330	0.301	0.329	0.276	0.248	0.271	1.883	0.613	0.340	0.191	13.049	-8880.071
904	8	500	488	0.5142	0.234	0.372	0.319	0.337	0.339	0.282	0.277	0.267	0.278	0.280	0.380	0.280	0.321	0.269	2.075	0.604	0.358	0.178	4.923	-8909.602
905	8	500	492	0.5260	0.268	0.233	0.346	0.288	0.272	0.316	0.289	0.288	0.310	0.274	0.267	0.256	0.334	0.304	2.067	0.511	0.312	0.165	1.200	-8804.669
906	8	500	495	0.5278	7.995	0.316	0.311	0.274	0.319	0.312	0.283	8.055	0.318	0.283	0.330	0.322	0.321	0.269	1.956	0.627	0.345	0.186	999.000	-8946.999
907	8	500	493	0.5127	0.367	0.359	0.277	0.352	0.373	0.269	0.351	0.000	0.460	0.258	0.271	0.381	0.301	0.314	2.062	0.390	0.146	0.208	619.794	-9002.816
908	8	500	489	0.5082	0.424	0.200	0.257	0.322	0.282	0.268	0.271	0.241	0.311	0.386	0.309	0.275	0.246	0.279	1.927	0.618	0.326	0.187	4.304	-8714.693
909	8	500	490	0.5117	0.270	0.288	0.264	0.299	0.304	0.300	0.351	0.292	0.336	0.264	0.313	0.321	0.235	0.268	1.930	0.594	0.375	0.183	7.233	-8864.274
910	8	500	496	0.5191	0.793	0.256	0.376	0.230	0.372	0.293	0.291	0.803	0.302	0.270	0.302	0.351	0.244	0.355	1.729	0.685	0.289	0.196	61.052	-8932.593
911	8	500	492	0.5231	1.037	0.293	0.337	0.341	0.290	0.291	0.322	0.004	0.305	0.312	0.357	0.317	0.309	0.259	2.081	0.576	0.414	0.188	66.757	-9130.265
912	8	500	496	0.5267	1.495	0.252	0.316	0.291	0.343	0.257	0.246	1.515	0.335	0.319	0.268	0.259	0.373	0.270	1.803	0.643	0.347	0.214	388.812	-8963.345
913	8	500	482	0.5212	0.248	0.279	0.230	0.320	0.202	0.302	0.253	0.235	0.282	0.315	0.296	0.309	0.292	0.264	2.078	0.644	0.326	0.181	8.051	-8459.725
914	8	500	493	0.5143	0.289	0.286	0.329	0.269	0.367	0.282	0.315	0.280	0.219	0.265	0.334	0.311	0.290	0.272	1.955	0.603	0.299	0.204	2.833	-8877.289
915	8	500	496	0.5085	0.286	0.278	0.323	0.293	0.232	0.275	0.228	0.261	0.301	0.312	0.309	0.325	0.289	0.307	2.176	0.673	0.288	0.216	8.015	-8731.262
916	8	500	495	0.5126	0.337	0.277	0.339	0.322	0.287	0.321	0.304	0.305	0.283	0.282	0.273	0.255	0.295	0.304	1.982	0.613	0.341	0.185	2.963	-8855.082
917	8	500	488	0.5148	0.284	0.301	0.278	0.358	0.370	0.341	0.244	0.294	0.339	0.315	0.317	0.267	0.283	0.337	1.857	0.663	0.289	0.210	3.289	-8971.967
918	8	500	491	0.5158	0.298	0.244	0.301	0.320	0.241	0.390	0.243	0.363	0.289	0.300	0.281	0.270	0.285	0.269	2.136	0.636	0.338	0.168	1.000	-8714.650
919	8	500	494	0.5317	0.312	0.310	0.306	0.346	0.324	0.323	0.332	0.334	0.285	0.330	0.310	0.367	0.378	0.236	1.933	0.585	0.343	0.180	5.225	-9148.792
920	8	500	489	0.5113	0.276	0.286	0.261	0.295	0.274	0.276	0.307	0.293	0.295	0.314	0.325	0.357	0.294	0.333	2.029	0.677	0.323	0.193	8.608	-8853.825
921	8	500	489	0.5048	4.949	0.292	0.285	0.245	0.318	0.280	0.289	4.922	0.225	0.220	0.229	0.312	0.323	0.247	2.098	0.684	0.277	0.213	370.609	-8568.836
922	8	500	488	0.5061	0.312	0.266	0.308	0.325	0.232	0.235	0.300	0.294	0.325	0.289	0.306	0.298	0.250	0.336	2.127	0.623	0.315	0.187	4.438	-8696.133
923	8	500	488	0.5064	0.253	0.308	0.323	0.295	0.395	0.315	0.259	0.248	0.342	0.332	0.243	0.237	0.344	0.257	1.946	0.570	0.260	0.216	1.988	-8956.654
924	8	500	493	0.5077	0.338	0.315	0.298	0.266	0.331	0.296	0.255	0.326	0.304	0.324	0.319	0.291	0.271	0.346	2.171	0.592	0.311	0.215	6.410	-8960.199
925	8	500	495	0.5093	0.300	0.334	0.261	0.326	0.243	0.269	0.316	0.299	0.303	0.290	0.322	0.310	0.246	0.334	1.938	0.608	0.291	0.172	1.464	-8816.896
926	8	500	487	0.5230	0.291	0.256	0.303	0.272	0.341	0.301	0.250	0.264	0.321	0.243	0.357	0.319	0.283	0.276	1.757	0.663	0.310	0.177	1.359	-8752.561
927	8	500	494	0.5230	0.257	0.323	0.230	0.321	0.291	0.286	0.298	0.269	0.298	0.312	0.274	0.371	0.306	0.272	1.925	0.585	0.311	0.193	2.516	-8899.459
928	8	500	491	0.5314	0.294	0.294	0.311	0.384	0.274	0.322	0.309	0.314	0.242	0.311	0.295	0.347	0.329	0.284	2.020	0.600	0.322	0.194	3.202	-9056.300
929	8	500	491	0.5214	0.263	0.278	0.308	0.274	0.294	0.285	0.331	0.285	0.325	0.302	0.301	0.248	0.326	0.266	1.963	0.605	0.281	0.213	2.238	-8913.423
930	8	500	489	0.4973	0.303	0.286	0.272	0.283	0.241	0.343	0.260	0.317	0.307	0.339	0.281	0.299	0.261	0.306	1.942	0.597	0.261	0.189	3.373	-8773.114
931	8	500	489	0.5252	5.194	0.318	0.252	0.321	0.305	0.288	0.313	5.196	0.205	0.311	0.277	0.312	0.226	0.329	2.197	0.755	0.230	0.227	998.997	-8707.107
932	8	500	497	0.5182	0.119	0.358	0.318	0.317	0.369	0.326	0.297	0.260	0.398	0.309	0.328	0.429	0.261	0.296	1.875	0.478	0.189	0.193	825.882	-9045.771
933	8	500	496	0.4987	0.507	0.312	0.250	0.277	0.281	0.333	0.320	0.155	0.338	0.259	0.308	0.273	0.269	0.344	2.095	0.653	0.327	0.220	3.388	-8946.279
934	8	500	489	0.5320	0.304	0.261	0.269	0.322	0.322	0.255	0.415	0.308	0.246	0.313	0.316	0.276	0.309	0.292	2.101	0.604	0.327	0.179	3.055	-8894.288
935	8	500	492	0.5107	0.236	0.290	0.302	0.312	0.305	0.371	0.315	0.246	0.303	0.288	0.325	0.333	0.325	0.274	1.789	0.549	0.252	0.202	1.236	-9005.461
936	8	500	493	0.5151	0.275	0.283	0.259	0.272	0.342	0.303	0.339	0.350	0.349	0.310	0.289	0.289	0.326	0.296	1.909	0.540	0.269	0.192	2.082	-8997.418
937	8	500	491	0.5068	0.331	0.331	0.287	0.272	0.231	0.310	0.325	0.368	0.313	0.270	0.363	0.315	0.343	0.312	2.160	0.610	0.291	0.193	5.867	-8946.316
938	8	500	496	0.5039	0.515	0.269	0.346	0.367	0.245	0.307	0.324	0.529	0.328	0.324	0.314	0.285	0.286	0.286	1.794	0.655	0.329	0.200	40.553	-9048.946
939	8	500	491	0.5221	0.343	0.327	0.315	0.286	0.268	0.329	0.298	0.319	0.384	0.311	0.310	0.277	0.254	0.317	1.973	0.667	0.283	0.216	5.342	-9028.721
940	8	500	493	0.5260	0.461	0.308	0.293	0.295	0.283	0.338	0.379	0.506	0.275	0.292	0.329	0.306	0.339	0.318	2.019	0.615	0.356	0.203	27.338	-9077.395
941	8	500	493	0.5087	0.325	0.271	0.351	0.315	0.291	0.355	0.325	0.256	0.235	0.266	0.369	0.307	0.335	0.222	2.088	0.630	0.336	0.227	5.494	-8988.479
942	8	500	491	0.5027	0.268	0.260	0.326	0.306	0.288	0.356	0.259	0.223	0.271	0.262	0.294	0.298	0.314	0.293	1.937	0.573	0.330	0.202	3.035	-8823.102
943	8	500	491	0.5278	0.389	0.284	0.300	0.307	0.362	0.246	0.280	0.370	0.323	0.300	0.306	0.261	0.310	0.322	1.884	0.613	0.351	0.202	8.644	-9009.474
944	8	500	490	0.5248	0.327	0.303	0.360	0.252	0.323	0.298	0.284	0.411	0.232	0.296	0.263	0.349	0.250	0.324	1.899	0.702	0.284	0.208	22.467	-8844.741
945	8	500	496	0.5273	0.707	0.286	0.271	0.308	0.319	0.275	0.290	0.738	0.299	0.260	0.310	0.333	0.322	0.300	2.052	0.667	0.313	0.195	79.276	-8854.675
946	8	500	497	0.5013	0.269	0.253	0.315	0.356	0.296	0.328	0.331	0.273	0.363	0.279	0.274	0.344	0.358	0.292	1.960	0.616	0.306	0.196	4.902	-9038.244
947	8	500	492	0.5130	1.553	0.347	0.279	0.320	0.340	0.256	0.289	1.666	0.256	0.270	0.321	0.310	0.271	0.237	2.011	0.655	0.334	0.217	495.495	-8775.627
948	8	500	497	0.5100	0.455	0.279	0.275	0.304	0.245	0.344	0.353	0.208	0.282	0.279	0.341	0.333	0.268	0.338	1.853	0.723	0.277	0.207	1.000	-8995.128
949	8	500	493	0.5079	0.377	0.326	0.317	0.257	0.256	0.330	0.285	0.297	0.354	0.231	0.345	0.292	0.262	0.350	2.099	0.694	0.283	0.217	13.247	-8846.905
950	8	500	488	0.5064	0.292	0.290	0.348	0.275	0.246	0.325	0.337	0.316	0.251	0.344	0.337	0.288	0.307	0.280	1.844	0.602	0.355	0.183	6.678	-8950.189
951	8	500	490	0.4904	5.088	0.317	0.312	0.287	0.309	0.348	0.232	5.106	0.317	0.325	0.281	0.314	0.296	0.235	2.197	0.633	0.351	0.200	998.999	-8817.564
952	8	500	490	0.5070	0.232	0.306	0.277	0.264	0.267	0.337	0.270	0.367	0.260	0.237	0.271	0.225	0.318	0.303	1.897	0.722	0.231	0.222	5.287	-8582.565
953	8	500	498	0.5237	0.305	0.283	0.307	0.282	0.297	0.271	0.248	0.314	0.303	0.285	0.293	0.303	0.380	0.342	1.935	0.654	0.280	0.239	2.353	-9059.735
954	8	500	496	0.5191	0.296	0.330	0.338	0.330	0.299	0.296	0.340	0.332	0.284	0.283	0.285	0.287	0.281	0.332	1.946	0.652	0.272	0.209	3.351	-9029.343
955	8	500	492	0.5110	0.367	0.237	0.274	0.327	0.319	0.306	0.307	0.324	0.285	0.299	0.277	0.326	0.271	0.390	2.058	0.634	0.328	0.192	4.346	-8937.095
956	8	500	494	0.5102	0.361	0.330	0.316	0.273	0.308	0.289	0.343	0.376	0.340	0.325	0.285	0.262	0.268	0.329	2.113	0.597	0.368	0.196	7.813	-9046.089
957	8	500	495	0.5039	0.300	0.305	0.360	0.276	0.350	0.315	0.297	0.354	0.287	0.258	0.322	0.411	0.251	0.326	2.014	0.607	0.337	0.176	6.264	-8994.015
958	8	500	494	0.5187	0.261	0.319	0.294	0.261	0.272	0.322	0.299	0.347	0.289	0.281	0.237	0.311	0.310	0.264	2.046	0.643	0.288	0.187	3.616	-8702.860
959	8	500	496	0.5253	0.308	0.224	0.285	0.361	0.335	0.263	0.337	0.306	0.257	0.291	0.254	0.344	0.307	0.321	2.207	0.600	0.310	0.195	3.576	-8835.869
960	8	500	493	0.5167	0.317	0.243	0.313	0.328	0.259	0.269	0.288	0.324	0.273	0.342	0.258	0.316	0.310	0.313	1.892	0.708	0.281	0.229	12.803	-8861.837
961	8	500	492	0.4994	0.250	0.301	0.292	0.265	0.278	0.305	0.340	0.296	0.346	0.312	0.309	0.329	0.278	0.220	2.065	0.613	0.264	0.178	4.395	-8698.179
962	8	500	492	0.4946	0.245	0.338	0.299	0.304	0.239	0.274	0.274	0.321	0.274	0.317	0.294	0.277	0.309	0.280	1.905	0.662	0.250	0.210	5.568	-8705.799
963	8	500	496	0.5217	0.295	0.318	0.288	0.303	0.305	0.307	0.312	0.351	0.267	0.304	0.313	0.362	0.304	0.297	1.893	0.616	0.343	0.162	3.653	-8969.602
964	8	500	493	0.5039	0.237	0.301	0.338	0.268	0.326	0.290	0.306	0.303	0.326	0.312	0.280	0.259	0.320	0.309	1.998	0.565	0.304	0.178	2.210	-8913.531
965	8	500	494	0.5038	0.379	0.382	0.319	0.318	0.282	0.336	0.344	0.348	0.286	0.313	0.349	0.287	0.319	0.356	2.013	0.589	0.362	0.181	10.017	-9215.011
966	8	500	487	0.5156	0.590	0.242	0.317	0.262	0.295	0.225	0.314	0.559	0.270	0.266	0.274	0.252	0.286	0.278	1.936	0.661	0.306	0.182	23.614	-8556.869
967	8	500	492	0.5194	0.314	0.290	0.287	0.251	0.267	0.280	0.313	0.302	0.284	0.282	0.305	0.268	0.327	0.273	1.896	0.687	0.313	0.198	121.248	-8796.899
968	8	500	492	0.4905	0.250	0.305	0.379	0.247	0.311	0.279	0.340	0.275	0.329	0.341	0.280	0.353	0.284	0.333	1.885	0.610	0.264	0.215	1.000	-8999.886
969	8	500	496	0.5204	0.249	0.291	0.319	0.280	0.272	0.361	0.285	0.302	0.310	0.297	0.273	0.268	0.294	0.300	2.028	0.594	0.261	0.205	2.314	-8858.540
970	8	500	493	0.5195	0.238	0.222	0.326	0.296	0.376	0.301	0.275	0.217	0.340	0.236	0.281	0.300	0.275	0.322	1.977	0.535	0.232	0.186	1.537	-8716.299
971	8	500	494	0.5142	0.007	0.342	0.327	0.342	0.319	0.339	0.251	0.551	0.286	0.272	0.342	0.270	0.262	0.261	2.027	0.673	0.315	0.199	13.772	-8841.923
972	8	500	495	0.5125	0.251	0.299	0.372	0.335	0.336	0.269	0.242	0.271	0.252	0.259	0.287	0.324	0.316	0.342	1.973	0.581	0.313	0.210	2.638	-8944.987
973	8	500	490	0.5122	0.294	0.289	0.307	0.271	0.259	0.264	0.331	0.271	0.285	0.348	0.292	0.279	0.307	0.331	1.933	0.555	0.369	0.183	1.335	-8913.163
974	8	500	498	0.5157	0.341	0.309	0.295	0.367	0.267	0.328	0.246	0.264	0.309	0.274	0.269	0.302	0.290	0.321	1.815	0.650	0.316	0.220	4.197	-8964.062
975	8	500	490	0.5085	0.000	0.248	0.267	0.282	0.339	0.300	0.316	0.484	0.324	0.260	0.366	0.297	0.351	0.255	2.067	0.626	0.331	0.223	1.000	-8889.246
976	8	500	490	0.5022	0.364	0.311	0.299	0.308	0.325	0.296	0.307	0.386	0.245	0.298	0.306	0.346	0.305	0.258	1.979	0.655	0.272	0.194	6.165	-8909.934
977	8	500	491	0.5084	0.266	0.281	0.265	0.285	0.356	0.276	0.295	0.335	0.326	0.278	0.310	0.269	0.250	0.349	2.057	0.652	0.348	0.184	30.220	-8807.952
978	8	500	490	0.5253	0.331	0.251	0.315	0.295	0.295	0.363	0.331	0.293	0.270	0.296	0.290	0.299	0.338	0.290	1.910	0.645	0.277	0.197	3.314	-8933.778
979	8	500	496	0.5103	0.671	0.307	0.304	0.324	0.295	0.287	0.370	0.690	0.398	0.357	0.253	0.230	0.303	0.320	2.015	0.657	0.315	0.230	53.624	-9084.998
980	8	500	498	0.5265	0.265	0.294	0.352	0.318	0.299	0.413	0.317	0.341	0.356	0.274	0.312	0.273	0.310	0.322	1.782	0.565	0.253	0.210	3.369	-9235.239
981	8	500	492	0.5223	6.232	0.312	0.268	0.311	0.297	0.300	0.269	6.280	0.327	0.294	0.310	0.297	0.317	0.304	1.867	0.608	0.373	0.197	998.998	-9027.013
982	8	500	492	0.5221	0.321	0.305	0.287	0.320	0.308	0.349	0.335	0.315	0.334	0.344	0.249	0.334	0.365	0.227	2.099	0.560	0.374	0.205	7.125	-9102.921
983	8	500	491	0.5028	0.270	0.358	0.271	0.337	0.291	0.323	0.272	0.217	0.284	0.329	0.281	0.296	0.291	0.342	2.135	0.520	0.314	0.171	1.447	-8912.438
984	8	500	495	0.5301	0.239	0.252	0.311	0.281	0.276	0.282	0.323	0.296	0.319	0.286	0.327	0.256	0.303	0.352	1.881	0.628	0.219	0.238	1.440	-8971.616
985	8	500	491	0.5211	0.399	0.276	0.267	0.281	0.314	0.326	0.257	0.403	0.276	0.333	0.276	0.288	0.281	0.320	1.949	0.676	0.308	0.197	17.724	-8788.021
986	8	500	492	0.5039	0.287	0.187	0.337	0.273	0.356	0.281	0.306	0.372	0.296	0.352	0.300	0.306	0.327	0.261	2.025	0.635	0.365	0.226	44.706	-8977.640
987	8	500	493	0.5207	0.389	0.285	0.313	0.281	0.279	0.323	0.279	0.452	0.357	0.319	0.278	0.287	0.289	0.343	1.978	0.658	0.298	0.191	9.278	-8985.449
988	8	500	495	0.5145	0.378	0.285	0.245	0.288	0.292	0.247	0.287	0.375	0.307	0.359	0.236	0.304	0.331	0.247	1.981	0.690	0.277	0.213	14.199	-8685.728
989	8	500	495	0.5206	0.323	0.368	0.244	0.348	0.321	0.276	0.291	0.299	0.319	0.253	0.344	0.260	0.383	0.298	2.035	0.534	0.334	0.164	1.686	-9043.949
990	8	500	491	0.5268	0.472	0.305	0.282	0.294	0.313	0.322	0.255	0.409	0.383	0.320	0.309	0.338	0.332	0.242	1.891	0.672	0.289	0.205	18.932	-8972.093
991	8	500	492	0.5133	0.330	0.286	0.271	0.256	0.393	0.316	0.244	0.305	0.271	0.335	0.309	0.359	0.292	0.255	2.087	0.618	0.303	0.185	5.621	-8817.219
992	8	500	495	0.5157	0.276	0.288	0.309	0.291	0.306	0.222	0.308	0.345	0.325	0.274	0.300	0.282	0.351	0.289	1.853	0.734	0.237	0.211	4.276	-8786.382
993	8	500	497	0.5097	5.174	0.274	0.285	0.283	0.309	0.290	0.292	5.128	0.319	0.258	0.323	0.228	0.313	0.234	2.005	0.692	0.290	0.240	998.995	-8716.756
994	8	500	492	0.5286	0.264	0.333	0.309	0.261	0.249	0.268	0.243	0.396	0.328	0.282	0.256	0.238	0.334	0.326	2.123	0.657	0.326	0.194	12.832	-8714.901
995	8	500	490	0.5148	0.266	0.302	0.264	0.347	0.286	0.296	0.313	0.310	0.344	0.340	0.273	0.255	0.333	0.337	1.897	0.649	0.301	0.205	7.532	-8956.139
996	8	500	497	0.5076	0.361	0.342	0.363	0.311	0.306	0.343	0.313	0.334	0.328	0.324	0.292	0.348	0.301	0.279	2.024	0.550	0.386	0.226	6.055	-9289.082
997	8	500	494	0.5153	12.178	0.293	0.301	0.355	0.278	0.207	0.253	12.142	0.242	0.250	0.345	0.300	0.302	0.333	2.280	0.615	0.347	0.203	999.000	-8810.893
998	8	500	496	0.5215	0.355	0.251	0.310	0.305	0.274	0.299	0.291	0.382	0.215	0.298	0.337	0.394	0.280	0.318	2.165	0.631	0.318	0.216	5.953	-8970.404
999	8	500	492	0.5229	0.258	0.272	0.294	0.272	0.361	0.275	0.275	0.239	0.287	0.314	0.260	0.323	0.255	0.371	2.039	0.630	0.253	0.208	2.328	-8813.944
1000	8	500	497	0.5187	0.283	0.355	0.336	0.303	0.332	0.271	0.329	0.251	0.339	0.323	0.269	0.262	0.267	0.313	2.120	0.630	0.300	0.188	3.695	-8890.012
