"","x"
"1",-8846.568
"2",-9024.105
"3",-9101.495
"4",-8867.642
"5",-8859.517
"6",-8649.77
"7",-8879.665
"8",-8800.118
"9",-9108.48
"10",-8996.989
"11",-8836.148
"12",-9084.937
"13",-8983.326
"14",-9170.315
"15",-8867.739
"16",-8683.811
"17",-9048.546
"18",-8978.686
"19",-9035.389
"20",-8902.359
"21",-8941.523
"22",-8960.504
"23",-8893.935
"24",-8865.335
"25",-8834.892
"26",-8771.823
"27",-8898.186
"28",-9005.549
"29",-9024.895
"30",-8702.819
"31",-9166.628
"32",-8699.276
"33",-9142.778
"34",-9030.551
"35",-8898.807
"36",-8936.686
"37",-8689.426
"38",-9004.368
"39",-8989.409
"40",-9009.091
"41",-9171.898
"42",-9030.553
"43",-8719.821
"44",-8673.517
"45",-9110.75
"46",-8936.709
"47",-9001.227
"48",-8802.519
"49",-8985.744
"50",-8919.177
"51",-8842.226
"52",-9112.757
"53",-8736.147
"54",-8919.578
"55",-8912.731
"56",-8986
"57",-8965.539
"58",-8846.302
"59",-8912.087
"60",-8612.492
"61",-9009.603
"62",-8798.439
"63",-9116.965
"64",-8920.785
"65",-9092.387
"66",-9082.366
"67",-8597.401
"68",-8790.443
"69",-8789.344
"70",-9095.316
"71",-8895.31
"72",-8724.021
"73",-8766.204
"74",-8901.329
"75",-9014.162
"76",-9209.287
"77",-8996.975
"78",-8717.168
"79",-8783.028
"80",-9006.693
"81",-8831.186
"82",-8901.904
"83",-8880.751
"84",-8700.616
"85",-8906.34
"86",-8797.276
"87",-8821.347
"88",-8937.09
"89",-9080.172
"90",-8818.232
"91",-9167.132
"92",-8886.96
"93",-8868.096
"94",-8606.018
"95",-8910.098
"96",-9044.854
"97",-9087.172
"98",-8861.268
"99",-8605.466
"100",-8966.077
"101",-8768.833
"102",-8881
"103",-9126.571
"104",-9069.687
"105",-8843.933
"106",-8744.665
"107",-8939.987
"108",-8858.703
"109",-9036.753
"110",-8959.642
"111",-9001.683
"112",-8838.696
"113",-9097.539
"114",-8864.097
"115",-8916.519
"116",-9029.401
"117",-8892.117
"118",-8987.746
"119",-9213.329
"120",-8879.416
"121",-9156.787
"122",-8706.553
"123",-8911.986
"124",-8816.751
"125",-8753.211
"126",-8936.359
"127",-8758.5
"128",-8679.912
"129",-8945.561
"130",-9011.967
"131",-9047.301
"132",-8608.724
"133",-8827.461
"134",-9028.228
"135",-9103.41
"136",-8671.124
"137",-8951.903
"138",-8977.478
"139",-8902.709
"140",-8803.71
"141",-8855.535
"142",-8906.086
"143",-8924.51
"144",-8855.117
"145",-9158.505
"146",-9081.963
"147",-8818.711
"148",-8809.178
"149",-8917.558
"150",-8736.636
"151",-9024.82
"152",-8827.648
"153",-9155.345
"154",-8847.771
"155",-8920.124
"156",-8848.497
"157",-8873.037
"158",-8872.691
"159",-8612.681
"160",-9069.415
"161",-8603.013
"162",-9161.971
"163",-8729.084
"164",-8715.993
"165",-9046.41
"166",-9173.701
"167",-8890.586
"168",-8648.839
"169",-8937.629
"170",-8696.199
"171",-9138.779
"172",-9002.306
"173",-8886.076
"174",-8929.632
"175",-8923.159
"176",-8845.146
"177",-9046.635
"178",-8757.757
"179",-9095.971
"180",-9203.626
"181",-8789.915
"182",-8831.468
"183",-8686.443
"184",-9109.164
"185",-8987.73
"186",-9018.297
"187",-9034.721
"188",-8897.713
"189",-9176.31
"190",-9007.568
"191",-8987.794
"192",-8928.933
"193",-8778.463
"194",-9052.088
"195",-9181.754
"196",-8762.789
"197",-8913.718
"198",-8727.531
"199",-8882.536
"200",-8786.157
"201",-8955.889
"202",-8744.755
"203",-8906.165
"204",-9004.927
"205",-9059.506
"206",-8610.925
"207",-8794.318
"208",-8851.477
"209",-9070.355
"210",-8719.078
"211",-9177.026
"212",-8952.597
"213",-8905.885
"214",-8711.993
"215",-8980.331
"216",-8819.877
"217",-9106.457
"218",-9001.559
"219",-8833.18
"220",-8976.515
"221",-8887.75
"222",-9047.8
"223",-8945.141
"224",-8879.708
"225",-9128.628
"226",-8722.476
"227",-9168.135
"228",-8640.799
"229",-9032.544
"230",-8743.722
"231",-9022.822
"232",-8921.089
"233",-9129.162
"234",-8755.214
"235",-8931.144
"236",-8625.794
"237",-8927.105
"238",-8880.583
"239",-9017.253
"240",-8787.15
"241",-8934.953
"242",-8928.671
"243",-8693.472
"244",-8774.543
"245",-8998.696
"246",-9166.622
"247",-8652.563
"248",-8989.013
"249",-8999.604
"250",-8799.029
"251",-8943.816
"252",-8933.428
"253",-8815.577
"254",-8637.783
"255",-8958.218
"256",-9106.074
"257",-8794.551
"258",-9182.86
"259",-8949.378
"260",-8954.485
"261",-8943.159
"262",-8798.029
"263",-8672.194
"264",-8668.56
"265",-8822.634
"266",-8679.072
"267",-8909.604
"268",-8949.483
"269",-9055.077
"270",-8907.792
"271",-8939.946
"272",-9207.888
"273",-9021.951
"274",-9163.163
"275",-8847.818
"276",-9158.259
"277",-8776.461
"278",-9020.377
"279",-8882.05
"280",-9089.447
"281",-8622.101
"282",-8893.577
"283",-8775.308
"284",-8859.443
"285",-9122.715
"286",-8792.926
"287",-8636.601
"288",-8492.498
"289",-8719.286
"290",-9102.945
"291",-8914.504
"292",-8587.532
"293",-9054.708
"294",-9049.134
"295",-9065.827
"296",-9063.552
"297",-8557.192
"298",-8830.998
"299",-8846.763
"300",-8741.332
"301",-8628.014
"302",-8760.733
"303",-9114.491
"304",-8836.065
"305",-8898.961
"306",-8921.318
"307",-8881.382
"308",-9102.619
"309",-8719.587
"310",-8846.609
"311",-8780.203
"312",-8768.839
"313",-8993.258
"314",-8972.706
"315",-8878.975
"316",-9082.851
"317",-8932.718
"318",-8858.511
"319",-9090.978
"320",-9015.765
"321",-8690.963
"322",-8747.333
"323",-8906.564
"324",-8892.667
"325",-8927.838
"326",-8847.623
"327",-9010.031
"328",-9022.964
"329",-8819.959
"330",-8906.501
"331",-8959.438
"332",-8835.674
"333",-8838.921
"334",-8937.114
"335",-8955.745
"336",-8905.155
"337",-9100.551
"338",-8895.62
"339",-8750.875
"340",-9160.92
"341",-8927.955
"342",-8695.368
"343",-8816.328
"344",-8765.058
"345",-8814.988
"346",-8890.861
"347",-9029.633
"348",-9095.354
"349",-9247.667
"350",-9064.542
"351",-8848.554
"352",-8892.368
"353",-8996.341
"354",-8899.365
"355",-9022.968
"356",-8947.24
"357",-8820.272
"358",-8592.983
"359",-8910.973
"360",-8993.233
"361",-8736.413
"362",-8862.667
"363",-8989.066
"364",-9155.845
"365",-8861.414
"366",-8918.459
"367",-9132.9
"368",-8625.352
"369",-8884.648
"370",-8835.73
"371",-8824.731
"372",-8918.594
"373",-8862.495
"374",-8817.795
"375",-8865.866
"376",-8736.601
"377",-9054.89
"378",-9231.337
"379",-9144.107
"380",-8824.964
"381",-8835.338
"382",-8704.543
"383",-8916.549
"384",-8805.027
"385",-8927.59
"386",-8961.114
"387",-8955.232
"388",-8749.575
"389",-9043.721
"390",-9028.715
"391",-9167.913
"392",-9181.549
"393",-8859.825
"394",-8867.026
"395",-8944.942
"396",-9006.375
"397",-9097.992
"398",-8889.489
"399",-8998.777
"400",-8900.53
"401",-9116.396
"402",-9152.664
"403",-9041.621
"404",-9033.704
"405",-8720.211
"406",-8980.278
"407",-9132.937
"408",-9086.386
"409",-8582.499
"410",-9112.173
"411",-9010.38
"412",-9099.278
"413",-8727.614
"414",-8913.394
"415",-9019.56
"416",-8835.149
"417",-8665.672
"418",-9083.327
"419",-9016.796
"420",-8877.311
"421",-8937.759
"422",-9031.839
"423",-8843.112
"424",-8745.328
"425",-8904.299
"426",-9035.387
"427",-8681.629
"428",-9061.645
"429",-8890.657
"430",-9190.782
"431",-8853.799
"432",-8964.011
"433",-9155.932
"434",-9040.614
"435",-9025.932
"436",-8808.27
"437",-8823.56
"438",-8922.485
"439",-8704.444
"440",-8885.03
"441",-9095.303
"442",-8766.931
"443",-9040.386
"444",-9012.092
"445",-8819.206
"446",-8740.947
"447",-8604.036
"448",-8701.494
"449",-8817.215
"450",-8873.654
"451",-9047.563
"452",-8744.388
"453",-9178.157
"454",-8880.398
"455",-8956.487
"456",-8949.915
"457",-8957.409
"458",-9217.815
"459",-8767.144
"460",-9028.211
"461",-8904.643
"462",-8848.733
"463",-9212.77
"464",-8880.673
"465",-8968.407
"466",-9168.66
"467",-8883.429
"468",-8962.504
"469",-9107.464
"470",-8934.623
"471",-8922.197
"472",-8804.116
"473",-8973.903
"474",-8706.573
"475",-9030.671
"476",-8820.125
"477",-8829.716
"478",-9029.622
"479",-8854.442
"480",-9311.756
"481",-8994.57
"482",-8975.117
"483",-8939.386
"484",-8843.562
"485",-8760.053
"486",-9006.771
"487",-9042.954
"488",-8900.187
"489",-8800.694
"490",-8787.142
"491",-8826.827
"492",-8716.449
"493",-8937.016
"494",-8827.371
"495",-8852.385
"496",-9164.288
"497",-8834.338
"498",-8875.077
"499",-9026.25
"500",-8814.997
"501",-8982.687
"502",-9150.718
"503",-8783.026
"504",-8817.096
"505",-8764.745
"506",-8928.982
"507",-9034.19
"508",-8963.845
"509",-8718.858
"510",-9112.42
"511",-8918.198
"512",-8787.211
"513",-8850.628
"514",-8858.184
"515",-8790.012
"516",-8809.687
"517",-8663.062
"518",-9107.735
"519",-8973.395
"520",-8815.116
"521",-9003.205
"522",-9031.513
"523",-8778.07
"524",-8792.941
"525",-8878.639
"526",-9130.197
"527",-8844.601
"528",-8971.333
"529",-9064.001
"530",-9088.879
"531",-8980.998
"532",-8936.017
"533",-8872.295
"534",-8985
"535",-8826.094
"536",-8877.913
"537",-8794.469
"538",-9066.233
"539",-8656.099
"540",-8879.099
"541",-8588.033
"542",-9057.941
"543",-8977.056
"544",-9030.331
"545",-8811.41
"546",-8594.955
"547",-8869.206
"548",-8840.602
"549",-9038.734
"550",-8997.489
"551",-8902.797
"552",-8733.219
"553",-8751.929
"554",-9028.224
"555",-8846.121
"556",-8820.103
"557",-8984.409
"558",-8876.937
"559",-8729.636
"560",-8835.91
"561",-8959.712
"562",-8803.724
"563",-9095.165
"564",-8679.676
"565",-8969.085
"566",-8663.405
"567",-8930.425
"568",-8727.292
"569",-9101.238
"570",-8996.517
"571",-8979.51
"572",-9030.992
"573",-9101.189
"574",-8991.269
"575",-8872.116
"576",-9000.895
"577",-8789.831
"578",-8861.15
"579",-8778.063
"580",-8882.095
"581",-8910.691
"582",-8920.213
"583",-9080.743
"584",-8962.79
"585",-8901.3
"586",-8970.15
"587",-9089.379
"588",-9238.532
"589",-8965.652
"590",-8713.024
"591",-9117.647
"592",-8767.163
"593",-8914.595
"594",-9037.331
"595",-8917.437
"596",-8954.159
"597",-8839.476
"598",-8872.373
"599",-8814.585
"600",-9028.855
"601",-9078.178
"602",-8880.287
"603",-8772.554
"604",-8833.438
"605",-8738.465
"606",-8860.434
"607",-9098.617
"608",-8870.885
"609",-8871.93
"610",-8759.036
"611",-9087.383
"612",-9049.104
"613",-8874.758
"614",-8844.133
"615",-8849.463
"616",-8993.296
"617",-8917.108
"618",-8699.885
"619",-8923.851
"620",-8877.422
"621",-9030.591
"622",-8888.379
"623",-8923.275
"624",-9175.442
"625",-9032.02
"626",-9169.625
"627",-8950.616
"628",-8980.401
"629",-9024.802
"630",-8899.161
"631",-8600.12
"632",-8909.07
"633",-8682.752
"634",-8775.339
"635",-8762.404
"636",-8982.967
"637",-8962.112
"638",-8843.784
"639",-8872.082
"640",-8816.707
"641",-8939.413
"642",-8783.119
"643",-9109.823
"644",-8860.293
"645",-8906.729
"646",-9098.425
"647",-8926.652
"648",-8929.014
"649",-9193.116
"650",-8559.828
"651",-8908.816
"652",-8750.914
"653",-8537.485
"654",-9132.704
"655",-8918.07
"656",-9201.303
"657",-8982.142
"658",-9136.701
"659",-8703.79
"660",-8947.988
"661",-9093.824
"662",-8767.577
"663",-8924.82
"664",-8790.609
"665",-8968.305
"666",-8684.539
"667",-9117.763
"668",-8886.71
"669",-8978.143
"670",-9130.311
"671",-8948.417
"672",-8781.674
"673",-8750.73
"674",-9088.752
"675",-9094.037
"676",-8586.801
"677",-8941.399
"678",-8843.688
"679",-8689.348
"680",-9112.993
"681",-8830.833
"682",-8955.223
"683",-9014.596
"684",-9039.373
"685",-9021.471
"686",-9182.021
"687",-8879.393
"688",-8977.894
"689",-8788.79
"690",-9051.628
"691",-8756.502
"692",-8868.589
"693",-9052.201
"694",-8951.89
"695",-9005.143
"696",-9043.592
"697",-8728.716
"698",-9019.798
"699",-9019.705
"700",-8997.269
"701",-9092.577
"702",-9155.481
"703",-9047.802
"704",-9008.546
"705",-8902.941
"706",-8780.051
"707",-8946.185
"708",-8940.169
"709",-8897.669
"710",-8737.255
"711",-9034.364
"712",-8769.275
"713",-8965.69
"714",-8980.812
"715",-8905.818
"716",-8776.112
"717",-8953.578
"718",-9053.246
"719",-8924.091
"720",-8953.624
"721",-9092.643
"722",-8912.763
"723",-8635.454
"724",-9030.273
"725",-8876.524
"726",-9015.296
"727",-8690.042
"728",-8895.659
"729",-9084.511
"730",-9064.392
"731",-8645.918
"732",-8631.718
"733",-8772.593
"734",-8966.751
"735",-9038.852
"736",-9051.799
"737",-8860.447
"738",-8880.714
"739",-9034.494
"740",-8628.607
"741",-8960.152
"742",-8919.081
"743",-8966.791
"744",-8602.787
"745",-9134.189
"746",-8808.533
"747",-9195.164
"748",-8679.355
"749",-8643.043
"750",-9066.6
"751",-8828.912
"752",-8786.85
"753",-8700.288
"754",-8755.196
"755",-8981.649
"756",-8901.095
"757",-8626.731
"758",-8871.89
"759",-8831.492
"760",-8948.646
"761",-8998.398
"762",-9140.231
"763",-9029.146
"764",-9046.156
"765",-8981.368
"766",-8635.229
"767",-8992.006
"768",-8976.329
"769",-8882.768
"770",-8851.073
"771",-8880.416
"772",-8932.371
"773",-8935.226
"774",-8869.481
"775",-8918.53
"776",-9096.049
"777",-8877.32
"778",-9103.718
"779",-8907.118
"780",-8809.726
"781",-8652.696
"782",-8942.036
"783",-8915.884
"784",-8693.757
"785",-8865.137
"786",-8857.692
"787",-8818.594
"788",-8714.236
"789",-9022.397
"790",-8953.625
"791",-8844.575
"792",-8764.903
"793",-8660.859
"794",-9002.574
"795",-8594.686
"796",-8898.688
"797",-9073.072
"798",-8902.001
"799",-9000.624
"800",-8962.228
"801",-8965.585
"802",-8817.801
"803",-8967.266
"804",-8938.868
"805",-9186.314
"806",-8962.277
"807",-9167.539
"808",-8879.558
"809",-8804.926
"810",-9050.27
"811",-9084.884
"812",-8968.5
"813",-8947.337
"814",-8943.11
"815",-8794.908
"816",-9070.672
"817",-8584.684
"818",-9184.411
"819",-8935.21
"820",-9323.91
"821",-9249.196
"822",-8994.553
"823",-8850.651
"824",-8777.212
"825",-8843.798
"826",-8840.619
"827",-9086.574
"828",-8672.725
"829",-8826.789
"830",-8752.996
"831",-8805.176
"832",-8851.683
"833",-9072.845
"834",-8758.313
"835",-8990.359
"836",-9059.098
"837",-8872.74
"838",-8994.129
"839",-9057.24
"840",-8950.804
"841",-9023.932
"842",-8718.545
"843",-9005.862
"844",-9248.31
"845",-8835.739
"846",-8918.202
"847",-8743.536
"848",-8826.659
"849",-9074.475
"850",-8888.93
"851",-8927.883
"852",-8978.376
"853",-9114.186
"854",-8942.823
"855",-9103.247
"856",-8959.768
"857",-8742.849
"858",-8935.15
"859",-8613.666
"860",-9079.162
"861",-8847.423
"862",-8793.657
"863",-8918.336
"864",-8815.305
"865",-8986.963
"866",-8966.178
"867",-8955.819
"868",-8814.591
"869",-8948.13
"870",-8934.508
"871",-9037.292
"872",-8961.709
"873",-8863.882
"874",-8887.376
"875",-9038.526
"876",-8963.761
"877",-8765.008
"878",-9057.445
"879",-8839.643
"880",-8514.273
"881",-9110.588
"882",-8971.215
"883",-9103.307
"884",-8998.47
"885",-8691.995
"886",-9134.987
"887",-9079.156
"888",-8730.176
"889",-9025.63
"890",-8930.726
"891",-9025.837
"892",-8983.155
"893",-8829.546
"894",-9037.37
"895",-8999.488
"896",-8894.302
"897",-8901.165
"898",-8572.317
"899",-9000.577
"900",-9043.671
"901",-8841.359
"902",-8825.438
"903",-8883.708
"904",-8798.572
"905",-8889.587
"906",-9059.91
"907",-9055.93
"908",-9068.419
"909",-8948.253
"910",-8633.128
"911",-9105.391
"912",-8842.91
"913",-8927.138
"914",-9368.275
"915",-9024.806
"916",-9178.552
"917",-8717.197
"918",-9003.588
"919",-8865.107
"920",-8922.417
"921",-8874.512
"922",-8949.047
"923",-8875.007
"924",-9088.125
"925",-8960.903
"926",-8876.282
"927",-8767.065
"928",-8788.904
"929",-8733.78
"930",-9174.402
"931",-8581.608
"932",-9037.617
"933",-8921.89
"934",-9070.029
"935",-8875.07
"936",-8628.617
"937",-9266.38
"938",-8703.729
"939",-8892.362
"940",-8864.497
"941",-9149.375
"942",-9278.336
"943",-8949.185
"944",-9141.77
"945",-8879.85
"946",-8822.714
"947",-8842.848
"948",-8982.219
"949",-9014.601
"950",-8910.424
"951",-8837.538
"952",-8991.476
"953",-8766.478
"954",-9132.328
"955",-9204.213
"956",-8860.265
"957",-8667.204
"958",-8691.384
"959",-8835.817
"960",-9013.211
"961",-9252.285
"962",-9054.039
"963",-8819.03
"964",-8741.073
"965",-8913.75
"966",-8491.544
"967",-8656.519
"968",-8887.707
"969",-8610.204
"970",-9154.621
"971",-8907.536
"972",-8790.279
"973",-8829.787
"974",-8886.546
"975",-8716.312
"976",-8983.569
"977",-9034.593
"978",-8935.882
"979",-8698.245
"980",-8878.597
"981",-8583.983
"982",-8952.657
"983",-8867.522
"984",-8693.302
"985",-8748.142
"986",-9202.001
"987",-8838.44
"988",-9022.712
"989",-8842.008
"990",-8857.703
"991",-8743.912
"992",-9061.796
"993",-9000.476
"994",-8922.659
"995",-8835.5
"996",-9015.827
"997",-9120.909
"998",-8976.972
"999",-8886.085
"1000",-8699.531
"1001",-8856.121
"1002",-8920.393
"1003",-9095.367
"1004",-8850.725
"1005",-8920.803
"1006",-8689.455
"1007",-9039.297
"1008",-8860.869
"1009",-9018.248
"1010",-8989.968
"1011",-8832.542
"1012",-8949.53
"1013",-8989.378
"1014",-8964.777
"1015",-8817.517
"1016",-8866.235
"1017",-8863.882
"1018",-8842.469
"1019",-8919.151
"1020",-9162.387
"1021",-8920.679
"1022",-8866.943
"1023",-9038.675
"1024",-8866.538
"1025",-9005.142
"1026",-8766.525
"1027",-8756.325
"1028",-9027.272
"1029",-9001.464
"1030",-8776.251
"1031",-8815.637
"1032",-9155.777
"1033",-9021.287
"1034",-8830.099
"1035",-8824.625
"1036",-8696.193
"1037",-8788.409
"1038",-8910.515
"1039",-9125.316
"1040",-9096.454
"1041",-8539.716
"1042",-8826.329
"1043",-8846.85
"1044",-8891.676
"1045",-9026.368
"1046",-8829.288
"1047",-9069.287
"1048",-9225.194
"1049",-8761.852
"1050",-8773.072
"1051",-8924.436
"1052",-9109.419
"1053",-8860.885
"1054",-9216.229
"1055",-8941.933
"1056",-8836.917
"1057",-8794.138
"1058",-8630.437
"1059",-8967.288
"1060",-8976.654
"1061",-8975.433
"1062",-8919.584
"1063",-8645.54
"1064",-9063.732
"1065",-9015.361
"1066",-9148.679
"1067",-8915.548
"1068",-8660.264
"1069",-9003.62
"1070",-8932.526
"1071",-8796.797
"1072",-8590.635
"1073",-9022.939
"1074",-8938.474
"1075",-9060.063
"1076",-9102.483
"1077",-8830.577
"1078",-9029.596
"1079",-9105.816
"1080",-8663.221
"1081",-8684.054
"1082",-8775.609
"1083",-8688.536
"1084",-8816.213
"1085",-9096.275
"1086",-9034.41
"1087",-8695.791
"1088",-8918.493
"1089",-8759.002
"1090",-8958.816
"1091",-9089.883
"1092",-8837.907
"1093",-8943.956
"1094",-8830.435
"1095",-8850.725
"1096",-8836.727
"1097",-9033.859
"1098",-8963.067
"1099",-9012.425
"1100",-8814.736
"1101",-8836.25
"1102",-8939.818
"1103",-8961.749
"1104",-8997.966
"1105",-8919.525
"1106",-8858.362
"1107",-9037.831
"1108",-8928.484
"1109",-8987.126
"1110",-8880.096
"1111",-9087.417
"1112",-9125.697
"1113",-8887.099
"1114",-8728.104
"1115",-8787.753
"1116",-8754.801
"1117",-8872.525
"1118",-8833.895
"1119",-8553.634
"1120",-9153.758
"1121",-8938.816
"1122",-8626.421
"1123",-8890.984
"1124",-8872.304
"1125",-9123.929
"1126",-8910.868
"1127",-8820.966
"1128",-8872.641
"1129",-8867.583
"1130",-8945.146
"1131",-8864.711
"1132",-8806.467
"1133",-8784.087
"1134",-8730.06
"1135",-9001.975
"1136",-8707.63
"1137",-8982.159
"1138",-9134.585
"1139",-8987.015
"1140",-8977.246
"1141",-9054.026
"1142",-8958.854
"1143",-8988.129
"1144",-8733.339
"1145",-8975.148
"1146",-9056.458
"1147",-8852.813
"1148",-8943.457
"1149",-8955.039
"1150",-9091.604
"1151",-8936.062
"1152",-8865.931
"1153",-8855.632
"1154",-9153.213
"1155",-8967.22
"1156",-9015.008
"1157",-9269.783
"1158",-8990.08
"1159",-8895.491
"1160",-9025.137
"1161",-8761.938
"1162",-8782.987
"1163",-9056.13
"1164",-8725.35
"1165",-9136.964
"1166",-8927.981
"1167",-8735.111
"1168",-8804.249
"1169",-8983.861
"1170",-8543.12
"1171",-9007.998
"1172",-8923.934
"1173",-9007.75
"1174",-8886.439
"1175",-8882.727
"1176",-9010.868
"1177",-8823.901
"1178",-8806.185
"1179",-9052.937
"1180",-8923.207
"1181",-8938.782
"1182",-8935.727
"1183",-8519.22
"1184",-8798.242
"1185",-8938.144
"1186",-9063.46
"1187",-8963.351
"1188",-9100.493
"1189",-9188.992
"1190",-8930.307
"1191",-9009.436
"1192",-9170.547
"1193",-9026.63
"1194",-8923.481
"1195",-8958.618
"1196",-8864.341
"1197",-8946.959
"1198",-8675.318
"1199",-8829.183
"1200",-8841.612
"1201",-8752.794
"1202",-9123.075
"1203",-8830.383
"1204",-8929.067
"1205",-8905.603
"1206",-8933.808
"1207",-8786.026
"1208",-8745.993
"1209",-8930.947
"1210",-8718.457
"1211",-8960.186
"1212",-8777.009
"1213",-8913.212
"1214",-8813.258
"1215",-8608.855
"1216",-8954.431
"1217",-9092.924
"1218",-8773.636
"1219",-9007.158
"1220",-9132.464
"1221",-9175.103
"1222",-8960.055
"1223",-8745.856
"1224",-8940.292
"1225",-8945.651
"1226",-8865.089
"1227",-8773.41
"1228",-8741.439
"1229",-9315.263
"1230",-9076.07
"1231",-8747.793
"1232",-8872.669
"1233",-8931.013
"1234",-9031.352
"1235",-9103.235
"1236",-8641.238
"1237",-8978.554
"1238",-8757.592
"1239",-8713.941
"1240",-8815.847
"1241",-8666.949
"1242",-8755.212
"1243",-9049.907
"1244",-9227.614
"1245",-9016.009
"1246",-8649.079
"1247",-8911.608
"1248",-8705.227
"1249",-9188.842
"1250",-8910.865
"1251",-9003.263
"1252",-8902.762
"1253",-8981.837
"1254",-8784.397
"1255",-8963.95
"1256",-8792.478
"1257",-8789.6
"1258",-8858.49
"1259",-9229.578
"1260",-8851.279
"1261",-8990.402
"1262",-8936.297
"1263",-9063.888
"1264",-8860.193
"1265",-8935.038
"1266",-8697.969
"1267",-9086.904
"1268",-8793.019
"1269",-9098.402
"1270",-9136.289
"1271",-8853.548
"1272",-8805.216
"1273",-8640.981
"1274",-8955.844
"1275",-9139.407
"1276",-8897.219
"1277",-8901.411
"1278",-8967.15
"1279",-8690.409
"1280",-8979.051
"1281",-8792.414
"1282",-8882.165
"1283",-8878.292
"1284",-8732.62
"1285",-8959.421
"1286",-8895.629
"1287",-9070.301
"1288",-8713.553
"1289",-8887.813
"1290",-8839.044
"1291",-8787.884
"1292",-9036.056
"1293",-8950.734
"1294",-8928.418
"1295",-8754.357
"1296",-8899.239
"1297",-8989.571
"1298",-8900.176
"1299",-8839.311
"1300",-8878.091
"1301",-9004.071
"1302",-8793.916
"1303",-8877.804
"1304",-8915.17
"1305",-8820.818
"1306",-8894.092
"1307",-8880.27
"1308",-8991.209
"1309",-8863.858
"1310",-9022.481
"1311",-9270.939
"1312",-9009.534
"1313",-8734.243
"1314",-8589.327
"1315",-8862.744
"1316",-9137.662
"1317",-8946.756
"1318",-8852.249
"1319",-9089.755
"1320",-8894.781
"1321",-8815.721
"1322",-8677.402
"1323",-8541.164
"1324",-8904.055
"1325",-8943.52
"1326",-8847.061
"1327",-9060.395
"1328",-8793.593
"1329",-8830.013
"1330",-8820.085
"1331",-8796.479
"1332",-8858.201
"1333",-8823.951
"1334",-9191.451
"1335",-8906.655
"1336",-9131.844
"1337",-9011.821
"1338",-8826.193
"1339",-8939.675
"1340",-9000.787
"1341",-8648.239
"1342",-8816.089
"1343",-8901.752
"1344",-9028.875
"1345",-9318.663
"1346",-9039.041
"1347",-8834.796
"1348",-8885.935
"1349",-9088.102
"1350",-9085.009
"1351",-8845.11
"1352",-8938.051
"1353",-8856.589
"1354",-8936.447
"1355",-9009.255
"1356",-8762.84
"1357",-8763.784
"1358",-9110.989
"1359",-8842.047
"1360",-8783.915
"1361",-8827.718
"1362",-9034.763
"1363",-8919.968
"1364",-8831.393
"1365",-8870.163
"1366",-8938.981
"1367",-9034.078
"1368",-9154.723
"1369",-9068.182
"1370",-8777.348
"1371",-8696.006
"1372",-9149.021
"1373",-9038.487
"1374",-8797.547
"1375",-8893.918
"1376",-8723.097
"1377",-9107.689
"1378",-9052.645
"1379",-8571.772
"1380",-8878.525
"1381",-8644.602
"1382",-8976.435
"1383",-9047.684
"1384",-8911.326
"1385",-8802.867
"1386",-8861.508
"1387",-8805.66
"1388",-8720.071
"1389",-8799.755
"1390",-9117.845
"1391",-9010.814
"1392",-8939.157
"1393",-9037.893
"1394",-8962.17
"1395",-8810.757
"1396",-8808.618
"1397",-9022.715
"1398",-9003.9
"1399",-9081.36
"1400",-9131.621
"1401",-8737.008
"1402",-9027.364
"1403",-8888.151
"1404",-9064.676
"1405",-9059.404
"1406",-8904.115
"1407",-8834.795
"1408",-8902.041
"1409",-8755.353
"1410",-8789.328
"1411",-9060.243
"1412",-8784.443
"1413",-8776.898
"1414",-9071.639
"1415",-9020.498
"1416",-9038.282
"1417",-8571.901
"1418",-8897.575
"1419",-9061.441
"1420",-8771.241
"1421",-8745.635
"1422",-9078.787
"1423",-9133.822
"1424",-8772.541
"1425",-9007.506
"1426",-8862.097
"1427",-8812.912
"1428",-8625.169
"1429",-9048.109
"1430",-8921.404
"1431",-9033.607
"1432",-9195.638
"1433",-8777.933
"1434",-8997.869
"1435",-8954.78
"1436",-8867.663
"1437",-9176.81
"1438",-8914.052
"1439",-9098.18
"1440",-9191.178
"1441",-8899.823
"1442",-8872.617
"1443",-8761.455
"1444",-8880.696
"1445",-8812.819
"1446",-8693.34
"1447",-8806.342
"1448",-8989.834
"1449",-8693.199
"1450",-8831.957
"1451",-8809.65
"1452",-8880.462
"1453",-9113.831
"1454",-8652.389
"1455",-8928.06
"1456",-9103.126
"1457",-8782.095
"1458",-8804.327
"1459",-8600.305
"1460",-8784.768
"1461",-8727.797
"1462",-8991.061
"1463",-8723.305
"1464",-8931.207
"1465",-8769.553
"1466",-9008.115
"1467",-8630.068
"1468",-9160.623
"1469",-8926.354
"1470",-9008.1
"1471",-8934.121
"1472",-8700.332
"1473",-8787.917
"1474",-8775.052
"1475",-8959.014
"1476",-8819.018
"1477",-8711.184
"1478",-9095.973
"1479",-8960.162
"1480",-8834.383
"1481",-8975.323
"1482",-8740.167
"1483",-9090.166
"1484",-8886.807
"1485",-8948.113
"1486",-8766.321
"1487",-8790.582
"1488",-8749.448
"1489",-8698.078
"1490",-9166.907
"1491",-8803.546
"1492",-8966.726
"1493",-8709.915
"1494",-9149.317
"1495",-8839.425
"1496",-8881.569
"1497",-9019.063
"1498",-8889.455
"1499",-9113.675
"1500",-9089.98
"1501",-8924.468
"1502",-8911.284
"1503",-8940.441
"1504",-9025.501
"1505",-8547.789
"1506",-8964.034
"1507",-9090.092
"1508",-8997.311
"1509",-8973.367
"1510",-8991.577
"1511",-8725.281
"1512",-8991.634
"1513",-8978.7
"1514",-9006.577
"1515",-9153.332
"1516",-8906.793
"1517",-9070.299
"1518",-9075.933
"1519",-9035.998
"1520",-8953.705
"1521",-8928.813
"1522",-8868.969
"1523",-8928.705
"1524",-9038.219
"1525",-8882.656
"1526",-9020.763
"1527",-8967.715
"1528",-8867.246
"1529",-8922.69
"1530",-9007.743
"1531",-8926.183
"1532",-8899.426
"1533",-8870.591
"1534",-8801.285
"1535",-9133.445
"1536",-8965.538
"1537",-8986.162
"1538",-8915.234
"1539",-8844.924
"1540",-8631.055
"1541",-8901.968
"1542",-9048.765
"1543",-8969.97
"1544",-9032.87
"1545",-8972.158
"1546",-8929.833
"1547",-8831.543
"1548",-9049.645
"1549",-8865.006
"1550",-8945.22
"1551",-8933.004
"1552",-8634.345
"1553",-8909.012
"1554",-8945.176
"1555",-8610.863
"1556",-9041.412
"1557",-8732.561
"1558",-8796.334
"1559",-8978.496
"1560",-8989.847
"1561",-9033.277
"1562",-8837.361
"1563",-8969.552
"1564",-8918.783
"1565",-8874.96
"1566",-8841.224
"1567",-9008.403
"1568",-9205.613
"1569",-8935.317
"1570",-8797.192
"1571",-8588.982
"1572",-8898.856
"1573",-8874.973
"1574",-9015.086
"1575",-8750.002
"1576",-8986.986
"1577",-9053.794
"1578",-8965.056
"1579",-9023.668
"1580",-9085.746
"1581",-9129.902
"1582",-9110.111
"1583",-8808.337
"1584",-8842.202
"1585",-9051.102
"1586",-8818.344
"1587",-8943.357
"1588",-9290.996
"1589",-9139.669
"1590",-8905.088
"1591",-8942.239
"1592",-8637.008
"1593",-9007.981
"1594",-9062.038
"1595",-8981.152
"1596",-9098.434
"1597",-9140.41
"1598",-8813.101
"1599",-8863.505
"1600",-9170.303
"1601",-9042.728
"1602",-9028.905
"1603",-8872.978
"1604",-9076.821
"1605",-8841.833
"1606",-8975.558
"1607",-9138.424
"1608",-9127.506
"1609",-9029.033
"1610",-8686.202
"1611",-8899.604
"1612",-8809.306
"1613",-9118.123
"1614",-8873.119
"1615",-9219.973
"1616",-8870.244
"1617",-9087.545
"1618",-8846.814
"1619",-8966.632
"1620",-9075.057
"1621",-8805.765
"1622",-8819.581
"1623",-8799.705
"1624",-9033.49
"1625",-8698.709
"1626",-8696.985
"1627",-8884.839
"1628",-8963.755
"1629",-8905.841
"1630",-9066.641
"1631",-9176.106
"1632",-8600.352
"1633",-9151.771
"1634",-9020.143
"1635",-9069.576
"1636",-8767.483
"1637",-8951.385
"1638",-9148.099
"1639",-8952.662
"1640",-9002.407
"1641",-9106.923
"1642",-8719.666
"1643",-8953.874
"1644",-9031.638
"1645",-8920.889
"1646",-8889.142
"1647",-9004.281
"1648",-9172.82
"1649",-8704.928
"1650",-9264.367
"1651",-8839.159
"1652",-8981.477
"1653",-8585.402
"1654",-8964.093
"1655",-9055.692
"1656",-8865.697
"1657",-8864.169
"1658",-8658.176
"1659",-8929.195
"1660",-8759.354
"1661",-9008.15
"1662",-8690.667
"1663",-8951.79
"1664",-8993.036
"1665",-9189.231
"1666",-9154.696
"1667",-8749.63
"1668",-9044.169
"1669",-8644.763
"1670",-8815.381
"1671",-8685.031
"1672",-8911.175
"1673",-8390.827
"1674",-8798
"1675",-9157.256
"1676",-9237.834
"1677",-8874.116
"1678",-8926.526
"1679",-9164.185
"1680",-9025.568
"1681",-8849.841
"1682",-8980.089
"1683",-8741.922
"1684",-8937.177
"1685",-8903.837
"1686",-8845.286
"1687",-8693.029
"1688",-8881.535
"1689",-9001.142
"1690",-8951.187
"1691",-9043.702
"1692",-8999.595
"1693",-8642.179
"1694",-8715.125
"1695",-8525.918
"1696",-8887.271
"1697",-8703.578
"1698",-8970.399
"1699",-8883.445
"1700",-9045.63
"1701",-8953.117
"1702",-8874.906
"1703",-9004.2
"1704",-8822.116
"1705",-8997.433
"1706",-9154.546
"1707",-8993.818
"1708",-9083.304
"1709",-8857.028
"1710",-8879.125
"1711",-8884.445
"1712",-8878.527
"1713",-8671.676
"1714",-8806.922
"1715",-8960.252
"1716",-8859.324
"1717",-8951.326
"1718",-8727.749
"1719",-8917.634
"1720",-8836.37
"1721",-8783.708
"1722",-8694.945
"1723",-8765.282
"1724",-8869.459
"1725",-8936.518
"1726",-8755.566
"1727",-8660.849
"1728",-8738.606
"1729",-8683.634
"1730",-8772.856
"1731",-8880.856
"1732",-8793.209
"1733",-8884.681
"1734",-8908.925
"1735",-8839.09
"1736",-8844.538
"1737",-8966.184
"1738",-8786.919
"1739",-8792.967
"1740",-8926.118
"1741",-8956.906
"1742",-9056.105
"1743",-8808.723
"1744",-8996.01
"1745",-9052.484
"1746",-8977.777
"1747",-8948.723
"1748",-9274.683
"1749",-8763.451
"1750",-8854.71
"1751",-9122.901
"1752",-9031.879
"1753",-8777.684
"1754",-8947.646
"1755",-8894.411
"1756",-8599.553
"1757",-9111.707
"1758",-8743.001
"1759",-9221.026
"1760",-8782.633
"1761",-9189.556
"1762",-8855.093
"1763",-8750.118
"1764",-8985.036
"1765",-8997.362
"1766",-9224.363
"1767",-8990.104
"1768",-8754.635
"1769",-8888.99
"1770",-8818.867
"1771",-9081.045
"1772",-8903.117
"1773",-9022.861
"1774",-8976.761
"1775",-8912.403
"1776",-8843.381
"1777",-8789.724
"1778",-8979.087
"1779",-8986.431
"1780",-8796.301
"1781",-8915.95
"1782",-8791.969
"1783",-8918.281
"1784",-8822.944
"1785",-8911.136
"1786",-8889.099
"1787",-8853.696
"1788",-8979.826
"1789",-8952.278
"1790",-9011.604
"1791",-9088.941
"1792",-8752.206
"1793",-8847.652
"1794",-9087.457
"1795",-9095.273
"1796",-9318.099
"1797",-8611.641
"1798",-8810.756
"1799",-9130.615
"1800",-8879.322
"1801",-8784.51
"1802",-8898.576
"1803",-9030.503
"1804",-8935.313
"1805",-8928.749
"1806",-8695.143
"1807",-9173.592
"1808",-8913.068
"1809",-9102.454
"1810",-9106.74
"1811",-8569.011
"1812",-8886.43
"1813",-8997.266
"1814",-8920.852
"1815",-8964.773
"1816",-8594.899
"1817",-8792.597
"1818",-8994.632
"1819",-8927.15
"1820",-9106.021
"1821",-8899.135
"1822",-9033.599
"1823",-9158.914
"1824",-8822.61
"1825",-9190.704
"1826",-8781.462
"1827",-8924.297
"1828",-8642.814
"1829",-9072.34
"1830",-8952.676
"1831",-8862.567
"1832",-9143.875
"1833",-8851.699
"1834",-8891.897
"1835",-8763.02
"1836",-8936.049
"1837",-8886.351
"1838",-8882.386
"1839",-8620.797
"1840",-8990.895
"1841",-8844.86
"1842",-9081.448
"1843",-8857.975
"1844",-9176.168
"1845",-8938.562
"1846",-8772.376
"1847",-9183.364
"1848",-8716.095
"1849",-8846.978
"1850",-9259.852
"1851",-8933.621
"1852",-8948.553
"1853",-9050.649
"1854",-8930.752
"1855",-8795.206
"1856",-8944.804
"1857",-8991.111
"1858",-8878.765
"1859",-8813.926
"1860",-9087.465
"1861",-8998.385
"1862",-8961.527
"1863",-8718.875
"1864",-8906.009
"1865",-8934.661
"1866",-8778.478
"1867",-9050.976
"1868",-8892.868
"1869",-9059.253
"1870",-8992.02
"1871",-8904.638
"1872",-9000.196
"1873",-9049.929
"1874",-8686.761
"1875",-9084.758
"1876",-9095.83
"1877",-8863.486
"1878",-8866.165
"1879",-8891.037
"1880",-8782.308
"1881",-9138.847
"1882",-8810.713
"1883",-9068.552
"1884",-9151.758
"1885",-8857.474
"1886",-9046.88
"1887",-8732.34
"1888",-8881.904
"1889",-8836.335
"1890",-8831.331
"1891",-9084.226
"1892",-8824.659
"1893",-8721.926
"1894",-9067.09
"1895",-8871.731
"1896",-8880.859
"1897",-9076.56
"1898",-8570.415
"1899",-8964.271
"1900",-8765.565
"1901",-8801.229
"1902",-8996.187
"1903",-9030.258
"1904",-9009.495
"1905",-8795.064
"1906",-8964.047
"1907",-8953.095
"1908",-8922.941
"1909",-9049.007
"1910",-8985.123
"1911",-9172.459
"1912",-8807.59
"1913",-9028.312
"1914",-8847.929
"1915",-9052.232
"1916",-8799.392
"1917",-8962.484
"1918",-8899.838
"1919",-8776.977
"1920",-9093.805
"1921",-9177.297
"1922",-9063.802
"1923",-8884.067
"1924",-9124.228
"1925",-8984.128
"1926",-8857.9
"1927",-8604.345
"1928",-8836.562
"1929",-9083.185
"1930",-9031.461
"1931",-8747.005
"1932",-9083.549
"1933",-8900.094
"1934",-8762.536
"1935",-9003.599
"1936",-9049.59
"1937",-9088.916
"1938",-8793.784
"1939",-8976.891
"1940",-8921.593
"1941",-8912.061
"1942",-9032.861
"1943",-8919.021
"1944",-8938.755
"1945",-9162.985
"1946",-8962.881
"1947",-8889.301
"1948",-8769.505
"1949",-8803.938
"1950",-8850.092
"1951",-8897.113
"1952",-8851.902
"1953",-8896.494
"1954",-8842.165
"1955",-8939.551
"1956",-8940.907
"1957",-8861.687
"1958",-8673.218
"1959",-8797.183
"1960",-8848.709
"1961",-8819.455
"1962",-8724.59
"1963",-8821.346
"1964",-8838.528
"1965",-8985.443
"1966",-8866.631
"1967",-9113.236
"1968",-8975.651
"1969",-9085.563
"1970",-9145.636
"1971",-8816.304
"1972",-8991.295
"1973",-8641.447
"1974",-8984.138
"1975",-9011.722
"1976",-8934.382
"1977",-9031.706
"1978",-8632.614
"1979",-8865.166
"1980",-8824.135
"1981",-9023.709
"1982",-9178.558
"1983",-8924.019
"1984",-8697.791
"1985",-9199.731
"1986",-8943.129
"1987",-8851.3
"1988",-8950.895
"1989",-9092.856
"1990",-8875.774
"1991",-8747.395
"1992",-8562.824
"1993",-8856.315
"1994",-9090.17
"1995",-8890.029
"1996",-8862.905
"1997",-9012.705
"1998",-8849.828
"1999",-9046.886
"2000",-9328.384
"2001",-8723.782
"2002",-8946.893
"2003",-9028.405
"2004",-8654.169
"2005",-8612.871
"2006",-8748.299
"2007",-8926.692
"2008",-9052.757
"2009",-8901.366
"2010",-8917.494
"2011",-8955.512
"2012",-8910.798
"2013",-8748.944
"2014",-8815.775
"2015",-8917.814
"2016",-8907.521
"2017",-8825.043
"2018",-8954.911
"2019",-9020.037
"2020",-8953.374
"2021",-8719.564
"2022",-8695.55
"2023",-8929.255
"2024",-8808.02
"2025",-9120.324
"2026",-8858.789
"2027",-8852.654
"2028",-8785.926
"2029",-9005.715
"2030",-8745.393
"2031",-8877.833
"2032",-8986.592
"2033",-8757.451
"2034",-8918.524
"2035",-8964.68
"2036",-8781.946
"2037",-9150.523
"2038",-9055.736
"2039",-8882.202
"2040",-9161.609
"2041",-8899.968
"2042",-8923.331
"2043",-8693.316
"2044",-8583.126
"2045",-9007.474
"2046",-9012.185
"2047",-8864.509
"2048",-8798.762
"2049",-8758.353
"2050",-8826.369
"2051",-8793.314
"2052",-8910.028
"2053",-9042.246
"2054",-8792.706
"2055",-8974.814
"2056",-8857.594
"2057",-8781.847
"2058",-8839.739
"2059",-8931.575
"2060",-8851.349
"2061",-8871.905
"2062",-9142.844
"2063",-8941.396
"2064",-8620.227
"2065",-8819.083
"2066",-9038.773
"2067",-8828.551
"2068",-8777.15
"2069",-8823.062
"2070",-9019.942
"2071",-9111.293
"2072",-8986.271
"2073",-9231.48
"2074",-8841.078
"2075",-8970.489
"2076",-8897.037
"2077",-8999.82
"2078",-8980.716
"2079",-8847.803
"2080",-9000.399
"2081",-8742.174
"2082",-9083.222
"2083",-8845.976
"2084",-8903.393
"2085",-8875.163
"2086",-8813.734
"2087",-9110.215
"2088",-8531.93
"2089",-9047.551
"2090",-9080.242
"2091",-8795.76
"2092",-9291.292
"2093",-8988.258
"2094",-9131.667
"2095",-8926.462
"2096",-8886.174
"2097",-8795.377
"2098",-8923.78
"2099",-8847.243
"2100",-8942.833
"2101",-8795.49
"2102",-8635.384
"2103",-8879.79
"2104",-9024.416
"2105",-9099.383
"2106",-8616.804
"2107",-8973.199
"2108",-8866.355
"2109",-8794.399
"2110",-9090.602
"2111",-8862.462
"2112",-8982.8
"2113",-9060.781
"2114",-8485.374
"2115",-8974.901
"2116",-8916.761
"2117",-8838.246
"2118",-8821.691
"2119",-8999.482
"2120",-9053.947
"2121",-8571.172
"2122",-9031.879
"2123",-8876.06
"2124",-8890.13
"2125",-8813.342
"2126",-9002.732
"2127",-8847.973
"2128",-8843.818
"2129",-8835.114
"2130",-9191.906
"2131",-8691.964
"2132",-9128.292
"2133",-8758.698
"2134",-8766.507
"2135",-8895.605
"2136",-8742.451
"2137",-8743.919
"2138",-9088.399
"2139",-9250.631
"2140",-8964.386
"2141",-8825.484
"2142",-8695.417
"2143",-8876.949
"2144",-9103.032
"2145",-8804.427
"2146",-8637.275
"2147",-9018.878
"2148",-8925.36
"2149",-8937.896
"2150",-8996.365
"2151",-9118.713
"2152",-8867.8
"2153",-9003.285
"2154",-8740.382
"2155",-9020.587
"2156",-9187.519
"2157",-8942.123
"2158",-8820.002
"2159",-8878.399
"2160",-8655.456
"2161",-8693.134
"2162",-8704.281
"2163",-8942.039
"2164",-8919.646
"2165",-8844.584
"2166",-8750.232
"2167",-8899.536
"2168",-9068.961
"2169",-9090.472
"2170",-8931.676
"2171",-9006.416
"2172",-8908.937
"2173",-8929.622
"2174",-8874.117
"2175",-8593.638
"2176",-8827.699
"2177",-8988.813
"2178",-8916.567
"2179",-8980.038
"2180",-8702.647
"2181",-9017.756
"2182",-9013.842
"2183",-9078.833
"2184",-9009.769
"2185",-8960.913
"2186",-8825.223
"2187",-8879.498
"2188",-8975.06
"2189",-8800.93
"2190",-9032.545
"2191",-8873.965
"2192",-8879.514
"2193",-9018.884
"2194",-8741.936
"2195",-8809.233
"2196",-8960.19
"2197",-8814.154
"2198",-8777.018
"2199",-9051.27
"2200",-8995.265
"2201",-8938.967
"2202",-8773.16
"2203",-8894.873
"2204",-8718.537
"2205",-9028.979
"2206",-8709.887
"2207",-8928.469
"2208",-8723.594
"2209",-9080.544
"2210",-8822.359
"2211",-8878.932
"2212",-9177.339
"2213",-8832.118
"2214",-9054.539
"2215",-8814.008
"2216",-8868.253
"2217",-8877.103
"2218",-8904.864
"2219",-8953.691
"2220",-8843.44
"2221",-9193.709
"2222",-8716.747
"2223",-9023.658
"2224",-8759.726
"2225",-8865.33
"2226",-9020.333
"2227",-9116.597
"2228",-9083.85
"2229",-9016.98
"2230",-8855.944
"2231",-8923.327
"2232",-8931.784
"2233",-9067.975
"2234",-8719.273
"2235",-8913.665
"2236",-8858.927
"2237",-9064.124
"2238",-8878.641
"2239",-8920.888
"2240",-8998.508
"2241",-8858.26
"2242",-8972.955
"2243",-9003.296
"2244",-8826.549
"2245",-8904.311
"2246",-8889.476
"2247",-8584.837
"2248",-8653.884
"2249",-9081.96
"2250",-8608.866
"2251",-8961.474
"2252",-9108.406
"2253",-9105.048
"2254",-8781.088
"2255",-9006.027
"2256",-8854.229
"2257",-8826.303
"2258",-9216.395
"2259",-8956.133
"2260",-8809.07
"2261",-8688.44
"2262",-8784.461
"2263",-8933.087
"2264",-8865.661
"2265",-9108.741
"2266",-8844.523
"2267",-8941.822
"2268",-8957.015
"2269",-9049.929
"2270",-8814.167
"2271",-8802.535
"2272",-8991.938
"2273",-8811.933
"2274",-8650.582
"2275",-8757.36
"2276",-8770.086
"2277",-8767.258
"2278",-8989.146
"2279",-8971.539
"2280",-8820.182
"2281",-8938.276
"2282",-8892.161
"2283",-8820.584
"2284",-8953.695
"2285",-8963.666
"2286",-9036.062
"2287",-8889.969
"2288",-8853.425
"2289",-9139.342
"2290",-9006.165
"2291",-8823.08
"2292",-8758.556
"2293",-8887.541
"2294",-8778.841
"2295",-8838.677
"2296",-8912.272
"2297",-8900.608
"2298",-8856.282
"2299",-8907.999
"2300",-8916.087
"2301",-8926.133
"2302",-9135.942
"2303",-9027.367
"2304",-9014.587
"2305",-8670.141
"2306",-8937.038
"2307",-9100.81
"2308",-9255.679
"2309",-8979.212
"2310",-8706.628
"2311",-8925.715
"2312",-9256.822
"2313",-8793.483
"2314",-8995.097
"2315",-9209.743
"2316",-8828.183
"2317",-8532.376
"2318",-8789.941
"2319",-8670.356
"2320",-8692.467
"2321",-8615.554
"2322",-8964.057
"2323",-8854.11
"2324",-9014.683
"2325",-9029.915
"2326",-9112.099
"2327",-9158.311
"2328",-8932.92
"2329",-8868.142
"2330",-8948.195
"2331",-8831.679
"2332",-8903.749
"2333",-8824.439
"2334",-8838.417
"2335",-9297.256
"2336",-9006.341
"2337",-8942.045
"2338",-8761.802
"2339",-8952.144
"2340",-8715.085
"2341",-8920.406
"2342",-8731.815
"2343",-9015.338
"2344",-8848.62
"2345",-8547.802
"2346",-8948.094
"2347",-8829.251
"2348",-8748.058
"2349",-9061.461
"2350",-9075.637
"2351",-8754.642
"2352",-9089.324
"2353",-9023.311
"2354",-8891.913
"2355",-9004.755
"2356",-8924.699
"2357",-8957.647
"2358",-8947.34
"2359",-8887.56
"2360",-9195.016
"2361",-8799.941
"2362",-9062.494
"2363",-9055.687
"2364",-8672.362
"2365",-9040.704
"2366",-9204.31
"2367",-8869.238
"2368",-8854.447
"2369",-8656.633
"2370",-8813.765
"2371",-8726.463
"2372",-8600.92
"2373",-8837.544
"2374",-8831.621
"2375",-8719.814
"2376",-8779.407
"2377",-8725.004
"2378",-8940.14
"2379",-8935.356
"2380",-8949.38
"2381",-9221.493
"2382",-8763.911
"2383",-8687.521
"2384",-8758.333
"2385",-8776.398
"2386",-8762.219
"2387",-9276.371
"2388",-9045.5
"2389",-8824.64
"2390",-8592.544
"2391",-8735.518
"2392",-8996.609
"2393",-8908.644
"2394",-9022.549
"2395",-8815.198
"2396",-9094.209
"2397",-8906.645
"2398",-8653.263
"2399",-8919.184
"2400",-8893.425
"2401",-8976.025
"2402",-9083.794
"2403",-9132.511
"2404",-8907.94
"2405",-8744.99
"2406",-8771.439
"2407",-8948.426
"2408",-8858.428
"2409",-8550.873
"2410",-9005.08
"2411",-8907.781
"2412",-8716.555
"2413",-8830.537
"2414",-9001.417
"2415",-8654.594
"2416",-8993.5
"2417",-8884.24
"2418",-8630.41
"2419",-8798.291
"2420",-8925.637
"2421",-8976.136
"2422",-8844.494
"2423",-9008.818
"2424",-8900.112
"2425",-8730.675
"2426",-8631.088
"2427",-8691.195
"2428",-8823.813
"2429",-8841.545
"2430",-8652.865
"2431",-9159.482
"2432",-9052.868
"2433",-8632.619
"2434",-8925.194
"2435",-8890.938
"2436",-8824.483
"2437",-8903.976
"2438",-8954.138
"2439",-8966.779
"2440",-8880.041
"2441",-9048.946
"2442",-8637.623
"2443",-9036.933
"2444",-9019.448
"2445",-8754.517
"2446",-8871.064
"2447",-8763.058
"2448",-9082.954
"2449",-8761.282
"2450",-8926.058
"2451",-8791.14
"2452",-8701.739
"2453",-8832.698
"2454",-8702.691
"2455",-8800.295
"2456",-9014.668
"2457",-8879.165
"2458",-8743.781
"2459",-8812.289
"2460",-9020.687
"2461",-8985.615
"2462",-8902.961
"2463",-8811.574
"2464",-9042.909
"2465",-8851.094
"2466",-9031.097
"2467",-8859.988
"2468",-8786.898
"2469",-8830.855
"2470",-8831.996
"2471",-8980.725
"2472",-9006.467
"2473",-8849.555
"2474",-8831.919
"2475",-8867.918
"2476",-8767.179
"2477",-8968.569
"2478",-8923.429
"2479",-8992.026
"2480",-8815.112
"2481",-8771.825
"2482",-8840.073
"2483",-8706.261
"2484",-8944.665
"2485",-9125.981
"2486",-8758.386
"2487",-8903.855
"2488",-8620.211
"2489",-8803.23
"2490",-8928.321
"2491",-8684.916
"2492",-8998.888
"2493",-8981.152
"2494",-9230.43
"2495",-8800.909
"2496",-8869.171
"2497",-8851.61
"2498",-8842.74
"2499",-8946.75
"2500",-9005.367
"2501",-8907.336
"2502",-9118.586
"2503",-9017.019
"2504",-9152.961
"2505",-8579.36
"2506",-8870.272
"2507",-8822.576
"2508",-9024.886
"2509",-8937.122
"2510",-8858.631
"2511",-9162.692
"2512",-8824.546
"2513",-8688.293
"2514",-9150.493
"2515",-9108.395
"2516",-9106.856
"2517",-8879.452
"2518",-8787.297
"2519",-8977.085
"2520",-9091.902
"2521",-9072.454
"2522",-8818.157
"2523",-8742.239
"2524",-8979.503
"2525",-9136.586
"2526",-8737.739
"2527",-8885.813
"2528",-9143.121
"2529",-9129.32
"2530",-8657.421
"2531",-8995.563
"2532",-8969.658
"2533",-8713.756
"2534",-8502.222
"2535",-9009.565
"2536",-9130.197
"2537",-8924.982
"2538",-8765.62
"2539",-8868.051
"2540",-8974.052
"2541",-8886.631
"2542",-8870.004
"2543",-9196.341
"2544",-8955.735
"2545",-8859.747
"2546",-8915.225
"2547",-8683.052
"2548",-8901.037
"2549",-9213.747
"2550",-9070.593
"2551",-8844.962
"2552",-9090.709
"2553",-8995.759
"2554",-9112.67
"2555",-9098.094
"2556",-8970.236
"2557",-8964.013
"2558",-8715.108
"2559",-8988.012
"2560",-8842.296
"2561",-8689.895
"2562",-9313.788
"2563",-8575.709
"2564",-8672.802
"2565",-8696.378
"2566",-8827.362
"2567",-8952.364
"2568",-8727.357
"2569",-9051.618
"2570",-8881.237
"2571",-8464.931
"2572",-8704.67
"2573",-9179.005
"2574",-9058.954
"2575",-8882.882
"2576",-8668.093
"2577",-8828.37
"2578",-8775.509
"2579",-8932.664
"2580",-8617.446
"2581",-8909.342
"2582",-8941.58
"2583",-8684.163
"2584",-8751.609
"2585",-8906.099
"2586",-8791.221
"2587",-8823.541
"2588",-9007.674
"2589",-9054.423
"2590",-8769.642
"2591",-8834.679
"2592",-8969.649
"2593",-8629.547
"2594",-8790.287
"2595",-8917.939
"2596",-8577.438
"2597",-9208.18
"2598",-8720.835
"2599",-8965.237
"2600",-8962.544
"2601",-8915.43
"2602",-9136.364
"2603",-8914.213
"2604",-8936.274
"2605",-9009.145
"2606",-8910.698
"2607",-8917.705
"2608",-8798.358
"2609",-8922.164
"2610",-8889.633
"2611",-8917.048
"2612",-8832.881
"2613",-8981.01
"2614",-8992.623
"2615",-9002.005
"2616",-9148.716
"2617",-8897.958
"2618",-8935.842
"2619",-9037.696
"2620",-9015.496
"2621",-9028.207
"2622",-8793.643
"2623",-8900.992
"2624",-8776.089
"2625",-8948.171
"2626",-8832.629
"2627",-8909.234
"2628",-8977.805
"2629",-8628.208
"2630",-8923.575
"2631",-8881.731
"2632",-8810.493
"2633",-8831.654
"2634",-8972.792
"2635",-8701.883
"2636",-8861.581
"2637",-8998.236
"2638",-8774.07
"2639",-8699.819
"2640",-8999.226
"2641",-8882.484
"2642",-8905.228
"2643",-8798.367
"2644",-8936.087
"2645",-8724.668
"2646",-8902.356
"2647",-8887.339
"2648",-8840.293
"2649",-8960.486
"2650",-8978.093
"2651",-9206.838
"2652",-9042.601
"2653",-8930.756
"2654",-9008.631
"2655",-9008.414
"2656",-8907.046
"2657",-8986.287
"2658",-9015.515
"2659",-8591.841
"2660",-8989.777
"2661",-8930.91
"2662",-8788.862
"2663",-8711.259
"2664",-8695.229
"2665",-9090.169
"2666",-9037.672
"2667",-9094.571
"2668",-8818.451
"2669",-8960.322
"2670",-8975.209
"2671",-8708.547
"2672",-8981.746
"2673",-8906.541
"2674",-8936.66
"2675",-8925.884
"2676",-8635.056
"2677",-8984.207
"2678",-8881.691
"2679",-8784.261
"2680",-8939.188
"2681",-8897.479
"2682",-8907.206
"2683",-9105.942
"2684",-9184.409
"2685",-8775.807
"2686",-8883.522
"2687",-9105.687
"2688",-8939.511
"2689",-8992.265
"2690",-9091.249
"2691",-9075.003
"2692",-9017.516
"2693",-8782.769
"2694",-9210.391
"2695",-8869.001
"2696",-9047.097
"2697",-8778.972
"2698",-9036.038
"2699",-8703.97
"2700",-9145.373
"2701",-8976.522
"2702",-9164.059
"2703",-8809.558
"2704",-8724.817
"2705",-9110.551
"2706",-8881.22
"2707",-9285.069
"2708",-8992.463
"2709",-9045.095
"2710",-8886.319
"2711",-8985.055
"2712",-8718.395
"2713",-8805.93
"2714",-8906.314
"2715",-8930.603
"2716",-8919.604
"2717",-8962.707
"2718",-8852.025
"2719",-9054.067
"2720",-8839.052
"2721",-8873.405
"2722",-8831.221
"2723",-8796.132
"2724",-8713.732
"2725",-9136.556
"2726",-8861.295
"2727",-8747.14
"2728",-8780.721
"2729",-9325.697
"2730",-8948.571
"2731",-8733.722
"2732",-9027.836
"2733",-8864.06
"2734",-9157.23
"2735",-8729.972
"2736",-8970.974
"2737",-9066.755
"2738",-8773.958
"2739",-8770.353
"2740",-8997.249
"2741",-9078.145
"2742",-8992.101
"2743",-8989.362
"2744",-8693.624
"2745",-8842.959
"2746",-9099.333
"2747",-8975.563
"2748",-8601.804
"2749",-8747.543
"2750",-8996.136
"2751",-8831.837
"2752",-8890.373
"2753",-8914.147
"2754",-8940.705
"2755",-9004.097
"2756",-8821.554
"2757",-8780.7
"2758",-9064.96
"2759",-9043.289
"2760",-8688.875
"2761",-8836.252
"2762",-9110.791
"2763",-8830.078
"2764",-9022.954
"2765",-8939.791
"2766",-8941.516
"2767",-8788.164
"2768",-8961.896
"2769",-9044.798
"2770",-9093.898
"2771",-8711.986
"2772",-8822.566
"2773",-9001.423
"2774",-9054.071
"2775",-8994.44
"2776",-9086.957
"2777",-8871.441
"2778",-9067.421
"2779",-8933.245
"2780",-8957.104
"2781",-8901.468
"2782",-8872.903
"2783",-8665.712
"2784",-8824.315
"2785",-8859.299
"2786",-9166.377
"2787",-8969.628
"2788",-9110.059
"2789",-8632.135
"2790",-9085.494
"2791",-8751.907
"2792",-9239.988
"2793",-8779.034
"2794",-8688.801
"2795",-9081.528
"2796",-8707.667
"2797",-8874.194
"2798",-8942.828
"2799",-8919.035
"2800",-8758.568
"2801",-8995.313
"2802",-8754.242
"2803",-8837.939
"2804",-8824.273
"2805",-8943.342
"2806",-8917.903
"2807",-8779.191
"2808",-8856.943
"2809",-8990.483
"2810",-8860.878
"2811",-8888.109
"2812",-9158.599
"2813",-9168.292
"2814",-8931.351
"2815",-8872.99
"2816",-8783.303
"2817",-9023.627
"2818",-8983.708
"2819",-8640.03
"2820",-9065.871
"2821",-9063.105
"2822",-8772.725
"2823",-8907.779
"2824",-8833.108
"2825",-8663.945
"2826",-8762.595
"2827",-9163.52
"2828",-9122.891
"2829",-9121.692
"2830",-8792.825
"2831",-8913.355
"2832",-8804.367
"2833",-9085.117
"2834",-9113.52
"2835",-9047.069
"2836",-8849.106
"2837",-8956.908
"2838",-9175.293
"2839",-8999.13
"2840",-8876.787
"2841",-9076.218
"2842",-8808.194
"2843",-8884.077
"2844",-8910.439
"2845",-9050.253
"2846",-8933.017
"2847",-8950.975
"2848",-8948
"2849",-8876.655
"2850",-8852.963
"2851",-9172.709
"2852",-8951.395
"2853",-9104.264
"2854",-8765.255
"2855",-9037.75
"2856",-8796.347
"2857",-9069.547
"2858",-8862.871
"2859",-9015.745
"2860",-8757.289
"2861",-8985.177
"2862",-8992.882
"2863",-9019.061
"2864",-9037.864
"2865",-8762.242
"2866",-8862.225
"2867",-8953.65
"2868",-8713.078
"2869",-8904.717
"2870",-8988.459
"2871",-8882.032
"2872",-8857.579
"2873",-8783.819
"2874",-8770.951
"2875",-8822.159
"2876",-8874.024
"2877",-8762.956
"2878",-8961.371
"2879",-8738.76
"2880",-9049.771
"2881",-9307.964
"2882",-9062.632
"2883",-8893.187
"2884",-8939.852
"2885",-8944.116
"2886",-9041.035
"2887",-8972.779
"2888",-8861.725
"2889",-8675.299
"2890",-8889.596
"2891",-9048.506
"2892",-8847.729
"2893",-8632.781
"2894",-8788.531
"2895",-8817.728
"2896",-8727.339
"2897",-8803.409
"2898",-9179.737
"2899",-8728.299
"2900",-8932.506
"2901",-8867.542
"2902",-8984.061
"2903",-9001.91
"2904",-8840.652
"2905",-8760.179
"2906",-8833.66
"2907",-8866.626
"2908",-8901.194
"2909",-8698.697
"2910",-9017.051
"2911",-8847.52
"2912",-9203.28
"2913",-8869.275
"2914",-8909.383
"2915",-8963.779
"2916",-8853.661
"2917",-8965.149
"2918",-9117.757
"2919",-8801.757
"2920",-8702.524
"2921",-8695.972
"2922",-8861.145
"2923",-9031.479
"2924",-8941.393
"2925",-9083.416
"2926",-8937.424
"2927",-9134.482
"2928",-8764.278
"2929",-9035.814
"2930",-9245.26
"2931",-8805.233
"2932",-8853.118
"2933",-9236.326
"2934",-8973.726
"2935",-8938.336
"2936",-9012.891
"2937",-8788.408
"2938",-9115.272
"2939",-8782.565
"2940",-8931.853
"2941",-8865.688
"2942",-8885.401
"2943",-8844.491
"2944",-8883.416
"2945",-8966.284
"2946",-8973.75
"2947",-8970.409
"2948",-8999.523
"2949",-9160.715
"2950",-8605.942
"2951",-9027.305
"2952",-8752.522
"2953",-8578.167
"2954",-8750.408
"2955",-8860.073
"2956",-9150.546
"2957",-8714.421
"2958",-8969.27
"2959",-8774.5
"2960",-8912.209
"2961",-9067.701
"2962",-9157.076
"2963",-8992.264
"2964",-8804.294
"2965",-8758.439
"2966",-8823.208
"2967",-9122.318
"2968",-8841.536
"2969",-9036.618
"2970",-9120.492
"2971",-8670.113
"2972",-8856.745
"2973",-8682.361
"2974",-8877.313
"2975",-8737.632
"2976",-8719.895
"2977",-8937.777
"2978",-8656.518
"2979",-8866.312
"2980",-8933.103
"2981",-8707.347
"2982",-8909.732
"2983",-9050.523
"2984",-9059.703
"2985",-8812.205
"2986",-8864.838
"2987",-8850.386
"2988",-8958.29
"2989",-8838.17
"2990",-8820.172
"2991",-9120.11
"2992",-9072.873
"2993",-8975.279
"2994",-8964.446
"2995",-8782.248
"2996",-9085.32
"2997",-8917.725
"2998",-8684.798
"2999",-8880.73
"3000",-8502.864
"3001",-9130.067
"3002",-9062.167
"3003",-8987.099
"3004",-8786.963
"3005",-9073.755
"3006",-8446.129
"3007",-8877.988
"3008",-8711.442
"3009",-8932.283
"3010",-8740.059
"3011",-8966.028
"3012",-8871.259
"3013",-8544.041
"3014",-8771.83
"3015",-8892.735
"3016",-8970.569
"3017",-8838.828
"3018",-8843.942
"3019",-8714.134
"3020",-9026.335
"3021",-9100.381
"3022",-8894.024
"3023",-8657.945
"3024",-9051.988
"3025",-8731.153
"3026",-8786.171
"3027",-8872.396
"3028",-8802.064
"3029",-9281.406
"3030",-8891.831
"3031",-9029.586
"3032",-9017.848
"3033",-8941.542
"3034",-9129.922
"3035",-8870.697
"3036",-8829.444
"3037",-8910.727
"3038",-8926.877
"3039",-8920.599
"3040",-8807.029
"3041",-9118.286
"3042",-8912.975
"3043",-9090.684
"3044",-9104.73
"3045",-8809.245
"3046",-9044.656
"3047",-8826.012
"3048",-8984.617
"3049",-8727.753
"3050",-8669.074
"3051",-8873.976
"3052",-8903.83
"3053",-9061.565
"3054",-8811.359
"3055",-9003.724
"3056",-8931.947
"3057",-8915.058
"3058",-9052.334
"3059",-9089.846
"3060",-9029.723
"3061",-8901.515
"3062",-8799.877
"3063",-8635.795
"3064",-8817.667
"3065",-8815.035
"3066",-8948.073
"3067",-8824.441
"3068",-8835.625
"3069",-9010.067
"3070",-8716.729
"3071",-8881.407
"3072",-9226.132
"3073",-9083.369
"3074",-8837.541
"3075",-8860.392
"3076",-8856.124
"3077",-8598.261
"3078",-8785.523
"3079",-8898.871
"3080",-8793.99
"3081",-9233.865
"3082",-8802.166
"3083",-9253.583
"3084",-8927.107
"3085",-8945.958
"3086",-9008.553
"3087",-8999.911
"3088",-8663.765
"3089",-8900.216
"3090",-8786.904
"3091",-9198.322
"3092",-8910.399
"3093",-8741.438
"3094",-9244.715
"3095",-8895.625
"3096",-9195.188
"3097",-9136.298
"3098",-8874.303
"3099",-8789.563
"3100",-8792.061
"3101",-8969.63
"3102",-9066.79
"3103",-8916.25
"3104",-8899.434
"3105",-8881.387
"3106",-8808.517
"3107",-8929.101
"3108",-9078.179
"3109",-8698.012
"3110",-9013.638
"3111",-8886.126
"3112",-8887.996
"3113",-8864.422
"3114",-8737.287
"3115",-8919.494
"3116",-8916.661
"3117",-9121.408
"3118",-9114.944
"3119",-9048.508
"3120",-8913.423
"3121",-9079.641
"3122",-8895.052
"3123",-8662.289
"3124",-8824.842
"3125",-8960.436
"3126",-8820.483
"3127",-8999.559
"3128",-9201.422
"3129",-8801.213
"3130",-8963.87
"3131",-8919.765
"3132",-8829.643
"3133",-8889.42
"3134",-9047.808
"3135",-8859.531
"3136",-9001.003
"3137",-8972.015
"3138",-8824.713
"3139",-8921.413
"3140",-9010.259
"3141",-8779.151
"3142",-9232.708
"3143",-9043.413
"3144",-8836.768
"3145",-8845.887
"3146",-8951.155
"3147",-8822.12
"3148",-8902.524
"3149",-8854.286
"3150",-8745.485
"3151",-9065.758
"3152",-8726.487
"3153",-8914.05
"3154",-8818.654
"3155",-8896.249
"3156",-9095.821
"3157",-9078.804
"3158",-8811.823
"3159",-9181.749
"3160",-9035.272
"3161",-9283.729
"3162",-9140.671
"3163",-8825.676
"3164",-9089.777
"3165",-8677.122
"3166",-8986.223
"3167",-8973.698
"3168",-8859.168
"3169",-8957.192
"3170",-9093.548
"3171",-8814.582
"3172",-8926.879
"3173",-9043.454
"3174",-8961.177
"3175",-8992.602
"3176",-8945.531
"3177",-9002.582
"3178",-8825.039
"3179",-8909.888
"3180",-9039.296
"3181",-8695.514
"3182",-8823.217
"3183",-8848.135
"3184",-8908.601
"3185",-9141.537
"3186",-8698.745
"3187",-8885.207
"3188",-9202.707
"3189",-8693.805
"3190",-8723.282
"3191",-8996.281
"3192",-8764.39
"3193",-9061.746
"3194",-9048.382
"3195",-8667.864
"3196",-8949.457
"3197",-8848.732
"3198",-9004.989
"3199",-9084.199
"3200",-8930.204
"3201",-8761.334
"3202",-8884.657
"3203",-8978.289
"3204",-8850.287
"3205",-9131.128
"3206",-9038.005
"3207",-8862.254
"3208",-8916.217
"3209",-8754.833
"3210",-8662.176
"3211",-9043.334
"3212",-8777.922
"3213",-8987.185
"3214",-8936.141
"3215",-8677.996
"3216",-8823.602
"3217",-8873.072
"3218",-8865.262
"3219",-9190.086
"3220",-9005.465
"3221",-9025.792
"3222",-9146.058
"3223",-8737.718
"3224",-9079.819
"3225",-9147.591
"3226",-9055.415
"3227",-8984.583
"3228",-8796.97
"3229",-8974.949
"3230",-9026.962
"3231",-9077.227
"3232",-9015.332
"3233",-9084.034
"3234",-9052.192
"3235",-8726.592
"3236",-8853.987
"3237",-8816.452
"3238",-8896.682
"3239",-8822.502
"3240",-8742.018
"3241",-8593.321
"3242",-8854.428
"3243",-9149.346
"3244",-8933.048
"3245",-8759.536
"3246",-8969.023
"3247",-8633.341
"3248",-9186.746
"3249",-8834.825
"3250",-8842.092
"3251",-8791.143
"3252",-8927.15
"3253",-9053.007
"3254",-8948.205
"3255",-9075.701
"3256",-8868.97
"3257",-8841.149
"3258",-8970.191
"3259",-8936.294
"3260",-8972.209
"3261",-9143.634
"3262",-9129.428
"3263",-9104.354
"3264",-9318.287
"3265",-8834.691
"3266",-8834.125
"3267",-8952.516
"3268",-9046.21
"3269",-8922.952
"3270",-9096.715
"3271",-8817.142
"3272",-8926.251
"3273",-8735.553
"3274",-9172.602
"3275",-8868.93
"3276",-8712.734
"3277",-8763.532
"3278",-8947.71
"3279",-8875.712
"3280",-9017.895
"3281",-8751.24
"3282",-9043.276
"3283",-8899.087
"3284",-8698.059
"3285",-8859.564
"3286",-9206.045
"3287",-8740.998
"3288",-8837.101
"3289",-8988.207
"3290",-9197.634
"3291",-8990.762
"3292",-8943.604
"3293",-8996.177
"3294",-8979.881
"3295",-8968.489
"3296",-9173.322
"3297",-9011.788
"3298",-8815.837
"3299",-8943.311
"3300",-8966.242
"3301",-9024.219
"3302",-8930.387
"3303",-8908.592
"3304",-8958.706
"3305",-8946.465
"3306",-8888.343
"3307",-9189.921
"3308",-9112.736
"3309",-8933.523
"3310",-8830.922
"3311",-9100.343
"3312",-8736.44
"3313",-9027.243
"3314",-8809.648
"3315",-9030.199
"3316",-8751.276
"3317",-8851.533
"3318",-9200.277
"3319",-9329.636
"3320",-9068.199
"3321",-8766.542
"3322",-9048.353
"3323",-8635.121
"3324",-8868.482
"3325",-8937.217
"3326",-9077.382
"3327",-8726.405
"3328",-8967.307
"3329",-9066.282
"3330",-9038.926
"3331",-8817.698
"3332",-8799.02
"3333",-9105.538
"3334",-9188.894
"3335",-9037.694
"3336",-8659.351
"3337",-8707.948
"3338",-9181.887
"3339",-8993.052
"3340",-9003.442
"3341",-8933.454
"3342",-9011.794
"3343",-8893.392
"3344",-9014.494
"3345",-8803.412
"3346",-8824.034
"3347",-8868.94
"3348",-8864.225
"3349",-8918.406
"3350",-9133.47
"3351",-9039.59
"3352",-8693.998
"3353",-8977.015
"3354",-8952.624
"3355",-8936.033
"3356",-9093.282
"3357",-9183.605
"3358",-8840.196
"3359",-8544.005
"3360",-9064.917
"3361",-8860.629
"3362",-8751.331
"3363",-8945.372
"3364",-8847.563
"3365",-9154.654
"3366",-8855.729
"3367",-9024.325
"3368",-8781.45
"3369",-8934.56
"3370",-8813.772
"3371",-8786.853
"3372",-9077.094
"3373",-8760.393
"3374",-9058.09
"3375",-9043.062
"3376",-8842.368
"3377",-8810.58
"3378",-8973.63
"3379",-8567.609
"3380",-8876.5
"3381",-8870.969
"3382",-8859.4
"3383",-8705.627
"3384",-8721.471
"3385",-9005.831
"3386",-8897.629
"3387",-8904.763
"3388",-8848.812
"3389",-9012.87
"3390",-8836.634
"3391",-8944.002
"3392",-8583.262
"3393",-8862.21
"3394",-8682.121
"3395",-9057.218
"3396",-8874.054
"3397",-8904.078
"3398",-9007.311
"3399",-8927.383
"3400",-8849.283
"3401",-8969.321
"3402",-8751.7
"3403",-8928.231
"3404",-8811.179
"3405",-8745.664
"3406",-8664.7
"3407",-9268.991
"3408",-8770.148
"3409",-8989.805
"3410",-8884.327
"3411",-9044.659
"3412",-8949.301
"3413",-9243.089
"3414",-8745.835
"3415",-8840.395
"3416",-9068.203
"3417",-9083.822
"3418",-8757.283
"3419",-8873.158
"3420",-9098.13
"3421",-9111.439
"3422",-9022.053
"3423",-9026.794
"3424",-8879.294
"3425",-8813.187
"3426",-8711.331
"3427",-9081.56
"3428",-8985.53
"3429",-8810.739
"3430",-9008.402
"3431",-8866.173
"3432",-8813.298
"3433",-9132.074
"3434",-8674.536
"3435",-9010.907
"3436",-9152.532
"3437",-8924.48
"3438",-8941.632
"3439",-9079.248
"3440",-8873.159
"3441",-8674.892
"3442",-8783.353
"3443",-8993.726
"3444",-8898.518
"3445",-9210.712
"3446",-8936.161
"3447",-9181.151
"3448",-9103.625
"3449",-8832.86
"3450",-8970.273
"3451",-8856.772
"3452",-8799.338
"3453",-8993.833
"3454",-8856.184
"3455",-9056.223
"3456",-8920.738
"3457",-9044.941
"3458",-8850.763
"3459",-8701.779
"3460",-8832.458
"3461",-8846.871
"3462",-9152.65
"3463",-8796.206
"3464",-8855.333
"3465",-8826.973
"3466",-8823.529
"3467",-8818.202
"3468",-9068.894
"3469",-8853.645
"3470",-9121.632
"3471",-8932.393
"3472",-8863.462
"3473",-8761.066
"3474",-9095.932
"3475",-9206.023
"3476",-8975.511
"3477",-9110.019
"3478",-8935.237
"3479",-8952.106
"3480",-8791.649
"3481",-8906.433
"3482",-9015.595
"3483",-9214.016
"3484",-8754.805
"3485",-8869.935
"3486",-8894.663
"3487",-9294.796
"3488",-8882.409
"3489",-8688.405
"3490",-8946.819
"3491",-8723.443
"3492",-9168.071
"3493",-9066.337
"3494",-8711.485
"3495",-8945.932
"3496",-9039.619
"3497",-8754.016
"3498",-8864.127
"3499",-9067.453
"3500",-8792.789
"3501",-8759.893
"3502",-8928.704
"3503",-8791.318
"3504",-8993.285
"3505",-9014.156
"3506",-8804.601
"3507",-9051.733
"3508",-9084.608
"3509",-8916.252
"3510",-8706.809
"3511",-9023.597
"3512",-8829.412
"3513",-8925.508
"3514",-8960.643
"3515",-8904.488
"3516",-9134.69
"3517",-8679.447
"3518",-8714.373
"3519",-9056.489
"3520",-9150.811
"3521",-8688.495
"3522",-9254.135
"3523",-9070.946
"3524",-8932.667
"3525",-8836.074
"3526",-9006.189
"3527",-9168.745
"3528",-8562.817
"3529",-8914.102
"3530",-8818.252
"3531",-8738.671
"3532",-8898.44
"3533",-8842.101
"3534",-8709.805
"3535",-8919.537
"3536",-9010.03
"3537",-8886.141
"3538",-8910.29
"3539",-8949.49
"3540",-8705.404
"3541",-8977.025
"3542",-8806.685
"3543",-8933.339
"3544",-8726.187
"3545",-8916.297
"3546",-9001.597
"3547",-8852.229
"3548",-8847.798
"3549",-9129.536
"3550",-9047.168
"3551",-8697.031
"3552",-8934.916
"3553",-8945.709
"3554",-9056.227
"3555",-8885.576
"3556",-8899.621
"3557",-9234.845
"3558",-8804.301
"3559",-8667.864
"3560",-9036.716
"3561",-8709.59
"3562",-8824.004
"3563",-8829.27
"3564",-8916.462
"3565",-8609.271
"3566",-9042.701
"3567",-8839.005
"3568",-8868.643
"3569",-8928.587
"3570",-8889.715
"3571",-8865.911
"3572",-9056.064
"3573",-9027.236
"3574",-9278.401
"3575",-9010.39
"3576",-9135.187
"3577",-8855.833
"3578",-8765.641
"3579",-9160.959
"3580",-9022.358
"3581",-8985.273
"3582",-8861.788
"3583",-8695.204
"3584",-9122.146
"3585",-9085.474
"3586",-8980.055
"3587",-8828.995
"3588",-8729.616
"3589",-8573.156
"3590",-8947.476
"3591",-8784.076
"3592",-9106.979
"3593",-8721.115
"3594",-8992.357
"3595",-8976.591
"3596",-8867.02
"3597",-9087.742
"3598",-8769.416
"3599",-8761.249
"3600",-8923.894
"3601",-8739.481
"3602",-8667.355
"3603",-8914.968
"3604",-8789.29
"3605",-9091.517
"3606",-8968.913
"3607",-8909.013
"3608",-8985.439
"3609",-9001.223
"3610",-8893.893
"3611",-9222.157
"3612",-8761.81
"3613",-8630.723
"3614",-8898.013
"3615",-8825.073
"3616",-8928.475
"3617",-9060.681
"3618",-9183.487
"3619",-8823.854
"3620",-9095.615
"3621",-8883.262
"3622",-9177.319
"3623",-8960.673
"3624",-9160.094
"3625",-8648.125
"3626",-8983.804
"3627",-9075.451
"3628",-8945.689
"3629",-9056.151
"3630",-9277.282
"3631",-8769.107
"3632",-8877.505
"3633",-8629.998
"3634",-8889.045
"3635",-8899.646
"3636",-9096.21
"3637",-8782.313
"3638",-8896.634
"3639",-8730.941
"3640",-8921.959
"3641",-9140.771
"3642",-8793.44
"3643",-8796.627
"3644",-8968.901
"3645",-8986.275
"3646",-9079.915
"3647",-9100.137
"3648",-9012.895
"3649",-8827.247
"3650",-8833.459
"3651",-8948.159
"3652",-8837.314
"3653",-9039.132
"3654",-8809.843
"3655",-8793.449
"3656",-8970.453
"3657",-8989.905
"3658",-8623.765
"3659",-8967.603
"3660",-8874.746
"3661",-9015.219
"3662",-9008.72
"3663",-8983.158
"3664",-8816.613
"3665",-9362.51
"3666",-8638.073
"3667",-8879.184
"3668",-9039.899
"3669",-8849.14
"3670",-8780.71
"3671",-8934.235
"3672",-8776.45
"3673",-8843.968
"3674",-8873.211
"3675",-8871.362
"3676",-8807.064
"3677",-8977.977
"3678",-8770.909
"3679",-8888.424
"3680",-8990.225
"3681",-8815.843
"3682",-9068.821
"3683",-8808.114
"3684",-8787.011
"3685",-8951.995
"3686",-9132.487
"3687",-8657.209
"3688",-9071.814
"3689",-9073.543
"3690",-8966.006
"3691",-8824.375
"3692",-8993.321
"3693",-8964.351
"3694",-9019.952
"3695",-8812.307
"3696",-8912.656
"3697",-8506.841
"3698",-8495.847
"3699",-8681.86
"3700",-8945.602
"3701",-8951.355
"3702",-8797.673
"3703",-8860.345
"3704",-8824.892
"3705",-8892.001
"3706",-8895.993
"3707",-8819.981
"3708",-8945.7
"3709",-9006.374
"3710",-8987.459
"3711",-8787.708
"3712",-9067.783
"3713",-9024.563
"3714",-8988.806
"3715",-8844.491
"3716",-9128.944
"3717",-8738.723
"3718",-8551.244
"3719",-8859.555
"3720",-9203.711
"3721",-8941.905
"3722",-8795.622
"3723",-8843.44
"3724",-9267.825
"3725",-8794.517
"3726",-8830.732
"3727",-8805.306
"3728",-8885.482
"3729",-8824
"3730",-8809.116
"3731",-8683.379
"3732",-8784.656
"3733",-8979.154
"3734",-8764.037
"3735",-8648.978
"3736",-9177.607
"3737",-8974.404
"3738",-8907.624
"3739",-8997.792
"3740",-8925.577
"3741",-8927.992
"3742",-8691.959
"3743",-9048.722
"3744",-8797.882
"3745",-9196.367
"3746",-8788.937
"3747",-8773.085
"3748",-9171.983
"3749",-9214.95
"3750",-8794.019
"3751",-8736.722
"3752",-9015.621
"3753",-9007.692
"3754",-8878.285
"3755",-8786.637
"3756",-9033.98
"3757",-8821.385
"3758",-8789.603
"3759",-8804.078
"3760",-8791.962
"3761",-8644.653
"3762",-8896.659
"3763",-8925.476
"3764",-9163.484
"3765",-8941.468
"3766",-8994.191
"3767",-8772.364
"3768",-8882.528
"3769",-8985.07
"3770",-9276.97
"3771",-8578.317
"3772",-9091.598
"3773",-9133.072
"3774",-9148.761
"3775",-8970.143
"3776",-9312.611
"3777",-8891.815
"3778",-8955.726
"3779",-9189.749
"3780",-8931.089
"3781",-8787.809
"3782",-8979.877
"3783",-8743.869
"3784",-8894.002
"3785",-8823.003
"3786",-8683.417
"3787",-8810.791
"3788",-8857.108
"3789",-8888.118
"3790",-9135.861
"3791",-8907.645
"3792",-9051.905
"3793",-8993.714
"3794",-9274.785
"3795",-8718.182
"3796",-8612.271
"3797",-8869.386
"3798",-9010.294
"3799",-9147.115
"3800",-9057.2
"3801",-8947.513
"3802",-8977.779
"3803",-8737.042
"3804",-9063.921
"3805",-8934.53
"3806",-9048.426
"3807",-8723.664
"3808",-8896.65
"3809",-8758.327
"3810",-8743.741
"3811",-9027.963
"3812",-8822.983
"3813",-8793.207
"3814",-8849.71
"3815",-8771.726
"3816",-8800.26
"3817",-9026.767
"3818",-8792.045
"3819",-8822.232
"3820",-8930.349
"3821",-8948.127
"3822",-8449.826
"3823",-8723.252
"3824",-8853.646
"3825",-8794.654
"3826",-9210.174
"3827",-8841.617
"3828",-8858.337
"3829",-8836.329
"3830",-9003.716
"3831",-9122.245
"3832",-9034.722
"3833",-8841.273
"3834",-8815.189
"3835",-8909.316
"3836",-8862.272
"3837",-8710.155
"3838",-8994.249
"3839",-8838.444
"3840",-8828.779
"3841",-8644.453
"3842",-8938.756
"3843",-8815.818
"3844",-8852.184
"3845",-9066.448
"3846",-9084.915
"3847",-8860.73
"3848",-8812.954
"3849",-8934.958
"3850",-9034.764
"3851",-8906.179
"3852",-8864.408
"3853",-9053.922
"3854",-8740.228
"3855",-9060.931
"3856",-8814.589
"3857",-8900.304
"3858",-9043.16
"3859",-8954.373
"3860",-8848.031
"3861",-8787.113
"3862",-8995.773
"3863",-8952.803
"3864",-9162.335
"3865",-8715.563
"3866",-8675.756
"3867",-8962.247
"3868",-8990.076
"3869",-8987.886
"3870",-9058.054
"3871",-8909.362
"3872",-8822.397
"3873",-8875.831
"3874",-9001.785
"3875",-8992.272
"3876",-8990.48
"3877",-8740.146
"3878",-9021.063
"3879",-9143.402
"3880",-9045.25
"3881",-8930.069
"3882",-8855.179
"3883",-8784.456
"3884",-9135.941
"3885",-8894.181
"3886",-8899.673
"3887",-9040.455
"3888",-8569.395
"3889",-8884.196
"3890",-8909.731
"3891",-8800.732
"3892",-8855.405
"3893",-8876.693
"3894",-9115.758
"3895",-9023.263
"3896",-9035.716
"3897",-8974.67
"3898",-8998.882
"3899",-8925.275
"3900",-9011.392
"3901",-8991.782
"3902",-8979.009
"3903",-9331.35
"3904",-8974.311
"3905",-8921.122
"3906",-8808.382
"3907",-8883.595
"3908",-9006.988
"3909",-8683.916
"3910",-8830.313
"3911",-9306.299
"3912",-8710.045
"3913",-8945.861
"3914",-8692.069
"3915",-9019.25
"3916",-8924.563
"3917",-8863.249
"3918",-9005.873
"3919",-8773.864
"3920",-9037.527
"3921",-8748.461
"3922",-8599.168
"3923",-9017.671
"3924",-8726.064
"3925",-8894.362
"3926",-8917.108
"3927",-8990.77
"3928",-9151.973
"3929",-8957.657
"3930",-8906.007
"3931",-8752.149
"3932",-9027.141
"3933",-9195.798
"3934",-9079.269
"3935",-9066.531
"3936",-8807.034
"3937",-8984.641
"3938",-9058.844
"3939",-8898.105
"3940",-9143.231
"3941",-9157.475
"3942",-9201.661
"3943",-9043.887
"3944",-8634.16
"3945",-8808.53
"3946",-9162.183
"3947",-8628.777
"3948",-9204.272
"3949",-8747.996
"3950",-8532.517
"3951",-8795.763
"3952",-8786.157
"3953",-8933.694
"3954",-9149.662
"3955",-8844.82
"3956",-8952.541
"3957",-8937.28
"3958",-8704.708
"3959",-8826.4
"3960",-8851.658
"3961",-8965.739
"3962",-8672.097
"3963",-9015.941
"3964",-8766.798
"3965",-9019.462
"3966",-8966.696
"3967",-8893.184
"3968",-9127.533
"3969",-8720.967
"3970",-8853.389
"3971",-8898.458
"3972",-8947.219
"3973",-9026.655
"3974",-9037.65
"3975",-9217.622
"3976",-9022.563
"3977",-8985.421
"3978",-9045.564
"3979",-8541.67
"3980",-9211.551
"3981",-8767.773
"3982",-8872.159
"3983",-8994.297
"3984",-8931.143
"3985",-9200.416
"3986",-9194.209
"3987",-9008.409
"3988",-8586.666
"3989",-8808.189
"3990",-8940.475
"3991",-9055.395
"3992",-8827.57
"3993",-8948.284
"3994",-9086.103
"3995",-9206.6
"3996",-8828.552
"3997",-9125.76
"3998",-9024.711
"3999",-9239.683
"4000",-8865.331
"4001",-8977.932
"4002",-9011.378
"4003",-9085.662
"4004",-8955.336
"4005",-8712.357
"4006",-8819.589
"4007",-8764.981
"4008",-8696.629
"4009",-8868.354
"4010",-9107.454
"4011",-9085.78
"4012",-8648.614
"4013",-8750.771
"4014",-9051.825
"4015",-9044.413
"4016",-8775.89
"4017",-8843.465
"4018",-8826.076
"4019",-8685.662
"4020",-8772.44
"4021",-8943.905
"4022",-8885.459
"4023",-9253.286
"4024",-9120.361
"4025",-8708.916
"4026",-8855.757
"4027",-8967.515
"4028",-9074.483
"4029",-8844.601
"4030",-8758.966
"4031",-9167.824
"4032",-8820.01
"4033",-9012.739
"4034",-8930.429
"4035",-9047.853
"4036",-9141.385
"4037",-8888.558
"4038",-8868.435
"4039",-9201.139
"4040",-8804.305
"4041",-8989.929
"4042",-9132.351
"4043",-8874.566
"4044",-9094.547
"4045",-8811.802
"4046",-9010.954
"4047",-9181.957
"4048",-8977.512
"4049",-8831.385
"4050",-8643.65
"4051",-9133.505
"4052",-9004.045
"4053",-9095.978
"4054",-8974.175
"4055",-8868.498
"4056",-8631.873
"4057",-8966.516
"4058",-8860.023
"4059",-8973.339
"4060",-9163.729
"4061",-8902.742
"4062",-8630.246
"4063",-8863.417
"4064",-8856.939
"4065",-8989.512
"4066",-8749.979
"4067",-8978.926
"4068",-9012.839
"4069",-9095.724
"4070",-8773.405
"4071",-8902.265
"4072",-9148.26
"4073",-8952.827
"4074",-8659.042
"4075",-8756.889
"4076",-8887.069
"4077",-8851.497
"4078",-9049.534
"4079",-9030.142
"4080",-9046.482
"4081",-8969.854
"4082",-9162.298
"4083",-8826.773
"4084",-8931.598
"4085",-8716.094
"4086",-8806.906
"4087",-8961.697
"4088",-8982.172
"4089",-8993.718
"4090",-9117.061
"4091",-8889.691
"4092",-8957.476
"4093",-8894.082
"4094",-8981.345
"4095",-8990.197
"4096",-8775.437
"4097",-9148.172
"4098",-9088.087
"4099",-9000.663
"4100",-8978.537
"4101",-8807.803
"4102",-9150.764
"4103",-8910.06
"4104",-8741.878
"4105",-8724.901
"4106",-9162.966
"4107",-8955.859
"4108",-9005.323
"4109",-8602.84
"4110",-9028.941
"4111",-8795.438
"4112",-8770.231
"4113",-8705.411
"4114",-8632.212
"4115",-8979.354
"4116",-8895.476
"4117",-8902.097
"4118",-9001.491
"4119",-8935.985
"4120",-8906.727
"4121",-8893.528
"4122",-8459.569
"4123",-8940.944
"4124",-8958.878
"4125",-8881.222
"4126",-8876.164
"4127",-9041.969
"4128",-8961.986
"4129",-9083.115
"4130",-9043.222
"4131",-8900.304
"4132",-8839.783
"4133",-8943.597
"4134",-8807.243
"4135",-8730.271
"4136",-8885.545
"4137",-8984.119
"4138",-8470.77
"4139",-8836.919
"4140",-8888.33
"4141",-8988.572
"4142",-8987.584
"4143",-8879.659
"4144",-8886.053
"4145",-8766.885
"4146",-8865.83
"4147",-9029.429
"4148",-8923.948
"4149",-8854.381
"4150",-8730.165
"4151",-9088.134
"4152",-9047.508
"4153",-8967.282
"4154",-8904.207
"4155",-9216.266
"4156",-8571.462
"4157",-8852.326
"4158",-8875.136
"4159",-8996.395
"4160",-8825.345
"4161",-8827.95
"4162",-9166.453
"4163",-8924.731
"4164",-8760.721
"4165",-8727.505
"4166",-8919.59
"4167",-8609.014
"4168",-8699.713
"4169",-9065.066
"4170",-8996.141
"4171",-8718.574
"4172",-8842.583
"4173",-8765.268
"4174",-8828.98
"4175",-8999.954
"4176",-8775.657
"4177",-9132.26
"4178",-9162.823
"4179",-9067.473
"4180",-8880.483
"4181",-8783.285
"4182",-8798.456
"4183",-8982.439
"4184",-9075.688
"4185",-8827.029
"4186",-8958.105
"4187",-8974.148
"4188",-8706.112
"4189",-8728.184
"4190",-8788.244
"4191",-8777.742
"4192",-8695.962
"4193",-8900.3
"4194",-8890.742
"4195",-9129.977
"4196",-8793.596
"4197",-8836.406
"4198",-9003.137
"4199",-9127.484
"4200",-8991.721
"4201",-8734.713
"4202",-8885.215
"4203",-8841.115
"4204",-9035.197
"4205",-8787.695
"4206",-8775.624
"4207",-8735.272
"4208",-8893.385
"4209",-8827.781
"4210",-8930.932
"4211",-8849.396
"4212",-8953.497
"4213",-9151.246
"4214",-8862.119
"4215",-8852.357
"4216",-8980.373
"4217",-8917.395
"4218",-8931.233
"4219",-8868.522
"4220",-9163.445
"4221",-9109.758
"4222",-8807.346
"4223",-9038.565
"4224",-8933.883
"4225",-8779.695
"4226",-8936.104
"4227",-8897.102
"4228",-9017.374
"4229",-8999.796
"4230",-9034.169
"4231",-9111.893
"4232",-9004.259
"4233",-8567.752
"4234",-8948.432
"4235",-8860.426
"4236",-9264.808
"4237",-8515.998
"4238",-8868.94
"4239",-8791.749
"4240",-9040.517
"4241",-8940.924
"4242",-8922.147
"4243",-8887.127
"4244",-8828.916
"4245",-9018.385
"4246",-8911.541
"4247",-9043.49
"4248",-8681.792
"4249",-8636.988
"4250",-9300.134
"4251",-9109.267
"4252",-9060.515
"4253",-9093.652
"4254",-9118.021
"4255",-8757.664
"4256",-8849.922
"4257",-8811.656
"4258",-8794.465
"4259",-9098
"4260",-9053.54
"4261",-9109.305
"4262",-9038.672
"4263",-8929.627
"4264",-8840.651
"4265",-8869.404
"4266",-8708.406
"4267",-8761.474
"4268",-8854.593
"4269",-8948.494
"4270",-8880.459
"4271",-8850.198
"4272",-8847.314
"4273",-8907.289
"4274",-8952.427
"4275",-8907.512
"4276",-9208.327
"4277",-8730.705
"4278",-8970.431
"4279",-8933.06
"4280",-8890.852
"4281",-8763.954
"4282",-9092.38
"4283",-8593.765
"4284",-8917.857
"4285",-9101.716
"4286",-8889.009
"4287",-8902.414
"4288",-8788.809
"4289",-8958.461
"4290",-8788.159
"4291",-8980.947
"4292",-8922.413
"4293",-9057.871
"4294",-8743.704
"4295",-9020.449
"4296",-9233.72
"4297",-8845.67
"4298",-8918.188
"4299",-9075.384
"4300",-9089.173
"4301",-8944.653
"4302",-8875.232
"4303",-8880.559
"4304",-8984.831
"4305",-9071.853
"4306",-8948.855
"4307",-8781.352
"4308",-8632.664
"4309",-8904.411
"4310",-8988.804
"4311",-9046.231
"4312",-8954.182
"4313",-9135.71
"4314",-8877.729
"4315",-8727.186
"4316",-8633.196
"4317",-8891.645
"4318",-8943.991
"4319",-8887.196
"4320",-8770.116
"4321",-8953.878
"4322",-8987.311
"4323",-9101.809
"4324",-8760.41
"4325",-8944.557
"4326",-8770.305
"4327",-8830.714
"4328",-8750.532
"4329",-8717.722
"4330",-8909.495
"4331",-8767.294
"4332",-8874.847
"4333",-8710.496
"4334",-9144.053
"4335",-8956.364
"4336",-8888.848
"4337",-8992.939
"4338",-8917.322
"4339",-9034.528
"4340",-9034.257
"4341",-8792.303
"4342",-9078.055
"4343",-9071.734
"4344",-8613.928
"4345",-9150.356
"4346",-8851.923
"4347",-8659.665
"4348",-8901.802
"4349",-8846.071
"4350",-8777.184
"4351",-9074.149
"4352",-8640.606
"4353",-9017.417
"4354",-8872.363
"4355",-8673.568
"4356",-8450.601
"4357",-8688.849
"4358",-8782.918
"4359",-8575.105
"4360",-8859.971
"4361",-9173.259
"4362",-9016.094
"4363",-8993.064
"4364",-8961.947
"4365",-8881.587
"4366",-8975.463
"4367",-8809.125
"4368",-8879.945
"4369",-9118.925
"4370",-8631.958
"4371",-8727.326
"4372",-9061.789
"4373",-8771.088
"4374",-8827.753
"4375",-8554.423
"4376",-9032.763
"4377",-9066.293
"4378",-8908.248
"4379",-8759.953
"4380",-8832.84
"4381",-9094.145
"4382",-9043.054
"4383",-8732.709
"4384",-9009.587
"4385",-8795.094
"4386",-8975.273
"4387",-8741.675
"4388",-8866.368
"4389",-8898.166
"4390",-8723.952
"4391",-8918.037
"4392",-8929.901
"4393",-9019.54
"4394",-8935.081
"4395",-8782.445
"4396",-8830.26
"4397",-9077.502
"4398",-8867.987
"4399",-8875.231
"4400",-8926.908
"4401",-8963.488
"4402",-8911.766
"4403",-9063.789
"4404",-8928.38
"4405",-8841.922
"4406",-8766.761
"4407",-8902.062
"4408",-8889.323
"4409",-9016.935
"4410",-8865.773
"4411",-9039.765
"4412",-8872.962
"4413",-8958.863
"4414",-8733.249
"4415",-9115.396
"4416",-8782.299
"4417",-8931.993
"4418",-8609.194
"4419",-8743.453
"4420",-8799.767
"4421",-8841.609
"4422",-8874.903
"4423",-8820.327
"4424",-8858.694
"4425",-8950.89
"4426",-8984.245
"4427",-8857.817
"4428",-9000.697
"4429",-8953.666
"4430",-9195.282
"4431",-9003.599
"4432",-8832.566
"4433",-8658.627
"4434",-8919.839
"4435",-9022.602
"4436",-8655.491
"4437",-9030.141
"4438",-9116.128
"4439",-8968.856
"4440",-8939.658
"4441",-9102.314
"4442",-8959.356
"4443",-8981.413
"4444",-8706.349
"4445",-8969.781
"4446",-8829.343
"4447",-8662.727
"4448",-8850.718
"4449",-8998.692
"4450",-8832.009
"4451",-8687.143
"4452",-9079.732
"4453",-9024.752
"4454",-8855.402
"4455",-9012.145
"4456",-9020.826
"4457",-8906.915
"4458",-8936.738
"4459",-8957.09
"4460",-8930.218
"4461",-9014.336
"4462",-8888.43
"4463",-8970.967
"4464",-8931.94
"4465",-8873.233
"4466",-8923.372
"4467",-8892.633
"4468",-8891.07
"4469",-8990.489
"4470",-8861.194
"4471",-8744.645
"4472",-8796.319
"4473",-9055.802
"4474",-8940.193
"4475",-8981.647
"4476",-8917.723
"4477",-9151.937
"4478",-8799.436
"4479",-8929.095
"4480",-8919.7
"4481",-8806.593
"4482",-8795.659
"4483",-8751.78
"4484",-8892.605
"4485",-9038.598
"4486",-8976.335
"4487",-9017.486
"4488",-8907.077
"4489",-8633.982
"4490",-8705.519
"4491",-9119.86
"4492",-8953.235
"4493",-8891.314
"4494",-8817.983
"4495",-8936.118
"4496",-8611.291
"4497",-9019.385
"4498",-9128.464
"4499",-8908.306
"4500",-8718.566
"4501",-8918.357
"4502",-8980.582
"4503",-8493.87
"4504",-8838.376
"4505",-9204.401
"4506",-8858.644
"4507",-8920.128
"4508",-9129.672
"4509",-8939.544
"4510",-8968.118
"4511",-8954.059
"4512",-9006.125
"4513",-8745.627
"4514",-8983.301
"4515",-8675.804
"4516",-8947.89
"4517",-8926.068
"4518",-9079.848
"4519",-8980.88
"4520",-8750.933
"4521",-9107.451
"4522",-8888.296
"4523",-9100.348
"4524",-8805.624
"4525",-9160.939
"4526",-8838.622
"4527",-9011.852
"4528",-8570.777
"4529",-8763.925
"4530",-8775.14
"4531",-8573.731
"4532",-8902.716
"4533",-8858.467
"4534",-8735.738
"4535",-8810.22
"4536",-8854.583
"4537",-9021.346
"4538",-9000.06
"4539",-9003.736
"4540",-9038.079
"4541",-8807.689
"4542",-8831.412
"4543",-8697.14
"4544",-8826.312
"4545",-9069.699
"4546",-8958.353
"4547",-9099.137
"4548",-8806.939
"4549",-9182.436
"4550",-8585.344
"4551",-8630.42
"4552",-8808.748
"4553",-9112.811
"4554",-8880.785
"4555",-8697.177
"4556",-9146.964
"4557",-8670.094
"4558",-8485.604
"4559",-8638.41
"4560",-9003.521
"4561",-9007.595
"4562",-8822.788
"4563",-9173.84
"4564",-9111.708
"4565",-8840.494
"4566",-9153.145
"4567",-9009.233
"4568",-8858.54
"4569",-8938.834
"4570",-8722.04
"4571",-8754.534
"4572",-8996.374
"4573",-9135.597
"4574",-8889.705
"4575",-8949.021
"4576",-8837.027
"4577",-8682.294
"4578",-8939.428
"4579",-9137.258
"4580",-8808.135
"4581",-8945.369
"4582",-8654.901
"4583",-9054.237
"4584",-8756.738
"4585",-8829.296
"4586",-8707.17
"4587",-8825.963
"4588",-8842.642
"4589",-8872.133
"4590",-8633.95
"4591",-8927.653
"4592",-8820.677
"4593",-8698.262
"4594",-9111.842
"4595",-8987.964
"4596",-8938.411
"4597",-8922.633
"4598",-9142.644
"4599",-8648.196
"4600",-8991.844
"4601",-9069.272
"4602",-8466.45
"4603",-8595.251
"4604",-8915.492
"4605",-8770.195
"4606",-8975.871
"4607",-9104.14
"4608",-8837.49
"4609",-8928.158
"4610",-8741.474
"4611",-9220.652
"4612",-9040.893
"4613",-8837.184
"4614",-8951.146
"4615",-8684.632
"4616",-9146.099
"4617",-9066.171
"4618",-8919.925
"4619",-8937.831
"4620",-8697.929
"4621",-9090.49
"4622",-8744.442
"4623",-8883.478
"4624",-8691.615
"4625",-8935.227
"4626",-8894.563
"4627",-8926.655
"4628",-8974.231
"4629",-8875.397
"4630",-9010.862
"4631",-9100.935
"4632",-8997.34
"4633",-8517.987
"4634",-8955.343
"4635",-8838.535
"4636",-8960.285
"4637",-9083.229
"4638",-8811.156
"4639",-8961.828
"4640",-8894.295
"4641",-8590.294
"4642",-9055.438
"4643",-8952.779
"4644",-8995.417
"4645",-9006.592
"4646",-8874.176
"4647",-9071.439
"4648",-8943.022
"4649",-8740.542
"4650",-8987.687
"4651",-8763.286
"4652",-8808.785
"4653",-9208.074
"4654",-8854.281
"4655",-8887.674
"4656",-9045.456
"4657",-8905.305
"4658",-8786.355
"4659",-8972.574
"4660",-8975.641
"4661",-9030.075
"4662",-8849.384
"4663",-9030.46
"4664",-8835.073
"4665",-8618.773
"4666",-8914.261
"4667",-8913.366
"4668",-8929.91
"4669",-8781.556
"4670",-8977.125
"4671",-8941.012
"4672",-9059.41
"4673",-8796.86
"4674",-9135.628
"4675",-9188.918
"4676",-8864.25
"4677",-9043.83
"4678",-9057.298
"4679",-8829.548
"4680",-8790.988
"4681",-9164.044
"4682",-9119.35
"4683",-9079
"4684",-9004.288
"4685",-8677.165
"4686",-9205.791
"4687",-8825.944
"4688",-8930.954
"4689",-8697.635
"4690",-8673.414
"4691",-8954.128
"4692",-8709.562
"4693",-8966.708
"4694",-9119.567
"4695",-8974.175
"4696",-8851.708
"4697",-8934.728
"4698",-8981.857
"4699",-8991.288
"4700",-8889.122
"4701",-8713.547
"4702",-9219.606
"4703",-8969.555
"4704",-8674.638
"4705",-8972.722
"4706",-8882.849
"4707",-8776.409
"4708",-8771.09
"4709",-9092.155
"4710",-8978.234
"4711",-8733.966
"4712",-9187.573
"4713",-9022.74
"4714",-9019.488
"4715",-8989.288
"4716",-9021.236
"4717",-9066.719
"4718",-8793.839
"4719",-9003.993
"4720",-9059.093
"4721",-8776.976
"4722",-8683.204
"4723",-8985.518
"4724",-8773.571
"4725",-8811.98
"4726",-8841.267
"4727",-9167.198
"4728",-8853.297
"4729",-8829.519
"4730",-8885.328
"4731",-9040.652
"4732",-8944.96
"4733",-8532.4
"4734",-9034.618
"4735",-9020.017
"4736",-8767.316
"4737",-8995.158
"4738",-8673.739
"4739",-8567.357
"4740",-8886.182
"4741",-8911.034
"4742",-8647.762
"4743",-8919.806
"4744",-8771.725
"4745",-8930.152
"4746",-8911.445
"4747",-8913.601
"4748",-9033.541
"4749",-8885.029
"4750",-9112.84
"4751",-8803.507
"4752",-8963.212
"4753",-8650.129
"4754",-8534.394
"4755",-8806.731
"4756",-8721.926
"4757",-8874.509
"4758",-8917.315
"4759",-8824.624
"4760",-8658.408
"4761",-8812.269
"4762",-8861.923
"4763",-8783.711
"4764",-9029.927
"4765",-8980.715
"4766",-8607.396
"4767",-9007.404
"4768",-8891.396
"4769",-8913.057
"4770",-8808.174
"4771",-8914.789
"4772",-8697.892
"4773",-8693.102
"4774",-8959.225
"4775",-8763.952
"4776",-9285.769
"4777",-8952.602
"4778",-8908.134
"4779",-8861.98
"4780",-8810.268
"4781",-9071.577
"4782",-8846.638
"4783",-8869.001
"4784",-8953.009
"4785",-8832.38
"4786",-8971.945
"4787",-8759.572
"4788",-8821.783
"4789",-8799.493
"4790",-9025.97
"4791",-8725.768
"4792",-9134.346
"4793",-8780.933
"4794",-9071.627
"4795",-8989.666
"4796",-8961.58
"4797",-8815.326
"4798",-8795.632
"4799",-8983.627
"4800",-9047.88
"4801",-8911.105
"4802",-8977.825
"4803",-8990.002
"4804",-8957.268
"4805",-8910.663
"4806",-8945.135
"4807",-8900.354
"4808",-9096.945
"4809",-9006.028
"4810",-8832.456
"4811",-9050.618
"4812",-8982.546
"4813",-9152.375
"4814",-8912.601
"4815",-9319.492
"4816",-8805.614
"4817",-8814.769
"4818",-8760.675
"4819",-9127.053
"4820",-8871.142
"4821",-9189.876
"4822",-8779.74
"4823",-9159.193
"4824",-9077.189
"4825",-8808.458
"4826",-9074.74
"4827",-8752.05
"4828",-9125.523
"4829",-8926.219
"4830",-8958.446
"4831",-8919.877
"4832",-9050.902
"4833",-9273.861
"4834",-8825.695
"4835",-8888.287
"4836",-8921.849
"4837",-8885.435
"4838",-9004.272
"4839",-9008.375
"4840",-8713.988
"4841",-8630.591
"4842",-9059.871
"4843",-8911.948
"4844",-9113.936
"4845",-8946.368
"4846",-8916.775
"4847",-8992.149
"4848",-8906.611
"4849",-8833.229
"4850",-8760.496
"4851",-8864.342
"4852",-8820.464
"4853",-8464.463
"4854",-8906.456
"4855",-9033.166
"4856",-8990.842
"4857",-8887.57
"4858",-9075.365
"4859",-8898.778
"4860",-8868.349
"4861",-9006.268
"4862",-9110.917
"4863",-8898.429
"4864",-8598.301
"4865",-8909.441
"4866",-8933.212
"4867",-8667.004
"4868",-8802.729
"4869",-9090.26
"4870",-8855.264
"4871",-8898.181
"4872",-8923.827
"4873",-8668.94
"4874",-9236.513
"4875",-9004.05
"4876",-8995.384
"4877",-8984.014
"4878",-8953.146
"4879",-8849.071
"4880",-8962.178
"4881",-8952.284
"4882",-8903.754
"4883",-8979.93
"4884",-8953.905
"4885",-9024.692
"4886",-8921.548
"4887",-8848.539
"4888",-8829.811
"4889",-8696.462
"4890",-8744.952
"4891",-9017.121
"4892",-8923.735
"4893",-8779.524
"4894",-8850.79
"4895",-8791.335
"4896",-8916.423
"4897",-8872.207
"4898",-9023.477
"4899",-8864.161
"4900",-8954.456
"4901",-9032.159
"4902",-8633.555
"4903",-8882.491
"4904",-9095.581
"4905",-9074.401
"4906",-8874.105
"4907",-8954.244
"4908",-9007.147
"4909",-8770.888
"4910",-8701.061
"4911",-8874.364
"4912",-8594.711
"4913",-8840.733
"4914",-8665.18
"4915",-8993.194
"4916",-8946.834
"4917",-8705.074
"4918",-9106.668
"4919",-8991.863
"4920",-8946.851
"4921",-8697.268
"4922",-8933.75
"4923",-8985.762
"4924",-9229.836
"4925",-8801.369
"4926",-8825.965
"4927",-9072.085
"4928",-8952.212
"4929",-8781.026
"4930",-8875.062
"4931",-9033.929
"4932",-8950.721
"4933",-9180.534
"4934",-8962.275
"4935",-8880.618
"4936",-8884.511
"4937",-8913.126
"4938",-8737.6
"4939",-8788.914
"4940",-8959.566
"4941",-8940.214
"4942",-9196.711
"4943",-8913.694
"4944",-8952.186
"4945",-9145.069
"4946",-8929.148
"4947",-8998.014
"4948",-8891.591
"4949",-8724.186
"4950",-8910.508
"4951",-8826.408
"4952",-9017.214
"4953",-8722.493
"4954",-9251.842
"4955",-8807.917
"4956",-8764.152
"4957",-8961.496
"4958",-8816.954
"4959",-9133.087
"4960",-8880.425
"4961",-9035.25
"4962",-8900.322
"4963",-9126.891
"4964",-8929.788
"4965",-9023.618
"4966",-8789.795
"4967",-9121.168
"4968",-8954.686
"4969",-8825.065
"4970",-9029.404
"4971",-8776.011
"4972",-8837.824
"4973",-8736.044
"4974",-8905.29
"4975",-9156.812
"4976",-9025.478
"4977",-8973.149
"4978",-8853.268
"4979",-9056.379
"4980",-8752.732
"4981",-9175.709
"4982",-9032.123
"4983",-8898.531
"4984",-9185.517
"4985",-9076.284
"4986",-8880.489
"4987",-9021.701
"4988",-8920.971
"4989",-8708.777
"4990",-8941.788
"4991",-8892.604
"4992",-8929.712
"4993",-8996.364
"4994",-9102.521
"4995",-9006.322
"4996",-9112.671
"4997",-8901.5
"4998",-8906.215
"4999",-8619.588
"5000",-8894.785
"5001",-8661.794
"5002",-9110.356
"5003",-8724.463
"5004",-8775.677
"5005",-8866.738
"5006",-8835.718
"5007",-8867.503
"5008",-8732.041
"5009",-8983.879
"5010",-9098.148
"5011",-8655.209
"5012",-8775.183
"5013",-8869.5
"5014",-8985.005
"5015",-8991.385
"5016",-8962.813
"5017",-8789.64
"5018",-8944.156
"5019",-8715.429
"5020",-8861.268
"5021",-8811.414
"5022",-8938.621
"5023",-8987.151
"5024",-8613.347
"5025",-8892.388
"5026",-8929.028
"5027",-8965.032
"5028",-8973.661
"5029",-8958.985
"5030",-8929.472
"5031",-8687.9
"5032",-8556.764
"5033",-8860.696
"5034",-8804.3
"5035",-8966.062
"5036",-8820.524
"5037",-9036.671
"5038",-9161.605
"5039",-8860.456
"5040",-8914.356
"5041",-8868.973
"5042",-8657.402
"5043",-8830.862
"5044",-9143.166
"5045",-9088.508
"5046",-9077.711
"5047",-8778.682
"5048",-8882.167
"5049",-8637.42
"5050",-9016.843
"5051",-9065.223
"5052",-8999.232
"5053",-8809.12
"5054",-8932.974
"5055",-9054.525
"5056",-8977.328
"5057",-8906.659
"5058",-9000.29
"5059",-8751.857
"5060",-8996.446
"5061",-8974.357
"5062",-8756.101
"5063",-9018.512
"5064",-9242.956
"5065",-8862.667
"5066",-8765.8
"5067",-8909.653
"5068",-9100.876
"5069",-9058.901
"5070",-8867.867
"5071",-9139.331
"5072",-8971.236
"5073",-8691.472
"5074",-8812.28
"5075",-8854.076
"5076",-8465.878
"5077",-8696.248
"5078",-8737.308
"5079",-8927.273
"5080",-8848.509
"5081",-8886.586
"5082",-9105.502
"5083",-8842.301
"5084",-8801.029
"5085",-8972.758
"5086",-8993.445
"5087",-8933.453
"5088",-8742.78
"5089",-8695.142
"5090",-8807.198
"5091",-8878.269
"5092",-8775.344
"5093",-8885.35
"5094",-8737.838
"5095",-8746.646
"5096",-8839.966
"5097",-9076.008
"5098",-9024.33
"5099",-8989.474
"5100",-8925.162
"5101",-8913.909
"5102",-8808.777
"5103",-8864.72
"5104",-8770.71
"5105",-9115.711
"5106",-8977.705
"5107",-9028.753
"5108",-8847.704
"5109",-8908.124
"5110",-8986.984
"5111",-8740.437
"5112",-8711.502
"5113",-8527.358
"5114",-8904.433
"5115",-8979.784
"5116",-8824.339
"5117",-8878.668
"5118",-8952.289
"5119",-8900.739
"5120",-9135.399
"5121",-8968.864
"5122",-9241.558
"5123",-9038.108
"5124",-8977.18
"5125",-9099.539
"5126",-8726.621
"5127",-9086.647
"5128",-8892.559
"5129",-8613.183
"5130",-9009.741
"5131",-8867.209
"5132",-8756.809
"5133",-9204.153
"5134",-9064.323
"5135",-8765.899
"5136",-8856.503
"5137",-8956.526
"5138",-8629.102
"5139",-8892.762
"5140",-9155.107
"5141",-9011.54
"5142",-8786.395
"5143",-8997.139
"5144",-9080.362
"5145",-9059.779
"5146",-9066.648
"5147",-9115.47
"5148",-8960.015
"5149",-8845.958
"5150",-8944.777
"5151",-8918.122
"5152",-8816.946
"5153",-8653.965
"5154",-8943.573
"5155",-8824.674
"5156",-8875.998
"5157",-8820.244
"5158",-8884.499
"5159",-8745.202
"5160",-8859.817
"5161",-8725.974
"5162",-8729.967
"5163",-8808.685
"5164",-9130.143
"5165",-9023.965
"5166",-8960.194
"5167",-8817.508
"5168",-9102.622
"5169",-8790.634
"5170",-8966.158
"5171",-8873.133
"5172",-8887.459
"5173",-8978.351
"5174",-8623.208
"5175",-8952.398
"5176",-9144.619
"5177",-9204.93
"5178",-9148.542
"5179",-9008.066
"5180",-8927.555
"5181",-9109.963
"5182",-9197.785
"5183",-8775.536
"5184",-8953.502
"5185",-8768.437
"5186",-9009.459
"5187",-8776.17
"5188",-8602.335
"5189",-8913.888
"5190",-9141.945
"5191",-8939.323
"5192",-8838.011
"5193",-8743.097
"5194",-9181.75
"5195",-8836.856
"5196",-9025.322
"5197",-8963.148
"5198",-9063.089
"5199",-9018.515
"5200",-9093.074
"5201",-8936.157
"5202",-8488.514
"5203",-9056.559
"5204",-8839.327
"5205",-8954.303
"5206",-8780.288
"5207",-8554.518
"5208",-8836.26
"5209",-8826.517
"5210",-9153.214
"5211",-8958.389
"5212",-8751.443
"5213",-8889.936
"5214",-8880.653
"5215",-8931.852
"5216",-8980.644
"5217",-9043.041
"5218",-9089.738
"5219",-9022.606
"5220",-9070.835
"5221",-9259.786
"5222",-8852.568
"5223",-8832.636
"5224",-9231.229
"5225",-9095.024
"5226",-8796.322
"5227",-8829.484
"5228",-8890.366
"5229",-8630.698
"5230",-9043.296
"5231",-8734.269
"5232",-8727.718
"5233",-8973.511
"5234",-8800.079
"5235",-8937.937
"5236",-9008.569
"5237",-8818.545
"5238",-9142.734
"5239",-8829.727
"5240",-8864.277
"5241",-8927.363
"5242",-8962.864
"5243",-8657.159
"5244",-9031.18
"5245",-8869.847
"5246",-8774.772
"5247",-8781.487
"5248",-8736.1
"5249",-8769.791
"5250",-8927.448
"5251",-8758.513
"5252",-9066.078
"5253",-8849.692
"5254",-8949.426
"5255",-8782.239
"5256",-9099.45
"5257",-8812.993
"5258",-8911.555
"5259",-9257.919
"5260",-8809.944
"5261",-9056.926
"5262",-8872.704
"5263",-8807.794
"5264",-8984.592
"5265",-8924.471
"5266",-8901.251
"5267",-9071.482
"5268",-8938.32
"5269",-8915.502
"5270",-8986.189
"5271",-8923.002
"5272",-8958.318
"5273",-8846.368
"5274",-8982.193
"5275",-9093.223
"5276",-9047.522
"5277",-8880.367
"5278",-9062.788
"5279",-8930.463
"5280",-9114.77
"5281",-8850.577
"5282",-8988.447
"5283",-9038.784
"5284",-8673.364
"5285",-8872.717
"5286",-8895.897
"5287",-9108.069
"5288",-8979.237
"5289",-8864.935
"5290",-8968.637
"5291",-9032.164
"5292",-8839.68
"5293",-8878.86
"5294",-9146.082
"5295",-9088.747
"5296",-8897.159
"5297",-9118.773
"5298",-8779.4
"5299",-9000.691
"5300",-8927.036
"5301",-8794.245
"5302",-8785.264
"5303",-8772.796
"5304",-8929.332
"5305",-8803.79
"5306",-8892.044
"5307",-8945.893
"5308",-8748.095
"5309",-8755.191
"5310",-8933.275
"5311",-8993.283
"5312",-8611.685
"5313",-8912.066
"5314",-8769.773
"5315",-9053.256
"5316",-8644.081
"5317",-8680.142
"5318",-8888.101
"5319",-8866.487
"5320",-8802.554
"5321",-8851.866
"5322",-9141.765
"5323",-8810.071
"5324",-8941.691
"5325",-8788.219
"5326",-8877.299
"5327",-8902.024
"5328",-8945.384
"5329",-8949.186
"5330",-8949.063
"5331",-8809.181
"5332",-8827.411
"5333",-8893.41
"5334",-8874.944
"5335",-9172.565
"5336",-8826.12
"5337",-8781.447
"5338",-8901.568
"5339",-8884.204
"5340",-8718.601
"5341",-8723.09
"5342",-8899.711
"5343",-9120.594
"5344",-9314.47
"5345",-8947.743
"5346",-8864.656
"5347",-8638.215
"5348",-8821.427
"5349",-9035.057
"5350",-9078.622
"5351",-8950.396
"5352",-8619.947
"5353",-8737.073
"5354",-9288.324
"5355",-9046.005
"5356",-9047.989
"5357",-8965.901
"5358",-9021.219
"5359",-9048.284
"5360",-8773.727
"5361",-9009.308
"5362",-9018.722
"5363",-8913.983
"5364",-8772.56
"5365",-8896.766
"5366",-8820.313
"5367",-8876.951
"5368",-8748.777
"5369",-8933.602
"5370",-8945.91
"5371",-8660.716
"5372",-9075.452
"5373",-8917.872
"5374",-8968.981
"5375",-9078.32
"5376",-8780.594
"5377",-8944.333
"5378",-9044.832
"5379",-8570.406
"5380",-8980.384
"5381",-8697.137
"5382",-8979.684
"5383",-9121.873
"5384",-8912.059
"5385",-8884.98
"5386",-8985.729
"5387",-9065.225
"5388",-8532.274
"5389",-9030.882
"5390",-8891.03
"5391",-9036.287
"5392",-9089.896
"5393",-9067.261
"5394",-9060.787
"5395",-9181.877
"5396",-8962.701
"5397",-8943.624
"5398",-9145.381
"5399",-9350.645
"5400",-8988.951
"5401",-8655.191
"5402",-8911.885
"5403",-8681.247
"5404",-8653.678
"5405",-8789.1
"5406",-8802.75
"5407",-8802.205
"5408",-8937.053
"5409",-8712.126
"5410",-8771.092
"5411",-8699.296
"5412",-8904.487
"5413",-8711.279
"5414",-8631.566
"5415",-8732.038
"5416",-8903.658
"5417",-8924.074
"5418",-8939.734
"5419",-9061.645
"5420",-8748.94
"5421",-8975.672
"5422",-8931.879
"5423",-8671
"5424",-8734.539
"5425",-8717.476
"5426",-8917.13
"5427",-9015.012
"5428",-9007.815
"5429",-8910.817
"5430",-9050.627
"5431",-8880.837
"5432",-8975.309
"5433",-8707.512
"5434",-8932.503
"5435",-8809.013
"5436",-8762.694
"5437",-9035.621
"5438",-8832.944
"5439",-8899.587
"5440",-8690.097
"5441",-8930.758
"5442",-8687.723
"5443",-8825.072
"5444",-8918.086
"5445",-9000.215
"5446",-9060.434
"5447",-9183.713
"5448",-8997.789
"5449",-8616.021
"5450",-8838.307
"5451",-8955.263
"5452",-9123.238
"5453",-9045.545
"5454",-9037.529
"5455",-8828.99
"5456",-9013.434
"5457",-8748.91
"5458",-9063.82
"5459",-8980.83
"5460",-8761.957
"5461",-8891.594
"5462",-8944.112
"5463",-8767.398
"5464",-8827.358
"5465",-8619.17
"5466",-9010.253
"5467",-8894.789
"5468",-8799.014
"5469",-8852.92
"5470",-9136.857
"5471",-8745.904
"5472",-8816.418
"5473",-8918.055
"5474",-8696.318
"5475",-9258.618
"5476",-9096.827
"5477",-8963.744
"5478",-8995.651
"5479",-8802.335
"5480",-9084.521
"5481",-8668.545
"5482",-8709.992
"5483",-8755.05
"5484",-8978.057
"5485",-8961.285
"5486",-8859.256
"5487",-8880.902
"5488",-8756.419
"5489",-8868.383
"5490",-8873.641
"5491",-8989.112
"5492",-8814.943
"5493",-8852.878
"5494",-8912.886
"5495",-8714.466
"5496",-9054.815
"5497",-8936.026
"5498",-9163.55
"5499",-8941.022
"5500",-8817.266
"5501",-8843.759
"5502",-8865.537
"5503",-8637.196
"5504",-8875.686
"5505",-8829.457
"5506",-8888.733
"5507",-8967.627
"5508",-8920.066
"5509",-9087.841
"5510",-8852.849
"5511",-9016.384
"5512",-8880.898
"5513",-8831.885
"5514",-8767.795
"5515",-8921.47
"5516",-8877.233
"5517",-8705.178
"5518",-8823.794
"5519",-9222.049
"5520",-8844.538
"5521",-8722.41
"5522",-8939.468
"5523",-8740.818
"5524",-8875.54
"5525",-8816.325
"5526",-9143.248
"5527",-9157.666
"5528",-9104.803
"5529",-9072.782
"5530",-9092.68
"5531",-8869.737
"5532",-9052.612
"5533",-9028.248
"5534",-8955.672
"5535",-8967.851
"5536",-8909.063
"5537",-9017.665
"5538",-8678.301
"5539",-8852.556
"5540",-9101.967
"5541",-8943.57
"5542",-8543.914
"5543",-8963.89
"5544",-8922.133
"5545",-9083.635
"5546",-8776.569
"5547",-9028.637
"5548",-8987.611
"5549",-8646.951
"5550",-8887.764
"5551",-8860.557
"5552",-8799.932
"5553",-8897.679
"5554",-9131.736
"5555",-8689.802
"5556",-8785.426
"5557",-9224.615
"5558",-9214.058
"5559",-8917.206
"5560",-9025.566
"5561",-9061.776
"5562",-8886.193
"5563",-8664.314
"5564",-8996.528
"5565",-8817.274
"5566",-8787.98
"5567",-8709.977
"5568",-9038.613
"5569",-8902.698
"5570",-8617.66
"5571",-8874.032
"5572",-8960.988
"5573",-8811.757
"5574",-8884.911
"5575",-9008.327
"5576",-8683.927
"5577",-8813.71
"5578",-8979.828
"5579",-8748.856
"5580",-8886.216
"5581",-8996.693
"5582",-8720.122
"5583",-8912.991
"5584",-9084.288
"5585",-8850.482
"5586",-8781.976
"5587",-9080.308
"5588",-8715.605
"5589",-8556.085
"5590",-8747.108
"5591",-8912.145
"5592",-9154.573
"5593",-9012.91
"5594",-8945.059
"5595",-8850.07
"5596",-9160.192
"5597",-8828.782
"5598",-8804.736
"5599",-9037.271
"5600",-8555.837
"5601",-8858.287
"5602",-8971.134
"5603",-8897.002
"5604",-8886.125
"5605",-9054.29
"5606",-8945.163
"5607",-9130.443
"5608",-8815.108
"5609",-8913.652
"5610",-8953.182
"5611",-8954.242
"5612",-8765.717
"5613",-8939.124
"5614",-8840.775
"5615",-9043.699
"5616",-8786.927
"5617",-8842.361
"5618",-9024.902
"5619",-8792.679
"5620",-8871.944
"5621",-8738.748
"5622",-8953.889
"5623",-9015.096
"5624",-8708.286
"5625",-8731.707
"5626",-8703.5
"5627",-8795.238
"5628",-8994.896
"5629",-9227.607
"5630",-8925.717
"5631",-9046.392
"5632",-8821.049
"5633",-9120.392
"5634",-9073.338
"5635",-8950.772
"5636",-8638.463
"5637",-9006.488
"5638",-8679.757
"5639",-8659.252
"5640",-8768.753
"5641",-8873.766
"5642",-8609.283
"5643",-9137.764
"5644",-9109.795
"5645",-8857.535
"5646",-8799.48
"5647",-9044.943
"5648",-8715.823
"5649",-8728.6
"5650",-8947.761
"5651",-8855.847
"5652",-8901.906
"5653",-9158.079
"5654",-8697.207
"5655",-8793.723
"5656",-8838.558
"5657",-9009.435
"5658",-8892.318
"5659",-8934.398
"5660",-9015.217
"5661",-9151.311
"5662",-9049.104
"5663",-8993.096
"5664",-8655.388
"5665",-9022.491
"5666",-8959.224
"5667",-8689.7
"5668",-8876.485
"5669",-8984.655
"5670",-8940.991
"5671",-8999.415
"5672",-8717.44
"5673",-8826.951
"5674",-8947.092
"5675",-8971.73
"5676",-8908.453
"5677",-8981.635
"5678",-8847.989
"5679",-9087.011
"5680",-9233.448
"5681",-8825.298
"5682",-8881.935
"5683",-9043.544
"5684",-8688.777
"5685",-8906.012
"5686",-8895.398
"5687",-8836.152
"5688",-8993.043
"5689",-8803.842
"5690",-9090.219
"5691",-8948.129
"5692",-8766.12
"5693",-8911.674
"5694",-8946.657
"5695",-8851.488
"5696",-9367.197
"5697",-8830.798
"5698",-8944.397
"5699",-8882.745
"5700",-9120.155
"5701",-8683.642
"5702",-8866.078
"5703",-8879.896
"5704",-8846.948
"5705",-9027.292
"5706",-8960.576
"5707",-8738.65
"5708",-8917.462
"5709",-8961.479
"5710",-9118.726
"5711",-9261.954
"5712",-8914.011
"5713",-8935.03
"5714",-8897.136
"5715",-8709.037
"5716",-8822.904
"5717",-8847.717
"5718",-8823.632
"5719",-8847.817
"5720",-8912.412
"5721",-8914.206
"5722",-8976.52
"5723",-9044.893
"5724",-8737.873
"5725",-8827.499
"5726",-8869.003
"5727",-8970.287
"5728",-8834.526
"5729",-8819.644
"5730",-8873.29
"5731",-8610.863
"5732",-8612.271
"5733",-9004.395
"5734",-9074.048
"5735",-8912.366
"5736",-8845.739
"5737",-8846.237
"5738",-8740.613
"5739",-9000.599
"5740",-8833.531
"5741",-8730.43
"5742",-8870.516
"5743",-8851.208
"5744",-8989.854
"5745",-9033.949
"5746",-8818.393
"5747",-9261.236
"5748",-8857.136
"5749",-8746.609
"5750",-8984.969
"5751",-8883.05
"5752",-8918.658
"5753",-8720.239
"5754",-8949.383
"5755",-8812.672
"5756",-9073.708
"5757",-9002.563
"5758",-8760.304
"5759",-8958.623
"5760",-8976.023
"5761",-8990.488
"5762",-8868.858
"5763",-8893.856
"5764",-9279.958
"5765",-9220.843
"5766",-8996.115
"5767",-8848.046
"5768",-9110.87
"5769",-8870.348
"5770",-8918.069
"5771",-8510.886
"5772",-8890.082
"5773",-8858.362
"5774",-8889.013
"5775",-8857.917
"5776",-9008.952
"5777",-9279.68
"5778",-8543.889
"5779",-8797.239
"5780",-8821.323
"5781",-9028.129
"5782",-9053.185
"5783",-8856.952
"5784",-8896.786
"5785",-8865.42
"5786",-8713.296
"5787",-9012.856
"5788",-8809.163
"5789",-8723.241
"5790",-9141.477
"5791",-8961.189
"5792",-8859.032
"5793",-8917.935
"5794",-8809.726
"5795",-8723.41
"5796",-8926.137
"5797",-9120.235
"5798",-8937.223
"5799",-9029.002
"5800",-8760.116
"5801",-8806.053
"5802",-8754.807
"5803",-8972.819
"5804",-8884.173
"5805",-8743.391
"5806",-8688.464
"5807",-8705.166
"5808",-9068.523
"5809",-8771.023
"5810",-8959.339
"5811",-8986.743
"5812",-8917.567
"5813",-9009.656
"5814",-8543.944
"5815",-8827.409
"5816",-8922.688
"5817",-8653.774
"5818",-8621.957
"5819",-9039.4
"5820",-8945.703
"5821",-8760.18
"5822",-8897.278
"5823",-8832.091
"5824",-8891.93
"5825",-9253.051
"5826",-8834.937
"5827",-8824.731
"5828",-8804.151
"5829",-8617.784
"5830",-8887.673
"5831",-9016.533
"5832",-9057.337
"5833",-9164.654
"5834",-8898.635
"5835",-8818.137
"5836",-8973.818
"5837",-9083.2
"5838",-8957.199
"5839",-9082.374
"5840",-8998.535
"5841",-8784.473
"5842",-9029.8
"5843",-8922.638
"5844",-8885.2
"5845",-8824.486
"5846",-8659.202
"5847",-9071.375
"5848",-8819.352
"5849",-8845.862
"5850",-8839.065
"5851",-9276.962
"5852",-9145.181
"5853",-9008.967
"5854",-8797.928
"5855",-9001.026
"5856",-8814.514
"5857",-9077.337
"5858",-8848.211
"5859",-8952.597
"5860",-9092.839
"5861",-8906.787
"5862",-8775.494
"5863",-8635.832
"5864",-9076.043
"5865",-8969.665
"5866",-9005.958
"5867",-9016.477
"5868",-8930.951
"5869",-8947.723
"5870",-9095.119
"5871",-8982.516
"5872",-8840.197
"5873",-9090.486
"5874",-9073.673
"5875",-8839.078
"5876",-8849.369
"5877",-8898.833
"5878",-8966.245
"5879",-8860.817
"5880",-8774.926
"5881",-8997.129
"5882",-9047.764
"5883",-8802.895
"5884",-8911.057
"5885",-9267.915
"5886",-8972.903
"5887",-8927.046
"5888",-9121.518
"5889",-9185.246
"5890",-8907.868
"5891",-8857.781
"5892",-8836.513
"5893",-8981.415
"5894",-8977.967
"5895",-8959.423
"5896",-8725.614
"5897",-8820.643
"5898",-8965.479
"5899",-8974.115
"5900",-8861.922
"5901",-8898.982
"5902",-8871.498
"5903",-8965.906
"5904",-8982.897
"5905",-8708.71
"5906",-8901.622
"5907",-9109.838
"5908",-9126.908
"5909",-9075.171
"5910",-8703.294
"5911",-8868.958
"5912",-8781.064
"5913",-9059.038
"5914",-8982.016
"5915",-8797.307
"5916",-9029.255
"5917",-9258.463
"5918",-8996.379
"5919",-8989.1
"5920",-8877.212
"5921",-8849.941
"5922",-8791.525
"5923",-8989.35
"5924",-8907.443
"5925",-8932.024
"5926",-9123.305
"5927",-8867.962
"5928",-8937.805
"5929",-8975.473
"5930",-8892.912
"5931",-9009.725
"5932",-8975.191
"5933",-9171.785
"5934",-8881.007
"5935",-9025.546
"5936",-9004.841
"5937",-9076.589
"5938",-8986.68
"5939",-8920.89
"5940",-8887.599
"5941",-8952.079
"5942",-8883.202
"5943",-8992.743
"5944",-8953.515
"5945",-8997.744
"5946",-8969.102
"5947",-8819.951
"5948",-8931.003
"5949",-8813.932
"5950",-8945.787
"5951",-8885.675
"5952",-8787.967
"5953",-9029.236
"5954",-9053.114
"5955",-8999.399
"5956",-8973.594
"5957",-8746.725
"5958",-8786.647
"5959",-9008.533
"5960",-8886.284
"5961",-8973.462
"5962",-8840.316
"5963",-8619.613
"5964",-8924.483
"5965",-8785.355
"5966",-8942.761
"5967",-9045.69
"5968",-9088.47
"5969",-8704.144
"5970",-8656.714
"5971",-8840.25
"5972",-9041.044
"5973",-8804.829
"5974",-8836.309
"5975",-8795.974
"5976",-9080.756
"5977",-8836.666
"5978",-9064.709
"5979",-9130.317
"5980",-8841.109
"5981",-9073.249
"5982",-8770.762
"5983",-8762.284
"5984",-8868.834
"5985",-8898.26
"5986",-8862.173
"5987",-8617.719
"5988",-8690.99
"5989",-8843.695
"5990",-8917.985
"5991",-8764.638
"5992",-8976.873
"5993",-8844.889
"5994",-8897.755
"5995",-8923.302
"5996",-8697.478
"5997",-9025.764
"5998",-8751.537
"5999",-8876.311
"6000",-8804.479
"6001",-8885.056
"6002",-9065.642
"6003",-9037.295
"6004",-8969.818
"6005",-8993.482
"6006",-8990.019
"6007",-8801.875
"6008",-8817.273
"6009",-8620.031
"6010",-8943.391
"6011",-9018.051
"6012",-9028.645
"6013",-8855.683
"6014",-8785.134
"6015",-8926.145
"6016",-8785.645
"6017",-8925.521
"6018",-9073.021
"6019",-9004.166
"6020",-8831.309
"6021",-8895.323
"6022",-8979.005
"6023",-8692.361
"6024",-8825.146
"6025",-8788.153
"6026",-9001.049
"6027",-8968.53
"6028",-8995.801
"6029",-8812.57
"6030",-9000.421
"6031",-8888.728
"6032",-8869.757
"6033",-8974.68
"6034",-9127.096
"6035",-8670.08
"6036",-8843.516
"6037",-9076.909
"6038",-8893.508
"6039",-8997.469
"6040",-9058.468
"6041",-8959.91
"6042",-8922.641
"6043",-8740.823
"6044",-9058.449
"6045",-9076.469
"6046",-8773.679
"6047",-8774.095
"6048",-9144.195
"6049",-8791.623
"6050",-8889.543
"6051",-8833.044
"6052",-9094.876
"6053",-9218.847
"6054",-8793.583
"6055",-8776.061
"6056",-8942.214
"6057",-9133.362
"6058",-8883.791
"6059",-8766.455
"6060",-8625.327
"6061",-8812.373
"6062",-8730.26
"6063",-9013.636
"6064",-8712.496
"6065",-8911.78
"6066",-9080.862
"6067",-8919.179
"6068",-8895.653
"6069",-9104.675
"6070",-8951.049
"6071",-8907.582
"6072",-8891.249
"6073",-8860.147
"6074",-8752.721
"6075",-9008.808
"6076",-8902.723
"6077",-9111.629
"6078",-8840.739
"6079",-9134.885
"6080",-9017.491
"6081",-8904.859
"6082",-8902.888
"6083",-8844.235
"6084",-8863.579
"6085",-8825.259
"6086",-8967.835
"6087",-9074.687
"6088",-8863.555
"6089",-8930.294
"6090",-8973.422
"6091",-9220.588
"6092",-8841.723
"6093",-8847.624
"6094",-8853.873
"6095",-8668.491
"6096",-8945.173
"6097",-9088.929
"6098",-8796.536
"6099",-9220.293
"6100",-8946.134
"6101",-9070.429
"6102",-9001.191
"6103",-8931.14
"6104",-9026.325
"6105",-9011.814
"6106",-8906.967
"6107",-9076.84
"6108",-8719.228
"6109",-9129.794
"6110",-9010.792
"6111",-8922.774
"6112",-9150.03
"6113",-8781.565
"6114",-8808.822
"6115",-9176.659
"6116",-8882.894
"6117",-8727.553
"6118",-9204.813
"6119",-8947.109
"6120",-8926.352
"6121",-9030.778
"6122",-8891.142
"6123",-8884.519
"6124",-8733.128
"6125",-8944.867
"6126",-9127.575
"6127",-8838.952
"6128",-9098.272
"6129",-8982.319
"6130",-8981.563
"6131",-9082.863
"6132",-8915.452
"6133",-9127.716
"6134",-9112.771
"6135",-9218.633
"6136",-8815.226
"6137",-8681.418
"6138",-8789.818
"6139",-8800.783
"6140",-8730.442
"6141",-9044.692
"6142",-8768.269
"6143",-8858.541
"6144",-8914.435
"6145",-8971.406
"6146",-9160.946
"6147",-9056.838
"6148",-8935.754
"6149",-8832.41
"6150",-8742.34
"6151",-9016.327
"6152",-9223.048
"6153",-9014.256
"6154",-8904.371
"6155",-8952.745
"6156",-8941.817
"6157",-9049.351
"6158",-8980.963
"6159",-9086.73
"6160",-8694.993
"6161",-8821.212
"6162",-8882.01
"6163",-9017.875
"6164",-8870.458
"6165",-8767.881
"6166",-8811.313
"6167",-8802.939
"6168",-9056.912
"6169",-9039.419
"6170",-8936.15
"6171",-8838.953
"6172",-8862.598
"6173",-9093.041
"6174",-8923.99
"6175",-8667.615
"6176",-8820.704
"6177",-8839.683
"6178",-9048.164
"6179",-8893.79
"6180",-8962.133
"6181",-8848.582
"6182",-8946.894
"6183",-8744.091
"6184",-9016.069
"6185",-8640.762
"6186",-9108.931
"6187",-8684.744
"6188",-8934.159
"6189",-8694.739
"6190",-8874.707
"6191",-8656.255
"6192",-8978.608
"6193",-8821.858
"6194",-8918.749
"6195",-8871.087
"6196",-8793.234
"6197",-9167.126
"6198",-8909.766
"6199",-8916.401
"6200",-8830.354
"6201",-8936.465
"6202",-9159.942
"6203",-9011.481
"6204",-9144.712
"6205",-8945.8
"6206",-9057.571
"6207",-9120.579
"6208",-9007.23
"6209",-8687.752
"6210",-8785.433
"6211",-8765.842
"6212",-8973.711
"6213",-9032.88
"6214",-8883.508
"6215",-8677.2
"6216",-8883.24
"6217",-8679.559
"6218",-8847.359
"6219",-8678.915
"6220",-8996.196
"6221",-8728.264
"6222",-9006.793
"6223",-9008.833
"6224",-9227.042
"6225",-9045.424
"6226",-8717.365
"6227",-9015.678
"6228",-8862.206
"6229",-8801.717
"6230",-8872.967
"6231",-8874.346
"6232",-9135.759
"6233",-8952.257
"6234",-8928.699
"6235",-8714.037
"6236",-8900.848
"6237",-8871.922
"6238",-8956.274
"6239",-8939.789
"6240",-8835.565
"6241",-8740.819
"6242",-8728.895
"6243",-8803.264
"6244",-9069.185
"6245",-8754.297
"6246",-8654.59
"6247",-9042.116
"6248",-8970.711
"6249",-8993.44
"6250",-8989.787
"6251",-8733.994
"6252",-8978.486
"6253",-8863.808
"6254",-8820.525
"6255",-8975.42
"6256",-8791.179
"6257",-9068.884
"6258",-8902.762
"6259",-8927.627
"6260",-8773.201
"6261",-8765.089
"6262",-8951.873
"6263",-9000.681
"6264",-8849.65
"6265",-8809.711
"6266",-8733.89
"6267",-8772.989
"6268",-8882.373
"6269",-8946.981
"6270",-9040.343
"6271",-8603.885
"6272",-9099.262
"6273",-9031.959
"6274",-8900.485
"6275",-8927.882
"6276",-8909.974
"6277",-8816.21
"6278",-9048.67
"6279",-9219.258
"6280",-8706.478
"6281",-8837.268
"6282",-8913.223
"6283",-8774.137
"6284",-8781.552
"6285",-9160.96
"6286",-8909.821
"6287",-9016.911
"6288",-9061.917
"6289",-8582.407
"6290",-8725.874
"6291",-9099.357
"6292",-8872.216
"6293",-8763.548
"6294",-8869.001
"6295",-9081.841
"6296",-8768.303
"6297",-9184.425
"6298",-9121.832
"6299",-8731.03
"6300",-8767.334
"6301",-8674.649
"6302",-8727.255
"6303",-8881.901
"6304",-8593.559
"6305",-8863.751
"6306",-8974.169
"6307",-8985.544
"6308",-8980.33
"6309",-9067.909
"6310",-8879.112
"6311",-8588.507
"6312",-9145.399
"6313",-8523.242
"6314",-8878.5
"6315",-8915.353
"6316",-9015.483
"6317",-9137.359
"6318",-8883.803
"6319",-9248.603
"6320",-8764.591
"6321",-9003.203
"6322",-8997.282
"6323",-8835.999
"6324",-9166.045
"6325",-8927.145
"6326",-8802.022
"6327",-8685.259
"6328",-8997.487
"6329",-8845.456
"6330",-8727.997
"6331",-8859.09
"6332",-8808.638
"6333",-8819.556
"6334",-9130.987
"6335",-9049.861
"6336",-9017.683
"6337",-8725.414
"6338",-8914.744
"6339",-8833.262
"6340",-9035.432
"6341",-9002.596
"6342",-8766.716
"6343",-9064.837
"6344",-8781.329
"6345",-8972.043
"6346",-8977.072
"6347",-9160.028
"6348",-9011.55
"6349",-8719.942
"6350",-8925.993
"6351",-8909.831
"6352",-8888.28
"6353",-9062.614
"6354",-9249.874
"6355",-8935.365
"6356",-8766.039
"6357",-8851.931
"6358",-9114.226
"6359",-8889.366
"6360",-8825.118
"6361",-8633.405
"6362",-8882.887
"6363",-8750.217
"6364",-8729.465
"6365",-9008.702
"6366",-8832.959
"6367",-8939.23
"6368",-8938.66
"6369",-9082.734
"6370",-8831.44
"6371",-9002.852
"6372",-8780.28
"6373",-8713.878
"6374",-8938.424
"6375",-8688.96
"6376",-8989.249
"6377",-9001.604
"6378",-8947.646
"6379",-8615.193
"6380",-8749.747
"6381",-8738.228
"6382",-8862.735
"6383",-8962.155
"6384",-8985.665
"6385",-9203.959
"6386",-8691.687
"6387",-8836.844
"6388",-8738.196
"6389",-8901.785
"6390",-9026.859
"6391",-8906.677
"6392",-8993.41
"6393",-8836.864
"6394",-8789.257
"6395",-8854.547
"6396",-8915.131
"6397",-8561.192
"6398",-8957.811
"6399",-8922.581
"6400",-8857.905
"6401",-9057.388
"6402",-9128.565
"6403",-8955.763
"6404",-8819.365
"6405",-8956.814
"6406",-9167.605
"6407",-8881.592
"6408",-9070.521
"6409",-8821.682
"6410",-8793.108
"6411",-9109.662
"6412",-9004.011
"6413",-8802.086
"6414",-8790.725
"6415",-8865.551
"6416",-8930.731
"6417",-8859.941
"6418",-9119.226
"6419",-8719.197
"6420",-9119.258
"6421",-9089.809
"6422",-8920.536
"6423",-8553.946
"6424",-8857.425
"6425",-9001.657
"6426",-9044.717
"6427",-8908.668
"6428",-8933.421
"6429",-9165.827
"6430",-9071.783
"6431",-8943.774
"6432",-8793.97
"6433",-8908.038
"6434",-9401.74
"6435",-8945.33
"6436",-8901.807
"6437",-8803.397
"6438",-9056.043
"6439",-9056.598
"6440",-8840.085
"6441",-8891.552
"6442",-8966.093
"6443",-9112.212
"6444",-8979.146
"6445",-8844.185
"6446",-8923.434
"6447",-8684.059
"6448",-8830.713
"6449",-8973.683
"6450",-8990.928
"6451",-9163.637
"6452",-8947.744
"6453",-9154.208
"6454",-8921.758
"6455",-8915.126
"6456",-9050.377
"6457",-8891.247
"6458",-8915.189
"6459",-8993.611
"6460",-8957.159
"6461",-8981.588
"6462",-8967.854
"6463",-8784.383
"6464",-9034.484
"6465",-8894.353
"6466",-8913.104
"6467",-9017.9
"6468",-8773.899
"6469",-8894.571
"6470",-9109.057
"6471",-9222.366
"6472",-9019.409
"6473",-8799.192
"6474",-8629.73
"6475",-8910.492
"6476",-9009.826
"6477",-8641.641
"6478",-9176.264
"6479",-8890.159
"6480",-9022.076
"6481",-8969.626
"6482",-9004.388
"6483",-9006.455
"6484",-8760
"6485",-8987.372
"6486",-8887.449
"6487",-9043.225
"6488",-8986.097
"6489",-9039.765
"6490",-8787.186
"6491",-8914.694
"6492",-9128.251
"6493",-9125.5
"6494",-9120.833
"6495",-9065.119
"6496",-9038.673
"6497",-8750.2
"6498",-8965.543
"6499",-8863.855
"6500",-9149.568
"6501",-9023.69
"6502",-8828.784
"6503",-9169.368
"6504",-8920.493
"6505",-8707.272
"6506",-8664.536
"6507",-8972.648
"6508",-8761.663
"6509",-9026.001
"6510",-8860.814
"6511",-8823.553
"6512",-8760.852
"6513",-8876.972
"6514",-8921.878
"6515",-8831.526
"6516",-8964.169
"6517",-8915.855
"6518",-8776.86
"6519",-8844.604
"6520",-8714.394
"6521",-8895.501
"6522",-8995.406
"6523",-8944.857
"6524",-8961.853
"6525",-8780.645
"6526",-8836.221
"6527",-9160.809
"6528",-8951.244
"6529",-8650.272
"6530",-9115.648
"6531",-8909.957
"6532",-8999.482
"6533",-8823.781
"6534",-9239.201
"6535",-8954.807
"6536",-8864.513
"6537",-8901.129
"6538",-8983.383
"6539",-8876.747
"6540",-8846.43
"6541",-9122.698
"6542",-8893.458
"6543",-8753.884
"6544",-9006.253
"6545",-8690.784
"6546",-8796.926
"6547",-8657.887
"6548",-8780.732
"6549",-9069.106
"6550",-8909.178
"6551",-8869.415
"6552",-9136.232
"6553",-9203.579
"6554",-8957.154
"6555",-9195.227
"6556",-8759.984
"6557",-8798.769
"6558",-8983.352
"6559",-8657.008
"6560",-8775.02
"6561",-8931.89
"6562",-9040.311
"6563",-8928.094
"6564",-8670.33
"6565",-8811.522
"6566",-8956.79
"6567",-8832.99
"6568",-8795.758
"6569",-8792.24
"6570",-8943.372
"6571",-8944.149
"6572",-9042.589
"6573",-9080.786
"6574",-8880.544
"6575",-8652.32
"6576",-9036.117
"6577",-8968.442
"6578",-9078.22
"6579",-9014.588
"6580",-8995.296
"6581",-8852.779
"6582",-8994.375
"6583",-8970.075
"6584",-8783.699
"6585",-8958.902
"6586",-8836.894
"6587",-8818.902
"6588",-9077.481
"6589",-8820.362
"6590",-8979.091
"6591",-8913.976
"6592",-9054.392
"6593",-8936.69
"6594",-8788.535
"6595",-9058.635
"6596",-9109.634
"6597",-8975.85
"6598",-8684.066
"6599",-8876.426
"6600",-8850.953
"6601",-8937.191
"6602",-9179.405
"6603",-9005.814
"6604",-8696.03
"6605",-9258.583
"6606",-9174.077
"6607",-9014.262
"6608",-8707.533
"6609",-9279.494
"6610",-8900.216
"6611",-8736.95
"6612",-8949.618
"6613",-8889.936
"6614",-8881.615
"6615",-8962.345
"6616",-8967.598
"6617",-8631.385
"6618",-9049.95
"6619",-8796.376
"6620",-9172.661
"6621",-8948.761
"6622",-8636.881
"6623",-8845.889
"6624",-8940.634
"6625",-8892.261
"6626",-9111.928
"6627",-9034.081
"6628",-8890.528
"6629",-8899.819
"6630",-8878.001
"6631",-8846.319
"6632",-8866.572
"6633",-9079.962
"6634",-8841.813
"6635",-8765.216
"6636",-8944.873
"6637",-9176.694
"6638",-8767.317
"6639",-8806.759
"6640",-8965.691
"6641",-9107.548
"6642",-8840.63
"6643",-8637.101
"6644",-8918.462
"6645",-8940.009
"6646",-8905.233
"6647",-8814.601
"6648",-8871.731
"6649",-8917.769
"6650",-8922.96
"6651",-8831.79
"6652",-8632.675
"6653",-8742.006
"6654",-8920.758
"6655",-8989.307
"6656",-8775.903
"6657",-8829.822
"6658",-8874.353
"6659",-8845.684
"6660",-9080.263
"6661",-8932.624
"6662",-8840.786
"6663",-8974.367
"6664",-8611.087
"6665",-8662.969
"6666",-9212.078
"6667",-9031.589
"6668",-9067.154
"6669",-8871.703
"6670",-9109.145
"6671",-8826.532
"6672",-8978.211
"6673",-8864.719
"6674",-8861.26
"6675",-8993.117
"6676",-8688.657
"6677",-8950.592
"6678",-8997.856
"6679",-8708.324
"6680",-8981.989
"6681",-8853.101
"6682",-8913.208
"6683",-8985.843
"6684",-8919.797
"6685",-9071.296
"6686",-8568.458
"6687",-8896.005
"6688",-8697.688
"6689",-8895.371
"6690",-9006.814
"6691",-9097.895
"6692",-8865.126
"6693",-8743.81
"6694",-8948.032
"6695",-9098.225
"6696",-8889.874
"6697",-8857.339
"6698",-8818.636
"6699",-8990.352
"6700",-8978.36
"6701",-8722.225
"6702",-8868.261
"6703",-8986.206
"6704",-9063.998
"6705",-9040.5
"6706",-8896.801
"6707",-8867.709
"6708",-8763.07
"6709",-8645.151
"6710",-9034.307
"6711",-8718.423
"6712",-8678.288
"6713",-8609.342
"6714",-8868.474
"6715",-9022.557
"6716",-9046.599
"6717",-8737.257
"6718",-8953.398
"6719",-9109.567
"6720",-8924.714
"6721",-9093.416
"6722",-8653.461
"6723",-9191.161
"6724",-8747.289
"6725",-8932.188
"6726",-9241.886
"6727",-8867.307
"6728",-9143.094
"6729",-8879.829
"6730",-8808.533
"6731",-9043.943
"6732",-8697.324
"6733",-8993.38
"6734",-8934.77
"6735",-9050.584
"6736",-8896.034
"6737",-9170.222
"6738",-8917.268
"6739",-8724.198
"6740",-9186.343
"6741",-8903.796
"6742",-8774.316
"6743",-8876.705
"6744",-9015.867
"6745",-8736.406
"6746",-8774.901
"6747",-8846.632
"6748",-8957.723
"6749",-8871.433
"6750",-8910.534
"6751",-8697.813
"6752",-9229.446
"6753",-8681.665
"6754",-9096.369
"6755",-8923.305
"6756",-9003.626
"6757",-9212.459
"6758",-8932.931
"6759",-8836.709
"6760",-8932.926
"6761",-8867.734
"6762",-8834.38
"6763",-9308.894
"6764",-9181.785
"6765",-8803.447
"6766",-8880.633
"6767",-9042.231
"6768",-8482.314
"6769",-8890.296
"6770",-8722.618
"6771",-8932.564
"6772",-8895.685
"6773",-9068.14
"6774",-9140.177
"6775",-8707.517
"6776",-8811.936
"6777",-8908.447
"6778",-9209.207
"6779",-8936.308
"6780",-8984.486
"6781",-9008.324
"6782",-8923.525
"6783",-8835.474
"6784",-9197.458
"6785",-8802.361
"6786",-8778.064
"6787",-8825.185
"6788",-9136.177
"6789",-9154.398
"6790",-8779.747
"6791",-9030.072
"6792",-8517.825
"6793",-8873.678
"6794",-8997.91
"6795",-8658.159
"6796",-8815.026
"6797",-8801.242
"6798",-8862.072
"6799",-8678.777
"6800",-9000.354
"6801",-8904.884
"6802",-9008.395
"6803",-8974.002
"6804",-9055.781
"6805",-8886.813
"6806",-9047.298
"6807",-8940.067
"6808",-8865.244
"6809",-9179.219
"6810",-9001.388
"6811",-8726.061
"6812",-8874.508
"6813",-8898.515
"6814",-8847.421
"6815",-9024.076
"6816",-8847.02
"6817",-8613.289
"6818",-9088.91
"6819",-9014.345
"6820",-9013.888
"6821",-8775.704
"6822",-9016.15
"6823",-9143.934
"6824",-8807.018
"6825",-8788.65
"6826",-8812.883
"6827",-8846.69
"6828",-8984.254
"6829",-8960.847
"6830",-8765.601
"6831",-8821.776
"6832",-8785.543
"6833",-8898.164
"6834",-8780.172
"6835",-8808.752
"6836",-8861.153
"6837",-9042.924
"6838",-8844.722
"6839",-8830.819
"6840",-8955.799
"6841",-9051.048
"6842",-8670.44
"6843",-8818.948
"6844",-8926.538
"6845",-8688.447
"6846",-9129.66
"6847",-8870.685
"6848",-8887.392
"6849",-8926.137
"6850",-8882.771
"6851",-9062.709
"6852",-8958.812
"6853",-8871.695
"6854",-8658.65
"6855",-8936.441
"6856",-9129.63
"6857",-8558.363
"6858",-8843.907
"6859",-9007.238
"6860",-8591.036
"6861",-9113.191
"6862",-8945.397
"6863",-8998.196
"6864",-8651.925
"6865",-9023.415
"6866",-8901.122
"6867",-8974.599
"6868",-8916.88
"6869",-9048.244
"6870",-9107.933
"6871",-9008.599
"6872",-9172.885
"6873",-8693.256
"6874",-8934.363
"6875",-8903.192
"6876",-8938.712
"6877",-8906.541
"6878",-8988.567
"6879",-8814.894
"6880",-8974.413
"6881",-8686.305
"6882",-9070.771
"6883",-8927.48
"6884",-9045.693
"6885",-8936.792
"6886",-8762.566
"6887",-8748.374
"6888",-8642.26
"6889",-8950.304
"6890",-8849.077
"6891",-8875.465
"6892",-8894.73
"6893",-8544.405
"6894",-9017.371
"6895",-8669.606
"6896",-8907.791
"6897",-8755.935
"6898",-9011.893
"6899",-8926.23
"6900",-8659.382
"6901",-8803.587
"6902",-8901.709
"6903",-8845.394
"6904",-9066.581
"6905",-8850.047
"6906",-8740.022
"6907",-9214.713
"6908",-8844.41
"6909",-8840.676
"6910",-8706.906
"6911",-8919.612
"6912",-9051.705
"6913",-8750.531
"6914",-8828.095
"6915",-8950.655
"6916",-8968.848
"6917",-9012.449
"6918",-9052.734
"6919",-9323.211
"6920",-9002.238
"6921",-8978.482
"6922",-8788.632
"6923",-8884.789
"6924",-8829.493
"6925",-8988.235
"6926",-8921.312
"6927",-8902.461
"6928",-8872.891
"6929",-8669.61
"6930",-8684.547
"6931",-8944.289
"6932",-9063.601
"6933",-8891.969
"6934",-9024.572
"6935",-8966.06
"6936",-8926.862
"6937",-9268.236
"6938",-8982.357
"6939",-8884.021
"6940",-8728.966
"6941",-9084.921
"6942",-8875.181
"6943",-9118.765
"6944",-8898.338
"6945",-8746.49
"6946",-8903.214
"6947",-9043.27
"6948",-9259.706
"6949",-8959.404
"6950",-8786.259
"6951",-9117.911
"6952",-9027.853
"6953",-8887.579
"6954",-9201.12
"6955",-9157.861
"6956",-9000.469
"6957",-8947.563
"6958",-8776.135
"6959",-9112.493
"6960",-8991.008
"6961",-8896.246
"6962",-8956.254
"6963",-8751.191
"6964",-8813.726
"6965",-8780.436
"6966",-9067.357
"6967",-8955.962
"6968",-9013.597
"6969",-8970.584
"6970",-9056.894
"6971",-8974.504
"6972",-8943.191
"6973",-8721.514
"6974",-8897.101
"6975",-8955.444
"6976",-8894.08
"6977",-8718.676
"6978",-8760.544
"6979",-8886.809
"6980",-9085.139
"6981",-8876.678
"6982",-8574.841
"6983",-9167.758
"6984",-8773.451
"6985",-9064.154
"6986",-8892.388
"6987",-9082.39
"6988",-8979.367
"6989",-9139.391
"6990",-8935.066
"6991",-8837.565
"6992",-8833.521
"6993",-8909.882
"6994",-9067.926
"6995",-8855.746
"6996",-8695.858
"6997",-9081.47
"6998",-9043.709
"6999",-8898.992
"7000",-8897
"7001",-8880.713
"7002",-8977.012
"7003",-9008.32
"7004",-8817.746
"7005",-8997.426
"7006",-9185.367
"7007",-8969.709
"7008",-8917.07
"7009",-8774.679
"7010",-9121.209
"7011",-8772.164
"7012",-9011.709
"7013",-9075.39
"7014",-8891.107
"7015",-8841.483
"7016",-8947.082
"7017",-8834.864
"7018",-9015.296
"7019",-8952.036
"7020",-8681.693
"7021",-8647.883
"7022",-8779.052
"7023",-9029.401
"7024",-8957.679
"7025",-8853.413
"7026",-8902.357
"7027",-9088.841
"7028",-8982
"7029",-8947.678
"7030",-9105.793
"7031",-8904.517
"7032",-8649.809
"7033",-8888.414
"7034",-9028.249
"7035",-8978.377
"7036",-8757.786
"7037",-8938.661
"7038",-8966.129
"7039",-9060.592
"7040",-8658.361
"7041",-8848.155
"7042",-9048.622
"7043",-8803.046
"7044",-8991.029
"7045",-8865.544
"7046",-8928.701
"7047",-8766.948
"7048",-9119.034
"7049",-8814.945
"7050",-8958.462
"7051",-9195.3
"7052",-8892.35
"7053",-8995.029
"7054",-8933.516
"7055",-8836.761
"7056",-8832.444
"7057",-8711.257
"7058",-8809.823
"7059",-9009.712
"7060",-9097.987
"7061",-9072.722
"7062",-9081.838
"7063",-8735.457
"7064",-8732.583
"7065",-8891.677
"7066",-8642.003
"7067",-8846.45
"7068",-8840.602
"7069",-8885.899
"7070",-8894.595
"7071",-8564.215
"7072",-8925.958
"7073",-9006.764
"7074",-8883.894
"7075",-8865.589
"7076",-8973.784
"7077",-8766.357
"7078",-8994.509
"7079",-8911.984
"7080",-8907.239
"7081",-8884.312
"7082",-9147.653
"7083",-8837.3
"7084",-9055.638
"7085",-8964.272
"7086",-9322.108
"7087",-8970.662
"7088",-8849.566
"7089",-9120.071
"7090",-9243.246
"7091",-8999.381
"7092",-8856.523
"7093",-9018.98
"7094",-9041.76
"7095",-8833.882
"7096",-8765.493
"7097",-8784.391
"7098",-9108.727
"7099",-8942.059
"7100",-8912.084
"7101",-8733.088
"7102",-9029.942
"7103",-8697.273
"7104",-9113.371
"7105",-8938.659
"7106",-8896.352
"7107",-9103.541
"7108",-8823.905
"7109",-9008.124
"7110",-8814.848
"7111",-8967.312
"7112",-9048.708
"7113",-8813.49
"7114",-8767.193
"7115",-8772.201
"7116",-9091.902
"7117",-8789.866
"7118",-8870.613
"7119",-8795.527
"7120",-8737.601
"7121",-8620.694
"7122",-8902.873
"7123",-9275.671
"7124",-8953.225
"7125",-8965.955
"7126",-8834.481
"7127",-8842.687
"7128",-8761.899
"7129",-9012.483
"7130",-9074.464
"7131",-8982.934
"7132",-8991.384
"7133",-9035.786
"7134",-9037.285
"7135",-9254.311
"7136",-8988.148
"7137",-8793.468
"7138",-9101.789
"7139",-9119.915
"7140",-8771.446
"7141",-9075.579
"7142",-8823.083
"7143",-8825.589
"7144",-8756.99
"7145",-8906.531
"7146",-8788.385
"7147",-8989.401
"7148",-8894.259
"7149",-9068.428
"7150",-8980.031
"7151",-8913.799
"7152",-8983.727
"7153",-8876.655
"7154",-8885.257
"7155",-8880.391
"7156",-8924.621
"7157",-8752.16
"7158",-8967.361
"7159",-8841.398
"7160",-8993.345
"7161",-8823.315
"7162",-8711.238
"7163",-9018.551
"7164",-9088.992
"7165",-9243.926
"7166",-8676.55
"7167",-9244.631
"7168",-8959.411
"7169",-8924.183
"7170",-9016.587
"7171",-8968.637
"7172",-8845.555
"7173",-9003.156
"7174",-8861.395
"7175",-9111.955
"7176",-8890.03
"7177",-9040.785
"7178",-9042.017
"7179",-8830.675
"7180",-8765.624
"7181",-8951.399
"7182",-9010.024
"7183",-8907.712
"7184",-8866.288
"7185",-8864.738
"7186",-9143.728
"7187",-9069.509
"7188",-8789.281
"7189",-9029.404
"7190",-9108.696
"7191",-8786.604
"7192",-8799.246
"7193",-9096.763
"7194",-8896.315
"7195",-8690.52
"7196",-8828.208
"7197",-8954.166
"7198",-8894.788
"7199",-8894.186
"7200",-8939.393
"7201",-9068.163
"7202",-8869.061
"7203",-8929.618
"7204",-8876.093
"7205",-8983.446
"7206",-8985.604
"7207",-8898.16
"7208",-8975.406
"7209",-8902.401
"7210",-8856.482
"7211",-8763.884
"7212",-8774.573
"7213",-9010.08
"7214",-8772.263
"7215",-8713.704
"7216",-8863.063
"7217",-8893.875
"7218",-8915.895
"7219",-8942.307
"7220",-8718.33
"7221",-8801.066
"7222",-9000.138
"7223",-8847.925
"7224",-9035.56
"7225",-8756.835
"7226",-8735.622
"7227",-8679.022
"7228",-8949.033
"7229",-8895.517
"7230",-8992.088
"7231",-9117.687
"7232",-9126.134
"7233",-8707.073
"7234",-8950.747
"7235",-8928.038
"7236",-9095.008
"7237",-9129.176
"7238",-8915.984
"7239",-9113.211
"7240",-8903.765
"7241",-8918.932
"7242",-8801.274
"7243",-8966.315
"7244",-8976.672
"7245",-8802.242
"7246",-8871.868
"7247",-9019.473
"7248",-8804.859
"7249",-8947.511
"7250",-8898.201
"7251",-8916.423
"7252",-8877.96
"7253",-9141.44
"7254",-8841.763
"7255",-9061.785
"7256",-8959.399
"7257",-9221.281
"7258",-9052.373
"7259",-8905.294
"7260",-8952.905
"7261",-8951.916
"7262",-8755.463
"7263",-8857.825
"7264",-8686.712
"7265",-8718.613
"7266",-8797.899
"7267",-8823.465
"7268",-8967.536
"7269",-9017.42
"7270",-8724.302
"7271",-9017.788
"7272",-9036.622
"7273",-8725.033
"7274",-8970.579
"7275",-8679.216
"7276",-9051.16
"7277",-8898.708
"7278",-9013.483
"7279",-8867.929
"7280",-9221.175
"7281",-8857.758
"7282",-8937.967
"7283",-8770.506
"7284",-8913.607
"7285",-8833.767
"7286",-9097.982
"7287",-8807.171
"7288",-8995.218
"7289",-9144.749
"7290",-9056.044
"7291",-8756.8
"7292",-8911.824
"7293",-8829.959
"7294",-8915.461
"7295",-9011.072
"7296",-8562.639
"7297",-9015.718
"7298",-8891.215
"7299",-8913.832
"7300",-9039.864
"7301",-9013.94
"7302",-8980.689
"7303",-8893.539
"7304",-8947.568
"7305",-9213.887
"7306",-9050.447
"7307",-8795.565
"7308",-9142.572
"7309",-8999.018
"7310",-9010.852
"7311",-8830.152
"7312",-8648.941
"7313",-9112.552
"7314",-9131.211
"7315",-8843.943
"7316",-9032.917
"7317",-8671.345
"7318",-9090.7
"7319",-8859.256
"7320",-8771.735
"7321",-8998.659
"7322",-8981.011
"7323",-9044.856
"7324",-9174.41
"7325",-8906.619
"7326",-8864.809
"7327",-8893.094
"7328",-8739.546
"7329",-8905.983
"7330",-8951.875
"7331",-8727.199
"7332",-9056.836
"7333",-8943.148
"7334",-9077.768
"7335",-8729.874
"7336",-8822.945
"7337",-8903.788
"7338",-8811.593
"7339",-9122.039
"7340",-8943.835
"7341",-8966.801
"7342",-9051.542
"7343",-8733.791
"7344",-9049.586
"7345",-8973.716
"7346",-8825.903
"7347",-9130.871
"7348",-9101.414
"7349",-8876.566
"7350",-9060.203
"7351",-8839.763
"7352",-8998.767
"7353",-8899.066
"7354",-8894.286
"7355",-9048.583
"7356",-8677.487
"7357",-8854.673
"7358",-8995.495
"7359",-8868.578
"7360",-8792.008
"7361",-8894.674
"7362",-8941.038
"7363",-8869.024
"7364",-8881.267
"7365",-8680.921
"7366",-8728.341
"7367",-8973.696
"7368",-8957.717
"7369",-9073.302
"7370",-9072.945
"7371",-8924.873
"7372",-9044.367
"7373",-8805.409
"7374",-9145.508
"7375",-8980.838
"7376",-9078.886
"7377",-8878.6
"7378",-8974.921
"7379",-8850.058
"7380",-9027.582
"7381",-8850.83
"7382",-8925.076
"7383",-8823.66
"7384",-8746.795
"7385",-8836.119
"7386",-9093.839
"7387",-8760.279
"7388",-9034.798
"7389",-8782.045
"7390",-8733.592
"7391",-8861.336
"7392",-8732.687
"7393",-8885.504
"7394",-8901.565
"7395",-9143.928
"7396",-8840.099
"7397",-9045.666
"7398",-8845.844
"7399",-9000.415
"7400",-8849.282
"7401",-9087.203
"7402",-8980.662
"7403",-8938.391
"7404",-8923.632
"7405",-9094.716
"7406",-8980.692
"7407",-8777.715
"7408",-8756.973
"7409",-8950.517
"7410",-9016.15
"7411",-9000.244
"7412",-8740.366
"7413",-9065.678
"7414",-8942.501
"7415",-8879.007
"7416",-8980.304
"7417",-8540.522
"7418",-9019.134
"7419",-8758.675
"7420",-8988.05
"7421",-8948.063
"7422",-8928.617
"7423",-8798.457
"7424",-9018.168
"7425",-9089.819
"7426",-9072.397
"7427",-8910.728
"7428",-8632.751
"7429",-8839.449
"7430",-9002.549
"7431",-8781.527
"7432",-9042.107
"7433",-8898.978
"7434",-8967.262
"7435",-8986.152
"7436",-8997.941
"7437",-8856.064
"7438",-8924.618
"7439",-8561.253
"7440",-9054.613
"7441",-8951.901
"7442",-9142.468
"7443",-8883.045
"7444",-8897.5
"7445",-8492.463
"7446",-8993.566
"7447",-8894.052
"7448",-8786.188
"7449",-9075.888
"7450",-8801.388
"7451",-9041.966
"7452",-8949.755
"7453",-8788.191
"7454",-9196.335
"7455",-8938.679
"7456",-8944.862
"7457",-8882.491
"7458",-8819.244
"7459",-8849.379
"7460",-8604.315
"7461",-8958.342
"7462",-8976.064
"7463",-8804.215
"7464",-9078.648
"7465",-9118.579
"7466",-8770.141
"7467",-9030.779
"7468",-9126.69
"7469",-9251.568
"7470",-8894.467
"7471",-9017.601
"7472",-8770.46
"7473",-8815.463
"7474",-8668.185
"7475",-8968.385
"7476",-8901.865
"7477",-8870.104
"7478",-8708.878
"7479",-8836.042
"7480",-8970.341
"7481",-9263.017
"7482",-9049.591
"7483",-8883.322
"7484",-9068.094
"7485",-9062.57
"7486",-8927.079
"7487",-8902.917
"7488",-8973.207
"7489",-8869.129
"7490",-8810.824
"7491",-8989.342
"7492",-8818.786
"7493",-8950.353
"7494",-8805.798
"7495",-8990.669
"7496",-8829.69
"7497",-8764.909
"7498",-8884.7
"7499",-8770.504
"7500",-8871.638
"7501",-8913.082
"7502",-8916.009
"7503",-8752.145
"7504",-9165.108
"7505",-8808.625
"7506",-8473.333
"7507",-8866.567
"7508",-8884.779
"7509",-8832.62
"7510",-8968.657
"7511",-8811.082
"7512",-8858.37
"7513",-8776.337
"7514",-9120.146
"7515",-8923.505
"7516",-8711.046
"7517",-8967.286
"7518",-9019.003
"7519",-9166.498
"7520",-9124.84
"7521",-9123.111
"7522",-8681.248
"7523",-8787.902
"7524",-8939.768
"7525",-8769.974
"7526",-8950.885
"7527",-9078.259
"7528",-8860.298
"7529",-8846.185
"7530",-9078.763
"7531",-9034.259
"7532",-8754.259
"7533",-9043.259
"7534",-8842.458
"7535",-9140.409
"7536",-9063.237
"7537",-8886.114
"7538",-8883.483
"7539",-9035.573
"7540",-8943.543
"7541",-8813.988
"7542",-8984.268
"7543",-9281.016
"7544",-9038.799
"7545",-8743.494
"7546",-8946.203
"7547",-8980.996
"7548",-8727.569
"7549",-9284.269
"7550",-8650.576
"7551",-8883.226
"7552",-8928.68
"7553",-9162.9
"7554",-8974.969
"7555",-8959.977
"7556",-8966.419
"7557",-9136.653
"7558",-8987.698
"7559",-9205.192
"7560",-9022.413
"7561",-8800.433
"7562",-8854.752
"7563",-8813.121
"7564",-9036.601
"7565",-8707.212
"7566",-9069.04
"7567",-8735.73
"7568",-8735.008
"7569",-8840.307
"7570",-9034.791
"7571",-8971.068
"7572",-8989.905
"7573",-8810.372
"7574",-9172.46
"7575",-8955.651
"7576",-8802.22
"7577",-8762.052
"7578",-8910.477
"7579",-8907.709
"7580",-9112.687
"7581",-8941.648
"7582",-8924.635
"7583",-8879.135
"7584",-8911.382
"7585",-8927.502
"7586",-8968.889
"7587",-8908.342
"7588",-9026.647
"7589",-8771.039
"7590",-8845.513
"7591",-8799.424
"7592",-9080.546
"7593",-8737.857
"7594",-8932.431
"7595",-8905.46
"7596",-8702.507
"7597",-8989.624
"7598",-8802.589
"7599",-9027.852
"7600",-9133.694
"7601",-8874.161
"7602",-8964.678
"7603",-8623.924
"7604",-8796.353
"7605",-8715.709
"7606",-8751.351
"7607",-8767.368
"7608",-8947.928
"7609",-8917.338
"7610",-8941.918
"7611",-9034.618
"7612",-9373.627
"7613",-8893.569
"7614",-9135.762
"7615",-9126.865
"7616",-8744.284
"7617",-8808.667
"7618",-9065.115
"7619",-9142.195
"7620",-9115.764
"7621",-9110.874
"7622",-8967.913
"7623",-8996.647
"7624",-9204.691
"7625",-8813.024
"7626",-8977.772
"7627",-8630.529
"7628",-9139.661
"7629",-9120.538
"7630",-9089.88
"7631",-9211.09
"7632",-8966.769
"7633",-8912.557
"7634",-8968.65
"7635",-9030.552
"7636",-8970.038
"7637",-8765.826
"7638",-8947.414
"7639",-8925.758
"7640",-8909.788
"7641",-8845.906
"7642",-8770.89
"7643",-8774.124
"7644",-9055.763
"7645",-8827.055
"7646",-8940.331
"7647",-9135.53
"7648",-8774.092
"7649",-8579.465
"7650",-9111.89
"7651",-8997.738
"7652",-9061.42
"7653",-9068.024
"7654",-8806.703
"7655",-8497.414
"7656",-9139.877
"7657",-8748.053
"7658",-9143.953
"7659",-8832.545
"7660",-8762.705
"7661",-8949.755
"7662",-9040.718
"7663",-8992.879
"7664",-8967.721
"7665",-8838.047
"7666",-8745.242
"7667",-8588.194
"7668",-8794.151
"7669",-8639.388
"7670",-8875.189
"7671",-8787.899
"7672",-8866.1
"7673",-8806.754
"7674",-8917.593
"7675",-8830.314
"7676",-8790.549
"7677",-9144.756
"7678",-8851.099
"7679",-8948.274
"7680",-8730.546
"7681",-8729.914
"7682",-8692.516
"7683",-8933.545
"7684",-9087.192
"7685",-8963.88
"7686",-8886.636
"7687",-9056.564
"7688",-9006.524
"7689",-8860.737
"7690",-8945.613
"7691",-8860.429
"7692",-8891.654
"7693",-8850.877
"7694",-8920.693
"7695",-9004.314
"7696",-9111.418
"7697",-8929.911
"7698",-9134.067
"7699",-8930.596
"7700",-8896.779
"7701",-9135.336
"7702",-8920.608
"7703",-8780.906
"7704",-8916.724
"7705",-8890.525
"7706",-8963.552
"7707",-8809.759
"7708",-8798.154
"7709",-8902.363
"7710",-8879.021
"7711",-8687.293
"7712",-9134.383
"7713",-8914.328
"7714",-8752.257
"7715",-8805.453
"7716",-8890.23
"7717",-8790.314
"7718",-8934.043
"7719",-9039.667
"7720",-8818.974
"7721",-9258.804
"7722",-8935.147
"7723",-8839.912
"7724",-8873.039
"7725",-8934.958
"7726",-9071.378
"7727",-9054.77
"7728",-8962.286
"7729",-8768.018
"7730",-8805.029
"7731",-8829.233
"7732",-9031.977
"7733",-8921.5
"7734",-9001.359
"7735",-8947.936
"7736",-8866.096
"7737",-9249.821
"7738",-9071.317
"7739",-8887.451
"7740",-8665.61
"7741",-8702.334
"7742",-8781.712
"7743",-9011.042
"7744",-8899.14
"7745",-8993.732
"7746",-8722.141
"7747",-9048.049
"7748",-8701.609
"7749",-8759.729
"7750",-8947.49
"7751",-9099.554
"7752",-9021.904
"7753",-9013.064
"7754",-8688.707
"7755",-8840.402
"7756",-8762.254
"7757",-8833.618
"7758",-8776.135
"7759",-9020.876
"7760",-8902.204
"7761",-8605.553
"7762",-8976.23
"7763",-8897.339
"7764",-8672.604
"7765",-9233.336
"7766",-8656.259
"7767",-9098.991
"7768",-9228.029
"7769",-9007.421
"7770",-9040.392
"7771",-9019.147
"7772",-9073.442
"7773",-8942.118
"7774",-8768.232
"7775",-8938.722
"7776",-8824.06
"7777",-8877.072
"7778",-8870.351
"7779",-9037.351
"7780",-8955.586
"7781",-9146.876
"7782",-8776.003
"7783",-8863.912
"7784",-8912.624
"7785",-8967.763
"7786",-9240.792
"7787",-9043.999
"7788",-8741.605
"7789",-8797.352
"7790",-8808.746
"7791",-8958.582
"7792",-9029.956
"7793",-8988.369
"7794",-8848.725
"7795",-8605.102
"7796",-8774.845
"7797",-8977.915
"7798",-9036.731
"7799",-8908.495
"7800",-8942.59
"7801",-8820.221
"7802",-8625.434
"7803",-9102.471
"7804",-8553.696
"7805",-8797.147
"7806",-8850.667
"7807",-8893.784
"7808",-8710.484
"7809",-9193.983
"7810",-8983.62
"7811",-8940.785
"7812",-8935.974
"7813",-8770.775
"7814",-9009.867
"7815",-8956.234
"7816",-9135.154
"7817",-8835.866
"7818",-8838.021
"7819",-8990.476
"7820",-8953.429
"7821",-8991.055
"7822",-8884.355
"7823",-8968.427
"7824",-9004.075
"7825",-9018.376
"7826",-8935.731
"7827",-8812.316
"7828",-9117.385
"7829",-8894.854
"7830",-8857.39
"7831",-9223.536
"7832",-9010.343
"7833",-8901.995
"7834",-8850.881
"7835",-9000.401
"7836",-8895.612
"7837",-9156.643
"7838",-9101.519
"7839",-9077.581
"7840",-8633.401
"7841",-9183.789
"7842",-9147.553
"7843",-8907.532
"7844",-8833.241
"7845",-9011.346
"7846",-8633.96
"7847",-8818.302
"7848",-9081.701
"7849",-8692.62
"7850",-8655.564
"7851",-8989.109
"7852",-9115.322
"7853",-8716.075
"7854",-8727.997
"7855",-8798.31
"7856",-8840.019
"7857",-8843.205
"7858",-8976.821
"7859",-8821.142
"7860",-9038.053
"7861",-8898.125
"7862",-9054.913
"7863",-8941.558
"7864",-8840.373
"7865",-9126.05
"7866",-8835.026
"7867",-8726.896
"7868",-8881.265
"7869",-8673.607
"7870",-8788.095
"7871",-8930.598
"7872",-9057.929
"7873",-9183.442
"7874",-8851.81
"7875",-8789.537
"7876",-9052.506
"7877",-8938.419
"7878",-8758.52
"7879",-9015.445
"7880",-9088.892
"7881",-8909.525
"7882",-9160.761
"7883",-8856.983
"7884",-8775.64
"7885",-9031.758
"7886",-9033.567
"7887",-8904.789
"7888",-8474.552
"7889",-8773.903
"7890",-8954.392
"7891",-8779.717
"7892",-8444.048
"7893",-8876.435
"7894",-8904.334
"7895",-8866.549
"7896",-8917.767
"7897",-8842.43
"7898",-8592.961
"7899",-8988.493
"7900",-9033.667
"7901",-8800.407
"7902",-8979.952
"7903",-8909.809
"7904",-8956.497
"7905",-8702.009
"7906",-8928.575
"7907",-8911.715
"7908",-8881.889
"7909",-8894.234
"7910",-9123.252
"7911",-8997.499
"7912",-8946.492
"7913",-8972.354
"7914",-8821.826
"7915",-9007.377
"7916",-8848.382
"7917",-9016.772
"7918",-8672.147
"7919",-8927.016
"7920",-8968.225
"7921",-8649.641
"7922",-9033.232
"7923",-9039.118
"7924",-8868.061
"7925",-8762.748
"7926",-8813.68
"7927",-8659.393
"7928",-8860.31
"7929",-8814.679
"7930",-9096.906
"7931",-8883.77
"7932",-8939.032
"7933",-9001.853
"7934",-8884.945
"7935",-8691.254
"7936",-8736.726
"7937",-8848.881
"7938",-8796.93
"7939",-9153.896
"7940",-8751.641
"7941",-8779.637
"7942",-9141.42
"7943",-9085.935
"7944",-8901.825
"7945",-8784.743
"7946",-8812.383
"7947",-8643.52
"7948",-8981.797
"7949",-8936.458
"7950",-9143.741
"7951",-8880.533
"7952",-8691.586
"7953",-9072.63
"7954",-8468.485
"7955",-8861.328
"7956",-8918.338
"7957",-8934.498
"7958",-9097.879
"7959",-8932.678
"7960",-8850.726
"7961",-9082.007
"7962",-8948.026
"7963",-8944.3
"7964",-8643.228
"7965",-8735.987
"7966",-8809.997
"7967",-9055.355
"7968",-8926.688
"7969",-8794.751
"7970",-8873.921
"7971",-8943.462
"7972",-8951.358
"7973",-8871.847
"7974",-8856.307
"7975",-9038.438
"7976",-8691.212
"7977",-8762.52
"7978",-8993.872
"7979",-8846.755
"7980",-8781.893
"7981",-9050.693
"7982",-9067.959
"7983",-8873.298
"7984",-8910.261
"7985",-8757.37
"7986",-8870.848
"7987",-9025.523
"7988",-8839.602
"7989",-9030.893
"7990",-8880.964
"7991",-8644.057
"7992",-8735.189
"7993",-9074.31
"7994",-8798.334
"7995",-9240.612
"7996",-8817.684
"7997",-8823.168
"7998",-8949.766
"7999",-8777.374
"8000",-8867.952
"8001",-8693.752
"8002",-9254.987
"8003",-8752.502
"8004",-8817.611
"8005",-9083.078
"8006",-8585.666
"8007",-8924.418
"8008",-8822.224
"8009",-9250.595
"8010",-9038.515
"8011",-8822.433
"8012",-9007.793
"8013",-9027.393
"8014",-8794.228
"8015",-9106.431
"8016",-8901.731
"8017",-8872.122
"8018",-8751.58
"8019",-8737.867
"8020",-8974.341
"8021",-9151.553
"8022",-8936.522
"8023",-8807.038
"8024",-8951.948
"8025",-8895.841
"8026",-8853.943
"8027",-8980.79
"8028",-8794.82
"8029",-8848.457
"8030",-8777.969
"8031",-8882.85
"8032",-9126.497
"8033",-8932.686
"8034",-8716.49
"8035",-8883.899
"8036",-8692.66
"8037",-8667.577
"8038",-9017.053
"8039",-9049.406
"8040",-8961.557
"8041",-8753.928
"8042",-8829.344
"8043",-9006.664
"8044",-9018.84
"8045",-8912.94
"8046",-9161.254
"8047",-8964.102
"8048",-8935.723
"8049",-8815.234
"8050",-9017.169
"8051",-9024.016
"8052",-8996.255
"8053",-8733.106
"8054",-8717.916
"8055",-9008.17
"8056",-8818.713
"8057",-9022.322
"8058",-8805.576
"8059",-8794.655
"8060",-8863.681
"8061",-8985.639
"8062",-8729.773
"8063",-8936.922
"8064",-9066.918
"8065",-8713.637
"8066",-8902.604
"8067",-9081.721
"8068",-8969.628
"8069",-8936.486
"8070",-8917.664
"8071",-8934.883
"8072",-9002.908
"8073",-8755.657
"8074",-9165.104
"8075",-8881.39
"8076",-8828.952
"8077",-8794.906
"8078",-8972.503
"8079",-9034.495
"8080",-8899.914
"8081",-8596.495
"8082",-8951.758
"8083",-8793.748
"8084",-8723.056
"8085",-9013.53
"8086",-8974.328
"8087",-8922.873
"8088",-9083.626
"8089",-8952.629
"8090",-8816.198
"8091",-8795.233
"8092",-8820.033
"8093",-8751.602
"8094",-8978.878
"8095",-9145.543
"8096",-8955.342
"8097",-8731.681
"8098",-9078.592
"8099",-8883.759
"8100",-8877.337
"8101",-8914.915
"8102",-8887.084
"8103",-8917.085
"8104",-9009.502
"8105",-8611.882
"8106",-8976.839
"8107",-9030.511
"8108",-9053.094
"8109",-8859.37
"8110",-8886.768
"8111",-8788.674
"8112",-8951.117
"8113",-9168.863
"8114",-9073.224
"8115",-9151.365
"8116",-9010.926
"8117",-8815.355
"8118",-9182.161
"8119",-8772.263
"8120",-9027.95
"8121",-8897.262
"8122",-8890.013
"8123",-8982.927
"8124",-8749.991
"8125",-8902.503
"8126",-8701.146
"8127",-8677.473
"8128",-8819.064
"8129",-9026.079
"8130",-8791.071
"8131",-8930.359
"8132",-8690.012
"8133",-8876.57
"8134",-9000.72
"8135",-8850.461
"8136",-8974.032
"8137",-8943.968
"8138",-9191.821
"8139",-9020.781
"8140",-8866.617
"8141",-8664.821
"8142",-8997.167
"8143",-8909.364
"8144",-9153.511
"8145",-8947.1
"8146",-9188.984
"8147",-8750.321
"8148",-9047.919
"8149",-8857.495
"8150",-8905.363
"8151",-8943.717
"8152",-8707.838
"8153",-8916.535
"8154",-9310.434
"8155",-8770.558
"8156",-8908.615
"8157",-8877.89
"8158",-8922.871
"8159",-8638.597
"8160",-8913.889
"8161",-9015.328
"8162",-8881.22
"8163",-8993.785
"8164",-8857.653
"8165",-9107.039
"8166",-9024.552
"8167",-9186.716
"8168",-9077.175
"8169",-8888.729
"8170",-8755.933
"8171",-8924.627
"8172",-8788.097
"8173",-9126.609
"8174",-8904.127
"8175",-9175.719
"8176",-8542.477
"8177",-8997.632
"8178",-8744.672
"8179",-8971.648
"8180",-8852.739
"8181",-8704.552
"8182",-9017.369
"8183",-8873.039
"8184",-8797.969
"8185",-8770.398
"8186",-8871.95
"8187",-8850.077
"8188",-9160.357
"8189",-8857.819
"8190",-9083.793
"8191",-8852.605
"8192",-8491.346
"8193",-8696.05
"8194",-8641.949
"8195",-8922.321
"8196",-8782.204
"8197",-8848.422
"8198",-8983.282
"8199",-8745.338
"8200",-8851.54
"8201",-9039.38
"8202",-9149.841
"8203",-8937.899
"8204",-8918.176
"8205",-8806.304
"8206",-8964.462
"8207",-8866.818
"8208",-8883.224
"8209",-9069.732
"8210",-8943.592
"8211",-8775.238
"8212",-8888.928
"8213",-8837.057
"8214",-8931.358
"8215",-8747.753
"8216",-8868.955
"8217",-8931.996
"8218",-8858.412
"8219",-9022.056
"8220",-9060.695
"8221",-9165.539
"8222",-9029.711
"8223",-8875.764
"8224",-8972.501
"8225",-8967.477
"8226",-8576.838
"8227",-9023.512
"8228",-8896.691
"8229",-8829.08
"8230",-8775.392
"8231",-8713.101
"8232",-8617.209
"8233",-8957.685
"8234",-8900.393
"8235",-8875.999
"8236",-8871.747
"8237",-8623.912
"8238",-8739.756
"8239",-8932.576
"8240",-8808.591
"8241",-8740.681
"8242",-9038.287
"8243",-9026.383
"8244",-8697.305
"8245",-9043.058
"8246",-8986.817
"8247",-9030.901
"8248",-9000.77
"8249",-8958.949
"8250",-9122.574
"8251",-8909.062
"8252",-8927.426
"8253",-8783.834
"8254",-8713.588
"8255",-8870.54
"8256",-8513.448
"8257",-9036.13
"8258",-8807.896
"8259",-8755.391
"8260",-8937.778
"8261",-8837.835
"8262",-8938.985
"8263",-8991.49
"8264",-8924.61
"8265",-9068.688
"8266",-9015.135
"8267",-8785.675
"8268",-8694.531
"8269",-8804.16
"8270",-9148.888
"8271",-8880.354
"8272",-8823.997
"8273",-9025.758
"8274",-8833.215
"8275",-8996.248
"8276",-8816.397
"8277",-8773.342
"8278",-9022.565
"8279",-8808.197
"8280",-8820.389
"8281",-8845.202
"8282",-8806.979
"8283",-9123.431
"8284",-8946.997
"8285",-9002.662
"8286",-8932.143
"8287",-8817.634
"8288",-8937.33
"8289",-8832.53
"8290",-8987.109
"8291",-8938.647
"8292",-9036.906
"8293",-8820.118
"8294",-8936.387
"8295",-8845.047
"8296",-8620.406
"8297",-8838.146
"8298",-8880.552
"8299",-8836.78
"8300",-8939.562
"8301",-9056.358
"8302",-8656.125
"8303",-8989.659
"8304",-9121.561
"8305",-8755.073
"8306",-9087.147
"8307",-8997.273
"8308",-8995.059
"8309",-8928.966
"8310",-9186.991
"8311",-8913.437
"8312",-8854.125
"8313",-8786.473
"8314",-9138.042
"8315",-8804.009
"8316",-8804.812
"8317",-8970.249
"8318",-8946.2
"8319",-8992.942
"8320",-8917.974
"8321",-8619.385
"8322",-9051.801
"8323",-9067.908
"8324",-8645.072
"8325",-8832.079
"8326",-8839.205
"8327",-9085.812
"8328",-8997.129
"8329",-8918.058
"8330",-8982.665
"8331",-8929.163
"8332",-8860.21
"8333",-8894.801
"8334",-8605.243
"8335",-8927.967
"8336",-9031.502
"8337",-8991.754
"8338",-8860.91
"8339",-9216.399
"8340",-8625.98
"8341",-8883.761
"8342",-9170.682
"8343",-8705.158
"8344",-8584.424
"8345",-9070.045
"8346",-9104.44
"8347",-8858.458
"8348",-8854.931
"8349",-8932.777
"8350",-8997.278
"8351",-8962.749
"8352",-9071.528
"8353",-8903.669
"8354",-9116.101
"8355",-8780.712
"8356",-8867.595
"8357",-8794.12
"8358",-8846.918
"8359",-8744.534
"8360",-8826.803
"8361",-9024.931
"8362",-8896.546
"8363",-9023.888
"8364",-8872.728
"8365",-8904.968
"8366",-8890.805
"8367",-8965.534
"8368",-8914.936
"8369",-9083.885
"8370",-8903.427
"8371",-9069.073
"8372",-9022.347
"8373",-9064.973
"8374",-8781.519
"8375",-8898.226
"8376",-8885.627
"8377",-8905.748
"8378",-9054.071
"8379",-8706.966
"8380",-8982.7
"8381",-8763.594
"8382",-9098.379
"8383",-8915.348
"8384",-8970.346
"8385",-8743.749
"8386",-9096.813
"8387",-8763.033
"8388",-8766.671
"8389",-8771.949
"8390",-8894.25
"8391",-8980.136
"8392",-8922.345
"8393",-8975.446
"8394",-8762.557
"8395",-8920.508
"8396",-9090.599
"8397",-8854.143
"8398",-9251.197
"8399",-8887.983
"8400",-9028.666
"8401",-8815.451
"8402",-9104.854
"8403",-9002.353
"8404",-9200.272
"8405",-8747.337
"8406",-8801.43
"8407",-8906.749
"8408",-8635.27
"8409",-8868.67
"8410",-8897.062
"8411",-8951.615
"8412",-8894.19
"8413",-9057.657
"8414",-8958.41
"8415",-8901.313
"8416",-9058.412
"8417",-9156.939
"8418",-8964.74
"8419",-9063.589
"8420",-8752.226
"8421",-8986.943
"8422",-8680.386
"8423",-9098.965
"8424",-8783.412
"8425",-8916.976
"8426",-8831.164
"8427",-8962.487
"8428",-8933.69
"8429",-9064.889
"8430",-8749.945
"8431",-8802.272
"8432",-8741.585
"8433",-9077.556
"8434",-8867.336
"8435",-9065.734
"8436",-8920.205
"8437",-8894.303
"8438",-9062.992
"8439",-8883.321
"8440",-9383.375
"8441",-8769.844
"8442",-9109.422
"8443",-9038.707
"8444",-9046.099
"8445",-8856.206
"8446",-8947.707
"8447",-8751.709
"8448",-9016.706
"8449",-8852.7
"8450",-9026.561
"8451",-8694.118
"8452",-8926.088
"8453",-8902.386
"8454",-8833.172
"8455",-8666.625
"8456",-8716.104
"8457",-8797.309
"8458",-8949.183
"8459",-8867.09
"8460",-8801.784
"8461",-8810.361
"8462",-8864.22
"8463",-8842.274
"8464",-9037.589
"8465",-9018.94
"8466",-8700.204
"8467",-8971.303
"8468",-9020.774
"8469",-9062.676
"8470",-8863.327
"8471",-9013.078
"8472",-8995.804
"8473",-9039.714
"8474",-8805.585
"8475",-9000.21
"8476",-9096.621
"8477",-8886.149
"8478",-8837.45
"8479",-8718.788
"8480",-8936.481
"8481",-8917.884
"8482",-8789.254
"8483",-9019.937
"8484",-8817.739
"8485",-8727.576
"8486",-8768.063
"8487",-8943.209
"8488",-8914.735
"8489",-9003.795
"8490",-8903.419
"8491",-8973.429
"8492",-8785.6
"8493",-8878.43
"8494",-8621.528
"8495",-8892.344
"8496",-8933.8
"8497",-8880.926
"8498",-9051.329
"8499",-8999.78
"8500",-8974.751
"8501",-8561.934
"8502",-8924.52
"8503",-9094.18
"8504",-8879.494
"8505",-8772.107
"8506",-8838.912
"8507",-8637.061
"8508",-8887.256
"8509",-8870.598
"8510",-8922.436
"8511",-8982.66
"8512",-8829.787
"8513",-8806.77
"8514",-8635.355
"8515",-8822.975
"8516",-9034.578
"8517",-8874.184
"8518",-8900.008
"8519",-9020.369
"8520",-9036.997
"8521",-8777.385
"8522",-8842.684
"8523",-8893.314
"8524",-9147.044
"8525",-9117.746
"8526",-8834.458
"8527",-9060.901
"8528",-8976.126
"8529",-8670.416
"8530",-8743.119
"8531",-9023.849
"8532",-8937.674
"8533",-8782.398
"8534",-8913.035
"8535",-9047.419
"8536",-8900.249
"8537",-8721.931
"8538",-8823.112
"8539",-8986.396
"8540",-8782.287
"8541",-9049.129
"8542",-9030.749
"8543",-8891.029
"8544",-8977.269
"8545",-8894.262
"8546",-8787.97
"8547",-9085.579
"8548",-8613.718
"8549",-9060.656
"8550",-8930.257
"8551",-8691.05
"8552",-8844.665
"8553",-8851.294
"8554",-9036.489
"8555",-8935.968
"8556",-8938.948
"8557",-8819.951
"8558",-9027.848
"8559",-8925.516
"8560",-9118.811
"8561",-8938.777
"8562",-8754.695
"8563",-9091.386
"8564",-8843.183
"8565",-9231.766
"8566",-8771.728
"8567",-8933.37
"8568",-8970.312
"8569",-8987.167
"8570",-8863.538
"8571",-8750.738
"8572",-8634.944
"8573",-9163.744
"8574",-8624.157
"8575",-9015.265
"8576",-8994.297
"8577",-8897.589
"8578",-8791.688
"8579",-8885.493
"8580",-9149.106
"8581",-8932.867
"8582",-9033.872
"8583",-9111.455
"8584",-8810.87
"8585",-8926.577
"8586",-8712.754
"8587",-9091.771
"8588",-9074.358
"8589",-9016.25
"8590",-8879.371
"8591",-9100.582
"8592",-8665.33
"8593",-9036.569
"8594",-8735.666
"8595",-8859.333
"8596",-9131.494
"8597",-9038.31
"8598",-8639.07
"8599",-8829.603
"8600",-9052.744
"8601",-9271.795
"8602",-9067.711
"8603",-9051.573
"8604",-8795.639
"8605",-9006.396
"8606",-8969.697
"8607",-8871.288
"8608",-8977.219
"8609",-8843.017
"8610",-8926.37
"8611",-8977.35
"8612",-8725.462
"8613",-8877.108
"8614",-8828.269
"8615",-9004.72
"8616",-9119.043
"8617",-9138.436
"8618",-8968.947
"8619",-8829.222
"8620",-8995.22
"8621",-9002.027
"8622",-9210.156
"8623",-8993.852
"8624",-9078.02
"8625",-8939.778
"8626",-8798.789
"8627",-9111.48
"8628",-8830.893
"8629",-8859.578
"8630",-8699.103
"8631",-8907.684
"8632",-8891.716
"8633",-8883.969
"8634",-8810.154
"8635",-8888.252
"8636",-8865.392
"8637",-8960.762
"8638",-8846.407
"8639",-9123.299
"8640",-9295.962
"8641",-8983.76
"8642",-8723.684
"8643",-9038.649
"8644",-9035.017
"8645",-9011.512
"8646",-8940.108
"8647",-9041.854
"8648",-9006.525
"8649",-8937.302
"8650",-8795.638
"8651",-9013.452
"8652",-8839.542
"8653",-8840.947
"8654",-8777.393
"8655",-8987.516
"8656",-8913.114
"8657",-9045.351
"8658",-8948.078
"8659",-9098.464
"8660",-8884.132
"8661",-8764.981
"8662",-9013.946
"8663",-8800.263
"8664",-8963.746
"8665",-9093.846
"8666",-8808.96
"8667",-8915.022
"8668",-9029.913
"8669",-8855.811
"8670",-8719.133
"8671",-9140.624
"8672",-8722.264
"8673",-9022.224
"8674",-8733.032
"8675",-8955.665
"8676",-8998.294
"8677",-8811.598
"8678",-9210.694
"8679",-8922.043
"8680",-8989.223
"8681",-8742.704
"8682",-9068.123
"8683",-8894.625
"8684",-8923.707
"8685",-8693.053
"8686",-8840.469
"8687",-9029.534
"8688",-8834.024
"8689",-9009.984
"8690",-8607.595
"8691",-8748.965
"8692",-8733.208
"8693",-9127.26
"8694",-8751.424
"8695",-8896.54
"8696",-8881.564
"8697",-8989.772
"8698",-8832.084
"8699",-8942.661
"8700",-9285.158
"8701",-9067.585
"8702",-9110.098
"8703",-9156.37
"8704",-8970.244
"8705",-9067.364
"8706",-9049.278
"8707",-9016.062
"8708",-8874.61
"8709",-9022.722
"8710",-8887.02
"8711",-8779.58
"8712",-8972.707
"8713",-9201.172
"8714",-8964.142
"8715",-8727.969
"8716",-8829.445
"8717",-8596.968
"8718",-9025.182
"8719",-9018.973
"8720",-9151.252
"8721",-9073.395
"8722",-8705.741
"8723",-8822.061
"8724",-9025.51
"8725",-8981.588
"8726",-8759.623
"8727",-9046.94
"8728",-9043.658
"8729",-9087.003
"8730",-9039.829
"8731",-8849.207
"8732",-8840.619
"8733",-8934.282
"8734",-9086.838
"8735",-8868.675
"8736",-8707.349
"8737",-8901.275
"8738",-8872.255
"8739",-8941.146
"8740",-9104.562
"8741",-8822.101
"8742",-8682.533
"8743",-9032.544
"8744",-8734.061
"8745",-8955.266
"8746",-8753.221
"8747",-8796.474
"8748",-8761.372
"8749",-8898.216
"8750",-8886.538
"8751",-8755.747
"8752",-8820.827
"8753",-8720.379
"8754",-8858.948
"8755",-8982.129
"8756",-9113.201
"8757",-9069.554
"8758",-9067.315
"8759",-9096.017
"8760",-9106.462
"8761",-8733.247
"8762",-8945.767
"8763",-9018.056
"8764",-8469.998
"8765",-8905.323
"8766",-9024.875
"8767",-8848.607
"8768",-8921.473
"8769",-8930.876
"8770",-8943.952
"8771",-9170.099
"8772",-8945.895
"8773",-8989.691
"8774",-8968.684
"8775",-8765.166
"8776",-8862.608
"8777",-8957.184
"8778",-8929.395
"8779",-8816.876
"8780",-8870.943
"8781",-8976.768
"8782",-9006.554
"8783",-9052.903
"8784",-8794.12
"8785",-8700.111
"8786",-8849.763
"8787",-8987.524
"8788",-8866.679
"8789",-9067.768
"8790",-8806.191
"8791",-8855.676
"8792",-9076.283
"8793",-9043.883
"8794",-9056.142
"8795",-8726.624
"8796",-9000.124
"8797",-9049.547
"8798",-8954.745
"8799",-8796.01
"8800",-9254.887
"8801",-8849.842
"8802",-9002.284
"8803",-8906.676
"8804",-8982.233
"8805",-9208.732
"8806",-8926.539
"8807",-8811.727
"8808",-8911.607
"8809",-9053.278
"8810",-8822.397
"8811",-8901.649
"8812",-9073.938
"8813",-8959.186
"8814",-9206.3
"8815",-9253.853
"8816",-8681.482
"8817",-8942.416
"8818",-9043.497
"8819",-8641.096
"8820",-8993.449
"8821",-9143.027
"8822",-9101.74
"8823",-8829.731
"8824",-8931.48
"8825",-8912.585
"8826",-8821.279
"8827",-9063.801
"8828",-8934.52
"8829",-9162.976
"8830",-8912.21
"8831",-8947.234
"8832",-8831.581
"8833",-8962.76
"8834",-9150.589
"8835",-9113.215
"8836",-8658.757
"8837",-8997.372
"8838",-8938.961
"8839",-8764.572
"8840",-9092.046
"8841",-8915.59
"8842",-8855.323
"8843",-9155.999
"8844",-8782.425
"8845",-8890.373
"8846",-8814.612
"8847",-8620.716
"8848",-8845.289
"8849",-8974.374
"8850",-9113.544
"8851",-8743.62
"8852",-9126.875
"8853",-8951.666
"8854",-8965.769
"8855",-9165.457
"8856",-9134.727
"8857",-8679.618
"8858",-8935.8
"8859",-8952.455
"8860",-8791.178
"8861",-9006.848
"8862",-8941.918
"8863",-8850.475
"8864",-8883.483
"8865",-9034.007
"8866",-8941.136
"8867",-8958.161
"8868",-8801.211
"8869",-8825.399
"8870",-9000.281
"8871",-8950.529
"8872",-8953.307
"8873",-8873.716
"8874",-8955.888
"8875",-8827.417
"8876",-8969.67
"8877",-8859.046
"8878",-8878.078
"8879",-8580.717
"8880",-8952.742
"8881",-8952.764
"8882",-9056.032
"8883",-8957.703
"8884",-9037.974
"8885",-9007.193
"8886",-8834.531
"8887",-9114.252
"8888",-8899.091
"8889",-8931.28
"8890",-8928.615
"8891",-9017.079
"8892",-8702.616
"8893",-9059.945
"8894",-8951.043
"8895",-8888.207
"8896",-8993.64
"8897",-8792.777
"8898",-8832.673
"8899",-9165.595
"8900",-8811.862
"8901",-8974.168
"8902",-8915.431
"8903",-8999.542
"8904",-8770.69
"8905",-8938.315
"8906",-8727.607
"8907",-8926.911
"8908",-8953.193
"8909",-8907.178
"8910",-8880.221
"8911",-8768.838
"8912",-8846.462
"8913",-9011.754
"8914",-9132.814
"8915",-9019.304
"8916",-8768.281
"8917",-9076.435
"8918",-8706.701
"8919",-9083.865
"8920",-8840.118
"8921",-8614.726
"8922",-8894.799
"8923",-8807.608
"8924",-9036.663
"8925",-8663.547
"8926",-8823.349
"8927",-8999.43
"8928",-8801.454
"8929",-8687.611
"8930",-8929.55
"8931",-8876.876
"8932",-8853.499
"8933",-8662.788
"8934",-8899.205
"8935",-9069.854
"8936",-8951.677
"8937",-9172.802
"8938",-9037.312
"8939",-8811.447
"8940",-8976.881
"8941",-9132.717
"8942",-8920.253
"8943",-8847.391
"8944",-8935.9
"8945",-9078.619
"8946",-8944.165
"8947",-8652.104
"8948",-9067.118
"8949",-8843.838
"8950",-8770.489
"8951",-8942.994
"8952",-8902.699
"8953",-8962.627
"8954",-8970.315
"8955",-9111.948
"8956",-9124.376
"8957",-8910.359
"8958",-8936.383
"8959",-8722.522
"8960",-8868.098
"8961",-8670.437
"8962",-8775.079
"8963",-8532.815
"8964",-9052.742
"8965",-8736.178
"8966",-8959.178
"8967",-8932.554
"8968",-8941.155
"8969",-8924.844
"8970",-8994.043
"8971",-9176.045
"8972",-8610.466
"8973",-8833.66
"8974",-9030.633
"8975",-9082.919
"8976",-8940.724
"8977",-8884.4
"8978",-8824.496
"8979",-8761.19
"8980",-8977.682
"8981",-8770.975
"8982",-8901.979
"8983",-8806.306
"8984",-8857.588
"8985",-8853.367
"8986",-9004.149
"8987",-8824.947
"8988",-9029.147
"8989",-9018.227
"8990",-8607.324
"8991",-8803.524
"8992",-8914.547
"8993",-8913.087
"8994",-8878.176
"8995",-8783.877
"8996",-8833.908
"8997",-8980.143
"8998",-9164.088
"8999",-8974.772
"9000",-8867.787
"9001",-8857.047
"9002",-8770.146
"9003",-8901.674
"9004",-8887.509
"9005",-9080.544
"9006",-8957.65
"9007",-8826.577
"9008",-8767.763
"9009",-8957.486
"9010",-9023.702
"9011",-9170.558
"9012",-8776.819
"9013",-8810.005
"9014",-8772.282
"9015",-8937.356
"9016",-8782.242
"9017",-8870.451
"9018",-8973.748
"9019",-8947.143
"9020",-9036.529
"9021",-9047.075
"9022",-9045.367
"9023",-8724.263
"9024",-8945.929
"9025",-9012.267
"9026",-9045.67
"9027",-8949.224
"9028",-8816.679
"9029",-8965.186
"9030",-8790.234
"9031",-9122.897
"9032",-8730.83
"9033",-8878.169
"9034",-8741.208
"9035",-8797.047
"9036",-8876.915
"9037",-9001.254
"9038",-8854.326
"9039",-9181.458
"9040",-9006.97
"9041",-9022.327
"9042",-9181.656
"9043",-8773.293
"9044",-8716.874
"9045",-9032.925
"9046",-8727.685
"9047",-8916.978
"9048",-8847.209
"9049",-8760.388
"9050",-8817.17
"9051",-8814.994
"9052",-9032.248
"9053",-8770.417
"9054",-8808.466
"9055",-8595.638
"9056",-8919.643
"9057",-9139.219
"9058",-8688.111
"9059",-8927.492
"9060",-8877.802
"9061",-8801.807
"9062",-8903.853
"9063",-8970.776
"9064",-8815.494
"9065",-9012.916
"9066",-9028.625
"9067",-9101.013
"9068",-8655.487
"9069",-8790.796
"9070",-9043.153
"9071",-8686.915
"9072",-8813.29
"9073",-8749.922
"9074",-8812.637
"9075",-8995.646
"9076",-8705.618
"9077",-9107.967
"9078",-9096.654
"9079",-8965.508
"9080",-9001.144
"9081",-9003.067
"9082",-8928.198
"9083",-8792.361
"9084",-8916.564
"9085",-8944.975
"9086",-9140.243
"9087",-8897.334
"9088",-8992.137
"9089",-8970.008
"9090",-8919.617
"9091",-9071.038
"9092",-8806.582
"9093",-8922.827
"9094",-8918.552
"9095",-8780.519
"9096",-9072.978
"9097",-8967.985
"9098",-8900.122
"9099",-8995.046
"9100",-8799.136
"9101",-8860.819
"9102",-9189.86
"9103",-9047.104
"9104",-8925.713
"9105",-8925.082
"9106",-9141.098
"9107",-8879.08
"9108",-8895.351
"9109",-8987.717
"9110",-9071.212
"9111",-8910.524
"9112",-8794.938
"9113",-8825.466
"9114",-8986.762
"9115",-8968.206
"9116",-9120.521
"9117",-8973.188
"9118",-8997.238
"9119",-8955.95
"9120",-8976.569
"9121",-9055.423
"9122",-9119.801
"9123",-8648.791
"9124",-9104.453
"9125",-8908.9
"9126",-8848.069
"9127",-8817.715
"9128",-8809.892
"9129",-8999.416
"9130",-8497.392
"9131",-8973.097
"9132",-8859.745
"9133",-9088.882
"9134",-9055.769
"9135",-8799.994
"9136",-8878.408
"9137",-8927.432
"9138",-9165.022
"9139",-8633.551
"9140",-8826.571
"9141",-8989.359
"9142",-8772.431
"9143",-8734.781
"9144",-8852.309
"9145",-8895.02
"9146",-8880.379
"9147",-8895.767
"9148",-8856.202
"9149",-8609.001
"9150",-8929.986
"9151",-8803.026
"9152",-8940.481
"9153",-8945.484
"9154",-8777.215
"9155",-8672.097
"9156",-8803.977
"9157",-8836.329
"9158",-8771.792
"9159",-8958.428
"9160",-8775.691
"9161",-8967.379
"9162",-8938.302
"9163",-8998.813
"9164",-8868.463
"9165",-8952.37
"9166",-8775.826
"9167",-9101.22
"9168",-9071.286
"9169",-9139.402
"9170",-8833.505
"9171",-8859.531
"9172",-8876.579
"9173",-8972.16
"9174",-8943.87
"9175",-8607.922
"9176",-8984.128
"9177",-9041.116
"9178",-9014.721
"9179",-8839.176
"9180",-9234.646
"9181",-8873.163
"9182",-9102.228
"9183",-8711.213
"9184",-8899.294
"9185",-8796.188
"9186",-8892.338
"9187",-9083.044
"9188",-8746.031
"9189",-8846.66
"9190",-8990.371
"9191",-9058.451
"9192",-8781.261
"9193",-9018.714
"9194",-8921.612
"9195",-8985.955
"9196",-8839.911
"9197",-8696.66
"9198",-9206.388
"9199",-8989.075
"9200",-8925.983
"9201",-8849.043
"9202",-8893.161
"9203",-8822.543
"9204",-8822.13
"9205",-8826.419
"9206",-8772.559
"9207",-9103.484
"9208",-8836.262
"9209",-9070.452
"9210",-8585.863
"9211",-8662.868
"9212",-9059.701
"9213",-9015.991
"9214",-9048.096
"9215",-9034.352
"9216",-8906.867
"9217",-9006.197
"9218",-8968.438
"9219",-9215.425
"9220",-8882.143
"9221",-8969.364
"9222",-9005.957
"9223",-9087.478
"9224",-8920.527
"9225",-8873.036
"9226",-8941.626
"9227",-8949.573
"9228",-9003.289
"9229",-8776.658
"9230",-8947.942
"9231",-8884.187
"9232",-8999.431
"9233",-8728.216
"9234",-8796.164
"9235",-8789.896
"9236",-8974.909
"9237",-8959.069
"9238",-9179.297
"9239",-9079.419
"9240",-8890.065
"9241",-8992.056
"9242",-8723.661
"9243",-8986.646
"9244",-8841.974
"9245",-8824.688
"9246",-9002.778
"9247",-9001.184
"9248",-8735.401
"9249",-9012.031
"9250",-8884.547
"9251",-8920.831
"9252",-9076.956
"9253",-8891.054
"9254",-9004.003
"9255",-8830.963
"9256",-9021.006
"9257",-8831.349
"9258",-9053.449
"9259",-9194.199
"9260",-8879.031
"9261",-8689.126
"9262",-8999.43
"9263",-8769.608
"9264",-8960.455
"9265",-8889.812
"9266",-9059.423
"9267",-8805.116
"9268",-8897.344
"9269",-9025.061
"9270",-8809.06
"9271",-8861.694
"9272",-8950.967
"9273",-9054.112
"9274",-8973.996
"9275",-8723.272
"9276",-9060.499
"9277",-9280.949
"9278",-9050.262
"9279",-9147.955
"9280",-9087.364
"9281",-8689.522
"9282",-9100.827
"9283",-8867.562
"9284",-8857.107
"9285",-8878.195
"9286",-8869.069
"9287",-9007.533
"9288",-9053.115
"9289",-9029.113
"9290",-8876.675
"9291",-8632.23
"9292",-8916.634
"9293",-8814.407
"9294",-8841.748
"9295",-9150.434
"9296",-8787.615
"9297",-9106.771
"9298",-8873.77
"9299",-8689.116
"9300",-8990.58
"9301",-8880.685
"9302",-8974.405
"9303",-8877.625
"9304",-9033.689
"9305",-8826.644
"9306",-8995.982
"9307",-8782.346
"9308",-8902.767
"9309",-9013.282
"9310",-8888.035
"9311",-8884.49
"9312",-8996.932
"9313",-8827.317
"9314",-8858.916
"9315",-8819.564
"9316",-8789.954
"9317",-8856.197
"9318",-9070.391
"9319",-8754.485
"9320",-8954.428
"9321",-9134.85
"9322",-8810.64
"9323",-8775.055
"9324",-8621.523
"9325",-9023.45
"9326",-8966.202
"9327",-8691.654
"9328",-8786.206
"9329",-8806.844
"9330",-8804.662
"9331",-9228.647
"9332",-8959.251
"9333",-9002.74
"9334",-8872.573
"9335",-8803.25
"9336",-9149.313
"9337",-8998.033
"9338",-8818.164
"9339",-8987.642
"9340",-8802.638
"9341",-9072.271
"9342",-9019.475
"9343",-9113.395
"9344",-9092.409
"9345",-9080.601
"9346",-9002.801
"9347",-8813.879
"9348",-8719.27
"9349",-9131.774
"9350",-8793.287
"9351",-8790.595
"9352",-8977.887
"9353",-8999.688
"9354",-8855.505
"9355",-8958.268
"9356",-8749.822
"9357",-9194.225
"9358",-8953.596
"9359",-9114.36
"9360",-8783.247
"9361",-8908.904
"9362",-8875.086
"9363",-8946.43
"9364",-8819.249
"9365",-8805.973
"9366",-8819.826
"9367",-8811.727
"9368",-8790.866
"9369",-8783.459
"9370",-8907.696
"9371",-8930.125
"9372",-8874.625
"9373",-8798.811
"9374",-9177.292
"9375",-9000.643
"9376",-8982.464
"9377",-8819.837
"9378",-8809.885
"9379",-9074.81
"9380",-9083.349
"9381",-9114.468
"9382",-8992.305
"9383",-8788.771
"9384",-8802.018
"9385",-8857.918
"9386",-9026.617
"9387",-9187.995
"9388",-8851.122
"9389",-8979.969
"9390",-8830.863
"9391",-8774.424
"9392",-9097.995
"9393",-8978.809
"9394",-8813.311
"9395",-8877.32
"9396",-8686.655
"9397",-8960.911
"9398",-8872.55
"9399",-8851.82
"9400",-8684.306
"9401",-9009.246
"9402",-8898.866
"9403",-8798.549
"9404",-8984.38
"9405",-8888.912
"9406",-8552.417
"9407",-8872.189
"9408",-8901.907
"9409",-9046.933
"9410",-8976.959
"9411",-8775.093
"9412",-8991.271
"9413",-8778.671
"9414",-8929.865
"9415",-8820.431
"9416",-8847.969
"9417",-8877.419
"9418",-8869.264
"9419",-9008.963
"9420",-8896.66
"9421",-8809.686
"9422",-8976.51
"9423",-8910.841
"9424",-8931.541
"9425",-8571.457
"9426",-8701.215
"9427",-8644.446
"9428",-9215.439
"9429",-9045.356
"9430",-9040.243
"9431",-8939.792
"9432",-8847.914
"9433",-8740.428
"9434",-9140.695
"9435",-9110.997
"9436",-8973.69
"9437",-8868.773
"9438",-8897.576
"9439",-8834.289
"9440",-8866.031
"9441",-9111.241
"9442",-8963.538
"9443",-8989.958
"9444",-8625.371
"9445",-8888.3
"9446",-8856.64
"9447",-8887.4
"9448",-8913.781
"9449",-8972.072
"9450",-9081.749
"9451",-8724.414
"9452",-8978.255
"9453",-8848.711
"9454",-8707.23
"9455",-8898.962
"9456",-9097.839
"9457",-8891.874
"9458",-9012.502
"9459",-9025.567
"9460",-8747.802
"9461",-8855.031
"9462",-8793.396
"9463",-8649.922
"9464",-8835.714
"9465",-8923.579
"9466",-8892.008
"9467",-9010.391
"9468",-8993.907
"9469",-8994.726
"9470",-8640.435
"9471",-8595.13
"9472",-9011.972
"9473",-8997.171
"9474",-8776.356
"9475",-8873.995
"9476",-9048.465
"9477",-8813.09
"9478",-8943.91
"9479",-8964.706
"9480",-8676.229
"9481",-8811.309
"9482",-8793.835
"9483",-8987.293
"9484",-9307.819
"9485",-9015.38
"9486",-8936.685
"9487",-8742.268
"9488",-8806.033
"9489",-9092.053
"9490",-9065.36
"9491",-8765.996
"9492",-9026.197
"9493",-8720.044
"9494",-8949.316
"9495",-8877.259
"9496",-8907.425
"9497",-8822.114
"9498",-9055.231
"9499",-9008.082
"9500",-8599.152
"9501",-8851.394
"9502",-8812.753
"9503",-8995.727
"9504",-8909.994
"9505",-9081.985
"9506",-8892.055
"9507",-8892.749
"9508",-8855.193
"9509",-9132.866
"9510",-9131.219
"9511",-9161.584
"9512",-8879.539
"9513",-8934.227
"9514",-8820.796
"9515",-8800.67
"9516",-9089.332
"9517",-8732.286
"9518",-8899.378
"9519",-8705.542
"9520",-8794.752
"9521",-8987.975
"9522",-8684.986
"9523",-8798.753
"9524",-8705.59
"9525",-8910.356
"9526",-8974.738
"9527",-8676.854
"9528",-8922.741
"9529",-8921.963
"9530",-8954.474
"9531",-8908.764
"9532",-8773.431
"9533",-8898.935
"9534",-8946.777
"9535",-8768.185
"9536",-8859.198
"9537",-9352.693
"9538",-9090.687
"9539",-8827.404
"9540",-9107.388
"9541",-9043.399
"9542",-9169.104
"9543",-8623.105
"9544",-8621.408
"9545",-8997.462
"9546",-9128.194
"9547",-8755.643
"9548",-8900.326
"9549",-9149.464
"9550",-9019.281
"9551",-8940.6
"9552",-8915.947
"9553",-8892.748
"9554",-8761.569
"9555",-8947.051
"9556",-8824.878
"9557",-8672.721
"9558",-9018.139
"9559",-9052.155
"9560",-8798.959
"9561",-8945.362
"9562",-8669.344
"9563",-8799.657
"9564",-8768.057
"9565",-9186.1
"9566",-9089.931
"9567",-8827.523
"9568",-8746.656
"9569",-8808.869
"9570",-8782.497
"9571",-8717.169
"9572",-8707.794
"9573",-8893.921
"9574",-8801.054
"9575",-8743.324
"9576",-9085.032
"9577",-8832.243
"9578",-9014.662
"9579",-8804.578
"9580",-9079.912
"9581",-8846.924
"9582",-8923.513
"9583",-8674.975
"9584",-8785.228
"9585",-8928.935
"9586",-8966.511
"9587",-9219.718
"9588",-8846.487
"9589",-8669.27
"9590",-9124.408
"9591",-8758.135
"9592",-8649.002
"9593",-9068.072
"9594",-8713.083
"9595",-8924.98
"9596",-8900.342
"9597",-9070.106
"9598",-8856.223
"9599",-8856.178
"9600",-8881.546
"9601",-9071.444
"9602",-8828
"9603",-8956.904
"9604",-9145.256
"9605",-8985.422
"9606",-8816.697
"9607",-9035.331
"9608",-8665.903
"9609",-8801.666
"9610",-8866.737
"9611",-8557.757
"9612",-9140.715
"9613",-9007.606
"9614",-8742.123
"9615",-9139.237
"9616",-8958.983
"9617",-8961
"9618",-9081.87
"9619",-9099.202
"9620",-9002.378
"9621",-9243.188
"9622",-8942.2
"9623",-9007.175
"9624",-8917.487
"9625",-8787.625
"9626",-8777.296
"9627",-8958.558
"9628",-8577.904
"9629",-8966.395
"9630",-8929.525
"9631",-9058.064
"9632",-8577.493
"9633",-9041.072
"9634",-9006.754
"9635",-9161.584
"9636",-9012.37
"9637",-9035.3
"9638",-8954.865
"9639",-8965.317
"9640",-8958.179
"9641",-8842.615
"9642",-8838.237
"9643",-9017.585
"9644",-8801.302
"9645",-8935.698
"9646",-8956.822
"9647",-8974.448
"9648",-8873.216
"9649",-8678.671
"9650",-9132.93
"9651",-9019.05
"9652",-8816.801
"9653",-8842.268
"9654",-8592.796
"9655",-8902.497
"9656",-8700.691
"9657",-8789.925
"9658",-8994.486
"9659",-8977.924
"9660",-8863.078
"9661",-8890.719
"9662",-8877.216
"9663",-9106.406
"9664",-8744.625
"9665",-8883.394
"9666",-8877.89
"9667",-9026.28
"9668",-8830.052
"9669",-8850.29
"9670",-8834.523
"9671",-8725.508
"9672",-8623.044
"9673",-8791.277
"9674",-8946.392
"9675",-9284.413
"9676",-9031.413
"9677",-8841.398
"9678",-9128.899
"9679",-8951.342
"9680",-8955.892
"9681",-8898.215
"9682",-9003.506
"9683",-8983.201
"9684",-8994.335
"9685",-9059.599
"9686",-8893.459
"9687",-8881.147
"9688",-8824.169
"9689",-8907.87
"9690",-9088.988
"9691",-8864.068
"9692",-8877.082
"9693",-8730.261
"9694",-8861.559
"9695",-9032.198
"9696",-8950.144
"9697",-9148.59
"9698",-8659.943
"9699",-8985.608
"9700",-8918.077
"9701",-8894.254
"9702",-8836.249
"9703",-8957.516
"9704",-8754.809
"9705",-8842.342
"9706",-8811.83
"9707",-9244.391
"9708",-8975.302
"9709",-8983.892
"9710",-8697.844
"9711",-9060.061
"9712",-8956.31
"9713",-8910.828
"9714",-8975.25
"9715",-9073.435
"9716",-9105.787
"9717",-8825.872
"9718",-8898.45
"9719",-8911.154
"9720",-8782.537
"9721",-8544.999
"9722",-8683.088
"9723",-8656.929
"9724",-8836.261
"9725",-8956.549
"9726",-8706.922
"9727",-8945.99
"9728",-9189.504
"9729",-8965.916
"9730",-8710.947
"9731",-8784.166
"9732",-8786.549
"9733",-9049.786
"9734",-8849.244
"9735",-9037.1
"9736",-8568.916
"9737",-8939.763
"9738",-8963.467
"9739",-8701.188
"9740",-8829.221
"9741",-8871.923
"9742",-8995.221
"9743",-8606.954
"9744",-8905.951
"9745",-8973.049
"9746",-8986.084
"9747",-9021.373
"9748",-8798.043
"9749",-9106.005
"9750",-8857.185
"9751",-8924.928
"9752",-8814.249
"9753",-8775.966
"9754",-8892.364
"9755",-8949.339
"9756",-8962.888
"9757",-8898.072
"9758",-8878.665
"9759",-8839.929
"9760",-8980.161
"9761",-8788.822
"9762",-9101.762
"9763",-9037.452
"9764",-8890.147
"9765",-8931.088
"9766",-8890.769
"9767",-9032.924
"9768",-8830.209
"9769",-8877.654
"9770",-8724.796
"9771",-8997.604
"9772",-8755.08
"9773",-8991.814
"9774",-8924.218
"9775",-8984.344
"9776",-9111.421
"9777",-8648.55
"9778",-8796.224
"9779",-8873.173
"9780",-8927.504
"9781",-8823.054
"9782",-8768.03
"9783",-8743.3
"9784",-8868.3
"9785",-9247.596
"9786",-8988.56
"9787",-9158.269
"9788",-9201.882
"9789",-9101.332
"9790",-8753.886
"9791",-8776.419
"9792",-8672.165
"9793",-9068.399
"9794",-9159.018
"9795",-8759.983
"9796",-8953.664
"9797",-9015.549
"9798",-8597.949
"9799",-8898.085
"9800",-9153.254
"9801",-8916.286
"9802",-9067.469
"9803",-8656.7
"9804",-8774.572
"9805",-9160.111
"9806",-9044.605
"9807",-8959.134
"9808",-9126.377
"9809",-8793.751
"9810",-8770.137
"9811",-8651.305
"9812",-9253.8
"9813",-8828.373
"9814",-8846
"9815",-8703.697
"9816",-9044.795
"9817",-8700.227
"9818",-8859.046
"9819",-9067.866
"9820",-8875.367
"9821",-9180.039
"9822",-9115.376
"9823",-9152.756
"9824",-9080.172
"9825",-8976.696
"9826",-8744.861
"9827",-8804.614
"9828",-9099.387
"9829",-8701.932
"9830",-8746.361
"9831",-8836.072
"9832",-8761.795
"9833",-8951.517
"9834",-8920.551
"9835",-8757.698
"9836",-8961.311
"9837",-8955.948
"9838",-8754.652
"9839",-9113.669
"9840",-8788.063
"9841",-8986.461
"9842",-9076.632
"9843",-8759.692
"9844",-9058.244
"9845",-9034.77
"9846",-8953.233
"9847",-8812.651
"9848",-8935.754
"9849",-8903.176
"9850",-8904.966
"9851",-9282.258
"9852",-9063.549
"9853",-8795.243
"9854",-8927.919
"9855",-9086.885
"9856",-8637.579
"9857",-8739.345
"9858",-8816.398
"9859",-8818.362
"9860",-9074.636
"9861",-8786.85
"9862",-8871.308
"9863",-8883.298
"9864",-8748.72
"9865",-8814.548
"9866",-8960.298
"9867",-8622.071
"9868",-8981.168
"9869",-8930.726
"9870",-9019.035
"9871",-8803.197
"9872",-8906.909
"9873",-8853.79
"9874",-9103.022
"9875",-8774.155
"9876",-8851.973
"9877",-9068.899
"9878",-8843.791
"9879",-8959.934
"9880",-8936.546
"9881",-9024.427
"9882",-8997.709
"9883",-8714.14
"9884",-8830.837
"9885",-8881.536
"9886",-8790.223
"9887",-9004.372
"9888",-9125.194
"9889",-8814.254
"9890",-8834.015
"9891",-8761.669
"9892",-9006.524
"9893",-8938.968
"9894",-8945.838
"9895",-8678.846
"9896",-8745.593
"9897",-9079.8
"9898",-8995.509
"9899",-8882.397
"9900",-9037.399
"9901",-8637.601
"9902",-8925.42
"9903",-8876.857
"9904",-8863.067
"9905",-8755.099
"9906",-9043.992
"9907",-8994.031
"9908",-9152.028
"9909",-8699.546
"9910",-8887.794
"9911",-9146.48
"9912",-8803.504
"9913",-8995.993
"9914",-9125.315
"9915",-8721.171
"9916",-8760.016
"9917",-8984.641
"9918",-9205.038
"9919",-8967.797
"9920",-8837.571
"9921",-8861.863
"9922",-9078.221
"9923",-9022.464
"9924",-8958.443
"9925",-8751.088
"9926",-9066.542
"9927",-8904.608
"9928",-8757.469
"9929",-9011.989
"9930",-8871.806
"9931",-9181.732
"9932",-9036.002
"9933",-8945.788
"9934",-8914.385
"9935",-9109.707
"9936",-8722.516
"9937",-8874.914
"9938",-8922.809
"9939",-8759.208
"9940",-8888.881
"9941",-8948.091
"9942",-8722.161
"9943",-9098.215
"9944",-9080.995
"9945",-8799.78
"9946",-8710.169
"9947",-8663.621
"9948",-8990.657
"9949",-8817.596
"9950",-8957.722
"9951",-8805.779
"9952",-9233.693
"9953",-8972.061
"9954",-8941.401
"9955",-8820.24
"9956",-9059.536
"9957",-8912.126
"9958",-9007.489
"9959",-8645.2
"9960",-9032.42
"9961",-9049.018
"9962",-9056.938
"9963",-9119.197
"9964",-9179.085
"9965",-9063.061
"9966",-8980.595
"9967",-8838.704
"9968",-8945.467
"9969",-8713.918
"9970",-8786.482
"9971",-8789.214
"9972",-9108.3
"9973",-9027.867
"9974",-9075.473
"9975",-8904.582
"9976",-8826.314
"9977",-8863.232
"9978",-8860.231
"9979",-8920.338
"9980",-8916.895
"9981",-9034.752
"9982",-8882.402
"9983",-9167.822
"9984",-8952.943
"9985",-9015.284
"9986",-9024.349
"9987",-8960.384
"9988",-8854.987
"9989",-8722.845
"9990",-9064.763
"9991",-9006.275
"9992",-8955.08
"9993",-8732.361
"9994",-8760.682
"9995",-8701.43
"9996",-8861.514
"9997",-9103.271
"9998",-8919.227
"9999",-8654.679
"10000",-8785.577
