"","x"
"1",-178688.812
"2",-178400.316
"3",-178630.195
"4",-179004.125
"5",-178063.851
"6",-178234.138
"7",-178885.385
"8",-178454.141
"9",-179334.762
"10",-178929.848
"11",-177920.629
"12",-176945.794
"13",-177600.039
"14",-178860.054
"15",-177931.599
"16",-178253.277
"17",-178577.829
"18",-176808.03
"19",-177353.838
"20",-178377.874
"21",-178684.479
"22",-179212.419
"23",-178453.64
"24",-179590.879
"25",-179015.226
"26",-177266.386
"27",-178493.927
"28",-177530.346
"29",-179148.209
"30",-178017.415
"31",-179000.414
"32",-178106.668
"33",-178667.857
"34",-178016.924
"35",-178913.943
"36",-177833.477
"37",-180190.423
"38",-177303.544
"39",-178467.864
"40",-177927.481
"41",-178385.853
"42",-178345.441
"43",-178440.591
"44",-179270.59
"45",-177928.521
"46",-179504.213
"47",-177764.977
"48",-178379.475
"49",-179302.346
"50",-179128.114
"51",-176584.586
"52",-177649.787
"53",-180101.25
"54",-178182.41
"55",-178238.594
"56",-179260.116
"57",-177728.192
"58",-180020.497
"59",-177261.129
"60",-178847.1
"61",-177902.482
"62",-178781.746
"63",-179744.723
"64",-178570.786
"65",-178047.115
"66",-178023.02
"67",-178393.88
"68",-179307.167
"69",-177053.939
"70",-179402.534
"71",-178131.911
"72",-178638.576
"73",-177940.719
"74",-178593.705
"75",-177796.615
"76",-177983.346
"77",-178923.005
"78",-178535.973
"79",-178624.081
"80",-177427.843
"81",-177803.125
"82",-177775.965
"83",-177156.27
"84",-179382.053
"85",-178711.794
"86",-177578.244
"87",-178224.532
"88",-177712.259
"89",-178104.228
"90",-178052.505
"91",-177901.324
"92",-178054.184
"93",-178855.929
"94",-177953.706
"95",-178194.763
"96",-178335.044
"97",-178442.119
"98",-178603.615
"99",-178171.212
"100",-178422.616
"101",-177532.331
"102",-177502.96
"103",-178067.631
"104",-178572.598
"105",-178240.519
"106",-179175.579
"107",-179397.741
"108",-178415.11
"109",-178310.307
"110",-179038.351
"111",-178412.159
"112",-178421.719
"113",-178454.417
"114",-176756.319
"115",-179305.205
"116",-178189.041
"117",-179646.697
"118",-178159.149
"119",-178847.765
"120",-177927.152
"121",-178432.753
"122",-178979.461
"123",-177758.187
"124",-178374.875
"125",-176778.797
"126",-177493.501
"127",-178927.589
"128",-178131.278
"129",-178477.919
"130",-178005.722
"131",-178477.709
"132",-178148.849
"133",-178822.211
"134",-178067.331
"135",-179393.004
"136",-177415.612
"137",-178145.191
"138",-177980.877
"139",-177670.29
"140",-177797.264
"141",-178661.151
"142",-179237.925
"143",-178208.499
"144",-179196.321
"145",-178079.445
"146",-178751.616
"147",-177745.98
"148",-178532.362
"149",-179178.1
"150",-179025.993
"151",-178476.887
"152",-178074.505
"153",-178625.696
"154",-178418.732
"155",-178000.277
"156",-178406.989
"157",-177588.284
"158",-177894.882
"159",-178629.185
"160",-177722.924
"161",-178817.096
"162",-179048.285
"163",-177107.762
"164",-177690.655
"165",-177134.901
"166",-178560.991
"167",-178772.532
"168",-178849.631
"169",-178554.377
"170",-178895.57
"171",-179622.352
"172",-179199.088
"173",-179237.739
"174",-178100.865
"175",-177810.17
"176",-178482.344
"177",-178447.225
"178",-178246.433
"179",-177190.982
"180",-178687.575
"181",-178373.739
"182",-178010.227
"183",-178640.613
"184",-178681.914
"185",-178890.627
"186",-179075.947
"187",-178649.129
"188",-178739.266
"189",-179101.814
"190",-177862.766
"191",-178300.445
"192",-177688.981
"193",-178693.234
"194",-178444.321
"195",-177687.662
"196",-178025.383
"197",-177871.759
"198",-178676.657
"199",-178998.235
"200",-177987.837
"201",-179495.329
"202",-178690.488
"203",-178143.892
"204",-178099.801
"205",-178132.329
"206",-177805.479
"207",-179421.673
"208",-178433.602
"209",-177253.619
"210",-178527.827
"211",-177304.428
"212",-178213.04
"213",-179418.977
"214",-177611.753
"215",-178799.306
"216",-178121.496
"217",-177753.028
"218",-178722.25
"219",-178346.359
"220",-178896.933
"221",-178059.841
"222",-179400.268
"223",-177999.07
"224",-177000.137
"225",-178987.043
"226",-178814.752
"227",-179485.776
"228",-179511.44
"229",-177898.439
"230",-179479.817
"231",-178085.792
"232",-178170.457
"233",-178709.802
"234",-177393.443
"235",-179282.258
"236",-177504.759
"237",-179313.936
"238",-178157.256
"239",-178974.261
"240",-179314.781
"241",-178027.553
"242",-178213.005
"243",-178702.591
"244",-177815.765
"245",-178203.976
"246",-179105.515
"247",-180099.977
"248",-178740.419
"249",-177501.334
"250",-177919.928
"251",-178386.671
"252",-179181.418
"253",-177364.46
"254",-178972.191
"255",-178593.792
"256",-178237.862
"257",-179167.587
"258",-178544.239
"259",-178247.055
"260",-178212.468
"261",-177855.663
"262",-178170.912
"263",-178805.807
"264",-179461.243
"265",-178739.287
"266",-178375.225
"267",-178291.202
"268",-177555.358
"269",-179034.131
"270",-178609.438
"271",-178290.516
"272",-178625.539
"273",-178063.303
"274",-178430.649
"275",-177875.016
"276",-178730.286
"277",-178335.22
"278",-178557.593
"279",-178474.553
"280",-178150.478
"281",-178364.891
"282",-178434.06
"283",-180274.789
"284",-177480.743
"285",-178399.349
"286",-178598.39
"287",-177944.672
"288",-179173.135
"289",-178969.092
"290",-176541.506
"291",-177899.931
"292",-178501.195
"293",-178272.979
"294",-178222.255
"295",-178895.745
"296",-177470.424
"297",-177830.133
"298",-179300.501
"299",-178560.317
"300",-177765.168
"301",-178414.646
"302",-178153.969
"303",-178976.268
"304",-178687.79
"305",-177973.603
"306",-179420.899
"307",-178153.739
"308",-179144.483
"309",-178622.444
"310",-178645.428
"311",-177933.679
"312",-178529.055
"313",-179092.02
"314",-179170.089
"315",-178442.75
"316",-177450.302
"317",-177713.211
"318",-178183.02
"319",-178311.965
"320",-178319.908
"321",-177504.203
"322",-179298.923
"323",-178139.386
"324",-178373.739
"325",-178660.307
"326",-177553.158
"327",-177845.202
"328",-178179.687
"329",-178356.888
"330",-177962.115
"331",-178100.385
"332",-177995.791
"333",-178133.411
"334",-178900.079
"335",-178857.243
"336",-177798.087
"337",-179336.961
"338",-179940.596
"339",-177850.215
"340",-178354.694
"341",-178516.769
"342",-178989.961
"343",-179412.5
"344",-177546.113
"345",-177059.758
"346",-177400.939
"347",-177585.188
"348",-178004.806
"349",-178930.963
"350",-177652.003
"351",-178202.315
"352",-178469.402
"353",-178358.07
"354",-179105.136
"355",-178855.494
"356",-178623.855
"357",-177883.876
"358",-179446.197
"359",-178846.598
"360",-177482.934
"361",-178532.622
"362",-178852.919
"363",-179070.998
"364",-177286.713
"365",-179355.074
"366",-178942.683
"367",-177866.758
"368",-178235.781
"369",-178769.977
"370",-177811.048
"371",-179605.503
"372",-178526.79
"373",-178892.872
"374",-178210.432
"375",-178197.773
"376",-177454.024
"377",-177950.545
"378",-180153.319
"379",-177500.898
"380",-177980.144
"381",-178932.745
"382",-178748.481
"383",-179138.264
"384",-178443.742
"385",-177511.563
"386",-178529.898
"387",-178388.64
"388",-178688.427
"389",-178140.615
"390",-178737.789
"391",-178609.492
"392",-178315.337
"393",-178657.315
"394",-177836.846
"395",-179265.742
"396",-178321.304
"397",-178375.409
"398",-178813.077
"399",-177874.273
"400",-177525.609
"401",-177878.994
"402",-178491.343
"403",-179395.112
"404",-178466.489
"405",-178806.55
"406",-178332.791
"407",-178030.472
"408",-178545.858
"409",-179051.666
"410",-177243.084
"411",-178857.711
"412",-178263.663
"413",-178020.622
"414",-179407.414
"415",-179260.351
"416",-177269.969
"417",-177970.807
"418",-178936.783
"419",-178035.783
"420",-178714.236
"421",-178956.43
"422",-178782.007
"423",-179263.669
"424",-178404.198
"425",-177604.404
"426",-179078.317
"427",-179594.391
"428",-178190.882
"429",-179711.234
"430",-177589.286
"431",-177686.326
"432",-178417.47
"433",-178461.318
"434",-179149.755
"435",-178499.871
"436",-178989.312
"437",-176973.695
"438",-179142.373
"439",-178124.172
"440",-178326.03
"441",-178764.037
"442",-178832.347
"443",-178246.019
"444",-179179.637
"445",-178514.799
"446",-178654.639
"447",-178882.297
"448",-178941.253
"449",-178700.784
"450",-177766.615
"451",-178007.938
"452",-176808.964
"453",-179028.34
"454",-179356.761
"455",-177164.175
"456",-178970.358
"457",-178892.204
"458",-178913.177
"459",-178625.06
"460",-178625.825
"461",-178288.475
"462",-178870.61
"463",-178114.777
"464",-178669.007
"465",-179414.663
"466",-177778.502
"467",-178468.997
"468",-177334.747
"469",-177470.403
"470",-179083.309
"471",-179209.328
"472",-178689.269
"473",-179273.632
"474",-177649.706
"475",-179747.459
"476",-178614.055
"477",-178766.148
"478",-178746.291
"479",-179152.758
"480",-178323.37
"481",-177344.688
"482",-179155.991
"483",-178371.782
"484",-178532.733
"485",-177068.723
"486",-179579.813
"487",-177441.229
"488",-178454.204
"489",-177374.336
"490",-179521.796
"491",-178551.205
"492",-177812.108
"493",-177328.63
"494",-178545.665
"495",-177717.429
"496",-179006.841
"497",-179162.051
"498",-177748.43
"499",-178688.401
"500",-178716.865
"501",-178790.449
"502",-178892.278
"503",-178163.78
"504",-178116.707
"505",-177820.252
"506",-178087.91
"507",-179160.165
"508",-178656.457
"509",-178878.595
"510",-179114.158
"511",-177809.129
"512",-178044.304
"513",-178356.02
"514",-177740.902
"515",-178651.237
"516",-177679.919
"517",-178384.264
"518",-178393.632
"519",-179154.924
"520",-179207.365
"521",-178634.103
"522",-178036.841
"523",-178839.716
"524",-178087.792
"525",-178290.588
"526",-178549.478
"527",-178168.711
"528",-179390.732
"529",-178288.636
"530",-178682.549
"531",-177894.86
"532",-178691.824
"533",-178409.26
"534",-179391.202
"535",-178633.435
"536",-178487.779
"537",-178977.505
"538",-179424.3
"539",-177571.514
"540",-177952.351
"541",-178115.157
"542",-178406.799
"543",-178552.015
"544",-177455.905
"545",-178494.624
"546",-178526.546
"547",-178495.407
"548",-179065.773
"549",-179471.567
"550",-178782.537
"551",-178276.571
"552",-179602.97
"553",-178579.542
"554",-178745.721
"555",-179190.431
"556",-179010.472
"557",-180291.757
"558",-177942.515
"559",-177020.161
"560",-178070.049
"561",-179386.209
"562",-178419.405
"563",-178327.53
"564",-178959.087
"565",-178839.847
"566",-178661.242
"567",-179296.138
"568",-178434.915
"569",-177932.03
"570",-177523.949
"571",-178676.027
"572",-179042.791
"573",-178017.096
"574",-179048.194
"575",-178737.57
"576",-178242.25
"577",-178452.64
"578",-179297.645
"579",-179117.582
"580",-178035.108
"581",-177727.324
"582",-179595.538
"583",-178944.82
"584",-177862.646
"585",-178562.797
"586",-177110.346
"587",-177941.95
"588",-178937.477
"589",-178116.28
"590",-178553.22
"591",-178137.456
"592",-178515.294
"593",-179010.765
"594",-177741.907
"595",-179072.802
"596",-179203.864
"597",-178840.551
"598",-179470.147
"599",-178323.814
"600",-177819.751
"601",-177560.625
"602",-176905.491
"603",-178319.794
"604",-179254.811
"605",-177386.537
"606",-178084.166
"607",-176803.984
"608",-178679.995
"609",-177503.832
"610",-178115.423
"611",-178706.211
"612",-179724.134
"613",-178597.261
"614",-178269.395
"615",-178029.199
"616",-178401.837
"617",-177261.83
"618",-177979.952
"619",-178991.317
"620",-179021.438
"621",-178703.053
"622",-178881.265
"623",-178243.504
"624",-178041.57
"625",-178908.449
"626",-179640.243
"627",-178906.073
"628",-177788.848
"629",-178036.706
"630",-178110.478
"631",-177221.772
"632",-178151.381
"633",-177814.245
"634",-177817.988
"635",-178800.104
"636",-178079.873
"637",-178273.619
"638",-178380.478
"639",-178062.664
"640",-177574.894
"641",-179100.107
"642",-178549.896
"643",-178854.858
"644",-178841.28
"645",-177752.5
"646",-178356.299
"647",-178642.066
"648",-178691.157
"649",-177434.152
"650",-177592.48
"651",-178416.216
"652",-177166.82
"653",-179009.528
"654",-178137.801
"655",-177627.424
"656",-176982.662
"657",-178079.746
"658",-177316.166
"659",-179237.896
"660",-178641.417
"661",-179290.431
"662",-178705.377
"663",-177798.859
"664",-178766.456
"665",-178547.972
"666",-178529.605
"667",-178393.983
"668",-178800.812
"669",-178794.079
"670",-176926.461
"671",-177566.316
"672",-178724.703
"673",-179172.94
"674",-178898.501
"675",-178963.744
"676",-178657.791
"677",-177595.505
"678",-179891.555
"679",-178811.076
"680",-177962.335
"681",-178071.473
"682",-180020.332
"683",-178824.799
"684",-178423.532
"685",-178213.328
"686",-178345.515
"687",-178460.669
"688",-178248.115
"689",-178917.248
"690",-177578.745
"691",-179252.055
"692",-178283.65
"693",-179907.615
"694",-177343.329
"695",-179640.878
"696",-178930.496
"697",-177963.475
"698",-179070.573
"699",-176841.748
"700",-179077.21
"701",-178348.628
"702",-178219.248
"703",-177472.871
"704",-178336.419
"705",-178326.736
"706",-177878.716
"707",-178854.069
"708",-177461.81
"709",-178091.105
"710",-178725.343
"711",-177906.914
"712",-178593.562
"713",-179242.992
"714",-178209.171
"715",-177554.905
"716",-178238.519
"717",-178912.486
"718",-178430.437
"719",-178229.337
"720",-178831.045
"721",-177276.813
"722",-179881.066
"723",-177904.938
"724",-177969.962
"725",-178758.376
"726",-178660.768
"727",-177980.154
"728",-177079.784
"729",-179433.849
"730",-178888.822
"731",-178990.305
"732",-178537.917
"733",-178463.532
"734",-178206.961
"735",-178334.625
"736",-178542.426
"737",-177530.803
"738",-179784.68
"739",-178617.506
"740",-178748.608
"741",-177839.788
"742",-178352.244
"743",-178919.259
"744",-178720.385
"745",-178359.408
"746",-178655.059
"747",-178924.902
"748",-178284.977
"749",-177722.089
"750",-178532.957
"751",-177288.073
"752",-177951.337
"753",-177854.438
"754",-178407.849
"755",-177972.971
"756",-177962.688
"757",-178473.057
"758",-178138.918
"759",-176832.751
"760",-178958.897
"761",-177726.126
"762",-179198.206
"763",-178224.128
"764",-179112.844
"765",-178482.377
"766",-179486.62
"767",-179531.115
"768",-178608.992
"769",-178051.035
"770",-179388.075
"771",-178625.139
"772",-179716.217
"773",-178730.066
"774",-178230.891
"775",-179115.957
"776",-177899.222
"777",-177661.211
"778",-178433.397
"779",-178289.265
"780",-177797.064
"781",-178588.858
"782",-178489.479
"783",-177874.906
"784",-178991.464
"785",-178990.362
"786",-178776.532
"787",-177489.446
"788",-179595.847
"789",-178011.127
"790",-178346.731
"791",-179893.451
"792",-178441.159
"793",-178830.928
"794",-177528.903
"795",-178754.834
"796",-179451.386
"797",-177651.579
"798",-178231.867
"799",-177432.64
"800",-177996.386
"801",-179425.587
"802",-178918.618
"803",-177536.987
"804",-178563.005
"805",-178196.407
"806",-178298.627
"807",-177523.368
"808",-179523.751
"809",-179102.161
"810",-179358.738
"811",-178644.228
"812",-179018.072
"813",-178766.579
"814",-178827.347
"815",-177786.032
"816",-176989.807
"817",-178684.571
"818",-179650.277
"819",-178392.412
"820",-178918.168
"821",-178241.613
"822",-178911.005
"823",-178560.784
"824",-177231.977
"825",-179033.974
"826",-178681.52
"827",-177945.987
"828",-178441.758
"829",-177477.899
"830",-177995.422
"831",-178768.086
"832",-178709.067
"833",-177896.702
"834",-178612.423
"835",-179509.554
"836",-178129.002
"837",-177596.346
"838",-179356.867
"839",-178641.494
"840",-178224.226
"841",-177618.587
"842",-178594.275
"843",-179708.351
"844",-179010.151
"845",-178750.677
"846",-179152.789
"847",-178656.325
"848",-177244.164
"849",-179960.477
"850",-178121.474
"851",-178979.451
"852",-177639.624
"853",-178395.125
"854",-177699.725
"855",-178518.357
"856",-178658.86
"857",-179277.256
"858",-178700
"859",-180005.841
"860",-177599.966
"861",-178423.308
"862",-178762.631
"863",-178389.573
"864",-179430.475
"865",-178613.863
"866",-178527.707
"867",-177616.914
"868",-177365.372
"869",-179730.983
"870",-177920.948
"871",-179003.643
"872",-177394.817
"873",-177464.318
"874",-177476.499
"875",-178725.61
"876",-179386.778
"877",-177273.144
"878",-179180.505
"879",-178881.939
"880",-177469.571
"881",-179002.221
"882",-177553.475
"883",-179181.181
"884",-178864.943
"885",-179332.653
"886",-178781.415
"887",-178595.491
"888",-178114.339
"889",-177665.652
"890",-178702.122
"891",-178471.807
"892",-178456.642
"893",-178284.489
"894",-178216.629
"895",-177357.057
"896",-178883.551
"897",-179290.896
"898",-178586.238
"899",-178499.058
"900",-178040.113
"901",-179868.746
"902",-179507.543
"903",-178448.925
"904",-179057.017
"905",-178232.601
"906",-178328.844
"907",-177603.315
"908",-177833.472
"909",-178477.425
"910",-178329.678
"911",-178607.017
"912",-177228.005
"913",-179067.008
"914",-179271.381
"915",-177391.457
"916",-178037.262
"917",-178216.869
"918",-179225.292
"919",-178671.568
"920",-178338.063
"921",-177822.785
"922",-178663.537
"923",-178639.657
"924",-178262.142
"925",-177490.621
"926",-177964.94
"927",-177843.975
"928",-177952.028
"929",-179317.188
"930",-178284.904
"931",-179016.099
"932",-179293.428
"933",-179632.884
"934",-178468.386
"935",-178897.799
"936",-179564.486
"937",-178872.027
"938",-178095.384
"939",-178742.192
"940",-177033.334
"941",-177533.683
"942",-177529.19
"943",-178281.735
"944",-177689.585
"945",-178372.175
"946",-178331.746
"947",-179549.157
"948",-179097.139
"949",-179298.657
"950",-178219.488
"951",-178320.545
"952",-179041.899
"953",-178889.846
"954",-178173.413
"955",-177947.958
"956",-177566.802
"957",-178787.017
"958",-178652.433
"959",-177827.747
"960",-178957.971
"961",-179008.855
"962",-178356.186
"963",-178787.475
"964",-177794.623
"965",-178516.896
"966",-177641.218
"967",-178913.928
"968",-178168.391
"969",-177503.011
"970",-178328.536
"971",-178897.008
"972",-177924.169
"973",-178192.244
"974",-178234.041
"975",-177892.254
"976",-178225.09
"977",-178137.789
"978",-178462.747
"979",-177511.064
"980",-177550.913
"981",-178328.619
"982",-179334.51
"983",-179006.748
"984",-179211.326
"985",-178442.655
"986",-178471.439
"987",-177766.916
"988",-178730.071
"989",-178378.479
"990",-179604.751
"991",-177654.716
"992",-178439.419
"993",-179008.206
"994",-177946.036
"995",-178616.723
"996",-179545.201
"997",-179185.849
"998",-178355.757
"999",-177467.769
"1000",-177921.006
"1001",-179042.262
"1002",-179454.003
"1003",-177895.154
"1004",-177770.93
"1005",-177516.028
"1006",-177125.08
"1007",-178949.312
"1008",-179592.24
"1009",-177663.03
"1010",-178579.878
"1011",-177718.295
"1012",-179288.671
"1013",-178238.741
"1014",-178129.986
"1015",-179411.89
"1016",-178390.815
"1017",-179761.558
"1018",-178155.193
"1019",-178620.854
"1020",-180123.159
"1021",-178125.257
"1022",-178743.158
"1023",-177663.085
"1024",-178143.318
"1025",-178431.515
"1026",-179484.766
"1027",-178984.668
"1028",-178728.116
"1029",-177970.019
"1030",-178372.854
"1031",-178745.614
"1032",-178259.15
"1033",-178294.999
"1034",-178630.004
"1035",-179511.597
"1036",-179367.899
"1037",-179089.217
"1038",-178652.165
"1039",-177744.935
"1040",-178158.63
"1041",-178427.087
"1042",-178033.734
"1043",-179492.617
"1044",-177411.27
"1045",-178337.75
"1046",-178528.38
"1047",-179285.333
"1048",-178748.564
"1049",-177165.105
"1050",-178949.737
"1051",-179449.261
"1052",-178399.76
"1053",-178358.245
"1054",-178084.427
"1055",-177440.275
"1056",-177786.563
"1057",-178867.277
"1058",-178409.719
"1059",-178435.613
"1060",-179050.174
"1061",-178485.174
"1062",-178349.077
"1063",-178254.309
"1064",-178676.803
"1065",-179463.635
"1066",-178508.399
"1067",-177978.986
"1068",-177796.092
"1069",-179342.961
"1070",-177850.262
"1071",-177460.273
"1072",-178212.762
"1073",-177951.187
"1074",-178724.477
"1075",-177973.685
"1076",-178520.872
"1077",-178109.356
"1078",-177796.07
"1079",-177707.907
"1080",-177789.629
"1081",-178610.845
"1082",-179130.22
"1083",-178876.818
"1084",-179303.867
"1085",-178602.525
"1086",-177757.971
"1087",-178664.339
"1088",-179474.724
"1089",-177974.688
"1090",-179646.817
"1091",-178364.022
"1092",-177371.843
"1093",-178886.764
"1094",-178283.874
"1095",-178917.961
"1096",-177680.154
"1097",-177757.078
"1098",-178350.966
"1099",-177073.374
"1100",-178461.731
"1101",-177488.496
"1102",-178466.669
"1103",-178311.72
"1104",-176471.756
"1105",-178826.686
"1106",-178821.011
"1107",-178666.378
"1108",-177068.522
"1109",-178009.065
"1110",-177143.147
"1111",-179675.828
"1112",-177701.943
"1113",-179623.526
"1114",-178347.85
"1115",-179009.702
"1116",-178090.867
"1117",-178596.895
"1118",-179108.167
"1119",-178764.249
"1120",-177765.058
"1121",-179184.092
"1122",-177572.411
"1123",-178717.467
"1124",-179382.53
"1125",-179067.477
"1126",-177891.519
"1127",-179004.996
"1128",-178488.346
"1129",-178318.212
"1130",-178194.963
"1131",-178820.052
"1132",-178289.245
"1133",-178491.262
"1134",-178237.648
"1135",-177710.628
"1136",-177904.332
"1137",-178066.193
"1138",-178427.17
"1139",-177776.086
"1140",-177712.928
"1141",-178052.026
"1142",-178544.238
"1143",-179251.995
"1144",-178868.8
"1145",-178811.988
"1146",-178310.547
"1147",-177866.486
"1148",-178159.093
"1149",-178606.068
"1150",-177763.913
"1151",-178304.165
"1152",-178216.319
"1153",-179464.301
"1154",-179487.089
"1155",-179158.818
"1156",-177922.994
"1157",-179002.715
"1158",-178091.046
"1159",-177412.784
"1160",-177185.888
"1161",-178551.498
"1162",-178227.455
"1163",-178342.814
"1164",-178791.433
"1165",-177724.235
"1166",-178948.238
"1167",-177768.226
"1168",-178430.946
"1169",-178664.198
"1170",-178410.552
"1171",-177172.154
"1172",-179105.015
"1173",-178556.352
"1174",-178459.447
"1175",-178509.486
"1176",-178715.792
"1177",-177583.054
"1178",-178687.102
"1179",-179192.91
"1180",-179285.635
"1181",-177832.367
"1182",-178549.473
"1183",-178498.449
"1184",-178672.616
"1185",-177746.844
"1186",-178466.004
"1187",-178909.115
"1188",-179161.579
"1189",-178997.009
"1190",-178839.791
"1191",-179215.338
"1192",-180330.085
"1193",-177873.443
"1194",-178067.153
"1195",-178809.117
"1196",-178208.336
"1197",-178870.134
"1198",-178407.424
"1199",-178815.68
"1200",-177140.34
"1201",-178207.828
"1202",-179108.483
"1203",-179405.067
"1204",-179062.147
"1205",-179853.67
"1206",-179178.205
"1207",-178440.661
"1208",-177685.976
"1209",-178807.401
"1210",-178432.748
"1211",-177723.646
"1212",-177431.429
"1213",-179156.756
"1214",-178823.666
"1215",-178791.472
"1216",-179338.758
"1217",-178806.554
"1218",-179548.95
"1219",-178586.064
"1220",-178578.418
"1221",-178195.187
"1222",-178435.022
"1223",-179126.018
"1224",-178214.465
"1225",-178886.831
"1226",-178720.822
"1227",-177688.195
"1228",-178368.962
"1229",-178199.204
"1230",-177812.473
"1231",-177372.639
"1232",-177519.607
"1233",-179485.932
"1234",-177861.39
"1235",-178335.387
"1236",-178087.967
"1237",-177776.437
"1238",-178853.559
"1239",-177474.814
"1240",-177743.745
"1241",-178586.139
"1242",-179786.984
"1243",-179080.767
"1244",-178022.803
"1245",-178017.508
"1246",-179280.514
"1247",-178440.432
"1248",-177941.248
"1249",-178698.645
"1250",-178646.327
"1251",-178266.878
"1252",-178000.715
"1253",-177761.232
"1254",-178530.41
"1255",-178288.811
"1256",-179403.242
"1257",-178419.545
"1258",-178605.447
"1259",-178122.413
"1260",-178114.747
"1261",-178763.546
"1262",-178801.748
"1263",-178692.234
"1264",-177932.343
"1265",-179335.578
"1266",-179634.37
"1267",-178487.918
"1268",-178829.955
"1269",-177549.016
"1270",-178828.647
"1271",-179477.521
"1272",-179647.444
"1273",-178285.156
"1274",-178055.295
"1275",-179084.206
"1276",-178900.453
"1277",-179673.092
"1278",-178473.66
"1279",-178639.26
"1280",-178132.882
"1281",-178340.558
"1282",-179567.768
"1283",-177087.349
"1284",-178465.8
"1285",-178776.015
"1286",-178555.674
"1287",-177488.98
"1288",-178770.567
"1289",-177112.028
"1290",-177324.694
"1291",-178905.347
"1292",-178425.763
"1293",-178637.323
"1294",-178550.569
"1295",-178415.916
"1296",-179298.144
"1297",-177711.793
"1298",-178666.6
"1299",-177956.616
"1300",-178504.187
"1301",-178934.166
"1302",-178621.722
"1303",-179060.777
"1304",-178777.175
"1305",-178095.778
"1306",-177521.504
"1307",-177641.224
"1308",-178064.06
"1309",-179851.937
"1310",-179298.592
"1311",-177952.869
"1312",-178804.972
"1313",-177700.397
"1314",-177578.014
"1315",-178040.719
"1316",-178248.515
"1317",-178077.858
"1318",-178212.837
"1319",-178765.544
"1320",-178306.584
"1321",-178226.21
"1322",-178196.468
"1323",-179118.474
"1324",-178269.619
"1325",-178542.23
"1326",-178309.808
"1327",-178875.467
"1328",-177808.681
"1329",-177782.235
"1330",-178555.552
"1331",-177350.626
"1332",-179421.343
"1333",-178560.154
"1334",-177834.639
"1335",-178577.44
"1336",-179275.624
"1337",-178559.891
"1338",-178788.54
"1339",-177666.989
"1340",-177699.693
"1341",-179000.106
"1342",-178784.097
"1343",-178388.885
"1344",-178311.928
"1345",-179087.953
"1346",-177246.871
"1347",-178164.709
"1348",-178701.153
"1349",-179427.487
"1350",-177790.126
"1351",-178615.987
"1352",-178450.468
"1353",-178418.71
"1354",-177682.74
"1355",-178415.065
"1356",-178921.111
"1357",-178456.032
"1358",-178698.508
"1359",-179084.877
"1360",-178400.388
"1361",-178077.229
"1362",-178691.085
"1363",-178268.434
"1364",-179628.628
"1365",-177743.275
"1366",-179256.01
"1367",-178579.407
"1368",-177980.732
"1369",-179041.384
"1370",-180086.174
"1371",-178054.881
"1372",-178904.861
"1373",-177715.924
"1374",-178725.88
"1375",-178806.945
"1376",-179390.202
"1377",-178879.525
"1378",-178928.257
"1379",-177445.205
"1380",-178462.918
"1381",-178786.626
"1382",-178245.539
"1383",-178008.387
"1384",-178555
"1385",-178312.59
"1386",-178036.491
"1387",-178741.998
"1388",-178775.7
"1389",-179771.999
"1390",-179191.034
"1391",-177763.799
"1392",-178615.754
"1393",-178751.166
"1394",-178245.024
"1395",-178052.772
"1396",-178841.172
"1397",-178462.373
"1398",-178023.823
"1399",-178420.616
"1400",-178667.289
"1401",-179618.714
"1402",-177981.173
"1403",-179484.231
"1404",-178170.761
"1405",-178177.561
"1406",-178246.333
"1407",-179333.6
"1408",-178017.973
"1409",-179182.895
"1410",-179620.856
"1411",-179419.855
"1412",-178647.086
"1413",-178439.755
"1414",-177850.238
"1415",-177750.627
"1416",-177569.284
"1417",-178423.121
"1418",-178470.868
"1419",-177855.668
"1420",-177542.942
"1421",-178373.934
"1422",-178477.156
"1423",-178340.008
"1424",-179453.241
"1425",-176736.001
"1426",-178845.956
"1427",-177949.278
"1428",-177561.051
"1429",-177815.279
"1430",-178406.764
"1431",-178654.413
"1432",-177883.246
"1433",-177016.798
"1434",-177748.051
"1435",-178185.778
"1436",-178813.987
"1437",-177579.592
"1438",-179057.912
"1439",-177576.883
"1440",-178058.175
"1441",-177884.517
"1442",-177835.07
"1443",-179386.47
"1444",-177815.091
"1445",-178963.714
"1446",-178685.513
"1447",-177887.436
"1448",-177363.913
"1449",-178092.074
"1450",-178833.58
"1451",-179201.894
"1452",-180085.844
"1453",-178511.36
"1454",-178198.612
"1455",-177964.972
"1456",-176994.405
"1457",-179126.984
"1458",-177791.309
"1459",-177701.051
"1460",-177950.683
"1461",-179359.205
"1462",-178777.367
"1463",-178326.653
"1464",-177816.784
"1465",-176740.479
"1466",-177535.501
"1467",-178556.553
"1468",-177968.875
"1469",-179290.351
"1470",-178319.974
"1471",-178108.065
"1472",-178036.904
"1473",-178235.296
"1474",-178460.425
"1475",-179613.09
"1476",-177817.275
"1477",-178773.74
"1478",-178685.473
"1479",-177781.705
"1480",-178849.976
"1481",-177265.761
"1482",-177782.2
"1483",-178986.328
"1484",-177699.077
"1485",-178270.583
"1486",-178553.169
"1487",-177758.971
"1488",-178485.123
"1489",-178544.061
"1490",-178410.781
"1491",-179254.844
"1492",-178566.442
"1493",-178156.89
"1494",-178773.804
"1495",-178036.761
"1496",-178125.346
"1497",-178347.722
"1498",-177163.64
"1499",-178540.239
"1500",-178877.659
"1501",-178668.623
"1502",-178269.572
"1503",-178886.489
"1504",-177894.798
"1505",-178482.221
"1506",-177319.405
"1507",-179479.44
"1508",-179693.514
"1509",-177895.996
"1510",-177990.196
"1511",-179097.132
"1512",-178269.823
"1513",-179619.795
"1514",-177894.403
"1515",-178967.511
"1516",-178645.899
"1517",-178413.392
"1518",-178699.547
"1519",-178981.416
"1520",-177001.779
"1521",-178221.64
"1522",-178046.87
"1523",-179359.578
"1524",-179064.963
"1525",-177424.99
"1526",-178136.943
"1527",-178497.541
"1528",-179049.273
"1529",-178098.145
"1530",-177761.326
"1531",-179266.658
"1532",-178748.982
"1533",-178169.557
"1534",-178335.368
"1535",-178849.774
"1536",-178081.331
"1537",-178404.475
"1538",-179180.049
"1539",-177647.935
"1540",-179318.166
"1541",-178714.024
"1542",-179401.655
"1543",-178364.364
"1544",-178328.302
"1545",-177677.772
"1546",-178107.778
"1547",-178821.697
"1548",-178136.063
"1549",-179595.211
"1550",-178528.059
"1551",-178517.89
"1552",-178946.916
"1553",-177520.697
"1554",-177988.036
"1555",-178167.726
"1556",-179167.488
"1557",-178347
"1558",-178824.255
"1559",-177675.119
"1560",-178612.035
"1561",-178964.489
"1562",-178691.969
"1563",-179086.921
"1564",-179484.864
"1565",-179137.438
"1566",-178744.92
"1567",-178373.646
"1568",-179243.118
"1569",-176891.774
"1570",-178848.999
"1571",-178099.745
"1572",-179315.555
"1573",-178717.253
"1574",-177245.517
"1575",-178713.716
"1576",-178109.795
"1577",-177756.931
"1578",-178498.802
"1579",-178815.478
"1580",-177505.667
"1581",-178191.608
"1582",-178477.744
"1583",-178709.46
"1584",-178392.856
"1585",-178053.921
"1586",-178014.318
"1587",-178215.673
"1588",-179583.753
"1589",-178560.276
"1590",-178459.643
"1591",-178328.339
"1592",-178147.367
"1593",-178714.747
"1594",-177886.884
"1595",-179584.214
"1596",-178624.74
"1597",-178093.59
"1598",-178397.217
"1599",-178749.927
"1600",-178902.127
"1601",-179100.901
"1602",-178023.812
"1603",-178354.046
"1604",-177754.188
"1605",-178617.34
"1606",-178868.481
"1607",-179006.923
"1608",-179103.225
"1609",-178423.516
"1610",-178997.429
"1611",-178843.856
"1612",-178514.478
"1613",-177645.271
"1614",-178454.49
"1615",-177834.788
"1616",-177489.838
"1617",-178429.218
"1618",-178557.505
"1619",-177908.013
"1620",-178574.166
"1621",-178297.289
"1622",-178165.84
"1623",-178403.187
"1624",-179329.377
"1625",-178349.519
"1626",-178698.149
"1627",-177743.211
"1628",-177936.218
"1629",-176410.497
"1630",-179269.682
"1631",-177809.598
"1632",-178215.72
"1633",-178140.505
"1634",-178640.79
"1635",-178358.671
"1636",-177271.963
"1637",-179011.825
"1638",-177954.462
"1639",-178473.258
"1640",-178136.844
"1641",-178602.719
"1642",-178555.253
"1643",-177874.21
"1644",-178859.432
"1645",-179124.5
"1646",-178395.37
"1647",-178180.564
"1648",-178254.828
"1649",-179143.557
"1650",-178431.208
"1651",-178197.439
"1652",-178854.471
"1653",-177708.191
"1654",-179628.278
"1655",-177852.499
"1656",-178180.229
"1657",-180277.636
"1658",-178094.715
"1659",-178655.106
"1660",-178606.197
"1661",-178508.898
"1662",-179498.759
"1663",-178856.058
"1664",-177191.084
"1665",-178083.361
"1666",-177567.767
"1667",-177736.194
"1668",-177375.912
"1669",-178505.341
"1670",-179070.546
"1671",-179473.405
"1672",-177442.583
"1673",-178443.598
"1674",-178628.257
"1675",-178471.695
"1676",-178660.552
"1677",-178933.24
"1678",-178572.712
"1679",-178981.245
"1680",-177648.033
"1681",-177864.131
"1682",-178549.734
"1683",-179400.446
"1684",-179232.934
"1685",-179044.017
"1686",-178808.843
"1687",-177287.802
"1688",-177714.321
"1689",-178442.207
"1690",-179012.328
"1691",-178438.524
"1692",-177374.333
"1693",-176727.748
"1694",-178139.136
"1695",-178789.473
"1696",-178583.429
"1697",-177940.21
"1698",-178386.218
"1699",-178749.72
"1700",-178879.887
"1701",-178894.351
"1702",-178488.484
"1703",-178435.721
"1704",-179035.343
"1705",-178563.355
"1706",-178900.506
"1707",-176906.494
"1708",-178597.569
"1709",-178047.835
"1710",-178816.219
"1711",-179466.134
"1712",-178538.213
"1713",-178816.059
"1714",-177445.759
"1715",-178341.785
"1716",-178293.39
"1717",-178677.791
"1718",-179099.564
"1719",-179788.969
"1720",-178049.474
"1721",-178861.24
"1722",-178047.605
"1723",-178155.602
"1724",-177395.718
"1725",-178486.071
"1726",-178484.712
"1727",-178818.621
"1728",-177498.041
"1729",-178326.573
"1730",-178827.428
"1731",-177662.314
"1732",-177744.645
"1733",-178740.01
"1734",-179051.438
"1735",-178161.454
"1736",-178427.979
"1737",-178505.877
"1738",-178305.95
"1739",-178031.731
"1740",-178885.289
"1741",-177766.526
"1742",-178106.569
"1743",-178623.794
"1744",-178553.27
"1745",-178907.709
"1746",-177514.826
"1747",-178182.321
"1748",-179397.842
"1749",-179063.063
"1750",-179673.019
"1751",-178314.443
"1752",-179734.891
"1753",-178220.877
"1754",-177734.302
"1755",-178997.441
"1756",-178050.082
"1757",-178897.179
"1758",-178695.059
"1759",-179891.608
"1760",-178004.803
"1761",-177688.621
"1762",-178773.337
"1763",-177804.062
"1764",-178250.391
"1765",-178265.499
"1766",-179279.675
"1767",-178457.304
"1768",-179608.982
"1769",-178227.483
"1770",-178635.465
"1771",-178292.874
"1772",-178660.121
"1773",-177409.694
"1774",-177986.517
"1775",-179082.721
"1776",-179454.75
"1777",-178909.483
"1778",-177029.179
"1779",-177997.797
"1780",-179585.72
"1781",-178916.782
"1782",-177450.978
"1783",-177825.832
"1784",-177939.541
"1785",-178452.599
"1786",-178617.846
"1787",-178144.38
"1788",-179000.136
"1789",-178467.815
"1790",-178402.054
"1791",-178609.321
"1792",-178222.769
"1793",-178517.755
"1794",-178164.045
"1795",-177943.293
"1796",-179433.973
"1797",-179062.448
"1798",-178524.515
"1799",-178960.313
"1800",-177694.767
"1801",-179270.114
"1802",-177983.525
"1803",-177581.77
"1804",-177454.693
"1805",-178804.874
"1806",-178778.337
"1807",-177015.095
"1808",-179297.122
"1809",-177753.531
"1810",-177873.637
"1811",-177626.793
"1812",-178498.054
"1813",-178318.733
"1814",-178084.054
"1815",-178774.868
"1816",-178386.034
"1817",-178058.117
"1818",-178276.449
"1819",-177940.908
"1820",-178622.112
"1821",-178376.107
"1822",-177942.792
"1823",-178092.225
"1824",-178834.605
"1825",-179435.845
"1826",-177202.449
"1827",-176934.546
"1828",-178072.901
"1829",-179004.126
"1830",-178449.328
"1831",-177081.896
"1832",-178808.386
"1833",-177392.229
"1834",-179147.162
"1835",-178960.098
"1836",-177895.589
"1837",-178999.635
"1838",-178191.252
"1839",-178578.045
"1840",-178956.663
"1841",-177505.904
"1842",-179281.68
"1843",-178421.517
"1844",-178001.54
"1845",-178483.723
"1846",-178166.338
"1847",-179036.878
"1848",-177823.161
"1849",-178722.493
"1850",-178648.199
"1851",-178403.45
"1852",-177580.142
"1853",-179058.873
"1854",-179065.089
"1855",-178470.884
"1856",-179966.042
"1857",-178912.024
"1858",-177895.648
"1859",-177729.263
"1860",-178917.641
"1861",-179621.061
"1862",-178952.579
"1863",-177616.827
"1864",-179167.174
"1865",-178868.41
"1866",-179574.961
"1867",-179478.859
"1868",-178746.78
"1869",-179048.781
"1870",-177960.975
"1871",-178651.034
"1872",-177495.413
"1873",-179139.501
"1874",-178688.288
"1875",-178898.422
"1876",-177871.17
"1877",-179263.611
"1878",-178489.914
"1879",-178874.381
"1880",-178053.689
"1881",-179276.395
"1882",-178171.335
"1883",-178668.984
"1884",-177879.557
"1885",-178413.951
"1886",-178980.501
"1887",-178135.064
"1888",-178413.949
"1889",-179212.159
"1890",-178336.883
"1891",-177707.853
"1892",-177310.386
"1893",-178657.888
"1894",-179654.574
"1895",-178206.441
"1896",-178802.476
"1897",-177467.287
"1898",-177517.97
"1899",-178348.36
"1900",-178087.424
"1901",-178693.294
"1902",-177943.209
"1903",-179280.639
"1904",-178537.354
"1905",-178158.08
"1906",-178948.458
"1907",-177493.848
"1908",-177908.126
"1909",-177552.707
"1910",-178480.822
"1911",-178469.552
"1912",-178400.974
"1913",-177999.853
"1914",-178408.584
"1915",-178223.545
"1916",-178292.721
"1917",-177885.893
"1918",-178250.363
"1919",-178230.535
"1920",-178320.412
"1921",-179509.505
"1922",-179181.789
"1923",-177606.698
"1924",-179011.864
"1925",-178953.944
"1926",-178741.336
"1927",-179234.319
"1928",-177132.763
"1929",-178119.384
"1930",-178603.837
"1931",-178399.89
"1932",-179582.425
"1933",-178526.443
"1934",-179821.957
"1935",-178087.699
"1936",-177199.907
"1937",-177777.52
"1938",-178232.054
"1939",-178114.983
"1940",-178640.002
"1941",-179411.149
"1942",-178849.684
"1943",-178215.999
"1944",-177552.165
"1945",-179178.115
"1946",-178111.97
"1947",-179461.343
"1948",-178252.928
"1949",-178631.922
"1950",-179543.926
"1951",-178688.604
"1952",-179571.226
"1953",-177817.212
"1954",-179078.292
"1955",-177619.075
"1956",-178747.148
"1957",-177675.015
"1958",-178031.755
"1959",-177889.822
"1960",-178166.821
"1961",-177983.338
"1962",-179228.566
"1963",-179061.677
"1964",-176894.948
"1965",-178105.344
"1966",-178306.59
"1967",-179358.846
"1968",-177000.359
"1969",-178167.447
"1970",-178237.278
"1971",-178161.033
"1972",-177798.709
"1973",-178875.25
"1974",-178561.751
"1975",-178932.002
"1976",-178405.713
"1977",-176997.901
"1978",-179014.795
"1979",-179302.541
"1980",-178257.017
"1981",-177959.809
"1982",-178514.282
"1983",-178396.163
"1984",-178182.885
"1985",-177019.795
"1986",-178493.474
"1987",-178963.961
"1988",-178759.373
"1989",-179103.139
"1990",-178061.483
"1991",-177758.018
"1992",-178959.159
"1993",-179158.2
"1994",-178427.867
"1995",-178142.022
"1996",-177531.707
"1997",-177960.514
"1998",-178069.668
"1999",-178663.348
"2000",-179974.964
"2001",-178115.831
"2002",-177899.618
"2003",-177098.63
"2004",-177681.016
"2005",-178342.521
"2006",-178261.509
"2007",-177394.044
"2008",-178265.502
"2009",-180134.121
"2010",-178117.137
"2011",-178693.067
"2012",-178892.287
"2013",-177910.099
"2014",-177720.347
"2015",-178223.968
"2016",-179290.903
"2017",-178474.508
"2018",-178714.742
"2019",-178920.969
"2020",-179083.513
"2021",-177800.556
"2022",-178318.267
"2023",-177848.347
"2024",-178584.191
"2025",-176998.939
"2026",-178147.228
"2027",-178188.54
"2028",-178366.748
"2029",-179391.834
"2030",-177624.285
"2031",-178803.488
"2032",-179327.034
"2033",-178594.796
"2034",-177612.476
"2035",-179476.525
"2036",-176865.68
"2037",-177404.319
"2038",-178336.622
"2039",-178031.288
"2040",-178610.388
"2041",-178060.461
"2042",-178281.467
"2043",-178491.18
"2044",-178838.642
"2045",-177685.767
"2046",-179113.17
"2047",-178671.508
"2048",-178806.265
"2049",-178040.92
"2050",-178821.849
"2051",-178294.546
"2052",-177034.084
"2053",-178992.681
"2054",-178168.965
"2055",-176871.913
"2056",-177507.386
"2057",-178408.339
"2058",-178764.823
"2059",-179130.383
"2060",-178816.253
"2061",-179306.739
"2062",-178417.877
"2063",-179893.085
"2064",-178476.73
"2065",-178672.229
"2066",-178621.625
"2067",-178348.239
"2068",-178116.027
"2069",-178621.288
"2070",-177864.581
"2071",-178075.941
"2072",-178810.57
"2073",-177782.994
"2074",-178587.54
"2075",-178306.997
"2076",-178723.834
"2077",-179277.469
"2078",-178534.857
"2079",-178296.999
"2080",-178544.508
"2081",-177524.794
"2082",-178311.052
"2083",-178908.488
"2084",-177462.625
"2085",-178006.461
"2086",-178747.966
"2087",-178785.281
"2088",-176773.925
"2089",-177076.995
"2090",-179174.284
"2091",-178334.907
"2092",-177883.174
"2093",-179383.852
"2094",-178903.53
"2095",-177916.093
"2096",-178332.052
"2097",-178744.663
"2098",-178874.104
"2099",-178140.041
"2100",-178076.421
"2101",-178695.041
"2102",-177982.349
"2103",-179019.045
"2104",-178004.576
"2105",-179801.829
"2106",-179046.247
"2107",-179823.523
"2108",-178073.573
"2109",-176877.313
"2110",-177523.954
"2111",-178233.705
"2112",-178500.527
"2113",-177969.791
"2114",-178237.481
"2115",-177636.259
"2116",-178137.63
"2117",-178538.977
"2118",-178672.627
"2119",-178577.345
"2120",-178265.962
"2121",-178008.196
"2122",-179028.838
"2123",-179080.659
"2124",-179484.05
"2125",-178635.573
"2126",-179947.924
"2127",-178218.641
"2128",-178140.941
"2129",-179139.709
"2130",-178640.065
"2131",-178452.026
"2132",-176846.392
"2133",-177611.365
"2134",-177799.69
"2135",-177427.942
"2136",-178267.861
"2137",-178505.205
"2138",-179201.072
"2139",-178551.04
"2140",-179017.785
"2141",-178644.172
"2142",-179163.2
"2143",-178254.341
"2144",-178424.125
"2145",-178934.06
"2146",-178074.327
"2147",-178355.977
"2148",-178026.378
"2149",-180046.36
"2150",-178204.97
"2151",-179391.274
"2152",-178733.772
"2153",-178961.674
"2154",-178559.466
"2155",-177434.883
"2156",-178181.262
"2157",-179310.711
"2158",-178389.693
"2159",-178405.268
"2160",-178042.892
"2161",-177258.267
"2162",-178500.071
"2163",-178683.736
"2164",-177551.605
"2165",-179047.266
"2166",-178516.904
"2167",-178922.732
"2168",-177698.635
"2169",-178190.653
"2170",-179166.714
"2171",-178141.574
"2172",-178181.494
"2173",-178559.268
"2174",-178837.741
"2175",-178994.525
"2176",-177668.393
"2177",-177935.604
"2178",-178292.273
"2179",-177663.807
"2180",-178401.128
"2181",-178569.251
"2182",-178113.122
"2183",-178021.451
"2184",-179264.632
"2185",-177981.795
"2186",-178131.079
"2187",-177300.323
"2188",-178545.297
"2189",-178884.645
"2190",-178258.34
"2191",-178644.482
"2192",-178294.246
"2193",-178627.031
"2194",-179904.606
"2195",-178301.754
"2196",-177594.87
"2197",-177116.217
"2198",-179158.888
"2199",-177263.97
"2200",-178771.169
"2201",-176742.065
"2202",-178511.856
"2203",-178718.806
"2204",-177775.367
"2205",-177202.58
"2206",-177835.637
"2207",-177715.411
"2208",-178725.008
"2209",-178524.807
"2210",-178462.701
"2211",-178295.398
"2212",-180408.326
"2213",-177900.348
"2214",-178155.941
"2215",-178980.445
"2216",-178015.503
"2217",-178847.972
"2218",-179207.798
"2219",-176981.367
"2220",-178995.769
"2221",-178933.052
"2222",-178930.499
"2223",-178837.548
"2224",-178572.185
"2225",-178856.702
"2226",-177980.858
"2227",-178414.93
"2228",-178977.799
"2229",-178041.598
"2230",-177727.307
"2231",-179036.177
"2232",-178009.854
"2233",-179361.275
"2234",-178778.243
"2235",-177809.762
"2236",-177993.762
"2237",-178937.029
"2238",-179044.281
"2239",-178455.194
"2240",-178111.675
"2241",-178407.47
"2242",-178204.489
"2243",-178253.408
"2244",-179377.474
"2245",-178261.8
"2246",-178155.522
"2247",-178205.891
"2248",-177915.03
"2249",-178301.314
"2250",-178262.837
"2251",-178049.992
"2252",-178459.197
"2253",-179939.182
"2254",-179197.48
"2255",-179082.189
"2256",-178389.843
"2257",-178215.73
"2258",-179640.518
"2259",-178613.663
"2260",-177688.806
"2261",-177859.423
"2262",-179081.145
"2263",-179182.913
"2264",-177802.278
"2265",-178923.755
"2266",-179452.177
"2267",-179087.505
"2268",-177910.213
"2269",-177985.864
"2270",-179003.572
"2271",-178794.233
"2272",-177642.607
"2273",-177935.54
"2274",-178561.729
"2275",-177737.621
"2276",-178206.916
"2277",-178519.326
"2278",-178338.942
"2279",-180158.055
"2280",-177656.003
"2281",-179159.887
"2282",-177629.35
"2283",-178314.672
"2284",-177960.645
"2285",-178975.982
"2286",-179860.788
"2287",-178746.136
"2288",-177419.282
"2289",-178038.219
"2290",-177401.994
"2291",-177985.387
"2292",-178606.008
"2293",-179020.988
"2294",-179885.612
"2295",-179906.862
"2296",-179090.08
"2297",-178498.343
"2298",-178942.461
"2299",-178615.778
"2300",-179157.377
"2301",-177982.416
"2302",-177715.756
"2303",-178007.309
"2304",-178333.597
"2305",-178299.974
"2306",-178017.885
"2307",-177473.398
"2308",-179067.521
"2309",-177383.146
"2310",-178553.601
"2311",-178318.203
"2312",-177664.328
"2313",-178273.123
"2314",-178391.443
"2315",-178379.056
"2316",-178246.501
"2317",-177494.566
"2318",-178469.405
"2319",-177261.104
"2320",-179004.179
"2321",-178742.495
"2322",-177258.026
"2323",-177581.96
"2324",-179620.568
"2325",-178212.026
"2326",-177519.046
"2327",-178626.498
"2328",-177430.558
"2329",-179189.737
"2330",-177965.168
"2331",-179053.816
"2332",-178397.362
"2333",-177634.14
"2334",-178653.061
"2335",-177959.802
"2336",-179934.594
"2337",-178550.555
"2338",-178628.333
"2339",-179688.581
"2340",-178661.371
"2341",-176982.026
"2342",-179014.983
"2343",-179133.465
"2344",-177290.247
"2345",-179481.901
"2346",-178727.487
"2347",-178689.516
"2348",-178403.926
"2349",-178131.539
"2350",-179251.992
"2351",-178856.03
"2352",-178250.333
"2353",-178527.414
"2354",-178059.325
"2355",-177624.63
"2356",-178381.604
"2357",-178545.872
"2358",-178644.814
"2359",-178923.41
"2360",-178730.703
"2361",-178104.209
"2362",-178808.511
"2363",-178343.751
"2364",-178948.633
"2365",-178812.006
"2366",-178588.282
"2367",-178228.047
"2368",-178222.963
"2369",-177934.765
"2370",-178964.347
"2371",-177832.982
"2372",-179267.363
"2373",-178546.949
"2374",-179517.503
"2375",-177851.154
"2376",-177311.839
"2377",-177404.624
"2378",-178610.997
"2379",-177710.294
"2380",-177606.376
"2381",-178073.461
"2382",-178912.299
"2383",-179531.346
"2384",-177673.31
"2385",-178803.226
"2386",-178844.515
"2387",-178419.87
"2388",-178755.463
"2389",-179320.724
"2390",-179530.852
"2391",-177480.434
"2392",-178734.705
"2393",-179613.67
"2394",-178719.714
"2395",-178226.993
"2396",-178340.356
"2397",-178160
"2398",-177828.233
"2399",-178893.132
"2400",-178284.712
"2401",-178467.663
"2402",-177843.732
"2403",-178476.102
"2404",-178270.087
"2405",-178709.257
"2406",-177734.069
"2407",-178838.481
"2408",-180283.487
"2409",-178546.887
"2410",-179544.774
"2411",-177813.467
"2412",-179146.546
"2413",-179088.43
"2414",-178060.942
"2415",-178475.878
"2416",-177885.393
"2417",-178473.764
"2418",-177831.636
"2419",-180587.477
"2420",-178706.929
"2421",-179115.934
"2422",-177884.872
"2423",-179449.028
"2424",-179163.451
"2425",-178449.234
"2426",-178038.121
"2427",-178684.505
"2428",-178884.515
"2429",-178067.297
"2430",-177290.159
"2431",-179326.714
"2432",-178968.09
"2433",-177760.582
"2434",-177408.802
"2435",-178109.336
"2436",-177999.7
"2437",-177794.02
"2438",-177976.563
"2439",-178029.622
"2440",-178361.383
"2441",-179147.206
"2442",-178466.437
"2443",-178927.642
"2444",-177564.008
"2445",-178319.162
"2446",-178793.697
"2447",-177990.09
"2448",-177842.399
"2449",-177178.252
"2450",-180339.34
"2451",-178695.8
"2452",-177733.631
"2453",-179305.852
"2454",-179271.517
"2455",-178580.568
"2456",-178773.414
"2457",-179812.299
"2458",-178660.818
"2459",-177558.078
"2460",-177648.431
"2461",-178960.351
"2462",-178962.621
"2463",-178929.756
"2464",-179711.595
"2465",-177821.04
"2466",-178801.357
"2467",-177422.29
"2468",-178831.788
"2469",-178083.965
"2470",-177354.221
"2471",-179809.816
"2472",-178710.562
"2473",-178605.043
"2474",-179314.813
"2475",-177683.098
"2476",-177848.556
"2477",-179201.025
"2478",-178645.464
"2479",-179008.22
"2480",-177477.317
"2481",-177579.739
"2482",-178428.542
"2483",-177402.742
"2484",-178490.517
"2485",-179441.404
"2486",-178570.059
"2487",-178101.068
"2488",-177172.087
"2489",-178542.024
"2490",-179216.653
"2491",-179138.504
"2492",-178453.861
"2493",-177871.287
"2494",-177957.905
"2495",-179358.919
"2496",-177469.279
"2497",-178726.129
"2498",-178331.085
"2499",-177773.198
"2500",-177518.553
"2501",-180276.386
"2502",-179504.823
"2503",-179106.003
"2504",-178879.868
"2505",-179499.799
"2506",-178942.448
"2507",-179071.204
"2508",-178687.277
"2509",-179603.608
"2510",-177568.716
"2511",-177790.453
"2512",-177842.205
"2513",-176912.646
"2514",-177705.979
"2515",-179138.372
"2516",-178215.182
"2517",-177620.647
"2518",-179159.331
"2519",-178437.565
"2520",-179762.942
"2521",-179085.934
"2522",-178400.543
"2523",-177718.428
"2524",-176733.772
"2525",-178361.407
"2526",-179302.826
"2527",-179585.039
"2528",-177835.692
"2529",-178756.083
"2530",-177946.121
"2531",-178583.042
"2532",-177600.743
"2533",-177651.293
"2534",-178356.242
"2535",-177800.577
"2536",-177765.27
"2537",-177869.914
"2538",-177636.962
"2539",-178547.984
"2540",-177851.652
"2541",-178528.572
"2542",-178141.09
"2543",-178663.705
"2544",-177826.458
"2545",-179716.902
"2546",-177818.139
"2547",-177195.981
"2548",-177724.203
"2549",-179460.333
"2550",-179126.46
"2551",-178737.03
"2552",-179180.609
"2553",-179031.165
"2554",-179552.686
"2555",-178864.794
"2556",-177743.007
"2557",-179830.287
"2558",-178324.045
"2559",-178067.166
"2560",-179400.919
"2561",-179531.528
"2562",-177947.723
"2563",-178031.592
"2564",-178533.159
"2565",-177919.739
"2566",-177862.94
"2567",-178522.346
"2568",-177663.793
"2569",-179203.331
"2570",-178338.971
"2571",-178280.274
"2572",-178935.161
"2573",-178042.117
"2574",-179640.665
"2575",-178489.009
"2576",-177885.312
"2577",-177496.719
"2578",-178462.878
"2579",-178391.373
"2580",-178046.885
"2581",-177220.894
"2582",-178565.921
"2583",-179072.703
"2584",-178457.149
"2585",-178931.989
"2586",-177820.183
"2587",-177999.35
"2588",-179347.238
"2589",-177118.436
"2590",-177746.89
"2591",-177998.738
"2592",-178180.835
"2593",-176727.115
"2594",-178782.534
"2595",-178968.988
"2596",-177876.632
"2597",-178596.717
"2598",-178785.006
"2599",-177950.93
"2600",-178951.32
"2601",-178129.507
"2602",-178912.837
"2603",-177819.135
"2604",-179128.489
"2605",-178166.105
"2606",-179447.984
"2607",-178764.444
"2608",-178455.244
"2609",-178961.305
"2610",-178968.9
"2611",-179207.297
"2612",-178973.549
"2613",-178848.192
"2614",-177924.432
"2615",-178058.574
"2616",-179460.143
"2617",-177887.843
"2618",-178462.247
"2619",-178750.644
"2620",-179042.337
"2621",-179367.155
"2622",-178155.096
"2623",-178520.218
"2624",-178890.392
"2625",-178540.314
"2626",-178515.132
"2627",-178309.012
"2628",-178799.025
"2629",-178232.147
"2630",-179347.739
"2631",-178502.329
"2632",-178727.861
"2633",-177856.45
"2634",-179075.5
"2635",-179577.23
"2636",-178610.128
"2637",-178351.958
"2638",-178840.361
"2639",-178506.747
"2640",-177055.322
"2641",-177955.683
"2642",-180095.119
"2643",-177366.995
"2644",-178107.917
"2645",-179155.965
"2646",-177354.378
"2647",-178537.071
"2648",-178284.464
"2649",-178614.404
"2650",-178016.589
"2651",-178603.138
"2652",-177889.517
"2653",-179243.413
"2654",-178219.219
"2655",-178334.095
"2656",-178364.742
"2657",-178314.743
"2658",-178585.846
"2659",-178526.081
"2660",-178518.348
"2661",-178234.118
"2662",-177690.598
"2663",-178188.269
"2664",-178317.211
"2665",-179661.411
"2666",-177208.345
"2667",-177990.94
"2668",-177230.094
"2669",-178398.38
"2670",-177967.106
"2671",-178877.697
"2672",-178258.97
"2673",-178128.163
"2674",-178741.255
"2675",-179109.011
"2676",-178925.783
"2677",-178939.237
"2678",-177940.495
"2679",-177227.464
"2680",-178012.571
"2681",-178248.306
"2682",-178590.604
"2683",-179685.733
"2684",-178674.172
"2685",-179677.495
"2686",-178390.604
"2687",-178635.485
"2688",-178249.514
"2689",-177771.181
"2690",-179300.42
"2691",-178145.499
"2692",-177225.774
"2693",-178469.814
"2694",-178759.799
"2695",-178595.525
"2696",-178926.865
"2697",-178137.367
"2698",-178383.58
"2699",-178317.14
"2700",-179592.893
"2701",-179914.299
"2702",-178487.653
"2703",-179170.187
"2704",-178826.551
"2705",-178157.924
"2706",-178524.812
"2707",-178650.009
"2708",-178803.968
"2709",-179229.646
"2710",-178544.858
"2711",-179764.906
"2712",-177717.233
"2713",-179009.97
"2714",-178618.603
"2715",-178187.375
"2716",-178432.366
"2717",-178888.705
"2718",-177974.688
"2719",-178528.857
"2720",-178631.923
"2721",-178737.829
"2722",-178504.07
"2723",-178415.145
"2724",-178940.496
"2725",-178647.626
"2726",-177447.668
"2727",-179210.404
"2728",-178028.682
"2729",-178357.486
"2730",-177844.257
"2731",-178366.08
"2732",-177945.683
"2733",-178113.729
"2734",-179156.923
"2735",-179020.493
"2736",-178706.711
"2737",-178637.961
"2738",-177514.201
"2739",-178827.434
"2740",-178009.718
"2741",-178422.578
"2742",-176714.121
"2743",-179268.524
"2744",-177938.759
"2745",-177508.45
"2746",-179620.594
"2747",-178513.732
"2748",-178940.701
"2749",-179552.855
"2750",-178529.72
"2751",-179248.18
"2752",-178599.121
"2753",-178367.987
"2754",-178424.253
"2755",-177642.551
"2756",-178444.717
"2757",-179242.278
"2758",-178089.037
"2759",-179472.494
"2760",-178062.698
"2761",-177459.494
"2762",-178953.024
"2763",-179046.974
"2764",-178462.167
"2765",-176536.517
"2766",-177463.818
"2767",-179374.616
"2768",-178394.601
"2769",-178436.367
"2770",-179352.191
"2771",-179999.977
"2772",-179329.273
"2773",-177700.188
"2774",-177565.019
"2775",-179179.918
"2776",-178662.28
"2777",-178223.938
"2778",-178590.396
"2779",-178880.41
"2780",-178769.669
"2781",-178203.241
"2782",-177093.926
"2783",-178575.692
"2784",-177874.406
"2785",-177287.235
"2786",-178921.349
"2787",-177303.465
"2788",-178509.148
"2789",-178380.166
"2790",-178208.251
"2791",-179502.384
"2792",-177288.152
"2793",-179638.161
"2794",-177284.422
"2795",-178573.778
"2796",-177964.655
"2797",-178791.005
"2798",-177787.071
"2799",-178554.473
"2800",-179265.262
"2801",-177730.453
"2802",-178106.828
"2803",-178161.61
"2804",-177720.554
"2805",-178944.678
"2806",-178835.862
"2807",-178032.427
"2808",-178395.012
"2809",-178630.043
"2810",-179273.53
"2811",-177173.729
"2812",-179009.613
"2813",-177838.353
"2814",-178327.798
"2815",-178976.794
"2816",-178907.913
"2817",-178767.194
"2818",-179253.915
"2819",-177349.736
"2820",-178058.577
"2821",-178200
"2822",-177290.724
"2823",-177924.412
"2824",-177542.323
"2825",-177860.731
"2826",-180030.077
"2827",-178610.505
"2828",-178695.026
"2829",-177849.764
"2830",-176731.169
"2831",-177538.45
"2832",-178021.796
"2833",-178911.613
"2834",-177511.567
"2835",-177867.133
"2836",-178545.364
"2837",-179626.4
"2838",-178498.041
"2839",-177468.755
"2840",-178625.157
"2841",-178286.505
"2842",-178813.54
"2843",-178717.949
"2844",-177959.075
"2845",-177723.765
"2846",-176781.528
"2847",-178723.4
"2848",-178270.036
"2849",-178199.923
"2850",-178262.773
"2851",-179567.501
"2852",-178082.952
"2853",-178131.599
"2854",-179050.2
"2855",-177979.505
"2856",-177792.043
"2857",-178355.299
"2858",-178037.366
"2859",-179014.536
"2860",-178115.34
"2861",-178675.054
"2862",-178743.197
"2863",-177611.517
"2864",-178518.841
"2865",-178781.762
"2866",-178884
"2867",-178495.729
"2868",-179425.044
"2869",-178888.7
"2870",-178255.797
"2871",-178702.205
"2872",-178268.884
"2873",-177900.637
"2874",-178577.693
"2875",-178683.721
"2876",-178058.711
"2877",-179104.767
"2878",-178280.571
"2879",-178409.461
"2880",-179246.608
"2881",-178488.675
"2882",-178922.202
"2883",-178296.926
"2884",-178110.412
"2885",-178909.392
"2886",-179293.464
"2887",-178124.274
"2888",-177532.191
"2889",-178406.276
"2890",-178413.916
"2891",-178672.119
"2892",-178505.782
"2893",-179489.849
"2894",-177666.977
"2895",-178968.54
"2896",-178094.016
"2897",-178883.595
"2898",-178629.763
"2899",-177819.958
"2900",-177966.778
"2901",-178194.838
"2902",-179211.253
"2903",-178834.748
"2904",-177834.101
"2905",-179059.772
"2906",-176918.81
"2907",-177808.499
"2908",-178615.169
"2909",-178161.695
"2910",-178931.976
"2911",-177253.464
"2912",-179023.24
"2913",-178589.929
"2914",-177362.293
"2915",-179389.131
"2916",-178309.186
"2917",-179521.644
"2918",-178378.494
"2919",-177634.082
"2920",-177286.272
"2921",-179151.164
"2922",-177895.548
"2923",-177927.008
"2924",-177736.458
"2925",-179977.668
"2926",-177542.205
"2927",-178148.481
"2928",-177409.013
"2929",-179712.573
"2930",-178310.347
"2931",-178469.43
"2932",-177445.889
"2933",-178284.896
"2934",-178028.455
"2935",-177819.534
"2936",-178482.702
"2937",-178139.801
"2938",-178179.507
"2939",-179151.642
"2940",-178149.15
"2941",-176968.26
"2942",-177931.287
"2943",-178388.489
"2944",-178080.058
"2945",-177634.872
"2946",-178840.417
"2947",-177814.857
"2948",-178733.049
"2949",-178873.208
"2950",-177844.392
"2951",-179071.567
"2952",-177985.992
"2953",-177422.4
"2954",-178918.448
"2955",-178610.543
"2956",-177994.164
"2957",-179307.326
"2958",-178256.624
"2959",-177569.067
"2960",-178907.097
"2961",-176962.029
"2962",-178576.538
"2963",-178651.63
"2964",-178485.512
"2965",-179584.757
"2966",-177465.02
"2967",-178213.054
"2968",-179524.52
"2969",-177958.621
"2970",-179610.047
"2971",-180532.181
"2972",-178420.46
"2973",-178232.246
"2974",-177191.619
"2975",-178002.063
"2976",-178791.603
"2977",-178244.024
"2978",-178383.361
"2979",-178972.762
"2980",-177930.724
"2981",-178044.479
"2982",-178289.142
"2983",-178731.417
"2984",-178138.075
"2985",-178859.107
"2986",-178748.049
"2987",-178528.215
"2988",-178970.404
"2989",-177637.617
"2990",-178106.278
"2991",-178930.589
"2992",-177605.46
"2993",-177874.455
"2994",-178301.491
"2995",-178676.664
"2996",-179150.679
"2997",-178508.009
"2998",-178561.19
"2999",-178261.921
"3000",-177523.011
"3001",-179238.504
"3002",-178996.223
"3003",-178475.696
"3004",-178159.319
"3005",-177869.334
"3006",-178687.67
"3007",-177964.741
"3008",-179715.14
"3009",-178382.759
"3010",-178779.273
"3011",-178531.806
"3012",-178861.809
"3013",-178067.492
"3014",-178709.129
"3015",-178354.703
"3016",-178819.924
"3017",-178030.141
"3018",-178447.641
"3019",-178185.869
"3020",-178723.612
"3021",-178590.208
"3022",-178330.851
"3023",-178434.684
"3024",-177039.989
"3025",-178430.785
"3026",-178038.107
"3027",-177921.375
"3028",-178429.789
"3029",-178076.558
"3030",-179084.453
"3031",-179186.165
"3032",-178300.223
"3033",-179790.693
"3034",-179122.311
"3035",-177820.746
"3036",-178815.091
"3037",-178277.565
"3038",-178499.851
"3039",-179039.093
"3040",-179138.497
"3041",-178038.243
"3042",-177796.651
"3043",-178049.373
"3044",-178718.232
"3045",-179318.999
"3046",-178765.244
"3047",-179436.784
"3048",-178844.187
"3049",-179122.598
"3050",-178743.076
"3051",-178241.106
"3052",-177524.255
"3053",-179105.489
"3054",-179149.492
"3055",-177772.522
"3056",-179041.144
"3057",-178529.714
"3058",-179053.396
"3059",-177701.051
"3060",-177589.137
"3061",-178022.956
"3062",-178334.039
"3063",-177883.39
"3064",-179003.473
"3065",-178853.236
"3066",-179713.557
"3067",-177443.225
"3068",-178298.688
"3069",-179531.656
"3070",-178426.444
"3071",-179588.153
"3072",-179288.997
"3073",-178527.031
"3074",-179403.673
"3075",-178236.516
"3076",-178646.597
"3077",-177784.203
"3078",-178481.954
"3079",-178259.794
"3080",-180111.215
"3081",-178264.014
"3082",-178606.935
"3083",-177882.2
"3084",-177734.815
"3085",-178009.289
"3086",-178234.265
"3087",-177764.022
"3088",-178531.215
"3089",-178099.809
"3090",-178107.016
"3091",-178267.659
"3092",-179153.223
"3093",-178261.826
"3094",-179106.272
"3095",-179165.844
"3096",-178135.466
"3097",-179508.054
"3098",-178382.748
"3099",-178548.715
"3100",-179570.381
"3101",-178400.585
"3102",-178588.407
"3103",-178644.807
"3104",-178435.366
"3105",-178048.756
"3106",-178245.526
"3107",-178652.387
"3108",-177577.247
"3109",-177900.785
"3110",-178224.987
"3111",-177990.863
"3112",-177291.423
"3113",-177316.517
"3114",-177035.183
"3115",-178709.216
"3116",-178206.418
"3117",-178379.032
"3118",-179089.508
"3119",-178289.98
"3120",-179249.478
"3121",-177873.493
"3122",-179009.811
"3123",-178988.143
"3124",-179507.091
"3125",-177280.498
"3126",-178032.412
"3127",-177759.653
"3128",-179635.383
"3129",-178397.46
"3130",-178061.703
"3131",-178680.388
"3132",-178520.69
"3133",-178065.631
"3134",-178164.962
"3135",-177678.099
"3136",-179055.482
"3137",-176880.029
"3138",-179125.283
"3139",-178106.279
"3140",-178777.547
"3141",-179308.803
"3142",-178537.429
"3143",-177914.615
"3144",-178033.367
"3145",-178553.815
"3146",-178622.511
"3147",-178363.329
"3148",-177859.087
"3149",-178644.725
"3150",-177471.685
"3151",-178367.362
"3152",-178937.905
"3153",-177516.565
"3154",-178626.396
"3155",-178822.438
"3156",-178784.097
"3157",-177843.76
"3158",-177730.986
"3159",-178103.273
"3160",-177477.02
"3161",-179009.789
"3162",-177789.736
"3163",-177924.519
"3164",-179140.299
"3165",-178259.584
"3166",-178317.474
"3167",-176820.491
"3168",-178823.483
"3169",-179366.851
"3170",-178802.596
"3171",-178340.1
"3172",-178489.614
"3173",-178394.994
"3174",-177230.93
"3175",-178360.428
"3176",-178858.053
"3177",-177761.611
"3178",-179065.593
"3179",-178872.139
"3180",-177622.239
"3181",-178409.498
"3182",-179582.757
"3183",-177625.334
"3184",-178207.689
"3185",-179026.92
"3186",-177899.464
"3187",-179002.467
"3188",-178411.11
"3189",-179791.049
"3190",-178591.674
"3191",-178918.541
"3192",-178276.726
"3193",-178816.225
"3194",-177357.769
"3195",-178453.96
"3196",-177962.41
"3197",-178201.033
"3198",-178269.205
"3199",-178054.666
"3200",-179277.811
"3201",-177551.6
"3202",-178597.899
"3203",-178478.227
"3204",-178833.663
"3205",-177971.047
"3206",-179575.987
"3207",-178827.2
"3208",-179168.01
"3209",-178870.584
"3210",-179525.761
"3211",-178377.362
"3212",-178137.655
"3213",-178222.799
"3214",-177905.387
"3215",-178211.589
"3216",-177929.196
"3217",-177636.098
"3218",-178771.273
"3219",-177505.687
"3220",-178374.14
"3221",-179749.262
"3222",-177822.09
"3223",-177737.173
"3224",-178747.251
"3225",-177591.422
"3226",-177725.733
"3227",-178168.58
"3228",-179593.786
"3229",-178730.288
"3230",-178104.182
"3231",-177833.687
"3232",-178075.724
"3233",-179497.332
"3234",-178239.8
"3235",-178611.703
"3236",-177749.616
"3237",-179074.99
"3238",-178486.025
"3239",-177831.506
"3240",-178559.961
"3241",-177669.496
"3242",-179576.405
"3243",-178045.934
"3244",-177542.842
"3245",-177877.22
"3246",-179676.838
"3247",-178647.071
"3248",-177678.614
"3249",-178899.47
"3250",-177485.33
"3251",-178483.853
"3252",-178741.425
"3253",-178545.944
"3254",-179435.056
"3255",-177961.956
"3256",-177393.001
"3257",-179206.788
"3258",-178600.885
"3259",-177777.001
"3260",-178026.118
"3261",-179444.794
"3262",-179493.244
"3263",-177669.915
"3264",-178643.592
"3265",-179215.428
"3266",-177672.911
"3267",-178239.52
"3268",-178231.702
"3269",-177825.851
"3270",-179332.689
"3271",-178748.01
"3272",-179964.208
"3273",-178252.337
"3274",-178358.932
"3275",-178002.183
"3276",-178476.916
"3277",-177796.334
"3278",-178880.654
"3279",-179379.783
"3280",-177768.141
"3281",-178526.039
"3282",-178549.589
"3283",-178996.087
"3284",-178775.171
"3285",-178611.38
"3286",-178958.723
"3287",-177506.837
"3288",-178664.37
"3289",-177909.103
"3290",-178897.973
"3291",-177839.256
"3292",-178060.385
"3293",-178111.503
"3294",-178417.322
"3295",-178547.578
"3296",-178561.506
"3297",-178754.966
"3298",-178154.461
"3299",-178108.102
"3300",-178695.246
"3301",-179225.16
"3302",-178990.719
"3303",-179002.102
"3304",-178204.221
"3305",-178034.664
"3306",-179370.97
"3307",-177798.759
"3308",-177601.874
"3309",-178803.714
"3310",-177691.029
"3311",-178138.104
"3312",-178354.665
"3313",-177898.392
"3314",-178762.137
"3315",-177819.513
"3316",-177846.947
"3317",-178374.004
"3318",-178501.036
"3319",-178588.86
"3320",-178088.703
"3321",-178067.218
"3322",-177994.109
"3323",-178483.617
"3324",-178631.527
"3325",-178031.161
"3326",-178751.026
"3327",-178629.902
"3328",-179115.078
"3329",-178744.089
"3330",-177153.924
"3331",-179257.168
"3332",-177499.493
"3333",-178822.544
"3334",-178091
"3335",-178707.307
"3336",-179077.59
"3337",-178719.274
"3338",-177844.829
"3339",-178814.417
"3340",-178366.214
"3341",-178715.939
"3342",-179368.721
"3343",-178779.231
"3344",-177669.086
"3345",-178879.395
"3346",-177200.115
"3347",-179500.672
"3348",-178818.733
"3349",-177525.175
"3350",-178492.777
"3351",-178467.471
"3352",-178043.52
"3353",-178631.541
"3354",-178591.179
"3355",-178204.262
"3356",-179177.698
"3357",-178602.543
"3358",-177613.891
"3359",-179096.175
"3360",-178892.857
"3361",-178020.084
"3362",-179148.621
"3363",-179306.271
"3364",-178487.245
"3365",-179754.398
"3366",-177477.239
"3367",-178672.786
"3368",-178022.633
"3369",-177974.618
"3370",-179558.388
"3371",-179541.898
"3372",-178123.422
"3373",-178721.754
"3374",-177288.029
"3375",-178631.779
"3376",-178959.692
"3377",-178393.707
"3378",-179095.513
"3379",-178052.162
"3380",-178670.516
"3381",-178114.518
"3382",-178113.522
"3383",-177981.596
"3384",-178439.417
"3385",-177227.238
"3386",-178346.408
"3387",-178848.495
"3388",-178135.89
"3389",-178367.821
"3390",-179131.404
"3391",-178891.605
"3392",-178795.365
"3393",-179645.952
"3394",-178887.365
"3395",-176684.057
"3396",-178068.459
"3397",-177654.099
"3398",-177789.921
"3399",-178438.427
"3400",-178270.702
"3401",-177509.871
"3402",-179724.827
"3403",-178622.315
"3404",-178446.267
"3405",-178759.322
"3406",-178898.114
"3407",-177532.777
"3408",-179615.279
"3409",-179117.953
"3410",-178278.707
"3411",-179083.871
"3412",-177968.078
"3413",-178581.378
"3414",-177979.152
"3415",-178235.617
"3416",-178518.206
"3417",-178140.304
"3418",-178090.388
"3419",-178328.092
"3420",-178363.56
"3421",-179589.448
"3422",-178380.157
"3423",-178583.809
"3424",-178099.081
"3425",-178506.845
"3426",-178649.306
"3427",-178929.103
"3428",-178230.148
"3429",-179395.269
"3430",-178411.573
"3431",-178368.556
"3432",-178312.438
"3433",-179320.659
"3434",-178360.177
"3435",-178135.264
"3436",-177009.794
"3437",-177921.549
"3438",-178504.639
"3439",-178037.696
"3440",-178386.354
"3441",-177998.941
"3442",-177764.71
"3443",-178809.963
"3444",-178448.657
"3445",-179037.623
"3446",-179113.958
"3447",-177242.91
"3448",-178740.249
"3449",-178792.384
"3450",-178756.737
"3451",-176886.73
"3452",-179274.998
"3453",-178893.469
"3454",-178245.123
"3455",-177828.552
"3456",-178090.502
"3457",-179066.414
"3458",-178106.237
"3459",-177584.011
"3460",-179734.209
"3461",-178163.533
"3462",-179064.969
"3463",-177878.034
"3464",-177185.203
"3465",-177954.936
"3466",-178687.131
"3467",-177488.576
"3468",-178558.845
"3469",-177572.47
"3470",-179266.797
"3471",-178292.056
"3472",-178549.674
"3473",-178146.652
"3474",-178421.893
"3475",-178662.13
"3476",-178322.275
"3477",-179166.595
"3478",-176760.463
"3479",-178532.723
"3480",-177354.662
"3481",-178042.788
"3482",-178274.263
"3483",-178016.366
"3484",-177326.147
"3485",-178084.028
"3486",-178392.206
"3487",-178650.175
"3488",-178253.578
"3489",-178375.877
"3490",-178871.783
"3491",-179220.363
"3492",-178940.66
"3493",-177364.285
"3494",-178097.44
"3495",-177759.457
"3496",-178183.432
"3497",-177760.91
"3498",-178335.899
"3499",-178942.333
"3500",-178856.118
"3501",-178969.669
"3502",-178111.062
"3503",-179051.809
"3504",-177385.858
"3505",-177807.691
"3506",-177965.821
"3507",-178681.683
"3508",-178272.885
"3509",-179160.614
"3510",-177666.743
"3511",-179748.433
"3512",-177249.396
"3513",-179335.235
"3514",-178573.193
"3515",-178056.057
"3516",-178121.661
"3517",-178999.391
"3518",-178969.552
"3519",-178449.107
"3520",-177622.263
"3521",-179339.901
"3522",-177474.018
"3523",-179181.291
"3524",-179108.433
"3525",-178051.921
"3526",-177386.267
"3527",-178588.394
"3528",-179021.244
"3529",-178717.126
"3530",-178802.041
"3531",-178894.862
"3532",-178753.619
"3533",-178046.087
"3534",-178661.704
"3535",-179245.682
"3536",-179005.853
"3537",-178235.651
"3538",-178590.386
"3539",-178418.167
"3540",-179359.801
"3541",-179027.985
"3542",-179158.592
"3543",-178101.671
"3544",-178223.756
"3545",-178647.777
"3546",-178569.931
"3547",-178022.991
"3548",-178187.081
"3549",-178606.039
"3550",-177250.671
"3551",-177987.957
"3552",-179194.31
"3553",-178740.084
"3554",-177396.334
"3555",-178655.754
"3556",-179144.407
"3557",-178556.278
"3558",-178707.914
"3559",-177900.165
"3560",-178350.475
"3561",-179624.404
"3562",-178376.885
"3563",-177442.968
"3564",-179857.184
"3565",-179745.754
"3566",-178410.997
"3567",-178082.6
"3568",-179351.562
"3569",-176695.317
"3570",-178689.195
"3571",-178293.017
"3572",-179376.635
"3573",-178763.844
"3574",-178988.892
"3575",-178029.549
"3576",-177356.532
"3577",-179221.37
"3578",-178089.615
"3579",-178444.728
"3580",-177648.195
"3581",-178654.555
"3582",-177728.233
"3583",-177660.216
"3584",-179175.517
"3585",-179160.703
"3586",-177981.838
"3587",-178381.413
"3588",-178188.206
"3589",-177885.902
"3590",-178711.063
"3591",-178167.544
"3592",-179209.12
"3593",-179383.329
"3594",-176747.141
"3595",-178975.396
"3596",-178230.522
"3597",-177982.539
"3598",-178691.596
"3599",-178969.094
"3600",-180142.749
"3601",-178816.493
"3602",-178193.032
"3603",-178045.146
"3604",-178150.265
"3605",-178534.126
"3606",-179178.307
"3607",-178183.296
"3608",-178760.052
"3609",-178162.803
"3610",-178038.428
"3611",-178825.839
"3612",-178090.819
"3613",-178158.025
"3614",-178917.126
"3615",-178174.809
"3616",-178296.917
"3617",-178190.578
"3618",-177839.671
"3619",-178550.065
"3620",-178894.227
"3621",-177535.841
"3622",-179387.098
"3623",-179119.73
"3624",-178164.995
"3625",-178580.973
"3626",-177772.968
"3627",-178264.997
"3628",-178019.744
"3629",-178245.462
"3630",-178852.07
"3631",-177506.05
"3632",-178176.693
"3633",-178882.587
"3634",-178916.015
"3635",-177220.67
"3636",-178804.029
"3637",-177718.403
"3638",-178891.411
"3639",-178485.068
"3640",-179249.144
"3641",-178462.42
"3642",-178690.617
"3643",-177489.836
"3644",-176769.309
"3645",-179172.685
"3646",-178624.793
"3647",-179028.652
"3648",-178563.568
"3649",-178958.308
"3650",-178443.531
"3651",-179142.039
"3652",-177170.74
"3653",-178856.971
"3654",-178406.362
"3655",-177745.721
"3656",-178634.819
"3657",-178007.411
"3658",-177509.964
"3659",-178035.053
"3660",-177881.554
"3661",-178571.353
"3662",-177577.648
"3663",-178521.983
"3664",-177571.907
"3665",-177570.479
"3666",-178490.55
"3667",-179153.441
"3668",-179084.561
"3669",-179422.97
"3670",-179102.204
"3671",-176604.76
"3672",-178120.793
"3673",-178076.364
"3674",-177911.056
"3675",-177121.702
"3676",-178003.281
"3677",-178899.998
"3678",-177583.117
"3679",-178756.429
"3680",-178671.507
"3681",-178370.646
"3682",-178880.987
"3683",-177546.885
"3684",-178412.787
"3685",-179246.361
"3686",-178482.797
"3687",-178064.253
"3688",-178519.241
"3689",-177546.251
"3690",-178026.617
"3691",-178592.824
"3692",-179348.238
"3693",-177749.411
"3694",-178949.967
"3695",-177411.335
"3696",-178749.079
"3697",-177804.767
"3698",-179229.758
"3699",-179274.6
"3700",-178211.655
"3701",-178073.618
"3702",-178157.642
"3703",-178586.763
"3704",-177692.368
"3705",-178886.118
"3706",-178934.506
"3707",-177667.068
"3708",-178641.614
"3709",-177956.116
"3710",-177514.946
"3711",-178796.799
"3712",-178546.721
"3713",-178095.854
"3714",-179176.193
"3715",-178749.365
"3716",-177700.054
"3717",-179749.747
"3718",-178165.689
"3719",-177699.576
"3720",-178579.457
"3721",-179877.122
"3722",-177428.432
"3723",-178046.955
"3724",-179246.22
"3725",-178235.611
"3726",-178832.79
"3727",-178771.388
"3728",-178437.945
"3729",-177459.518
"3730",-178513.413
"3731",-177428.076
"3732",-178053.13
"3733",-178928.349
"3734",-177637.171
"3735",-178730.813
"3736",-179278.349
"3737",-177830.336
"3738",-176747.862
"3739",-179224.227
"3740",-178550.489
"3741",-179148.861
"3742",-177005.145
"3743",-177641.731
"3744",-178663.208
"3745",-177942.883
"3746",-179436.293
"3747",-177916.295
"3748",-178475.501
"3749",-179356.532
"3750",-177899.898
"3751",-179327.907
"3752",-178504.971
"3753",-179254.901
"3754",-178999.312
"3755",-179289.079
"3756",-178673.184
"3757",-179639.305
"3758",-178947.073
"3759",-179074.694
"3760",-177600.151
"3761",-177559.288
"3762",-178332.712
"3763",-178764.771
"3764",-178097.727
"3765",-178453.383
"3766",-177892.305
"3767",-179186.503
"3768",-178334.68
"3769",-177794.863
"3770",-177977.652
"3771",-177808.383
"3772",-179322.873
"3773",-178130.545
"3774",-178162.752
"3775",-177801.818
"3776",-178832.236
"3777",-178591.743
"3778",-177983.961
"3779",-178474.607
"3780",-178299.003
"3781",-178066.258
"3782",-178294.833
"3783",-179796.966
"3784",-178522.727
"3785",-177584.098
"3786",-177253.443
"3787",-178753.388
"3788",-178989.202
"3789",-178437.638
"3790",-179791.147
"3791",-178150.328
"3792",-178113.466
"3793",-178627.775
"3794",-178224.203
"3795",-179029.903
"3796",-179556.498
"3797",-178404.959
"3798",-177846.271
"3799",-178715.562
"3800",-179243.41
"3801",-178155.807
"3802",-178613.55
"3803",-177941.263
"3804",-179109.029
"3805",-177392.541
"3806",-178684.637
"3807",-178097.281
"3808",-177544.346
"3809",-178600.326
"3810",-177973.176
"3811",-178440.399
"3812",-179011.723
"3813",-178987.241
"3814",-177959.343
"3815",-178749.064
"3816",-177375.625
"3817",-178799.563
"3818",-177627.111
"3819",-176977.203
"3820",-178465.656
"3821",-178408.305
"3822",-178117.638
"3823",-177484.382
"3824",-178586.422
"3825",-178034.718
"3826",-178697.146
"3827",-177772.211
"3828",-178656.35
"3829",-178845.162
"3830",-179640.969
"3831",-177882.516
"3832",-178509.694
"3833",-177820.109
"3834",-178587.304
"3835",-179293.058
"3836",-178502.483
"3837",-179602.877
"3838",-178383.491
"3839",-177035.911
"3840",-177854.125
"3841",-179137.571
"3842",-178874.024
"3843",-178500.599
"3844",-179396.57
"3845",-179165.825
"3846",-178064.352
"3847",-178744.284
"3848",-178362.794
"3849",-178616.44
"3850",-177536.766
"3851",-178675.416
"3852",-177724.818
"3853",-179213.886
"3854",-176775.335
"3855",-177758.919
"3856",-178818.412
"3857",-177985.039
"3858",-179626.364
"3859",-178754.478
"3860",-178472.265
"3861",-178130.177
"3862",-178960.136
"3863",-178632.672
"3864",-178488.825
"3865",-178707.369
"3866",-178694.888
"3867",-178256.961
"3868",-177870.03
"3869",-177913.219
"3870",-178648.266
"3871",-178703.811
"3872",-178866.031
"3873",-178192.629
"3874",-178235.875
"3875",-177885.173
"3876",-178608.692
"3877",-177659.243
"3878",-177917.228
"3879",-178750.797
"3880",-178319.777
"3881",-179328.639
"3882",-178157.941
"3883",-178196.023
"3884",-179249.044
"3885",-179487.406
"3886",-177082.121
"3887",-178071.543
"3888",-178831.694
"3889",-179073.293
"3890",-178749.031
"3891",-177636.136
"3892",-177340.092
"3893",-178972.988
"3894",-178244.991
"3895",-177965.464
"3896",-178612.551
"3897",-178373.577
"3898",-179857.18
"3899",-178303.723
"3900",-177734.883
"3901",-177731.729
"3902",-178227.871
"3903",-178106.412
"3904",-178425.088
"3905",-178075.104
"3906",-178927.88
"3907",-177574.128
"3908",-178838.489
"3909",-178423.261
"3910",-175606.472
"3911",-178209.502
"3912",-178113.971
"3913",-178532.589
"3914",-178720.943
"3915",-179002.831
"3916",-178487.998
"3917",-177487.983
"3918",-179301.501
"3919",-176355.234
"3920",-178386.008
"3921",-177943.26
"3922",-178475.9
"3923",-179221.638
"3924",-178240.222
"3925",-178370.117
"3926",-178638.845
"3927",-177191.207
"3928",-178855.932
"3929",-177632.25
"3930",-178623.082
"3931",-177463.955
"3932",-178559.007
"3933",-177672.428
"3934",-179002.787
"3935",-177577.695
"3936",-176702.377
"3937",-178126.62
"3938",-178519.944
"3939",-178302.091
"3940",-179129.896
"3941",-178632.003
"3942",-178654.53
"3943",-179072.167
"3944",-176960.75
"3945",-178692.904
"3946",-177416.086
"3947",-179520.292
"3948",-177592.889
"3949",-178441.531
"3950",-179450.995
"3951",-177944.633
"3952",-178733.127
"3953",-179200.873
"3954",-177980.688
"3955",-179044.263
"3956",-179801.061
"3957",-178155.317
"3958",-177645.928
"3959",-178536.511
"3960",-179119.483
"3961",-177355.915
"3962",-179011.312
"3963",-178879.449
"3964",-178195.52
"3965",-177962.275
"3966",-178186.154
"3967",-178733.972
"3968",-178160.833
"3969",-177724.147
"3970",-178376.146
"3971",-179005.016
"3972",-178510.252
"3973",-178172.721
"3974",-177473.444
"3975",-178400.232
"3976",-179181.951
"3977",-177617.476
"3978",-178756.642
"3979",-179225.951
"3980",-178358.3
"3981",-178502.825
"3982",-179354.775
"3983",-177936.964
"3984",-178671.503
"3985",-178476.455
"3986",-178185.629
"3987",-178897.87
"3988",-178844.149
"3989",-178624.027
"3990",-178542.707
"3991",-179475.988
"3992",-178175.226
"3993",-178854.454
"3994",-178358.184
"3995",-178136.771
"3996",-179943.568
"3997",-177282.166
"3998",-178747.176
"3999",-178757.461
"4000",-178925.615
"4001",-179016.513
"4002",-178774.722
"4003",-178261.868
"4004",-178920.68
"4005",-179798.956
"4006",-179100.197
"4007",-178471.214
"4008",-178103.446
"4009",-179024.542
"4010",-179201.664
"4011",-179074.624
"4012",-178816.382
"4013",-177674.088
"4014",-179054.354
"4015",-178366.926
"4016",-179115.554
"4017",-178367.806
"4018",-178523.451
"4019",-178536.593
"4020",-177824.236
"4021",-178508.977
"4022",-178775.142
"4023",-178171.214
"4024",-178944.281
"4025",-179334.198
"4026",-178448.151
"4027",-178001.809
"4028",-178441.595
"4029",-178614.839
"4030",-178878.059
"4031",-177195.099
"4032",-177642.246
"4033",-177490.214
"4034",-178270.799
"4035",-178185.572
"4036",-179270.322
"4037",-179422.175
"4038",-177995.141
"4039",-177243.882
"4040",-179552.522
"4041",-178869.912
"4042",-177323.877
"4043",-177989.723
"4044",-179474.812
"4045",-178801.528
"4046",-178361.889
"4047",-179251.928
"4048",-178278.664
"4049",-178918.295
"4050",-177850.651
"4051",-178990.384
"4052",-178552.52
"4053",-178589.124
"4054",-177820.47
"4055",-178279.518
"4056",-178427.925
"4057",-178429.679
"4058",-178468.012
"4059",-179342.583
"4060",-179021.995
"4061",-178918.958
"4062",-178221.208
"4063",-178694.615
"4064",-177148.106
"4065",-179243.815
"4066",-179180.427
"4067",-179833.9
"4068",-179464.036
"4069",-178082.276
"4070",-178847.187
"4071",-178714.363
"4072",-178437.418
"4073",-178579.158
"4074",-179896.415
"4075",-178764.811
"4076",-176943.779
"4077",-178945.971
"4078",-178795.133
"4079",-177441.534
"4080",-178913.148
"4081",-178422.9
"4082",-177989.06
"4083",-178685.7
"4084",-178150.909
"4085",-178850.271
"4086",-178333.627
"4087",-178142.948
"4088",-179307.4
"4089",-178500.552
"4090",-178675.695
"4091",-177866.187
"4092",-177582.293
"4093",-178728.245
"4094",-177506.968
"4095",-177825.687
"4096",-178709.118
"4097",-177569.42
"4098",-178805.691
"4099",-178170.469
"4100",-178039.6
"4101",-178594.913
"4102",-178480.525
"4103",-178493.508
"4104",-178263.801
"4105",-180258.171
"4106",-178491.19
"4107",-177738.724
"4108",-177944.873
"4109",-178339.078
"4110",-177960.39
"4111",-177671.189
"4112",-178117.715
"4113",-178492.522
"4114",-178256.729
"4115",-178031.458
"4116",-178623.014
"4117",-178580.504
"4118",-178181.383
"4119",-177744.58
"4120",-177055.126
"4121",-178469.361
"4122",-178247.188
"4123",-178771.682
"4124",-178615.007
"4125",-178290.803
"4126",-178455.4
"4127",-177325.263
"4128",-178651.194
"4129",-177941.63
"4130",-178858.021
"4131",-179139.2
"4132",-178665.349
"4133",-178378.655
"4134",-178187.161
"4135",-179309.513
"4136",-178824.019
"4137",-177956.211
"4138",-179034.593
"4139",-178928.137
"4140",-178636.176
"4141",-179114.677
"4142",-178424.101
"4143",-179293.653
"4144",-176934.951
"4145",-178896.878
"4146",-177484.938
"4147",-178976.483
"4148",-178358.266
"4149",-177541.731
"4150",-178705.38
"4151",-178906.572
"4152",-178144.83
"4153",-179064.816
"4154",-178026.288
"4155",-179408.373
"4156",-178711.105
"4157",-178192.41
"4158",-178784.421
"4159",-178241.219
"4160",-178142.771
"4161",-179290.254
"4162",-178684.653
"4163",-178245.819
"4164",-177693.361
"4165",-178945.803
"4166",-178821.519
"4167",-178863.731
"4168",-178494.59
"4169",-179011.544
"4170",-177468.934
"4171",-178147.941
"4172",-178422.357
"4173",-178960.604
"4174",-178042.335
"4175",-178758.87
"4176",-178432.451
"4177",-178892.814
"4178",-178568.452
"4179",-177654.303
"4180",-178769.267
"4181",-179073.982
"4182",-178422.385
"4183",-178843.215
"4184",-178156.9
"4185",-177688.171
"4186",-178816.553
"4187",-178658.639
"4188",-178588.698
"4189",-177922.293
"4190",-178914.216
"4191",-179678.587
"4192",-177830.749
"4193",-178699.357
"4194",-177810.862
"4195",-179001.382
"4196",-178290.536
"4197",-177209.662
"4198",-178749.073
"4199",-177653.664
"4200",-179862.958
"4201",-178355.371
"4202",-178332.439
"4203",-177956.553
"4204",-178441.026
"4205",-178373.733
"4206",-177174.294
"4207",-177877.508
"4208",-179743.605
"4209",-178666.46
"4210",-178576.232
"4211",-179358.673
"4212",-179724.252
"4213",-179263.433
"4214",-178825.605
"4215",-179639.311
"4216",-177632.125
"4217",-178213.689
"4218",-177499.614
"4219",-177341.027
"4220",-177247.011
"4221",-177203.933
"4222",-178880.209
"4223",-178801.268
"4224",-177793.241
"4225",-177631.8
"4226",-180032.559
"4227",-179002.203
"4228",-178737.639
"4229",-178252.557
"4230",-178613.514
"4231",-178917.373
"4232",-178785.295
"4233",-178691.668
"4234",-177929.813
"4235",-177820.711
"4236",-177747.058
"4237",-179399.115
"4238",-177919.194
"4239",-178416.846
"4240",-178399.018
"4241",-178407.017
"4242",-177420.65
"4243",-178247.597
"4244",-177900.403
"4245",-178075.534
"4246",-178591.654
"4247",-178359.349
"4248",-178286.133
"4249",-178972.306
"4250",-179783.627
"4251",-177275.853
"4252",-178421.045
"4253",-177699.083
"4254",-178972.651
"4255",-179425.455
"4256",-178185.052
"4257",-178597.064
"4258",-178365.514
"4259",-179175.924
"4260",-177394.322
"4261",-178292.67
"4262",-178892.13
"4263",-178581.171
"4264",-178222.269
"4265",-178624.44
"4266",-179172.6
"4267",-178238.013
"4268",-177524.821
"4269",-179154.607
"4270",-178038.856
"4271",-178039.547
"4272",-178629.101
"4273",-178653.701
"4274",-179410.54
"4275",-177792.16
"4276",-178527.679
"4277",-178745.859
"4278",-178779.658
"4279",-178318.282
"4280",-178096.263
"4281",-178301.118
"4282",-178184.57
"4283",-179455.042
"4284",-178751.699
"4285",-178348.828
"4286",-178725.263
"4287",-179585.374
"4288",-177500.692
"4289",-177816.654
"4290",-179294.071
"4291",-176975.168
"4292",-178084.124
"4293",-178416.4
"4294",-178283.131
"4295",-178502.386
"4296",-178590.743
"4297",-177875.196
"4298",-178112.917
"4299",-178057.505
"4300",-178139.783
"4301",-177537.332
"4302",-179551.756
"4303",-179267.717
"4304",-178050.233
"4305",-178695.488
"4306",-178507.848
"4307",-177657.899
"4308",-178514.353
"4309",-178564.124
"4310",-178038.142
"4311",-177162.1
"4312",-177994.827
"4313",-178345.954
"4314",-178811.126
"4315",-179263.659
"4316",-178721.411
"4317",-178657.962
"4318",-177857.495
"4319",-177638.856
"4320",-179093.693
"4321",-176959.109
"4322",-179035.586
"4323",-178718.294
"4324",-177979.559
"4325",-178755.111
"4326",-177746.152
"4327",-177988.716
"4328",-178498.308
"4329",-177950.554
"4330",-178353.176
"4331",-177069.299
"4332",-178489.298
"4333",-177605.247
"4334",-179288.274
"4335",-178809.183
"4336",-177810.558
"4337",-178650.724
"4338",-178197.59
"4339",-178835.818
"4340",-178450.415
"4341",-177713.734
"4342",-179091.609
"4343",-178240.223
"4344",-178537.235
"4345",-178493.147
"4346",-178840.545
"4347",-178094.842
"4348",-178110.019
"4349",-179163.236
"4350",-177607.823
"4351",-178570.534
"4352",-179482.506
"4353",-178809.964
"4354",-178815.774
"4355",-178926.434
"4356",-176682.413
"4357",-177897.264
"4358",-179045.305
"4359",-179037.954
"4360",-178693.208
"4361",-178348.682
"4362",-179447.219
"4363",-179390.771
"4364",-178102.687
"4365",-178743.174
"4366",-178794.753
"4367",-178374.124
"4368",-178885.196
"4369",-177898.207
"4370",-178939.639
"4371",-177966.104
"4372",-179364.647
"4373",-179552.675
"4374",-178522.174
"4375",-178563.391
"4376",-178351.845
"4377",-178383.768
"4378",-178959.857
"4379",-178978.984
"4380",-177664.617
"4381",-178733.2
"4382",-177736.852
"4383",-178635.179
"4384",-177519.506
"4385",-178491.878
"4386",-178576.973
"4387",-178343.625
"4388",-178251.297
"4389",-177470.864
"4390",-178467.776
"4391",-178407.355
"4392",-177854.905
"4393",-178953.046
"4394",-178696.793
"4395",-177015.198
"4396",-179628.166
"4397",-178672.957
"4398",-178309.431
"4399",-177744.401
"4400",-177352.166
"4401",-178110.471
"4402",-178645.218
"4403",-178585.262
"4404",-179935.086
"4405",-177194.754
"4406",-178834.944
"4407",-177484.904
"4408",-178559.102
"4409",-178935.084
"4410",-179336.297
"4411",-177993.545
"4412",-178647.594
"4413",-178414.473
"4414",-177933.277
"4415",-178576.092
"4416",-178291.083
"4417",-178935.371
"4418",-178964.616
"4419",-178612.522
"4420",-178414.905
"4421",-178804.21
"4422",-178992.563
"4423",-177381.056
"4424",-178523.343
"4425",-178181.976
"4426",-179442.378
"4427",-179644.625
"4428",-178426.929
"4429",-177966.54
"4430",-178253.709
"4431",-178756.263
"4432",-178429.962
"4433",-177539.822
"4434",-178539.024
"4435",-179576.442
"4436",-178387.65
"4437",-179176.849
"4438",-179012.937
"4439",-178573.806
"4440",-179869.359
"4441",-178091.818
"4442",-178036.319
"4443",-177801.7
"4444",-177763.577
"4445",-178428.387
"4446",-179089.787
"4447",-178538.312
"4448",-179389.241
"4449",-178231.924
"4450",-179049.453
"4451",-179246.432
"4452",-178662.847
"4453",-178524.108
"4454",-178419.388
"4455",-177446.267
"4456",-179052.878
"4457",-178563.288
"4458",-178814.29
"4459",-178877.45
"4460",-178932.22
"4461",-177942.481
"4462",-178299.119
"4463",-177710.993
"4464",-177224.958
"4465",-178839.766
"4466",-179431.356
"4467",-178624.207
"4468",-178054.272
"4469",-178869.414
"4470",-177820.059
"4471",-177280.967
"4472",-177983.429
"4473",-178555.703
"4474",-177451.808
"4475",-179482.318
"4476",-178472.246
"4477",-179179.095
"4478",-179804.472
"4479",-178522.334
"4480",-178871.552
"4481",-178810.028
"4482",-178089.949
"4483",-177818.64
"4484",-178603.561
"4485",-178562.039
"4486",-178209.081
"4487",-177751.316
"4488",-178339.351
"4489",-177657.025
"4490",-178453.332
"4491",-179658.79
"4492",-177411.298
"4493",-178711.489
"4494",-178593.793
"4495",-178007.908
"4496",-179580.455
"4497",-179848.857
"4498",-177714.661
"4499",-178616.711
"4500",-178197.079
"4501",-179389.291
"4502",-179209.295
"4503",-179325.911
"4504",-178456.634
"4505",-177986.577
"4506",-178544.175
"4507",-178339.402
"4508",-177870.381
"4509",-178064.979
"4510",-179636.911
"4511",-177931.224
"4512",-178397.185
"4513",-178609.104
"4514",-179448.608
"4515",-178894.452
"4516",-179420.555
"4517",-177884.859
"4518",-179719.585
"4519",-177617.001
"4520",-177647.122
"4521",-178062.052
"4522",-178173.495
"4523",-177935.651
"4524",-177162.635
"4525",-179190.119
"4526",-178410.506
"4527",-178213.996
"4528",-178143.764
"4529",-177470.389
"4530",-177772.001
"4531",-178668.225
"4532",-178461.176
"4533",-176746.188
"4534",-177988.799
"4535",-179020.157
"4536",-177474.819
"4537",-178289.334
"4538",-178314.6
"4539",-178324.722
"4540",-177699.756
"4541",-179003.407
"4542",-178721.692
"4543",-179222.001
"4544",-178286.213
"4545",-177874.212
"4546",-179942.808
"4547",-178231.544
"4548",-179079.477
"4549",-176967.394
"4550",-178660.208
"4551",-179526.512
"4552",-177275.462
"4553",-177941.617
"4554",-178406.273
"4555",-178703.686
"4556",-178726.69
"4557",-179120.611
"4558",-177799.914
"4559",-178275.436
"4560",-178879.104
"4561",-178061.428
"4562",-178563.319
"4563",-178515.995
"4564",-177997.117
"4565",-177677.185
"4566",-179189.27
"4567",-178878.536
"4568",-179019.966
"4569",-178577.435
"4570",-177610.101
"4571",-177462.736
"4572",-178889.119
"4573",-178453.869
"4574",-178688.834
"4575",-178753.274
"4576",-178039.056
"4577",-178250.67
"4578",-178388.344
"4579",-178567.075
"4580",-178608.819
"4581",-177916.058
"4582",-178406.955
"4583",-177956.871
"4584",-178122.665
"4585",-178645.218
"4586",-178796.988
"4587",-178941.958
"4588",-179115.285
"4589",-177278.824
"4590",-177511.677
"4591",-178252.232
"4592",-178170.185
"4593",-178522.917
"4594",-178696.351
"4595",-178010.592
"4596",-177877.691
"4597",-177604.062
"4598",-177983.185
"4599",-178367.799
"4600",-178030.058
"4601",-178774.57
"4602",-178510.886
"4603",-177833.86
"4604",-178899.372
"4605",-179499.853
"4606",-177799.71
"4607",-178003.47
"4608",-178276.893
"4609",-179718.602
"4610",-179272.699
"4611",-179655.346
"4612",-179934.032
"4613",-178144.476
"4614",-178278.341
"4615",-178241.251
"4616",-178750.631
"4617",-179682.661
"4618",-178213.575
"4619",-178419.971
"4620",-178692.284
"4621",-178667.69
"4622",-178261.354
"4623",-178064.427
"4624",-179124.679
"4625",-177543.012
"4626",-178766.038
"4627",-177507.3
"4628",-179738.911
"4629",-179095.064
"4630",-177148.719
"4631",-177891.09
"4632",-179196.477
"4633",-178314.916
"4634",-178874.126
"4635",-179030.146
"4636",-178718.046
"4637",-178191.099
"4638",-177337.191
"4639",-178352.79
"4640",-176977.944
"4641",-178796.395
"4642",-178943.608
"4643",-178673.274
"4644",-178995.001
"4645",-179285.129
"4646",-178677.216
"4647",-178873.043
"4648",-177682.916
"4649",-178334.383
"4650",-177824.588
"4651",-177800.145
"4652",-178133.822
"4653",-179625.693
"4654",-178263.812
"4655",-178266.062
"4656",-177770.172
"4657",-178743.729
"4658",-179285.453
"4659",-178706.705
"4660",-179999.171
"4661",-179181.595
"4662",-176698.713
"4663",-179366.486
"4664",-179580.06
"4665",-177995.22
"4666",-180169.668
"4667",-180397.977
"4668",-178453.604
"4669",-178361.187
"4670",-178826.555
"4671",-179009.396
"4672",-178888.366
"4673",-178605.934
"4674",-176861.904
"4675",-179436.135
"4676",-179229.071
"4677",-178719.855
"4678",-178964.127
"4679",-178526.79
"4680",-179307.876
"4681",-178004.305
"4682",-178686.519
"4683",-179064.407
"4684",-178342.587
"4685",-178319.766
"4686",-177491.576
"4687",-178041.01
"4688",-178028.414
"4689",-177957.629
"4690",-177693.679
"4691",-177870.243
"4692",-178125.749
"4693",-179298.377
"4694",-178037.89
"4695",-177905.187
"4696",-179012.158
"4697",-178329.878
"4698",-179649.809
"4699",-178502.676
"4700",-176605.661
"4701",-177387.392
"4702",-178700.523
"4703",-177755.855
"4704",-178342.745
"4705",-177934.081
"4706",-179548.417
"4707",-178659.297
"4708",-178324.953
"4709",-177919.929
"4710",-177098.657
"4711",-178955.322
"4712",-178689.146
"4713",-178476.804
"4714",-178559.434
"4715",-178635.674
"4716",-178558.758
"4717",-180146.522
"4718",-178546.898
"4719",-177833.817
"4720",-177844.462
"4721",-179082.35
"4722",-178547.073
"4723",-179328.386
"4724",-178492.264
"4725",-178177.315
"4726",-178340.446
"4727",-178263
"4728",-179682.564
"4729",-178331.102
"4730",-177395.323
"4731",-178222.617
"4732",-179345.332
"4733",-177745.845
"4734",-178048.754
"4735",-178518.27
"4736",-177766.511
"4737",-177907.143
"4738",-179047.739
"4739",-178599.042
"4740",-177987.87
"4741",-179436.539
"4742",-178449.164
"4743",-177904.876
"4744",-177233.325
"4745",-178225.114
"4746",-177771.02
"4747",-176678.183
"4748",-179621.086
"4749",-177693.115
"4750",-177967.081
"4751",-179007.281
"4752",-178805.302
"4753",-179122.272
"4754",-178906.479
"4755",-179058.949
"4756",-177907.473
"4757",-179072.442
"4758",-179378.43
"4759",-178109.625
"4760",-178339.521
"4761",-177825.682
"4762",-179175.786
"4763",-178899.577
"4764",-179462.762
"4765",-178156.005
"4766",-177862.748
"4767",-177950.159
"4768",-178574.325
"4769",-178500.68
"4770",-178268.004
"4771",-180188.764
"4772",-177563.801
"4773",-178404.836
"4774",-180680.393
"4775",-178345.628
"4776",-179040.829
"4777",-178794.124
"4778",-177548.291
"4779",-178239.914
"4780",-178372.383
"4781",-178263.127
"4782",-179010.283
"4783",-178966.659
"4784",-177814.437
"4785",-178202.229
"4786",-179057.667
"4787",-178286.503
"4788",-177713.503
"4789",-178147.51
"4790",-178055.228
"4791",-179898.026
"4792",-178973.25
"4793",-178105.023
"4794",-178129.33
"4795",-178992.638
"4796",-179400.404
"4797",-178997.348
"4798",-177950.308
"4799",-178861.421
"4800",-178121.635
"4801",-178727.6
"4802",-179299.851
"4803",-178497.596
"4804",-177974.971
"4805",-178520.953
"4806",-179123.817
"4807",-179280.411
"4808",-179458.585
"4809",-178891.104
"4810",-177601.39
"4811",-179148.95
"4812",-179321.507
"4813",-178546.92
"4814",-180525.798
"4815",-177140.948
"4816",-178387.435
"4817",-178113.436
"4818",-179589.419
"4819",-177865.445
"4820",-179124.592
"4821",-179065.507
"4822",-178931.412
"4823",-177877.201
"4824",-178035.542
"4825",-178493.412
"4826",-178528.118
"4827",-179739.004
"4828",-177668.304
"4829",-178951.08
"4830",-179036.771
"4831",-179286.749
"4832",-177241.655
"4833",-178733.261
"4834",-179048.817
"4835",-178687.958
"4836",-176934.481
"4837",-177740.431
"4838",-179356.231
"4839",-179402.138
"4840",-180223.208
"4841",-177953.366
"4842",-179050.092
"4843",-177217.101
"4844",-178112.789
"4845",-178032.094
"4846",-178736.386
"4847",-179578.435
"4848",-178626.283
"4849",-177648.619
"4850",-178131.772
"4851",-178746.185
"4852",-178540.603
"4853",-178059.534
"4854",-179271.586
"4855",-178993.493
"4856",-178863.843
"4857",-178745.289
"4858",-178331.237
"4859",-178692.533
"4860",-178682.171
"4861",-178405.332
"4862",-179313.364
"4863",-178960.193
"4864",-178044.4
"4865",-178926.462
"4866",-179109.268
"4867",-179170.318
"4868",-178499.697
"4869",-177814.541
"4870",-178532.23
"4871",-178356.911
"4872",-178352.405
"4873",-178066.026
"4874",-179333.168
"4875",-178176.531
"4876",-178297.918
"4877",-179578.79
"4878",-177771.71
"4879",-178400.579
"4880",-177573.664
"4881",-178230.065
"4882",-178695.978
"4883",-178878.84
"4884",-180008.598
"4885",-178922.738
"4886",-179038.863
"4887",-178148.246
"4888",-178259.94
"4889",-178679.056
"4890",-178778.349
"4891",-178445.636
"4892",-178882.001
"4893",-179544.355
"4894",-178900.19
"4895",-178323.492
"4896",-178718.452
"4897",-177561.659
"4898",-178455.068
"4899",-179397.933
"4900",-178741.632
"4901",-178912.019
"4902",-178157.532
"4903",-179080.471
"4904",-178202.478
"4905",-178799.109
"4906",-177440.954
"4907",-177287.27
"4908",-178802.826
"4909",-177482.344
"4910",-178502.749
"4911",-179895.637
"4912",-178540.302
"4913",-178363.764
"4914",-177634.796
"4915",-177739.209
"4916",-177806.453
"4917",-177896.409
"4918",-178220.361
"4919",-178086.547
"4920",-177740.391
"4921",-177571.138
"4922",-178343.802
"4923",-178017.634
"4924",-178908.221
"4925",-177930.461
"4926",-179222.683
"4927",-180020.112
"4928",-177424.957
"4929",-178997.691
"4930",-179267.099
"4931",-178874.028
"4932",-178784.631
"4933",-178840.267
"4934",-178743.609
"4935",-179314.37
"4936",-178128.897
"4937",-178252.202
"4938",-178646.491
"4939",-178054.455
"4940",-178674.675
"4941",-178330.856
"4942",-178859.323
"4943",-178672.969
"4944",-178891.59
"4945",-177995.51
"4946",-177832.282
"4947",-178383.974
"4948",-177767.187
"4949",-178086.922
"4950",-177676.077
"4951",-177616.431
"4952",-178176.875
"4953",-178370.765
"4954",-178636.416
"4955",-178658.478
"4956",-178863.199
"4957",-178392.035
"4958",-178192.54
"4959",-177759.876
"4960",-179452.635
"4961",-178292.706
"4962",-176418.791
"4963",-178299.469
"4964",-177993.986
"4965",-178217.39
"4966",-179397.832
"4967",-179138.687
"4968",-178177.959
"4969",-178175.218
"4970",-178702.061
"4971",-177514.959
"4972",-179182.431
"4973",-177986.81
"4974",-177961.75
"4975",-178333.431
"4976",-177924.84
"4977",-178173.281
"4978",-178738.607
"4979",-178534.165
"4980",-177544.123
"4981",-178967.877
"4982",-178398.572
"4983",-179142.138
"4984",-177650.06
"4985",-178035.803
"4986",-179413.831
"4987",-179275.34
"4988",-178641.954
"4989",-178135.7
"4990",-177835.736
"4991",-177666.926
"4992",-178465.049
"4993",-177423.141
"4994",-178594.067
"4995",-178057.84
"4996",-178579.78
"4997",-178121.689
"4998",-178636.666
"4999",-177688.24
"5000",-177598.116
"5001",-178119.934
"5002",-178466.497
"5003",-177237.235
"5004",-176427.825
"5005",-178946.664
"5006",-177884.215
"5007",-178609.663
"5008",-177468.141
"5009",-178790.021
"5010",-178198.868
"5011",-178555.42
"5012",-178829.655
"5013",-177579.488
"5014",-177091.315
"5015",-178602.919
"5016",-178401.87
"5017",-178387.11
"5018",-178085.714
"5019",-178957.498
"5020",-178408.867
"5021",-177294.818
"5022",-179268.083
"5023",-178486.642
"5024",-179027.376
"5025",-178299.226
"5026",-178842.864
"5027",-178180.813
"5028",-178719.062
"5029",-178796.083
"5030",-176964.522
"5031",-178828.524
"5032",-178541.463
"5033",-177739.074
"5034",-178570.248
"5035",-178051.889
"5036",-177208.259
"5037",-178913.449
"5038",-177671.528
"5039",-178208.845
"5040",-177913.097
"5041",-178201.171
"5042",-178771.695
"5043",-177144.614
"5044",-177597.554
"5045",-179287.45
"5046",-177681.737
"5047",-178464.001
"5048",-179064.408
"5049",-177516.271
"5050",-179027.841
"5051",-178755.384
"5052",-177051.761
"5053",-176578.199
"5054",-177582.248
"5055",-178551.68
"5056",-177881.808
"5057",-178788.862
"5058",-178539.379
"5059",-177845.739
"5060",-177143.737
"5061",-177955.904
"5062",-178225.889
"5063",-179281.754
"5064",-178570.215
"5065",-178286.974
"5066",-177457.185
"5067",-178505.111
"5068",-178592.201
"5069",-178527.55
"5070",-178351.551
"5071",-179480.206
"5072",-178606.058
"5073",-178776.362
"5074",-179004.064
"5075",-177912.497
"5076",-177368.82
"5077",-178983.504
"5078",-178200.571
"5079",-177968.983
"5080",-178380.526
"5081",-177110.382
"5082",-178562.42
"5083",-178381.104
"5084",-177938.567
"5085",-179440.444
"5086",-178343.338
"5087",-178260.394
"5088",-178744.89
"5089",-177497.445
"5090",-177592.672
"5091",-178575.665
"5092",-179193.229
"5093",-178961.281
"5094",-177950.517
"5095",-178083.115
"5096",-177902.363
"5097",-178883.149
"5098",-177860.645
"5099",-178111.776
"5100",-177888.693
"5101",-177931.489
"5102",-178515.858
"5103",-177952.009
"5104",-178240.459
"5105",-179079.04
"5106",-177952.275
"5107",-176858.29
"5108",-177472.189
"5109",-178108.661
"5110",-177607.577
"5111",-177127.901
"5112",-179053.701
"5113",-178695.531
"5114",-178023.137
"5115",-177545.574
"5116",-179162.403
"5117",-178845.54
"5118",-177231.513
"5119",-179761.963
"5120",-177968.827
"5121",-177927.979
"5122",-177402.871
"5123",-177867.322
"5124",-178433.554
"5125",-178360.007
"5126",-178614.235
"5127",-178025.263
"5128",-178221.621
"5129",-178364.071
"5130",-178434.407
"5131",-178797.13
"5132",-177575.77
"5133",-177786.051
"5134",-178815.361
"5135",-178533.48
"5136",-178748.281
"5137",-176938.552
"5138",-177891.951
"5139",-177804.152
"5140",-178255.035
"5141",-178844.573
"5142",-178832.793
"5143",-180033.149
"5144",-179070.205
"5145",-177577.74
"5146",-178476.408
"5147",-177813.552
"5148",-177845.477
"5149",-177789.766
"5150",-179377.768
"5151",-177353.553
"5152",-178466.251
"5153",-177836.908
"5154",-178686.365
"5155",-177348.903
"5156",-179319.911
"5157",-178049.574
"5158",-178113.233
"5159",-177832.533
"5160",-178389.984
"5161",-178517.813
"5162",-177905.591
"5163",-179245.563
"5164",-178871.747
"5165",-179281.434
"5166",-178926.544
"5167",-176901.407
"5168",-177636.533
"5169",-177944.257
"5170",-178779.74
"5171",-178973.629
"5172",-178432.96
"5173",-178533.832
"5174",-178855.517
"5175",-178112.997
"5176",-178648.008
"5177",-178648.16
"5178",-178189.973
"5179",-178224.164
"5180",-179168.296
"5181",-177961.751
"5182",-178860.417
"5183",-177361.342
"5184",-178962.302
"5185",-178559.017
"5186",-178565.942
"5187",-178230.384
"5188",-179267.148
"5189",-180030.893
"5190",-179255.774
"5191",-179102.182
"5192",-178779.981
"5193",-177933.385
"5194",-179310.539
"5195",-178404.26
"5196",-179082.345
"5197",-178508.771
"5198",-176842.77
"5199",-178141.524
"5200",-178998.839
"5201",-178151.811
"5202",-177976.389
"5203",-178761.793
"5204",-178121.912
"5205",-178701.375
"5206",-178366.014
"5207",-178520.917
"5208",-178489.647
"5209",-178245.796
"5210",-178228.086
"5211",-178720.67
"5212",-178703.417
"5213",-178817.322
"5214",-178744.163
"5215",-177894.185
"5216",-177801.449
"5217",-178251.018
"5218",-180002.897
"5219",-177971.924
"5220",-178155.629
"5221",-179339.231
"5222",-178885.153
"5223",-178164.599
"5224",-179119.867
"5225",-178091.4
"5226",-177355.818
"5227",-179117.701
"5228",-178582.115
"5229",-178374.736
"5230",-178088.817
"5231",-178171.767
"5232",-178641.441
"5233",-177839.459
"5234",-178463.54
"5235",-178487.886
"5236",-177736.344
"5237",-178803.339
"5238",-179492.503
"5239",-179133.198
"5240",-179622.233
"5241",-178926.203
"5242",-178697.07
"5243",-178642.852
"5244",-179103.413
"5245",-177777.487
"5246",-178300.755
"5247",-178646.727
"5248",-178822.829
"5249",-178887.439
"5250",-177994.613
"5251",-177971.149
"5252",-177879.428
"5253",-178297.445
"5254",-179051.393
"5255",-179377.086
"5256",-177679.422
"5257",-177644.455
"5258",-178178.989
"5259",-178776.861
"5260",-178414.932
"5261",-178186.482
"5262",-179797.132
"5263",-178077.038
"5264",-178008.794
"5265",-177680.136
"5266",-178040.585
"5267",-178987.91
"5268",-178562.257
"5269",-178266.608
"5270",-177961.98
"5271",-176911.566
"5272",-177844.307
"5273",-178840.357
"5274",-178914.852
"5275",-177450.209
"5276",-179533.624
"5277",-177435.373
"5278",-178306.356
"5279",-178961.179
"5280",-177528.151
"5281",-179227.754
"5282",-177922.189
"5283",-177799.32
"5284",-178967.197
"5285",-178356.043
"5286",-176811.67
"5287",-179079.028
"5288",-178521.678
"5289",-178508.859
"5290",-178190.548
"5291",-179103.275
"5292",-178018.04
"5293",-178957.114
"5294",-178203.723
"5295",-179321.558
"5296",-178223.147
"5297",-178044.217
"5298",-177097.61
"5299",-178294.952
"5300",-178645.255
"5301",-178875.254
"5302",-178327.477
"5303",-179569.549
"5304",-176805.062
"5305",-178465.225
"5306",-177223.987
"5307",-178373.924
"5308",-177817.667
"5309",-178764.729
"5310",-179413.988
"5311",-178715.055
"5312",-178992.054
"5313",-178622.815
"5314",-177421.472
"5315",-177458.104
"5316",-178659.666
"5317",-177540.49
"5318",-177838.882
"5319",-178866.133
"5320",-177645.709
"5321",-178735.674
"5322",-178630.307
"5323",-178876.724
"5324",-179649.046
"5325",-176794.354
"5326",-178545.39
"5327",-179458.904
"5328",-177771.301
"5329",-178495.61
"5330",-178569.329
"5331",-177485.755
"5332",-178499.211
"5333",-179576.247
"5334",-177850.561
"5335",-178048.297
"5336",-177606.02
"5337",-178975.066
"5338",-178378.713
"5339",-178337.571
"5340",-176735.835
"5341",-179402.469
"5342",-178453.893
"5343",-178578.909
"5344",-179621.258
"5345",-178538.043
"5346",-179514.96
"5347",-177159.571
"5348",-177360.218
"5349",-179355.086
"5350",-178184.773
"5351",-178680.747
"5352",-177820.021
"5353",-178553.211
"5354",-178932.08
"5355",-178082.693
"5356",-177593.269
"5357",-178757.975
"5358",-178437.804
"5359",-179680.056
"5360",-179293.958
"5361",-178567.417
"5362",-178278.664
"5363",-178071.923
"5364",-178853.967
"5365",-179206.822
"5366",-178697.136
"5367",-178693.276
"5368",-177966.776
"5369",-179133.065
"5370",-179037.967
"5371",-179052.993
"5372",-177690.173
"5373",-178358.104
"5374",-178327.641
"5375",-178592.181
"5376",-178931.343
"5377",-179330.839
"5378",-179180.507
"5379",-178284.769
"5380",-178783.514
"5381",-177725.656
"5382",-178056.198
"5383",-178578.218
"5384",-178492.391
"5385",-178922.045
"5386",-177163.067
"5387",-178126.948
"5388",-179278.106
"5389",-177480.74
"5390",-178638.335
"5391",-179069.98
"5392",-177392.013
"5393",-179348.216
"5394",-178784.193
"5395",-179420.703
"5396",-177405.329
"5397",-178035.959
"5398",-178271.8
"5399",-178910.101
"5400",-178990.967
"5401",-177353.577
"5402",-177659.885
"5403",-178537.433
"5404",-178765.437
"5405",-178000.235
"5406",-177915.214
"5407",-178599.278
"5408",-177861.92
"5409",-177277.744
"5410",-178539.632
"5411",-178383.827
"5412",-178619.915
"5413",-178423.002
"5414",-178284.202
"5415",-177854.52
"5416",-178718.457
"5417",-179026.121
"5418",-177652.634
"5419",-178891.236
"5420",-177999.19
"5421",-178596.503
"5422",-177931.317
"5423",-177694.632
"5424",-178321.26
"5425",-179128.438
"5426",-178524.98
"5427",-178439.396
"5428",-179281.729
"5429",-178816.205
"5430",-176990.719
"5431",-179201.321
"5432",-177986.151
"5433",-177441.544
"5434",-178195.585
"5435",-178876.544
"5436",-177379.868
"5437",-178532.216
"5438",-179364.553
"5439",-177823.48
"5440",-178746.679
"5441",-179493.464
"5442",-178651.539
"5443",-179143.718
"5444",-178973.865
"5445",-177797.054
"5446",-177031.187
"5447",-178983.42
"5448",-179427.323
"5449",-179085.269
"5450",-178772.975
"5451",-178536.315
"5452",-177846.768
"5453",-178590.844
"5454",-178689.029
"5455",-178430.626
"5456",-177798.914
"5457",-178221.682
"5458",-178825.838
"5459",-178161.08
"5460",-178120.026
"5461",-179256.804
"5462",-179234.013
"5463",-178435.79
"5464",-179065.979
"5465",-178509.883
"5466",-179130.491
"5467",-178932.702
"5468",-179288.11
"5469",-178617.653
"5470",-178579.304
"5471",-178502.576
"5472",-178350.532
"5473",-179291.186
"5474",-177940.498
"5475",-178563.31
"5476",-178111.843
"5477",-177480.605
"5478",-178948.676
"5479",-178358.284
"5480",-177952.853
"5481",-178224.911
"5482",-178078.867
"5483",-178317.38
"5484",-178109.332
"5485",-177881.6
"5486",-177930.944
"5487",-178490.472
"5488",-178124.792
"5489",-178500.601
"5490",-177372.828
"5491",-178944.233
"5492",-176928.335
"5493",-178619.261
"5494",-177980.288
"5495",-179013.615
"5496",-178652.632
"5497",-178152.447
"5498",-178153.888
"5499",-179171.586
"5500",-179533.014
"5501",-178536.925
"5502",-178248.988
"5503",-178746.52
"5504",-178375.321
"5505",-177685.763
"5506",-178741.779
"5507",-178463.793
"5508",-177842.74
"5509",-178378.034
"5510",-178501.145
"5511",-177999.426
"5512",-179287.135
"5513",-178764.062
"5514",-178955.063
"5515",-178949.392
"5516",-178795.139
"5517",-178322.352
"5518",-179226.108
"5519",-178559.104
"5520",-178599.463
"5521",-178837.915
"5522",-178228.176
"5523",-178497.903
"5524",-178275.868
"5525",-178864.865
"5526",-178608.639
"5527",-178950.255
"5528",-180064.749
"5529",-178330.144
"5530",-178474.381
"5531",-178822.632
"5532",-178600.021
"5533",-178565.894
"5534",-178214.423
"5535",-179220.687
"5536",-176907.492
"5537",-180565.644
"5538",-178578.637
"5539",-178951.975
"5540",-178222.5
"5541",-178762.154
"5542",-178736.224
"5543",-179106.033
"5544",-178312.909
"5545",-178007.633
"5546",-177773.5
"5547",-177365.116
"5548",-178258.449
"5549",-179530.022
"5550",-178595.902
"5551",-177516.939
"5552",-179799.706
"5553",-177438.364
"5554",-178470.407
"5555",-178542.566
"5556",-178723.685
"5557",-177772.483
"5558",-177652.909
"5559",-178199.435
"5560",-179389.173
"5561",-178521.298
"5562",-178017.428
"5563",-179229.069
"5564",-178243.887
"5565",-179449.083
"5566",-179064.411
"5567",-177623.815
"5568",-178736.847
"5569",-178207.18
"5570",-177509.858
"5571",-177631.588
"5572",-179245.934
"5573",-178237.031
"5574",-178359.428
"5575",-178495.05
"5576",-179047.189
"5577",-178668.766
"5578",-178989.075
"5579",-177705.902
"5580",-179077.191
"5581",-178340.645
"5582",-177851.455
"5583",-178676.043
"5584",-178734.631
"5585",-178602.757
"5586",-178333.764
"5587",-178191.225
"5588",-179489.187
"5589",-178013.303
"5590",-179072.037
"5591",-178509.377
"5592",-178869.976
"5593",-179628.062
"5594",-179079.369
"5595",-178995.649
"5596",-178279.313
"5597",-178862.944
"5598",-177261.775
"5599",-177937.12
"5600",-178456.517
"5601",-178726.274
"5602",-177835.482
"5603",-178669.875
"5604",-178017.824
"5605",-178081.418
"5606",-178407.014
"5607",-178776.866
"5608",-178255.199
"5609",-177155.488
"5610",-178781.767
"5611",-177757.564
"5612",-177614.206
"5613",-178164.076
"5614",-178022.34
"5615",-179044.556
"5616",-178343.386
"5617",-179221.535
"5618",-178995.175
"5619",-178460.077
"5620",-177782.99
"5621",-178948.823
"5622",-177985.8
"5623",-177799.47
"5624",-178677.075
"5625",-178475.327
"5626",-178594.357
"5627",-178486.384
"5628",-178927.829
"5629",-178594.402
"5630",-178436.165
"5631",-178502.156
"5632",-177107.004
"5633",-178924.272
"5634",-178242.89
"5635",-178082.738
"5636",-179310.217
"5637",-178739
"5638",-178085.656
"5639",-178400.205
"5640",-178713.793
"5641",-179230.98
"5642",-178357.758
"5643",-178697.547
"5644",-178798.95
"5645",-178611.999
"5646",-178761.177
"5647",-177448.66
"5648",-179270.634
"5649",-177768.836
"5650",-179548.47
"5651",-178944.964
"5652",-177200.191
"5653",-178106.786
"5654",-178936.265
"5655",-178412.885
"5656",-179503.217
"5657",-177351.505
"5658",-178241.637
"5659",-178836.381
"5660",-177868.533
"5661",-179564.773
"5662",-179426.447
"5663",-178849.916
"5664",-178444.591
"5665",-179039.756
"5666",-180114.14
"5667",-179259.352
"5668",-178673.386
"5669",-178509.896
"5670",-177835.638
"5671",-177974.57
"5672",-178459.737
"5673",-178849.652
"5674",-178884.847
"5675",-179358.221
"5676",-178578.742
"5677",-178315.177
"5678",-178634.574
"5679",-179064.491
"5680",-177867.565
"5681",-178595.567
"5682",-178854.238
"5683",-177726.62
"5684",-177703.223
"5685",-178393.441
"5686",-179008.64
"5687",-177670.265
"5688",-178076.423
"5689",-178349.258
"5690",-178154.9
"5691",-177934.429
"5692",-177839.751
"5693",-178745.013
"5694",-178378.481
"5695",-179235.086
"5696",-177830.74
"5697",-177901.05
"5698",-177464.242
"5699",-177594.927
"5700",-176929.763
"5701",-178586.89
"5702",-179037.351
"5703",-177875.585
"5704",-178622.167
"5705",-178922.143
"5706",-177901.611
"5707",-177298.658
"5708",-178405.773
"5709",-178110.652
"5710",-179139.443
"5711",-179685.314
"5712",-177882.247
"5713",-178117.283
"5714",-179210.492
"5715",-178799.676
"5716",-178698.828
"5717",-178858.543
"5718",-178408.689
"5719",-178792.936
"5720",-178930.326
"5721",-179330.236
"5722",-177893.356
"5723",-179409.73
"5724",-176900.465
"5725",-177154.405
"5726",-178516.529
"5727",-178369.21
"5728",-176964.703
"5729",-178551.347
"5730",-177408.595
"5731",-177483.011
"5732",-179564.741
"5733",-178975.347
"5734",-178897.874
"5735",-177942.145
"5736",-177967.054
"5737",-178148.204
"5738",-177764.214
"5739",-177492.31
"5740",-178435.636
"5741",-178472.422
"5742",-178414.956
"5743",-178409.033
"5744",-178468.186
"5745",-177994.338
"5746",-178847.081
"5747",-178510.611
"5748",-178448.539
"5749",-178774.589
"5750",-178412.992
"5751",-178953.019
"5752",-178384.085
"5753",-178240.048
"5754",-177571.17
"5755",-179563.481
"5756",-177814.555
"5757",-179099.519
"5758",-178261.65
"5759",-176830.578
"5760",-179632.787
"5761",-180164.514
"5762",-175882.824
"5763",-177902.452
"5764",-178181.803
"5765",-177754.601
"5766",-177900.122
"5767",-179538.407
"5768",-178721.542
"5769",-177936.078
"5770",-179326.708
"5771",-177813.512
"5772",-178538.961
"5773",-178088.168
"5774",-178142.823
"5775",-179459.169
"5776",-178402.237
"5777",-177629.595
"5778",-179188.767
"5779",-179275.776
"5780",-178520.953
"5781",-178229.788
"5782",-178701.745
"5783",-178585.952
"5784",-178427.447
"5785",-178617.849
"5786",-178445.199
"5787",-179184.077
"5788",-178467.735
"5789",-178609.742
"5790",-179180.701
"5791",-178506.691
"5792",-178002.421
"5793",-178301.169
"5794",-179049.448
"5795",-178172.052
"5796",-178009.509
"5797",-178453.052
"5798",-179371.646
"5799",-178310.369
"5800",-178225.685
"5801",-178269.008
"5802",-178650.784
"5803",-178055.513
"5804",-179485.247
"5805",-178208.499
"5806",-179050.165
"5807",-179291.213
"5808",-178408.643
"5809",-177879.379
"5810",-177857.51
"5811",-178676.552
"5812",-178714.541
"5813",-179244.818
"5814",-180053.734
"5815",-177993.666
"5816",-178931.707
"5817",-178210.23
"5818",-176743.016
"5819",-178759.061
"5820",-178441.947
"5821",-177494.522
"5822",-178551.448
"5823",-177205.732
"5824",-179670.054
"5825",-178313.174
"5826",-177984.294
"5827",-177140.209
"5828",-179336.463
"5829",-178932.339
"5830",-178076.841
"5831",-177233.132
"5832",-177327.882
"5833",-179205.777
"5834",-178892.275
"5835",-177946.364
"5836",-179034.934
"5837",-178797.36
"5838",-178693.399
"5839",-177295.124
"5840",-179394.719
"5841",-177375.986
"5842",-179046.293
"5843",-178711.113
"5844",-178704.16
"5845",-178508.534
"5846",-177477.464
"5847",-178235.638
"5848",-176610.693
"5849",-178726.263
"5850",-177553.591
"5851",-178647.15
"5852",-178567.431
"5853",-177499.457
"5854",-178721.552
"5855",-178464.433
"5856",-178049.149
"5857",-178547.185
"5858",-178706.501
"5859",-178843.433
"5860",-177770.457
"5861",-178339.528
"5862",-177147.317
"5863",-177049.539
"5864",-178351.28
"5865",-177630.182
"5866",-177825.691
"5867",-179056.478
"5868",-178896.879
"5869",-177634.689
"5870",-178521.962
"5871",-179058.728
"5872",-178721.31
"5873",-178111.01
"5874",-178775.419
"5875",-178155.846
"5876",-179159.039
"5877",-178415.781
"5878",-178329.752
"5879",-178184.115
"5880",-178075.264
"5881",-179074.289
"5882",-177335.403
"5883",-177769.779
"5884",-177703.996
"5885",-177495.88
"5886",-179725.578
"5887",-178672.068
"5888",-178013.559
"5889",-178769.318
"5890",-178321.923
"5891",-178156.848
"5892",-178354.648
"5893",-179249.091
"5894",-178492.304
"5895",-178816.493
"5896",-179014.17
"5897",-177644.673
"5898",-179511.708
"5899",-178224.275
"5900",-179658.417
"5901",-177904.245
"5902",-177636.315
"5903",-178695.576
"5904",-180318.242
"5905",-178833.929
"5906",-178144.699
"5907",-178200.994
"5908",-178739.739
"5909",-178598.171
"5910",-178390.434
"5911",-178326.493
"5912",-178910.168
"5913",-177646.21
"5914",-176966.562
"5915",-177517.852
"5916",-179944.414
"5917",-177727.657
"5918",-178198.953
"5919",-178723.357
"5920",-179129.269
"5921",-178606.804
"5922",-178166.127
"5923",-179039.871
"5924",-178302.719
"5925",-178044.007
"5926",-177455.739
"5927",-178412.382
"5928",-178897.761
"5929",-177728.627
"5930",-177250.796
"5931",-179403.174
"5932",-178515.189
"5933",-179231.974
"5934",-178557.236
"5935",-178276.918
"5936",-177522.924
"5937",-177812.654
"5938",-178460.945
"5939",-178663.102
"5940",-179896.262
"5941",-178392.55
"5942",-179410.482
"5943",-178590.475
"5944",-177849.697
"5945",-177916.693
"5946",-178685.868
"5947",-179003.57
"5948",-178716.058
"5949",-178528.031
"5950",-179487.85
"5951",-178262.109
"5952",-177402.129
"5953",-176520.337
"5954",-178395.8
"5955",-179911.397
"5956",-179825.946
"5957",-177889.707
"5958",-178786.855
"5959",-178674.11
"5960",-178784.791
"5961",-179298.637
"5962",-179524.932
"5963",-178380.091
"5964",-179212.61
"5965",-177881.812
"5966",-178515.109
"5967",-178708.994
"5968",-177838.825
"5969",-178330.018
"5970",-177887.589
"5971",-178197.954
"5972",-178554.734
"5973",-177855.32
"5974",-178750.728
"5975",-179403.922
"5976",-177876.85
"5977",-178380.746
"5978",-178974.649
"5979",-178628.179
"5980",-177904.676
"5981",-178742.841
"5982",-177941.389
"5983",-178672.691
"5984",-178317.959
"5985",-178549.791
"5986",-178986.398
"5987",-178007.8
"5988",-178821.231
"5989",-178991.636
"5990",-178698.302
"5991",-177570.048
"5992",-177556.263
"5993",-178656.691
"5994",-178364.279
"5995",-178960.273
"5996",-178868.523
"5997",-177863.752
"5998",-177897.489
"5999",-179067.846
"6000",-178061.355
"6001",-177781.514
"6002",-177970.328
"6003",-179375.676
"6004",-177461.151
"6005",-178628.143
"6006",-178407.534
"6007",-178815.829
"6008",-178714.029
"6009",-178146.137
"6010",-178400.78
"6011",-178421.841
"6012",-178372.951
"6013",-179616.62
"6014",-179292.338
"6015",-177199.359
"6016",-179098.62
"6017",-179037.624
"6018",-179429.542
"6019",-178635.603
"6020",-179389.577
"6021",-177869.079
"6022",-177738.611
"6023",-177948.546
"6024",-177583.483
"6025",-178701.716
"6026",-179100.081
"6027",-178826.347
"6028",-178542.695
"6029",-178099.699
"6030",-178531.726
"6031",-177489.631
"6032",-179517.964
"6033",-178285.095
"6034",-177842.415
"6035",-178836.533
"6036",-178199.027
"6037",-177783.267
"6038",-178770.574
"6039",-179843.698
"6040",-178790.888
"6041",-177114.597
"6042",-177980.748
"6043",-178986.829
"6044",-178663.969
"6045",-178326.389
"6046",-178752.655
"6047",-178568.838
"6048",-177896.048
"6049",-177501.03
"6050",-177302.246
"6051",-178341.978
"6052",-178684.542
"6053",-177858.277
"6054",-179118.884
"6055",-177863.78
"6056",-179096.906
"6057",-177842.777
"6058",-178139.828
"6059",-178781.081
"6060",-177983.528
"6061",-178279.118
"6062",-179574.327
"6063",-178527.793
"6064",-179790.411
"6065",-178363.712
"6066",-178358.861
"6067",-179246.144
"6068",-177867.366
"6069",-178245.193
"6070",-178483.067
"6071",-177144.267
"6072",-179381.354
"6073",-178624.725
"6074",-179035.55
"6075",-179663.191
"6076",-178127.595
"6077",-178106.628
"6078",-178239.121
"6079",-178733.157
"6080",-178888.124
"6081",-178629.554
"6082",-178581.486
"6083",-179513.558
"6084",-178654.93
"6085",-179238.991
"6086",-177801.755
"6087",-177887.479
"6088",-178196.505
"6089",-178615.227
"6090",-178837.886
"6091",-177305.826
"6092",-178819.878
"6093",-177835.838
"6094",-178563.552
"6095",-177882.592
"6096",-177737.607
"6097",-180185.281
"6098",-178706.891
"6099",-177825.8
"6100",-179406.434
"6101",-178737.575
"6102",-178347.387
"6103",-177757.733
"6104",-178466.748
"6105",-177982.83
"6106",-179265.754
"6107",-178920.227
"6108",-178427.788
"6109",-178030.408
"6110",-179232.998
"6111",-178951.082
"6112",-178249.401
"6113",-177981.286
"6114",-178773.19
"6115",-178539.2
"6116",-178105.214
"6117",-178264.686
"6118",-178868.326
"6119",-178660.074
"6120",-177167.204
"6121",-178183.845
"6122",-178539.281
"6123",-177503.041
"6124",-177652.99
"6125",-178609.165
"6126",-178612.657
"6127",-178580.656
"6128",-178986.719
"6129",-177216.789
"6130",-178705.559
"6131",-177214.204
"6132",-178410.627
"6133",-178586.317
"6134",-179317.056
"6135",-178293.546
"6136",-178203.791
"6137",-178333.538
"6138",-178457.89
"6139",-178543.337
"6140",-178672.054
"6141",-179614.121
"6142",-178641.581
"6143",-179223.964
"6144",-178208.854
"6145",-178003.82
"6146",-178884.403
"6147",-178090.488
"6148",-177718.676
"6149",-177804.102
"6150",-177958.995
"6151",-179125.419
"6152",-177873.373
"6153",-178242.037
"6154",-179032.69
"6155",-178988.048
"6156",-178409.302
"6157",-177550.953
"6158",-177707.429
"6159",-178999.351
"6160",-179267.344
"6161",-179136.667
"6162",-180120.691
"6163",-178956.773
"6164",-178412.52
"6165",-178908.857
"6166",-178292.402
"6167",-178633.354
"6168",-179841.068
"6169",-180113.658
"6170",-179287.363
"6171",-177267.477
"6172",-179484.553
"6173",-178755.598
"6174",-177710.055
"6175",-178530.436
"6176",-179027.471
"6177",-179360.674
"6178",-177113.761
"6179",-177702.593
"6180",-179120.14
"6181",-178514.517
"6182",-179316.076
"6183",-178732.036
"6184",-178901.121
"6185",-177934.399
"6186",-177602.289
"6187",-178151.771
"6188",-178709.75
"6189",-178403.622
"6190",-178679.108
"6191",-177447.712
"6192",-177960.617
"6193",-178563.579
"6194",-178137.655
"6195",-178398.016
"6196",-180107.4
"6197",-177873.354
"6198",-178778.168
"6199",-179275.801
"6200",-177898.217
"6201",-178225.269
"6202",-179749.11
"6203",-178228.497
"6204",-178424.051
"6205",-178832.172
"6206",-179256.781
"6207",-179250.877
"6208",-178541.789
"6209",-178188.283
"6210",-178050.984
"6211",-178661.715
"6212",-178351.62
"6213",-177572.669
"6214",-178289.195
"6215",-178338.77
"6216",-177162.637
"6217",-178227.195
"6218",-178332.995
"6219",-179827.911
"6220",-180103.034
"6221",-179073.519
"6222",-178582.378
"6223",-177766.586
"6224",-178625.489
"6225",-179445.157
"6226",-177848.249
"6227",-178836.964
"6228",-179126.199
"6229",-177835.711
"6230",-177817.661
"6231",-179111.944
"6232",-178535.496
"6233",-177969.931
"6234",-177776.916
"6235",-178763.885
"6236",-177971.169
"6237",-177110.147
"6238",-178810.711
"6239",-179350.887
"6240",-179899.891
"6241",-179505.288
"6242",-177161.096
"6243",-178204.337
"6244",-177956.169
"6245",-178714.194
"6246",-179022.052
"6247",-177750.067
"6248",-178061.596
"6249",-178602.879
"6250",-177961.925
"6251",-178223.027
"6252",-179060.037
"6253",-178750.741
"6254",-179198.272
"6255",-178120.148
"6256",-177717.745
"6257",-178851.55
"6258",-178450.191
"6259",-177551.191
"6260",-178507.871
"6261",-178400.698
"6262",-178544.195
"6263",-178832.981
"6264",-177887.98
"6265",-178209.548
"6266",-178618.653
"6267",-179200.778
"6268",-178055.502
"6269",-178190.938
"6270",-178494.978
"6271",-177847.401
"6272",-178903.35
"6273",-177719.825
"6274",-178484.965
"6275",-178223.839
"6276",-178842.717
"6277",-179158.058
"6278",-178507.987
"6279",-179199.129
"6280",-178496.745
"6281",-178311.369
"6282",-178505.344
"6283",-179287.39
"6284",-178493.429
"6285",-179791.059
"6286",-177715.56
"6287",-178533.615
"6288",-177677.445
"6289",-178795.581
"6290",-179258.017
"6291",-178927.947
"6292",-178409.485
"6293",-177939.205
"6294",-177922.856
"6295",-180002.585
"6296",-177290.601
"6297",-177969.488
"6298",-178298.35
"6299",-178469.414
"6300",-177960.741
"6301",-176974.192
"6302",-178010.094
"6303",-179052.31
"6304",-178170.676
"6305",-179741.262
"6306",-178080.888
"6307",-178594.255
"6308",-178451.546
"6309",-178376.028
"6310",-177278.142
"6311",-178791.849
"6312",-178443.609
"6313",-178325.747
"6314",-179246.048
"6315",-178799.391
"6316",-178287.927
"6317",-178256.689
"6318",-179072.519
"6319",-177951.896
"6320",-178617.481
"6321",-178643.53
"6322",-179687.711
"6323",-177910.277
"6324",-179289.451
"6325",-178514.785
"6326",-178571.99
"6327",-178427.024
"6328",-177588.296
"6329",-179784.984
"6330",-178763.811
"6331",-178319.578
"6332",-179181.671
"6333",-178036.596
"6334",-178584.66
"6335",-177725.507
"6336",-178376.83
"6337",-178780.832
"6338",-178799.125
"6339",-178512.561
"6340",-177542.759
"6341",-178008.147
"6342",-177506.602
"6343",-178884.012
"6344",-179093.842
"6345",-178958.758
"6346",-179166.683
"6347",-177659.691
"6348",-178947.893
"6349",-178077.874
"6350",-178832.644
"6351",-178516.855
"6352",-179343.803
"6353",-178696.765
"6354",-178888.37
"6355",-177470.889
"6356",-177854.537
"6357",-177167.932
"6358",-178802.451
"6359",-178791.715
"6360",-179259.755
"6361",-177986.537
"6362",-177591.853
"6363",-178833.231
"6364",-178426.764
"6365",-178824.798
"6366",-178710.249
"6367",-177143.236
"6368",-178994.311
"6369",-178763.847
"6370",-177684.163
"6371",-178918.848
"6372",-179000.678
"6373",-178344.092
"6374",-177786
"6375",-178059.114
"6376",-178206.046
"6377",-177826.851
"6378",-178505.807
"6379",-177101.483
"6380",-178528.309
"6381",-178775.052
"6382",-177867.393
"6383",-177767.054
"6384",-178466.625
"6385",-177655.441
"6386",-177017.091
"6387",-178159.054
"6388",-178724.741
"6389",-178986.497
"6390",-178203.206
"6391",-178719.126
"6392",-177719.899
"6393",-179349.453
"6394",-178331.877
"6395",-178642.956
"6396",-179083.52
"6397",-179239.01
"6398",-178846.831
"6399",-177795.069
"6400",-179142.648
"6401",-178250.7
"6402",-177744.364
"6403",-178236.74
"6404",-178737.821
"6405",-178697.678
"6406",-179697.123
"6407",-177576.775
"6408",-178209.262
"6409",-179730.706
"6410",-178128.14
"6411",-179486.103
"6412",-177456.782
"6413",-178931.609
"6414",-178003.208
"6415",-178204.43
"6416",-177880.032
"6417",-177957.391
"6418",-178553.385
"6419",-178144.982
"6420",-175949.956
"6421",-179080.891
"6422",-177692.131
"6423",-178529.545
"6424",-178135.542
"6425",-178876.457
"6426",-179154.116
"6427",-179314.118
"6428",-178791.287
"6429",-177360.326
"6430",-178055.831
"6431",-178967.757
"6432",-179218.392
"6433",-178714.668
"6434",-178924.756
"6435",-177847.027
"6436",-178837.355
"6437",-178238.425
"6438",-179316.477
"6439",-178626.513
"6440",-178190.351
"6441",-177824.403
"6442",-177958.389
"6443",-178303.637
"6444",-178645.47
"6445",-177860.401
"6446",-179153.354
"6447",-179359.318
"6448",-178344.629
"6449",-179244.223
"6450",-177801.858
"6451",-177992.035
"6452",-178909.351
"6453",-178565.384
"6454",-178883.814
"6455",-179249.925
"6456",-177836.659
"6457",-177839.297
"6458",-178985.405
"6459",-178222.862
"6460",-177752.17
"6461",-178839.449
"6462",-178248.626
"6463",-178426.451
"6464",-178621.24
"6465",-179203.533
"6466",-178766.856
"6467",-178819.052
"6468",-178499.509
"6469",-178387.133
"6470",-177539.063
"6471",-179219.166
"6472",-178981.69
"6473",-179181.418
"6474",-178768.772
"6475",-178581.251
"6476",-178400.528
"6477",-178203.438
"6478",-177713.235
"6479",-177217.02
"6480",-179423.251
"6481",-178089.459
"6482",-177339.872
"6483",-179190.164
"6484",-178604.673
"6485",-178144.904
"6486",-179081.849
"6487",-177794.53
"6488",-177485.037
"6489",-178423.553
"6490",-177863.425
"6491",-177655.472
"6492",-176833.079
"6493",-177595.512
"6494",-177713.827
"6495",-178777.123
"6496",-178982.018
"6497",-178119.36
"6498",-179346.721
"6499",-177798.334
"6500",-178442.031
"6501",-179204.803
"6502",-177835.106
"6503",-177959.485
"6504",-178808.723
"6505",-178318.988
"6506",-178513.791
"6507",-178539.138
"6508",-179017.118
"6509",-177826.025
"6510",-177702.663
"6511",-178874.823
"6512",-178876.859
"6513",-178656.21
"6514",-179409.749
"6515",-178465.128
"6516",-177476.072
"6517",-178037.66
"6518",-178684.118
"6519",-179043.442
"6520",-177914.995
"6521",-179449.737
"6522",-178591.604
"6523",-178518.484
"6524",-179605.084
"6525",-178576.544
"6526",-178914.276
"6527",-178742.391
"6528",-177968.614
"6529",-178626.894
"6530",-177190.131
"6531",-178799.125
"6532",-177577.306
"6533",-179776.532
"6534",-178401.372
"6535",-178257.782
"6536",-178968.854
"6537",-179288.262
"6538",-178043.194
"6539",-177425.944
"6540",-177437.271
"6541",-178461.227
"6542",-177744.159
"6543",-178624.793
"6544",-178824.389
"6545",-179291.201
"6546",-178127.305
"6547",-178998.693
"6548",-177770.232
"6549",-180155.502
"6550",-178680.646
"6551",-178240.357
"6552",-177768.928
"6553",-179260.771
"6554",-178071.291
"6555",-177848.529
"6556",-179040.931
"6557",-178624.041
"6558",-178477.957
"6559",-180216.666
"6560",-179794.46
"6561",-177465.474
"6562",-178018.128
"6563",-178265.7
"6564",-178105.085
"6565",-179016.435
"6566",-178589.64
"6567",-178102.777
"6568",-178045.235
"6569",-177163.248
"6570",-178780.851
"6571",-178612.208
"6572",-178176.655
"6573",-177110.181
"6574",-177607.292
"6575",-178597.892
"6576",-178733.692
"6577",-179066.69
"6578",-179650.417
"6579",-178941.885
"6580",-178272.966
"6581",-178907.522
"6582",-178966.454
"6583",-178818.491
"6584",-179299.371
"6585",-178486.733
"6586",-177209.204
"6587",-178788.881
"6588",-178463.242
"6589",-177749.81
"6590",-178081.784
"6591",-178638.838
"6592",-178897.553
"6593",-177913.946
"6594",-178434.454
"6595",-178081.976
"6596",-178714.849
"6597",-178284.609
"6598",-178858.391
"6599",-178586.974
"6600",-179103.308
"6601",-178400.867
"6602",-178122.145
"6603",-177905.051
"6604",-178585.255
"6605",-178699.058
"6606",-178927.56
"6607",-178565.794
"6608",-177804.518
"6609",-178254.055
"6610",-177437.961
"6611",-178252.981
"6612",-178510.126
"6613",-178163.652
"6614",-177949.318
"6615",-178988.91
"6616",-178485.682
"6617",-177949.98
"6618",-178203.716
"6619",-178937.588
"6620",-179416.377
"6621",-178505.181
"6622",-177026.132
"6623",-177499.113
"6624",-178513.695
"6625",-178729.148
"6626",-179408.362
"6627",-179666.751
"6628",-178288.55
"6629",-179059.946
"6630",-179611.407
"6631",-177857.425
"6632",-177947.634
"6633",-178734.739
"6634",-178632.753
"6635",-176829.188
"6636",-179686.139
"6637",-177344.908
"6638",-178566.596
"6639",-178532.389
"6640",-178796.433
"6641",-178741.269
"6642",-178733.265
"6643",-178777.193
"6644",-178641.384
"6645",-177331.221
"6646",-177601.225
"6647",-179672.045
"6648",-178607.348
"6649",-179174.574
"6650",-178246.413
"6651",-179388.702
"6652",-179688.28
"6653",-178850.614
"6654",-178830.957
"6655",-178871.867
"6656",-177682.553
"6657",-178248.511
"6658",-178573.266
"6659",-177238.538
"6660",-177624.914
"6661",-179960.131
"6662",-178366.601
"6663",-177613.678
"6664",-178590.299
"6665",-178958.753
"6666",-178590.488
"6667",-177502.681
"6668",-178261.58
"6669",-177891.446
"6670",-179015.811
"6671",-178829.164
"6672",-178634.173
"6673",-179187.318
"6674",-178014.127
"6675",-178809.693
"6676",-178027.713
"6677",-179239.954
"6678",-177640.394
"6679",-178714.622
"6680",-177119.557
"6681",-177418.157
"6682",-177860.314
"6683",-178549.594
"6684",-179139.38
"6685",-178889.286
"6686",-178950.651
"6687",-177693.418
"6688",-178919.571
"6689",-179200.907
"6690",-178113.33
"6691",-178202.778
"6692",-179375.569
"6693",-179149.843
"6694",-178698.97
"6695",-178709.944
"6696",-177964.192
"6697",-178972.145
"6698",-178268.793
"6699",-179490.702
"6700",-179181.603
"6701",-177702.398
"6702",-179925.511
"6703",-179583.095
"6704",-179193.301
"6705",-178052.833
"6706",-178326.184
"6707",-178293.503
"6708",-178133.118
"6709",-178544.246
"6710",-178725.016
"6711",-179607.139
"6712",-178058.185
"6713",-179248.972
"6714",-179464.632
"6715",-179244.621
"6716",-178847.609
"6717",-178674.055
"6718",-178953.503
"6719",-177973.93
"6720",-178608.757
"6721",-177777.064
"6722",-177624.278
"6723",-179055.741
"6724",-177759.877
"6725",-179796.816
"6726",-179412.019
"6727",-178183.553
"6728",-179069.523
"6729",-178196.708
"6730",-177981.546
"6731",-178239.709
"6732",-177434.745
"6733",-178627.379
"6734",-178457.963
"6735",-178630.054
"6736",-178234.063
"6737",-178561.566
"6738",-177759.957
"6739",-178529.014
"6740",-178288.395
"6741",-177751.408
"6742",-179047.67
"6743",-178720.582
"6744",-179151.758
"6745",-177553.608
"6746",-179121.473
"6747",-177488.383
"6748",-177904.901
"6749",-177681.021
"6750",-178468.342
"6751",-178168.907
"6752",-178649.976
"6753",-178156.891
"6754",-178357.561
"6755",-177645.461
"6756",-178070.353
"6757",-178855.119
"6758",-177432.993
"6759",-178253.587
"6760",-177796.865
"6761",-179118.77
"6762",-178982.82
"6763",-178413.908
"6764",-177631
"6765",-177931.946
"6766",-178206.961
"6767",-179531.688
"6768",-178570.383
"6769",-177748.052
"6770",-178303.361
"6771",-179282.706
"6772",-177789.48
"6773",-177907.123
"6774",-177966.247
"6775",-178823.353
"6776",-178021.952
"6777",-179516.607
"6778",-177821.935
"6779",-179098.707
"6780",-178091.497
"6781",-178964.51
"6782",-178846.322
"6783",-178543.813
"6784",-179191.064
"6785",-177922.696
"6786",-177759.974
"6787",-177148.16
"6788",-178548.413
"6789",-178215.995
"6790",-177701.123
"6791",-178102.002
"6792",-177869.284
"6793",-178152.603
"6794",-178487.26
"6795",-178939.812
"6796",-177601.502
"6797",-177493.23
"6798",-178339.751
"6799",-178604.695
"6800",-179135.028
"6801",-179339.261
"6802",-178929.928
"6803",-179659.626
"6804",-178631.026
"6805",-178229.958
"6806",-178961.751
"6807",-178179.002
"6808",-179198.525
"6809",-178334.319
"6810",-177929.055
"6811",-178462.481
"6812",-179201.05
"6813",-177759.36
"6814",-178511.352
"6815",-179692.952
"6816",-178456.329
"6817",-178167.806
"6818",-178448.939
"6819",-178273.125
"6820",-178367.237
"6821",-177849.871
"6822",-176938.606
"6823",-178812.584
"6824",-178486.042
"6825",-179438.639
"6826",-178738.931
"6827",-179265.356
"6828",-178467.976
"6829",-177897.846
"6830",-178180.349
"6831",-179283.371
"6832",-177277.582
"6833",-178631.302
"6834",-178220.677
"6835",-177819.438
"6836",-178662.595
"6837",-179657.109
"6838",-178718.454
"6839",-178855.378
"6840",-178408.695
"6841",-177366.19
"6842",-178168.013
"6843",-178445.17
"6844",-177680.451
"6845",-178651.659
"6846",-177556.065
"6847",-178636.965
"6848",-177619.611
"6849",-178381.099
"6850",-177840.696
"6851",-178845.791
"6852",-177976.2
"6853",-178878.632
"6854",-179528.854
"6855",-178136.973
"6856",-178426.492
"6857",-178753.301
"6858",-179293.61
"6859",-177819.186
"6860",-177918.623
"6861",-179003.991
"6862",-179958.124
"6863",-178741.02
"6864",-178746.084
"6865",-177977.08
"6866",-177992.538
"6867",-178403.352
"6868",-179014.024
"6869",-178999.037
"6870",-178044.747
"6871",-179091.94
"6872",-179508.937
"6873",-178630.663
"6874",-178167.712
"6875",-178265.457
"6876",-178222.471
"6877",-178140.045
"6878",-177361.867
"6879",-179094.501
"6880",-179488.403
"6881",-179145.736
"6882",-178452.265
"6883",-179145.363
"6884",-177542.821
"6885",-177548.962
"6886",-178201.724
"6887",-178154.15
"6888",-178923.951
"6889",-177953.328
"6890",-177592.886
"6891",-178943.733
"6892",-178380.709
"6893",-177425.224
"6894",-178150.35
"6895",-179023.655
"6896",-178029.93
"6897",-177896.607
"6898",-177821.892
"6899",-177876.644
"6900",-178722.547
"6901",-178544.787
"6902",-179006.386
"6903",-178062.98
"6904",-178919.419
"6905",-177445.106
"6906",-178814.86
"6907",-177488.24
"6908",-177899.733
"6909",-178048.524
"6910",-178298.714
"6911",-178259.307
"6912",-178872.736
"6913",-177260.246
"6914",-178718.155
"6915",-177371.748
"6916",-179310.466
"6917",-177590.855
"6918",-177490.977
"6919",-177553.631
"6920",-178528.16
"6921",-178875.425
"6922",-178277.866
"6923",-177772.311
"6924",-177192.193
"6925",-177473.109
"6926",-178623.147
"6927",-177275.811
"6928",-177340
"6929",-178369.832
"6930",-178938.992
"6931",-178301.905
"6932",-179846.101
"6933",-178519.937
"6934",-178090.436
"6935",-178603.778
"6936",-178185.193
"6937",-178262.698
"6938",-177553.998
"6939",-179284.551
"6940",-178843.806
"6941",-178998.501
"6942",-178788.5
"6943",-178745.958
"6944",-178565.979
"6945",-179245.644
"6946",-179084.498
"6947",-178617.486
"6948",-178771.833
"6949",-179235.418
"6950",-177987.942
"6951",-179357.29
"6952",-178870.919
"6953",-177761.802
"6954",-178808.093
"6955",-178473.763
"6956",-178580.96
"6957",-179044.725
"6958",-178182.961
"6959",-178599.451
"6960",-177943.918
"6961",-178157.841
"6962",-177883.909
"6963",-177319.156
"6964",-177625.462
"6965",-179217.581
"6966",-178512.049
"6967",-178764.772
"6968",-178128.483
"6969",-177574.368
"6970",-178953.014
"6971",-178192.52
"6972",-178423.12
"6973",-178852.283
"6974",-178465.233
"6975",-177527.196
"6976",-178565.453
"6977",-178093.559
"6978",-179996.83
"6979",-178163.028
"6980",-178303.857
"6981",-179430.745
"6982",-177896.095
"6983",-178778.83
"6984",-178057.595
"6985",-177672.65
"6986",-178658.302
"6987",-178204.216
"6988",-177046.244
"6989",-178531.218
"6990",-177491.871
"6991",-178727.126
"6992",-178230.36
"6993",-178311.74
"6994",-178004.736
"6995",-178363.838
"6996",-178174.617
"6997",-178230.338
"6998",-177420.948
"6999",-178047.73
"7000",-177937.334
"7001",-177994.084
"7002",-178487.137
"7003",-179699.386
"7004",-178316.902
"7005",-178214.238
"7006",-179214.636
"7007",-179356.823
"7008",-177724.367
"7009",-177803.469
"7010",-178150.85
"7011",-178622.445
"7012",-179732.345
"7013",-178466.001
"7014",-178488.061
"7015",-180384.076
"7016",-178887.461
"7017",-178882.154
"7018",-178494.285
"7019",-178303.185
"7020",-177950.889
"7021",-178025.984
"7022",-178372.187
"7023",-179465.474
"7024",-179548.275
"7025",-178637.758
"7026",-178414.427
"7027",-178818.143
"7028",-177992.099
"7029",-177760.303
"7030",-178455.01
"7031",-178486.632
"7032",-178846.991
"7033",-178469.635
"7034",-179017.391
"7035",-178248.128
"7036",-178170.818
"7037",-179173.052
"7038",-178542.995
"7039",-179796.82
"7040",-178615.518
"7041",-178613.902
"7042",-178102.025
"7043",-178958.53
"7044",-177889.162
"7045",-178397.599
"7046",-178844.916
"7047",-178730.568
"7048",-178094.642
"7049",-177879.061
"7050",-177984.169
"7051",-177832.011
"7052",-178852.044
"7053",-177580.161
"7054",-178942.469
"7055",-177669.612
"7056",-179020.333
"7057",-179546.594
"7058",-178529.651
"7059",-178897.465
"7060",-178159.278
"7061",-178223.302
"7062",-178411.612
"7063",-178708.658
"7064",-178848.471
"7065",-178466.268
"7066",-180481.241
"7067",-178711.173
"7068",-178754.007
"7069",-179221.381
"7070",-178494.664
"7071",-177804.893
"7072",-178354.715
"7073",-177880.122
"7074",-178475.173
"7075",-179267.352
"7076",-177497.711
"7077",-177434.902
"7078",-178671.154
"7079",-178572.781
"7080",-179081.347
"7081",-178402.644
"7082",-177867.943
"7083",-177287.492
"7084",-179193.749
"7085",-179359.436
"7086",-179370.85
"7087",-179425.786
"7088",-178408.869
"7089",-178391.342
"7090",-178384.483
"7091",-178769.83
"7092",-178118.597
"7093",-177705.366
"7094",-178191.439
"7095",-178306.8
"7096",-178280.392
"7097",-177954.044
"7098",-177794.469
"7099",-178736.924
"7100",-177959.903
"7101",-179154.092
"7102",-179116.579
"7103",-178752.096
"7104",-178593.72
"7105",-178521.268
"7106",-178676.771
"7107",-178917.148
"7108",-179313.523
"7109",-178301.729
"7110",-178085.738
"7111",-178435.527
"7112",-177793.707
"7113",-178247.184
"7114",-176754.345
"7115",-178814.203
"7116",-178890.9
"7117",-177676.546
"7118",-178442.292
"7119",-177512.41
"7120",-178363.483
"7121",-177655.051
"7122",-178961.351
"7123",-178404.619
"7124",-178641.136
"7125",-178383.059
"7126",-177705.716
"7127",-177837.126
"7128",-177799.657
"7129",-178978.66
"7130",-178150.453
"7131",-179232.609
"7132",-178356.145
"7133",-177937.602
"7134",-179662.22
"7135",-178077.295
"7136",-178550.277
"7137",-179061.774
"7138",-178661.758
"7139",-177852.638
"7140",-178453.805
"7141",-179295.07
"7142",-178164.997
"7143",-178061.614
"7144",-177973.182
"7145",-178611.065
"7146",-178384.274
"7147",-177994.088
"7148",-177530.848
"7149",-178390.351
"7150",-178899.067
"7151",-178164.138
"7152",-178275.171
"7153",-178721.767
"7154",-178176.267
"7155",-180122.347
"7156",-177634.126
"7157",-178456.875
"7158",-178798.594
"7159",-178504.511
"7160",-178970.433
"7161",-178156.016
"7162",-178151.563
"7163",-178163.868
"7164",-178036.679
"7165",-177202.234
"7166",-178217.119
"7167",-178206.673
"7168",-178081.796
"7169",-178099.067
"7170",-177778.84
"7171",-178655.176
"7172",-179259.522
"7173",-179178.288
"7174",-179141.196
"7175",-177781.669
"7176",-180014.863
"7177",-178305.687
"7178",-178215.257
"7179",-178774.437
"7180",-179068.53
"7181",-178104.074
"7182",-178891.216
"7183",-177669.284
"7184",-179285.83
"7185",-179421.841
"7186",-178786.599
"7187",-180064.402
"7188",-177927.402
"7189",-176768.353
"7190",-178117.437
"7191",-178602.94
"7192",-177267.907
"7193",-178834.216
"7194",-178306.898
"7195",-176797.064
"7196",-178982.933
"7197",-179296.228
"7198",-178469.901
"7199",-178519.235
"7200",-177790.214
"7201",-178334.717
"7202",-179382.445
"7203",-178841.842
"7204",-177896.857
"7205",-178198.928
"7206",-178641.327
"7207",-178590.531
"7208",-177843.073
"7209",-177575.516
"7210",-178548.139
"7211",-178543.273
"7212",-177596.855
"7213",-178733.747
"7214",-180267.993
"7215",-177802.413
"7216",-179124.631
"7217",-178674.818
"7218",-179315.584
"7219",-177023.573
"7220",-179121.403
"7221",-179064.305
"7222",-177486.873
"7223",-179123.457
"7224",-178515.876
"7225",-178530.243
"7226",-179180.392
"7227",-178004.58
"7228",-178920.679
"7229",-178804.991
"7230",-178444.033
"7231",-178368.387
"7232",-178586.655
"7233",-179096.54
"7234",-178427.928
"7235",-178456.674
"7236",-176081.949
"7237",-179150.608
"7238",-178341.848
"7239",-176716.46
"7240",-179200.425
"7241",-177041.909
"7242",-178069.585
"7243",-178323.078
"7244",-178651.093
"7245",-178808.741
"7246",-178036.203
"7247",-179026.915
"7248",-178853.387
"7249",-178101.222
"7250",-177956.419
"7251",-179316.541
"7252",-179445.905
"7253",-179384.942
"7254",-178580.62
"7255",-178778.92
"7256",-178179.109
"7257",-178784.784
"7258",-178570.891
"7259",-178409.577
"7260",-178405.222
"7261",-179012.18
"7262",-178263.846
"7263",-177513.402
"7264",-178102.25
"7265",-178454.189
"7266",-178491.266
"7267",-178224.349
"7268",-178374.662
"7269",-177940.445
"7270",-178846.84
"7271",-179003.687
"7272",-178726.246
"7273",-178713.03
"7274",-178781.19
"7275",-178967.951
"7276",-178875.758
"7277",-178513.026
"7278",-179423.657
"7279",-178571.886
"7280",-179297.311
"7281",-178447.858
"7282",-179555.792
"7283",-179316.624
"7284",-178530.855
"7285",-177604.348
"7286",-178131.282
"7287",-179231.757
"7288",-178079.828
"7289",-176907.361
"7290",-178999.658
"7291",-178136.257
"7292",-178607.016
"7293",-178915.175
"7294",-178446.206
"7295",-178532.424
"7296",-178829.404
"7297",-178390.243
"7298",-177666.301
"7299",-177827.202
"7300",-178229.054
"7301",-178149.319
"7302",-177975.301
"7303",-179333.373
"7304",-178130.131
"7305",-179170.317
"7306",-178970.914
"7307",-177547.965
"7308",-178098.116
"7309",-178403.176
"7310",-177956.12
"7311",-179015.113
"7312",-178078.741
"7313",-177894.648
"7314",-178497.848
"7315",-178614.781
"7316",-177741.796
"7317",-178745.481
"7318",-179110.331
"7319",-178677.23
"7320",-178854.035
"7321",-177710.596
"7322",-179120.049
"7323",-178844.284
"7324",-177689.058
"7325",-177877.753
"7326",-178914.478
"7327",-178576.654
"7328",-178214.875
"7329",-178209.66
"7330",-178041.28
"7331",-179090.965
"7332",-177562.753
"7333",-178200.613
"7334",-178154.399
"7335",-179584.407
"7336",-178041.602
"7337",-177383.121
"7338",-178573.951
"7339",-178882.964
"7340",-178284.42
"7341",-178251.018
"7342",-179028.052
"7343",-179568.299
"7344",-178545.196
"7345",-177785.365
"7346",-179387.507
"7347",-178050.824
"7348",-178083.028
"7349",-179517.807
"7350",-178346.792
"7351",-178449.235
"7352",-178431.189
"7353",-178313.263
"7354",-179684.061
"7355",-178399.962
"7356",-177918.401
"7357",-178102.934
"7358",-178158.427
"7359",-177593.671
"7360",-178676.615
"7361",-178401.567
"7362",-179343.843
"7363",-178633.513
"7364",-179015.027
"7365",-177589.219
"7366",-178150.989
"7367",-179708.306
"7368",-178741.87
"7369",-177735.29
"7370",-177994.628
"7371",-177863.869
"7372",-178054.568
"7373",-177469.321
"7374",-178713.309
"7375",-178601.682
"7376",-179139.153
"7377",-178184.715
"7378",-177471.174
"7379",-178122.576
"7380",-178883.289
"7381",-178719.93
"7382",-178038.274
"7383",-178553.84
"7384",-177936.837
"7385",-178451.27
"7386",-177475.088
"7387",-179409.132
"7388",-178668.406
"7389",-177272.214
"7390",-179316.617
"7391",-177709.459
"7392",-177614.657
"7393",-177515.39
"7394",-178572.807
"7395",-177424.696
"7396",-179311.507
"7397",-178451.267
"7398",-178494.343
"7399",-179434.691
"7400",-177674.686
"7401",-177768.207
"7402",-178389.678
"7403",-179188.977
"7404",-178258.767
"7405",-178641.496
"7406",-178655.737
"7407",-177970.252
"7408",-177696.843
"7409",-178992.335
"7410",-178781.234
"7411",-179032.073
"7412",-178732.744
"7413",-179229.424
"7414",-178275.665
"7415",-178797.816
"7416",-178286.272
"7417",-178025.344
"7418",-178271.492
"7419",-178424.521
"7420",-178394.832
"7421",-177831.655
"7422",-178783.057
"7423",-178019.916
"7424",-178067.722
"7425",-179307.037
"7426",-178873.61
"7427",-177582.966
"7428",-179629.645
"7429",-179059.256
"7430",-178098.93
"7431",-177817.882
"7432",-177927.697
"7433",-178895.781
"7434",-179271.884
"7435",-178170.097
"7436",-178238.15
"7437",-178728.554
"7438",-178237.782
"7439",-178590.068
"7440",-178036.361
"7441",-179768.704
"7442",-178833.139
"7443",-178292.01
"7444",-177287.649
"7445",-177606.05
"7446",-178637.707
"7447",-178935.23
"7448",-178435.828
"7449",-178537.326
"7450",-178911.398
"7451",-178421.505
"7452",-178084.791
"7453",-177907.961
"7454",-179003.599
"7455",-178613.717
"7456",-178154.777
"7457",-178880.234
"7458",-179595.438
"7459",-178016.698
"7460",-178035.012
"7461",-178243.536
"7462",-178189.257
"7463",-179277.313
"7464",-178599.077
"7465",-179432.564
"7466",-178451.918
"7467",-179218.127
"7468",-177355.866
"7469",-178519.471
"7470",-178495.108
"7471",-177457.975
"7472",-179050.736
"7473",-178525.815
"7474",-178439.562
"7475",-177515.284
"7476",-178508.207
"7477",-178663.89
"7478",-178363.453
"7479",-178093.328
"7480",-178668.317
"7481",-178502.97
"7482",-178157.588
"7483",-180322.576
"7484",-178266.991
"7485",-179036.803
"7486",-178435.503
"7487",-178586.456
"7488",-179264.354
"7489",-178307.579
"7490",-178002.556
"7491",-179063.751
"7492",-179091.554
"7493",-179065.171
"7494",-179161.043
"7495",-179234.51
"7496",-177878.61
"7497",-178777.28
"7498",-179239.584
"7499",-177580.571
"7500",-178832.739
"7501",-177931.349
"7502",-178141.548
"7503",-179003.717
"7504",-177957.001
"7505",-178221.418
"7506",-178124.065
"7507",-177748.741
"7508",-178590.138
"7509",-178960.434
"7510",-178057.791
"7511",-177406.193
"7512",-179226.602
"7513",-179152.717
"7514",-178730.965
"7515",-178707.532
"7516",-178446.233
"7517",-178611.363
"7518",-178150.368
"7519",-178410.61
"7520",-177648.274
"7521",-178393.397
"7522",-178082.44
"7523",-179097.105
"7524",-179796.812
"7525",-177833.836
"7526",-179376.983
"7527",-177319.437
"7528",-178492.338
"7529",-176853.704
"7530",-177680.867
"7531",-177801.643
"7532",-177574.491
"7533",-177778.507
"7534",-178406.265
"7535",-178329.568
"7536",-178639.949
"7537",-178194.722
"7538",-178241.949
"7539",-178460.895
"7540",-178027.428
"7541",-177837.95
"7542",-178557.145
"7543",-178981.135
"7544",-178031.093
"7545",-177916.079
"7546",-178247.929
"7547",-178923.837
"7548",-178873.865
"7549",-178115.727
"7550",-179361.519
"7551",-178298.893
"7552",-178237.294
"7553",-178569.595
"7554",-177721.812
"7555",-177885.112
"7556",-178620.176
"7557",-178864.81
"7558",-179797.801
"7559",-178179.148
"7560",-178432.096
"7561",-179374.643
"7562",-177643.682
"7563",-178425.722
"7564",-179343.728
"7565",-178103.613
"7566",-177386.514
"7567",-179534.246
"7568",-177976.232
"7569",-178223.189
"7570",-178227.913
"7571",-178818.208
"7572",-178906.152
"7573",-178571.481
"7574",-178273.421
"7575",-177038.568
"7576",-179248.513
"7577",-178248.829
"7578",-179010.221
"7579",-178940.415
"7580",-178483.691
"7581",-177332.06
"7582",-179340.789
"7583",-178835.285
"7584",-178914.468
"7585",-178548.568
"7586",-177639.654
"7587",-178936.498
"7588",-178470.69
"7589",-178929.172
"7590",-177473.896
"7591",-179574.049
"7592",-178659.521
"7593",-178809.64
"7594",-177902.3
"7595",-179040.585
"7596",-178998.715
"7597",-178326.892
"7598",-177435.098
"7599",-177765.486
"7600",-178061.982
"7601",-178141.282
"7602",-178166.87
"7603",-178034.049
"7604",-179043.115
"7605",-179132.316
"7606",-179563.47
"7607",-178561.713
"7608",-177977.415
"7609",-178233.754
"7610",-178750.625
"7611",-178668.172
"7612",-179045.978
"7613",-178001.238
"7614",-178288.745
"7615",-179069.508
"7616",-178350.885
"7617",-178789.859
"7618",-179040.369
"7619",-177910.984
"7620",-179129.961
"7621",-178384.642
"7622",-177078.759
"7623",-178605.639
"7624",-179220.023
"7625",-178825.443
"7626",-177585.093
"7627",-177368.008
"7628",-178850.937
"7629",-177699.859
"7630",-177867.21
"7631",-178212.429
"7632",-178565.596
"7633",-178674.922
"7634",-178082.981
"7635",-178370.709
"7636",-179672.075
"7637",-177280.827
"7638",-178819.603
"7639",-179189.154
"7640",-178170.111
"7641",-179234.279
"7642",-178575.162
"7643",-178598.381
"7644",-178306.358
"7645",-177487.037
"7646",-178544.766
"7647",-178189.468
"7648",-179301.249
"7649",-179239.038
"7650",-178717.482
"7651",-177379.116
"7652",-178844.434
"7653",-177239.666
"7654",-177659.237
"7655",-177848.238
"7656",-177667.623
"7657",-177238.992
"7658",-179267.931
"7659",-177973.646
"7660",-177995.613
"7661",-178850.105
"7662",-177256.93
"7663",-178546.374
"7664",-177708.509
"7665",-178584.195
"7666",-177817.982
"7667",-179555.385
"7668",-178691.507
"7669",-179377.945
"7670",-178469.143
"7671",-178323.156
"7672",-177811.701
"7673",-177751.638
"7674",-177233.636
"7675",-179117.416
"7676",-178117.665
"7677",-178521.654
"7678",-176575.206
"7679",-178350.69
"7680",-177575.129
"7681",-179302.512
"7682",-178402.709
"7683",-178118.745
"7684",-178252.266
"7685",-177611.454
"7686",-177529.766
"7687",-176970.818
"7688",-178759.339
"7689",-178462.411
"7690",-177959.516
"7691",-178804.672
"7692",-178150.466
"7693",-178671.71
"7694",-179478.191
"7695",-178690.575
"7696",-178432.974
"7697",-179019.315
"7698",-179069.903
"7699",-179801.596
"7700",-178377.796
"7701",-179058.664
"7702",-178276.119
"7703",-178347.047
"7704",-178013.378
"7705",-178853.916
"7706",-178730.894
"7707",-179338.971
"7708",-177168.759
"7709",-178213.62
"7710",-179064.611
"7711",-179490.195
"7712",-179535.914
"7713",-178216.822
"7714",-178494.124
"7715",-178249.954
"7716",-179260.792
"7717",-178912.844
"7718",-179050.144
"7719",-178997.23
"7720",-178090.05
"7721",-179349.086
"7722",-178360.665
"7723",-179131.292
"7724",-180361.763
"7725",-178285.144
"7726",-179646.24
"7727",-178413.532
"7728",-178960.448
"7729",-177800.277
"7730",-178248.375
"7731",-177813.683
"7732",-177607.007
"7733",-177999.41
"7734",-177314.607
"7735",-176940.864
"7736",-178715.551
"7737",-179312.873
"7738",-178439.463
"7739",-178827.132
"7740",-178524.292
"7741",-179351.505
"7742",-177520.967
"7743",-179542.552
"7744",-178080.966
"7745",-178374.517
"7746",-178101.653
"7747",-177762.132
"7748",-178314.054
"7749",-179305.494
"7750",-178555.295
"7751",-178848.043
"7752",-178604.266
"7753",-179778.23
"7754",-178997.507
"7755",-178887.055
"7756",-177756.775
"7757",-178383.639
"7758",-178976.725
"7759",-179027.619
"7760",-178936.347
"7761",-179492.097
"7762",-178822.423
"7763",-177596.873
"7764",-179051.838
"7765",-177304.128
"7766",-177547.233
"7767",-179130.86
"7768",-178312.172
"7769",-178566.335
"7770",-176841.066
"7771",-178767.598
"7772",-178705.621
"7773",-178646.428
"7774",-179097.562
"7775",-178074.876
"7776",-178554.583
"7777",-178532.54
"7778",-177721.264
"7779",-179725.016
"7780",-178816.752
"7781",-178419.641
"7782",-178383.903
"7783",-178190.479
"7784",-178720.324
"7785",-178679.151
"7786",-178862.006
"7787",-179039.816
"7788",-178263.2
"7789",-179551.619
"7790",-178593.55
"7791",-177637.222
"7792",-178221.456
"7793",-178325.366
"7794",-178926.626
"7795",-177079.166
"7796",-180049.787
"7797",-178783.299
"7798",-178668.426
"7799",-177950.644
"7800",-178849.967
"7801",-177376.839
"7802",-178275.846
"7803",-177931.809
"7804",-178278.368
"7805",-179086.238
"7806",-177482.362
"7807",-177559.188
"7808",-179507.353
"7809",-179650.713
"7810",-178475.133
"7811",-179113.913
"7812",-178234.182
"7813",-178741.77
"7814",-178037.71
"7815",-178350.274
"7816",-177708.189
"7817",-177659.283
"7818",-177615.52
"7819",-177781.421
"7820",-178790.878
"7821",-177195.1
"7822",-178858.415
"7823",-178440.849
"7824",-178581.801
"7825",-178140.309
"7826",-178837.475
"7827",-178220.053
"7828",-179034.147
"7829",-178080.262
"7830",-178092.18
"7831",-178527.948
"7832",-177339.344
"7833",-178589.584
"7834",-178599.453
"7835",-178727.432
"7836",-177956.002
"7837",-178329.705
"7838",-178521.719
"7839",-178973.294
"7840",-178412.186
"7841",-178332.704
"7842",-177868.484
"7843",-178233.239
"7844",-178079.138
"7845",-177255.331
"7846",-179033.631
"7847",-177910.874
"7848",-179004.01
"7849",-178044.7
"7850",-177232.287
"7851",-177721.042
"7852",-177161.336
"7853",-177404.208
"7854",-179027.106
"7855",-178169.636
"7856",-178322.56
"7857",-178654.55
"7858",-177833.128
"7859",-178445.916
"7860",-179852.877
"7861",-178648.108
"7862",-178811.183
"7863",-178540.408
"7864",-178551.17
"7865",-177278.585
"7866",-179846.975
"7867",-177840.964
"7868",-178091.774
"7869",-178712.257
"7870",-178301.322
"7871",-177731.999
"7872",-178539.389
"7873",-178990.295
"7874",-178399.66
"7875",-177988.76
"7876",-177871.596
"7877",-178637.691
"7878",-179130.208
"7879",-177804.614
"7880",-178511.458
"7881",-178723.347
"7882",-179546.871
"7883",-178425.167
"7884",-179152.632
"7885",-177841.985
"7886",-177616.032
"7887",-177275.511
"7888",-177997.695
"7889",-178362.925
"7890",-178551.875
"7891",-177636.669
"7892",-178013.426
"7893",-178202.419
"7894",-177559.432
"7895",-178614.837
"7896",-178721.287
"7897",-177988.608
"7898",-177306.128
"7899",-179251.389
"7900",-178512.484
"7901",-177260.71
"7902",-177287.151
"7903",-178125.971
"7904",-178625.035
"7905",-178915.967
"7906",-178428.344
"7907",-178476.427
"7908",-178537.735
"7909",-177989.889
"7910",-178121.617
"7911",-177359.639
"7912",-178846.449
"7913",-179355.707
"7914",-178721.386
"7915",-178474.566
"7916",-178719.111
"7917",-179608.615
"7918",-178085.655
"7919",-178077.545
"7920",-177942.421
"7921",-177810.218
"7922",-178624.704
"7923",-177921.315
"7924",-177743.725
"7925",-178994.729
"7926",-178563.527
"7927",-178388.938
"7928",-177716.486
"7929",-178539.677
"7930",-177571.187
"7931",-179117.965
"7932",-177481.759
"7933",-178832.856
"7934",-178867.795
"7935",-177194.701
"7936",-177469.056
"7937",-179031.772
"7938",-178082.953
"7939",-178746.495
"7940",-179120.831
"7941",-178225.321
"7942",-178162.34
"7943",-177912.069
"7944",-177530.113
"7945",-179371.093
"7946",-176968.972
"7947",-179587.752
"7948",-177865.507
"7949",-177525.407
"7950",-177269.004
"7951",-178455.908
"7952",-178826.058
"7953",-178352.974
"7954",-177573.14
"7955",-178202.784
"7956",-179673.069
"7957",-178597.743
"7958",-179057.069
"7959",-178607.208
"7960",-177957.58
"7961",-177955.212
"7962",-178833.486
"7963",-178487.847
"7964",-178851.421
"7965",-178567.153
"7966",-177647.61
"7967",-178679.378
"7968",-177852.026
"7969",-179036.838
"7970",-178994.687
"7971",-178068.828
"7972",-178528.708
"7973",-178186.938
"7974",-179180.586
"7975",-178812.062
"7976",-178158.508
"7977",-177948.141
"7978",-178177.372
"7979",-178778.237
"7980",-179098.833
"7981",-178735.133
"7982",-177930.655
"7983",-178586.288
"7984",-177958.215
"7985",-178877.87
"7986",-178371.839
"7987",-178897.877
"7988",-179545.314
"7989",-177790.453
"7990",-179164.924
"7991",-177813.456
"7992",-179123.122
"7993",-178610.966
"7994",-178639.268
"7995",-178605.182
"7996",-178918.572
"7997",-178984.069
"7998",-178586.696
"7999",-178842.798
"8000",-177187.921
"8001",-178663.547
"8002",-178904.063
"8003",-179234.25
"8004",-178037.356
"8005",-179224.398
"8006",-178968.2
"8007",-179640.701
"8008",-179349.024
"8009",-179185.844
"8010",-178306.495
"8011",-178658.982
"8012",-180038.833
"8013",-177873.511
"8014",-177837.543
"8015",-177297.445
"8016",-178689.962
"8017",-179234.708
"8018",-178705.189
"8019",-177903.276
"8020",-178604.485
"8021",-178339.697
"8022",-178418.744
"8023",-177028.021
"8024",-178070.094
"8025",-178997.147
"8026",-179325.346
"8027",-177719.715
"8028",-177422.717
"8029",-178344.47
"8030",-178059.239
"8031",-178952.177
"8032",-178182.72
"8033",-178947.462
"8034",-176671.177
"8035",-177449.215
"8036",-177813.691
"8037",-178014.183
"8038",-178620.453
"8039",-178884.937
"8040",-179067.907
"8041",-178655.455
"8042",-178881.048
"8043",-178352.409
"8044",-177861.488
"8045",-177562.431
"8046",-177761.733
"8047",-178550.387
"8048",-178014.117
"8049",-178562.195
"8050",-178902.118
"8051",-179296.008
"8052",-178097.537
"8053",-177551.768
"8054",-179108.577
"8055",-177523.127
"8056",-178946.449
"8057",-178139.039
"8058",-179580.352
"8059",-178162.643
"8060",-177220.952
"8061",-177511.413
"8062",-178194.478
"8063",-178498.849
"8064",-178425.602
"8065",-178556.987
"8066",-178138.505
"8067",-178791.079
"8068",-178572.343
"8069",-178681.819
"8070",-177960.215
"8071",-177107.648
"8072",-178380.614
"8073",-178530.865
"8074",-178730.606
"8075",-178110.343
"8076",-178813.042
"8077",-178704.226
"8078",-177935.741
"8079",-178132.261
"8080",-177638.185
"8081",-179494.613
"8082",-178893.395
"8083",-177997.014
"8084",-178972.018
"8085",-178969.549
"8086",-177874.986
"8087",-178879.434
"8088",-178388.046
"8089",-179354.283
"8090",-178530.745
"8091",-178093.922
"8092",-178608.015
"8093",-177760.368
"8094",-177906.742
"8095",-179225.069
"8096",-179432.065
"8097",-177581.185
"8098",-178087.907
"8099",-179438.551
"8100",-179452.702
"8101",-178497.006
"8102",-178101.122
"8103",-178869.763
"8104",-179132.553
"8105",-177190.528
"8106",-178068.959
"8107",-178467.381
"8108",-177860.333
"8109",-179067.636
"8110",-178319.336
"8111",-177312.446
"8112",-177075.679
"8113",-179565.489
"8114",-177415.245
"8115",-177580.24
"8116",-178303.823
"8117",-178172.011
"8118",-179348.218
"8119",-178156.312
"8120",-179093.416
"8121",-177722.34
"8122",-178716.419
"8123",-179403.387
"8124",-178499.575
"8125",-177083.219
"8126",-178652.824
"8127",-178611.716
"8128",-179116.658
"8129",-179179.533
"8130",-179521.962
"8131",-178982.476
"8132",-178574.515
"8133",-178204.484
"8134",-178879.062
"8135",-178382.139
"8136",-177642.514
"8137",-177183.686
"8138",-179102.221
"8139",-178596.935
"8140",-177968.623
"8141",-178961.001
"8142",-179411.007
"8143",-178211.056
"8144",-178357.485
"8145",-178560.403
"8146",-177818.074
"8147",-178199.663
"8148",-177703.961
"8149",-179919.443
"8150",-179344.449
"8151",-178992.496
"8152",-178409.117
"8153",-179765.097
"8154",-180102.514
"8155",-179609.377
"8156",-178964.805
"8157",-178328.135
"8158",-176834.242
"8159",-177514.383
"8160",-177919.412
"8161",-177117.788
"8162",-178925.327
"8163",-177850.246
"8164",-178274.277
"8165",-178601.709
"8166",-177789.52
"8167",-178308.952
"8168",-179323.648
"8169",-177620.747
"8170",-177967.712
"8171",-177615.068
"8172",-179037.146
"8173",-178261.337
"8174",-178286.587
"8175",-179165.181
"8176",-178252.419
"8177",-177474.851
"8178",-179014.054
"8179",-178891.561
"8180",-178086.25
"8181",-177628.185
"8182",-178022.707
"8183",-178348.529
"8184",-178786.458
"8185",-178772.79
"8186",-178829.557
"8187",-178647.829
"8188",-178168.677
"8189",-179159.306
"8190",-178383.849
"8191",-177776.147
"8192",-178221.737
"8193",-177291.712
"8194",-177536.14
"8195",-177973.371
"8196",-178503.137
"8197",-177920.692
"8198",-178345.118
"8199",-177618.402
"8200",-178344.733
"8201",-178569.031
"8202",-178258.962
"8203",-178522.378
"8204",-178029.238
"8205",-177576.323
"8206",-178994.71
"8207",-179294.648
"8208",-178379.691
"8209",-179012.143
"8210",-177003.106
"8211",-178008.016
"8212",-178138.285
"8213",-177943.746
"8214",-179174.918
"8215",-178944.985
"8216",-179232.764
"8217",-178207.71
"8218",-178220.298
"8219",-179114.659
"8220",-177255.339
"8221",-177253.049
"8222",-179857.118
"8223",-178078.568
"8224",-179053.303
"8225",-177963.714
"8226",-178440.24
"8227",-178773.588
"8228",-178856.739
"8229",-178014.348
"8230",-178126.776
"8231",-179276.58
"8232",-177995.2
"8233",-177873.084
"8234",-178876.352
"8235",-179094.251
"8236",-178633.85
"8237",-177930.965
"8238",-178580.285
"8239",-177841.694
"8240",-178392.664
"8241",-179003.648
"8242",-178179.043
"8243",-177613.433
"8244",-178285.229
"8245",-179215.904
"8246",-179237.422
"8247",-180117.415
"8248",-177301.426
"8249",-179413.216
"8250",-179151.801
"8251",-179552.767
"8252",-178719.057
"8253",-178014.273
"8254",-178096.525
"8255",-179039.05
"8256",-178993.797
"8257",-179108.419
"8258",-178281.036
"8259",-178037.897
"8260",-178283.599
"8261",-179102.576
"8262",-177536.052
"8263",-178515.72
"8264",-178154.526
"8265",-178780.54
"8266",-178894.443
"8267",-177701.86
"8268",-178351.706
"8269",-179497.71
"8270",-179415.569
"8271",-179006.759
"8272",-178180.208
"8273",-178734.084
"8274",-179284.341
"8275",-178243.029
"8276",-179104.41
"8277",-177350.531
"8278",-177850.367
"8279",-178467.437
"8280",-177222.897
"8281",-178445.443
"8282",-178747.209
"8283",-178872.355
"8284",-177570.749
"8285",-178152.798
"8286",-178164.296
"8287",-177719.864
"8288",-177471.96
"8289",-178389.405
"8290",-178037.335
"8291",-178004.646
"8292",-178298.049
"8293",-178483.373
"8294",-178321.694
"8295",-178134.794
"8296",-178552.495
"8297",-179154.505
"8298",-178605.873
"8299",-179032.24
"8300",-178524.512
"8301",-178375.073
"8302",-177504.582
"8303",-179148.801
"8304",-178190.902
"8305",-178274.418
"8306",-179176.111
"8307",-179198.803
"8308",-178349.706
"8309",-178152.494
"8310",-178559.827
"8311",-178085.586
"8312",-176750.445
"8313",-178329.896
"8314",-178478.611
"8315",-179148.921
"8316",-177726.091
"8317",-179203.353
"8318",-178174.331
"8319",-179222.696
"8320",-179037.395
"8321",-178033.241
"8322",-178014.728
"8323",-178869.505
"8324",-177851.911
"8325",-178357.61
"8326",-178322.596
"8327",-177969.867
"8328",-178063.197
"8329",-177487.427
"8330",-177900.009
"8331",-178092.398
"8332",-178408.389
"8333",-178375.372
"8334",-178809.378
"8335",-178121.97
"8336",-178142.38
"8337",-178757.834
"8338",-178519.872
"8339",-178282.529
"8340",-178218.941
"8341",-177973.924
"8342",-179506.626
"8343",-177019.554
"8344",-178344.667
"8345",-177045.838
"8346",-177653.222
"8347",-178659.061
"8348",-179304.132
"8349",-178328.945
"8350",-177714.365
"8351",-178071.384
"8352",-177348.48
"8353",-178448.015
"8354",-177007.171
"8355",-177775.415
"8356",-178780.938
"8357",-179181.83
"8358",-177979.808
"8359",-177204.255
"8360",-177999.856
"8361",-178019.567
"8362",-177205.914
"8363",-177855.389
"8364",-179029.342
"8365",-178597.053
"8366",-178228.767
"8367",-179085.287
"8368",-178582.669
"8369",-178707.281
"8370",-178190.336
"8371",-178753.429
"8372",-179055.023
"8373",-179312.385
"8374",-178302.74
"8375",-177753.973
"8376",-178269.722
"8377",-177609.106
"8378",-178873.329
"8379",-178084.998
"8380",-179380.593
"8381",-179041.32
"8382",-179453.651
"8383",-178691.887
"8384",-177723.119
"8385",-178863.7
"8386",-176909.392
"8387",-176851.971
"8388",-177709.41
"8389",-177121.439
"8390",-177933.779
"8391",-179125.507
"8392",-177809.495
"8393",-178368.087
"8394",-179199.809
"8395",-178928.311
"8396",-178867.853
"8397",-178441.546
"8398",-178167.906
"8399",-178274.976
"8400",-177991.926
"8401",-179401.626
"8402",-179017.636
"8403",-178313.035
"8404",-178389.914
"8405",-178620.783
"8406",-178188.023
"8407",-178350.113
"8408",-178000.724
"8409",-179011.545
"8410",-178411.172
"8411",-178702.774
"8412",-179022.349
"8413",-178170.436
"8414",-178970.834
"8415",-179272.207
"8416",-178352.949
"8417",-179438.763
"8418",-178056.253
"8419",-178300.924
"8420",-177271.033
"8421",-177697.839
"8422",-179144.555
"8423",-178247.037
"8424",-176963.894
"8425",-178941.172
"8426",-178028.518
"8427",-178526.274
"8428",-178560.758
"8429",-177689.967
"8430",-178484.242
"8431",-178547.497
"8432",-178321.227
"8433",-178364.898
"8434",-177909.624
"8435",-178678.455
"8436",-178226.525
"8437",-178924.679
"8438",-178523.099
"8439",-177758.111
"8440",-177826.095
"8441",-177790.633
"8442",-177946.19
"8443",-178120.534
"8444",-178773.136
"8445",-177954.387
"8446",-177813.699
"8447",-179238.657
"8448",-178587.965
"8449",-178563.601
"8450",-178575.224
"8451",-177726.871
"8452",-177462.475
"8453",-179156.909
"8454",-179585.947
"8455",-178450.935
"8456",-178248.851
"8457",-177741.19
"8458",-178374.97
"8459",-178089.254
"8460",-179491.695
"8461",-177353.274
"8462",-177763.009
"8463",-178508.803
"8464",-178250.459
"8465",-178085.579
"8466",-178472.714
"8467",-179770.034
"8468",-178608.162
"8469",-178335.308
"8470",-177638.097
"8471",-178415.039
"8472",-178502.93
"8473",-177910.182
"8474",-176917.689
"8475",-178541.883
"8476",-179025.42
"8477",-178883.738
"8478",-178382.996
"8479",-177071.062
"8480",-178602.305
"8481",-178085.105
"8482",-177480.472
"8483",-178205.893
"8484",-177540.207
"8485",-179079.442
"8486",-178772.121
"8487",-177519.215
"8488",-179059.867
"8489",-179243.508
"8490",-178911.952
"8491",-180041.422
"8492",-178861.201
"8493",-178157.891
"8494",-178765.831
"8495",-178793.419
"8496",-178465.845
"8497",-179890.536
"8498",-177790.4
"8499",-179064.702
"8500",-178756.262
"8501",-178721.434
"8502",-177963.965
"8503",-178684.484
"8504",-179181.442
"8505",-178666.747
"8506",-178116.724
"8507",-178481.52
"8508",-178147.805
"8509",-178071.515
"8510",-178814.702
"8511",-177587.299
"8512",-179894.276
"8513",-177851.795
"8514",-177873.077
"8515",-178480.363
"8516",-177180.928
"8517",-179100.198
"8518",-178088.382
"8519",-178603.462
"8520",-179750.992
"8521",-177891.951
"8522",-177419.688
"8523",-178138.055
"8524",-178150.107
"8525",-178459.836
"8526",-178214.546
"8527",-177818.056
"8528",-178021.123
"8529",-178170.255
"8530",-180403.112
"8531",-178057.528
"8532",-178708.648
"8533",-178463.931
"8534",-179112.64
"8535",-179334.616
"8536",-178171.055
"8537",-178105.195
"8538",-177927.866
"8539",-179280.708
"8540",-178529.926
"8541",-178138.387
"8542",-178075.006
"8543",-178538.186
"8544",-178187.553
"8545",-178204.296
"8546",-177756.51
"8547",-178428.57
"8548",-178757.317
"8549",-178578.509
"8550",-177108.378
"8551",-179506.131
"8552",-177388.349
"8553",-178388.589
"8554",-177405.3
"8555",-178193.496
"8556",-178295.384
"8557",-177196.527
"8558",-178414.713
"8559",-178983.783
"8560",-177977.679
"8561",-177775.131
"8562",-178591.894
"8563",-178706.498
"8564",-179218.071
"8565",-178137.258
"8566",-178423.775
"8567",-177606.725
"8568",-178441.344
"8569",-177325.848
"8570",-178483.273
"8571",-178404.637
"8572",-179144.436
"8573",-178944.221
"8574",-178168.558
"8575",-178498.256
"8576",-178839.667
"8577",-179562.076
"8578",-178356.974
"8579",-178174.369
"8580",-178658.775
"8581",-178080.044
"8582",-179729.496
"8583",-178535.56
"8584",-178445.985
"8585",-179861.671
"8586",-177390.849
"8587",-179013.916
"8588",-179195.798
"8589",-178252.28
"8590",-179949.6
"8591",-177232.786
"8592",-178859.91
"8593",-179141.773
"8594",-179480.764
"8595",-176900.751
"8596",-178616.003
"8597",-179692.039
"8598",-177594.9
"8599",-177713.991
"8600",-178571.209
"8601",-178950.453
"8602",-178268.843
"8603",-178826.124
"8604",-177864.742
"8605",-178518.616
"8606",-179035.913
"8607",-179017.185
"8608",-178041.302
"8609",-178292.292
"8610",-179020.601
"8611",-177668.875
"8612",-178438.589
"8613",-179073.693
"8614",-177983.823
"8615",-178720.264
"8616",-177963.284
"8617",-178260.594
"8618",-178316.453
"8619",-178950.839
"8620",-178757.809
"8621",-179197.169
"8622",-178417.355
"8623",-179297.37
"8624",-178624.268
"8625",-178102.116
"8626",-177468.036
"8627",-177410.145
"8628",-178487.603
"8629",-177852.218
"8630",-178376.562
"8631",-177676.347
"8632",-178144.803
"8633",-179611.622
"8634",-179010.39
"8635",-178979.586
"8636",-177817.058
"8637",-178707.177
"8638",-179050.638
"8639",-178437.81
"8640",-178325.27
"8641",-178273.817
"8642",-179512.413
"8643",-179226.68
"8644",-177721.085
"8645",-177687.646
"8646",-177702.596
"8647",-176839.183
"8648",-178081.079
"8649",-178662.089
"8650",-179137.768
"8651",-177425.076
"8652",-178155.499
"8653",-178752.29
"8654",-179987.098
"8655",-177443.867
"8656",-178752.515
"8657",-177815.868
"8658",-178401.223
"8659",-178227.923
"8660",-178466.094
"8661",-178736.941
"8662",-178073.02
"8663",-179524.967
"8664",-178411.811
"8665",-178100.148
"8666",-178904.672
"8667",-178397.968
"8668",-179221.367
"8669",-178352.47
"8670",-177878.228
"8671",-177552.801
"8672",-178893.535
"8673",-178356.909
"8674",-177959.274
"8675",-179056.661
"8676",-179145.848
"8677",-177508.525
"8678",-179304.556
"8679",-178732.818
"8680",-178375.943
"8681",-177712.74
"8682",-179254.208
"8683",-177544.933
"8684",-177904.705
"8685",-178359.1
"8686",-177125.93
"8687",-177538.108
"8688",-177577.879
"8689",-178722.888
"8690",-178446.871
"8691",-178641.228
"8692",-178478.412
"8693",-178636.209
"8694",-178143.633
"8695",-177897.566
"8696",-178546.486
"8697",-177777.097
"8698",-178481.725
"8699",-178973.137
"8700",-178816.308
"8701",-177731.998
"8702",-178221.346
"8703",-177682.5
"8704",-178764.12
"8705",-179721.548
"8706",-178461.412
"8707",-178752.992
"8708",-178658.873
"8709",-179151.565
"8710",-179284.095
"8711",-177455.157
"8712",-176732.434
"8713",-178473.687
"8714",-179283.217
"8715",-178193.319
"8716",-178480.385
"8717",-178183.56
"8718",-179211.086
"8719",-177666.754
"8720",-178584.701
"8721",-177541.309
"8722",-178054.057
"8723",-178954.587
"8724",-179192.059
"8725",-178282.243
"8726",-177583.936
"8727",-177167.943
"8728",-179209.711
"8729",-178109.433
"8730",-177782.624
"8731",-178745.18
"8732",-177353.785
"8733",-178083.476
"8734",-179014.689
"8735",-178275.266
"8736",-178059.144
"8737",-178030.834
"8738",-178290.441
"8739",-178751.129
"8740",-179006.527
"8741",-177881.981
"8742",-177908.465
"8743",-177162.452
"8744",-178847.409
"8745",-178131.307
"8746",-177314.7
"8747",-177081.481
"8748",-179161.827
"8749",-179529.957
"8750",-177445.411
"8751",-177868.454
"8752",-178025.59
"8753",-178921.275
"8754",-177968.511
"8755",-177784.023
"8756",-179368.026
"8757",-177802.721
"8758",-178920.621
"8759",-179378.73
"8760",-178711.574
"8761",-178971.993
"8762",-177880.477
"8763",-177896.297
"8764",-177830.906
"8765",-177978.421
"8766",-179310.976
"8767",-179108.403
"8768",-178429.813
"8769",-178383.102
"8770",-178332.007
"8771",-178018.918
"8772",-178615.193
"8773",-178569.709
"8774",-178957.104
"8775",-178625.966
"8776",-179036.521
"8777",-178668.608
"8778",-177973.83
"8779",-179687.529
"8780",-178282.11
"8781",-178652.066
"8782",-178260.014
"8783",-178292.786
"8784",-178039.052
"8785",-179664.594
"8786",-179423.185
"8787",-178316.793
"8788",-179744.014
"8789",-178771.061
"8790",-178352.664
"8791",-177863.843
"8792",-178225.626
"8793",-178180.544
"8794",-179468.292
"8795",-178039.323
"8796",-178557.416
"8797",-179482.619
"8798",-178240.215
"8799",-179341.063
"8800",-178978.158
"8801",-177165.531
"8802",-179425.751
"8803",-178444.596
"8804",-178286.358
"8805",-179877.302
"8806",-178862.305
"8807",-178052.725
"8808",-178141.384
"8809",-177611.505
"8810",-177852.868
"8811",-179009.758
"8812",-177921.876
"8813",-177807.606
"8814",-178069.785
"8815",-178142.157
"8816",-178950.985
"8817",-179849.17
"8818",-178235.376
"8819",-178381.24
"8820",-179104.799
"8821",-177856.11
"8822",-178538.242
"8823",-178764.111
"8824",-178873.225
"8825",-178737.39
"8826",-177792.492
"8827",-177702.713
"8828",-179338.224
"8829",-178374.648
"8830",-178981.275
"8831",-179414.335
"8832",-178645.546
"8833",-178738.479
"8834",-178180.731
"8835",-178521.408
"8836",-179494.263
"8837",-177782.427
"8838",-178125.048
"8839",-178644.646
"8840",-177771.457
"8841",-178887.3
"8842",-177452.587
"8843",-178171.173
"8844",-179160.614
"8845",-178374.697
"8846",-178633.282
"8847",-177702.014
"8848",-179660.305
"8849",-177589.674
"8850",-177784.85
"8851",-177947.385
"8852",-178937.552
"8853",-178499.06
"8854",-178507.335
"8855",-178722.603
"8856",-178633.667
"8857",-178213.569
"8858",-178224.934
"8859",-178965.779
"8860",-177182.767
"8861",-180164.684
"8862",-178608.481
"8863",-179007.202
"8864",-178213.192
"8865",-178511.613
"8866",-178632.939
"8867",-178685.212
"8868",-179455.161
"8869",-178355.445
"8870",-177480.891
"8871",-178399.354
"8872",-178395.296
"8873",-178885.499
"8874",-178133.151
"8875",-178555.024
"8876",-178543.429
"8877",-178303.737
"8878",-178765.939
"8879",-178230.769
"8880",-178266.75
"8881",-177383.672
"8882",-178604.588
"8883",-178495.351
"8884",-179238.66
"8885",-177763.821
"8886",-179462.385
"8887",-178168.504
"8888",-178995.106
"8889",-178257.587
"8890",-177944.757
"8891",-177639.328
"8892",-179575.436
"8893",-178926.644
"8894",-179475.052
"8895",-178171.294
"8896",-179034.973
"8897",-179202.124
"8898",-180100.335
"8899",-179444.17
"8900",-177223.78
"8901",-178632.364
"8902",-178502.85
"8903",-178970.193
"8904",-178844.072
"8905",-178191.442
"8906",-177857.888
"8907",-177943.528
"8908",-178459.71
"8909",-177888.466
"8910",-178536.598
"8911",-177186.442
"8912",-178853.072
"8913",-178345.175
"8914",-177719.403
"8915",-178980.757
"8916",-177998.459
"8917",-178375.613
"8918",-178965.196
"8919",-177053.241
"8920",-179059.122
"8921",-179690.85
"8922",-179523.76
"8923",-178439.107
"8924",-178218.703
"8925",-178618.061
"8926",-178366.887
"8927",-178172.595
"8928",-178784.729
"8929",-178379.638
"8930",-178837.21
"8931",-179511.956
"8932",-179473.116
"8933",-179020.184
"8934",-179730.905
"8935",-179043.588
"8936",-177849.974
"8937",-178832.517
"8938",-177550.288
"8939",-178575.215
"8940",-178825.196
"8941",-177949.237
"8942",-179223.943
"8943",-179517.78
"8944",-178486.977
"8945",-178942.559
"8946",-179180.607
"8947",-178645.57
"8948",-179530.453
"8949",-179213.175
"8950",-178161.511
"8951",-178743.9
"8952",-178558.113
"8953",-179534.582
"8954",-179362.921
"8955",-179063.592
"8956",-178433.365
"8957",-178656.897
"8958",-177360.644
"8959",-179232.878
"8960",-178372.421
"8961",-177141.289
"8962",-177728.911
"8963",-178704.441
"8964",-178048.596
"8965",-177853.637
"8966",-177772.89
"8967",-178248.439
"8968",-178468.623
"8969",-176550.015
"8970",-179052.194
"8971",-177402.725
"8972",-178188.527
"8973",-178525.051
"8974",-178195.712
"8975",-179038.614
"8976",-178613.67
"8977",-178644.217
"8978",-178279.759
"8979",-178152.024
"8980",-179821.056
"8981",-177175.429
"8982",-179376.993
"8983",-178622.246
"8984",-178018.266
"8985",-178671.003
"8986",-178381.924
"8987",-178901.79
"8988",-178173.236
"8989",-177397.02
"8990",-178485.255
"8991",-177879.664
"8992",-177407.447
"8993",-178665.805
"8994",-177432.953
"8995",-179203.503
"8996",-178781.98
"8997",-178671.112
"8998",-177993.392
"8999",-178201.3
"9000",-177760.405
"9001",-178832.29
"9002",-177867.997
"9003",-178161.82
"9004",-179122.681
"9005",-179178.947
"9006",-178891.128
"9007",-179232.409
"9008",-177732.843
"9009",-178016.416
"9010",-177787.472
"9011",-178234.478
"9012",-178645.869
"9013",-179319.993
"9014",-177539.802
"9015",-178376.549
"9016",-177764.072
"9017",-177656.475
"9018",-177507.509
"9019",-178103.943
"9020",-178941.084
"9021",-178627.173
"9022",-179065.534
"9023",-177543.916
"9024",-179080.635
"9025",-179056.89
"9026",-177398.292
"9027",-178773.369
"9028",-177389.485
"9029",-179092.853
"9030",-179181.104
"9031",-177300.664
"9032",-178464.41
"9033",-178697.463
"9034",-179441.45
"9035",-178910.344
"9036",-179129.552
"9037",-178575.265
"9038",-178106.599
"9039",-177856.856
"9040",-178098.297
"9041",-178769.396
"9042",-178812.899
"9043",-178467.877
"9044",-178210.159
"9045",-179194.162
"9046",-179210.264
"9047",-177986
"9048",-179079.745
"9049",-179355.3
"9050",-178879.599
"9051",-178171.665
"9052",-177507.32
"9053",-178748.958
"9054",-178490.41
"9055",-178277.545
"9056",-177475.04
"9057",-178706.432
"9058",-178169.57
"9059",-178486.23
"9060",-178131.797
"9061",-178961.455
"9062",-178814.568
"9063",-178944.745
"9064",-178578.363
"9065",-179770.677
"9066",-178637.685
"9067",-179772.726
"9068",-178382.233
"9069",-179780.082
"9070",-177672.483
"9071",-177019.723
"9072",-178345.678
"9073",-179279.709
"9074",-177651.932
"9075",-177991.099
"9076",-177641.659
"9077",-178226.536
"9078",-178708.881
"9079",-176929.571
"9080",-179389.646
"9081",-178818.741
"9082",-178298.495
"9083",-179125.199
"9084",-178223.906
"9085",-178124.869
"9086",-177910.376
"9087",-178113.386
"9088",-179180.329
"9089",-178733.489
"9090",-177750.247
"9091",-178616.95
"9092",-178366.664
"9093",-177835.279
"9094",-178764.829
"9095",-179095.565
"9096",-177797.29
"9097",-177861.463
"9098",-178345.553
"9099",-177161.959
"9100",-178002.943
"9101",-178082.105
"9102",-178801.052
"9103",-177986.912
"9104",-179133.25
"9105",-178929.146
"9106",-178435.649
"9107",-178688.771
"9108",-177722.617
"9109",-178724.281
"9110",-179150.734
"9111",-178592.637
"9112",-177572.491
"9113",-177908.132
"9114",-178545.62
"9115",-180153.568
"9116",-178165.737
"9117",-178036.448
"9118",-179225.135
"9119",-177581.162
"9120",-178868.838
"9121",-179966.647
"9122",-179417.511
"9123",-179014.412
"9124",-178652.945
"9125",-177882.805
"9126",-177159.223
"9127",-178005.203
"9128",-178845.505
"9129",-179427.581
"9130",-179257.872
"9131",-178773.299
"9132",-178935.349
"9133",-179294.041
"9134",-180403.372
"9135",-179650.333
"9136",-178056.512
"9137",-178411.207
"9138",-179462.051
"9139",-178146.818
"9140",-178418.625
"9141",-177741.095
"9142",-178028.452
"9143",-177872.974
"9144",-178438.208
"9145",-177489.382
"9146",-178481.933
"9147",-178160.709
"9148",-178108.493
"9149",-178985.003
"9150",-177931.845
"9151",-179494.835
"9152",-179152.486
"9153",-179125.62
"9154",-178245.228
"9155",-178841.864
"9156",-178293.671
"9157",-178414.835
"9158",-178390.752
"9159",-178869.283
"9160",-178302.421
"9161",-178487.08
"9162",-177931.706
"9163",-178720.225
"9164",-178504.52
"9165",-177691.914
"9166",-178993.271
"9167",-177742.711
"9168",-179417.323
"9169",-179189.59
"9170",-178875.282
"9171",-178696.326
"9172",-178015.59
"9173",-178715.62
"9174",-178136.521
"9175",-179234.368
"9176",-178409.534
"9177",-178184.728
"9178",-177196.176
"9179",-178617.606
"9180",-177845.163
"9181",-178097.463
"9182",-179157.527
"9183",-178220.826
"9184",-178458.689
"9185",-179049.42
"9186",-179196.056
"9187",-178125.097
"9188",-178599.896
"9189",-178485.485
"9190",-179028.016
"9191",-178013.902
"9192",-178958.462
"9193",-177484.845
"9194",-177551.987
"9195",-177331.26
"9196",-178430.066
"9197",-178323.845
"9198",-178940.437
"9199",-177775.07
"9200",-178192.48
"9201",-178125.555
"9202",-177821.526
"9203",-177016.761
"9204",-178622.265
"9205",-179580.327
"9206",-177612.224
"9207",-179161.162
"9208",-177462.639
"9209",-178487.679
"9210",-178448.091
"9211",-178639.847
"9212",-177920.355
"9213",-179175.009
"9214",-179877.916
"9215",-178382.645
"9216",-178362.537
"9217",-177980.76
"9218",-178661.173
"9219",-177951.552
"9220",-178062.195
"9221",-177757.928
"9222",-178371.005
"9223",-178039.101
"9224",-177896.532
"9225",-179204.16
"9226",-178795.22
"9227",-178557.785
"9228",-178701.416
"9229",-178961.134
"9230",-178103.679
"9231",-178979.997
"9232",-178444.224
"9233",-178608.843
"9234",-178534.733
"9235",-177926.907
"9236",-179802.6
"9237",-179012.611
"9238",-178891.411
"9239",-179067.939
"9240",-178785.441
"9241",-178912.933
"9242",-177750.848
"9243",-178738.161
"9244",-178367.224
"9245",-178290.694
"9246",-177813.921
"9247",-178171.061
"9248",-179582.918
"9249",-178857.055
"9250",-178819.323
"9251",-179092.71
"9252",-177742.514
"9253",-178333.687
"9254",-179008.858
"9255",-178354.419
"9256",-180378.071
"9257",-178430.493
"9258",-178094.854
"9259",-178532.633
"9260",-178419.154
"9261",-179926.816
"9262",-178991.633
"9263",-178168.244
"9264",-178769.811
"9265",-177630.271
"9266",-178619.261
"9267",-178476.462
"9268",-178474.993
"9269",-178156.92
"9270",-177483.042
"9271",-179170.399
"9272",-179376.229
"9273",-177579.2
"9274",-177601.075
"9275",-177641.275
"9276",-177997.948
"9277",-178253.333
"9278",-179384.481
"9279",-177050.078
"9280",-178968.986
"9281",-178690.734
"9282",-179588.718
"9283",-178698.661
"9284",-177994.963
"9285",-179049.887
"9286",-178835.465
"9287",-179808.556
"9288",-178818.489
"9289",-178353.613
"9290",-179231.825
"9291",-179900.717
"9292",-177966.151
"9293",-178255.981
"9294",-178750.801
"9295",-178256.809
"9296",-177461.829
"9297",-178546.74
"9298",-179617.534
"9299",-178682.736
"9300",-177743.997
"9301",-178690.636
"9302",-178588.504
"9303",-178611.748
"9304",-178668.465
"9305",-179237.223
"9306",-178603.462
"9307",-178406.849
"9308",-178108.283
"9309",-177792.099
"9310",-178491.313
"9311",-178448.789
"9312",-178727.239
"9313",-178376.602
"9314",-178402.223
"9315",-178663.154
"9316",-179102.91
"9317",-178643.735
"9318",-179184.194
"9319",-178746.762
"9320",-178544.982
"9321",-178391.404
"9322",-178931.817
"9323",-177934.668
"9324",-177445.235
"9325",-179377.956
"9326",-179621.815
"9327",-177402.715
"9328",-178250.677
"9329",-178259.592
"9330",-178537.722
"9331",-178737.653
"9332",-178153.247
"9333",-178217.038
"9334",-178011.409
"9335",-178018.626
"9336",-178681.93
"9337",-178428.292
"9338",-178753.769
"9339",-178396.536
"9340",-178458.519
"9341",-178207.338
"9342",-178419.104
"9343",-178570.569
"9344",-178122.816
"9345",-178314.992
"9346",-178752.78
"9347",-178862.594
"9348",-178053.636
"9349",-179395.823
"9350",-178808.254
"9351",-177666.591
"9352",-179187.488
"9353",-179621.087
"9354",-178839.604
"9355",-178454
"9356",-178526.437
"9357",-178220.546
"9358",-178623.319
"9359",-178700.319
"9360",-178723.938
"9361",-178276.246
"9362",-178405.183
"9363",-179282.954
"9364",-179535.768
"9365",-178696.877
"9366",-178576.962
"9367",-178637.713
"9368",-178314.815
"9369",-178404.768
"9370",-178798.44
"9371",-179360.249
"9372",-177437.78
"9373",-177921.765
"9374",-178052.469
"9375",-178394.474
"9376",-177719.384
"9377",-178663.286
"9378",-177719.419
"9379",-178171.06
"9380",-177897.985
"9381",-177183.021
"9382",-178497.731
"9383",-178147.323
"9384",-178515.612
"9385",-178451.981
"9386",-177854.839
"9387",-178906.146
"9388",-177441.05
"9389",-177607.496
"9390",-177864.79
"9391",-178420.584
"9392",-177760.556
"9393",-178006.252
"9394",-178631.641
"9395",-179086.387
"9396",-178340.047
"9397",-177269.281
"9398",-177629.519
"9399",-178553.799
"9400",-179796.177
"9401",-178364.678
"9402",-179747.556
"9403",-178345.29
"9404",-178333.134
"9405",-177753.553
"9406",-178799.775
"9407",-178448.599
"9408",-178555.832
"9409",-178217.046
"9410",-178872.164
"9411",-177851.189
"9412",-178733.715
"9413",-178961.892
"9414",-178884.33
"9415",-178807.118
"9416",-178323.612
"9417",-178288.664
"9418",-179322.326
"9419",-177316.102
"9420",-178920.242
"9421",-177682.774
"9422",-178522.082
"9423",-178709.231
"9424",-179505.67
"9425",-177895.15
"9426",-179375.181
"9427",-178539.366
"9428",-177236.413
"9429",-178837.1
"9430",-178007.175
"9431",-179004.07
"9432",-178694.325
"9433",-178535.231
"9434",-179754.408
"9435",-179112.964
"9436",-178615.191
"9437",-178197.092
"9438",-178152.799
"9439",-179138.965
"9440",-178895.445
"9441",-178316.437
"9442",-177001.001
"9443",-179115.273
"9444",-177582.781
"9445",-179612.314
"9446",-178202.87
"9447",-178347.49
"9448",-178934.589
"9449",-178343.315
"9450",-178049.827
"9451",-178365.637
"9452",-179153.786
"9453",-178636.488
"9454",-179069.038
"9455",-178490.695
"9456",-178336.435
"9457",-179559.409
"9458",-177226.697
"9459",-179530.072
"9460",-178144.539
"9461",-177647.175
"9462",-179187.938
"9463",-177723.612
"9464",-178544.846
"9465",-177759.91
"9466",-178301.654
"9467",-178472.164
"9468",-178690.603
"9469",-178893.15
"9470",-177938.173
"9471",-177953.075
"9472",-178427.586
"9473",-178341.389
"9474",-177635.12
"9475",-178455.922
"9476",-179562.56
"9477",-179050.94
"9478",-180092.509
"9479",-178124.223
"9480",-178531.26
"9481",-178410.865
"9482",-179500.478
"9483",-178290.882
"9484",-178559.853
"9485",-179133.039
"9486",-178266.528
"9487",-178910.838
"9488",-178604.92
"9489",-178032.037
"9490",-179431.309
"9491",-178110.441
"9492",-178363.736
"9493",-178760.552
"9494",-179260.518
"9495",-179560.371
"9496",-178889.668
"9497",-177788.667
"9498",-178455.223
"9499",-177630.881
"9500",-178617.422
"9501",-179499.405
"9502",-178458.868
"9503",-179297.15
"9504",-178734.279
"9505",-178329.756
"9506",-178169.085
"9507",-177866.669
"9508",-177976.77
"9509",-178783.751
"9510",-177483.956
"9511",-177851.229
"9512",-178664.416
"9513",-178351.587
"9514",-179876.329
"9515",-178415.162
"9516",-178897.005
"9517",-178673.685
"9518",-178609.592
"9519",-179470.288
"9520",-178695.088
"9521",-178482.943
"9522",-177964.771
"9523",-178687.213
"9524",-179166.379
"9525",-177998.836
"9526",-178412.329
"9527",-177856.424
"9528",-178777.884
"9529",-177282.638
"9530",-177700.833
"9531",-178073.816
"9532",-178419.092
"9533",-178309.795
"9534",-178062.14
"9535",-178927.274
"9536",-178838.072
"9537",-177214.091
"9538",-179708.117
"9539",-179502.856
"9540",-178087.704
"9541",-179352.989
"9542",-177851.041
"9543",-177607.532
"9544",-179250.77
"9545",-179578.649
"9546",-178410.036
"9547",-177916.015
"9548",-178762.898
"9549",-180449.359
"9550",-179607.628
"9551",-178652.761
"9552",-179262.958
"9553",-178346.546
"9554",-177459.404
"9555",-178607.872
"9556",-178290.794
"9557",-178956.099
"9558",-178186.181
"9559",-179016.96
"9560",-178096.104
"9561",-179283.02
"9562",-178858.849
"9563",-179870.203
"9564",-178902.77
"9565",-178998.717
"9566",-177780.354
"9567",-177905.688
"9568",-179009.081
"9569",-179277.057
"9570",-177596.454
"9571",-178834.737
"9572",-176941.56
"9573",-178457.999
"9574",-177936.147
"9575",-177341.352
"9576",-178991.015
"9577",-177133.025
"9578",-177928.665
"9579",-177933.075
"9580",-178178.274
"9581",-179439.003
"9582",-178856.105
"9583",-179210.763
"9584",-179366.135
"9585",-179386.585
"9586",-179125.736
"9587",-177997.861
"9588",-176997.914
"9589",-177155.862
"9590",-178208.612
"9591",-179039.691
"9592",-177808.382
"9593",-177837.324
"9594",-178972.464
"9595",-178043.131
"9596",-178549.659
"9597",-178302.655
"9598",-178137.304
"9599",-178134.981
"9600",-178017.966
"9601",-178903.095
"9602",-178218.199
"9603",-177499.898
"9604",-178444.081
"9605",-178124.523
"9606",-179425.075
"9607",-179192.676
"9608",-178730.06
"9609",-178319.585
"9610",-178087.427
"9611",-178168.207
"9612",-179201.463
"9613",-178952.657
"9614",-177600.336
"9615",-178092.686
"9616",-177801.607
"9617",-178337.263
"9618",-178371.209
"9619",-178687.013
"9620",-178870.802
"9621",-177986.999
"9622",-178305.01
"9623",-178899.339
"9624",-177250.338
"9625",-178813.215
"9626",-177856.646
"9627",-178689.971
"9628",-178776.204
"9629",-178607.755
"9630",-178329.22
"9631",-177851.665
"9632",-178602.729
"9633",-178663.005
"9634",-177901.024
"9635",-178467.374
"9636",-179203.789
"9637",-178155.184
"9638",-177181.187
"9639",-177466.407
"9640",-178902.072
"9641",-179123.941
"9642",-178195.837
"9643",-178766.127
"9644",-178297.604
"9645",-177574.191
"9646",-178416.335
"9647",-178535.244
"9648",-178084.353
"9649",-178992.742
"9650",-178533.914
"9651",-178650.738
"9652",-178256.455
"9653",-179182.99
"9654",-179124.766
"9655",-178456.06
"9656",-178516.734
"9657",-178540.911
"9658",-178419.667
"9659",-177717.077
"9660",-179118.136
"9661",-177895.371
"9662",-177560.257
"9663",-178645.469
"9664",-177911.865
"9665",-179631.405
"9666",-178658.832
"9667",-178266.539
"9668",-179028.09
"9669",-178979.449
"9670",-178286.874
"9671",-179102.552
"9672",-178119.007
"9673",-178110.985
"9674",-177778.531
"9675",-178041.982
"9676",-178834.493
"9677",-177699.786
"9678",-177476.962
"9679",-179149.075
"9680",-178413.829
"9681",-178371.763
"9682",-177824.144
"9683",-178108.547
"9684",-178695.692
"9685",-177723.976
"9686",-178823.796
"9687",-179517.562
"9688",-177322.224
"9689",-178263.815
"9690",-178226.47
"9691",-177966.42
"9692",-178773.531
"9693",-178236.023
"9694",-178014.765
"9695",-178707.52
"9696",-179146.405
"9697",-178040.147
"9698",-179344.818
"9699",-177374.854
"9700",-177768.48
"9701",-178590.153
"9702",-178312.708
"9703",-178722.173
"9704",-178809.887
"9705",-178195.241
"9706",-179424.906
"9707",-177736.482
"9708",-179057.297
"9709",-177639.892
"9710",-177998.859
"9711",-179086.183
"9712",-178022.338
"9713",-176660.72
"9714",-179186.972
"9715",-177425.271
"9716",-178013.905
"9717",-177814.268
"9718",-178863.167
"9719",-179155.794
"9720",-177877.266
"9721",-179077.661
"9722",-177976.845
"9723",-177855.596
"9724",-179010.213
"9725",-178472.865
"9726",-178106.25
"9727",-178023.73
"9728",-178974.85
"9729",-178670.872
"9730",-179385.995
"9731",-178279.037
"9732",-178114.04
"9733",-178728.857
"9734",-178390.44
"9735",-178120.528
"9736",-177225.408
"9737",-179035.294
"9738",-178067.488
"9739",-177959.819
"9740",-179031.808
"9741",-178201.179
"9742",-178124.993
"9743",-178433.208
"9744",-177865.258
"9745",-178610.765
"9746",-179475.62
"9747",-177549.596
"9748",-177219.615
"9749",-178528.695
"9750",-177870.605
"9751",-178693.912
"9752",-177397.05
"9753",-178742.184
"9754",-177966.435
"9755",-176887.865
"9756",-178138.205
"9757",-179310.457
"9758",-178007.317
"9759",-178419.846
"9760",-178075.945
"9761",-178179.719
"9762",-177749.486
"9763",-178406.014
"9764",-178853.862
"9765",-178529.702
"9766",-177292.65
"9767",-179551.723
"9768",-179902.976
"9769",-179174.155
"9770",-178641.642
"9771",-178096.697
"9772",-178166.801
"9773",-178973.925
"9774",-177427.888
"9775",-179151.053
"9776",-179796.215
"9777",-179600.06
"9778",-177479.705
"9779",-178691.27
"9780",-178535.334
"9781",-178919.049
"9782",-177630.481
"9783",-178324.96
"9784",-177883.513
"9785",-178509.503
"9786",-178078.302
"9787",-177982.508
"9788",-178542.825
"9789",-178306.534
"9790",-178797.97
"9791",-178291.2
"9792",-178584.727
"9793",-178673.66
"9794",-178778.247
"9795",-179043.772
"9796",-178160.773
"9797",-177876.573
"9798",-177874.156
"9799",-178484.518
"9800",-177038.049
"9801",-178895.872
"9802",-178448.175
"9803",-178422.987
"9804",-179863.265
"9805",-178834.48
"9806",-178099.997
"9807",-178637.78
"9808",-179302.87
"9809",-178611.921
"9810",-178748.48
"9811",-179500.568
"9812",-178144.497
"9813",-178534.349
"9814",-178314.984
"9815",-179142.159
"9816",-178296.88
"9817",-178853.808
"9818",-178287.635
"9819",-177518.473
"9820",-178846.421
"9821",-178222.26
"9822",-179939.929
"9823",-178286.086
"9824",-178928.37
"9825",-178759.323
"9826",-176702.22
"9827",-178910.258
"9828",-178153.993
"9829",-178633.499
"9830",-177999.231
"9831",-178070.933
"9832",-178457.341
"9833",-178841.383
"9834",-178243.304
"9835",-178327.885
"9836",-178128.662
"9837",-178540.945
"9838",-178316.084
"9839",-178637.955
"9840",-179009.677
"9841",-177851.603
"9842",-177944.338
"9843",-178911.55
"9844",-178676.906
"9845",-178209.925
"9846",-178445.028
"9847",-177954.967
"9848",-178998.378
"9849",-178482.494
"9850",-177603.839
"9851",-178313.379
"9852",-179411.051
"9853",-179169.758
"9854",-177962.893
"9855",-178342.007
"9856",-178621.425
"9857",-177779.896
"9858",-178821.144
"9859",-177583.159
"9860",-178632.961
"9861",-178948.764
"9862",-178406.139
"9863",-178860.035
"9864",-177911.608
"9865",-179099.864
"9866",-177385.903
"9867",-179183.61
"9868",-178814.9
"9869",-177579.308
"9870",-178763.574
"9871",-178878.736
"9872",-178927.807
"9873",-177377.406
"9874",-178253.634
"9875",-179001.656
"9876",-178575.438
"9877",-179034.475
"9878",-178372.704
"9879",-178655.231
"9880",-179462.82
"9881",-178559.333
"9882",-177201.104
"9883",-178387.688
"9884",-178555.413
"9885",-178683.645
"9886",-178601.998
"9887",-179462.736
"9888",-179777.189
"9889",-178611.244
"9890",-178677.637
"9891",-178488.84
"9892",-178947.156
"9893",-178258.263
"9894",-179169.209
"9895",-177971.693
"9896",-179513.663
"9897",-177963.904
"9898",-177978.541
"9899",-178292.211
"9900",-178514.384
"9901",-177116.967
"9902",-177249.111
"9903",-179052.267
"9904",-178585.139
"9905",-178593.042
"9906",-178409.554
"9907",-179022.42
"9908",-178117.702
"9909",-178331.215
"9910",-178129.599
"9911",-178598.053
"9912",-178600.541
"9913",-178948.752
"9914",-179008.142
"9915",-178382.078
"9916",-177953.301
"9917",-179019.933
"9918",-179059.39
"9919",-178845.095
"9920",-178476.077
"9921",-178486.723
"9922",-178226.907
"9923",-179556.041
"9924",-177744.143
"9925",-178587.271
"9926",-179341.716
"9927",-178176.598
"9928",-177827.856
"9929",-177667.223
"9930",-178510.28
"9931",-179216.861
"9932",-178386.741
"9933",-178823.174
"9934",-178800.21
"9935",-178573.291
"9936",-179732.963
"9937",-178688.881
"9938",-179752.146
"9939",-178941.198
"9940",-177947.162
"9941",-177170.95
"9942",-177845.865
"9943",-178091.231
"9944",-179192.424
"9945",-178041.33
"9946",-178263.285
"9947",-177669.222
"9948",-178770.447
"9949",-178135.479
"9950",-179529.712
"9951",-178410.471
"9952",-178696.65
"9953",-178969.035
"9954",-178226.103
"9955",-178129.851
"9956",-178459.468
"9957",-177886.386
"9958",-178788.095
"9959",-177837.041
"9960",-179708.421
"9961",-179355.403
"9962",-179091.836
"9963",-178359.189
"9964",-177628.336
"9965",-177804.53
"9966",-178144.417
"9967",-177410.898
"9968",-179195.601
"9969",-178161.838
"9970",-177529.926
"9971",-178558.415
"9972",-178494.071
"9973",-178636.215
"9974",-178444.961
"9975",-178262.706
"9976",-177361.832
"9977",-179283.679
"9978",-177167.64
"9979",-177842.728
"9980",-178796.732
"9981",-177940.205
"9982",-178923.594
"9983",-179371.386
"9984",-178270.922
"9985",-178348.796
"9986",-178110.269
"9987",-178109.211
"9988",-177805.995
"9989",-177856.145
"9990",-179109.327
"9991",-177748.326
"9992",-178799.657
"9993",-178967.281
"9994",-178713.155
"9995",-178397.082
"9996",-178684.98
"9997",-177733.41
"9998",-178754.051
"9999",-178372.13
"10000",-176991.408
