1	16	500	500	0.5021	0.216	0.343	0.269	0.290	0.327	0.266	0.273	0.288	0.280	0.264	0.248	0.290	0.304	0.292	0.270	0.290	0.345	0.357	0.304	0.284	0.305	0.291	0.310	0.345	0.273	0.293	0.265	0.300	0.300	0.311	1.972	0.305	0.141	0.213	-16768.036
2	16	500	500	0.5240	0.287	0.176	0.327	0.337	0.303	0.296	0.329	0.327	0.369	0.228	0.306	0.300	0.351	0.412	0.337	0.323	0.307	0.268	0.297	0.291	0.340	0.328	0.245	0.236	0.307	0.257	0.304	0.252	0.270	0.321	1.985	0.467	0.234	0.188	-16877.803
3	16	500	500	0.5151	0.310	0.305	0.276	0.290	0.273	0.301	0.319	0.333	0.243	0.412	0.289	0.291	0.315	0.285	0.311	0.297	0.299	0.264	0.324	0.323	0.317	0.319	0.283	0.215	0.284	0.300	0.301	0.373	0.257	0.295	2.010	0.343	0.169	0.187	-16757.239
4	16	500	499	0.5185	0.274	0.267	0.338	0.345	0.278	0.304	0.269	0.301	0.392	0.306	0.248	0.375	0.254	0.268	0.338	0.290	0.323	0.329	0.359	0.320	0.248	0.277	0.397	0.278	0.312	0.302	0.265	0.238	0.299	0.278	1.930	0.429	0.210	0.191	-16885.553
5	16	500	500	0.5090	0.289	0.263	0.278	0.258	0.313	0.327	0.297	0.291	0.273	0.294	0.298	0.270	0.305	0.315	0.289	0.295	0.296	0.361	0.279	0.264	0.227	0.323	0.303	0.262	0.356	0.262	0.325	0.316	0.294	0.303	2.046	0.346	0.153	0.199	-16696.009
6	16	500	500	0.5086	0.299	0.246	0.324	0.276	0.295	0.336	0.338	0.235	0.254	0.314	0.311	0.250	0.341	0.274	0.333	0.310	0.232	0.293	0.309	0.334	0.312	0.259	0.312	0.321	0.294	0.229	0.304	0.296	0.286	0.255	1.923	0.363	0.195	0.200	-16797.356
7	16	500	500	0.5181	0.272	0.293	0.317	0.309	0.313	0.283	0.254	0.286	0.242	0.255	0.315	0.228	0.255	0.274	0.321	0.284	0.264	0.258	0.247	0.304	0.313	0.320	0.302	0.197	0.291	0.271	0.307	0.321	0.295	0.277	1.989	0.405	0.165	0.187	-16294.362
8	16	500	500	0.5088	0.290	0.288	0.328	0.302	0.300	0.300	0.324	0.244	0.307	0.360	0.296	0.280	0.263	0.284	0.333	0.263	0.293	0.280	0.251	0.314	0.366	0.312	0.256	0.215	0.373	0.309	0.312	0.323	0.315	0.296	2.012	0.412	0.187	0.200	-16825.253
9	16	500	500	0.5230	0.280	0.296	0.311	0.332	0.266	0.289	0.273	0.267	0.287	0.316	0.292	0.287	0.288	0.322	0.299	0.260	0.267	0.323	0.318	0.281	0.280	0.301	0.315	0.267	0.381	0.307	0.243	0.308	0.332	0.293	1.919	0.432	0.215	0.200	-16933.493
10	16	500	500	0.5028	0.351	0.241	0.369	0.302	0.300	0.229	0.278	0.287	0.298	0.322	0.297	0.265	0.308	0.248	0.358	0.281	0.319	0.253	0.276	0.319	0.304	0.280	0.338	0.325	0.322	0.301	0.276	0.263	0.317	0.276	1.924	0.360	0.155	0.184	-16615.817
11	16	500	500	0.5097	0.213	0.262	0.354	0.332	0.260	0.254	0.327	0.286	0.339	0.309	0.280	0.310	0.368	0.287	0.319	0.292	0.342	0.261	0.262	0.316	0.234	0.318	0.282	0.358	0.294	0.260	0.323	0.304	0.371	0.312	2.018	0.426	0.222	0.198	-16801.586
12	16	500	499	0.5004	0.308	0.311	0.261	0.339	0.303	0.294	0.298	0.260	0.245	0.249	0.280	0.298	0.372	0.310	0.280	0.303	0.170	0.278	0.303	0.281	0.292	0.328	0.276	0.332	0.240	0.296	0.243	0.314	0.270	0.289	2.058	0.430	0.165	0.204	-16310.443
13	16	500	500	0.5274	0.284	0.279	0.283	0.296	0.328	0.298	0.241	0.283	0.281	0.304	0.286	0.300	0.349	0.286	0.294	0.308	0.256	0.290	0.282	0.297	0.281	0.256	0.254	0.285	0.295	0.307	0.296	0.369	0.266	0.288	2.093	0.503	0.255	0.199	-16536.722
14	16	500	498	0.5136	0.261	0.284	0.298	0.289	0.272	0.293	0.260	0.303	0.359	0.286	0.292	0.330	0.267	0.365	0.290	0.305	0.299	0.291	0.318	0.317	0.230	0.299	0.288	0.202	0.325	0.299	0.385	0.344	0.278	0.301	1.901	0.368	0.188	0.195	-16903.073
15	16	500	500	0.5100	0.277	0.333	0.278	0.288	0.351	0.250	0.333	0.291	0.277	0.257	0.293	0.262	0.318	0.250	0.295	0.323	0.316	0.284	0.302	0.284	0.270	0.313	0.253	0.280	0.267	0.335	0.245	0.309	0.312	0.310	2.040	0.483	0.221	0.201	-16535.648
16	16	500	500	0.5190	0.329	0.269	0.313	0.277	0.342	0.311	0.343	0.288	0.314	0.375	0.258	0.279	0.291	0.318	0.294	0.293	0.213	0.241	0.319	0.298	0.333	0.308	0.313	0.285	0.301	0.280	0.306	0.360	0.297	0.258	1.963	0.456	0.201	0.201	-16856.267
17	16	500	500	0.5090	0.301	0.295	0.277	0.303	0.354	0.304	0.326	0.303	0.330	0.223	0.315	0.299	0.312	0.292	0.312	0.303	0.409	0.304	0.304	0.320	0.315	0.296	0.274	0.250	0.260	0.308	0.321	0.325	0.281	0.294	2.037	0.400	0.173	0.216	-16962.126
18	16	500	500	0.5131	0.284	0.347	0.304	0.287	0.349	0.348	0.319	0.316	0.285	0.260	0.313	0.342	0.365	0.330	0.313	0.282	0.342	0.364	0.317	0.303	0.335	0.231	0.340	0.342	0.332	0.274	0.361	0.250	0.304	0.312	2.040	0.385	0.210	0.211	-17351.257
19	16	500	499	0.5015	0.392	0.271	0.295	0.251	0.322	0.336	0.330	0.275	0.306	0.326	0.348	0.294	0.331	0.280	0.302	0.356	0.275	0.305	0.265	0.355	0.316	0.366	0.337	0.329	0.313	0.311	0.302	0.327	0.281	0.275	1.958	0.361	0.213	0.192	-17289.391
20	16	500	500	0.5176	0.261	0.247	0.331	0.321	0.343	0.316	0.335	0.229	0.331	0.304	0.352	0.299	0.341	0.341	0.377	0.279	0.250	0.326	0.324	0.297	0.347	0.265	0.269	0.322	0.270	0.333	0.326	0.254	0.295	0.385	1.943	0.291	0.175	0.201	-17301.369
21	16	500	500	0.4952	0.229	0.262	0.247	0.318	0.318	0.370	0.286	0.328	0.426	0.284	0.286	0.304	0.260	0.218	0.319	0.215	0.326	0.291	0.293	0.242	0.265	0.357	0.248	0.303	0.330	0.246	0.332	0.308	0.313	0.288	2.038	0.373	0.187	0.179	-16493.633
22	16	500	500	0.4963	0.319	0.341	0.249	0.285	0.325	0.249	0.331	0.258	0.257	0.337	0.274	0.314	0.257	0.290	0.295	0.234	0.383	0.299	0.315	0.281	0.220	0.321	0.295	0.287	0.313	0.258	0.289	0.329	0.325	0.297	2.073	0.350	0.155	0.213	-16697.253
23	16	500	500	0.5176	0.283	0.302	0.285	0.293	0.315	0.371	0.261	0.378	0.282	0.231	0.296	0.329	0.250	0.263	0.338	0.235	0.284	0.381	0.295	0.293	0.303	0.298	0.333	0.186	0.338	0.274	0.311	0.312	0.283	0.353	1.890	0.328	0.147	0.195	-16905.102
24	16	500	500	0.5139	0.264	0.294	0.344	0.285	0.321	0.279	0.278	0.301	0.245	0.282	0.348	0.289	0.281	0.303	0.314	0.287	0.317	0.320	0.293	0.332	0.294	0.348	0.291	0.268	0.246	0.245	0.311	0.307	0.317	0.278	2.052	0.301	0.177	0.209	-16924.565
25	16	500	500	0.5024	0.250	0.342	0.265	0.310	0.302	0.269	0.304	0.340	0.255	0.366	0.295	0.287	0.323	0.335	0.332	0.225	0.337	0.257	0.304	0.321	0.323	0.359	0.347	0.249	0.265	0.327	0.263	0.320	0.305	0.292	1.977	0.312	0.174	0.203	-17072.603
26	16	500	500	0.5145	0.240	0.347	0.308	0.324	0.276	0.313	0.265	0.304	0.304	0.258	0.297	0.290	0.338	0.358	0.287	0.231	0.332	0.305	0.327	0.290	0.263	0.322	0.263	0.319	0.349	0.279	0.290	0.295	0.283	0.309	1.902	0.259	0.116	0.212	-16894.592
27	16	500	500	0.5072	0.327	0.283	0.289	0.299	0.335	0.255	0.318	0.302	0.314	0.314	0.327	0.358	0.252	0.295	0.303	0.317	0.285	0.325	0.310	0.292	0.241	0.297	0.342	0.324	0.300	0.325	0.391	0.329	0.333	0.303	2.083	0.403	0.237	0.196	-17301.475
28	16	500	499	0.5005	0.252	0.335	0.343	0.326	0.361	0.331	0.284	0.307	0.293	0.271	0.292	0.280	0.276	0.357	0.243	0.248	0.321	0.271	0.320	0.281	0.289	0.305	0.290	0.336	0.320	0.320	0.312	0.262	0.289	0.325	1.879	0.352	0.180	0.197	-16958.451
29	16	500	499	0.5021	0.291	0.285	0.232	0.322	0.275	0.353	0.267	0.308	0.339	0.255	0.305	0.342	0.319	0.270	0.267	0.266	0.327	0.278	0.299	0.256	0.320	0.307	0.339	0.354	0.271	0.274	0.332	0.284	0.305	0.284	1.998	0.362	0.188	0.205	-16863.616
30	16	500	500	0.5197	0.299	0.355	0.311	0.220	0.283	0.277	0.352	0.294	0.309	0.274	0.285	0.288	0.218	0.326	0.268	0.281	0.276	0.309	0.280	0.263	0.310	0.298	0.316	0.331	0.326	0.261	0.296	0.254	0.285	0.293	1.970	0.373	0.182	0.200	-16624.943
31	16	500	500	0.5086	0.337	0.298	0.348	0.307	0.274	0.263	0.283	0.309	0.330	0.267	0.270	0.263	0.262	0.349	0.307	0.321	0.302	0.303	0.324	0.262	0.286	0.280	0.314	0.383	0.321	0.281	0.311	0.279	0.268	0.291	1.980	0.447	0.207	0.206	-16785.598
32	16	500	500	0.5068	0.291	0.288	0.272	0.362	0.293	0.297	0.316	0.227	0.256	0.306	0.327	0.277	0.299	0.287	0.290	0.368	0.305	0.322	0.300	0.318	0.330	0.325	0.361	0.269	0.321	0.308	0.257	0.334	0.298	0.251	1.995	0.365	0.211	0.197	-16951.191
33	16	500	500	0.5043	0.252	0.293	0.301	0.291	0.239	0.286	0.244	0.290	0.293	0.336	0.273	0.298	0.257	0.309	0.259	0.305	0.275	0.290	0.299	0.302	0.233	0.284	0.269	0.251	0.275	0.279	0.310	0.277	0.301	0.309	1.939	0.398	0.177	0.195	-16364.643
34	16	500	500	0.5242	0.191	0.342	0.278	0.234	0.268	0.204	0.291	0.245	0.285	0.260	0.274	0.308	0.366	0.246	0.279	0.240	0.319	0.331	0.309	0.238	0.308	0.279	0.275	0.293	0.260	0.283	0.277	0.322	0.260	0.340	1.815	0.316	0.110	0.201	-16248.774
35	16	500	500	0.5037	0.336	0.346	0.289	0.272	0.250	0.284	0.325	0.233	0.316	0.309	0.356	0.303	0.322	0.241	0.319	0.331	0.331	0.301	0.318	0.312	0.332	0.256	0.339	0.273	0.263	0.263	0.345	0.317	0.254	0.330	2.196	0.373	0.205	0.212	-16913.660
36	16	500	500	0.5178	0.261	0.259	0.292	0.288	0.352	0.229	0.302	0.260	0.405	0.331	0.265	0.282	0.217	0.298	0.274	0.293	0.266	0.318	0.273	0.310	0.366	0.271	0.328	0.327	0.326	0.303	0.321	0.349	0.370	0.281	2.005	0.340	0.176	0.183	-16855.554
37	16	500	500	0.5195	0.293	0.286	0.329	0.254	0.244	0.315	0.251	0.333	0.263	0.279	0.289	0.316	0.256	0.298	0.305	0.285	0.317	0.371	0.263	0.342	0.335	0.295	0.326	0.276	0.290	0.377	0.322	0.333	0.280	0.277	2.112	0.407	0.204	0.186	-16796.558
38	16	500	500	0.5234	0.298	0.252	0.335	0.299	0.297	0.294	0.298	0.303	0.342	0.313	0.307	0.299	0.298	0.323	0.315	0.304	0.338	0.263	0.313	0.396	0.310	0.355	0.242	0.296	0.340	0.360	0.297	0.225	0.273	0.350	2.010	0.365	0.210	0.198	-17147.307
39	16	500	500	0.5193	0.209	0.266	0.295	0.326	0.319	0.327	0.275	0.301	0.244	0.351	0.337	0.367	0.269	0.286	0.328	0.287	0.322	0.350	0.297	0.350	0.292	0.320	0.309	0.319	0.251	0.273	0.328	0.344	0.368	0.264	1.883	0.301	0.159	0.198	-17199.569
40	16	500	500	0.5057	0.296	0.316	0.302	0.279	0.289	0.280	0.344	0.308	0.296	0.303	0.348	0.338	0.298	0.316	0.360	0.305	0.333	0.308	0.266	0.329	0.369	0.316	0.372	0.312	0.291	0.374	0.289	0.233	0.316	0.314	1.895	0.369	0.219	0.188	-17248.114
41	16	500	500	0.5174	0.278	0.355	0.237	0.271	0.313	0.332	0.315	0.277	0.282	0.341	0.302	0.316	0.318	0.279	0.277	0.246	0.335	0.295	0.327	0.273	0.285	0.246	0.376	0.302	0.300	0.295	0.280	0.279	0.336	0.290	1.814	0.277	0.143	0.198	-17022.291
42	16	500	500	0.5254	0.262	0.276	0.340	0.290	0.287	0.250	0.382	0.312	0.337	0.348	0.317	0.287	0.253	0.296	0.284	0.276	0.350	0.292	0.315	0.307	0.271	0.321	0.327	0.315	0.311	0.309	0.298	0.345	0.329	0.259	1.918	0.375	0.181	0.200	-17163.894
43	16	500	500	0.5240	0.318	0.440	0.353	0.306	0.313	0.311	0.285	0.282	0.219	0.226	0.336	0.313	0.265	0.298	0.302	0.332	0.336	0.264	0.289	0.286	0.276	0.285	0.284	0.261	0.312	0.370	0.308	0.300	0.287	0.285	1.954	0.454	0.221	0.198	-16885.017
44	16	500	500	0.5254	0.277	0.210	0.266	0.318	0.326	0.279	0.329	0.280	0.339	0.309	0.278	0.303	0.304	0.307	0.281	0.275	0.364	0.318	0.319	0.386	0.219	0.327	0.268	0.327	0.345	0.319	0.260	0.255	0.294	0.350	1.991	0.260	0.135	0.208	-17041.009
45	16	500	500	0.5194	0.245	0.321	0.335	0.336	0.269	0.325	0.270	0.269	0.369	0.326	0.291	0.368	0.257	0.354	0.280	0.296	0.309	0.338	0.358	0.192	0.315	0.312	0.326	0.382	0.308	0.335	0.349	0.270	0.332	0.318	2.012	0.274	0.167	0.190	-17296.350
46	16	500	500	0.5257	0.255	0.370	0.304	0.311	0.368	0.248	0.305	0.256	0.255	0.304	0.303	0.318	0.342	0.312	0.312	0.300	0.319	0.332	0.358	0.294	0.283	0.300	0.330	0.211	0.335	0.268	0.286	0.299	0.317	0.309	1.932	0.411	0.219	0.199	-17105.420
47	16	500	500	0.5221	0.270	0.364	0.272	0.299	0.288	0.298	0.293	0.364	0.289	0.330	0.310	0.274	0.328	0.292	0.245	0.267	0.289	0.253	0.300	0.276	0.304	0.336	0.295	0.281	0.244	0.248	0.266	0.293	0.289	0.276	2.020	0.459	0.242	0.189	-16592.681
48	16	500	500	0.5105	0.251	0.268	0.288	0.297	0.318	0.332	0.354	0.305	0.276	0.378	0.270	0.335	0.297	0.320	0.243	0.280	0.318	0.328	0.273	0.307	0.290	0.293	0.269	0.328	0.297	0.287	0.236	0.253	0.210	0.343	2.072	0.456	0.216	0.197	-16581.269
49	16	500	500	0.5295	0.296	0.339	0.353	0.226	0.284	0.272	0.331	0.296	0.269	0.352	0.286	0.298	0.287	0.318	0.264	0.265	0.233	0.248	0.313	0.310	0.253	0.313	0.294	0.352	0.251	0.306	0.310	0.327	0.249	0.303	1.963	0.210	0.108	0.214	-16911.722
50	16	500	500	0.5317	0.303	0.256	0.369	0.249	0.304	0.303	0.275	0.322	0.303	0.263	0.315	0.331	0.295	0.346	0.296	0.317	0.263	0.268	0.280	0.309	0.253	0.352	0.273	0.304	0.324	0.377	0.304	0.397	0.339	0.281	2.133	0.280	0.156	0.195	-17151.797
51	16	500	500	0.5170	0.262	0.341	0.309	0.307	0.287	0.331	0.322	0.264	0.227	0.338	0.320	0.326	0.302	0.281	0.310	0.311	0.245	0.311	0.293	0.314	0.267	0.293	0.277	0.312	0.298	0.309	0.260	0.293	0.279	0.271	2.008	0.441	0.205	0.191	-16660.103
52	16	500	500	0.5207	0.283	0.285	0.372	0.291	0.361	0.313	0.307	0.284	0.290	0.257	0.281	0.294	0.288	0.233	0.325	0.269	0.281	0.272	0.349	0.366	0.295	0.324	0.291	0.304	0.260	0.286	0.294	0.303	0.266	0.243	2.016	0.470	0.264	0.201	-16892.402
53	16	500	500	0.5193	0.236	0.282	0.328	0.333	0.334	0.325	0.312	0.309	0.241	0.299	0.303	0.316	0.296	0.328	0.261	0.281	0.249	0.285	0.399	0.286	0.272	0.253	0.300	0.322	0.266	0.342	0.285	0.301	0.280	0.313	1.867	0.445	0.263	0.188	-17009.201
54	16	500	500	0.5064	0.276	0.263	0.284	0.363	0.310	0.364	0.275	0.297	0.333	0.309	0.259	0.283	0.364	0.318	0.303	0.307	0.338	0.272	0.343	0.264	0.244	0.290	0.317	0.330	0.275	0.277	0.279	0.344	0.345	0.292	1.855	0.397	0.213	0.198	-17020.900
55	16	500	500	0.5307	0.255	0.276	0.375	0.305	0.349	0.242	0.333	0.311	0.298	0.343	0.281	0.375	0.241	0.299	0.279	0.290	0.309	0.262	0.291	0.307	0.278	0.302	0.321	0.400	0.307	0.322	0.305	0.316	0.319	0.311	1.979	0.416	0.257	0.212	-17314.450
56	16	500	500	0.5239	0.253	0.298	0.269	0.309	0.313	0.253	0.293	0.299	0.359	0.267	0.261	0.298	0.290	0.256	0.283	0.268	0.302	0.267	0.299	0.300	0.240	0.256	0.294	0.262	0.269	0.327	0.249	0.342	0.295	0.311	1.812	0.435	0.213	0.207	-16563.295
57	16	500	500	0.5237	0.276	0.278	0.339	0.323	0.356	0.233	0.340	0.337	0.330	0.328	0.330	0.343	0.325	0.297	0.283	0.298	0.270	0.257	0.300	0.297	0.270	0.361	0.314	0.296	0.292	0.307	0.293	0.307	0.300	0.275	1.899	0.409	0.221	0.202	-17268.584
58	16	500	500	0.5078	0.254	0.321	0.261	0.258	0.339	0.320	0.283	0.311	0.303	0.284	0.273	0.344	0.350	0.314	0.280	0.285	0.297	0.335	0.315	0.267	0.280	0.302	0.308	0.312	0.329	0.273	0.305	0.301	0.284	0.284	2.014	0.279	0.147	0.181	-16746.559
59	16	500	500	0.5157	0.280	0.300	0.364	0.280	0.274	0.314	0.374	0.317	0.298	0.304	0.287	0.288	0.288	0.369	0.250	0.308	0.250	0.294	0.335	0.262	0.311	0.261	0.264	0.295	0.256	0.302	0.268	0.292	0.290	0.323	2.056	0.464	0.218	0.194	-16691.953
60	16	500	500	0.5292	0.318	0.337	0.327	0.260	0.334	0.224	0.291	0.341	0.320	0.287	0.254	0.277	0.358	0.337	0.307	0.269	0.279	0.284	0.312	0.341	0.276	0.345	0.263	0.303	0.242	0.303	0.332	0.301	0.293	0.304	2.060	0.345	0.210	0.200	-17069.446
61	16	500	500	0.5167	0.291	0.331	0.261	0.295	0.272	0.276	0.271	0.273	0.242	0.313	0.307	0.274	0.312	0.270	0.320	0.292	0.269	0.350	0.261	0.262	0.309	0.252	0.338	0.313	0.328	0.266	0.310	0.219	0.357	0.278	2.087	0.349	0.158	0.192	-16492.076
62	16	500	500	0.5115	0.247	0.268	0.310	0.287	0.252	0.342	0.303	0.332	0.362	0.383	0.342	0.312	0.307	0.254	0.269	0.260	0.363	0.295	0.314	0.266	0.276	0.285	0.342	0.285	0.309	0.324	0.273	0.297	0.286	0.261	1.944	0.375	0.212	0.197	-16928.701
63	16	500	500	0.5340	0.306	0.283	0.260	0.300	0.268	0.320	0.278	0.317	0.292	0.284	0.287	0.261	0.305	0.298	0.269	0.326	0.348	0.357	0.240	0.294	0.319	0.282	0.334	0.228	0.367	0.217	0.276	0.242	0.295	0.302	2.009	0.399	0.166	0.187	-16514.690
64	16	500	500	0.5090	0.232	0.289	0.324	0.279	0.286	0.276	0.253	0.354	0.380	0.267	0.325	0.312	0.362	0.338	0.303	0.262	0.298	0.300	0.252	0.274	0.341	0.326	0.278	0.247	0.354	0.363	0.258	0.334	0.304	0.304	2.122	0.261	0.116	0.199	-16881.703
65	16	500	497	0.5105	0.264	0.372	0.330	0.270	0.256	0.254	0.244	0.331	0.307	0.294	0.256	0.324	0.284	0.253	0.224	0.268	0.287	0.211	0.277	0.278	0.379	0.318	0.259	0.273	0.277	0.285	0.287	0.262	0.272	0.277	2.010	0.364	0.154	0.203	-16219.235
66	16	500	500	0.5222	0.220	0.254	0.407	0.320	0.302	0.228	0.276	0.278	0.247	0.296	0.269	0.295	0.310	0.253	0.256	0.251	0.303	0.303	0.275	0.289	0.255	0.265	0.314	0.327	0.295	0.291	0.363	0.279	0.278	0.250	1.922	0.410	0.181	0.213	-16646.020
67	16	500	500	0.5093	0.299	0.286	0.303	0.325	0.283	0.300	0.259	0.288	0.300	0.368	0.301	0.290	0.223	0.318	0.264	0.327	0.277	0.278	0.338	0.337	0.297	0.276	0.250	0.297	0.323	0.315	0.287	0.309	0.319	0.282	1.979	0.451	0.217	0.195	-16769.073
68	16	500	500	0.5135	0.259	0.299	0.337	0.309	0.260	0.284	0.241	0.310	0.263	0.306	0.257	0.315	0.343	0.332	0.289	0.261	0.329	0.284	0.251	0.320	0.303	0.282	0.320	0.223	0.303	0.319	0.309	0.352	0.369	0.249	1.921	0.462	0.232	0.206	-16787.460
69	16	500	500	0.5091	0.303	0.298	0.310	0.348	0.335	0.286	0.269	0.326	0.310	0.288	0.315	0.243	0.247	0.265	0.304	0.296	0.344	0.358	0.280	0.316	0.304	0.332	0.305	0.249	0.358	0.297	0.352	0.344	0.342	0.272	1.934	0.444	0.241	0.191	-17000.853
70	16	500	500	0.5239	0.222	0.308	0.341	0.285	0.302	0.243	0.318	0.324	0.294	0.284	0.307	0.314	0.248	0.246	0.319	0.310	0.254	0.235	0.291	0.304	0.224	0.322	0.310	0.386	0.269	0.249	0.357	0.249	0.298	0.297	1.946	0.407	0.173	0.202	-16709.750
71	16	500	500	0.5195	0.323	0.314	0.344	0.320	0.348	0.269	0.321	0.330	0.272	0.312	0.289	0.290	0.313	0.318	0.268	0.291	0.323	0.323	0.295	0.355	0.271	0.382	0.290	0.275	0.306	0.351	0.255	0.247	0.304	0.314	2.015	0.454	0.252	0.196	-17181.560
72	16	500	500	0.5122	0.252	0.286	0.281	0.245	0.349	0.368	0.322	0.272	0.263	0.344	0.314	0.277	0.330	0.306	0.319	0.268	0.284	0.311	0.324	0.264	0.325	0.271	0.312	0.306	0.259	0.293	0.355	0.350	0.292	0.319	2.043	0.499	0.258	0.220	-17147.217
73	16	500	500	0.5100	0.344	0.323	0.246	0.274	0.320	0.309	0.298	0.342	0.339	0.248	0.314	0.340	0.271	0.339	0.336	0.295	0.345	0.326	0.320	0.254	0.288	0.327	0.325	0.359	0.234	0.307	0.317	0.304	0.328	0.289	1.972	0.355	0.216	0.197	-17223.762
74	16	500	500	0.5080	0.223	0.269	0.358	0.281	0.262	0.333	0.269	0.315	0.397	0.279	0.335	0.330	0.248	0.305	0.261	0.299	0.226	0.275	0.317	0.332	0.256	0.316	0.328	0.292	0.266	0.255	0.258	0.317	0.374	0.306	1.882	0.343	0.162	0.204	-16807.825
75	16	500	500	0.5230	0.314	0.267	0.244	0.260	0.303	0.275	0.274	0.275	0.307	0.305	0.333	0.277	0.268	0.315	0.313	0.292	0.256	0.319	0.343	0.239	0.313	0.286	0.329	0.250	0.275	0.354	0.221	0.279	0.357	0.280	2.137	0.473	0.278	0.203	-16653.970
76	16	500	499	0.5075	0.241	0.269	0.316	0.296	0.250	0.306	0.299	0.239	0.295	0.312	0.258	0.325	0.343	0.301	0.356	0.235	0.283	0.259	0.323	0.243	0.260	0.264	0.265	0.276	0.363	0.295	0.372	0.365	0.272	0.280	2.129	0.261	0.146	0.205	-16607.179
77	16	500	500	0.5126	0.332	0.286	0.312	0.283	0.306	0.317	0.330	0.297	0.341	0.306	0.262	0.282	0.342	0.314	0.260	0.277	0.236	0.331	0.277	0.337	0.297	0.296	0.328	0.366	0.311	0.315	0.304	0.283	0.343	0.277	1.944	0.466	0.249	0.188	-16943.717
78	16	500	500	0.5209	0.267	0.331	0.266	0.340	0.369	0.309	0.287	0.338	0.314	0.300	0.309	0.289	0.349	0.273	0.263	0.265	0.262	0.262	0.289	0.282	0.343	0.323	0.310	0.285	0.350	0.312	0.291	0.259	0.248	0.294	2.134	0.379	0.222	0.196	-16994.380
79	16	500	500	0.5128	0.277	0.300	0.364	0.307	0.292	0.288	0.280	0.260	0.309	0.267	0.283	0.258	0.311	0.360	0.271	0.206	0.193	0.304	0.321	0.323	0.277	0.325	0.271	0.358	0.288	0.346	0.282	0.262	0.284	0.284	2.073	0.416	0.202	0.205	-16600.984
80	16	500	500	0.5011	0.298	0.252	0.225	0.293	0.295	0.309	0.278	0.302	0.260	0.314	0.334	0.282	0.302	0.288	0.332	0.261	0.384	0.278	0.348	0.330	0.241	0.292	0.337	0.281	0.341	0.330	0.274	0.306	0.338	0.247	1.849	0.316	0.168	0.201	-16900.589
81	16	500	500	0.5065	0.274	0.359	0.370	0.311	0.334	0.305	0.340	0.280	0.333	0.308	0.260	0.287	0.333	0.367	0.268	0.273	0.385	0.275	0.264	0.311	0.331	0.274	0.326	0.347	0.358	0.260	0.277	0.333	0.343	0.322	1.959	0.341	0.217	0.202	-17442.390
82	16	500	500	0.5318	0.285	0.270	0.306	0.292	0.299	0.324	0.276	0.288	0.318	0.247	0.342	0.290	0.260	0.245	0.304	0.306	0.286	0.246	0.354	0.285	0.262	0.318	0.263	0.323	0.259	0.264	0.265	0.347	0.278	0.329	2.069	0.378	0.182	0.193	-16625.394
83	16	500	498	0.5112	0.310	0.294	0.326	0.267	0.301	0.252	0.285	0.282	0.219	0.313	0.324	0.289	0.336	0.338	0.347	0.248	0.334	0.303	0.315	0.277	0.303	0.352	0.351	0.263	0.239	0.320	0.250	0.337	0.307	0.353	1.909	0.481	0.254	0.214	-17127.831
84	16	500	500	0.5094	0.315	0.320	0.293	0.294	0.305	0.263	0.295	0.349	0.340	0.279	0.291	0.304	0.306	0.281	0.282	0.289	0.270	0.298	0.299	0.322	0.294	0.237	0.289	0.268	0.352	0.294	0.265	0.383	0.280	0.261	2.072	0.426	0.211	0.187	-16646.227
85	16	500	500	0.5222	0.242	0.257	0.265	0.331	0.296	0.330	0.231	0.313	0.309	0.350	0.300	0.308	0.327	0.311	0.311	0.234	0.268	0.273	0.329	0.349	0.269	0.265	0.261	0.331	0.225	0.311	0.302	0.274	0.268	0.307	1.825	0.344	0.164	0.194	-16731.844
86	16	500	500	0.5142	0.229	0.268	0.322	0.360	0.315	0.269	0.313	0.354	0.226	0.350	0.341	0.261	0.312	0.314	0.297	0.234	0.357	0.270	0.309	0.326	0.391	0.302	0.280	0.299	0.340	0.275	0.324	0.320	0.325	0.287	1.954	0.291	0.165	0.192	-16993.176
87	16	500	500	0.5297	0.274	0.331	0.358	0.326	0.343	0.274	0.345	0.303	0.335	0.291	0.350	0.310	0.274	0.289	0.257	0.273	0.320	0.361	0.255	0.342	0.251	0.309	0.281	0.394	0.251	0.336	0.301	0.352	0.300	0.326	2.008	0.377	0.218	0.179	-17107.905
88	16	500	499	0.5127	0.277	0.255	0.305	0.304	0.303	0.341	0.265	0.294	0.321	0.359	0.336	0.294	0.318	0.276	0.348	0.328	0.402	0.276	0.349	0.340	0.325	0.294	0.264	0.275	0.285	0.304	0.274	0.291	0.282	0.328	1.957	0.506	0.301	0.174	-16991.392
89	16	500	500	0.5046	0.271	0.266	0.326	0.310	0.225	0.283	0.278	0.289	0.242	0.285	0.288	0.358	0.340	0.355	0.307	0.258	0.260	0.315	0.309	0.320	0.309	0.294	0.312	0.325	0.292	0.294	0.294	0.331	0.265	0.330	1.929	0.243	0.116	0.206	-17029.034
90	16	500	500	0.5178	0.278	0.274	0.293	0.288	0.291	0.209	0.329	0.383	0.359	0.268	0.318	0.274	0.342	0.302	0.308	0.237	0.352	0.341	0.362	0.325	0.245	0.279	0.314	0.305	0.421	0.342	0.270	0.277	0.343	0.282	1.978	0.420	0.249	0.187	-17057.432
91	16	500	500	0.4962	0.194	0.281	0.339	0.337	0.244	0.259	0.311	0.313	0.340	0.327	0.262	0.333	0.264	0.322	0.298	0.245	0.324	0.227	0.273	0.337	0.370	0.285	0.244	0.327	0.317	0.289	0.286	0.282	0.314	0.326	2.032	0.432	0.228	0.195	-16717.203
92	16	500	500	0.5272	0.284	0.259	0.310	0.255	0.295	0.273	0.274	0.281	0.262	0.321	0.307	0.323	0.291	0.263	0.322	0.304	0.302	0.268	0.293	0.291	0.328	0.298	0.312	0.268	0.346	0.276	0.244	0.236	0.332	0.296	1.849	0.443	0.205	0.196	-16615.754
93	16	500	500	0.5273	0.250	0.273	0.350	0.325	0.276	0.298	0.304	0.308	0.279	0.330	0.322	0.270	0.316	0.348	0.361	0.287	0.357	0.346	0.323	0.251	0.294	0.284	0.300	0.254	0.276	0.304	0.317	0.321	0.260	0.359	1.939	0.431	0.254	0.200	-17179.213
94	16	500	499	0.5350	0.281	0.286	0.241	0.340	0.285	0.283	0.283	0.320	0.338	0.260	0.308	0.284	0.230	0.286	0.295	0.320	0.271	0.336	0.320	0.230	0.273	0.284	0.281	0.256	0.271	0.250	0.315	0.260	0.295	0.239	1.963	0.528	0.221	0.197	-16433.576
95	16	500	500	0.5150	0.245	0.354	0.285	0.283	0.336	0.298	0.308	0.274	0.319	0.339	0.333	0.321	0.306	0.282	0.299	0.256	0.344	0.260	0.366	0.282	0.283	0.289	0.306	0.273	0.262	0.273	0.349	0.286	0.299	0.354	2.103	0.356	0.186	0.198	-16985.954
96	16	500	499	0.5108	0.283	0.227	0.250	0.312	0.283	0.296	0.252	0.323	0.319	0.353	0.339	0.320	0.289	0.385	0.348	0.251	0.286	0.243	0.303	0.360	0.270	0.343	0.312	0.341	0.246	0.307	0.283	0.294	0.315	0.282	1.996	0.493	0.232	0.203	-16923.882
97	16	500	500	0.5182	0.293	0.343	0.305	0.267	0.259	0.247	0.255	0.270	0.244	0.325	0.304	0.236	0.291	0.238	0.380	0.244	0.325	0.294	0.308	0.328	0.283	0.315	0.309	0.300	0.323	0.271	0.312	0.294	0.313	0.303	2.160	0.346	0.165	0.210	-16662.178
98	16	500	500	0.5112	0.276	0.365	0.208	0.248	0.322	0.336	0.355	0.263	0.262	0.245	0.287	0.238	0.364	0.353	0.296	0.249	0.295	0.272	0.292	0.304	0.315	0.331	0.289	0.268	0.307	0.321	0.297	0.391	0.306	0.314	1.993	0.459	0.234	0.183	-16764.902
99	16	500	499	0.5185	0.282	0.269	0.314	0.274	0.303	0.297	0.276	0.244	0.301	0.271	0.339	0.262	0.195	0.339	0.285	0.253	0.368	0.349	0.317	0.296	0.272	0.311	0.286	0.206	0.303	0.273	0.284	0.335	0.285	0.335	2.026	0.404	0.208	0.187	-16625.668
100	16	500	500	0.5091	0.250	0.326	0.350	0.310	0.273	0.291	0.230	0.253	0.246	0.308	0.325	0.328	0.303	0.317	0.308	0.292	0.261	0.275	0.293	0.241	0.296	0.349	0.284	0.374	0.288	0.291	0.285	0.366	0.261	0.288	1.942	0.419	0.230	0.180	-16482.658
101	16	500	500	0.5178	0.341	0.281	0.277	0.328	0.273	0.276	0.283	0.264	0.378	0.335	0.290	0.248	0.237	0.336	0.267	0.311	0.210	0.291	0.359	0.312	0.297	0.272	0.304	0.264	0.303	0.342	0.339	0.325	0.310	0.253	1.947	0.316	0.147	0.204	-16843.317
102	16	500	500	0.5336	0.383	0.318	0.232	0.336	0.320	0.409	0.347	0.304	0.310	0.310	0.318	0.315	0.326	0.263	0.259	0.304	0.252	0.255	0.299	0.302	0.308	0.241	0.332	0.250	0.345	0.286	0.301	0.324	0.300	0.337	2.166	0.362	0.208	0.199	-17124.803
103	16	500	499	0.5049	0.291	0.328	0.343	0.290	0.344	0.333	0.258	0.375	0.276	0.302	0.333	0.276	0.321	0.247	0.294	0.291	0.227	0.303	0.287	0.364	0.253	0.325	0.287	0.275	0.306	0.318	0.272	0.347	0.275	0.333	2.027	0.395	0.217	0.203	-17003.456
104	16	500	500	0.5229	0.286	0.273	0.278	0.295	0.309	0.298	0.289	0.234	0.340	0.287	0.244	0.289	0.285	0.342	0.344	0.286	0.339	0.319	0.327	0.305	0.296	0.315	0.263	0.245	0.328	0.305	0.332	0.314	0.290	0.338	1.965	0.299	0.165	0.201	-16989.266
105	16	500	500	0.5078	0.302	0.296	0.280	0.252	0.261	0.370	0.303	0.258	0.319	0.310	0.286	0.289	0.241	0.330	0.313	0.268	0.357	0.252	0.292	0.300	0.379	0.264	0.314	0.271	0.335	0.301	0.301	0.303	0.292	0.288	2.037	0.456	0.246	0.201	-16823.660
106	16	500	499	0.5212	0.295	0.282	0.277	0.300	0.270	0.277	0.341	0.264	0.348	0.364	0.316	0.316	0.259	0.261	0.348	0.332	0.291	0.275	0.341	0.276	0.313	0.242	0.316	0.290	0.283	0.275	0.305	0.187	0.286	0.294	1.871	0.386	0.176	0.191	-16658.092
107	16	500	499	0.4992	0.228	0.361	0.296	0.300	0.302	0.326	0.294	0.303	0.262	0.282	0.340	0.291	0.340	0.294	0.297	0.286	0.302	0.248	0.312	0.326	0.302	0.261	0.307	0.354	0.291	0.329	0.237	0.336	0.258	0.334	2.055	0.441	0.216	0.201	-16825.992
108	16	500	500	0.5146	0.220	0.307	0.223	0.316	0.253	0.299	0.259	0.259	0.256	0.366	0.347	0.273	0.321	0.288	0.303	0.282	0.187	0.284	0.336	0.310	0.304	0.235	0.323	0.258	0.290	0.291	0.234	0.340	0.319	0.267	2.011	0.512	0.219	0.212	-16455.907
109	16	500	499	0.5245	0.316	0.310	0.306	0.289	0.329	0.343	0.276	0.308	0.314	0.260	0.328	0.373	0.290	0.302	0.275	0.273	0.263	0.309	0.326	0.313	0.311	0.277	0.340	0.323	0.316	0.321	0.310	0.337	0.269	0.292	1.990	0.402	0.218	0.187	-17062.171
110	16	500	500	0.5158	0.294	0.253	0.248	0.265	0.334	0.281	0.313	0.324	0.360	0.234	0.306	0.325	0.292	0.252	0.338	0.259	0.373	0.339	0.349	0.229	0.263	0.319	0.280	0.236	0.328	0.287	0.249	0.305	0.313	0.254	1.947	0.376	0.189	0.198	-16793.257
111	16	500	500	0.5020	0.254	0.312	0.253	0.287	0.285	0.344	0.335	0.372	0.323	0.242	0.317	0.301	0.288	0.306	0.253	0.297	0.368	0.300	0.264	0.298	0.312	0.349	0.225	0.326	0.209	0.339	0.301	0.321	0.229	0.319	1.972	0.484	0.236	0.207	-16732.549
112	16	500	500	0.5203	0.241	0.334	0.288	0.233	0.323	0.353	0.332	0.282	0.339	0.251	0.344	0.307	0.285	0.296	0.290	0.249	0.347	0.302	0.317	0.259	0.286	0.288	0.305	0.389	0.275	0.324	0.252	0.315	0.298	0.293	2.080	0.392	0.200	0.204	-16836.971
113	16	500	499	0.5063	0.271	0.352	0.342	0.349	0.280	0.298	0.322	0.281	0.340	0.409	0.250	0.304	0.284	0.360	0.240	0.266	0.273	0.265	0.298	0.284	0.329	0.305	0.317	0.279	0.241	0.314	0.352	0.343	0.312	0.267	1.892	0.384	0.204	0.210	-17182.140
114	16	500	499	0.5045	0.298	0.358	0.269	0.363	0.300	0.246	0.334	0.300	0.255	0.287	0.257	0.273	0.395	0.262	0.253	0.308	0.253	0.237	0.285	0.281	0.321	0.297	0.310	0.318	0.339	0.283	0.316	0.266	0.291	0.300	2.025	0.468	0.229	0.193	-16573.111
115	16	500	500	0.4975	0.298	0.261	0.321	0.318	0.358	0.271	0.270	0.345	0.357	0.362	0.228	0.336	0.317	0.300	0.324	0.271	0.346	0.301	0.353	0.284	0.337	0.355	0.298	0.311	0.322	0.332	0.255	0.267	0.323	0.325	2.075	0.472	0.281	0.195	-17174.560
116	16	500	498	0.5295	0.268	0.361	0.267	0.316	0.324	0.240	0.357	0.256	0.216	0.344	0.291	0.265	0.318	0.283	0.319	0.339	0.248	0.298	0.276	0.305	0.316	0.281	0.318	0.263	0.288	0.295	0.280	0.300	0.294	0.251	2.013	0.446	0.193	0.203	-16652.309
117	16	500	500	0.5027	0.257	0.264	0.309	0.360	0.267	0.308	0.347	0.293	0.344	0.282	0.298	0.270	0.232	0.311	0.294	0.274	0.317	0.302	0.311	0.271	0.277	0.275	0.330	0.361	0.284	0.324	0.284	0.294	0.311	0.307	1.921	0.398	0.213	0.193	-16899.340
118	16	500	500	0.5046	0.323	0.304	0.420	0.278	0.276	0.287	0.288	0.291	0.329	0.266	0.279	0.301	0.248	0.299	0.266	0.271	0.399	0.283	0.233	0.281	0.334	0.300	0.278	0.201	0.310	0.319	0.282	0.395	0.290	0.274	1.872	0.390	0.181	0.189	-16624.152
119	16	500	500	0.5090	0.295	0.328	0.261	0.367	0.294	0.349	0.274	0.306	0.333	0.303	0.330	0.294	0.239	0.285	0.302	0.266	0.296	0.330	0.274	0.243	0.329	0.329	0.255	0.246	0.320	0.341	0.302	0.318	0.302	0.341	2.069	0.327	0.170	0.200	-16922.469
120	16	500	500	0.5195	0.236	0.312	0.326	0.281	0.314	0.282	0.329	0.352	0.298	0.317	0.316	0.258	0.293	0.331	0.328	0.294	0.196	0.247	0.289	0.283	0.232	0.312	0.309	0.364	0.334	0.362	0.225	0.265	0.310	0.285	1.977	0.320	0.187	0.192	-16849.192
121	16	500	500	0.5064	0.224	0.248	0.388	0.316	0.327	0.272	0.334	0.290	0.307	0.277	0.315	0.296	0.292	0.363	0.307	0.215	0.321	0.291	0.293	0.301	0.279	0.303	0.273	0.347	0.343	0.317	0.302	0.261	0.330	0.316	1.970	0.466	0.239	0.200	-17004.041
122	16	500	500	0.5145	0.293	0.288	0.228	0.270	0.353	0.336	0.278	0.289	0.308	0.355	0.253	0.301	0.270	0.313	0.291	0.285	0.287	0.299	0.303	0.290	0.281	0.286	0.372	0.320	0.317	0.315	0.336	0.321	0.311	0.274	1.963	0.389	0.217	0.203	-17019.544
123	16	500	500	0.4962	0.357	0.313	0.372	0.295	0.251	0.285	0.355	0.312	0.321	0.358	0.292	0.354	0.275	0.334	0.328	0.264	0.259	0.395	0.321	0.272	0.287	0.287	0.278	0.299	0.251	0.328	0.242	0.330	0.342	0.332	2.028	0.339	0.176	0.212	-17228.431
124	16	500	500	0.5222	0.264	0.339	0.326	0.289	0.324	0.314	0.301	0.246	0.318	0.275	0.247	0.360	0.294	0.309	0.328	0.221	0.328	0.317	0.316	0.206	0.263	0.316	0.265	0.275	0.343	0.294	0.308	0.297	0.314	0.329	2.025	0.378	0.181	0.198	-16808.251
125	16	500	498	0.5047	0.235	0.312	0.323	0.278	0.301	0.233	0.269	0.280	0.278	0.303	0.373	0.360	0.314	0.327	0.330	0.305	0.306	0.318	0.307	0.312	0.338	0.253	0.346	0.296	0.282	0.238	0.321	0.326	0.325	0.290	2.032	0.413	0.203	0.200	-17105.494
126	16	500	500	0.5210	0.304	0.311	0.268	0.275	0.323	0.291	0.299	0.293	0.236	0.305	0.306	0.256	0.339	0.239	0.316	0.274	0.332	0.295	0.269	0.246	0.283	0.317	0.304	0.357	0.298	0.306	0.275	0.289	0.288	0.300	1.974	0.294	0.140	0.203	-16744.293
127	16	500	500	0.5339	0.267	0.326	0.300	0.314	0.317	0.325	0.316	0.339	0.313	0.297	0.274	0.285	0.311	0.259	0.359	0.232	0.347	0.274	0.322	0.291	0.328	0.348	0.269	0.421	0.235	0.307	0.328	0.262	0.321	0.269	2.070	0.348	0.203	0.216	-17347.280
128	16	500	500	0.5008	0.315	0.275	0.287	0.258	0.284	0.223	0.361	0.274	0.268	0.360	0.295	0.274	0.291	0.276	0.280	0.266	0.292	0.329	0.304	0.300	0.244	0.346	0.291	0.356	0.283	0.259	0.299	0.287	0.337	0.267	1.997	0.440	0.184	0.209	-16664.847
129	16	500	500	0.5136	0.282	0.261	0.294	0.281	0.293	0.244	0.309	0.323	0.351	0.277	0.286	0.188	0.296	0.271	0.221	0.261	0.270	0.312	0.302	0.293	0.255	0.284	0.289	0.321	0.275	0.339	0.302	0.269	0.285	0.269	2.041	0.409	0.198	0.189	-16367.644
130	16	500	500	0.5129	0.350	0.290	0.284	0.316	0.315	0.264	0.335	0.269	0.272	0.231	0.296	0.353	0.307	0.376	0.263	0.317	0.293	0.252	0.333	0.423	0.294	0.326	0.294	0.330	0.325	0.264	0.324	0.290	0.267	0.316	1.832	0.474	0.276	0.196	-17125.941
131	16	500	500	0.5042	0.268	0.292	0.321	0.323	0.300	0.235	0.212	0.299	0.254	0.255	0.343	0.290	0.262	0.291	0.300	0.293	0.337	0.252	0.305	0.281	0.235	0.315	0.352	0.201	0.377	0.259	0.313	0.354	0.252	0.345	1.899	0.321	0.156	0.198	-16674.471
132	16	500	500	0.5170	0.315	0.328	0.243	0.360	0.268	0.354	0.299	0.318	0.353	0.301	0.290	0.265	0.262	0.352	0.310	0.331	0.247	0.264	0.310	0.297	0.266	0.311	0.328	0.233	0.310	0.270	0.298	0.294	0.313	0.232	2.013	0.432	0.190	0.219	-16930.565
133	16	500	500	0.5100	0.235	0.289	0.323	0.320	0.335	0.310	0.316	0.255	0.300	0.330	0.289	0.249	0.279	0.315	0.278	0.284	0.227	0.272	0.262	0.280	0.295	0.295	0.234	0.353	0.304	0.294	0.277	0.269	0.359	0.259	2.034	0.374	0.162	0.206	-16529.395
134	16	500	500	0.4993	0.300	0.278	0.266	0.260	0.299	0.275	0.291	0.299	0.380	0.295	0.320	0.253	0.247	0.237	0.229	0.261	0.318	0.346	0.285	0.275	0.310	0.318	0.372	0.311	0.325	0.355	0.266	0.268	0.292	0.311	2.024	0.378	0.171	0.199	-16632.830
135	16	500	500	0.4988	0.282	0.401	0.323	0.217	0.343	0.285	0.308	0.242	0.280	0.282	0.318	0.301	0.275	0.323	0.239	0.294	0.198	0.280	0.318	0.325	0.311	0.308	0.345	0.305	0.329	0.332	0.271	0.342	0.306	0.260	1.964	0.478	0.243	0.195	-16826.021
136	16	500	500	0.5101	0.284	0.364	0.351	0.311	0.327	0.338	0.340	0.318	0.227	0.395	0.313	0.279	0.259	0.282	0.288	0.293	0.308	0.279	0.344	0.234	0.274	0.284	0.277	0.304	0.268	0.253	0.293	0.309	0.261	0.288	2.008	0.418	0.212	0.222	-16952.151
137	16	500	500	0.5056	0.258	0.213	0.302	0.288	0.300	0.344	0.289	0.282	0.318	0.305	0.278	0.329	0.317	0.310	0.245	0.276	0.258	0.286	0.366	0.253	0.272	0.290	0.317	0.282	0.280	0.302	0.269	0.310	0.256	0.345	2.021	0.435	0.186	0.196	-16567.084
138	16	500	500	0.5028	0.315	0.292	0.284	0.258	0.326	0.248	0.339	0.283	0.250	0.244	0.309	0.316	0.286	0.297	0.279	0.322	0.239	0.340	0.245	0.280	0.310	0.291	0.307	0.240	0.311	0.298	0.316	0.317	0.322	0.259	2.008	0.216	0.105	0.204	-16623.123
139	16	500	500	0.5053	0.282	0.378	0.267	0.342	0.323	0.295	0.300	0.305	0.385	0.307	0.320	0.360	0.279	0.323	0.265	0.250	0.260	0.246	0.273	0.336	0.345	0.270	0.347	0.291	0.307	0.316	0.259	0.340	0.280	0.256	2.028	0.456	0.223	0.182	-16815.371
140	16	500	499	0.5280	0.230	0.326	0.301	0.305	0.321	0.268	0.317	0.297	0.303	0.241	0.271	0.314	0.334	0.299	0.262	0.258	0.292	0.304	0.295	0.258	0.323	0.326	0.302	0.315	0.292	0.334	0.307	0.367	0.294	0.258	2.105	0.326	0.163	0.204	-16880.134
141	16	500	500	0.5099	0.319	0.351	0.308	0.282	0.339	0.346	0.329	0.309	0.288	0.272	0.366	0.290	0.316	0.308	0.343	0.329	0.242	0.250	0.352	0.276	0.365	0.334	0.275	0.340	0.296	0.322	0.352	0.327	0.329	0.296	2.061	0.439	0.248	0.201	-17343.283
142	16	500	500	0.5295	0.260	0.311	0.245	0.343	0.295	0.364	0.249	0.383	0.267	0.243	0.252	0.234	0.296	0.313	0.313	0.257	0.226	0.277	0.308	0.289	0.325	0.255	0.289	0.325	0.340	0.288	0.273	0.297	0.274	0.324	1.871	0.433	0.187	0.196	-16669.221
143	16	500	500	0.5147	0.278	0.378	0.270	0.311	0.280	0.304	0.305	0.318	0.295	0.333	0.261	0.268	0.329	0.262	0.366	0.233	0.272	0.286	0.284	0.278	0.372	0.303	0.291	0.301	0.311	0.295	0.272	0.311	0.279	0.296	2.073	0.340	0.168	0.195	-16759.171
144	16	500	500	0.5237	0.301	0.231	0.267	0.319	0.281	0.274	0.310	0.289	0.252	0.341	0.254	0.272	0.328	0.351	0.278	0.246	0.251	0.303	0.323	0.348	0.349	0.312	0.307	0.323	0.301	0.280	0.331	0.363	0.290	0.330	1.817	0.298	0.156	0.192	-16940.564
145	16	500	500	0.5056	0.271	0.376	0.247	0.279	0.312	0.296	0.339	0.315	0.278	0.252	0.294	0.274	0.327	0.302	0.285	0.304	0.352	0.300	0.325	0.358	0.335	0.301	0.283	0.271	0.350	0.381	0.253	0.269	0.250	0.243	2.005	0.394	0.215	0.202	-17020.638
146	16	500	499	0.4983	0.261	0.272	0.328	0.235	0.300	0.300	0.293	0.245	0.213	0.318	0.270	0.336	0.318	0.292	0.277	0.327	0.286	0.290	0.299	0.310	0.344	0.276	0.249	0.277	0.312	0.302	0.301	0.317	0.319	0.344	1.921	0.333	0.189	0.202	-16735.279
147	16	500	500	0.5199	0.289	0.307	0.356	0.262	0.309	0.247	0.271	0.279	0.317	0.304	0.323	0.296	0.320	0.333	0.282	0.306	0.314	0.235	0.311	0.266	0.233	0.325	0.291	0.370	0.276	0.298	0.328	0.291	0.285	0.326	1.939	0.343	0.168	0.191	-16779.707
148	16	500	500	0.5162	0.248	0.333	0.356	0.307	0.318	0.297	0.336	0.368	0.273	0.249	0.321	0.338	0.384	0.319	0.293	0.259	0.359	0.287	0.298	0.316	0.287	0.316	0.262	0.304	0.335	0.331	0.322	0.271	0.389	0.303	1.911	0.293	0.171	0.200	-17325.068
149	16	500	500	0.5312	0.311	0.360	0.327	0.214	0.416	0.297	0.237	0.275	0.353	0.298	0.300	0.288	0.331	0.268	0.305	0.299	0.294	0.233	0.273	0.330	0.301	0.322	0.321	0.270	0.318	0.285	0.345	0.288	0.374	0.234	2.000	0.469	0.232	0.200	-16966.150
150	16	500	500	0.5038	0.236	0.260	0.303	0.274	0.283	0.313	0.347	0.311	0.341	0.296	0.315	0.327	0.272	0.323	0.357	0.299	0.385	0.298	0.312	0.236	0.343	0.277	0.336	0.194	0.335	0.284	0.330	0.318	0.376	0.263	2.041	0.363	0.183	0.188	-16952.906
151	16	500	500	0.5121	0.297	0.303	0.306	0.292	0.230	0.286	0.301	0.302	0.317	0.296	0.302	0.315	0.264	0.304	0.252	0.296	0.328	0.354	0.274	0.380	0.281	0.301	0.269	0.280	0.312	0.213	0.332	0.314	0.355	0.301	2.092	0.278	0.143	0.193	-16853.964
152	16	500	500	0.4990	0.289	0.297	0.295	0.317	0.294	0.329	0.302	0.259	0.236	0.284	0.272	0.273	0.352	0.335	0.280	0.294	0.344	0.235	0.297	0.273	0.264	0.311	0.274	0.264	0.256	0.357	0.331	0.322	0.252	0.279	2.074	0.490	0.247	0.187	-16427.307
153	16	500	500	0.5129	0.301	0.320	0.275	0.308	0.312	0.264	0.320	0.300	0.295	0.315	0.263	0.273	0.266	0.281	0.355	0.225	0.207	0.340	0.282	0.275	0.277	0.275	0.306	0.373	0.257	0.313	0.325	0.273	0.264	0.322	2.089	0.466	0.209	0.214	-16749.703
154	16	500	500	0.5081	0.310	0.285	0.271	0.348	0.293	0.304	0.295	0.283	0.273	0.315	0.322	0.280	0.277	0.274	0.285	0.249	0.337	0.227	0.251	0.289	0.302	0.303	0.254	0.318	0.332	0.257	0.294	0.269	0.232	0.303	1.894	0.246	0.102	0.201	-16590.982
155	16	500	500	0.5157	0.293	0.342	0.316	0.316	0.346	0.295	0.326	0.284	0.162	0.267	0.231	0.303	0.318	0.316	0.322	0.356	0.286	0.241	0.275	0.275	0.301	0.294	0.276	0.372	0.261	0.310	0.307	0.372	0.342	0.294	1.904	0.503	0.211	0.197	-16827.819
156	16	500	499	0.5124	0.275	0.274	0.312	0.311	0.293	0.280	0.349	0.257	0.248	0.303	0.261	0.319	0.317	0.310	0.303	0.231	0.275	0.316	0.295	0.258	0.277	0.309	0.343	0.326	0.278	0.307	0.337	0.335	0.346	0.290	2.011	0.469	0.222	0.199	-16843.637
157	16	500	497	0.5366	0.264	0.289	0.297	0.328	0.280	0.279	0.282	0.289	0.230	0.289	0.338	0.295	0.340	0.349	0.299	0.317	0.292	0.279	0.317	0.325	0.256	0.340	0.294	0.365	0.349	0.284	0.308	0.295	0.271	0.312	1.822	0.398	0.211	0.198	-16965.861
158	16	500	498	0.5147	0.210	0.283	0.267	0.280	0.308	0.315	0.288	0.238	0.295	0.373	0.244	0.279	0.243	0.275	0.295	0.215	0.354	0.298	0.263	0.253	0.302	0.268	0.297	0.326	0.350	0.291	0.244	0.230	0.324	0.265	2.013	0.323	0.140	0.205	-16217.824
159	16	500	500	0.5215	0.271	0.239	0.331	0.316	0.354	0.313	0.261	0.281	0.285	0.376	0.307	0.276	0.309	0.202	0.321	0.278	0.280	0.315	0.308	0.299	0.249	0.301	0.396	0.318	0.332	0.280	0.258	0.344	0.347	0.280	1.934	0.386	0.214	0.195	-17023.330
160	16	500	499	0.5086	0.289	0.403	0.284	0.291	0.341	0.283	0.345	0.282	0.265	0.270	0.296	0.285	0.280	0.275	0.270	0.278	0.364	0.378	0.357	0.294	0.235	0.290	0.397	0.262	0.281	0.261	0.278	0.313	0.301	0.285	1.929	0.437	0.212	0.201	-16920.210
161	16	500	500	0.5189	0.294	0.223	0.333	0.252	0.307	0.293	0.364	0.322	0.343	0.265	0.338	0.280	0.352	0.339	0.330	0.243	0.260	0.218	0.327	0.315	0.311	0.372	0.264	0.318	0.327	0.274	0.274	0.358	0.319	0.301	1.981	0.465	0.257	0.216	-17155.848
162	16	500	500	0.5079	0.264	0.310	0.354	0.256	0.290	0.229	0.354	0.343	0.295	0.334	0.270	0.338	0.313	0.272	0.321	0.358	0.388	0.275	0.319	0.329	0.290	0.337	0.296	0.269	0.304	0.316	0.292	0.282	0.327	0.385	1.871	0.428	0.226	0.201	-17134.162
163	16	500	500	0.5192	0.273	0.295	0.292	0.323	0.273	0.290	0.266	0.276	0.251	0.282	0.318	0.343	0.409	0.309	0.336	0.292	0.302	0.289	0.296	0.343	0.282	0.282	0.286	0.252	0.295	0.345	0.285	0.301	0.274	0.294	1.918	0.432	0.203	0.205	-16804.101
164	16	500	500	0.5150	0.358	0.236	0.327	0.303	0.358	0.312	0.323	0.325	0.282	0.280	0.393	0.266	0.317	0.274	0.344	0.288	0.359	0.288	0.310	0.338	0.299	0.256	0.341	0.283	0.255	0.319	0.378	0.317	0.279	0.301	1.885	0.327	0.173	0.206	-17389.179
165	16	500	500	0.5224	0.262	0.358	0.349	0.282	0.282	0.317	0.300	0.333	0.230	0.265	0.300	0.285	0.241	0.289	0.280	0.293	0.336	0.326	0.293	0.293	0.273	0.317	0.306	0.342	0.257	0.315	0.293	0.343	0.351	0.271	2.118	0.420	0.225	0.199	-16870.643
166	16	500	500	0.5086	0.262	0.318	0.306	0.318	0.287	0.297	0.362	0.291	0.296	0.311	0.303	0.288	0.307	0.350	0.307	0.323	0.339	0.267	0.302	0.285	0.358	0.290	0.344	0.253	0.327	0.291	0.279	0.278	0.260	0.329	2.018	0.406	0.225	0.213	-17212.509
167	16	500	499	0.5208	0.273	0.310	0.326	0.267	0.266	0.323	0.279	0.249	0.319	0.227	0.300	0.326	0.273	0.324	0.249	0.233	0.327	0.324	0.239	0.316	0.306	0.275	0.308	0.245	0.278	0.299	0.293	0.297	0.297	0.274	2.051	0.352	0.145	0.205	-16485.717
168	16	500	500	0.4991	0.311	0.359	0.198	0.314	0.285	0.326	0.293	0.296	0.355	0.259	0.287	0.272	0.256	0.368	0.243	0.248	0.294	0.322	0.332	0.305	0.279	0.274	0.321	0.244	0.251	0.290	0.297	0.314	0.304	0.311	2.052	0.423	0.207	0.206	-16679.400
169	16	500	500	0.5062	0.311	0.293	0.246	0.312	0.343	0.323	0.298	0.346	0.316	0.234	0.250	0.307	0.272	0.286	0.254	0.294	0.355	0.277	0.379	0.292	0.270	0.318	0.355	0.260	0.300	0.284	0.354	0.237	0.280	0.261	1.983	0.484	0.281	0.232	-16991.585
170	16	500	500	0.5250	0.332	0.278	0.249	0.299	0.341	0.334	0.269	0.298	0.325	0.278	0.366	0.318	0.346	0.260	0.344	0.325	0.255	0.322	0.335	0.246	0.276	0.283	0.309	0.269	0.374	0.323	0.247	0.267	0.322	0.270	2.039	0.406	0.205	0.205	-16889.568
171	16	500	500	0.5193	0.241	0.289	0.311	0.297	0.279	0.357	0.340	0.314	0.363	0.340	0.295	0.325	0.223	0.266	0.278	0.273	0.285	0.287	0.316	0.290	0.316	0.260	0.285	0.297	0.307	0.282	0.306	0.290	0.286	0.301	1.903	0.398	0.212	0.199	-16841.892
172	16	500	498	0.5220	0.343	0.268	0.272	0.287	0.313	0.388	0.337	0.281	0.361	0.240	0.243	0.341	0.344	0.304	0.296	0.300	0.370	0.298	0.357	0.315	0.320	0.359	0.305	0.225	0.263	0.324	0.288	0.314	0.336	0.275	2.028	0.333	0.163	0.199	-17109.884
173	16	500	500	0.4872	0.328	0.340	0.310	0.409	0.276	0.329	0.286	0.375	0.309	0.348	0.304	0.274	0.328	0.335	0.272	0.321	0.260	0.278	0.262	0.341	0.326	0.318	0.283	0.227	0.296	0.283	0.348	0.333	0.244	0.338	2.054	0.344	0.203	0.187	-17068.827
174	16	500	500	0.5052	0.221	0.288	0.342	0.306	0.339	0.283	0.284	0.265	0.301	0.302	0.300	0.319	0.283	0.283	0.280	0.269	0.344	0.317	0.300	0.305	0.294	0.260	0.306	0.229	0.257	0.325	0.277	0.293	0.306	0.295	2.029	0.384	0.174	0.213	-16783.767
175	16	500	500	0.5216	0.224	0.320	0.265	0.262	0.270	0.322	0.279	0.298	0.249	0.297	0.355	0.309	0.278	0.301	0.275	0.225	0.295	0.284	0.269	0.322	0.237	0.257	0.342	0.326	0.297	0.267	0.295	0.279	0.225	0.285	1.928	0.323	0.144	0.211	-16466.719
176	16	500	500	0.5207	0.301	0.260	0.333	0.275	0.357	0.400	0.307	0.244	0.274	0.326	0.338	0.270	0.290	0.283	0.319	0.208	0.262	0.274	0.304	0.272	0.278	0.313	0.288	0.261	0.363	0.306	0.250	0.272	0.280	0.349	2.015	0.515	0.257	0.208	-16835.378
177	16	500	500	0.5234	0.283	0.303	0.269	0.284	0.314	0.309	0.315	0.362	0.288	0.298	0.295	0.334	0.331	0.316	0.282	0.336	0.332	0.287	0.288	0.289	0.277	0.327	0.322	0.352	0.343	0.281	0.302	0.329	0.318	0.318	2.021	0.410	0.214	0.198	-17055.817
178	16	500	500	0.5087	0.298	0.228	0.257	0.314	0.288	0.323	0.315	0.237	0.260	0.387	0.315	0.289	0.341	0.335	0.294	0.269	0.304	0.247	0.337	0.287	0.358	0.312	0.333	0.290	0.349	0.334	0.285	0.353	0.292	0.302	2.000	0.421	0.256	0.191	-17085.630
179	16	500	500	0.5021	0.197	0.336	0.317	0.321	0.348	0.303	0.337	0.273	0.306	0.359	0.418	0.286	0.313	0.338	0.334	0.253	0.342	0.319	0.287	0.292	0.331	0.306	0.340	0.242	0.400	0.264	0.357	0.311	0.398	0.247	1.873	0.428	0.238	0.191	-17394.159
180	16	500	500	0.5265	0.237	0.257	0.343	0.355	0.295	0.338	0.293	0.263	0.300	0.307	0.305	0.263	0.294	0.285	0.338	0.308	0.260	0.315	0.335	0.328	0.286	0.360	0.280	0.406	0.253	0.297	0.371	0.340	0.316	0.333	2.006	0.270	0.161	0.187	-17172.545
181	16	500	500	0.5287	0.231	0.285	0.248	0.291	0.261	0.313	0.248	0.296	0.304	0.287	0.307	0.264	0.345	0.289	0.296	0.264	0.281	0.312	0.310	0.247	0.325	0.267	0.309	0.312	0.280	0.290	0.307	0.302	0.323	0.294	1.911	0.404	0.183	0.213	-16696.228
182	16	500	499	0.5120	0.276	0.259	0.335	0.315	0.337	0.291	0.272	0.280	0.265	0.321	0.252	0.305	0.333	0.402	0.253	0.222	0.276	0.333	0.323	0.329	0.321	0.260	0.308	0.315	0.289	0.341	0.327	0.261	0.337	0.291	1.919	0.472	0.234	0.183	-16851.080
183	16	500	500	0.5128	0.283	0.283	0.330	0.348	0.351	0.251	0.295	0.319	0.258	0.362	0.272	0.310	0.314	0.254	0.292	0.331	0.340	0.359	0.331	0.284	0.323	0.271	0.294	0.253	0.302	0.309	0.320	0.324	0.305	0.279	1.968	0.433	0.252	0.179	-16956.389
184	16	500	499	0.5312	0.365	0.187	0.344	0.321	0.258	0.277	0.328	0.296	0.300	0.335	0.287	0.275	0.265	0.313	0.295	0.274	0.248	0.255	0.290	0.294	0.360	0.283	0.261	0.305	0.251	0.302	0.223	0.314	0.303	0.313	1.930	0.455	0.225	0.202	-16670.882
185	16	500	499	0.5058	0.210	0.295	0.335	0.304	0.284	0.288	0.268	0.318	0.325	0.252	0.340	0.316	0.322	0.212	0.354	0.253	0.285	0.363	0.295	0.382	0.244	0.263	0.317	0.330	0.255	0.278	0.254	0.303	0.281	0.298	2.034	0.360	0.183	0.204	-16646.956
186	16	500	500	0.5221	0.289	0.314	0.313	0.319	0.238	0.292	0.297	0.261	0.286	0.242	0.352	0.358	0.268	0.263	0.289	0.291	0.364	0.253	0.349	0.226	0.344	0.276	0.285	0.231	0.305	0.269	0.338	0.225	0.305	0.238	2.063	0.492	0.194	0.204	-16397.936
187	16	500	500	0.5151	0.279	0.370	0.311	0.333	0.280	0.267	0.293	0.268	0.308	0.319	0.313	0.295	0.331	0.316	0.255	0.286	0.268	0.328	0.306	0.308	0.303	0.295	0.311	0.339	0.240	0.243	0.356	0.320	0.303	0.271	1.811	0.444	0.220	0.199	-16960.117
188	16	500	500	0.5103	0.270	0.320	0.292	0.364	0.314	0.238	0.270	0.278	0.286	0.316	0.289	0.358	0.278	0.351	0.335	0.324	0.308	0.302	0.258	0.297	0.354	0.273	0.311	0.333	0.332	0.284	0.325	0.248	0.361	0.285	1.945	0.339	0.186	0.191	-17006.305
189	16	500	500	0.5140	0.330	0.288	0.297	0.318	0.291	0.256	0.294	0.304	0.337	0.367	0.305	0.293	0.287	0.314	0.318	0.243	0.316	0.325	0.291	0.275	0.317	0.282	0.320	0.258	0.303	0.345	0.300	0.312	0.337	0.297	1.964	0.373	0.183	0.205	-17037.290
190	16	500	499	0.5059	0.293	0.231	0.315	0.280	0.377	0.254	0.344	0.315	0.299	0.332	0.274	0.300	0.264	0.296	0.308	0.237	0.253	0.339	0.283	0.285	0.299	0.298	0.271	0.300	0.364	0.335	0.227	0.378	0.299	0.301	2.015	0.324	0.154	0.197	-16802.707
191	16	500	499	0.5068	0.274	0.361	0.314	0.267	0.319	0.269	0.271	0.314	0.274	0.270	0.326	0.336	0.226	0.314	0.277	0.258	0.351	0.216	0.298	0.267	0.299	0.377	0.271	0.310	0.291	0.299	0.246	0.245	0.310	0.267	1.937	0.298	0.143	0.196	-16633.249
192	16	500	500	0.4962	0.262	0.271	0.313	0.270	0.327	0.299	0.353	0.318	0.332	0.304	0.305	0.327	0.345	0.313	0.288	0.191	0.281	0.331	0.352	0.293	0.346	0.350	0.278	0.256	0.362	0.301	0.310	0.271	0.310	0.298	1.939	0.369	0.166	0.212	-17110.989
193	16	500	500	0.5059	0.306	0.287	0.359	0.286	0.284	0.325	0.323	0.349	0.339	0.285	0.268	0.311	0.377	0.239	0.324	0.291	0.343	0.274	0.327	0.333	0.269	0.345	0.307	0.177	0.273	0.339	0.339	0.313	0.253	0.284	1.949	0.351	0.169	0.184	-16872.672
194	16	500	500	0.5286	0.298	0.310	0.265	0.289	0.294	0.313	0.349	0.336	0.301	0.304	0.339	0.283	0.392	0.298	0.338	0.230	0.277	0.261	0.373	0.366	0.257	0.318	0.313	0.440	0.294	0.294	0.334	0.338	0.285	0.330	1.924	0.373	0.207	0.196	-17328.084
195	16	500	500	0.5137	0.305	0.295	0.343	0.321	0.306	0.299	0.339	0.290	0.255	0.356	0.299	0.329	0.343	0.276	0.274	0.295	0.287	0.318	0.265	0.274	0.322	0.246	0.266	0.250	0.311	0.286	0.295	0.300	0.284	0.344	2.089	0.442	0.209	0.208	-16835.795
196	16	500	500	0.5178	0.281	0.352	0.304	0.276	0.286	0.267	0.275	0.334	0.263	0.309	0.328	0.298	0.216	0.294	0.297	0.312	0.308	0.270	0.271	0.316	0.315	0.357	0.295	0.282	0.297	0.272	0.280	0.319	0.341	0.275	1.871	0.387	0.184	0.198	-16866.899
197	16	500	500	0.4946	0.260	0.278	0.304	0.243	0.336	0.261	0.297	0.246	0.310	0.317	0.292	0.329	0.288	0.332	0.296	0.239	0.296	0.332	0.259	0.319	0.280	0.258	0.354	0.387	0.260	0.331	0.278	0.275	0.254	0.304	2.115	0.308	0.154	0.198	-16664.661
198	16	500	500	0.5108	0.323	0.325	0.302	0.302	0.288	0.319	0.319	0.281	0.307	0.252	0.356	0.311	0.333	0.264	0.264	0.286	0.306	0.295	0.294	0.307	0.297	0.306	0.279	0.309	0.264	0.272	0.283	0.351	0.259	0.337	1.978	0.375	0.165	0.198	-16896.260
199	16	500	500	0.5107	0.239	0.313	0.339	0.284	0.307	0.275	0.345	0.285	0.321	0.218	0.324	0.335	0.323	0.313	0.383	0.258	0.296	0.303	0.269	0.288	0.343	0.286	0.315	0.320	0.289	0.356	0.308	0.280	0.384	0.308	2.069	0.305	0.175	0.180	-17118.239
200	16	500	500	0.5057	0.273	0.284	0.276	0.342	0.240	0.318	0.242	0.332	0.329	0.294	0.292	0.314	0.295	0.357	0.265	0.291	0.305	0.243	0.274	0.256	0.319	0.324	0.291	0.294	0.274	0.282	0.303	0.341	0.313	0.250	2.034	0.453	0.190	0.192	-16404.749
201	16	500	498	0.5032	0.249	0.292	0.277	0.295	0.323	0.308	0.293	0.300	0.340	0.280	0.289	0.312	0.262	0.333	0.274	0.252	0.264	0.291	0.318	0.355	0.249	0.338	0.282	0.292	0.262	0.296	0.308	0.288	0.263	0.352	2.037	0.506	0.265	0.186	-16655.757
202	16	500	500	0.5065	0.253	0.228	0.302	0.286	0.291	0.288	0.277	0.261	0.351	0.333	0.322	0.323	0.295	0.316	0.272	0.347	0.265	0.345	0.330	0.346	0.318	0.357	0.280	0.311	0.244	0.331	0.295	0.323	0.258	0.263	2.020	0.270	0.159	0.174	-16798.527
203	16	500	500	0.5157	0.234	0.389	0.264	0.287	0.301	0.308	0.295	0.278	0.280	0.257	0.304	0.270	0.303	0.316	0.261	0.230	0.292	0.275	0.338	0.329	0.295	0.322	0.274	0.265	0.349	0.347	0.313	0.374	0.306	0.332	1.865	0.168	0.093	0.173	-16902.332
204	16	500	500	0.5225	0.328	0.236	0.349	0.305	0.306	0.257	0.305	0.249	0.335	0.310	0.253	0.263	0.316	0.290	0.288	0.287	0.280	0.318	0.367	0.283	0.291	0.259	0.331	0.240	0.343	0.297	0.286	0.318	0.285	0.266	2.022	0.387	0.197	0.198	-16778.146
205	16	500	500	0.5047	0.228	0.291	0.255	0.259	0.253	0.351	0.276	0.316	0.256	0.356	0.287	0.263	0.336	0.332	0.303	0.291	0.338	0.289	0.307	0.284	0.281	0.311	0.304	0.244	0.325	0.321	0.328	0.327	0.305	0.255	1.924	0.304	0.174	0.188	-16847.035
206	16	500	500	0.5101	0.284	0.393	0.287	0.279	0.299	0.337	0.288	0.328	0.241	0.322	0.264	0.316	0.375	0.317	0.401	0.242	0.303	0.304	0.270	0.273	0.253	0.313	0.307	0.288	0.296	0.283	0.325	0.224	0.302	0.238	2.048	0.379	0.184	0.181	-16646.295
207	16	500	500	0.5091	0.293	0.299	0.331	0.347	0.254	0.252	0.273	0.294	0.335	0.255	0.281	0.346	0.329	0.345	0.347	0.230	0.330	0.278	0.284	0.335	0.249	0.259	0.286	0.355	0.403	0.297	0.296	0.319	0.290	0.330	2.055	0.287	0.162	0.196	-17029.281
208	16	500	500	0.5135	0.342	0.303	0.273	0.294	0.304	0.305	0.256	0.307	0.236	0.288	0.325	0.285	0.302	0.351	0.296	0.304	0.356	0.285	0.292	0.362	0.249	0.284	0.236	0.283	0.234	0.301	0.262	0.338	0.308	0.266	1.913	0.357	0.184	0.203	-16778.852
209	16	500	500	0.5181	0.275	0.326	0.275	0.322	0.282	0.241	0.279	0.324	0.213	0.268	0.296	0.285	0.308	0.307	0.242	0.241	0.280	0.300	0.338	0.320	0.279	0.301	0.296	0.282	0.211	0.280	0.275	0.267	0.280	0.302	1.870	0.392	0.212	0.208	-16662.049
210	16	500	499	0.5255	0.234	0.281	0.296	0.290	0.316	0.329	0.343	0.388	0.298	0.268	0.363	0.307	0.300	0.281	0.343	0.232	0.335	0.312	0.356	0.264	0.295	0.304	0.318	0.253	0.267	0.274	0.262	0.353	0.292	0.310	2.040	0.340	0.184	0.200	-17101.903
211	16	500	500	0.5199	0.269	0.254	0.280	0.250	0.284	0.286	0.315	0.287	0.309	0.314	0.283	0.310	0.280	0.317	0.300	0.256	0.375	0.216	0.302	0.314	0.253	0.269	0.290	0.299	0.260	0.299	0.307	0.259	0.260	0.334	2.025	0.475	0.222	0.199	-16620.316
212	16	500	500	0.5175	0.274	0.358	0.357	0.311	0.335	0.355	0.300	0.290	0.355	0.274	0.291	0.316	0.255	0.317	0.325	0.249	0.291	0.284	0.326	0.287	0.368	0.268	0.337	0.266	0.293	0.320	0.315	0.348	0.353	0.314	1.876	0.258	0.143	0.195	-17255.401
213	16	500	500	0.5112	0.289	0.242	0.260	0.280	0.290	0.282	0.281	0.247	0.361	0.320	0.244	0.219	0.343	0.306	0.310	0.244	0.300	0.322	0.304	0.297	0.264	0.224	0.306	0.249	0.366	0.290	0.307	0.318	0.276	0.303	1.953	0.468	0.182	0.211	-16560.875
214	16	500	499	0.5188	0.298	0.323	0.344	0.295	0.256	0.320	0.294	0.297	0.269	0.286	0.320	0.313	0.316	0.270	0.310	0.287	0.265	0.287	0.256	0.298	0.265	0.241	0.357	0.330	0.301	0.344	0.284	0.280	0.309	0.249	2.014	0.209	0.128	0.204	-16952.688
215	16	500	500	0.5135	0.317	0.392	0.360	0.310	0.281	0.249	0.300	0.281	0.243	0.287	0.325	0.322	0.276	0.355	0.269	0.321	0.354	0.250	0.312	0.326	0.320	0.266	0.336	0.286	0.372	0.295	0.291	0.279	0.319	0.304	2.058	0.446	0.247	0.196	-17039.754
216	16	500	500	0.5185	0.279	0.302	0.287	0.347	0.315	0.286	0.308	0.230	0.308	0.285	0.293	0.360	0.280	0.307	0.310	0.204	0.269	0.287	0.307	0.335	0.286	0.261	0.294	0.340	0.353	0.284	0.275	0.236	0.358	0.284	2.018	0.384	0.210	0.194	-16805.238
217	16	500	500	0.5114	0.228	0.350	0.251	0.276	0.275	0.283	0.281	0.294	0.268	0.307	0.285	0.292	0.359	0.270	0.299	0.308	0.317	0.280	0.336	0.264	0.293	0.346	0.294	0.314	0.274	0.306	0.305	0.300	0.261	0.318	1.925	0.300	0.143	0.192	-16705.916
218	16	500	500	0.5118	0.212	0.322	0.264	0.306	0.250	0.281	0.327	0.330	0.239	0.294	0.296	0.275	0.208	0.314	0.299	0.290	0.381	0.332	0.323	0.251	0.243	0.279	0.329	0.230	0.269	0.252	0.283	0.312	0.280	0.314	1.996	0.507	0.208	0.188	-16320.612
219	16	500	500	0.5307	0.299	0.259	0.275	0.315	0.291	0.320	0.322	0.301	0.316	0.299	0.270	0.358	0.305	0.298	0.254	0.345	0.334	0.319	0.345	0.337	0.321	0.334	0.290	0.199	0.269	0.263	0.265	0.303	0.316	0.322	2.021	0.425	0.203	0.193	-16937.514
220	16	500	498	0.5066	0.277	0.264	0.304	0.333	0.372	0.346	0.264	0.361	0.358	0.264	0.298	0.313	0.352	0.318	0.272	0.312	0.292	0.311	0.299	0.386	0.250	0.317	0.259	0.378	0.283	0.354	0.327	0.351	0.339	0.386	1.897	0.446	0.275	0.181	-17389.720
221	16	500	500	0.5062	0.336	0.319	0.280	0.299	0.374	0.326	0.340	0.304	0.212	0.275	0.367	0.281	0.267	0.293	0.279	0.275	0.306	0.298	0.274	0.329	0.267	0.334	0.373	0.367	0.316	0.338	0.250	0.298	0.351	0.278	2.026	0.403	0.224	0.211	-17263.445
222	16	500	500	0.5131	0.238	0.320	0.239	0.237	0.372	0.270	0.384	0.296	0.284	0.252	0.300	0.364	0.251	0.286	0.284	0.311	0.261	0.310	0.289	0.280	0.284	0.306	0.333	0.327	0.278	0.287	0.331	0.300	0.281	0.254	1.889	0.366	0.183	0.204	-16766.078
223	16	500	500	0.5224	0.312	0.280	0.326	0.352	0.339	0.310	0.324	0.294	0.285	0.388	0.269	0.281	0.234	0.277	0.285	0.271	0.315	0.243	0.303	0.285	0.343	0.316	0.304	0.275	0.364	0.330	0.303	0.301	0.308	0.317	1.850	0.387	0.215	0.203	-17206.984
224	16	500	500	0.5162	0.295	0.237	0.356	0.302	0.290	0.211	0.296	0.298	0.285	0.255	0.279	0.310	0.378	0.318	0.282	0.262	0.321	0.310	0.260	0.256	0.349	0.245	0.284	0.380	0.219	0.270	0.310	0.344	0.298	0.301	1.996	0.377	0.156	0.207	-16532.591
225	16	500	499	0.5201	0.228	0.291	0.274	0.272	0.217	0.345	0.321	0.261	0.340	0.303	0.317	0.266	0.272	0.255	0.296	0.210	0.234	0.255	0.333	0.280	0.325	0.285	0.310	0.296	0.324	0.279	0.211	0.311	0.274	0.269	2.009	0.360	0.165	0.210	-16340.258
226	16	500	500	0.5072	0.219	0.294	0.268	0.278	0.309	0.284	0.251	0.347	0.255	0.250	0.283	0.316	0.304	0.316	0.310	0.269	0.261	0.273	0.335	0.311	0.344	0.302	0.340	0.319	0.328	0.327	0.288	0.295	0.375	0.258	2.023	0.143	0.091	0.192	-16926.839
227	16	500	500	0.5349	0.265	0.264	0.287	0.288	0.307	0.268	0.219	0.336	0.346	0.233	0.315	0.339	0.299	0.285	0.279	0.264	0.243	0.336	0.260	0.290	0.314	0.356	0.248	0.275	0.258	0.265	0.315	0.366	0.215	0.284	1.855	0.450	0.158	0.211	-16643.735
228	16	500	500	0.5146	0.233	0.329	0.264	0.289	0.234	0.290	0.311	0.290	0.379	0.297	0.256	0.309	0.280	0.297	0.206	0.248	0.304	0.331	0.312	0.312	0.261	0.251	0.317	0.258	0.245	0.268	0.260	0.315	0.287	0.309	2.043	0.288	0.131	0.198	-16447.610
229	16	500	500	0.5113	0.269	0.345	0.307	0.302	0.261	0.276	0.307	0.305	0.271	0.307	0.331	0.259	0.326	0.370	0.253	0.297	0.232	0.283	0.337	0.300	0.265	0.326	0.306	0.318	0.327	0.268	0.276	0.274	0.283	0.285	1.964	0.436	0.201	0.206	-16796.157
230	16	500	499	0.5222	0.261	0.345	0.343	0.278	0.291	0.275	0.333	0.314	0.323	0.311	0.310	0.360	0.304	0.315	0.270	0.268	0.306	0.286	0.275	0.325	0.331	0.287	0.324	0.308	0.300	0.353	0.316	0.318	0.286	0.317	2.019	0.380	0.232	0.196	-17187.296
231	16	500	500	0.5160	0.265	0.298	0.286	0.283	0.287	0.327	0.312	0.290	0.322	0.289	0.334	0.318	0.285	0.274	0.286	0.249	0.310	0.316	0.376	0.250	0.238	0.298	0.315	0.278	0.298	0.322	0.305	0.326	0.289	0.275	1.892	0.334	0.159	0.187	-16737.975
232	16	500	500	0.5089	0.225	0.367	0.267	0.292	0.303	0.381	0.309	0.310	0.344	0.274	0.315	0.280	0.301	0.337	0.310	0.258	0.256	0.367	0.248	0.269	0.323	0.303	0.256	0.373	0.271	0.322	0.291	0.293	0.280	0.324	2.033	0.358	0.162	0.191	-16823.296
233	16	500	498	0.5212	0.280	0.387	0.262	0.324	0.317	0.271	0.294	0.335	0.274	0.308	0.318	0.278	0.290	0.314	0.346	0.273	0.325	0.265	0.352	0.287	0.315	0.335	0.275	0.326	0.320	0.293	0.258	0.247	0.305	0.282	1.982	0.417	0.220	0.213	-17089.404
234	16	500	500	0.5104	0.201	0.259	0.334	0.298	0.277	0.273	0.304	0.312	0.327	0.312	0.310	0.255	0.257	0.323	0.310	0.208	0.299	0.288	0.305	0.312	0.296	0.287	0.332	0.298	0.393	0.292	0.269	0.247	0.373	0.291	2.042	0.367	0.162	0.205	-16703.878
235	16	500	500	0.5226	0.250	0.252	0.349	0.320	0.316	0.304	0.310	0.257	0.351	0.345	0.279	0.317	0.215	0.288	0.286	0.276	0.343	0.299	0.275	0.327	0.245	0.327	0.288	0.251	0.300	0.240	0.309	0.256	0.351	0.342	1.879	0.399	0.216	0.189	-16857.915
236	16	500	500	0.4961	0.305	0.347	0.325	0.273	0.247	0.285	0.366	0.260	0.224	0.300	0.312	0.326	0.311	0.293	0.303	0.293	0.337	0.305	0.312	0.297	0.318	0.285	0.306	0.264	0.250	0.327	0.340	0.357	0.310	0.315	2.045	0.412	0.232	0.207	-16990.565
237	16	500	500	0.5137	0.236	0.268	0.263	0.253	0.269	0.306	0.271	0.285	0.352	0.249	0.315	0.317	0.310	0.300	0.304	0.285	0.387	0.365	0.287	0.300	0.257	0.264	0.301	0.334	0.329	0.228	0.339	0.308	0.282	0.342	1.895	0.287	0.135	0.204	-16764.233
238	16	500	500	0.5223	0.297	0.261	0.295	0.260	0.276	0.247	0.263	0.286	0.289	0.253	0.304	0.254	0.302	0.348	0.302	0.263	0.254	0.349	0.269	0.324	0.241	0.334	0.281	0.223	0.356	0.309	0.369	0.305	0.279	0.315	1.957	0.437	0.210	0.223	-16797.674
239	16	500	500	0.5161	0.315	0.205	0.362	0.271	0.321	0.224	0.302	0.301	0.305	0.273	0.263	0.304	0.319	0.288	0.310	0.250	0.279	0.291	0.307	0.303	0.297	0.296	0.293	0.303	0.328	0.298	0.306	0.314	0.366	0.275	2.079	0.370	0.183	0.202	-16643.431
240	16	500	499	0.5160	0.265	0.330	0.271	0.302	0.359	0.280	0.359	0.345	0.339	0.307	0.327	0.370	0.291	0.289	0.314	0.294	0.298	0.264	0.245	0.327	0.285	0.332	0.303	0.349	0.260	0.315	0.321	0.386	0.329	0.310	2.069	0.391	0.232	0.207	-17374.722
241	16	500	500	0.5060	0.279	0.261	0.285	0.312	0.286	0.279	0.288	0.272	0.324	0.330	0.268	0.341	0.240	0.304	0.255	0.232	0.315	0.275	0.312	0.229	0.305	0.316	0.244	0.337	0.335	0.367	0.322	0.331	0.265	0.369	2.064	0.334	0.165	0.196	-16715.957
242	16	500	500	0.5190	0.254	0.278	0.298	0.281	0.327	0.337	0.341	0.318	0.300	0.271	0.294	0.327	0.329	0.287	0.284	0.265	0.349	0.340	0.329	0.360	0.261	0.298	0.307	0.364	0.300	0.292	0.305	0.323	0.327	0.252	1.995	0.424	0.243	0.222	-17242.400
243	16	500	500	0.5143	0.340	0.331	0.334	0.235	0.355	0.280	0.289	0.338	0.205	0.268	0.258	0.313	0.328	0.262	0.299	0.272	0.366	0.300	0.236	0.306	0.313	0.256	0.286	0.263	0.279	0.317	0.378	0.303	0.292	0.329	1.996	0.352	0.170	0.191	-16655.380
244	16	500	500	0.5212	0.285	0.284	0.293	0.301	0.287	0.284	0.301	0.265	0.289	0.253	0.301	0.312	0.297	0.287	0.319	0.270	0.292	0.310	0.331	0.300	0.210	0.326	0.303	0.240	0.280	0.295	0.303	0.279	0.288	0.332	2.015	0.390	0.185	0.208	-16670.449
245	16	500	500	0.5159	0.344	0.295	0.244	0.305	0.322	0.318	0.301	0.282	0.335	0.256	0.290	0.305	0.298	0.332	0.319	0.265	0.304	0.311	0.255	0.277	0.302	0.289	0.315	0.248	0.284	0.310	0.297	0.280	0.264	0.246	2.042	0.459	0.197	0.214	-16642.120
246	16	500	500	0.5093	0.219	0.332	0.256	0.261	0.337	0.309	0.263	0.269	0.293	0.323	0.330	0.301	0.304	0.279	0.287	0.297	0.355	0.318	0.261	0.308	0.289	0.353	0.323	0.297	0.296	0.316	0.315	0.343	0.287	0.326	2.069	0.438	0.225	0.202	-16890.054
247	16	500	499	0.4950	0.197	0.276	0.279	0.292	0.291	0.258	0.262	0.304	0.260	0.290	0.242	0.282	0.292	0.320	0.263	0.264	0.248	0.269	0.325	0.269	0.291	0.272	0.307	0.315	0.302	0.262	0.308	0.370	0.305	0.243	1.854	0.311	0.133	0.183	-16154.382
248	16	500	500	0.5130	0.240	0.265	0.332	0.257	0.284	0.283	0.286	0.295	0.295	0.310	0.310	0.272	0.332	0.253	0.322	0.298	0.287	0.331	0.304	0.273	0.316	0.313	0.282	0.310	0.345	0.292	0.266	0.266	0.240	0.309	2.050	0.380	0.183	0.209	-16790.880
249	16	500	500	0.5177	0.325	0.263	0.280	0.358	0.298	0.317	0.276	0.251	0.284	0.275	0.282	0.325	0.308	0.342	0.283	0.255	0.330	0.296	0.248	0.291	0.335	0.313	0.298	0.301	0.205	0.282	0.306	0.235	0.282	0.316	1.867	0.414	0.231	0.176	-16599.064
250	16	500	500	0.5168	0.295	0.279	0.281	0.293	0.289	0.275	0.313	0.298	0.329	0.250	0.275	0.325	0.297	0.272	0.304	0.355	0.315	0.344	0.307	0.260	0.282	0.313	0.323	0.192	0.261	0.313	0.310	0.311	0.261	0.283	2.022	0.537	0.263	0.209	-16678.515
251	16	500	500	0.5249	0.276	0.281	0.260	0.242	0.289	0.306	0.261	0.305	0.249	0.342	0.330	0.296	0.289	0.318	0.291	0.277	0.329	0.294	0.292	0.350	0.282	0.265	0.280	0.299	0.251	0.280	0.340	0.264	0.331	0.342	1.950	0.412	0.217	0.184	-16755.559
252	16	500	498	0.5167	0.265	0.290	0.305	0.261	0.323	0.248	0.354	0.297	0.370	0.323	0.365	0.332	0.353	0.290	0.336	0.290	0.335	0.279	0.342	0.327	0.314	0.302	0.305	0.257	0.297	0.262	0.320	0.315	0.261	0.366	2.027	0.399	0.213	0.203	-17217.530
253	16	500	500	0.5080	0.226	0.294	0.304	0.320	0.242	0.295	0.318	0.294	0.318	0.271	0.304	0.318	0.395	0.250	0.305	0.222	0.320	0.231	0.327	0.264	0.319	0.303	0.264	0.229	0.285	0.326	0.275	0.315	0.321	0.289	1.944	0.230	0.112	0.188	-16645.233
254	16	500	500	0.5300	0.299	0.297	0.354	0.306	0.356	0.236	0.285	0.288	0.289	0.251	0.324	0.276	0.298	0.298	0.299	0.277	0.331	0.299	0.301	0.317	0.297	0.299	0.229	0.336	0.326	0.268	0.268	0.291	0.291	0.314	2.025	0.448	0.181	0.200	-16665.234
255	16	500	500	0.5026	0.286	0.303	0.286	0.238	0.315	0.268	0.304	0.278	0.321	0.240	0.294	0.255	0.370	0.298	0.296	0.302	0.279	0.330	0.298	0.304	0.345	0.301	0.283	0.314	0.307	0.308	0.305	0.263	0.313	0.300	1.873	0.387	0.196	0.196	-16773.889
256	16	500	500	0.5068	0.283	0.342	0.305	0.316	0.288	0.281	0.260	0.263	0.248	0.310	0.295	0.264	0.275	0.308	0.363	0.323	0.240	0.313	0.319	0.283	0.280	0.295	0.304	0.314	0.232	0.312	0.339	0.326	0.294	0.235	1.919	0.374	0.154	0.198	-16488.114
257	16	500	500	0.5089	0.278	0.296	0.322	0.319	0.285	0.219	0.289	0.216	0.251	0.314	0.209	0.327	0.328	0.307	0.257	0.284	0.325	0.278	0.288	0.293	0.279	0.298	0.318	0.297	0.306	0.308	0.276	0.341	0.301	0.278	2.046	0.283	0.134	0.209	-16642.665
258	16	500	498	0.5130	0.259	0.318	0.288	0.274	0.361	0.257	0.286	0.302	0.216	0.379	0.298	0.310	0.300	0.290	0.297	0.272	0.326	0.318	0.339	0.323	0.288	0.309	0.235	0.273	0.301	0.315	0.330	0.224	0.301	0.281	1.914	0.508	0.262	0.195	-16705.086
259	16	500	500	0.5267	0.340	0.303	0.259	0.321	0.370	0.320	0.307	0.326	0.331	0.307	0.334	0.237	0.394	0.338	0.385	0.267	0.300	0.275	0.333	0.318	0.349	0.324	0.315	0.322	0.263	0.307	0.262	0.290	0.327	0.294	1.989	0.363	0.172	0.192	-17258.208
260	16	500	500	0.5224	0.308	0.360	0.287	0.325	0.317	0.335	0.304	0.337	0.304	0.319	0.273	0.293	0.272	0.287	0.253	0.326	0.195	0.324	0.236	0.372	0.269	0.314	0.255	0.315	0.314	0.327	0.296	0.309	0.235	0.303	1.917	0.413	0.244	0.197	-16984.496
261	16	500	500	0.5079	0.224	0.248	0.254	0.344	0.282	0.351	0.270	0.328	0.244	0.306	0.317	0.326	0.365	0.307	0.364	0.307	0.297	0.334	0.319	0.328	0.331	0.305	0.306	0.235	0.353	0.317	0.291	0.315	0.309	0.275	2.039	0.372	0.197	0.216	-17135.574
262	16	500	500	0.5135	0.341	0.275	0.296	0.297	0.291	0.213	0.302	0.334	0.279	0.248	0.272	0.291	0.297	0.339	0.264	0.265	0.321	0.259	0.252	0.271	0.240	0.340	0.248	0.281	0.276	0.289	0.314	0.255	0.281	0.307	2.003	0.382	0.182	0.212	-16533.812
263	16	500	500	0.5035	0.330	0.350	0.309	0.303	0.297	0.331	0.273	0.265	0.283	0.278	0.288	0.317	0.354	0.304	0.301	0.296	0.363	0.347	0.306	0.339	0.284	0.304	0.315	0.156	0.307	0.258	0.329	0.394	0.313	0.314	2.010	0.450	0.246	0.184	-16999.131
264	16	500	500	0.5213	0.293	0.268	0.292	0.357	0.366	0.349	0.269	0.337	0.338	0.298	0.309	0.330	0.321	0.301	0.280	0.299	0.354	0.245	0.318	0.345	0.248	0.259	0.332	0.303	0.298	0.320	0.302	0.322	0.313	0.273	2.016	0.438	0.199	0.207	-17133.073
265	16	500	498	0.5114	0.265	0.315	0.291	0.306	0.275	0.261	0.299	0.327	0.242	0.326	0.322	0.261	0.290	0.296	0.324	0.295	0.345	0.283	0.225	0.336	0.325	0.271	0.312	0.285	0.310	0.248	0.290	0.310	0.285	0.293	1.943	0.419	0.208	0.191	-16732.433
266	16	500	499	0.5063	0.295	0.365	0.228	0.356	0.221	0.355	0.328	0.240	0.290	0.270	0.314	0.308	0.321	0.325	0.320	0.311	0.279	0.260	0.318	0.305	0.263	0.295	0.331	0.314	0.279	0.309	0.374	0.323	0.311	0.323	1.822	0.417	0.214	0.194	-16953.532
267	16	500	500	0.5139	0.306	0.239	0.244	0.301	0.345	0.307	0.265	0.287	0.245	0.276	0.290	0.284	0.283	0.344	0.273	0.312	0.255	0.293	0.307	0.295	0.250	0.303	0.335	0.315	0.317	0.363	0.301	0.291	0.281	0.306	1.915	0.446	0.215	0.206	-16848.310
268	16	500	500	0.5076	0.240	0.325	0.282	0.289	0.338	0.286	0.264	0.246	0.307	0.273	0.392	0.309	0.348	0.284	0.278	0.283	0.240	0.288	0.328	0.291	0.277	0.361	0.296	0.294	0.324	0.235	0.356	0.333	0.324	0.323	1.806	0.361	0.195	0.204	-17078.905
269	16	500	500	0.5055	0.204	0.205	0.317	0.306	0.278	0.334	0.292	0.261	0.398	0.281	0.380	0.295	0.296	0.286	0.205	0.250	0.282	0.342	0.291	0.316	0.355	0.319	0.287	0.323	0.304	0.338	0.257	0.311	0.277	0.306	1.949	0.403	0.199	0.186	-16780.300
270	16	500	500	0.5176	0.288	0.216	0.307	0.347	0.318	0.257	0.320	0.325	0.385	0.263	0.252	0.327	0.427	0.272	0.312	0.287	0.336	0.323	0.323	0.239	0.332	0.295	0.309	0.291	0.264	0.255	0.287	0.318	0.339	0.288	1.987	0.287	0.165	0.198	-17091.601
271	16	500	500	0.5117	0.249	0.280	0.358	0.294	0.323	0.343	0.257	0.267	0.277	0.397	0.304	0.262	0.380	0.275	0.277	0.238	0.295	0.321	0.298	0.292	0.341	0.348	0.274	0.225	0.375	0.282	0.318	0.303	0.314	0.317	1.843	0.344	0.172	0.197	-16992.106
272	16	500	500	0.5186	0.264	0.292	0.325	0.248	0.282	0.281	0.298	0.254	0.288	0.314	0.270	0.322	0.320	0.331	0.281	0.231	0.295	0.310	0.322	0.300	0.317	0.330	0.317	0.328	0.338	0.267	0.315	0.319	0.326	0.279	1.885	0.296	0.137	0.198	-16858.684
273	16	500	500	0.5069	0.326	0.240	0.269	0.267	0.329	0.287	0.302	0.273	0.316	0.315	0.268	0.290	0.236	0.318	0.318	0.285	0.292	0.308	0.278	0.275	0.302	0.302	0.277	0.318	0.285	0.320	0.308	0.275	0.296	0.276	2.113	0.325	0.162	0.197	-16511.654
274	16	500	499	0.5278	0.225	0.292	0.277	0.292	0.322	0.253	0.350	0.283	0.357	0.275	0.313	0.303	0.318	0.279	0.310	0.300	0.241	0.338	0.323	0.270	0.304	0.301	0.262	0.285	0.316	0.231	0.252	0.312	0.317	0.298	2.093	0.419	0.181	0.212	-16585.425
275	16	500	500	0.5333	0.219	0.269	0.352	0.268	0.304	0.303	0.309	0.322	0.347	0.251	0.271	0.331	0.297	0.309	0.310	0.247	0.322	0.317	0.273	0.283	0.296	0.394	0.307	0.322	0.312	0.282	0.313	0.330	0.333	0.315	1.981	0.396	0.213	0.208	-17187.226
276	16	500	498	0.5051	0.262	0.323	0.340	0.321	0.230	0.339	0.272	0.326	0.341	0.288	0.354	0.276	0.279	0.317	0.249	0.275	0.269	0.245	0.278	0.359	0.335	0.339	0.240	0.369	0.291	0.362	0.316	0.318	0.302	0.337	1.740	0.414	0.229	0.194	-17026.745
277	16	500	500	0.5277	0.196	0.299	0.324	0.277	0.256	0.324	0.274	0.279	0.294	0.262	0.281	0.339	0.329	0.322	0.306	0.267	0.232	0.265	0.302	0.311	0.363	0.256	0.263	0.331	0.208	0.275	0.278	0.343	0.342	0.268	1.987	0.242	0.104	0.196	-16501.828
278	16	500	499	0.5067	0.247	0.278	0.330	0.317	0.318	0.269	0.335	0.282	0.349	0.313	0.255	0.248	0.293	0.294	0.265	0.239	0.303	0.348	0.294	0.328	0.230	0.323	0.312	0.313	0.303	0.334	0.300	0.280	0.324	0.334	2.022	0.295	0.161	0.191	-16906.059
279	16	500	499	0.5074	0.273	0.306	0.325	0.291	0.277	0.285	0.264	0.295	0.268	0.283	0.293	0.285	0.336	0.297	0.324	0.236	0.302	0.293	0.345	0.250	0.311	0.357	0.329	0.282	0.456	0.262	0.325	0.298	0.289	0.295	2.012	0.360	0.205	0.203	-17003.770
280	16	500	500	0.5092	0.277	0.312	0.353	0.292	0.288	0.265	0.297	0.307	0.252	0.299	0.348	0.300	0.360	0.323	0.346	0.328	0.292	0.322	0.321	0.271	0.254	0.318	0.348	0.326	0.309	0.391	0.325	0.295	0.268	0.309	2.095	0.360	0.195	0.208	-17170.823
281	16	500	500	0.5091	0.344	0.197	0.324	0.254	0.288	0.321	0.265	0.303	0.346	0.278	0.288	0.234	0.287	0.276	0.316	0.301	0.264	0.314	0.327	0.265	0.296	0.328	0.284	0.236	0.263	0.300	0.317	0.242	0.280	0.278	2.003	0.371	0.190	0.196	-16524.718
282	16	500	499	0.5107	0.209	0.319	0.311	0.311	0.290	0.300	0.349	0.305	0.285	0.357	0.308	0.327	0.312	0.322	0.365	0.238	0.418	0.231	0.248	0.281	0.334	0.377	0.291	0.254	0.298	0.365	0.288	0.341	0.319	0.313	1.988	0.356	0.197	0.201	-17186.712
283	16	500	500	0.5257	0.256	0.346	0.322	0.275	0.320	0.247	0.282	0.374	0.255	0.262	0.307	0.259	0.234	0.315	0.362	0.274	0.321	0.352	0.284	0.324	0.226	0.341	0.339	0.311	0.331	0.355	0.297	0.234	0.347	0.333	1.959	0.389	0.214	0.216	-17134.288
284	16	500	500	0.5128	0.277	0.382	0.286	0.318	0.284	0.307	0.309	0.300	0.321	0.289	0.278	0.281	0.327	0.299	0.322	0.271	0.288	0.292	0.318	0.234	0.325	0.282	0.256	0.259	0.344	0.282	0.231	0.283	0.287	0.267	2.019	0.339	0.164	0.191	-16628.951
285	16	500	499	0.5188	0.279	0.298	0.348	0.291	0.361	0.253	0.387	0.321	0.359	0.367	0.300	0.340	0.266	0.335	0.321	0.291	0.366	0.281	0.311	0.317	0.375	0.307	0.329	0.362	0.266	0.328	0.277	0.256	0.369	0.283	1.984	0.388	0.254	0.197	-17564.084
286	16	500	499	0.5118	0.267	0.352	0.302	0.297	0.283	0.320	0.273	0.261	0.309	0.287	0.311	0.291	0.271	0.303	0.295	0.303	0.294	0.300	0.335	0.253	0.297	0.343	0.280	0.220	0.291	0.313	0.254	0.363	0.299	0.331	2.113	0.351	0.205	0.187	-16762.630
287	16	500	500	0.5212	0.254	0.259	0.403	0.296	0.313	0.256	0.322	0.283	0.201	0.319	0.316	0.316	0.350	0.350	0.314	0.310	0.361	0.339	0.267	0.296	0.294	0.326	0.311	0.350	0.275	0.404	0.317	0.289	0.324	0.338	2.019	0.371	0.207	0.197	-17260.568
288	16	500	500	0.4954	0.248	0.310	0.304	0.250	0.265	0.322	0.301	0.298	0.265	0.306	0.277	0.279	0.284	0.263	0.302	0.278	0.239	0.283	0.314	0.309	0.303	0.314	0.260	0.300	0.273	0.301	0.314	0.302	0.246	0.267	1.946	0.390	0.185	0.197	-16458.621
289	16	500	500	0.5277	0.316	0.289	0.302	0.284	0.318	0.261	0.293	0.259	0.258	0.265	0.320	0.312	0.342	0.289	0.290	0.304	0.307	0.305	0.306	0.303	0.293	0.241	0.308	0.331	0.252	0.305	0.318	0.321	0.340	0.270	1.863	0.464	0.252	0.199	-16908.945
290	16	500	500	0.5128	0.307	0.257	0.289	0.251	0.295	0.349	0.277	0.251	0.363	0.335	0.299	0.284	0.244	0.270	0.336	0.286	0.209	0.307	0.295	0.286	0.303	0.286	0.285	0.331	0.311	0.286	0.303	0.238	0.310	0.340	2.057	0.449	0.210	0.199	-16526.194
291	16	500	499	0.5088	0.244	0.276	0.320	0.312	0.272	0.275	0.297	0.371	0.319	0.344	0.273	0.308	0.310	0.297	0.325	0.212	0.287	0.344	0.278	0.371	0.277	0.318	0.298	0.310	0.320	0.321	0.283	0.334	0.317	0.326	1.864	0.362	0.225	0.203	-17076.466
292	16	500	500	0.4991	0.260	0.281	0.371	0.262	0.290	0.256	0.283	0.320	0.338	0.260	0.301	0.309	0.291	0.327	0.237	0.280	0.420	0.271	0.269	0.275	0.274	0.350	0.282	0.275	0.323	0.370	0.326	0.283	0.291	0.290	2.007	0.554	0.287	0.185	-16715.833
293	16	500	500	0.5166	0.298	0.379	0.265	0.268	0.319	0.271	0.271	0.302	0.250	0.280	0.322	0.266	0.298	0.346	0.260	0.315	0.260	0.347	0.337	0.283	0.250	0.304	0.321	0.312	0.345	0.276	0.278	0.250	0.323	0.261	1.964	0.391	0.210	0.189	-16649.037
294	16	500	500	0.5225	0.253	0.302	0.265	0.269	0.283	0.322	0.357	0.251	0.288	0.326	0.296	0.325	0.324	0.316	0.251	0.192	0.281	0.295	0.280	0.287	0.319	0.307	0.375	0.273	0.286	0.286	0.291	0.269	0.284	0.252	1.963	0.400	0.209	0.202	-16686.128
295	16	500	500	0.5160	0.329	0.303	0.289	0.356	0.357	0.268	0.228	0.328	0.242	0.318	0.272	0.318	0.285	0.314	0.333	0.325	0.298	0.320	0.301	0.279	0.311	0.285	0.343	0.245	0.323	0.253	0.302	0.284	0.280	0.345	1.936	0.396	0.190	0.202	-16946.918
296	16	500	500	0.5085	0.291	0.403	0.216	0.293	0.289	0.280	0.255	0.271	0.300	0.298	0.323	0.328	0.314	0.344	0.263	0.297	0.293	0.265	0.259	0.293	0.368	0.276	0.306	0.371	0.267	0.339	0.249	0.295	0.307	0.357	1.988	0.433	0.228	0.196	-16883.027
297	16	500	500	0.5073	0.242	0.348	0.305	0.256	0.316	0.286	0.296	0.295	0.228	0.310	0.338	0.327	0.362	0.334	0.343	0.309	0.288	0.270	0.312	0.251	0.307	0.265	0.274	0.305	0.323	0.307	0.334	0.312	0.269	0.322	1.849	0.423	0.200	0.218	-17023.108
298	16	500	500	0.5077	0.311	0.271	0.244	0.296	0.336	0.314	0.238	0.341	0.313	0.330	0.304	0.304	0.311	0.288	0.297	0.314	0.305	0.266	0.330	0.332	0.357	0.291	0.292	0.280	0.327	0.297	0.277	0.363	0.328	0.247	1.927	0.282	0.160	0.196	-17005.989
299	16	500	500	0.5047	0.246	0.278	0.266	0.292	0.348	0.245	0.287	0.339	0.256	0.285	0.322	0.275	0.302	0.329	0.296	0.284	0.366	0.216	0.288	0.259	0.310	0.297	0.320	0.293	0.291	0.260	0.281	0.258	0.292	0.284	2.025	0.451	0.234	0.205	-16609.973
300	16	500	499	0.4940	0.364	0.236	0.239	0.257	0.308	0.342	0.268	0.290	0.247	0.317	0.325	0.290	0.268	0.321	0.295	0.330	0.289	0.224	0.313	0.337	0.307	0.310	0.315	0.301	0.309	0.303	0.274	0.305	0.309	0.287	2.087	0.447	0.192	0.214	-16764.653
301	16	500	500	0.5112	0.250	0.289	0.269	0.342	0.311	0.358	0.332	0.338	0.349	0.339	0.290	0.317	0.310	0.322	0.301	0.269	0.255	0.275	0.328	0.342	0.328	0.328	0.296	0.271	0.311	0.323	0.314	0.246	0.308	0.313	2.083	0.384	0.205	0.214	-17284.165
302	16	500	500	0.5156	0.308	0.312	0.359	0.291	0.299	0.291	0.383	0.272	0.301	0.334	0.300	0.312	0.292	0.332	0.287	0.294	0.300	0.304	0.309	0.356	0.331	0.302	0.295	0.385	0.293	0.320	0.336	0.268	0.275	0.312	2.119	0.296	0.146	0.208	-17227.632
303	16	500	499	0.5199	0.262	0.232	0.262	0.270	0.295	0.301	0.276	0.344	0.261	0.307	0.237	0.361	0.316	0.333	0.275	0.271	0.266	0.236	0.327	0.278	0.324	0.277	0.304	0.306	0.237	0.312	0.291	0.366	0.263	0.309	2.076	0.442	0.208	0.204	-16544.255
304	16	500	500	0.5132	0.340	0.302	0.285	0.281	0.301	0.399	0.302	0.322	0.313	0.329	0.305	0.353	0.259	0.338	0.323	0.319	0.304	0.317	0.280	0.323	0.312	0.308	0.325	0.319	0.370	0.362	0.286	0.296	0.372	0.338	2.073	0.380	0.240	0.179	-17308.967
305	16	500	499	0.5219	0.251	0.259	0.267	0.283	0.316	0.319	0.345	0.338	0.282	0.255	0.302	0.314	0.292	0.258	0.298	0.254	0.348	0.302	0.308	0.330	0.248	0.308	0.281	0.267	0.287	0.279	0.286	0.344	0.346	0.286	2.035	0.381	0.191	0.190	-16741.661
306	16	500	500	0.5187	0.327	0.298	0.252	0.300	0.266	0.323	0.349	0.289	0.339	0.255	0.335	0.260	0.315	0.365	0.329	0.270	0.298	0.287	0.208	0.306	0.289	0.348	0.267	0.381	0.299	0.299	0.317	0.297	0.309	0.325	1.931	0.436	0.215	0.199	-16998.547
307	16	500	500	0.5285	0.281	0.219	0.330	0.290	0.283	0.278	0.337	0.296	0.323	0.301	0.291	0.322	0.284	0.267	0.323	0.314	0.255	0.287	0.341	0.266	0.320	0.239	0.259	0.313	0.321	0.280	0.284	0.334	0.273	0.300	2.017	0.521	0.236	0.216	-16655.981
308	16	500	500	0.5149	0.276	0.266	0.352	0.264	0.313	0.312	0.348	0.376	0.297	0.274	0.283	0.334	0.306	0.314	0.316	0.284	0.364	0.345	0.314	0.323	0.279	0.308	0.287	0.274	0.302	0.311	0.244	0.271	0.306	0.296	2.018	0.364	0.206	0.195	-17153.155
309	16	500	500	0.5293	0.185	0.280	0.250	0.268	0.248	0.349	0.279	0.351	0.328	0.278	0.298	0.303	0.318	0.340	0.366	0.196	0.286	0.321	0.287	0.296	0.286	0.331	0.276	0.298	0.328	0.283	0.324	0.364	0.319	0.313	2.006	0.139	0.077	0.206	-17042.965
310	16	500	500	0.5417	0.243	0.274	0.303	0.329	0.263	0.311	0.292	0.259	0.266	0.230	0.328	0.289	0.317	0.298	0.335	0.245	0.288	0.298	0.332	0.311	0.252	0.273	0.354	0.267	0.289	0.333	0.278	0.330	0.307	0.278	1.999	0.397	0.206	0.206	-16809.561
311	16	500	500	0.5215	0.344	0.342	0.258	0.268	0.265	0.308	0.294	0.310	0.296	0.358	0.344	0.244	0.302	0.341	0.314	0.275	0.268	0.294	0.277	0.276	0.321	0.317	0.295	0.376	0.292	0.231	0.331	0.249	0.285	0.293	1.991	0.518	0.260	0.205	-16858.580
312	16	500	500	0.5347	0.315	0.239	0.287	0.307	0.267	0.324	0.285	0.283	0.294	0.287	0.320	0.287	0.332	0.333	0.248	0.311	0.287	0.325	0.283	0.282	0.317	0.352	0.287	0.289	0.350	0.306	0.274	0.241	0.311	0.288	1.931	0.532	0.259	0.209	-16887.584
313	16	500	500	0.5085	0.261	0.259	0.348	0.251	0.349	0.343	0.312	0.310	0.293	0.321	0.285	0.347	0.305	0.335	0.316	0.257	0.329	0.335	0.333	0.280	0.362	0.329	0.289	0.316	0.321	0.312	0.295	0.241	0.243	0.283	2.015	0.329	0.183	0.205	-17144.201
314	16	500	500	0.5205	0.332	0.338	0.308	0.315	0.269	0.337	0.255	0.308	0.277	0.234	0.326	0.353	0.304	0.324	0.254	0.297	0.308	0.308	0.306	0.356	0.283	0.279	0.335	0.319	0.281	0.271	0.251	0.314	0.295	0.281	1.983	0.392	0.190	0.193	-16762.734
315	16	500	500	0.5140	0.220	0.335	0.250	0.302	0.308	0.281	0.279	0.293	0.315	0.302	0.299	0.297	0.342	0.287	0.247	0.278	0.285	0.263	0.332	0.319	0.324	0.327	0.257	0.260	0.309	0.310	0.306	0.281	0.299	0.285	1.963	0.283	0.145	0.192	-16673.370
316	16	500	500	0.5165	0.288	0.331	0.284	0.295	0.255	0.241	0.334	0.314	0.236	0.294	0.285	0.310	0.384	0.306	0.297	0.243	0.262	0.410	0.274	0.318	0.291	0.346	0.245	0.314	0.360	0.255	0.316	0.303	0.368	0.281	1.935	0.399	0.207	0.199	-17019.555
317	16	500	499	0.4985	0.276	0.315	0.304	0.341	0.339	0.220	0.305	0.333	0.247	0.309	0.309	0.318	0.302	0.305	0.262	0.263	0.352	0.292	0.325	0.293	0.332	0.310	0.273	0.266	0.229	0.297	0.292	0.303	0.270	0.325	1.921	0.425	0.243	0.202	-16869.181
318	16	500	500	0.5113	0.272	0.312	0.259	0.284	0.308	0.271	0.231	0.288	0.326	0.253	0.304	0.285	0.307	0.261	0.321	0.288	0.330	0.289	0.362	0.277	0.302	0.272	0.305	0.268	0.313	0.284	0.280	0.336	0.281	0.313	2.080	0.348	0.149	0.207	-16570.987
319	16	500	500	0.5340	0.266	0.327	0.284	0.261	0.358	0.298	0.371	0.324	0.270	0.288	0.329	0.309	0.340	0.258	0.286	0.266	0.295	0.318	0.286	0.342	0.295	0.287	0.325	0.254	0.305	0.299	0.299	0.289	0.274	0.285	1.968	0.493	0.254	0.205	-17031.824
320	16	500	500	0.5180	0.321	0.269	0.226	0.304	0.305	0.352	0.303	0.263	0.314	0.265	0.257	0.311	0.313	0.295	0.303	0.285	0.278	0.344	0.299	0.272	0.272	0.289	0.286	0.351	0.244	0.287	0.323	0.288	0.369	0.307	1.889	0.395	0.199	0.194	-16756.106
321	16	500	500	0.5165	0.210	0.408	0.351	0.343	0.337	0.292	0.349	0.295	0.306	0.300	0.335	0.321	0.369	0.319	0.324	0.238	0.267	0.311	0.335	0.323	0.332	0.273	0.334	0.345	0.332	0.354	0.280	0.336	0.391	0.361	1.929	0.273	0.173	0.197	-17639.237
322	16	500	499	0.5210	0.237	0.256	0.284	0.350	0.351	0.391	0.281	0.326	0.280	0.288	0.321	0.239	0.353	0.296	0.273	0.235	0.360	0.221	0.301	0.317	0.348	0.348	0.278	0.311	0.285	0.227	0.323	0.306	0.339	0.323	2.069	0.391	0.233	0.200	-17000.792
323	16	500	500	0.5165	0.276	0.247	0.308	0.312	0.250	0.391	0.333	0.299	0.234	0.278	0.296	0.322	0.342	0.269	0.321	0.319	0.295	0.284	0.304	0.307	0.327	0.296	0.314	0.322	0.279	0.327	0.277	0.247	0.310	0.317	1.947	0.460	0.265	0.212	-17129.158
324	16	500	500	0.5017	0.288	0.368	0.331	0.317	0.309	0.313	0.285	0.319	0.282	0.308	0.308	0.248	0.314	0.356	0.315	0.335	0.277	0.319	0.299	0.327	0.255	0.304	0.312	0.377	0.280	0.384	0.285	0.320	0.263	0.322	2.046	0.383	0.221	0.189	-17087.408
325	16	500	500	0.5123	0.308	0.261	0.314	0.314	0.254	0.306	0.248	0.336	0.248	0.263	0.270	0.340	0.296	0.262	0.255	0.278	0.281	0.275	0.323	0.348	0.309	0.263	0.269	0.288	0.262	0.302	0.262	0.273	0.289	0.353	1.977	0.357	0.180	0.200	-16532.472
326	16	500	500	0.5118	0.279	0.285	0.328	0.266	0.331	0.333	0.283	0.318	0.284	0.273	0.322	0.364	0.345	0.344	0.297	0.253	0.371	0.303	0.334	0.260	0.325	0.339	0.258	0.306	0.283	0.292	0.325	0.385	0.292	0.286	1.906	0.344	0.166	0.187	-16991.767
327	16	500	500	0.5147	0.319	0.295	0.312	0.261	0.265	0.306	0.289	0.322	0.296	0.307	0.306	0.294	0.315	0.332	0.316	0.247	0.301	0.349	0.308	0.322	0.306	0.415	0.301	0.307	0.238	0.312	0.342	0.354	0.305	0.299	2.018	0.390	0.211	0.193	-17035.106
328	16	500	500	0.5100	0.273	0.323	0.264	0.281	0.338	0.302	0.306	0.356	0.287	0.262	0.306	0.287	0.301	0.253	0.318	0.214	0.285	0.278	0.283	0.281	0.359	0.284	0.240	0.256	0.316	0.269	0.323	0.329	0.303	0.312	1.958	0.353	0.193	0.187	-16669.514
329	16	500	500	0.5184	0.264	0.336	0.302	0.296	0.314	0.199	0.269	0.287	0.222	0.351	0.277	0.291	0.281	0.293	0.246	0.286	0.369	0.276	0.279	0.329	0.277	0.323	0.301	0.281	0.294	0.340	0.308	0.302	0.319	0.283	1.933	0.460	0.220	0.189	-16676.605
330	16	500	500	0.5059	0.306	0.336	0.298	0.283	0.261	0.308	0.300	0.361	0.285	0.331	0.327	0.280	0.317	0.272	0.297	0.250	0.252	0.274	0.331	0.254	0.318	0.283	0.281	0.338	0.294	0.311	0.316	0.349	0.296	0.338	1.949	0.415	0.236	0.213	-17095.176
331	16	500	500	0.5009	0.241	0.290	0.286	0.268	0.318	0.278	0.301	0.335	0.287	0.327	0.352	0.292	0.319	0.306	0.315	0.284	0.294	0.260	0.281	0.301	0.298	0.334	0.362	0.278	0.336	0.317	0.314	0.396	0.330	0.283	2.060	0.360	0.240	0.194	-17180.336
332	16	500	500	0.5029	0.318	0.285	0.262	0.240	0.340	0.275	0.370	0.307	0.311	0.247	0.279	0.339	0.266	0.288	0.275	0.259	0.337	0.332	0.281	0.316	0.290	0.282	0.282	0.337	0.370	0.311	0.247	0.355	0.319	0.267	1.978	0.386	0.183	0.195	-16810.602
333	16	500	497	0.5102	0.298	0.289	0.298	0.262	0.273	0.285	0.358	0.274	0.283	0.324	0.301	0.245	0.276	0.315	0.248	0.299	0.311	0.291	0.343	0.240	0.258	0.326	0.323	0.277	0.322	0.277	0.301	0.338	0.369	0.278	1.907	0.366	0.174	0.211	-16902.657
334	16	500	498	0.5282	0.255	0.203	0.274	0.316	0.304	0.256	0.288	0.274	0.307	0.194	0.269	0.275	0.341	0.262	0.289	0.295	0.257	0.296	0.328	0.318	0.311	0.296	0.301	0.308	0.276	0.378	0.314	0.332	0.294	0.201	2.034	0.435	0.199	0.188	-16371.711
335	16	500	500	0.5154	0.246	0.235	0.342	0.277	0.310	0.294	0.328	0.238	0.356	0.277	0.226	0.297	0.295	0.315	0.228	0.271	0.245	0.285	0.286	0.264	0.270	0.364	0.260	0.253	0.300	0.320	0.281	0.321	0.349	0.222	1.868	0.411	0.161	0.203	-16471.651
336	16	500	500	0.5148	0.310	0.280	0.262	0.308	0.267	0.308	0.356	0.276	0.397	0.342	0.365	0.304	0.320	0.322	0.295	0.322	0.267	0.323	0.333	0.298	0.271	0.309	0.299	0.274	0.245	0.290	0.299	0.317	0.283	0.313	1.845	0.436	0.222	0.209	-17126.655
337	16	500	500	0.5186	0.285	0.232	0.344	0.255	0.301	0.327	0.318	0.281	0.304	0.306	0.335	0.249	0.304	0.299	0.307	0.355	0.284	0.316	0.304	0.303	0.263	0.372	0.264	0.326	0.350	0.299	0.302	0.287	0.285	0.276	1.953	0.347	0.166	0.199	-16878.463
338	16	500	500	0.5060	0.281	0.358	0.272	0.271	0.269	0.306	0.341	0.266	0.308	0.334	0.313	0.299	0.259	0.305	0.299	0.243	0.284	0.274	0.287	0.287	0.284	0.311	0.265	0.243	0.327	0.314	0.345	0.244	0.319	0.252	1.966	0.384	0.191	0.193	-16672.902
339	16	500	500	0.5162	0.256	0.275	0.347	0.242	0.259	0.345	0.282	0.297	0.282	0.285	0.312	0.342	0.317	0.324	0.350	0.280	0.298	0.311	0.322	0.358	0.252	0.281	0.295	0.308	0.233	0.335	0.314	0.337	0.270	0.334	2.000	0.366	0.168	0.204	-16951.198
340	16	500	500	0.5107	0.305	0.220	0.333	0.299	0.310	0.321	0.292	0.215	0.331	0.315	0.291	0.351	0.374	0.275	0.328	0.275	0.332	0.276	0.334	0.275	0.304	0.295	0.332	0.336	0.383	0.357	0.327	0.309	0.343	0.315	1.973	0.383	0.257	0.185	-17196.431
341	16	500	500	0.5183	0.291	0.238	0.332	0.284	0.238	0.322	0.305	0.297	0.318	0.347	0.271	0.302	0.246	0.325	0.281	0.307	0.357	0.319	0.245	0.291	0.255	0.296	0.309	0.260	0.336	0.327	0.308	0.297	0.255	0.320	1.877	0.398	0.202	0.213	-16948.671
342	16	500	500	0.5073	0.357	0.321	0.260	0.285	0.338	0.358	0.279	0.290	0.264	0.301	0.323	0.265	0.276	0.273	0.225	0.334	0.252	0.319	0.345	0.302	0.319	0.352	0.315	0.312	0.365	0.286	0.306	0.345	0.318	0.304	2.215	0.476	0.243	0.204	-16903.963
343	16	500	500	0.5158	0.343	0.238	0.342	0.274	0.277	0.308	0.337	0.372	0.353	0.270	0.255	0.325	0.330	0.323	0.329	0.372	0.276	0.308	0.301	0.309	0.255	0.275	0.281	0.343	0.312	0.321	0.347	0.348	0.311	0.316	1.942	0.384	0.187	0.181	-17072.937
344	16	500	500	0.5201	0.279	0.256	0.356	0.265	0.328	0.239	0.337	0.284	0.244	0.297	0.321	0.239	0.366	0.317	0.276	0.303	0.323	0.386	0.305	0.240	0.256	0.287	0.318	0.347	0.304	0.245	0.296	0.374	0.334	0.298	2.019	0.380	0.217	0.187	-16901.961
345	16	500	500	0.5193	0.248	0.227	0.298	0.271	0.270	0.303	0.311	0.272	0.346	0.225	0.326	0.291	0.350	0.283	0.353	0.297	0.222	0.367	0.324	0.296	0.284	0.367	0.289	0.271	0.288	0.273	0.325	0.248	0.265	0.325	2.003	0.386	0.207	0.208	-16836.227
346	16	500	499	0.5156	0.292	0.295	0.292	0.332	0.283	0.246	0.304	0.283	0.221	0.326	0.284	0.325	0.265	0.334	0.286	0.231	0.259	0.274	0.285	0.312	0.344	0.332	0.294	0.392	0.303	0.242	0.326	0.267	0.331	0.309	2.036	0.435	0.230	0.195	-16763.169
347	16	500	500	0.5203	0.307	0.279	0.269	0.313	0.319	0.297	0.246	0.317	0.314	0.249	0.293	0.299	0.358	0.267	0.276	0.308	0.224	0.267	0.288	0.265	0.335	0.296	0.282	0.346	0.254	0.322	0.299	0.303	0.310	0.319	1.925	0.422	0.197	0.197	-16698.977
348	16	500	500	0.5187	0.302	0.251	0.274	0.279	0.257	0.319	0.210	0.325	0.243	0.280	0.345	0.276	0.309	0.280	0.273	0.268	0.284	0.297	0.238	0.319	0.359	0.282	0.347	0.312	0.266	0.324	0.298	0.319	0.259	0.275	2.104	0.384	0.165	0.194	-16453.761
349	16	500	500	0.5227	0.246	0.351	0.313	0.297	0.258	0.298	0.308	0.357	0.292	0.268	0.322	0.297	0.264	0.270	0.255	0.234	0.219	0.290	0.327	0.299	0.303	0.346	0.333	0.316	0.255	0.365	0.363	0.274	0.232	0.312	2.096	0.406	0.198	0.213	-16858.419
350	16	500	500	0.5144	0.301	0.292	0.327	0.282	0.269	0.279	0.257	0.268	0.325	0.228	0.295	0.255	0.326	0.236	0.244	0.286	0.251	0.275	0.285	0.298	0.337	0.300	0.274	0.310	0.316	0.258	0.303	0.280	0.258	0.318	2.081	0.439	0.180	0.193	-16185.871
351	16	500	500	0.5119	0.314	0.263	0.289	0.312	0.237	0.316	0.290	0.299	0.289	0.302	0.366	0.286	0.334	0.292	0.372	0.302	0.321	0.373	0.285	0.286	0.323	0.279	0.334	0.224	0.317	0.251	0.321	0.412	0.309	0.305	2.110	0.462	0.230	0.215	-17104.286
352	16	500	499	0.5126	0.254	0.326	0.324	0.267	0.323	0.288	0.248	0.315	0.358	0.280	0.317	0.243	0.323	0.306	0.261	0.262	0.292	0.335	0.322	0.258	0.316	0.343	0.278	0.264	0.386	0.312	0.322	0.290	0.345	0.350	2.059	0.408	0.252	0.205	-17098.553
353	16	500	500	0.5109	0.252	0.288	0.311	0.320	0.308	0.269	0.279	0.298	0.404	0.219	0.313	0.301	0.343	0.312	0.310	0.252	0.354	0.401	0.279	0.312	0.290	0.276	0.268	0.255	0.358	0.324	0.276	0.253	0.344	0.317	2.122	0.417	0.227	0.202	-17030.306
354	16	500	498	0.5059	0.271	0.272	0.295	0.301	0.310	0.291	0.246	0.329	0.362	0.376	0.319	0.276	0.307	0.341	0.322	0.287	0.259	0.336	0.303	0.281	0.275	0.284	0.305	0.341	0.388	0.306	0.313	0.264	0.341	0.242	2.014	0.402	0.236	0.199	-16969.042
355	16	500	500	0.5111	0.301	0.290	0.228	0.316	0.290	0.312	0.271	0.336	0.400	0.234	0.267	0.271	0.306	0.305	0.282	0.285	0.311	0.299	0.293	0.316	0.229	0.341	0.294	0.246	0.382	0.273	0.260	0.345	0.267	0.235	1.877	0.315	0.153	0.200	-16723.960
356	16	500	500	0.5122	0.253	0.270	0.277	0.324	0.247	0.263	0.295	0.332	0.324	0.321	0.253	0.269	0.301	0.253	0.288	0.219	0.351	0.271	0.387	0.313	0.273	0.285	0.230	0.332	0.248	0.272	0.260	0.271	0.326	0.311	2.057	0.372	0.176	0.206	-16451.939
357	16	500	500	0.5024	0.250	0.261	0.250	0.289	0.336	0.327	0.248	0.285	0.276	0.299	0.308	0.274	0.369	0.230	0.273	0.302	0.316	0.302	0.289	0.293	0.335	0.326	0.342	0.202	0.294	0.298	0.282	0.307	0.344	0.299	2.025	0.480	0.217	0.195	-16597.448
358	16	500	499	0.5118	0.295	0.282	0.244	0.274	0.289	0.355	0.301	0.258	0.230	0.300	0.324	0.320	0.349	0.301	0.293	0.234	0.328	0.371	0.288	0.302	0.237	0.305	0.279	0.271	0.276	0.305	0.288	0.250	0.315	0.287	1.957	0.324	0.147	0.197	-16652.082
359	16	500	500	0.5179	0.301	0.296	0.353	0.287	0.331	0.230	0.316	0.334	0.305	0.362	0.259	0.316	0.253	0.265	0.259	0.327	0.274	0.227	0.291	0.328	0.371	0.270	0.298	0.434	0.307	0.290	0.307	0.286	0.297	0.316	1.914	0.403	0.215	0.185	-16830.475
360	16	500	500	0.5083	0.209	0.298	0.242	0.330	0.319	0.288	0.309	0.247	0.235	0.259	0.288	0.298	0.325	0.246	0.291	0.277	0.261	0.256	0.331	0.265	0.291	0.324	0.236	0.301	0.259	0.259	0.285	0.238	0.298	0.251	2.009	0.500	0.195	0.213	-16188.162
361	16	500	499	0.5153	0.321	0.332	0.306	0.305	0.254	0.330	0.276	0.297	0.327	0.313	0.318	0.305	0.267	0.313	0.226	0.302	0.248	0.321	0.311	0.261	0.295	0.257	0.291	0.347	0.246	0.326	0.269	0.286	0.261	0.274	2.010	0.400	0.222	0.193	-16551.635
362	16	500	500	0.5121	0.254	0.297	0.260	0.321	0.323	0.307	0.337	0.295	0.266	0.317	0.281	0.307	0.225	0.283	0.286	0.259	0.276	0.271	0.288	0.337	0.335	0.302	0.265	0.256	0.274	0.278	0.280	0.319	0.298	0.307	1.999	0.275	0.132	0.192	-16519.553
363	16	500	500	0.5287	0.254	0.389	0.342	0.237	0.359	0.273	0.315	0.313	0.324	0.262	0.276	0.288	0.294	0.300	0.320	0.317	0.282	0.328	0.354	0.282	0.328	0.296	0.356	0.322	0.252	0.314	0.336	0.376	0.329	0.352	2.003	0.322	0.201	0.189	-17347.568
364	16	500	499	0.5136	0.298	0.308	0.348	0.309	0.295	0.269	0.258	0.325	0.264	0.334	0.281	0.283	0.263	0.326	0.318	0.297	0.302	0.272	0.297	0.333	0.281	0.322	0.296	0.304	0.279	0.235	0.300	0.297	0.329	0.303	1.937	0.374	0.178	0.203	-16905.442
365	16	500	500	0.4943	0.321	0.237	0.308	0.330	0.310	0.314	0.284	0.331	0.308	0.286	0.279	0.295	0.303	0.311	0.237	0.315	0.283	0.295	0.327	0.279	0.283	0.317	0.266	0.285	0.282	0.294	0.309	0.308	0.275	0.332	1.881	0.393	0.213	0.194	-16811.111
366	16	500	500	0.5204	0.250	0.261	0.317	0.311	0.354	0.307	0.250	0.295	0.321	0.317	0.248	0.272	0.261	0.242	0.291	0.226	0.330	0.287	0.278	0.237	0.269	0.264	0.271	0.301	0.274	0.265	0.322	0.299	0.258	0.353	1.957	0.251	0.118	0.200	-16439.874
367	16	500	499	0.5174	0.187	0.266	0.281	0.292	0.256	0.271	0.321	0.314	0.225	0.336	0.278	0.337	0.257	0.290	0.305	0.273	0.312	0.318	0.327	0.326	0.319	0.280	0.263	0.274	0.335	0.266	0.277	0.328	0.335	0.300	2.053	0.501	0.215	0.190	-16469.852
368	16	500	500	0.5099	0.208	0.298	0.280	0.327	0.267	0.362	0.330	0.317	0.328	0.284	0.286	0.264	0.330	0.336	0.295	0.266	0.320	0.307	0.326	0.255	0.311	0.314	0.319	0.274	0.361	0.346	0.299	0.312	0.295	0.283	1.925	0.336	0.185	0.185	-16969.181
369	16	500	500	0.5002	0.261	0.325	0.295	0.300	0.294	0.339	0.344	0.321	0.246	0.248	0.340	0.302	0.364	0.343	0.300	0.278	0.311	0.251	0.287	0.295	0.305	0.288	0.288	0.230	0.280	0.340	0.358	0.367	0.281	0.306	1.994	0.581	0.276	0.200	-16933.449
370	16	500	500	0.4999	0.272	0.276	0.366	0.309	0.260	0.254	0.277	0.291	0.309	0.306	0.298	0.292	0.323	0.274	0.332	0.348	0.283	0.328	0.329	0.303	0.348	0.356	0.355	0.258	0.277	0.294	0.355	0.264	0.270	0.264	2.108	0.418	0.241	0.185	-16926.343
371	16	500	500	0.4975	0.296	0.317	0.326	0.317	0.278	0.289	0.346	0.233	0.308	0.301	0.251	0.306	0.311	0.325	0.246	0.288	0.302	0.299	0.293	0.264	0.297	0.273	0.299	0.268	0.258	0.260	0.360	0.281	0.306	0.275	2.075	0.473	0.240	0.196	-16535.054
372	16	500	500	0.5141	0.236	0.253	0.282	0.284	0.292	0.363	0.264	0.285	0.285	0.280	0.321	0.319	0.336	0.349	0.278	0.274	0.346	0.312	0.289	0.266	0.286	0.279	0.283	0.322	0.310	0.290	0.308	0.263	0.315	0.295	1.937	0.436	0.191	0.203	-16651.638
373	16	500	500	0.5229	0.304	0.250	0.268	0.282	0.318	0.305	0.329	0.268	0.332	0.367	0.355	0.263	0.288	0.323	0.320	0.335	0.324	0.404	0.308	0.290	0.324	0.312	0.316	0.356	0.299	0.309	0.306	0.274	0.305	0.306	1.841	0.343	0.192	0.207	-17371.745
374	16	500	500	0.5010	0.289	0.218	0.293	0.310	0.269	0.283	0.331	0.216	0.350	0.310	0.263	0.318	0.284	0.281	0.299	0.263	0.263	0.265	0.305	0.353	0.239	0.278	0.316	0.309	0.296	0.262	0.320	0.294	0.310	0.292	1.976	0.477	0.234	0.202	-16527.238
375	16	500	500	0.5153	0.268	0.323	0.332	0.360	0.262	0.283	0.302	0.298	0.299	0.286	0.306	0.290	0.268	0.289	0.270	0.306	0.342	0.257	0.289	0.258	0.375	0.304	0.286	0.315	0.312	0.251	0.322	0.293	0.256	0.337	2.001	0.355	0.187	0.184	-16764.582
376	16	500	500	0.5253	0.265	0.328	0.314	0.261	0.311	0.288	0.303	0.283	0.296	0.290	0.313	0.287	0.272	0.359	0.307	0.278	0.366	0.259	0.308	0.275	0.305	0.291	0.260	0.325	0.325	0.300	0.307	0.359	0.254	0.286	1.997	0.306	0.152	0.183	-16758.411
377	16	500	500	0.5143	0.317	0.248	0.293	0.295	0.285	0.284	0.326	0.318	0.292	0.277	0.306	0.326	0.263	0.279	0.316	0.309	0.356	0.324	0.292	0.290	0.295	0.238	0.327	0.267	0.357	0.293	0.363	0.273	0.305	0.317	1.928	0.431	0.222	0.211	-17064.225
378	16	500	500	0.5209	0.267	0.318	0.296	0.336	0.331	0.288	0.265	0.279	0.291	0.298	0.342	0.304	0.262	0.339	0.261	0.284	0.307	0.342	0.289	0.324	0.286	0.372	0.245	0.251	0.334	0.243	0.349	0.291	0.315	0.327	1.904	0.327	0.183	0.196	-17007.784
379	16	500	499	0.5089	0.312	0.158	0.319	0.241	0.329	0.272	0.307	0.341	0.362	0.328	0.292	0.275	0.277	0.354	0.223	0.260	0.346	0.328	0.259	0.273	0.289	0.225	0.256	0.308	0.252	0.311	0.306	0.271	0.313	0.269	2.101	0.389	0.193	0.195	-16483.551
380	16	500	500	0.5118	0.256	0.303	0.378	0.325	0.311	0.252	0.318	0.310	0.278	0.299	0.308	0.278	0.228	0.337	0.251	0.282	0.253	0.329	0.302	0.296	0.320	0.252	0.276	0.297	0.297	0.280	0.270	0.319	0.305	0.268	2.039	0.388	0.173	0.199	-16595.925
381	16	500	500	0.5041	0.270	0.343	0.275	0.268	0.292	0.267	0.332	0.295	0.251	0.236	0.325	0.323	0.275	0.226	0.236	0.322	0.267	0.298	0.324	0.282	0.327	0.251	0.281	0.273	0.222	0.309	0.286	0.281	0.303	0.258	1.991	0.481	0.187	0.207	-16296.904
382	16	500	500	0.5046	0.246	0.318	0.341	0.269	0.311	0.302	0.265	0.347	0.302	0.306	0.323	0.309	0.283	0.358	0.300	0.248	0.313	0.284	0.273	0.327	0.268	0.267	0.328	0.270	0.310	0.372	0.270	0.304	0.332	0.389	1.971	0.453	0.234	0.191	-16911.868
383	16	500	500	0.5057	0.237	0.296	0.329	0.366	0.320	0.376	0.253	0.282	0.304	0.275	0.308	0.326	0.352	0.346	0.278	0.313	0.330	0.314	0.326	0.351	0.300	0.322	0.294	0.360	0.238	0.289	0.352	0.358	0.295	0.256	2.107	0.377	0.202	0.196	-17171.615
384	16	500	500	0.5247	0.293	0.283	0.312	0.315	0.409	0.275	0.328	0.325	0.395	0.267	0.313	0.278	0.328	0.279	0.283	0.269	0.323	0.289	0.298	0.270	0.320	0.288	0.276	0.282	0.300	0.289	0.313	0.349	0.244	0.369	1.989	0.397	0.200	0.210	-17158.792
385	16	500	500	0.5198	0.284	0.364	0.257	0.219	0.298	0.331	0.270	0.307	0.278	0.333	0.275	0.294	0.257	0.287	0.323	0.322	0.316	0.222	0.261	0.315	0.335	0.236	0.357	0.352	0.336	0.338	0.275	0.255	0.257	0.361	1.873	0.434	0.227	0.191	-16709.303
386	16	500	500	0.5075	0.274	0.298	0.294	0.310	0.303	0.280	0.289	0.297	0.305	0.239	0.323	0.291	0.273	0.316	0.286	0.247	0.267	0.260	0.326	0.330	0.354	0.335	0.307	0.331	0.262	0.323	0.305	0.286	0.310	0.321	1.998	0.435	0.218	0.215	-16995.193
387	16	500	500	0.5130	0.247	0.259	0.248	0.303	0.303	0.331	0.280	0.269	0.251	0.339	0.306	0.344	0.279	0.290	0.279	0.294	0.342	0.320	0.305	0.308	0.303	0.306	0.318	0.325	0.289	0.316	0.299	0.345	0.317	0.301	2.009	0.364	0.216	0.202	-17025.824
388	16	500	500	0.5031	0.373	0.283	0.358	0.340	0.334	0.303	0.268	0.262	0.289	0.261	0.340	0.363	0.338	0.342	0.300	0.363	0.223	0.300	0.285	0.347	0.363	0.281	0.335	0.420	0.283	0.317	0.286	0.259	0.294	0.295	2.025	0.442	0.197	0.205	-17125.200
389	16	500	499	0.5155	0.223	0.276	0.327	0.290	0.249	0.310	0.313	0.325	0.279	0.300	0.304	0.272	0.311	0.305	0.347	0.264	0.291	0.309	0.289	0.282	0.287	0.320	0.278	0.254	0.415	0.284	0.286	0.221	0.330	0.311	2.003	0.507	0.241	0.209	-16590.493
390	16	500	500	0.5230	0.221	0.263	0.306	0.297	0.300	0.328	0.327	0.319	0.341	0.293	0.231	0.308	0.310	0.275	0.311	0.265	0.248	0.312	0.311	0.299	0.320	0.319	0.319	0.261	0.300	0.311	0.259	0.257	0.341	0.291	1.970	0.255	0.135	0.182	-16800.125
391	16	500	497	0.5178	0.254	0.299	0.313	0.305	0.328	0.284	0.289	0.293	0.311	0.321	0.324	0.321	0.248	0.370	0.251	0.235	0.334	0.319	0.299	0.267	0.267	0.316	0.302	0.312	0.299	0.267	0.243	0.237	0.303	0.247	2.074	0.365	0.189	0.200	-16650.087
392	16	500	500	0.4963	0.281	0.308	0.270	0.258	0.293	0.326	0.345	0.309	0.266	0.264	0.293	0.317	0.320	0.278	0.328	0.268	0.257	0.324	0.315	0.308	0.332	0.312	0.293	0.266	0.315	0.329	0.281	0.281	0.298	0.290	1.917	0.369	0.194	0.189	-16808.181
393	16	500	500	0.5164	0.317	0.294	0.307	0.326	0.268	0.287	0.314	0.312	0.205	0.286	0.289	0.297	0.324	0.254	0.348	0.318	0.256	0.337	0.321	0.293	0.342	0.290	0.312	0.275	0.366	0.300	0.259	0.285	0.273	0.303	1.992	0.453	0.249	0.202	-16845.860
394	16	500	500	0.5054	0.301	0.244	0.255	0.339	0.286	0.255	0.271	0.369	0.322	0.265	0.324	0.343	0.306	0.276	0.327	0.254	0.295	0.344	0.301	0.314	0.335	0.229	0.278	0.281	0.274	0.311	0.378	0.317	0.265	0.299	2.030	0.307	0.147	0.196	-16911.572
395	16	500	500	0.5238	0.293	0.300	0.269	0.279	0.264	0.358	0.279	0.320	0.289	0.325	0.306	0.233	0.275	0.276	0.268	0.246	0.278	0.265	0.348	0.322	0.287	0.278	0.261	0.314	0.288	0.327	0.346	0.286	0.312	0.313	2.039	0.341	0.145	0.203	-16719.408
396	16	500	500	0.4948	0.288	0.293	0.256	0.293	0.304	0.267	0.349	0.318	0.327	0.273	0.339	0.237	0.412	0.268	0.322	0.300	0.294	0.326	0.296	0.290	0.281	0.295	0.311	0.193	0.335	0.292	0.296	0.307	0.332	0.247	1.874	0.289	0.166	0.197	-16961.598
397	16	500	500	0.5034	0.282	0.421	0.361	0.338	0.301	0.281	0.337	0.273	0.300	0.384	0.366	0.296	0.294	0.306	0.313	0.251	0.273	0.311	0.300	0.357	0.341	0.315	0.341	0.334	0.331	0.300	0.314	0.363	0.290	0.314	2.080	0.478	0.288	0.196	-17399.888
398	16	500	500	0.5224	0.274	0.233	0.263	0.324	0.243	0.317	0.340	0.258	0.339	0.353	0.277	0.307	0.246	0.274	0.293	0.271	0.344	0.292	0.294	0.306	0.287	0.300	0.295	0.312	0.209	0.263	0.327	0.312	0.286	0.335	1.995	0.344	0.162	0.206	-16684.664
399	16	500	500	0.5080	0.273	0.292	0.357	0.313	0.248	0.327	0.276	0.334	0.218	0.273	0.325	0.259	0.318	0.258	0.328	0.231	0.278	0.332	0.303	0.305	0.275	0.252	0.295	0.236	0.330	0.320	0.324	0.272	0.316	0.292	2.144	0.464	0.247	0.194	-16710.964
400	16	500	500	0.5119	0.221	0.354	0.321	0.282	0.226	0.293	0.278	0.298	0.326	0.301	0.342	0.299	0.303	0.344	0.301	0.271	0.238	0.315	0.322	0.372	0.269	0.318	0.291	0.394	0.257	0.334	0.262	0.261	0.254	0.340	1.933	0.268	0.152	0.193	-16952.691
401	16	500	499	0.5093	0.260	0.273	0.258	0.260	0.292	0.320	0.276	0.311	0.296	0.284	0.292	0.304	0.333	0.287	0.316	0.224	0.350	0.287	0.323	0.335	0.304	0.330	0.258	0.294	0.294	0.282	0.263	0.270	0.312	0.258	1.906	0.281	0.153	0.192	-16780.784
402	16	500	500	0.5131	0.302	0.277	0.348	0.293	0.244	0.269	0.311	0.290	0.265	0.272	0.281	0.281	0.289	0.303	0.382	0.322	0.362	0.302	0.298	0.290	0.281	0.269	0.311	0.290	0.381	0.300	0.297	0.331	0.295	0.361	1.998	0.396	0.188	0.202	-16894.780
403	16	500	499	0.4945	0.233	0.287	0.292	0.268	0.310	0.288	0.287	0.299	0.280	0.211	0.283	0.268	0.300	0.231	0.306	0.287	0.243	0.261	0.256	0.248	0.310	0.281	0.269	0.345	0.208	0.293	0.298	0.350	0.277	0.269	2.088	0.424	0.169	0.195	-16018.088
404	16	500	500	0.5101	0.284	0.325	0.325	0.256	0.284	0.382	0.246	0.269	0.335	0.278	0.272	0.248	0.276	0.356	0.282	0.279	0.300	0.321	0.353	0.270	0.262	0.288	0.318	0.269	0.253	0.306	0.320	0.305	0.252	0.291	2.070	0.406	0.180	0.184	-16443.384
405	16	500	500	0.5212	0.303	0.337	0.314	0.274	0.334	0.302	0.394	0.254	0.251	0.336	0.300	0.286	0.239	0.339	0.355	0.273	0.352	0.351	0.285	0.388	0.221	0.291	0.270	0.298	0.305	0.299	0.340	0.275	0.333	0.335	1.971	0.447	0.235	0.206	-17278.787
406	16	500	499	0.4881	0.297	0.253	0.278	0.306	0.314	0.302	0.281	0.263	0.366	0.345	0.279	0.297	0.326	0.266	0.363	0.246	0.266	0.327	0.260	0.292	0.210	0.289	0.249	0.236	0.282	0.310	0.285	0.255	0.311	0.326	1.934	0.468	0.240	0.194	-16561.251
407	16	500	500	0.5105	0.297	0.218	0.406	0.299	0.279	0.310	0.273	0.302	0.296	0.350	0.304	0.307	0.322	0.291	0.328	0.251	0.299	0.307	0.289	0.275	0.322	0.318	0.272	0.321	0.326	0.210	0.297	0.323	0.288	0.321	1.902	0.352	0.183	0.181	-16806.392
408	16	500	500	0.5135	0.296	0.335	0.321	0.293	0.268	0.296	0.379	0.269	0.269	0.329	0.270	0.313	0.263	0.218	0.308	0.279	0.213	0.242	0.256	0.326	0.327	0.297	0.294	0.215	0.247	0.280	0.267	0.324	0.316	0.271	1.970	0.388	0.170	0.199	-16395.366
409	16	500	500	0.5210	0.364	0.248	0.361	0.264	0.235	0.257	0.337	0.314	0.315	0.240	0.368	0.315	0.332	0.282	0.304	0.323	0.252	0.318	0.310	0.309	0.309	0.329	0.259	0.296	0.308	0.293	0.265	0.362	0.299	0.370	2.072	0.455	0.260	0.205	-17054.800
410	16	500	500	0.5064	0.218	0.346	0.319	0.249	0.335	0.266	0.279	0.316	0.276	0.289	0.296	0.280	0.315	0.330	0.318	0.277	0.260	0.258	0.300	0.333	0.279	0.259	0.361	0.349	0.313	0.267	0.300	0.263	0.302	0.263	2.015	0.360	0.176	0.168	-16581.075
411	16	500	500	0.5123	0.352	0.324	0.328	0.241	0.314	0.262	0.313	0.296	0.218	0.280	0.304	0.270	0.275	0.302	0.333	0.267	0.328	0.292	0.267	0.293	0.367	0.255	0.307	0.229	0.325	0.291	0.271	0.263	0.292	0.286	2.020	0.398	0.163	0.200	-16508.911
412	16	500	500	0.5097	0.265	0.266	0.285	0.236	0.318	0.285	0.333	0.248	0.324	0.288	0.253	0.301	0.298	0.288	0.265	0.348	0.270	0.319	0.320	0.296	0.257	0.288	0.362	0.302	0.254	0.323	0.270	0.328	0.291	0.321	1.968	0.440	0.220	0.210	-16771.286
413	16	500	500	0.5203	0.245	0.276	0.267	0.266	0.301	0.278	0.313	0.240	0.309	0.346	0.284	0.315	0.273	0.340	0.350	0.230	0.294	0.347	0.322	0.312	0.358	0.272	0.304	0.373	0.226	0.313	0.310	0.336	0.286	0.357	1.992	0.227	0.124	0.186	-16878.537
414	16	500	500	0.5095	0.248	0.329	0.281	0.305	0.284	0.232	0.244	0.265	0.281	0.299	0.315	0.267	0.305	0.303	0.324	0.265	0.256	0.254	0.291	0.287	0.360	0.307	0.308	0.353	0.282	0.278	0.287	0.241	0.287	0.343	1.986	0.437	0.231	0.203	-16696.110
415	16	500	500	0.5045	0.234	0.297	0.312	0.286	0.304	0.316	0.339	0.275	0.266	0.302	0.256	0.282	0.362	0.297	0.294	0.276	0.317	0.313	0.291	0.269	0.254	0.328	0.271	0.259	0.330	0.318	0.292	0.280	0.286	0.329	1.982	0.434	0.217	0.199	-16691.071
416	16	500	500	0.5212	0.217	0.352	0.304	0.320	0.337	0.282	0.375	0.294	0.246	0.342	0.319	0.280	0.290	0.350	0.322	0.242	0.278	0.309	0.319	0.296	0.352	0.317	0.326	0.317	0.236	0.278	0.265	0.277	0.300	0.293	1.877	0.388	0.197	0.180	-16959.719
417	16	500	500	0.5118	0.240	0.310	0.416	0.333	0.274	0.210	0.362	0.301	0.335	0.312	0.409	0.259	0.299	0.335	0.324	0.293	0.334	0.196	0.294	0.300	0.330	0.327	0.311	0.269	0.218	0.302	0.267	0.277	0.347	0.290	1.998	0.451	0.180	0.186	-16722.213
418	16	500	499	0.5131	0.298	0.344	0.220	0.285	0.257	0.310	0.311	0.257	0.229	0.319	0.304	0.281	0.273	0.269	0.269	0.298	0.302	0.295	0.279	0.326	0.254	0.268	0.300	0.310	0.276	0.292	0.332	0.287	0.283	0.298	2.003	0.434	0.197	0.210	-16645.356
419	16	500	500	0.5079	0.280	0.273	0.280	0.303	0.291	0.273	0.358	0.294	0.281	0.264	0.261	0.265	0.312	0.267	0.286	0.284	0.263	0.342	0.266	0.298	0.316	0.288	0.298	0.336	0.331	0.236	0.309	0.276	0.319	0.322	2.080	0.473	0.199	0.208	-16591.782
420	16	500	500	0.5063	0.336	0.257	0.313	0.282	0.305	0.230	0.286	0.316	0.235	0.275	0.297	0.279	0.301	0.263	0.280	0.310	0.284	0.283	0.302	0.282	0.252	0.268	0.319	0.356	0.271	0.290	0.261	0.319	0.285	0.241	2.014	0.342	0.168	0.218	-16571.492
421	16	500	500	0.5072	0.297	0.242	0.306	0.292	0.302	0.288	0.303	0.269	0.312	0.291	0.317	0.303	0.387	0.269	0.349	0.283	0.288	0.254	0.324	0.283	0.277	0.301	0.343	0.211	0.299	0.274	0.243	0.305	0.287	0.344	1.950	0.497	0.241	0.216	-16898.377
422	16	500	500	0.5073	0.285	0.363	0.285	0.320	0.285	0.313	0.314	0.376	0.325	0.312	0.295	0.290	0.249	0.302	0.290	0.273	0.193	0.320	0.286	0.305	0.306	0.331	0.279	0.360	0.249	0.298	0.263	0.300	0.315	0.270	1.973	0.337	0.199	0.181	-16782.056
423	16	500	500	0.5318	0.275	0.248	0.350	0.292	0.343	0.240	0.369	0.231	0.307	0.298	0.269	0.309	0.313	0.339	0.310	0.273	0.274	0.201	0.360	0.284	0.349	0.329	0.287	0.323	0.311	0.239	0.270	0.251	0.304	0.339	2.105	0.437	0.225	0.192	-16843.359
424	16	500	500	0.5160	0.253	0.319	0.289	0.248	0.315	0.305	0.283	0.331	0.317	0.262	0.350	0.318	0.295	0.272	0.320	0.290	0.320	0.317	0.283	0.286	0.233	0.304	0.246	0.278	0.283	0.327	0.291	0.301	0.312	0.312	1.985	0.344	0.155	0.193	-16697.410
425	16	500	500	0.5175	0.235	0.272	0.383	0.280	0.317	0.259	0.282	0.253	0.329	0.266	0.338	0.395	0.288	0.247	0.350	0.242	0.330	0.310	0.345	0.284	0.331	0.332	0.319	0.296	0.293	0.263	0.286	0.319	0.334	0.285	1.952	0.288	0.150	0.209	-17147.357
426	16	500	500	0.5313	0.251	0.280	0.318	0.334	0.274	0.260	0.316	0.275	0.286	0.289	0.250	0.293	0.253	0.302	0.221	0.291	0.360	0.216	0.293	0.302	0.299	0.341	0.285	0.259	0.310	0.290	0.281	0.314	0.317	0.269	1.980	0.309	0.132	0.203	-16522.525
427	16	500	500	0.5243	0.282	0.276	0.367	0.259	0.328	0.330	0.314	0.247	0.405	0.318	0.353	0.324	0.332	0.261	0.358	0.275	0.348	0.316	0.309	0.283	0.326	0.335	0.289	0.283	0.291	0.323	0.305	0.282	0.268	0.335	2.012	0.424	0.229	0.213	-17229.815
428	16	500	500	0.5113	0.252	0.292	0.371	0.270	0.320	0.263	0.254	0.309	0.336	0.319	0.334	0.286	0.274	0.315	0.324	0.249	0.347	0.279	0.319	0.254	0.287	0.317	0.294	0.251	0.321	0.312	0.309	0.327	0.289	0.336	1.915	0.416	0.210	0.198	-16959.341
429	16	500	500	0.5259	0.272	0.282	0.294	0.376	0.239	0.368	0.330	0.363	0.316	0.312	0.273	0.301	0.269	0.352	0.285	0.237	0.278	0.284	0.291	0.266	0.267	0.275	0.309	0.252	0.254	0.368	0.259	0.327	0.332	0.294	2.062	0.454	0.204	0.193	-16710.151
430	16	500	500	0.5132	0.245	0.223	0.298	0.296	0.270	0.341	0.276	0.336	0.320	0.294	0.264	0.314	0.286	0.258	0.357	0.250	0.360	0.329	0.352	0.253	0.303	0.297	0.329	0.216	0.282	0.276	0.284	0.389	0.283	0.256	2.074	0.199	0.099	0.208	-16738.702
431	16	500	500	0.5205	0.288	0.263	0.322	0.333	0.266	0.329	0.304	0.322	0.300	0.258	0.309	0.331	0.353	0.322	0.286	0.217	0.330	0.326	0.309	0.308	0.326	0.258	0.335	0.289	0.283	0.324	0.315	0.294	0.301	0.335	1.946	0.316	0.167	0.193	-17068.485
432	16	500	500	0.5116	0.213	0.318	0.335	0.342	0.254	0.382	0.297	0.303	0.254	0.286	0.358	0.249	0.349	0.303	0.237	0.282	0.277	0.346	0.326	0.306	0.310	0.363	0.325	0.269	0.230	0.303	0.255	0.334	0.318	0.321	2.148	0.380	0.188	0.183	-16756.115
433	16	500	500	0.5231	0.294	0.354	0.271	0.346	0.404	0.300	0.262	0.312	0.303	0.334	0.358	0.224	0.332	0.330	0.267	0.298	0.320	0.341	0.319	0.357	0.302	0.357	0.242	0.278	0.297	0.300	0.291	0.315	0.337	0.292	2.009	0.340	0.208	0.203	-17386.577
434	16	500	500	0.5009	0.288	0.283	0.274	0.271	0.327	0.243	0.320	0.332	0.310	0.286	0.274	0.327	0.336	0.318	0.274	0.213	0.294	0.270	0.288	0.256	0.343	0.340	0.262	0.269	0.237	0.323	0.337	0.320	0.312	0.268	2.062	0.523	0.272	0.177	-16498.022
435	16	500	500	0.5217	0.362	0.269	0.279	0.338	0.262	0.318	0.306	0.331	0.370	0.270	0.290	0.322	0.356	0.362	0.318	0.303	0.229	0.338	0.252	0.261	0.315	0.269	0.287	0.289	0.412	0.384	0.306	0.342	0.293	0.319	2.129	0.286	0.154	0.185	-17044.559
436	16	500	500	0.5094	0.269	0.346	0.311	0.301	0.336	0.305	0.364	0.280	0.254	0.333	0.312	0.283	0.259	0.315	0.328	0.238	0.375	0.293	0.364	0.329	0.264	0.299	0.321	0.298	0.328	0.298	0.312	0.279	0.283	0.345	2.105	0.247	0.118	0.197	-17069.632
437	16	500	500	0.5060	0.300	0.298	0.284	0.266	0.265	0.261	0.312	0.308	0.269	0.322	0.282	0.298	0.270	0.356	0.276	0.313	0.314	0.332	0.296	0.322	0.295	0.335	0.327	0.271	0.317	0.351	0.323	0.318	0.296	0.308	1.991	0.386	0.204	0.187	-16897.712
438	16	500	500	0.5079	0.264	0.294	0.268	0.320	0.272	0.299	0.344	0.246	0.229	0.369	0.378	0.299	0.300	0.297	0.309	0.211	0.273	0.281	0.303	0.305	0.274	0.364	0.352	0.226	0.253	0.266	0.326	0.352	0.243	0.330	1.970	0.289	0.146	0.195	-16790.262
439	16	500	500	0.5214	0.328	0.250	0.274	0.340	0.272	0.351	0.270	0.276	0.306	0.235	0.305	0.311	0.293	0.351	0.260	0.319	0.306	0.234	0.285	0.348	0.251	0.288	0.266	0.272	0.315	0.324	0.271	0.286	0.343	0.279	1.969	0.447	0.241	0.204	-16810.756
440	16	500	499	0.4977	0.285	0.367	0.307	0.286	0.306	0.254	0.315	0.256	0.284	0.273	0.268	0.335	0.285	0.285	0.333	0.284	0.293	0.306	0.267	0.279	0.285	0.266	0.280	0.280	0.316	0.302	0.301	0.311	0.286	0.286	2.082	0.431	0.181	0.207	-16580.975
441	16	500	500	0.5327	0.301	0.270	0.309	0.331	0.301	0.277	0.304	0.255	0.243	0.270	0.297	0.316	0.268	0.296	0.297	0.265	0.291	0.250	0.290	0.298	0.304	0.297	0.267	0.321	0.293	0.272	0.294	0.300	0.319	0.282	1.901	0.385	0.182	0.215	-16803.585
442	16	500	498	0.5042	0.288	0.278	0.243	0.266	0.288	0.344	0.316	0.336	0.313	0.341	0.296	0.265	0.337	0.267	0.327	0.305	0.283	0.295	0.388	0.229	0.264	0.289	0.300	0.247	0.266	0.264	0.298	0.274	0.314	0.318	1.958	0.331	0.149	0.192	-16560.506
443	16	500	499	0.5125	0.267	0.263	0.349	0.292	0.265	0.213	0.266	0.274	0.295	0.322	0.302	0.309	0.271	0.246	0.329	0.208	0.237	0.291	0.362	0.293	0.242	0.294	0.300	0.344	0.208	0.266	0.238	0.310	0.255	0.310	2.070	0.472	0.221	0.200	-16349.857
444	16	500	500	0.5054	0.295	0.250	0.288	0.360	0.343	0.277	0.228	0.278	0.399	0.311	0.301	0.329	0.288	0.334	0.276	0.319	0.265	0.336	0.314	0.313	0.275	0.295	0.332	0.292	0.290	0.332	0.328	0.258	0.269	0.312	2.054	0.365	0.176	0.202	-16851.089
445	16	500	499	0.5090	0.247	0.279	0.267	0.283	0.332	0.331	0.273	0.368	0.311	0.304	0.265	0.255	0.360	0.292	0.290	0.307	0.320	0.380	0.352	0.341	0.219	0.298	0.308	0.301	0.273	0.297	0.308	0.278	0.297	0.322	2.011	0.461	0.242	0.195	-16908.360
446	16	500	500	0.5155	0.281	0.266	0.301	0.374	0.316	0.385	0.341	0.267	0.255	0.303	0.299	0.318	0.289	0.232	0.332	0.259	0.303	0.362	0.362	0.283	0.249	0.340	0.280	0.298	0.294	0.286	0.348	0.359	0.310	0.286	2.049	0.474	0.227	0.202	-17060.859
447	16	500	500	0.5115	0.294	0.354	0.265	0.319	0.280	0.316	0.280	0.298	0.345	0.328	0.274	0.293	0.282	0.338	0.321	0.275	0.340	0.320	0.291	0.279	0.364	0.277	0.331	0.334	0.396	0.273	0.317	0.262	0.309	0.337	1.961	0.341	0.201	0.187	-17096.162
448	16	500	500	0.5159	0.296	0.320	0.367	0.256	0.326	0.322	0.323	0.292	0.288	0.289	0.298	0.345	0.289	0.355	0.365	0.251	0.370	0.335	0.329	0.275	0.266	0.305	0.350	0.318	0.296	0.261	0.289	0.363	0.290	0.354	2.034	0.369	0.220	0.212	-17399.075
449	16	500	500	0.4868	0.254	0.352	0.325	0.288	0.362	0.332	0.260	0.343	0.337	0.267	0.287	0.283	0.265	0.316	0.267	0.275	0.233	0.354	0.320	0.294	0.311	0.356	0.275	0.353	0.266	0.313	0.361	0.303	0.309	0.293	2.048	0.283	0.163	0.194	-17021.443
450	16	500	500	0.5236	0.282	0.338	0.363	0.375	0.248	0.263	0.336	0.307	0.253	0.313	0.275	0.318	0.342	0.271	0.271	0.306	0.314	0.378	0.407	0.223	0.342	0.279	0.298	0.203	0.329	0.397	0.273	0.350	0.367	0.375	2.009	0.461	0.260	0.216	-17322.758
451	16	500	500	0.5028	0.350	0.340	0.270	0.317	0.326	0.265	0.298	0.303	0.277	0.311	0.325	0.264	0.321	0.344	0.350	0.297	0.215	0.356	0.282	0.329	0.333	0.299	0.331	0.298	0.309	0.293	0.251	0.260	0.319	0.321	2.040	0.403	0.220	0.215	-17188.412
452	16	500	500	0.5186	0.243	0.288	0.304	0.328	0.307	0.382	0.295	0.363	0.395	0.302	0.268	0.264	0.326	0.306	0.265	0.262	0.238	0.355	0.311	0.330	0.358	0.371	0.298	0.351	0.276	0.360	0.301	0.246	0.302	0.273	1.885	0.346	0.190	0.200	-17201.245
453	16	500	500	0.5230	0.243	0.274	0.288	0.306	0.284	0.290	0.246	0.334	0.312	0.322	0.284	0.336	0.317	0.320	0.254	0.245	0.332	0.295	0.251	0.329	0.327	0.263	0.346	0.303	0.291	0.312	0.272	0.312	0.271	0.356	1.974	0.444	0.261	0.203	-16977.345
454	16	500	500	0.5200	0.319	0.230	0.273	0.296	0.272	0.342	0.348	0.314	0.335	0.346	0.284	0.363	0.305	0.332	0.348	0.285	0.239	0.358	0.265	0.312	0.316	0.316	0.352	0.344	0.222	0.318	0.368	0.307	0.279	0.328	2.022	0.479	0.278	0.177	-17112.792
455	16	500	500	0.5222	0.297	0.362	0.265	0.291	0.301	0.264	0.303	0.269	0.261	0.293	0.269	0.307	0.276	0.347	0.283	0.300	0.330	0.295	0.294	0.315	0.268	0.305	0.344	0.222	0.334	0.289	0.307	0.286	0.302	0.332	2.046	0.410	0.197	0.209	-16840.624
456	16	500	500	0.5097	0.265	0.275	0.348	0.270	0.312	0.265	0.331	0.295	0.279	0.287	0.301	0.312	0.356	0.362	0.295	0.272	0.290	0.315	0.292	0.273	0.284	0.307	0.296	0.297	0.277	0.367	0.292	0.304	0.278	0.300	1.974	0.331	0.155	0.208	-16851.532
457	16	500	500	0.5096	0.287	0.341	0.293	0.262	0.295	0.348	0.247	0.343	0.261	0.314	0.311	0.304	0.342	0.317	0.306	0.279	0.307	0.312	0.326	0.278	0.277	0.305	0.290	0.300	0.330	0.317	0.290	0.240	0.263	0.277	1.889	0.369	0.168	0.204	-16846.368
458	16	500	499	0.5010	0.326	0.278	0.256	0.292	0.277	0.325	0.323	0.271	0.325	0.224	0.376	0.285	0.249	0.294	0.321	0.244	0.277	0.285	0.285	0.304	0.313	0.304	0.292	0.295	0.308	0.273	0.293	0.271	0.289	0.308	1.883	0.387	0.196	0.183	-16504.300
459	16	500	499	0.5232	0.304	0.290	0.266	0.317	0.316	0.343	0.282	0.285	0.307	0.269	0.346	0.312	0.263	0.316	0.322	0.283	0.290	0.274	0.312	0.282	0.305	0.367	0.272	0.260	0.385	0.256	0.258	0.300	0.304	0.315	1.904	0.320	0.163	0.210	-16943.279
460	16	500	499	0.5140	0.319	0.318	0.274	0.345	0.242	0.332	0.301	0.342	0.258	0.397	0.266	0.328	0.302	0.313	0.246	0.334	0.304	0.280	0.306	0.245	0.353	0.350	0.275	0.337	0.282	0.305	0.258	0.283	0.329	0.267	1.966	0.430	0.247	0.189	-16878.228
461	16	500	500	0.4917	0.290	0.235	0.237	0.272	0.346	0.359	0.273	0.263	0.285	0.283	0.295	0.278	0.303	0.322	0.244	0.281	0.313	0.218	0.317	0.278	0.317	0.345	0.251	0.268	0.309	0.300	0.195	0.280	0.313	0.248	1.930	0.499	0.221	0.193	-16344.583
462	16	500	500	0.5205	0.169	0.338	0.345	0.330	0.279	0.297	0.255	0.310	0.246	0.265	0.308	0.289	0.379	0.304	0.272	0.260	0.336	0.241	0.242	0.346	0.345	0.234	0.347	0.260	0.312	0.340	0.301	0.277	0.273	0.344	1.932	0.373	0.186	0.198	-16829.767
463	16	500	500	0.5185	0.259	0.288	0.264	0.282	0.295	0.270	0.332	0.336	0.305	0.332	0.317	0.297	0.321	0.294	0.270	0.261	0.245	0.326	0.257	0.312	0.242	0.196	0.347	0.391	0.338	0.319	0.293	0.277	0.326	0.293	2.015	0.446	0.256	0.199	-16832.952
464	16	500	500	0.5158	0.319	0.379	0.270	0.261	0.323	0.304	0.297	0.285	0.257	0.287	0.271	0.284	0.269	0.314	0.323	0.254	0.337	0.297	0.265	0.257	0.324	0.277	0.319	0.299	0.271	0.286	0.364	0.295	0.271	0.339	2.055	0.393	0.195	0.180	-16675.773
465	16	500	500	0.5221	0.291	0.301	0.295	0.285	0.293	0.251	0.267	0.294	0.358	0.348	0.278	0.317	0.258	0.307	0.282	0.289	0.305	0.326	0.301	0.264	0.345	0.272	0.294	0.277	0.279	0.297	0.302	0.274	0.294	0.319	1.870	0.391	0.158	0.193	-16698.809
466	16	500	500	0.5172	0.298	0.330	0.307	0.277	0.279	0.366	0.311	0.302	0.247	0.217	0.304	0.283	0.271	0.298	0.268	0.311	0.311	0.235	0.272	0.328	0.296	0.334	0.260	0.221	0.325	0.267	0.324	0.320	0.263	0.296	2.079	0.410	0.204	0.180	-16451.633
467	16	500	500	0.4930	0.268	0.274	0.316	0.279	0.315	0.334	0.272	0.306	0.242	0.243	0.323	0.325	0.308	0.273	0.292	0.272	0.310	0.263	0.272	0.305	0.265	0.308	0.299	0.322	0.309	0.305	0.353	0.291	0.270	0.235	1.883	0.365	0.170	0.197	-16637.553
468	16	500	500	0.5158	0.280	0.342	0.410	0.232	0.328	0.386	0.313	0.294	0.316	0.329	0.298	0.271	0.249	0.312	0.294	0.312	0.368	0.365	0.276	0.276	0.299	0.267	0.272	0.176	0.296	0.244	0.310	0.309	0.312	0.347	2.075	0.381	0.205	0.211	-17021.063
469	16	500	500	0.5108	0.256	0.236	0.272	0.342	0.280	0.349	0.360	0.247	0.398	0.388	0.254	0.339	0.211	0.289	0.346	0.267	0.293	0.303	0.275	0.283	0.260	0.305	0.278	0.332	0.271	0.292	0.310	0.338	0.270	0.309	1.934	0.470	0.237	0.191	-16714.859
470	16	500	500	0.5241	0.301	0.318	0.286	0.264	0.303	0.284	0.330	0.287	0.287	0.312	0.335	0.312	0.282	0.337	0.337	0.315	0.274	0.289	0.285	0.268	0.287	0.259	0.303	0.296	0.246	0.273	0.290	0.390	0.284	0.263	1.943	0.378	0.192	0.200	-16925.708
471	16	500	500	0.5135	0.266	0.255	0.227	0.313	0.307	0.371	0.278	0.311	0.353	0.364	0.299	0.280	0.279	0.305	0.284	0.252	0.249	0.299	0.258	0.300	0.291	0.263	0.303	0.298	0.321	0.271	0.361	0.297	0.283	0.333	2.081	0.321	0.171	0.197	-16768.433
472	16	500	500	0.5175	0.263	0.295	0.308	0.294	0.323	0.318	0.274	0.306	0.306	0.315	0.310	0.274	0.376	0.273	0.344	0.232	0.262	0.328	0.314	0.347	0.321	0.319	0.300	0.277	0.288	0.294	0.325	0.307	0.227	0.292	1.957	0.361	0.185	0.199	-16914.656
473	16	500	500	0.5149	0.274	0.300	0.351	0.299	0.285	0.292	0.316	0.342	0.338	0.222	0.272	0.297	0.314	0.311	0.286	0.256	0.374	0.314	0.275	0.235	0.326	0.311	0.279	0.343	0.281	0.243	0.284	0.220	0.319	0.351	2.089	0.355	0.178	0.210	-16829.899
474	16	500	500	0.4974	0.269	0.290	0.379	0.279	0.295	0.257	0.283	0.316	0.277	0.318	0.333	0.274	0.325	0.317	0.338	0.308	0.302	0.315	0.299	0.315	0.345	0.297	0.278	0.305	0.314	0.273	0.264	0.306	0.219	0.326	2.065	0.369	0.208	0.195	-16912.285
475	16	500	500	0.5110	0.278	0.285	0.292	0.292	0.329	0.325	0.307	0.299	0.300	0.278	0.283	0.284	0.324	0.249	0.331	0.257	0.304	0.291	0.325	0.358	0.307	0.301	0.282	0.313	0.339	0.287	0.255	0.342	0.320	0.298	2.004	0.259	0.148	0.223	-17138.314
476	16	500	500	0.4966	0.332	0.318	0.301	0.264	0.339	0.298	0.260	0.262	0.370	0.275	0.283	0.324	0.254	0.320	0.319	0.314	0.284	0.280	0.338	0.294	0.272	0.285	0.301	0.316	0.350	0.335	0.266	0.254	0.321	0.308	1.991	0.415	0.215	0.194	-16861.980
477	16	500	500	0.5222	0.263	0.277	0.278	0.314	0.288	0.272	0.307	0.311	0.309	0.370	0.342	0.224	0.202	0.287	0.277	0.283	0.269	0.294	0.322	0.287	0.303	0.314	0.286	0.271	0.358	0.321	0.275	0.281	0.288	0.324	2.021	0.322	0.153	0.199	-16765.728
478	16	500	500	0.5088	0.252	0.307	0.371	0.296	0.289	0.288	0.289	0.327	0.258	0.272	0.295	0.254	0.335	0.286	0.355	0.275	0.260	0.305	0.367	0.328	0.232	0.351	0.283	0.342	0.365	0.306	0.325	0.297	0.269	0.346	2.032	0.358	0.200	0.188	-17041.180
479	16	500	500	0.5246	0.269	0.254	0.240	0.294	0.268	0.328	0.232	0.258	0.338	0.212	0.319	0.307	0.292	0.251	0.277	0.277	0.312	0.298	0.319	0.284	0.267	0.220	0.376	0.319	0.272	0.360	0.327	0.357	0.312	0.240	1.865	0.363	0.187	0.203	-16740.484
480	16	500	499	0.5106	0.283	0.280	0.395	0.283	0.325	0.301	0.303	0.252	0.300	0.319	0.300	0.322	0.316	0.346	0.270	0.294	0.291	0.314	0.262	0.338	0.303	0.313	0.309	0.284	0.352	0.308	0.258	0.333	0.316	0.301	1.903	0.255	0.130	0.199	-17079.193
481	16	500	500	0.5253	0.277	0.257	0.207	0.356	0.318	0.291	0.314	0.289	0.361	0.306	0.298	0.247	0.307	0.270	0.276	0.264	0.301	0.270	0.283	0.346	0.291	0.271	0.366	0.304	0.254	0.318	0.237	0.309	0.363	0.249	1.893	0.421	0.189	0.197	-16643.937
482	16	500	500	0.5112	0.313	0.308	0.240	0.260	0.335	0.301	0.369	0.298	0.269	0.299	0.295	0.327	0.282	0.333	0.289	0.280	0.371	0.205	0.276	0.269	0.273	0.254	0.304	0.237	0.325	0.305	0.332	0.262	0.276	0.293	2.031	0.507	0.237	0.196	-16600.536
483	16	500	500	0.5033	0.254	0.353	0.346	0.314	0.243	0.288	0.307	0.387	0.263	0.323	0.292	0.342	0.304	0.291	0.353	0.338	0.295	0.394	0.328	0.269	0.333	0.343	0.242	0.303	0.271	0.301	0.277	0.344	0.297	0.313	2.039	0.215	0.124	0.199	-17144.290
484	16	500	500	0.5147	0.291	0.238	0.380	0.297	0.242	0.367	0.323	0.335	0.263	0.244	0.258	0.286	0.301	0.301	0.336	0.258	0.293	0.333	0.296	0.333	0.297	0.312	0.281	0.344	0.330	0.338	0.271	0.319	0.310	0.295	1.963	0.404	0.187	0.215	-17031.501
485	16	500	500	0.4910	0.299	0.285	0.317	0.270	0.353	0.276	0.278	0.333	0.267	0.251	0.278	0.333	0.280	0.260	0.310	0.274	0.304	0.280	0.273	0.279	0.309	0.304	0.269	0.292	0.294	0.310	0.291	0.249	0.330	0.273	1.980	0.457	0.238	0.193	-16616.465
486	16	500	499	0.5091	0.231	0.368	0.341	0.276	0.313	0.295	0.259	0.322	0.304	0.356	0.281	0.345	0.331	0.315	0.294	0.297	0.255	0.268	0.319	0.309	0.249	0.338	0.317	0.214	0.258	0.284	0.303	0.311	0.278	0.321	2.004	0.513	0.263	0.195	-16883.668
487	16	500	500	0.5199	0.321	0.281	0.269	0.314	0.273	0.272	0.290	0.271	0.314	0.309	0.306	0.352	0.240	0.288	0.319	0.260	0.372	0.282	0.213	0.308	0.336	0.235	0.282	0.267	0.329	0.328	0.247	0.265	0.330	0.309	2.165	0.426	0.210	0.197	-16594.388
488	16	500	499	0.5171	0.253	0.335	0.319	0.277	0.268	0.330	0.295	0.297	0.321	0.300	0.288	0.261	0.296	0.340	0.265	0.280	0.252	0.263	0.330	0.299	0.274	0.297	0.293	0.297	0.271	0.243	0.294	0.204	0.353	0.293	2.026	0.398	0.160	0.193	-16460.016
489	16	500	500	0.5125	0.296	0.261	0.322	0.309	0.271	0.313	0.292	0.342	0.367	0.328	0.239	0.304	0.288	0.314	0.275	0.314	0.341	0.247	0.250	0.326	0.326	0.325	0.276	0.299	0.235	0.288	0.272	0.293	0.230	0.351	1.948	0.314	0.188	0.199	-16911.112
490	16	500	500	0.5064	0.247	0.265	0.353	0.236	0.320	0.298	0.322	0.320	0.380	0.308	0.276	0.294	0.280	0.263	0.366	0.276	0.265	0.288	0.313	0.344	0.278	0.356	0.326	0.381	0.292	0.276	0.275	0.343	0.283	0.294	1.960	0.314	0.171	0.207	-17054.468
491	16	500	500	0.5134	0.314	0.352	0.347	0.259	0.313	0.236	0.277	0.323	0.285	0.253	0.280	0.314	0.302	0.318	0.304	0.340	0.296	0.302	0.336	0.323	0.284	0.365	0.325	0.277	0.329	0.287	0.300	0.322	0.292	0.310	1.871	0.400	0.233	0.208	-17170.390
492	16	500	500	0.5174	0.295	0.244	0.257	0.296	0.298	0.320	0.328	0.213	0.344	0.250	0.350	0.287	0.298	0.308	0.332	0.265	0.266	0.322	0.263	0.302	0.393	0.268	0.290	0.297	0.310	0.271	0.260	0.321	0.290	0.294	2.041	0.468	0.248	0.186	-16661.543
493	16	500	500	0.5203	0.265	0.334	0.288	0.318	0.219	0.280	0.359	0.277	0.304	0.283	0.315	0.299	0.319	0.311	0.317	0.289	0.275	0.338	0.329	0.310	0.263	0.387	0.231	0.254	0.274	0.303	0.320	0.377	0.302	0.285	1.862	0.473	0.258	0.198	-17047.272
494	16	500	500	0.5138	0.238	0.198	0.319	0.271	0.306	0.326	0.303	0.259	0.370	0.358	0.287	0.291	0.346	0.293	0.321	0.281	0.293	0.337	0.333	0.250	0.375	0.350	0.261	0.302	0.327	0.315	0.321	0.313	0.270	0.256	1.978	0.405	0.192	0.207	-16835.774
495	16	500	500	0.5152	0.276	0.286	0.279	0.324	0.279	0.354	0.309	0.295	0.331	0.283	0.299	0.372	0.298	0.269	0.249	0.278	0.266	0.319	0.313	0.360	0.263	0.278	0.285	0.299	0.292	0.273	0.309	0.253	0.307	0.294	1.894	0.428	0.214	0.197	-16846.797
496	16	500	500	0.5114	0.256	0.289	0.306	0.318	0.295	0.239	0.294	0.332	0.248	0.333	0.336	0.314	0.326	0.362	0.300	0.271	0.298	0.307	0.245	0.321	0.301	0.309	0.283	0.323	0.322	0.328	0.261	0.264	0.333	0.305	2.052	0.303	0.162	0.194	-16958.134
497	16	500	500	0.5142	0.297	0.330	0.255	0.354	0.281	0.286	0.281	0.278	0.292	0.290	0.270	0.315	0.328	0.269	0.287	0.272	0.311	0.230	0.336	0.298	0.289	0.318	0.240	0.295	0.256	0.287	0.319	0.253	0.321	0.279	2.075	0.467	0.226	0.201	-16599.693
498	16	500	500	0.5136	0.305	0.318	0.369	0.255	0.317	0.257	0.288	0.302	0.262	0.281	0.302	0.308	0.332	0.386	0.261	0.306	0.219	0.359	0.321	0.287	0.323	0.259	0.264	0.316	0.311	0.322	0.295	0.241	0.331	0.310	1.852	0.309	0.171	0.212	-17100.349
499	16	500	499	0.5041	0.296	0.305	0.293	0.326	0.289	0.316	0.352	0.304	0.292	0.335	0.329	0.298	0.381	0.315	0.300	0.309	0.265	0.268	0.304	0.349	0.313	0.255	0.327	0.227	0.305	0.346	0.300	0.367	0.320	0.297	1.968	0.387	0.196	0.192	-17079.943
500	16	500	500	0.5252	0.302	0.317	0.330	0.361	0.248	0.277	0.336	0.288	0.290	0.337	0.265	0.290	0.297	0.399	0.305	0.302	0.349	0.281	0.315	0.306	0.305	0.331	0.332	0.285	0.351	0.330	0.265	0.321	0.325	0.317	2.000	0.408	0.222	0.197	-17268.344
501	16	500	499	0.5100	0.283	0.320	0.299	0.299	0.313	0.327	0.290	0.227	0.359	0.305	0.255	0.284	0.318	0.315	0.282	0.267	0.293	0.349	0.291	0.328	0.252	0.332	0.319	0.294	0.279	0.302	0.303	0.305	0.273	0.318	2.077	0.366	0.223	0.181	-16829.342
502	16	500	500	0.5228	0.290	0.334	0.379	0.316	0.285	0.260	0.274	0.350	0.343	0.405	0.320	0.325	0.303	0.296	0.320	0.271	0.300	0.309	0.276	0.255	0.304	0.322	0.271	0.291	0.356	0.320	0.357	0.249	0.322	0.354	1.955	0.392	0.205	0.202	-17276.930
503	16	500	500	0.5083	0.262	0.322	0.275	0.288	0.356	0.275	0.311	0.311	0.259	0.304	0.341	0.297	0.277	0.264	0.284	0.253	0.337	0.345	0.360	0.326	0.242	0.286	0.342	0.309	0.306	0.287	0.311	0.240	0.302	0.280	2.066	0.399	0.211	0.184	-16824.190
504	16	500	500	0.5119	0.237	0.290	0.293	0.373	0.227	0.299	0.262	0.332	0.291	0.333	0.278	0.293	0.235	0.251	0.321	0.281	0.270	0.300	0.254	0.287	0.315	0.272	0.305	0.282	0.280	0.304	0.277	0.315	0.269	0.295	1.963	0.293	0.139	0.202	-16610.211
505	16	500	500	0.5113	0.256	0.312	0.250	0.326	0.282	0.379	0.292	0.325	0.304	0.269	0.369	0.307	0.339	0.335	0.270	0.216	0.353	0.367	0.301	0.346	0.325	0.275	0.329	0.265	0.380	0.317	0.295	0.286	0.245	0.396	2.053	0.383	0.220	0.207	-17278.022
506	16	500	500	0.5071	0.343	0.251	0.395	0.361	0.233	0.335	0.276	0.310	0.290	0.317	0.306	0.309	0.343	0.266	0.291	0.307	0.318	0.365	0.292	0.291	0.336	0.358	0.301	0.313	0.286	0.316	0.303	0.264	0.258	0.367	2.023	0.367	0.201	0.209	-17172.590
507	16	500	500	0.5056	0.291	0.262	0.292	0.331	0.252	0.337	0.333	0.259	0.331	0.272	0.334	0.305	0.291	0.330	0.256	0.297	0.348	0.361	0.286	0.340	0.222	0.341	0.281	0.244	0.334	0.295	0.289	0.299	0.287	0.322	1.908	0.409	0.208	0.203	-17024.671
508	16	500	498	0.5145	0.222	0.315	0.300	0.252	0.292	0.282	0.285	0.379	0.295	0.296	0.266	0.294	0.327	0.292	0.276	0.254	0.244	0.344	0.274	0.241	0.331	0.306	0.224	0.351	0.304	0.360	0.235	0.317	0.364	0.207	2.121	0.448	0.194	0.188	-16311.921
509	16	500	500	0.5142	0.208	0.368	0.308	0.341	0.237	0.320	0.310	0.378	0.315	0.365	0.286	0.293	0.282	0.312	0.341	0.283	0.323	0.295	0.324	0.273	0.350	0.288	0.269	0.243	0.345	0.301	0.363	0.379	0.277	0.328	2.076	0.358	0.202	0.207	-17175.866
510	16	500	500	0.5062	0.272	0.230	0.298	0.312	0.301	0.264	0.315	0.296	0.270	0.311	0.267	0.310	0.352	0.294	0.296	0.259	0.294	0.302	0.306	0.325	0.234	0.299	0.276	0.342	0.272	0.293	0.315	0.297	0.285	0.330	1.914	0.373	0.159	0.196	-16619.328
511	16	500	498	0.5190	0.298	0.385	0.319	0.315	0.294	0.356	0.305	0.307	0.220	0.288	0.320	0.338	0.286	0.363	0.280	0.253	0.366	0.276	0.241	0.303	0.382	0.357	0.395	0.306	0.366	0.343	0.322	0.297	0.302	0.348	1.966	0.453	0.229	0.216	-17457.520
512	16	500	500	0.5096	0.238	0.152	0.362	0.234	0.329	0.324	0.259	0.331	0.235	0.291	0.261	0.310	0.254	0.292	0.332	0.218	0.373	0.294	0.337	0.350	0.301	0.320	0.291	0.314	0.257	0.333	0.309	0.304	0.290	0.333	1.999	0.285	0.155	0.207	-16804.028
513	16	500	500	0.5016	0.257	0.367	0.253	0.339	0.287	0.339	0.296	0.314	0.356	0.296	0.301	0.279	0.270	0.311	0.317	0.319	0.309	0.345	0.310	0.343	0.228	0.352	0.301	0.246	0.251	0.310	0.294	0.272	0.312	0.278	1.970	0.526	0.248	0.208	-16868.469
514	16	500	500	0.5260	0.282	0.287	0.314	0.278	0.266	0.314	0.310	0.329	0.210	0.342	0.280	0.327	0.302	0.328	0.309	0.223	0.313	0.365	0.309	0.263	0.279	0.297	0.319	0.304	0.279	0.346	0.292	0.235	0.295	0.276	1.895	0.460	0.205	0.205	-16830.556
515	16	500	500	0.5166	0.304	0.300	0.263	0.265	0.305	0.294	0.364	0.275	0.299	0.266	0.277	0.322	0.358	0.271	0.305	0.252	0.370	0.252	0.305	0.284	0.247	0.295	0.295	0.266	0.318	0.287	0.257	0.240	0.323	0.270	2.091	0.470	0.239	0.209	-16549.462
516	16	500	500	0.5268	0.320	0.353	0.282	0.317	0.332	0.281	0.331	0.271	0.252	0.344	0.261	0.266	0.268	0.283	0.329	0.325	0.366	0.319	0.247	0.261	0.249	0.285	0.355	0.314	0.320	0.391	0.288	0.286	0.271	0.319	2.048	0.422	0.204	0.212	-16985.739
517	16	500	500	0.4995	0.263	0.337	0.272	0.295	0.264	0.263	0.284	0.292	0.293	0.353	0.297	0.293	0.294	0.319	0.253	0.220	0.343	0.294	0.338	0.279	0.293	0.288	0.310	0.285	0.256	0.295	0.264	0.284	0.312	0.259	1.942	0.486	0.192	0.205	-16548.044
518	16	500	500	0.5304	0.302	0.290	0.281	0.334	0.249	0.272	0.323	0.263	0.266	0.351	0.214	0.331	0.316	0.265	0.302	0.273	0.380	0.293	0.324	0.323	0.228	0.308	0.316	0.239	0.327	0.323	0.336	0.292	0.248	0.338	1.924	0.445	0.196	0.219	-16920.633
519	16	500	500	0.5090	0.312	0.308	0.293	0.322	0.338	0.302	0.281	0.347	0.272	0.361	0.253	0.308	0.288	0.295	0.290	0.281	0.364	0.302	0.327	0.282	0.344	0.239	0.262	0.279	0.297	0.312	0.330	0.307	0.333	0.305	1.977	0.456	0.234	0.208	-16983.434
520	16	500	500	0.5333	0.304	0.314	0.305	0.301	0.290	0.272	0.365	0.230	0.298	0.273	0.279	0.334	0.264	0.269	0.321	0.274	0.294	0.230	0.357	0.374	0.304	0.316	0.234	0.272	0.355	0.280	0.367	0.288	0.244	0.319	1.999	0.328	0.182	0.202	-16982.404
521	16	500	499	0.5077	0.311	0.365	0.332	0.290	0.346	0.287	0.257	0.297	0.294	0.294	0.274	0.332	0.307	0.228	0.267	0.327	0.246	0.357	0.266	0.291	0.236	0.277	0.309	0.292	0.291	0.330	0.264	0.292	0.308	0.273	2.041	0.404	0.183	0.203	-16538.347
522	16	500	500	0.4971	0.288	0.187	0.290	0.258	0.337	0.331	0.282	0.241	0.309	0.289	0.290	0.290	0.313	0.293	0.306	0.302	0.324	0.250	0.331	0.311	0.316	0.309	0.229	0.252	0.235	0.279	0.324	0.330	0.330	0.299	1.972	0.367	0.164	0.187	-16500.263
523	16	500	500	0.5037	0.286	0.312	0.262	0.296	0.318	0.285	0.311	0.279	0.281	0.323	0.287	0.301	0.207	0.235	0.250	0.255	0.385	0.298	0.302	0.334	0.323	0.296	0.321	0.229	0.320	0.337	0.326	0.275	0.269	0.307	1.981	0.339	0.143	0.197	-16619.803
524	16	500	500	0.5034	0.261	0.348	0.237	0.284	0.318	0.378	0.331	0.232	0.373	0.236	0.272	0.275	0.340	0.273	0.290	0.269	0.345	0.327	0.321	0.280	0.296	0.291	0.292	0.260	0.323	0.279	0.297	0.254	0.229	0.350	2.010	0.404	0.211	0.196	-16643.848
525	16	500	500	0.5145	0.320	0.218	0.355	0.260	0.337	0.311	0.288	0.323	0.294	0.279	0.318	0.235	0.337	0.275	0.263	0.231	0.333	0.329	0.339	0.330	0.311	0.339	0.256	0.345	0.296	0.344	0.281	0.289	0.337	0.350	1.991	0.437	0.214	0.197	-16893.978
526	16	500	500	0.5173	0.319	0.290	0.341	0.230	0.328	0.278	0.284	0.287	0.400	0.285	0.313	0.287	0.388	0.245	0.403	0.258	0.303	0.219	0.282	0.234	0.280	0.296	0.286	0.302	0.287	0.283	0.304	0.300	0.249	0.253	2.036	0.540	0.239	0.217	-16682.448
527	16	500	500	0.5222	0.283	0.345	0.312	0.254	0.255	0.242	0.288	0.266	0.323	0.278	0.268	0.303	0.296	0.370	0.249	0.254	0.256	0.292	0.301	0.252	0.290	0.344	0.325	0.279	0.313	0.308	0.314	0.255	0.263	0.297	2.069	0.464	0.191	0.206	-16432.310
528	16	500	500	0.5142	0.273	0.284	0.308	0.239	0.320	0.301	0.338	0.267	0.289	0.304	0.317	0.275	0.317	0.308	0.221	0.292	0.265	0.271	0.330	0.314	0.302	0.311	0.259	0.339	0.352	0.255	0.294	0.303	0.301	0.267	2.005	0.342	0.170	0.166	-16433.877
529	16	500	500	0.5124	0.241	0.235	0.349	0.284	0.319	0.279	0.272	0.283	0.309	0.253	0.268	0.325	0.308	0.328	0.277	0.274	0.280	0.226	0.347	0.271	0.227	0.317	0.314	0.272	0.272	0.284	0.306	0.318	0.271	0.277	2.070	0.304	0.144	0.198	-16452.136
530	16	500	499	0.5254	0.289	0.291	0.323	0.393	0.307	0.340	0.446	0.301	0.322	0.325	0.315	0.334	0.234	0.353	0.322	0.291	0.325	0.336	0.324	0.320	0.310	0.359	0.255	0.239	0.267	0.314	0.371	0.347	0.341	0.313	1.999	0.412	0.287	0.218	-17776.111
531	16	500	500	0.5095	0.335	0.205	0.365	0.347	0.294	0.347	0.333	0.297	0.302	0.295	0.316	0.260	0.314	0.298	0.300	0.291	0.277	0.230	0.345	0.284	0.278	0.332	0.324	0.201	0.324	0.223	0.305	0.293	0.285	0.340	1.948	0.457	0.213	0.207	-16863.181
532	16	500	500	0.5195	0.339	0.292	0.330	0.292	0.349	0.314	0.272	0.302	0.255	0.326	0.269	0.318	0.317	0.334	0.308	0.269	0.304	0.246	0.315	0.318	0.308	0.311	0.361	0.283	0.290	0.327	0.303	0.335	0.347	0.253	2.089	0.385	0.204	0.196	-17080.326
533	16	500	500	0.5108	0.278	0.315	0.261	0.258	0.297	0.280	0.302	0.274	0.327	0.294	0.216	0.308	0.312	0.222	0.272	0.197	0.355	0.261	0.311	0.308	0.262	0.301	0.301	0.276	0.230	0.318	0.302	0.344	0.248	0.325	2.049	0.292	0.113	0.192	-16379.801
534	16	500	500	0.5032	0.276	0.277	0.268	0.229	0.288	0.286	0.300	0.340	0.377	0.341	0.312	0.332	0.287	0.256	0.293	0.254	0.313	0.281	0.339	0.301	0.332	0.333	0.337	0.361	0.361	0.308	0.323	0.231	0.370	0.261	2.059	0.362	0.196	0.190	-17040.277
535	16	500	500	0.5200	0.284	0.324	0.322	0.309	0.248	0.306	0.308	0.301	0.273	0.334	0.314	0.289	0.232	0.329	0.304	0.263	0.193	0.373	0.308	0.278	0.250	0.279	0.308	0.333	0.318	0.295	0.207	0.339	0.291	0.267	2.081	0.452	0.200	0.202	-16642.306
536	16	500	500	0.5277	0.262	0.271	0.280	0.302	0.375	0.256	0.289	0.349	0.323	0.351	0.263	0.303	0.321	0.261	0.336	0.284	0.273	0.229	0.283	0.358	0.295	0.303	0.273	0.275	0.304	0.313	0.296	0.237	0.301	0.291	1.982	0.365	0.172	0.205	-16773.676
537	16	500	500	0.5118	0.223	0.317	0.290	0.333	0.292	0.338	0.291	0.376	0.320	0.289	0.344	0.321	0.327	0.294	0.326	0.238	0.237	0.311	0.226	0.297	0.303	0.277	0.336	0.344	0.323	0.291	0.256	0.324	0.309	0.290	1.858	0.401	0.191	0.207	-16965.208
538	16	500	499	0.5078	0.287	0.282	0.245	0.323	0.261	0.324	0.326	0.270	0.249	0.308	0.381	0.303	0.289	0.356	0.291	0.314	0.246	0.310	0.293	0.334	0.313	0.286	0.309	0.357	0.269	0.311	0.280	0.326	0.344	0.280	2.083	0.467	0.255	0.202	-16940.968
539	16	500	500	0.5147	0.278	0.273	0.359	0.263	0.254	0.344	0.327	0.315	0.301	0.391	0.294	0.306	0.283	0.301	0.311	0.292	0.231	0.265	0.372	0.302	0.378	0.344	0.275	0.288	0.294	0.258	0.315	0.301	0.331	0.273	1.924	0.366	0.199	0.185	-16976.757
540	16	500	500	0.5157	0.270	0.275	0.272	0.314	0.252	0.346	0.337	0.199	0.349	0.294	0.262	0.270	0.251	0.281	0.245	0.266	0.334	0.277	0.323	0.302	0.280	0.279	0.333	0.267	0.298	0.299	0.329	0.262	0.332	0.239	2.106	0.428	0.192	0.207	-16426.119
541	16	500	499	0.5079	0.268	0.310	0.348	0.317	0.289	0.307	0.313	0.267	0.221	0.307	0.275	0.273	0.348	0.287	0.272	0.276	0.298	0.244	0.286	0.293	0.349	0.281	0.292	0.357	0.233	0.344	0.293	0.356	0.242	0.327	1.964	0.344	0.188	0.211	-16895.270
542	16	500	500	0.5212	0.284	0.296	0.277	0.294	0.284	0.333	0.262	0.312	0.357	0.251	0.270	0.287	0.366	0.300	0.292	0.282	0.291	0.313	0.334	0.287	0.267	0.351	0.307	0.263	0.265	0.282	0.299	0.344	0.284	0.273	1.993	0.451	0.234	0.191	-16803.180
543	16	500	500	0.5069	0.226	0.316	0.244	0.363	0.307	0.377	0.304	0.311	0.342	0.354	0.325	0.311	0.355	0.327	0.336	0.299	0.339	0.327	0.270	0.291	0.323	0.273	0.304	0.326	0.289	0.302	0.308	0.295	0.304	0.301	2.037	0.344	0.189	0.175	-16992.248
544	16	500	500	0.5086	0.208	0.262	0.297	0.304	0.330	0.277	0.329	0.320	0.314	0.247	0.344	0.338	0.280	0.346	0.316	0.302	0.348	0.296	0.312	0.273	0.341	0.292	0.318	0.317	0.323	0.301	0.295	0.280	0.258	0.350	1.976	0.444	0.223	0.205	-17028.418
545	16	500	500	0.5084	0.191	0.340	0.298	0.287	0.355	0.308	0.331	0.292	0.310	0.329	0.327	0.299	0.297	0.311	0.299	0.229	0.296	0.325	0.324	0.326	0.344	0.309	0.287	0.347	0.302	0.269	0.331	0.294	0.253	0.293	1.923	0.000	0.000	0.201	-17128.564
546	16	500	500	0.5092	0.302	0.281	0.252	0.289	0.290	0.257	0.266	0.286	0.248	0.322	0.296	0.244	0.333	0.290	0.320	0.257	0.228	0.300	0.304	0.271	0.274	0.320	0.297	0.304	0.265	0.285	0.293	0.293	0.257	0.315	1.947	0.404	0.177	0.209	-16478.384
547	16	500	500	0.4995	0.284	0.352	0.243	0.332	0.245	0.344	0.269	0.340	0.261	0.299	0.297	0.259	0.288	0.308	0.303	0.268	0.403	0.254	0.285	0.260	0.245	0.297	0.314	0.285	0.305	0.295	0.310	0.245	0.314	0.331	1.995	0.381	0.176	0.197	-16723.568
548	16	500	500	0.5155	0.304	0.313	0.322	0.299	0.235	0.272	0.271	0.337	0.333	0.349	0.289	0.315	0.300	0.288	0.255	0.270	0.331	0.277	0.304	0.294	0.329	0.306	0.340	0.277	0.314	0.337	0.258	0.289	0.286	0.308	1.973	0.410	0.200	0.200	-16889.137
549	16	500	500	0.5187	0.345	0.289	0.279	0.330	0.332	0.433	0.312	0.313	0.296	0.257	0.254	0.344	0.305	0.276	0.295	0.317	0.328	0.311	0.322	0.274	0.257	0.256	0.294	0.306	0.366	0.274	0.268	0.315	0.272	0.337	2.008	0.268	0.135	0.214	-17171.040
550	16	500	500	0.5156	0.302	0.296	0.315	0.325	0.300	0.297	0.288	0.337	0.322	0.210	0.303	0.302	0.323	0.273	0.290	0.257	0.278	0.293	0.317	0.276	0.292	0.294	0.291	0.241	0.271	0.333	0.244	0.314	0.333	0.264	1.894	0.269	0.130	0.210	-16771.246
551	16	500	499	0.5145	0.289	0.363	0.293	0.288	0.292	0.293	0.270	0.340	0.249	0.279	0.280	0.260	0.248	0.260	0.319	0.263	0.281	0.314	0.287	0.293	0.298	0.271	0.285	0.279	0.280	0.316	0.269	0.252	0.365	0.229	1.866	0.413	0.191	0.186	-16417.043
552	16	500	500	0.5230	0.251	0.197	0.301	0.313	0.242	0.357	0.252	0.329	0.253	0.276	0.328	0.306	0.270	0.269	0.281	0.305	0.336	0.292	0.307	0.264	0.323	0.357	0.250	0.278	0.304	0.247	0.323	0.328	0.289	0.311	1.941	0.379	0.175	0.213	-16799.577
553	16	500	500	0.5166	0.289	0.316	0.262	0.330	0.339	0.274	0.311	0.302	0.263	0.362	0.310	0.356	0.287	0.349	0.295	0.275	0.279	0.339	0.309	0.292	0.275	0.272	0.294	0.262	0.259	0.328	0.269	0.276	0.295	0.327	2.077	0.401	0.199	0.200	-17009.336
554	16	500	500	0.5203	0.279	0.398	0.333	0.270	0.253	0.359	0.303	0.312	0.368	0.323	0.300	0.274	0.306	0.281	0.327	0.280	0.263	0.280	0.330	0.322	0.301	0.259	0.305	0.276	0.327	0.280	0.312	0.277	0.285	0.318	2.080	0.353	0.167	0.203	-16887.664
555	16	500	499	0.5059	0.280	0.321	0.300	0.241	0.297	0.253	0.303	0.272	0.322	0.279	0.338	0.278	0.311	0.336	0.320	0.238	0.243	0.359	0.285	0.277	0.285	0.272	0.305	0.327	0.311	0.272	0.277	0.341	0.295	0.312	1.863	0.338	0.172	0.195	-16791.697
556	16	500	499	0.4905	0.229	0.253	0.275	0.320	0.299	0.283	0.298	0.268	0.261	0.305	0.349	0.289	0.306	0.277	0.329	0.253	0.279	0.334	0.258	0.322	0.316	0.262	0.294	0.289	0.271	0.305	0.289	0.231	0.340	0.269	1.899	0.468	0.206	0.177	-16367.498
557	16	500	500	0.5155	0.277	0.366	0.297	0.265	0.314	0.376	0.327	0.287	0.410	0.268	0.387	0.300	0.295	0.276	0.313	0.241	0.273	0.420	0.285	0.352	0.292	0.301	0.348	0.287	0.331	0.309	0.340	0.352	0.298	0.328	2.087	0.278	0.156	0.189	-17299.420
558	16	500	499	0.5079	0.339	0.289	0.350	0.323	0.340	0.304	0.397	0.341	0.303	0.275	0.312	0.274	0.338	0.270	0.352	0.294	0.200	0.319	0.289	0.343	0.325	0.352	0.284	0.368	0.278	0.335	0.307	0.374	0.318	0.294	2.140	0.460	0.281	0.195	-17282.162
559	16	500	500	0.5156	0.273	0.291	0.262	0.298	0.283	0.295	0.288	0.313	0.323	0.263	0.258	0.248	0.204	0.330	0.297	0.244	0.275	0.320	0.261	0.273	0.259	0.308	0.298	0.292	0.221	0.306	0.315	0.326	0.354	0.271	2.227	0.378	0.160	0.208	-16463.901
560	16	500	500	0.5077	0.272	0.293	0.320	0.288	0.302	0.289	0.290	0.264	0.274	0.410	0.291	0.331	0.219	0.328	0.340	0.270	0.328	0.224	0.277	0.267	0.326	0.303	0.297	0.330	0.267	0.374	0.276	0.286	0.382	0.286	2.066	0.400	0.189	0.188	-16668.895
561	16	500	500	0.5089	0.262	0.339	0.299	0.295	0.302	0.225	0.327	0.230	0.292	0.275	0.276	0.242	0.221	0.252	0.323	0.302	0.305	0.332	0.269	0.258	0.298	0.321	0.254	0.297	0.299	0.267	0.287	0.254	0.247	0.304	2.064	0.396	0.173	0.188	-16190.572
562	16	500	500	0.5041	0.295	0.298	0.394	0.311	0.315	0.251	0.273	0.337	0.324	0.331	0.322	0.221	0.256	0.297	0.364	0.311	0.337	0.329	0.292	0.314	0.308	0.372	0.289	0.307	0.380	0.347	0.287	0.318	0.292	0.286	2.069	0.278	0.146	0.200	-17303.745
563	16	500	500	0.5071	0.283	0.278	0.226	0.310	0.338	0.351	0.327	0.263	0.230	0.300	0.308	0.228	0.244	0.305	0.367	0.323	0.245	0.254	0.255	0.283	0.359	0.357	0.294	0.307	0.237	0.291	0.291	0.287	0.263	0.363	1.929	0.502	0.252	0.205	-16714.688
564	16	500	500	0.5206	0.247	0.322	0.341	0.304	0.331	0.325	0.307	0.316	0.293	0.253	0.335	0.320	0.297	0.285	0.344	0.272	0.270	0.294	0.323	0.314	0.249	0.294	0.307	0.284	0.320	0.341	0.315	0.323	0.336	0.273	1.998	0.382	0.196	0.210	-17212.694
565	16	500	500	0.5203	0.273	0.303	0.296	0.310	0.258	0.304	0.279	0.339	0.306	0.332	0.280	0.318	0.359	0.361	0.315	0.246	0.285	0.312	0.373	0.301	0.242	0.313	0.305	0.293	0.295	0.311	0.320	0.310	0.400	0.277	2.022	0.152	0.086	0.208	-17271.172
566	16	500	500	0.5156	0.218	0.278	0.278	0.358	0.283	0.290	0.307	0.333	0.322	0.386	0.288	0.258	0.306	0.318	0.332	0.246	0.307	0.339	0.356	0.282	0.277	0.302	0.314	0.357	0.320	0.283	0.297	0.338	0.243	0.336	1.937	0.000	0.000	0.200	-17269.213
567	16	500	500	0.5105	0.267	0.262	0.258	0.331	0.318	0.275	0.273	0.313	0.295	0.333	0.271	0.323	0.293	0.280	0.304	0.306	0.296	0.302	0.291	0.318	0.336	0.231	0.291	0.286	0.235	0.317	0.292	0.259	0.286	0.259	1.963	0.409	0.182	0.205	-16615.662
568	16	500	500	0.5140	0.241	0.294	0.320	0.321	0.305	0.220	0.374	0.259	0.302	0.332	0.297	0.293	0.260	0.269	0.254	0.281	0.281	0.351	0.299	0.313	0.358	0.257	0.322	0.335	0.342	0.287	0.245	0.301	0.327	0.296	1.909	0.464	0.183	0.198	-16744.008
569	16	500	500	0.5106	0.243	0.262	0.319	0.308	0.284	0.344	0.252	0.345	0.247	0.264	0.266	0.306	0.302	0.300	0.268	0.272	0.230	0.285	0.303	0.328	0.311	0.293	0.284	0.327	0.316	0.249	0.278	0.313	0.285	0.257	2.213	0.387	0.176	0.198	-16275.039
570	16	500	500	0.5141	0.220	0.210	0.359	0.265	0.343	0.308	0.330	0.279	0.359	0.266	0.320	0.302	0.330	0.287	0.316	0.276	0.287	0.292	0.253	0.296	0.427	0.360	0.316	0.373	0.250	0.334	0.289	0.338	0.291	0.307	2.063	0.429	0.201	0.193	-16885.306
571	16	500	500	0.5091	0.300	0.226	0.320	0.322	0.254	0.364	0.302	0.286	0.337	0.284	0.288	0.346	0.401	0.308	0.300	0.214	0.210	0.325	0.245	0.241	0.276	0.336	0.298	0.266	0.320	0.368	0.280	0.249	0.326	0.311	2.115	0.282	0.139	0.205	-16777.880
572	16	500	500	0.5056	0.267	0.352	0.283	0.317	0.309	0.302	0.251	0.353	0.364	0.323	0.268	0.329	0.310	0.302	0.305	0.201	0.310	0.301	0.302	0.309	0.268	0.301	0.261	0.348	0.333	0.345	0.346	0.355	0.299	0.265	1.923	0.357	0.203	0.182	-16994.648
573	16	500	500	0.5078	0.314	0.318	0.293	0.301	0.279	0.231	0.254	0.243	0.177	0.340	0.258	0.294	0.380	0.299	0.288	0.280	0.286	0.335	0.216	0.332	0.347	0.276	0.328	0.293	0.295	0.264	0.260	0.293	0.292	0.337	1.976	0.334	0.159	0.205	-16528.273
574	16	500	500	0.5200	0.248	0.281	0.311	0.363	0.322	0.286	0.295	0.273	0.262	0.379	0.328	0.336	0.298	0.258	0.297	0.322	0.353	0.270	0.331	0.286	0.358	0.261	0.246	0.253	0.269	0.295	0.379	0.341	0.269	0.375	2.005	0.417	0.218	0.207	-17130.094
575	16	500	500	0.5140	0.256	0.255	0.252	0.328	0.271	0.319	0.287	0.312	0.263	0.319	0.371	0.322	0.281	0.335	0.326	0.291	0.293	0.314	0.288	0.306	0.306	0.287	0.302	0.300	0.321	0.327	0.304	0.286	0.263	0.360	1.894	0.456	0.260	0.201	-17080.781
576	16	500	499	0.5067	0.269	0.270	0.306	0.330	0.301	0.269	0.289	0.304	0.303	0.311	0.321	0.291	0.277	0.307	0.293	0.297	0.294	0.326	0.295	0.299	0.282	0.258	0.274	0.280	0.288	0.325	0.292	0.281	0.310	0.336	2.058	0.413	0.218	0.201	-16753.779
577	16	500	497	0.5078	0.239	0.324	0.318	0.352	0.300	0.354	0.270	0.316	0.319	0.303	0.243	0.370	0.303	0.327	0.294	0.286	0.271	0.321	0.287	0.283	0.344	0.239	0.289	0.306	0.357	0.299	0.356	0.258	0.347	0.260	1.839	0.408	0.197	0.207	-16947.788
578	16	500	500	0.5014	0.271	0.275	0.275	0.275	0.297	0.324	0.280	0.354	0.260	0.357	0.366	0.261	0.294	0.345	0.323	0.281	0.314	0.329	0.371	0.270	0.330	0.268	0.306	0.220	0.258	0.260	0.293	0.263	0.318	0.281	2.069	0.368	0.180	0.203	-16765.541
579	16	500	500	0.5185	0.323	0.251	0.271	0.268	0.343	0.348	0.327	0.289	0.272	0.295	0.325	0.295	0.245	0.264	0.330	0.283	0.334	0.263	0.320	0.302	0.292	0.330	0.295	0.269	0.280	0.287	0.310	0.324	0.279	0.306	2.010	0.407	0.205	0.201	-16824.936
580	16	500	500	0.5150	0.279	0.331	0.274	0.269	0.326	0.265	0.326	0.314	0.217	0.265	0.328	0.305	0.331	0.271	0.270	0.300	0.264	0.329	0.312	0.319	0.286	0.291	0.235	0.344	0.392	0.297	0.267	0.274	0.323	0.322	2.009	0.437	0.220	0.197	-16887.291
581	16	500	498	0.5244	0.300	0.241	0.257	0.305	0.286	0.345	0.250	0.314	0.273	0.263	0.297	0.295	0.343	0.314	0.297	0.310	0.303	0.270	0.284	0.278	0.382	0.326	0.276	0.327	0.242	0.304	0.266	0.262	0.340	0.360	2.043	0.281	0.149	0.191	-16711.127
582	16	500	500	0.5157	0.207	0.320	0.309	0.406	0.351	0.278	0.280	0.270	0.301	0.277	0.260	0.292	0.294	0.350	0.270	0.294	0.358	0.372	0.339	0.338	0.272	0.265	0.330	0.345	0.266	0.252	0.330	0.299	0.285	0.309	1.972	0.298	0.178	0.191	-17105.931
583	16	500	500	0.5221	0.230	0.290	0.300	0.290	0.329	0.263	0.333	0.273	0.317	0.245	0.309	0.329	0.297	0.305	0.368	0.285	0.323	0.316	0.321	0.345	0.343	0.295	0.270	0.336	0.327	0.351	0.281	0.347	0.277	0.298	1.870	0.399	0.181	0.205	-17183.222
584	16	500	499	0.5260	0.210	0.385	0.377	0.351	0.265	0.257	0.341	0.272	0.304	0.309	0.328	0.329	0.286	0.317	0.270	0.250	0.337	0.293	0.264	0.292	0.322	0.256	0.335	0.321	0.269	0.287	0.258	0.345	0.358	0.300	1.833	0.290	0.137	0.190	-16911.295
585	16	500	500	0.5097	0.296	0.269	0.310	0.300	0.258	0.227	0.329	0.346	0.250	0.279	0.328	0.240	0.273	0.303	0.247	0.292	0.307	0.258	0.287	0.311	0.348	0.265	0.276	0.247	0.301	0.253	0.337	0.241	0.275	0.312	1.908	0.299	0.141	0.225	-16624.835
586	16	500	500	0.5176	0.293	0.265	0.309	0.301	0.341	0.274	0.367	0.311	0.331	0.265	0.305	0.279	0.344	0.390	0.255	0.308	0.316	0.323	0.330	0.283	0.296	0.252	0.275	0.223	0.363	0.306	0.262	0.265	0.306	0.284	1.907	0.421	0.204	0.199	-16941.989
587	16	500	500	0.5182	0.317	0.323	0.354	0.310	0.303	0.347	0.314	0.224	0.253	0.320	0.260	0.260	0.340	0.317	0.311	0.281	0.339	0.314	0.247	0.296	0.383	0.310	0.262	0.245	0.321	0.323	0.251	0.301	0.270	0.313	2.114	0.294	0.137	0.200	-16780.216
588	16	500	497	0.5092	0.283	0.367	0.243	0.310	0.298	0.338	0.300	0.319	0.289	0.281	0.323	0.281	0.360	0.361	0.298	0.333	0.327	0.267	0.330	0.310	0.235	0.300	0.302	0.195	0.368	0.252	0.338	0.310	0.301	0.287	1.943	0.381	0.202	0.190	-16882.887
589	16	500	500	0.5225	0.227	0.308	0.288	0.289	0.286	0.297	0.321	0.277	0.356	0.298	0.357	0.355	0.339	0.375	0.277	0.295	0.278	0.314	0.301	0.294	0.346	0.280	0.347	0.320	0.277	0.306	0.366	0.322	0.334	0.330	2.055	0.418	0.234	0.195	-17270.773
590	16	500	499	0.5081	0.336	0.314	0.298	0.220	0.337	0.321	0.263	0.326	0.375	0.276	0.354	0.290	0.283	0.288	0.317	0.295	0.303	0.364	0.289	0.332	0.306	0.312	0.352	0.266	0.327	0.268	0.387	0.315	0.317	0.303	1.921	0.462	0.218	0.203	-17126.358
591	16	500	500	0.5125	0.271	0.262	0.272	0.264	0.310	0.322	0.247	0.297	0.310	0.259	0.232	0.356	0.290	0.315	0.275	0.350	0.278	0.300	0.299	0.314	0.313	0.385	0.281	0.237	0.350	0.269	0.309	0.348	0.240	0.278	2.006	0.323	0.154	0.210	-16639.680
592	16	500	500	0.5215	0.254	0.285	0.229	0.264	0.258	0.353	0.334	0.214	0.376	0.309	0.325	0.306	0.315	0.301	0.337	0.307	0.298	0.329	0.286	0.281	0.295	0.290	0.320	0.184	0.302	0.293	0.322	0.314	0.280	0.269	1.857	0.384	0.215	0.203	-16797.341
593	16	500	498	0.5092	0.341	0.263	0.282	0.273	0.279	0.289	0.283	0.312	0.271	0.309	0.279	0.277	0.254	0.242	0.344	0.271	0.326	0.270	0.247	0.309	0.262	0.269	0.280	0.341	0.284	0.236	0.278	0.247	0.255	0.280	2.058	0.373	0.149	0.194	-16164.977
594	16	500	500	0.5227	0.245	0.257	0.293	0.321	0.228	0.297	0.289	0.328	0.333	0.295	0.234	0.282	0.349	0.322	0.329	0.291	0.295	0.316	0.335	0.279	0.305	0.321	0.264	0.288	0.296	0.307	0.340	0.358	0.366	0.304	1.982	0.396	0.234	0.197	-17147.979
595	16	500	500	0.5003	0.285	0.342	0.280	0.281	0.336	0.330	0.291	0.318	0.368	0.305	0.275	0.293	0.355	0.246	0.389	0.276	0.281	0.341	0.317	0.311	0.263	0.314	0.283	0.361	0.279	0.359	0.297	0.277	0.290	0.295	1.971	0.433	0.257	0.197	-17128.856
596	16	500	500	0.5037	0.302	0.315	0.260	0.264	0.294	0.237	0.255	0.359	0.370	0.257	0.303	0.298	0.354	0.318	0.341	0.335	0.318	0.397	0.287	0.339	0.284	0.313	0.321	0.293	0.282	0.312	0.284	0.262	0.276	0.287	1.936	0.491	0.254	0.192	-16896.430
597	16	500	500	0.5112	0.236	0.233	0.231	0.282	0.291	0.280	0.309	0.287	0.300	0.255	0.284	0.294	0.236	0.322	0.239	0.308	0.331	0.314	0.255	0.281	0.301	0.303	0.298	0.314	0.330	0.257	0.254	0.331	0.294	0.358	2.013	0.369	0.162	0.200	-16405.479
598	16	500	500	0.5075	0.310	0.242	0.341	0.334	0.281	0.338	0.283	0.269	0.314	0.292	0.322	0.310	0.339	0.348	0.290	0.259	0.328	0.261	0.303	0.330	0.240	0.293	0.366	0.330	0.351	0.345	0.281	0.290	0.270	0.330	1.997	0.453	0.230	0.198	-17035.851
599	16	500	499	0.5013	0.303	0.155	0.297	0.294	0.324	0.240	0.307	0.310	0.393	0.342	0.256	0.278	0.275	0.285	0.294	0.286	0.287	0.270	0.246	0.269	0.331	0.301	0.257	0.303	0.297	0.268	0.287	0.297	0.303	0.299	2.097	0.368	0.191	0.196	-16492.161
600	16	500	500	0.5274	0.245	0.303	0.255	0.316	0.273	0.334	0.320	0.282	0.316	0.259	0.292	0.302	0.332	0.285	0.256	0.227	0.264	0.358	0.238	0.331	0.337	0.287	0.275	0.225	0.321	0.249	0.336	0.227	0.301	0.258	2.199	0.368	0.154	0.185	-16357.034
601	16	500	500	0.5267	0.280	0.261	0.289	0.289	0.334	0.309	0.263	0.271	0.294	0.409	0.314	0.275	0.271	0.276	0.333	0.238	0.301	0.272	0.300	0.291	0.283	0.289	0.300	0.308	0.265	0.251	0.300	0.262	0.288	0.302	2.083	0.340	0.142	0.201	-16521.753
602	16	500	500	0.5151	0.322	0.307	0.263	0.221	0.345	0.300	0.361	0.348	0.291	0.349	0.367	0.317	0.245	0.299	0.361	0.296	0.262	0.330	0.269	0.332	0.247	0.300	0.337	0.271	0.306	0.321	0.281	0.295	0.266	0.295	2.077	0.388	0.201	0.193	-16937.676
603	16	500	500	0.5168	0.236	0.280	0.379	0.323	0.261	0.338	0.315	0.294	0.241	0.303	0.356	0.296	0.257	0.289	0.281	0.273	0.253	0.320	0.304	0.312	0.305	0.350	0.286	0.275	0.254	0.278	0.280	0.351	0.273	0.361	1.866	0.428	0.212	0.198	-16865.543
604	16	500	499	0.5054	0.284	0.327	0.302	0.282	0.371	0.232	0.351	0.292	0.315	0.345	0.334	0.303	0.325	0.270	0.290	0.241	0.263	0.267	0.211	0.366	0.268	0.302	0.247	0.350	0.331	0.346	0.297	0.263	0.311	0.284	2.011	0.356	0.168	0.197	-16671.565
605	16	500	500	0.5155	0.285	0.283	0.319	0.308	0.254	0.298	0.287	0.257	0.352	0.300	0.325	0.258	0.291	0.268	0.290	0.252	0.371	0.331	0.276	0.305	0.325	0.311	0.298	0.235	0.308	0.257	0.312	0.246	0.255	0.375	2.129	0.323	0.152	0.222	-16826.706
606	16	500	500	0.5117	0.287	0.278	0.285	0.360	0.266	0.284	0.310	0.259	0.274	0.234	0.289	0.334	0.303	0.389	0.301	0.220	0.274	0.281	0.293	0.335	0.309	0.306	0.301	0.313	0.354	0.306	0.299	0.275	0.291	0.321	1.944	0.402	0.185	0.205	-16930.908
607	16	500	500	0.5364	0.242	0.282	0.334	0.348	0.293	0.268	0.263	0.326	0.266	0.312	0.286	0.300	0.288	0.275	0.282	0.270	0.239	0.284	0.358	0.290	0.274	0.258	0.341	0.314	0.352	0.304	0.263	0.247	0.363	0.327	1.965	0.425	0.209	0.204	-16939.747
608	16	500	500	0.5145	0.260	0.352	0.369	0.335	0.274	0.295	0.240	0.322	0.294	0.360	0.311	0.249	0.278	0.323	0.293	0.260	0.304	0.301	0.240	0.311	0.278	0.262	0.272	0.353	0.321	0.297	0.281	0.278	0.304	0.308	1.985	0.366	0.180	0.183	-16661.422
609	16	500	500	0.5196	0.212	0.332	0.266	0.322	0.310	0.307	0.311	0.266	0.300	0.308	0.330	0.271	0.320	0.339	0.269	0.239	0.238	0.321	0.325	0.328	0.335	0.282	0.346	0.281	0.287	0.305	0.290	0.340	0.379	0.319	1.886	0.395	0.225	0.205	-17252.366
610	16	500	500	0.4993	0.313	0.260	0.243	0.290	0.331	0.295	0.289	0.274	0.324	0.313	0.297	0.361	0.371	0.302	0.273	0.314	0.255	0.206	0.335	0.339	0.405	0.319	0.262	0.306	0.270	0.256	0.349	0.294	0.360	0.284	1.960	0.298	0.153	0.206	-17039.614
611	16	500	500	0.5246	0.338	0.283	0.253	0.267	0.305	0.282	0.246	0.322	0.309	0.312	0.302	0.339	0.288	0.265	0.344	0.298	0.275	0.282	0.274	0.309	0.329	0.323	0.264	0.289	0.359	0.273	0.268	0.292	0.338	0.269	2.028	0.437	0.190	0.190	-16646.123
612	16	500	500	0.5126	0.279	0.335	0.353	0.325	0.263	0.302	0.345	0.283	0.283	0.333	0.337	0.250	0.290	0.285	0.373	0.270	0.291	0.275	0.254	0.298	0.307	0.286	0.324	0.307	0.276	0.227	0.332	0.312	0.341	0.296	1.967	0.420	0.194	0.205	-16954.437
613	16	500	500	0.5139	0.283	0.259	0.261	0.255	0.272	0.312	0.313	0.340	0.262	0.261	0.267	0.302	0.343	0.317	0.270	0.214	0.341	0.313	0.279	0.289	0.235	0.249	0.257	0.293	0.272	0.291	0.240	0.309	0.309	0.288	2.121	0.527	0.178	0.220	-16279.475
614	16	500	500	0.5088	0.228	0.311	0.284	0.326	0.302	0.264	0.281	0.288	0.337	0.359	0.322	0.335	0.294	0.301	0.279	0.261	0.320	0.312	0.289	0.324	0.296	0.264	0.324	0.291	0.241	0.281	0.264	0.362	0.284	0.267	2.011	0.344	0.151	0.188	-16596.384
615	16	500	500	0.5243	0.268	0.348	0.321	0.281	0.314	0.322	0.335	0.307	0.254	0.321	0.325	0.279	0.348	0.304	0.290	0.299	0.283	0.314	0.286	0.345	0.318	0.287	0.261	0.274	0.313	0.377	0.230	0.276	0.338	0.323	2.014	0.391	0.220	0.193	-17047.353
616	16	500	499	0.5114	0.347	0.306	0.362	0.294	0.259	0.280	0.293	0.322	0.277	0.335	0.290	0.292	0.244	0.273	0.315	0.279	0.310	0.325	0.318	0.339	0.316	0.277	0.275	0.371	0.241	0.296	0.306	0.281	0.289	0.325	1.895	0.319	0.166	0.190	-16862.255
617	16	500	500	0.5216	0.269	0.366	0.309	0.299	0.283	0.291	0.398	0.243	0.317	0.307	0.276	0.304	0.246	0.355	0.298	0.253	0.266	0.240	0.324	0.269	0.243	0.313	0.309	0.329	0.260	0.335	0.333	0.228	0.290	0.272	1.984	0.391	0.169	0.222	-16879.860
618	16	500	500	0.5068	0.266	0.219	0.293	0.285	0.282	0.300	0.294	0.302	0.297	0.351	0.307	0.298	0.240	0.299	0.304	0.243	0.354	0.300	0.287	0.297	0.292	0.314	0.237	0.263	0.272	0.322	0.352	0.367	0.354	0.313	2.017	0.422	0.177	0.212	-16689.826
619	16	500	500	0.5174	0.237	0.274	0.391	0.306	0.334	0.365	0.340	0.339	0.347	0.311	0.323	0.322	0.294	0.345	0.302	0.209	0.402	0.220	0.400	0.293	0.286	0.289	0.310	0.344	0.279	0.278	0.387	0.307	0.276	0.303	1.962	0.361	0.242	0.188	-17442.346
620	16	500	500	0.5092	0.295	0.226	0.285	0.283	0.327	0.342	0.292	0.313	0.314	0.344	0.334	0.243	0.319	0.290	0.276	0.264	0.267	0.316	0.274	0.276	0.291	0.290	0.291	0.293	0.303	0.295	0.301	0.339	0.252	0.252	2.023	0.377	0.174	0.195	-16566.801
621	16	500	500	0.5106	0.263	0.313	0.268	0.332	0.238	0.248	0.309	0.341	0.262	0.342	0.296	0.337	0.308	0.336	0.271	0.338	0.345	0.352	0.282	0.278	0.285	0.281	0.330	0.258	0.327	0.269	0.304	0.274	0.331	0.306	2.088	0.334	0.168	0.191	-16815.707
622	16	500	500	0.5185	0.270	0.394	0.256	0.269	0.302	0.278	0.314	0.341	0.288	0.356	0.286	0.293	0.241	0.290	0.235	0.282	0.396	0.326	0.310	0.277	0.331	0.308	0.361	0.257	0.348	0.247	0.297	0.329	0.280	0.251	2.022	0.350	0.181	0.188	-16751.298
623	16	500	500	0.5025	0.298	0.280	0.304	0.291	0.332	0.380	0.362	0.250	0.306	0.332	0.317	0.299	0.316	0.308	0.269	0.295	0.280	0.358	0.320	0.311	0.348	0.342	0.249	0.297	0.377	0.322	0.299	0.250	0.303	0.306	1.952	0.376	0.236	0.196	-17276.205
624	16	500	500	0.5133	0.246	0.349	0.369	0.341	0.281	0.247	0.350	0.264	0.271	0.336	0.325	0.326	0.271	0.292	0.344	0.269	0.331	0.270	0.312	0.341	0.316	0.347	0.264	0.287	0.304	0.230	0.330	0.290	0.275	0.322	1.908	0.355	0.168	0.192	-17019.136
625	16	500	500	0.5078	0.283	0.316	0.268	0.286	0.252	0.373	0.317	0.320	0.271	0.274	0.287	0.272	0.278	0.296	0.342	0.293	0.302	0.297	0.328	0.299	0.235	0.302	0.301	0.290	0.322	0.291	0.317	0.261	0.334	0.360	1.899	0.348	0.194	0.200	-16971.353
626	16	500	500	0.5272	0.303	0.295	0.275	0.316	0.272	0.291	0.364	0.317	0.332	0.285	0.258	0.352	0.308	0.342	0.302	0.286	0.276	0.317	0.323	0.296	0.289	0.310	0.260	0.274	0.345	0.288	0.290	0.275	0.350	0.292	1.900	0.334	0.169	0.188	-16987.625
627	16	500	500	0.5128	0.255	0.333	0.282	0.252	0.307	0.283	0.276	0.300	0.205	0.303	0.343	0.278	0.266	0.302	0.256	0.308	0.270	0.314	0.278	0.302	0.345	0.336	0.274	0.229	0.351	0.375	0.227	0.292	0.289	0.274	2.081	0.290	0.134	0.197	-16585.394
628	16	500	500	0.5092	0.288	0.328	0.246	0.354	0.308	0.299	0.277	0.286	0.256	0.303	0.271	0.278	0.332	0.359	0.296	0.232	0.277	0.395	0.339	0.313	0.262	0.309	0.320	0.204	0.269	0.282	0.308	0.288	0.288	0.346	2.056	0.372	0.227	0.184	-16846.905
629	16	500	500	0.5195	0.329	0.285	0.368	0.234	0.298	0.242	0.327	0.318	0.311	0.324	0.302	0.255	0.296	0.388	0.285	0.340	0.252	0.324	0.274	0.323	0.345	0.288	0.304	0.200	0.259	0.369	0.306	0.364	0.318	0.254	1.934	0.355	0.182	0.187	-16961.108
630	16	500	500	0.5142	0.245	0.286	0.288	0.287	0.307	0.321	0.276	0.305	0.198	0.283	0.289	0.321	0.249	0.308	0.248	0.292	0.273	0.294	0.302	0.230	0.336	0.228	0.295	0.330	0.268	0.306	0.309	0.261	0.293	0.390	1.955	0.483	0.220	0.202	-16541.698
631	16	500	500	0.5045	0.249	0.307	0.233	0.287	0.247	0.301	0.296	0.289	0.333	0.347	0.318	0.347	0.292	0.321	0.280	0.285	0.340	0.367	0.286	0.307	0.297	0.288	0.286	0.278	0.319	0.276	0.323	0.343	0.247	0.327	1.900	0.504	0.246	0.200	-16812.435
632	16	500	500	0.5153	0.204	0.312	0.347	0.310	0.318	0.287	0.320	0.323	0.275	0.331	0.336	0.287	0.323	0.300	0.342	0.279	0.254	0.320	0.345	0.316	0.285	0.378	0.310	0.309	0.249	0.329	0.272	0.292	0.289	0.283	1.943	0.392	0.206	0.185	-17074.983
633	16	500	500	0.5162	0.273	0.314	0.343	0.298	0.358	0.312	0.247	0.370	0.323	0.346	0.295	0.307	0.353	0.308	0.323	0.293	0.354	0.303	0.332	0.309	0.346	0.292	0.296	0.284	0.326	0.273	0.352	0.379	0.346	0.261	1.908	0.293	0.181	0.197	-17524.287
634	16	500	499	0.5157	0.273	0.282	0.274	0.297	0.279	0.333	0.319	0.334	0.253	0.277	0.253	0.319	0.280	0.275	0.279	0.268	0.378	0.229	0.333	0.286	0.301	0.318	0.293	0.227	0.330	0.291	0.255	0.343	0.394	0.344	2.027	0.404	0.235	0.205	-16934.683
635	16	500	500	0.5200	0.291	0.295	0.335	0.294	0.343	0.292	0.280	0.283	0.315	0.309	0.258	0.288	0.332	0.229	0.308	0.325	0.306	0.276	0.346	0.331	0.282	0.257	0.295	0.252	0.243	0.326	0.252	0.316	0.362	0.276	2.058	0.448	0.216	0.204	-16768.542
636	16	500	500	0.5067	0.342	0.305	0.196	0.301	0.306	0.281	0.306	0.344	0.292	0.339	0.313	0.289	0.345	0.283	0.321	0.257	0.327	0.283	0.254	0.311	0.333	0.313	0.337	0.267	0.351	0.337	0.289	0.222	0.272	0.300	2.096	0.393	0.196	0.212	-16874.032
637	16	500	499	0.5082	0.276	0.271	0.303	0.310	0.291	0.304	0.258	0.265	0.199	0.311	0.316	0.297	0.327	0.329	0.272	0.274	0.213	0.271	0.293	0.312	0.338	0.256	0.330	0.284	0.282	0.258	0.292	0.285	0.258	0.283	2.010	0.274	0.109	0.204	-16285.409
638	16	500	500	0.5137	0.261	0.232	0.333	0.311	0.333	0.316	0.371	0.248	0.415	0.286	0.288	0.329	0.284	0.268	0.345	0.242	0.365	0.288	0.253	0.294	0.293	0.302	0.332	0.282	0.320	0.250	0.306	0.302	0.313	0.312	2.052	0.377	0.184	0.203	-16987.297
639	16	500	500	0.5160	0.252	0.297	0.293	0.338	0.325	0.314	0.322	0.329	0.279	0.258	0.266	0.294	0.366	0.312	0.310	0.312	0.272	0.315	0.312	0.320	0.214	0.247	0.334	0.312	0.344	0.317	0.291	0.245	0.319	0.254	2.036	0.427	0.177	0.202	-16724.677
640	16	500	500	0.5090	0.300	0.283	0.310	0.302	0.295	0.333	0.273	0.294	0.354	0.393	0.307	0.265	0.297	0.327	0.312	0.275	0.234	0.261	0.328	0.281	0.276	0.309	0.314	0.294	0.286	0.266	0.306	0.301	0.297	0.298	2.019	0.380	0.167	0.216	-16898.500
641	16	500	500	0.5155	0.282	0.284	0.311	0.304	0.345	0.260	0.306	0.314	0.298	0.318	0.263	0.301	0.319	0.329	0.293	0.343	0.232	0.247	0.261	0.361	0.279	0.341	0.252	0.316	0.266	0.332	0.316	0.223	0.280	0.270	2.104	0.414	0.193	0.193	-16641.505
642	16	500	500	0.5096	0.314	0.337	0.314	0.315	0.260	0.253	0.343	0.325	0.262	0.267	0.249	0.314	0.337	0.368	0.313	0.331	0.270	0.281	0.321	0.297	0.356	0.255	0.323	0.266	0.222	0.342	0.306	0.286	0.321	0.314	2.061	0.432	0.264	0.219	-17071.023
643	16	500	500	0.5119	0.245	0.376	0.239	0.315	0.269	0.324	0.310	0.290	0.310	0.265	0.395	0.310	0.326	0.243	0.276	0.234	0.296	0.305	0.317	0.288	0.305	0.282	0.379	0.275	0.268	0.332	0.311	0.286	0.304	0.255	1.939	0.371	0.185	0.214	-16950.544
644	16	500	500	0.5148	0.248	0.264	0.303	0.264	0.251	0.254	0.321	0.338	0.361	0.303	0.272	0.323	0.274	0.310	0.315	0.285	0.320	0.302	0.339	0.212	0.316	0.318	0.368	0.189	0.291	0.318	0.325	0.329	0.310	0.288	1.839	0.362	0.178	0.179	-16730.959
645	16	500	500	0.5156	0.230	0.234	0.338	0.375	0.348	0.364	0.276	0.330	0.306	0.348	0.310	0.281	0.315	0.249	0.289	0.295	0.291	0.271	0.291	0.338	0.308	0.322	0.335	0.342	0.335	0.313	0.288	0.362	0.352	0.268	2.028	0.347	0.212	0.192	-17106.471
646	16	500	500	0.5151	0.260	0.267	0.324	0.325	0.320	0.323	0.297	0.321	0.330	0.360	0.309	0.247	0.260	0.303	0.302	0.308	0.320	0.299	0.318	0.272	0.350	0.313	0.316	0.307	0.286	0.247	0.287	0.360	0.294	0.283	1.942	0.478	0.219	0.211	-17085.007
647	16	500	498	0.5108	0.278	0.277	0.307	0.255	0.326	0.251	0.348	0.342	0.324	0.325	0.289	0.329	0.338	0.314	0.299	0.316	0.394	0.246	0.258	0.286	0.264	0.316	0.298	0.317	0.302	0.314	0.326	0.305	0.221	0.315	2.098	0.367	0.192	0.217	-16965.331
648	16	500	500	0.5178	0.305	0.249	0.278	0.265	0.291	0.242	0.300	0.294	0.279	0.347	0.332	0.297	0.280	0.294	0.322	0.286	0.268	0.308	0.239	0.278	0.261	0.354	0.285	0.353	0.226	0.317	0.277	0.349	0.288	0.300	1.968	0.414	0.203	0.204	-16736.040
649	16	500	499	0.5085	0.298	0.257	0.314	0.270	0.278	0.315	0.248	0.317	0.338	0.320	0.299	0.344	0.288	0.323	0.255	0.255	0.258	0.318	0.274	0.292	0.288	0.301	0.283	0.253	0.383	0.298	0.246	0.302	0.318	0.320	1.852	0.461	0.216	0.205	-16806.620
650	16	500	498	0.5204	0.265	0.282	0.293	0.291	0.299	0.255	0.262	0.292	0.273	0.359	0.276	0.325	0.262	0.346	0.337	0.262	0.256	0.296	0.243	0.353	0.284	0.324	0.293	0.279	0.288	0.335	0.308	0.284	0.304	0.290	2.043	0.395	0.183	0.196	-16725.073
651	16	500	500	0.5050	0.250	0.309	0.290	0.279	0.323	0.382	0.311	0.262	0.291	0.235	0.307	0.250	0.353	0.304	0.336	0.261	0.337	0.280	0.349	0.292	0.306	0.303	0.308	0.335	0.333	0.306	0.310	0.301	0.285	0.230	2.001	0.333	0.187	0.197	-16963.386
652	16	500	500	0.5070	0.300	0.348	0.340	0.287	0.321	0.237	0.310	0.269	0.284	0.322	0.293	0.303	0.279	0.300	0.306	0.302	0.287	0.256	0.319	0.288	0.282	0.265	0.277	0.334	0.230	0.285	0.242	0.322	0.365	0.244	1.978	0.441	0.202	0.214	-16640.555
653	16	500	500	0.4966	0.312	0.357	0.269	0.380	0.250	0.292	0.303	0.325	0.350	0.311	0.315	0.312	0.201	0.361	0.257	0.219	0.260	0.309	0.330	0.240	0.311	0.331	0.331	0.284	0.306	0.316	0.300	0.298	0.274	0.234	2.060	0.338	0.173	0.207	-16760.236
654	16	500	500	0.4954	0.263	0.280	0.284	0.346	0.256	0.356	0.375	0.190	0.409	0.301	0.342	0.254	0.284	0.292	0.302	0.333	0.231	0.316	0.328	0.257	0.305	0.330	0.294	0.282	0.289	0.276	0.297	0.311	0.336	0.310	1.976	0.449	0.224	0.204	-16856.273
655	16	500	500	0.5065	0.220	0.356	0.335	0.317	0.375	0.265	0.336	0.243	0.291	0.243	0.368	0.318	0.349	0.332	0.306	0.258	0.298	0.361	0.264	0.314	0.291	0.254	0.272	0.277	0.297	0.281	0.280	0.361	0.293	0.301	2.068	0.359	0.185	0.208	-17007.114
656	16	500	500	0.5069	0.199	0.306	0.300	0.265	0.316	0.248	0.312	0.327	0.329	0.250	0.321	0.337	0.264	0.321	0.279	0.290	0.336	0.292	0.320	0.295	0.358	0.324	0.292	0.306	0.380	0.321	0.345	0.326	0.291	0.306	1.961	0.345	0.182	0.196	-17144.195
657	16	500	500	0.5242	0.301	0.376	0.303	0.279	0.373	0.291	0.271	0.261	0.293	0.273	0.267	0.284	0.309	0.304	0.235	0.251	0.317	0.287	0.296	0.286	0.314	0.294	0.298	0.265	0.283	0.288	0.321	0.235	0.319	0.243	1.955	0.491	0.225	0.210	-16676.396
658	16	500	500	0.5051	0.255	0.253	0.280	0.318	0.317	0.270	0.279	0.277	0.309	0.240	0.304	0.325	0.238	0.287	0.282	0.267	0.245	0.353	0.328	0.326	0.299	0.241	0.291	0.291	0.309	0.276	0.281	0.342	0.248	0.329	2.038	0.226	0.106	0.198	-16547.221
659	16	500	500	0.5099	0.325	0.396	0.347	0.375	0.255	0.285	0.316	0.270	0.325	0.269	0.344	0.258	0.339	0.273	0.323	0.317	0.243	0.294	0.305	0.259	0.267	0.329	0.343	0.320	0.340	0.318	0.249	0.335	0.292	0.274	1.921	0.356	0.181	0.199	-17073.135
660	16	500	500	0.5160	0.327	0.366	0.312	0.262	0.326	0.292	0.311	0.290	0.263	0.274	0.298	0.275	0.328	0.240	0.323	0.316	0.342	0.244	0.296	0.301	0.273	0.269	0.314	0.289	0.322	0.311	0.341	0.308	0.310	0.287	1.993	0.428	0.212	0.184	-16699.399
661	16	500	499	0.5072	0.269	0.209	0.282	0.274	0.271	0.309	0.259	0.337	0.341	0.331	0.282	0.287	0.236	0.314	0.289	0.320	0.306	0.272	0.265	0.277	0.277	0.281	0.304	0.230	0.279	0.256	0.294	0.277	0.294	0.294	1.977	0.335	0.151	0.216	-16483.582
662	16	500	499	0.5225	0.241	0.248	0.304	0.285	0.292	0.294	0.278	0.335	0.281	0.304	0.281	0.307	0.410	0.310	0.316	0.270	0.308	0.342	0.360	0.288	0.304	0.346	0.324	0.308	0.292	0.314	0.288	0.246	0.302	0.344	1.883	0.341	0.207	0.202	-17219.798
663	16	500	500	0.5155	0.254	0.321	0.347	0.268	0.345	0.293	0.262	0.376	0.366	0.306	0.339	0.292	0.302	0.339	0.342	0.203	0.314	0.288	0.362	0.333	0.311	0.324	0.292	0.325	0.340	0.349	0.288	0.342	0.303	0.304	1.983	0.372	0.244	0.184	-17440.016
664	16	500	500	0.5126	0.281	0.288	0.312	0.375	0.265	0.310	0.328	0.242	0.303	0.286	0.283	0.291	0.320	0.301	0.286	0.271	0.264	0.288	0.282	0.332	0.299	0.330	0.269	0.334	0.301	0.338	0.305	0.241	0.325	0.323	2.036	0.399	0.223	0.197	-16851.682
665	16	500	500	0.5105	0.244	0.303	0.322	0.348	0.261	0.267	0.242	0.311	0.379	0.348	0.268	0.282	0.296	0.293	0.313	0.253	0.309	0.300	0.309	0.317	0.301	0.256	0.334	0.310	0.305	0.291	0.337	0.282	0.292	0.295	2.095	0.342	0.174	0.182	-16747.460
666	16	500	500	0.5150	0.323	0.370	0.301	0.259	0.349	0.275	0.280	0.278	0.302	0.336	0.258	0.298	0.308	0.291	0.277	0.252	0.242	0.280	0.312	0.369	0.278	0.309	0.321	0.294	0.270	0.319	0.260	0.259	0.336	0.275	2.165	0.487	0.210	0.195	-16596.718
667	16	500	500	0.5252	0.254	0.257	0.317	0.304	0.304	0.287	0.270	0.273	0.279	0.338	0.327	0.274	0.309	0.320	0.285	0.225	0.349	0.323	0.332	0.257	0.239	0.311	0.294	0.272	0.328	0.292	0.296	0.344	0.385	0.295	1.996	0.403	0.178	0.200	-16869.854
668	16	500	500	0.5078	0.259	0.317	0.295	0.219	0.295	0.313	0.304	0.300	0.261	0.374	0.300	0.220	0.320	0.319	0.281	0.260	0.349	0.281	0.272	0.342	0.289	0.290	0.241	0.352	0.317	0.311	0.308	0.385	0.262	0.313	1.969	0.292	0.153	0.188	-16693.388
669	16	500	500	0.5138	0.270	0.311	0.287	0.352	0.296	0.239	0.303	0.326	0.254	0.325	0.329	0.368	0.261	0.307	0.285	0.284	0.329	0.276	0.322	0.279	0.331	0.335	0.319	0.248	0.321	0.300	0.302	0.285	0.322	0.251	2.035	0.285	0.158	0.196	-16935.994
670	16	500	500	0.5336	0.241	0.280	0.282	0.319	0.258	0.286	0.313	0.302	0.310	0.301	0.275	0.296	0.285	0.286	0.341	0.264	0.254	0.216	0.252	0.239	0.271	0.299	0.240	0.257	0.383	0.282	0.256	0.303	0.273	0.328	1.958	0.503	0.212	0.215	-16465.686
671	16	500	500	0.5013	0.283	0.277	0.266	0.264	0.310	0.242	0.332	0.277	0.302	0.350	0.306	0.275	0.308	0.298	0.251	0.243	0.416	0.278	0.290	0.345	0.291	0.255	0.267	0.254	0.345	0.260	0.264	0.251	0.258	0.361	2.120	0.489	0.220	0.193	-16416.200
672	16	500	500	0.5099	0.280	0.318	0.227	0.285	0.322	0.287	0.345	0.280	0.226	0.293	0.291	0.304	0.281	0.290	0.236	0.239	0.319	0.337	0.305	0.344	0.278	0.268	0.273	0.311	0.234	0.341	0.329	0.264	0.283	0.262	2.026	0.343	0.145	0.192	-16359.238
673	16	500	500	0.5080	0.331	0.270	0.274	0.343	0.270	0.263	0.302	0.264	0.232	0.262	0.276	0.286	0.257	0.298	0.350	0.238	0.304	0.293	0.200	0.296	0.269	0.315	0.292	0.281	0.283	0.294	0.286	0.253	0.333	0.273	1.982	0.450	0.199	0.214	-16494.486
674	16	500	500	0.4946	0.280	0.232	0.291	0.303	0.318	0.277	0.286	0.272	0.331	0.370	0.258	0.267	0.299	0.296	0.276	0.221	0.334	0.254	0.343	0.256	0.296	0.252	0.300	0.265	0.343	0.310	0.369	0.327	0.267	0.263	1.889	0.253	0.125	0.192	-16642.452
675	16	500	499	0.4954	0.248	0.383	0.280	0.324	0.300	0.310	0.308	0.252	0.254	0.314	0.281	0.276	0.289	0.322	0.323	0.218	0.290	0.295	0.295	0.283	0.295	0.275	0.286	0.312	0.244	0.284	0.294	0.334	0.303	0.296	1.952	0.389	0.180	0.203	-16633.053
676	16	500	499	0.5163	0.290	0.288	0.305	0.246	0.317	0.318	0.267	0.324	0.357	0.261	0.249	0.344	0.306	0.289	0.276	0.256	0.299	0.318	0.309	0.248	0.288	0.297	0.298	0.333	0.349	0.275	0.326	0.303	0.311	0.269	1.918	0.403	0.200	0.196	-16799.846
677	16	500	500	0.5191	0.298	0.307	0.323	0.327	0.298	0.287	0.305	0.270	0.269	0.269	0.260	0.269	0.336	0.312	0.306	0.307	0.338	0.261	0.358	0.333	0.255	0.295	0.308	0.249	0.301	0.277	0.317	0.267	0.329	0.334	2.022	0.371	0.165	0.203	-16819.031
678	16	500	500	0.5080	0.272	0.231	0.286	0.275	0.389	0.342	0.279	0.330	0.288	0.288	0.341	0.291	0.211	0.317	0.281	0.357	0.338	0.298	0.259	0.346	0.330	0.340	0.297	0.366	0.339	0.316	0.308	0.405	0.249	0.290	2.029	0.233	0.114	0.208	-17160.527
679	16	500	500	0.5328	0.327	0.274	0.302	0.283	0.296	0.326	0.305	0.302	0.257	0.301	0.314	0.323	0.290	0.311	0.283	0.261	0.294	0.312	0.252	0.302	0.307	0.340	0.293	0.310	0.330	0.218	0.325	0.276	0.325	0.285	1.868	0.403	0.207	0.188	-16861.510
680	16	500	499	0.5136	0.287	0.244	0.365	0.334	0.331	0.294	0.279	0.330	0.232	0.289	0.276	0.300	0.309	0.303	0.318	0.365	0.328	0.266	0.284	0.296	0.266	0.335	0.308	0.257	0.342	0.299	0.335	0.271	0.300	0.312	1.875	0.377	0.240	0.197	-17059.067
681	16	500	500	0.5317	0.304	0.255	0.275	0.300	0.266	0.294	0.272	0.339	0.239	0.356	0.286	0.302	0.241	0.313	0.325	0.292	0.335	0.308	0.258	0.269	0.288	0.331	0.348	0.274	0.322	0.279	0.329	0.290	0.288	0.286	1.963	0.400	0.206	0.198	-16827.494
682	16	500	499	0.5115	0.246	0.321	0.364	0.346	0.299	0.235	0.279	0.274	0.359	0.283	0.319	0.316	0.301	0.331	0.247	0.229	0.312	0.316	0.231	0.309	0.314	0.281	0.261	0.318	0.268	0.290	0.336	0.297	0.285	0.317	1.804	0.260	0.138	0.205	-16968.613
683	16	500	500	0.5152	0.278	0.324	0.350	0.283	0.279	0.246	0.301	0.319	0.334	0.274	0.360	0.230	0.323	0.280	0.309	0.266	0.273	0.262	0.282	0.276	0.326	0.284	0.295	0.255	0.276	0.273	0.292	0.307	0.277	0.280	2.081	0.376	0.189	0.219	-16770.997
684	16	500	500	0.5120	0.347	0.259	0.279	0.295	0.347	0.333	0.301	0.312	0.399	0.241	0.323	0.265	0.273	0.279	0.336	0.263	0.235	0.336	0.299	0.359	0.245	0.278	0.290	0.283	0.318	0.278	0.319	0.322	0.260	0.324	2.010	0.406	0.206	0.194	-16877.154
685	16	500	500	0.5371	0.269	0.290	0.339	0.349	0.365	0.308	0.286	0.270	0.267	0.343	0.261	0.249	0.329	0.275	0.275	0.320	0.312	0.313	0.261	0.366	0.270	0.305	0.342	0.266	0.300	0.294	0.295	0.310	0.323	0.307	1.976	0.426	0.216	0.201	-16992.222
686	16	500	500	0.5090	0.311	0.310	0.301	0.295	0.248	0.297	0.295	0.261	0.312	0.320	0.274	0.240	0.313	0.318	0.336	0.293	0.281	0.216	0.220	0.365	0.344	0.229	0.252	0.297	0.309	0.253	0.287	0.243	0.302	0.342	2.066	0.442	0.205	0.209	-16465.499
687	16	500	500	0.5058	0.274	0.304	0.257	0.331	0.299	0.272	0.289	0.381	0.284	0.299	0.284	0.276	0.224	0.310	0.323	0.217	0.280	0.294	0.269	0.298	0.306	0.350	0.323	0.262	0.345	0.296	0.267	0.254	0.322	0.313	1.919	0.353	0.195	0.200	-16833.172
688	16	500	500	0.5112	0.315	0.315	0.292	0.263	0.292	0.358	0.257	0.323	0.197	0.273	0.247	0.293	0.316	0.270	0.288	0.305	0.238	0.236	0.294	0.381	0.290	0.350	0.245	0.274	0.329	0.289	0.303	0.228	0.326	0.275	1.959	0.463	0.209	0.193	-16497.225
689	16	500	499	0.5151	0.348	0.325	0.278	0.348	0.255	0.321	0.326	0.337	0.282	0.251	0.287	0.291	0.306	0.279	0.376	0.342	0.294	0.358	0.283	0.331	0.275	0.318	0.262	0.239	0.258	0.260	0.301	0.319	0.263	0.207	1.922	0.455	0.213	0.185	-16634.444
690	16	500	500	0.4959	0.233	0.292	0.296	0.305	0.359	0.312	0.306	0.333	0.271	0.255	0.305	0.254	0.416	0.311	0.351	0.246	0.312	0.288	0.276	0.291	0.299	0.280	0.290	0.294	0.251	0.355	0.282	0.365	0.312	0.368	1.981	0.269	0.136	0.207	-17087.701
691	16	500	500	0.5115	0.293	0.375	0.251	0.292	0.270	0.302	0.271	0.357	0.321	0.251	0.302	0.285	0.359	0.264	0.338	0.280	0.271	0.303	0.328	0.315	0.309	0.310	0.284	0.344	0.286	0.308	0.278	0.250	0.374	0.201	1.937	0.397	0.209	0.179	-16630.017
692	16	500	499	0.5133	0.292	0.349	0.258	0.315	0.362	0.331	0.304	0.284	0.255	0.273	0.237	0.361	0.249	0.326	0.343	0.342	0.317	0.328	0.338	0.308	0.304	0.401	0.334	0.308	0.293	0.351	0.291	0.297	0.318	0.335	2.031	0.357	0.194	0.185	-17198.091
693	16	500	500	0.5110	0.350	0.283	0.273	0.309	0.280	0.257	0.345	0.351	0.332	0.283	0.357	0.239	0.300	0.325	0.289	0.277	0.236	0.340	0.344	0.278	0.232	0.265	0.267	0.300	0.302	0.290	0.309	0.343	0.282	0.340	1.923	0.344	0.180	0.184	-16813.925
694	16	500	499	0.5046	0.301	0.327	0.359	0.296	0.302	0.246	0.363	0.287	0.341	0.336	0.257	0.290	0.239	0.288	0.351	0.293	0.308	0.329	0.298	0.307	0.310	0.266	0.339	0.324	0.359	0.254	0.276	0.205	0.317	0.313	2.020	0.360	0.201	0.204	-16994.278
695	16	500	500	0.5178	0.300	0.310	0.298	0.287	0.292	0.284	0.334	0.254	0.244	0.316	0.272	0.315	0.247	0.294	0.309	0.285	0.339	0.337	0.260	0.286	0.239	0.295	0.295	0.343	0.318	0.321	0.276	0.272	0.263	0.323	1.922	0.406	0.183	0.183	-16603.134
696	16	500	500	0.5203	0.237	0.289	0.336	0.361	0.281	0.310	0.279	0.254	0.344	0.275	0.268	0.301	0.338	0.319	0.333	0.278	0.305	0.381	0.279	0.343	0.277	0.339	0.250	0.275	0.332	0.297	0.260	0.339	0.332	0.237	2.008	0.343	0.203	0.185	-16961.168
697	16	500	500	0.5187	0.295	0.263	0.278	0.317	0.285	0.254	0.262	0.269	0.315	0.242	0.292	0.351	0.324	0.275	0.278	0.276	0.360	0.347	0.274	0.265	0.347	0.340	0.212	0.305	0.306	0.313	0.295	0.253	0.290	0.307	1.968	0.298	0.160	0.192	-16587.792
698	16	500	499	0.5011	0.264	0.341	0.336	0.335	0.303	0.362	0.304	0.346	0.326	0.288	0.278	0.318	0.333	0.320	0.246	0.243	0.285	0.297	0.261	0.309	0.338	0.253	0.269	0.313	0.332	0.298	0.325	0.297	0.318	0.333	1.977	0.409	0.208	0.194	-17043.948
699	16	500	500	0.5146	0.293	0.373	0.394	0.332	0.261	0.261	0.328	0.270	0.282	0.297	0.284	0.303	0.281	0.280	0.294	0.229	0.324	0.312	0.278	0.321	0.294	0.324	0.333	0.270	0.339	0.331	0.286	0.265	0.309	0.312	2.005	0.336	0.187	0.195	-16964.205
700	16	500	500	0.5112	0.336	0.282	0.328	0.309	0.330	0.294	0.291	0.272	0.273	0.269	0.275	0.358	0.329	0.320	0.321	0.293	0.273	0.255	0.279	0.321	0.371	0.280	0.247	0.309	0.303	0.287	0.339	0.337	0.238	0.289	2.019	0.425	0.220	0.200	-16848.213
701	16	500	500	0.5020	0.283	0.243	0.271	0.317	0.281	0.312	0.326	0.281	0.315	0.285	0.303	0.289	0.279	0.325	0.274	0.322	0.335	0.295	0.327	0.313	0.249	0.300	0.310	0.244	0.315	0.322	0.260	0.341	0.309	0.274	1.964	0.451	0.274	0.198	-16942.038
702	16	500	499	0.5104	0.302	0.211	0.337	0.301	0.246	0.341	0.255	0.323	0.270	0.266	0.247	0.305	0.354	0.333	0.315	0.255	0.235	0.327	0.262	0.302	0.357	0.258	0.278	0.377	0.247	0.338	0.255	0.314	0.349	0.288	1.954	0.322	0.147	0.204	-16644.145
703	16	500	500	0.5080	0.238	0.263	0.276	0.247	0.266	0.263	0.328	0.286	0.253	0.249	0.294	0.286	0.309	0.348	0.269	0.308	0.316	0.268	0.302	0.328	0.286	0.311	0.257	0.262	0.312	0.277	0.297	0.292	0.270	0.272	1.946	0.406	0.161	0.212	-16425.352
704	16	500	500	0.5181	0.271	0.267	0.288	0.293	0.263	0.314	0.250	0.310	0.347	0.348	0.338	0.288	0.257	0.286	0.298	0.272	0.292	0.306	0.318	0.272	0.290	0.317	0.233	0.274	0.314	0.302	0.260	0.341	0.351	0.305	2.154	0.319	0.147	0.190	-16663.331
705	16	500	500	0.5252	0.267	0.268	0.320	0.266	0.289	0.272	0.288	0.277	0.268	0.333	0.339	0.337	0.262	0.293	0.290	0.258	0.315	0.320	0.276	0.297	0.277	0.296	0.294	0.308	0.257	0.281	0.236	0.270	0.275	0.300	2.167	0.520	0.220	0.210	-16452.750
706	16	500	499	0.5244	0.249	0.277	0.260	0.372	0.301	0.307	0.267	0.310	0.352	0.332	0.281	0.294	0.316	0.228	0.340	0.298	0.330	0.336	0.295	0.312	0.272	0.315	0.343	0.302	0.308	0.356	0.214	0.310	0.338	0.272	2.055	0.482	0.236	0.187	-16844.068
707	16	500	500	0.5199	0.229	0.213	0.310	0.339	0.257	0.295	0.333	0.264	0.402	0.239	0.254	0.265	0.239	0.298	0.264	0.271	0.232	0.264	0.287	0.296	0.288	0.263	0.316	0.288	0.239	0.292	0.308	0.300	0.256	0.320	2.064	0.400	0.186	0.186	-16263.197
708	16	500	500	0.5112	0.320	0.256	0.326	0.275	0.250	0.302	0.396	0.365	0.336	0.315	0.324	0.322	0.257	0.334	0.305	0.245	0.268	0.370	0.301	0.268	0.287	0.301	0.255	0.358	0.280	0.325	0.301	0.313	0.271	0.289	1.974	0.439	0.253	0.219	-17202.226
709	16	500	500	0.5169	0.259	0.275	0.379	0.274	0.347	0.254	0.280	0.337	0.310	0.308	0.411	0.305	0.352	0.292	0.252	0.287	0.253	0.354	0.251	0.268	0.322	0.275	0.280	0.285	0.342	0.376	0.238	0.292	0.227	0.299	1.907	0.484	0.223	0.201	-16911.628
710	16	500	500	0.5218	0.232	0.346	0.328	0.331	0.228	0.264	0.294	0.339	0.294	0.338	0.300	0.266	0.256	0.287	0.327	0.218	0.304	0.384	0.353	0.317	0.292	0.315	0.325	0.313	0.231	0.314	0.322	0.291	0.268	0.295	2.025	0.452	0.212	0.190	-16838.342
711	16	500	500	0.5152	0.282	0.333	0.260	0.260	0.231	0.262	0.265	0.322	0.241	0.362	0.295	0.320	0.289	0.263	0.325	0.275	0.300	0.278	0.277	0.295	0.297	0.297	0.267	0.284	0.369	0.361	0.252	0.305	0.270	0.296	2.134	0.343	0.166	0.191	-16520.811
712	16	500	500	0.5291	0.248	0.323	0.235	0.303	0.280	0.268	0.303	0.257	0.236	0.262	0.268	0.361	0.341	0.320	0.279	0.307	0.290	0.309	0.324	0.263	0.188	0.350	0.306	0.248	0.294	0.351	0.286	0.241	0.301	0.280	2.028	0.442	0.209	0.209	-16602.746
713	16	500	500	0.5174	0.244	0.396	0.306	0.322	0.277	0.327	0.332	0.315	0.216	0.297	0.259	0.317	0.302	0.300	0.317	0.264	0.328	0.260	0.214	0.302	0.283	0.299	0.368	0.309	0.304	0.281	0.320	0.269	0.322	0.352	2.065	0.427	0.251	0.199	-16981.768
714	16	500	499	0.5151	0.255	0.289	0.291	0.298	0.350	0.376	0.298	0.279	0.334	0.302	0.293	0.308	0.277	0.270	0.303	0.288	0.244	0.337	0.356	0.306	0.322	0.317	0.320	0.344	0.350	0.286	0.321	0.227	0.297	0.297	1.957	0.286	0.169	0.202	-17186.529
715	16	500	500	0.5202	0.230	0.290	0.288	0.287	0.276	0.328	0.249	0.307	0.274	0.388	0.334	0.267	0.295	0.303	0.276	0.285	0.285	0.291	0.325	0.274	0.319	0.342	0.260	0.326	0.288	0.252	0.286	0.341	0.292	0.345	2.021	0.485	0.256	0.201	-16908.632
716	16	500	499	0.5181	0.299	0.232	0.292	0.282	0.298	0.300	0.312	0.261	0.355	0.290	0.306	0.314	0.282	0.321	0.343	0.320	0.317	0.238	0.292	0.244	0.300	0.318	0.231	0.332	0.314	0.241	0.276	0.306	0.273	0.357	1.940	0.490	0.240	0.190	-16621.748
717	16	500	500	0.5289	0.314	0.277	0.290	0.305	0.305	0.319	0.281	0.268	0.242	0.305	0.280	0.313	0.246	0.282	0.330	0.281	0.233	0.253	0.258	0.254	0.378	0.273	0.311	0.348	0.327	0.284	0.298	0.302	0.261	0.297	2.015	0.396	0.193	0.193	-16603.010
718	16	500	499	0.5069	0.253	0.338	0.324	0.286	0.325	0.248	0.289	0.321	0.327	0.293	0.343	0.306	0.320	0.364	0.230	0.243	0.309	0.277	0.282	0.313	0.264	0.314	0.295	0.253	0.296	0.288	0.292	0.286	0.272	0.316	2.038	0.384	0.202	0.209	-16774.622
719	16	500	500	0.5034	0.290	0.269	0.289	0.331	0.304	0.337	0.303	0.279	0.321	0.325	0.274	0.362	0.247	0.311	0.275	0.255	0.314	0.231	0.261	0.354	0.330	0.296	0.289	0.339	0.331	0.291	0.253	0.293	0.305	0.298	1.979	0.377	0.193	0.200	-16847.879
720	16	500	500	0.5120	0.269	0.349	0.310	0.279	0.342	0.273	0.330	0.271	0.169	0.304	0.317	0.329	0.330	0.275	0.270	0.257	0.259	0.303	0.290	0.326	0.288	0.341	0.288	0.329	0.345	0.321	0.356	0.310	0.266	0.338	1.938	0.408	0.227	0.191	-16995.401
721	16	500	498	0.5085	0.241	0.187	0.322	0.334	0.318	0.326	0.260	0.307	0.313	0.288	0.282	0.264	0.262	0.249	0.297	0.295	0.338	0.288	0.270	0.312	0.288	0.310	0.315	0.347	0.313	0.269	0.281	0.264	0.259	0.288	2.108	0.278	0.133	0.190	-16466.421
722	16	500	500	0.5032	0.204	0.318	0.315	0.289	0.267	0.277	0.291	0.305	0.306	0.279	0.312	0.288	0.282	0.273	0.273	0.263	0.356	0.282	0.309	0.279	0.278	0.279	0.264	0.371	0.318	0.320	0.273	0.324	0.353	0.292	2.029	0.371	0.180	0.200	-16692.226
723	16	500	500	0.5013	0.334	0.255	0.293	0.298	0.270	0.348	0.261	0.353	0.283	0.307	0.288	0.260	0.339	0.262	0.296	0.275	0.315	0.323	0.266	0.305	0.272	0.297	0.309	0.273	0.246	0.354	0.273	0.276	0.282	0.248	1.870	0.370	0.174	0.205	-16681.544
724	16	500	500	0.4976	0.326	0.253	0.372	0.290	0.315	0.358	0.317	0.295	0.314	0.292	0.334	0.290	0.280	0.260	0.350	0.271	0.314	0.294	0.229	0.325	0.353	0.318	0.285	0.280	0.347	0.331	0.320	0.323	0.302	0.254	2.039	0.340	0.198	0.205	-17121.363
725	16	500	500	0.5060	0.307	0.295	0.253	0.311	0.320	0.300	0.283	0.347	0.334	0.298	0.359	0.262	0.319	0.307	0.317	0.243	0.252	0.322	0.253	0.306	0.263	0.270	0.326	0.233	0.242	0.276	0.278	0.350	0.202	0.319	2.009	0.455	0.210	0.194	-16515.343
726	16	500	500	0.5085	0.264	0.326	0.282	0.323	0.300	0.293	0.274	0.275	0.307	0.237	0.325	0.266	0.392	0.245	0.291	0.291	0.260	0.300	0.347	0.302	0.369	0.276	0.331	0.324	0.310	0.268	0.258	0.296	0.347	0.295	2.002	0.400	0.208	0.199	-16841.987
727	16	500	499	0.5185	0.288	0.282	0.331	0.260	0.310	0.285	0.246	0.335	0.325	0.351	0.345	0.269	0.303	0.306	0.291	0.317	0.291	0.362	0.336	0.380	0.256	0.331	0.303	0.404	0.277	0.278	0.336	0.258	0.346	0.281	1.946	0.398	0.235	0.182	-17114.742
728	16	500	500	0.5041	0.229	0.291	0.387	0.322	0.343	0.264	0.341	0.284	0.294	0.263	0.336	0.285	0.287	0.354	0.276	0.214	0.361	0.314	0.327	0.316	0.290	0.316	0.318	0.398	0.286	0.283	0.297	0.272	0.280	0.313	2.164	0.370	0.192	0.212	-17109.896
729	16	500	500	0.5144	0.289	0.363	0.357	0.306	0.287	0.333	0.340	0.320	0.284	0.281	0.338	0.273	0.276	0.339	0.339	0.253	0.286	0.328	0.326	0.334	0.290	0.308	0.313	0.337	0.332	0.282	0.257	0.276	0.281	0.290	1.895	0.303	0.161	0.204	-17203.438
730	16	500	500	0.5280	0.270	0.308	0.276	0.277	0.249	0.301	0.321	0.214	0.251	0.371	0.293	0.247	0.319	0.254	0.337	0.311	0.290	0.282	0.304	0.259	0.363	0.250	0.307	0.222	0.285	0.245	0.331	0.349	0.259	0.282	1.934	0.450	0.212	0.200	-16542.794
731	16	500	500	0.5140	0.281	0.248	0.310	0.314	0.339	0.271	0.358	0.301	0.329	0.309	0.320	0.283	0.395	0.324	0.272	0.316	0.264	0.297	0.264	0.298	0.266	0.232	0.361	0.216	0.248	0.354	0.306	0.273	0.282	0.272	2.004	0.374	0.162	0.207	-16831.053
732	16	500	500	0.5024	0.306	0.336	0.265	0.335	0.304	0.346	0.277	0.312	0.221	0.295	0.308	0.282	0.316	0.398	0.215	0.269	0.313	0.330	0.238	0.347	0.373	0.285	0.304	0.302	0.355	0.273	0.298	0.383	0.289	0.267	2.064	0.442	0.239	0.207	-16909.637
733	16	500	500	0.5251	0.286	0.322	0.333	0.259	0.264	0.328	0.248	0.284	0.259	0.338	0.286	0.321	0.280	0.263	0.332	0.351	0.229	0.320	0.271	0.265	0.286	0.335	0.305	0.222	0.267	0.316	0.256	0.329	0.300	0.282	2.051	0.455	0.227	0.194	-16479.443
734	16	500	500	0.5100	0.352	0.294	0.264	0.304	0.310	0.313	0.293	0.299	0.300	0.191	0.331	0.298	0.324	0.283	0.275	0.413	0.262	0.256	0.270	0.283	0.309	0.284	0.308	0.282	0.313	0.368	0.277	0.302	0.327	0.291	2.121	0.364	0.190	0.208	-16873.190
735	16	500	498	0.4997	0.302	0.286	0.320	0.288	0.232	0.316	0.331	0.299	0.345	0.282	0.302	0.324	0.289	0.321	0.344	0.260	0.313	0.288	0.254	0.275	0.338	0.314	0.277	0.309	0.323	0.313	0.300	0.332	0.236	0.270	2.225	0.351	0.161	0.198	-16629.062
736	16	500	500	0.5149	0.250	0.237	0.302	0.296	0.321	0.275	0.222	0.309	0.374	0.334	0.263	0.306	0.338	0.304	0.291	0.246	0.301	0.279	0.298	0.334	0.276	0.289	0.312	0.298	0.324	0.339	0.219	0.260	0.347	0.308	1.997	0.363	0.179	0.214	-16826.782
737	16	500	500	0.5065	0.298	0.358	0.299	0.351	0.221	0.296	0.268	0.299	0.325	0.212	0.222	0.296	0.253	0.312	0.302	0.304	0.297	0.286	0.316	0.250	0.278	0.300	0.306	0.324	0.290	0.291	0.301	0.306	0.301	0.289	1.957	0.356	0.156	0.198	-16494.036
738	16	500	500	0.5141	0.289	0.283	0.382	0.322	0.270	0.410	0.310	0.260	0.340	0.338	0.323	0.306	0.364	0.319	0.332	0.302	0.316	0.328	0.336	0.290	0.228	0.348	0.311	0.269	0.273	0.323	0.322	0.398	0.295	0.333	2.021	0.385	0.224	0.168	-17140.126
739	16	500	500	0.5111	0.280	0.327	0.218	0.301	0.273	0.325	0.302	0.341	0.266	0.262	0.310	0.277	0.291	0.243	0.321	0.250	0.277	0.247	0.248	0.317	0.325	0.278	0.281	0.311	0.292	0.262	0.268	0.270	0.252	0.309	2.067	0.408	0.181	0.209	-16357.635
740	16	500	500	0.5110	0.255	0.318	0.249	0.295	0.288	0.224	0.331	0.284	0.381	0.233	0.280	0.340	0.392	0.276	0.309	0.166	0.284	0.313	0.282	0.290	0.306	0.322	0.278	0.353	0.351	0.316	0.306	0.257	0.359	0.301	1.980	0.225	0.111	0.211	-16954.110
741	16	500	500	0.5343	0.336	0.337	0.235	0.347	0.281	0.300	0.319	0.293	0.278	0.241	0.300	0.281	0.257	0.323	0.279	0.293	0.305	0.304	0.347	0.262	0.347	0.304	0.273	0.239	0.302	0.342	0.317	0.277	0.312	0.265	2.081	0.379	0.162	0.200	-16763.754
742	16	500	499	0.5063	0.301	0.300	0.300	0.294	0.292	0.343	0.275	0.316	0.325	0.289	0.337	0.264	0.312	0.265	0.299	0.290	0.243	0.287	0.253	0.329	0.251	0.298	0.285	0.360	0.260	0.271	0.288	0.315	0.357	0.285	2.105	0.455	0.219	0.185	-16587.826
743	16	500	500	0.5170	0.271	0.264	0.306	0.298	0.307	0.297	0.336	0.274	0.280	0.339	0.253	0.307	0.213	0.307	0.246	0.281	0.284	0.354	0.355	0.227	0.270	0.288	0.346	0.268	0.338	0.257	0.312	0.280	0.325	0.253	2.052	0.326	0.149	0.214	-16740.591
744	16	500	500	0.5263	0.241	0.248	0.290	0.336	0.317	0.323	0.330	0.364	0.356	0.366	0.300	0.334	0.317	0.284	0.341	0.247	0.214	0.278	0.334	0.295	0.281	0.295	0.293	0.274	0.319	0.323	0.312	0.268	0.310	0.239	1.942	0.395	0.229	0.210	-17124.805
745	16	500	500	0.5020	0.297	0.313	0.310	0.308	0.288	0.285	0.266	0.336	0.262	0.235	0.245	0.348	0.307	0.313	0.270	0.265	0.226	0.285	0.297	0.259	0.302	0.299	0.282	0.392	0.335	0.379	0.338	0.289	0.336	0.277	2.014	0.513	0.263	0.194	-16803.927
746	16	500	500	0.5058	0.227	0.256	0.345	0.343	0.255	0.244	0.343	0.315	0.295	0.332	0.297	0.259	0.272	0.334	0.275	0.271	0.327	0.294	0.266	0.292	0.269	0.261	0.350	0.328	0.349	0.271	0.338	0.310	0.301	0.242	1.958	0.333	0.167	0.181	-16558.680
747	16	500	500	0.5088	0.289	0.288	0.320	0.315	0.306	0.321	0.269	0.298	0.283	0.359	0.303	0.338	0.299	0.296	0.312	0.268	0.301	0.300	0.298	0.314	0.317	0.335	0.233	0.271	0.335	0.343	0.292	0.321	0.317	0.295	1.996	0.397	0.235	0.180	-17038.872
748	16	500	500	0.5236	0.288	0.230	0.285	0.321	0.265	0.289	0.307	0.297	0.315	0.290	0.254	0.324	0.254	0.260	0.279	0.260	0.295	0.266	0.240	0.253	0.297	0.215	0.321	0.213	0.287	0.254	0.235	0.318	0.267	0.260	1.951	0.424	0.185	0.192	-16097.604
749	16	500	498	0.5168	0.247	0.274	0.281	0.333	0.317	0.239	0.267	0.293	0.307	0.237	0.233	0.345	0.318	0.283	0.291	0.228	0.292	0.252	0.308	0.287	0.301	0.252	0.306	0.314	0.242	0.267	0.313	0.285	0.264	0.294	2.015	0.351	0.187	0.201	-16413.048
750	16	500	500	0.5085	0.318	0.296	0.321	0.309	0.303	0.334	0.297	0.257	0.300	0.239	0.300	0.290	0.291	0.352	0.247	0.350	0.191	0.294	0.314	0.253	0.316	0.255	0.300	0.307	0.288	0.278	0.289	0.367	0.229	0.333	1.966	0.418	0.182	0.191	-16527.780
751	16	500	499	0.5222	0.355	0.289	0.255	0.314	0.298	0.271	0.298	0.396	0.284	0.252	0.345	0.348	0.279	0.368	0.301	0.330	0.366	0.271	0.312	0.352	0.227	0.288	0.320	0.265	0.314	0.266	0.286	0.341	0.300	0.307	1.940	0.390	0.207	0.189	-17146.677
752	16	500	499	0.5235	0.289	0.280	0.315	0.314	0.283	0.273	0.257	0.276	0.348	0.303	0.263	0.278	0.280	0.326	0.310	0.292	0.241	0.297	0.309	0.285	0.330	0.230	0.361	0.304	0.264	0.340	0.314	0.356	0.276	0.354	1.904	0.320	0.190	0.183	-16892.969
753	16	500	500	0.5245	0.302	0.267	0.285	0.232	0.328	0.314	0.345	0.267	0.345	0.279	0.334	0.335	0.340	0.316	0.314	0.308	0.324	0.356	0.318	0.244	0.286	0.275	0.266	0.326	0.258	0.347	0.283	0.329	0.349	0.336	1.988	0.430	0.239	0.205	-17136.801
754	16	500	500	0.5085	0.289	0.290	0.289	0.277	0.250	0.251	0.243	0.270	0.273	0.263	0.302	0.285	0.322	0.304	0.259	0.307	0.282	0.314	0.269	0.298	0.289	0.337	0.264	0.253	0.338	0.272	0.333	0.252	0.272	0.296	2.021	0.498	0.235	0.201	-16352.846
755	16	500	498	0.5217	0.309	0.324	0.315	0.347	0.302	0.273	0.363	0.319	0.259	0.329	0.286	0.377	0.299	0.323	0.308	0.281	0.306	0.280	0.268	0.295	0.324	0.295	0.358	0.263	0.282	0.358	0.299	0.315	0.301	0.253	1.871	0.449	0.241	0.183	-17127.792
756	16	500	500	0.5060	0.271	0.341	0.315	0.234	0.293	0.276	0.341	0.317	0.280	0.355	0.246	0.273	0.340	0.297	0.261	0.312	0.245	0.282	0.319	0.284	0.348	0.293	0.286	0.285	0.291	0.314	0.272	0.299	0.292	0.330	2.046	0.463	0.220	0.206	-16845.179
757	16	500	500	0.5096	0.288	0.264	0.366	0.264	0.330	0.242	0.315	0.319	0.307	0.347	0.278	0.269	0.317	0.239	0.311	0.237	0.357	0.179	0.329	0.325	0.384	0.353	0.269	0.330	0.319	0.326	0.308	0.353	0.259	0.278	2.099	0.381	0.224	0.177	-16819.212
758	16	500	500	0.5143	0.307	0.219	0.266	0.283	0.289	0.241	0.354	0.335	0.388	0.318	0.266	0.318	0.272	0.270	0.219	0.327	0.236	0.330	0.282	0.298	0.233	0.266	0.232	0.316	0.282	0.254	0.252	0.324	0.257	0.346	2.027	0.321	0.134	0.212	-16521.738
759	16	500	499	0.5132	0.258	0.281	0.348	0.232	0.312	0.242	0.305	0.283	0.321	0.316	0.290	0.316	0.347	0.323	0.283	0.242	0.302	0.370	0.314	0.259	0.238	0.246	0.307	0.295	0.272	0.261	0.296	0.291	0.258	0.354	1.849	0.267	0.120	0.207	-16641.234
760	16	500	500	0.5432	0.243	0.273	0.271	0.327	0.291	0.313	0.330	0.335	0.272	0.266	0.313	0.316	0.287	0.253	0.405	0.269	0.278	0.336	0.295	0.318	0.308	0.285	0.364	0.338	0.258	0.323	0.323	0.337	0.362	0.283	2.017	0.391	0.199	0.198	-17162.400
761	16	500	500	0.5340	0.200	0.374	0.294	0.303	0.280	0.291	0.307	0.304	0.205	0.347	0.261	0.276	0.257	0.243	0.257	0.257	0.282	0.348	0.288	0.283	0.293	0.293	0.301	0.242	0.233	0.296	0.302	0.291	0.260	0.269	2.003	0.440	0.167	0.194	-16346.192
762	16	500	499	0.5168	0.358	0.288	0.293	0.328	0.331	0.326	0.314	0.297	0.237	0.345	0.324	0.291	0.285	0.317	0.284	0.365	0.356	0.341	0.267	0.285	0.298	0.390	0.254	0.343	0.326	0.286	0.273	0.255	0.357	0.348	1.937	0.307	0.168	0.200	-17213.660
763	16	500	500	0.5164	0.289	0.212	0.312	0.324	0.298	0.303	0.307	0.276	0.285	0.266	0.310	0.283	0.386	0.282	0.249	0.280	0.361	0.274	0.293	0.376	0.303	0.306	0.273	0.321	0.248	0.318	0.275	0.327	0.306	0.330	2.005	0.517	0.259	0.207	-16843.931
764	16	500	500	0.5147	0.290	0.355	0.290	0.300	0.267	0.321	0.260	0.280	0.233	0.287	0.254	0.293	0.325	0.220	0.273	0.236	0.263	0.287	0.288	0.353	0.280	0.308	0.254	0.289	0.319	0.336	0.308	0.270	0.294	0.329	1.958	0.406	0.170	0.207	-16567.389
765	16	500	500	0.5278	0.247	0.300	0.326	0.316	0.289	0.306	0.292	0.280	0.269	0.263	0.303	0.337	0.296	0.307	0.294	0.302	0.298	0.327	0.344	0.269	0.372	0.309	0.252	0.352	0.388	0.344	0.302	0.306	0.311	0.281	2.077	0.271	0.140	0.192	-17014.667
766	16	500	500	0.5094	0.290	0.304	0.287	0.324	0.297	0.343	0.293	0.259	0.365	0.299	0.251	0.338	0.303	0.335	0.306	0.222	0.338	0.290	0.318	0.304	0.270	0.326	0.290	0.320	0.261	0.235	0.296	0.291	0.291	0.315	1.920	0.386	0.215	0.204	-16996.593
767	16	500	500	0.5302	0.265	0.277	0.339	0.281	0.323	0.342	0.288	0.309	0.372	0.317	0.311	0.275	0.257	0.331	0.267	0.268	0.319	0.317	0.266	0.265	0.322	0.380	0.291	0.245	0.305	0.278	0.307	0.317	0.308	0.327	1.979	0.377	0.191	0.199	-17029.752
768	16	500	500	0.5170	0.311	0.385	0.307	0.287	0.345	0.306	0.255	0.331	0.282	0.316	0.351	0.253	0.356	0.336	0.280	0.294	0.328	0.282	0.285	0.281	0.303	0.276	0.319	0.331	0.376	0.290	0.247	0.365	0.288	0.236	2.059	0.468	0.237	0.192	-16868.234
769	16	500	500	0.5039	0.303	0.253	0.282	0.385	0.316	0.327	0.327	0.301	0.237	0.367	0.321	0.281	0.327	0.305	0.313	0.322	0.304	0.277	0.311	0.262	0.347	0.241	0.274	0.356	0.318	0.360	0.319	0.237	0.298	0.332	1.892	0.483	0.266	0.217	-17181.483
770	16	500	500	0.5289	0.304	0.280	0.369	0.289	0.307	0.308	0.309	0.279	0.262	0.274	0.239	0.320	0.272	0.296	0.255	0.300	0.314	0.278	0.313	0.295	0.297	0.279	0.304	0.344	0.319	0.317	0.288	0.304	0.351	0.229	1.877	0.397	0.183	0.188	-16762.866
771	16	500	499	0.5170	0.215	0.296	0.301	0.269	0.304	0.270	0.234	0.293	0.240	0.333	0.274	0.257	0.342	0.245	0.283	0.244	0.288	0.315	0.290	0.279	0.291	0.324	0.312	0.266	0.269	0.314	0.274	0.257	0.328	0.314	2.049	0.316	0.176	0.189	-16460.419
772	16	500	500	0.5249	0.265	0.313	0.323	0.304	0.356	0.296	0.339	0.330	0.285	0.254	0.337	0.281	0.338	0.361	0.254	0.222	0.275	0.280	0.307	0.265	0.275	0.280	0.300	0.311	0.310	0.298	0.313	0.333	0.300	0.350	2.031	0.358	0.184	0.199	-17009.908
773	16	500	500	0.5097	0.284	0.236	0.300	0.305	0.280	0.314	0.255	0.269	0.280	0.319	0.257	0.283	0.297	0.280	0.304	0.284	0.251	0.247	0.300	0.298	0.363	0.320	0.274	0.216	0.287	0.336	0.255	0.310	0.260	0.260	2.134	0.390	0.166	0.201	-16379.051
774	16	500	500	0.5019	0.342	0.335	0.288	0.264	0.332	0.254	0.303	0.287	0.289	0.324	0.289	0.280	0.248	0.280	0.277	0.269	0.357	0.267	0.297	0.326	0.332	0.308	0.313	0.282	0.309	0.290	0.283	0.352	0.282	0.298	2.062	0.475	0.234	0.210	-16801.811
775	16	500	499	0.5255	0.338	0.292	0.303	0.311	0.298	0.256	0.294	0.315	0.315	0.379	0.329	0.256	0.296	0.320	0.391	0.335	0.266	0.374	0.303	0.387	0.382	0.278	0.367	0.326	0.320	0.285	0.317	0.348	0.276	0.285	1.865	0.366	0.228	0.198	-17493.485
776	16	500	500	0.5176	0.300	0.282	0.373	0.249	0.321	0.242	0.294	0.277	0.296	0.324	0.256	0.214	0.251	0.292	0.263	0.340	0.254	0.362	0.267	0.261	0.288	0.286	0.289	0.293	0.150	0.290	0.335	0.273	0.231	0.292	2.054	0.534	0.225	0.208	-16211.356
777	16	500	500	0.5216	0.287	0.299	0.365	0.320	0.261	0.264	0.328	0.275	0.325	0.321	0.325	0.263	0.259	0.308	0.287	0.197	0.273	0.346	0.326	0.286	0.266	0.261	0.210	0.243	0.277	0.301	0.277	0.263	0.284	0.300	1.939	0.389	0.173	0.189	-16479.634
778	16	500	500	0.5089	0.304	0.277	0.223	0.325	0.311	0.337	0.305	0.300	0.273	0.341	0.242	0.273	0.287	0.304	0.261	0.303	0.218	0.262	0.354	0.332	0.306	0.270	0.339	0.300	0.342	0.241	0.270	0.244	0.315	0.278	1.865	0.473	0.203	0.187	-16473.453
779	16	500	500	0.5311	0.263	0.314	0.262	0.271	0.275	0.224	0.315	0.290	0.265	0.271	0.256	0.272	0.325	0.257	0.322	0.305	0.222	0.219	0.247	0.320	0.355	0.279	0.277	0.298	0.274	0.309	0.292	0.244	0.284	0.313	2.024	0.302	0.141	0.180	-16170.660
780	16	500	500	0.5190	0.247	0.291	0.329	0.263	0.258	0.287	0.245	0.310	0.244	0.317	0.270	0.310	0.340	0.276	0.303	0.313	0.304	0.378	0.286	0.332	0.246	0.316	0.286	0.306	0.232	0.268	0.314	0.273	0.314	0.308	1.919	0.365	0.170	0.193	-16626.037
781	16	500	500	0.5050	0.268	0.354	0.221	0.250	0.371	0.328	0.323	0.318	0.319	0.253	0.243	0.339	0.297	0.293	0.359	0.259	0.302	0.319	0.259	0.280	0.294	0.285	0.262	0.297	0.344	0.294	0.253	0.259	0.289	0.361	1.962	0.328	0.165	0.205	-16831.245
782	16	500	500	0.5183	0.349	0.297	0.320	0.320	0.279	0.320	0.255	0.332	0.205	0.276	0.351	0.232	0.241	0.264	0.269	0.287	0.304	0.299	0.283	0.260	0.274	0.331	0.236	0.262	0.326	0.288	0.270	0.284	0.293	0.292	2.006	0.367	0.171	0.192	-16407.578
783	16	500	500	0.5185	0.227	0.354	0.244	0.251	0.339	0.296	0.353	0.302	0.274	0.294	0.260	0.330	0.333	0.289	0.318	0.296	0.282	0.353	0.344	0.285	0.297	0.253	0.303	0.347	0.356	0.307	0.304	0.366	0.379	0.252	2.062	0.356	0.235	0.189	-16995.100
784	16	500	500	0.5100	0.296	0.326	0.365	0.296	0.370	0.310	0.358	0.255	0.343	0.343	0.306	0.313	0.271	0.301	0.246	0.289	0.290	0.312	0.325	0.317	0.294	0.285	0.323	0.326	0.300	0.287	0.270	0.330	0.295	0.302	1.924	0.281	0.152	0.198	-17165.773
785	16	500	500	0.5148	0.252	0.347	0.282	0.305	0.270	0.254	0.301	0.257	0.283	0.251	0.338	0.268	0.336	0.249	0.316	0.252	0.344	0.258	0.301	0.322	0.305	0.326	0.249	0.231	0.265	0.290	0.283	0.328	0.306	0.322	2.074	0.435	0.202	0.201	-16544.846
786	16	500	500	0.5137	0.256	0.299	0.305	0.295	0.269	0.212	0.300	0.320	0.294	0.310	0.294	0.307	0.220	0.298	0.323	0.307	0.324	0.333	0.295	0.363	0.326	0.252	0.323	0.314	0.304	0.297	0.329	0.292	0.309	0.288	2.010	0.338	0.191	0.206	-16991.409
787	16	500	499	0.5103	0.293	0.280	0.300	0.297	0.309	0.345	0.333	0.290	0.274	0.332	0.269	0.325	0.313	0.294	0.296	0.314	0.310	0.304	0.301	0.271	0.296	0.310	0.301	0.324	0.309	0.275	0.252	0.287	0.348	0.207	2.007	0.401	0.204	0.221	-16921.794
788	16	500	498	0.5313	0.221	0.253	0.332	0.237	0.285	0.289	0.320	0.306	0.311	0.346	0.293	0.253	0.250	0.289	0.281	0.167	0.299	0.406	0.305	0.307	0.290	0.308	0.280	0.324	0.286	0.276	0.258	0.297	0.281	0.291	1.997	0.149	0.074	0.204	-16691.739
789	16	500	500	0.5049	0.287	0.300	0.303	0.281	0.337	0.322	0.282	0.278	0.283	0.339	0.367	0.372	0.272	0.316	0.314	0.291	0.331	0.344	0.332	0.355	0.327	0.243	0.306	0.306	0.307	0.329	0.270	0.269	0.300	0.319	2.081	0.433	0.217	0.179	-16946.928
790	16	500	500	0.5255	0.302	0.276	0.248	0.290	0.262	0.333	0.335	0.287	0.230	0.332	0.309	0.240	0.297	0.324	0.271	0.250	0.314	0.242	0.325	0.286	0.287	0.290	0.297	0.265	0.363	0.250	0.322	0.293	0.306	0.280	2.102	0.401	0.157	0.201	-16461.173
791	16	500	500	0.5272	0.344	0.317	0.283	0.267	0.294	0.318	0.334	0.283	0.216	0.329	0.237	0.305	0.292	0.278	0.294	0.317	0.289	0.326	0.284	0.271	0.350	0.299	0.308	0.447	0.256	0.313	0.301	0.309	0.284	0.292	2.018	0.363	0.196	0.213	-17028.850
792	16	500	500	0.5284	0.330	0.281	0.314	0.283	0.343	0.338	0.419	0.247	0.282	0.287	0.300	0.286	0.271	0.317	0.342	0.239	0.256	0.271	0.320	0.336	0.379	0.282	0.289	0.301	0.294	0.364	0.353	0.356	0.330	0.320	1.955	0.452	0.242	0.214	-17406.203
793	16	500	500	0.5112	0.258	0.322	0.306	0.276	0.285	0.373	0.292	0.255	0.267	0.284	0.334	0.265	0.315	0.309	0.293	0.282	0.265	0.209	0.279	0.310	0.351	0.306	0.308	0.360	0.334	0.306	0.300	0.295	0.286	0.285	1.956	0.450	0.183	0.200	-16778.258
794	16	500	500	0.5209	0.274	0.262	0.305	0.293	0.255	0.259	0.287	0.273	0.283	0.335	0.258	0.269	0.287	0.297	0.265	0.236	0.329	0.291	0.319	0.293	0.345	0.298	0.310	0.305	0.226	0.261	0.319	0.354	0.295	0.330	1.853	0.340	0.145	0.211	-16594.979
795	16	500	500	0.5265	0.326	0.299	0.328	0.280	0.273	0.258	0.314	0.277	0.335	0.275	0.305	0.291	0.265	0.292	0.269	0.274	0.267	0.267	0.279	0.241	0.348	0.317	0.299	0.331	0.306	0.276	0.318	0.325	0.289	0.273	1.880	0.265	0.123	0.210	-16838.660
796	16	500	500	0.5130	0.250	0.316	0.255	0.306	0.307	0.290	0.229	0.331	0.264	0.260	0.231	0.375	0.354	0.247	0.306	0.220	0.273	0.297	0.344	0.298	0.321	0.263	0.344	0.355	0.293	0.316	0.316	0.369	0.318	0.285	2.112	0.280	0.151	0.196	-16727.132
797	16	500	500	0.5131	0.216	0.218	0.328	0.309	0.275	0.312	0.289	0.295	0.314	0.279	0.288	0.319	0.264	0.298	0.274	0.254	0.261	0.375	0.247	0.304	0.270	0.307	0.269	0.302	0.349	0.279	0.272	0.275	0.268	0.318	1.892	0.379	0.176	0.197	-16538.023
798	16	500	500	0.5100	0.283	0.370	0.294	0.270	0.322	0.302	0.292	0.281	0.284	0.233	0.286	0.331	0.397	0.260	0.271	0.225	0.247	0.313	0.375	0.210	0.250	0.308	0.311	0.307	0.304	0.281	0.258	0.249	0.300	0.299	1.974	0.452	0.208	0.208	-16684.159
799	16	500	500	0.5098	0.258	0.400	0.308	0.285	0.325	0.240	0.274	0.329	0.300	0.264	0.307	0.289	0.284	0.350	0.309	0.268	0.302	0.241	0.361	0.322	0.346	0.214	0.370	0.296	0.263	0.288	0.303	0.361	0.265	0.245	2.007	0.342	0.182	0.197	-16800.369
800	16	500	500	0.5168	0.279	0.259	0.269	0.249	0.294	0.312	0.299	0.240	0.251	0.227	0.287	0.275	0.378	0.344	0.271	0.321	0.381	0.326	0.310	0.249	0.303	0.290	0.296	0.204	0.332	0.306	0.289	0.237	0.346	0.288	2.006	0.383	0.185	0.186	-16369.035
801	16	500	500	0.5067	0.234	0.281	0.288	0.290	0.279	0.284	0.280	0.312	0.209	0.293	0.361	0.294	0.310	0.287	0.313	0.295	0.344	0.283	0.279	0.272	0.275	0.308	0.281	0.255	0.322	0.317	0.249	0.255	0.327	0.290	1.860	0.367	0.172	0.198	-16648.780
802	16	500	500	0.5079	0.264	0.405	0.340	0.244	0.335	0.324	0.302	0.294	0.251	0.336	0.263	0.272	0.327	0.299	0.291	0.219	0.319	0.249	0.312	0.342	0.306	0.321	0.319	0.226	0.293	0.331	0.252	0.276	0.271	0.234	1.952	0.332	0.150	0.216	-16846.826
803	16	500	500	0.5144	0.274	0.293	0.316	0.278	0.310	0.296	0.270	0.338	0.305	0.342	0.306	0.279	0.256	0.333	0.336	0.292	0.348	0.322	0.233	0.373	0.326	0.264	0.351	0.260	0.348	0.322	0.339	0.274	0.319	0.313	2.025	0.367	0.216	0.201	-17222.696
804	16	500	500	0.5078	0.249	0.302	0.369	0.349	0.290	0.251	0.293	0.318	0.279	0.320	0.337	0.297	0.290	0.384	0.226	0.294	0.337	0.313	0.262	0.297	0.275	0.345	0.272	0.205	0.229	0.266	0.337	0.300	0.308	0.293	2.104	0.488	0.234	0.192	-16543.404
805	16	500	500	0.5178	0.272	0.274	0.320	0.254	0.336	0.285	0.313	0.266	0.304	0.290	0.301	0.319	0.256	0.335	0.322	0.303	0.261	0.317	0.301	0.279	0.317	0.350	0.298	0.260	0.337	0.319	0.317	0.294	0.278	0.286	2.017	0.490	0.221	0.197	-16788.191
806	16	500	500	0.5070	0.369	0.285	0.362	0.326	0.238	0.315	0.329	0.296	0.273	0.301	0.391	0.290	0.273	0.254	0.314	0.295	0.257	0.294	0.248	0.325	0.313	0.268	0.339	0.286	0.251	0.316	0.319	0.286	0.277	0.286	2.031	0.297	0.156	0.207	-16986.401
807	16	500	497	0.5199	0.266	0.218	0.311	0.348	0.275	0.263	0.295	0.291	0.398	0.271	0.281	0.296	0.355	0.323	0.306	0.253	0.333	0.325	0.269	0.286	0.336	0.339	0.279	0.278	0.254	0.308	0.364	0.268	0.298	0.298	2.009	0.493	0.246	0.195	-16718.766
808	16	500	500	0.5072	0.255	0.333	0.299	0.325	0.372	0.342	0.303	0.234	0.355	0.373	0.317	0.253	0.268	0.322	0.288	0.285	0.323	0.303	0.311	0.325	0.327	0.316	0.250	0.247	0.325	0.301	0.293	0.217	0.322	0.249	2.020	0.553	0.280	0.197	-16855.222
809	16	500	500	0.5184	0.274	0.327	0.299	0.340	0.281	0.321	0.332	0.381	0.304	0.297	0.268	0.300	0.306	0.335	0.317	0.271	0.293	0.268	0.339	0.331	0.195	0.258	0.297	0.329	0.299	0.297	0.254	0.287	0.310	0.279	1.960	0.406	0.219	0.204	-16996.195
810	16	500	500	0.4949	0.290	0.302	0.328	0.276	0.276	0.277	0.305	0.298	0.244	0.304	0.317	0.319	0.326	0.301	0.302	0.273	0.267	0.271	0.317	0.278	0.275	0.305	0.308	0.282	0.259	0.308	0.334	0.309	0.302	0.261	2.037	0.444	0.207	0.209	-16700.537
811	16	500	499	0.5172	0.218	0.245	0.294	0.274	0.280	0.354	0.282	0.302	0.306	0.315	0.278	0.289	0.290	0.303	0.286	0.264	0.333	0.256	0.278	0.267	0.339	0.284	0.280	0.225	0.406	0.286	0.262	0.282	0.312	0.266	2.045	0.455	0.207	0.203	-16541.610
812	16	500	500	0.5027	0.230	0.224	0.308	0.300	0.324	0.334	0.274	0.333	0.335	0.376	0.261	0.300	0.343	0.249	0.285	0.276	0.282	0.283	0.311	0.303	0.286	0.331	0.259	0.335	0.340	0.281	0.257	0.290	0.321	0.321	2.067	0.464	0.235	0.201	-16794.866
813	16	500	500	0.5100	0.246	0.348	0.299	0.289	0.351	0.365	0.308	0.337	0.371	0.257	0.237	0.321	0.270	0.317	0.355	0.305	0.252	0.254	0.345	0.298	0.375	0.287	0.285	0.315	0.318	0.395	0.266	0.296	0.230	0.270	1.990	0.447	0.222	0.199	-17065.288
814	16	500	498	0.5180	0.314	0.238	0.282	0.333	0.274	0.324	0.301	0.314	0.295	0.307	0.329	0.277	0.299	0.333	0.315	0.345	0.238	0.349	0.314	0.307	0.329	0.358	0.240	0.310	0.287	0.344	0.242	0.355	0.269	0.264	2.081	0.420	0.204	0.192	-16797.981
815	16	500	500	0.5228	0.310	0.300	0.290	0.334	0.309	0.324	0.339	0.281	0.338	0.363	0.275	0.298	0.336	0.263	0.324	0.266	0.269	0.330	0.320	0.289	0.317	0.277	0.321	0.309	0.318	0.266	0.293	0.331	0.293	0.284	1.914	0.346	0.166	0.195	-16990.652
816	16	500	500	0.5088	0.239	0.312	0.251	0.278	0.384	0.376	0.354	0.336	0.335	0.374	0.240	0.373	0.276	0.261	0.292	0.302	0.342	0.324	0.321	0.259	0.284	0.298	0.323	0.320	0.313	0.273	0.318	0.284	0.287	0.307	2.061	0.330	0.162	0.198	-17124.660
817	16	500	500	0.5285	0.255	0.317	0.317	0.314	0.340	0.298	0.372	0.297	0.246	0.356	0.310	0.312	0.304	0.293	0.232	0.208	0.315	0.321	0.294	0.258	0.305	0.320	0.337	0.315	0.308	0.312	0.368	0.346	0.333	0.231	1.968	0.331	0.198	0.200	-17205.267
818	16	500	497	0.5174	0.238	0.310	0.306	0.323	0.305	0.275	0.267	0.279	0.286	0.281	0.315	0.302	0.287	0.274	0.300	0.250	0.301	0.327	0.306	0.289	0.270	0.311	0.291	0.304	0.292	0.306	0.236	0.314	0.255	0.298	1.949	0.328	0.131	0.203	-16504.789
819	16	500	500	0.5226	0.245	0.282	0.278	0.265	0.327	0.297	0.294	0.274	0.332	0.247	0.319	0.321	0.308	0.318	0.300	0.289	0.191	0.387	0.342	0.266	0.239	0.255	0.327	0.302	0.296	0.284	0.330	0.352	0.236	0.334	1.954	0.354	0.165	0.203	-16764.753
820	16	500	500	0.5134	0.262	0.284	0.349	0.321	0.311	0.242	0.260	0.325	0.230	0.298	0.352	0.274	0.310	0.267	0.273	0.275	0.311	0.318	0.325	0.264	0.278	0.276	0.283	0.330	0.349	0.306	0.291	0.254	0.344	0.287	1.982	0.343	0.147	0.193	-16696.211
821	16	500	500	0.5181	0.299	0.258	0.330	0.288	0.259	0.343	0.277	0.336	0.360	0.299	0.314	0.317	0.368	0.284	0.317	0.307	0.274	0.386	0.308	0.342	0.293	0.334	0.253	0.397	0.347	0.273	0.285	0.255	0.320	0.316	2.055	0.388	0.201	0.202	-17177.457
822	16	500	500	0.5015	0.297	0.321	0.304	0.307	0.272	0.311	0.295	0.223	0.166	0.237	0.352	0.317	0.363	0.308	0.246	0.282	0.304	0.310	0.270	0.296	0.334	0.307	0.308	0.342	0.298	0.329	0.303	0.329	0.343	0.301	1.936	0.271	0.124	0.203	-16878.665
823	16	500	500	0.5147	0.238	0.305	0.213	0.307	0.301	0.357	0.274	0.305	0.265	0.394	0.304	0.318	0.312	0.277	0.307	0.275	0.332	0.267	0.331	0.332	0.313	0.282	0.309	0.311	0.314	0.204	0.268	0.296	0.245	0.269	2.016	0.383	0.221	0.195	-16684.214
824	16	500	499	0.5043	0.227	0.304	0.353	0.274	0.310	0.294	0.277	0.284	0.270	0.327	0.274	0.314	0.309	0.247	0.297	0.249	0.272	0.337	0.325	0.260	0.250	0.260	0.304	0.382	0.296	0.299	0.264	0.286	0.267	0.277	2.031	0.378	0.173	0.195	-16451.473
825	16	500	500	0.5052	0.251	0.290	0.308	0.296	0.323	0.273	0.274	0.304	0.315	0.334	0.328	0.277	0.256	0.323	0.325	0.251	0.301	0.247	0.284	0.342	0.285	0.292	0.271	0.303	0.293	0.328	0.284	0.287	0.300	0.371	2.081	0.372	0.196	0.200	-16838.513
826	16	500	500	0.5138	0.276	0.314	0.301	0.316	0.332	0.335	0.262	0.312	0.250	0.338	0.282	0.329	0.278	0.321	0.273	0.256	0.276	0.332	0.327	0.255	0.220	0.249	0.312	0.283	0.289	0.303	0.309	0.330	0.305	0.265	2.020	0.446	0.181	0.210	-16665.313
827	16	500	500	0.5163	0.274	0.307	0.378	0.244	0.318	0.292	0.289	0.303	0.324	0.264	0.349	0.299	0.284	0.303	0.351	0.242	0.278	0.343	0.294	0.270	0.283	0.297	0.321	0.242	0.286	0.266	0.330	0.229	0.298	0.291	1.939	0.394	0.161	0.209	-16816.261
828	16	500	500	0.5162	0.273	0.331	0.316	0.372	0.278	0.255	0.300	0.293	0.301	0.269	0.282	0.330	0.294	0.308	0.300	0.337	0.373	0.295	0.281	0.375	0.351	0.290	0.284	0.261	0.303	0.309	0.301	0.242	0.301	0.308	2.092	0.311	0.179	0.189	-16909.268
829	16	500	499	0.5030	0.287	0.305	0.279	0.347	0.321	0.308	0.339	0.283	0.327	0.326	0.354	0.239	0.339	0.362	0.255	0.300	0.270	0.342	0.313	0.330	0.283	0.321	0.347	0.275	0.251	0.333	0.319	0.300	0.316	0.330	1.861	0.408	0.233	0.202	-17368.786
830	16	500	500	0.5120	0.280	0.327	0.308	0.295	0.301	0.302	0.319	0.300	0.247	0.321	0.247	0.305	0.208	0.312	0.259	0.341	0.288	0.320	0.276	0.283	0.321	0.341	0.273	0.217	0.339	0.277	0.326	0.291	0.344	0.342	1.980	0.368	0.224	0.200	-16940.570
831	16	500	500	0.5165	0.332	0.316	0.298	0.274	0.327	0.256	0.319	0.284	0.286	0.327	0.287	0.350	0.299	0.277	0.280	0.331	0.297	0.304	0.300	0.269	0.232	0.357	0.287	0.320	0.249	0.363	0.295	0.301	0.349	0.301	2.053	0.484	0.244	0.217	-17020.941
832	16	500	500	0.5044	0.281	0.339	0.342	0.311	0.277	0.317	0.273	0.291	0.303	0.302	0.310	0.368	0.252	0.302	0.288	0.279	0.262	0.311	0.310	0.284	0.354	0.287	0.344	0.310	0.289	0.319	0.301	0.294	0.247	0.312	2.016	0.415	0.215	0.209	-16966.387
833	16	500	499	0.5057	0.285	0.358	0.270	0.298	0.305	0.348	0.294	0.327	0.256	0.326	0.357	0.284	0.335	0.277	0.299	0.221	0.406	0.335	0.331	0.325	0.288	0.302	0.328	0.280	0.409	0.341	0.364	0.296	0.314	0.331	1.978	0.293	0.207	0.203	-17620.353
834	16	500	500	0.5114	0.236	0.255	0.303	0.357	0.228	0.268	0.313	0.286	0.384	0.261	0.319	0.251	0.278	0.300	0.337	0.277	0.332	0.278	0.306	0.328	0.309	0.311	0.304	0.341	0.278	0.272	0.262	0.322	0.319	0.304	1.964	0.427	0.208	0.195	-16736.477
835	16	500	500	0.5146	0.319	0.255	0.310	0.323	0.305	0.284	0.299	0.301	0.252	0.391	0.317	0.285	0.312	0.363	0.280	0.273	0.327	0.324	0.299	0.341	0.241	0.342	0.259	0.316	0.301	0.354	0.354	0.265	0.292	0.281	1.836	0.415	0.207	0.198	-17157.525
836	16	500	500	0.5165	0.276	0.288	0.281	0.277	0.242	0.382	0.345	0.287	0.334	0.330	0.373	0.236	0.246	0.319	0.264	0.278	0.253	0.295	0.295	0.263	0.261	0.308	0.287	0.349	0.281	0.308	0.300	0.308	0.302	0.310	1.950	0.452	0.205	0.183	-16614.132
837	16	500	500	0.5148	0.255	0.262	0.266	0.278	0.263	0.317	0.263	0.294	0.307	0.334	0.302	0.299	0.245	0.283	0.288	0.244	0.245	0.289	0.299	0.252	0.290	0.309	0.302	0.251	0.273	0.362	0.267	0.274	0.250	0.302	2.008	0.411	0.179	0.205	-16424.780
838	16	500	500	0.5149	0.269	0.289	0.314	0.270	0.358	0.319	0.294	0.359	0.361	0.294	0.291	0.327	0.356	0.358	0.290	0.275	0.291	0.349	0.287	0.334	0.319	0.284	0.367	0.248	0.316	0.282	0.301	0.314	0.282	0.280	1.971	0.294	0.156	0.216	-17356.611
839	16	500	500	0.5064	0.324	0.298	0.311	0.297	0.282	0.251	0.280	0.308	0.294	0.299	0.306	0.255	0.273	0.274	0.297	0.351	0.326	0.343	0.305	0.317	0.273	0.311	0.311	0.240	0.297	0.336	0.301	0.258	0.294	0.290	1.964	0.357	0.179	0.204	-16815.051
840	16	500	500	0.5111	0.300	0.265	0.361	0.295	0.320	0.349	0.382	0.293	0.350	0.278	0.300	0.311	0.302	0.241	0.343	0.288	0.294	0.334	0.280	0.239	0.327	0.275	0.297	0.318	0.318	0.356	0.346	0.309	0.384	0.254	1.966	0.437	0.247	0.196	-17159.503
841	16	500	500	0.5166	0.319	0.245	0.292	0.367	0.332	0.283	0.289	0.300	0.321	0.374	0.308	0.315	0.248	0.316	0.305	0.267	0.351	0.346	0.331	0.309	0.246	0.290	0.288	0.347	0.289	0.302	0.303	0.316	0.351	0.327	2.081	0.353	0.193	0.205	-17202.906
842	16	500	500	0.5216	0.303	0.261	0.372	0.291	0.342	0.288	0.296	0.297	0.314	0.398	0.307	0.267	0.243	0.326	0.281	0.372	0.316	0.266	0.300	0.338	0.337	0.273	0.300	0.238	0.294	0.332	0.326	0.251	0.348	0.263	1.987	0.272	0.167	0.197	-17130.141
843	16	500	500	0.5038	0.324	0.243	0.292	0.320	0.285	0.342	0.306	0.348	0.339	0.314	0.248	0.306	0.313	0.356	0.289	0.337	0.366	0.282	0.307	0.269	0.308	0.385	0.291	0.259	0.301	0.313	0.315	0.267	0.279	0.369	2.068	0.450	0.211	0.201	-17027.126
844	16	500	500	0.5161	0.273	0.298	0.298	0.291	0.313	0.378	0.338	0.266	0.253	0.328	0.292	0.266	0.264	0.295	0.359	0.270	0.266	0.261	0.305	0.322	0.354	0.247	0.320	0.224	0.272	0.270	0.331	0.248	0.298	0.321	1.884	0.395	0.195	0.190	-16767.171
845	16	500	500	0.5176	0.233	0.266	0.233	0.318	0.321	0.315	0.341	0.347	0.315	0.303	0.303	0.350	0.305	0.304	0.315	0.255	0.339	0.298	0.330	0.276	0.387	0.336	0.307	0.313	0.369	0.307	0.273	0.316	0.312	0.320	1.993	0.307	0.167	0.208	-17271.516
846	16	500	500	0.5095	0.251	0.240	0.334	0.305	0.266	0.282	0.280	0.373	0.376	0.281	0.342	0.264	0.306	0.231	0.364	0.282	0.311	0.250	0.319	0.296	0.307	0.306	0.267	0.341	0.360	0.290	0.282	0.298	0.319	0.364	2.034	0.325	0.174	0.202	-16953.387
847	16	500	500	0.5181	0.269	0.312	0.294	0.302	0.327	0.354	0.272	0.355	0.282	0.237	0.310	0.291	0.318	0.290	0.289	0.236	0.280	0.264	0.319	0.238	0.297	0.291	0.293	0.269	0.245	0.305	0.238	0.273	0.350	0.301	1.909	0.379	0.169	0.205	-16623.908
848	16	500	500	0.5321	0.292	0.253	0.265	0.302	0.327	0.361	0.313	0.271	0.328	0.215	0.316	0.280	0.370	0.310	0.322	0.254	0.253	0.233	0.306	0.238	0.242	0.290	0.275	0.308	0.292	0.341	0.272	0.282	0.299	0.244	2.047	0.430	0.205	0.216	-16678.589
849	16	500	500	0.5088	0.295	0.280	0.277	0.277	0.266	0.265	0.268	0.311	0.243	0.264	0.356	0.309	0.295	0.332	0.298	0.346	0.357	0.300	0.284	0.304	0.324	0.296	0.300	0.289	0.285	0.328	0.300	0.262	0.311	0.274	1.923	0.426	0.208	0.191	-16729.787
850	16	500	500	0.5139	0.280	0.332	0.271	0.267	0.250	0.321	0.314	0.303	0.257	0.278	0.286	0.301	0.304	0.282	0.236	0.328	0.225	0.232	0.292	0.249	0.314	0.311	0.288	0.301	0.294	0.345	0.343	0.270	0.278	0.242	1.941	0.409	0.207	0.195	-16470.587
851	16	500	500	0.5195	0.228	0.259	0.237	0.304	0.372	0.375	0.320	0.287	0.263	0.299	0.265	0.311	0.343	0.346	0.290	0.243	0.285	0.345	0.288	0.267	0.279	0.297	0.287	0.315	0.279	0.297	0.260	0.278	0.285	0.309	2.042	0.321	0.157	0.208	-16796.218
852	16	500	500	0.5100	0.321	0.288	0.276	0.286	0.297	0.294	0.299	0.271	0.260	0.305	0.338	0.294	0.374	0.261	0.242	0.260	0.276	0.346	0.318	0.321	0.322	0.251	0.339	0.301	0.350	0.320	0.276	0.263	0.352	0.272	1.882	0.423	0.215	0.181	-16778.890
853	16	500	500	0.5150	0.262	0.362	0.240	0.336	0.358	0.299	0.383	0.332	0.325	0.396	0.297	0.336	0.254	0.301	0.290	0.198	0.300	0.320	0.284	0.261	0.289	0.304	0.328	0.340	0.316	0.277	0.305	0.293	0.264	0.296	1.975	0.390	0.192	0.220	-17135.845
854	16	500	500	0.5267	0.244	0.265	0.363	0.277	0.372	0.257	0.276	0.250	0.286	0.318	0.307	0.267	0.279	0.242	0.273	0.241	0.282	0.328	0.231	0.266	0.247	0.283	0.268	0.271	0.329	0.342	0.269	0.253	0.316	0.318	2.055	0.320	0.152	0.204	-16425.860
855	16	500	500	0.5354	0.294	0.203	0.301	0.285	0.321	0.331	0.264	0.283	0.291	0.337	0.343	0.289	0.244	0.291	0.281	0.328	0.300	0.309	0.257	0.333	0.298	0.318	0.308	0.290	0.372	0.279	0.301	0.305	0.264	0.268	2.073	0.442	0.203	0.190	-16676.278
856	16	500	500	0.5213	0.271	0.282	0.390	0.263	0.282	0.319	0.308	0.262	0.293	0.287	0.286	0.289	0.283	0.338	0.248	0.271	0.226	0.306	0.313	0.282	0.318	0.327	0.307	0.301	0.224	0.272	0.335	0.312	0.311	0.300	2.007	0.410	0.210	0.196	-16699.462
857	16	500	500	0.5167	0.234	0.274	0.288	0.258	0.353	0.341	0.276	0.317	0.322	0.274	0.350	0.294	0.318	0.331	0.287	0.220	0.265	0.347	0.310	0.267	0.300	0.315	0.295	0.400	0.198	0.304	0.311	0.399	0.308	0.290	1.818	0.358	0.173	0.186	-16883.429
858	16	500	497	0.5203	0.288	0.291	0.364	0.268	0.281	0.278	0.321	0.340	0.257	0.315	0.311	0.325	0.279	0.288	0.286	0.326	0.234	0.294	0.285	0.301	0.355	0.282	0.232	0.297	0.328	0.340	0.241	0.282	0.305	0.259	2.032	0.449	0.215	0.195	-16673.632
859	16	500	500	0.5332	0.306	0.277	0.298	0.292	0.292	0.334	0.299	0.310	0.284	0.311	0.251	0.277	0.259	0.285	0.284	0.237	0.282	0.261	0.313	0.289	0.328	0.312	0.286	0.268	0.328	0.311	0.313	0.241	0.321	0.306	1.878	0.401	0.210	0.190	-16765.145
860	16	500	500	0.5099	0.270	0.276	0.351	0.283	0.345	0.257	0.297	0.297	0.244	0.265	0.317	0.319	0.344	0.362	0.292	0.242	0.328	0.278	0.365	0.335	0.271	0.335	0.316	0.280	0.321	0.272	0.323	0.272	0.334	0.260	2.020	0.329	0.176	0.193	-17015.075
861	16	500	500	0.5080	0.220	0.411	0.258	0.285	0.227	0.298	0.300	0.259	0.254	0.316	0.319	0.293	0.237	0.341	0.338	0.268	0.253	0.300	0.297	0.299	0.311	0.331	0.318	0.343	0.302	0.307	0.267	0.307	0.296	0.324	1.927	0.411	0.217	0.192	-16858.023
862	16	500	500	0.5112	0.327	0.318	0.324	0.284	0.298	0.295	0.325	0.284	0.301	0.349	0.305	0.298	0.327	0.325	0.280	0.283	0.326	0.250	0.306	0.347	0.310	0.288	0.313	0.259	0.292	0.280	0.261	0.370	0.239	0.296	1.978	0.412	0.221	0.189	-16876.287
863	16	500	500	0.5078	0.243	0.320	0.319	0.242	0.243	0.253	0.301	0.288	0.243	0.313	0.258	0.287	0.323	0.226	0.265	0.250	0.335	0.303	0.279	0.312	0.294	0.287	0.276	0.303	0.326	0.272	0.247	0.237	0.254	0.333	2.017	0.422	0.173	0.209	-16264.874
864	16	500	500	0.5293	0.220	0.292	0.297	0.269	0.298	0.349	0.298	0.269	0.275	0.287	0.323	0.267	0.339	0.307	0.309	0.241	0.315	0.268	0.372	0.246	0.269	0.281	0.417	0.279	0.324	0.291	0.261	0.328	0.310	0.287	1.922	0.308	0.152	0.211	-16984.268
865	16	500	500	0.5143	0.261	0.208	0.294	0.294	0.296	0.294	0.259	0.318	0.291	0.279	0.336	0.315	0.288	0.294	0.320	0.270	0.279	0.297	0.320	0.331	0.383	0.289	0.333	0.284	0.341	0.273	0.361	0.339	0.335	0.324	1.980	0.346	0.204	0.216	-17229.939
866	16	500	500	0.5101	0.266	0.259	0.321	0.307	0.282	0.315	0.348	0.269	0.269	0.241	0.355	0.305	0.274	0.313	0.377	0.267	0.378	0.326	0.335	0.267	0.277	0.315	0.286	0.362	0.287	0.350	0.271	0.264	0.289	0.396	2.041	0.442	0.235	0.204	-17054.769
867	16	500	499	0.5107	0.225	0.283	0.287	0.267	0.322	0.327	0.331	0.222	0.298	0.300	0.258	0.275	0.272	0.291	0.321	0.297	0.204	0.287	0.362	0.291	0.263	0.304	0.263	0.455	0.241	0.289	0.332	0.268	0.315	0.250	1.947	0.372	0.176	0.205	-16509.766
868	16	500	500	0.5055	0.280	0.250	0.395	0.274	0.324	0.331	0.252	0.263	0.282	0.311	0.293	0.313	0.285	0.263	0.318	0.275	0.347	0.306	0.276	0.279	0.328	0.250	0.287	0.264	0.362	0.318	0.299	0.214	0.285	0.347	1.953	0.377	0.198	0.194	-16632.710
869	16	500	500	0.5000	0.261	0.293	0.278	0.288	0.310	0.286	0.328	0.305	0.283	0.334	0.246	0.302	0.322	0.327	0.275	0.247	0.257	0.275	0.336	0.203	0.290	0.293	0.342	0.287	0.258	0.314	0.306	0.308	0.271	0.343	1.843	0.347	0.158	0.203	-16735.242
870	16	500	500	0.5142	0.271	0.320	0.276	0.338	0.312	0.274	0.317	0.295	0.207	0.370	0.264	0.281	0.278	0.278	0.347	0.249	0.297	0.334	0.276	0.313	0.267	0.290	0.291	0.293	0.340	0.321	0.251	0.216	0.300	0.292	2.006	0.313	0.156	0.190	-16777.812
871	16	500	500	0.5048	0.297	0.319	0.259	0.397	0.329	0.325	0.261	0.331	0.333	0.320	0.346	0.252	0.304	0.334	0.304	0.285	0.325	0.288	0.274	0.302	0.316	0.295	0.319	0.286	0.277	0.293	0.272	0.285	0.299	0.336	2.051	0.370	0.196	0.197	-16976.482
872	16	500	500	0.5147	0.271	0.359	0.267	0.332	0.304	0.261	0.308	0.349	0.252	0.312	0.287	0.287	0.328	0.289	0.328	0.240	0.285	0.371	0.315	0.327	0.342	0.315	0.278	0.344	0.300	0.305	0.293	0.325	0.350	0.289	2.043	0.420	0.252	0.197	-17164.879
873	16	500	500	0.5100	0.230	0.371	0.262	0.278	0.312	0.350	0.341	0.324	0.233	0.274	0.288	0.306	0.353	0.299	0.327	0.181	0.337	0.294	0.294	0.298	0.262	0.307	0.281	0.275	0.263	0.331	0.300	0.341	0.268	0.303	1.911	0.312	0.158	0.205	-16924.610
874	16	500	499	0.5043	0.323	0.281	0.216	0.318	0.299	0.341	0.264	0.299	0.358	0.256	0.309	0.360	0.336	0.300	0.293	0.349	0.234	0.252	0.328	0.315	0.321	0.330	0.276	0.353	0.285	0.287	0.297	0.407	0.278	0.343	1.995	0.356	0.167	0.201	-17081.869
875	16	500	500	0.5191	0.278	0.266	0.304	0.361	0.258	0.338	0.281	0.283	0.345	0.265	0.300	0.287	0.325	0.323	0.334	0.263	0.296	0.339	0.336	0.240	0.303	0.303	0.299	0.315	0.284	0.338	0.389	0.368	0.302	0.299	2.004	0.289	0.161	0.208	-17284.962
876	16	500	499	0.5013	0.275	0.354	0.291	0.282	0.381	0.207	0.262	0.329	0.363	0.318	0.290	0.242	0.266	0.261	0.265	0.323	0.295	0.342	0.334	0.273	0.323	0.281	0.306	0.377	0.287	0.292	0.311	0.290	0.326	0.316	1.960	0.417	0.210	0.195	-16877.707
877	16	500	500	0.5257	0.258	0.396	0.296	0.269	0.275	0.267	0.310	0.308	0.298	0.311	0.309	0.299	0.225	0.345	0.270	0.236	0.282	0.256	0.269	0.270	0.280	0.334	0.265	0.333	0.329	0.315	0.311	0.239	0.253	0.363	2.029	0.372	0.195	0.195	-16730.106
878	16	500	500	0.5125	0.257	0.326	0.286	0.362	0.307	0.254	0.298	0.318	0.345	0.265	0.320	0.293	0.355	0.314	0.267	0.205	0.316	0.301	0.325	0.273	0.395	0.280	0.309	0.275	0.338	0.294	0.302	0.338	0.327	0.276	1.984	0.461	0.248	0.206	-17088.137
879	16	500	500	0.5046	0.256	0.326	0.287	0.299	0.324	0.228	0.294	0.389	0.346	0.383	0.353	0.256	0.290	0.314	0.344	0.305	0.287	0.311	0.297	0.311	0.306	0.322	0.331	0.259	0.253	0.337	0.336	0.280	0.311	0.332	1.978	0.424	0.264	0.214	-17406.920
880	16	500	500	0.5242	0.290	0.294	0.162	0.253	0.280	0.306	0.335	0.300	0.359	0.242	0.315	0.339	0.385	0.314	0.344	0.266	0.199	0.292	0.339	0.267	0.305	0.283	0.220	0.310	0.328	0.286	0.292	0.222	0.289	0.267	1.969	0.436	0.209	0.193	-16546.201
881	16	500	500	0.4891	0.282	0.283	0.326	0.313	0.318	0.306	0.237	0.335	0.345	0.376	0.269	0.287	0.268	0.230	0.312	0.230	0.369	0.360	0.294	0.237	0.266	0.277	0.287	0.284	0.282	0.354	0.284	0.245	0.278	0.346	2.143	0.442	0.208	0.213	-16664.397
882	16	500	500	0.5200	0.281	0.245	0.357	0.329	0.327	0.326	0.304	0.294	0.299	0.367	0.294	0.292	0.275	0.249	0.277	0.286	0.314	0.331	0.326	0.283	0.262	0.321	0.388	0.274	0.274	0.363	0.314	0.345	0.268	0.244	1.979	0.373	0.204	0.183	-16962.412
883	16	500	500	0.5100	0.314	0.349	0.250	0.353	0.326	0.289	0.245	0.327	0.266	0.230	0.262	0.292	0.285	0.291	0.278	0.345	0.349	0.254	0.232	0.305	0.328	0.270	0.305	0.291	0.304	0.346	0.287	0.248	0.301	0.297	1.969	0.429	0.205	0.188	-16564.406
884	16	500	500	0.5065	0.273	0.337	0.306	0.317	0.279	0.330	0.329	0.281	0.254	0.381	0.272	0.311	0.332	0.307	0.317	0.236	0.320	0.339	0.239	0.315	0.352	0.282	0.288	0.315	0.341	0.313	0.302	0.231	0.262	0.309	1.937	0.512	0.265	0.183	-16785.510
885	16	500	498	0.5044	0.244	0.283	0.244	0.346	0.310	0.249	0.304	0.259	0.312	0.287	0.301	0.265	0.305	0.301	0.233	0.276	0.246	0.286	0.246	0.249	0.265	0.360	0.331	0.382	0.317	0.291	0.276	0.292	0.265	0.291	2.008	0.374	0.155	0.221	-16537.989
886	16	500	500	0.5112	0.280	0.243	0.332	0.313	0.290	0.308	0.301	0.289	0.324	0.300	0.309	0.340	0.303	0.337	0.288	0.325	0.283	0.294	0.242	0.303	0.283	0.287	0.298	0.322	0.325	0.275	0.284	0.289	0.254	0.341	1.929	0.420	0.189	0.197	-16835.087
887	16	500	499	0.5079	0.321	0.285	0.387	0.316	0.284	0.332	0.277	0.312	0.306	0.278	0.321	0.304	0.371	0.303	0.275	0.364	0.362	0.388	0.273	0.376	0.250	0.317	0.347	0.255	0.360	0.288	0.351	0.233	0.296	0.330	1.850	0.372	0.199	0.196	-17261.350
888	16	500	499	0.5211	0.299	0.274	0.339	0.298	0.298	0.292	0.340	0.359	0.323	0.255	0.255	0.278	0.308	0.281	0.294	0.318	0.273	0.333	0.256	0.316	0.229	0.291	0.256	0.317	0.386	0.248	0.370	0.256	0.315	0.342	1.957	0.401	0.185	0.201	-16879.563
889	16	500	500	0.5188	0.271	0.307	0.298	0.299	0.294	0.307	0.294	0.277	0.326	0.307	0.278	0.282	0.380	0.308	0.295	0.325	0.267	0.294	0.322	0.227	0.280	0.312	0.308	0.295	0.313	0.314	0.290	0.351	0.277	0.331	2.033	0.374	0.190	0.202	-16891.491
890	16	500	500	0.5097	0.277	0.304	0.266	0.288	0.266	0.309	0.316	0.308	0.284	0.321	0.266	0.269	0.300	0.310	0.301	0.275	0.241	0.285	0.327	0.250	0.378	0.279	0.270	0.242	0.354	0.327	0.304	0.270	0.308	0.326	2.098	0.396	0.207	0.220	-16803.526
891	16	500	500	0.5138	0.186	0.273	0.296	0.324	0.244	0.324	0.306	0.283	0.357	0.227	0.308	0.271	0.280	0.311	0.310	0.223	0.310	0.253	0.285	0.319	0.299	0.269	0.294	0.271	0.300	0.362	0.271	0.316	0.318	0.228	1.957	0.432	0.184	0.198	-16506.030
892	16	500	500	0.5084	0.252	0.324	0.307	0.279	0.274	0.254	0.279	0.230	0.272	0.281	0.309	0.319	0.267	0.332	0.225	0.249	0.275	0.367	0.340	0.322	0.241	0.287	0.350	0.263	0.314	0.266	0.330	0.280	0.236	0.322	2.085	0.362	0.146	0.192	-16401.116
893	16	500	500	0.5073	0.311	0.236	0.323	0.279	0.275	0.255	0.250	0.327	0.235	0.287	0.330	0.285	0.307	0.251	0.294	0.291	0.324	0.349	0.366	0.248	0.263	0.254	0.300	0.275	0.357	0.301	0.337	0.325	0.276	0.248	2.062	0.421	0.198	0.192	-16518.969
894	16	500	500	0.5092	0.345	0.290	0.314	0.313	0.313	0.311	0.293	0.282	0.286	0.332	0.294	0.353	0.363	0.321	0.256	0.330	0.372	0.314	0.260	0.300	0.273	0.304	0.285	0.289	0.278	0.328	0.276	0.281	0.269	0.277	2.018	0.472	0.205	0.215	-16932.085
895	16	500	500	0.5247	0.285	0.322	0.262	0.358	0.307	0.329	0.289	0.314	0.297	0.287	0.271	0.251	0.323	0.292	0.315	0.278	0.317	0.268	0.290	0.363	0.340	0.329	0.322	0.282	0.307	0.344	0.269	0.331	0.373	0.234	2.024	0.336	0.177	0.197	-17018.587
896	16	500	500	0.5108	0.230	0.266	0.351	0.365	0.279	0.247	0.339	0.290	0.304	0.335	0.302	0.310	0.330	0.319	0.292	0.255	0.282	0.359	0.313	0.296	0.285	0.297	0.249	0.317	0.288	0.260	0.344	0.321	0.265	0.336	1.880	0.396	0.214	0.193	-16977.465
897	16	500	499	0.5085	0.279	0.275	0.350	0.320	0.255	0.333	0.313	0.330	0.327	0.308	0.290	0.357	0.287	0.325	0.316	0.301	0.262	0.280	0.294	0.305	0.349	0.288	0.300	0.393	0.286	0.308	0.312	0.322	0.272	0.305	2.096	0.429	0.198	0.207	-16935.725
898	16	500	500	0.5143	0.347	0.307	0.266	0.382	0.319	0.323	0.321	0.277	0.335	0.421	0.285	0.305	0.291	0.343	0.320	0.322	0.302	0.332	0.301	0.267	0.338	0.297	0.322	0.303	0.349	0.337	0.304	0.265	0.265	0.333	1.944	0.339	0.197	0.189	-17322.912
899	16	500	499	0.5138	0.330	0.287	0.240	0.324	0.302	0.312	0.325	0.314	0.234	0.323	0.291	0.279	0.233	0.255	0.272	0.257	0.282	0.368	0.254	0.359	0.262	0.278	0.324	0.266	0.250	0.250	0.268	0.336	0.283	0.321	2.044	0.357	0.170	0.194	-16464.033
900	16	500	500	0.5242	0.329	0.282	0.268	0.305	0.322	0.347	0.342	0.300	0.256	0.318	0.344	0.296	0.353	0.301	0.287	0.264	0.283	0.305	0.249	0.334	0.313	0.333	0.340	0.371	0.310	0.329	0.326	0.326	0.217	0.334	1.973	0.361	0.175	0.194	-17151.653
901	16	500	500	0.5183	0.275	0.261	0.223	0.315	0.287	0.391	0.244	0.312	0.314	0.265	0.339	0.309	0.313	0.306	0.311	0.273	0.179	0.335	0.333	0.274	0.254	0.264	0.310	0.317	0.272	0.308	0.267	0.302	0.307	0.243	2.046	0.426	0.197	0.206	-16698.207
902	16	500	500	0.5154	0.285	0.305	0.354	0.256	0.312	0.254	0.239	0.322	0.276	0.249	0.301	0.260	0.246	0.262	0.283	0.336	0.308	0.292	0.321	0.264	0.250	0.311	0.252	0.272	0.353	0.302	0.282	0.332	0.344	0.306	1.963	0.355	0.151	0.198	-16653.907
903	16	500	500	0.5065	0.258	0.322	0.287	0.323	0.366	0.312	0.321	0.296	0.316	0.356	0.290	0.257	0.267	0.363	0.341	0.315	0.312	0.287	0.331	0.301	0.284	0.300	0.241	0.336	0.314	0.299	0.269	0.373	0.311	0.277	2.097	0.424	0.268	0.196	-17206.142
904	16	500	500	0.5134	0.301	0.335	0.280	0.313	0.345	0.393	0.283	0.304	0.316	0.312	0.284	0.372	0.297	0.287	0.369	0.270	0.319	0.267	0.308	0.320	0.299	0.261	0.289	0.278	0.356	0.292	0.281	0.356	0.318	0.333	2.005	0.406	0.221	0.185	-17051.593
905	16	500	500	0.5154	0.228	0.208	0.277	0.299	0.319	0.275	0.264	0.276	0.312	0.266	0.278	0.337	0.320	0.228	0.267	0.287	0.315	0.255	0.255	0.293	0.339	0.368	0.297	0.313	0.301	0.312	0.250	0.254	0.252	0.301	2.011	0.349	0.147	0.201	-16432.688
906	16	500	500	0.4994	0.279	0.321	0.252	0.299	0.313	0.306	0.340	0.302	0.336	0.310	0.246	0.290	0.239	0.274	0.301	0.296	0.282	0.318	0.256	0.426	0.307	0.306	0.257	0.372	0.261	0.280	0.308	0.286	0.295	0.338	1.790	0.297	0.177	0.205	-17084.047
907	16	500	500	0.5107	0.253	0.298	0.287	0.267	0.334	0.288	0.272	0.350	0.295	0.293	0.264	0.299	0.249	0.304	0.255	0.271	0.232	0.307	0.270	0.285	0.300	0.305	0.284	0.198	0.323	0.280	0.295	0.358	0.363	0.293	1.813	0.355	0.143	0.201	-16550.979
908	16	500	499	0.5006	0.305	0.265	0.279	0.283	0.253	0.276	0.298	0.282	0.378	0.299	0.291	0.226	0.301	0.294	0.270	0.277	0.296	0.243	0.235	0.275	0.242	0.329	0.286	0.365	0.281	0.292	0.275	0.318	0.298	0.288	2.100	0.376	0.149	0.207	-16375.438
909	16	500	500	0.5078	0.253	0.389	0.333	0.311	0.340	0.291	0.396	0.280	0.339	0.318	0.313	0.314	0.247	0.287	0.349	0.252	0.327	0.310	0.276	0.309	0.279	0.287	0.321	0.301	0.342	0.272	0.302	0.371	0.347	0.304	2.127	0.328	0.188	0.185	-17025.291
910	16	500	498	0.5300	0.269	0.378	0.286	0.282	0.240	0.321	0.316	0.375	0.268	0.368	0.281	0.222	0.289	0.268	0.304	0.257	0.293	0.356	0.304	0.273	0.287	0.244	0.315	0.260	0.309	0.332	0.301	0.284	0.363	0.285	1.996	0.464	0.247	0.208	-16942.816
911	16	500	500	0.5122	0.273	0.307	0.314	0.293	0.259	0.293	0.248	0.320	0.287	0.257	0.252	0.331	0.319	0.272	0.308	0.244	0.303	0.348	0.287	0.262	0.278	0.310	0.358	0.262	0.267	0.302	0.278	0.250	0.371	0.287	2.011	0.418	0.189	0.199	-16558.104
912	16	500	499	0.5002	0.250	0.303	0.223	0.262	0.247	0.278	0.308	0.290	0.272	0.296	0.298	0.300	0.330	0.347	0.272	0.294	0.264	0.289	0.325	0.326	0.343	0.348	0.269	0.278	0.352	0.262	0.371	0.236	0.352	0.249	2.047	0.333	0.187	0.186	-16663.745
913	16	500	500	0.5307	0.265	0.310	0.262	0.309	0.306	0.294	0.332	0.285	0.290	0.238	0.276	0.287	0.288	0.312	0.307	0.332	0.278	0.268	0.313	0.317	0.330	0.273	0.307	0.215	0.359	0.295	0.343	0.271	0.270	0.304	1.892	0.270	0.135	0.209	-16907.502
914	16	500	500	0.5200	0.291	0.203	0.339	0.251	0.266	0.298	0.312	0.320	0.287	0.262	0.290	0.287	0.310	0.352	0.261	0.306	0.234	0.289	0.307	0.291	0.266	0.286	0.262	0.328	0.363	0.293	0.256	0.252	0.305	0.270	1.877	0.429	0.190	0.196	-16592.837
915	16	500	500	0.4992	0.245	0.283	0.367	0.271	0.299	0.272	0.331	0.334	0.387	0.308	0.336	0.308	0.353	0.298	0.276	0.249	0.297	0.296	0.288	0.261	0.315	0.305	0.305	0.380	0.293	0.319	0.277	0.301	0.278	0.378	1.881	0.440	0.213	0.196	-17018.623
916	16	500	500	0.5192	0.263	0.316	0.341	0.271	0.322	0.249	0.372	0.246	0.201	0.259	0.319	0.254	0.377	0.344	0.282	0.234	0.288	0.319	0.280	0.299	0.235	0.288	0.265	0.303	0.256	0.247	0.288	0.372	0.286	0.312	2.100	0.379	0.179	0.177	-16443.581
917	16	500	500	0.5145	0.246	0.269	0.321	0.302	0.329	0.334	0.388	0.280	0.297	0.237	0.324	0.253	0.335	0.315	0.337	0.256	0.290	0.291	0.253	0.313	0.298	0.263	0.287	0.362	0.334	0.381	0.272	0.257	0.308	0.329	1.968	0.294	0.144	0.209	-17095.648
918	16	500	500	0.5143	0.218	0.332	0.238	0.274	0.315	0.296	0.347	0.288	0.236	0.302	0.297	0.304	0.341	0.357	0.287	0.298	0.290	0.214	0.325	0.326	0.281	0.302	0.268	0.268	0.331	0.225	0.271	0.286	0.233	0.332	1.912	0.385	0.189	0.184	-16489.614
919	16	500	500	0.5106	0.297	0.283	0.245	0.319	0.280	0.278	0.322	0.281	0.252	0.282	0.327	0.258	0.260	0.258	0.275	0.259	0.294	0.265	0.296	0.361	0.250	0.272	0.304	0.215	0.238	0.278	0.248	0.381	0.283	0.310	2.062	0.277	0.127	0.216	-16423.720
920	16	500	500	0.5176	0.281	0.320	0.322	0.317	0.341	0.268	0.284	0.294	0.332	0.291	0.327	0.273	0.310	0.307	0.322	0.281	0.309	0.280	0.291	0.371	0.344	0.282	0.337	0.270	0.277	0.326	0.389	0.305	0.287	0.293	2.043	0.409	0.200	0.196	-17149.371
921	16	500	499	0.4953	0.203	0.273	0.226	0.321	0.313	0.311	0.283	0.293	0.300	0.265	0.325	0.326	0.280	0.271	0.334	0.250	0.301	0.323	0.297	0.301	0.288	0.342	0.254	0.306	0.226	0.289	0.280	0.315	0.247	0.275	1.915	0.424	0.206	0.217	-16612.786
922	16	500	500	0.5127	0.268	0.298	0.304	0.261	0.272	0.299	0.284	0.264	0.296	0.320	0.322	0.282	0.308	0.283	0.269	0.290	0.272	0.325	0.323	0.290	0.358	0.269	0.345	0.382	0.236	0.296	0.240	0.314	0.255	0.290	1.923	0.337	0.180	0.198	-16688.153
923	16	500	500	0.5121	0.274	0.348	0.328	0.269	0.293	0.283	0.243	0.345	0.316	0.309	0.269	0.289	0.270	0.262	0.258	0.278	0.295	0.302	0.291	0.314	0.254	0.297	0.300	0.361	0.300	0.307	0.271	0.276	0.297	0.267	1.972	0.404	0.203	0.216	-16657.909
924	16	500	499	0.5272	0.284	0.348	0.281	0.303	0.305	0.333	0.337	0.279	0.324	0.242	0.254	0.247	0.307	0.271	0.331	0.271	0.329	0.257	0.292	0.298	0.382	0.310	0.265	0.292	0.352	0.259	0.360	0.338	0.302	0.323	2.035	0.471	0.199	0.195	-16749.733
925	16	500	500	0.5185	0.289	0.320	0.320	0.313	0.316	0.277	0.336	0.259	0.292	0.297	0.316	0.320	0.303	0.332	0.247	0.303	0.328	0.349	0.288	0.324	0.258	0.338	0.326	0.300	0.325	0.320	0.312	0.326	0.292	0.321	2.106	0.382	0.205	0.200	-17117.215
926	16	500	500	0.4956	0.275	0.250	0.265	0.275	0.282	0.254	0.275	0.317	0.331	0.267	0.269	0.258	0.286	0.367	0.242	0.274	0.300	0.227	0.290	0.238	0.275	0.230	0.269	0.359	0.259	0.287	0.327	0.291	0.285	0.262	1.952	0.452	0.176	0.213	-16232.955
927	16	500	500	0.5065	0.317	0.284	0.327	0.310	0.300	0.274	0.318	0.320	0.302	0.284	0.296	0.267	0.310	0.341	0.290	0.252	0.311	0.363	0.272	0.317	0.259	0.321	0.302	0.331	0.338	0.304	0.308	0.245	0.273	0.322	1.963	0.401	0.213	0.195	-16956.039
928	16	500	497	0.5137	0.306	0.333	0.302	0.331	0.230	0.243	0.271	0.280	0.166	0.293	0.301	0.238	0.281	0.272	0.254	0.271	0.303	0.310	0.347	0.255	0.258	0.261	0.246	0.250	0.217	0.213	0.316	0.356	0.297	0.284	2.041	0.354	0.164	0.181	-15912.516
929	16	500	499	0.5240	0.286	0.290	0.321	0.303	0.269	0.363	0.349	0.330	0.305	0.297	0.345	0.265	0.328	0.307	0.283	0.268	0.307	0.305	0.365	0.310	0.281	0.256	0.335	0.367	0.291	0.290	0.282	0.269	0.252	0.300	1.872	0.381	0.207	0.212	-17162.305
930	16	500	500	0.5103	0.297	0.257	0.322	0.280	0.254	0.246	0.311	0.288	0.288	0.291	0.283	0.329	0.260	0.249	0.340	0.289	0.334	0.296	0.259	0.286	0.244	0.307	0.313	0.264	0.363	0.316	0.246	0.263	0.296	0.282	2.118	0.400	0.189	0.197	-16445.359
931	16	500	500	0.5254	0.264	0.316	0.282	0.333	0.249	0.266	0.323	0.279	0.381	0.237	0.278	0.342	0.338	0.314	0.351	0.253	0.283	0.287	0.354	0.398	0.289	0.316	0.277	0.182	0.284	0.269	0.288	0.332	0.258	0.323	1.856	0.363	0.194	0.198	-16996.961
932	16	500	500	0.5141	0.283	0.245	0.356	0.295	0.312	0.322	0.334	0.305	0.288	0.349	0.304	0.334	0.352	0.311	0.352	0.360	0.251	0.305	0.315	0.268	0.289	0.284	0.321	0.289	0.292	0.272	0.277	0.314	0.276	0.338	2.014	0.419	0.217	0.186	-17018.575
933	16	500	500	0.5210	0.304	0.245	0.323	0.301	0.252	0.285	0.208	0.359	0.343	0.331	0.403	0.272	0.298	0.318	0.322	0.278	0.250	0.390	0.306	0.302	0.347	0.326	0.282	0.306	0.302	0.283	0.289	0.279	0.261	0.276	1.941	0.331	0.176	0.198	-16982.144
934	16	500	500	0.5305	0.296	0.259	0.264	0.396	0.315	0.257	0.349	0.326	0.241	0.264	0.333	0.310	0.385	0.277	0.278	0.221	0.283	0.341	0.291	0.310	0.294	0.281	0.263	0.322	0.300	0.303	0.341	0.292	0.332	0.295	2.064	0.363	0.184	0.201	-16983.438
935	16	500	500	0.5064	0.286	0.240	0.206	0.254	0.316	0.262	0.255	0.309	0.410	0.350	0.296	0.284	0.248	0.248	0.366	0.327	0.302	0.288	0.342	0.263	0.274	0.292	0.354	0.309	0.279	0.328	0.336	0.274	0.302	0.276	2.043	0.459	0.225	0.209	-16806.560
936	16	500	500	0.5188	0.247	0.305	0.296	0.299	0.284	0.329	0.305	0.304	0.286	0.308	0.295	0.404	0.320	0.313	0.307	0.181	0.231	0.345	0.274	0.323	0.359	0.277	0.287	0.311	0.298	0.284	0.280	0.298	0.270	0.343	1.982	0.339	0.151	0.184	-16731.408
937	16	500	500	0.5097	0.282	0.247	0.338	0.289	0.296	0.296	0.281	0.316	0.299	0.238	0.294	0.282	0.293	0.311	0.277	0.282	0.348	0.300	0.282	0.299	0.285	0.287	0.319	0.230	0.297	0.315	0.333	0.328	0.326	0.239	2.043	0.328	0.143	0.192	-16587.003
938	16	500	500	0.5249	0.303	0.335	0.342	0.310	0.343	0.268	0.372	0.315	0.340	0.360	0.249	0.352	0.296	0.336	0.299	0.301	0.353	0.260	0.329	0.314	0.312	0.288	0.294	0.302	0.279	0.310	0.355	0.281	0.358	0.321	2.055	0.337	0.194	0.203	-17410.424
939	16	500	500	0.5083	0.292	0.312	0.278	0.294	0.338	0.317	0.319	0.306	0.257	0.263	0.350	0.298	0.304	0.319	0.307	0.283	0.358	0.308	0.295	0.327	0.250	0.333	0.245	0.271	0.285	0.262	0.296	0.313	0.296	0.247	1.940	0.393	0.222	0.187	-16864.591
940	16	500	500	0.5046	0.281	0.263	0.226	0.295	0.340	0.295	0.305	0.312	0.317	0.254	0.271	0.247	0.282	0.290	0.276	0.267	0.268	0.304	0.303	0.279	0.316	0.272	0.296	0.293	0.299	0.281	0.295	0.349	0.325	0.275	2.024	0.368	0.170	0.204	-16543.852
941	16	500	500	0.5106	0.317	0.351	0.302	0.310	0.247	0.277	0.275	0.286	0.348	0.329	0.296	0.277	0.330	0.330	0.269	0.342	0.327	0.317	0.336	0.278	0.292	0.325	0.274	0.264	0.255	0.336	0.280	0.304	0.306	0.298	1.913	0.391	0.199	0.199	-16995.231
942	16	500	500	0.5116	0.274	0.306	0.227	0.255	0.292	0.266	0.321	0.317	0.210	0.323	0.307	0.276	0.323	0.253	0.286	0.225	0.238	0.311	0.295	0.306	0.283	0.263	0.249	0.308	0.240	0.297	0.272	0.298	0.252	0.286	1.982	0.435	0.185	0.215	-16342.960
943	16	500	499	0.5211	0.306	0.287	0.262	0.307	0.321	0.332	0.292	0.315	0.289	0.295	0.369	0.268	0.306	0.354	0.296	0.326	0.330	0.289	0.285	0.275	0.288	0.344	0.230	0.292	0.322	0.350	0.262	0.355	0.340	0.299	2.081	0.411	0.235	0.201	-17080.733
944	16	500	500	0.5066	0.296	0.328	0.339	0.244	0.275	0.224	0.328	0.278	0.338	0.248	0.253	0.333	0.348	0.268	0.247	0.239	0.288	0.246	0.287	0.258	0.362	0.292	0.263	0.362	0.340	0.281	0.289	0.290	0.313	0.318	2.042	0.372	0.183	0.212	-16693.992
945	16	500	500	0.5087	0.280	0.309	0.301	0.216	0.348	0.340	0.256	0.320	0.314	0.321	0.304	0.296	0.316	0.304	0.227	0.280	0.366	0.297	0.281	0.357	0.301	0.266	0.383	0.268	0.334	0.273	0.276	0.367	0.306	0.245	1.926	0.256	0.145	0.199	-16961.093
946	16	500	500	0.5170	0.240	0.284	0.300	0.354	0.297	0.296	0.300	0.292	0.279	0.312	0.313	0.263	0.297	0.255	0.332	0.249	0.302	0.212	0.304	0.280	0.237	0.307	0.202	0.346	0.270	0.363	0.352	0.248	0.274	0.282	1.986	0.442	0.226	0.196	-16598.139
947	16	500	499	0.5197	0.281	0.305	0.352	0.316	0.333	0.298	0.315	0.286	0.256	0.321	0.341	0.304	0.387	0.279	0.322	0.249	0.350	0.371	0.316	0.254	0.242	0.341	0.337	0.329	0.287	0.333	0.289	0.284	0.372	0.339	1.968	0.306	0.181	0.199	-17390.285
948	16	500	500	0.5175	0.221	0.267	0.302	0.309	0.275	0.371	0.324	0.261	0.244	0.332	0.285	0.290	0.272	0.305	0.285	0.308	0.263	0.312	0.329	0.242	0.291	0.293	0.346	0.360	0.288	0.253	0.251	0.316	0.343	0.283	2.088	0.408	0.194	0.188	-16536.115
949	16	500	500	0.5097	0.295	0.249	0.273	0.304	0.264	0.246	0.283	0.340	0.277	0.360	0.344	0.268	0.293	0.285	0.302	0.246	0.395	0.297	0.269	0.335	0.276	0.266	0.267	0.228	0.296	0.278	0.281	0.311	0.322	0.288	1.941	0.453	0.234	0.185	-16541.225
950	16	500	500	0.5043	0.291	0.265	0.266	0.331	0.244	0.295	0.289	0.264	0.257	0.314	0.325	0.259	0.266	0.327	0.276	0.246	0.249	0.256	0.307	0.292	0.240	0.306	0.294	0.280	0.318	0.229	0.339	0.261	0.308	0.320	1.868	0.399	0.179	0.182	-16355.313
951	16	500	500	0.5137	0.303	0.266	0.361	0.271	0.360	0.250	0.307	0.277	0.351	0.260	0.291	0.279	0.290	0.300	0.321	0.308	0.254	0.318	0.329	0.299	0.277	0.298	0.315	0.350	0.358	0.313	0.299	0.249	0.316	0.280	1.983	0.438	0.242	0.192	-16934.121
952	16	500	500	0.5081	0.241	0.286	0.353	0.356	0.217	0.282	0.265	0.292	0.354	0.302	0.273	0.267	0.237	0.299	0.280	0.248	0.226	0.307	0.307	0.288	0.279	0.327	0.251	0.273	0.326	0.296	0.299	0.312	0.275	0.352	1.922	0.367	0.164	0.204	-16617.484
953	16	500	500	0.5248	0.296	0.231	0.346	0.282	0.311	0.303	0.283	0.292	0.290	0.350	0.290	0.293	0.294	0.291	0.284	0.268	0.265	0.263	0.326	0.292	0.293	0.305	0.239	0.318	0.313	0.284	0.279	0.247	0.254	0.281	1.829	0.452	0.191	0.202	-16554.187
954	16	500	500	0.5078	0.290	0.306	0.353	0.282	0.259	0.249	0.246	0.301	0.266	0.248	0.306	0.296	0.290	0.316	0.264	0.250	0.342	0.300	0.331	0.316	0.287	0.295	0.323	0.281	0.331	0.331	0.287	0.286	0.221	0.296	1.947	0.470	0.202	0.203	-16599.626
955	16	500	500	0.5122	0.295	0.310	0.341	0.267	0.332	0.278	0.349	0.251	0.284	0.290	0.317	0.318	0.283	0.338	0.295	0.263	0.290	0.363	0.282	0.321	0.274	0.312	0.376	0.332	0.296	0.262	0.296	0.364	0.275	0.301	2.132	0.427	0.195	0.208	-17007.952
956	16	500	500	0.5129	0.230	0.308	0.294	0.286	0.281	0.259	0.306	0.270	0.317	0.252	0.270	0.301	0.298	0.237	0.255	0.258	0.336	0.244	0.321	0.333	0.246	0.303	0.278	0.304	0.231	0.307	0.287	0.268	0.312	0.315	2.138	0.381	0.163	0.221	-16470.612
957	16	500	497	0.5133	0.287	0.337	0.262	0.315	0.354	0.320	0.281	0.301	0.279	0.274	0.273	0.322	0.280	0.343	0.257	0.311	0.278	0.267	0.305	0.342	0.324	0.273	0.338	0.229	0.371	0.366	0.315	0.302	0.249	0.353	1.917	0.350	0.183	0.203	-17032.276
958	16	500	500	0.4971	0.335	0.341	0.314	0.258	0.316	0.306	0.336	0.275	0.215	0.268	0.310	0.334	0.256	0.355	0.311	0.380	0.401	0.285	0.301	0.326	0.293	0.258	0.301	0.276	0.257	0.277	0.296	0.365	0.319	0.321	1.965	0.461	0.235	0.191	-16956.836
959	16	500	500	0.5192	0.258	0.347	0.320	0.317	0.286	0.278	0.293	0.310	0.288	0.316	0.258	0.268	0.319	0.314	0.275	0.284	0.285	0.320	0.305	0.362	0.305	0.315	0.263	0.279	0.288	0.291	0.304	0.358	0.320	0.337	2.044	0.304	0.169	0.206	-17147.183
960	16	500	500	0.5231	0.299	0.327	0.254	0.247	0.315	0.296	0.313	0.293	0.299	0.298	0.300	0.330	0.360	0.313	0.318	0.240	0.353	0.191	0.341	0.304	0.373	0.295	0.319	0.300	0.341	0.263	0.343	0.331	0.281	0.346	2.004	0.323	0.181	0.193	-17083.976
961	16	500	500	0.4995	0.291	0.312	0.300	0.272	0.283	0.303	0.292	0.245	0.355	0.286	0.305	0.292	0.306	0.274	0.289	0.257	0.267	0.252	0.272	0.289	0.263	0.292	0.268	0.242	0.273	0.323	0.330	0.314	0.237	0.346	2.043	0.348	0.165	0.215	-16627.521
962	16	500	500	0.5108	0.276	0.229	0.320	0.294	0.301	0.340	0.285	0.279	0.247	0.274	0.355	0.320	0.308	0.325	0.275	0.258	0.296	0.249	0.278	0.330	0.261	0.342	0.300	0.259	0.292	0.360	0.271	0.289	0.245	0.263	1.986	0.318	0.151	0.198	-16717.878
963	16	500	499	0.4990	0.248	0.306	0.360	0.316	0.238	0.274	0.331	0.267	0.267	0.247	0.294	0.301	0.205	0.318	0.267	0.301	0.262	0.289	0.291	0.282	0.293	0.270	0.267	0.282	0.369	0.350	0.317	0.254	0.284	0.313	2.080	0.401	0.184	0.198	-16413.559
964	16	500	499	0.5095	0.271	0.375	0.251	0.293	0.276	0.313	0.266	0.295	0.266	0.242	0.329	0.301	0.327	0.318	0.253	0.196	0.295	0.316	0.285	0.294	0.326	0.291	0.311	0.420	0.252	0.305	0.350	0.303	0.288	0.337	2.004	0.348	0.158	0.195	-16735.731
965	16	500	500	0.5258	0.298	0.316	0.318	0.296	0.350	0.315	0.296	0.317	0.308	0.300	0.291	0.342	0.306	0.253	0.297	0.229	0.309	0.265	0.303	0.268	0.370	0.311	0.316	0.341	0.296	0.319	0.365	0.262	0.316	0.313	1.918	0.470	0.260	0.199	-17138.895
966	16	500	498	0.5038	0.278	0.332	0.344	0.312	0.307	0.251	0.287	0.265	0.361	0.292	0.262	0.334	0.339	0.303	0.277	0.273	0.389	0.290	0.266	0.305	0.308	0.305	0.308	0.318	0.334	0.264	0.291	0.319	0.308	0.323	1.965	0.406	0.223	0.175	-16828.989
967	16	500	500	0.5153	0.309	0.233	0.326	0.297	0.317	0.370	0.317	0.266	0.289	0.385	0.283	0.340	0.258	0.316	0.294	0.274	0.291	0.368	0.331	0.322	0.294	0.326	0.303	0.312	0.310	0.268	0.304	0.301	0.240	0.306	2.184	0.435	0.237	0.195	-16965.623
968	16	500	500	0.5102	0.249	0.345	0.296	0.282	0.255	0.318	0.339	0.315	0.312	0.299	0.392	0.320	0.319	0.346	0.353	0.297	0.311	0.287	0.346	0.348	0.283	0.361	0.320	0.339	0.300	0.248	0.376	0.331	0.319	0.335	2.079	0.279	0.165	0.194	-17380.011
969	16	500	500	0.5122	0.283	0.245	0.319	0.354	0.281	0.283	0.311	0.306	0.365	0.322	0.315	0.342	0.272	0.295	0.338	0.248	0.334	0.307	0.260	0.277	0.295	0.345	0.279	0.185	0.283	0.300	0.306	0.325	0.344	0.263	1.998	0.292	0.151	0.193	-16887.030
970	16	500	499	0.5201	0.283	0.291	0.300	0.255	0.341	0.262	0.261	0.309	0.293	0.270	0.302	0.297	0.321	0.299	0.310	0.301	0.302	0.230	0.374	0.289	0.343	0.335	0.305	0.296	0.284	0.290	0.326	0.238	0.301	0.303	2.050	0.358	0.182	0.186	-16765.943
971	16	500	500	0.5271	0.325	0.280	0.371	0.232	0.322	0.291	0.327	0.305	0.351	0.347	0.387	0.225	0.273	0.288	0.311	0.324	0.240	0.254	0.300	0.266	0.326	0.268	0.302	0.396	0.353	0.301	0.299	0.192	0.264	0.268	2.013	0.387	0.166	0.198	-16782.644
972	16	500	500	0.5194	0.269	0.299	0.328	0.270	0.301	0.302	0.319	0.363	0.296	0.285	0.376	0.326	0.269	0.274	0.290	0.319	0.311	0.329	0.300	0.375	0.342	0.338	0.270	0.274	0.284	0.325	0.330	0.293	0.266	0.296	1.919	0.312	0.174	0.215	-17315.524
973	16	500	499	0.5205	0.218	0.295	0.318	0.296	0.332	0.345	0.261	0.296	0.302	0.325	0.306	0.307	0.172	0.306	0.324	0.284	0.271	0.284	0.278	0.287	0.290	0.374	0.261	0.318	0.298	0.257	0.307	0.303	0.286	0.301	1.920	0.404	0.191	0.199	-16853.156
974	16	500	500	0.4993	0.299	0.326	0.320	0.310	0.281	0.322	0.296	0.298	0.319	0.317	0.280	0.275	0.281	0.282	0.282	0.228	0.329	0.324	0.238	0.334	0.370	0.363	0.273	0.330	0.239	0.267	0.266	0.273	0.313	0.284	1.865	0.411	0.194	0.213	-16857.985
975	16	500	500	0.5070	0.260	0.250	0.314	0.318	0.308	0.307	0.285	0.292	0.314	0.258	0.266	0.310	0.296	0.285	0.267	0.257	0.317	0.325	0.302	0.289	0.292	0.333	0.303	0.288	0.292	0.310	0.310	0.393	0.309	0.259	1.978	0.345	0.181	0.190	-16856.391
976	16	500	500	0.5204	0.300	0.275	0.348	0.325	0.258	0.258	0.304	0.270	0.309	0.303	0.271	0.367	0.276	0.252	0.304	0.296	0.299	0.288	0.320	0.265	0.336	0.303	0.265	0.238	0.291	0.338	0.344	0.313	0.316	0.294	2.062	0.333	0.154	0.190	-16782.225
977	16	500	499	0.5141	0.286	0.345	0.277	0.288	0.285	0.282	0.297	0.333	0.246	0.273	0.306	0.340	0.372	0.348	0.314	0.294	0.333	0.252	0.357	0.320	0.322	0.317	0.310	0.309	0.287	0.274	0.305	0.308	0.285	0.302	2.171	0.443	0.209	0.198	-16807.661
978	16	500	500	0.5311	0.251	0.225	0.360	0.319	0.288	0.304	0.307	0.279	0.251	0.360	0.315	0.239	0.320	0.300	0.297	0.262	0.293	0.315	0.241	0.310	0.230	0.279	0.301	0.211	0.338	0.299	0.315	0.314	0.271	0.302	1.905	0.434	0.202	0.188	-16651.890
979	16	500	500	0.5142	0.231	0.228	0.299	0.281	0.336	0.310	0.295	0.276	0.381	0.221	0.282	0.260	0.354	0.229	0.264	0.302	0.356	0.373	0.329	0.280	0.344	0.330	0.259	0.182	0.286	0.335	0.253	0.355	0.334	0.261	2.024	0.313	0.167	0.205	-16764.631
980	16	500	500	0.5207	0.335	0.206	0.260	0.303	0.264	0.340	0.349	0.269	0.331	0.262	0.332	0.292	0.330	0.299	0.284	0.322	0.237	0.354	0.278	0.270	0.291	0.318	0.324	0.344	0.261	0.305	0.357	0.301	0.324	0.332	2.131	0.394	0.216	0.192	-16887.472
981	16	500	500	0.5173	0.281	0.344	0.291	0.285	0.241	0.249	0.298	0.305	0.269	0.304	0.333	0.318	0.299	0.261	0.338	0.287	0.294	0.298	0.261	0.332	0.351	0.322	0.243	0.281	0.294	0.319	0.353	0.265	0.249	0.307	2.044	0.307	0.134	0.208	-16779.558
982	16	500	500	0.5037	0.249	0.324	0.320	0.241	0.325	0.321	0.308	0.222	0.347	0.249	0.287	0.281	0.262	0.254	0.290	0.254	0.254	0.259	0.272	0.335	0.339	0.284	0.327	0.315	0.318	0.274	0.303	0.265	0.318	0.297	2.060	0.384	0.160	0.205	-16456.314
983	16	500	500	0.5143	0.276	0.286	0.305	0.272	0.312	0.235	0.277	0.321	0.219	0.271	0.294	0.294	0.324	0.306	0.265	0.284	0.359	0.349	0.317	0.303	0.247	0.274	0.343	0.273	0.307	0.285	0.281	0.244	0.311	0.266	2.072	0.436	0.228	0.180	-16497.572
984	16	500	500	0.5017	0.296	0.254	0.318	0.252	0.301	0.295	0.287	0.302	0.320	0.214	0.266	0.301	0.256	0.270	0.334	0.245	0.330	0.312	0.318	0.287	0.276	0.277	0.272	0.316	0.291	0.286	0.279	0.337	0.276	0.348	1.989	0.276	0.140	0.213	-16657.907
985	16	500	500	0.5158	0.253	0.237	0.318	0.303	0.293	0.281	0.291	0.330	0.277	0.317	0.294	0.339	0.277	0.323	0.301	0.259	0.323	0.397	0.299	0.400	0.239	0.315	0.291	0.215	0.252	0.303	0.245	0.323	0.361	0.273	2.012	0.332	0.166	0.196	-16874.790
986	16	500	500	0.4861	0.291	0.345	0.313	0.293	0.304	0.243	0.317	0.345	0.248	0.318	0.283	0.273	0.255	0.303	0.275	0.352	0.253	0.266	0.315	0.256	0.323	0.291	0.251	0.348	0.259	0.289	0.243	0.358	0.342	0.327	2.107	0.466	0.216	0.175	-16339.986
987	16	500	499	0.5071	0.226	0.321	0.311	0.299	0.297	0.294	0.301	0.323	0.290	0.352	0.251	0.299	0.264	0.211	0.311	0.312	0.271	0.265	0.369	0.286	0.297	0.217	0.310	0.352	0.280	0.311	0.264	0.294	0.254	0.234	2.062	0.389	0.177	0.202	-16486.427
988	16	500	500	0.5152	0.318	0.245	0.259	0.302	0.311	0.414	0.299	0.276	0.312	0.356	0.273	0.331	0.257	0.289	0.354	0.272	0.262	0.272	0.325	0.230	0.300	0.326	0.268	0.296	0.312	0.280	0.303	0.274	0.297	0.292	2.008	0.291	0.122	0.196	-16720.371
989	16	500	499	0.5107	0.341	0.259	0.345	0.312	0.306	0.385	0.251	0.364	0.318	0.249	0.241	0.325	0.288	0.318	0.319	0.292	0.254	0.442	0.304	0.306	0.354	0.261	0.235	0.261	0.351	0.277	0.303	0.292	0.273	0.294	2.019	0.356	0.198	0.192	-16962.612
990	16	500	500	0.5177	0.231	0.313	0.362	0.301	0.312	0.289	0.334	0.305	0.333	0.288	0.306	0.280	0.302	0.269	0.330	0.295	0.369	0.240	0.236	0.285	0.348	0.268	0.315	0.242	0.328	0.350	0.316	0.366	0.332	0.330	1.978	0.312	0.151	0.208	-17143.925
991	16	500	500	0.5054	0.234	0.327	0.290	0.287	0.308	0.352	0.307	0.300	0.337	0.317	0.331	0.296	0.330	0.326	0.305	0.217	0.299	0.334	0.358	0.249	0.298	0.299	0.327	0.261	0.259	0.275	0.327	0.313	0.335	0.337	1.954	0.363	0.189	0.198	-17049.161
992	16	500	500	0.5193	0.286	0.290	0.235	0.270	0.346	0.292	0.349	0.277	0.270	0.271	0.377	0.317	0.349	0.312	0.318	0.284	0.309	0.265	0.338	0.289	0.294	0.258	0.314	0.409	0.235	0.360	0.278	0.276	0.307	0.304	1.885	0.305	0.147	0.202	-17095.753
993	16	500	500	0.5092	0.312	0.255	0.337	0.292	0.293	0.274	0.270	0.344	0.269	0.281	0.270	0.364	0.365	0.325	0.365	0.330	0.320	0.323	0.365	0.260	0.297	0.315	0.336	0.310	0.301	0.297	0.289	0.339	0.301	0.331	1.974	0.405	0.258	0.192	-17236.566
994	16	500	500	0.5215	0.224	0.266	0.310	0.269	0.285	0.279	0.287	0.293	0.274	0.326	0.301	0.328	0.324	0.236	0.278	0.287	0.401	0.250	0.282	0.284	0.290	0.296	0.276	0.197	0.277	0.248	0.288	0.305	0.304	0.265	1.987	0.324	0.125	0.207	-16417.378
995	16	500	499	0.4992	0.257	0.290	0.288	0.242	0.271	0.259	0.280	0.283	0.278	0.280	0.288	0.278	0.225	0.266	0.262	0.285	0.298	0.266	0.276	0.274	0.315	0.349	0.234	0.337	0.262	0.282	0.349	0.230	0.256	0.273	2.028	0.450	0.211	0.208	-16186.594
996	16	500	500	0.4963	0.275	0.241	0.235	0.314	0.311	0.367	0.302	0.353	0.343	0.263	0.279	0.319	0.358	0.272	0.273	0.293	0.303	0.339	0.252	0.304	0.365	0.243	0.282	0.259	0.359	0.302	0.310	0.288	0.273	0.261	2.072	0.334	0.184	0.193	-16728.335
997	16	500	500	0.5292	0.313	0.321	0.293	0.362	0.259	0.332	0.298	0.307	0.293	0.265	0.331	0.249	0.306	0.277	0.294	0.364	0.317	0.273	0.318	0.325	0.308	0.281	0.357	0.374	0.306	0.296	0.322	0.297	0.267	0.316	2.078	0.435	0.228	0.189	-16930.153
998	16	500	500	0.5314	0.279	0.313	0.348	0.298	0.253	0.216	0.288	0.272	0.273	0.292	0.287	0.264	0.263	0.324	0.334	0.328	0.374	0.301	0.298	0.239	0.286	0.303	0.275	0.272	0.276	0.299	0.286	0.293	0.284	0.273	1.942	0.410	0.167	0.198	-16404.286
999	16	500	500	0.5185	0.351	0.278	0.283	0.336	0.388	0.279	0.309	0.295	0.358	0.309	0.296	0.330	0.352	0.308	0.362	0.324	0.301	0.315	0.319	0.277	0.269	0.380	0.304	0.345	0.319	0.292	0.293	0.368	0.282	0.337	2.113	0.395	0.230	0.187	-17309.921
1000	16	500	500	0.5014	0.309	0.216	0.369	0.284	0.321	0.266	0.257	0.315	0.379	0.254	0.284	0.298	0.349	0.278	0.332	0.352	0.310	0.328	0.222	0.302	0.259	0.312	0.346	0.326	0.257	0.301	0.302	0.351	0.264	0.240	1.942	0.438	0.235	0.204	-16851.831
