"","x"
"1",-1840.019
"2",-1755.788
"3",-1630.9
"4",-1730.073
"5",-1756.413
"6",-1721.058
"7",-1787.493
"8",-1820.445
"9",-1818.987
"10",-1793.623
"11",-1770.482
"12",-1650.029
"13",-1835.371
"14",-1736.164
"15",-1784.372
"16",-1720.688
"17",-1727.108
"18",-1787.126
"19",-1791.372
"20",-1713.313
"21",-1797.626
"22",-1807.149
"23",-1793.489
"24",-1800.699
"25",-1768.628
"26",-1830.072
"27",-1720.483
"28",-1788.574
"29",-1768.063
"30",-1874.092
"31",-1758.278
"32",-1795.256
"33",-1767.164
"34",-1696.471
"35",-1649.029
"36",-1780.827
"37",-1700.238
"38",-1840.408
"39",-1694.378
"40",-1666.961
"41",-1716.115
"42",-1836.729
"43",-1649.657
"44",-1795.453
"45",-1783.09
"46",-1873.251
"47",-1719.343
"48",-1657.356
"49",-1736.665
"50",-1719.84
"51",-1833.52
"52",-1760.991
"53",-1770.727
"54",-1789.518
"55",-1783.9
"56",-1920.024
"57",-1764.104
"58",-1887.013
"59",-1727.633
"60",-1738.416
"61",-1763.554
"62",-1673.649
"63",-1798.224
"64",-1757.911
"65",-1669.965
"66",-1739.732
"67",-1887.199
"68",-1671.95
"69",-1797.796
"70",-1769.995
"71",-1771.225
"72",-1771.363
"73",-1726.176
"74",-1835.799
"75",-1742.82
"76",-1822.259
"77",-1812.761
"78",-1727.976
"79",-1793.551
"80",-1723.222
"81",-1809.219
"82",-1666.98
"83",-1794.073
"84",-1704.884
"85",-1741.41
"86",-1677.677
"87",-1744.648
"88",-1740.89
"89",-1614.66
"90",-1782.424
"91",-1803.984
"92",-1726.795
"93",-1556.228
"94",-1841.41
"95",-1666.118
"96",-1757.369
"97",-1802.363
"98",-1722.385
"99",-1835.141
"100",-1846.962
"101",-1731.053
"102",-1686.214
"103",-1729.509
"104",-1741.448
"105",-1851.113
"106",-1801.289
"107",-1780.258
"108",-1802.304
"109",-1782.621
"110",-1758.769
"111",-1821.746
"112",-1834.389
"113",-1715.338
"114",-1819.169
"115",-1644.417
"116",-1681.5
"117",-1726.39
"118",-1659.36
"119",-1777.386
"120",-1796.696
"121",-1700.878
"122",-1747.395
"123",-1774.815
"124",-1705.727
"125",-1811.948
"126",-1755.889
"127",-1699.273
"128",-1822.877
"129",-1783.973
"130",-1741.496
"131",-1785.149
"132",-1798.909
"133",-1905.124
"134",-1798.582
"135",-1778.132
"136",-1723.519
"137",-1815.118
"138",-1845.539
"139",-1816.681
"140",-1794.205
"141",-1742.361
"142",-1672.644
"143",-1786.957
"144",-1802.497
"145",-1784.68
"146",-1765.777
"147",-1725.67
"148",-1697.254
"149",-1759.413
"150",-1644.369
"151",-1770.021
"152",-1845.254
"153",-1786.125
"154",-1752.327
"155",-1832.298
"156",-1769.753
"157",-1772.91
"158",-1775.304
"159",-1811.341
"160",-1697.586
"161",-1674.475
"162",-1798.891
"163",-1785.283
"164",-1689.528
"165",-1710.626
"166",-1671.324
"167",-1771.165
"168",-1819.035
"169",-1901.658
"170",-1737
"171",-1677.48
"172",-1706.587
"173",-1740.442
"174",-1775.655
"175",-1845.844
"176",-1889.998
"177",-1870.895
"178",-1888.004
"179",-1740.331
"180",-1831.359
"181",-1704.344
"182",-1654.797
"183",-1774.75
"184",-1786.187
"185",-1702.856
"186",-1822.088
"187",-1756.443
"188",-1796.548
"189",-1813.472
"190",-1691.637
"191",-1854.582
"192",-1759.67
"193",-1697.611
"194",-1700.605
"195",-1786.763
"196",-1703.58
"197",-1740.495
"198",-1650.878
"199",-1727.036
"200",-1724.253
"201",-1773.335
"202",-1795.451
"203",-1755.48
"204",-1852.808
"205",-1743.296
"206",-1765.552
"207",-1829.988
"208",-1801.587
"209",-1842.683
"210",-1761.7
"211",-1710.321
"212",-1834.54
"213",-1720.844
"214",-1760.92
"215",-1711.13
"216",-1860.311
"217",-1739.254
"218",-1873.729
"219",-1766.471
"220",-1744.403
"221",-1815.061
"222",-1804.713
"223",-1740.812
"224",-1643.395
"225",-1750.87
"226",-1871.498
"227",-1729.403
"228",-1952.274
"229",-1726.602
"230",-1630.069
"231",-1765.108
"232",-1827.299
"233",-1706.205
"234",-1748.878
"235",-1746.81
"236",-1803.212
"237",-1780.717
"238",-1745.754
"239",-1748.382
"240",-1892.061
"241",-1775.841
"242",-1642.369
"243",-1798.226
"244",-1662.992
"245",-1846.189
"246",-1853.944
"247",-1799.844
"248",-1830.113
"249",-1707.045
"250",-1751.469
"251",-1713.646
"252",-1819.238
"253",-1651.528
"254",-1955.692
"255",-1753.79
"256",-1735.093
"257",-1795.671
"258",-1775.713
"259",-1779.419
"260",-1706.874
"261",-1758.89
"262",-1705.952
"263",-1717.541
"264",-1737.352
"265",-1749.623
"266",-1776.428
"267",-1736.803
"268",-1762.736
"269",-1768.509
"270",-1666.631
"271",-1872.357
"272",-1751.608
"273",-1866.777
"274",-1732.994
"275",-1766.604
"276",-1792.904
"277",-1807.682
"278",-1768.907
"279",-1763.969
"280",-1746.463
"281",-1746.535
"282",-1756.102
"283",-1740.253
"284",-1778.097
"285",-1667.535
"286",-1764.074
"287",-1773.654
"288",-1680.957
"289",-1769.182
"290",-1805.402
"291",-1716.399
"292",-1735.736
"293",-1709.612
"294",-1809.605
"295",-1635.13
"296",-1694.004
"297",-1781.706
"298",-1788.579
"299",-1750.245
"300",-1655.596
"301",-1934.735
"302",-1684.442
"303",-1915.19
"304",-1805.49
"305",-1889.8
"306",-1742.858
"307",-1655.443
"308",-1827.998
"309",-1802.511
"310",-1749.337
"311",-1784.209
"312",-1798.133
"313",-1753.07
"314",-1687.108
"315",-1780.189
"316",-1746.913
"317",-1759.253
"318",-1817.359
"319",-1762.272
"320",-1730.032
"321",-1683.213
"322",-1703.955
"323",-1799.437
"324",-1781.803
"325",-1649.286
"326",-1719.162
"327",-1699.469
"328",-1771.207
"329",-1788.934
"330",-1707.148
"331",-1764.443
"332",-1882.669
"333",-1686.678
"334",-1792.654
"335",-1766.112
"336",-1713.642
"337",-1793.334
"338",-1835.274
"339",-1797.048
"340",-1686.932
"341",-1771.053
"342",-1753.911
"343",-1587.094
"344",-1819.6
"345",-1690.202
"346",-1764.039
"347",-1765.313
"348",-1676.959
"349",-1748.866
"350",-1729.546
"351",-1879.586
"352",-1784.031
"353",-1823.974
"354",-1772.171
"355",-1694.313
"356",-1879.811
"357",-1682.337
"358",-1748.151
"359",-1660.699
"360",-1816.025
"361",-1852.673
"362",-1725.878
"363",-1657.661
"364",-1712.434
"365",-1727.89
"366",-1806.45
"367",-1694.94
"368",-1886.284
"369",-1886.087
"370",-1838.594
"371",-1682.414
"372",-1839.097
"373",-1713.007
"374",-1852.668
"375",-1805.222
"376",-1824.966
"377",-1879.559
"378",-1712.431
"379",-1612.498
"380",-1832.349
"381",-1654.513
"382",-1775.09
"383",-1744.312
"384",-1769.646
"385",-1773.591
"386",-1836.169
"387",-1776.637
"388",-1799.641
"389",-1726.137
"390",-1815.233
"391",-1854.453
"392",-1673.627
"393",-1757.479
"394",-1799.746
"395",-1764.567
"396",-1849.018
"397",-1784.311
"398",-1774.444
"399",-1926.065
"400",-1752.361
"401",-1735.208
"402",-1856.024
"403",-1840.354
"404",-1743.494
"405",-1744.955
"406",-1808.882
"407",-1691.676
"408",-1763.936
"409",-1874.148
"410",-1741.748
"411",-1763.659
"412",-1715.402
"413",-1734.443
"414",-1748.068
"415",-1672.004
"416",-1789.607
"417",-1735.495
"418",-1833.162
"419",-1704.405
"420",-1855.957
"421",-1848.697
"422",-1667.998
"423",-1779.473
"424",-1691.977
"425",-1728.384
"426",-1755.506
"427",-1913.317
"428",-1840.674
"429",-1694.175
"430",-1779.262
"431",-1745.343
"432",-1797.934
"433",-1786.017
"434",-1770.171
"435",-1806.477
"436",-1758.851
"437",-1773.237
"438",-1702.818
"439",-1728.9
"440",-1908.515
"441",-1908.847
"442",-1860.299
"443",-1713.74
"444",-1865.343
"445",-1848.01
"446",-1729.63
"447",-1705.356
"448",-1835.324
"449",-1772.659
"450",-1683.875
"451",-1811.135
"452",-1878.117
"453",-1763.506
"454",-1714.76
"455",-1767.137
"456",-1750.229
"457",-1754.221
"458",-1758.206
"459",-1881.321
"460",-1822.307
"461",-1836.051
"462",-1828.414
"463",-1695.336
"464",-1749.062
"465",-1717.288
"466",-1847.291
"467",-1774.385
"468",-1639.306
"469",-1720.366
"470",-1726.139
"471",-1612.639
"472",-1618.398
"473",-1794.285
"474",-1728.406
"475",-1751.581
"476",-1719.176
"477",-1915.353
"478",-1829.987
"479",-1827.041
"480",-1778.714
"481",-1772.736
"482",-1843.022
"483",-1648.405
"484",-1808.35
"485",-1821.93
"486",-1803.728
"487",-1769.573
"488",-1660.271
"489",-1760.118
"490",-1799.756
"491",-1836.214
"492",-1748.765
"493",-1850.244
"494",-1856.87
"495",-1749.74
"496",-1770.879
"497",-1870.274
"498",-1726.093
"499",-1768.824
"500",-1776.576
"501",-1830.217
"502",-1729.419
"503",-1705.068
"504",-1845.918
"505",-1780.919
"506",-1738.281
"507",-1747.546
"508",-1778.415
"509",-1779.461
"510",-1750.027
"511",-1636.165
"512",-1745.88
"513",-1837.047
"514",-1782.625
"515",-1735.086
"516",-1693.314
"517",-1728.877
"518",-1798.387
"519",-1866.518
"520",-1834.613
"521",-1676.552
"522",-1784.267
"523",-1726.899
"524",-1740.944
"525",-1718.999
"526",-1781.79
"527",-1815.454
"528",-1779.098
"529",-1746.957
"530",-1872.328
"531",-1639.572
"532",-1654.674
"533",-1762.729
"534",-1709.115
"535",-1688.198
"536",-1773.835
"537",-1695.76
"538",-1814.103
"539",-1759.76
"540",-1878.859
"541",-1694.674
"542",-1820.46
"543",-1743.645
"544",-1687.686
"545",-1728.888
"546",-1875.985
"547",-1840.094
"548",-1805.578
"549",-1894.717
"550",-1756.856
"551",-1840.39
"552",-1827.243
"553",-1885.552
"554",-1821.089
"555",-1830.128
"556",-1708.33
"557",-1700.667
"558",-1814.122
"559",-1848.794
"560",-1888.136
"561",-1894.417
"562",-1754.1
"563",-1780.297
"564",-1717.203
"565",-1870.565
"566",-1915.436
"567",-1828.747
"568",-1740.531
"569",-1805.24
"570",-1620.972
"571",-1703.142
"572",-1919.056
"573",-1792.94
"574",-1900.327
"575",-1723.707
"576",-1899.681
"577",-1746.545
"578",-1771.602
"579",-1731.888
"580",-1757.276
"581",-1742.445
"582",-1848.744
"583",-1805.579
"584",-1799.821
"585",-1784.612
"586",-1799.62
"587",-1880.376
"588",-1607.518
"589",-1808.926
"590",-1790.376
"591",-1798.521
"592",-1723.97
"593",-1713.293
"594",-1869.188
"595",-1734.892
"596",-1742.405
"597",-1629.197
"598",-1698.859
"599",-1826.683
"600",-1749.156
"601",-1698.936
"602",-1827.558
"603",-1737.707
"604",-1750.175
"605",-1785.835
"606",-1703.235
"607",-1795.887
"608",-1767.844
"609",-1744.801
"610",-1776.385
"611",-1762.422
"612",-1839.051
"613",-1751.776
"614",-1849.229
"615",-1889.62
"616",-1715.013
"617",-1722.752
"618",-1813.092
"619",-1766.457
"620",-1743.381
"621",-1692.606
"622",-1779.735
"623",-1797.983
"624",-1751.252
"625",-1768.938
"626",-1820.269
"627",-1822.414
"628",-1888.935
"629",-1784.59
"630",-1890.478
"631",-1804.585
"632",-1747.192
"633",-1819.388
"634",-1763.444
"635",-1852.557
"636",-1754.646
"637",-1868.262
"638",-1852.196
"639",-1809.062
"640",-1811.096
"641",-1752.933
"642",-1781.017
"643",-1737.225
"644",-1813.022
"645",-1779.619
"646",-1879.537
"647",-1889.795
"648",-1816.778
"649",-1746.059
"650",-1815.729
"651",-1778.637
"652",-1755.226
"653",-1695.152
"654",-1747.536
"655",-1577.414
"656",-1723.11
"657",-1814.855
"658",-1666.954
"659",-1745.42
"660",-1720.009
"661",-1756.446
"662",-1777.053
"663",-1713.231
"664",-1747.616
"665",-1677.885
"666",-1645.34
"667",-1683.163
"668",-1907.039
"669",-1780.566
"670",-1789.698
"671",-1573.965
"672",-1706.569
"673",-1764.032
"674",-1807.847
"675",-1799.519
"676",-1819.113
"677",-1770.189
"678",-1844.184
"679",-1896.68
"680",-1821.781
"681",-1760.268
"682",-1860.067
"683",-1763.913
"684",-1734.411
"685",-1663.875
"686",-1847.693
"687",-1626.228
"688",-1754.766
"689",-1700.007
"690",-1755.836
"691",-1756.214
"692",-1717.301
"693",-1891.702
"694",-1781.943
"695",-1704.135
"696",-1760.973
"697",-1817.294
"698",-1814.237
"699",-1685.99
"700",-1688.34
"701",-1716.671
"702",-1639.096
"703",-1784.78
"704",-1751.382
"705",-1739.263
"706",-1613.713
"707",-1820.015
"708",-1880.619
"709",-1805.862
"710",-1798.794
"711",-1655.707
"712",-1803.433
"713",-1784.167
"714",-1802.807
"715",-1797.085
"716",-1797.947
"717",-1805.465
"718",-1780.264
"719",-1699.965
"720",-1804.855
"721",-1717.718
"722",-1840.683
"723",-1827.496
"724",-1880.034
"725",-1774.572
"726",-1820.095
"727",-1755.639
"728",-1745.723
"729",-1824.948
"730",-1851.819
"731",-1771.853
"732",-1720.405
"733",-1847.331
"734",-1777.425
"735",-1742.108
"736",-1695.468
"737",-1868.239
"738",-1770.687
"739",-1814.36
"740",-1785.862
"741",-1782.433
"742",-1775.548
"743",-1747.755
"744",-1670.94
"745",-1771.17
"746",-1795.533
"747",-1661.2
"748",-1928.587
"749",-1668.623
"750",-1775.147
"751",-1732.9
"752",-1631.684
"753",-1824.021
"754",-1806.267
"755",-1774.255
"756",-1805.156
"757",-1820.283
"758",-1824.515
"759",-1790.38
"760",-1737.953
"761",-1795.676
"762",-1668.98
"763",-1765.902
"764",-1745.606
"765",-1768.539
"766",-1735.066
"767",-1848.765
"768",-1812.818
"769",-1684.441
"770",-1826.026
"771",-1680.743
"772",-1782.037
"773",-1854.961
"774",-1736.278
"775",-1778.86
"776",-1780.478
"777",-1807.8
"778",-1869.844
"779",-1894.489
"780",-1819.184
"781",-1671.22
"782",-1802.314
"783",-1826.174
"784",-1648.416
"785",-1771.134
"786",-1774.608
"787",-1830.965
"788",-1901.823
"789",-1708.522
"790",-1739.756
"791",-1828.663
"792",-1799.435
"793",-1782.308
"794",-1754.251
"795",-1793.027
"796",-1790.489
"797",-1747.083
"798",-1778.023
"799",-1641.179
"800",-1847.662
"801",-1733.09
"802",-1798.587
"803",-1802.482
"804",-1782.216
"805",-1714.417
"806",-1735.392
"807",-1777.257
"808",-1833.92
"809",-1796.071
"810",-1801.217
"811",-1854.377
"812",-1880.217
"813",-1706.693
"814",-1690.244
"815",-1739.142
"816",-1853.001
"817",-1849.979
"818",-1741.588
"819",-1821.958
"820",-1725.749
"821",-1777.673
"822",-1856.73
"823",-1856.421
"824",-1800.223
"825",-1687.029
"826",-1695.571
"827",-1838.614
"828",-1656.817
"829",-1785.48
"830",-1680.145
"831",-1914.103
"832",-1764.539
"833",-1603.964
"834",-1744.255
"835",-1774.885
"836",-1757.097
"837",-1764.958
"838",-1815.604
"839",-1737.665
"840",-1707.14
"841",-1703.867
"842",-1780.303
"843",-1851.637
"844",-1746.389
"845",-1787.055
"846",-1837.707
"847",-1801.714
"848",-1648.312
"849",-1783.242
"850",-1771.281
"851",-1854.146
"852",-1921.129
"853",-1659.17
"854",-1800.383
"855",-1800.517
"856",-1747.115
"857",-1814.202
"858",-1734.605
"859",-1711.919
"860",-1761.331
"861",-1809.712
"862",-1831.511
"863",-1733.284
"864",-1796.716
"865",-1845.78
"866",-1910.398
"867",-1783.963
"868",-1756.614
"869",-1671.054
"870",-1672.921
"871",-1799.632
"872",-1759.012
"873",-1797.834
"874",-1863.636
"875",-1798.58
"876",-1779.398
"877",-1909.148
"878",-1761.566
"879",-1818.685
"880",-1817.1
"881",-1689.734
"882",-1737.46
"883",-1769.678
"884",-1778.636
"885",-1921.89
"886",-1807.748
"887",-1757.946
"888",-1826.426
"889",-1667.69
"890",-1746.241
"891",-1768.56
"892",-1713.76
"893",-1745.985
"894",-1701.113
"895",-1814.399
"896",-1734.723
"897",-1677.829
"898",-1851.028
"899",-1879.711
"900",-1814.852
"901",-1826.326
"902",-1766.769
"903",-1635.108
"904",-1795.422
"905",-1909.465
"906",-1733.004
"907",-1887.595
"908",-1958.75
"909",-1863.217
"910",-1846.029
"911",-1751.131
"912",-1780.387
"913",-1796.041
"914",-1850.176
"915",-1734.833
"916",-1806.27
"917",-1796.012
"918",-1822.48
"919",-1866.654
"920",-1772.512
"921",-1697.364
"922",-1700.243
"923",-1775.779
"924",-1702.974
"925",-1793.01
"926",-1834.737
"927",-1706.736
"928",-1696.164
"929",-1906.727
"930",-1761.954
"931",-1736.936
"932",-1712.308
"933",-1774.618
"934",-1736.347
"935",-1869.84
"936",-1697.636
"937",-1715.854
"938",-1706.587
"939",-1721.681
"940",-1688.177
"941",-1784.45
"942",-1788.292
"943",-1713.386
"944",-1809.403
"945",-1812.888
"946",-1859.005
"947",-1729.191
"948",-1734.871
"949",-1663.536
"950",-1833.565
"951",-1737.977
"952",-1676.307
"953",-1907.504
"954",-1873.969
"955",-1699.745
"956",-1717.531
"957",-1793.17
"958",-1866.104
"959",-1908.366
"960",-1764.865
"961",-1674.559
"962",-1800.614
"963",-1748.471
"964",-1851.087
"965",-1715.332
"966",-1739.47
"967",-1740.29
"968",-1686.058
"969",-1768.848
"970",-1702.843
"971",-1736.418
"972",-1903.34
"973",-1679.641
"974",-1841.675
"975",-1680.493
"976",-1886.681
"977",-1733.111
"978",-1821.121
"979",-1777.191
"980",-1854.712
"981",-1662.387
"982",-1802.155
"983",-1778.087
"984",-1742.98
"985",-1780.356
"986",-1825.763
"987",-1706.305
"988",-1705.597
"989",-1818.689
"990",-1669.462
"991",-1692.637
"992",-1791.968
"993",-1707.739
"994",-1784.364
"995",-1761.573
"996",-1875.669
"997",-1788.111
"998",-1809.439
"999",-1677.955
"1000",-1769.631
"1001",-1735.43
"1002",-1749.741
"1003",-1942.07
"1004",-1792.888
"1005",-1803.099
"1006",-1795.311
"1007",-1810.934
"1008",-1793.963
"1009",-1798.719
"1010",-1760.097
"1011",-1698.833
"1012",-1619.863
"1013",-1728.519
"1014",-1815.444
"1015",-1761.929
"1016",-1763.72
"1017",-1666.341
"1018",-1822.56
"1019",-1841.354
"1020",-1775.745
"1021",-1711.2
"1022",-1882.778
"1023",-1770.279
"1024",-1777.022
"1025",-1802.59
"1026",-1884.886
"1027",-1820.898
"1028",-1891.213
"1029",-1899.279
"1030",-1765.851
"1031",-1789.456
"1032",-1725.006
"1033",-1787.505
"1034",-1697.58
"1035",-1787.343
"1036",-1682.212
"1037",-1834.115
"1038",-1777.508
"1039",-1944.162
"1040",-1739.725
"1041",-1800.187
"1042",-1708.324
"1043",-1720.405
"1044",-1865.533
"1045",-1817.584
"1046",-1745.227
"1047",-1641.124
"1048",-1754.713
"1049",-1810.614
"1050",-1759.115
"1051",-1913.618
"1052",-1681.652
"1053",-1767.516
"1054",-1950.45
"1055",-1838.917
"1056",-1950.365
"1057",-1821.393
"1058",-1731.886
"1059",-1821.511
"1060",-1721.68
"1061",-1735.654
"1062",-1810.916
"1063",-1718.286
"1064",-1728.276
"1065",-1759.515
"1066",-1779.548
"1067",-1665.175
"1068",-1821.327
"1069",-1821.746
"1070",-1621.945
"1071",-1781.202
"1072",-1842.834
"1073",-1758.911
"1074",-1646.897
"1075",-1806.691
"1076",-1743.141
"1077",-1842.369
"1078",-1835.114
"1079",-1786.449
"1080",-1683.198
"1081",-1771.803
"1082",-1777.95
"1083",-1876.503
"1084",-1737.352
"1085",-1833.374
"1086",-1787.049
"1087",-1817.551
"1088",-1827.937
"1089",-1831.925
"1090",-1730.727
"1091",-1798.883
"1092",-1863.465
"1093",-1831.137
"1094",-1783.735
"1095",-1883.723
"1096",-1763.624
"1097",-1892.345
"1098",-1863.683
"1099",-1694.644
"1100",-1846.475
"1101",-1776.267
"1102",-1778.186
"1103",-1760.934
"1104",-1686.358
"1105",-1817.4
"1106",-1789.09
"1107",-1814.602
"1108",-1742.752
"1109",-1882.584
"1110",-1697.816
"1111",-1809.777
"1112",-1816.327
"1113",-1767.168
"1114",-1763.878
"1115",-1728.504
"1116",-1686.077
"1117",-1751.301
"1118",-1896.263
"1119",-1707.871
"1120",-1742.415
"1121",-1870.293
"1122",-1810.377
"1123",-1796.643
"1124",-1744.853
"1125",-1675.789
"1126",-1705.941
"1127",-1747.099
"1128",-1872.178
"1129",-1685.251
"1130",-1775.497
"1131",-1742.345
"1132",-1712.227
"1133",-1852.967
"1134",-1783.808
"1135",-1817.582
"1136",-1799.535
"1137",-1736.497
"1138",-1747.425
"1139",-1768.939
"1140",-1714.864
"1141",-1723.087
"1142",-1782.469
"1143",-1770.682
"1144",-1785.79
"1145",-1657.843
"1146",-1718.887
"1147",-1768.193
"1148",-1686.862
"1149",-1753.061
"1150",-1803.587
"1151",-1794.055
"1152",-1774.903
"1153",-1762.224
"1154",-1745.291
"1155",-1776.739
"1156",-1820.391
"1157",-1786.605
"1158",-1843.888
"1159",-1719.495
"1160",-1723.672
"1161",-1745.752
"1162",-1734.753
"1163",-1802.198
"1164",-1819.666
"1165",-1632.532
"1166",-1746.04
"1167",-1835.273
"1168",-1726.534
"1169",-1697.632
"1170",-1843.216
"1171",-1674.402
"1172",-1731.724
"1173",-1877.23
"1174",-1884.748
"1175",-1773.395
"1176",-1828.563
"1177",-1749.692
"1178",-1700.527
"1179",-1778.39
"1180",-1791.645
"1181",-1720.167
"1182",-1654.324
"1183",-1729.294
"1184",-1856.151
"1185",-1749.578
"1186",-1685.253
"1187",-1820.175
"1188",-1864.922
"1189",-1876.43
"1190",-1759.893
"1191",-1843.528
"1192",-1855.077
"1193",-1788.494
"1194",-1733.365
"1195",-1709.641
"1196",-1843.568
"1197",-1764.068
"1198",-1776.637
"1199",-1729.534
"1200",-1697.078
"1201",-1757.395
"1202",-1738.576
"1203",-1781.581
"1204",-1783.137
"1205",-1778.139
"1206",-1856.619
"1207",-1697.648
"1208",-1785.731
"1209",-1779.111
"1210",-1793.913
"1211",-1715.99
"1212",-1834.778
"1213",-1759.64
"1214",-1853.921
"1215",-1833.258
"1216",-1741.729
"1217",-1788.405
"1218",-1768.074
"1219",-1755.538
"1220",-1724.367
"1221",-1743.543
"1222",-1854.736
"1223",-1773.844
"1224",-1807.266
"1225",-1829.974
"1226",-1690.627
"1227",-1800.529
"1228",-1756.031
"1229",-1861.742
"1230",-1841.904
"1231",-1787.039
"1232",-1868
"1233",-1735.619
"1234",-1646.584
"1235",-1696.464
"1236",-1810.916
"1237",-1894.652
"1238",-1882.622
"1239",-1742.815
"1240",-1769.523
"1241",-1693.505
"1242",-1775.433
"1243",-1763.487
"1244",-1881.348
"1245",-1826.605
"1246",-1697.029
"1247",-1599.136
"1248",-1742.734
"1249",-1719.245
"1250",-1904.942
"1251",-1740.753
"1252",-1829.904
"1253",-1694.01
"1254",-1807.924
"1255",-1761.114
"1256",-1835.153
"1257",-1767.498
"1258",-1795.26
"1259",-1787.02
"1260",-1850.121
"1261",-1796.286
"1262",-1773.439
"1263",-1699.82
"1264",-1663.439
"1265",-1777.532
"1266",-1669.342
"1267",-1784.619
"1268",-1777.286
"1269",-1709.315
"1270",-1766.569
"1271",-1785.678
"1272",-1796.725
"1273",-1664.688
"1274",-1796.679
"1275",-1748.139
"1276",-1857.187
"1277",-1758.846
"1278",-1754.152
"1279",-1690.497
"1280",-1785.726
"1281",-1807.516
"1282",-1814.557
"1283",-1873.608
"1284",-1819.335
"1285",-1902.907
"1286",-1799.674
"1287",-1679.967
"1288",-1693.074
"1289",-1927.372
"1290",-1730.919
"1291",-1769.927
"1292",-1867.886
"1293",-1854.071
"1294",-1758.377
"1295",-1743.401
"1296",-1831.001
"1297",-1760.772
"1298",-1794.27
"1299",-1874.027
"1300",-1791.144
"1301",-1724.139
"1302",-1794.782
"1303",-1852.311
"1304",-1818.655
"1305",-1734.806
"1306",-1768.296
"1307",-1720.425
"1308",-1824.745
"1309",-1719.4
"1310",-1797.882
"1311",-1728.67
"1312",-1860.329
"1313",-1859.805
"1314",-1741.18
"1315",-1856.393
"1316",-1715.566
"1317",-1709.092
"1318",-1788.136
"1319",-1866.468
"1320",-1878.382
"1321",-1718.963
"1322",-1785.554
"1323",-1813.16
"1324",-1839.806
"1325",-1865.264
"1326",-1750.386
"1327",-1622.026
"1328",-1716.023
"1329",-1810.888
"1330",-1735.917
"1331",-1718.402
"1332",-1802.39
"1333",-1809.985
"1334",-1692.029
"1335",-1798.824
"1336",-1779.267
"1337",-1800.404
"1338",-1714.077
"1339",-1829.561
"1340",-1833.804
"1341",-1750.782
"1342",-1838.246
"1343",-1756.01
"1344",-1687.31
"1345",-1818.712
"1346",-1710.354
"1347",-1755.738
"1348",-1779.864
"1349",-1820.773
"1350",-1802.331
"1351",-1740.91
"1352",-1906
"1353",-1806.701
"1354",-1846.131
"1355",-1769.585
"1356",-1785.515
"1357",-1641.577
"1358",-1720.194
"1359",-1764.929
"1360",-1786.465
"1361",-1683.102
"1362",-1780.5
"1363",-1705.78
"1364",-1750.948
"1365",-1866.035
"1366",-1747.858
"1367",-1699.194
"1368",-1814.158
"1369",-1819.142
"1370",-1746.021
"1371",-1739.909
"1372",-1816.026
"1373",-1710.663
"1374",-1759.671
"1375",-1760.212
"1376",-1794.944
"1377",-1781.694
"1378",-1857.656
"1379",-1835.533
"1380",-1887.697
"1381",-1798.055
"1382",-1785.674
"1383",-1782.538
"1384",-1715.949
"1385",-1708.369
"1386",-1725.319
"1387",-1856.98
"1388",-1713.694
"1389",-1702.627
"1390",-1787.519
"1391",-1856.692
"1392",-1786.271
"1393",-1735.389
"1394",-1724.343
"1395",-1874.934
"1396",-1831.992
"1397",-1925.073
"1398",-1805.009
"1399",-1796.068
"1400",-1826.307
"1401",-1729.141
"1402",-1786.821
"1403",-1900.21
"1404",-1787.259
"1405",-1704.608
"1406",-1809.226
"1407",-1727.03
"1408",-1806.332
"1409",-1827.975
"1410",-1690.758
"1411",-1666.443
"1412",-1823.697
"1413",-1729.604
"1414",-1724.683
"1415",-1734.437
"1416",-1746.409
"1417",-1805.204
"1418",-1685.022
"1419",-1731.353
"1420",-1692.004
"1421",-1794.949
"1422",-1805.578
"1423",-1775.382
"1424",-1788.824
"1425",-1769.791
"1426",-1810.005
"1427",-1769.745
"1428",-1763.197
"1429",-1774.216
"1430",-1757.845
"1431",-1810.105
"1432",-1748.732
"1433",-1795.067
"1434",-1702.447
"1435",-1873.88
"1436",-1737.441
"1437",-1777.506
"1438",-1731.902
"1439",-1784.12
"1440",-1781.379
"1441",-1731.854
"1442",-1719.223
"1443",-1701.359
"1444",-1781.744
"1445",-1750.259
"1446",-1588.706
"1447",-1813.352
"1448",-1862.621
"1449",-1850.684
"1450",-1850.191
"1451",-1683.562
"1452",-1851.878
"1453",-1887.667
"1454",-1685.434
"1455",-1771.618
"1456",-1768.507
"1457",-1753.841
"1458",-1761.55
"1459",-1817.997
"1460",-1788.182
"1461",-1880.116
"1462",-1781.937
"1463",-1835.402
"1464",-1791.855
"1465",-1738.095
"1466",-1814.259
"1467",-1718.583
"1468",-1803.882
"1469",-1716.031
"1470",-1881.911
"1471",-1847.633
"1472",-1717.931
"1473",-1750.421
"1474",-1839.036
"1475",-1813.271
"1476",-1814.717
"1477",-1689.144
"1478",-1736.54
"1479",-1691.934
"1480",-1778.613
"1481",-1758.555
"1482",-1737.283
"1483",-1807.059
"1484",-1781.101
"1485",-1805.06
"1486",-1815.323
"1487",-1856.854
"1488",-1788.389
"1489",-1853.443
"1490",-1721.918
"1491",-1736.937
"1492",-1826.464
"1493",-1842.628
"1494",-1797.972
"1495",-1876.943
"1496",-1894.163
"1497",-1838.493
"1498",-1849.086
"1499",-1856.345
"1500",-1818.377
"1501",-1830.406
"1502",-1786.743
"1503",-1835.206
"1504",-1804.535
"1505",-1790.688
"1506",-1735.334
"1507",-1715.549
"1508",-1791.255
"1509",-1795.034
"1510",-1706.895
"1511",-1738.561
"1512",-1813.553
"1513",-1700.726
"1514",-1731.821
"1515",-1762.415
"1516",-1903.196
"1517",-1889.019
"1518",-1782.648
"1519",-1736.322
"1520",-1725.925
"1521",-1839.552
"1522",-1728.824
"1523",-1863.991
"1524",-1765.15
"1525",-1798.854
"1526",-1691.917
"1527",-1669.193
"1528",-1791.47
"1529",-1798.505
"1530",-1858.697
"1531",-1738.454
"1532",-1786.423
"1533",-1788.608
"1534",-1665.028
"1535",-1807.872
"1536",-1809.925
"1537",-1790.47
"1538",-1865.934
"1539",-1803.6
"1540",-1796.796
"1541",-1695.178
"1542",-1694.036
"1543",-1716.176
"1544",-1821.898
"1545",-1753.47
"1546",-1714.571
"1547",-1897.532
"1548",-1759.544
"1549",-1777.571
"1550",-1594.592
"1551",-1745.368
"1552",-1818.407
"1553",-1889.442
"1554",-1656.668
"1555",-1776.08
"1556",-1804.531
"1557",-1841.806
"1558",-1711.313
"1559",-1767.801
"1560",-1641.1
"1561",-1825.249
"1562",-1827.779
"1563",-1921.73
"1564",-1732.239
"1565",-1735.448
"1566",-1720.858
"1567",-1859.674
"1568",-1649.704
"1569",-1695.908
"1570",-1716.373
"1571",-1762.083
"1572",-1875.455
"1573",-1751.641
"1574",-1923.322
"1575",-1743.276
"1576",-1633.388
"1577",-1748.25
"1578",-1775.348
"1579",-1829.498
"1580",-1871.416
"1581",-1862.345
"1582",-1734.53
"1583",-1840.49
"1584",-1795.427
"1585",-1723.331
"1586",-1811.28
"1587",-1744.209
"1588",-1757.781
"1589",-1709.745
"1590",-1846.642
"1591",-1748.159
"1592",-1673.044
"1593",-1727.628
"1594",-1761.062
"1595",-1811.594
"1596",-1750.566
"1597",-1689.228
"1598",-1708.776
"1599",-1873.47
"1600",-1835.284
"1601",-1736.294
"1602",-1822.608
"1603",-1716.693
"1604",-1730.016
"1605",-1786.018
"1606",-1714.475
"1607",-1700.163
"1608",-1764.549
"1609",-1716.708
"1610",-1691.566
"1611",-1679.416
"1612",-1843.184
"1613",-1776.243
"1614",-1751.503
"1615",-1869.059
"1616",-1947.237
"1617",-1740.922
"1618",-1724.223
"1619",-1833.493
"1620",-1770.208
"1621",-1751.346
"1622",-1813.476
"1623",-1755.027
"1624",-1837.597
"1625",-1850.157
"1626",-1728.349
"1627",-1718.427
"1628",-1758.454
"1629",-1812.386
"1630",-1804.841
"1631",-1769.216
"1632",-1748.577
"1633",-1838.658
"1634",-1782.82
"1635",-1830.3
"1636",-1750.061
"1637",-1847.072
"1638",-1863.354
"1639",-1817.569
"1640",-1933.117
"1641",-1784.175
"1642",-1920.904
"1643",-1703.433
"1644",-1956.681
"1645",-1721.055
"1646",-1864.885
"1647",-1755.18
"1648",-1814.735
"1649",-1772.863
"1650",-1837.888
"1651",-1784.262
"1652",-1698.366
"1653",-1773.817
"1654",-1718.933
"1655",-1859.147
"1656",-1733.313
"1657",-1767.859
"1658",-1743.7
"1659",-1705.886
"1660",-1779.594
"1661",-1783.249
"1662",-1798.928
"1663",-1719.576
"1664",-1835.263
"1665",-1758.352
"1666",-1808.571
"1667",-1806.081
"1668",-1823.779
"1669",-1812.43
"1670",-1713.479
"1671",-1788.724
"1672",-1754.678
"1673",-1806.069
"1674",-1862.062
"1675",-1651.574
"1676",-1733.543
"1677",-1711.257
"1678",-1801.604
"1679",-1746.628
"1680",-1702.059
"1681",-1745.855
"1682",-1802.717
"1683",-1833.879
"1684",-1667.806
"1685",-1841.727
"1686",-1688.758
"1687",-1825.712
"1688",-1775.433
"1689",-1745.126
"1690",-1705.687
"1691",-1805.545
"1692",-1736.415
"1693",-1872.461
"1694",-1757.483
"1695",-1765.126
"1696",-1820.271
"1697",-1773.521
"1698",-1723.848
"1699",-1899.344
"1700",-1804.273
"1701",-1809.861
"1702",-1799.837
"1703",-1757.822
"1704",-1689.512
"1705",-1774.788
"1706",-1803.489
"1707",-1747.452
"1708",-1793.945
"1709",-1840.813
"1710",-1873.687
"1711",-1780.959
"1712",-1715.558
"1713",-1748.166
"1714",-1860.114
"1715",-1693.396
"1716",-1791.594
"1717",-1865.512
"1718",-1819.21
"1719",-1776.114
"1720",-1776.175
"1721",-1735.98
"1722",-1739.401
"1723",-1647.151
"1724",-1868.74
"1725",-1768.773
"1726",-1684.939
"1727",-1851.456
"1728",-1906.993
"1729",-1734.443
"1730",-1782.942
"1731",-1782.858
"1732",-1805.063
"1733",-1882.301
"1734",-1724.448
"1735",-1889.358
"1736",-1773.533
"1737",-1773.819
"1738",-1831.85
"1739",-1792.627
"1740",-1654.238
"1741",-1783.464
"1742",-1818.213
"1743",-1771.836
"1744",-1693.79
"1745",-1722.71
"1746",-1765.672
"1747",-1768.361
"1748",-1706.289
"1749",-1678.732
"1750",-1805.274
"1751",-1719.834
"1752",-1715.389
"1753",-1790.91
"1754",-1908.511
"1755",-1791.863
"1756",-1800.429
"1757",-1851.557
"1758",-1924.219
"1759",-1864.686
"1760",-1820.115
"1761",-1757.882
"1762",-1774.11
"1763",-1690.109
"1764",-1721.107
"1765",-1760.953
"1766",-1813.245
"1767",-1757.937
"1768",-1731.648
"1769",-1789.977
"1770",-1716.084
"1771",-1819.236
"1772",-1832.669
"1773",-1755.045
"1774",-1781.375
"1775",-1674.009
"1776",-1770.643
"1777",-1795.494
"1778",-1785.764
"1779",-1772.855
"1780",-1795.484
"1781",-1761.159
"1782",-1750.796
"1783",-1900.496
"1784",-1776.387
"1785",-1698.103
"1786",-1793.712
"1787",-1830.73
"1788",-1749.638
"1789",-1846.382
"1790",-1849.335
"1791",-1762.782
"1792",-1713.749
"1793",-1722.393
"1794",-1691.704
"1795",-1797.286
"1796",-1697.874
"1797",-1745.793
"1798",-1830.095
"1799",-1740.118
"1800",-1813.931
"1801",-1766.222
"1802",-1842.171
"1803",-1726.54
"1804",-1752.431
"1805",-1748.735
"1806",-1855.835
"1807",-1907.498
"1808",-1792.649
"1809",-1832.279
"1810",-1812.164
"1811",-1862.872
"1812",-1708.607
"1813",-1821.081
"1814",-1724.384
"1815",-1869.672
"1816",-1703.216
"1817",-1765.2
"1818",-1700.256
"1819",-1848.17
"1820",-1804.529
"1821",-1824.523
"1822",-1730.807
"1823",-1781.362
"1824",-1710.634
"1825",-1782.931
"1826",-1741.217
"1827",-1778.019
"1828",-1889.329
"1829",-1727.354
"1830",-1756.109
"1831",-1856.883
"1832",-1874.469
"1833",-1790.841
"1834",-1791.266
"1835",-1770.609
"1836",-1735.84
"1837",-1674.719
"1838",-1835.665
"1839",-1816.877
"1840",-1744.259
"1841",-1742.159
"1842",-1752.134
"1843",-1770.794
"1844",-1829.513
"1845",-1867.498
"1846",-1754.883
"1847",-1700.488
"1848",-1800.923
"1849",-1689.3
"1850",-1631.202
"1851",-1795.191
"1852",-1772.485
"1853",-1738.379
"1854",-1730.02
"1855",-1797.228
"1856",-1742.339
"1857",-1741.104
"1858",-1651.836
"1859",-1847.763
"1860",-1800.696
"1861",-1789
"1862",-1850.175
"1863",-1764.371
"1864",-1670.408
"1865",-1796.47
"1866",-1790.523
"1867",-1716.67
"1868",-1754.36
"1869",-1855.722
"1870",-1890.851
"1871",-1825.377
"1872",-1829.019
"1873",-1812.462
"1874",-1713.722
"1875",-1854.411
"1876",-1765.817
"1877",-1678.269
"1878",-1770.583
"1879",-1793.431
"1880",-1865.413
"1881",-1845.305
"1882",-1743.348
"1883",-1719.625
"1884",-1752.631
"1885",-1687.914
"1886",-1703.987
"1887",-1805.369
"1888",-1647.969
"1889",-1866.972
"1890",-1820.27
"1891",-1766.788
"1892",-1778.449
"1893",-1758.098
"1894",-1811.212
"1895",-1772.16
"1896",-1760.436
"1897",-1634.844
"1898",-1814.006
"1899",-1667.619
"1900",-1648.746
"1901",-1765.026
"1902",-1773.257
"1903",-1768.213
"1904",-1801.493
"1905",-1757.005
"1906",-1831.661
"1907",-1789.124
"1908",-1736.703
"1909",-1808.722
"1910",-1849.344
"1911",-1719.916
"1912",-1698.463
"1913",-1859.618
"1914",-1883.84
"1915",-1687.804
"1916",-1734.856
"1917",-1643.704
"1918",-1808.761
"1919",-1825.809
"1920",-1661.692
"1921",-1733.42
"1922",-1759.762
"1923",-1791.414
"1924",-1804.061
"1925",-1821.511
"1926",-1822.524
"1927",-1814.435
"1928",-1792.56
"1929",-1718.501
"1930",-1772.354
"1931",-1710.367
"1932",-1812.107
"1933",-1714.05
"1934",-1768.709
"1935",-1706.443
"1936",-1754.872
"1937",-1774.893
"1938",-1713.758
"1939",-1920.437
"1940",-1854.95
"1941",-1788.253
"1942",-1707.879
"1943",-1756.504
"1944",-1774.006
"1945",-1753.428
"1946",-1717.159
"1947",-1771.334
"1948",-1756.644
"1949",-1768.074
"1950",-1831.883
"1951",-1701.688
"1952",-1744.526
"1953",-1657.855
"1954",-1650.103
"1955",-1845.986
"1956",-1788.021
"1957",-1735.515
"1958",-1907.664
"1959",-1757.684
"1960",-1838.409
"1961",-1851.513
"1962",-1714.253
"1963",-1756.178
"1964",-1771.401
"1965",-1725.323
"1966",-1846.124
"1967",-1740.119
"1968",-1881.789
"1969",-1770.45
"1970",-1773.414
"1971",-1827.781
"1972",-1830.987
"1973",-1691.351
"1974",-1703.379
"1975",-1814.884
"1976",-1719.926
"1977",-1737.747
"1978",-1833.427
"1979",-1731.606
"1980",-1828.362
"1981",-1751.105
"1982",-1841.93
"1983",-1682.786
"1984",-1602.358
"1985",-1746.687
"1986",-1789.627
"1987",-1640.89
"1988",-1796.487
"1989",-1782.622
"1990",-1682.351
"1991",-1842.623
"1992",-1780.696
"1993",-1848.347
"1994",-1684.11
"1995",-1718.098
"1996",-1750.529
"1997",-1655.104
"1998",-1759.037
"1999",-1761.147
"2000",-1786.019
"2001",-1902.177
"2002",-1688.647
"2003",-1808.367
"2004",-1848.697
"2005",-1717.459
"2006",-1790.9
"2007",-1633.596
"2008",-1716.456
"2009",-1666.924
"2010",-1683.928
"2011",-1806.524
"2012",-1829.615
"2013",-1873.776
"2014",-1858.462
"2015",-1722.539
"2016",-1638.657
"2017",-1737.761
"2018",-1779.619
"2019",-1659.284
"2020",-1771.428
"2021",-1821.697
"2022",-1691.371
"2023",-1741.073
"2024",-1835.349
"2025",-1660.156
"2026",-1684.247
"2027",-1792.647
"2028",-1714.025
"2029",-1669.128
"2030",-1737.561
"2031",-1874.173
"2032",-1738.655
"2033",-1784.51
"2034",-1617.308
"2035",-1723.848
"2036",-1772.14
"2037",-1776.422
"2038",-1738.47
"2039",-1582.875
"2040",-1863.405
"2041",-1781.51
"2042",-1867.687
"2043",-1660.677
"2044",-1761.894
"2045",-1706.869
"2046",-1664.149
"2047",-1816.429
"2048",-1758.806
"2049",-1792.337
"2050",-1791.435
"2051",-1783.872
"2052",-1742.149
"2053",-1831.896
"2054",-1668.477
"2055",-1795.284
"2056",-1706.031
"2057",-1763.77
"2058",-1722.429
"2059",-1860.148
"2060",-1787.345
"2061",-1711.469
"2062",-1799.134
"2063",-1680.102
"2064",-1757.179
"2065",-1693.547
"2066",-1737.826
"2067",-1821.608
"2068",-1701.976
"2069",-1831.531
"2070",-1794.972
"2071",-1871.705
"2072",-1756.127
"2073",-1864.136
"2074",-1817.015
"2075",-1816.562
"2076",-1697.398
"2077",-1681.071
"2078",-1723.305
"2079",-1668.46
"2080",-1810.405
"2081",-1906.215
"2082",-1711.23
"2083",-1754.276
"2084",-1694.426
"2085",-1767.464
"2086",-1718.721
"2087",-1808.375
"2088",-1757.405
"2089",-1729.313
"2090",-1803.996
"2091",-1843.744
"2092",-1739.009
"2093",-1767.591
"2094",-1762.272
"2095",-1779.818
"2096",-1711.98
"2097",-1658.114
"2098",-1828.764
"2099",-1845.156
"2100",-1930.742
"2101",-1755.964
"2102",-1834.435
"2103",-1825.376
"2104",-1797.351
"2105",-1804.435
"2106",-1825.861
"2107",-1731.498
"2108",-1758.513
"2109",-1833.047
"2110",-1743.167
"2111",-1769.276
"2112",-1768.208
"2113",-1883.696
"2114",-1849.937
"2115",-1772.669
"2116",-1726.455
"2117",-1723.581
"2118",-1751.226
"2119",-1710.724
"2120",-1831.244
"2121",-1755.505
"2122",-1663.257
"2123",-1674.061
"2124",-1873.386
"2125",-1790
"2126",-1793.118
"2127",-1727.625
"2128",-1708.774
"2129",-1785.446
"2130",-1905.883
"2131",-1661.434
"2132",-1861.065
"2133",-1808.482
"2134",-1766.77
"2135",-1824.039
"2136",-1873.293
"2137",-1837.324
"2138",-1689.82
"2139",-1780.998
"2140",-1758.099
"2141",-1821.626
"2142",-1719.236
"2143",-1724.616
"2144",-1751.2
"2145",-1779.203
"2146",-1755.894
"2147",-1810.892
"2148",-1774.348
"2149",-1675.208
"2150",-1729.521
"2151",-1742.668
"2152",-1866.237
"2153",-1889.159
"2154",-1792.294
"2155",-1735.711
"2156",-1804.308
"2157",-1660.785
"2158",-1743.668
"2159",-1791.205
"2160",-1702.265
"2161",-1650.068
"2162",-1778.541
"2163",-1874.366
"2164",-1676.844
"2165",-1866.866
"2166",-1881.86
"2167",-1889.792
"2168",-1822.742
"2169",-1747.817
"2170",-1689.129
"2171",-1727.617
"2172",-1785.388
"2173",-1839.585
"2174",-1762.766
"2175",-1762.448
"2176",-1757.311
"2177",-1816.289
"2178",-1743.404
"2179",-1673.028
"2180",-1775.655
"2181",-1882.461
"2182",-1767.584
"2183",-1789.552
"2184",-1859.906
"2185",-1710.433
"2186",-1727.08
"2187",-1787.805
"2188",-1708.581
"2189",-1802.8
"2190",-1684.629
"2191",-1667.084
"2192",-1720.164
"2193",-1857.899
"2194",-1705.714
"2195",-1646.885
"2196",-1862.823
"2197",-1829.372
"2198",-1762.957
"2199",-1744.929
"2200",-1774.399
"2201",-1736.55
"2202",-1768.594
"2203",-1755.911
"2204",-1829.345
"2205",-1605.587
"2206",-1775.33
"2207",-1712.447
"2208",-1828.507
"2209",-1744.403
"2210",-1743.728
"2211",-1731.191
"2212",-1783.547
"2213",-1771.493
"2214",-1685.081
"2215",-1848.633
"2216",-1941.107
"2217",-1825.832
"2218",-1778.092
"2219",-1701.014
"2220",-1775.958
"2221",-1791.825
"2222",-1763.837
"2223",-1792.587
"2224",-1690.166
"2225",-1766.336
"2226",-1807.712
"2227",-1853.809
"2228",-1830.866
"2229",-1709.184
"2230",-1748.784
"2231",-1861.714
"2232",-1844.898
"2233",-1790.887
"2234",-1813.92
"2235",-1875.599
"2236",-1810.631
"2237",-1827.325
"2238",-1822.303
"2239",-1774.911
"2240",-1892.543
"2241",-1690.219
"2242",-1914.473
"2243",-1722.447
"2244",-1905.266
"2245",-1694.868
"2246",-1704.301
"2247",-1727.914
"2248",-1693.093
"2249",-1826.042
"2250",-1857.362
"2251",-1770.723
"2252",-1717.542
"2253",-1721.348
"2254",-1764.792
"2255",-1811.027
"2256",-1823.961
"2257",-1759.011
"2258",-1860.837
"2259",-1782.917
"2260",-1930.826
"2261",-1807.856
"2262",-1807.68
"2263",-1743.878
"2264",-1812.675
"2265",-1782.273
"2266",-1726.275
"2267",-1802.086
"2268",-1708.527
"2269",-1811.354
"2270",-1725.366
"2271",-1778.582
"2272",-1866.635
"2273",-1923.842
"2274",-1871.613
"2275",-1851.423
"2276",-1727.118
"2277",-1714.757
"2278",-1707.591
"2279",-1747.219
"2280",-1806.302
"2281",-1717.229
"2282",-1828.106
"2283",-1678.157
"2284",-1806.175
"2285",-1777.113
"2286",-1743.346
"2287",-1807.046
"2288",-1703.889
"2289",-1779.224
"2290",-1695.76
"2291",-1802.546
"2292",-1697.975
"2293",-1778.444
"2294",-1739.089
"2295",-1710.07
"2296",-1817.555
"2297",-1742.271
"2298",-1793.521
"2299",-1856.387
"2300",-1837.17
"2301",-1806.044
"2302",-1810.069
"2303",-1667.609
"2304",-1741.13
"2305",-1884.175
"2306",-1781.58
"2307",-1788.548
"2308",-1776.011
"2309",-1914.852
"2310",-1757.684
"2311",-1860.712
"2312",-1762.622
"2313",-1751.455
"2314",-1736.673
"2315",-1711.116
"2316",-1747.109
"2317",-1762.314
"2318",-1749.699
"2319",-1778.265
"2320",-1705.266
"2321",-1655.009
"2322",-1781.547
"2323",-1537.729
"2324",-1876.725
"2325",-1836.589
"2326",-1787.268
"2327",-1780.556
"2328",-1803.517
"2329",-1797.595
"2330",-1813.962
"2331",-1886.328
"2332",-1737.918
"2333",-1683.813
"2334",-1863.801
"2335",-1791.806
"2336",-1686.537
"2337",-1678.881
"2338",-1808.139
"2339",-1774.339
"2340",-1888.123
"2341",-1838.186
"2342",-1819.436
"2343",-1743.081
"2344",-1962.703
"2345",-1790.984
"2346",-1689.915
"2347",-1859.17
"2348",-1821.597
"2349",-1847.791
"2350",-1781.085
"2351",-1780.539
"2352",-1793.937
"2353",-1695.365
"2354",-1801.926
"2355",-1829.916
"2356",-1750.013
"2357",-1731.355
"2358",-1705.88
"2359",-1721.895
"2360",-1855.887
"2361",-1709.311
"2362",-1633.404
"2363",-1833.46
"2364",-1672.963
"2365",-1718.376
"2366",-1767.455
"2367",-1830.484
"2368",-1762.168
"2369",-1862.594
"2370",-1716.721
"2371",-1772.98
"2372",-1753.157
"2373",-1865.724
"2374",-1712.527
"2375",-1782.301
"2376",-1762.98
"2377",-1744.051
"2378",-1721.685
"2379",-1674.876
"2380",-1693.464
"2381",-1656.235
"2382",-1650.241
"2383",-1805.991
"2384",-1764.477
"2385",-1849.431
"2386",-1673.082
"2387",-1847.18
"2388",-1681.33
"2389",-1811.737
"2390",-1815.863
"2391",-1860.334
"2392",-1876.052
"2393",-1873.472
"2394",-1634.313
"2395",-1745.182
"2396",-1821.972
"2397",-1727.945
"2398",-1768.593
"2399",-1739.792
"2400",-1767.712
"2401",-1826.569
"2402",-1719.172
"2403",-1879.493
"2404",-1734.426
"2405",-1721.959
"2406",-1795.644
"2407",-1757.216
"2408",-1735.263
"2409",-1732.69
"2410",-1802.192
"2411",-1783.178
"2412",-1831.178
"2413",-1757.548
"2414",-1855.137
"2415",-1970.554
"2416",-1806.986
"2417",-1845.19
"2418",-1657.399
"2419",-1672.253
"2420",-1684.457
"2421",-1804.747
"2422",-1765.404
"2423",-1913.819
"2424",-1662.597
"2425",-1808.122
"2426",-1866.508
"2427",-1717.548
"2428",-1746.958
"2429",-1809.71
"2430",-1759.921
"2431",-1823.216
"2432",-1665.612
"2433",-1826.055
"2434",-1773.042
"2435",-1831.724
"2436",-1788.556
"2437",-1766.305
"2438",-1717.774
"2439",-1759.892
"2440",-1667.254
"2441",-1832.849
"2442",-1779.061
"2443",-1757.905
"2444",-1777.866
"2445",-1810.134
"2446",-1765.81
"2447",-1731.611
"2448",-1632.542
"2449",-1813.925
"2450",-1776.228
"2451",-1712.628
"2452",-1846.636
"2453",-1776.879
"2454",-1806.047
"2455",-1748.695
"2456",-1827.231
"2457",-1781.95
"2458",-1849.986
"2459",-1855.227
"2460",-1691.641
"2461",-1770.446
"2462",-1770.139
"2463",-1680.169
"2464",-1813.65
"2465",-1810.132
"2466",-1759.87
"2467",-1692.763
"2468",-1846.562
"2469",-1788.637
"2470",-1793.803
"2471",-1686.643
"2472",-1725.385
"2473",-1794.354
"2474",-1843.763
"2475",-1876.666
"2476",-1772.532
"2477",-1737.089
"2478",-1763.999
"2479",-1806.523
"2480",-1805.699
"2481",-1799.156
"2482",-1763.388
"2483",-1731.773
"2484",-1770.674
"2485",-1806.917
"2486",-1774.027
"2487",-1816.341
"2488",-1829.082
"2489",-1830.877
"2490",-1751.572
"2491",-1623.324
"2492",-1875.84
"2493",-1795.924
"2494",-1701.851
"2495",-1771.845
"2496",-1785.106
"2497",-1820.494
"2498",-1714.149
"2499",-1727.779
"2500",-1802.059
"2501",-1810.562
"2502",-1788.05
"2503",-1849.971
"2504",-1771.375
"2505",-1806.1
"2506",-1677.373
"2507",-1697.429
"2508",-1931.711
"2509",-1752.1
"2510",-1703.13
"2511",-1777.488
"2512",-1777.052
"2513",-1809.691
"2514",-1852.91
"2515",-1704.566
"2516",-1847.358
"2517",-1717.971
"2518",-1748.551
"2519",-1807.853
"2520",-1809.419
"2521",-1830.592
"2522",-1918.333
"2523",-1834.584
"2524",-1674.86
"2525",-1729.384
"2526",-1678.318
"2527",-1782.991
"2528",-1731.667
"2529",-1876.575
"2530",-1664.637
"2531",-1832.049
"2532",-1902.513
"2533",-1886.799
"2534",-1938.017
"2535",-1906.835
"2536",-1796.884
"2537",-1694.996
"2538",-1751.437
"2539",-1673
"2540",-1759.978
"2541",-1777.506
"2542",-1708.545
"2543",-1811.222
"2544",-1664.009
"2545",-1788.267
"2546",-1615.792
"2547",-1701.152
"2548",-1842.202
"2549",-1798.362
"2550",-1806.314
"2551",-1735.416
"2552",-1819.028
"2553",-1775.063
"2554",-1796.309
"2555",-1696.297
"2556",-1654.098
"2557",-1776.358
"2558",-1762.526
"2559",-1810.932
"2560",-1667.803
"2561",-1793.058
"2562",-1888.252
"2563",-1729.128
"2564",-1707.011
"2565",-1900.964
"2566",-1884.207
"2567",-1814.585
"2568",-1743.317
"2569",-1657.08
"2570",-1747.31
"2571",-1807.598
"2572",-1739.459
"2573",-1777.521
"2574",-1707.662
"2575",-1846.779
"2576",-1853.543
"2577",-1730.415
"2578",-1749.475
"2579",-1785.96
"2580",-1745.836
"2581",-1764.224
"2582",-1786.949
"2583",-1780.019
"2584",-1770.141
"2585",-1797.761
"2586",-1844.055
"2587",-1760.28
"2588",-1770.544
"2589",-1733.568
"2590",-1766.891
"2591",-1844.697
"2592",-1721.912
"2593",-1813.9
"2594",-1684.145
"2595",-1750.762
"2596",-1714.05
"2597",-1838.441
"2598",-1770.348
"2599",-1775.125
"2600",-1680.577
"2601",-1773.545
"2602",-1840.844
"2603",-1732.799
"2604",-1647.029
"2605",-1729.238
"2606",-1836.062
"2607",-1753.952
"2608",-1827.316
"2609",-1845.112
"2610",-1809.283
"2611",-1849.493
"2612",-1661.741
"2613",-1773.651
"2614",-1832.761
"2615",-1751.192
"2616",-1757.833
"2617",-1743.35
"2618",-1688.743
"2619",-1833.132
"2620",-1782.782
"2621",-1675.088
"2622",-1789.148
"2623",-1690.462
"2624",-1763.408
"2625",-1728.425
"2626",-1763.912
"2627",-1724.424
"2628",-1783.663
"2629",-1687.711
"2630",-1771.093
"2631",-1740.781
"2632",-1662.577
"2633",-1722.038
"2634",-1718.225
"2635",-1634.45
"2636",-1807.347
"2637",-1770.666
"2638",-1812.779
"2639",-1793.402
"2640",-1897.451
"2641",-1714.695
"2642",-1791.724
"2643",-1793.341
"2644",-1757.459
"2645",-1814.078
"2646",-1723.456
"2647",-1690.69
"2648",-1842.894
"2649",-1670.198
"2650",-1791.55
"2651",-1707.372
"2652",-1794.866
"2653",-1832.964
"2654",-1750.76
"2655",-1800.528
"2656",-1721.687
"2657",-1736.831
"2658",-1720.463
"2659",-1797.93
"2660",-1815.671
"2661",-1785.528
"2662",-1765.878
"2663",-1642.592
"2664",-1748.966
"2665",-1820.776
"2666",-1657.322
"2667",-1775.761
"2668",-1797.422
"2669",-1809.906
"2670",-1908.501
"2671",-1885.871
"2672",-1777.155
"2673",-1796.71
"2674",-1822.674
"2675",-1817.474
"2676",-1725.131
"2677",-1719.34
"2678",-1739.956
"2679",-1695.091
"2680",-1755.867
"2681",-1804.87
"2682",-1817.939
"2683",-1851.816
"2684",-1837.926
"2685",-1583.203
"2686",-1819.789
"2687",-1804.224
"2688",-1656.009
"2689",-1785.93
"2690",-1781.985
"2691",-1716.251
"2692",-1880.394
"2693",-1854.007
"2694",-1795.759
"2695",-1757.893
"2696",-1692.691
"2697",-1826.884
"2698",-1724.63
"2699",-1788.839
"2700",-1740.086
"2701",-1825.091
"2702",-1751.532
"2703",-1801.569
"2704",-1886.662
"2705",-1815.626
"2706",-1700.934
"2707",-1770.845
"2708",-1754.36
"2709",-1822.885
"2710",-1824.325
"2711",-1693.343
"2712",-1867.967
"2713",-1806.109
"2714",-1811.792
"2715",-1811.809
"2716",-1762.787
"2717",-1661.917
"2718",-1779.65
"2719",-1865.678
"2720",-1810.901
"2721",-1740.563
"2722",-1793.727
"2723",-1953.664
"2724",-1758.988
"2725",-1887.633
"2726",-1721.11
"2727",-1780.535
"2728",-1739.701
"2729",-1787.186
"2730",-1780.368
"2731",-1744.365
"2732",-1687.62
"2733",-1802.974
"2734",-1808.672
"2735",-1824.905
"2736",-1825.403
"2737",-1782.848
"2738",-1729.286
"2739",-1888.999
"2740",-1807.541
"2741",-1804.466
"2742",-1955.444
"2743",-1732.711
"2744",-1684.81
"2745",-1746.541
"2746",-1739.596
"2747",-1692.988
"2748",-1750.497
"2749",-1775.969
"2750",-1865.367
"2751",-1846.885
"2752",-1804.981
"2753",-1643.033
"2754",-1738.128
"2755",-1749.301
"2756",-1721.409
"2757",-1744.302
"2758",-1854.339
"2759",-1678.445
"2760",-1818.238
"2761",-1897.456
"2762",-1769.965
"2763",-1764.609
"2764",-1792.626
"2765",-1770.004
"2766",-1879.925
"2767",-1824.191
"2768",-1728.183
"2769",-1940.478
"2770",-1768.745
"2771",-1813.313
"2772",-1778.867
"2773",-1881.842
"2774",-1784.709
"2775",-1733.918
"2776",-1817.59
"2777",-1788.929
"2778",-1613.855
"2779",-1764.027
"2780",-1705.896
"2781",-1795.172
"2782",-1782.192
"2783",-1736.767
"2784",-1779.029
"2785",-1761.858
"2786",-1683.917
"2787",-1806.009
"2788",-1749.358
"2789",-1857.3
"2790",-1902.302
"2791",-1834.705
"2792",-1724.951
"2793",-1851.066
"2794",-1788.515
"2795",-1930.474
"2796",-1750.423
"2797",-1765.796
"2798",-1708.635
"2799",-1789.786
"2800",-1683.897
"2801",-1714.04
"2802",-1778.789
"2803",-1791.306
"2804",-1764.48
"2805",-1737.67
"2806",-1871.683
"2807",-1778.69
"2808",-1635.27
"2809",-1697.167
"2810",-1863.529
"2811",-1778.887
"2812",-1698.607
"2813",-1798.666
"2814",-1852.44
"2815",-1668.734
"2816",-1893.352
"2817",-1859.89
"2818",-1736.375
"2819",-1764.624
"2820",-1885.766
"2821",-1850.42
"2822",-1770.742
"2823",-1811.491
"2824",-1766.71
"2825",-1675.806
"2826",-1798.815
"2827",-1797.535
"2828",-1782.899
"2829",-1714.72
"2830",-1626.905
"2831",-1772.641
"2832",-1747.662
"2833",-1796.729
"2834",-1684.355
"2835",-1967.506
"2836",-1824.086
"2837",-1803.683
"2838",-1855.128
"2839",-1715.238
"2840",-1905.414
"2841",-1852.72
"2842",-1732.004
"2843",-1644.805
"2844",-1794.124
"2845",-1853.19
"2846",-1698.275
"2847",-1699.264
"2848",-1656.543
"2849",-1751.335
"2850",-1800.236
"2851",-1655.509
"2852",-1741.172
"2853",-1816.932
"2854",-1755.469
"2855",-1805.551
"2856",-1778.865
"2857",-1732.67
"2858",-1804.51
"2859",-1763.458
"2860",-1770.153
"2861",-1665.372
"2862",-1815.473
"2863",-1705.347
"2864",-1794.537
"2865",-1827.352
"2866",-1736.709
"2867",-1694.754
"2868",-1887.687
"2869",-1658.512
"2870",-1855.091
"2871",-1853.646
"2872",-1801.018
"2873",-1706.795
"2874",-1760.268
"2875",-1887.131
"2876",-1892.621
"2877",-1814.788
"2878",-1787.124
"2879",-1802.017
"2880",-1822.282
"2881",-1778.639
"2882",-1859.315
"2883",-1785.22
"2884",-1962.483
"2885",-1743.923
"2886",-1710.129
"2887",-1776.015
"2888",-1697.011
"2889",-1710.702
"2890",-1738.445
"2891",-1814.424
"2892",-1789.279
"2893",-1782.512
"2894",-1702.845
"2895",-1679.924
"2896",-1799.822
"2897",-1775.113
"2898",-1699.96
"2899",-1719.311
"2900",-1671.166
"2901",-1716.579
"2902",-1798.236
"2903",-1752.471
"2904",-1819.153
"2905",-1852.54
"2906",-1708.251
"2907",-1840.264
"2908",-1893.124
"2909",-1801.551
"2910",-1756.417
"2911",-1704.599
"2912",-1714.639
"2913",-1720.233
"2914",-1843.882
"2915",-1815.973
"2916",-1726.192
"2917",-1807.903
"2918",-1754.151
"2919",-1746.457
"2920",-1828.021
"2921",-1666.351
"2922",-1836.94
"2923",-1829.119
"2924",-1748.501
"2925",-1853.374
"2926",-1727.544
"2927",-1887.46
"2928",-1732.099
"2929",-1762.673
"2930",-1734.112
"2931",-1852.135
"2932",-1892.756
"2933",-1751.431
"2934",-1834.8
"2935",-1770.691
"2936",-1733.254
"2937",-1721.718
"2938",-1794.65
"2939",-1731.232
"2940",-1818.048
"2941",-1915.717
"2942",-1726.726
"2943",-1742.234
"2944",-1836.437
"2945",-1698.314
"2946",-1713.762
"2947",-1700.021
"2948",-1782.382
"2949",-1778.713
"2950",-1852.533
"2951",-1753.438
"2952",-1799.941
"2953",-1822.095
"2954",-1723.415
"2955",-1803.657
"2956",-1869.334
"2957",-1743.674
"2958",-1788.15
"2959",-1844.53
"2960",-1727.729
"2961",-1747.503
"2962",-1702.986
"2963",-1831.555
"2964",-1704.09
"2965",-1747.428
"2966",-1777.328
"2967",-1734.042
"2968",-1808.467
"2969",-1757.237
"2970",-1756.176
"2971",-1662.156
"2972",-1685.986
"2973",-1864.772
"2974",-1751.542
"2975",-1816.744
"2976",-1680.065
"2977",-1788.99
"2978",-1714.291
"2979",-1737.447
"2980",-1772.074
"2981",-1661.931
"2982",-1774.194
"2983",-1725.725
"2984",-1815.089
"2985",-1949.217
"2986",-1788.601
"2987",-1794.176
"2988",-1794.855
"2989",-1898.818
"2990",-1741.536
"2991",-1766.408
"2992",-1810.669
"2993",-1790.02
"2994",-1710.806
"2995",-1609.568
"2996",-1848.084
"2997",-1889.551
"2998",-1775.106
"2999",-1785.201
"3000",-1753.727
"3001",-1809.94
"3002",-1667.128
"3003",-1757.148
"3004",-1754.736
"3005",-1715.376
"3006",-1759.393
"3007",-1734.997
"3008",-1759.267
"3009",-1722.287
"3010",-1840.16
"3011",-1871.027
"3012",-1734.378
"3013",-1820.845
"3014",-1738.724
"3015",-1676.171
"3016",-1766.824
"3017",-1820.142
"3018",-1731.318
"3019",-1648.227
"3020",-1889.713
"3021",-1758.685
"3022",-1805.396
"3023",-1710.57
"3024",-1643.807
"3025",-1823.963
"3026",-1764.196
"3027",-1804.997
"3028",-1763.899
"3029",-1726.247
"3030",-1807.375
"3031",-1772.382
"3032",-1788.58
"3033",-1895.686
"3034",-1840.017
"3035",-1846.698
"3036",-1731.081
"3037",-1751.017
"3038",-1724.797
"3039",-1792.912
"3040",-1794.454
"3041",-1714.165
"3042",-1860.918
"3043",-1774.438
"3044",-1903.049
"3045",-1848.417
"3046",-1764.522
"3047",-1718.605
"3048",-1744.025
"3049",-1788.66
"3050",-1832.057
"3051",-1822.24
"3052",-1686.797
"3053",-1800.94
"3054",-1799.907
"3055",-1656.153
"3056",-1754.909
"3057",-1773.159
"3058",-1705.074
"3059",-1808.76
"3060",-1763.919
"3061",-1807.698
"3062",-1727.729
"3063",-1812.069
"3064",-1791.362
"3065",-1780.564
"3066",-1743.616
"3067",-1720.989
"3068",-1684.664
"3069",-1690.021
"3070",-1802.001
"3071",-1757.535
"3072",-1754.73
"3073",-1789.33
"3074",-1721.598
"3075",-1822.149
"3076",-1762.536
"3077",-1841.722
"3078",-1716.699
"3079",-1772.85
"3080",-1831.366
"3081",-1723.404
"3082",-1781.492
"3083",-1722.691
"3084",-1778.225
"3085",-1758.596
"3086",-1875.589
"3087",-1820.194
"3088",-1708.046
"3089",-1743.79
"3090",-1771.088
"3091",-1758.731
"3092",-1747.917
"3093",-1792.249
"3094",-1853.201
"3095",-1666.155
"3096",-1852.217
"3097",-1882.491
"3098",-1877.502
"3099",-1784.068
"3100",-1771.8
"3101",-1772.653
"3102",-1820.084
"3103",-1765.062
"3104",-1772.422
"3105",-1841.186
"3106",-1717.956
"3107",-1846.672
"3108",-1710.042
"3109",-1693.233
"3110",-1877.891
"3111",-1668.91
"3112",-1734.568
"3113",-1721.286
"3114",-1810.037
"3115",-1780.09
"3116",-1780.481
"3117",-1746.442
"3118",-1753.516
"3119",-1701.787
"3120",-1719.458
"3121",-1832.257
"3122",-1882.436
"3123",-1666.617
"3124",-1796.199
"3125",-1812.235
"3126",-1784.253
"3127",-1764.523
"3128",-1825.608
"3129",-1786.481
"3130",-1790.162
"3131",-1687.916
"3132",-1843.188
"3133",-1743.548
"3134",-1792.435
"3135",-1726.491
"3136",-1816.165
"3137",-1783.294
"3138",-1772.942
"3139",-1729.736
"3140",-1767.169
"3141",-1750.57
"3142",-1740.055
"3143",-1833.139
"3144",-1703.274
"3145",-1817.031
"3146",-1831.385
"3147",-1772.208
"3148",-1864.641
"3149",-1797.214
"3150",-1769.186
"3151",-1694.122
"3152",-1710.218
"3153",-1748.65
"3154",-1787.605
"3155",-1864.352
"3156",-1761.823
"3157",-1810.177
"3158",-1655.882
"3159",-1713.889
"3160",-1870.964
"3161",-1908.084
"3162",-1793.744
"3163",-1658.327
"3164",-1828.897
"3165",-1747.676
"3166",-1751.766
"3167",-1777.377
"3168",-1774.514
"3169",-1879.844
"3170",-1771.526
"3171",-1757.572
"3172",-1891.123
"3173",-1764.978
"3174",-1714.593
"3175",-1576.668
"3176",-1699.316
"3177",-1802.081
"3178",-1782.909
"3179",-1729.855
"3180",-1772.326
"3181",-1673.726
"3182",-1786.996
"3183",-1952.214
"3184",-1783.637
"3185",-1795.339
"3186",-1692.634
"3187",-1770.333
"3188",-1746.983
"3189",-1787.485
"3190",-1754.194
"3191",-1879.033
"3192",-1765.536
"3193",-1736.401
"3194",-1729.824
"3195",-1836.156
"3196",-1741.436
"3197",-1773.438
"3198",-1724.946
"3199",-1641.419
"3200",-1770.608
"3201",-1818.994
"3202",-1744.991
"3203",-1701.639
"3204",-1790.568
"3205",-1768.537
"3206",-1813.549
"3207",-1702.855
"3208",-1857.129
"3209",-1809.288
"3210",-1797.979
"3211",-1775.656
"3212",-1678.615
"3213",-1872.526
"3214",-1767.611
"3215",-1736.27
"3216",-1730.031
"3217",-1734.841
"3218",-1781.551
"3219",-1823.295
"3220",-1840.942
"3221",-1702.666
"3222",-1850.767
"3223",-1828.72
"3224",-1678.568
"3225",-1788.168
"3226",-1872.961
"3227",-1738.144
"3228",-1797.48
"3229",-1727.28
"3230",-1729.174
"3231",-1710.556
"3232",-1616.572
"3233",-1672.21
"3234",-1763.673
"3235",-1793.924
"3236",-1789.136
"3237",-1714.387
"3238",-1697.511
"3239",-1691.406
"3240",-1789.609
"3241",-1799.685
"3242",-1790.216
"3243",-1760.068
"3244",-1788.495
"3245",-1696.66
"3246",-1892.094
"3247",-1870.589
"3248",-1709.995
"3249",-1727.628
"3250",-1663.212
"3251",-1971.488
"3252",-1649.878
"3253",-1846.567
"3254",-1694.94
"3255",-1853.021
"3256",-1692.203
"3257",-1772.393
"3258",-1749.779
"3259",-1721.604
"3260",-1803.242
"3261",-1633.218
"3262",-1839.607
"3263",-1838.898
"3264",-1723.751
"3265",-1730.204
"3266",-1733.659
"3267",-1844.784
"3268",-1678.153
"3269",-1824.523
"3270",-1784.075
"3271",-1781.441
"3272",-1819.576
"3273",-1870.343
"3274",-1663.878
"3275",-1784.796
"3276",-1786.268
"3277",-1781.08
"3278",-1798.288
"3279",-1693.681
"3280",-1696.203
"3281",-1731.356
"3282",-1732.509
"3283",-1730.872
"3284",-1866.785
"3285",-1722.596
"3286",-1776.692
"3287",-1806.554
"3288",-1735.189
"3289",-1765.081
"3290",-1878.822
"3291",-1799.823
"3292",-1670.798
"3293",-1893.805
"3294",-1712.182
"3295",-1783.576
"3296",-1734.074
"3297",-1858.342
"3298",-1812.008
"3299",-1744.36
"3300",-1681.041
"3301",-1895.814
"3302",-1778.877
"3303",-1748.833
"3304",-1683.017
"3305",-1793.516
"3306",-1879.045
"3307",-1880.749
"3308",-1833.72
"3309",-1752.596
"3310",-1785.182
"3311",-1787.956
"3312",-1750.841
"3313",-1773.704
"3314",-1845.738
"3315",-1838.312
"3316",-1755.408
"3317",-1769.37
"3318",-1896.35
"3319",-1788.656
"3320",-1782.27
"3321",-1758.05
"3322",-1680.497
"3323",-1675.278
"3324",-1786.976
"3325",-1815.215
"3326",-1868.313
"3327",-1872.665
"3328",-1787.342
"3329",-1696.485
"3330",-1737.315
"3331",-1742.321
"3332",-1904.262
"3333",-1734.252
"3334",-1699.517
"3335",-1684.105
"3336",-1858.368
"3337",-1905.465
"3338",-1753.815
"3339",-1855.074
"3340",-1798.404
"3341",-1808.632
"3342",-1717.078
"3343",-1854.179
"3344",-1823.974
"3345",-1652.533
"3346",-1772.373
"3347",-1795.824
"3348",-1789.011
"3349",-1792.242
"3350",-1767.333
"3351",-1900.427
"3352",-1885.655
"3353",-1760.12
"3354",-1723.373
"3355",-1780.931
"3356",-1695.471
"3357",-1738.389
"3358",-1749.26
"3359",-1767.639
"3360",-1757.858
"3361",-1670.569
"3362",-1931.611
"3363",-1826.493
"3364",-1786.552
"3365",-1744.97
"3366",-1798.985
"3367",-1768.885
"3368",-1743.683
"3369",-1746.33
"3370",-1872.207
"3371",-1742.317
"3372",-1837.862
"3373",-1731.692
"3374",-1872.377
"3375",-1760.712
"3376",-1764.22
"3377",-1746.552
"3378",-1790.083
"3379",-1799.806
"3380",-1774.087
"3381",-1844.002
"3382",-1729.149
"3383",-1885.522
"3384",-1740.713
"3385",-1742.442
"3386",-1678.365
"3387",-1769.174
"3388",-1917.802
"3389",-1784.987
"3390",-1819.908
"3391",-1755.448
"3392",-1803.704
"3393",-1807.61
"3394",-1717.038
"3395",-1887.461
"3396",-1779.105
"3397",-1817.427
"3398",-1595.07
"3399",-1757.037
"3400",-1851.263
"3401",-1855.816
"3402",-1644.417
"3403",-1711.87
"3404",-1799.363
"3405",-1739.787
"3406",-1806.029
"3407",-1930.505
"3408",-1775.056
"3409",-1822.282
"3410",-1787.634
"3411",-1852.913
"3412",-1811.74
"3413",-1675.372
"3414",-1808.941
"3415",-1703.089
"3416",-1710.081
"3417",-1654.006
"3418",-1810.212
"3419",-1792.68
"3420",-1796.028
"3421",-1782.19
"3422",-1753.568
"3423",-1765.062
"3424",-1872.259
"3425",-1888.544
"3426",-1828.239
"3427",-1716.363
"3428",-1881.109
"3429",-1667.621
"3430",-1741.922
"3431",-1726.71
"3432",-1726.644
"3433",-1832.381
"3434",-1796.503
"3435",-1737.029
"3436",-1732.819
"3437",-1791.844
"3438",-1774.263
"3439",-1778.509
"3440",-1946.771
"3441",-1758.103
"3442",-1741.961
"3443",-1792.447
"3444",-1889.166
"3445",-1746.695
"3446",-1696.313
"3447",-1730.403
"3448",-1655.407
"3449",-1775.106
"3450",-1799.59
"3451",-1702.261
"3452",-1762.265
"3453",-1759.639
"3454",-1809.701
"3455",-1836.119
"3456",-1736.712
"3457",-1851.546
"3458",-1742.652
"3459",-1846.5
"3460",-1686.936
"3461",-1828.445
"3462",-1822.934
"3463",-1599.456
"3464",-1718.048
"3465",-1732.721
"3466",-1811.825
"3467",-1717.373
"3468",-1727.056
"3469",-1671.798
"3470",-1800.285
"3471",-1738.915
"3472",-1711.881
"3473",-1830.401
"3474",-1830.171
"3475",-1792.23
"3476",-1932.262
"3477",-1775.654
"3478",-1763.398
"3479",-1866.089
"3480",-1845.834
"3481",-1789.283
"3482",-1765.393
"3483",-1757.461
"3484",-1701.667
"3485",-1768.123
"3486",-1805.566
"3487",-1781.939
"3488",-1670.58
"3489",-1765.696
"3490",-1889.784
"3491",-1749.344
"3492",-1791.293
"3493",-1807.587
"3494",-1851.247
"3495",-1783.82
"3496",-1854.151
"3497",-1813.832
"3498",-1817.208
"3499",-1809.174
"3500",-1901.226
"3501",-1863.404
"3502",-1846.258
"3503",-1768.604
"3504",-1791.122
"3505",-1773.353
"3506",-1741.277
"3507",-1864.707
"3508",-1717.189
"3509",-1774.881
"3510",-1853.243
"3511",-1800.61
"3512",-1796.297
"3513",-1752.348
"3514",-1589.25
"3515",-1775.52
"3516",-1727.638
"3517",-1823.66
"3518",-1724.455
"3519",-1793.44
"3520",-1825.413
"3521",-1722.942
"3522",-1858.643
"3523",-1721.037
"3524",-1857.483
"3525",-1772.348
"3526",-1861.295
"3527",-1717.993
"3528",-1668.434
"3529",-1721.822
"3530",-1718.472
"3531",-1865.909
"3532",-1709.977
"3533",-1742.312
"3534",-1817.857
"3535",-1786.431
"3536",-1771.303
"3537",-1764.829
"3538",-1749.496
"3539",-1817.275
"3540",-1771.293
"3541",-1838.151
"3542",-1705.616
"3543",-1802.048
"3544",-1796.764
"3545",-1729.256
"3546",-1837.586
"3547",-1697.597
"3548",-1664.748
"3549",-1830.788
"3550",-1766.195
"3551",-1822.187
"3552",-1807.267
"3553",-1645.504
"3554",-1820.041
"3555",-1829.814
"3556",-1779.085
"3557",-1908.726
"3558",-1832.669
"3559",-1836.564
"3560",-1787.684
"3561",-1923.577
"3562",-1895.551
"3563",-1854.896
"3564",-1714.732
"3565",-1718.096
"3566",-1816.932
"3567",-1826.778
"3568",-1786.239
"3569",-1771.584
"3570",-1822.436
"3571",-1797.162
"3572",-1763.888
"3573",-1833.855
"3574",-1659.426
"3575",-1808.054
"3576",-1682.965
"3577",-1851.735
"3578",-1733.98
"3579",-1813.475
"3580",-1753.305
"3581",-1697.753
"3582",-1747.391
"3583",-1940.527
"3584",-1766.187
"3585",-1728.545
"3586",-1984.379
"3587",-1784.378
"3588",-1833.796
"3589",-1651.126
"3590",-1814.34
"3591",-1762.088
"3592",-1944.07
"3593",-1738.78
"3594",-1835.015
"3595",-1707.504
"3596",-1827.52
"3597",-1751.479
"3598",-1813.001
"3599",-1819.67
"3600",-1695.865
"3601",-1770.508
"3602",-1739.779
"3603",-1755.907
"3604",-1722.703
"3605",-1743.837
"3606",-1765.292
"3607",-1803.646
"3608",-1754.771
"3609",-1822.697
"3610",-1708.33
"3611",-1768.374
"3612",-1694.043
"3613",-1887.232
"3614",-1750.599
"3615",-1858.46
"3616",-1806.158
"3617",-1769.792
"3618",-1757.542
"3619",-1744.833
"3620",-1850.747
"3621",-1789.571
"3622",-1781.534
"3623",-1892.699
"3624",-1846.82
"3625",-1859.236
"3626",-1816.196
"3627",-1827.174
"3628",-1848.791
"3629",-1825.91
"3630",-1866.513
"3631",-1800.844
"3632",-1784.34
"3633",-1868.138
"3634",-1763.962
"3635",-1713.417
"3636",-1837.636
"3637",-1735.394
"3638",-1786.795
"3639",-1690.167
"3640",-1720.758
"3641",-1613.876
"3642",-1695.489
"3643",-1773.789
"3644",-1765.756
"3645",-1696.182
"3646",-1827.059
"3647",-1752.477
"3648",-1773.448
"3649",-1684.635
"3650",-1831.315
"3651",-1816.203
"3652",-1850.963
"3653",-1772.703
"3654",-1854.26
"3655",-1787.488
"3656",-1907.184
"3657",-1716.137
"3658",-1753.175
"3659",-1846.5
"3660",-1826.762
"3661",-1859.382
"3662",-1763.265
"3663",-1823.79
"3664",-1793.611
"3665",-1815.541
"3666",-1762.663
"3667",-1837.146
"3668",-1906.718
"3669",-1642.707
"3670",-1760.619
"3671",-1890.017
"3672",-1783.057
"3673",-1867.388
"3674",-1857.125
"3675",-1851.997
"3676",-1729.802
"3677",-1923.59
"3678",-1674.037
"3679",-1851.715
"3680",-1878.458
"3681",-1694.403
"3682",-1802.621
"3683",-1849.52
"3684",-1629.772
"3685",-1771.774
"3686",-1765.279
"3687",-1852.056
"3688",-1758.855
"3689",-1708.462
"3690",-1782.643
"3691",-1709.371
"3692",-1789.054
"3693",-1843.639
"3694",-1743.995
"3695",-1647.748
"3696",-1816.096
"3697",-1705.419
"3698",-1690.998
"3699",-1838.538
"3700",-1647.094
"3701",-1845.19
"3702",-1889.886
"3703",-1806.873
"3704",-1803.211
"3705",-1870.893
"3706",-1849.378
"3707",-1723.673
"3708",-1776.761
"3709",-1785.847
"3710",-1799.609
"3711",-1772.291
"3712",-1775.534
"3713",-1792.279
"3714",-1840.611
"3715",-1739.248
"3716",-1728.23
"3717",-1863.692
"3718",-1773.192
"3719",-1677.809
"3720",-1761.102
"3721",-1815.19
"3722",-1887.699
"3723",-1800.981
"3724",-1842.448
"3725",-1717.177
"3726",-1644.526
"3727",-1844.93
"3728",-1811.962
"3729",-1708.771
"3730",-1769.877
"3731",-1946.154
"3732",-1753.252
"3733",-1775.096
"3734",-1787.274
"3735",-1668.291
"3736",-1778.738
"3737",-1722.838
"3738",-1719.789
"3739",-1658.013
"3740",-1781.749
"3741",-1838.772
"3742",-1695.391
"3743",-1750.851
"3744",-1791.755
"3745",-1704.535
"3746",-1759.323
"3747",-1806.642
"3748",-1655.644
"3749",-1825.525
"3750",-1746.643
"3751",-1694.095
"3752",-1821.818
"3753",-1700.01
"3754",-1839.962
"3755",-1733.684
"3756",-1738.173
"3757",-1798
"3758",-1888.166
"3759",-1796.165
"3760",-1720.331
"3761",-1781.044
"3762",-1696.476
"3763",-1744.83
"3764",-1775.662
"3765",-1814.044
"3766",-1776.979
"3767",-1875.253
"3768",-1800.082
"3769",-1767.166
"3770",-1781.683
"3771",-1688.755
"3772",-1740.874
"3773",-1775.772
"3774",-1832.221
"3775",-1781.725
"3776",-1714.804
"3777",-1812.948
"3778",-1745.838
"3779",-1818.595
"3780",-1759.965
"3781",-1705.572
"3782",-1802.215
"3783",-1895.903
"3784",-1815.875
"3785",-1869.203
"3786",-1668.633
"3787",-1775.433
"3788",-1849.023
"3789",-1840.908
"3790",-1693.747
"3791",-1716.977
"3792",-1889.763
"3793",-1774.904
"3794",-1701.545
"3795",-1762.84
"3796",-1868.522
"3797",-1700.075
"3798",-1771.428
"3799",-1823.664
"3800",-1749.335
"3801",-1792.662
"3802",-1742.066
"3803",-1787.274
"3804",-1860.992
"3805",-1707.999
"3806",-1766.2
"3807",-1657.756
"3808",-1866.726
"3809",-1805.849
"3810",-1750.098
"3811",-1865.852
"3812",-1799.59
"3813",-1685.768
"3814",-1709.642
"3815",-1646.177
"3816",-1833.137
"3817",-1717.529
"3818",-1727.452
"3819",-1877.823
"3820",-1799.162
"3821",-1717.972
"3822",-1789.845
"3823",-1795.5
"3824",-1873.207
"3825",-1775.007
"3826",-1890.249
"3827",-1712.579
"3828",-1839.399
"3829",-1731.602
"3830",-1769.107
"3831",-1801.648
"3832",-1835.965
"3833",-1700.987
"3834",-1752.67
"3835",-1707.697
"3836",-1747.96
"3837",-1705.076
"3838",-1824.418
"3839",-1809.282
"3840",-1766.964
"3841",-1734.733
"3842",-1748.829
"3843",-1869.926
"3844",-1734.666
"3845",-1801.066
"3846",-1790.439
"3847",-1767.412
"3848",-1853.461
"3849",-1769.724
"3850",-1658.71
"3851",-1759.759
"3852",-1741.544
"3853",-1834.051
"3854",-1769.472
"3855",-1865.832
"3856",-1755.324
"3857",-1670.816
"3858",-1779.757
"3859",-1815.649
"3860",-1818.414
"3861",-1782.165
"3862",-1926.003
"3863",-1768.15
"3864",-1720.714
"3865",-1876.494
"3866",-1895.87
"3867",-1779.833
"3868",-1828.397
"3869",-1847.91
"3870",-1786.552
"3871",-1834.058
"3872",-1667.027
"3873",-1875.113
"3874",-1874.707
"3875",-1786.144
"3876",-1652.598
"3877",-1792.271
"3878",-1660.847
"3879",-1753.77
"3880",-1840.406
"3881",-1668.348
"3882",-1845.442
"3883",-1707.953
"3884",-1815.253
"3885",-1791.099
"3886",-1862.435
"3887",-1728.667
"3888",-1754.86
"3889",-1777.972
"3890",-1688.774
"3891",-1792.579
"3892",-1772.486
"3893",-1830.528
"3894",-1734.33
"3895",-1941.839
"3896",-1710.876
"3897",-1634.352
"3898",-1781.31
"3899",-1745.445
"3900",-1813.282
"3901",-1852.035
"3902",-1794.047
"3903",-1818.75
"3904",-1753.097
"3905",-1633.147
"3906",-1778.404
"3907",-1776.756
"3908",-1725.619
"3909",-1822.778
"3910",-1634.501
"3911",-1765.061
"3912",-1659.33
"3913",-1638.015
"3914",-1859.245
"3915",-1728.309
"3916",-1742.989
"3917",-1805.325
"3918",-1780.508
"3919",-1810.908
"3920",-1801.85
"3921",-1692.738
"3922",-1718.882
"3923",-1799.887
"3924",-1825.016
"3925",-1808.363
"3926",-1667.213
"3927",-1696.048
"3928",-1640.65
"3929",-1774.396
"3930",-1809.101
"3931",-1677.776
"3932",-1929.971
"3933",-1785.463
"3934",-1731.809
"3935",-1816.252
"3936",-1752.548
"3937",-1765.19
"3938",-1798.099
"3939",-1818.795
"3940",-1760.373
"3941",-1768.39
"3942",-1763.928
"3943",-1816.046
"3944",-1725.238
"3945",-1803.331
"3946",-1719.661
"3947",-1780.191
"3948",-1827.3
"3949",-1798.876
"3950",-1780.284
"3951",-1703.179
"3952",-1880.358
"3953",-1770.842
"3954",-1628.777
"3955",-1743.316
"3956",-1825.217
"3957",-1727.998
"3958",-1762.757
"3959",-1720.336
"3960",-1796.289
"3961",-1686.999
"3962",-1835.613
"3963",-1809.292
"3964",-1826.728
"3965",-1882.552
"3966",-1742.611
"3967",-1756.237
"3968",-1701.904
"3969",-1709.482
"3970",-1797.45
"3971",-1775.812
"3972",-1877.514
"3973",-1791.321
"3974",-1743.916
"3975",-1792.638
"3976",-1768.059
"3977",-1774.362
"3978",-1859.599
"3979",-1784.485
"3980",-1826.301
"3981",-1719.858
"3982",-1694.614
"3983",-1700.365
"3984",-1852.154
"3985",-1669.557
"3986",-1686.234
"3987",-1763.773
"3988",-1750.422
"3989",-1815.836
"3990",-1654.662
"3991",-1689.223
"3992",-1628.563
"3993",-1786.64
"3994",-1917.751
"3995",-1762.778
"3996",-1693.129
"3997",-1889.417
"3998",-1788.944
"3999",-1764.067
"4000",-1818.921
"4001",-1794.037
"4002",-1714.91
"4003",-1735.512
"4004",-1808.832
"4005",-1759.171
"4006",-1714.644
"4007",-1660.69
"4008",-1832
"4009",-1722.601
"4010",-1803.179
"4011",-1812.857
"4012",-1794.099
"4013",-1781.227
"4014",-1751.138
"4015",-1703.741
"4016",-1665.355
"4017",-1855.462
"4018",-1743.487
"4019",-1834.944
"4020",-1756.868
"4021",-1781.972
"4022",-1838.395
"4023",-1781.713
"4024",-1726.436
"4025",-1817.46
"4026",-1788.405
"4027",-1792.034
"4028",-1638.86
"4029",-1797.845
"4030",-1745.423
"4031",-1729.316
"4032",-1943.164
"4033",-1870.116
"4034",-1843.663
"4035",-1774.267
"4036",-1702.508
"4037",-1841.381
"4038",-1860.039
"4039",-1928.908
"4040",-1765.1
"4041",-1828.578
"4042",-1739.953
"4043",-1748.763
"4044",-1773.559
"4045",-1672.883
"4046",-1887.828
"4047",-1804.002
"4048",-1764.284
"4049",-1861.029
"4050",-1802.614
"4051",-1875.283
"4052",-1721.512
"4053",-1807.402
"4054",-1942.296
"4055",-1884.596
"4056",-1822.629
"4057",-1897.637
"4058",-1754.315
"4059",-1833.963
"4060",-1786.878
"4061",-1730.296
"4062",-1839.944
"4063",-1769.617
"4064",-1774.314
"4065",-1685.155
"4066",-1850.75
"4067",-1792.113
"4068",-1758.744
"4069",-1703.024
"4070",-1719.566
"4071",-1814.432
"4072",-1783.944
"4073",-1878.136
"4074",-1899.978
"4075",-1907.588
"4076",-1704.457
"4077",-1773.879
"4078",-1774.177
"4079",-1845.593
"4080",-1805.52
"4081",-1839.855
"4082",-1807.994
"4083",-1925.789
"4084",-1823.414
"4085",-1781.698
"4086",-1845.598
"4087",-1748.514
"4088",-1791.924
"4089",-1777.915
"4090",-1762.272
"4091",-1779.718
"4092",-1829.094
"4093",-1680.589
"4094",-1808.479
"4095",-1814.869
"4096",-1805.823
"4097",-1792.974
"4098",-1768.808
"4099",-1724.767
"4100",-1910.38
"4101",-1850.731
"4102",-1845.857
"4103",-1811.407
"4104",-1775.049
"4105",-1730.035
"4106",-1736.537
"4107",-1696.945
"4108",-1710.005
"4109",-1806.724
"4110",-1752.96
"4111",-1653.331
"4112",-1760.707
"4113",-1775.96
"4114",-1948.918
"4115",-1653.435
"4116",-1782.991
"4117",-1703.458
"4118",-1707.927
"4119",-1754.122
"4120",-1689.87
"4121",-1749.282
"4122",-1731.232
"4123",-1707.916
"4124",-1950.057
"4125",-1633.087
"4126",-1823.183
"4127",-1833.415
"4128",-1842.383
"4129",-1763.067
"4130",-1769.422
"4131",-1829.173
"4132",-1745.223
"4133",-1809.215
"4134",-1710.997
"4135",-1741.084
"4136",-1807.516
"4137",-1738.835
"4138",-1747.82
"4139",-1817.551
"4140",-1760.749
"4141",-1863.385
"4142",-1791.028
"4143",-1816.068
"4144",-1880.941
"4145",-1793.686
"4146",-1875.34
"4147",-1767.477
"4148",-1689.787
"4149",-1903.296
"4150",-1859.593
"4151",-1702.649
"4152",-1777.507
"4153",-1709.105
"4154",-1822.804
"4155",-1841.132
"4156",-1881.036
"4157",-1855.599
"4158",-1903.827
"4159",-1751.394
"4160",-1812.342
"4161",-1842.991
"4162",-1852.601
"4163",-1658.699
"4164",-1743.875
"4165",-1732.042
"4166",-1887.847
"4167",-1750.025
"4168",-1646.075
"4169",-1698.966
"4170",-1770.954
"4171",-1711.266
"4172",-1720.593
"4173",-1825.268
"4174",-1735.831
"4175",-1772.168
"4176",-1739.239
"4177",-1854.821
"4178",-1674.998
"4179",-1795.413
"4180",-1955.246
"4181",-1653.604
"4182",-1826.925
"4183",-1842.73
"4184",-1823.548
"4185",-1727.016
"4186",-1810.041
"4187",-1721.819
"4188",-1784.155
"4189",-1610.637
"4190",-1827.264
"4191",-1765.71
"4192",-1704.11
"4193",-1736.296
"4194",-1732.462
"4195",-1788.855
"4196",-1724.455
"4197",-1754.179
"4198",-1740.334
"4199",-1770.812
"4200",-1751.417
"4201",-1791.821
"4202",-1748.079
"4203",-1696.652
"4204",-1766.725
"4205",-1941.201
"4206",-1816.16
"4207",-1703.028
"4208",-1775.283
"4209",-1851.02
"4210",-1828.102
"4211",-1787.413
"4212",-1829.618
"4213",-1694.83
"4214",-1782.444
"4215",-1777.302
"4216",-1577.081
"4217",-1761.758
"4218",-1723.574
"4219",-1920.054
"4220",-1974.272
"4221",-1696.936
"4222",-1787.922
"4223",-1702.161
"4224",-1664.921
"4225",-1788.597
"4226",-1626.196
"4227",-1706.736
"4228",-1767.883
"4229",-1805.659
"4230",-1745.576
"4231",-1840.659
"4232",-1690.99
"4233",-1795.188
"4234",-1838.461
"4235",-1833.396
"4236",-1813.424
"4237",-1788.666
"4238",-1879.728
"4239",-1805.389
"4240",-1785.414
"4241",-1811.301
"4242",-1843.934
"4243",-1749.943
"4244",-1736.998
"4245",-1777.703
"4246",-1806.97
"4247",-1681.178
"4248",-1777.598
"4249",-1901.741
"4250",-1903.693
"4251",-1677.397
"4252",-1731.3
"4253",-1855.421
"4254",-1765.154
"4255",-1956.72
"4256",-1839.593
"4257",-1743.174
"4258",-1759.594
"4259",-1771.637
"4260",-1783.52
"4261",-1772.113
"4262",-1861.023
"4263",-1783.032
"4264",-1824.666
"4265",-1796.359
"4266",-1581.622
"4267",-1701.183
"4268",-1808.946
"4269",-1866.167
"4270",-1787.809
"4271",-1951.693
"4272",-1851.581
"4273",-1826.405
"4274",-1745.948
"4275",-1722.169
"4276",-1716.445
"4277",-1816.428
"4278",-1782.384
"4279",-1810.204
"4280",-1763.561
"4281",-1723.013
"4282",-1713.46
"4283",-1784.44
"4284",-1703.087
"4285",-1763.918
"4286",-1735.089
"4287",-1820.957
"4288",-1870.985
"4289",-1707.784
"4290",-1757.829
"4291",-1824.831
"4292",-1741.931
"4293",-1838.961
"4294",-1691.342
"4295",-1817.781
"4296",-1741.853
"4297",-1726.713
"4298",-1759.63
"4299",-1705.665
"4300",-1907.241
"4301",-1712.058
"4302",-1725.698
"4303",-1866.775
"4304",-1842.391
"4305",-1754.898
"4306",-1624.999
"4307",-1609.649
"4308",-1736.354
"4309",-1801.959
"4310",-1794.489
"4311",-1819.432
"4312",-1756.654
"4313",-1815.143
"4314",-1777.321
"4315",-1634.843
"4316",-1845.754
"4317",-1802.273
"4318",-1795.823
"4319",-1912.256
"4320",-1700.009
"4321",-1719.227
"4322",-1773.128
"4323",-1699.849
"4324",-1781.62
"4325",-1758.875
"4326",-1810.487
"4327",-1773.358
"4328",-1874.472
"4329",-1778.066
"4330",-1763.843
"4331",-1799.073
"4332",-1895.261
"4333",-1706.771
"4334",-1666.535
"4335",-1912.016
"4336",-1765.224
"4337",-1717.17
"4338",-1821.198
"4339",-1747.378
"4340",-1910.507
"4341",-1835.028
"4342",-1718.447
"4343",-1803.36
"4344",-1690.201
"4345",-1674.855
"4346",-1718.548
"4347",-1822.406
"4348",-1759.417
"4349",-1748.155
"4350",-1623.57
"4351",-1820.689
"4352",-1763.402
"4353",-1841.821
"4354",-1797.607
"4355",-1872.614
"4356",-1798.069
"4357",-1742.582
"4358",-1779.661
"4359",-1865.691
"4360",-1745.846
"4361",-1690.892
"4362",-1720.337
"4363",-1744.898
"4364",-1734.039
"4365",-1669.702
"4366",-1889.803
"4367",-1766.607
"4368",-1815.805
"4369",-1761.63
"4370",-1818.149
"4371",-1830.967
"4372",-1809.021
"4373",-1801.839
"4374",-1843.784
"4375",-1689.271
"4376",-1822.576
"4377",-1762.649
"4378",-1900.776
"4379",-1698.864
"4380",-1752.055
"4381",-1871.76
"4382",-1725.297
"4383",-1811.336
"4384",-1815.351
"4385",-1751.102
"4386",-1770.04
"4387",-1793.424
"4388",-1694.132
"4389",-1747.938
"4390",-1794.936
"4391",-1811.253
"4392",-1737.696
"4393",-1794.838
"4394",-1779.162
"4395",-1789.606
"4396",-1784.613
"4397",-1755.696
"4398",-1686.697
"4399",-1811.152
"4400",-1814.401
"4401",-1765.015
"4402",-1873.325
"4403",-1804.078
"4404",-1585.717
"4405",-1701.542
"4406",-1724.485
"4407",-1822.41
"4408",-1712.05
"4409",-1903.005
"4410",-1796.723
"4411",-1899.402
"4412",-1742.579
"4413",-1829.492
"4414",-1791.436
"4415",-1791.086
"4416",-1691.689
"4417",-1729.969
"4418",-1715.927
"4419",-1744.022
"4420",-1785.42
"4421",-1926.921
"4422",-1742.012
"4423",-1778.148
"4424",-1840.092
"4425",-1830.721
"4426",-1731.728
"4427",-1668.783
"4428",-1899.487
"4429",-1763.106
"4430",-1810.447
"4431",-1842.16
"4432",-1849.337
"4433",-1802.491
"4434",-1771.031
"4435",-1693.457
"4436",-1886.567
"4437",-1719.268
"4438",-1746.767
"4439",-1750.535
"4440",-1773.793
"4441",-1773.551
"4442",-1713.491
"4443",-1649.395
"4444",-1718.471
"4445",-1794.841
"4446",-1715.41
"4447",-1798.278
"4448",-1763.379
"4449",-1803.722
"4450",-1912.108
"4451",-1820.202
"4452",-1870.296
"4453",-1829.486
"4454",-1782.841
"4455",-1817.643
"4456",-1729.968
"4457",-1762.172
"4458",-1831.853
"4459",-1698.768
"4460",-1777.808
"4461",-1865.38
"4462",-1837.307
"4463",-1822.031
"4464",-1800.261
"4465",-1788.639
"4466",-1834.401
"4467",-1686.484
"4468",-1704.871
"4469",-1719.902
"4470",-1831.946
"4471",-1879.222
"4472",-1866.408
"4473",-1838.428
"4474",-1758.479
"4475",-1775.212
"4476",-1762.986
"4477",-1605.534
"4478",-1762.35
"4479",-1680.984
"4480",-1667.382
"4481",-1787.721
"4482",-1710.603
"4483",-1721.022
"4484",-1767.424
"4485",-1829.21
"4486",-1760.132
"4487",-1710.149
"4488",-1675.489
"4489",-1774.171
"4490",-1822.066
"4491",-1747.193
"4492",-1754.083
"4493",-1771.386
"4494",-1705.187
"4495",-1648.117
"4496",-1842.194
"4497",-1810.449
"4498",-1642.169
"4499",-1777.848
"4500",-1783.603
"4501",-1760.842
"4502",-1755.703
"4503",-1746.6
"4504",-1754.921
"4505",-1843.097
"4506",-1707.627
"4507",-1691.758
"4508",-1800.203
"4509",-1822.832
"4510",-1904.451
"4511",-1808.622
"4512",-1748.664
"4513",-1788.053
"4514",-1748.652
"4515",-1774.299
"4516",-1743.32
"4517",-1636.703
"4518",-1805.424
"4519",-1769.852
"4520",-1735.077
"4521",-1755.521
"4522",-1730.298
"4523",-1801.674
"4524",-1656.331
"4525",-1758.259
"4526",-1852.334
"4527",-1748.033
"4528",-1881.507
"4529",-1814.076
"4530",-1824.852
"4531",-1693.572
"4532",-1824.059
"4533",-1858.706
"4534",-1815.477
"4535",-1771.885
"4536",-1730.677
"4537",-1743.574
"4538",-1716.072
"4539",-1784.277
"4540",-1654.382
"4541",-1755.665
"4542",-1736.111
"4543",-1815.331
"4544",-1846.6
"4545",-1775.917
"4546",-1734.767
"4547",-1852.225
"4548",-1705.311
"4549",-1598.464
"4550",-1723.467
"4551",-1889.847
"4552",-1770.121
"4553",-1757.695
"4554",-1708.256
"4555",-1834.659
"4556",-1726.562
"4557",-1827.451
"4558",-1762.538
"4559",-1782.558
"4560",-1678.708
"4561",-1706.723
"4562",-1644.869
"4563",-1711.274
"4564",-1796.515
"4565",-1686.921
"4566",-1843.742
"4567",-1792.116
"4568",-1821.123
"4569",-1795.361
"4570",-1744.539
"4571",-1733.693
"4572",-1706.197
"4573",-1676.957
"4574",-1737.98
"4575",-1830.214
"4576",-1746.811
"4577",-1830.264
"4578",-1786.882
"4579",-1773.384
"4580",-1792.846
"4581",-1804.587
"4582",-1643.565
"4583",-1749.337
"4584",-1629.324
"4585",-1698.465
"4586",-1750.871
"4587",-1699.534
"4588",-1762.847
"4589",-1923.155
"4590",-1733.769
"4591",-1716.81
"4592",-1805.315
"4593",-1851.482
"4594",-1866.21
"4595",-1696.037
"4596",-1609.193
"4597",-1757.042
"4598",-1831.626
"4599",-1804.777
"4600",-1840.163
"4601",-1887.568
"4602",-1794.828
"4603",-1842.759
"4604",-1751.081
"4605",-1727.829
"4606",-1747.245
"4607",-1746.462
"4608",-1862.157
"4609",-1731.744
"4610",-1689.11
"4611",-1795.02
"4612",-1818.688
"4613",-1689.634
"4614",-1759.624
"4615",-1846.707
"4616",-1764.963
"4617",-1782.474
"4618",-1759.224
"4619",-1824.081
"4620",-1774.932
"4621",-1713.432
"4622",-1759.702
"4623",-1815.594
"4624",-1852.169
"4625",-1764.575
"4626",-1826.516
"4627",-1741.212
"4628",-1855.509
"4629",-1892.518
"4630",-1821.686
"4631",-1855.018
"4632",-1803.885
"4633",-1806.603
"4634",-1739.987
"4635",-1788.368
"4636",-1805.219
"4637",-1852.133
"4638",-1726.978
"4639",-1710.119
"4640",-1696.945
"4641",-1767.038
"4642",-1731.266
"4643",-1658.161
"4644",-1859.591
"4645",-1821.981
"4646",-1754.486
"4647",-1895.873
"4648",-1766.087
"4649",-1770.554
"4650",-1847.328
"4651",-1845.919
"4652",-1783.356
"4653",-1770.05
"4654",-1740.992
"4655",-1783.698
"4656",-1762.248
"4657",-1752.92
"4658",-1767.521
"4659",-1684.273
"4660",-1826.713
"4661",-1773.671
"4662",-1927.283
"4663",-1698.752
"4664",-1755.969
"4665",-1741.326
"4666",-1877.072
"4667",-1574.184
"4668",-1787.431
"4669",-1637.674
"4670",-1807.099
"4671",-1802.342
"4672",-1636.313
"4673",-1826.537
"4674",-1795.821
"4675",-1718.735
"4676",-1776.43
"4677",-1775.272
"4678",-1735.47
"4679",-1891.8
"4680",-1730.173
"4681",-1831.335
"4682",-1766.4
"4683",-1826.686
"4684",-1770.712
"4685",-1717.649
"4686",-1633.306
"4687",-1922.357
"4688",-1763.575
"4689",-1836.08
"4690",-1807.519
"4691",-1870.575
"4692",-1755.57
"4693",-1626.276
"4694",-1786.035
"4695",-1751.199
"4696",-1750.358
"4697",-1788.174
"4698",-1676.252
"4699",-1770.363
"4700",-1743.964
"4701",-1841.886
"4702",-1793.258
"4703",-1735.818
"4704",-1743.411
"4705",-1727.902
"4706",-1851.991
"4707",-1887.295
"4708",-1788.939
"4709",-1813.936
"4710",-1731.588
"4711",-1710.123
"4712",-1763.21
"4713",-1830.752
"4714",-1813.056
"4715",-1810.202
"4716",-1771.836
"4717",-1836.027
"4718",-1930.316
"4719",-1811.319
"4720",-1842.581
"4721",-1757.369
"4722",-1739.049
"4723",-1787.783
"4724",-1726.403
"4725",-1761.329
"4726",-1868.707
"4727",-1831.698
"4728",-1828.988
"4729",-1770.194
"4730",-1705.106
"4731",-1705.388
"4732",-1918.397
"4733",-1820.102
"4734",-1686.677
"4735",-1764.399
"4736",-1659.386
"4737",-1726.733
"4738",-1836.316
"4739",-1838.253
"4740",-1916.98
"4741",-1756.056
"4742",-1798.692
"4743",-1701.713
"4744",-1796.688
"4745",-1841.89
"4746",-1693.159
"4747",-1689.528
"4748",-1769.923
"4749",-1635.936
"4750",-1751.777
"4751",-1703.672
"4752",-1737.125
"4753",-1892.15
"4754",-1727.93
"4755",-1706.239
"4756",-1793.645
"4757",-1931.444
"4758",-1706.994
"4759",-1724.994
"4760",-1743.183
"4761",-1810.891
"4762",-1745.805
"4763",-1745.697
"4764",-1730.189
"4765",-1866.662
"4766",-1762.99
"4767",-1852.896
"4768",-1756.44
"4769",-1911.932
"4770",-1745.398
"4771",-1713.224
"4772",-1728.047
"4773",-1738.517
"4774",-1660.525
"4775",-1783.278
"4776",-1778.483
"4777",-1692.407
"4778",-1779.979
"4779",-1791.306
"4780",-1782.183
"4781",-1836.34
"4782",-1831.629
"4783",-1791.25
"4784",-1739.68
"4785",-1827.9
"4786",-1880.142
"4787",-1773.483
"4788",-1788.81
"4789",-1781.584
"4790",-1848.879
"4791",-1671.073
"4792",-1793.017
"4793",-1770.698
"4794",-1731.569
"4795",-1774.061
"4796",-1798.426
"4797",-1773.369
"4798",-1830.956
"4799",-1731.919
"4800",-1896.736
"4801",-1757.882
"4802",-1810.471
"4803",-1745.209
"4804",-1782.046
"4805",-1794.74
"4806",-1772.516
"4807",-1689.611
"4808",-1741.604
"4809",-1843.691
"4810",-1883.764
"4811",-1798.922
"4812",-1781.763
"4813",-1811.204
"4814",-1748.799
"4815",-1765.872
"4816",-1788.992
"4817",-1750.656
"4818",-1675.508
"4819",-1755.98
"4820",-1741.188
"4821",-1777.642
"4822",-1774
"4823",-1764.631
"4824",-1825.106
"4825",-1818.774
"4826",-1858.593
"4827",-1748.001
"4828",-1872.089
"4829",-1781.154
"4830",-1779.923
"4831",-1742.6
"4832",-1822.201
"4833",-1897.741
"4834",-1711.401
"4835",-1889.732
"4836",-1782.345
"4837",-1704.952
"4838",-1827.878
"4839",-1867.57
"4840",-1767.267
"4841",-1829.422
"4842",-1827.854
"4843",-1767.826
"4844",-1762.858
"4845",-1806.025
"4846",-1797.713
"4847",-1805.689
"4848",-1802.918
"4849",-1792.132
"4850",-1805.765
"4851",-1743.935
"4852",-1796.05
"4853",-1671.52
"4854",-1737.658
"4855",-1858.559
"4856",-1559.359
"4857",-1700.858
"4858",-1873.834
"4859",-1726.895
"4860",-1701.794
"4861",-1811.833
"4862",-1894.142
"4863",-1700.064
"4864",-1792.123
"4865",-1669.122
"4866",-1745.049
"4867",-1834.579
"4868",-1747.181
"4869",-1800.306
"4870",-1877.248
"4871",-1831.694
"4872",-1696.008
"4873",-1789.654
"4874",-1833.708
"4875",-1855.806
"4876",-1755.398
"4877",-1870.96
"4878",-1728.765
"4879",-1775.578
"4880",-1751.067
"4881",-1746.05
"4882",-1822.055
"4883",-1841.937
"4884",-1791.457
"4885",-1805.633
"4886",-1696.722
"4887",-1830.81
"4888",-1826.557
"4889",-1627.362
"4890",-1732.795
"4891",-1805.205
"4892",-1616.128
"4893",-1789.421
"4894",-1778.18
"4895",-1723.929
"4896",-1731.861
"4897",-1822.232
"4898",-1712.503
"4899",-1791.443
"4900",-1638.312
"4901",-1712.665
"4902",-1880.975
"4903",-1771.56
"4904",-1599.264
"4905",-1719.983
"4906",-1850.57
"4907",-1798.608
"4908",-1825.886
"4909",-1743.536
"4910",-1742.751
"4911",-1862.097
"4912",-1848.693
"4913",-1797.969
"4914",-1777.911
"4915",-1726.06
"4916",-1750.764
"4917",-1853.077
"4918",-1748.707
"4919",-1840.952
"4920",-1880.023
"4921",-1723.639
"4922",-1833.417
"4923",-1643.835
"4924",-1778.99
"4925",-1772.913
"4926",-1804.367
"4927",-1638.866
"4928",-1771.041
"4929",-1856.595
"4930",-1789.362
"4931",-1755.857
"4932",-1734.675
"4933",-1723.399
"4934",-1747.245
"4935",-1777.363
"4936",-1734.988
"4937",-1737.89
"4938",-1743.517
"4939",-1747.617
"4940",-1802.26
"4941",-1895.898
"4942",-1680.49
"4943",-1725.453
"4944",-1809.394
"4945",-1810.384
"4946",-1788.914
"4947",-1670.249
"4948",-1789.886
"4949",-1785.351
"4950",-1790.413
"4951",-1806.903
"4952",-1729.23
"4953",-1838.312
"4954",-1773.836
"4955",-1628.849
"4956",-1775.653
"4957",-1785.702
"4958",-1802.967
"4959",-1892.409
"4960",-1748.977
"4961",-1757.19
"4962",-1733.888
"4963",-1734.022
"4964",-1777.176
"4965",-1772.742
"4966",-1858.772
"4967",-1775.053
"4968",-1827.887
"4969",-1764.798
"4970",-1810.915
"4971",-1790.446
"4972",-1776.487
"4973",-1870.117
"4974",-1715.653
"4975",-1834.217
"4976",-1860.212
"4977",-1795.842
"4978",-1713.272
"4979",-1709.549
"4980",-1715.681
"4981",-1654.006
"4982",-1758.721
"4983",-1772.876
"4984",-1855.116
"4985",-1622.904
"4986",-1658.8
"4987",-1794.003
"4988",-1781.091
"4989",-1804.465
"4990",-1776.125
"4991",-1833.987
"4992",-1826.658
"4993",-1747.375
"4994",-1881.176
"4995",-1855.978
"4996",-1748.714
"4997",-1754.623
"4998",-1808.743
"4999",-1839.796
"5000",-1834.223
"5001",-1748.937
"5002",-1722.902
"5003",-1802.447
"5004",-1836.523
"5005",-1811.683
"5006",-1830.191
"5007",-1732.745
"5008",-1867.057
"5009",-1703.387
"5010",-1903.229
"5011",-1710.058
"5012",-1813.204
"5013",-1738.203
"5014",-1685.28
"5015",-1743.916
"5016",-1777.59
"5017",-1738.945
"5018",-1727.286
"5019",-1852.023
"5020",-1773.205
"5021",-1768.979
"5022",-1753.009
"5023",-1761.217
"5024",-1799.248
"5025",-1836.097
"5026",-1808.442
"5027",-1813.223
"5028",-1736.029
"5029",-1867.005
"5030",-1851.122
"5031",-1821.493
"5032",-1685.437
"5033",-1746.259
"5034",-1826.915
"5035",-1744.298
"5036",-1832.989
"5037",-1738.164
"5038",-1721.229
"5039",-1815.903
"5040",-1780.803
"5041",-1791.898
"5042",-1768.814
"5043",-1728.688
"5044",-1720.479
"5045",-1716.318
"5046",-1743.132
"5047",-1727.936
"5048",-1776.574
"5049",-1766.338
"5050",-1833.369
"5051",-1821.299
"5052",-1657.374
"5053",-1788.921
"5054",-1858.362
"5055",-1772.634
"5056",-1757.175
"5057",-1693.447
"5058",-1744.863
"5059",-1697.807
"5060",-1827.239
"5061",-1637.675
"5062",-1786.009
"5063",-1701
"5064",-1844.033
"5065",-1764.485
"5066",-1719.998
"5067",-1862.698
"5068",-1723.597
"5069",-1755.095
"5070",-1935.119
"5071",-1758.207
"5072",-1725.604
"5073",-1730.363
"5074",-1793.23
"5075",-1786.039
"5076",-1863.435
"5077",-1761.857
"5078",-1778.689
"5079",-1656.555
"5080",-1871.439
"5081",-1830.698
"5082",-1789.69
"5083",-1744.918
"5084",-1698.391
"5085",-1759.253
"5086",-1872.906
"5087",-1713.103
"5088",-1772.394
"5089",-1731.563
"5090",-1716.731
"5091",-1871.052
"5092",-1670.049
"5093",-1705.691
"5094",-1829.792
"5095",-1756.637
"5096",-1751.921
"5097",-1705.557
"5098",-1770.292
"5099",-1658.536
"5100",-1862.167
"5101",-1919.919
"5102",-1753.508
"5103",-1798.488
"5104",-1756.951
"5105",-1662.584
"5106",-1619.276
"5107",-1639.593
"5108",-1771.85
"5109",-1772.607
"5110",-1918.714
"5111",-1780.689
"5112",-1876.373
"5113",-1821.926
"5114",-1751.159
"5115",-1852.754
"5116",-1845.243
"5117",-1790.614
"5118",-1671.643
"5119",-1700.314
"5120",-1759.055
"5121",-1818.114
"5122",-1926.623
"5123",-1734.801
"5124",-1750.793
"5125",-1734.304
"5126",-1659.557
"5127",-1891.364
"5128",-1697.411
"5129",-1868.64
"5130",-1807.373
"5131",-1887.046
"5132",-1823.406
"5133",-1785.256
"5134",-1798.2
"5135",-1843.976
"5136",-1748.446
"5137",-1825.945
"5138",-1782.442
"5139",-1852.381
"5140",-1759.815
"5141",-1672.639
"5142",-1804.597
"5143",-1711.593
"5144",-1773.131
"5145",-1768.962
"5146",-1812.226
"5147",-1750.663
"5148",-1818.578
"5149",-1816.134
"5150",-1832.623
"5151",-1795.091
"5152",-1809.742
"5153",-1756.447
"5154",-1704.429
"5155",-1837.805
"5156",-1833.249
"5157",-1872.921
"5158",-1784.721
"5159",-1704.501
"5160",-1726.511
"5161",-1820.774
"5162",-1743.216
"5163",-1671.26
"5164",-1723.927
"5165",-1838.582
"5166",-1761.093
"5167",-1780.604
"5168",-1837.24
"5169",-1683.076
"5170",-1757.77
"5171",-1743.692
"5172",-1768.061
"5173",-1872.744
"5174",-1867.522
"5175",-1758.925
"5176",-1830.16
"5177",-1890.181
"5178",-1773.157
"5179",-1819.583
"5180",-1756.603
"5181",-1810.467
"5182",-1772.872
"5183",-1867.594
"5184",-1745.24
"5185",-1848.243
"5186",-1758.906
"5187",-1626.903
"5188",-1652.312
"5189",-1822.444
"5190",-1778.876
"5191",-1824.242
"5192",-1744.103
"5193",-1877.512
"5194",-1775.713
"5195",-1771.527
"5196",-1764.771
"5197",-1753.842
"5198",-1722.795
"5199",-1749.927
"5200",-1715.136
"5201",-1705.461
"5202",-1613.081
"5203",-1824.639
"5204",-1717.674
"5205",-1762.56
"5206",-1686.628
"5207",-1745.156
"5208",-1819.602
"5209",-1793.652
"5210",-1855.475
"5211",-1757.277
"5212",-1723.709
"5213",-1711.399
"5214",-1817.835
"5215",-1809.639
"5216",-1863.552
"5217",-1879.459
"5218",-1770.75
"5219",-1819.378
"5220",-1867.794
"5221",-1846.222
"5222",-1725.606
"5223",-1782.328
"5224",-1848.602
"5225",-1737.616
"5226",-1707.597
"5227",-1661.423
"5228",-1788.015
"5229",-1811.072
"5230",-1741.57
"5231",-1815.767
"5232",-1629.355
"5233",-1785.458
"5234",-1697.439
"5235",-1828.319
"5236",-1717.007
"5237",-1574.967
"5238",-1724.5
"5239",-1756.555
"5240",-1720.589
"5241",-1656.369
"5242",-1754.036
"5243",-1863.577
"5244",-1870.49
"5245",-1858.506
"5246",-1854.838
"5247",-1716.374
"5248",-1878.728
"5249",-1835.576
"5250",-1867.831
"5251",-1810.099
"5252",-1735.049
"5253",-1889.042
"5254",-1786.341
"5255",-1744.033
"5256",-1800.24
"5257",-1865.574
"5258",-1711.168
"5259",-1823.04
"5260",-1778.575
"5261",-1726.903
"5262",-1707.277
"5263",-1772.086
"5264",-1827.497
"5265",-1651.666
"5266",-1812.704
"5267",-1683.101
"5268",-1773.067
"5269",-1855.879
"5270",-1740.983
"5271",-1697.011
"5272",-1871.472
"5273",-1720.995
"5274",-1852.525
"5275",-1850.146
"5276",-1711.459
"5277",-1789.711
"5278",-1756.76
"5279",-1858.303
"5280",-1674.949
"5281",-1710.464
"5282",-1841.046
"5283",-1865.318
"5284",-1776.246
"5285",-1750.412
"5286",-1851.086
"5287",-1774.128
"5288",-1673.475
"5289",-1699.527
"5290",-1626.166
"5291",-1781.721
"5292",-1787.957
"5293",-1820.999
"5294",-1828.82
"5295",-1732.865
"5296",-1702.9
"5297",-1814.982
"5298",-1742.75
"5299",-1816.497
"5300",-1671.492
"5301",-1732.275
"5302",-1848.56
"5303",-1738.305
"5304",-1732.327
"5305",-1821.213
"5306",-1799.897
"5307",-1817.525
"5308",-1767.211
"5309",-1776.955
"5310",-1779.869
"5311",-1795.147
"5312",-1643.804
"5313",-1743.542
"5314",-1865.36
"5315",-1732.683
"5316",-1663.49
"5317",-1806.012
"5318",-1799.726
"5319",-1835.652
"5320",-1802.283
"5321",-1857.06
"5322",-1765.583
"5323",-1704.208
"5324",-1820.119
"5325",-1856.359
"5326",-1816.894
"5327",-1751.5
"5328",-1886.544
"5329",-1807.076
"5330",-1769.73
"5331",-1761.855
"5332",-1704.538
"5333",-1756.937
"5334",-1835.469
"5335",-1718.231
"5336",-1802.861
"5337",-1697.967
"5338",-1786.58
"5339",-1786.322
"5340",-1694.21
"5341",-1725.922
"5342",-1739.794
"5343",-1801.501
"5344",-1848.254
"5345",-1794.194
"5346",-1771.009
"5347",-1797.584
"5348",-1664.782
"5349",-1709.869
"5350",-1667.858
"5351",-1827.607
"5352",-1833.327
"5353",-1752.955
"5354",-1792.118
"5355",-1861.77
"5356",-1806.954
"5357",-1716.734
"5358",-1748.677
"5359",-1695.441
"5360",-1824.957
"5361",-1808.938
"5362",-1775.917
"5363",-1747.336
"5364",-1844.925
"5365",-1756.529
"5366",-1815.896
"5367",-1706.88
"5368",-1686.646
"5369",-1817.149
"5370",-1867.355
"5371",-1709.894
"5372",-1734.196
"5373",-1782.057
"5374",-1738.33
"5375",-1804.731
"5376",-1851.694
"5377",-1765.22
"5378",-1739.496
"5379",-1859.679
"5380",-1838.467
"5381",-1689.718
"5382",-1777.367
"5383",-1831.555
"5384",-1717.55
"5385",-1848.82
"5386",-1774.061
"5387",-1755.822
"5388",-1782.144
"5389",-1866.771
"5390",-1804.49
"5391",-1831.715
"5392",-1777.391
"5393",-1740.53
"5394",-1799.248
"5395",-1816.48
"5396",-1773.809
"5397",-1729.986
"5398",-1646.278
"5399",-1686.581
"5400",-1742.839
"5401",-1778.743
"5402",-1692.997
"5403",-1793.29
"5404",-1695.918
"5405",-1736.778
"5406",-1839.474
"5407",-1853.79
"5408",-1758.963
"5409",-1692.546
"5410",-1705.216
"5411",-1768.446
"5412",-1778.566
"5413",-1761.487
"5414",-1772.197
"5415",-1896.088
"5416",-1674.666
"5417",-1736.888
"5418",-1822.884
"5419",-1805.777
"5420",-1680.614
"5421",-1835.563
"5422",-1815.826
"5423",-1719.892
"5424",-1832.953
"5425",-1807.946
"5426",-1781.737
"5427",-1762.061
"5428",-1767.259
"5429",-1631.224
"5430",-1748.514
"5431",-1733.282
"5432",-1666.254
"5433",-1716.484
"5434",-1733.82
"5435",-1745.832
"5436",-1746.293
"5437",-1803.707
"5438",-1770.327
"5439",-1741.326
"5440",-1764.303
"5441",-1596.827
"5442",-1610.802
"5443",-1793.413
"5444",-1852.106
"5445",-1670.527
"5446",-1696.869
"5447",-1771.981
"5448",-1777.958
"5449",-1790.248
"5450",-1804.282
"5451",-1726.349
"5452",-1721.679
"5453",-1847.077
"5454",-1781.818
"5455",-1759.052
"5456",-1848.136
"5457",-1885.439
"5458",-1759.534
"5459",-1775.87
"5460",-1702.473
"5461",-1787.241
"5462",-1869.342
"5463",-1854.185
"5464",-1677.099
"5465",-1786.402
"5466",-1800.908
"5467",-1796.325
"5468",-1794.238
"5469",-1841.723
"5470",-1779.021
"5471",-1845.152
"5472",-1722.072
"5473",-1818.001
"5474",-1893.342
"5475",-1812.732
"5476",-1761.965
"5477",-1832.427
"5478",-1769.602
"5479",-1836.737
"5480",-1736.364
"5481",-1742.312
"5482",-1756.281
"5483",-1765.557
"5484",-1703.751
"5485",-1789.941
"5486",-1781.855
"5487",-1656.335
"5488",-1881.696
"5489",-1752.153
"5490",-1827.359
"5491",-1796.596
"5492",-1771.718
"5493",-1835.846
"5494",-1799.097
"5495",-1804.304
"5496",-1775.495
"5497",-1722.428
"5498",-1697.206
"5499",-1774.153
"5500",-1848.371
"5501",-1774.366
"5502",-1707.667
"5503",-1765.918
"5504",-1847.756
"5505",-1864.03
"5506",-1819.348
"5507",-1786.215
"5508",-1834.923
"5509",-1755.302
"5510",-1800.119
"5511",-1838.82
"5512",-1699.417
"5513",-1714.142
"5514",-1657.217
"5515",-1699.377
"5516",-1773.569
"5517",-1892.2
"5518",-1870.708
"5519",-1744.633
"5520",-1712.008
"5521",-1824.253
"5522",-1694.175
"5523",-1844.018
"5524",-1802.066
"5525",-1826.567
"5526",-1825.783
"5527",-1770.966
"5528",-1726.699
"5529",-1723.458
"5530",-1652.299
"5531",-1779.532
"5532",-1827.669
"5533",-1643.5
"5534",-1655.364
"5535",-1791.342
"5536",-1684.479
"5537",-1849.67
"5538",-1739.999
"5539",-1856.759
"5540",-1971.437
"5541",-1868.613
"5542",-1752.063
"5543",-1847.02
"5544",-1768.325
"5545",-1911.109
"5546",-1750.448
"5547",-1761.569
"5548",-1763.339
"5549",-1755.999
"5550",-1747.014
"5551",-1774.537
"5552",-1818.171
"5553",-1753.948
"5554",-1771.862
"5555",-1697.657
"5556",-1720.94
"5557",-1746.487
"5558",-1738.373
"5559",-1698.635
"5560",-1806.351
"5561",-1762.821
"5562",-1754.516
"5563",-1863.278
"5564",-1799.895
"5565",-1823.267
"5566",-1753.793
"5567",-1726.265
"5568",-1843.041
"5569",-1910.234
"5570",-1817.998
"5571",-1756.049
"5572",-1751.926
"5573",-1809.432
"5574",-1772.166
"5575",-1879.169
"5576",-1954.612
"5577",-1753.744
"5578",-1797.809
"5579",-1769.369
"5580",-1704.456
"5581",-1614.943
"5582",-1789.062
"5583",-1814.015
"5584",-1811.435
"5585",-1922.537
"5586",-1828.885
"5587",-1644.408
"5588",-1753.292
"5589",-1663.028
"5590",-1802.561
"5591",-1799.575
"5592",-1788.818
"5593",-1722.692
"5594",-1810.483
"5595",-1879.459
"5596",-1733.998
"5597",-1843.76
"5598",-1785.883
"5599",-1808.307
"5600",-1752.498
"5601",-1841.204
"5602",-1783.147
"5603",-1730.024
"5604",-1724.478
"5605",-1840.615
"5606",-1738.126
"5607",-1682.314
"5608",-1809.649
"5609",-1705.335
"5610",-1817.617
"5611",-1817.133
"5612",-1745.634
"5613",-1869.184
"5614",-1763.796
"5615",-1829.993
"5616",-1759.993
"5617",-1795.406
"5618",-1845.673
"5619",-1720.995
"5620",-1783.093
"5621",-1769.581
"5622",-1685.756
"5623",-1664.708
"5624",-1785.761
"5625",-1698.792
"5626",-1703.614
"5627",-1778.884
"5628",-1786.149
"5629",-1806.673
"5630",-1812.157
"5631",-1754.774
"5632",-1859.941
"5633",-1768.552
"5634",-1690.85
"5635",-1784.884
"5636",-1747.232
"5637",-1869.106
"5638",-1772.542
"5639",-1765.785
"5640",-1816.391
"5641",-1949.499
"5642",-1735.936
"5643",-1843.688
"5644",-1816.099
"5645",-1773.912
"5646",-1829.062
"5647",-1713.94
"5648",-1833.317
"5649",-1827.839
"5650",-1823.144
"5651",-1727.55
"5652",-1807.29
"5653",-1880.247
"5654",-1791.535
"5655",-1801.409
"5656",-1740.601
"5657",-1811.241
"5658",-1769.246
"5659",-1864.811
"5660",-1689.222
"5661",-1654.271
"5662",-1835.073
"5663",-1792.079
"5664",-1781.114
"5665",-1840.104
"5666",-1861.995
"5667",-1802.248
"5668",-1931.734
"5669",-1726.746
"5670",-1732.957
"5671",-1610.363
"5672",-1865.724
"5673",-1792.877
"5674",-1755.121
"5675",-1703.919
"5676",-1714.861
"5677",-1746.738
"5678",-1729.531
"5679",-1800.781
"5680",-1755.835
"5681",-1662.8
"5682",-1804.189
"5683",-1801.513
"5684",-1730.755
"5685",-1788.337
"5686",-1779.867
"5687",-1818.585
"5688",-1674.067
"5689",-1655.375
"5690",-1775.799
"5691",-1708.49
"5692",-1725.105
"5693",-1788.684
"5694",-1666.303
"5695",-1853.736
"5696",-1812.781
"5697",-1816.581
"5698",-1908.264
"5699",-1687.848
"5700",-1820.055
"5701",-1809.354
"5702",-1673.287
"5703",-1844.199
"5704",-1827.558
"5705",-1742.656
"5706",-1789.489
"5707",-1752.429
"5708",-1806.334
"5709",-1706.133
"5710",-1725.473
"5711",-1778.621
"5712",-1737.712
"5713",-1628.816
"5714",-1712.546
"5715",-1742.341
"5716",-1788.369
"5717",-1803.682
"5718",-1806.106
"5719",-1713.917
"5720",-1729.539
"5721",-1700.736
"5722",-1775.924
"5723",-1817.719
"5724",-1878.926
"5725",-1691
"5726",-1813.681
"5727",-1832.323
"5728",-1782.726
"5729",-1827.663
"5730",-1770.719
"5731",-1780.659
"5732",-1867.446
"5733",-1800.592
"5734",-1716.927
"5735",-1685.548
"5736",-1747.938
"5737",-1838.021
"5738",-1792.66
"5739",-1813.253
"5740",-1825.958
"5741",-1691.721
"5742",-1774.545
"5743",-1772.596
"5744",-1776.047
"5745",-1707.576
"5746",-1758.578
"5747",-1800.729
"5748",-1864.324
"5749",-1807.746
"5750",-1777.113
"5751",-1739.034
"5752",-1847.812
"5753",-1742.913
"5754",-1746.16
"5755",-1808.855
"5756",-1881.153
"5757",-1761.63
"5758",-1779.314
"5759",-1714.754
"5760",-1723.065
"5761",-1703.251
"5762",-1642.144
"5763",-1831.207
"5764",-1691.077
"5765",-1816.37
"5766",-1726.96
"5767",-1822.215
"5768",-1672.71
"5769",-1681.776
"5770",-1752.482
"5771",-1859.648
"5772",-1670.603
"5773",-1776.607
"5774",-1762.832
"5775",-1802.78
"5776",-1792.178
"5777",-1825.277
"5778",-1809.866
"5779",-1673.613
"5780",-1698.678
"5781",-1825.596
"5782",-1725.159
"5783",-1785.603
"5784",-1846.991
"5785",-1789.883
"5786",-1807.642
"5787",-1777.061
"5788",-1803.15
"5789",-1887.187
"5790",-1890.567
"5791",-1792.038
"5792",-1657.005
"5793",-1727.18
"5794",-1846.783
"5795",-1713.299
"5796",-1831.42
"5797",-1838.478
"5798",-1785.246
"5799",-1734.86
"5800",-1776.25
"5801",-1779.724
"5802",-1858.826
"5803",-1784.164
"5804",-1738.554
"5805",-1901.252
"5806",-1777.914
"5807",-1688.988
"5808",-1759.724
"5809",-1822.153
"5810",-1883.89
"5811",-1861.711
"5812",-1790.412
"5813",-1909.402
"5814",-1837.525
"5815",-1792.136
"5816",-1773.17
"5817",-1775.991
"5818",-1863.379
"5819",-1754.842
"5820",-1802.933
"5821",-1810.21
"5822",-1804.377
"5823",-1680.463
"5824",-1823.954
"5825",-1747.618
"5826",-1794.848
"5827",-1836.143
"5828",-1908.191
"5829",-1807.26
"5830",-1726.642
"5831",-1907.223
"5832",-1803.543
"5833",-1758.445
"5834",-1885.982
"5835",-1861.549
"5836",-1884.349
"5837",-1848.826
"5838",-1732.207
"5839",-1766.968
"5840",-1812.357
"5841",-1698.991
"5842",-1828.465
"5843",-1816.688
"5844",-1731.223
"5845",-1741.447
"5846",-1719.658
"5847",-1744.519
"5848",-1797.442
"5849",-1922.743
"5850",-1634.124
"5851",-1761.016
"5852",-1783.658
"5853",-1824.782
"5854",-1820.808
"5855",-1703.613
"5856",-1766.057
"5857",-1749.21
"5858",-1701.848
"5859",-1759.187
"5860",-1801.231
"5861",-1684.954
"5862",-1731.638
"5863",-1730.672
"5864",-1698.384
"5865",-1785.657
"5866",-1659.968
"5867",-1778.871
"5868",-1730.165
"5869",-1755.155
"5870",-1722.3
"5871",-1832.72
"5872",-1766.192
"5873",-1806.753
"5874",-1890.623
"5875",-1720.137
"5876",-1736.407
"5877",-1722.054
"5878",-1799.249
"5879",-1846.695
"5880",-1771.444
"5881",-1661.077
"5882",-1702.537
"5883",-1745.554
"5884",-1881.058
"5885",-1806.536
"5886",-1768.154
"5887",-1774.355
"5888",-1776.094
"5889",-1818.141
"5890",-1813.447
"5891",-1688.231
"5892",-1942.556
"5893",-1796.328
"5894",-1785.719
"5895",-1736.658
"5896",-1767.965
"5897",-1720.395
"5898",-1828.204
"5899",-1767.393
"5900",-1858.851
"5901",-1708.322
"5902",-1910.036
"5903",-1810.774
"5904",-1721.085
"5905",-1744.471
"5906",-1847.101
"5907",-1927.263
"5908",-1664.646
"5909",-1717.388
"5910",-1754.38
"5911",-1681.596
"5912",-1834.376
"5913",-1804.864
"5914",-1843.686
"5915",-1825.611
"5916",-1829.648
"5917",-1681.739
"5918",-1891.707
"5919",-1801.836
"5920",-1669.85
"5921",-1813.383
"5922",-1755.746
"5923",-1723.307
"5924",-1820.453
"5925",-1689.663
"5926",-1863.238
"5927",-1809.194
"5928",-1825.58
"5929",-1693.625
"5930",-1669.444
"5931",-1798.416
"5932",-1707.038
"5933",-1867.29
"5934",-1777.833
"5935",-1787.72
"5936",-1896.297
"5937",-1663.7
"5938",-1726.669
"5939",-1759.588
"5940",-1843.387
"5941",-1826.201
"5942",-1783.498
"5943",-1849.782
"5944",-1828.853
"5945",-1802.992
"5946",-1796.378
"5947",-1805.255
"5948",-1868.129
"5949",-1743.377
"5950",-1732.417
"5951",-1752.413
"5952",-1805.708
"5953",-1940.737
"5954",-1903.764
"5955",-1767.009
"5956",-1676.2
"5957",-1761.583
"5958",-1747.862
"5959",-1782.617
"5960",-1713.769
"5961",-1753.692
"5962",-1750.579
"5963",-1773.86
"5964",-1730.754
"5965",-1816.739
"5966",-1761.113
"5967",-1654.16
"5968",-1792.772
"5969",-1869.493
"5970",-1755.738
"5971",-1808.615
"5972",-1748.316
"5973",-1796.354
"5974",-1699.001
"5975",-1774.234
"5976",-1713.119
"5977",-1751.266
"5978",-1718.08
"5979",-1800.203
"5980",-1732.118
"5981",-1742.91
"5982",-1702.134
"5983",-1810.577
"5984",-1824.186
"5985",-1830.092
"5986",-1714.699
"5987",-1767.462
"5988",-1649.796
"5989",-1699.673
"5990",-1712.219
"5991",-1810
"5992",-1772.608
"5993",-1709.847
"5994",-1648.499
"5995",-1791.13
"5996",-1724.727
"5997",-1780.246
"5998",-1745.953
"5999",-1889.717
"6000",-1702.067
"6001",-1734.496
"6002",-1828.041
"6003",-1774.693
"6004",-1748.572
"6005",-1770.505
"6006",-1773.749
"6007",-1848.517
"6008",-1828.419
"6009",-1879.635
"6010",-1699.277
"6011",-1703.899
"6012",-1849.218
"6013",-1789.564
"6014",-1793.475
"6015",-1713.43
"6016",-1803.857
"6017",-1829.193
"6018",-1613.321
"6019",-1844.482
"6020",-1721.921
"6021",-1836.5
"6022",-1793.991
"6023",-1742.334
"6024",-1793.523
"6025",-1763.266
"6026",-1846.649
"6027",-1766.399
"6028",-1694.253
"6029",-1622.775
"6030",-1853.076
"6031",-1757.448
"6032",-1859.481
"6033",-1713.334
"6034",-1679.085
"6035",-1743.483
"6036",-1817.354
"6037",-1801.684
"6038",-1745.448
"6039",-1799.389
"6040",-1704.122
"6041",-1730.683
"6042",-1866.214
"6043",-1731.023
"6044",-1757.386
"6045",-1821.327
"6046",-1824.645
"6047",-1782.169
"6048",-1782.712
"6049",-1838.123
"6050",-1859.414
"6051",-1733.05
"6052",-1818.694
"6053",-1756.332
"6054",-1822.056
"6055",-1736.769
"6056",-1774.574
"6057",-1723.957
"6058",-1810.526
"6059",-1772.36
"6060",-1766.01
"6061",-1638.141
"6062",-1738.74
"6063",-1830.664
"6064",-1605.314
"6065",-1588.522
"6066",-1818.151
"6067",-1758.795
"6068",-1732.9
"6069",-1772.072
"6070",-1699.429
"6071",-1854.32
"6072",-1682.804
"6073",-1799.953
"6074",-1811.58
"6075",-1709.302
"6076",-1687.21
"6077",-1813.887
"6078",-1795.051
"6079",-1777.483
"6080",-1733.86
"6081",-1796.571
"6082",-1703.313
"6083",-1739.628
"6084",-1705.807
"6085",-1750.215
"6086",-1688.962
"6087",-1694.893
"6088",-1821.195
"6089",-1804.474
"6090",-1705.339
"6091",-1762.835
"6092",-1662.293
"6093",-1845.248
"6094",-1711.913
"6095",-1753.815
"6096",-1713.171
"6097",-1767.586
"6098",-1888.852
"6099",-1746.505
"6100",-1756.637
"6101",-1892.437
"6102",-1826.388
"6103",-1728.245
"6104",-1781.47
"6105",-1739.769
"6106",-1804.412
"6107",-1758.437
"6108",-1680.862
"6109",-1768.737
"6110",-1797.257
"6111",-1890.13
"6112",-1785.276
"6113",-1813.543
"6114",-1783.808
"6115",-1781.488
"6116",-1645.647
"6117",-1785.148
"6118",-1870.545
"6119",-1730.122
"6120",-1750.332
"6121",-1769.442
"6122",-1738.978
"6123",-1779.353
"6124",-1688.429
"6125",-1795.234
"6126",-1860.919
"6127",-1783.69
"6128",-1785.833
"6129",-1833.61
"6130",-1837.106
"6131",-1761.501
"6132",-1839.378
"6133",-1770.3
"6134",-1745.9
"6135",-1751.929
"6136",-1808.63
"6137",-1693.3
"6138",-1819.003
"6139",-1732.963
"6140",-1702.293
"6141",-1834.702
"6142",-1802.522
"6143",-1683.34
"6144",-1810.553
"6145",-1810.688
"6146",-1773.454
"6147",-1792.443
"6148",-1782.271
"6149",-1859.372
"6150",-1844.243
"6151",-1804.37
"6152",-1713.219
"6153",-1732.357
"6154",-1853.637
"6155",-1885.033
"6156",-1766.827
"6157",-1757.873
"6158",-1806.363
"6159",-1716.408
"6160",-1684.641
"6161",-1592.325
"6162",-1819.364
"6163",-1816.984
"6164",-1873.932
"6165",-1655.362
"6166",-1612.255
"6167",-1705.141
"6168",-1713.042
"6169",-1802.679
"6170",-1735.212
"6171",-1768.213
"6172",-1756.836
"6173",-1614.177
"6174",-1816.626
"6175",-1698.383
"6176",-1772.096
"6177",-1702.83
"6178",-1612.928
"6179",-1791.457
"6180",-1717.896
"6181",-1715.477
"6182",-1752.669
"6183",-1784.645
"6184",-1823.709
"6185",-1694.95
"6186",-1812.447
"6187",-1832.199
"6188",-1609.725
"6189",-1881.761
"6190",-1892.144
"6191",-1922.443
"6192",-1661.759
"6193",-1840.384
"6194",-1772.323
"6195",-1745.543
"6196",-1766.638
"6197",-1720.007
"6198",-1750.78
"6199",-1851.691
"6200",-1732.337
"6201",-1740.182
"6202",-1759.672
"6203",-1783.698
"6204",-1762.756
"6205",-1678.671
"6206",-1780.424
"6207",-1751.595
"6208",-1705.825
"6209",-1731.529
"6210",-1896.022
"6211",-1786.541
"6212",-1689.346
"6213",-1777.823
"6214",-1782.063
"6215",-1887.844
"6216",-1753.013
"6217",-1880.724
"6218",-1725.054
"6219",-1838.166
"6220",-1717.437
"6221",-1782.808
"6222",-1794.622
"6223",-1801.575
"6224",-1834.482
"6225",-1775.619
"6226",-1899.239
"6227",-1902.381
"6228",-1782.331
"6229",-1762.936
"6230",-1850.836
"6231",-1842.703
"6232",-1842.396
"6233",-1876.343
"6234",-1814.866
"6235",-1784.759
"6236",-1928.043
"6237",-1797.631
"6238",-1698.699
"6239",-1773.299
"6240",-1757.614
"6241",-1798.941
"6242",-1864.687
"6243",-1798.024
"6244",-1729.961
"6245",-1821.863
"6246",-1795.614
"6247",-1813.299
"6248",-1832.531
"6249",-1767.147
"6250",-1827.69
"6251",-1788.905
"6252",-1732.145
"6253",-1823.912
"6254",-1733.18
"6255",-1723.976
"6256",-1830.225
"6257",-1785.361
"6258",-1753.332
"6259",-1845.198
"6260",-1835.979
"6261",-1844.469
"6262",-1727.049
"6263",-1762.506
"6264",-1740.522
"6265",-1787.655
"6266",-1666.634
"6267",-1785.662
"6268",-1798.09
"6269",-1908.108
"6270",-1659.263
"6271",-1686.263
"6272",-1661.634
"6273",-1614.886
"6274",-1747.614
"6275",-1719.895
"6276",-1816.95
"6277",-1664.897
"6278",-1751.389
"6279",-1703.209
"6280",-1833.516
"6281",-1761.538
"6282",-1877.003
"6283",-1752.916
"6284",-1787.209
"6285",-1901.105
"6286",-1698.941
"6287",-1879.575
"6288",-1848.085
"6289",-1768.031
"6290",-1873.485
"6291",-1714.376
"6292",-1896.922
"6293",-1715.942
"6294",-1794.407
"6295",-1834.282
"6296",-1941.286
"6297",-1845.276
"6298",-1875.582
"6299",-1838.991
"6300",-1741.639
"6301",-1821.485
"6302",-1822.498
"6303",-1779.878
"6304",-1729.071
"6305",-1749.558
"6306",-1762.626
"6307",-1712.776
"6308",-1700.346
"6309",-1860.591
"6310",-1877.569
"6311",-1812.388
"6312",-1782.961
"6313",-1771.716
"6314",-1835.115
"6315",-1822.933
"6316",-1778.76
"6317",-1770.865
"6318",-1737.66
"6319",-1791.017
"6320",-1871.483
"6321",-1820.576
"6322",-1823.838
"6323",-1766.646
"6324",-1814.965
"6325",-1615.671
"6326",-1731.43
"6327",-1920.039
"6328",-1767.138
"6329",-1714.191
"6330",-1703.903
"6331",-1935.591
"6332",-1669.078
"6333",-1782.289
"6334",-1686.904
"6335",-1807.775
"6336",-1823.987
"6337",-1928.169
"6338",-1749.545
"6339",-1794.909
"6340",-1778.793
"6341",-1839.59
"6342",-1806.061
"6343",-1823.532
"6344",-1899.514
"6345",-1748.592
"6346",-1759.575
"6347",-1848.251
"6348",-1829.973
"6349",-1811.026
"6350",-1909.809
"6351",-1813.229
"6352",-1712.798
"6353",-1730.559
"6354",-1707.249
"6355",-1755.358
"6356",-1670.655
"6357",-1733.813
"6358",-1670.092
"6359",-1764.212
"6360",-1716.664
"6361",-1849.436
"6362",-1720.718
"6363",-1856.57
"6364",-1786.577
"6365",-1849.582
"6366",-1781.243
"6367",-1641.978
"6368",-1827.885
"6369",-1804.229
"6370",-1715.086
"6371",-1840.211
"6372",-1818.906
"6373",-1702.179
"6374",-1794.661
"6375",-1767.825
"6376",-1761.634
"6377",-1899.686
"6378",-1708.89
"6379",-1844.915
"6380",-1768.268
"6381",-1775.288
"6382",-1805.112
"6383",-1799.67
"6384",-1774.912
"6385",-1775.19
"6386",-1903.537
"6387",-1822.226
"6388",-1865.87
"6389",-1724.011
"6390",-1808.146
"6391",-1763.616
"6392",-1794.029
"6393",-1763.975
"6394",-1770.42
"6395",-1833.775
"6396",-1865.375
"6397",-1703.383
"6398",-1746.96
"6399",-1790.069
"6400",-1796.068
"6401",-1810.08
"6402",-1808.691
"6403",-1764.586
"6404",-1783.971
"6405",-1960.577
"6406",-1811.807
"6407",-1735.752
"6408",-1777.197
"6409",-1788.413
"6410",-1640.047
"6411",-1774.17
"6412",-1734.735
"6413",-1769.568
"6414",-1795.539
"6415",-1706.699
"6416",-1755.692
"6417",-1829.771
"6418",-1702.728
"6419",-1713.566
"6420",-1719.061
"6421",-1795.681
"6422",-1797.891
"6423",-1741.456
"6424",-1750.821
"6425",-1848.587
"6426",-1664.867
"6427",-1692.352
"6428",-1783.659
"6429",-1698.748
"6430",-1848.209
"6431",-1832.307
"6432",-1774.874
"6433",-1787.726
"6434",-1792.3
"6435",-1811.351
"6436",-1777.706
"6437",-1738.764
"6438",-1787.369
"6439",-1770.098
"6440",-1739.04
"6441",-1790.541
"6442",-1788.532
"6443",-1839.169
"6444",-1769.93
"6445",-1825.116
"6446",-1749.385
"6447",-1833.923
"6448",-1682.996
"6449",-1816.625
"6450",-1823.668
"6451",-1794.799
"6452",-1862.616
"6453",-1767.126
"6454",-1721.009
"6455",-1764.48
"6456",-1787.931
"6457",-1700.348
"6458",-1801.818
"6459",-1754.848
"6460",-1911.922
"6461",-1772.235
"6462",-1702.407
"6463",-1730.821
"6464",-1708.613
"6465",-1889.814
"6466",-1805.954
"6467",-1729.236
"6468",-1794.349
"6469",-1843.895
"6470",-1784.648
"6471",-1707.692
"6472",-1819.991
"6473",-1785.027
"6474",-1866.82
"6475",-1767.608
"6476",-1745.228
"6477",-1862.216
"6478",-1850.897
"6479",-1818.211
"6480",-1767.756
"6481",-1814.634
"6482",-1827.967
"6483",-1818.145
"6484",-1750.271
"6485",-1743.271
"6486",-1783.11
"6487",-1841.266
"6488",-1833.739
"6489",-1732.264
"6490",-1757.645
"6491",-1809.332
"6492",-1798.725
"6493",-1756.216
"6494",-1807.329
"6495",-1727.065
"6496",-1847.997
"6497",-1783.791
"6498",-1882.464
"6499",-1747.264
"6500",-1901.128
"6501",-1891.45
"6502",-1724.798
"6503",-1838.34
"6504",-1738.413
"6505",-1696.019
"6506",-1736.435
"6507",-1805.995
"6508",-1798.928
"6509",-1772.139
"6510",-1814.247
"6511",-1812.338
"6512",-1838.965
"6513",-1722.89
"6514",-1814.198
"6515",-1746.608
"6516",-1865.091
"6517",-1814.402
"6518",-1867.381
"6519",-1801.061
"6520",-1680.638
"6521",-1757.384
"6522",-1828.567
"6523",-1739.259
"6524",-1729.41
"6525",-1763.524
"6526",-1800.786
"6527",-1755.791
"6528",-1732.191
"6529",-1772.118
"6530",-1747.584
"6531",-1709.573
"6532",-1765.052
"6533",-1825.097
"6534",-1731.011
"6535",-1908.946
"6536",-1824.76
"6537",-1769.913
"6538",-1863.744
"6539",-1721.402
"6540",-1775.104
"6541",-1757.798
"6542",-1781.586
"6543",-1791.444
"6544",-1688.304
"6545",-1686.779
"6546",-1810.665
"6547",-1682.894
"6548",-1800.441
"6549",-1773.794
"6550",-1794.749
"6551",-1839.519
"6552",-1790.351
"6553",-1824.341
"6554",-1827.301
"6555",-1641.01
"6556",-1806.136
"6557",-1809.592
"6558",-1730.559
"6559",-1788.933
"6560",-1765.867
"6561",-1778.457
"6562",-1779.66
"6563",-1758.114
"6564",-1835.976
"6565",-1735.628
"6566",-1755.827
"6567",-1792.902
"6568",-1825.623
"6569",-1760.308
"6570",-1788.952
"6571",-1649.416
"6572",-1889.263
"6573",-1771.552
"6574",-1793.054
"6575",-1742.522
"6576",-1883.753
"6577",-1784.542
"6578",-1787.123
"6579",-1827.127
"6580",-1710.689
"6581",-1794.264
"6582",-1747.971
"6583",-1709.087
"6584",-1685.575
"6585",-1900.737
"6586",-1773.829
"6587",-1746.503
"6588",-1808.181
"6589",-1697.118
"6590",-1785.588
"6591",-1796.388
"6592",-1801.222
"6593",-1759.575
"6594",-1751.765
"6595",-1744.736
"6596",-1701.418
"6597",-1886.04
"6598",-1818.658
"6599",-1806.924
"6600",-1715.343
"6601",-1804.625
"6602",-1717.065
"6603",-1808.779
"6604",-1748.579
"6605",-1786.369
"6606",-1750.608
"6607",-1662.066
"6608",-1681.825
"6609",-1804.356
"6610",-1766.105
"6611",-1809.621
"6612",-1685.178
"6613",-1680.195
"6614",-1734.051
"6615",-1755.914
"6616",-1808.074
"6617",-1833.758
"6618",-1799.813
"6619",-1756.854
"6620",-1742.245
"6621",-1825.109
"6622",-1649.328
"6623",-1770.713
"6624",-1764.697
"6625",-1794.948
"6626",-1681.049
"6627",-1764.43
"6628",-1810.412
"6629",-1729.751
"6630",-1746.105
"6631",-1796.308
"6632",-1737.495
"6633",-1859.605
"6634",-1802.854
"6635",-1836.669
"6636",-1685.219
"6637",-1772.117
"6638",-1904.986
"6639",-1787.764
"6640",-1887.101
"6641",-1861.354
"6642",-1787.729
"6643",-1687.032
"6644",-1830.827
"6645",-1718.676
"6646",-1786.273
"6647",-1658.619
"6648",-1676.166
"6649",-1655.893
"6650",-1827.199
"6651",-1758.9
"6652",-1656.552
"6653",-1823.906
"6654",-1778.826
"6655",-1820.733
"6656",-1870.833
"6657",-1752.69
"6658",-1833.864
"6659",-1673.156
"6660",-1738.557
"6661",-1689.74
"6662",-1860.568
"6663",-1830.777
"6664",-1847.012
"6665",-1784.879
"6666",-1655.696
"6667",-1810.911
"6668",-1849.698
"6669",-1746.366
"6670",-1840.226
"6671",-1704.272
"6672",-1830.288
"6673",-1895.022
"6674",-1844.47
"6675",-1820.116
"6676",-1802.43
"6677",-1841.749
"6678",-1826.506
"6679",-1745.472
"6680",-1843.093
"6681",-1766.53
"6682",-1914.749
"6683",-1758.302
"6684",-1752.43
"6685",-1714.039
"6686",-1903.777
"6687",-1677.716
"6688",-1625.772
"6689",-1772.025
"6690",-1735.815
"6691",-1781.33
"6692",-1799.357
"6693",-1726.155
"6694",-1788.174
"6695",-1820.65
"6696",-1677.413
"6697",-1767.744
"6698",-1878.588
"6699",-1774.646
"6700",-1701.25
"6701",-1752.178
"6702",-1794.99
"6703",-1732.16
"6704",-1704.376
"6705",-1816.65
"6706",-1794.17
"6707",-1683.429
"6708",-1789.267
"6709",-1707.328
"6710",-1818.071
"6711",-1681.645
"6712",-1712.635
"6713",-1735.23
"6714",-1760.006
"6715",-1777.09
"6716",-1811.449
"6717",-1839.724
"6718",-1808.91
"6719",-1750.224
"6720",-1859.744
"6721",-1797.653
"6722",-1738.166
"6723",-1805.705
"6724",-1764.666
"6725",-1726.739
"6726",-1907.431
"6727",-1774.591
"6728",-1775.294
"6729",-1779.32
"6730",-1792.798
"6731",-1730.462
"6732",-1799.551
"6733",-1823.787
"6734",-1841.039
"6735",-1861.936
"6736",-1878.05
"6737",-1842.057
"6738",-1779.557
"6739",-1807.939
"6740",-1715.133
"6741",-1809.517
"6742",-1768.902
"6743",-1767.635
"6744",-1753.602
"6745",-1770.491
"6746",-1675.53
"6747",-1740.626
"6748",-1751.108
"6749",-1907.806
"6750",-1826.027
"6751",-1712.944
"6752",-1770.852
"6753",-1838.306
"6754",-1773.589
"6755",-1745.394
"6756",-1836.137
"6757",-1686.237
"6758",-1757.161
"6759",-1762.923
"6760",-1730.895
"6761",-1823.362
"6762",-1826.473
"6763",-1715.561
"6764",-1669.298
"6765",-1691.656
"6766",-1756.319
"6767",-1777.353
"6768",-1680.589
"6769",-1765.951
"6770",-1759.362
"6771",-1702.365
"6772",-1779.342
"6773",-1727.464
"6774",-1825.916
"6775",-1842.178
"6776",-1758.778
"6777",-1743.326
"6778",-1806.143
"6779",-1706.76
"6780",-1746.148
"6781",-1775.086
"6782",-1737.743
"6783",-1868.974
"6784",-1693.123
"6785",-1745.913
"6786",-1872.475
"6787",-1780.989
"6788",-1703.303
"6789",-1898.809
"6790",-1763.665
"6791",-1710.156
"6792",-1778.215
"6793",-1784.79
"6794",-1731.371
"6795",-1659.158
"6796",-1731.114
"6797",-1842.716
"6798",-1654.161
"6799",-1786.471
"6800",-1859.758
"6801",-1802.953
"6802",-1757.002
"6803",-1841.916
"6804",-1823.691
"6805",-1672.253
"6806",-1862.455
"6807",-1887.557
"6808",-1892.183
"6809",-1829.987
"6810",-1791.825
"6811",-1759.526
"6812",-1681.04
"6813",-1701.39
"6814",-1714.51
"6815",-1818.802
"6816",-1752.572
"6817",-1858.271
"6818",-1673.992
"6819",-1677.154
"6820",-1746.589
"6821",-1734.112
"6822",-1771.876
"6823",-1811.391
"6824",-1719.031
"6825",-1692.029
"6826",-1738.702
"6827",-1701.982
"6828",-1834.599
"6829",-1744.459
"6830",-1782.051
"6831",-1697.447
"6832",-1738.445
"6833",-1622.24
"6834",-1709.815
"6835",-1873.818
"6836",-1845.545
"6837",-1768.488
"6838",-1784.027
"6839",-1741.555
"6840",-1718.146
"6841",-1739.765
"6842",-1712.314
"6843",-1736.836
"6844",-1784.489
"6845",-1834.466
"6846",-1865.369
"6847",-1851.137
"6848",-1726.03
"6849",-1856.391
"6850",-1855.398
"6851",-1762.849
"6852",-1784.203
"6853",-1756.722
"6854",-1697.487
"6855",-1800.33
"6856",-1725.77
"6857",-1678.559
"6858",-1806.593
"6859",-1772.432
"6860",-1837.186
"6861",-1655.616
"6862",-1786.058
"6863",-1808.75
"6864",-1761.832
"6865",-1653.84
"6866",-1905.461
"6867",-1849.774
"6868",-1776.759
"6869",-1805.623
"6870",-1820.726
"6871",-1725.168
"6872",-1744.962
"6873",-1692.632
"6874",-1798.381
"6875",-1669.089
"6876",-1906.338
"6877",-1761.928
"6878",-1692.907
"6879",-1783.746
"6880",-1725.302
"6881",-1813.88
"6882",-1654.074
"6883",-1876.964
"6884",-1798.911
"6885",-1839.385
"6886",-1774.959
"6887",-1821.93
"6888",-1742.584
"6889",-1820.399
"6890",-1671.902
"6891",-1641.52
"6892",-1774.337
"6893",-1706.797
"6894",-1713.027
"6895",-1745.329
"6896",-1662.591
"6897",-1833.446
"6898",-1728.059
"6899",-1658.494
"6900",-1738.759
"6901",-1652.177
"6902",-1576.302
"6903",-1682.586
"6904",-1826.772
"6905",-1806.31
"6906",-1865.541
"6907",-1778.328
"6908",-1773.753
"6909",-1807.192
"6910",-1769.929
"6911",-1749.015
"6912",-1792.554
"6913",-1789.488
"6914",-1801.816
"6915",-1813.458
"6916",-1686.793
"6917",-1786.452
"6918",-1758.517
"6919",-1754.093
"6920",-1791.222
"6921",-1769.443
"6922",-1728.11
"6923",-1774.389
"6924",-1768.368
"6925",-1775.837
"6926",-1668.678
"6927",-1771.419
"6928",-1663.292
"6929",-1767.983
"6930",-1842.126
"6931",-1775.806
"6932",-1733.964
"6933",-1694.132
"6934",-1827.461
"6935",-1653.415
"6936",-1956.366
"6937",-1805.552
"6938",-1667.396
"6939",-1776.639
"6940",-1748.675
"6941",-1725.103
"6942",-1831.58
"6943",-1887.556
"6944",-1787.265
"6945",-1787.485
"6946",-1756.218
"6947",-1732.736
"6948",-1772.941
"6949",-1790.459
"6950",-1827.956
"6951",-1744.866
"6952",-1818.512
"6953",-1799.895
"6954",-1730.95
"6955",-1687.483
"6956",-1810.1
"6957",-1754.946
"6958",-1788.449
"6959",-1722.525
"6960",-1743.457
"6961",-1797.021
"6962",-1911.47
"6963",-1775.475
"6964",-1670.883
"6965",-1791.24
"6966",-1775.923
"6967",-1818.95
"6968",-1676.867
"6969",-1900.326
"6970",-1859.043
"6971",-1792.841
"6972",-1826.633
"6973",-1841.228
"6974",-1751.514
"6975",-1811.399
"6976",-1841.528
"6977",-1671.271
"6978",-1753.209
"6979",-1781.261
"6980",-1718.379
"6981",-1854.827
"6982",-1804.646
"6983",-1757.398
"6984",-1681.725
"6985",-1789.512
"6986",-1681.917
"6987",-1720.824
"6988",-1845.647
"6989",-1777.649
"6990",-1848.089
"6991",-1800.213
"6992",-1786.549
"6993",-1894.724
"6994",-1808.431
"6995",-1779.155
"6996",-1755.744
"6997",-1767.714
"6998",-1799.01
"6999",-1868.175
"7000",-1833.209
"7001",-1751.044
"7002",-1705.31
"7003",-1759.841
"7004",-1746.814
"7005",-1836.171
"7006",-1788.056
"7007",-1874.314
"7008",-1692.111
"7009",-1690.723
"7010",-1871.86
"7011",-1819.384
"7012",-1749.787
"7013",-1712.254
"7014",-1828.152
"7015",-1781.5
"7016",-1726.476
"7017",-1673.842
"7018",-1798.414
"7019",-1781.58
"7020",-1678.97
"7021",-1755.371
"7022",-1723.749
"7023",-1764.095
"7024",-1788.035
"7025",-1770.297
"7026",-1852.226
"7027",-1862.792
"7028",-1792.197
"7029",-1777.165
"7030",-1791.401
"7031",-1809.063
"7032",-1814.284
"7033",-1737.568
"7034",-1708.741
"7035",-1783.681
"7036",-1754.326
"7037",-1750.065
"7038",-1781.652
"7039",-1743.214
"7040",-1769.194
"7041",-1791.255
"7042",-1702.691
"7043",-1599.986
"7044",-1697.442
"7045",-1748.855
"7046",-1751.078
"7047",-1864.265
"7048",-1883.439
"7049",-1797.859
"7050",-1718.822
"7051",-1736.029
"7052",-1692.052
"7053",-1805.945
"7054",-1807.304
"7055",-1816.931
"7056",-1796.659
"7057",-1796.639
"7058",-1823.026
"7059",-1800.772
"7060",-1725.844
"7061",-1684.876
"7062",-1598.161
"7063",-1902.604
"7064",-1765.51
"7065",-1763.432
"7066",-1761.258
"7067",-1863.758
"7068",-1721.738
"7069",-1907.965
"7070",-1799.681
"7071",-1700.843
"7072",-1663.197
"7073",-1737.921
"7074",-1734.991
"7075",-1665.633
"7076",-1821.127
"7077",-1623.047
"7078",-1854.832
"7079",-1811.195
"7080",-1708.027
"7081",-1763.529
"7082",-1867.746
"7083",-1746.743
"7084",-1680.321
"7085",-1879.248
"7086",-1755.343
"7087",-1818.036
"7088",-1939.646
"7089",-1632.186
"7090",-1790.962
"7091",-1842.636
"7092",-1837.059
"7093",-1868.057
"7094",-1837.067
"7095",-1793.012
"7096",-1795.739
"7097",-1674.05
"7098",-1753.833
"7099",-1812.196
"7100",-1749.343
"7101",-1826.966
"7102",-1867.98
"7103",-1784.079
"7104",-1772.56
"7105",-1813.046
"7106",-1626.031
"7107",-1745.944
"7108",-1848.83
"7109",-1714.109
"7110",-1818.625
"7111",-1768.488
"7112",-1806.572
"7113",-1884.255
"7114",-1757.113
"7115",-1775.741
"7116",-1735.923
"7117",-1710.364
"7118",-1785.793
"7119",-1776.118
"7120",-1838.631
"7121",-1835.088
"7122",-1837.374
"7123",-1730.906
"7124",-1734.05
"7125",-1752.378
"7126",-1808.472
"7127",-1842.925
"7128",-1780.838
"7129",-1878.79
"7130",-1702.976
"7131",-1808.659
"7132",-1679.497
"7133",-1816.315
"7134",-1751.231
"7135",-1631.974
"7136",-1883.305
"7137",-1819.931
"7138",-1797.084
"7139",-1762.521
"7140",-1743.507
"7141",-1741.069
"7142",-1800.748
"7143",-1870.346
"7144",-1733.134
"7145",-1707.22
"7146",-1807.979
"7147",-1651.496
"7148",-1819.27
"7149",-1657.625
"7150",-1751.802
"7151",-1656.526
"7152",-1880.731
"7153",-1761.515
"7154",-1837.876
"7155",-1782.031
"7156",-1850.881
"7157",-1769.463
"7158",-1819.966
"7159",-1731.317
"7160",-1836.719
"7161",-1809.773
"7162",-1743.533
"7163",-1722.428
"7164",-1776.069
"7165",-1759.291
"7166",-1819.486
"7167",-1799.116
"7168",-1699.878
"7169",-1648.189
"7170",-1756.774
"7171",-1713.71
"7172",-1731.013
"7173",-1838.092
"7174",-1880.473
"7175",-1738.059
"7176",-1719.895
"7177",-1741.157
"7178",-1776.277
"7179",-1685.843
"7180",-1748.168
"7181",-1764.267
"7182",-1691.739
"7183",-1857.599
"7184",-1748.899
"7185",-1792.47
"7186",-1723.106
"7187",-1716.289
"7188",-1851.819
"7189",-1816.129
"7190",-1707.552
"7191",-1707.667
"7192",-1786.652
"7193",-1790.528
"7194",-1737.389
"7195",-1866.657
"7196",-1769.95
"7197",-1795.855
"7198",-1787.455
"7199",-1762.686
"7200",-1790.726
"7201",-1750.105
"7202",-1802.878
"7203",-1734.42
"7204",-1686.94
"7205",-1899.783
"7206",-1842.453
"7207",-1656.775
"7208",-1818.782
"7209",-1839.35
"7210",-1811.295
"7211",-1723.669
"7212",-1872.057
"7213",-1680.589
"7214",-1777.865
"7215",-1715.342
"7216",-1914.489
"7217",-1721.314
"7218",-1715.005
"7219",-1835.295
"7220",-1794.946
"7221",-1765.005
"7222",-1794.395
"7223",-1943.19
"7224",-1816.009
"7225",-1661.353
"7226",-1895.348
"7227",-1781.971
"7228",-1691.109
"7229",-1813.812
"7230",-1721.064
"7231",-1713.514
"7232",-1812.084
"7233",-1691.424
"7234",-1766.381
"7235",-1774.736
"7236",-1804.919
"7237",-1705.419
"7238",-1810.005
"7239",-1845.572
"7240",-1772.53
"7241",-1781.61
"7242",-1711.042
"7243",-1719.927
"7244",-1838.335
"7245",-1813.316
"7246",-1714.452
"7247",-1802.55
"7248",-1762.27
"7249",-1829.5
"7250",-1694.059
"7251",-1675.428
"7252",-1755.017
"7253",-1764.391
"7254",-1852.1
"7255",-1799.532
"7256",-1625.678
"7257",-1669.25
"7258",-1831.258
"7259",-1714.818
"7260",-1793.398
"7261",-1873.495
"7262",-1756.798
"7263",-1826.048
"7264",-1866.377
"7265",-1738.482
"7266",-1765.356
"7267",-1712.988
"7268",-1697.193
"7269",-1807.127
"7270",-1692.174
"7271",-1741.065
"7272",-1645.003
"7273",-1765.968
"7274",-1834.695
"7275",-1821.115
"7276",-1767.575
"7277",-1794.993
"7278",-1681.647
"7279",-1788.227
"7280",-1628.298
"7281",-1812.801
"7282",-1718.888
"7283",-1760.118
"7284",-1767.895
"7285",-1745.96
"7286",-1828.551
"7287",-1724.174
"7288",-1832.771
"7289",-1817.557
"7290",-1830.461
"7291",-1799.855
"7292",-1842.746
"7293",-1814.551
"7294",-1786.799
"7295",-1827.823
"7296",-1770.603
"7297",-1787.626
"7298",-1734.732
"7299",-1786.203
"7300",-1709.793
"7301",-1836.164
"7302",-1711.075
"7303",-1745.05
"7304",-1793.098
"7305",-1739.872
"7306",-1845.424
"7307",-1669.453
"7308",-1791.632
"7309",-1722.424
"7310",-1834.643
"7311",-1685.007
"7312",-1704.474
"7313",-1708.195
"7314",-1791.67
"7315",-1804.791
"7316",-1844.776
"7317",-1723.147
"7318",-1830.297
"7319",-1761.205
"7320",-1721.705
"7321",-1800.539
"7322",-1819.169
"7323",-1828.145
"7324",-1861.025
"7325",-1758.456
"7326",-1830.878
"7327",-1773.949
"7328",-1687.076
"7329",-1839.594
"7330",-1768.237
"7331",-1897.63
"7332",-1782.768
"7333",-1716.805
"7334",-1825.571
"7335",-1868.201
"7336",-1695.103
"7337",-1755.131
"7338",-1735.202
"7339",-1732.479
"7340",-1877.323
"7341",-1711.891
"7342",-1780.285
"7343",-1792.182
"7344",-1793.508
"7345",-1849.102
"7346",-1758.318
"7347",-1768.119
"7348",-1729.429
"7349",-1675.753
"7350",-1729.429
"7351",-1610.793
"7352",-1616.888
"7353",-1668.739
"7354",-1849.398
"7355",-1811.973
"7356",-1780.412
"7357",-1866.28
"7358",-1800.742
"7359",-1897.624
"7360",-1772.752
"7361",-1675.164
"7362",-1788.67
"7363",-1782.007
"7364",-1707.551
"7365",-1685.589
"7366",-1786.231
"7367",-1724.772
"7368",-1682.581
"7369",-1655.979
"7370",-1713.414
"7371",-1799.756
"7372",-1675.66
"7373",-1811.421
"7374",-1691.638
"7375",-1734.438
"7376",-1709.653
"7377",-1706.124
"7378",-1780.987
"7379",-1794.531
"7380",-1827.165
"7381",-1702.972
"7382",-1771.057
"7383",-1798.672
"7384",-1875.518
"7385",-1795.737
"7386",-1820.283
"7387",-1770.02
"7388",-1790.692
"7389",-1749.507
"7390",-1746.207
"7391",-1763.76
"7392",-1785.954
"7393",-1862.516
"7394",-1784.534
"7395",-1644.449
"7396",-1679.584
"7397",-1733.591
"7398",-1669.642
"7399",-1753.471
"7400",-1715.209
"7401",-1853.463
"7402",-1765.363
"7403",-1704.929
"7404",-1930.617
"7405",-1820.826
"7406",-1774.314
"7407",-1821.567
"7408",-1644.168
"7409",-1718.708
"7410",-1801.595
"7411",-1870.35
"7412",-1720.079
"7413",-1650.202
"7414",-1749.67
"7415",-1782.796
"7416",-1797.845
"7417",-1731.984
"7418",-1726.846
"7419",-1837.682
"7420",-1706.764
"7421",-1894.004
"7422",-1735.184
"7423",-1733.457
"7424",-1786.036
"7425",-1697.286
"7426",-1765.747
"7427",-1749.898
"7428",-1763.714
"7429",-1960.683
"7430",-1779.089
"7431",-1750.864
"7432",-1691.925
"7433",-1740.815
"7434",-1787.769
"7435",-1798.922
"7436",-1846.592
"7437",-1859.475
"7438",-1737.518
"7439",-1815.682
"7440",-1708.27
"7441",-1670.481
"7442",-1671.819
"7443",-1785.77
"7444",-1702.964
"7445",-1688.932
"7446",-1807.136
"7447",-1795.366
"7448",-1802.411
"7449",-1843.824
"7450",-1905.663
"7451",-1829.457
"7452",-1814.309
"7453",-1842.08
"7454",-1730.28
"7455",-1787.284
"7456",-1599.527
"7457",-1748.888
"7458",-1796.431
"7459",-1808.293
"7460",-1713.556
"7461",-1787.183
"7462",-1800.145
"7463",-1783.76
"7464",-1797.733
"7465",-1780.818
"7466",-1649.286
"7467",-1725.091
"7468",-1780.288
"7469",-1817.019
"7470",-1817.124
"7471",-1838.213
"7472",-1866.53
"7473",-1884.201
"7474",-1763.424
"7475",-1818.029
"7476",-1746.304
"7477",-1741.403
"7478",-1758.927
"7479",-1691.89
"7480",-1797.764
"7481",-1924.479
"7482",-1716.138
"7483",-1774.081
"7484",-1731.3
"7485",-1845.38
"7486",-1821.642
"7487",-1793.28
"7488",-1832.38
"7489",-1896.603
"7490",-1729.311
"7491",-1769.939
"7492",-1798.603
"7493",-1797.015
"7494",-1661.96
"7495",-1758.914
"7496",-1849.677
"7497",-1840.934
"7498",-1864.154
"7499",-1869.408
"7500",-1954.638
"7501",-1749.401
"7502",-1800.833
"7503",-1730.81
"7504",-1787.836
"7505",-1837.723
"7506",-1703.046
"7507",-1799.234
"7508",-1780.01
"7509",-1809.168
"7510",-1791.652
"7511",-1720.868
"7512",-1738.12
"7513",-1839.1
"7514",-1668.403
"7515",-1837.381
"7516",-1684.906
"7517",-1708.865
"7518",-1728.454
"7519",-1799.752
"7520",-1784.622
"7521",-1694.86
"7522",-1853.408
"7523",-1927.051
"7524",-1837.994
"7525",-1712.987
"7526",-1706.012
"7527",-1911.285
"7528",-1940.909
"7529",-1784.421
"7530",-1787.31
"7531",-1811.44
"7532",-1782.184
"7533",-1863.493
"7534",-1865.811
"7535",-1871.393
"7536",-1750.531
"7537",-1731.768
"7538",-1790.813
"7539",-1721.654
"7540",-1648.119
"7541",-1758.436
"7542",-1691.823
"7543",-1748.691
"7544",-1718.611
"7545",-1774.94
"7546",-1846.451
"7547",-1818.489
"7548",-1746.113
"7549",-1870.055
"7550",-1691.056
"7551",-1722.047
"7552",-1774.843
"7553",-1885.51
"7554",-1760.382
"7555",-1676.837
"7556",-1780.04
"7557",-1789.794
"7558",-1709.364
"7559",-1657.836
"7560",-1891.077
"7561",-1778.945
"7562",-1740.83
"7563",-1770.26
"7564",-1814.532
"7565",-1838.774
"7566",-1889.028
"7567",-1728.703
"7568",-1885.613
"7569",-1619.271
"7570",-1792.866
"7571",-1934.905
"7572",-1907.604
"7573",-1785.006
"7574",-1841.376
"7575",-1842.858
"7576",-1700.19
"7577",-1767.907
"7578",-1759.99
"7579",-1948.323
"7580",-1841.552
"7581",-1711.845
"7582",-1816.867
"7583",-1882.728
"7584",-1863.078
"7585",-1778.999
"7586",-1741.579
"7587",-1770.312
"7588",-1763.943
"7589",-1765.802
"7590",-1846.08
"7591",-1740.885
"7592",-1767.873
"7593",-1740.484
"7594",-1787.087
"7595",-1853.827
"7596",-1768.334
"7597",-1822.364
"7598",-1709.937
"7599",-1779.819
"7600",-1690.949
"7601",-1737.029
"7602",-1827.774
"7603",-1759.841
"7604",-1916.237
"7605",-1785.392
"7606",-1796.643
"7607",-1794.915
"7608",-1754.373
"7609",-1821.206
"7610",-1845.578
"7611",-1789.103
"7612",-1806.94
"7613",-1862.628
"7614",-1748.267
"7615",-1814.844
"7616",-1708.262
"7617",-1844.327
"7618",-1824.337
"7619",-1826.669
"7620",-1758.309
"7621",-1760.885
"7622",-1732.509
"7623",-1681.88
"7624",-1774.436
"7625",-1815.425
"7626",-1606.89
"7627",-1723.943
"7628",-1757.857
"7629",-1695.173
"7630",-1768.779
"7631",-1865.666
"7632",-1821.784
"7633",-1829.266
"7634",-1774.134
"7635",-1724.169
"7636",-1798.546
"7637",-1864.083
"7638",-1627.299
"7639",-1818.002
"7640",-1813.547
"7641",-1898.041
"7642",-1768.04
"7643",-1751.754
"7644",-1754.751
"7645",-1826.106
"7646",-1773.504
"7647",-1729.963
"7648",-1704.247
"7649",-1702.432
"7650",-1699.744
"7651",-1756.618
"7652",-1864.079
"7653",-1736.575
"7654",-1846.828
"7655",-1784.332
"7656",-1779.065
"7657",-1788.807
"7658",-1848.397
"7659",-1702.078
"7660",-1808.074
"7661",-1753.071
"7662",-1804.363
"7663",-1833.738
"7664",-1725.295
"7665",-1867.76
"7666",-1822.993
"7667",-1763.935
"7668",-1841.058
"7669",-1719.534
"7670",-1870.209
"7671",-1775.265
"7672",-1731.277
"7673",-1808.016
"7674",-1860.934
"7675",-1799.527
"7676",-1778.51
"7677",-1815.092
"7678",-1843.947
"7679",-1787.122
"7680",-1734.752
"7681",-1788.067
"7682",-1818.874
"7683",-1699.589
"7684",-1703.52
"7685",-1686.594
"7686",-1719.484
"7687",-1715.663
"7688",-1853.138
"7689",-1826.558
"7690",-1767.924
"7691",-1750.478
"7692",-1762.511
"7693",-1803.641
"7694",-1780.699
"7695",-1762.615
"7696",-1766.927
"7697",-1803.603
"7698",-1728.034
"7699",-1902.756
"7700",-1795.145
"7701",-1866.159
"7702",-1764.356
"7703",-1833.461
"7704",-1767.497
"7705",-1720.24
"7706",-1713.084
"7707",-1774.145
"7708",-1695.072
"7709",-1856.332
"7710",-1605.687
"7711",-1857.986
"7712",-1803.522
"7713",-1653.503
"7714",-1744.005
"7715",-1752.577
"7716",-1812.144
"7717",-1818.169
"7718",-1723.49
"7719",-1734.285
"7720",-1857.751
"7721",-1858.65
"7722",-1821.845
"7723",-1743.918
"7724",-1770.458
"7725",-1730.6
"7726",-1777.616
"7727",-1735.874
"7728",-1885.636
"7729",-1863.443
"7730",-1802.248
"7731",-1705.938
"7732",-1855.452
"7733",-1752.656
"7734",-1618.593
"7735",-1801.932
"7736",-1754.817
"7737",-1857.1
"7738",-1922.969
"7739",-1857.686
"7740",-1788.172
"7741",-1740.562
"7742",-1829.123
"7743",-1689.885
"7744",-1883.597
"7745",-1692.121
"7746",-1832.447
"7747",-1653.98
"7748",-1743.76
"7749",-1777.418
"7750",-1713.888
"7751",-1706.483
"7752",-1891.463
"7753",-1773
"7754",-1792.082
"7755",-1867.847
"7756",-1757.684
"7757",-1788.98
"7758",-1822.565
"7759",-1772.36
"7760",-1754.151
"7761",-1728.776
"7762",-1691.204
"7763",-1778.519
"7764",-1873.283
"7765",-1811.213
"7766",-1722.015
"7767",-1802.495
"7768",-1809.368
"7769",-1822.329
"7770",-1748.936
"7771",-1834.668
"7772",-1736.725
"7773",-1825.8
"7774",-1821.499
"7775",-1782.867
"7776",-1887.712
"7777",-1766.841
"7778",-1858.474
"7779",-1821.75
"7780",-1866.483
"7781",-1840.954
"7782",-1779.523
"7783",-1743.928
"7784",-1772.207
"7785",-1690.19
"7786",-1749.727
"7787",-1944.667
"7788",-1727.215
"7789",-1653.728
"7790",-1847.822
"7791",-1806.849
"7792",-1697.938
"7793",-1846.476
"7794",-1828.925
"7795",-1746.078
"7796",-1758.02
"7797",-1761.449
"7798",-1804.053
"7799",-1734.887
"7800",-1838.551
"7801",-1831.04
"7802",-1731.176
"7803",-1759.584
"7804",-1859.994
"7805",-1775.757
"7806",-1793.738
"7807",-1727.253
"7808",-1774.942
"7809",-1735.433
"7810",-1683.665
"7811",-1793.459
"7812",-1698.507
"7813",-1876.434
"7814",-1808.7
"7815",-1837.033
"7816",-1861.809
"7817",-1760.792
"7818",-1702.38
"7819",-1745.665
"7820",-1708.705
"7821",-1701.095
"7822",-1888.252
"7823",-1791.541
"7824",-1779.875
"7825",-1659.23
"7826",-1782.929
"7827",-1754.571
"7828",-1826.804
"7829",-1785.234
"7830",-1814.614
"7831",-1814.07
"7832",-1856.451
"7833",-1763.531
"7834",-1777.763
"7835",-1826.665
"7836",-1648.406
"7837",-1835.35
"7838",-1745.113
"7839",-1817.565
"7840",-1700.366
"7841",-1621.309
"7842",-1767.647
"7843",-1819.477
"7844",-1752.749
"7845",-1767.753
"7846",-1831.496
"7847",-1610.079
"7848",-1892.587
"7849",-1832.036
"7850",-1640.455
"7851",-1703.859
"7852",-1815.749
"7853",-1774.98
"7854",-1702.778
"7855",-1769.986
"7856",-1773.95
"7857",-1712.601
"7858",-1900.461
"7859",-1752.297
"7860",-1793.285
"7861",-1727.168
"7862",-1763.028
"7863",-1853.795
"7864",-1842.62
"7865",-1734.467
"7866",-1787.216
"7867",-1779.159
"7868",-1678.247
"7869",-1750.287
"7870",-1795.461
"7871",-1790.395
"7872",-1756.439
"7873",-1773.453
"7874",-1833.953
"7875",-1729.368
"7876",-1844.1
"7877",-1779.926
"7878",-1755.948
"7879",-1781.196
"7880",-1729.307
"7881",-1678.237
"7882",-1713.711
"7883",-1847.143
"7884",-1813.009
"7885",-1832.079
"7886",-1822.834
"7887",-1669.861
"7888",-1803.427
"7889",-1708.173
"7890",-1763.593
"7891",-1773.918
"7892",-1965.907
"7893",-1832.148
"7894",-1718.986
"7895",-1744.36
"7896",-1815.503
"7897",-1762.031
"7898",-1831.795
"7899",-1720.986
"7900",-1748.37
"7901",-1832.996
"7902",-1640.068
"7903",-1811.003
"7904",-1867.979
"7905",-1794.408
"7906",-1732.285
"7907",-1687.223
"7908",-1805.936
"7909",-1784.591
"7910",-1782.843
"7911",-1794.057
"7912",-1762.588
"7913",-1787.225
"7914",-1704.624
"7915",-1725.443
"7916",-1839.012
"7917",-1743.657
"7918",-1799.564
"7919",-1839.152
"7920",-1819.176
"7921",-1857.404
"7922",-1703.367
"7923",-1802.402
"7924",-1686.292
"7925",-1675.158
"7926",-1753.412
"7927",-1672.046
"7928",-1712.781
"7929",-1834.944
"7930",-1798.02
"7931",-1803.823
"7932",-1682.156
"7933",-1951.111
"7934",-1568.691
"7935",-1775.577
"7936",-1725.35
"7937",-1822.225
"7938",-1830.581
"7939",-1870.434
"7940",-1758.344
"7941",-1688.961
"7942",-1852.257
"7943",-1776.263
"7944",-1685.606
"7945",-1880.501
"7946",-1808.201
"7947",-1743.314
"7948",-1724.826
"7949",-1730.514
"7950",-1700.411
"7951",-1744.214
"7952",-1831.378
"7953",-1791.686
"7954",-1784.018
"7955",-1640.753
"7956",-1797.447
"7957",-1792.745
"7958",-1726.566
"7959",-1791.721
"7960",-1674.677
"7961",-1939.252
"7962",-1763.672
"7963",-1846.061
"7964",-1834.083
"7965",-1780.845
"7966",-1836.196
"7967",-1815.693
"7968",-1764.677
"7969",-1723.773
"7970",-1805.212
"7971",-1739.622
"7972",-1767.31
"7973",-1734.494
"7974",-1755.856
"7975",-1858.622
"7976",-1768.523
"7977",-1707.646
"7978",-1768.566
"7979",-1819.124
"7980",-1707.221
"7981",-1800.24
"7982",-1820.111
"7983",-1704.18
"7984",-1837.113
"7985",-1734.822
"7986",-1722.261
"7987",-1825.974
"7988",-1776.393
"7989",-1816.859
"7990",-1792.772
"7991",-1820.243
"7992",-1733.573
"7993",-1729.243
"7994",-1807.185
"7995",-1769.261
"7996",-1701.577
"7997",-1836.122
"7998",-1728.845
"7999",-1782.775
"8000",-1817.326
"8001",-1802.134
"8002",-1787.91
"8003",-1834.367
"8004",-1802.742
"8005",-1798.969
"8006",-1720.601
"8007",-1760.94
"8008",-1796.898
"8009",-1737.194
"8010",-1716.691
"8011",-1907.178
"8012",-1704.489
"8013",-1827.86
"8014",-1837.157
"8015",-1748.736
"8016",-1766.274
"8017",-1848.804
"8018",-1904.616
"8019",-1803.805
"8020",-1790.862
"8021",-1719.994
"8022",-1688.82
"8023",-1700.552
"8024",-1799.413
"8025",-1713.463
"8026",-1771.234
"8027",-1764.466
"8028",-1796.7
"8029",-1794.302
"8030",-1843.748
"8031",-1791.204
"8032",-1879.375
"8033",-1726.565
"8034",-1847.868
"8035",-1842.266
"8036",-1791.388
"8037",-1850.326
"8038",-1714.587
"8039",-1793.404
"8040",-1832.287
"8041",-1801.078
"8042",-1792.792
"8043",-1713.144
"8044",-1799.675
"8045",-1804.774
"8046",-1854.469
"8047",-1814.806
"8048",-1798.692
"8049",-1792.766
"8050",-1743.609
"8051",-1779.621
"8052",-1821.838
"8053",-1724.945
"8054",-1766.164
"8055",-1752.361
"8056",-1768.998
"8057",-1709.547
"8058",-1768.379
"8059",-1845.375
"8060",-1913.894
"8061",-1721.813
"8062",-1845.697
"8063",-1725.36
"8064",-1823.517
"8065",-1832.135
"8066",-1761.975
"8067",-1880.458
"8068",-1764.037
"8069",-1748.735
"8070",-1833.262
"8071",-1713.688
"8072",-1921.473
"8073",-1779.253
"8074",-1738.646
"8075",-1726.31
"8076",-1725.52
"8077",-1796.238
"8078",-1806.548
"8079",-1802.056
"8080",-1912.478
"8081",-1814.57
"8082",-1776.019
"8083",-1737.666
"8084",-1803.315
"8085",-1780.157
"8086",-1837.319
"8087",-1739.676
"8088",-1738.193
"8089",-1679.673
"8090",-1786.597
"8091",-1751.487
"8092",-1734.699
"8093",-1732.167
"8094",-1712.333
"8095",-1683.758
"8096",-1820.956
"8097",-1849.954
"8098",-1799.573
"8099",-1787.147
"8100",-1758.01
"8101",-1778.014
"8102",-1817.079
"8103",-1794.505
"8104",-1619.609
"8105",-1853.717
"8106",-1727.394
"8107",-1847.45
"8108",-1722.062
"8109",-1748.324
"8110",-1930.624
"8111",-1778.621
"8112",-1808.36
"8113",-1749.765
"8114",-1711.38
"8115",-1845.195
"8116",-1756.161
"8117",-1810.459
"8118",-1789.039
"8119",-1627.361
"8120",-1883.617
"8121",-1865.055
"8122",-1716.306
"8123",-1803.925
"8124",-1776.857
"8125",-1859.25
"8126",-1934.856
"8127",-1871.271
"8128",-1805.023
"8129",-1604.524
"8130",-1710.873
"8131",-1703.716
"8132",-1771.291
"8133",-1812.349
"8134",-1774.204
"8135",-1799.903
"8136",-1713.01
"8137",-1828.861
"8138",-1816.38
"8139",-1711.948
"8140",-1732.544
"8141",-1665.937
"8142",-1750.147
"8143",-1924.225
"8144",-1632.579
"8145",-1800.891
"8146",-1737.744
"8147",-1806.559
"8148",-1792.984
"8149",-1813.843
"8150",-1738.494
"8151",-1715.225
"8152",-1772.354
"8153",-1827.093
"8154",-1685.007
"8155",-1759.881
"8156",-1804.241
"8157",-1759.466
"8158",-1720.64
"8159",-1780.43
"8160",-1733.558
"8161",-1843.528
"8162",-1704.762
"8163",-1766.407
"8164",-1866.16
"8165",-1730.243
"8166",-1850.974
"8167",-1724.533
"8168",-1849.73
"8169",-1875.297
"8170",-1731.716
"8171",-1716.457
"8172",-1735.571
"8173",-1720.741
"8174",-1738.57
"8175",-1810.644
"8176",-1845.2
"8177",-1850.12
"8178",-1837.613
"8179",-1790.553
"8180",-1842.644
"8181",-1696.266
"8182",-1828.979
"8183",-1820.316
"8184",-1731.6
"8185",-1812.629
"8186",-1797.899
"8187",-1770.988
"8188",-1732.056
"8189",-1823.195
"8190",-1871.663
"8191",-1663.362
"8192",-1756.65
"8193",-1756.811
"8194",-1885.345
"8195",-1753.403
"8196",-1812.884
"8197",-1801.416
"8198",-1754.395
"8199",-1763.847
"8200",-1698.276
"8201",-1740.666
"8202",-1751.721
"8203",-1710.494
"8204",-1825.058
"8205",-1770.649
"8206",-1855.295
"8207",-1847.808
"8208",-1816.312
"8209",-1742.905
"8210",-1796.416
"8211",-1768.789
"8212",-1823.042
"8213",-1788.944
"8214",-1813.522
"8215",-1651.801
"8216",-1781.03
"8217",-1715.29
"8218",-1750.121
"8219",-1765.531
"8220",-1743.585
"8221",-1811.554
"8222",-1797.85
"8223",-1788.33
"8224",-1704.962
"8225",-1714.128
"8226",-1684.744
"8227",-1846.045
"8228",-1778.8
"8229",-1692.465
"8230",-1735.064
"8231",-1721.695
"8232",-1835.364
"8233",-1761.47
"8234",-1751.344
"8235",-1755.23
"8236",-1769.227
"8237",-1742.723
"8238",-1786.377
"8239",-1814.395
"8240",-1702.38
"8241",-1692.74
"8242",-1704.642
"8243",-1807.387
"8244",-1733.792
"8245",-1785.679
"8246",-1797.425
"8247",-1762.161
"8248",-1740.976
"8249",-1715.368
"8250",-1766.829
"8251",-1706.978
"8252",-1798.678
"8253",-1786.598
"8254",-1736.984
"8255",-1785.57
"8256",-1645.583
"8257",-1840.299
"8258",-1795.175
"8259",-1759.107
"8260",-1795.652
"8261",-1780.805
"8262",-1833.911
"8263",-1665.065
"8264",-1861.997
"8265",-1822.252
"8266",-1658.417
"8267",-1816.522
"8268",-1684.485
"8269",-1753.958
"8270",-1789.293
"8271",-1817.194
"8272",-1834.943
"8273",-1833.563
"8274",-1816.917
"8275",-1819.987
"8276",-1804.104
"8277",-1752.185
"8278",-1765.691
"8279",-1854.617
"8280",-1706.994
"8281",-1824.438
"8282",-1712.409
"8283",-1839.528
"8284",-1717.363
"8285",-1763.389
"8286",-1735.945
"8287",-1695.376
"8288",-1700.607
"8289",-1810.077
"8290",-1832.532
"8291",-1722.246
"8292",-1798.03
"8293",-1825.995
"8294",-1701.705
"8295",-1704.485
"8296",-1795.628
"8297",-1731.008
"8298",-1687.04
"8299",-1819.048
"8300",-1724.76
"8301",-1743.89
"8302",-1854.963
"8303",-1809.313
"8304",-1783.57
"8305",-1863.932
"8306",-1807.32
"8307",-1827.168
"8308",-1922.607
"8309",-1714.708
"8310",-1809.726
"8311",-1694.301
"8312",-1784.229
"8313",-1681.635
"8314",-1822.099
"8315",-1761.814
"8316",-1791.276
"8317",-1762.639
"8318",-1670.456
"8319",-1647.481
"8320",-1827.072
"8321",-1623.74
"8322",-1803.852
"8323",-1675.843
"8324",-1770.019
"8325",-1814.555
"8326",-1834.122
"8327",-1808.119
"8328",-1782.508
"8329",-1814.245
"8330",-1753.642
"8331",-1867.752
"8332",-1761.036
"8333",-1794.099
"8334",-1841.867
"8335",-1778.216
"8336",-1724.957
"8337",-1852.559
"8338",-1701.062
"8339",-1810.041
"8340",-1646.747
"8341",-1751.5
"8342",-1731.398
"8343",-1798.831
"8344",-1752.898
"8345",-1833.099
"8346",-1705.835
"8347",-1817.716
"8348",-1623.71
"8349",-1774.875
"8350",-1636.917
"8351",-1705.187
"8352",-1829.486
"8353",-1840.667
"8354",-1783.918
"8355",-1821.612
"8356",-1797.767
"8357",-1752.582
"8358",-1774.489
"8359",-1721.775
"8360",-1744.315
"8361",-1743.934
"8362",-1782.051
"8363",-1735.273
"8364",-1789.369
"8365",-1783.627
"8366",-1807.91
"8367",-1759.51
"8368",-1837.94
"8369",-1749.273
"8370",-1767.851
"8371",-1821.492
"8372",-1799.837
"8373",-1793.903
"8374",-1763.147
"8375",-1766.229
"8376",-1849.942
"8377",-1646.939
"8378",-1750.666
"8379",-1753.579
"8380",-1886.063
"8381",-1786.512
"8382",-1726.153
"8383",-1832.768
"8384",-1784.16
"8385",-1801.244
"8386",-1694.277
"8387",-1740.737
"8388",-1710.726
"8389",-1866.59
"8390",-1698.17
"8391",-1922.425
"8392",-1780.454
"8393",-1795.34
"8394",-1865.479
"8395",-1696.123
"8396",-1723.538
"8397",-1760.593
"8398",-1805.24
"8399",-1768.135
"8400",-1876.707
"8401",-1764.653
"8402",-1774.186
"8403",-1710.677
"8404",-1696.489
"8405",-1706.375
"8406",-1759.758
"8407",-1819.96
"8408",-1730.474
"8409",-1957.321
"8410",-1902.369
"8411",-1896.557
"8412",-1706.35
"8413",-1734.359
"8414",-1711.24
"8415",-1951.385
"8416",-1793.456
"8417",-1831.828
"8418",-1837.391
"8419",-1812.425
"8420",-1753.981
"8421",-1756.012
"8422",-1819.419
"8423",-1812.452
"8424",-1724.567
"8425",-1775.183
"8426",-1767.214
"8427",-1711.582
"8428",-1716.076
"8429",-1822.242
"8430",-1808.686
"8431",-1748.994
"8432",-1827.992
"8433",-1737.613
"8434",-1789.296
"8435",-1830.639
"8436",-1756.076
"8437",-1661.816
"8438",-1649.623
"8439",-1837.755
"8440",-1786.595
"8441",-1819.406
"8442",-1856.846
"8443",-1677.294
"8444",-1902.808
"8445",-1723.917
"8446",-1865.577
"8447",-1864.39
"8448",-1766.679
"8449",-1829.197
"8450",-1852.125
"8451",-1716.532
"8452",-1686.377
"8453",-1769.166
"8454",-1782.03
"8455",-1868.94
"8456",-1858.305
"8457",-1727.657
"8458",-1778.53
"8459",-1698.265
"8460",-1710.034
"8461",-1788.412
"8462",-1922.913
"8463",-1721.695
"8464",-1777.528
"8465",-1814.653
"8466",-1733.303
"8467",-1866.569
"8468",-1740.362
"8469",-1766.846
"8470",-1777.906
"8471",-1695.281
"8472",-1801.365
"8473",-1921.412
"8474",-1655.564
"8475",-1796.502
"8476",-1737.103
"8477",-1709.598
"8478",-1886.86
"8479",-1726.157
"8480",-1812.891
"8481",-1733.245
"8482",-1799.021
"8483",-1773.605
"8484",-1764.326
"8485",-1734.068
"8486",-1749.664
"8487",-1825.521
"8488",-1811.995
"8489",-1807.937
"8490",-1806.676
"8491",-1663.048
"8492",-1824.933
"8493",-1673.193
"8494",-1806.266
"8495",-1751.789
"8496",-1710.853
"8497",-1824.489
"8498",-1760.783
"8499",-1741.356
"8500",-1767.157
"8501",-1818.901
"8502",-1788.256
"8503",-1835.627
"8504",-1717.085
"8505",-1785.561
"8506",-1763.582
"8507",-1696.712
"8508",-1787.341
"8509",-1939.046
"8510",-1727.064
"8511",-1782.09
"8512",-1703.677
"8513",-1698.595
"8514",-1718.546
"8515",-1778.437
"8516",-1697.157
"8517",-1730.886
"8518",-1845.413
"8519",-1745.028
"8520",-1769.432
"8521",-1777.387
"8522",-1876.769
"8523",-1822.518
"8524",-1831.157
"8525",-1842.254
"8526",-1992.445
"8527",-1848.301
"8528",-1817.558
"8529",-1806.845
"8530",-1774.836
"8531",-1739.917
"8532",-1802.013
"8533",-1678.553
"8534",-1820.216
"8535",-1695.475
"8536",-1759.368
"8537",-1711.027
"8538",-1762.326
"8539",-1803.014
"8540",-1736.754
"8541",-1888.057
"8542",-1765.664
"8543",-1856.06
"8544",-1756.016
"8545",-1860.038
"8546",-1797.461
"8547",-1844.25
"8548",-1778.136
"8549",-1822.321
"8550",-1817.002
"8551",-1783.46
"8552",-1725.254
"8553",-1685.446
"8554",-1817.912
"8555",-1825.802
"8556",-1838.431
"8557",-1660.515
"8558",-1900.123
"8559",-1782.307
"8560",-1798.381
"8561",-1675.23
"8562",-1757.542
"8563",-1664.688
"8564",-1903.742
"8565",-1778.189
"8566",-1755.68
"8567",-1809.912
"8568",-1786.989
"8569",-1693.077
"8570",-1890.266
"8571",-1847.53
"8572",-1755.359
"8573",-1758.064
"8574",-1722.969
"8575",-1738.796
"8576",-1682.399
"8577",-1791.595
"8578",-1845.319
"8579",-1784.104
"8580",-1728.738
"8581",-1875.649
"8582",-1756.48
"8583",-1829.93
"8584",-1670.354
"8585",-1785.16
"8586",-1843.319
"8587",-1699.422
"8588",-1697.351
"8589",-1854.679
"8590",-1777.423
"8591",-1644.848
"8592",-1862.079
"8593",-1735.844
"8594",-1783.537
"8595",-1728.26
"8596",-1709.306
"8597",-1790.201
"8598",-1828.845
"8599",-1724.889
"8600",-1807.613
"8601",-1763.709
"8602",-1808.005
"8603",-1697.253
"8604",-1722.886
"8605",-1686.079
"8606",-1958.517
"8607",-1665.795
"8608",-1831.095
"8609",-1735.446
"8610",-1839.979
"8611",-1712.957
"8612",-1838.523
"8613",-1722.728
"8614",-1720.326
"8615",-1793.407
"8616",-1751.302
"8617",-1833.142
"8618",-1692.155
"8619",-1901.505
"8620",-1789.859
"8621",-1758.811
"8622",-1806.131
"8623",-1853.789
"8624",-1738.313
"8625",-1751.365
"8626",-1639.009
"8627",-1767.42
"8628",-1798.059
"8629",-1763.363
"8630",-1878.302
"8631",-1809.605
"8632",-1833.702
"8633",-1838.532
"8634",-1691.175
"8635",-1731.674
"8636",-1824.747
"8637",-1825.156
"8638",-1807.968
"8639",-1743.981
"8640",-1661.018
"8641",-1934.553
"8642",-1788.637
"8643",-1696.192
"8644",-1688.215
"8645",-1715.727
"8646",-1720.094
"8647",-1766.465
"8648",-1815.081
"8649",-1837.729
"8650",-1767.819
"8651",-1760.84
"8652",-1722.542
"8653",-1788.862
"8654",-1843.136
"8655",-1763.854
"8656",-1762.342
"8657",-1853.047
"8658",-1885.651
"8659",-1802.337
"8660",-1701.749
"8661",-1699.227
"8662",-1663.174
"8663",-1785.172
"8664",-1664.976
"8665",-1886.49
"8666",-1767.239
"8667",-1749.076
"8668",-1717.311
"8669",-1764.48
"8670",-1769.918
"8671",-1783.312
"8672",-1815.534
"8673",-1700.358
"8674",-1803.973
"8675",-1808.906
"8676",-1863.558
"8677",-1730.105
"8678",-1861.154
"8679",-1883.886
"8680",-1701.741
"8681",-1783.465
"8682",-1810.317
"8683",-1763.553
"8684",-1748.137
"8685",-1798.625
"8686",-1735.566
"8687",-1825.156
"8688",-1823.182
"8689",-1866.099
"8690",-1752.724
"8691",-1734.442
"8692",-1634.681
"8693",-1702.462
"8694",-1705.727
"8695",-1723.369
"8696",-1831.62
"8697",-1809.285
"8698",-1731.638
"8699",-1634.797
"8700",-1763.767
"8701",-1745.141
"8702",-1866.27
"8703",-1772.709
"8704",-1796.659
"8705",-1736.354
"8706",-1822.032
"8707",-1657.916
"8708",-1726.947
"8709",-1727.755
"8710",-1826.849
"8711",-1782.579
"8712",-1677.522
"8713",-1822.277
"8714",-1837.133
"8715",-1714.438
"8716",-1774.498
"8717",-1677.905
"8718",-1788.78
"8719",-1792.889
"8720",-1858.935
"8721",-1685.195
"8722",-1851.714
"8723",-1638.669
"8724",-1759.411
"8725",-1771.444
"8726",-1801.814
"8727",-1753.771
"8728",-1879.944
"8729",-1784.268
"8730",-1773.898
"8731",-1770.306
"8732",-1675.992
"8733",-1676.495
"8734",-1817.74
"8735",-1773.607
"8736",-1898.454
"8737",-1848.995
"8738",-1760.287
"8739",-1905.605
"8740",-1793.673
"8741",-1786.834
"8742",-1811.92
"8743",-1727.539
"8744",-1889.031
"8745",-1735.065
"8746",-1607.53
"8747",-1817.291
"8748",-1677.877
"8749",-1856.849
"8750",-1742.785
"8751",-1813.495
"8752",-1759.673
"8753",-1902.873
"8754",-1785.928
"8755",-1872.181
"8756",-1779.775
"8757",-1867.224
"8758",-1709.507
"8759",-1728.704
"8760",-1816.452
"8761",-1725.703
"8762",-1706.003
"8763",-1768.265
"8764",-1871.748
"8765",-1776.762
"8766",-1788.002
"8767",-1809.912
"8768",-1756.094
"8769",-1728.104
"8770",-1813.823
"8771",-1805.507
"8772",-1727.353
"8773",-1789.075
"8774",-1696.638
"8775",-1790.654
"8776",-1767.377
"8777",-1836.971
"8778",-1735.099
"8779",-1760.433
"8780",-1825.747
"8781",-1814.562
"8782",-1681.12
"8783",-1740.273
"8784",-1663.436
"8785",-1843.64
"8786",-1872.12
"8787",-1717.633
"8788",-1839.757
"8789",-1771.212
"8790",-1722.085
"8791",-1891.19
"8792",-1801.497
"8793",-1861.712
"8794",-1744.436
"8795",-1864.898
"8796",-1670.319
"8797",-1700.124
"8798",-1723.435
"8799",-1739.923
"8800",-1795.332
"8801",-1790.31
"8802",-1803.079
"8803",-1731.972
"8804",-1752.79
"8805",-1780.104
"8806",-1765.551
"8807",-1701.224
"8808",-1769.313
"8809",-1902.459
"8810",-1765.442
"8811",-1758.847
"8812",-1828.41
"8813",-1767.121
"8814",-1805.881
"8815",-1661.504
"8816",-1767.699
"8817",-1715.523
"8818",-1744.618
"8819",-1810.083
"8820",-1693.056
"8821",-1768.688
"8822",-1783.635
"8823",-1811.488
"8824",-1769.695
"8825",-1787.121
"8826",-1804.237
"8827",-1795.553
"8828",-1834.262
"8829",-1807.848
"8830",-1688.421
"8831",-1704.821
"8832",-1802.095
"8833",-1808.458
"8834",-1802.655
"8835",-1942.511
"8836",-1777.199
"8837",-1826.216
"8838",-1649.676
"8839",-1770.383
"8840",-1779.505
"8841",-1759.916
"8842",-1839.478
"8843",-1766.927
"8844",-1744.021
"8845",-1791.267
"8846",-1862.718
"8847",-1907.444
"8848",-1788.333
"8849",-1787.75
"8850",-1804.104
"8851",-1650.01
"8852",-1701.07
"8853",-1792.879
"8854",-1776.666
"8855",-1860.08
"8856",-1805.486
"8857",-1737.347
"8858",-1786.851
"8859",-1791.187
"8860",-1878.203
"8861",-1685.108
"8862",-1867.54
"8863",-1752.881
"8864",-1753.745
"8865",-1654.318
"8866",-1743.283
"8867",-1757.473
"8868",-1787.494
"8869",-1846.559
"8870",-1716.272
"8871",-1708.584
"8872",-1787.198
"8873",-1903.186
"8874",-1768.671
"8875",-1881.318
"8876",-1770.103
"8877",-1825.145
"8878",-1823.687
"8879",-1728.737
"8880",-1751.753
"8881",-1840.413
"8882",-1717.652
"8883",-1663.95
"8884",-1698.643
"8885",-1782.769
"8886",-1734.665
"8887",-1701.725
"8888",-1677.131
"8889",-1791.966
"8890",-1859.12
"8891",-1787.863
"8892",-1739.413
"8893",-1801.947
"8894",-1938.716
"8895",-1657.242
"8896",-1869.173
"8897",-1675.617
"8898",-1792.204
"8899",-1852.338
"8900",-1840.388
"8901",-1750.13
"8902",-1685.69
"8903",-1652.434
"8904",-1748.868
"8905",-1882.626
"8906",-1759.47
"8907",-1785.601
"8908",-1758.907
"8909",-1744.107
"8910",-1914.038
"8911",-1680.088
"8912",-1855.492
"8913",-1769.371
"8914",-1658.589
"8915",-1801.255
"8916",-1761.839
"8917",-1754.076
"8918",-1824.192
"8919",-1763.236
"8920",-1767.424
"8921",-1820.537
"8922",-1719.942
"8923",-1796.586
"8924",-1793.365
"8925",-1750.564
"8926",-1829.845
"8927",-1862.759
"8928",-1681.719
"8929",-1744.216
"8930",-1775.464
"8931",-1749.802
"8932",-1731.439
"8933",-1896.048
"8934",-1750.392
"8935",-1718.69
"8936",-1817.039
"8937",-1620.675
"8938",-1752.062
"8939",-1777.513
"8940",-1853.182
"8941",-1779.308
"8942",-1788.196
"8943",-1841.817
"8944",-1761.282
"8945",-1788.755
"8946",-1870.035
"8947",-1858.567
"8948",-1690.54
"8949",-1806.926
"8950",-1945.074
"8951",-1859.718
"8952",-1688.342
"8953",-1687.621
"8954",-1760.922
"8955",-1797.762
"8956",-1676.904
"8957",-1703.475
"8958",-1914.445
"8959",-1759.204
"8960",-1936.191
"8961",-1805.343
"8962",-1835.963
"8963",-1839.647
"8964",-1795.751
"8965",-1608.461
"8966",-1826.214
"8967",-1822.69
"8968",-1789.545
"8969",-1723.437
"8970",-1764.796
"8971",-1810.513
"8972",-1705.047
"8973",-1807.51
"8974",-1774.503
"8975",-1770.326
"8976",-1727.598
"8977",-1817.065
"8978",-1803.402
"8979",-1792.505
"8980",-1749.097
"8981",-1791.929
"8982",-1690.735
"8983",-1697.844
"8984",-1896.236
"8985",-1879.751
"8986",-1701.432
"8987",-1820.478
"8988",-1696.557
"8989",-1686.063
"8990",-1583.338
"8991",-1647.58
"8992",-1722.347
"8993",-1764.051
"8994",-1724.201
"8995",-1823.544
"8996",-1721.192
"8997",-1778.415
"8998",-1873.772
"8999",-1826.938
"9000",-1763.506
"9001",-1671.228
"9002",-1759.222
"9003",-1758.437
"9004",-1837.572
"9005",-1749.614
"9006",-1813.15
"9007",-1692.262
"9008",-1809.056
"9009",-1733.462
"9010",-1843.843
"9011",-1731.42
"9012",-1841.048
"9013",-1723.623
"9014",-1777.987
"9015",-1774.048
"9016",-1782.509
"9017",-1722.553
"9018",-1681.459
"9019",-1723.636
"9020",-1757.37
"9021",-1748.868
"9022",-1763.554
"9023",-1667.832
"9024",-1771.202
"9025",-1830.014
"9026",-1788.761
"9027",-1746.883
"9028",-1842.463
"9029",-1717.138
"9030",-1790.404
"9031",-1713.562
"9032",-1657.722
"9033",-1866.633
"9034",-1757.27
"9035",-1799.37
"9036",-1763.539
"9037",-1632.106
"9038",-1714.623
"9039",-1853.934
"9040",-1709.378
"9041",-1751.476
"9042",-1917.96
"9043",-1793.452
"9044",-1907.208
"9045",-1707.016
"9046",-1839.209
"9047",-1734.508
"9048",-1862.346
"9049",-1726.32
"9050",-1850.665
"9051",-1683.796
"9052",-1739.862
"9053",-1765.641
"9054",-1834.792
"9055",-1783.705
"9056",-1891.464
"9057",-1721.927
"9058",-1700.907
"9059",-1862.929
"9060",-1712.465
"9061",-1658.109
"9062",-1832.375
"9063",-1697.927
"9064",-1828.933
"9065",-1843.558
"9066",-1742.733
"9067",-1756.786
"9068",-1831.416
"9069",-1699.29
"9070",-1759.831
"9071",-1816.776
"9072",-1806.731
"9073",-1827.061
"9074",-1826.441
"9075",-1740.22
"9076",-1684.189
"9077",-1801.542
"9078",-1871.817
"9079",-1771.788
"9080",-1780.954
"9081",-1860.646
"9082",-1787.617
"9083",-1821.709
"9084",-1834.414
"9085",-1751.6
"9086",-1789.254
"9087",-1718.592
"9088",-1765.33
"9089",-1762.241
"9090",-1869.085
"9091",-1739.016
"9092",-1691.293
"9093",-1699.905
"9094",-1714.591
"9095",-1692.771
"9096",-1691.363
"9097",-1729.932
"9098",-1752.94
"9099",-1754.562
"9100",-1794.444
"9101",-1802.063
"9102",-1689.264
"9103",-1738.881
"9104",-1784.6
"9105",-1704.449
"9106",-1738.483
"9107",-1676.036
"9108",-1733.996
"9109",-1828.334
"9110",-1733.016
"9111",-1867.56
"9112",-1692.823
"9113",-1871.598
"9114",-1626.555
"9115",-1730.074
"9116",-1823.823
"9117",-1790.084
"9118",-1708.533
"9119",-1739.337
"9120",-1772.615
"9121",-1814.504
"9122",-1745.136
"9123",-1833.124
"9124",-1798.784
"9125",-1810.213
"9126",-1768.659
"9127",-1792.051
"9128",-1772.021
"9129",-1692.39
"9130",-1886.393
"9131",-1755.368
"9132",-1730.317
"9133",-1827.334
"9134",-1733.011
"9135",-1675.7
"9136",-1791.758
"9137",-1962.385
"9138",-1803.716
"9139",-1710.854
"9140",-1849.888
"9141",-1851.183
"9142",-1711.888
"9143",-1710.958
"9144",-1748.01
"9145",-1829.376
"9146",-1735.652
"9147",-1828.657
"9148",-1753
"9149",-1693.07
"9150",-1769.675
"9151",-1712.282
"9152",-1707.628
"9153",-1751.88
"9154",-1752.3
"9155",-1869.391
"9156",-1884.087
"9157",-1628.493
"9158",-1794.355
"9159",-1752.944
"9160",-1884.78
"9161",-1768.66
"9162",-1725.715
"9163",-1735.747
"9164",-1804.384
"9165",-1752.054
"9166",-1762.148
"9167",-1723.385
"9168",-1666.536
"9169",-1739.606
"9170",-1829.059
"9171",-1881.185
"9172",-1737.663
"9173",-1774.236
"9174",-1763.963
"9175",-1825.311
"9176",-1806.464
"9177",-1719.888
"9178",-1778.24
"9179",-1631.064
"9180",-1833.625
"9181",-1781.735
"9182",-1818.588
"9183",-1840.745
"9184",-1817.441
"9185",-1781.047
"9186",-1658.196
"9187",-1728.849
"9188",-1648.785
"9189",-1708.955
"9190",-1679.078
"9191",-1777.061
"9192",-1677.737
"9193",-1752.263
"9194",-1684.262
"9195",-1641.386
"9196",-1813.279
"9197",-1721.289
"9198",-1795.318
"9199",-1822.056
"9200",-1751.584
"9201",-1744.603
"9202",-1751.656
"9203",-1756.387
"9204",-1780.3
"9205",-1852.677
"9206",-1737.537
"9207",-1786.56
"9208",-1696.491
"9209",-1786.188
"9210",-1773.667
"9211",-1714.029
"9212",-1766.227
"9213",-1821.659
"9214",-1792.122
"9215",-1768.577
"9216",-1730.96
"9217",-1695.825
"9218",-1700.871
"9219",-1783.583
"9220",-1760.965
"9221",-1842.438
"9222",-1750.841
"9223",-1737.104
"9224",-1736.049
"9225",-1775.529
"9226",-1898.22
"9227",-1869.528
"9228",-1894.867
"9229",-1756.071
"9230",-1764.388
"9231",-1916.444
"9232",-1737.801
"9233",-1802.777
"9234",-1837.589
"9235",-1787.92
"9236",-1829.383
"9237",-1883.804
"9238",-1718.834
"9239",-1614.383
"9240",-1784.196
"9241",-1699.607
"9242",-1757.02
"9243",-1703.463
"9244",-1727.967
"9245",-1827.207
"9246",-1735.622
"9247",-1763.406
"9248",-1713.187
"9249",-1665.34
"9250",-1798.05
"9251",-1770.586
"9252",-1899.465
"9253",-1758.258
"9254",-1785.431
"9255",-1713.702
"9256",-1755.323
"9257",-1853.546
"9258",-1786.788
"9259",-1723.3
"9260",-1927.133
"9261",-1863.568
"9262",-1912.091
"9263",-1743.534
"9264",-1775.941
"9265",-1783.92
"9266",-1808.31
"9267",-1694.672
"9268",-1832.176
"9269",-1686.022
"9270",-1680.105
"9271",-1798.457
"9272",-1782.025
"9273",-1611.312
"9274",-1786.839
"9275",-1726.126
"9276",-1786.207
"9277",-1811.499
"9278",-1775.318
"9279",-1775.715
"9280",-1784.337
"9281",-1884.903
"9282",-1782.033
"9283",-1783.638
"9284",-1778.933
"9285",-1718.987
"9286",-1831.402
"9287",-1700.098
"9288",-1578.351
"9289",-1757.385
"9290",-1780.864
"9291",-1766.396
"9292",-1896.951
"9293",-1736.498
"9294",-1687.655
"9295",-1736.679
"9296",-1854.952
"9297",-1717.571
"9298",-1752.389
"9299",-1799.923
"9300",-1779.621
"9301",-1790.866
"9302",-1784.633
"9303",-1843.083
"9304",-1721.46
"9305",-1788.686
"9306",-1799.565
"9307",-1862.066
"9308",-1846.521
"9309",-1704.443
"9310",-1740.2
"9311",-1748.42
"9312",-1803.285
"9313",-1791.337
"9314",-1813.119
"9315",-1736.291
"9316",-1831.118
"9317",-1814.66
"9318",-1876.799
"9319",-1679.8
"9320",-1744.625
"9321",-1747.737
"9322",-1857.126
"9323",-1726.359
"9324",-1781.316
"9325",-1704.251
"9326",-1832.471
"9327",-1733.643
"9328",-1819.999
"9329",-1884.369
"9330",-1762.041
"9331",-1835.429
"9332",-1777.928
"9333",-1830.693
"9334",-1772.493
"9335",-1636.059
"9336",-1724.419
"9337",-1593.538
"9338",-1860.022
"9339",-1744.864
"9340",-1771.651
"9341",-1831.003
"9342",-1716.73
"9343",-1794.436
"9344",-1749.615
"9345",-1931.457
"9346",-1698.273
"9347",-1752.864
"9348",-1799.683
"9349",-1789.593
"9350",-1788.504
"9351",-1764.895
"9352",-1822.951
"9353",-1847.723
"9354",-1716.26
"9355",-1814.113
"9356",-1703.484
"9357",-1906.38
"9358",-1694.897
"9359",-1788.519
"9360",-1748.788
"9361",-1739.996
"9362",-1771.901
"9363",-1827.883
"9364",-1759.541
"9365",-1792.496
"9366",-1682.38
"9367",-1825.879
"9368",-1682.592
"9369",-1753.36
"9370",-1628.71
"9371",-1711.916
"9372",-1765.701
"9373",-1770.511
"9374",-1907.86
"9375",-1719.868
"9376",-1838.043
"9377",-1870.269
"9378",-1865.315
"9379",-1680.811
"9380",-1822.341
"9381",-1801.464
"9382",-1821.54
"9383",-1871.399
"9384",-1689.037
"9385",-1720.748
"9386",-1779.759
"9387",-1801.615
"9388",-1672.161
"9389",-1773.796
"9390",-1777.183
"9391",-1839.191
"9392",-1821.521
"9393",-1674.147
"9394",-1780.978
"9395",-1969.368
"9396",-1804.868
"9397",-1699.271
"9398",-1689.338
"9399",-1752.945
"9400",-1719.332
"9401",-1759.18
"9402",-1846.623
"9403",-1776.685
"9404",-1876.652
"9405",-1691.271
"9406",-1689.974
"9407",-1673.656
"9408",-1883.366
"9409",-1759.601
"9410",-1803.736
"9411",-1638.666
"9412",-1724.638
"9413",-1730.183
"9414",-1807.092
"9415",-1688.612
"9416",-1887.456
"9417",-1813.888
"9418",-1765.392
"9419",-1871.858
"9420",-1840.334
"9421",-1753.673
"9422",-1719.789
"9423",-1836.794
"9424",-1818.487
"9425",-1828.714
"9426",-1807.613
"9427",-1718.352
"9428",-1746.623
"9429",-1700.603
"9430",-1712.268
"9431",-1757.844
"9432",-1803.833
"9433",-1883.998
"9434",-1620.68
"9435",-1760.951
"9436",-1804.659
"9437",-1789.068
"9438",-1707.032
"9439",-1662.661
"9440",-1711.047
"9441",-1770.931
"9442",-1715.679
"9443",-1752.149
"9444",-1764.917
"9445",-1837.101
"9446",-1753.008
"9447",-1733.622
"9448",-1737.526
"9449",-1673.128
"9450",-1843.461
"9451",-1860.794
"9452",-1682.144
"9453",-1756.11
"9454",-1682.352
"9455",-1639.263
"9456",-1849.371
"9457",-1631.364
"9458",-1694.098
"9459",-1774.551
"9460",-1564.78
"9461",-1779.275
"9462",-1619.377
"9463",-1791.661
"9464",-1864.532
"9465",-1721.777
"9466",-1723.058
"9467",-1776.154
"9468",-1707.203
"9469",-1714.918
"9470",-1701.574
"9471",-1713.074
"9472",-1867.981
"9473",-1726.496
"9474",-1766.682
"9475",-1703.516
"9476",-1770.205
"9477",-1729.752
"9478",-1901.418
"9479",-1893.391
"9480",-1705.048
"9481",-1792.327
"9482",-1829.253
"9483",-1777.593
"9484",-1750.26
"9485",-1845.833
"9486",-1805.831
"9487",-1854.649
"9488",-1708.819
"9489",-1683.735
"9490",-1827.038
"9491",-1729.689
"9492",-1772.897
"9493",-1742.046
"9494",-1769.013
"9495",-1664.315
"9496",-1760.916
"9497",-1747.879
"9498",-1829.297
"9499",-1681.164
"9500",-1735.009
"9501",-1756.703
"9502",-1730.004
"9503",-1812.106
"9504",-1771.468
"9505",-1780.07
"9506",-1765.278
"9507",-1706.538
"9508",-1736.292
"9509",-1781.618
"9510",-1814.041
"9511",-1785.876
"9512",-1777.107
"9513",-1847.667
"9514",-1759.786
"9515",-1723.608
"9516",-1889.374
"9517",-1682.458
"9518",-1816.574
"9519",-1803.325
"9520",-1838.819
"9521",-1845.667
"9522",-1847.071
"9523",-1729.47
"9524",-1784.424
"9525",-1872.157
"9526",-1754.849
"9527",-1811.699
"9528",-1749.373
"9529",-1713.055
"9530",-1916.299
"9531",-1725.464
"9532",-1765.307
"9533",-1881.534
"9534",-1861.669
"9535",-1725.091
"9536",-1649.762
"9537",-1873.275
"9538",-1773.333
"9539",-1683.706
"9540",-1796.815
"9541",-1815.969
"9542",-1899.709
"9543",-1781.804
"9544",-1779.627
"9545",-1708.228
"9546",-1775.066
"9547",-1721.625
"9548",-1856.028
"9549",-1760.705
"9550",-1762.703
"9551",-1707.98
"9552",-1874.141
"9553",-1785.72
"9554",-1686.683
"9555",-1754.791
"9556",-1754.754
"9557",-1723.807
"9558",-1709.246
"9559",-1733.048
"9560",-1752.747
"9561",-1814.429
"9562",-1764.016
"9563",-1721.653
"9564",-1733.446
"9565",-1785.676
"9566",-1721.554
"9567",-1634.93
"9568",-1836.917
"9569",-1761.397
"9570",-1838.596
"9571",-1789.987
"9572",-1838.976
"9573",-1754.538
"9574",-1712.362
"9575",-1741.179
"9576",-1915.732
"9577",-1767.82
"9578",-1655.644
"9579",-1907.369
"9580",-1798.247
"9581",-1656.755
"9582",-1834.186
"9583",-1841.816
"9584",-1835.3
"9585",-1714.564
"9586",-1830.622
"9587",-1759.401
"9588",-1803.666
"9589",-1933.227
"9590",-1701.302
"9591",-1826.152
"9592",-1707.316
"9593",-1706.432
"9594",-1926.173
"9595",-1983.231
"9596",-1766.202
"9597",-1791.657
"9598",-1906.919
"9599",-1837.022
"9600",-1750.059
"9601",-1925.463
"9602",-1775.731
"9603",-1845.158
"9604",-1911.953
"9605",-1745.903
"9606",-1787.707
"9607",-1729.56
"9608",-1787.506
"9609",-1807.197
"9610",-1824.276
"9611",-1772.486
"9612",-1928.111
"9613",-1767.334
"9614",-1791.339
"9615",-1749.106
"9616",-1830.02
"9617",-1704.089
"9618",-1777.228
"9619",-1754.684
"9620",-1985.179
"9621",-1812.161
"9622",-1785.424
"9623",-1801.005
"9624",-1757.309
"9625",-1729.544
"9626",-1757.931
"9627",-1860.786
"9628",-1790.898
"9629",-1843.682
"9630",-1761.458
"9631",-1894.027
"9632",-1738.999
"9633",-1731.567
"9634",-1794.377
"9635",-1733.428
"9636",-1909.959
"9637",-1742.56
"9638",-1862.499
"9639",-1920.599
"9640",-1676.643
"9641",-1744.406
"9642",-1765.075
"9643",-1819.061
"9644",-1740.978
"9645",-1718.499
"9646",-1726.847
"9647",-1829.29
"9648",-1751.7
"9649",-1850.543
"9650",-1761.994
"9651",-1851.047
"9652",-1720.617
"9653",-1837.131
"9654",-1831.81
"9655",-1643.781
"9656",-1764.359
"9657",-1808.119
"9658",-1775.742
"9659",-1842.94
"9660",-1749.907
"9661",-1729.242
"9662",-1748.144
"9663",-1837.291
"9664",-1793.866
"9665",-1852.175
"9666",-1770.786
"9667",-1702.352
"9668",-1824.752
"9669",-1824.903
"9670",-1751.916
"9671",-1768.279
"9672",-1710.038
"9673",-1783.002
"9674",-1752.651
"9675",-1784.826
"9676",-1692.739
"9677",-1798.841
"9678",-1821.194
"9679",-1779.154
"9680",-1668.962
"9681",-1734.978
"9682",-1802.429
"9683",-1767.24
"9684",-1772.561
"9685",-1836.233
"9686",-1822.974
"9687",-1824.377
"9688",-1853.164
"9689",-1764.794
"9690",-1809.377
"9691",-1845.498
"9692",-1767.343
"9693",-1737.127
"9694",-1693.597
"9695",-1739.828
"9696",-1766.467
"9697",-1768.268
"9698",-1813.263
"9699",-1819.743
"9700",-1765.697
"9701",-1890.093
"9702",-1764.223
"9703",-1831.122
"9704",-1608.431
"9705",-1692.329
"9706",-1681.804
"9707",-1843.374
"9708",-1611.459
"9709",-1738.796
"9710",-1796.588
"9711",-1844.465
"9712",-1717.46
"9713",-1761.697
"9714",-1833.439
"9715",-1724.487
"9716",-1876.682
"9717",-1863.301
"9718",-1748.92
"9719",-1752.75
"9720",-1851.275
"9721",-1846.785
"9722",-1756.915
"9723",-1714.066
"9724",-1787.767
"9725",-1792.668
"9726",-1798.86
"9727",-1766.633
"9728",-1753.596
"9729",-1627.36
"9730",-1844.174
"9731",-1711.061
"9732",-1800.841
"9733",-1668.61
"9734",-1797.449
"9735",-1720.995
"9736",-1826.869
"9737",-1763.484
"9738",-1747.633
"9739",-1760.063
"9740",-1843.535
"9741",-1768.195
"9742",-1674.889
"9743",-1775.204
"9744",-1859.913
"9745",-1698.421
"9746",-1881.268
"9747",-1875.489
"9748",-1674.644
"9749",-1731.434
"9750",-1802.572
"9751",-1671.328
"9752",-1738.586
"9753",-1821.99
"9754",-1731.741
"9755",-1834.786
"9756",-1782.221
"9757",-1756.979
"9758",-1725.192
"9759",-1760.289
"9760",-1904.533
"9761",-1810.503
"9762",-1869.402
"9763",-1755.893
"9764",-1819.137
"9765",-1711.919
"9766",-1694.891
"9767",-1895.956
"9768",-1987.564
"9769",-1809.021
"9770",-1756.789
"9771",-1746.647
"9772",-1734.434
"9773",-1733.088
"9774",-1780.25
"9775",-1714.276
"9776",-1787.975
"9777",-1911.796
"9778",-1693.914
"9779",-1799.568
"9780",-1881.415
"9781",-1828.324
"9782",-1850.342
"9783",-1770.385
"9784",-1739.709
"9785",-1803.765
"9786",-1843.315
"9787",-1781.313
"9788",-1789.108
"9789",-1747.362
"9790",-1775.521
"9791",-1694.77
"9792",-1893.209
"9793",-1780.88
"9794",-1860.875
"9795",-1800.193
"9796",-1867.452
"9797",-1746.679
"9798",-1751.142
"9799",-1748.331
"9800",-1787.227
"9801",-1823.229
"9802",-1808.427
"9803",-1751.601
"9804",-1812.629
"9805",-1744.055
"9806",-1737.291
"9807",-1775.78
"9808",-1798.882
"9809",-1846.265
"9810",-1904.889
"9811",-1842.728
"9812",-1722.647
"9813",-1767.88
"9814",-1830.999
"9815",-1744.787
"9816",-1843.388
"9817",-1807.567
"9818",-1727.703
"9819",-1785.148
"9820",-1682.124
"9821",-1731.583
"9822",-1833.75
"9823",-1729.326
"9824",-1686.683
"9825",-1846.901
"9826",-1722.304
"9827",-1800.022
"9828",-1847.828
"9829",-1872.878
"9830",-1756.048
"9831",-1718.373
"9832",-1710.939
"9833",-1738.369
"9834",-1826.412
"9835",-1622.729
"9836",-1710.839
"9837",-1833.469
"9838",-1737.161
"9839",-1800.173
"9840",-1729.793
"9841",-1781.66
"9842",-1850.087
"9843",-1799.513
"9844",-1799.738
"9845",-1822.872
"9846",-1817.678
"9847",-1908.4
"9848",-1825.378
"9849",-1734.09
"9850",-1747.366
"9851",-1695.55
"9852",-1799.284
"9853",-1811.772
"9854",-1676.802
"9855",-1895.704
"9856",-1736.045
"9857",-1801.775
"9858",-1758.163
"9859",-1778.634
"9860",-1760.987
"9861",-1856.104
"9862",-1741.061
"9863",-1712.016
"9864",-1811.799
"9865",-1799.639
"9866",-1837.846
"9867",-1788.835
"9868",-1885.623
"9869",-1858.821
"9870",-1765.852
"9871",-1774.894
"9872",-1836.24
"9873",-1816.568
"9874",-1875.976
"9875",-1801.064
"9876",-1730.468
"9877",-1774.084
"9878",-1822.957
"9879",-1700.772
"9880",-1656.661
"9881",-1788.638
"9882",-1706.438
"9883",-1630.525
"9884",-1809.701
"9885",-1746.036
"9886",-1802.775
"9887",-1788.056
"9888",-1783.022
"9889",-1783.919
"9890",-1884.501
"9891",-1723.716
"9892",-1863.438
"9893",-1874.263
"9894",-1785.581
"9895",-1714.116
"9896",-1752.554
"9897",-1795.473
"9898",-1870.177
"9899",-1821.106
"9900",-1847.564
"9901",-1839.411
"9902",-1751.994
"9903",-1744.557
"9904",-1793.122
"9905",-1728.561
"9906",-1744.556
"9907",-1737.656
"9908",-1764.481
"9909",-1802.021
"9910",-1811.413
"9911",-1824.246
"9912",-1876.072
"9913",-1667.248
"9914",-1716.673
"9915",-1897.168
"9916",-1756.144
"9917",-1837.657
"9918",-1742.319
"9919",-1692.367
"9920",-1797.525
"9921",-1878.605
"9922",-1708.005
"9923",-1764.145
"9924",-1793.108
"9925",-1630.468
"9926",-1820.935
"9927",-1634.832
"9928",-1654.157
"9929",-1840.231
"9930",-1787.78
"9931",-1725.888
"9932",-1895.397
"9933",-1795.777
"9934",-1719.663
"9935",-1834.65
"9936",-1681.85
"9937",-1690.79
"9938",-1729.527
"9939",-1784.442
"9940",-1729.25
"9941",-1815.204
"9942",-1767.405
"9943",-1657.664
"9944",-1795.929
"9945",-1739.842
"9946",-1745.859
"9947",-1900.949
"9948",-1671.46
"9949",-1677.316
"9950",-1799.046
"9951",-1821.215
"9952",-1875.851
"9953",-1822.61
"9954",-1868.196
"9955",-1809.737
"9956",-1751.522
"9957",-1754.588
"9958",-1744.674
"9959",-1729.841
"9960",-1781.378
"9961",-1724.463
"9962",-1890.48
"9963",-1696.335
"9964",-1704.405
"9965",-1671.965
"9966",-1787.231
"9967",-1658.103
"9968",-1814.464
"9969",-1808.73
"9970",-1747.474
"9971",-1792.726
"9972",-1699.632
"9973",-1677.761
"9974",-1691.039
"9975",-1806.548
"9976",-1799.503
"9977",-1717.708
"9978",-1655.548
"9979",-1836.072
"9980",-1912.763
"9981",-1707.653
"9982",-1936.785
"9983",-1817.916
"9984",-1649.782
"9985",-1860.135
"9986",-1719.861
"9987",-1771.352
"9988",-1811.715
"9989",-1696.173
"9990",-1788.403
"9991",-1823.472
"9992",-1738.694
"9993",-1634.989
"9994",-1752.533
"9995",-1817.078
"9996",-1783.785
"9997",-1830.236
"9998",-1810.447
"9999",-1819.137
"10000",-1843.887
