"","x"
"1",-16720.169
"2",-16807.706
"3",-17399.805
"4",-16731.504
"5",-16628.649
"6",-17140.778
"7",-17270.949
"8",-16345.954
"9",-15973.083
"10",-16820.595
"11",-16379.431
"12",-16376.255
"13",-16566.093
"14",-16881.819
"15",-16719.628
"16",-16833.751
"17",-16922.367
"18",-16835.187
"19",-16886.026
"20",-17031.132
"21",-16415.076
"22",-17370.171
"23",-16648.059
"24",-16906.157
"25",-16554.693
"26",-16859.049
"27",-16650.901
"28",-16840.154
"29",-16902.378
"30",-17005.114
"31",-16552.726
"32",-17052.694
"33",-16639.581
"34",-17076.68
"35",-17116.402
"36",-16577.745
"37",-16656.654
"38",-17355.53
"39",-17284.165
"40",-16752.042
"41",-16997.794
"42",-16733.234
"43",-16450.402
"44",-17212.214
"45",-17115.705
"46",-16823.401
"47",-16590.792
"48",-16538.191
"49",-16597.456
"50",-17312.272
"51",-16607.79
"52",-16414.372
"53",-17269.39
"54",-16639.235
"55",-16461.202
"56",-16798.458
"57",-17166.51
"58",-16629.036
"59",-16787.913
"60",-16644.644
"61",-16761.405
"62",-16642.271
"63",-16936.706
"64",-16894.243
"65",-16209.339
"66",-16743.32
"67",-16915.262
"68",-17255.099
"69",-17043.13
"70",-16206.728
"71",-16665.556
"72",-16882.286
"73",-16795.839
"74",-16743.363
"75",-16800.15
"76",-17069.935
"77",-16378.449
"78",-16595.312
"79",-16951.463
"80",-16804.789
"81",-17374.725
"82",-17017.647
"83",-16783.355
"84",-16953.194
"85",-16967.072
"86",-17186.433
"87",-16337.374
"88",-17048.169
"89",-16981.014
"90",-16568.615
"91",-17192.688
"92",-16842.997
"93",-16755.758
"94",-16806.261
"95",-16309.799
"96",-16703.026
"97",-17193.252
"98",-16988.266
"99",-16273.927
"100",-16630.132
"101",-16438.228
"102",-16561.567
"103",-16551.519
"104",-17215.239
"105",-16868.222
"106",-16614.627
"107",-16828.712
"108",-16912.958
"109",-16606.689
"110",-17116.463
"111",-16547.33
"112",-16757.116
"113",-16924.789
"114",-17072.283
"115",-16947.776
"116",-16522.813
"117",-16623.64
"118",-16245.211
"119",-16714.983
"120",-16771.176
"121",-17251.106
"122",-16961.746
"123",-16769.926
"124",-16662.797
"125",-16783.73
"126",-17011.447
"127",-17247.255
"128",-16857.966
"129",-16976.372
"130",-16495.322
"131",-16488.006
"132",-16776.082
"133",-17039.526
"134",-17011.497
"135",-16929.306
"136",-17055.695
"137",-16721.677
"138",-16788.164
"139",-17214.599
"140",-16871.354
"141",-16912.195
"142",-16923.821
"143",-17038.221
"144",-16880.899
"145",-17759.836
"146",-16448.887
"147",-16731.206
"148",-16772.428
"149",-17240.768
"150",-16656.987
"151",-16322.774
"152",-16218.497
"153",-17119.619
"154",-16444.16
"155",-17230.421
"156",-16024.3
"157",-16950.063
"158",-17067.311
"159",-16729.13
"160",-16799.156
"161",-16688.465
"162",-16690.508
"163",-16520.473
"164",-16481.989
"165",-17118.746
"166",-16856.825
"167",-16922.864
"168",-16868.25
"169",-16530.084
"170",-16789.813
"171",-17253.312
"172",-16606.912
"173",-16872.107
"174",-16361.928
"175",-16392.662
"176",-16628.057
"177",-16796.706
"178",-16497.409
"179",-16665.621
"180",-16783.662
"181",-16639.565
"182",-16472.681
"183",-16947.884
"184",-16478.566
"185",-17058.441
"186",-16950.258
"187",-16707.177
"188",-16822.122
"189",-16891.97
"190",-17006.886
"191",-16519.241
"192",-16881.229
"193",-17185.562
"194",-16640.395
"195",-16843.166
"196",-16770.238
"197",-16364.634
"198",-17043.457
"199",-16738.089
"200",-17293.233
"201",-16441.375
"202",-16415.727
"203",-16970.529
"204",-16775.177
"205",-17002.149
"206",-16773.805
"207",-16894.269
"208",-17075.662
"209",-17003.326
"210",-16887.419
"211",-17036.512
"212",-16808.8
"213",-16695.53
"214",-16599.876
"215",-17041.615
"216",-16481.828
"217",-17322.121
"218",-16741.666
"219",-16512.897
"220",-16698.35
"221",-17297.077
"222",-17080.576
"223",-17031.368
"224",-16946.695
"225",-16827.53
"226",-17066.887
"227",-16410.664
"228",-16552.936
"229",-16947.644
"230",-16728.826
"231",-16420.225
"232",-16843.637
"233",-16407.707
"234",-16944.974
"235",-16862.979
"236",-16541.127
"237",-16766.609
"238",-16990.044
"239",-16766.743
"240",-17299.82
"241",-16699.266
"242",-17005.238
"243",-16929.081
"244",-16491.47
"245",-17044.778
"246",-16796.355
"247",-17161.263
"248",-16568.68
"249",-16756.857
"250",-17154.814
"251",-16756.486
"252",-17025.894
"253",-16663.058
"254",-17041.819
"255",-16610.022
"256",-16956.775
"257",-16626.901
"258",-16811.379
"259",-17372.858
"260",-17036.97
"261",-16552.35
"262",-16388.867
"263",-16295.84
"264",-16244.307
"265",-17222.199
"266",-16905.519
"267",-16759.412
"268",-16576.553
"269",-16701.006
"270",-17200.483
"271",-16420.923
"272",-16420.134
"273",-17137.112
"274",-17027.27
"275",-17061.569
"276",-16631.778
"277",-16743.305
"278",-16721.876
"279",-17093.396
"280",-16609.6
"281",-16765.338
"282",-16524.994
"283",-17134.483
"284",-16725.682
"285",-16878.527
"286",-16717.093
"287",-16855.574
"288",-16437.597
"289",-16803.798
"290",-16850.483
"291",-16982.814
"292",-16620.249
"293",-16838.564
"294",-16787.895
"295",-17080.312
"296",-16606.808
"297",-16871.435
"298",-16210.286
"299",-16824.46
"300",-16613.068
"301",-16803.498
"302",-17073.826
"303",-16304.404
"304",-16765.051
"305",-16581.668
"306",-17129.757
"307",-16229.084
"308",-16714.246
"309",-16829.617
"310",-16502.271
"311",-16964.989
"312",-16630.88
"313",-16601.903
"314",-16633.046
"315",-16785.829
"316",-16677.758
"317",-16712.87
"318",-16276.919
"319",-17383.416
"320",-16467.05
"321",-16373.935
"322",-16959.722
"323",-17098.092
"324",-16706.877
"325",-16897.164
"326",-16382.519
"327",-16956.109
"328",-16913.106
"329",-16730.63
"330",-16849.367
"331",-16571.367
"332",-16553.282
"333",-16959.33
"334",-16573.641
"335",-16738.117
"336",-16408.722
"337",-17270.243
"338",-16447.544
"339",-16596.214
"340",-16637.334
"341",-16906.36
"342",-16482.776
"343",-16726.621
"344",-16579.774
"345",-16954.602
"346",-16502.418
"347",-17198.584
"348",-16532.629
"349",-16816.763
"350",-16735.927
"351",-16125.674
"352",-17171.074
"353",-16800.322
"354",-16541.148
"355",-16743.486
"356",-16967.837
"357",-16623.641
"358",-17213.878
"359",-16384.244
"360",-16379.062
"361",-16919.066
"362",-16587.338
"363",-16171.957
"364",-16544.96
"365",-17047.241
"366",-17095.974
"367",-16608.3
"368",-16987.004
"369",-17055.986
"370",-16793.528
"371",-16625.628
"372",-16900.5
"373",-16639.552
"374",-16859.295
"375",-16749.193
"376",-16957.22
"377",-16731.392
"378",-17001.256
"379",-16976.252
"380",-16687.838
"381",-16747.573
"382",-16887.732
"383",-16690.231
"384",-16716.396
"385",-16241.803
"386",-16713.047
"387",-16535.959
"388",-16733.484
"389",-17049.359
"390",-17212.153
"391",-16586
"392",-17133.416
"393",-16676.106
"394",-16578.137
"395",-16352.204
"396",-17078.809
"397",-16958.096
"398",-16524.89
"399",-16586.507
"400",-16174.725
"401",-16968.432
"402",-16950.01
"403",-16895.138
"404",-16881.243
"405",-16561.356
"406",-17146.896
"407",-16781.955
"408",-17201.684
"409",-16798.916
"410",-16533.483
"411",-17142.088
"412",-16548.996
"413",-16742.029
"414",-16324.491
"415",-16732.689
"416",-16780.602
"417",-16835.045
"418",-16905.76
"419",-16430.271
"420",-16616.845
"421",-17057.094
"422",-16462.949
"423",-16941.517
"424",-17089.229
"425",-17081.254
"426",-16825.11
"427",-16779.36
"428",-16494.942
"429",-16865.795
"430",-16892.437
"431",-17130.8
"432",-16277.877
"433",-16992.61
"434",-16933.495
"435",-16855.967
"436",-16838.771
"437",-16588.405
"438",-16934.051
"439",-16942.797
"440",-16870.864
"441",-16891.496
"442",-16936.402
"443",-16874.936
"444",-16514.595
"445",-16464.574
"446",-16789.967
"447",-17265.761
"448",-16803.967
"449",-16919.964
"450",-16479.407
"451",-16913.757
"452",-16471.19
"453",-16900.297
"454",-16829.799
"455",-16736.067
"456",-17068.984
"457",-16455.682
"458",-16946.059
"459",-16648.83
"460",-16475.221
"461",-16933.653
"462",-16598.854
"463",-16548.256
"464",-16951.085
"465",-16605.82
"466",-17086.44
"467",-16617.797
"468",-16381.945
"469",-16449.776
"470",-17004.361
"471",-16441.851
"472",-16665.752
"473",-16753.507
"474",-17072.5
"475",-16509.836
"476",-17214.069
"477",-16579.141
"478",-16468.419
"479",-16885.003
"480",-16714.799
"481",-16326.608
"482",-16356.511
"483",-16731.04
"484",-16846.546
"485",-17143.337
"486",-16802.151
"487",-17226.071
"488",-16461.746
"489",-16513.69
"490",-17178.686
"491",-16811.159
"492",-16991.269
"493",-17235.901
"494",-16525.154
"495",-16269.858
"496",-16945.006
"497",-16253.447
"498",-17247.997
"499",-17078.639
"500",-16683.045
"501",-16798.953
"502",-16601.926
"503",-16617.615
"504",-17086.816
"505",-16869.986
"506",-16803.027
"507",-16684.122
"508",-17108.563
"509",-16342.187
"510",-16950.341
"511",-17181.348
"512",-16928.317
"513",-17149.449
"514",-16702.927
"515",-17130.665
"516",-16852.919
"517",-17114.542
"518",-17151.21
"519",-16939.563
"520",-16958.713
"521",-16546.257
"522",-16397.352
"523",-16544.69
"524",-16942.45
"525",-17176.974
"526",-16529.54
"527",-16348.032
"528",-17300.822
"529",-16709.263
"530",-16659.142
"531",-16833.369
"532",-16819.628
"533",-16363.098
"534",-16770.062
"535",-17087.093
"536",-16597.252
"537",-16975.403
"538",-16124.812
"539",-16292.095
"540",-16965.938
"541",-16871.091
"542",-16506.059
"543",-16516.16
"544",-17061.52
"545",-16872.822
"546",-17300.266
"547",-16895.704
"548",-16555.436
"549",-17186.431
"550",-16650.294
"551",-16481.494
"552",-16543.933
"553",-16954.284
"554",-17140.748
"555",-16727.826
"556",-17180.087
"557",-16795.69
"558",-16574.242
"559",-16787.009
"560",-16682.449
"561",-16838.985
"562",-17042.681
"563",-16909.397
"564",-17336.261
"565",-17050.458
"566",-16928.978
"567",-17161.145
"568",-17085.673
"569",-17089.063
"570",-16608.677
"571",-16554.209
"572",-16483.072
"573",-16779.348
"574",-16653.265
"575",-17402.091
"576",-16801.789
"577",-16590.471
"578",-16594.457
"579",-16590.819
"580",-16736.427
"581",-16255.729
"582",-17200.013
"583",-16432.004
"584",-17109.652
"585",-16932.13
"586",-16875.07
"587",-16299.585
"588",-16827.055
"589",-16983.219
"590",-16963.05
"591",-16602.032
"592",-16894.855
"593",-16891.653
"594",-16306.53
"595",-17155.072
"596",-17059.886
"597",-17131.483
"598",-16587.936
"599",-16507.516
"600",-16737.206
"601",-16615.062
"602",-16750.096
"603",-16980.772
"604",-16528.108
"605",-16957.17
"606",-16942.605
"607",-17162.33
"608",-17084.247
"609",-17203.494
"610",-16014.469
"611",-16551.437
"612",-16758.088
"613",-16345.149
"614",-16667.609
"615",-16714.959
"616",-16959.018
"617",-16927.25
"618",-17066.476
"619",-16464.239
"620",-17013.074
"621",-16110.88
"622",-16543.807
"623",-17426.756
"624",-16463.185
"625",-16891.917
"626",-16655.139
"627",-16544.751
"628",-16859.91
"629",-16854.113
"630",-16812.382
"631",-16877.643
"632",-16781.731
"633",-16618.318
"634",-17053.139
"635",-16609.046
"636",-17109.187
"637",-17103.141
"638",-16702.166
"639",-16199.046
"640",-16749.078
"641",-16463.141
"642",-16820.974
"643",-17129.38
"644",-16923.094
"645",-16792.456
"646",-16915.669
"647",-16908.485
"648",-16290.251
"649",-16724.05
"650",-16748.581
"651",-16431.384
"652",-16771.321
"653",-16534.255
"654",-17014.036
"655",-16775.973
"656",-16785.118
"657",-16207.016
"658",-17133.681
"659",-16641.299
"660",-16872.624
"661",-16706.986
"662",-16657.863
"663",-16673.373
"664",-16738.626
"665",-16401.476
"666",-16875.892
"667",-16872.266
"668",-16204.675
"669",-16522.207
"670",-16513.776
"671",-16631.098
"672",-16842.439
"673",-16717.214
"674",-16827.616
"675",-16624.477
"676",-17000.845
"677",-17100.183
"678",-16661.356
"679",-16787.27
"680",-16484.864
"681",-16686.681
"682",-16800.676
"683",-16569.517
"684",-16945.359
"685",-16939.889
"686",-16833.775
"687",-16863.068
"688",-16487.993
"689",-16759.544
"690",-17067.06
"691",-16589.393
"692",-16509.025
"693",-16969.4
"694",-17123.671
"695",-17170.452
"696",-17078.663
"697",-16515.555
"698",-16758.735
"699",-16737.502
"700",-16742.47
"701",-16449.404
"702",-16764.726
"703",-16599.294
"704",-16784.77
"705",-16844.312
"706",-17303.017
"707",-16524.957
"708",-17084.968
"709",-16625.224
"710",-17154.23
"711",-17231.803
"712",-16085.467
"713",-17271.44
"714",-16679.223
"715",-16963.349
"716",-16607.534
"717",-16916.154
"718",-16897.172
"719",-16790.477
"720",-17033.3
"721",-17038.104
"722",-16968.38
"723",-16940.105
"724",-17216.821
"725",-16243.62
"726",-16744.33
"727",-16673.225
"728",-16511.614
"729",-16586.5
"730",-16966.772
"731",-17248.087
"732",-16560.061
"733",-16873.989
"734",-16942.203
"735",-17011.484
"736",-16525.444
"737",-16723.657
"738",-16844.748
"739",-16773.848
"740",-16603.856
"741",-16664.099
"742",-17178.992
"743",-16802.937
"744",-17037.529
"745",-16793.095
"746",-16450.792
"747",-16656.287
"748",-16691.236
"749",-16680.502
"750",-16415.802
"751",-16896.137
"752",-17169.034
"753",-16351.685
"754",-16134.741
"755",-16910.902
"756",-16528.396
"757",-16626.982
"758",-16802.478
"759",-16625.305
"760",-16850.997
"761",-16658.623
"762",-16637.486
"763",-16791.653
"764",-16489.375
"765",-17226.136
"766",-16687.796
"767",-16770.841
"768",-16521.968
"769",-16647.257
"770",-16955.917
"771",-16442.15
"772",-16671.493
"773",-16630.197
"774",-16817.785
"775",-16804.611
"776",-16986.159
"777",-15998.418
"778",-16821.432
"779",-16690.135
"780",-16388.024
"781",-16908.292
"782",-16669.048
"783",-16889.65
"784",-16564.952
"785",-16862.28
"786",-16227.264
"787",-16964.768
"788",-16707.821
"789",-16633.165
"790",-16590.071
"791",-16659.401
"792",-16461.593
"793",-16533.624
"794",-16900.061
"795",-16723.043
"796",-16668.801
"797",-16847.44
"798",-16729.78
"799",-16482.993
"800",-16896.793
"801",-16770.947
"802",-16884.414
"803",-16260.752
"804",-16965.407
"805",-16829.521
"806",-16921.191
"807",-17262.254
"808",-17082.273
"809",-16544.357
"810",-17126.569
"811",-16457.439
"812",-16579.942
"813",-17002.989
"814",-16884.216
"815",-16791.785
"816",-16634.204
"817",-16670.955
"818",-16857.981
"819",-17075.06
"820",-16924.63
"821",-16610.394
"822",-16817.788
"823",-16747.112
"824",-16963.879
"825",-16645.17
"826",-17199.018
"827",-16873.798
"828",-16732.788
"829",-17163.244
"830",-16494.595
"831",-16622.912
"832",-16865.645
"833",-16738.983
"834",-16529.397
"835",-16695.792
"836",-16716.723
"837",-16506.035
"838",-16582.375
"839",-16579.866
"840",-17002.066
"841",-16541.82
"842",-17130.164
"843",-16804.715
"844",-16805.852
"845",-17254.481
"846",-16999.033
"847",-16848.38
"848",-16547.232
"849",-16421.64
"850",-17023.136
"851",-16424.373
"852",-16828.153
"853",-17039.586
"854",-16860.473
"855",-17001.364
"856",-16578.654
"857",-16037.278
"858",-16863.798
"859",-16640.349
"860",-16743.673
"861",-16878.242
"862",-16894.505
"863",-16389.224
"864",-16737.682
"865",-16618.278
"866",-16426.992
"867",-16683.103
"868",-16667.757
"869",-16910.512
"870",-16871.687
"871",-16665.276
"872",-17199.485
"873",-16801.314
"874",-16679.768
"875",-16616.426
"876",-16988.744
"877",-16907.763
"878",-16556.191
"879",-16532.761
"880",-16712.796
"881",-16342.953
"882",-16943.423
"883",-16762.084
"884",-16382.974
"885",-16362.542
"886",-16211.454
"887",-16516.904
"888",-16756.786
"889",-16732.153
"890",-16380.923
"891",-17108.515
"892",-16957.057
"893",-16944.554
"894",-16924.653
"895",-16921.064
"896",-16690.542
"897",-16617.699
"898",-16871.617
"899",-17022.535
"900",-16848.313
"901",-17094.1
"902",-16774.114
"903",-16956.535
"904",-16610.289
"905",-16888.671
"906",-16551.726
"907",-16942.256
"908",-16990.745
"909",-16555.532
"910",-16333.788
"911",-16726.466
"912",-16408.298
"913",-16834.462
"914",-17064.849
"915",-16803.692
"916",-16992.103
"917",-16723.267
"918",-16861.768
"919",-16697.804
"920",-16585.463
"921",-17074.083
"922",-16590.574
"923",-16814.881
"924",-17074.068
"925",-16614.821
"926",-16733.072
"927",-16581.494
"928",-16393.674
"929",-16724.598
"930",-16702.39
"931",-16850.944
"932",-16932.79
"933",-16780.431
"934",-17386.801
"935",-16977.125
"936",-16816.304
"937",-17203.64
"938",-16716.792
"939",-17038.736
"940",-17162.682
"941",-17003.822
"942",-16814.825
"943",-16614.66
"944",-16726.244
"945",-17275.883
"946",-16796.682
"947",-17066.205
"948",-16887.574
"949",-16739.794
"950",-16467.633
"951",-17108.154
"952",-16672.198
"953",-16871.882
"954",-16814.028
"955",-16804.463
"956",-17158.689
"957",-16439.485
"958",-17165.318
"959",-17222.16
"960",-16821.003
"961",-17091.238
"962",-16991.758
"963",-17309.146
"964",-17186.933
"965",-17002.539
"966",-16598.827
"967",-16737.664
"968",-17305.125
"969",-17045.52
"970",-16909.829
"971",-16775.873
"972",-16790.17
"973",-16661.201
"974",-16963.732
"975",-16811.527
"976",-16749.748
"977",-16725.94
"978",-16960.061
"979",-17073.549
"980",-17156.907
"981",-16524.785
"982",-16949.938
"983",-16797.19
"984",-16770.788
"985",-17110.697
"986",-16940.298
"987",-16805.153
"988",-17062.3
"989",-16559.676
"990",-17389.686
"991",-16869.426
"992",-17216.339
"993",-16180.598
"994",-16838.577
"995",-16913.431
"996",-16970.223
"997",-16869.047
"998",-17429.015
"999",-16526.513
"1000",-16684.895
"1001",-14081.055
"1002",-14151.202
"1003",-14149.603
"1004",-13913.564
"1005",-13936.635
"1006",-14184.565
"1007",-14054.825
"1008",-14188.427
"1009",-14458.703
"1010",-14594.223
"1011",-13911.744
"1012",-14435.692
"1013",-14227.877
"1014",-13931.31
"1015",-14275.79
"1016",-14089.495
"1017",-13825.515
"1018",-14011.191
"1019",-14173.475
"1020",-14252.162
"1021",-14241.904
"1022",-14217.706
"1023",-14057.337
"1024",-14149.957
"1025",-14402.674
"1026",-14263.531
"1027",-14229.782
"1028",-14006.336
"1029",-14098.543
"1030",-14313.198
"1031",-14130.291
"1032",-14439.932
"1033",-14225.884
"1034",-14290.572
"1035",-14222.033
"1036",-14188.936
"1037",-14136.207
"1038",-13849.698
"1039",-14048.946
"1040",-14370.442
"1041",-13904.537
"1042",-14274.757
"1043",-14107.213
"1044",-14105.147
"1045",-14137.755
"1046",-13916.337
"1047",-14207.033
"1048",-14138.426
"1049",-14134.556
"1050",-14164.145
"1051",-14089.433
"1052",-14011.775
"1053",-14396.294
"1054",-14309.632
"1055",-14099.306
"1056",-14256.092
"1057",-14088.843
"1058",-14624.801
"1059",-14292.253
"1060",-14062.202
"1061",-14143.365
"1062",-14483.903
"1063",-14394.665
"1064",-14159.352
"1065",-13975.642
"1066",-14154.62
"1067",-14188.154
"1068",-14434.374
"1069",-13827.7
"1070",-14206.153
"1071",-14192.138
"1072",-14313.149
"1073",-14234.387
"1074",-14257.726
"1075",-14173.711
"1076",-14221.311
"1077",-14175.978
"1078",-13884.031
"1079",-14202.325
"1080",-14240.937
"1081",-13989.677
"1082",-13989.771
"1083",-14427.792
"1084",-13849.268
"1085",-13989.88
"1086",-14419.479
"1087",-14085.264
"1088",-14094.969
"1089",-14249.377
"1090",-14206.474
"1091",-14117.144
"1092",-13983.931
"1093",-14126.055
"1094",-14175.902
"1095",-14384.186
"1096",-14197.597
"1097",-14210.804
"1098",-14070.462
"1099",-14134.661
"1100",-13954.204
"1101",-14377.128
"1102",-14159.761
"1103",-14340.258
"1104",-14200.143
"1105",-14107.16
"1106",-14511.841
"1107",-14278.541
"1108",-14372.755
"1109",-14050.15
"1110",-14472.367
"1111",-14129.2
"1112",-14259.596
"1113",-14140.108
"1114",-14116.06
"1115",-14416.051
"1116",-14245.788
"1117",-14367.652
"1118",-14286.827
"1119",-14100.185
"1120",-14064.137
"1121",-14080.503
"1122",-13862.105
"1123",-14145.903
"1124",-14008.271
"1125",-14268.206
"1126",-14088.136
"1127",-14187.536
"1128",-14007.628
"1129",-14211.251
"1130",-14402.7
"1131",-14270.613
"1132",-14074.267
"1133",-14174.345
"1134",-14433.019
"1135",-14055.61
"1136",-13991.536
"1137",-14457.742
"1138",-14031.157
"1139",-14305.412
"1140",-14412.532
"1141",-14242.991
"1142",-14010.305
"1143",-14232.967
"1144",-14276.581
"1145",-14360.607
"1146",-14248.203
"1147",-13725.412
"1148",-14147.485
"1149",-14626.423
"1150",-14338.277
"1151",-14114.081
"1152",-14093.906
"1153",-14368.44
"1154",-14304.365
"1155",-14122.693
"1156",-14029.025
"1157",-13854.715
"1158",-13994.416
"1159",-14173.55
"1160",-14361.45
"1161",-14142.187
"1162",-14219.598
"1163",-14057.515
"1164",-14119.125
"1165",-14064.748
"1166",-14119.075
"1167",-14065.769
"1168",-14114.955
"1169",-14556.178
"1170",-13905.951
"1171",-14310.684
"1172",-14202.189
"1173",-14152.817
"1174",-14186.45
"1175",-14112.665
"1176",-14157.12
"1177",-14113.67
"1178",-14046.76
"1179",-14351.013
"1180",-13776.776
"1181",-14359.535
"1182",-14310.314
"1183",-14017.78
"1184",-14208.634
"1185",-14182.508
"1186",-14093.423
"1187",-14068.075
"1188",-14081.082
"1189",-14062.123
"1190",-14312.278
"1191",-14379.9
"1192",-13880.306
"1193",-14104.114
"1194",-14567.2
"1195",-13941.123
"1196",-14405.105
"1197",-14099.586
"1198",-14008.261
"1199",-14234.016
"1200",-13977.7
"1201",-14328.645
"1202",-14130.926
"1203",-14171.481
"1204",-14115.872
"1205",-14062.866
"1206",-13995.462
"1207",-14239.311
"1208",-14271.638
"1209",-14341.258
"1210",-14154.036
"1211",-14104.533
"1212",-14396.82
"1213",-14290.437
"1214",-14098.763
"1215",-13998.527
"1216",-14023.157
"1217",-14279.349
"1218",-14269.389
"1219",-14318.346
"1220",-14153.401
"1221",-14199.563
"1222",-13898.394
"1223",-14324.975
"1224",-14348.136
"1225",-14188.014
"1226",-14306.396
"1227",-14089.15
"1228",-14248.124
"1229",-14298.372
"1230",-14176.18
"1231",-14264.922
"1232",-14272.68
"1233",-14267.144
"1234",-14341.638
"1235",-14028.001
"1236",-14030.423
"1237",-14376.805
"1238",-14219.417
"1239",-14386.69
"1240",-14429.342
"1241",-14099.685
"1242",-14645.168
"1243",-14495.747
"1244",-14203.842
"1245",-14339.509
"1246",-14048.009
"1247",-14314.73
"1248",-14087.814
"1249",-14072.468
"1250",-14029.061
"1251",-14097.295
"1252",-13903.689
"1253",-13869.603
"1254",-14226.551
"1255",-14389.573
"1256",-14228.448
"1257",-14219.851
"1258",-13816.966
"1259",-14529.08
"1260",-14439.904
"1261",-14107.05
"1262",-13805.89
"1263",-14115.096
"1264",-13987.711
"1265",-14275.983
"1266",-14304.079
"1267",-14408.221
"1268",-14250.098
"1269",-14364.63
"1270",-14068.703
"1271",-13908.335
"1272",-13951.657
"1273",-14145.744
"1274",-14091.7
"1275",-13998.623
"1276",-14381.135
"1277",-14326.644
"1278",-14245.83
"1279",-14350.436
"1280",-14216.927
"1281",-14106.158
"1282",-14449.487
"1283",-14339.342
"1284",-14198.157
"1285",-14159.676
"1286",-14140.163
"1287",-14122.646
"1288",-14442.317
"1289",-14231.895
"1290",-14105.819
"1291",-13963.219
"1292",-14156.215
"1293",-13847.316
"1294",-14166.125
"1295",-14286.438
"1296",-14350.076
"1297",-13995.109
"1298",-14302.805
"1299",-14345.67
"1300",-14115.521
"1301",-14128.623
"1302",-14007.686
"1303",-14141.935
"1304",-14120.84
"1305",-14331.208
"1306",-14033.696
"1307",-14162.299
"1308",-14137.725
"1309",-14277.073
"1310",-14347.438
"1311",-14390.478
"1312",-13957.123
"1313",-14295.486
"1314",-14442.179
"1315",-14039.027
"1316",-14405.839
"1317",-14010.387
"1318",-14040.044
"1319",-14006.388
"1320",-14274.185
"1321",-14109.811
"1322",-13912.31
"1323",-13695.731
"1324",-14252.2
"1325",-14297.454
"1326",-14020.963
"1327",-14093.334
"1328",-14125.592
"1329",-13980.139
"1330",-14109.056
"1331",-13928.136
"1332",-14027.456
"1333",-14073.301
"1334",-14494.941
"1335",-14002.108
"1336",-14136.341
"1337",-14419.506
"1338",-14187.666
"1339",-13815.745
"1340",-14451.72
"1341",-14366.38
"1342",-14023.587
"1343",-14360.029
"1344",-14032.1
"1345",-14232.884
"1346",-14196.459
"1347",-14054.259
"1348",-13968.315
"1349",-14235.023
"1350",-14136.939
"1351",-14109.319
"1352",-13733.655
"1353",-13873.769
"1354",-14134.522
"1355",-14203.254
"1356",-14323.421
"1357",-14248.815
"1358",-14067.947
"1359",-14169.594
"1360",-13904.73
"1361",-14247.222
"1362",-14118.623
"1363",-14265.635
"1364",-14233.198
"1365",-13980.478
"1366",-14017.213
"1367",-13917.251
"1368",-14272.516
"1369",-14077.421
"1370",-14056.217
"1371",-14003.344
"1372",-13787.353
"1373",-14449.697
"1374",-14312.782
"1375",-14143.735
"1376",-14107.325
"1377",-14051.151
"1378",-14144.529
"1379",-14319.312
"1380",-14342.975
"1381",-14128.839
"1382",-14411.836
"1383",-14109.866
"1384",-14185.282
"1385",-14288.769
"1386",-13917.578
"1387",-14189.745
"1388",-14157.776
"1389",-14530.538
"1390",-14305.808
"1391",-14201.04
"1392",-13971.828
"1393",-14171.471
"1394",-13863.336
"1395",-14312.347
"1396",-14321.128
"1397",-14070.353
"1398",-14299.823
"1399",-14100.673
"1400",-14427.266
"1401",-14387.348
"1402",-14263.063
"1403",-14116.748
"1404",-14222.741
"1405",-13814.684
"1406",-14313.554
"1407",-14001.37
"1408",-14293.737
"1409",-14439.272
"1410",-14447.411
"1411",-14179.994
"1412",-14030.153
"1413",-14311.906
"1414",-13910.587
"1415",-14203.439
"1416",-14112.748
"1417",-14124.369
"1418",-14070.254
"1419",-14296.057
"1420",-14216.094
"1421",-14302.323
"1422",-14099.59
"1423",-14255.232
"1424",-13940.284
"1425",-14232.519
"1426",-14322.593
"1427",-14282.82
"1428",-14422.715
"1429",-14502.817
"1430",-14290.407
"1431",-14059.7
"1432",-13984.615
"1433",-14171.158
"1434",-14147.373
"1435",-13887.197
"1436",-14085.097
"1437",-14249.248
"1438",-13889.064
"1439",-14591.416
"1440",-14310.438
"1441",-14039.675
"1442",-14296.295
"1443",-14329.443
"1444",-14399.819
"1445",-14127.21
"1446",-13922.494
"1447",-14162.805
"1448",-14179.511
"1449",-14488.681
"1450",-13954.166
"1451",-14320.896
"1452",-14137.874
"1453",-14166.903
"1454",-13987.302
"1455",-13882.694
"1456",-14126.801
"1457",-14156.889
"1458",-14216.668
"1459",-14431.234
"1460",-14035.311
"1461",-14160.618
"1462",-14632.125
"1463",-14097.281
"1464",-14410.1
"1465",-13999.185
"1466",-14102.25
"1467",-13929.427
"1468",-14058.304
"1469",-14132.604
"1470",-13958.105
"1471",-14144.648
"1472",-14245.639
"1473",-14159.662
"1474",-14019.395
"1475",-14400.758
"1476",-14098.574
"1477",-13624.143
"1478",-13691.91
"1479",-14321.807
"1480",-14209.158
"1481",-14155.901
"1482",-14031.982
"1483",-14101.214
"1484",-14529.567
"1485",-14143.553
"1486",-14162.293
"1487",-14022.268
"1488",-14305.259
"1489",-14021.589
"1490",-14336.072
"1491",-14396.854
"1492",-14188.815
"1493",-13790.664
"1494",-14485.136
"1495",-13930.769
"1496",-13796.448
"1497",-14128.585
"1498",-14243.919
"1499",-13988.375
"1500",-14229.919
"1501",-14075.348
"1502",-14031.566
"1503",-14267.815
"1504",-14088.223
"1505",-13908.623
"1506",-14182.153
"1507",-14139.414
"1508",-14081.911
"1509",-13732.009
"1510",-14072.591
"1511",-14203.242
"1512",-14126.587
"1513",-14074.126
"1514",-14145.705
"1515",-14178.665
"1516",-14195.438
"1517",-14021.55
"1518",-14088.102
"1519",-13837.171
"1520",-14406.771
"1521",-14349.123
"1522",-14011.484
"1523",-13906.527
"1524",-13865.432
"1525",-14241.226
"1526",-14261.425
"1527",-14317.391
"1528",-14212.778
"1529",-14101.738
"1530",-14249.742
"1531",-14145.477
"1532",-14134.946
"1533",-14348.402
"1534",-14196.431
"1535",-13962.545
"1536",-14307.64
"1537",-14261.318
"1538",-14284.624
"1539",-14055.878
"1540",-14039.184
"1541",-14095.22
"1542",-13696.899
"1543",-14674.589
"1544",-14047.491
"1545",-14353.292
"1546",-14123.207
"1547",-14361.495
"1548",-13879.575
"1549",-14321.45
"1550",-13921.865
"1551",-14242.382
"1552",-14083.152
"1553",-14396.612
"1554",-13996.133
"1555",-14452.357
"1556",-14351.543
"1557",-14162.041
"1558",-14343.099
"1559",-14036.65
"1560",-13924.175
"1561",-13972.389
"1562",-14226.488
"1563",-14139.457
"1564",-13782.852
"1565",-14142.215
"1566",-14357.318
"1567",-14303.007
"1568",-14322.954
"1569",-14103.593
"1570",-14147.768
"1571",-14355.352
"1572",-13927.714
"1573",-14236.056
"1574",-14411.707
"1575",-14151.84
"1576",-14296.593
"1577",-14180.687
"1578",-14205.653
"1579",-13865.149
"1580",-14407.872
"1581",-14313.636
"1582",-14438.272
"1583",-14233.535
"1584",-14272.959
"1585",-14010.538
"1586",-13939.369
"1587",-14188.981
"1588",-14035.303
"1589",-14020.793
"1590",-14150.574
"1591",-14400.891
"1592",-14020.19
"1593",-14186.243
"1594",-14169.936
"1595",-14438.221
"1596",-14073.991
"1597",-14226.782
"1598",-14161.96
"1599",-14097.578
"1600",-14131.536
"1601",-14173.183
"1602",-14255.345
"1603",-14181.912
"1604",-14345.112
"1605",-13925.347
"1606",-14013.775
"1607",-13961.049
"1608",-13969.432
"1609",-14075.535
"1610",-13986.921
"1611",-14349.775
"1612",-14324.166
"1613",-14135.249
"1614",-14062.673
"1615",-14026.354
"1616",-14009.137
"1617",-14192.949
"1618",-14290.791
"1619",-14208.809
"1620",-14278.361
"1621",-14509.273
"1622",-14182.91
"1623",-14225.689
"1624",-14058.824
"1625",-14216.645
"1626",-14319.522
"1627",-13902.767
"1628",-14469.288
"1629",-13839.587
"1630",-14527.975
"1631",-14112.19
"1632",-14200.519
"1633",-14053.791
"1634",-14091.087
"1635",-14199.569
"1636",-14048.291
"1637",-14038.548
"1638",-14180.677
"1639",-14182.911
"1640",-14078.073
"1641",-14156.417
"1642",-14035.254
"1643",-14146.76
"1644",-14226.583
"1645",-13909.798
"1646",-14396.364
"1647",-14256.176
"1648",-14067.517
"1649",-14345.059
"1650",-14022.148
"1651",-14147.402
"1652",-14185.202
"1653",-14209.636
"1654",-14385.758
"1655",-14072.353
"1656",-13980.578
"1657",-13914.825
"1658",-14335.239
"1659",-13790.844
"1660",-14164.245
"1661",-14343.72
"1662",-14138.916
"1663",-14246.756
"1664",-14301.28
"1665",-14038.675
"1666",-14003.071
"1667",-13925.936
"1668",-14011.367
"1669",-14201.051
"1670",-14143.544
"1671",-14282.964
"1672",-13981.661
"1673",-14021.498
"1674",-14336.722
"1675",-13833.924
"1676",-14460.54
"1677",-13932.061
"1678",-14070.365
"1679",-14388.139
"1680",-13972.982
"1681",-14464.468
"1682",-14344.512
"1683",-14307.558
"1684",-13998.108
"1685",-14379.763
"1686",-14150.254
"1687",-14117.874
"1688",-14029.616
"1689",-14197.494
"1690",-14223.401
"1691",-14293.14
"1692",-14159.774
"1693",-14088.06
"1694",-14221.395
"1695",-14061.469
"1696",-14238.299
"1697",-14008.808
"1698",-14307.523
"1699",-14244.992
"1700",-14057.562
"1701",-13949.798
"1702",-13873.793
"1703",-14211.07
"1704",-14056.397
"1705",-14328.905
"1706",-13971.89
"1707",-14067.569
"1708",-14370.197
"1709",-14424.145
"1710",-14068.336
"1711",-14173.799
"1712",-14142.178
"1713",-14275.443
"1714",-13982.912
"1715",-14230.788
"1716",-14214.784
"1717",-14152.305
"1718",-14160.127
"1719",-14218.929
"1720",-14148.486
"1721",-14027.919
"1722",-14382.406
"1723",-14133.88
"1724",-14391.073
"1725",-14296.631
"1726",-14093.632
"1727",-13999.922
"1728",-13899.739
"1729",-14173.703
"1730",-14031.235
"1731",-14072.148
"1732",-13774.699
"1733",-14417.918
"1734",-13936.786
"1735",-14274.123
"1736",-13999.784
"1737",-14416.115
"1738",-13950.401
"1739",-14454.019
"1740",-14212.781
"1741",-14155.018
"1742",-14198.938
"1743",-13913.628
"1744",-14276.488
"1745",-14020.428
"1746",-14300.775
"1747",-14060.555
"1748",-14045.778
"1749",-14156.862
"1750",-13847.302
"1751",-14367.26
"1752",-14225.764
"1753",-14269.473
"1754",-14318.266
"1755",-14191.491
"1756",-14222.976
"1757",-13815.557
"1758",-14167.401
"1759",-14071.358
"1760",-13914.269
"1761",-14444.607
"1762",-14318.658
"1763",-13876.378
"1764",-14364.541
"1765",-14353.137
"1766",-14308.025
"1767",-14149.129
"1768",-14159.039
"1769",-14262.163
"1770",-14210.628
"1771",-14250.273
"1772",-14210.818
"1773",-14246.205
"1774",-14095.411
"1775",-14100.939
"1776",-14172.441
"1777",-14217.312
"1778",-14254.887
"1779",-13960.087
"1780",-14243.145
"1781",-14205.33
"1782",-14149.891
"1783",-13897.137
"1784",-14097.62
"1785",-14226.01
"1786",-13953.722
"1787",-14283.79
"1788",-14255.829
"1789",-14140.205
"1790",-13984.113
"1791",-14205.579
"1792",-14209.31
"1793",-14019.936
"1794",-14300.372
"1795",-13961.545
"1796",-14175.678
"1797",-14233.143
"1798",-14158.574
"1799",-14122.168
"1800",-14274.118
"1801",-14114.512
"1802",-13921.545
"1803",-14378.81
"1804",-14012.593
"1805",-14294.7
"1806",-14135.882
"1807",-14069.87
"1808",-14423.398
"1809",-14264.757
"1810",-14304.313
"1811",-13974.015
"1812",-14222.972
"1813",-14442.483
"1814",-14042.047
"1815",-14215.059
"1816",-14147.735
"1817",-14100.539
"1818",-14199.63
"1819",-14329.555
"1820",-14158.076
"1821",-14207.665
"1822",-14221.945
"1823",-14368.304
"1824",-13968.858
"1825",-14070.755
"1826",-14240.779
"1827",-14254.907
"1828",-14077.735
"1829",-13846.484
"1830",-13918.147
"1831",-13757.47
"1832",-14111.927
"1833",-13939.231
"1834",-14102.655
"1835",-14274.751
"1836",-14009.905
"1837",-14232.287
"1838",-14144.194
"1839",-14329.054
"1840",-14185.958
"1841",-14348.481
"1842",-14214.797
"1843",-14051.768
"1844",-14269.076
"1845",-13855.247
"1846",-14006.077
"1847",-14141.406
"1848",-14555.054
"1849",-14344.775
"1850",-13761.379
"1851",-14092.753
"1852",-13832.641
"1853",-14239.008
"1854",-14035.354
"1855",-13815.307
"1856",-14341.7
"1857",-14115.507
"1858",-14251.746
"1859",-14106.628
"1860",-14341.496
"1861",-14074.092
"1862",-14219.392
"1863",-14091.312
"1864",-14286.935
"1865",-14068.161
"1866",-13938.434
"1867",-14368.648
"1868",-13972.71
"1869",-14319.314
"1870",-14284.99
"1871",-14098.114
"1872",-14045.642
"1873",-14149.258
"1874",-14114.624
"1875",-14405.594
"1876",-14343.943
"1877",-14003.027
"1878",-14168.753
"1879",-14344.403
"1880",-14322.346
"1881",-14260.156
"1882",-14491.634
"1883",-14188.95
"1884",-14197.711
"1885",-14294.636
"1886",-14197.86
"1887",-14254.505
"1888",-14173.54
"1889",-14116.718
"1890",-14102.529
"1891",-13808.227
"1892",-14006.048
"1893",-13931.642
"1894",-14170.421
"1895",-14320.612
"1896",-14150.378
"1897",-14244.257
"1898",-13931.943
"1899",-14119.739
"1900",-14249.563
"1901",-14195.34
"1902",-14271.59
"1903",-14066.435
"1904",-14191.161
"1905",-14370.449
"1906",-14050.888
"1907",-14050.385
"1908",-14136.89
"1909",-14009.99
"1910",-14275.5
"1911",-13970.022
"1912",-14058.691
"1913",-14237.266
"1914",-14291.761
"1915",-14106.196
"1916",-14040.244
"1917",-14031.186
"1918",-13933.125
"1919",-14372.031
"1920",-14026.908
"1921",-14094.737
"1922",-13985.52
"1923",-14101.697
"1924",-14202.812
"1925",-14043.082
"1926",-14470.954
"1927",-14259.196
"1928",-14264.323
"1929",-14038.124
"1930",-14339.724
"1931",-14271.888
"1932",-14343.188
"1933",-14176.126
"1934",-14240.291
"1935",-14262.118
"1936",-14017.725
"1937",-14201.882
"1938",-14472.144
"1939",-14203.229
"1940",-14361.106
"1941",-14270.819
"1942",-14047.216
"1943",-14058.599
"1944",-14124.357
"1945",-14267.022
"1946",-14406.047
"1947",-14284.676
"1948",-14208.845
"1949",-13954.879
"1950",-14189.563
"1951",-14348.486
"1952",-14179.716
"1953",-14203.514
"1954",-14044.43
"1955",-13959.044
"1956",-14255.254
"1957",-14217.218
"1958",-14069.076
"1959",-14019.859
"1960",-14277.63
"1961",-14201.494
"1962",-14182.431
"1963",-14283.706
"1964",-14400.305
"1965",-14013.458
"1966",-14353.592
"1967",-14279.866
"1968",-14006.612
"1969",-14200.581
"1970",-14364.758
"1971",-14011.237
"1972",-14088.737
"1973",-14324.44
"1974",-14197.002
"1975",-14127.551
"1976",-13994.646
"1977",-14145.152
"1978",-14121.002
"1979",-14056.074
"1980",-14250.159
"1981",-13945.137
"1982",-14064.629
"1983",-14015.783
"1984",-14349.634
"1985",-14129.984
"1986",-14174.966
"1987",-14089.686
"1988",-14042.542
"1989",-14281.972
"1990",-14134.903
"1991",-14346.894
"1992",-13998.41
"1993",-14251.175
"1994",-14299.942
"1995",-14121.196
"1996",-14086.235
"1997",-14178.85
"1998",-13962.604
"1999",-14152.129
"2000",-14024.667
"2001",-14368.239
"2002",-14199.359
"2003",-14332.125
"2004",-14364.883
"2005",-14251.789
"2006",-14235.255
"2007",-14178.204
"2008",-14042.031
"2009",-14216.352
"2010",-14247.229
"2011",-14134.472
"2012",-14212.789
"2013",-14417.226
"2014",-14014.598
"2015",-14215.389
"2016",-14031.697
"2017",-14245.6
"2018",-14182.087
"2019",-14213.91
"2020",-13993.207
"2021",-14145.214
"2022",-14070.85
"2023",-14061.82
"2024",-14260.521
"2025",-14026.001
"2026",-14375.027
"2027",-14013.381
"2028",-14218.918
"2029",-14369.053
"2030",-14253.107
"2031",-14226.774
"2032",-14284.533
"2033",-14326.748
"2034",-13834.439
"2035",-13968.174
"2036",-13981.702
"2037",-14049.147
"2038",-14128.18
"2039",-13904.269
"2040",-14076.883
"2041",-14204.795
"2042",-14191.913
"2043",-14170.405
"2044",-14178.678
"2045",-14202.301
"2046",-13969.723
"2047",-14078.888
"2048",-14105.9
"2049",-14031.789
"2050",-14257.245
"2051",-14323.014
"2052",-14149.574
"2053",-14053.805
"2054",-14379.92
"2055",-14195.926
"2056",-14088.767
"2057",-14046.851
"2058",-13903.485
"2059",-14197.418
"2060",-14160.731
"2061",-13808.858
"2062",-14058.532
"2063",-14087.074
"2064",-14403.591
"2065",-14391.514
"2066",-14121.416
"2067",-14377.751
"2068",-13938.022
"2069",-14517.643
"2070",-14089.333
"2071",-14377.787
"2072",-14212.517
"2073",-14018.654
"2074",-14197.276
"2075",-14221.753
"2076",-14127.299
"2077",-14311.978
"2078",-14232.163
"2079",-14083.507
"2080",-14476.744
"2081",-14247.446
"2082",-14049.049
"2083",-14591.797
"2084",-13998.829
"2085",-14267.313
"2086",-14002.393
"2087",-13943.666
"2088",-14352.81
"2089",-13716.052
"2090",-13932.452
"2091",-14118.309
"2092",-14190.211
"2093",-14208.587
"2094",-14369.264
"2095",-14014.184
"2096",-14265.208
"2097",-13880.6
"2098",-13952.572
"2099",-14359.319
"2100",-14051.136
"2101",-13820.059
"2102",-14270.346
"2103",-14355.339
"2104",-14514.76
"2105",-14264.292
"2106",-14334.482
"2107",-13965.531
"2108",-14214.452
"2109",-14176.063
"2110",-14042.455
"2111",-14163.913
"2112",-14208.671
"2113",-14081.396
"2114",-14328.825
"2115",-14075.829
"2116",-14065.475
"2117",-14056.936
"2118",-14159.153
"2119",-14243.933
"2120",-14234.06
"2121",-14169.883
"2122",-13935.378
"2123",-14157.16
"2124",-14226.344
"2125",-14150.348
"2126",-14235.821
"2127",-14270.393
"2128",-14256.342
"2129",-14174.488
"2130",-14275.3
"2131",-14232.143
"2132",-14103.881
"2133",-14542.716
"2134",-14208.535
"2135",-13835.38
"2136",-14196.341
"2137",-14200.421
"2138",-14138.507
"2139",-14095.528
"2140",-14392.58
"2141",-14270.253
"2142",-14219.94
"2143",-14095.589
"2144",-14402.05
"2145",-14247.703
"2146",-14027.516
"2147",-14194.31
"2148",-14178.943
"2149",-14136.996
"2150",-13992.224
"2151",-14097.828
"2152",-13988.983
"2153",-14124.515
"2154",-13937.76
"2155",-14575.144
"2156",-14218.286
"2157",-14635.741
"2158",-14360.731
"2159",-14036.104
"2160",-14135.986
"2161",-14623.518
"2162",-14080.736
"2163",-14162.562
"2164",-14041.736
"2165",-14432.385
"2166",-14053.285
"2167",-13971.596
"2168",-14305.21
"2169",-14021.917
"2170",-14237.002
"2171",-14175.923
"2172",-13765.471
"2173",-14279.622
"2174",-13964.954
"2175",-14083.924
"2176",-14300.252
"2177",-14163.632
"2178",-14343.702
"2179",-14352.713
"2180",-14520.943
"2181",-14093.462
"2182",-13998.861
"2183",-14024.452
"2184",-13971.684
"2185",-13962.668
"2186",-14343.426
"2187",-14205.984
"2188",-14305.004
"2189",-14034.713
"2190",-14174.094
"2191",-14253.319
"2192",-13956.497
"2193",-14503.159
"2194",-14091.246
"2195",-14170.377
"2196",-13860.113
"2197",-14264.296
"2198",-14002.258
"2199",-14167.52
"2200",-14493.042
"2201",-14230.741
"2202",-14114.543
"2203",-14118.681
"2204",-14122.652
"2205",-14114.955
"2206",-14076.648
"2207",-13899.694
"2208",-14345.848
"2209",-14180.304
"2210",-14229.627
"2211",-14311.624
"2212",-13981.739
"2213",-14457.638
"2214",-14153.123
"2215",-14051.277
"2216",-14143.295
"2217",-14504.807
"2218",-14293.311
"2219",-14307.894
"2220",-14318.244
"2221",-14168.668
"2222",-14059.133
"2223",-14290.056
"2224",-14143.449
"2225",-14231.309
"2226",-14052.176
"2227",-14276.738
"2228",-14612.669
"2229",-13992.168
"2230",-14248.54
"2231",-14042.139
"2232",-14246.981
"2233",-14086.48
"2234",-14388.641
"2235",-13999.846
"2236",-14146.03
"2237",-14166.934
"2238",-14187.712
"2239",-14507.824
"2240",-14090.887
"2241",-14266.318
"2242",-14250.014
"2243",-14260.515
"2244",-13983.973
"2245",-14381.768
"2246",-14251.68
"2247",-14215.696
"2248",-14386.377
"2249",-14010.983
"2250",-14057.679
"2251",-14106.331
"2252",-14301.317
"2253",-14036.848
"2254",-14316.045
"2255",-13987.034
"2256",-14178.143
"2257",-14268.826
"2258",-14138.196
"2259",-14139.899
"2260",-14201.558
"2261",-14151.111
"2262",-14371.553
"2263",-14163.767
"2264",-14279.769
"2265",-14317.397
"2266",-14424.91
"2267",-13968.448
"2268",-13957.93
"2269",-14339.377
"2270",-14004.295
"2271",-13976.403
"2272",-14197.909
"2273",-14365.06
"2274",-14150.127
"2275",-14329.815
"2276",-14154.062
"2277",-14180.957
"2278",-14210.04
"2279",-14447.881
"2280",-14216.624
"2281",-14346.676
"2282",-14240.029
"2283",-13906.379
"2284",-14123.731
"2285",-14112.549
"2286",-14429.676
"2287",-14206.827
"2288",-14209.272
"2289",-14452.97
"2290",-14432.115
"2291",-14160.729
"2292",-14257.586
"2293",-14192.847
"2294",-14027.56
"2295",-14312.315
"2296",-13994.904
"2297",-13993.238
"2298",-14036.236
"2299",-14095.645
"2300",-14134.113
"2301",-14044.634
"2302",-14251.235
"2303",-14164.036
"2304",-14284.034
"2305",-14237.128
"2306",-14120.856
"2307",-14211.573
"2308",-14108.175
"2309",-14286.222
"2310",-14069.991
"2311",-14422.966
"2312",-14123.374
"2313",-14278.934
"2314",-14199.847
"2315",-13946.397
"2316",-14185.57
"2317",-14065.101
"2318",-14144.512
"2319",-14481.557
"2320",-14132.889
"2321",-14038.659
"2322",-13911.485
"2323",-14302.993
"2324",-13880.749
"2325",-14256.168
"2326",-14294.363
"2327",-14322.394
"2328",-14041.77
"2329",-14059.716
"2330",-14330.974
"2331",-13974.68
"2332",-14135.485
"2333",-14343.93
"2334",-14279.977
"2335",-14373.387
"2336",-14221.202
"2337",-14031.965
"2338",-14049.967
"2339",-14093.991
"2340",-14487.421
"2341",-14216.074
"2342",-14296.924
"2343",-14129.734
"2344",-14471.591
"2345",-14065.514
"2346",-14042.691
"2347",-14146.106
"2348",-14005.762
"2349",-14208.52
"2350",-14097.316
"2351",-14122.561
"2352",-14184.6
"2353",-14339.122
"2354",-14200.633
"2355",-14159.4
"2356",-14378.921
"2357",-14126.241
"2358",-14116.691
"2359",-13876.219
"2360",-14186.375
"2361",-14509.212
"2362",-14214.755
"2363",-14068.458
"2364",-13965.906
"2365",-14208.527
"2366",-14194.274
"2367",-14412.804
"2368",-14150.783
"2369",-14041.495
"2370",-14224.404
"2371",-14399.233
"2372",-14207.248
"2373",-14118.879
"2374",-14443.657
"2375",-14300.957
"2376",-14065.615
"2377",-14234.152
"2378",-14150.978
"2379",-14284.695
"2380",-13715.818
"2381",-14092.002
"2382",-14315.484
"2383",-14223.097
"2384",-14224.362
"2385",-14184.063
"2386",-14194.827
"2387",-14161.477
"2388",-14017.063
"2389",-14154.595
"2390",-14217.036
"2391",-14168.649
"2392",-14354.338
"2393",-14487.015
"2394",-13855.482
"2395",-13853.297
"2396",-13914.581
"2397",-14490.217
"2398",-13774.098
"2399",-14040.5
"2400",-14189.798
"2401",-14167.167
"2402",-14504.009
"2403",-14097.104
"2404",-14001.073
"2405",-14370.097
"2406",-14293.755
"2407",-14339.253
"2408",-14389.252
"2409",-13996.844
"2410",-14146.666
"2411",-14160.642
"2412",-14363.499
"2413",-13791.616
"2414",-13978.887
"2415",-14366.018
"2416",-14258.034
"2417",-14277.686
"2418",-13955.267
"2419",-13752.925
"2420",-14233.198
"2421",-14439.664
"2422",-14170.052
"2423",-14244.94
"2424",-14438.93
"2425",-13738.818
"2426",-14195.987
"2427",-14348.638
"2428",-14080.325
"2429",-14311.447
"2430",-13967.46
"2431",-14492.858
"2432",-14357.89
"2433",-13803.365
"2434",-13942.845
"2435",-14465.813
"2436",-14490.003
"2437",-14116.852
"2438",-14010.716
"2439",-14195.904
"2440",-14212.665
"2441",-13903.404
"2442",-13920.251
"2443",-14273.97
"2444",-14132.826
"2445",-14121.35
"2446",-14170.794
"2447",-14136.784
"2448",-14212.352
"2449",-14067.269
"2450",-14301.293
"2451",-14250.713
"2452",-14209.852
"2453",-14271.096
"2454",-14161.051
"2455",-14277.131
"2456",-14342.852
"2457",-14166.534
"2458",-14170.01
"2459",-13869.706
"2460",-13982.246
"2461",-14331.686
"2462",-14266.374
"2463",-14261.809
"2464",-14167.076
"2465",-14156.669
"2466",-13785.878
"2467",-14211.785
"2468",-14421.535
"2469",-14150.646
"2470",-14121.243
"2471",-13955.083
"2472",-14013.717
"2473",-14120.724
"2474",-14429.575
"2475",-14172.785
"2476",-14087.53
"2477",-13935.757
"2478",-14037.022
"2479",-13957.463
"2480",-14030.291
"2481",-14262.546
"2482",-13847.571
"2483",-14165.483
"2484",-14416.79
"2485",-13866.765
"2486",-13989.267
"2487",-14113.539
"2488",-14230.4
"2489",-14131.434
"2490",-14034.421
"2491",-13972.053
"2492",-14027.453
"2493",-14037.498
"2494",-14153.552
"2495",-14249.641
"2496",-14315.692
"2497",-14182.151
"2498",-14334.609
"2499",-14399.964
"2500",-14218.6
"2501",-14280.852
"2502",-13979.803
"2503",-14530.353
"2504",-14160.124
"2505",-14258.751
"2506",-14239.576
"2507",-14066.999
"2508",-14009.125
"2509",-14134.333
"2510",-14342.415
"2511",-14305.573
"2512",-14245.883
"2513",-13936.197
"2514",-14097.568
"2515",-14083.931
"2516",-14302.736
"2517",-14133.04
"2518",-14293.618
"2519",-14119.693
"2520",-13993.133
"2521",-14095.599
"2522",-14334.046
"2523",-14317.124
"2524",-13984.685
"2525",-14267.062
"2526",-14249.73
"2527",-13905.345
"2528",-14065.539
"2529",-14125.006
"2530",-13875.991
"2531",-14002.341
"2532",-14021.968
"2533",-14006.132
"2534",-14085.214
"2535",-14194.661
"2536",-13920.277
"2537",-14180.417
"2538",-14154.087
"2539",-14262.532
"2540",-14077.765
"2541",-14262.811
"2542",-14389.693
"2543",-14186.368
"2544",-14352.642
"2545",-14024.521
"2546",-13985.44
"2547",-14229.28
"2548",-14065.991
"2549",-13848.212
"2550",-14034.45
"2551",-14272.89
"2552",-14374.275
"2553",-14246.958
"2554",-13989.901
"2555",-13936.808
"2556",-14055.799
"2557",-14036.269
"2558",-14174.413
"2559",-14143.826
"2560",-13757.254
"2561",-14353.207
"2562",-14323.94
"2563",-14339.531
"2564",-14363.798
"2565",-14166.049
"2566",-14236.899
"2567",-14142.625
"2568",-14012.9
"2569",-14185.724
"2570",-14594.565
"2571",-14086.883
"2572",-14078.485
"2573",-14384.557
"2574",-14404.568
"2575",-14260.359
"2576",-14153.509
"2577",-14125.542
"2578",-14560.269
"2579",-14007.14
"2580",-14105.933
"2581",-13871.664
"2582",-14321.312
"2583",-14237.881
"2584",-13980.778
"2585",-14131.024
"2586",-14294.156
"2587",-14194.064
"2588",-13841.633
"2589",-14349.928
"2590",-14520.449
"2591",-14268.961
"2592",-14460.821
"2593",-14162.744
"2594",-14292.924
"2595",-14249.123
"2596",-14231.993
"2597",-14062.342
"2598",-14280.763
"2599",-13857.843
"2600",-14191.67
"2601",-14176.246
"2602",-14244.206
"2603",-14478.406
"2604",-14142.277
"2605",-13993.894
"2606",-14260.492
"2607",-14363.375
"2608",-14418.575
"2609",-14142.686
"2610",-14335.531
"2611",-14000.244
"2612",-13906.782
"2613",-14040.869
"2614",-14276.62
"2615",-14191.746
"2616",-14366.125
"2617",-13848.368
"2618",-14013.877
"2619",-13851.127
"2620",-14289.767
"2621",-14087.59
"2622",-14231.668
"2623",-13927.675
"2624",-13928.923
"2625",-14264.118
"2626",-14196.193
"2627",-14089.949
"2628",-14239.474
"2629",-14127.964
"2630",-14239.741
"2631",-14421.174
"2632",-13797.519
"2633",-14207.67
"2634",-14253.832
"2635",-13991.438
"2636",-14263.69
"2637",-14120.83
"2638",-14446.875
"2639",-14221.732
"2640",-14084.205
"2641",-14144.35
"2642",-14097.493
"2643",-14425.437
"2644",-14293.921
"2645",-14303.679
"2646",-14054.507
"2647",-14213.948
"2648",-14138.009
"2649",-14118.759
"2650",-14218.3
"2651",-14053.393
"2652",-14250.859
"2653",-14308.911
"2654",-14139.171
"2655",-13930.889
"2656",-14292.926
"2657",-14180.334
"2658",-14118.304
"2659",-14301.967
"2660",-14603.052
"2661",-14196.387
"2662",-13968.065
"2663",-13984.723
"2664",-14092.516
"2665",-14300.189
"2666",-14496.699
"2667",-14268.863
"2668",-13910.947
"2669",-14143.214
"2670",-13955.695
"2671",-14011.88
"2672",-14269.007
"2673",-14149.356
"2674",-14242.724
"2675",-14047.948
"2676",-14218.703
"2677",-14099.889
"2678",-14124.173
"2679",-14007.706
"2680",-13994.732
"2681",-14107.681
"2682",-14204.26
"2683",-14326.728
"2684",-14052.497
"2685",-14086.256
"2686",-14180.75
"2687",-14084.163
"2688",-14012.974
"2689",-14118.314
"2690",-14387.923
"2691",-14097.597
"2692",-14230.607
"2693",-14074.422
"2694",-14248.522
"2695",-14027.571
"2696",-14176.735
"2697",-14186.643
"2698",-14099.964
"2699",-14236.685
"2700",-14116.1
"2701",-14011.221
"2702",-14261.99
"2703",-14205.287
"2704",-14091.9
"2705",-14212.707
"2706",-14267.295
"2707",-14208.24
"2708",-14042.117
"2709",-14194.576
"2710",-14055.026
"2711",-14253.979
"2712",-13839.386
"2713",-14321.956
"2714",-14027.571
"2715",-14254.298
"2716",-14303.348
"2717",-13986.379
"2718",-14404.529
"2719",-14080.934
"2720",-14112.547
"2721",-14200.548
"2722",-14068.45
"2723",-14127.652
"2724",-14431.277
"2725",-13937.394
"2726",-14202.899
"2727",-14469.188
"2728",-14340.534
"2729",-14120.267
"2730",-14394.177
"2731",-13898.639
"2732",-14080.096
"2733",-14175.22
"2734",-14022.994
"2735",-13872.405
"2736",-14240.959
"2737",-13999.651
"2738",-14108.48
"2739",-14351.116
"2740",-14143.886
"2741",-14330.161
"2742",-14471.132
"2743",-14037.257
"2744",-14386.931
"2745",-14082.185
"2746",-14041.966
"2747",-14297.573
"2748",-13668.987
"2749",-13962.994
"2750",-14060.055
"2751",-14174.41
"2752",-14033.477
"2753",-13973.245
"2754",-14196.781
"2755",-14130.37
"2756",-14167.848
"2757",-14254.919
"2758",-14060.087
"2759",-14131.388
"2760",-14180.926
"2761",-14042.829
"2762",-14360.093
"2763",-14018.384
"2764",-14253.798
"2765",-14268.843
"2766",-14261.325
"2767",-14199.088
"2768",-14261.797
"2769",-14001.942
"2770",-13962.534
"2771",-13985.94
"2772",-14088.599
"2773",-14149.748
"2774",-14295.945
"2775",-14594.05
"2776",-14146.808
"2777",-14390.786
"2778",-14041.055
"2779",-14115.883
"2780",-14196.753
"2781",-14123.112
"2782",-13978.619
"2783",-14349.984
"2784",-14027.485
"2785",-14366.274
"2786",-14041.253
"2787",-14013.569
"2788",-14120.409
"2789",-14100.755
"2790",-14250.559
"2791",-14286.818
"2792",-14131.212
"2793",-14210.373
"2794",-14397.498
"2795",-14503.331
"2796",-14028.782
"2797",-13782.199
"2798",-14057.655
"2799",-14306.496
"2800",-14058.6
"2801",-13959.627
"2802",-13926.001
"2803",-13967.732
"2804",-14105.606
"2805",-14063.826
"2806",-14076.086
"2807",-14283.069
"2808",-14425.501
"2809",-14165.254
"2810",-14325.146
"2811",-14100.085
"2812",-14018.861
"2813",-14284.482
"2814",-14018.797
"2815",-13799.282
"2816",-14297.678
"2817",-14283.34
"2818",-14388.625
"2819",-13972.015
"2820",-14209.026
"2821",-14413.976
"2822",-14148.704
"2823",-14219.594
"2824",-14089.485
"2825",-13880.492
"2826",-13989.237
"2827",-14126.746
"2828",-14251.333
"2829",-13869.343
"2830",-14661.758
"2831",-14293.801
"2832",-14133.549
"2833",-13917.247
"2834",-13929.217
"2835",-14222.752
"2836",-14074.018
"2837",-14175.805
"2838",-14183.814
"2839",-14229.11
"2840",-13965.317
"2841",-14333.161
"2842",-13850.245
"2843",-13992.968
"2844",-14172.588
"2845",-14011.944
"2846",-14020.324
"2847",-14355.627
"2848",-14344.762
"2849",-14074.824
"2850",-14163.739
"2851",-14654.996
"2852",-14308.094
"2853",-14034.91
"2854",-14490.656
"2855",-14222.768
"2856",-13875.896
"2857",-14003.902
"2858",-14292.622
"2859",-14105.342
"2860",-14362.885
"2861",-14131.263
"2862",-14248.824
"2863",-14033.129
"2864",-14283.99
"2865",-14054.993
"2866",-14183.412
"2867",-14412.329
"2868",-14131.467
"2869",-14315.692
"2870",-14145.665
"2871",-14042.158
"2872",-14489.829
"2873",-14255.94
"2874",-14132.463
"2875",-14331.45
"2876",-14185.944
"2877",-13958.44
"2878",-14441.6
"2879",-13997.584
"2880",-14036.923
"2881",-14160.714
"2882",-14206.264
"2883",-14205.355
"2884",-14061.16
"2885",-14012.284
"2886",-14208.744
"2887",-14077.806
"2888",-14006.651
"2889",-13924.166
"2890",-14337.639
"2891",-14091.18
"2892",-14337.988
"2893",-14490.43
"2894",-14219.179
"2895",-14318.212
"2896",-14333.56
"2897",-14034.137
"2898",-14216.703
"2899",-14074.718
"2900",-14233.285
"2901",-14236.463
"2902",-14371.246
"2903",-14387.181
"2904",-14096.661
"2905",-14324.09
"2906",-14160.945
"2907",-14243.288
"2908",-13973.546
"2909",-14039.382
"2910",-14065.687
"2911",-14362.6
"2912",-14244.162
"2913",-14307.489
"2914",-13875.19
"2915",-14411.832
"2916",-14208.521
"2917",-14013.078
"2918",-14237.674
"2919",-14003.111
"2920",-13932.849
"2921",-14286.939
"2922",-14008.522
"2923",-14356.089
"2924",-13864.889
"2925",-14581.442
"2926",-14121.923
"2927",-14370.419
"2928",-14338.249
"2929",-14172.46
"2930",-13855.8
"2931",-14033.859
"2932",-14292.888
"2933",-14386.533
"2934",-14089.699
"2935",-14076.732
"2936",-14210.073
"2937",-14462.142
"2938",-13903.907
"2939",-14032.364
"2940",-14101.441
"2941",-14115.63
"2942",-14242.262
"2943",-14214.195
"2944",-14614.022
"2945",-14270.185
"2946",-14123.361
"2947",-14212.236
"2948",-13910.799
"2949",-14110.06
"2950",-14274.39
"2951",-14144.115
"2952",-14327.712
"2953",-14324.528
"2954",-13828.284
"2955",-14061.608
"2956",-13959.505
"2957",-14266.575
"2958",-14132.66
"2959",-13867.672
"2960",-14261.279
"2961",-14192.859
"2962",-14412.591
"2963",-14036.449
"2964",-14047.8
"2965",-14133.284
"2966",-13931.03
"2967",-14271.981
"2968",-14313.491
"2969",-13875.339
"2970",-14272.696
"2971",-14061.113
"2972",-14346.992
"2973",-14182.127
"2974",-14086.02
"2975",-14135.506
"2976",-14402.654
"2977",-14107.288
"2978",-14205.649
"2979",-14100.803
"2980",-14292.108
"2981",-14244.548
"2982",-14190.709
"2983",-14197.68
"2984",-14047.225
"2985",-14133.228
"2986",-14266.138
"2987",-14234.467
"2988",-14070.619
"2989",-13789.398
"2990",-14104.316
"2991",-14078.773
"2992",-14054.605
"2993",-13994.814
"2994",-14229.829
"2995",-14530.98
"2996",-14228.62
"2997",-13866.691
"2998",-14208.973
"2999",-14390.754
"3000",-14089.681
"3001",-14305.212
"3002",-14376.876
"3003",-13988.314
"3004",-13946.199
"3005",-14153.752
"3006",-14107.628
"3007",-14050.207
"3008",-14130.439
"3009",-14087.926
"3010",-14232.419
"3011",-13941.916
"3012",-14593.929
"3013",-14183.617
"3014",-13976.604
"3015",-14168.107
"3016",-14352.28
"3017",-14108.38
"3018",-14077.245
"3019",-14044.038
"3020",-14087.569
"3021",-13957.204
"3022",-14219.042
"3023",-14002.127
"3024",-14438.767
"3025",-14338.009
"3026",-14067.328
"3027",-14404.217
"3028",-14346.727
"3029",-14394.24
"3030",-13932.806
"3031",-14012.799
"3032",-14240.286
"3033",-14107.443
"3034",-13957.734
"3035",-14202.517
"3036",-13918.271
"3037",-14095.183
"3038",-14034.747
"3039",-14166.68
"3040",-14202.725
"3041",-14214.843
"3042",-14374.464
"3043",-14193.586
"3044",-14198.552
"3045",-14113.462
"3046",-14153.239
"3047",-14351.223
"3048",-14073.626
"3049",-14247.753
"3050",-14025.076
"3051",-13820.06
"3052",-14070.86
"3053",-14071.956
"3054",-14156.159
"3055",-14234.533
"3056",-14238.549
"3057",-14068.139
"3058",-14289.293
"3059",-14340.431
"3060",-14193.524
"3061",-14119.704
"3062",-14498.421
"3063",-14088.818
"3064",-14090.164
"3065",-14134.724
"3066",-14235.426
"3067",-14314.142
"3068",-14042.079
"3069",-14153.368
"3070",-14139.911
"3071",-13937.217
"3072",-13921.691
"3073",-14189.994
"3074",-14336.807
"3075",-14427.404
"3076",-14058.131
"3077",-14112.066
"3078",-14311.674
"3079",-14061.866
"3080",-14101.566
"3081",-14112.612
"3082",-14374.241
"3083",-13882.446
"3084",-14278.79
"3085",-14078.949
"3086",-14114.113
"3087",-14348.863
"3088",-14392.941
"3089",-14203.499
"3090",-14053.92
"3091",-14240.596
"3092",-14240.677
"3093",-13935.947
"3094",-14278.842
"3095",-14073.856
"3096",-13928.489
"3097",-14308.13
"3098",-14156.432
"3099",-14253.233
"3100",-13849.413
"3101",-14297.861
"3102",-13929.524
"3103",-14307.377
"3104",-14041.451
"3105",-14218.45
"3106",-14029.822
"3107",-14313.711
"3108",-14222.498
"3109",-14130.739
"3110",-14101.501
"3111",-13865.284
"3112",-14094.533
"3113",-14182.888
"3114",-14028.28
"3115",-14466.559
"3116",-13874.704
"3117",-14348.137
"3118",-14007.527
"3119",-14295.336
"3120",-14026.632
"3121",-14389.68
"3122",-13974.479
"3123",-13885.897
"3124",-14264.101
"3125",-14005.935
"3126",-14083.079
"3127",-14389.526
"3128",-13917.053
"3129",-13986.725
"3130",-14064.752
"3131",-14493.136
"3132",-14192.731
"3133",-14422.68
"3134",-13767.122
"3135",-14275.091
"3136",-14262.996
"3137",-14219.773
"3138",-14111.299
"3139",-13876.76
"3140",-14431.152
"3141",-14337.92
"3142",-14160.514
"3143",-13872.519
"3144",-14514.514
"3145",-14135.043
"3146",-13844.913
"3147",-14470.448
"3148",-14059.301
"3149",-14046.915
"3150",-13853.362
"3151",-14058.19
"3152",-14081.096
"3153",-14292.121
"3154",-14247.03
"3155",-14274.023
"3156",-14034.844
"3157",-14032.572
"3158",-14184.572
"3159",-13861.737
"3160",-14098.284
"3161",-13977.671
"3162",-13936.911
"3163",-14035.918
"3164",-13972.255
"3165",-14469.764
"3166",-14502.06
"3167",-13715.639
"3168",-14134.453
"3169",-13986.051
"3170",-14389.07
"3171",-14161.206
"3172",-14017.145
"3173",-14187.439
"3174",-14031.753
"3175",-13992.63
"3176",-13962.57
"3177",-14225.579
"3178",-13930.616
"3179",-13832.07
"3180",-14350.739
"3181",-14133.907
"3182",-13935.062
"3183",-14013.665
"3184",-14067.466
"3185",-14340.414
"3186",-14082.812
"3187",-14370.005
"3188",-14194.49
"3189",-14258.939
"3190",-14254.324
"3191",-13893.789
"3192",-14094.403
"3193",-14139.026
"3194",-14556.964
"3195",-14564.696
"3196",-14153.134
"3197",-14007.625
"3198",-13897.816
"3199",-14116.009
"3200",-13880.35
"3201",-14106.071
"3202",-14374.433
"3203",-13951.31
"3204",-14189.091
"3205",-14735.054
"3206",-14116.439
"3207",-14250.241
"3208",-14331.47
"3209",-14227.558
"3210",-13924.288
"3211",-14089.808
"3212",-14389.559
"3213",-14350.964
"3214",-14192.995
"3215",-14154.681
"3216",-13906.186
"3217",-14297.929
"3218",-14416.902
"3219",-14262.571
"3220",-14214.071
"3221",-14035.32
"3222",-13989.395
"3223",-14205.297
"3224",-13838.768
"3225",-14244.706
"3226",-13951.718
"3227",-14182.249
"3228",-14277.332
"3229",-14057.898
"3230",-14140.756
"3231",-14243.212
"3232",-14009.664
"3233",-14153.7
"3234",-14175.284
"3235",-14098.818
"3236",-13923.034
"3237",-14046.695
"3238",-14321.287
"3239",-13970.855
"3240",-14547.772
"3241",-13932.109
"3242",-14149.274
"3243",-14181.701
"3244",-13949.421
"3245",-14084.289
"3246",-14125.324
"3247",-14088.752
"3248",-13879.737
"3249",-14176.828
"3250",-13967.794
"3251",-14284.953
"3252",-14264.517
"3253",-14080.469
"3254",-14218.523
"3255",-14110.644
"3256",-14303.15
"3257",-14286.137
"3258",-14206.803
"3259",-14032.775
"3260",-14179.124
"3261",-14238.869
"3262",-14121.096
"3263",-14145.113
"3264",-14255.755
"3265",-14204.083
"3266",-14242.522
"3267",-14083.177
"3268",-14167.74
"3269",-14248.058
"3270",-14015.419
"3271",-14153.066
"3272",-14228.745
"3273",-14322.002
"3274",-13953.977
"3275",-14275.991
"3276",-14124.929
"3277",-14670.112
"3278",-14254.165
"3279",-14185.563
"3280",-14359.817
"3281",-14051.73
"3282",-14206.107
"3283",-14138.638
"3284",-14084.723
"3285",-13861.373
"3286",-14080.387
"3287",-14189.518
"3288",-13987.932
"3289",-13926.66
"3290",-14195.086
"3291",-14115.793
"3292",-13972.538
"3293",-14210.913
"3294",-14371.724
"3295",-14037.211
"3296",-14204.064
"3297",-14120.324
"3298",-14319.528
"3299",-14348.094
"3300",-14465.746
"3301",-14078.879
"3302",-13994.811
"3303",-14029.942
"3304",-14297.055
"3305",-14261.744
"3306",-14029.008
"3307",-14010.442
"3308",-14097.362
"3309",-14285.968
"3310",-14258.176
"3311",-14090.612
"3312",-14091.551
"3313",-14319.539
"3314",-13858.528
"3315",-14298.811
"3316",-14430.204
"3317",-14059.863
"3318",-14487.878
"3319",-14014.004
"3320",-13891.441
"3321",-14102.345
"3322",-14061.813
"3323",-14016.686
"3324",-14103.196
"3325",-13919.555
"3326",-14179.046
"3327",-14379.653
"3328",-14110.305
"3329",-14089.383
"3330",-14490.035
"3331",-14094.759
"3332",-14209.368
"3333",-13851.572
"3334",-14218.93
"3335",-14279.48
"3336",-14222.695
"3337",-14271.756
"3338",-14261.624
"3339",-14172.765
"3340",-14014.881
"3341",-14309.639
"3342",-14184.292
"3343",-14398.459
"3344",-14480.939
"3345",-13875.708
"3346",-13950.359
"3347",-14249.958
"3348",-14032.432
"3349",-14061.948
"3350",-14235.357
"3351",-14066.379
"3352",-13910.417
"3353",-13617.213
"3354",-14206.338
"3355",-14015.14
"3356",-14177.909
"3357",-14347.507
"3358",-14047.776
"3359",-14176.189
"3360",-14375.895
"3361",-14264.24
"3362",-14140.508
"3363",-14286.281
"3364",-14231.131
"3365",-14537.887
"3366",-14072.729
"3367",-14280.433
"3368",-14272.702
"3369",-14329.677
"3370",-14078.029
"3371",-14538.46
"3372",-14223.947
"3373",-14472.999
"3374",-14307.823
"3375",-14160.301
"3376",-14497.662
"3377",-14417.988
"3378",-14260.223
"3379",-14474.573
"3380",-14260.076
"3381",-14263.006
"3382",-14107.639
"3383",-14231.425
"3384",-14143.068
"3385",-14284.178
"3386",-14376.797
"3387",-14105.273
"3388",-14205.933
"3389",-13892.666
"3390",-14140.278
"3391",-14144.481
"3392",-14297.952
"3393",-14356.151
"3394",-14188.273
"3395",-14002.802
"3396",-14471.881
"3397",-14180.498
"3398",-14026.987
"3399",-14234.855
"3400",-13947.525
"3401",-14239.539
"3402",-14434.478
"3403",-14056.931
"3404",-13934.411
"3405",-14182.67
"3406",-14351.113
"3407",-14102.269
"3408",-14246.575
"3409",-14083.529
"3410",-14285.374
"3411",-14204.752
"3412",-13634.58
"3413",-14169.656
"3414",-14033.81
"3415",-14034.586
"3416",-14448.964
"3417",-14500.505
"3418",-14107.583
"3419",-13892.528
"3420",-14274.54
"3421",-13881.1
"3422",-14063.104
"3423",-14212.432
"3424",-14232.153
"3425",-14080.401
"3426",-13909.961
"3427",-14263.001
"3428",-14154.241
"3429",-14199.002
"3430",-13842.107
"3431",-14070.265
"3432",-14357.386
"3433",-14226.834
"3434",-13919.286
"3435",-14197.601
"3436",-14535.669
"3437",-14173.541
"3438",-14068.52
"3439",-14025.221
"3440",-14164.719
"3441",-14387.608
"3442",-14537.62
"3443",-14231.096
"3444",-14338.817
"3445",-14388.981
"3446",-14263.556
"3447",-14257.989
"3448",-14375.619
"3449",-14319.436
"3450",-14242.253
"3451",-14126.249
"3452",-14293.176
"3453",-14097.355
"3454",-14331.803
"3455",-13947.188
"3456",-13941.985
"3457",-14375.395
"3458",-14697.376
"3459",-13954.928
"3460",-14174.631
"3461",-14112.425
"3462",-14052.606
"3463",-14049.473
"3464",-13922.485
"3465",-14179.761
"3466",-14184.222
"3467",-14071.78
"3468",-14043.336
"3469",-14193.858
"3470",-14266.113
"3471",-14323.74
"3472",-14051.065
"3473",-14135.189
"3474",-14301.979
"3475",-14187.558
"3476",-14123.286
"3477",-14526.623
"3478",-14122.869
"3479",-14129.106
"3480",-13946.972
"3481",-14419.66
"3482",-14243.634
"3483",-14128.003
"3484",-13811.893
"3485",-14315.039
"3486",-14376.067
"3487",-14538.833
"3488",-14452.644
"3489",-14174.715
"3490",-14146.803
"3491",-14121.698
"3492",-14262.015
"3493",-14321.052
"3494",-14328.874
"3495",-14075.151
"3496",-14272.357
"3497",-13998.51
"3498",-14424.629
"3499",-14441.064
"3500",-14249.311
"3501",-14329.307
"3502",-14166.242
"3503",-14328.719
"3504",-14018.965
"3505",-14365.345
"3506",-13936.517
"3507",-14051.29
"3508",-14231.536
"3509",-14365.786
"3510",-13882.33
"3511",-14105.543
"3512",-13990.312
"3513",-14105.454
"3514",-14110.121
"3515",-13954.441
"3516",-14232.084
"3517",-14281.228
"3518",-14198.506
"3519",-13911.957
"3520",-14091.585
"3521",-14339.938
"3522",-14161.543
"3523",-13922.395
"3524",-14021.327
"3525",-14347.658
"3526",-14477.239
"3527",-14339.709
"3528",-14279.402
"3529",-14008.725
"3530",-14215.937
"3531",-14311.369
"3532",-14256.869
"3533",-14036.693
"3534",-14042.74
"3535",-14507.321
"3536",-14073.9
"3537",-13870.064
"3538",-14274.283
"3539",-14138.23
"3540",-14294.484
"3541",-14136.917
"3542",-13995.676
"3543",-14498.321
"3544",-13987.41
"3545",-14085.595
"3546",-14057.72
"3547",-14372.521
"3548",-14078.811
"3549",-14166.769
"3550",-14361.392
"3551",-14129.549
"3552",-13792.496
"3553",-14283.368
"3554",-14018.01
"3555",-14160.355
"3556",-14209.854
"3557",-14031.61
"3558",-14402.617
"3559",-14193.743
"3560",-14050.881
"3561",-13978.605
"3562",-14184.826
"3563",-14084.258
"3564",-14148.95
"3565",-13905.854
"3566",-14299.063
"3567",-14225.624
"3568",-14035.116
"3569",-14110.915
"3570",-14311.908
"3571",-14319.562
"3572",-14386.889
"3573",-14191.676
"3574",-14410.52
"3575",-13928.225
"3576",-14008.867
"3577",-14160.167
"3578",-14088.724
"3579",-14270.844
"3580",-14070.778
"3581",-14343.455
"3582",-14085.083
"3583",-14294.459
"3584",-13840.405
"3585",-14331.317
"3586",-14009.396
"3587",-14039.891
"3588",-14160.251
"3589",-14276.904
"3590",-14297.613
"3591",-14262.203
"3592",-14219.993
"3593",-14243.506
"3594",-14196.514
"3595",-14156.691
"3596",-14597.369
"3597",-14353.06
"3598",-14121.781
"3599",-14038.855
"3600",-14041.423
"3601",-14159.894
"3602",-14126.259
"3603",-14256.558
"3604",-14315.598
"3605",-14310.225
"3606",-14304.41
"3607",-14207.835
"3608",-14299.145
"3609",-14160.01
"3610",-14182.884
"3611",-13995.422
"3612",-14199.065
"3613",-14260.809
"3614",-13963.785
"3615",-13945.299
"3616",-14403.055
"3617",-14266.093
"3618",-14352.763
"3619",-14272.806
"3620",-14164.034
"3621",-14613.305
"3622",-14412.818
"3623",-14226.285
"3624",-14357.827
"3625",-14350.925
"3626",-14136.942
"3627",-14290.784
"3628",-14113.685
"3629",-14066.171
"3630",-14130.601
"3631",-13894.354
"3632",-14439.76
"3633",-14286.171
"3634",-14179.665
"3635",-14182.481
"3636",-14343.395
"3637",-14326.878
"3638",-14375.592
"3639",-14378.724
"3640",-14216.512
"3641",-14485.948
"3642",-13965.475
"3643",-14067.182
"3644",-14506.139
"3645",-14014.865
"3646",-14212.465
"3647",-14109.593
"3648",-14362.889
"3649",-14216.44
"3650",-14142.988
"3651",-13777.345
"3652",-14083.403
"3653",-13989.088
"3654",-14238.618
"3655",-14278.233
"3656",-13867.572
"3657",-14388.935
"3658",-14109.164
"3659",-14336.08
"3660",-14099.076
"3661",-14017.817
"3662",-14127.954
"3663",-14153.943
"3664",-14242.943
"3665",-14423.378
"3666",-14228.265
"3667",-14152.074
"3668",-14066.432
"3669",-14173.991
"3670",-14066.638
"3671",-13958.097
"3672",-14110.739
"3673",-14140.162
"3674",-14174.701
"3675",-14455.104
"3676",-14543.386
"3677",-14464.267
"3678",-14106.629
"3679",-14094.6
"3680",-14225.562
"3681",-14212.014
"3682",-14149.714
"3683",-14303.218
"3684",-14227.512
"3685",-14280.045
"3686",-14124.825
"3687",-14364.597
"3688",-14289.602
"3689",-13977.316
"3690",-14241.923
"3691",-14213.837
"3692",-14328.085
"3693",-14101.452
"3694",-14287.935
"3695",-13697.556
"3696",-14036.989
"3697",-14113.858
"3698",-14229.434
"3699",-14264.107
"3700",-14052.656
"3701",-14124.573
"3702",-14079.013
"3703",-13941.749
"3704",-14006.942
"3705",-14144.668
"3706",-14230.075
"3707",-14377.676
"3708",-14214.017
"3709",-14253.044
"3710",-14420.868
"3711",-14187.907
"3712",-14000.525
"3713",-14185.05
"3714",-14081.112
"3715",-13980.685
"3716",-13971.191
"3717",-13942.878
"3718",-14170.89
"3719",-13929.187
"3720",-14401.335
"3721",-14164.556
"3722",-14180.889
"3723",-14339.806
"3724",-14356.783
"3725",-14267.229
"3726",-13909.74
"3727",-14185.387
"3728",-14050.544
"3729",-14401.289
"3730",-14433.586
"3731",-14401.388
"3732",-14101.944
"3733",-13990.945
"3734",-13988.881
"3735",-14269.306
"3736",-14150.854
"3737",-14439.989
"3738",-14206.435
"3739",-14058.562
"3740",-14293.042
"3741",-13915.618
"3742",-14267.291
"3743",-14127.971
"3744",-13836.293
"3745",-14130.957
"3746",-14334.457
"3747",-14134.957
"3748",-14314.74
"3749",-14181.973
"3750",-13854.4
"3751",-14269.617
"3752",-14510.574
"3753",-14232.056
"3754",-13929.156
"3755",-14102.546
"3756",-14294.574
"3757",-14084.181
"3758",-14057.686
"3759",-14305.494
"3760",-14045.118
"3761",-14159.169
"3762",-14160.199
"3763",-14175.135
"3764",-14201.609
"3765",-13730.07
"3766",-14307.536
"3767",-14114.249
"3768",-14104.256
"3769",-14528.424
"3770",-14369.798
"3771",-14073.435
"3772",-14224.878
"3773",-14075.034
"3774",-13981.223
"3775",-14301.334
"3776",-14210.608
"3777",-13747.972
"3778",-14317.618
"3779",-14323.004
"3780",-14001.813
"3781",-14246.428
"3782",-14179.498
"3783",-14209.563
"3784",-14458.229
"3785",-14315.622
"3786",-14066.943
"3787",-14117.764
"3788",-14036.79
"3789",-14257.774
"3790",-14151.883
"3791",-14246.98
"3792",-14228.185
"3793",-13978.283
"3794",-14393.31
"3795",-13986.327
"3796",-14243.202
"3797",-13994.04
"3798",-14367.3
"3799",-13999.514
"3800",-14070.247
"3801",-14103.321
"3802",-14093.985
"3803",-14198.284
"3804",-14217.656
"3805",-14140.465
"3806",-14201.633
"3807",-14210.264
"3808",-13938.447
"3809",-14263.073
"3810",-14061.536
"3811",-14180.588
"3812",-14210.804
"3813",-14182.049
"3814",-14415.106
"3815",-14314.105
"3816",-14208.644
"3817",-14111.117
"3818",-14037.621
"3819",-14319.206
"3820",-14235.271
"3821",-14097.39
"3822",-14021.39
"3823",-14243.447
"3824",-14486.939
"3825",-14212.857
"3826",-14241.762
"3827",-13989.424
"3828",-14222.744
"3829",-14044.39
"3830",-14243.631
"3831",-14237.853
"3832",-14152.367
"3833",-14594.319
"3834",-14383.163
"3835",-14192.937
"3836",-14330.577
"3837",-14269.867
"3838",-14291.775
"3839",-14470.537
"3840",-14319.38
"3841",-14156.954
"3842",-13887.457
"3843",-13900.455
"3844",-14054.371
"3845",-14202.196
"3846",-14091.112
"3847",-14305.553
"3848",-14216.126
"3849",-14054.959
"3850",-14118.533
"3851",-14137.878
"3852",-14270.816
"3853",-14030.459
"3854",-13963.756
"3855",-14006.02
"3856",-14211.256
"3857",-14405.798
"3858",-13894.997
"3859",-14165.22
"3860",-14197.361
"3861",-14058.366
"3862",-14217.96
"3863",-14044.137
"3864",-14077.113
"3865",-14367.917
"3866",-13839.005
"3867",-14280.24
"3868",-14138.008
"3869",-14380.675
"3870",-13811.021
"3871",-14095.802
"3872",-14288.613
"3873",-14302.038
"3874",-14055.243
"3875",-13891.117
"3876",-14042.846
"3877",-13931.198
"3878",-14106.814
"3879",-14143.334
"3880",-13920.829
"3881",-14118.646
"3882",-14198.13
"3883",-14004.124
"3884",-14295.731
"3885",-14270.165
"3886",-14115.924
"3887",-14340.795
"3888",-13944.719
"3889",-14015.483
"3890",-14251.549
"3891",-14020.252
"3892",-14264.883
"3893",-14005.498
"3894",-14232.923
"3895",-14132.552
"3896",-14106.768
"3897",-14029.187
"3898",-14203.44
"3899",-14003.242
"3900",-14201.234
"3901",-14102.373
"3902",-14171.58
"3903",-14419.159
"3904",-14304.229
"3905",-13938.981
"3906",-14300.843
"3907",-13994.768
"3908",-13803.395
"3909",-14215.98
"3910",-14236.705
"3911",-14309.26
"3912",-14555.742
"3913",-14172.132
"3914",-13984.189
"3915",-13818.278
"3916",-14250.627
"3917",-14367.445
"3918",-14094.325
"3919",-14441.834
"3920",-14527.037
"3921",-14267.375
"3922",-14220.598
"3923",-13835.18
"3924",-14235.448
"3925",-13963.843
"3926",-14050.266
"3927",-14095.58
"3928",-14173.812
"3929",-14633.843
"3930",-13851.108
"3931",-13930.668
"3932",-14024.101
"3933",-14286.112
"3934",-14435.939
"3935",-14394.325
"3936",-14198.367
"3937",-14370.3
"3938",-14224.662
"3939",-14404.715
"3940",-13729.114
"3941",-14017.005
"3942",-14375.567
"3943",-14294.209
"3944",-14240.609
"3945",-14074.098
"3946",-14152.071
"3947",-14126.172
"3948",-14163.29
"3949",-14143.464
"3950",-14423.155
"3951",-13969.839
"3952",-13963.216
"3953",-14016.759
"3954",-14091.573
"3955",-14485.383
"3956",-14112.761
"3957",-13944.901
"3958",-13953.048
"3959",-14223.904
"3960",-14174.179
"3961",-14209.141
"3962",-14519.442
"3963",-14287.879
"3964",-14211.246
"3965",-14412.901
"3966",-13921.568
"3967",-14038.855
"3968",-14203.917
"3969",-14311.295
"3970",-14201.897
"3971",-14254.901
"3972",-14166.387
"3973",-14235.166
"3974",-14121.646
"3975",-14324.32
"3976",-13851.291
"3977",-14054.615
"3978",-14210.336
"3979",-14460.818
"3980",-13981.751
"3981",-14250.236
"3982",-14314.439
"3983",-14136.316
"3984",-14129.769
"3985",-14338.448
"3986",-13904.285
"3987",-14067.875
"3988",-14279.75
"3989",-14149.917
"3990",-14264.238
"3991",-14085.69
"3992",-14285.258
"3993",-14290.513
"3994",-14152.507
"3995",-14281.336
"3996",-14068.357
"3997",-14201.207
"3998",-14044.856
"3999",-14233.589
"4000",-14017.331
"4001",-14042.863
"4002",-13956.629
"4003",-14172.473
"4004",-14591.655
"4005",-14133.218
"4006",-13839.126
"4007",-14068.489
"4008",-14267.699
"4009",-14307.685
"4010",-13874.382
"4011",-13764.976
"4012",-13894.48
"4013",-14254.802
"4014",-14091.979
"4015",-14155.363
"4016",-14123.039
"4017",-14412.629
"4018",-13961.008
"4019",-14289.575
"4020",-14011.194
"4021",-14428.586
"4022",-14192.768
"4023",-13975.301
"4024",-14190.62
"4025",-14156.166
"4026",-13855.433
"4027",-14273.653
"4028",-13851.904
"4029",-14277.133
"4030",-14308.472
"4031",-14273.516
"4032",-14007.901
"4033",-14200.112
"4034",-14299.951
"4035",-13927.639
"4036",-14044.297
"4037",-14173.334
"4038",-14083.949
"4039",-14312.646
"4040",-14207.885
"4041",-14059.145
"4042",-14109.145
"4043",-14010.434
"4044",-14121.379
"4045",-14232.071
"4046",-14166.127
"4047",-14150.231
"4048",-14231.941
"4049",-14427.004
"4050",-14393.175
"4051",-14197.19
"4052",-14228.273
"4053",-14448.687
"4054",-14422.64
"4055",-14239.508
"4056",-14104.683
"4057",-14162.413
"4058",-14390.178
"4059",-14104.45
"4060",-13952.496
"4061",-14356.334
"4062",-14072.952
"4063",-13573.459
"4064",-14129.558
"4065",-13981.736
"4066",-14054.309
"4067",-13973.816
"4068",-13718.796
"4069",-13951.209
"4070",-14002.139
"4071",-14078.195
"4072",-14007.305
"4073",-14265.746
"4074",-14064.042
"4075",-14095.62
"4076",-14135.862
"4077",-13790.793
"4078",-14397.466
"4079",-13864.885
"4080",-14545.434
"4081",-14313.114
"4082",-14318.862
"4083",-14196.587
"4084",-14428.724
"4085",-14311.896
"4086",-14001.854
"4087",-14126.015
"4088",-14180.253
"4089",-14115.744
"4090",-13844.656
"4091",-14181.439
"4092",-14201.054
"4093",-14300.141
"4094",-14337.912
"4095",-14211.434
"4096",-14206.866
"4097",-14112.001
"4098",-14171.997
"4099",-13959.277
"4100",-14142.943
"4101",-14138.357
"4102",-14146.129
"4103",-14362.398
"4104",-14437.078
"4105",-14054.932
"4106",-14279.982
"4107",-14445.261
"4108",-14064.347
"4109",-14408.848
"4110",-14077.547
"4111",-13876.355
"4112",-14412.198
"4113",-14253.715
"4114",-14337.665
"4115",-14056.577
"4116",-14086.627
"4117",-14189.092
"4118",-13834.861
"4119",-14472.507
"4120",-14163.123
"4121",-14153.943
"4122",-14258.184
"4123",-14125.328
"4124",-14164.551
"4125",-13764.651
"4126",-13977.913
"4127",-14492.155
"4128",-14110.641
"4129",-13827.838
"4130",-13996.157
"4131",-13826.313
"4132",-14100.25
"4133",-14346.07
"4134",-14144.188
"4135",-14289.388
"4136",-14067.004
"4137",-14198.723
"4138",-13912.152
"4139",-14044.473
"4140",-14153.348
"4141",-14332.781
"4142",-14112.676
"4143",-14258.304
"4144",-13884.248
"4145",-14166.433
"4146",-14106.951
"4147",-14156.541
"4148",-14208.658
"4149",-14099.19
"4150",-14358.6
"4151",-14203.88
"4152",-14408.47
"4153",-14256.201
"4154",-14327.861
"4155",-13916.631
"4156",-14292.731
"4157",-14053.604
"4158",-14130.256
"4159",-14169.759
"4160",-14252.505
"4161",-14303.031
"4162",-13732.013
"4163",-13873.953
"4164",-14085.184
"4165",-13768.939
"4166",-14163.071
"4167",-14034.995
"4168",-14079.989
"4169",-14254.621
"4170",-14233.208
"4171",-14223.957
"4172",-14024.344
"4173",-14019.83
"4174",-14027.063
"4175",-14473.149
"4176",-14477.758
"4177",-14107.601
"4178",-14185.026
"4179",-14345.907
"4180",-14107.298
"4181",-13907.988
"4182",-14056.031
"4183",-14223.798
"4184",-14155.981
"4185",-14379.393
"4186",-14093.187
"4187",-14088.75
"4188",-14298.736
"4189",-14043.696
"4190",-13842.719
"4191",-14000.425
"4192",-14477.372
"4193",-13984.336
"4194",-14363.519
"4195",-14289.097
"4196",-14383.572
"4197",-14146.55
"4198",-14243.834
"4199",-14475.952
"4200",-14465.264
"4201",-14193.123
"4202",-14023.113
"4203",-14275.936
"4204",-14263.794
"4205",-14222.72
"4206",-14251.088
"4207",-14373.831
"4208",-14278.577
"4209",-14021.05
"4210",-14203.119
"4211",-14468.582
"4212",-14285.52
"4213",-13914.6
"4214",-14255.762
"4215",-13997.648
"4216",-14200.311
"4217",-14205.201
"4218",-14102.358
"4219",-14209.416
"4220",-14215.887
"4221",-14412.352
"4222",-14047.117
"4223",-13983.713
"4224",-14193.87
"4225",-14248.616
"4226",-13941.598
"4227",-13784.81
"4228",-14160.781
"4229",-13955.845
"4230",-14070.49
"4231",-14144.052
"4232",-14174.436
"4233",-13973.361
"4234",-14339.658
"4235",-13958.993
"4236",-14238.774
"4237",-14229.271
"4238",-14165.18
"4239",-13759.813
"4240",-14267.397
"4241",-13856.886
"4242",-14217.969
"4243",-14193.5
"4244",-14206.964
"4245",-14188.681
"4246",-14232.938
"4247",-14140.867
"4248",-14011.646
"4249",-14017.503
"4250",-14160.591
"4251",-14119.122
"4252",-14427.754
"4253",-14145.008
"4254",-13900.321
"4255",-14332.197
"4256",-14095.771
"4257",-14469.933
"4258",-14167.997
"4259",-14043.853
"4260",-14126.972
"4261",-14101.091
"4262",-14291.956
"4263",-13857.168
"4264",-14217.093
"4265",-14255.031
"4266",-14118.24
"4267",-14068.932
"4268",-14123.074
"4269",-14018.898
"4270",-14529.31
"4271",-14056.268
"4272",-14393.372
"4273",-14294.092
"4274",-14197.647
"4275",-13890.359
"4276",-14136.147
"4277",-14334.687
"4278",-14199.062
"4279",-14352.531
"4280",-14085.762
"4281",-14285.239
"4282",-14129.858
"4283",-14187.3
"4284",-13958.966
"4285",-14206.698
"4286",-14190.306
"4287",-14126.611
"4288",-14317.726
"4289",-14114.384
"4290",-14176.435
"4291",-14203.891
"4292",-14120.325
"4293",-14025.454
"4294",-13982.681
"4295",-14229.41
"4296",-14216.895
"4297",-14092.69
"4298",-14296.286
"4299",-14037.226
"4300",-14173.855
"4301",-14371.973
"4302",-14233.486
"4303",-14300.875
"4304",-14012.45
"4305",-14273.271
"4306",-14242.488
"4307",-14159.718
"4308",-14112.431
"4309",-14048.92
"4310",-14153.964
"4311",-14161.241
"4312",-14149.015
"4313",-14369.845
"4314",-14159.511
"4315",-14107.16
"4316",-14010.314
"4317",-13922.077
"4318",-14179.539
"4319",-14353.11
"4320",-13815.993
"4321",-14200.476
"4322",-14063.41
"4323",-14118.633
"4324",-14220.581
"4325",-13976.699
"4326",-14223.669
"4327",-14169.73
"4328",-13934.451
"4329",-14306.744
"4330",-13954.063
"4331",-14216.402
"4332",-14185.315
"4333",-14276.822
"4334",-13852.95
"4335",-13958.995
"4336",-13991.344
"4337",-14121.186
"4338",-14214.804
"4339",-14032.455
"4340",-14050.913
"4341",-13982.871
"4342",-13753.235
"4343",-14077.469
"4344",-13982.082
"4345",-13589.425
"4346",-14150.439
"4347",-14104.197
"4348",-14380.845
"4349",-13994.652
"4350",-14369.53
"4351",-14326.344
"4352",-14060.338
"4353",-14224.308
"4354",-14275.072
"4355",-14213.427
"4356",-14140.63
"4357",-14066.65
"4358",-13866.651
"4359",-14220.779
"4360",-14256.415
"4361",-13941.801
"4362",-14193.944
"4363",-13763.73
"4364",-14023.196
"4365",-14080.043
"4366",-14213.005
"4367",-14109.358
"4368",-13948.94
"4369",-13836.966
"4370",-14490.113
"4371",-14143.658
"4372",-13907.482
"4373",-14119.602
"4374",-14265.875
"4375",-14241.85
"4376",-14137.179
"4377",-14038.456
"4378",-14100.213
"4379",-14202.028
"4380",-14137.33
"4381",-13893.428
"4382",-14156.63
"4383",-14114.243
"4384",-14089.205
"4385",-14125.923
"4386",-13822.099
"4387",-14008.338
"4388",-14297.29
"4389",-14179.218
"4390",-13998.498
"4391",-13975.484
"4392",-14226.558
"4393",-14033.022
"4394",-14181.276
"4395",-14400.27
"4396",-14154.267
"4397",-13935.33
"4398",-13769.708
"4399",-14215.129
"4400",-14275.001
"4401",-14163.551
"4402",-14143.15
"4403",-14020.985
"4404",-14030.28
"4405",-13964.335
"4406",-13823.78
"4407",-14437.187
"4408",-14261.527
"4409",-14278.052
"4410",-14291.279
"4411",-14230.559
"4412",-14267.019
"4413",-14317.485
"4414",-13949.53
"4415",-14101.554
"4416",-14223.667
"4417",-14323.502
"4418",-13799.572
"4419",-13884.868
"4420",-13842.489
"4421",-13917.172
"4422",-13862.747
"4423",-14384.26
"4424",-14193.838
"4425",-14176.633
"4426",-14231.965
"4427",-14301.98
"4428",-14392.531
"4429",-14115.458
"4430",-14380.628
"4431",-14121.882
"4432",-13921.163
"4433",-14439.419
"4434",-14126.568
"4435",-14492.997
"4436",-14026.255
"4437",-14097.184
"4438",-14099.587
"4439",-13744.299
"4440",-14111.586
"4441",-14242.009
"4442",-14167.072
"4443",-14123.905
"4444",-14301.672
"4445",-14039.71
"4446",-14170.488
"4447",-14305.517
"4448",-14071.022
"4449",-13994.825
"4450",-13831.045
"4451",-14394.571
"4452",-14225.878
"4453",-14545.96
"4454",-14011.441
"4455",-14244.018
"4456",-14291.758
"4457",-13921.676
"4458",-13856.118
"4459",-14186.857
"4460",-14225.555
"4461",-14070.469
"4462",-14057.035
"4463",-14067.724
"4464",-14026.144
"4465",-14122.921
"4466",-14230.843
"4467",-14145.794
"4468",-14082.651
"4469",-14112.098
"4470",-14173.366
"4471",-14168.599
"4472",-14101.674
"4473",-14134.039
"4474",-13999.393
"4475",-14275.78
"4476",-14160.41
"4477",-14067.837
"4478",-14182.077
"4479",-14198.89
"4480",-14061.78
"4481",-14124.833
"4482",-14111.497
"4483",-14185.232
"4484",-14436.756
"4485",-14357.784
"4486",-14110.092
"4487",-14143.769
"4488",-14350.735
"4489",-14144.715
"4490",-14215.313
"4491",-13991.184
"4492",-13959.791
"4493",-14037.745
"4494",-13933.011
"4495",-13994.851
"4496",-14376.485
"4497",-14148.642
"4498",-14152.872
"4499",-14253.297
"4500",-14030.501
"4501",-14179.39
"4502",-14034.275
"4503",-13879.845
"4504",-13963.325
"4505",-14348.597
"4506",-13929.883
"4507",-14241.214
"4508",-14367.536
"4509",-13920.03
"4510",-14043.247
"4511",-14398.063
"4512",-14026.817
"4513",-13865.18
"4514",-14385.45
"4515",-14304.688
"4516",-14082.694
"4517",-14140.449
"4518",-14099.779
"4519",-14121.198
"4520",-14008.045
"4521",-14011.322
"4522",-14089.078
"4523",-14165.51
"4524",-13919.911
"4525",-14133.406
"4526",-14229.192
"4527",-14179.843
"4528",-14380.376
"4529",-13928.859
"4530",-13922.197
"4531",-14320.954
"4532",-14162.018
"4533",-14357.284
"4534",-14027.692
"4535",-14369.63
"4536",-14015.378
"4537",-13947.27
"4538",-14217.959
"4539",-14349.469
"4540",-13739.431
"4541",-14285.948
"4542",-14550.103
"4543",-14063.959
"4544",-14375.549
"4545",-14193.445
"4546",-13949.513
"4547",-14254.776
"4548",-14317.914
"4549",-14015.732
"4550",-14130.379
"4551",-14160.239
"4552",-14289.057
"4553",-14073.082
"4554",-13904.721
"4555",-14377.412
"4556",-14139.391
"4557",-14323.189
"4558",-14317.57
"4559",-14248.097
"4560",-13972.058
"4561",-14210.831
"4562",-14071.242
"4563",-14365.193
"4564",-14354.261
"4565",-14122.678
"4566",-14175.713
"4567",-14224.457
"4568",-14229.401
"4569",-14248.798
"4570",-14280.987
"4571",-13876.314
"4572",-13858.983
"4573",-14452.358
"4574",-14277.693
"4575",-14055.372
"4576",-14230.067
"4577",-14324.47
"4578",-14010.318
"4579",-14133.942
"4580",-13874.012
"4581",-14381.65
"4582",-14580.271
"4583",-14144.392
"4584",-14063.902
"4585",-14145.186
"4586",-14050.034
"4587",-13977.564
"4588",-14244.356
"4589",-14123.05
"4590",-14220.911
"4591",-14181.589
"4592",-14326.717
"4593",-13987.131
"4594",-14209.182
"4595",-14384.427
"4596",-14174.363
"4597",-14200.049
"4598",-14295.461
"4599",-14356.714
"4600",-14211.394
"4601",-14276.094
"4602",-14305.529
"4603",-14044.987
"4604",-13975.73
"4605",-14456.005
"4606",-14342.912
"4607",-14114.182
"4608",-14195.612
"4609",-14032.009
"4610",-14300.407
"4611",-14359.746
"4612",-13917.961
"4613",-14248.251
"4614",-14081.441
"4615",-13987.975
"4616",-14475.477
"4617",-14098.513
"4618",-14291.769
"4619",-14217.79
"4620",-14278.521
"4621",-14187.401
"4622",-14057.572
"4623",-14469.993
"4624",-14287.833
"4625",-14140.135
"4626",-14541.792
"4627",-13913.505
"4628",-14049.663
"4629",-14085.558
"4630",-13596.66
"4631",-14165.716
"4632",-13931.745
"4633",-14238.867
"4634",-13907.129
"4635",-14311.172
"4636",-14347.013
"4637",-14001.777
"4638",-14142.581
"4639",-14205.507
"4640",-13886.416
"4641",-14189.713
"4642",-14239.917
"4643",-14224.034
"4644",-14109.319
"4645",-13983.961
"4646",-14264.125
"4647",-14123.567
"4648",-14320.508
"4649",-14276.263
"4650",-14248.549
"4651",-14413.577
"4652",-14288.328
"4653",-13769.155
"4654",-13872.571
"4655",-14256.187
"4656",-14134.358
"4657",-14310.006
"4658",-14051.547
"4659",-14057.263
"4660",-14183.282
"4661",-14438.321
"4662",-13865.503
"4663",-14244.74
"4664",-14536.349
"4665",-13897.715
"4666",-14005.53
"4667",-14112.535
"4668",-13982.419
"4669",-14055.093
"4670",-14141.987
"4671",-14283.291
"4672",-14186.623
"4673",-14245.011
"4674",-14460.258
"4675",-14130.362
"4676",-14112.03
"4677",-14172.286
"4678",-14262.553
"4679",-14008.797
"4680",-14114.028
"4681",-14193.108
"4682",-14112.91
"4683",-14146.595
"4684",-14245.463
"4685",-14120.414
"4686",-14043.685
"4687",-14597.646
"4688",-14427.028
"4689",-14105.865
"4690",-14113.935
"4691",-14117.065
"4692",-14210.058
"4693",-14016.455
"4694",-14292.38
"4695",-14059.364
"4696",-14205.185
"4697",-14212.764
"4698",-14012.079
"4699",-14034.388
"4700",-14278.962
"4701",-14155.059
"4702",-13851.239
"4703",-14000.514
"4704",-14233.319
"4705",-14117.55
"4706",-13657.823
"4707",-14110.329
"4708",-13923.111
"4709",-14179.081
"4710",-14650.991
"4711",-14154.532
"4712",-14066.228
"4713",-14052.856
"4714",-14121.329
"4715",-14189.647
"4716",-13731.229
"4717",-14168.86
"4718",-14350.791
"4719",-14132.428
"4720",-14398.681
"4721",-14017.904
"4722",-13837.843
"4723",-13951.451
"4724",-14343.872
"4725",-13954.347
"4726",-14066.512
"4727",-14123.283
"4728",-13893.319
"4729",-14183.476
"4730",-14205.233
"4731",-13958.988
"4732",-13865.166
"4733",-14214.557
"4734",-13927.383
"4735",-13909.71
"4736",-13903.512
"4737",-14254.99
"4738",-14252.101
"4739",-14510.487
"4740",-14321.517
"4741",-14223.612
"4742",-14074.461
"4743",-14318.571
"4744",-14179.372
"4745",-14056.742
"4746",-14186.663
"4747",-14657.535
"4748",-14325.939
"4749",-14115.526
"4750",-14086.872
"4751",-14277.299
"4752",-14021.294
"4753",-14353.912
"4754",-13871.208
"4755",-14330.977
"4756",-14191.745
"4757",-14172.034
"4758",-13855.828
"4759",-14344.441
"4760",-14163.748
"4761",-14143.121
"4762",-14253.222
"4763",-14181.381
"4764",-14012.192
"4765",-13890.545
"4766",-14380.804
"4767",-13977.036
"4768",-13915.691
"4769",-14106.647
"4770",-14478.058
"4771",-14145.311
"4772",-14213.602
"4773",-14195.606
"4774",-14587.489
"4775",-14425.84
"4776",-14227.046
"4777",-14212.875
"4778",-13819.348
"4779",-14084.242
"4780",-14194.773
"4781",-14188.885
"4782",-14386.432
"4783",-14126.912
"4784",-14340.343
"4785",-14318.81
"4786",-14265.188
"4787",-14256.192
"4788",-14177.933
"4789",-14144.707
"4790",-14212.881
"4791",-14047.886
"4792",-14081.958
"4793",-14230.185
"4794",-14161.403
"4795",-13917.827
"4796",-14408.828
"4797",-14221.027
"4798",-14245.706
"4799",-14293.743
"4800",-14378.786
"4801",-14166.833
"4802",-14295.664
"4803",-13901.852
"4804",-14006.525
"4805",-14141.463
"4806",-14368.992
"4807",-14245.525
"4808",-14157.146
"4809",-14317.872
"4810",-14291.707
"4811",-13848.295
"4812",-14191.701
"4813",-14223.999
"4814",-14264.173
"4815",-14030.291
"4816",-14100.681
"4817",-14288.634
"4818",-14318.156
"4819",-14234.037
"4820",-14481.579
"4821",-14145.739
"4822",-13966.604
"4823",-14111.762
"4824",-14224.129
"4825",-13893.367
"4826",-14214.601
"4827",-14034.923
"4828",-13967.409
"4829",-14079.046
"4830",-14131.987
"4831",-14013.325
"4832",-14401.136
"4833",-14495.488
"4834",-14324.902
"4835",-14028.695
"4836",-14025.383
"4837",-13995.312
"4838",-14131.969
"4839",-14105.562
"4840",-14216.998
"4841",-14165.424
"4842",-14104.797
"4843",-14185.84
"4844",-14011.272
"4845",-14206.347
"4846",-14119.138
"4847",-14191.016
"4848",-14031.398
"4849",-14094.783
"4850",-13982.413
"4851",-14174.104
"4852",-14304.567
"4853",-13893.649
"4854",-14396.341
"4855",-14023.961
"4856",-14133.001
"4857",-14308.37
"4858",-14265.488
"4859",-14137.771
"4860",-14157.995
"4861",-14202.658
"4862",-14484.147
"4863",-14207.746
"4864",-14024.904
"4865",-14217.455
"4866",-14103.424
"4867",-14308.155
"4868",-14015.083
"4869",-14098.288
"4870",-14382.317
"4871",-14221.306
"4872",-14052.578
"4873",-13940.252
"4874",-13973.146
"4875",-14115.682
"4876",-14213.758
"4877",-14398.447
"4878",-13834.324
"4879",-14187.797
"4880",-14399.564
"4881",-14304.737
"4882",-14429.887
"4883",-14050
"4884",-14136.936
"4885",-13987.717
"4886",-14299.361
"4887",-14025.372
"4888",-14459.938
"4889",-13974.535
"4890",-14640.574
"4891",-14125.598
"4892",-14274.303
"4893",-14397.641
"4894",-14033.207
"4895",-14204.468
"4896",-14401.637
"4897",-14198.689
"4898",-14263.785
"4899",-14185.871
"4900",-14269.077
"4901",-14005.41
"4902",-14232.759
"4903",-13987.648
"4904",-14008.286
"4905",-14392.053
"4906",-14247.547
"4907",-14354.678
"4908",-14263.922
"4909",-14130.731
"4910",-14062.659
"4911",-14243.261
"4912",-14465.254
"4913",-14299.499
"4914",-14338.161
"4915",-14045.605
"4916",-14448.189
"4917",-14423.881
"4918",-14377.054
"4919",-14240.073
"4920",-14250.89
"4921",-14076.466
"4922",-14177.165
"4923",-14225.222
"4924",-14190.009
"4925",-14181.291
"4926",-14252.758
"4927",-14276.382
"4928",-14155.418
"4929",-13984.214
"4930",-14303.386
"4931",-14032.074
"4932",-14362.285
"4933",-14334.832
"4934",-14369.269
"4935",-14176.247
"4936",-14259.479
"4937",-13729.528
"4938",-14226.201
"4939",-14219.438
"4940",-14346.624
"4941",-14250.852
"4942",-13976.132
"4943",-14043.746
"4944",-14446.622
"4945",-14192.957
"4946",-14157.6
"4947",-14137.356
"4948",-13895.31
"4949",-14271.113
"4950",-14480.12
"4951",-14246.553
"4952",-13965.794
"4953",-14052.043
"4954",-14235.015
"4955",-14484.255
"4956",-14152.727
"4957",-14087.903
"4958",-13943.98
"4959",-14339.272
"4960",-14298.311
"4961",-14361.75
"4962",-14253.575
"4963",-13913.78
"4964",-14483.125
"4965",-14289.099
"4966",-13986.762
"4967",-14075.375
"4968",-14282.619
"4969",-14310.436
"4970",-14161.787
"4971",-13954.628
"4972",-13985.222
"4973",-14235.012
"4974",-14185.693
"4975",-13904.249
"4976",-14067.905
"4977",-14188.38
"4978",-14281.247
"4979",-14265.044
"4980",-14254.229
"4981",-14333.886
"4982",-14245.927
"4983",-14079.431
"4984",-14199.738
"4985",-14203.346
"4986",-14313.782
"4987",-14121.095
"4988",-14244.684
"4989",-14125.875
"4990",-13951.348
"4991",-14024.902
"4992",-14321.846
"4993",-14486.672
"4994",-14232.042
"4995",-14395.88
"4996",-14065.734
"4997",-13994.256
"4998",-13862.254
"4999",-14084.877
"5000",-14123.461
"5001",-14376.697
"5002",-14130.83
"5003",-14559.103
"5004",-14016.515
"5005",-13928.973
"5006",-14300.971
"5007",-13997.742
"5008",-13960.825
"5009",-14257.727
"5010",-14092.247
"5011",-13949.382
"5012",-13943.683
"5013",-14020.201
"5014",-14053.783
"5015",-14009.594
"5016",-14049.85
"5017",-13813.607
"5018",-14283.908
"5019",-13836.948
"5020",-14233.772
"5021",-14423.842
"5022",-14007.005
"5023",-13915.715
"5024",-14053.455
"5025",-14182.371
"5026",-14033.422
"5027",-14024.563
"5028",-14089.176
"5029",-14137.402
"5030",-14075.301
"5031",-14350.317
"5032",-14168.547
"5033",-14308.83
"5034",-14239.344
"5035",-13980.901
"5036",-13814.995
"5037",-14127.888
"5038",-14040.965
"5039",-13980.573
"5040",-14248.717
"5041",-14301.009
"5042",-14328.397
"5043",-14145.627
"5044",-14011.647
"5045",-14208.676
"5046",-14221.066
"5047",-14540.295
"5048",-13897.936
"5049",-14127.29
"5050",-14029.821
"5051",-13927.424
"5052",-13808.025
"5053",-14004.965
"5054",-14108.106
"5055",-14011.476
"5056",-14231.597
"5057",-14078.16
"5058",-14334.145
"5059",-14049.364
"5060",-14210.091
"5061",-14138.587
"5062",-14302.467
"5063",-14187.392
"5064",-14086.657
"5065",-14257.601
"5066",-14208.801
"5067",-14000.443
"5068",-14257.982
"5069",-14116.02
"5070",-14148.879
"5071",-14448.571
"5072",-14503.311
"5073",-14077.343
"5074",-14067.904
"5075",-14050.399
"5076",-14233.894
"5077",-13694.297
"5078",-14066.579
"5079",-14257.344
"5080",-14093.795
"5081",-14313.029
"5082",-13930.741
"5083",-14035.358
"5084",-14087.638
"5085",-14171.352
"5086",-14195.583
"5087",-14014.772
"5088",-14243.076
"5089",-14336.504
"5090",-14050.39
"5091",-14182.483
"5092",-13951.158
"5093",-14170.441
"5094",-14158.669
"5095",-14240.666
"5096",-14258.316
"5097",-13746.465
"5098",-14018.74
"5099",-13992.763
"5100",-14385.011
"5101",-14408.512
"5102",-14167.591
"5103",-14160.06
"5104",-14267.035
"5105",-14183.387
"5106",-14363.119
"5107",-14255.335
"5108",-14153.752
"5109",-14028.181
"5110",-14258.965
"5111",-14064.79
"5112",-14041.793
"5113",-13975.298
"5114",-14040.9
"5115",-14581.422
"5116",-13986.947
"5117",-14108.453
"5118",-14455.968
"5119",-14567.918
"5120",-13991.761
"5121",-14154.893
"5122",-14131.472
"5123",-14178.136
"5124",-14203.441
"5125",-14222.895
"5126",-14084.982
"5127",-14244.628
"5128",-14054.59
"5129",-13684.683
"5130",-14090.238
"5131",-14206.541
"5132",-14197.312
"5133",-14345.241
"5134",-14386.392
"5135",-14200.298
"5136",-14045.393
"5137",-14413.636
"5138",-14454.317
"5139",-13956.078
"5140",-14191.931
"5141",-14180.357
"5142",-14010.571
"5143",-13907.695
"5144",-14099.743
"5145",-14372.438
"5146",-14359.875
"5147",-14297.481
"5148",-14047.684
"5149",-14086.132
"5150",-13958.76
"5151",-14378.816
"5152",-14177.787
"5153",-14281.984
"5154",-14218.152
"5155",-13951.384
"5156",-14036.551
"5157",-14170.355
"5158",-14247.967
"5159",-14012.077
"5160",-14212.598
"5161",-14312.385
"5162",-14006.345
"5163",-13953.296
"5164",-14169.22
"5165",-14343.703
"5166",-14225.516
"5167",-14282.313
"5168",-14092.938
"5169",-14060.421
"5170",-14233.165
"5171",-14331.887
"5172",-14172.858
"5173",-14340.782
"5174",-14483.702
"5175",-14413.743
"5176",-14240.096
"5177",-13818.05
"5178",-14342.855
"5179",-14413.953
"5180",-14275.145
"5181",-13923.292
"5182",-14091.014
"5183",-14265.215
"5184",-14064.91
"5185",-14140.284
"5186",-13895.825
"5187",-14149.404
"5188",-14234.845
"5189",-14357.819
"5190",-14169.314
"5191",-14169.66
"5192",-13898.779
"5193",-13973.86
"5194",-14041.98
"5195",-14191.986
"5196",-14167.659
"5197",-13999.512
"5198",-14098.348
"5199",-14509.181
"5200",-13984.746
"5201",-14154.866
"5202",-14204.675
"5203",-14061.563
"5204",-14077.648
"5205",-13948.78
"5206",-14252.062
"5207",-14080.603
"5208",-14119.351
"5209",-14177.89
"5210",-14143.194
"5211",-14273.814
"5212",-14247.057
"5213",-14418.35
"5214",-14103.384
"5215",-14112.583
"5216",-13946.634
"5217",-14144.228
"5218",-14299.811
"5219",-14362.608
"5220",-14588.12
"5221",-14422.166
"5222",-14192.345
"5223",-14121.006
"5224",-14128.184
"5225",-14300.263
"5226",-14294.38
"5227",-14307.291
"5228",-14078.306
"5229",-14053.999
"5230",-14132.296
"5231",-14360.184
"5232",-14161.194
"5233",-13920.685
"5234",-14259.389
"5235",-14107.517
"5236",-13796.653
"5237",-14227.629
"5238",-14157.164
"5239",-14081.129
"5240",-14082.74
"5241",-14260.058
"5242",-14241.805
"5243",-14176.975
"5244",-14173.141
"5245",-14317.473
"5246",-13929.527
"5247",-14207.946
"5248",-14061.186
"5249",-13789.996
"5250",-14377.89
"5251",-14377.424
"5252",-14114.465
"5253",-14226.378
"5254",-13922.8
"5255",-14397.363
"5256",-14074.732
"5257",-14014.5
"5258",-14242.74
"5259",-14363.172
"5260",-14086.644
"5261",-14122.946
"5262",-14090.044
"5263",-14331.371
"5264",-14330.923
"5265",-13837.549
"5266",-14483.931
"5267",-14195.708
"5268",-14201.59
"5269",-14128.292
"5270",-14055.756
"5271",-14081.419
"5272",-14206.232
"5273",-14092.955
"5274",-13808.321
"5275",-14092.034
"5276",-14097.721
"5277",-13986.979
"5278",-14123.692
"5279",-14404.335
"5280",-14111.478
"5281",-14036.263
"5282",-14097.019
"5283",-14063.187
"5284",-14119.615
"5285",-14333.896
"5286",-14101.01
"5287",-14079.869
"5288",-14173.641
"5289",-14074.171
"5290",-14368.965
"5291",-14140.673
"5292",-13981.199
"5293",-14114.597
"5294",-13917.749
"5295",-14018.068
"5296",-14066.13
"5297",-14184.44
"5298",-14051.75
"5299",-13987.472
"5300",-13986.491
"5301",-14137.107
"5302",-14244.836
"5303",-14317.341
"5304",-14011.386
"5305",-14364.16
"5306",-13810.473
"5307",-14072.261
"5308",-13971.322
"5309",-13784.424
"5310",-13973.503
"5311",-14034.95
"5312",-14028.153
"5313",-14106.457
"5314",-14079.365
"5315",-14123.026
"5316",-13968.636
"5317",-14100.16
"5318",-14293.928
"5319",-14140.621
"5320",-14095.521
"5321",-14401.859
"5322",-14141.771
"5323",-14097.248
"5324",-14205.167
"5325",-13900.233
"5326",-14112.095
"5327",-14062.31
"5328",-13995.245
"5329",-14218.135
"5330",-14130.133
"5331",-14010.968
"5332",-14272.163
"5333",-13998.187
"5334",-13845.881
"5335",-13910.057
"5336",-14249.748
"5337",-14304.267
"5338",-14458.828
"5339",-14021.357
"5340",-13881.831
"5341",-13829.253
"5342",-13947.176
"5343",-14093.368
"5344",-14205.91
"5345",-14455.78
"5346",-14017.944
"5347",-13992.01
"5348",-14261.888
"5349",-14018.408
"5350",-14085.733
"5351",-14514.114
"5352",-13944.41
"5353",-14081.276
"5354",-14385.074
"5355",-14229.68
"5356",-14143.023
"5357",-14152.409
"5358",-14200.697
"5359",-14056.516
"5360",-14419.002
"5361",-14031.958
"5362",-14052.123
"5363",-13913.005
"5364",-13705.656
"5365",-14413.608
"5366",-13879.685
"5367",-14531.97
"5368",-13927.623
"5369",-13765.66
"5370",-13977.465
"5371",-13909.449
"5372",-14088.433
"5373",-13999.923
"5374",-14072.672
"5375",-14044.951
"5376",-14339.449
"5377",-14311.674
"5378",-14435.311
"5379",-14366.877
"5380",-14314.515
"5381",-14224.779
"5382",-14580.308
"5383",-14133.612
"5384",-14043.86
"5385",-14149.846
"5386",-14130.077
"5387",-14133.075
"5388",-14248.505
"5389",-14362.07
"5390",-14108.322
"5391",-14265.396
"5392",-14210.801
"5393",-14086.424
"5394",-14475.814
"5395",-13983.865
"5396",-14222.839
"5397",-14154.907
"5398",-13831.327
"5399",-13978.769
"5400",-14071.9
"5401",-14108.042
"5402",-14042.586
"5403",-14251
"5404",-14314.746
"5405",-14480.237
"5406",-14065.794
"5407",-14220.127
"5408",-14482.929
"5409",-14121.332
"5410",-14008.625
"5411",-14123.163
"5412",-14049.868
"5413",-13980.979
"5414",-14285.271
"5415",-14024.686
"5416",-14068.778
"5417",-13889.825
"5418",-13897.816
"5419",-14369.979
"5420",-14368.767
"5421",-13945.836
"5422",-14145.348
"5423",-14156.945
"5424",-14115.85
"5425",-13974.399
"5426",-14137.16
"5427",-14242.716
"5428",-14070.689
"5429",-13900.776
"5430",-14178.32
"5431",-14234.806
"5432",-14102.482
"5433",-14433.265
"5434",-14103.192
"5435",-14220.454
"5436",-13981.861
"5437",-14375.051
"5438",-14108.767
"5439",-13872.218
"5440",-14415.703
"5441",-13914.088
"5442",-14011.796
"5443",-14165.115
"5444",-14200.317
"5445",-14485.603
"5446",-13995.084
"5447",-14155.561
"5448",-13815.102
"5449",-14100.695
"5450",-14361.987
"5451",-13814.646
"5452",-14001.917
"5453",-14359.309
"5454",-14432.063
"5455",-14088.691
"5456",-14356.369
"5457",-14220.292
"5458",-13944.176
"5459",-14273.234
"5460",-13991.262
"5461",-14222.324
"5462",-14199.707
"5463",-14011.039
"5464",-14227.116
"5465",-14092.003
"5466",-14130.55
"5467",-13871.336
"5468",-14151.037
"5469",-13950.195
"5470",-14106.064
"5471",-14537.459
"5472",-14116.843
"5473",-14072.3
"5474",-14237.877
"5475",-14173.221
"5476",-14211.122
"5477",-14176.499
"5478",-14278.879
"5479",-13933.239
"5480",-13971.655
"5481",-14135.412
"5482",-14150.564
"5483",-14200.803
"5484",-14196.936
"5485",-14380.891
"5486",-14335.436
"5487",-14103.946
"5488",-14533.671
"5489",-13964.849
"5490",-13907.593
"5491",-14167.185
"5492",-14201.451
"5493",-14183.744
"5494",-13957.107
"5495",-13895.777
"5496",-14213.456
"5497",-14211.888
"5498",-13752.362
"5499",-14055.316
"5500",-14243.414
"5501",-14290.774
"5502",-14200.432
"5503",-14633.982
"5504",-14172.456
"5505",-14286.2
"5506",-14344.247
"5507",-14286.985
"5508",-14269.616
"5509",-14120.13
"5510",-14058.984
"5511",-14194.954
"5512",-13875.348
"5513",-14203.485
"5514",-14009.279
"5515",-13937.158
"5516",-14280.666
"5517",-14189.064
"5518",-14202.585
"5519",-14054.013
"5520",-14103.548
"5521",-14045.817
"5522",-14088.781
"5523",-14187.68
"5524",-14060.738
"5525",-13938.989
"5526",-14129.945
"5527",-14369.818
"5528",-14083.234
"5529",-14318.76
"5530",-14072.133
"5531",-14184.316
"5532",-14491.729
"5533",-14290.802
"5534",-14238.468
"5535",-14240.205
"5536",-14485.006
"5537",-14076.795
"5538",-14211.372
"5539",-14247.206
"5540",-13879.248
"5541",-14441.938
"5542",-14000.542
"5543",-13972.332
"5544",-13916.41
"5545",-14353.57
"5546",-14132.368
"5547",-14223.15
"5548",-14059.738
"5549",-14063.946
"5550",-14199.96
"5551",-14097.002
"5552",-14121.849
"5553",-13985.874
"5554",-14473.768
"5555",-14250.472
"5556",-14097.717
"5557",-14296.583
"5558",-14293.305
"5559",-14218.939
"5560",-13895.578
"5561",-13991.018
"5562",-13969.6
"5563",-14088.504
"5564",-14318.788
"5565",-14502.649
"5566",-14298.002
"5567",-14349.426
"5568",-13838.716
"5569",-14109.702
"5570",-14092.043
"5571",-14142.564
"5572",-14142.711
"5573",-14204.518
"5574",-14312.089
"5575",-14151.693
"5576",-14310.555
"5577",-14362.526
"5578",-14153.661
"5579",-14151.989
"5580",-14193.765
"5581",-14228.302
"5582",-14588.802
"5583",-14258.192
"5584",-14245.409
"5585",-14182.43
"5586",-13953.514
"5587",-13958.165
"5588",-14161.855
"5589",-14159.92
"5590",-14316.87
"5591",-13907.024
"5592",-14025.623
"5593",-14093.694
"5594",-14160.751
"5595",-14117.453
"5596",-14174.771
"5597",-13978.176
"5598",-14404.374
"5599",-14111.855
"5600",-14143.705
"5601",-14440.615
"5602",-14538.06
"5603",-14076.63
"5604",-14059.607
"5605",-14213.471
"5606",-14144.963
"5607",-14269.687
"5608",-14435.825
"5609",-14086.155
"5610",-13932.297
"5611",-14270.803
"5612",-14204.191
"5613",-14024.866
"5614",-13822.909
"5615",-14103.777
"5616",-14126.936
"5617",-14146.627
"5618",-14015.442
"5619",-13959.286
"5620",-14057.168
"5621",-14144.172
"5622",-14217.905
"5623",-13846.088
"5624",-14232.037
"5625",-14131.508
"5626",-14057.628
"5627",-14208.333
"5628",-14148.328
"5629",-14041.262
"5630",-14265.353
"5631",-14194.002
"5632",-14305.964
"5633",-14281.34
"5634",-14255.782
"5635",-14106.072
"5636",-14041.79
"5637",-14261.571
"5638",-13887.971
"5639",-14256.051
"5640",-14123.226
"5641",-14462.568
"5642",-14069.37
"5643",-14221.904
"5644",-14109.772
"5645",-14055.033
"5646",-14612.386
"5647",-13863.91
"5648",-13948.533
"5649",-14056.841
"5650",-14460.116
"5651",-13968.088
"5652",-14319.399
"5653",-14261.039
"5654",-13829.675
"5655",-14439.624
"5656",-14528.961
"5657",-14141.902
"5658",-14375.365
"5659",-14155.307
"5660",-14053.763
"5661",-14254.955
"5662",-13912.19
"5663",-14158.599
"5664",-14271.374
"5665",-14227.169
"5666",-14150.925
"5667",-14152.439
"5668",-14185.579
"5669",-13951.49
"5670",-14112.491
"5671",-14223.863
"5672",-13996.243
"5673",-14221.095
"5674",-14048.695
"5675",-13866.18
"5676",-14153.902
"5677",-14148.763
"5678",-14137.634
"5679",-14195.488
"5680",-13985.947
"5681",-14179.066
"5682",-14164.268
"5683",-14055.214
"5684",-14243.107
"5685",-14145.119
"5686",-14116.011
"5687",-14252.042
"5688",-14234.674
"5689",-14235.586
"5690",-13877.563
"5691",-14439.964
"5692",-14284.591
"5693",-14229.832
"5694",-14317.5
"5695",-14112.144
"5696",-14016.43
"5697",-14324.594
"5698",-14534.068
"5699",-14358.618
"5700",-14152.188
"5701",-14399.751
"5702",-13988.079
"5703",-14243.23
"5704",-14123.989
"5705",-14027.702
"5706",-14401.392
"5707",-14428.493
"5708",-14409.905
"5709",-14656.957
"5710",-14200.133
"5711",-14082.856
"5712",-14225.587
"5713",-14427.919
"5714",-14165.475
"5715",-13899.588
"5716",-14336.804
"5717",-13878.393
"5718",-14338.291
"5719",-14267.138
"5720",-14152.125
"5721",-14198.059
"5722",-14007.398
"5723",-14063.261
"5724",-14319.981
"5725",-14306.771
"5726",-14257.61
"5727",-14005.951
"5728",-14490.378
"5729",-14208.222
"5730",-14120.544
"5731",-14094.856
"5732",-13898.762
"5733",-14396.876
"5734",-14252.793
"5735",-14363.067
"5736",-14507.116
"5737",-14452.611
"5738",-14009.288
"5739",-14206.083
"5740",-14214.118
"5741",-14417.363
"5742",-13710.336
"5743",-14045.818
"5744",-14042.44
"5745",-14109.756
"5746",-14053.15
"5747",-14334.099
"5748",-13882.702
"5749",-14072.431
"5750",-14351.838
"5751",-14069.049
"5752",-14369.267
"5753",-14049.182
"5754",-14240.516
"5755",-14159.263
"5756",-14543.041
"5757",-14316.489
"5758",-14157.252
"5759",-14214.647
"5760",-14185.022
"5761",-14201.103
"5762",-14184.878
"5763",-14723.236
"5764",-14049.123
"5765",-14219.129
"5766",-14092.017
"5767",-14035.389
"5768",-14246.816
"5769",-14472.504
"5770",-14457.546
"5771",-14180.17
"5772",-14234.116
"5773",-14177.149
"5774",-14280.017
"5775",-14457.954
"5776",-13888.407
"5777",-14200.701
"5778",-14123.092
"5779",-13959.615
"5780",-14247.767
"5781",-14372.733
"5782",-14021.14
"5783",-13956.521
"5784",-14286.511
"5785",-14181.414
"5786",-14437.916
"5787",-14360.975
"5788",-14227.485
"5789",-14205.541
"5790",-14096.022
"5791",-14141.092
"5792",-14066.084
"5793",-14242.117
"5794",-14175.539
"5795",-14093.337
"5796",-14282.133
"5797",-14399.537
"5798",-14263.905
"5799",-14271.021
"5800",-14285.873
"5801",-14150.787
"5802",-14081.493
"5803",-14060.961
"5804",-14147.074
"5805",-14174.912
"5806",-14436.541
"5807",-13755.052
"5808",-14412.457
"5809",-14060.239
"5810",-13884.226
"5811",-14048.378
"5812",-14315.532
"5813",-13963.363
"5814",-14442.923
"5815",-14244.821
"5816",-14088.475
"5817",-14184.514
"5818",-14472.166
"5819",-14187.975
"5820",-14252.427
"5821",-14084.728
"5822",-13797.002
"5823",-14237.455
"5824",-14130.148
"5825",-14104.461
"5826",-14215.886
"5827",-14404.619
"5828",-14282.682
"5829",-14216.81
"5830",-13967.061
"5831",-14276.145
"5832",-14430.588
"5833",-14024.267
"5834",-14140.12
"5835",-14392.399
"5836",-14133.661
"5837",-14493.049
"5838",-14136.277
"5839",-13922.406
"5840",-14083.16
"5841",-14296.352
"5842",-14020.444
"5843",-14189.839
"5844",-13972.699
"5845",-14086.28
"5846",-14229.596
"5847",-14348.506
"5848",-14267.066
"5849",-13963.83
"5850",-14293.251
"5851",-14425.234
"5852",-14000.153
"5853",-14057.664
"5854",-14595.23
"5855",-14246.543
"5856",-14152.629
"5857",-14009.37
"5858",-13868.081
"5859",-14182.536
"5860",-14398.648
"5861",-14153.015
"5862",-14271.364
"5863",-14219.787
"5864",-14184.57
"5865",-14450.836
"5866",-14067.868
"5867",-14250.616
"5868",-14164.519
"5869",-14001.486
"5870",-14086.343
"5871",-14074.643
"5872",-14074.004
"5873",-14282.77
"5874",-14211.946
"5875",-14182.793
"5876",-14051.864
"5877",-14032.631
"5878",-14091.644
"5879",-14093.134
"5880",-14047.967
"5881",-14105.779
"5882",-14227.431
"5883",-14500.944
"5884",-13698.513
"5885",-13966.213
"5886",-14013.876
"5887",-14221.976
"5888",-14196.8
"5889",-14139.526
"5890",-14155.143
"5891",-14003.641
"5892",-14092.876
"5893",-14380.945
"5894",-14180.274
"5895",-13913.088
"5896",-14398.04
"5897",-14062.442
"5898",-14430.675
"5899",-14181.367
"5900",-14528.999
"5901",-14329.261
"5902",-14168.917
"5903",-14067.178
"5904",-14099.219
"5905",-14337.925
"5906",-14124.321
"5907",-14116.715
"5908",-13824.756
"5909",-14028.734
"5910",-14128.861
"5911",-14143.283
"5912",-14325.568
"5913",-13971.439
"5914",-14039.84
"5915",-14471.769
"5916",-14390.53
"5917",-14292.406
"5918",-14064.195
"5919",-14262.684
"5920",-14350.383
"5921",-14204.526
"5922",-13996.066
"5923",-14335.975
"5924",-14339.363
"5925",-14242.185
"5926",-14338.049
"5927",-14233.465
"5928",-13998.717
"5929",-14182.401
"5930",-14356.229
"5931",-13976.217
"5932",-14050.525
"5933",-13998.065
"5934",-13963.029
"5935",-14201.497
"5936",-14428.889
"5937",-14249.083
"5938",-13876.18
"5939",-14099.624
"5940",-13949.537
"5941",-14573.938
"5942",-13998.248
"5943",-14232.55
"5944",-13956.018
"5945",-14157.737
"5946",-14230.43
"5947",-14237.326
"5948",-14400.61
"5949",-14225.016
"5950",-13916.182
"5951",-14430.609
"5952",-14049.264
"5953",-14378.117
"5954",-14008.408
"5955",-14043.145
"5956",-14356.741
"5957",-14113.17
"5958",-14167.54
"5959",-14266.42
"5960",-13988.751
"5961",-14130.883
"5962",-14153.495
"5963",-14173.663
"5964",-14547.139
"5965",-14275.836
"5966",-14374.552
"5967",-14431.642
"5968",-14160.814
"5969",-13733.295
"5970",-14197.153
"5971",-14346.193
"5972",-14051.788
"5973",-14167.981
"5974",-14380.866
"5975",-14234.441
"5976",-14196.777
"5977",-14206.257
"5978",-14057.108
"5979",-13992.262
"5980",-14276.578
"5981",-14314.658
"5982",-13974.787
"5983",-14047.05
"5984",-13856.985
"5985",-14537.113
"5986",-14340.28
"5987",-14345.196
"5988",-14161.894
"5989",-14284.78
"5990",-14212.077
"5991",-14066.225
"5992",-14218.663
"5993",-14070.85
"5994",-14200.319
"5995",-13976.194
"5996",-14081.972
"5997",-14285.731
"5998",-14326.404
"5999",-13854.095
"6000",-14058.465
"6001",-16270.594
"6002",-17269.128
"6003",-16760.508
"6004",-16463.162
"6005",-16589.205
"6006",-16845.565
"6007",-17191.514
"6008",-16964.161
"6009",-16990.025
"6010",-17068.317
"6011",-16984.556
"6012",-16638.243
"6013",-17117.789
"6014",-16366.891
"6015",-16857.831
"6016",-16902.248
"6017",-17245.967
"6018",-16213.611
"6019",-16250.508
"6020",-16520.578
"6021",-16559.161
"6022",-16311.317
"6023",-16968.263
"6024",-16925.969
"6025",-16710.691
"6026",-16658.873
"6027",-17012.387
"6028",-16406.756
"6029",-16667.765
"6030",-16642.662
"6031",-17012.041
"6032",-16381.631
"6033",-17187.19
"6034",-16761.504
"6035",-16713.923
"6036",-16912.575
"6037",-16489.866
"6038",-16867.487
"6039",-16554.833
"6040",-17165.073
"6041",-16776.662
"6042",-16535.382
"6043",-17023.427
"6044",-16944.031
"6045",-16831.868
"6046",-16630.273
"6047",-16503.634
"6048",-17151.362
"6049",-16809.67
"6050",-17132.448
"6051",-16865.26
"6052",-17047.773
"6053",-17175.967
"6054",-17087.566
"6055",-16869.488
"6056",-16521.33
"6057",-16797.045
"6058",-16795.365
"6059",-16632.263
"6060",-16691.889
"6061",-17052.963
"6062",-17009.98
"6063",-16765.998
"6064",-16766.303
"6065",-16870.308
"6066",-16655.035
"6067",-17195.606
"6068",-16788.329
"6069",-16750.133
"6070",-16812.809
"6071",-16851.331
"6072",-16384.736
"6073",-16560.745
"6074",-16572.303
"6075",-16881.651
"6076",-17152.688
"6077",-16952.207
"6078",-16797.266
"6079",-16630.507
"6080",-17005.546
"6081",-16961.486
"6082",-17095.256
"6083",-17223.118
"6084",-16653.616
"6085",-17495.087
"6086",-16737.908
"6087",-16829.769
"6088",-16664.204
"6089",-16513.158
"6090",-16520.051
"6091",-16607.757
"6092",-16839.525
"6093",-16937.34
"6094",-17028.637
"6095",-16978.417
"6096",-16933.95
"6097",-17225.471
"6098",-16725.244
"6099",-16772.026
"6100",-16808.268
"6101",-17459.224
"6102",-16776.879
"6103",-16890.92
"6104",-17151.426
"6105",-17088.546
"6106",-16724.342
"6107",-16792.687
"6108",-16937.891
"6109",-16621.683
"6110",-16986.172
"6111",-16614.246
"6112",-16803.088
"6113",-16719.523
"6114",-16662.561
"6115",-16784.281
"6116",-16289.601
"6117",-16595.904
"6118",-16750.495
"6119",-16443.886
"6120",-16482.298
"6121",-16921.407
"6122",-16717.073
"6123",-16753.244
"6124",-16331.566
"6125",-16366.986
"6126",-16612.336
"6127",-16589.831
"6128",-17307.869
"6129",-16589.549
"6130",-17019.517
"6131",-16787.006
"6132",-16432.76
"6133",-16603.978
"6134",-17027.62
"6135",-16794.153
"6136",-16836.88
"6137",-16566.725
"6138",-16683.858
"6139",-16474.382
"6140",-17095.771
"6141",-16933.299
"6142",-16722.241
"6143",-17170.465
"6144",-17064.525
"6145",-16536.141
"6146",-17069.672
"6147",-16375.833
"6148",-16794.38
"6149",-16815.577
"6150",-16541.16
"6151",-17031.013
"6152",-16709.42
"6153",-16670.726
"6154",-16919.102
"6155",-17211.099
"6156",-16214.23
"6157",-16622.365
"6158",-16495.739
"6159",-17154.912
"6160",-16499.647
"6161",-16809.667
"6162",-17001.926
"6163",-16589.807
"6164",-16558.556
"6165",-16801.549
"6166",-17192.275
"6167",-16636.01
"6168",-16819.948
"6169",-17052.313
"6170",-16569.63
"6171",-17130.559
"6172",-16659.913
"6173",-16630.401
"6174",-16252.706
"6175",-17072.656
"6176",-16942.331
"6177",-16625.108
"6178",-16859.827
"6179",-17088.261
"6180",-16765.817
"6181",-16782.073
"6182",-16591.995
"6183",-16635.332
"6184",-16939.617
"6185",-16784.384
"6186",-16263.152
"6187",-17218.509
"6188",-17045.222
"6189",-17122.037
"6190",-16518.48
"6191",-16588
"6192",-16734.81
"6193",-17339.313
"6194",-16668.553
"6195",-17386.039
"6196",-16525.05
"6197",-16909.99
"6198",-16595.774
"6199",-16672.029
"6200",-16745.703
"6201",-17126.001
"6202",-16859.939
"6203",-16690.021
"6204",-16791.406
"6205",-16534.132
"6206",-16612.667
"6207",-16769.859
"6208",-16519.812
"6209",-16889.62
"6210",-17030.708
"6211",-16748.676
"6212",-16535.221
"6213",-16796.111
"6214",-16831.226
"6215",-16984.659
"6216",-16638.486
"6217",-17238.896
"6218",-17479.742
"6219",-17446.025
"6220",-16742.639
"6221",-16511.468
"6222",-16683.843
"6223",-16852.583
"6224",-16881.975
"6225",-16704.007
"6226",-16481.842
"6227",-16635.447
"6228",-17331.57
"6229",-16793.454
"6230",-16791.345
"6231",-16370.036
"6232",-16267.164
"6233",-17291.236
"6234",-16907.619
"6235",-16717.697
"6236",-16757.383
"6237",-16929.235
"6238",-17494.597
"6239",-16863.106
"6240",-16412.211
"6241",-16529.412
"6242",-17259.576
"6243",-16710.53
"6244",-16288.214
"6245",-16675.469
"6246",-16741.439
"6247",-16779.564
"6248",-16538.977
"6249",-16936.843
"6250",-17041.562
"6251",-16782.653
"6252",-16123.495
"6253",-17089.531
"6254",-17531.663
"6255",-16279.53
"6256",-16891.04
"6257",-16345.238
"6258",-16706.054
"6259",-17223.575
"6260",-16356.541
"6261",-16796.216
"6262",-16948.772
"6263",-16409.045
"6264",-16861.04
"6265",-16900.722
"6266",-16543.786
"6267",-16366.426
"6268",-16574.147
"6269",-16673.662
"6270",-17050.168
"6271",-16604.291
"6272",-16144.919
"6273",-16676.055
"6274",-16922.817
"6275",-16882.815
"6276",-17154.041
"6277",-17061.859
"6278",-16517.781
"6279",-16651.572
"6280",-16860.007
"6281",-16626.495
"6282",-16841.061
"6283",-16897.552
"6284",-16808.496
"6285",-16636.237
"6286",-16750.685
"6287",-16976.63
"6288",-17245.187
"6289",-17176.994
"6290",-16632.861
"6291",-16681.145
"6292",-17242.446
"6293",-17144.234
"6294",-17090.251
"6295",-16778.326
"6296",-16822.518
"6297",-16724.672
"6298",-16235.132
"6299",-16656.462
"6300",-16916.256
"6301",-16963.103
"6302",-17156.36
"6303",-16813.711
"6304",-16826.154
"6305",-16650.296
"6306",-17318.355
"6307",-16372.755
"6308",-17168.155
"6309",-16831.172
"6310",-16539.594
"6311",-16784.395
"6312",-16463.836
"6313",-16812.508
"6314",-17027.097
"6315",-16962.728
"6316",-16392.568
"6317",-17065.4
"6318",-16864.745
"6319",-16973.831
"6320",-16399.42
"6321",-16451.301
"6322",-16682.453
"6323",-16483.107
"6324",-16882.799
"6325",-16363.138
"6326",-16589.517
"6327",-16770.768
"6328",-16932.249
"6329",-16931.144
"6330",-16627.964
"6331",-16963.842
"6332",-16810.018
"6333",-16837.298
"6334",-16669.251
"6335",-16622.828
"6336",-16803.339
"6337",-16797.038
"6338",-16615.863
"6339",-16170.153
"6340",-16467.606
"6341",-16843.309
"6342",-16935.469
"6343",-16706.917
"6344",-16621.342
"6345",-16952.689
"6346",-16738.008
"6347",-16930.099
"6348",-17193.04
"6349",-16566.202
"6350",-16739.444
"6351",-17248.533
"6352",-17243.276
"6353",-16851.544
"6354",-17074.348
"6355",-16824.568
"6356",-16938.096
"6357",-16467.612
"6358",-16038.34
"6359",-17090.105
"6360",-16515.694
"6361",-16530.165
"6362",-16858.44
"6363",-16516.849
"6364",-16898.716
"6365",-16960.681
"6366",-16382.214
"6367",-17037.226
"6368",-16701.181
"6369",-17143.554
"6370",-17134.701
"6371",-16883.342
"6372",-16318.762
"6373",-16533.73
"6374",-16603.101
"6375",-16443.608
"6376",-16120.492
"6377",-16333.924
"6378",-16764.605
"6379",-16825.969
"6380",-17067.856
"6381",-17067.763
"6382",-16257.093
"6383",-16699.328
"6384",-17053.546
"6385",-16919.326
"6386",-16646.045
"6387",-16672.768
"6388",-16528.573
"6389",-16553.618
"6390",-17205.654
"6391",-16849.184
"6392",-16892.464
"6393",-16777.194
"6394",-17132.45
"6395",-16783.377
"6396",-16782.473
"6397",-16725.678
"6398",-16740.886
"6399",-16885.754
"6400",-17653.633
"6401",-16951.237
"6402",-16856.133
"6403",-17181.774
"6404",-16963.911
"6405",-16300.769
"6406",-16976.318
"6407",-16596.237
"6408",-16767.865
"6409",-17073.491
"6410",-16701.252
"6411",-16638.469
"6412",-16736.064
"6413",-16469.826
"6414",-16824.477
"6415",-17256.32
"6416",-16572.338
"6417",-16552.112
"6418",-17148.367
"6419",-16980.124
"6420",-16709.367
"6421",-17193.403
"6422",-16708.957
"6423",-17133.354
"6424",-16251.51
"6425",-16461.311
"6426",-17023.548
"6427",-16376.516
"6428",-17086.222
"6429",-16925.828
"6430",-16736.687
"6431",-16695.431
"6432",-16422.142
"6433",-16717.388
"6434",-16696.407
"6435",-16703.688
"6436",-16827.469
"6437",-17281.583
"6438",-16694.494
"6439",-16908.972
"6440",-16435.98
"6441",-16692.184
"6442",-16714.175
"6443",-16513.019
"6444",-17152.446
"6445",-16707.064
"6446",-16644.011
"6447",-16623.617
"6448",-17047.512
"6449",-16628.053
"6450",-17688.973
"6451",-16197.67
"6452",-16345.659
"6453",-16871.651
"6454",-16801.492
"6455",-17329.751
"6456",-16740.513
"6457",-16938.801
"6458",-16490.748
"6459",-16920.713
"6460",-16625.649
"6461",-16519.14
"6462",-17270.151
"6463",-16747.066
"6464",-16710.821
"6465",-16754.836
"6466",-17036.099
"6467",-17028.704
"6468",-16280.448
"6469",-16444.145
"6470",-16891.933
"6471",-16858.519
"6472",-16668.585
"6473",-16980.647
"6474",-17048.464
"6475",-17270.56
"6476",-16948.946
"6477",-16547.712
"6478",-16914.478
"6479",-17025.433
"6480",-16421.462
"6481",-16557.939
"6482",-16928.592
"6483",-16755.251
"6484",-17043.955
"6485",-16997.462
"6486",-16438.397
"6487",-16632.981
"6488",-16594.126
"6489",-16913.497
"6490",-16721.888
"6491",-17025.025
"6492",-16566.698
"6493",-17045.412
"6494",-16645.923
"6495",-16768.849
"6496",-16693.245
"6497",-16835.273
"6498",-16552.348
"6499",-16874.968
"6500",-16575.598
"6501",-16517.743
"6502",-16821.258
"6503",-16578.604
"6504",-16699.19
"6505",-16541.655
"6506",-16775.646
"6507",-16730.482
"6508",-17130.043
"6509",-17109.019
"6510",-16801.574
"6511",-17148.062
"6512",-16847.16
"6513",-16730.035
"6514",-16820.234
"6515",-16445.467
"6516",-17094.87
"6517",-16595.687
"6518",-17243.492
"6519",-16890.254
"6520",-16416.022
"6521",-17253.589
"6522",-16513.111
"6523",-16957.532
"6524",-16727.523
"6525",-16637.688
"6526",-16176.583
"6527",-17175.737
"6528",-17120.366
"6529",-17180.449
"6530",-16635.545
"6531",-17050.524
"6532",-17238.091
"6533",-16899.97
"6534",-16702.465
"6535",-16939.721
"6536",-16758.69
"6537",-16780.745
"6538",-16842.644
"6539",-16946.029
"6540",-16645.826
"6541",-17073.635
"6542",-16748.424
"6543",-17533.788
"6544",-16984.052
"6545",-16429.388
"6546",-16919.197
"6547",-17117.639
"6548",-16948.176
"6549",-17011.38
"6550",-17238.056
"6551",-16579.038
"6552",-17589.004
"6553",-16435.027
"6554",-16787.494
"6555",-16764.355
"6556",-16993.356
"6557",-16841.901
"6558",-16500.004
"6559",-17418.537
"6560",-16703.309
"6561",-16820.752
"6562",-16929.756
"6563",-16579.997
"6564",-17213.61
"6565",-16799.55
"6566",-15992.046
"6567",-17021.754
"6568",-16920.589
"6569",-16794.135
"6570",-16880.666
"6571",-16836.788
"6572",-16619.177
"6573",-16385.91
"6574",-17032.546
"6575",-16533.92
"6576",-16830.719
"6577",-16547.049
"6578",-16693.42
"6579",-16552.963
"6580",-17254.4
"6581",-16829.909
"6582",-16601.206
"6583",-17005.409
"6584",-16927.145
"6585",-16862.367
"6586",-16538.907
"6587",-16959.513
"6588",-16703.803
"6589",-16517.917
"6590",-16342.291
"6591",-16402.3
"6592",-16952.844
"6593",-17047.273
"6594",-16650.339
"6595",-16891.267
"6596",-16658.363
"6597",-16619.365
"6598",-16297.549
"6599",-16589.065
"6600",-16547.394
"6601",-16858.582
"6602",-16366.444
"6603",-16392.149
"6604",-16809.613
"6605",-16971.033
"6606",-16771.85
"6607",-16345.518
"6608",-16293.535
"6609",-16495.277
"6610",-17260.152
"6611",-16811.538
"6612",-16459.61
"6613",-16522.436
"6614",-17279.674
"6615",-16673.656
"6616",-16492.109
"6617",-16967.006
"6618",-16781.923
"6619",-16753.781
"6620",-16880.25
"6621",-16611.892
"6622",-16486.748
"6623",-16826.197
"6624",-16802.53
"6625",-16992.451
"6626",-16635.317
"6627",-17143.348
"6628",-17168.985
"6629",-16885.647
"6630",-16255.214
"6631",-16497.333
"6632",-16876.297
"6633",-17071.702
"6634",-16754.239
"6635",-16722.536
"6636",-16642.037
"6637",-16528.582
"6638",-16641.657
"6639",-15980.34
"6640",-16876.487
"6641",-16973.846
"6642",-17024.751
"6643",-16313.376
"6644",-16494.058
"6645",-16826.563
"6646",-17161.76
"6647",-16387.497
"6648",-16941.222
"6649",-16997.088
"6650",-16519.106
"6651",-16768.713
"6652",-16609.343
"6653",-17167.654
"6654",-17141.645
"6655",-17108.447
"6656",-16921.41
"6657",-16974.609
"6658",-16791.438
"6659",-16459.16
"6660",-17161.15
"6661",-16759.276
"6662",-16853.657
"6663",-17690.047
"6664",-16999.9
"6665",-16695.769
"6666",-16780.742
"6667",-16428.699
"6668",-16678.68
"6669",-16710.043
"6670",-17285.246
"6671",-16857.918
"6672",-16537.692
"6673",-16355.984
"6674",-16988.109
"6675",-16793.769
"6676",-16992.976
"6677",-16814.654
"6678",-16768.583
"6679",-16998.384
"6680",-16724.459
"6681",-16470.621
"6682",-16802.78
"6683",-17152.88
"6684",-16952.573
"6685",-17047.77
"6686",-17246.004
"6687",-15935.052
"6688",-16841.235
"6689",-16643.738
"6690",-16703.648
"6691",-16949.997
"6692",-16728.563
"6693",-16819.351
"6694",-16720.507
"6695",-16691.322
"6696",-16840.611
"6697",-16929.022
"6698",-16733.98
"6699",-16026.654
"6700",-16628.063
"6701",-16552.316
"6702",-16862.884
"6703",-17032.71
"6704",-16897.862
"6705",-16770.524
"6706",-16630.28
"6707",-16808.039
"6708",-16707.164
"6709",-16433.662
"6710",-16561.543
"6711",-16714.104
"6712",-16741.553
"6713",-16995.635
"6714",-16714.051
"6715",-16840.189
"6716",-16851.343
"6717",-16792.452
"6718",-16688.317
"6719",-16778.753
"6720",-16450.912
"6721",-16780.157
"6722",-16450.52
"6723",-16396.568
"6724",-16468.351
"6725",-16800.677
"6726",-16508.932
"6727",-17225.54
"6728",-16696.891
"6729",-16498.781
"6730",-17311.592
"6731",-17090.461
"6732",-16500.002
"6733",-17334.298
"6734",-16664.703
"6735",-16579.408
"6736",-16647.754
"6737",-17014.731
"6738",-17082.49
"6739",-16814.68
"6740",-16703.733
"6741",-16809.88
"6742",-16298.04
"6743",-16616.123
"6744",-16706.913
"6745",-16690.584
"6746",-17105.415
"6747",-16819.185
"6748",-16505.594
"6749",-16984.125
"6750",-17170.306
"6751",-16778.375
"6752",-16805.167
"6753",-16831.595
"6754",-16594.415
"6755",-16361.336
"6756",-16539.801
"6757",-17000.537
"6758",-16668.621
"6759",-17287.741
"6760",-16888.041
"6761",-17324.399
"6762",-17009.819
"6763",-16891.303
"6764",-16561.093
"6765",-17125.032
"6766",-16933.043
"6767",-16463.661
"6768",-16878.731
"6769",-16523.151
"6770",-16776.689
"6771",-16433.301
"6772",-16869.705
"6773",-17164.481
"6774",-16613.328
"6775",-16278.988
"6776",-16984.933
"6777",-16753.544
"6778",-16885.719
"6779",-16252.009
"6780",-16452.122
"6781",-17099.666
"6782",-16651.236
"6783",-16731.03
"6784",-16950.309
"6785",-16382.008
"6786",-16774.871
"6787",-16759.816
"6788",-16958.072
"6789",-16622.196
"6790",-16857.202
"6791",-16941.081
"6792",-16830.628
"6793",-16613.984
"6794",-16655.251
"6795",-16730.979
"6796",-16848.265
"6797",-16708.515
"6798",-16914.016
"6799",-16854.463
"6800",-16915.583
"6801",-16304.481
"6802",-16756.873
"6803",-17176.408
"6804",-16868.623
"6805",-17131.33
"6806",-17368.776
"6807",-16914.725
"6808",-16990.596
"6809",-16841.063
"6810",-16988.703
"6811",-16730.592
"6812",-16765.382
"6813",-16723.816
"6814",-16597.289
"6815",-16634.264
"6816",-16561.189
"6817",-16758.012
"6818",-16827.012
"6819",-16842.937
"6820",-16627.682
"6821",-17153.69
"6822",-16945.716
"6823",-16959.649
"6824",-17000.058
"6825",-17037.89
"6826",-16544.08
"6827",-16499.358
"6828",-16650.882
"6829",-16654.547
"6830",-16757.33
"6831",-16620.805
"6832",-16994.761
"6833",-16928.239
"6834",-16889.237
"6835",-16718.575
"6836",-16901.613
"6837",-16465.987
"6838",-16561.6
"6839",-16723.604
"6840",-16798.065
"6841",-16786.379
"6842",-16557.198
"6843",-16842.082
"6844",-16816.597
"6845",-16683.632
"6846",-17081.456
"6847",-16718.244
"6848",-16722.932
"6849",-17156.803
"6850",-16800.114
"6851",-16709.937
"6852",-16838.472
"6853",-17486.071
"6854",-16576.463
"6855",-16814.138
"6856",-16875.802
"6857",-16747.621
"6858",-16582.111
"6859",-16948.467
"6860",-16965.944
"6861",-17138.608
"6862",-17120.37
"6863",-17101.786
"6864",-17364.249
"6865",-17169.309
"6866",-16535.254
"6867",-16924.5
"6868",-16545.398
"6869",-16211.549
"6870",-17369.991
"6871",-16901.142
"6872",-17013.912
"6873",-17130.219
"6874",-16593.254
"6875",-17055.109
"6876",-16942.893
"6877",-16871.255
"6878",-16947.803
"6879",-16626.979
"6880",-17198.203
"6881",-16650.519
"6882",-17312.687
"6883",-16829.497
"6884",-16362.879
"6885",-16505.689
"6886",-16734.912
"6887",-16310.256
"6888",-16765.16
"6889",-16787.287
"6890",-16661.362
"6891",-16944.509
"6892",-16557.128
"6893",-16859.366
"6894",-16703.276
"6895",-16875.829
"6896",-17018.094
"6897",-16458.013
"6898",-16933.877
"6899",-16864.826
"6900",-16257.354
"6901",-16440.311
"6902",-17043.876
"6903",-17081.472
"6904",-16212.015
"6905",-16940.171
"6906",-16937.229
"6907",-17005.58
"6908",-17350.004
"6909",-16421.532
"6910",-16524.315
"6911",-16798.626
"6912",-16837.255
"6913",-16463.382
"6914",-16875.485
"6915",-17118.749
"6916",-16937.395
"6917",-16900.581
"6918",-16271.924
"6919",-16560.519
"6920",-16816.309
"6921",-17026.756
"6922",-16803.24
"6923",-16546.456
"6924",-17087.927
"6925",-16932.532
"6926",-16603.128
"6927",-17157.318
"6928",-16903.978
"6929",-16853.627
"6930",-17063.612
"6931",-16931.992
"6932",-16643.106
"6933",-16647.753
"6934",-16462.735
"6935",-16806.72
"6936",-17153.327
"6937",-16616.338
"6938",-16974.242
"6939",-16887.74
"6940",-16499.723
"6941",-16691.555
"6942",-17030.86
"6943",-16951.036
"6944",-16797.683
"6945",-16830.885
"6946",-16939.837
"6947",-17167.765
"6948",-16485.582
"6949",-16685.671
"6950",-16742.966
"6951",-16403.245
"6952",-17323.872
"6953",-16740.305
"6954",-16724.572
"6955",-16739.999
"6956",-17005.457
"6957",-16812.166
"6958",-16313.982
"6959",-16803.378
"6960",-17461.114
"6961",-16970.427
"6962",-16514.752
"6963",-16965.94
"6964",-16796.393
"6965",-16637.711
"6966",-16785.128
"6967",-16638.227
"6968",-16714.4
"6969",-16998.124
"6970",-17007.989
"6971",-16502.87
"6972",-16694.991
"6973",-16793.382
"6974",-17008.122
"6975",-16666.025
"6976",-16702.567
"6977",-16801.257
"6978",-16741.219
"6979",-16720.516
"6980",-16721.316
"6981",-16647.439
"6982",-16621.275
"6983",-16799.675
"6984",-16902.952
"6985",-17075.304
"6986",-17320.227
"6987",-17045.566
"6988",-16474.717
"6989",-16973.781
"6990",-16630.412
"6991",-16600.684
"6992",-16942.111
"6993",-17154.535
"6994",-17014.083
"6995",-16635.848
"6996",-17091.879
"6997",-16821.35
"6998",-16634.616
"6999",-16964.204
"7000",-16738.718
"7001",-16742.418
"7002",-16712.448
"7003",-16558.269
"7004",-16929.696
"7005",-16583.156
"7006",-16888.2
"7007",-17048.46
"7008",-16818.414
"7009",-17030.45
"7010",-16981.318
"7011",-16863.472
"7012",-16326.439
"7013",-16366.17
"7014",-16706.188
"7015",-16627.078
"7016",-16768.685
"7017",-16776.833
"7018",-16562.954
"7019",-16775.137
"7020",-16761.06
"7021",-16797.085
"7022",-17399.883
"7023",-17114.863
"7024",-16631.182
"7025",-17183.695
"7026",-16683.549
"7027",-16835.286
"7028",-16658.309
"7029",-16327.307
"7030",-16841.42
"7031",-16603.809
"7032",-16622.98
"7033",-16731.669
"7034",-16754.181
"7035",-16835.001
"7036",-16869.641
"7037",-16885.817
"7038",-17255.784
"7039",-16535.326
"7040",-16585.03
"7041",-16788.04
"7042",-17032.688
"7043",-16491.648
"7044",-16499.043
"7045",-16751.224
"7046",-16697.942
"7047",-16799.612
"7048",-16250.198
"7049",-16778.268
"7050",-16888.452
"7051",-16711.719
"7052",-17076.784
"7053",-16929.538
"7054",-16780.199
"7055",-16708.361
"7056",-16696.108
"7057",-16972.556
"7058",-16842.064
"7059",-16783.335
"7060",-16794.041
"7061",-16765.139
"7062",-16568.734
"7063",-16582.142
"7064",-17152.349
"7065",-16233.601
"7066",-16928.141
"7067",-17013.94
"7068",-16742.052
"7069",-16836.915
"7070",-17300.848
"7071",-17091.617
"7072",-17455.958
"7073",-16765.89
"7074",-16974.269
"7075",-16609.292
"7076",-17246.503
"7077",-17519.865
"7078",-17076.509
"7079",-17001.664
"7080",-16593.472
"7081",-16635.161
"7082",-16758.222
"7083",-17159.786
"7084",-16569.812
"7085",-16834.15
"7086",-16812.313
"7087",-17139.091
"7088",-17356.343
"7089",-16580.239
"7090",-16761.71
"7091",-17116.034
"7092",-16338.894
"7093",-17052.925
"7094",-17094.146
"7095",-16865.737
"7096",-16791.117
"7097",-16784.375
"7098",-16285.329
"7099",-17381.169
"7100",-16916.959
"7101",-16575.469
"7102",-17236.981
"7103",-16938.127
"7104",-16717.813
"7105",-17057.673
"7106",-16801.451
"7107",-17037.385
"7108",-17144.077
"7109",-16779.287
"7110",-17030.97
"7111",-17431.88
"7112",-16461.989
"7113",-16708.293
"7114",-16917.885
"7115",-17017.29
"7116",-17168.989
"7117",-17146.727
"7118",-16309.641
"7119",-16193.633
"7120",-17040.211
"7121",-16891.709
"7122",-16395.728
"7123",-16315.321
"7124",-16949.153
"7125",-16535.984
"7126",-16784.541
"7127",-16413.809
"7128",-17279.799
"7129",-16355.33
"7130",-16398.399
"7131",-16521.077
"7132",-16470.742
"7133",-16803.614
"7134",-17086.077
"7135",-17182.69
"7136",-17406.57
"7137",-17468.58
"7138",-17415.325
"7139",-17075.462
"7140",-16860.809
"7141",-17544.266
"7142",-16717.172
"7143",-16590.152
"7144",-16610.146
"7145",-16758.376
"7146",-17109.528
"7147",-17000.048
"7148",-16934.475
"7149",-16607.254
"7150",-17230.249
"7151",-16348.679
"7152",-16725.829
"7153",-16801.993
"7154",-16548.143
"7155",-16809.539
"7156",-16948.789
"7157",-16932.064
"7158",-16579.262
"7159",-16813.297
"7160",-16704.039
"7161",-16968.637
"7162",-16732.474
"7163",-16880.179
"7164",-16617.74
"7165",-16378.596
"7166",-16560.152
"7167",-16745.027
"7168",-16649.63
"7169",-16174.17
"7170",-16974.754
"7171",-16832.292
"7172",-17070.527
"7173",-16469.959
"7174",-17034.226
"7175",-16484.865
"7176",-16954.419
"7177",-16828.364
"7178",-17114.231
"7179",-17055.872
"7180",-17436.314
"7181",-16802.489
"7182",-17128.85
"7183",-16965.203
"7184",-16789.319
"7185",-16888.553
"7186",-16667.701
"7187",-16832.72
"7188",-16876.391
"7189",-16562.453
"7190",-17076.363
"7191",-16756.286
"7192",-16603.844
"7193",-16537.248
"7194",-16649.837
"7195",-17348.138
"7196",-16588.878
"7197",-16626.715
"7198",-16508.968
"7199",-16947.123
"7200",-16982.107
"7201",-16595.628
"7202",-16600.295
"7203",-16706.068
"7204",-17268.225
"7205",-16791.755
"7206",-16778.498
"7207",-17088.403
"7208",-17219.058
"7209",-16379.119
"7210",-16268.325
"7211",-16828.957
"7212",-16778.848
"7213",-16667.652
"7214",-16479.344
"7215",-17012.592
"7216",-16855.371
"7217",-17081.82
"7218",-17363.661
"7219",-16310.208
"7220",-16453.848
"7221",-16983.684
"7222",-16305.428
"7223",-16958.374
"7224",-16265.254
"7225",-16712.857
"7226",-16503.572
"7227",-16675.817
"7228",-16694.169
"7229",-16746.099
"7230",-16780.227
"7231",-16560.892
"7232",-17050.075
"7233",-16704.475
"7234",-16811.183
"7235",-16756.044
"7236",-17012.745
"7237",-16340.232
"7238",-16745.559
"7239",-16412.763
"7240",-16725.12
"7241",-16705.564
"7242",-16975.303
"7243",-16787.533
"7244",-17005.15
"7245",-16875.583
"7246",-16435.89
"7247",-16917.688
"7248",-16773.11
"7249",-17249.213
"7250",-16135.988
"7251",-16954.253
"7252",-17106.425
"7253",-16491.059
"7254",-16642.408
"7255",-16855.653
"7256",-16928.029
"7257",-16217.456
"7258",-17021.413
"7259",-16266.146
"7260",-17028.256
"7261",-16961.153
"7262",-16422.721
"7263",-16915.835
"7264",-16453.285
"7265",-16588.624
"7266",-16536.827
"7267",-16361.352
"7268",-16463.756
"7269",-17098.059
"7270",-16416.682
"7271",-16524.602
"7272",-16298.115
"7273",-15969.418
"7274",-17107.745
"7275",-16805.709
"7276",-17027.382
"7277",-16671.035
"7278",-17183.59
"7279",-16798.577
"7280",-16359.448
"7281",-16722.592
"7282",-16543.718
"7283",-16657.242
"7284",-17072.286
"7285",-16695.537
"7286",-16597.262
"7287",-16550.268
"7288",-16520.218
"7289",-17098.998
"7290",-17355.453
"7291",-17136.189
"7292",-16999.451
"7293",-17055.146
"7294",-17203.788
"7295",-16241.883
"7296",-17430.625
"7297",-17041.332
"7298",-17075.726
"7299",-16745.932
"7300",-16966.726
"7301",-17310.034
"7302",-16552.28
"7303",-17084.243
"7304",-16506.534
"7305",-16753.766
"7306",-17434.029
"7307",-16615.784
"7308",-17021.315
"7309",-16790.064
"7310",-16803.197
"7311",-16535.644
"7312",-16547.506
"7313",-16771.974
"7314",-17146.831
"7315",-16572.362
"7316",-17062.497
"7317",-16707.275
"7318",-17396.683
"7319",-16840.858
"7320",-16941.542
"7321",-16821.758
"7322",-16871.346
"7323",-16947.986
"7324",-16560.797
"7325",-17240.032
"7326",-16576.287
"7327",-16726.162
"7328",-16935.296
"7329",-16769.37
"7330",-16624.871
"7331",-16402.083
"7332",-16809.513
"7333",-17066.898
"7334",-16922.119
"7335",-16392.146
"7336",-16640.94
"7337",-16924.677
"7338",-17309.62
"7339",-17152.098
"7340",-16508.244
"7341",-16508.578
"7342",-16488.505
"7343",-16232.215
"7344",-16702.527
"7345",-17078.713
"7346",-16895.429
"7347",-16401.258
"7348",-16779.214
"7349",-17113.382
"7350",-16602.218
"7351",-15925.398
"7352",-16826.631
"7353",-17446.664
"7354",-16761.826
"7355",-16778.65
"7356",-16332.795
"7357",-17100.86
"7358",-16807.379
"7359",-16861.378
"7360",-16733.44
"7361",-16978.107
"7362",-17254.763
"7363",-16522.742
"7364",-16678.983
"7365",-16642.174
"7366",-16388.518
"7367",-16471.017
"7368",-16714.723
"7369",-16651.773
"7370",-16663.076
"7371",-16506.545
"7372",-16610.772
"7373",-16699.503
"7374",-16399.789
"7375",-16750.362
"7376",-16776.71
"7377",-16628.712
"7378",-16983.294
"7379",-16750.695
"7380",-17133.533
"7381",-17053.625
"7382",-17130.284
"7383",-16788.067
"7384",-16804.965
"7385",-16482.525
"7386",-16782.774
"7387",-17504.172
"7388",-16504.556
"7389",-16765.144
"7390",-16888.347
"7391",-16676.69
"7392",-17013.157
"7393",-16622.77
"7394",-16923.737
"7395",-17262.222
"7396",-16912.065
"7397",-16401.326
"7398",-16516.783
"7399",-16601.012
"7400",-16389.87
"7401",-16793.833
"7402",-16951.244
"7403",-16813.456
"7404",-16867.986
"7405",-16590.935
"7406",-17098.711
"7407",-16978.749
"7408",-16570.339
"7409",-16270.07
"7410",-16535.901
"7411",-17068.762
"7412",-16505.345
"7413",-17054.364
"7414",-16928.046
"7415",-17061.654
"7416",-16793.308
"7417",-16547.692
"7418",-16692.001
"7419",-16934.564
"7420",-16827.392
"7421",-16835.404
"7422",-17070.133
"7423",-17267.997
"7424",-16753.829
"7425",-16972.667
"7426",-16823.828
"7427",-17051.231
"7428",-16605.725
"7429",-16950.529
"7430",-16785.219
"7431",-16767.282
"7432",-17080.21
"7433",-16706.548
"7434",-16907.294
"7435",-17039.3
"7436",-16543.244
"7437",-16639.897
"7438",-16779.531
"7439",-16861.027
"7440",-16819.526
"7441",-16521.203
"7442",-16978.085
"7443",-16700.451
"7444",-16756.164
"7445",-17104.267
"7446",-16717.898
"7447",-16713.621
"7448",-16546.617
"7449",-17006.189
"7450",-16506.301
"7451",-16744.804
"7452",-16721.232
"7453",-16551.287
"7454",-16987.481
"7455",-16979.393
"7456",-16777.074
"7457",-17020.168
"7458",-16729.339
"7459",-16923.811
"7460",-16412.826
"7461",-17131.844
"7462",-17381.124
"7463",-16602.629
"7464",-16372.473
"7465",-16805.918
"7466",-16980.937
"7467",-16646.999
"7468",-17465.966
"7469",-16597.519
"7470",-16915.79
"7471",-17351.075
"7472",-16635.457
"7473",-17141.829
"7474",-17073.384
"7475",-16621.789
"7476",-17162.618
"7477",-16893.246
"7478",-16677.138
"7479",-16610.817
"7480",-17303.704
"7481",-16282.172
"7482",-17161.098
"7483",-16809.713
"7484",-17159.673
"7485",-16860.131
"7486",-17213.411
"7487",-16445.681
"7488",-16702.157
"7489",-17103.49
"7490",-16414.362
"7491",-16584.923
"7492",-16809.112
"7493",-16714.752
"7494",-16716.723
"7495",-17085.315
"7496",-16847.9
"7497",-16905.99
"7498",-17417.148
"7499",-17602.508
"7500",-16869.749
"7501",-16571.239
"7502",-16969.09
"7503",-16757.47
"7504",-16627.669
"7505",-16863.601
"7506",-16711.804
"7507",-16680.718
"7508",-16691.528
"7509",-16551.127
"7510",-16846.813
"7511",-16697.545
"7512",-16861.881
"7513",-16930.326
"7514",-16880.388
"7515",-16972.453
"7516",-17039.89
"7517",-16936.541
"7518",-16196.784
"7519",-17146.862
"7520",-16868.408
"7521",-17204.151
"7522",-17301.097
"7523",-16597.063
"7524",-16806.388
"7525",-16870.322
"7526",-16525.752
"7527",-16535.441
"7528",-16595.82
"7529",-16569.202
"7530",-17227.835
"7531",-16722.256
"7532",-16056.11
"7533",-16451.384
"7534",-16806.752
"7535",-16665.467
"7536",-16683.231
"7537",-16859.584
"7538",-16911.322
"7539",-16672.578
"7540",-16449.103
"7541",-16778.149
"7542",-16452.335
"7543",-16459.413
"7544",-16921.119
"7545",-16381.592
"7546",-16757.048
"7547",-16833.524
"7548",-16558.97
"7549",-16547.171
"7550",-16467.169
"7551",-16369.184
"7552",-16903.79
"7553",-17185.147
"7554",-16638.835
"7555",-17066.382
"7556",-16711.603
"7557",-16731.861
"7558",-16900.258
"7559",-16474.179
"7560",-16581.558
"7561",-16591.971
"7562",-16940.779
"7563",-16633.517
"7564",-17010.335
"7565",-16332.643
"7566",-16816.59
"7567",-16945.708
"7568",-16600.677
"7569",-17071.054
"7570",-16529.757
"7571",-16535.175
"7572",-16738.365
"7573",-17001.777
"7574",-16495.28
"7575",-16740.305
"7576",-16650.819
"7577",-16918.611
"7578",-17039.808
"7579",-17080.12
"7580",-16483.006
"7581",-16862.695
"7582",-16693.712
"7583",-16826.55
"7584",-16845.968
"7585",-16544.384
"7586",-17168.346
"7587",-16660.675
"7588",-16813.043
"7589",-16763.561
"7590",-16551.068
"7591",-16411.887
"7592",-16879.864
"7593",-16615.517
"7594",-16833.361
"7595",-16920.993
"7596",-16584.984
"7597",-16765.328
"7598",-16742.675
"7599",-16786.473
"7600",-16780.089
"7601",-16859.061
"7602",-16438.248
"7603",-16872.001
"7604",-16838.966
"7605",-16328.374
"7606",-16827.504
"7607",-16569.86
"7608",-17164.365
"7609",-17064.127
"7610",-16676.107
"7611",-17091.73
"7612",-17063.917
"7613",-16683.293
"7614",-16558.483
"7615",-17105.175
"7616",-16549.389
"7617",-16925.842
"7618",-16587.435
"7619",-16705.343
"7620",-16411.876
"7621",-16834.763
"7622",-16879.059
"7623",-16792.842
"7624",-17008.989
"7625",-16553.452
"7626",-16852.047
"7627",-16609.175
"7628",-17027.032
"7629",-16948.321
"7630",-16651.984
"7631",-16703.348
"7632",-16373.764
"7633",-16647.458
"7634",-16946.614
"7635",-16977.948
"7636",-16823.93
"7637",-16864.834
"7638",-16465.56
"7639",-17243.428
"7640",-16895.097
"7641",-16932.799
"7642",-16725.023
"7643",-17124.806
"7644",-16684.026
"7645",-16875.169
"7646",-16979.159
"7647",-16968.111
"7648",-16936.879
"7649",-16835.299
"7650",-16685.343
"7651",-17271.261
"7652",-17062.034
"7653",-17285.22
"7654",-16612.401
"7655",-16321.844
"7656",-16870.217
"7657",-16707.496
"7658",-16872.115
"7659",-16707.565
"7660",-16642.452
"7661",-17108.505
"7662",-17151.228
"7663",-16568.441
"7664",-17074.57
"7665",-16654.183
"7666",-16275.106
"7667",-16565.963
"7668",-16742.43
"7669",-16817.111
"7670",-16951.983
"7671",-16988.224
"7672",-16875.51
"7673",-16769.239
"7674",-16567.562
"7675",-17349.097
"7676",-16756.471
"7677",-16410.968
"7678",-16927.038
"7679",-16582.419
"7680",-16656.503
"7681",-16670.062
"7682",-17069.533
"7683",-16933.124
"7684",-16458.476
"7685",-16615.145
"7686",-17003.275
"7687",-16578.51
"7688",-16941.979
"7689",-16858.987
"7690",-17227.973
"7691",-16748.33
"7692",-16175.708
"7693",-17036.689
"7694",-16441.368
"7695",-16819.718
"7696",-16498.789
"7697",-16601.788
"7698",-16586.511
"7699",-16834.365
"7700",-17012.602
"7701",-16963.956
"7702",-16709.991
"7703",-16746.464
"7704",-16647.132
"7705",-16694.619
"7706",-16694.292
"7707",-17115.182
"7708",-16031.45
"7709",-17004.509
"7710",-17317.329
"7711",-16905.149
"7712",-16350.767
"7713",-16669.11
"7714",-16932.208
"7715",-16834.59
"7716",-17353.294
"7717",-16315.998
"7718",-16330.019
"7719",-16924.51
"7720",-16873.112
"7721",-16878.354
"7722",-17215.953
"7723",-16259.325
"7724",-16841.13
"7725",-16479.356
"7726",-17185.943
"7727",-16588.343
"7728",-16985.099
"7729",-17291.682
"7730",-16615.639
"7731",-16433.929
"7732",-16925.93
"7733",-17231.158
"7734",-16994.241
"7735",-16445.412
"7736",-16657.324
"7737",-16477.973
"7738",-16620.628
"7739",-16217.91
"7740",-17090.937
"7741",-17345.272
"7742",-17076.66
"7743",-16428.383
"7744",-16694.027
"7745",-17084.415
"7746",-16710.242
"7747",-16730.237
"7748",-16589.89
"7749",-16702.386
"7750",-16376.647
"7751",-16736.487
"7752",-16099.352
"7753",-17082.365
"7754",-16437.885
"7755",-17240.559
"7756",-16668.78
"7757",-16893.484
"7758",-16999.892
"7759",-16946.856
"7760",-16507.168
"7761",-16952.96
"7762",-16566.348
"7763",-16359.904
"7764",-17467.014
"7765",-16714.098
"7766",-16883.201
"7767",-16817.822
"7768",-16899.485
"7769",-16604.751
"7770",-16962.575
"7771",-16704.274
"7772",-17036.2
"7773",-16456.927
"7774",-16954.319
"7775",-16993.078
"7776",-16349.057
"7777",-16874.111
"7778",-16601.802
"7779",-16418.889
"7780",-16911.514
"7781",-16161.788
"7782",-16612.775
"7783",-16738.49
"7784",-16909.384
"7785",-16974.665
"7786",-16597.861
"7787",-16865.083
"7788",-16941.285
"7789",-16653.337
"7790",-16246.321
"7791",-16457.485
"7792",-16669.921
"7793",-16520.324
"7794",-16505.496
"7795",-16839.393
"7796",-16309.202
"7797",-16573.867
"7798",-17186.963
"7799",-16586.462
"7800",-16804.469
"7801",-16742.914
"7802",-16928.131
"7803",-16501.685
"7804",-16503.723
"7805",-16766.578
"7806",-16850.922
"7807",-16575.371
"7808",-17177.707
"7809",-16799.463
"7810",-16570.648
"7811",-16766.535
"7812",-17286.392
"7813",-16658.955
"7814",-16195.2
"7815",-16496.746
"7816",-16714.635
"7817",-17055.308
"7818",-16553.359
"7819",-16665.522
"7820",-17040.319
"7821",-16843.859
"7822",-16900.504
"7823",-16939.064
"7824",-16418.009
"7825",-16703.447
"7826",-16994.228
"7827",-16813.742
"7828",-17101.725
"7829",-16985.001
"7830",-16857.354
"7831",-16822.828
"7832",-16496.808
"7833",-16842.967
"7834",-16995.919
"7835",-16701.252
"7836",-17183.443
"7837",-16518.279
"7838",-17172.614
"7839",-17076.759
"7840",-16740.45
"7841",-16849.604
"7842",-16769.471
"7843",-16972.439
"7844",-16975.38
"7845",-16924.698
"7846",-16557.038
"7847",-16953.341
"7848",-16287.039
"7849",-17185.023
"7850",-16646.338
"7851",-17161.816
"7852",-16431.691
"7853",-16876.073
"7854",-16853.055
"7855",-17066.019
"7856",-16495.633
"7857",-16483.199
"7858",-16855.915
"7859",-16627.457
"7860",-16684.325
"7861",-16860.825
"7862",-17306.604
"7863",-16975.999
"7864",-16887.62
"7865",-16940.08
"7866",-16671.07
"7867",-16094.37
"7868",-16627.059
"7869",-16312.131
"7870",-16672.486
"7871",-17078.149
"7872",-16459.205
"7873",-17095.239
"7874",-16635.656
"7875",-16947.344
"7876",-16879.767
"7877",-16885.471
"7878",-16379.094
"7879",-16418.702
"7880",-16848.515
"7881",-16646.507
"7882",-16619.436
"7883",-17035.644
"7884",-16666.398
"7885",-17252.634
"7886",-16740.774
"7887",-16995.746
"7888",-16858.178
"7889",-16667.429
"7890",-16300.518
"7891",-16757.665
"7892",-16787.675
"7893",-16671.312
"7894",-16835.058
"7895",-16783.389
"7896",-17054.063
"7897",-16344.186
"7898",-16502.849
"7899",-16720.596
"7900",-16795.042
"7901",-17135.042
"7902",-16686.472
"7903",-16973.711
"7904",-16788.638
"7905",-16922.248
"7906",-17095.483
"7907",-16823.773
"7908",-16954.527
"7909",-16909.631
"7910",-16863.74
"7911",-17298.902
"7912",-16596.786
"7913",-16544.727
"7914",-16952.145
"7915",-16842.276
"7916",-16898.945
"7917",-16526.841
"7918",-16856.031
"7919",-16544.179
"7920",-16715.767
"7921",-16346.499
"7922",-16980.022
"7923",-16884.742
"7924",-16823.439
"7925",-16793.283
"7926",-16915.062
"7927",-16747.753
"7928",-17186.334
"7929",-16727.434
"7930",-16931.123
"7931",-16638.876
"7932",-16389.152
"7933",-16658.925
"7934",-16356.613
"7935",-16383.295
"7936",-16848.102
"7937",-16320.072
"7938",-16787.07
"7939",-17024.02
"7940",-16452.054
"7941",-16908.212
"7942",-16821.519
"7943",-16659.083
"7944",-16368.942
"7945",-16887.007
"7946",-16480.383
"7947",-16636.978
"7948",-16790.096
"7949",-16754.814
"7950",-16439.603
"7951",-16234.316
"7952",-16703.069
"7953",-16891.062
"7954",-16118.075
"7955",-16492.801
"7956",-17252.403
"7957",-16583.695
"7958",-16888.456
"7959",-16553.651
"7960",-16337.335
"7961",-17321.785
"7962",-17152.615
"7963",-16535.024
"7964",-16760.517
"7965",-17093.408
"7966",-16241.259
"7967",-16586.673
"7968",-16982.03
"7969",-16861.308
"7970",-16715.563
"7971",-16591.345
"7972",-17328.074
"7973",-16154.604
"7974",-17159.096
"7975",-16863.836
"7976",-16889.328
"7977",-16469.442
"7978",-16617.015
"7979",-17195.817
"7980",-16751.567
"7981",-16602.314
"7982",-16695.253
"7983",-16894.874
"7984",-17139.2
"7985",-16693.562
"7986",-17213.45
"7987",-16775.825
"7988",-17489.196
"7989",-16974.743
"7990",-17133.41
"7991",-16955.565
"7992",-16911.735
"7993",-16427.63
"7994",-17144.627
"7995",-16792.283
"7996",-16823.592
"7997",-16358.731
"7998",-16636.283
"7999",-16761.712
"8000",-16828.395
"8001",-16889.21
"8002",-16914.087
"8003",-16359.443
"8004",-16481.124
"8005",-16682.993
"8006",-16765.373
"8007",-17060.731
"8008",-16184.478
"8009",-16681.048
"8010",-17002.55
"8011",-17306.708
"8012",-16954.483
"8013",-17051.572
"8014",-17046.651
"8015",-16862.765
"8016",-16624.424
"8017",-16573.564
"8018",-16597.126
"8019",-16819.8
"8020",-17147.762
"8021",-17071.826
"8022",-17148.788
"8023",-16567.28
"8024",-16510.278
"8025",-16866.685
"8026",-16538.802
"8027",-16522.74
"8028",-16456.238
"8029",-16554.985
"8030",-16771.521
"8031",-16754.941
"8032",-16716.662
"8033",-17099.313
"8034",-17131.38
"8035",-17517.184
"8036",-16880.015
"8037",-16889.277
"8038",-16759.063
"8039",-17081.23
"8040",-17126.946
"8041",-16800.273
"8042",-16764.368
"8043",-16318.823
"8044",-16467.715
"8045",-16547.945
"8046",-16940.117
"8047",-16992.562
"8048",-16778.799
"8049",-17007.593
"8050",-17244.423
"8051",-16914.383
"8052",-17029.881
"8053",-16551.35
"8054",-16992.996
"8055",-16590
"8056",-17026.842
"8057",-17126.116
"8058",-16752.635
"8059",-17016.271
"8060",-16535.928
"8061",-16915.104
"8062",-16942.036
"8063",-16846.071
"8064",-16984.513
"8065",-17384.443
"8066",-16680.097
"8067",-17080.396
"8068",-16736.393
"8069",-16890.939
"8070",-16852.583
"8071",-16550.077
"8072",-16807.123
"8073",-16903.249
"8074",-17117.289
"8075",-16783.805
"8076",-16980.725
"8077",-16733.844
"8078",-17336.402
"8079",-16560.695
"8080",-16516.01
"8081",-16752.099
"8082",-16838.151
"8083",-16692.932
"8084",-16837.371
"8085",-16713.003
"8086",-16898.65
"8087",-16488.128
"8088",-16977.306
"8089",-16756.943
"8090",-16742.988
"8091",-16813.359
"8092",-16542.359
"8093",-17277.943
"8094",-16497.656
"8095",-16857.057
"8096",-17425.251
"8097",-16893.557
"8098",-16790.059
"8099",-16744.306
"8100",-16471.359
"8101",-16652.579
"8102",-16873.157
"8103",-16904.971
"8104",-16900.966
"8105",-16660.193
"8106",-16492.363
"8107",-16320.059
"8108",-17025.525
"8109",-16630.938
"8110",-16980.228
"8111",-17369.692
"8112",-16866.425
"8113",-16629.573
"8114",-16589.053
"8115",-16824.527
"8116",-16966.29
"8117",-16363.395
"8118",-16727.982
"8119",-16661.374
"8120",-16624.585
"8121",-16906.69
"8122",-16715.698
"8123",-16784.812
"8124",-17090.78
"8125",-16362.117
"8126",-16379.799
"8127",-16596.911
"8128",-16678.06
"8129",-16726.36
"8130",-16825.709
"8131",-17040.377
"8132",-17045.637
"8133",-16721.733
"8134",-16613.869
"8135",-16979.94
"8136",-16464.673
"8137",-17010.546
"8138",-16852.946
"8139",-16993.701
"8140",-16696.993
"8141",-17056.186
"8142",-16136.666
"8143",-16812.23
"8144",-16531.108
"8145",-17115.394
"8146",-16899.642
"8147",-17469.138
"8148",-16935.724
"8149",-16276.231
"8150",-16374.561
"8151",-17069.632
"8152",-17143.24
"8153",-16902.487
"8154",-17170.043
"8155",-16989.109
"8156",-16640.896
"8157",-16931.68
"8158",-17160.733
"8159",-16487.028
"8160",-16630.403
"8161",-16619.722
"8162",-16658.684
"8163",-16627.695
"8164",-16751.552
"8165",-17014.562
"8166",-17148.602
"8167",-16675.536
"8168",-16679.959
"8169",-16873.551
"8170",-17035.529
"8171",-16995.702
"8172",-16573.229
"8173",-16970.001
"8174",-16359.906
"8175",-17193.963
"8176",-16644.034
"8177",-16876.436
"8178",-16533.303
"8179",-16731.02
"8180",-16701.236
"8181",-16367.679
"8182",-16690.311
"8183",-17057.862
"8184",-16757.629
"8185",-16888.334
"8186",-16709.739
"8187",-16227.598
"8188",-16445.145
"8189",-16803.213
"8190",-16506.208
"8191",-16912.546
"8192",-16933.181
"8193",-16494.384
"8194",-16578.425
"8195",-16823.579
"8196",-16718.591
"8197",-16482.09
"8198",-16752.724
"8199",-16899.135
"8200",-16340.609
"8201",-16891.621
"8202",-16304.389
"8203",-17028.55
"8204",-16820.765
"8205",-16915.101
"8206",-16875.409
"8207",-16578.326
"8208",-17000.124
"8209",-16601.392
"8210",-16406.219
"8211",-17329.082
"8212",-16914.867
"8213",-16935.003
"8214",-16684.803
"8215",-16262.081
"8216",-17278.135
"8217",-16857.698
"8218",-16379.617
"8219",-16706.218
"8220",-16660.201
"8221",-16749.104
"8222",-16984.132
"8223",-16255.338
"8224",-17072.091
"8225",-16167.11
"8226",-17299.973
"8227",-17159.716
"8228",-16786.25
"8229",-16929.362
"8230",-16650.248
"8231",-16760.086
"8232",-16956.031
"8233",-16793.879
"8234",-16803.9
"8235",-16997.36
"8236",-16748.06
"8237",-17174
"8238",-17059.662
"8239",-16864.318
"8240",-16746.443
"8241",-16849.166
"8242",-16841.976
"8243",-16665.654
"8244",-16957.31
"8245",-16506.617
"8246",-17309.144
"8247",-16897.958
"8248",-16837.973
"8249",-16709.15
"8250",-16884.571
"8251",-17098.38
"8252",-16471.994
"8253",-16591.58
"8254",-16458.633
"8255",-16689.117
"8256",-16391.332
"8257",-16870.122
"8258",-16891.784
"8259",-17011.59
"8260",-16916.49
"8261",-16889.021
"8262",-16906.354
"8263",-16992.007
"8264",-16782.533
"8265",-16204.775
"8266",-16939.317
"8267",-17000.346
"8268",-16850.752
"8269",-16478.692
"8270",-16843.602
"8271",-16220.983
"8272",-16846.941
"8273",-16747.672
"8274",-16399.359
"8275",-17057.854
"8276",-16615.435
"8277",-16987.495
"8278",-16360.779
"8279",-17494.693
"8280",-16504.602
"8281",-17016.137
"8282",-17040.27
"8283",-16515.016
"8284",-17020.716
"8285",-16608.267
"8286",-16248.285
"8287",-16640.578
"8288",-16418.328
"8289",-16908.199
"8290",-16289.08
"8291",-16896.417
"8292",-16584.775
"8293",-16852.536
"8294",-17016.131
"8295",-17159.586
"8296",-17265.802
"8297",-16730.701
"8298",-16531.537
"8299",-16840.767
"8300",-16751.362
"8301",-16843.777
"8302",-17006.361
"8303",-16991.328
"8304",-17251.721
"8305",-16637.116
"8306",-16877.951
"8307",-16674.287
"8308",-16686.092
"8309",-16378.458
"8310",-16652.748
"8311",-16649.836
"8312",-16690.597
"8313",-16918.496
"8314",-16596.174
"8315",-16825.517
"8316",-16685.995
"8317",-16618.04
"8318",-16761.36
"8319",-16666.506
"8320",-16863.71
"8321",-17073.308
"8322",-16853.547
"8323",-16948.017
"8324",-16735.271
"8325",-16987.28
"8326",-17106.395
"8327",-16848.568
"8328",-16831.141
"8329",-16777.249
"8330",-16320.714
"8331",-16561.625
"8332",-16949.284
"8333",-17217.708
"8334",-16460.758
"8335",-16056.111
"8336",-16797.952
"8337",-17048.344
"8338",-16609.413
"8339",-16810.054
"8340",-16531.649
"8341",-16916.655
"8342",-17100.121
"8343",-16518.387
"8344",-16518.549
"8345",-17268.643
"8346",-17079.014
"8347",-16945.316
"8348",-17196.501
"8349",-16652.876
"8350",-17131.586
"8351",-16658.519
"8352",-16605.398
"8353",-16679.459
"8354",-16691.533
"8355",-16537.238
"8356",-16699.149
"8357",-16734.032
"8358",-16363.414
"8359",-16762.313
"8360",-16757.959
"8361",-16939.219
"8362",-16815.548
"8363",-17346.118
"8364",-16764.57
"8365",-16562.146
"8366",-16338.001
"8367",-16816.476
"8368",-17152.125
"8369",-17237.413
"8370",-16603.676
"8371",-16811.937
"8372",-16971.973
"8373",-17051.474
"8374",-16584.156
"8375",-16991.517
"8376",-16585.44
"8377",-16790.999
"8378",-16348.768
"8379",-17241.268
"8380",-17354.818
"8381",-17189.54
"8382",-16827.43
"8383",-17090.05
"8384",-16961.983
"8385",-16758.15
"8386",-17481.08
"8387",-16655.025
"8388",-16533.546
"8389",-16414.202
"8390",-16719.929
"8391",-17146.763
"8392",-16992.109
"8393",-16366.844
"8394",-16659.472
"8395",-17006.193
"8396",-16638.161
"8397",-17031.221
"8398",-16749.594
"8399",-16490.501
"8400",-16749.713
"8401",-16760.774
"8402",-16770.227
"8403",-17173.076
"8404",-17096.145
"8405",-16699.997
"8406",-17328.308
"8407",-16537.896
"8408",-16858.244
"8409",-17012.495
"8410",-17348.407
"8411",-16600.389
"8412",-16381.464
"8413",-16733.035
"8414",-17088.602
"8415",-17312.812
"8416",-17434.881
"8417",-16371.397
"8418",-17002.324
"8419",-16482.449
"8420",-16709.668
"8421",-16829.023
"8422",-16364.987
"8423",-16831.071
"8424",-16640.03
"8425",-16940.541
"8426",-16625.732
"8427",-17135.835
"8428",-16773.799
"8429",-16865.474
"8430",-16888.395
"8431",-17210.482
"8432",-17081.336
"8433",-17345.223
"8434",-16907.371
"8435",-16702.253
"8436",-16826.513
"8437",-17159.045
"8438",-17306.209
"8439",-16936.611
"8440",-16520.017
"8441",-16584.212
"8442",-16926.791
"8443",-16999.809
"8444",-17027.171
"8445",-16928.948
"8446",-16729.895
"8447",-16863.893
"8448",-16393.781
"8449",-17023.454
"8450",-16692.331
"8451",-16671.494
"8452",-16453.077
"8453",-16796.804
"8454",-16943.807
"8455",-17154.788
"8456",-16972.2
"8457",-16560.836
"8458",-16952.431
"8459",-16979.379
"8460",-16919.478
"8461",-17470.393
"8462",-16204.405
"8463",-17042.379
"8464",-16743.882
"8465",-16870.163
"8466",-16969.126
"8467",-16759.462
"8468",-16629.767
"8469",-17267.913
"8470",-17099.145
"8471",-16375.04
"8472",-16289.141
"8473",-16748.504
"8474",-16541.018
"8475",-16491.457
"8476",-16782.412
"8477",-16718.939
"8478",-16515.88
"8479",-16935.359
"8480",-16591.785
"8481",-16755.195
"8482",-16884.039
"8483",-16433.111
"8484",-16889.416
"8485",-16930.052
"8486",-16879.747
"8487",-16772.521
"8488",-16715.47
"8489",-16851.519
"8490",-16775.549
"8491",-16864.796
"8492",-16813.771
"8493",-16649.988
"8494",-16807.891
"8495",-17255.977
"8496",-16791.424
"8497",-16625.957
"8498",-16681.038
"8499",-17095.674
"8500",-17126.396
"8501",-16944.314
"8502",-16519.694
"8503",-16968.843
"8504",-16570.729
"8505",-16491.156
"8506",-16450.593
"8507",-16819.607
"8508",-17114.281
"8509",-17043.518
"8510",-17439.281
"8511",-17099.396
"8512",-16784.305
"8513",-16887
"8514",-16379.074
"8515",-16442.911
"8516",-16756.604
"8517",-16893.097
"8518",-16795.082
"8519",-16689.634
"8520",-16798.689
"8521",-16806.501
"8522",-16856.369
"8523",-16753.629
"8524",-17120.41
"8525",-16569.618
"8526",-16936.871
"8527",-16856.489
"8528",-16605.859
"8529",-16682.656
"8530",-16668.787
"8531",-17001.938
"8532",-17191.409
"8533",-16770.765
"8534",-16948.085
"8535",-16796.082
"8536",-16666.993
"8537",-17260.881
"8538",-17734.62
"8539",-16794.531
"8540",-16346.987
"8541",-16959.513
"8542",-17274.725
"8543",-16725.297
"8544",-16558.48
"8545",-17059.784
"8546",-17238.62
"8547",-16837.446
"8548",-16845.779
"8549",-16924.743
"8550",-17179.155
"8551",-16904.802
"8552",-16623.698
"8553",-17084.315
"8554",-16774.874
"8555",-16631.976
"8556",-16977.308
"8557",-16680.603
"8558",-16983.023
"8559",-16684.349
"8560",-17070.454
"8561",-16939.211
"8562",-16978.016
"8563",-17097.225
"8564",-17017.829
"8565",-16799.276
"8566",-16695.032
"8567",-16821.517
"8568",-16652.676
"8569",-16969.875
"8570",-17152.233
"8571",-16602.793
"8572",-16619.695
"8573",-16551.703
"8574",-16363.173
"8575",-16713.676
"8576",-16843.571
"8577",-16568.553
"8578",-16631.991
"8579",-17431.461
"8580",-16306.5
"8581",-17197.826
"8582",-16946.958
"8583",-16890.677
"8584",-16913.147
"8585",-16568.459
"8586",-16926.86
"8587",-17164.605
"8588",-16556.865
"8589",-16874.576
"8590",-16705.161
"8591",-16758.811
"8592",-16519.807
"8593",-17032.321
"8594",-17380.503
"8595",-16791.66
"8596",-17022.853
"8597",-16970.361
"8598",-16406.65
"8599",-17062.922
"8600",-17295.369
"8601",-16755.462
"8602",-16632.495
"8603",-16768.736
"8604",-16948.182
"8605",-16921.355
"8606",-16835.194
"8607",-17001.977
"8608",-16745.753
"8609",-17201.405
"8610",-16390.412
"8611",-16606.706
"8612",-16921.424
"8613",-16626.252
"8614",-17022.051
"8615",-17081.201
"8616",-17227.837
"8617",-16665.415
"8618",-16924.53
"8619",-16658.714
"8620",-16253.545
"8621",-16937.949
"8622",-16454.567
"8623",-16815.649
"8624",-16963.768
"8625",-16718.198
"8626",-16632.176
"8627",-16885.589
"8628",-17146.054
"8629",-16927.011
"8630",-16820.812
"8631",-16210.95
"8632",-16229.149
"8633",-16603.472
"8634",-16827.252
"8635",-17227.696
"8636",-16499.009
"8637",-16424.228
"8638",-16172.51
"8639",-16493.506
"8640",-16577.049
"8641",-16895.463
"8642",-17098.634
"8643",-16993.826
"8644",-16733.208
"8645",-16722.199
"8646",-16546.25
"8647",-16951.037
"8648",-16535.127
"8649",-16535.03
"8650",-16777.375
"8651",-16864.208
"8652",-17254.184
"8653",-16808.672
"8654",-16947.976
"8655",-16763.877
"8656",-16425.114
"8657",-16871.534
"8658",-16857.639
"8659",-16819.622
"8660",-16375.178
"8661",-16707.263
"8662",-16588.954
"8663",-16284.958
"8664",-16969.205
"8665",-16915.628
"8666",-16777.277
"8667",-16932.746
"8668",-17693.916
"8669",-16561.43
"8670",-17324.358
"8671",-16203.196
"8672",-16570.952
"8673",-16412.034
"8674",-16865.667
"8675",-16969.583
"8676",-16475.477
"8677",-17318.859
"8678",-16160.323
"8679",-16611.066
"8680",-16777.42
"8681",-17022.169
"8682",-16746.077
"8683",-16785.908
"8684",-16538.592
"8685",-16728.42
"8686",-16459.51
"8687",-16293.017
"8688",-16358.506
"8689",-17022.075
"8690",-16897.025
"8691",-16777.04
"8692",-17045.565
"8693",-16808.627
"8694",-17103.637
"8695",-17106.185
"8696",-16875.836
"8697",-16443.495
"8698",-16668.706
"8699",-16449.376
"8700",-17170.822
"8701",-16667.275
"8702",-17051.982
"8703",-16407.822
"8704",-17234.871
"8705",-16964.461
"8706",-16832.024
"8707",-16544.186
"8708",-16935.566
"8709",-17061.409
"8710",-16842.587
"8711",-16492.266
"8712",-16479.912
"8713",-16988.193
"8714",-16834.163
"8715",-17065.82
"8716",-16970.977
"8717",-16966.291
"8718",-17029.627
"8719",-17321.804
"8720",-16980.725
"8721",-16765.958
"8722",-16526.537
"8723",-16559.422
"8724",-16735.79
"8725",-16655.632
"8726",-16950.823
"8727",-16695.18
"8728",-16856.317
"8729",-16701.577
"8730",-16593.26
"8731",-16413.879
"8732",-16598.284
"8733",-16606.994
"8734",-17137.641
"8735",-16764.816
"8736",-16693.077
"8737",-16519.273
"8738",-16924.907
"8739",-16935.12
"8740",-16528.934
"8741",-16676.805
"8742",-17017.133
"8743",-17003.45
"8744",-16773.815
"8745",-17072.961
"8746",-16863.454
"8747",-16595.196
"8748",-17285.422
"8749",-16629.336
"8750",-16674.506
"8751",-16600.912
"8752",-17123.474
"8753",-16851.227
"8754",-17083.785
"8755",-16742.622
"8756",-16805.61
"8757",-16464.152
"8758",-16676.139
"8759",-16811.501
"8760",-16885.077
"8761",-16785.516
"8762",-16791.928
"8763",-16858.03
"8764",-17030.987
"8765",-16976.731
"8766",-17060.184
"8767",-17086.547
"8768",-16826.645
"8769",-16645.111
"8770",-17199.109
"8771",-16821.507
"8772",-16699.341
"8773",-16727.515
"8774",-16956.751
"8775",-16822.767
"8776",-16922.804
"8777",-17217.465
"8778",-16798.525
"8779",-16649.694
"8780",-16552.729
"8781",-16943.284
"8782",-16865.904
"8783",-16487.754
"8784",-16942.377
"8785",-16673.582
"8786",-16908.033
"8787",-16859.355
"8788",-17027.261
"8789",-16762.63
"8790",-16649.418
"8791",-16490.021
"8792",-16698.092
"8793",-16869.605
"8794",-16412.269
"8795",-16604.515
"8796",-16853.285
"8797",-16868.074
"8798",-16657.914
"8799",-16533.892
"8800",-16745.831
"8801",-17092.026
"8802",-16776.157
"8803",-16685.856
"8804",-16589.699
"8805",-16902.506
"8806",-16947.016
"8807",-15958.537
"8808",-16930.201
"8809",-17102.609
"8810",-17299.383
"8811",-16953.658
"8812",-16398.176
"8813",-16649.155
"8814",-17096.075
"8815",-16713.353
"8816",-16853.346
"8817",-16627.639
"8818",-16410.417
"8819",-16725.991
"8820",-17186.007
"8821",-16800.527
"8822",-16844.308
"8823",-16478.965
"8824",-16895.709
"8825",-16612.459
"8826",-16717.103
"8827",-16441.69
"8828",-16680.632
"8829",-16650.725
"8830",-17361.202
"8831",-16427.347
"8832",-16730.623
"8833",-16019.885
"8834",-16766.388
"8835",-16771.595
"8836",-16535.233
"8837",-16383.327
"8838",-16617.933
"8839",-17070.657
"8840",-17340.787
"8841",-16495.187
"8842",-16751.283
"8843",-16275.013
"8844",-17309.829
"8845",-17265.545
"8846",-16786.963
"8847",-16632.741
"8848",-16422.83
"8849",-16849.079
"8850",-16917.331
"8851",-16734.097
"8852",-16774.077
"8853",-16719.935
"8854",-16986.92
"8855",-16903.546
"8856",-17192.898
"8857",-16447.224
"8858",-16824.324
"8859",-17222.285
"8860",-16552.827
"8861",-16774.382
"8862",-16752.866
"8863",-16691.032
"8864",-16953.265
"8865",-16742.183
"8866",-17083.739
"8867",-16635.77
"8868",-16791.683
"8869",-16543.951
"8870",-16910.628
"8871",-16890.408
"8872",-17174.502
"8873",-16745.782
"8874",-17157.092
"8875",-16255.429
"8876",-17026.751
"8877",-16997.631
"8878",-16646.444
"8879",-16887.285
"8880",-16790.028
"8881",-16491.155
"8882",-17329.509
"8883",-16926.007
"8884",-16750.9
"8885",-16707.43
"8886",-16783.92
"8887",-16660.79
"8888",-16727.246
"8889",-16931.873
"8890",-16591.313
"8891",-17013.867
"8892",-16623.887
"8893",-16859.314
"8894",-16540.148
"8895",-16358.265
"8896",-16769.011
"8897",-16659.942
"8898",-16572.611
"8899",-16590.791
"8900",-16519.869
"8901",-16647.397
"8902",-16767.169
"8903",-16956.356
"8904",-16705.064
"8905",-17027.159
"8906",-16997.089
"8907",-16731.42
"8908",-16571.677
"8909",-16760.377
"8910",-17030.852
"8911",-16946.945
"8912",-17087.686
"8913",-17207.611
"8914",-16554.656
"8915",-16792.397
"8916",-17181.804
"8917",-17213.899
"8918",-16528.422
"8919",-16906.983
"8920",-16926.496
"8921",-16830.87
"8922",-16684.842
"8923",-16708.359
"8924",-16783.573
"8925",-16463.604
"8926",-16801.161
"8927",-17299.111
"8928",-16648.391
"8929",-16614.228
"8930",-16987.515
"8931",-16904.431
"8932",-16695.257
"8933",-16607.134
"8934",-16841.875
"8935",-16679.194
"8936",-16547.898
"8937",-17270.304
"8938",-17040.688
"8939",-16401.041
"8940",-16616.839
"8941",-16814.768
"8942",-16881.694
"8943",-16530.776
"8944",-16852.842
"8945",-16737.794
"8946",-16794.472
"8947",-16622.36
"8948",-16851.721
"8949",-16433.73
"8950",-16551.181
"8951",-16969.31
"8952",-17084.962
"8953",-16926.539
"8954",-16651.7
"8955",-16913.775
"8956",-16693.128
"8957",-16841.717
"8958",-16746.947
"8959",-16940.244
"8960",-16824.964
"8961",-16865.571
"8962",-16289.46
"8963",-16694.242
"8964",-16461.241
"8965",-16859.473
"8966",-16889.884
"8967",-17096.645
"8968",-16711.015
"8969",-16962.823
"8970",-16946.155
"8971",-16620.295
"8972",-16326.434
"8973",-17088.065
"8974",-16921.996
"8975",-17066.484
"8976",-17211.012
"8977",-16163.317
"8978",-16484.586
"8979",-16829.5
"8980",-17121.404
"8981",-16775.652
"8982",-16835.425
"8983",-16334.129
"8984",-16855.631
"8985",-16558.45
"8986",-16823.64
"8987",-16862.792
"8988",-16992.627
"8989",-16456.694
"8990",-17017.35
"8991",-16866.688
"8992",-16817.15
"8993",-16597.518
"8994",-17363.424
"8995",-16797.223
"8996",-17056.574
"8997",-16563.412
"8998",-16822.126
"8999",-16287.132
"9000",-16904.32
"9001",-16719.286
"9002",-16746.755
"9003",-17172.11
"9004",-16548.682
"9005",-16602.898
"9006",-16631.628
"9007",-16568.413
"9008",-16774.772
"9009",-16699.396
"9010",-16647.055
"9011",-16956.979
"9012",-16658.05
"9013",-17203.191
"9014",-16791.52
"9015",-17300.988
"9016",-16601.56
"9017",-16661.22
"9018",-16576.376
"9019",-16939.334
"9020",-16587.772
"9021",-16307.027
"9022",-17027.669
"9023",-16845.287
"9024",-17671.238
"9025",-16875.992
"9026",-16578.598
"9027",-16949.386
"9028",-17003.34
"9029",-16537.309
"9030",-16733.261
"9031",-16339.405
"9032",-16998.704
"9033",-16607.591
"9034",-16761.406
"9035",-16875.606
"9036",-16599.557
"9037",-17499.548
"9038",-16877.318
"9039",-17416.921
"9040",-16938.308
"9041",-16927.748
"9042",-16996.007
"9043",-16559.164
"9044",-16789.04
"9045",-16910.001
"9046",-16765.222
"9047",-17160.791
"9048",-16893.204
"9049",-17444.324
"9050",-16632.368
"9051",-16871.092
"9052",-16818.276
"9053",-16398.392
"9054",-17377.714
"9055",-16615.878
"9056",-16816.421
"9057",-16732.926
"9058",-17234.13
"9059",-16465.343
"9060",-16464.531
"9061",-17093.309
"9062",-16846.414
"9063",-16610.269
"9064",-16974.68
"9065",-16750.658
"9066",-17042.567
"9067",-16505.416
"9068",-16519.387
"9069",-16902.166
"9070",-16697.741
"9071",-17093.524
"9072",-16689.045
"9073",-16617.546
"9074",-16048.164
"9075",-16817.747
"9076",-16375.155
"9077",-16847.865
"9078",-17140.875
"9079",-16805.541
"9080",-17316.464
"9081",-16264.103
"9082",-16369.329
"9083",-16749.656
"9084",-17070.989
"9085",-17014.989
"9086",-17302.082
"9087",-16434.654
"9088",-17048.17
"9089",-16673.797
"9090",-16687.53
"9091",-16715.795
"9092",-17031.462
"9093",-17014.37
"9094",-16543.812
"9095",-16943.023
"9096",-16914.825
"9097",-16735.255
"9098",-16824.556
"9099",-17068.889
"9100",-17094.252
"9101",-16622.971
"9102",-16571.752
"9103",-16558.074
"9104",-16702.321
"9105",-16357.217
"9106",-17244.171
"9107",-16613.405
"9108",-16634.422
"9109",-16804.181
"9110",-16808.898
"9111",-16973.297
"9112",-16411.264
"9113",-16726.24
"9114",-16780.247
"9115",-16670.915
"9116",-16873.927
"9117",-17273.54
"9118",-16996.184
"9119",-16890.216
"9120",-16641.784
"9121",-17188.891
"9122",-16845.89
"9123",-16799.135
"9124",-17238.521
"9125",-16565.698
"9126",-16824.701
"9127",-16437.362
"9128",-16704.238
"9129",-17063.183
"9130",-16907.62
"9131",-16675.5
"9132",-17258.241
"9133",-16952.953
"9134",-16668.23
"9135",-16985.481
"9136",-16754.477
"9137",-16476.884
"9138",-16261.168
"9139",-16513.177
"9140",-17166.74
"9141",-16555.619
"9142",-16511.546
"9143",-16984.042
"9144",-16313.184
"9145",-17134.414
"9146",-17008.61
"9147",-16567.239
"9148",-16631.521
"9149",-16713.692
"9150",-16795.424
"9151",-16509.97
"9152",-16550.857
"9153",-16504.582
"9154",-16615.351
"9155",-17118.972
"9156",-17203.223
"9157",-16847.741
"9158",-16981.404
"9159",-16672.865
"9160",-16823.446
"9161",-16746.99
"9162",-16919.61
"9163",-16684.858
"9164",-16654.056
"9165",-16600.679
"9166",-16605.031
"9167",-16402.886
"9168",-16899.969
"9169",-16764.706
"9170",-16648.324
"9171",-17339.343
"9172",-16437.424
"9173",-17267.62
"9174",-17153.034
"9175",-16732.2
"9176",-16471.832
"9177",-17163.693
"9178",-16395.988
"9179",-17086.324
"9180",-16905.174
"9181",-16809.848
"9182",-17145.411
"9183",-17396.976
"9184",-16922.097
"9185",-16674.062
"9186",-17323.606
"9187",-17121.857
"9188",-16809.124
"9189",-16004.317
"9190",-16712.695
"9191",-16794.059
"9192",-16375.687
"9193",-16436.046
"9194",-17109.467
"9195",-16301.72
"9196",-16923.034
"9197",-16758.43
"9198",-16819.769
"9199",-16792.318
"9200",-17121.276
"9201",-16941.133
"9202",-17161.294
"9203",-16979.918
"9204",-17001.139
"9205",-16481.392
"9206",-16425.577
"9207",-16789.129
"9208",-16707.111
"9209",-17128.243
"9210",-16649.246
"9211",-16357.416
"9212",-16977.987
"9213",-16427.279
"9214",-16932.873
"9215",-16697.062
"9216",-16632.501
"9217",-17135.117
"9218",-16739.932
"9219",-16519.469
"9220",-16898.208
"9221",-16371.457
"9222",-17422.593
"9223",-17251.194
"9224",-17209.874
"9225",-16482.657
"9226",-16644.989
"9227",-16747.582
"9228",-16963.679
"9229",-16791.558
"9230",-17092.059
"9231",-17109.397
"9232",-17007.48
"9233",-16850.714
"9234",-16833.526
"9235",-16567.189
"9236",-17339.428
"9237",-16499.915
"9238",-16945.683
"9239",-17264.414
"9240",-16754.642
"9241",-16746.305
"9242",-17019.208
"9243",-16776.41
"9244",-16365.341
"9245",-16556.821
"9246",-17323.996
"9247",-16558.83
"9248",-16432.898
"9249",-16664.532
"9250",-17238.253
"9251",-16205.276
"9252",-17275.994
"9253",-16658.011
"9254",-16837.309
"9255",-16796.824
"9256",-16774.505
"9257",-16862.095
"9258",-16305.029
"9259",-16547.24
"9260",-16711.823
"9261",-16536.62
"9262",-17243.685
"9263",-16769.576
"9264",-16754.906
"9265",-16736.811
"9266",-17036.653
"9267",-16442.877
"9268",-16723.985
"9269",-16205.975
"9270",-16509.202
"9271",-16773.751
"9272",-16611.545
"9273",-16633.416
"9274",-16415.474
"9275",-16777.357
"9276",-17125.595
"9277",-16729.316
"9278",-16700.138
"9279",-16894.879
"9280",-16553.322
"9281",-16823.935
"9282",-16746.638
"9283",-16710.068
"9284",-17152.525
"9285",-16891.922
"9286",-17159.03
"9287",-17368.194
"9288",-16645.048
"9289",-17085.391
"9290",-17168.313
"9291",-16594.805
"9292",-16831.215
"9293",-16534.848
"9294",-16773.726
"9295",-16755.174
"9296",-16709.126
"9297",-17029.079
"9298",-16313.604
"9299",-16810.169
"9300",-16585.166
"9301",-16582.697
"9302",-16383.943
"9303",-16882.838
"9304",-16430.388
"9305",-16809.817
"9306",-16644.318
"9307",-16790.556
"9308",-16723.506
"9309",-16942.329
"9310",-16578.653
"9311",-16693.706
"9312",-17032.934
"9313",-16639.976
"9314",-16084.614
"9315",-16398.595
"9316",-16865.488
"9317",-16245.312
"9318",-16973.669
"9319",-17169.844
"9320",-17029.087
"9321",-16849.347
"9322",-16759.067
"9323",-16227.531
"9324",-17070.295
"9325",-16972.918
"9326",-16597.485
"9327",-16718.204
"9328",-16977.055
"9329",-16654.596
"9330",-16877.97
"9331",-17232.484
"9332",-16406.634
"9333",-16983.228
"9334",-16982.92
"9335",-16511.256
"9336",-16104.994
"9337",-16944.848
"9338",-16555.808
"9339",-17043.875
"9340",-16816.578
"9341",-16683.191
"9342",-17287.716
"9343",-16823.672
"9344",-16950.364
"9345",-16778.531
"9346",-16591.697
"9347",-16551.936
"9348",-16760.929
"9349",-16814.803
"9350",-16384.736
"9351",-16441.019
"9352",-16383.903
"9353",-16751.909
"9354",-16421.031
"9355",-16887.468
"9356",-17050.038
"9357",-16956.01
"9358",-16967.425
"9359",-16440.839
"9360",-16615.775
"9361",-16295.76
"9362",-16921.771
"9363",-16983.537
"9364",-16462.123
"9365",-16381.254
"9366",-16830.01
"9367",-17007.376
"9368",-16706.862
"9369",-16237.723
"9370",-16499.801
"9371",-16765.374
"9372",-17027.166
"9373",-16099.02
"9374",-17073.846
"9375",-16811.275
"9376",-16977.375
"9377",-17134.829
"9378",-16787.657
"9379",-16807.022
"9380",-16553.086
"9381",-16811.387
"9382",-16648.848
"9383",-17070.931
"9384",-17042.422
"9385",-16795.817
"9386",-16841.262
"9387",-16376.834
"9388",-16572.457
"9389",-17156.121
"9390",-16889.724
"9391",-16986.556
"9392",-17241.112
"9393",-16482.421
"9394",-16672.147
"9395",-17304.163
"9396",-17291.381
"9397",-16868.029
"9398",-16799.927
"9399",-16562.413
"9400",-16920.617
"9401",-16926.703
"9402",-16376.19
"9403",-16980.405
"9404",-17148.717
"9405",-16832.467
"9406",-16472.825
"9407",-16961.107
"9408",-16961.588
"9409",-16605.824
"9410",-16930.237
"9411",-16509.302
"9412",-16776.463
"9413",-16473.972
"9414",-17578.172
"9415",-16853.727
"9416",-16620.936
"9417",-16784.705
"9418",-16876.156
"9419",-16941.78
"9420",-17254.808
"9421",-17117.536
"9422",-17171.04
"9423",-16666.444
"9424",-16744.189
"9425",-17114.617
"9426",-16947.609
"9427",-17053.598
"9428",-16572.267
"9429",-16910.786
"9430",-16887.688
"9431",-16766.381
"9432",-16787.816
"9433",-16857.711
"9434",-17025.587
"9435",-17228.051
"9436",-17032.158
"9437",-16988.73
"9438",-16575.245
"9439",-16317.747
"9440",-16910.628
"9441",-16566.784
"9442",-17121.961
"9443",-16657.464
"9444",-16489.985
"9445",-16921.691
"9446",-16840.868
"9447",-16485.707
"9448",-17173.101
"9449",-16651.312
"9450",-17024.428
"9451",-16797.277
"9452",-16798.869
"9453",-16653.398
"9454",-16707.323
"9455",-16732.151
"9456",-16864.797
"9457",-16662.022
"9458",-16804.127
"9459",-16473.922
"9460",-16813.855
"9461",-16727.205
"9462",-16749.67
"9463",-16813.886
"9464",-17245.274
"9465",-16966.897
"9466",-16973.574
"9467",-16917.377
"9468",-16639.889
"9469",-17033.255
"9470",-17156.977
"9471",-16638.048
"9472",-17065.773
"9473",-16559.703
"9474",-16788.118
"9475",-16646.195
"9476",-16683.045
"9477",-16925.195
"9478",-16380.505
"9479",-16918.029
"9480",-16532.769
"9481",-17062.31
"9482",-16956.198
"9483",-17146.103
"9484",-16679.579
"9485",-16413.036
"9486",-16358.77
"9487",-17223.88
"9488",-17005.307
"9489",-16444.756
"9490",-16858.606
"9491",-16871.844
"9492",-16733.366
"9493",-16914.595
"9494",-16269.383
"9495",-17453.515
"9496",-16606.873
"9497",-16673.925
"9498",-16489.698
"9499",-16666.945
"9500",-16517.326
"9501",-16634.706
"9502",-16957.098
"9503",-17073.844
"9504",-16743.666
"9505",-16860.184
"9506",-16457.906
"9507",-16762.255
"9508",-16628.738
"9509",-17063.103
"9510",-16644.837
"9511",-16732.518
"9512",-16985.866
"9513",-17069.866
"9514",-16758.329
"9515",-16816.799
"9516",-16663.328
"9517",-16505.042
"9518",-16769.106
"9519",-16395.924
"9520",-17344.557
"9521",-16760.928
"9522",-16273.112
"9523",-17166.765
"9524",-16965.137
"9525",-16530.483
"9526",-17048.53
"9527",-16914.077
"9528",-17152.36
"9529",-16779.476
"9530",-16550.843
"9531",-16847.418
"9532",-17046.154
"9533",-17027.616
"9534",-16729.829
"9535",-16959.788
"9536",-16551.587
"9537",-16750.97
"9538",-16465.96
"9539",-16695.153
"9540",-16977.356
"9541",-16664.441
"9542",-16862.686
"9543",-16839.002
"9544",-16824.346
"9545",-16913.188
"9546",-16831.237
"9547",-16683.132
"9548",-16957.264
"9549",-16100.596
"9550",-16707.745
"9551",-17040.691
"9552",-16609.116
"9553",-16478.917
"9554",-16747.74
"9555",-16593.643
"9556",-16804.708
"9557",-16517.757
"9558",-16743.973
"9559",-16774.834
"9560",-17119.415
"9561",-16490.822
"9562",-16961.44
"9563",-17018.582
"9564",-16691.45
"9565",-16317.113
"9566",-16143.943
"9567",-16929.864
"9568",-16511.158
"9569",-16930.821
"9570",-16405.602
"9571",-16653.624
"9572",-16414.713
"9573",-16701.974
"9574",-17088.639
"9575",-16503.764
"9576",-17210.873
"9577",-16868.129
"9578",-16811.045
"9579",-16620.362
"9580",-16688.003
"9581",-16826.474
"9582",-16449.901
"9583",-16932.617
"9584",-16526.347
"9585",-16919.573
"9586",-16648.245
"9587",-17108.708
"9588",-16762.215
"9589",-16945.449
"9590",-17474.159
"9591",-16650.4
"9592",-17123.665
"9593",-17038.029
"9594",-16615.916
"9595",-16819.347
"9596",-16728.158
"9597",-16502.259
"9598",-16774.406
"9599",-17051.328
"9600",-16328.01
"9601",-16898.136
"9602",-16736.261
"9603",-17301.978
"9604",-17080.566
"9605",-16557.478
"9606",-16686.347
"9607",-16776.02
"9608",-16997
"9609",-16582.711
"9610",-16973.486
"9611",-16479.93
"9612",-16335.758
"9613",-16779.611
"9614",-16714.175
"9615",-16693.582
"9616",-16658.144
"9617",-16738.219
"9618",-16361.754
"9619",-16562.161
"9620",-16458.485
"9621",-16720.278
"9622",-16817.676
"9623",-16946.067
"9624",-16876.975
"9625",-16605.371
"9626",-17063.493
"9627",-16990.654
"9628",-16701.326
"9629",-17230.737
"9630",-16945.518
"9631",-16672.96
"9632",-16950.862
"9633",-16813.535
"9634",-16784.159
"9635",-16809.874
"9636",-16445.861
"9637",-17127.097
"9638",-16733.369
"9639",-16798.948
"9640",-16887.021
"9641",-16969.367
"9642",-16547.385
"9643",-17200.039
"9644",-17402.12
"9645",-16856.139
"9646",-16868.584
"9647",-16974.121
"9648",-16862.698
"9649",-16455.069
"9650",-16906.703
"9651",-16972.839
"9652",-17362.564
"9653",-16637.189
"9654",-16697.929
"9655",-16530.672
"9656",-17011.64
"9657",-17088.125
"9658",-16892.376
"9659",-16842.747
"9660",-16832.458
"9661",-16909.671
"9662",-16976.163
"9663",-16928.086
"9664",-16693.331
"9665",-16328.286
"9666",-16746.539
"9667",-17164.156
"9668",-17143.986
"9669",-16871.269
"9670",-17118.735
"9671",-16591.925
"9672",-16922.77
"9673",-17086.223
"9674",-16724.899
"9675",-16608.964
"9676",-17062.147
"9677",-16612.949
"9678",-16159.395
"9679",-16994.654
"9680",-16639.024
"9681",-16760.142
"9682",-16893.577
"9683",-16912.06
"9684",-16884.662
"9685",-16368.653
"9686",-16534.248
"9687",-17142.592
"9688",-16899.059
"9689",-17040.092
"9690",-16834.349
"9691",-16459.999
"9692",-17165.787
"9693",-16321.125
"9694",-17183.212
"9695",-16944.638
"9696",-17048.671
"9697",-16903.318
"9698",-17091.79
"9699",-16841.99
"9700",-17073.226
"9701",-16274.53
"9702",-16899.696
"9703",-16630.631
"9704",-17043.269
"9705",-16700.228
"9706",-17216.705
"9707",-16877.977
"9708",-16598.16
"9709",-16082.709
"9710",-17161.934
"9711",-16556.099
"9712",-16714.277
"9713",-17052.733
"9714",-16654.011
"9715",-16965.747
"9716",-16723.831
"9717",-16869.15
"9718",-16787.407
"9719",-16217.638
"9720",-17003.556
"9721",-16859.28
"9722",-16597.453
"9723",-16713.556
"9724",-17132.354
"9725",-16617.414
"9726",-16403.244
"9727",-16866.295
"9728",-16488.517
"9729",-16965.887
"9730",-16672.9
"9731",-16614.882
"9732",-16857.821
"9733",-16662.859
"9734",-16871.679
"9735",-16423.512
"9736",-16867.16
"9737",-16860.879
"9738",-16725.576
"9739",-16830.803
"9740",-16624.029
"9741",-16821.515
"9742",-17628.612
"9743",-16978.029
"9744",-16595.621
"9745",-16942.515
"9746",-16899.497
"9747",-16826.648
"9748",-17301.964
"9749",-16943.512
"9750",-16614.447
"9751",-16645.22
"9752",-16388.889
"9753",-16766.56
"9754",-16750.578
"9755",-16426.497
"9756",-17030.831
"9757",-16912.938
"9758",-16450.642
"9759",-16451.182
"9760",-16534.284
"9761",-17098.015
"9762",-16963.891
"9763",-16555.699
"9764",-16762.697
"9765",-16990.095
"9766",-16757.388
"9767",-17027.715
"9768",-16846.167
"9769",-17117.337
"9770",-17046.535
"9771",-16771.835
"9772",-16950.764
"9773",-16589.965
"9774",-16721.207
"9775",-16695.19
"9776",-16507.029
"9777",-16643.197
"9778",-16728.799
"9779",-16943.053
"9780",-17356.305
"9781",-16802.273
"9782",-16594.562
"9783",-17190.774
"9784",-16460.589
"9785",-16638.944
"9786",-16280.739
"9787",-17062.671
"9788",-17154.068
"9789",-16610.902
"9790",-16643.273
"9791",-17078.206
"9792",-17212.233
"9793",-17377.011
"9794",-16989.017
"9795",-16811.662
"9796",-16527.986
"9797",-16999.084
"9798",-16945.16
"9799",-16432.936
"9800",-16924.73
"9801",-16989.602
"9802",-17162.595
"9803",-17074.406
"9804",-17199.503
"9805",-17026.189
"9806",-16753.267
"9807",-17143.108
"9808",-16664.1
"9809",-16667.059
"9810",-16824.545
"9811",-16938.971
"9812",-17238.75
"9813",-16977.517
"9814",-16537.582
"9815",-17321.818
"9816",-16607.653
"9817",-16627.002
"9818",-16940.255
"9819",-17036.133
"9820",-16274.806
"9821",-16583.078
"9822",-16854.35
"9823",-16362.515
"9824",-16853.591
"9825",-16861.383
"9826",-17060.737
"9827",-16895.557
"9828",-16586.097
"9829",-17216.836
"9830",-17081.349
"9831",-16713.513
"9832",-16583.274
"9833",-16574.678
"9834",-16393.072
"9835",-16606.707
"9836",-17072.114
"9837",-16580.714
"9838",-16437.634
"9839",-16893.704
"9840",-16834.458
"9841",-17300.376
"9842",-17172.882
"9843",-16947.408
"9844",-16445.65
"9845",-16785.234
"9846",-16696.362
"9847",-16824.757
"9848",-16432.887
"9849",-16533.211
"9850",-16534.5
"9851",-16770.251
"9852",-16852.949
"9853",-16467.94
"9854",-17042.847
"9855",-16602.549
"9856",-16915.794
"9857",-16539.364
"9858",-16980.71
"9859",-16780.907
"9860",-17510.272
"9861",-16445.903
"9862",-16312.02
"9863",-16506.564
"9864",-16515.633
"9865",-16891.844
"9866",-17101.372
"9867",-16727.153
"9868",-16742.991
"9869",-16820.162
"9870",-16370.216
"9871",-16505.673
"9872",-17045.724
"9873",-16304.145
"9874",-17362.938
"9875",-16823.828
"9876",-16502.747
"9877",-16859.741
"9878",-16908.748
"9879",-16646.147
"9880",-16611.773
"9881",-16421.994
"9882",-16777.814
"9883",-16705.542
"9884",-17056.634
"9885",-17202.756
"9886",-17217.307
"9887",-17192.653
"9888",-16963.12
"9889",-16678.79
"9890",-16990.009
"9891",-16853.253
"9892",-16264.073
"9893",-16656.315
"9894",-16572.149
"9895",-16746.243
"9896",-16787.171
"9897",-16978.393
"9898",-16448.127
"9899",-17026.112
"9900",-17299.104
"9901",-16873.024
"9902",-16462.389
"9903",-17317.177
"9904",-16563.202
"9905",-16927.843
"9906",-16434.975
"9907",-16932.049
"9908",-16783.464
"9909",-16798.272
"9910",-16839.216
"9911",-16388.127
"9912",-16421.623
"9913",-16744.677
"9914",-17139.782
"9915",-16879.496
"9916",-17245.592
"9917",-16637.153
"9918",-16406.462
"9919",-16557.036
"9920",-17091.756
"9921",-16858.056
"9922",-16745.389
"9923",-17068.672
"9924",-16815.701
"9925",-16952.272
"9926",-16745.328
"9927",-16800.254
"9928",-17065.009
"9929",-17067.508
"9930",-16814.119
"9931",-17186.592
"9932",-16718.642
"9933",-16660.922
"9934",-16961.462
"9935",-16607.159
"9936",-16949.995
"9937",-16754.053
"9938",-16669.027
"9939",-17118.767
"9940",-16832.316
"9941",-16803.89
"9942",-16904.637
"9943",-16477.144
"9944",-17381.593
"9945",-16652.38
"9946",-17419.194
"9947",-17546.255
"9948",-17106.682
"9949",-16483.68
"9950",-16815.591
"9951",-17054.749
"9952",-16627.343
"9953",-17088.074
"9954",-16540.051
"9955",-16631.156
"9956",-16625.077
"9957",-16887.714
"9958",-16723.859
"9959",-16966.695
"9960",-16609.721
"9961",-16917.857
"9962",-16836.636
"9963",-16738.12
"9964",-16296.164
"9965",-16986.843
"9966",-16807.525
"9967",-17004.025
"9968",-16338.125
"9969",-16978.05
"9970",-17307.852
"9971",-16649.259
"9972",-17282.638
"9973",-16499.052
"9974",-17400.969
"9975",-16742.149
"9976",-16564.55
"9977",-16554.776
"9978",-16758.936
"9979",-17133.254
"9980",-16612.896
"9981",-17076.14
"9982",-16402.852
"9983",-17166.977
"9984",-17027.738
"9985",-16457.167
"9986",-16633.328
"9987",-16797.091
"9988",-16719.304
"9989",-16997.293
"9990",-16624.015
"9991",-16995.534
"9992",-16549.861
"9993",-16447.543
"9994",-16907.137
"9995",-16942.338
"9996",-16644.173
"9997",-17187.935
"9998",-16720.398
"9999",-17179.957
"10000",-16665.105
