"","x"
"1",0.0235783319469011
"2",0.0472743692416369
"3",0.0791548621619446
"4",1
"5",1
"6",1
"7",1
"8",1
"9",0.451804622855938
"10",1
"11",1
"12",0.155665365648381
"13",0.348163087483869
"14",1
"15",0.376773823616477
"16",1
"17",0.483760138085552
"18",0.473418892110114
"19",1
"20",0.470067600395911
"21",1
"22",0.47213096221077
"23",0.267438938706563
"24",1
"25",0.0206967058619976
"26",1
"27",1
"28",0.490610880860877
"29",1
"30",0.368636477806951
"31",0.046551971884046
"32",1
"33",0.407904868318185
"34",0.0530660917878208
"35",1
"36",0.0631946376945206
"37",1
"38",1
"39",0.496961775483494
"40",0.426173911754916
"41",0.493743091354875
"42",0.489908546343521
"43",1
"44",0.48784886384277
"45",0.00927938878439395
"46",1
"47",0.224554018925191
"48",1
"49",1
"50",0.497540770191196
"51",1
"52",1
"53",0.489892794117257
"54",1
"55",0.499435810637298
"56",1
"57",1
"58",0.471915495573336
"59",0.386422508224119
"60",1
"61",1
"62",0.48962866922862
"63",1
"64",1
"65",1
"66",1
"67",1
"68",0.132932287035546
"69",0.0373435158327647
"70",0.470173733834501
"71",0.446380662635766
"72",1
"73",1
"74",1
"75",0.479721436950116
"76",1
"77",0.494618137639256
"78",0.440358643707956
"79",1
"80",1
"81",0.474510008497371
"82",1
"83",1
"84",0.00418858686243264
"85",1
"86",0.130187315117307
"87",0.440413874585571
"88",0.328147291842958
"89",1
"90",1
"91",0.0364414785449942
"92",0.46596508790844
"93",0.499435810573157
"94",1
"95",1
"96",1
"97",0.482616014256361
"98",1
"99",0.499435810509016
"100",1
"101",1
"102",0.488060140405722
"103",0.490868591277445
"104",1
"105",1
"106",0.222291730011152
"107",0.0980890943436511
"108",1
"109",0.488288802401993
"110",1
"111",1
"112",1
"113",0.0615888261419956
"114",1
"115",1
"116",1
"117",1
"118",0.483023114431133
"119",1
"120",0.490376580157103
"121",0.493113530501102
"122",0.145815992432113
"123",1
"124",1
"125",0.492001768038145
"126",1
"127",1
"128",1
"129",1
"130",0.491594386550329
"131",1
"132",1
"133",1
"134",0.0515418674551446
"135",0.47056439255888
"136",0.474219017672092
"137",1
"138",0.492579672527057
"139",1
"140",1
"141",1
"142",0.174684184211623
"143",1
"144",0.418391663836371
"145",0.460559111291627
"146",1
"147",1
"148",0.490695990587884
"149",1
"150",1
"151",1
"152",0.497965794336004
"153",0.171975395059828
"154",1
"155",0.000409869683864596
"156",1
"157",1
"158",0.0308443465693729
"159",0.0815182425612832
"160",1
"161",0.493396631787128
"162",0.422938755967739
"163",1
"164",0.497889005748296
"165",0.440756960600029
"166",1
"167",1
"168",1
"169",1
"170",0.442992043052589
"171",0.378699543356726
"172",1
"173",1
"174",1
"175",0.149751026952027
"176",1
"177",0.490781886662514
"178",1
"179",1
"180",0.497353735681418
"181",1
"182",1
"183",0.0033687072287406
"184",0.499435810637298
"185",1
"186",1
"187",1
"188",0.314362396860912
"189",1
"190",0.0230346876524489
"191",0.479973728985107
"192",1
"193",0.482753716104544
"194",0.310163584359538
"195",0.46311659228051
"196",0.0454158318998183
"197",1
"198",0.460715777045656
"199",1
"200",0.208221732524298
"201",1
"202",0.390827009384157
"203",1
"204",1
"205",1
"206",1
"207",1
"208",0.107370397740947
"209",1
"210",0.490903504686375
"211",0.139507438701241
"212",0.0271902269761244
"213",1
"214",1
"215",1
"216",1
"217",1
"218",1
"219",0.0977480012861187
"220",1
"221",0.292365623652165
"222",1
"223",1
"224",1
"225",1
"226",1
"227",1
"228",0.476901797693425
"229",0.478802158994459
"230",1
"231",1
"232",1
"233",1
"234",0.435755092039869
"235",1
"236",0.496431799348271
"237",0.48246126237759
"238",1
"239",1
"240",1
"241",1
"242",0.496614903113508
"243",1
"244",1
"245",1
"246",1
"247",1
"248",1
"249",0.0286745638001638
"250",0.48271688806288
"251",0.497179075593545
"252",1
"253",1
"254",1
"255",0.485129798148584
"256",1
"257",1
"258",0.415527191754616
"259",0.468544011747119
"260",1
"261",1
"262",0.469052011175253
"263",1
"264",1
"265",0.480717509974604
"266",1
"267",0.429926377879857
"268",1
"269",0.00157641159124612
"270",0.0868772766237221
"271",0.47073187764806
"272",0.48312642787186
"273",0.00702636132946415
"274",1
"275",0.476445698845227
"276",1
"277",1
"278",0.163320124990028
"279",1
"280",0.0655567867466175
"281",8.22112042890072e-05
"282",1
"283",0.439882165738918
"284",1
"285",0.381780107069714
"286",1
"287",1
"288",0.328406541920862
"289",1
"290",1
"291",0.497889005731154
"292",0.494953869518997
"293",1
"294",0.449859680340394
"295",0.379875750187798
"296",0.323259136500822
"297",1
"298",1
"299",1
"300",0.165020368347492
"301",1
"302",0.437448236666847
"303",0.005276839570956
"304",0.494246572062082
"305",0.454936418041201
"306",1
"307",0.0156473801432074
"308",1
"309",1
"310",1
"311",1
"312",0.449957141027918
"313",1
"314",1
"315",0.367885779289732
"316",1
"317",0.459887388687771
"318",1
"319",1
"320",0.491407184796202
"321",0.499435810637298
"322",0.177516558105066
"323",1
"324",1
"325",1
"326",1
"327",1
"328",0.403107412584076
"329",0.471229199470479
"330",1
"331",1
"332",0.492998950781244
"333",1
"334",0.432071660330428
"335",0.290387940169212
"336",0.488194110456341
"337",1
"338",0.466976103520258
"339",0.449652825145575
"340",1
"341",1
"342",0.494029401589268
"343",0.475255740614854
"344",1
"345",1
"346",1
"347",1
"348",1
"349",1
"350",1
"351",0.283693561850046
"352",1
"353",0.0323708434881263
"354",0.264111736809065
"355",0.314502671132126
"356",1
"357",1
"358",1
"359",0.245834894462915
"360",1
"361",0.475938844281176
"362",1
"363",1
"364",1
"365",0.0990352963943281
"366",1
"367",0.310447375057674
"368",0.100730722992055
"369",0.496431799348271
"370",1
"371",0.454859446400186
"372",1
"373",1
"374",0.471769024771961
"375",1
"376",0.485718912109143
"377",0.489003313247371
"378",0.492041654408187
"379",0.496343684792436
"380",1
"381",1
"382",1
"383",1
"384",1
"385",0.492410063373509
"386",0.0457391755209845
"387",0.0534052980921726
"388",0.497123211239947
"389",1
"390",1
"391",1
"392",1
"393",0.492001768033622
"394",0.493183203079864
"395",0.493518240381267
"396",0.193050814046838
"397",0.0159196387124788
"398",0.489736602589248
"399",1
"400",1
"401",0.10225813143082
"402",1
"403",0.453880961415207
"404",0.492285304374276
"405",0.000756618343367891
"406",0.439513094225231
"407",1
"408",0.144266272433895
"409",0.115134744712641
"410",1
"411",0.016784405164901
"412",0.0165394205530618
"413",1
"414",0.465539647608486
"415",0.489163604897541
"416",1
"417",1
"418",1
"419",0.48069280283464
"420",1
"421",0.071650747154913
"422",1
"423",0.417638887817184
"424",1
"425",0.477074318903043
"426",0.0313534460645357
"427",0.267193103960096
"428",3.84503891356923e-05
"429",1
"430",0.499435810637298
"431",0.16786433902887
"432",0.199560991687978
"433",0.209588401563726
"434",0.493518240381267
"435",1
"436",0.471097200953372
"437",1
"438",0.459405583144992
"439",0.121627247893542
"440",1
"441",1
"442",0.236617573552691
"443",1
"444",1
"445",0.491009058851854
"446",1
"447",1
"448",0.468473550380874
"449",0.492182860105691
"450",1
"451",0.47094396587142
"452",1
"453",0.0818014838683921
"454",0.195225343836046
"455",1
"456",1
"457",0.456763459393179
"458",0.495451456708304
"459",0.498871622338833
"460",1
"461",0.118984435597071
"462",1
"463",0.491370232037839
"464",1
"465",1
"466",1
"467",0.494246572068371
"468",1
"469",1
"470",1
"471",0.49531359712394
"472",1
"473",1
"474",0.489371111507536
"475",1
"476",1
"477",0.00586970012613826
"478",1
"479",1
"480",0.20321184306597
"481",0.454876928228065
"482",0.135875004045275
"483",1
"484",1
"485",0.490661853544402
"486",1
"487",1
"488",0.478357210254538
"489",1
"490",1
"491",1
"492",0.0230848528346568
"493",0.00744795290575574
"494",0.468791889763868
"495",1
"496",0.478240099734054
"497",1
"498",0.490593951390155
"499",1
"500",0.425528031196396
"501",0.497673799938904
"502",1
"503",0.0427308076742832
"504",0.427449407198906
"505",0.482515723884076
"506",1
"507",1
"508",1
"509",0.467698893002464
"510",0.490393126272399
"511",0.478869712513048
"512",1
"513",0.468559131327557
"514",0.490593951396885
"515",1
"516",1
"517",0.48655635575692
"518",1
"519",1
"520",1
"521",1
"522",1
"523",1
"524",0.182157783804513
"525",0.174849925182464
"526",0.483838643762751
"527",0.132878431313373
"528",1
"529",0.231639284533829
"530",1
"531",1
"532",1
"533",0.380218666135378
"534",1
"535",0.494618137645979
"536",0.496961775477539
"537",1
"538",0.490147854167075
"539",0.48719869841276
"540",1
"541",0.497414576621329
"542",1
"543",1
"544",1
"545",1
"546",0.496710274955506
"547",0.482680138534372
"548",1
"549",0.471102688773659
"550",1
"551",1
"552",1
"553",1
"554",1
"555",1
"556",0.0362065931905782
"557",0.296398297195918
"558",0.484917456463315
"559",0.493542837034246
"560",0.499202115926773
"561",1
"562",0.346419108547083
"563",1
"564",0.483967037133105
"565",0.455066172805835
"566",0.454014546951091
"567",1
"568",1
"569",0.409499818621811
"570",0.381236459445788
"571",0.499202115972127
"572",0.487692789282979
"573",1
"574",1
"575",0.495179679389691
"576",0.446698336728951
"577",0.159390410047313
"578",1
"579",1
"580",0.498404235135783
"581",1
"582",1
"583",0.477928456158522
"584",1
"585",1
"586",1
"587",0.144636051972636
"588",0.00634471809504673
"589",1
"590",1
"591",1
"592",1
"593",1
"594",0.240631932070963
"595",1
"596",1
"597",0.347043743907508
"598",1
"599",0.158217837111624
"600",1
"601",0.110939883685287
"602",0.184574075006776
"603",0.0295972213722716
"604",1
"605",1
"606",0.482524817347128
"607",0.434463643580845
"608",1
"609",0.480021389633577
"610",0.489061329078133
"611",1
"612",0.406489758032832
"613",1
"614",1
"615",1
"616",1
"617",0.0214657674115781
"618",0.478556290232614
"619",0.0877016660830946
"620",0.472365335866815
"621",1
"622",0.476111025908073
"623",1
"624",0.353197733917439
"625",1
"626",1
"627",0.0559686769006544
"628",1
"629",1
"630",0.489644019345046
"631",0.222695942974848
"632",0.472834348095752
"633",0.489134284908104
"634",0.48061067381248
"635",0.392181242186836
"636",0.0538301573747127
"637",0.105336752672735
"638",1
"639",1
"640",0.441513682061983
"641",1
"642",1
"643",0.495703343208869
"644",1
"645",0.486544531251682
"646",0.405270170516617
"647",0.485204839061038
"648",0.494164185714392
"649",1
"650",0.494109901824525
"651",1
"652",1
"653",0.494530150429589
"654",0.498215881812879
"655",1
"656",0.193146647119556
"657",1
"658",1
"659",0.483430647251326
"660",1
"661",1
"662",0.496909837283518
"663",1
"664",1
"665",0.496808495792227
"666",0.202863654308079
"667",0.043287621396662
"668",1
"669",1
"670",1
"671",0.483430647253508
"672",1
"673",1
"674",1
"675",1
"676",0.458220034676786
"677",1
"678",0.496387473373895
"679",1
"680",1
"681",1
"682",1
"683",0.471511741159502
"684",0.448447801254428
"685",1
"686",1
"687",1
"688",1
"689",1
"690",1
"691",0.489924323221292
"692",0.455210401669333
"693",1
"694",0.443989625660825
"695",0.398790103657804
"696",1
"697",1
"698",1
"699",1
"700",0.496050737420297
"701",1
"702",0.493136676078131
"703",1
"704",0.482781388955459
"705",1
"706",0.0377482830095327
"707",1
"708",0.483363622781563
"709",1
"710",0.219595722357369
"711",0.41740642065325
"712",0.0405550067436081
"713",0.499435810637298
"714",0.493469325106083
"715",0.487323549894365
"716",1
"717",1
"718",1
"719",0.490921011767319
"720",0.01917613811735
"721",1
"722",0.382818291766424
"723",0.495778070603464
"724",0.0302064304483579
"725",1
"726",1
"727",0.462906960529087
"728",1
"729",1
"730",1
"731",0.29331817180517
"732",1
"733",0.496858757800585
"734",1
"735",0.487424324723927
"736",1
"737",0.0544608198138418
"738",1
"739",1
"740",0.491805249285261
"741",1
"742",1
"743",0.469304024872146
"744",0.466438418327843
"745",1
"746",1
"747",0.496858757800585
"748",0.0258054972007412
"749",0.467371881287232
"750",0.495114097016503
"751",0.410367018641773
"752",1
"753",1
"754",0.482488471906261
"755",1
"756",1
"757",1
"758",0.493923727172093
"759",1
"760",0.230412108100441
"761",1
"762",1
"763",0.496662248350212
"764",0.469982965866086
"765",1
"766",1
"767",1
"768",1
"769",1
"770",1
"771",1
"772",0.393243065463103
"773",0.484656168939218
"774",1
"775",1
"776",1
"777",0.425373724181518
"778",0.209248152632679
"779",1
"780",1
"781",1
"782",0.475565634984635
"783",0.0934545725037598
"784",0.0268641601001127
"785",1
"786",0.0688333513685865
"787",0.475767891964219
"788",0.00735255935366983
"789",1
"790",0.253113038068956
"791",1
"792",0.49126031173867
"793",1
"794",1
"795",1
"796",0.0121654442170061
"797",1
"798",1
"799",0.0345664277857421
"800",0.499435810637298
"801",0.316613526119077
"802",1
"803",0.450380671550638
"804",1
"805",0.495557658582751
"806",1
"807",0.105601567353357
"808",0.145548372686185
"809",1
"810",1
"811",0.457941147383637
"812",1
"813",1
"814",1
"815",1
"816",1
"817",0.499435810637298
"818",1
"819",0.203779175712345
"820",0.49943581076558
"821",0.0128950553386746
"822",1
"823",0.17954032288229
"824",1
"825",1
"826",0.495593628077602
"827",0.0469899341536154
"828",0.115241031179771
"829",1
"830",0.0663808024877935
"831",1
"832",0.223416662896558
"833",0.267097847271154
"834",1
"835",1
"836",1
"837",1
"838",0.333119937698426
"839",1
"840",1
"841",0.493348611092501
"842",1
"843",0.411847190975202
"844",0.426664352115876
"845",0.494922430838528
"846",1
"847",1
"848",0.493396631787128
"849",1
"850",1
"851",1
"852",1
"853",0.470753558997208
"854",1
"855",1
"856",1
"857",0.499435810573157
"858",1
"859",1
"860",1
"861",1
"862",0.486034175913023
"863",1
"864",1
"865",0.492347429503414
"866",1
"867",1
"868",1
"869",1
"870",1
"871",0.413514653900872
"872",1
"873",1
"874",1
"875",0.499435810637298
"876",1
"877",0.468873260568316
"878",0.0768504202196488
"879",0.481354375246352
"880",1
"881",0.4930217161578
"882",0.492841620891502
"883",1
"884",1
"885",0.497414576621329
"886",1
"887",1
"888",0.494386569763462
"889",1
"890",0.470328306692783
"891",1
"892",1
"893",1
"894",1
"895",1
"896",1
"897",0.190831888279322
"898",0.00234896218668613
"899",0.224555602097492
"900",0.491747206636467
"901",0.161298059069892
"902",1
"903",1
"904",1
"905",1
"906",1
"907",1
"908",0.498507298142374
"909",0.499022796010179
"910",0.483023114426875
"911",0.260531183744912
"912",0.491351814914291
"913",1
"914",0.456935460758781
"915",1
"916",0.466846829786003
"917",0.421417890611539
"918",0.495815934773019
"919",1
"920",0.00572011985678767
"921",1
"922",1
"923",0.409807777977411
"924",1
"925",1
"926",1
"927",0.437295764741874
"928",0.15309258409794
"929",1
"930",1
"931",1
"932",0.499435810637298
"933",1
"934",0.245936603592046
"935",0.00115039053977428
"936",0.489105043894177
"937",1
"938",1
"939",0.487112022972659
"940",0.497294262524081
"941",0.170022721241762
"942",0.0115541599623245
"943",1
"944",1
"945",0.102011047371573
"946",1
"947",0.476251011383195
"948",0.493206586119851
"949",1
"950",0.498871622338833
"951",1
"952",0.133083769053237
"953",1
"954",0.487835781049121
"955",0.487589831366292
"956",0.490083473589019
"957",1
"958",0.453225600152654
"959",1
"960",0.119633959993252
"961",0.450491904501909
"962",1
"963",0.167182255386948
"964",1
"965",1
"966",0.0881805595735841
"967",1
"968",1
"969",1
"970",0.37530569877526
"971",1
"972",0.494472270503346
"973",1
"974",0.0595286001204479
"975",1
"976",1
"977",1
"978",1
"979",1
"980",0.0879311267770404
"981",0.0318213900631338
"982",0.476540266863514
"983",1
"984",1
"985",0.144718962019599
"986",0.341545998845794
"987",1
"988",1
"989",1
"990",1
"991",1
"992",0.101253436341289
"993",0.121705156749528
"994",1
"995",0.0190509657321459
"996",1
"997",1
"998",0.476888051875002
"999",0.495279761418037
"1000",1
"1001",0.492182860110319
"1002",1
"1003",1
"1004",1
"1005",1
"1006",1
"1007",1
"1008",1
"1009",1
"1010",0.361196179924266
"1011",1
"1012",0.0538311091023193
"1013",0.00841543842371764
"1014",0.476351510746724
"1015",1
"1016",1
"1017",1
"1018",0.166562175992953
"1019",0.3362032680505
"1020",0.286965296229783
"1021",1
"1022",0.0467323998246758
"1023",0.221452608756572
"1024",1
"1025",0.498045597772468
"1026",1
"1027",1
"1028",1
"1029",0.411369967737905
"1030",1
"1031",0.496961775477539
"1032",0.365820616770451
"1033",0.498618026167807
"1034",1
"1035",0.486544531247651
"1036",0.475423112548722
"1037",1
"1038",0.420722695698353
"1039",1
"1040",0.464979005139673
"1041",0.496662248350212
"1042",1
"1043",1
"1044",1
"1045",0.486556355751541
"1046",1
"1047",1
"1048",0.46571934622434
"1049",0.107964868336281
"1050",0.195055821300666
"1051",1
"1052",0.0122695443354664
"1053",1
"1054",1
"1055",1
"1056",0.499435810605228
"1057",0.488452940008187
"1058",0.129758098390035
"1059",0.473743252027378
"1060",1
"1061",1
"1062",0.191809233701065
"1063",0.499022795954632
"1064",1
"1065",1
"1066",1
"1067",1
"1068",1
"1069",0.488275228108248
"1070",1
"1071",0.239824776666329
"1072",0.187281582591831
"1073",0.453333612994767
"1074",0.433011285438948
"1075",0.494274297681608
"1076",1
"1077",1
"1078",0.21946119351562
"1079",1
"1080",0.142691431848035
"1081",1
"1082",0.469746210175216
"1083",1
"1084",1
"1085",0.467508139039302
"1086",0.433366607441579
"1087",1
"1088",1
"1089",0.154165677747636
"1090",0.315533724755254
"1091",0.268604802309821
"1092",0.05644258022089
"1093",1
"1094",0.47956534152244
"1095",0.490627840927141
"1096",0.482957696383846
"1097",1
"1098",0.495017342066935
"1099",1
"1100",0.0383584884287991
"1101",0.467371881287232
"1102",1
"1103",1
"1104",1
"1105",0.484656168941574
"1106",0.476412016862337
"1107",0.497540770191196
"1108",0.0167960259050396
"1109",1
"1110",0.495313597131661
"1111",0.424935565246841
"1112",1
"1113",1
"1114",1
"1115",0.31865558297514
"1116",0.499435810573157
"1117",0.162943362866159
"1118",0.472945547994548
"1119",1
"1120",0.488315998359703
"1121",1
"1122",0.49760636066734
"1123",0.17774653878021
"1124",1
"1125",0.389289030778226
"1126",1
"1127",1
"1128",0.467483765046016
"1129",0.00408222132472113
"1130",0.106605520926123
"1131",1
"1132",1
"1133",1
"1134",1
"1135",1
"1136",0.00562342690307369
"1137",0.0294975850089443
"1138",1
"1139",0.3593820283993
"1140",1
"1141",1
"1142",1
"1143",0.47139506014765
"1144",1
"1145",0.0770932582330118
"1146",1
"1147",0.46514669564679
"1148",0.407592077217309
"1149",1
"1150",1
"1151",1
"1152",1
"1153",1
"1154",1
"1155",1
"1156",0.492041654408187
"1157",1
"1158",1
"1159",0.476452441051063
"1160",0.0923826372469512
"1161",1
"1162",0.308981135034349
"1163",1
"1164",1
"1165",0.0612265046768134
"1166",0.0738619510331805
"1167",1
"1168",0.482075809217039
"1169",1
"1170",0.488563675243258
"1171",0.498618026167807
"1172",1
"1173",1
"1174",1
"1175",0.493300934740912
"1176",1
"1177",1
"1178",1
"1179",0.494677604012044
"1180",0.1524421167546
"1181",1
"1182",0.338774501080494
"1183",0.00749291079142776
"1184",0.202341988577839
"1185",0.487424324723927
"1186",0.0361901020744307
"1187",0.498215881833162
"1188",1
"1189",0.473234471842022
"1190",0.479043342313501
"1191",0.496343684787488
"1192",1
"1193",1
"1194",0.00905865608282723
"1195",1
"1196",0.498404235135783
"1197",0.491351814897559
"1198",0.491747206632084
"1199",1
"1200",0.0250195819017999
"1201",1
"1202",1
"1203",0.448852407210923
"1204",0.0489890069751258
"1205",1
"1206",0.49394997267995
"1207",1
"1208",1
"1209",1
"1210",0.00414689084452035
"1211",1
"1212",0.00680044813953054
"1213",1
"1214",1
"1215",0.493518240386849
"1216",0.0680660773299418
"1217",0.276755156388585
"1218",1
"1219",1
"1220",1
"1221",1
"1222",1
"1223",1
"1224",0.130023758087932
"1225",0.452301023724411
"1226",0.481058413863142
"1227",1
"1228",0.187200732006639
"1229",0.0747581879405851
"1230",0.45421394634758
"1231",1
"1232",0.463696123163356
"1233",1
"1234",0.488563675243258
"1235",0.10369378978821
"1236",1
"1237",1
"1238",1
"1239",1
"1240",1
"1241",1
"1242",1
"1243",1
"1244",0.425875403513633
"1245",0.49009952945354
"1246",1
"1247",0.443576171252434
"1248",1
"1249",1
"1250",1
"1251",1
"1252",0.00430731484885059
"1253",0.417603222807377
"1254",1
"1255",1
"1256",1
"1257",1
"1258",0.481193130862937
"1259",0.492753252155851
"1260",1
"1261",1
"1262",0.240566082309912
"1263",0.437330724404469
"1264",0.371277322282673
"1265",1
"1266",0.48117623835411
"1267",0.00992916323005212
"1268",0.489326305861922
"1269",1
"1270",0.487770577263047
"1271",1
"1272",0.131703685520704
"1273",0.0579353105251232
"1274",0.492142256551871
"1275",0.0217542558531519
"1276",0.128771360019436
"1277",1
"1278",1
"1279",0.0290898430342827
"1280",1
"1281",1
"1282",0.483799343267353
"1283",0.491133794675843
"1284",1
"1285",0.482343840212795
"1286",1
"1287",1
"1288",1
"1289",1
"1290",1
"1291",0.463770315840842
"1292",0.492410063383042
"1293",0.499435810509016
"1294",0.31014150413087
"1295",0.495593628077602
"1296",0.0117011842441652
"1297",1
"1298",1
"1299",0.243210815757716
"1300",0.44512593605945
"1301",0.0196413275843239
"1302",1
"1303",0.049370245963752
"1304",0.495854144832741
"1305",1
"1306",0.0134765402563
"1307",1
"1308",0.478210920841736
"1309",1
"1310",1
"1311",0.493794164883089
"1312",1
"1313",0.00434656053422136
"1314",1
"1315",0.34586729009603
"1316",1
"1317",1
"1318",0.140968616021869
"1319",0.493743091360657
"1320",0.161427457763209
"1321",1
"1322",1
"1323",0.0705926788655762
"1324",0.41698822680166
"1325",0.456654033756731
"1326",1
"1327",0.474460242710538
"1328",0.48351722296346
"1329",0.483277844110689
"1330",1
"1331",1
"1332",0.499022795936116
"1333",1
"1334",0.0463657743894139
"1335",1
"1336",0.19709532066324
"1337",0.0652444740325312
"1338",1
"1339",1
"1340",0.14681024416712
"1341",0.0103240875202047
"1342",0.202455036017751
"1343",1
"1344",0.494677604008645
"1345",0.48142268754428
"1346",0.0187492777772992
"1347",0.493717710351142
"1348",1
"1349",0.206882573673632
"1350",1
"1351",1
"1352",1
"1353",1
"1354",1
"1355",0.488302392469013
"1356",0.055291561686281
"1357",1
"1358",1
"1359",0.496961775477539
"1360",1
"1361",1
"1362",1
"1363",1
"1364",1
"1365",1
"1366",1
"1367",0.0762469093250698
"1368",0.41854158249006
"1369",0.484928002362713
"1370",1
"1371",0.495740542985076
"1372",1
"1373",0.0603251765135235
"1374",0.195316613653013
"1375",0.499435810637298
"1376",0.492976259232038
"1377",0.432762326464435
"1378",0.0439826547791528
"1379",1
"1380",1
"1381",1
"1382",0.494330155744788
"1383",0.493493736757961
"1384",0.00053626751031202
"1385",1
"1386",0.0294410025795382
"1387",6.01601394707329e-05
"1388",1
"1389",1
"1390",0.0446044839764941
"1391",0.472741060082635
"1392",0.498215881833162
"1393",0.493976332569309
"1394",0.430991473565906
"1395",0.439497550763771
"1396",0.495557658582751
"1397",0.495557658582751
"1398",1
"1399",0.256936646252981
"1400",1
"1401",1
"1402",0.210688072282992
"1403",1
"1404",0.492976259232038
"1405",1
"1406",1
"1407",1
"1408",1
"1409",1
"1410",0.49656821106572
"1411",1
"1412",1
"1413",1
"1414",1
"1415",1
"1416",0.490577052365425
"1417",0.102462084396946
"1418",1
"1419",0.475611158573903
"1420",0.180008491771645
"1421",0.234181385918965
"1422",1
"1423",0.00857502990816553
"1424",0.492326665212549
"1425",0.494358292222783
"1426",0.488974419925029
"1427",1
"1428",0.464285162673164
"1429",1
"1430",0.126874527569364
"1431",0.0119388359126977
"1432",0.480237289674303
"1433",1
"1434",0.44822543002704
"1435",0.494953869526168
"1436",0.496909837289373
"1437",0.00664391541001101
"1438",1
"1439",1
"1440",0.388511926575522
"1441",0.497889005731154
"1442",1
"1443",0.33111169561072
"1444",1
"1445",0.492601147192334
"1446",1
"1447",1
"1448",0.48677100678643
"1449",1
"1450",0.455316234934839
"1451",0.484247138297705
"1452",0.490409700952964
"1453",0.0612042563931642
"1454",0.495486579623822
"1455",0.460531058481367
"1456",1
"1457",1
"1458",1
"1459",0.030389007166547
"1460",0.244504061530595
"1461",1
"1462",1
"1463",0.298839083590206
"1464",1
"1465",1
"1466",0.496858757800585
"1467",1
"1468",0.476044655040548
"1469",0.487770577268962
"1470",0.494443556674545
"1471",1
"1472",1
"1473",0.467811923529073
"1474",1
"1475",1
"1476",0.449825143987323
"1477",0.25120072281071
"1478",1
"1479",1
"1480",1
"1481",1
"1482",0.409069537720104
"1483",0.491044520283636
"1484",0.0469121260950517
"1485",1
"1486",1
"1487",1
"1488",0.499435810637298
"1489",1
"1490",1
"1491",0.21742177009791
"1492",1
"1493",1
"1494",0.0219449289338153
"1495",0.158618721868461
"1496",0.481066805507808
"1497",0.0509037415963553
"1498",0.0303950594414569
"1499",1
"1500",0.35791874772303
"1501",0.455756410163055
"1502",0.48439926543817
"1503",1
"1504",0.46282174015194
"1505",1
"1506",0.493445004409131
"1507",1
"1508",0.466203259807867
"1509",0.404466960563675
"1510",1
"1511",1
"1512",1
"1513",0.392661300706583
"1514",0.0339816054721249
"1515",1
"1516",1
"1517",1
"1518",1
"1519",0.486976985804368
"1520",1
"1521",0.498738435857532
"1522",0.496909837289373
"1523",0.495931641578342
"1524",0.466315929053309
"1525",0.491333436936262
"1526",1
"1527",1
"1528",1
"1529",0.0455348119059054
"1530",0.0157473772624903
"1531",0.308956414846911
"1532",0.0362604553918199
"1533",1
"1534",0.401383425586186
"1535",1
"1536",0.100846406809453
"1537",0.00197806058091625
"1538",0.493067471262823
"1539",1
"1540",1
"1541",0.46876143080353
"1542",1
"1543",0.482075809221072
"1544",1
"1545",1
"1546",0.496257644554836
"1547",0.183895550556764
"1548",1
"1549",0.0166894391470144
"1550",1
"1551",1
"1552",1
"1553",1
"1554",0.45173273391628
"1555",1
"1556",0.483325444318055
"1557",1
"1558",1
"1559",0.0435844112049281
"1560",1
"1561",0.498738435857532
"1562",1
"1563",1
"1564",1
"1565",0.188817300246793
"1566",1
"1567",0.160801777136942
"1568",1
"1569",1
"1570",1
"1571",1
"1572",1
"1573",1
"1574",0.447402342240901
"1575",1
"1576",1
"1577",1
"1578",0.485334375559952
"1579",0.494414990506233
"1580",0.0043400096367377
"1581",1
"1582",0.295473428628434
"1583",1
"1584",0.00894696437391673
"1585",1
"1586",1
"1587",0.461760286284821
"1588",1
"1589",1
"1590",1
"1591",0.00875036210671041
"1592",1
"1593",1
"1594",1
"1595",0.484645810104211
"1596",0.36155094811327
"1597",0.494922430845654
"1598",1
"1599",0.48489638679602
"1600",1
"1601",1
"1602",1
"1603",0.0118999614302749
"1604",0.493324730336209
"1605",1
"1606",1
"1607",1
"1608",1
"1609",0.495740542993572
"1610",1
"1611",0.0278529379746231
"1612",1
"1613",1
"1614",1
"1615",0.130941641641312
"1616",0.318374200928851
"1617",0.190592612549876
"1618",1
"1619",0.0169711310186464
"1620",1
"1621",0.483584876033283
"1622",1
"1623",0.185007517391445
"1624",1
"1625",0.152916714940073
"1626",0.283010428686206
"1627",0.0113568305224224
"1628",1
"1629",1
"1630",1
"1631",0.450364801900532
"1632",1
"1633",1
"1634",1
"1635",1
"1636",1
"1637",1
"1638",1
"1639",1
"1640",0.490115611420086
"1641",1
"1642",0.0716344984442931
"1643",0.0418338865129951
"1644",0.428805645079814
"1645",1
"1646",0.499435810605228
"1647",1
"1648",0.497014617230889
"1649",0.188658679476837
"1650",0.469636360766361
"1651",0.0758399832933587
"1652",0.0840645724395806
"1653",1
"1654",1
"1655",1
"1656",1
"1657",1
"1658",0.00159284935479815
"1659",1
"1660",0.00723459134441362
"1661",0.00100621585071448
"1662",1
"1663",1
"1664",1
"1665",0.00564639877961078
"1666",0.486286975408844
"1667",0.472222188299187
"1668",0.468418299080966
"1669",0.260264760766273
"1670",0.0328352461966442
"1671",0.488647436270876
"1672",0.488370581292686
"1673",1
"1674",1
"1675",0.487038191689162
"1676",0.459565538333786
"1677",0.490003581409157
"1678",0.0101959926355549
"1679",0.393895493877056
"1680",1
"1681",0.477536168442838
"1682",0.47427448311357
"1683",0.442629723484144
"1684",0.485808271630671
"1685",0.488439172763724
"1686",0.434582997602638
"1687",1
"1688",1
"1689",0.478869712519886
"1690",1
"1691",0.0712617342769959
"1692",1
"1693",1
"1694",1
"1695",1
"1696",0.490593951390155
"1697",0.436845586929232
"1698",1
"1699",0.483633371279264
"1700",0.244603491121311
"1701",0.498404235135783
"1702",0.389811390120927
"1703",0.0639636445000824
"1704",0.487666969124478
"1705",1
"1706",0.484864837394038
"1707",1
"1708",0.487062755233243
"1709",0.409336935607543
"1710",0.00889029808269956
"1711",0.498507298166617
"1712",0.494330155741597
"1713",0.498404235135783
"1714",1
"1715",0.477067393025365
"1716",1
"1717",1
"1718",1
"1719",0.485596949509999
"1720",0.106705266562548
"1721",1
"1722",1
"1723",0.366999163446576
"1724",0.498871622338833
"1725",1
"1726",0.481050025943833
"1727",0.0240220301014854
"1728",1
"1729",1
"1730",1
"1731",0.495557658582751
"1732",1
"1733",0.473876560035448
"1734",0.483023114431133
"1735",0.483584876035485
"1736",0.480618871003306
"1737",1
"1738",0.499202115960788
"1739",0.47427448311357
"1740",0.471528449179168
"1741",1
"1742",0.479172611145739
"1743",1
"1744",0.0150772377471418
"1745",1
"1746",0.494891185670723
"1747",0.391432783404575
"1748",1
"1749",1
"1750",0.496431799348271
"1751",1
"1752",0.177522183120285
"1753",1
"1754",0.484287561227477
"1755",1
"1756",0.416692732969954
"1757",1
"1758",1
"1759",1
"1760",0.497743253704645
"1761",1
"1762",1
"1763",0.123822711413025
"1764",0.463954277344514
"1765",0.486321810645761
"1766",0.189652686963179
"1767",1
"1768",1
"1769",1
"1770",0.489178294719471
"1771",0.20128738607079
"1772",1
"1773",0.490376580157103
"1774",0.486403440488387
"1775",1
"1776",0.485108427473739
"1777",1
"1778",1
"1779",1
"1780",1
"1781",0.224332941431248
"1782",1
"1783",1
"1784",0.487783590147603
"1785",1
"1786",0.497236068919185
"1787",1
"1788",1
"1789",1
"1790",1
"1791",0.476217606415292
"1792",0.14033756294279
"1793",0.495854144828377
"1794",1
"1795",0.495451456704326
"1796",0.496091242431417
"1797",1
"1798",0.23387252838223
"1799",1
"1800",0.497673799946682
"1801",1
"1802",0.495593628085814
"1803",0.489892794117257
"1804",1
"1805",1
"1806",1
"1807",0.482488471904197
"1808",1
"1809",1
"1810",1
"1811",0.49311353051161
"1812",0.497014617182404
"1813",1
"1814",0.127468182826544
"1815",1
"1816",1
"1817",1
"1818",1
"1819",1
"1820",1
"1821",0.470873096977673
"1822",4.08140168794895e-07
"1823",0.419962232342202
"1824",1
"1825",0.43262545861725
"1826",0.493230049954446
"1827",0.498871622338833
"1828",0.445349780329531
"1829",0.48300439780224
"1830",1
"1831",1
"1832",1
"1833",1
"1834",1
"1835",0.255638666383876
"1836",0.0952475754931993
"1837",1
"1838",1
"1839",0.012952834525203
"1840",0.494647788218373
"1841",1
"1842",0.0929992348664959
"1843",0.495146777401835
"1844",1
"1845",1
"1846",1
"1847",1
"1848",0.478349872212115
"1849",1
"1850",0.493667253607422
"1851",0.457027235744126
"1852",1
"1853",1
"1854",1
"1855",1
"1856",0.241233016539001
"1857",0.487577021701387
"1858",0.481405585873086
"1859",1
"1860",1
"1861",0.478276628681617
"1862",0.490212658570818
"1863",1
"1864",0.497814914091851
"1865",1
"1866",1
"1867",1
"1868",0.496662248350212
"1869",1
"1870",0.485830699712711
"1871",1
"1872",1
"1873",0.354302657836824
"1874",1
"1875",1
"1876",1
"1877",1
"1878",0.494860130479461
"1879",0.476977547042677
"1880",1
"1881",1
"1882",0.15786130000736
"1883",1
"1884",1
"1885",1
"1886",1
"1887",0.0779042712996437
"1888",1
"1889",1
"1890",1
"1891",0.498507298142374
"1892",1
"1893",0.499435810637298
"1894",0.141259333723668
"1895",0.494472270496801
"1896",0.491151757711234
"1897",1
"1898",1
"1899",0.0985583064862389
"1900",0.495703343217291
"1901",1
"1902",0.153095586763412
"1903",1
"1904",0.492494388612885
"1905",1
"1906",0.439097428967823
"1907",1
"1908",0.465544243442174
"1909",0.482173618074279
"1910",1
"1911",1
"1912",1
"1913",1
"1914",0.499202115972127
"1915",1
"1916",0.00813298585061312
"1917",1
"1918",0.499435810605228
"1919",1
"1920",1
"1921",1
"1922",1
"1923",0.0441271677505751
"1924",1
"1925",1
"1926",1
"1927",1
"1928",0.0592618376465334
"1929",1
"1930",0.481235428863084
"1931",0.48970564890998
"1932",1
"1933",1
"1934",1
"1935",0.286498990433232
"1936",1
"1937",1
"1938",1
"1939",0.498507298142374
"1940",1
"1941",0.0570163411851085
"1942",1
"1943",0.409659613026081
"1944",0.493113530501102
"1945",0.482606872993972
"1946",1
"1947",1
"1948",1
"1949",0.499435810509016
"1950",0.433223775332538
"1951",0.498215881833162
"1952",0.00743545302035569
"1953",0.493324730333499
"1954",0.102120323223728
"1955",0.223272229808755
"1956",1
"1957",1
"1958",0.121795087191853
"1959",1
"1960",0.490147854163404
"1961",0.038210583374685
"1962",0.110464094713322
"1963",0.0224422496770759
"1964",0.333194967389957
"1965",1
"1966",0.481448369699075
"1967",0.493667253610279
"1968",1
"1969",1
"1970",0.45418983403025
"1971",1
"1972",0.0892819505342154
"1973",0.415260775508461
"1974",0.170677742271541
"1975",0.488549774716169
"1976",0.0485701352139721
"1977",0.485943377805728
"1978",1
"1979",1
"1980",0.490228926876547
"1981",1
"1982",1
"1983",0.350766508942242
"1984",0.499435810637298
"1985",0.472148044193374
"1986",1
"1987",0.347580009282421
"1988",1
"1989",1
"1990",0.364950800752841
"1991",1
"1992",1
"1993",1
"1994",1
"1995",0.464338392322854
"1996",0.498307436297116
"1997",1
"1998",0.485097753645339
"1999",1
"2000",1
"2001",1
"2002",1
"2003",1
"2004",1
"2005",0.492389128121576
"2006",1
"2007",0.493159900000601
"2008",0.471422797834322
"2009",1
"2010",0.0557787320445408
"2011",0.184907206185476
"2012",1
"2013",1
"2014",0.49656821106572
"2015",1
"2016",1
"2017",1
"2018",1
"2019",1
"2020",0.484656168941574
"2021",0.461385718141691
"2022",1
"2023",0.0232442125650407
"2024",0.300887861289986
"2025",0.389373625930611
"2026",0.141018090661955
"2027",0.0390675536245847
"2028",1
"2029",0.0327092385056846
"2030",0.23138389042595
"2031",1
"2032",0.115021621263777
"2033",1
"2034",0.0777156362693072
"2035",0.00168144272116091
"2036",0.483947217327414
"2037",1
"2038",1
"2039",0.496858757800585
"2040",1
"2041",1
"2042",1
"2043",0.364821325010816
"2044",1
"2045",0.487001433523319
"2046",0.0105404492004728
"2047",1
"2048",0.499435810509016
"2049",1
"2050",1
"2051",0.195113589396431
"2052",0.485841927094367
"2053",1
"2054",0.447465188288783
"2055",0.0927093922185702
"2056",1
"2057",1
"2058",1
"2059",1
"2060",1
"2061",1
"2062",0.0630493099476805
"2063",0.48559694951502
"2064",1
"2065",1
"2066",0.49204165441046
"2067",0.0144161722173345
"2068",0.475985078843159
"2069",0.474987748420592
"2070",1
"2071",0.496091242449932
"2072",0.218181868654917
"2073",0.133423062585771
"2074",0.382622607166028
"2075",1
"2076",1
"2077",0.493067471262823
"2078",1
"2079",0.0246211783785322
"2080",0.495347678967041
"2081",1
"2082",1
"2083",0.492389128107315
"2084",1
"2085",1
"2086",1
"2087",0.468655059436668
"2088",0.468388203053648
"2089",0.48580827162685
"2090",1
"2091",0.493300934740912
"2092",1
"2093",1
"2094",0.0750835805812901
"2095",0.496759013242188
"2096",1
"2097",1
"2098",0.408411408565675
"2099",0.496091242449932
"2100",1
"2101",0.0394719307366346
"2102",1
"2103",0.410740204960035
"2104",1
"2105",1
"2106",0.480659909240428
"2107",0.491097977412494
"2108",0.4806516946084
"2109",0.202078681718671
"2110",1
"2111",0.499435810509016
"2112",0.49552197804919
"2113",0.483277844106366
"2114",0.0182490016847931
"2115",1
"2116",1
"2117",1
"2118",0.480983056185262
"2119",1
"2120",0.390641575502713
"2121",1
"2122",0.459722212824856
"2123",1
"2124",0.494618137645979
"2125",1
"2126",0.492101861864525
"2127",1
"2128",1
"2129",0.162140235746114
"2130",1
"2131",0.497236068919185
"2132",1
"2133",0.475223683987126
"2134",1
"2135",0.148827371894513
"2136",1
"2137",1
"2138",1
"2139",0.470965806733408
"2140",0.487013674672086
"2141",0.00895572080742751
"2142",0.468827463140913
"2143",0.488275228105163
"2144",1
"2145",0.497814914058729
"2146",0.45470241878019
"2147",1
"2148",1
"2149",1
"2150",1
"2151",1
"2152",1
"2153",1
"2154",1
"2155",1
"2156",1
"2157",1
"2158",0.499435810509016
"2159",0.0764496915412686
"2160",0.499435810637298
"2161",0.499435810637298
"2162",1
"2163",0.485399575554593
"2164",0.490713106201454
"2165",0.499435810573157
"2166",0.0111781645540321
"2167",1
"2168",0.463267070137851
"2169",0.278795627323951
"2170",0.355071580440753
"2171",0.494472270496801
"2172",0.485129798153447
"2173",0.465751700616074
"2174",1
"2175",0.270275905962835
"2176",0.0485530075399824
"2177",1
"2178",1
"2179",1
"2180",1
"2181",1
"2182",1
"2183",1
"2184",1
"2185",0.49078188664093
"2186",1
"2187",0.48964401933806
"2188",1
"2189",1
"2190",1
"2191",1
"2192",1
"2193",1
"2194",0.296831513890891
"2195",1
"2196",1
"2197",1
"2198",0.0540582831751817
"2199",1
"2200",1
"2201",1
"2202",1
"2203",1
"2204",1
"2205",0.00805505482502213
"2206",1
"2207",0.203060083209007
"2208",1
"2209",1
"2210",1
"2211",0.49541660298861
"2212",1
"2213",1
"2214",0.497540770191196
"2215",1
"2216",1
"2217",0.467430207041313
"2218",1
"2219",0.314404978280175
"2220",0.345180888123849
"2221",1
"2222",0.49441499051919
"2223",0.475526682505763
"2224",0.0605189077459782
"2225",1
"2226",1
"2227",1
"2228",1
"2229",1
"2230",1
"2231",0.497673799946682
"2232",0.475866369789605
"2233",0.0689476481872773
"2234",1
"2235",0.443955985652296
"2236",0.0567276890271926
"2237",1
"2238",1
"2239",1
"2240",0.468700602535082
"2241",0.0543300302737737
"2242",1
"2243",0.497414576635325
"2244",1
"2245",0.0293151194901691
"2246",0.000261590567109376
"2247",1
"2248",1
"2249",0.336446798702246
"2250",1
"2251",1
"2252",1
"2253",0.295533188070069
"2254",0.0856693103494669
"2255",0.495778070564896
"2256",0.0312483377352075
"2257",1
"2258",1
"2259",1
"2260",1
"2261",0.310217018639635
"2262",1
"2263",0.314636467411287
"2264",1
"2265",1
"2266",0.202202329708022
"2267",1
"2268",0.454646720021491
"2269",0.455203355159286
"2270",0.216627121347706
"2271",1
"2272",1
"2273",0.478937483518752
"2274",1
"2275",0.0749682876597326
"2276",0.489266856224256
"2277",1
"2278",1
"2279",1
"2280",1
"2281",0.498871622338833
"2282",1
"2283",0.00725216158123108
"2284",0.130113024915675
"2285",0.49182468846139
"2286",0.0600945875525094
"2287",1
"2288",0.1545536795969
"2289",0.461031022699854
"2290",1
"2291",0.0546560633114303
"2292",1
"2293",1
"2294",0.497294262550829
"2295",1
"2296",1
"2297",1
"2298",0.496387473373895
"2299",0.0029840254361563
"2300",0.0419780857491047
"2301",0.349039491155091
"2302",0.0594618800173581
"2303",0.00102747819628391
"2304",0.00331546771275532
"2305",1
"2306",0.0822822454990166
"2307",0.0686176705330867
"2308",0.350202928298232
"2309",0.201737364935952
"2310",0.42183138853912
"2311",0.0235533410970067
"2312",1
"2313",1
"2314",0.292316589278223
"2315",1
"2316",0.11416919264367
"2317",0.320844503148121
"2318",0.298611709242771
"2319",0.0523113999400353
"2320",0.474348624635675
"2321",0.489446210671855
"2322",1
"2323",0.255350630560701
"2324",0.455333898605977
"2325",0.117238451628334
"2326",1
"2327",1
"2328",0.494501134292627
"2329",0.111345299652837
"2330",1
"2331",0.109972196516646
"2332",0.494191517953255
"2333",1
"2334",1
"2335",0.453744358547962
"2336",1
"2337",1
"2338",1
"2339",1
"2340",0.377509300975212
"2341",0.496132171682329
"2342",1
"2343",0.491537790921493
"2344",1
"2345",0.140751022134953
"2346",0.457455702499417
"2347",1
"2348",1
"2349",0.00612036913958863
"2350",1
"2351",1
"2352",1
"2353",1
"2354",0.433924586572278
"2355",1
"2356",0.339904907783767
"2357",1
"2358",0.28986108993134
"2359",0.493445004392572
"2360",0.000163150277986055
"2361",0.16269974717734
"2362",0.479210784926016
"2363",1
"2364",0.493493736757961
"2365",1
"2366",1
"2367",1
"2368",1
"2369",1
"2370",0.0822476191012278
"2371",1
"2372",0.00891063358507903
"2373",0.26839437191599
"2374",0.342182320053613
"2375",1
"2376",1
"2377",0.450708746736772
"2378",1
"2379",0.0470717573070277
"2380",1
"2381",1
"2382",1
"2383",1
"2384",0.108884382716086
"2385",0.478022206053176
"2386",1
"2387",1
"2388",1
"2389",1
"2390",1
"2391",1
"2392",1
"2393",0.36273914977639
"2394",0.0151927726610327
"2395",1
"2396",0.268347413251581
"2397",0.494618137645979
"2398",0.417524442290234
"2399",1
"2400",1
"2401",0.000276999796386075
"2402",1
"2403",1
"2404",0.320230407112255
"2405",1
"2406",0.324870030712273
"2407",1
"2408",1
"2409",1
"2410",1
"2411",1
"2412",1
"2413",0.173227914983323
"2414",1
"2415",1
"2416",0.00735514575561262
"2417",0.0380484091849806
"2418",1
"2419",1
"2420",0.412141163514986
"2421",0.00629643749955661
"2422",0.035699747826516
"2423",0.378050136047122
"2424",0.490730253436134
"2425",0.479187872225771
"2426",1
"2427",0.170176132844842
"2428",0.141270378021255
"2429",0.358923989859304
"2430",1
"2431",0.198570461502185
"2432",1
"2433",1
"2434",0.499435810637298
"2435",1
"2436",0.00948142623492691
"2437",1
"2438",0.0184003862689955
"2439",1
"2440",0.0213900313843466
"2441",1
"2442",0.481243899942878
"2443",1
"2444",0.480221215992755
"2445",0.352232789629759
"2446",1
"2447",0.483469069242944
"2448",0.493113530501102
"2449",1
"2450",1
"2451",0.0104787925212065
"2452",0.450910517125521
"2453",1
"2454",0.254528257742296
"2455",1
"2456",0.00884057642813036
"2457",0.456039181140713
"2458",0.491333436932087
"2459",1
"2460",1
"2461",0.00181964389026543
"2462",1
"2463",0.16522315667304
"2464",0.0142742441788377
"2465",1
"2466",1
"2467",0.484399265445122
"2468",0.454632806202687
"2469",0.352415958711916
"2470",0.496091242449932
"2471",1
"2472",1
"2473",1
"2474",0.194311205163151
"2475",0.465374607936111
"2476",0.0911869773030689
"2477",1
"2478",1
"2479",1
"2480",1
"2481",0.468009457883712
"2482",0.0242972789469703
"2483",1
"2484",1
"2485",0.388898366787886
"2486",0.01510241879316
"2487",0.128907133515622
"2488",0.464365037281811
"2489",0.440104210535792
"2490",0.0120481895473822
"2491",1
"2492",1
"2493",0.477986100961602
"2494",1
"2495",0.0348268134424209
"2496",0.094071082607986
"2497",0.00208992539255761
"2498",1
"2499",1
"2500",1
"2501",1
"2502",1
"2503",1
"2504",1
"2505",0.325753282527741
"2506",0.141854778823469
"2507",0.347945415347706
"2508",1
"2509",1
"2510",0.487770577268962
"2511",1
"2512",0.480133043945593
"2513",0.486217569487117
"2514",1
"2515",0.494829261834777
"2516",0.463814030438428
"2517",0.495666462807035
"2518",1
"2519",0.409015483717997
"2520",0.24363657285472
"2521",1
"2522",0.484481010923776
"2523",0.0734569881361424
"2524",1
"2525",0.0385463882305267
"2526",0.491009058892089
"2527",0.471550741901569
"2528",0.0206955084104901
"2529",0.0281502272859988
"2530",1
"2531",0.499202115972127
"2532",1
"2533",1
"2534",0.0120828548609198
"2535",0.0405705473950992
"2536",0.1225922172148
"2537",1
"2538",1
"2539",0.0205668052401278
"2540",0.479142122610913
"2541",1
"2542",0.031672302710604
"2543",1
"2544",0.171980513236926
"2545",0.477185420161148
"2546",0.487564225248323
"2547",1
"2548",1
"2549",0.495970948963544
"2550",0.482570356004638
"2551",1
"2552",1
"2553",1
"2554",1
"2555",0.0612087993281097
"2556",1
"2557",1
"2558",1
"2559",0.497236068919185
"2560",1
"2561",0.380995874559439
"2562",0.447828810517271
"2563",1
"2564",1
"2565",1
"2566",0.0263344736489075
"2567",0.482957696375363
"2568",1
"2569",1
"2570",1
"2571",0.312002700303271
"2572",0.00487128583163426
"2573",1
"2574",0.000831587993643455
"2575",0.128304285539884
"2576",1
"2577",0.00846509589722112
"2578",1
"2579",0.490747432471639
"2580",0.00255796170193658
"2581",0.435412771115524
"2582",1
"2583",1
"2584",1
"2585",1
"2586",1
"2587",0.280392171620505
"2588",0.362750900397149
"2589",1
"2590",1
"2591",1
"2592",1
"2593",0.433453398349308
"2594",0.493372577927645
"2595",1
"2596",0.495931641560554
"2597",1
"2598",1
"2599",0.0339037315342816
"2600",0.464632602732007
"2601",1
"2602",1
"2603",0.149997544655294
"2604",1
"2605",0.0107863819579586
"2606",0.283972222828607
"2607",1
"2608",1
"2609",1
"2610",0.226312104414047
"2611",1
"2612",0.478269317963902
"2613",1
"2614",0.480366354420899
"2615",0.0245154051038883
"2616",0.494443556674545
"2617",0.0371765101520996
"2618",0.250736438589762
"2619",0.350568384817144
"2620",1
"2621",1
"2622",1
"2623",1
"2624",1
"2625",1
"2626",1
"2627",0.075708465968912
"2628",0.499022795954632
"2629",0.480463714351128
"2630",0.499022795954632
"2631",1
"2632",0.470521326189357
"2633",1
"2634",1
"2635",0.497965794353793
"2636",1
"2637",0.497814914058729
"2638",1
"2639",1
"2640",1
"2641",0.496257644574175
"2642",0.156563033844371
"2643",0.477143693625953
"2644",0.490903504682398
"2645",1
"2646",1
"2647",0.492709469626544
"2648",0.265888687730879
"2649",0.496614903118853
"2650",0.0950606107446242
"2651",1
"2652",1
"2653",1
"2654",1
"2655",0.490593951397846
"2656",1
"2657",0.12361790784717
"2658",1
"2659",0.498128801694501
"2660",0.0573671673694994
"2661",0.35296218590886
"2662",0.488563675243258
"2663",0.287944490467166
"2664",0.462381742308077
"2665",1
"2666",0.457064001522018
"2667",0.498215881833162
"2668",0.0658395835263576
"2669",1
"2670",0.437071503302458
"2671",0.498618026167807
"2672",1
"2673",1
"2674",0.42079309986663
"2675",0.456501307635468
"2676",1
"2677",0.493642175416356
"2678",0.475487792228404
"2679",0.467522772292191
"2680",1
"2681",1
"2682",0.426685568960861
"2683",0.492347429503414
"2684",0.00929213375299244
"2685",1
"2686",0.477692252252509
"2687",1
"2688",1
"2689",0.402974953433957
"2690",1
"2691",1
"2692",0.106163250393889
"2693",0.223372689654732
"2694",1
"2695",1
"2696",1
"2697",1
"2698",0.487386439683696
"2699",0.485258674016179
"2700",1
"2701",1
"2702",1
"2703",0.110478579405356
"2704",1
"2705",0.390021377952896
"2706",0.413845114624863
"2707",1
"2708",1
"2709",0.494302158242908
"2710",1
"2711",1
"2712",0.495081633831054
"2713",1
"2714",0.13522255148991
"2715",0.486940400153912
"2716",1
"2717",0.000723501927256021
"2718",1
"2719",1
"2720",0.405971511568447
"2721",0.478174502304554
"2722",1
"2723",1
"2724",1
"2725",1
"2726",1
"2727",0.499435810637298
"2728",1
"2729",0.282821889366698
"2730",0.485388688650104
"2731",0.185739369769301
"2732",1
"2733",0.450456918105048
"2734",1
"2735",1
"2736",0.295992814625675
"2737",1
"2738",0.494559321351728
"2739",0.1153344534
"2740",1
"2741",0.273744719494901
"2742",1
"2743",1
"2744",1
"2745",1
"2746",1
"2747",1
"2748",1
"2749",0.348467516151535
"2750",1
"2751",0.450399721973021
"2752",0.04052354535403
"2753",1
"2754",0.488717712655493
"2755",1
"2756",0.00462748659960136
"2757",1
"2758",0.495486579615805
"2759",1
"2760",0.4902778952755
"2761",0.489431148111578
"2762",0.477297067495888
"2763",1
"2764",1
"2765",1
"2766",0.0047393743609493
"2767",1
"2768",0.379533935160103
"2769",1
"2770",0.494218979461573
"2771",1
"2772",0.20573938355476
"2773",0.469345368277538
"2774",1
"2775",1
"2776",0.326359226201933
"2777",0.00522811083664467
"2778",0.433561464636805
"2779",1
"2780",1
"2781",1
"2782",0.499435810573157
"2783",1
"2784",0.453050619053244
"2785",1
"2786",1
"2787",1
"2788",1
"2789",0.492244164200122
"2790",0.225093301749478
"2791",0.0641117315562461
"2792",0.47815268043282
"2793",1
"2794",1
"2795",0.0957106869643689
"2796",0.289256122349544
"2797",0.197967356656207
"2798",1
"2799",1
"2800",0.355805076898285
"2801",1
"2802",1
"2803",1
"2804",1
"2805",0.488689549644373
"2806",1
"2807",0.497179075587131
"2808",0.135211703940359
"2809",1
"2810",0.00928946865631846
"2811",0.467483765048232
"2812",1
"2813",1
"2814",0.259004901724878
"2815",0.487487721699989
"2816",1
"2817",1
"2818",1
"2819",1
"2820",0.491044520283636
"2821",1
"2822",0.0321582161275542
"2823",0.496710274977505
"2824",0.277840405443178
"2825",0.439843069043899
"2826",1
"2827",1
"2828",0.463236924729797
"2829",1
"2830",0.485841927099475
"2831",1
"2832",0.467178217350799
"2833",1
"2834",0.0691330831895676
"2835",1
"2836",1
"2837",0.45424496690073
"2838",0.234654601368848
"2839",1
"2840",1
"2841",0.0361386468151312
"2842",1
"2843",1
"2844",1
"2845",0.498404235135783
"2846",0.454428079379449
"2847",1
"2848",1
"2849",0.00341914226132328
"2850",1
"2851",1
"2852",1
"2853",0.00209647601232824
"2854",1
"2855",0.481210038601605
"2856",0.00738839323654007
"2857",0.0294173602388959
"2858",1
"2859",1
"2860",0.475624181005797
"2861",0.078203457900487
"2862",0.495081633838411
"2863",1
"2864",1
"2865",1
"2866",0.0423190151643555
"2867",1
"2868",1
"2869",0.456136249222523
"2870",0.0404981457738649
"2871",1
"2872",1
"2873",0.497014617206646
"2874",1
"2875",1
"2876",1
"2877",0.476479429286424
"2878",1
"2879",0.487436978496266
"2880",0.493206586119851
"2881",0.457638014779067
"2882",0.473508591379662
"2883",1
"2884",1
"2885",0.493324730333499
"2886",1
"2887",1
"2888",1
"2889",1
"2890",0.487186280258439
"2891",1
"2892",0.193695430582346
"2893",0.499022795954632
"2894",0.389875849033133
"2895",1
"2896",1
"2897",0.478072853465403
"2898",1
"2899",1
"2900",0.499435810605228
"2901",1
"2902",0.114479395042287
"2903",0.49552197804919
"2904",0.467236195251508
"2905",1
"2906",0.25786896908137
"2907",0.469558141466212
"2908",1
"2909",0.00104692798508002
"2910",0.190388476679385
"2911",1
"2912",0.436840631115895
"2913",0.403920646899932
"2914",1
"2915",1
"2916",0.335512281255228
"2917",1
"2918",0.0675008356682437
"2919",0.471651277580282
"2920",0.497236068919185
"2921",0.0929904286802807
"2922",1
"2923",0.409155757529046
"2924",0.248879300553202
"2925",1
"2926",1
"2927",0.00372944676529989
"2928",1
"2929",1
"2930",1
"2931",1
"2932",0.0729547552591653
"2933",0.490294273018607
"2934",1
"2935",1
"2936",1
"2937",0.492863884129133
"2938",0.483546183000259
"2939",1
"2940",0.487602654286911
"2941",0.499202115972127
"2942",0.107173849749296
"2943",1
"2944",0.492863884129133
"2945",0.497606360682458
"2946",0.401048084930693
"2947",0.480537054934976
"2948",1
"2949",0.051018401946188
"2950",0.173349570518275
"2951",0.489326305858533
"2952",1
"2953",1
"2954",1
"2955",0.0373168285766876
"2956",0.489767649988364
"2957",0.256408702228016
"2958",0.0350750204393678
"2959",0.469397126698464
"2960",1
"2961",1
"2962",0.492579672536809
"2963",0.486217569489741
"2964",1
"2965",0.443066445809936
"2966",1
"2967",0.00687737070030808
"2968",1
"2969",1
"2970",1
"2971",0.0918648626010137
"2972",1
"2973",1
"2974",1
"2975",1
"2976",1
"2977",1
"2978",1
"2979",1
"2980",0.493396631787128
"2981",0.102822315886142
"2982",1
"2983",1
"2984",1
"2985",0.499202115972127
"2986",0.493469325095003
"2987",0.477950055226892
"2988",0.479666666767755
"2989",0.436302837484908
"2990",0.499202115972127
"2991",0.491844174000551
"2992",0.0781819116728621
"2993",0.484419661523649
"2994",1
"2995",0.49381985998202
"2996",1
"2997",1
"2998",0.487757578245366
"2999",0.492122033294772
"3000",0.0325423725323053
"3001",0.399363821291918
"3002",1
"3003",0.0560865271771095
"3004",0.119381552481479
"3005",0.491462914033682
"3006",0.473033663300228
"3007",1
"3008",1
"3009",0.179782782816586
"3010",0.494530150429589
"3011",1
"3012",0.01478732402545
"3013",1
"3014",1
"3015",1
"3016",1
"3017",1
"3018",0.431629695269483
"3019",1
"3020",0.489090452802026
"3021",1
"3022",1
"3023",1
"3024",0.310887028087817
"3025",1
"3026",1
"3027",1
"3028",0.492223675783772
"3029",0.0293866235073093
"3030",1
"3031",0.0646520269776029
"3032",1
"3033",1
"3034",1
"3035",1
"3036",1
"3037",0.0531039174346023
"3038",0.0327402750118164
"3039",1
"3040",1
"3041",0.0243626488165341
"3042",1
"3043",0.49473774250556
"3044",1
"3045",1
"3046",0.00224705382243888
"3047",0.498404235135783
"3048",0.0300678160187765
"3049",1
"3050",1
"3051",0.474816981492277
"3052",0.340608989654828
"3053",1
"3054",1
"3055",1
"3056",0.499435810637298
"3057",0.0088875794856612
"3058",1
"3059",1
"3060",0.498618026167807
"3061",1
"3062",0.462626479296833
"3063",1
"3064",0.251859580976258
"3065",1
"3066",1
"3067",0.497673799931126
"3068",0.492886217071094
"3069",1
"3070",1
"3071",0.496522145898519
"3072",0.0927884044683329
"3073",0.256644096550662
"3074",0.390256596446352
"3075",1
"3076",1
"3077",1
"3078",1
"3079",1
"3080",0.0128299620576929
"3081",0.477993317221173
"3082",1
"3083",1
"3084",0.259668948114043
"3085",0.480676349017419
"3086",1
"3087",0.476894923755851
"3088",0.469216355954165
"3089",0.0324835266899869
"3090",0.424397258985356
"3091",0.217012250753247
"3092",0.0814822544165556
"3093",1
"3094",0.0390005761788926
"3095",0.300606596472692
"3096",1
"3097",0.477444446927064
"3098",0.278900492252008
"3099",1
"3100",1
"3101",1
"3102",0.492515618439385
"3103",0.492622684369842
"3104",1
"3105",0.432739108165126
"3106",0.0746454158243632
"3107",0.496961775489449
"3108",1
"3109",1
"3110",1
"3111",1
"3112",1
"3113",1
"3114",1
"3115",1
"3116",0.49492243085278
"3117",1
"3118",1
"3119",1
"3120",0.10479659906948
"3121",0.463336068061611
"3122",1
"3123",1
"3124",1
"3125",1
"3126",0.492515618449053
"3127",1
"3128",0.270546436918836
"3129",1
"3130",0.385559174809888
"3131",1
"3132",1
"3133",0.08625725235067
"3134",1
"3135",1
"3136",0.482388909691078
"3137",1
"3138",1
"3139",1
"3140",1
"3141",1
"3142",0.490560183619343
"3143",0.156131246571506
"3144",1
"3145",0.479081279330578
"3146",1
"3147",1
"3148",0.0679988430564142
"3149",1
"3150",0.491481571511716
"3151",1
"3152",0.149323278222559
"3153",0.346182053042552
"3154",0.42241098382293
"3155",0.486819182439211
"3156",0.364529175766795
"3157",1
"3158",0.0407641678698479
"3159",1
"3160",1
"3161",0.0106830312713215
"3162",0.479934098539141
"3163",1
"3164",0.129645733321148
"3165",1
"3166",1
"3167",1
"3168",1
"3169",0.0466351743790559
"3170",0.0143361994757937
"3171",0.334824061725583
"3172",1
"3173",1
"3174",1
"3175",0.45888720336905
"3176",1
"3177",1
"3178",1
"3179",1
"3180",1
"3181",1
"3182",0.468313089093546
"3183",0.281075951306891
"3184",0.182892161410188
"3185",1
"3186",0.00258402871347111
"3187",0.325375744191929
"3188",0.0261098209513285
"3189",1
"3190",0.435577626942854
"3191",0.499435810605228
"3192",1
"3193",0.478802158994459
"3194",1
"3195",1
"3196",1
"3197",0.214129916166567
"3198",1
"3199",1
"3200",1
"3201",1
"3202",0.436278280658241
"3203",0.359705371475005
"3204",1
"3205",1
"3206",1
"3207",1
"3208",0.494798576422356
"3209",1
"3210",1
"3211",0.238962596082514
"3212",0.469366061069609
"3213",0.118361450454305
"3214",0.492347429493958
"3215",1
"3216",0.00825142731246767
"3217",1
"3218",0.490509757394098
"3219",0.498215881853445
"3220",1
"3221",1
"3222",0.480245331439291
"3223",1
"3224",1
"3225",0.448527239221121
"3226",1
"3227",1
"3228",0.388505160183361
"3229",0.484297683246429
"3230",0.495146777416746
"3231",1
"3232",1
"3233",0.167518282316372
"3234",0.113848497690264
"3235",1
"3236",0.488384267146207
"3237",1
"3238",1
"3239",1
"3240",0.493567527761586
"3241",0.000462095240563442
"3242",0.492203241224873
"3243",1
"3244",1
"3245",0.101957651995238
"3246",1
"3247",0.487796616919686
"3248",1
"3249",1
"3250",0.489567494810992
"3251",0.421240533277627
"3252",1
"3253",1
"3254",0.481397040951121
"3255",0.00374343747678924
"3256",1
"3257",1
"3258",0.497294262557516
"3259",1
"3260",1
"3261",0.496173538739207
"3262",1
"3263",1
"3264",0.48299504723171
"3265",1
"3266",1
"3267",0.492142256551871
"3268",0.455518023580918
"3269",0.497673799915569
"3270",0.494164185705092
"3271",1
"3272",1
"3273",1
"3274",1
"3275",1
"3276",1
"3277",0.0463191929567817
"3278",0.432198157309912
"3279",1
"3280",1
"3281",1
"3282",1
"3283",0.496387473363878
"3284",0.492797300945818
"3285",1
"3286",0.112131343253751
"3287",1
"3288",0.157096423281794
"3289",1
"3290",1
"3291",1
"3292",0.155695817087868
"3293",0.479043342313501
"3294",1
"3295",1
"3296",1
"3297",1
"3298",0.0619401131199855
"3299",0.450390195828356
"3300",1
"3301",1
"3302",1
"3303",0.477514968593793
"3304",0.492368250316878
"3305",1
"3306",1
"3307",1
"3308",1
"3309",1
"3310",1
"3311",0.459118489602419
"3312",0.00510960872461546
"3313",0.0594896510269563
"3314",1
"3315",0.371475427048047
"3316",0.468388203053648
"3317",0.0344892185092557
"3318",1
"3319",1
"3320",1
"3321",0.499435811535271
"3322",1
"3323",0.249446613061523
"3324",0.43075456262094
"3325",0.487075054541383
"3326",1
"3327",1
"3328",0.496858757800585
"3329",1
"3330",0.00769531361806637
"3331",1
"3332",1
"3333",0.311963732080564
"3334",0.482227195840194
"3335",0.445962981565181
"3336",1
"3337",1
"3338",1
"3339",1
"3340",0.0802098151989062
"3341",1
"3342",0.486171492713543
"3343",1
"3344",1
"3345",0.477360112125989
"3346",1
"3347",0.213677656948884
"3348",1
"3349",1
"3350",0.470376442792932
"3351",1
"3352",1
"3353",1
"3354",1
"3355",0.0695683955370918
"3356",0.419649379150819
"3357",1
"3358",1
"3359",1
"3360",0.469882773602718
"3361",0.49552197804919
"3362",0.270763220054224
"3363",0.457578396778695
"3364",0.0211565997779931
"3365",1
"3366",0.0833275000947586
"3367",1
"3368",0.445638142769198
"3369",0.0148699888175949
"3370",1
"3371",1
"3372",1
"3373",1
"3374",1
"3375",1
"3376",1
"3377",0.497476884301947
"3378",0.497673799915569
"3379",1
"3380",0.056510230988051
"3381",0.36149703067506
"3382",1
"3383",0.491613336682027
"3384",0.0683922861679203
"3385",1
"3386",0.498215881833162
"3387",0.00615676635966183
"3388",1
"3389",0.48861944735343
"3390",1
"3391",0.495382012357809
"3392",0.3801774577792
"3393",0.00316709279113809
"3394",1
"3395",0.03723219574757
"3396",0.0748851886692269
"3397",1
"3398",1
"3399",1
"3400",0.465895356956399
"3401",1
"3402",1
"3403",0.457604469181999
"3404",1
"3405",1
"3406",1
"3407",0.117303022291086
"3408",1
"3409",0.299974773228225
"3410",0.491388688583276
"3411",0.476991346564862
"3412",1
"3413",0.000372591888078951
"3414",0.471086228468224
"3415",1
"3416",0.00204553838256203
"3417",0.459323901845895
"3418",0.113290200956686
"3419",0.479894546483931
"3420",0.491062303778391
"3421",0.261861370033038
"3422",0.499435810637298
"3423",0.174370632907229
"3424",0.496759013253353
"3425",0.00144554604731841
"3426",0.493113530490594
"3427",0.0443317812487241
"3428",1
"3429",1.62050881653602e-05
"3430",1
"3431",1
"3432",0.48970564890998
"3433",1
"3434",0.491407184813043
"3435",3.514216720083e-10
"3436",0.263268590561555
"3437",0.498738435828847
"3438",0.0105689430687771
"3439",1
"3440",0.160511754561793
"3441",0.0147111732661426
"3442",0.268106984627594
"3443",0.429502820727292
"3444",0.470715627245689
"3445",0.0445699994938338
"3446",0.177460602493649
"3447",0.497414576621329
"3448",0.42759544591463
"3449",0.488180645037981
"3450",0.44735152310052
"3451",0.416770679910029
"3452",1
"3453",0.270596810533469
"3454",1
"3455",0.472148044189488
"3456",1
"3457",1
"3458",0.00310893313503404
"3459",0.495629893685449
"3460",0.0336516596252292
"3461",1
"3462",0.135736985114734
"3463",0.48061067381248
"3464",0.495892710396409
"3465",1
"3466",1
"3467",1
"3468",0.492244164200122
"3469",0.478511890221237
"3470",1
"3471",0.476057914422955
"3472",0.488717712655493
"3473",1
"3474",1
"3475",1
"3476",1
"3477",1
"3478",1
"3479",1
"3480",1
"3481",1
"3482",0.453867282598143
"3483",0.143566041516288
"3484",0.490294273018607
"3485",0.490868591269522
"3486",1
"3487",0.495212807534121
"3488",1
"3489",1
"3490",1
"3491",1
"3492",1
"3493",1
"3494",1
"3495",0.460945895313707
"3496",1
"3497",0.495666462798685
"3498",0.0991125054070031
"3499",1
"3500",1
"3501",0.489281687700073
"3502",1
"3503",0.47494336316928
"3504",1
"3505",1
"3506",0.44888627217142
"3507",0.488591527179774
"3508",1
"3509",0.496050737411135
"3510",1
"3511",0.48386818210627
"3512",1
"3513",1
"3514",0.155696997532439
"3515",1
"3516",0.498507298142374
"3517",1
"3518",1
"3519",0.354210115449007
"3520",0.490973736912298
"3521",1
"3522",1
"3523",0.481785542145119
"3524",0.487692789282979
"3525",1
"3526",1
"3527",0.494472270503346
"3528",0.469423039025259
"3529",1
"3530",1
"3531",1
"3532",1
"3533",0.4872235709696
"3534",0.486568190686132
"3535",0.48019713000967
"3536",1
"3537",0.00397716469779398
"3538",0.49647668298252
"3539",0.494618137642617
"3540",1
"3541",0.489598037012951
"3542",0.10898272899393
"3543",0.0197102489566665
"3544",1
"3545",1
"3546",1
"3547",1
"3548",0.343386065005375
"3549",0.11898847970782
"3550",1
"3551",1
"3552",1
"3553",1
"3554",0.457911109734916
"3555",0.384013125674804
"3556",0.481707179946436
"3557",1
"3558",1
"3559",0.0285140850554881
"3560",1
"3561",1
"3562",1
"3563",1
"3564",1
"3565",1
"3566",1
"3567",1
"3568",1
"3569",0.498871622274692
"3570",0.424836263012695
"3571",1
"3572",1
"3573",0.299314712311084
"3574",1
"3575",1
"3576",0.0686879062985983
"3577",0.208494075588269
"3578",1
"3579",1
"3580",0.486663248777724
"3581",1
"3582",1
"3583",1
"3584",1
"3585",1
"3586",0.494985505341024
"3587",1
"3588",1
"3589",0.464699814341551
"3590",1
"3591",1
"3592",1
"3593",1
"3594",1
"3595",1
"3596",0.128181291446274
"3597",0.491863706231399
"3598",1
"3599",1
"3600",0.49570334321308
"3601",0.157210414988355
"3602",0.498307436329186
"3603",1
"3604",1
"3605",0.494109901824525
"3606",1
"3607",0.488591527179774
"3608",0.492908620386152
"3609",0.146899566565724
"3610",1
"3611",1
"3612",0.43931651367028
"3613",0.403072701974269
"3614",1
"3615",0.445710478727174
"3616",1
"3617",1
"3618",0.483927422001639
"3619",1
"3620",1
"3621",1
"3622",0.481585947857899
"3623",0.490644831763081
"3624",1
"3625",1
"3626",1
"3627",1
"3628",0.491519009680927
"3629",1
"3630",0.181274845512464
"3631",1
"3632",1
"3633",0.493300934740912
"3634",0.00182227507506641
"3635",0.493794164883089
"3636",1
"3637",1
"3638",1
"3639",0.132204355288846
"3640",1
"3641",0.38659100816115
"3642",1
"3643",1
"3644",1
"3645",1
"3646",0.424438366235332
"3647",1
"3648",1
"3649",0.138696932353344
"3650",1
"3651",0.00380894879226008
"3652",0.276820701093959
"3653",0.488086813745293
"3654",1
"3655",1
"3656",0.453428333520354
"3657",0.0928369793422165
"3658",1
"3659",1
"3660",1
"3661",1
"3662",1
"3663",0.428013787284665
"3664",1
"3665",1
"3666",1
"3667",0.498738435857532
"3668",1
"3669",0.493324730333499
"3670",0.499435810573157
"3671",1
"3672",0.461365244032219
"3673",1
"3674",1
"3675",1
"3676",1
"3677",1
"3678",0.154031270273414
"3679",1
"3680",0.466889864432348
"3681",1
"3682",0.300699845696028
"3683",1
"3684",0.32275733005653
"3685",0.319113679071352
"3686",1
"3687",1
"3688",1
"3689",0.49079916217389
"3690",1
"3691",1
"3692",1
"3693",0.144209572389936
"3694",0.177443174020576
"3695",0.498738435857532
"3696",0.472342382146937
"3697",1
"3698",1
"3699",0.486102664437636
"3700",0.00902958588845053
"3701",1
"3702",1
"3703",1
"3704",0.0980715582252422
"3705",0.305479087241445
"3706",1
"3707",0.250077386340694
"3708",1
"3709",1
"3710",0.475013147006344
"3711",0.0490689774950151
"3712",0.256763414415528
"3713",1
"3714",0.448554766201063
"3715",0.0495585697732515
"3716",1
"3717",0.45369664446858
"3718",0.474666160102186
"3719",1
"3720",1
"3721",1
"3722",1
"3723",1
"3724",0.461946891631884
"3725",1
"3726",0.488916859479025
"3727",0.466509290937392
"3728",1
"3729",1
"3730",1
"3731",0.491632329763681
"3732",0.489783209106847
"3733",1
"3734",0.495212807534121
"3735",0.496961775489449
"3736",0.00713605313282932
"3737",1
"3738",1
"3739",0.439513094228766
"3740",0.387020816398501
"3741",0.491766508691752
"3742",1
"3743",0.493396631787128
"3744",0.108881505143855
"3745",0.496909837277663
"3746",0.488717712655493
"3747",1
"3748",0.499435810637298
"3749",1
"3750",1
"3751",1
"3752",1
"3753",1
"3754",0.486079797425713
"3755",0.49359231366207
"3756",1
"3757",1
"3758",1
"3759",1
"3760",1
"3761",0.481568694260634
"3762",0.497476884301947
"3763",1
"3764",0.211960813191236
"3765",1
"3766",0.43336191938318
"3767",1
"3768",0.140346449498739
"3769",1
"3770",1
"3771",0.423377095691819
"3772",1
"3773",1
"3774",0.49873843584319
"3775",0.197673335901765
"3776",0.00524404289423185
"3777",1
"3778",0.497814914058729
"3779",1
"3780",0.183776605157902
"3781",0.0248684875587417
"3782",1
"3783",0.494707587822825
"3784",0.492886217071094
"3785",1
"3786",0.499022795973148
"3787",0.449627810744397
"3788",1
"3789",0.495666462807035
"3790",0.48032593043986
"3791",0.0219329767372612
"3792",1
"3793",0.0917943209740067
"3794",1
"3795",1
"3796",1
"3797",0.471774644115775
"3798",0.495778070560611
"3799",0.49605073742946
"3800",0.0933248617958895
"3801",1
"3802",0.108976209709465
"3803",0.498404235135783
"3804",1
"3805",1
"3806",0.496759013242188
"3807",0.0277993988082193
"3808",1
"3809",1
"3810",1
"3811",0.499435810573157
"3812",1
"3813",1
"3814",0.481689811791367
"3815",0.378164020266286
"3816",1
"3817",0.48264346700781
"3818",1
"3819",1
"3820",0.492863884129133
"3821",1
"3822",0.0143706027642001
"3823",0.356854740200665
"3824",1
"3825",0.123058103265413
"3826",0.494922430838528
"3827",1
"3828",1
"3829",0.0874074073993064
"3830",0.468710732301368
"3831",1
"3832",0.0683582577432523
"3833",0.442123138822797
"3834",1
"3835",0.280659962670257
"3836",0.313791743557448
"3837",0.0485295132569365
"3838",1
"3839",1
"3840",1
"3841",1
"3842",0.49313667607286
"3843",1
"3844",1
"3845",0.0324434678516871
"3846",1
"3847",0.114575615579072
"3848",0.0435872735480367
"3849",0.479658854533727
"3850",0.495931641578342
"3851",0.417919145248115
"3852",0.492558259879022
"3853",0.498307436297116
"3854",1
"3855",0.325200872832134
"3856",0.387488616096046
"3857",1
"3858",1
"3859",0.471729720849179
"3860",1
"3861",0.256326550387461
"3862",0.497743253704645
"3863",0.491575479070163
"3864",0.492081741810225
"3865",1
"3866",1
"3867",1
"3868",1
"3869",1
"3870",1
"3871",1
"3872",0.499435810637298
"3873",0.308906987496822
"3874",1
"3875",1
"3876",1
"3877",1
"3878",0.0119589499003766
"3879",0.000514330494474457
"3880",0.470280249130679
"3881",1
"3882",7.00843844602822e-05
"3883",1
"3884",0.0658264178180826
"3885",1
"3886",0.00261530610906158
"3887",0.468629786521528
"3888",0.477928456169975
"3889",1
"3890",1
"3891",0.120201265860573
"3892",0.299461936951222
"3893",0.183320999990477
"3894",1
"3895",0.474004449969934
"3896",1
"3897",1
"3898",0.00553049558564783
"3899",0.00640545591945109
"3900",0.474200555836124
"3901",1
"3902",0.490661853544402
"3903",1
"3904",1
"3905",0.486403440483068
"3906",1
"3907",1
"3908",1
"3909",0.0853937095196852
"3910",0.49850729819086
"3911",1
"3912",1
"3913",0.10761888889328
"3914",0.00741344508732796
"3915",1
"3916",1
"3917",1
"3918",1
"3919",1
"3920",0.496132171682329
"3921",1
"3922",1
"3923",0.141636289830858
"3924",0.447753469722933
"3925",0.495179679382184
"3926",0.353197733917439
"3927",0.475262156949782
"3928",0.140664973942787
"3929",1
"3930",0.497414576621329
"3931",1
"3932",0.358359561966359
"3933",1
"3934",0.0516860506622624
"3935",1
"3936",1
"3937",1
"3938",1
"3939",1
"3940",1
"3941",1
"3942",1
"3943",0.0114873567538354
"3944",1
"3945",1
"3946",1
"3947",1
"3948",1
"3949",1
"3950",1
"3951",1
"3952",1
"3953",1
"3954",0.494588649575614
"3955",1
"3956",1
"3957",1
"3958",1
"3959",0.476331376571065
"3960",1
"3961",1
"3962",1
"3963",0.497743253704645
"3964",1
"3965",0.106678656891218
"3966",0.468863077493557
"3967",1
"3968",1
"3969",1
"3970",0.496300414517082
"3971",0.454573720837804
"3972",0.327355580069586
"3973",1
"3974",0.452852883834085
"3975",1
"3976",1
"3977",1
"3978",0.486807122003898
"3979",1
"3980",1
"3981",1
"3982",1
"3983",0.481184682706158
"3984",1
"3985",1
"3986",1
"3987",1
"3988",0.489431148108155
"3989",1
"3990",0.0459583190132636
"3991",0.491370232042031
"3992",1
"3993",0.489506677351369
"3994",1
"3995",1
"3996",1
"3997",0.287578420610335
"3998",1
"3999",1
"4000",1
"4001",1
"4002",1
"4003",0.492223675783772
"4004",1
"4005",1
"4006",0.00901410403389901
"4007",0.189750765720118
"4008",0.49781491407529
"4009",0.0457613176997358
"4010",1
"4011",1
"4012",1
"4013",1
"4014",0.487161480033954
"4015",0.494677604008645
"4016",1
"4017",0.438654019818889
"4018",0.499435810637298
"4019",1
"4020",1
"4021",1
"4022",1
"4023",0.43041757473826
"4024",1
"4025",0.48864743626769
"4026",0.475546150947384
"4027",1
"4028",0.492285304364897
"4029",0.0161153669999882
"4030",1
"4031",1
"4032",0.262596909464498
"4033",0.0707680734562655
"4034",1
"4035",1
"4036",1
"4037",1
"4038",1
"4039",1
"4040",1
"4041",0.492665948569628
"4042",1
"4043",0.487835781049121
"4044",0.456258794508258
"4045",0.29171319487272
"4046",0.254665326096926
"4047",1
"4048",0.0363125846561709
"4049",1
"4050",0.469371236463963
"4051",1
"4052",1
"4053",0.494829261841775
"4054",1
"4055",0.345242882302167
"4056",1
"4057",0.458216253338296
"4058",0.0141833807260848
"4059",1
"4060",0.434740891369029
"4061",0.481996180081502
"4062",0.293213146815973
"4063",0.490327111768127
"4064",0.490212658567122
"4065",1
"4066",0.45532329954985
"4067",0.493717710354022
"4068",1
"4069",1
"4070",1
"4071",0.17140238597612
"4072",1
"4073",0.257129364882514
"4074",1
"4075",1
"4076",1
"4077",0.490327111768127
"4078",1
"4079",1
"4080",0.493136676078131
"4081",0.495931641578342
"4082",1
"4083",1
"4084",0.390946202753029
"4085",1
"4086",1
"4087",0.482325844685673
"4088",0.209170679599216
"4089",0.0388316463607903
"4090",1
"4091",1
"4092",0.464565519948286
"4093",1
"4094",1
"4095",0.498738435828847
"4096",1
"4097",0.496909837277663
"4098",1
"4099",1
"4100",0.00695723719491099
"4101",0.258144540669007
"4102",1
"4103",1
"4104",1
"4105",0.218445239533066
"4106",0.492305956977258
"4107",0.285684279832671
"4108",0.399111249912095
"4109",1
"4110",1
"4111",1
"4112",1
"4113",0.49102677205648
"4114",0.22069309388966
"4115",0.495970948963544
"4116",0.499435810589192
"4117",0.499435810637298
"4118",1
"4119",0.0463145779903934
"4120",1
"4121",0.10919265563205
"4122",0.455411703285448
"4123",1
"4124",0.488845327029791
"4125",0.492368250321618
"4126",0.495114097023909
"4127",1
"4128",1
"4129",1
"4130",0.422239221375539
"4131",0.425367475541026
"4132",0.299476469564831
"4133",0.494274297675289
"4134",1
"4135",0.310019057524898
"4136",0.0536955383659636
"4137",1
"4138",0.49433015575436
"4139",1
"4140",0.472793494984019
"4141",1
"4142",1
"4143",0.107055770033098
"4144",0.492326665207834
"4145",0.482634311257732
"4146",0.457794918783677
"4147",1
"4148",0.469062256942387
"4149",1
"4150",0.458573230005982
"4151",1
"4152",0.0395896910141277
"4153",0.469423039025259
"4154",1
"4155",1
"4156",1
"4157",0.482236141214935
"4158",0.14340769412048
"4159",0.115146080624323
"4160",1
"4161",1
"4162",0.459479629127581
"4163",1
"4164",0.497889005714012
"4165",1
"4166",0.493420773617191
"4167",1
"4168",1
"4169",1
"4170",0.498871622338833
"4171",0.491747206632084
"4172",0.190704428855893
"4173",1
"4174",0.459037388767467
"4175",1
"4176",1
"4177",0.489955951381791
"4178",0.494588649568927
"4179",0.49552197804919
"4180",0.405410962284638
"4181",0.0709812823432807
"4182",0.0540476301107542
"4183",1
"4184",0.00617362981194512
"4185",1
"4186",1
"4187",1
"4188",0.489431148108155
"4189",0.00726641256490058
"4190",1
"4191",1
"4192",1
"4193",1
"4194",0.0109193522824511
"4195",0.497014617206646
"4196",1
"4197",0.44921689017492
"4198",0.0996042297960605
"4199",1
"4200",1
"4201",0.499435810605228
"4202",0.487323549894365
"4203",0.421486976860181
"4204",1
"4205",1
"4206",1
"4207",1
"4208",1
"4209",1
"4210",0.453798950352663
"4211",0.426207625730092
"4212",1
"4213",1
"4214",1
"4215",1
"4216",1
"4217",0.00566681751225971
"4218",1
"4219",0.497606360682458
"4220",1
"4221",0.48246126237759
"4222",0.495212807526562
"4223",0.31645023585413
"4224",0.495451456704326
"4225",0.000293079008624167
"4226",0.497889005731154
"4227",1
"4228",0.489431148108155
"4229",1
"4230",0.499435810573157
"4231",0.345433681583768
"4232",0.49656821106572
"4233",1
"4234",0.443905564475634
"4235",1
"4236",0.490833810942989
"4237",1
"4238",1
"4239",1
"4240",0.0242270743343227
"4241",1
"4242",1
"4243",0.0281373817830759
"4244",1
"4245",1
"4246",0.498215881833162
"4247",0.417475713293175
"4248",1
"4249",1
"4250",0.0408830156700401
"4251",1
"4252",1
"4253",1
"4254",0.499202115972127
"4255",0.431483791288641
"4256",1
"4257",0.495179679382184
"4258",0.475274994643504
"4259",0.389973302397
"4260",0.462584167702584
"4261",4.06846373085355e-05
"4262",0.499435810637298
"4263",0.204329268251857
"4264",1
"4265",0.362644119849803
"4266",1
"4267",0.491080122755737
"4268",0.0121122710967477
"4269",0.387853661952085
"4270",0.469031529892152
"4271",0.489924323224882
"4272",1
"4273",1
"4274",1
"4275",0.0186876944013355
"4276",1
"4277",0.489877066420273
"4278",1
"4279",0.491407184796202
"4280",1
"4281",0.499202115836064
"4282",0.325604212149848
"4283",1
"4284",1
"4285",1
"4286",1
"4287",1
"4288",0.462348111802358
"4289",1
"4290",1
"4291",1
"4292",0.254128474227604
"4293",1
"4294",1
"4295",0.483526870639277
"4296",0.485785878986749
"4297",0.0245534374592146
"4298",0.482470327514284
"4299",1
"4300",0.497414576621329
"4301",1
"4302",1
"4303",1
"4304",1
"4305",1
"4306",1
"4307",1
"4308",1
"4309",0.487260970990478
"4310",0.409284404875051
"4311",0.498128801694501
"4312",0.00332702990539582
"4313",1
"4314",1
"4315",0.432486566533912
"4316",1
"4317",1
"4318",0.0433185643234065
"4319",1
"4320",0.200398803096091
"4321",0.464387256806991
"4322",1
"4323",0.38810270300497
"4324",1
"4325",0.0991257870519596
"4326",1
"4327",0.461500576898605
"4328",0.392849179889781
"4329",0.499202115972127
"4330",0.481474087557552
"4331",0.485674441726037
"4332",1
"4333",0.48962866922862
"4334",0.423679607147454
"4335",1
"4336",1
"4337",1
"4338",0.491556613954997
"4339",1
"4340",1
"4341",0.43530874855588
"4342",1
"4343",0.464969963891435
"4344",0.496343684787488
"4345",1
"4346",0.208403942549238
"4347",1
"4348",0.487654079318074
"4349",0.000129450068696493
"4350",1
"4351",1
"4352",0.00864481830697954
"4353",0.458760556678927
"4354",0.000743351123722398
"4355",1
"4356",0.466025638300051
"4357",0.487513170736958
"4358",1
"4359",0.490816470207944
"4360",0.488816842300938
"4361",1
"4362",1
"4363",0.496132171682329
"4364",1
"4365",0.491942308861352
"4366",1
"4367",1
"4368",0.1921765868969
"4369",0.259253004784296
"4370",0.420531372961756
"4371",1
"4372",1
"4373",1
"4374",0.233534844875754
"4375",1
"4376",0.0121375601558232
"4377",1
"4378",1
"4379",0.481252374861615
"4380",1
"4381",0.492709469636469
"4382",0.478667696119935
"4383",1
"4384",1
"4385",0.355988641568843
"4386",0.490661853544402
"4387",0.499435810509016
"4388",0.494707587822825
"4389",0.488549774709852
"4390",0.488605478700876
"4391",1
"4392",1
"4393",0.493923727172093
"4394",1
"4395",1
"4396",0.496568211055176
"4397",1
"4398",1
"4399",0.390985040962948
"4400",0.162944114740015
"4401",1
"4402",1
"4403",1
"4404",1
"4405",1
"4406",1
"4407",1
"4408",0.376224867514351
"4409",1
"4410",1
"4411",1
"4412",0.490409700952964
"4413",0.0714882601683074
"4414",1
"4415",0.28733954120188
"4416",0.482939051699495
"4417",1
"4418",1
"4419",0.366854087968676
"4420",0.487927658710105
"4421",0.461340689592288
"4422",1
"4423",0.495931641524977
"4424",0.417766665158313
"4425",0.143668607472123
"4426",1
"4427",0.120327246145865
"4428",0.495081633845768
"4429",1
"4430",1
"4431",0.395618898980667
"4432",1
"4433",0.497965794318215
"4434",1
"4435",1
"4436",1
"4437",1
"4438",1
"4439",1
"4440",1
"4441",1
"4442",0.493567527755961
"4443",0.456096676638365
"4444",0.0108347909351375
"4445",1
"4446",0.475507229606371
"4447",1
"4448",0.384121960020169
"4449",0.289215511573292
"4450",0.11715936979775
"4451",1
"4452",1
"4453",1
"4454",0.467782398736957
"4455",1
"4456",0.000252428412000483
"4457",0.242012728906534
"4458",0.131645487975996
"4459",1
"4460",0.491351814897559
"4461",1
"4462",1
"4463",1
"4464",0.472875263113887
"4465",0.418374602966634
"4466",0.494768071025128
"4467",0.381267990220629
"4468",0.0601351273724335
"4469",1
"4470",1
"4471",0.0237609475492655
"4472",1
"4473",1
"4474",0.275875401152005
"4475",1
"4476",0.326668842503126
"4477",0.440140864041977
"4478",0.163857764514827
"4479",1
"4480",0.496387473363878
"4481",0.269049616466077
"4482",0.492644284640651
"4483",1
"4484",0.361201451407574
"4485",1
"4486",0.498618026167807
"4487",0.483779728806881
"4488",0.440119916350642
"4489",1
"4490",0.490730253436134
"4491",1
"4492",1
"4493",1
"4494",0.16972651136545
"4495",1
"4496",0.478438094164755
"4497",1
"4498",0.495049383558065
"4499",1
"4500",0.479088875019283
"4501",1
"4502",1
"4503",1
"4504",1
"4505",1
"4506",1
"4507",0.485055134721861
"4508",1
"4509",0.0126155695649816
"4510",0.499435810637298
"4511",1
"4512",0.485055134726699
"4513",1
"4514",0.492953640776399
"4515",0.287714751569082
"4516",1
"4517",1
"4518",0.347051254629373
"4519",0.498045597772468
"4520",0.0123241027826995
"4521",0.496614903124198
"4522",1
"4523",0.495017342063304
"4524",0.17899500767729
"4525",0.189004333911831
"4526",0.000474748982115544
"4527",1
"4528",1
"4529",0.0133046509530326
"4530",0.497673799946682
"4531",0.487361246167498
"4532",1
"4533",1
"4534",1
"4535",1
"4536",0.499435810573157
"4537",1
"4538",0.493518240381267
"4539",0.494530150429589
"4540",1
"4541",0.489090452802026
"4542",1
"4543",1
"4544",1
"4545",0.49026154509571
"4546",1
"4547",1
"4548",0.272687550312251
"4549",0.480317855635931
"4550",0.495114097031315
"4551",1
"4552",1
"4553",1
"4554",1
"4555",1
"4556",0.249930387957872
"4557",1
"4558",1
"4559",1
"4560",1
"4561",0.00108854174691198
"4562",1
"4563",0.117576184107639
"4564",1
"4565",0.489845684172658
"4566",1
"4567",1
"4568",1
"4569",0.447384400337604
"4570",1
"4571",0.0536748657803571
"4572",1
"4573",1
"4574",1
"4575",1
"4576",1
"4577",1
"4578",1
"4579",0.486310189031985
"4580",1
"4581",0.460651427471927
"4582",1
"4583",1
"4584",1
"4585",1
"4586",1
"4587",1
"4588",1
"4589",1
"4590",0.487835781049121
"4591",0.173915548893996
"4592",1
"4593",1
"4594",0.13097044875203
"4595",0.438958667029254
"4596",0.304287235903888
"4597",0.441519046828983
"4598",1
"4599",0.010435799954614
"4600",0.437131225506458
"4601",1
"4602",0.232206073690691
"4603",1
"4604",0.497414576621329
"4605",1
"4606",0.486194511846547
"4607",0.299903196668684
"4608",0.456352741521317
"4609",0.124322584981646
"4610",1
"4611",1
"4612",1
"4613",0.167054469778922
"4614",1
"4615",0.483098188699424
"4616",1
"4617",1
"4618",1
"4619",1
"4620",1
"4621",0.447877087103702
"4622",1
"4623",1
"4624",1
"4625",1
"4626",0.0431556459433892
"4627",1
"4628",1
"4629",0.475178874625769
"4630",1
"4631",1
"4632",0.0488444644965366
"4633",1
"4634",0.444031704861058
"4635",1
"4636",1
"4637",0.495212807519004
"4638",0.0328325775882325
"4639",0.461181469088684
"4640",1
"4641",1
"4642",1
"4643",1
"4644",1
"4645",0.0874502784922211
"4646",1
"4647",0.0177335602144257
"4648",0.494330155741597
"4649",0.102484634484061
"4650",0.482049226818843
"4651",1
"4652",1
"4653",0.101379289823691
"4654",1
"4655",0.422936742032998
"4656",0.465663953178019
"4657",1
"4658",0.471561894860633
"4659",0.490991380575606
"4660",1
"4661",1
"4662",1
"4663",1
"4664",0.379112835493616
"4665",0.0185263477694281
"4666",1
"4667",0.493949972673969
"4668",0.492841620891502
"4669",1
"4670",1
"4671",1
"4672",0.467664571519307
"4673",0.477957259640384
"4674",1
"4675",1
"4676",0.284407880147415
"4677",1
"4678",0.450651252678437
"4679",0.292930717645972
"4680",0.320273304402408
"4681",1
"4682",0.482245091116661
"4683",0.463245535151055
"4684",0.482013844891318
"4685",1
"4686",0.483662537643761
"4687",1
"4688",1
"4689",1
"4690",1
"4691",0.476097736921244
"4692",0.491080122747626
"4693",1
"4694",0.49359231366207
"4695",1
"4696",0.170218101301413
"4697",0.490764643485431
"4698",1
"4699",1
"4700",1
"4701",0.0012555184282496
"4702",1
"4703",1
"4704",0.498045597772468
"4705",1
"4706",0.0146460658250727
"4707",1
"4708",1
"4709",1
"4710",1
"4711",1
"4712",0.49850729819086
"4713",1
"4714",0.487888197124213
"4715",0.192135755468182
"4716",1
"4717",1
"4718",1
"4719",1
"4720",1
"4721",1
"4722",1
"4723",1
"4724",1
"4725",1
"4726",1
"4727",0.482533915556691
"4728",0.496215357977121
"4729",0.0452329338498123
"4730",0.308480515688904
"4731",1
"4732",1
"4733",0.269052833007875
"4734",1
"4735",1
"4736",1
"4737",0.482799862318138
"4738",1
"4739",1
"4740",0.494472270496801
"4741",1
"4742",0.460796364482534
"4743",0.493277223405006
"4744",1
"4745",0.0574272077717902
"4746",0.0579133500616633
"4747",0.364877884865305
"4748",1
"4749",0.0611740319002338
"4750",1
"4751",0.478014980269457
"4752",1
"4753",0.498738435857532
"4754",1
"4755",0.284029206305347
"4756",1
"4757",1
"4758",1
"4759",0.497743253704645
"4760",1
"4761",0.499435810637298
"4762",0.237527443514874
"4763",0.484583803547109
"4764",1
"4765",1
"4766",1
"4767",0.494798576422356
"4768",0.412132399180768
"4769",1
"4770",1
"4771",1
"4772",0.488411687403472
"4773",0.492841620891502
"4774",0.491407184804623
"4775",0.0167539994252447
"4776",1
"4777",1
"4778",1
"4779",0.273968486419083
"4780",0.492368250316878
"4781",1
"4782",1
"4783",1
"4784",0.488194110456341
"4785",1
"4786",0.00700840885727637
"4787",1
"4788",1
"4789",0.49441499051919
"4790",1
"4791",0.172117163818745
"4792",1
"4793",0.486603758307502
"4794",0.496010643699475
"4795",0.440680248914944
"4796",1
"4797",0.42925788402718
"4798",1
"4799",1
"4800",0.429890794306511
"4801",1
"4802",0.496091242449932
"4803",0.160243747224071
"4804",1
"4805",1
"4806",1
"4807",0.452672643472478
"4808",1
"4809",0.144205508193317
"4810",1
"4811",1
"4812",1
"4813",1
"4814",1
"4815",0.314444634772602
"4816",0.497068411310433
"4817",1
"4818",1
"4819",0.000302046579409301
"4820",0.0214471875649449
"4821",1
"4822",0.423253609983792
"4823",1
"4824",0.394438737602884
"4825",0.486022793840974
"4826",1
"4827",1
"4828",1
"4829",1
"4830",0.0305219749838253
"4831",1
"4832",0.480958003435248
"4833",0.479126895103543
"4834",1
"4835",0.493871573452723
"4836",0.0374241588721509
"4837",1
"4838",1
"4839",1
"4840",1
"4841",0.495486579623822
"4842",0.132051436196088
"4843",0.488974419925029
"4844",1
"4845",0.249282894102007
"4846",0.162350564573586
"4847",1
"4848",0.463060858413158
"4849",0.495815934770857
"4850",1
"4851",1
"4852",1
"4853",1
"4854",1
"4855",0.451504719303104
"4856",1
"4857",0.0542792380270157
"4858",1
"4859",0.47229080624432
"4860",1
"4861",0.491370232037839
"4862",1
"4863",1
"4864",0.0156590198699961
"4865",0.0223429835678304
"4866",0.499435810637298
"4867",0.496132171682329
"4868",1
"4869",0.491556613954997
"4870",1
"4871",0.0135944936476344
"4872",1
"4873",1
"4874",0.443423313352643
"4875",1
"4876",0.138976850874391
"4877",1
"4878",1
"4879",0.497606360682458
"4880",0.00211245616589669
"4881",0.317852293255526
"4882",0.283653881123486
"4883",1
"4884",1
"4885",0.465765576238152
"4886",1
"4887",0.497889005714012
"4888",1
"4889",0.462067640796149
"4890",1
"4891",1
"4892",1
"4893",0.44471228481279
"4894",1
"4895",1
"4896",1
"4897",1
"4898",1
"4899",1
"4900",1
"4901",0.489955951381791
"4902",1
"4903",1
"4904",0.499022795936116
"4905",0.492431056573264
"4906",1
"4907",1
"4908",0.413496829437088
"4909",1
"4910",1
"4911",0.490851184568923
"4912",0.0864042106314679
"4913",1
"4914",0.163409149740894
"4915",1
"4916",0.253513934841492
"4917",0.0307856813507692
"4918",0.32778728615306
"4919",1
"4920",0.193814928598584
"4921",1
"4922",1
"4923",1
"4924",1
"4925",0.497236068906092
"4926",1
"4927",0.136756017730086
"4928",0.49656821106572
"4929",1
"4930",0.0998447409191197
"4931",1
"4932",1
"4933",1
"4934",1
"4935",0.184894114770319
"4936",0.496522145888114
"4937",0.490035461350517
"4938",1
"4939",0.153017080605053
"4940",0.485752356136153
"4941",0.014173226967723
"4942",1
"4943",0.436635318304805
"4944",1
"4945",1
"4946",0.440498137480468
"4947",0.487564225245415
"4948",1
"4949",1
"4950",1
"4951",0.493113530501102
"4952",1
"4953",0.159047397051632
"4954",0.477115918388182
"4955",1
"4956",0.417964382125495
"4957",1
"4958",0.285850705157592
"4959",1
"4960",0.493518240386849
"4961",1
"4962",1
"4963",1
"4964",1
"4965",1
"4966",1
"4967",1
"4968",1
"4969",0.486819182428238
"4970",1
"4971",1
"4972",1
"4973",1
"4974",1
"4975",1
"4976",0.478276628681617
"4977",1
"4978",1
"4979",1
"4980",1
"4981",1
"4982",1
"4983",0.0627791802357218
"4984",1
"4985",1
"4986",1
"4987",1
"4988",1
"4989",1
"4990",0.484959684517373
"4991",0.495246166570801
"4992",0.49706841133512
"4993",1
"4994",0.461104139222069
"4995",1
"4996",1
"4997",1
"4998",0.00260112896356689
"4999",0.40301593178091
"5000",0.491370232046223
"5001",0.0620832394029038
"5002",1
"5003",0.49552197804919
"5004",1
"5005",1
"5006",0.0409278943727959
"5007",0.0904098555008104
"5008",1
"5009",1
"5010",1
"5011",0.48861944735343
"5012",1
"5013",0.0303109196803166
"5014",0.0927733484882451
"5015",0.432518948125924
"5016",0.0464504090163294
"5017",1
"5018",1
"5019",1
"5020",1
"5021",1
"5022",1
"5023",1
"5024",1
"5025",0.407106843734305
"5026",1
"5027",0.493372577927645
"5028",1
"5029",0.495931641596131
"5030",1
"5031",0.497123211227368
"5032",0.397379982224738
"5033",0.495081633831054
"5034",1
"5035",0.465142152754599
"5036",0.495049383558065
"5037",1
"5038",0.0260798981897261
"5039",0.0853939375276635
"5040",1
"5041",1
"5042",1
"5043",1
"5044",1
"5045",1
"5046",1
"5047",1
"5048",0.0543259100390827
"5049",1
"5050",0.49531359712394
"5051",1
"5052",0.43163197758833
"5053",1
"5054",0.485097753650191
"5055",0.286343283325826
"5056",1
"5057",1
"5058",1
"5059",1
"5060",0.405633127840463
"5061",1
"5062",0.0226197608603178
"5063",0.485454132537663
"5064",0.073808332153735
"5065",0.487705719727582
"5066",1
"5067",1
"5068",1
"5069",0.21493401351922
"5070",1
"5071",1
"5072",1
"5073",1
"5074",0.0148662193303083
"5075",0.374618091931259
"5076",0.183796372784615
"5077",1
"5078",0.396706342582278
"5079",1
"5080",0.472642292289143
"5081",1
"5082",1
"5083",0.490991380579622
"5084",0.233307634009463
"5085",1
"5086",1
"5087",1
"5088",0.0167595822349119
"5089",1
"5090",0.446445217492794
"5091",0.492473218699387
"5092",0.482995047233836
"5093",1
"5094",0.475767891964219
"5095",0.272915216800263
"5096",1
"5097",1
"5098",1
"5099",1
"5100",1
"5101",1
"5102",1
"5103",0.482799862316037
"5104",1
"5105",0.498738435857532
"5106",1
"5107",1
"5108",0.489567494821394
"5109",0.00231784266556269
"5110",1
"5111",1
"5112",1
"5113",1
"5114",0.389871733386651
"5115",0.0110161782339784
"5116",0.488845327033034
"5117",0.48750043973612
"5118",0.473270066190923
"5119",1
"5120",0.491205867112982
"5121",1
"5122",1
"5123",0.492431056573264
"5124",0.491556613963566
"5125",0.488902516062733
"5126",0.0131171474076614
"5127",0.381879023727272
"5128",1
"5129",0.490115611412767
"5130",1
"5131",1
"5132",1
"5133",1
"5134",0.499435810509016
"5135",1
"5136",0.138059632940352
"5137",0.00940150511012933
"5138",0.0352684051522527
"5139",0.160929664943663
"5140",0.492998950781244
"5141",1
"5142",0.403669386186619
"5143",0.0393711415240947
"5144",1
"5145",1
"5146",1
"5147",0.492731327906282
"5148",0.491370232037839
"5149",0.431097794106064
"5150",1
"5151",0.488086813745293
"5152",0.0630565958392747
"5153",0.499202115972127
"5154",1
"5155",0.461463620212182
"5156",0.367078977780465
"5157",1
"5158",0.480701035021196
"5159",0.39258935277944
"5160",0.12112765702221
"5161",0.454255311842984
"5162",0.49394997267995
"5163",1
"5164",1
"5165",0.392898682090182
"5166",0.427290830978908
"5167",1
"5168",0.497236068912639
"5169",0.245066109472726
"5170",1
"5171",1
"5172",1
"5173",0.460727854482613
"5174",0.479013042259445
"5175",1
"5176",1
"5177",0.0343497701272875
"5178",1
"5179",0.493692431522228
"5180",0.300992644009188
"5181",1
"5182",1
"5183",1
"5184",1
"5185",0.264503152022339
"5186",1
"5187",1
"5188",1
"5189",0.491169757320304
"5190",0.477367127968067
"5191",1
"5192",1
"5193",0.48054522100876
"5194",0.467955013498891
"5195",0.469573769114763
"5196",0.385789476172564
"5197",0.495521978065351
"5198",0.0843873080106915
"5199",0.463884085067509
"5200",0.16238948000285
"5201",1
"5202",1
"5203",1
"5204",1
"5205",1
"5206",1
"5207",1
"5208",1
"5209",1
"5210",1
"5211",1
"5212",1
"5213",1
"5214",0.48787507183742
"5215",0.498307436329186
"5216",1
"5217",0.00873023472643687
"5218",0.192348528085589
"5219",0.0760384436957837
"5220",0.496010643681334
"5221",0.496858757800585
"5222",0.0350412277664917
"5223",1
"5224",1
"5225",1
"5226",1
"5227",0.494082946688068
"5228",1
"5229",1
"5230",0.236878436055585
"5231",0.0377423638367181
"5232",0.0870339568927551
"5233",1
"5234",0.489971802891973
"5235",1
"5236",0.294030685973369
"5237",1
"5238",0.0219275225772422
"5239",1
"5240",1
"5241",1
"5242",0.213041942007728
"5243",0.40131223628012
"5244",1
"5245",1
"5246",0.486194511846547
"5247",1
"5248",0.155860010811997
"5249",1
"5250",0.00449757887395558
"5251",0.489971802902794
"5252",1
"5253",0.0412365177365777
"5254",1
"5255",1
"5256",0.00331110841270647
"5257",1
"5258",0.0426935583925398
"5259",0.428404222705873
"5260",1
"5261",1
"5262",1
"5263",1
"5264",0.49943581076558
"5265",1
"5266",0.483430647249145
"5267",0.350127848945602
"5268",0.492908620386152
"5269",1
"5270",1
"5271",0.459320016408506
"5272",0.450371149140234
"5273",1
"5274",0.488140340615287
"5275",0.193629370425923
"5276",0.0111378959208165
"5277",1
"5278",1
"5279",0.462218079710991
"5280",0.341219151927778
"5281",0.491425720941768
"5282",1
"5283",1
"5284",0.476614839835646
"5285",1
"5286",1
"5287",0.49376857578192
"5288",1
"5289",1
"5290",0.490426304350939
"5291",0.491689569584677
"5292",1
"5293",1
"5294",1
"5295",0.440680248916146
"5296",0.49253690869503
"5297",0.483154714499316
"5298",0.210730097025684
"5299",1
"5300",1
"5301",1
"5302",0.476519970077354
"5303",1
"5304",1
"5305",0.498618026141622
"5306",0.497476884301947
"5307",1
"5308",0.108634070630461
"5309",0.477950055226073
"5310",0.49788900578258
"5311",0.483211431070547
"5312",1
"5313",0.495557658582751
"5314",0.49374309136644
"5315",0.490147854163404
"5316",1
"5317",1
"5318",1
"5319",1
"5320",0.0192806305207175
"5321",1
"5322",1
"5323",1
"5324",1
"5325",1
"5326",1
"5327",0.428497822780883
"5328",1
"5329",1
"5330",1
"5331",1
"5332",1
"5333",0.496091242449932
"5334",0.448155569921384
"5335",1
"5336",1
"5337",1
"5338",0.49873843584319
"5339",0.497294262550829
"5340",1
"5341",0.456810964631289
"5342",1
"5343",1
"5344",0.469872246577288
"5345",0.494677604015443
"5346",0.46455658526928
"5347",1
"5348",0.470413936527989
"5349",1
"5350",1
"5351",0.455817104287435
"5352",1
"5353",1
"5354",0.489032282763284
"5355",1
"5356",0.497889005731154
"5357",0.494677604022241
"5358",1
"5359",1
"5360",1
"5361",1
"5362",0.493819859976165
"5363",1
"5364",1
"5365",1
"5366",0.0756127265315772
"5367",0.031511262794655
"5368",0.129476476922257
"5369",1
"5370",0.20807782676164
"5371",0.198078515094634
"5372",0.464307331943402
"5373",1
"5374",1
"5375",0.259154214810155
"5376",0.49943581076558
"5377",1
"5378",1
"5379",0.440490232612093
"5380",0.00044597814307323
"5381",1
"5382",1
"5383",0.0118610678372724
"5384",1
"5385",0.462787707281868
"5386",0.480471849658468
"5387",0.182794612727004
"5388",0.491080122747626
"5389",1
"5390",0.48723602544842
"5391",1
"5392",1
"5393",0.478423365360085
"5394",1
"5395",1
"5396",0.495246166578413
"5397",1
"5398",0.498215881812879
"5399",0.245665535434879
"5400",0.44065382028914
"5401",0.489163604904217
"5402",1
"5403",1
"5404",1
"5405",0.493113530495848
"5406",1
"5407",0.275241668678162
"5408",1
"5409",0.486356734964132
"5410",0.492863884129133
"5411",1
"5412",1
"5413",1
"5414",0.480577919754898
"5415",0.495778070569181
"5416",0.048003883892347
"5417",0.467885855289877
"5418",1
"5419",1
"5420",1
"5421",1
"5422",1
"5423",0.473270066192273
"5424",0.486544531247651
"5425",1
"5426",0.0129738544727521
"5427",0.497743253704645
"5428",1
"5429",0.492264706920585
"5430",0.474522465213835
"5431",1
"5432",0.489582754705021
"5433",0.483183048819105
"5434",0.0111488272138744
"5435",0.0211018286468549
"5436",1
"5437",1
"5438",1
"5439",1
"5440",1
"5441",1
"5442",1
"5443",0.485864408675606
"5444",0.211981108188145
"5445",0.00774207418626209
"5446",1
"5447",0.136414879849246
"5448",1
"5449",0.181745201102336
"5450",1
"5451",0.299195986608798
"5452",0.270318616813869
"5453",0.471864707275155
"5454",1
"5455",1
"5456",0.320931466501896
"5457",1
"5458",1
"5459",0.114707553915291
"5460",0.499435810605228
"5461",1
"5462",1
"5463",0.493845662376979
"5464",1
"5465",0.498045597772468
"5466",1
"5467",1
"5468",0.236723412079331
"5469",1
"5470",1
"5471",0.00048312565698313
"5472",1
"5473",0.495313597131661
"5474",1
"5475",0.492494388617705
"5476",0.495703343217291
"5477",0.497889005748296
"5478",0.426689813099658
"5479",0.0100404025799017
"5480",0.434358798119256
"5481",0.498404235135783
"5482",0.472006014901239
"5483",0.482254045540001
"5484",0.427267289687863
"5485",1
"5486",0.428609002877032
"5487",0.479226074147985
"5488",1
"5489",1
"5490",0.489148934988413
"5491",1
"5492",0.00799399723732499
"5493",1
"5494",0.499435810637298
"5495",1
"5496",0.447429266846046
"5497",1
"5498",0.492841620886448
"5499",0.482799862324442
"5500",0.452806087507241
"5501",1
"5502",0.423661298918569
"5503",1
"5504",0.498618026141622
"5505",1
"5506",1
"5507",1
"5508",1
"5509",1
"5510",0.125504061796566
"5511",0.463487460739153
"5512",1
"5513",0.0503589730794302
"5514",0.116963432613543
"5515",1
"5516",0.279504782196122
"5517",0.399510841713358
"5518",0.129165236715637
"5519",0.119729841017166
"5520",1
"5521",0.496173538748663
"5522",0.441715208581897
"5523",1
"5524",0.477592799866597
"5525",0.484532321673547
"5526",0.482137989080523
"5527",0.337484720405749
"5528",1
"5529",0.385469825643666
"5530",0.291193985235366
"5531",1
"5532",0.487822712328512
"5533",0.499022795973148
"5534",0.0186186444340386
"5535",0.461157032287487
"5536",0.138369801970969
"5537",0.474311526978136
"5538",0.479410433585171
"5539",1
"5540",1
"5541",1
"5542",1
"5543",1
"5544",1
"5545",0.497294262550829
"5546",1
"5547",0.0588049780483932
"5548",1
"5549",1
"5550",1
"5551",1
"5552",0.489266856230996
"5553",0.12536694009877
"5554",0.473550555756302
"5555",1
"5556",1
"5557",1
"5558",0.0805662270616652
"5559",0.463844662453755
"5560",1
"5561",1
"5562",0.00514346752527048
"5563",1
"5564",0.475313547983375
"5565",0.41688588602514
"5566",1
"5567",0.0848677396046088
"5568",1
"5569",0.497476884301947
"5570",0.497743253672575
"5571",1
"5572",0.0548696373675506
"5573",1
"5574",1
"5575",0.384632675413834
"5576",0.49413698092167
"5577",1
"5578",0.463301552702586
"5579",1
"5580",1
"5581",1
"5582",1
"5583",1
"5584",0.436099311600064
"5585",1
"5586",1
"5587",1
"5588",1
"5589",1
"5590",0.150451266626387
"5591",1
"5592",0.443049903232853
"5593",1
"5594",1
"5595",0.435779441863833
"5596",0.299955550078261
"5597",0.493206586119851
"5598",1
"5599",1
"5600",1
"5601",0.490991380579622
"5602",1
"5603",1
"5604",1
"5605",1
"5606",0.495931641560554
"5607",1
"5608",1
"5609",0.450791914739656
"5610",1
"5611",1
"5612",0.489003313253949
"5613",0.488261669522272
"5614",0.381761095300026
"5615",1
"5616",1
"5617",0.456165052086873
"5618",1
"5619",0.495892710405219
"5620",1
"5621",1
"5622",0.278141772958706
"5623",1
"5624",1
"5625",0.490695990587884
"5626",0.0356347768124233
"5627",0.417075787678225
"5628",0.484389077418069
"5629",1
"5630",0.499202115836064
"5631",0.491462914046394
"5632",0.0969159092008673
"5633",0.492665948569628
"5634",1
"5635",0.496522145877709
"5636",0.429609014521277
"5637",1
"5638",0.483760138090004
"5639",1
"5640",0.481379962905377
"5641",1
"5642",0.49311353051161
"5643",0.439507912615802
"5644",0.452357240134824
"5645",1
"5646",1
"5647",0.49109797740843
"5648",1
"5649",0.244171756173902
"5650",0.0296109542325769
"5651",1
"5652",0.493845662371099
"5653",1
"5654",0.190765345644216
"5655",0.483183048819105
"5656",0.23082979806262
"5657",1
"5658",1
"5659",1
"5660",0.0242417042665011
"5661",0.0621068773754114
"5662",1
"5663",1
"5664",1
"5665",0.499435810509016
"5666",0.124045479146671
"5667",0.431737050046682
"5668",0.495666462807035
"5669",1
"5670",0.367451068857733
"5671",1
"5672",1
"5673",1
"5674",1
"5675",1
"5676",1
"5677",1
"5678",0.482334840150704
"5679",1
"5680",0.469402307395869
"5681",1
"5682",0.486723006204569
"5683",1
"5684",1
"5685",0.406116702051319
"5686",0.474937028867465
"5687",1
"5688",1
"5689",1
"5690",1
"5691",0.473803761998504
"5692",0.0528440872095306
"5693",0.492731327911259
"5694",0.208387336106042
"5695",0.258346322512215
"5696",1
"5697",1
"5698",0.476798903459531
"5699",0.353848579555019
"5700",0.489924323210522
"5701",0.149777967923724
"5702",0.47728308143927
"5703",0.485819481235248
"5704",0.127105150520373
"5705",0.489491528031806
"5706",1
"5707",1
"5708",0.395151458142576
"5709",1
"5710",0.489659392268441
"5711",1
"5712",0.481655124956976
"5713",0.485707781515755
"5714",0.490067443703584
"5715",1
"5716",0.489090452802026
"5717",1
"5718",1
"5719",1
"5720",1
"5721",0.485194095607398
"5722",0.0658497783510838
"5723",0.261492169270807
"5724",1
"5725",0.163226893985359
"5726",0.00554621217713957
"5727",1
"5728",1
"5729",0.483957124160659
"5730",0.45047281788152
"5731",0.487236025454087
"5732",1
"5733",0.483897774754081
"5734",0.182636871457306
"5735",1
"5736",1
"5737",0.204060115724383
"5738",1
"5739",1
"5740",0.0376829961246319
"5741",0.382315112302166
"5742",1
"5743",1
"5744",1
"5745",1
"5746",0.484885862994879
"5747",0.0471209843667248
"5748",0.489090452802026
"5749",1
"5750",0.11150051436601
"5751",1
"5752",1
"5753",0.499202116017481
"5754",1
"5755",0.103123816690555
"5756",0.48873182057628
"5757",1
"5758",0.499435810509016
"5759",1
"5760",1
"5761",1
"5762",1
"5763",0.0151818828402229
"5764",0.362494790176231
"5765",1
"5766",0.144232890861262
"5767",0.0671163363423065
"5768",0.0548067100822905
"5769",1
"5770",0.458174681512714
"5771",0.318904919719756
"5772",1
"5773",0.0871300345971857
"5774",0.402545806289497
"5775",0.287585112451329
"5776",1
"5777",0.489955951381791
"5778",1
"5779",1
"5780",1
"5781",0.00160382650179297
"5782",0.437731703973482
"5783",1
"5784",0.497414576635325
"5785",1
"5786",1
"5787",0.489971802906401
"5788",0.472108202611305
"5789",1
"5790",1
"5791",0.49441499051919
"5792",0.496522145877709
"5793",1
"5794",0.195131245642841
"5795",1
"5796",1
"5797",1
"5798",1
"5799",1
"5800",1
"5801",0.459620304305629
"5802",0.49943581076558
"5803",0.0656775528108963
"5804",1
"5805",0.122744006001454
"5806",1
"5807",0.454894416948038
"5808",0.10556433488244
"5809",0.494472270490255
"5810",1
"5811",0.137953201597136
"5812",0.495347678951485
"5813",1
"5814",1
"5815",0.476867448532631
"5816",0.154511596507069
"5817",1
"5818",1
"5819",0.482976361538074
"5820",1
"5821",1
"5822",1
"5823",0.276291529597049
"5824",0.481890554018859
"5825",1
"5826",0.458023863405189
"5827",1
"5828",1
"5829",1
"5830",1
"5831",1
"5832",1
"5833",0.385058247912862
"5834",1
"5835",0.201424780460226
"5836",1
"5837",0.496710274955506
"5838",1
"5839",0.22187116809884
"5840",1
"5841",0.0338343551114844
"5842",1
"5843",1
"5844",0.494922430838528
"5845",1
"5846",1
"5847",1
"5848",0.472875263111227
"5849",1
"5850",0.230854186649727
"5851",1
"5852",0.480941319949238
"5853",1
"5854",0.498045597772468
"5855",1
"5856",1
"5857",0.0345977928997801
"5858",0.13286685298562
"5859",0.482753716104544
"5860",1
"5861",1
"5862",0.0461909678159649
"5863",1
"5864",0.485707781515755
"5865",1
"5866",0.0917840363214422
"5867",1
"5868",0.496614903124198
"5869",1
"5870",1
"5871",1
"5872",1
"5873",0.483976956253892
"5874",1
"5875",1
"5876",0.347942578642099
"5877",0.49552197804919
"5878",1
"5879",0.494860130479461
"5880",1
"5881",1
"5882",1
"5883",0.111383417695382
"5884",1
"5885",1
"5886",1
"5887",1
"5888",0.493090462492661
"5889",0.490956127685349
"5890",0.285608040037962
"5891",0.48733610283237
"5892",0.47017373383571
"5893",1
"5894",1
"5895",1
"5896",1
"5897",0.421392246289367
"5898",1
"5899",0.439365597196553
"5900",1
"5901",0.102051290851667
"5902",1
"5903",0.00495822531774928
"5904",1
"5905",0.187428874578462
"5906",0.154992697859883
"5907",1
"5908",1
"5909",0.459188134687135
"5910",1
"5911",0.307778422133192
"5912",0.357076567751669
"5913",1
"5914",0.0584436174184582
"5915",1
"5916",1
"5917",0.406517637795364
"5918",1
"5919",1
"5920",0.464798625942314
"5921",1
"5922",0.454507776652154
"5923",1
"5924",1
"5925",1
"5926",1
"5927",1
"5928",1
"5929",0.347895309682163
"5930",1
"5931",1
"5932",1
"5933",1
"5934",1
"5935",1
"5936",0.492536908697454
"5937",1
"5938",0.496215357986682
"5939",1
"5940",0.461801674391211
"5941",1
"5942",0.315743378363038
"5943",1
"5944",0.0620522943376506
"5945",1
"5946",1
"5947",1
"5948",0.0582383122836996
"5949",1
"5950",1
"5951",1
"5952",0.494302158242908
"5953",0.492368250316878
"5954",1
"5955",0.280429238999096
"5956",0.478101847653016
"5957",0.306513673789823
"5958",0.202076993302016
"5959",1
"5960",0.490956127685349
"5961",0.0232704887884744
"5962",0.483430647249145
"5963",0.488745946214242
"5964",1
"5965",1
"5966",0.494274297681608
"5967",0.492515618449053
"5968",1
"5969",1
"5970",0.0507594576692198
"5971",1
"5972",1
"5973",0.470189686686092
"5974",1
"5975",1
"5976",1
"5977",0.107058144954998
"5978",1
"5979",0.488153760166504
"5980",1
"5981",1
"5982",1
"5983",0.498307436318496
"5984",1
"5985",1
"5986",1
"5987",0.499435810637298
"5988",0.499435810509016
"5989",0.493372577933105
"5990",1
"5991",0.479310367569649
"5992",1
"5993",1
"5994",0.0188020117755906
"5995",1
"5996",0.00557930291911255
"5997",1
"5998",1
"5999",1
"6000",1
"6001",0.233918963075002
"6002",0.0256656874644542
"6003",0.256691417713103
"6004",1
"6005",0.489674788100675
"6006",1
"6007",1
"6008",0.48593206931179
"6009",1
"6010",0.0274393792166695
"6011",1
"6012",1
"6013",1
"6014",0.21834703448647
"6015",0.493692431510756
"6016",0.494002808354451
"6017",0.200415150893269
"6018",1
"6019",1
"6020",0.340979036340647
"6021",1
"6022",0.27917935076128
"6023",1
"6024",0.492368250321618
"6025",1
"6026",0.000446005087124538
"6027",1
"6028",0.100915587603804
"6029",1
"6030",1
"6031",1
"6032",0.48209355280639
"6033",0.499435810637298
"6034",1
"6035",1
"6036",1
"6037",0.0248316567854474
"6038",1
"6039",1
"6040",0.456454145547909
"6041",0.499435810573157
"6042",1
"6043",0.477863785921789
"6044",1
"6045",1
"6046",0.478697503132011
"6047",0.493642175450501
"6048",1
"6049",1
"6050",0.493090462471716
"6051",0.30023752756679
"6052",1
"6053",0.497673799946682
"6054",0.467802078895043
"6055",1
"6056",1
"6057",1
"6058",0.0429077578893568
"6059",1
"6060",0.268339410425941
"6061",1
"6062",1
"6063",0.00710960415016284
"6064",0.495666462807035
"6065",0.494860130479461
"6066",1
"6067",0.36052021750618
"6068",1
"6069",0.493445004392572
"6070",0.000466995219136732
"6071",1
"6072",0.0539390459270709
"6073",1
"6074",1
"6075",0.191745965291561
"6076",1
"6077",1
"6078",1
"6079",1
"6080",1
"6081",1
"6082",1
"6083",1
"6084",1
"6085",1
"6086",0.0148530339628752
"6087",0.462630713122213
"6088",1
"6089",1
"6090",0.317309106068089
"6091",1
"6092",1
"6093",0.271120524060406
"6094",0.483633371257179
"6095",1
"6096",0.219367251211057
"6097",1
"6098",1
"6099",1
"6100",0.0253283161491024
"6101",0.39096007178898
"6102",0.0586781955836138
"6103",0.472245041974301
"6104",1
"6105",0.317614620674345
"6106",0.481075200884697
"6107",0.49812880170417
"6108",1
"6109",1
"6110",0.491278535519424
"6111",0.490816470204005
"6112",1
"6113",0.470349690796263
"6114",0.079781536529881
"6115",0.395770364481961
"6116",1
"6117",1
"6118",1
"6119",0.00736394653076884
"6120",0.429024803161246
"6121",1
"6122",1
"6123",0.47854888382857
"6124",1
"6125",0.0338317230362311
"6126",0.480285589608475
"6127",0.487323549894365
"6128",0.0983282728156151
"6129",0.164513954891746
"6130",0.474949699079815
"6131",0.155782492718996
"6132",0.490956127685349
"6133",1
"6134",1
"6135",1
"6136",0.495593628094026
"6137",1
"6138",0.14250944118117
"6139",0.108866058674124
"6140",0.490099529449886
"6141",1
"6142",1
"6143",0.00137208377025286
"6144",1
"6145",1
"6146",0.358912613096105
"6147",0.388922823602108
"6148",0.485574885471583
"6149",0.000885083004040715
"6150",0.497476884301947
"6151",0.261604259692836
"6152",1
"6153",0.277956549440178
"6154",0.227807797577422
"6155",1
"6156",1
"6157",0.255660695655841
"6158",1
"6159",0.495854144828377
"6160",0.489105043894177
"6161",0.480958003439043
"6162",0.238374656096086
"6163",0.00917869542135947
"6164",0.0118816896456216
"6165",0.345672121558145
"6166",0.497294262550829
"6167",1
"6168",1
"6169",1
"6170",1
"6171",0.474829590954516
"6172",0.49126031173867
"6173",0.0506447339518475
"6174",0.0173708839563057
"6175",1
"6176",0.493717710351142
"6177",0.486651329442679
"6178",1
"6179",1
"6180",0.00674668263839883
"6181",1
"6182",1
"6183",0.489134284904776
"6184",1
"6185",0.473676852649926
"6186",0.464942854281653
"6187",1
"6188",1
"6189",1
"6190",0.000148412662220328
"6191",1
"6192",1
"6193",1
"6194",1
"6195",1
"6196",1
"6197",0.473027779934093
"6198",0.49376857578192
"6199",1
"6200",1
"6201",1
"6202",1
"6203",0.468975276642142
"6204",1
"6205",0.275005350001293
"6206",1
"6207",0.146982164024274
"6208",0.48898885710117
"6209",0.32631116307561
"6210",0.484573493405964
"6211",1
"6212",0.479088875022738
"6213",1
"6214",0.49531359712394
"6215",1
"6216",0.490115611427405
"6217",1
"6218",0.167096704935095
"6219",1
"6220",0.0024352801420782
"6221",1
"6222",1
"6223",0.495892710387599
"6224",1
"6225",0.412388702787501
"6226",0.485585913262937
"6227",0.496808495803565
"6228",1
"6229",0.496759013231023
"6230",1
"6231",1
"6232",1
"6233",0.484257234281505
"6234",0.132788153642496
"6235",1
"6236",0.495815934773019
"6237",1
"6238",1
"6239",0.00940972077564978
"6240",1
"6241",0.496759013253353
"6242",0.479180240280619
"6243",1
"6244",1
"6245",0.0963667430775911
"6246",1
"6247",1
"6248",0.458227598395346
"6249",1
"6250",1
"6251",1
"6252",0.486627522692422
"6253",1
"6254",0.49126031173867
"6255",0.246559845922078
"6256",0.469247269160977
"6257",1
"6258",1
"6259",0.0681272078255792
"6260",0.497414576635325
"6261",1
"6262",1
"6263",1
"6264",0.0494053849290513
"6265",1
"6266",0.481916902531588
"6267",0.0615411307132574
"6268",1
"6269",1
"6270",0.497294262550829
"6271",1
"6272",1
"6273",0.0702562325608929
"6274",0.459230754965242
"6275",1
"6276",0.0907348908173119
"6277",1
"6278",1
"6279",1
"6280",1
"6281",0.114221464285408
"6282",0.0330481233973834
"6283",1
"6284",1
"6285",0.104352695035019
"6286",0.496257644574175
"6287",0.0833993643007914
"6288",0.113512328001196
"6289",0.48405653184601
"6290",1
"6291",0.484938555665138
"6292",1
"6293",0.453853607908673
"6294",0.000236002381234063
"6295",1
"6296",1
"6297",1
"6298",0.474330069070324
"6299",1
"6300",0.490886031234293
"6301",0.485797070888155
"6302",1
"6303",0.489326305861922
"6304",1
"6305",0.287174439337322
"6306",1
"6307",0.493667253598852
"6308",0.487013674672086
"6309",0.474572353442208
"6310",1
"6311",0.493300934740912
"6312",1
"6313",0.487323549894365
"6314",0.494588649575614
"6315",1
"6316",0.489861363141982
"6317",0.0707365823117581
"6318",1
"6319",0.488591527176603
"6320",1
"6321",1
"6322",0.121081346675951
"6323",1
"6324",1
"6325",0.458352601002033
"6326",0.448025219500569
"6327",0.48585316341164
"6328",0.362596100299248
"6329",1
"6330",0.0217916571553189
"6331",1
"6332",0.0876163687247936
"6333",1
"6334",1
"6335",1
"6336",1
"6337",0.00110422310899366
"6338",0.413678822822309
"6339",1
"6340",1
"6341",0.463517815514387
"6342",0.291913628970143
"6343",1
"6344",0.163755296402318
"6345",1
"6346",1
"6347",1
"6348",0.00270019909057967
"6349",0.493518240381267
"6350",1
"6351",1
"6352",0.483536523979357
"6353",0.363068613359195
"6354",1
"6355",0.488343257844654
"6356",1
"6357",1
"6358",1
"6359",0.470553620019703
"6360",1
"6361",0.00360319925582178
"6362",0.43762618903169
"6363",1
"6364",1
"6365",1
"6366",0.415331854370601
"6367",0.0984458326071736
"6368",0.477986100958321
"6369",0.119803724528389
"6370",0.257729390045474
"6371",1
"6372",1
"6373",0.484833353745054
"6374",0.491151757711234
"6375",1
"6376",0.493743091354875
"6377",0.482524817349196
"6378",0.124317607800216
"6379",0.0177139306350943
"6380",0.483107596500486
"6381",1
"6382",1
"6383",0.157496466909565
"6384",1
"6385",0.488248126603546
"6386",0.49109797740843
"6387",0.323314745997324
"6388",0.472313716928102
"6389",1
"6390",0.147519948488167
"6391",0.455777821948825
"6392",1
"6393",0.480627071673512
"6394",0.4819785326259
"6395",1
"6396",1
"6397",1
"6398",1
"6399",0.0416910458249644
"6400",1
"6401",0.00589657010833072
"6402",0.492244164204786
"6403",0.260393109527476
"6404",1
"6405",1
"6406",1
"6407",1
"6408",1
"6409",0.45766412445316
"6410",1
"6411",0.0611769283493502
"6412",0.0383702532670015
"6413",0.432156731313786
"6414",0.38869479170192
"6415",0.0841136319592899
"6416",0.466400681307389
"6417",1
"6418",0.241241450127064
"6419",0.239267964464018
"6420",0.49247321869458
"6421",0.209193419550183
"6422",0.494829261827779
"6423",1
"6424",0.028185516800191
"6425",1
"6426",1
"6427",0.409292875369436
"6428",1
"6429",0.0412170409766325
"6430",0.000267293635956358
"6431",0.0139465216691415
"6432",1
"6433",0.362573697900454
"6434",1
"6435",0.495854144828377
"6436",0.195825500003142
"6437",0.00193127044063158
"6438",1
"6439",0.494647788218373
"6440",0.470057007901746
"6441",1
"6442",1
"6443",0.00887025340738155
"6444",1
"6445",1
"6446",0.32904828607325
"6447",0.0070508216556811
"6448",1
"6449",0.473010137582947
"6450",1
"6451",0.352440467235403
"6452",1
"6453",0.118038172990341
"6454",0.482753716104544
"6455",1
"6456",0.497476884301947
"6457",1
"6458",0.461496468828584
"6459",0.0111612200373778
"6460",0.479690121555238
"6461",1
"6462",1
"6463",1
"6464",1
"6465",0.335703809079158
"6466",1
"6467",0.020630004080401
"6468",0.0564793327501362
"6469",1
"6470",1
"6471",1
"6472",1
"6473",1
"6474",0.217169300966256
"6475",0.0278893387710903
"6476",0.485443204751378
"6477",1
"6478",0.0802810598102833
"6479",1
"6480",1
"6481",1
"6482",1
"6483",1
"6484",0.0564844931094609
"6485",0.424976981846672
"6486",0.164427428310931
"6487",1
"6488",0.200058940960427
"6489",1
"6490",1
"6491",0.175273230261487
"6492",1
"6493",0.0595025550096828
"6494",1
"6495",0.351296718903271
"6496",0.219904623000068
"6497",1
"6498",0.476024779779585
"6499",0.483799343266238
"6500",1
"6501",1
"6502",0.493277223399624
"6503",1
"6504",0.00204981860316648
"6505",0.0134442829814748
"6506",1
"6507",1
"6508",1
"6509",0.30717391785339
"6510",1
"6511",1
"6512",1
"6513",0.038104237906175
"6514",0.486091226227278
"6515",1
"6516",0.0081649906780595
"6517",0.487888197124213
"6518",0.112029277617847
"6519",0.000557852686103621
"6520",1
"6521",1
"6522",1
"6523",0.119566305505724
"6524",0.428243441874174
"6525",0.29873783773308
"6526",0.484625113406299
"6527",0.478712422350425
"6528",0.058083821296723
"6529",0.257266892480226
"6530",0.202323720098804
"6531",0.480488130487113
"6532",1
"6533",0.494472270503346
"6534",1
"6535",0.499435810605228
"6536",0.457503993677862
"6537",0.0892188549261637
"6538",0.103341765826449
"6539",0.21445152515451
"6540",0.338020793791345
"6541",0.206537309290451
"6542",1
"6543",0.474766606998434
"6544",0.0158090593407294
"6545",1
"6546",0.465876786336727
"6547",1
"6548",1
"6549",0.00122767436447391
"6550",0.485291069738413
"6551",0.494891185670723
"6552",1
"6553",1
"6554",0.471774644115136
"6555",1
"6556",0.454964440907934
"6557",1
"6558",0.125423887063093
"6559",1
"6560",0.12026423594467
"6561",1
"6562",1
"6563",1
"6564",0.485033870859544
"6565",1
"6566",0.499435810573157
"6567",1
"6568",0.430581362758909
"6569",0.207752115486217
"6570",0.0068962195129739
"6571",1.06166195905129e-06
"6572",1
"6573",1
"6574",1
"6575",0.49009952945354
"6576",3.08373437081231e-05
"6577",0.495593628094026
"6578",0.489491528038691
"6579",0.488384267152435
"6580",0.497743253696627
"6581",1
"6582",1
"6583",1
"6584",0.489446210675282
"6585",0.494330155741597
"6586",0.492494388622525
"6587",0.000319755102443611
"6588",1
"6589",0.191818005916868
"6590",0.437413209172921
"6591",0.194897726152922
"6592",0.164251516807498
"6593",0.485044499006889
"6594",1
"6595",0.494768071025128
"6596",1
"6597",1
"6598",0.492709469616619
"6599",1
"6600",1
"6601",1
"6602",1
"6603",1
"6604",0.471617725849691
"6605",0.00462956647843343
"6606",1
"6607",0.492021686284099
"6608",1
"6609",0.498507298154496
"6610",0.0326531193039597
"6611",1
"6612",1
"6613",1
"6614",0.0152771963156167
"6615",1
"6616",0.49850729819086
"6617",1
"6618",1
"6619",1
"6620",1
"6621",1
"6622",1
"6623",1
"6624",0.435669942787882
"6625",0.499435810637298
"6626",0.493324730338919
"6627",1
"6628",0.129529375231397
"6629",0.121206899430519
"6630",0.00327214438847415
"6631",1
"6632",1
"6633",1
"6634",0.486807122002527
"6635",1
"6636",0.0386900878508784
"6637",1
"6638",1
"6639",1
"6640",1
"6641",1
"6642",1
"6643",1
"6644",0.497814914058729
"6645",0.114174001714949
"6646",0.482093552804371
"6647",1
"6648",1
"6649",1
"6650",1
"6651",0.392902926307644
"6652",1
"6653",1
"6654",1
"6655",0.487967249874797
"6656",1
"6657",0.487161480045221
"6658",1
"6659",0.386761117424927
"6660",0.498618026167807
"6661",1
"6662",1
"6663",1
"6664",0.0481074052790132
"6665",0.487538671814958
"6666",0.49245210818039
"6667",0.480504424949842
"6668",1
"6669",0.495451456720237
"6670",1
"6671",1
"6672",0.485410470600044
"6673",0.473961749798089
"6674",0.0204800845755652
"6675",1
"6676",1
"6677",1
"6678",1
"6679",0.494707587809152
"6680",0.484635458266968
"6681",1
"6682",1
"6683",1
"6684",0.493692431522228
"6685",1
"6686",1
"6687",1
"6688",0.491500269973283
"6689",1
"6690",1
"6691",1
"6692",1
"6693",0.466822945989933
"6694",1
"6695",0.389248123338265
"6696",1
"6697",1
"6698",0.457385223026791
"6699",0.324602457718637
"6700",0.467836548398645
"6701",0.477234198202795
"6702",1
"6703",0.490376580153344
"6704",1
"6705",1
"6706",0.000984678393559218
"6707",0.492841620891502
"6708",0.49435829221637
"6709",1
"6710",1
"6711",1
"6712",1
"6713",0.490115611412767
"6714",1
"6715",0.489017788441836
"6716",1
"6717",1
"6718",1
"6719",1
"6720",0.18114725305754
"6721",0.499435810637298
"6722",0.476104380486434
"6723",0.493183203079864
"6724",0.0919891139701361
"6725",1
"6726",0.00145234652996681
"6727",1
"6728",1
"6729",0.497743253704645
"6730",1
"6731",1
"6732",0.499435810637298
"6733",1
"6734",0.494618137645979
"6735",1
"6736",1
"6737",1
"6738",0.218131145022598
"6739",0.0871925972951781
"6740",0.480916322152559
"6741",0.281744821294638
"6742",1
"6743",1
"6744",0.085687506386606
"6745",1
"6746",0.267961106182298
"6747",0.452649330160984
"6748",1
"6749",1
"6750",0.397800492431286
"6751",1
"6752",0.0707556408595378
"6753",0.496909837324504
"6754",1
"6755",0.495970948963544
"6756",1
"6757",0.496614903124198
"6758",1
"6759",0.493819859976165
"6760",1
"6761",1
"6762",0.445045809761173
"6763",0.0774569051514817
"6764",0.256757002325904
"6765",0.489326305858533
"6766",0.484875346536237
"6767",1
"6768",1
"6769",0.460367153142894
"6770",0.132780055532827
"6771",0.4788396620035
"6772",0.0541389387752668
"6773",0.491169757320304
"6774",0.470189686686092
"6775",1
"6776",1
"6777",0.486532717144302
"6778",1
"6779",1
"6780",1
"6781",0.48308878614023
"6782",0.154478174445629
"6783",0.3679762731267
"6784",1
"6785",0.00245729018378956
"6786",1
"6787",1
"6788",1
"6789",1
"6790",1
"6791",0.151034923920473
"6792",0.490868591269522
"6793",1
"6794",0.466842051638633
"6795",1
"6796",1
"6797",0.46822318868129
"6798",0.270064696432027
"6799",1
"6800",1
"6801",0.435845234174522
"6802",0.00617549096292661
"6803",1
"6804",0.47494336316928
"6805",0.00736994795338402
"6806",1
"6807",0.493420773614441
"6808",1
"6809",1
"6810",0.494618137645979
"6811",0.119271475408661
"6812",1
"6813",0.489119654566545
"6814",1
"6815",0.493324730333499
"6816",1
"6817",1
"6818",0.0220209072471228
"6819",0.471312009113451
"6820",0.457593293302009
"6821",0.147043986651837
"6822",0.496909837289373
"6823",0.490476288360176
"6824",0.497353735681418
"6825",0.408101778606823
"6826",0.465402059326099
"6827",1
"6828",1
"6829",1
"6830",1
"6831",1
"6832",1
"6833",0.0089517961778204
"6834",0.497889005731154
"6835",0.489281687700073
"6836",0.249605345485886
"6837",0.485002031693791
"6838",1
"6839",1
"6840",0.0613905093858599
"6841",1
"6842",1
"6843",0.213132166370554
"6844",1
"6845",1
"6846",0.496662248350212
"6847",0.49364217544481
"6848",1
"6849",1
"6850",0.495382012365645
"6851",0.0624215662072799
"6852",0.470824135457619
"6853",0.374121132031578
"6854",0.491844174000551
"6855",0.497294262550829
"6856",1
"6857",1
"6858",0.170966034201842
"6859",1
"6860",1
"6861",1
"6862",1
"6863",0.368034405777521
"6864",0.0531620189076239
"6865",0.0354817081593949
"6866",0.399866476445501
"6867",1
"6868",1
"6869",0.0375916693164042
"6870",0.307136962900378
"6871",0.479456782876252
"6872",0.486867535056584
"6873",1
"6874",1
"6875",0.0154542995072521
"6876",1
"6877",1
"6878",1
"6879",0.401905116841911
"6880",1
"6881",0.489814398708505
"6882",0.0205758628195531
"6883",1
"6884",0.223970618145226
"6885",1
"6886",1
"6887",1
"6888",0.482343840214842
"6889",0.494109901824525
"6890",0.0890133722693557
"6891",1
"6892",1
"6893",1
"6894",0.122150401046465
"6895",0.484297683251033
"6896",1
"6897",1
"6898",0.497353735708767
"6899",1
"6900",1
"6901",0.47343680759161
"6902",0.128338846096475
"6903",0.37927364829073
"6904",1
"6905",0.497294262550829
"6906",1
"6907",0.416451957058799
"6908",0.0898775278940519
"6909",0.477486733309412
"6910",0.495740542976581
"6911",0.020209868217049
"6912",1
"6913",0.101728049593554
"6914",0.440300839248628
"6915",0.468163397303634
"6916",1
"6917",0.0293767864726223
"6918",0.487954038340138
"6919",0.23006796386598
"6920",1
"6921",1
"6922",1
"6923",1
"6924",1
"6925",1
"6926",1
"6927",0.483060609875671
"6928",0.124364367376784
"6929",1
"6930",0.123682007929423
"6931",0.444771996126388
"6932",0.492347429503414
"6933",1
"6934",1
"6935",1
"6936",0.000316751197295379
"6937",1
"6938",0.450016970922663
"6939",0.498618026167807
"6940",1
"6941",0.0404180675647973
"6942",0.145138303578546
"6943",0.499435810573157
"6944",1
"6945",1
"6946",0.298708923480341
"6947",1
"6948",0.498618026193993
"6949",1
"6950",0.0406064503502601
"6951",1
"6952",0.0394331328087182
"6953",1
"6954",1
"6955",1
"6956",1
"6957",0.381583817534771
"6958",1
"6959",1
"6960",0.0844003549318065
"6961",0.485552855188575
"6962",0.476792060138803
"6963",1
"6964",0.499202116017481
"6965",1
"6966",0.495049383558065
"6967",0.468863077493557
"6968",1
"6969",1
"6970",0.440764902129851
"6971",0.493768575770307
"6972",0.498128801694501
"6973",1
"6974",1
"6975",1
"6976",0.491594386550329
"6977",0.384415345524571
"6978",1
"6979",0.494647788218373
"6980",1
"6981",1
"6982",0.0252044382687601
"6983",0.189450894653412
"6984",0.0104993513608334
"6985",0.315849437077942
"6986",1
"6987",0.266825646720681
"6988",0.253374557467916
"6989",0.454817518086109
"6990",0.451863522506696
"6991",0.447768528988768
"6992",1
"6993",0.0300252014120264
"6994",1
"6995",1
"6996",1
"6997",0.15190561056163
"6998",0.2221060018844
"6999",1
"7000",0.461100073542087
"7001",0.0669842112238416
"7002",1
"7003",0.477928456158522
"7004",0.453228971707782
"7005",0.177993581271607
"7006",1
"7007",1
"7008",1
"7009",0.491315097880237
"7010",0.496909837283518
"7011",1
"7012",0.473622650930835
"7013",1
"7014",1
"7015",0.492976259232038
"7016",1
"7017",1
"7018",1
"7019",1
"7020",1
"7021",0.491883285486558
"7022",1
"7023",0.0249926181617512
"7024",0.231277297557548
"7025",1
"7026",1
"7027",0.0395324404168066
"7028",0.0197117813571914
"7029",0.479379592135106
"7030",1
"7031",0.336109258734395
"7032",0.475108623726724
"7033",1
"7034",0.00726179904306029
"7035",1
"7036",1
"7037",0.00291142453226003
"7038",0.363971896687279
"7039",1
"7040",0.478247400596345
"7041",1
"7042",0.386058597229157
"7043",0.464565519947778
"7044",0.00067712411771209
"7045",0.438956100432766
"7046",0.489416107000899
"7047",0.490019508642049
"7048",1
"7049",0.0764077003687628
"7050",1
"7051",1
"7052",1
"7053",1
"7054",0.475397288532573
"7055",1
"7056",1
"7057",0.485718912106611
"7058",1
"7059",0.0169165541300134
"7060",1
"7061",1
"7062",1
"7063",0.030362135893588
"7064",1
"7065",0.492285304364897
"7066",1
"7067",1
"7068",1
"7069",1
"7070",1
"7071",1
"7072",0.0930580095098695
"7073",0.445131663956485
"7074",1
"7075",0.483828809665906
"7076",1
"7077",0.498307436318496
"7078",1
"7079",1
"7080",0.305875844872169
"7081",1
"7082",1
"7083",1
"7084",0.104941584538326
"7085",1
"7086",1
"7087",1
"7088",0.039683859367393
"7089",1
"7090",0.498618026193993
"7091",0.479233722995541
"7092",0.496431799348271
"7093",0.307012224213025
"7094",0.143366708770197
"7095",0.355479982961276
"7096",1
"7097",1
"7098",0.163257041850517
"7099",0.0558532937595147
"7100",0.379290981029375
"7101",0.48012504777423
"7102",0.0192545138825924
"7103",0.497414576621329
"7104",0.190358409848226
"7105",1
"7106",1
"7107",1
"7108",0.475121381783941
"7109",1
"7110",1
"7111",1
"7112",0.476580913458284
"7113",1
"7114",1
"7115",1
"7116",0.0470835009233908
"7117",0.486298577301747
"7118",1
"7119",0.493253595426653
"7120",0.431390491125772
"7121",1
"7122",0.49088603125017
"7123",0.493445004398091
"7124",1
"7125",1
"7126",0.497179075574303
"7127",0.488508174091993
"7128",0.368680327999183
"7129",0.492931094722929
"7130",1
"7131",0.493372577922186
"7132",1
"7133",1
"7134",1
"7135",1
"7136",1
"7137",1
"7138",1
"7139",0.391370088227168
"7140",1
"7141",0.487993716622401
"7142",0.406847955556174
"7143",0.144159314937817
"7144",1
"7145",1
"7146",1
"7147",1
"7148",1
"7149",1
"7150",1
"7151",0.374106966069447
"7152",1
"7153",0.486758990315872
"7154",1
"7155",0.496050737411135
"7156",1
"7157",0.186617457290294
"7158",0.484833353747437
"7159",0.0203563899688547
"7160",1
"7161",0.464125952704645
"7162",1
"7163",0.46578408590848
"7164",1
"7165",1
"7166",1
"7167",1
"7168",1
"7169",0.492841620891502
"7170",1
"7171",1
"7172",0.481414134738899
"7173",1
"7174",0.49873843584319
"7175",0.487914490513929
"7176",1
"7177",1
"7178",0.475846641945745
"7179",0.117576516283548
"7180",0.493183203079864
"7181",0.000606090201574056
"7182",0.485674441726037
"7183",0.418490311679525
"7184",1
"7185",1
"7186",0.365158917544588
"7187",0.458937203269207
"7188",0.000309201640899353
"7189",1
"7190",0.496568211076264
"7191",0.487013674672086
"7192",1
"7193",0.499435811022143
"7194",1
"7195",1
"7196",1
"7197",0.497014617230889
"7198",0.496257644574175
"7199",1
"7200",0.456548521729404
"7201",1
"7202",1
"7203",0.379009054114772
"7204",0.492863884139272
"7205",1
"7206",0.158554877736909
"7207",1
"7208",1
"7209",0.493469325100543
"7210",1
"7211",0.443370606382134
"7212",0.0489460425140419
"7213",1
"7214",1
"7215",2.40407173676654e-11
"7216",1
"7217",1
"7218",0.48036635442826
"7219",1
"7220",0.48126085362836
"7221",0.324555014706895
"7222",1
"7223",1
"7224",0.494218979455314
"7225",0.493044556071018
"7226",0.398483564331708
"7227",0.124344274121044
"7228",0.489690206944379
"7229",0.374203803112019
"7230",1
"7231",1
"7232",1
"7233",6.38671938276796e-05
"7234",0.126224851792449
"7235",0.394117294862192
"7236",1
"7237",0.49552197804919
"7238",1
"7239",1
"7240",0.496662248350212
"7241",1
"7242",1
"7243",1
"7244",0.141967119063475
"7245",1
"7246",0.194312162515344
"7247",1
"7248",0.487099688374629
"7249",1
"7250",1
"7251",1
"7252",0.0780262372748568
"7253",0.468323093909567
"7254",1
"7255",0.492665948564695
"7256",1
"7257",1
"7258",1
"7259",1
"7260",0.492264706920585
"7261",0.0494683692024659
"7262",1
"7263",1
"7264",0.486544531253025
"7265",0.00232358367404587
"7266",0.47643895857772
"7267",9.04753784605205e-05
"7268",1
"7269",0.484196755348261
"7270",1
"7271",1
"7272",1
"7273",1
"7274",0.463622083477423
"7275",1
"7276",0.279112169647818
"7277",1
"7278",0.188153143749535
"7279",1
"7280",0.484656168941574
"7281",1
"7282",1
"7283",0.497673799915569
"7284",1
"7285",1
"7286",0.0236835598655117
"7287",1
"7288",1
"7289",0.306191975995565
"7290",1
"7291",1
"7292",0.0799494472565706
"7293",0.487809657629749
"7294",0.495593628085814
"7295",0.489767649995434
"7296",1
"7297",1
"7298",1
"7299",1
"7300",0.492494388612885
"7301",1
"7302",1
"7303",1
"7304",0.45787734336631
"7305",1
"7306",1
"7307",1
"7308",0.0107148278411862
"7309",1
"7310",1
"7311",0.487475016600622
"7312",0.196374189967508
"7313",1
"7314",1
"7315",1
"7316",1
"7317",1
"7318",0.228275699658224
"7319",1
"7320",0.0174652629454065
"7321",1
"7322",1
"7323",1
"7324",0.482967026398021
"7325",1
"7326",1
"7327",1
"7328",1
"7329",1
"7330",0.466156426050795
"7331",0.333582596252964
"7332",0.10551281914366
"7333",1
"7334",0.475559138572043
"7335",0.151925734037562
"7336",0.0219049938518402
"7337",1
"7338",1
"7339",1
"7340",1
"7341",1
"7342",1
"7343",0.127707300782124
"7344",0.053129910402386
"7345",0.367642583567114
"7346",0.485497926153252
"7347",0.492579672536809
"7348",1
"7349",0.485718912104079
"7350",0.496050737420297
"7351",1
"7352",1
"7353",0.162818865806448
"7354",1
"7355",0.495557658586823
"7356",1
"7357",0.497540770191196
"7358",1
"7359",0.47981567564967
"7360",1
"7361",1
"7362",0.454866438303845
"7363",0.499022795973148
"7364",0.459219126773271
"7365",1
"7366",0.498307436329186
"7367",0.366418855170049
"7368",0.44410471917792
"7369",0.0106488622973731
"7370",0.157428902123667
"7371",0.00274242205349407
"7372",0.498404235113106
"7373",0.35680290361767
"7374",1
"7375",1
"7376",1
"7377",1
"7378",0.119177728175464
"7379",1
"7380",1
"7381",1
"7382",1
"7383",0.0618021823297799
"7384",0.496909837289373
"7385",1
"7386",0.242044860718907
"7387",1
"7388",1
"7389",0.280614716808086
"7390",0.0622177189428491
"7391",1
"7392",0.352269010013066
"7393",1
"7394",0.497889005714012
"7395",0.334002755565327
"7396",1
"7397",1
"7398",0.491333436936262
"7399",0.461447206530876
"7400",1
"7401",0.494618137639256
"7402",1
"7403",1
"7404",0.0789270351609788
"7405",1
"7406",0.167251516324115
"7407",1
"7408",0.175041536830477
"7409",1
"7410",1
"7411",1
"7412",1
"7413",1
"7414",1
"7415",0.497123211227368
"7416",0.0131614223520403
"7417",1
"7418",0.273756896059844
"7419",0.182099804418235
"7420",1
"7421",1
"7422",1
"7423",1
"7424",0.00618720782157649
"7425",1
"7426",0.158171555419107
"7427",0.24928242525468
"7428",1
"7429",1
"7430",0.148359527154565
"7431",0.0673988993018989
"7432",1
"7433",1.56621975118539e-08
"7434",1
"7435",1
"7436",1
"7437",1
"7438",0.496710274955506
"7439",1
"7440",1
"7441",0.497814914058729
"7442",1
"7443",0.137989611359332
"7444",1
"7445",0.281069551467833
"7446",0.0505221754180338
"7447",1
"7448",0.47691555173046
"7449",1
"7450",1
"7451",0.484126488431968
"7452",0.472040035698894
"7453",0.0257295122359316
"7454",1
"7455",0.485563866124074
"7456",0.495703343217291
"7457",1
"7458",0.483088786148779
"7459",0.47606454688339
"7460",0.473682881993592
"7461",0.454307072305507
"7462",0.468348119904263
"7463",1
"7464",1
"7465",0.484552893792898
"7466",0.149175534527948
"7467",1
"7468",1
"7469",1
"7470",0.495931641578342
"7471",0.497414576621329
"7472",0.498307436318496
"7473",1
"7474",1
"7475",4.8002457033304e-05
"7476",1
"7477",0.0154078722146642
"7478",1
"7479",1
"7480",1
"7481",0.190682368850775
"7482",1
"7483",1
"7484",0.162508048473402
"7485",1
"7486",0.494029401583208
"7487",1
"7488",1
"7489",1
"7490",1
"7491",0.00295006521378399
"7492",1
"7493",0.00971158013904055
"7494",0.49647668298252
"7495",1
"7496",0.475083127311527
"7497",1
"7498",1
"7499",0.366216162027372
"7500",1
"7501",1
"7502",1
"7503",1
"7504",1
"7505",1
"7506",0.496808495758212
"7507",1
"7508",0.457097118081706
"7509",0.480189107878713
"7510",1
"7511",0.192373378601756
"7512",0.483789533063366
"7513",0.0320181456085777
"7514",1
"7515",0.466193887817223
"7516",1
"7517",0.0143113339798659
"7518",1
"7519",1
"7520",0.442931492279489
"7521",0.180442959990319
"7522",1
"7523",1
"7524",0.356158333236065
"7525",0.499435810509016
"7526",1
"7527",0.481899332583104
"7528",0.387306585945068
"7529",0.484378896051493
"7530",0.49647668298252
"7531",0.451843881127809
"7532",1
"7533",1
"7534",0.494443556674545
"7535",1
"7536",0.393439186441431
"7537",1
"7538",0.49262268436739
"7539",1
"7540",0.495081633838411
"7541",1
"7542",0.406133030698318
"7543",1
"7544",0.385265141513241
"7545",0.491594386550329
"7546",0.075907334141103
"7547",1
"7548",0.211298840153338
"7549",0.466784767973335
"7550",1
"7551",0.301000656043359
"7552",1
"7553",0.0476400151901471
"7554",1
"7555",1
"7556",1
"7557",1
"7558",1
"7559",0.31223384627174
"7560",1
"7561",1
"7562",0.128757254171263
"7563",1
"7564",0.0202626878892465
"7565",0.0109230546996917
"7566",1
"7567",1
"7568",0.490956127685349
"7569",1
"7570",1
"7571",1
"7572",0.484552893790558
"7573",0.454262209793771
"7574",0.337771690381451
"7575",0.16152230506436
"7576",0.496961775477539
"7577",0.495778070569181
"7578",1
"7579",1
"7580",0.297132099990554
"7581",1
"7582",1
"7583",0.0661111107473612
"7584",0.486229112808174
"7585",0.47531354798045
"7586",1
"7587",1
"7588",0.190235422735827
"7589",0.499022795973148
"7590",1
"7591",1
"7592",1
"7593",1
"7594",0.486783034208986
"7595",0.42525925274184
"7596",1
"7597",1
"7598",1
"7599",1
"7600",1
"7601",1
"7602",1
"7603",1
"7604",1
"7605",0.495049383565374
"7606",0.482343840210748
"7607",1
"7608",1
"7609",0.448249751803606
"7610",0.452360549087618
"7611",0.0646927469062701
"7612",1
"7613",1
"7614",1
"7615",0.496091242449932
"7616",0.0687114252232486
"7617",1
"7618",1
"7619",0.489296539733717
"7620",0.4872609709848
"7621",1
"7622",1
"7623",1
"7624",0.479752800942812
"7625",0.205589001439663
"7626",0.492285304364897
"7627",1
"7628",0.352383614936663
"7629",1
"7630",1
"7631",1
"7632",1
"7633",1
"7634",0.454521651553891
"7635",1
"7636",1
"7637",0.021299030239519
"7638",0.12792579667816
"7639",0.47036573907583
"7640",0.49290862038105
"7641",0.496010643681334
"7642",1
"7643",1
"7644",1
"7645",0.104091009818214
"7646",0.492953640772548
"7647",1
"7648",0.304447213712042
"7649",0.491133794675843
"7650",1
"7651",1
"7652",1
"7653",0.498507298154496
"7654",1
"7655",1
"7656",0.413206840127205
"7657",0.494218979452185
"7658",1
"7659",1
"7660",1
"7661",1
"7662",1
"7663",1
"7664",1
"7665",1
"7666",0.491444297262604
"7667",0.000209959774557643
"7668",0.103165573050741
"7669",1
"7670",1
"7671",1
"7672",0.492203241222553
"7673",0.446860862704877
"7674",1
"7675",1
"7676",0.495486579607788
"7677",0.168353412099525
"7678",1
"7679",0.490560183619343
"7680",0.418477024811068
"7681",0.477353098463528
"7682",0.400241835929014
"7683",0.289039662715305
"7684",0.498871622338833
"7685",0.364025884668293
"7686",1
"7687",1
"7688",0.0782200603120073
"7689",1
"7690",1
"7691",0.490067443696301
"7692",0.490695990591772
"7693",1
"7694",1
"7695",0.327750852885004
"7696",1
"7697",1
"7698",1
"7699",0.495778070560611
"7700",1
"7701",0.499435810509016
"7702",0.485129798143722
"7703",0.0371988555954294
"7704",0.293699053089691
"7705",1
"7706",1
"7707",0.474741457622495
"7708",1
"7709",1
"7710",0.309724058353242
"7711",1
"7712",1
"7713",1
"7714",0.227453216875691
"7715",1
"7716",1
"7717",1
"7718",1
"7719",1
"7720",0.473270066188224
"7721",0.0477014435640338
"7722",0.320313149618419
"7723",1
"7724",1
"7725",1
"7726",0.100190865520159
"7727",0.0910262971721506
"7728",0.387853661951626
"7729",1
"7730",1
"7731",1
"7732",0.0838234489344492
"7733",1
"7734",1
"7735",1
"7736",1
"7737",1
"7738",1
"7739",1
"7740",0.109849210218127
"7741",1
"7742",1
"7743",0.120122311311576
"7744",0.494246572055793
"7745",0.492622684372294
"7746",0.308750346916645
"7747",0.493518240381267
"7748",1
"7749",1
"7750",0.492687676700301
"7751",1
"7752",1
"7753",1
"7754",1
"7755",1
"7756",0.499435810509016
"7757",0.0195758858607278
"7758",0.0182849974736891
"7759",1
"7760",0.473496613835378
"7761",1
"7762",0.405320311820615
"7763",1
"7764",0.491351814905925
"7765",1
"7766",0.36200546790278
"7767",0.495049383558065
"7768",0.492305956977258
"7769",1
"7770",0.484812400977041
"7771",1
"7772",1
"7773",1
"7774",1
"7775",0.119944851412421
"7776",1
"7777",0.48249755117205
"7778",1
"7779",0.15414237265
"7780",1
"7781",0.492515618449053
"7782",1
"7783",1
"7784",1
"7785",0.485641179475725
"7786",1
"7787",0.440256211630656
"7788",1
"7789",1
"7790",0.495557658582751
"7791",0.491407184800413
"7792",0.488248126603546
"7793",0.496961775465629
"7794",0.492515618458721
"7795",1
"7796",0.165746833327563
"7797",1
"7798",1
"7799",0.265836750298094
"7800",0.493897594575857
"7801",0.468173354667472
"7802",1
"7803",0.477906878290013
"7804",0.45236716769754
"7805",0.471009538170864
"7806",0.490593951397846
"7807",0.268520380429921
"7808",1
"7809",1
"7810",0.416106894782885
"7811",1
"7812",1
"7813",1
"7814",0.490627840927141
"7815",1
"7816",1
"7817",0.024059798994573
"7818",0.489296539733717
"7819",0.214916991412251
"7820",0.0105058116832814
"7821",0.0456788417082042
"7822",1
"7823",0.160343076783546
"7824",1
"7825",0.498045597772468
"7826",0.487783590149084
"7827",1
"7828",0.439856098363801
"7829",0.491133794675843
"7830",0.00865555905747393
"7831",0.100694681475971
"7832",0.0485408642440129
"7833",1
"7834",1
"7835",1
"7836",0.494056113825836
"7837",1
"7838",0.410966302152516
"7839",1
"7840",0.0215607066417811
"7841",0.01328076741287
"7842",0.354419181932109
"7843",0.495486579623822
"7844",1
"7845",0.144024905646824
"7846",0.191869084048709
"7847",0.377016003738502
"7848",1
"7849",1
"7850",0.497353735695092
"7851",1
"7852",0.00841415387490492
"7853",0.46844340121645
"7854",0.490868591281407
"7855",1
"7856",0.185306519209714
"7857",0.495451456720237
"7858",0.496050737420297
"7859",1
"7860",1
"7861",1
"7862",1
"7863",1
"7864",1
"7865",0.496614903102818
"7866",1
"7867",1
"7868",1
"7869",1
"7870",0.493469325106083
"7871",1
"7872",0.454048863327007
"7873",1
"7874",0.459428951287155
"7875",0.368481451197752
"7876",1
"7877",0.435937949246236
"7878",0.367579080949203
"7879",1
"7880",1
"7881",1
"7882",0.491863706231399
"7883",1
"7884",0.493324730333499
"7885",0.16107866659511
"7886",0.251572634736979
"7887",0.00266229146725929
"7888",0.13640909690837
"7889",0.0302995101652523
"7890",1
"7891",1
"7892",0.433455745679696
"7893",1
"7894",1
"7895",0.00625458469075873
"7896",1
"7897",1
"7898",1
"7899",1
"7900",1
"7901",1
"7902",1
"7903",1
"7904",0.193985140354562
"7905",1
"7906",0.498871622338833
"7907",1
"7908",1
"7909",0.471339665866765
"7910",0.49245210818039
"7911",0.482901823466299
"7912",0.228641666706412
"7913",1
"7914",1
"7915",1
"7916",0.114469746178013
"7917",1
"7918",1
"7919",1
"7920",1
"7921",0.465784085905849
"7922",1
"7923",1
"7924",1
"7925",1
"7926",0.0211615272480995
"7927",0.0820528425025402
"7928",1
"7929",0.00425888034129221
"7930",1
"7931",0.401780632117932
"7932",0.489061329078133
"7933",1
"7934",1
"7935",1
"7936",1
"7937",0.492775242960804
"7938",0.499435810637298
"7939",0.478593360860846
"7940",1
"7941",1
"7942",1
"7943",0.491223977768049
"7944",1
"7945",1
"7946",0.492122033303956
"7947",1
"7948",1
"7949",1
"7950",0.194187125537727
"7951",1
"7952",0.21199886870116
"7953",0.461006681383124
"7954",1
"7955",0.0943447716437764
"7956",1
"7957",0.000296962501094988
"7958",0.492886217071094
"7959",0.49943581076558
"7960",1
"7961",0.493743091363549
"7962",1
"7963",0.495179679374678
"7964",0.000183510924028255
"7965",0.184493666584232
"7966",0.491388688587476
"7967",0.330151392346121
"7968",1
"7969",0.157972890449029
"7970",0.0545090418170458
"7971",0.488802627134768
"7972",1
"7973",0.464960925000234
"7974",1
"7975",0.277501608627755
"7976",1
"7977",1
"7978",0.0614495601736258
"7979",1
"7980",1
"7981",0.466311226907682
"7982",0.150414912888581
"7983",1
"7984",0.492886217071094
"7985",1
"7986",1
"7987",0.446038677199807
"7988",1
"7989",0.210241660118549
"7990",1
"7991",1
"7992",1
"7993",0.493845662371099
"7994",1
"7995",0.12711282247917
"7996",0.497236068906092
"7997",0.0132850422425956
"7998",0.302264159106478
"7999",0.485323537100827
"8000",0.38018370044279
"8001",0.478869712516467
"8002",0.108581373382315
"8003",1
"8004",0.432962348608648
"8005",1
"8006",0.476371662155154
"8007",0.348626188419553
"8008",0.499435810637298
"8009",1
"8010",5.42556423392793e-17
"8011",0.472951413364839
"8012",1
"8013",1
"8014",0.490164015202196
"8015",1
"8016",0.256396401136873
"8017",0.0240513241593445
"8018",1
"8019",1
"8020",1
"8021",0.444791914622903
"8022",0.141036389365147
"8023",1
"8024",0.483344522585047
"8025",1
"8026",0.0616145434911151
"8027",1
"8028",0.419875199369838
"8029",0.459757549801044
"8030",0.474391973537097
"8031",1
"8032",0.0673407646016579
"8033",0.459847998629333
"8034",1
"8035",0.471389515862998
"8036",1
"8037",1
"8038",0.00619218338892231
"8039",1
"8040",1
"8041",0.468348119904263
"8042",0.0155572873320888
"8043",1
"8044",0.492223675774467
"8045",1
"8046",1
"8047",0.483023114426875
"8048",1
"8049",0.000435476517608347
"8050",0.0686025478912059
"8051",0.19959183285494
"8052",1
"8053",1
"8054",1
"8055",0.462924028383407
"8056",0.488439172776238
"8057",0.078995836761862
"8058",0.496662248355632
"8059",0.273931907156956
"8060",1
"8061",0.494056113825836
"8062",0.490019508649298
"8063",1
"8064",1
"8065",1
"8066",0.109982312291573
"8067",0.0884978938924985
"8068",1
"8069",1
"8070",1
"8071",1
"8072",0.49781491407529
"8073",1
"8074",0.499202115972127
"8075",0.0079389034664262
"8076",0.270639614562225
"8077",0.4964317993432
"8078",1
"8079",0.280726696835434
"8080",0.198811984755937
"8081",1
"8082",1
"8083",0.0679532401415597
"8084",1
"8085",1
"8086",1
"8087",1
"8088",1
"8089",0.497353735695092
"8090",0.498045597772468
"8091",1
"8092",0.490543344970749
"8093",1
"8094",1
"8095",0.167607504226267
"8096",1
"8097",1
"8098",1
"8099",1
"8100",1
"8101",0.214700692341665
"8102",0.175572923268829
"8103",0.496961775483494
"8104",1
"8105",1
"8106",1
"8107",1
"8108",0.147331833513908
"8109",1
"8110",0.322869724024664
"8111",0.489582754706757
"8112",0.480733999048983
"8113",1
"8114",0.485920769926208
"8115",0.46914948445327
"8116",1
"8117",0.472741060081311
"8118",1
"8119",0.00560542142442407
"8120",0.220029980870586
"8121",1
"8122",1
"8123",1
"8124",0.0104479963823156
"8125",0.0564425086042114
"8126",1
"8127",1
"8128",0.496568211055176
"8129",5.26575172494985e-05
"8130",1
"8131",1
"8132",1
"8133",1
"8134",1
"8135",1
"8136",0.0370944428917536
"8137",1
"8138",0.498507298154496
"8139",1
"8140",0.493159899995312
"8141",0.419570403892634
"8142",1
"8143",1
"8144",0.483584876031081
"8145",1
"8146",0.494002808354451
"8147",1
"8148",1
"8149",1
"8150",0.460475013375967
"8151",1
"8152",1
"8153",0.349176926804094
"8154",0.185676207730436
"8155",1
"8156",1
"8157",0.483848483864834
"8158",0.475038571571131
"8159",1
"8160",1
"8161",0.488261669525353
"8162",1
"8163",1
"8164",0.140053773945359
"8165",0.330447595212406
"8166",1
"8167",0.211661076813282
"8168",0.449577819969932
"8169",1
"8170",1
"8171",1
"8172",1
"8173",1
"8174",0.0941865500178442
"8175",0.494002808354451
"8176",0.178342383202035
"8177",0.490327111760648
"8178",1
"8179",0.000267962871753474
"8180",1
"8181",0.461897039752381
"8182",1
"8183",0.492863884129133
"8184",0.493794164883089
"8185",1
"8186",1
"8187",1
"8188",1
"8189",0.00267033374755661
"8190",1
"8191",1
"8192",0.407754985792471
"8193",1
"8194",1
"8195",0.491632329763681
"8196",0.0825866240856383
"8197",1
"8198",0.00366319241590765
"8199",1
"8200",1
"8201",1
"8202",0.149146276320249
"8203",0.0163449165808051
"8204",0.447041716154164
"8205",1
"8206",1
"8207",0.339311517129916
"8208",0.169528983048914
"8209",0.456854862777023
"8210",0.456508567963646
"8211",0.175428385827739
"8212",1
"8213",0.0171472217024135
"8214",1
"8215",0.401485664241791
"8216",0.0529497876719695
"8217",1
"8218",0.168267320444208
"8219",1
"8220",0.163393050110009
"8221",0.114293665705749
"8222",1
"8223",0.00671239840952223
"8224",1
"8225",1
"8226",1
"8227",0.274505474181121
"8228",0.492264706920585
"8229",1
"8230",0.342402974877518
"8231",0.306531721630769
"8232",1
"8233",0.334396172913428
"8234",1
"8235",1
"8236",0.463483126426159
"8237",0.493230049954446
"8238",0.341392349095389
"8239",0.489119654573194
"8240",1
"8241",0.402636809138436
"8242",1
"8243",1
"8244",1
"8245",0.226539446982834
"8246",0.479456782881527
"8247",0.489861363141982
"8248",1
"8249",1
"8250",1
"8251",1
"8252",0.00379407712750906
"8253",0.484116475733753
"8254",0.48427744573156
"8255",1
"8256",1
"8257",1
"8258",0.0164672962249479
"8259",1
"8260",0.0128139235925853
"8261",1
"8262",0.175982216801138
"8263",0.419935144720702
"8264",1
"8265",1
"8266",1
"8267",1
"8268",1
"8269",0.491407184804623
"8270",0.439783171596742
"8271",0.484552893790558
"8272",0.444417541580886
"8273",1
"8274",0.286943489912309
"8275",1
"8276",0.351489203121276
"8277",0.0878314401744192
"8278",0.117284474519478
"8279",0.429097280407901
"8280",0.0185244549538009
"8281",1
"8282",0.499435810509016
"8283",0.00886525458962427
"8284",0.490868591277445
"8285",1
"8286",1
"8287",1
"8288",1
"8289",0.461706549438261
"8290",0.242794813121489
"8291",0.466589796694729
"8292",0.41954538004332
"8293",1
"8294",1
"8295",1
"8296",0.466297124440308
"8297",0.0183457946216484
"8298",1
"8299",0.49850729819086
"8300",1
"8301",1
"8302",0.489207734393582
"8303",0.221170895190401
"8304",1
"8305",1
"8306",0.490393126272399
"8307",0.100891921491377
"8308",1
"8309",1
"8310",0.493445004387052
"8311",1
"8312",1
"8313",0.492001768033622
"8314",0.490409700956736
"8315",1
"8316",0.481741965950822
"8317",0.128075219826643
"8318",1
"8319",1
"8320",0.489567494807525
"8321",0.494002808354451
"8322",1
"8323",0.190319054142675
"8324",0.496215357957999
"8325",0.13937706247406
"8326",1
"8327",1
"8328",1
"8329",0.00536305918323324
"8330",0.470510569497091
"8331",1
"8332",1
"8333",1
"8334",0.00106867955419853
"8335",1
"8336",0.475899285596304
"8337",0.0191889780812015
"8338",1
"8339",0.480924651102978
"8340",1
"8341",0.0306218576012908
"8342",1
"8343",0.497179075587131
"8344",0.213384149022021
"8345",1
"8346",1
"8347",0.026442075956884
"8348",0.13548796464085
"8349",0.495778070569181
"8350",0.445120208772904
"8351",1
"8352",0.473234471842022
"8353",1
"8354",0.496387473383912
"8355",1
"8356",1
"8357",1
"8358",1
"8359",0.367911467778801
"8360",0.0712404809054927
"8361",0.494164185717492
"8362",1
"8363",1
"8364",1
"8365",1
"8366",1
"8367",0.460723828251061
"8368",1
"8369",1
"8370",0.0226324027148319
"8371",0.476991346564862
"8372",0.4889600016478
"8373",1
"8374",1
"8375",1
"8376",0.498871622338833
"8377",1
"8378",1
"8379",0.497606360697575
"8380",1
"8381",1
"8382",1
"8383",1
"8384",1
"8385",1
"8386",1
"8387",1
"8388",0.159650442322229
"8389",1
"8390",0.0182059003668626
"8391",1
"8392",1
"8393",0.496215357957999
"8394",1
"8395",1
"8396",0.497414576635325
"8397",0.138593340988897
"8398",0.488647436270876
"8399",0.0884892229442766
"8400",0.4889600016478
"8401",0.480537054931263
"8402",0.481811738123764
"8403",0.436877809518035
"8404",1
"8405",1
"8406",1
"8407",0.466245466281199
"8408",0.4930217161578
"8409",1
"8410",0.122787241298843
"8411",0.150621670314934
"8412",1
"8413",1
"8414",1
"8415",0.00496398910554777
"8416",0.117660260840688
"8417",0.471887268450619
"8418",0.369515583224173
"8419",0.0112955233198323
"8420",1
"8421",0.432964678091475
"8422",0.403467935736379
"8423",0.0898982093715651
"8424",1
"8425",0.431940821302926
"8426",1
"8427",0.497889005714012
"8428",1
"8429",0.00885066942557146
"8430",0.369097186785265
"8431",0.49647668298252
"8432",1
"8433",1
"8434",1
"8435",0.408720482656146
"8436",0.499435810637298
"8437",0.478072853462109
"8438",1
"8439",1
"8440",0.107134472650387
"8441",0.165213711372696
"8442",1
"8443",1
"8444",0.2083181048748
"8445",0.197191433101205
"8446",0.461971842377979
"8447",1
"8448",1
"8449",1
"8450",0.496909837277663
"8451",1
"8452",0.48054522100876
"8453",1
"8454",0.49781491407529
"8455",0.44003620099289
"8456",1
"8457",0.00152871321706494
"8458",1
"8459",0.495279761418037
"8460",0.486462049332331
"8461",1
"8462",0.492410063373509
"8463",1
"8464",0.038035398248683
"8465",0.484206819054714
"8466",1
"8467",1
"8468",0.227582899915442
"8469",1
"8470",0.111596855773996
"8471",1
"8472",0.0864346078810951
"8473",0.476097736920488
"8474",0.287097415456085
"8475",0.462736716933696
"8476",1
"8477",1
"8478",1
"8479",1
"8480",0.485323537100827
"8481",0.149335580046627
"8482",1
"8483",0.467000099187287
"8484",1
"8485",0.431279158877959
"8486",1
"8487",1
"8488",1
"8489",1
"8490",0.0485302415756393
"8491",0.00936406957299467
"8492",0.485497926153252
"8493",1
"8494",1
"8495",0.482425048704044
"8496",1
"8497",1
"8498",1
"8499",1
"8500",0.00446922450847773
"8501",1
"8502",0.0366159063284784
"8503",0.140137287389667
"8504",1
"8505",0.46527414036874
"8506",0.0566983151294688
"8507",0.490903504686375
"8508",0.370110783053948
"8509",0.485301884209587
"8510",1
"8511",0.426003481472847
"8512",0.479013042256003
"8513",1
"8514",0.454845465895527
"8515",1
"8516",1
"8517",0.141901713284369
"8518",1
"8519",0.447907283207506
"8520",0.000835738945246529
"8521",0.495703343217291
"8522",0.486368396318789
"8523",5.62833758464926e-06
"8524",0.0948291468730067
"8525",1
"8526",1
"8527",0.0549560052477147
"8528",1
"8529",1
"8530",0.248057282495072
"8531",1
"8532",0.495740542976581
"8533",1
"8534",0.187310664434103
"8535",0.33292960398606
"8536",0.493871573452723
"8537",0.151769867171928
"8538",1
"8539",1
"8540",1
"8541",0.496710274955506
"8542",0.494618137639256
"8543",0.496173538739207
"8544",1
"8545",1
"8546",0.318019510949572
"8547",1
"8548",1
"8549",1
"8550",0.439012591302905
"8551",0.498871622338833
"8552",1
"8553",1
"8554",0.443950381000262
"8555",1
"8556",1
"8557",0.209775604328863
"8558",1
"8559",0.494798576436269
"8560",0.477199346050092
"8561",1
"8562",0.00116655192538901
"8563",1
"8564",1
"8565",1
"8566",1
"8567",0.45762310229616
"8568",0.0200094866374985
"8569",0.181841684126069
"8570",0.0385425571724786
"8571",1
"8572",0.36661196581883
"8573",1
"8574",0.000887863104704089
"8575",0.490083473589019
"8576",1
"8577",0.49617353875812
"8578",0.183625937301107
"8579",0.433707408438467
"8580",0.415406646682717
"8581",0.000970949651903367
"8582",1
"8583",0.491425720941768
"8584",0.11841353568519
"8585",0.4482892996411
"8586",1
"8587",0.108272598257128
"8588",0.10991887716841
"8589",0.492368250321618
"8590",0.220818758018914
"8591",1
"8592",0.496662248350212
"8593",0.478072853462109
"8594",0.49044293661978
"8595",0.461558136585973
"8596",0.493420773619941
"8597",0.497236068919185
"8598",0.367105594907459
"8599",1
"8600",1
"8601",1
"8602",0.00618830460903225
"8603",0.494246572055793
"8604",1
"8605",0.495081633845768
"8606",1
"8607",0.49364217544481
"8608",0.497606360697575
"8609",0.481150928061812
"8610",1
"8611",0.495629893681309
"8612",0.499022795954632
"8613",0.0200684276901505
"8614",0.181829183836949
"8615",1
"8616",0.244344388614111
"8617",1
"8618",1
"8619",0.466358278237554
"8620",1
"8621",1
"8622",0.47775642171776
"8623",1
"8624",0.0002029810573514
"8625",1
"8626",1
"8627",0.448622117852792
"8628",1
"8629",1
"8630",0.351015337456343
"8631",0.493493736757961
"8632",1
"8633",1
"8634",1
"8635",0.00164533638561969
"8636",0.342336014800182
"8637",1
"8638",1
"8639",0.481925693932287
"8640",0.49018020285976
"8641",0.464767155513695
"8642",1
"8643",0.139145184348888
"8644",0.418431487204546
"8645",0.219756022531563
"8646",0.477346086980252
"8647",1
"8648",1
"8649",1
"8650",1
"8651",1
"8652",1
"8653",0.488745946217456
"8654",1
"8655",1
"8656",0.262750930420257
"8657",0.381024816518161
"8658",0.459714364429381
"8659",1
"8660",0.0817760926427352
"8661",1
"8662",1
"8663",1
"8664",1
"8665",1
"8666",1
"8667",1
"8668",1
"8669",0.0899531447935188
"8670",1
"8671",1
"8672",1
"8673",0.493976332581322
"8674",0.489674788107682
"8675",0.48733610283237
"8676",1
"8677",0.186218701188255
"8678",0.48631018904255
"8679",0.493445004392572
"8680",1
"8681",1
"8682",1
"8683",1
"8684",0.195060634373836
"8685",1
"8686",1
"8687",0.398314198980227
"8688",1
"8689",0.471400605519556
"8690",1
"8691",0.00549793692403627
"8692",0.495451456704326
"8693",0.496909837289373
"8694",1
"8695",0.483711264595909
"8696",0.495451456712282
"8697",0.14610685870681
"8698",0.480991414465532
"8699",1
"8700",1
"8701",0.493445004387052
"8702",0.495146777405563
"8703",1
"8704",0.150217310627008
"8705",1
"8706",0.401347823967054
"8707",0.00200657218394733
"8708",1
"8709",1
"8710",2.07689058942406e-05
"8711",1
"8712",0.491425720941768
"8713",1
"8714",1
"8715",0.0291893514401842
"8716",0.484491259464503
"8717",1
"8718",0.00681441914439283
"8719",0.119591734071381
"8720",1
"8721",0.305872390009266
"8722",1
"8723",1
"8724",0.35000474005804
"8725",1
"8726",0.496522145882912
"8727",0.158918077331085
"8728",0.492326665207834
"8729",1
"8730",0.0404611001915696
"8731",0.00866711405212016
"8732",1
"8733",1
"8734",0.122880076195279
"8735",1
"8736",0.489955951381791
"8737",1
"8738",0.474157529799649
"8739",1
"8740",1
"8741",1
"8742",1
"8743",1
"8744",0.495593628094026
"8745",1
"8746",0.490509757401722
"8747",1
"8748",0.164068520169145
"8749",0.481960902485601
"8750",1
"8751",0.235204729358349
"8752",0.00379932439571231
"8753",0.354170333843659
"8754",0.49196207969837
"8755",1
"8756",0.489326305858533
"8757",1
"8758",1
"8759",0.453949417544002
"8760",1
"8761",1
"8762",0.112273417003702
"8763",0.494056113813662
"8764",0.356495391591679
"8765",1
"8766",0.229211974722634
"8767",1
"8768",0.482716888067062
"8769",0.489416107000899
"8770",1
"8771",1
"8772",1
"8773",1
"8774",1
"8775",0.411281444025701
"8776",0.490003581405539
"8777",1
"8778",0.484257234281505
"8779",1
"8780",0.180480357778028
"8781",0.0576982855625688
"8782",1
"8783",0.486807122003898
"8784",0.485864408673048
"8785",0.495451456704326
"8786",0.495892710387599
"8787",1
"8788",1
"8789",0.175755626729542
"8790",0.49288621707618
"8791",1
"8792",1
"8793",0.333738305709581
"8794",1
"8795",0.225924403339371
"8796",0.472659695810493
"8797",0.495212807526562
"8798",1
"8799",1
"8800",1
"8801",1
"8802",1
"8803",0.473622650928099
"8804",0.489075881224879
"8805",0.488845327029791
"8806",0.169952977891606
"8807",0.32461590292422
"8808",1
"8809",0.49126031173867
"8810",1
"8811",1
"8812",1
"8813",1
"8814",1
"8815",0.490713106201454
"8816",1
"8817",0.0465823775114572
"8818",0.0925547297190802
"8819",0.467048143419912
"8820",1
"8821",1
"8822",0.330365846805392
"8823",1
"8824",0.498507298154496
"8825",1
"8826",0.453060696057172
"8827",1
"8828",0.0206663765769859
"8829",1
"8830",0.461439002342988
"8831",1
"8832",0.482588604901555
"8833",1
"8834",0.490921011775288
"8835",1
"8836",1
"8837",0.183537857039762
"8838",0.0108291163039279
"8839",0.310427391100512
"8840",1
"8841",0.314624699937347
"8842",1
"8843",1
"8844",1
"8845",0.374960167059087
"8846",1
"8847",0.430180457800217
"8848",0.17515415565738
"8849",0.466995298646078
"8850",0.0310340693173549
"8851",1
"8852",1
"8853",1
"8854",0.0415542193975049
"8855",0.351401673116781
"8856",1
"8857",0.0554727951179369
"8858",0.491670445917989
"8859",1
"8860",1
"8861",1
"8862",1
"8863",1
"8864",0.42083224180713
"8865",0.176402292942861
"8866",1
"8867",0.342141666992639
"8868",0.4733771364923
"8869",0.0986741664819815
"8870",1
"8871",1
"8872",0.483154714499316
"8873",1
"8874",0.489644019345046
"8875",0.472974887643443
"8876",1
"8877",0.475339283862323
"8878",1
"8879",0.0365785526808349
"8880",0.146859275311455
"8881",1
"8882",1
"8883",1
"8884",0.48714909790541
"8885",1
"8886",0.486639420757062
"8887",1
"8888",1
"8889",1
"8890",0.374062119190894
"8891",1
"8892",1
"8893",0.128213226372596
"8894",0.0247925779819158
"8895",1
"8896",0.491670445909303
"8897",0.47254966102904
"8898",1
"8899",0.0392968904775049
"8900",1
"8901",0.400130288728426
"8902",0.49394997267995
"8903",1
"8904",1
"8905",0.498215881853445
"8906",1
"8907",1
"8908",0.384866131079893
"8909",1
"8910",1
"8911",0.494443556674545
"8912",1
"8913",0.493794164883089
"8914",1
"8915",0.430484836248535
"8916",1
"8917",1
"8918",0.475230091976921
"8919",1
"8920",1
"8921",0.469961844775593
"8922",0.163325655728778
"8923",0.0616433515948659
"8924",0.0176758788330163
"8925",0.484749715722708
"8926",0.117524876563168
"8927",0.316942929427883
"8928",0.493717710362661
"8929",1
"8930",1
"8931",1
"8932",0.492473218699387
"8933",1
"8934",1
"8935",0.472822669469775
"8936",0.10341182957601
"8937",0.422573126574898
"8938",0.370257793885549
"8939",1
"8940",1
"8941",0.345669335617781
"8942",0.497540770191196
"8943",0.230132120279193
"8944",0.489924323217702
"8945",1
"8946",1
"8947",1
"8948",0.100006738854183
"8949",0.300045059148473
"8950",1
"8951",1
"8952",0.490459597906693
"8953",1
"8954",1
"8955",0.488703622363088
"8956",1
"8957",0.042835928823249
"8958",1
"8959",0.491594386558937
"8960",1
"8961",0.490180202863444
"8962",1
"8963",0.417432632249568
"8964",0.494798576425835
"8965",1
"8966",0.449749876090272
"8967",0.392893023420988
"8968",0.0270859211990676
"8969",0.49359231366207
"8970",1
"8971",1
"8972",0.240651383298085
"8973",0.438087291356899
"8974",0.00168107529993764
"8975",1
"8976",1
"8977",0.131146304454155
"8978",1
"8979",0.496050737420297
"8980",1
"8981",0.19877835037284
"8982",0.478667696119935
"8983",0.323546043296833
"8984",1
"8985",0.479768501238869
"8986",1
"8987",1
"8988",0.0792934047732176
"8989",1
"8990",1
"8991",0.0281920520282128
"8992",1
"8993",1
"8994",1
"8995",1
"8996",1
"8997",0.414882752709905
"8998",1
"8999",0.454539001241341
"9000",1
"9001",1
"9002",1
"9003",0.0600714136083394
"9004",1
"9005",0.0863148238714927
"9006",1
"9007",0.496387473363878
"9008",0.0474774564676159
"9009",0.04588059576727
"9010",1
"9011",1
"9012",0.497414576628327
"9013",1
"9014",0.496257644574175
"9015",1
"9016",0.464042212487811
"9017",0.434159119213314
"9018",1
"9019",1
"9020",1
"9021",0.490393126270517
"9022",1
"9023",1
"9024",0.171223112824646
"9025",0.492931094717811
"9026",1
"9027",0.494029401583208
"9028",1
"9029",1
"9030",1
"9031",0.483287353272323
"9032",0.312488549194223
"9033",0.490833810942989
"9034",0.493372577944023
"9035",0.482005010314944
"9036",0.25481469084303
"9037",1
"9038",1
"9039",0.406681817795675
"9040",0.48871771265389
"9041",0.450231700788652
"9042",1
"9043",1
"9044",1
"9045",0.475191668998215
"9046",1
"9047",1
"9048",0.496343684797384
"9049",1
"9050",1
"9051",1
"9052",0.487861960754964
"9053",1
"9054",0.49812880170417
"9055",0.455252704431664
"9056",1
"9057",0.231649260235443
"9058",0.0871973850039278
"9059",1
"9060",0.494218979452185
"9061",0.025882369159305
"9062",0.47511500193638
"9063",0.468939532593663
"9064",0.495212807534121
"9065",0.487641202972452
"9066",1
"9067",1
"9068",1
"9069",0.359632516683046
"9070",1
"9071",1
"9072",0.461316150936245
"9073",0.482137989088616
"9074",1
"9075",0.472006014902527
"9076",0.471617725850326
"9077",1
"9078",0.479744955377702
"9079",1
"9080",1
"9081",1
"9082",0.0454232864938382
"9083",1
"9084",1
"9085",1
"9086",0.498618026167807
"9087",1
"9088",0.498507298154496
"9089",1
"9090",1
"9091",0.486391749068416
"9092",1
"9093",0.480528892294557
"9094",1
"9095",0.411737220599245
"9096",0.210411811240482
"9097",1
"9098",0.0774836320898772
"9099",1
"9100",0.498128801701753
"9101",1
"9102",1
"9103",0.499202115836064
"9104",0.0780325109696667
"9105",1
"9106",0.0400271248137806
"9107",1
"9108",0.417798642337783
"9109",0.496858757800585
"9110",1
"9111",1
"9112",1
"9113",1
"9114",1
"9115",0.497476884273263
"9116",1
"9117",1
"9118",1
"9119",1
"9120",1
"9121",1
"9122",1
"9123",0.482155794657178
"9124",0.132006254121606
"9125",0.375098249064709
"9126",1
"9127",1
"9128",1
"9129",1
"9130",0.208619297434218
"9131",0.496858757800585
"9132",0.498871622338833
"9133",1
"9134",0.494443556674545
"9135",1
"9136",0.0304866600981897
"9137",0.439523458826823
"9138",0.0287175958750234
"9139",1
"9140",1
"9141",1
"9142",1
"9143",1
"9144",1
"9145",1
"9146",0.498215881853445
"9147",0.00594351983442388
"9148",0.323374296852659
"9149",1
"9150",0.260313257414556
"9151",1
"9152",1
"9153",1
"9154",0.242351358943536
"9155",0.341680030811421
"9156",1
"9157",1
"9158",1
"9159",1
"9160",1
"9161",1
"9162",0.146263785955766
"9163",0.22299515172134
"9164",0.00639470867128141
"9165",1
"9166",1
"9167",1
"9168",0.453942567271169
"9169",0.473187086652822
"9170",1
"9171",0.026879062315773
"9172",0.113370119198232
"9173",1
"9174",0.449328621782281
"9175",1
"9176",0.490627840931
"9177",1
"9178",1
"9179",1
"9180",0.487211128636185
"9181",1
"9182",1
"9183",1
"9184",1
"9185",0.455422323713265
"9186",1
"9187",1
"9188",1
"9189",0.136812644393227
"9190",0.0853253386703005
"9191",0.474716333399109
"9192",1
"9193",0.488888191183628
"9194",0.479073686406435
"9195",1
"9196",0.451355474586964
"9197",0.495740542985076
"9198",0.498507298142374
"9199",1
"9200",0.160215067094258
"9201",0.499022795936116
"9202",1
"9203",0.471966376493219
"9204",1
"9205",0.474772898276579
"9206",0.310642367983975
"9207",0.463103723060053
"9208",1
"9209",0.127271504021367
"9210",1
"9211",1
"9212",0.49524616656319
"9213",0.122298560286937
"9214",1
"9215",1
"9216",1
"9217",0.470025253036747
"9218",0.486675178796204
"9219",1
"9220",0.0515124488387194
"9221",0.498507298154496
"9222",0.100359161784046
"9223",1
"9224",0.493183203074557
"9225",0.179976387530238
"9226",1
"9227",1
"9228",0.0106518338018365
"9229",0.488888191182
"9230",1
"9231",0.485785878989292
"9232",0.216496107298532
"9233",0.495666462804947
"9234",1
"9235",0.0253610511256261
"9236",1
"9237",0.489266856230996
"9238",1
"9239",1
"9240",0.130132015642513
"9241",0.303038238839782
"9242",0.499022795954632
"9243",1
"9244",0.461822385478164
"9245",1
"9246",1
"9247",1
"9248",0.472062739405083
"9249",1
"9250",0.499435811022143
"9251",1
"9252",0.193873762761261
"9253",1
"9254",0.467797157716458
"9255",0.239576165421227
"9256",1
"9257",0.490310678470402
"9258",0.311327346377759
"9259",1
"9260",0.00472960693135462
"9261",0.0219366655973092
"9262",0.0773852429479316
"9263",0.188113819508053
"9264",1
"9265",1
"9266",1
"9267",1
"9268",1
"9269",1
"9270",1
"9271",1
"9272",0.48030171599876
"9273",0.106952373248023
"9274",0.183957574458034
"9275",0.439518276298871
"9276",1
"9277",1
"9278",0.497068411322777
"9279",1
"9280",0.446595174813974
"9281",1
"9282",0.488760089620086
"9283",0.425571882074687
"9284",1
"9285",0.0314739660946882
"9286",0.250719393682282
"9287",1
"9288",0.0435035397287521
"9289",0.000327985119537643
"9290",0.47731806281929
"9291",1
"9292",1
"9293",0.0310479873702258
"9294",1
"9295",0.493372577930375
"9296",1
"9297",0.287970717191161
"9298",0.344896289451117
"9299",1
"9300",1
"9301",1
"9302",0.388685301614582
"9303",1
"9304",1
"9305",1
"9306",1
"9307",0.276554748628646
"9308",0.0871018049426218
"9309",0.46812359922438
"9310",0.499435810637298
"9311",0.371003776752421
"9312",0.498738435836019
"9313",1
"9314",1
"9315",1
"9316",1
"9317",1
"9318",1
"9319",0.267172459787758
"9320",1
"9321",0.00174157746199874
"9322",1
"9323",0.484645810104211
"9324",1
"9325",1
"9326",1
"9327",0.484328088632514
"9328",1
"9329",0.488343257844654
"9330",1
"9331",0.494386569766685
"9332",1
"9333",0.0327463113314535
"9334",0.35966581619796
"9335",1
"9336",1
"9337",1
"9338",0.471921144422531
"9339",0.499022795954632
"9340",1
"9341",1
"9342",1
"9343",0.242857183289669
"9344",1
"9345",0.48962866922862
"9346",3.84244530737847e-07
"9347",0.489296539733717
"9348",1
"9349",0.127149363438162
"9350",0.253895605349618
"9351",0.448576186489513
"9352",1
"9353",1
"9354",0.495382012365645
"9355",1
"9356",1
"9357",0.433366607441579
"9358",0.455574833523313
"9359",1
"9360",0.487835781050607
"9361",1
"9362",1
"9363",1
"9364",0.0578273653802722
"9365",1
"9366",0.46561325538547
"9367",1
"9368",1
"9369",0.0288669605064129
"9370",0.494647788218373
"9371",0.0583513393655609
"9372",0.46288990061612
"9373",1
"9374",1
"9375",0.42165700410996
"9376",0.0230965618023851
"9377",1
"9378",1
"9379",0.477269104028543
"9380",0.463591640797186
"9381",0.294703276776231
"9382",0.449662208819875
"9383",0.455486100383426
"9384",1
"9385",1
"9386",0.494707587815989
"9387",0.0406915940544625
"9388",1
"9389",1
"9390",0.464601281444856
"9391",1
"9392",1
"9393",1
"9394",1
"9395",0.490543344982225
"9396",0.0977568016988149
"9397",1
"9398",1
"9399",0.497414576635325
"9400",1
"9401",1
"9402",1
"9403",1
"9404",0.497476884294776
"9405",1
"9406",0.489090452803684
"9407",1
"9408",0.100756693332332
"9409",1
"9410",1
"9411",0.418473228982179
"9412",0.00421666629802046
"9413",1
"9414",0.487087365575453
"9415",0.497965794336004
"9416",0.0701469769285087
"9417",0.0031240362765506
"9418",1
"9419",0.485752356134884
"9420",1
"9421",1
"9422",0.449919391333181
"9423",1
"9424",0.487628340048506
"9425",0.496614903121526
"9426",1
"9427",0.0680013090546002
"9428",0.173975184940076
"9429",0.497814914067009
"9430",1
"9431",1
"9432",1
"9433",1
"9434",1
"9435",1
"9436",1
"9437",0.0980900314915211
"9438",1
"9439",1
"9440",0.466236082461498
"9441",0.369271142506734
"9442",0.180568716526877
"9443",1
"9444",0.138074209518521
"9445",0.496808495803565
"9446",0.0595757107570748
"9447",1
"9448",1
"9449",0.484949116376553
"9450",1
"9451",0.451683781262829
"9452",1
"9453",1
"9454",0.13443098410625
"9455",0.271835558705835
"9456",9.13991914278272e-05
"9457",1
"9458",0.333059270666535
"9459",1
"9460",0.142395083418338
"9461",0.027957659206485
"9462",1
"9463",1
"9464",0.418767961492225
"9465",1
"9466",1
"9467",1
"9468",1
"9469",0.470829571537905
"9470",0.447789619424051
"9471",1
"9472",0.498507298151465
"9473",0.489644019345046
"9474",0.458791222654547
"9475",1
"9476",1
"9477",1
"9478",0.0177920224954161
"9479",0.472706159794179
"9480",0.457466841677051
"9481",0.491315097880237
"9482",1
"9483",0.451680519550917
"9484",0.49524616656319
"9485",1
"9486",1
"9487",0.00421297627765246
"9488",1
"9489",1
"9490",1
"9491",0.00570704677256556
"9492",0.497889005748296
"9493",0.483565518102605
"9494",0.458941051971043
"9495",0.493136676074178
"9496",1
"9497",1
"9498",0.0441184660621734
"9499",0.142960210898023
"9500",0.0556785226047358
"9501",0.242449341019555
"9502",1
"9503",0.4452233938806
"9504",1
"9505",1
"9506",0.337203597432825
"9507",0.494559321351728
"9508",0.458531295062197
"9509",0.499022795936116
"9510",1
"9511",1
"9512",0.477507906432401
"9513",0.490476288362075
"9514",0.241615234095418
"9515",0.496568211076264
"9516",0.188578827707012
"9517",0.192655862380301
"9518",0.347400058199816
"9519",1
"9520",0.297565582757431
"9521",0.476297857804681
"9522",0.0204952208313734
"9523",1
"9524",1
"9525",1
"9526",0.0264048614911614
"9527",0.493396631787128
"9528",1
"9529",0.000646512686201078
"9530",0.491805249285261
"9531",0.0210315423052599
"9532",1
"9533",0.456042772370601
"9534",1
"9535",0.311268461510177
"9536",0.290916712349155
"9537",1
"9538",1
"9539",1
"9540",1
"9541",0.375108969595842
"9542",1
"9543",1
"9544",1
"9545",1
"9546",0.122249439759506
"9547",0.49313667607286
"9548",0.496173538739207
"9549",0.488126936249394
"9550",1
"9551",0.135702309684493
"9552",1
"9553",0.490938552707971
"9554",0.198320817635067
"9555",0.211989444477592
"9556",0.36668488043459
"9557",0.419215065602227
"9558",1
"9559",1
"9560",1
"9561",0.0124799222607583
"9562",0.119799646753437
"9563",1
"9564",0.134088688637718
"9565",0.494737742491808
"9566",1
