1	16	500	500	0.5045	0.224	0.349	0.286	0.299	0.264	0.355	0.285	0.291	0.287	0.265	0.352	0.283	0.333	0.284	0.295	0.209	0.299	0.261	0.292	0.292	0.317	0.299	0.255	0.264	0.290	0.301	0.310	0.293	0.303	0.243	2.034	0.480	0.240	0.210	-16638.955
2	16	500	500	0.4983	0.242	0.251	0.302	0.300	0.326	0.246	0.277	0.298	0.280	0.284	0.269	0.323	0.283	0.342	0.312	0.208	0.304	0.329	0.280	0.316	0.243	0.279	0.274	0.359	0.231	0.330	0.289	0.301	0.255	0.365	2.008	0.517	0.259	0.204	-16627.754
3	16	500	500	0.5074	0.224	0.323	0.261	0.354	0.327	0.375	0.252	0.395	0.312	0.351	0.267	0.277	0.321	0.330	0.300	0.318	0.307	0.318	0.253	0.356	0.266	0.325	0.289	0.381	0.398	0.287	0.282	0.306	0.348	0.286	2.056	0.372	0.224	0.183	-17113.092
4	16	500	500	0.5152	0.183	0.336	0.336	0.301	0.282	0.357	0.334	0.323	0.300	0.270	0.301	0.297	0.327	0.299	0.217	0.193	0.245	0.273	0.268	0.347	0.259	0.273	0.259	0.335	0.310	0.279	0.332	0.330	0.306	0.304	2.043	0.358	0.190	0.193	-16678.498
5	16	500	500	0.5092	0.178	0.275	0.245	0.337	0.301	0.302	0.300	0.293	0.285	0.305	0.314	0.292	0.263	0.308	0.272	0.175	0.301	0.293	0.292	0.337	0.190	0.297	0.348	0.301	0.286	0.259	0.276	0.277	0.300	0.313	1.856	0.583	0.284	0.219	-16668.539
6	16	500	500	0.5125	0.228	0.328	0.269	0.265	0.269	0.318	0.304	0.258	0.256	0.344	0.255	0.317	0.355	0.339	0.239	0.228	0.326	0.262	0.352	0.287	0.312	0.304	0.285	0.274	0.268	0.310	0.312	0.300	0.225	0.285	1.968	0.521	0.249	0.193	-16544.764
7	16	500	500	0.5184	0.217	0.294	0.308	0.269	0.353	0.354	0.342	0.225	0.282	0.329	0.282	0.277	0.305	0.318	0.342	0.213	0.310	0.305	0.276	0.314	0.305	0.296	0.303	0.231	0.310	0.319	0.346	0.299	0.289	0.296	1.973	0.552	0.271	0.196	-16827.888
8	16	500	500	0.5127	0.227	0.367	0.320	0.351	0.280	0.236	0.297	0.271	0.254	0.306	0.297	0.214	0.317	0.348	0.262	0.314	0.265	0.375	0.333	0.292	0.294	0.284	0.253	0.409	0.302	0.319	0.302	0.245	0.374	0.287	2.073	0.542	0.285	0.200	-16773.583
9	16	500	500	0.5090	0.280	0.337	0.318	0.307	0.310	0.242	0.323	0.252	0.275	0.286	0.255	0.309	0.287	0.264	0.272	0.247	0.230	0.335	0.352	0.303	0.320	0.325	0.274	0.382	0.355	0.267	0.339	0.195	0.283	0.332	1.997	0.478	0.240	0.180	-16558.147
10	16	500	500	0.5130	0.255	0.265	0.247	0.315	0.302	0.290	0.277	0.326	0.258	0.329	0.296	0.307	0.314	0.377	0.293	0.291	0.311	0.300	0.218	0.360	0.366	0.305	0.343	0.309	0.282	0.331	0.277	0.388	0.290	0.333	1.947	0.503	0.269	0.206	-17197.750
11	16	500	500	0.5224	0.244	0.280	0.289	0.307	0.265	0.236	0.313	0.306	0.313	0.262	0.289	0.280	0.280	0.285	0.320	0.205	0.293	0.279	0.279	0.334	0.265	0.293	0.288	0.235	0.326	0.307	0.267	0.287	0.368	0.295	1.898	0.465	0.250	0.194	-16610.510
12	16	500	500	0.5060	0.212	0.219	0.340	0.330	0.313	0.285	0.299	0.318	0.279	0.277	0.341	0.296	0.315	0.292	0.294	0.227	0.309	0.317	0.307	0.271	0.341	0.273	0.256	0.304	0.322	0.282	0.339	0.336	0.271	0.335	1.998	0.420	0.202	0.222	-16927.528
13	16	500	499	0.5123	0.321	0.247	0.311	0.283	0.215	0.299	0.231	0.287	0.298	0.281	0.294	0.317	0.332	0.300	0.283	0.270	0.284	0.291	0.308	0.318	0.284	0.280	0.308	0.298	0.251	0.304	0.264	0.248	0.313	0.277	1.968	0.549	0.236	0.191	-16288.810
14	16	500	500	0.5015	0.138	0.336	0.234	0.355	0.320	0.245	0.333	0.305	0.289	0.292	0.330	0.303	0.291	0.319	0.281	0.226	0.334	0.335	0.300	0.264	0.300	0.351	0.335	0.311	0.301	0.274	0.304	0.300	0.292	0.288	2.015	0.435	0.231	0.180	-16744.123
15	16	500	500	0.5181	0.275	0.284	0.293	0.336	0.321	0.304	0.278	0.364	0.307	0.338	0.327	0.342	0.407	0.309	0.352	0.251	0.357	0.267	0.335	0.307	0.283	0.340	0.312	0.330	0.339	0.309	0.388	0.280	0.271	0.321	1.961	0.510	0.315	0.180	-17504.242
16	16	500	499	0.5178	0.221	0.295	0.301	0.312	0.274	0.271	0.270	0.323	0.281	0.287	0.386	0.342	0.328	0.320	0.275	0.189	0.343	0.312	0.305	0.308	0.335	0.363	0.254	0.346	0.269	0.259	0.311	0.367	0.304	0.319	2.057	0.483	0.243	0.202	-16857.296
17	16	500	499	0.5185	0.246	0.343	0.304	0.301	0.270	0.326	0.359	0.300	0.242	0.393	0.320	0.313	0.279	0.299	0.318	0.250	0.254	0.312	0.267	0.316	0.309	0.327	0.289	0.287	0.320	0.344	0.294	0.340	0.330	0.305	1.998	0.470	0.258	0.190	-17022.383
18	16	500	500	0.5176	0.231	0.315	0.303	0.268	0.333	0.307	0.263	0.337	0.272	0.287	0.258	0.290	0.366	0.261	0.345	0.213	0.249	0.275	0.247	0.289	0.311	0.295	0.369	0.275	0.339	0.266	0.311	0.316	0.305	0.340	1.878	0.499	0.240	0.193	-16729.440
19	16	500	500	0.5230	0.284	0.285	0.316	0.251	0.357	0.296	0.308	0.326	0.300	0.264	0.382	0.263	0.213	0.258	0.327	0.225	0.327	0.334	0.291	0.289	0.285	0.379	0.271	0.256	0.361	0.338	0.284	0.344	0.332	0.316	1.976	0.427	0.241	0.203	-17104.027
20	16	500	500	0.5140	0.234	0.299	0.307	0.340	0.331	0.326	0.263	0.327	0.319	0.341	0.352	0.243	0.330	0.281	0.241	0.233	0.266	0.323	0.283	0.259	0.329	0.250	0.307	0.331	0.332	0.273	0.303	0.287	0.276	0.311	1.997	0.435	0.226	0.191	-16745.053
21	16	500	499	0.5100	0.215	0.222	0.312	0.369	0.298	0.291	0.328	0.282	0.283	0.297	0.336	0.302	0.290	0.324	0.316	0.196	0.246	0.261	0.259	0.409	0.337	0.273	0.311	0.265	0.335	0.309	0.257	0.318	0.258	0.419	1.886	0.342	0.175	0.192	-16955.831
22	16	500	500	0.5063	0.169	0.274	0.303	0.327	0.252	0.329	0.268	0.294	0.224	0.256	0.308	0.376	0.275	0.297	0.316	0.257	0.336	0.302	0.297	0.281	0.335	0.282	0.371	0.305	0.307	0.325	0.274	0.350	0.308	0.336	2.002	0.404	0.219	0.187	-16776.437
23	16	500	499	0.5014	0.235	0.253	0.374	0.284	0.265	0.288	0.305	0.255	0.223	0.284	0.311	0.287	0.328	0.278	0.286	0.168	0.318	0.308	0.310	0.257	0.295	0.327	0.291	0.299	0.249	0.271	0.364	0.232	0.265	0.279	2.011	0.528	0.229	0.207	-16315.372
24	16	500	500	0.5002	0.214	0.277	0.338	0.268	0.306	0.297	0.310	0.266	0.310	0.286	0.291	0.272	0.277	0.324	0.251	0.228	0.405	0.357	0.283	0.296	0.269	0.269	0.294	0.299	0.294	0.313	0.292	0.303	0.305	0.369	2.022	0.255	0.155	0.187	-16779.818
25	16	500	500	0.5115	0.294	0.384	0.308	0.264	0.288	0.342	0.294	0.340	0.330	0.244	0.360	0.310	0.352	0.327	0.260	0.208	0.293	0.353	0.325	0.266	0.285	0.338	0.281	0.294	0.271	0.319	0.339	0.269	0.325	0.342	1.982	0.447	0.250	0.193	-17045.025
26	16	500	500	0.5055	0.249	0.348	0.324	0.244	0.292	0.327	0.270	0.292	0.256	0.291	0.309	0.304	0.293	0.260	0.292	0.248	0.312	0.303	0.348	0.288	0.318	0.288	0.338	0.182	0.329	0.366	0.327	0.337	0.297	0.299	1.971	0.519	0.270	0.215	-16944.555
27	16	500	500	0.5014	0.196	0.273	0.299	0.258	0.311	0.322	0.286	0.305	0.287	0.308	0.253	0.323	0.362	0.285	0.287	0.256	0.297	0.282	0.259	0.271	0.294	0.316	0.244	0.284	0.328	0.263	0.356	0.221	0.336	0.337	1.960	0.524	0.236	0.203	-16597.680
28	16	500	500	0.5107	0.197	0.345	0.226	0.295	0.317	0.308	0.248	0.382	0.304	0.266	0.275	0.346	0.291	0.334	0.330	0.166	0.371	0.273	0.332	0.272	0.245	0.264	0.290	0.297	0.250	0.288	0.307	0.249	0.289	0.305	2.094	0.488	0.198	0.202	-16460.328
29	16	500	500	0.5258	0.280	0.216	0.270	0.304	0.345	0.301	0.366	0.287	0.410	0.269	0.306	0.333	0.312	0.267	0.339	0.232	0.343	0.301	0.321	0.291	0.235	0.346	0.306	0.301	0.350	0.316	0.294	0.290	0.353	0.277	2.060	0.457	0.238	0.197	-17068.175
30	16	500	499	0.5144	0.212	0.283	0.277	0.281	0.336	0.220	0.265	0.344	0.323	0.235	0.323	0.284	0.342	0.225	0.362	0.156	0.274	0.292	0.336	0.290	0.396	0.273	0.361	0.306	0.295	0.357	0.286	0.309	0.304	0.299	1.989	0.505	0.242	0.201	-16796.636
31	16	500	500	0.5065	0.188	0.285	0.321	0.273	0.273	0.345	0.219	0.318	0.324	0.371	0.295	0.307	0.277	0.359	0.322	0.268	0.305	0.276	0.339	0.314	0.273	0.251	0.297	0.347	0.315	0.299	0.311	0.286	0.348	0.298	1.913	0.459	0.256	0.195	-16958.709
32	16	500	499	0.5216	0.215	0.279	0.324	0.236	0.286	0.329	0.298	0.289	0.277	0.292	0.339	0.356	0.280	0.304	0.351	0.301	0.300	0.312	0.238	0.374	0.275	0.262	0.324	0.328	0.345	0.317	0.266	0.260	0.298	0.310	1.964	0.454	0.258	0.181	-16792.056
33	16	500	499	0.5122	0.195	0.314	0.332	0.294	0.340	0.269	0.265	0.285	0.280	0.292	0.315	0.306	0.313	0.247	0.254	0.247	0.267	0.283	0.243	0.298	0.290	0.243	0.289	0.388	0.294	0.273	0.265	0.252	0.256	0.327	2.005	0.460	0.218	0.206	-16497.204
34	16	500	500	0.5090	0.236	0.199	0.305	0.243	0.345	0.301	0.313	0.314	0.275	0.326	0.315	0.307	0.328	0.296	0.301	0.237	0.313	0.319	0.242	0.310	0.297	0.310	0.257	0.272	0.250	0.275	0.322	0.289	0.270	0.312	1.976	0.599	0.263	0.199	-16560.720
35	16	500	500	0.5271	0.210	0.323	0.302	0.335	0.256	0.331	0.291	0.304	0.315	0.346	0.277	0.313	0.293	0.316	0.281	0.247	0.327	0.270	0.285	0.291	0.300	0.285	0.324	0.355	0.289	0.342	0.267	0.323	0.302	0.297	2.019	0.478	0.252	0.181	-16830.921
36	16	500	500	0.5191	0.208	0.263	0.353	0.310	0.292	0.341	0.311	0.382	0.340	0.271	0.334	0.309	0.314	0.296	0.301	0.196	0.279	0.308	0.259	0.294	0.286	0.354	0.248	0.239	0.323	0.349	0.307	0.240	0.283	0.271	2.057	0.574	0.297	0.199	-16874.911
37	16	500	500	0.5177	0.280	0.335	0.289	0.319	0.394	0.283	0.314	0.283	0.215	0.286	0.284	0.266	0.288	0.266	0.271	0.212	0.311	0.291	0.319	0.266	0.285	0.270	0.311	0.285	0.302	0.305	0.300	0.295	0.258	0.333	1.990	0.485	0.265	0.216	-16780.030
38	16	500	500	0.5010	0.264	0.164	0.351	0.295	0.402	0.368	0.263	0.333	0.336	0.352	0.308	0.374	0.282	0.288	0.295	0.225	0.317	0.256	0.286	0.358	0.283	0.297	0.305	0.301	0.284	0.331	0.309	0.305	0.289	0.326	1.883	0.352	0.198	0.210	-17159.216
39	16	500	500	0.5240	0.208	0.328	0.234	0.359	0.284	0.286	0.351	0.341	0.289	0.380	0.292	0.276	0.295	0.274	0.354	0.204	0.218	0.323	0.276	0.288	0.303	0.303	0.320	0.313	0.302	0.296	0.298	0.305	0.271	0.370	2.142	0.409	0.223	0.200	-16922.359
40	16	500	500	0.5069	0.327	0.283	0.304	0.309	0.295	0.333	0.243	0.282	0.290	0.281	0.250	0.274	0.312	0.313	0.286	0.265	0.240	0.297	0.323	0.325	0.261	0.288	0.290	0.307	0.347	0.294	0.240	0.292	0.336	0.291	1.913	0.523	0.252	0.200	-16624.059
41	16	500	500	0.5124	0.205	0.324	0.285	0.325	0.358	0.317	0.335	0.346	0.237	0.367	0.331	0.286	0.249	0.359	0.254	0.229	0.279	0.283	0.302	0.305	0.294	0.289	0.291	0.361	0.307	0.256	0.297	0.349	0.280	0.328	1.982	0.376	0.216	0.192	-16896.248
42	16	500	500	0.5015	0.248	0.269	0.270	0.368	0.301	0.295	0.256	0.308	0.328	0.267	0.274	0.269	0.269	0.295	0.293	0.223	0.339	0.292	0.264	0.273	0.300	0.340	0.315	0.287	0.315	0.253	0.314	0.287	0.297	0.302	2.093	0.496	0.235	0.208	-16632.964
43	16	500	500	0.5042	0.211	0.323	0.269	0.329	0.285	0.356	0.295	0.288	0.262	0.315	0.326	0.307	0.334	0.314	0.264	0.251	0.323	0.326	0.269	0.266	0.317	0.359	0.294	0.305	0.346	0.261	0.280	0.222	0.323	0.359	2.042	0.541	0.316	0.189	-16888.135
44	16	500	500	0.5180	0.229	0.305	0.311	0.261	0.290	0.221	0.262	0.329	0.284	0.282	0.324	0.342	0.259	0.256	0.368	0.221	0.305	0.283	0.322	0.301	0.360	0.257	0.321	0.337	0.290	0.302	0.326	0.316	0.278	0.286	1.864	0.473	0.215	0.211	-16912.960
45	16	500	500	0.4982	0.215	0.218	0.291	0.333	0.324	0.250	0.290	0.302	0.342	0.316	0.285	0.272	0.313	0.318	0.291	0.256	0.304	0.342	0.275	0.263	0.292	0.307	0.265	0.335	0.267	0.266	0.304	0.248	0.336	0.263	2.153	0.480	0.227	0.202	-16521.068
46	16	500	500	0.5246	0.289	0.346	0.266	0.325	0.310	0.325	0.311	0.270	0.322	0.340	0.293	0.250	0.260	0.284	0.337	0.208	0.337	0.260	0.312	0.303	0.274	0.304	0.272	0.307	0.236	0.263	0.397	0.314	0.274	0.332	1.966	0.504	0.250	0.202	-16734.126
47	16	500	499	0.5068	0.250	0.321	0.340	0.302	0.324	0.357	0.321	0.337	0.313	0.251	0.337	0.278	0.344	0.316	0.274	0.258	0.287	0.292	0.295	0.305	0.297	0.388	0.320	0.292	0.368	0.338	0.288	0.329	0.286	0.311	2.107	0.496	0.273	0.211	-17219.829
48	16	500	500	0.5022	0.160	0.289	0.307	0.325	0.329	0.318	0.265	0.315	0.295	0.259	0.278	0.329	0.318	0.332	0.223	0.192	0.351	0.269	0.274	0.300	0.280	0.281	0.275	0.246	0.340	0.339	0.246	0.294	0.344	0.288	1.957	0.522	0.234	0.202	-16587.941
49	16	500	498	0.5259	0.264	0.356	0.304	0.288	0.223	0.253	0.318	0.250	0.297	0.225	0.275	0.312	0.331	0.287	0.305	0.227	0.306	0.272	0.308	0.265	0.285	0.344	0.352	0.331	0.283	0.304	0.365	0.293	0.289	0.331	2.040	0.472	0.243	0.193	-16700.453
50	16	500	500	0.5221	0.198	0.257	0.317	0.307	0.270	0.328	0.277	0.297	0.327	0.277	0.269	0.264	0.264	0.310	0.283	0.216	0.355	0.256	0.314	0.330	0.313	0.333	0.302	0.285	0.319	0.284	0.326	0.310	0.313	0.309	1.963	0.553	0.275	0.193	-16770.587
51	16	500	499	0.5084	0.194	0.282	0.271	0.326	0.256	0.274	0.337	0.277	0.342	0.295	0.340	0.308	0.303	0.355	0.263	0.208	0.221	0.279	0.302	0.253	0.247	0.330	0.290	0.296	0.331	0.276	0.299	0.367	0.347	0.232	1.913	0.550	0.286	0.191	-16623.177
52	16	500	500	0.5023	0.211	0.306	0.279	0.320	0.286	0.312	0.265	0.332	0.231	0.262	0.303	0.272	0.307	0.316	0.293	0.218	0.282	0.232	0.292	0.337	0.323	0.255	0.297	0.279	0.301	0.389	0.301	0.280	0.286	0.262	1.937	0.331	0.183	0.185	-16574.478
53	16	500	498	0.5173	0.264	0.276	0.300	0.342	0.262	0.317	0.301	0.288	0.322	0.320	0.290	0.286	0.323	0.328	0.310	0.243	0.221	0.337	0.319	0.233	0.274	0.334	0.329	0.323	0.311	0.301	0.267	0.279	0.289	0.282	1.991	0.492	0.247	0.188	-16685.773
54	16	500	499	0.5095	0.256	0.327	0.440	0.229	0.324	0.219	0.285	0.233	0.318	0.342	0.367	0.303	0.292	0.314	0.305	0.214	0.310	0.316	0.267	0.308	0.256	0.283	0.301	0.332	0.366	0.295	0.292	0.318	0.290	0.307	1.972	0.368	0.225	0.208	-17033.327
55	16	500	500	0.4978	0.192	0.247	0.236	0.311	0.315	0.320	0.347	0.266	0.348	0.306	0.318	0.279	0.270	0.302	0.271	0.254	0.334	0.316	0.346	0.298	0.298	0.307	0.353	0.250	0.265	0.274	0.292	0.265	0.297	0.345	1.989	0.429	0.187	0.204	-16705.231
56	16	500	499	0.5069	0.263	0.331	0.294	0.267	0.290	0.373	0.287	0.309	0.295	0.293	0.369	0.300	0.263	0.331	0.321	0.203	0.366	0.275	0.334	0.232	0.311	0.269	0.335	0.239	0.274	0.303	0.300	0.388	0.275	0.287	2.065	0.406	0.204	0.187	-16734.357
57	16	500	500	0.4925	0.244	0.226	0.353	0.281	0.289	0.345	0.327	0.313	0.237	0.297	0.238	0.381	0.307	0.305	0.278	0.236	0.336	0.307	0.278	0.343	0.265	0.265	0.253	0.239	0.316	0.313	0.296	0.277	0.330	0.304	1.917	0.500	0.247	0.190	-16651.127
58	16	500	500	0.5100	0.191	0.290	0.372	0.345	0.331	0.323	0.330	0.366	0.333	0.343	0.291	0.303	0.300	0.319	0.283	0.245	0.319	0.294	0.305	0.350	0.375	0.363	0.344	0.249	0.384	0.309	0.322	0.251	0.321	0.306	2.023	0.490	0.301	0.188	-17324.012
59	16	500	500	0.5138	0.220	0.318	0.289	0.336	0.319	0.316	0.347	0.285	0.353	0.326	0.314	0.344	0.265	0.284	0.322	0.199	0.273	0.301	0.305	0.259	0.359	0.292	0.330	0.328	0.247	0.320	0.327	0.348	0.295	0.299	1.983	0.432	0.236	0.198	-17104.934
60	16	500	500	0.5243	0.220	0.296	0.308	0.266	0.265	0.327	0.328	0.303	0.293	0.342	0.308	0.345	0.256	0.252	0.292	0.246	0.211	0.274	0.324	0.269	0.260	0.233	0.299	0.358	0.267	0.294	0.385	0.255	0.278	0.369	2.065	0.444	0.197	0.195	-16540.725
61	16	500	500	0.5178	0.249	0.329	0.244	0.325	0.249	0.315	0.335	0.369	0.303	0.294	0.291	0.298	0.304	0.305	0.332	0.263	0.321	0.323	0.265	0.324	0.286	0.267	0.320	0.332	0.270	0.295	0.274	0.363	0.274	0.325	1.874	0.372	0.232	0.196	-17153.283
62	16	500	500	0.5120	0.182	0.261	0.300	0.374	0.287	0.315	0.335	0.305	0.286	0.320	0.309	0.307	0.318	0.306	0.322	0.173	0.305	0.304	0.347	0.266	0.268	0.341	0.289	0.323	0.313	0.363	0.244	0.383	0.322	0.330	2.090	0.500	0.257	0.198	-17053.485
63	16	500	500	0.5250	0.287	0.232	0.354	0.331	0.270	0.351	0.313	0.322	0.229	0.332	0.284	0.292	0.317	0.272	0.289	0.250	0.304	0.306	0.292	0.246	0.393	0.284	0.291	0.288	0.266	0.279	0.335	0.340	0.256	0.308	2.004	0.498	0.267	0.197	-16853.826
64	16	500	500	0.5063	0.209	0.291	0.336	0.307	0.375	0.240	0.252	0.438	0.370	0.262	0.323	0.289	0.313	0.277	0.310	0.207	0.266	0.286	0.291	0.294	0.287	0.299	0.256	0.307	0.342	0.403	0.258	0.315	0.289	0.337	2.055	0.476	0.206	0.207	-16950.124
65	16	500	500	0.5219	0.215	0.268	0.243	0.269	0.338	0.310	0.258	0.250	0.263	0.269	0.319	0.283	0.315	0.252	0.323	0.272	0.341	0.270	0.302	0.310	0.257	0.281	0.246	0.264	0.223	0.263	0.284	0.326	0.295	0.316	2.002	0.521	0.191	0.204	-16232.745
66	16	500	500	0.5234	0.237	0.263	0.298	0.325	0.276	0.233	0.297	0.297	0.257	0.275	0.339	0.281	0.360	0.292	0.297	0.250	0.313	0.315	0.341	0.255	0.320	0.273	0.279	0.260	0.315	0.269	0.310	0.285	0.345	0.254	1.861	0.450	0.220	0.198	-16677.714
67	16	500	500	0.5245	0.245	0.271	0.288	0.279	0.335	0.275	0.315	0.291	0.291	0.301	0.284	0.326	0.312	0.320	0.285	0.255	0.305	0.236	0.292	0.348	0.341	0.287	0.332	0.359	0.326	0.330	0.283	0.307	0.292	0.380	2.034	0.435	0.214	0.208	-17009.314
68	16	500	500	0.5190	0.251	0.334	0.232	0.303	0.319	0.362	0.308	0.302	0.237	0.350	0.281	0.319	0.421	0.218	0.318	0.210	0.233	0.329	0.306	0.289	0.303	0.258	0.277	0.283	0.237	0.340	0.317	0.343	0.291	0.313	2.061	0.505	0.230	0.204	-16759.603
69	16	500	499	0.5205	0.275	0.236	0.275	0.300	0.304	0.258	0.352	0.267	0.271	0.255	0.312	0.295	0.402	0.252	0.339	0.233	0.235	0.316	0.299	0.293	0.345	0.332	0.351	0.264	0.351	0.281	0.326	0.328	0.230	0.351	1.967	0.434	0.237	0.198	-16968.698
70	16	500	500	0.5081	0.224	0.314	0.350	0.249	0.311	0.307	0.316	0.304	0.310	0.322	0.308	0.289	0.254	0.350	0.295	0.196	0.319	0.264	0.318	0.310	0.297	0.298	0.315	0.324	0.277	0.294	0.275	0.284	0.331	0.308	1.854	0.551	0.262	0.207	-16951.292
71	16	500	500	0.5263	0.240	0.301	0.297	0.305	0.244	0.278	0.290	0.288	0.237	0.305	0.323	0.237	0.356	0.306	0.266	0.224	0.349	0.192	0.294	0.312	0.348	0.328	0.261	0.256	0.301	0.295	0.286	0.298	0.282	0.298	1.932	0.418	0.222	0.187	-16546.445
72	16	500	500	0.5191	0.219	0.284	0.325	0.325	0.299	0.361	0.256	0.286	0.259	0.263	0.307	0.262	0.300	0.356	0.282	0.183	0.317	0.301	0.291	0.293	0.271	0.287	0.301	0.304	0.248	0.358	0.300	0.317	0.367	0.291	1.981	0.355	0.192	0.211	-16865.375
73	16	500	499	0.5243	0.245	0.295	0.316	0.292	0.232	0.278	0.286	0.327	0.280	0.306	0.317	0.344	0.274	0.334	0.315	0.179	0.340	0.280	0.320	0.331	0.284	0.271	0.306	0.298	0.315	0.294	0.335	0.323	0.231	0.283	1.956	0.527	0.260	0.193	-16739.436
74	16	500	500	0.5191	0.223	0.365	0.283	0.309	0.285	0.375	0.268	0.319	0.245	0.300	0.321	0.299	0.291	0.341	0.284	0.223	0.323	0.244	0.287	0.292	0.298	0.297	0.227	0.371	0.239	0.283	0.313	0.341	0.333	0.325	1.926	0.558	0.274	0.195	-16741.406
75	16	500	500	0.5151	0.232	0.290	0.309	0.340	0.271	0.307	0.329	0.244	0.331	0.265	0.324	0.342	0.276	0.358	0.315	0.226	0.383	0.302	0.322	0.300	0.322	0.283	0.297	0.280	0.356	0.316	0.271	0.250	0.322	0.281	1.894	0.499	0.257	0.225	-17213.186
76	16	500	499	0.4978	0.256	0.385	0.294	0.302	0.366	0.284	0.324	0.304	0.293	0.268	0.262	0.344	0.321	0.333	0.308	0.228	0.311	0.342	0.276	0.303	0.304	0.317	0.317	0.348	0.309	0.316	0.350	0.285	0.293	0.313	1.904	0.441	0.239	0.198	-17144.598
77	16	500	499	0.5175	0.195	0.292	0.266	0.280	0.309	0.262	0.317	0.265	0.343	0.301	0.238	0.267	0.342	0.253	0.271	0.206	0.301	0.341	0.271	0.259	0.265	0.263	0.293	0.317	0.294	0.330	0.310	0.323	0.271	0.303	1.881	0.487	0.218	0.190	-16276.432
78	16	500	500	0.5225	0.226	0.227	0.329	0.280	0.295	0.298	0.340	0.218	0.358	0.302	0.324	0.308	0.289	0.273	0.305	0.275	0.300	0.251	0.310	0.287	0.295	0.219	0.280	0.284	0.339	0.276	0.303	0.272	0.299	0.292	2.003	0.491	0.258	0.197	-16639.299
79	16	500	499	0.5132	0.256	0.298	0.338	0.364	0.283	0.286	0.245	0.286	0.389	0.285	0.331	0.270	0.326	0.243	0.307	0.220	0.360	0.355	0.275	0.301	0.279	0.266	0.293	0.295	0.246	0.300	0.321	0.341	0.263	0.314	2.002	0.454	0.207	0.207	-16747.232
80	16	500	500	0.5036	0.196	0.426	0.306	0.274	0.296	0.254	0.320	0.330	0.262	0.369	0.329	0.277	0.320	0.267	0.297	0.223	0.352	0.354	0.281	0.291	0.270	0.293	0.261	0.310	0.332	0.360	0.334	0.338	0.333	0.282	1.898	0.321	0.208	0.188	-17142.794
81	16	500	500	0.5132	0.248	0.306	0.369	0.332	0.255	0.260	0.291	0.278	0.311	0.272	0.256	0.216	0.287	0.297	0.278	0.263	0.308	0.306	0.207	0.313	0.347	0.286	0.336	0.353	0.290	0.267	0.356	0.331	0.275	0.348	1.971	0.466	0.219	0.204	-16572.382
82	16	500	500	0.5060	0.255	0.294	0.283	0.288	0.295	0.301	0.303	0.286	0.333	0.283	0.299	0.291	0.302	0.277	0.288	0.183	0.226	0.310	0.275	0.291	0.254	0.328	0.328	0.296	0.237	0.276	0.290	0.248	0.269	0.306	2.019	0.491	0.198	0.185	-16250.771
83	16	500	500	0.5176	0.259	0.308	0.309	0.285	0.264	0.270	0.301	0.285	0.270	0.336	0.304	0.258	0.288	0.284	0.277	0.308	0.291	0.342	0.304	0.291	0.273	0.320	0.284	0.220	0.339	0.241	0.346	0.355	0.269	0.282	1.997	0.545	0.284	0.202	-16622.676
84	16	500	500	0.5148	0.270	0.273	0.235	0.300	0.296	0.310	0.316	0.280	0.267	0.280	0.232	0.320	0.242	0.283	0.278	0.259	0.279	0.290	0.302	0.277	0.376	0.287	0.291	0.297	0.234	0.271	0.299	0.229	0.272	0.272	2.035	0.478	0.181	0.208	-16222.006
85	16	500	500	0.5178	0.226	0.324	0.259	0.293	0.342	0.293	0.190	0.346	0.291	0.279	0.301	0.265	0.292	0.289	0.315	0.208	0.298	0.326	0.292	0.314	0.280	0.304	0.285	0.293	0.289	0.305	0.246	0.277	0.284	0.280	1.927	0.493	0.226	0.206	-16486.309
86	16	500	499	0.5208	0.245	0.259	0.402	0.305	0.276	0.310	0.314	0.235	0.254	0.340	0.238	0.316	0.335	0.265	0.288	0.235	0.360	0.303	0.287	0.326	0.243	0.324	0.225	0.254	0.335	0.314	0.284	0.300	0.281	0.322	2.112	0.521	0.255	0.197	-16614.647
87	16	500	500	0.5109	0.220	0.352	0.288	0.306	0.264	0.218	0.254	0.289	0.268	0.353	0.242	0.276	0.297	0.338	0.292	0.186	0.339	0.305	0.327	0.274	0.309	0.291	0.289	0.301	0.307	0.297	0.283	0.304	0.323	0.286	2.134	0.469	0.235	0.194	-16501.188
88	16	500	499	0.5175	0.280	0.310	0.336	0.273	0.323	0.275	0.311	0.264	0.283	0.250	0.345	0.253	0.288	0.265	0.323	0.279	0.271	0.303	0.286	0.377	0.321	0.358	0.280	0.372	0.303	0.307	0.287	0.294	0.362	0.248	1.949	0.421	0.244	0.192	-16970.288
89	16	500	500	0.5162	0.246	0.302	0.241	0.338	0.337	0.311	0.298	0.258	0.243	0.284	0.296	0.254	0.315	0.333	0.319	0.210	0.325	0.282	0.287	0.332	0.292	0.271	0.308	0.198	0.263	0.260	0.270	0.262	0.333	0.237	2.190	0.537	0.271	0.197	-16316.771
90	16	500	500	0.5155	0.264	0.259	0.261	0.305	0.297	0.303	0.286	0.274	0.354	0.279	0.259	0.338	0.312	0.316	0.230	0.192	0.300	0.260	0.267	0.300	0.319	0.297	0.316	0.271	0.301	0.262	0.270	0.343	0.228	0.321	2.016	0.327	0.163	0.195	-16514.075
91	16	500	500	0.5022	0.236	0.278	0.321	0.283	0.366	0.286	0.293	0.305	0.359	0.308	0.363	0.252	0.214	0.288	0.288	0.265	0.308	0.273	0.250	0.281	0.295	0.326	0.268	0.296	0.326	0.320	0.239	0.307	0.356	0.280	2.060	0.539	0.261	0.201	-16651.453
92	16	500	500	0.5152	0.231	0.319	0.293	0.281	0.348	0.346	0.296	0.269	0.321	0.260	0.342	0.259	0.280	0.326	0.322	0.299	0.338	0.309	0.220	0.332	0.324	0.303	0.273	0.329	0.210	0.255	0.293	0.324	0.281	0.315	2.049	0.546	0.275	0.218	-16863.958
93	16	500	499	0.5204	0.274	0.315	0.440	0.255	0.322	0.255	0.300	0.276	0.283	0.303	0.281	0.294	0.270	0.258	0.344	0.261	0.325	0.259	0.307	0.269	0.300	0.287	0.293	0.287	0.197	0.282	0.328	0.323	0.286	0.289	2.024	0.499	0.230	0.194	-16553.784
94	16	500	499	0.5161	0.284	0.223	0.322	0.297	0.354	0.344	0.318	0.357	0.294	0.309	0.320	0.334	0.315	0.312	0.287	0.263	0.286	0.235	0.292	0.288	0.289	0.327	0.346	0.346	0.319	0.340	0.298	0.354	0.321	0.338	1.910	0.429	0.231	0.192	-17096.723
95	16	500	500	0.5072	0.220	0.350	0.283	0.302	0.265	0.332	0.317	0.320	0.242	0.307	0.238	0.307	0.296	0.330	0.314	0.142	0.316	0.283	0.296	0.299	0.345	0.304	0.338	0.308	0.305	0.268	0.326	0.318	0.269	0.352	1.872	0.487	0.260	0.192	-16825.154
96	16	500	500	0.5104	0.206	0.297	0.308	0.330	0.269	0.305	0.340	0.283	0.303	0.298	0.302	0.315	0.283	0.310	0.316	0.196	0.305	0.302	0.278	0.314	0.351	0.235	0.322	0.344	0.379	0.310	0.288	0.258	0.281	0.265	1.924	0.504	0.278	0.202	-16929.610
97	16	500	498	0.5118	0.239	0.271	0.317	0.293	0.307	0.260	0.220	0.298	0.276	0.328	0.295	0.294	0.260	0.264	0.255	0.193	0.265	0.285	0.268	0.297	0.318	0.306	0.281	0.327	0.336	0.288	0.316	0.305	0.326	0.268	1.953	0.518	0.243	0.203	-16482.807
98	16	500	500	0.5013	0.205	0.273	0.329	0.338	0.285	0.337	0.321	0.320	0.325	0.307	0.312	0.313	0.305	0.287	0.273	0.246	0.251	0.280	0.254	0.337	0.291	0.246	0.271	0.329	0.247	0.250	0.299	0.321	0.285	0.338	1.989	0.339	0.187	0.212	-16838.245
99	16	500	500	0.4850	0.236	0.325	0.290	0.210	0.352	0.260	0.272	0.333	0.288	0.345	0.317	0.304	0.341	0.274	0.321	0.244	0.362	0.226	0.285	0.276	0.285	0.313	0.271	0.306	0.277	0.343	0.270	0.326	0.264	0.330	1.903	0.416	0.192	0.213	-16737.939
100	16	500	499	0.5129	0.225	0.296	0.333	0.342	0.253	0.336	0.328	0.298	0.289	0.248	0.330	0.286	0.290	0.279	0.276	0.190	0.254	0.215	0.271	0.253	0.280	0.288	0.359	0.309	0.242	0.295	0.251	0.346	0.293	0.287	1.838	0.372	0.171	0.193	-16484.633
101	16	500	500	0.5044	0.244	0.229	0.303	0.263	0.306	0.309	0.318	0.321	0.311	0.398	0.303	0.288	0.319	0.280	0.320	0.263	0.272	0.294	0.318	0.307	0.301	0.289	0.286	0.330	0.309	0.290	0.306	0.300	0.294	0.330	1.978	0.496	0.284	0.209	-16930.598
102	16	500	500	0.5165	0.231	0.341	0.294	0.304	0.262	0.271	0.280	0.299	0.293	0.340	0.267	0.264	0.268	0.308	0.311	0.220	0.285	0.294	0.286	0.252	0.366	0.293	0.289	0.371	0.288	0.328	0.309	0.293	0.299	0.251	1.918	0.410	0.198	0.194	-16662.645
103	16	500	499	0.5185	0.288	0.332	0.348	0.244	0.282	0.276	0.299	0.290	0.369	0.286	0.295	0.301	0.355	0.278	0.308	0.227	0.388	0.326	0.253	0.337	0.328	0.290	0.267	0.278	0.286	0.271	0.285	0.282	0.325	0.349	2.016	0.443	0.221	0.180	-16755.386
104	16	500	500	0.5178	0.224	0.275	0.325	0.390	0.336	0.301	0.336	0.242	0.300	0.336	0.250	0.222	0.230	0.288	0.341	0.168	0.271	0.277	0.299	0.323	0.311	0.263	0.307	0.299	0.295	0.275	0.305	0.330	0.275	0.330	2.018	0.321	0.161	0.206	-16630.386
105	16	500	500	0.4931	0.262	0.327	0.300	0.386	0.254	0.239	0.267	0.338	0.290	0.321	0.241	0.308	0.308	0.317	0.329	0.232	0.305	0.253	0.299	0.299	0.310	0.278	0.284	0.296	0.287	0.285	0.297	0.276	0.332	0.290	1.902	0.385	0.183	0.202	-16725.607
106	16	500	500	0.5212	0.271	0.268	0.371	0.282	0.299	0.289	0.294	0.360	0.323	0.266	0.277	0.315	0.333	0.327	0.258	0.247	0.299	0.367	0.231	0.348	0.304	0.283	0.342	0.312	0.262	0.268	0.295	0.403	0.294	0.311	1.900	0.509	0.243	0.194	-16882.336
107	16	500	500	0.5080	0.258	0.278	0.309	0.319	0.267	0.245	0.280	0.182	0.339	0.306	0.291	0.325	0.274	0.342	0.326	0.278	0.313	0.368	0.245	0.297	0.237	0.299	0.311	0.331	0.338	0.287	0.220	0.271	0.246	0.315	1.972	0.467	0.231	0.199	-16481.293
108	16	500	500	0.5100	0.181	0.253	0.272	0.250	0.351	0.218	0.305	0.293	0.295	0.298	0.277	0.312	0.270	0.292	0.303	0.238	0.331	0.268	0.322	0.305	0.322	0.285	0.312	0.216	0.363	0.229	0.289	0.280	0.321	0.346	2.002	0.411	0.203	0.186	-16487.167
109	16	500	500	0.5167	0.197	0.402	0.305	0.311	0.317	0.298	0.310	0.293	0.264	0.289	0.280	0.317	0.331	0.311	0.314	0.290	0.290	0.403	0.331	0.286	0.289	0.288	0.290	0.325	0.315	0.293	0.256	0.286	0.310	0.317	1.868	0.423	0.193	0.203	-16994.906
110	16	500	499	0.5063	0.208	0.399	0.327	0.299	0.322	0.357	0.321	0.357	0.290	0.273	0.320	0.269	0.326	0.322	0.277	0.243	0.280	0.305	0.310	0.305	0.360	0.291	0.274	0.280	0.358	0.288	0.280	0.343	0.274	0.269	1.888	0.385	0.190	0.204	-17127.397
111	16	500	500	0.5157	0.208	0.270	0.328	0.359	0.278	0.342	0.318	0.258	0.386	0.249	0.296	0.317	0.309	0.349	0.303	0.212	0.235	0.375	0.311	0.282	0.304	0.253	0.346	0.364	0.365	0.276	0.346	0.290	0.266	0.305	2.054	0.370	0.185	0.193	-16995.920
112	16	500	499	0.5210	0.182	0.318	0.376	0.307	0.295	0.315	0.319	0.283	0.317	0.318	0.274	0.293	0.313	0.356	0.281	0.242	0.307	0.210	0.307	0.281	0.299	0.262	0.346	0.385	0.337	0.329	0.275	0.252	0.307	0.339	1.868	0.419	0.263	0.175	-16947.892
113	16	500	498	0.4955	0.208	0.339	0.352	0.312	0.304	0.286	0.355	0.296	0.280	0.339	0.296	0.312	0.292	0.396	0.320	0.206	0.326	0.294	0.323	0.299	0.286	0.310	0.288	0.315	0.270	0.334	0.301	0.296	0.375	0.305	2.007	0.388	0.196	0.201	-17085.544
114	16	500	500	0.5217	0.210	0.344	0.266	0.365	0.260	0.271	0.279	0.321	0.260	0.298	0.308	0.342	0.286	0.314	0.268	0.257	0.323	0.326	0.316	0.299	0.321	0.260	0.282	0.285	0.218	0.239	0.373	0.310	0.293	0.274	2.057	0.446	0.206	0.190	-16623.135
115	16	500	500	0.5066	0.238	0.264	0.290	0.277	0.349	0.334	0.287	0.318	0.278	0.258	0.278	0.294	0.302	0.258	0.289	0.237	0.310	0.283	0.311	0.366	0.301	0.346	0.354	0.336	0.276	0.315	0.307	0.314	0.281	0.297	1.920	0.427	0.208	0.185	-16769.676
116	16	500	500	0.5217	0.266	0.227	0.333	0.299	0.305	0.261	0.306	0.290	0.331	0.300	0.273	0.351	0.303	0.298	0.308	0.219	0.270	0.282	0.247	0.347	0.290	0.293	0.339	0.343	0.200	0.241	0.291	0.309	0.293	0.244	1.987	0.521	0.228	0.205	-16592.102
117	16	500	500	0.5221	0.221	0.352	0.316	0.275	0.317	0.254	0.236	0.347	0.241	0.311	0.284	0.303	0.264	0.293	0.286	0.189	0.239	0.355	0.271	0.291	0.236	0.291	0.342	0.306	0.238	0.264	0.322	0.280	0.313	0.353	2.022	0.467	0.247	0.194	-16574.120
118	16	500	499	0.5171	0.179	0.268	0.310	0.308	0.270	0.334	0.348	0.327	0.373	0.362	0.298	0.281	0.280	0.306	0.275	0.175	0.265	0.310	0.322	0.289	0.295	0.266	0.348	0.300	0.269	0.331	0.299	0.324	0.339	0.380	2.123	0.364	0.207	0.202	-17051.041
119	16	500	500	0.5202	0.240	0.328	0.346	0.334	0.313	0.313	0.345	0.344	0.287	0.278	0.293	0.287	0.338	0.330	0.305	0.174	0.264	0.324	0.310	0.253	0.306	0.303	0.300	0.267	0.271	0.317	0.280	0.343	0.316	0.271	2.044	0.475	0.264	0.185	-16787.823
120	16	500	498	0.5103	0.219	0.327	0.338	0.303	0.284	0.180	0.310	0.264	0.271	0.321	0.258	0.309	0.250	0.297	0.331	0.208	0.245	0.294	0.299	0.314	0.301	0.301	0.298	0.278	0.269	0.297	0.317	0.373	0.325	0.278	1.921	0.470	0.199	0.195	-16516.769
121	16	500	500	0.5108	0.231	0.320	0.267	0.312	0.255	0.293	0.313	0.315	0.307	0.382	0.265	0.334	0.340	0.340	0.311	0.216	0.277	0.213	0.364	0.287	0.344	0.240	0.328	0.313	0.325	0.308	0.294	0.238	0.314	0.322	2.030	0.394	0.183	0.205	-16843.976
122	16	500	500	0.5082	0.201	0.317	0.221	0.339	0.299	0.301	0.318	0.342	0.329	0.299	0.323	0.259	0.317	0.308	0.296	0.284	0.268	0.327	0.325	0.280	0.319	0.295	0.344	0.393	0.368	0.316	0.306	0.344	0.319	0.329	2.001	0.442	0.240	0.199	-17270.297
123	16	500	500	0.5044	0.269	0.245	0.327	0.245	0.317	0.322	0.284	0.221	0.278	0.319	0.247	0.268	0.353	0.303	0.322	0.241	0.283	0.295	0.278	0.263	0.337	0.315	0.328	0.361	0.293	0.286	0.288	0.278	0.293	0.283	2.029	0.424	0.203	0.203	-16632.206
124	16	500	500	0.5031	0.276	0.288	0.311	0.341	0.285	0.291	0.315	0.310	0.274	0.355	0.276	0.247	0.311	0.346	0.296	0.245	0.332	0.322	0.275	0.297	0.311	0.361	0.346	0.260	0.294	0.339	0.302	0.337	0.319	0.367	2.067	0.428	0.258	0.186	-17125.559
125	16	500	500	0.5276	0.248	0.376	0.274	0.277	0.317	0.230	0.266	0.262	0.378	0.277	0.301	0.252	0.273	0.288	0.211	0.191	0.342	0.334	0.264	0.236	0.295	0.315	0.244	0.342	0.334	0.286	0.308	0.278	0.308	0.310	2.023	0.564	0.228	0.203	-16357.091
126	16	500	500	0.5289	0.240	0.258	0.321	0.300	0.279	0.277	0.301	0.335	0.260	0.290	0.284	0.310	0.316	0.289	0.330	0.254	0.260	0.238	0.352	0.319	0.306	0.339	0.270	0.284	0.319	0.335	0.313	0.305	0.277	0.341	2.072	0.509	0.218	0.200	-16759.176
127	16	500	500	0.5029	0.227	0.312	0.265	0.310	0.319	0.303	0.292	0.307	0.305	0.319	0.342	0.284	0.311	0.282	0.336	0.250	0.325	0.326	0.305	0.320	0.286	0.352	0.241	0.270	0.309	0.310	0.343	0.286	0.357	0.258	2.073	0.362	0.199	0.213	-17062.658
128	16	500	500	0.5156	0.270	0.222	0.291	0.285	0.292	0.314	0.281	0.275	0.272	0.295	0.287	0.275	0.366	0.271	0.170	0.263	0.315	0.312	0.265	0.319	0.293	0.356	0.288	0.287	0.389	0.271	0.245	0.288	0.319	0.265	2.050	0.389	0.201	0.198	-16619.117
129	16	500	500	0.4990	0.231	0.251	0.389	0.323	0.292	0.329	0.312	0.348	0.370	0.250	0.276	0.329	0.345	0.304	0.331	0.294	0.267	0.298	0.307	0.309	0.282	0.349	0.262	0.313	0.269	0.285	0.301	0.319	0.292	0.311	1.886	0.465	0.259	0.192	-17010.371
130	16	500	500	0.4982	0.164	0.338	0.331	0.301	0.357	0.375	0.316	0.313	0.250	0.334	0.304	0.268	0.297	0.289	0.323	0.187	0.282	0.332	0.290	0.290	0.332	0.352	0.269	0.320	0.344	0.247	0.275	0.304	0.316	0.281	1.859	0.375	0.224	0.201	-17030.157
131	16	500	500	0.5123	0.247	0.329	0.303	0.289	0.328	0.313	0.244	0.269	0.224	0.303	0.299	0.306	0.284	0.319	0.349	0.288	0.309	0.332	0.277	0.294	0.325	0.303	0.282	0.313	0.231	0.346	0.318	0.371	0.291	0.296	2.056	0.435	0.222	0.197	-16857.536
132	16	500	500	0.5066	0.238	0.332	0.262	0.285	0.321	0.221	0.329	0.286	0.298	0.246	0.281	0.333	0.308	0.348	0.320	0.228	0.290	0.257	0.285	0.281	0.247	0.285	0.302	0.276	0.270	0.330	0.232	0.292	0.280	0.295	1.912	0.282	0.144	0.212	-16734.943
133	16	500	500	0.5116	0.230	0.237	0.263	0.346	0.304	0.275	0.296	0.298	0.308	0.331	0.302	0.267	0.316	0.278	0.321	0.259	0.289	0.310	0.259	0.328	0.256	0.224	0.409	0.332	0.302	0.320	0.278	0.331	0.233	0.280	1.908	0.517	0.208	0.206	-16706.751
134	16	500	500	0.4965	0.287	0.333	0.284	0.321	0.327	0.318	0.322	0.302	0.309	0.258	0.316	0.303	0.365	0.320	0.307	0.257	0.278	0.299	0.354	0.316	0.360	0.338	0.313	0.387	0.267	0.277	0.298	0.300	0.274	0.256	2.153	0.432	0.244	0.199	-17059.803
135	16	500	500	0.5110	0.248	0.256	0.371	0.258	0.247	0.276	0.299	0.258	0.271	0.313	0.266	0.309	0.286	0.345	0.249	0.206	0.325	0.358	0.306	0.282	0.236	0.327	0.282	0.240	0.257	0.304	0.339	0.313	0.230	0.366	2.093	0.504	0.225	0.209	-16534.715
136	16	500	500	0.5157	0.253	0.298	0.305	0.324	0.360	0.303	0.282	0.344	0.223	0.270	0.325	0.317	0.259	0.270	0.303	0.248	0.284	0.341	0.333	0.277	0.268	0.286	0.334	0.284	0.319	0.279	0.264	0.286	0.315	0.291	2.034	0.436	0.207	0.192	-16667.525
137	16	500	500	0.5128	0.246	0.226	0.296	0.339	0.365	0.271	0.327	0.317	0.302	0.303	0.324	0.293	0.381	0.298	0.300	0.215	0.251	0.336	0.287	0.303	0.308	0.321	0.282	0.308	0.317	0.268	0.292	0.234	0.318	0.332	1.924	0.458	0.262	0.195	-16987.728
138	16	500	500	0.5060	0.329	0.323	0.320	0.268	0.321	0.321	0.316	0.363	0.289	0.296	0.266	0.262	0.283	0.257	0.275	0.293	0.331	0.279	0.334	0.312	0.299	0.276	0.318	0.261	0.337	0.314	0.279	0.334	0.298	0.395	1.903	0.496	0.227	0.206	-16900.484
139	16	500	500	0.5097	0.230	0.276	0.253	0.263	0.314	0.346	0.275	0.244	0.303	0.256	0.293	0.269	0.266	0.305	0.338	0.166	0.299	0.294	0.330	0.306	0.351	0.302	0.250	0.273	0.316	0.323	0.290	0.229	0.287	0.258	2.014	0.475	0.205	0.205	-16380.803
140	16	500	500	0.5042	0.229	0.263	0.291	0.312	0.274	0.331	0.318	0.283	0.352	0.270	0.286	0.380	0.310	0.312	0.296	0.221	0.315	0.281	0.280	0.236	0.344	0.339	0.332	0.282	0.385	0.359	0.246	0.254	0.334	0.274	1.905	0.425	0.227	0.186	-16851.532
141	16	500	500	0.5116	0.238	0.262	0.374	0.290	0.260	0.302	0.299	0.264	0.379	0.328	0.280	0.302	0.273	0.283	0.284	0.233	0.293	0.326	0.317	0.310	0.297	0.300	0.301	0.296	0.330	0.327	0.308	0.281	0.272	0.314	1.967	0.460	0.225	0.195	-16760.726
142	16	500	500	0.5065	0.186	0.257	0.393	0.306	0.352	0.322	0.323	0.267	0.342	0.326	0.351	0.352	0.293	0.313	0.315	0.217	0.304	0.303	0.279	0.344	0.329	0.265	0.307	0.308	0.373	0.316	0.257	0.261	0.281	0.310	1.869	0.309	0.164	0.191	-17000.644
143	16	500	500	0.4938	0.256	0.238	0.325	0.332	0.359	0.328	0.280	0.362	0.243	0.271	0.265	0.256	0.278	0.404	0.287	0.259	0.306	0.237	0.302	0.323	0.277	0.273	0.300	0.321	0.301	0.274	0.336	0.336	0.315	0.299	1.861	0.465	0.234	0.205	-16846.443
144	16	500	500	0.5250	0.246	0.320	0.361	0.344	0.253	0.307	0.276	0.377	0.290	0.280	0.314	0.335	0.284	0.322	0.309	0.238	0.265	0.317	0.295	0.293	0.295	0.332	0.278	0.318	0.322	0.349	0.270	0.231	0.268	0.353	1.941	0.467	0.261	0.187	-17123.789
145	16	500	500	0.5186	0.242	0.292	0.404	0.327	0.305	0.237	0.306	0.297	0.338	0.292	0.337	0.347	0.312	0.293	0.341	0.263	0.382	0.318	0.296	0.297	0.252	0.283	0.274	0.224	0.257	0.252	0.335	0.312	0.353	0.356	2.047	0.389	0.293	0.188	-17292.510
146	16	500	498	0.5060	0.215	0.386	0.236	0.361	0.285	0.262	0.335	0.298	0.266	0.303	0.310	0.317	0.323	0.315	0.280	0.225	0.388	0.316	0.337	0.327	0.253	0.326	0.275	0.248	0.300	0.304	0.351	0.268	0.347	0.283	1.967	0.445	0.204	0.197	-16963.367
147	16	500	499	0.5231	0.224	0.249	0.305	0.274	0.326	0.361	0.281	0.315	0.285	0.263	0.314	0.295	0.312	0.310	0.327	0.261	0.263	0.251	0.283	0.290	0.359	0.225	0.273	0.355	0.275	0.292	0.317	0.281	0.262	0.303	2.070	0.444	0.224	0.214	-16650.030
148	16	500	500	0.5111	0.166	0.314	0.282	0.268	0.248	0.296	0.258	0.286	0.305	0.345	0.295	0.297	0.226	0.318	0.356	0.123	0.384	0.300	0.325	0.286	0.361	0.268	0.314	0.288	0.294	0.293	0.305	0.358	0.294	0.265	1.968	0.421	0.217	0.190	-16606.730
149	16	500	499	0.4990	0.245	0.230	0.285	0.256	0.309	0.300	0.307	0.225	0.329	0.284	0.271	0.234	0.281	0.265	0.376	0.230	0.337	0.295	0.308	0.287	0.224	0.283	0.293	0.360	0.271	0.233	0.272	0.387	0.299	0.274	1.974	0.498	0.227	0.188	-16243.673
150	16	500	499	0.5158	0.195	0.313	0.333	0.350	0.311	0.277	0.292	0.297	0.245	0.296	0.233	0.323	0.351	0.303	0.352	0.271	0.376	0.303	0.307	0.306	0.297	0.317	0.306	0.294	0.322	0.276	0.415	0.320	0.294	0.282	1.998	0.423	0.269	0.174	-17025.256
151	16	500	500	0.5012	0.267	0.323	0.253	0.294	0.244	0.256	0.330	0.326	0.237	0.397	0.292	0.274	0.297	0.279	0.342	0.238	0.201	0.304	0.339	0.266	0.274	0.286	0.286	0.289	0.345	0.315	0.241	0.252	0.311	0.304	2.118	0.485	0.231	0.200	-16497.029
152	16	500	499	0.5260	0.270	0.311	0.304	0.342	0.306	0.330	0.283	0.343	0.366	0.334	0.288	0.278	0.312	0.271	0.378	0.225	0.232	0.302	0.351	0.281	0.246	0.342	0.303	0.255	0.342	0.307	0.271	0.315	0.252	0.325	1.948	0.396	0.213	0.205	-17159.493
153	16	500	499	0.5042	0.274	0.233	0.369	0.367	0.299	0.274	0.265	0.294	0.221	0.281	0.318	0.294	0.301	0.308	0.269	0.253	0.254	0.362	0.320	0.246	0.243	0.311	0.291	0.345	0.272	0.318	0.271	0.259	0.331	0.262	2.077	0.477	0.198	0.203	-16544.790
154	16	500	500	0.5044	0.205	0.340	0.278	0.294	0.308	0.290	0.285	0.330	0.294	0.315	0.253	0.334	0.308	0.323	0.285	0.183	0.233	0.314	0.302	0.281	0.229	0.295	0.322	0.329	0.272	0.292	0.315	0.322	0.269	0.336	1.887	0.457	0.225	0.205	-16704.130
155	16	500	500	0.5096	0.225	0.317	0.288	0.277	0.257	0.247	0.318	0.308	0.268	0.251	0.316	0.343	0.345	0.318	0.292	0.209	0.331	0.308	0.304	0.284	0.308	0.285	0.334	0.323	0.335	0.314	0.331	0.334	0.260	0.310	1.937	0.516	0.268	0.205	-16895.955
156	16	500	500	0.5171	0.210	0.249	0.322	0.320	0.337	0.351	0.278	0.364	0.341	0.301	0.285	0.305	0.335	0.387	0.267	0.256	0.311	0.321	0.375	0.329	0.337	0.316	0.267	0.305	0.292	0.315	0.328	0.323	0.299	0.346	2.040	0.351	0.209	0.194	-17345.319
157	16	500	500	0.5170	0.281	0.236	0.343	0.287	0.338	0.262	0.331	0.340	0.301	0.304	0.297	0.224	0.283	0.318	0.337	0.203	0.280	0.270	0.297	0.297	0.346	0.276	0.289	0.264	0.339	0.316	0.347	0.352	0.307	0.293	1.930	0.568	0.275	0.204	-16851.786
158	16	500	500	0.5323	0.236	0.311	0.237	0.272	0.307	0.286	0.298	0.239	0.294	0.351	0.247	0.274	0.239	0.317	0.309	0.231	0.305	0.313	0.330	0.273	0.302	0.251	0.330	0.362	0.353	0.316	0.292	0.297	0.298	0.322	1.930	0.448	0.220	0.196	-16714.258
159	16	500	500	0.5456	0.175	0.272	0.309	0.275	0.264	0.347	0.325	0.289	0.275	0.301	0.268	0.279	0.276	0.318	0.339	0.231	0.306	0.285	0.319	0.261	0.315	0.273	0.322	0.324	0.259	0.291	0.313	0.294	0.282	0.299	2.093	0.439	0.211	0.185	-16529.508
160	16	500	500	0.5080	0.226	0.362	0.322	0.280	0.313	0.262	0.282	0.274	0.262	0.303	0.332	0.316	0.292	0.259	0.302	0.215	0.297	0.315	0.330	0.275	0.284	0.316	0.348	0.386	0.316	0.258	0.371	0.311	0.298	0.298	1.929	0.520	0.294	0.183	-16750.691
161	16	500	500	0.5200	0.134	0.271	0.301	0.327	0.316	0.314	0.254	0.273	0.353	0.321	0.268	0.268	0.365	0.369	0.229	0.214	0.314	0.326	0.317	0.268	0.232	0.305	0.316	0.335	0.254	0.365	0.321	0.309	0.327	0.322	2.004	0.311	0.150	0.212	-16893.552
162	16	500	500	0.5135	0.257	0.314	0.300	0.280	0.300	0.310	0.246	0.357	0.356	0.329	0.271	0.361	0.276	0.268	0.323	0.243	0.263	0.258	0.344	0.279	0.313	0.250	0.313	0.295	0.305	0.246	0.331	0.329	0.298	0.318	2.029	0.508	0.267	0.204	-16871.152
163	16	500	500	0.5062	0.200	0.328	0.357	0.280	0.305	0.261	0.230	0.292	0.293	0.322	0.258	0.260	0.329	0.279	0.343	0.245	0.263	0.290	0.274	0.316	0.291	0.273	0.275	0.312	0.303	0.271	0.315	0.298	0.324	0.309	1.949	0.415	0.203	0.198	-16568.536
164	16	500	500	0.5093	0.216	0.308	0.237	0.256	0.327	0.331	0.308	0.296	0.294	0.344	0.268	0.279	0.389	0.284	0.335	0.276	0.343	0.317	0.289	0.312	0.260	0.290	0.274	0.288	0.338	0.336	0.294	0.340	0.346	0.253	1.939	0.446	0.265	0.205	-17033.241
165	16	500	500	0.5124	0.307	0.275	0.293	0.337	0.314	0.264	0.235	0.281	0.305	0.334	0.294	0.294	0.345	0.352	0.292	0.278	0.335	0.296	0.306	0.275	0.299	0.335	0.284	0.249	0.246	0.300	0.344	0.350	0.361	0.289	1.972	0.545	0.273	0.200	-16876.661
166	16	500	500	0.5058	0.288	0.302	0.343	0.272	0.301	0.259	0.305	0.260	0.322	0.296	0.286	0.292	0.259	0.264	0.333	0.249	0.280	0.309	0.338	0.260	0.259	0.271	0.344	0.314	0.242	0.332	0.307	0.265	0.310	0.324	2.091	0.449	0.219	0.175	-16454.898
167	16	500	500	0.5391	0.195	0.256	0.353	0.359	0.245	0.324	0.304	0.351	0.311	0.286	0.351	0.310	0.327	0.292	0.302	0.251	0.321	0.277	0.287	0.317	0.318	0.320	0.288	0.330	0.321	0.300	0.296	0.309	0.329	0.299	1.960	0.422	0.230	0.184	-17081.993
168	16	500	500	0.5228	0.300	0.264	0.267	0.309	0.307	0.350	0.328	0.286	0.305	0.291	0.327	0.303	0.295	0.301	0.279	0.284	0.301	0.299	0.263	0.319	0.317	0.332	0.248	0.210	0.374	0.316	0.279	0.346	0.332	0.326	2.013	0.439	0.213	0.193	-16908.908
169	16	500	500	0.5270	0.255	0.317	0.310	0.277	0.276	0.254	0.342	0.259	0.293	0.336	0.257	0.325	0.375	0.290	0.329	0.200	0.329	0.288	0.267	0.321	0.307	0.281	0.301	0.267	0.303	0.286	0.319	0.296	0.343	0.295	1.870	0.444	0.208	0.195	-16880.146
170	16	500	500	0.5073	0.160	0.333	0.302	0.299	0.297	0.317	0.294	0.252	0.255	0.268	0.326	0.246	0.341	0.285	0.302	0.174	0.292	0.243	0.317	0.306	0.332	0.267	0.342	0.367	0.369	0.303	0.273	0.275	0.298	0.282	1.994	0.563	0.285	0.190	-16485.664
171	16	500	500	0.5185	0.202	0.318	0.343	0.252	0.300	0.277	0.258	0.312	0.291	0.245	0.333	0.286	0.325	0.342	0.310	0.182	0.250	0.355	0.325	0.325	0.285	0.291	0.246	0.266	0.328	0.305	0.351	0.284	0.333	0.316	2.090	0.523	0.242	0.187	-16675.723
172	16	500	499	0.5148	0.214	0.326	0.363	0.275	0.292	0.279	0.295	0.283	0.277	0.270	0.319	0.315	0.315	0.353	0.313	0.179	0.226	0.352	0.313	0.310	0.312	0.329	0.330	0.359	0.290	0.329	0.313	0.311	0.247	0.298	2.088	0.480	0.277	0.194	-16893.284
173	16	500	500	0.5130	0.236	0.372	0.192	0.299	0.299	0.360	0.293	0.374	0.358	0.344	0.230	0.349	0.268	0.265	0.339	0.225	0.287	0.269	0.283	0.301	0.215	0.350	0.257	0.334	0.292	0.334	0.337	0.304	0.285	0.297	2.098	0.451	0.261	0.196	-16902.095
174	16	500	500	0.5102	0.237	0.389	0.284	0.341	0.298	0.318	0.303	0.331	0.236	0.356	0.322	0.319	0.384	0.361	0.309	0.220	0.374	0.253	0.299	0.356	0.399	0.352	0.271	0.291	0.348	0.302	0.317	0.303	0.276	0.347	1.906	0.402	0.245	0.182	-17362.456
175	16	500	499	0.5012	0.249	0.305	0.314	0.313	0.271	0.231	0.317	0.287	0.363	0.313	0.258	0.302	0.275	0.374	0.287	0.307	0.341	0.321	0.333	0.269	0.366	0.304	0.277	0.226	0.313	0.319	0.312	0.332	0.265	0.288	1.994	0.491	0.257	0.191	-16719.663
176	16	500	500	0.5028	0.227	0.293	0.347	0.268	0.272	0.304	0.245	0.303	0.240	0.296	0.329	0.304	0.316	0.297	0.306	0.248	0.302	0.263	0.314	0.317	0.287	0.252	0.333	0.324	0.302	0.305	0.275	0.339	0.311	0.305	2.147	0.405	0.222	0.188	-16640.066
177	16	500	500	0.5153	0.239	0.329	0.231	0.318	0.286	0.265	0.300	0.332	0.315	0.307	0.325	0.276	0.250	0.291	0.377	0.199	0.230	0.320	0.295	0.297	0.311	0.271	0.337	0.288	0.354	0.306	0.252	0.353	0.321	0.284	2.092	0.442	0.217	0.193	-16771.752
178	16	500	500	0.5095	0.248	0.295	0.333	0.249	0.296	0.329	0.281	0.256	0.233	0.352	0.244	0.311	0.320	0.275	0.329	0.191	0.268	0.286	0.383	0.246	0.307	0.288	0.331	0.266	0.221	0.244	0.264	0.294	0.318	0.295	1.915	0.534	0.271	0.208	-16610.097
179	16	500	500	0.5125	0.238	0.223	0.274	0.332	0.301	0.288	0.282	0.303	0.286	0.353	0.280	0.271	0.301	0.265	0.256	0.294	0.333	0.242	0.267	0.268	0.291	0.267	0.315	0.304	0.303	0.301	0.270	0.330	0.279	0.322	1.822	0.420	0.189	0.185	-16421.720
180	16	500	499	0.5194	0.266	0.370	0.262	0.263	0.331	0.290	0.294	0.303	0.266	0.395	0.263	0.303	0.350	0.265	0.308	0.266	0.346	0.334	0.293	0.315	0.235	0.265	0.299	0.268	0.310	0.294	0.342	0.302	0.282	0.283	2.018	0.580	0.303	0.212	-16831.321
181	16	500	500	0.5081	0.279	0.241	0.280	0.363	0.297	0.328	0.279	0.299	0.303	0.297	0.313	0.324	0.364	0.258	0.312	0.229	0.324	0.233	0.324	0.251	0.237	0.328	0.304	0.322	0.283	0.304	0.306	0.258	0.319	0.337	1.903	0.466	0.219	0.200	-16912.346
182	16	500	500	0.5211	0.173	0.240	0.235	0.308	0.307	0.389	0.305	0.266	0.360	0.248	0.321	0.279	0.275	0.302	0.306	0.199	0.286	0.245	0.282	0.286	0.292	0.289	0.299	0.271	0.304	0.264	0.331	0.255	0.311	0.298	1.940	0.509	0.242	0.199	-16535.986
183	16	500	500	0.5175	0.225	0.290	0.338	0.354	0.260	0.257	0.279	0.300	0.307	0.351	0.296	0.276	0.215	0.317	0.358	0.226	0.365	0.244	0.311	0.315	0.339	0.329	0.341	0.290	0.282	0.270	0.337	0.306	0.332	0.303	2.045	0.538	0.282	0.208	-16893.824
184	16	500	500	0.5056	0.297	0.266	0.304	0.283	0.341	0.317	0.319	0.334	0.288	0.338	0.309	0.283	0.369	0.287	0.383	0.278	0.321	0.327	0.319	0.334	0.281	0.276	0.326	0.255	0.290	0.310	0.282	0.243	0.282	0.247	1.994	0.546	0.317	0.212	-17123.766
185	16	500	499	0.5116	0.230	0.373	0.301	0.318	0.316	0.260	0.276	0.315	0.248	0.292	0.271	0.335	0.351	0.321	0.288	0.271	0.293	0.273	0.315	0.318	0.360	0.256	0.254	0.324	0.301	0.272	0.267	0.306	0.312	0.236	1.908	0.393	0.233	0.187	-16691.804
186	16	500	500	0.5071	0.276	0.291	0.328	0.332	0.308	0.282	0.271	0.301	0.307	0.343	0.333	0.293	0.295	0.274	0.343	0.237	0.334	0.349	0.301	0.299	0.294	0.315	0.312	0.221	0.261	0.291	0.257	0.277	0.314	0.353	2.098	0.490	0.267	0.206	-16929.570
187	16	500	500	0.5257	0.227	0.291	0.339	0.323	0.311	0.277	0.248	0.246	0.294	0.269	0.307	0.251	0.318	0.361	0.261	0.188	0.290	0.311	0.268	0.316	0.258	0.339	0.269	0.326	0.340	0.227	0.328	0.344	0.339	0.315	1.941	0.534	0.285	0.194	-16712.221
188	16	500	500	0.5142	0.205	0.363	0.347	0.263	0.309	0.335	0.306	0.296	0.216	0.287	0.339	0.301	0.314	0.260	0.285	0.265	0.308	0.191	0.287	0.272	0.305	0.269	0.320	0.240	0.378	0.326	0.331	0.375	0.245	0.315	1.828	0.495	0.208	0.203	-16746.944
189	16	500	500	0.5178	0.243	0.389	0.313	0.305	0.320	0.228	0.322	0.245	0.341	0.276	0.367	0.308	0.345	0.280	0.352	0.273	0.320	0.326	0.336	0.266	0.225	0.314	0.376	0.282	0.253	0.299	0.296	0.376	0.301	0.282	1.941	0.513	0.275	0.208	-17149.884
190	16	500	500	0.5226	0.224	0.317	0.299	0.365	0.302	0.297	0.333	0.293	0.313	0.260	0.293	0.359	0.335	0.282	0.365	0.239	0.270	0.291	0.346	0.317	0.314	0.284	0.312	0.236	0.275	0.360	0.330	0.318	0.266	0.324	1.911	0.493	0.246	0.198	-17118.716
191	16	500	499	0.5274	0.230	0.219	0.338	0.276	0.294	0.294	0.274	0.289	0.275	0.286	0.337	0.273	0.333	0.321	0.304	0.254	0.276	0.321	0.239	0.287	0.276	0.304	0.294	0.366	0.261	0.295	0.357	0.256	0.285	0.325	1.950	0.408	0.205	0.187	-16658.534
192	16	500	500	0.5083	0.270	0.309	0.315	0.289	0.309	0.337	0.302	0.304	0.324	0.338	0.338	0.321	0.343	0.365	0.305	0.269	0.344	0.256	0.277	0.314	0.283	0.363	0.303	0.330	0.291	0.309	0.269	0.305	0.346	0.289	1.950	0.436	0.286	0.193	-17231.723
193	16	500	500	0.5061	0.164	0.254	0.355	0.274	0.320	0.374	0.231	0.276	0.337	0.355	0.313	0.314	0.307	0.357	0.339	0.228	0.251	0.226	0.333	0.269	0.226	0.287	0.273	0.341	0.285	0.316	0.293	0.325	0.306	0.264	1.899	0.542	0.224	0.189	-16584.490
194	16	500	500	0.5006	0.245	0.281	0.240	0.285	0.278	0.243	0.275	0.278	0.232	0.330	0.316	0.316	0.248	0.308	0.299	0.202	0.365	0.343	0.299	0.277	0.275	0.288	0.282	0.316	0.326	0.340	0.260	0.316	0.284	0.315	2.073	0.435	0.220	0.192	-16565.338
195	16	500	500	0.5007	0.259	0.344	0.286	0.312	0.246	0.267	0.274	0.336	0.273	0.360	0.365	0.297	0.314	0.279	0.281	0.229	0.393	0.331	0.316	0.277	0.265	0.238	0.338	0.270	0.252	0.281	0.230	0.299	0.279	0.308	2.062	0.549	0.251	0.201	-16541.745
196	16	500	500	0.5138	0.182	0.276	0.419	0.280	0.279	0.274	0.353	0.257	0.315	0.269	0.248	0.344	0.277	0.346	0.346	0.230	0.324	0.238	0.292	0.327	0.318	0.290	0.312	0.358	0.293	0.315	0.347	0.325	0.338	0.247	2.160	0.436	0.206	0.212	-16963.878
197	16	500	500	0.5185	0.258	0.303	0.289	0.264	0.340	0.245	0.283	0.307	0.275	0.256	0.301	0.321	0.282	0.343	0.264	0.250	0.333	0.254	0.317	0.263	0.261	0.299	0.319	0.231	0.363	0.316	0.294	0.341	0.292	0.259	1.990	0.514	0.255	0.200	-16647.157
198	16	500	500	0.5176	0.220	0.360	0.251	0.253	0.301	0.340	0.294	0.306	0.325	0.274	0.266	0.353	0.311	0.299	0.335	0.223	0.319	0.297	0.306	0.330	0.235	0.276	0.271	0.303	0.313	0.276	0.311	0.327	0.291	0.340	2.023	0.463	0.222	0.196	-16763.546
199	16	500	499	0.5068	0.229	0.333	0.324	0.299	0.295	0.270	0.294	0.253	0.272	0.294	0.245	0.340	0.258	0.292	0.267	0.198	0.274	0.287	0.314	0.234	0.340	0.266	0.291	0.274	0.272	0.245	0.331	0.339	0.289	0.294	2.093	0.626	0.288	0.190	-16234.709
200	16	500	500	0.4945	0.204	0.216	0.332	0.301	0.324	0.272	0.297	0.313	0.324	0.336	0.248	0.337	0.397	0.277	0.318	0.220	0.358	0.310	0.282	0.298	0.322	0.303	0.311	0.319	0.325	0.287	0.306	0.309	0.344	0.251	2.017	0.358	0.182	0.203	-16985.595
201	16	500	500	0.5131	0.290	0.313	0.309	0.288	0.296	0.255	0.314	0.280	0.325	0.213	0.279	0.335	0.329	0.294	0.343	0.261	0.320	0.324	0.339	0.269	0.302	0.290	0.292	0.287	0.342	0.326	0.268	0.334	0.298	0.282	2.008	0.504	0.250	0.205	-16884.860
202	16	500	498	0.5087	0.184	0.306	0.305	0.218	0.295	0.316	0.294	0.307	0.258	0.298	0.303	0.312	0.373	0.295	0.308	0.261	0.288	0.350	0.299	0.281	0.310	0.307	0.256	0.353	0.310	0.315	0.300	0.330	0.264	0.259	1.899	0.505	0.296	0.191	-16842.688
203	16	500	500	0.5168	0.247	0.293	0.313	0.304	0.318	0.286	0.320	0.265	0.281	0.355	0.285	0.331	0.342	0.341	0.307	0.253	0.284	0.268	0.359	0.265	0.285	0.316	0.325	0.285	0.282	0.315	0.288	0.310	0.339	0.292	2.008	0.353	0.223	0.183	-17023.250
204	16	500	500	0.5094	0.225	0.253	0.317	0.290	0.323	0.361	0.269	0.313	0.303	0.340	0.344	0.264	0.305	0.361	0.313	0.232	0.266	0.340	0.337	0.254	0.269	0.294	0.253	0.244	0.324	0.223	0.323	0.264	0.272	0.305	1.907	0.404	0.192	0.203	-16731.311
205	16	500	500	0.4917	0.214	0.282	0.364	0.264	0.294	0.307	0.306	0.296	0.336	0.387	0.314	0.294	0.302	0.262	0.280	0.234	0.240	0.343	0.277	0.340	0.336	0.326	0.350	0.296	0.282	0.334	0.323	0.288	0.347	0.286	1.925	0.497	0.271	0.218	-17110.761
206	16	500	500	0.5228	0.270	0.301	0.337	0.348	0.292	0.412	0.296	0.314	0.339	0.313	0.260	0.285	0.285	0.320	0.292	0.199	0.264	0.339	0.345	0.242	0.332	0.311	0.280	0.384	0.296	0.350	0.294	0.294	0.277	0.307	1.983	0.517	0.294	0.196	-17058.512
207	16	500	500	0.5302	0.310	0.279	0.276	0.331	0.264	0.303	0.286	0.358	0.344	0.265	0.305	0.300	0.332	0.287	0.362	0.292	0.292	0.293	0.280	0.300	0.272	0.388	0.232	0.346	0.389	0.264	0.314	0.270	0.307	0.274	2.016	0.503	0.223	0.196	-16932.400
208	16	500	499	0.5155	0.250	0.241	0.286	0.334	0.301	0.388	0.266	0.299	0.283	0.318	0.308	0.242	0.299	0.330	0.336	0.242	0.322	0.291	0.306	0.275	0.279	0.342	0.259	0.266	0.298	0.307	0.306	0.295	0.296	0.285	1.993	0.523	0.232	0.222	-16860.041
209	16	500	499	0.5191	0.282	0.282	0.309	0.280	0.352	0.266	0.302	0.329	0.356	0.279	0.243	0.291	0.352	0.285	0.292	0.240	0.403	0.355	0.359	0.271	0.284	0.274	0.279	0.253	0.259	0.274	0.299	0.334	0.297	0.291	1.986	0.386	0.211	0.197	-16863.496
210	16	500	500	0.5169	0.225	0.247	0.339	0.350	0.334	0.236	0.309	0.317	0.261	0.314	0.330	0.283	0.328	0.301	0.294	0.191	0.366	0.310	0.286	0.279	0.290	0.330	0.379	0.272	0.296	0.280	0.321	0.299	0.274	0.286	2.038	0.509	0.280	0.224	-16973.331
211	16	500	500	0.5110	0.195	0.348	0.260	0.324	0.287	0.303	0.350	0.306	0.323	0.222	0.365	0.330	0.320	0.261	0.351	0.261	0.347	0.306	0.289	0.320	0.295	0.331	0.289	0.262	0.340	0.303	0.287	0.284	0.298	0.308	1.885	0.467	0.259	0.207	-17125.971
212	16	500	500	0.5153	0.277	0.291	0.263	0.323	0.301	0.309	0.278	0.346	0.271	0.256	0.284	0.342	0.321	0.276	0.397	0.203	0.288	0.301	0.309	0.338	0.325	0.269	0.266	0.328	0.235	0.336	0.352	0.266	0.317	0.319	2.130	0.531	0.293	0.197	-16809.250
213	16	500	500	0.5125	0.201	0.274	0.293	0.299	0.223	0.294	0.296	0.299	0.190	0.297	0.263	0.240	0.299	0.261	0.320	0.247	0.202	0.264	0.283	0.302	0.302	0.267	0.309	0.385	0.326	0.294	0.260	0.273	0.316	0.239	1.904	0.513	0.215	0.217	-16388.977
214	16	500	500	0.5247	0.249	0.230	0.325	0.303	0.306	0.324	0.250	0.320	0.320	0.299	0.277	0.287	0.318	0.261	0.279	0.182	0.341	0.305	0.309	0.287	0.281	0.246	0.323	0.342	0.348	0.244	0.367	0.298	0.329	0.290	2.010	0.510	0.255	0.223	-16967.789
215	16	500	500	0.5133	0.223	0.259	0.320	0.245	0.294	0.344	0.291	0.269	0.272	0.321	0.283	0.253	0.266	0.297	0.335	0.195	0.375	0.280	0.288	0.259	0.251	0.359	0.322	0.309	0.268	0.245	0.338	0.272	0.279	0.294	1.941	0.448	0.212	0.217	-16615.838
216	16	500	500	0.5128	0.228	0.338	0.320	0.313	0.282	0.274	0.353	0.238	0.332	0.324	0.301	0.313	0.283	0.254	0.336	0.226	0.311	0.374	0.335	0.308	0.289	0.248	0.327	0.218	0.298	0.270	0.364	0.327	0.321	0.286	2.100	0.468	0.261	0.197	-16933.618
217	16	500	500	0.5162	0.279	0.349	0.331	0.323	0.266	0.306	0.358	0.319	0.263	0.408	0.269	0.362	0.338	0.273	0.283	0.312	0.289	0.259	0.291	0.291	0.331	0.317	0.298	0.244	0.354	0.306	0.277	0.294	0.279	0.319	1.919	0.500	0.263	0.183	-17013.911
218	16	500	500	0.5193	0.224	0.251	0.282	0.275	0.367	0.313	0.321	0.333	0.329	0.351	0.322	0.284	0.264	0.291	0.307	0.200	0.354	0.246	0.313	0.313	0.281	0.347	0.393	0.324	0.273	0.317	0.302	0.250	0.338	0.299	1.884	0.408	0.205	0.193	-17042.633
219	16	500	500	0.5128	0.243	0.279	0.304	0.355	0.334	0.302	0.360	0.299	0.227	0.342	0.295	0.339	0.279	0.282	0.320	0.261	0.241	0.382	0.245	0.381	0.286	0.308	0.335	0.329	0.326	0.347	0.246	0.316	0.340	0.312	1.900	0.510	0.243	0.198	-17085.511
220	16	500	500	0.5102	0.237	0.298	0.291	0.279	0.289	0.237	0.274	0.267	0.258	0.241	0.274	0.345	0.313	0.344	0.314	0.251	0.283	0.267	0.284	0.334	0.288	0.312	0.292	0.261	0.335	0.274	0.305	0.269	0.326	0.264	2.058	0.394	0.181	0.199	-16507.895
221	16	500	499	0.5171	0.209	0.376	0.255	0.227	0.322	0.309	0.326	0.244	0.359	0.314	0.223	0.310	0.228	0.352	0.311	0.256	0.282	0.268	0.252	0.281	0.255	0.322	0.274	0.284	0.252	0.307	0.274	0.332	0.277	0.290	2.050	0.456	0.211	0.188	-16368.541
222	16	500	500	0.5200	0.296	0.297	0.314	0.284	0.322	0.278	0.281	0.346	0.352	0.344	0.341	0.327	0.293	0.328	0.401	0.255	0.343	0.327	0.293	0.332	0.258	0.288	0.263	0.282	0.270	0.288	0.357	0.371	0.297	0.271	2.087	0.484	0.300	0.184	-17195.712
223	16	500	499	0.5034	0.216	0.351	0.263	0.271	0.300	0.221	0.271	0.321	0.288	0.359	0.251	0.303	0.253	0.318	0.261	0.166	0.301	0.284	0.289	0.285	0.286	0.272	0.291	0.274	0.303	0.306	0.287	0.247	0.284	0.260	2.088	0.499	0.206	0.192	-16067.800
224	16	500	498	0.5095	0.236	0.278	0.340	0.305	0.238	0.329	0.259	0.355	0.290	0.284	0.373	0.247	0.340	0.264	0.310	0.226	0.357	0.329	0.332	0.287	0.260	0.290	0.274	0.330	0.246	0.323	0.308	0.286	0.240	0.323	1.999	0.444	0.201	0.189	-16665.380
225	16	500	500	0.5197	0.213	0.306	0.382	0.263	0.284	0.314	0.263	0.267	0.274	0.317	0.288	0.262	0.293	0.366	0.332	0.257	0.282	0.332	0.355	0.338	0.260	0.295	0.331	0.258	0.255	0.261	0.308	0.318	0.328	0.323	2.003	0.472	0.235	0.206	-16957.082
226	16	500	499	0.5127	0.278	0.309	0.326	0.375	0.241	0.359	0.256	0.309	0.238	0.336	0.277	0.283	0.252	0.310	0.300	0.328	0.284	0.309	0.273	0.250	0.355	0.295	0.236	0.224	0.312	0.307	0.337	0.255	0.253	0.291	1.948	0.490	0.251	0.187	-16557.685
227	16	500	499	0.5158	0.245	0.311	0.279	0.263	0.273	0.306	0.377	0.331	0.277	0.317	0.277	0.303	0.355	0.311	0.247	0.229	0.318	0.325	0.311	0.281	0.258	0.319	0.295	0.311	0.379	0.297	0.263	0.276	0.306	0.357	2.011	0.479	0.250	0.212	-16917.093
228	16	500	500	0.5097	0.292	0.318	0.267	0.313	0.328	0.292	0.330	0.274	0.277	0.316	0.288	0.262	0.299	0.291	0.327	0.262	0.281	0.307	0.280	0.275	0.245	0.257	0.316	0.277	0.306	0.280	0.340	0.296	0.245	0.282	2.002	0.493	0.246	0.188	-16559.060
229	16	500	500	0.5184	0.272	0.318	0.301	0.324	0.293	0.314	0.321	0.347	0.261	0.247	0.280	0.269	0.300	0.301	0.293	0.189	0.247	0.280	0.280	0.374	0.277	0.292	0.337	0.298	0.324	0.328	0.313	0.269	0.295	0.348	2.055	0.423	0.204	0.207	-16913.204
230	16	500	500	0.5166	0.264	0.290	0.266	0.261	0.290	0.312	0.268	0.267	0.296	0.395	0.302	0.272	0.262	0.253	0.302	0.197	0.244	0.286	0.311	0.300	0.309	0.259	0.300	0.327	0.255	0.267	0.319	0.316	0.256	0.258	1.871	0.507	0.224	0.216	-16517.852
231	16	500	500	0.5250	0.240	0.232	0.308	0.318	0.339	0.275	0.351	0.319	0.333	0.310	0.303	0.273	0.336	0.295	0.261	0.188	0.364	0.351	0.249	0.368	0.284	0.330	0.295	0.248	0.289	0.299	0.306	0.268	0.274	0.286	1.986	0.436	0.212	0.189	-16762.252
232	16	500	500	0.5086	0.270	0.239	0.302	0.284	0.237	0.235	0.380	0.287	0.310	0.265	0.339	0.341	0.237	0.302	0.328	0.218	0.300	0.239	0.306	0.252	0.332	0.268	0.299	0.249	0.306	0.277	0.275	0.268	0.313	0.321	1.962	0.546	0.268	0.184	-16337.845
233	16	500	500	0.5213	0.222	0.281	0.280	0.280	0.285	0.310	0.382	0.283	0.268	0.327	0.288	0.270	0.292	0.300	0.287	0.219	0.293	0.299	0.295	0.291	0.262	0.291	0.308	0.304	0.279	0.229	0.343	0.295	0.283	0.300	1.907	0.359	0.152	0.192	-16576.226
234	16	500	500	0.5239	0.207	0.316	0.312	0.241	0.294	0.345	0.316	0.335	0.342	0.295	0.327	0.370	0.326	0.305	0.305	0.198	0.331	0.289	0.282	0.308	0.264	0.304	0.277	0.262	0.313	0.270	0.303	0.325	0.299	0.301	1.920	0.535	0.269	0.205	-16943.700
235	16	500	500	0.5183	0.209	0.243	0.354	0.270	0.276	0.284	0.250	0.324	0.260	0.284	0.321	0.314	0.249	0.243	0.313	0.200	0.328	0.344	0.323	0.288	0.296	0.294	0.268	0.221	0.358	0.250	0.324	0.331	0.306	0.356	2.001	0.416	0.205	0.199	-16636.739
236	16	500	498	0.5103	0.193	0.266	0.334	0.247	0.305	0.305	0.294	0.347	0.330	0.271	0.277	0.356	0.345	0.283	0.289	0.190	0.289	0.330	0.320	0.328	0.236	0.251	0.264	0.350	0.322	0.246	0.311	0.297	0.296	0.282	1.850	0.356	0.176	0.210	-16739.547
237	16	500	499	0.5087	0.252	0.353	0.256	0.320	0.263	0.343	0.298	0.326	0.268	0.305	0.267	0.359	0.234	0.288	0.254	0.249	0.297	0.309	0.261	0.270	0.370	0.284	0.331	0.314	0.297	0.285	0.274	0.261	0.270	0.305	1.870	0.479	0.251	0.194	-16707.176
238	16	500	499	0.5225	0.264	0.280	0.247	0.347	0.290	0.245	0.280	0.287	0.288	0.294	0.290	0.282	0.300	0.276	0.268	0.268	0.307	0.378	0.303	0.282	0.248	0.249	0.298	0.314	0.322	0.357	0.223	0.356	0.286	0.270	1.888	0.411	0.206	0.197	-16636.911
239	16	500	499	0.5155	0.300	0.266	0.259	0.313	0.315	0.291	0.293	0.280	0.284	0.302	0.253	0.337	0.259	0.305	0.365	0.209	0.263	0.324	0.277	0.317	0.235	0.359	0.296	0.282	0.317	0.289	0.328	0.357	0.303	0.331	2.009	0.514	0.287	0.189	-16714.976
240	16	500	500	0.5240	0.241	0.269	0.385	0.285	0.306	0.230	0.265	0.300	0.261	0.325	0.293	0.294	0.270	0.280	0.333	0.233	0.316	0.233	0.288	0.299	0.282	0.297	0.315	0.347	0.294	0.333	0.231	0.290	0.306	0.319	1.899	0.491	0.241	0.187	-16735.531
241	16	500	500	0.5035	0.307	0.289	0.225	0.302	0.268	0.214	0.352	0.353	0.338	0.263	0.312	0.278	0.258	0.266	0.323	0.239	0.387	0.344	0.289	0.303	0.312	0.335	0.272	0.303	0.336	0.290	0.266	0.340	0.304	0.298	1.951	0.470	0.233	0.181	-16720.002
242	16	500	500	0.5300	0.210	0.284	0.319	0.339	0.330	0.333	0.333	0.303	0.305	0.307	0.324	0.312	0.316	0.349	0.279	0.204	0.217	0.281	0.367	0.313	0.375	0.318	0.265	0.308	0.304	0.267	0.275	0.340	0.330	0.322	1.988	0.397	0.225	0.185	-17168.563
243	16	500	500	0.5136	0.247	0.353	0.335	0.330	0.334	0.227	0.292	0.301	0.287	0.271	0.252	0.342	0.290	0.311	0.326	0.242	0.426	0.341	0.268	0.348	0.243	0.368	0.267	0.250	0.361	0.267	0.341	0.264	0.321	0.283	1.996	0.417	0.217	0.205	-16971.521
244	16	500	500	0.5250	0.264	0.291	0.329	0.289	0.268	0.297	0.249	0.293	0.311	0.300	0.296	0.351	0.289	0.318	0.288	0.284	0.287	0.331	0.266	0.286	0.307	0.317	0.269	0.294	0.307	0.241	0.301	0.344	0.288	0.376	1.985	0.510	0.270	0.196	-16917.245
245	16	500	498	0.5005	0.272	0.308	0.391	0.267	0.282	0.234	0.284	0.274	0.303	0.344	0.275	0.268	0.307	0.344	0.296	0.201	0.255	0.292	0.243	0.277	0.306	0.296	0.252	0.340	0.258	0.363	0.309	0.221	0.340	0.240	1.902	0.481	0.240	0.185	-16422.804
246	16	500	500	0.5163	0.260	0.272	0.258	0.282	0.257	0.345	0.331	0.297	0.287	0.329	0.309	0.346	0.279	0.261	0.304	0.238	0.281	0.270	0.334	0.284	0.251	0.256	0.315	0.297	0.291	0.272	0.307	0.310	0.315	0.327	2.093	0.462	0.227	0.188	-16621.362
247	16	500	500	0.4973	0.234	0.278	0.292	0.309	0.288	0.338	0.314	0.315	0.298	0.281	0.290	0.309	0.346	0.329	0.249	0.276	0.323	0.274	0.316	0.275	0.292	0.262	0.325	0.327	0.256	0.302	0.321	0.337	0.286	0.301	2.017	0.562	0.270	0.207	-16748.841
248	16	500	500	0.5178	0.327	0.291	0.305	0.258	0.310	0.314	0.285	0.286	0.354	0.275	0.298	0.356	0.266	0.293	0.294	0.307	0.322	0.276	0.306	0.295	0.273	0.322	0.423	0.309	0.307	0.266	0.340	0.340	0.322	0.323	1.988	0.443	0.274	0.189	-17165.624
249	16	500	500	0.5190	0.214	0.308	0.276	0.333	0.303	0.341	0.270	0.304	0.344	0.273	0.310	0.296	0.323	0.299	0.295	0.199	0.337	0.312	0.295	0.278	0.242	0.391	0.334	0.294	0.293	0.332	0.334	0.290	0.274	0.317	1.985	0.436	0.234	0.197	-17050.108
250	16	500	500	0.5134	0.209	0.269	0.257	0.293	0.280	0.309	0.306	0.315	0.275	0.315	0.297	0.249	0.319	0.313	0.343	0.168	0.329	0.314	0.342	0.233	0.267	0.297	0.329	0.281	0.284	0.270	0.293	0.296	0.287	0.275	1.969	0.265	0.144	0.214	-16805.721
251	16	500	500	0.5131	0.200	0.352	0.213	0.282	0.302	0.336	0.326	0.243	0.253	0.296	0.280	0.344	0.265	0.341	0.276	0.189	0.327	0.180	0.312	0.322	0.356	0.302	0.266	0.259	0.285	0.338	0.293	0.321	0.314	0.254	2.055	0.473	0.228	0.204	-16653.534
252	16	500	500	0.5145	0.271	0.333	0.304	0.284	0.317	0.304	0.256	0.256	0.230	0.350	0.316	0.346	0.273	0.325	0.302	0.228	0.313	0.328	0.280	0.238	0.272	0.309	0.279	0.301	0.270	0.341	0.304	0.282	0.291	0.270	2.020	0.501	0.211	0.206	-16587.888
253	16	500	500	0.5206	0.306	0.266	0.298	0.281	0.296	0.325	0.281	0.269	0.268	0.319	0.247	0.284	0.244	0.289	0.291	0.225	0.358	0.341	0.299	0.282	0.305	0.316	0.229	0.255	0.302	0.278	0.339	0.262	0.283	0.344	2.019	0.449	0.212	0.181	-16399.886
254	16	500	500	0.5242	0.237	0.325	0.253	0.292	0.342	0.340	0.343	0.314	0.309	0.361	0.277	0.358	0.313	0.284	0.311	0.246	0.338	0.344	0.281	0.300	0.221	0.351	0.310	0.261	0.338	0.319	0.325	0.300	0.311	0.299	2.125	0.415	0.242	0.202	-17194.068
255	16	500	500	0.5182	0.159	0.288	0.220	0.326	0.264	0.286	0.334	0.224	0.373	0.255	0.338	0.232	0.280	0.305	0.314	0.236	0.276	0.232	0.270	0.290	0.298	0.279	0.291	0.288	0.227	0.345	0.292	0.279	0.323	0.232	1.968	0.513	0.189	0.212	-16296.787
256	16	500	500	0.5062	0.246	0.297	0.287	0.361	0.287	0.280	0.268	0.385	0.228	0.311	0.270	0.371	0.282	0.314	0.304	0.317	0.376	0.276	0.305	0.259	0.286	0.273	0.336	0.261	0.222	0.298	0.318	0.332	0.313	0.267	1.993	0.485	0.263	0.184	-16661.492
257	16	500	500	0.5054	0.256	0.306	0.344	0.257	0.362	0.233	0.272	0.291	0.386	0.268	0.329	0.299	0.348	0.394	0.243	0.275	0.392	0.241	0.309	0.308	0.318	0.348	0.265	0.225	0.334	0.242	0.298	0.342	0.306	0.245	1.979	0.483	0.280	0.191	-16752.221
258	16	500	500	0.5360	0.240	0.242	0.272	0.312	0.289	0.277	0.392	0.237	0.285	0.323	0.233	0.265	0.285	0.285	0.290	0.217	0.339	0.357	0.279	0.312	0.238	0.253	0.307	0.273	0.239	0.327	0.279	0.320	0.316	0.263	2.030	0.377	0.152	0.202	-16505.808
259	16	500	499	0.4973	0.311	0.293	0.352	0.274	0.300	0.204	0.282	0.328	0.299	0.263	0.350	0.243	0.298	0.301	0.266	0.288	0.204	0.267	0.260	0.335	0.271	0.282	0.274	0.275	0.262	0.332	0.263	0.315	0.246	0.249	2.146	0.487	0.227	0.190	-16184.176
260	16	500	499	0.5118	0.205	0.302	0.198	0.325	0.313	0.330	0.384	0.289	0.342	0.267	0.335	0.268	0.314	0.323	0.258	0.188	0.318	0.230	0.236	0.335	0.335	0.367	0.318	0.389	0.296	0.358	0.294	0.283	0.273	0.292	2.026	0.452	0.260	0.181	-16859.977
261	16	500	500	0.5255	0.214	0.307	0.291	0.284	0.334	0.210	0.317	0.332	0.266	0.324	0.259	0.302	0.285	0.329	0.336	0.239	0.266	0.255	0.260	0.380	0.286	0.381	0.308	0.301	0.302	0.308	0.335	0.319	0.298	0.312	1.938	0.349	0.168	0.214	-17124.602
262	16	500	500	0.5152	0.221	0.299	0.264	0.285	0.304	0.284	0.286	0.329	0.354	0.268	0.256	0.335	0.352	0.254	0.313	0.198	0.347	0.253	0.308	0.279	0.252	0.347	0.295	0.295	0.277	0.311	0.297	0.303	0.328	0.275	1.981	0.445	0.196	0.215	-16725.348
263	16	500	500	0.5020	0.273	0.279	0.287	0.330	0.261	0.318	0.291	0.331	0.351	0.289	0.277	0.301	0.283	0.342	0.335	0.241	0.298	0.360	0.255	0.334	0.240	0.261	0.277	0.286	0.307	0.344	0.307	0.302	0.305	0.274	1.913	0.572	0.281	0.195	-16736.917
264	16	500	499	0.5116	0.167	0.257	0.322	0.257	0.334	0.314	0.275	0.339	0.363	0.284	0.345	0.345	0.321	0.326	0.286	0.238	0.315	0.210	0.263	0.322	0.249	0.287	0.272	0.310	0.348	0.334	0.241	0.269	0.331	0.242	1.955	0.467	0.214	0.200	-16680.638
265	16	500	500	0.5010	0.316	0.321	0.252	0.288	0.334	0.254	0.300	0.324	0.328	0.293	0.264	0.279	0.342	0.318	0.320	0.254	0.316	0.304	0.328	0.321	0.343	0.315	0.286	0.319	0.336	0.260	0.358	0.278	0.300	0.297	1.963	0.495	0.255	0.198	-17021.977
266	16	500	500	0.5094	0.242	0.247	0.320	0.274	0.265	0.304	0.340	0.297	0.352	0.276	0.314	0.320	0.288	0.300	0.327	0.233	0.342	0.305	0.342	0.296	0.305	0.296	0.339	0.334	0.359	0.274	0.281	0.289	0.298	0.351	2.006	0.480	0.275	0.198	-17004.226
267	16	500	499	0.5159	0.313	0.229	0.360	0.266	0.344	0.314	0.322	0.285	0.360	0.296	0.304	0.277	0.357	0.320	0.247	0.238	0.269	0.281	0.300	0.319	0.294	0.239	0.295	0.257	0.279	0.303	0.282	0.334	0.283	0.270	1.876	0.476	0.254	0.197	-16873.216
268	16	500	500	0.5112	0.221	0.229	0.299	0.229	0.336	0.293	0.313	0.250	0.326	0.288	0.336	0.309	0.310	0.242	0.296	0.275	0.278	0.234	0.326	0.389	0.338	0.295	0.285	0.324	0.292	0.274	0.285	0.274	0.290	0.299	1.879	0.468	0.231	0.196	-16729.106
269	16	500	500	0.4870	0.291	0.273	0.316	0.258	0.296	0.285	0.315	0.266	0.284	0.308	0.272	0.323	0.302	0.288	0.350	0.193	0.243	0.289	0.326	0.287	0.303	0.331	0.325	0.321	0.309	0.282	0.340	0.311	0.352	0.358	2.013	0.445	0.221	0.191	-16859.102
270	16	500	500	0.5271	0.265	0.368	0.291	0.308	0.293	0.381	0.292	0.267	0.328	0.253	0.299	0.314	0.292	0.365	0.250	0.200	0.310	0.310	0.308	0.257	0.295	0.271	0.326	0.216	0.315	0.343	0.319	0.280	0.336	0.263	1.943	0.471	0.272	0.190	-16932.715
271	16	500	500	0.5158	0.165	0.325	0.341	0.292	0.276	0.304	0.259	0.348	0.298	0.274	0.351	0.288	0.336	0.267	0.241	0.253	0.249	0.204	0.327	0.335	0.354	0.275	0.319	0.274	0.318	0.282	0.317	0.350	0.287	0.295	2.048	0.477	0.272	0.200	-16766.007
272	16	500	500	0.5064	0.247	0.286	0.294	0.316	0.301	0.333	0.295	0.236	0.286	0.285	0.316	0.283	0.219	0.273	0.267	0.300	0.264	0.306	0.315	0.272	0.262	0.261	0.316	0.350	0.243	0.249	0.321	0.309	0.278	0.291	1.982	0.437	0.209	0.197	-16455.560
273	16	500	500	0.5061	0.237	0.327	0.294	0.299	0.328	0.276	0.304	0.384	0.287	0.397	0.265	0.327	0.321	0.287	0.342	0.200	0.305	0.288	0.333	0.305	0.260	0.285	0.299	0.362	0.305	0.289	0.264	0.339	0.308	0.277	2.024	0.463	0.228	0.201	-16991.515
274	16	500	499	0.5096	0.232	0.362	0.368	0.293	0.334	0.251	0.324	0.271	0.311	0.327	0.282	0.311	0.345	0.285	0.306	0.266	0.282	0.279	0.260	0.312	0.333	0.316	0.344	0.283	0.260	0.303	0.250	0.369	0.294	0.252	1.867	0.440	0.206	0.192	-16910.208
275	16	500	500	0.5140	0.251	0.240	0.333	0.288	0.340	0.305	0.346	0.306	0.262	0.283	0.273	0.289	0.272	0.291	0.286	0.243	0.329	0.324	0.272	0.247	0.290	0.283	0.303	0.349	0.263	0.320	0.370	0.261	0.308	0.260	2.130	0.457	0.218	0.193	-16584.693
276	16	500	500	0.5030	0.237	0.326	0.294	0.259	0.338	0.266	0.331	0.308	0.330	0.370	0.360	0.306	0.306	0.311	0.263	0.252	0.301	0.279	0.284	0.380	0.293	0.363	0.284	0.331	0.299	0.306	0.358	0.284	0.316	0.296	1.921	0.381	0.251	0.199	-17370.550
277	16	500	500	0.5129	0.319	0.306	0.289	0.314	0.258	0.307	0.234	0.317	0.256	0.365	0.304	0.335	0.288	0.310	0.356	0.237	0.311	0.285	0.288	0.264	0.358	0.287	0.293	0.271	0.301	0.296	0.358	0.267	0.350	0.287	2.052	0.397	0.263	0.196	-17037.157
278	16	500	499	0.5138	0.203	0.294	0.294	0.270	0.248	0.325	0.267	0.296	0.210	0.320	0.271	0.262	0.351	0.326	0.282	0.242	0.346	0.261	0.340	0.296	0.295	0.334	0.323	0.236	0.305	0.338	0.315	0.259	0.321	0.264	1.958	0.367	0.154	0.201	-16561.925
279	16	500	500	0.5014	0.259	0.328	0.343	0.343	0.252	0.281	0.251	0.292	0.313	0.361	0.302	0.304	0.282	0.273	0.281	0.254	0.314	0.348	0.353	0.313	0.245	0.255	0.396	0.280	0.370	0.291	0.320	0.265	0.333	0.263	2.044	0.416	0.175	0.193	-16746.322
280	16	500	499	0.5132	0.225	0.235	0.354	0.322	0.283	0.313	0.277	0.277	0.299	0.348	0.286	0.280	0.298	0.264	0.293	0.268	0.340	0.341	0.328	0.281	0.277	0.286	0.252	0.269	0.335	0.302	0.251	0.280	0.315	0.296	2.077	0.467	0.206	0.203	-16481.207
281	16	500	500	0.4975	0.266	0.305	0.258	0.267	0.246	0.322	0.330	0.349	0.284	0.348	0.340	0.238	0.244	0.284	0.293	0.262	0.308	0.301	0.269	0.324	0.271	0.307	0.258	0.271	0.289	0.338	0.239	0.255	0.306	0.283	1.920	0.493	0.255	0.198	-16483.864
282	16	500	500	0.5146	0.168	0.358	0.253	0.324	0.278	0.234	0.328	0.272	0.256	0.268	0.274	0.243	0.308	0.290	0.322	0.212	0.310	0.246	0.299	0.303	0.283	0.276	0.291	0.265	0.294	0.294	0.281	0.346	0.357	0.232	2.011	0.497	0.217	0.204	-16450.681
283	16	500	500	0.5139	0.230	0.292	0.298	0.241	0.282	0.327	0.308	0.218	0.257	0.312	0.249	0.369	0.251	0.269	0.349	0.257	0.265	0.251	0.309	0.314	0.359	0.304	0.293	0.297	0.293	0.384	0.313	0.250	0.286	0.273	1.906	0.512	0.259	0.210	-16684.244
284	16	500	500	0.5091	0.226	0.243	0.263	0.298	0.292	0.281	0.258	0.317	0.258	0.280	0.274	0.247	0.290	0.289	0.273	0.206	0.273	0.283	0.238	0.359	0.357	0.322	0.269	0.297	0.275	0.374	0.362	0.296	0.243	0.232	1.968	0.451	0.204	0.190	-16333.547
285	16	500	499	0.5148	0.203	0.280	0.288	0.332	0.361	0.347	0.278	0.260	0.265	0.292	0.277	0.281	0.307	0.314	0.325	0.259	0.270	0.299	0.290	0.260	0.290	0.346	0.331	0.300	0.411	0.235	0.290	0.239	0.328	0.290	1.931	0.464	0.252	0.205	-16860.576
286	16	500	500	0.5242	0.249	0.329	0.311	0.260	0.274	0.316	0.278	0.235	0.333	0.288	0.279	0.206	0.265	0.229	0.320	0.188	0.259	0.324	0.301	0.297	0.269	0.303	0.251	0.273	0.277	0.307	0.274	0.276	0.316	0.307	2.160	0.616	0.270	0.209	-16208.040
287	16	500	498	0.5231	0.162	0.255	0.280	0.282	0.279	0.285	0.265	0.280	0.384	0.301	0.277	0.305	0.280	0.310	0.259	0.228	0.338	0.319	0.314	0.273	0.242	0.281	0.293	0.259	0.292	0.299	0.322	0.273	0.372	0.335	1.908	0.415	0.218	0.208	-16795.846
288	16	500	500	0.5241	0.260	0.399	0.323	0.296	0.212	0.381	0.276	0.222	0.265	0.298	0.330	0.312	0.265	0.275	0.332	0.255	0.274	0.294	0.302	0.289	0.296	0.311	0.325	0.319	0.272	0.259	0.320	0.275	0.326	0.310	1.953	0.394	0.192	0.194	-16751.202
289	16	500	500	0.5110	0.254	0.284	0.362	0.276	0.308	0.255	0.227	0.277	0.250	0.291	0.285	0.279	0.337	0.354	0.336	0.309	0.335	0.294	0.312	0.341	0.299	0.285	0.277	0.248	0.314	0.335	0.265	0.339	0.265	0.265	2.055	0.465	0.236	0.200	-16812.704
290	16	500	500	0.5072	0.227	0.320	0.286	0.290	0.311	0.324	0.321	0.305	0.327	0.272	0.306	0.298	0.233	0.310	0.244	0.170	0.274	0.325	0.329	0.337	0.299	0.347	0.316	0.207	0.327	0.293	0.311	0.311	0.298	0.300	1.964	0.345	0.153	0.200	-16716.332
291	16	500	500	0.5184	0.250	0.286	0.275	0.328	0.285	0.297	0.321	0.331	0.284	0.304	0.252	0.343	0.411	0.307	0.300	0.206	0.246	0.284	0.310	0.271	0.325	0.275	0.256	0.317	0.284	0.294	0.274	0.319	0.297	0.330	1.811	0.507	0.275	0.182	-16767.889
292	16	500	499	0.5208	0.271	0.249	0.326	0.242	0.314	0.284	0.251	0.298	0.264	0.277	0.331	0.339	0.237	0.333	0.309	0.262	0.207	0.329	0.239	0.245	0.213	0.307	0.300	0.206	0.296	0.349	0.261	0.293	0.293	0.306	2.005	0.583	0.250	0.210	-16439.909
293	16	500	500	0.5247	0.228	0.309	0.294	0.305	0.236	0.292	0.289	0.289	0.293	0.270	0.292	0.272	0.311	0.316	0.229	0.307	0.366	0.231	0.271	0.310	0.326	0.304	0.342	0.255	0.260	0.256	0.323	0.334	0.282	0.289	1.959	0.514	0.234	0.206	-16612.300
294	16	500	500	0.5021	0.198	0.317	0.277	0.267	0.304	0.355	0.375	0.253	0.284	0.266	0.286	0.300	0.251	0.259	0.289	0.256	0.294	0.322	0.329	0.300	0.293	0.350	0.303	0.264	0.322	0.335	0.329	0.268	0.299	0.245	1.934	0.469	0.265	0.192	-16791.976
295	16	500	500	0.4949	0.201	0.285	0.301	0.328	0.342	0.376	0.329	0.327	0.325	0.245	0.296	0.297	0.292	0.350	0.316	0.218	0.298	0.286	0.308	0.333	0.380	0.322	0.270	0.319	0.264	0.281	0.320	0.403	0.327	0.313	1.897	0.440	0.262	0.209	-17350.446
296	16	500	500	0.5288	0.198	0.288	0.312	0.267	0.313	0.286	0.259	0.331	0.392	0.366	0.351	0.325	0.222	0.266	0.279	0.226	0.319	0.368	0.271	0.334	0.263	0.351	0.290	0.256	0.333	0.250	0.305	0.317	0.312	0.360	1.992	0.442	0.251	0.202	-16925.682
297	16	500	499	0.5212	0.235	0.282	0.296	0.289	0.305	0.340	0.287	0.357	0.231	0.312	0.267	0.311	0.303	0.326	0.287	0.211	0.307	0.266	0.272	0.327	0.366	0.294	0.316	0.325	0.235	0.286	0.312	0.361	0.257	0.276	2.038	0.489	0.276	0.174	-16704.695
298	16	500	499	0.5038	0.221	0.279	0.294	0.233	0.287	0.318	0.375	0.290	0.329	0.239	0.294	0.278	0.353	0.333	0.248	0.225	0.284	0.294	0.295	0.325	0.259	0.277	0.262	0.335	0.310	0.260	0.322	0.284	0.297	0.299	2.107	0.544	0.256	0.209	-16549.231
299	16	500	500	0.5090	0.222	0.280	0.318	0.330	0.276	0.245	0.286	0.285	0.303	0.347	0.266	0.295	0.242	0.389	0.325	0.244	0.380	0.357	0.289	0.340	0.303	0.285	0.311	0.361	0.241	0.295	0.314	0.278	0.278	0.318	2.096	0.468	0.238	0.211	-16858.499
300	16	500	500	0.5115	0.294	0.350	0.306	0.295	0.290	0.359	0.313	0.322	0.275	0.298	0.290	0.316	0.325	0.309	0.292	0.234	0.257	0.361	0.285	0.343	0.261	0.344	0.316	0.302	0.386	0.307	0.275	0.246	0.312	0.277	1.874	0.438	0.264	0.206	-17203.780
301	16	500	500	0.5198	0.274	0.298	0.272	0.300	0.300	0.324	0.316	0.313	0.301	0.308	0.298	0.287	0.245	0.314	0.307	0.257	0.249	0.382	0.265	0.289	0.293	0.375	0.251	0.318	0.276	0.318	0.264	0.241	0.262	0.350	2.020	0.473	0.227	0.209	-16794.112
302	16	500	500	0.5358	0.278	0.246	0.335	0.301	0.383	0.257	0.289	0.304	0.343	0.221	0.331	0.273	0.399	0.347	0.337	0.222	0.233	0.272	0.361	0.292	0.318	0.313	0.352	0.285	0.245	0.317	0.267	0.371	0.327	0.291	1.918	0.559	0.307	0.199	-17135.433
303	16	500	500	0.5139	0.239	0.271	0.303	0.293	0.305	0.277	0.260	0.249	0.292	0.283	0.303	0.232	0.326	0.345	0.305	0.233	0.305	0.312	0.333	0.297	0.325	0.279	0.239	0.245	0.290	0.235	0.324	0.331	0.293	0.249	2.024	0.539	0.230	0.199	-16413.116
304	16	500	500	0.5107	0.309	0.308	0.282	0.352	0.299	0.281	0.282	0.381	0.307	0.362	0.317	0.312	0.223	0.348	0.340	0.260	0.353	0.297	0.306	0.307	0.266	0.319	0.337	0.221	0.289	0.240	0.285	0.312	0.315	0.355	1.944	0.513	0.268	0.192	-17055.935
305	16	500	500	0.5088	0.251	0.266	0.334	0.268	0.314	0.306	0.320	0.303	0.338	0.295	0.330	0.310	0.313	0.348	0.287	0.252	0.324	0.312	0.330	0.276	0.264	0.356	0.301	0.266	0.281	0.309	0.279	0.352	0.290	0.323	1.925	0.444	0.279	0.197	-17157.463
306	16	500	499	0.5082	0.263	0.284	0.256	0.320	0.308	0.284	0.332	0.293	0.362	0.306	0.340	0.341	0.318	0.333	0.302	0.251	0.339	0.329	0.278	0.275	0.281	0.310	0.366	0.343	0.277	0.266	0.337	0.242	0.369	0.293	2.029	0.414	0.248	0.198	-17124.278
307	16	500	500	0.5104	0.239	0.268	0.388	0.294	0.320	0.309	0.292	0.268	0.332	0.310	0.295	0.243	0.298	0.323	0.357	0.260	0.336	0.223	0.327	0.322	0.346	0.328	0.320	0.318	0.419	0.276	0.289	0.239	0.273	0.300	1.987	0.389	0.235	0.200	-17142.371
308	16	500	500	0.5090	0.252	0.283	0.226	0.315	0.267	0.286	0.308	0.304	0.327	0.330	0.256	0.257	0.266	0.325	0.261	0.236	0.270	0.276	0.313	0.287	0.298	0.269	0.296	0.240	0.320	0.274	0.330	0.305	0.313	0.318	2.113	0.508	0.218	0.194	-16452.814
309	16	500	500	0.5354	0.254	0.379	0.286	0.290	0.273	0.337	0.276	0.274	0.310	0.327	0.310	0.310	0.320	0.293	0.327	0.163	0.340	0.279	0.336	0.351	0.318	0.309	0.323	0.267	0.303	0.341	0.312	0.385	0.285	0.298	2.071	0.420	0.198	0.183	-16947.523
310	16	500	500	0.5139	0.240	0.299	0.277	0.283	0.304	0.309	0.234	0.331	0.298	0.316	0.265	0.283	0.286	0.275	0.306	0.225	0.287	0.286	0.308	0.302	0.233	0.307	0.288	0.359	0.285	0.298	0.294	0.297	0.292	0.307	2.005	0.440	0.222	0.212	-16640.819
311	16	500	500	0.5150	0.248	0.206	0.340	0.298	0.341	0.225	0.332	0.260	0.345	0.275	0.282	0.370	0.331	0.341	0.309	0.279	0.264	0.389	0.332	0.317	0.344	0.308	0.325	0.350	0.338	0.289	0.296	0.363	0.248	0.342	2.035	0.402	0.240	0.182	-17147.201
312	16	500	499	0.5121	0.229	0.330	0.270	0.326	0.342	0.309	0.290	0.294	0.314	0.261	0.264	0.285	0.352	0.296	0.328	0.279	0.365	0.287	0.282	0.312	0.282	0.248	0.336	0.218	0.333	0.290	0.231	0.278	0.344	0.336	1.994	0.515	0.274	0.191	-16687.151
313	16	500	500	0.5063	0.229	0.276	0.265	0.272	0.304	0.285	0.267	0.295	0.311	0.246	0.344	0.298	0.330	0.259	0.293	0.266	0.225	0.339	0.307	0.228	0.287	0.292	0.275	0.289	0.259	0.311	0.301	0.265	0.278	0.292	2.028	0.440	0.188	0.183	-16276.696
314	16	500	500	0.5256	0.206	0.301	0.317	0.329	0.302	0.280	0.304	0.299	0.283	0.280	0.303	0.303	0.303	0.299	0.360	0.260	0.306	0.303	0.331	0.293	0.231	0.277	0.312	0.276	0.371	0.386	0.297	0.232	0.316	0.269	1.944	0.412	0.242	0.211	-17126.656
315	16	500	500	0.5236	0.220	0.293	0.320	0.304	0.294	0.283	0.344	0.288	0.232	0.287	0.294	0.358	0.358	0.271	0.358	0.223	0.311	0.258	0.317	0.238	0.251	0.225	0.275	0.286	0.291	0.314	0.275	0.277	0.276	0.304	1.921	0.536	0.220	0.202	-16529.425
316	16	500	500	0.5143	0.250	0.291	0.306	0.272	0.284	0.309	0.327	0.325	0.341	0.334	0.312	0.253	0.235	0.288	0.274	0.269	0.277	0.291	0.290	0.280	0.316	0.282	0.339	0.337	0.324	0.288	0.303	0.301	0.277	0.355	1.926	0.367	0.199	0.198	-16950.305
317	16	500	500	0.5038	0.275	0.342	0.276	0.264	0.354	0.294	0.298	0.250	0.273	0.245	0.293	0.312	0.268	0.285	0.298	0.222	0.322	0.271	0.334	0.306	0.253	0.335	0.304	0.305	0.291	0.361	0.281	0.306	0.352	0.300	1.995	0.532	0.251	0.213	-16850.389
318	16	500	499	0.5171	0.240	0.337	0.339	0.278	0.274	0.220	0.301	0.278	0.377	0.306	0.310	0.318	0.279	0.293	0.366	0.257	0.318	0.343	0.334	0.323	0.242	0.342	0.258	0.301	0.286	0.356	0.244	0.256	0.272	0.296	2.010	0.467	0.259	0.200	-16859.919
319	16	500	499	0.4958	0.217	0.372	0.230	0.281	0.321	0.248	0.288	0.333	0.271	0.326	0.371	0.277	0.286	0.316	0.232	0.213	0.300	0.289	0.249	0.316	0.296	0.260	0.311	0.325	0.244	0.359	0.204	0.353	0.323	0.259	2.029	0.538	0.246	0.208	-16523.152
320	16	500	499	0.5299	0.249	0.322	0.253	0.309	0.294	0.276	0.319	0.281	0.316	0.324	0.345	0.275	0.296	0.296	0.234	0.308	0.261	0.288	0.260	0.341	0.341	0.264	0.358	0.302	0.339	0.314	0.308	0.333	0.273	0.334	1.955	0.497	0.242	0.194	-16932.012
321	16	500	500	0.5117	0.208	0.264	0.287	0.297	0.334	0.327	0.303	0.272	0.267	0.321	0.346	0.285	0.247	0.336	0.355	0.197	0.351	0.307	0.321	0.274	0.294	0.303	0.320	0.347	0.303	0.311	0.351	0.338	0.288	0.271	1.911	0.437	0.227	0.198	-16981.281
322	16	500	499	0.5160	0.238	0.244	0.328	0.328	0.276	0.279	0.320	0.285	0.249	0.253	0.275	0.285	0.315	0.302	0.340	0.184	0.325	0.259	0.347	0.278	0.278	0.302	0.304	0.221	0.333	0.261	0.334	0.308	0.341	0.277	1.972	0.534	0.275	0.197	-16580.286
323	16	500	499	0.5136	0.207	0.369	0.336	0.274	0.361	0.281	0.329	0.354	0.193	0.287	0.311	0.303	0.337	0.283	0.284	0.253	0.381	0.371	0.303	0.326	0.330	0.333	0.267	0.304	0.312	0.227	0.387	0.327	0.330	0.284	1.942	0.422	0.213	0.190	-16994.089
324	16	500	500	0.5043	0.296	0.234	0.315	0.341	0.287	0.317	0.276	0.313	0.313	0.276	0.302	0.306	0.299	0.324	0.324	0.236	0.285	0.404	0.315	0.212	0.285	0.276	0.302	0.276	0.351	0.389	0.301	0.289	0.319	0.236	1.963	0.402	0.250	0.199	-16931.072
325	16	500	500	0.5251	0.192	0.300	0.369	0.292	0.281	0.280	0.360	0.294	0.306	0.352	0.251	0.279	0.333	0.265	0.305	0.199	0.344	0.361	0.304	0.296	0.257	0.254	0.309	0.220	0.317	0.232	0.330	0.312	0.297	0.295	1.965	0.386	0.163	0.205	-16684.057
326	16	500	500	0.5248	0.166	0.377	0.330	0.267	0.317	0.323	0.320	0.251	0.262	0.373	0.292	0.308	0.367	0.254	0.362	0.162	0.258	0.251	0.313	0.336	0.327	0.273	0.349	0.334	0.286	0.279	0.281	0.295	0.329	0.259	2.099	0.435	0.213	0.193	-16861.161
327	16	500	500	0.4918	0.236	0.257	0.311	0.281	0.322	0.301	0.281	0.276	0.262	0.344	0.337	0.295	0.374	0.313	0.250	0.243	0.295	0.294	0.299	0.322	0.321	0.353	0.282	0.294	0.259	0.270	0.284	0.280	0.253	0.326	2.008	0.428	0.203	0.203	-16703.172
328	16	500	500	0.5200	0.261	0.277	0.342	0.259	0.378	0.247	0.296	0.315	0.287	0.291	0.345	0.318	0.372	0.296	0.333	0.261	0.268	0.331	0.320	0.321	0.255	0.271	0.345	0.392	0.282	0.320	0.281	0.364	0.249	0.305	1.848	0.499	0.270	0.202	-17123.212
329	16	500	500	0.5191	0.278	0.290	0.341	0.326	0.281	0.296	0.266	0.394	0.285	0.228	0.338	0.303	0.247	0.250	0.291	0.244	0.305	0.360	0.268	0.290	0.327	0.244	0.351	0.284	0.290	0.269	0.347	0.242	0.304	0.321	1.919	0.554	0.260	0.188	-16610.855
330	16	500	498	0.5101	0.203	0.267	0.273	0.319	0.326	0.293	0.303	0.289	0.330	0.264	0.302	0.326	0.350	0.330	0.304	0.255	0.355	0.329	0.330	0.305	0.315	0.259	0.272	0.212	0.238	0.281	0.288	0.364	0.271	0.282	2.052	0.407	0.199	0.195	-16694.322
331	16	500	500	0.5096	0.251	0.276	0.263	0.240	0.386	0.288	0.252	0.262	0.353	0.319	0.271	0.324	0.259	0.327	0.307	0.262	0.285	0.266	0.274	0.365	0.285	0.321	0.206	0.299	0.272	0.351	0.281	0.353	0.327	0.227	2.015	0.461	0.213	0.181	-16495.180
332	16	500	500	0.4964	0.157	0.339	0.270	0.331	0.264	0.289	0.319	0.327	0.258	0.377	0.262	0.311	0.282	0.310	0.312	0.221	0.377	0.289	0.356	0.274	0.323	0.312	0.305	0.337	0.239	0.326	0.358	0.274	0.352	0.331	2.017	0.511	0.232	0.205	-16902.927
333	16	500	500	0.5170	0.266	0.280	0.398	0.277	0.268	0.258	0.273	0.276	0.318	0.312	0.301	0.279	0.241	0.311	0.274	0.224	0.297	0.354	0.285	0.350	0.300	0.375	0.228	0.314	0.281	0.302	0.318	0.286	0.352	0.280	2.092	0.483	0.259	0.200	-16771.217
334	16	500	500	0.5128	0.273	0.309	0.305	0.324	0.259	0.358	0.323	0.332	0.299	0.352	0.316	0.255	0.248	0.288	0.283	0.217	0.270	0.298	0.233	0.337	0.332	0.286	0.299	0.288	0.324	0.360	0.305	0.264	0.295	0.312	2.116	0.494	0.269	0.189	-16779.788
335	16	500	499	0.5145	0.219	0.320	0.269	0.328	0.278	0.277	0.266	0.345	0.288	0.280	0.327	0.289	0.232	0.324	0.342	0.232	0.288	0.308	0.275	0.342	0.280	0.302	0.350	0.289	0.283	0.325	0.270	0.342	0.328	0.243	1.889	0.521	0.276	0.207	-16812.892
336	16	500	500	0.5149	0.255	0.327	0.279	0.252	0.377	0.276	0.256	0.290	0.287	0.362	0.337	0.275	0.313	0.263	0.307	0.260	0.284	0.252	0.335	0.292	0.311	0.313	0.255	0.318	0.276	0.243	0.288	0.310	0.296	0.320	2.013	0.399	0.185	0.200	-16644.290
337	16	500	500	0.5178	0.290	0.327	0.311	0.304	0.276	0.313	0.284	0.292	0.325	0.284	0.306	0.301	0.277	0.311	0.309	0.258	0.379	0.227	0.309	0.265	0.307	0.305	0.295	0.257	0.303	0.325	0.328	0.337	0.315	0.330	1.952	0.485	0.249	0.198	-16905.780
338	16	500	500	0.5187	0.200	0.325	0.329	0.287	0.256	0.305	0.324	0.337	0.259	0.359	0.332	0.265	0.309	0.281	0.318	0.250	0.211	0.316	0.318	0.327	0.294	0.333	0.357	0.324	0.291	0.389	0.299	0.266	0.303	0.305	1.994	0.498	0.271	0.182	-16929.019
339	16	500	500	0.5121	0.253	0.344	0.264	0.309	0.294	0.291	0.314	0.282	0.352	0.219	0.289	0.298	0.231	0.316	0.223	0.224	0.259	0.327	0.270	0.291	0.364	0.267	0.341	0.287	0.391	0.282	0.339	0.230	0.303	0.312	2.088	0.455	0.262	0.199	-16749.004
340	16	500	500	0.5012	0.292	0.303	0.295	0.327	0.344	0.204	0.374	0.307	0.326	0.279	0.312	0.298	0.243	0.270	0.298	0.239	0.189	0.277	0.287	0.308	0.307	0.322	0.226	0.279	0.368	0.349	0.295	0.358	0.225	0.339	1.945	0.379	0.148	0.192	-16567.816
341	16	500	499	0.5073	0.246	0.283	0.318	0.342	0.305	0.304	0.263	0.371	0.337	0.293	0.304	0.295	0.322	0.331	0.301	0.203	0.332	0.270	0.272	0.346	0.310	0.313	0.297	0.314	0.318	0.319	0.284	0.291	0.316	0.296	1.977	0.366	0.249	0.195	-17115.780
342	16	500	498	0.5134	0.299	0.216	0.289	0.361	0.329	0.304	0.305	0.285	0.322	0.329	0.294	0.297	0.274	0.307	0.302	0.277	0.262	0.352	0.295	0.315	0.256	0.302	0.365	0.294	0.264	0.266	0.330	0.301	0.249	0.307	1.959	0.483	0.252	0.197	-16879.934
343	16	500	499	0.4998	0.221	0.280	0.300	0.298	0.421	0.243	0.302	0.314	0.205	0.311	0.313	0.274	0.276	0.313	0.285	0.189	0.362	0.362	0.316	0.314	0.299	0.278	0.288	0.246	0.320	0.370	0.242	0.314	0.299	0.309	1.890	0.450	0.221	0.183	-16719.190
344	16	500	500	0.5008	0.222	0.233	0.321	0.277	0.306	0.371	0.310	0.330	0.277	0.279	0.269	0.353	0.278	0.275	0.328	0.228	0.253	0.325	0.275	0.302	0.278	0.311	0.299	0.322	0.359	0.290	0.311	0.350	0.285	0.292	1.939	0.480	0.235	0.198	-16795.963
345	16	500	500	0.5228	0.260	0.330	0.329	0.356	0.307	0.244	0.285	0.355	0.267	0.307	0.342	0.367	0.300	0.240	0.277	0.205	0.329	0.284	0.280	0.239	0.278	0.326	0.321	0.291	0.247	0.311	0.280	0.379	0.319	0.258	1.958	0.413	0.225	0.189	-16867.555
346	16	500	499	0.5058	0.210	0.290	0.344	0.265	0.351	0.328	0.306	0.257	0.352	0.338	0.347	0.316	0.283	0.273	0.332	0.218	0.403	0.264	0.299	0.275	0.265	0.340	0.326	0.284	0.342	0.313	0.313	0.252	0.283	0.306	1.984	0.447	0.260	0.201	-16941.931
347	16	500	499	0.5103	0.303	0.344	0.327	0.300	0.313	0.276	0.268	0.282	0.252	0.289	0.345	0.310	0.324	0.354	0.262	0.210	0.272	0.292	0.270	0.280	0.297	0.327	0.323	0.375	0.256	0.315	0.283	0.302	0.277	0.326	2.046	0.407	0.198	0.203	-16801.308
348	16	500	499	0.5051	0.240	0.303	0.337	0.264	0.332	0.291	0.291	0.346	0.229	0.341	0.307	0.269	0.323	0.291	0.326	0.194	0.319	0.248	0.312	0.273	0.316	0.266	0.310	0.290	0.331	0.311	0.334	0.325	0.296	0.382	2.005	0.454	0.220	0.185	-16723.825
349	16	500	500	0.5166	0.193	0.317	0.356	0.224	0.379	0.257	0.276	0.334	0.300	0.307	0.284	0.272	0.264	0.281	0.269	0.233	0.326	0.293	0.260	0.296	0.299	0.311	0.288	0.249	0.312	0.304	0.306	0.378	0.287	0.251	2.014	0.381	0.207	0.203	-16808.883
350	16	500	500	0.5151	0.185	0.354	0.265	0.254	0.308	0.327	0.295	0.341	0.322	0.227	0.253	0.303	0.337	0.285	0.322	0.189	0.292	0.262	0.305	0.288	0.285	0.270	0.295	0.301	0.324	0.295	0.285	0.279	0.252	0.354	1.951	0.569	0.305	0.191	-16583.456
351	16	500	500	0.5102	0.253	0.330	0.303	0.327	0.283	0.267	0.325	0.310	0.250	0.229	0.315	0.344	0.321	0.334	0.251	0.221	0.252	0.319	0.282	0.307	0.344	0.313	0.300	0.305	0.329	0.280	0.324	0.320	0.315	0.354	2.126	0.437	0.255	0.198	-16990.972
352	16	500	500	0.5000	0.239	0.308	0.423	0.327	0.312	0.206	0.322	0.291	0.282	0.321	0.331	0.285	0.283	0.314	0.298	0.244	0.304	0.337	0.318	0.338	0.268	0.336	0.289	0.325	0.326	0.207	0.328	0.314	0.335	0.249	2.001	0.422	0.225	0.201	-17020.395
353	16	500	500	0.5023	0.271	0.375	0.231	0.295	0.290	0.298	0.293	0.302	0.280	0.262	0.314	0.243	0.293	0.279	0.354	0.296	0.267	0.293	0.292	0.314	0.334	0.271	0.284	0.291	0.270	0.302	0.293	0.252	0.341	0.250	1.954	0.454	0.205	0.212	-16708.166
354	16	500	500	0.5255	0.243	0.277	0.266	0.288	0.294	0.310	0.278	0.330	0.292	0.295	0.215	0.346	0.274	0.367	0.262	0.220	0.346	0.294	0.312	0.346	0.273	0.230	0.311	0.333	0.305	0.323	0.334	0.235	0.393	0.300	1.976	0.514	0.253	0.199	-16777.848
355	16	500	500	0.5163	0.277	0.249	0.261	0.269	0.293	0.312	0.304	0.322	0.253	0.404	0.291	0.277	0.266	0.289	0.312	0.270	0.253	0.362	0.288	0.295	0.298	0.335	0.280	0.283	0.321	0.301	0.347	0.351	0.361	0.267	1.930	0.480	0.229	0.214	-16970.455
356	16	500	500	0.4952	0.246	0.277	0.297	0.285	0.289	0.300	0.311	0.300	0.295	0.352	0.264	0.297	0.303	0.277	0.299	0.266	0.298	0.215	0.293	0.290	0.346	0.231	0.341	0.342	0.269	0.278	0.357	0.260	0.270	0.339	1.941	0.335	0.160	0.186	-16638.450
357	16	500	500	0.5107	0.268	0.259	0.356	0.314	0.306	0.360	0.281	0.305	0.287	0.290	0.322	0.236	0.319	0.256	0.269	0.265	0.273	0.284	0.243	0.341	0.289	0.282	0.291	0.353	0.251	0.307	0.292	0.297	0.317	0.323	1.899	0.391	0.199	0.195	-16761.283
358	16	500	500	0.5011	0.221	0.319	0.317	0.360	0.278	0.314	0.342	0.274	0.332	0.313	0.328	0.297	0.299	0.308	0.303	0.218	0.325	0.378	0.363	0.292	0.339	0.303	0.322	0.336	0.273	0.342	0.329	0.285	0.334	0.314	1.844	0.526	0.341	0.218	-17421.725
359	16	500	498	0.5085	0.255	0.226	0.285	0.282	0.317	0.362	0.291	0.366	0.385	0.294	0.352	0.343	0.335	0.297	0.300	0.219	0.348	0.326	0.290	0.270	0.283	0.273	0.304	0.361	0.302	0.309	0.217	0.261	0.317	0.340	1.951	0.492	0.236	0.198	-16915.936
360	16	500	500	0.5151	0.263	0.258	0.288	0.263	0.314	0.291	0.271	0.322	0.288	0.328	0.236	0.330	0.278	0.282	0.284	0.277	0.259	0.341	0.277	0.360	0.354	0.285	0.322	0.237	0.304	0.266	0.274	0.241	0.277	0.301	1.994	0.449	0.215	0.197	-16484.679
361	16	500	500	0.5004	0.184	0.316	0.299	0.295	0.303	0.264	0.300	0.305	0.316	0.353	0.299	0.278	0.235	0.343	0.302	0.212	0.327	0.299	0.327	0.320	0.366	0.313	0.272	0.234	0.282	0.310	0.316	0.328	0.296	0.272	1.822	0.499	0.240	0.194	-16740.996
362	16	500	500	0.5058	0.184	0.251	0.303	0.257	0.305	0.374	0.348	0.309	0.261	0.370	0.293	0.318	0.278	0.297	0.348	0.237	0.260	0.380	0.248	0.306	0.325	0.329	0.282	0.272	0.267	0.297	0.307	0.337	0.297	0.353	2.023	0.439	0.248	0.192	-16933.953
363	16	500	500	0.5214	0.275	0.290	0.365	0.287	0.309	0.264	0.286	0.327	0.280	0.264	0.252	0.316	0.318	0.284	0.325	0.318	0.296	0.351	0.281	0.275	0.309	0.250	0.357	0.252	0.245	0.276	0.345	0.278	0.301	0.356	1.874	0.482	0.244	0.191	-16824.830
364	16	500	500	0.5116	0.237	0.254	0.334	0.356	0.284	0.289	0.229	0.338	0.343	0.364	0.321	0.291	0.298	0.257	0.338	0.214	0.312	0.280	0.302	0.313	0.256	0.368	0.290	0.314	0.292	0.292	0.324	0.317	0.246	0.361	1.952	0.507	0.234	0.198	-16836.529
365	16	500	500	0.5046	0.219	0.309	0.269	0.300	0.319	0.291	0.294	0.273	0.307	0.281	0.293	0.240	0.377	0.290	0.298	0.233	0.293	0.345	0.279	0.296	0.349	0.302	0.314	0.219	0.320	0.301	0.294	0.235	0.323	0.382	1.987	0.510	0.266	0.189	-16756.722
366	16	500	500	0.5065	0.202	0.364	0.273	0.307	0.362	0.301	0.343	0.281	0.254	0.324	0.316	0.299	0.256	0.285	0.314	0.246	0.324	0.298	0.345	0.335	0.313	0.340	0.281	0.239	0.292	0.326	0.293	0.301	0.282	0.356	2.049	0.551	0.263	0.217	-17003.930
367	16	500	499	0.5206	0.172	0.331	0.316	0.256	0.293	0.320	0.297	0.285	0.318	0.309	0.360	0.335	0.325	0.252	0.263	0.224	0.269	0.387	0.272	0.296	0.320	0.330	0.297	0.323	0.294	0.287	0.290	0.302	0.346	0.280	1.989	0.432	0.216	0.196	-16809.907
368	16	500	500	0.5088	0.190	0.226	0.334	0.348	0.315	0.314	0.294	0.340	0.305	0.272	0.271	0.311	0.353	0.330	0.307	0.167	0.254	0.340	0.343	0.290	0.274	0.357	0.295	0.320	0.294	0.271	0.306	0.328	0.257	0.283	1.974	0.432	0.215	0.204	-16906.452
369	16	500	500	0.5141	0.263	0.261	0.310	0.300	0.309	0.355	0.286	0.369	0.263	0.328	0.328	0.260	0.327	0.298	0.285	0.216	0.249	0.293	0.327	0.314	0.322	0.326	0.276	0.317	0.268	0.304	0.278	0.320	0.349	0.325	1.987	0.486	0.213	0.206	-16965.117
370	16	500	500	0.5067	0.213	0.313	0.269	0.302	0.333	0.243	0.298	0.295	0.270	0.262	0.343	0.296	0.300	0.301	0.261	0.224	0.307	0.350	0.258	0.263	0.255	0.310	0.317	0.315	0.261	0.237	0.289	0.281	0.340	0.239	2.083	0.499	0.245	0.213	-16570.604
371	16	500	500	0.5052	0.286	0.288	0.268	0.267	0.311	0.293	0.267	0.297	0.248	0.295	0.332	0.271	0.257	0.255	0.291	0.229	0.258	0.344	0.255	0.329	0.284	0.231	0.323	0.297	0.325	0.282	0.285	0.285	0.333	0.258	1.973	0.511	0.219	0.213	-16527.117
372	16	500	498	0.5180	0.254	0.268	0.263	0.267	0.298	0.336	0.356	0.285	0.320	0.333	0.310	0.291	0.348	0.248	0.342	0.219	0.272	0.299	0.328	0.329	0.342	0.262	0.288	0.301	0.268	0.317	0.306	0.335	0.320	0.266	1.909	0.465	0.213	0.208	-16864.323
373	16	500	500	0.5099	0.292	0.264	0.279	0.267	0.272	0.339	0.301	0.256	0.288	0.342	0.232	0.288	0.269	0.282	0.378	0.285	0.266	0.286	0.349	0.279	0.309	0.303	0.326	0.291	0.306	0.255	0.306	0.263	0.269	0.333	1.986	0.564	0.253	0.193	-16586.482
374	16	500	499	0.5157	0.259	0.297	0.286	0.277	0.371	0.282	0.331	0.355	0.340	0.316	0.282	0.266	0.301	0.343	0.271	0.235	0.413	0.318	0.295	0.330	0.329	0.277	0.322	0.258	0.326	0.276	0.336	0.267	0.293	0.345	1.906	0.427	0.238	0.194	-17107.733
375	16	500	499	0.5040	0.198	0.283	0.350	0.279	0.269	0.308	0.358	0.288	0.261	0.329	0.249	0.276	0.267	0.278	0.301	0.242	0.249	0.298	0.277	0.297	0.261	0.298	0.301	0.275	0.235	0.264	0.343	0.315	0.332	0.279	1.994	0.354	0.155	0.188	-16385.436
376	16	500	500	0.5187	0.228	0.344	0.308	0.313	0.276	0.328	0.332	0.316	0.232	0.323	0.285	0.300	0.316	0.337	0.266	0.287	0.269	0.312	0.287	0.321	0.314	0.256	0.303	0.351	0.244	0.260	0.306	0.306	0.329	0.221	1.901	0.415	0.186	0.192	-16701.969
377	16	500	500	0.5166	0.193	0.333	0.290	0.310	0.246	0.310	0.304	0.317	0.260	0.360	0.266	0.294	0.290	0.270	0.272	0.217	0.281	0.251	0.308	0.320	0.324	0.329	0.280	0.286	0.270	0.311	0.308	0.305	0.318	0.328	2.032	0.440	0.223	0.195	-16722.855
378	16	500	500	0.5008	0.219	0.333	0.367	0.278	0.300	0.318	0.257	0.271	0.292	0.269	0.299	0.335	0.367	0.303	0.369	0.238	0.279	0.297	0.336	0.322	0.265	0.271	0.323	0.289	0.351	0.248	0.287	0.301	0.325	0.273	1.924	0.486	0.217	0.212	-16947.317
379	16	500	499	0.4932	0.249	0.275	0.340	0.309	0.281	0.218	0.358	0.338	0.254	0.275	0.337	0.335	0.284	0.326	0.304	0.196	0.321	0.266	0.421	0.272	0.297	0.307	0.324	0.261	0.273	0.272	0.345	0.313	0.305	0.275	1.944	0.422	0.236	0.188	-16866.965
380	16	500	500	0.5159	0.216	0.290	0.292	0.278	0.251	0.228	0.279	0.306	0.277	0.319	0.292	0.252	0.230	0.326	0.359	0.222	0.297	0.328	0.332	0.323	0.279	0.271	0.304	0.378	0.309	0.233	0.279	0.276	0.239	0.347	1.886	0.483	0.218	0.187	-16615.164
381	16	500	499	0.5090	0.221	0.312	0.280	0.261	0.261	0.338	0.297	0.248	0.243	0.297	0.301	0.282	0.277	0.254	0.342	0.280	0.277	0.337	0.256	0.291	0.331	0.313	0.252	0.234	0.299	0.286	0.263	0.273	0.287	0.303	1.990	0.488	0.208	0.203	-16371.488
382	16	500	500	0.4951	0.197	0.258	0.341	0.365	0.278	0.310	0.347	0.248	0.317	0.235	0.393	0.270	0.237	0.345	0.255	0.252	0.286	0.357	0.276	0.297	0.313	0.241	0.326	0.237	0.261	0.299	0.273	0.325	0.293	0.309	2.008	0.453	0.243	0.189	-16663.001
383	16	500	500	0.5192	0.170	0.351	0.335	0.298	0.294	0.335	0.298	0.278	0.371	0.284	0.284	0.298	0.327	0.323	0.327	0.266	0.315	0.350	0.297	0.311	0.273	0.288	0.323	0.291	0.430	0.296	0.251	0.279	0.289	0.291	1.912	0.451	0.268	0.180	-17037.213
384	16	500	500	0.4913	0.207	0.255	0.290	0.312	0.315	0.353	0.286	0.332	0.383	0.307	0.337	0.303	0.254	0.317	0.277	0.224	0.302	0.309	0.296	0.286	0.277	0.260	0.301	0.304	0.331	0.264	0.214	0.312	0.269	0.343	2.032	0.421	0.205	0.181	-16549.672
385	16	500	500	0.5130	0.227	0.262	0.322	0.290	0.292	0.329	0.290	0.317	0.247	0.254	0.329	0.335	0.330	0.277	0.314	0.262	0.361	0.248	0.286	0.265	0.340	0.328	0.366	0.309	0.266	0.246	0.334	0.310	0.282	0.355	1.912	0.538	0.292	0.196	-16895.031
386	16	500	500	0.5102	0.217	0.327	0.304	0.277	0.276	0.267	0.312	0.321	0.269	0.296	0.277	0.299	0.304	0.326	0.305	0.241	0.293	0.334	0.358	0.280	0.287	0.290	0.276	0.298	0.329	0.301	0.270	0.311	0.270	0.346	2.038	0.523	0.269	0.200	-16837.595
387	16	500	499	0.5075	0.214	0.257	0.294	0.289	0.257	0.234	0.275	0.274	0.243	0.304	0.335	0.281	0.340	0.338	0.263	0.272	0.301	0.298	0.282	0.313	0.358	0.346	0.291	0.312	0.327	0.227	0.363	0.328	0.296	0.337	2.066	0.541	0.268	0.200	-16681.411
388	16	500	500	0.5093	0.315	0.290	0.316	0.227	0.334	0.352	0.272	0.292	0.443	0.291	0.298	0.364	0.298	0.321	0.286	0.279	0.346	0.262	0.308	0.339	0.359	0.257	0.301	0.299	0.257	0.273	0.340	0.312	0.336	0.317	1.996	0.406	0.207	0.188	-17036.491
389	16	500	498	0.5202	0.257	0.261	0.358	0.293	0.302	0.279	0.271	0.286	0.322	0.306	0.292	0.270	0.291	0.277	0.276	0.274	0.342	0.262	0.264	0.307	0.283	0.275	0.301	0.288	0.222	0.267	0.327	0.287	0.274	0.332	2.075	0.487	0.221	0.192	-16379.637
390	16	500	500	0.5155	0.265	0.281	0.325	0.303	0.323	0.310	0.314	0.306	0.240	0.336	0.272	0.333	0.297	0.278	0.381	0.231	0.349	0.257	0.332	0.303	0.289	0.251	0.302	0.303	0.310	0.254	0.311	0.302	0.239	0.278	1.895	0.369	0.171	0.200	-16836.895
391	16	500	500	0.5106	0.287	0.253	0.264	0.295	0.349	0.283	0.287	0.302	0.268	0.285	0.310	0.264	0.274	0.279	0.303	0.223	0.272	0.331	0.288	0.255	0.303	0.280	0.369	0.288	0.294	0.242	0.312	0.265	0.299	0.260	1.976	0.529	0.240	0.202	-16421.688
392	16	500	500	0.5342	0.220	0.353	0.275	0.260	0.241	0.305	0.246	0.324	0.264	0.312	0.272	0.349	0.329	0.283	0.327	0.161	0.310	0.249	0.297	0.311	0.267	0.308	0.293	0.324	0.277	0.333	0.278	0.294	0.308	0.319	1.978	0.529	0.283	0.203	-16774.039
393	16	500	500	0.5063	0.208	0.365	0.256	0.358	0.327	0.334	0.327	0.330	0.238	0.363	0.309	0.259	0.316	0.266	0.306	0.264	0.302	0.323	0.253	0.322	0.309	0.316	0.343	0.269	0.294	0.279	0.309	0.297	0.293	0.317	1.929	0.419	0.216	0.179	-16971.961
394	16	500	500	0.5302	0.188	0.367	0.299	0.323	0.305	0.256	0.291	0.307	0.309	0.214	0.310	0.322	0.277	0.305	0.305	0.201	0.315	0.334	0.304	0.364	0.342	0.279	0.315	0.321	0.367	0.303	0.293	0.269	0.258	0.321	2.047	0.502	0.247	0.211	-16937.158
395	16	500	499	0.5182	0.295	0.266	0.327	0.331	0.290	0.384	0.334	0.289	0.332	0.359	0.272	0.318	0.354	0.284	0.348	0.281	0.375	0.305	0.257	0.239	0.364	0.358	0.269	0.236	0.337	0.303	0.340	0.235	0.318	0.364	2.085	0.453	0.294	0.182	-17259.597
396	16	500	500	0.5220	0.230	0.234	0.212	0.319	0.286	0.285	0.315	0.364	0.254	0.377	0.334	0.291	0.305	0.278	0.304	0.202	0.330	0.285	0.280	0.235	0.309	0.310	0.272	0.340	0.255	0.270	0.305	0.255	0.283	0.264	1.990	0.526	0.223	0.196	-16319.879
397	16	500	500	0.5087	0.253	0.318	0.278	0.305	0.312	0.258	0.327	0.269	0.285	0.249	0.301	0.276	0.386	0.336	0.268	0.258	0.354	0.276	0.308	0.277	0.252	0.290	0.314	0.235	0.275	0.333	0.297	0.267	0.320	0.343	1.954	0.410	0.261	0.186	-16811.946
398	16	500	500	0.4996	0.249	0.369	0.295	0.314	0.287	0.337	0.255	0.288	0.279	0.346	0.319	0.280	0.300	0.282	0.337	0.197	0.224	0.264	0.297	0.355	0.360	0.256	0.331	0.370	0.323	0.284	0.345	0.346	0.282	0.309	2.022	0.404	0.218	0.197	-16990.012
399	16	500	500	0.4864	0.240	0.229	0.258	0.297	0.305	0.276	0.340	0.324	0.290	0.265	0.249	0.300	0.306	0.323	0.306	0.281	0.276	0.300	0.358	0.231	0.273	0.259	0.318	0.294	0.257	0.348	0.195	0.339	0.306	0.254	2.023	0.512	0.224	0.211	-16304.463
400	16	500	500	0.5079	0.265	0.239	0.247	0.252	0.345	0.334	0.319	0.268	0.309	0.273	0.280	0.289	0.234	0.282	0.308	0.238	0.256	0.265	0.276	0.302	0.283	0.224	0.270	0.262	0.266	0.278	0.309	0.280	0.265	0.308	1.996	0.499	0.212	0.189	-16092.170
401	16	500	500	0.5312	0.247	0.250	0.255	0.259	0.258	0.283	0.355	0.297	0.341	0.292	0.285	0.280	0.281	0.291	0.299	0.259	0.286	0.333	0.317	0.294	0.279	0.298	0.282	0.250	0.328	0.296	0.255	0.267	0.298	0.321	1.903	0.448	0.230	0.200	-16797.595
402	16	500	500	0.5198	0.331	0.260	0.408	0.301	0.258	0.237	0.385	0.251	0.298	0.280	0.298	0.308	0.295	0.263	0.331	0.283	0.350	0.223	0.303	0.244	0.316	0.231	0.407	0.270	0.316	0.293	0.282	0.245	0.281	0.277	1.904	0.496	0.214	0.206	-16766.321
403	16	500	500	0.5168	0.214	0.246	0.323	0.303	0.330	0.267	0.343	0.329	0.323	0.275	0.246	0.252	0.289	0.330	0.306	0.175	0.284	0.306	0.276	0.338	0.261	0.323	0.281	0.265	0.272	0.276	0.300	0.281	0.344	0.325	2.041	0.552	0.258	0.200	-16615.949
404	16	500	500	0.5053	0.186	0.255	0.277	0.307	0.265	0.364	0.262	0.338	0.270	0.311	0.348	0.327	0.359	0.306	0.268	0.229	0.275	0.253	0.303	0.267	0.280	0.269	0.300	0.263	0.272	0.287	0.296	0.249	0.298	0.288	1.897	0.388	0.181	0.189	-16494.235
405	16	500	500	0.5128	0.275	0.277	0.295	0.292	0.269	0.298	0.350	0.292	0.293	0.338	0.348	0.267	0.282	0.298	0.288	0.290	0.357	0.347	0.340	0.309	0.183	0.267	0.308	0.261	0.336	0.291	0.289	0.281	0.324	0.309	2.014	0.499	0.249	0.197	-16783.832
406	16	500	500	0.5180	0.176	0.313	0.301	0.292	0.295	0.277	0.291	0.308	0.278	0.338	0.322	0.272	0.330	0.305	0.256	0.204	0.327	0.285	0.324	0.245	0.295	0.291	0.306	0.294	0.274	0.277	0.327	0.258	0.255	0.322	2.054	0.407	0.196	0.186	-16508.747
407	16	500	500	0.4943	0.219	0.244	0.328	0.316	0.256	0.308	0.309	0.388	0.333	0.342	0.281	0.292	0.282	0.339	0.343	0.235	0.329	0.335	0.337	0.258	0.306	0.326	0.261	0.285	0.284	0.283	0.355	0.282	0.318	0.289	2.049	0.544	0.267	0.223	-17052.355
408	16	500	499	0.5077	0.215	0.305	0.230	0.320	0.291	0.293	0.284	0.338	0.325	0.263	0.282	0.302	0.263	0.291	0.285	0.216	0.217	0.312	0.299	0.294	0.302	0.285	0.290	0.416	0.306	0.353	0.312	0.283	0.248	0.342	1.902	0.565	0.264	0.201	-16607.823
409	16	500	500	0.5127	0.244	0.260	0.254	0.218	0.329	0.318	0.282	0.270	0.297	0.208	0.303	0.322	0.315	0.351	0.281	0.194	0.284	0.293	0.289	0.298	0.269	0.280	0.297	0.280	0.263	0.263	0.274	0.349	0.367	0.347	1.932	0.448	0.234	0.199	-16579.297
410	16	500	500	0.5184	0.240	0.330	0.345	0.291	0.336	0.278	0.309	0.358	0.229	0.298	0.278	0.283	0.311	0.301	0.353	0.233	0.407	0.267	0.290	0.319	0.231	0.243	0.342	0.297	0.323	0.293	0.278	0.300	0.345	0.264	1.985	0.372	0.189	0.212	-16996.952
411	16	500	500	0.5292	0.285	0.231	0.266	0.301	0.302	0.295	0.336	0.253	0.342	0.287	0.312	0.326	0.339	0.289	0.275	0.236	0.354	0.264	0.294	0.288	0.295	0.286	0.309	0.323	0.305	0.322	0.292	0.259	0.296	0.319	2.060	0.530	0.284	0.196	-16759.410
412	16	500	500	0.5123	0.217	0.268	0.330	0.298	0.291	0.306	0.282	0.330	0.322	0.239	0.339	0.260	0.407	0.345	0.236	0.260	0.275	0.311	0.323	0.322	0.231	0.313	0.304	0.290	0.349	0.305	0.287	0.256	0.270	0.334	2.092	0.374	0.202	0.212	-16891.511
413	16	500	500	0.5105	0.255	0.338	0.333	0.321	0.372	0.241	0.308	0.234	0.309	0.228	0.302	0.312	0.300	0.286	0.303	0.247	0.296	0.245	0.292	0.297	0.283	0.318	0.264	0.248	0.371	0.285	0.336	0.331	0.324	0.252	1.929	0.364	0.198	0.221	-17012.543
414	16	500	500	0.5071	0.220	0.222	0.220	0.299	0.267	0.298	0.331	0.283	0.402	0.250	0.325	0.297	0.318	0.317	0.264	0.242	0.347	0.329	0.337	0.265	0.277	0.297	0.308	0.266	0.313	0.324	0.259	0.238	0.346	0.248	1.917	0.485	0.238	0.194	-16571.831
415	16	500	500	0.5124	0.237	0.293	0.287	0.253	0.286	0.264	0.272	0.260	0.281	0.256	0.267	0.299	0.268	0.306	0.356	0.256	0.282	0.304	0.316	0.313	0.326	0.321	0.275	0.374	0.238	0.309	0.257	0.256	0.204	0.339	2.026	0.422	0.212	0.195	-16355.122
416	16	500	500	0.5139	0.235	0.325	0.306	0.277	0.316	0.273	0.334	0.292	0.358	0.276	0.273	0.293	0.311	0.359	0.251	0.258	0.334	0.289	0.317	0.358	0.271	0.269	0.303	0.234	0.304	0.318	0.318	0.272	0.290	0.299	1.994	0.437	0.232	0.191	-16857.753
417	16	500	500	0.5182	0.134	0.343	0.356	0.272	0.298	0.275	0.338	0.303	0.239	0.293	0.305	0.293	0.310	0.310	0.283	0.196	0.270	0.293	0.299	0.266	0.341	0.233	0.318	0.367	0.283	0.279	0.317	0.280	0.322	0.309	1.980	0.570	0.264	0.210	-16677.109
418	16	500	499	0.5166	0.227	0.331	0.314	0.285	0.321	0.280	0.281	0.344	0.321	0.250	0.313	0.277	0.319	0.276	0.250	0.193	0.272	0.278	0.350	0.347	0.276	0.296	0.301	0.339	0.260	0.319	0.332	0.311	0.247	0.312	2.097	0.425	0.208	0.206	-16749.318
419	16	500	499	0.5182	0.228	0.334	0.247	0.342	0.299	0.378	0.259	0.299	0.269	0.369	0.350	0.305	0.336	0.272	0.347	0.156	0.293	0.300	0.285	0.280	0.354	0.324	0.276	0.338	0.338	0.272	0.271	0.382	0.315	0.261	2.047	0.373	0.198	0.212	-17055.902
420	16	500	500	0.5054	0.162	0.313	0.354	0.324	0.341	0.260	0.301	0.313	0.280	0.290	0.318	0.313	0.314	0.353	0.341	0.214	0.280	0.353	0.290	0.304	0.292	0.292	0.365	0.250	0.420	0.291	0.262	0.293	0.284	0.338	1.830	0.442	0.236	0.185	-16912.946
421	16	500	500	0.5102	0.219	0.342	0.304	0.261	0.326	0.286	0.304	0.271	0.276	0.356	0.341	0.235	0.228	0.304	0.302	0.215	0.251	0.301	0.293	0.259	0.236	0.324	0.290	0.335	0.282	0.296	0.346	0.284	0.307	0.286	2.138	0.391	0.166	0.198	-16471.640
422	16	500	499	0.5129	0.198	0.286	0.321	0.364	0.343	0.291	0.318	0.267	0.248	0.352	0.293	0.261	0.320	0.367	0.251	0.199	0.260	0.316	0.293	0.313	0.333	0.318	0.288	0.326	0.339	0.281	0.285	0.298	0.324	0.303	2.002	0.490	0.228	0.186	-16682.554
423	16	500	500	0.5193	0.212	0.283	0.302	0.296	0.283	0.338	0.303	0.306	0.265	0.304	0.300	0.304	0.363	0.249	0.276	0.201	0.323	0.260	0.355	0.280	0.306	0.321	0.287	0.279	0.278	0.387	0.278	0.269	0.389	0.264	2.126	0.451	0.221	0.202	-16656.689
424	16	500	500	0.5104	0.204	0.164	0.314	0.347	0.246	0.356	0.335	0.336	0.332	0.355	0.324	0.235	0.270	0.241	0.355	0.199	0.371	0.273	0.336	0.312	0.328	0.253	0.327	0.299	0.207	0.344	0.314	0.278	0.276	0.324	1.920	0.448	0.260	0.210	-16952.619
425	16	500	499	0.4952	0.231	0.302	0.363	0.268	0.310	0.267	0.301	0.303	0.312	0.308	0.261	0.249	0.304	0.303	0.209	0.236	0.269	0.277	0.279	0.241	0.330	0.325	0.262	0.301	0.371	0.314	0.345	0.355	0.254	0.233	2.053	0.391	0.205	0.208	-16471.196
426	16	500	500	0.5164	0.239	0.299	0.338	0.303	0.289	0.325	0.295	0.273	0.341	0.296	0.354	0.308	0.232	0.279	0.305	0.277	0.288	0.223	0.320	0.327	0.396	0.362	0.322	0.340	0.350	0.303	0.306	0.362	0.359	0.276	2.194	0.441	0.256	0.191	-17051.162
427	16	500	500	0.5127	0.242	0.305	0.400	0.266	0.343	0.308	0.302	0.277	0.317	0.333	0.353	0.255	0.308	0.339	0.285	0.268	0.293	0.285	0.326	0.343	0.235	0.318	0.275	0.343	0.247	0.308	0.271	0.347	0.362	0.350	1.915	0.455	0.270	0.196	-17170.879
428	16	500	500	0.5066	0.249	0.331	0.320	0.308	0.312	0.261	0.286	0.292	0.302	0.308	0.300	0.376	0.311	0.322	0.263	0.240	0.218	0.359	0.314	0.306	0.298	0.306	0.300	0.316	0.290	0.347	0.324	0.324	0.299	0.297	2.118	0.459	0.245	0.189	-16840.163
429	16	500	500	0.5223	0.264	0.245	0.285	0.377	0.290	0.303	0.318	0.374	0.298	0.280	0.300	0.339	0.323	0.262	0.227	0.320	0.262	0.254	0.329	0.284	0.306	0.291	0.274	0.256	0.276	0.280	0.349	0.327	0.355	0.271	1.994	0.447	0.234	0.191	-16837.317
430	16	500	500	0.5182	0.225	0.297	0.293	0.331	0.335	0.345	0.382	0.269	0.405	0.332	0.258	0.297	0.267	0.257	0.362	0.175	0.276	0.301	0.329	0.323	0.349	0.348	0.242	0.290	0.288	0.269	0.298	0.319	0.292	0.301	1.910	0.520	0.269	0.202	-17113.233
431	16	500	499	0.5124	0.287	0.334	0.344	0.330	0.255	0.338	0.302	0.341	0.299	0.356	0.301	0.330	0.372	0.271	0.378	0.311	0.235	0.323	0.256	0.376	0.332	0.343	0.364	0.326	0.265	0.268	0.364	0.286	0.267	0.338	1.993	0.500	0.288	0.192	-17429.950
432	16	500	498	0.5190	0.200	0.320	0.294	0.289	0.275	0.321	0.364	0.310	0.272	0.269	0.310	0.272	0.288	0.315	0.328	0.246	0.328	0.328	0.348	0.287	0.280	0.270	0.288	0.229	0.308	0.262	0.315	0.230	0.294	0.250	1.947	0.365	0.193	0.192	-16707.805
433	16	500	500	0.5112	0.235	0.282	0.321	0.284	0.290	0.317	0.286	0.272	0.274	0.365	0.300	0.301	0.305	0.240	0.305	0.208	0.274	0.312	0.310	0.333	0.255	0.343	0.291	0.305	0.245	0.306	0.303	0.245	0.289	0.313	2.003	0.493	0.230	0.206	-16610.827
434	16	500	500	0.5288	0.189	0.321	0.260	0.300	0.331	0.271	0.282	0.289	0.374	0.300	0.351	0.224	0.260	0.254	0.311	0.239	0.285	0.299	0.299	0.247	0.298	0.274	0.261	0.236	0.345	0.329	0.348	0.285	0.302	0.300	2.079	0.415	0.209	0.183	-16475.204
435	16	500	500	0.5128	0.240	0.241	0.296	0.306	0.344	0.304	0.301	0.318	0.308	0.314	0.306	0.294	0.339	0.342	0.317	0.209	0.376	0.302	0.269	0.348	0.280	0.334	0.277	0.329	0.278	0.306	0.299	0.293	0.244	0.293	1.935	0.481	0.258	0.203	-17075.702
436	16	500	500	0.5190	0.232	0.330	0.302	0.284	0.276	0.306	0.336	0.286	0.307	0.271	0.293	0.293	0.290	0.294	0.299	0.265	0.241	0.306	0.352	0.355	0.332	0.302	0.303	0.301	0.284	0.250	0.305	0.303	0.224	0.343	1.969	0.512	0.289	0.211	-16960.690
437	16	500	500	0.5088	0.248	0.366	0.252	0.256	0.275	0.307	0.227	0.303	0.284	0.334	0.305	0.287	0.284	0.313	0.300	0.237	0.356	0.286	0.303	0.255	0.325	0.254	0.310	0.338	0.299	0.285	0.276	0.272	0.332	0.277	1.939	0.463	0.233	0.186	-16486.483
438	16	500	498	0.5121	0.256	0.290	0.279	0.273	0.331	0.295	0.329	0.302	0.293	0.242	0.269	0.305	0.340	0.288	0.304	0.238	0.313	0.250	0.310	0.320	0.352	0.299	0.273	0.276	0.282	0.289	0.268	0.273	0.325	0.315	1.916	0.470	0.222	0.194	-16651.406
439	16	500	500	0.5292	0.219	0.333	0.260	0.266	0.320	0.312	0.346	0.277	0.355	0.317	0.277	0.261	0.303	0.265	0.281	0.177	0.283	0.297	0.348	0.281	0.358	0.302	0.260	0.246	0.328	0.324	0.316	0.284	0.319	0.237	2.037	0.462	0.244	0.194	-16714.174
440	16	500	500	0.4990	0.239	0.255	0.287	0.280	0.305	0.313	0.289	0.247	0.328	0.329	0.290	0.263	0.314	0.298	0.291	0.208	0.317	0.317	0.299	0.330	0.278	0.270	0.269	0.337	0.278	0.313	0.336	0.263	0.262	0.360	2.011	0.579	0.262	0.220	-16674.030
441	16	500	498	0.5192	0.215	0.268	0.290	0.310	0.258	0.241	0.310	0.332	0.276	0.352	0.313	0.284	0.271	0.298	0.247	0.281	0.358	0.295	0.314	0.292	0.340	0.304	0.311	0.232	0.300	0.262	0.308	0.300	0.360	0.289	1.889	0.447	0.235	0.179	-16540.824
442	16	500	499	0.5077	0.280	0.299	0.254	0.309	0.271	0.275	0.312	0.293	0.309	0.299	0.279	0.321	0.312	0.239	0.288	0.210	0.350	0.288	0.281	0.250	0.279	0.283	0.315	0.217	0.293	0.293	0.305	0.289	0.290	0.311	1.900	0.467	0.206	0.200	-16368.565
443	16	500	500	0.5105	0.235	0.283	0.284	0.302	0.308	0.327	0.331	0.297	0.368	0.266	0.286	0.295	0.346	0.302	0.247	0.201	0.253	0.279	0.326	0.267	0.314	0.268	0.327	0.313	0.301	0.329	0.292	0.336	0.336	0.293	2.030	0.382	0.208	0.187	-16816.319
444	16	500	499	0.5118	0.172	0.281	0.321	0.269	0.276	0.230	0.280	0.293	0.296	0.300	0.318	0.331	0.244	0.294	0.246	0.247	0.318	0.325	0.234	0.306	0.295	0.276	0.252	0.349	0.246	0.272	0.312	0.346	0.342	0.248	1.987	0.492	0.211	0.197	-16341.802
445	16	500	500	0.5057	0.227	0.355	0.255	0.316	0.322	0.399	0.255	0.331	0.321	0.278	0.306	0.287	0.311	0.345	0.269	0.224	0.252	0.279	0.322	0.284	0.325	0.313	0.311	0.359	0.296	0.264	0.328	0.301	0.300	0.302	1.881	0.456	0.216	0.219	-17068.635
446	16	500	500	0.5251	0.259	0.274	0.281	0.251	0.294	0.278	0.281	0.333	0.257	0.266	0.298	0.283	0.318	0.325	0.303	0.203	0.316	0.263	0.290	0.319	0.327	0.309	0.353	0.314	0.284	0.273	0.341	0.271	0.309	0.343	2.044	0.433	0.201	0.192	-16679.130
447	16	500	500	0.5044	0.213	0.304	0.266	0.313	0.316	0.312	0.214	0.323	0.313	0.276	0.321	0.297	0.342	0.285	0.342	0.203	0.257	0.302	0.316	0.272	0.330	0.292	0.253	0.295	0.250	0.279	0.282	0.277	0.279	0.314	1.967	0.507	0.222	0.198	-16398.300
448	16	500	500	0.5022	0.208	0.316	0.336	0.297	0.245	0.275	0.303	0.317	0.322	0.288	0.343	0.252	0.339	0.321	0.286	0.205	0.355	0.266	0.320	0.292	0.264	0.338	0.298	0.280	0.334	0.270	0.269	0.285	0.309	0.350	2.079	0.480	0.257	0.186	-16697.880
449	16	500	500	0.5083	0.226	0.300	0.278	0.313	0.301	0.378	0.257	0.306	0.235	0.305	0.264	0.344	0.352	0.312	0.298	0.243	0.350	0.359	0.305	0.300	0.357	0.259	0.312	0.365	0.338	0.338	0.302	0.276	0.222	0.378	2.019	0.423	0.213	0.192	-17008.826
450	16	500	500	0.5170	0.206	0.275	0.284	0.268	0.318	0.241	0.317	0.330	0.254	0.346	0.281	0.292	0.338	0.339	0.279	0.182	0.332	0.289	0.275	0.311	0.282	0.345	0.330	0.256	0.347	0.294	0.328	0.331	0.289	0.321	2.023	0.373	0.213	0.199	-16967.564
451	16	500	498	0.5154	0.231	0.288	0.319	0.305	0.312	0.228	0.273	0.303	0.275	0.316	0.308	0.318	0.328	0.290	0.345	0.230	0.328	0.314	0.261	0.333	0.359	0.338	0.250	0.258	0.330	0.360	0.356	0.318	0.277	0.274	2.037	0.435	0.280	0.182	-16974.783
452	16	500	500	0.5100	0.242	0.264	0.314	0.219	0.354	0.323	0.325	0.278	0.359	0.290	0.270	0.270	0.290	0.307	0.275	0.245	0.276	0.337	0.332	0.316	0.274	0.327	0.246	0.352	0.295	0.302	0.281	0.354	0.292	0.276	1.892	0.486	0.201	0.187	-16635.336
453	16	500	499	0.5133	0.214	0.282	0.281	0.305	0.242	0.315	0.328	0.279	0.258	0.266	0.316	0.291	0.363	0.325	0.255	0.249	0.334	0.262	0.345	0.354	0.274	0.300	0.332	0.225	0.272	0.294	0.333	0.360	0.266	0.333	1.897	0.438	0.211	0.203	-16793.567
454	16	500	500	0.5215	0.216	0.285	0.260	0.335	0.307	0.266	0.277	0.369	0.295	0.343	0.323	0.258	0.314	0.328	0.252	0.210	0.261	0.378	0.329	0.303	0.320	0.293	0.317	0.248	0.287	0.292	0.253	0.312	0.337	0.266	1.918	0.509	0.259	0.183	-16719.146
455	16	500	500	0.5047	0.211	0.276	0.348	0.274	0.390	0.261	0.332	0.357	0.308	0.351	0.302	0.270	0.278	0.251	0.280	0.218	0.272	0.322	0.342	0.313	0.270	0.265	0.260	0.312	0.338	0.271	0.289	0.260	0.303	0.307	1.978	0.470	0.219	0.201	-16754.404
456	16	500	500	0.5292	0.235	0.274	0.242	0.330	0.313	0.304	0.250	0.296	0.283	0.327	0.345	0.323	0.300	0.359	0.233	0.270	0.317	0.325	0.314	0.286	0.288	0.271	0.310	0.252	0.256	0.291	0.312	0.289	0.256	0.325	1.940	0.441	0.212	0.184	-16560.119
457	16	500	500	0.5106	0.223	0.273	0.319	0.311	0.292	0.304	0.316	0.330	0.394	0.320	0.294	0.345	0.283	0.316	0.285	0.227	0.242	0.362	0.292	0.313	0.335	0.349	0.353	0.291	0.314	0.280	0.295	0.314	0.295	0.300	2.019	0.550	0.282	0.215	-17069.665
458	16	500	499	0.5109	0.229	0.250	0.294	0.298	0.290	0.346	0.304	0.343	0.313	0.338	0.298	0.298	0.298	0.298	0.308	0.253	0.261	0.304	0.311	0.318	0.341	0.270	0.333	0.410	0.286	0.243	0.288	0.305	0.282	0.265	1.939	0.443	0.218	0.189	-16824.064
459	16	500	500	0.5236	0.223	0.389	0.308	0.239	0.284	0.348	0.294	0.319	0.304	0.285	0.371	0.295	0.300	0.287	0.323	0.192	0.278	0.371	0.370	0.321	0.321	0.296	0.323	0.270	0.298	0.283	0.308	0.311	0.303	0.269	1.845	0.446	0.239	0.202	-17157.384
460	16	500	500	0.4970	0.232	0.320	0.300	0.319	0.343	0.264	0.290	0.278	0.247	0.334	0.289	0.228	0.262	0.316	0.305	0.246	0.305	0.284	0.339	0.307	0.238	0.304	0.325	0.223	0.262	0.362	0.300	0.310	0.263	0.315	1.802	0.420	0.198	0.189	-16565.917
461	16	500	499	0.5003	0.189	0.347	0.329	0.350	0.282	0.270	0.269	0.287	0.244	0.342	0.253	0.257	0.310	0.325	0.304	0.248	0.227	0.211	0.321	0.297	0.269	0.323	0.283	0.302	0.312	0.264	0.257	0.346	0.327	0.324	2.028	0.462	0.216	0.214	-16558.473
462	16	500	500	0.5150	0.249	0.343	0.324	0.346	0.274	0.297	0.288	0.338	0.284	0.274	0.308	0.306	0.293	0.314	0.300	0.189	0.277	0.329	0.254	0.303	0.235	0.321	0.276	0.294	0.354	0.280	0.284	0.233	0.337	0.323	1.948	0.476	0.249	0.194	-16785.951
463	16	500	500	0.5329	0.159	0.288	0.356	0.289	0.274	0.360	0.313	0.286	0.382	0.294	0.313	0.327	0.322	0.319	0.315	0.223	0.286	0.243	0.271	0.300	0.296	0.307	0.289	0.300	0.380	0.256	0.287	0.308	0.256	0.357	2.074	0.429	0.214	0.197	-16904.752
464	16	500	500	0.5244	0.245	0.419	0.328	0.301	0.234	0.253	0.309	0.331	0.234	0.259	0.290	0.266	0.355	0.310	0.294	0.232	0.261	0.256	0.246	0.341	0.330	0.340	0.314	0.295	0.307	0.302	0.208	0.359	0.298	0.285	1.979	0.495	0.230	0.217	-16730.961
465	16	500	499	0.5181	0.219	0.281	0.349	0.320	0.295	0.319	0.332	0.302	0.267	0.292	0.283	0.298	0.324	0.311	0.334	0.248	0.343	0.278	0.293	0.353	0.317	0.302	0.258	0.280	0.255	0.292	0.339	0.399	0.304	0.278	2.099	0.506	0.263	0.213	-17015.701
466	16	500	500	0.5118	0.201	0.258	0.355	0.266	0.303	0.255	0.319	0.273	0.322	0.318	0.284	0.305	0.280	0.342	0.283	0.178	0.253	0.295	0.313	0.318	0.312	0.300	0.293	0.316	0.293	0.266	0.296	0.328	0.225	0.274	1.993	0.525	0.224	0.215	-16656.019
467	16	500	500	0.5177	0.203	0.269	0.303	0.290	0.300	0.243	0.355	0.327	0.377	0.333	0.330	0.302	0.243	0.252	0.332	0.225	0.263	0.354	0.310	0.353	0.330	0.270	0.381	0.376	0.305	0.283	0.295	0.360	0.292	0.293	2.048	0.355	0.216	0.193	-17074.988
468	16	500	500	0.5096	0.202	0.285	0.332	0.350	0.269	0.295	0.318	0.320	0.294	0.270	0.298	0.301	0.396	0.294	0.311	0.227	0.300	0.247	0.352	0.297	0.326	0.293	0.293	0.248	0.373	0.292	0.280	0.343	0.331	0.273	1.989	0.427	0.224	0.195	-16877.235
469	16	500	497	0.5045	0.221	0.228	0.307	0.316	0.302	0.250	0.312	0.302	0.331	0.366	0.284	0.263	0.251	0.251	0.322	0.170	0.270	0.285	0.321	0.267	0.289	0.239	0.315	0.257	0.217	0.313	0.281	0.314	0.251	0.289	2.106	0.485	0.239	0.193	-16291.660
470	16	500	500	0.5290	0.230	0.329	0.323	0.318	0.278	0.276	0.286	0.322	0.251	0.435	0.284	0.321	0.247	0.335	0.282	0.203	0.270	0.327	0.272	0.284	0.358	0.251	0.337	0.341	0.348	0.371	0.327	0.241	0.282	0.264	1.958	0.298	0.161	0.186	-16875.772
471	16	500	500	0.5228	0.210	0.294	0.335	0.292	0.292	0.317	0.326	0.336	0.345	0.281	0.312	0.317	0.377	0.301	0.320	0.274	0.309	0.319	0.336	0.316	0.327	0.341	0.328	0.412	0.354	0.335	0.379	0.272	0.334	0.276	2.039	0.341	0.227	0.196	-17624.057
472	16	500	500	0.5109	0.184	0.313	0.281	0.302	0.272	0.284	0.289	0.303	0.293	0.300	0.277	0.277	0.283	0.282	0.279	0.228	0.355	0.287	0.304	0.281	0.366	0.266	0.286	0.253	0.326	0.345	0.230	0.281	0.309	0.333	1.870	0.421	0.181	0.189	-16351.075
473	16	500	500	0.5197	0.238	0.344	0.355	0.275	0.249	0.294	0.300	0.296	0.214	0.381	0.252	0.257	0.397	0.261	0.291	0.223	0.292	0.281	0.293	0.311	0.239	0.309	0.286	0.344	0.268	0.310	0.261	0.319	0.225	0.373	1.970	0.421	0.211	0.210	-16687.140
474	16	500	499	0.5064	0.249	0.276	0.290	0.260	0.308	0.291	0.251	0.327	0.250	0.299	0.308	0.351	0.372	0.328	0.338	0.273	0.410	0.282	0.285	0.339	0.287	0.312	0.261	0.275	0.282	0.282	0.258	0.306	0.312	0.271	1.964	0.409	0.175	0.191	-16671.236
475	16	500	500	0.5047	0.271	0.230	0.331	0.333	0.282	0.262	0.314	0.326	0.288	0.341	0.318	0.285	0.264	0.297	0.298	0.326	0.251	0.335	0.297	0.253	0.330	0.330	0.229	0.223	0.309	0.301	0.343	0.312	0.368	0.248	2.026	0.479	0.248	0.193	-16758.467
476	16	500	500	0.5044	0.189	0.323	0.239	0.283	0.278	0.257	0.347	0.276	0.258	0.343	0.314	0.271	0.305	0.275	0.294	0.246	0.274	0.262	0.266	0.276	0.293	0.316	0.323	0.267	0.290	0.281	0.297	0.290	0.284	0.298	1.955	0.553	0.231	0.201	-16404.129
477	16	500	500	0.5155	0.297	0.264	0.313	0.283	0.258	0.340	0.268	0.299	0.274	0.325	0.286	0.261	0.220	0.262	0.317	0.299	0.324	0.349	0.307	0.321	0.254	0.282	0.346	0.305	0.322	0.295	0.320	0.316	0.313	0.282	1.966	0.392	0.212	0.195	-16836.470
478	16	500	500	0.5164	0.282	0.379	0.268	0.294	0.322	0.284	0.335	0.329	0.328	0.295	0.336	0.338	0.319	0.276	0.308	0.243	0.278	0.315	0.290	0.343	0.236	0.327	0.341	0.311	0.290	0.258	0.373	0.281	0.288	0.335	1.872	0.455	0.246	0.197	-17100.425
479	16	500	500	0.5025	0.261	0.321	0.229	0.322	0.265	0.336	0.324	0.306	0.337	0.300	0.365	0.267	0.335	0.288	0.270	0.244	0.322	0.366	0.269	0.294	0.273	0.293	0.262	0.246	0.294	0.330	0.285	0.250	0.329	0.313	2.025	0.437	0.244	0.204	-16804.087
480	16	500	500	0.5093	0.248	0.317	0.338	0.310	0.291	0.358	0.267	0.345	0.211	0.284	0.259	0.301	0.382	0.299	0.336	0.302	0.298	0.310	0.326	0.274	0.327	0.335	0.331	0.284	0.278	0.272	0.362	0.331	0.299	0.336	1.936	0.342	0.181	0.203	-17134.868
481	16	500	500	0.5299	0.228	0.247	0.263	0.308	0.335	0.300	0.328	0.283	0.227	0.265	0.238	0.289	0.382	0.253	0.258	0.207	0.351	0.293	0.269	0.270	0.241	0.296	0.347	0.278	0.270	0.307	0.310	0.298	0.279	0.303	2.041	0.439	0.190	0.193	-16422.006
482	16	500	500	0.5165	0.215	0.287	0.258	0.316	0.286	0.363	0.302	0.314	0.336	0.283	0.305	0.317	0.308	0.347	0.354	0.236	0.342	0.289	0.266	0.309	0.290	0.298	0.334	0.365	0.320	0.336	0.286	0.274	0.333	0.320	2.066	0.451	0.263	0.210	-17203.045
483	16	500	500	0.5140	0.277	0.372	0.275	0.324	0.359	0.278	0.246	0.306	0.234	0.308	0.300	0.302	0.331	0.309	0.328	0.270	0.251	0.323	0.310	0.262	0.334	0.329	0.305	0.310	0.269	0.299	0.322	0.374	0.273	0.327	2.075	0.477	0.235	0.186	-16837.115
484	16	500	500	0.5034	0.207	0.335	0.343	0.328	0.274	0.260	0.239	0.268	0.331	0.283	0.287	0.271	0.317	0.259	0.295	0.191	0.294	0.246	0.260	0.318	0.338	0.262	0.301	0.279	0.303	0.328	0.279	0.285	0.310	0.236	1.992	0.485	0.217	0.195	-16442.002
485	16	500	500	0.5329	0.226	0.253	0.324	0.286	0.305	0.273	0.258	0.336	0.286	0.274	0.303	0.286	0.307	0.251	0.326	0.229	0.255	0.329	0.287	0.291	0.284	0.262	0.288	0.292	0.281	0.308	0.271	0.275	0.284	0.350	2.065	0.485	0.240	0.208	-16606.773
486	16	500	500	0.5199	0.180	0.293	0.279	0.279	0.279	0.291	0.326	0.343	0.260	0.243	0.214	0.272	0.286	0.325	0.315	0.209	0.228	0.389	0.283	0.296	0.310	0.299	0.270	0.338	0.243	0.249	0.307	0.303	0.298	0.282	1.952	0.509	0.227	0.200	-16358.945
487	16	500	500	0.5217	0.253	0.269	0.340	0.257	0.321	0.305	0.321	0.268	0.335	0.275	0.264	0.321	0.286	0.327	0.242	0.246	0.299	0.355	0.337	0.323	0.280	0.323	0.351	0.331	0.348	0.266	0.324	0.261	0.275	0.355	1.959	0.473	0.233	0.195	-17005.619
488	16	500	499	0.5031	0.239	0.255	0.316	0.276	0.302	0.326	0.297	0.333	0.296	0.250	0.293	0.281	0.252	0.243	0.335	0.202	0.329	0.290	0.330	0.246	0.270	0.340	0.297	0.353	0.278	0.290	0.300	0.283	0.290	0.350	1.931	0.516	0.248	0.194	-16616.326
489	16	500	500	0.5350	0.215	0.361	0.279	0.323	0.319	0.284	0.317	0.314	0.349	0.317	0.373	0.281	0.315	0.345	0.269	0.264	0.237	0.366	0.297	0.350	0.291	0.265	0.313	0.329	0.345	0.329	0.304	0.274	0.312	0.359	2.070	0.525	0.246	0.204	-17227.523
490	16	500	500	0.5132	0.235	0.243	0.267	0.278	0.286	0.426	0.291	0.343	0.283	0.326	0.345	0.317	0.268	0.287	0.341	0.294	0.277	0.323	0.386	0.302	0.275	0.273	0.273	0.320	0.323	0.287	0.255	0.290	0.257	0.392	2.008	0.438	0.242	0.193	-16992.171
491	16	500	499	0.5203	0.258	0.290	0.293	0.293	0.329	0.287	0.354	0.258	0.311	0.272	0.315	0.291	0.305	0.319	0.303	0.297	0.322	0.270	0.318	0.296	0.299	0.286	0.293	0.273	0.352	0.315	0.296	0.373	0.294	0.282	1.961	0.385	0.232	0.183	-16970.063
492	16	500	500	0.5238	0.237	0.292	0.220	0.296	0.282	0.356	0.336	0.274	0.281	0.306	0.274	0.292	0.247	0.315	0.329	0.204	0.316	0.288	0.325	0.287	0.237	0.285	0.330	0.245	0.230	0.305	0.352	0.330	0.304	0.344	2.010	0.502	0.232	0.198	-16656.669
493	16	500	500	0.5131	0.162	0.348	0.368	0.304	0.291	0.281	0.320	0.364	0.193	0.299	0.316	0.310	0.286	0.290	0.350	0.238	0.303	0.293	0.328	0.273	0.269	0.380	0.285	0.302	0.265	0.318	0.276	0.341	0.349	0.270	2.039	0.531	0.265	0.196	-16873.985
494	16	500	500	0.4939	0.247	0.229	0.301	0.333	0.281	0.261	0.347	0.342	0.277	0.268	0.319	0.300	0.301	0.308	0.328	0.250	0.333	0.351	0.314	0.278	0.317	0.319	0.317	0.282	0.355	0.290	0.332	0.339	0.281	0.306	1.963	0.564	0.311	0.205	-16886.544
495	16	500	500	0.5034	0.232	0.240	0.332	0.280	0.321	0.352	0.286	0.298	0.347	0.370	0.377	0.262	0.320	0.309	0.284	0.279	0.234	0.336	0.281	0.306	0.349	0.318	0.377	0.352	0.308	0.363	0.277	0.289	0.315	0.301	1.940	0.444	0.230	0.198	-17182.237
496	16	500	500	0.4948	0.208	0.367	0.350	0.263	0.254	0.306	0.327	0.312	0.215	0.313	0.325	0.295	0.316	0.310	0.308	0.244	0.317	0.283	0.318	0.304	0.258	0.303	0.317	0.331	0.305	0.313	0.287	0.391	0.322	0.308	2.006	0.505	0.282	0.196	-16954.755
497	16	500	498	0.5174	0.186	0.304	0.261	0.314	0.333	0.252	0.262	0.268	0.237	0.277	0.254	0.298	0.254	0.262	0.340	0.232	0.296	0.258	0.267	0.309	0.298	0.298	0.269	0.306	0.338	0.259	0.248	0.240	0.291	0.254	1.986	0.329	0.131	0.206	-16193.614
498	16	500	500	0.5138	0.229	0.292	0.269	0.296	0.370	0.291	0.297	0.368	0.329	0.284	0.281	0.327	0.272	0.253	0.282	0.223	0.303	0.365	0.428	0.246	0.270	0.308	0.316	0.293	0.250	0.283	0.275	0.346	0.305	0.273	2.040	0.485	0.234	0.202	-16712.567
499	16	500	500	0.5115	0.200	0.268	0.283	0.256	0.339	0.252	0.300	0.271	0.319	0.249	0.306	0.325	0.266	0.351	0.260	0.203	0.296	0.282	0.287	0.295	0.304	0.375	0.276	0.323	0.307	0.316	0.251	0.272	0.246	0.287	1.943	0.514	0.241	0.195	-16533.368
500	16	500	498	0.5031	0.247	0.267	0.343	0.318	0.254	0.301	0.331	0.279	0.285	0.263	0.266	0.299	0.270	0.296	0.272	0.207	0.306	0.326	0.282	0.365	0.372	0.222	0.340	0.315	0.264	0.283	0.289	0.276	0.266	0.255	1.974	0.509	0.210	0.189	-16400.985
501	16	500	500	0.5088	0.236	0.254	0.299	0.275	0.261	0.312	0.287	0.326	0.272	0.332	0.301	0.339	0.266	0.326	0.282	0.234	0.278	0.380	0.314	0.285	0.351	0.247	0.331	0.323	0.269	0.316	0.304	0.269	0.329	0.357	2.016	0.512	0.284	0.218	-17068.135
502	16	500	499	0.5066	0.241	0.258	0.273	0.230	0.309	0.321	0.289	0.349	0.326	0.375	0.277	0.371	0.247	0.300	0.302	0.275	0.323	0.344	0.274	0.285	0.281	0.338	0.235	0.337	0.279	0.286	0.322	0.341	0.320	0.310	2.032	0.397	0.213	0.194	-16962.927
503	16	500	500	0.5176	0.254	0.339	0.253	0.292	0.344	0.373	0.323	0.330	0.307	0.299	0.244	0.288	0.284	0.338	0.285	0.204	0.294	0.293	0.272	0.321	0.371	0.276	0.284	0.287	0.325	0.277	0.352	0.280	0.305	0.282	1.852	0.512	0.252	0.199	-16964.199
504	16	500	500	0.5137	0.258	0.314	0.307	0.306	0.317	0.339	0.312	0.246	0.321	0.307	0.285	0.331	0.318	0.275	0.306	0.207	0.286	0.280	0.248	0.275	0.321	0.228	0.339	0.358	0.324	0.308	0.281	0.255	0.284	0.290	2.039	0.415	0.187	0.227	-16848.193
505	16	500	500	0.5201	0.236	0.270	0.308	0.308	0.291	0.337	0.297	0.303	0.312	0.297	0.286	0.320	0.268	0.254	0.307	0.224	0.272	0.308	0.326	0.262	0.272	0.276	0.291	0.259	0.314	0.315	0.280	0.287	0.323	0.247	2.047	0.549	0.271	0.191	-16506.729
506	16	500	500	0.5102	0.248	0.296	0.394	0.295	0.306	0.276	0.294	0.205	0.310	0.262	0.326	0.313	0.298	0.277	0.261	0.209	0.265	0.279	0.294	0.302	0.264	0.295	0.268	0.340	0.329	0.260	0.298	0.256	0.296	0.248	1.964	0.466	0.205	0.199	-16374.175
507	16	500	500	0.5032	0.264	0.319	0.369	0.290	0.291	0.226	0.336	0.277	0.313	0.282	0.287	0.346	0.272	0.236	0.312	0.268	0.379	0.296	0.224	0.343	0.330	0.341	0.312	0.285	0.289	0.314	0.282	0.302	0.285	0.201	1.968	0.528	0.234	0.190	-16628.082
508	16	500	500	0.4955	0.238	0.321	0.361	0.299	0.320	0.303	0.285	0.255	0.234	0.220	0.313	0.220	0.356	0.274	0.269	0.226	0.299	0.245	0.275	0.297	0.285	0.242	0.363	0.282	0.268	0.316	0.244	0.300	0.293	0.347	1.859	0.497	0.235	0.197	-16463.317
509	16	500	500	0.5087	0.242	0.365	0.329	0.287	0.297	0.276	0.321	0.285	0.258	0.243	0.321	0.291	0.398	0.333	0.288	0.244	0.276	0.308	0.300	0.241	0.215	0.257	0.239	0.338	0.285	0.331	0.282	0.261	0.285	0.335	1.826	0.419	0.228	0.199	-16646.948
510	16	500	499	0.5147	0.231	0.313	0.309	0.267	0.318	0.220	0.271	0.294	0.281	0.342	0.326	0.283	0.320	0.266	0.334	0.233	0.379	0.289	0.303	0.308	0.362	0.324	0.326	0.280	0.298	0.354	0.252	0.353	0.322	0.335	1.981	0.432	0.233	0.193	-16911.398
511	16	500	500	0.5017	0.212	0.310	0.350	0.300	0.295	0.308	0.397	0.252	0.265	0.254	0.241	0.258	0.289	0.379	0.298	0.204	0.336	0.281	0.286	0.334	0.294	0.329	0.289	0.396	0.357	0.311	0.285	0.288	0.289	0.298	2.000	0.456	0.232	0.203	-16953.875
512	16	500	500	0.5370	0.164	0.202	0.306	0.297	0.260	0.257	0.278	0.320	0.333	0.278	0.331	0.292	0.275	0.260	0.267	0.217	0.298	0.307	0.264	0.268	0.255	0.284	0.250	0.373	0.221	0.298	0.290	0.266	0.281	0.242	2.022	0.421	0.190	0.209	-16264.222
513	16	500	499	0.5110	0.251	0.278	0.298	0.339	0.341	0.310	0.278	0.311	0.290	0.253	0.275	0.271	0.279	0.306	0.323	0.247	0.298	0.215	0.301	0.299	0.306	0.330	0.235	0.328	0.302	0.319	0.229	0.276	0.316	0.326	1.956	0.529	0.235	0.207	-16660.319
514	16	500	500	0.5322	0.141	0.364	0.406	0.300	0.259	0.268	0.286	0.244	0.291	0.345	0.265	0.294	0.310	0.370	0.299	0.204	0.295	0.279	0.319	0.232	0.325	0.259	0.278	0.294	0.291	0.275	0.255	0.321	0.292	0.328	2.095	0.445	0.189	0.207	-16560.432
515	16	500	500	0.5038	0.240	0.280	0.376	0.273	0.325	0.315	0.295	0.261	0.242	0.361	0.313	0.335	0.298	0.271	0.308	0.189	0.330	0.305	0.344	0.265	0.249	0.347	0.299	0.351	0.258	0.336	0.295	0.297	0.338	0.272	1.958	0.492	0.244	0.203	-16907.505
516	16	500	499	0.5214	0.224	0.344	0.302	0.291	0.342	0.276	0.324	0.247	0.350	0.343	0.299	0.340	0.309	0.281	0.312	0.227	0.290	0.272	0.327	0.236	0.309	0.315	0.297	0.325	0.299	0.301	0.248	0.326	0.336	0.260	2.039	0.538	0.285	0.206	-16837.049
517	16	500	500	0.5175	0.143	0.272	0.302	0.312	0.289	0.350	0.262	0.256	0.324	0.250	0.320	0.324	0.343	0.298	0.290	0.183	0.290	0.296	0.247	0.298	0.274	0.296	0.331	0.302	0.191	0.323	0.312	0.329	0.329	0.293	2.065	0.485	0.239	0.203	-16584.462
518	16	500	500	0.5319	0.239	0.250	0.314	0.327	0.276	0.318	0.266	0.317	0.345	0.225	0.307	0.240	0.363	0.296	0.305	0.224	0.280	0.331	0.258	0.274	0.332	0.264	0.309	0.349	0.265	0.315	0.314	0.233	0.257	0.314	1.939	0.435	0.223	0.199	-16743.847
519	16	500	498	0.5090	0.250	0.232	0.357	0.327	0.246	0.231	0.270	0.407	0.309	0.332	0.299	0.295	0.295	0.244	0.357	0.220	0.297	0.304	0.296	0.366	0.273	0.266	0.317	0.289	0.344	0.299	0.361	0.302	0.331	0.267	1.961	0.431	0.235	0.184	-16794.862
520	16	500	500	0.5145	0.262	0.258	0.287	0.293	0.299	0.290	0.289	0.317	0.240	0.306	0.318	0.270	0.308	0.266	0.266	0.186	0.357	0.284	0.265	0.337	0.281	0.308	0.367	0.210	0.346	0.357	0.309	0.284	0.337	0.266	1.870	0.454	0.233	0.191	-16772.555
521	16	500	500	0.5128	0.214	0.301	0.273	0.293	0.302	0.269	0.300	0.222	0.298	0.360	0.277	0.265	0.295	0.324	0.284	0.222	0.263	0.294	0.308	0.337	0.309	0.276	0.294	0.245	0.317	0.231	0.262	0.266	0.244	0.336	2.200	0.459	0.222	0.203	-16289.970
522	16	500	500	0.5026	0.222	0.306	0.253	0.306	0.318	0.351	0.336	0.277	0.299	0.278	0.303	0.299	0.293	0.383	0.279	0.153	0.347	0.337	0.309	0.323	0.339	0.286	0.315	0.271	0.379	0.308	0.300	0.317	0.310	0.318	2.053	0.462	0.241	0.201	-16973.343
523	16	500	500	0.5215	0.273	0.326	0.221	0.352	0.284	0.316	0.258	0.313	0.267	0.262	0.337	0.315	0.319	0.280	0.320	0.252	0.212	0.278	0.286	0.291	0.324	0.294	0.286	0.355	0.322	0.337	0.338	0.331	0.301	0.257	2.103	0.461	0.226	0.197	-16822.647
524	16	500	500	0.4998	0.226	0.282	0.355	0.312	0.303	0.342	0.338	0.299	0.198	0.272	0.349	0.293	0.350	0.256	0.333	0.148	0.277	0.261	0.338	0.298	0.360	0.336	0.297	0.311	0.338	0.308	0.282	0.309	0.382	0.308	1.978	0.417	0.215	0.202	-17057.942
525	16	500	500	0.5226	0.284	0.320	0.319	0.335	0.261	0.244	0.328	0.340	0.277	0.377	0.319	0.256	0.272	0.306	0.270	0.222	0.315	0.337	0.334	0.246	0.306	0.306	0.300	0.315	0.308	0.378	0.242	0.279	0.347	0.265	2.039	0.347	0.173	0.209	-16994.869
526	16	500	500	0.5132	0.190	0.298	0.239	0.315	0.340	0.230	0.263	0.306	0.288	0.287	0.277	0.351	0.262	0.277	0.325	0.205	0.273	0.306	0.257	0.285	0.274	0.314	0.259	0.319	0.235	0.354	0.279	0.271	0.277	0.335	2.012	0.512	0.249	0.208	-16458.628
527	16	500	500	0.5270	0.187	0.311	0.242	0.301	0.300	0.230	0.299	0.224	0.248	0.309	0.268	0.357	0.326	0.297	0.290	0.258	0.244	0.298	0.304	0.298	0.280	0.252	0.258	0.298	0.284	0.265	0.300	0.283	0.385	0.247	1.976	0.441	0.235	0.202	-16461.184
528	16	500	500	0.5070	0.242	0.307	0.284	0.315	0.336	0.287	0.286	0.307	0.285	0.284	0.246	0.280	0.307	0.268	0.348	0.316	0.273	0.276	0.296	0.250	0.295	0.281	0.287	0.291	0.341	0.334	0.319	0.286	0.342	0.244	2.099	0.486	0.213	0.204	-16589.560
529	16	500	500	0.5153	0.245	0.229	0.288	0.309	0.277	0.273	0.301	0.275	0.296	0.332	0.346	0.252	0.249	0.298	0.276	0.201	0.244	0.227	0.328	0.320	0.288	0.342	0.286	0.323	0.334	0.269	0.292	0.261	0.229	0.348	1.962	0.400	0.183	0.188	-16517.388
530	16	500	499	0.5137	0.204	0.242	0.320	0.341	0.259	0.336	0.263	0.283	0.265	0.309	0.371	0.257	0.282	0.262	0.311	0.264	0.258	0.337	0.286	0.313	0.285	0.333	0.344	0.251	0.294	0.243	0.308	0.347	0.235	0.252	1.866	0.482	0.206	0.218	-16670.204
531	16	500	498	0.5197	0.237	0.376	0.303	0.381	0.333	0.312	0.294	0.332	0.264	0.301	0.271	0.261	0.252	0.277	0.303	0.246	0.230	0.292	0.324	0.270	0.298	0.255	0.305	0.262	0.290	0.339	0.263	0.377	0.286	0.308	2.047	0.575	0.255	0.185	-16564.553
532	16	500	499	0.5038	0.202	0.327	0.244	0.292	0.294	0.305	0.351	0.259	0.302	0.294	0.288	0.327	0.266	0.315	0.354	0.217	0.275	0.247	0.328	0.330	0.289	0.265	0.340	0.356	0.319	0.252	0.323	0.350	0.281	0.273	2.040	0.516	0.236	0.223	-16752.409
533	16	500	500	0.5048	0.220	0.363	0.239	0.283	0.271	0.311	0.329	0.274	0.297	0.240	0.288	0.317	0.293	0.273	0.312	0.231	0.304	0.278	0.335	0.287	0.418	0.283	0.353	0.335	0.312	0.281	0.330	0.300	0.327	0.327	1.871	0.490	0.252	0.192	-16928.475
534	16	500	500	0.5130	0.249	0.323	0.279	0.297	0.235	0.279	0.331	0.308	0.199	0.286	0.315	0.347	0.244	0.322	0.281	0.240	0.261	0.278	0.296	0.332	0.314	0.325	0.301	0.298	0.309	0.306	0.285	0.270	0.280	0.269	2.010	0.466	0.261	0.208	-16621.630
535	16	500	499	0.5132	0.190	0.270	0.286	0.339	0.312	0.312	0.323	0.381	0.320	0.345	0.288	0.326	0.276	0.262	0.262	0.231	0.339	0.243	0.277	0.342	0.321	0.301	0.284	0.245	0.334	0.294	0.277	0.360	0.260	0.288	1.910	0.483	0.275	0.212	-16924.668
536	16	500	500	0.5048	0.274	0.322	0.269	0.270	0.315	0.305	0.319	0.291	0.311	0.333	0.267	0.266	0.359	0.289	0.247	0.225	0.279	0.277	0.265	0.329	0.346	0.309	0.299	0.248	0.339	0.270	0.375	0.249	0.318	0.251	1.991	0.516	0.240	0.192	-16629.820
537	16	500	500	0.5132	0.294	0.286	0.269	0.260	0.290	0.346	0.305	0.261	0.250	0.293	0.331	0.342	0.280	0.328	0.379	0.217	0.302	0.307	0.332	0.296	0.303	0.278	0.308	0.294	0.316	0.327	0.241	0.299	0.308	0.324	1.937	0.523	0.269	0.220	-17041.193
538	16	500	499	0.5138	0.220	0.363	0.309	0.248	0.296	0.266	0.298	0.262	0.325	0.314	0.318	0.301	0.324	0.293	0.326	0.243	0.290	0.273	0.294	0.321	0.303	0.334	0.293	0.389	0.292	0.209	0.292	0.332	0.360	0.337	1.986	0.434	0.232	0.192	-16741.219
539	16	500	500	0.5098	0.233	0.353	0.304	0.347	0.307	0.321	0.268	0.335	0.293	0.335	0.320	0.264	0.273	0.334	0.280	0.248	0.255	0.266	0.325	0.255	0.321	0.244	0.341	0.323	0.308	0.281	0.330	0.260	0.283	0.296	2.026	0.504	0.267	0.198	-16780.098
540	16	500	500	0.5200	0.236	0.246	0.320	0.300	0.264	0.315	0.286	0.342	0.329	0.274	0.272	0.270	0.336	0.267	0.333	0.242	0.315	0.263	0.277	0.286	0.293	0.339	0.373	0.292	0.321	0.285	0.253	0.276	0.284	0.330	2.022	0.600	0.250	0.210	-16667.232
541	16	500	500	0.5126	0.202	0.267	0.265	0.301	0.270	0.261	0.345	0.294	0.285	0.378	0.323	0.306	0.286	0.230	0.275	0.264	0.253	0.331	0.347	0.298	0.321	0.299	0.335	0.310	0.325	0.319	0.301	0.323	0.330	0.275	1.916	0.484	0.240	0.202	-16917.446
542	16	500	500	0.5064	0.206	0.308	0.302	0.287	0.286	0.275	0.294	0.276	0.278	0.276	0.308	0.306	0.274	0.307	0.313	0.196	0.296	0.288	0.341	0.286	0.357	0.245	0.312	0.282	0.286	0.252	0.295	0.273	0.326	0.253	1.876	0.440	0.206	0.208	-16605.050
543	16	500	498	0.5139	0.249	0.359	0.288	0.299	0.264	0.268	0.381	0.358	0.321	0.267	0.255	0.360	0.355	0.329	0.294	0.274	0.262	0.302	0.323	0.303	0.244	0.255	0.271	0.356	0.306	0.275	0.246	0.261	0.269	0.331	1.913	0.417	0.232	0.198	-16919.216
544	16	500	499	0.5187	0.261	0.333	0.283	0.253	0.253	0.285	0.290	0.295	0.227	0.366	0.264	0.305	0.318	0.255	0.290	0.259	0.288	0.320	0.249	0.259	0.276	0.310	0.271	0.223	0.291	0.313	0.250	0.284	0.285	0.260	2.117	0.456	0.214	0.187	-16188.606
545	16	500	500	0.4937	0.234	0.286	0.409	0.286	0.300	0.233	0.276	0.281	0.276	0.230	0.245	0.280	0.247	0.305	0.229	0.219	0.341	0.243	0.263	0.311	0.277	0.288	0.329	0.280	0.371	0.328	0.300	0.249	0.302	0.302	1.796	0.545	0.225	0.189	-16291.316
546	16	500	499	0.5097	0.216	0.333	0.277	0.283	0.307	0.305	0.279	0.343	0.339	0.308	0.319	0.275	0.259	0.331	0.373	0.171	0.315	0.317	0.328	0.296	0.322	0.273	0.328	0.287	0.310	0.263	0.296	0.255	0.376	0.299	1.953	0.397	0.219	0.195	-16968.190
547	16	500	498	0.5001	0.291	0.302	0.227	0.326	0.250	0.299	0.279	0.239	0.203	0.366	0.319	0.345	0.265	0.276	0.339	0.213	0.289	0.318	0.330	0.248	0.247	0.323	0.331	0.324	0.288	0.282	0.323	0.288	0.303	0.278	1.952	0.444	0.224	0.198	-16509.333
548	16	500	499	0.5035	0.228	0.232	0.304	0.324	0.284	0.326	0.274	0.286	0.300	0.291	0.317	0.325	0.291	0.288	0.312	0.243	0.317	0.318	0.279	0.293	0.258	0.304	0.287	0.267	0.348	0.258	0.331	0.258	0.319	0.272	2.025	0.447	0.214	0.216	-16666.010
549	16	500	499	0.5177	0.179	0.276	0.284	0.347	0.300	0.242	0.293	0.273	0.288	0.290	0.272	0.319	0.272	0.315	0.323	0.130	0.367	0.311	0.349	0.305	0.332	0.328	0.284	0.307	0.314	0.334	0.316	0.254	0.289	0.283	2.013	0.443	0.219	0.194	-16706.259
550	16	500	500	0.5048	0.255	0.262	0.270	0.261	0.312	0.327	0.265	0.288	0.216	0.298	0.301	0.305	0.265	0.308	0.316	0.291	0.263	0.248	0.286	0.289	0.321	0.317	0.329	0.263	0.302	0.314	0.281	0.297	0.313	0.270	1.958	0.470	0.223	0.195	-16514.083
551	16	500	500	0.5081	0.202	0.252	0.323	0.333	0.272	0.313	0.348	0.295	0.394	0.312	0.293	0.299	0.238	0.371	0.303	0.181	0.273	0.325	0.228	0.287	0.336	0.340	0.294	0.348	0.324	0.275	0.310	0.346	0.324	0.274	2.033	0.472	0.292	0.194	-16977.630
552	16	500	499	0.5147	0.221	0.271	0.333	0.310	0.316	0.283	0.277	0.342	0.264	0.323	0.323	0.291	0.286	0.325	0.369	0.227	0.338	0.276	0.285	0.289	0.240	0.239	0.298	0.349	0.318	0.384	0.269	0.276	0.303	0.294	1.921	0.491	0.266	0.197	-16859.524
553	16	500	500	0.5247	0.234	0.333	0.338	0.275	0.254	0.325	0.206	0.315	0.218	0.275	0.258	0.316	0.281	0.292	0.339	0.247	0.274	0.290	0.282	0.354	0.378	0.337	0.272	0.294	0.320	0.282	0.317	0.328	0.304	0.247	2.009	0.509	0.268	0.196	-16700.590
554	16	500	500	0.5128	0.258	0.233	0.293	0.265	0.287	0.311	0.295	0.302	0.300	0.318	0.332	0.403	0.316	0.329	0.289	0.274	0.263	0.236	0.341	0.325	0.366	0.286	0.360	0.285	0.292	0.299	0.333	0.352	0.302	0.341	1.941	0.521	0.292	0.202	-17190.698
555	16	500	500	0.5297	0.326	0.318	0.376	0.364	0.347	0.276	0.331	0.288	0.299	0.230	0.333	0.301	0.325	0.266	0.355	0.278	0.299	0.382	0.350	0.319	0.320	0.337	0.243	0.348	0.300	0.292	0.306	0.282	0.314	0.263	2.044	0.497	0.290	0.199	-17284.901
556	16	500	499	0.5176	0.222	0.328	0.326	0.262	0.261	0.225	0.348	0.329	0.243	0.285	0.327	0.264	0.362	0.283	0.256	0.211	0.260	0.289	0.276	0.316	0.282	0.227	0.340	0.281	0.340	0.292	0.335	0.304	0.302	0.266	1.956	0.457	0.203	0.190	-16438.452
557	16	500	498	0.5073	0.205	0.235	0.343	0.331	0.283	0.292	0.322	0.297	0.318	0.280	0.333	0.292	0.328	0.338	0.255	0.248	0.265	0.244	0.314	0.279	0.260	0.330	0.256	0.311	0.226	0.292	0.347	0.275	0.314	0.278	2.095	0.400	0.215	0.196	-16557.550
558	16	500	500	0.5263	0.248	0.236	0.331	0.296	0.262	0.292	0.292	0.338	0.315	0.313	0.246	0.246	0.255	0.339	0.327	0.295	0.292	0.300	0.293	0.317	0.284	0.348	0.334	0.355	0.288	0.283	0.272	0.295	0.337	0.354	2.034	0.495	0.259	0.208	-16905.955
559	16	500	499	0.5173	0.281	0.214	0.301	0.282	0.306	0.355	0.289	0.304	0.277	0.292	0.291	0.288	0.335	0.318	0.294	0.240	0.305	0.221	0.278	0.333	0.280	0.340	0.265	0.306	0.293	0.324	0.250	0.307	0.293	0.319	1.947	0.571	0.237	0.202	-16536.533
560	16	500	498	0.4995	0.219	0.308	0.326	0.295	0.318	0.256	0.253	0.287	0.279	0.361	0.369	0.265	0.307	0.314	0.296	0.245	0.343	0.230	0.356	0.290	0.280	0.370	0.286	0.280	0.301	0.318	0.255	0.329	0.317	0.280	1.977	0.543	0.278	0.200	-16794.710
561	16	500	500	0.5037	0.286	0.286	0.324	0.310	0.413	0.310	0.378	0.275	0.327	0.324	0.370	0.256	0.283	0.316	0.404	0.344	0.241	0.361	0.308	0.310	0.386	0.356	0.340	0.278	0.346	0.322	0.304	0.271	0.319	0.338	1.939	0.428	0.286	0.183	-17629.482
562	16	500	500	0.5233	0.229	0.282	0.356	0.349	0.320	0.272	0.250	0.272	0.295	0.361	0.263	0.375	0.284	0.344	0.339	0.256	0.354	0.268	0.313	0.363	0.306	0.263	0.303	0.265	0.314	0.247	0.330	0.260	0.277	0.381	1.938	0.382	0.209	0.181	-16932.784
563	16	500	500	0.5266	0.156	0.293	0.343	0.261	0.297	0.288	0.243	0.288	0.335	0.226	0.277	0.284	0.343	0.268	0.316	0.211	0.299	0.314	0.306	0.350	0.296	0.303	0.321	0.282	0.355	0.300	0.301	0.295	0.284	0.299	2.063	0.474	0.212	0.194	-16603.406
564	16	500	500	0.5122	0.267	0.275	0.297	0.360	0.273	0.332	0.319	0.343	0.371	0.352	0.272	0.280	0.320	0.290	0.367	0.284	0.362	0.369	0.276	0.306	0.286	0.261	0.336	0.317	0.313	0.293	0.337	0.328	0.308	0.282	1.944	0.460	0.252	0.194	-17201.905
565	16	500	500	0.5059	0.219	0.236	0.362	0.290	0.288	0.299	0.268	0.335	0.357	0.293	0.305	0.353	0.321	0.335	0.368	0.246	0.366	0.288	0.338	0.285	0.310	0.299	0.332	0.327	0.298	0.273	0.323	0.283	0.288	0.300	1.952	0.477	0.237	0.192	-17099.685
566	16	500	500	0.5110	0.271	0.237	0.354	0.272	0.342	0.291	0.254	0.330	0.240	0.323	0.302	0.283	0.327	0.263	0.312	0.235	0.212	0.347	0.372	0.271	0.327	0.257	0.246	0.244	0.342	0.309	0.286	0.250	0.275	0.289	1.995	0.526	0.241	0.212	-16657.248
567	16	500	500	0.5186	0.262	0.251	0.245	0.258	0.290	0.373	0.311	0.271	0.263	0.302	0.291	0.302	0.332	0.328	0.255	0.255	0.314	0.231	0.293	0.292	0.276	0.294	0.321	0.257	0.227	0.232	0.258	0.293	0.313	0.312	1.866	0.532	0.214	0.210	-16471.647
568	16	500	500	0.5050	0.228	0.273	0.296	0.325	0.239	0.275	0.321	0.237	0.287	0.284	0.318	0.302	0.310	0.330	0.258	0.189	0.371	0.292	0.300	0.309	0.319	0.281	0.266	0.280	0.250	0.263	0.326	0.356	0.323	0.270	1.912	0.478	0.202	0.204	-16589.707
569	16	500	500	0.5388	0.255	0.357	0.313	0.287	0.299	0.329	0.341	0.311	0.272	0.323	0.350	0.296	0.369	0.378	0.239	0.266	0.262	0.351	0.234	0.271	0.310	0.300	0.265	0.301	0.267	0.366	0.327	0.333	0.334	0.329	1.837	0.376	0.220	0.193	-17360.839
570	16	500	499	0.5129	0.166	0.336	0.297	0.318	0.252	0.278	0.325	0.290	0.262	0.280	0.320	0.326	0.308	0.310	0.243	0.251	0.269	0.304	0.289	0.306	0.323	0.324	0.332	0.200	0.247	0.266	0.306	0.359	0.314	0.243	2.119	0.422	0.229	0.218	-16767.739
571	16	500	500	0.5126	0.210	0.244	0.285	0.301	0.311	0.355	0.287	0.361	0.249	0.340	0.342	0.344	0.331	0.338	0.303	0.218	0.341	0.342	0.329	0.347	0.314	0.298	0.357	0.321	0.377	0.295	0.297	0.302	0.303	0.333	2.060	0.356	0.230	0.215	-17612.928
572	16	500	500	0.5292	0.235	0.275	0.334	0.251	0.262	0.313	0.273	0.302	0.299	0.222	0.328	0.366	0.381	0.277	0.312	0.235	0.286	0.302	0.350	0.236	0.353	0.272	0.335	0.338	0.299	0.332	0.242	0.317	0.281	0.292	2.051	0.384	0.189	0.200	-16809.924
573	16	500	500	0.5128	0.215	0.315	0.296	0.348	0.261	0.280	0.313	0.249	0.248	0.271	0.279	0.309	0.328	0.317	0.304	0.230	0.293	0.244	0.310	0.256	0.318	0.349	0.287	0.259	0.326	0.279	0.316	0.248	0.310	0.314	2.025	0.361	0.189	0.195	-16554.213
574	16	500	500	0.5089	0.226	0.354	0.349	0.311	0.286	0.292	0.317	0.332	0.299	0.274	0.249	0.343	0.339	0.329	0.299	0.172	0.358	0.364	0.296	0.322	0.329	0.272	0.357	0.220	0.390	0.326	0.327	0.357	0.311	0.287	1.991	0.456	0.282	0.204	-17284.424
575	16	500	500	0.5031	0.228	0.304	0.405	0.343	0.289	0.260	0.293	0.316	0.231	0.277	0.307	0.329	0.361	0.274	0.283	0.243	0.279	0.272	0.333	0.314	0.239	0.222	0.334	0.295	0.335	0.271	0.352	0.360	0.294	0.254	1.975	0.477	0.241	0.206	-16890.429
576	16	500	498	0.5020	0.218	0.290	0.337	0.299	0.304	0.264	0.316	0.257	0.244	0.264	0.348	0.295	0.284	0.270	0.293	0.255	0.220	0.312	0.332	0.310	0.301	0.257	0.295	0.348	0.279	0.355	0.341	0.286	0.226	0.291	1.881	0.405	0.203	0.195	-16598.390
577	16	500	500	0.5283	0.215	0.263	0.254	0.297	0.320	0.335	0.264	0.315	0.342	0.299	0.299	0.314	0.294	0.248	0.340	0.247	0.319	0.323	0.265	0.257	0.258	0.334	0.292	0.322	0.298	0.285	0.265	0.336	0.269	0.331	1.951	0.422	0.193	0.190	-16678.450
578	16	500	500	0.5107	0.246	0.276	0.289	0.260	0.337	0.288	0.314	0.253	0.384	0.287	0.292	0.311	0.289	0.324	0.294	0.292	0.331	0.342	0.309	0.321	0.248	0.311	0.255	0.251	0.276	0.294	0.274	0.323	0.296	0.337	1.926	0.494	0.256	0.194	-16804.552
579	16	500	500	0.5040	0.229	0.294	0.323	0.290	0.295	0.290	0.345	0.246	0.280	0.283	0.276	0.290	0.243	0.274	0.329	0.217	0.277	0.346	0.270	0.270	0.303	0.292	0.305	0.355	0.307	0.254	0.271	0.292	0.239	0.314	2.110	0.513	0.271	0.206	-16524.450
580	16	500	500	0.5134	0.176	0.309	0.250	0.296	0.328	0.299	0.312	0.258	0.275	0.338	0.293	0.280	0.291	0.294	0.338	0.188	0.308	0.302	0.343	0.304	0.335	0.264	0.338	0.320	0.318	0.340	0.336	0.282	0.386	0.282	1.866	0.458	0.252	0.194	-16997.409
581	16	500	500	0.5189	0.259	0.256	0.272	0.267	0.305	0.282	0.333	0.243	0.215	0.368	0.271	0.287	0.306	0.305	0.358	0.270	0.261	0.296	0.262	0.288	0.263	0.231	0.296	0.189	0.296	0.242	0.322	0.271	0.346	0.287	1.917	0.452	0.219	0.220	-16538.305
582	16	500	500	0.5112	0.300	0.270	0.360	0.326	0.324	0.271	0.308	0.331	0.280	0.381	0.269	0.346	0.263	0.326	0.322	0.247	0.260	0.227	0.293	0.304	0.392	0.317	0.283	0.342	0.324	0.339	0.317	0.307	0.300	0.356	1.914	0.478	0.235	0.195	-17151.850
583	16	500	499	0.5217	0.175	0.265	0.315	0.302	0.330	0.285	0.312	0.301	0.285	0.287	0.269	0.412	0.327	0.326	0.320	0.253	0.300	0.276	0.290	0.299	0.266	0.333	0.334	0.375	0.234	0.326	0.275	0.251	0.309	0.305	2.053	0.428	0.208	0.206	-16920.779
584	16	500	500	0.5176	0.207	0.211	0.314	0.299	0.275	0.330	0.261	0.287	0.292	0.345	0.328	0.266	0.293	0.307	0.302	0.253	0.287	0.236	0.298	0.280	0.260	0.309	0.272	0.287	0.311	0.315	0.300	0.332	0.301	0.297	1.965	0.426	0.213	0.206	-16649.912
585	16	500	500	0.5071	0.270	0.270	0.345	0.280	0.249	0.297	0.310	0.295	0.325	0.261	0.272	0.331	0.285	0.356	0.306	0.239	0.228	0.315	0.281	0.322	0.310	0.296	0.355	0.365	0.287	0.327	0.265	0.269	0.307	0.325	1.924	0.468	0.225	0.199	-16865.101
586	16	500	500	0.5200	0.266	0.317	0.280	0.360	0.301	0.268	0.361	0.281	0.225	0.262	0.284	0.271	0.300	0.299	0.323	0.252	0.228	0.355	0.283	0.325	0.266	0.281	0.323	0.351	0.322	0.308	0.382	0.270	0.293	0.340	2.170	0.426	0.213	0.196	-16767.142
587	16	500	500	0.5185	0.312	0.303	0.293	0.384	0.323	0.257	0.342	0.275	0.309	0.381	0.304	0.350	0.311	0.287	0.310	0.251	0.274	0.287	0.290	0.285	0.290	0.292	0.369	0.335	0.276	0.315	0.313	0.349	0.267	0.274	2.004	0.457	0.254	0.211	-17239.062
588	16	500	500	0.5191	0.261	0.306	0.257	0.335	0.319	0.321	0.305	0.315	0.375	0.276	0.346	0.365	0.404	0.249	0.371	0.190	0.360	0.284	0.371	0.292	0.334	0.270	0.338	0.318	0.286	0.324	0.308	0.314	0.311	0.297	1.991	0.396	0.240	0.187	-17292.158
589	16	500	500	0.5192	0.261	0.291	0.390	0.243	0.326	0.305	0.319	0.255	0.344	0.266	0.313	0.352	0.319	0.331	0.342	0.218	0.275	0.364	0.311	0.242	0.312	0.354	0.283	0.328	0.333	0.237	0.320	0.321	0.302	0.301	1.925	0.473	0.232	0.194	-17032.709
590	16	500	500	0.5025	0.218	0.324	0.261	0.326	0.338	0.247	0.271	0.311	0.178	0.316	0.273	0.290	0.329	0.291	0.289	0.282	0.288	0.256	0.347	0.313	0.296	0.364	0.272	0.372	0.306	0.297	0.293	0.267	0.288	0.296	1.996	0.468	0.247	0.181	-16662.996
591	16	500	500	0.5108	0.194	0.335	0.267	0.319	0.318	0.264	0.267	0.347	0.269	0.293	0.337	0.272	0.274	0.278	0.274	0.243	0.303	0.285	0.315	0.278	0.320	0.250	0.329	0.263	0.290	0.258	0.312	0.301	0.301	0.303	1.864	0.566	0.250	0.196	-16527.386
592	16	500	500	0.5127	0.189	0.214	0.240	0.309	0.323	0.364	0.391	0.317	0.336	0.320	0.310	0.379	0.293	0.269	0.335	0.250	0.315	0.315	0.336	0.308	0.335	0.338	0.232	0.372	0.203	0.317	0.292	0.379	0.353	0.389	2.028	0.505	0.290	0.188	-17139.219
593	16	500	500	0.5038	0.299	0.400	0.331	0.363	0.279	0.227	0.305	0.345	0.286	0.233	0.397	0.292	0.392	0.335	0.297	0.225	0.358	0.323	0.290	0.345	0.402	0.293	0.361	0.215	0.352	0.294	0.312	0.327	0.281	0.276	1.912	0.377	0.210	0.175	-17137.628
594	16	500	500	0.5039	0.255	0.250	0.320	0.257	0.246	0.352	0.314	0.287	0.249	0.276	0.241	0.359	0.318	0.309	0.269	0.195	0.240	0.287	0.320	0.290	0.283	0.283	0.376	0.350	0.356	0.271	0.322	0.288	0.281	0.297	2.021	0.361	0.167	0.188	-16492.158
595	16	500	500	0.5076	0.217	0.322	0.333	0.255	0.294	0.271	0.368	0.305	0.298	0.313	0.323	0.301	0.273	0.287	0.309	0.197	0.256	0.309	0.284	0.282	0.215	0.241	0.294	0.342	0.296	0.355	0.228	0.313	0.351	0.298	1.828	0.389	0.175	0.197	-16663.022
596	16	500	500	0.5136	0.291	0.287	0.293	0.256	0.309	0.286	0.343	0.257	0.316	0.216	0.266	0.355	0.324	0.254	0.290	0.224	0.272	0.371	0.308	0.270	0.313	0.304	0.379	0.347	0.285	0.325	0.256	0.269	0.339	0.213	2.039	0.438	0.210	0.197	-16658.009
597	16	500	500	0.5162	0.236	0.253	0.308	0.314	0.271	0.226	0.265	0.282	0.316	0.310	0.304	0.340	0.320	0.335	0.254	0.292	0.296	0.328	0.361	0.253	0.289	0.354	0.256	0.323	0.330	0.302	0.235	0.326	0.311	0.360	1.848	0.467	0.241	0.200	-16874.765
598	16	500	500	0.4927	0.187	0.312	0.254	0.305	0.261	0.304	0.284	0.235	0.213	0.297	0.295	0.307	0.246	0.241	0.310	0.251	0.314	0.281	0.320	0.300	0.347	0.356	0.279	0.206	0.287	0.291	0.328	0.290	0.334	0.243	1.981	0.424	0.189	0.218	-16513.961
599	16	500	500	0.5280	0.214	0.277	0.260	0.259	0.314	0.319	0.273	0.338	0.301	0.299	0.302	0.279	0.310	0.268	0.322	0.187	0.345	0.274	0.317	0.327	0.281	0.345	0.292	0.296	0.292	0.352	0.316	0.305	0.246	0.274	1.861	0.516	0.256	0.205	-16873.066
600	16	500	499	0.5139	0.250	0.354	0.317	0.324	0.372	0.283	0.298	0.312	0.239	0.332	0.279	0.343	0.377	0.306	0.330	0.185	0.357	0.329	0.259	0.268	0.319	0.266	0.290	0.323	0.323	0.314	0.352	0.280	0.298	0.347	1.963	0.440	0.205	0.208	-17084.574
601	16	500	499	0.5238	0.224	0.255	0.393	0.308	0.336	0.300	0.364	0.318	0.290	0.312	0.291	0.323	0.314	0.334	0.275	0.261	0.360	0.394	0.332	0.286	0.300	0.236	0.314	0.361	0.295	0.340	0.356	0.390	0.282	0.307	2.061	0.510	0.303	0.191	-17283.293
602	16	500	500	0.5155	0.235	0.312	0.334	0.294	0.291	0.313	0.318	0.339	0.263	0.305	0.382	0.324	0.297	0.282	0.366	0.252	0.322	0.329	0.303	0.359	0.271	0.276	0.347	0.348	0.354	0.311	0.291	0.301	0.265	0.294	1.971	0.407	0.231	0.191	-17146.488
603	16	500	500	0.5167	0.276	0.294	0.257	0.280	0.211	0.301	0.285	0.337	0.375	0.259	0.339	0.286	0.288	0.297	0.242	0.199	0.327	0.272	0.281	0.342	0.302	0.307	0.287	0.344	0.245	0.316	0.294	0.394	0.308	0.321	1.880	0.468	0.225	0.195	-16768.459
604	16	500	498	0.5097	0.217	0.358	0.253	0.348	0.229	0.325	0.261	0.326	0.344	0.334	0.333	0.313	0.239	0.328	0.311	0.215	0.316	0.272	0.367	0.241	0.231	0.322	0.355	0.328	0.280	0.294	0.309	0.329	0.284	0.266	1.867	0.453	0.273	0.200	-16941.604
605	16	500	500	0.5137	0.235	0.285	0.279	0.306	0.293	0.369	0.289	0.262	0.229	0.336	0.295	0.292	0.277	0.316	0.262	0.199	0.267	0.289	0.298	0.324	0.243	0.375	0.314	0.299	0.288	0.260	0.329	0.282	0.333	0.290	1.859	0.483	0.259	0.191	-16688.205
606	16	500	499	0.5010	0.160	0.307	0.271	0.299	0.301	0.254	0.338	0.283	0.308	0.350	0.243	0.320	0.237	0.325	0.209	0.238	0.321	0.248	0.334	0.314	0.339	0.265	0.295	0.294	0.201	0.315	0.264	0.315	0.309	0.319	1.860	0.414	0.230	0.181	-16514.128
607	16	500	500	0.5151	0.293	0.225	0.312	0.332	0.309	0.238	0.264	0.350	0.265	0.303	0.326	0.260	0.332	0.282	0.318	0.301	0.312	0.351	0.321	0.245	0.269	0.291	0.292	0.270	0.287	0.284	0.288	0.273	0.296	0.289	2.091	0.490	0.197	0.204	-16487.431
608	16	500	499	0.5082	0.273	0.250	0.222	0.301	0.268	0.356	0.308	0.315	0.292	0.268	0.300	0.297	0.357	0.296	0.326	0.233	0.367	0.340	0.295	0.343	0.256	0.310	0.340	0.291	0.316	0.343	0.273	0.303	0.283	0.334	2.029	0.422	0.261	0.211	-17025.271
609	16	500	500	0.5179	0.295	0.228	0.314	0.283	0.216	0.223	0.296	0.308	0.290	0.293	0.291	0.325	0.310	0.289	0.265	0.287	0.260	0.321	0.397	0.212	0.276	0.235	0.317	0.375	0.283	0.258	0.283	0.265	0.281	0.254	2.054	0.489	0.227	0.200	-16422.735
610	16	500	500	0.5293	0.245	0.347	0.309	0.264	0.313	0.344	0.369	0.241	0.301	0.318	0.331	0.286	0.302	0.373	0.241	0.223	0.302	0.300	0.311	0.257	0.322	0.413	0.309	0.270	0.360	0.325	0.303	0.288	0.313	0.257	2.133	0.379	0.221	0.193	-17027.805
611	16	500	500	0.5103	0.215	0.355	0.280	0.211	0.368	0.277	0.318	0.351	0.267	0.264	0.330	0.291	0.238	0.295	0.353	0.260	0.290	0.344	0.339	0.282	0.226	0.336	0.293	0.281	0.251	0.276	0.342	0.272	0.251	0.299	1.952	0.542	0.255	0.205	-16689.055
612	16	500	500	0.5225	0.258	0.330	0.266	0.298	0.280	0.266	0.337	0.313	0.293	0.253	0.285	0.315	0.309	0.286	0.299	0.196	0.287	0.252	0.331	0.324	0.302	0.330	0.298	0.283	0.248	0.314	0.298	0.305	0.273	0.357	2.014	0.505	0.234	0.193	-16589.278
613	16	500	499	0.5085	0.242	0.268	0.339	0.271	0.338	0.255	0.299	0.263	0.293	0.246	0.304	0.255	0.333	0.301	0.280	0.209	0.235	0.306	0.308	0.293	0.295	0.251	0.250	0.314	0.260	0.252	0.357	0.330	0.292	0.276	2.015	0.482	0.295	0.190	-16355.070
614	16	500	499	0.5035	0.268	0.228	0.380	0.304	0.299	0.303	0.284	0.311	0.261	0.351	0.312	0.308	0.349	0.299	0.377	0.246	0.345	0.329	0.256	0.275	0.293	0.286	0.275	0.333	0.271	0.320	0.308	0.362	0.301	0.271	1.906	0.393	0.236	0.197	-17092.918
615	16	500	500	0.5191	0.209	0.312	0.283	0.292	0.290	0.345	0.336	0.327	0.331	0.288	0.264	0.316	0.291	0.285	0.332	0.255	0.307	0.321	0.320	0.325	0.315	0.281	0.301	0.323	0.318	0.272	0.287	0.282	0.291	0.310	2.014	0.414	0.214	0.193	-16906.244
616	16	500	500	0.5135	0.253	0.235	0.322	0.276	0.321	0.250	0.264	0.277	0.312	0.282	0.299	0.313	0.317	0.297	0.269	0.270	0.287	0.360	0.287	0.272	0.275	0.318	0.273	0.249	0.309	0.298	0.266	0.369	0.280	0.247	1.877	0.451	0.196	0.203	-16534.006
617	16	500	500	0.5109	0.209	0.303	0.233	0.351	0.315	0.283	0.292	0.256	0.274	0.248	0.289	0.348	0.338	0.348	0.283	0.253	0.243	0.258	0.262	0.302	0.322	0.272	0.315	0.318	0.296	0.302	0.296	0.294	0.301	0.272	2.057	0.439	0.211	0.197	-16601.346
618	16	500	500	0.5205	0.257	0.314	0.311	0.300	0.344	0.287	0.302	0.361	0.293	0.315	0.298	0.284	0.222	0.322	0.306	0.263	0.307	0.273	0.261	0.280	0.298	0.311	0.285	0.332	0.208	0.384	0.290	0.306	0.337	0.313	1.918	0.367	0.181	0.199	-16900.857
619	16	500	500	0.5046	0.281	0.330	0.311	0.270	0.271	0.277	0.334	0.285	0.322	0.309	0.263	0.296	0.283	0.250	0.324	0.217	0.336	0.206	0.353	0.331	0.294	0.267	0.244	0.334	0.263	0.268	0.282	0.268	0.293	0.351	2.071	0.458	0.254	0.184	-16527.739
620	16	500	499	0.4942	0.225	0.368	0.338	0.275	0.257	0.248	0.294	0.322	0.275	0.244	0.303	0.319	0.302	0.335	0.316	0.265	0.316	0.275	0.295	0.275	0.382	0.335	0.282	0.286	0.277	0.264	0.309	0.297	0.275	0.253	1.827	0.373	0.195	0.187	-16711.994
621	16	500	500	0.5067	0.202	0.275	0.340	0.232	0.318	0.415	0.271	0.338	0.251	0.259	0.254	0.328	0.352	0.267	0.309	0.223	0.270	0.228	0.286	0.336	0.326	0.262	0.239	0.348	0.306	0.243	0.306	0.328	0.270	0.324	2.047	0.420	0.200	0.193	-16439.156
622	16	500	500	0.5093	0.266	0.280	0.314	0.320	0.321	0.367	0.293	0.359	0.331	0.313	0.350	0.247	0.348	0.354	0.312	0.192	0.314	0.291	0.334	0.308	0.278	0.323	0.276	0.301	0.335	0.318	0.318	0.270	0.324	0.337	2.037	0.446	0.247	0.192	-17207.931
623	16	500	500	0.5276	0.261	0.298	0.228	0.258	0.349	0.319	0.346	0.305	0.335	0.360	0.380	0.307	0.262	0.291	0.290	0.261	0.297	0.320	0.356	0.279	0.301	0.244	0.300	0.305	0.345	0.285	0.335	0.290	0.245	0.320	1.950	0.542	0.269	0.197	-17035.288
624	16	500	499	0.5245	0.225	0.380	0.309	0.288	0.366	0.337	0.350	0.271	0.284	0.320	0.266	0.305	0.240	0.272	0.284	0.218	0.223	0.292	0.295	0.337	0.353	0.254	0.329	0.407	0.290	0.316	0.301	0.308	0.313	0.349	2.024	0.449	0.227	0.202	-16895.992
625	16	500	500	0.5194	0.257	0.305	0.274	0.293	0.332	0.329	0.307	0.280	0.309	0.257	0.356	0.270	0.278	0.289	0.290	0.253	0.329	0.293	0.310	0.228	0.292	0.289	0.367	0.308	0.295	0.296	0.266	0.279	0.274	0.276	1.862	0.416	0.220	0.194	-16802.207
626	16	500	499	0.5170	0.302	0.255	0.309	0.276	0.302	0.320	0.255	0.347	0.198	0.314	0.354	0.296	0.243	0.296	0.313	0.240	0.364	0.297	0.254	0.342	0.279	0.267	0.280	0.267	0.297	0.313	0.269	0.332	0.325	0.286	2.045	0.406	0.203	0.199	-16701.759
627	16	500	500	0.5044	0.186	0.314	0.303	0.250	0.280	0.355	0.322	0.378	0.230	0.316	0.298	0.315	0.279	0.334	0.247	0.220	0.295	0.277	0.311	0.304	0.255	0.320	0.375	0.275	0.339	0.294	0.291	0.329	0.247	0.293	2.081	0.386	0.195	0.212	-16832.274
628	16	500	500	0.5196	0.294	0.334	0.273	0.281	0.264	0.352	0.272	0.290	0.223	0.301	0.293	0.261	0.323	0.296	0.303	0.270	0.260	0.316	0.309	0.277	0.322	0.331	0.290	0.287	0.294	0.306	0.307	0.247	0.336	0.309	2.012	0.484	0.225	0.197	-16664.520
629	16	500	498	0.5209	0.269	0.198	0.246	0.270	0.250	0.365	0.297	0.307	0.413	0.346	0.313	0.339	0.251	0.306	0.255	0.247	0.289	0.273	0.306	0.258	0.301	0.276	0.313	0.307	0.342	0.347	0.274	0.348	0.261	0.347	1.983	0.452	0.211	0.189	-16698.022
630	16	500	499	0.5130	0.230	0.279	0.309	0.310	0.280	0.278	0.327	0.343	0.277	0.332	0.286	0.302	0.314	0.316	0.244	0.232	0.337	0.263	0.299	0.279	0.300	0.286	0.344	0.333	0.300	0.306	0.290	0.281	0.305	0.315	2.014	0.405	0.239	0.190	-16815.939
631	16	500	500	0.4967	0.271	0.281	0.290	0.279	0.352	0.296	0.214	0.334	0.347	0.296	0.301	0.311	0.281	0.291	0.306	0.238	0.316	0.239	0.275	0.300	0.329	0.298	0.289	0.280	0.291	0.323	0.254	0.311	0.269	0.303	1.884	0.489	0.212	0.202	-16634.950
632	16	500	500	0.5242	0.226	0.289	0.302	0.305	0.293	0.302	0.309	0.301	0.318	0.308	0.307	0.287	0.285	0.318	0.280	0.297	0.245	0.352	0.256	0.304	0.273	0.280	0.361	0.307	0.304	0.246	0.288	0.235	0.315	0.302	1.897	0.402	0.221	0.205	-16840.839
633	16	500	500	0.5238	0.249	0.316	0.259	0.309	0.333	0.258	0.313	0.279	0.249	0.227	0.333	0.246	0.290	0.320	0.248	0.208	0.268	0.333	0.231	0.307	0.267	0.299	0.263	0.316	0.344	0.271	0.284	0.277	0.272	0.293	1.947	0.418	0.205	0.181	-16360.697
634	16	500	500	0.5220	0.221	0.299	0.369	0.244	0.307	0.261	0.284	0.321	0.359	0.285	0.300	0.288	0.306	0.303	0.243	0.201	0.313	0.320	0.356	0.331	0.355	0.359	0.216	0.335	0.317	0.302	0.329	0.291	0.277	0.355	1.884	0.397	0.184	0.187	-16856.609
635	16	500	499	0.5082	0.214	0.309	0.293	0.277	0.305	0.339	0.314	0.276	0.355	0.340	0.289	0.296	0.287	0.325	0.286	0.234	0.320	0.304	0.383	0.313	0.379	0.230	0.310	0.318	0.315	0.278	0.316	0.254	0.274	0.314	2.035	0.524	0.250	0.200	-16774.015
636	16	500	499	0.5130	0.255	0.294	0.293	0.223	0.269	0.267	0.284	0.361	0.319	0.264	0.255	0.337	0.316	0.332	0.264	0.228	0.296	0.284	0.297	0.303	0.342	0.299	0.335	0.302	0.330	0.298	0.279	0.226	0.247	0.332	2.042	0.517	0.234	0.219	-16642.155
637	16	500	500	0.5187	0.252	0.379	0.355	0.348	0.296	0.261	0.407	0.371	0.256	0.323	0.244	0.299	0.306	0.321	0.282	0.232	0.386	0.219	0.401	0.357	0.387	0.334	0.297	0.243	0.288	0.354	0.314	0.300	0.370	0.292	2.106	0.506	0.272	0.187	-17230.702
638	16	500	500	0.5236	0.258	0.338	0.233	0.290	0.316	0.291	0.297	0.263	0.261	0.275	0.261	0.400	0.333	0.275	0.266	0.252	0.278	0.345	0.317	0.325	0.284	0.341	0.238	0.343	0.265	0.344	0.275	0.339	0.299	0.311	2.002	0.426	0.249	0.206	-16917.416
639	16	500	500	0.5127	0.259	0.249	0.282	0.348	0.238	0.297	0.337	0.354	0.318	0.306	0.280	0.290	0.337	0.248	0.307	0.231	0.344	0.310	0.261	0.261	0.304	0.350	0.304	0.251	0.244	0.260	0.254	0.352	0.287	0.289	2.042	0.554	0.252	0.212	-16655.585
640	16	500	500	0.5197	0.264	0.230	0.302	0.289	0.330	0.289	0.305	0.315	0.256	0.262	0.249	0.346	0.352	0.289	0.380	0.266	0.217	0.312	0.304	0.313	0.265	0.358	0.344	0.272	0.299	0.347	0.270	0.355	0.269	0.330	2.087	0.455	0.261	0.201	-16940.720
641	16	500	499	0.5125	0.263	0.265	0.266	0.261	0.323	0.312	0.286	0.346	0.274	0.325	0.269	0.355	0.309	0.316	0.296	0.251	0.302	0.323	0.320	0.263	0.235	0.319	0.359	0.290	0.287	0.285	0.281	0.310	0.321	0.311	1.948	0.535	0.270	0.202	-16866.278
642	16	500	499	0.5028	0.288	0.350	0.305	0.310	0.309	0.307	0.293	0.327	0.269	0.311	0.284	0.265	0.377	0.330	0.335	0.277	0.358	0.263	0.276	0.361	0.281	0.286	0.316	0.232	0.302	0.339	0.322	0.221	0.299	0.282	2.019	0.493	0.271	0.209	-17037.183
643	16	500	500	0.5239	0.267	0.375	0.283	0.302	0.274	0.275	0.301	0.329	0.315	0.274	0.298	0.286	0.363	0.340	0.336	0.269	0.284	0.321	0.358	0.254	0.364	0.299	0.293	0.310	0.271	0.289	0.301	0.330	0.289	0.284	1.946	0.444	0.210	0.207	-17025.622
644	16	500	498	0.5095	0.262	0.385	0.311	0.294	0.355	0.280	0.303	0.296	0.309	0.325	0.384	0.344	0.323	0.308	0.269	0.337	0.285	0.315	0.325	0.281	0.255	0.285	0.320	0.332	0.353	0.311	0.277	0.331	0.231	0.292	2.052	0.535	0.284	0.192	-16982.889
645	16	500	500	0.4873	0.243	0.308	0.279	0.279	0.326	0.408	0.308	0.260	0.230	0.350	0.361	0.308	0.277	0.323	0.262	0.272	0.297	0.318	0.308	0.242	0.271	0.300	0.358	0.262	0.270	0.276	0.298	0.316	0.198	0.316	1.975	0.316	0.153	0.218	-16749.959
646	16	500	500	0.5126	0.198	0.260	0.263	0.334	0.281	0.305	0.313	0.254	0.315	0.306	0.314	0.288	0.287	0.281	0.315	0.180	0.261	0.311	0.335	0.299	0.280	0.273	0.341	0.240	0.343	0.246	0.353	0.275	0.264	0.254	2.081	0.516	0.277	0.200	-16547.113
647	16	500	500	0.5260	0.241	0.359	0.351	0.250	0.298	0.272	0.287	0.290	0.234	0.397	0.306	0.283	0.322	0.368	0.294	0.221	0.355	0.276	0.261	0.328	0.301	0.271	0.237	0.317	0.327	0.277	0.365	0.267	0.338	0.307	2.082	0.452	0.223	0.201	-16773.861
648	16	500	500	0.5064	0.288	0.203	0.316	0.287	0.265	0.307	0.307	0.336	0.285	0.328	0.296	0.296	0.353	0.334	0.323	0.229	0.292	0.299	0.321	0.296	0.277	0.274	0.329	0.300	0.341	0.282	0.262	0.296	0.336	0.307	1.943	0.390	0.214	0.202	-16913.158
649	16	500	500	0.5122	0.241	0.246	0.331	0.323	0.266	0.318	0.228	0.293	0.319	0.341	0.289	0.316	0.276	0.291	0.332	0.221	0.331	0.288	0.285	0.323	0.292	0.338	0.258	0.326	0.291	0.308	0.309	0.328	0.279	0.272	1.949	0.566	0.318	0.197	-16794.573
650	16	500	500	0.5200	0.259	0.276	0.278	0.290	0.263	0.289	0.315	0.267	0.282	0.227	0.328	0.324	0.363	0.313	0.295	0.197	0.350	0.357	0.260	0.295	0.342	0.282	0.306	0.360	0.315	0.304	0.231	0.319	0.312	0.279	2.058	0.611	0.265	0.209	-16731.907
651	16	500	500	0.4898	0.206	0.311	0.289	0.254	0.298	0.260	0.263	0.268	0.343	0.305	0.291	0.294	0.250	0.334	0.338	0.170	0.256	0.260	0.259	0.329	0.263	0.343	0.307	0.352	0.260	0.318	0.253	0.277	0.316	0.317	2.166	0.445	0.193	0.204	-16293.347
652	16	500	500	0.5137	0.187	0.312	0.362	0.293	0.316	0.279	0.312	0.304	0.254	0.306	0.257	0.294	0.285	0.328	0.281	0.257	0.326	0.303	0.310	0.293	0.275	0.286	0.338	0.250	0.336	0.276	0.266	0.278	0.245	0.327	1.995	0.449	0.214	0.201	-16636.786
653	16	500	499	0.5228	0.220	0.364	0.287	0.359	0.340	0.302	0.272	0.297	0.344	0.247	0.279	0.292	0.287	0.240	0.337	0.256	0.267	0.346	0.300	0.336	0.320	0.294	0.260	0.244	0.274	0.301	0.310	0.287	0.253	0.302	1.919	0.404	0.230	0.184	-16680.038
654	16	500	500	0.5183	0.230	0.311	0.372	0.274	0.239	0.307	0.331	0.327	0.290	0.255	0.293	0.337	0.355	0.300	0.290	0.213	0.313	0.274	0.345	0.358	0.311	0.290	0.321	0.264	0.315	0.325	0.258	0.308	0.288	0.337	1.908	0.414	0.192	0.202	-17040.269
655	16	500	500	0.4883	0.314	0.357	0.249	0.293	0.268	0.275	0.293	0.277	0.227	0.331	0.251	0.297	0.317	0.293	0.316	0.301	0.287	0.276	0.300	0.309	0.331	0.294	0.322	0.315	0.286	0.237	0.274	0.252	0.273	0.287	1.882	0.500	0.279	0.191	-16541.854
656	16	500	500	0.5119	0.271	0.200	0.291	0.290	0.296	0.270	0.286	0.321	0.317	0.289	0.245	0.304	0.325	0.397	0.259	0.248	0.280	0.206	0.360	0.328	0.293	0.297	0.303	0.244	0.277	0.261	0.376	0.317	0.279	0.259	1.914	0.451	0.217	0.200	-16608.864
657	16	500	500	0.5097	0.233	0.337	0.252	0.263	0.347	0.289	0.280	0.291	0.289	0.331	0.228	0.261	0.311	0.281	0.321	0.210	0.281	0.280	0.302	0.261	0.338	0.307	0.290	0.283	0.236	0.329	0.288	0.310	0.291	0.251	2.107	0.419	0.167	0.205	-16411.963
658	16	500	499	0.5147	0.307	0.303	0.268	0.337	0.264	0.294	0.296	0.285	0.231	0.322	0.337	0.318	0.293	0.253	0.255	0.262	0.344	0.305	0.312	0.304	0.212	0.292	0.261	0.288	0.311	0.206	0.364	0.273	0.276	0.238	1.958	0.450	0.188	0.200	-16388.168
659	16	500	499	0.5328	0.270	0.223	0.333	0.274	0.296	0.316	0.371	0.195	0.331	0.287	0.314	0.358	0.316	0.302	0.288	0.261	0.213	0.271	0.271	0.312	0.297	0.323	0.311	0.358	0.376	0.333	0.279	0.342	0.257	0.294	1.966	0.540	0.253	0.191	-16768.251
660	16	500	499	0.5097	0.273	0.350	0.320	0.292	0.312	0.267	0.350	0.306	0.302	0.255	0.319	0.286	0.293	0.221	0.294	0.275	0.324	0.341	0.285	0.341	0.248	0.340	0.314	0.325	0.321	0.321	0.267	0.227	0.332	0.289	2.001	0.429	0.187	0.209	-16837.776
661	16	500	499	0.5093	0.201	0.266	0.278	0.258	0.225	0.300	0.245	0.314	0.348	0.285	0.287	0.343	0.332	0.302	0.318	0.240	0.337	0.293	0.288	0.287	0.239	0.305	0.309	0.259	0.304	0.320	0.276	0.281	0.268	0.249	1.937	0.455	0.217	0.197	-16456.120
662	16	500	499	0.5098	0.241	0.283	0.295	0.311	0.323	0.252	0.338	0.270	0.349	0.285	0.325	0.344	0.248	0.289	0.287	0.215	0.266	0.347	0.273	0.303	0.257	0.309	0.299	0.328	0.273	0.324	0.265	0.243	0.285	0.321	2.042	0.423	0.218	0.205	-16694.276
663	16	500	500	0.5167	0.196	0.155	0.345	0.293	0.278	0.328	0.346	0.306	0.277	0.309	0.294	0.273	0.285	0.285	0.272	0.279	0.318	0.321	0.341	0.268	0.265	0.368	0.287	0.274	0.346	0.311	0.331	0.254	0.305	0.249	1.894	0.463	0.193	0.200	-16624.879
664	16	500	500	0.5174	0.254	0.288	0.275	0.309	0.257	0.341	0.258	0.369	0.326	0.296	0.241	0.355	0.354	0.325	0.289	0.166	0.228	0.241	0.325	0.285	0.292	0.349	0.239	0.303	0.280	0.256	0.255	0.278	0.316	0.317	1.926	0.489	0.247	0.200	-16762.329
665	16	500	500	0.5145	0.239	0.285	0.293	0.295	0.297	0.304	0.263	0.325	0.267	0.351	0.286	0.341	0.294	0.264	0.314	0.240	0.294	0.328	0.273	0.258	0.256	0.312	0.279	0.328	0.339	0.316	0.319	0.272	0.302	0.368	1.866	0.320	0.173	0.199	-17076.692
666	16	500	500	0.5096	0.296	0.316	0.327	0.303	0.377	0.311	0.389	0.297	0.253	0.343	0.376	0.303	0.238	0.306	0.318	0.226	0.337	0.275	0.252	0.338	0.252	0.321	0.315	0.278	0.294	0.291	0.289	0.312	0.278	0.377	2.088	0.393	0.200	0.196	-17038.179
667	16	500	500	0.5261	0.240	0.303	0.340	0.275	0.304	0.238	0.302	0.350	0.307	0.337	0.267	0.327	0.319	0.291	0.341	0.216	0.312	0.279	0.280	0.289	0.287	0.339	0.272	0.322	0.307	0.274	0.295	0.252	0.248	0.326	2.030	0.473	0.257	0.190	-16809.540
668	16	500	500	0.5162	0.164	0.387	0.229	0.325	0.324	0.275	0.301	0.333	0.249	0.275	0.278	0.284	0.301	0.346	0.271	0.205	0.272	0.366	0.357	0.227	0.280	0.309	0.280	0.327	0.292	0.317	0.269	0.279	0.271	0.270	2.028	0.452	0.241	0.196	-16666.882
669	16	500	500	0.5116	0.205	0.330	0.369	0.294	0.243	0.233	0.408	0.323	0.308	0.271	0.308	0.293	0.390	0.302	0.329	0.206	0.335	0.309	0.317	0.315	0.274	0.306	0.282	0.316	0.305	0.239	0.292	0.241	0.301	0.315	1.949	0.466	0.239	0.201	-16922.319
670	16	500	500	0.5144	0.261	0.283	0.283	0.306	0.326	0.384	0.275	0.236	0.298	0.285	0.225	0.311	0.237	0.342	0.331	0.253	0.285	0.323	0.317	0.292	0.266	0.333	0.311	0.240	0.289	0.374	0.254	0.293	0.271	0.294	1.938	0.499	0.243	0.195	-16665.068
671	16	500	499	0.5169	0.213	0.263	0.296	0.310	0.277	0.286	0.280	0.302	0.380	0.302	0.318	0.319	0.342	0.290	0.269	0.207	0.356	0.316	0.292	0.325	0.319	0.316	0.290	0.270	0.281	0.280	0.295	0.265	0.362	0.346	1.966	0.463	0.247	0.207	-16944.591
672	16	500	500	0.5204	0.272	0.280	0.300	0.315	0.296	0.309	0.312	0.266	0.304	0.253	0.273	0.281	0.345	0.317	0.288	0.212	0.332	0.327	0.257	0.274	0.314	0.310	0.326	0.274	0.294	0.272	0.293	0.225	0.289	0.284	1.931	0.538	0.201	0.193	-16405.728
673	16	500	500	0.5190	0.242	0.290	0.340	0.374	0.260	0.300	0.336	0.237	0.278	0.253	0.354	0.239	0.326	0.326	0.268	0.251	0.263	0.260	0.297	0.275	0.344	0.314	0.354	0.323	0.244	0.276	0.334	0.377	0.311	0.279	1.990	0.545	0.273	0.203	-16766.135
674	16	500	500	0.5201	0.224	0.338	0.312	0.334	0.270	0.281	0.315	0.308	0.291	0.325	0.328	0.275	0.307	0.261	0.296	0.229	0.313	0.361	0.251	0.336	0.326	0.326	0.311	0.277	0.325	0.306	0.299	0.224	0.266	0.350	1.957	0.472	0.247	0.203	-16941.575
675	16	500	500	0.5024	0.223	0.216	0.347	0.263	0.287	0.299	0.330	0.280	0.257	0.329	0.235	0.292	0.311	0.358	0.286	0.218	0.270	0.353	0.293	0.320	0.271	0.332	0.298	0.331	0.322	0.329	0.278	0.268	0.263	0.356	2.056	0.397	0.201	0.196	-16627.768
676	16	500	500	0.5272	0.187	0.366	0.293	0.340	0.290	0.250	0.317	0.331	0.329	0.305	0.308	0.259	0.317	0.294	0.342	0.238	0.305	0.272	0.298	0.318	0.269	0.328	0.311	0.276	0.295	0.338	0.301	0.278	0.306	0.249	1.929	0.465	0.233	0.204	-16901.789
677	16	500	500	0.5021	0.231	0.264	0.257	0.335	0.371	0.381	0.334	0.304	0.288	0.296	0.329	0.287	0.262	0.306	0.301	0.211	0.288	0.349	0.280	0.371	0.343	0.338	0.291	0.301	0.296	0.310	0.295	0.354	0.308	0.251	1.946	0.447	0.253	0.203	-17040.621
678	16	500	500	0.5081	0.220	0.362	0.331	0.303	0.303	0.310	0.288	0.314	0.296	0.283	0.338	0.325	0.357	0.299	0.276	0.229	0.351	0.280	0.307	0.324	0.300	0.329	0.335	0.255	0.282	0.285	0.234	0.317	0.327	0.283	1.941	0.510	0.290	0.205	-16944.932
679	16	500	499	0.5050	0.212	0.265	0.282	0.325	0.339	0.284	0.325	0.313	0.304	0.303	0.280	0.279	0.267	0.363	0.292	0.209	0.290	0.321	0.357	0.294	0.348	0.257	0.303	0.277	0.348	0.268	0.349	0.264	0.281	0.286	1.880	0.458	0.264	0.212	-17086.653
680	16	500	497	0.5245	0.279	0.307	0.370	0.301	0.298	0.278	0.325	0.304	0.358	0.333	0.310	0.284	0.305	0.336	0.296	0.263	0.274	0.275	0.318	0.316	0.388	0.342	0.273	0.329	0.296	0.311	0.361	0.277	0.311	0.332	2.006	0.409	0.252	0.189	-17153.267
681	16	500	500	0.5218	0.206	0.335	0.272	0.289	0.333	0.288	0.295	0.356	0.284	0.347	0.251	0.323	0.364	0.291	0.316	0.194	0.246	0.315	0.285	0.293	0.333	0.303	0.302	0.279	0.322	0.329	0.348	0.308	0.229	0.260	1.973	0.413	0.211	0.201	-16899.842
682	16	500	500	0.5088	0.196	0.286	0.291	0.295	0.316	0.242	0.370	0.267	0.282	0.269	0.290	0.212	0.354	0.283	0.282	0.228	0.313	0.298	0.297	0.252	0.333	0.264	0.336	0.367	0.282	0.238	0.380	0.376	0.335	0.294	2.009	0.394	0.200	0.205	-16802.884
683	16	500	499	0.5090	0.231	0.317	0.345	0.264	0.331	0.312	0.279	0.320	0.364	0.277	0.275	0.290	0.327	0.300	0.285	0.191	0.282	0.282	0.323	0.301	0.275	0.314	0.278	0.287	0.265	0.281	0.298	0.292	0.349	0.311	1.968	0.435	0.229	0.193	-16760.563
684	16	500	500	0.5135	0.292	0.319	0.302	0.356	0.330	0.335	0.285	0.316	0.283	0.295	0.313	0.343	0.309	0.352	0.301	0.298	0.287	0.294	0.369	0.344	0.341	0.304	0.297	0.346	0.400	0.277	0.309	0.240	0.267	0.312	2.028	0.452	0.250	0.193	-17193.245
685	16	500	500	0.5301	0.178	0.336	0.219	0.311	0.330	0.327	0.311	0.273	0.266	0.289	0.316	0.271	0.332	0.303	0.282	0.255	0.323	0.369	0.282	0.310	0.262	0.245	0.324	0.275	0.320	0.331	0.251	0.306	0.279	0.333	1.945	0.428	0.204	0.213	-16863.016
686	16	500	500	0.5193	0.263	0.353	0.270	0.252	0.318	0.280	0.281	0.321	0.285	0.278	0.345	0.304	0.288	0.282	0.279	0.246	0.352	0.266	0.323	0.260	0.245	0.319	0.340	0.217	0.278	0.291	0.325	0.295	0.284	0.234	2.034	0.405	0.191	0.208	-16626.114
687	16	500	498	0.5117	0.223	0.274	0.290	0.269	0.328	0.282	0.349	0.334	0.292	0.265	0.288	0.343	0.308	0.326	0.309	0.230	0.340	0.233	0.304	0.260	0.320	0.292	0.316	0.241	0.295	0.249	0.312	0.318	0.233	0.357	2.012	0.416	0.199	0.184	-16552.498
688	16	500	500	0.5135	0.212	0.297	0.292	0.300	0.289	0.334	0.268	0.329	0.337	0.331	0.273	0.337	0.286	0.333	0.289	0.227	0.340	0.379	0.276	0.303	0.281	0.285	0.314	0.312	0.304	0.307	0.276	0.257	0.359	0.323	1.978	0.416	0.196	0.198	-16847.277
689	16	500	500	0.5095	0.277	0.293	0.278	0.274	0.265	0.243	0.260	0.294	0.300	0.308	0.296	0.264	0.302	0.305	0.245	0.220	0.267	0.306	0.283	0.321	0.256	0.342	0.224	0.210	0.262	0.289	0.254	0.348	0.305	0.298	2.027	0.603	0.258	0.208	-16248.007
690	16	500	499	0.5133	0.276	0.266	0.276	0.312	0.303	0.303	0.284	0.295	0.309	0.250	0.264	0.289	0.259	0.270	0.295	0.191	0.256	0.286	0.315	0.261	0.252	0.301	0.288	0.243	0.258	0.273	0.292	0.319	0.243	0.295	1.978	0.488	0.204	0.196	-16173.542
691	16	500	500	0.5190	0.292	0.367	0.272	0.294	0.256	0.333	0.327	0.271	0.356	0.334	0.262	0.297	0.320	0.329	0.287	0.236	0.273	0.357	0.325	0.319	0.324	0.235	0.258	0.316	0.251	0.301	0.263	0.246	0.343	0.269	2.061	0.459	0.256	0.207	-16846.744
692	16	500	499	0.4984	0.238	0.359	0.265	0.280	0.268	0.319	0.291	0.351	0.390	0.316	0.338	0.251	0.331	0.244	0.330	0.247	0.339	0.267	0.334	0.289	0.264	0.307	0.333	0.274	0.234	0.273	0.325	0.313	0.353	0.260	2.004	0.355	0.158	0.199	-16738.593
693	16	500	500	0.5066	0.194	0.276	0.295	0.341	0.363	0.266	0.263	0.283	0.255	0.335	0.288	0.397	0.319	0.356	0.257	0.250	0.322	0.280	0.316	0.281	0.284	0.296	0.279	0.322	0.325	0.310	0.310	0.259	0.280	0.320	1.951	0.450	0.240	0.194	-16820.623
694	16	500	500	0.5133	0.262	0.332	0.330	0.314	0.309	0.207	0.322	0.249	0.327	0.282	0.290	0.295	0.400	0.295	0.343	0.240	0.234	0.366	0.257	0.319	0.263	0.304	0.288	0.318	0.298	0.345	0.319	0.196	0.271	0.325	1.948	0.434	0.201	0.201	-16766.579
695	16	500	500	0.5197	0.241	0.381	0.293	0.276	0.253	0.330	0.292	0.332	0.231	0.272	0.315	0.287	0.264	0.334	0.307	0.186	0.269	0.270	0.316	0.294	0.325	0.303	0.270	0.248	0.216	0.324	0.307	0.258	0.312	0.299	1.878	0.515	0.248	0.201	-16600.501
696	16	500	499	0.5073	0.298	0.283	0.367	0.292	0.312	0.265	0.325	0.297	0.359	0.239	0.299	0.334	0.353	0.277	0.272	0.243	0.327	0.374	0.266	0.319	0.270	0.284	0.326	0.258	0.308	0.333	0.273	0.252	0.356	0.340	1.834	0.508	0.261	0.210	-17165.779
697	16	500	500	0.5082	0.193	0.251	0.292	0.221	0.286	0.295	0.280	0.273	0.302	0.283	0.334	0.259	0.295	0.272	0.241	0.249	0.272	0.242	0.286	0.282	0.291	0.309	0.289	0.321	0.294	0.240	0.296	0.297	0.271	0.328	2.009	0.533	0.219	0.198	-16175.700
698	16	500	500	0.5121	0.225	0.257	0.210	0.364	0.352	0.388	0.278	0.323	0.343	0.269	0.293	0.325	0.280	0.242	0.288	0.243	0.302	0.312	0.261	0.311	0.306	0.286	0.323	0.317	0.304	0.280	0.318	0.247	0.269	0.270	1.919	0.511	0.234	0.215	-16782.639
699	16	500	500	0.5045	0.237	0.264	0.309	0.307	0.275	0.333	0.303	0.296	0.261	0.319	0.310	0.279	0.286	0.289	0.316	0.225	0.281	0.309	0.264	0.315	0.355	0.289	0.298	0.324	0.254	0.278	0.288	0.349	0.333	0.296	1.979	0.462	0.226	0.191	-16793.571
700	16	500	499	0.5107	0.222	0.259	0.300	0.258	0.299	0.314	0.246	0.279	0.291	0.296	0.277	0.395	0.361	0.283	0.273	0.287	0.336	0.272	0.296	0.298	0.307	0.310	0.340	0.263	0.352	0.231	0.279	0.244	0.269	0.312	2.091	0.417	0.207	0.193	-16557.433
701	16	500	499	0.5092	0.270	0.217	0.290	0.375	0.315	0.317	0.317	0.329	0.256	0.301	0.318	0.257	0.329	0.279	0.293	0.307	0.378	0.225	0.318	0.334	0.312	0.293	0.273	0.253	0.325	0.324	0.322	0.297	0.260	0.293	2.124	0.464	0.234	0.183	-16661.446
702	16	500	500	0.5030	0.233	0.332	0.297	0.268	0.324	0.322	0.352	0.339	0.315	0.283	0.280	0.301	0.286	0.300	0.254	0.199	0.332	0.273	0.283	0.284	0.362	0.329	0.262	0.280	0.295	0.293	0.391	0.335	0.321	0.291	2.044	0.518	0.293	0.204	-16897.211
703	16	500	500	0.5098	0.223	0.287	0.261	0.306	0.306	0.287	0.275	0.296	0.284	0.290	0.306	0.321	0.294	0.325	0.266	0.302	0.294	0.291	0.275	0.308	0.239	0.292	0.259	0.258	0.289	0.326	0.304	0.233	0.301	0.323	1.928	0.508	0.220	0.184	-16409.154
704	16	500	500	0.5040	0.304	0.301	0.258	0.298	0.284	0.242	0.318	0.303	0.314	0.315	0.309	0.304	0.253	0.283	0.334	0.303	0.312	0.316	0.369	0.296	0.277	0.305	0.341	0.196	0.311	0.300	0.278	0.328	0.295	0.317	2.134	0.402	0.197	0.211	-16844.047
705	16	500	500	0.5166	0.244	0.278	0.300	0.233	0.372	0.311	0.245	0.342	0.320	0.297	0.281	0.226	0.318	0.351	0.304	0.263	0.335	0.277	0.333	0.312	0.287	0.305	0.317	0.289	0.300	0.264	0.320	0.296	0.290	0.286	2.144	0.491	0.258	0.199	-16690.191
706	16	500	500	0.5002	0.296	0.336	0.362	0.320	0.255	0.343	0.355	0.271	0.268	0.291	0.342	0.304	0.275	0.330	0.351	0.247	0.324	0.288	0.316	0.276	0.281	0.310	0.259	0.293	0.322	0.365	0.291	0.310	0.318	0.328	1.992	0.465	0.242	0.199	-17055.133
707	16	500	500	0.5300	0.283	0.219	0.250	0.331	0.329	0.313	0.315	0.269	0.280	0.326	0.336	0.309	0.384	0.324	0.268	0.257	0.311	0.250	0.284	0.321	0.285	0.310	0.267	0.320	0.274	0.317	0.312	0.286	0.281	0.309	1.984	0.419	0.203	0.204	-16956.353
708	16	500	499	0.5048	0.286	0.274	0.295	0.324	0.312	0.308	0.290	0.326	0.345	0.273	0.300	0.332	0.294	0.338	0.240	0.223	0.345	0.325	0.270	0.347	0.263	0.325	0.307	0.298	0.287	0.297	0.354	0.314	0.237	0.314	2.066	0.463	0.264	0.199	-16877.502
709	16	500	500	0.5027	0.228	0.209	0.243	0.289	0.286	0.311	0.335	0.312	0.268	0.267	0.322	0.273	0.288	0.256	0.328	0.199	0.271	0.251	0.295	0.269	0.250	0.307	0.270	0.366	0.284	0.325	0.323	0.247	0.317	0.254	2.033	0.303	0.147	0.206	-16414.779
710	16	500	500	0.5147	0.253	0.301	0.297	0.267	0.259	0.269	0.294	0.256	0.321	0.231	0.253	0.328	0.229	0.261	0.253	0.252	0.233	0.313	0.263	0.274	0.278	0.268	0.349	0.265	0.317	0.275	0.291	0.288	0.324	0.276	1.922	0.502	0.195	0.195	-16113.236
711	16	500	500	0.5140	0.227	0.286	0.325	0.367	0.287	0.234	0.306	0.334	0.332	0.362	0.288	0.311	0.284	0.296	0.271	0.257	0.306	0.285	0.330	0.290	0.361	0.312	0.338	0.294	0.265	0.268	0.350	0.281	0.339	0.230	2.030	0.493	0.257	0.190	-16825.597
712	16	500	500	0.5062	0.153	0.260	0.324	0.213	0.308	0.332	0.304	0.287	0.299	0.330	0.270	0.249	0.323	0.289	0.278	0.205	0.326	0.332	0.291	0.316	0.281	0.280	0.296	0.290	0.330	0.260	0.330	0.273	0.313	0.302	1.949	0.474	0.250	0.212	-16699.467
713	16	500	499	0.5133	0.237	0.223	0.281	0.309	0.310	0.365	0.256	0.301	0.260	0.343	0.295	0.321	0.299	0.258	0.382	0.181	0.234	0.236	0.295	0.257	0.336	0.293	0.288	0.283	0.259	0.367	0.283	0.296	0.310	0.279	1.856	0.458	0.237	0.188	-16672.063
714	16	500	500	0.5148	0.219	0.328	0.289	0.339	0.318	0.338	0.230	0.281	0.289	0.266	0.309	0.329	0.354	0.327	0.251	0.255	0.234	0.305	0.328	0.279	0.306	0.313	0.307	0.327	0.273	0.305	0.261	0.307	0.344	0.257	1.939	0.483	0.249	0.196	-16740.826
715	16	500	500	0.5112	0.256	0.344	0.330	0.320	0.330	0.279	0.273	0.289	0.233	0.346	0.250	0.343	0.274	0.351	0.308	0.234	0.305	0.296	0.359	0.331	0.274	0.334	0.268	0.340	0.291	0.289	0.273	0.322	0.361	0.256	2.011	0.526	0.226	0.191	-16763.836
716	16	500	500	0.5098	0.252	0.303	0.337	0.354	0.289	0.267	0.266	0.276	0.323	0.354	0.317	0.256	0.304	0.338	0.257	0.233	0.392	0.283	0.306	0.263	0.320	0.312	0.284	0.288	0.351	0.312	0.285	0.293	0.302	0.273	1.983	0.550	0.265	0.196	-16766.675
717	16	500	500	0.5134	0.202	0.289	0.313	0.255	0.279	0.378	0.291	0.222	0.259	0.313	0.296	0.314	0.324	0.261	0.339	0.191	0.286	0.350	0.277	0.272	0.265	0.339	0.288	0.279	0.300	0.259	0.285	0.269	0.326	0.295	2.075	0.415	0.213	0.188	-16494.687
718	16	500	500	0.5122	0.269	0.295	0.263	0.292	0.295	0.317	0.278	0.345	0.292	0.261	0.279	0.291	0.317	0.310	0.338	0.234	0.319	0.293	0.298	0.307	0.265	0.309	0.350	0.385	0.369	0.316	0.265	0.253	0.288	0.281	2.070	0.442	0.235	0.207	-16923.461
719	16	500	500	0.5332	0.244	0.281	0.322	0.271	0.283	0.282	0.316	0.302	0.362	0.309	0.341	0.370	0.321	0.337	0.280	0.218	0.328	0.267	0.305	0.325	0.360	0.285	0.314	0.246	0.253	0.314	0.357	0.324	0.308	0.314	2.042	0.484	0.266	0.212	-17186.163
720	16	500	500	0.5065	0.271	0.296	0.322	0.300	0.263	0.346	0.267	0.261	0.285	0.240	0.291	0.251	0.308	0.263	0.269	0.220	0.303	0.248	0.322	0.237	0.300	0.359	0.274	0.196	0.376	0.294	0.275	0.327	0.294	0.254	2.047	0.483	0.232	0.197	-16349.994
721	16	500	500	0.4988	0.254	0.271	0.335	0.338	0.317	0.289	0.266	0.326	0.328	0.253	0.299	0.246	0.307	0.265	0.281	0.296	0.260	0.333	0.285	0.316	0.272	0.322	0.290	0.323	0.268	0.335	0.333	0.254	0.297	0.319	1.976	0.450	0.241	0.197	-16764.978
722	16	500	500	0.5119	0.307	0.238	0.320	0.293	0.293	0.227	0.281	0.352	0.299	0.273	0.302	0.263	0.332	0.339	0.317	0.247	0.302	0.300	0.308	0.267	0.266	0.343	0.286	0.274	0.312	0.288	0.250	0.292	0.322	0.272	2.068	0.491	0.223	0.199	-16611.280
723	16	500	500	0.5170	0.221	0.294	0.279	0.318	0.250	0.323	0.245	0.301	0.366	0.244	0.286	0.287	0.304	0.306	0.292	0.223	0.287	0.386	0.260	0.326	0.296	0.347	0.289	0.251	0.330	0.327	0.273	0.248	0.309	0.284	2.097	0.446	0.215	0.225	-16763.447
724	16	500	500	0.5081	0.225	0.295	0.249	0.263	0.243	0.292	0.279	0.225	0.304	0.326	0.227	0.329	0.258	0.263	0.339	0.167	0.257	0.242	0.334	0.336	0.295	0.293	0.252	0.254	0.291	0.265	0.345	0.256	0.300	0.257	2.066	0.464	0.188	0.203	-16077.672
725	16	500	497	0.5072	0.260	0.293	0.347	0.336	0.293	0.229	0.245	0.323	0.305	0.288	0.251	0.327	0.309	0.279	0.278	0.273	0.267	0.267	0.288	0.277	0.263	0.273	0.302	0.411	0.286	0.343	0.347	0.309	0.250	0.310	2.002	0.531	0.264	0.196	-16713.347
726	16	500	499	0.5177	0.238	0.331	0.298	0.243	0.320	0.303	0.312	0.323	0.341	0.208	0.277	0.314	0.267	0.367	0.296	0.239	0.333	0.313	0.319	0.290	0.324	0.258	0.295	0.263	0.265	0.321	0.336	0.309	0.281	0.342	2.015	0.375	0.183	0.198	-16864.226
727	16	500	500	0.5130	0.209	0.248	0.309	0.321	0.270	0.278	0.252	0.272	0.370	0.320	0.281	0.306	0.328	0.266	0.278	0.209	0.343	0.254	0.291	0.330	0.365	0.307	0.301	0.299	0.230	0.324	0.265	0.293	0.343	0.271	1.959	0.371	0.201	0.212	-16859.392
728	16	500	500	0.5149	0.187	0.288	0.286	0.336	0.322	0.326	0.278	0.304	0.246	0.233	0.301	0.244	0.334	0.269	0.298	0.186	0.380	0.297	0.314	0.267	0.302	0.361	0.320	0.234	0.310	0.261	0.341	0.327	0.259	0.284	2.033	0.495	0.223	0.210	-16633.162
729	16	500	500	0.5145	0.287	0.266	0.324	0.326	0.297	0.289	0.291	0.354	0.378	0.311	0.276	0.312	0.302	0.341	0.274	0.274	0.299	0.333	0.276	0.371	0.260	0.293	0.270	0.337	0.306	0.352	0.329	0.305	0.289	0.305	1.974	0.496	0.298	0.202	-17141.751
730	16	500	497	0.5183	0.229	0.271	0.258	0.275	0.334	0.283	0.331	0.284	0.326	0.284	0.375	0.295	0.340	0.310	0.315	0.316	0.247	0.300	0.296	0.270	0.233	0.266	0.350	0.347	0.321	0.292	0.281	0.300	0.305	0.249	1.953	0.467	0.210	0.189	-16692.192
731	16	500	500	0.4906	0.215	0.308	0.310	0.302	0.280	0.319	0.335	0.326	0.260	0.285	0.283	0.284	0.277	0.372	0.251	0.285	0.230	0.282	0.288	0.353	0.282	0.288	0.328	0.352	0.242	0.353	0.275	0.313	0.319	0.304	1.953	0.395	0.206	0.194	-16801.259
732	16	500	500	0.5154	0.219	0.315	0.348	0.283	0.295	0.244	0.315	0.311	0.339	0.275	0.297	0.266	0.217	0.289	0.342	0.266	0.305	0.288	0.281	0.334	0.272	0.310	0.286	0.283	0.295	0.324	0.275	0.341	0.309	0.256	1.837	0.525	0.260	0.188	-16655.077
733	16	500	500	0.5108	0.278	0.386	0.308	0.366	0.327	0.295	0.279	0.340	0.289	0.378	0.385	0.304	0.305	0.307	0.350	0.241	0.309	0.338	0.357	0.290	0.309	0.295	0.328	0.250	0.269	0.323	0.302	0.371	0.333	0.261	2.014	0.466	0.222	0.191	-17120.404
734	16	500	500	0.5197	0.190	0.282	0.324	0.291	0.266	0.266	0.370	0.300	0.356	0.278	0.315	0.351	0.326	0.361	0.308	0.190	0.278	0.300	0.282	0.315	0.276	0.311	0.290	0.241	0.303	0.307	0.314	0.303	0.333	0.227	1.936	0.508	0.226	0.207	-16769.454
735	16	500	500	0.5076	0.229	0.334	0.300	0.307	0.316	0.321	0.297	0.292	0.376	0.332	0.261	0.313	0.295	0.308	0.315	0.178	0.260	0.251	0.327	0.231	0.315	0.266	0.389	0.240	0.337	0.315	0.281	0.385	0.334	0.286	1.988	0.467	0.209	0.201	-16791.471
736	16	500	499	0.5171	0.192	0.297	0.333	0.304	0.299	0.279	0.289	0.366	0.298	0.338	0.271	0.304	0.350	0.294	0.312	0.236	0.260	0.349	0.320	0.308	0.358	0.249	0.260	0.367	0.254	0.315	0.307	0.313	0.250	0.316	1.959	0.480	0.269	0.194	-16955.280
737	16	500	500	0.5154	0.205	0.277	0.297	0.293	0.328	0.384	0.272	0.273	0.282	0.257	0.355	0.280	0.396	0.338	0.280	0.253	0.336	0.348	0.300	0.308	0.298	0.344	0.347	0.257	0.299	0.321	0.339	0.350	0.306	0.312	2.022	0.460	0.263	0.201	-17124.123
738	16	500	500	0.5030	0.267	0.321	0.325	0.274	0.314	0.308	0.237	0.306	0.330	0.332	0.267	0.301	0.311	0.350	0.392	0.212	0.223	0.302	0.326	0.283	0.349	0.264	0.340	0.338	0.317	0.344	0.259	0.253	0.303	0.280	2.038	0.437	0.227	0.204	-16876.965
739	16	500	499	0.5152	0.232	0.337	0.277	0.286	0.312	0.279	0.274	0.268	0.306	0.287	0.330	0.280	0.322	0.294	0.312	0.238	0.292	0.296	0.272	0.280	0.311	0.260	0.254	0.297	0.217	0.299	0.323	0.329	0.283	0.296	2.013	0.530	0.239	0.198	-16434.684
740	16	500	500	0.5310	0.221	0.266	0.289	0.278	0.236	0.308	0.276	0.316	0.284	0.310	0.311	0.296	0.246	0.340	0.274	0.172	0.347	0.261	0.259	0.343	0.276	0.345	0.297	0.262	0.312	0.321	0.284	0.324	0.266	0.279	1.958	0.484	0.240	0.196	-16528.438
741	16	500	499	0.5260	0.238	0.275	0.296	0.266	0.312	0.263	0.333	0.299	0.274	0.255	0.312	0.283	0.256	0.307	0.286	0.259	0.347	0.271	0.312	0.311	0.277	0.360	0.318	0.246	0.348	0.297	0.254	0.336	0.294	0.299	2.015	0.483	0.254	0.195	-16786.803
742	16	500	500	0.5077	0.233	0.281	0.319	0.306	0.293	0.306	0.292	0.288	0.308	0.247	0.337	0.279	0.408	0.305	0.311	0.321	0.248	0.250	0.280	0.327	0.309	0.342	0.284	0.223	0.277	0.365	0.257	0.344	0.345	0.306	2.035	0.408	0.208	0.196	-16788.204
743	16	500	500	0.4962	0.222	0.291	0.332	0.278	0.292	0.296	0.337	0.274	0.243	0.369	0.307	0.281	0.343	0.278	0.277	0.254	0.357	0.272	0.282	0.356	0.306	0.291	0.308	0.259	0.249	0.322	0.308	0.340	0.287	0.311	2.035	0.444	0.255	0.181	-16770.254
744	16	500	498	0.5115	0.237	0.250	0.294	0.310	0.269	0.312	0.293	0.306	0.273	0.280	0.303	0.223	0.310	0.268	0.264	0.234	0.338	0.310	0.300	0.335	0.272	0.276	0.323	0.311	0.273	0.299	0.323	0.272	0.330	0.305	1.961	0.474	0.252	0.186	-16587.008
745	16	500	500	0.5149	0.252	0.343	0.325	0.279	0.308	0.366	0.328	0.275	0.285	0.301	0.302	0.361	0.326	0.296	0.328	0.247	0.292	0.304	0.264	0.325	0.351	0.283	0.312	0.288	0.241	0.272	0.289	0.270	0.297	0.276	1.901	0.437	0.224	0.194	-16902.947
746	16	500	500	0.5286	0.224	0.315	0.291	0.308	0.283	0.347	0.305	0.304	0.276	0.346	0.304	0.326	0.316	0.282	0.318	0.216	0.263	0.333	0.264	0.242	0.302	0.255	0.257	0.291	0.322	0.272	0.352	0.287	0.355	0.307	2.023	0.452	0.226	0.179	-16641.510
747	16	500	500	0.5025	0.185	0.303	0.275	0.318	0.280	0.301	0.272	0.287	0.314	0.323	0.327	0.247	0.291	0.324	0.312	0.179	0.266	0.301	0.292	0.288	0.305	0.294	0.334	0.398	0.378	0.284	0.296	0.341	0.307	0.277	1.886	0.203	0.090	0.203	-16859.561
748	16	500	500	0.5052	0.210	0.316	0.354	0.283	0.307	0.294	0.303	0.328	0.281	0.351	0.296	0.391	0.273	0.352	0.311	0.179	0.218	0.270	0.308	0.329	0.300	0.241	0.334	0.390	0.359	0.277	0.326	0.330	0.375	0.322	1.985	0.400	0.221	0.201	-17201.545
749	16	500	500	0.5114	0.231	0.352	0.274	0.238	0.370	0.275	0.284	0.279	0.282	0.258	0.291	0.301	0.271	0.312	0.328	0.312	0.286	0.243	0.302	0.315	0.269	0.298	0.324	0.354	0.341	0.283	0.286	0.263	0.247	0.305	1.960	0.477	0.228	0.211	-16755.894
750	16	500	500	0.5148	0.253	0.260	0.358	0.308	0.304	0.334	0.306	0.285	0.192	0.322	0.299	0.261	0.347	0.280	0.336	0.214	0.359	0.281	0.284	0.286	0.291	0.301	0.258	0.263	0.394	0.268	0.244	0.355	0.277	0.290	2.060	0.483	0.226	0.190	-16596.029
751	16	500	500	0.5093	0.335	0.327	0.319	0.389	0.282	0.327	0.340	0.368	0.278	0.279	0.288	0.321	0.352	0.273	0.369	0.355	0.447	0.315	0.342	0.294	0.394	0.290	0.357	0.215	0.353	0.320	0.328	0.358	0.296	0.306	2.069	0.402	0.273	0.188	-17577.238
752	16	500	500	0.5185	0.240	0.335	0.282	0.348	0.317	0.333	0.267	0.290	0.265	0.301	0.304	0.346	0.289	0.316	0.292	0.308	0.370	0.266	0.321	0.327	0.353	0.273	0.305	0.230	0.310	0.307	0.290	0.327	0.309	0.270	1.916	0.478	0.281	0.186	-16960.258
753	16	500	499	0.5328	0.263	0.351	0.304	0.290	0.266	0.279	0.307	0.255	0.272	0.284	0.305	0.302	0.288	0.280	0.384	0.250	0.302	0.281	0.272	0.344	0.370	0.315	0.280	0.309	0.228	0.304	0.298	0.304	0.309	0.366	1.981	0.489	0.266	0.205	-16986.841
754	16	500	500	0.5229	0.206	0.289	0.327	0.276	0.384	0.238	0.353	0.315	0.314	0.256	0.266	0.320	0.281	0.237	0.358	0.250	0.318	0.269	0.259	0.307	0.274	0.230	0.294	0.256	0.349	0.281	0.232	0.292	0.241	0.318	2.067	0.517	0.211	0.206	-16511.166
755	16	500	499	0.5049	0.225	0.288	0.245	0.302	0.325	0.279	0.304	0.310	0.333	0.224	0.303	0.352	0.305	0.281	0.264	0.219	0.230	0.316	0.282	0.277	0.253	0.328	0.333	0.361	0.240	0.315	0.290	0.284	0.282	0.377	1.960	0.482	0.219	0.204	-16754.637
756	16	500	500	0.4998	0.210	0.253	0.408	0.248	0.247	0.309	0.282	0.270	0.299	0.318	0.283	0.280	0.297	0.287	0.278	0.196	0.290	0.274	0.282	0.310	0.240	0.334	0.305	0.272	0.344	0.318	0.384	0.294	0.257	0.314	2.064	0.487	0.209	0.190	-16446.403
757	16	500	500	0.5035	0.255	0.281	0.329	0.297	0.371	0.287	0.260	0.345	0.258	0.221	0.310	0.352	0.337	0.292	0.294	0.220	0.320	0.332	0.313	0.283	0.327	0.363	0.281	0.283	0.345	0.299	0.265	0.303	0.311	0.275	1.844	0.453	0.240	0.198	-17012.927
758	16	500	500	0.5229	0.213	0.307	0.316	0.312	0.279	0.346	0.317	0.247	0.308	0.376	0.302	0.275	0.335	0.298	0.331	0.237	0.341	0.280	0.295	0.285	0.364	0.246	0.349	0.344	0.238	0.312	0.293	0.251	0.273	0.276	1.943	0.445	0.214	0.199	-16868.143
759	16	500	499	0.5130	0.232	0.331	0.322	0.351	0.311	0.287	0.282	0.317	0.266	0.309	0.319	0.336	0.313	0.270	0.339	0.238	0.305	0.311	0.372	0.303	0.379	0.256	0.277	0.350	0.296	0.279	0.279	0.327	0.266	0.304	2.091	0.366	0.183	0.186	-16870.759
760	16	500	500	0.5114	0.272	0.254	0.255	0.333	0.268	0.336	0.307	0.320	0.230	0.314	0.301	0.370	0.404	0.311	0.309	0.320	0.232	0.326	0.346	0.378	0.352	0.260	0.375	0.354	0.278	0.335	0.296	0.311	0.292	0.273	2.088	0.418	0.277	0.202	-17288.771
761	16	500	499	0.5072	0.271	0.258	0.316	0.255	0.299	0.314	0.252	0.376	0.286	0.280	0.317	0.267	0.300	0.330	0.335	0.296	0.289	0.248	0.284	0.331	0.369	0.320	0.357	0.298	0.299	0.300	0.300	0.307	0.313	0.356	2.013	0.447	0.268	0.214	-17217.405
762	16	500	500	0.5046	0.223	0.200	0.290	0.290	0.278	0.391	0.301	0.255	0.313	0.322	0.268	0.300	0.294	0.288	0.330	0.297	0.364	0.308	0.304	0.330	0.347	0.309	0.322	0.248	0.324	0.294	0.318	0.334	0.337	0.324	1.946	0.496	0.254	0.194	-16914.768
763	16	500	499	0.5059	0.177	0.302	0.297	0.259	0.315	0.358	0.308	0.259	0.324	0.320	0.337	0.273	0.291	0.302	0.251	0.232	0.248	0.391	0.279	0.309	0.381	0.325	0.332	0.215	0.323	0.305	0.291	0.327	0.310	0.337	2.111	0.397	0.218	0.196	-16800.989
764	16	500	500	0.5127	0.221	0.267	0.348	0.332	0.269	0.321	0.358	0.282	0.351	0.239	0.334	0.306	0.386	0.278	0.283	0.256	0.364	0.384	0.370	0.365	0.264	0.323	0.319	0.340	0.289	0.285	0.275	0.335	0.351	0.304	1.930	0.411	0.235	0.187	-17123.906
765	16	500	500	0.5123	0.260	0.285	0.302	0.264	0.309	0.316	0.267	0.239	0.316	0.254	0.397	0.281	0.285	0.277	0.243	0.187	0.395	0.326	0.282	0.268	0.359	0.284	0.290	0.350	0.305	0.302	0.329	0.264	0.338	0.247	2.037	0.397	0.214	0.194	-16685.428
766	16	500	500	0.5081	0.242	0.348	0.294	0.349	0.287	0.303	0.280	0.333	0.308	0.273	0.355	0.267	0.294	0.279	0.294	0.220	0.319	0.266	0.333	0.311	0.337	0.326	0.288	0.296	0.385	0.260	0.301	0.236	0.314	0.281	1.959	0.531	0.293	0.202	-16958.447
767	16	500	500	0.5172	0.252	0.315	0.303	0.287	0.279	0.233	0.258	0.349	0.338	0.332	0.293	0.320	0.308	0.208	0.300	0.199	0.280	0.269	0.265	0.298	0.294	0.345	0.290	0.258	0.281	0.319	0.279	0.321	0.317	0.308	1.908	0.447	0.213	0.191	-16553.716
768	16	500	500	0.5040	0.243	0.363	0.282	0.287	0.361	0.317	0.358	0.333	0.336	0.235	0.340	0.335	0.290	0.296	0.264	0.226	0.302	0.250	0.331	0.313	0.314	0.278	0.296	0.263	0.330	0.269	0.347	0.322	0.307	0.293	1.877	0.421	0.238	0.216	-17168.807
769	16	500	500	0.5118	0.249	0.310	0.325	0.222	0.296	0.238	0.319	0.279	0.274	0.278	0.326	0.236	0.300	0.302	0.277	0.241	0.314	0.324	0.347	0.261	0.325	0.342	0.281	0.356	0.260	0.279	0.309	0.317	0.262	0.319	1.969	0.481	0.278	0.188	-16742.320
770	16	500	500	0.5153	0.210	0.327	0.340	0.332	0.327	0.321	0.332	0.251	0.298	0.250	0.249	0.242	0.327	0.293	0.301	0.207	0.348	0.281	0.253	0.296	0.275	0.323	0.313	0.358	0.284	0.290	0.363	0.298	0.341	0.270	2.080	0.513	0.277	0.204	-16845.887
771	16	500	500	0.5135	0.263	0.269	0.284	0.276	0.239	0.302	0.292	0.264	0.383	0.224	0.306	0.348	0.320	0.357	0.286	0.245	0.320	0.332	0.268	0.253	0.233	0.253	0.269	0.351	0.317	0.302	0.234	0.257	0.292	0.309	2.065	0.546	0.234	0.201	-16370.554
772	16	500	500	0.5138	0.247	0.236	0.271	0.364	0.297	0.312	0.259	0.312	0.332	0.321	0.297	0.329	0.286	0.266	0.303	0.294	0.269	0.273	0.298	0.282	0.313	0.343	0.289	0.295	0.295	0.326	0.289	0.322	0.330	0.275	2.060	0.481	0.234	0.203	-16684.163
773	16	500	500	0.5147	0.198	0.314	0.278	0.315	0.262	0.298	0.269	0.238	0.321	0.284	0.292	0.272	0.261	0.255	0.257	0.216	0.294	0.299	0.289	0.296	0.255	0.314	0.301	0.274	0.278	0.277	0.288	0.274	0.246	0.297	2.042	0.358	0.166	0.191	-16125.082
774	16	500	500	0.5341	0.279	0.367	0.351	0.283	0.321	0.322	0.324	0.300	0.233	0.343	0.312	0.306	0.302	0.356	0.322	0.283	0.282	0.316	0.308	0.334	0.335	0.295	0.290	0.217	0.300	0.262	0.296	0.350	0.314	0.306	2.019	0.455	0.238	0.191	-17079.406
775	16	500	499	0.5142	0.200	0.288	0.266	0.323	0.345	0.336	0.283	0.290	0.360	0.289	0.369	0.247	0.330	0.309	0.273	0.176	0.276	0.309	0.293	0.251	0.358	0.303	0.270	0.331	0.263	0.222	0.251	0.264	0.326	0.278	1.939	0.470	0.206	0.210	-16629.315
776	16	500	500	0.5333	0.212	0.322	0.334	0.342	0.288	0.267	0.303	0.277	0.276	0.326	0.260	0.291	0.288	0.321	0.265	0.228	0.300	0.307	0.313	0.273	0.252	0.347	0.289	0.299	0.281	0.282	0.309	0.319	0.287	0.277	1.963	0.431	0.231	0.188	-16815.407
777	16	500	500	0.5044	0.268	0.266	0.368	0.297	0.374	0.370	0.325	0.384	0.251	0.450	0.330	0.276	0.282	0.360	0.311	0.225	0.337	0.306	0.314	0.308	0.320	0.338	0.334	0.310	0.307	0.317	0.285	0.268	0.326	0.353	1.927	0.478	0.301	0.203	-17514.332
778	16	500	500	0.5142	0.224	0.293	0.260	0.327	0.243	0.327	0.325	0.279	0.312	0.249	0.268	0.312	0.302	0.327	0.334	0.255	0.242	0.301	0.338	0.303	0.334	0.317	0.293	0.359	0.348	0.297	0.341	0.246	0.319	0.318	2.029	0.452	0.270	0.202	-16964.907
779	16	500	499	0.5208	0.241	0.257	0.337	0.284	0.311	0.253	0.277	0.308	0.338	0.304	0.236	0.319	0.296	0.230	0.341	0.241	0.378	0.243	0.271	0.334	0.227	0.244	0.315	0.205	0.270	0.295	0.279	0.315	0.292	0.306	1.949	0.492	0.222	0.200	-16325.004
780	16	500	498	0.5163	0.201	0.309	0.328	0.221	0.339	0.271	0.241	0.300	0.282	0.355	0.329	0.273	0.297	0.285	0.411	0.194	0.369	0.320	0.343	0.286	0.360	0.316	0.283	0.352	0.305	0.270	0.263	0.367	0.314	0.359	1.950	0.419	0.236	0.205	-17089.169
781	16	500	497	0.5104	0.203	0.383	0.264	0.302	0.268	0.344	0.312	0.263	0.251	0.302	0.321	0.241	0.252	0.238	0.308	0.236	0.267	0.296	0.351	0.243	0.288	0.310	0.254	0.235	0.310	0.293	0.279	0.272	0.314	0.280	2.032	0.535	0.293	0.193	-16337.075
782	16	500	496	0.5138	0.229	0.274	0.297	0.365	0.293	0.343	0.306	0.260	0.291	0.395	0.252	0.271	0.271	0.384	0.261	0.230	0.278	0.275	0.262	0.282	0.329	0.265	0.244	0.238	0.279	0.221	0.330	0.311	0.250	0.304	1.960	0.439	0.188	0.194	-16314.216
783	16	500	499	0.5100	0.229	0.221	0.303	0.335	0.252	0.252	0.349	0.277	0.320	0.245	0.287	0.274	0.340	0.319	0.288	0.228	0.430	0.268	0.280	0.241	0.264	0.353	0.327	0.247	0.284	0.304	0.312	0.337	0.277	0.361	2.084	0.488	0.242	0.197	-16652.779
784	16	500	500	0.5192	0.230	0.313	0.340	0.297	0.344	0.293	0.250	0.261	0.303	0.298	0.279	0.253	0.324	0.289	0.318	0.235	0.312	0.263	0.348	0.276	0.244	0.322	0.286	0.250	0.309	0.331	0.284	0.277	0.306	0.280	2.048	0.456	0.197	0.194	-16588.687
785	16	500	499	0.5156	0.249	0.239	0.341	0.277	0.236	0.289	0.267	0.341	0.264	0.275	0.316	0.283	0.297	0.315	0.302	0.308	0.256	0.313	0.286	0.273	0.233	0.279	0.238	0.261	0.315	0.236	0.318	0.272	0.325	0.351	1.820	0.556	0.227	0.200	-16446.261
786	16	500	500	0.5277	0.270	0.311	0.352	0.239	0.333	0.303	0.336	0.311	0.282	0.268	0.317	0.317	0.313	0.267	0.329	0.203	0.294	0.297	0.303	0.363	0.313	0.306	0.299	0.295	0.363	0.246	0.342	0.247	0.269	0.297	1.941	0.548	0.262	0.197	-16813.605
787	16	500	498	0.5065	0.174	0.298	0.245	0.281	0.228	0.279	0.262	0.308	0.288	0.320	0.308	0.281	0.299	0.238	0.311	0.243	0.261	0.245	0.323	0.315	0.276	0.280	0.331	0.271	0.280	0.322	0.315	0.283	0.280	0.286	1.906	0.454	0.210	0.205	-16403.006
788	16	500	500	0.5054	0.191	0.285	0.337	0.290	0.333	0.300	0.372	0.336	0.369	0.332	0.260	0.314	0.286	0.326	0.340	0.266	0.296	0.307	0.249	0.334	0.260	0.341	0.282	0.300	0.319	0.333	0.294	0.392	0.330	0.330	2.025	0.457	0.282	0.203	-17206.364
789	16	500	500	0.5042	0.247	0.265	0.335	0.305	0.296	0.348	0.275	0.328	0.318	0.361	0.254	0.355	0.313	0.303	0.357	0.181	0.348	0.278	0.352	0.333	0.234	0.307	0.279	0.241	0.286	0.256	0.324	0.299	0.309	0.293	2.058	0.444	0.239	0.191	-16822.371
790	16	500	500	0.5077	0.226	0.344	0.346	0.278	0.270	0.353	0.300	0.341	0.285	0.298	0.220	0.323	0.242	0.242	0.365	0.251	0.275	0.285	0.266	0.302	0.298	0.288	0.354	0.297	0.243	0.330	0.349	0.313	0.317	0.348	2.022	0.427	0.226	0.208	-16902.283
791	16	500	500	0.5092	0.204	0.321	0.227	0.308	0.345	0.331	0.299	0.314	0.330	0.298	0.329	0.230	0.333	0.350	0.282	0.252	0.254	0.233	0.322	0.274	0.302	0.268	0.324	0.283	0.300	0.305	0.331	0.299	0.287	0.335	1.983	0.466	0.221	0.200	-16856.648
792	16	500	500	0.5083	0.240	0.223	0.395	0.337	0.320	0.331	0.310	0.257	0.331	0.281	0.304	0.316	0.293	0.317	0.269	0.250	0.288	0.298	0.345	0.283	0.261	0.304	0.365	0.302	0.260	0.264	0.317	0.365	0.288	0.245	2.051	0.538	0.266	0.200	-16856.522
793	16	500	500	0.5181	0.269	0.344	0.271	0.360	0.230	0.212	0.281	0.316	0.290	0.269	0.327	0.274	0.248	0.288	0.255	0.237	0.332	0.351	0.277	0.291	0.303	0.300	0.272	0.308	0.371	0.314	0.297	0.306	0.289	0.263	2.024	0.442	0.220	0.189	-16576.484
794	16	500	500	0.5258	0.220	0.346	0.258	0.236	0.285	0.327	0.287	0.282	0.238	0.254	0.303	0.281	0.310	0.329	0.305	0.231	0.277	0.359	0.325	0.309	0.276	0.334	0.274	0.285	0.336	0.275	0.351	0.298	0.269	0.314	2.032	0.416	0.195	0.194	-16634.051
795	16	500	499	0.5204	0.248	0.354	0.317	0.291	0.316	0.367	0.276	0.320	0.349	0.299	0.297	0.313	0.269	0.347	0.374	0.245	0.251	0.339	0.343	0.263	0.357	0.288	0.288	0.296	0.261	0.342	0.340	0.342	0.312	0.250	2.085	0.364	0.213	0.202	-17263.197
796	16	500	500	0.4979	0.255	0.313	0.256	0.289	0.236	0.295	0.295	0.319	0.343	0.264	0.278	0.327	0.241	0.296	0.317	0.177	0.273	0.294	0.286	0.281	0.330	0.261	0.303	0.291	0.314	0.312	0.346	0.286	0.280	0.274	1.960	0.488	0.193	0.208	-16519.729
797	16	500	500	0.5133	0.196	0.322	0.262	0.272	0.353	0.274	0.338	0.297	0.286	0.257	0.266	0.314	0.289	0.290	0.313	0.239	0.386	0.246	0.322	0.346	0.274	0.284	0.303	0.195	0.406	0.303	0.286	0.284	0.293	0.359	1.995	0.388	0.190	0.200	-16770.452
798	16	500	500	0.5008	0.204	0.338	0.249	0.278	0.361	0.313	0.273	0.364	0.297	0.303	0.316	0.286	0.213	0.315	0.313	0.177	0.233	0.324	0.276	0.338	0.324	0.316	0.334	0.270	0.273	0.336	0.239	0.339	0.306	0.291	1.868	0.416	0.203	0.201	-16812.822
799	16	500	500	0.5185	0.211	0.294	0.299	0.294	0.279	0.277	0.281	0.250	0.294	0.221	0.275	0.299	0.297	0.314	0.300	0.245	0.326	0.329	0.250	0.354	0.337	0.271	0.234	0.283	0.341	0.271	0.327	0.316	0.285	0.330	1.956	0.536	0.265	0.204	-16707.387
800	16	500	498	0.5262	0.242	0.303	0.257	0.330	0.256	0.337	0.280	0.347	0.347	0.266	0.285	0.281	0.243	0.324	0.293	0.215	0.333	0.293	0.271	0.251	0.321	0.336	0.271	0.310	0.331	0.324	0.269	0.292	0.299	0.254	2.026	0.572	0.257	0.218	-16743.159
801	16	500	500	0.5134	0.214	0.282	0.339	0.245	0.261	0.253	0.256	0.288	0.302	0.312	0.241	0.335	0.264	0.338	0.257	0.232	0.236	0.256	0.308	0.296	0.279	0.270	0.275	0.307	0.331	0.287	0.208	0.306	0.281	0.333	2.041	0.461	0.170	0.219	-16280.230
802	16	500	500	0.5232	0.239	0.284	0.372	0.301	0.329	0.244	0.289	0.319	0.308	0.283	0.311	0.337	0.302	0.267	0.292	0.152	0.304	0.331	0.324	0.304	0.275	0.299	0.281	0.266	0.291	0.279	0.277	0.319	0.315	0.318	1.841	0.400	0.195	0.186	-16700.029
803	16	500	500	0.5193	0.209	0.349	0.331	0.344	0.271	0.305	0.313	0.258	0.307	0.298	0.300	0.296	0.268	0.280	0.283	0.218	0.258	0.323	0.245	0.326	0.261	0.293	0.337	0.326	0.295	0.246	0.301	0.307	0.328	0.306	1.827	0.470	0.242	0.203	-16825.228
804	16	500	500	0.5196	0.256	0.234	0.295	0.282	0.340	0.293	0.298	0.280	0.307	0.359	0.318	0.328	0.367	0.286	0.267	0.289	0.378	0.278	0.335	0.348	0.286	0.268	0.274	0.193	0.325	0.349	0.296	0.255	0.281	0.278	1.919	0.456	0.254	0.184	-16823.632
805	16	500	500	0.5014	0.241	0.263	0.278	0.303	0.343	0.305	0.313	0.370	0.323	0.274	0.340	0.329	0.303	0.291	0.279	0.160	0.225	0.249	0.344	0.308	0.332	0.259	0.324	0.327	0.367	0.322	0.318	0.282	0.308	0.250	2.075	0.555	0.280	0.202	-16780.814
806	16	500	498	0.5030	0.177	0.377	0.304	0.279	0.303	0.282	0.297	0.270	0.338	0.282	0.312	0.289	0.254	0.273	0.266	0.246	0.337	0.340	0.323	0.350	0.246	0.311	0.245	0.350	0.306	0.316	0.295	0.245	0.270	0.304	1.930	0.445	0.225	0.186	-16590.557
807	16	500	500	0.5268	0.218	0.355	0.246	0.333	0.316	0.282	0.341	0.309	0.318	0.246	0.311	0.287	0.358	0.280	0.280	0.171	0.350	0.321	0.284	0.298	0.282	0.337	0.278	0.230	0.332	0.301	0.345	0.357	0.290	0.267	2.002	0.512	0.245	0.192	-16725.646
808	16	500	500	0.5121	0.235	0.298	0.287	0.302	0.307	0.325	0.316	0.279	0.292	0.314	0.245	0.304	0.284	0.290	0.310	0.183	0.254	0.315	0.324	0.309	0.285	0.289	0.283	0.315	0.302	0.285	0.304	0.261	0.303	0.274	2.099	0.466	0.209	0.188	-16423.176
809	16	500	500	0.5118	0.290	0.373	0.343	0.299	0.308	0.287	0.326	0.260	0.247	0.287	0.252	0.302	0.280	0.327	0.358	0.302	0.330	0.249	0.322	0.303	0.307	0.285	0.339	0.337	0.318	0.315	0.255	0.252	0.343	0.271	2.108	0.381	0.220	0.215	-17082.745
810	16	500	500	0.5104	0.206	0.314	0.359	0.313	0.306	0.232	0.369	0.277	0.236	0.293	0.316	0.309	0.308	0.290	0.279	0.191	0.282	0.388	0.333	0.232	0.342	0.357	0.322	0.324	0.209	0.307	0.354	0.284	0.264	0.297	1.913	0.421	0.228	0.193	-16871.341
811	16	500	500	0.4924	0.243	0.286	0.332	0.323	0.271	0.342	0.239	0.347	0.358	0.335	0.337	0.296	0.270	0.310	0.244	0.251	0.321	0.268	0.280	0.278	0.342	0.330	0.304	0.248	0.320	0.327	0.264	0.316	0.309	0.295	1.950	0.360	0.160	0.209	-16830.794
812	16	500	500	0.5278	0.200	0.334	0.293	0.342	0.252	0.351	0.402	0.246	0.269	0.288	0.351	0.308	0.320	0.301	0.329	0.214	0.330	0.249	0.377	0.301	0.346	0.268	0.307	0.287	0.341	0.298	0.340	0.263	0.246	0.301	2.005	0.507	0.251	0.211	-17011.055
813	16	500	500	0.4933	0.185	0.257	0.273	0.335	0.262	0.366	0.323	0.283	0.289	0.336	0.264	0.306	0.263	0.356	0.281	0.280	0.237	0.280	0.346	0.323	0.296	0.346	0.325	0.253	0.285	0.277	0.329	0.241	0.332	0.278	1.927	0.407	0.218	0.199	-16756.361
814	16	500	500	0.5032	0.209	0.338	0.320	0.260	0.313	0.239	0.281	0.266	0.312	0.309	0.295	0.265	0.274	0.276	0.283	0.214	0.378	0.296	0.255	0.274	0.293	0.292	0.267	0.268	0.313	0.327	0.303	0.321	0.335	0.299	1.827	0.555	0.289	0.202	-16600.104
815	16	500	497	0.5232	0.274	0.254	0.265	0.252	0.361	0.338	0.253	0.291	0.339	0.329	0.318	0.207	0.255	0.227	0.285	0.253	0.314	0.375	0.396	0.279	0.274	0.327	0.315	0.333	0.249	0.292	0.311	0.338	0.298	0.309	1.862	0.491	0.224	0.200	-16757.902
816	16	500	500	0.5144	0.304	0.309	0.283	0.295	0.347	0.332	0.329	0.330	0.321	0.269	0.329	0.321	0.313	0.347	0.304	0.236	0.337	0.372	0.324	0.268	0.330	0.270	0.285	0.309	0.298	0.256	0.295	0.324	0.289	0.292	1.945	0.461	0.256	0.188	-17048.136
817	16	500	500	0.5059	0.273	0.337	0.267	0.331	0.246	0.323	0.285	0.323	0.317	0.256	0.308	0.305	0.272	0.339	0.256	0.283	0.325	0.302	0.322	0.308	0.308	0.346	0.334	0.367	0.346	0.325	0.256	0.276	0.315	0.283	2.037	0.444	0.250	0.205	-16981.700
818	16	500	500	0.5157	0.228	0.313	0.296	0.280	0.331	0.247	0.298	0.260	0.284	0.283	0.315	0.263	0.374	0.336	0.257	0.239	0.270	0.350	0.335	0.264	0.254	0.272	0.326	0.237	0.286	0.256	0.311	0.326	0.290	0.303	2.027	0.399	0.195	0.188	-16478.661
819	16	500	500	0.5239	0.248	0.285	0.295	0.287	0.299	0.282	0.258	0.303	0.302	0.330	0.298	0.302	0.328	0.251	0.306	0.240	0.297	0.315	0.323	0.284	0.334	0.342	0.304	0.292	0.274	0.291	0.244	0.337	0.303	0.320	2.167	0.536	0.244	0.209	-16660.933
820	16	500	500	0.5186	0.245	0.334	0.250	0.319	0.285	0.291	0.300	0.309	0.287	0.327	0.287	0.264	0.280	0.285	0.261	0.226	0.283	0.311	0.258	0.279	0.355	0.303	0.293	0.207	0.275	0.282	0.300	0.259	0.301	0.274	1.978	0.418	0.208	0.187	-16417.973
821	16	500	500	0.5183	0.246	0.318	0.274	0.317	0.269	0.369	0.340	0.289	0.268	0.259	0.292	0.302	0.222	0.330	0.257	0.255	0.210	0.277	0.263	0.342	0.292	0.300	0.279	0.310	0.278	0.356	0.231	0.263	0.304	0.288	2.026	0.589	0.270	0.200	-16485.417
822	16	500	498	0.5276	0.210	0.237	0.295	0.258	0.309	0.322	0.292	0.324	0.357	0.295	0.273	0.270	0.309	0.282	0.326	0.282	0.268	0.301	0.299	0.337	0.311	0.326	0.372	0.268	0.293	0.319	0.328	0.355	0.352	0.278	1.980	0.559	0.249	0.208	-16966.974
823	16	500	500	0.5120	0.239	0.339	0.271	0.282	0.322	0.383	0.304	0.301	0.236	0.384	0.305	0.330	0.342	0.326	0.303	0.264	0.312	0.353	0.282	0.292	0.274	0.305	0.356	0.303	0.355	0.282	0.340	0.258	0.400	0.255	1.957	0.489	0.243	0.215	-17290.809
824	16	500	500	0.5128	0.269	0.239	0.369	0.290	0.351	0.331	0.292	0.297	0.280	0.344	0.368	0.267	0.281	0.330	0.339	0.215	0.300	0.294	0.333	0.342	0.303	0.366	0.278	0.364	0.312	0.342	0.331	0.369	0.258	0.355	2.216	0.370	0.219	0.201	-17277.106
825	16	500	500	0.5098	0.203	0.212	0.263	0.323	0.283	0.332	0.369	0.307	0.323	0.304	0.273	0.311	0.309	0.298	0.264	0.191	0.319	0.328	0.289	0.336	0.224	0.339	0.288	0.266	0.306	0.293	0.300	0.314	0.280	0.289	1.887	0.476	0.198	0.193	-16612.511
826	16	500	500	0.5044	0.247	0.294	0.284	0.279	0.304	0.326	0.329	0.312	0.309	0.285	0.316	0.253	0.298	0.322	0.308	0.170	0.225	0.281	0.282	0.303	0.284	0.325	0.317	0.367	0.307	0.299	0.298	0.321	0.280	0.317	1.931	0.462	0.257	0.194	-16771.488
827	16	500	500	0.5075	0.191	0.325	0.326	0.270	0.349	0.303	0.260	0.294	0.315	0.300	0.312	0.262	0.346	0.299	0.299	0.257	0.388	0.352	0.320	0.254	0.246	0.281	0.296	0.189	0.368	0.334	0.248	0.263	0.329	0.263	2.004	0.449	0.198	0.194	-16564.730
828	16	500	500	0.4984	0.241	0.318	0.278	0.306	0.311	0.366	0.306	0.440	0.348	0.313	0.261	0.296	0.301	0.340	0.271	0.183	0.291	0.251	0.332	0.304	0.238	0.338	0.243	0.328	0.401	0.280	0.254	0.299	0.276	0.335	1.978	0.317	0.164	0.201	-16988.524
829	16	500	500	0.5167	0.217	0.300	0.328	0.269	0.281	0.277	0.359	0.288	0.356	0.304	0.275	0.314	0.261	0.296	0.272	0.211	0.310	0.338	0.317	0.295	0.241	0.315	0.327	0.296	0.327	0.336	0.297	0.228	0.300	0.316	2.049	0.412	0.195	0.206	-16840.288
830	16	500	500	0.5130	0.189	0.354	0.274	0.271	0.323	0.262	0.298	0.274	0.259	0.280	0.272	0.300	0.248	0.245	0.310	0.240	0.319	0.290	0.272	0.277	0.248	0.295	0.322	0.239	0.262	0.274	0.290	0.313	0.295	0.297	1.984	0.513	0.254	0.209	-16385.328
831	16	500	499	0.5077	0.230	0.307	0.317	0.313	0.278	0.281	0.298	0.323	0.299	0.338	0.315	0.295	0.300	0.272	0.251	0.221	0.308	0.284	0.327	0.335	0.316	0.274	0.307	0.321	0.258	0.319	0.339	0.305	0.384	0.371	1.965	0.416	0.210	0.200	-17026.290
832	16	500	499	0.5162	0.212	0.332	0.288	0.303	0.318	0.332	0.285	0.277	0.285	0.298	0.323	0.350	0.288	0.336	0.328	0.219	0.281	0.248	0.336	0.269	0.325	0.267	0.274	0.312	0.303	0.274	0.303	0.277	0.352	0.299	1.953	0.492	0.218	0.192	-16769.753
833	16	500	500	0.5081	0.234	0.240	0.298	0.343	0.402	0.313	0.308	0.320	0.398	0.305	0.307	0.274	0.229	0.282	0.353	0.197	0.330	0.370	0.321	0.291	0.319	0.309	0.277	0.324	0.266	0.369	0.272	0.232	0.292	0.315	1.934	0.340	0.150	0.205	-17025.327
834	16	500	500	0.4890	0.279	0.264	0.280	0.302	0.222	0.288	0.296	0.296	0.265	0.265	0.302	0.256	0.354	0.337	0.278	0.269	0.252	0.347	0.300	0.302	0.363	0.316	0.291	0.315	0.309	0.287	0.251	0.308	0.298	0.289	1.921	0.541	0.241	0.203	-16678.514
835	16	500	500	0.5167	0.237	0.319	0.288	0.217	0.315	0.281	0.284	0.283	0.287	0.337	0.315	0.287	0.274	0.272	0.324	0.250	0.292	0.261	0.297	0.304	0.275	0.335	0.265	0.355	0.322	0.281	0.303	0.288	0.298	0.353	1.970	0.482	0.249	0.201	-16727.864
836	16	500	500	0.5129	0.236	0.247	0.258	0.278	0.274	0.337	0.317	0.288	0.324	0.289	0.280	0.334	0.311	0.345	0.309	0.187	0.275	0.285	0.265	0.330	0.373	0.341	0.303	0.339	0.277	0.330	0.280	0.299	0.313	0.263	1.867	0.456	0.263	0.188	-16805.170
837	16	500	500	0.5157	0.225	0.260	0.366	0.296	0.293	0.269	0.289	0.374	0.288	0.295	0.281	0.291	0.302	0.323	0.279	0.173	0.271	0.318	0.304	0.283	0.290	0.283	0.281	0.341	0.304	0.272	0.362	0.223	0.323	0.352	1.973	0.542	0.245	0.196	-16729.860
838	16	500	500	0.5188	0.286	0.265	0.342	0.356	0.304	0.238	0.369	0.368	0.292	0.262	0.300	0.270	0.280	0.328	0.365	0.286	0.359	0.307	0.308	0.336	0.290	0.340	0.237	0.243	0.297	0.291	0.290	0.332	0.306	0.334	1.984	0.479	0.239	0.194	-17031.706
839	16	500	499	0.5121	0.213	0.376	0.217	0.255	0.309	0.373	0.316	0.288	0.345	0.264	0.293	0.290	0.300	0.319	0.253	0.186	0.351	0.316	0.355	0.299	0.235	0.299	0.297	0.250	0.297	0.291	0.276	0.250	0.284	0.281	2.133	0.454	0.222	0.212	-16586.438
840	16	500	499	0.5269	0.255	0.257	0.338	0.276	0.286	0.268	0.310	0.272	0.382	0.267	0.307	0.323	0.239	0.269	0.337	0.231	0.322	0.328	0.215	0.276	0.353	0.270	0.314	0.288	0.373	0.257	0.354	0.331	0.263	0.301	1.943	0.444	0.212	0.193	-16734.905
841	16	500	500	0.5101	0.240	0.310	0.324	0.348	0.310	0.307	0.320	0.314	0.253	0.299	0.288	0.272	0.304	0.358	0.269	0.255	0.287	0.265	0.277	0.296	0.321	0.256	0.294	0.242	0.270	0.258	0.327	0.328	0.251	0.294	2.004	0.510	0.216	0.183	-16552.857
842	16	500	500	0.4912	0.203	0.299	0.378	0.313	0.293	0.328	0.314	0.269	0.289	0.338	0.292	0.269	0.349	0.309	0.317	0.276	0.308	0.273	0.292	0.298	0.258	0.324	0.328	0.367	0.323	0.292	0.290	0.296	0.285	0.302	1.955	0.417	0.249	0.197	-16998.939
843	16	500	500	0.5296	0.257	0.286	0.341	0.329	0.302	0.212	0.314	0.264	0.279	0.316	0.303	0.275	0.244	0.303	0.335	0.306	0.272	0.273	0.264	0.295	0.303	0.268	0.265	0.300	0.308	0.263	0.245	0.315	0.289	0.253	1.991	0.493	0.218	0.204	-16511.242
844	16	500	499	0.5142	0.196	0.258	0.245	0.275	0.283	0.314	0.290	0.315	0.311	0.341	0.304	0.382	0.264	0.348	0.308	0.237	0.331	0.322	0.380	0.279	0.321	0.303	0.339	0.222	0.334	0.273	0.284	0.328	0.316	0.310	1.941	0.456	0.195	0.210	-17009.819
845	16	500	500	0.5275	0.192	0.307	0.326	0.278	0.291	0.333	0.299	0.329	0.209	0.303	0.309	0.385	0.350	0.303	0.303	0.177	0.327	0.273	0.281	0.297	0.290	0.355	0.307	0.247	0.268	0.300	0.341	0.354	0.270	0.312	2.023	0.458	0.233	0.180	-16795.487
846	16	500	500	0.5124	0.196	0.278	0.325	0.281	0.321	0.279	0.304	0.301	0.289	0.320	0.318	0.291	0.338	0.261	0.265	0.283	0.316	0.289	0.298	0.270	0.284	0.281	0.288	0.385	0.354	0.328	0.297	0.252	0.369	0.339	2.142	0.348	0.185	0.199	-16927.408
847	16	500	500	0.5104	0.171	0.335	0.309	0.306	0.262	0.296	0.333	0.329	0.312	0.320	0.276	0.308	0.227	0.303	0.306	0.220	0.295	0.299	0.271	0.323	0.293	0.292	0.294	0.331	0.332	0.283	0.355	0.253	0.360	0.284	1.966	0.429	0.242	0.197	-16774.652
848	16	500	500	0.5136	0.203	0.239	0.295	0.292	0.335	0.235	0.282	0.275	0.324	0.225	0.300	0.324	0.361	0.271	0.231	0.274	0.264	0.204	0.310	0.316	0.293	0.282	0.286	0.292	0.270	0.230	0.320	0.268	0.315	0.238	1.818	0.527	0.249	0.187	-16200.614
849	16	500	500	0.5080	0.215	0.296	0.257	0.311	0.308	0.322	0.264	0.301	0.289	0.320	0.298	0.288	0.311	0.326	0.299	0.177	0.299	0.269	0.311	0.311	0.240	0.353	0.332	0.318	0.334	0.276	0.355	0.250	0.305	0.252	1.948	0.315	0.147	0.178	-16549.495
850	16	500	499	0.5176	0.208	0.330	0.340	0.294	0.355	0.290	0.332	0.288	0.223	0.311	0.282	0.264	0.352	0.300	0.243	0.280	0.333	0.306	0.326	0.352	0.297	0.283	0.315	0.347	0.272	0.291	0.275	0.258	0.322	0.273	1.929	0.501	0.270	0.196	-16868.843
851	16	500	500	0.5135	0.320	0.298	0.279	0.281	0.323	0.331	0.294	0.271	0.305	0.228	0.310	0.256	0.282	0.345	0.289	0.270	0.327	0.327	0.278	0.295	0.228	0.294	0.288	0.166	0.345	0.264	0.265	0.264	0.298	0.305	2.014	0.471	0.221	0.200	-16441.320
852	16	500	500	0.5311	0.235	0.323	0.278	0.347	0.318	0.297	0.276	0.227	0.319	0.315	0.293	0.329	0.364	0.285	0.234	0.258	0.283	0.332	0.352	0.313	0.288	0.291	0.332	0.303	0.367	0.276	0.286	0.268	0.244	0.264	1.980	0.472	0.218	0.194	-16743.633
853	16	500	500	0.5144	0.266	0.269	0.310	0.307	0.248	0.333	0.334	0.324	0.310	0.331	0.334	0.326	0.229	0.359	0.235	0.220	0.321	0.307	0.317	0.259	0.323	0.368	0.272	0.222	0.265	0.336	0.291	0.311	0.277	0.327	1.907	0.484	0.236	0.204	-16879.780
854	16	500	500	0.5208	0.251	0.367	0.385	0.318	0.342	0.306	0.277	0.279	0.272	0.316	0.328	0.343	0.279	0.336	0.349	0.278	0.341	0.300	0.308	0.339	0.291	0.273	0.310	0.303	0.263	0.289	0.370	0.345	0.334	0.291	1.947	0.501	0.262	0.203	-17298.283
855	16	500	500	0.5081	0.320	0.285	0.291	0.251	0.288	0.285	0.328	0.277	0.328	0.289	0.379	0.252	0.316	0.293	0.328	0.276	0.239	0.280	0.343	0.345	0.312	0.257	0.291	0.290	0.244	0.328	0.265	0.392	0.230	0.299	1.980	0.406	0.172	0.197	-16709.149
856	16	500	500	0.5180	0.232	0.337	0.219	0.289	0.291	0.314	0.260	0.322	0.249	0.303	0.295	0.267	0.255	0.258	0.325	0.292	0.352	0.295	0.323	0.312	0.295	0.339	0.339	0.279	0.300	0.276	0.356	0.324	0.299	0.316	2.025	0.419	0.189	0.195	-16777.998
857	16	500	500	0.5151	0.224	0.314	0.290	0.239	0.342	0.266	0.312	0.315	0.266	0.305	0.301	0.304	0.323	0.327	0.363	0.242	0.333	0.252	0.280	0.341	0.273	0.334	0.348	0.267	0.355	0.278	0.378	0.277	0.306	0.301	1.984	0.486	0.258	0.206	-17005.778
858	16	500	500	0.5168	0.203	0.303	0.310	0.266	0.306	0.301	0.290	0.332	0.281	0.290	0.261	0.340	0.339	0.314	0.312	0.232	0.286	0.279	0.299	0.316	0.277	0.344	0.308	0.313	0.337	0.280	0.329	0.239	0.265	0.308	2.053	0.526	0.293	0.209	-16887.366
859	16	500	500	0.5203	0.229	0.322	0.302	0.323	0.259	0.346	0.257	0.333	0.257	0.344	0.301	0.290	0.296	0.358	0.334	0.282	0.262	0.319	0.279	0.301	0.300	0.293	0.304	0.276	0.297	0.325	0.310	0.357	0.299	0.276	2.032	0.381	0.239	0.194	-17018.406
860	16	500	500	0.5277	0.188	0.345	0.289	0.287	0.262	0.328	0.327	0.259	0.234	0.211	0.300	0.273	0.332	0.311	0.334	0.264	0.341	0.314	0.276	0.308	0.246	0.300	0.338	0.232	0.338	0.324	0.286	0.286	0.383	0.296	1.764	0.442	0.223	0.183	-16774.191
861	16	500	500	0.5219	0.242	0.295	0.317	0.296	0.304	0.332	0.321	0.288	0.304	0.326	0.249	0.320	0.300	0.288	0.322	0.175	0.300	0.277	0.238	0.335	0.327	0.315	0.266	0.201	0.262	0.309	0.229	0.310	0.325	0.332	1.953	0.457	0.201	0.201	-16615.565
862	16	500	500	0.5211	0.191	0.328	0.352	0.353	0.305	0.261	0.294	0.312	0.249	0.318	0.326	0.247	0.347	0.282	0.293	0.268	0.242	0.316	0.335	0.231	0.295	0.293	0.309	0.299	0.415	0.355	0.308	0.319	0.288	0.272	2.050	0.452	0.232	0.217	-17035.032
863	16	500	500	0.4879	0.218	0.357	0.254	0.329	0.281	0.312	0.312	0.237	0.284	0.290	0.279	0.254	0.254	0.296	0.334	0.234	0.337	0.303	0.319	0.267	0.320	0.337	0.289	0.238	0.287	0.305	0.300	0.245	0.300	0.280	1.889	0.465	0.215	0.196	-16467.528
864	16	500	500	0.5247	0.224	0.325	0.266	0.335	0.301	0.307	0.283	0.316	0.303	0.372	0.328	0.284	0.212	0.312	0.293	0.153	0.353	0.271	0.335	0.264	0.316	0.294	0.329	0.344	0.304	0.328	0.278	0.322	0.246	0.388	1.919	0.472	0.260	0.193	-16865.873
865	16	500	500	0.5122	0.200	0.264	0.299	0.267	0.292	0.318	0.300	0.265	0.322	0.308	0.275	0.286	0.262	0.347	0.304	0.231	0.207	0.286	0.311	0.306	0.325	0.351	0.340	0.329	0.303	0.278	0.273	0.345	0.325	0.293	2.070	0.500	0.247	0.203	-16768.278
866	16	500	500	0.5144	0.225	0.303	0.307	0.295	0.322	0.243	0.289	0.294	0.317	0.272	0.290	0.320	0.287	0.361	0.258	0.245	0.265	0.298	0.299	0.429	0.365	0.281	0.272	0.325	0.341	0.269	0.322	0.258	0.272	0.284	2.119	0.486	0.257	0.188	-16756.458
867	16	500	500	0.5210	0.261	0.292	0.295	0.300	0.231	0.310	0.272	0.319	0.288	0.284	0.305	0.333	0.289	0.354	0.278	0.299	0.273	0.376	0.264	0.320	0.352	0.264	0.304	0.235	0.266	0.298	0.310	0.340	0.314	0.251	1.926	0.476	0.226	0.186	-16706.589
868	16	500	500	0.5029	0.239	0.283	0.274	0.303	0.310	0.272	0.274	0.342	0.321	0.293	0.266	0.259	0.268	0.327	0.339	0.334	0.291	0.286	0.245	0.300	0.256	0.260	0.294	0.325	0.309	0.287	0.324	0.299	0.258	0.370	1.938	0.452	0.226	0.185	-16588.253
869	16	500	499	0.5320	0.231	0.298	0.261	0.284	0.280	0.271	0.304	0.240	0.265	0.245	0.314	0.330	0.319	0.264	0.223	0.233	0.381	0.251	0.282	0.297	0.238	0.296	0.267	0.272	0.230	0.245	0.290	0.276	0.280	0.291	1.973	0.502	0.196	0.182	-15927.415
870	16	500	500	0.5070	0.331	0.353	0.352	0.352	0.272	0.268	0.357	0.323	0.348	0.297	0.358	0.361	0.287	0.387	0.272	0.339	0.244	0.338	0.305	0.299	0.298	0.356	0.283	0.367	0.352	0.313	0.332	0.317	0.293	0.319	2.006	0.453	0.292	0.191	-17534.895
871	16	500	498	0.5093	0.170	0.266	0.239	0.339	0.306	0.312	0.282	0.304	0.295	0.262	0.299	0.341	0.240	0.330	0.291	0.231	0.290	0.271	0.272	0.284	0.272	0.268	0.277	0.279	0.342	0.290	0.269	0.315	0.254	0.286	1.783	0.410	0.199	0.215	-16571.995
872	16	500	500	0.5250	0.207	0.307	0.323	0.277	0.339	0.259	0.329	0.316	0.281	0.298	0.269	0.309	0.320	0.290	0.305	0.234	0.358	0.302	0.307	0.340	0.299	0.293	0.280	0.293	0.264	0.286	0.319	0.287	0.289	0.277	2.091	0.470	0.228	0.195	-16718.582
873	16	500	499	0.5225	0.201	0.397	0.289	0.314	0.276	0.259	0.315	0.329	0.318	0.272	0.329	0.262	0.369	0.284	0.293	0.289	0.235	0.305	0.291	0.304	0.285	0.305	0.337	0.352	0.292	0.292	0.275	0.317	0.289	0.354	1.922	0.517	0.281	0.184	-16841.830
874	16	500	498	0.5108	0.284	0.342	0.355	0.339	0.300	0.229	0.354	0.328	0.291	0.324	0.310	0.268	0.272	0.276	0.310	0.296	0.282	0.338	0.308	0.336	0.240	0.312	0.307	0.283	0.243	0.271	0.274	0.270	0.288	0.287	1.946	0.472	0.280	0.186	-16798.132
875	16	500	498	0.5212	0.292	0.263	0.295	0.277	0.231	0.260	0.255	0.296	0.223	0.243	0.342	0.305	0.289	0.326	0.291	0.363	0.313	0.272	0.296	0.287	0.286	0.266	0.281	0.267	0.255	0.271	0.294	0.290	0.269	0.271	1.902	0.574	0.214	0.196	-16290.477
876	16	500	500	0.5133	0.252	0.298	0.271	0.361	0.298	0.268	0.322	0.297	0.375	0.340	0.281	0.346	0.271	0.252	0.315	0.276	0.310	0.359	0.346	0.290	0.317	0.281	0.389	0.338	0.337	0.329	0.367	0.220	0.302	0.310	2.056	0.380	0.223	0.195	-17222.021
877	16	500	500	0.5010	0.270	0.417	0.307	0.310	0.287	0.276	0.339	0.259	0.277	0.294	0.308	0.301	0.296	0.248	0.321	0.260	0.224	0.286	0.293	0.333	0.339	0.276	0.307	0.389	0.289	0.347	0.337	0.272	0.300	0.278	2.044	0.497	0.219	0.203	-16759.972
878	16	500	498	0.5206	0.220	0.266	0.284	0.332	0.253	0.300	0.278	0.287	0.316	0.279	0.274	0.320	0.334	0.293	0.304	0.276	0.275	0.236	0.296	0.322	0.284	0.354	0.242	0.293	0.289	0.285	0.304	0.365	0.290	0.355	2.113	0.427	0.218	0.213	-16783.654
879	16	500	500	0.5230	0.241	0.312	0.286	0.325	0.314	0.324	0.302	0.343	0.238	0.259	0.302	0.306	0.328	0.337	0.349	0.260	0.304	0.278	0.289	0.312	0.310	0.356	0.301	0.315	0.277	0.333	0.298	0.330	0.262	0.283	2.052	0.552	0.318	0.188	-16942.869
880	16	500	500	0.4960	0.235	0.338	0.295	0.293	0.286	0.319	0.326	0.271	0.272	0.326	0.309	0.329	0.292	0.334	0.379	0.219	0.338	0.293	0.353	0.300	0.304	0.344	0.253	0.321	0.287	0.311	0.238	0.300	0.316	0.336	1.834	0.440	0.238	0.216	-17229.343
881	16	500	500	0.5209	0.220	0.324	0.308	0.292	0.332	0.220	0.287	0.317	0.237	0.315	0.320	0.277	0.293	0.295	0.312	0.222	0.369	0.364	0.274	0.285	0.242	0.267	0.311	0.301	0.302	0.348	0.249	0.282	0.335	0.286	2.056	0.445	0.237	0.207	-16785.089
882	16	500	498	0.5037	0.227	0.296	0.283	0.253	0.324	0.261	0.293	0.314	0.349	0.255	0.327	0.290	0.302	0.298	0.314	0.232	0.315	0.313	0.262	0.290	0.310	0.322	0.326	0.288	0.343	0.337	0.345	0.318	0.325	0.307	1.893	0.505	0.219	0.202	-16900.975
883	16	500	500	0.5179	0.212	0.241	0.333	0.306	0.331	0.328	0.351	0.289	0.347	0.225	0.335	0.324	0.323	0.311	0.363	0.257	0.292	0.344	0.273	0.302	0.258	0.318	0.289	0.318	0.336	0.301	0.323	0.336	0.249	0.325	2.033	0.482	0.267	0.195	-17029.162
884	16	500	500	0.5043	0.232	0.297	0.303	0.339	0.336	0.263	0.255	0.382	0.230	0.322	0.330	0.300	0.259	0.381	0.272	0.294	0.380	0.335	0.349	0.323	0.299	0.361	0.284	0.301	0.361	0.340	0.237	0.338	0.280	0.326	2.025	0.548	0.275	0.201	-17072.848
885	16	500	500	0.5026	0.250	0.338	0.333	0.323	0.315	0.256	0.366	0.331	0.252	0.311	0.305	0.351	0.283	0.359	0.335	0.245	0.352	0.321	0.334	0.332	0.263	0.274	0.305	0.275	0.312	0.300	0.343	0.387	0.232	0.325	1.989	0.464	0.260	0.195	-17210.856
886	16	500	500	0.5199	0.292	0.298	0.259	0.330	0.308	0.312	0.343	0.271	0.303	0.342	0.314	0.287	0.367	0.356	0.349	0.242	0.245	0.374	0.260	0.334	0.242	0.264	0.322	0.315	0.287	0.291	0.308	0.309	0.339	0.246	1.949	0.503	0.257	0.191	-16928.205
887	16	500	500	0.5177	0.273	0.275	0.336	0.262	0.334	0.275	0.378	0.299	0.313	0.262	0.309	0.346	0.306	0.341	0.298	0.250	0.292	0.311	0.273	0.309	0.262	0.290	0.312	0.300	0.365	0.249	0.355	0.317	0.338	0.333	1.852	0.452	0.251	0.205	-17169.329
888	16	500	500	0.5028	0.273	0.262	0.319	0.268	0.346	0.323	0.309	0.342	0.391	0.289	0.245	0.292	0.289	0.286	0.294	0.275	0.302	0.247	0.210	0.312	0.270	0.297	0.271	0.234	0.330	0.340	0.262	0.327	0.270	0.242	1.971	0.430	0.206	0.205	-16609.168
889	16	500	500	0.5169	0.256	0.259	0.301	0.302	0.297	0.345	0.347	0.306	0.283	0.345	0.345	0.275	0.262	0.284	0.345	0.223	0.305	0.318	0.266	0.292	0.315	0.309	0.250	0.279	0.333	0.237	0.400	0.330	0.299	0.259	1.903	0.506	0.309	0.192	-16970.653
890	16	500	500	0.5173	0.216	0.308	0.308	0.350	0.272	0.324	0.309	0.211	0.338	0.281	0.344	0.366	0.293	0.305	0.278	0.257	0.259	0.318	0.245	0.278	0.317	0.319	0.306	0.277	0.307	0.304	0.356	0.267	0.298	0.298	1.968	0.532	0.272	0.201	-16887.403
891	16	500	500	0.5056	0.272	0.257	0.331	0.288	0.353	0.352	0.305	0.277	0.311	0.284	0.274	0.290	0.322	0.294	0.281	0.239	0.285	0.355	0.299	0.292	0.280	0.290	0.296	0.330	0.322	0.336	0.295	0.259	0.252	0.299	1.899	0.497	0.230	0.199	-16815.991
892	16	500	500	0.4981	0.269	0.325	0.224	0.271	0.335	0.325	0.327	0.289	0.313	0.304	0.329	0.311	0.371	0.280	0.394	0.214	0.273	0.293	0.286	0.341	0.315	0.275	0.389	0.337	0.269	0.302	0.337	0.306	0.299	0.265	2.002	0.352	0.203	0.202	-17200.855
893	16	500	500	0.5225	0.247	0.296	0.284	0.257	0.227	0.299	0.326	0.277	0.307	0.297	0.330	0.280	0.303	0.286	0.317	0.227	0.294	0.304	0.286	0.270	0.286	0.269	0.288	0.281	0.294	0.293	0.298	0.391	0.265	0.266	2.148	0.491	0.229	0.192	-16405.384
894	16	500	500	0.5269	0.228	0.241	0.338	0.335	0.284	0.259	0.313	0.306	0.355	0.331	0.278	0.257	0.257	0.305	0.266	0.231	0.311	0.259	0.323	0.335	0.264	0.315	0.301	0.370	0.303	0.288	0.267	0.299	0.271	0.308	1.864	0.421	0.200	0.199	-16798.613
895	16	500	500	0.5324	0.223	0.290	0.178	0.288	0.320	0.314	0.303	0.328	0.327	0.232	0.361	0.315	0.295	0.290	0.286	0.248	0.298	0.257	0.307	0.293	0.264	0.247	0.347	0.310	0.272	0.340	0.275	0.282	0.248	0.299	1.974	0.418	0.222	0.191	-16654.439
896	16	500	500	0.5144	0.183	0.336	0.301	0.253	0.288	0.425	0.299	0.251	0.326	0.295	0.372	0.307	0.379	0.324	0.258	0.205	0.281	0.378	0.326	0.303	0.286	0.317	0.233	0.322	0.295	0.302	0.310	0.349	0.299	0.307	1.948	0.434	0.302	0.196	-17182.161
897	16	500	499	0.5021	0.224	0.299	0.286	0.301	0.247	0.323	0.233	0.225	0.352	0.316	0.295	0.283	0.244	0.279	0.292	0.219	0.344	0.306	0.338	0.269	0.252	0.255	0.297	0.261	0.229	0.343	0.285	0.321	0.337	0.326	1.877	0.516	0.277	0.194	-16539.505
898	16	500	500	0.5052	0.226	0.306	0.292	0.326	0.296	0.292	0.321	0.264	0.218	0.318	0.302	0.286	0.345	0.238	0.357	0.214	0.327	0.330	0.325	0.309	0.311	0.267	0.286	0.272	0.289	0.322	0.312	0.322	0.291	0.323	2.090	0.408	0.200	0.200	-16669.856
899	16	500	500	0.5045	0.254	0.256	0.261	0.338	0.334	0.355	0.285	0.319	0.282	0.287	0.306	0.323	0.332	0.296	0.272	0.200	0.322	0.353	0.303	0.244	0.273	0.290	0.298	0.286	0.301	0.256	0.309	0.324	0.291	0.248	1.888	0.485	0.267	0.200	-16732.706
900	16	500	500	0.5116	0.230	0.321	0.268	0.321	0.319	0.280	0.309	0.326	0.353	0.346	0.289	0.298	0.220	0.343	0.297	0.225	0.298	0.350	0.277	0.338	0.317	0.277	0.316	0.276	0.283	0.346	0.332	0.281	0.336	0.318	1.934	0.443	0.253	0.180	-17043.278
901	16	500	500	0.5082	0.258	0.282	0.224	0.318	0.291	0.330	0.285	0.342	0.245	0.286	0.300	0.302	0.309	0.351	0.244	0.300	0.323	0.338	0.312	0.314	0.344	0.313	0.325	0.316	0.263	0.342	0.285	0.290	0.268	0.342	1.946	0.411	0.219	0.200	-16957.486
902	16	500	499	0.5072	0.191	0.307	0.297	0.316	0.255	0.251	0.262	0.294	0.325	0.297	0.267	0.308	0.315	0.300	0.272	0.186	0.346	0.290	0.314	0.344	0.258	0.297	0.230	0.376	0.292	0.337	0.278	0.340	0.248	0.348	1.901	0.356	0.193	0.190	-16693.397
903	16	500	500	0.5119	0.233	0.353	0.226	0.294	0.296	0.318	0.296	0.314	0.282	0.336	0.287	0.330	0.314	0.291	0.280	0.200	0.358	0.393	0.329	0.352	0.313	0.327	0.317	0.309	0.322	0.296	0.336	0.221	0.322	0.278	2.017	0.375	0.217	0.194	-17050.464
904	16	500	500	0.5160	0.199	0.345	0.312	0.280	0.297	0.273	0.299	0.263	0.219	0.269	0.275	0.291	0.298	0.346	0.223	0.171	0.376	0.276	0.295	0.307	0.268	0.290	0.337	0.218	0.299	0.299	0.263	0.311	0.323	0.291	1.942	0.438	0.212	0.201	-16554.331
905	16	500	500	0.5100	0.220	0.264	0.353	0.327	0.323	0.274	0.292	0.308	0.292	0.368	0.293	0.333	0.340	0.327	0.296	0.240	0.318	0.309	0.299	0.292	0.246	0.261	0.291	0.333	0.316	0.274	0.262	0.264	0.309	0.288	1.948	0.377	0.191	0.202	-16888.396
906	16	500	500	0.5195	0.270	0.224	0.328	0.299	0.318	0.327	0.397	0.272	0.280	0.318	0.293	0.333	0.304	0.279	0.282	0.280	0.289	0.267	0.329	0.263	0.431	0.295	0.304	0.366	0.324	0.306	0.288	0.239	0.333	0.306	2.074	0.459	0.252	0.187	-17025.079
907	16	500	500	0.5059	0.325	0.314	0.260	0.283	0.287	0.328	0.289	0.352	0.291	0.370	0.251	0.323	0.313	0.324	0.321	0.270	0.303	0.317	0.342	0.258	0.302	0.250	0.392	0.287	0.281	0.299	0.326	0.289	0.333	0.302	1.989	0.502	0.244	0.197	-17017.365
908	16	500	500	0.5220	0.243	0.330	0.261	0.323	0.232	0.310	0.283	0.244	0.269	0.321	0.282	0.292	0.292	0.309	0.304	0.202	0.274	0.254	0.304	0.269	0.261	0.288	0.318	0.271	0.293	0.242	0.265	0.229	0.285	0.330	2.106	0.528	0.204	0.204	-16239.433
909	16	500	500	0.4880	0.199	0.268	0.238	0.246	0.322	0.312	0.287	0.289	0.262	0.347	0.255	0.347	0.246	0.267	0.292	0.263	0.285	0.286	0.314	0.287	0.337	0.302	0.273	0.286	0.368	0.298	0.271	0.356	0.306	0.290	2.003	0.573	0.264	0.193	-16423.077
910	16	500	500	0.5058	0.172	0.293	0.282	0.290	0.285	0.273	0.237	0.305	0.305	0.294	0.263	0.303	0.330	0.304	0.284	0.187	0.289	0.320	0.266	0.287	0.273	0.279	0.306	0.367	0.317	0.280	0.303	0.283	0.279	0.339	1.946	0.583	0.287	0.210	-16417.136
911	16	500	500	0.5139	0.195	0.320	0.255	0.267	0.317	0.276	0.337	0.318	0.287	0.294	0.278	0.287	0.305	0.347	0.261	0.209	0.262	0.347	0.308	0.297	0.231	0.231	0.362	0.292	0.289	0.321	0.313	0.291	0.279	0.312	1.957	0.369	0.168	0.173	-16467.465
912	16	500	500	0.5130	0.238	0.298	0.293	0.333	0.292	0.363	0.304	0.258	0.253	0.328	0.251	0.283	0.212	0.321	0.296	0.216	0.273	0.322	0.336	0.290	0.311	0.295	0.254	0.283	0.292	0.293	0.315	0.266	0.289	0.271	1.971	0.463	0.215	0.196	-16558.998
913	16	500	500	0.5109	0.220	0.241	0.325	0.291	0.308	0.309	0.293	0.310	0.289	0.273	0.316	0.303	0.332	0.386	0.268	0.207	0.333	0.284	0.275	0.297	0.371	0.297	0.254	0.222	0.318	0.302	0.301	0.286	0.284	0.307	1.864	0.437	0.215	0.207	-16865.608
914	16	500	500	0.5096	0.215	0.294	0.322	0.293	0.367	0.317	0.308	0.269	0.332	0.361	0.296	0.248	0.313	0.254	0.339	0.207	0.306	0.320	0.300	0.279	0.303	0.298	0.326	0.267	0.303	0.334	0.243	0.291	0.251	0.297	2.141	0.548	0.246	0.193	-16512.265
915	16	500	500	0.5163	0.238	0.334	0.331	0.330	0.187	0.335	0.296	0.389	0.365	0.293	0.273	0.300	0.274	0.297	0.267	0.239	0.276	0.270	0.314	0.322	0.365	0.327	0.254	0.262	0.303	0.300	0.336	0.307	0.309	0.347	1.968	0.434	0.225	0.184	-16886.020
916	16	500	499	0.5278	0.231	0.278	0.333	0.287	0.281	0.261	0.316	0.307	0.283	0.218	0.312	0.288	0.267	0.385	0.310	0.238	0.329	0.279	0.320	0.304	0.249	0.279	0.254	0.347	0.319	0.319	0.270	0.319	0.303	0.249	2.059	0.513	0.282	0.198	-16714.049
917	16	500	499	0.5205	0.223	0.264	0.337	0.227	0.293	0.288	0.399	0.250	0.356	0.385	0.280	0.327	0.309	0.320	0.301	0.252	0.274	0.261	0.284	0.347	0.365	0.302	0.297	0.386	0.313	0.314	0.302	0.277	0.315	0.298	1.860	0.450	0.252	0.186	-17029.242
918	16	500	500	0.5239	0.203	0.298	0.310	0.287	0.273	0.339	0.304	0.294	0.340	0.320	0.316	0.293	0.242	0.297	0.289	0.192	0.321	0.346	0.311	0.279	0.291	0.259	0.312	0.246	0.335	0.254	0.316	0.231	0.316	0.300	2.114	0.468	0.245	0.207	-16726.373
919	16	500	500	0.5262	0.258	0.234	0.287	0.323	0.274	0.293	0.324	0.270	0.408	0.356	0.309	0.264	0.328	0.281	0.283	0.206	0.282	0.305	0.240	0.283	0.307	0.282	0.259	0.258	0.280	0.334	0.329	0.418	0.260	0.318	2.095	0.447	0.238	0.204	-16840.896
920	16	500	500	0.5131	0.242	0.344	0.291	0.272	0.274	0.320	0.310	0.306	0.347	0.226	0.259	0.326	0.261	0.365	0.336	0.306	0.196	0.286	0.307	0.212	0.306	0.306	0.279	0.360	0.303	0.311	0.301	0.266	0.306	0.304	1.878	0.497	0.260	0.212	-16884.311
921	16	500	500	0.5078	0.203	0.372	0.299	0.207	0.315	0.283	0.316	0.288	0.227	0.259	0.277	0.272	0.291	0.250	0.267	0.212	0.286	0.321	0.262	0.297	0.282	0.254	0.314	0.268	0.312	0.268	0.276	0.275	0.289	0.258	1.951	0.482	0.185	0.200	-16087.294
922	16	500	500	0.5100	0.252	0.369	0.298	0.319	0.244	0.352	0.228	0.313	0.287	0.385	0.341	0.316	0.262	0.262	0.315	0.215	0.331	0.287	0.317	0.181	0.304	0.273	0.251	0.295	0.300	0.307	0.283	0.291	0.288	0.308	1.898	0.455	0.226	0.180	-16462.803
923	16	500	499	0.5022	0.209	0.313	0.278	0.288	0.360	0.293	0.299	0.305	0.337	0.234	0.311	0.282	0.370	0.287	0.315	0.244	0.323	0.349	0.285	0.322	0.280	0.282	0.257	0.283	0.256	0.332	0.367	0.331	0.257	0.281	1.984	0.480	0.257	0.180	-16668.791
924	16	500	497	0.5065	0.274	0.258	0.300	0.314	0.319	0.237	0.335	0.268	0.336	0.328	0.265	0.327	0.307	0.343	0.287	0.191	0.338	0.273	0.291	0.290	0.313	0.336	0.312	0.300	0.294	0.318	0.304	0.319	0.316	0.268	2.024	0.401	0.213	0.219	-16868.608
925	16	500	499	0.5269	0.210	0.329	0.313	0.286	0.355	0.400	0.322	0.324	0.278	0.351	0.299	0.270	0.334	0.296	0.310	0.233	0.293	0.327	0.297	0.340	0.341	0.313	0.270	0.303	0.285	0.348	0.255	0.254	0.323	0.295	1.957	0.350	0.183	0.189	-17099.358
926	16	500	500	0.5111	0.214	0.312	0.274	0.340	0.235	0.324	0.266	0.300	0.312	0.271	0.365	0.316	0.279	0.269	0.282	0.194	0.289	0.236	0.313	0.239	0.260	0.255	0.318	0.273	0.318	0.300	0.266	0.311	0.267	0.332	1.939	0.509	0.235	0.205	-16459.337
927	16	500	500	0.5002	0.258	0.328	0.325	0.326	0.317	0.344	0.334	0.280	0.292	0.291	0.291	0.261	0.330	0.350	0.278	0.214	0.276	0.337	0.329	0.329	0.367	0.331	0.329	0.285	0.370	0.342	0.308	0.301	0.349	0.279	1.847	0.397	0.228	0.205	-17402.505
928	16	500	500	0.4933	0.197	0.322	0.246	0.341	0.297	0.298	0.284	0.322	0.266	0.356	0.284	0.327	0.330	0.260	0.297	0.213	0.279	0.336	0.330	0.313	0.243	0.336	0.236	0.292	0.251	0.308	0.342	0.288	0.303	0.286	2.083	0.311	0.156	0.200	-16662.307
929	16	500	500	0.5163	0.240	0.311	0.326	0.296	0.287	0.271	0.275	0.350	0.247	0.276	0.286	0.382	0.354	0.322	0.279	0.236	0.274	0.319	0.270	0.323	0.329	0.318	0.347	0.362	0.358	0.311	0.258	0.258	0.309	0.331	1.963	0.466	0.246	0.202	-17117.354
930	16	500	499	0.5053	0.235	0.313	0.250	0.226	0.339	0.343	0.296	0.309	0.258	0.339	0.278	0.278	0.255	0.282	0.264	0.212	0.203	0.332	0.253	0.334	0.331	0.292	0.264	0.195	0.275	0.308	0.310	0.390	0.252	0.324	1.870	0.471	0.219	0.191	-16400.659
931	16	500	500	0.5137	0.251	0.302	0.242	0.261	0.332	0.302	0.372	0.283	0.370	0.246	0.304	0.315	0.370	0.258	0.260	0.173	0.242	0.282	0.363	0.306	0.343	0.290	0.287	0.363	0.359	0.325	0.279	0.297	0.312	0.286	2.060	0.399	0.232	0.202	-16854.821
932	16	500	498	0.5223	0.292	0.256	0.201	0.363	0.336	0.253	0.324	0.300	0.352	0.236	0.275	0.325	0.278	0.285	0.309	0.224	0.275	0.286	0.306	0.295	0.271	0.261	0.359	0.253	0.300	0.263	0.275	0.312	0.318	0.293	1.999	0.482	0.235	0.187	-16554.556
933	16	500	499	0.5201	0.244	0.254	0.344	0.285	0.275	0.275	0.253	0.367	0.330	0.318	0.313	0.348	0.295	0.270	0.288	0.244	0.266	0.358	0.236	0.290	0.288	0.280	0.342	0.289	0.219	0.347	0.289	0.284	0.259	0.377	2.057	0.458	0.199	0.200	-16649.135
934	16	500	500	0.5217	0.263	0.237	0.268	0.289	0.296	0.319	0.287	0.331	0.303	0.328	0.325	0.276	0.253	0.296	0.299	0.323	0.363	0.296	0.305	0.357	0.312	0.316	0.334	0.244	0.280	0.329	0.346	0.357	0.292	0.301	2.080	0.454	0.229	0.202	-16945.935
935	16	500	500	0.5010	0.257	0.298	0.367	0.309	0.288	0.340	0.311	0.278	0.349	0.310	0.316	0.303	0.236	0.297	0.400	0.214	0.227	0.402	0.325	0.309	0.326	0.319	0.296	0.373	0.299	0.307	0.318	0.312	0.302	0.318	1.960	0.531	0.301	0.196	-17174.603
936	16	500	499	0.5205	0.294	0.264	0.370	0.315	0.345	0.255	0.324	0.314	0.297	0.344	0.315	0.295	0.285	0.340	0.299	0.218	0.296	0.253	0.311	0.292	0.302	0.321	0.286	0.292	0.295	0.341	0.275	0.289	0.332	0.290	1.911	0.487	0.289	0.192	-17082.188
937	16	500	500	0.5260	0.137	0.339	0.315	0.308	0.280	0.319	0.382	0.313	0.261	0.297	0.268	0.301	0.295	0.247	0.322	0.208	0.308	0.268	0.334	0.240	0.304	0.324	0.268	0.226	0.278	0.285	0.274	0.371	0.274	0.293	2.001	0.511	0.229	0.188	-16528.533
938	16	500	499	0.5163	0.238	0.299	0.253	0.326	0.332	0.296	0.277	0.357	0.266	0.356	0.290	0.333	0.319	0.368	0.289	0.209	0.299	0.314	0.320	0.311	0.326	0.354	0.307	0.370	0.266	0.291	0.316	0.297	0.233	0.298	1.959	0.404	0.220	0.205	-17169.388
939	16	500	500	0.4967	0.191	0.297	0.340	0.328	0.286	0.344	0.266	0.268	0.289	0.336	0.326	0.312	0.277	0.304	0.272	0.247	0.262	0.218	0.289	0.324	0.277	0.315	0.256	0.247	0.331	0.249	0.290	0.262	0.316	0.299	2.046	0.461	0.224	0.193	-16364.614
940	16	500	500	0.5060	0.227	0.304	0.332	0.233	0.285	0.265	0.317	0.296	0.233	0.312	0.273	0.354	0.273	0.286	0.264	0.211	0.292	0.346	0.331	0.220	0.345	0.295	0.301	0.297	0.331	0.263	0.304	0.256	0.254	0.293	1.924	0.434	0.219	0.205	-16665.179
941	16	500	500	0.5132	0.240	0.247	0.323	0.251	0.314	0.278	0.311	0.348	0.190	0.361	0.275	0.302	0.302	0.311	0.295	0.270	0.291	0.312	0.252	0.282	0.292	0.263	0.290	0.279	0.295	0.256	0.273	0.267	0.315	0.264	1.898	0.374	0.172	0.209	-16516.361
942	16	500	499	0.5217	0.297	0.336	0.265	0.247	0.357	0.276	0.306	0.356	0.277	0.261	0.225	0.297	0.303	0.306	0.277	0.256	0.267	0.317	0.361	0.320	0.337	0.296	0.315	0.256	0.336	0.281	0.272	0.304	0.278	0.314	1.879	0.448	0.217	0.194	-16721.397
943	16	500	500	0.5157	0.218	0.258	0.334	0.324	0.355	0.275	0.326	0.287	0.283	0.297	0.289	0.323	0.343	0.252	0.346	0.199	0.320	0.272	0.283	0.280	0.346	0.276	0.284	0.302	0.277	0.307	0.298	0.278	0.315	0.392	2.031	0.351	0.159	0.203	-16891.497
944	16	500	498	0.5115	0.172	0.233	0.264	0.307	0.281	0.334	0.279	0.294	0.406	0.288	0.332	0.291	0.333	0.301	0.278	0.174	0.307	0.299	0.275	0.241	0.264	0.288	0.318	0.360	0.284	0.287	0.342	0.278	0.279	0.259	1.887	0.504	0.210	0.191	-16411.470
945	16	500	500	0.5154	0.252	0.262	0.328	0.341	0.232	0.386	0.321	0.253	0.299	0.359	0.270	0.271	0.294	0.314	0.261	0.198	0.264	0.311	0.284	0.322	0.228	0.275	0.306	0.204	0.301	0.245	0.266	0.211	0.285	0.277	1.965	0.592	0.293	0.211	-16410.531
946	16	500	498	0.5068	0.223	0.308	0.285	0.235	0.275	0.277	0.302	0.308	0.325	0.261	0.278	0.316	0.234	0.309	0.294	0.234	0.355	0.332	0.329	0.239	0.289	0.298	0.296	0.285	0.321	0.286	0.262	0.286	0.310	0.371	1.957	0.415	0.184	0.187	-16406.125
947	16	500	500	0.5115	0.192	0.301	0.315	0.301	0.272	0.252	0.278	0.310	0.292	0.342	0.331	0.288	0.272	0.289	0.289	0.151	0.274	0.296	0.252	0.400	0.295	0.344	0.316	0.392	0.290	0.315	0.261	0.309	0.303	0.339	1.863	0.429	0.240	0.205	-16944.630
948	16	500	500	0.5066	0.249	0.279	0.303	0.282	0.220	0.330	0.260	0.330	0.344	0.344	0.290	0.272	0.283	0.337	0.234	0.253	0.316	0.338	0.281	0.271	0.310	0.283	0.312	0.260	0.277	0.308	0.320	0.282	0.320	0.325	2.044	0.540	0.301	0.192	-16691.607
949	16	500	500	0.5150	0.237	0.318	0.354	0.271	0.286	0.343	0.331	0.255	0.251	0.352	0.342	0.308	0.313	0.316	0.293	0.161	0.369	0.281	0.295	0.317	0.395	0.280	0.303	0.279	0.337	0.327	0.303	0.395	0.366	0.272	2.095	0.368	0.204	0.193	-17157.521
950	16	500	500	0.5202	0.265	0.277	0.229	0.293	0.291	0.319	0.310	0.286	0.295	0.258	0.278	0.291	0.333	0.343	0.247	0.256	0.311	0.341	0.263	0.263	0.275	0.275	0.322	0.284	0.332	0.317	0.296	0.276	0.290	0.285	1.998	0.433	0.205	0.188	-16497.462
951	16	500	500	0.5112	0.253	0.345	0.270	0.291	0.341	0.249	0.282	0.314	0.318	0.342	0.291	0.269	0.298	0.332	0.296	0.193	0.291	0.263	0.326	0.239	0.295	0.291	0.303	0.299	0.236	0.328	0.271	0.231	0.279	0.340	2.070	0.433	0.182	0.211	-16565.185
952	16	500	500	0.5068	0.306	0.318	0.283	0.273	0.297	0.323	0.252	0.296	0.407	0.309	0.296	0.321	0.242	0.317	0.302	0.289	0.184	0.260	0.316	0.331	0.309	0.320	0.295	0.379	0.259	0.273	0.271	0.297	0.276	0.272	1.948	0.527	0.291	0.194	-16714.154
953	16	500	500	0.5067	0.237	0.255	0.282	0.276	0.308	0.288	0.327	0.258	0.265	0.214	0.278	0.284	0.279	0.333	0.245	0.224	0.310	0.262	0.325	0.319	0.229	0.325	0.294	0.316	0.263	0.322	0.291	0.269	0.257	0.241	1.794	0.561	0.224	0.205	-16340.697
954	16	500	500	0.5200	0.170	0.296	0.343	0.308	0.228	0.308	0.298	0.323	0.312	0.324	0.262	0.237	0.333	0.281	0.292	0.170	0.279	0.306	0.313	0.374	0.343	0.311	0.259	0.307	0.330	0.306	0.371	0.286	0.281	0.287	2.014	0.373	0.181	0.205	-16739.984
955	16	500	500	0.5198	0.230	0.263	0.269	0.313	0.296	0.262	0.259	0.339	0.216	0.224	0.314	0.267	0.346	0.291	0.356	0.231	0.307	0.314	0.296	0.353	0.289	0.301	0.316	0.345	0.324	0.311	0.276	0.321	0.301	0.358	2.001	0.371	0.203	0.205	-16961.827
956	16	500	500	0.5163	0.238	0.223	0.257	0.286	0.322	0.349	0.298	0.277	0.343	0.292	0.256	0.348	0.274	0.284	0.343	0.242	0.389	0.420	0.290	0.375	0.263	0.256	0.287	0.287	0.282	0.360	0.327	0.254	0.279	0.291	1.871	0.474	0.232	0.195	-16914.589
957	16	500	500	0.5139	0.197	0.329	0.291	0.270	0.314	0.315	0.273	0.297	0.302	0.289	0.268	0.286	0.350	0.274	0.286	0.221	0.279	0.351	0.260	0.307	0.229	0.339	0.259	0.259	0.311	0.310	0.360	0.218	0.347	0.352	1.907	0.479	0.215	0.195	-16603.186
958	16	500	500	0.5196	0.249	0.336	0.280	0.321	0.312	0.240	0.280	0.295	0.225	0.250	0.283	0.263	0.249	0.338	0.297	0.201	0.303	0.284	0.336	0.319	0.270	0.304	0.330	0.289	0.325	0.321	0.285	0.253	0.273	0.302	2.033	0.475	0.245	0.198	-16667.971
959	16	500	500	0.5134	0.255	0.272	0.287	0.316	0.290	0.314	0.220	0.286	0.335	0.296	0.287	0.308	0.256	0.255	0.308	0.218	0.256	0.390	0.248	0.300	0.301	0.336	0.283	0.288	0.252	0.293	0.349	0.359	0.256	0.278	2.076	0.467	0.206	0.221	-16561.392
960	16	500	500	0.4992	0.222	0.257	0.312	0.264	0.258	0.307	0.297	0.280	0.394	0.291	0.327	0.288	0.289	0.309	0.313	0.204	0.344	0.336	0.299	0.295	0.275	0.309	0.263	0.271	0.300	0.330	0.264	0.338	0.332	0.298	2.036	0.512	0.286	0.206	-16812.119
961	16	500	500	0.5020	0.269	0.322	0.275	0.232	0.346	0.297	0.283	0.304	0.230	0.315	0.324	0.313	0.309	0.270	0.363	0.215	0.307	0.262	0.291	0.357	0.283	0.324	0.280	0.308	0.311	0.362	0.294	0.266	0.277	0.302	1.997	0.518	0.257	0.195	-16784.184
962	16	500	500	0.5172	0.213	0.272	0.314	0.301	0.265	0.266	0.274	0.229	0.216	0.353	0.245	0.288	0.328	0.340	0.304	0.170	0.277	0.324	0.261	0.266	0.218	0.309	0.294	0.338	0.301	0.298	0.250	0.260	0.286	0.328	1.916	0.536	0.257	0.195	-16250.726
963	16	500	500	0.5208	0.224	0.305	0.322	0.284	0.314	0.288	0.305	0.319	0.375	0.272	0.361	0.291	0.324	0.313	0.308	0.190	0.364	0.327	0.304	0.326	0.335	0.302	0.314	0.383	0.347	0.326	0.297	0.302	0.314	0.345	1.868	0.534	0.277	0.204	-17318.969
964	16	500	500	0.5016	0.187	0.278	0.287	0.327	0.346	0.304	0.380	0.290	0.261	0.306	0.269	0.261	0.244	0.252	0.289	0.213	0.291	0.367	0.288	0.286	0.231	0.271	0.231	0.234	0.400	0.276	0.287	0.270	0.269	0.309	1.920	0.476	0.224	0.206	-16474.278
965	16	500	500	0.5128	0.223	0.268	0.331	0.308	0.273	0.290	0.326	0.228	0.343	0.307	0.300	0.283	0.266	0.373	0.294	0.200	0.321	0.238	0.355	0.364	0.364	0.239	0.331	0.265	0.303	0.248	0.327	0.282	0.337	0.352	2.069	0.538	0.275	0.192	-16715.932
966	16	500	500	0.5166	0.301	0.362	0.228	0.296	0.305	0.283	0.252	0.289	0.187	0.262	0.295	0.355	0.324	0.263	0.322	0.295	0.236	0.332	0.324	0.312	0.261	0.288	0.295	0.307	0.351	0.307	0.320	0.251	0.286	0.256	1.963	0.485	0.220	0.209	-16587.293
967	16	500	500	0.5080	0.221	0.227	0.292	0.318	0.343	0.329	0.270	0.308	0.285	0.306	0.244	0.356	0.249	0.292	0.274	0.235	0.307	0.295	0.232	0.322	0.323	0.276	0.281	0.347	0.233	0.295	0.300	0.253	0.263	0.310	1.890	0.329	0.153	0.194	-16576.400
968	16	500	500	0.5236	0.258	0.303	0.315	0.341	0.283	0.278	0.245	0.325	0.322	0.279	0.292	0.325	0.243	0.314	0.326	0.200	0.300	0.324	0.326	0.328	0.244	0.290	0.322	0.229	0.334	0.279	0.338	0.345	0.341	0.258	1.952	0.346	0.183	0.210	-17041.740
969	16	500	500	0.5102	0.267	0.289	0.287	0.285	0.290	0.339	0.265	0.347	0.330	0.315	0.313	0.301	0.233	0.288	0.281	0.234	0.337	0.290	0.313	0.245	0.338	0.347	0.306	0.315	0.359	0.309	0.270	0.305	0.304	0.271	2.038	0.469	0.217	0.214	-16867.232
970	16	500	499	0.5022	0.236	0.302	0.391	0.333	0.271	0.189	0.302	0.301	0.276	0.336	0.258	0.297	0.233	0.272	0.342	0.228	0.260	0.259	0.257	0.311	0.304	0.294	0.316	0.271	0.327	0.274	0.287	0.272	0.309	0.305	2.153	0.483	0.228	0.214	-16472.533
971	16	500	500	0.5270	0.246	0.261	0.319	0.321	0.296	0.418	0.318	0.307	0.309	0.362	0.308	0.304	0.329	0.304	0.310	0.255	0.214	0.386	0.286	0.323	0.271	0.330	0.296	0.358	0.330	0.297	0.255	0.311	0.315	0.327	2.076	0.410	0.218	0.211	-17301.162
972	16	500	500	0.5208	0.267	0.239	0.230	0.310	0.339	0.273	0.280	0.327	0.281	0.341	0.315	0.243	0.282	0.315	0.260	0.248	0.315	0.303	0.233	0.294	0.257	0.298	0.358	0.279	0.349	0.233	0.315	0.306	0.231	0.351	1.941	0.492	0.257	0.199	-16669.072
973	16	500	500	0.5103	0.272	0.307	0.300	0.261	0.271	0.250	0.354	0.355	0.276	0.275	0.282	0.319	0.286	0.270	0.277	0.255	0.319	0.360	0.218	0.303	0.289	0.297	0.294	0.252	0.343	0.294	0.321	0.309	0.314	0.279	2.037	0.416	0.229	0.187	-16677.193
974	16	500	500	0.5207	0.217	0.332	0.257	0.253	0.298	0.386	0.273	0.280	0.331	0.322	0.236	0.312	0.301	0.255	0.319	0.195	0.317	0.336	0.394	0.219	0.308	0.288	0.278	0.262	0.258	0.312	0.321	0.340	0.310	0.269	1.901	0.411	0.172	0.207	-16679.357
975	16	500	500	0.5015	0.297	0.299	0.318	0.302	0.307	0.270	0.275	0.354	0.291	0.301	0.313	0.334	0.366	0.334	0.315	0.280	0.267	0.258	0.324	0.368	0.301	0.284	0.287	0.312	0.300	0.377	0.228	0.309	0.348	0.297	1.918	0.414	0.221	0.192	-17109.241
976	16	500	499	0.5229	0.193	0.366	0.289	0.300	0.281	0.299	0.288	0.283	0.301	0.297	0.295	0.261	0.375	0.338	0.264	0.244	0.247	0.245	0.364	0.293	0.345	0.257	0.290	0.355	0.323	0.306	0.303	0.289	0.292	0.258	2.050	0.457	0.198	0.185	-16518.296
977	16	500	500	0.5052	0.266	0.290	0.276	0.289	0.270	0.366	0.291	0.298	0.305	0.275	0.283	0.376	0.287	0.351	0.288	0.237	0.250	0.321	0.249	0.329	0.271	0.281	0.279	0.362	0.247	0.282	0.308	0.278	0.269	0.288	2.092	0.465	0.221	0.212	-16646.851
978	16	500	500	0.5083	0.236	0.308	0.216	0.247	0.358	0.341	0.361	0.244	0.342	0.300	0.316	0.292	0.285	0.275	0.318	0.268	0.284	0.316	0.277	0.295	0.360	0.317	0.354	0.355	0.323	0.297	0.270	0.301	0.331	0.293	1.897	0.536	0.289	0.214	-17119.197
979	16	500	498	0.5240	0.212	0.274	0.297	0.285	0.292	0.288	0.350	0.341	0.329	0.295	0.282	0.279	0.246	0.276	0.319	0.293	0.306	0.326	0.296	0.310	0.308	0.332	0.303	0.340	0.292	0.297	0.269	0.262	0.335	0.290	2.050	0.444	0.223	0.206	-16815.783
980	16	500	500	0.5151	0.220	0.322	0.235	0.243	0.328	0.355	0.272	0.310	0.285	0.316	0.314	0.340	0.330	0.287	0.244	0.168	0.281	0.244	0.292	0.335	0.317	0.302	0.252	0.286	0.276	0.315	0.284	0.256	0.296	0.266	2.018	0.477	0.232	0.200	-16446.104
981	16	500	500	0.5110	0.262	0.290	0.361	0.306	0.270	0.321	0.260	0.284	0.257	0.347	0.319	0.288	0.272	0.266	0.348	0.176	0.353	0.322	0.295	0.297	0.328	0.302	0.332	0.313	0.278	0.316	0.315	0.299	0.388	0.280	2.013	0.468	0.269	0.182	-16792.466
982	16	500	500	0.4917	0.206	0.321	0.290	0.287	0.283	0.286	0.338	0.284	0.301	0.283	0.263	0.257	0.322	0.330	0.280	0.198	0.341	0.233	0.323	0.329	0.215	0.329	0.285	0.276	0.283	0.285	0.300	0.272	0.257	0.308	1.942	0.551	0.292	0.201	-16503.062
983	16	500	500	0.5019	0.273	0.350	0.315	0.339	0.321	0.265	0.279	0.286	0.217	0.396	0.296	0.310	0.324	0.304	0.286	0.223	0.275	0.269	0.341	0.309	0.292	0.281	0.314	0.288	0.313	0.299	0.284	0.259	0.282	0.315	1.902	0.385	0.178	0.198	-16787.842
984	16	500	500	0.5106	0.229	0.260	0.308	0.236	0.307	0.329	0.307	0.323	0.349	0.359	0.296	0.276	0.295	0.292	0.283	0.167	0.276	0.274	0.286	0.261	0.378	0.288	0.227	0.286	0.329	0.296	0.223	0.348	0.285	0.275	1.932	0.447	0.237	0.203	-16584.004
985	16	500	500	0.5282	0.179	0.312	0.342	0.251	0.285	0.286	0.268	0.297	0.177	0.315	0.331	0.333	0.277	0.278	0.220	0.193	0.349	0.249	0.285	0.282	0.240	0.265	0.392	0.250	0.272	0.312	0.317	0.240	0.251	0.292	1.890	0.488	0.239	0.179	-16238.426
986	16	500	500	0.5060	0.250	0.306	0.306	0.319	0.313	0.328	0.337	0.256	0.281	0.292	0.265	0.336	0.303	0.279	0.311	0.191	0.197	0.359	0.326	0.353	0.339	0.246	0.295	0.331	0.316	0.322	0.235	0.361	0.260	0.359	1.929	0.499	0.265	0.206	-16917.671
987	16	500	500	0.5156	0.214	0.311	0.264	0.284	0.353	0.353	0.306	0.328	0.305	0.307	0.279	0.276	0.294	0.260	0.288	0.249	0.248	0.339	0.316	0.283	0.272	0.281	0.290	0.410	0.278	0.272	0.297	0.271	0.308	0.351	2.047	0.543	0.283	0.196	-16834.460
988	16	500	500	0.5359	0.270	0.335	0.304	0.299	0.320	0.284	0.333	0.301	0.303	0.314	0.307	0.275	0.345	0.340	0.306	0.326	0.396	0.364	0.329	0.325	0.302	0.304	0.337	0.269	0.324	0.319	0.260	0.309	0.284	0.327	1.913	0.459	0.270	0.199	-17445.886
989	16	500	499	0.5192	0.233	0.358	0.343	0.306	0.304	0.374	0.278	0.313	0.313	0.338	0.313	0.358	0.325	0.268	0.301	0.240	0.255	0.381	0.268	0.386	0.294	0.304	0.280	0.366	0.325	0.328	0.300	0.294	0.295	0.305	2.017	0.400	0.212	0.190	-17173.063
990	16	500	500	0.5205	0.289	0.228	0.326	0.304	0.335	0.362	0.265	0.326	0.411	0.262	0.316	0.300	0.309	0.244	0.301	0.241	0.283	0.315	0.327	0.284	0.325	0.279	0.299	0.292	0.203	0.280	0.313	0.244	0.326	0.315	1.903	0.493	0.226	0.199	-16682.111
991	16	500	498	0.5178	0.187	0.340	0.293	0.292	0.315	0.341	0.298	0.308	0.248	0.344	0.243	0.312	0.315	0.330	0.283	0.205	0.297	0.255	0.317	0.295	0.306	0.292	0.330	0.281	0.307	0.369	0.329	0.387	0.277	0.279	1.837	0.435	0.226	0.192	-16904.344
992	16	500	500	0.5073	0.251	0.340	0.287	0.298	0.311	0.278	0.300	0.314	0.222	0.317	0.344	0.280	0.341	0.278	0.317	0.187	0.290	0.256	0.230	0.335	0.296	0.351	0.300	0.310	0.240	0.296	0.328	0.259	0.296	0.332	2.082	0.440	0.222	0.185	-16649.604
993	16	500	500	0.5152	0.284	0.254	0.264	0.324	0.273	0.292	0.272	0.264	0.345	0.321	0.311	0.311	0.240	0.302	0.244	0.209	0.244	0.272	0.288	0.266	0.259	0.345	0.277	0.284	0.251	0.244	0.267	0.317	0.289	0.317	1.988	0.422	0.181	0.191	-16331.814
994	16	500	500	0.5032	0.239	0.282	0.338	0.315	0.319	0.290	0.279	0.300	0.316	0.249	0.272	0.311	0.261	0.317	0.273	0.236	0.305	0.220	0.388	0.307	0.316	0.367	0.236	0.291	0.230	0.279	0.268	0.309	0.303	0.323	1.989	0.463	0.224	0.198	-16714.672
995	16	500	498	0.5202	0.227	0.227	0.317	0.296	0.268	0.285	0.346	0.306	0.322	0.265	0.285	0.296	0.348	0.321	0.308	0.225	0.295	0.358	0.328	0.324	0.309	0.259	0.267	0.314	0.311	0.274	0.281	0.270	0.271	0.321	1.953	0.474	0.247	0.202	-16781.632
996	16	500	500	0.5148	0.211	0.278	0.297	0.278	0.334	0.258	0.312	0.255	0.323	0.363	0.287	0.267	0.288	0.286	0.256	0.253	0.251	0.272	0.283	0.310	0.326	0.250	0.286	0.310	0.371	0.254	0.324	0.340	0.277	0.296	1.965	0.529	0.243	0.201	-16448.645
997	16	500	500	0.5163	0.202	0.307	0.313	0.321	0.361	0.304	0.263	0.290	0.333	0.271	0.272	0.402	0.311	0.396	0.252	0.144	0.314	0.237	0.245	0.352	0.301	0.259	0.290	0.253	0.261	0.289	0.313	0.292	0.312	0.293	1.936	0.428	0.197	0.195	-16658.356
998	16	500	500	0.5118	0.222	0.271	0.279	0.297	0.296	0.321	0.293	0.238	0.275	0.289	0.241	0.334	0.252	0.280	0.325	0.205	0.282	0.294	0.312	0.282	0.291	0.313	0.274	0.303	0.277	0.304	0.275	0.264	0.269	0.292	1.783	0.510	0.219	0.183	-16274.829
999	16	500	500	0.5196	0.188	0.341	0.304	0.292	0.286	0.349	0.327	0.283	0.267	0.262	0.334	0.343	0.362	0.313	0.361	0.231	0.380	0.303	0.320	0.325	0.325	0.298	0.331	0.284	0.274	0.289	0.296	0.287	0.324	0.261	1.994	0.476	0.265	0.193	-17023.140
1000	16	500	499	0.5182	0.245	0.329	0.327	0.271	0.301	0.334	0.302	0.341	0.275	0.326	0.287	0.228	0.291	0.343	0.246	0.273	0.257	0.288	0.336	0.278	0.302	0.269	0.365	0.296	0.320	0.268	0.318	0.272	0.316	0.319	1.998	0.400	0.218	0.214	-16870.717
