1	16	500	500	0.4990	0.268	0.327	0.341	0.246	0.268	0.305	0.353	0.283	0.361	0.297	0.254	0.270	0.251	0.332	0.272	0.282	0.282	0.321	0.220	0.304	0.199	0.288	0.319	0.318	0.288	0.264	0.286	0.324	0.306	0.283	1.864	0.018	0.007	0.208	-16529.522
2	16	500	500	0.4999	0.292	0.347	0.277	0.292	0.306	0.290	0.257	0.317	0.306	0.348	0.296	0.306	0.223	0.325	0.260	0.246	0.307	0.243	0.328	0.316	0.312	0.289	0.305	0.243	0.265	0.263	0.278	0.245	0.357	0.286	1.834	0.300	0.139	0.211	-16670.573
3	16	500	499	0.4995	0.337	0.328	0.324	0.284	0.298	0.279	0.237	0.321	0.261	0.290	0.265	0.304	0.308	0.255	0.319	0.322	0.261	0.323	0.262	0.272	0.276	0.304	0.243	0.328	0.280	0.323	0.270	0.253	0.319	0.337	1.943	0.327	0.164	0.210	-16633.863
4	16	500	500	0.5100	0.299	0.328	0.339	0.287	0.301	0.309	0.353	0.315	0.277	0.317	0.288	0.314	0.243	0.319	0.301	0.235	0.364	0.334	0.319	0.311	0.266	0.341	0.302	0.241	0.308	0.327	0.233	0.293	0.297	0.323	2.142	0.269	0.123	0.205	-16900.845
5	16	500	500	0.5146	0.274	0.291	0.240	0.340	0.263	0.327	0.267	0.363	0.256	0.310	0.298	0.333	0.409	0.303	0.287	0.246	0.344	0.329	0.303	0.317	0.258	0.352	0.284	0.328	0.300	0.266	0.309	0.311	0.308	0.229	1.865	0.200	0.098	0.201	-16971.662
6	16	500	500	0.5169	0.282	0.223	0.280	0.308	0.293	0.304	0.307	0.348	0.393	0.293	0.346	0.233	0.371	0.317	0.278	0.269	0.388	0.280	0.287	0.323	0.343	0.296	0.355	0.358	0.306	0.295	0.309	0.232	0.354	0.368	2.056	0.404	0.223	0.190	-17104.246
7	16	500	500	0.5007	0.262	0.333	0.259	0.337	0.262	0.225	0.318	0.267	0.266	0.326	0.350	0.303	0.303	0.343	0.305	0.332	0.304	0.184	0.237	0.337	0.347	0.283	0.312	0.324	0.305	0.251	0.328	0.291	0.307	0.240	2.078	0.348	0.171	0.196	-16525.615
8	16	500	500	0.5142	0.326	0.347	0.331	0.266	0.341	0.264	0.341	0.331	0.302	0.263	0.264	0.292	0.338	0.340	0.307	0.301	0.302	0.337	0.275	0.382	0.251	0.321	0.299	0.288	0.301	0.314	0.303	0.300	0.282	0.270	1.980	0.441	0.242	0.204	-17128.096
9	16	500	500	0.5250	0.281	0.308	0.227	0.268	0.294	0.301	0.294	0.287	0.377	0.288	0.286	0.313	0.244	0.285	0.303	0.295	0.243	0.349	0.270	0.297	0.244	0.280	0.295	0.253	0.245	0.321	0.307	0.359	0.359	0.302	1.923	0.296	0.123	0.203	-16635.879
10	16	500	500	0.5130	0.270	0.235	0.270	0.290	0.261	0.322	0.209	0.270	0.292	0.317	0.285	0.211	0.362	0.285	0.270	0.293	0.299	0.291	0.236	0.279	0.269	0.309	0.278	0.314	0.280	0.305	0.350	0.288	0.296	0.300	1.869	0.287	0.111	0.203	-16353.526
11	16	500	500	0.5332	0.283	0.308	0.289	0.335	0.280	0.262	0.342	0.322	0.247	0.419	0.322	0.252	0.211	0.301	0.255	0.271	0.277	0.339	0.305	0.293	0.287	0.365	0.252	0.343	0.301	0.315	0.304	0.285	0.299	0.266	2.025	0.362	0.173	0.220	-16921.416
12	16	500	500	0.4820	0.318	0.302	0.345	0.313	0.309	0.263	0.319	0.307	0.299	0.292	0.337	0.254	0.338	0.321	0.288	0.265	0.367	0.330	0.305	0.290	0.270	0.315	0.369	0.259	0.319	0.326	0.352	0.286	0.295	0.327	2.007	0.185	0.090	0.196	-16917.205
13	16	500	500	0.5157	0.331	0.221	0.320	0.277	0.269	0.285	0.311	0.268	0.364	0.232	0.270	0.259	0.253	0.298	0.354	0.327	0.341	0.331	0.297	0.300	0.323	0.319	0.270	0.330	0.331	0.305	0.292	0.304	0.357	0.306	2.021	0.442	0.227	0.195	-16824.365
14	16	500	499	0.5144	0.300	0.367	0.301	0.313	0.275	0.305	0.288	0.255	0.243	0.249	0.302	0.323	0.326	0.343	0.198	0.298	0.285	0.273	0.299	0.273	0.305	0.356	0.289	0.302	0.255	0.266	0.303	0.246	0.290	0.266	1.981	0.514	0.245	0.210	-16580.632
15	16	500	500	0.5203	0.379	0.317	0.360	0.264	0.313	0.219	0.278	0.302	0.240	0.294	0.258	0.344	0.281	0.317	0.259	0.330	0.357	0.273	0.283	0.315	0.274	0.316	0.285	0.320	0.292	0.329	0.283	0.327	0.276	0.317	2.010	0.428	0.196	0.197	-16845.273
16	16	500	500	0.5150	0.330	0.263	0.230	0.251	0.338	0.338	0.272	0.335	0.311	0.239	0.300	0.311	0.336	0.338	0.237	0.415	0.296	0.313	0.297	0.237	0.346	0.298	0.270	0.314	0.353	0.298	0.271	0.251	0.323	0.409	2.021	0.404	0.224	0.192	-16929.879
17	16	500	500	0.5140	0.232	0.342	0.289	0.314	0.285	0.294	0.298	0.327	0.284	0.353	0.314	0.276	0.294	0.287	0.275	0.276	0.298	0.285	0.257	0.339	0.310	0.332	0.260	0.279	0.303	0.251	0.311	0.242	0.322	0.254	1.924	0.310	0.156	0.193	-16733.465
18	16	500	500	0.5182	0.291	0.285	0.345	0.237	0.322	0.369	0.315	0.328	0.258	0.287	0.334	0.297	0.266	0.298	0.306	0.361	0.370	0.323	0.258	0.275	0.300	0.334	0.287	0.301	0.282	0.266	0.336	0.393	0.315	0.294	2.076	0.253	0.129	0.206	-16982.995
19	16	500	500	0.5077	0.359	0.333	0.371	0.288	0.313	0.270	0.315	0.267	0.299	0.293	0.279	0.329	0.356	0.278	0.341	0.297	0.350	0.321	0.283	0.264	0.317	0.291	0.333	0.205	0.273	0.312	0.278	0.306	0.269	0.274	1.965	0.404	0.223	0.203	-16961.270
20	16	500	500	0.5239	0.317	0.310	0.287	0.358	0.303	0.297	0.255	0.287	0.230	0.289	0.290	0.285	0.319	0.348	0.279	0.326	0.285	0.308	0.295	0.268	0.409	0.283	0.300	0.174	0.288	0.323	0.332	0.297	0.306	0.296	1.884	0.297	0.144	0.193	-16841.155
21	16	500	500	0.5200	0.290	0.267	0.325	0.215	0.330	0.275	0.282	0.261	0.291	0.334	0.269	0.335	0.264	0.291	0.324	0.251	0.292	0.248	0.303	0.244	0.300	0.332	0.320	0.407	0.257	0.292	0.350	0.351	0.322	0.237	2.004	0.305	0.157	0.197	-16722.958
22	16	500	499	0.5144	0.342	0.304	0.271	0.310	0.325	0.428	0.261	0.307	0.315	0.249	0.236	0.317	0.354	0.323	0.277	0.335	0.310	0.265	0.247	0.375	0.304	0.331	0.313	0.275	0.343	0.328	0.274	0.335	0.332	0.272	1.914	0.238	0.125	0.190	-17029.322
23	16	500	500	0.5045	0.252	0.295	0.270	0.245	0.238	0.295	0.296	0.288	0.379	0.198	0.305	0.320	0.282	0.342	0.289	0.282	0.250	0.275	0.265	0.292	0.275	0.314	0.335	0.313	0.266	0.264	0.294	0.313	0.283	0.261	1.985	0.392	0.178	0.216	-16506.864
24	16	500	499	0.5165	0.302	0.368	0.248	0.293	0.292	0.260	0.351	0.361	0.328	0.308	0.334	0.281	0.268	0.279	0.338	0.288	0.342	0.319	0.268	0.286	0.272	0.339	0.254	0.210	0.312	0.324	0.292	0.339	0.346	0.237	1.972	0.251	0.113	0.208	-16941.287
25	16	500	500	0.5023	0.362	0.249	0.333	0.322	0.289	0.257	0.309	0.232	0.329	0.321	0.291	0.283	0.320	0.294	0.350	0.340	0.365	0.323	0.334	0.300	0.270	0.212	0.342	0.311	0.338	0.328	0.306	0.328	0.291	0.299	2.068	0.144	0.075	0.212	-16972.892
26	16	500	500	0.5094	0.317	0.312	0.258	0.299	0.238	0.302	0.301	0.299	0.275	0.299	0.290	0.300	0.309	0.292	0.325	0.276	0.327	0.335	0.333	0.242	0.322	0.356	0.258	0.340	0.242	0.244	0.287	0.323	0.246	0.281	1.879	0.399	0.187	0.199	-16594.217
27	16	500	498	0.5250	0.336	0.281	0.261	0.276	0.273	0.253	0.282	0.316	0.274	0.324	0.261	0.322	0.236	0.352	0.301	0.305	0.323	0.256	0.266	0.283	0.397	0.273	0.289	0.237	0.306	0.309	0.323	0.283	0.299	0.254	2.119	0.234	0.111	0.198	-16544.121
28	16	500	500	0.5296	0.283	0.427	0.267	0.278	0.353	0.255	0.327	0.418	0.276	0.290	0.334	0.279	0.332	0.332	0.297	0.292	0.249	0.336	0.373	0.227	0.272	0.285	0.270	0.336	0.272	0.422	0.322	0.264	0.362	0.284	2.011	0.468	0.288	0.203	-17341.090
29	16	500	499	0.5100	0.324	0.304	0.309	0.271	0.351	0.290	0.317	0.316	0.476	0.270	0.284	0.316	0.301	0.294	0.323	0.309	0.322	0.227	0.337	0.283	0.323	0.383	0.323	0.279	0.292	0.360	0.297	0.340	0.304	0.266	1.893	0.176	0.101	0.205	-17415.443
30	16	500	500	0.5115	0.267	0.281	0.410	0.292	0.290	0.275	0.254	0.294	0.328	0.262	0.279	0.279	0.366	0.285	0.308	0.257	0.272	0.277	0.310	0.284	0.308	0.393	0.279	0.357	0.298	0.287	0.341	0.325	0.288	0.281	1.966	0.362	0.171	0.202	-16929.524
31	16	500	500	0.5192	0.379	0.279	0.279	0.294	0.280	0.299	0.296	0.269	0.294	0.283	0.336	0.281	0.293	0.362	0.292	0.287	0.263	0.250	0.258	0.299	0.329	0.343	0.257	0.260	0.264	0.259	0.348	0.376	0.285	0.276	1.948	0.313	0.148	0.201	-16700.072
32	16	500	500	0.5081	0.316	0.265	0.309	0.314	0.307	0.223	0.360	0.319	0.305	0.356	0.293	0.296	0.295	0.343	0.328	0.298	0.307	0.286	0.320	0.302	0.297	0.310	0.295	0.301	0.326	0.285	0.316	0.303	0.281	0.315	2.029	0.309	0.163	0.184	-16975.365
33	16	500	500	0.5168	0.295	0.270	0.285	0.260	0.314	0.316	0.285	0.248	0.307	0.381	0.296	0.286	0.254	0.309	0.327	0.248	0.230	0.314	0.346	0.289	0.262	0.308	0.230	0.324	0.315	0.326	0.262	0.307	0.293	0.252	1.901	0.299	0.142	0.203	-16732.863
34	16	500	500	0.5153	0.304	0.370	0.266	0.299	0.274	0.284	0.333	0.308	0.309	0.343	0.317	0.204	0.253	0.290	0.309	0.269	0.219	0.299	0.294	0.360	0.301	0.313	0.284	0.260	0.248	0.276	0.293	0.310	0.299	0.257	2.022	0.562	0.238	0.202	-16570.270
35	16	500	500	0.5257	0.298	0.291	0.363	0.261	0.333	0.256	0.260	0.276	0.318	0.235	0.318	0.258	0.320	0.315	0.268	0.332	0.254	0.325	0.254	0.347	0.255	0.282	0.297	0.274	0.267	0.283	0.281	0.307	0.257	0.280	2.008	0.177	0.081	0.204	-16594.990
36	16	500	500	0.5114	0.295	0.250	0.284	0.222	0.338	0.261	0.273	0.295	0.272	0.299	0.282	0.268	0.262	0.282	0.271	0.303	0.272	0.317	0.322	0.250	0.329	0.283	0.301	0.243	0.281	0.290	0.319	0.266	0.305	0.329	1.960	0.378	0.177	0.207	-16381.829
37	16	500	500	0.5205	0.276	0.302	0.300	0.281	0.321	0.337	0.316	0.303	0.304	0.307	0.286	0.301	0.349	0.255	0.306	0.237	0.305	0.297	0.306	0.321	0.282	0.325	0.336	0.292	0.311	0.328	0.254	0.310	0.303	0.330	1.968	0.252	0.110	0.193	-16844.157
38	16	500	500	0.5042	0.353	0.230	0.275	0.303	0.314	0.318	0.292	0.301	0.319	0.328	0.354	0.288	0.276	0.298	0.252	0.350	0.288	0.263	0.299	0.270	0.348	0.332	0.311	0.301	0.307	0.332	0.225	0.280	0.294	0.296	2.033	0.259	0.126	0.200	-16784.791
39	16	500	500	0.5087	0.340	0.394	0.303	0.355	0.355	0.237	0.377	0.346	0.308	0.342	0.269	0.304	0.308	0.312	0.249	0.347	0.325	0.306	0.308	0.272	0.279	0.318	0.271	0.253	0.262	0.279	0.343	0.366	0.298	0.312	2.158	0.229	0.130	0.191	-17061.026
40	16	500	500	0.5170	0.284	0.288	0.341	0.269	0.294	0.359	0.269	0.267	0.376	0.295	0.259	0.258	0.241	0.259	0.348	0.262	0.263	0.373	0.320	0.374	0.299	0.286	0.311	0.268	0.287	0.317	0.278	0.256	0.298	0.245	1.918	0.000	0.000	0.182	-16575.732
41	16	500	500	0.5025	0.346	0.245	0.274	0.275	0.233	0.303	0.254	0.297	0.275	0.335	0.297	0.226	0.318	0.266	0.339	0.304	0.321	0.284	0.291	0.306	0.330	0.362	0.338	0.315	0.218	0.280	0.296	0.243	0.292	0.367	1.946	0.360	0.165	0.205	-16597.423
42	16	500	500	0.5150	0.289	0.259	0.313	0.265	0.302	0.276	0.317	0.264	0.275	0.370	0.314	0.328	0.335	0.300	0.361	0.313	0.248	0.322	0.301	0.366	0.337	0.335	0.293	0.306	0.357	0.321	0.271	0.312	0.276	0.383	1.925	0.182	0.110	0.202	-17285.990
43	16	500	500	0.5186	0.250	0.245	0.353	0.255	0.334	0.257	0.304	0.286	0.310	0.305	0.252	0.288	0.346	0.332	0.275	0.275	0.271	0.285	0.245	0.282	0.372	0.245	0.317	0.335	0.290	0.313	0.268	0.277	0.302	0.282	2.120	0.249	0.119	0.198	-16607.777
44	16	500	500	0.5251	0.298	0.293	0.341	0.253	0.260	0.253	0.305	0.334	0.364	0.342	0.264	0.345	0.265	0.232	0.267	0.245	0.313	0.286	0.301	0.295	0.288	0.272	0.283	0.310	0.318	0.278	0.300	0.237	0.305	0.255	1.860	0.298	0.134	0.204	-16567.843
45	16	500	500	0.5240	0.265	0.299	0.271	0.262	0.297	0.283	0.284	0.249	0.301	0.295	0.308	0.308	0.352	0.350	0.294	0.238	0.341	0.378	0.339	0.288	0.305	0.329	0.267	0.321	0.298	0.263	0.301	0.321	0.274	0.293	2.145	0.488	0.247	0.202	-16803.664
46	16	500	500	0.5265	0.280	0.263	0.304	0.308	0.310	0.324	0.360	0.278	0.345	0.273	0.293	0.285	0.257	0.337	0.268	0.319	0.309	0.304	0.281	0.311	0.298	0.242	0.322	0.296	0.327	0.286	0.310	0.273	0.266	0.330	1.931	0.221	0.099	0.207	-16787.094
47	16	500	500	0.5199	0.315	0.289	0.342	0.271	0.286	0.244	0.278	0.279	0.341	0.304	0.294	0.281	0.340	0.338	0.315	0.348	0.260	0.315	0.299	0.270	0.351	0.287	0.323	0.276	0.271	0.268	0.291	0.207	0.327	0.274	2.056	0.368	0.181	0.188	-16553.828
48	16	500	500	0.5075	0.313	0.226	0.267	0.304	0.294	0.338	0.280	0.320	0.333	0.267	0.311	0.283	0.267	0.248	0.321	0.297	0.321	0.292	0.346	0.320	0.272	0.256	0.287	0.261	0.289	0.306	0.322	0.298	0.328	0.288	1.989	0.302	0.176	0.181	-16597.042
49	16	500	500	0.5200	0.324	0.277	0.319	0.294	0.297	0.252	0.275	0.276	0.329	0.239	0.307	0.332	0.261	0.291	0.297	0.312	0.312	0.339	0.261	0.291	0.270	0.307	0.317	0.360	0.289	0.276	0.350	0.242	0.265	0.311	2.085	0.337	0.141	0.200	-16597.912
50	16	500	500	0.5204	0.306	0.367	0.371	0.288	0.307	0.297	0.332	0.317	0.258	0.293	0.310	0.348	0.320	0.294	0.302	0.342	0.286	0.316	0.296	0.363	0.274	0.321	0.366	0.237	0.300	0.335	0.307	0.278	0.282	0.302	2.047	0.347	0.190	0.207	-17215.273
51	16	500	500	0.5029	0.283	0.333	0.376	0.273	0.288	0.233	0.331	0.313	0.346	0.348	0.297	0.302	0.310	0.321	0.283	0.270	0.297	0.380	0.318	0.362	0.320	0.377	0.385	0.270	0.359	0.342	0.255	0.293	0.309	0.295	1.782	0.379	0.216	0.209	-17545.899
52	16	500	500	0.5156	0.327	0.356	0.285	0.287	0.249	0.316	0.249	0.282	0.284	0.318	0.291	0.373	0.259	0.304	0.252	0.252	0.333	0.328	0.289	0.270	0.307	0.259	0.224	0.240	0.330	0.309	0.326	0.237	0.320	0.334	1.927	0.371	0.151	0.195	-16570.949
53	16	500	500	0.5040	0.320	0.344	0.311	0.303	0.415	0.367	0.302	0.407	0.363	0.318	0.254	0.312	0.324	0.252	0.319	0.318	0.361	0.324	0.346	0.294	0.292	0.292	0.273	0.237	0.262	0.254	0.328	0.338	0.369	0.295	1.931	0.210	0.104	0.206	-17293.646
54	16	500	500	0.5163	0.320	0.317	0.293	0.244	0.283	0.352	0.320	0.331	0.281	0.279	0.303	0.320	0.321	0.297	0.261	0.276	0.282	0.271	0.298	0.259	0.306	0.268	0.284	0.271	0.287	0.304	0.304	0.281	0.332	0.232	2.010	0.413	0.198	0.190	-16588.895
55	16	500	500	0.5260	0.262	0.305	0.322	0.293	0.272	0.327	0.281	0.280	0.277	0.326	0.287	0.241	0.360	0.298	0.291	0.283	0.326	0.344	0.268	0.296	0.229	0.277	0.312	0.282	0.293	0.306	0.271	0.268	0.353	0.314	2.031	0.417	0.198	0.183	-16513.592
56	16	500	499	0.5065	0.246	0.274	0.354	0.313	0.348	0.328	0.387	0.295	0.399	0.320	0.273	0.372	0.278	0.301	0.267	0.315	0.273	0.318	0.333	0.287	0.332	0.299	0.274	0.268	0.352	0.300	0.292	0.304	0.314	0.303	1.998	0.350	0.205	0.195	-17163.981
57	16	500	500	0.4981	0.273	0.472	0.281	0.296	0.311	0.305	0.297	0.249	0.286	0.315	0.248	0.307	0.316	0.269	0.305	0.352	0.288	0.355	0.290	0.279	0.374	0.359	0.297	0.325	0.261	0.309	0.332	0.322	0.296	0.332	1.945	0.383	0.187	0.217	-17085.923
58	16	500	500	0.5040	0.328	0.315	0.306	0.244	0.306	0.223	0.316	0.280	0.267	0.250	0.288	0.265	0.271	0.348	0.310	0.287	0.312	0.267	0.289	0.278	0.214	0.296	0.266	0.325	0.341	0.349	0.285	0.282	0.315	0.365	1.920	0.272	0.125	0.208	-16637.482
59	16	500	499	0.5057	0.346	0.283	0.353	0.309	0.308	0.292	0.291	0.290	0.273	0.352	0.275	0.292	0.258	0.244	0.266	0.332	0.344	0.269	0.310	0.251	0.273	0.257	0.316	0.294	0.308	0.321	0.250	0.270	0.279	0.275	2.064	0.284	0.127	0.206	-16627.687
60	16	500	498	0.4940	0.259	0.379	0.364	0.216	0.346	0.232	0.250	0.278	0.276	0.288	0.304	0.285	0.308	0.278	0.325	0.317	0.305	0.259	0.367	0.269	0.385	0.298	0.297	0.278	0.341	0.278	0.298	0.287	0.271	0.308	1.952	0.434	0.210	0.195	-16598.226
61	16	500	500	0.5175	0.274	0.334	0.256	0.260	0.311	0.318	0.278	0.310	0.260	0.249	0.282	0.278	0.246	0.275	0.266	0.348	0.306	0.366	0.290	0.221	0.284	0.295	0.266	0.304	0.248	0.326	0.320	0.312	0.304	0.258	1.959	0.153	0.063	0.202	-16524.309
62	16	500	500	0.5053	0.310	0.317	0.168	0.353	0.274	0.328	0.304	0.290	0.304	0.283	0.349	0.318	0.282	0.280	0.296	0.282	0.305	0.279	0.309	0.308	0.319	0.292	0.326	0.268	0.273	0.291	0.242	0.322	0.275	0.290	1.888	0.451	0.196	0.200	-16665.665
63	16	500	500	0.5013	0.294	0.223	0.377	0.323	0.303	0.286	0.252	0.312	0.331	0.336	0.360	0.271	0.252	0.315	0.279	0.339	0.280	0.266	0.351	0.351	0.349	0.335	0.256	0.242	0.327	0.312	0.300	0.252	0.353	0.291	1.938	0.213	0.116	0.189	-16858.069
64	16	500	500	0.5243	0.306	0.222	0.310	0.258	0.323	0.300	0.294	0.261	0.282	0.299	0.305	0.298	0.211	0.323	0.336	0.319	0.229	0.340	0.309	0.306	0.294	0.299	0.288	0.398	0.305	0.281	0.340	0.292	0.313	0.305	1.987	0.189	0.091	0.197	-16770.458
65	16	500	497	0.5125	0.260	0.225	0.350	0.302	0.294	0.372	0.234	0.284	0.306	0.286	0.295	0.276	0.282	0.333	0.285	0.280	0.264	0.296	0.278	0.294	0.275	0.345	0.264	0.261	0.348	0.243	0.352	0.355	0.329	0.331	2.047	0.360	0.161	0.206	-16741.813
66	16	500	500	0.5129	0.285	0.376	0.322	0.293	0.289	0.267	0.314	0.298	0.283	0.281	0.269	0.281	0.288	0.312	0.279	0.246	0.341	0.307	0.297	0.341	0.311	0.223	0.303	0.348	0.294	0.277	0.277	0.315	0.317	0.318	2.027	0.274	0.130	0.216	-16913.394
67	16	500	500	0.5160	0.318	0.281	0.307	0.259	0.282	0.300	0.281	0.365	0.307	0.304	0.261	0.355	0.293	0.321	0.273	0.283	0.320	0.287	0.223	0.319	0.347	0.333	0.291	0.268	0.340	0.271	0.276	0.359	0.314	0.335	1.867	0.353	0.195	0.208	-16995.591
68	16	500	500	0.5223	0.314	0.294	0.294	0.290	0.286	0.327	0.293	0.314	0.290	0.308	0.304	0.333	0.304	0.316	0.288	0.323	0.334	0.306	0.286	0.273	0.317	0.367	0.290	0.334	0.326	0.294	0.297	0.326	0.278	0.373	1.912	0.457	0.261	0.207	-17130.814
69	16	500	499	0.5178	0.365	0.302	0.289	0.207	0.308	0.294	0.380	0.300	0.321	0.176	0.347	0.242	0.361	0.296	0.303	0.309	0.209	0.409	0.305	0.277	0.340	0.274	0.311	0.305	0.282	0.314	0.334	0.334	0.295	0.278	2.010	0.229	0.132	0.215	-17038.155
70	16	500	500	0.5274	0.329	0.284	0.245	0.319	0.302	0.368	0.319	0.297	0.330	0.285	0.289	0.335	0.319	0.304	0.311	0.379	0.246	0.193	0.330	0.277	0.338	0.291	0.276	0.316	0.295	0.340	0.338	0.350	0.311	0.317	1.907	0.264	0.156	0.191	-17121.665
71	16	500	500	0.5201	0.305	0.298	0.248	0.214	0.279	0.234	0.287	0.307	0.298	0.169	0.277	0.262	0.358	0.271	0.287	0.315	0.269	0.246	0.343	0.265	0.235	0.280	0.313	0.257	0.297	0.267	0.259	0.289	0.239	0.236	1.906	0.359	0.131	0.199	-15954.066
72	16	500	500	0.5111	0.297	0.249	0.331	0.385	0.276	0.268	0.331	0.341	0.271	0.335	0.318	0.324	0.272	0.343	0.318	0.319	0.241	0.290	0.318	0.297	0.316	0.251	0.319	0.360	0.316	0.336	0.258	0.363	0.333	0.289	1.930	0.357	0.189	0.206	-17242.858
73	16	500	500	0.5159	0.291	0.277	0.371	0.348	0.285	0.263	0.289	0.282	0.233	0.267	0.340	0.307	0.303	0.315	0.284	0.220	0.294	0.286	0.302	0.291	0.274	0.272	0.334	0.292	0.312	0.281	0.356	0.332	0.299	0.251	1.967	0.400	0.191	0.215	-16842.944
74	16	500	500	0.5029	0.275	0.299	0.283	0.256	0.290	0.389	0.290	0.307	0.318	0.236	0.293	0.284	0.314	0.296	0.333	0.341	0.340	0.304	0.258	0.288	0.286	0.312	0.321	0.221	0.337	0.289	0.289	0.262	0.306	0.308	2.137	0.366	0.180	0.213	-16771.796
75	16	500	500	0.5105	0.309	0.294	0.307	0.258	0.290	0.234	0.303	0.304	0.291	0.264	0.320	0.296	0.277	0.296	0.349	0.278	0.283	0.258	0.312	0.259	0.369	0.296	0.241	0.262	0.231	0.293	0.277	0.297	0.291	0.251	1.928	0.345	0.160	0.203	-16428.580
76	16	500	500	0.5160	0.322	0.284	0.307	0.338	0.281	0.324	0.295	0.334	0.328	0.289	0.367	0.301	0.317	0.312	0.291	0.312	0.276	0.308	0.330	0.296	0.284	0.321	0.303	0.388	0.297	0.373	0.278	0.252	0.300	0.362	2.110	0.438	0.247	0.200	-17188.494
77	16	500	500	0.4996	0.324	0.285	0.249	0.308	0.250	0.318	0.305	0.282	0.280	0.266	0.270	0.284	0.317	0.306	0.249	0.406	0.337	0.214	0.307	0.315	0.245	0.287	0.305	0.254	0.253	0.262	0.328	0.333	0.301	0.234	2.037	0.360	0.161	0.206	-16402.902
78	16	500	500	0.5093	0.359	0.282	0.307	0.270	0.332	0.290	0.262	0.263	0.284	0.290	0.272	0.295	0.289	0.331	0.301	0.274	0.325	0.335	0.275	0.306	0.264	0.345	0.268	0.281	0.305	0.296	0.296	0.291	0.309	0.248	1.935	0.294	0.148	0.187	-16621.803
79	16	500	500	0.5120	0.246	0.271	0.293	0.248	0.268	0.320	0.259	0.283	0.263	0.257	0.246	0.343	0.328	0.291	0.326	0.262	0.324	0.303	0.335	0.276	0.367	0.299	0.291	0.299	0.269	0.314	0.290	0.323	0.367	0.293	1.892	0.361	0.172	0.187	-16577.592
80	16	500	500	0.5173	0.326	0.290	0.224	0.257	0.340	0.278	0.276	0.249	0.298	0.257	0.288	0.314	0.231	0.291	0.383	0.351	0.334	0.282	0.361	0.277	0.298	0.287	0.320	0.279	0.321	0.287	0.319	0.281	0.243	0.337	1.960	0.535	0.281	0.201	-16769.296
81	16	500	500	0.5267	0.361	0.341	0.336	0.309	0.295	0.255	0.275	0.306	0.318	0.346	0.324	0.286	0.235	0.326	0.287	0.280	0.285	0.328	0.303	0.295	0.314	0.249	0.327	0.330	0.353	0.359	0.278	0.263	0.340	0.290	2.178	0.378	0.196	0.189	-16893.051
82	16	500	500	0.5068	0.316	0.327	0.256	0.255	0.354	0.307	0.279	0.246	0.264	0.381	0.264	0.259	0.326	0.262	0.335	0.278	0.306	0.312	0.272	0.289	0.292	0.304	0.311	0.222	0.270	0.273	0.298	0.391	0.294	0.290	1.924	0.289	0.135	0.202	-16678.300
83	16	500	500	0.5056	0.275	0.339	0.249	0.322	0.292	0.332	0.280	0.327	0.251	0.228	0.324	0.332	0.230	0.323	0.257	0.325	0.306	0.287	0.326	0.265	0.370	0.301	0.335	0.364	0.325	0.349	0.277	0.273	0.236	0.360	1.929	0.196	0.099	0.195	-16853.055
84	16	500	500	0.5122	0.304	0.362	0.313	0.294	0.320	0.281	0.363	0.369	0.295	0.274	0.312	0.346	0.234	0.350	0.294	0.250	0.430	0.379	0.280	0.310	0.235	0.288	0.285	0.276	0.366	0.302	0.316	0.291	0.211	0.309	1.897	0.260	0.141	0.196	-17162.385
85	16	500	500	0.5220	0.358	0.313	0.312	0.314	0.287	0.368	0.306	0.261	0.363	0.318	0.320	0.331	0.303	0.300	0.318	0.342	0.335	0.274	0.300	0.258	0.314	0.345	0.298	0.264	0.295	0.270	0.291	0.284	0.329	0.264	2.055	0.247	0.141	0.214	-17117.525
86	16	500	500	0.5068	0.327	0.367	0.215	0.313	0.306	0.405	0.279	0.348	0.221	0.266	0.317	0.320	0.354	0.305	0.309	0.277	0.327	0.298	0.281	0.247	0.289	0.291	0.296	0.213	0.263	0.298	0.238	0.326	0.352	0.230	1.953	0.375	0.167	0.200	-16671.376
87	16	500	500	0.5089	0.315	0.228	0.304	0.257	0.330	0.271	0.326	0.324	0.326	0.300	0.323	0.305	0.305	0.320	0.279	0.313	0.296	0.220	0.269	0.312	0.385	0.331	0.288	0.262	0.271	0.330	0.304	0.313	0.288	0.271	1.969	0.403	0.207	0.198	-16711.158
88	16	500	500	0.5072	0.298	0.302	0.269	0.296	0.299	0.344	0.260	0.273	0.355	0.308	0.279	0.302	0.226	0.292	0.293	0.332	0.239	0.288	0.262	0.336	0.304	0.352	0.256	0.372	0.322	0.286	0.324	0.255	0.368	0.267	1.999	0.259	0.120	0.189	-16690.746
89	16	500	500	0.5203	0.263	0.299	0.317	0.252	0.291	0.270	0.271	0.274	0.273	0.264	0.313	0.294	0.385	0.332	0.289	0.290	0.373	0.281	0.340	0.352	0.283	0.329	0.327	0.287	0.219	0.305	0.300	0.335	0.273	0.272	1.977	0.337	0.169	0.202	-16845.628
90	16	500	500	0.5098	0.302	0.347	0.265	0.324	0.307	0.264	0.306	0.276	0.311	0.336	0.253	0.266	0.298	0.331	0.303	0.290	0.303	0.232	0.287	0.312	0.275	0.236	0.350	0.287	0.304	0.309	0.315	0.339	0.275	0.307	1.975	0.316	0.157	0.203	-16736.973
91	16	500	500	0.5027	0.310	0.311	0.300	0.266	0.303	0.276	0.302	0.355	0.290	0.295	0.344	0.316	0.267	0.322	0.314	0.353	0.255	0.282	0.328	0.335	0.301	0.271	0.304	0.281	0.329	0.293	0.345	0.330	0.288	0.285	2.088	0.433	0.255	0.205	-16987.746
92	16	500	500	0.5287	0.314	0.347	0.287	0.297	0.281	0.306	0.276	0.288	0.327	0.307	0.275	0.333	0.333	0.306	0.270	0.322	0.324	0.242	0.323	0.283	0.250	0.290	0.327	0.240	0.278	0.252	0.293	0.272	0.263	0.341	2.070	0.059	0.033	0.207	-16903.386
93	16	500	499	0.4990	0.378	0.202	0.302	0.252	0.266	0.213	0.334	0.286	0.388	0.263	0.330	0.354	0.313	0.328	0.278	0.322	0.215	0.249	0.294	0.309	0.354	0.366	0.289	0.335	0.284	0.305	0.312	0.378	0.274	0.281	1.884	0.424	0.207	0.203	-16929.364
94	16	500	500	0.5126	0.284	0.336	0.225	0.260	0.293	0.323	0.303	0.292	0.276	0.269	0.271	0.356	0.298	0.325	0.275	0.360	0.272	0.228	0.289	0.297	0.283	0.274	0.295	0.347	0.340	0.276	0.332	0.306	0.282	0.303	2.093	0.337	0.157	0.201	-16701.674
95	16	500	500	0.5232	0.343	0.304	0.308	0.264	0.326	0.334	0.273	0.280	0.283	0.298	0.334	0.301	0.332	0.300	0.291	0.286	0.273	0.295	0.304	0.283	0.282	0.310	0.258	0.286	0.322	0.288	0.277	0.327	0.322	0.337	2.046	0.211	0.119	0.193	-16803.704
96	16	500	499	0.5323	0.311	0.287	0.274	0.285	0.291	0.339	0.322	0.290	0.353	0.341	0.320	0.259	0.214	0.318	0.323	0.307	0.351	0.294	0.259	0.357	0.341	0.294	0.316	0.233	0.350	0.247	0.256	0.220	0.319	0.338	1.972	0.484	0.221	0.209	-16940.237
97	16	500	500	0.5288	0.319	0.266	0.286	0.312	0.299	0.297	0.287	0.307	0.366	0.299	0.256	0.315	0.283	0.223	0.319	0.344	0.372	0.277	0.342	0.266	0.290	0.319	0.316	0.224	0.279	0.304	0.286	0.298	0.279	0.280	2.034	0.260	0.134	0.204	-16759.868
98	16	500	500	0.5203	0.238	0.337	0.257	0.318	0.296	0.316	0.349	0.303	0.296	0.332	0.278	0.284	0.370	0.307	0.279	0.330	0.265	0.280	0.324	0.244	0.301	0.349	0.294	0.282	0.313	0.325	0.293	0.305	0.307	0.300	2.025	0.477	0.229	0.198	-16843.720
99	16	500	500	0.5109	0.233	0.343	0.255	0.338	0.225	0.259	0.282	0.247	0.291	0.301	0.343	0.317	0.347	0.290	0.321	0.252	0.260	0.332	0.289	0.320	0.266	0.299	0.280	0.399	0.265	0.246	0.327	0.245	0.264	0.332	2.170	0.372	0.168	0.189	-16386.143
100	16	500	500	0.5201	0.332	0.363	0.274	0.286	0.285	0.290	0.258	0.273	0.224	0.228	0.268	0.306	0.315	0.270	0.265	0.359	0.342	0.267	0.308	0.273	0.262	0.347	0.284	0.311	0.258	0.300	0.339	0.337	0.317	0.268	1.970	0.349	0.174	0.189	-16579.859
101	16	500	500	0.5135	0.313	0.315	0.330	0.297	0.310	0.354	0.230	0.314	0.280	0.333	0.310	0.281	0.290	0.321	0.291	0.309	0.325	0.355	0.277	0.345	0.273	0.287	0.288	0.239	0.262	0.258	0.306	0.317	0.329	0.276	2.015	0.330	0.174	0.208	-17004.109
102	16	500	500	0.5078	0.265	0.296	0.304	0.318	0.329	0.265	0.282	0.272	0.324	0.256	0.311	0.248	0.301	0.317	0.256	0.260	0.288	0.297	0.269	0.319	0.301	0.299	0.329	0.261	0.285	0.316	0.288	0.309	0.280	0.281	2.057	0.458	0.213	0.206	-16568.037
103	16	500	500	0.5088	0.265	0.263	0.300	0.296	0.263	0.291	0.286	0.308	0.306	0.357	0.293	0.311	0.290	0.320	0.332	0.339	0.367	0.222	0.299	0.285	0.315	0.278	0.289	0.271	0.324	0.330	0.285	0.290	0.301	0.365	1.987	0.468	0.241	0.217	-16988.068
104	16	500	500	0.5247	0.294	0.233	0.320	0.210	0.287	0.283	0.339	0.283	0.275	0.267	0.318	0.309	0.338	0.263	0.269	0.298	0.336	0.250	0.326	0.336	0.350	0.280	0.357	0.346	0.313	0.327	0.254	0.271	0.343	0.281	1.875	0.195	0.101	0.195	-16959.771
105	16	500	500	0.5125	0.272	0.307	0.278	0.267	0.279	0.335	0.284	0.275	0.343	0.327	0.393	0.285	0.288	0.285	0.295	0.275	0.324	0.265	0.309	0.307	0.320	0.275	0.317	0.265	0.269	0.319	0.303	0.318	0.356	0.267	1.975	0.482	0.267	0.196	-16901.390
106	16	500	500	0.5039	0.318	0.317	0.310	0.281	0.373	0.332	0.381	0.342	0.296	0.335	0.331	0.315	0.377	0.321	0.275	0.294	0.343	0.247	0.318	0.330	0.318	0.295	0.334	0.257	0.363	0.351	0.270	0.303	0.331	0.331	1.924	0.110	0.061	0.209	-17549.748
107	16	500	500	0.5206	0.330	0.316	0.292	0.319	0.305	0.299	0.313	0.267	0.346	0.309	0.347	0.260	0.270	0.288	0.257	0.343	0.273	0.376	0.264	0.271	0.362	0.283	0.367	0.321	0.312	0.291	0.292	0.300	0.346	0.299	1.803	0.351	0.200	0.202	-17189.019
108	16	500	500	0.5175	0.291	0.324	0.288	0.259	0.276	0.321	0.348	0.276	0.301	0.307	0.321	0.309	0.308	0.289	0.332	0.266	0.270	0.268	0.312	0.273	0.335	0.306	0.382	0.337	0.302	0.294	0.319	0.350	0.277	0.337	2.031	0.248	0.132	0.206	-17141.401
109	16	500	500	0.5102	0.265	0.318	0.281	0.289	0.315	0.318	0.279	0.327	0.331	0.279	0.297	0.306	0.374	0.318	0.334	0.303	0.282	0.301	0.321	0.291	0.310	0.381	0.284	0.249	0.340	0.305	0.241	0.300	0.346	0.298	2.072	0.254	0.133	0.206	-17097.154
110	16	500	500	0.5126	0.360	0.286	0.304	0.384	0.379	0.296	0.308	0.352	0.263	0.323	0.321	0.270	0.260	0.332	0.358	0.279	0.345	0.273	0.255	0.302	0.345	0.285	0.299	0.351	0.272	0.288	0.300	0.422	0.321	0.310	2.008	0.408	0.239	0.188	-17225.205
111	16	500	500	0.5080	0.276	0.313	0.247	0.249	0.251	0.345	0.300	0.304	0.307	0.298	0.302	0.257	0.242	0.277	0.346	0.302	0.255	0.300	0.270	0.312	0.313	0.312	0.309	0.251	0.261	0.299	0.344	0.331	0.261	0.298	1.888	0.294	0.124	0.208	-16665.375
112	16	500	500	0.5161	0.298	0.301	0.275	0.290	0.234	0.271	0.278	0.322	0.344	0.293	0.291	0.315	0.302	0.305	0.284	0.290	0.255	0.287	0.298	0.281	0.251	0.269	0.301	0.231	0.289	0.260	0.316	0.311	0.326	0.257	1.961	0.367	0.166	0.195	-16389.302
113	16	500	500	0.4926	0.255	0.310	0.401	0.241	0.324	0.283	0.369	0.258	0.247	0.284	0.246	0.342	0.308	0.334	0.273	0.285	0.324	0.280	0.265	0.324	0.352	0.302	0.281	0.243	0.277	0.313	0.333	0.286	0.325	0.279	1.874	0.133	0.072	0.195	-16716.619
114	16	500	499	0.5185	0.288	0.322	0.350	0.271	0.319	0.317	0.299	0.325	0.241	0.298	0.282	0.296	0.250	0.292	0.271	0.287	0.241	0.309	0.326	0.299	0.317	0.389	0.296	0.353	0.276	0.292	0.307	0.322	0.264	0.344	1.945	0.219	0.122	0.203	-16956.002
115	16	500	500	0.5060	0.316	0.284	0.328	0.263	0.260	0.291	0.355	0.305	0.337	0.373	0.370	0.294	0.273	0.326	0.326	0.338	0.267	0.287	0.239	0.302	0.305	0.254	0.301	0.311	0.294	0.253	0.305	0.292	0.349	0.217	2.003	0.434	0.200	0.192	-16615.456
116	16	500	500	0.5211	0.293	0.318	0.337	0.342	0.353	0.271	0.293	0.306	0.290	0.330	0.270	0.274	0.323	0.254	0.281	0.224	0.273	0.263	0.336	0.325	0.296	0.282	0.345	0.305	0.308	0.314	0.298	0.269	0.282	0.317	2.046	0.320	0.164	0.206	-16921.617
117	16	500	500	0.5248	0.293	0.271	0.365	0.313	0.275	0.299	0.301	0.289	0.255	0.261	0.311	0.289	0.323	0.287	0.292	0.319	0.343	0.299	0.302	0.350	0.295	0.276	0.337	0.310	0.331	0.341	0.299	0.337	0.295	0.278	2.006	0.412	0.213	0.211	-16935.255
118	16	500	500	0.5099	0.359	0.329	0.299	0.300	0.269	0.243	0.314	0.221	0.262	0.259	0.264	0.357	0.271	0.297	0.278	0.326	0.226	0.289	0.304	0.348	0.263	0.225	0.296	0.314	0.311	0.264	0.299	0.248	0.312	0.217	2.003	0.361	0.163	0.211	-16418.133
119	16	500	499	0.5298	0.000	0.301	0.283	0.254	0.307	0.267	0.297	0.353	0.279	0.276	0.336	0.287	0.342	0.351	0.326	0.646	0.259	0.304	0.252	0.280	0.318	0.335	0.306	0.379	0.339	0.304	0.318	0.257	0.294	0.366	1.991	0.000	0.000	0.190	-16991.132
120	16	500	500	0.4999	0.303	0.305	0.304	0.285	0.332	0.342	0.304	0.358	0.224	0.330	0.317	0.244	0.256	0.297	0.284	0.308	0.310	0.409	0.361	0.261	0.250	0.334	0.262	0.294	0.316	0.289	0.273	0.304	0.271	0.254	1.961	0.237	0.112	0.207	-16803.123
121	16	500	499	0.5131	0.225	0.351	0.359	0.339	0.290	0.285	0.307	0.313	0.279	0.283	0.304	0.271	0.295	0.357	0.306	0.303	0.357	0.284	0.278	0.336	0.321	0.321	0.279	0.304	0.325	0.296	0.259	0.263	0.306	0.323	1.956	0.396	0.191	0.200	-17040.921
122	16	500	500	0.5190	0.333	0.273	0.301	0.280	0.283	0.309	0.294	0.313	0.289	0.255	0.305	0.330	0.335	0.286	0.317	0.304	0.331	0.268	0.290	0.370	0.317	0.331	0.312	0.329	0.339	0.242	0.360	0.331	0.281	0.298	1.921	0.363	0.214	0.191	-17118.845
123	16	500	500	0.5030	0.217	0.223	0.303	0.338	0.239	0.296	0.260	0.280	0.327	0.306	0.239	0.276	0.265	0.231	0.293	0.207	0.302	0.281	0.239	0.280	0.284	0.278	0.305	0.394	0.302	0.285	0.297	0.269	0.287	0.315	1.990	0.427	0.176	0.187	-16156.272
124	16	500	500	0.5320	0.319	0.341	0.353	0.314	0.280	0.343	0.265	0.393	0.238	0.283	0.275	0.285	0.300	0.324	0.260	0.347	0.308	0.289	0.303	0.307	0.304	0.298	0.261	0.267	0.318	0.309	0.308	0.310	0.316	0.306	2.105	0.318	0.172	0.203	-16997.267
125	16	500	500	0.5145	0.299	0.238	0.222	0.253	0.304	0.270	0.304	0.280	0.310	0.272	0.283	0.272	0.314	0.258	0.265	0.345	0.220	0.294	0.330	0.358	0.296	0.322	0.234	0.260	0.264	0.305	0.312	0.266	0.288	0.233	1.913	0.322	0.120	0.207	-16201.903
126	16	500	498	0.5199	0.315	0.311	0.321	0.257	0.310	0.295	0.226	0.364	0.309	0.309	0.312	0.228	0.292	0.329	0.306	0.355	0.336	0.293	0.284	0.275	0.244	0.292	0.292	0.268	0.316	0.243	0.302	0.284	0.294	0.297	1.990	0.417	0.207	0.194	-16658.665
127	16	500	500	0.5105	0.335	0.285	0.354	0.254	0.327	0.236	0.297	0.315	0.351	0.305	0.313	0.293	0.272	0.290	0.319	0.272	0.296	0.369	0.349	0.293	0.294	0.373	0.282	0.252	0.312	0.258	0.273	0.329	0.287	0.317	2.051	0.153	0.083	0.209	-17042.961
128	16	500	500	0.5073	0.360	0.355	0.301	0.281	0.299	0.291	0.353	0.285	0.241	0.298	0.342	0.328	0.366	0.285	0.305	0.301	0.354	0.292	0.349	0.290	0.295	0.248	0.292	0.283	0.316	0.315	0.338	0.214	0.322	0.353	2.023	0.420	0.213	0.200	-17027.480
129	16	500	500	0.5194	0.379	0.312	0.312	0.261	0.311	0.324	0.299	0.264	0.317	0.275	0.288	0.303	0.290	0.301	0.312	0.325	0.278	0.272	0.342	0.356	0.340	0.325	0.282	0.282	0.303	0.327	0.393	0.256	0.253	0.361	2.026	0.376	0.196	0.222	-17232.913
130	16	500	500	0.5314	0.250	0.281	0.264	0.274	0.285	0.293	0.340	0.298	0.309	0.272	0.352	0.328	0.284	0.283	0.293	0.258	0.247	0.271	0.353	0.288	0.267	0.278	0.254	0.211	0.310	0.316	0.288	0.285	0.249	0.296	1.907	0.219	0.100	0.209	-16740.086
131	16	500	499	0.5238	0.278	0.308	0.355	0.320	0.282	0.269	0.287	0.299	0.335	0.305	0.313	0.323	0.272	0.268	0.262	0.230	0.277	0.270	0.265	0.320	0.358	0.310	0.334	0.295	0.286	0.342	0.251	0.310	0.351	0.272	2.046	0.407	0.230	0.197	-16860.819
132	16	500	500	0.5231	0.334	0.317	0.322	0.293	0.335	0.304	0.256	0.299	0.271	0.293	0.312	0.248	0.356	0.318	0.318	0.328	0.304	0.425	0.335	0.303	0.302	0.304	0.262	0.257	0.332	0.338	0.328	0.411	0.336	0.286	1.904	0.307	0.163	0.202	-17319.955
133	16	500	500	0.5006	0.301	0.363	0.310	0.313	0.286	0.319	0.247	0.326	0.337	0.312	0.311	0.291	0.346	0.296	0.296	0.261	0.340	0.313	0.257	0.318	0.317	0.249	0.294	0.255	0.320	0.321	0.293	0.269	0.316	0.302	1.953	0.291	0.128	0.190	-16652.393
134	16	500	499	0.5220	0.315	0.240	0.313	0.257	0.315	0.319	0.263	0.322	0.356	0.238	0.288	0.308	0.449	0.282	0.259	0.285	0.312	0.277	0.294	0.321	0.261	0.335	0.310	0.247	0.335	0.348	0.312	0.332	0.344	0.288	1.886	0.290	0.171	0.186	-17089.822
135	16	500	500	0.5180	0.297	0.316	0.269	0.246	0.269	0.326	0.294	0.310	0.242	0.303	0.313	0.272	0.358	0.263	0.281	0.314	0.260	0.216	0.251	0.296	0.308	0.224	0.320	0.379	0.329	0.240	0.289	0.257	0.310	0.315	1.978	0.339	0.173	0.202	-16647.013
136	16	500	500	0.5041	0.282	0.302	0.293	0.311	0.264	0.291	0.244	0.301	0.314	0.260	0.306	0.252	0.323	0.291	0.340	0.250	0.224	0.293	0.313	0.289	0.305	0.260	0.278	0.302	0.292	0.322	0.255	0.275	0.285	0.339	1.867	0.345	0.131	0.204	-16422.626
137	16	500	500	0.5129	0.265	0.284	0.286	0.324	0.262	0.254	0.354	0.272	0.405	0.246	0.319	0.243	0.309	0.317	0.278	0.292	0.273	0.329	0.304	0.310	0.317	0.284	0.280	0.335	0.321	0.322	0.262	0.320	0.236	0.342	2.031	0.424	0.233	0.199	-16806.225
138	16	500	500	0.5280	0.215	0.325	0.286	0.291	0.238	0.305	0.324	0.305	0.311	0.371	0.268	0.281	0.235	0.281	0.303	0.289	0.297	0.345	0.302	0.328	0.307	0.323	0.327	0.305	0.278	0.327	0.330	0.302	0.315	0.319	1.929	0.368	0.191	0.204	-17060.859
139	16	500	500	0.5168	0.340	0.318	0.312	0.258	0.281	0.330	0.352	0.332	0.266	0.279	0.307	0.307	0.293	0.269	0.301	0.308	0.276	0.316	0.342	0.286	0.277	0.327	0.247	0.369	0.311	0.324	0.317	0.313	0.255	0.304	2.108	0.174	0.096	0.200	-16995.362
140	16	500	498	0.5112	0.281	0.289	0.366	0.275	0.314	0.245	0.290	0.283	0.358	0.216	0.280	0.342	0.301	0.278	0.279	0.229	0.262	0.301	0.239	0.307	0.291	0.274	0.298	0.316	0.337	0.282	0.233	0.295	0.309	0.285	1.839	0.382	0.175	0.199	-16430.712
141	16	500	500	0.5094	0.288	0.336	0.307	0.297	0.283	0.316	0.342	0.313	0.253	0.257	0.340	0.313	0.341	0.350	0.342	0.315	0.319	0.336	0.322	0.291	0.292	0.283	0.257	0.334	0.247	0.294	0.333	0.338	0.320	0.276	1.996	0.213	0.107	0.198	-16925.419
142	16	500	500	0.5135	0.275	0.320	0.264	0.258	0.342	0.326	0.315	0.310	0.214	0.317	0.299	0.305	0.300	0.298	0.262	0.316	0.296	0.247	0.343	0.300	0.322	0.280	0.311	0.293	0.312	0.306	0.295	0.374	0.282	0.333	2.002	0.359	0.168	0.193	-16678.633
143	16	500	500	0.5060	0.294	0.307	0.227	0.278	0.289	0.287	0.279	0.301	0.261	0.304	0.248	0.330	0.302	0.379	0.291	0.299	0.277	0.345	0.271	0.256	0.250	0.310	0.288	0.285	0.333	0.334	0.281	0.380	0.333	0.271	2.104	0.195	0.091	0.202	-16635.418
144	16	500	499	0.5204	0.303	0.360	0.238	0.297	0.323	0.253	0.272	0.297	0.288	0.233	0.336	0.259	0.254	0.308	0.322	0.220	0.279	0.331	0.318	0.265	0.337	0.309	0.301	0.284	0.252	0.297	0.359	0.247	0.277	0.307	1.935	0.105	0.051	0.209	-16788.878
145	16	500	500	0.5053	0.301	0.277	0.261	0.339	0.268	0.304	0.285	0.282	0.330	0.359	0.342	0.315	0.194	0.327	0.260	0.284	0.268	0.325	0.276	0.315	0.271	0.305	0.351	0.295	0.252	0.281	0.274	0.293	0.284	0.352	1.903	0.475	0.199	0.204	-16576.751
146	16	500	500	0.5060	0.345	0.276	0.343	0.264	0.287	0.319	0.285	0.305	0.304	0.267	0.296	0.312	0.335	0.338	0.368	0.335	0.361	0.273	0.264	0.292	0.281	0.335	0.323	0.282	0.327	0.331	0.264	0.248	0.276	0.308	2.050	0.415	0.200	0.203	-16895.547
147	16	500	500	0.5026	0.376	0.293	0.262	0.279	0.335	0.369	0.287	0.299	0.281	0.406	0.286	0.363	0.275	0.298	0.291	0.294	0.312	0.316	0.252	0.355	0.319	0.296	0.356	0.254	0.282	0.291	0.336	0.267	0.246	0.303	2.033	0.333	0.176	0.203	-16988.784
148	16	500	500	0.5136	0.309	0.260	0.218	0.313	0.299	0.266	0.285	0.303	0.296	0.265	0.345	0.305	0.279	0.259	0.317	0.296	0.277	0.334	0.295	0.360	0.294	0.276	0.316	0.329	0.273	0.291	0.271	0.333	0.329	0.326	2.009	0.190	0.093	0.202	-16755.194
149	16	500	500	0.5016	0.272	0.334	0.311	0.299	0.276	0.352	0.334	0.289	0.349	0.299	0.349	0.299	0.295	0.334	0.287	0.273	0.342	0.305	0.301	0.310	0.291	0.307	0.253	0.341	0.246	0.357	0.264	0.271	0.283	0.316	1.943	0.301	0.162	0.199	-17047.612
150	16	500	498	0.5113	0.356	0.267	0.327	0.324	0.254	0.321	0.299	0.359	0.279	0.281	0.241	0.306	0.287	0.305	0.269	0.351	0.203	0.304	0.289	0.278	0.266	0.292	0.302	0.336	0.232	0.323	0.299	0.305	0.306	0.308	2.094	0.434	0.204	0.197	-16548.812
151	16	500	499	0.4950	0.294	0.283	0.302	0.294	0.359	0.308	0.357	0.269	0.331	0.323	0.294	0.289	0.366	0.248	0.308	0.347	0.362	0.277	0.280	0.309	0.358	0.295	0.265	0.317	0.350	0.334	0.304	0.272	0.332	0.352	2.049	0.394	0.215	0.198	-17022.688
152	16	500	500	0.5101	0.285	0.309	0.331	0.302	0.312	0.381	0.328	0.302	0.283	0.279	0.327	0.264	0.303	0.233	0.288	0.333	0.316	0.355	0.312	0.329	0.336	0.272	0.347	0.330	0.279	0.319	0.265	0.275	0.321	0.305	1.867	0.289	0.143	0.204	-17030.310
153	16	500	500	0.5072	0.266	0.249	0.311	0.291	0.296	0.244	0.277	0.291	0.313	0.273	0.264	0.347	0.290	0.335	0.265	0.331	0.356	0.347	0.291	0.298	0.281	0.306	0.304	0.326	0.326	0.268	0.301	0.258	0.322	0.287	2.045	0.386	0.168	0.200	-16648.816
154	16	500	499	0.5185	0.282	0.236	0.289	0.244	0.290	0.238	0.303	0.315	0.287	0.265	0.305	0.272	0.319	0.338	0.296	0.306	0.267	0.296	0.262	0.333	0.325	0.300	0.219	0.275	0.239	0.276	0.380	0.345	0.339	0.280	1.922	0.353	0.190	0.191	-16577.580
155	16	500	500	0.5120	0.282	0.271	0.305	0.264	0.256	0.256	0.279	0.262	0.236	0.317	0.298	0.340	0.274	0.251	0.399	0.278	0.305	0.260	0.248	0.278	0.341	0.306	0.312	0.336	0.221	0.291	0.294	0.325	0.297	0.276	1.964	0.334	0.163	0.195	-16507.124
156	16	500	500	0.5033	0.378	0.295	0.284	0.293	0.288	0.225	0.288	0.310	0.266	0.275	0.326	0.311	0.324	0.329	0.247	0.314	0.267	0.350	0.283	0.339	0.244	0.284	0.312	0.324	0.289	0.287	0.331	0.351	0.317	0.286	2.117	0.195	0.095	0.199	-16757.917
157	16	500	500	0.5225	0.313	0.255	0.315	0.269	0.276	0.251	0.310	0.279	0.328	0.287	0.334	0.326	0.274	0.263	0.286	0.312	0.328	0.306	0.268	0.320	0.282	0.244	0.292	0.331	0.288	0.273	0.330	0.275	0.299	0.412	2.114	0.261	0.128	0.215	-16841.178
158	16	500	500	0.5062	0.368	0.374	0.292	0.318	0.235	0.279	0.309	0.277	0.318	0.361	0.275	0.245	0.321	0.287	0.237	0.370	0.346	0.233	0.296	0.256	0.283	0.337	0.282	0.186	0.333	0.321	0.266	0.330	0.320	0.318	1.908	0.425	0.206	0.195	-16612.352
159	16	500	500	0.5136	0.266	0.274	0.251	0.305	0.289	0.327	0.273	0.226	0.293	0.318	0.322	0.282	0.332	0.257	0.297	0.248	0.292	0.285	0.340	0.306	0.218	0.299	0.324	0.278	0.355	0.262	0.275	0.238	0.318	0.264	2.089	0.207	0.096	0.220	-16601.833
160	16	500	500	0.5198	0.351	0.336	0.248	0.274	0.316	0.346	0.340	0.287	0.314	0.301	0.339	0.258	0.219	0.327	0.298	0.352	0.265	0.301	0.312	0.296	0.266	0.264	0.355	0.265	0.292	0.310	0.318	0.307	0.305	0.261	2.005	0.158	0.085	0.205	-16989.780
161	16	500	499	0.5155	0.287	0.382	0.283	0.299	0.283	0.366	0.297	0.285	0.349	0.366	0.290	0.331	0.214	0.231	0.308	0.315	0.342	0.330	0.359	0.276	0.335	0.279	0.325	0.326	0.228	0.303	0.246	0.333	0.315	0.285	2.060	0.193	0.093	0.204	-16930.151
162	16	500	500	0.5113	0.335	0.399	0.229	0.314	0.300	0.363	0.309	0.323	0.250	0.393	0.279	0.305	0.257	0.309	0.301	0.381	0.284	0.303	0.323	0.271	0.352	0.282	0.300	0.353	0.303	0.342	0.364	0.277	0.269	0.267	2.049	0.398	0.178	0.193	-16908.329
163	16	500	500	0.5183	0.315	0.289	0.323	0.265	0.270	0.322	0.299	0.283	0.358	0.279	0.333	0.332	0.250	0.287	0.247	0.351	0.228	0.325	0.250	0.283	0.272	0.356	0.287	0.372	0.416	0.379	0.265	0.276	0.248	0.315	2.040	0.278	0.163	0.201	-16888.047
164	16	500	499	0.5225	0.339	0.304	0.225	0.278	0.327	0.336	0.314	0.273	0.251	0.277	0.283	0.279	0.325	0.298	0.346	0.326	0.244	0.367	0.335	0.200	0.298	0.283	0.257	0.265	0.332	0.351	0.336	0.251	0.288	0.265	1.880	0.315	0.140	0.216	-16810.234
165	16	500	500	0.5066	0.207	0.283	0.249	0.273	0.328	0.332	0.298	0.286	0.298	0.324	0.335	0.235	0.296	0.306	0.283	0.253	0.304	0.288	0.274	0.300	0.270	0.270	0.333	0.297	0.320	0.335	0.314	0.325	0.286	0.352	1.982	0.178	0.082	0.209	-16786.304
166	16	500	499	0.5210	0.290	0.299	0.373	0.298	0.276	0.318	0.278	0.282	0.223	0.277	0.294	0.311	0.328	0.328	0.344	0.299	0.217	0.326	0.345	0.290	0.321	0.328	0.294	0.379	0.286	0.298	0.337	0.289	0.304	0.290	1.961	0.323	0.172	0.191	-16912.813
167	16	500	499	0.5243	0.340	0.332	0.277	0.321	0.331	0.306	0.323	0.304	0.282	0.263	0.339	0.299	0.304	0.277	0.360	0.309	0.228	0.310	0.344	0.310	0.299	0.384	0.258	0.261	0.351	0.308	0.257	0.265	0.346	0.323	2.115	0.195	0.101	0.204	-17144.552
168	16	500	500	0.5214	0.314	0.293	0.274	0.279	0.239	0.327	0.283	0.261	0.309	0.286	0.302	0.287	0.289	0.294	0.263	0.319	0.326	0.350	0.283	0.294	0.252	0.284	0.285	0.257	0.249	0.261	0.243	0.278	0.266	0.297	2.035	0.454	0.193	0.212	-16318.903
169	16	500	500	0.5198	0.336	0.258	0.337	0.231	0.310	0.241	0.325	0.312	0.285	0.289	0.335	0.322	0.270	0.311	0.331	0.350	0.367	0.282	0.345	0.370	0.306	0.293	0.312	0.281	0.380	0.313	0.251	0.332	0.344	0.257	2.026	0.418	0.226	0.195	-17029.122
170	16	500	500	0.5081	0.293	0.222	0.326	0.237	0.349	0.363	0.301	0.245	0.343	0.269	0.290	0.320	0.308	0.364	0.269	0.265	0.273	0.290	0.347	0.246	0.277	0.245	0.310	0.309	0.309	0.267	0.274	0.303	0.357	0.313	1.933	0.000	0.000	0.187	-16696.981
171	16	500	500	0.5001	0.369	0.248	0.334	0.315	0.308	0.293	0.291	0.325	0.313	0.319	0.333	0.290	0.300	0.317	0.304	0.330	0.365	0.228	0.347	0.265	0.223	0.289	0.327	0.257	0.315	0.302	0.335	0.288	0.329	0.360	1.965	0.262	0.146	0.202	-17184.041
172	16	500	500	0.5148	0.263	0.359	0.374	0.294	0.296	0.265	0.295	0.324	0.229	0.269	0.301	0.275	0.284	0.309	0.282	0.257	0.260	0.248	0.300	0.340	0.382	0.361	0.251	0.280	0.254	0.288	0.302	0.351	0.296	0.249	1.958	0.372	0.149	0.181	-16505.514
173	16	500	498	0.5142	0.264	0.341	0.307	0.308	0.287	0.298	0.274	0.334	0.306	0.321	0.292	0.306	0.321	0.301	0.327	0.268	0.268	0.295	0.283	0.282	0.282	0.282	0.308	0.339	0.282	0.271	0.399	0.311	0.259	0.274	2.002	0.389	0.191	0.198	-16784.899
174	16	500	500	0.5128	0.276	0.278	0.337	0.286	0.299	0.298	0.363	0.280	0.273	0.253	0.265	0.298	0.308	0.295	0.290	0.338	0.306	0.308	0.324	0.329	0.368	0.295	0.283	0.299	0.299	0.299	0.321	0.333	0.355	0.305	1.822	0.376	0.206	0.199	-17058.131
175	16	500	500	0.5190	0.252	0.317	0.298	0.265	0.329	0.280	0.314	0.302	0.369	0.255	0.324	0.282	0.317	0.302	0.252	0.270	0.333	0.303	0.285	0.299	0.239	0.313	0.325	0.252	0.301	0.251	0.310	0.300	0.293	0.266	1.915	0.452	0.217	0.195	-16593.539
176	16	500	500	0.5221	0.300	0.331	0.269	0.284	0.293	0.355	0.327	0.317	0.302	0.266	0.265	0.330	0.316	0.313	0.271	0.272	0.373	0.258	0.294	0.352	0.333	0.317	0.272	0.329	0.287	0.343	0.259	0.256	0.265	0.312	1.873	0.243	0.130	0.190	-17001.756
177	16	500	500	0.5125	0.279	0.309	0.331	0.269	0.269	0.336	0.255	0.311	0.245	0.268	0.318	0.335	0.329	0.311	0.323	0.290	0.241	0.281	0.292	0.317	0.333	0.323	0.263	0.251	0.286	0.349	0.327	0.412	0.249	0.298	2.146	0.228	0.107	0.189	-16719.907
178	16	500	500	0.5144	0.254	0.307	0.290	0.288	0.288	0.326	0.325	0.346	0.330	0.326	0.350	0.269	0.303	0.347	0.317	0.228	0.285	0.321	0.309	0.296	0.324	0.296	0.353	0.278	0.267	0.359	0.308	0.301	0.299	0.283	2.007	0.220	0.111	0.206	-17140.969
179	16	500	500	0.5277	0.276	0.291	0.304	0.279	0.276	0.286	0.301	0.253	0.326	0.341	0.288	0.301	0.310	0.263	0.295	0.352	0.272	0.395	0.274	0.281	0.295	0.311	0.276	0.268	0.315	0.262	0.246	0.289	0.265	0.269	1.975	0.385	0.188	0.190	-16543.316
180	16	500	500	0.5136	0.265	0.224	0.310	0.267	0.275	0.320	0.325	0.350	0.370	0.263	0.319	0.269	0.290	0.307	0.328	0.324	0.301	0.317	0.289	0.301	0.295	0.258	0.316	0.289	0.225	0.295	0.333	0.350	0.315	0.285	2.021	0.442	0.189	0.189	-16600.651
181	16	500	500	0.5108	0.339	0.258	0.323	0.276	0.324	0.282	0.322	0.311	0.342	0.302	0.346	0.329	0.296	0.310	0.325	0.296	0.231	0.358	0.351	0.337	0.318	0.319	0.226	0.333	0.297	0.333	0.273	0.314	0.312	0.267	1.966	0.324	0.169	0.207	-17140.508
182	16	500	499	0.5079	0.266	0.215	0.359	0.226	0.308	0.295	0.332	0.271	0.370	0.298	0.349	0.302	0.289	0.350	0.259	0.280	0.337	0.226	0.398	0.292	0.286	0.296	0.310	0.345	0.300	0.277	0.276	0.312	0.282	0.279	2.009	0.349	0.176	0.201	-16824.160
183	16	500	500	0.4966	0.289	0.258	0.310	0.284	0.324	0.366	0.306	0.240	0.291	0.229	0.327	0.276	0.317	0.279	0.286	0.286	0.359	0.333	0.361	0.248	0.300	0.305	0.299	0.325	0.239	0.346	0.267	0.327	0.328	0.258	1.873	0.349	0.169	0.209	-16882.378
184	16	500	497	0.4913	0.270	0.330	0.233	0.316	0.343	0.304	0.326	0.270	0.295	0.298	0.326	0.294	0.330	0.343	0.372	0.343	0.289	0.256	0.287	0.337	0.288	0.315	0.241	0.242	0.333	0.283	0.329	0.290	0.329	0.324	2.232	0.307	0.144	0.198	-16674.760
185	16	500	500	0.5141	0.320	0.274	0.320	0.253	0.321	0.335	0.331	0.278	0.340	0.308	0.311	0.315	0.308	0.286	0.272	0.305	0.292	0.314	0.220	0.354	0.246	0.275	0.343	0.312	0.338	0.282	0.260	0.354	0.312	0.285	1.984	0.360	0.183	0.190	-16795.129
186	16	500	499	0.5144	0.252	0.269	0.288	0.321	0.305	0.258	0.223	0.298	0.293	0.327	0.298	0.268	0.293	0.256	0.319	0.311	0.337	0.300	0.250	0.314	0.325	0.271	0.361	0.264	0.264	0.299	0.278	0.316	0.262	0.283	1.932	0.412	0.175	0.191	-16393.119
187	16	500	499	0.5096	0.239	0.302	0.263	0.311	0.349	0.280	0.287	0.312	0.241	0.311	0.243	0.259	0.298	0.288	0.297	0.290	0.340	0.297	0.298	0.300	0.260	0.308	0.287	0.224	0.273	0.289	0.283	0.257	0.326	0.304	2.024	0.362	0.160	0.205	-16540.615
188	16	500	500	0.5185	0.316	0.337	0.338	0.291	0.346	0.359	0.283	0.322	0.289	0.398	0.273	0.269	0.307	0.284	0.310	0.306	0.278	0.287	0.322	0.246	0.291	0.336	0.342	0.286	0.275	0.273	0.336	0.302	0.275	0.265	2.003	0.348	0.213	0.199	-17115.655
189	16	500	500	0.5162	0.263	0.324	0.246	0.314	0.356	0.337	0.324	0.299	0.350	0.271	0.300	0.319	0.297	0.306	0.315	0.254	0.306	0.357	0.300	0.286	0.288	0.312	0.319	0.281	0.285	0.336	0.289	0.277	0.317	0.268	2.151	0.338	0.182	0.216	-17045.363
190	16	500	499	0.5068	0.328	0.310	0.259	0.265	0.297	0.283	0.327	0.273	0.291	0.263	0.318	0.290	0.354	0.269	0.317	0.317	0.284	0.322	0.300	0.254	0.279	0.274	0.321	0.279	0.282	0.266	0.274	0.292	0.261	0.277	1.925	0.198	0.112	0.184	-16543.777
191	16	500	500	0.5082	0.351	0.454	0.237	0.262	0.334	0.256	0.311	0.306	0.279	0.303	0.409	0.277	0.346	0.300	0.327	0.397	0.352	0.319	0.315	0.312	0.316	0.285	0.267	0.272	0.285	0.302	0.343	0.250	0.311	0.273	1.905	0.354	0.189	0.198	-17146.579
192	16	500	500	0.5052	0.319	0.338	0.211	0.281	0.305	0.251	0.278	0.309	0.254	0.275	0.279	0.271	0.256	0.292	0.227	0.289	0.284	0.351	0.345	0.315	0.214	0.303	0.387	0.360	0.279	0.296	0.283	0.296	0.305	0.297	2.127	0.303	0.162	0.186	-16553.535
193	16	500	499	0.5282	0.320	0.334	0.343	0.324	0.290	0.331	0.315	0.282	0.329	0.303	0.279	0.290	0.259	0.314	0.301	0.308	0.271	0.257	0.325	0.258	0.321	0.283	0.281	0.273	0.251	0.312	0.236	0.302	0.277	0.310	1.865	0.201	0.104	0.200	-16820.602
194	16	500	500	0.5084	0.288	0.303	0.293	0.283	0.352	0.331	0.341	0.311	0.353	0.248	0.332	0.336	0.354	0.362	0.310	0.346	0.272	0.380	0.384	0.262	0.327	0.286	0.335	0.251	0.372	0.364	0.299	0.361	0.316	0.336	1.962	0.312	0.194	0.215	-17694.433
195	16	500	500	0.5070	0.306	0.308	0.306	0.301	0.268	0.285	0.278	0.291	0.197	0.299	0.245	0.365	0.393	0.328	0.295	0.371	0.274	0.309	0.326	0.302	0.300	0.285	0.301	0.290	0.300	0.351	0.263	0.343	0.294	0.291	1.968	0.267	0.153	0.203	-16848.314
196	16	500	500	0.5052	0.408	0.386	0.258	0.318	0.298	0.264	0.322	0.326	0.288	0.278	0.371	0.262	0.309	0.340	0.241	0.333	0.334	0.260	0.326	0.327	0.312	0.316	0.251	0.243	0.272	0.294	0.264	0.329	0.264	0.280	2.039	0.198	0.102	0.193	-16842.428
197	16	500	500	0.4995	0.327	0.263	0.330	0.291	0.342	0.326	0.334	0.244	0.363	0.253	0.272	0.300	0.277	0.287	0.350	0.363	0.259	0.269	0.319	0.283	0.398	0.303	0.306	0.315	0.313	0.285	0.297	0.293	0.290	0.337	2.086	0.200	0.101	0.203	-16885.625
198	16	500	499	0.5140	0.264	0.364	0.248	0.308	0.346	0.314	0.279	0.309	0.337	0.329	0.272	0.278	0.289	0.305	0.281	0.302	0.319	0.330	0.326	0.305	0.294	0.308	0.272	0.270	0.310	0.263	0.306	0.282	0.301	0.239	2.067	0.259	0.118	0.201	-16759.637
199	16	500	499	0.5001	0.359	0.253	0.338	0.298	0.363	0.252	0.327	0.345	0.358	0.329	0.268	0.347	0.395	0.282	0.340	0.341	0.273	0.262	0.328	0.350	0.381	0.292	0.287	0.274	0.271	0.328	0.279	0.296	0.289	0.284	1.990	0.366	0.186	0.201	-17156.679
200	16	500	500	0.5175	0.347	0.267	0.313	0.256	0.302	0.293	0.271	0.316	0.261	0.305	0.299	0.310	0.300	0.297	0.281	0.289	0.224	0.271	0.323	0.263	0.338	0.297	0.279	0.377	0.316	0.312	0.292	0.243	0.264	0.337	1.936	0.199	0.076	0.214	-16579.233
201	16	500	500	0.5105	0.278	0.318	0.321	0.301	0.297	0.296	0.219	0.279	0.296	0.229	0.235	0.280	0.297	0.297	0.319	0.325	0.261	0.249	0.241	0.261	0.349	0.322	0.266	0.294	0.275	0.266	0.327	0.288	0.315	0.261	2.026	0.412	0.218	0.190	-16229.548
202	16	500	499	0.5191	0.294	0.229	0.240	0.243	0.321	0.280	0.336	0.337	0.305	0.316	0.273	0.316	0.391	0.325	0.244	0.277	0.284	0.309	0.354	0.295	0.255	0.313	0.369	0.253	0.303	0.294	0.341	0.260	0.319	0.295	1.883	0.497	0.275	0.224	-16968.731
203	16	500	500	0.4957	0.305	0.282	0.271	0.261	0.344	0.265	0.287	0.312	0.321	0.298	0.274	0.320	0.262	0.326	0.341	0.245	0.374	0.318	0.364	0.332	0.273	0.290	0.274	0.245	0.268	0.327	0.331	0.299	0.307	0.282	2.000	0.392	0.192	0.200	-16820.765
204	16	500	500	0.5188	0.407	0.245	0.242	0.272	0.364	0.281	0.302	0.286	0.283	0.249	0.213	0.314	0.324	0.260	0.282	0.351	0.245	0.267	0.309	0.225	0.359	0.331	0.280	0.294	0.289	0.370	0.247	0.243	0.280	0.333	1.928	0.180	0.087	0.196	-16625.055
205	16	500	499	0.5126	0.232	0.363	0.324	0.304	0.261	0.298	0.307	0.337	0.454	0.318	0.282	0.303	0.244	0.267	0.253	0.320	0.243	0.251	0.308	0.326	0.328	0.281	0.249	0.299	0.345	0.242	0.325	0.284	0.300	0.287	2.027	0.365	0.183	0.192	-16654.062
206	16	500	500	0.5183	0.285	0.269	0.246	0.289	0.326	0.326	0.276	0.283	0.346	0.291	0.311	0.302	0.232	0.317	0.283	0.244	0.355	0.269	0.259	0.276	0.308	0.254	0.341	0.279	0.388	0.263	0.303	0.221	0.271	0.318	2.268	0.328	0.153	0.200	-16462.913
207	16	500	500	0.5252	0.581	0.308	0.337	0.274	0.331	0.244	0.278	0.293	0.321	0.253	0.309	0.301	0.327	0.288	0.306	0.000	0.329	0.365	0.304	0.287	0.250	0.363	0.297	0.279	0.300	0.291	0.277	0.306	0.242	0.315	2.019	0.303	0.140	0.194	-16688.591
208	16	500	500	0.5038	0.341	0.317	0.306	0.267	0.344	0.335	0.278	0.313	0.268	0.348	0.267	0.330	0.267	0.301	0.322	0.317	0.299	0.326	0.306	0.263	0.293	0.289	0.271	0.306	0.265	0.347	0.269	0.272	0.335	0.325	1.917	0.246	0.115	0.218	-17080.148
209	16	500	500	0.5127	0.366	0.300	0.341	0.290	0.294	0.282	0.286	0.233	0.377	0.388	0.285	0.316	0.331	0.311	0.299	0.279	0.272	0.333	0.314	0.248	0.340	0.315	0.333	0.316	0.271	0.347	0.360	0.315	0.317	0.257	1.980	0.232	0.123	0.209	-17082.612
210	16	500	500	0.5121	0.268	0.285	0.301	0.306	0.288	0.277	0.278	0.303	0.287	0.294	0.263	0.276	0.328	0.329	0.297	0.349	0.288	0.268	0.275	0.272	0.299	0.316	0.271	0.240	0.282	0.287	0.312	0.286	0.280	0.360	1.997	0.403	0.195	0.203	-16656.805
211	16	500	499	0.5290	0.304	0.243	0.315	0.286	0.315	0.281	0.301	0.297	0.317	0.233	0.332	0.269	0.345	0.275	0.327	0.247	0.311	0.358	0.284	0.321	0.282	0.266	0.321	0.310	0.381	0.322	0.336	0.259	0.273	0.268	1.857	0.289	0.166	0.207	-17068.753
212	16	500	498	0.5044	0.340	0.244	0.277	0.348	0.325	0.308	0.295	0.327	0.321	0.297	0.266	0.312	0.290	0.339	0.309	0.382	0.326	0.291	0.268	0.321	0.261	0.309	0.267	0.255	0.308	0.314	0.261	0.257	0.272	0.313	2.003	0.390	0.222	0.200	-16839.475
213	16	500	500	0.5070	0.280	0.307	0.242	0.267	0.330	0.276	0.295	0.287	0.314	0.243	0.314	0.353	0.292	0.261	0.318	0.285	0.318	0.265	0.274	0.346	0.307	0.300	0.324	0.282	0.303	0.316	0.312	0.285	0.270	0.306	2.248	0.309	0.133	0.213	-16637.744
214	16	500	500	0.5081	0.352	0.260	0.277	0.288	0.382	0.331	0.324	0.318	0.277	0.285	0.333	0.285	0.332	0.279	0.348	0.350	0.347	0.349	0.381	0.281	0.254	0.368	0.317	0.300	0.292	0.331	0.297	0.272	0.346	0.324	2.036	0.119	0.065	0.200	-17216.378
215	16	500	500	0.5179	0.342	0.281	0.272	0.310	0.342	0.341	0.366	0.331	0.357	0.252	0.288	0.372	0.315	0.324	0.288	0.301	0.260	0.324	0.316	0.295	0.325	0.311	0.347	0.247	0.324	0.303	0.281	0.255	0.328	0.318	2.000	0.131	0.073	0.206	-17270.648
216	16	500	500	0.5281	0.283	0.271	0.296	0.390	0.347	0.334	0.313	0.329	0.293	0.403	0.261	0.340	0.269	0.294	0.288	0.315	0.315	0.307	0.287	0.349	0.300	0.283	0.328	0.380	0.315	0.331	0.371	0.228	0.323	0.332	2.011	0.325	0.179	0.205	-17393.921
217	16	500	500	0.5138	0.274	0.277	0.258	0.287	0.334	0.295	0.269	0.243	0.317	0.310	0.334	0.256	0.318	0.325	0.331	0.279	0.354	0.328	0.287	0.322	0.287	0.325	0.376	0.324	0.344	0.377	0.265	0.340	0.354	0.263	1.948	0.387	0.232	0.197	-17148.344
218	16	500	500	0.5180	0.282	0.293	0.274	0.334	0.258	0.311	0.271	0.292	0.276	0.317	0.370	0.230	0.233	0.286	0.281	0.263	0.315	0.315	0.290	0.297	0.305	0.307	0.253	0.300	0.334	0.302	0.309	0.267	0.317	0.265	2.006	0.341	0.152	0.188	-16473.288
219	16	500	500	0.5183	0.303	0.283	0.244	0.244	0.299	0.308	0.287	0.301	0.290	0.237	0.337	0.282	0.335	0.309	0.356	0.263	0.338	0.268	0.278	0.302	0.245	0.317	0.295	0.247	0.324	0.299	0.385	0.291	0.264	0.275	1.928	0.411	0.206	0.207	-16806.250
220	16	500	500	0.5112	0.333	0.257	0.317	0.275	0.304	0.334	0.325	0.270	0.280	0.295	0.250	0.357	0.355	0.324	0.285	0.325	0.273	0.304	0.326	0.333	0.304	0.344	0.334	0.256	0.350	0.264	0.348	0.317	0.313	0.326	2.002	0.480	0.239	0.188	-17026.391
221	16	500	499	0.5247	0.288	0.344	0.297	0.282	0.298	0.316	0.253	0.284	0.248	0.339	0.255	0.244	0.304	0.329	0.312	0.267	0.401	0.285	0.309	0.268	0.288	0.284	0.273	0.272	0.244	0.320	0.335	0.328	0.314	0.340	1.954	0.343	0.173	0.222	-16904.399
222	16	500	500	0.5161	0.306	0.317	0.305	0.230	0.323	0.303	0.259	0.346	0.302	0.319	0.251	0.306	0.270	0.271	0.314	0.331	0.319	0.328	0.233	0.350	0.297	0.294	0.321	0.262	0.307	0.286	0.302	0.281	0.324	0.322	2.066	0.297	0.178	0.214	-16948.561
223	16	500	500	0.5242	0.325	0.202	0.338	0.312	0.250	0.314	0.293	0.305	0.368	0.265	0.308	0.253	0.296	0.275	0.326	0.249	0.275	0.315	0.266	0.264	0.314	0.332	0.341	0.320	0.295	0.317	0.276	0.295	0.254	0.319	2.046	0.412	0.214	0.195	-16667.290
224	16	500	500	0.5114	0.347	0.316	0.309	0.278	0.270	0.270	0.295	0.266	0.222	0.297	0.239	0.345	0.265	0.300	0.325	0.335	0.300	0.311	0.349	0.285	0.299	0.308	0.297	0.284	0.266	0.316	0.295	0.265	0.302	0.258	2.013	0.502	0.232	0.176	-16407.114
225	16	500	500	0.5069	0.312	0.282	0.321	0.271	0.326	0.275	0.344	0.308	0.287	0.295	0.284	0.312	0.294	0.287	0.355	0.323	0.307	0.269	0.247	0.336	0.229	0.296	0.268	0.281	0.231	0.239	0.321	0.307	0.297	0.358	2.045	0.374	0.157	0.206	-16536.359
226	16	500	500	0.5236	0.342	0.327	0.286	0.273	0.295	0.320	0.288	0.316	0.307	0.341	0.308	0.284	0.288	0.343	0.246	0.270	0.312	0.356	0.332	0.273	0.282	0.294	0.323	0.244	0.235	0.273	0.285	0.309	0.301	0.305	2.015	0.202	0.093	0.223	-16917.830
227	16	500	498	0.5162	0.320	0.302	0.322	0.302	0.388	0.272	0.262	0.269	0.207	0.318	0.288	0.299	0.289	0.357	0.274	0.270	0.250	0.309	0.322	0.244	0.260	0.296	0.357	0.317	0.305	0.288	0.342	0.261	0.282	0.326	1.975	0.209	0.101	0.180	-16621.304
228	16	500	499	0.5063	0.271	0.280	0.349	0.253	0.318	0.258	0.313	0.304	0.286	0.378	0.372	0.323	0.334	0.298	0.291	0.343	0.334	0.273	0.362	0.340	0.321	0.324	0.347	0.251	0.304	0.241	0.349	0.308	0.244	0.294	2.039	0.346	0.210	0.200	-17061.361
229	16	500	500	0.5223	0.330	0.273	0.279	0.271	0.304	0.383	0.310	0.226	0.303	0.268	0.303	0.287	0.414	0.282	0.315	0.308	0.288	0.341	0.290	0.339	0.267	0.287	0.324	0.290	0.293	0.294	0.298	0.349	0.221	0.290	1.953	0.404	0.185	0.202	-16791.515
230	16	500	500	0.5109	0.300	0.266	0.287	0.280	0.353	0.293	0.279	0.294	0.298	0.299	0.335	0.290	0.285	0.297	0.296	0.281	0.282	0.332	0.308	0.257	0.278	0.326	0.315	0.232	0.290	0.319	0.307	0.262	0.247	0.229	1.972	0.389	0.189	0.195	-16583.946
231	16	500	500	0.5084	0.331	0.347	0.254	0.225	0.292	0.315	0.241	0.297	0.252	0.352	0.264	0.280	0.258	0.239	0.322	0.257	0.334	0.254	0.250	0.289	0.379	0.305	0.257	0.287	0.258	0.306	0.331	0.251	0.251	0.341	1.988	0.415	0.227	0.199	-16385.282
232	16	500	500	0.5230	0.406	0.270	0.358	0.277	0.303	0.354	0.300	0.272	0.262	0.315	0.299	0.301	0.265	0.276	0.302	0.365	0.313	0.284	0.420	0.290	0.298	0.322	0.300	0.317	0.352	0.318	0.338	0.333	0.260	0.329	2.071	0.458	0.276	0.200	-17248.888
233	16	500	500	0.5203	0.319	0.350	0.287	0.266	0.303	0.336	0.294	0.331	0.296	0.411	0.316	0.243	0.281	0.339	0.249	0.294	0.241	0.333	0.325	0.326	0.300	0.323	0.285	0.305	0.294	0.301	0.293	0.277	0.313	0.382	1.981	0.401	0.213	0.209	-17137.173
234	16	500	500	0.5141	0.341	0.346	0.273	0.241	0.320	0.302	0.269	0.260	0.234	0.333	0.281	0.296	0.335	0.231	0.287	0.344	0.257	0.271	0.274	0.258	0.286	0.289	0.309	0.360	0.280	0.344	0.324	0.317	0.244	0.350	2.052	0.542	0.261	0.195	-16559.712
235	16	500	499	0.5216	0.301	0.354	0.238	0.236	0.267	0.280	0.295	0.297	0.383	0.248	0.298	0.305	0.347	0.322	0.298	0.275	0.301	0.355	0.345	0.258	0.375	0.250	0.335	0.287	0.296	0.328	0.296	0.391	0.274	0.308	1.975	0.199	0.109	0.190	-16966.896
236	16	500	500	0.5253	0.285	0.314	0.264	0.268	0.316	0.332	0.299	0.316	0.310	0.366	0.245	0.291	0.320	0.277	0.323	0.257	0.375	0.318	0.304	0.299	0.333	0.297	0.267	0.328	0.328	0.283	0.262	0.329	0.296	0.268	2.027	0.226	0.128	0.210	-16915.299
237	16	500	500	0.5058	0.282	0.295	0.260	0.284	0.297	0.276	0.298	0.338	0.295	0.274	0.268	0.298	0.288	0.318	0.232	0.255	0.280	0.330	0.299	0.306	0.277	0.292	0.294	0.365	0.338	0.269	0.300	0.343	0.320	0.269	2.038	0.186	0.095	0.212	-16736.732
238	16	500	500	0.5210	0.268	0.333	0.276	0.287	0.303	0.252	0.283	0.294	0.273	0.352	0.269	0.300	0.231	0.286	0.255	0.268	0.300	0.276	0.287	0.283	0.374	0.338	0.288	0.337	0.312	0.272	0.297	0.321	0.364	0.238	1.983	0.307	0.153	0.199	-16719.921
239	16	500	499	0.5050	0.304	0.336	0.256	0.333	0.287	0.285	0.337	0.317	0.256	0.268	0.253	0.299	0.321	0.302	0.301	0.292	0.342	0.303	0.339	0.317	0.247	0.300	0.372	0.241	0.293	0.295	0.279	0.279	0.273	0.354	2.194	0.333	0.145	0.205	-16525.850
240	16	500	496	0.5052	0.314	0.336	0.270	0.244	0.320	0.337	0.356	0.258	0.304	0.273	0.324	0.312	0.258	0.319	0.313	0.304	0.324	0.289	0.295	0.353	0.390	0.326	0.306	0.299	0.357	0.382	0.258	0.292	0.273	0.288	2.017	0.232	0.129	0.190	-16937.786
241	16	500	500	0.5082	0.340	0.308	0.287	0.280	0.387	0.299	0.338	0.269	0.278	0.259	0.283	0.310	0.314	0.238	0.315	0.296	0.417	0.268	0.292	0.281	0.338	0.336	0.320	0.312	0.262	0.274	0.232	0.318	0.337	0.279	1.959	0.410	0.221	0.199	-16991.629
242	16	500	500	0.5262	0.285	0.298	0.275	0.325	0.282	0.321	0.310	0.321	0.215	0.341	0.225	0.278	0.382	0.290	0.352	0.320	0.303	0.292	0.366	0.319	0.309	0.316	0.287	0.294	0.299	0.289	0.321	0.323	0.280	0.322	1.960	0.342	0.159	0.197	-16857.023
243	16	500	499	0.5197	0.320	0.308	0.330	0.277	0.346	0.339	0.341	0.340	0.308	0.281	0.300	0.277	0.275	0.312	0.293	0.313	0.342	0.343	0.278	0.245	0.246	0.273	0.304	0.345	0.362	0.283	0.234	0.235	0.320	0.222	1.985	0.290	0.151	0.209	-16811.426
244	16	500	500	0.5199	0.315	0.312	0.301	0.315	0.304	0.278	0.235	0.314	0.269	0.337	0.299	0.269	0.282	0.271	0.301	0.282	0.352	0.331	0.280	0.270	0.243	0.300	0.266	0.297	0.276	0.339	0.307	0.272	0.309	0.305	2.000	0.372	0.160	0.193	-16648.484
245	16	500	499	0.5197	0.339	0.325	0.285	0.293	0.307	0.228	0.307	0.383	0.287	0.279	0.325	0.302	0.308	0.240	0.335	0.371	0.323	0.299	0.259	0.270	0.350	0.270	0.298	0.350	0.304	0.305	0.240	0.341	0.317	0.283	1.972	0.394	0.189	0.209	-16901.984
246	16	500	500	0.5165	0.295	0.312	0.307	0.296	0.319	0.285	0.299	0.315	0.235	0.297	0.299	0.250	0.352	0.308	0.300	0.310	0.308	0.325	0.287	0.286	0.334	0.334	0.287	0.261	0.340	0.295	0.328	0.273	0.287	0.276	2.108	0.265	0.142	0.203	-16812.049
247	16	500	500	0.5176	0.332	0.267	0.374	0.321	0.275	0.220	0.279	0.306	0.230	0.319	0.269	0.291	0.342	0.289	0.273	0.351	0.399	0.291	0.303	0.269	0.278	0.213	0.352	0.324	0.242	0.261	0.330	0.295	0.331	0.267	2.112	0.270	0.138	0.192	-16584.133
248	16	500	500	0.5090	0.296	0.370	0.237	0.327	0.310	0.256	0.323	0.311	0.292	0.297	0.290	0.292	0.336	0.305	0.263	0.319	0.331	0.297	0.310	0.306	0.363	0.309	0.268	0.308	0.346	0.334	0.265	0.321	0.283	0.311	1.995	0.374	0.197	0.182	-16931.063
249	16	500	499	0.5085	0.381	0.328	0.294	0.248	0.287	0.345	0.318	0.296	0.313	0.302	0.292	0.274	0.313	0.287	0.305	0.340	0.331	0.261	0.267	0.317	0.286	0.308	0.305	0.246	0.279	0.281	0.281	0.301	0.268	0.322	1.996	0.278	0.135	0.198	-16715.915
250	16	500	500	0.5188	0.271	0.296	0.232	0.291	0.354	0.309	0.335	0.358	0.307	0.239	0.309	0.356	0.327	0.239	0.327	0.359	0.259	0.338	0.320	0.257	0.351	0.264	0.310	0.338	0.326	0.261	0.295	0.365	0.304	0.243	1.933	0.300	0.152	0.196	-16920.100
251	16	500	500	0.5177	0.300	0.274	0.275	0.360	0.304	0.330	0.305	0.247	0.333	0.263	0.349	0.308	0.299	0.336	0.233	0.351	0.319	0.277	0.303	0.335	0.279	0.346	0.363	0.282	0.310	0.297	0.350	0.275	0.281	0.294	2.011	0.434	0.241	0.204	-17047.134
252	16	500	500	0.5127	0.328	0.316	0.310	0.233	0.264	0.280	0.275	0.299	0.237	0.261	0.331	0.304	0.298	0.321	0.287	0.316	0.323	0.325	0.277	0.286	0.227	0.234	0.273	0.274	0.269	0.246	0.332	0.320	0.278	0.265	1.994	0.000	0.000	0.194	-16368.112
253	16	500	500	0.5208	0.308	0.347	0.393	0.274	0.348	0.246	0.300	0.324	0.236	0.321	0.244	0.300	0.242	0.312	0.263	0.296	0.281	0.218	0.347	0.346	0.298	0.301	0.334	0.315	0.325	0.267	0.307	0.350	0.350	0.237	1.951	0.308	0.155	0.208	-17116.703
254	16	500	500	0.5195	0.309	0.315	0.302	0.321	0.285	0.254	0.235	0.279	0.277	0.262	0.284	0.268	0.286	0.338	0.280	0.234	0.206	0.357	0.298	0.313	0.284	0.304	0.274	0.293	0.232	0.260	0.339	0.307	0.236	0.295	1.915	0.280	0.124	0.219	-16502.234
255	16	500	500	0.5250	0.292	0.313	0.344	0.293	0.329	0.263	0.315	0.331	0.320	0.330	0.291	0.280	0.295	0.350	0.264	0.215	0.352	0.291	0.309	0.281	0.271	0.235	0.271	0.363	0.292	0.351	0.296	0.312	0.275	0.341	2.020	0.054	0.027	0.199	-16858.198
256	16	500	500	0.5253	0.281	0.278	0.292	0.275	0.261	0.334	0.291	0.293	0.343	0.354	0.281	0.294	0.331	0.289	0.291	0.317	0.371	0.285	0.287	0.296	0.301	0.269	0.291	0.365	0.365	0.306	0.281	0.295	0.291	0.249	2.083	0.395	0.173	0.208	-16734.847
257	16	500	500	0.5072	0.239	0.301	0.347	0.277	0.371	0.275	0.339	0.308	0.277	0.335	0.291	0.318	0.258	0.308	0.299	0.286	0.273	0.289	0.346	0.269	0.284	0.328	0.297	0.302	0.328	0.341	0.239	0.313	0.288	0.308	1.966	0.193	0.111	0.199	-17020.445
258	16	500	499	0.5042	0.298	0.353	0.294	0.263	0.253	0.252	0.258	0.229	0.376	0.266	0.275	0.284	0.285	0.330	0.269	0.319	0.299	0.250	0.275	0.299	0.277	0.280	0.337	0.261	0.291	0.316	0.307	0.232	0.337	0.325	2.003	0.465	0.223	0.192	-16348.832
259	16	500	500	0.5079	0.296	0.356	0.204	0.259	0.319	0.350	0.355	0.315	0.330	0.245	0.269	0.280	0.311	0.306	0.324	0.320	0.352	0.269	0.251	0.272	0.228	0.344	0.309	0.283	0.302	0.262	0.299	0.299	0.302	0.269	2.024	0.199	0.095	0.201	-16618.472
260	16	500	499	0.5148	0.337	0.262	0.359	0.315	0.327	0.279	0.328	0.286	0.300	0.388	0.340	0.267	0.303	0.305	0.268	0.273	0.366	0.266	0.316	0.317	0.251	0.330	0.252	0.274	0.318	0.323	0.297	0.305	0.291	0.322	2.001	0.255	0.136	0.201	-17029.827
261	16	500	500	0.5298	0.293	0.351	0.304	0.285	0.315	0.367	0.264	0.265	0.303	0.290	0.314	0.274	0.341	0.317	0.304	0.282	0.316	0.213	0.282	0.330	0.313	0.259	0.308	0.279	0.359	0.299	0.316	0.303	0.322	0.254	1.967	0.329	0.157	0.187	-16815.698
262	16	500	500	0.5131	0.329	0.299	0.358	0.288	0.308	0.256	0.332	0.294	0.329	0.211	0.277	0.296	0.276	0.269	0.265	0.279	0.267	0.296	0.300	0.346	0.242	0.295	0.332	0.344	0.269	0.303	0.319	0.331	0.327	0.329	1.890	0.374	0.204	0.194	-16892.235
263	16	500	500	0.5111	0.314	0.297	0.334	0.326	0.279	0.323	0.260	0.299	0.326	0.271	0.322	0.250	0.290	0.306	0.306	0.305	0.296	0.332	0.238	0.272	0.261	0.287	0.282	0.355	0.324	0.310	0.262	0.299	0.276	0.298	1.891	0.494	0.204	0.210	-16650.300
264	16	500	500	0.5103	0.307	0.222	0.345	0.254	0.302	0.297	0.272	0.331	0.406	0.267	0.327	0.304	0.280	0.339	0.297	0.279	0.331	0.331	0.217	0.296	0.259	0.305	0.331	0.239	0.356	0.269	0.275	0.242	0.281	0.270	1.946	0.439	0.220	0.194	-16662.670
265	16	500	499	0.5123	0.304	0.306	0.317	0.303	0.320	0.324	0.313	0.272	0.294	0.355	0.316	0.301	0.309	0.282	0.299	0.324	0.307	0.311	0.324	0.309	0.302	0.292	0.358	0.362	0.282	0.278	0.355	0.363	0.322	0.289	1.996	0.407	0.202	0.184	-16937.581
266	16	500	500	0.5192	0.023	0.296	0.293	0.316	0.299	0.335	0.313	0.281	0.344	0.266	0.342	0.310	0.296	0.326	0.284	0.634	0.300	0.310	0.292	0.285	0.398	0.347	0.310	0.311	0.278	0.275	0.305	0.267	0.311	0.311	2.068	0.128	0.057	0.191	-16841.856
267	16	500	499	0.5150	0.343	0.386	0.348	0.271	0.297	0.293	0.294	0.294	0.187	0.328	0.311	0.318	0.348	0.301	0.340	0.289	0.301	0.257	0.369	0.305	0.291	0.336	0.303	0.270	0.259	0.295	0.306	0.359	0.324	0.283	2.156	0.265	0.115	0.190	-16898.314
268	16	500	499	0.5263	0.326	0.272	0.286	0.266	0.276	0.399	0.283	0.320	0.340	0.256	0.330	0.299	0.328	0.262	0.263	0.322	0.271	0.295	0.282	0.318	0.262	0.231	0.291	0.276	0.269	0.232	0.301	0.280	0.304	0.295	1.869	0.386	0.210	0.197	-16624.379
269	16	500	500	0.5167	0.340	0.275	0.288	0.330	0.246	0.258	0.288	0.329	0.256	0.299	0.300	0.337	0.259	0.258	0.305	0.258	0.299	0.313	0.328	0.272	0.259	0.361	0.340	0.303	0.337	0.273	0.307	0.285	0.288	0.327	1.936	0.371	0.200	0.213	-16949.248
270	16	500	500	0.5135	0.254	0.306	0.305	0.290	0.319	0.330	0.309	0.368	0.251	0.288	0.261	0.319	0.282	0.343	0.296	0.303	0.295	0.296	0.362	0.286	0.285	0.331	0.352	0.297	0.303	0.269	0.296	0.343	0.315	0.353	1.929	0.382	0.200	0.197	-17081.319
271	16	500	500	0.5083	0.394	0.296	0.268	0.295	0.283	0.302	0.254	0.365	0.269	0.278	0.301	0.344	0.345	0.265	0.349	0.357	0.316	0.321	0.257	0.286	0.311	0.291	0.281	0.316	0.340	0.344	0.314	0.331	0.306	0.307	2.034	0.298	0.160	0.195	-17117.752
272	16	500	500	0.5413	0.248	0.308	0.342	0.312	0.268	0.257	0.301	0.295	0.269	0.276	0.321	0.270	0.335	0.264	0.341	0.267	0.332	0.309	0.256	0.284	0.352	0.315	0.229	0.225	0.239	0.298	0.343	0.292	0.278	0.350	1.937	0.294	0.143	0.203	-16840.985
273	16	500	499	0.5168	0.347	0.358	0.323	0.305	0.301	0.321	0.311	0.344	0.295	0.286	0.335	0.365	0.350	0.354	0.317	0.326	0.291	0.348	0.277	0.286	0.330	0.356	0.307	0.345	0.237	0.290	0.302	0.298	0.321	0.308	1.986	0.454	0.246	0.181	-17245.098
274	16	500	500	0.5162	0.267	0.279	0.331	0.283	0.276	0.348	0.325	0.273	0.332	0.338	0.306	0.288	0.281	0.343	0.270	0.324	0.321	0.259	0.310	0.265	0.353	0.359	0.270	0.288	0.315	0.246	0.277	0.279	0.282	0.288	1.953	0.424	0.200	0.203	-16833.605
275	16	500	499	0.5417	0.299	0.204	0.252	0.282	0.300	0.303	0.268	0.303	0.305	0.252	0.268	0.313	0.269	0.285	0.259	0.314	0.351	0.272	0.267	0.337	0.353	0.314	0.276	0.262	0.305	0.337	0.283	0.268	0.320	0.240	2.017	0.330	0.150	0.212	-16640.416
276	16	500	499	0.5212	0.266	0.331	0.311	0.288	0.284	0.273	0.300	0.289	0.332	0.332	0.283	0.302	0.305	0.314	0.297	0.285	0.304	0.279	0.292	0.267	0.274	0.296	0.282	0.326	0.289	0.308	0.319	0.296	0.291	0.295	1.867	0.359	0.171	0.201	-16784.372
277	16	500	500	0.5036	0.285	0.237	0.287	0.291	0.226	0.232	0.323	0.312	0.268	0.324	0.336	0.297	0.267	0.347	0.298	0.273	0.251	0.314	0.277	0.253	0.236	0.334	0.305	0.275	0.274	0.322	0.295	0.343	0.289	0.310	1.849	0.403	0.177	0.209	-16665.668
278	16	500	500	0.5062	0.314	0.274	0.269	0.278	0.334	0.267	0.289	0.332	0.238	0.306	0.253	0.282	0.318	0.332	0.253	0.340	0.327	0.366	0.318	0.302	0.314	0.286	0.310	0.271	0.309	0.263	0.336	0.319	0.278	0.285	2.122	0.207	0.088	0.208	-16660.789
279	16	500	500	0.5048	0.292	0.277	0.310	0.244	0.273	0.362	0.293	0.301	0.314	0.293	0.322	0.319	0.372	0.316	0.250	0.269	0.315	0.312	0.301	0.300	0.314	0.261	0.347	0.317	0.284	0.397	0.300	0.395	0.292	0.284	2.100	0.137	0.075	0.198	-16910.668
280	16	500	500	0.5127	0.341	0.301	0.371	0.331	0.303	0.342	0.372	0.315	0.330	0.277	0.368	0.296	0.303	0.368	0.333	0.327	0.365	0.383	0.290	0.318	0.262	0.332	0.276	0.324	0.300	0.339	0.298	0.349	0.296	0.276	2.107	0.316	0.210	0.193	-17490.156
281	16	500	500	0.5172	0.288	0.300	0.292	0.319	0.264	0.254	0.302	0.325	0.275	0.302	0.321	0.299	0.351	0.228	0.281	0.342	0.285	0.269	0.335	0.303	0.331	0.281	0.364	0.310	0.344	0.269	0.278	0.312	0.271	0.302	1.898	0.179	0.094	0.197	-16788.797
282	16	500	500	0.4990	0.287	0.327	0.318	0.238	0.268	0.287	0.279	0.251	0.298	0.329	0.282	0.309	0.278	0.229	0.287	0.258	0.303	0.273	0.305	0.285	0.277	0.309	0.336	0.279	0.276	0.338	0.205	0.349	0.257	0.359	1.905	0.496	0.253	0.200	-16386.366
283	16	500	500	0.5089	0.383	0.297	0.309	0.294	0.301	0.347	0.326	0.356	0.331	0.294	0.253	0.344	0.269	0.246	0.320	0.351	0.281	0.305	0.242	0.307	0.266	0.337	0.306	0.329	0.229	0.291	0.321	0.351	0.303	0.284	1.944	0.203	0.131	0.212	-17232.696
284	16	500	500	0.5140	0.261	0.397	0.240	0.280	0.310	0.284	0.374	0.298	0.324	0.333	0.292	0.278	0.319	0.325	0.277	0.331	0.390	0.276	0.300	0.263	0.258	0.322	0.323	0.254	0.310	0.320	0.303	0.310	0.312	0.308	1.988	0.402	0.211	0.186	-16903.932
285	16	500	500	0.5158	0.291	0.322	0.360	0.287	0.331	0.263	0.220	0.260	0.252	0.343	0.254	0.284	0.275	0.287	0.281	0.304	0.289	0.337	0.312	0.268	0.300	0.230	0.305	0.311	0.347	0.304	0.340	0.271	0.295	0.319	1.838	0.345	0.164	0.198	-16698.492
286	16	500	500	0.5138	0.317	0.327	0.306	0.254	0.332	0.327	0.320	0.354	0.226	0.310	0.294	0.285	0.277	0.309	0.323	0.316	0.271	0.308	0.288	0.303	0.321	0.253	0.316	0.254	0.281	0.247	0.324	0.336	0.317	0.262	1.940	0.258	0.123	0.199	-16851.403
287	16	500	500	0.5147	0.355	0.301	0.370	0.301	0.291	0.368	0.332	0.331	0.257	0.267	0.318	0.266	0.295	0.283	0.311	0.327	0.283	0.285	0.310	0.287	0.274	0.324	0.262	0.268	0.349	0.340	0.336	0.173	0.308	0.314	2.011	0.107	0.054	0.195	-16858.661
288	16	500	500	0.5176	0.294	0.310	0.314	0.307	0.323	0.322	0.364	0.307	0.286	0.323	0.338	0.304	0.252	0.372	0.262	0.338	0.330	0.306	0.366	0.324	0.344	0.288	0.316	0.262	0.301	0.324	0.286	0.346	0.330	0.309	2.058	0.443	0.247	0.219	-17437.685
289	16	500	498	0.5125	0.293	0.411	0.300	0.283	0.270	0.329	0.357	0.275	0.274	0.330	0.247	0.305	0.311	0.269	0.288	0.313	0.295	0.315	0.302	0.353	0.288	0.273	0.266	0.390	0.329	0.299	0.346	0.212	0.320	0.327	2.008	0.195	0.110	0.213	-17066.030
290	16	500	500	0.5225	0.286	0.306	0.312	0.343	0.243	0.257	0.265	0.323	0.321	0.300	0.244	0.310	0.349	0.263	0.365	0.324	0.276	0.232	0.280	0.295	0.307	0.275	0.275	0.330	0.275	0.304	0.279	0.266	0.266	0.310	2.006	0.358	0.176	0.203	-16690.409
291	16	500	500	0.5052	0.347	0.250	0.364	0.279	0.369	0.359	0.307	0.306	0.371	0.308	0.300	0.297	0.355	0.305	0.301	0.281	0.344	0.312	0.317	0.277	0.271	0.300	0.275	0.239	0.301	0.358	0.320	0.303	0.253	0.333	2.052	0.483	0.244	0.200	-17094.645
292	16	500	500	0.5080	0.297	0.314	0.324	0.325	0.282	0.279	0.300	0.244	0.193	0.323	0.277	0.271	0.310	0.301	0.235	0.264	0.348	0.327	0.270	0.261	0.231	0.254	0.276	0.262	0.239	0.317	0.245	0.207	0.284	0.321	2.044	0.262	0.101	0.205	-16108.299
293	16	500	499	0.5123	0.000	0.263	0.333	0.221	0.331	0.277	0.306	0.286	0.327	0.327	0.320	0.307	0.268	0.299	0.267	0.579	0.255	0.307	0.286	0.242	0.346	0.283	0.282	0.372	0.289	0.327	0.299	0.307	0.360	0.300	1.965	0.154	0.074	0.202	-16904.166
294	16	500	500	0.5122	0.299	0.225	0.240	0.270	0.260	0.291	0.205	0.309	0.360	0.288	0.323	0.271	0.245	0.300	0.270	0.253	0.265	0.348	0.287	0.243	0.236	0.308	0.270	0.278	0.245	0.281	0.281	0.350	0.220	0.265	1.967	0.330	0.131	0.197	-16108.887
295	16	500	500	0.5205	0.310	0.327	0.237	0.345	0.288	0.303	0.312	0.238	0.252	0.390	0.297	0.287	0.302	0.311	0.319	0.294	0.238	0.323	0.323	0.281	0.334	0.316	0.307	0.361	0.300	0.329	0.310	0.263	0.301	0.343	1.935	0.418	0.215	0.186	-16891.196
296	16	500	500	0.5041	0.321	0.325	0.277	0.247	0.366	0.283	0.290	0.310	0.347	0.239	0.366	0.338	0.278	0.243	0.343	0.366	0.288	0.272	0.319	0.286	0.333	0.395	0.335	0.267	0.258	0.298	0.266	0.284	0.297	0.319	2.072	0.220	0.130	0.197	-17020.484
297	16	500	500	0.5212	0.279	0.309	0.258	0.275	0.282	0.310	0.278	0.268	0.266	0.286	0.298	0.219	0.276	0.318	0.300	0.251	0.252	0.332	0.392	0.269	0.197	0.287	0.312	0.381	0.369	0.261	0.293	0.260	0.317	0.279	1.846	0.436	0.184	0.207	-16646.857
298	16	500	500	0.5219	0.309	0.382	0.290	0.255	0.322	0.241	0.260	0.325	0.258	0.240	0.261	0.270	0.336	0.300	0.284	0.263	0.318	0.256	0.307	0.325	0.308	0.307	0.299	0.244	0.295	0.302	0.268	0.260	0.289	0.286	2.086	0.287	0.145	0.200	-16513.227
299	16	500	500	0.5239	0.255	0.252	0.279	0.263	0.360	0.332	0.277	0.316	0.316	0.354	0.340	0.264	0.327	0.301	0.327	0.316	0.281	0.287	0.276	0.349	0.305	0.323	0.325	0.303	0.236	0.281	0.288	0.393	0.275	0.285	1.961	0.344	0.194	0.197	-17067.443
300	16	500	500	0.5106	0.270	0.362	0.229	0.253	0.304	0.311	0.290	0.345	0.283	0.276	0.324	0.274	0.345	0.297	0.295	0.251	0.255	0.264	0.299	0.321	0.376	0.338	0.293	0.309	0.298	0.317	0.275	0.311	0.241	0.312	1.968	0.363	0.176	0.200	-16792.849
301	16	500	498	0.5093	0.290	0.263	0.280	0.308	0.287	0.320	0.323	0.270	0.328	0.335	0.332	0.301	0.282	0.324	0.326	0.342	0.364	0.269	0.323	0.275	0.342	0.329	0.273	0.193	0.312	0.321	0.299	0.343	0.318	0.256	1.985	0.171	0.091	0.196	-16927.555
302	16	500	500	0.5133	0.333	0.352	0.228	0.249	0.267	0.387	0.277	0.314	0.278	0.309	0.312	0.295	0.373	0.240	0.293	0.296	0.236	0.272	0.307	0.306	0.363	0.297	0.280	0.313	0.240	0.297	0.302	0.306	0.308	0.289	1.920	0.357	0.187	0.191	-16739.135
303	16	500	500	0.5177	0.314	0.352	0.278	0.339	0.286	0.326	0.355	0.302	0.356	0.271	0.296	0.331	0.370	0.281	0.303	0.324	0.300	0.391	0.324	0.326	0.356	0.247	0.292	0.303	0.332	0.307	0.330	0.299	0.273	0.314	1.940	0.359	0.243	0.211	-17460.767
304	16	500	500	0.5182	0.402	0.366	0.409	0.260	0.357	0.340	0.309	0.319	0.308	0.347	0.264	0.287	0.394	0.316	0.269	0.313	0.244	0.272	0.264	0.329	0.245	0.279	0.323	0.300	0.292	0.356	0.300	0.291	0.324	0.296	2.049	0.221	0.108	0.199	-16977.446
305	16	500	500	0.5035	0.293	0.265	0.317	0.306	0.292	0.258	0.356	0.266	0.344	0.315	0.349	0.256	0.283	0.299	0.344	0.280	0.303	0.283	0.304	0.295	0.307	0.305	0.360	0.400	0.335	0.292	0.262	0.188	0.328	0.328	1.993	0.466	0.248	0.204	-16982.039
306	16	500	498	0.5100	0.256	0.333	0.297	0.279	0.299	0.267	0.332	0.344	0.239	0.364	0.235	0.295	0.277	0.320	0.263	0.314	0.248	0.283	0.300	0.277	0.333	0.328	0.235	0.334	0.285	0.294	0.267	0.299	0.325	0.293	2.088	0.430	0.191	0.188	-16333.598
307	16	500	500	0.5173	0.312	0.324	0.316	0.256	0.302	0.279	0.289	0.329	0.240	0.292	0.335	0.330	0.237	0.311	0.300	0.330	0.377	0.285	0.272	0.284	0.313	0.325	0.256	0.239	0.254	0.313	0.308	0.326	0.322	0.298	1.961	0.187	0.081	0.204	-16807.799
308	16	500	500	0.5065	0.288	0.335	0.352	0.302	0.374	0.314	0.304	0.304	0.331	0.300	0.350	0.275	0.343	0.315	0.295	0.305	0.297	0.314	0.301	0.332	0.306	0.331	0.299	0.440	0.328	0.265	0.326	0.318	0.335	0.287	1.992	0.377	0.223	0.208	-17436.257
309	16	500	500	0.5186	0.294	0.270	0.378	0.295	0.270	0.298	0.255	0.321	0.270	0.250	0.305	0.325	0.287	0.337	0.281	0.288	0.384	0.283	0.323	0.290	0.290	0.304	0.214	0.210	0.293	0.242	0.317	0.299	0.331	0.355	1.992	0.316	0.141	0.219	-16769.038
310	16	500	500	0.5156	0.289	0.264	0.234	0.304	0.275	0.333	0.320	0.271	0.330	0.353	0.276	0.305	0.287	0.354	0.296	0.276	0.298	0.323	0.298	0.289	0.306	0.312	0.263	0.349	0.362	0.244	0.338	0.224	0.268	0.328	1.910	0.242	0.138	0.195	-16961.703
311	16	500	499	0.5140	0.361	0.397	0.296	0.270	0.268	0.384	0.246	0.288	0.257	0.246	0.257	0.356	0.342	0.284	0.288	0.311	0.314	0.296	0.265	0.315	0.335	0.348	0.306	0.315	0.301	0.317	0.341	0.351	0.291	0.319	1.936	0.300	0.168	0.196	-17055.413
312	16	500	500	0.5156	0.302	0.279	0.317	0.267	0.299	0.325	0.280	0.293	0.335	0.327	0.284	0.311	0.293	0.269	0.368	0.309	0.288	0.318	0.326	0.245	0.356	0.286	0.245	0.339	0.362	0.259	0.277	0.238	0.304	0.368	2.067	0.293	0.151	0.206	-16843.903
313	16	500	500	0.5108	0.320	0.342	0.367	0.304	0.295	0.278	0.346	0.280	0.318	0.322	0.272	0.290	0.318	0.340	0.290	0.283	0.401	0.323	0.349	0.268	0.299	0.331	0.260	0.330	0.294	0.304	0.321	0.296	0.307	0.336	2.068	0.256	0.136	0.220	-17273.993
314	16	500	500	0.5066	0.374	0.342	0.262	0.260	0.295	0.284	0.319	0.304	0.330	0.318	0.284	0.343	0.273	0.310	0.250	0.291	0.386	0.344	0.289	0.312	0.273	0.300	0.352	0.340	0.383	0.328	0.297	0.291	0.280	0.386	2.023	0.317	0.168	0.206	-17244.560
315	16	500	499	0.5150	0.305	0.376	0.296	0.284	0.308	0.349	0.282	0.306	0.268	0.322	0.252	0.321	0.278	0.347	0.292	0.279	0.367	0.292	0.309	0.306	0.335	0.332	0.297	0.309	0.310	0.333	0.237	0.259	0.342	0.294	2.013	0.341	0.195	0.202	-17144.927
316	16	500	500	0.5258	0.240	0.257	0.270	0.301	0.349	0.326	0.314	0.304	0.334	0.312	0.294	0.284	0.231	0.359	0.347	0.311	0.290	0.273	0.266	0.318	0.277	0.314	0.335	0.332	0.267	0.301	0.300	0.328	0.357	0.257	1.938	0.289	0.164	0.202	-17083.405
317	16	500	500	0.5220	0.340	0.257	0.307	0.302	0.256	0.338	0.328	0.262	0.258	0.228	0.273	0.314	0.350	0.305	0.228	0.257	0.276	0.357	0.301	0.222	0.263	0.307	0.294	0.260	0.305	0.315	0.278	0.374	0.306	0.303	1.951	0.260	0.120	0.203	-16652.921
318	16	500	500	0.5096	0.331	0.307	0.277	0.278	0.290	0.343	0.290	0.286	0.289	0.289	0.274	0.268	0.303	0.272	0.270	0.284	0.278	0.355	0.241	0.341	0.286	0.318	0.314	0.240	0.379	0.250	0.320	0.260	0.324	0.351	1.982	0.279	0.143	0.179	-16685.713
319	16	500	500	0.5001	0.295	0.234	0.343	0.303	0.304	0.292	0.284	0.277	0.310	0.245	0.347	0.306	0.319	0.307	0.274	0.313	0.276	0.323	0.296	0.309	0.248	0.321	0.275	0.276	0.343	0.252	0.255	0.262	0.314	0.295	2.059	0.362	0.180	0.210	-16665.238
320	16	500	499	0.5099	0.308	0.291	0.296	0.331	0.291	0.285	0.356	0.275	0.339	0.253	0.287	0.359	0.332	0.316	0.231	0.289	0.302	0.328	0.266	0.269	0.341	0.284	0.294	0.267	0.245	0.320	0.273	0.308	0.309	0.317	1.921	0.422	0.233	0.196	-16944.868
321	16	500	500	0.5103	0.232	0.362	0.306	0.319	0.270	0.279	0.287	0.251	0.289	0.258	0.272	0.360	0.352	0.322	0.261	0.251	0.291	0.275	0.277	0.337	0.312	0.303	0.294	0.334	0.251	0.368	0.249	0.366	0.307	0.332	1.947	0.342	0.159	0.205	-16843.896
322	16	500	500	0.5042	0.287	0.245	0.212	0.325	0.257	0.281	0.265	0.293	0.321	0.308	0.316	0.250	0.293	0.280	0.316	0.275	0.229	0.312	0.242	0.309	0.250	0.262	0.279	0.324	0.347	0.292	0.313	0.354	0.269	0.257	2.037	0.340	0.166	0.201	-16374.827
323	16	500	500	0.5062	0.264	0.348	0.259	0.272	0.358	0.283	0.348	0.266	0.289	0.265	0.291	0.308	0.324	0.282	0.295	0.314	0.213	0.278	0.296	0.247	0.268	0.293	0.303	0.312	0.320	0.282	0.296	0.274	0.265	0.255	2.115	0.422	0.183	0.200	-16378.947
324	16	500	500	0.5078	0.214	0.327	0.305	0.329	0.254	0.335	0.338	0.315	0.383	0.278	0.277	0.321	0.312	0.258	0.308	0.274	0.352	0.308	0.271	0.366	0.325	0.314	0.306	0.231	0.346	0.284	0.308	0.351	0.339	0.329	1.974	0.418	0.192	0.198	-17069.203
325	16	500	500	0.4953	0.244	0.301	0.294	0.275	0.275	0.279	0.252	0.317	0.316	0.296	0.300	0.257	0.330	0.314	0.272	0.281	0.282	0.292	0.296	0.290	0.244	0.309	0.266	0.326	0.327	0.339	0.339	0.325	0.270	0.295	1.997	0.379	0.166	0.206	-16520.204
326	16	500	500	0.5179	0.276	0.321	0.252	0.337	0.262	0.296	0.312	0.306	0.264	0.317	0.301	0.310	0.279	0.277	0.304	0.272	0.325	0.278	0.353	0.250	0.295	0.285	0.294	0.352	0.273	0.261	0.309	0.336	0.239	0.357	1.943	0.258	0.106	0.196	-16692.420
327	16	500	500	0.5150	0.304	0.323	0.346	0.295	0.258	0.284	0.292	0.344	0.301	0.224	0.375	0.283	0.249	0.283	0.355	0.237	0.264	0.304	0.269	0.309	0.292	0.290	0.258	0.279	0.275	0.329	0.313	0.283	0.309	0.321	1.908	0.314	0.138	0.209	-16856.607
328	16	500	500	0.5091	0.304	0.312	0.257	0.349	0.299	0.267	0.289	0.294	0.306	0.318	0.362	0.292	0.253	0.283	0.340	0.288	0.267	0.338	0.289	0.317	0.307	0.284	0.325	0.300	0.264	0.257	0.272	0.268	0.314	0.293	2.135	0.327	0.157	0.210	-16693.429
329	16	500	499	0.5179	0.248	0.295	0.272	0.309	0.285	0.325	0.231	0.338	0.239	0.267	0.286	0.233	0.228	0.299	0.301	0.233	0.280	0.312	0.276	0.294	0.358	0.338	0.266	0.355	0.378	0.293	0.300	0.269	0.275	0.294	1.891	0.297	0.130	0.200	-16594.615
330	16	500	500	0.5063	0.335	0.281	0.264	0.245	0.310	0.259	0.293	0.270	0.297	0.291	0.289	0.283	0.217	0.296	0.317	0.291	0.249	0.246	0.299	0.303	0.286	0.287	0.283	0.335	0.222	0.318	0.309	0.290	0.297	0.223	2.035	0.374	0.149	0.209	-16229.436
331	16	500	500	0.5206	0.272	0.287	0.260	0.286	0.239	0.348	0.296	0.325	0.269	0.355	0.303	0.375	0.296	0.300	0.328	0.313	0.356	0.279	0.299	0.289	0.328	0.316	0.293	0.293	0.289	0.279	0.358	0.297	0.301	0.313	1.987	0.193	0.110	0.202	-17240.763
332	16	500	499	0.5048	0.315	0.171	0.274	0.239	0.256	0.300	0.324	0.286	0.369	0.340	0.301	0.274	0.236	0.329	0.303	0.345	0.291	0.259	0.272	0.324	0.280	0.305	0.238	0.250	0.319	0.240	0.342	0.344	0.288	0.371	1.980	0.408	0.208	0.193	-16529.000
333	16	500	499	0.5021	0.296	0.281	0.283	0.224	0.265	0.237	0.281	0.261	0.265	0.283	0.271	0.343	0.346	0.252	0.341	0.267	0.276	0.324	0.335	0.287	0.309	0.273	0.299	0.214	0.295	0.318	0.271	0.383	0.295	0.283	1.910	0.331	0.133	0.202	-16362.123
334	16	500	500	0.5190	0.252	0.309	0.312	0.312	0.298	0.354	0.340	0.277	0.422	0.386	0.342	0.277	0.267	0.284	0.285	0.244	0.283	0.283	0.292	0.364	0.274	0.307	0.301	0.304	0.384	0.260	0.369	0.267	0.303	0.303	2.043	0.245	0.137	0.188	-17059.938
335	16	500	499	0.5223	0.349	0.327	0.304	0.254	0.307	0.280	0.291	0.324	0.321	0.284	0.347	0.290	0.281	0.336	0.257	0.334	0.298	0.326	0.352	0.312	0.339	0.254	0.322	0.287	0.268	0.278	0.336	0.344	0.280	0.314	2.033	0.349	0.169	0.196	-16914.596
336	16	500	498	0.5147	0.315	0.374	0.277	0.266	0.285	0.314	0.365	0.331	0.220	0.325	0.281	0.317	0.295	0.305	0.255	0.274	0.312	0.347	0.252	0.374	0.253	0.254	0.307	0.274	0.232	0.333	0.337	0.313	0.283	0.327	1.923	0.214	0.106	0.196	-16740.689
337	16	500	500	0.5237	0.230	0.293	0.276	0.277	0.325	0.274	0.317	0.338	0.380	0.241	0.290	0.262	0.361	0.333	0.260	0.285	0.275	0.312	0.262	0.305	0.253	0.331	0.344	0.350	0.265	0.244	0.306	0.298	0.347	0.342	2.008	0.217	0.124	0.205	-17044.570
338	16	500	500	0.5304	0.267	0.301	0.287	0.263	0.332	0.301	0.319	0.295	0.278	0.321	0.280	0.286	0.278	0.349	0.306	0.311	0.305	0.345	0.265	0.332	0.296	0.308	0.248	0.362	0.340	0.225	0.319	0.332	0.313	0.312	2.012	0.346	0.199	0.195	-17078.948
339	16	500	500	0.5272	0.405	0.338	0.353	0.314	0.320	0.307	0.333	0.281	0.350	0.325	0.276	0.298	0.301	0.322	0.307	0.335	0.287	0.346	0.342	0.329	0.295	0.343	0.313	0.263	0.310	0.293	0.300	0.345	0.301	0.267	1.834	0.099	0.059	0.190	-17412.005
340	16	500	500	0.5157	0.249	0.271	0.214	0.269	0.308	0.285	0.310	0.297	0.310	0.352	0.242	0.269	0.327	0.281	0.293	0.277	0.282	0.373	0.318	0.287	0.285	0.263	0.282	0.281	0.377	0.298	0.256	0.295	0.269	0.354	1.989	0.382	0.178	0.203	-16528.443
341	16	500	499	0.5095	0.266	0.305	0.275	0.304	0.307	0.304	0.338	0.349	0.365	0.267	0.293	0.360	0.303	0.318	0.291	0.306	0.319	0.322	0.226	0.345	0.303	0.385	0.285	0.301	0.323	0.294	0.325	0.301	0.323	0.329	1.922	0.387	0.233	0.177	-17133.354
342	16	500	500	0.4968	0.246	0.316	0.345	0.298	0.291	0.255	0.337	0.299	0.284	0.334	0.368	0.258	0.322	0.278	0.330	0.294	0.253	0.343	0.304	0.282	0.302	0.334	0.334	0.321	0.296	0.280	0.337	0.332	0.300	0.290	1.955	0.283	0.151	0.184	-16890.004
343	16	500	500	0.5063	0.317	0.236	0.329	0.262	0.285	0.309	0.363	0.303	0.284	0.394	0.294	0.260	0.335	0.349	0.260	0.291	0.236	0.290	0.345	0.287	0.216	0.283	0.291	0.336	0.279	0.257	0.294	0.357	0.260	0.312	1.995	0.362	0.170	0.200	-16679.474
344	16	500	500	0.5173	0.237	0.292	0.294	0.305	0.291	0.297	0.312	0.290	0.299	0.314	0.287	0.281	0.298	0.306	0.296	0.252	0.244	0.264	0.359	0.281	0.355	0.253	0.269	0.353	0.250	0.290	0.294	0.252	0.271	0.297	2.036	0.365	0.167	0.217	-16696.464
345	16	500	499	0.5193	0.257	0.236	0.308	0.272	0.292	0.376	0.308	0.269	0.378	0.318	0.338	0.314	0.251	0.330	0.289	0.283	0.239	0.322	0.255	0.358	0.282	0.348	0.266	0.302	0.296	0.304	0.348	0.320	0.278	0.347	1.965	0.280	0.143	0.214	-17062.237
346	16	500	500	0.5110	0.317	0.267	0.218	0.273	0.289	0.300	0.294	0.296	0.317	0.320	0.357	0.286	0.259	0.292	0.267	0.322	0.289	0.270	0.327	0.256	0.343	0.259	0.268	0.326	0.319	0.231	0.275	0.293	0.319	0.275	1.904	0.449	0.212	0.199	-16464.877
347	16	500	500	0.5143	0.299	0.325	0.288	0.299	0.267	0.276	0.299	0.290	0.348	0.335	0.272	0.317	0.266	0.285	0.306	0.251	0.270	0.271	0.329	0.279	0.248	0.290	0.303	0.311	0.316	0.310	0.298	0.286	0.325	0.297	1.932	0.346	0.165	0.218	-16820.068
348	16	500	500	0.4971	0.220	0.302	0.349	0.335	0.299	0.210	0.337	0.358	0.266	0.288	0.296	0.297	0.337	0.346	0.358	0.288	0.236	0.346	0.324	0.310	0.263	0.354	0.269	0.343	0.266	0.322	0.347	0.219	0.355	0.280	1.943	0.339	0.158	0.204	-17040.278
349	16	500	500	0.5161	0.274	0.246	0.289	0.253	0.291	0.318	0.264	0.339	0.349	0.277	0.278	0.275	0.334	0.296	0.300	0.306	0.311	0.303	0.249	0.352	0.283	0.293	0.275	0.337	0.268	0.322	0.323	0.355	0.284	0.315	1.928	0.361	0.161	0.225	-16969.761
350	16	500	500	0.5117	0.217	0.344	0.312	0.308	0.266	0.256	0.290	0.310	0.287	0.315	0.339	0.274	0.314	0.280	0.300	0.299	0.289	0.293	0.270	0.332	0.328	0.310	0.271	0.284	0.309	0.310	0.289	0.265	0.258	0.303	1.953	0.192	0.093	0.185	-16610.891
351	16	500	500	0.4936	0.415	0.335	0.344	0.284	0.323	0.348	0.303	0.312	0.261	0.308	0.296	0.281	0.323	0.287	0.307	0.164	0.340	0.326	0.354	0.297	0.318	0.351	0.245	0.251	0.306	0.307	0.298	0.288	0.323	0.290	2.124	0.142	0.078	0.200	-16963.273
352	16	500	500	0.5308	0.331	0.271	0.332	0.248	0.323	0.317	0.274	0.252	0.321	0.309	0.359	0.238	0.249	0.305	0.273	0.294	0.309	0.242	0.363	0.367	0.226	0.285	0.301	0.313	0.270	0.256	0.283	0.348	0.309	0.228	1.965	0.333	0.176	0.192	-16640.538
353	16	500	500	0.5129	0.276	0.274	0.323	0.288	0.336	0.339	0.257	0.270	0.377	0.353	0.283	0.295	0.337	0.317	0.255	0.281	0.259	0.371	0.292	0.272	0.334	0.292	0.287	0.313	0.371	0.263	0.252	0.292	0.330	0.282	1.965	0.344	0.151	0.203	-16871.551
354	16	500	500	0.5199	0.275	0.323	0.348	0.253	0.351	0.240	0.265	0.292	0.348	0.228	0.308	0.325	0.342	0.286	0.275	0.348	0.340	0.281	0.351	0.302	0.263	0.326	0.337	0.255	0.318	0.356	0.291	0.325	0.288	0.277	1.957	0.329	0.150	0.192	-16858.341
355	16	500	498	0.5158	0.364	0.332	0.330	0.238	0.288	0.384	0.409	0.321	0.347	0.287	0.368	0.313	0.339	0.312	0.282	0.320	0.297	0.275	0.349	0.318	0.262	0.318	0.332	0.329	0.306	0.275	0.395	0.259	0.301	0.312	2.012	0.356	0.213	0.191	-17318.558
356	16	500	500	0.5260	0.231	0.391	0.328	0.277	0.290	0.263	0.342	0.275	0.346	0.280	0.355	0.298	0.276	0.298	0.331	0.420	0.236	0.356	0.255	0.294	0.340	0.322	0.320	0.330	0.347	0.317	0.291	0.243	0.307	0.269	2.078	0.197	0.104	0.206	-17043.468
357	16	500	500	0.5330	0.298	0.326	0.412	0.275	0.341	0.285	0.321	0.263	0.255	0.315	0.368	0.283	0.337	0.308	0.305	0.350	0.337	0.265	0.294	0.340	0.328	0.312	0.272	0.295	0.226	0.323	0.290	0.285	0.355	0.317	1.927	0.364	0.176	0.215	-17246.516
358	16	500	500	0.5239	0.334	0.234	0.272	0.243	0.367	0.290	0.309	0.300	0.262	0.329	0.286	0.283	0.255	0.280	0.295	0.307	0.301	0.310	0.300	0.324	0.219	0.307	0.306	0.272	0.311	0.343	0.265	0.309	0.273	0.312	2.074	0.029	0.014	0.219	-16873.134
359	16	500	500	0.5244	0.261	0.292	0.262	0.262	0.276	0.316	0.337	0.294	0.270	0.314	0.311	0.274	0.333	0.228	0.267	0.244	0.311	0.341	0.285	0.303	0.332	0.250	0.341	0.263	0.310	0.285	0.306	0.305	0.342	0.266	1.991	0.320	0.135	0.206	-16620.981
360	16	500	500	0.5335	0.268	0.363	0.326	0.305	0.266	0.278	0.310	0.282	0.241	0.372	0.316	0.310	0.318	0.330	0.308	0.208	0.386	0.303	0.332	0.327	0.273	0.323	0.346	0.222	0.337	0.308	0.305	0.237	0.273	0.319	1.927	0.288	0.144	0.190	-17020.851
361	16	500	500	0.5134	0.285	0.258	0.326	0.293	0.260	0.284	0.334	0.250	0.293	0.347	0.268	0.373	0.239	0.310	0.322	0.273	0.331	0.237	0.333	0.254	0.254	0.308	0.354	0.362	0.284	0.311	0.310	0.309	0.283	0.308	1.878	0.190	0.087	0.210	-16969.630
362	16	500	500	0.5129	0.285	0.248	0.313	0.262	0.257	0.237	0.334	0.268	0.297	0.250	0.353	0.262	0.314	0.283	0.325	0.296	0.332	0.292	0.282	0.341	0.291	0.296	0.333	0.261	0.264	0.280	0.323	0.283	0.363	0.350	1.912	0.413	0.181	0.202	-16719.624
363	16	500	500	0.5181	0.280	0.383	0.261	0.256	0.341	0.245	0.321	0.307	0.308	0.295	0.298	0.306	0.291	0.293	0.258	0.309	0.263	0.313	0.336	0.251	0.360	0.257	0.271	0.377	0.317	0.282	0.262	0.296	0.305	0.290	2.004	0.294	0.131	0.196	-16608.454
364	16	500	500	0.5120	0.352	0.277	0.304	0.346	0.315	0.307	0.343	0.301	0.301	0.225	0.256	0.352	0.295	0.354	0.311	0.345	0.233	0.353	0.284	0.308	0.325	0.335	0.319	0.297	0.338	0.353	0.324	0.318	0.316	0.292	2.037	0.329	0.207	0.188	-17206.692
365	16	500	499	0.5062	0.250	0.255	0.278	0.265	0.304	0.275	0.343	0.383	0.267	0.340	0.230	0.346	0.317	0.275	0.282	0.293	0.401	0.289	0.296	0.279	0.306	0.325	0.300	0.288	0.308	0.303	0.324	0.289	0.299	0.235	1.892	0.336	0.187	0.188	-16787.847
366	16	500	500	0.5084	0.321	0.353	0.394	0.289	0.327	0.258	0.324	0.362	0.280	0.399	0.272	0.317	0.345	0.324	0.328	0.302	0.312	0.339	0.344	0.263	0.277	0.304	0.321	0.261	0.290	0.295	0.314	0.333	0.305	0.307	2.066	0.381	0.215	0.191	-17213.340
367	16	500	500	0.5138	0.326	0.343	0.243	0.286	0.283	0.274	0.267	0.354	0.292	0.308	0.270	0.300	0.311	0.314	0.311	0.288	0.307	0.320	0.244	0.298	0.290	0.301	0.369	0.324	0.306	0.231	0.290	0.326	0.306	0.272	1.992	0.309	0.161	0.200	-16781.114
368	16	500	500	0.5106	0.366	0.232	0.359	0.248	0.296	0.328	0.298	0.297	0.329	0.284	0.300	0.309	0.273	0.281	0.338	0.267	0.306	0.313	0.290	0.296	0.290	0.320	0.263	0.332	0.332	0.302	0.278	0.269	0.263	0.305	2.110	0.328	0.165	0.193	-16622.290
369	16	500	500	0.5156	0.248	0.284	0.339	0.298	0.288	0.321	0.264	0.257	0.277	0.321	0.292	0.329	0.321	0.293	0.363	0.275	0.322	0.171	0.312	0.317	0.297	0.305	0.314	0.267	0.327	0.280	0.293	0.340	0.307	0.358	2.001	0.270	0.129	0.220	-16965.439
370	16	500	500	0.5161	0.308	0.270	0.268	0.290	0.297	0.269	0.329	0.321	0.362	0.250	0.272	0.367	0.335	0.245	0.344	0.325	0.280	0.276	0.299	0.274	0.283	0.345	0.301	0.359	0.270	0.336	0.331	0.271	0.295	0.380	1.946	0.346	0.190	0.187	-16922.251
371	16	500	500	0.5231	0.283	0.313	0.349	0.240	0.269	0.241	0.310	0.306	0.331	0.290	0.338	0.261	0.249	0.362	0.267	0.279	0.223	0.272	0.316	0.276	0.263	0.301	0.287	0.284	0.226	0.362	0.255	0.268	0.288	0.290	1.994	0.243	0.107	0.195	-16437.752
372	16	500	500	0.4949	0.301	0.304	0.253	0.373	0.293	0.311	0.227	0.275	0.249	0.305	0.335	0.295	0.292	0.338	0.302	0.265	0.299	0.236	0.324	0.347	0.299	0.320	0.321	0.296	0.298	0.322	0.259	0.272	0.332	0.325	2.062	0.249	0.109	0.187	-16686.894
373	16	500	499	0.5132	0.313	0.250	0.223	0.291	0.310	0.326	0.277	0.301	0.316	0.311	0.219	0.299	0.309	0.288	0.269	0.298	0.288	0.313	0.321	0.277	0.304	0.302	0.335	0.337	0.352	0.358	0.276	0.272	0.288	0.342	2.034	0.320	0.152	0.217	-16822.473
374	16	500	500	0.5170	0.346	0.305	0.268	0.297	0.327	0.295	0.258	0.387	0.295	0.298	0.307	0.308	0.265	0.351	0.356	0.397	0.261	0.252	0.306	0.317	0.264	0.332	0.336	0.307	0.371	0.287	0.291	0.323	0.308	0.302	1.943	0.357	0.185	0.206	-17240.163
375	16	500	500	0.5187	0.340	0.295	0.402	0.287	0.289	0.266	0.294	0.306	0.354	0.292	0.299	0.332	0.257	0.297	0.320	0.344	0.315	0.376	0.292	0.302	0.331	0.362	0.292	0.281	0.314	0.292	0.285	0.330	0.299	0.334	1.936	0.350	0.192	0.209	-17183.917
376	16	500	499	0.5257	0.327	0.269	0.310	0.332	0.283	0.317	0.272	0.269	0.320	0.317	0.359	0.282	0.281	0.295	0.281	0.307	0.263	0.360	0.230	0.356	0.286	0.302	0.278	0.357	0.346	0.362	0.301	0.260	0.290	0.263	1.999	0.290	0.138	0.189	-16779.794
377	16	500	499	0.5076	0.253	0.306	0.269	0.224	0.309	0.345	0.305	0.288	0.305	0.329	0.333	0.279	0.244	0.315	0.262	0.309	0.338	0.354	0.269	0.305	0.283	0.312	0.272	0.264	0.319	0.280	0.276	0.315	0.217	0.277	1.974	0.349	0.196	0.209	-16674.444
378	16	500	500	0.5259	0.323	0.291	0.344	0.269	0.286	0.293	0.383	0.289	0.385	0.288	0.357	0.264	0.294	0.265	0.331	0.332	0.293	0.358	0.356	0.295	0.273	0.302	0.282	0.249	0.259	0.322	0.297	0.313	0.326	0.298	1.991	0.000	0.000	0.203	-17214.415
379	16	500	500	0.5162	0.294	0.327	0.303	0.270	0.318	0.289	0.261	0.321	0.280	0.284	0.323	0.332	0.283	0.299	0.231	0.296	0.275	0.244	0.365	0.310	0.258	0.278	0.305	0.249	0.283	0.230	0.329	0.320	0.275	0.347	2.022	0.265	0.123	0.202	-16656.473
380	16	500	500	0.4990	0.258	0.388	0.345	0.320	0.286	0.302	0.309	0.336	0.329	0.391	0.332	0.279	0.349	0.315	0.345	0.342	0.320	0.242	0.331	0.322	0.247	0.336	0.307	0.263	0.281	0.294	0.290	0.280	0.281	0.255	1.984	0.319	0.180	0.204	-17120.654
381	16	500	500	0.4999	0.293	0.305	0.315	0.314	0.295	0.299	0.331	0.318	0.262	0.209	0.271	0.283	0.314	0.278	0.319	0.350	0.314	0.293	0.211	0.368	0.297	0.278	0.282	0.280	0.271	0.295	0.249	0.280	0.297	0.331	2.024	0.286	0.136	0.200	-16550.951
382	16	500	500	0.5190	0.367	0.263	0.282	0.282	0.279	0.287	0.286	0.289	0.334	0.338	0.329	0.237	0.252	0.306	0.320	0.346	0.284	0.305	0.276	0.337	0.257	0.296	0.255	0.269	0.234	0.312	0.291	0.264	0.303	0.246	1.956	0.303	0.137	0.195	-16632.763
383	16	500	499	0.5107	0.307	0.334	0.263	0.262	0.294	0.295	0.288	0.282	0.275	0.298	0.313	0.308	0.331	0.299	0.276	0.291	0.290	0.350	0.287	0.289	0.289	0.263	0.295	0.261	0.286	0.293	0.274	0.215	0.284	0.262	2.046	0.317	0.157	0.198	-16463.956
384	16	500	500	0.5175	0.298	0.297	0.368	0.274	0.306	0.274	0.262	0.300	0.273	0.242	0.300	0.292	0.340	0.280	0.262	0.344	0.335	0.286	0.303	0.287	0.284	0.307	0.343	0.340	0.274	0.250	0.279	0.314	0.355	0.261	1.872	0.333	0.160	0.187	-16636.477
385	16	500	500	0.5142	0.307	0.314	0.291	0.279	0.274	0.214	0.309	0.309	0.287	0.265	0.280	0.270	0.338	0.335	0.250	0.311	0.295	0.403	0.246	0.311	0.380	0.296	0.253	0.310	0.296	0.336	0.231	0.266	0.261	0.293	1.994	0.439	0.227	0.204	-16747.574
386	16	500	500	0.4912	0.371	0.336	0.339	0.323	0.292	0.284	0.268	0.351	0.299	0.345	0.254	0.336	0.278	0.339	0.293	0.363	0.366	0.300	0.326	0.341	0.250	0.279	0.314	0.313	0.270	0.239	0.342	0.310	0.266	0.321	1.948	0.265	0.137	0.190	-16926.101
387	16	500	500	0.5041	0.389	0.227	0.303	0.273	0.305	0.314	0.289	0.290	0.272	0.237	0.373	0.311	0.342	0.332	0.421	0.350	0.298	0.248	0.332	0.329	0.334	0.292	0.319	0.268	0.306	0.311	0.294	0.374	0.341	0.238	1.930	0.201	0.106	0.187	-17112.370
388	16	500	500	0.5165	0.269	0.306	0.261	0.323	0.248	0.332	0.318	0.312	0.312	0.375	0.328	0.278	0.293	0.274	0.316	0.302	0.242	0.349	0.261	0.268	0.320	0.363	0.268	0.328	0.283	0.300	0.247	0.343	0.274	0.311	1.773	0.339	0.157	0.196	-16834.184
389	16	500	500	0.4989	0.283	0.250	0.297	0.224	0.276	0.324	0.284	0.280	0.318	0.314	0.308	0.320	0.248	0.256	0.281	0.278	0.300	0.284	0.266	0.308	0.334	0.256	0.235	0.294	0.272	0.248	0.282	0.308	0.332	0.270	1.909	0.489	0.212	0.226	-16467.458
390	16	500	500	0.5150	0.315	0.324	0.330	0.273	0.334	0.293	0.286	0.256	0.233	0.278	0.293	0.267	0.268	0.310	0.329	0.388	0.476	0.294	0.267	0.328	0.389	0.261	0.307	0.206	0.319	0.352	0.282	0.303	0.303	0.250	2.016	0.408	0.218	0.192	-16848.634
391	16	500	500	0.5059	0.285	0.232	0.343	0.249	0.286	0.272	0.287	0.246	0.309	0.217	0.293	0.280	0.256	0.302	0.289	0.283	0.214	0.275	0.283	0.233	0.288	0.298	0.264	0.279	0.291	0.277	0.293	0.267	0.284	0.329	1.952	0.387	0.180	0.206	-16237.945
392	16	500	500	0.5100	0.324	0.280	0.330	0.222	0.325	0.349	0.235	0.324	0.316	0.312	0.306	0.316	0.286	0.315	0.304	0.232	0.304	0.220	0.312	0.319	0.290	0.317	0.280	0.340	0.353	0.292	0.324	0.286	0.234	0.284	2.134	0.265	0.134	0.192	-16631.483
393	16	500	500	0.5028	0.320	0.312	0.274	0.283	0.251	0.266	0.305	0.238	0.244	0.313	0.299	0.291	0.284	0.304	0.275	0.296	0.335	0.330	0.253	0.309	0.248	0.338	0.342	0.286	0.337	0.329	0.351	0.289	0.270	0.349	2.020	0.213	0.099	0.202	-16730.629
394	16	500	500	0.5213	0.298	0.279	0.284	0.296	0.266	0.245	0.335	0.325	0.299	0.233	0.336	0.245	0.339	0.292	0.351	0.290	0.296	0.225	0.275	0.290	0.309	0.305	0.317	0.360	0.241	0.312	0.286	0.316	0.288	0.324	2.011	0.273	0.136	0.199	-16734.374
395	16	500	500	0.5239	0.263	0.283	0.275	0.258	0.299	0.284	0.311	0.279	0.350	0.266	0.257	0.278	0.281	0.305	0.322	0.247	0.314	0.231	0.254	0.279	0.323	0.323	0.270	0.422	0.220	0.271	0.291	0.286	0.275	0.339	1.948	0.225	0.118	0.200	-16633.294
396	16	500	500	0.5294	0.276	0.414	0.299	0.281	0.310	0.346	0.299	0.254	0.279	0.251	0.255	0.294	0.235	0.284	0.313	0.340	0.268	0.219	0.291	0.295	0.276	0.332	0.276	0.314	0.231	0.278	0.250	0.388	0.299	0.341	1.963	0.447	0.198	0.196	-16516.964
397	16	500	500	0.5294	0.317	0.352	0.236	0.299	0.299	0.302	0.282	0.271	0.269	0.239	0.253	0.285	0.308	0.255	0.274	0.320	0.228	0.283	0.262	0.354	0.272	0.301	0.302	0.239	0.337	0.272	0.238	0.312	0.276	0.343	2.033	0.286	0.123	0.200	-16332.074
398	16	500	499	0.5258	0.255	0.249	0.392	0.295	0.343	0.323	0.345	0.366	0.290	0.293	0.318	0.314	0.302	0.253	0.327	0.325	0.304	0.233	0.275	0.348	0.320	0.300	0.340	0.357	0.241	0.288	0.320	0.352	0.304	0.351	2.004	0.241	0.151	0.198	-17329.038
399	16	500	500	0.5081	0.302	0.330	0.350	0.311	0.311	0.240	0.308	0.294	0.280	0.345	0.217	0.275	0.276	0.364	0.321	0.338	0.254	0.293	0.270	0.308	0.247	0.344	0.301	0.266	0.326	0.286	0.279	0.287	0.298	0.321	1.942	0.316	0.148	0.209	-16820.564
400	16	500	500	0.5191	0.276	0.359	0.351	0.291	0.340	0.347	0.345	0.290	0.312	0.333	0.277	0.313	0.282	0.280	0.328	0.290	0.378	0.342	0.303	0.294	0.336	0.316	0.291	0.283	0.260	0.255	0.383	0.367	0.303	0.247	1.959	0.203	0.098	0.199	-17205.735
401	16	500	500	0.5190	0.283	0.258	0.318	0.197	0.302	0.342	0.259	0.331	0.312	0.261	0.247	0.319	0.270	0.312	0.337	0.297	0.299	0.313	0.310	0.296	0.256	0.300	0.301	0.298	0.322	0.307	0.291	0.307	0.285	0.345	2.053	0.227	0.117	0.184	-16593.380
402	16	500	500	0.5157	0.314	0.253	0.321	0.292	0.373	0.347	0.324	0.386	0.274	0.327	0.328	0.313	0.327	0.299	0.311	0.381	0.288	0.310	0.268	0.375	0.361	0.286	0.347	0.284	0.299	0.286	0.324	0.369	0.259	0.368	1.985	0.189	0.117	0.199	-17502.624
403	16	500	499	0.5173	0.276	0.315	0.254	0.235	0.262	0.390	0.313	0.285	0.306	0.353	0.266	0.285	0.316	0.296	0.264	0.258	0.279	0.297	0.345	0.304	0.291	0.264	0.373	0.306	0.302	0.269	0.303	0.282	0.309	0.308	2.074	0.238	0.122	0.200	-16707.406
404	16	500	500	0.5073	0.303	0.384	0.276	0.335	0.219	0.284	0.233	0.301	0.333	0.275	0.318	0.323	0.255	0.278	0.264	0.281	0.344	0.322	0.368	0.255	0.377	0.291	0.308	0.315	0.327	0.276	0.271	0.249	0.293	0.342	2.109	0.417	0.197	0.200	-16719.328
405	16	500	500	0.5202	0.280	0.312	0.278	0.277	0.320	0.293	0.343	0.285	0.229	0.390	0.287	0.313	0.320	0.314	0.332	0.334	0.257	0.399	0.289	0.232	0.282	0.334	0.291	0.282	0.381	0.386	0.263	0.280	0.308	0.296	2.003	0.266	0.157	0.185	-17019.809
406	16	500	500	0.5027	0.295	0.288	0.324	0.239	0.325	0.329	0.295	0.268	0.264	0.340	0.308	0.312	0.227	0.336	0.278	0.327	0.379	0.315	0.277	0.302	0.299	0.322	0.251	0.231	0.289	0.351	0.265	0.303	0.288	0.285	1.953	0.366	0.192	0.190	-16718.834
407	16	500	500	0.5022	0.321	0.338	0.346	0.284	0.312	0.302	0.319	0.306	0.348	0.232	0.267	0.266	0.330	0.283	0.291	0.334	0.261	0.273	0.297	0.329	0.308	0.367	0.359	0.263	0.316	0.322	0.297	0.336	0.330	0.308	2.085	0.391	0.223	0.187	-17010.321
408	16	500	500	0.5051	0.326	0.227	0.249	0.260	0.328	0.321	0.218	0.317	0.299	0.368	0.322	0.307	0.283	0.308	0.241	0.347	0.323	0.330	0.201	0.294	0.252	0.288	0.362	0.337	0.291	0.319	0.298	0.267	0.297	0.272	1.960	0.413	0.202	0.193	-16513.938
409	16	500	500	0.5177	0.240	0.249	0.343	0.263	0.300	0.304	0.302	0.303	0.304	0.284	0.322	0.308	0.335	0.296	0.249	0.270	0.302	0.241	0.282	0.377	0.362	0.366	0.293	0.354	0.287	0.298	0.353	0.314	0.293	0.331	1.924	0.305	0.164	0.206	-17073.007
410	16	500	499	0.5172	0.200	0.305	0.368	0.284	0.304	0.226	0.313	0.242	0.292	0.297	0.344	0.202	0.339	0.374	0.323	0.303	0.363	0.260	0.300	0.363	0.301	0.299	0.338	0.250	0.316	0.300	0.264	0.324	0.317	0.256	1.984	0.000	0.000	0.185	-16844.034
411	16	500	499	0.5102	0.274	0.247	0.284	0.261	0.327	0.326	0.289	0.284	0.329	0.278	0.280	0.313	0.239	0.305	0.299	0.318	0.288	0.299	0.297	0.315	0.286	0.249	0.326	0.272	0.364	0.262	0.339	0.373	0.304	0.289	2.134	0.221	0.122	0.207	-16825.758
412	16	500	500	0.5067	0.284	0.328	0.348	0.308	0.316	0.346	0.394	0.303	0.351	0.245	0.232	0.275	0.303	0.327	0.351	0.267	0.384	0.232	0.386	0.299	0.335	0.302	0.314	0.372	0.299	0.306	0.278	0.336	0.282	0.343	1.964	0.399	0.234	0.187	-17122.168
413	16	500	500	0.5119	0.309	0.356	0.260	0.302	0.326	0.249	0.331	0.283	0.230	0.286	0.313	0.323	0.231	0.315	0.261	0.372	0.367	0.268	0.304	0.307	0.266	0.309	0.339	0.248	0.230	0.340	0.246	0.352	0.320	0.323	2.033	0.388	0.216	0.204	-16890.413
414	16	500	499	0.5199	0.302	0.295	0.286	0.257	0.260	0.448	0.313	0.283	0.251	0.275	0.348	0.331	0.289	0.327	0.303	0.330	0.242	0.292	0.308	0.316	0.322	0.350	0.323	0.368	0.306	0.365	0.284	0.267	0.331	0.316	2.014	0.341	0.202	0.184	-17068.362
415	16	500	500	0.5238	0.274	0.255	0.243	0.209	0.331	0.329	0.297	0.323	0.325	0.338	0.284	0.282	0.272	0.334	0.254	0.264	0.270	0.259	0.268	0.277	0.282	0.265	0.283	0.333	0.263	0.299	0.297	0.300	0.328	0.268	1.939	0.074	0.036	0.191	-16460.276
416	16	500	500	0.5302	0.255	0.264	0.279	0.270	0.307	0.335	0.197	0.313	0.349	0.316	0.360	0.253	0.289	0.294	0.298	0.288	0.225	0.305	0.260	0.302	0.309	0.313	0.321	0.321	0.323	0.300	0.251	0.353	0.218	0.257	2.090	0.338	0.165	0.182	-16435.786
417	16	500	500	0.5138	0.300	0.236	0.295	0.295	0.284	0.263	0.307	0.342	0.303	0.320	0.296	0.248	0.319	0.292	0.287	0.313	0.310	0.278	0.320	0.299	0.329	0.242	0.317	0.204	0.299	0.298	0.298	0.362	0.315	0.282	1.918	0.301	0.156	0.195	-16768.506
418	16	500	500	0.5169	0.298	0.335	0.274	0.353	0.325	0.331	0.303	0.340	0.320	0.292	0.300	0.273	0.331	0.274	0.374	0.333	0.274	0.328	0.282	0.307	0.339	0.298	0.315	0.282	0.217	0.291	0.308	0.368	0.337	0.301	2.063	0.258	0.144	0.199	-17120.040
419	16	500	500	0.5273	0.287	0.304	0.344	0.303	0.248	0.289	0.253	0.302	0.332	0.301	0.291	0.309	0.255	0.308	0.337	0.274	0.300	0.271	0.297	0.324	0.197	0.284	0.279	0.313	0.308	0.309	0.304	0.383	0.297	0.272	2.011	0.335	0.160	0.186	-16679.630
420	16	500	500	0.5204	0.342	0.313	0.272	0.269	0.302	0.398	0.344	0.283	0.189	0.361	0.340	0.295	0.212	0.286	0.315	0.363	0.265	0.324	0.274	0.390	0.390	0.234	0.326	0.245	0.286	0.318	0.335	0.311	0.298	0.258	2.059	0.441	0.244	0.210	-17085.235
421	16	500	500	0.5107	0.356	0.244	0.267	0.302	0.278	0.298	0.382	0.302	0.327	0.308	0.305	0.298	0.235	0.326	0.332	0.283	0.296	0.317	0.332	0.335	0.275	0.323	0.296	0.285	0.295	0.283	0.276	0.328	0.336	0.320	1.983	0.359	0.166	0.198	-16914.442
422	16	500	499	0.5128	0.293	0.324	0.252	0.250	0.293	0.292	0.294	0.341	0.292	0.253	0.324	0.332	0.293	0.295	0.291	0.274	0.311	0.324	0.274	0.301	0.350	0.351	0.285	0.299	0.320	0.291	0.269	0.237	0.312	0.328	2.002	0.362	0.152	0.198	-16704.021
423	16	500	500	0.4999	0.262	0.246	0.331	0.260	0.310	0.303	0.381	0.293	0.281	0.244	0.276	0.300	0.296	0.261	0.283	0.323	0.380	0.324	0.269	0.355	0.325	0.335	0.298	0.236	0.296	0.299	0.304	0.305	0.265	0.325	2.109	0.441	0.251	0.199	-16720.588
424	16	500	500	0.5333	0.292	0.302	0.322	0.280	0.308	0.260	0.308	0.346	0.292	0.317	0.283	0.335	0.300	0.325	0.279	0.315	0.212	0.290	0.363	0.279	0.269	0.343	0.303	0.352	0.285	0.302	0.334	0.300	0.280	0.343	2.026	0.297	0.160	0.208	-17100.601
425	16	500	500	0.5104	0.288	0.338	0.286	0.296	0.315	0.267	0.283	0.255	0.264	0.290	0.305	0.351	0.270	0.332	0.313	0.300	0.302	0.252	0.256	0.287	0.255	0.310	0.344	0.359	0.316	0.338	0.292	0.311	0.216	0.315	1.962	0.254	0.123	0.193	-16662.242
426	16	500	500	0.5161	0.302	0.335	0.327	0.339	0.322	0.250	0.285	0.313	0.275	0.352	0.320	0.275	0.293	0.295	0.356	0.265	0.321	0.235	0.337	0.359	0.255	0.285	0.381	0.322	0.300	0.309	0.327	0.299	0.305	0.280	1.857	0.252	0.154	0.201	-17274.317
427	16	500	500	0.5199	0.279	0.287	0.307	0.297	0.390	0.323	0.316	0.308	0.320	0.253	0.322	0.306	0.260	0.293	0.287	0.265	0.300	0.289	0.247	0.331	0.286	0.287	0.267	0.303	0.326	0.279	0.285	0.278	0.283	0.292	2.026	0.322	0.151	0.194	-16651.631
428	16	500	500	0.4991	0.283	0.333	0.383	0.285	0.278	0.250	0.327	0.257	0.238	0.301	0.360	0.312	0.271	0.337	0.306	0.263	0.291	0.329	0.333	0.255	0.345	0.273	0.324	0.268	0.313	0.286	0.337	0.300	0.347	0.250	1.955	0.269	0.150	0.194	-16884.962
429	16	500	500	0.5162	0.323	0.232	0.290	0.295	0.305	0.328	0.305	0.286	0.273	0.279	0.312	0.245	0.417	0.253	0.313	0.276	0.280	0.299	0.292	0.288	0.230	0.352	0.271	0.440	0.261	0.220	0.351	0.275	0.303	0.277	1.950	0.355	0.168	0.195	-16649.912
430	16	500	500	0.5265	0.323	0.298	0.298	0.267	0.286	0.312	0.271	0.297	0.266	0.306	0.340	0.267	0.285	0.284	0.350	0.310	0.346	0.284	0.264	0.316	0.339	0.360	0.266	0.294	0.379	0.286	0.311	0.374	0.342	0.353	1.908	0.358	0.221	0.196	-17240.062
431	16	500	500	0.5031	0.330	0.340	0.287	0.314	0.332	0.353	0.301	0.307	0.409	0.289	0.308	0.265	0.360	0.326	0.339	0.348	0.343	0.265	0.278	0.295	0.355	0.284	0.310	0.229	0.296	0.285	0.260	0.329	0.375	0.279	1.968	0.298	0.156	0.211	-17252.763
432	16	500	500	0.5136	0.322	0.335	0.321	0.299	0.300	0.331	0.330	0.244	0.294	0.287	0.310	0.300	0.342	0.299	0.326	0.345	0.337	0.302	0.284	0.252	0.345	0.269	0.346	0.254	0.249	0.347	0.283	0.277	0.348	0.290	1.967	0.278	0.154	0.207	-17086.135
433	16	500	500	0.5091	0.327	0.203	0.245	0.339	0.289	0.360	0.290	0.288	0.309	0.313	0.357	0.308	0.302	0.290	0.237	0.326	0.282	0.270	0.245	0.341	0.308	0.258	0.291	0.290	0.358	0.289	0.309	0.377	0.268	0.299	1.994	0.327	0.152	0.186	-16646.176
434	16	500	499	0.5208	0.353	0.285	0.308	0.278	0.332	0.298	0.290	0.287	0.332	0.343	0.296	0.315	0.349	0.287	0.287	0.339	0.287	0.233	0.296	0.288	0.350	0.290	0.338	0.264	0.330	0.363	0.323	0.242	0.364	0.304	1.994	0.155	0.077	0.213	-17125.397
435	16	500	500	0.5092	0.303	0.374	0.224	0.244	0.327	0.307	0.289	0.307	0.303	0.279	0.332	0.270	0.323	0.318	0.360	0.275	0.187	0.295	0.283	0.292	0.285	0.317	0.282	0.397	0.322	0.272	0.295	0.325	0.314	0.339	2.113	0.441	0.223	0.194	-16721.423
436	16	500	500	0.5172	0.307	0.298	0.306	0.297	0.294	0.279	0.274	0.290	0.316	0.340	0.338	0.244	0.362	0.340	0.249	0.276	0.276	0.330	0.251	0.310	0.333	0.352	0.231	0.330	0.262	0.366	0.324	0.288	0.292	0.326	2.092	0.268	0.141	0.196	-16786.809
437	16	500	500	0.5270	0.307	0.279	0.232	0.289	0.267	0.297	0.293	0.382	0.358	0.327	0.299	0.311	0.326	0.231	0.315	0.252	0.305	0.243	0.299	0.288	0.294	0.281	0.278	0.305	0.269	0.274	0.343	0.270	0.243	0.361	1.992	0.303	0.164	0.192	-16663.001
438	16	500	500	0.4971	0.249	0.315	0.311	0.237	0.308	0.287	0.302	0.300	0.258	0.300	0.282	0.324	0.295	0.299	0.271	0.271	0.284	0.211	0.254	0.266	0.299	0.382	0.311	0.301	0.261	0.339	0.246	0.316	0.315	0.232	2.051	0.186	0.084	0.206	-16339.868
439	16	500	499	0.5217	0.330	0.272	0.295	0.276	0.403	0.354	0.338	0.252	0.267	0.317	0.292	0.345	0.315	0.286	0.304	0.323	0.294	0.284	0.317	0.285	0.296	0.304	0.352	0.317	0.297	0.306	0.321	0.297	0.259	0.319	2.013	0.269	0.132	0.202	-17075.998
440	16	500	500	0.5149	0.220	0.239	0.360	0.283	0.332	0.250	0.291	0.329	0.309	0.316	0.314	0.302	0.330	0.293	0.299	0.315	0.237	0.311	0.293	0.379	0.235	0.368	0.280	0.347	0.239	0.305	0.294	0.309	0.274	0.321	2.019	0.299	0.161	0.182	-16819.042
441	16	500	500	0.5004	0.258	0.259	0.212	0.337	0.254	0.259	0.323	0.345	0.362	0.254	0.332	0.292	0.266	0.292	0.314	0.257	0.287	0.261	0.253	0.267	0.300	0.298	0.306	0.287	0.405	0.238	0.298	0.243	0.317	0.385	1.946	0.468	0.205	0.205	-16573.764
442	16	500	500	0.5110	0.288	0.370	0.416	0.278	0.284	0.293	0.313	0.289	0.300	0.223	0.287	0.348	0.273	0.281	0.287	0.315	0.281	0.317	0.310	0.277	0.313	0.377	0.320	0.304	0.315	0.267	0.328	0.295	0.254	0.301	2.042	0.221	0.125	0.217	-17027.123
443	16	500	499	0.4941	0.273	0.318	0.380	0.283	0.385	0.310	0.305	0.303	0.349	0.339	0.310	0.282	0.314	0.276	0.289	0.290	0.298	0.290	0.257	0.295	0.363	0.350	0.292	0.315	0.238	0.319	0.299	0.367	0.248	0.293	1.948	0.415	0.227	0.202	-16989.692
444	16	500	499	0.4964	0.305	0.280	0.325	0.289	0.300	0.278	0.255	0.319	0.366	0.232	0.279	0.338	0.304	0.301	0.282	0.279	0.241	0.303	0.260	0.281	0.288	0.323	0.263	0.378	0.275	0.301	0.291	0.256	0.279	0.293	2.042	0.406	0.184	0.210	-16569.234
445	16	500	500	0.5115	0.283	0.249	0.297	0.278	0.257	0.291	0.260	0.248	0.298	0.254	0.297	0.311	0.344	0.238	0.273	0.271	0.305	0.366	0.302	0.319	0.277	0.297	0.300	0.281	0.299	0.323	0.257	0.309	0.357	0.299	2.053	0.334	0.150	0.190	-16431.668
446	16	500	500	0.5133	0.255	0.313	0.317	0.323	0.263	0.370	0.262	0.297	0.313	0.276	0.376	0.311	0.313	0.290	0.331	0.263	0.322	0.285	0.261	0.316	0.274	0.334	0.290	0.175	0.284	0.286	0.306	0.340	0.343	0.320	1.963	0.377	0.189	0.212	-17063.928
447	16	500	500	0.5312	0.317	0.354	0.271	0.274	0.302	0.284	0.265	0.259	0.310	0.273	0.283	0.245	0.308	0.269	0.263	0.286	0.252	0.340	0.302	0.287	0.313	0.284	0.285	0.251	0.301	0.326	0.210	0.279	0.222	0.277	1.847	0.261	0.107	0.204	-16404.768
448	16	500	500	0.5281	0.292	0.252	0.291	0.307	0.334	0.406	0.296	0.278	0.338	0.332	0.327	0.298	0.282	0.260	0.315	0.262	0.336	0.330	0.347	0.329	0.248	0.340	0.344	0.318	0.228	0.316	0.304	0.316	0.291	0.354	2.080	0.178	0.105	0.205	-17304.947
449	16	500	499	0.5217	0.341	0.263	0.324	0.286	0.295	0.245	0.341	0.276	0.288	0.241	0.330	0.360	0.321	0.316	0.355	0.339	0.323	0.270	0.304	0.291	0.352	0.328	0.292	0.296	0.322	0.247	0.302	0.315	0.282	0.328	2.041	0.469	0.226	0.193	-16857.717
450	16	500	500	0.5088	0.314	0.255	0.236	0.331	0.315	0.274	0.290	0.313	0.327	0.298	0.350	0.255	0.260	0.275	0.291	0.300	0.236	0.256	0.323	0.285	0.254	0.335	0.306	0.324	0.289	0.283	0.288	0.359	0.240	0.315	1.934	0.425	0.212	0.208	-16716.393
451	16	500	499	0.5182	0.324	0.285	0.295	0.251	0.314	0.350	0.307	0.301	0.335	0.269	0.266	0.370	0.361	0.286	0.299	0.302	0.301	0.225	0.273	0.328	0.362	0.286	0.324	0.334	0.259	0.327	0.357	0.353	0.306	0.290	2.061	0.363	0.188	0.196	-17036.852
452	16	500	500	0.5200	0.316	0.324	0.328	0.279	0.247	0.291	0.359	0.263	0.290	0.256	0.312	0.267	0.310	0.320	0.294	0.304	0.351	0.350	0.208	0.309	0.222	0.332	0.355	0.318	0.278	0.321	0.252	0.305	0.296	0.280	1.926	0.283	0.153	0.200	-16832.587
453	16	500	500	0.5029	0.310	0.328	0.248	0.300	0.255	0.254	0.284	0.323	0.262	0.251	0.289	0.296	0.296	0.350	0.318	0.291	0.266	0.287	0.350	0.277	0.332	0.275	0.302	0.284	0.288	0.320	0.256	0.265	0.186	0.268	2.048	0.015	0.007	0.211	-16499.792
454	16	500	500	0.5097	0.304	0.314	0.308	0.259	0.267	0.341	0.266	0.245	0.311	0.265	0.330	0.253	0.297	0.329	0.217	0.276	0.335	0.349	0.280	0.268	0.276	0.270	0.321	0.252	0.326	0.310	0.284	0.254	0.298	0.288	1.951	0.370	0.153	0.215	-16530.225
455	16	500	500	0.5096	0.308	0.236	0.299	0.322	0.323	0.280	0.360	0.295	0.280	0.320	0.360	0.263	0.252	0.318	0.280	0.281	0.375	0.235	0.256	0.393	0.376	0.279	0.313	0.358	0.296	0.350	0.297	0.378	0.340	0.326	2.010	0.263	0.136	0.203	-17276.927
456	16	500	500	0.5130	0.363	0.377	0.291	0.240	0.250	0.241	0.308	0.274	0.258	0.328	0.294	0.273	0.321	0.325	0.277	0.331	0.345	0.269	0.321	0.311	0.306	0.273	0.336	0.260	0.266	0.276	0.338	0.373	0.342	0.299	1.939	0.339	0.164	0.194	-16708.527
457	16	500	500	0.5139	0.296	0.267	0.263	0.243	0.290	0.359	0.284	0.304	0.313	0.292	0.334	0.365	0.321	0.321	0.288	0.325	0.346	0.248	0.327	0.293	0.383	0.257	0.342	0.306	0.283	0.369	0.283	0.297	0.316	0.265	1.912	0.150	0.082	0.200	-17100.964
458	16	500	500	0.5078	0.250	0.271	0.317	0.259	0.285	0.268	0.331	0.250	0.295	0.236	0.297	0.331	0.344	0.279	0.237	0.330	0.306	0.350	0.292	0.273	0.278	0.270	0.326	0.308	0.364	0.260	0.272	0.277	0.315	0.281	1.964	0.124	0.062	0.199	-16623.733
459	16	500	500	0.5092	0.326	0.309	0.334	0.306	0.245	0.341	0.338	0.228	0.313	0.291	0.269	0.251	0.286	0.309	0.308	0.357	0.300	0.344	0.267	0.314	0.323	0.278	0.273	0.281	0.317	0.263	0.332	0.258	0.344	0.260	1.949	0.335	0.155	0.195	-16686.429
460	16	500	499	0.5090	0.380	0.305	0.265	0.266	0.277	0.339	0.323	0.260	0.337	0.306	0.338	0.338	0.253	0.344	0.301	0.303	0.245	0.250	0.332	0.326	0.322	0.304	0.263	0.304	0.276	0.327	0.324	0.331	0.347	0.269	2.097	0.422	0.255	0.190	-16950.604
461	16	500	499	0.5263	0.263	0.264	0.269	0.270	0.362	0.309	0.295	0.330	0.382	0.294	0.321	0.349	0.278	0.282	0.256	0.329	0.242	0.336	0.275	0.422	0.263	0.287	0.296	0.302	0.271	0.296	0.278	0.287	0.303	0.265	2.033	0.314	0.152	0.204	-16873.586
462	16	500	500	0.5125	0.310	0.313	0.319	0.294	0.296	0.363	0.274	0.283	0.307	0.262	0.249	0.307	0.347	0.311	0.290	0.271	0.367	0.316	0.289	0.241	0.374	0.304	0.314	0.349	0.350	0.243	0.292	0.317	0.323	0.308	1.999	0.475	0.243	0.204	-16918.004
463	16	500	500	0.4998	0.289	0.348	0.316	0.265	0.299	0.263	0.294	0.354	0.335	0.218	0.278	0.294	0.302	0.288	0.355	0.231	0.360	0.318	0.335	0.273	0.348	0.303	0.310	0.394	0.269	0.285	0.307	0.201	0.315	0.307	2.138	0.277	0.139	0.188	-16773.513
464	16	500	499	0.5099	0.265	0.244	0.393	0.351	0.224	0.377	0.338	0.351	0.287	0.300	0.388	0.255	0.327	0.277	0.291	0.262	0.279	0.283	0.305	0.328	0.398	0.311	0.271	0.382	0.361	0.287	0.312	0.277	0.263	0.240	2.007	0.416	0.232	0.195	-16943.476
465	16	500	500	0.5080	0.272	0.343	0.315	0.283	0.355	0.332	0.304	0.279	0.242	0.341	0.340	0.252	0.345	0.311	0.291	0.303	0.318	0.361	0.280	0.324	0.201	0.320	0.296	0.251	0.349	0.298	0.272	0.323	0.274	0.296	1.982	0.179	0.089	0.184	-16745.236
466	16	500	500	0.5175	0.427	0.205	0.329	0.294	0.287	0.419	0.319	0.291	0.333	0.271	0.306	0.316	0.287	0.354	0.317	0.247	0.317	0.320	0.350	0.305	0.330	0.325	0.332	0.333	0.400	0.315	0.305	0.297	0.352	0.266	2.117	0.054	0.031	0.217	-17557.259
467	16	500	500	0.5132	0.292	0.346	0.265	0.331	0.344	0.262	0.259	0.317	0.287	0.284	0.357	0.303	0.309	0.361	0.237	0.259	0.338	0.277	0.287	0.263	0.261	0.284	0.324	0.268	0.340	0.342	0.303	0.295	0.291	0.234	2.058	0.116	0.052	0.209	-16756.527
468	16	500	500	0.5106	0.297	0.252	0.333	0.251	0.333	0.274	0.269	0.350	0.268	0.321	0.299	0.217	0.322	0.251	0.338	0.275	0.340	0.254	0.248	0.297	0.291	0.273	0.305	0.292	0.307	0.299	0.300	0.284	0.335	0.304	1.863	0.259	0.139	0.193	-16606.487
469	16	500	500	0.5080	0.310	0.281	0.317	0.297	0.266	0.216	0.286	0.343	0.184	0.362	0.332	0.240	0.297	0.230	0.271	0.332	0.331	0.285	0.349	0.272	0.208	0.258	0.281	0.301	0.373	0.307	0.242	0.265	0.245	0.325	2.063	0.305	0.134	0.203	-16368.604
470	16	500	499	0.5202	0.300	0.311	0.406	0.256	0.336	0.255	0.309	0.329	0.366	0.270	0.326	0.313	0.279	0.324	0.303	0.246	0.270	0.337	0.340	0.343	0.305	0.306	0.298	0.326	0.256	0.272	0.288	0.299	0.296	0.287	1.936	0.000	0.000	0.201	-17128.278
471	16	500	500	0.5163	0.321	0.340	0.261	0.306	0.306	0.349	0.277	0.303	0.244	0.312	0.293	0.226	0.268	0.303	0.320	0.277	0.264	0.359	0.298	0.329	0.255	0.219	0.249	0.343	0.285	0.284	0.355	0.258	0.309	0.315	1.952	0.434	0.191	0.205	-16614.626
472	16	500	500	0.5150	0.236	0.224	0.250	0.246	0.337	0.307	0.319	0.286	0.395	0.262	0.241	0.249	0.277	0.227	0.288	0.242	0.322	0.367	0.257	0.258	0.306	0.224	0.363	0.310	0.272	0.283	0.294	0.246	0.328	0.256	1.862	0.276	0.118	0.205	-16279.276
473	16	500	500	0.5123	0.276	0.285	0.349	0.324	0.242	0.314	0.292	0.300	0.261	0.354	0.316	0.298	0.336	0.290	0.310	0.254	0.333	0.266	0.313	0.305	0.308	0.323	0.329	0.260	0.272	0.285	0.327	0.294	0.312	0.363	1.916	0.485	0.258	0.215	-17175.134
474	16	500	498	0.5167	0.335	0.312	0.266	0.339	0.308	0.328	0.240	0.298	0.345	0.332	0.305	0.298	0.235	0.275	0.330	0.391	0.222	0.271	0.309	0.353	0.349	0.334	0.271	0.332	0.341	0.306	0.330	0.342	0.289	0.283	1.925	0.271	0.144	0.187	-17000.168
475	16	500	500	0.5180	0.293	0.309	0.293	0.322	0.313	0.341	0.260	0.296	0.282	0.288	0.319	0.325	0.307	0.239	0.341	0.270	0.363	0.223	0.310	0.332	0.284	0.264	0.305	0.258	0.310	0.363	0.318	0.270	0.314	0.355	1.977	0.367	0.186	0.185	-16851.354
476	16	500	500	0.5169	0.300	0.256	0.264	0.247	0.304	0.254	0.258	0.283	0.282	0.288	0.341	0.291	0.384	0.238	0.246	0.310	0.323	0.242	0.262	0.312	0.341	0.312	0.262	0.297	0.245	0.260	0.244	0.312	0.312	0.256	1.963	0.528	0.237	0.190	-16177.658
477	16	500	500	0.5239	0.314	0.306	0.342	0.283	0.304	0.281	0.248	0.311	0.282	0.271	0.333	0.268	0.288	0.375	0.378	0.351	0.299	0.241	0.290	0.325	0.277	0.303	0.339	0.339	0.267	0.355	0.279	0.355	0.305	0.282	2.109	0.276	0.144	0.217	-17171.433
478	16	500	499	0.5291	0.304	0.333	0.323	0.240	0.317	0.309	0.276	0.302	0.296	0.304	0.268	0.320	0.373	0.313	0.319	0.298	0.282	0.281	0.305	0.325	0.316	0.354	0.307	0.374	0.297	0.288	0.361	0.284	0.278	0.314	1.987	0.218	0.144	0.188	-17177.528
479	16	500	500	0.5077	0.304	0.283	0.271	0.264	0.351	0.289	0.360	0.282	0.269	0.326	0.328	0.280	0.240	0.307	0.323	0.366	0.346	0.221	0.377	0.301	0.305	0.412	0.271	0.298	0.413	0.370	0.231	0.337	0.342	0.339	2.070	0.211	0.109	0.201	-17217.467
480	16	500	499	0.5137	0.266	0.254	0.268	0.258	0.300	0.325	0.335	0.274	0.360	0.322	0.346	0.238	0.304	0.267	0.291	0.211	0.320	0.301	0.253	0.275	0.289	0.307	0.289	0.286	0.373	0.346	0.248	0.212	0.272	0.342	2.074	0.173	0.092	0.198	-16688.388
481	16	500	500	0.5046	0.300	0.323	0.273	0.350	0.362	0.320	0.308	0.353	0.384	0.250	0.308	0.279	0.317	0.290	0.249	0.292	0.243	0.298	0.299	0.319	0.327	0.275	0.317	0.317	0.328	0.317	0.322	0.274	0.232	0.283	2.103	0.303	0.133	0.204	-16727.199
482	16	500	500	0.5049	0.287	0.284	0.303	0.306	0.287	0.236	0.301	0.258	0.287	0.280	0.333	0.297	0.334	0.302	0.265	0.310	0.273	0.378	0.234	0.365	0.268	0.285	0.299	0.329	0.218	0.317	0.309	0.236	0.258	0.326	2.046	0.336	0.185	0.192	-16648.224
483	16	500	500	0.5316	0.293	0.276	0.337	0.227	0.318	0.342	0.381	0.318	0.248	0.238	0.298	0.331	0.394	0.287	0.339	0.290	0.325	0.311	0.315	0.257	0.290	0.322	0.322	0.283	0.308	0.248	0.324	0.271	0.335	0.261	2.013	0.177	0.092	0.200	-16929.525
484	16	500	500	0.5127	0.323	0.247	0.325	0.270	0.298	0.343	0.304	0.261	0.227	0.285	0.320	0.285	0.324	0.316	0.315	0.371	0.380	0.241	0.340	0.317	0.316	0.266	0.288	0.267	0.278	0.327	0.280	0.284	0.262	0.343	1.928	0.336	0.169	0.196	-16748.847
485	16	500	500	0.5222	0.330	0.342	0.323	0.306	0.353	0.220	0.299	0.277	0.334	0.331	0.359	0.291	0.356	0.266	0.275	0.282	0.354	0.269	0.260	0.314	0.354	0.350	0.328	0.333	0.352	0.253	0.319	0.282	0.324	0.322	2.004	0.170	0.085	0.197	-17139.311
486	16	500	500	0.5035	0.317	0.441	0.326	0.268	0.261	0.274	0.337	0.316	0.319	0.317	0.326	0.290	0.324	0.315	0.306	0.338	0.365	0.300	0.252	0.314	0.317	0.321	0.293	0.244	0.278	0.296	0.305	0.344	0.313	0.340	1.969	0.120	0.064	0.209	-17224.612
487	16	500	500	0.5070	0.335	0.334	0.307	0.266	0.280	0.291	0.242	0.284	0.241	0.335	0.350	0.245	0.324	0.258	0.302	0.292	0.326	0.376	0.295	0.300	0.288	0.300	0.297	0.303	0.282	0.281	0.365	0.284	0.254	0.328	1.926	0.285	0.157	0.194	-16708.707
488	16	500	500	0.5100	0.337	0.346	0.234	0.293	0.290	0.308	0.298	0.298	0.255	0.376	0.271	0.322	0.337	0.272	0.362	0.308	0.321	0.269	0.309	0.300	0.350	0.328	0.279	0.317	0.315	0.319	0.247	0.286	0.342	0.268	2.087	0.288	0.156	0.198	-16942.449
489	16	500	500	0.5068	0.365	0.244	0.345	0.338	0.320	0.325	0.318	0.320	0.309	0.401	0.275	0.312	0.244	0.295	0.315	0.294	0.278	0.328	0.307	0.323	0.261	0.320	0.243	0.327	0.306	0.339	0.256	0.312	0.283	0.267	1.954	0.376	0.193	0.182	-16795.008
490	16	500	500	0.5142	0.320	0.269	0.320	0.342	0.291	0.210	0.267	0.376	0.278	0.281	0.262	0.246	0.309	0.286	0.238	0.316	0.364	0.325	0.327	0.248	0.311	0.279	0.322	0.232	0.296	0.308	0.281	0.306	0.271	0.325	1.892	0.338	0.166	0.209	-16695.950
491	16	500	499	0.5131	0.345	0.366	0.311	0.276	0.280	0.280	0.261	0.309	0.212	0.359	0.290	0.301	0.343	0.249	0.290	0.383	0.293	0.265	0.331	0.268	0.296	0.280	0.276	0.253	0.327	0.269	0.267	0.297	0.303	0.311	2.019	0.312	0.145	0.200	-16600.298
492	16	500	500	0.5140	0.291	0.327	0.217	0.282	0.286	0.306	0.348	0.267	0.247	0.237	0.326	0.359	0.284	0.294	0.277	0.304	0.299	0.326	0.264	0.251	0.295	0.315	0.281	0.213	0.367	0.312	0.279	0.287	0.272	0.288	2.027	0.063	0.031	0.198	-16674.778
493	16	500	500	0.5094	0.299	0.262	0.277	0.270	0.345	0.331	0.266	0.357	0.309	0.291	0.270	0.277	0.310	0.238	0.345	0.282	0.361	0.250	0.303	0.280	0.315	0.242	0.353	0.277	0.422	0.296	0.285	0.214	0.260	0.273	2.053	0.250	0.118	0.195	-16601.319
494	16	500	500	0.5238	0.302	0.330	0.266	0.301	0.324	0.247	0.316	0.357	0.248	0.297	0.332	0.277	0.294	0.270	0.289	0.313	0.327	0.314	0.299	0.328	0.329	0.315	0.277	0.298	0.293	0.302	0.297	0.347	0.298	0.319	1.963	0.227	0.116	0.206	-17111.289
495	16	500	500	0.5140	0.322	0.277	0.299	0.274	0.292	0.257	0.292	0.261	0.317	0.374	0.295	0.281	0.258	0.331	0.300	0.278	0.251	0.292	0.316	0.267	0.283	0.324	0.296	0.291	0.267	0.308	0.270	0.328	0.298	0.313	1.960	0.299	0.143	0.210	-16748.940
496	16	500	500	0.5100	0.313	0.279	0.306	0.255	0.302	0.303	0.300	0.319	0.323	0.264	0.242	0.286	0.279	0.288	0.340	0.258	0.300	0.315	0.229	0.274	0.406	0.329	0.230	0.339	0.301	0.308	0.253	0.355	0.297	0.312	2.160	0.360	0.189	0.207	-16777.719
497	16	500	500	0.5250	0.261	0.313	0.256	0.256	0.297	0.284	0.267	0.290	0.313	0.224	0.353	0.286	0.348	0.315	0.297	0.288	0.296	0.311	0.320	0.324	0.282	0.271	0.313	0.268	0.317	0.277	0.292	0.366	0.320	0.257	1.922	0.192	0.089	0.190	-16657.422
498	16	500	500	0.5183	0.335	0.290	0.290	0.243	0.325	0.278	0.321	0.285	0.289	0.284	0.280	0.279	0.255	0.276	0.248	0.275	0.304	0.301	0.281	0.361	0.321	0.259	0.256	0.272	0.303	0.326	0.289	0.235	0.245	0.307	2.001	0.371	0.191	0.197	-16569.422
499	16	500	500	0.5244	0.328	0.234	0.281	0.238	0.317	0.310	0.265	0.307	0.324	0.328	0.294	0.243	0.304	0.294	0.321	0.319	0.238	0.308	0.318	0.316	0.346	0.266	0.321	0.271	0.293	0.326	0.234	0.307	0.271	0.310	2.086	0.509	0.234	0.202	-16595.957
500	16	500	500	0.5085	0.290	0.309	0.265	0.300	0.256	0.211	0.265	0.321	0.242	0.333	0.277	0.374	0.274	0.327	0.237	0.281	0.217	0.310	0.294	0.266	0.293	0.289	0.280	0.317	0.245	0.334	0.262	0.279	0.299	0.334	2.020	0.347	0.140	0.219	-16514.604
501	16	500	500	0.5221	0.271	0.285	0.263	0.264	0.309	0.292	0.331	0.264	0.302	0.303	0.265	0.355	0.301	0.266	0.306	0.289	0.298	0.367	0.313	0.334	0.258	0.278	0.307	0.295	0.299	0.293	0.305	0.316	0.288	0.264	1.954	0.340	0.178	0.181	-16736.919
502	16	500	500	0.5025	0.371	0.195	0.320	0.298	0.316	0.295	0.318	0.305	0.359	0.305	0.294	0.336	0.280	0.251	0.321	0.391	0.278	0.299	0.295	0.246	0.326	0.310	0.377	0.301	0.322	0.287	0.313	0.307	0.270	0.340	2.058	0.299	0.168	0.193	-16946.459
503	16	500	500	0.4950	0.278	0.276	0.366	0.308	0.262	0.266	0.315	0.293	0.240	0.263	0.322	0.324	0.326	0.323	0.295	0.310	0.304	0.311	0.286	0.308	0.313	0.353	0.268	0.315	0.257	0.305	0.237	0.399	0.288	0.238	2.064	0.244	0.129	0.191	-16644.443
504	16	500	500	0.5226	0.335	0.327	0.335	0.256	0.308	0.294	0.263	0.290	0.266	0.368	0.299	0.298	0.309	0.285	0.299	0.338	0.320	0.304	0.292	0.305	0.305	0.317	0.288	0.230	0.348	0.331	0.314	0.296	0.282	0.386	1.880	0.255	0.155	0.198	-17156.283
505	16	500	500	0.5035	0.317	0.341	0.295	0.291	0.317	0.307	0.277	0.320	0.323	0.314	0.246	0.310	0.365	0.296	0.257	0.270	0.288	0.335	0.369	0.309	0.286	0.273	0.276	0.286	0.306	0.311	0.295	0.318	0.308	0.242	1.833	0.314	0.128	0.197	-16884.177
506	16	500	500	0.5135	0.297	0.388	0.326	0.331	0.276	0.320	0.252	0.318	0.265	0.324	0.316	0.266	0.299	0.330	0.324	0.329	0.248	0.305	0.271	0.322	0.289	0.288	0.360	0.391	0.327	0.280	0.249	0.283	0.241	0.290	1.966	0.345	0.217	0.195	-16947.655
507	16	500	500	0.5101	0.376	0.269	0.312	0.265	0.307	0.233	0.330	0.282	0.328	0.286	0.288	0.293	0.318	0.267	0.348	0.277	0.261	0.237	0.297	0.318	0.306	0.287	0.273	0.276	0.297	0.271	0.239	0.268	0.265	0.257	2.087	0.283	0.136	0.214	-16474.388
508	16	500	500	0.5154	0.299	0.198	0.256	0.342	0.257	0.331	0.336	0.316	0.344	0.260	0.233	0.352	0.311	0.326	0.268	0.385	0.354	0.279	0.271	0.292	0.319	0.327	0.248	0.281	0.336	0.373	0.287	0.256	0.352	0.287	2.035	0.340	0.165	0.198	-16792.352
509	16	500	500	0.5042	0.318	0.297	0.385	0.270	0.339	0.301	0.328	0.271	0.297	0.294	0.269	0.283	0.333	0.310	0.280	0.305	0.398	0.430	0.301	0.299	0.224	0.277	0.292	0.296	0.293	0.309	0.309	0.349	0.312	0.343	1.960	0.256	0.147	0.213	-17329.547
510	16	500	500	0.5028	0.308	0.325	0.253	0.276	0.318	0.363	0.277	0.349	0.269	0.291	0.282	0.329	0.321	0.277	0.282	0.256	0.264	0.372	0.318	0.309	0.284	0.285	0.301	0.269	0.288	0.259	0.317	0.309	0.319	0.321	1.962	0.332	0.195	0.193	-16893.944
511	16	500	500	0.5110	0.215	0.328	0.312	0.271	0.315	0.333	0.282	0.324	0.280	0.324	0.279	0.353	0.281	0.318	0.279	0.242	0.318	0.332	0.286	0.284	0.268	0.288	0.268	0.305	0.275	0.256	0.303	0.372	0.343	0.250	2.092	0.233	0.114	0.203	-16745.052
512	16	500	500	0.4905	0.297	0.224	0.277	0.329	0.298	0.367	0.301	0.321	0.286	0.266	0.285	0.277	0.344	0.279	0.312	0.390	0.233	0.353	0.277	0.298	0.272	0.306	0.266	0.344	0.369	0.323	0.401	0.241	0.300	0.312	2.151	0.342	0.148	0.190	-16627.093
513	16	500	500	0.5053	0.323	0.312	0.342	0.297	0.317	0.316	0.289	0.313	0.319	0.195	0.298	0.279	0.291	0.346	0.269	0.323	0.249	0.310	0.266	0.306	0.376	0.327	0.303	0.354	0.286	0.351	0.307	0.387	0.272	0.320	2.009	0.304	0.180	0.208	-17209.542
514	16	500	500	0.5087	0.326	0.266	0.300	0.336	0.288	0.317	0.333	0.266	0.254	0.325	0.297	0.274	0.275	0.343	0.334	0.343	0.376	0.326	0.347	0.249	0.256	0.318	0.272	0.238	0.281	0.286	0.266	0.317	0.325	0.281	1.896	0.315	0.158	0.196	-16877.098
515	16	500	500	0.5250	0.332	0.291	0.293	0.240	0.301	0.283	0.361	0.232	0.251	0.267	0.284	0.321	0.347	0.247	0.359	0.354	0.273	0.287	0.310	0.402	0.287	0.359	0.294	0.250	0.296	0.273	0.288	0.306	0.316	0.300	2.058	0.352	0.171	0.214	-17040.140
516	16	500	500	0.5264	0.290	0.341	0.279	0.316	0.318	0.295	0.253	0.327	0.322	0.309	0.321	0.283	0.315	0.278	0.282	0.249	0.294	0.289	0.321	0.347	0.225	0.270	0.238	0.248	0.337	0.326	0.327	0.326	0.288	0.245	1.994	0.413	0.187	0.215	-16860.852
517	16	500	500	0.5176	0.348	0.353	0.356	0.246	0.259	0.280	0.327	0.349	0.331	0.239	0.323	0.306	0.401	0.298	0.266	0.258	0.312	0.269	0.243	0.360	0.355	0.302	0.262	0.304	0.304	0.371	0.212	0.285	0.297	0.322	1.964	0.307	0.161	0.199	-16916.454
518	16	500	500	0.5202	0.334	0.286	0.311	0.238	0.242	0.313	0.300	0.322	0.329	0.341	0.326	0.307	0.242	0.249	0.322	0.322	0.307	0.284	0.256	0.313	0.285	0.295	0.334	0.345	0.259	0.301	0.269	0.308	0.262	0.358	2.023	0.085	0.045	0.201	-16755.680
519	16	500	499	0.5098	0.247	0.292	0.259	0.234	0.269	0.260	0.291	0.300	0.270	0.291	0.305	0.284	0.236	0.272	0.317	0.296	0.270	0.313	0.330	0.332	0.275	0.332	0.273	0.370	0.320	0.339	0.313	0.260	0.323	0.298	2.024	0.321	0.164	0.195	-16576.368
520	16	500	499	0.5237	0.313	0.296	0.273	0.344	0.318	0.309	0.280	0.314	0.272	0.239	0.322	0.302	0.369	0.328	0.277	0.310	0.339	0.366	0.261	0.307	0.251	0.308	0.363	0.222	0.318	0.345	0.250	0.256	0.246	0.254	2.165	0.396	0.222	0.201	-16786.233
521	16	500	500	0.5073	0.267	0.248	0.316	0.311	0.290	0.364	0.256	0.304	0.368	0.242	0.359	0.303	0.337	0.296	0.309	0.347	0.286	0.430	0.336	0.354	0.347	0.328	0.333	0.288	0.295	0.322	0.259	0.315	0.328	0.312	2.083	0.327	0.173	0.203	-17221.865
522	16	500	500	0.4986	0.283	0.222	0.226	0.299	0.292	0.277	0.276	0.275	0.322	0.232	0.290	0.311	0.225	0.291	0.256	0.238	0.380	0.257	0.308	0.317	0.313	0.285	0.283	0.289	0.284	0.307	0.292	0.318	0.326	0.244	1.961	0.404	0.181	0.197	-16212.943
523	16	500	500	0.5119	0.000	0.320	0.288	0.306	0.275	0.274	0.373	0.343	0.266	0.278	0.283	0.283	0.253	0.301	0.262	0.619	0.289	0.304	0.244	0.372	0.346	0.362	0.331	0.274	0.337	0.316	0.264	0.291	0.339	0.356	1.849	0.199	0.099	0.203	-17109.985
524	16	500	499	0.5066	0.288	0.296	0.329	0.262	0.340	0.346	0.339	0.259	0.249	0.290	0.351	0.313	0.326	0.262	0.298	0.312	0.253	0.327	0.298	0.239	0.324	0.319	0.328	0.269	0.318	0.255	0.287	0.264	0.277	0.291	1.866	0.355	0.162	0.208	-16711.234
525	16	500	499	0.5130	0.325	0.268	0.300	0.286	0.298	0.331	0.293	0.284	0.319	0.317	0.268	0.270	0.340	0.286	0.280	0.339	0.272	0.319	0.307	0.234	0.315	0.319	0.292	0.180	0.334	0.313	0.307	0.315	0.300	0.318	2.057	0.358	0.164	0.193	-16548.177
526	16	500	500	0.4980	0.262	0.294	0.310	0.300	0.251	0.324	0.325	0.285	0.277	0.295	0.328	0.348	0.304	0.245	0.261	0.311	0.332	0.328	0.317	0.295	0.304	0.322	0.316	0.307	0.317	0.311	0.237	0.340	0.312	0.331	2.088	0.394	0.187	0.215	-16954.633
527	16	500	500	0.5249	0.292	0.338	0.250	0.292	0.305	0.260	0.345	0.299	0.228	0.309	0.289	0.257	0.281	0.304	0.321	0.322	0.278	0.288	0.335	0.278	0.298	0.338	0.295	0.323	0.254	0.247	0.360	0.354	0.271	0.328	2.040	0.399	0.205	0.216	-16986.274
528	16	500	500	0.5051	0.243	0.287	0.307	0.288	0.246	0.305	0.288	0.285	0.257	0.286	0.332	0.334	0.247	0.287	0.307	0.267	0.364	0.342	0.281	0.294	0.224	0.290	0.297	0.323	0.292	0.362	0.238	0.333	0.357	0.289	2.008	0.296	0.149	0.189	-16662.837
529	16	500	500	0.5109	0.289	0.308	0.362	0.239	0.307	0.348	0.287	0.308	0.302	0.311	0.243	0.303	0.331	0.304	0.331	0.264	0.321	0.216	0.294	0.292	0.262	0.310	0.381	0.367	0.254	0.321	0.276	0.305	0.307	0.366	2.022	0.253	0.123	0.199	-16885.208
530	16	500	500	0.4986	0.270	0.435	0.345	0.256	0.345	0.301	0.333	0.286	0.280	0.335	0.271	0.298	0.344	0.325	0.291	0.290	0.357	0.360	0.309	0.294	0.247	0.308	0.334	0.369	0.363	0.306	0.300	0.266	0.326	0.289	2.021	0.287	0.165	0.211	-17284.035
531	16	500	500	0.5119	0.271	0.256	0.324	0.300	0.320	0.256	0.335	0.317	0.375	0.303	0.273	0.328	0.260	0.308	0.287	0.352	0.295	0.352	0.304	0.268	0.224	0.293	0.292	0.361	0.324	0.374	0.308	0.227	0.328	0.275	2.013	0.294	0.163	0.187	-16854.382
532	16	500	500	0.5067	0.297	0.294	0.277	0.305	0.290	0.297	0.298	0.296	0.326	0.292	0.229	0.311	0.299	0.341	0.273	0.234	0.238	0.305	0.312	0.307	0.325	0.318	0.278	0.310	0.297	0.285	0.319	0.369	0.288	0.288	2.026	0.366	0.173	0.204	-16760.532
533	16	500	500	0.5095	0.337	0.320	0.383	0.294	0.289	0.224	0.338	0.294	0.344	0.348	0.256	0.297	0.296	0.345	0.326	0.372	0.381	0.283	0.305	0.293	0.383	0.208	0.317	0.345	0.303	0.258	0.338	0.306	0.321	0.335	1.948	0.423	0.204	0.196	-17055.162
534	16	500	499	0.5024	0.330	0.307	0.300	0.246	0.303	0.330	0.330	0.269	0.283	0.337	0.305	0.298	0.289	0.293	0.332	0.289	0.336	0.272	0.370	0.280	0.281	0.331	0.313	0.280	0.241	0.376	0.275	0.311	0.304	0.302	1.983	0.206	0.105	0.204	-17000.402
535	16	500	500	0.5088	0.312	0.379	0.278	0.254	0.308	0.219	0.299	0.231	0.250	0.305	0.299	0.318	0.332	0.304	0.393	0.380	0.229	0.309	0.246	0.269	0.325	0.296	0.330	0.284	0.279	0.334	0.223	0.294	0.251	0.324	1.995	0.319	0.158	0.203	-16620.414
536	16	500	500	0.5258	0.322	0.413	0.222	0.265	0.287	0.336	0.257	0.256	0.270	0.303	0.264	0.286	0.229	0.294	0.355	0.297	0.327	0.266	0.340	0.278	0.309	0.280	0.338	0.345	0.294	0.346	0.266	0.356	0.259	0.341	1.900	0.474	0.263	0.194	-16802.123
537	16	500	499	0.5123	0.348	0.385	0.243	0.298	0.324	0.249	0.329	0.322	0.321	0.278	0.323	0.298	0.263	0.310	0.297	0.326	0.293	0.346	0.284	0.309	0.305	0.232	0.338	0.321	0.327	0.262	0.255	0.302	0.318	0.220	1.922	0.320	0.161	0.198	-16785.635
538	16	500	500	0.5141	0.280	0.312	0.266	0.311	0.323	0.297	0.344	0.269	0.286	0.344	0.285	0.301	0.290	0.288	0.336	0.276	0.326	0.344	0.283	0.301	0.268	0.293	0.307	0.293	0.344	0.315	0.325	0.307	0.322	0.309	2.112	0.342	0.183	0.218	-17081.942
539	16	500	500	0.5204	0.311	0.340	0.275	0.247	0.313	0.295	0.260	0.262	0.266	0.252	0.286	0.292	0.277	0.297	0.322	0.295	0.301	0.342	0.260	0.292	0.266	0.285	0.317	0.211	0.247	0.290	0.259	0.310	0.315	0.246	2.035	0.418	0.191	0.201	-16366.450
540	16	500	500	0.5043	0.304	0.246	0.333	0.261	0.311	0.294	0.317	0.407	0.333	0.305	0.311	0.262	0.214	0.308	0.360	0.249	0.293	0.251	0.336	0.335	0.426	0.286	0.302	0.330	0.311	0.287	0.304	0.287	0.334	0.335	2.022	0.352	0.190	0.200	-17179.225
541	16	500	500	0.5008	0.274	0.429	0.290	0.289	0.351	0.289	0.332	0.316	0.310	0.298	0.357	0.337	0.325	0.281	0.357	0.257	0.379	0.285	0.399	0.314	0.313	0.300	0.306	0.343	0.228	0.327	0.296	0.386	0.306	0.304	1.970	0.287	0.174	0.206	-17538.782
542	16	500	500	0.5080	0.330	0.304	0.283	0.342	0.294	0.304	0.299	0.255	0.280	0.339	0.318	0.231	0.270	0.249	0.283	0.264	0.286	0.301	0.269	0.290	0.286	0.299	0.301	0.299	0.298	0.304	0.300	0.300	0.276	0.329	1.942	0.404	0.191	0.202	-16679.371
543	16	500	500	0.5206	0.308	0.306	0.314	0.278	0.271	0.289	0.272	0.340	0.357	0.367	0.311	0.275	0.314	0.263	0.324	0.252	0.220	0.263	0.243	0.322	0.336	0.364	0.281	0.288	0.299	0.331	0.256	0.266	0.301	0.273	1.986	0.229	0.105	0.208	-16809.119
544	16	500	498	0.5071	0.314	0.262	0.301	0.294	0.292	0.316	0.307	0.339	0.322	0.308	0.296	0.294	0.292	0.308	0.305	0.303	0.318	0.337	0.339	0.256	0.304	0.360	0.282	0.226	0.257	0.296	0.248	0.340	0.266	0.254	1.941	0.467	0.226	0.200	-16645.483
545	16	500	500	0.5189	0.340	0.276	0.319	0.296	0.276	0.321	0.262	0.336	0.277	0.300	0.260	0.261	0.335	0.291	0.258	0.331	0.313	0.267	0.303	0.303	0.253	0.288	0.254	0.246	0.272	0.292	0.322	0.238	0.288	0.295	2.034	0.157	0.070	0.216	-16578.882
546	16	500	500	0.5004	0.310	0.392	0.230	0.392	0.283	0.220	0.347	0.306	0.313	0.281	0.258	0.308	0.237	0.320	0.341	0.246	0.273	0.299	0.365	0.275	0.286	0.334	0.346	0.355	0.299	0.283	0.314	0.333	0.260	0.285	2.050	0.433	0.176	0.202	-16713.551
547	16	500	500	0.5160	0.315	0.298	0.333	0.296	0.355	0.284	0.317	0.319	0.390	0.401	0.318	0.303	0.327	0.344	0.263	0.270	0.293	0.284	0.316	0.328	0.258	0.274	0.285	0.354	0.307	0.270	0.300	0.334	0.280	0.362	1.895	0.272	0.140	0.201	-17282.835
548	16	500	500	0.5029	0.301	0.214	0.289	0.259	0.352	0.277	0.289	0.308	0.253	0.306	0.368	0.290	0.269	0.333	0.286	0.321	0.330	0.349	0.270	0.336	0.263	0.357	0.276	0.312	0.251	0.324	0.248	0.318	0.267	0.304	1.998	0.264	0.134	0.189	-16694.582
549	16	500	500	0.5140	0.336	0.338	0.326	0.270	0.252	0.264	0.268	0.272	0.311	0.304	0.267	0.291	0.279	0.307	0.309	0.328	0.420	0.333	0.336	0.288	0.309	0.295	0.363	0.294	0.337	0.256	0.302	0.353	0.299	0.365	2.031	0.251	0.148	0.210	-17143.160
550	16	500	500	0.5086	0.271	0.302	0.295	0.317	0.307	0.368	0.280	0.259	0.307	0.315	0.297	0.294	0.353	0.300	0.317	0.306	0.327	0.310	0.275	0.256	0.311	0.306	0.267	0.308	0.303	0.263	0.332	0.257	0.305	0.293	2.065	0.290	0.142	0.197	-16774.216
551	16	500	500	0.5099	0.341	0.312	0.337	0.249	0.357	0.247	0.317	0.260	0.218	0.290	0.312	0.258	0.339	0.269	0.259	0.350	0.288	0.293	0.264	0.267	0.272	0.324	0.342	0.322	0.280	0.312	0.236	0.249	0.307	0.310	2.108	0.414	0.184	0.209	-16540.603
552	16	500	500	0.5222	0.335	0.270	0.275	0.298	0.325	0.324	0.259	0.377	0.329	0.298	0.275	0.298	0.336	0.275	0.313	0.296	0.334	0.325	0.265	0.285	0.309	0.283	0.377	0.298	0.338	0.368	0.267	0.317	0.288	0.260	1.952	0.272	0.134	0.189	-16987.764
553	16	500	500	0.5222	0.246	0.279	0.328	0.304	0.302	0.298	0.279	0.281	0.343	0.297	0.270	0.344	0.299	0.317	0.381	0.268	0.328	0.296	0.317	0.295	0.295	0.349	0.297	0.288	0.375	0.258	0.315	0.278	0.277	0.336	2.025	0.410	0.205	0.195	-17032.532
554	16	500	500	0.5031	0.294	0.286	0.314	0.296	0.344	0.272	0.314	0.299	0.304	0.332	0.336	0.343	0.338	0.329	0.303	0.291	0.274	0.239	0.321	0.319	0.285	0.264	0.335	0.339	0.310	0.340	0.307	0.317	0.257	0.298	1.997	0.529	0.304	0.215	-17108.275
555	16	500	500	0.5131	0.337	0.268	0.258	0.279	0.241	0.353	0.326	0.287	0.324	0.302	0.318	0.271	0.309	0.301	0.309	0.330	0.400	0.329	0.304	0.310	0.382	0.307	0.328	0.229	0.283	0.280	0.309	0.304	0.310	0.338	1.955	0.163	0.087	0.201	-17123.466
556	16	500	500	0.4988	0.312	0.292	0.343	0.255	0.311	0.287	0.326	0.380	0.292	0.315	0.272	0.267	0.271	0.273	0.334	0.277	0.310	0.293	0.312	0.276	0.414	0.365	0.281	0.336	0.343	0.282	0.350	0.273	0.313	0.311	1.924	0.194	0.118	0.184	-17106.601
557	16	500	499	0.5343	0.278	0.290	0.316	0.279	0.329	0.201	0.327	0.332	0.330	0.280	0.289	0.359	0.241	0.320	0.312	0.317	0.325	0.308	0.334	0.280	0.396	0.284	0.369	0.241	0.230	0.311	0.275	0.319	0.333	0.307	1.956	0.359	0.193	0.211	-16959.240
558	16	500	500	0.5248	0.239	0.226	0.265	0.310	0.299	0.300	0.318	0.267	0.262	0.249	0.279	0.279	0.306	0.282	0.250	0.322	0.263	0.296	0.357	0.304	0.299	0.295	0.316	0.320	0.343	0.307	0.305	0.259	0.282	0.306	1.966	0.377	0.157	0.202	-16635.620
559	16	500	500	0.5227	0.333	0.272	0.262	0.312	0.282	0.308	0.311	0.273	0.265	0.274	0.255	0.274	0.293	0.350	0.291	0.284	0.274	0.321	0.273	0.254	0.299	0.290	0.315	0.283	0.236	0.282	0.305	0.334	0.300	0.252	2.184	0.426	0.175	0.204	-16430.578
560	16	500	500	0.4973	0.282	0.301	0.314	0.305	0.258	0.348	0.290	0.318	0.318	0.310	0.352	0.342	0.286	0.265	0.272	0.213	0.381	0.272	0.314	0.284	0.315	0.315	0.245	0.328	0.305	0.309	0.296	0.301	0.304	0.283	1.964	0.287	0.139	0.218	-17103.394
561	16	500	500	0.5173	0.337	0.259	0.308	0.276	0.258	0.301	0.288	0.293	0.317	0.350	0.299	0.339	0.305	0.265	0.255	0.270	0.357	0.314	0.310	0.219	0.314	0.342	0.306	0.249	0.293	0.308	0.281	0.282	0.362	0.278	2.009	0.228	0.117	0.199	-16735.362
562	16	500	500	0.5121	0.274	0.318	0.318	0.296	0.260	0.344	0.318	0.327	0.367	0.339	0.261	0.318	0.262	0.275	0.349	0.228	0.259	0.329	0.303	0.357	0.358	0.312	0.374	0.348	0.294	0.342	0.280	0.347	0.293	0.224	1.958	0.252	0.155	0.198	-17138.536
563	16	500	500	0.5189	0.232	0.362	0.299	0.301	0.273	0.313	0.317	0.303	0.361	0.271	0.276	0.246	0.274	0.360	0.309	0.229	0.272	0.326	0.290	0.260	0.371	0.333	0.278	0.277	0.314	0.308	0.312	0.263	0.343	0.240	1.980	0.253	0.135	0.211	-16882.001
564	16	500	500	0.5201	0.251	0.302	0.310	0.289	0.338	0.346	0.325	0.396	0.274	0.306	0.341	0.334	0.251	0.246	0.340	0.240	0.248	0.361	0.299	0.325	0.284	0.311	0.299	0.284	0.274	0.323	0.350	0.324	0.289	0.245	1.922	0.324	0.173	0.197	-17089.835
565	16	500	500	0.5262	0.308	0.246	0.361	0.309	0.347	0.312	0.327	0.323	0.338	0.298	0.300	0.254	0.342	0.270	0.286	0.352	0.302	0.278	0.281	0.246	0.291	0.294	0.304	0.248	0.289	0.231	0.257	0.273	0.339	0.288	1.936	0.154	0.077	0.190	-16652.091
566	16	500	499	0.5095	0.371	0.305	0.349	0.268	0.322	0.308	0.318	0.314	0.268	0.295	0.284	0.339	0.315	0.276	0.326	0.336	0.378	0.265	0.355	0.281	0.367	0.333	0.309	0.272	0.315	0.261	0.287	0.302	0.309	0.308	2.000	0.347	0.197	0.195	-17086.031
567	16	500	500	0.4989	0.369	0.317	0.291	0.267	0.298	0.266	0.295	0.255	0.312	0.273	0.328	0.304	0.372	0.267	0.241	0.302	0.306	0.301	0.333	0.313	0.295	0.335	0.285	0.336	0.342	0.272	0.306	0.306	0.288	0.281	1.968	0.298	0.151	0.192	-16775.976
568	16	500	500	0.5099	0.365	0.309	0.289	0.250	0.301	0.223	0.389	0.285	0.231	0.289	0.344	0.328	0.266	0.316	0.289	0.321	0.329	0.354	0.292	0.334	0.319	0.295	0.300	0.354	0.260	0.311	0.271	0.244	0.274	0.322	2.044	0.299	0.160	0.203	-16808.263
569	16	500	499	0.5222	0.298	0.298	0.275	0.247	0.330	0.356	0.317	0.295	0.264	0.291	0.300	0.258	0.291	0.294	0.287	0.275	0.371	0.291	0.260	0.324	0.291	0.296	0.301	0.311	0.302	0.270	0.321	0.335	0.274	0.314	1.830	0.256	0.139	0.183	-16850.693
570	16	500	500	0.5157	0.257	0.231	0.266	0.255	0.324	0.308	0.278	0.297	0.231	0.316	0.305	0.274	0.308	0.261	0.303	0.343	0.297	0.254	0.284	0.297	0.291	0.275	0.313	0.322	0.259	0.258	0.285	0.315	0.233	0.347	2.251	0.352	0.161	0.208	-16287.831
571	16	500	500	0.5046	0.325	0.258	0.280	0.319	0.262	0.326	0.322	0.326	0.308	0.338	0.325	0.278	0.260	0.265	0.290	0.263	0.281	0.365	0.299	0.262	0.291	0.335	0.223	0.315	0.268	0.304	0.323	0.305	0.272	0.342	1.949	0.359	0.191	0.183	-16623.517
572	16	500	500	0.5098	0.326	0.266	0.366	0.261	0.322	0.340	0.291	0.301	0.277	0.260	0.345	0.336	0.275	0.312	0.313	0.295	0.307	0.284	0.310	0.345	0.334	0.341	0.295	0.300	0.385	0.320	0.310	0.307	0.366	0.232	2.014	0.337	0.197	0.214	-17306.516
573	16	500	499	0.5103	0.316	0.357	0.312	0.300	0.283	0.344	0.278	0.293	0.293	0.291	0.300	0.319	0.344	0.297	0.291	0.252	0.340	0.325	0.285	0.283	0.335	0.332	0.287	0.245	0.261	0.294	0.290	0.304	0.247	0.299	1.941	0.360	0.179	0.200	-16893.951
574	16	500	500	0.5030	0.268	0.287	0.285	0.312	0.330	0.284	0.268	0.308	0.287	0.328	0.331	0.329	0.337	0.348	0.285	0.273	0.301	0.322	0.390	0.321	0.277	0.302	0.277	0.362	0.334	0.312	0.343	0.289	0.265	0.347	1.909	0.265	0.162	0.198	-17265.597
575	16	500	500	0.5063	0.269	0.332	0.377	0.287	0.319	0.241	0.341	0.266	0.406	0.245	0.254	0.271	0.338	0.359	0.311	0.278	0.261	0.262	0.309	0.313	0.367	0.370	0.353	0.300	0.259	0.340	0.318	0.308	0.305	0.324	2.087	0.157	0.083	0.203	-17102.512
576	16	500	499	0.5156	0.249	0.348	0.343	0.329	0.296	0.341	0.247	0.296	0.247	0.305	0.270	0.277	0.272	0.295	0.315	0.305	0.262	0.288	0.341	0.289	0.275	0.266	0.344	0.295	0.317	0.295	0.301	0.272	0.350	0.279	1.975	0.139	0.069	0.195	-16828.101
577	16	500	500	0.5140	0.325	0.294	0.255	0.338	0.308	0.244	0.309	0.306	0.328	0.255	0.300	0.299	0.327	0.329	0.297	0.333	0.333	0.298	0.323	0.335	0.316	0.311	0.297	0.337	0.334	0.341	0.283	0.346	0.291	0.317	2.121	0.414	0.210	0.196	-17003.242
578	16	500	499	0.5162	0.279	0.324	0.249	0.337	0.330	0.336	0.273	0.296	0.243	0.322	0.283	0.303	0.239	0.251	0.262	0.316	0.259	0.313	0.325	0.327	0.266	0.238	0.311	0.300	0.311	0.279	0.353	0.318	0.284	0.264	2.113	0.246	0.110	0.218	-16605.583
579	16	500	500	0.5111	0.283	0.311	0.278	0.279	0.234	0.266	0.358	0.332	0.310	0.301	0.291	0.256	0.249	0.247	0.317	0.294	0.320	0.347	0.305	0.364	0.257	0.300	0.321	0.330	0.261	0.308	0.318	0.246	0.331	0.264	2.058	0.200	0.087	0.209	-16601.565
580	16	500	500	0.5098	0.206	0.342	0.330	0.300	0.371	0.323	0.322	0.280	0.255	0.303	0.252	0.335	0.307	0.279	0.330	0.285	0.372	0.319	0.218	0.358	0.290	0.256	0.283	0.306	0.314	0.329	0.288	0.272	0.298	0.322	2.054	0.236	0.124	0.191	-16933.898
581	16	500	500	0.5055	0.261	0.277	0.257	0.268	0.318	0.273	0.334	0.271	0.351	0.332	0.322	0.261	0.213	0.278	0.268	0.262	0.327	0.382	0.323	0.301	0.297	0.260	0.287	0.234	0.307	0.281	0.304	0.320	0.323	0.312	2.010	0.462	0.196	0.207	-16615.871
582	16	500	500	0.5414	0.312	0.364	0.267	0.277	0.269	0.310	0.278	0.283	0.306	0.331	0.227	0.345	0.299	0.384	0.294	0.325	0.269	0.314	0.305	0.324	0.284	0.300	0.271	0.292	0.333	0.290	0.277	0.239	0.288	0.350	1.877	0.230	0.117	0.207	-16994.805
583	16	500	500	0.5175	0.289	0.327	0.275	0.282	0.308	0.298	0.347	0.333	0.340	0.274	0.353	0.314	0.262	0.305	0.290	0.302	0.399	0.251	0.331	0.326	0.339	0.318	0.375	0.382	0.237	0.312	0.329	0.306	0.276	0.336	2.050	0.357	0.220	0.186	-17183.290
584	16	500	500	0.5038	0.306	0.293	0.287	0.301	0.284	0.298	0.352	0.287	0.308	0.304	0.319	0.256	0.309	0.338	0.281	0.325	0.254	0.265	0.267	0.265	0.308	0.276	0.344	0.330	0.276	0.265	0.301	0.429	0.342	0.263	1.983	0.242	0.136	0.207	-16942.065
585	16	500	500	0.5085	0.240	0.296	0.323	0.308	0.306	0.310	0.327	0.361	0.353	0.246	0.302	0.318	0.243	0.329	0.298	0.304	0.311	0.329	0.336	0.274	0.266	0.291	0.311	0.318	0.303	0.317	0.369	0.338	0.332	0.291	2.008	0.383	0.221	0.196	-17200.534
586	16	500	500	0.5155	0.282	0.299	0.309	0.343	0.282	0.301	0.264	0.249	0.345	0.299	0.279	0.261	0.273	0.356	0.309	0.237	0.316	0.322	0.280	0.256	0.287	0.276	0.304	0.277	0.289	0.324	0.322	0.355	0.342	0.265	2.086	0.342	0.170	0.188	-16624.857
587	16	500	499	0.5210	0.278	0.180	0.320	0.289	0.279	0.289	0.276	0.332	0.333	0.345	0.286	0.268	0.206	0.303	0.318	0.347	0.336	0.277	0.273	0.313	0.275	0.262	0.266	0.194	0.351	0.244	0.256	0.287	0.307	0.261	2.005	0.336	0.156	0.184	-16222.440
588	16	500	500	0.5106	0.277	0.304	0.326	0.336	0.259	0.196	0.320	0.328	0.300	0.342	0.320	0.259	0.251	0.329	0.308	0.269	0.277	0.294	0.317	0.288	0.343	0.315	0.297	0.261	0.271	0.297	0.299	0.284	0.366	0.265	1.912	0.313	0.168	0.203	-17037.317
589	16	500	500	0.5175	0.301	0.215	0.235	0.270	0.225	0.285	0.323	0.302	0.276	0.286	0.296	0.294	0.293	0.284	0.271	0.306	0.356	0.302	0.303	0.300	0.289	0.321	0.313	0.266	0.274	0.276	0.312	0.314	0.289	0.274	1.944	0.325	0.132	0.209	-16508.296
590	16	500	500	0.5120	0.308	0.255	0.311	0.248	0.274	0.224	0.349	0.326	0.307	0.246	0.376	0.339	0.309	0.344	0.292	0.321	0.376	0.380	0.279	0.350	0.306	0.339	0.266	0.273	0.335	0.280	0.290	0.258	0.357	0.277	1.938	0.232	0.122	0.218	-17171.355
591	16	500	500	0.5206	0.272	0.321	0.339	0.328	0.268	0.289	0.301	0.283	0.329	0.321	0.258	0.279	0.289	0.327	0.298	0.298	0.267	0.336	0.288	0.330	0.311	0.209	0.270	0.254	0.293	0.312	0.302	0.217	0.334	0.303	2.047	0.323	0.151	0.196	-16650.179
592	16	500	500	0.5145	0.266	0.292	0.301	0.325	0.286	0.291	0.309	0.251	0.349	0.273	0.316	0.318	0.318	0.328	0.295	0.275	0.291	0.273	0.296	0.327	0.339	0.253	0.311	0.319	0.260	0.321	0.268	0.320	0.269	0.307	1.997	0.264	0.147	0.193	-16772.689
593	16	500	498	0.5315	0.259	0.356	0.335	0.249	0.309	0.298	0.271	0.302	0.335	0.314	0.346	0.282	0.270	0.285	0.283	0.283	0.262	0.290	0.267	0.305	0.291	0.332	0.334	0.359	0.328	0.239	0.378	0.243	0.306	0.273	2.027	0.483	0.191	0.198	-16722.833
594	16	500	500	0.5117	0.232	0.312	0.297	0.248	0.301	0.309	0.271	0.269	0.318	0.317	0.239	0.312	0.356	0.305	0.334	0.230	0.343	0.343	0.284	0.284	0.253	0.282	0.318	0.255	0.288	0.313	0.260	0.328	0.260	0.272	2.088	0.344	0.185	0.212	-16651.411
595	16	500	500	0.5138	0.271	0.394	0.318	0.230	0.332	0.323	0.308	0.319	0.231	0.364	0.323	0.373	0.340	0.316	0.301	0.288	0.303	0.253	0.359	0.298	0.300	0.332	0.306	0.316	0.347	0.300	0.278	0.281	0.322	0.319	1.865	0.059	0.036	0.212	-17444.096
596	16	500	498	0.5155	0.261	0.270	0.322	0.284	0.238	0.288	0.325	0.310	0.302	0.342	0.300	0.325	0.345	0.362	0.211	0.324	0.283	0.349	0.253	0.280	0.254	0.319	0.321	0.307	0.303	0.330	0.302	0.286	0.310	0.252	2.120	0.490	0.240	0.201	-16731.892
597	16	500	500	0.5142	0.310	0.283	0.272	0.293	0.316	0.268	0.338	0.262	0.244	0.330	0.188	0.284	0.338	0.337	0.288	0.295	0.275	0.319	0.331	0.273	0.260	0.290	0.305	0.255	0.334	0.268	0.276	0.339	0.337	0.245	2.081	0.295	0.143	0.207	-16643.712
598	16	500	500	0.5258	0.284	0.282	0.300	0.244	0.330	0.287	0.241	0.267	0.368	0.229	0.319	0.244	0.278	0.316	0.304	0.223	0.359	0.258	0.343	0.246	0.289	0.277	0.352	0.295	0.273	0.311	0.297	0.298	0.235	0.341	1.993	0.420	0.186	0.198	-16574.107
599	16	500	500	0.5183	0.321	0.343	0.263	0.305	0.345	0.260	0.290	0.291	0.339	0.312	0.360	0.268	0.261	0.320	0.329	0.234	0.370	0.365	0.302	0.285	0.263	0.291	0.264	0.295	0.329	0.316	0.209	0.313	0.265	0.326	2.124	0.380	0.220	0.198	-16889.075
600	16	500	500	0.5217	0.242	0.316	0.286	0.297	0.312	0.298	0.232	0.319	0.341	0.303	0.315	0.257	0.330	0.295	0.317	0.270	0.341	0.307	0.276	0.267	0.268	0.281	0.286	0.265	0.359	0.327	0.325	0.321	0.238	0.313	1.957	0.339	0.164	0.186	-16675.488
601	16	500	500	0.5105	0.309	0.280	0.345	0.291	0.301	0.256	0.267	0.317	0.262	0.293	0.308	0.280	0.304	0.319	0.365	0.351	0.242	0.360	0.327	0.317	0.329	0.287	0.316	0.376	0.309	0.279	0.287	0.324	0.333	0.354	1.947	0.377	0.190	0.203	-17063.217
602	16	500	499	0.5068	0.303	0.197	0.258	0.298	0.273	0.388	0.287	0.301	0.277	0.361	0.260	0.339	0.323	0.298	0.306	0.334	0.326	0.239	0.275	0.308	0.298	0.276	0.285	0.293	0.316	0.321	0.253	0.297	0.308	0.259	2.048	0.440	0.201	0.193	-16534.620
603	16	500	500	0.5151	0.342	0.337	0.259	0.313	0.325	0.326	0.260	0.294	0.305	0.345	0.315	0.329	0.306	0.290	0.310	0.338	0.258	0.365	0.286	0.278	0.295	0.301	0.286	0.266	0.292	0.272	0.343	0.295	0.297	0.296	2.069	0.319	0.195	0.193	-16949.379
604	16	500	500	0.5181	0.329	0.252	0.391	0.273	0.240	0.288	0.334	0.355	0.349	0.332	0.260	0.300	0.368	0.265	0.346	0.315	0.274	0.283	0.337	0.264	0.300	0.322	0.264	0.372	0.314	0.331	0.298	0.245	0.313	0.280	2.027	0.189	0.098	0.189	-16854.201
605	16	500	500	0.5357	0.351	0.346	0.358	0.266	0.293	0.319	0.268	0.326	0.314	0.286	0.294	0.272	0.310	0.246	0.258	0.280	0.280	0.307	0.337	0.292	0.263	0.321	0.306	0.287	0.305	0.289	0.305	0.234	0.334	0.238	2.015	0.485	0.209	0.211	-16557.516
606	16	500	500	0.5133	0.290	0.276	0.323	0.285	0.284	0.289	0.298	0.391	0.290	0.349	0.350	0.304	0.361	0.271	0.326	0.296	0.255	0.318	0.331	0.271	0.260	0.335	0.326	0.335	0.257	0.288	0.295	0.353	0.262	0.247	2.034	0.119	0.064	0.191	-16879.484
607	16	500	499	0.5195	0.329	0.311	0.343	0.209	0.356	0.245	0.316	0.343	0.330	0.406	0.304	0.302	0.306	0.318	0.333	0.267	0.306	0.302	0.291	0.281	0.351	0.344	0.321	0.276	0.353	0.264	0.293	0.265	0.281	0.331	2.004	0.369	0.189	0.201	-17098.648
608	16	500	499	0.5145	0.326	0.360	0.258	0.351	0.320	0.298	0.334	0.294	0.319	0.286	0.282	0.318	0.328	0.281	0.264	0.282	0.292	0.232	0.321	0.295	0.323	0.270	0.249	0.342	0.317	0.339	0.291	0.295	0.256	0.347	2.101	0.295	0.156	0.197	-16857.979
609	16	500	500	0.5084	0.276	0.308	0.309	0.238	0.273	0.284	0.312	0.233	0.305	0.293	0.253	0.267	0.279	0.307	0.281	0.234	0.278	0.276	0.300	0.280	0.242	0.262	0.316	0.257	0.306	0.312	0.293	0.318	0.329	0.338	2.081	0.326	0.136	0.208	-16331.234
610	16	500	499	0.5109	0.312	0.344	0.293	0.302	0.298	0.353	0.259	0.338	0.351	0.296	0.300	0.300	0.300	0.313	0.328	0.287	0.331	0.306	0.363	0.311	0.352	0.307	0.357	0.249	0.376	0.271	0.267	0.290	0.289	0.263	2.008	0.380	0.185	0.203	-17089.241
611	16	500	500	0.5242	0.321	0.284	0.289	0.268	0.290	0.291	0.290	0.331	0.262	0.281	0.231	0.336	0.275	0.302	0.275	0.351	0.200	0.326	0.323	0.262	0.237	0.303	0.326	0.344	0.259	0.290	0.260	0.238	0.241	0.373	2.034	0.161	0.075	0.189	-16435.981
612	16	500	500	0.5262	0.299	0.302	0.296	0.281	0.308	0.348	0.267	0.299	0.290	0.364	0.286	0.310	0.284	0.306	0.266	0.321	0.341	0.311	0.313	0.284	0.337	0.262	0.326	0.274	0.305	0.284	0.299	0.318	0.315	0.290	2.096	0.324	0.161	0.206	-16840.667
613	16	500	500	0.5174	0.243	0.322	0.333	0.287	0.271	0.337	0.319	0.271	0.331	0.384	0.270	0.339	0.226	0.272	0.309	0.256	0.234	0.338	0.317	0.225	0.276	0.328	0.251	0.294	0.329	0.334	0.266	0.318	0.325	0.349	1.974	0.267	0.130	0.194	-16691.027
614	16	500	500	0.5033	0.251	0.286	0.245	0.288	0.321	0.278	0.294	0.298	0.245	0.289	0.258	0.293	0.330	0.279	0.298	0.319	0.325	0.310	0.279	0.344	0.245	0.364	0.315	0.276	0.268	0.285	0.308	0.237	0.280	0.316	1.959	0.339	0.154	0.196	-16502.664
615	16	500	500	0.5072	0.284	0.325	0.348	0.280	0.303	0.254	0.339	0.256	0.222	0.264	0.271	0.310	0.296	0.289	0.298	0.341	0.269	0.331	0.301	0.357	0.349	0.258	0.232	0.309	0.273	0.329	0.274	0.285	0.289	0.318	1.941	0.297	0.132	0.205	-16631.042
616	16	500	500	0.5174	0.440	0.258	0.330	0.275	0.297	0.355	0.313	0.296	0.397	0.183	0.289	0.254	0.361	0.283	0.264	0.185	0.266	0.203	0.293	0.358	0.234	0.307	0.415	0.288	0.304	0.324	0.326	0.310	0.306	0.335	2.079	0.325	0.171	0.202	-16792.370
617	16	500	500	0.5279	0.245	0.258	0.362	0.332	0.255	0.274	0.312	0.333	0.273	0.303	0.245	0.287	0.255	0.274	0.314	0.324	0.287	0.293	0.302	0.294	0.348	0.281	0.311	0.284	0.258	0.338	0.302	0.252	0.295	0.308	1.848	0.418	0.192	0.188	-16729.808
618	16	500	500	0.5128	0.275	0.314	0.299	0.302	0.266	0.272	0.311	0.256	0.268	0.316	0.328	0.310	0.233	0.316	0.329	0.329	0.255	0.226	0.283	0.323	0.322	0.369	0.271	0.314	0.275	0.264	0.292	0.311	0.287	0.313	1.835	0.211	0.093	0.188	-16684.625
619	16	500	500	0.5242	0.243	0.302	0.332	0.317	0.292	0.288	0.213	0.288	0.318	0.298	0.292	0.267	0.255	0.292	0.308	0.302	0.249	0.328	0.284	0.324	0.310	0.309	0.289	0.331	0.247	0.281	0.330	0.346	0.300	0.283	2.032	0.292	0.141	0.209	-16820.395
620	16	500	500	0.5245	0.364	0.207	0.285	0.281	0.320	0.304	0.268	0.308	0.346	0.244	0.263	0.303	0.316	0.313	0.318	0.369	0.210	0.353	0.288	0.298	0.273	0.282	0.277	0.332	0.324	0.287	0.369	0.281	0.246	0.282	2.000	0.536	0.272	0.193	-16682.613
621	16	500	499	0.4994	0.268	0.266	0.258	0.280	0.217	0.323	0.275	0.270	0.285	0.288	0.292	0.278	0.283	0.330	0.251	0.294	0.360	0.224	0.295	0.319	0.255	0.294	0.320	0.252	0.255	0.290	0.308	0.285	0.268	0.257	1.957	0.287	0.111	0.185	-16109.268
622	16	500	500	0.5060	0.220	0.294	0.321	0.288	0.290	0.280	0.288	0.279	0.321	0.331	0.283	0.269	0.268	0.276	0.306	0.255	0.358	0.291	0.331	0.288	0.273	0.253	0.307	0.257	0.232	0.318	0.310	0.289	0.284	0.359	1.993	0.352	0.144	0.207	-16467.681
623	16	500	498	0.4983	0.342	0.272	0.338	0.331	0.324	0.254	0.314	0.285	0.332	0.344	0.337	0.301	0.248	0.308	0.235	0.321	0.291	0.311	0.289	0.307	0.278	0.378	0.288	0.347	0.307	0.336	0.262	0.231	0.285	0.369	1.943	0.287	0.172	0.198	-17016.595
624	16	500	500	0.5137	0.346	0.310	0.277	0.300	0.321	0.297	0.261	0.304	0.252	0.212	0.309	0.288	0.295	0.314	0.315	0.292	0.295	0.286	0.337	0.270	0.310	0.256	0.288	0.329	0.276	0.298	0.287	0.298	0.305	0.329	1.878	0.355	0.180	0.205	-16805.271
625	16	500	500	0.5298	0.478	0.370	0.275	0.257	0.340	0.308	0.277	0.255	0.314	0.339	0.323	0.255	0.320	0.317	0.247	0.139	0.302	0.339	0.320	0.295	0.266	0.321	0.276	0.269	0.337	0.256	0.277	0.256	0.288	0.338	1.872	0.273	0.128	0.216	-16861.552
626	16	500	500	0.5295	0.194	0.279	0.294	0.246	0.289	0.250	0.270	0.329	0.266	0.292	0.303	0.251	0.330	0.363	0.252	0.385	0.313	0.266	0.321	0.287	0.320	0.293	0.294	0.302	0.281	0.320	0.290	0.278	0.299	0.299	1.852	0.000	0.000	0.206	-16774.514
627	16	500	500	0.5032	0.297	0.299	0.225	0.251	0.303	0.338	0.287	0.272	0.266	0.275	0.329	0.294	0.328	0.288	0.275	0.334	0.371	0.290	0.344	0.304	0.291	0.298	0.251	0.256	0.285	0.278	0.275	0.312	0.322	0.294	1.957	0.306	0.143	0.200	-16641.382
628	16	500	500	0.5087	0.331	0.320	0.282	0.284	0.324	0.313	0.246	0.378	0.295	0.296	0.335	0.313	0.267	0.274	0.330	0.351	0.364	0.272	0.293	0.319	0.347	0.323	0.256	0.348	0.288	0.309	0.327	0.318	0.323	0.332	1.958	0.271	0.149	0.208	-17224.587
629	16	500	500	0.5218	0.348	0.404	0.315	0.272	0.308	0.261	0.315	0.333	0.262	0.316	0.338	0.291	0.346	0.301	0.335	0.314	0.338	0.304	0.321	0.301	0.336	0.312	0.313	0.259	0.241	0.344	0.286	0.343	0.315	0.256	1.889	0.179	0.110	0.186	-17272.166
630	16	500	500	0.5071	0.296	0.348	0.328	0.286	0.271	0.308	0.364	0.336	0.396	0.338	0.372	0.299	0.287	0.265	0.335	0.269	0.293	0.326	0.316	0.289	0.307	0.299	0.303	0.325	0.242	0.261	0.282	0.350	0.310	0.271	2.041	0.371	0.171	0.214	-16950.581
631	16	500	500	0.5064	0.314	0.292	0.305	0.286	0.308	0.305	0.337	0.295	0.312	0.307	0.269	0.278	0.363	0.296	0.297	0.325	0.335	0.275	0.313	0.339	0.265	0.277	0.350	0.247	0.321	0.347	0.281	0.308	0.318	0.284	1.954	0.284	0.153	0.195	-16984.595
632	16	500	499	0.5209	0.258	0.285	0.302	0.232	0.258	0.308	0.326	0.310	0.249	0.262	0.288	0.311	0.302	0.284	0.315	0.268	0.316	0.300	0.355	0.298	0.246	0.299	0.278	0.260	0.339	0.319	0.264	0.308	0.268	0.304	1.850	0.271	0.112	0.207	-16523.649
633	16	500	500	0.5212	0.284	0.320	0.311	0.268	0.245	0.289	0.341	0.337	0.264	0.361	0.301	0.254	0.292	0.315	0.287	0.317	0.292	0.351	0.297	0.309	0.315	0.298	0.283	0.275	0.280	0.324	0.312	0.286	0.330	0.315	2.013	0.291	0.144	0.214	-16986.145
634	16	500	499	0.5225	0.312	0.236	0.291	0.291	0.301	0.241	0.240	0.345	0.341	0.371	0.288	0.326	0.210	0.304	0.266	0.265	0.317	0.290	0.257	0.294	0.290	0.305	0.294	0.234	0.303	0.252	0.293	0.257	0.278	0.260	1.963	0.333	0.146	0.215	-16510.963
635	16	500	500	0.5150	0.371	0.294	0.321	0.314	0.282	0.277	0.349	0.289	0.233	0.319	0.312	0.287	0.313	0.301	0.312	0.379	0.214	0.282	0.274	0.353	0.303	0.251	0.283	0.339	0.353	0.317	0.290	0.240	0.287	0.338	1.922	0.314	0.165	0.208	-16957.393
636	16	500	500	0.5127	0.287	0.217	0.295	0.298	0.255	0.324	0.321	0.311	0.317	0.273	0.318	0.301	0.312	0.291	0.328	0.255	0.370	0.319	0.241	0.330	0.272	0.369	0.332	0.237	0.392	0.310	0.336	0.258	0.295	0.287	1.945	0.360	0.176	0.198	-16922.722
637	16	500	500	0.5134	0.267	0.342	0.233	0.281	0.245	0.246	0.283	0.326	0.366	0.357	0.262	0.323	0.243	0.322	0.331	0.280	0.320	0.343	0.318	0.314	0.281	0.325	0.253	0.219	0.321	0.313	0.241	0.308	0.279	0.233	1.918	0.429	0.218	0.204	-16701.946
638	16	500	500	0.5116	0.336	0.261	0.335	0.320	0.297	0.278	0.297	0.303	0.318	0.291	0.273	0.293	0.309	0.237	0.296	0.318	0.273	0.276	0.238	0.298	0.373	0.356	0.273	0.270	0.298	0.291	0.312	0.323	0.344	0.320	2.016	0.361	0.181	0.201	-16901.119
639	16	500	500	0.5310	0.302	0.283	0.320	0.312	0.270	0.332	0.254	0.287	0.265	0.233	0.271	0.258	0.276	0.343	0.320	0.267	0.354	0.272	0.316	0.311	0.290	0.367	0.278	0.230	0.325	0.297	0.238	0.369	0.265	0.295	2.024	0.504	0.258	0.217	-16822.133
640	16	500	499	0.5176	0.336	0.301	0.378	0.322	0.255	0.206	0.307	0.286	0.274	0.252	0.301	0.278	0.337	0.304	0.267	0.334	0.258	0.242	0.329	0.284	0.307	0.290	0.289	0.365	0.325	0.278	0.282	0.275	0.322	0.318	1.948	0.380	0.165	0.219	-16840.599
641	16	500	500	0.5130	0.358	0.255	0.311	0.277	0.267	0.281	0.341	0.358	0.291	0.314	0.309	0.281	0.347	0.358	0.227	0.378	0.316	0.285	0.366	0.338	0.315	0.280	0.271	0.304	0.316	0.344	0.294	0.296	0.271	0.351	2.061	0.237	0.123	0.205	-17108.927
642	16	500	500	0.5010	0.319	0.247	0.303	0.293	0.300	0.309	0.289	0.270	0.286	0.314	0.220	0.336	0.232	0.269	0.296	0.313	0.295	0.219	0.316	0.314	0.316	0.235	0.286	0.348	0.330	0.272	0.369	0.317	0.294	0.292	1.897	0.230	0.106	0.192	-16539.495
643	16	500	500	0.5074	0.303	0.288	0.236	0.332	0.291	0.329	0.304	0.267	0.349	0.270	0.365	0.343	0.303	0.274	0.334	0.270	0.261	0.303	0.327	0.273	0.359	0.283	0.288	0.328	0.307	0.341	0.305	0.268	0.291	0.324	2.095	0.375	0.200	0.192	-16830.986
644	16	500	500	0.5306	0.268	0.285	0.372	0.293	0.281	0.248	0.244	0.306	0.292	0.307	0.272	0.313	0.328	0.271	0.273	0.251	0.208	0.320	0.273	0.289	0.289	0.255	0.351	0.397	0.272	0.279	0.398	0.316	0.311	0.255	2.049	0.260	0.141	0.187	-16665.205
645	16	500	499	0.5146	0.348	0.304	0.296	0.267	0.275	0.331	0.230	0.300	0.252	0.230	0.252	0.302	0.317	0.287	0.308	0.318	0.265	0.263	0.310	0.289	0.360	0.317	0.325	0.276	0.295	0.374	0.283	0.315	0.325	0.315	2.018	0.318	0.144	0.210	-16635.343
646	16	500	500	0.5161	0.286	0.374	0.227	0.268	0.347	0.330	0.313	0.275	0.290	0.332	0.291	0.314	0.326	0.248	0.266	0.327	0.313	0.363	0.326	0.273	0.330	0.285	0.287	0.330	0.326	0.224	0.307	0.307	0.325	0.322	1.962	0.246	0.143	0.196	-17032.275
647	16	500	500	0.5153	0.360	0.371	0.373	0.324	0.258	0.313	0.383	0.332	0.291	0.323	0.294	0.253	0.252	0.297	0.273	0.314	0.276	0.297	0.380	0.297	0.294	0.306	0.332	0.285	0.319	0.324	0.297	0.332	0.279	0.337	1.920	0.286	0.204	0.198	-17401.153
648	16	500	500	0.5260	0.337	0.326	0.307	0.298	0.299	0.327	0.260	0.316	0.380	0.299	0.259	0.313	0.355	0.283	0.317	0.299	0.243	0.313	0.307	0.313	0.289	0.338	0.297	0.312	0.311	0.263	0.290	0.345	0.291	0.326	1.929	0.366	0.205	0.214	-17217.192
649	16	500	500	0.5133	0.304	0.235	0.333	0.314	0.241	0.392	0.299	0.350	0.261	0.346	0.307	0.292	0.334	0.275	0.275	0.320	0.225	0.327	0.309	0.251	0.256	0.309	0.322	0.282	0.288	0.339	0.292	0.314	0.307	0.267	1.907	0.320	0.160	0.200	-16799.789
650	16	500	500	0.5288	0.315	0.389	0.297	0.237	0.333	0.257	0.264	0.317	0.267	0.262	0.315	0.314	0.410	0.331	0.270	0.331	0.347	0.341	0.290	0.252	0.296	0.260	0.361	0.266	0.249	0.276	0.292	0.356	0.348	0.252	1.809	0.263	0.135	0.206	-17074.328
651	16	500	499	0.5119	0.309	0.246	0.271	0.285	0.264	0.277	0.279	0.290	0.339	0.281	0.292	0.329	0.358	0.311	0.299	0.284	0.304	0.316	0.307	0.314	0.316	0.271	0.301	0.328	0.285	0.258	0.270	0.274	0.281	0.303	1.914	0.469	0.255	0.187	-16624.828
652	16	500	500	0.5181	0.267	0.329	0.294	0.287	0.302	0.305	0.284	0.321	0.259	0.322	0.361	0.259	0.317	0.323	0.370	0.314	0.311	0.284	0.330	0.276	0.325	0.320	0.357	0.292	0.273	0.312	0.287	0.364	0.276	0.271	1.979	0.246	0.133	0.209	-17131.713
653	16	500	499	0.5230	0.322	0.290	0.256	0.303	0.348	0.299	0.278	0.287	0.294	0.367	0.280	0.235	0.317	0.350	0.367	0.311	0.336	0.254	0.335	0.322	0.342	0.260	0.325	0.354	0.322	0.252	0.259	0.301	0.304	0.298	2.067	0.326	0.179	0.178	-16819.277
654	16	500	499	0.5203	0.254	0.252	0.320	0.275	0.301	0.303	0.309	0.278	0.327	0.316	0.291	0.260	0.343	0.304	0.268	0.290	0.296	0.265	0.212	0.299	0.265	0.295	0.277	0.265	0.318	0.279	0.285	0.293	0.239	0.339	2.014	0.365	0.185	0.191	-16464.912
655	16	500	500	0.5267	0.273	0.249	0.327	0.284	0.284	0.207	0.317	0.279	0.285	0.321	0.296	0.282	0.288	0.248	0.310	0.229	0.251	0.253	0.296	0.293	0.294	0.310	0.250	0.318	0.269	0.307	0.333	0.303	0.265	0.335	1.969	0.294	0.144	0.183	-16383.311
656	16	500	500	0.5015	0.277	0.283	0.368	0.315	0.286	0.292	0.270	0.319	0.280	0.336	0.261	0.284	0.311	0.290	0.302	0.247	0.312	0.291	0.302	0.298	0.219	0.331	0.314	0.303	0.325	0.339	0.272	0.330	0.299	0.333	1.998	0.325	0.141	0.201	-16730.725
657	16	500	498	0.5072	0.326	0.340	0.292	0.283	0.336	0.292	0.301	0.255	0.267	0.288	0.312	0.289	0.315	0.324	0.337	0.272	0.355	0.291	0.274	0.274	0.356	0.281	0.324	0.236	0.301	0.294	0.314	0.212	0.272	0.288	1.832	0.328	0.184	0.191	-16845.956
658	16	500	500	0.5280	0.312	0.403	0.245	0.290	0.267	0.245	0.330	0.335	0.318	0.322	0.374	0.258	0.303	0.307	0.367	0.323	0.295	0.291	0.283	0.303	0.269	0.335	0.291	0.288	0.233	0.316	0.289	0.300	0.306	0.313	1.948	0.374	0.180	0.226	-17233.768
659	16	500	500	0.5093	0.308	0.303	0.306	0.245	0.316	0.270	0.282	0.333	0.245	0.310	0.266	0.319	0.294	0.306	0.267	0.279	0.332	0.321	0.299	0.336	0.301	0.295	0.287	0.314	0.352	0.329	0.282	0.270	0.240	0.276	2.040	0.328	0.156	0.203	-16679.838
660	16	500	500	0.5213	0.359	0.264	0.227	0.269	0.300	0.252	0.292	0.270	0.332	0.320	0.335	0.317	0.341	0.341	0.298	0.325	0.292	0.310	0.319	0.292	0.348	0.274	0.311	0.310	0.287	0.286	0.305	0.244	0.306	0.323	1.989	0.366	0.178	0.227	-17042.004
661	16	500	500	0.5290	0.306	0.260	0.316	0.285	0.315	0.289	0.292	0.263	0.334	0.275	0.330	0.315	0.336	0.328	0.305	0.371	0.387	0.343	0.270	0.322	0.216	0.301	0.290	0.256	0.302	0.294	0.321	0.370	0.241	0.335	2.062	0.052	0.028	0.203	-17067.651
662	16	500	500	0.5237	0.276	0.382	0.272	0.291	0.326	0.287	0.307	0.369	0.330	0.263	0.255	0.345	0.338	0.243	0.323	0.330	0.235	0.342	0.282	0.343	0.270	0.291	0.325	0.316	0.297	0.299	0.294	0.252	0.332	0.316	1.991	0.354	0.188	0.200	-16970.419
663	16	500	500	0.5082	0.312	0.316	0.240	0.292	0.278	0.288	0.258	0.293	0.317	0.297	0.228	0.361	0.246	0.253	0.335	0.265	0.259	0.235	0.266	0.284	0.289	0.279	0.294	0.253	0.233	0.231	0.322	0.361	0.281	0.333	1.877	0.437	0.197	0.217	-16451.448
664	16	500	500	0.5201	0.320	0.277	0.342	0.235	0.325	0.237	0.261	0.295	0.326	0.331	0.301	0.271	0.300	0.345	0.309	0.290	0.304	0.321	0.234	0.318	0.357	0.271	0.278	0.358	0.362	0.329	0.354	0.330	0.256	0.352	2.026	0.315	0.185	0.204	-17005.701
665	16	500	500	0.5159	0.298	0.287	0.250	0.267	0.317	0.330	0.220	0.301	0.285	0.311	0.311	0.306	0.283	0.380	0.299	0.278	0.240	0.311	0.330	0.298	0.366	0.280	0.284	0.338	0.363	0.309	0.282	0.283	0.290	0.241	2.045	0.402	0.205	0.199	-16734.330
666	16	500	499	0.5231	0.295	0.301	0.267	0.348	0.328	0.284	0.342	0.313	0.349	0.318	0.267	0.305	0.282	0.275	0.307	0.264	0.331	0.335	0.337	0.292	0.266	0.265	0.285	0.270	0.240	0.276	0.308	0.256	0.316	0.277	2.149	0.145	0.076	0.207	-16772.958
667	16	500	500	0.5153	0.336	0.362	0.301	0.278	0.262	0.300	0.257	0.281	0.219	0.317	0.301	0.288	0.286	0.304	0.317	0.282	0.285	0.380	0.350	0.272	0.260	0.290	0.323	0.246	0.301	0.290	0.279	0.249	0.329	0.298	2.106	0.301	0.137	0.198	-16570.776
668	16	500	500	0.5042	0.264	0.264	0.294	0.254	0.289	0.262	0.293	0.313	0.401	0.281	0.285	0.314	0.289	0.306	0.318	0.293	0.436	0.276	0.272	0.305	0.314	0.281	0.324	0.312	0.234	0.305	0.272	0.210	0.255	0.294	2.041	0.452	0.231	0.206	-16689.619
669	16	500	500	0.5151	0.288	0.249	0.299	0.270	0.262	0.312	0.284	0.389	0.277	0.360	0.274	0.338	0.278	0.303	0.275	0.294	0.347	0.294	0.315	0.230	0.316	0.349	0.296	0.282	0.255	0.279	0.260	0.349	0.268	0.309	1.836	0.324	0.174	0.207	-16844.626
670	16	500	500	0.5120	0.269	0.273	0.315	0.240	0.292	0.298	0.294	0.275	0.339	0.283	0.304	0.282	0.296	0.299	0.249	0.334	0.408	0.280	0.323	0.310	0.287	0.329	0.255	0.278	0.257	0.274	0.326	0.242	0.329	0.280	2.063	0.311	0.159	0.196	-16605.482
671	16	500	500	0.5252	0.301	0.335	0.253	0.272	0.343	0.307	0.306	0.297	0.313	0.320	0.331	0.313	0.336	0.274	0.303	0.345	0.253	0.325	0.301	0.286	0.306	0.283	0.301	0.358	0.378	0.328	0.203	0.263	0.295	0.309	2.010	0.369	0.192	0.186	-16822.201
672	16	500	499	0.5042	0.246	0.271	0.228	0.273	0.278	0.342	0.301	0.314	0.244	0.262	0.253	0.343	0.296	0.361	0.271	0.280	0.262	0.264	0.300	0.311	0.310	0.288	0.289	0.172	0.279	0.317	0.272	0.257	0.329	0.321	1.965	0.320	0.128	0.205	-16392.213
673	16	500	500	0.5027	0.299	0.289	0.275	0.304	0.297	0.291	0.366	0.309	0.281	0.246	0.275	0.329	0.269	0.280	0.348	0.239	0.280	0.338	0.376	0.248	0.285	0.283	0.296	0.305	0.306	0.323	0.294	0.269	0.289	0.287	2.004	0.332	0.161	0.201	-16770.398
674	16	500	500	0.5053	0.311	0.298	0.275	0.303	0.363	0.326	0.342	0.273	0.359	0.259	0.334	0.333	0.279	0.340	0.327	0.348	0.305	0.314	0.311	0.240	0.316	0.245	0.293	0.344	0.368	0.268	0.319	0.353	0.349	0.327	2.051	0.322	0.197	0.196	-17253.855
675	16	500	500	0.5013	0.274	0.312	0.296	0.238	0.332	0.256	0.297	0.256	0.219	0.318	0.347	0.255	0.315	0.322	0.296	0.269	0.235	0.226	0.358	0.279	0.336	0.339	0.336	0.259	0.326	0.284	0.256	0.320	0.303	0.275	1.841	0.000	0.000	0.199	-16680.020
676	16	500	500	0.5138	0.290	0.294	0.248	0.290	0.373	0.219	0.209	0.385	0.352	0.315	0.327	0.266	0.358	0.309	0.275	0.327	0.355	0.308	0.327	0.260	0.323	0.297	0.252	0.343	0.382	0.353	0.316	0.291	0.309	0.307	2.032	0.174	0.095	0.181	-16913.690
677	16	500	500	0.5215	0.365	0.278	0.267	0.241	0.345	0.297	0.265	0.363	0.288	0.280	0.333	0.311	0.281	0.279	0.331	0.348	0.347	0.271	0.350	0.265	0.290	0.324	0.238	0.227	0.343	0.320	0.291	0.263	0.282	0.304	1.956	0.241	0.120	0.188	-16828.386
678	16	500	500	0.5134	0.154	0.219	0.340	0.256	0.356	0.328	0.296	0.310	0.362	0.300	0.314	0.282	0.319	0.276	0.315	0.421	0.300	0.271	0.265	0.358	0.335	0.323	0.351	0.335	0.262	0.297	0.285	0.306	0.310	0.272	2.182	0.211	0.120	0.184	-16813.153
679	16	500	500	0.5127	0.295	0.374	0.272	0.378	0.246	0.324	0.332	0.325	0.284	0.316	0.300	0.316	0.332	0.332	0.318	0.333	0.313	0.254	0.325	0.246	0.290	0.306	0.337	0.295	0.316	0.317	0.304	0.348	0.301	0.274	1.956	0.362	0.199	0.197	-17197.186
680	16	500	500	0.5241	0.345	0.348	0.284	0.316	0.310	0.297	0.296	0.312	0.216	0.257	0.283	0.359	0.351	0.255	0.284	0.324	0.275	0.302	0.303	0.336	0.289	0.287	0.337	0.353	0.286	0.314	0.362	0.342	0.321	0.325	1.947	0.419	0.262	0.193	-17178.195
681	16	500	500	0.5158	0.301	0.285	0.279	0.261	0.236	0.270	0.298	0.294	0.264	0.242	0.312	0.263	0.291	0.315	0.285	0.287	0.279	0.237	0.262	0.327	0.290	0.328	0.274	0.347	0.290	0.273	0.329	0.257	0.321	0.285	1.959	0.341	0.165	0.193	-16441.949
682	16	500	500	0.5088	0.343	0.263	0.227	0.328	0.263	0.308	0.294	0.273	0.258	0.354	0.308	0.255	0.262	0.278	0.252	0.297	0.324	0.293	0.237	0.358	0.271	0.276	0.341	0.303	0.284	0.254	0.284	0.360	0.305	0.317	2.181	0.095	0.043	0.206	-16434.242
683	16	500	500	0.5136	0.249	0.312	0.287	0.317	0.298	0.412	0.281	0.289	0.250	0.275	0.283	0.321	0.296	0.294	0.322	0.293	0.360	0.297	0.301	0.284	0.263	0.276	0.309	0.220	0.346	0.267	0.240	0.334	0.292	0.337	2.046	0.245	0.119	0.186	-16662.329
684	16	500	499	0.5128	0.269	0.216	0.331	0.265	0.256	0.309	0.277	0.269	0.371	0.285	0.268	0.293	0.242	0.260	0.289	0.174	0.266	0.265	0.306	0.282	0.293	0.287	0.370	0.290	0.288	0.295	0.346	0.270	0.255	0.270	1.925	0.364	0.153	0.216	-16443.187
685	16	500	499	0.5082	0.381	0.238	0.290	0.370	0.332	0.362	0.325	0.265	0.321	0.325	0.333	0.373	0.321	0.314	0.299	0.328	0.281	0.340	0.277	0.337	0.302	0.277	0.274	0.411	0.320	0.271	0.352	0.280	0.307	0.263	1.875	0.330	0.195	0.193	-17307.864
686	16	500	500	0.5315	0.355	0.271	0.295	0.347	0.264	0.323	0.322	0.307	0.354	0.346	0.366	0.283	0.318	0.290	0.259	0.352	0.298	0.200	0.299	0.303	0.250	0.294	0.353	0.319	0.333	0.280	0.346	0.279	0.302	0.284	1.982	0.325	0.152	0.198	-16981.156
687	16	500	499	0.5295	0.337	0.288	0.299	0.252	0.314	0.352	0.243	0.318	0.271	0.298	0.357	0.266	0.361	0.303	0.248	0.355	0.372	0.279	0.236	0.267	0.291	0.288	0.346	0.351	0.363	0.290	0.276	0.306	0.344	0.329	2.042	0.265	0.132	0.204	-16992.672
688	16	500	500	0.4989	0.262	0.293	0.330	0.288	0.321	0.336	0.300	0.301	0.343	0.279	0.307	0.328	0.298	0.256	0.277	0.317	0.315	0.266	0.284	0.298	0.290	0.245	0.264	0.268	0.325	0.273	0.249	0.372	0.258	0.296	2.050	0.135	0.058	0.199	-16494.578
689	16	500	500	0.5043	0.319	0.344	0.320	0.311	0.335	0.328	0.316	0.305	0.279	0.309	0.297	0.306	0.277	0.260	0.288	0.291	0.256	0.300	0.292	0.234	0.238	0.304	0.289	0.337	0.279	0.315	0.301	0.244	0.316	0.294	1.907	0.246	0.131	0.195	-16806.047
690	16	500	500	0.5255	0.368	0.331	0.327	0.329	0.356	0.234	0.337	0.283	0.270	0.299	0.358	0.342	0.283	0.298	0.338	0.328	0.321	0.278	0.261	0.341	0.354	0.267	0.332	0.262	0.296	0.287	0.312	0.290	0.276	0.324	1.984	0.361	0.204	0.195	-17186.163
691	16	500	500	0.5205	0.311	0.299	0.306	0.257	0.328	0.341	0.309	0.274	0.213	0.294	0.309	0.307	0.300	0.320	0.330	0.265	0.350	0.303	0.252	0.312	0.334	0.326	0.249	0.270	0.320	0.288	0.276	0.361	0.288	0.307	2.040	0.279	0.137	0.200	-16932.976
692	16	500	499	0.5085	0.319	0.224	0.264	0.290	0.301	0.327	0.332	0.293	0.280	0.259	0.248	0.322	0.253	0.224	0.331	0.366	0.294	0.351	0.287	0.304	0.287	0.321	0.321	0.371	0.294	0.345	0.320	0.296	0.282	0.311	2.109	0.196	0.104	0.184	-16710.837
693	16	500	500	0.5156	0.404	0.239	0.326	0.298	0.275	0.340	0.270	0.328	0.321	0.299	0.373	0.249	0.306	0.259	0.260	0.329	0.277	0.283	0.297	0.306	0.259	0.381	0.309	0.261	0.321	0.297	0.309	0.286	0.267	0.353	1.991	0.377	0.212	0.187	-16891.822
694	16	500	500	0.5167	0.264	0.276	0.283	0.238	0.311	0.280	0.252	0.380	0.324	0.314	0.253	0.358	0.354	0.354	0.283	0.327	0.406	0.278	0.350	0.291	0.373	0.288	0.326	0.281	0.365	0.270	0.325	0.254	0.346	0.305	2.007	0.302	0.161	0.192	-17068.962
695	16	500	499	0.5024	0.319	0.277	0.350	0.278	0.326	0.344	0.238	0.303	0.285	0.312	0.342	0.361	0.339	0.297	0.335	0.298	0.300	0.338	0.284	0.323	0.310	0.319	0.266	0.316	0.316	0.289	0.261	0.230	0.321	0.297	1.914	0.194	0.108	0.208	-17146.437
696	16	500	500	0.5215	0.255	0.315	0.337	0.276	0.280	0.276	0.290	0.318	0.315	0.343	0.287	0.326	0.285	0.316	0.305	0.270	0.295	0.301	0.290	0.290	0.304	0.304	0.280	0.376	0.239	0.325	0.300	0.301	0.309	0.311	1.908	0.350	0.168	0.205	-16953.393
697	16	500	500	0.5318	0.341	0.251	0.278	0.246	0.332	0.344	0.331	0.286	0.247	0.431	0.328	0.303	0.332	0.266	0.273	0.321	0.283	0.352	0.355	0.303	0.248	0.296	0.335	0.358	0.306	0.249	0.326	0.313	0.337	0.377	1.890	0.297	0.165	0.192	-17213.602
698	16	500	500	0.5086	0.344	0.328	0.281	0.303	0.323	0.296	0.370	0.288	0.306	0.298	0.347	0.298	0.251	0.291	0.317	0.337	0.285	0.267	0.363	0.281	0.365	0.331	0.303	0.291	0.314	0.264	0.312	0.297	0.325	0.253	1.940	0.067	0.033	0.187	-17009.274
699	16	500	500	0.5168	0.287	0.274	0.269	0.263	0.311	0.310	0.336	0.243	0.353	0.326	0.239	0.364	0.300	0.333	0.284	0.283	0.332	0.330	0.300	0.287	0.339	0.298	0.248	0.292	0.322	0.288	0.260	0.318	0.336	0.291	2.113	0.303	0.158	0.194	-16674.344
700	16	500	500	0.5033	0.275	0.356	0.306	0.316	0.249	0.298	0.276	0.343	0.275	0.266	0.285	0.278	0.362	0.269	0.257	0.305	0.229	0.312	0.302	0.287	0.252	0.277	0.304	0.338	0.248	0.310	0.292	0.317	0.289	0.297	2.002	0.395	0.176	0.202	-16575.440
701	16	500	499	0.5263	0.303	0.227	0.370	0.260	0.316	0.300	0.272	0.322	0.283	0.348	0.322	0.266	0.270	0.304	0.323	0.400	0.336	0.286	0.304	0.330	0.320	0.272	0.344	0.322	0.343	0.309	0.353	0.270	0.299	0.329	2.043	0.052	0.028	0.196	-17091.281
702	16	500	500	0.5120	0.300	0.244	0.325	0.292	0.314	0.267	0.329	0.279	0.303	0.290	0.349	0.313	0.338	0.310	0.274	0.287	0.396	0.279	0.279	0.291	0.307	0.314	0.304	0.273	0.339	0.317	0.306	0.302	0.284	0.332	2.023	0.132	0.070	0.187	-16976.881
703	16	500	499	0.5032	0.373	0.340	0.299	0.273	0.319	0.266	0.319	0.336	0.271	0.331	0.279	0.289	0.305	0.336	0.248	0.320	0.262	0.274	0.329	0.305	0.355	0.316	0.342	0.409	0.413	0.281	0.346	0.272	0.269	0.346	2.024	0.292	0.163	0.201	-17125.643
704	16	500	500	0.5208	0.355	0.228	0.304	0.279	0.362	0.304	0.315	0.288	0.370	0.333	0.329	0.306	0.300	0.317	0.311	0.302	0.276	0.328	0.257	0.280	0.361	0.328	0.334	0.249	0.281	0.252	0.299	0.366	0.233	0.368	1.994	0.000	0.000	0.216	-17134.697
705	16	500	499	0.5094	0.235	0.306	0.316	0.276	0.242	0.278	0.299	0.261	0.247	0.310	0.378	0.250	0.244	0.312	0.323	0.269	0.314	0.285	0.281	0.270	0.319	0.292	0.238	0.285	0.311	0.289	0.252	0.342	0.258	0.365	1.883	0.237	0.108	0.204	-16560.259
706	16	500	500	0.5117	0.264	0.301	0.253	0.238	0.263	0.263	0.277	0.342	0.358	0.278	0.278	0.323	0.395	0.263	0.320	0.302	0.334	0.284	0.293	0.269	0.343	0.264	0.275	0.316	0.272	0.302	0.287	0.280	0.256	0.275	1.895	0.318	0.161	0.214	-16671.057
707	16	500	500	0.5154	0.322	0.240	0.265	0.303	0.323	0.336	0.319	0.303	0.258	0.286	0.325	0.223	0.269	0.311	0.270	0.330	0.329	0.267	0.318	0.243	0.341	0.231	0.296	0.204	0.272	0.278	0.339	0.300	0.317	0.268	2.087	0.369	0.160	0.193	-16369.008
708	16	500	500	0.5026	0.264	0.273	0.228	0.297	0.282	0.309	0.236	0.346	0.351	0.271	0.240	0.371	0.293	0.308	0.313	0.269	0.344	0.298	0.309	0.277	0.271	0.230	0.259	0.316	0.276	0.289	0.318	0.343	0.276	0.285	2.024	0.293	0.135	0.212	-16612.347
709	16	500	500	0.5214	0.309	0.312	0.230	0.338	0.259	0.267	0.368	0.266	0.280	0.327	0.325	0.230	0.341	0.253	0.309	0.342	0.216	0.302	0.216	0.307	0.276	0.348	0.284	0.352	0.276	0.286	0.325	0.279	0.276	0.301	1.955	0.422	0.180	0.192	-16479.171
710	16	500	500	0.5060	0.201	0.290	0.291	0.308	0.306	0.323	0.312	0.271	0.363	0.322	0.297	0.307	0.336	0.299	0.233	0.266	0.320	0.295	0.271	0.313	0.303	0.230	0.245	0.260	0.279	0.326	0.248	0.346	0.278	0.298	1.963	0.393	0.177	0.213	-16561.751
711	16	500	500	0.5110	0.315	0.292	0.336	0.277	0.289	0.261	0.286	0.271	0.229	0.297	0.268	0.309	0.332	0.329	0.322	0.276	0.218	0.311	0.299	0.231	0.261	0.330	0.296	0.322	0.311	0.307	0.292	0.268	0.309	0.320	2.031	0.082	0.038	0.202	-16666.712
712	16	500	500	0.5242	0.302	0.236	0.337	0.305	0.294	0.371	0.291	0.324	0.289	0.388	0.310	0.270	0.295	0.361	0.280	0.257	0.226	0.286	0.273	0.309	0.388	0.281	0.296	0.369	0.300	0.288	0.307	0.282	0.291	0.328	1.878	0.412	0.214	0.201	-17143.214
713	16	500	500	0.5055	0.323	0.343	0.325	0.290	0.267	0.346	0.330	0.232	0.259	0.258	0.294	0.249	0.370	0.307	0.295	0.295	0.307	0.295	0.363	0.326	0.310	0.370	0.312	0.238	0.284	0.281	0.293	0.262	0.307	0.282	1.955	0.243	0.108	0.204	-16843.301
714	16	500	500	0.5124	0.378	0.330	0.283	0.328	0.315	0.303	0.293	0.318	0.287	0.304	0.296	0.330	0.325	0.312	0.327	0.354	0.376	0.332	0.322	0.288	0.323	0.356	0.294	0.266	0.339	0.401	0.279	0.312	0.316	0.261	2.056	0.359	0.202	0.197	-17391.899
715	16	500	500	0.5043	0.286	0.289	0.337	0.261	0.310	0.265	0.267	0.299	0.288	0.269	0.265	0.326	0.257	0.262	0.271	0.300	0.348	0.275	0.351	0.341	0.279	0.284	0.283	0.299	0.332	0.336	0.290	0.211	0.316	0.295	2.032	0.298	0.124	0.210	-16602.313
716	16	500	498	0.5232	0.262	0.324	0.267	0.263	0.295	0.231	0.273	0.253	0.339	0.276	0.317	0.294	0.291	0.290	0.272	0.272	0.316	0.307	0.364	0.282	0.306	0.356	0.272	0.296	0.307	0.305	0.270	0.297	0.301	0.285	1.951	0.168	0.070	0.188	-16548.248
717	16	500	500	0.5227	0.308	0.311	0.245	0.255	0.330	0.343	0.296	0.335	0.392	0.277	0.302	0.308	0.335	0.371	0.244	0.230	0.287	0.283	0.362	0.281	0.393	0.277	0.321	0.301	0.276	0.276	0.312	0.335	0.241	0.345	1.952	0.316	0.175	0.188	-16955.768
718	16	500	500	0.5171	0.283	0.252	0.396	0.308	0.287	0.279	0.296	0.276	0.307	0.399	0.288	0.312	0.328	0.305	0.295	0.278	0.251	0.284	0.241	0.317	0.316	0.273	0.289	0.271	0.264	0.327	0.276	0.303	0.307	0.243	2.025	0.358	0.186	0.209	-16754.998
719	16	500	500	0.5193	0.317	0.273	0.296	0.293	0.326	0.223	0.267	0.334	0.304	0.294	0.251	0.311	0.270	0.285	0.309	0.363	0.266	0.286	0.268	0.336	0.281	0.283	0.350	0.363	0.305	0.285	0.351	0.321	0.306	0.333	1.959	0.301	0.162	0.206	-16955.504
720	16	500	500	0.5203	0.591	0.273	0.328	0.299	0.297	0.278	0.316	0.354	0.376	0.373	0.278	0.370	0.286	0.291	0.321	0.000	0.275	0.293	0.328	0.288	0.324	0.289	0.284	0.350	0.266	0.317	0.259	0.312	0.214	0.292	1.977	0.000	0.000	0.203	-17146.464
721	16	500	500	0.5212	0.308	0.217	0.283	0.330	0.293	0.307	0.284	0.292	0.344	0.327	0.270	0.296	0.335	0.311	0.268	0.325	0.276	0.320	0.287	0.279	0.334	0.304	0.263	0.372	0.287	0.290	0.349	0.351	0.312	0.263	1.964	0.461	0.233	0.213	-16953.646
722	16	500	500	0.4980	0.367	0.320	0.329	0.304	0.259	0.265	0.372	0.294	0.279	0.341	0.358	0.248	0.338	0.269	0.337	0.276	0.276	0.352	0.278	0.299	0.378	0.288	0.347	0.312	0.272	0.283	0.342	0.345	0.271	0.365	1.848	0.225	0.138	0.191	-17263.070
723	16	500	500	0.5122	0.328	0.382	0.288	0.318	0.352	0.236	0.349	0.309	0.188	0.404	0.269	0.309	0.320	0.296	0.343	0.265	0.346	0.285	0.323	0.314	0.254	0.310	0.369	0.303	0.365	0.300	0.357	0.303	0.288	0.325	1.891	0.337	0.153	0.206	-17204.947
724	16	500	500	0.5188	0.255	0.277	0.344	0.250	0.327	0.363	0.232	0.313	0.326	0.241	0.299	0.232	0.254	0.342	0.291	0.209	0.325	0.317	0.262	0.288	0.268	0.371	0.248	0.315	0.300	0.270	0.400	0.296	0.354	0.243	1.990	0.125	0.053	0.215	-16783.802
725	16	500	500	0.5279	0.361	0.312	0.326	0.265	0.262	0.262	0.286	0.291	0.294	0.314	0.347	0.315	0.412	0.324	0.333	0.325	0.316	0.226	0.296	0.306	0.360	0.330	0.294	0.370	0.352	0.324	0.340	0.265	0.310	0.377	2.054	0.266	0.153	0.184	-17181.096
726	16	500	500	0.5283	0.304	0.325	0.276	0.312	0.337	0.318	0.273	0.403	0.257	0.341	0.295	0.344	0.322	0.326	0.375	0.378	0.296	0.335	0.245	0.255	0.288	0.342	0.326	0.352	0.247	0.272	0.312	0.314	0.334	0.286	1.957	0.363	0.199	0.210	-17362.471
727	16	500	500	0.5265	0.270	0.343	0.315	0.265	0.241	0.243	0.308	0.326	0.301	0.285	0.294	0.285	0.305	0.394	0.236	0.323	0.280	0.287	0.261	0.283	0.306	0.266	0.275	0.337	0.271	0.337	0.296	0.322	0.265	0.260	2.013	0.468	0.209	0.214	-16644.305
728	16	500	500	0.5240	0.326	0.260	0.281	0.244	0.313	0.227	0.294	0.271	0.290	0.279	0.332	0.282	0.329	0.326	0.261	0.328	0.270	0.333	0.312	0.301	0.320	0.313	0.294	0.312	0.287	0.295	0.285	0.301	0.272	0.325	1.923	0.340	0.158	0.208	-16717.241
729	16	500	500	0.5153	0.345	0.333	0.336	0.404	0.293	0.341	0.316	0.302	0.270	0.318	0.314	0.298	0.303	0.320	0.288	0.348	0.372	0.329	0.270	0.332	0.235	0.289	0.325	0.324	0.255	0.270	0.290	0.336	0.336	0.307	1.969	0.244	0.132	0.202	-17244.267
730	16	500	500	0.5154	0.364	0.351	0.312	0.306	0.316	0.309	0.315	0.266	0.293	0.266	0.334	0.248	0.329	0.332	0.286	0.252	0.257	0.318	0.225	0.301	0.243	0.343	0.343	0.328	0.370	0.241	0.280	0.250	0.322	0.306	2.083	0.001	0.001	0.206	-16933.705
731	16	500	500	0.5038	0.314	0.283	0.379	0.245	0.289	0.289	0.311	0.346	0.290	0.275	0.289	0.337	0.281	0.324	0.351	0.281	0.252	0.279	0.293	0.316	0.351	0.304	0.300	0.323	0.328	0.321	0.225	0.332	0.290	0.284	1.948	0.357	0.188	0.197	-16958.680
732	16	500	500	0.5135	0.274	0.256	0.303	0.283	0.280	0.296	0.256	0.322	0.445	0.279	0.289	0.392	0.217	0.313	0.395	0.346	0.264	0.287	0.318	0.318	0.336	0.313	0.289	0.382	0.246	0.250	0.337	0.333	0.293	0.300	1.917	0.307	0.169	0.199	-17085.913
733	16	500	499	0.5163	0.299	0.302	0.327	0.250	0.312	0.292	0.307	0.252	0.272	0.329	0.278	0.305	0.304	0.296	0.241	0.342	0.342	0.327	0.286	0.287	0.305	0.255	0.333	0.226	0.247	0.309	0.293	0.353	0.270	0.323	1.949	0.234	0.104	0.183	-16531.436
734	16	500	500	0.5280	0.215	0.338	0.252	0.283	0.314	0.284	0.277	0.300	0.311	0.257	0.322	0.267	0.327	0.374	0.230	0.282	0.293	0.373	0.299	0.334	0.266	0.269	0.346	0.241	0.322	0.366	0.280	0.332	0.250	0.295	2.012	0.368	0.162	0.206	-16753.273
735	16	500	500	0.5174	0.354	0.274	0.283	0.254	0.360	0.331	0.345	0.303	0.316	0.324	0.306	0.285	0.308	0.354	0.302	0.318	0.337	0.293	0.276	0.303	0.307	0.288	0.272	0.297	0.257	0.268	0.328	0.343	0.248	0.311	1.990	0.488	0.274	0.202	-17025.549
736	16	500	500	0.5186	0.281	0.331	0.340	0.279	0.271	0.320	0.312	0.353	0.335	0.321	0.353	0.253	0.344	0.365	0.246	0.297	0.233	0.342	0.268	0.311	0.334	0.332	0.335	0.343	0.347	0.278	0.344	0.283	0.291	0.307	2.007	0.381	0.230	0.192	-17192.754
737	16	500	500	0.5146	0.235	0.325	0.288	0.270	0.338	0.332	0.271	0.325	0.273	0.360	0.318	0.351	0.259	0.351	0.331	0.321	0.328	0.286	0.346	0.253	0.395	0.311	0.303	0.305	0.305	0.280	0.345	0.297	0.313	0.355	2.048	0.161	0.090	0.201	-17219.491
738	16	500	500	0.5290	0.313	0.288	0.353	0.259	0.360	0.309	0.301	0.335	0.222	0.253	0.293	0.276	0.293	0.377	0.270	0.338	0.325	0.295	0.298	0.282	0.269	0.283	0.314	0.260	0.281	0.379	0.268	0.300	0.311	0.291	1.989	0.231	0.126	0.195	-16913.244
739	16	500	498	0.5170	0.270	0.311	0.317	0.215	0.305	0.310	0.233	0.352	0.316	0.322	0.299	0.279	0.290	0.314	0.346	0.287	0.321	0.248	0.258	0.296	0.297	0.290	0.304	0.341	0.257	0.307	0.307	0.224	0.309	0.279	1.994	0.371	0.174	0.205	-16702.852
740	16	500	497	0.5138	0.334	0.223	0.297	0.272	0.277	0.307	0.308	0.256	0.308	0.324	0.299	0.320	0.354	0.318	0.273	0.283	0.303	0.261	0.329	0.341	0.322	0.286	0.364	0.327	0.286	0.288	0.334	0.295	0.243	0.263	2.011	0.387	0.185	0.184	-16654.382
741	16	500	500	0.5168	0.264	0.341	0.320	0.253	0.351	0.228	0.326	0.335	0.299	0.292	0.316	0.237	0.292	0.323	0.273	0.333	0.319	0.311	0.293	0.301	0.366	0.305	0.264	0.306	0.283	0.321	0.360	0.320	0.255	0.341	1.947	0.347	0.163	0.208	-16995.156
742	16	500	500	0.5282	0.376	0.264	0.298	0.286	0.282	0.254	0.251	0.286	0.350	0.295	0.329	0.251	0.291	0.298	0.285	0.341	0.280	0.282	0.248	0.342	0.268	0.308	0.308	0.345	0.286	0.287	0.226	0.293	0.200	0.275	2.136	0.499	0.206	0.207	-16537.647
743	16	500	500	0.5091	0.299	0.289	0.277	0.323	0.347	0.287	0.289	0.294	0.271	0.304	0.357	0.278	0.201	0.300	0.349	0.392	0.328	0.307	0.281	0.340	0.287	0.240	0.349	0.279	0.281	0.277	0.341	0.361	0.287	0.286	1.976	0.364	0.169	0.213	-16943.437
744	16	500	499	0.5042	0.276	0.408	0.265	0.291	0.284	0.325	0.378	0.266	0.219	0.357	0.338	0.336	0.320	0.318	0.266	0.339	0.290	0.367	0.309	0.246	0.298	0.371	0.319	0.352	0.322	0.229	0.315	0.236	0.307	0.280	1.987	0.241	0.109	0.201	-16850.695
745	16	500	500	0.5128	0.265	0.368	0.308	0.224	0.239	0.303	0.303	0.272	0.285	0.262	0.318	0.332	0.328	0.283	0.336	0.292	0.278	0.375	0.289	0.320	0.277	0.323	0.392	0.293	0.266	0.335	0.285	0.294	0.273	0.321	1.801	0.379	0.156	0.196	-16733.165
746	16	500	499	0.5089	0.304	0.371	0.227	0.284	0.365	0.338	0.315	0.283	0.264	0.272	0.299	0.320	0.338	0.360	0.260	0.287	0.365	0.311	0.265	0.279	0.351	0.267	0.276	0.372	0.329	0.343	0.295	0.333	0.302	0.265	2.148	0.349	0.182	0.195	-16898.720
747	16	500	500	0.5193	0.324	0.288	0.300	0.243	0.305	0.282	0.299	0.315	0.362	0.248	0.327	0.352	0.343	0.342	0.228	0.277	0.330	0.281	0.294	0.298	0.288	0.347	0.293	0.289	0.266	0.227	0.336	0.356	0.269	0.328	2.019	0.296	0.142	0.205	-16855.466
748	16	500	500	0.5172	0.279	0.311	0.271	0.321	0.269	0.279	0.284	0.321	0.375	0.327	0.334	0.279	0.294	0.235	0.280	0.216	0.380	0.270	0.316	0.313	0.315	0.297	0.321	0.317	0.278	0.269	0.296	0.345	0.241	0.255	1.964	0.345	0.175	0.185	-16727.422
749	16	500	500	0.5144	0.315	0.398	0.300	0.349	0.230	0.305	0.342	0.264	0.274	0.266	0.250	0.303	0.315	0.293	0.289	0.322	0.279	0.348	0.289	0.331	0.272	0.335	0.290	0.246	0.277	0.290	0.292	0.320	0.308	0.269	1.972	0.352	0.172	0.204	-16828.717
750	16	500	500	0.5179	0.285	0.282	0.282	0.352	0.262	0.290	0.286	0.320	0.358	0.330	0.281	0.287	0.284	0.278	0.296	0.285	0.210	0.293	0.311	0.285	0.287	0.257	0.314	0.331	0.316	0.259	0.298	0.254	0.295	0.249	1.820	0.326	0.138	0.206	-16613.611
751	16	500	499	0.5135	0.275	0.343	0.249	0.273	0.270	0.302	0.312	0.316	0.330	0.300	0.261	0.337	0.244	0.283	0.301	0.318	0.310	0.258	0.249	0.304	0.402	0.292	0.299	0.280	0.231	0.305	0.285	0.288	0.266	0.278	2.037	0.479	0.228	0.191	-16495.512
752	16	500	499	0.5144	0.354	0.376	0.261	0.281	0.348	0.255	0.300	0.299	0.274	0.346	0.379	0.282	0.268	0.283	0.317	0.378	0.349	0.223	0.236	0.365	0.329	0.315	0.388	0.240	0.378	0.284	0.272	0.331	0.288	0.240	2.002	0.352	0.201	0.198	-17034.476
753	16	500	500	0.5108	0.237	0.317	0.293	0.359	0.293	0.345	0.238	0.313	0.336	0.298	0.247	0.309	0.295	0.336	0.322	0.288	0.319	0.333	0.305	0.324	0.258	0.318	0.289	0.311	0.230	0.336	0.239	0.311	0.332	0.259	2.068	0.354	0.186	0.195	-16781.908
754	16	500	500	0.5101	0.316	0.243	0.266	0.235	0.259	0.284	0.239	0.354	0.356	0.337	0.364	0.311	0.293	0.306	0.335	0.317	0.298	0.305	0.319	0.270	0.367	0.326	0.331	0.276	0.294	0.339	0.304	0.289	0.296	0.288	1.971	0.370	0.197	0.182	-16892.913
755	16	500	500	0.5161	0.361	0.375	0.270	0.349	0.313	0.355	0.251	0.333	0.218	0.313	0.288	0.305	0.372	0.288	0.274	0.354	0.289	0.254	0.347	0.269	0.244	0.275	0.333	0.281	0.313	0.295	0.313	0.295	0.361	0.323	2.106	0.345	0.188	0.196	-16905.512
756	16	500	498	0.5148	0.270	0.263	0.184	0.351	0.266	0.307	0.317	0.262	0.373	0.273	0.338	0.297	0.259	0.330	0.267	0.296	0.194	0.325	0.316	0.325	0.322	0.264	0.287	0.323	0.289	0.307	0.328	0.280	0.277	0.325	1.963	0.468	0.234	0.213	-16706.864
757	16	500	500	0.5112	0.273	0.321	0.267	0.360	0.305	0.310	0.300	0.285	0.295	0.319	0.301	0.290	0.306	0.337	0.336	0.337	0.328	0.399	0.321	0.314	0.314	0.357	0.286	0.315	0.359	0.362	0.241	0.240	0.350	0.255	1.978	0.306	0.181	0.192	-17212.387
758	16	500	500	0.5190	0.263	0.259	0.276	0.276	0.250	0.303	0.244	0.374	0.295	0.271	0.297	0.288	0.220	0.290	0.304	0.317	0.275	0.219	0.211	0.326	0.271	0.295	0.288	0.269	0.323	0.298	0.268	0.274	0.299	0.293	1.935	0.468	0.188	0.199	-16255.119
759	16	500	500	0.5187	0.293	0.253	0.249	0.234	0.326	0.339	0.308	0.314	0.310	0.347	0.319	0.338	0.276	0.361	0.287	0.345	0.314	0.345	0.282	0.323	0.304	0.334	0.278	0.351	0.275	0.290	0.332	0.297	0.290	0.326	1.937	0.069	0.037	0.208	-17139.075
760	16	500	500	0.5186	0.264	0.276	0.240	0.315	0.264	0.317	0.261	0.335	0.312	0.259	0.327	0.278	0.324	0.284	0.301	0.290	0.313	0.270	0.311	0.312	0.258	0.287	0.341	0.322	0.277	0.295	0.271	0.309	0.290	0.206	2.047	0.384	0.169	0.215	-16664.670
761	16	500	500	0.5099	0.327	0.342	0.290	0.302	0.305	0.337	0.402	0.249	0.211	0.319	0.337	0.305	0.261	0.286	0.321	0.309	0.263	0.356	0.286	0.327	0.259	0.350	0.283	0.256	0.313	0.275	0.292	0.304	0.255	0.376	1.950	0.335	0.156	0.199	-16883.908
762	16	500	500	0.5260	0.287	0.319	0.291	0.342	0.293	0.281	0.299	0.311	0.313	0.359	0.321	0.285	0.284	0.269	0.293	0.256	0.283	0.353	0.269	0.282	0.325	0.210	0.350	0.422	0.276	0.312	0.283	0.333	0.301	0.318	1.952	0.394	0.187	0.189	-16889.111
763	16	500	500	0.5110	0.319	0.256	0.208	0.269	0.321	0.364	0.301	0.327	0.298	0.290	0.254	0.272	0.236	0.284	0.369	0.302	0.337	0.287	0.266	0.298	0.271	0.273	0.290	0.295	0.314	0.359	0.213	0.323	0.298	0.323	1.952	0.301	0.134	0.198	-16628.968
764	16	500	500	0.5132	0.294	0.308	0.308	0.241	0.311	0.325	0.326	0.291	0.246	0.297	0.352	0.301	0.378	0.284	0.320	0.295	0.236	0.321	0.332	0.296	0.290	0.299	0.359	0.316	0.265	0.306	0.307	0.335	0.313	0.307	2.114	0.355	0.206	0.208	-17097.825
765	16	500	500	0.5176	0.312	0.329	0.315	0.250	0.319	0.316	0.347	0.320	0.268	0.396	0.316	0.272	0.289	0.308	0.323	0.279	0.321	0.272	0.281	0.303	0.226	0.239	0.337	0.285	0.328	0.287	0.358	0.268	0.311	0.276	1.997	0.363	0.195	0.195	-16928.489
766	16	500	500	0.5025	0.362	0.250	0.299	0.304	0.284	0.309	0.297	0.342	0.387	0.275	0.301	0.260	0.301	0.275	0.319	0.286	0.295	0.284	0.309	0.278	0.302	0.251	0.369	0.324	0.262	0.264	0.295	0.248	0.278	0.258	1.878	0.513	0.210	0.201	-16620.537
767	16	500	500	0.4975	0.343	0.345	0.296	0.331	0.313	0.323	0.287	0.317	0.327	0.316	0.320	0.317	0.301	0.305	0.359	0.348	0.313	0.362	0.322	0.318	0.271	0.313	0.287	0.265	0.388	0.353	0.282	0.302	0.351	0.316	2.080	0.317	0.182	0.188	-17278.710
768	16	500	500	0.5041	0.360	0.317	0.338	0.306	0.303	0.342	0.283	0.315	0.259	0.360	0.277	0.359	0.351	0.292	0.270	0.343	0.272	0.289	0.294	0.290	0.316	0.277	0.309	0.326	0.260	0.309	0.305	0.329	0.259	0.330	1.943	0.337	0.216	0.195	-17062.881
769	16	500	500	0.5069	0.279	0.332	0.301	0.317	0.308	0.275	0.287	0.286	0.302	0.253	0.280	0.297	0.307	0.285	0.300	0.328	0.334	0.269	0.337	0.266	0.320	0.332	0.298	0.247	0.343	0.276	0.256	0.279	0.313	0.346	2.060	0.244	0.116	0.187	-16658.657
770	16	500	499	0.5085	0.294	0.248	0.311	0.279	0.288	0.262	0.316	0.336	0.263	0.361	0.277	0.313	0.303	0.368	0.313	0.313	0.395	0.268	0.314	0.304	0.280	0.317	0.280	0.292	0.268	0.298	0.379	0.283	0.285	0.351	2.061	0.327	0.169	0.192	-16938.451
771	16	500	500	0.5021	0.269	0.265	0.278	0.284	0.259	0.277	0.333	0.272	0.330	0.259	0.270	0.309	0.262	0.262	0.336	0.223	0.257	0.391	0.301	0.258	0.315	0.279	0.272	0.245	0.218	0.267	0.303	0.247	0.269	0.262	2.030	0.401	0.135	0.193	-15996.171
772	16	500	500	0.5100	0.362	0.376	0.262	0.267	0.348	0.345	0.283	0.255	0.347	0.347	0.286	0.348	0.285	0.327	0.287	0.340	0.296	0.387	0.334	0.306	0.297	0.353	0.243	0.328	0.311	0.300	0.283	0.320	0.271	0.251	1.964	0.293	0.174	0.188	-17018.541
773	16	500	500	0.5213	0.220	0.329	0.277	0.247	0.243	0.327	0.305	0.328	0.254	0.282	0.236	0.309	0.367	0.321	0.322	0.229	0.332	0.264	0.267	0.309	0.300	0.346	0.256	0.336	0.299	0.276	0.290	0.240	0.283	0.306	2.019	0.330	0.151	0.189	-16560.110
774	16	500	500	0.5198	0.329	0.233	0.276	0.252	0.331	0.299	0.357	0.258	0.313	0.287	0.300	0.281	0.340	0.285	0.310	0.307	0.230	0.366	0.295	0.303	0.222	0.286	0.290	0.326	0.283	0.292	0.239	0.256	0.282	0.281	2.054	0.527	0.200	0.203	-16463.752
775	16	500	500	0.5161	0.252	0.285	0.298	0.277	0.295	0.249	0.247	0.305	0.305	0.294	0.275	0.293	0.299	0.273	0.321	0.273	0.336	0.333	0.333	0.253	0.306	0.303	0.276	0.223	0.325	0.292	0.225	0.293	0.262	0.308	1.975	0.329	0.161	0.192	-16444.953
776	16	500	500	0.5168	0.267	0.334	0.323	0.288	0.330	0.312	0.329	0.347	0.298	0.320	0.294	0.330	0.302	0.296	0.300	0.292	0.223	0.333	0.279	0.380	0.257	0.243	0.369	0.388	0.317	0.293	0.325	0.250	0.317	0.330	2.062	0.183	0.097	0.206	-17118.855
777	16	500	498	0.5069	0.233	0.287	0.334	0.326	0.231	0.306	0.320	0.270	0.345	0.296	0.292	0.262	0.302	0.267	0.285	0.302	0.293	0.269	0.301	0.302	0.256	0.319	0.293	0.301	0.297	0.265	0.272	0.310	0.330	0.253	2.057	0.424	0.187	0.226	-16719.105
778	16	500	500	0.5184	0.310	0.222	0.294	0.339	0.340	0.306	0.242	0.335	0.283	0.337	0.347	0.278	0.351	0.340	0.336	0.280	0.290	0.273	0.295	0.344	0.310	0.280	0.318	0.316	0.360	0.291	0.317	0.293	0.280	0.288	2.023	0.202	0.111	0.214	-17179.883
779	16	500	500	0.5149	0.243	0.203	0.352	0.334	0.309	0.336	0.332	0.286	0.333	0.281	0.326	0.282	0.277	0.319	0.255	0.289	0.219	0.423	0.320	0.268	0.301	0.286	0.332	0.384	0.241	0.279	0.322	0.323	0.266	0.297	1.995	0.389	0.213	0.199	-16949.462
780	16	500	500	0.4908	0.566	0.291	0.343	0.293	0.334	0.342	0.354	0.274	0.275	0.290	0.298	0.366	0.270	0.315	0.207	0.000	0.394	0.251	0.263	0.284	0.367	0.280	0.256	0.291	0.229	0.315	0.295	0.241	0.250	0.299	2.110	0.003	0.001	0.210	-16542.904
781	16	500	499	0.5095	0.323	0.284	0.331	0.320	0.300	0.317	0.320	0.350	0.276	0.310	0.347	0.299	0.331	0.301	0.373	0.282	0.265	0.280	0.307	0.325	0.308	0.349	0.304	0.280	0.326	0.269	0.317	0.288	0.340	0.272	2.043	0.287	0.145	0.191	-17067.800
782	16	500	500	0.5032	0.269	0.336	0.242	0.290	0.343	0.301	0.300	0.276	0.354	0.258	0.315	0.304	0.266	0.254	0.341	0.244	0.349	0.332	0.327	0.300	0.310	0.249	0.315	0.235	0.311	0.292	0.280	0.299	0.322	0.248	2.036	0.377	0.184	0.201	-16587.685
783	16	500	500	0.5082	0.356	0.386	0.380	0.314	0.283	0.273	0.298	0.280	0.264	0.278	0.313	0.316	0.248	0.307	0.241	0.380	0.321	0.313	0.291	0.309	0.303	0.316	0.295	0.380	0.275	0.254	0.317	0.294	0.295	0.310	2.082	0.451	0.217	0.204	-16866.539
784	16	500	500	0.5166	0.267	0.381	0.246	0.304	0.284	0.304	0.265	0.324	0.227	0.373	0.290	0.346	0.286	0.319	0.316	0.242	0.393	0.288	0.266	0.324	0.312	0.224	0.313	0.339	0.247	0.271	0.285	0.357	0.284	0.258	1.960	0.424	0.203	0.204	-16815.530
785	16	500	499	0.4967	0.327	0.273	0.314	0.255	0.307	0.299	0.315	0.312	0.345	0.348	0.342	0.331	0.264	0.281	0.366	0.337	0.274	0.291	0.297	0.271	0.308	0.279	0.312	0.239	0.306	0.302	0.272	0.191	0.326	0.307	1.962	0.332	0.192	0.201	-16879.382
786	16	500	500	0.5228	0.260	0.283	0.314	0.266	0.339	0.339	0.288	0.318	0.253	0.269	0.272	0.292	0.321	0.290	0.256	0.297	0.237	0.377	0.306	0.340	0.350	0.326	0.299	0.292	0.316	0.287	0.292	0.314	0.231	0.319	1.963	0.391	0.196	0.197	-16730.469
787	16	500	500	0.4983	0.262	0.299	0.350	0.302	0.284	0.303	0.310	0.246	0.293	0.348	0.316	0.263	0.316	0.351	0.275	0.273	0.270	0.263	0.264	0.343	0.296	0.253	0.337	0.327	0.295	0.299	0.260	0.299	0.310	0.296	1.819	0.281	0.133	0.201	-16821.140
788	16	500	500	0.5138	0.352	0.284	0.260	0.273	0.341	0.316	0.374	0.275	0.306	0.327	0.297	0.275	0.337	0.277	0.291	0.290	0.260	0.251	0.255	0.371	0.328	0.356	0.288	0.359	0.310	0.289	0.273	0.353	0.355	0.324	2.076	0.231	0.124	0.189	-16905.751
789	16	500	500	0.5081	0.310	0.374	0.316	0.298	0.325	0.276	0.290	0.280	0.241	0.279	0.340	0.304	0.236	0.336	0.274	0.286	0.323	0.345	0.345	0.266	0.274	0.274	0.305	0.338	0.297	0.317	0.319	0.240	0.350	0.303	2.025	0.154	0.068	0.194	-16861.276
790	16	500	500	0.5191	0.362	0.305	0.350	0.270	0.311	0.274	0.323	0.300	0.252	0.282	0.300	0.331	0.285	0.354	0.323	0.328	0.360	0.316	0.348	0.251	0.310	0.266	0.291	0.278	0.312	0.319	0.261	0.406	0.279	0.262	1.958	0.350	0.161	0.208	-17001.388
791	16	500	500	0.5056	0.339	0.244	0.268	0.304	0.305	0.352	0.256	0.288	0.355	0.280	0.283	0.292	0.336	0.326	0.288	0.315	0.312	0.335	0.208	0.317	0.328	0.235	0.275	0.351	0.327	0.252	0.331	0.327	0.330	0.276	2.078	0.340	0.173	0.192	-16773.682
792	16	500	500	0.5214	0.376	0.243	0.360	0.264	0.278	0.298	0.231	0.306	0.266	0.347	0.266	0.297	0.287	0.221	0.293	0.304	0.275	0.291	0.268	0.266	0.331	0.337	0.317	0.281	0.275	0.273	0.344	0.262	0.324	0.273	1.987	0.448	0.236	0.195	-16600.737
793	16	500	500	0.5190	0.284	0.329	0.233	0.283	0.319	0.345	0.329	0.212	0.325	0.282	0.240	0.313	0.341	0.325	0.258	0.306	0.332	0.327	0.262	0.282	0.233	0.284	0.308	0.357	0.346	0.317	0.295	0.252	0.296	0.220	2.192	0.365	0.165	0.211	-16655.558
794	16	500	500	0.5268	0.361	0.308	0.320	0.312	0.266	0.270	0.273	0.338	0.312	0.351	0.314	0.233	0.258	0.302	0.285	0.273	0.344	0.288	0.345	0.374	0.313	0.289	0.293	0.256	0.268	0.313	0.344	0.271	0.289	0.324	2.015	0.318	0.144	0.219	-17047.760
795	16	500	500	0.5029	0.310	0.242	0.237	0.311	0.316	0.328	0.329	0.266	0.382	0.318	0.253	0.306	0.300	0.302	0.330	0.301	0.282	0.310	0.312	0.297	0.369	0.304	0.277	0.273	0.309	0.327	0.290	0.275	0.290	0.301	2.043	0.377	0.184	0.184	-16700.093
796	16	500	500	0.5125	0.285	0.306	0.318	0.220	0.269	0.329	0.325	0.290	0.289	0.242	0.310	0.264	0.299	0.316	0.291	0.294	0.332	0.255	0.292	0.311	0.249	0.351	0.263	0.330	0.340	0.290	0.313	0.258	0.281	0.316	1.935	0.258	0.113	0.195	-16643.983
797	16	500	500	0.4990	0.299	0.274	0.226	0.329	0.305	0.329	0.279	0.269	0.359	0.278	0.349	0.288	0.311	0.258	0.348	0.267	0.330	0.265	0.309	0.283	0.249	0.273	0.299	0.285	0.309	0.236	0.253	0.316	0.235	0.312	1.917	0.458	0.192	0.211	-16527.737
798	16	500	500	0.5115	0.257	0.287	0.285	0.288	0.360	0.323	0.300	0.373	0.357	0.304	0.341	0.331	0.257	0.314	0.313	0.225	0.276	0.284	0.300	0.317	0.294	0.323	0.321	0.315	0.344	0.327	0.306	0.342	0.260	0.352	1.874	0.197	0.122	0.187	-17245.612
799	16	500	500	0.5182	0.324	0.231	0.332	0.309	0.361	0.347	0.349	0.272	0.267	0.356	0.278	0.327	0.303	0.315	0.288	0.322	0.233	0.299	0.308	0.322	0.335	0.380	0.293	0.299	0.260	0.303	0.322	0.290	0.305	0.355	1.903	0.238	0.117	0.185	-17069.582
800	16	500	500	0.5052	0.343	0.250	0.188	0.247	0.316	0.327	0.259	0.277	0.383	0.272	0.310	0.284	0.314	0.274	0.313	0.334	0.337	0.313	0.275	0.284	0.276	0.278	0.295	0.279	0.318	0.314	0.308	0.304	0.336	0.306	2.133	0.347	0.168	0.192	-16603.184
801	16	500	500	0.5081	0.333	0.302	0.270	0.223	0.319	0.313	0.290	0.299	0.357	0.289	0.298	0.280	0.325	0.309	0.276	0.276	0.275	0.285	0.265	0.346	0.295	0.312	0.296	0.313	0.324	0.228	0.320	0.264	0.305	0.238	1.877	0.069	0.031	0.200	-16677.723
802	16	500	500	0.5225	0.266	0.285	0.327	0.331	0.282	0.261	0.263	0.273	0.337	0.286	0.306	0.264	0.267	0.376	0.274	0.302	0.268	0.329	0.311	0.328	0.366	0.325	0.318	0.352	0.304	0.298	0.270	0.273	0.319	0.303	1.786	0.420	0.235	0.205	-17053.023
803	16	500	499	0.5222	0.341	0.291	0.375	0.224	0.346	0.295	0.322	0.274	0.245	0.291	0.296	0.302	0.240	0.303	0.261	0.309	0.270	0.297	0.379	0.314	0.215	0.303	0.276	0.340	0.285	0.273	0.337	0.333	0.322	0.343	2.056	0.362	0.178	0.207	-16880.403
804	16	500	500	0.5139	0.378	0.240	0.272	0.297	0.357	0.314	0.328	0.305	0.393	0.339	0.251	0.322	0.310	0.324	0.276	0.321	0.319	0.272	0.290	0.295	0.310	0.304	0.345	0.263	0.267	0.320	0.283	0.378	0.330	0.303	2.016	0.280	0.135	0.199	-16982.938
805	16	500	499	0.5045	0.304	0.255	0.314	0.227	0.294	0.267	0.276	0.292	0.292	0.328	0.354	0.257	0.300	0.242	0.315	0.241	0.319	0.309	0.267	0.287	0.289	0.271	0.254	0.341	0.289	0.262	0.275	0.300	0.340	0.283	2.088	0.430	0.188	0.209	-16400.230
806	16	500	498	0.4976	0.367	0.265	0.307	0.278	0.238	0.295	0.324	0.298	0.274	0.346	0.324	0.289	0.238	0.250	0.395	0.281	0.210	0.360	0.311	0.290	0.293	0.290	0.272	0.301	0.296	0.268	0.243	0.313	0.304	0.271	2.168	0.209	0.091	0.191	-16384.846
807	16	500	499	0.4983	0.288	0.253	0.315	0.346	0.274	0.280	0.312	0.267	0.297	0.305	0.294	0.280	0.367	0.282	0.235	0.245	0.341	0.237	0.220	0.316	0.306	0.336	0.322	0.301	0.297	0.274	0.305	0.282	0.264	0.350	1.956	0.232	0.108	0.190	-16553.192
808	16	500	500	0.5275	0.306	0.313	0.291	0.237	0.300	0.327	0.304	0.315	0.240	0.272	0.241	0.334	0.323	0.282	0.267	0.308	0.316	0.316	0.352	0.248	0.367	0.313	0.346	0.308	0.350	0.298	0.280	0.315	0.243	0.293	1.972	0.299	0.152	0.195	-16722.831
809	16	500	500	0.5276	0.276	0.389	0.338	0.245	0.341	0.336	0.335	0.325	0.205	0.306	0.279	0.341	0.256	0.328	0.341	0.263	0.398	0.291	0.267	0.273	0.315	0.335	0.277	0.286	0.268	0.316	0.258	0.239	0.303	0.319	1.966	0.223	0.113	0.197	-16950.503
810	16	500	500	0.5117	0.297	0.343	0.350	0.243	0.281	0.231	0.226	0.346	0.254	0.336	0.302	0.323	0.281	0.283	0.283	0.326	0.283	0.245	0.354	0.271	0.231	0.317	0.285	0.295	0.256	0.293	0.292	0.292	0.242	0.304	1.998	0.202	0.085	0.202	-16484.419
811	16	500	499	0.4943	0.310	0.326	0.262	0.254	0.363	0.357	0.265	0.292	0.305	0.325	0.287	0.267	0.311	0.327	0.280	0.306	0.230	0.334	0.300	0.275	0.335	0.335	0.290	0.284	0.344	0.343	0.317	0.310	0.324	0.335	2.012	0.402	0.196	0.204	-16969.877
812	16	500	500	0.5194	0.320	0.334	0.313	0.325	0.299	0.340	0.247	0.303	0.304	0.276	0.243	0.339	0.309	0.368	0.269	0.293	0.319	0.294	0.223	0.312	0.264	0.290	0.238	0.328	0.280	0.281	0.279	0.223	0.306	0.225	2.123	0.319	0.154	0.204	-16525.913
813	16	500	500	0.5047	0.300	0.340	0.296	0.275	0.276	0.322	0.298	0.262	0.240	0.274	0.308	0.259	0.333	0.320	0.273	0.309	0.365	0.337	0.272	0.279	0.322	0.275	0.315	0.251	0.280	0.314	0.319	0.317	0.269	0.352	1.994	0.239	0.117	0.188	-16636.299
814	16	500	500	0.5228	0.293	0.343	0.321	0.304	0.289	0.264	0.325	0.261	0.346	0.353	0.310	0.299	0.326	0.290	0.308	0.369	0.218	0.300	0.310	0.350	0.302	0.280	0.306	0.334	0.327	0.345	0.283	0.259	0.313	0.262	1.988	0.243	0.144	0.207	-17176.479
815	16	500	500	0.5172	0.348	0.264	0.243	0.219	0.309	0.308	0.333	0.400	0.210	0.263	0.300	0.288	0.376	0.290	0.316	0.377	0.354	0.388	0.361	0.249	0.270	0.326	0.337	0.241	0.296	0.292	0.291	0.272	0.358	0.348	1.996	0.045	0.020	0.204	-17051.509
816	16	500	500	0.5202	0.280	0.328	0.276	0.299	0.281	0.306	0.295	0.315	0.279	0.254	0.332	0.306	0.250	0.286	0.247	0.298	0.239	0.293	0.368	0.284	0.351	0.227	0.327	0.261	0.320	0.265	0.319	0.274	0.305	0.338	2.189	0.300	0.136	0.218	-16671.221
817	16	500	500	0.5160	0.302	0.248	0.301	0.337	0.308	0.300	0.354	0.360	0.304	0.254	0.290	0.274	0.341	0.350	0.249	0.302	0.349	0.317	0.299	0.305	0.292	0.325	0.255	0.318	0.326	0.287	0.358	0.350	0.330	0.355	1.919	0.350	0.206	0.206	-17347.095
818	16	500	500	0.5207	0.278	0.372	0.361	0.262	0.259	0.318	0.325	0.320	0.332	0.212	0.257	0.287	0.345	0.359	0.330	0.279	0.342	0.293	0.341	0.269	0.261	0.286	0.346	0.292	0.374	0.321	0.268	0.276	0.329	0.295	1.929	0.126	0.062	0.186	-16854.842
819	16	500	500	0.5028	0.316	0.300	0.312	0.283	0.315	0.338	0.271	0.310	0.210	0.302	0.265	0.331	0.300	0.307	0.336	0.316	0.278	0.324	0.268	0.266	0.252	0.282	0.345	0.326	0.374	0.295	0.294	0.345	0.257	0.256	2.027	0.331	0.180	0.193	-16769.098
820	16	500	500	0.5155	0.318	0.352	0.276	0.280	0.280	0.333	0.288	0.268	0.228	0.312	0.357	0.248	0.318	0.299	0.269	0.333	0.298	0.247	0.260	0.271	0.284	0.335	0.264	0.218	0.319	0.321	0.327	0.330	0.312	0.299	1.956	0.359	0.168	0.194	-16552.828
821	16	500	500	0.5147	0.261	0.318	0.283	0.277	0.261	0.369	0.232	0.358	0.290	0.213	0.322	0.347	0.352	0.313	0.325	0.285	0.276	0.319	0.341	0.301	0.374	0.286	0.302	0.326	0.348	0.307	0.308	0.275	0.297	0.270	1.990	0.192	0.097	0.204	-17105.245
822	16	500	499	0.5182	0.320	0.246	0.307	0.255	0.275	0.310	0.299	0.301	0.274	0.321	0.315	0.340	0.281	0.266	0.284	0.284	0.256	0.334	0.274	0.304	0.330	0.356	0.297	0.412	0.327	0.263	0.338	0.293	0.237	0.317	2.083	0.338	0.186	0.210	-16886.910
823	16	500	500	0.5163	0.291	0.259	0.307	0.237	0.308	0.309	0.286	0.271	0.266	0.298	0.290	0.283	0.344	0.289	0.307	0.233	0.288	0.243	0.307	0.351	0.248	0.315	0.254	0.256	0.297	0.264	0.243	0.265	0.290	0.278	1.935	0.383	0.147	0.202	-16328.480
824	16	500	500	0.5173	0.294	0.285	0.376	0.338	0.244	0.324	0.273	0.306	0.315	0.278	0.278	0.288	0.338	0.326	0.286	0.287	0.236	0.236	0.273	0.275	0.382	0.304	0.244	0.340	0.315	0.290	0.260	0.271	0.316	0.383	2.115	0.265	0.132	0.198	-16781.993
825	16	500	499	0.5223	0.296	0.287	0.309	0.281	0.325	0.251	0.327	0.277	0.303	0.246	0.296	0.284	0.313	0.250	0.300	0.292	0.345	0.285	0.284	0.282	0.293	0.305	0.267	0.243	0.326	0.283	0.277	0.269	0.296	0.280	1.953	0.187	0.096	0.194	-16566.687
826	16	500	500	0.5148	0.279	0.368	0.238	0.251	0.326	0.416	0.271	0.372	0.274	0.285	0.302	0.313	0.301	0.343	0.320	0.321	0.294	0.242	0.338	0.350	0.270	0.289	0.317	0.304	0.288	0.298	0.255	0.363	0.297	0.348	1.946	0.209	0.110	0.211	-17207.927
827	16	500	500	0.5035	0.251	0.354	0.315	0.229	0.317	0.279	0.328	0.293	0.413	0.240	0.336	0.280	0.221	0.326	0.297	0.303	0.362	0.250	0.299	0.385	0.304	0.287	0.372	0.298	0.305	0.284	0.293	0.286	0.283	0.278	2.037	0.300	0.162	0.192	-16903.705
828	16	500	500	0.5214	0.311	0.363	0.267	0.232	0.303	0.295	0.345	0.361	0.311	0.278	0.290	0.337	0.299	0.271	0.364	0.338	0.282	0.286	0.329	0.293	0.273	0.422	0.346	0.283	0.318	0.325	0.302	0.372	0.360	0.340	2.020	0.388	0.239	0.211	-17414.454
829	16	500	500	0.5111	0.302	0.253	0.336	0.284	0.258	0.295	0.274	0.372	0.364	0.386	0.300	0.303	0.291	0.241	0.292	0.307	0.329	0.277	0.246	0.314	0.244	0.308	0.307	0.272	0.329	0.326	0.319	0.247	0.224	0.336	2.046	0.300	0.119	0.202	-16611.974
830	16	500	498	0.5014	0.288	0.274	0.313	0.292	0.340	0.271	0.315	0.304	0.291	0.245	0.338	0.280	0.332	0.290	0.325	0.290	0.286	0.276	0.301	0.247	0.291	0.319	0.273	0.315	0.272	0.279	0.324	0.292	0.262	0.284	1.986	0.295	0.134	0.196	-16687.580
831	16	500	500	0.4921	0.276	0.291	0.348	0.295	0.307	0.326	0.317	0.291	0.285	0.340	0.292	0.264	0.375	0.255	0.288	0.268	0.370	0.336	0.318	0.293	0.251	0.306	0.314	0.302	0.293	0.268	0.301	0.285	0.353	0.283	1.980	0.218	0.104	0.199	-16924.322
832	16	500	500	0.5147	0.308	0.293	0.287	0.311	0.306	0.294	0.307	0.273	0.308	0.297	0.292	0.335	0.278	0.272	0.277	0.316	0.365	0.254	0.319	0.248	0.292	0.231	0.350	0.312	0.314	0.258	0.304	0.282	0.269	0.336	2.016	0.226	0.111	0.207	-16677.228
833	16	500	500	0.5252	0.316	0.332	0.327	0.257	0.326	0.303	0.272	0.297	0.257	0.326	0.286	0.356	0.314	0.287	0.315	0.276	0.290	0.243	0.370	0.260	0.336	0.290	0.359	0.246	0.281	0.324	0.323	0.304	0.314	0.296	2.058	0.406	0.209	0.199	-16984.110
834	16	500	500	0.5046	0.352	0.254	0.273	0.262	0.260	0.279	0.274	0.287	0.297	0.275	0.285	0.313	0.307	0.317	0.288	0.338	0.239	0.273	0.286	0.324	0.299	0.255	0.334	0.373	0.347	0.323	0.293	0.269	0.269	0.320	1.949	0.297	0.160	0.183	-16646.875
835	16	500	499	0.5192	0.209	0.242	0.298	0.321	0.342	0.315	0.342	0.278	0.346	0.313	0.323	0.317	0.304	0.276	0.306	0.236	0.374	0.260	0.300	0.300	0.279	0.252	0.281	0.319	0.359	0.230	0.291	0.348	0.275	0.254	1.898	0.348	0.153	0.192	-16667.465
836	16	500	500	0.5117	0.288	0.296	0.325	0.249	0.320	0.244	0.277	0.317	0.325	0.251	0.325	0.308	0.288	0.314	0.312	0.326	0.278	0.307	0.339	0.327	0.250	0.266	0.276	0.336	0.272	0.298	0.207	0.378	0.302	0.339	2.113	0.331	0.160	0.191	-16648.701
837	16	500	500	0.5039	0.274	0.311	0.233	0.301	0.301	0.259	0.305	0.351	0.301	0.274	0.271	0.323	0.308	0.274	0.378	0.285	0.199	0.353	0.287	0.334	0.346	0.278	0.335	0.291	0.251	0.326	0.269	0.295	0.289	0.283	2.177	0.295	0.139	0.198	-16617.194
838	16	500	500	0.5238	0.296	0.288	0.254	0.287	0.330	0.292	0.329	0.236	0.361	0.241	0.248	0.292	0.294	0.344	0.266	0.271	0.340	0.347	0.281	0.340	0.317	0.354	0.295	0.295	0.341	0.339	0.329	0.223	0.309	0.272	1.936	0.423	0.214	0.201	-16923.056
839	16	500	500	0.5238	0.229	0.338	0.248	0.345	0.265	0.306	0.273	0.319	0.296	0.346	0.298	0.291	0.264	0.311	0.278	0.255	0.249	0.222	0.273	0.288	0.308	0.256	0.295	0.356	0.301	0.297	0.312	0.293	0.282	0.289	2.039	0.493	0.176	0.207	-16451.383
840	16	500	498	0.5223	0.302	0.320	0.332	0.297	0.307	0.293	0.302	0.238	0.272	0.297	0.303	0.308	0.324	0.244	0.292	0.302	0.290	0.311	0.244	0.386	0.361	0.259	0.253	0.299	0.360	0.287	0.343	0.255	0.326	0.341	1.994	0.414	0.191	0.195	-16772.948
841	16	500	500	0.4998	0.329	0.344	0.265	0.299	0.293	0.312	0.289	0.326	0.256	0.315	0.322	0.297	0.252	0.310	0.256	0.369	0.274	0.226	0.280	0.344	0.286	0.380	0.294	0.249	0.254	0.326	0.305	0.319	0.315	0.265	2.043	0.474	0.200	0.219	-16729.241
842	16	500	499	0.5069	0.273	0.305	0.308	0.305	0.273	0.266	0.320	0.298	0.307	0.309	0.329	0.302	0.263	0.280	0.285	0.312	0.347	0.322	0.277	0.292	0.240	0.280	0.313	0.332	0.298	0.295	0.257	0.255	0.309	0.202	1.917	0.389	0.194	0.192	-16567.977
843	16	500	500	0.5190	0.329	0.283	0.325	0.315	0.256	0.277	0.295	0.312	0.263	0.311	0.238	0.307	0.275	0.338	0.307	0.356	0.278	0.267	0.296	0.274	0.327	0.300	0.264	0.341	0.243	0.266	0.278	0.335	0.333	0.275	2.000	0.369	0.166	0.195	-16578.747
844	16	500	500	0.5123	0.273	0.222	0.302	0.258	0.328	0.298	0.295	0.334	0.301	0.358	0.306	0.335	0.319	0.302	0.316	0.323	0.333	0.325	0.302	0.290	0.304	0.343	0.280	0.254	0.330	0.300	0.310	0.260	0.332	0.286	1.971	0.142	0.076	0.220	-17229.180
845	16	500	500	0.5160	0.286	0.399	0.249	0.289	0.233	0.320	0.336	0.290	0.319	0.304	0.315	0.299	0.293	0.240	0.317	0.340	0.323	0.352	0.292	0.317	0.317	0.317	0.305	0.266	0.306	0.317	0.374	0.311	0.318	0.270	2.072	0.334	0.169	0.203	-17039.779
846	16	500	500	0.5112	0.347	0.287	0.313	0.296	0.300	0.291	0.263	0.322	0.321	0.340	0.359	0.307	0.352	0.332	0.292	0.401	0.279	0.288	0.299	0.343	0.361	0.271	0.299	0.263	0.334	0.346	0.293	0.250	0.342	0.284	1.983	0.361	0.198	0.199	-17071.410
847	16	500	500	0.5144	0.310	0.251	0.302	0.266	0.272	0.237	0.277	0.316	0.254	0.305	0.318	0.283	0.237	0.293	0.285	0.324	0.367	0.243	0.244	0.297	0.271	0.314	0.282	0.279	0.248	0.321	0.303	0.318	0.319	0.273	1.968	0.277	0.131	0.200	-16482.182
848	16	500	500	0.5065	0.281	0.313	0.372	0.275	0.317	0.289	0.293	0.304	0.367	0.319	0.272	0.298	0.370	0.266	0.291	0.230	0.322	0.287	0.272	0.233	0.297	0.287	0.330	0.369	0.314	0.314	0.291	0.315	0.307	0.356	1.883	0.365	0.195	0.204	-16926.510
849	16	500	500	0.5136	0.307	0.327	0.312	0.282	0.324	0.323	0.269	0.313	0.302	0.382	0.283	0.320	0.271	0.252	0.309	0.305	0.350	0.311	0.328	0.279	0.360	0.246	0.310	0.208	0.373	0.342	0.273	0.269	0.302	0.272	1.868	0.376	0.181	0.202	-16940.301
850	16	500	500	0.5100	0.329	0.314	0.284	0.283	0.278	0.353	0.261	0.299	0.315	0.319	0.232	0.305	0.277	0.361	0.301	0.328	0.178	0.276	0.282	0.272	0.289	0.292	0.255	0.267	0.292	0.268	0.307	0.283	0.281	0.287	1.964	0.326	0.136	0.209	-16411.402
851	16	500	500	0.5136	0.304	0.342	0.289	0.247	0.284	0.322	0.276	0.281	0.311	0.298	0.297	0.276	0.273	0.331	0.278	0.291	0.317	0.341	0.325	0.255	0.303	0.320	0.280	0.331	0.258	0.319	0.271	0.338	0.329	0.308	2.039	0.218	0.109	0.200	-16807.441
852	16	500	500	0.5195	0.000	0.326	0.380	0.281	0.312	0.276	0.287	0.316	0.283	0.285	0.284	0.307	0.356	0.321	0.320	0.566	0.311	0.276	0.294	0.349	0.366	0.271	0.322	0.234	0.304	0.302	0.339	0.305	0.323	0.317	2.006	0.246	0.126	0.198	-17198.233
853	16	500	500	0.5161	0.327	0.391	0.300	0.298	0.359	0.288	0.334	0.357	0.351	0.286	0.254	0.378	0.198	0.296	0.288	0.321	0.343	0.258	0.311	0.347	0.303	0.300	0.357	0.288	0.412	0.328	0.251	0.342	0.301	0.353	2.026	0.359	0.212	0.189	-17303.026
854	16	500	500	0.5196	0.301	0.317	0.316	0.273	0.277	0.355	0.278	0.282	0.292	0.345	0.305	0.352	0.320	0.344	0.307	0.299	0.274	0.330	0.289	0.285	0.295	0.280	0.280	0.233	0.300	0.329	0.296	0.278	0.268	0.322	1.874	0.318	0.162	0.209	-16946.893
855	16	500	500	0.5266	0.302	0.320	0.356	0.263	0.341	0.294	0.321	0.287	0.329	0.337	0.328	0.301	0.357	0.319	0.266	0.289	0.268	0.295	0.252	0.307	0.256	0.329	0.298	0.292	0.336	0.253	0.342	0.331	0.334	0.308	2.040	0.350	0.170	0.201	-17065.022
856	16	500	500	0.5134	0.288	0.286	0.261	0.313	0.307	0.283	0.294	0.219	0.277	0.349	0.333	0.291	0.256	0.273	0.264	0.237	0.296	0.366	0.261	0.312	0.242	0.306	0.297	0.395	0.308	0.339	0.314	0.267	0.251	0.330	1.990	0.394	0.182	0.198	-16651.325
857	16	500	500	0.5322	0.305	0.324	0.336	0.251	0.354	0.316	0.313	0.278	0.281	0.334	0.252	0.340	0.290	0.332	0.282	0.252	0.308	0.379	0.373	0.293	0.311	0.298	0.317	0.230	0.294	0.288	0.338	0.315	0.251	0.366	2.043	0.163	0.078	0.188	-16940.603
858	16	500	500	0.5118	0.269	0.255	0.277	0.280	0.334	0.279	0.322	0.354	0.301	0.335	0.286	0.271	0.272	0.257	0.354	0.308	0.292	0.286	0.303	0.248	0.317	0.373	0.341	0.337	0.305	0.310	0.223	0.282	0.237	0.300	1.996	0.456	0.204	0.212	-16787.299
859	16	500	500	0.5194	0.219	0.247	0.283	0.309	0.282	0.300	0.339	0.262	0.211	0.352	0.306	0.303	0.256	0.319	0.311	0.268	0.244	0.264	0.334	0.308	0.253	0.297	0.296	0.329	0.265	0.309	0.244	0.289	0.258	0.306	2.000	0.421	0.209	0.222	-16612.474
860	16	500	499	0.5296	0.243	0.267	0.293	0.244	0.328	0.287	0.325	0.288	0.323	0.403	0.286	0.335	0.302	0.269	0.284	0.280	0.282	0.352	0.320	0.276	0.278	0.303	0.287	0.367	0.352	0.322	0.293	0.306	0.365	0.282	1.995	0.236	0.121	0.209	-17105.583
861	16	500	500	0.5104	0.276	0.332	0.358	0.281	0.279	0.306	0.296	0.279	0.271	0.230	0.330	0.342	0.367	0.322	0.275	0.287	0.307	0.256	0.291	0.328	0.279	0.264	0.307	0.281	0.296	0.369	0.325	0.388	0.295	0.319	1.960	0.163	0.092	0.195	-17031.990
862	16	500	500	0.5206	0.280	0.292	0.216	0.344	0.345	0.361	0.348	0.300	0.250	0.328	0.295	0.300	0.306	0.254	0.272	0.303	0.246	0.335	0.331	0.287	0.292	0.295	0.248	0.310	0.256	0.306	0.294	0.244	0.273	0.290	2.006	0.236	0.105	0.203	-16688.994
863	16	500	500	0.5319	0.318	0.255	0.314	0.267	0.355	0.274	0.248	0.345	0.335	0.230	0.340	0.326	0.237	0.296	0.323	0.268	0.363	0.281	0.289	0.300	0.339	0.226	0.285	0.287	0.311	0.315	0.289	0.300	0.370	0.250	1.909	0.297	0.150	0.188	-16687.498
864	16	500	500	0.5197	0.317	0.333	0.304	0.280	0.266	0.348	0.319	0.319	0.302	0.229	0.300	0.381	0.323	0.260	0.276	0.266	0.330	0.327	0.330	0.278	0.358	0.281	0.317	0.291	0.262	0.259	0.303	0.264	0.258	0.325	2.002	0.295	0.153	0.186	-16795.746
865	16	500	500	0.5172	0.305	0.262	0.279	0.312	0.343	0.375	0.368	0.297	0.370	0.234	0.290	0.334	0.307	0.290	0.316	0.265	0.213	0.263	0.393	0.282	0.311	0.259	0.301	0.337	0.319	0.290	0.305	0.295	0.281	0.257	1.975	0.290	0.146	0.195	-16909.990
866	16	500	500	0.5088	0.288	0.338	0.262	0.269	0.320	0.274	0.334	0.350	0.305	0.285	0.349	0.254	0.403	0.293	0.308	0.259	0.313	0.298	0.313	0.300	0.327	0.280	0.281	0.250	0.296	0.328	0.315	0.312	0.310	0.312	2.006	0.315	0.168	0.204	-17087.248
867	16	500	500	0.5093	0.233	0.306	0.261	0.303	0.303	0.316	0.319	0.283	0.338	0.307	0.344	0.287	0.262	0.293	0.306	0.250	0.314	0.294	0.278	0.327	0.234	0.296	0.334	0.272	0.300	0.304	0.298	0.310	0.235	0.350	1.980	0.274	0.141	0.206	-16789.321
868	16	500	500	0.5161	0.303	0.312	0.243	0.285	0.267	0.281	0.278	0.248	0.300	0.290	0.301	0.290	0.311	0.207	0.259	0.305	0.292	0.325	0.280	0.325	0.282	0.327	0.260	0.323	0.270	0.284	0.353	0.361	0.266	0.319	1.886	0.405	0.182	0.191	-16505.535
869	16	500	499	0.5248	0.287	0.342	0.284	0.280	0.237	0.281	0.260	0.353	0.302	0.340	0.285	0.324	0.228	0.260	0.268	0.342	0.213	0.257	0.309	0.321	0.238	0.251	0.310	0.392	0.328	0.301	0.351	0.267	0.277	0.287	1.972	0.207	0.093	0.204	-16653.810
870	16	500	499	0.5208	0.349	0.329	0.263	0.314	0.261	0.300	0.268	0.298	0.322	0.264	0.286	0.249	0.296	0.317	0.278	0.305	0.395	0.225	0.307	0.291	0.290	0.264	0.338	0.253	0.358	0.316	0.286	0.347	0.314	0.388	2.098	0.344	0.193	0.197	-16896.581
871	16	500	500	0.5128	0.251	0.283	0.378	0.297	0.309	0.264	0.314	0.294	0.344	0.336	0.310	0.245	0.290	0.273	0.382	0.323	0.272	0.317	0.345	0.326	0.403	0.280	0.289	0.276	0.347	0.320	0.287	0.267	0.325	0.274	1.970	0.449	0.251	0.191	-17072.180
872	16	500	500	0.5259	0.294	0.261	0.236	0.251	0.280	0.293	0.250	0.339	0.253	0.284	0.299	0.298	0.413	0.308	0.311	0.265	0.241	0.297	0.296	0.318	0.344	0.320	0.302	0.339	0.299	0.288	0.287	0.265	0.316	0.332	1.903	0.455	0.240	0.208	-16828.531
873	16	500	500	0.5154	0.249	0.208	0.341	0.258	0.251	0.322	0.365	0.306	0.311	0.213	0.310	0.306	0.342	0.330	0.315	0.302	0.327	0.275	0.269	0.352	0.421	0.340	0.332	0.335	0.279	0.303	0.303	0.294	0.343	0.370	2.045	0.134	0.064	0.200	-17038.266
874	16	500	499	0.5197	0.323	0.290	0.278	0.276	0.318	0.342	0.359	0.285	0.306	0.362	0.263	0.344	0.308	0.347	0.225	0.302	0.294	0.290	0.291	0.288	0.303	0.281	0.363	0.223	0.267	0.277	0.289	0.384	0.349	0.234	1.953	0.324	0.174	0.190	-16894.157
875	16	500	500	0.5132	0.311	0.332	0.302	0.284	0.271	0.329	0.305	0.305	0.261	0.273	0.268	0.316	0.310	0.264	0.300	0.291	0.346	0.331	0.348	0.256	0.286	0.277	0.339	0.284	0.252	0.278	0.299	0.304	0.351	0.290	1.979	0.348	0.189	0.175	-16665.509
876	16	500	498	0.5118	0.282	0.264	0.319	0.288	0.285	0.381	0.270	0.293	0.325	0.318	0.271	0.314	0.327	0.325	0.281	0.266	0.291	0.346	0.300	0.269	0.303	0.270	0.289	0.308	0.291	0.239	0.284	0.291	0.346	0.287	2.002	0.180	0.085	0.193	-16699.565
877	16	500	500	0.5138	0.352	0.238	0.270	0.302	0.318	0.290	0.314	0.255	0.287	0.338	0.316	0.300	0.294	0.285	0.265	0.311	0.322	0.268	0.310	0.331	0.301	0.295	0.271	0.276	0.274	0.268	0.400	0.274	0.246	0.290	1.946	0.343	0.197	0.189	-16654.746
878	16	500	500	0.5342	0.351	0.272	0.297	0.277	0.333	0.353	0.278	0.326	0.288	0.221	0.264	0.315	0.324	0.259	0.302	0.305	0.293	0.248	0.335	0.341	0.309	0.266	0.333	0.222	0.311	0.249	0.305	0.251	0.287	0.321	1.963	0.187	0.084	0.208	-16785.197
879	16	500	500	0.4987	0.315	0.236	0.350	0.344	0.290	0.288	0.315	0.233	0.339	0.281	0.270	0.289	0.338	0.302	0.232	0.269	0.256	0.278	0.329	0.248	0.301	0.295	0.300	0.347	0.288	0.337	0.314	0.235	0.329	0.326	2.032	0.423	0.204	0.199	-16674.548
880	16	500	499	0.5165	0.285	0.242	0.366	0.292	0.304	0.247	0.280	0.297	0.290	0.318	0.196	0.360	0.322	0.317	0.259	0.288	0.312	0.309	0.269	0.354	0.288	0.283	0.285	0.356	0.334	0.261	0.321	0.330	0.294	0.383	2.038	0.365	0.169	0.203	-16839.517
881	16	500	500	0.5244	0.301	0.261	0.214	0.216	0.319	0.311	0.264	0.298	0.306	0.331	0.325	0.302	0.316	0.333	0.272	0.245	0.234	0.279	0.254	0.264	0.349	0.333	0.291	0.321	0.311	0.255	0.300	0.349	0.330	0.297	2.130	0.337	0.174	0.209	-16758.583
882	16	500	500	0.5066	0.341	0.276	0.327	0.316	0.275	0.256	0.320	0.320	0.288	0.286	0.320	0.252	0.304	0.309	0.297	0.274	0.407	0.291	0.315	0.309	0.276	0.245	0.310	0.225	0.282	0.272	0.304	0.277	0.291	0.318	2.060	0.334	0.162	0.205	-16750.386
883	16	500	500	0.5282	0.264	0.301	0.351	0.329	0.276	0.344	0.266	0.401	0.305	0.285	0.319	0.343	0.280	0.326	0.319	0.283	0.226	0.350	0.315	0.351	0.231	0.301	0.338	0.356	0.274	0.308	0.301	0.336	0.302	0.294	1.861	0.395	0.223	0.191	-17242.238
884	16	500	499	0.5102	0.296	0.302	0.287	0.287	0.304	0.267	0.294	0.274	0.347	0.278	0.281	0.291	0.325	0.328	0.274	0.272	0.257	0.298	0.253	0.301	0.312	0.297	0.271	0.310	0.296	0.328	0.280	0.338	0.303	0.296	2.015	0.412	0.211	0.201	-16705.697
885	16	500	499	0.5158	0.320	0.303	0.264	0.276	0.255	0.321	0.260	0.338	0.342	0.273	0.288	0.292	0.289	0.296	0.314	0.263	0.326	0.254	0.307	0.340	0.311	0.247	0.335	0.357	0.259	0.331	0.333	0.270	0.284	0.291	1.920	0.250	0.124	0.218	-16915.729
886	16	500	500	0.5117	0.365	0.317	0.271	0.282	0.348	0.287	0.333	0.341	0.316	0.399	0.304	0.323	0.271	0.325	0.345	0.376	0.317	0.273	0.309	0.327	0.339	0.387	0.367	0.312	0.327	0.282	0.366	0.328	0.368	0.291	2.125	0.134	0.091	0.200	-17699.859
887	16	500	500	0.5117	0.300	0.285	0.287	0.297	0.280	0.316	0.300	0.262	0.280	0.305	0.267	0.335	0.243	0.232	0.318	0.264	0.303	0.331	0.322	0.237	0.304	0.257	0.284	0.232	0.283	0.303	0.236	0.325	0.254	0.345	2.041	0.262	0.121	0.203	-16505.970
888	16	500	500	0.5265	0.258	0.293	0.388	0.277	0.298	0.262	0.281	0.280	0.280	0.346	0.310	0.322	0.299	0.251	0.334	0.328	0.312	0.268	0.278	0.337	0.298	0.321	0.320	0.365	0.325	0.286	0.276	0.212	0.328	0.247	1.932	0.142	0.081	0.192	-17015.205
889	16	500	500	0.5130	0.264	0.246	0.261	0.278	0.291	0.278	0.288	0.252	0.262	0.309	0.340	0.256	0.233	0.326	0.307	0.248	0.279	0.322	0.253	0.285	0.265	0.230	0.262	0.195	0.333	0.284	0.307	0.368	0.248	0.320	2.022	0.282	0.127	0.193	-16188.424
890	16	500	500	0.4993	0.345	0.310	0.303	0.254	0.302	0.351	0.312	0.295	0.306	0.373	0.318	0.264	0.268	0.313	0.237	0.321	0.331	0.253	0.264	0.266	0.269	0.288	0.300	0.317	0.298	0.360	0.272	0.269	0.337	0.318	2.075	0.307	0.179	0.189	-16725.184
891	16	500	500	0.5260	0.310	0.316	0.297	0.250	0.291	0.262	0.347	0.286	0.365	0.291	0.275	0.289	0.264	0.349	0.280	0.294	0.256	0.311	0.294	0.290	0.259	0.271	0.280	0.375	0.300	0.266	0.294	0.264	0.261	0.298	2.055	0.350	0.176	0.202	-16594.698
892	16	500	500	0.5150	0.297	0.309	0.307	0.258	0.282	0.315	0.276	0.285	0.263	0.262	0.323	0.357	0.292	0.332	0.269	0.355	0.318	0.345	0.291	0.315	0.280	0.325	0.300	0.352	0.277	0.420	0.271	0.330	0.238	0.261	1.963	0.330	0.173	0.186	-16828.625
893	16	500	500	0.5225	0.327	0.418	0.364	0.263	0.292	0.335	0.287	0.207	0.246	0.339	0.289	0.274	0.299	0.280	0.285	0.314	0.228	0.341	0.290	0.282	0.334	0.317	0.326	0.347	0.309	0.348	0.317	0.338	0.264	0.312	1.942	0.189	0.092	0.191	-16825.494
894	16	500	499	0.5030	0.340	0.262	0.337	0.259	0.288	0.302	0.331	0.292	0.348	0.324	0.352	0.329	0.283	0.319	0.293	0.264	0.292	0.301	0.301	0.388	0.391	0.312	0.357	0.219	0.314	0.299	0.302	0.390	0.373	0.312	1.991	0.335	0.193	0.206	-17407.242
895	16	500	500	0.5148	0.287	0.279	0.290	0.248	0.313	0.332	0.320	0.268	0.334	0.297	0.318	0.328	0.300	0.274	0.326	0.344	0.272	0.316	0.320	0.304	0.244	0.372	0.290	0.324	0.316	0.258	0.315	0.298	0.322	0.296	1.974	0.056	0.026	0.221	-17059.057
896	16	500	500	0.5171	0.278	0.211	0.305	0.296	0.295	0.290	0.337	0.272	0.322	0.312	0.244	0.288	0.254	0.263	0.343	0.251	0.223	0.315	0.293	0.289	0.306	0.307	0.295	0.333	0.289	0.305	0.289	0.297	0.283	0.338	1.950	0.323	0.152	0.201	-16658.189
897	16	500	500	0.5171	0.331	0.351	0.289	0.267	0.256	0.290	0.288	0.281	0.268	0.281	0.298	0.346	0.299	0.317	0.265	0.300	0.281	0.289	0.269	0.368	0.270	0.311	0.301	0.269	0.284	0.264	0.259	0.303	0.288	0.241	1.936	0.159	0.072	0.207	-16583.184
898	16	500	500	0.5054	0.307	0.306	0.269	0.260	0.295	0.280	0.258	0.264	0.294	0.316	0.336	0.318	0.280	0.315	0.340	0.295	0.331	0.251	0.312	0.317	0.259	0.310	0.283	0.321	0.300	0.253	0.293	0.316	0.285	0.254	2.106	0.305	0.153	0.196	-16506.250
899	16	500	500	0.5039	0.332	0.265	0.269	0.256	0.345	0.277	0.338	0.289	0.328	0.252	0.210	0.292	0.261	0.262	0.319	0.276	0.295	0.320	0.299	0.271	0.249	0.321	0.239	0.264	0.285	0.299	0.311	0.275	0.297	0.370	1.942	0.361	0.189	0.201	-16517.790
900	16	500	500	0.5248	0.256	0.292	0.282	0.242	0.292	0.349	0.313	0.272	0.291	0.287	0.299	0.327	0.284	0.347	0.270	0.273	0.260	0.299	0.303	0.286	0.279	0.271	0.303	0.284	0.264	0.299	0.290	0.307	0.273	0.317	2.004	0.285	0.126	0.189	-16488.014
901	16	500	499	0.5239	0.265	0.346	0.371	0.338	0.353	0.320	0.298	0.314	0.302	0.290	0.312	0.275	0.356	0.318	0.332	0.324	0.306	0.354	0.297	0.313	0.321	0.319	0.275	0.305	0.353	0.333	0.335	0.304	0.350	0.321	2.042	0.321	0.205	0.181	-17331.597
902	16	500	500	0.5048	0.326	0.328	0.326	0.253	0.287	0.276	0.292	0.288	0.258	0.249	0.271	0.328	0.287	0.288	0.273	0.273	0.326	0.241	0.298	0.267	0.320	0.296	0.333	0.259	0.243	0.305	0.328	0.319	0.306	0.284	2.000	0.402	0.191	0.195	-16505.596
903	16	500	500	0.5168	0.339	0.434	0.274	0.278	0.291	0.323	0.373	0.265	0.286	0.287	0.260	0.319	0.338	0.289	0.296	0.300	0.371	0.313	0.308	0.284	0.331	0.314	0.330	0.229	0.274	0.289	0.300	0.305	0.297	0.288	1.959	0.313	0.165	0.179	-16801.706
904	16	500	499	0.5089	0.312	0.326	0.277	0.249	0.343	0.248	0.343	0.307	0.241	0.281	0.359	0.270	0.308	0.264	0.321	0.319	0.269	0.314	0.265	0.292	0.302	0.323	0.348	0.268	0.343	0.281	0.301	0.262	0.266	0.340	2.057	0.282	0.141	0.197	-16699.141
905	16	500	499	0.5100	0.276	0.348	0.309	0.286	0.304	0.294	0.312	0.316	0.353	0.301	0.306	0.329	0.306	0.269	0.303	0.298	0.281	0.219	0.344	0.366	0.368	0.305	0.332	0.253	0.306	0.267	0.299	0.306	0.296	0.353	1.990	0.288	0.168	0.221	-17285.100
906	16	500	500	0.5141	0.337	0.318	0.320	0.264	0.238	0.328	0.301	0.300	0.331	0.241	0.339	0.294	0.267	0.335	0.327	0.354	0.307	0.250	0.291	0.361	0.384	0.287	0.314	0.338	0.307	0.310	0.292	0.356	0.269	0.284	2.119	0.236	0.112	0.190	-16838.455
907	16	500	500	0.5333	0.312	0.267	0.318	0.282	0.264	0.273	0.357	0.256	0.346	0.346	0.303	0.284	0.258	0.259	0.303	0.326	0.382	0.309	0.246	0.333	0.291	0.332	0.252	0.262	0.302	0.320	0.318	0.286	0.264	0.295	2.088	0.171	0.091	0.185	-16769.285
908	16	500	500	0.5114	0.304	0.298	0.295	0.275	0.348	0.337	0.283	0.316	0.222	0.308	0.349	0.376	0.311	0.293	0.291	0.273	0.289	0.287	0.290	0.289	0.309	0.309	0.250	0.361	0.303	0.219	0.322	0.356	0.299	0.274	2.026	0.225	0.110	0.198	-16938.281
909	16	500	500	0.5201	0.268	0.346	0.306	0.349	0.287	0.352	0.300	0.318	0.228	0.296	0.301	0.305	0.265	0.279	0.339	0.329	0.288	0.291	0.231	0.289	0.266	0.307	0.253	0.241	0.313	0.254	0.304	0.327	0.250	0.333	2.056	0.342	0.150	0.226	-16698.354
910	16	500	499	0.5109	0.284	0.316	0.268	0.238	0.260	0.300	0.307	0.272	0.293	0.333	0.325	0.269	0.293	0.291	0.291	0.299	0.265	0.277	0.271	0.314	0.309	0.309	0.269	0.320	0.291	0.299	0.316	0.276	0.299	0.322	1.928	0.156	0.082	0.198	-16608.194
911	16	500	500	0.5238	0.317	0.212	0.309	0.271	0.263	0.262	0.287	0.277	0.335	0.279	0.303	0.296	0.354	0.230	0.343	0.260	0.278	0.309	0.307	0.336	0.295	0.296	0.292	0.205	0.303	0.332	0.301	0.268	0.328	0.277	1.856	0.320	0.151	0.212	-16738.101
912	16	500	500	0.5106	0.348	0.266	0.273	0.278	0.299	0.325	0.262	0.274	0.303	0.348	0.339	0.277	0.392	0.311	0.352	0.307	0.278	0.284	0.311	0.200	0.308	0.253	0.296	0.233	0.330	0.250	0.274	0.304	0.307	0.276	1.878	0.330	0.175	0.189	-16685.664
913	16	500	498	0.5215	0.276	0.228	0.339	0.240	0.256	0.277	0.283	0.335	0.345	0.249	0.268	0.307	0.322	0.293	0.307	0.328	0.290	0.308	0.342	0.364	0.299	0.295	0.233	0.342	0.316	0.331	0.314	0.252	0.287	0.294	2.006	0.257	0.136	0.213	-16860.829
914	16	500	500	0.5123	0.314	0.289	0.306	0.268	0.275	0.290	0.298	0.337	0.304	0.254	0.311	0.317	0.354	0.271	0.280	0.309	0.329	0.330	0.319	0.299	0.330	0.398	0.304	0.309	0.308	0.261	0.266	0.297	0.272	0.368	1.939	0.301	0.157	0.197	-16976.235
915	16	500	500	0.5105	0.296	0.289	0.342	0.294	0.275	0.305	0.326	0.237	0.346	0.312	0.273	0.325	0.271	0.309	0.294	0.257	0.330	0.253	0.295	0.313	0.392	0.307	0.272	0.293	0.286	0.321	0.329	0.276	0.361	0.336	1.892	0.392	0.186	0.199	-16862.461
916	16	500	500	0.5320	0.383	0.301	0.262	0.262	0.305	0.325	0.320	0.275	0.319	0.369	0.303	0.286	0.243	0.350	0.308	0.307	0.287	0.272	0.285	0.314	0.236	0.311	0.262	0.306	0.262	0.309	0.303	0.355	0.259	0.306	1.879	0.272	0.133	0.207	-16924.927
917	16	500	500	0.5154	0.309	0.373	0.317	0.278	0.287	0.270	0.299	0.336	0.314	0.230	0.306	0.308	0.375	0.307	0.333	0.316	0.355	0.247	0.292	0.295	0.303	0.297	0.247	0.306	0.321	0.253	0.370	0.237	0.297	0.352	2.032	0.101	0.054	0.212	-17036.637
918	16	500	498	0.4959	0.284	0.284	0.383	0.239	0.306	0.195	0.279	0.308	0.280	0.318	0.257	0.276	0.297	0.258	0.313	0.324	0.315	0.316	0.259	0.336	0.292	0.248	0.271	0.251	0.246	0.323	0.268	0.277	0.334	0.318	1.968	0.000	0.000	0.200	-16335.622
919	16	500	500	0.5158	0.236	0.213	0.310	0.272	0.263	0.396	0.302	0.299	0.291	0.314	0.290	0.276	0.308	0.342	0.260	0.285	0.328	0.270	0.304	0.244	0.282	0.305	0.272	0.318	0.290	0.327	0.272	0.288	0.366	0.281	1.999	0.351	0.179	0.195	-16608.150
920	16	500	500	0.5175	0.309	0.243	0.222	0.301	0.270	0.328	0.270	0.319	0.286	0.309	0.271	0.303	0.312	0.305	0.225	0.279	0.338	0.275	0.312	0.293	0.305	0.285	0.274	0.306	0.309	0.288	0.308	0.219	0.348	0.278	2.003	0.460	0.239	0.199	-16632.363
921	16	500	500	0.5203	0.376	0.249	0.365	0.353	0.291	0.282	0.286	0.251	0.322	0.297	0.316	0.312	0.255	0.289	0.274	0.364	0.308	0.291	0.368	0.265	0.273	0.301	0.337	0.338	0.292	0.313	0.271	0.314	0.281	0.338	2.031	0.441	0.199	0.207	-16958.130
922	16	500	500	0.5235	0.316	0.225	0.298	0.308	0.289	0.317	0.295	0.295	0.369	0.287	0.330	0.376	0.255	0.277	0.314	0.337	0.301	0.287	0.322	0.312	0.263	0.257	0.268	0.268	0.236	0.335	0.284	0.432	0.315	0.275	1.998	0.288	0.160	0.203	-16920.526
923	16	500	500	0.5105	0.270	0.277	0.254	0.275	0.264	0.343	0.323	0.269	0.284	0.279	0.311	0.272	0.292	0.259	0.305	0.246	0.328	0.286	0.282	0.319	0.258	0.278	0.312	0.266	0.269	0.293	0.248	0.294	0.217	0.284	1.946	0.290	0.130	0.202	-16302.618
924	16	500	500	0.5216	0.292	0.201	0.328	0.314	0.341	0.335	0.255	0.329	0.297	0.259	0.256	0.331	0.299	0.300	0.352	0.345	0.306	0.289	0.328	0.288	0.262	0.270	0.343	0.223	0.278	0.309	0.297	0.313	0.245	0.344	2.102	0.259	0.130	0.190	-16759.410
925	16	500	500	0.5165	0.296	0.251	0.315	0.318	0.248	0.315	0.278	0.300	0.365	0.331	0.328	0.227	0.279	0.246	0.326	0.298	0.204	0.264	0.280	0.323	0.321	0.311	0.354	0.317	0.334	0.261	0.283	0.278	0.308	0.366	1.870	0.441	0.203	0.190	-16727.641
926	16	500	500	0.5219	0.284	0.260	0.347	0.264	0.287	0.286	0.325	0.364	0.269	0.247	0.247	0.346	0.356	0.277	0.374	0.273	0.264	0.320	0.347	0.304	0.300	0.279	0.320	0.230	0.322	0.276	0.288	0.345	0.292	0.315	2.088	0.290	0.136	0.220	-17056.028
927	16	500	500	0.5144	0.281	0.313	0.330	0.221	0.379	0.209	0.328	0.276	0.324	0.257	0.287	0.287	0.296	0.282	0.303	0.299	0.276	0.302	0.257	0.252	0.295	0.381	0.291	0.237	0.300	0.257	0.340	0.322	0.282	0.234	1.873	0.190	0.088	0.190	-16510.988
928	16	500	500	0.5140	0.327	0.369	0.297	0.253	0.236	0.308	0.339	0.347	0.299	0.234	0.286	0.351	0.271	0.269	0.249	0.308	0.257	0.283	0.342	0.301	0.340	0.304	0.394	0.242	0.264	0.284	0.297	0.372	0.289	0.304	2.151	0.218	0.123	0.195	-16751.243
929	16	500	500	0.5082	0.300	0.191	0.249	0.308	0.328	0.377	0.363	0.292	0.391	0.321	0.339	0.333	0.281	0.286	0.333	0.384	0.329	0.283	0.293	0.286	0.409	0.345	0.279	0.407	0.279	0.242	0.316	0.341	0.323	0.279	2.018	0.312	0.190	0.193	-17249.335
930	16	500	500	0.5030	0.322	0.321	0.294	0.292	0.318	0.320	0.285	0.266	0.307	0.288	0.316	0.278	0.276	0.282	0.312	0.251	0.368	0.231	0.381	0.319	0.317	0.296	0.303	0.256	0.247	0.307	0.277	0.349	0.323	0.291	2.092	0.207	0.107	0.214	-16952.630
931	16	500	500	0.5016	0.311	0.270	0.318	0.257	0.281	0.253	0.331	0.288	0.269	0.291	0.298	0.307	0.328	0.326	0.293	0.244	0.317	0.286	0.380	0.295	0.287	0.317	0.340	0.281	0.313	0.267	0.321	0.283	0.275	0.384	2.050	0.266	0.128	0.206	-16957.244
932	16	500	499	0.5040	0.300	0.282	0.265	0.244	0.304	0.369	0.266	0.278	0.231	0.332	0.290	0.306	0.362	0.299	0.345	0.310	0.326	0.287	0.290	0.321	0.312	0.263	0.297	0.303	0.272	0.250	0.306	0.332	0.277	0.370	2.028	0.457	0.195	0.215	-16692.302
933	16	500	500	0.5180	0.237	0.326	0.303	0.294	0.289	0.320	0.287	0.310	0.285	0.351	0.351	0.298	0.190	0.266	0.297	0.325	0.238	0.261	0.289	0.292	0.289	0.350	0.307	0.242	0.289	0.222	0.309	0.305	0.306	0.296	2.124	0.219	0.105	0.206	-16631.963
934	16	500	500	0.5217	0.314	0.329	0.357	0.291	0.271	0.255	0.299	0.309	0.361	0.224	0.312	0.318	0.366	0.314	0.253	0.246	0.276	0.312	0.313	0.327	0.351	0.247	0.323	0.290	0.294	0.261	0.306	0.283	0.288	0.292	1.998	0.440	0.222	0.207	-16850.534
935	16	500	500	0.5077	0.327	0.311	0.317	0.324	0.288	0.311	0.365	0.316	0.322	0.287	0.329	0.310	0.314	0.307	0.283	0.303	0.362	0.406	0.251	0.385	0.244	0.316	0.241	0.265	0.282	0.295	0.305	0.298	0.269	0.305	1.875	0.541	0.329	0.203	-17175.497
936	16	500	500	0.5267	0.325	0.301	0.297	0.267	0.360	0.336	0.384	0.266	0.264	0.334	0.253	0.307	0.298	0.279	0.362	0.273	0.273	0.262	0.411	0.318	0.324	0.346	0.269	0.340	0.272	0.311	0.278	0.291	0.316	0.293	1.937	0.381	0.181	0.192	-17043.835
937	16	500	500	0.5135	0.269	0.256	0.317	0.323	0.237	0.251	0.393	0.299	0.374	0.271	0.334	0.300	0.374	0.273	0.252	0.280	0.291	0.304	0.300	0.329	0.324	0.295	0.298	0.328	0.283	0.276	0.335	0.293	0.324	0.284	1.978	0.369	0.186	0.192	-16812.783
938	16	500	500	0.4970	0.329	0.256	0.339	0.276	0.322	0.248	0.322	0.293	0.323	0.312	0.280	0.318	0.330	0.269	0.304	0.249	0.390	0.271	0.281	0.285	0.302	0.335	0.339	0.231	0.290	0.348	0.265	0.323	0.247	0.351	2.043	0.436	0.218	0.199	-16747.098
939	16	500	500	0.5135	0.304	0.322	0.322	0.279	0.300	0.295	0.355	0.299	0.264	0.310	0.319	0.287	0.256	0.222	0.310	0.314	0.245	0.311	0.261	0.316	0.269	0.309	0.310	0.276	0.348	0.324	0.256	0.261	0.226	0.318	1.969	0.299	0.144	0.179	-16542.991
940	16	500	499	0.5080	0.331	0.268	0.301	0.268	0.270	0.277	0.290	0.273	0.318	0.295	0.259	0.337	0.302	0.296	0.274	0.272	0.291	0.314	0.320	0.295	0.243	0.332	0.273	0.307	0.241	0.336	0.317	0.251	0.320	0.260	1.991	0.389	0.184	0.221	-16710.303
941	16	500	500	0.5253	0.306	0.322	0.323	0.303	0.259	0.306	0.334	0.277	0.283	0.298	0.317	0.262	0.330	0.299	0.344	0.267	0.294	0.345	0.339	0.261	0.298	0.303	0.289	0.272	0.280	0.251	0.315	0.312	0.293	0.270	1.973	0.305	0.179	0.205	-17075.832
942	16	500	500	0.5097	0.299	0.287	0.265	0.301	0.309	0.316	0.306	0.299	0.359	0.274	0.291	0.329	0.241	0.384	0.313	0.266	0.260	0.269	0.278	0.290	0.209	0.259	0.341	0.348	0.222	0.282	0.245	0.328	0.284	0.243	2.032	0.434	0.190	0.202	-16501.620
943	16	500	500	0.5200	0.338	0.279	0.342	0.336	0.338	0.248	0.307	0.321	0.266	0.302	0.262	0.328	0.333	0.321	0.293	0.331	0.288	0.280	0.292	0.267	0.281	0.311	0.280	0.297	0.251	0.320	0.317	0.340	0.293	0.311	1.954	0.329	0.167	0.207	-17032.137
944	16	500	500	0.5293	0.311	0.341	0.363	0.285	0.317	0.315	0.296	0.308	0.318	0.370	0.308	0.335	0.301	0.296	0.320	0.354	0.307	0.251	0.237	0.322	0.367	0.315	0.225	0.326	0.318	0.283	0.337	0.308	0.326	0.304	1.980	0.391	0.240	0.186	-17224.667
945	16	500	500	0.5083	0.299	0.257	0.322	0.272	0.274	0.250	0.285	0.278	0.336	0.343	0.314	0.288	0.294	0.289	0.298	0.302	0.292	0.300	0.324	0.260	0.284	0.256	0.334	0.315	0.304	0.321	0.282	0.247	0.323	0.287	2.065	0.359	0.154	0.213	-16680.950
946	16	500	500	0.5083	0.281	0.292	0.289	0.261	0.270	0.286	0.360	0.375	0.314	0.263	0.300	0.279	0.307	0.286	0.330	0.253	0.431	0.328	0.294	0.292	0.329	0.266	0.276	0.238	0.261	0.308	0.284	0.296	0.319	0.302	1.923	0.449	0.211	0.205	-16842.727
947	16	500	500	0.5016	0.369	0.376	0.267	0.262	0.373	0.307	0.364	0.336	0.235	0.332	0.352	0.309	0.300	0.341	0.260	0.365	0.309	0.302	0.329	0.327	0.305	0.310	0.335	0.318	0.311	0.349	0.282	0.283	0.253	0.303	1.955	0.348	0.234	0.192	-17328.228
948	16	500	500	0.5015	0.309	0.242	0.224	0.285	0.285	0.300	0.219	0.317	0.285	0.253	0.267	0.362	0.303	0.318	0.242	0.276	0.285	0.259	0.313	0.255	0.296	0.256	0.308	0.316	0.264	0.294	0.321	0.272	0.283	0.273	2.022	0.349	0.139	0.199	-16153.144
949	16	500	500	0.5074	0.344	0.311	0.309	0.256	0.265	0.278	0.358	0.326	0.405	0.245	0.309	0.317	0.391	0.322	0.349	0.316	0.348	0.294	0.299	0.366	0.357	0.306	0.236	0.283	0.340	0.313	0.292	0.324	0.313	0.323	2.006	0.264	0.164	0.187	-17210.531
950	16	500	499	0.5240	0.287	0.258	0.258	0.272	0.343	0.340	0.290	0.300	0.242	0.285	0.269	0.300	0.271	0.267	0.266	0.301	0.300	0.290	0.309	0.292	0.252	0.313	0.258	0.268	0.329	0.332	0.277	0.301	0.241	0.320	2.048	0.410	0.184	0.204	-16482.033
951	16	500	500	0.5177	0.319	0.279	0.300	0.269	0.352	0.243	0.290	0.285	0.234	0.271	0.279	0.283	0.291	0.307	0.301	0.250	0.345	0.273	0.316	0.282	0.270	0.294	0.355	0.334	0.309	0.306	0.235	0.270	0.290	0.262	2.004	0.276	0.118	0.205	-16499.525
952	16	500	500	0.5112	0.353	0.260	0.332	0.294	0.321	0.348	0.292	0.422	0.369	0.320	0.307	0.302	0.363	0.273	0.225	0.264	0.294	0.376	0.374	0.300	0.217	0.297	0.348	0.299	0.327	0.337	0.274	0.364	0.303	0.281	1.956	0.398	0.223	0.205	-17288.522
953	16	500	500	0.5146	0.354	0.286	0.303	0.267	0.316	0.232	0.285	0.315	0.379	0.260	0.280	0.326	0.301	0.287	0.323	0.360	0.298	0.298	0.309	0.234	0.339	0.264	0.274	0.372	0.243	0.325	0.289	0.378	0.298	0.281	2.008	0.191	0.099	0.195	-16852.128
954	16	500	500	0.5095	0.264	0.334	0.275	0.288	0.261	0.282	0.310	0.298	0.338	0.328	0.288	0.270	0.285	0.260	0.330	0.298	0.308	0.280	0.291	0.271	0.282	0.372	0.280	0.260	0.327	0.232	0.332	0.289	0.280	0.314	2.008	0.315	0.166	0.204	-16650.403
955	16	500	500	0.5022	0.334	0.264	0.289	0.283	0.296	0.319	0.314	0.306	0.352	0.362	0.354	0.256	0.274	0.313	0.257	0.298	0.310	0.359	0.303	0.293	0.299	0.268	0.325	0.273	0.320	0.260	0.264	0.317	0.288	0.293	2.012	0.275	0.141	0.188	-16728.772
956	16	500	500	0.5176	0.287	0.403	0.279	0.258	0.297	0.340	0.283	0.324	0.240	0.268	0.284	0.340	0.333	0.315	0.254	0.322	0.222	0.250	0.320	0.242	0.281	0.317	0.308	0.423	0.282	0.343	0.291	0.324	0.240	0.336	1.873	0.345	0.164	0.186	-16754.105
957	16	500	500	0.5028	0.345	0.288	0.281	0.291	0.358	0.357	0.268	0.289	0.246	0.316	0.323	0.259	0.370	0.335	0.259	0.339	0.338	0.293	0.337	0.326	0.298	0.304	0.298	0.299	0.306	0.288	0.325	0.334	0.295	0.326	1.969	0.060	0.027	0.210	-17081.951
958	16	500	500	0.5249	0.264	0.350	0.267	0.304	0.302	0.277	0.316	0.226	0.299	0.197	0.238	0.282	0.324	0.279	0.329	0.261	0.296	0.327	0.344	0.331	0.347	0.323	0.303	0.345	0.282	0.273	0.336	0.341	0.286	0.284	1.897	0.316	0.144	0.191	-16759.018
959	16	500	500	0.5049	0.323	0.255	0.244	0.274	0.295	0.298	0.289	0.249	0.295	0.260	0.307	0.305	0.247	0.310	0.289	0.277	0.241	0.331	0.303	0.260	0.325	0.270	0.245	0.309	0.353	0.281	0.316	0.216	0.259	0.228	1.999	0.438	0.191	0.197	-16184.746
960	16	500	500	0.5132	0.301	0.361	0.382	0.362	0.231	0.296	0.295	0.315	0.308	0.240	0.268	0.239	0.326	0.295	0.267	0.320	0.295	0.333	0.264	0.274	0.311	0.335	0.282	0.293	0.332	0.279	0.306	0.280	0.330	0.245	2.079	0.283	0.152	0.202	-16832.911
961	16	500	500	0.5221	0.248	0.302	0.327	0.240	0.296	0.262	0.336	0.253	0.271	0.290	0.243	0.311	0.347	0.258	0.330	0.220	0.252	0.317	0.314	0.273	0.260	0.295	0.318	0.355	0.285	0.335	0.365	0.391	0.299	0.300	1.888	0.297	0.147	0.192	-16734.079
962	16	500	500	0.5153	0.194	0.269	0.253	0.279	0.230	0.255	0.282	0.311	0.299	0.282	0.307	0.251	0.244	0.267	0.339	0.271	0.274	0.253	0.284	0.282	0.301	0.327	0.263	0.363	0.205	0.308	0.306	0.370	0.315	0.263	1.744	0.409	0.184	0.192	-16297.426
963	16	500	499	0.5080	0.292	0.277	0.244	0.247	0.302	0.325	0.330	0.240	0.318	0.309	0.300	0.299	0.268	0.344	0.334	0.319	0.340	0.309	0.290	0.234	0.326	0.293	0.334	0.242	0.260	0.311	0.320	0.260	0.283	0.339	2.123	0.266	0.118	0.195	-16536.779
964	16	500	500	0.5025	0.311	0.274	0.290	0.363	0.293	0.389	0.379	0.285	0.319	0.238	0.258	0.341	0.278	0.298	0.266	0.361	0.200	0.317	0.267	0.297	0.327	0.346	0.240	0.265	0.357	0.313	0.314	0.303	0.350	0.263	2.060	0.447	0.233	0.194	-16814.014
965	16	500	500	0.5198	0.362	0.276	0.286	0.324	0.302	0.185	0.325	0.247	0.380	0.282	0.253	0.334	0.242	0.359	0.294	0.332	0.228	0.324	0.308	0.315	0.323	0.279	0.308	0.300	0.329	0.345	0.224	0.309	0.321	0.259	1.911	0.516	0.242	0.209	-16848.009
966	16	500	500	0.5123	0.346	0.326	0.325	0.248	0.355	0.309	0.328	0.341	0.335	0.259	0.346	0.399	0.280	0.304	0.295	0.335	0.360	0.222	0.280	0.313	0.288	0.316	0.322	0.383	0.296	0.297	0.367	0.357	0.279	0.339	1.956	0.000	0.000	0.197	-17332.340
967	16	500	497	0.5154	0.284	0.274	0.313	0.241	0.294	0.280	0.297	0.279	0.210	0.277	0.253	0.265	0.305	0.296	0.317	0.301	0.312	0.289	0.326	0.306	0.255	0.267	0.289	0.250	0.245	0.287	0.295	0.276	0.262	0.303	2.024	0.306	0.137	0.201	-16231.249
968	16	500	500	0.5013	0.260	0.301	0.218	0.301	0.250	0.326	0.288	0.321	0.299	0.257	0.346	0.295	0.321	0.287	0.271	0.235	0.286	0.325	0.304	0.280	0.300	0.330	0.312	0.360	0.285	0.268	0.247	0.232	0.315	0.237	1.977	0.484	0.195	0.200	-16370.052
969	16	500	499	0.5132	0.306	0.309	0.273	0.286	0.286	0.289	0.238	0.298	0.288	0.295	0.272	0.274	0.283	0.264	0.294	0.256	0.301	0.292	0.266	0.322	0.293	0.310	0.306	0.285	0.220	0.277	0.321	0.363	0.295	0.293	1.967	0.259	0.126	0.190	-16450.285
970	16	500	500	0.5101	0.302	0.278	0.266	0.249	0.301	0.283	0.288	0.328	0.332	0.312	0.301	0.279	0.259	0.314	0.230	0.345	0.253	0.320	0.277	0.321	0.316	0.302	0.339	0.280	0.270	0.296	0.282	0.299	0.306	0.289	2.013	0.308	0.144	0.213	-16754.430
971	16	500	498	0.5100	0.270	0.306	0.267	0.303	0.275	0.335	0.307	0.229	0.280	0.305	0.308	0.324	0.283	0.309	0.295	0.335	0.253	0.348	0.247	0.280	0.370	0.328	0.265	0.317	0.330	0.333	0.325	0.334	0.221	0.365	1.967	0.029	0.015	0.194	-16826.305
972	16	500	500	0.5246	0.381	0.198	0.354	0.305	0.338	0.347	0.301	0.357	0.299	0.323	0.285	0.312	0.274	0.320	0.258	0.363	0.251	0.321	0.285	0.319	0.381	0.295	0.344	0.355	0.336	0.341	0.350	0.347	0.296	0.286	1.880	0.432	0.246	0.203	-17440.370
973	16	500	499	0.5121	0.295	0.280	0.255	0.276	0.261	0.260	0.296	0.341	0.353	0.242	0.271	0.251	0.315	0.271	0.306	0.329	0.245	0.255	0.327	0.364	0.302	0.278	0.287	0.288	0.221	0.297	0.237	0.290	0.260	0.309	2.103	0.381	0.148	0.207	-16342.995
974	16	500	500	0.5083	0.348	0.284	0.273	0.298	0.305	0.378	0.254	0.291	0.263	0.362	0.268	0.273	0.319	0.342	0.289	0.285	0.373	0.288	0.288	0.239	0.303	0.281	0.324	0.322	0.329	0.255	0.306	0.312	0.263	0.301	1.939	0.369	0.174	0.203	-16766.787
975	16	500	500	0.5115	0.286	0.295	0.317	0.345	0.210	0.315	0.292	0.303	0.312	0.339	0.332	0.337	0.269	0.307	0.250	0.323	0.326	0.339	0.263	0.286	0.363	0.359	0.256	0.251	0.269	0.327	0.267	0.279	0.302	0.312	2.015	0.421	0.210	0.193	-16780.876
976	16	500	500	0.4999	0.279	0.349	0.350	0.332	0.288	0.257	0.289	0.325	0.299	0.313	0.300	0.286	0.255	0.285	0.277	0.299	0.284	0.266	0.340	0.327	0.336	0.267	0.339	0.289	0.241	0.322	0.364	0.294	0.394	0.284	2.031	0.389	0.212	0.207	-17031.032
977	16	500	500	0.4989	0.238	0.306	0.292	0.298	0.282	0.357	0.339	0.295	0.330	0.322	0.255	0.313	0.291	0.313	0.295	0.286	0.269	0.276	0.285	0.340	0.299	0.282	0.287	0.266	0.340	0.292	0.302	0.298	0.304	0.316	1.996	0.431	0.201	0.199	-16782.595
978	16	500	498	0.5270	0.295	0.371	0.288	0.246	0.333	0.251	0.303	0.309	0.219	0.289	0.306	0.291	0.359	0.309	0.294	0.342	0.248	0.299	0.312	0.371	0.258	0.288	0.280	0.347	0.299	0.323	0.291	0.363	0.299	0.345	1.936	0.218	0.118	0.207	-17011.320
979	16	500	498	0.5049	0.322	0.261	0.318	0.296	0.320	0.282	0.288	0.304	0.322	0.286	0.318	0.302	0.291	0.289	0.274	0.248	0.280	0.294	0.267	0.287	0.323	0.274	0.301	0.320	0.250	0.308	0.308	0.321	0.306	0.288	2.029	0.472	0.196	0.205	-16663.146
980	16	500	499	0.5301	0.279	0.345	0.279	0.276	0.274	0.292	0.274	0.357	0.196	0.322	0.328	0.300	0.311	0.325	0.312	0.324	0.297	0.357	0.296	0.377	0.362	0.324	0.311	0.206	0.345	0.339	0.245	0.330	0.323	0.341	1.948	0.312	0.162	0.187	-17068.231
981	16	500	500	0.5196	0.318	0.235	0.263	0.286	0.369	0.277	0.339	0.299	0.227	0.307	0.341	0.280	0.386	0.336	0.232	0.326	0.298	0.307	0.295	0.244	0.278	0.355	0.264	0.313	0.353	0.297	0.305	0.286	0.236	0.272	2.072	0.160	0.080	0.194	-16676.686
982	16	500	499	0.5145	0.322	0.281	0.311	0.288	0.267	0.303	0.218	0.290	0.350	0.366	0.287	0.255	0.272	0.289	0.312	0.280	0.311	0.299	0.283	0.340	0.324	0.281	0.293	0.284	0.248	0.303	0.261	0.348	0.283	0.313	2.155	0.357	0.169	0.205	-16583.568
983	16	500	499	0.5069	0.276	0.345	0.309	0.318	0.271	0.358	0.330	0.270	0.244	0.353	0.265	0.286	0.250	0.275	0.358	0.300	0.253	0.342	0.301	0.328	0.317	0.241	0.328	0.290	0.348	0.331	0.264	0.338	0.280	0.314	2.019	0.266	0.125	0.188	-16775.003
984	16	500	500	0.5091	0.306	0.254	0.302	0.269	0.308	0.256	0.282	0.299	0.296	0.263	0.274	0.327	0.319	0.283	0.328	0.298	0.255	0.268	0.348	0.275	0.313	0.289	0.270	0.385	0.262	0.294	0.253	0.296	0.352	0.286	1.850	0.290	0.124	0.189	-16509.070
985	16	500	500	0.5162	0.344	0.340	0.290	0.268	0.304	0.314	0.288	0.333	0.196	0.336	0.267	0.303	0.257	0.371	0.259	0.300	0.312	0.371	0.304	0.227	0.355	0.316	0.331	0.264	0.240	0.278	0.328	0.278	0.294	0.296	1.972	0.348	0.176	0.203	-16825.079
986	16	500	500	0.5162	0.291	0.247	0.288	0.256	0.372	0.293	0.312	0.359	0.292	0.297	0.291	0.315	0.286	0.324	0.310	0.259	0.350	0.222	0.288	0.284	0.348	0.272	0.331	0.290	0.310	0.255	0.282	0.270	0.315	0.327	1.969	0.323	0.161	0.193	-16782.538
987	16	500	500	0.5127	0.279	0.283	0.249	0.255	0.325	0.308	0.274	0.297	0.239	0.286	0.310	0.256	0.276	0.265	0.262	0.282	0.322	0.336	0.310	0.306	0.316	0.307	0.236	0.172	0.361	0.262	0.249	0.373	0.261	0.268	1.890	0.154	0.072	0.193	-16326.470
988	16	500	500	0.5109	0.280	0.265	0.299	0.350	0.231	0.320	0.255	0.316	0.347	0.274	0.329	0.290	0.322	0.292	0.273	0.234	0.401	0.262	0.296	0.300	0.260	0.272	0.370	0.274	0.315	0.308	0.326	0.333	0.280	0.355	1.951	0.281	0.120	0.214	-16928.422
989	16	500	500	0.5218	0.365	0.267	0.324	0.288	0.253	0.309	0.306	0.286	0.261	0.301	0.329	0.377	0.343	0.258	0.381	0.335	0.364	0.362	0.273	0.336	0.307	0.325	0.293	0.246	0.334	0.285	0.275	0.287	0.327	0.259	2.060	0.278	0.183	0.205	-17234.789
990	16	500	500	0.5186	0.258	0.310	0.299	0.320	0.257	0.270	0.326	0.300	0.272	0.278	0.287	0.246	0.290	0.381	0.279	0.279	0.322	0.313	0.317	0.325	0.377	0.273	0.285	0.285	0.353	0.332	0.307	0.220	0.253	0.298	1.890	0.384	0.202	0.210	-16924.860
991	16	500	498	0.5189	0.338	0.323	0.284	0.270	0.320	0.297	0.321	0.315	0.331	0.331	0.312	0.292	0.266	0.300	0.310	0.343	0.322	0.313	0.364	0.245	0.255	0.316	0.317	0.299	0.355	0.270	0.336	0.301	0.293	0.305	2.031	0.242	0.150	0.182	-17057.386
992	16	500	500	0.5117	0.316	0.286	0.264	0.287	0.288	0.333	0.270	0.304	0.260	0.234	0.314	0.291	0.287	0.284	0.298	0.292	0.305	0.318	0.321	0.274	0.228	0.252	0.266	0.306	0.303	0.287	0.306	0.293	0.312	0.356	2.056	0.232	0.108	0.196	-16553.510
993	16	500	500	0.5195	0.325	0.263	0.333	0.311	0.276	0.279	0.328	0.252	0.352	0.291	0.299	0.293	0.327	0.346	0.304	0.290	0.351	0.297	0.276	0.299	0.297	0.317	0.297	0.298	0.282	0.296	0.323	0.248	0.234	0.342	2.193	0.558	0.274	0.187	-16664.072
994	16	500	500	0.5200	0.284	0.316	0.363	0.298	0.224	0.243	0.341	0.303	0.311	0.310	0.323	0.340	0.328	0.271	0.270	0.294	0.249	0.279	0.310	0.307	0.265	0.278	0.323	0.316	0.331	0.392	0.340	0.294	0.298	0.295	1.950	0.312	0.174	0.214	-17115.853
995	16	500	500	0.5274	0.307	0.228	0.276	0.272	0.309	0.293	0.336	0.207	0.335	0.320	0.305	0.325	0.334	0.346	0.266	0.295	0.264	0.220	0.261	0.279	0.301	0.311	0.315	0.298	0.315	0.298	0.329	0.275	0.252	0.325	1.973	0.250	0.115	0.194	-16604.060
996	16	500	500	0.5238	0.348	0.283	0.291	0.334	0.235	0.289	0.325	0.253	0.299	0.298	0.280	0.355	0.353	0.262	0.238	0.299	0.363	0.270	0.309	0.245	0.304	0.290	0.285	0.269	0.296	0.348	0.315	0.300	0.306	0.319	1.891	0.425	0.192	0.219	-16957.956
997	16	500	500	0.5215	0.292	0.337	0.368	0.260	0.344	0.344	0.320	0.262	0.274	0.304	0.352	0.282	0.315	0.330	0.263	0.296	0.290	0.333	0.269	0.308	0.286	0.308	0.344	0.300	0.334	0.341	0.275	0.272	0.316	0.336	1.969	0.104	0.060	0.187	-17104.046
998	16	500	500	0.5120	0.271	0.359	0.298	0.299	0.267	0.285	0.282	0.281	0.299	0.308	0.288	0.321	0.321	0.252	0.267	0.259	0.335	0.263	0.342	0.278	0.282	0.305	0.291	0.304	0.377	0.277	0.269	0.232	0.259	0.305	2.136	0.344	0.154	0.218	-16622.540
999	16	500	500	0.5099	0.281	0.223	0.269	0.242	0.324	0.340	0.329	0.335	0.279	0.378	0.284	0.293	0.250	0.300	0.308	0.287	0.297	0.326	0.301	0.273	0.205	0.303	0.369	0.225	0.216	0.281	0.311	0.370	0.271	0.283	1.844	0.144	0.075	0.202	-16707.779
1000	16	500	500	0.5069	0.319	0.267	0.305	0.311	0.285	0.394	0.273	0.310	0.328	0.340	0.336	0.327	0.383	0.278	0.288	0.332	0.289	0.318	0.328	0.349	0.323	0.267	0.259	0.300	0.297	0.281	0.309	0.300	0.293	0.309	1.982	0.554	0.334	0.206	-17140.502
