1	8	500	496	0.5096	0.291	0.304	0.332	0.315	0.311	0.299	0.268	0.263	0.319	0.276	0.338	0.321	0.291	0.290	1.932	0.273	0.135	0.177	-8996.216
2	8	500	493	0.5224	0.282	0.298	0.278	0.323	0.295	0.314	0.315	0.233	0.271	0.277	0.266	0.311	0.305	0.330	2.075	0.325	0.142	0.204	-8876.990
3	8	500	495	0.5258	0.277	0.264	0.340	0.264	0.278	0.329	0.277	0.298	0.277	0.301	0.336	0.325	0.280	0.333	1.889	0.403	0.210	0.196	-8982.559
4	8	500	487	0.5138	0.273	0.303	0.261	0.299	0.300	0.249	0.298	0.213	0.282	0.305	0.286	0.319	0.381	0.230	1.972	0.338	0.196	0.183	-8792.093
5	8	500	488	0.4928	0.283	0.353	0.283	0.314	0.294	0.291	0.305	0.224	0.345	0.378	0.314	0.245	0.241	0.288	1.979	0.417	0.209	0.194	-8923.400
6	8	500	489	0.4767	0.263	0.258	0.315	0.310	0.302	0.293	0.318	0.273	0.254	0.283	0.257	0.262	0.294	0.269	1.869	0.464	0.266	0.191	-8781.476
7	8	500	493	0.5218	0.270	0.289	0.294	0.343	0.319	0.254	0.324	0.250	0.288	0.323	0.269	0.342	0.293	0.295	1.949	0.431	0.194	0.171	-8843.058
8	8	500	496	0.5209	0.273	0.377	0.305	0.322	0.274	0.291	0.316	0.306	0.302	0.304	0.286	0.264	0.272	0.322	2.013	0.356	0.204	0.180	-9005.781
9	8	500	491	0.5196	0.340	0.308	0.273	0.321	0.307	0.294	0.270	0.294	0.278	0.311	0.265	0.189	0.293	0.235	2.070	0.386	0.187	0.204	-8757.178
10	8	500	492	0.5069	0.296	0.315	0.313	0.295	0.315	0.288	0.250	0.249	0.212	0.294	0.316	0.270	0.322	0.261	1.809	0.474	0.215	0.188	-8761.152
11	8	500	497	0.5028	0.289	0.318	0.278	0.287	0.262	0.245	0.295	0.223	0.276	0.230	0.338	0.308	0.242	0.328	1.880	0.345	0.145	0.194	-8715.644
12	8	500	493	0.5010	0.339	0.291	0.281	0.253	0.237	0.299	0.293	0.259	0.299	0.269	0.269	0.261	0.341	0.357	2.099	0.395	0.193	0.183	-8762.522
13	8	500	494	0.4985	0.230	0.373	0.358	0.266	0.346	0.271	0.292	0.260	0.275	0.305	0.325	0.294	0.341	0.291	1.891	0.472	0.267	0.208	-9072.312
14	8	500	495	0.5168	0.276	0.301	0.296	0.320	0.297	0.298	0.308	0.256	0.240	0.276	0.288	0.247	0.365	0.370	1.955	0.281	0.138	0.227	-9061.804
15	8	500	488	0.5058	0.240	0.244	0.327	0.342	0.305	0.275	0.285	0.190	0.356	0.344	0.363	0.354	0.353	0.257	2.078	0.236	0.157	0.168	-9019.478
16	8	500	495	0.5038	0.237	0.290	0.288	0.221	0.271	0.355	0.249	0.300	0.328	0.340	0.227	0.323	0.277	0.339	1.961	0.405	0.216	0.177	-8822.714
17	8	500	495	0.5102	0.220	0.231	0.268	0.318	0.301	0.312	0.307	0.308	0.318	0.346	0.307	0.335	0.320	0.285	2.016	0.431	0.236	0.204	-8985.581
18	8	500	490	0.5131	0.282	0.291	0.301	0.341	0.294	0.343	0.330	0.281	0.316	0.353	0.267	0.297	0.327	0.327	2.060	0.322	0.154	0.194	-9123.505
19	8	500	497	0.5046	0.334	0.344	0.285	0.299	0.236	0.258	0.307	0.275	0.350	0.329	0.322	0.165	0.324	0.268	1.790	0.363	0.154	0.207	-8919.308
20	8	500	495	0.5286	0.270	0.285	0.253	0.340	0.282	0.337	0.242	0.282	0.318	0.310	0.333	0.356	0.265	0.306	2.070	0.497	0.167	0.212	-8935.640
21	8	500	495	0.5056	0.326	0.286	0.353	0.264	0.344	0.268	0.298	0.293	0.330	0.299	0.333	0.293	0.314	0.293	1.861	0.402	0.170	0.188	-9031.527
22	8	500	486	0.5169	0.220	0.319	0.316	0.242	0.278	0.291	0.287	0.238	0.317	0.317	0.332	0.310	0.327	0.302	2.120	0.350	0.204	0.174	-8881.996
23	8	500	493	0.5031	0.333	0.287	0.318	0.283	0.290	0.307	0.330	0.264	0.313	0.204	0.292	0.276	0.342	0.335	2.121	0.389	0.281	0.158	-8931.175
24	8	500	491	0.5195	0.274	0.347	0.278	0.352	0.330	0.259	0.329	0.296	0.356	0.282	0.325	0.304	0.368	0.317	1.910	0.290	0.193	0.178	-9226.063
25	8	500	489	0.5237	0.336	0.241	0.352	0.255	0.307	0.344	0.270	0.289	0.258	0.259	0.324	0.381	0.305	0.290	1.933	0.423	0.222	0.181	-8928.549
26	8	500	496	0.5197	0.267	0.312	0.322	0.330	0.294	0.311	0.239	0.263	0.284	0.306	0.253	0.352	0.273	0.291	1.926	0.360	0.225	0.165	-8903.855
27	8	500	493	0.5284	0.260	0.320	0.298	0.306	0.295	0.259	0.329	0.297	0.314	0.330	0.271	0.302	0.333	0.260	1.908	0.460	0.222	0.189	-8953.777
28	8	500	496	0.5079	0.259	0.311	0.293	0.228	0.337	0.263	0.288	0.253	0.312	0.280	0.287	0.266	0.300	0.324	1.914	0.507	0.206	0.220	-8827.004
29	8	500	493	0.5304	0.217	0.318	0.270	0.288	0.345	0.281	0.222	0.247	0.180	0.324	0.284	0.334	0.285	0.338	1.922	0.279	0.152	0.165	-8702.159
30	8	500	493	0.5083	0.307	0.289	0.283	0.349	0.272	0.261	0.299	0.295	0.322	0.308	0.286	0.276	0.308	0.353	1.865	0.472	0.220	0.175	-8912.950
31	8	500	494	0.5044	0.237	0.355	0.266	0.238	0.278	0.318	0.312	0.301	0.293	0.267	0.312	0.252	0.337	0.283	2.111	0.499	0.225	0.196	-8787.213
32	8	500	496	0.5227	0.289	0.364	0.342	0.330	0.320	0.350	0.292	0.259	0.383	0.292	0.288	0.314	0.279	0.282	1.976	0.307	0.164	0.162	-9119.490
33	8	500	495	0.5118	0.261	0.230	0.303	0.294	0.326	0.330	0.271	0.323	0.290	0.249	0.336	0.344	0.276	0.277	1.829	0.381	0.155	0.195	-8844.806
34	8	500	493	0.4957	0.202	0.302	0.307	0.303	0.307	0.268	0.306	0.251	0.274	0.297	0.286	0.280	0.323	0.264	2.104	0.338	0.185	0.179	-8748.771
35	8	500	490	0.5102	0.220	0.230	0.348	0.293	0.313	0.270	0.361	0.273	0.260	0.314	0.295	0.279	0.381	0.297	2.116	0.405	0.237	0.167	-8871.371
36	8	500	492	0.5026	0.278	0.235	0.347	0.253	0.324	0.282	0.278	0.314	0.280	0.276	0.283	0.370	0.250	0.241	1.931	0.301	0.140	0.205	-8800.148
37	8	500	496	0.5330	0.313	0.321	0.274	0.328	0.336	0.269	0.352	0.368	0.249	0.293	0.276	0.303	0.300	0.301	2.017	0.349	0.194	0.213	-9096.894
38	8	500	495	0.5262	0.253	0.241	0.297	0.240	0.406	0.272	0.334	0.252	0.254	0.322	0.290	0.268	0.234	0.270	2.038	0.391	0.186	0.192	-8676.814
39	8	500	494	0.5218	0.302	0.289	0.312	0.315	0.277	0.307	0.321	0.260	0.221	0.321	0.255	0.247	0.331	0.298	1.768	0.469	0.227	0.180	-8831.971
40	8	500	492	0.5050	0.243	0.232	0.315	0.329	0.249	0.317	0.319	0.305	0.298	0.334	0.287	0.336	0.258	0.277	1.895	0.289	0.192	0.198	-8990.368
41	8	500	486	0.5199	0.261	0.263	0.332	0.301	0.270	0.300	0.316	0.240	0.240	0.313	0.297	0.243	0.286	0.269	2.185	0.503	0.235	0.185	-8659.478
42	8	500	499	0.5225	0.305	0.356	0.287	0.332	0.231	0.304	0.328	0.252	0.333	0.285	0.312	0.259	0.297	0.321	2.142	0.457	0.213	0.197	-8986.552
43	8	500	493	0.5063	0.222	0.320	0.298	0.281	0.311	0.315	0.280	0.257	0.325	0.298	0.298	0.303	0.305	0.301	1.929	0.372	0.158	0.200	-8894.255
44	8	500	493	0.5200	0.345	0.249	0.262	0.319	0.319	0.309	0.279	0.290	0.310	0.306	0.287	0.301	0.305	0.311	1.890	0.389	0.189	0.208	-9004.973
45	8	500	498	0.5361	0.286	0.259	0.275	0.285	0.340	0.265	0.319	0.287	0.260	0.329	0.283	0.305	0.270	0.354	1.940	0.368	0.233	0.188	-8990.151
46	8	500	497	0.5210	0.237	0.256	0.308	0.301	0.291	0.274	0.259	0.302	0.281	0.267	0.348	0.305	0.291	0.290	1.920	0.381	0.161	0.227	-8887.711
47	8	500	495	0.5125	0.251	0.345	0.338	0.289	0.322	0.310	0.300	0.242	0.347	0.303	0.268	0.331	0.260	0.294	1.873	0.240	0.127	0.187	-8991.275
48	8	500	491	0.5145	0.278	0.319	0.297	0.357	0.272	0.334	0.253	0.251	0.325	0.223	0.259	0.265	0.276	0.345	2.213	0.284	0.158	0.250	-8941.438
49	8	500	498	0.5152	0.293	0.357	0.321	0.255	0.272	0.257	0.342	0.317	0.288	0.322	0.354	0.236	0.311	0.222	2.012	0.400	0.200	0.213	-9006.866
50	8	500	493	0.5078	0.248	0.266	0.282	0.314	0.260	0.303	0.266	0.249	0.323	0.282	0.293	0.264	0.339	0.329	2.083	0.335	0.148	0.198	-8804.471
51	8	500	493	0.5328	0.292	0.328	0.267	0.322	0.317	0.275	0.304	0.269	0.250	0.264	0.320	0.347	0.320	0.262	1.967	0.352	0.169	0.185	-8914.795
52	8	500	493	0.5197	0.251	0.280	0.276	0.294	0.373	0.289	0.334	0.234	0.314	0.280	0.374	0.335	0.274	0.278	2.079	0.403	0.194	0.219	-8992.397
53	8	500	493	0.5216	0.284	0.341	0.306	0.348	0.270	0.273	0.316	0.260	0.245	0.277	0.327	0.364	0.335	0.331	1.909	0.342	0.238	0.175	-9124.731
54	8	500	494	0.5027	0.361	0.326	0.243	0.330	0.243	0.279	0.260	0.302	0.296	0.290	0.261	0.379	0.285	0.269	2.009	0.412	0.217	0.191	-8866.845
55	8	500	495	0.5139	0.292	0.231	0.240	0.236	0.255	0.275	0.308	0.279	0.256	0.320	0.296	0.306	0.295	0.308	1.849	0.469	0.240	0.212	-8752.536
56	8	500	492	0.5204	0.237	0.295	0.280	0.318	0.258	0.251	0.308	0.249	0.287	0.308	0.265	0.250	0.312	0.347	2.023	0.286	0.146	0.217	-8846.938
57	8	500	494	0.5250	0.240	0.345	0.261	0.294	0.277	0.325	0.317	0.275	0.361	0.228	0.325	0.268	0.273	0.343	2.063	0.420	0.225	0.183	-8908.608
58	8	500	495	0.5135	0.327	0.317	0.312	0.294	0.310	0.303	0.286	0.306	0.281	0.298	0.294	0.280	0.308	0.300	1.823	0.376	0.186	0.204	-9053.180
59	8	500	493	0.5003	0.318	0.319	0.229	0.315	0.322	0.304	0.306	0.352	0.237	0.261	0.369	0.246	0.304	0.254	1.843	0.454	0.232	0.228	-8949.357
60	8	500	493	0.5388	0.285	0.323	0.334	0.330	0.271	0.304	0.291	0.243	0.279	0.262	0.268	0.320	0.326	0.239	2.004	0.371	0.231	0.170	-8896.048
61	8	500	492	0.5084	0.287	0.374	0.239	0.387	0.350	0.311	0.245	0.334	0.305	0.301	0.306	0.277	0.259	0.317	1.982	0.395	0.242	0.196	-9061.526
62	8	500	489	0.5091	0.286	0.274	0.297	0.200	0.296	0.277	0.293	0.326	0.281	0.322	0.351	0.319	0.348	0.255	1.923	0.432	0.256	0.205	-8930.991
63	8	500	493	0.5408	0.331	0.321	0.311	0.288	0.239	0.352	0.320	0.301	0.294	0.283	0.322	0.339	0.264	0.267	2.169	0.363	0.206	0.199	-9056.336
64	8	500	493	0.5213	0.323	0.358	0.272	0.308	0.313	0.311	0.344	0.319	0.337	0.316	0.260	0.258	0.326	0.315	1.986	0.266	0.159	0.152	-9055.251
65	8	500	492	0.5145	0.296	0.350	0.300	0.328	0.336	0.312	0.290	0.314	0.292	0.262	0.307	0.313	0.333	0.293	2.048	0.414	0.235	0.175	-9030.970
66	8	500	493	0.5115	0.262	0.287	0.338	0.247	0.280	0.346	0.247	0.257	0.347	0.317	0.331	0.315	0.403	0.291	2.014	0.348	0.218	0.208	-9115.183
67	8	500	492	0.5017	0.240	0.330	0.253	0.307	0.319	0.354	0.299	0.259	0.294	0.315	0.315	0.305	0.278	0.250	1.801	0.228	0.124	0.190	-8941.362
68	8	500	494	0.5032	0.257	0.309	0.257	0.303	0.259	0.255	0.272	0.252	0.326	0.299	0.313	0.294	0.284	0.254	1.958	0.295	0.144	0.198	-8776.038
69	8	500	494	0.5056	0.200	0.310	0.273	0.319	0.366	0.255	0.300	0.229	0.329	0.270	0.307	0.360	0.360	0.275	1.936	0.126	0.066	0.203	-8998.000
70	8	500	494	0.5214	0.250	0.276	0.260	0.279	0.258	0.239	0.286	0.262	0.258	0.262	0.311	0.258	0.259	0.334	1.785	0.542	0.189	0.204	-8556.806
71	8	500	491	0.5062	0.277	0.285	0.263	0.319	0.221	0.367	0.356	0.269	0.282	0.265	0.305	0.257	0.308	0.291	1.968	0.430	0.200	0.203	-8863.126
72	8	500	494	0.5297	0.217	0.299	0.320	0.293	0.275	0.330	0.287	0.219	0.293	0.326	0.270	0.313	0.291	0.317	2.101	0.174	0.088	0.219	-8967.544
73	8	500	492	0.5014	0.275	0.255	0.330	0.261	0.324	0.321	0.290	0.345	0.262	0.303	0.238	0.303	0.366	0.251	2.021	0.371	0.195	0.207	-8889.553
74	8	500	493	0.5155	0.250	0.311	0.307	0.276	0.290	0.300	0.355	0.240	0.285	0.285	0.275	0.290	0.249	0.399	2.056	0.481	0.219	0.196	-8855.798
75	8	500	496	0.5098	0.264	0.250	0.318	0.273	0.290	0.260	0.296	0.223	0.293	0.311	0.342	0.286	0.262	0.303	1.965	0.329	0.160	0.210	-8827.220
76	8	500	493	0.5198	0.281	0.322	0.298	0.307	0.280	0.271	0.313	0.260	0.358	0.315	0.280	0.316	0.296	0.324	2.008	0.306	0.158	0.180	-8991.900
77	8	500	496	0.5262	0.314	0.305	0.256	0.316	0.302	0.263	0.341	0.249	0.300	0.356	0.335	0.265	0.313	0.282	2.132	0.369	0.183	0.202	-9019.697
78	8	500	490	0.5142	0.321	0.279	0.324	0.314	0.352	0.309	0.303	0.335	0.305	0.365	0.313	0.270	0.329	0.283	2.193	0.485	0.280	0.195	-9111.294
79	8	500	498	0.5132	0.306	0.321	0.264	0.343	0.314	0.251	0.301	0.236	0.387	0.243	0.350	0.235	0.229	0.272	1.789	0.356	0.168	0.214	-8919.910
80	8	500	491	0.5297	0.264	0.299	0.304	0.314	0.298	0.285	0.341	0.274	0.318	0.315	0.294	0.227	0.316	0.302	2.071	0.448	0.251	0.181	-8930.817
81	8	500	492	0.5218	0.225	0.289	0.325	0.326	0.276	0.318	0.328	0.296	0.320	0.211	0.333	0.323	0.292	0.306	1.892	0.379	0.244	0.181	-9035.779
82	8	500	496	0.5260	0.253	0.326	0.283	0.253	0.247	0.267	0.252	0.234	0.279	0.302	0.304	0.356	0.279	0.298	1.858	0.403	0.136	0.226	-8753.727
83	8	500	491	0.5390	0.286	0.310	0.283	0.332	0.369	0.250	0.350	0.327	0.346	0.277	0.261	0.237	0.285	0.367	2.120	0.497	0.208	0.204	-8983.037
84	8	500	497	0.5128	0.242	0.284	0.256	0.296	0.324	0.247	0.299	0.308	0.292	0.315	0.319	0.251	0.307	0.281	1.959	0.483	0.222	0.228	-8871.456
85	8	500	497	0.5227	0.376	0.266	0.263	0.316	0.273	0.295	0.291	0.294	0.267	0.281	0.311	0.273	0.286	0.278	1.942	0.429	0.216	0.239	-8960.982
86	8	500	491	0.5088	0.294	0.323	0.356	0.299	0.252	0.262	0.334	0.232	0.237	0.283	0.302	0.328	0.339	0.291	1.812	0.398	0.197	0.186	-8955.009
87	8	500	495	0.5157	0.242	0.284	0.328	0.260	0.407	0.321	0.235	0.315	0.365	0.404	0.296	0.311	0.293	0.354	2.067	0.381	0.203	0.186	-9134.698
88	8	500	490	0.5151	0.268	0.303	0.263	0.360	0.265	0.323	0.296	0.264	0.280	0.285	0.302	0.275	0.278	0.266	1.866	0.348	0.172	0.205	-8894.884
89	8	500	494	0.5072	0.326	0.374	0.301	0.299	0.253	0.309	0.332	0.283	0.335	0.369	0.242	0.374	0.281	0.259	2.125	0.429	0.288	0.190	-9097.076
90	8	500	497	0.5212	0.305	0.254	0.245	0.277	0.333	0.307	0.262	0.284	0.305	0.293	0.258	0.256	0.231	0.324	1.958	0.377	0.136	0.214	-8720.845
91	8	500	494	0.5339	0.328	0.338	0.270	0.255	0.268	0.283	0.338	0.354	0.235	0.328	0.319	0.259	0.322	0.331	1.851	0.375	0.210	0.207	-9080.467
92	8	500	493	0.4954	0.280	0.315	0.329	0.307	0.343	0.313	0.325	0.265	0.307	0.366	0.300	0.314	0.312	0.288	1.979	0.379	0.210	0.184	-9093.386
93	8	500	495	0.5285	0.310	0.295	0.329	0.256	0.303	0.248	0.293	0.284	0.298	0.273	0.293	0.318	0.326	0.288	1.980	0.414	0.198	0.207	-8928.720
94	8	500	493	0.5014	0.247	0.267	0.309	0.331	0.289	0.238	0.296	0.279	0.265	0.311	0.289	0.260	0.300	0.300	2.004	0.484	0.262	0.209	-8799.556
95	8	500	493	0.5029	0.291	0.357	0.319	0.297	0.371	0.283	0.300	0.255	0.227	0.332	0.311	0.367	0.301	0.325	1.942	0.415	0.270	0.176	-9136.411
96	8	500	496	0.5188	0.287	0.289	0.369	0.290	0.282	0.321	0.289	0.307	0.321	0.362	0.302	0.319	0.271	0.292	2.084	0.304	0.168	0.206	-9099.601
97	8	500	490	0.5129	0.318	0.314	0.318	0.291	0.271	0.324	0.305	0.287	0.280	0.287	0.286	0.293	0.280	0.273	2.136	0.472	0.300	0.212	-8977.994
98	8	500	492	0.4900	0.318	0.321	0.327	0.304	0.227	0.325	0.311	0.315	0.315	0.297	0.286	0.280	0.278	0.332	1.748	0.343	0.233	0.184	-9120.077
99	8	500	497	0.5128	0.269	0.294	0.248	0.349	0.327	0.294	0.306	0.306	0.298	0.273	0.326	0.279	0.270	0.312	2.110	0.429	0.195	0.211	-8930.031
100	8	500	491	0.5026	0.256	0.251	0.294	0.303	0.342	0.295	0.255	0.260	0.261	0.321	0.258	0.319	0.324	0.291	2.015	0.227	0.112	0.229	-8880.842
101	8	500	489	0.5206	0.235	0.245	0.322	0.317	0.257	0.286	0.357	0.263	0.262	0.298	0.262	0.280	0.268	0.294	1.845	0.360	0.201	0.178	-8784.149
102	8	500	492	0.5038	0.311	0.281	0.270	0.271	0.357	0.296	0.286	0.287	0.250	0.319	0.302	0.304	0.337	0.299	2.013	0.193	0.083	0.218	-8963.223
103	8	500	497	0.5072	0.253	0.223	0.254	0.308	0.229	0.300	0.327	0.287	0.225	0.254	0.273	0.335	0.291	0.310	1.960	0.487	0.203	0.217	-8724.666
104	8	500	494	0.5098	0.242	0.272	0.312	0.253	0.327	0.310	0.299	0.319	0.254	0.265	0.313	0.276	0.350	0.345	1.888	0.331	0.158	0.214	-9003.672
105	8	500	499	0.4961	0.283	0.319	0.312	0.275	0.321	0.336	0.286	0.252	0.257	0.319	0.310	0.315	0.313	0.260	2.024	0.329	0.165	0.192	-8961.687
106	8	500	496	0.5115	0.263	0.305	0.371	0.243	0.294	0.268	0.311	0.281	0.368	0.316	0.236	0.264	0.307	0.296	2.068	0.503	0.265	0.200	-8909.903
107	8	500	497	0.5243	0.256	0.344	0.311	0.276	0.343	0.372	0.329	0.282	0.334	0.361	0.309	0.264	0.324	0.292	1.852	0.456	0.304	0.197	-9282.736
108	8	500	496	0.5292	0.258	0.326	0.303	0.291	0.291	0.315	0.339	0.324	0.258	0.317	0.320	0.317	0.346	0.240	2.038	0.374	0.177	0.221	-9091.160
109	8	500	495	0.5272	0.281	0.235	0.343	0.281	0.333	0.292	0.275	0.273	0.302	0.244	0.254	0.293	0.302	0.332	2.119	0.295	0.130	0.169	-8785.878
110	8	500	493	0.5241	0.272	0.361	0.323	0.286	0.258	0.270	0.311	0.326	0.269	0.339	0.289	0.263	0.322	0.285	1.922	0.401	0.218	0.194	-8963.458
111	8	500	496	0.5252	0.264	0.241	0.293	0.283	0.304	0.302	0.318	0.266	0.304	0.295	0.290	0.293	0.326	0.237	1.784	0.398	0.191	0.226	-8938.698
112	8	500	497	0.5233	0.307	0.243	0.300	0.330	0.356	0.278	0.302	0.236	0.276	0.303	0.319	0.330	0.306	0.317	1.932	0.399	0.159	0.201	-8983.882
113	8	500	495	0.5223	0.253	0.307	0.300	0.338	0.286	0.332	0.310	0.292	0.316	0.292	0.290	0.294	0.292	0.310	2.237	0.335	0.169	0.198	-8974.784
114	8	500	492	0.5145	0.322	0.293	0.275	0.309	0.239	0.336	0.277	0.266	0.315	0.317	0.272	0.308	0.322	0.313	2.001	0.498	0.165	0.205	-8854.263
115	8	500	494	0.5043	0.305	0.301	0.305	0.304	0.248	0.283	0.301	0.317	0.278	0.279	0.296	0.323	0.268	0.365	1.923	0.402	0.201	0.204	-8976.893
116	8	500	490	0.5166	0.283	0.377	0.320	0.333	0.274	0.309	0.318	0.299	0.349	0.301	0.376	0.303	0.296	0.277	1.992	0.429	0.277	0.186	-9166.239
117	8	500	488	0.5124	0.285	0.269	0.333	0.260	0.308	0.212	0.310	0.282	0.235	0.297	0.294	0.297	0.295	0.315	1.992	0.432	0.239	0.184	-8814.652
118	8	500	494	0.5200	0.211	0.378	0.307	0.280	0.308	0.348	0.300	0.197	0.265	0.295	0.303	0.258	0.351	0.288	2.064	0.335	0.143	0.219	-8961.696
119	8	500	493	0.5273	0.214	0.408	0.345	0.230	0.314	0.277	0.313	0.265	0.232	0.348	0.304	0.351	0.329	0.357	1.930	0.355	0.208	0.174	-9061.122
120	8	500	490	0.5220	0.286	0.329	0.295	0.279	0.216	0.308	0.337	0.300	0.257	0.305	0.299	0.374	0.319	0.291	1.974	0.420	0.256	0.166	-8926.499
121	8	500	494	0.5203	0.308	0.238	0.318	0.274	0.314	0.302	0.317	0.258	0.297	0.297	0.285	0.256	0.364	0.259	2.107	0.445	0.242	0.202	-8886.114
122	8	500	496	0.5270	0.243	0.333	0.291	0.310	0.245	0.305	0.316	0.270	0.346	0.275	0.324	0.303	0.343	0.313	2.081	0.351	0.242	0.218	-9148.457
123	8	500	496	0.5120	0.264	0.413	0.267	0.317	0.322	0.320	0.286	0.258	0.262	0.287	0.337	0.278	0.314	0.300	1.945	0.432	0.201	0.195	-8990.175
124	8	500	494	0.4956	0.268	0.279	0.255	0.314	0.299	0.332	0.306	0.259	0.347	0.296	0.336	0.330	0.291	0.310	1.886	0.304	0.159	0.196	-9029.963
125	8	500	495	0.5131	0.268	0.276	0.343	0.269	0.313	0.300	0.328	0.274	0.293	0.272	0.357	0.340	0.308	0.230	1.935	0.425	0.189	0.219	-8984.529
126	8	500	499	0.5117	0.295	0.307	0.289	0.260	0.241	0.283	0.279	0.332	0.309	0.314	0.345	0.301	0.284	0.303	2.122	0.439	0.190	0.209	-8917.970
127	8	500	495	0.5184	0.306	0.318	0.328	0.346	0.217	0.312	0.348	0.293	0.322	0.268	0.305	0.310	0.277	0.326	2.065	0.419	0.277	0.177	-9061.155
128	8	500	497	0.5266	0.257	0.256	0.306	0.334	0.305	0.256	0.305	0.278	0.290	0.287	0.317	0.281	0.316	0.337	2.052	0.438	0.236	0.179	-8909.677
129	8	500	496	0.5241	0.326	0.300	0.258	0.308	0.277	0.319	0.250	0.338	0.335	0.278	0.262	0.324	0.273	0.308	2.128	0.391	0.161	0.231	-8903.122
130	8	500	493	0.5283	0.277	0.326	0.284	0.323	0.354	0.232	0.286	0.237	0.246	0.365	0.296	0.341	0.318	0.274	1.925	0.364	0.206	0.184	-8996.714
131	8	500	495	0.5159	0.309	0.223	0.335	0.330	0.256	0.245	0.329	0.257	0.269	0.302	0.263	0.271	0.287	0.248	2.221	0.279	0.154	0.178	-8748.716
132	8	500	494	0.5182	0.290	0.313	0.316	0.270	0.300	0.278	0.283	0.275	0.293	0.347	0.339	0.309	0.287	0.336	2.055	0.373	0.198	0.188	-9042.067
133	8	500	492	0.5170	0.271	0.314	0.273	0.306	0.296	0.304	0.247	0.263	0.306	0.293	0.298	0.228	0.324	0.311	2.291	0.468	0.188	0.216	-8758.871
134	8	500	494	0.5163	0.253	0.274	0.321	0.275	0.248	0.259	0.354	0.265	0.217	0.224	0.330	0.301	0.244	0.328	2.058	0.358	0.159	0.206	-8711.608
135	8	500	498	0.5224	0.327	0.322	0.346	0.315	0.284	0.318	0.304	0.283	0.361	0.214	0.252	0.241	0.319	0.286	1.920	0.538	0.244	0.189	-8867.248
136	8	500	495	0.5061	0.273	0.347	0.312	0.326	0.301	0.261	0.351	0.320	0.291	0.294	0.324	0.301	0.341	0.320	1.970	0.407	0.217	0.206	-9155.228
137	8	500	492	0.5252	0.296	0.300	0.314	0.302	0.229	0.307	0.313	0.288	0.304	0.287	0.347	0.282	0.345	0.271	1.834	0.188	0.098	0.189	-9019.393
138	8	500	491	0.5164	0.238	0.357	0.225	0.340	0.288	0.330	0.256	0.293	0.320	0.290	0.302	0.279	0.284	0.288	2.036	0.152	0.083	0.208	-8908.056
139	8	500	498	0.5089	0.267	0.266	0.335	0.327	0.318	0.292	0.324	0.250	0.356	0.271	0.348	0.337	0.341	0.350	1.878	0.330	0.196	0.176	-9180.302
140	8	500	487	0.5223	0.234	0.313	0.269	0.313	0.278	0.317	0.260	0.227	0.316	0.264	0.300	0.329	0.310	0.270	2.065	0.274	0.154	0.155	-8757.116
141	8	500	493	0.5149	0.268	0.300	0.274	0.277	0.308	0.272	0.316	0.269	0.260	0.254	0.309	0.346	0.266	0.237	1.880	0.498	0.175	0.225	-8760.073
142	8	500	495	0.4989	0.239	0.258	0.330	0.309	0.305	0.311	0.269	0.244	0.308	0.276	0.294	0.286	0.305	0.311	1.970	0.307	0.157	0.191	-8881.235
143	8	500	492	0.5064	0.307	0.359	0.331	0.272	0.282	0.295	0.284	0.360	0.317	0.301	0.329	0.287	0.332	0.279	1.963	0.363	0.179	0.215	-9113.698
144	8	500	496	0.5162	0.274	0.253	0.296	0.315	0.234	0.274	0.316	0.304	0.276	0.339	0.264	0.315	0.341	0.313	1.794	0.447	0.187	0.191	-8872.977
145	8	500	494	0.5273	0.298	0.258	0.322	0.310	0.334	0.271	0.338	0.309	0.295	0.315	0.295	0.346	0.300	0.305	1.992	0.452	0.206	0.196	-9014.333
146	8	500	495	0.5010	0.287	0.321	0.322	0.281	0.314	0.262	0.281	0.281	0.402	0.290	0.354	0.283	0.362	0.236	1.968	0.421	0.255	0.197	-8997.071
147	8	500	493	0.5098	0.215	0.296	0.320	0.310	0.313	0.324	0.239	0.202	0.337	0.294	0.344	0.346	0.236	0.275	1.910	0.374	0.198	0.180	-8851.408
148	8	500	492	0.5325	0.285	0.216	0.329	0.275	0.319	0.231	0.296	0.219	0.236	0.253	0.336	0.252	0.298	0.358	1.987	0.441	0.235	0.198	-8780.321
149	8	500	495	0.5128	0.247	0.281	0.307	0.266	0.270	0.279	0.328	0.231	0.320	0.264	0.275	0.243	0.311	0.283	2.069	0.428	0.206	0.210	-8713.538
150	8	500	495	0.4973	0.284	0.314	0.295	0.307	0.362	0.273	0.299	0.235	0.271	0.312	0.260	0.300	0.316	0.285	1.896	0.129	0.066	0.192	-8940.914
151	8	500	495	0.5104	0.320	0.292	0.338	0.265	0.296	0.259	0.283	0.322	0.320	0.294	0.334	0.270	0.318	0.310	1.911	0.331	0.158	0.215	-9075.391
152	8	500	493	0.5115	0.273	0.356	0.309	0.351	0.247	0.307	0.345	0.225	0.266	0.260	0.317	0.271	0.276	0.342	1.977	0.310	0.123	0.201	-8951.468
153	8	500	494	0.5208	0.230	0.293	0.248	0.270	0.284	0.284	0.270	0.243	0.340	0.344	0.281	0.283	0.314	0.343	1.882	0.380	0.220	0.177	-8849.531
154	8	500	490	0.5120	0.242	0.274	0.329	0.341	0.370	0.268	0.238	0.289	0.336	0.285	0.296	0.270	0.303	0.256	1.967	0.399	0.246	0.165	-8855.412
155	8	500	494	0.5092	0.259	0.363	0.315	0.279	0.275	0.284	0.313	0.300	0.269	0.308	0.284	0.303	0.280	0.292	2.116	0.441	0.221	0.189	-8888.701
156	8	500	490	0.4946	0.263	0.300	0.316	0.332	0.300	0.279	0.273	0.299	0.279	0.281	0.329	0.302	0.289	0.292	1.879	0.406	0.196	0.199	-8866.823
157	8	500	495	0.4935	0.306	0.341	0.287	0.299	0.341	0.340	0.289	0.311	0.280	0.305	0.288	0.290	0.290	0.344	1.860	0.429	0.274	0.184	-9066.238
158	8	500	495	0.5168	0.249	0.232	0.270	0.316	0.262	0.334	0.321	0.274	0.361	0.254	0.282	0.333	0.275	0.286	2.120	0.267	0.151	0.202	-8936.304
159	8	500	492	0.5120	0.281	0.298	0.305	0.322	0.318	0.256	0.296	0.279	0.302	0.328	0.240	0.258	0.300	0.286	2.139	0.305	0.219	0.156	-8812.271
160	8	500	493	0.5198	0.296	0.341	0.294	0.302	0.273	0.275	0.283	0.315	0.306	0.318	0.271	0.306	0.272	0.332	1.909	0.368	0.155	0.204	-8922.042
161	8	500	493	0.5093	0.224	0.362	0.327	0.299	0.273	0.321	0.284	0.238	0.300	0.228	0.323	0.295	0.302	0.332	2.053	0.393	0.256	0.200	-8983.491
162	8	500	493	0.5120	0.303	0.303	0.307	0.268	0.307	0.374	0.295	0.285	0.271	0.282	0.329	0.284	0.275	0.325	1.969	0.353	0.134	0.215	-8967.787
163	8	500	496	0.4961	0.267	0.294	0.277	0.307	0.358	0.309	0.314	0.272	0.304	0.355	0.334	0.320	0.303	0.387	2.088	0.373	0.179	0.261	-9261.332
164	8	500	495	0.5163	0.225	0.372	0.273	0.329	0.331	0.314	0.294	0.236	0.336	0.347	0.295	0.330	0.386	0.248	1.847	0.325	0.235	0.211	-9271.166
165	8	500	491	0.5277	0.245	0.257	0.260	0.306	0.325	0.317	0.346	0.170	0.315	0.329	0.277	0.315	0.325	0.255	2.033	0.404	0.172	0.199	-8860.606
166	8	500	487	0.5241	0.266	0.271	0.339	0.343	0.288	0.273	0.317	0.301	0.291	0.300	0.312	0.293	0.307	0.278	2.080	0.347	0.232	0.170	-8971.718
167	8	500	496	0.5027	0.218	0.286	0.304	0.270	0.288	0.293	0.278	0.265	0.326	0.333	0.282	0.238	0.284	0.270	2.070	0.421	0.202	0.243	-8804.234
168	8	500	494	0.5033	0.242	0.308	0.324	0.259	0.314	0.272	0.309	0.263	0.268	0.268	0.253	0.283	0.272	0.352	1.952	0.386	0.154	0.201	-8736.067
169	8	500	485	0.5258	0.251	0.286	0.298	0.316	0.335	0.290	0.301	0.274	0.314	0.274	0.252	0.261	0.249	0.272	2.209	0.484	0.270	0.163	-8694.756
170	8	500	491	0.5154	0.325	0.324	0.310	0.256	0.290	0.237	0.272	0.351	0.250	0.293	0.278	0.327	0.343	0.343	1.909	0.368	0.226	0.172	-8923.613
171	8	500	492	0.5145	0.264	0.250	0.302	0.314	0.371	0.267	0.258	0.251	0.294	0.333	0.317	0.290	0.309	0.247	1.940	0.374	0.184	0.215	-8873.296
172	8	500	494	0.5136	0.283	0.276	0.310	0.260	0.321	0.319	0.255	0.276	0.383	0.289	0.378	0.273	0.366	0.325	2.044	0.429	0.198	0.217	-9082.541
173	8	500	497	0.5189	0.257	0.260	0.304	0.301	0.275	0.324	0.299	0.318	0.316	0.304	0.287	0.265	0.287	0.330	2.095	0.323	0.189	0.179	-8939.147
174	8	500	495	0.5222	0.288	0.308	0.336	0.324	0.291	0.316	0.286	0.270	0.338	0.278	0.350	0.265	0.354	0.285	1.982	0.476	0.235	0.208	-9106.471
175	8	500	491	0.5262	0.253	0.280	0.297	0.264	0.336	0.305	0.359	0.210	0.332	0.295	0.321	0.315	0.291	0.285	1.960	0.217	0.134	0.203	-9070.356
176	8	500	495	0.5179	0.330	0.281	0.339	0.322	0.288	0.313	0.281	0.286	0.242	0.320	0.321	0.345	0.335	0.282	1.974	0.366	0.156	0.209	-9055.485
177	8	500	492	0.5151	0.238	0.247	0.259	0.263	0.318	0.322	0.285	0.276	0.283	0.267	0.377	0.262	0.275	0.300	1.960	0.341	0.176	0.209	-8831.058
178	8	500	488	0.4992	0.285	0.259	0.295	0.262	0.312	0.301	0.296	0.308	0.389	0.310	0.264	0.282	0.300	0.291	1.962	0.323	0.192	0.170	-8894.965
179	8	500	495	0.5157	0.274	0.298	0.326	0.359	0.278	0.333	0.303	0.256	0.347	0.350	0.305	0.269	0.327	0.329	1.990	0.267	0.150	0.189	-9161.269
180	8	500	496	0.5094	0.222	0.298	0.319	0.282	0.292	0.309	0.242	0.283	0.302	0.301	0.304	0.266	0.329	0.304	1.982	0.388	0.182	0.208	-8859.701
181	8	500	489	0.5135	0.229	0.340	0.284	0.335	0.228	0.360	0.275	0.249	0.343	0.314	0.287	0.244	0.250	0.322	1.950	0.411	0.228	0.178	-8887.123
182	8	500	496	0.5234	0.232	0.273	0.304	0.307	0.336	0.305	0.238	0.230	0.304	0.301	0.278	0.348	0.333	0.255	1.898	0.268	0.153	0.187	-8926.841
183	8	500	496	0.5187	0.308	0.263	0.390	0.268	0.384	0.317	0.377	0.232	0.269	0.294	0.314	0.323	0.319	0.265	1.801	0.315	0.207	0.210	-9260.805
184	8	500	498	0.5099	0.245	0.276	0.311	0.269	0.301	0.300	0.295	0.283	0.325	0.303	0.295	0.254	0.313	0.253	1.927	0.497	0.191	0.193	-8765.310
185	8	500	494	0.5148	0.267	0.321	0.265	0.319	0.247	0.309	0.276	0.279	0.389	0.351	0.290	0.259	0.281	0.326	1.976	0.426	0.193	0.200	-8968.593
186	8	500	492	0.5129	0.203	0.332	0.325	0.275	0.282	0.290	0.358	0.261	0.281	0.262	0.260	0.362	0.287	0.283	1.848	0.409	0.190	0.204	-8891.548
187	8	500	492	0.5093	0.284	0.329	0.260	0.340	0.294	0.291	0.320	0.270	0.360	0.285	0.305	0.194	0.354	0.350	2.051	0.440	0.201	0.205	-8981.862
188	8	500	484	0.5010	0.282	0.256	0.303	0.270	0.313	0.351	0.280	0.205	0.264	0.276	0.264	0.301	0.234	0.365	2.044	0.403	0.251	0.157	-8696.995
189	8	500	496	0.5237	0.235	0.300	0.308	0.274	0.312	0.294	0.324	0.240	0.348	0.319	0.305	0.231	0.262	0.341	1.899	0.387	0.189	0.201	-8912.122
190	8	500	493	0.5205	0.288	0.312	0.272	0.356	0.248	0.262	0.277	0.244	0.264	0.272	0.290	0.289	0.240	0.280	2.000	0.427	0.196	0.208	-8705.522
191	8	500	493	0.4982	0.276	0.279	0.243	0.323	0.262	0.278	0.340	0.254	0.310	0.282	0.318	0.308	0.308	0.296	1.984	0.305	0.134	0.218	-8911.235
192	8	500	492	0.5317	0.265	0.333	0.280	0.262	0.306	0.279	0.202	0.246	0.257	0.265	0.293	0.308	0.313	0.335	1.982	0.414	0.181	0.201	-8723.908
193	8	500	490	0.5172	0.298	0.419	0.222	0.315	0.259	0.295	0.328	0.307	0.303	0.365	0.254	0.300	0.326	0.319	1.963	0.359	0.151	0.205	-9050.487
194	8	500	496	0.5034	0.244	0.259	0.310	0.321	0.350	0.298	0.312	0.297	0.227	0.389	0.269	0.298	0.224	0.358	2.173	0.441	0.175	0.207	-8894.013
195	8	500	491	0.5088	0.258	0.268	0.291	0.313	0.288	0.324	0.281	0.242	0.275	0.351	0.395	0.256	0.292	0.289	1.996	0.413	0.245	0.179	-8950.138
196	8	500	493	0.5048	0.286	0.285	0.247	0.344	0.366	0.258	0.309	0.283	0.307	0.275	0.318	0.247	0.313	0.283	1.818	0.303	0.144	0.204	-8928.597
197	8	500	493	0.5039	0.331	0.284	0.252	0.350	0.293	0.295	0.370	0.334	0.325	0.270	0.321	0.261	0.274	0.333	2.049	0.336	0.177	0.204	-9077.009
198	8	500	496	0.5119	0.277	0.294	0.290	0.344	0.293	0.316	0.320	0.234	0.277	0.318	0.323	0.348	0.321	0.307	1.873	0.442	0.234	0.181	-9044.694
199	8	500	493	0.5010	0.266	0.337	0.307	0.294	0.286	0.287	0.267	0.283	0.359	0.310	0.299	0.293	0.307	0.290	2.002	0.289	0.157	0.170	-8955.108
200	8	500	495	0.5148	0.192	0.291	0.296	0.252	0.311	0.344	0.332	0.242	0.278	0.263	0.365	0.292	0.293	0.306	2.015	0.286	0.130	0.197	-8890.515
201	8	500	494	0.5122	0.297	0.302	0.341	0.258	0.262	0.236	0.298	0.311	0.233	0.269	0.326	0.310	0.308	0.338	1.835	0.347	0.148	0.185	-8834.704
202	8	500	496	0.5132	0.365	0.275	0.314	0.250	0.275	0.287	0.292	0.307	0.316	0.300	0.308	0.281	0.359	0.301	1.990	0.290	0.162	0.175	-8954.251
203	8	500	500	0.5068	0.325	0.276	0.333	0.310	0.326	0.295	0.269	0.245	0.280	0.315	0.310	0.298	0.261	0.328	1.992	0.428	0.204	0.254	-9053.464
204	8	500	492	0.5044	0.273	0.248	0.326	0.295	0.389	0.345	0.331	0.315	0.241	0.295	0.297	0.348	0.303	0.310	2.151	0.372	0.226	0.182	-9031.723
205	8	500	498	0.5034	0.284	0.310	0.307	0.273	0.359	0.292	0.224	0.323	0.277	0.254	0.329	0.303	0.317	0.295	1.987	0.476	0.191	0.172	-8759.879
206	8	500	491	0.5174	0.251	0.310	0.284	0.272	0.323	0.286	0.260	0.344	0.286	0.265	0.310	0.344	0.282	0.291	1.938	0.393	0.217	0.184	-8847.047
207	8	500	495	0.5186	0.294	0.228	0.343	0.297	0.292	0.318	0.344	0.294	0.297	0.323	0.235	0.263	0.308	0.370	1.915	0.413	0.257	0.172	-9029.944
208	8	500	494	0.5165	0.262	0.320	0.273	0.296	0.324	0.287	0.303	0.255	0.320	0.290	0.252	0.258	0.282	0.352	1.946	0.417	0.246	0.190	-8886.481
209	8	500	491	0.4983	0.260	0.220	0.297	0.311	0.297	0.295	0.301	0.299	0.308	0.324	0.318	0.287	0.314	0.280	2.035	0.327	0.156	0.210	-8867.074
210	8	500	497	0.5032	0.329	0.280	0.308	0.286	0.409	0.300	0.273	0.249	0.355	0.276	0.250	0.284	0.321	0.275	2.204	0.455	0.154	0.263	-9004.315
211	8	500	495	0.5174	0.212	0.262	0.309	0.298	0.227	0.322	0.319	0.245	0.350	0.345	0.311	0.312	0.355	0.278	2.023	0.393	0.196	0.196	-8957.766
212	8	500	492	0.5277	0.274	0.280	0.284	0.288	0.312	0.314	0.279	0.257	0.306	0.289	0.220	0.310	0.284	0.312	1.835	0.374	0.173	0.192	-8788.221
213	8	500	494	0.5120	0.247	0.209	0.384	0.307	0.406	0.269	0.333	0.260	0.308	0.312	0.274	0.385	0.268	0.270	1.854	0.420	0.296	0.187	-9072.317
214	8	500	493	0.5223	0.285	0.291	0.265	0.259	0.304	0.339	0.273	0.267	0.334	0.266	0.302	0.254	0.251	0.371	1.846	0.390	0.165	0.198	-8843.479
215	8	500	497	0.5185	0.294	0.300	0.251	0.330	0.288	0.303	0.261	0.229	0.288	0.359	0.270	0.288	0.304	0.360	1.820	0.350	0.167	0.201	-8995.832
216	8	500	490	0.5027	0.244	0.326	0.309	0.308	0.264	0.301	0.345	0.290	0.329	0.308	0.320	0.348	0.320	0.276	2.114	0.371	0.144	0.196	-8955.723
217	8	500	491	0.5099	0.270	0.343	0.287	0.298	0.232	0.302	0.238	0.256	0.264	0.342	0.340	0.259	0.338	0.348	1.950	0.334	0.204	0.181	-8932.822
218	8	500	495	0.5092	0.316	0.244	0.313	0.276	0.346	0.259	0.297	0.286	0.293	0.291	0.292	0.385	0.262	0.335	1.774	0.456	0.221	0.201	-8983.098
219	8	500	488	0.5270	0.251	0.378	0.314	0.266	0.307	0.322	0.257	0.220	0.422	0.311	0.317	0.295	0.307	0.295	1.909	0.413	0.189	0.192	-8999.906
220	8	500	491	0.5146	0.238	0.254	0.310	0.281	0.317	0.279	0.321	0.239	0.295	0.312	0.260	0.283	0.290	0.288	1.931	0.356	0.164	0.182	-8707.994
221	8	500	496	0.5095	0.272	0.279	0.282	0.267	0.341	0.263	0.277	0.279	0.270	0.315	0.326	0.348	0.285	0.280	1.847	0.404	0.243	0.208	-8958.503
222	8	500	494	0.5178	0.255	0.265	0.300	0.312	0.254	0.363	0.317	0.238	0.236	0.321	0.305	0.327	0.270	0.331	2.044	0.383	0.181	0.206	-8928.575
223	8	500	485	0.5138	0.224	0.268	0.265	0.278	0.310	0.251	0.291	0.248	0.305	0.337	0.241	0.312	0.286	0.266	1.975	0.366	0.163	0.183	-8640.226
224	8	500	492	0.5254	0.324	0.276	0.330	0.290	0.307	0.326	0.243	0.239	0.270	0.315	0.366	0.276	0.240	0.293	2.050	0.403	0.296	0.149	-8867.141
225	8	500	490	0.4938	0.288	0.315	0.347	0.307	0.250	0.318	0.244	0.288	0.278	0.327	0.338	0.324	0.315	0.297	1.890	0.340	0.233	0.182	-9027.624
226	8	500	493	0.5068	0.320	0.406	0.266	0.278	0.308	0.342	0.283	0.279	0.260	0.223	0.326	0.376	0.286	0.273	1.969	0.343	0.148	0.215	-9018.771
227	8	500	494	0.4958	0.243	0.271	0.309	0.272	0.311	0.327	0.330	0.323	0.266	0.291	0.331	0.357	0.293	0.305	1.946	0.409	0.284	0.190	-9108.119
228	8	500	487	0.5306	0.253	0.289	0.268	0.293	0.236	0.300	0.340	0.254	0.331	0.289	0.330	0.320	0.295	0.240	2.189	0.505	0.266	0.176	-8731.644
229	8	500	494	0.4954	0.301	0.299	0.279	0.321	0.291	0.233	0.270	0.270	0.324	0.282	0.310	0.296	0.297	0.339	1.908	0.510	0.254	0.216	-8911.486
230	8	500	495	0.5250	0.306	0.350	0.306	0.275	0.261	0.279	0.278	0.285	0.247	0.316	0.303	0.327	0.281	0.311	1.853	0.351	0.154	0.208	-8999.917
231	8	500	491	0.5121	0.323	0.270	0.273	0.332	0.244	0.323	0.248	0.315	0.303	0.265	0.309	0.269	0.367	0.326	2.017	0.339	0.158	0.233	-9003.344
232	8	500	494	0.5084	0.259	0.365	0.296	0.354	0.332	0.260	0.268	0.288	0.366	0.340	0.268	0.293	0.269	0.294	2.162	0.357	0.186	0.205	-9036.387
233	8	500	490	0.5070	0.301	0.352	0.286	0.314	0.283	0.293	0.246	0.285	0.262	0.345	0.321	0.327	0.298	0.246	1.952	0.386	0.184	0.174	-8827.402
234	8	500	493	0.5037	0.261	0.317	0.287	0.294	0.210	0.330	0.285	0.274	0.298	0.292	0.276	0.308	0.275	0.269	2.004	0.331	0.166	0.225	-8822.519
235	8	500	494	0.4941	0.255	0.265	0.281	0.305	0.253	0.266	0.244	0.235	0.301	0.303	0.314	0.287	0.235	0.284	1.817	0.359	0.139	0.211	-8612.552
236	8	500	496	0.5120	0.237	0.282	0.380	0.260	0.283	0.300	0.323	0.294	0.218	0.309	0.283	0.269	0.250	0.316	1.943	0.278	0.136	0.172	-8793.073
237	8	500	494	0.5232	0.278	0.336	0.308	0.289	0.336	0.284	0.293	0.248	0.285	0.260	0.368	0.347	0.251	0.314	2.200	0.360	0.230	0.202	-9021.912
238	8	500	495	0.5204	0.262	0.333	0.277	0.306	0.360	0.310	0.271	0.299	0.283	0.329	0.341	0.285	0.309	0.323	2.011	0.339	0.141	0.206	-9031.572
239	8	500	487	0.5063	0.327	0.276	0.286	0.321	0.240	0.266	0.267	0.317	0.341	0.331	0.279	0.326	0.322	0.268	1.847	0.466	0.200	0.207	-8924.993
240	8	500	492	0.5092	0.326	0.248	0.351	0.303	0.298	0.303	0.295	0.299	0.259	0.259	0.224	0.265	0.287	0.282	2.004	0.257	0.139	0.212	-8836.510
241	8	500	491	0.5259	0.259	0.365	0.241	0.296	0.310	0.333	0.299	0.260	0.262	0.348	0.334	0.308	0.336	0.317	1.910	0.485	0.221	0.180	-9029.429
242	8	500	494	0.5086	0.323	0.338	0.283	0.275	0.302	0.323	0.251	0.290	0.310	0.283	0.274	0.239	0.277	0.317	1.901	0.437	0.202	0.189	-8834.508
243	8	500	487	0.5263	0.249	0.293	0.281	0.289	0.303	0.260	0.340	0.239	0.250	0.277	0.354	0.316	0.283	0.345	1.844	0.376	0.189	0.214	-8969.485
244	8	500	493	0.5088	0.263	0.304	0.276	0.231	0.293	0.233	0.292	0.294	0.282	0.287	0.305	0.272	0.299	0.282	1.745	0.420	0.180	0.196	-8662.519
245	8	500	489	0.5141	0.347	0.306	0.296	0.312	0.270	0.226	0.358	0.289	0.226	0.284	0.236	0.326	0.263	0.310	1.891	0.432	0.243	0.162	-8795.609
246	8	500	489	0.5235	0.280	0.289	0.294	0.322	0.333	0.286	0.304	0.233	0.290	0.338	0.308	0.296	0.288	0.339	1.895	0.275	0.119	0.193	-8971.416
247	8	500	493	0.5036	0.283	0.317	0.322	0.299	0.300	0.299	0.314	0.257	0.315	0.265	0.345	0.253	0.300	0.253	1.976	0.364	0.173	0.194	-8937.708
248	8	500	492	0.4940	0.270	0.325	0.266	0.297	0.313	0.318	0.255	0.263	0.329	0.300	0.322	0.361	0.331	0.247	1.944	0.627	0.299	0.196	-8856.277
249	8	500	493	0.5249	0.274	0.298	0.295	0.303	0.286	0.218	0.302	0.212	0.300	0.271	0.323	0.294	0.291	0.275	2.040	0.427	0.167	0.218	-8749.708
250	8	500	496	0.5226	0.327	0.330	0.229	0.323	0.236	0.276	0.369	0.316	0.303	0.271	0.303	0.291	0.319	0.298	1.997	0.416	0.112	0.220	-8932.231
251	8	500	491	0.5287	0.314	0.351	0.355	0.319	0.249	0.314	0.233	0.262	0.274	0.327	0.296	0.313	0.326	0.328	1.801	0.438	0.201	0.212	-9114.200
252	8	500	498	0.5048	0.246	0.290	0.275	0.256	0.231	0.294	0.291	0.304	0.275	0.249	0.331	0.357	0.285	0.314	1.884	0.380	0.189	0.190	-8819.960
253	8	500	496	0.5108	0.256	0.290	0.337	0.322	0.301	0.340	0.351	0.237	0.272	0.373	0.274	0.328	0.230	0.399	1.977	0.358	0.215	0.184	-9103.622
254	8	500	492	0.5241	0.309	0.275	0.309	0.353	0.301	0.310	0.261	0.265	0.298	0.267	0.345	0.326	0.358	0.343	2.018	0.233	0.122	0.206	-9154.686
255	8	500	499	0.5173	0.236	0.334	0.303	0.261	0.237	0.285	0.303	0.288	0.274	0.301	0.296	0.305	0.277	0.314	1.914	0.425	0.199	0.197	-8829.448
256	8	500	491	0.5221	0.325	0.248	0.262	0.304	0.309	0.314	0.266	0.298	0.232	0.328	0.303	0.332	0.331	0.229	2.007	0.463	0.254	0.200	-8845.769
257	8	500	493	0.4922	0.277	0.283	0.316	0.313	0.254	0.299	0.281	0.237	0.384	0.282	0.272	0.240	0.271	0.326	1.943	0.265	0.129	0.184	-8810.607
258	8	500	493	0.5330	0.352	0.220	0.298	0.324	0.243	0.328	0.295	0.330	0.249	0.322	0.280	0.277	0.312	0.315	1.995	0.362	0.182	0.186	-8943.059
259	8	500	495	0.5152	0.276	0.239	0.310	0.332	0.372	0.294	0.354	0.280	0.321	0.325	0.310	0.278	0.367	0.244	1.958	0.350	0.188	0.214	-9119.531
260	8	500	491	0.5057	0.324	0.248	0.286	0.271	0.328	0.238	0.286	0.248	0.289	0.353	0.294	0.272	0.257	0.327	2.004	0.423	0.224	0.166	-8731.361
261	8	500	492	0.5090	0.262	0.221	0.336	0.263	0.347	0.337	0.313	0.297	0.236	0.263	0.318	0.262	0.290	0.294	2.196	0.425	0.251	0.189	-8867.225
262	8	500	489	0.4913	0.306	0.330	0.298	0.292	0.289	0.239	0.310	0.304	0.308	0.308	0.356	0.302	0.216	0.326	1.806	0.390	0.229	0.191	-8993.609
263	8	500	496	0.5180	0.321	0.334	0.322	0.310	0.284	0.259	0.245	0.241	0.305	0.285	0.279	0.370	0.284	0.310	1.883	0.363	0.165	0.219	-8964.143
264	8	500	497	0.5177	0.288	0.321	0.316	0.305	0.301	0.305	0.315	0.284	0.295	0.336	0.281	0.336	0.316	0.262	2.038	0.334	0.156	0.222	-9080.180
265	8	500	494	0.5077	0.226	0.341	0.282	0.328	0.254	0.273	0.331	0.252	0.229	0.343	0.260	0.273	0.324	0.298	2.140	0.310	0.194	0.177	-8791.919
266	8	500	488	0.5177	0.244	0.250	0.287	0.268	0.337	0.338	0.212	0.285	0.342	0.312	0.295	0.264	0.309	0.261	2.092	0.490	0.310	0.168	-8711.382
267	8	500	492	0.5179	0.233	0.273	0.318	0.258	0.285	0.315	0.279	0.318	0.278	0.319	0.287	0.291	0.304	0.308	2.183	0.289	0.148	0.210	-8896.736
268	8	500	494	0.5093	0.275	0.286	0.346	0.268	0.261	0.293	0.255	0.278	0.261	0.280	0.278	0.316	0.303	0.293	1.922	0.381	0.174	0.196	-8750.031
269	8	500	491	0.5145	0.312	0.271	0.357	0.315	0.251	0.318	0.340	0.271	0.293	0.288	0.310	0.307	0.260	0.306	1.903	0.399	0.317	0.189	-9068.892
270	8	500	494	0.5148	0.280	0.301	0.250	0.250	0.268	0.210	0.317	0.292	0.304	0.336	0.251	0.325	0.294	0.308	1.923	0.363	0.222	0.182	-8793.107
271	8	500	497	0.5053	0.257	0.350	0.267	0.288	0.272	0.365	0.295	0.311	0.364	0.301	0.272	0.222	0.329	0.241	2.026	0.481	0.208	0.222	-8945.221
272	8	500	493	0.5139	0.227	0.326	0.324	0.327	0.361	0.313	0.273	0.199	0.282	0.299	0.314	0.294	0.297	0.294	2.144	0.299	0.174	0.181	-8890.108
273	8	500	495	0.5218	0.355	0.365	0.274	0.278	0.264	0.333	0.260	0.337	0.325	0.235	0.320	0.265	0.294	0.307	2.020	0.441	0.242	0.170	-8892.470
274	8	500	491	0.5052	0.269	0.299	0.292	0.286	0.328	0.301	0.283	0.309	0.293	0.278	0.320	0.297	0.314	0.310	2.097	0.327	0.186	0.183	-8940.804
275	8	500	496	0.5171	0.273	0.336	0.318	0.343	0.241	0.357	0.321	0.300	0.323	0.307	0.343	0.278	0.265	0.314	2.136	0.370	0.238	0.162	-9065.662
276	8	500	493	0.5130	0.327	0.311	0.254	0.275	0.310	0.327	0.289	0.305	0.356	0.280	0.319	0.227	0.288	0.325	1.932	0.451	0.189	0.183	-8852.188
277	8	500	495	0.5176	0.259	0.246	0.279	0.285	0.339	0.339	0.237	0.212	0.325	0.300	0.326	0.315	0.358	0.298	2.075	0.315	0.150	0.197	-8933.237
278	8	500	494	0.5095	0.281	0.316	0.359	0.325	0.247	0.301	0.270	0.237	0.281	0.302	0.296	0.289	0.245	0.283	1.971	0.418	0.205	0.246	-8927.881
279	8	500	496	0.5218	0.235	0.354	0.290	0.258	0.304	0.258	0.298	0.229	0.357	0.249	0.251	0.252	0.267	0.321	1.814	0.239	0.110	0.217	-8787.112
280	8	500	496	0.5078	0.305	0.375	0.306	0.363	0.280	0.316	0.281	0.344	0.324	0.282	0.282	0.248	0.289	0.327	2.111	0.440	0.206	0.216	-9094.967
281	8	500	495	0.5152	0.251	0.292	0.277	0.268	0.241	0.228	0.318	0.295	0.321	0.356	0.298	0.330	0.320	0.319	1.998	0.352	0.156	0.213	-8890.902
282	8	500	495	0.5182	0.251	0.348	0.314	0.328	0.363	0.298	0.307	0.265	0.294	0.301	0.321	0.269	0.311	0.268	2.098	0.388	0.164	0.205	-9021.608
283	8	500	495	0.5192	0.288	0.273	0.302	0.307	0.276	0.322	0.314	0.287	0.356	0.303	0.270	0.306	0.311	0.246	2.112	0.286	0.149	0.190	-8912.448
284	8	500	498	0.5073	0.311	0.229	0.292	0.255	0.336	0.310	0.324	0.342	0.308	0.274	0.316	0.207	0.347	0.274	1.851	0.462	0.169	0.220	-8927.774
285	8	500	490	0.4943	0.287	0.298	0.272	0.342	0.303	0.226	0.279	0.253	0.315	0.311	0.271	0.215	0.317	0.288	2.005	0.415	0.235	0.184	-8730.393
286	8	500	491	0.5184	0.250	0.271	0.287	0.257	0.236	0.257	0.285	0.267	0.260	0.333	0.299	0.254	0.359	0.296	1.894	0.360	0.195	0.171	-8727.410
287	8	500	494	0.4998	0.245	0.289	0.322	0.261	0.302	0.277	0.334	0.243	0.317	0.294	0.264	0.232	0.306	0.297	1.989	0.476	0.248	0.213	-8848.792
288	8	500	492	0.5230	0.278	0.285	0.305	0.333	0.241	0.356	0.298	0.330	0.279	0.279	0.307	0.266	0.321	0.295	2.043	0.389	0.207	0.232	-9071.372
289	8	500	496	0.4978	0.256	0.285	0.273	0.242	0.334	0.210	0.310	0.287	0.268	0.264	0.239	0.295	0.268	0.303	1.909	0.427	0.229	0.194	-8675.640
290	8	500	491	0.5068	0.297	0.311	0.275	0.311	0.290	0.300	0.278	0.281	0.253	0.266	0.273	0.372	0.280	0.280	2.006	0.319	0.155	0.213	-8855.539
291	8	500	493	0.4992	0.297	0.263	0.277	0.287	0.369	0.302	0.290	0.287	0.314	0.286	0.337	0.283	0.376	0.320	2.081	0.287	0.196	0.171	-9088.634
292	8	500	487	0.5043	0.224	0.262	0.294	0.302	0.309	0.359	0.269	0.236	0.326	0.256	0.253	0.302	0.322	0.303	2.004	0.305	0.227	0.158	-8831.537
293	8	500	494	0.5157	0.247	0.342	0.296	0.307	0.275	0.325	0.301	0.330	0.301	0.277	0.332	0.253	0.229	0.297	2.141	0.449	0.220	0.230	-8962.958
294	8	500	488	0.5206	0.281	0.249	0.252	0.250	0.310	0.323	0.294	0.285	0.254	0.284	0.259	0.305	0.255	0.254	1.988	0.428	0.204	0.192	-8650.901
295	8	500	494	0.5214	0.242	0.298	0.315	0.303	0.303	0.321	0.300	0.306	0.343	0.253	0.302	0.256	0.291	0.350	1.884	0.376	0.195	0.177	-9012.679
296	8	500	494	0.5217	0.231	0.325	0.309	0.291	0.254	0.345	0.336	0.265	0.302	0.320	0.279	0.285	0.317	0.301	2.030	0.432	0.280	0.211	-9050.859
297	8	500	493	0.5131	0.265	0.286	0.302	0.319	0.316	0.317	0.332	0.259	0.296	0.259	0.320	0.325	0.352	0.336	1.912	0.397	0.209	0.201	-9126.704
298	8	500	495	0.5168	0.231	0.240	0.308	0.319	0.291	0.323	0.274	0.254	0.296	0.287	0.280	0.348	0.286	0.298	2.053	0.244	0.132	0.177	-8814.446
299	8	500	493	0.5036	0.262	0.311	0.349	0.311	0.284	0.249	0.321	0.332	0.307	0.343	0.312	0.297	0.277	0.236	2.107	0.300	0.147	0.173	-8953.409
300	8	500	492	0.5085	0.257	0.235	0.259	0.358	0.297	0.323	0.299	0.242	0.315	0.269	0.297	0.327	0.293	0.286	1.801	0.470	0.227	0.173	-8835.684
301	8	500	493	0.5146	0.247	0.265	0.250	0.284	0.332	0.279	0.274	0.227	0.298	0.269	0.330	0.272	0.332	0.304	1.774	0.537	0.264	0.185	-8794.136
302	8	500	494	0.5196	0.282	0.288	0.279	0.290	0.359	0.260	0.302	0.287	0.294	0.278	0.309	0.313	0.275	0.336	2.010	0.319	0.148	0.220	-8962.323
303	8	500	496	0.5168	0.219	0.227	0.281	0.278	0.320	0.269	0.290	0.253	0.321	0.284	0.269	0.301	0.305	0.326	2.038	0.307	0.165	0.204	-8808.823
304	8	500	494	0.5189	0.281	0.327	0.269	0.310	0.311	0.265	0.324	0.285	0.331	0.269	0.301	0.316	0.301	0.264	2.131	0.191	0.110	0.196	-8966.580
305	8	500	492	0.4968	0.302	0.307	0.337	0.320	0.262	0.263	0.278	0.310	0.342	0.313	0.313	0.307	0.301	0.329	2.026	0.355	0.212	0.177	-9051.704
306	8	500	494	0.5104	0.284	0.289	0.303	0.283	0.265	0.284	0.228	0.291	0.310	0.308	0.327	0.303	0.254	0.256	2.161	0.242	0.103	0.216	-8769.638
307	8	500	497	0.5136	0.233	0.306	0.337	0.255	0.338	0.326	0.290	0.268	0.314	0.308	0.315	0.289	0.380	0.274	1.988	0.340	0.174	0.211	-9092.030
308	8	500	499	0.5128	0.258	0.311	0.275	0.358	0.341	0.298	0.293	0.200	0.307	0.274	0.358	0.314	0.403	0.310	2.000	0.256	0.120	0.225	-9168.802
309	8	500	497	0.5290	0.335	0.236	0.369	0.349	0.340	0.348	0.311	0.297	0.323	0.269	0.299	0.268	0.360	0.318	1.975	0.455	0.271	0.179	-9179.483
310	8	500	497	0.5191	0.255	0.359	0.314	0.306	0.245	0.348	0.284	0.281	0.307	0.289	0.261	0.304	0.307	0.295	2.118	0.351	0.255	0.180	-9019.884
311	8	500	493	0.5175	0.215	0.260	0.296	0.295	0.383	0.273	0.306	0.287	0.258	0.292	0.311	0.275	0.333	0.278	1.981	0.408	0.215	0.180	-8845.791
312	8	500	492	0.5257	0.263	0.208	0.303	0.288	0.324	0.330	0.324	0.251	0.305	0.290	0.252	0.233	0.383	0.294	2.056	0.469	0.212	0.213	-8847.073
313	8	500	491	0.5252	0.248	0.293	0.284	0.272	0.239	0.362	0.356	0.294	0.304	0.267	0.335	0.229	0.339	0.298	1.907	0.424	0.245	0.191	-8946.833
314	8	500	490	0.5210	0.339	0.347	0.335	0.288	0.171	0.304	0.351	0.377	0.298	0.323	0.266	0.239	0.291	0.269	2.052	0.491	0.277	0.174	-8905.287
315	8	500	490	0.5236	0.278	0.284	0.259	0.275	0.314	0.246	0.301	0.297	0.284	0.327	0.328	0.362	0.289	0.290	1.894	0.413	0.217	0.202	-8949.388
316	8	500	492	0.5185	0.309	0.239	0.317	0.274	0.314	0.321	0.301	0.306	0.226	0.330	0.315	0.374	0.337	0.250	2.096	0.406	0.185	0.210	-8946.438
317	8	500	496	0.5040	0.287	0.258	0.295	0.338	0.308	0.333	0.341	0.257	0.280	0.291	0.277	0.330	0.339	0.295	1.916	0.325	0.166	0.208	-9111.122
318	8	500	495	0.5129	0.284	0.271	0.300	0.298	0.320	0.319	0.311	0.285	0.282	0.304	0.313	0.319	0.317	0.296	2.090	0.418	0.211	0.197	-8972.847
319	8	500	493	0.5172	0.276	0.309	0.256	0.257	0.318	0.291	0.261	0.293	0.239	0.319	0.245	0.276	0.253	0.275	1.926	0.323	0.129	0.210	-8658.383
320	8	500	491	0.5137	0.353	0.283	0.296	0.271	0.313	0.355	0.278	0.346	0.310	0.300	0.249	0.303	0.306	0.346	1.979	0.412	0.201	0.194	-9027.667
321	8	500	496	0.5044	0.309	0.254	0.317	0.337	0.267	0.283	0.266	0.332	0.320	0.274	0.316	0.298	0.274	0.263	1.858	0.498	0.204	0.230	-8908.427
322	8	500	491	0.5169	0.211	0.255	0.380	0.313	0.325	0.343	0.300	0.253	0.289	0.326	0.350	0.384	0.257	0.349	2.089	0.180	0.092	0.200	-9156.775
323	8	500	489	0.4854	0.269	0.212	0.265	0.313	0.337	0.344	0.264	0.254	0.287	0.243	0.261	0.323	0.269	0.260	2.065	0.369	0.163	0.177	-8621.781
324	8	500	497	0.5219	0.267	0.255	0.269	0.298	0.340	0.285	0.333	0.222	0.279	0.258	0.263	0.298	0.272	0.282	2.228	0.487	0.233	0.209	-8680.788
325	8	500	495	0.4992	0.204	0.222	0.293	0.300	0.316	0.289	0.358	0.265	0.228	0.316	0.291	0.279	0.280	0.249	2.082	0.255	0.125	0.197	-8680.888
326	8	500	493	0.5143	0.311	0.241	0.336	0.325	0.297	0.313	0.292	0.294	0.259	0.289	0.314	0.325	0.320	0.301	1.879	0.392	0.196	0.185	-9016.069
327	8	500	496	0.5129	0.325	0.300	0.258	0.324	0.357	0.309	0.271	0.335	0.275	0.306	0.366	0.264	0.286	0.320	1.933	0.331	0.184	0.190	-9092.272
328	8	500	490	0.5201	0.248	0.296	0.250	0.334	0.265	0.286	0.296	0.217	0.275	0.316	0.290	0.284	0.332	0.289	1.939	0.317	0.157	0.181	-8825.665
329	8	500	496	0.5165	0.370	0.247	0.218	0.323	0.283	0.285	0.235	0.288	0.305	0.287	0.272	0.320	0.316	0.320	2.000	0.340	0.164	0.207	-8885.660
330	8	500	499	0.5123	0.232	0.311	0.253	0.349	0.276	0.291	0.340	0.280	0.221	0.301	0.296	0.302	0.330	0.285	1.885	0.397	0.238	0.205	-8963.069
331	8	500	494	0.5177	0.238	0.324	0.313	0.327	0.345	0.372	0.337	0.228	0.277	0.253	0.314	0.336	0.325	0.303	2.016	0.240	0.152	0.182	-9143.678
332	8	500	496	0.5334	0.303	0.246	0.260	0.293	0.362	0.289	0.339	0.257	0.327	0.277	0.263	0.322	0.354	0.288	1.861	0.410	0.204	0.212	-9048.658
333	8	500	496	0.5227	0.277	0.266	0.252	0.274	0.359	0.306	0.265	0.250	0.305	0.302	0.284	0.302	0.273	0.354	1.906	0.376	0.197	0.209	-8932.326
334	8	500	492	0.5082	0.277	0.314	0.306	0.311	0.322	0.251	0.308	0.277	0.286	0.310	0.288	0.283	0.304	0.233	2.082	0.310	0.133	0.193	-8802.496
335	8	500	497	0.5158	0.311	0.339	0.349	0.203	0.333	0.315	0.326	0.306	0.286	0.326	0.320	0.340	0.264	0.335	1.849	0.447	0.237	0.204	-9145.647
336	8	500	492	0.5087	0.294	0.342	0.299	0.320	0.268	0.366	0.277	0.329	0.281	0.311	0.320	0.302	0.314	0.305	2.190	0.428	0.227	0.176	-8961.477
337	8	500	494	0.5031	0.293	0.251	0.293	0.293	0.347	0.309	0.319	0.265	0.303	0.348	0.265	0.278	0.327	0.297	1.875	0.342	0.173	0.196	-8993.881
338	8	500	493	0.5261	0.225	0.291	0.294	0.318	0.301	0.299	0.253	0.258	0.270	0.327	0.290	0.357	0.285	0.304	2.067	0.332	0.129	0.195	-8847.773
339	8	500	492	0.5150	0.337	0.239	0.277	0.308	0.256	0.293	0.315	0.259	0.324	0.278	0.312	0.305	0.278	0.286	2.083	0.511	0.269	0.173	-8737.592
340	8	500	492	0.5187	0.301	0.305	0.339	0.309	0.349	0.340	0.231	0.285	0.392	0.359	0.260	0.297	0.296	0.269	1.978	0.346	0.183	0.187	-9087.703
341	8	500	497	0.5029	0.231	0.328	0.296	0.289	0.304	0.299	0.275	0.284	0.310	0.319	0.274	0.257	0.322	0.287	2.020	0.277	0.113	0.217	-8873.251
342	8	500	496	0.5118	0.309	0.296	0.305	0.250	0.273	0.324	0.355	0.305	0.298	0.275	0.317	0.251	0.323	0.295	2.031	0.484	0.185	0.190	-8859.167
343	8	500	495	0.5059	0.312	0.294	0.296	0.312	0.302	0.321	0.297	0.311	0.302	0.343	0.270	0.336	0.307	0.289	1.932	0.325	0.168	0.238	-9151.883
344	8	500	493	0.4982	0.256	0.339	0.325	0.261	0.328	0.242	0.327	0.345	0.291	0.264	0.298	0.322	0.288	0.295	2.018	0.487	0.268	0.199	-8916.288
345	8	500	494	0.5212	0.307	0.310	0.350	0.280	0.307	0.262	0.334	0.262	0.299	0.319	0.289	0.308	0.252	0.296	1.858	0.446	0.204	0.211	-8991.183
346	8	500	496	0.5148	0.316	0.282	0.334	0.267	0.247	0.321	0.301	0.264	0.285	0.312	0.293	0.299	0.314	0.240	1.843	0.450	0.210	0.199	-8902.011
347	8	500	494	0.5347	0.343	0.243	0.249	0.293	0.348	0.242	0.269	0.263	0.254	0.235	0.297	0.255	0.304	0.294	2.006	0.340	0.163	0.225	-8737.204
348	8	500	491	0.5131	0.254	0.338	0.307	0.318	0.286	0.290	0.282	0.333	0.331	0.327	0.295	0.272	0.328	0.261	2.113	0.456	0.240	0.176	-8919.218
349	8	500	492	0.4939	0.257	0.292	0.305	0.320	0.263	0.348	0.329	0.225	0.357	0.401	0.302	0.333	0.317	0.333	1.997	0.311	0.185	0.188	-9150.796
350	8	500	495	0.4842	0.221	0.326	0.291	0.347	0.277	0.286	0.306	0.260	0.271	0.276	0.283	0.324	0.292	0.259	2.152	0.283	0.147	0.212	-8864.332
351	8	500	490	0.5137	0.263	0.312	0.284	0.319	0.332	0.333	0.284	0.243	0.218	0.263	0.303	0.327	0.334	0.285	2.031	0.374	0.192	0.175	-8875.810
352	8	500	493	0.5086	0.289	0.311	0.292	0.286	0.332	0.304	0.332	0.268	0.333	0.301	0.305	0.338	0.283	0.353	1.912	0.353	0.232	0.188	-9155.166
353	8	500	492	0.5056	0.257	0.304	0.269	0.360	0.258	0.251	0.302	0.271	0.216	0.270	0.285	0.237	0.222	0.291	1.852	0.470	0.190	0.199	-8563.200
354	8	500	492	0.5070	0.259	0.291	0.320	0.276	0.342	0.322	0.306	0.273	0.236	0.304	0.299	0.327	0.392	0.310	2.063	0.263	0.144	0.210	-9132.106
355	8	500	491	0.5053	0.270	0.296	0.339	0.266	0.287	0.274	0.291	0.230	0.367	0.372	0.272	0.374	0.208	0.405	1.803	0.303	0.186	0.191	-9064.895
356	8	500	494	0.5072	0.252	0.309	0.328	0.299	0.301	0.315	0.319	0.237	0.363	0.288	0.333	0.233	0.317	0.269	1.987	0.374	0.223	0.150	-8848.532
357	8	500	490	0.5037	0.278	0.202	0.320	0.286	0.281	0.319	0.364	0.267	0.250	0.302	0.310	0.285	0.282	0.303	2.089	0.407	0.179	0.181	-8792.980
358	8	500	488	0.5116	0.250	0.297	0.297	0.222	0.260	0.289	0.321	0.262	0.310	0.236	0.284	0.272	0.294	0.292	2.037	0.468	0.184	0.193	-8573.732
359	8	500	492	0.5106	0.265	0.337	0.300	0.309	0.245	0.325	0.346	0.224	0.260	0.323	0.286	0.296	0.261	0.293	1.903	0.402	0.200	0.197	-8921.443
360	8	500	495	0.5228	0.281	0.287	0.311	0.299	0.318	0.243	0.272	0.252	0.289	0.257	0.329	0.260	0.317	0.324	1.953	0.312	0.145	0.190	-8813.398
361	8	500	491	0.5186	0.228	0.276	0.334	0.270	0.240	0.336	0.277	0.223	0.265	0.302	0.310	0.228	0.309	0.302	1.941	0.487	0.224	0.218	-8781.482
362	8	500	492	0.5209	0.266	0.309	0.344	0.343	0.326	0.282	0.281	0.267	0.277	0.277	0.264	0.284	0.335	0.286	2.116	0.496	0.261	0.222	-8974.816
363	8	500	496	0.5194	0.270	0.300	0.344	0.308	0.288	0.319	0.326	0.288	0.274	0.270	0.313	0.358	0.328	0.348	1.844	0.332	0.179	0.211	-9232.352
364	8	500	500	0.5112	0.302	0.280	0.243	0.321	0.279	0.329	0.316	0.305	0.286	0.263	0.290	0.299	0.291	0.275	1.944	0.298	0.168	0.204	-8959.549
365	8	500	492	0.5215	0.256	0.389	0.248	0.326	0.294	0.309	0.283	0.306	0.316	0.304	0.278	0.368	0.312	0.310	1.868	0.485	0.263	0.162	-8940.229
366	8	500	497	0.5384	0.263	0.307	0.304	0.311	0.282	0.352	0.277	0.237	0.272	0.259	0.338	0.325	0.339	0.317	2.024	0.170	0.090	0.198	-9061.347
367	8	500	490	0.5243	0.275	0.307	0.331	0.305	0.222	0.293	0.348	0.295	0.290	0.279	0.328	0.270	0.255	0.334	2.073	0.384	0.162	0.187	-8873.068
368	8	500	490	0.5212	0.292	0.307	0.303	0.288	0.267	0.310	0.240	0.262	0.319	0.336	0.314	0.220	0.270	0.297	1.770	0.394	0.207	0.200	-8878.297
369	8	500	492	0.5166	0.298	0.341	0.325	0.297	0.287	0.268	0.280	0.336	0.282	0.290	0.280	0.367	0.290	0.306	1.967	0.324	0.172	0.199	-9027.060
370	8	500	494	0.5152	0.334	0.270	0.303	0.257	0.278	0.276	0.316	0.310	0.280	0.359	0.293	0.264	0.319	0.254	2.058	0.452	0.282	0.216	-8974.133
371	8	500	490	0.5339	0.228	0.319	0.391	0.287	0.268	0.302	0.304	0.246	0.263	0.271	0.302	0.285	0.317	0.305	1.926	0.164	0.087	0.180	-8934.030
372	8	500	491	0.5207	0.256	0.254	0.331	0.274	0.283	0.261	0.286	0.265	0.342	0.339	0.350	0.239	0.289	0.347	2.008	0.448	0.205	0.202	-8876.114
373	8	500	494	0.5318	0.282	0.397	0.301	0.246	0.371	0.311	0.370	0.260	0.311	0.265	0.355	0.318	0.240	0.297	1.896	0.322	0.132	0.200	-9128.955
374	8	500	493	0.5007	0.310	0.273	0.280	0.342	0.316	0.302	0.291	0.300	0.335	0.273	0.337	0.317	0.269	0.277	2.061	0.367	0.242	0.184	-8996.253
375	8	500	493	0.5018	0.276	0.302	0.288	0.276	0.317	0.257	0.361	0.263	0.360	0.292	0.307	0.316	0.273	0.326	1.988	0.274	0.179	0.191	-9040.650
376	8	500	496	0.5163	0.256	0.321	0.334	0.332	0.258	0.356	0.311	0.288	0.364	0.273	0.329	0.287	0.281	0.305	1.860	0.400	0.230	0.176	-9098.997
377	8	500	493	0.4922	0.278	0.283	0.294	0.283	0.304	0.285	0.268	0.329	0.271	0.283	0.286	0.341	0.311	0.274	1.842	0.346	0.195	0.188	-8895.784
378	8	500	494	0.5177	0.241	0.252	0.273	0.265	0.339	0.345	0.335	0.265	0.294	0.312	0.367	0.272	0.338	0.301	2.062	0.389	0.215	0.171	-8934.293
379	8	500	487	0.5038	0.274	0.333	0.254	0.297	0.280	0.266	0.289	0.311	0.239	0.254	0.340	0.315	0.310	0.286	2.029	0.381	0.169	0.191	-8742.884
380	8	500	494	0.5132	0.241	0.305	0.310	0.279	0.312	0.234	0.324	0.284	0.368	0.307	0.313	0.285	0.261	0.344	1.993	0.414	0.229	0.187	-8955.757
381	8	500	494	0.5237	0.265	0.245	0.294	0.308	0.259	0.288	0.262	0.271	0.282	0.365	0.275	0.341	0.337	0.311	1.878	0.364	0.166	0.188	-8881.391
382	8	500	492	0.5268	0.255	0.244	0.335	0.316	0.365	0.382	0.286	0.308	0.284	0.314	0.268	0.307	0.287	0.294	1.957	0.347	0.167	0.186	-8981.911
383	8	500	489	0.5083	0.269	0.349	0.297	0.302	0.226	0.310	0.301	0.248	0.292	0.287	0.306	0.260	0.275	0.325	1.940	0.289	0.148	0.193	-8837.663
384	8	500	494	0.5150	0.283	0.298	0.314	0.276	0.318	0.354	0.277	0.320	0.303	0.305	0.317	0.294	0.281	0.314	1.741	0.349	0.224	0.177	-9138.225
385	8	500	494	0.5043	0.293	0.230	0.320	0.287	0.292	0.272	0.334	0.343	0.283	0.333	0.247	0.296	0.293	0.350	1.994	0.345	0.255	0.179	-8977.874
386	8	500	493	0.5076	0.344	0.313	0.354	0.310	0.309	0.281	0.300	0.295	0.225	0.332	0.323	0.374	0.304	0.277	2.073	0.332	0.189	0.170	-9100.593
387	8	500	490	0.5021	0.285	0.293	0.340	0.286	0.345	0.355	0.272	0.286	0.223	0.276	0.330	0.284	0.242	0.320	1.901	0.299	0.156	0.197	-8975.559
388	8	500	494	0.5252	0.278	0.313	0.273	0.332	0.313	0.331	0.334	0.258	0.340	0.293	0.298	0.404	0.342	0.331	1.946	0.374	0.184	0.196	-9206.268
389	8	500	492	0.5128	0.325	0.301	0.281	0.243	0.246	0.262	0.300	0.279	0.296	0.302	0.301	0.272	0.371	0.364	1.927	0.424	0.231	0.170	-8904.413
390	8	500	495	0.5201	0.307	0.286	0.261	0.333	0.345	0.280	0.238	0.271	0.267	0.341	0.316	0.297	0.295	0.246	2.049	0.535	0.224	0.228	-8868.655
391	8	500	487	0.5149	0.207	0.307	0.309	0.300	0.327	0.287	0.278	0.239	0.275	0.340	0.254	0.334	0.292	0.319	1.982	0.284	0.159	0.201	-8903.608
392	8	500	493	0.5127	0.259	0.209	0.299	0.281	0.378	0.321	0.301	0.312	0.254	0.296	0.285	0.308	0.275	0.310	2.039	0.387	0.227	0.180	-8863.638
393	8	500	493	0.4932	0.182	0.381	0.320	0.294	0.298	0.280	0.247	0.268	0.257	0.301	0.331	0.289	0.300	0.312	2.016	0.282	0.151	0.164	-8798.532
394	8	500	496	0.5082	0.237	0.352	0.255	0.334	0.291	0.268	0.248	0.194	0.300	0.344	0.278	0.311	0.321	0.349	1.986	0.457	0.219	0.170	-8819.063
395	8	500	494	0.4972	0.298	0.259	0.332	0.323	0.246	0.318	0.328	0.247	0.314	0.364	0.287	0.284	0.287	0.311	1.938	0.394	0.226	0.171	-9001.268
396	8	500	496	0.4936	0.248	0.313	0.278	0.354	0.317	0.297	0.335	0.320	0.319	0.323	0.305	0.295	0.338	0.324	2.046	0.383	0.232	0.200	-9186.223
397	8	500	496	0.5266	0.332	0.220	0.262	0.316	0.382	0.317	0.279	0.322	0.276	0.371	0.308	0.295	0.333	0.309	2.041	0.498	0.207	0.210	-9058.861
398	8	500	490	0.5121	0.280	0.237	0.287	0.287	0.274	0.304	0.292	0.275	0.349	0.326	0.278	0.297	0.324	0.325	1.970	0.349	0.167	0.223	-8954.774
399	8	500	493	0.5321	0.249	0.337	0.314	0.278	0.308	0.268	0.351	0.258	0.313	0.250	0.326	0.258	0.297	0.275	1.834	0.403	0.197	0.189	-8899.104
400	8	500	495	0.5223	0.234	0.300	0.293	0.281	0.331	0.263	0.246	0.292	0.308	0.307	0.264	0.295	0.299	0.267	1.895	0.385	0.212	0.199	-8870.186
401	8	500	492	0.5231	0.280	0.355	0.317	0.324	0.303	0.320	0.355	0.318	0.251	0.281	0.321	0.349	0.292	0.295	1.823	0.412	0.219	0.178	-9143.428
402	8	500	493	0.5090	0.323	0.228	0.315	0.292	0.334	0.270	0.308	0.306	0.270	0.323	0.345	0.297	0.275	0.349	1.949	0.299	0.136	0.207	-9056.940
403	8	500	492	0.5120	0.262	0.322	0.302	0.252	0.318	0.338	0.304	0.332	0.264	0.288	0.315	0.261	0.321	0.352	2.028	0.431	0.239	0.200	-9029.302
404	8	500	496	0.5283	0.252	0.349	0.306	0.316	0.274	0.385	0.336	0.319	0.337	0.347	0.313	0.342	0.309	0.325	1.980	0.386	0.241	0.179	-9293.433
405	8	500	492	0.5028	0.285	0.266	0.245	0.307	0.247	0.251	0.298	0.244	0.298	0.266	0.321	0.344	0.315	0.315	1.881	0.412	0.194	0.190	-8816.397
406	8	500	492	0.5222	0.320	0.359	0.308	0.232	0.238	0.318	0.308	0.348	0.249	0.277	0.255	0.316	0.234	0.289	1.913	0.417	0.265	0.191	-8806.961
407	8	500	489	0.5224	0.312	0.241	0.326	0.256	0.273	0.257	0.328	0.280	0.246	0.257	0.317	0.321	0.326	0.273	1.936	0.459	0.241	0.203	-8830.704
408	8	500	491	0.5129	0.201	0.350	0.242	0.312	0.286	0.320	0.291	0.255	0.250	0.289	0.322	0.268	0.273	0.327	1.810	0.312	0.165	0.210	-8891.422
409	8	500	486	0.5060	0.302	0.251	0.291	0.368	0.303	0.273	0.264	0.285	0.320	0.244	0.265	0.311	0.308	0.266	1.858	0.178	0.093	0.213	-8908.028
410	8	500	496	0.5089	0.255	0.327	0.310	0.317	0.227	0.261	0.268	0.296	0.296	0.279	0.301	0.337	0.259	0.385	1.827	0.368	0.167	0.191	-8900.481
411	8	500	489	0.5009	0.244	0.315	0.270	0.268	0.257	0.268	0.266	0.265	0.336	0.270	0.307	0.289	0.267	0.350	1.994	0.274	0.175	0.171	-8762.301
412	8	500	493	0.5140	0.322	0.318	0.342	0.283	0.312	0.294	0.325	0.321	0.231	0.347	0.328	0.298	0.275	0.330	1.877	0.319	0.219	0.145	-9031.673
413	8	500	496	0.4950	0.235	0.251	0.336	0.324	0.291	0.303	0.304	0.333	0.316	0.327	0.305	0.271	0.292	0.289	1.990	0.491	0.227	0.197	-8911.031
414	8	500	494	0.5040	0.202	0.312	0.296	0.310	0.258	0.287	0.262	0.263	0.367	0.292	0.308	0.230	0.286	0.270	1.911	0.234	0.091	0.224	-8798.326
415	8	500	498	0.5166	0.277	0.284	0.371	0.280	0.334	0.342	0.325	0.301	0.359	0.361	0.277	0.253	0.320	0.328	2.058	0.299	0.190	0.181	-9204.785
416	8	500	486	0.5160	0.251	0.276	0.283	0.371	0.339	0.303	0.318	0.291	0.327	0.284	0.324	0.285	0.268	0.282	1.971	0.359	0.280	0.150	-8992.935
417	8	500	496	0.5152	0.332	0.340	0.381	0.333	0.286	0.365	0.348	0.281	0.260	0.288	0.321	0.333	0.299	0.357	1.979	0.374	0.251	0.197	-9369.166
418	8	500	493	0.5261	0.261	0.323	0.251	0.270	0.270	0.299	0.269	0.265	0.239	0.279	0.293	0.294	0.350	0.268	1.843	0.404	0.198	0.204	-8779.656
419	8	500	492	0.5020	0.255	0.264	0.333	0.261	0.316	0.273	0.291	0.271	0.245	0.326	0.285	0.292	0.350	0.256	2.042	0.398	0.231	0.184	-8840.635
420	8	500	495	0.5322	0.211	0.322	0.303	0.304	0.282	0.310	0.251	0.270	0.331	0.363	0.321	0.357	0.242	0.305	2.070	0.401	0.230	0.217	-9031.558
421	8	500	492	0.5041	0.274	0.297	0.305	0.302	0.327	0.315	0.226	0.286	0.255	0.324	0.303	0.378	0.291	0.303	1.997	0.326	0.211	0.199	-9032.128
422	8	500	495	0.5016	0.307	0.296	0.305	0.304	0.243	0.342	0.287	0.310	0.308	0.331	0.302	0.234	0.247	0.339	1.934	0.431	0.251	0.210	-9008.501
423	8	500	494	0.5272	0.317	0.335	0.370	0.353	0.292	0.367	0.286	0.287	0.258	0.346	0.344	0.285	0.301	0.382	2.161	0.339	0.151	0.201	-9240.943
424	8	500	494	0.5089	0.314	0.265	0.293	0.251	0.293	0.300	0.260	0.286	0.305	0.330	0.248	0.183	0.300	0.299	1.947	0.453	0.190	0.205	-8703.673
425	8	500	498	0.4979	0.266	0.280	0.325	0.328	0.295	0.247	0.336	0.293	0.387	0.321	0.342	0.292	0.326	0.339	1.979	0.432	0.222	0.197	-9123.457
426	8	500	492	0.5233	0.284	0.275	0.343	0.320	0.253	0.281	0.266	0.273	0.326	0.292	0.261	0.376	0.274	0.280	1.908	0.246	0.139	0.181	-8953.929
427	8	500	493	0.5207	0.353	0.305	0.249	0.340	0.328	0.275	0.332	0.343	0.279	0.300	0.256	0.282	0.251	0.288	2.087	0.474	0.251	0.228	-8953.966
428	8	500	486	0.5096	0.282	0.294	0.265	0.322	0.318	0.311	0.248	0.322	0.225	0.303	0.284	0.328	0.283	0.246	1.973	0.510	0.257	0.204	-8778.325
429	8	500	495	0.5323	0.274	0.314	0.300	0.283	0.335	0.256	0.303	0.215	0.238	0.334	0.343	0.324	0.267	0.355	1.920	0.405	0.207	0.182	-8966.755
430	8	500	489	0.5019	0.258	0.428	0.322	0.322	0.297	0.290	0.368	0.288	0.307	0.259	0.306	0.256	0.279	0.306	1.876	0.340	0.222	0.179	-9068.900
431	8	500	487	0.5122	0.213	0.282	0.289	0.276	0.256	0.330	0.313	0.293	0.283	0.326	0.290	0.262	0.279	0.248	1.886	0.426	0.199	0.207	-8805.253
432	8	500	495	0.5163	0.292	0.353	0.270	0.298	0.239	0.337	0.345	0.284	0.342	0.317	0.305	0.403	0.331	0.305	2.151	0.474	0.216	0.206	-9107.536
433	8	500	493	0.5140	0.254	0.298	0.310	0.282	0.332	0.336	0.280	0.225	0.340	0.303	0.341	0.251	0.340	0.291	1.951	0.282	0.144	0.206	-9020.347
434	8	500	486	0.5138	0.246	0.291	0.315	0.280	0.289	0.267	0.340	0.249	0.310	0.314	0.320	0.262	0.325	0.255	2.173	0.495	0.319	0.198	-8893.720
435	8	500	490	0.5263	0.326	0.269	0.334	0.242	0.298	0.307	0.283	0.268	0.249	0.298	0.258	0.301	0.337	0.226	1.792	0.326	0.210	0.174	-8777.206
436	8	500	491	0.5073	0.248	0.265	0.327	0.315	0.232	0.338	0.303	0.296	0.297	0.326	0.346	0.316	0.302	0.333	1.966	0.442	0.258	0.180	-9053.653
437	8	500	495	0.5042	0.187	0.323	0.306	0.301	0.306	0.307	0.306	0.275	0.309	0.243	0.330	0.368	0.315	0.280	2.033	0.393	0.197	0.198	-8961.447
438	8	500	493	0.5016	0.270	0.279	0.260	0.340	0.308	0.342	0.284	0.291	0.368	0.223	0.354	0.368	0.275	0.327	1.884	0.204	0.103	0.201	-9088.344
439	8	500	486	0.5252	0.274	0.262	0.263	0.304	0.191	0.277	0.284	0.264	0.313	0.269	0.226	0.276	0.332	0.276	2.000	0.455	0.261	0.157	-8519.789
440	8	500	495	0.5079	0.282	0.319	0.352	0.239	0.275	0.265	0.302	0.316	0.293	0.189	0.382	0.340	0.292	0.327	2.070	0.417	0.161	0.222	-8898.622
441	8	500	493	0.5138	0.285	0.267	0.302	0.387	0.257	0.297	0.292	0.256	0.309	0.315	0.313	0.288	0.305	0.333	2.027	0.338	0.227	0.186	-9078.728
442	8	500	496	0.5100	0.253	0.289	0.303	0.268	0.344	0.340	0.246	0.319	0.327	0.285	0.300	0.352	0.299	0.321	2.057	0.349	0.178	0.193	-9004.435
443	8	500	493	0.5015	0.219	0.306	0.292	0.305	0.279	0.303	0.320	0.260	0.342	0.309	0.310	0.358	0.284	0.256	1.942	0.292	0.248	0.174	-9030.618
444	8	500	497	0.5200	0.238	0.203	0.371	0.265	0.337	0.353	0.270	0.237	0.295	0.337	0.357	0.322	0.322	0.328	1.836	0.325	0.152	0.220	-9190.238
445	8	500	488	0.5110	0.246	0.270	0.346	0.318	0.324	0.325	0.269	0.271	0.270	0.266	0.327	0.264	0.313	0.315	1.867	0.275	0.137	0.212	-9005.518
446	8	500	496	0.5132	0.281	0.258	0.295	0.281	0.319	0.308	0.264	0.254	0.338	0.290	0.342	0.307	0.303	0.254	1.973	0.345	0.157	0.206	-8929.474
447	8	500	491	0.5008	0.264	0.370	0.239	0.259	0.304	0.327	0.231	0.309	0.275	0.311	0.265	0.346	0.283	0.292	2.033	0.401	0.252	0.206	-8870.550
448	8	500	497	0.5027	0.324	0.277	0.330	0.262	0.314	0.281	0.287	0.327	0.309	0.360	0.261	0.307	0.347	0.296	1.883	0.395	0.238	0.201	-9073.122
449	8	500	491	0.5327	0.253	0.287	0.303	0.295	0.328	0.244	0.259	0.249	0.238	0.281	0.296	0.312	0.284	0.347	1.701	0.465	0.199	0.210	-8850.499
450	8	500	492	0.5052	0.369	0.279	0.320	0.311	0.313	0.305	0.270	0.279	0.245	0.280	0.269	0.273	0.350	0.278	1.924	0.399	0.215	0.169	-8896.784
451	8	500	493	0.5083	0.345	0.351	0.395	0.283	0.249	0.319	0.211	0.274	0.242	0.308	0.348	0.284	0.287	0.291	2.143	0.455	0.189	0.186	-8811.338
452	8	500	494	0.5052	0.297	0.309	0.363	0.235	0.290	0.239	0.320	0.286	0.358	0.341	0.313	0.330	0.308	0.224	1.835	0.423	0.184	0.202	-8965.400
453	8	500	487	0.5060	0.300	0.221	0.216	0.306	0.344	0.254	0.314	0.288	0.306	0.276	0.301	0.259	0.313	0.223	1.878	0.409	0.184	0.162	-8561.444
454	8	500	494	0.5235	0.301	0.284	0.314	0.306	0.313	0.361	0.269	0.291	0.335	0.287	0.281	0.264	0.288	0.295	1.937	0.397	0.184	0.183	-8951.454
455	8	500	495	0.5105	0.278	0.309	0.305	0.282	0.271	0.335	0.316	0.309	0.311	0.318	0.265	0.337	0.323	0.295	2.052	0.298	0.166	0.205	-9116.869
456	8	500	495	0.5291	0.344	0.302	0.282	0.340	0.292	0.316	0.291	0.275	0.301	0.356	0.357	0.272	0.355	0.302	2.126	0.407	0.192	0.197	-9159.307
457	8	500	492	0.5127	0.246	0.285	0.303	0.304	0.312	0.295	0.258	0.264	0.303	0.274	0.288	0.234	0.357	0.281	2.010	0.473	0.224	0.195	-8740.347
458	8	500	490	0.5048	0.218	0.289	0.315	0.261	0.219	0.318	0.203	0.278	0.274	0.302	0.308	0.301	0.285	0.298	1.995	0.362	0.139	0.204	-8675.557
459	8	500	494	0.5027	0.243	0.268	0.291	0.327	0.296	0.319	0.321	0.218	0.287	0.225	0.301	0.348	0.338	0.284	2.105	0.362	0.164	0.197	-8836.824
460	8	500	497	0.5105	0.261	0.298	0.254	0.321	0.268	0.323	0.280	0.296	0.273	0.276	0.291	0.318	0.335	0.345	2.022	0.432	0.223	0.219	-8959.947
461	8	500	495	0.5112	0.304	0.342	0.294	0.317	0.316	0.297	0.283	0.225	0.270	0.324	0.281	0.289	0.278	0.319	2.074	0.377	0.215	0.186	-8926.245
462	8	500	490	0.5122	0.252	0.296	0.272	0.355	0.277	0.286	0.268	0.286	0.295	0.266	0.306	0.240	0.339	0.313	1.981	0.229	0.109	0.203	-8945.522
463	8	500	492	0.5162	0.316	0.360	0.289	0.298	0.276	0.298	0.302	0.291	0.243	0.308	0.299	0.334	0.369	0.307	1.955	0.378	0.227	0.197	-9089.079
464	8	500	494	0.5091	0.259	0.244	0.340	0.239	0.282	0.296	0.337	0.269	0.290	0.338	0.285	0.290	0.298	0.361	2.008	0.474	0.209	0.201	-8945.368
465	8	500	496	0.5186	0.256	0.254	0.324	0.316	0.309	0.284	0.299	0.263	0.347	0.264	0.268	0.285	0.225	0.291	1.853	0.432	0.190	0.214	-8811.900
466	8	500	493	0.5223	0.259	0.325	0.315	0.261	0.297	0.310	0.219	0.329	0.271	0.359	0.318	0.319	0.315	0.322	1.872	0.348	0.229	0.198	-9068.372
467	8	500	491	0.5132	0.276	0.305	0.277	0.311	0.294	0.262	0.306	0.196	0.305	0.267	0.346	0.274	0.239	0.291	1.871	0.356	0.177	0.192	-8766.543
468	8	500	489	0.5121	0.167	0.354	0.307	0.281	0.268	0.335	0.308	0.257	0.244	0.303	0.262	0.330	0.306	0.280	2.008	0.354	0.148	0.189	-8740.907
469	8	500	494	0.5122	0.232	0.282	0.354	0.328	0.268	0.323	0.353	0.253	0.351	0.276	0.323	0.325	0.259	0.397	2.036	0.426	0.259	0.221	-9214.773
470	8	500	491	0.5086	0.269	0.284	0.286	0.333	0.254	0.278	0.292	0.244	0.272	0.262	0.298	0.302	0.279	0.305	2.033	0.217	0.137	0.176	-8825.199
471	8	500	495	0.5218	0.269	0.337	0.324	0.341	0.284	0.286	0.333	0.291	0.368	0.320	0.304	0.289	0.277	0.322	1.999	0.394	0.172	0.183	-9113.433
472	8	500	495	0.5028	0.264	0.344	0.341	0.330	0.318	0.264	0.388	0.259	0.295	0.371	0.365	0.342	0.320	0.343	1.996	0.351	0.181	0.175	-9292.486
473	8	500	496	0.4967	0.249	0.220	0.300	0.282	0.334	0.291	0.306	0.247	0.303	0.296	0.308	0.267	0.219	0.293	1.912	0.514	0.207	0.207	-8690.385
474	8	500	485	0.5102	0.272	0.264	0.258	0.332	0.271	0.359	0.275	0.332	0.353	0.346	0.255	0.304	0.288	0.291	1.915	0.419	0.201	0.189	-8921.713
475	8	500	495	0.5058	0.275	0.323	0.213	0.363	0.311	0.288	0.278	0.265	0.288	0.299	0.275	0.248	0.331	0.306	1.989	0.407	0.158	0.194	-8759.967
476	8	500	497	0.5274	0.241	0.295	0.334	0.281	0.320	0.291	0.337	0.283	0.280	0.325	0.280	0.274	0.241	0.341	1.891	0.414	0.196	0.201	-8974.903
477	8	500	500	0.5209	0.244	0.292	0.376	0.306	0.285	0.272	0.340	0.184	0.362	0.309	0.312	0.317	0.346	0.347	1.928	0.328	0.150	0.204	-9140.269
478	8	500	495	0.5030	0.302	0.285	0.333	0.285	0.331	0.327	0.312	0.297	0.257	0.330	0.294	0.238	0.395	0.272	2.259	0.272	0.152	0.193	-9055.100
479	8	500	492	0.5160	0.199	0.320	0.295	0.317	0.279	0.337	0.285	0.288	0.337	0.255	0.294	0.282	0.309	0.340	1.898	0.287	0.155	0.177	-8966.677
480	8	500	493	0.5190	0.306	0.266	0.371	0.286	0.311	0.251	0.331	0.289	0.350	0.323	0.256	0.295	0.317	0.270	1.969	0.399	0.238	0.199	-9053.193
481	8	500	495	0.5011	0.286	0.246	0.352	0.346	0.254	0.323	0.311	0.230	0.263	0.272	0.296	0.314	0.306	0.346	2.079	0.310	0.175	0.197	-8967.028
482	8	500	491	0.5331	0.242	0.321	0.298	0.360	0.295	0.325	0.307	0.251	0.318	0.284	0.301	0.290	0.258	0.347	1.885	0.352	0.148	0.190	-8992.696
483	8	500	493	0.5066	0.255	0.247	0.322	0.352	0.366	0.262	0.308	0.240	0.326	0.315	0.254	0.293	0.286	0.332	1.826	0.409	0.196	0.191	-8967.923
484	8	500	496	0.5076	0.286	0.319	0.294	0.245	0.293	0.322	0.351	0.263	0.363	0.244	0.348	0.277	0.326	0.318	1.871	0.509	0.216	0.195	-8980.618
485	8	500	496	0.5294	0.299	0.337	0.347	0.263	0.297	0.284	0.313	0.273	0.295	0.336	0.309	0.315	0.247	0.291	2.072	0.380	0.205	0.181	-8927.086
486	8	500	496	0.5034	0.300	0.330	0.310	0.310	0.271	0.315	0.305	0.276	0.292	0.353	0.327	0.323	0.294	0.347	2.011	0.448	0.284	0.185	-9126.962
487	8	500	489	0.5222	0.260	0.223	0.245	0.291	0.289	0.309	0.335	0.353	0.349	0.331	0.308	0.255	0.314	0.299	1.844	0.397	0.167	0.187	-8923.525
488	8	500	491	0.5051	0.284	0.344	0.323	0.253	0.284	0.284	0.306	0.257	0.336	0.298	0.372	0.175	0.319	0.288	1.811	0.421	0.191	0.181	-8870.626
489	8	500	492	0.5038	0.263	0.319	0.229	0.289	0.258	0.266	0.296	0.296	0.280	0.267	0.300	0.257	0.340	0.266	2.110	0.267	0.089	0.222	-8707.950
490	8	500	497	0.5012	0.216	0.360	0.262	0.339	0.275	0.287	0.373	0.245	0.311	0.299	0.294	0.322	0.342	0.251	1.922	0.248	0.180	0.207	-9168.847
491	8	500	493	0.5052	0.330	0.345	0.290	0.296	0.327	0.302	0.323	0.280	0.260	0.278	0.245	0.337	0.258	0.331	2.039	0.442	0.233	0.196	-8913.192
492	8	500	497	0.5150	0.335	0.333	0.269	0.365	0.293	0.343	0.294	0.259	0.327	0.348	0.277	0.317	0.295	0.276	1.980	0.432	0.276	0.201	-9209.556
493	8	500	491	0.5028	0.283	0.250	0.270	0.299	0.351	0.297	0.294	0.298	0.349	0.278	0.354	0.257	0.301	0.325	1.830	0.335	0.180	0.197	-9031.852
494	8	500	497	0.5083	0.200	0.313	0.278	0.281	0.286	0.308	0.270	0.260	0.327	0.295	0.306	0.283	0.266	0.234	1.923	0.337	0.142	0.186	-8660.283
495	8	500	492	0.5185	0.225	0.330	0.262	0.270	0.328	0.295	0.306	0.273	0.317	0.255	0.328	0.315	0.331	0.317	2.067	0.400	0.244	0.175	-8939.452
496	8	500	495	0.5073	0.231	0.329	0.231	0.331	0.315	0.305	0.268	0.224	0.335	0.300	0.229	0.290	0.322	0.248	1.876	0.279	0.132	0.189	-8773.308
497	8	500	496	0.5239	0.291	0.300	0.311	0.325	0.302	0.287	0.335	0.275	0.309	0.272	0.300	0.342	0.327	0.293	2.013	0.285	0.178	0.162	-9058.172
498	8	500	496	0.4995	0.252	0.349	0.272	0.288	0.242	0.279	0.248	0.270	0.381	0.337	0.246	0.327	0.298	0.312	1.876	0.416	0.203	0.185	-8835.024
499	8	500	494	0.5083	0.230	0.284	0.308	0.306	0.296	0.296	0.245	0.237	0.361	0.302	0.296	0.274	0.243	0.295	1.807	0.263	0.145	0.203	-8881.034
500	8	500	494	0.5194	0.258	0.251	0.329	0.288	0.272	0.312	0.322	0.331	0.238	0.305	0.305	0.221	0.321	0.288	2.122	0.403	0.188	0.187	-8782.130
501	8	500	495	0.5207	0.269	0.265	0.299	0.380	0.275	0.295	0.264	0.257	0.305	0.284	0.258	0.320	0.320	0.284	2.177	0.310	0.172	0.176	-8851.142
502	8	500	496	0.5138	0.275	0.337	0.315	0.335	0.268	0.227	0.279	0.267	0.316	0.259	0.302	0.254	0.329	0.275	1.910	0.427	0.196	0.213	-8857.393
503	8	500	495	0.5098	0.238	0.344	0.336	0.264	0.302	0.295	0.297	0.289	0.342	0.263	0.287	0.348	0.260	0.348	1.945	0.363	0.169	0.218	-9001.300
504	8	500	490	0.5123	0.250	0.312	0.304	0.299	0.257	0.319	0.326	0.254	0.361	0.252	0.253	0.262	0.302	0.238	1.936	0.491	0.192	0.194	-8729.222
505	8	500	498	0.5218	0.283	0.285	0.328	0.273	0.267	0.304	0.238	0.304	0.296	0.315	0.269	0.300	0.255	0.314	1.897	0.401	0.231	0.201	-8879.188
506	8	500	497	0.4991	0.320	0.261	0.283	0.287	0.276	0.315	0.287	0.300	0.318	0.270	0.316	0.296	0.312	0.248	1.949	0.426	0.231	0.180	-8843.659
507	8	500	497	0.5220	0.315	0.328	0.309	0.301	0.263	0.337	0.291	0.286	0.279	0.324	0.295	0.293	0.386	0.280	1.894	0.360	0.194	0.191	-9089.396
508	8	500	491	0.5098	0.292	0.341	0.236	0.330	0.266	0.331	0.304	0.260	0.427	0.328	0.262	0.318	0.333	0.273	2.089	0.350	0.176	0.172	-8943.356
509	8	500	492	0.5304	0.300	0.316	0.318	0.388	0.312	0.301	0.332	0.264	0.280	0.294	0.318	0.300	0.342	0.317	2.148	0.257	0.120	0.166	-9048.714
510	8	500	497	0.5079	0.245	0.289	0.316	0.305	0.271	0.286	0.294	0.270	0.300	0.281	0.330	0.289	0.278	0.323	1.831	0.294	0.168	0.199	-8971.147
511	8	500	496	0.5077	0.251	0.396	0.333	0.299	0.325	0.326	0.311	0.275	0.329	0.310	0.280	0.246	0.284	0.289	1.899	0.369	0.157	0.221	-9061.788
512	8	500	493	0.5212	0.230	0.401	0.305	0.291	0.299	0.295	0.217	0.215	0.318	0.285	0.344	0.292	0.299	0.283	2.005	0.264	0.109	0.229	-8951.653
513	8	500	495	0.5162	0.246	0.245	0.304	0.342	0.317	0.255	0.280	0.261	0.290	0.286	0.273	0.332	0.321	0.305	1.975	0.430	0.234	0.219	-8934.696
514	8	500	493	0.4938	0.200	0.394	0.295	0.322	0.336	0.332	0.315	0.226	0.303	0.316	0.320	0.352	0.307	0.325	1.919	0.381	0.221	0.169	-9104.153
515	8	500	495	0.5016	0.272	0.257	0.269	0.306	0.381	0.304	0.317	0.318	0.302	0.334	0.328	0.304	0.289	0.304	1.995	0.423	0.208	0.195	-8999.125
516	8	500	495	0.5164	0.302	0.315	0.268	0.259	0.323	0.322	0.304	0.276	0.297	0.283	0.299	0.261	0.282	0.318	1.853	0.192	0.109	0.187	-8922.150
517	8	500	496	0.5089	0.329	0.355	0.237	0.337	0.312	0.247	0.372	0.263	0.336	0.329	0.254	0.274	0.319	0.321	2.033	0.285	0.157	0.190	-9078.241
518	8	500	497	0.5092	0.309	0.301	0.226	0.345	0.315	0.300	0.293	0.217	0.229	0.347	0.329	0.275	0.292	0.306	2.115	0.355	0.189	0.242	-8982.253
519	8	500	492	0.5242	0.246	0.279	0.255	0.313	0.269	0.293	0.304	0.298	0.268	0.325	0.226	0.294	0.363	0.288	2.024	0.390	0.178	0.192	-8792.734
520	8	500	497	0.5018	0.272	0.339	0.318	0.301	0.311	0.360	0.297	0.260	0.302	0.331	0.279	0.249	0.344	0.286	2.013	0.463	0.204	0.221	-9031.533
521	8	500	496	0.5170	0.260	0.249	0.343	0.294	0.360	0.340	0.337	0.269	0.319	0.289	0.288	0.319	0.263	0.301	2.066	0.404	0.215	0.177	-8965.145
522	8	500	495	0.5363	0.231	0.330	0.293	0.323	0.311	0.282	0.299	0.181	0.274	0.285	0.294	0.324	0.284	0.306	2.024	0.291	0.220	0.173	-8937.214
523	8	500	489	0.5261	0.297	0.316	0.320	0.331	0.314	0.286	0.284	0.281	0.284	0.298	0.244	0.317	0.306	0.248	2.014	0.356	0.195	0.189	-8927.886
524	8	500	489	0.5251	0.255	0.272	0.308	0.306	0.282	0.266	0.300	0.276	0.367	0.339	0.217	0.292	0.242	0.304	1.938	0.451	0.297	0.188	-8858.833
525	8	500	497	0.5308	0.294	0.353	0.246	0.275	0.263	0.327	0.342	0.271	0.248	0.300	0.290	0.332	0.285	0.303	2.082	0.286	0.160	0.165	-8895.204
526	8	500	493	0.5184	0.273	0.205	0.322	0.285	0.329	0.328	0.295	0.226	0.300	0.342	0.227	0.318	0.307	0.304	1.913	0.343	0.204	0.194	-8943.984
527	8	500	491	0.5093	0.308	0.263	0.349	0.326	0.337	0.293	0.326	0.285	0.312	0.335	0.245	0.209	0.299	0.296	1.993	0.297	0.149	0.191	-8970.398
528	8	500	494	0.5174	0.316	0.298	0.263	0.309	0.245	0.308	0.300	0.279	0.253	0.258	0.338	0.364	0.258	0.318	1.987	0.369	0.208	0.193	-8933.418
529	8	500	496	0.5057	0.284	0.282	0.298	0.319	0.359	0.330	0.310	0.293	0.271	0.219	0.375	0.335	0.355	0.288	2.060	0.388	0.191	0.206	-9078.195
530	8	500	494	0.5089	0.284	0.316	0.271	0.375	0.310	0.288	0.373	0.257	0.252	0.318	0.260	0.281	0.318	0.290	2.196	0.412	0.254	0.166	-8923.954
531	8	500	493	0.5112	0.253	0.264	0.280	0.310	0.340	0.350	0.289	0.278	0.289	0.349	0.307	0.302	0.257	0.318	2.080	0.407	0.228	0.191	-9002.419
532	8	500	490	0.5103	0.276	0.276	0.272	0.276	0.348	0.273	0.265	0.297	0.264	0.260	0.313	0.260	0.303	0.348	1.872	0.385	0.187	0.168	-8742.708
533	8	500	495	0.5078	0.276	0.350	0.333	0.309	0.269	0.295	0.325	0.262	0.270	0.284	0.261	0.330	0.300	0.335	2.154	0.327	0.162	0.191	-8973.802
534	8	500	495	0.5214	0.281	0.338	0.268	0.349	0.349	0.296	0.295	0.245	0.293	0.336	0.295	0.311	0.317	0.317	2.032	0.267	0.148	0.157	-8990.586
535	8	500	493	0.5083	0.309	0.322	0.298	0.338	0.324	0.307	0.376	0.290	0.319	0.310	0.286	0.294	0.277	0.271	1.916	0.386	0.248	0.181	-9091.375
536	8	500	493	0.5062	0.268	0.261	0.331	0.286	0.322	0.284	0.285	0.238	0.322	0.301	0.300	0.342	0.301	0.317	1.752	0.400	0.163	0.205	-8950.271
537	8	500	490	0.5111	0.231	0.280	0.315	0.260	0.255	0.315	0.293	0.296	0.263	0.214	0.364	0.281	0.339	0.259	2.122	0.395	0.192	0.207	-8735.754
538	8	500	499	0.5102	0.279	0.313	0.297	0.385	0.312	0.321	0.327	0.354	0.367	0.237	0.311	0.338	0.283	0.370	1.917	0.522	0.282	0.208	-9260.580
539	8	500	494	0.5182	0.355	0.312	0.345	0.290	0.279	0.324	0.332	0.269	0.348	0.269	0.350	0.226	0.272	0.262	2.156	0.359	0.200	0.187	-8956.646
540	8	500	493	0.5278	0.274	0.307	0.318	0.255	0.320	0.290	0.315	0.236	0.317	0.292	0.383	0.322	0.292	0.301	2.083	0.443	0.256	0.182	-8959.917
541	8	500	493	0.5082	0.307	0.317	0.315	0.302	0.309	0.273	0.305	0.290	0.309	0.329	0.274	0.321	0.250	0.270	2.162	0.402	0.209	0.202	-8894.484
542	8	500	495	0.5019	0.335	0.263	0.281	0.337	0.302	0.276	0.273	0.289	0.343	0.294	0.308	0.329	0.318	0.292	1.945	0.295	0.167	0.176	-9001.136
543	8	500	498	0.5041	0.302	0.357	0.347	0.284	0.309	0.304	0.321	0.235	0.326	0.278	0.332	0.302	0.302	0.310	2.010	0.330	0.167	0.211	-9139.659
544	8	500	485	0.5026	0.271	0.249	0.342	0.257	0.348	0.268	0.285	0.225	0.292	0.302	0.267	0.277	0.268	0.264	1.885	0.465	0.155	0.204	-8618.457
545	8	500	492	0.5087	0.310	0.410	0.262	0.347	0.277	0.251	0.298	0.311	0.391	0.277	0.288	0.296	0.224	0.310	1.971	0.341	0.153	0.185	-8908.685
546	8	500	486	0.5237	0.297	0.283	0.264	0.280	0.308	0.273	0.291	0.283	0.290	0.377	0.262	0.308	0.240	0.270	1.914	0.400	0.198	0.193	-8770.387
547	8	500	496	0.5380	0.256	0.344	0.271	0.332	0.315	0.346	0.265	0.250	0.318	0.263	0.341	0.267	0.255	0.343	1.789	0.305	0.143	0.203	-9056.209
548	8	500	491	0.5255	0.264	0.258	0.277	0.351	0.349	0.281	0.313	0.240	0.365	0.312	0.264	0.269	0.257	0.290	1.978	0.460	0.160	0.204	-8825.518
549	8	500	497	0.5019	0.265	0.257	0.329	0.301	0.280	0.330	0.296	0.263	0.301	0.358	0.315	0.324	0.285	0.356	1.874	0.501	0.196	0.232	-9079.518
550	8	500	492	0.5005	0.281	0.249	0.323	0.288	0.353	0.352	0.320	0.310	0.307	0.274	0.285	0.310	0.295	0.345	1.970	0.292	0.213	0.181	-9140.625
551	8	500	497	0.5359	0.243	0.292	0.263	0.343	0.218	0.309	0.284	0.266	0.246	0.292	0.350	0.284	0.306	0.291	2.020	0.400	0.131	0.215	-8812.558
552	8	500	491	0.4919	0.290	0.296	0.279	0.327	0.292	0.292	0.304	0.197	0.232	0.302	0.301	0.311	0.325	0.304	1.837	0.273	0.163	0.195	-8961.126
553	8	500	495	0.5219	0.274	0.321	0.299	0.307	0.305	0.300	0.261	0.329	0.269	0.297	0.248	0.294	0.341	0.307	2.103	0.460	0.242	0.194	-8898.071
554	8	500	496	0.5247	0.282	0.381	0.290	0.337	0.249	0.272	0.295	0.249	0.298	0.334	0.283	0.304	0.333	0.259	2.027	0.305	0.248	0.161	-9016.485
555	8	500	490	0.5175	0.334	0.245	0.316	0.232	0.333	0.293	0.289	0.295	0.310	0.278	0.270	0.267	0.297	0.309	2.071	0.378	0.219	0.194	-8817.944
556	8	500	490	0.5164	0.263	0.273	0.310	0.309	0.315	0.331	0.331	0.245	0.279	0.276	0.261	0.293	0.327	0.300	2.078	0.359	0.233	0.169	-8929.240
557	8	500	497	0.5150	0.265	0.402	0.294	0.253	0.244	0.307	0.305	0.296	0.259	0.275	0.295	0.282	0.279	0.293	2.040	0.382	0.165	0.223	-8860.186
558	8	500	494	0.5125	0.253	0.253	0.340	0.280	0.369	0.386	0.274	0.306	0.307	0.382	0.333	0.363	0.276	0.320	1.979	0.301	0.136	0.182	-9167.634
559	8	500	495	0.5205	0.289	0.384	0.318	0.301	0.296	0.229	0.354	0.245	0.331	0.280	0.352	0.306	0.295	0.332	1.933	0.394	0.279	0.178	-9105.741
560	8	500	495	0.5167	0.289	0.322	0.291	0.247	0.315	0.296	0.302	0.280	0.279	0.293	0.280	0.260	0.317	0.259	2.089	0.240	0.115	0.178	-8775.454
561	8	500	491	0.5187	0.204	0.294	0.297	0.289	0.276	0.273	0.317	0.263	0.273	0.251	0.302	0.288	0.292	0.235	2.011	0.224	0.108	0.163	-8612.419
562	8	500	493	0.5302	0.309	0.296	0.319	0.324	0.303	0.300	0.266	0.263	0.288	0.305	0.274	0.296	0.299	0.389	2.112	0.457	0.223	0.214	-9046.437
563	8	500	492	0.5247	0.253	0.365	0.333	0.300	0.275	0.291	0.328	0.166	0.321	0.247	0.293	0.301	0.279	0.274	1.871	0.322	0.182	0.209	-8913.388
564	8	500	495	0.5174	0.281	0.302	0.290	0.277	0.308	0.328	0.260	0.281	0.221	0.276	0.324	0.351	0.276	0.293	1.828	0.421	0.189	0.214	-8917.067
565	8	500	495	0.5302	0.288	0.386	0.308	0.371	0.208	0.307	0.282	0.267	0.303	0.315	0.322	0.301	0.318	0.282	2.178	0.534	0.267	0.188	-8964.479
566	8	500	489	0.5322	0.290	0.307	0.291	0.244	0.297	0.292	0.327	0.268	0.257	0.328	0.269	0.280	0.320	0.279	1.988	0.330	0.147	0.200	-8846.509
567	8	500	490	0.5122	0.299	0.348	0.309	0.281	0.369	0.265	0.313	0.238	0.322	0.304	0.233	0.328	0.320	0.345	1.952	0.302	0.156	0.196	-9008.741
568	8	500	492	0.5232	0.252	0.364	0.272	0.278	0.283	0.284	0.320	0.301	0.354	0.352	0.273	0.293	0.242	0.340	1.993	0.315	0.169	0.189	-8975.829
569	8	500	496	0.4898	0.261	0.229	0.336	0.289	0.378	0.334	0.355	0.281	0.275	0.298	0.310	0.285	0.219	0.351	2.035	0.292	0.167	0.198	-8984.458
570	8	500	492	0.5038	0.272	0.248	0.315	0.311	0.299	0.355	0.322	0.259	0.310	0.304	0.319	0.314	0.362	0.300	1.788	0.306	0.153	0.193	-9140.812
571	8	500	494	0.5248	0.303	0.289	0.293	0.243	0.297	0.319	0.283	0.267	0.176	0.288	0.279	0.402	0.272	0.303	1.953	0.416	0.154	0.176	-8721.189
572	8	500	495	0.5178	0.227	0.289	0.299	0.287	0.289	0.312	0.296	0.279	0.312	0.336	0.278	0.257	0.300	0.317	1.829	0.369	0.134	0.207	-8877.328
573	8	500	494	0.5069	0.186	0.346	0.321	0.339	0.280	0.302	0.299	0.242	0.229	0.305	0.271	0.329	0.312	0.348	1.749	0.204	0.087	0.230	-9026.277
574	8	500	491	0.5149	0.282	0.265	0.219	0.312	0.299	0.259	0.301	0.250	0.247	0.238	0.262	0.341	0.279	0.253	2.115	0.381	0.172	0.194	-8549.314
575	8	500	494	0.5121	0.253	0.309	0.265	0.335	0.307	0.390	0.275	0.276	0.296	0.333	0.273	0.319	0.339	0.275	1.829	0.442	0.265	0.185	-9056.214
576	8	500	489	0.4975	0.267	0.346	0.323	0.253	0.310	0.267	0.302	0.249	0.325	0.285	0.291	0.274	0.301	0.277	1.984	0.275	0.150	0.206	-8875.973
577	8	500	496	0.5164	0.269	0.326	0.253	0.260	0.296	0.373	0.285	0.331	0.325	0.356	0.318	0.316	0.324	0.339	1.999	0.261	0.112	0.203	-9119.734
578	8	500	496	0.5163	0.243	0.322	0.330	0.253	0.310	0.302	0.267	0.248	0.305	0.302	0.325	0.288	0.276	0.320	1.939	0.398	0.234	0.216	-8992.523
579	8	500	494	0.5313	0.313	0.370	0.262	0.246	0.282	0.313	0.348	0.240	0.260	0.302	0.383	0.283	0.270	0.290	1.981	0.233	0.138	0.209	-9039.697
580	8	500	495	0.5001	0.292	0.332	0.298	0.267	0.244	0.248	0.278	0.316	0.290	0.333	0.240	0.314	0.278	0.282	1.788	0.390	0.161	0.205	-8820.405
581	8	500	492	0.4903	0.253	0.297	0.332	0.268	0.259	0.279	0.255	0.320	0.317	0.265	0.239	0.273	0.280	0.306	1.854	0.319	0.142	0.192	-8688.286
582	8	500	489	0.5003	0.286	0.302	0.317	0.294	0.326	0.283	0.348	0.257	0.258	0.304	0.275	0.268	0.254	0.311	1.883	0.395	0.185	0.206	-8883.879
583	8	500	496	0.5238	0.230	0.260	0.405	0.330	0.364	0.342	0.276	0.269	0.274	0.288	0.290	0.349	0.309	0.288	2.028	0.360	0.208	0.182	-9060.506
584	8	500	495	0.4994	0.252	0.230	0.303	0.331	0.315	0.338	0.320	0.260	0.339	0.269	0.360	0.284	0.315	0.272	2.188	0.373	0.176	0.182	-8883.089
585	8	500	495	0.5285	0.234	0.273	0.266	0.338	0.304	0.302	0.273	0.282	0.275	0.245	0.352	0.228	0.331	0.338	2.036	0.387	0.168	0.202	-8869.422
586	8	500	497	0.5269	0.268	0.246	0.275	0.313	0.355	0.250	0.288	0.289	0.283	0.329	0.292	0.257	0.364	0.294	2.051	0.464	0.220	0.213	-8864.205
587	8	500	493	0.5152	0.302	0.290	0.327	0.207	0.316	0.342	0.298	0.289	0.313	0.293	0.296	0.271	0.300	0.242	2.055	0.435	0.269	0.183	-8912.276
588	8	500	497	0.5023	0.280	0.305	0.282	0.329	0.304	0.348	0.290	0.287	0.327	0.349	0.321	0.297	0.310	0.323	1.967	0.429	0.224	0.204	-9201.682
589	8	500	493	0.5103	0.290	0.282	0.245	0.310	0.340	0.294	0.291	0.258	0.322	0.313	0.301	0.310	0.333	0.374	2.068	0.512	0.219	0.223	-9027.900
590	8	500	494	0.5022	0.259	0.279	0.297	0.338	0.356	0.299	0.310	0.249	0.294	0.288	0.281	0.320	0.301	0.278	1.984	0.361	0.141	0.198	-8881.425
591	8	500	492	0.5134	0.278	0.344	0.318	0.307	0.275	0.292	0.330	0.277	0.365	0.310	0.248	0.308	0.323	0.289	2.105	0.445	0.274	0.177	-9036.012
592	8	500	496	0.5147	0.265	0.326	0.307	0.299	0.323	0.350	0.259	0.254	0.302	0.301	0.312	0.342	0.281	0.315	2.027	0.216	0.100	0.195	-9015.531
593	8	500	495	0.4993	0.270	0.322	0.230	0.300	0.312	0.266	0.338	0.246	0.291	0.322	0.316	0.298	0.323	0.287	2.060	0.310	0.131	0.210	-8935.238
594	8	500	492	0.5097	0.194	0.355	0.271	0.317	0.290	0.289	0.326	0.269	0.347	0.248	0.365	0.302	0.252	0.363	1.898	0.442	0.233	0.207	-9001.595
595	8	500	490	0.5177	0.301	0.241	0.273	0.322	0.234	0.327	0.271	0.335	0.257	0.322	0.298	0.400	0.251	0.276	2.053	0.345	0.161	0.181	-8793.407
596	8	500	494	0.5159	0.303	0.264	0.326	0.310	0.331	0.267	0.311	0.327	0.303	0.255	0.240	0.223	0.305	0.307	2.274	0.333	0.204	0.164	-8779.270
597	8	500	490	0.5123	0.298	0.299	0.304	0.292	0.352	0.253	0.384	0.301	0.291	0.338	0.300	0.299	0.336	0.283	1.937	0.425	0.258	0.192	-9143.990
598	8	500	493	0.5114	0.263	0.300	0.355	0.284	0.283	0.279	0.292	0.281	0.309	0.258	0.350	0.244	0.328	0.372	1.910	0.497	0.221	0.190	-8934.189
599	8	500	490	0.5108	0.252	0.217	0.296	0.288	0.338	0.291	0.303	0.318	0.218	0.327	0.252	0.294	0.276	0.306	2.003	0.451	0.275	0.198	-8846.808
600	8	500	493	0.5262	0.293	0.325	0.288	0.326	0.338	0.285	0.334	0.231	0.286	0.282	0.278	0.241	0.314	0.289	2.046	0.264	0.177	0.163	-8917.024
601	8	500	495	0.5270	0.190	0.306	0.293	0.328	0.348	0.332	0.344	0.239	0.292	0.303	0.311	0.349	0.340	0.249	1.952	0.277	0.176	0.169	-9115.990
602	8	500	493	0.5110	0.288	0.282	0.302	0.315	0.296	0.326	0.370	0.241	0.248	0.352	0.309	0.297	0.328	0.345	2.117	0.397	0.199	0.203	-9098.841
603	8	500	493	0.5296	0.330	0.291	0.328	0.275	0.274	0.306	0.354	0.315	0.335	0.292	0.300	0.247	0.273	0.271	1.983	0.440	0.264	0.169	-8946.922
604	8	500	495	0.5217	0.285	0.216	0.281	0.277	0.279	0.312	0.252	0.296	0.251	0.326	0.359	0.261	0.312	0.271	1.959	0.310	0.117	0.201	-8730.576
605	8	500	496	0.5212	0.240	0.334	0.324	0.289	0.429	0.291	0.237	0.250	0.301	0.307	0.348	0.325	0.316	0.314	2.054	0.327	0.169	0.173	-9030.104
606	8	500	495	0.5141	0.254	0.283	0.276	0.278	0.240	0.278	0.307	0.302	0.303	0.325	0.308	0.345	0.306	0.323	2.025	0.404	0.183	0.212	-8954.763
607	8	500	496	0.4952	0.256	0.325	0.266	0.390	0.318	0.370	0.327	0.270	0.377	0.361	0.312	0.335	0.324	0.280	1.950	0.465	0.267	0.197	-9284.485
608	8	500	494	0.5203	0.247	0.309	0.295	0.299	0.312	0.300	0.296	0.248	0.318	0.372	0.285	0.298	0.305	0.330	1.956	0.494	0.192	0.225	-9058.490
609	8	500	494	0.5006	0.260	0.300	0.273	0.332	0.283	0.290	0.291	0.286	0.233	0.312	0.285	0.430	0.313	0.309	2.164	0.376	0.198	0.196	-8927.256
610	8	500	494	0.5153	0.254	0.199	0.273	0.362	0.357	0.248	0.296	0.345	0.286	0.297	0.262	0.365	0.242	0.292	1.845	0.447	0.187	0.206	-8825.577
611	8	500	492	0.5117	0.256	0.353	0.355	0.361	0.239	0.318	0.357	0.323	0.266	0.330	0.276	0.344	0.361	0.318	2.200	0.278	0.183	0.177	-9211.013
612	8	500	494	0.5009	0.269	0.357	0.326	0.302	0.248	0.248	0.262	0.268	0.317	0.303	0.255	0.331	0.238	0.312	1.883	0.429	0.247	0.214	-8880.236
613	8	500	495	0.4939	0.264	0.269	0.341	0.300	0.280	0.259	0.275	0.272	0.273	0.272	0.321	0.201	0.239	0.317	1.979	0.333	0.193	0.190	-8674.913
614	8	500	491	0.5082	0.217	0.324	0.264	0.315	0.269	0.292	0.255	0.280	0.255	0.282	0.273	0.325	0.350	0.281	2.148	0.352	0.149	0.218	-8807.009
615	8	500	494	0.4881	0.256	0.326	0.278	0.312	0.306	0.281	0.294	0.310	0.286	0.312	0.302	0.331	0.303	0.307	1.962	0.352	0.168	0.215	-9064.235
616	8	500	492	0.5036	0.227	0.248	0.301	0.302	0.317	0.344	0.344	0.236	0.334	0.289	0.349	0.314	0.279	0.241	2.139	0.373	0.204	0.167	-8872.904
617	8	500	495	0.5150	0.359	0.242	0.288	0.248	0.297	0.307	0.308	0.293	0.273	0.295	0.266	0.322	0.257	0.272	2.125	0.351	0.210	0.154	-8731.159
618	8	500	488	0.5130	0.302	0.291	0.290	0.231	0.352	0.277	0.313	0.246	0.301	0.280	0.274	0.290	0.297	0.303	1.886	0.346	0.164	0.190	-8825.692
619	8	500	490	0.4962	0.346	0.211	0.299	0.308	0.379	0.320	0.315	0.331	0.301	0.240	0.339	0.331	0.258	0.382	1.995	0.409	0.174	0.187	-8958.445
620	8	500	492	0.5201	0.284	0.312	0.286	0.250	0.279	0.304	0.253	0.225	0.247	0.311	0.362	0.339	0.382	0.341	2.106	0.312	0.129	0.216	-8960.655
621	8	500	493	0.5051	0.284	0.354	0.263	0.260	0.217	0.336	0.270	0.233	0.252	0.318	0.313	0.279	0.239	0.265	1.912	0.465	0.166	0.173	-8569.124
622	8	500	492	0.5333	0.296	0.279	0.298	0.308	0.298	0.319	0.268	0.289	0.263	0.370	0.309	0.297	0.319	0.281	1.973	0.426	0.286	0.177	-9045.306
623	8	500	497	0.5229	0.266	0.346	0.327	0.269	0.329	0.326	0.265	0.303	0.323	0.369	0.324	0.350	0.319	0.373	1.964	0.375	0.229	0.219	-9306.299
624	8	500	497	0.5194	0.263	0.294	0.269	0.270	0.299	0.249	0.338	0.274	0.278	0.271	0.318	0.329	0.322	0.318	2.070	0.273	0.112	0.227	-8935.000
625	8	500	496	0.5216	0.304	0.269	0.288	0.320	0.301	0.306	0.325	0.278	0.297	0.260	0.264	0.314	0.359	0.304	1.930	0.338	0.167	0.212	-8990.021
626	8	500	493	0.5136	0.266	0.250	0.302	0.201	0.297	0.314	0.335	0.208	0.340	0.357	0.268	0.305	0.321	0.286	2.091	0.339	0.175	0.184	-8814.016
627	8	500	491	0.5083	0.233	0.302	0.302	0.305	0.291	0.275	0.278	0.297	0.336	0.259	0.300	0.325	0.296	0.285	2.132	0.315	0.187	0.155	-8803.698
628	8	500	496	0.5158	0.253	0.286	0.321	0.248	0.261	0.279	0.299	0.298	0.350	0.297	0.319	0.292	0.283	0.272	1.838	0.456	0.181	0.208	-8882.843
629	8	500	494	0.4953	0.241	0.300	0.269	0.338	0.297	0.336	0.329	0.299	0.340	0.224	0.351	0.286	0.312	0.343	2.118	0.288	0.186	0.178	-9077.652
630	8	500	495	0.5227	0.235	0.348	0.246	0.310	0.236	0.338	0.295	0.291	0.258	0.255	0.337	0.354	0.289	0.315	1.948	0.264	0.124	0.182	-8901.137
631	8	500	496	0.5052	0.177	0.283	0.287	0.317	0.284	0.287	0.316	0.201	0.265	0.289	0.274	0.370	0.300	0.294	1.954	0.447	0.175	0.233	-8830.677
632	8	500	493	0.5046	0.271	0.329	0.232	0.273	0.344	0.277	0.295	0.350	0.266	0.297	0.303	0.303	0.328	0.297	1.876	0.317	0.155	0.185	-8902.558
633	8	500	493	0.5017	0.265	0.335	0.244	0.313	0.320	0.295	0.311	0.249	0.312	0.302	0.328	0.277	0.277	0.291	1.832	0.348	0.172	0.206	-8954.645
634	8	500	490	0.5153	0.241	0.278	0.335	0.297	0.286	0.287	0.349	0.246	0.311	0.327	0.321	0.239	0.330	0.304	2.006	0.252	0.124	0.182	-8969.111
635	8	500	495	0.5018	0.299	0.339	0.268	0.241	0.248	0.317	0.381	0.259	0.294	0.357	0.271	0.305	0.314	0.308	2.036	0.525	0.241	0.176	-8827.038
636	8	500	498	0.5106	0.292	0.366	0.309	0.367	0.313	0.351	0.302	0.347	0.243	0.288	0.319	0.285	0.290	0.303	2.060	0.420	0.210	0.208	-9106.049
637	8	500	498	0.5105	0.314	0.276	0.313	0.264	0.295	0.236	0.358	0.253	0.358	0.282	0.284	0.345	0.317	0.333	1.909	0.326	0.192	0.184	-9075.558
638	8	500	492	0.4846	0.312	0.322	0.312	0.255	0.333	0.235	0.287	0.280	0.287	0.224	0.344	0.317	0.329	0.269	2.094	0.243	0.094	0.194	-8750.766
639	8	500	491	0.5193	0.217	0.324	0.315	0.352	0.280	0.291	0.306	0.265	0.305	0.332	0.256	0.292	0.341	0.308	1.897	0.281	0.167	0.179	-9067.234
640	8	500	496	0.5212	0.286	0.272	0.299	0.353	0.309	0.311	0.335	0.275	0.319	0.269	0.287	0.300	0.270	0.281	2.044	0.340	0.183	0.199	-8981.377
641	8	500	500	0.5166	0.279	0.240	0.335	0.277	0.349	0.361	0.306	0.270	0.255	0.306	0.287	0.324	0.332	0.280	2.013	0.336	0.178	0.204	-9082.248
642	8	500	496	0.4995	0.256	0.336	0.357	0.291	0.319	0.296	0.289	0.306	0.321	0.333	0.353	0.345	0.287	0.316	1.979	0.357	0.226	0.186	-9203.267
643	8	500	492	0.5129	0.233	0.258	0.295	0.312	0.321	0.288	0.291	0.283	0.254	0.294	0.293	0.305	0.256	0.253	1.963	0.429	0.150	0.188	-8644.710
644	8	500	497	0.5191	0.229	0.336	0.301	0.292	0.281	0.292	0.281	0.257	0.287	0.341	0.272	0.270	0.273	0.333	2.155	0.298	0.158	0.193	-8909.069
645	8	500	496	0.5002	0.247	0.305	0.268	0.367	0.349	0.288	0.264	0.305	0.278	0.306	0.252	0.301	0.316	0.337	1.878	0.340	0.172	0.195	-8997.676
646	8	500	495	0.5006	0.267	0.270	0.308	0.265	0.263	0.262	0.313	0.294	0.321	0.269	0.268	0.309	0.330	0.267	1.868	0.436	0.188	0.226	-8809.483
647	8	500	497	0.5253	0.320	0.329	0.293	0.285	0.226	0.235	0.281	0.259	0.346	0.308	0.338	0.301	0.330	0.294	1.849	0.270	0.121	0.194	-8934.236
648	8	500	486	0.5302	0.300	0.306	0.227	0.308	0.222	0.259	0.313	0.274	0.235	0.250	0.318	0.294	0.221	0.289	1.960	0.508	0.253	0.182	-8519.312
649	8	500	492	0.5120	0.241	0.207	0.306	0.319	0.334	0.341	0.345	0.269	0.289	0.304	0.272	0.261	0.269	0.381	1.944	0.333	0.134	0.201	-8970.983
650	8	500	492	0.5153	0.272	0.294	0.314	0.296	0.259	0.324	0.282	0.238	0.259	0.276	0.227	0.297	0.253	0.271	2.008	0.172	0.074	0.204	-8696.707
651	8	500	493	0.5255	0.311	0.390	0.328	0.392	0.284	0.330	0.286	0.310	0.295	0.347	0.324	0.298	0.312	0.322	1.850	0.370	0.191	0.200	-9298.174
652	8	500	493	0.5060	0.256	0.300	0.316	0.277	0.410	0.346	0.348	0.228	0.340	0.247	0.371	0.282	0.339	0.282	1.938	0.436	0.231	0.196	-9131.618
653	8	500	499	0.5062	0.241	0.333	0.337	0.321	0.313	0.356	0.308	0.245	0.380	0.331	0.307	0.328	0.366	0.270	1.996	0.375	0.203	0.191	-9241.857
654	8	500	489	0.5215	0.253	0.285	0.305	0.350	0.287	0.257	0.327	0.235	0.360	0.281	0.308	0.275	0.300	0.288	1.992	0.366	0.214	0.193	-8932.144
655	8	500	498	0.5334	0.282	0.284	0.283	0.299	0.266	0.265	0.314	0.303	0.344	0.351	0.298	0.275	0.270	0.282	1.834	0.284	0.151	0.189	-8994.197
656	8	500	492	0.5169	0.320	0.288	0.331	0.358	0.290	0.285	0.282	0.278	0.308	0.228	0.259	0.313	0.274	0.266	2.006	0.383	0.230	0.165	-8783.797
657	8	500	491	0.5191	0.240	0.264	0.326	0.237	0.317	0.294	0.346	0.274	0.285	0.245	0.277	0.335	0.228	0.334	2.063	0.335	0.174	0.163	-8690.688
658	8	500	495	0.5216	0.294	0.309	0.272	0.277	0.234	0.246	0.303	0.249	0.324	0.315	0.281	0.279	0.301	0.293	2.032	0.244	0.165	0.172	-8819.762
659	8	500	493	0.5249	0.315	0.338	0.357	0.266	0.243	0.295	0.320	0.316	0.275	0.329	0.353	0.223	0.314	0.337	2.089	0.248	0.099	0.212	-9065.959
660	8	500	494	0.5046	0.333	0.302	0.290	0.301	0.305	0.278	0.334	0.296	0.269	0.279	0.332	0.345	0.316	0.308	2.154	0.417	0.204	0.192	-8953.859
661	8	500	492	0.5009	0.251	0.307	0.296	0.313	0.311	0.246	0.301	0.269	0.303	0.240	0.259	0.285	0.321	0.337	1.899	0.405	0.176	0.191	-8798.299
662	8	500	495	0.5145	0.295	0.293	0.349	0.276	0.381	0.276	0.282	0.257	0.313	0.264	0.388	0.341	0.322	0.268	2.156	0.204	0.135	0.171	-9092.395
663	8	500	496	0.4990	0.228	0.283	0.280	0.305	0.299	0.279	0.299	0.322	0.384	0.314	0.306	0.287	0.322	0.324	1.896	0.369	0.155	0.206	-8946.337
664	8	500	492	0.5251	0.296	0.351	0.311	0.324	0.270	0.322	0.349	0.254	0.270	0.297	0.330	0.305	0.307	0.318	1.950	0.411	0.245	0.169	-9074.656
665	8	500	494	0.5177	0.319	0.346	0.311	0.306	0.286	0.337	0.308	0.340	0.306	0.333	0.297	0.257	0.273	0.285	2.010	0.384	0.221	0.202	-9092.385
666	8	500	497	0.5139	0.306	0.326	0.277	0.342	0.318	0.285	0.259	0.270	0.396	0.290	0.327	0.257	0.300	0.252	1.890	0.468	0.251	0.204	-8977.738
667	8	500	493	0.5213	0.255	0.265	0.263	0.341	0.277	0.302	0.282	0.245	0.298	0.250	0.327	0.276	0.294	0.313	1.967	0.456	0.153	0.197	-8752.863
668	8	500	493	0.4968	0.307	0.312	0.305	0.240	0.304	0.296	0.329	0.250	0.326	0.335	0.309	0.264	0.311	0.320	2.164	0.397	0.239	0.179	-8935.899
669	8	500	490	0.4940	0.273	0.366	0.312	0.262	0.228	0.299	0.338	0.281	0.255	0.302	0.279	0.293	0.327	0.259	1.945	0.405	0.164	0.183	-8775.984
670	8	500	490	0.5123	0.263	0.397	0.360	0.267	0.223	0.294	0.321	0.355	0.275	0.266	0.220	0.268	0.304	0.327	1.931	0.458	0.251	0.189	-8924.001
671	8	500	488	0.5035	0.261	0.324	0.324	0.322	0.265	0.316	0.303	0.248	0.300	0.299	0.225	0.331	0.301	0.234	1.820	0.511	0.243	0.177	-8768.457
672	8	500	492	0.5081	0.326	0.242	0.317	0.304	0.330	0.299	0.272	0.294	0.227	0.287	0.278	0.345	0.303	0.331	2.088	0.428	0.210	0.198	-8873.416
673	8	500	491	0.5187	0.288	0.220	0.261	0.211	0.356	0.282	0.297	0.310	0.334	0.295	0.312	0.258	0.275	0.283	1.918	0.420	0.207	0.200	-8767.155
674	8	500	495	0.5177	0.326	0.329	0.267	0.267	0.307	0.280	0.328	0.306	0.251	0.313	0.300	0.334	0.323	0.315	2.227	0.479	0.235	0.190	-8970.961
675	8	500	486	0.5237	0.280	0.295	0.270	0.350	0.314	0.273	0.296	0.212	0.276	0.256	0.269	0.247	0.328	0.296	2.021	0.309	0.119	0.179	-8606.109
676	8	500	490	0.4960	0.278	0.246	0.335	0.247	0.366	0.278	0.344	0.261	0.302	0.325	0.310	0.346	0.302	0.267	2.148	0.397	0.243	0.175	-8897.498
677	8	500	494	0.5267	0.234	0.307	0.293	0.346	0.426	0.316	0.328	0.259	0.277	0.295	0.284	0.272	0.300	0.353	2.084	0.438	0.223	0.201	-9073.437
678	8	500	493	0.4917	0.284	0.297	0.233	0.330	0.327	0.292	0.243	0.362	0.313	0.250	0.342	0.327	0.298	0.324	2.099	0.423	0.279	0.188	-8955.833
679	8	500	493	0.5072	0.333	0.269	0.303	0.300	0.327	0.291	0.292	0.316	0.248	0.284	0.280	0.278	0.305	0.209	1.813	0.537	0.238	0.203	-8747.217
680	8	500	494	0.5088	0.307	0.266	0.292	0.304	0.313	0.330	0.271	0.319	0.250	0.303	0.304	0.367	0.336	0.282	2.081	0.481	0.246	0.219	-9035.951
681	8	500	486	0.5156	0.337	0.266	0.264	0.283	0.332	0.286	0.333	0.250	0.309	0.312	0.248	0.315	0.312	0.306	1.972	0.476	0.268	0.173	-8847.602
682	8	500	496	0.5246	0.295	0.260	0.306	0.268	0.242	0.322	0.314	0.301	0.300	0.306	0.373	0.213	0.334	0.259	1.894	0.296	0.139	0.209	-8975.932
683	8	500	493	0.5110	0.292	0.275	0.293	0.339	0.319	0.309	0.331	0.280	0.270	0.321	0.301	0.299	0.296	0.306	2.304	0.353	0.223	0.185	-8997.257
684	8	500	493	0.5041	0.261	0.322	0.254	0.285	0.292	0.341	0.257	0.191	0.310	0.337	0.284	0.257	0.322	0.283	1.859	0.292	0.153	0.185	-8847.069
685	8	500	487	0.5006	0.315	0.355	0.301	0.330	0.261	0.297	0.249	0.346	0.320	0.281	0.260	0.247	0.324	0.283	1.990	0.360	0.208	0.181	-8869.290
686	8	500	494	0.5054	0.295	0.316	0.245	0.287	0.336	0.317	0.253	0.266	0.244	0.315	0.289	0.279	0.270	0.341	1.936	0.322	0.172	0.210	-8922.600
687	8	500	496	0.5070	0.269	0.293	0.356	0.326	0.267	0.313	0.298	0.291	0.369	0.335	0.303	0.307	0.326	0.302	1.893	0.334	0.167	0.191	-9166.359
688	8	500	492	0.5092	0.198	0.311	0.317	0.298	0.381	0.344	0.248	0.271	0.331	0.276	0.314	0.303	0.311	0.282	2.035	0.330	0.195	0.197	-8985.935
689	8	500	488	0.5071	0.265	0.270	0.291	0.327	0.281	0.343	0.283	0.273	0.303	0.264	0.285	0.307	0.286	0.274	1.902	0.471	0.219	0.213	-8849.383
690	8	500	492	0.5094	0.281	0.234	0.281	0.348	0.290	0.291	0.353	0.292	0.349	0.272	0.296	0.307	0.323	0.208	2.237	0.373	0.170	0.211	-8895.675
691	8	500	488	0.5184	0.292	0.268	0.300	0.263	0.329	0.285	0.312	0.252	0.378	0.357	0.304	0.287	0.347	0.239	2.035	0.301	0.163	0.167	-8950.488
692	8	500	488	0.5087	0.310	0.218	0.311	0.260	0.306	0.307	0.326	0.231	0.316	0.300	0.276	0.302	0.329	0.290	2.000	0.337	0.183	0.179	-8892.615
693	8	500	490	0.5101	0.288	0.276	0.285	0.301	0.364	0.316	0.313	0.311	0.298	0.272	0.227	0.273	0.338	0.292	2.091	0.431	0.217	0.211	-8871.300
694	8	500	498	0.4975	0.275	0.325	0.317	0.262	0.305	0.308	0.303	0.273	0.267	0.281	0.295	0.328	0.335	0.324	2.136	0.318	0.178	0.182	-8970.791
695	8	500	492	0.5139	0.263	0.339	0.327	0.229	0.305	0.326	0.317	0.239	0.354	0.364	0.302	0.252	0.262	0.374	2.126	0.261	0.217	0.158	-9050.179
696	8	500	488	0.5254	0.263	0.250	0.255	0.277	0.275	0.224	0.216	0.267	0.341	0.337	0.296	0.299	0.323	0.324	1.852	0.458	0.219	0.190	-8722.116
697	8	500	494	0.5083	0.302	0.225	0.272	0.348	0.303	0.289	0.334	0.331	0.303	0.326	0.234	0.247	0.255	0.275	1.956	0.455	0.196	0.193	-8782.775
698	8	500	497	0.5074	0.283	0.318	0.270	0.338	0.278	0.314	0.310	0.233	0.293	0.287	0.293	0.341	0.323	0.321	1.938	0.435	0.274	0.171	-8956.337
699	8	500	493	0.5077	0.240	0.256	0.325	0.284	0.250	0.292	0.315	0.236	0.290	0.322	0.288	0.269	0.257	0.357	1.913	0.305	0.153	0.222	-8879.790
700	8	500	495	0.5057	0.269	0.295	0.346	0.265	0.331	0.319	0.217	0.248	0.304	0.278	0.340	0.298	0.286	0.338	1.875	0.360	0.184	0.186	-8946.453
701	8	500	498	0.5212	0.220	0.333	0.298	0.284	0.272	0.289	0.268	0.268	0.311	0.298	0.258	0.303	0.275	0.284	2.187	0.374	0.151	0.221	-8742.134
702	8	500	493	0.5397	0.299	0.237	0.289	0.322	0.323	0.329	0.276	0.282	0.249	0.281	0.280	0.274	0.256	0.356	1.899	0.317	0.182	0.194	-8959.313
703	8	500	495	0.5151	0.289	0.331	0.290	0.342	0.270	0.315	0.278	0.298	0.353	0.383	0.267	0.363	0.285	0.325	1.928	0.485	0.276	0.214	-9196.044
704	8	500	496	0.5218	0.243	0.316	0.256	0.323	0.331	0.313	0.293	0.246	0.331	0.365	0.326	0.325	0.257	0.328	2.001	0.269	0.157	0.191	-9100.802
705	8	500	495	0.5168	0.291	0.305	0.279	0.340	0.303	0.329	0.289	0.247	0.227	0.291	0.337	0.353	0.300	0.299	1.994	0.288	0.141	0.177	-8989.318
706	8	500	487	0.5078	0.292	0.274	0.236	0.309	0.262	0.316	0.310	0.262	0.298	0.235	0.263	0.210	0.281	0.267	2.102	0.504	0.219	0.174	-8476.683
707	8	500	495	0.5309	0.222	0.294	0.316	0.265	0.329	0.305	0.298	0.210	0.269	0.337	0.300	0.346	0.254	0.293	1.927	0.293	0.190	0.200	-8959.173
708	8	500	492	0.5168	0.307	0.319	0.295	0.290	0.293	0.293	0.307	0.286	0.330	0.289	0.288	0.256	0.298	0.267	1.968	0.360	0.192	0.171	-8849.693
709	8	500	495	0.5192	0.285	0.288	0.352	0.309	0.364	0.316	0.330	0.268	0.270	0.288	0.352	0.331	0.297	0.350	1.878	0.361	0.183	0.197	-9216.224
710	8	500	496	0.5116	0.323	0.372	0.280	0.293	0.279	0.279	0.277	0.249	0.221	0.291	0.302	0.330	0.339	0.265	1.816	0.411	0.231	0.215	-8995.282
711	8	500	499	0.5147	0.298	0.285	0.275	0.360	0.260	0.314	0.322	0.293	0.202	0.339	0.314	0.348	0.279	0.321	2.125	0.350	0.158	0.200	-9005.814
712	8	500	497	0.5059	0.237	0.285	0.245	0.296	0.273	0.317	0.238	0.308	0.322	0.274	0.286	0.279	0.356	0.267	2.136	0.416	0.213	0.203	-8777.870
713	8	500	493	0.5079	0.236	0.242	0.268	0.334	0.245	0.368	0.265	0.277	0.312	0.281	0.283	0.292	0.258	0.326	1.926	0.445	0.176	0.186	-8685.520
714	8	500	497	0.5076	0.309	0.336	0.380	0.270	0.361	0.307	0.287	0.288	0.336	0.305	0.311	0.270	0.338	0.247	2.006	0.375	0.220	0.179	-9091.338
715	8	500	490	0.5018	0.274	0.279	0.285	0.268	0.321	0.234	0.229	0.307	0.259	0.297	0.294	0.168	0.242	0.309	1.875	0.434	0.201	0.220	-8603.579
716	8	500	492	0.5220	0.246	0.245	0.325	0.270	0.213	0.254	0.285	0.239	0.236	0.331	0.394	0.260	0.341	0.288	1.805	0.426	0.241	0.165	-8777.426
717	8	500	497	0.4999	0.324	0.230	0.316	0.295	0.323	0.301	0.325	0.321	0.280	0.318	0.278	0.287	0.294	0.269	1.875	0.473	0.219	0.192	-8904.794
718	8	500	496	0.5243	0.320	0.346	0.254	0.305	0.273	0.298	0.298	0.286	0.317	0.284	0.291	0.263	0.283	0.324	2.064	0.390	0.215	0.165	-8885.824
719	8	500	490	0.5117	0.268	0.309	0.331	0.286	0.287	0.312	0.295	0.295	0.258	0.322	0.285	0.263	0.272	0.341	2.153	0.440	0.209	0.181	-8819.343
720	8	500	497	0.5188	0.299	0.394	0.320	0.268	0.322	0.273	0.334	0.241	0.295	0.251	0.296	0.270	0.276	0.341	1.929	0.247	0.130	0.197	-8986.205
721	8	500	491	0.5056	0.241	0.260	0.280	0.260	0.247	0.314	0.302	0.255	0.317	0.290	0.275	0.290	0.293	0.333	2.082	0.251	0.170	0.171	-8787.517
722	8	500	495	0.5052	0.291	0.333	0.354	0.255	0.273	0.317	0.234	0.286	0.351	0.253	0.333	0.299	0.290	0.302	2.018	0.354	0.211	0.191	-9002.424
723	8	500	495	0.5112	0.319	0.270	0.307	0.296	0.373	0.301	0.279	0.294	0.251	0.280	0.289	0.213	0.328	0.324	2.046	0.404	0.209	0.170	-8834.357
724	8	500	494	0.5181	0.237	0.281	0.257	0.325	0.263	0.325	0.246	0.243	0.320	0.241	0.279	0.285	0.285	0.333	1.988	0.308	0.115	0.165	-8585.217
725	8	500	496	0.5174	0.298	0.259	0.351	0.279	0.316	0.248	0.279	0.279	0.267	0.287	0.350	0.312	0.325	0.301	2.010	0.265	0.135	0.200	-8966.298
726	8	500	492	0.5115	0.285	0.332	0.267	0.246	0.283	0.243	0.307	0.305	0.315	0.266	0.273	0.299	0.264	0.314	2.037	0.464	0.206	0.228	-8778.416
727	8	500	496	0.5111	0.268	0.280	0.316	0.345	0.309	0.358	0.294	0.256	0.326	0.325	0.276	0.289	0.317	0.295	1.927	0.305	0.160	0.182	-9031.945
728	8	500	494	0.5213	0.308	0.325	0.250	0.338	0.218	0.296	0.342	0.297	0.328	0.291	0.273	0.267	0.298	0.305	1.976	0.393	0.209	0.170	-8875.973
729	8	500	487	0.5318	0.293	0.265	0.302	0.292	0.272	0.324	0.324	0.237	0.277	0.286	0.298	0.343	0.264	0.342	2.027	0.301	0.204	0.194	-9017.316
730	8	500	494	0.5108	0.218	0.301	0.354	0.260	0.341	0.278	0.310	0.292	0.281	0.297	0.249	0.251	0.355	0.308	1.951	0.394	0.176	0.171	-8845.671
731	8	500	493	0.5192	0.288	0.269	0.344	0.329	0.349	0.281	0.284	0.306	0.300	0.270	0.289	0.274	0.350	0.248	2.050	0.357	0.214	0.176	-8955.318
732	8	500	496	0.5159	0.307	0.336	0.285	0.331	0.310	0.295	0.284	0.316	0.267	0.319	0.296	0.251	0.255	0.312	1.809	0.279	0.129	0.195	-8962.897
733	8	500	495	0.5119	0.252	0.297	0.327	0.307	0.309	0.342	0.248	0.312	0.263	0.286	0.311	0.295	0.305	0.288	2.179	0.497	0.269	0.212	-8941.007
734	8	500	498	0.5011	0.279	0.313	0.320	0.336	0.233	0.286	0.311	0.275	0.325	0.363	0.289	0.339	0.326	0.303	1.920	0.382	0.193	0.193	-9095.994
735	8	500	492	0.5102	0.312	0.331	0.322	0.293	0.303	0.273	0.269	0.324	0.287	0.257	0.343	0.292	0.300	0.312	1.822	0.395	0.144	0.198	-8990.685
736	8	500	489	0.5236	0.260	0.329	0.341	0.287	0.288	0.256	0.327	0.263	0.338	0.276	0.284	0.254	0.355	0.297	2.024	0.205	0.101	0.182	-8934.712
737	8	500	493	0.5119	0.241	0.271	0.300	0.399	0.250	0.346	0.303	0.235	0.253	0.345	0.344	0.310	0.299	0.338	1.783	0.392	0.213	0.186	-9085.299
738	8	500	494	0.5277	0.268	0.342	0.328	0.302	0.317	0.280	0.305	0.275	0.314	0.338	0.291	0.342	0.340	0.334	2.305	0.385	0.220	0.164	-9004.289
739	8	500	495	0.5111	0.247	0.298	0.325	0.319	0.291	0.360	0.238	0.260	0.288	0.298	0.300	0.352	0.229	0.270	2.010	0.348	0.161	0.200	-8881.810
740	8	500	496	0.5119	0.281	0.266	0.301	0.294	0.262	0.315	0.282	0.253	0.315	0.265	0.307	0.247	0.290	0.373	1.778	0.358	0.199	0.169	-8886.001
741	8	500	496	0.5252	0.249	0.345	0.270	0.271	0.330	0.273	0.260	0.323	0.241	0.309	0.293	0.279	0.290	0.343	1.910	0.408	0.205	0.213	-8943.223
742	8	500	495	0.5240	0.193	0.302	0.266	0.342	0.359	0.238	0.335	0.266	0.367	0.317	0.299	0.263	0.302	0.326	2.023	0.295	0.180	0.178	-9031.796
743	8	500	488	0.5001	0.256	0.309	0.319	0.326	0.332	0.289	0.281	0.259	0.366	0.283	0.291	0.243	0.286	0.289	1.887	0.395	0.200	0.209	-8897.452
744	8	500	498	0.5110	0.256	0.237	0.297	0.342	0.288	0.307	0.335	0.305	0.291	0.296	0.291	0.295	0.318	0.338	1.996	0.339	0.216	0.216	-9101.793
745	8	500	497	0.5199	0.248	0.266	0.349	0.277	0.348	0.269	0.369	0.281	0.349	0.305	0.262	0.329	0.217	0.333	1.922	0.328	0.207	0.180	-9071.206
746	8	500	494	0.5136	0.244	0.296	0.327	0.292	0.302	0.281	0.276	0.338	0.275	0.271	0.280	0.340	0.262	0.294	2.039	0.306	0.186	0.186	-8870.281
747	8	500	496	0.5058	0.277	0.342	0.335	0.284	0.257	0.309	0.318	0.311	0.344	0.247	0.325	0.283	0.275	0.309	2.090	0.324	0.183	0.168	-8940.246
748	8	500	492	0.5087	0.279	0.278	0.326	0.279	0.286	0.317	0.270	0.256	0.294	0.248	0.304	0.310	0.282	0.284	1.852	0.355	0.213	0.195	-8882.743
749	8	500	492	0.5233	0.275	0.263	0.289	0.265	0.297	0.288	0.328	0.312	0.324	0.303	0.284	0.261	0.247	0.337	2.043	0.413	0.236	0.197	-8878.185
750	8	500	491	0.4920	0.334	0.351	0.281	0.342	0.271	0.305	0.313	0.304	0.258	0.325	0.263	0.312	0.326	0.275	1.860	0.451	0.257	0.173	-8935.100
751	8	500	494	0.5115	0.352	0.226	0.264	0.225	0.350	0.266	0.269	0.295	0.309	0.266	0.354	0.314	0.318	0.287	2.051	0.386	0.232	0.184	-8799.103
752	8	500	497	0.5271	0.291	0.342	0.319	0.257	0.298	0.297	0.322	0.289	0.262	0.306	0.309	0.326	0.293	0.330	1.941	0.479	0.296	0.195	-9034.663
753	8	500	492	0.5213	0.232	0.280	0.299	0.303	0.296	0.342	0.363	0.272	0.337	0.277	0.310	0.273	0.270	0.326	2.037	0.286	0.199	0.188	-9045.087
754	8	500	493	0.5172	0.271	0.304	0.309	0.311	0.292	0.252	0.303	0.262	0.276	0.348	0.287	0.299	0.293	0.344	1.856	0.404	0.279	0.160	-8998.770
755	8	500	485	0.4965	0.279	0.280	0.270	0.305	0.286	0.227	0.299	0.281	0.327	0.310	0.256	0.173	0.283	0.296	1.931	0.378	0.203	0.167	-8587.197
756	8	500	493	0.5172	0.261	0.294	0.354	0.241	0.352	0.295	0.318	0.306	0.327	0.272	0.358	0.311	0.303	0.309	2.005	0.477	0.251	0.177	-8990.831
757	8	500	495	0.5075	0.274	0.287	0.291	0.278	0.336	0.265	0.334	0.246	0.311	0.333	0.293	0.293	0.359	0.317	1.931	0.377	0.215	0.208	-9074.540
758	8	500	490	0.5156	0.265	0.259	0.296	0.281	0.256	0.287	0.294	0.245	0.292	0.277	0.286	0.346	0.274	0.330	1.955	0.344	0.188	0.190	-8776.104
759	8	500	496	0.5169	0.267	0.295	0.261	0.292	0.317	0.336	0.294	0.233	0.313	0.333	0.285	0.318	0.254	0.308	1.959	0.365	0.216	0.207	-8979.600
760	8	500	491	0.5213	0.293	0.268	0.295	0.257	0.307	0.303	0.323	0.324	0.295	0.228	0.289	0.397	0.283	0.318	2.122	0.345	0.189	0.188	-8905.761
761	8	500	495	0.5128	0.257	0.262	0.272	0.253	0.332	0.309	0.302	0.230	0.284	0.274	0.305	0.320	0.286	0.248	1.981	0.431	0.202	0.193	-8712.544
762	8	500	497	0.5010	0.258	0.299	0.309	0.351	0.315	0.305	0.256	0.301	0.258	0.257	0.346	0.350	0.281	0.266	1.937	0.369	0.152	0.202	-8892.736
763	8	500	495	0.5183	0.303	0.334	0.281	0.299	0.312	0.265	0.301	0.315	0.278	0.328	0.328	0.372	0.373	0.239	1.996	0.471	0.220	0.202	-9090.366
764	8	500	494	0.5131	0.250	0.298	0.283	0.276	0.319	0.288	0.247	0.276	0.276	0.297	0.311	0.306	0.266	0.321	1.902	0.333	0.165	0.206	-8809.620
765	8	500	497	0.5338	0.284	0.265	0.337	0.283	0.282	0.268	0.321	0.301	0.332	0.268	0.323	0.365	0.355	0.293	1.927	0.435	0.157	0.194	-9012.039
766	8	500	493	0.5120	0.201	0.263	0.290	0.339	0.339	0.304	0.296	0.280	0.288	0.273	0.303	0.265	0.302	0.290	1.900	0.199	0.130	0.167	-8872.608
767	8	500	494	0.5056	0.292	0.270	0.284	0.305	0.327	0.345	0.290	0.303	0.289	0.310	0.268	0.263	0.349	0.290	1.918	0.334	0.137	0.227	-9027.687
768	8	500	486	0.5143	0.276	0.274	0.309	0.280	0.320	0.333	0.250	0.296	0.330	0.318	0.291	0.359	0.402	0.254	2.096	0.360	0.276	0.118	-8947.009
769	8	500	490	0.5272	0.271	0.247	0.228	0.335	0.292	0.320	0.311	0.282	0.327	0.238	0.291	0.249	0.279	0.304	1.753	0.410	0.161	0.202	-8803.225
770	8	500	489	0.5193	0.185	0.314	0.289	0.237	0.241	0.305	0.289	0.255	0.310	0.273	0.271	0.340	0.258	0.272	1.942	0.323	0.130	0.211	-8686.886
771	8	500	493	0.4930	0.245	0.307	0.300	0.304	0.307	0.307	0.304	0.265	0.312	0.282	0.283	0.269	0.306	0.289	1.957	0.390	0.186	0.188	-8839.766
772	8	500	497	0.5072	0.279	0.230	0.306	0.312	0.335	0.314	0.296	0.244	0.299	0.310	0.247	0.302	0.314	0.338	2.011	0.354	0.164	0.199	-8944.613
773	8	500	495	0.5039	0.274	0.325	0.309	0.307	0.291	0.301	0.349	0.287	0.290	0.370	0.320	0.276	0.268	0.298	1.972	0.461	0.257	0.204	-9079.992
774	8	500	496	0.5149	0.278	0.271	0.310	0.258	0.339	0.267	0.274	0.295	0.331	0.278	0.315	0.380	0.283	0.288	1.913	0.410	0.177	0.199	-8894.926
775	8	500	488	0.5126	0.225	0.259	0.305	0.310	0.306	0.269	0.232	0.278	0.289	0.296	0.263	0.322	0.336	0.255	2.034	0.354	0.143	0.173	-8617.254
776	8	500	488	0.5165	0.301	0.234	0.323	0.376	0.305	0.319	0.353	0.284	0.270	0.310	0.287	0.401	0.341	0.266	1.797	0.405	0.272	0.164	-9166.853
777	8	500	496	0.5118	0.328	0.329	0.332	0.340	0.296	0.256	0.300	0.307	0.316	0.318	0.285	0.309	0.272	0.325	2.015	0.278	0.127	0.216	-9137.928
778	8	500	491	0.5178	0.273	0.284	0.324	0.327	0.284	0.326	0.315	0.226	0.325	0.270	0.275	0.335	0.286	0.258	1.983	0.265	0.133	0.219	-9003.833
779	8	500	492	0.5210	0.273	0.273	0.333	0.273	0.294	0.290	0.353	0.277	0.364	0.313	0.374	0.255	0.307	0.283	1.988	0.441	0.262	0.202	-9108.018
780	8	500	495	0.5202	0.313	0.272	0.283	0.375	0.236	0.306	0.325	0.260	0.251	0.240	0.314	0.304	0.346	0.321	1.939	0.224	0.120	0.192	-9007.258
781	8	500	489	0.5232	0.262	0.289	0.361	0.305	0.219	0.308	0.416	0.218	0.303	0.296	0.307	0.369	0.290	0.292	1.801	0.260	0.163	0.178	-9109.111
782	8	500	493	0.5078	0.246	0.311	0.308	0.252	0.302	0.315	0.256	0.225	0.365	0.340	0.292	0.321	0.305	0.312	1.987	0.293	0.191	0.205	-9042.944
783	8	500	495	0.5059	0.278	0.317	0.246	0.310	0.271	0.287	0.292	0.275	0.224	0.258	0.311	0.283	0.317	0.328	1.996	0.427	0.211	0.212	-8862.593
784	8	500	499	0.4917	0.303	0.243	0.276	0.329	0.415	0.236	0.369	0.317	0.299	0.344	0.302	0.250	0.281	0.261	1.840	0.458	0.232	0.184	-8943.551
785	8	500	496	0.5158	0.289	0.305	0.350	0.255	0.276	0.283	0.300	0.234	0.297	0.284	0.300	0.281	0.271	0.308	2.057	0.371	0.182	0.189	-8847.854
786	8	500	495	0.5218	0.310	0.376	0.302	0.298	0.312	0.265	0.276	0.286	0.237	0.265	0.287	0.337	0.312	0.354	1.884	0.287	0.180	0.167	-9017.890
787	8	500	494	0.5340	0.311	0.288	0.336	0.281	0.255	0.201	0.374	0.320	0.314	0.311	0.259	0.353	0.315	0.272	2.069	0.439	0.251	0.195	-8994.634
788	8	500	492	0.5105	0.275	0.232	0.350	0.296	0.345	0.318	0.298	0.290	0.228	0.286	0.275	0.253	0.314	0.301	2.070	0.457	0.210	0.194	-8806.101
789	8	500	490	0.5049	0.234	0.375	0.280	0.363	0.238	0.302	0.286	0.274	0.335	0.258	0.316	0.272	0.302	0.267	2.046	0.294	0.159	0.175	-8833.473
790	8	500	498	0.5163	0.302	0.278	0.278	0.343	0.249	0.262	0.271	0.321	0.264	0.298	0.335	0.333	0.335	0.282	1.962	0.445	0.284	0.204	-9029.284
791	8	500	491	0.5232	0.285	0.227	0.315	0.273	0.350	0.297	0.327	0.251	0.282	0.242	0.300	0.220	0.294	0.229	1.869	0.296	0.134	0.206	-8731.940
792	8	500	491	0.5272	0.279	0.305	0.313	0.330	0.259	0.317	0.308	0.270	0.236	0.349	0.329	0.370	0.366	0.254	1.941	0.455	0.285	0.193	-9129.789
793	8	500	493	0.5133	0.292	0.351	0.288	0.277	0.336	0.273	0.309	0.279	0.327	0.287	0.287	0.297	0.345	0.297	2.105	0.469	0.221	0.229	-9058.068
794	8	500	493	0.5164	0.217	0.305	0.307	0.313	0.285	0.358	0.313	0.271	0.262	0.344	0.329	0.335	0.300	0.310	1.703	0.412	0.187	0.228	-9140.084
795	8	500	490	0.5046	0.204	0.360	0.271	0.325	0.241	0.260	0.307	0.261	0.290	0.322	0.226	0.325	0.291	0.326	1.954	0.371	0.202	0.197	-8852.159
796	8	500	495	0.5238	0.214	0.273	0.325	0.260	0.301	0.311	0.319	0.277	0.230	0.274	0.369	0.330	0.262	0.366	1.969	0.232	0.174	0.183	-9062.595
797	8	500	494	0.5185	0.310	0.287	0.323	0.355	0.284	0.294	0.267	0.265	0.339	0.347	0.270	0.230	0.376	0.325	2.091	0.417	0.216	0.236	-9146.060
798	8	500	489	0.5183	0.260	0.259	0.317	0.262	0.327	0.301	0.366	0.233	0.269	0.305	0.349	0.311	0.288	0.297	2.035	0.322	0.150	0.207	-8911.489
799	8	500	491	0.5112	0.262	0.304	0.312	0.303	0.325	0.278	0.330	0.306	0.308	0.280	0.306	0.262	0.267	0.228	1.939	0.388	0.241	0.166	-8880.059
800	8	500	491	0.5084	0.284	0.351	0.282	0.278	0.240	0.262	0.308	0.336	0.384	0.341	0.264	0.291	0.332	0.258	2.076	0.407	0.203	0.199	-8865.834
801	8	500	494	0.5151	0.269	0.308	0.299	0.287	0.376	0.340	0.291	0.315	0.380	0.309	0.319	0.224	0.303	0.294	2.303	0.377	0.216	0.187	-9026.470
802	8	500	493	0.5070	0.215	0.262	0.271	0.328	0.283	0.296	0.273	0.245	0.317	0.323	0.343	0.291	0.322	0.344	2.027	0.360	0.172	0.189	-8878.127
803	8	500	494	0.5225	0.232	0.294	0.310	0.274	0.315	0.256	0.356	0.271	0.416	0.314	0.312	0.257	0.326	0.342	2.153	0.325	0.199	0.161	-9023.693
804	8	500	490	0.5141	0.275	0.253	0.345	0.356	0.313	0.325	0.325	0.278	0.301	0.299	0.334	0.323	0.372	0.270	1.877	0.435	0.327	0.202	-9270.133
805	8	500	492	0.5417	0.224	0.313	0.272	0.265	0.266	0.262	0.307	0.202	0.331	0.299	0.299	0.262	0.272	0.289	2.080	0.453	0.234	0.201	-8664.315
806	8	500	490	0.5182	0.336	0.325	0.358	0.222	0.331	0.211	0.331	0.284	0.264	0.313	0.302	0.257	0.359	0.252	1.842	0.362	0.216	0.167	-8854.587
807	8	500	490	0.5228	0.267	0.251	0.257	0.318	0.317	0.252	0.280	0.276	0.281	0.322	0.331	0.337	0.292	0.302	2.117	0.438	0.199	0.184	-8805.003
808	8	500	493	0.5203	0.259	0.296	0.323	0.281	0.247	0.299	0.267	0.315	0.292	0.258	0.280	0.285	0.220	0.333	2.005	0.470	0.238	0.191	-8738.564
809	8	500	495	0.5107	0.278	0.289	0.299	0.264	0.279	0.353	0.314	0.214	0.336	0.352	0.308	0.295	0.334	0.337	2.025	0.084	0.051	0.200	-9153.204
810	8	500	494	0.5070	0.286	0.313	0.252	0.299	0.257	0.324	0.242	0.238	0.262	0.299	0.328	0.314	0.250	0.327	1.839	0.381	0.151	0.204	-8790.875
811	8	500	497	0.5059	0.282	0.229	0.306	0.307	0.289	0.219	0.297	0.265	0.278	0.310	0.307	0.328	0.336	0.306	1.943	0.395	0.126	0.227	-8877.519
812	8	500	497	0.5057	0.238	0.304	0.264	0.301	0.288	0.294	0.299	0.246	0.315	0.326	0.339	0.255	0.313	0.301	2.163	0.474	0.260	0.203	-8909.898
813	8	500	496	0.5012	0.263	0.256	0.324	0.281	0.310	0.310	0.321	0.291	0.276	0.290	0.233	0.258	0.317	0.396	1.884	0.322	0.155	0.182	-8956.420
814	8	500	496	0.5172	0.235	0.362	0.326	0.280	0.284	0.261	0.248	0.216	0.257	0.344	0.314	0.346	0.283	0.324	1.849	0.469	0.157	0.222	-8928.948
815	8	500	493	0.5051	0.360	0.248	0.248	0.312	0.333	0.312	0.291	0.294	0.258	0.321	0.289	0.231	0.329	0.338	1.946	0.368	0.193	0.189	-8948.550
816	8	500	496	0.5176	0.299	0.310	0.369	0.341	0.288	0.315	0.254	0.308	0.301	0.270	0.249	0.277	0.334	0.270	2.028	0.376	0.185	0.214	-9015.019
817	8	500	491	0.5098	0.236	0.272	0.283	0.336	0.295	0.309	0.234	0.287	0.317	0.302	0.288	0.311	0.287	0.310	1.886	0.403	0.219	0.177	-8833.631
818	8	500	494	0.5091	0.319	0.287	0.285	0.341	0.286	0.270	0.288	0.236	0.262	0.303	0.318	0.357	0.310	0.296	2.115	0.468	0.223	0.206	-8953.922
819	8	500	493	0.5160	0.276	0.254	0.294	0.277	0.313	0.299	0.291	0.265	0.288	0.285	0.314	0.285	0.279	0.302	2.179	0.502	0.234	0.191	-8714.808
820	8	500	491	0.5205	0.268	0.313	0.389	0.279	0.252	0.230	0.320	0.301	0.301	0.342	0.241	0.331	0.268	0.272	2.057	0.314	0.160	0.186	-8855.642
821	8	500	497	0.5186	0.325	0.317	0.292	0.306	0.281	0.252	0.357	0.327	0.202	0.312	0.320	0.329	0.292	0.313	2.183	0.398	0.183	0.229	-9015.721
822	8	500	493	0.5188	0.317	0.300	0.293	0.353	0.279	0.270	0.299	0.292	0.293	0.299	0.309	0.259	0.274	0.285	2.045	0.313	0.194	0.181	-8920.722
823	8	500	491	0.4988	0.239	0.285	0.296	0.355	0.302	0.234	0.319	0.302	0.302	0.280	0.317	0.301	0.296	0.338	1.925	0.448	0.165	0.198	-8871.080
824	8	500	495	0.5046	0.331	0.237	0.249	0.299	0.285	0.313	0.266	0.302	0.290	0.293	0.308	0.314	0.280	0.259	1.950	0.303	0.173	0.168	-8814.420
825	8	500	487	0.5248	0.222	0.241	0.292	0.297	0.321	0.335	0.318	0.254	0.302	0.316	0.327	0.365	0.245	0.299	1.949	0.380	0.188	0.189	-8947.152
826	8	500	494	0.5226	0.268	0.252	0.294	0.250	0.283	0.253	0.297	0.269	0.321	0.282	0.320	0.272	0.315	0.311	1.877	0.338	0.162	0.197	-8837.557
827	8	500	493	0.5067	0.266	0.279	0.274	0.302	0.301	0.292	0.288	0.312	0.253	0.267	0.305	0.433	0.272	0.293	1.787	0.291	0.122	0.210	-8927.650
828	8	500	495	0.5080	0.254	0.382	0.273	0.252	0.303	0.258	0.292	0.254	0.313	0.267	0.281	0.236	0.311	0.260	1.714	0.364	0.162	0.211	-8737.912
829	8	500	493	0.5103	0.222	0.281	0.290	0.308	0.248	0.322	0.277	0.305	0.342	0.243	0.353	0.263	0.330	0.290	2.033	0.437	0.208	0.226	-8932.048
830	8	500	492	0.5105	0.279	0.341	0.361	0.291	0.348	0.300	0.324	0.295	0.342	0.277	0.313	0.311	0.319	0.331	2.162	0.226	0.142	0.176	-9154.274
831	8	500	494	0.5225	0.304	0.305	0.260	0.265	0.308	0.302	0.291	0.267	0.379	0.319	0.292	0.291	0.284	0.292	1.824	0.263	0.160	0.166	-8917.835
832	8	500	488	0.5056	0.251	0.297	0.301	0.259	0.275	0.274	0.317	0.289	0.295	0.319	0.288	0.329	0.312	0.282	1.867	0.356	0.179	0.181	-8830.749
833	8	500	492	0.5041	0.240	0.242	0.266	0.303	0.274	0.285	0.329	0.250	0.284	0.257	0.279	0.322	0.278	0.294	1.881	0.208	0.131	0.195	-8832.164
834	8	500	494	0.5186	0.293	0.285	0.388	0.246	0.384	0.267	0.385	0.248	0.262	0.363	0.279	0.333	0.348	0.314	2.038	0.388	0.223	0.198	-9144.083
835	8	500	497	0.5224	0.207	0.260	0.323	0.250	0.309	0.312	0.293	0.229	0.303	0.251	0.332	0.347	0.316	0.319	2.045	0.120	0.076	0.216	-9014.737
836	8	500	494	0.5163	0.258	0.311	0.305	0.339	0.270	0.310	0.320	0.235	0.336	0.312	0.277	0.232	0.280	0.327	2.054	0.415	0.171	0.226	-8919.050
837	8	500	487	0.5178	0.264	0.286	0.310	0.288	0.280	0.266	0.297	0.285	0.337	0.311	0.278	0.263	0.267	0.333	1.970	0.418	0.257	0.206	-8888.435
838	8	500	490	0.4965	0.226	0.366	0.292	0.358	0.318	0.245	0.310	0.277	0.310	0.311	0.298	0.263	0.274	0.338	2.040	0.307	0.151	0.180	-8907.833
839	8	500	488	0.5078	0.231	0.280	0.246	0.269	0.290	0.316	0.384	0.288	0.263	0.309	0.305	0.301	0.274	0.284	1.883	0.311	0.174	0.159	-8801.030
840	8	500	495	0.5101	0.343	0.294	0.314	0.344	0.307	0.249	0.335	0.336	0.361	0.270	0.315	0.250	0.312	0.289	1.928	0.417	0.287	0.201	-9132.880
841	8	500	492	0.5227	0.304	0.312	0.299	0.334	0.281	0.312	0.300	0.236	0.257	0.344	0.276	0.355	0.310	0.380	2.009	0.289	0.154	0.192	-9127.703
842	8	500	485	0.4878	0.268	0.247	0.313	0.301	0.257	0.293	0.314	0.249	0.314	0.254	0.230	0.244	0.291	0.272	1.964	0.423	0.193	0.221	-8661.905
843	8	500	491	0.5320	0.229	0.328	0.313	0.307	0.354	0.343	0.265	0.254	0.287	0.314	0.273	0.265	0.290	0.302	1.969	0.312	0.180	0.197	-9009.553
844	8	500	496	0.5068	0.263	0.278	0.313	0.330	0.286	0.301	0.311	0.276	0.320	0.247	0.302	0.272	0.312	0.287	1.982	0.401	0.237	0.184	-8935.447
845	8	500	494	0.5062	0.262	0.330	0.318	0.305	0.318	0.304	0.328	0.255	0.393	0.273	0.249	0.270	0.284	0.294	1.903	0.284	0.123	0.170	-8882.397
846	8	500	487	0.5145	0.218	0.232	0.282	0.312	0.293	0.268	0.277	0.277	0.294	0.303	0.308	0.280	0.337	0.277	1.782	0.388	0.206	0.197	-8800.645
847	8	500	496	0.5132	0.274	0.286	0.325	0.350	0.354	0.286	0.290	0.290	0.288	0.325	0.268	0.297	0.364	0.310	2.102	0.377	0.192	0.189	-9064.737
848	8	500	491	0.5175	0.203	0.273	0.268	0.313	0.299	0.281	0.260	0.247	0.268	0.289	0.288	0.334	0.266	0.314	2.104	0.344	0.175	0.191	-8697.126
849	8	500	497	0.5238	0.251	0.377	0.300	0.263	0.356	0.285	0.291	0.307	0.303	0.277	0.278	0.326	0.278	0.311	1.948	0.300	0.188	0.173	-9006.549
850	8	500	495	0.5038	0.269	0.328	0.396	0.224	0.220	0.289	0.328	0.347	0.267	0.300	0.278	0.271	0.255	0.310	1.766	0.404	0.192	0.210	-8968.527
851	8	500	494	0.5179	0.300	0.304	0.285	0.283	0.372	0.349	0.267	0.252	0.300	0.361	0.286	0.328	0.329	0.316	1.940	0.453	0.286	0.177	-9136.441
852	8	500	491	0.5086	0.241	0.309	0.258	0.349	0.303	0.264	0.300	0.299	0.276	0.303	0.289	0.298	0.313	0.306	2.026	0.457	0.222	0.192	-8864.924
853	8	500	494	0.5026	0.249	0.271	0.331	0.285	0.309	0.329	0.321	0.291	0.304	0.298	0.286	0.280	0.329	0.261	1.899	0.396	0.168	0.198	-8909.106
854	8	500	495	0.5197	0.318	0.375	0.280	0.302	0.307	0.321	0.312	0.298	0.249	0.283	0.296	0.333	0.296	0.245	1.920	0.393	0.204	0.200	-9036.012
855	8	500	497	0.5096	0.284	0.354	0.450	0.256	0.300	0.264	0.362	0.332	0.291	0.324	0.264	0.341	0.334	0.258	2.124	0.366	0.215	0.175	-9161.121
856	8	500	485	0.5028	0.301	0.263	0.350	0.309	0.351	0.262	0.291	0.222	0.314	0.315	0.295	0.269	0.281	0.299	1.955	0.527	0.225	0.210	-8870.110
857	8	500	492	0.5108	0.274	0.323	0.286	0.319	0.362	0.245	0.347	0.292	0.294	0.327	0.309	0.346	0.344	0.263	1.811	0.376	0.214	0.182	-9142.265
858	8	500	491	0.5056	0.240	0.328	0.305	0.321	0.339	0.266	0.282	0.210	0.350	0.319	0.272	0.349	0.336	0.289	1.906	0.293	0.172	0.168	-8956.209
859	8	500	494	0.5060	0.246	0.302	0.257	0.237	0.266	0.309	0.315	0.242	0.351	0.348	0.280	0.254	0.281	0.314	2.050	0.397	0.178	0.206	-8783.215
860	8	500	492	0.5072	0.278	0.377	0.318	0.301	0.297	0.293	0.304	0.236	0.369	0.348	0.202	0.303	0.334	0.262	2.353	0.364	0.230	0.184	-8941.647
861	8	500	495	0.5090	0.222	0.323	0.343	0.279	0.320	0.308	0.240	0.298	0.289	0.299	0.319	0.318	0.308	0.337	1.949	0.423	0.229	0.173	-8936.335
862	8	500	490	0.5121	0.222	0.303	0.257	0.274	0.319	0.369	0.288	0.257	0.271	0.297	0.296	0.319	0.334	0.230	2.053	0.410	0.166	0.204	-8799.526
863	8	500	491	0.4880	0.301	0.346	0.239	0.325	0.295	0.281	0.255	0.243	0.310	0.250	0.272	0.286	0.318	0.324	2.015	0.451	0.215	0.212	-8794.996
864	8	500	489	0.5134	0.267	0.320	0.275	0.295	0.320	0.264	0.303	0.228	0.263	0.294	0.249	0.265	0.294	0.293	2.135	0.320	0.158	0.183	-8662.711
865	8	500	497	0.5154	0.293	0.380	0.283	0.311	0.261	0.308	0.264	0.275	0.328	0.347	0.247	0.326	0.360	0.312	1.957	0.357	0.202	0.226	-9175.388
866	8	500	485	0.4953	0.293	0.316	0.249	0.343	0.310	0.252	0.344	0.298	0.301	0.341	0.352	0.284	0.293	0.284	1.823	0.389	0.218	0.157	-8946.613
867	8	500	492	0.4862	0.302	0.257	0.293	0.319	0.290	0.307	0.294	0.237	0.289	0.268	0.317	0.246	0.303	0.300	2.115	0.505	0.210	0.198	-8753.464
868	8	500	496	0.5246	0.286	0.376	0.301	0.353	0.240	0.352	0.252	0.304	0.332	0.291	0.368	0.317	0.296	0.246	1.998	0.433	0.239	0.191	-9059.808
869	8	500	495	0.5126	0.282	0.344	0.293	0.296	0.253	0.279	0.286	0.240	0.236	0.310	0.298	0.436	0.318	0.268	1.897	0.486	0.174	0.233	-8926.701
870	8	500	492	0.5180	0.267	0.385	0.283	0.331	0.276	0.278	0.311	0.270	0.305	0.298	0.262	0.317	0.278	0.276	1.888	0.077	0.030	0.213	-8971.849
871	8	500	496	0.5260	0.272	0.265	0.311	0.313	0.322	0.323	0.257	0.268	0.329	0.350	0.257	0.330	0.291	0.271	1.936	0.270	0.210	0.202	-9076.185
872	8	500	496	0.5183	0.324	0.333	0.283	0.298	0.330	0.277	0.289	0.289	0.322	0.294	0.353	0.261	0.313	0.291	1.978	0.505	0.184	0.230	-9021.132
873	8	500	495	0.5081	0.237	0.258	0.300	0.320	0.324	0.282	0.338	0.301	0.273	0.294	0.322	0.331	0.366	0.258	1.939	0.300	0.246	0.177	-9110.166
874	8	500	491	0.5095	0.294	0.295	0.319	0.254	0.349	0.299	0.343	0.318	0.239	0.316	0.331	0.250	0.313	0.278	2.000	0.313	0.174	0.161	-8902.948
875	8	500	494	0.5180	0.325	0.307	0.259	0.242	0.287	0.276	0.355	0.328	0.298	0.261	0.341	0.349	0.306	0.276	2.120	0.327	0.186	0.197	-8986.461
876	8	500	493	0.5158	0.232	0.217	0.285	0.300	0.336	0.295	0.324	0.286	0.345	0.320	0.236	0.238	0.252	0.341	2.010	0.350	0.158	0.179	-8750.278
877	8	500	490	0.5179	0.258	0.249	0.286	0.291	0.236	0.315	0.311	0.321	0.281	0.250	0.312	0.314	0.309	0.233	1.887	0.366	0.165	0.193	-8736.489
878	8	500	492	0.5165	0.261	0.307	0.336	0.365	0.284	0.266	0.244	0.250	0.254	0.297	0.317	0.339	0.363	0.286	1.889	0.343	0.203	0.206	-9080.533
879	8	500	489	0.5266	0.238	0.323	0.335	0.294	0.295	0.274	0.270	0.265	0.266	0.331	0.296	0.311	0.303	0.325	1.926	0.390	0.241	0.194	-8995.373
880	8	500	493	0.5247	0.241	0.337	0.231	0.296	0.257	0.300	0.266	0.266	0.232	0.249	0.308	0.363	0.362	0.270	2.076	0.449	0.200	0.167	-8648.372
881	8	500	499	0.5022	0.279	0.315	0.277	0.360	0.270	0.319	0.260	0.299	0.267	0.268	0.344	0.288	0.275	0.342	2.164	0.282	0.138	0.194	-8951.507
882	8	500	494	0.4969	0.321	0.230	0.270	0.322	0.369	0.271	0.289	0.337	0.337	0.293	0.270	0.224	0.343	0.300	2.137	0.325	0.182	0.237	-9008.864
883	8	500	496	0.5234	0.317	0.275	0.268	0.305	0.295	0.345	0.275	0.243	0.280	0.284	0.315	0.293	0.268	0.313	1.896	0.317	0.171	0.202	-8939.759
884	8	500	497	0.5177	0.311	0.290	0.244	0.326	0.256	0.332	0.308	0.309	0.223	0.292	0.316	0.334	0.276	0.280	2.047	0.427	0.191	0.222	-8917.374
885	8	500	494	0.5169	0.304	0.357	0.271	0.282	0.232	0.303	0.330	0.317	0.340	0.368	0.264	0.346	0.369	0.274	1.954	0.531	0.285	0.210	-9140.070
886	8	500	494	0.5284	0.300	0.289	0.272	0.309	0.278	0.312	0.292	0.259	0.318	0.286	0.195	0.297	0.264	0.320	1.933	0.421	0.183	0.230	-8838.624
887	8	500	494	0.5042	0.308	0.307	0.308	0.344	0.257	0.311	0.308	0.244	0.284	0.321	0.325	0.316	0.297	0.246	1.946	0.443	0.188	0.194	-8877.240
888	8	500	495	0.5263	0.357	0.294	0.276	0.325	0.324	0.290	0.262	0.288	0.276	0.260	0.346	0.325	0.272	0.322	1.858	0.485	0.250	0.201	-9025.616
889	8	500	493	0.5208	0.219	0.283	0.239	0.275	0.295	0.279	0.288	0.242	0.221	0.307	0.244	0.359	0.283	0.280	2.023	0.311	0.171	0.212	-8676.739
890	8	500	493	0.5247	0.313	0.320	0.282	0.287	0.273	0.284	0.273	0.256	0.302	0.261	0.235	0.288	0.290	0.324	2.084	0.306	0.170	0.175	-8729.172
891	8	500	499	0.4969	0.327	0.277	0.273	0.379	0.346	0.258	0.274	0.265	0.393	0.369	0.286	0.304	0.346	0.271	1.857	0.369	0.217	0.201	-9188.356
892	8	500	488	0.5085	0.257	0.380	0.315	0.287	0.276	0.283	0.343	0.260	0.295	0.322	0.240	0.311	0.272	0.358	2.132	0.361	0.248	0.165	-8951.838
893	8	500	493	0.5186	0.246	0.323	0.249	0.281	0.287	0.305	0.292	0.227	0.277	0.316	0.282	0.281	0.287	0.307	2.100	0.293	0.148	0.221	-8859.799
894	8	500	491	0.5140	0.316	0.244	0.340	0.289	0.327	0.312	0.324	0.271	0.349	0.236	0.318	0.354	0.268	0.244	1.879	0.253	0.142	0.154	-8900.808
895	8	500	494	0.5235	0.266	0.272	0.310	0.284	0.352	0.297	0.316	0.237	0.294	0.343	0.243	0.335	0.222	0.354	2.198	0.371	0.179	0.179	-8812.713
896	8	500	486	0.5118	0.260	0.320	0.345	0.280	0.295	0.265	0.277	0.211	0.340	0.228	0.351	0.270	0.317	0.282	1.997	0.316	0.176	0.190	-8795.092
897	8	500	495	0.5248	0.295	0.315	0.323	0.280	0.321	0.245	0.255	0.304	0.339	0.233	0.327	0.222	0.263	0.322	2.000	0.494	0.261	0.216	-8863.530
898	8	500	497	0.5096	0.263	0.309	0.274	0.260	0.313	0.325	0.249	0.295	0.367	0.266	0.253	0.352	0.280	0.321	2.039	0.422	0.289	0.158	-8869.500
899	8	500	495	0.5191	0.280	0.249	0.293	0.293	0.341	0.360	0.320	0.248	0.306	0.314	0.342	0.331	0.292	0.303	1.977	0.338	0.205	0.194	-9121.254
900	8	500	491	0.4917	0.274	0.266	0.314	0.330	0.237	0.239	0.318	0.279	0.270	0.287	0.291	0.277	0.231	0.333	1.883	0.408	0.181	0.204	-8774.240
901	8	500	491	0.5037	0.241	0.315	0.267	0.283	0.293	0.251	0.281	0.221	0.333	0.293	0.298	0.291	0.307	0.257	1.977	0.404	0.190	0.228	-8776.859
902	8	500	494	0.4986	0.352	0.271	0.342	0.307	0.288	0.330	0.269	0.328	0.262	0.259	0.295	0.285	0.368	0.347	1.912	0.447	0.222	0.198	-9069.948
903	8	500	492	0.5013	0.251	0.342	0.270	0.286	0.300	0.313	0.286	0.303	0.256	0.268	0.348	0.311	0.308	0.264	1.984	0.424	0.289	0.203	-8941.985
904	8	500	495	0.5177	0.272	0.297	0.300	0.289	0.331	0.333	0.285	0.258	0.281	0.322	0.281	0.290	0.270	0.337	2.028	0.254	0.140	0.204	-8942.285
905	8	500	487	0.5127	0.252	0.288	0.220	0.349	0.379	0.329	0.284	0.247	0.256	0.294	0.348	0.296	0.286	0.257	1.950	0.292	0.195	0.198	-8989.273
906	8	500	490	0.5181	0.351	0.309	0.300	0.269	0.318	0.239	0.273	0.307	0.327	0.337	0.248	0.313	0.262	0.253	2.009	0.319	0.141	0.224	-8868.652
907	8	500	490	0.5180	0.226	0.277	0.271	0.361	0.274	0.296	0.328	0.236	0.330	0.330	0.278	0.316	0.286	0.344	1.900	0.453	0.232	0.202	-8970.976
908	8	500	488	0.5217	0.265	0.265	0.298	0.329	0.300	0.264	0.293	0.333	0.303	0.270	0.277	0.293	0.274	0.286	2.011	0.285	0.130	0.226	-8874.296
909	8	500	496	0.5052	0.274	0.236	0.288	0.355	0.286	0.286	0.296	0.292	0.269	0.375	0.311	0.297	0.287	0.313	1.791	0.393	0.184	0.177	-8974.882
910	8	500	493	0.5218	0.266	0.273	0.277	0.275	0.305	0.306	0.324	0.307	0.265	0.336	0.333	0.248	0.318	0.287	1.901	0.414	0.205	0.215	-8983.322
911	8	500	496	0.5087	0.294	0.369	0.333	0.225	0.281	0.246	0.334	0.260	0.206	0.301	0.305	0.274	0.282	0.328	2.028	0.264	0.159	0.188	-8875.259
912	8	500	496	0.5172	0.299	0.263	0.280	0.355	0.306	0.275	0.269	0.303	0.301	0.261	0.312	0.252	0.300	0.316	1.859	0.396	0.200	0.179	-8856.311
913	8	500	493	0.5139	0.255	0.259	0.248	0.318	0.317	0.239	0.240	0.331	0.331	0.359	0.323	0.309	0.296	0.233	2.013	0.463	0.204	0.181	-8707.454
914	8	500	495	0.5043	0.300	0.281	0.310	0.283	0.269	0.306	0.280	0.283	0.302	0.396	0.257	0.321	0.370	0.262	1.806	0.501	0.240	0.171	-8890.356
915	8	500	495	0.5126	0.288	0.303	0.314	0.286	0.307	0.303	0.284	0.245	0.304	0.259	0.272	0.272	0.255	0.284	1.962	0.439	0.217	0.206	-8772.941
916	8	500	493	0.4818	0.242	0.308	0.298	0.293	0.320	0.337	0.265	0.241	0.278	0.332	0.243	0.343	0.327	0.292	1.850	0.422	0.192	0.214	-8913.280
917	8	500	495	0.4992	0.343	0.288	0.311	0.352	0.259	0.329	0.328	0.279	0.237	0.282	0.293	0.236	0.322	0.267	2.025	0.309	0.154	0.221	-8992.432
918	8	500	492	0.5062	0.286	0.263	0.252	0.282	0.285	0.316	0.318	0.217	0.239	0.300	0.327	0.325	0.320	0.286	1.988	0.218	0.120	0.191	-8886.125
919	8	500	491	0.4993	0.328	0.306	0.352	0.291	0.255	0.304	0.275	0.283	0.302	0.256	0.319	0.296	0.274	0.304	2.085	0.395	0.176	0.237	-8951.775
920	8	500	483	0.5128	0.222	0.305	0.311	0.294	0.280	0.291	0.321	0.261	0.323	0.335	0.290	0.290	0.322	0.318	1.883	0.294	0.156	0.227	-9040.168
921	8	500	493	0.4975	0.283	0.276	0.346	0.295	0.278	0.252	0.303	0.283	0.397	0.276	0.340	0.261	0.326	0.321	1.948	0.360	0.186	0.188	-8974.413
922	8	500	493	0.5174	0.294	0.249	0.281	0.307	0.266	0.276	0.269	0.286	0.276	0.276	0.287	0.344	0.244	0.341	1.870	0.374	0.182	0.176	-8734.119
923	8	500	494	0.5160	0.246	0.299	0.332	0.356	0.281	0.247	0.289	0.269	0.309	0.278	0.283	0.232	0.310	0.293	1.781	0.409	0.177	0.181	-8887.553
924	8	500	492	0.5247	0.240	0.315	0.328	0.356	0.322	0.316	0.304	0.285	0.321	0.266	0.330	0.226	0.324	0.322	2.001	0.568	0.293	0.190	-8991.567
925	8	500	496	0.5078	0.276	0.232	0.333	0.260	0.334	0.268	0.380	0.286	0.286	0.324	0.265	0.243	0.298	0.281	1.945	0.432	0.203	0.191	-8849.024
926	8	500	487	0.5377	0.236	0.272	0.303	0.263	0.274	0.330	0.290	0.229	0.333	0.295	0.316	0.291	0.274	0.261	1.689	0.339	0.142	0.180	-8767.794
927	8	500	492	0.5101	0.313	0.325	0.248	0.287	0.333	0.267	0.306	0.276	0.281	0.253	0.334	0.273	0.304	0.280	2.109	0.225	0.122	0.184	-8866.891
928	8	500	493	0.5058	0.221	0.286	0.355	0.289	0.285	0.301	0.299	0.299	0.305	0.275	0.327	0.302	0.302	0.301	1.964	0.372	0.173	0.199	-8956.890
929	8	500	491	0.5195	0.246	0.279	0.387	0.245	0.440	0.305	0.326	0.253	0.301	0.345	0.266	0.283	0.276	0.313	2.125	0.435	0.208	0.236	-9051.533
930	8	500	491	0.5203	0.294	0.258	0.330	0.290	0.348	0.305	0.363	0.279	0.341	0.324	0.283	0.228	0.308	0.278	1.970	0.439	0.202	0.182	-8957.340
931	8	500	496	0.5267	0.257	0.360	0.313	0.318	0.279	0.278	0.271	0.284	0.314	0.304	0.312	0.299	0.318	0.227	2.071	0.249	0.139	0.216	-8990.086
932	8	500	494	0.5074	0.254	0.286	0.339	0.279	0.274	0.247	0.272	0.312	0.322	0.227	0.357	0.279	0.268	0.231	1.831	0.486	0.256	0.192	-8743.060
933	8	500	497	0.5217	0.252	0.310	0.308	0.284	0.242	0.271	0.265	0.292	0.283	0.304	0.304	0.313	0.276	0.248	1.970	0.443	0.217	0.214	-8818.703
934	8	500	493	0.5226	0.261	0.271	0.232	0.282	0.196	0.251	0.256	0.297	0.248	0.241	0.308	0.263	0.319	0.283	1.864	0.392	0.138	0.229	-8533.729
935	8	500	495	0.5186	0.213	0.345	0.258	0.313	0.333	0.286	0.297	0.274	0.325	0.321	0.301	0.317	0.287	0.319	2.148	0.383	0.242	0.198	-9021.199
936	8	500	491	0.5017	0.291	0.308	0.315	0.297	0.337	0.307	0.281	0.304	0.344	0.318	0.228	0.248	0.257	0.342	2.009	0.383	0.173	0.208	-8912.268
937	8	500	494	0.5370	0.252	0.271	0.172	0.340	0.297	0.262	0.261	0.310	0.268	0.363	0.274	0.307	0.240	0.332	1.923	0.397	0.143	0.202	-8667.971
938	8	500	489	0.5242	0.303	0.315	0.284	0.364	0.317	0.284	0.283	0.355	0.266	0.289	0.343	0.247	0.234	0.298	1.913	0.385	0.189	0.178	-8910.922
939	8	500	495	0.5088	0.334	0.262	0.325	0.280	0.285	0.324	0.254	0.289	0.279	0.287	0.295	0.286	0.312	0.238	1.895	0.399	0.194	0.219	-8891.412
940	8	500	493	0.5041	0.248	0.288	0.313	0.334	0.273	0.311	0.312	0.286	0.309	0.314	0.364	0.292	0.272	0.257	2.068	0.437	0.257	0.174	-8925.749
941	8	500	496	0.5076	0.263	0.319	0.271	0.324	0.297	0.247	0.277	0.268	0.236	0.293	0.291	0.313	0.295	0.326	1.872	0.525	0.230	0.214	-8835.671
942	8	500	491	0.5181	0.192	0.272	0.250	0.274	0.247	0.261	0.279	0.272	0.332	0.320	0.241	0.249	0.309	0.296	2.143	0.377	0.188	0.179	-8509.001
943	8	500	495	0.5257	0.288	0.354	0.297	0.350	0.316	0.298	0.410	0.242	0.270	0.335	0.329	0.331	0.317	0.322	2.075	0.377	0.289	0.184	-9311.890
944	8	500	496	0.5074	0.278	0.260	0.311	0.300	0.264	0.296	0.245	0.249	0.253	0.261	0.383	0.306	0.306	0.278	1.837	0.317	0.139	0.182	-8792.945
945	8	500	494	0.5017	0.288	0.364	0.293	0.273	0.283	0.225	0.308	0.313	0.342	0.288	0.315	0.332	0.228	0.295	2.174	0.397	0.201	0.214	-8902.369
946	8	500	495	0.5124	0.288	0.291	0.317	0.331	0.297	0.307	0.299	0.309	0.355	0.239	0.312	0.323	0.317	0.335	2.156	0.362	0.170	0.204	-9084.742
947	8	500	500	0.5364	0.312	0.294	0.360	0.258	0.369	0.357	0.320	0.325	0.314	0.362	0.325	0.359	0.324	0.303	2.092	0.425	0.248	0.209	-9422.779
948	8	500	492	0.5268	0.303	0.305	0.278	0.265	0.363	0.297	0.289	0.259	0.304	0.326	0.282	0.301	0.255	0.310	1.945	0.359	0.188	0.204	-8925.155
949	8	500	499	0.5304	0.259	0.304	0.313	0.288	0.369	0.313	0.258	0.261	0.296	0.341	0.322	0.269	0.355	0.292	2.064	0.248	0.128	0.202	-9094.598
950	8	500	496	0.5138	0.284	0.320	0.372	0.310	0.316	0.326	0.305	0.291	0.320	0.355	0.230	0.244	0.283	0.316	1.941	0.448	0.244	0.184	-9040.182
951	8	500	493	0.5108	0.278	0.339	0.287	0.275	0.195	0.273	0.288	0.235	0.291	0.288	0.324	0.334	0.282	0.302	1.906	0.434	0.178	0.240	-8853.490
952	8	500	492	0.5068	0.353	0.302	0.230	0.293	0.247	0.290	0.358	0.276	0.368	0.376	0.268	0.280	0.328	0.291	1.780	0.431	0.216	0.206	-9049.683
953	8	500	490	0.5129	0.227	0.292	0.313	0.299	0.336	0.324	0.337	0.290	0.305	0.349	0.258	0.288	0.322	0.245	2.042	0.423	0.278	0.158	-8925.032
954	8	500	489	0.5146	0.296	0.262	0.275	0.260	0.248	0.263	0.345	0.283	0.249	0.278	0.291	0.232	0.269	0.298	1.963	0.536	0.256	0.217	-8656.216
955	8	500	495	0.5120	0.308	0.280	0.217	0.362	0.238	0.267	0.335	0.232	0.377	0.258	0.321	0.286	0.284	0.350	1.901	0.396	0.201	0.202	-8910.982
956	8	500	492	0.5084	0.315	0.306	0.299	0.263	0.232	0.328	0.220	0.353	0.337	0.308	0.267	0.291	0.279	0.335	2.042	0.371	0.171	0.184	-8843.380
957	8	500	490	0.5099	0.217	0.289	0.281	0.304	0.279	0.352	0.302	0.263	0.248	0.266	0.338	0.363	0.263	0.303	1.932	0.314	0.136	0.185	-8840.187
958	8	500	495	0.5113	0.296	0.295	0.302	0.284	0.330	0.285	0.257	0.257	0.311	0.324	0.289	0.290	0.345	0.325	2.014	0.171	0.080	0.193	-9002.519
959	8	500	494	0.5118	0.223	0.289	0.292	0.298	0.323	0.318	0.233	0.268	0.277	0.297	0.308	0.305	0.296	0.246	1.969	0.268	0.125	0.204	-8814.676
960	8	500	495	0.5062	0.294	0.283	0.283	0.225	0.253	0.334	0.308	0.252	0.317	0.323	0.197	0.295	0.313	0.316	1.951	0.267	0.105	0.188	-8763.949
961	8	500	492	0.5073	0.349	0.341	0.264	0.331	0.260	0.358	0.325	0.310	0.252	0.256	0.331	0.279	0.345	0.300	2.049	0.388	0.213	0.181	-9047.539
962	8	500	495	0.5226	0.301	0.319	0.316	0.346	0.255	0.343	0.322	0.307	0.257	0.340	0.341	0.249	0.278	0.382	2.119	0.388	0.185	0.208	-9150.575
963	8	500	494	0.5185	0.319	0.297	0.291	0.263	0.290	0.272	0.313	0.255	0.313	0.250	0.307	0.344	0.263	0.293	1.876	0.371	0.225	0.209	-8926.948
964	8	500	490	0.5168	0.319	0.249	0.300	0.272	0.354	0.288	0.256	0.259	0.248	0.299	0.351	0.360	0.307	0.307	1.773	0.384	0.193	0.191	-8954.997
965	8	500	493	0.5055	0.311	0.298	0.328	0.274	0.293	0.279	0.299	0.274	0.347	0.324	0.265	0.300	0.240	0.299	1.967	0.464	0.185	0.212	-8861.376
966	8	500	490	0.5006	0.249	0.253	0.300	0.307	0.281	0.256	0.294	0.291	0.254	0.304	0.277	0.302	0.330	0.297	1.767	0.344	0.274	0.172	-8904.347
967	8	500	491	0.4912	0.302	0.326	0.357	0.298	0.319	0.340	0.295	0.285	0.273	0.270	0.333	0.280	0.267	0.326	2.027	0.253	0.123	0.220	-9112.047
968	8	500	495	0.5117	0.274	0.305	0.319	0.262	0.219	0.353	0.308	0.320	0.349	0.286	0.293	0.298	0.300	0.320	1.966	0.416	0.196	0.187	-8958.100
969	8	500	495	0.5320	0.320	0.343	0.222	0.339	0.292	0.261	0.338	0.377	0.329	0.312	0.239	0.271	0.306	0.358	1.951	0.334	0.177	0.217	-9109.173
970	8	500	491	0.5196	0.289	0.322	0.258	0.375	0.316	0.290	0.260	0.263	0.286	0.295	0.292	0.249	0.324	0.306	1.888	0.473	0.235	0.156	-8788.842
971	8	500	496	0.5195	0.266	0.309	0.326	0.273	0.256	0.304	0.309	0.337	0.379	0.284	0.249	0.237	0.243	0.352	2.218	0.388	0.209	0.174	-8829.090
972	8	500	495	0.5142	0.259	0.294	0.284	0.308	0.288	0.272	0.280	0.349	0.291	0.265	0.298	0.329	0.309	0.329	2.163	0.398	0.226	0.158	-8832.823
973	8	500	492	0.5128	0.333	0.309	0.288	0.240	0.330	0.309	0.286	0.275	0.274	0.282	0.334	0.246	0.259	0.266	1.940	0.325	0.151	0.176	-8761.342
974	8	500	495	0.5126	0.274	0.321	0.355	0.222	0.249	0.288	0.315	0.239	0.306	0.292	0.301	0.309	0.279	0.318	1.866	0.354	0.128	0.197	-8817.314
975	8	500	493	0.5197	0.276	0.324	0.261	0.280	0.305	0.299	0.224	0.205	0.343	0.290	0.275	0.292	0.311	0.265	1.837	0.200	0.098	0.195	-8820.449
976	8	500	495	0.5067	0.297	0.259	0.309	0.278	0.326	0.289	0.314	0.261	0.278	0.319	0.272	0.300	0.312	0.291	1.891	0.370	0.176	0.234	-8994.683
977	8	500	492	0.5137	0.285	0.346	0.276	0.368	0.319	0.261	0.279	0.220	0.326	0.299	0.316	0.304	0.291	0.333	2.038	0.376	0.195	0.187	-8962.751
978	8	500	494	0.5093	0.296	0.281	0.294	0.356	0.316	0.248	0.293	0.266	0.267	0.333	0.300	0.264	0.342	0.268	1.962	0.375	0.218	0.195	-8913.539
979	8	500	493	0.5075	0.272	0.299	0.219	0.329	0.302	0.311	0.277	0.247	0.344	0.376	0.271	0.299	0.287	0.313	2.090	0.354	0.168	0.208	-8920.998
980	8	500	495	0.5118	0.278	0.278	0.352	0.324	0.310	0.311	0.281	0.281	0.383	0.291	0.322	0.340	0.378	0.282	2.005	0.330	0.158	0.205	-9187.074
981	8	500	495	0.5043	0.278	0.294	0.263	0.259	0.345	0.271	0.320	0.248	0.273	0.306	0.346	0.316	0.344	0.298	1.858	0.393	0.155	0.201	-8940.600
982	8	500	493	0.5062	0.240	0.364	0.239	0.350	0.369	0.315	0.294	0.235	0.238	0.345	0.346	0.317	0.334	0.282	1.849	0.446	0.205	0.200	-9056.945
983	8	500	492	0.5338	0.322	0.349	0.315	0.306	0.306	0.302	0.308	0.229	0.228	0.320	0.266	0.344	0.269	0.286	2.015	0.427	0.189	0.206	-8939.612
984	8	500	497	0.4995	0.324	0.295	0.334	0.261	0.310	0.319	0.268	0.329	0.239	0.259	0.287	0.296	0.312	0.298	1.970	0.499	0.180	0.223	-8881.959
985	8	500	493	0.5255	0.252	0.291	0.353	0.283	0.294	0.287	0.323	0.254	0.271	0.235	0.259	0.260	0.339	0.251	1.942	0.220	0.086	0.181	-8743.248
986	8	500	496	0.5115	0.253	0.394	0.318	0.312	0.276	0.313	0.298	0.242	0.285	0.288	0.328	0.345	0.362	0.254	1.853	0.321	0.204	0.172	-9103.487
987	8	500	494	0.5133	0.223	0.287	0.323	0.288	0.269	0.311	0.284	0.252	0.301	0.254	0.260	0.299	0.270	0.328	1.822	0.422	0.201	0.201	-8792.085
988	8	500	495	0.5070	0.249	0.254	0.382	0.265	0.272	0.308	0.320	0.327	0.336	0.324	0.346	0.210	0.300	0.294	2.058	0.247	0.105	0.212	-9015.423
989	8	500	498	0.5192	0.301	0.305	0.309	0.257	0.318	0.288	0.284	0.343	0.284	0.294	0.276	0.286	0.345	0.277	2.141	0.347	0.185	0.209	-8957.723
990	8	500	493	0.4944	0.267	0.278	0.300	0.276	0.329	0.303	0.264	0.229	0.299	0.362	0.255	0.275	0.282	0.327	2.003	0.352	0.168	0.201	-8841.559
991	8	500	491	0.5008	0.315	0.294	0.362	0.320	0.307	0.294	0.304	0.280	0.341	0.346	0.275	0.325	0.305	0.315	1.970	0.341	0.185	0.214	-9187.689
992	8	500	492	0.5148	0.272	0.357	0.332	0.324	0.290	0.314	0.280	0.221	0.318	0.286	0.317	0.236	0.322	0.315	2.052	0.437	0.223	0.207	-9022.798
993	8	500	497	0.5117	0.242	0.287	0.309	0.351	0.224	0.321	0.273	0.267	0.309	0.307	0.292	0.232	0.315	0.272	1.963	0.379	0.168	0.206	-8783.973
994	8	500	497	0.5207	0.319	0.332	0.324	0.264	0.285	0.316	0.392	0.249	0.286	0.270	0.306	0.269	0.328	0.299	1.814	0.346	0.181	0.187	-9066.105
995	8	500	498	0.4996	0.273	0.309	0.324	0.275	0.244	0.312	0.309	0.313	0.273	0.345	0.259	0.295	0.351	0.280	1.876	0.409	0.195	0.220	-8990.127
996	8	500	492	0.5152	0.225	0.233	0.349	0.349	0.379	0.337	0.274	0.286	0.394	0.311	0.324	0.317	0.328	0.287	2.075	0.239	0.144	0.186	-9149.216
997	8	500	491	0.5116	0.299	0.281	0.326	0.260	0.333	0.285	0.273	0.244	0.291	0.298	0.348	0.238	0.317	0.348	1.956	0.355	0.188	0.200	-8981.882
998	8	500	491	0.5177	0.316	0.303	0.289	0.289	0.330	0.348	0.305	0.263	0.305	0.327	0.313	0.321	0.285	0.256	1.971	0.327	0.180	0.176	-9010.880
999	8	500	491	0.5179	0.259	0.329	0.255	0.328	0.234	0.307	0.308	0.256	0.279	0.290	0.292	0.273	0.286	0.307	2.016	0.445	0.245	0.191	-8829.809
1000	8	500	495	0.5154	0.287	0.211	0.279	0.327	0.272	0.324	0.319	0.318	0.325	0.276	0.303	0.306	0.292	0.248	2.039	0.393	0.178	0.200	-8891.687
