1	16	500	500	0.4961	0.277	0.320	0.293	0.308	0.352	0.266	0.286	0.314	0.293	0.315	0.334	0.321	0.349	0.265	0.300	0.267	0.362	0.292	0.335	0.255	0.285	0.333	0.323	0.358	0.303	0.260	0.350	0.242	0.274	0.331	1.930	0.638	0.283	0.191	5.691	-16720.169
2	16	500	500	0.5104	0.322	0.269	0.214	0.349	0.257	0.324	0.327	0.309	0.284	0.284	0.277	0.336	0.284	0.315	0.271	0.320	0.272	0.317	0.333	0.290	0.279	0.329	0.230	0.249	0.328	0.361	0.310	0.318	0.307	0.309	1.931	0.638	0.321	0.199	7.200	-16807.706
3	16	500	500	0.5185	0.320	0.379	0.318	0.289	0.336	0.281	0.303	0.336	0.299	0.324	0.313	0.258	0.304	0.324	0.351	0.327	0.321	0.287	0.254	0.287	0.270	0.331	0.300	0.375	0.302	0.335	0.266	0.301	0.357	0.330	1.955	0.515	0.271	0.231	3.456	-17399.805
4	16	500	499	0.5070	0.332	0.312	0.348	0.331	0.271	0.311	0.343	0.293	0.270	0.255	0.295	0.322	0.283	0.285	0.284	0.276	0.304	0.320	0.285	0.359	0.286	0.257	0.299	0.282	0.309	0.337	0.321	0.296	0.304	0.289	1.973	0.641	0.308	0.199	8.992	-16731.504
5	16	500	500	0.5192	0.317	0.325	0.283	0.264	0.308	0.290	0.313	0.258	0.331	0.331	0.282	0.290	0.330	0.269	0.332	0.376	0.278	0.362	0.331	0.267	0.286	0.287	0.283	0.253	0.241	0.284	0.302	0.307	0.292	0.325	2.137	0.501	0.257	0.195	2.057	-16628.649
6	16	500	500	0.5136	0.266	0.383	0.288	0.296	0.264	0.378	0.299	0.430	0.288	0.238	0.300	0.341	0.323	0.279	0.294	0.332	0.315	0.236	0.272	0.343	0.341	0.302	0.332	0.333	0.333	0.254	0.283	0.277	0.312	0.363	2.052	0.536	0.283	0.210	4.844	-17140.778
7	16	500	500	0.5311	0.267	0.298	0.293	0.312	0.313	0.296	0.318	0.298	0.274	0.347	0.318	0.319	0.238	0.296	0.320	0.314	0.335	0.355	0.250	0.357	0.289	0.302	0.336	0.338	0.287	0.311	0.266	0.305	0.430	0.319	1.852	0.552	0.295	0.198	3.395	-17270.949
8	16	500	500	0.5015	0.266	0.226	0.262	0.294	0.281	0.331	0.278	0.268	0.341	0.309	0.261	0.244	0.248	0.295	0.290	0.280	0.375	0.283	0.324	0.270	0.288	0.287	0.300	0.296	0.346	0.222	0.307	0.257	0.307	0.278	1.952	0.602	0.259	0.190	5.757	-16345.954
9	16	500	500	0.5018	0.264	0.248	0.277	0.303	0.294	0.256	0.302	0.232	0.333	0.357	0.248	0.319	0.307	0.241	0.288	0.293	0.300	0.246	0.288	0.282	0.272	0.279	0.227	0.252	0.307	0.271	0.248	0.264	0.257	0.316	2.056	0.579	0.236	0.190	3.159	-15973.083
10	16	500	500	0.5230	0.349	0.204	0.338	0.296	0.282	0.371	0.363	0.296	0.312	0.317	0.363	0.273	0.350	0.326	0.332	0.347	0.297	0.316	0.277	0.294	0.296	0.287	0.360	0.275	0.209	0.248	0.356	0.328	0.292	0.283	2.044	0.600	0.288	0.194	5.685	-16820.595
11	16	500	500	0.5071	0.320	0.273	0.288	0.297	0.306	0.234	0.314	0.222	0.276	0.297	0.303	0.251	0.337	0.260	0.290	0.295	0.279	0.235	0.344	0.274	0.301	0.260	0.295	0.261	0.322	0.368	0.265	0.296	0.332	0.268	1.959	0.641	0.262	0.191	4.200	-16379.431
12	16	500	500	0.5151	0.307	0.262	0.273	0.319	0.294	0.263	0.260	0.294	0.290	0.364	0.276	0.276	0.208	0.319	0.286	0.344	0.330	0.347	0.245	0.293	0.260	0.265	0.250	0.214	0.299	0.327	0.333	0.275	0.257	0.376	2.096	0.656	0.300	0.196	6.204	-16376.255
13	16	500	500	0.4946	0.257	0.307	0.348	0.278	0.257	0.240	0.275	0.303	0.341	0.271	0.314	0.252	0.273	0.273	0.263	0.302	0.266	0.242	0.285	0.323	0.421	0.286	0.298	0.356	0.270	0.285	0.275	0.312	0.288	0.291	1.939	0.639	0.302	0.196	5.191	-16566.093
14	16	500	500	0.5259	0.295	0.238	0.282	0.313	0.336	0.324	0.308	0.293	0.348	0.261	0.289	0.312	0.229	0.294	0.266	0.290	0.400	0.314	0.312	0.350	0.281	0.304	0.258	0.273	0.244	0.293	0.364	0.347	0.261	0.320	1.911	0.608	0.299	0.214	7.690	-16881.819
15	16	500	500	0.5115	0.304	0.360	0.315	0.297	0.322	0.337	0.281	0.268	0.259	0.349	0.310	0.334	0.329	0.256	0.340	0.278	0.276	0.209	0.267	0.274	0.284	0.280	0.280	0.383	0.298	0.336	0.315	0.281	0.268	0.314	1.977	0.603	0.316	0.189	8.812	-16719.628
16	16	500	499	0.5288	0.277	0.314	0.356	0.288	0.259	0.277	0.324	0.356	0.341	0.286	0.289	0.262	0.277	0.292	0.285	0.283	0.282	0.332	0.277	0.325	0.244	0.339	0.315	0.324	0.292	0.287	0.270	0.316	0.287	0.291	2.065	0.575	0.295	0.210	2.211	-16833.751
17	16	500	500	0.5281	0.335	0.317	0.243	0.382	0.291	0.310	0.263	0.422	0.262	0.346	0.256	0.323	0.331	0.293	0.297	0.357	0.291	0.286	0.305	0.314	0.307	0.258	0.290	0.296	0.334	0.274	0.286	0.271	0.320	0.292	1.900	0.620	0.289	0.203	6.460	-16922.367
18	16	500	497	0.5182	0.331	0.444	0.271	0.368	0.295	0.307	0.249	0.303	0.314	0.317	0.262	0.268	0.341	0.290	0.258	0.347	0.288	0.225	0.296	0.275	0.289	0.336	0.242	0.353	0.393	0.298	0.319	0.303	0.292	0.308	2.031	0.576	0.345	0.193	5.915	-16835.187
19	16	500	499	0.5087	0.236	0.335	0.272	0.272	0.310	0.276	0.288	0.339	0.237	0.262	0.275	0.382	0.351	0.318	0.300	0.209	0.332	0.328	0.323	0.276	0.277	0.263	0.334	0.328	0.278	0.351	0.317	0.299	0.320	0.363	1.950	0.654	0.301	0.208	4.492	-16886.026
20	16	500	500	0.4888	0.356	0.326	0.291	0.292	0.404	0.355	0.320	0.272	0.407	0.257	0.295	0.295	0.298	0.307	0.340	0.324	0.261	0.307	0.295	0.284	0.250	0.342	0.321	0.287	0.299	0.369	0.346	0.242	0.333	0.272	2.091	0.584	0.318	0.192	8.576	-17031.132
21	16	500	499	0.5316	0.318	0.292	0.280	0.248	0.297	0.268	0.280	0.274	0.226	0.359	0.284	0.347	0.303	0.242	0.318	0.342	0.269	0.253	0.275	0.283	0.273	0.324	0.284	0.326	0.296	0.263	0.300	0.272	0.291	0.300	2.088	0.566	0.268	0.195	2.791	-16415.076
22	16	500	500	0.5028	0.279	0.328	0.389	0.312	0.331	0.244	0.256	0.328	0.268	0.287	0.310	0.347	0.316	0.309	0.295	0.313	0.323	0.350	0.330	0.338	0.335	0.335	0.308	0.273	0.393	0.323	0.322	0.325	0.346	0.277	2.016	0.598	0.319	0.209	6.154	-17370.171
23	16	500	500	0.5101	0.336	0.286	0.306	0.278	0.281	0.307	0.268	0.293	0.271	0.253	0.328	0.326	0.318	0.268	0.293	0.305	0.276	0.289	0.265	0.348	0.298	0.294	0.307	0.288	0.270	0.322	0.278	0.337	0.363	0.275	2.140	0.618	0.296	0.200	3.132	-16648.059
24	16	500	500	0.5065	0.358	0.247	0.294	0.296	0.319	0.270	0.331	0.302	0.313	0.280	0.300	0.324	0.353	0.265	0.263	0.385	0.280	0.304	0.334	0.246	0.343	0.234	0.310	0.297	0.334	0.294	0.345	0.326	0.307	0.338	1.928	0.579	0.330	0.194	5.499	-16906.157
25	16	500	499	0.5083	0.268	0.278	0.308	0.338	0.271	0.263	0.266	0.308	0.329	0.324	0.315	0.291	0.228	0.269	0.344	0.279	0.361	0.265	0.307	0.276	0.305	0.321	0.269	0.293	0.270	0.295	0.279	0.296	0.240	0.324	2.033	0.703	0.263	0.212	16.018	-16554.693
26	16	500	500	0.5219	0.346	0.265	0.356	0.318	0.278	0.246	0.272	0.283	0.347	0.306	0.308	0.283	0.260	0.360	0.304	0.341	0.285	0.233	0.290	0.292	0.282	0.345	0.317	0.363	0.295	0.311	0.305	0.302	0.342	0.283	2.152	0.616	0.285	0.207	3.150	-16859.049
27	16	500	500	0.5110	0.263	0.251	0.321	0.310	0.256	0.374	0.295	0.305	0.390	0.310	0.348	0.301	0.225	0.352	0.285	0.270	0.307	0.336	0.294	0.315	0.409	0.236	0.252	0.288	0.260	0.280	0.318	0.259	0.250	0.288	1.949	0.604	0.349	0.191	8.361	-16650.901
28	16	500	500	0.5032	0.339	0.304	0.309	0.340	0.232	0.283	0.381	0.312	0.282	0.283	0.281	0.364	0.275	0.353	0.250	0.373	0.312	0.302	0.272	0.300	0.331	0.303	0.320	0.270	0.271	0.335	0.272	0.351	0.331	0.295	1.985	0.501	0.255	0.182	1.733	-16840.154
29	16	500	500	0.5228	0.299	0.364	0.286	0.305	0.315	0.302	0.341	0.312	0.304	0.299	0.229	0.370	0.263	0.345	0.245	0.270	0.229	0.364	0.267	0.285	0.312	0.340	0.238	0.376	0.274	0.300	0.281	0.280	0.309	0.268	1.821	0.583	0.328	0.197	5.812	-16902.378
30	16	500	499	0.5071	0.276	0.277	0.320	0.355	0.297	0.295	0.292	0.303	0.399	0.319	0.289	0.252	0.247	0.355	0.330	0.307	0.260	0.293	0.316	0.270	0.371	0.267	0.319	0.330	0.279	0.249	0.353	0.309	0.329	0.259	2.068	0.539	0.263	0.202	2.478	-17005.114
31	16	500	500	0.4973	0.283	0.287	0.234	0.322	0.295	0.284	0.277	0.284	0.311	0.296	0.272	0.352	0.305	0.222	0.312	0.338	0.240	0.428	0.314	0.308	0.208	0.333	0.287	0.294	0.327	0.300	0.298	0.216	0.296	0.272	1.906	0.625	0.258	0.211	5.152	-16552.726
32	16	500	500	0.5085	0.286	0.232	0.269	0.248	0.323	0.311	0.297	0.330	0.325	0.314	0.278	0.295	0.322	0.297	0.302	0.330	0.332	0.387	0.220	0.396	0.257	0.282	0.361	0.269	0.350	0.279	0.331	0.260	0.331	0.288	2.104	0.336	0.196	0.208	1.461	-17052.694
33	16	500	500	0.5042	0.315	0.277	0.308	0.296	0.293	0.278	0.302	0.303	0.292	0.300	0.343	0.262	0.266	0.267	0.295	0.337	0.278	0.341	0.295	0.310	0.298	0.274	0.292	0.322	0.303	0.339	0.217	0.283	0.288	0.326	1.942	0.577	0.279	0.195	4.054	-16639.581
34	16	500	500	0.5138	0.337	0.327	0.328	0.245	0.283	0.328	0.266	0.315	0.300	0.284	0.317	0.337	0.288	0.392	0.328	0.299	0.275	0.259	0.331	0.309	0.354	0.296	0.335	0.290	0.313	0.306	0.267	0.319	0.270	0.326	1.930	0.331	0.168	0.197	1.000	-17076.680
35	16	500	500	0.5006	0.252	0.379	0.318	0.330	0.282	0.320	0.312	0.264	0.283	0.329	0.340	0.306	0.293	0.309	0.330	0.289	0.344	0.287	0.298	0.313	0.334	0.292	0.305	0.299	0.371	0.291	0.325	0.273	0.301	0.355	2.093	0.398	0.191	0.213	1.000	-17116.402
36	16	500	500	0.5020	0.327	0.322	0.242	0.369	0.283	0.261	0.241	0.301	0.265	0.309	0.332	0.300	0.343	0.255	0.293	0.370	0.338	0.313	0.276	0.328	0.309	0.245	0.260	0.240	0.311	0.242	0.355	0.313	0.355	0.271	2.026	0.600	0.293	0.194	6.281	-16577.745
37	16	500	500	0.5058	0.291	0.258	0.379	0.348	0.293	0.360	0.282	0.291	0.297	0.250	0.303	0.261	0.327	0.255	0.305	0.279	0.230	0.311	0.306	0.287	0.307	0.347	0.279	0.306	0.259	0.317	0.335	0.315	0.272	0.290	2.141	0.658	0.300	0.197	6.390	-16656.654
38	16	500	499	0.5108	0.298	0.278	0.367	0.273	0.358	0.280	0.329	0.336	0.295	0.290	0.300	0.385	0.351	0.341	0.317	0.359	0.336	0.269	0.300	0.299	0.295	0.357	0.342	0.329	0.324	0.342	0.276	0.280	0.306	0.291	2.003	0.569	0.351	0.197	6.068	-17355.530
39	16	500	500	0.5134	0.323	0.349	0.324	0.387	0.338	0.273	0.348	0.303	0.313	0.359	0.275	0.298	0.217	0.296	0.327	0.375	0.291	0.273	0.308	0.365	0.245	0.326	0.317	0.318	0.286	0.297	0.340	0.320	0.336	0.245	2.016	0.585	0.315	0.212	8.024	-17284.165
40	16	500	500	0.4996	0.303	0.292	0.249	0.409	0.282	0.330	0.257	0.271	0.327	0.358	0.319	0.331	0.314	0.340	0.275	0.270	0.259	0.271	0.269	0.353	0.281	0.345	0.309	0.350	0.304	0.342	0.318	0.266	0.320	0.259	2.217	0.563	0.361	0.175	13.908	-16752.042
41	16	500	500	0.5262	0.238	0.368	0.299	0.326	0.321	0.292	0.301	0.341	0.303	0.278	0.238	0.361	0.325	0.279	0.307	0.286	0.379	0.312	0.345	0.289	0.337	0.280	0.295	0.241	0.339	0.335	0.291	0.289	0.320	0.316	1.822	0.644	0.337	0.192	37.909	-16997.794
42	16	500	500	0.5171	0.248	0.314	0.325	0.280	0.267	0.226	0.291	0.279	0.389	0.311	0.316	0.295	0.285	0.310	0.291	0.253	0.313	0.320	0.265	0.287	0.297	0.326	0.318	0.343	0.302	0.256	0.288	0.302	0.238	0.350	2.052	0.655	0.345	0.203	36.575	-16733.234
43	16	500	499	0.5228	0.290	0.285	0.266	0.274	0.274	0.325	0.322	0.255	0.356	0.290	0.248	0.223	0.311	0.244	0.282	0.251	0.284	0.277	0.329	0.231	0.327	0.302	0.224	0.337	0.223	0.264	0.275	0.275	0.272	0.341	1.940	0.612	0.260	0.218	5.123	-16450.402
44	16	500	500	0.5325	0.297	0.333	0.317	0.356	0.286	0.290	0.352	0.331	0.271	0.301	0.326	0.295	0.356	0.319	0.304	0.275	0.342	0.275	0.314	0.271	0.322	0.311	0.354	0.302	0.308	0.325	0.300	0.278	0.317	0.322	1.969	0.549	0.314	0.185	6.034	-17212.214
45	16	500	500	0.5302	0.319	0.324	0.382	0.298	0.364	0.287	0.326	0.264	0.318	0.337	0.295	0.329	0.264	0.301	0.300	0.294	0.288	0.336	0.300	0.288	0.300	0.351	0.269	0.293	0.271	0.337	0.279	0.302	0.281	0.324	2.026	0.581	0.336	0.200	8.502	-17115.705
46	16	500	500	0.5187	0.232	0.315	0.262	0.248	0.272	0.316	0.325	0.287	0.317	0.272	0.280	0.310	0.361	0.273	0.305	0.326	0.261	0.283	0.320	0.297	0.310	0.298	0.313	0.301	0.325	0.288	0.268	0.316	0.236	0.326	1.892	0.580	0.280	0.212	4.003	-16823.401
47	16	500	500	0.5108	0.292	0.269	0.288	0.322	0.323	0.366	0.304	0.262	0.287	0.228	0.312	0.252	0.312	0.263	0.317	0.242	0.309	0.335	0.332	0.271	0.334	0.299	0.305	0.302	0.289	0.302	0.303	0.315	0.318	0.292	2.087	0.642	0.308	0.187	8.868	-16590.792
48	16	500	500	0.5039	0.361	0.324	0.281	0.306	0.276	0.296	0.276	0.286	0.291	0.227	0.343	0.260	0.358	0.293	0.271	0.284	0.340	0.324	0.269	0.241	0.288	0.279	0.303	0.226	0.219	0.333	0.294	0.341	0.241	0.293	1.870	0.652	0.270	0.202	4.959	-16538.191
49	16	500	500	0.5002	0.299	0.243	0.316	0.268	0.303	0.239	0.272	0.324	0.317	0.298	0.281	0.277	0.266	0.259	0.343	0.320	0.361	0.311	0.285	0.243	0.344	0.241	0.326	0.266	0.313	0.321	0.268	0.256	0.289	0.326	1.949	0.564	0.292	0.197	3.134	-16597.456
50	16	500	500	0.5125	0.343	0.319	0.265	0.344	0.389	0.334	0.315	0.372	0.303	0.339	0.322	0.339	0.158	0.354	0.291	0.292	0.345	0.293	0.280	0.319	0.328	0.299	0.290	0.328	0.344	0.283	0.354	0.257	0.294	0.317	2.055	0.553	0.314	0.213	6.041	-17312.272
51	16	500	500	0.5191	0.317	0.359	0.203	0.308	0.275	0.314	0.323	0.245	0.315	0.298	0.300	0.302	0.306	0.341	0.274	0.294	0.377	0.196	0.358	0.329	0.341	0.334	0.292	0.278	0.278	0.332	0.273	0.330	0.262	0.280	2.078	0.656	0.292	0.196	7.757	-16607.790
52	16	500	500	0.5234	0.298	0.274	0.310	0.289	0.350	0.241	0.320	0.276	0.299	0.279	0.321	0.280	0.310	0.283	0.309	0.273	0.325	0.287	0.309	0.236	0.258	0.326	0.278	0.182	0.341	0.266	0.296	0.281	0.263	0.314	2.067	0.634	0.265	0.187	2.941	-16414.372
53	16	500	499	0.5001	0.298	0.326	0.274	0.379	0.298	0.322	0.268	0.327	0.251	0.312	0.296	0.266	0.378	0.327	0.391	0.310	0.303	0.380	0.379	0.239	0.305	0.274	0.357	0.302	0.310	0.353	0.316	0.341	0.272	0.357	1.926	0.551	0.331	0.180	3.934	-17269.390
54	16	500	499	0.5115	0.311	0.335	0.331	0.285	0.301	0.268	0.292	0.318	0.297	0.246	0.276	0.314	0.289	0.310	0.305	0.289	0.334	0.306	0.266	0.323	0.279	0.305	0.328	0.312	0.333	0.247	0.352	0.260	0.319	0.256	2.054	0.566	0.296	0.186	3.375	-16639.235
55	16	500	499	0.5139	0.261	0.275	0.292	0.309	0.278	0.292	0.389	0.259	0.299	0.254	0.359	0.263	0.275	0.226	0.320	0.242	0.384	0.280	0.263	0.309	0.350	0.262	0.286	0.246	0.301	0.279	0.288	0.345	0.264	0.305	2.093	0.654	0.308	0.193	5.369	-16462.490
56	16	500	500	0.5207	0.291	0.301	0.335	0.249	0.268	0.321	0.303	0.341	0.310	0.314	0.264	0.308	0.290	0.265	0.289	0.222	0.351	0.251	0.357	0.352	0.323	0.328	0.276	0.220	0.301	0.317	0.287	0.251	0.328	0.318	2.045	0.608	0.283	0.204	3.117	-16798.458
57	16	500	499	0.5191	0.320	0.290	0.316	0.294	0.275	0.328	0.321	0.316	0.369	0.347	0.291	0.338	0.313	0.257	0.379	0.305	0.295	0.285	0.394	0.253	0.254	0.319	0.316	0.282	0.353	0.298	0.323	0.290	0.341	0.252	1.927	0.504	0.277	0.206	2.101	-17166.510
58	16	500	500	0.5250	0.275	0.261	0.285	0.297	0.319	0.271	0.261	0.333	0.296	0.303	0.243	0.355	0.354	0.282	0.309	0.302	0.319	0.294	0.300	0.243	0.294	0.299	0.291	0.286	0.305	0.301	0.334	0.277	0.303	0.310	2.005	0.636	0.294	0.198	4.641	-16629.036
59	16	500	500	0.5207	0.335	0.322	0.322	0.325	0.313	0.314	0.311	0.307	0.346	0.314	0.289	0.272	0.254	0.322	0.282	0.307	0.299	0.290	0.269	0.276	0.322	0.273	0.304	0.288	0.248	0.297	0.272	0.377	0.319	0.270	2.029	0.594	0.318	0.203	6.504	-16787.913
60	16	500	500	0.5123	0.289	0.272	0.308	0.264	0.339	0.323	0.368	0.294	0.308	0.272	0.330	0.244	0.323	0.337	0.300	0.292	0.215	0.246	0.241	0.321	0.364	0.327	0.249	0.273	0.297	0.291	0.280	0.353	0.279	0.283	1.930	0.613	0.280	0.190	8.049	-16644.644
61	16	500	500	0.5168	0.324	0.317	0.300	0.301	0.342	0.272	0.330	0.302	0.370	0.287	0.288	0.248	0.312	0.287	0.322	0.251	0.291	0.268	0.298	0.318	0.274	0.300	0.371	0.336	0.261	0.246	0.308	0.281	0.267	0.299	1.955	0.607	0.332	0.185	7.908	-16761.405
62	16	500	500	0.5133	0.255	0.273	0.339	0.295	0.308	0.337	0.291	0.306	0.284	0.296	0.286	0.275	0.288	0.299	0.283	0.256	0.238	0.273	0.348	0.248	0.323	0.358	0.364	0.284	0.273	0.315	0.328	0.289	0.304	0.277	1.970	0.632	0.312	0.200	15.589	-16642.271
63	16	500	500	0.5243	0.309	0.318	0.267	0.299	0.263	0.316	0.326	0.325	0.364	0.235	0.252	0.283	0.350	0.368	0.317	0.309	0.310	0.314	0.300	0.309	0.262	0.356	0.313	0.298	0.299	0.309	0.299	0.290	0.250	0.343	2.089	0.591	0.290	0.195	4.312	-16936.706
64	16	500	499	0.5181	0.310	0.292	0.279	0.355	0.281	0.259	0.310	0.367	0.315	0.271	0.339	0.286	0.322	0.267	0.343	0.284	0.313	0.284	0.327	0.298	0.268	0.308	0.302	0.277	0.288	0.388	0.270	0.282	0.303	0.300	1.968	0.605	0.287	0.206	6.527	-16894.243
65	16	500	500	0.5083	0.305	0.307	0.325	0.199	0.313	0.294	0.240	0.331	0.259	0.222	0.308	0.288	0.290	0.310	0.240	0.276	0.280	0.253	0.232	0.292	0.302	0.281	0.332	0.319	0.297	0.374	0.282	0.285	0.273	0.309	2.168	0.632	0.298	0.186	8.324	-16209.339
66	16	500	500	0.5203	0.289	0.371	0.296	0.253	0.283	0.256	0.290	0.319	0.289	0.372	0.313	0.279	0.292	0.315	0.272	0.247	0.273	0.348	0.351	0.263	0.294	0.286	0.322	0.315	0.307	0.309	0.292	0.296	0.276	0.257	2.096	0.592	0.293	0.197	3.489	-16743.320
67	16	500	499	0.5243	0.367	0.302	0.265	0.226	0.318	0.322	0.336	0.291	0.289	0.274	0.284	0.258	0.336	0.347	0.304	0.357	0.293	0.231	0.317	0.278	0.404	0.250	0.351	0.249	0.240	0.330	0.292	0.319	0.276	0.307	1.974	0.603	0.291	0.213	2.572	-16915.262
68	16	500	499	0.5139	0.286	0.304	0.304	0.282	0.276	0.283	0.337	0.317	0.371	0.281	0.304	0.275	0.338	0.338	0.287	0.319	0.338	0.309	0.314	0.323	0.342	0.262	0.368	0.264	0.294	0.305	0.368	0.327	0.324	0.269	2.097	0.570	0.331	0.218	2.725	-17255.099
69	16	500	500	0.5009	0.257	0.321	0.292	0.330	0.358	0.298	0.302	0.301	0.358	0.317	0.350	0.227	0.363	0.281	0.316	0.333	0.278	0.266	0.325	0.353	0.344	0.354	0.262	0.363	0.334	0.313	0.305	0.216	0.296	0.338	2.052	0.558	0.319	0.185	6.722	-17043.130
70	16	500	500	0.5122	0.298	0.257	0.269	0.350	0.279	0.290	0.248	0.298	0.281	0.322	0.239	0.261	0.291	0.285	0.303	0.280	0.291	0.256	0.271	0.288	0.275	0.233	0.325	0.254	0.276	0.300	0.289	0.318	0.295	0.289	1.954	0.648	0.259	0.195	6.379	-16206.728
71	16	500	500	0.5111	0.288	0.263	0.351	0.256	0.318	0.261	0.313	0.340	0.238	0.282	0.282	0.283	0.249	0.295	0.318	0.245	0.241	0.388	0.313	0.330	0.270	0.264	0.295	0.276	0.318	0.272	0.265	0.286	0.325	0.329	1.932	0.593	0.300	0.207	4.973	-16665.556
72	16	500	500	0.5200	0.309	0.285	0.321	0.349	0.246	0.284	0.308	0.303	0.280	0.335	0.299	0.339	0.292	0.309	0.288	0.290	0.255	0.374	0.262	0.295	0.320	0.303	0.276	0.319	0.320	0.323	0.323	0.272	0.313	0.382	2.042	0.624	0.295	0.195	7.300	-16882.286
73	16	500	500	0.5135	0.251	0.231	0.270	0.248	0.338	0.345	0.250	0.330	0.324	0.335	0.349	0.284	0.272	0.298	0.297	0.329	0.238	0.330	0.310	0.275	0.279	0.252	0.368	0.377	0.312	0.316	0.337	0.218	0.332	0.297	2.076	0.535	0.280	0.208	1.238	-16795.839
74	16	500	500	0.5175	0.303	0.292	0.362	0.315	0.358	0.349	0.283	0.280	0.304	0.285	0.289	0.341	0.287	0.312	0.288	0.328	0.321	0.274	0.244	0.257	0.276	0.329	0.280	0.265	0.266	0.244	0.307	0.321	0.268	0.338	1.963	0.562	0.303	0.207	4.615	-16743.363
75	16	500	500	0.5089	0.284	0.347	0.301	0.614	0.270	0.227	0.295	0.278	0.327	0.264	0.353	0.322	0.337	0.287	0.253	0.286	0.328	0.263	0.323	0.277	0.249	0.301	0.263	0.324	0.388	0.283	0.306	0.270	0.295	0.326	1.959	0.622	0.326	0.195	36.106	-16800.150
76	16	500	500	0.5057	0.341	0.252	0.343	0.277	0.278	0.333	0.336	0.284	0.278	0.240	0.293	0.284	0.290	0.280	0.370	0.357	0.345	0.253	0.333	0.292	0.317	0.362	0.314	0.331	0.313	0.322	0.298	0.288	0.268	0.316	2.044	0.589	0.340	0.202	5.098	-17069.935
77	16	500	497	0.5115	0.310	0.317	0.374	0.303	0.266	0.206	0.264	0.323	0.286	0.282	0.297	0.276	0.311	0.288	0.308	0.228	0.271	0.283	0.326	0.305	0.330	0.313	0.237	0.389	0.219	0.268	0.288	0.296	0.274	0.306	1.978	0.627	0.310	0.177	5.434	-16378.449
78	16	500	499	0.5040	0.320	0.321	0.241	0.342	0.287	0.312	0.310	0.294	0.310	0.283	0.320	0.306	0.317	0.263	0.338	0.353	0.231	0.340	0.333	0.280	0.298	0.271	0.283	0.288	0.328	0.361	0.240	0.300	0.309	0.240	2.023	0.631	0.292	0.193	7.322	-16595.312
79	16	500	500	0.5187	0.344	0.252	0.280	0.310	0.297	0.339	0.326	0.299	0.314	0.300	0.310	0.299	0.335	0.346	0.273	0.313	0.251	0.329	0.323	0.300	0.273	0.295	0.306	0.364	0.289	0.270	0.272	0.264	0.266	0.328	2.096	0.567	0.313	0.212	5.951	-16951.463
80	16	500	500	0.5231	0.327	0.301	0.298	0.305	0.314	0.327	0.310	0.248	0.369	0.369	0.216	0.343	0.329	0.271	0.275	0.322	0.301	0.301	0.263	0.322	0.366	0.281	0.292	0.332	0.362	0.319	0.320	0.301	0.283	0.279	2.176	0.579	0.284	0.190	8.030	-16804.789
81	16	500	499	0.5105	0.353	0.370	0.326	0.364	0.324	0.305	0.282	0.300	0.290	0.294	0.274	0.265	0.332	0.336	0.337	0.294	0.282	0.266	0.404	0.315	0.329	0.305	0.342	0.326	0.376	0.279	0.303	0.341	0.340	0.285	1.935	0.596	0.378	0.197	8.212	-17374.725
82	16	500	500	0.5019	0.322	0.296	0.247	0.277	0.359	0.351	0.326	0.356	0.309	0.323	0.310	0.285	0.227	0.329	0.367	0.364	0.310	0.272	0.326	0.301	0.311	0.281	0.307	0.313	0.280	0.290	0.297	0.324	0.282	0.267	1.979	0.574	0.318	0.205	3.587	-17017.647
83	16	500	500	0.5072	0.289	0.395	0.275	0.270	0.317	0.297	0.237	0.314	0.231	0.347	0.319	0.321	0.261	0.409	0.274	0.379	0.301	0.332	0.290	0.305	0.259	0.304	0.296	0.391	0.343	0.246	0.334	0.196	0.353	0.262	2.121	0.512	0.284	0.184	2.133	-16783.355
84	16	500	500	0.5259	0.251	0.244	0.307	0.292	0.289	0.320	0.308	0.323	0.249	0.357	0.256	0.326	0.363	0.324	0.295	0.309	0.327	0.269	0.266	0.297	0.302	0.283	0.300	0.305	0.243	0.302	0.345	0.350	0.263	0.249	1.970	0.641	0.289	0.236	7.953	-16953.194
85	16	500	499	0.5131	0.329	0.346	0.265	0.230	0.322	0.335	0.311	0.304	0.275	0.339	0.315	0.278	0.320	0.305	0.225	0.311	0.295	0.263	0.329	0.341	0.298	0.259	0.352	0.274	0.329	0.300	0.364	0.402	0.306	0.302	2.023	0.620	0.328	0.201	8.938	-16967.072
86	16	500	500	0.5100	0.357	0.336	0.314	0.365	0.319	0.318	0.310	0.364	0.208	0.345	0.306	0.298	0.310	0.331	0.261	0.300	0.287	0.317	0.369	0.246	0.306	0.246	0.343	0.295	0.375	0.268	0.333	0.289	0.324	0.300	1.957	0.644	0.321	0.195	6.300	-17186.433
87	16	500	500	0.5235	0.310	0.257	0.255	0.275	0.274	0.271	0.254	0.254	0.326	0.252	0.294	0.290	0.314	0.273	0.248	0.310	0.356	0.202	0.311	0.302	0.347	0.255	0.308	0.291	0.288	0.268	0.310	0.301	0.280	0.294	2.005	0.583	0.244	0.203	2.242	-16337.374
88	16	500	499	0.5120	0.227	0.334	0.245	0.272	0.318	0.317	0.340	0.314	0.367	0.324	0.382	0.252	0.319	0.279	0.309	0.278	0.289	0.363	0.263	0.275	0.344	0.280	0.313	0.237	0.328	0.321	0.292	0.313	0.274	0.351	1.915	0.595	0.316	0.205	4.865	-17048.169
89	16	500	500	0.5168	0.286	0.276	0.328	0.268	0.292	0.360	0.283	0.313	0.373	0.292	0.269	0.282	0.261	0.298	0.329	0.195	0.325	0.323	0.336	0.265	0.334	0.301	0.375	0.298	0.343	0.232	0.338	0.311	0.313	0.291	1.911	0.608	0.294	0.204	1.991	-16981.014
90	16	500	500	0.5087	0.302	0.335	0.277	0.310	0.287	0.333	0.301	0.270	0.278	0.258	0.284	0.287	0.254	0.357	0.266	0.238	0.323	0.285	0.294	0.348	0.273	0.267	0.258	0.288	0.300	0.304	0.323	0.312	0.284	0.320	2.115	0.655	0.260	0.204	6.522	-16568.615
91	16	500	500	0.5092	0.363	0.340	0.328	0.352	0.286	0.294	0.289	0.357	0.307	0.297	0.298	0.343	0.389	0.259	0.329	0.384	0.365	0.319	0.326	0.270	0.257	0.320	0.314	0.237	0.329	0.335	0.298	0.327	0.380	0.342	2.192	0.617	0.364	0.206	25.532	-17192.688
92	16	500	499	0.5030	0.333	0.268	0.259	0.310	0.331	0.293	0.343	0.320	0.315	0.281	0.318	0.301	0.343	0.321	0.277	0.330	0.315	0.303	0.259	0.320	0.366	0.305	0.247	0.370	0.302	0.290	0.261	0.304	0.293	0.320	2.092	0.595	0.326	0.195	5.745	-16842.320
93	16	500	500	0.5195	0.315	0.264	0.284	0.317	0.319	0.285	0.269	0.322	0.327	0.335	0.348	0.292	0.301	0.301	0.292	0.370	0.319	0.306	0.302	0.264	0.270	0.291	0.337	0.271	0.303	0.278	0.261	0.339	0.332	0.281	2.014	0.573	0.245	0.191	3.873	-16755.758
94	16	500	500	0.5231	0.301	0.336	0.241	0.261	0.316	0.367	0.260	0.266	0.251	0.312	0.325	0.333	0.249	0.261	0.357	0.245	0.277	0.357	0.257	0.274	0.332	0.285	0.269	0.400	0.300	0.360	0.269	0.353	0.302	0.290	2.078	0.673	0.298	0.205	8.664	-16806.261
95	16	500	500	0.5210	0.314	0.230	0.273	0.317	0.295	0.279	0.265	0.258	0.309	0.268	0.333	0.233	0.310	0.335	0.300	0.249	0.151	0.270	0.252	0.310	0.291	0.321	0.265	0.301	0.299	0.242	0.317	0.273	0.308	0.288	1.990	0.591	0.233	0.213	3.413	-16309.799
96	16	500	500	0.5103	0.357	0.235	0.323	0.299	0.350	0.295	0.337	0.303	0.252	0.273	0.278	0.280	0.282	0.281	0.318	0.309	0.287	0.336	0.268	0.315	0.358	0.304	0.300	0.331	0.293	0.289	0.288	0.385	0.295	0.275	2.111	0.598	0.301	0.187	9.417	-16703.026
97	16	500	500	0.5286	0.260	0.307	0.277	0.376	0.306	0.358	0.289	0.369	0.282	0.261	0.318	0.310	0.277	0.362	0.280	0.279	0.288	0.343	0.307	0.256	0.274	0.322	0.307	0.374	0.310	0.322	0.326	0.322	0.279	0.341	1.861	0.488	0.238	0.196	3.318	-17193.252
98	16	500	500	0.5119	0.367	0.261	0.312	0.374	0.271	0.385	0.263	0.240	0.362	0.314	0.288	0.341	0.297	0.268	0.324	0.285	0.286	0.237	0.279	0.389	0.318	0.261	0.341	0.356	0.270	0.342	0.293	0.283	0.313	0.405	2.054	0.591	0.293	0.181	3.534	-16988.266
99	16	500	499	0.5063	0.282	0.283	0.256	0.257	0.378	0.307	0.316	0.293	0.260	0.327	0.317	0.314	0.281	0.324	0.330	0.298	0.284	0.276	0.252	0.247	0.246	0.266	0.244	0.231	0.340	0.309	0.277	0.293	0.303	0.277	1.992	0.608	0.275	0.187	6.956	-16273.927
100	16	500	500	0.5207	0.309	0.249	0.295	0.261	0.336	0.324	0.308	0.268	0.321	0.364	0.226	0.313	0.320	0.289	0.291	0.271	0.307	0.317	0.309	0.292	0.255	0.333	0.244	0.300	0.253	0.311	0.354	0.288	0.299	0.309	2.078	0.474	0.245	0.175	2.373	-16630.132
101	16	500	500	0.5045	0.231	0.256	0.299	0.351	0.281	0.267	0.265	0.352	0.350	0.230	0.302	0.294	0.279	0.263	0.292	0.277	0.364	0.293	0.313	0.251	0.229	0.323	0.306	0.365	0.230	0.279	0.294	0.285	0.359	0.256	1.890	0.640	0.277	0.199	6.368	-16438.228
102	16	500	500	0.5025	0.312	0.302	0.356	0.225	0.287	0.239	0.277	0.343	0.355	0.332	0.253	0.310	0.342	0.285	0.262	0.308	0.334	0.317	0.287	0.322	0.272	0.327	0.315	0.217	0.259	0.322	0.261	0.302	0.220	0.323	1.975	0.429	0.190	0.205	1.300	-16561.567
103	16	500	500	0.5124	0.309	0.267	0.271	0.285	0.280	0.271	0.357	0.313	0.305	0.307	0.302	0.277	0.254	0.298	0.318	0.259	0.321	0.278	0.340	0.286	0.236	0.307	0.323	0.329	0.292	0.278	0.312	0.231	0.293	0.279	1.849	0.635	0.251	0.204	4.911	-16551.519
104	16	500	500	0.5170	0.363	0.306	0.341	0.264	0.260	0.308	0.288	0.375	0.236	0.278	0.294	0.385	0.353	0.390	0.302	0.304	0.257	0.329	0.284	0.362	0.279	0.315	0.330	0.292	0.348	0.303	0.346	0.224	0.278	0.315	1.996	0.594	0.292	0.223	4.084	-17215.239
105	16	500	500	0.5131	0.245	0.427	0.298	0.313	0.315	0.272	0.289	0.253	0.247	0.347	0.320	0.298	0.311	0.299	0.301	0.319	0.349	0.196	0.327	0.332	0.317	0.269	0.285	0.351	0.321	0.279	0.300	0.410	0.348	0.268	2.001	0.611	0.325	0.194	2.846	-16868.222
106	16	500	498	0.5217	0.303	0.297	0.226	0.306	0.315	0.384	0.311	0.347	0.304	0.293	0.379	0.284	0.286	0.327	0.262	0.264	0.324	0.278	0.347	0.302	0.338	0.296	0.265	0.220	0.295	0.255	0.270	0.285	0.362	0.247	2.058	0.651	0.321	0.188	10.920	-16614.627
107	16	500	500	0.4984	0.374	0.284	0.348	0.300	0.316	0.297	0.273	0.291	0.306	0.300	0.300	0.321	0.345	0.301	0.280	0.300	0.311	0.266	0.300	0.268	0.303	0.306	0.283	0.252	0.280	0.292	0.246	0.370	0.258	0.316	1.832	0.568	0.278	0.198	4.177	-16828.712
108	16	500	500	0.5126	0.354	0.232	0.284	0.333	0.265	0.272	0.347	0.304	0.326	0.361	0.304	0.296	0.326	0.244	0.317	0.332	0.280	0.391	0.289	0.314	0.283	0.356	0.272	0.283	0.318	0.358	0.294	0.255	0.302	0.298	2.071	0.609	0.302	0.206	6.633	-16912.958
109	16	500	500	0.5019	0.283	0.304	0.247	0.344	0.334	0.364	0.291	0.237	0.283	0.327	0.297	0.293	0.240	0.306	0.283	0.249	0.316	0.284	0.290	0.211	0.237	0.324	0.270	0.343	0.314	0.278	0.256	0.366	0.309	0.327	2.000	0.625	0.297	0.198	8.052	-16606.689
110	16	500	500	0.5303	0.286	0.291	0.315	0.265	0.304	0.287	0.316	0.270	0.293	0.328	0.300	0.220	0.305	0.320	0.221	0.240	0.299	0.473	0.330	0.318	0.309	0.343	0.287	0.314	0.354	0.309	0.306	0.240	0.340	0.332	2.093	0.593	0.307	0.212	3.217	-17116.463
111	16	500	498	0.5225	0.270	0.248	0.293	0.337	0.278	0.336	0.268	0.301	0.283	0.291	0.293	0.272	0.293	0.235	0.311	0.265	0.259	0.368	0.278	0.294	0.366	0.247	0.305	0.322	0.260	0.360	0.309	0.272	0.336	0.266	1.877	0.578	0.317	0.183	6.501	-16547.330
112	16	500	499	0.5149	0.292	0.316	0.283	0.305	0.269	0.375	0.275	0.286	0.281	0.285	0.276	0.377	0.350	0.270	0.316	0.273	0.313	0.323	0.307	0.297	0.337	0.309	0.280	0.301	0.258	0.292	0.326	0.304	0.258	0.329	1.994	0.627	0.320	0.198	8.017	-16757.116
113	16	500	500	0.5156	0.357	0.296	0.292	0.317	0.323	0.322	0.323	0.305	0.306	0.306	0.316	0.310	0.326	0.325	0.335	0.270	0.243	0.331	0.254	0.267	0.335	0.294	0.273	0.261	0.296	0.334	0.270	0.324	0.292	0.365	2.005	0.609	0.310	0.194	4.626	-16924.789
114	16	500	498	0.5242	0.309	0.358	0.293	0.285	0.337	0.313	0.318	0.321	0.256	0.330	0.288	0.306	0.236	0.334	0.303	0.284	0.288	0.377	0.278	0.376	0.294	0.387	0.323	0.300	0.303	0.272	0.312	0.237	0.358	0.287	1.943	0.638	0.315	0.203	6.563	-17072.283
115	16	500	500	0.5216	0.411	0.310	0.247	0.304	0.246	0.371	0.286	0.288	0.336	0.253	0.298	0.317	0.378	0.269	0.293	0.327	0.296	0.325	0.340	0.263	0.332	0.290	0.312	0.338	0.309	0.231	0.365	0.212	0.321	0.299	1.931	0.546	0.308	0.191	2.671	-16947.776
116	16	500	500	0.5035	0.281	0.324	0.281	0.331	0.299	0.335	0.345	0.255	0.303	0.323	0.266	0.256	0.279	0.262	0.290	0.298	0.314	0.268	0.260	0.307	0.256	0.315	0.312	0.267	0.282	0.239	0.292	0.319	0.304	0.318	2.084	0.584	0.288	0.200	4.502	-16522.813
117	16	500	500	0.5247	0.319	0.306	0.319	0.290	0.248	0.258	0.298	0.282	0.378	0.313	0.288	0.282	0.279	0.324	0.313	0.324	0.336	0.278	0.277	0.321	0.294	0.345	0.317	0.238	0.285	0.277	0.320	0.324	0.369	0.284	2.075	0.591	0.243	0.184	4.553	-16623.640
118	16	500	500	0.5223	0.301	0.311	0.272	0.297	0.275	0.243	0.306	0.350	0.274	0.275	0.325	0.247	0.266	0.297	0.253	0.349	0.271	0.271	0.297	0.293	0.224	0.294	0.230	0.348	0.313	0.292	0.295	0.255	0.268	0.229	2.028	0.625	0.241	0.202	9.569	-16245.211
119	16	500	500	0.5132	0.291	0.278	0.311	0.286	0.327	0.294	0.264	0.281	0.248	0.214	0.313	0.298	0.360	0.293	0.320	0.256	0.362	0.293	0.309	0.272	0.248	0.324	0.357	0.302	0.308	0.311	0.256	0.275	0.290	0.251	2.077	0.574	0.268	0.209	2.899	-16714.983
120	16	500	500	0.5063	0.319	0.343	0.363	0.298	0.257	0.232	0.342	0.281	0.251	0.261	0.339	0.310	0.249	0.242	0.299	0.242	0.370	0.269	0.298	0.287	0.319	0.320	0.251	0.227	0.326	0.321	0.324	0.242	0.351	0.322	2.016	0.623	0.317	0.211	6.583	-16771.176
121	16	500	500	0.5120	0.329	0.269	0.329	0.290	0.302	0.294	0.276	0.297	0.309	0.320	0.345	0.309	0.346	0.331	0.311	0.319	0.318	0.334	0.339	0.288	0.344	0.324	0.305	0.301	0.335	0.300	0.297	0.260	0.386	0.264	2.016	0.566	0.335	0.198	4.814	-17251.106
122	16	500	500	0.5055	0.233	0.271	0.275	0.369	0.319	0.313	0.364	0.342	0.239	0.341	0.307	0.329	0.273	0.372	0.252	0.308	0.301	0.323	0.284	0.296	0.260	0.348	0.334	0.366	0.322	0.303	0.318	0.341	0.340	0.272	2.131	0.574	0.356	0.177	7.139	-16961.746
123	16	500	499	0.5121	0.288	0.383	0.318	0.282	0.246	0.311	0.265	0.291	0.271	0.227	0.295	0.301	0.317	0.330	0.275	0.316	0.242	0.292	0.292	0.296	0.401	0.327	0.290	0.317	0.263	0.310	0.357	0.330	0.262	0.251	1.967	0.652	0.281	0.220	7.395	-16769.926
124	16	500	500	0.5100	0.301	0.350	0.309	0.331	0.288	0.287	0.297	0.296	0.255	0.268	0.323	0.288	0.295	0.269	0.339	0.282	0.295	0.238	0.355	0.310	0.272	0.295	0.252	0.306	0.280	0.331	0.277	0.312	0.247	0.309	2.082	0.605	0.301	0.195	3.411	-16662.797
125	16	500	500	0.5036	0.369	0.312	0.312	0.223	0.308	0.335	0.320	0.256	0.287	0.331	0.314	0.262	0.319	0.335	0.286	0.369	0.260	0.211	0.314	0.270	0.312	0.321	0.352	0.336	0.269	0.319	0.308	0.318	0.337	0.294	1.984	0.534	0.274	0.181	3.646	-16783.730
126	16	500	499	0.5050	0.297	0.195	0.328	0.323	0.272	0.337	0.307	0.289	0.329	0.309	0.277	0.324	0.278	0.304	0.299	0.350	0.264	0.269	0.341	0.270	0.302	0.269	0.326	0.361	0.349	0.386	0.315	0.332	0.309	0.288	1.826	0.568	0.346	0.194	4.842	-17011.447
127	16	500	500	0.5218	0.292	0.372	0.212	0.320	0.296	0.295	0.265	0.356	0.304	0.304	0.294	0.327	0.338	0.293	0.301	0.262	0.281	0.325	0.338	0.265	0.294	0.312	0.335	0.379	0.377	0.365	0.351	0.281	0.386	0.259	2.035	0.536	0.324	0.203	2.165	-17247.255
128	16	500	500	0.5087	0.325	0.327	0.285	0.232	0.344	0.253	0.277	0.299	0.297	0.303	0.282	0.333	0.311	0.285	0.331	0.311	0.375	0.330	0.292	0.327	0.307	0.300	0.302	0.207	0.330	0.326	0.292	0.333	0.307	0.276	2.010	0.596	0.329	0.189	6.396	-16857.966
129	16	500	499	0.5152	0.339	0.309	0.336	0.307	0.242	0.370	0.360	0.309	0.306	0.292	0.287	0.369	0.288	0.321	0.317	0.288	0.312	0.287	0.305	0.337	0.344	0.330	0.274	0.245	0.326	0.333	0.303	0.282	0.297	0.332	2.113	0.488	0.254	0.186	4.154	-16976.372
130	16	500	499	0.5194	0.292	0.246	0.325	0.255	0.269	0.284	0.299	0.317	0.327	0.267	0.271	0.320	0.275	0.290	0.300	0.261	0.255	0.256	0.333	0.309	0.301	0.205	0.297	0.338	0.263	0.339	0.247	0.295	0.320	0.290	2.013	0.624	0.324	0.202	9.649	-16495.322
131	16	500	500	0.5079	0.321	0.251	0.267	0.277	0.308	0.343	0.293	0.296	0.309	0.326	0.385	0.282	0.273	0.310	0.268	0.287	0.310	0.258	0.268	0.325	0.287	0.271	0.294	0.314	0.248	0.259	0.341	0.350	0.288	0.276	2.177	0.614	0.272	0.194	5.306	-16488.006
132	16	500	500	0.5065	0.309	0.370	0.332	0.286	0.338	0.286	0.317	0.290	0.212	0.314	0.355	0.258	0.306	0.326	0.231	0.284	0.271	0.272	0.326	0.327	0.297	0.282	0.323	0.280	0.297	0.280	0.293	0.323	0.253	0.393	1.998	0.622	0.302	0.208	6.438	-16776.082
133	16	500	500	0.5114	0.263	0.281	0.302	0.382	0.291	0.224	0.290	0.245	0.347	0.336	0.336	0.330	0.313	0.332	0.317	0.278	0.275	0.351	0.329	0.326	0.274	0.354	0.292	0.277	0.364	0.312	0.317	0.323	0.301	0.346	2.134	0.589	0.292	0.204	8.688	-17039.526
134	16	500	500	0.5200	0.354	0.376	0.287	0.317	0.323	0.236	0.306	0.288	0.346	0.324	0.332	0.281	0.338	0.304	0.304	0.325	0.338	0.318	0.332	0.332	0.292	0.287	0.324	0.334	0.341	0.322	0.270	0.254	0.319	0.332	2.040	0.649	0.295	0.204	13.930	-17011.497
135	16	500	500	0.5192	0.336	0.275	0.287	0.260	0.288	0.310	0.345	0.332	0.293	0.220	0.372	0.298	0.296	0.299	0.293	0.356	0.307	0.308	0.328	0.265	0.282	0.310	0.277	0.209	0.289	0.280	0.325	0.346	0.299	0.293	1.903	0.514	0.290	0.209	2.326	-16929.306
136	16	500	499	0.4965	0.294	0.338	0.403	0.293	0.357	0.333	0.306	0.336	0.279	0.330	0.313	0.241	0.296	0.276	0.350	0.228	0.300	0.379	0.339	0.339	0.280	0.280	0.316	0.302	0.352	0.305	0.268	0.291	0.406	0.269	2.065	0.592	0.321	0.192	4.526	-17055.695
137	16	500	500	0.5079	0.340	0.294	0.271	0.306	0.292	0.271	0.247	0.336	0.310	0.283	0.248	0.302	0.338	0.346	0.284	0.333	0.288	0.305	0.312	0.244	0.334	0.295	0.279	0.263	0.322	0.276	0.334	0.304	0.294	0.284	2.021	0.647	0.283	0.212	7.902	-16721.677
138	16	500	500	0.5163	0.226	0.300	0.303	0.288	0.291	0.337	0.350	0.294	0.301	0.367	0.238	0.366	0.245	0.340	0.324	0.244	0.356	0.272	0.314	0.285	0.316	0.319	0.294	0.280	0.239	0.325	0.250	0.355	0.283	0.270	2.029	0.617	0.309	0.195	6.583	-16788.164
139	16	500	500	0.5037	0.321	0.309	0.242	0.332	0.315	0.327	0.358	0.281	0.252	0.344	0.316	0.347	0.308	0.322	0.338	0.281	0.293	0.305	0.289	0.305	0.330	0.335	0.310	0.333	0.245	0.322	0.333	0.367	0.307	0.304	1.993	0.549	0.312	0.201	6.474	-17214.599
140	16	500	500	0.4969	0.270	0.236	0.315	0.364	0.331	0.360	0.289	0.311	0.322	0.387	0.357	0.299	0.301	0.282	0.264	0.254	0.272	0.250	0.298	0.337	0.287	0.301	0.307	0.303	0.336	0.291	0.280	0.285	0.310	0.324	2.024	0.585	0.317	0.189	6.108	-16871.354
141	16	500	500	0.5142	0.346	0.274	0.388	0.317	0.287	0.283	0.327	0.313	0.273	0.275	0.315	0.276	0.288	0.269	0.298	0.264	0.446	0.362	0.344	0.284	0.362	0.302	0.319	0.234	0.299	0.250	0.343	0.257	0.268	0.303	1.934	0.561	0.250	0.194	5.526	-16912.195
142	16	500	500	0.5063	0.351	0.278	0.342	0.297	0.358	0.250	0.341	0.257	0.254	0.290	0.292	0.314	0.345	0.317	0.318	0.350	0.332	0.272	0.348	0.340	0.353	0.305	0.325	0.295	0.299	0.278	0.282	0.305	0.264	0.292	2.006	0.610	0.331	0.191	8.570	-16923.821
143	16	500	499	0.5150	0.288	0.346	0.316	0.290	0.298	0.349	0.298	0.278	0.301	0.242	0.308	0.316	0.308	0.280	0.349	0.281	0.356	0.281	0.341	0.328	0.346	0.320	0.304	0.248	0.346	0.342	0.285	0.302	0.347	0.279	2.200	0.531	0.287	0.216	9.511	-17038.221
144	16	500	500	0.5065	0.287	0.270	0.301	0.272	0.324	0.294	0.305	0.235	0.313	0.277	0.338	0.309	0.330	0.330	0.297	0.229	0.376	0.312	0.312	0.286	0.324	0.346	0.232	0.313	0.307	0.246	0.350	0.299	0.254	0.332	1.937	0.503	0.277	0.199	1.671	-16880.899
145	16	500	500	0.5096	0.296	0.275	0.363	0.323	0.311	0.285	0.276	0.339	0.362	0.343	0.312	0.343	0.341	0.334	0.286	0.266	0.333	0.347	0.327	0.327	0.313	0.333	0.316	0.403	0.285	0.353	0.344	0.318	0.357	0.380	2.048	0.552	0.350	0.222	4.761	-17759.836
146	16	500	499	0.5141	0.367	0.302	0.298	0.219	0.289	0.332	0.280	0.280	0.363	0.292	0.292	0.312	0.420	0.352	0.255	0.292	0.250	0.393	0.309	0.265	0.233	0.300	0.282	0.278	0.299	0.283	0.248	0.319	0.311	0.303	1.999	0.653	0.313	0.174	3.435	-16448.887
147	16	500	500	0.5198	0.335	0.194	0.373	0.294	0.258	0.334	0.313	0.341	0.276	0.308	0.299	0.308	0.321	0.311	0.307	0.289	0.302	0.316	0.289	0.291	0.314	0.272	0.298	0.261	0.316	0.279	0.284	0.353	0.279	0.317	2.037	0.576	0.251	0.195	2.497	-16731.206
148	16	500	499	0.5217	0.309	0.264	0.269	0.316	0.259	0.286	0.278	0.288	0.338	0.307	0.335	0.299	0.264	0.330	0.256	0.258	0.384	0.328	0.301	0.343	0.307	0.322	0.336	0.335	0.327	0.251	0.315	0.272	0.262	0.267	1.844	0.642	0.328	0.188	6.082	-16772.428
149	16	500	500	0.5178	0.238	0.326	0.277	0.373	0.287	0.301	0.292	0.229	0.335	0.254	0.349	0.285	0.381	0.340	0.319	0.289	0.308	0.295	0.302	0.270	0.309	0.328	0.298	0.353	0.319	0.406	0.284	0.292	0.334	0.316	1.937	0.547	0.294	0.207	3.541	-17240.768
150	16	500	499	0.5165	0.335	0.251	0.264	0.300	0.352	0.344	0.368	0.272	0.291	0.317	0.317	0.263	0.240	0.342	0.298	0.343	0.297	0.353	0.323	0.265	0.333	0.271	0.265	0.237	0.305	0.306	0.320	0.306	0.292	0.248	2.197	0.603	0.306	0.190	4.382	-16656.987
151	16	500	500	0.5072	0.288	0.295	0.262	0.290	0.256	0.291	0.301	0.288	0.302	0.337	0.290	0.238	0.269	0.312	0.250	0.301	0.249	0.313	0.263	0.307	0.389	0.230	0.286	0.288	0.362	0.282	0.256	0.297	0.285	0.278	2.043	0.663	0.317	0.191	3.768	-16322.774
152	16	500	500	0.5072	0.347	0.370	0.295	0.267	0.265	0.326	0.243	0.312	0.147	0.294	0.247	0.276	0.244	0.319	0.238	0.329	0.280	0.301	0.283	0.275	0.206	0.308	0.347	0.291	0.293	0.254	0.346	0.278	0.302	0.269	2.050	0.513	0.230	0.199	1.539	-16218.497
153	16	500	500	0.5124	0.363	0.387	0.285	0.265	0.364	0.356	0.324	0.287	0.285	0.297	0.336	0.330	0.347	0.285	0.284	0.301	0.313	0.272	0.303	0.320	0.293	0.324	0.279	0.220	0.246	0.356	0.313	0.382	0.268	0.326	1.940	0.600	0.346	0.191	7.081	-17119.619
154	16	500	500	0.5253	0.248	0.384	0.299	0.262	0.312	0.299	0.335	0.256	0.258	0.259	0.293	0.304	0.360	0.311	0.274	0.248	0.255	0.311	0.252	0.307	0.307	0.298	0.303	0.333	0.237	0.304	0.275	0.222	0.283	0.325	2.230	0.594	0.268	0.204	4.494	-16444.160
155	16	500	500	0.5171	0.344	0.256	0.325	0.355	0.288	0.255	0.292	0.295	0.310	0.278	0.320	0.318	0.311	0.337	0.307	0.315	0.333	0.269	0.362	0.355	0.281	0.294	0.302	0.270	0.330	0.298	0.385	0.292	0.319	0.299	1.904	0.606	0.304	0.223	5.537	-17230.421
156	16	500	500	0.5174	0.232	0.292	0.269	0.278	0.248	0.302	0.256	0.283	0.206	0.293	0.311	0.255	0.246	0.302	0.272	0.270	0.288	0.249	0.254	0.283	0.287	0.245	0.340	0.336	0.264	0.280	0.318	0.211	0.308	0.318	1.955	0.668	0.235	0.199	3.682	-16024.300
157	16	500	500	0.5175	0.347	0.287	0.309	0.255	0.273	0.350	0.287	0.279	0.294	0.317	0.292	0.276	0.300	0.243	0.295	0.353	0.255	0.304	0.344	0.276	0.300	0.306	0.292	0.346	0.284	0.309	0.337	0.336	0.314	0.308	1.982	0.543	0.264	0.199	1.000	-16950.063
158	16	500	500	0.4951	0.289	0.268	0.316	0.350	0.290	0.322	0.334	0.258	0.294	0.330	0.342	0.317	0.265	0.293	0.323	0.308	0.316	0.268	0.329	0.312	0.279	0.336	0.332	0.230	0.317	0.343	0.325	0.318	0.306	0.326	2.115	0.594	0.329	0.210	5.284	-17067.311
159	16	500	500	0.5018	0.256	0.374	0.282	0.270	0.306	0.356	0.330	0.329	0.266	0.296	0.355	0.306	0.316	0.257	0.308	0.277	0.280	0.251	0.283	0.349	0.309	0.260	0.331	0.270	0.327	0.291	0.277	0.278	0.291	0.275	1.934	0.672	0.297	0.205	14.160	-16729.130
160	16	500	500	0.5255	0.274	0.314	0.345	0.324	0.293	0.330	0.313	0.279	0.309	0.328	0.233	0.325	0.304	0.270	0.317	0.263	0.228	0.276	0.235	0.330	0.423	0.284	0.263	0.322	0.336	0.286	0.351	0.264	0.269	0.318	1.989	0.592	0.267	0.201	3.155	-16799.156
161	16	500	500	0.5172	0.294	0.329	0.297	0.329	0.316	0.282	0.251	0.313	0.354	0.245	0.286	0.276	0.277	0.291	0.303	0.235	0.289	0.317	0.293	0.254	0.290	0.365	0.287	0.368	0.317	0.363	0.247	0.315	0.300	0.271	2.029	0.646	0.312	0.195	8.729	-16688.465
162	16	500	499	0.5086	0.256	0.301	0.302	0.314	0.306	0.289	0.317	0.321	0.338	0.347	0.286	0.257	0.199	0.343	0.294	0.296	0.270	0.276	0.278	0.349	0.291	0.279	0.287	0.265	0.328	0.242	0.283	0.281	0.349	0.301	1.950	0.611	0.319	0.203	6.535	-16690.508
163	16	500	499	0.4924	0.277	0.323	0.352	0.275	0.293	0.322	0.312	0.296	0.272	0.222	0.259	0.261	0.286	0.272	0.344	0.269	0.350	0.296	0.297	0.285	0.253	0.296	0.306	0.295	0.312	0.329	0.237	0.286	0.312	0.295	2.066	0.619	0.296	0.201	3.118	-16520.473
164	16	500	499	0.5012	0.313	0.282	0.289	0.332	0.297	0.252	0.271	0.291	0.295	0.272	0.269	0.278	0.271	0.264	0.307	0.336	0.286	0.285	0.249	0.283	0.255	0.291	0.292	0.327	0.287	0.351	0.307	0.270	0.299	0.289	1.890	0.625	0.293	0.189	3.779	-16481.989
165	16	500	500	0.5240	0.315	0.275	0.313	0.378	0.258	0.356	0.362	0.287	0.240	0.294	0.296	0.269	0.316	0.327	0.334	0.320	0.319	0.339	0.296	0.280	0.307	0.298	0.351	0.305	0.337	0.302	0.296	0.331	0.275	0.279	1.849	0.626	0.339	0.205	11.696	-17118.746
166	16	500	500	0.5234	0.209	0.296	0.258	0.298	0.301	0.369	0.257	0.321	0.351	0.253	0.287	0.288	0.279	0.332	0.289	0.281	0.363	0.315	0.322	0.316	0.331	0.284	0.311	0.257	0.325	0.319	0.268	0.326	0.354	0.250	2.019	0.545	0.300	0.197	3.948	-16856.825
167	16	500	500	0.5088	0.268	0.323	0.226	0.313	0.315	0.303	0.269	0.345	0.287	0.357	0.307	0.343	0.266	0.336	0.286	0.324	0.362	0.326	0.343	0.285	0.307	0.310	0.261	0.254	0.293	0.322	0.319	0.332	0.300	0.284	2.058	0.639	0.295	0.201	6.292	-16922.864
168	16	500	500	0.4973	0.302	0.269	0.299	0.247	0.341	0.291	0.265	0.320	0.338	0.382	0.325	0.259	0.302	0.370	0.284	0.246	0.264	0.365	0.331	0.261	0.238	0.252	0.277	0.325	0.267	0.317	0.283	0.288	0.333	0.355	2.037	0.580	0.271	0.212	3.586	-16868.250
169	16	500	500	0.5191	0.262	0.322	0.247	0.264	0.268	0.303	0.275	0.303	0.268	0.324	0.271	0.282	0.345	0.301	0.254	0.356	0.286	0.268	0.282	0.245	0.357	0.315	0.299	0.274	0.248	0.352	0.289	0.297	0.287	0.310	2.020	0.523	0.215	0.201	3.933	-16530.084
170	16	500	500	0.5112	0.309	0.296	0.289	0.326	0.322	0.371	0.307	0.339	0.278	0.306	0.354	0.308	0.234	0.250	0.304	0.309	0.295	0.383	0.316	0.246	0.317	0.383	0.257	0.335	0.243	0.280	0.297	0.273	0.310	0.260	2.055	0.628	0.324	0.190	8.041	-16789.813
171	16	500	500	0.5022	0.360	0.312	0.324	0.317	0.298	0.322	0.273	0.312	0.321	0.308	0.322	0.319	0.276	0.349	0.297	0.390	0.291	0.289	0.352	0.307	0.325	0.269	0.316	0.334	0.255	0.334	0.334	0.298	0.277	0.281	2.086	0.600	0.339	0.221	5.695	-17253.312
172	16	500	500	0.5316	0.275	0.219	0.259	0.273	0.298	0.363	0.297	0.258	0.285	0.322	0.265	0.262	0.259	0.306	0.279	0.333	0.253	0.295	0.329	0.256	0.335	0.369	0.348	0.308	0.275	0.294	0.283	0.271	0.317	0.267	2.066	0.561	0.275	0.195	9.325	-16606.912
173	16	500	500	0.5155	0.329	0.273	0.345	0.273	0.324	0.289	0.338	0.288	0.284	0.304	0.315	0.300	0.297	0.247	0.246	0.295	0.314	0.317	0.367	0.318	0.313	0.286	0.352	0.323	0.285	0.298	0.296	0.307	0.231	0.321	2.112	0.588	0.290	0.221	4.180	-16872.107
174	16	500	500	0.5042	0.292	0.329	0.262	0.251	0.308	0.330	0.294	0.237	0.288	0.310	0.283	0.245	0.293	0.316	0.338	0.300	0.313	0.244	0.258	0.301	0.298	0.281	0.307	0.332	0.265	0.302	0.259	0.232	0.288	0.345	1.995	0.607	0.294	0.188	5.182	-16361.928
175	16	500	500	0.5143	0.334	0.246	0.283	0.764	0.303	0.259	0.323	0.314	0.291	0.267	0.289	0.286	0.245	0.261	0.307	0.272	0.228	0.333	0.285	0.329	0.267	0.269	0.316	0.313	0.261	0.268	0.365	0.306	0.267	0.297	2.101	0.682	0.301	0.205	140.451	-16392.662
176	16	500	499	0.5156	0.350	0.300	0.288	0.276	0.292	0.295	0.235	0.338	0.305	0.291	0.323	0.287	0.260	0.317	0.294	0.352	0.292	0.314	0.259	0.322	0.324	0.299	0.279	0.191	0.240	0.344	0.329	0.292	0.326	0.254	2.032	0.599	0.274	0.200	3.044	-16628.057
177	16	500	500	0.5128	0.231	0.288	0.286	0.278	0.271	0.275	0.275	0.352	0.329	0.220	0.335	0.345	0.294	0.313	0.284	0.275	0.319	0.252	0.290	0.344	0.309	0.306	0.344	0.347	0.321	0.353	0.274	0.298	0.237	0.324	1.988	0.572	0.264	0.200	4.601	-16796.706
178	16	500	500	0.4991	0.335	0.264	0.312	0.328	0.288	0.267	0.268	0.317	0.332	0.389	0.281	0.244	0.268	0.296	0.311	0.309	0.306	0.318	0.257	0.253	0.267	0.279	0.301	0.266	0.292	0.307	0.238	0.318	0.362	0.302	2.048	0.682	0.263	0.202	6.236	-16497.409
179	16	500	500	0.5082	0.289	0.311	0.331	0.302	0.226	0.284	0.302	0.324	0.414	0.249	0.259	0.311	0.305	0.295	0.342	0.295	0.356	0.273	0.351	0.261	0.306	0.291	0.295	0.231	0.317	0.328	0.194	0.310	0.217	0.309	1.952	0.623	0.342	0.190	10.651	-16665.621
180	16	500	499	0.5232	0.270	0.344	0.315	0.291	0.350	0.254	0.270	0.300	0.312	0.253	0.270	0.308	0.309	0.340	0.275	0.321	0.361	0.246	0.285	0.277	0.322	0.328	0.261	0.307	0.253	0.279	0.415	0.300	0.309	0.287	2.125	0.620	0.266	0.212	8.359	-16783.662
181	16	500	500	0.5065	0.306	0.277	0.246	0.323	0.346	0.316	0.352	0.295	0.282	0.341	0.354	0.294	0.358	0.281	0.259	0.295	0.226	0.278	0.263	0.369	0.328	0.291	0.321	0.260	0.309	0.316	0.292	0.278	0.291	0.302	1.907	0.583	0.246	0.193	3.572	-16639.565
182	16	500	500	0.5096	0.289	0.259	0.356	0.299	0.252	0.293	0.290	0.308	0.246	0.280	0.325	0.311	0.336	0.266	0.344	0.231	0.275	0.255	0.282	0.268	0.269	0.321	0.260	0.352	0.226	0.327	0.288	0.296	0.264	0.274	1.983	0.633	0.301	0.197	8.601	-16472.681
183	16	500	498	0.5180	0.335	0.275	0.294	0.273	0.377	0.338	0.368	0.257	0.306	0.301	0.380	0.265	0.319	0.244	0.281	0.319	0.277	0.316	0.348	0.285	0.278	0.372	0.336	0.306	0.261	0.333	0.338	0.290	0.330	0.303	2.116	0.618	0.315	0.204	6.126	-16947.884
184	16	500	500	0.5009	0.283	0.291	0.257	0.300	0.214	0.263	0.332	0.290	0.317	0.302	0.311	0.305	0.355	0.322	0.264	0.346	0.310	0.286	0.283	0.292	0.299	0.285	0.377	0.291	0.263	0.303	0.266	0.264	0.278	0.337	1.971	0.594	0.277	0.184	3.345	-16478.566
185	16	500	500	0.5146	0.267	0.337	0.333	0.268	0.323	0.217	0.336	0.376	0.273	0.324	0.307	0.330	0.292	0.295	0.315	0.323	0.365	0.250	0.344	0.292	0.279	0.343	0.304	0.300	0.286	0.361	0.248	0.317	0.252	0.362	1.988	0.543	0.335	0.186	6.861	-17058.441
186	16	500	500	0.5125	0.293	0.399	0.307	0.291	0.340	0.272	0.270	0.330	0.281	0.295	0.235	0.345	0.367	0.249	0.265	0.258	0.346	0.305	0.281	0.265	0.350	0.303	0.290	0.314	0.267	0.319	0.344	0.366	0.223	0.342	1.881	0.589	0.305	0.205	2.907	-16950.258
187	16	500	499	0.5296	0.229	0.268	0.335	0.250	0.296	0.270	0.331	0.304	0.346	0.293	0.382	0.302	0.283	0.327	0.245	0.253	0.318	0.322	0.314	0.267	0.284	0.223	0.327	0.256	0.249	0.251	0.311	0.312	0.275	0.272	1.888	0.423	0.245	0.192	1.000	-16707.177
188	16	500	500	0.5230	0.302	0.300	0.293	0.335	0.305	0.250	0.276	0.292	0.288	0.304	0.329	0.290	0.282	0.275	0.297	0.338	0.301	0.357	0.288	0.287	0.349	0.322	0.336	0.336	0.272	0.293	0.265	0.315	0.324	0.263	1.999	0.519	0.282	0.189	3.623	-16822.122
189	16	500	500	0.5265	0.287	0.293	0.312	0.299	0.356	0.318	0.276	0.346	0.318	0.250	0.291	0.310	0.291	0.253	0.322	0.307	0.331	0.278	0.327	0.268	0.342	0.324	0.307	0.251	0.265	0.301	0.324	0.330	0.278	0.292	2.052	0.588	0.309	0.208	3.403	-16891.970
190	16	500	498	0.5115	0.264	0.229	0.269	0.339	0.304	0.365	0.365	0.275	0.278	0.383	0.346	0.369	0.261	0.332	0.352	0.297	0.301	0.278	0.301	0.302	0.264	0.398	0.280	0.330	0.284	0.375	0.351	0.300	0.240	0.324	1.971	0.580	0.322	0.188	8.100	-17006.886
191	16	500	500	0.5055	0.268	0.351	0.322	0.314	0.267	0.325	0.225	0.312	0.325	0.314	0.300	0.355	0.328	0.354	0.246	0.269	0.290	0.295	0.281	0.290	0.307	0.257	0.283	0.273	0.317	0.273	0.274	0.252	0.292	0.331	2.053	0.616	0.312	0.196	18.605	-16519.241
192	16	500	499	0.5170	0.322	0.343	0.284	0.342	0.322	0.297	0.290	0.230	0.325	0.349	0.331	0.323	0.358	0.267	0.306	0.293	0.316	0.273	0.241	0.327	0.284	0.314	0.299	0.296	0.304	0.297	0.317	0.331	0.271	0.300	1.988	0.578	0.300	0.197	5.975	-16881.229
193	16	500	500	0.5115	0.261	0.327	0.332	0.337	0.290	0.284	0.277	0.302	0.296	0.318	0.322	0.277	0.279	0.275	0.320	0.242	0.268	0.360	0.379	0.324	0.312	0.295	0.277	0.285	0.335	0.354	0.320	0.361	0.328	0.298	2.009	0.603	0.321	0.210	5.573	-17185.562
194	16	500	499	0.5125	0.287	0.326	0.348	0.289	0.325	0.288	0.252	0.300	0.286	0.315	0.289	0.249	0.324	0.297	0.289	0.248	0.303	0.315	0.313	0.262	0.322	0.269	0.272	0.205	0.288	0.296	0.279	0.295	0.306	0.334	2.027	0.578	0.260	0.204	5.032	-16640.395
195	16	500	500	0.5303	0.283	0.233	0.232	0.272	0.253	0.389	0.310	0.320	0.401	0.348	0.389	0.301	0.255	0.304	0.295	0.327	0.305	0.243	0.344	0.390	0.397	0.289	0.260	0.309	0.230	0.319	0.281	0.280	0.339	0.303	2.019	0.582	0.296	0.189	4.311	-16843.166
196	16	500	499	0.5117	0.271	0.327	0.287	0.459	0.310	0.373	0.310	0.299	0.379	0.293	0.290	0.321	0.360	0.320	0.317	0.224	0.315	0.278	0.272	0.281	0.224	0.292	0.256	0.325	0.271	0.343	0.268	0.329	0.316	0.357	2.048	0.630	0.314	0.189	19.168	-16770.238
197	16	500	500	0.5086	0.316	0.393	0.294	0.386	0.222	0.290	0.253	0.311	0.303	0.325	0.279	0.323	0.269	0.294	0.291	0.350	0.248	0.270	0.263	0.326	0.258	0.309	0.288	0.233	0.221	0.240	0.271	0.284	0.341	0.385	2.107	0.640	0.287	0.193	7.696	-16364.634
198	16	500	500	0.5145	0.355	0.290	0.264	0.280	0.240	0.350	0.281	0.312	0.295	0.300	0.296	0.283	0.331	0.387	0.307	0.322	0.290	0.287	0.297	0.349	0.312	0.314	0.353	0.333	0.270	0.276	0.332	0.356	0.306	0.349	2.046	0.512	0.256	0.195	2.659	-17043.457
199	16	500	500	0.5198	0.288	0.292	0.278	0.335	0.259	0.282	0.313	0.293	0.234	0.274	0.286	0.235	0.300	0.283	0.334	0.335	0.311	0.341	0.382	0.305	0.343	0.318	0.316	0.343	0.373	0.284	0.297	0.287	0.292	0.337	2.115	0.602	0.298	0.194	6.207	-16738.089
200	16	500	500	0.5123	0.311	0.267	0.326	0.307	0.351	0.304	0.311	0.298	0.306	0.291	0.347	0.356	0.292	0.288	0.316	0.267	0.259	0.310	0.296	0.340	0.292	0.292	0.317	0.261	0.337	0.287	0.328	0.378	0.316	0.316	2.002	0.543	0.337	0.200	4.942	-17293.233
201	16	500	500	0.5150	0.283	0.225	0.307	0.364	0.315	0.346	0.251	0.309	0.228	0.290	0.277	0.238	0.284	0.253	0.325	0.316	0.231	0.296	0.269	0.288	0.343	0.328	0.245	0.301	0.264	0.290	0.316	0.280	0.278	0.313	2.208	0.624	0.254	0.209	6.149	-16441.375
202	16	500	499	0.5161	0.308	0.314	0.325	0.241	0.252	0.236	0.278	0.318	0.253	0.326	0.322	0.282	0.382	0.302	0.237	0.320	0.296	0.299	0.297	0.286	0.250	0.269	0.251	0.315	0.260	0.253	0.355	0.274	0.321	0.334	2.172	0.414	0.206	0.192	1.048	-16415.727
203	16	500	499	0.5159	0.333	0.316	0.322	0.249	0.326	0.321	0.332	0.296	0.256	0.271	0.279	0.378	0.299	0.331	0.317	0.393	0.365	0.352	0.258	0.317	0.298	0.283	0.318	0.305	0.300	0.255	0.340	0.306	0.235	0.280	2.099	0.583	0.354	0.192	6.866	-16970.529
204	16	500	500	0.5062	0.269	0.305	0.298	0.269	0.296	0.326	0.233	0.289	0.390	0.260	0.267	0.333	0.336	0.281	0.270	0.293	0.320	0.298	0.325	0.313	0.310	0.308	0.288	0.224	0.319	0.315	0.291	0.349	0.329	0.293	2.112	0.594	0.276	0.197	3.666	-16775.177
205	16	500	500	0.5278	0.292	0.304	0.279	0.375	0.281	0.258	0.267	0.343	0.393	0.280	0.322	0.395	0.288	0.284	0.365	0.299	0.287	0.285	0.293	0.289	0.281	0.341	0.292	0.239	0.373	0.263	0.278	0.273	0.345	0.311	1.979	0.611	0.327	0.210	9.433	-17002.149
206	16	500	500	0.5022	0.255	0.314	0.255	0.430	0.302	0.283	0.307	0.330	0.314	0.276	0.324	0.275	0.342	0.246	0.257	0.281	0.304	0.337	0.287	0.313	0.345	0.324	0.292	0.271	0.302	0.294	0.312	0.298	0.273	0.353	2.088	0.625	0.307	0.197	8.038	-16773.805
207	16	500	499	0.5110	0.298	0.210	0.345	0.268	0.283	0.353	0.279	0.304	0.403	0.281	0.344	0.287	0.298	0.291	0.308	0.256	0.310	0.355	0.328	0.275	0.304	0.289	0.331	0.237	0.280	0.349	0.341	0.269	0.262	0.318	2.155	0.587	0.293	0.206	2.903	-16894.269
208	16	500	500	0.5106	0.359	0.251	0.321	0.294	0.298	0.433	0.314	0.277	0.326	0.329	0.271	0.330	0.310	0.270	0.327	0.292	0.285	0.371	0.266	0.318	0.252	0.272	0.305	0.293	0.295	0.333	0.288	0.386	0.288	0.336	2.020	0.600	0.320	0.211	8.042	-17075.662
209	16	500	500	0.5117	0.312	0.285	0.296	0.298	0.324	0.293	0.312	0.322	0.268	0.374	0.326	0.324	0.280	0.258	0.310	0.281	0.341	0.284	0.318	0.252	0.290	0.340	0.345	0.301	0.249	0.339	0.288	0.320	0.318	0.288	2.117	0.534	0.278	0.223	1.000	-17003.326
210	16	500	500	0.5115	0.326	0.295	0.331	0.289	0.327	0.259	0.302	0.316	0.310	0.255	0.374	0.280	0.274	0.263	0.363	0.327	0.218	0.379	0.316	0.300	0.347	0.289	0.305	0.234	0.308	0.310	0.307	0.287	0.284	0.343	2.019	0.592	0.276	0.197	9.736	-16887.419
211	16	500	499	0.5145	0.312	0.258	0.341	0.297	0.248	0.215	0.309	0.360	0.354	0.318	0.277	0.321	0.299	0.290	0.275	0.286	0.391	0.307	0.320	0.282	0.279	0.254	0.351	0.298	0.327	0.308	0.284	0.287	0.313	0.358	1.981	0.488	0.270	0.201	1.856	-17036.512
212	16	500	500	0.4959	0.360	0.328	0.301	0.337	0.276	0.321	0.308	0.286	0.312	0.304	0.307	0.330	0.318	0.326	0.301	0.282	0.341	0.322	0.286	0.298	0.327	0.336	0.283	0.297	0.322	0.246	0.287	0.285	0.325	0.311	2.107	0.617	0.347	0.188	16.473	-16808.800
213	16	500	500	0.5108	0.303	0.279	0.317	0.228	0.292	0.389	0.285	0.251	0.347	0.279	0.280	0.276	0.348	0.190	0.307	0.293	0.300	0.319	0.321	0.259	0.263	0.338	0.285	0.334	0.320	0.264	0.308	0.301	0.283	0.352	2.001	0.612	0.318	0.191	9.073	-16695.530
214	16	500	500	0.5130	0.558	0.315	0.281	0.265	0.266	0.277	0.304	0.265	0.366	0.309	0.328	0.320	0.276	0.299	0.303	0.000	0.248	0.264	0.322	0.284	0.286	0.302	0.306	0.338	0.286	0.334	0.278	0.237	0.295	0.296	2.081	0.639	0.293	0.210	2.247	-16599.876
215	16	500	500	0.5120	0.266	0.306	0.331	0.299	0.338	0.262	0.292	0.296	0.268	0.343	0.207	0.283	0.358	0.324	0.318	0.282	0.291	0.310	0.375	0.309	0.288	0.355	0.320	0.282	0.279	0.301	0.322	0.358	0.245	0.339	2.083	0.602	0.306	0.217	6.791	-17041.615
216	16	500	500	0.5125	0.288	0.215	0.343	0.238	0.310	0.358	0.299	0.303	0.228	0.283	0.365	0.299	0.292	0.270	0.275	0.292	0.268	0.327	0.269	0.276	0.353	0.280	0.264	0.322	0.308	0.279	0.276	0.231	0.277	0.262	2.170	0.637	0.281	0.209	3.402	-16481.828
217	16	500	500	0.5287	0.277	0.297	0.303	0.333	0.301	0.263	0.301	0.360	0.281	0.261	0.316	0.302	0.345	0.262	0.329	0.332	0.281	0.382	0.296	0.309	0.346	0.338	0.330	0.374	0.244	0.310	0.289	0.351	0.321	0.336	1.910	0.536	0.319	0.197	3.469	-17322.121
218	16	500	500	0.5171	0.346	0.267	0.310	0.263	0.318	0.294	0.278	0.305	0.340	0.302	0.283	0.250	0.384	0.287	0.295	0.270	0.313	0.316	0.303	0.288	0.337	0.311	0.298	0.273	0.246	0.317	0.263	0.287	0.296	0.315	2.011	0.617	0.306	0.200	8.566	-16741.666
219	16	500	500	0.5264	0.246	0.291	0.290	0.314	0.272	0.232	0.245	0.318	0.320	0.311	0.216	0.325	0.265	0.314	0.268	0.310	0.337	0.265	0.315	0.281	0.352	0.342	0.215	0.265	0.283	0.254	0.289	0.355	0.251	0.309	2.007	0.561	0.289	0.200	4.087	-16512.897
220	16	500	500	0.5177	0.271	0.224	0.306	0.245	0.318	0.251	0.344	0.319	0.274	0.276	0.238	0.396	0.281	0.282	0.235	0.320	0.250	0.311	0.278	0.317	0.311	0.258	0.321	0.248	0.265	0.312	0.326	0.303	0.325	0.352	2.055	0.536	0.254	0.211	1.000	-16698.350
221	16	500	500	0.5103	0.298	0.336	0.346	0.263	0.322	0.342	0.346	0.242	0.337	0.335	0.304	0.309	0.245	0.278	0.296	0.384	0.311	0.356	0.347	0.366	0.318	0.329	0.306	0.283	0.313	0.308	0.363	0.353	0.266	0.348	2.088	0.514	0.304	0.198	2.554	-17297.077
222	16	500	500	0.5109	0.295	0.211	0.291	0.397	0.284	0.358	0.304	0.264	0.319	0.350	0.283	0.339	0.324	0.314	0.261	0.283	0.355	0.328	0.303	0.322	0.310	0.356	0.297	0.329	0.357	0.262	0.289	0.227	0.344	0.318	1.829	0.600	0.326	0.194	7.201	-17080.576
223	16	500	500	0.5191	0.362	0.273	0.347	0.319	0.288	0.355	0.312	0.299	0.280	0.312	0.292	0.352	0.325	0.326	0.301	0.287	0.241	0.285	0.350	0.270	0.266	0.290	0.302	0.364	0.293	0.324	0.296	0.283	0.287	0.292	1.992	0.613	0.312	0.214	10.215	-17031.368
224	16	500	500	0.5300	0.256	0.271	0.302	0.366	0.279	0.303	0.338	0.294	0.324	0.274	0.307	0.258	0.257	0.329	0.243	0.297	0.253	0.319	0.252	0.341	0.269	0.336	0.317	0.348	0.257	0.268	0.341	0.303	0.308	0.329	1.948	0.602	0.274	0.212	5.096	-16946.695
225	16	500	500	0.5075	0.345	0.269	0.297	0.390	0.305	0.339	0.270	0.286	0.333	0.255	0.274	0.300	0.311	0.313	0.329	0.293	0.347	0.300	0.334	0.288	0.307	0.324	0.298	0.219	0.243	0.300	0.251	0.324	0.309	0.324	2.011	0.584	0.293	0.197	4.411	-16827.530
226	16	500	500	0.4970	0.267	0.275	0.317	0.324	0.364	0.293	0.316	0.273	0.312	0.364	0.296	0.291	0.340	0.297	0.301	0.229	0.314	0.287	0.267	0.373	0.341	0.307	0.323	0.318	0.384	0.299	0.284	0.280	0.326	0.344	2.039	0.480	0.289	0.184	5.647	-17066.887
227	16	500	500	0.4900	0.295	0.236	0.294	0.300	0.311	0.355	0.271	0.313	0.263	0.302	0.297	0.357	0.295	0.344	0.226	0.270	0.267	0.221	0.288	0.325	0.276	0.288	0.318	0.294	0.286	0.315	0.263	0.301	0.268	0.291	1.951	0.546	0.264	0.192	7.211	-16410.664
228	16	500	499	0.5117	0.283	0.349	0.303	0.271	0.313	0.277	0.339	0.294	0.276	0.254	0.269	0.323	0.291	0.287	0.299	0.297	0.269	0.341	0.302	0.268	0.323	0.220	0.305	0.318	0.288	0.294	0.310	0.204	0.321	0.307	1.930	0.583	0.286	0.194	2.236	-16552.936
229	16	500	500	0.5045	0.293	0.277	0.337	0.305	0.299	0.254	0.235	0.341	0.394	0.330	0.334	0.357	0.290	0.333	0.246	0.317	0.321	0.300	0.357	0.244	0.323	0.322	0.332	0.268	0.265	0.295	0.271	0.292	0.279	0.295	1.879	0.618	0.311	0.206	5.618	-16947.644
230	16	500	500	0.5169	0.336	0.268	0.245	0.387	0.282	0.354	0.295	0.278	0.267	0.353	0.328	0.282	0.262	0.300	0.220	0.358	0.366	0.353	0.236	0.328	0.264	0.282	0.295	0.306	0.270	0.279	0.291	0.372	0.303	0.280	1.956	0.630	0.295	0.205	15.077	-16728.826
231	16	500	500	0.5201	0.273	0.330	0.227	0.258	0.249	0.285	0.284	0.286	0.309	0.279	0.295	0.324	0.349	0.334	0.249	0.253	0.240	0.347	0.294	0.317	0.291	0.323	0.269	0.267	0.342	0.224	0.301	0.274	0.282	0.281	1.992	0.600	0.286	0.190	2.219	-16420.225
232	16	500	500	0.5111	0.251	0.317	0.301	0.268	0.266	0.318	0.334	0.294	0.319	0.307	0.310	0.306	0.265	0.319	0.310	0.309	0.243	0.263	0.324	0.284	0.384	0.286	0.273	0.376	0.335	0.203	0.292	0.340	0.279	0.302	1.941	0.518	0.257	0.208	3.765	-16843.637
233	16	500	500	0.5255	0.359	0.320	0.250	0.255	0.273	0.335	0.284	0.280	0.296	0.335	0.249	0.237	0.283	0.312	0.300	0.327	0.280	0.222	0.295	0.294	0.318	0.276	0.307	0.206	0.369	0.295	0.291	0.336	0.325	0.237	2.010	0.639	0.309	0.193	6.063	-16407.707
234	16	500	500	0.5063	0.363	0.247	0.290	0.354	0.232	0.330	0.313	0.336	0.232	0.323	0.291	0.328	0.316	0.270	0.340	0.319	0.329	0.347	0.317	0.292	0.254	0.322	0.263	0.250	0.387	0.338	0.287	0.318	0.306	0.288	2.049	0.612	0.323	0.202	4.949	-16944.974
235	16	500	500	0.5024	0.290	0.253	0.336	0.315	0.295	0.321	0.325	0.285	0.352	0.334	0.302	0.249	0.375	0.280	0.289	0.269	0.276	0.328	0.329	0.288	0.282	0.335	0.316	0.262	0.331	0.309	0.332	0.299	0.256	0.280	1.998	0.588	0.270	0.207	6.382	-16862.979
236	16	500	500	0.5202	0.287	0.335	0.285	0.285	0.244	0.309	0.324	0.250	0.237	0.257	0.243	0.281	0.357	0.348	0.325	0.291	0.210	0.314	0.328	0.232	0.283	0.319	0.276	0.352	0.244	0.310	0.329	0.269	0.264	0.316	1.983	0.607	0.283	0.198	4.242	-16541.127
237	16	500	500	0.5165	0.258	0.269	0.333	0.321	0.311	0.280	0.352	0.288	0.311	0.258	0.301	0.228	0.377	0.256	0.298	0.292	0.369	0.315	0.303	0.294	0.252	0.289	0.307	0.287	0.252	0.273	0.306	0.314	0.331	0.335	2.118	0.597	0.313	0.209	10.291	-16766.609
238	16	500	499	0.5296	0.269	0.282	0.278	0.308	0.334	0.328	0.295	0.322	0.333	0.275	0.324	0.304	0.292	0.300	0.289	0.260	0.319	0.313	0.324	0.324	0.323	0.248	0.343	0.295	0.328	0.268	0.329	0.348	0.324	0.294	2.012	0.552	0.274	0.206	6.279	-16990.044
239	16	500	500	0.5158	0.263	0.282	0.334	0.327	0.294	0.271	0.328	0.298	0.267	0.288	0.233	0.318	0.339	0.302	0.259	0.314	0.286	0.358	0.313	0.318	0.243	0.291	0.373	0.322	0.376	0.274	0.287	0.303	0.271	0.262	2.022	0.608	0.308	0.200	16.892	-16766.743
240	16	500	500	0.5052	0.318	0.373	0.297	0.259	0.350	0.281	0.267	0.341	0.335	0.230	0.335	0.361	0.378	0.313	0.276	0.300	0.348	0.254	0.308	0.328	0.352	0.344	0.269	0.340	0.297	0.314	0.309	0.275	0.295	0.341	2.085	0.508	0.309	0.199	3.173	-17299.820
241	16	500	499	0.5053	0.344	0.317	0.309	0.336	0.257	0.318	0.312	0.261	0.277	0.335	0.247	0.324	0.265	0.283	0.243	0.320	0.295	0.290	0.365	0.324	0.267	0.261	0.331	0.319	0.307	0.335	0.318	0.316	0.286	0.231	1.875	0.589	0.277	0.212	4.159	-16699.266
242	16	500	499	0.5202	0.390	0.239	0.285	0.314	0.288	0.363	0.274	0.280	0.305	0.286	0.372	0.226	0.301	0.334	0.309	0.374	0.250	0.280	0.315	0.280	0.304	0.239	0.299	0.289	0.348	0.302	0.329	0.364	0.307	0.320	1.984	0.506	0.294	0.196	2.970	-17005.238
243	16	500	500	0.5065	0.281	0.238	0.265	0.301	0.261	0.335	0.306	0.297	0.332	0.250	0.269	0.272	0.351	0.295	0.327	0.337	0.333	0.290	0.301	0.286	0.341	0.319	0.319	0.360	0.303	0.325	0.299	0.289	0.291	0.293	1.974	0.635	0.308	0.202	5.432	-16929.081
244	16	500	500	0.5146	0.300	0.320	0.285	0.320	0.275	0.279	0.278	0.305	0.350	0.278	0.291	0.255	0.253	0.287	0.253	0.259	0.314	0.311	0.288	0.251	0.239	0.291	0.266	0.314	0.284	0.297	0.309	0.278	0.295	0.305	1.956	0.579	0.264	0.207	4.367	-16491.470
245	16	500	500	0.5269	0.285	0.337	0.272	0.243	0.363	0.293	0.313	0.310	0.366	0.278	0.292	0.281	0.313	0.307	0.299	0.308	0.272	0.289	0.318	0.326	0.298	0.365	0.288	0.283	0.313	0.303	0.321	0.329	0.301	0.312	2.082	0.453	0.253	0.198	2.446	-17044.778
246	16	500	499	0.5255	0.294	0.378	0.313	0.365	0.285	0.264	0.263	0.264	0.259	0.346	0.210	0.339	0.316	0.276	0.360	0.288	0.323	0.284	0.297	0.275	0.258	0.302	0.324	0.299	0.294	0.362	0.289	0.257	0.270	0.281	2.082	0.636	0.346	0.206	30.199	-16796.355
247	16	500	500	0.5160	0.321	0.341	0.267	0.294	0.333	0.356	0.358	0.287	0.334	0.297	0.295	0.309	0.348	0.311	0.284	0.269	0.305	0.402	0.262	0.308	0.245	0.288	0.308	0.302	0.310	0.366	0.346	0.292	0.351	0.285	2.035	0.573	0.329	0.200	3.783	-17161.263
248	16	500	500	0.5110	0.296	0.257	0.381	0.372	0.322	0.310	0.343	0.262	0.301	0.290	0.297	0.260	0.259	0.238	0.338	0.234	0.296	0.252	0.291	0.331	0.337	0.278	0.339	0.234	0.349	0.290	0.296	0.285	0.276	0.299	2.006	0.667	0.305	0.193	19.304	-16568.680
249	16	500	500	0.5138	0.259	0.344	0.286	0.376	0.303	0.286	0.268	0.239	0.282	0.282	0.306	0.299	0.258	0.289	0.313	0.300	0.246	0.247	0.323	0.373	0.270	0.338	0.308	0.328	0.318	0.287	0.328	0.306	0.308	0.281	2.063	0.599	0.300	0.205	9.501	-16756.857
250	16	500	500	0.5066	0.286	0.255	0.335	0.299	0.325	0.351	0.268	0.364	0.351	0.323	0.283	0.324	0.331	0.270	0.371	0.317	0.335	0.358	0.348	0.285	0.294	0.295	0.272	0.225	0.346	0.317	0.274	0.343	0.284	0.306	1.953	0.575	0.314	0.193	4.355	-17154.814
251	16	500	500	0.5169	0.323	0.232	0.304	0.281	0.289	0.254	0.266	0.335	0.372	0.304	0.311	0.338	0.260	0.317	0.332	0.291	0.301	0.273	0.294	0.317	0.280	0.283	0.357	0.298	0.274	0.255	0.283	0.291	0.322	0.333	2.093	0.564	0.287	0.197	7.489	-16756.486
252	16	500	500	0.5112	0.280	0.286	0.294	0.304	0.308	0.312	0.278	0.366	0.434	0.356	0.321	0.235	0.272	0.277	0.381	0.330	0.400	0.292	0.241	0.293	0.325	0.279	0.359	0.237	0.311	0.276	0.355	0.346	0.278	0.331	2.069	0.572	0.291	0.185	2.730	-17025.894
253	16	500	500	0.5183	0.344	0.263	0.346	0.309	0.316	0.294	0.306	0.310	0.241	0.331	0.259	0.253	0.302	0.324	0.304	0.293	0.318	0.236	0.284	0.261	0.324	0.272	0.287	0.377	0.309	0.266	0.319	0.251	0.301	0.325	2.093	0.507	0.240	0.192	1.780	-16663.058
254	16	500	500	0.5269	0.255	0.242	0.294	0.268	0.330	0.294	0.274	0.313	0.389	0.342	0.312	0.285	0.295	0.333	0.302	0.330	0.346	0.282	0.274	0.361	0.252	0.321	0.313	0.248	0.284	0.316	0.341	0.407	0.334	0.271	2.122	0.526	0.319	0.187	3.284	-17041.819
255	16	500	500	0.5060	0.299	0.287	0.274	0.257	0.338	0.279	0.295	0.331	0.293	0.278	0.315	0.254	0.289	0.256	0.252	0.304	0.214	0.322	0.336	0.312	0.366	0.288	0.290	0.274	0.348	0.297	0.286	0.306	0.293	0.277	1.991	0.544	0.293	0.196	4.269	-16610.022
256	16	500	500	0.5196	0.314	0.240	0.304	0.303	0.299	0.270	0.270	0.315	0.389	0.280	0.295	0.306	0.287	0.277	0.291	0.325	0.329	0.299	0.316	0.288	0.288	0.340	0.314	0.240	0.272	0.332	0.331	0.339	0.242	0.271	1.982	0.542	0.298	0.209	3.123	-16956.775
257	16	500	499	0.5031	0.311	0.324	0.302	0.288	0.221	0.280	0.362	0.247	0.283	0.270	0.277	0.247	0.351	0.234	0.313	0.238	0.252	0.299	0.334	0.313	0.302	0.305	0.271	0.293	0.286	0.303	0.292	0.322	0.291	0.257	1.959	0.596	0.339	0.210	6.544	-16626.901
258	16	500	500	0.5155	0.268	0.315	0.260	0.292	0.266	0.242	0.365	0.360	0.396	0.354	0.307	0.263	0.281	0.244	0.256	0.340	0.262	0.309	0.336	0.259	0.268	0.285	0.274	0.275	0.287	0.354	0.268	0.263	0.300	0.378	1.978	0.500	0.261	0.196	3.038	-16811.379
259	16	500	500	0.5209	0.328	0.364	0.305	0.312	0.380	0.331	0.303	0.258	0.247	0.388	0.265	0.328	0.289	0.339	0.316	0.264	0.277	0.297	0.317	0.336	0.334	0.324	0.322	0.307	0.316	0.324	0.305	0.288	0.322	0.314	1.990	0.552	0.311	0.213	5.520	-17372.858
260	16	500	500	0.5077	0.332	0.265	0.246	0.348	0.333	0.339	0.349	0.306	0.289	0.286	0.380	0.297	0.368	0.345	0.270	0.285	0.229	0.335	0.286	0.295	0.331	0.343	0.270	0.337	0.243	0.228	0.342	0.334	0.321	0.262	2.068	0.592	0.333	0.210	8.518	-17036.970
261	16	500	500	0.5260	0.299	0.277	0.330	0.310	0.286	0.263	0.354	0.249	0.338	0.243	0.292	0.308	0.332	0.323	0.307	0.293	0.298	0.271	0.221	0.293	0.298	0.290	0.272	0.275	0.335	0.249	0.354	0.249	0.337	0.283	1.987	0.611	0.305	0.197	5.030	-16552.350
262	16	500	500	0.5154	0.297	0.264	0.275	0.349	0.293	0.301	0.271	0.261	0.279	0.311	0.247	0.300	0.284	0.239	0.290	0.301	0.254	0.308	0.275	0.318	0.335	0.270	0.286	0.311	0.241	0.267	0.349	0.356	0.306	0.268	1.957	0.661	0.280	0.203	6.374	-16388.867
263	16	500	499	0.5140	0.312	0.282	0.295	0.288	0.274	0.278	0.301	0.269	0.240	0.247	0.249	0.275	0.266	0.329	0.267	0.358	0.282	0.282	0.321	0.335	0.257	0.323	0.246	0.259	0.232	0.286	0.314	0.294	0.305	0.242	2.053	0.589	0.240	0.214	4.361	-16295.840
264	16	500	500	0.5041	0.326	0.288	0.237	0.228	0.257	0.315	0.250	0.359	0.265	0.259	0.287	0.290	0.317	0.238	0.290	0.359	0.154	0.245	0.256	0.296	0.250	0.211	0.294	0.371	0.303	0.331	0.302	0.267	0.302	0.285	1.911	0.652	0.280	0.208	8.035	-16244.307
265	16	500	500	0.5129	0.267	0.324	0.293	0.351	0.272	0.305	0.257	0.332	0.304	0.349	0.322	0.328	0.313	0.286	0.331	0.325	0.353	0.362	0.304	0.362	0.288	0.301	0.321	0.346	0.317	0.299	0.286	0.341	0.259	0.329	2.001	0.550	0.317	0.203	3.963	-17222.199
266	16	500	498	0.5160	0.248	0.351	0.260	0.298	0.273	0.324	0.320	0.359	0.305	0.325	0.314	0.331	0.299	0.263	0.264	0.287	0.282	0.335	0.294	0.295	0.249	0.282	0.313	0.379	0.309	0.317	0.291	0.265	0.284	0.337	2.012	0.644	0.312	0.213	3.036	-16905.519
267	16	500	500	0.5159	0.294	0.307	0.269	0.329	0.273	0.306	0.297	0.286	0.319	0.273	0.320	0.299	0.310	0.279	0.262	0.306	0.330	0.299	0.254	0.309	0.349	0.255	0.309	0.280	0.244	0.300	0.319	0.298	0.299	0.291	1.897	0.566	0.324	0.210	6.728	-16759.412
268	16	500	500	0.5221	0.302	0.339	0.257	0.289	0.271	0.274	0.308	0.280	0.274	0.248	0.277	0.296	0.376	0.244	0.286	0.322	0.359	0.318	0.267	0.243	0.307	0.300	0.315	0.256	0.300	0.305	0.260	0.314	0.255	0.282	1.814	0.638	0.258	0.208	5.276	-16576.553
269	16	500	500	0.5034	0.262	0.407	0.277	0.330	0.265	0.256	0.323	0.276	0.211	0.297	0.280	0.294	0.289	0.289	0.298	0.306	0.287	0.303	0.289	0.321	0.331	0.361	0.313	0.327	0.296	0.293	0.290	0.317	0.258	0.308	1.961	0.637	0.307	0.202	8.063	-16701.006
270	16	500	500	0.5025	0.291	0.355	0.305	0.288	0.337	0.343	0.311	0.337	0.292	0.291	0.324	0.318	0.293	0.336	0.353	0.238	0.352	0.292	0.312	0.299	0.285	0.221	0.359	0.330	0.320	0.342	0.307	0.307	0.296	0.300	1.981	0.590	0.332	0.215	7.996	-17200.483
271	16	500	500	0.5048	0.305	0.300	0.306	0.359	0.249	0.234	0.308	0.245	0.303	0.330	0.265	0.278	0.210	0.262	0.371	0.275	0.294	0.254	0.279	0.330	0.311	0.274	0.267	0.313	0.240	0.274	0.315	0.282	0.264	0.263	1.984	0.635	0.284	0.219	3.194	-16420.923
272	16	500	498	0.5323	0.284	0.268	0.274	0.232	0.297	0.259	0.253	0.283	0.247	0.305	0.276	0.284	0.279	0.289	0.301	0.334	0.295	0.274	0.286	0.318	0.258	0.271	0.332	0.333	0.275	0.310	0.303	0.260	0.285	0.301	2.035	0.533	0.242	0.205	3.044	-16420.134
273	16	500	500	0.5127	0.293	0.358	0.318	0.314	0.328	0.292	0.278	0.315	0.304	0.281	0.271	0.367	0.274	0.327	0.298	0.290	0.274	0.356	0.311	0.290	0.256	0.285	0.300	0.283	0.344	0.335	0.315	0.288	0.430	0.241	2.003	0.529	0.259	0.209	3.972	-17137.112
274	16	500	500	0.5092	0.311	0.345	0.300	0.283	0.305	0.371	0.281	0.262	0.336	0.262	0.328	0.329	0.304	0.305	0.288	0.313	0.355	0.260	0.334	0.312	0.331	0.344	0.282	0.317	0.299	0.291	0.343	0.333	0.301	0.345	2.087	0.537	0.263	0.199	2.338	-17027.270
275	16	500	500	0.5195	0.247	0.276	0.346	0.309	0.269	0.294	0.291	0.286	0.283	0.285	0.284	0.286	0.335	0.336	0.343	0.303	0.370	0.287	0.298	0.317	0.317	0.343	0.324	0.246	0.338	0.254	0.288	0.334	0.321	0.267	1.903	0.598	0.303	0.203	4.274	-17061.569
276	16	500	499	0.5141	0.336	0.319	0.329	0.367	0.301	0.332	0.271	0.288	0.366	0.271	0.297	0.295	0.263	0.288	0.323	0.297	0.262	0.263	0.314	0.335	0.289	0.279	0.307	0.332	0.314	0.293	0.330	0.229	0.353	0.307	2.118	0.621	0.284	0.201	12.554	-16631.778
277	16	500	500	0.5113	0.287	0.254	0.300	0.294	0.318	0.327	0.222	0.346	0.293	0.264	0.277	0.310	0.297	0.290	0.315	0.246	0.312	0.289	0.324	0.293	0.315	0.319	0.301	0.293	0.291	0.342	0.262	0.262	0.342	0.278	2.109	0.591	0.291	0.216	3.188	-16743.305
278	16	500	500	0.5259	0.318	0.260	0.287	0.416	0.307	0.331	0.345	0.267	0.307	0.251	0.327	0.289	0.299	0.295	0.283	0.264	0.263	0.251	0.295	0.295	0.263	0.317	0.281	0.446	0.362	0.274	0.403	0.282	0.282	0.262	1.999	0.660	0.324	0.199	30.755	-16721.876
279	16	500	500	0.5205	0.416	0.298	0.259	0.329	0.278	0.328	0.290	0.306	0.292	0.310	0.356	0.297	0.298	0.344	0.317	0.336	0.305	0.259	0.259	0.324	0.325	0.306	0.290	0.242	0.315	0.301	0.257	0.323	0.334	0.327	2.000	0.581	0.321	0.213	6.762	-17093.396
280	16	500	498	0.5082	0.374	0.233	0.352	0.346	0.269	0.291	0.273	0.289	0.296	0.293	0.318	0.262	0.225	0.335	0.316	0.375	0.316	0.319	0.302	0.286	0.252	0.303	0.296	0.294	0.259	0.297	0.289	0.366	0.316	0.344	1.932	0.626	0.302	0.193	4.597	-16609.600
281	16	500	500	0.5205	0.267	0.385	0.273	0.310	0.329	0.283	0.269	0.248	0.266	0.214	0.274	0.280	0.369	0.321	0.301	0.290	0.314	0.333	0.315	0.283	0.255	0.310	0.300	0.302	0.309	0.252	0.331	0.277	0.279	0.347	2.040	0.487	0.233	0.207	3.269	-16765.338
282	16	500	500	0.5261	0.278	0.236	0.310	0.233	0.318	0.308	0.297	0.294	0.379	0.254	0.302	0.308	0.297	0.359	0.247	0.318	0.196	0.333	0.302	0.277	0.261	0.276	0.283	0.363	0.265	0.323	0.299	0.319	0.252	0.295	1.941	0.589	0.289	0.185	3.468	-16524.994
283	16	500	499	0.5006	0.332	0.238	0.276	0.389	0.324	0.340	0.280	0.287	0.372	0.312	0.333	0.307	0.301	0.290	0.312	0.343	0.274	0.288	0.325	0.319	0.295	0.315	0.304	0.319	0.287	0.317	0.340	0.330	0.335	0.269	1.960	0.613	0.286	0.210	8.379	-17134.483
284	16	500	500	0.5239	0.295	0.315	0.315	0.269	0.300	0.260	0.297	0.295	0.267	0.305	0.246	0.305	0.292	0.305	0.313	0.308	0.298	0.288	0.303	0.324	0.308	0.325	0.296	0.276	0.257	0.287	0.262	0.354	0.318	0.285	2.019	0.583	0.303	0.201	5.297	-16725.682
285	16	500	498	0.5260	0.246	0.316	0.274	0.349	0.332	0.309	0.279	0.383	0.279	0.347	0.275	0.301	0.280	0.325	0.262	0.299	0.296	0.350	0.287	0.287	0.307	0.341	0.284	0.387	0.327	0.237	0.359	0.249	0.335	0.260	2.065	0.591	0.291	0.194	4.313	-16878.527
286	16	500	500	0.5317	0.288	0.330	0.284	0.301	0.242	0.298	0.287	0.307	0.251	0.263	0.343	0.329	0.307	0.266	0.308	0.274	0.298	0.299	0.273	0.300	0.284	0.250	0.293	0.320	0.306	0.339	0.297	0.311	0.326	0.302	2.005	0.625	0.320	0.200	4.329	-16717.093
287	16	500	497	0.5073	0.339	0.339	0.298	0.298	0.325	0.272	0.293	0.279	0.308	0.346	0.316	0.285	0.266	0.310	0.344	0.293	0.251	0.316	0.389	0.288	0.273	0.331	0.309	0.295	0.286	0.324	0.270	0.286	0.271	0.319	1.919	0.576	0.290	0.193	3.865	-16855.574
288	16	500	499	0.5104	0.253	0.270	0.291	0.302	0.287	0.358	0.304	0.324	0.303	0.284	0.308	0.297	0.298	0.276	0.284	0.244	0.259	0.271	0.328	0.270	0.321	0.243	0.309	0.321	0.307	0.291	0.293	0.275	0.284	0.294	1.910	0.623	0.302	0.181	8.183	-16437.597
289	16	500	500	0.5252	0.290	0.289	0.284	0.292	0.323	0.280	0.409	0.209	0.364	0.271	0.295	0.290	0.324	0.305	0.277	0.289	0.295	0.318	0.269	0.326	0.252	0.323	0.350	0.288	0.280	0.300	0.288	0.318	0.304	0.280	2.024	0.579	0.280	0.192	4.699	-16803.798
290	16	500	500	0.5153	0.297	0.324	0.264	0.254	0.316	0.395	0.303	0.294	0.245	0.267	0.279	0.317	0.321	0.360	0.292	0.316	0.389	0.291	0.333	0.280	0.326	0.361	0.301	0.292	0.313	0.269	0.299	0.317	0.292	0.283	1.899	0.593	0.283	0.189	3.623	-16850.483
291	16	500	500	0.5212	0.265	0.299	0.269	0.308	0.260	0.253	0.356	0.304	0.257	0.281	0.330	0.312	0.306	0.253	0.314	0.242	0.334	0.260	0.321	0.405	0.248	0.350	0.305	0.327	0.295	0.306	0.296	0.297	0.325	0.267	1.915	0.569	0.282	0.214	1.872	-16982.814
292	16	500	500	0.5141	0.337	0.279	0.269	0.288	0.303	0.227	0.318	0.270	0.324	0.401	0.317	0.221	0.338	0.298	0.275	0.255	0.250	0.352	0.279	0.262	0.250	0.359	0.301	0.297	0.313	0.240	0.294	0.330	0.283	0.284	1.906	0.601	0.319	0.183	5.806	-16620.249
293	16	500	500	0.5132	0.331	0.306	0.297	0.294	0.336	0.303	0.267	0.303	0.348	0.349	0.314	0.333	0.288	0.325	0.260	0.294	0.259	0.296	0.299	0.308	0.277	0.289	0.338	0.290	0.309	0.273	0.268	0.273	0.318	0.273	1.984	0.620	0.331	0.202	6.513	-16838.564
294	16	500	500	0.5304	0.310	0.326	0.224	0.338	0.370	0.255	0.274	0.285	0.341	0.303	0.286	0.326	0.391	0.334	0.237	0.291	0.331	0.293	0.323	0.296	0.219	0.309	0.321	0.293	0.296	0.302	0.291	0.321	0.390	0.230	1.902	0.600	0.302	0.185	8.203	-16787.895
295	16	500	500	0.5272	0.283	0.437	0.340	0.274	0.306	0.278	0.266	0.270	0.238	0.394	0.293	0.303	0.260	0.297	0.358	0.315	0.255	0.323	0.370	0.298	0.340	0.296	0.315	0.340	0.275	0.357	0.333	0.295	0.263	0.349	2.009	0.569	0.278	0.194	6.004	-17080.312
296	16	500	500	0.5171	0.332	0.277	0.321	0.256	0.280	0.341	0.254	0.298	0.273	0.270	0.311	0.372	0.302	0.316	0.261	0.300	0.295	0.321	0.305	0.279	0.292	0.372	0.262	0.308	0.272	0.307	0.293	0.368	0.275	0.246	2.075	0.635	0.305	0.192	5.426	-16606.808
297	16	500	499	0.5197	0.310	0.266	0.360	0.159	0.348	0.328	0.316	0.274	0.383	0.272	0.348	0.332	0.315	0.255	0.298	0.267	0.370	0.341	0.302	0.270	0.320	0.303	0.282	0.253	0.298	0.289	0.262	0.301	0.345	0.377	1.987	0.551	0.302	0.192	4.139	-16871.435
298	16	500	500	0.5244	0.274	0.325	0.234	0.346	0.305	0.201	0.259	0.268	0.343	0.299	0.313	0.249	0.301	0.270	0.294	0.238	0.253	0.267	0.311	0.302	0.274	0.309	0.244	0.362	0.321	0.269	0.279	0.276	0.250	0.307	2.089	0.679	0.289	0.199	11.534	-16210.286
299	16	500	500	0.5138	0.316	0.300	0.287	0.328	0.360	0.266	0.291	0.296	0.272	0.344	0.287	0.259	0.296	0.311	0.280	0.301	0.239	0.257	0.304	0.289	0.353	0.316	0.298	0.274	0.242	0.340	0.313	0.347	0.344	0.296	1.958	0.609	0.303	0.201	7.180	-16824.460
300	16	500	500	0.5020	0.381	0.289	0.254	0.333	0.322	0.269	0.338	0.305	0.214	0.321	0.300	0.269	0.309	0.293	0.280	0.377	0.271	0.345	0.321	0.307	0.288	0.279	0.245	0.325	0.234	0.384	0.264	0.329	0.310	0.297	1.962	0.637	0.301	0.184	5.191	-16613.068
301	16	500	500	0.5128	0.233	0.273	0.293	0.221	0.279	0.333	0.299	0.295	0.390	0.252	0.301	0.324	0.254	0.323	0.297	0.263	0.270	0.430	0.289	0.249	0.374	0.270	0.315	0.351	0.281	0.309	0.264	0.319	0.309	0.255	1.974	0.573	0.280	0.208	2.265	-16803.498
302	16	500	500	0.5148	0.311	0.312	0.342	0.272	0.315	0.284	0.292	0.324	0.349	0.242	0.345	0.296	0.259	0.266	0.355	0.348	0.272	0.287	0.313	0.293	0.335	0.292	0.279	0.311	0.308	0.279	0.298	0.382	0.331	0.278	1.939	0.449	0.225	0.215	1.090	-17073.826
303	16	500	499	0.4889	0.301	0.272	0.217	0.315	0.298	0.250	0.254	0.321	0.294	0.290	0.247	0.312	0.280	0.312	0.261	0.280	0.366	0.304	0.286	0.254	0.301	0.299	0.266	0.282	0.368	0.298	0.296	0.227	0.299	0.289	1.936	0.667	0.265	0.203	4.078	-16304.404
304	16	500	500	0.5203	0.329	0.271	0.301	0.260	0.309	0.307	0.314	0.287	0.301	0.283	0.266	0.289	0.328	0.231	0.281	0.325	0.364	0.281	0.261	0.360	0.237	0.319	0.306	0.222	0.311	0.283	0.312	0.337	0.328	0.264	2.028	0.594	0.297	0.205	5.103	-16765.051
305	16	500	500	0.5208	0.277	0.274	0.273	0.315	0.285	0.299	0.288	0.324	0.310	0.295	0.222	0.294	0.251	0.340	0.270	0.243	0.314	0.301	0.337	0.290	0.272	0.283	0.273	0.292	0.291	0.274	0.281	0.358	0.342	0.286	1.905	0.577	0.290	0.197	4.039	-16581.668
306	16	500	500	0.5257	0.275	0.245	0.304	0.326	0.428	0.318	0.405	0.279	0.330	0.267	0.300	0.325	0.378	0.283	0.320	0.312	0.382	0.271	0.280	0.273	0.307	0.294	0.294	0.290	0.273	0.269	0.315	0.301	0.324	0.240	2.032	0.588	0.309	0.207	7.677	-17129.757
307	16	500	500	0.5063	0.279	0.276	0.307	0.336	0.221	0.325	0.274	0.259	0.289	0.268	0.310	0.294	0.353	0.362	0.278	0.255	0.282	0.235	0.271	0.279	0.328	0.329	0.265	0.248	0.302	0.308	0.285	0.257	0.278	0.280	2.044	0.625	0.261	0.195	2.578	-16229.084
308	16	500	499	0.5125	0.283	0.314	0.264	0.288	0.331	0.314	0.323	0.284	0.274	0.321	0.342	0.283	0.305	0.234	0.295	0.309	0.227	0.292	0.286	0.282	0.286	0.269	0.356	0.315	0.300	0.273	0.309	0.294	0.254	0.354	1.922	0.571	0.269	0.198	3.472	-16714.246
309	16	500	500	0.5148	0.328	0.320	0.319	0.267	0.310	0.244	0.299	0.341	0.300	0.306	0.268	0.268	0.288	0.283	0.313	0.295	0.227	0.258	0.317	0.333	0.308	0.306	0.318	0.314	0.294	0.334	0.302	0.269	0.303	0.324	2.099	0.619	0.333	0.197	4.059	-16829.617
310	16	500	500	0.5271	0.362	0.335	0.315	0.261	0.280	0.296	0.296	0.264	0.217	0.321	0.296	0.333	0.303	0.274	0.271	0.300	0.376	0.241	0.272	0.274	0.269	0.314	0.370	0.265	0.212	0.286	0.268	0.349	0.266	0.285	2.065	0.577	0.275	0.188	2.835	-16502.271
311	16	500	500	0.5142	0.277	0.282	0.320	0.313	0.264	0.276	0.323	0.276	0.306	0.360	0.306	0.358	0.327	0.306	0.325	0.244	0.294	0.298	0.318	0.276	0.299	0.288	0.292	0.286	0.318	0.313	0.281	0.343	0.316	0.293	1.961	0.611	0.346	0.201	7.772	-16964.989
312	16	500	500	0.5209	0.294	0.308	0.299	0.282	0.281	0.340	0.326	0.282	0.338	0.286	0.218	0.289	0.262	0.278	0.294	0.223	0.263	0.304	0.322	0.272	0.309	0.269	0.275	0.370	0.326	0.313	0.276	0.253	0.294	0.266	2.041	0.638	0.301	0.210	5.080	-16630.880
313	16	500	500	0.5045	0.318	0.331	0.287	0.349	0.255	0.255	0.341	0.299	0.291	0.309	0.295	0.330	0.252	0.310	0.252	0.323	0.254	0.276	0.354	0.290	0.273	0.274	0.240	0.260	0.293	0.301	0.273	0.266	0.354	0.347	1.880	0.602	0.318	0.195	8.726	-16601.903
314	16	500	500	0.5142	0.309	0.295	0.270	0.268	0.301	0.283	0.316	0.242	0.279	0.326	0.300	0.306	0.297	0.330	0.278	0.316	0.361	0.309	0.291	0.292	0.224	0.343	0.297	0.283	0.310	0.363	0.233	0.290	0.292	0.308	2.056	0.578	0.281	0.186	3.487	-16633.046
315	16	500	499	0.5056	0.359	0.291	0.278	0.304	0.245	0.285	0.264	0.307	0.278	0.333	0.282	0.333	0.280	0.345	0.302	0.329	0.232	0.392	0.276	0.330	0.309	0.347	0.259	0.252	0.310	0.277	0.284	0.292	0.263	0.347	1.997	0.459	0.240	0.203	1.933	-16785.829
316	16	500	498	0.4955	0.312	0.306	0.244	0.312	0.292	0.318	0.254	0.289	0.241	0.290	0.312	0.324	0.328	0.265	0.373	0.322	0.273	0.256	0.334	0.309	0.377	0.260	0.315	0.342	0.265	0.343	0.312	0.293	0.268	0.320	2.081	0.612	0.291	0.197	7.088	-16677.758
317	16	500	499	0.5100	0.255	0.236	0.313	0.300	0.298	0.267	0.314	0.308	0.328	0.337	0.339	0.283	0.293	0.335	0.297	0.199	0.263	0.298	0.262	0.292	0.310	0.270	0.303	0.329	0.329	0.312	0.252	0.310	0.268	0.343	1.922	0.569	0.274	0.196	3.138	-16712.870
318	16	500	500	0.4995	0.275	0.308	0.309	0.265	0.236	0.253	0.252	0.306	0.293	0.302	0.315	0.285	0.275	0.285	0.282	0.289	0.260	0.258	0.278	0.256	0.307	0.282	0.279	0.267	0.263	0.270	0.293	0.318	0.250	0.336	1.925	0.580	0.274	0.206	2.934	-16276.919
319	16	500	500	0.5031	0.214	0.408	0.294	0.376	0.346	0.305	0.361	0.238	0.287	0.294	0.336	0.336	0.331	0.360	0.272	0.302	0.331	0.347	0.398	0.220	0.225	0.357	0.293	0.344	0.275	0.343	0.317	0.363	0.379	0.318	1.817	0.616	0.340	0.203	16.166	-17383.416
320	16	500	498	0.5226	0.261	0.289	0.290	0.327	0.288	0.308	0.245	0.279	0.258	0.326	0.310	0.295	0.300	0.276	0.303	0.253	0.294	0.294	0.262	0.283	0.244	0.319	0.278	0.346	0.274	0.273	0.307	0.261	0.297	0.259	1.934	0.607	0.293	0.212	4.939	-16467.050
321	16	500	500	0.5092	0.362	0.335	0.311	0.354	0.241	0.173	0.324	0.339	0.307	0.284	0.268	0.297	0.298	0.228	0.280	0.309	0.329	0.240	0.285	0.314	0.311	0.278	0.266	0.336	0.280	0.256	0.294	0.325	0.269	0.338	2.109	0.542	0.271	0.190	3.170	-16373.935
322	16	500	500	0.5181	0.316	0.347	0.338	0.357	0.260	0.281	0.268	0.349	0.230	0.327	0.334	0.296	0.336	0.303	0.281	0.350	0.309	0.280	0.286	0.290	0.280	0.292	0.274	0.248	0.329	0.339	0.227	0.287	0.376	0.281	2.008	0.596	0.320	0.215	5.277	-16959.722
323	16	500	500	0.5093	0.355	0.311	0.300	0.279	0.360	0.295	0.313	0.319	0.283	0.284	0.290	0.321	0.271	0.312	0.316	0.304	0.281	0.366	0.280	0.308	0.277	0.291	0.328	0.320	0.293	0.288	0.273	0.341	0.252	0.363	1.987	0.560	0.330	0.196	6.403	-17098.092
324	16	500	500	0.5233	0.326	0.305	0.260	0.291	0.332	0.322	0.274	0.334	0.252	0.261	0.301	0.282	0.338	0.336	0.238	0.283	0.264	0.266	0.315	0.289	0.223	0.319	0.313	0.254	0.261	0.341	0.227	0.288	0.285	0.299	1.837	0.404	0.190	0.208	1.000	-16706.877
325	16	500	500	0.5103	0.358	0.338	0.337	0.263	0.267	0.300	0.366	0.266	0.373	0.288	0.319	0.266	0.314	0.300	0.313	0.310	0.308	0.269	0.308	0.285	0.350	0.338	0.258	0.350	0.354	0.260	0.305	0.278	0.311	0.303	2.009	0.568	0.292	0.185	2.588	-16897.164
326	16	500	500	0.5101	0.341	0.254	0.258	0.305	0.276	0.279	0.254	0.255	0.341	0.258	0.289	0.292	0.314	0.290	0.311	0.258	0.205	0.317	0.348	0.238	0.366	0.282	0.326	0.244	0.379	0.322	0.274	0.258	0.219	0.393	1.954	0.592	0.278	0.180	6.256	-16382.519
327	16	500	500	0.5276	0.358	0.233	0.228	0.287	0.300	0.372	0.297	0.259	0.236	0.354	0.247	0.339	0.328	0.300	0.337	0.285	0.290	0.294	0.285	0.295	0.280	0.308	0.333	0.285	0.381	0.324	0.331	0.359	0.289	0.316	1.830	0.606	0.334	0.188	7.261	-16956.109
328	16	500	500	0.5173	0.290	0.244	0.328	0.335	0.240	0.275	0.309	0.318	0.378	0.267	0.286	0.301	0.391	0.332	0.294	0.339	0.380	0.274	0.271	0.327	0.335	0.267	0.342	0.286	0.317	0.336	0.298	0.203	0.304	0.273	1.921	0.510	0.258	0.206	1.787	-16913.106
329	16	500	500	0.4967	0.364	0.289	0.297	0.276	0.349	0.225	0.283	0.295	0.391	0.299	0.272	0.318	0.250	0.272	0.269	0.290	0.280	0.279	0.338	0.305	0.306	0.307	0.328	0.311	0.270	0.289	0.309	0.354	0.320	0.234	1.962	0.377	0.185	0.191	1.000	-16730.630
330	16	500	499	0.5058	0.364	0.256	0.271	0.272	0.323	0.293	0.376	0.272	0.321	0.374	0.350	0.251	0.300	0.357	0.254	0.300	0.283	0.278	0.275	0.301	0.271	0.263	0.329	0.332	0.220	0.298	0.351	0.366	0.336	0.311	1.956	0.382	0.214	0.178	1.000	-16849.367
331	16	500	500	0.4961	0.350	0.330	0.242	0.334	0.253	0.281	0.296	0.314	0.274	0.322	0.295	0.262	0.313	0.233	0.335	0.274	0.311	0.231	0.334	0.259	0.307	0.246	0.329	0.262	0.318	0.327	0.257	0.302	0.274	0.315	1.867	0.646	0.297	0.201	4.288	-16571.367
332	16	500	499	0.5286	0.337	0.347	0.277	0.296	0.304	0.318	0.312	0.253	0.262	0.331	0.300	0.303	0.251	0.285	0.289	0.294	0.279	0.219	0.233	0.318	0.374	0.338	0.299	0.322	0.323	0.317	0.239	0.322	0.309	0.291	1.988	0.647	0.264	0.204	5.284	-16553.282
333	16	500	500	0.5250	0.369	0.304	0.338	0.328	0.295	0.301	0.331	0.350	0.254	0.295	0.281	0.266	0.336	0.271	0.297	0.356	0.273	0.303	0.254	0.284	0.363	0.276	0.311	0.345	0.327	0.281	0.313	0.312	0.295	0.317	2.098	0.561	0.303	0.197	7.565	-16959.330
334	16	500	500	0.5090	0.296	0.322	0.239	0.484	0.339	0.322	0.271	0.311	0.250	0.282	0.275	0.329	0.353	0.298	0.263	0.297	0.244	0.326	0.278	0.231	0.309	0.277	0.286	0.317	0.321	0.333	0.366	0.271	0.254	0.328	2.080	0.615	0.294	0.188	15.535	-16573.641
335	16	500	499	0.5286	0.335	0.214	0.277	0.367	0.334	0.297	0.312	0.259	0.369	0.230	0.323	0.300	0.277	0.297	0.295	0.376	0.327	0.343	0.296	0.302	0.302	0.283	0.310	0.329	0.246	0.288	0.286	0.349	0.322	0.253	1.921	0.608	0.342	0.178	17.866	-16738.117
336	16	500	500	0.5165	0.294	0.281	0.258	0.315	0.299	0.207	0.272	0.307	0.262	0.332	0.263	0.312	0.291	0.284	0.228	0.374	0.471	0.304	0.280	0.323	0.239	0.278	0.293	0.252	0.274	0.253	0.331	0.296	0.306	0.256	1.981	0.606	0.297	0.184	6.918	-16408.722
337	16	500	500	0.4982	0.338	0.255	0.279	0.359	0.369	0.382	0.293	0.330	0.388	0.316	0.296	0.239	0.362	0.301	0.315	0.351	0.303	0.337	0.297	0.264	0.314	0.315	0.313	0.327	0.315	0.335	0.300	0.360	0.314	0.330	1.919	0.599	0.354	0.203	11.617	-17270.243
338	16	500	498	0.5058	0.296	0.254	0.295	0.271	0.274	0.290	0.294	0.306	0.361	0.232	0.266	0.254	0.291	0.294	0.324	0.260	0.230	0.337	0.312	0.307	0.231	0.318	0.293	0.316	0.296	0.288	0.342	0.226	0.296	0.275	1.950	0.605	0.294	0.195	10.229	-16447.544
339	16	500	498	0.5132	0.279	0.288	0.256	0.300	0.286	0.312	0.335	0.228	0.258	0.278	0.264	0.339	0.353	0.264	0.318	0.293	0.260	0.318	0.350	0.344	0.253	0.294	0.352	0.264	0.271	0.278	0.292	0.320	0.305	0.336	2.033	0.662	0.304	0.198	7.705	-16596.214
340	16	500	500	0.5032	0.323	0.273	0.271	0.296	0.336	0.354	0.287	0.286	0.363	0.280	0.301	0.296	0.335	0.271	0.296	0.275	0.305	0.275	0.256	0.349	0.335	0.303	0.171	0.295	0.305	0.286	0.309	0.277	0.290	0.307	1.933	0.504	0.239	0.197	2.728	-16637.334
341	16	500	500	0.5176	0.320	0.366	0.314	0.364	0.265	0.255	0.285	0.305	0.238	0.322	0.241	0.359	0.322	0.238	0.397	0.238	0.351	0.294	0.323	0.295	0.233	0.299	0.288	0.399	0.327	0.250	0.267	0.346	0.309	0.257	2.168	0.570	0.288	0.222	3.823	-16906.360
342	16	500	500	0.5062	0.292	0.239	0.284	0.344	0.252	0.329	0.296	0.292	0.302	0.282	0.277	0.321	0.313	0.267	0.305	0.279	0.241	0.295	0.288	0.314	0.260	0.304	0.248	0.282	0.273	0.274	0.278	0.324	0.272	0.285	1.988	0.653	0.326	0.214	14.811	-16482.776
343	16	500	499	0.5114	0.382	0.311	0.279	0.327	0.284	0.302	0.348	0.349	0.323	0.281	0.255	0.296	0.318	0.321	0.308	0.314	0.266	0.338	0.346	0.260	0.212	0.290	0.284	0.295	0.236	0.309	0.238	0.306	0.244	0.328	1.883	0.583	0.306	0.189	7.154	-16726.621
344	16	500	500	0.5067	0.287	0.307	0.316	0.311	0.317	0.290	0.277	0.288	0.205	0.356	0.292	0.258	0.260	0.272	0.332	0.245	0.391	0.235	0.245	0.357	0.303	0.293	0.343	0.272	0.309	0.246	0.257	0.346	0.289	0.278	2.020	0.653	0.313	0.202	12.752	-16579.774
345	16	500	500	0.5117	0.292	0.272	0.385	0.284	0.295	0.312	0.259	0.305	0.313	0.330	0.308	0.259	0.260	0.294	0.273	0.290	0.237	0.308	0.380	0.318	0.314	0.248	0.307	0.334	0.285	0.308	0.360	0.329	0.275	0.288	1.944	0.563	0.322	0.192	5.794	-16954.602
346	16	500	499	0.5021	0.258	0.240	0.303	0.315	0.293	0.300	0.345	0.238	0.355	0.324	0.325	0.276	0.292	0.301	0.269	0.242	0.397	0.242	0.267	0.294	0.329	0.223	0.303	0.322	0.239	0.259	0.307	0.290	0.303	0.347	1.928	0.603	0.264	0.205	7.008	-16502.418
347	16	500	500	0.5151	0.276	0.313	0.420	0.288	0.321	0.297	0.320	0.329	0.308	0.354	0.297	0.334	0.286	0.338	0.307	0.297	0.392	0.342	0.330	0.302	0.241	0.287	0.332	0.283	0.345	0.273	0.278	0.284	0.280	0.334	1.868	0.562	0.338	0.193	8.648	-17198.584
348	16	500	498	0.5311	0.299	0.326	0.254	0.246	0.316	0.249	0.295	0.282	0.295	0.304	0.314	0.308	0.260	0.283	0.276	0.313	0.298	0.234	0.244	0.299	0.281	0.319	0.263	0.305	0.251	0.314	0.331	0.327	0.356	0.272	1.924	0.517	0.234	0.201	2.837	-16532.629
349	16	500	500	0.4928	0.260	0.327	0.342	0.295	0.281	0.240	0.345	0.303	0.251	0.275	0.267	0.352	0.285	0.323	0.248	0.326	0.337	0.286	0.356	0.318	0.292	0.264	0.372	0.286	0.287	0.295	0.316	0.317	0.278	0.323	1.856	0.631	0.333	0.202	13.469	-16816.763
350	16	500	500	0.5195	0.356	0.353	0.286	0.363	0.276	0.226	0.283	0.302	0.284	0.379	0.305	0.288	0.297	0.263	0.282	0.305	0.333	0.294	0.255	0.293	0.312	0.279	0.297	0.362	0.284	0.300	0.305	0.287	0.300	0.283	2.088	0.612	0.333	0.206	9.809	-16735.927
351	16	500	499	0.5217	0.307	0.197	0.344	0.296	0.236	0.302	0.249	0.315	0.349	0.222	0.322	0.271	0.270	0.336	0.301	0.226	0.324	0.317	0.289	0.278	0.229	0.276	0.266	0.255	0.267	0.210	0.316	0.338	0.261	0.257	2.065	0.526	0.209	0.203	4.693	-16125.674
352	16	500	500	0.5215	0.367	0.289	0.348	0.337	0.298	0.276	0.268	0.372	0.349	0.277	0.301	0.321	0.395	0.343	0.263	0.291	0.289	0.268	0.348	0.319	0.332	0.288	0.327	0.317	0.272	0.315	0.327	0.306	0.319	0.277	2.081	0.613	0.305	0.211	5.964	-17171.074
353	16	500	500	0.5043	0.248	0.320	0.232	0.256	0.308	0.325	0.283	0.392	0.248	0.309	0.391	0.243	0.292	0.281	0.321	0.302	0.269	0.334	0.254	0.334	0.361	0.280	0.248	0.389	0.280	0.294	0.356	0.336	0.327	0.233	1.942	0.560	0.287	0.195	2.735	-16800.322
354	16	500	500	0.5200	0.298	0.283	0.337	0.351	0.233	0.320	0.257	0.304	0.381	0.279	0.322	0.255	0.427	0.284	0.281	0.244	0.329	0.309	0.278	0.261	0.349	0.242	0.246	0.271	0.257	0.326	0.304	0.232	0.307	0.277	2.007	0.611	0.306	0.198	9.907	-16541.148
355	16	500	500	0.5270	0.277	0.311	0.333	0.332	0.323	0.366	0.304	0.268	0.247	0.263	0.267	0.352	0.298	0.244	0.295	0.281	0.230	0.233	0.278	0.291	0.309	0.307	0.310	0.376	0.301	0.344	0.255	0.297	0.326	0.281	1.980	0.648	0.275	0.215	4.109	-16743.486
356	16	500	500	0.5225	0.302	0.389	0.289	0.358	0.304	0.286	0.288	0.328	0.275	0.310	0.302	0.316	0.267	0.378	0.279	0.321	0.255	0.239	0.326	0.313	0.267	0.292	0.284	0.273	0.301	0.372	0.259	0.358	0.291	0.329	2.173	0.585	0.294	0.194	4.602	-16967.837
357	16	500	499	0.5030	0.305	0.325	0.268	0.257	0.297	0.221	0.273	0.309	0.353	0.276	0.279	0.340	0.328	0.368	0.327	0.287	0.365	0.307	0.310	0.309	0.261	0.298	0.254	0.329	0.363	0.307	0.313	0.282	0.310	0.336	2.093	0.587	0.272	0.180	4.384	-16623.641
358	16	500	499	0.5145	0.252	0.453	0.346	0.246	0.392	0.345	0.271	0.307	0.255	0.294	0.312	0.293	0.313	0.304	0.281	0.334	0.308	0.342	0.292	0.309	0.317	0.319	0.292	0.296	0.356	0.316	0.323	0.284	0.318	0.331	2.011	0.529	0.309	0.212	5.082	-17213.878
359	16	500	500	0.5090	0.323	0.262	0.320	0.423	0.249	0.311	0.296	0.287	0.268	0.316	0.260	0.300	0.244	0.269	0.284	0.342	0.291	0.304	0.335	0.293	0.249	0.329	0.282	0.355	0.301	0.280	0.218	0.301	0.295	0.310	2.001	0.689	0.276	0.199	19.883	-16384.244
360	16	500	499	0.5022	0.328	0.230	0.322	0.254	0.250	0.299	0.258	0.281	0.244	0.389	0.261	0.328	0.329	0.224	0.267	0.288	0.202	0.327	0.287	0.306	0.257	0.286	0.291	0.311	0.268	0.332	0.280	0.394	0.222	0.345	1.945	0.636	0.334	0.191	10.632	-16379.062
361	16	500	500	0.5099	0.293	0.363	0.291	0.334	0.321	0.263	0.322	0.253	0.378	0.277	0.274	0.296	0.325	0.302	0.321	0.313	0.321	0.295	0.318	0.314	0.336	0.330	0.297	0.229	0.364	0.250	0.254	0.266	0.275	0.350	2.027	0.581	0.282	0.202	6.373	-16919.066
362	16	500	500	0.5208	0.298	0.284	0.297	0.317	0.299	0.343	0.298	0.315	0.315	0.283	0.318	0.303	0.286	0.312	0.236	0.255	0.241	0.280	0.299	0.279	0.296	0.329	0.252	0.309	0.313	0.330	0.254	0.296	0.275	0.280	2.059	0.604	0.293	0.194	6.725	-16587.338
363	16	500	500	0.5235	0.381	0.202	0.284	0.241	0.284	0.330	0.252	0.377	0.246	0.264	0.234	0.279	0.327	0.269	0.267	0.337	0.328	0.285	0.329	0.233	0.312	0.304	0.243	0.266	0.258	0.286	0.237	0.275	0.308	0.271	1.912	0.605	0.250	0.189	3.190	-16171.957
364	16	500	500	0.5205	0.305	0.269	0.328	0.263	0.354	0.321	0.284	0.305	0.271	0.297	0.277	0.287	0.341	0.284	0.277	0.328	0.300	0.315	0.273	0.304	0.210	0.249	0.311	0.250	0.295	0.307	0.336	0.314	0.275	0.298	2.106	0.445	0.209	0.197	1.000	-16544.960
365	16	500	500	0.5190	0.295	0.314	0.325	0.263	0.359	0.359	0.309	0.276	0.296	0.358	0.330	0.247	0.321	0.304	0.242	0.306	0.279	0.279	0.356	0.320	0.291	0.314	0.292	0.295	0.320	0.311	0.321	0.343	0.276	0.321	2.083	0.559	0.303	0.203	2.941	-17047.241
366	16	500	499	0.5298	0.331	0.353	0.305	0.387	0.314	0.339	0.296	0.321	0.258	0.260	0.363	0.370	0.350	0.344	0.315	0.311	0.282	0.291	0.262	0.337	0.232	0.350	0.300	0.318	0.229	0.261	0.282	0.362	0.268	0.292	1.997	0.541	0.288	0.198	5.520	-17095.974
367	16	500	500	0.5196	0.342	0.261	0.291	0.302	0.359	0.325	0.332	0.254	0.300	0.303	0.343	0.303	0.234	0.276	0.272	0.262	0.358	0.308	0.277	0.315	0.280	0.258	0.303	0.190	0.292	0.283	0.280	0.305	0.274	0.288	2.092	0.590	0.306	0.202	8.323	-16608.300
368	16	500	500	0.4895	0.287	0.320	0.279	0.375	0.303	0.388	0.266	0.318	0.314	0.389	0.281	0.242	0.335	0.361	0.350	0.249	0.348	0.323	0.260	0.339	0.317	0.309	0.318	0.315	0.292	0.356	0.318	0.337	0.274	0.334	2.022	0.649	0.318	0.194	8.700	-16987.004
369	16	500	500	0.5220	0.262	0.243	0.322	0.331	0.305	0.311	0.299	0.335	0.296	0.307	0.311	0.288	0.323	0.232	0.282	0.336	0.329	0.261	0.333	0.300	0.286	0.302	0.393	0.328	0.304	0.329	0.287	0.303	0.270	0.296	2.074	0.567	0.334	0.201	3.383	-17055.986
370	16	500	500	0.5218	0.306	0.356	0.285	0.279	0.293	0.336	0.307	0.298	0.272	0.352	0.319	0.257	0.287	0.310	0.276	0.372	0.273	0.233	0.312	0.291	0.328	0.248	0.326	0.252	0.323	0.329	0.248	0.326	0.272	0.326	2.058	0.566	0.293	0.203	4.618	-16793.528
371	16	500	498	0.5121	0.294	0.247	0.349	0.275	0.308	0.312	0.262	0.358	0.426	0.296	0.308	0.257	0.211	0.280	0.332	0.268	0.324	0.238	0.335	0.316	0.304	0.264	0.318	0.349	0.295	0.271	0.304	0.287	0.318	0.280	1.979	0.625	0.334	0.178	11.660	-16625.628
372	16	500	500	0.4998	0.290	0.334	0.307	0.284	0.319	0.288	0.307	0.306	0.306	0.335	0.328	0.288	0.296	0.287	0.331	0.327	0.244	0.305	0.299	0.335	0.309	0.302	0.290	0.326	0.330	0.348	0.263	0.280	0.276	0.297	1.956	0.584	0.272	0.207	6.858	-16900.500
373	16	500	500	0.5085	0.339	0.250	0.312	0.306	0.351	0.288	0.340	0.284	0.319	0.260	0.305	0.297	0.264	0.255	0.287	0.319	0.273	0.271	0.316	0.298	0.248	0.259	0.281	0.360	0.313	0.334	0.284	0.314	0.338	0.259	2.093	0.662	0.283	0.212	5.450	-16639.552
374	16	500	500	0.5159	0.344	0.324	0.299	0.369	0.264	0.315	0.300	0.300	0.305	0.255	0.353	0.236	0.263	0.314	0.278	0.353	0.261	0.281	0.333	0.291	0.312	0.289	0.312	0.248	0.298	0.294	0.310	0.346	0.304	0.277	1.982	0.647	0.328	0.211	17.849	-16859.295
375	16	500	500	0.5090	0.286	0.313	0.245	0.263	0.257	0.268	0.370	0.235	0.389	0.300	0.332	0.277	0.310	0.312	0.300	0.235	0.333	0.320	0.287	0.289	0.279	0.337	0.292	0.280	0.333	0.336	0.267	0.234	0.285	0.342	1.931	0.592	0.313	0.203	5.162	-16749.193
376	16	500	500	0.5160	0.367	0.286	0.322	0.279	0.265	0.295	0.246	0.355	0.314	0.322	0.297	0.291	0.274	0.275	0.349	0.290	0.312	0.253	0.362	0.332	0.299	0.303	0.335	0.260	0.327	0.274	0.244	0.311	0.324	0.315	1.949	0.647	0.322	0.215	8.832	-16957.220
377	16	500	500	0.5235	0.327	0.291	0.286	0.282	0.290	0.327	0.299	0.285	0.289	0.308	0.309	0.305	0.327	0.264	0.303	0.335	0.228	0.299	0.288	0.305	0.359	0.311	0.341	0.290	0.243	0.278	0.302	0.311	0.313	0.264	2.009	0.635	0.291	0.203	3.541	-16731.392
378	16	500	500	0.5218	0.294	0.327	0.318	0.243	0.317	0.267	0.275	0.318	0.219	0.383	0.337	0.321	0.288	0.296	0.295	0.322	0.249	0.293	0.267	0.368	0.285	0.311	0.269	0.331	0.300	0.341	0.278	0.250	0.371	0.290	1.881	0.635	0.316	0.210	5.194	-17001.256
379	16	500	500	0.5190	0.307	0.340	0.304	0.303	0.329	0.289	0.296	0.267	0.291	0.240	0.265	0.333	0.316	0.276	0.330	0.347	0.225	0.309	0.294	0.354	0.302	0.316	0.330	0.330	0.277	0.291	0.297	0.383	0.244	0.371	1.918	0.603	0.301	0.207	4.903	-16976.252
380	16	500	500	0.5151	0.282	0.322	0.280	0.286	0.304	0.363	0.296	0.293	0.219	0.316	0.265	0.322	0.338	0.259	0.280	0.281	0.351	0.349	0.307	0.276	0.281	0.255	0.263	0.303	0.320	0.307	0.262	0.306	0.362	0.316	1.936	0.506	0.217	0.197	3.310	-16687.838
381	16	500	500	0.5312	0.280	0.312	0.266	0.296	0.259	0.327	0.263	0.266	0.282	0.320	0.361	0.199	0.264	0.275	0.259	0.246	0.338	0.307	0.300	0.333	0.339	0.246	0.344	0.351	0.243	0.306	0.323	0.223	0.381	0.289	1.912	0.650	0.313	0.213	5.964	-16747.573
382	16	500	500	0.5228	0.325	0.280	0.349	0.363	0.285	0.314	0.291	0.317	0.309	0.294	0.248	0.306	0.253	0.310	0.318	0.309	0.426	0.340	0.327	0.269	0.297	0.364	0.286	0.311	0.287	0.350	0.280	0.279	0.275	0.288	2.059	0.572	0.289	0.189	3.924	-16887.732
383	16	500	499	0.5165	0.282	0.262	0.326	0.241	0.320	0.317	0.365	0.314	0.287	0.307	0.275	0.312	0.253	0.274	0.272	0.243	0.356	0.300	0.274	0.370	0.295	0.307	0.268	0.385	0.382	0.272	0.317	0.309	0.265	0.251	1.975	0.564	0.250	0.191	4.762	-16690.231
384	16	500	500	0.5241	0.358	0.247	0.311	0.311	0.210	0.202	0.297	0.296	0.420	0.240	0.270	0.327	0.307	0.298	0.315	0.356	0.282	0.243	0.264	0.333	0.246	0.337	0.290	0.359	0.320	0.310	0.278	0.300	0.360	0.297	1.885	0.631	0.276	0.199	6.671	-16716.396
385	16	500	500	0.5215	0.315	0.346	0.247	0.283	0.312	0.281	0.242	0.320	0.269	0.250	0.314	0.288	0.249	0.313	0.248	0.293	0.301	0.240	0.277	0.305	0.335	0.306	0.286	0.255	0.299	0.252	0.246	0.299	0.262	0.261	1.911	0.399	0.161	0.195	1.000	-16241.803
386	16	500	500	0.5072	0.356	0.290	0.295	0.267	0.290	0.325	0.272	0.322	0.248	0.323	0.256	0.290	0.278	0.284	0.297	0.339	0.308	0.340	0.321	0.337	0.189	0.317	0.282	0.313	0.277	0.356	0.295	0.291	0.230	0.299	1.891	0.574	0.270	0.199	3.266	-16713.047
387	16	500	500	0.5151	0.300	0.331	0.289	0.259	0.308	0.261	0.288	0.346	0.202	0.356	0.325	0.255	0.325	0.361	0.250	0.293	0.246	0.262	0.313	0.297	0.323	0.270	0.283	0.251	0.279	0.254	0.313	0.321	0.265	0.299	2.102	0.606	0.280	0.210	7.585	-16535.959
388	16	500	500	0.5036	0.336	0.266	0.348	0.262	0.317	0.288	0.253	0.296	0.298	0.288	0.327	0.266	0.302	0.289	0.305	0.287	0.317	0.273	0.347	0.287	0.331	0.308	0.336	0.283	0.313	0.286	0.314	0.322	0.246	0.294	1.990	0.236	0.113	0.198	1.085	-16733.484
389	16	500	500	0.5071	0.306	0.349	0.277	0.291	0.376	0.304	0.248	0.322	0.298	0.286	0.366	0.251	0.309	0.320	0.337	0.276	0.340	0.287	0.337	0.291	0.336	0.254	0.296	0.268	0.268	0.369	0.333	0.270	0.329	0.312	1.867	0.591	0.355	0.207	12.716	-17049.359
390	16	500	500	0.5078	0.381	0.277	0.269	2.448	0.272	0.289	0.314	0.354	0.358	0.310	0.320	0.286	0.355	0.361	0.267	0.320	0.255	0.224	0.331	0.330	0.381	0.332	0.340	0.230	0.384	0.333	0.265	0.342	0.306	0.341	2.142	0.645	0.348	0.210	999.000	-17212.153
391	16	500	500	0.5122	0.379	0.312	0.309	0.336	0.331	0.339	0.312	0.309	0.204	0.283	0.307	0.268	0.313	0.293	0.242	0.147	0.318	0.253	0.310	0.240	0.328	0.285	0.272	0.261	0.363	0.269	0.249	0.259	0.312	0.343	1.928	0.574	0.264	0.196	3.743	-16560.243
392	16	500	500	0.4919	0.287	0.316	0.337	0.326	0.259	0.278	0.357	0.313	0.287	0.273	0.320	0.424	0.289	0.303	0.313	0.375	0.315	0.336	0.244	0.353	0.312	0.263	0.291	0.261	0.341	0.353	0.311	0.313	0.286	0.305	1.953	0.589	0.347	0.210	6.438	-17133.416
393	16	500	500	0.4879	0.239	0.312	0.302	0.315	0.289	0.329	0.335	0.330	0.356	0.284	0.309	0.292	0.287	0.298	0.318	0.236	0.237	0.286	0.264	0.312	0.323	0.326	0.301	0.287	0.283	0.231	0.296	0.268	0.296	0.286	1.950	0.619	0.320	0.199	5.896	-16676.106
394	16	500	500	0.5170	0.288	0.314	0.246	0.316	0.263	0.311	0.279	0.291	0.240	0.249	0.317	0.305	0.356	0.358	0.301	0.323	0.286	0.286	0.269	0.286	0.273	0.308	0.364	0.286	0.230	0.310	0.285	0.253	0.323	0.285	1.965	0.623	0.337	0.188	10.481	-16578.137
395	16	500	500	0.5108	0.257	0.301	0.276	0.308	0.315	0.233	0.384	0.250	0.257	0.305	0.310	0.311	0.217	0.305	0.278	0.263	0.311	0.239	0.315	0.284	0.274	0.305	0.332	0.236	0.226	0.243	0.309	0.286	0.276	0.261	2.145	0.642	0.289	0.210	5.268	-16352.204
396	16	500	500	0.5051	0.307	0.334	0.244	0.350	0.291	0.275	0.345	0.322	0.275	0.373	0.323	0.274	0.344	0.321	0.282	0.326	0.229	0.331	0.324	0.262	0.299	0.314	0.300	0.319	0.297	0.342	0.267	0.268	0.343	0.344	1.957	0.540	0.332	0.202	4.764	-17078.809
397	16	500	500	0.5005	0.307	0.302	0.341	0.300	0.256	0.280	0.283	0.317	0.326	0.285	0.284	0.328	0.283	0.304	0.296	0.303	0.337	0.308	0.297	0.387	0.378	0.315	0.302	0.263	0.389	0.301	0.341	0.288	0.275	0.292	1.851	0.613	0.302	0.192	6.206	-16958.096
398	16	500	500	0.5129	0.258	0.290	0.292	0.344	0.271	0.318	0.271	0.283	0.332	0.260	0.276	0.246	0.329	0.280	0.277	0.276	0.223	0.286	0.281	0.303	0.339	0.312	0.282	0.278	0.306	0.369	0.285	0.265	0.300	0.254	2.028	0.645	0.303	0.206	9.517	-16524.890
399	16	500	500	0.5249	0.332	0.268	0.271	0.373	0.373	0.267	0.311	0.271	0.237	0.359	0.280	0.260	0.286	0.292	0.266	0.311	0.366	0.273	0.309	0.351	0.275	0.323	0.293	0.242	0.363	0.284	0.276	0.295	0.297	0.267	2.137	0.585	0.271	0.191	7.842	-16586.507
400	16	500	498	0.5192	0.298	0.320	0.243	0.342	0.258	0.326	0.265	0.294	0.241	0.321	0.269	0.334	0.315	0.203	0.270	0.303	0.253	0.286	0.308	0.323	0.314	0.338	0.223	0.212	0.230	0.322	0.223	0.354	0.272	0.270	1.952	0.626	0.274	0.199	6.229	-16174.725
401	16	500	500	0.5165	0.356	0.240	0.315	0.367	0.253	0.314	0.296	0.263	0.378	0.334	0.307	0.337	0.271	0.268	0.338	0.334	0.291	0.278	0.311	0.332	0.279	0.307	0.260	0.263	0.284	0.271	0.334	0.264	0.284	0.282	1.897	0.604	0.304	0.217	4.256	-16968.432
402	16	500	500	0.5051	0.288	0.273	0.266	0.282	0.317	0.292	0.315	0.280	0.359	0.284	0.311	0.299	0.327	0.255	0.358	0.309	0.338	0.347	0.277	0.298	0.309	0.281	0.323	0.268	0.319	0.283	0.324	0.368	0.249	0.312	2.023	0.540	0.307	0.206	5.994	-16950.010
403	16	500	500	0.5133	0.311	0.269	0.307	0.308	0.298	0.279	0.292	0.244	0.282	0.304	0.264	0.321	0.323	0.283	0.324	0.266	0.293	0.253	0.359	0.311	0.267	0.253	0.365	0.253	0.357	0.349	0.290	0.340	0.294	0.308	1.897	0.603	0.282	0.213	10.830	-16895.138
404	16	500	500	0.5317	0.366	0.299	0.278	0.317	0.285	0.300	0.335	0.283	0.297	0.274	0.271	0.262	0.292	0.315	0.283	0.344	0.341	0.333	0.314	0.278	0.327	0.311	0.317	0.299	0.292	0.284	0.301	0.268	0.264	0.299	1.960	0.527	0.266	0.192	3.691	-16881.243
405	16	500	500	0.5205	0.306	0.261	0.260	0.336	0.322	0.281	0.277	0.292	0.273	0.290	0.256	0.319	0.340	0.275	0.329	0.331	0.254	0.255	0.318	0.275	0.274	0.286	0.319	0.250	0.341	0.268	0.319	0.269	0.341	0.282	1.910	0.615	0.294	0.198	9.971	-16561.356
406	16	500	500	0.5083	0.323	0.297	0.335	0.439	0.226	0.320	0.291	0.321	0.330	0.348	0.318	0.336	0.281	0.279	0.346	0.345	0.268	0.233	0.270	0.336	0.346	0.360	0.263	0.268	0.322	0.396	0.272	0.309	0.320	0.315	1.984	0.622	0.301	0.199	8.237	-17146.896
407	16	500	500	0.5147	0.360	0.250	0.281	0.318	0.306	0.300	0.297	0.326	0.340	0.311	0.278	0.295	0.310	0.199	0.378	0.322	0.309	0.346	0.292	0.283	0.304	0.314	0.280	0.310	0.258	0.280	0.302	0.283	0.279	0.318	2.004	0.580	0.327	0.198	4.405	-16781.955
408	16	500	500	0.5161	0.267	0.304	0.278	0.299	0.287	0.417	0.350	0.347	0.297	0.291	0.343	0.275	0.288	0.343	0.321	0.326	0.266	0.361	0.280	0.307	0.246	0.324	0.245	0.319	0.249	0.309	0.305	0.349	0.293	0.269	2.072	0.580	0.336	0.220	4.283	-17201.684
409	16	500	500	0.4978	0.221	0.345	0.414	0.261	0.273	0.265	0.290	0.298	0.347	0.239	0.352	0.293	0.383	0.303	0.323	0.263	0.224	0.304	0.330	0.258	0.313	0.345	0.270	0.331	0.276	0.370	0.283	0.318	0.298	0.269	2.074	0.540	0.253	0.204	1.436	-16798.916
410	16	500	500	0.5176	0.291	0.285	0.257	0.329	0.325	0.329	0.312	0.264	0.313	0.240	0.232	0.312	0.251	0.299	0.325	0.281	0.396	0.269	0.313	0.242	0.308	0.302	0.277	0.233	0.276	0.292	0.290	0.297	0.333	0.245	1.985	0.627	0.249	0.213	6.913	-16533.483
411	16	500	500	0.5160	0.360	0.288	0.314	0.341	0.269	0.281	0.271	0.287	0.295	0.259	0.292	0.332	0.359	0.318	0.284	0.363	0.270	0.306	0.335	0.315	0.330	0.367	0.335	0.307	0.348	0.269	0.352	0.292	0.304	0.319	2.109	0.630	0.340	0.202	10.566	-17142.088
412	16	500	500	0.5186	0.279	0.250	0.270	0.339	0.345	0.315	0.282	0.253	0.343	0.313	0.283	0.344	0.236	0.279	0.333	0.315	0.275	0.297	0.297	0.315	0.290	0.265	0.282	0.223	0.363	0.272	0.307	0.280	0.269	0.316	2.093	0.626	0.292	0.195	7.916	-16548.996
413	16	500	500	0.5132	0.324	0.228	0.344	0.323	0.293	0.319	0.315	0.321	0.291	0.248	0.310	0.283	0.294	0.323	0.257	0.310	0.344	0.313	0.329	0.309	0.285	0.271	0.278	0.300	0.322	0.286	0.384	0.308	0.313	0.269	1.942	0.654	0.264	0.193	5.936	-16742.029
414	16	500	500	0.5226	0.252	0.300	0.328	0.315	0.237	0.312	0.313	0.270	0.295	0.276	0.288	0.280	0.248	0.273	0.320	0.262	0.473	0.247	0.243	0.305	0.287	0.251	0.256	0.250	0.367	0.287	0.328	0.292	0.251	0.341	2.001	0.638	0.279	0.184	7.075	-16324.491
415	16	500	500	0.5106	0.286	0.237	0.275	0.320	0.291	0.267	0.256	0.306	0.327	0.248	0.324	0.285	0.297	0.316	0.245	0.314	0.303	0.299	0.240	0.348	0.322	0.359	0.291	0.360	0.330	0.314	0.263	0.300	0.292	0.335	2.020	0.632	0.300	0.210	5.015	-16732.689
416	16	500	500	0.5107	0.366	0.264	0.298	0.333	0.264	0.323	0.272	0.370	0.278	0.308	0.321	0.310	0.251	0.366	0.261	0.390	0.267	0.338	0.308	0.278	0.290	0.317	0.232	0.364	0.306	0.262	0.327	0.352	0.247	0.386	2.054	0.617	0.300	0.188	10.213	-16780.602
417	16	500	499	0.5050	0.286	0.212	0.291	0.350	0.269	0.324	0.328	0.294	0.296	0.364	0.249	0.255	0.263	0.296	0.344	0.357	0.286	0.314	0.336	0.362	0.332	0.275	0.296	0.386	0.271	0.299	0.319	0.337	0.253	0.301	2.036	0.591	0.322	0.194	6.693	-16835.045
418	16	500	499	0.5078	0.290	0.319	0.295	0.386	0.277	0.326	0.263	0.377	0.353	0.296	0.273	0.322	0.226	0.305	0.276	0.266	0.316	0.357	0.339	0.300	0.262	0.335	0.304	0.305	0.221	0.329	0.343	0.271	0.295	0.332	2.073	0.615	0.319	0.201	3.863	-16905.760
419	16	500	499	0.5092	0.308	0.287	0.261	0.306	0.335	0.333	0.252	0.315	0.306	0.286	0.291	0.343	0.295	0.272	0.275	0.276	0.292	0.268	0.267	0.243	0.279	0.270	0.301	0.300	0.346	0.268	0.301	0.265	0.279	0.308	1.976	0.635	0.270	0.195	4.572	-16430.271
420	16	500	500	0.5087	0.271	0.301	0.266	0.322	0.324	0.281	0.264	0.368	0.299	0.321	0.283	0.277	0.320	0.300	0.308	0.273	0.299	0.312	0.306	0.312	0.235	0.299	0.309	0.322	0.230	0.312	0.285	0.356	0.319	0.335	2.075	0.663	0.309	0.200	11.739	-16616.845
421	16	500	500	0.5204	0.288	0.273	0.370	0.289	0.318	0.298	0.332	0.271	0.279	0.302	0.330	0.199	0.293	0.292	0.334	0.226	0.284	0.343	0.334	0.341	0.299	0.263	0.296	0.346	0.372	0.299	0.334	0.348	0.267	0.315	1.935	0.564	0.316	0.201	5.132	-17057.094
422	16	500	500	0.5099	0.284	0.341	0.202	0.205	0.352	0.333	0.330	0.212	0.303	0.288	0.252	0.279	0.283	0.289	0.234	0.345	0.325	0.225	0.332	0.289	0.254	0.267	0.264	0.283	0.271	0.333	0.276	0.302	0.279	0.330	1.971	0.194	0.099	0.203	1.000	-16462.949
423	16	500	500	0.5074	0.339	0.314	0.283	0.320	0.294	0.315	0.261	0.285	0.277	0.323	0.338	0.290	0.347	0.267	0.317	0.292	0.249	0.278	0.322	0.297	0.284	0.242	0.332	0.340	0.285	0.291	0.280	0.298	0.379	0.270	1.943	0.598	0.299	0.208	5.231	-16941.517
424	16	500	500	0.5118	0.318	0.282	0.377	0.269	0.321	0.250	0.326	0.316	0.233	0.302	0.309	0.327	0.383	0.385	0.246	0.334	0.288	0.330	0.318	0.278	0.357	0.280	0.268	0.315	0.288	0.311	0.267	0.338	0.305	0.342	1.990	0.560	0.318	0.205	9.929	-17089.229
425	16	500	499	0.5031	0.321	0.284	0.239	0.259	0.344	0.363	0.306	0.335	0.318	0.330	0.376	0.267	0.342	0.310	0.310	0.336	0.263	0.301	0.325	0.265	0.350	0.346	0.308	0.317	0.301	0.394	0.252	0.334	0.330	0.403	2.043	0.534	0.308	0.176	2.283	-17081.254
426	16	500	500	0.5102	0.296	0.307	0.299	0.325	0.343	0.312	0.297	0.261	0.284	0.341	0.270	0.306	0.266	0.282	0.343	0.267	0.297	0.253	0.302	0.332	0.320	0.291	0.303	0.322	0.306	0.308	0.297	0.368	0.311	0.313	2.114	0.608	0.283	0.203	4.616	-16825.110
427	16	500	500	0.4993	0.245	0.256	0.323	0.295	0.262	0.305	0.263	0.268	0.318	0.423	0.332	0.311	0.255	0.332	0.320	0.246	0.357	0.274	0.283	0.281	0.356	0.309	0.295	0.279	0.283	0.279	0.288	0.362	0.322	0.272	2.102	0.561	0.292	0.194	3.143	-16779.360
428	16	500	499	0.5176	0.279	0.331	0.308	0.301	0.348	0.269	0.301	0.284	0.272	0.274	0.285	0.304	0.299	0.279	0.268	0.246	0.291	0.353	0.328	0.295	0.276	0.325	0.346	0.226	0.230	0.301	0.288	0.322	0.236	0.303	2.059	0.586	0.270	0.201	6.255	-16494.942
429	16	500	500	0.5165	0.316	0.282	0.353	4.429	0.256	0.350	0.268	0.279	0.306	0.259	0.329	0.272	0.318	0.281	0.276	0.252	0.294	0.353	0.306	0.260	0.315	0.281	0.298	0.211	0.330	0.312	0.332	0.310	0.328	0.371	2.080	0.639	0.347	0.204	998.999	-16865.795
430	16	500	499	0.5239	0.155	0.305	0.266	0.362	0.326	0.301	0.308	0.298	0.352	0.361	0.246	0.259	0.327	0.315	0.269	0.432	0.304	0.202	0.291	0.347	0.386	0.304	0.283	0.272	0.268	0.324	0.321	0.314	0.299	0.292	2.059	0.566	0.313	0.192	6.526	-16892.437
431	16	500	500	0.5168	0.305	0.346	0.294	0.281	0.360	0.264	0.341	0.283	0.228	0.266	0.351	0.312	0.358	0.293	0.304	0.287	0.283	0.283	0.279	0.280	0.357	0.334	0.296	0.377	0.269	0.308	0.317	0.329	0.291	0.316	1.976	0.610	0.354	0.205	8.115	-17130.800
432	16	500	499	0.5242	0.306	0.319	0.252	0.249	0.304	0.289	0.268	0.256	0.328	0.347	0.275	0.313	0.218	0.300	0.307	0.274	0.351	0.231	0.267	0.289	0.297	0.254	0.268	0.304	0.302	0.295	0.225	0.263	0.309	0.306	2.034	0.622	0.272	0.183	3.234	-16277.877
433	16	500	500	0.5278	0.301	0.338	0.335	0.295	0.369	0.396	0.335	0.336	0.288	0.346	0.287	0.292	0.332	0.275	0.323	0.261	0.340	0.288	0.325	0.247	0.268	0.306	0.267	0.229	0.276	0.246	0.270	0.290	0.283	0.288	2.002	0.592	0.282	0.224	3.650	-16992.610
434	16	500	500	0.5257	0.332	0.265	0.256	0.293	0.296	0.349	0.346	0.243	0.333	0.275	0.242	0.305	0.416	0.280	0.263	0.240	0.268	0.315	0.267	0.327	0.286	0.332	0.350	0.252	0.252	0.265	0.283	0.434	0.275	0.315	2.073	0.590	0.309	0.219	4.809	-16933.495
435	16	500	500	0.5185	0.323	0.236	0.298	0.310	0.354	0.322	0.261	0.311	0.261	0.319	0.287	0.302	0.210	0.286	0.313	0.383	0.297	0.342	0.260	0.301	0.263	0.281	0.301	0.370	0.275	0.234	0.317	0.350	0.282	0.318	2.006	0.585	0.319	0.217	6.190	-16855.967
436	16	500	500	0.5139	0.337	0.286	0.292	0.276	0.288	0.308	0.320	0.278	0.263	0.382	0.318	0.301	0.212	0.283	0.322	0.313	0.329	0.299	0.267	0.308	0.313	0.302	0.357	0.290	0.272	0.300	0.264	0.423	0.275	0.295	1.975	0.617	0.323	0.202	8.466	-16838.771
437	16	500	500	0.5001	0.277	0.281	0.349	0.300	0.261	0.254	0.282	0.258	0.330	0.301	0.315	0.289	0.202	0.337	0.341	0.298	0.259	0.298	0.341	0.300	0.304	0.281	0.361	0.271	0.294	0.353	0.301	0.254	0.293	0.200	1.889	0.624	0.303	0.192	4.672	-16588.405
438	16	500	500	0.5132	0.306	0.266	0.271	0.277	0.317	0.379	0.316	0.249	0.388	0.255	0.324	0.305	0.304	0.278	0.371	0.347	0.225	0.341	0.303	0.291	0.403	0.292	0.311	0.391	0.267	0.324	0.314	0.349	0.269	0.266	2.035	0.624	0.318	0.200	5.397	-16934.051
439	16	500	500	0.5088	0.288	0.263	0.294	0.347	0.295	0.351	0.311	0.316	0.333	0.363	0.314	0.262	0.355	0.277	0.281	0.294	0.319	0.354	0.325	0.251	0.341	0.309	0.332	0.309	0.314	0.264	0.339	0.331	0.276	0.334	2.092	0.596	0.296	0.200	10.019	-16942.797
440	16	500	500	0.5090	0.321	0.221	0.325	0.392	0.231	0.329	0.339	0.285	0.390	0.342	0.248	0.310	0.278	0.252	0.332	0.325	0.277	0.296	0.271	0.307	0.286	0.303	0.307	0.261	0.290	0.267	0.293	0.332	0.315	0.262	1.959	0.576	0.286	0.213	5.251	-16870.864
441	16	500	500	0.5249	0.336	0.327	0.258	0.351	0.282	0.322	0.298	0.366	0.262	0.295	0.270	0.306	0.261	0.303	0.269	0.343	0.285	0.324	0.293	0.289	0.238	0.335	0.321	0.313	0.375	0.301	0.281	0.418	0.280	0.272	1.944	0.615	0.315	0.186	9.350	-16891.496
442	16	500	500	0.5084	0.319	0.314	0.341	0.332	0.247	0.331	0.314	0.353	0.319	0.352	0.326	0.295	0.307	0.333	0.248	0.345	0.384	0.316	0.316	0.261	0.314	0.346	0.330	0.270	0.263	0.318	0.267	0.301	0.317	0.290	2.024	0.577	0.322	0.172	5.189	-16936.402
443	16	500	498	0.5192	0.226	0.341	0.309	0.304	0.302	0.309	0.300	0.320	0.308	0.293	0.294	0.300	0.355	0.286	0.323	0.312	0.246	0.335	0.275	0.316	0.264	0.298	0.328	0.331	0.320	0.342	0.269	0.283	0.268	0.326	2.119	0.611	0.315	0.200	6.457	-16874.936
444	16	500	500	0.5148	0.234	0.327	0.298	0.299	0.291	0.215	0.275	0.298	0.297	0.279	0.260	0.283	0.253	0.345	0.319	0.235	0.244	0.374	0.281	0.278	0.303	0.239	0.317	0.333	0.295	0.350	0.273	0.294	0.287	0.294	2.005	0.598	0.310	0.204	4.852	-16514.595
445	16	500	499	0.5142	0.308	0.281	0.291	0.245	0.264	0.307	0.308	0.341	0.256	0.333	0.246	0.346	0.265	0.269	0.301	0.281	0.258	0.266	0.297	0.295	0.307	0.318	0.311	0.228	0.300	0.255	0.333	0.259	0.246	0.342	2.039	0.550	0.282	0.200	2.854	-16464.574
446	16	500	500	0.5055	0.247	0.310	0.325	0.288	0.281	0.382	0.292	0.305	0.306	0.322	0.272	0.294	0.232	0.314	0.299	0.266	0.256	0.364	0.322	0.262	0.314	0.315	0.294	0.280	0.260	0.319	0.332	0.283	0.285	0.276	2.095	0.608	0.310	0.218	5.032	-16789.967
447	16	500	499	0.5056	0.395	0.329	0.368	0.337	0.290	0.301	0.323	0.312	0.397	0.307	0.273	0.329	0.244	0.340	0.314	0.329	0.236	0.302	0.330	0.308	0.343	0.281	0.364	0.387	0.302	0.311	0.327	0.336	0.297	0.341	2.035	0.560	0.331	0.181	4.104	-17265.761
448	16	500	500	0.4996	0.279	0.342	0.351	0.230	0.258	0.247	0.376	0.300	0.218	0.344	0.287	0.333	0.301	0.281	0.295	0.293	0.314	0.377	0.313	0.304	0.296	0.302	0.343	0.292	0.302	0.312	0.329	0.347	0.280	0.290	2.036	0.612	0.307	0.190	5.533	-16803.967
449	16	500	500	0.5211	0.364	0.297	0.367	0.312	0.318	0.312	0.257	0.322	0.292	0.291	0.299	0.279	0.292	0.347	0.294	0.311	0.288	0.323	0.262	0.309	0.261	0.347	0.353	0.371	0.279	0.339	0.272	0.227	0.263	0.368	2.177	0.629	0.327	0.205	5.947	-16919.964
450	16	500	500	0.5005	0.238	0.330	0.314	0.253	0.318	0.305	0.280	0.276	0.353	0.235	0.316	0.281	0.288	0.291	0.235	0.290	0.258	0.264	0.285	0.316	0.341	0.323	0.268	0.332	0.284	0.293	0.281	0.279	0.265	0.291	1.931	0.603	0.276	0.201	4.166	-16479.407
451	16	500	500	0.5196	0.302	0.349	0.284	0.294	0.321	0.303	0.320	0.267	0.302	0.280	0.300	0.337	0.335	0.310	0.299	0.281	0.346	0.321	0.297	0.354	0.250	0.266	0.289	0.363	0.274	0.302	0.327	0.379	0.261	0.293	1.850	0.599	0.274	0.205	4.235	-16913.757
452	16	500	500	0.5126	0.304	0.316	0.330	0.276	0.282	0.281	0.256	0.256	0.283	0.359	0.259	0.285	0.308	0.216	0.345	0.324	0.262	0.275	0.317	0.331	0.259	0.300	0.283	0.338	0.306	0.291	0.307	0.257	0.262	0.278	2.013	0.626	0.264	0.195	4.129	-16471.190
453	16	500	500	0.5110	0.294	0.279	0.297	0.306	0.296	0.268	0.263	0.307	0.352	0.297	0.311	0.293	0.270	0.319	0.322	0.300	0.267	0.335	0.348	0.377	0.288	0.276	0.320	0.314	0.293	0.301	0.326	0.290	0.287	0.317	2.022	0.615	0.336	0.200	8.435	-16900.297
454	16	500	499	0.5138	0.290	0.310	0.326	0.304	0.322	0.339	0.301	0.259	0.373	0.406	0.322	0.220	0.262	0.339	0.338	0.300	0.272	0.282	0.282	0.388	0.307	0.257	0.345	0.342	0.288	0.280	0.289	0.325	0.342	0.321	1.953	0.465	0.206	0.187	1.267	-16829.799
455	16	500	499	0.5203	0.329	0.373	0.323	0.339	0.273	0.324	0.224	0.367	0.254	0.244	0.334	0.264	0.289	0.277	0.267	0.300	0.355	0.298	0.313	0.318	0.282	0.305	0.311	0.289	0.345	0.274	0.284	0.253	0.284	0.304	2.071	0.628	0.255	0.209	5.631	-16736.067
456	16	500	500	0.5218	0.282	0.287	0.304	0.297	0.324	0.232	0.277	0.297	0.355	0.309	0.278	0.317	0.426	0.298	0.325	0.316	0.344	0.358	0.264	0.359	0.286	0.310	0.273	0.332	0.324	0.319	0.355	0.261	0.258	0.305	2.087	0.563	0.303	0.205	3.422	-17068.984
457	16	500	499	0.5291	0.316	0.234	0.280	0.601	0.299	0.280	0.287	0.270	0.288	0.273	0.318	0.302	0.276	0.278	0.328	0.247	0.297	0.247	0.307	0.315	0.315	0.273	0.296	0.259	0.304	0.294	0.282	0.247	0.270	0.296	1.948	0.695	0.278	0.190	47.364	-16455.682
458	16	500	500	0.5087	0.219	0.290	0.333	0.311	0.316	0.268	0.263	0.301	0.302	0.289	0.283	0.326	0.326	0.308	0.301	0.292	0.328	0.240	0.307	0.277	0.323	0.318	0.335	0.331	0.319	0.317	0.276	0.209	0.361	0.313	1.932	0.629	0.317	0.211	12.966	-16946.059
459	16	500	500	0.5294	0.264	0.283	0.315	0.289	0.326	0.302	0.275	0.273	0.306	0.262	0.304	0.291	0.340	0.288	0.274	0.331	0.317	0.309	0.291	0.241	0.327	0.291	0.320	0.282	0.263	0.294	0.296	0.301	0.262	0.326	2.133	0.581	0.271	0.204	2.603	-16648.830
460	16	500	499	0.5176	0.342	0.253	0.286	0.316	0.305	0.282	0.264	0.237	0.286	0.317	0.256	0.308	0.294	0.263	0.297	0.333	0.228	0.296	0.263	0.332	0.242	0.322	0.281	0.260	0.296	0.298	0.290	0.309	0.286	0.325	1.960	0.615	0.300	0.191	5.003	-16475.221
461	16	500	500	0.5166	0.270	0.349	0.349	0.251	0.289	0.265	0.251	0.350	0.294	0.286	0.310	0.366	0.351	0.274	0.305	0.302	0.411	0.284	0.328	0.272	0.305	0.280	0.304	0.264	0.328	0.293	0.259	0.289	0.349	0.267	1.979	0.577	0.311	0.201	6.073	-16933.653
462	16	500	500	0.5164	0.389	0.293	0.258	0.287	0.263	0.306	0.256	0.310	0.299	0.301	0.338	0.284	0.229	0.314	0.268	0.324	0.213	0.341	0.297	0.282	0.237	0.309	0.345	0.278	0.291	0.320	0.375	0.323	0.249	0.296	1.961	0.618	0.263	0.199	2.455	-16598.854
463	16	500	500	0.5075	0.310	0.265	0.278	0.321	0.326	0.265	0.302	0.289	0.238	0.269	0.280	0.261	0.316	0.278	0.333	0.303	0.238	0.359	0.311	0.302	0.276	0.278	0.265	0.299	0.269	0.309	0.271	0.366	0.275	0.277	1.860	0.634	0.271	0.208	4.288	-16548.256
464	16	500	500	0.4977	0.300	0.287	0.274	0.308	0.275	0.262	0.247	0.376	0.338	0.308	0.291	0.329	0.261	0.414	0.288	0.311	0.331	0.323	0.311	0.240	0.344	0.369	0.324	0.310	0.319	0.271	0.329	0.306	0.277	0.300	1.920	0.632	0.318	0.194	8.054	-16951.085
465	16	500	500	0.5137	0.326	0.356	0.277	0.228	0.340	0.279	0.336	0.339	0.301	0.297	0.310	0.274	0.281	0.305	0.295	0.277	0.285	0.247	0.286	0.263	0.326	0.293	0.316	0.298	0.335	0.321	0.204	0.254	0.344	0.235	2.034	0.555	0.279	0.193	1.418	-16605.820
466	16	500	500	0.5194	0.290	0.309	0.359	0.282	0.281	0.287	0.285	0.286	0.327	0.300	0.300	0.301	0.324	0.268	0.350	0.297	0.318	0.330	0.306	0.345	0.361	0.270	0.371	0.291	0.345	0.292	0.299	0.286	0.352	0.274	2.020	0.561	0.297	0.194	7.189	-17086.440
467	16	500	499	0.5164	0.316	0.300	0.270	0.320	0.294	0.345	0.299	0.271	0.411	0.301	0.299	0.309	0.317	0.290	0.293	0.306	0.365	0.262	0.300	0.287	0.308	0.264	0.278	0.269	0.291	0.250	0.296	0.285	0.318	0.283	2.064	0.636	0.329	0.197	10.055	-16617.797
468	16	500	500	0.5152	0.288	0.330	0.300	0.248	0.274	0.309	0.327	0.280	0.296	0.278	0.334	0.341	0.322	0.255	0.249	0.314	0.263	0.288	0.306	0.289	0.341	0.270	0.334	0.265	0.298	0.280	0.328	0.279	0.266	0.318	2.098	0.547	0.272	0.164	3.600	-16381.945
469	16	500	500	0.5205	0.264	0.302	0.242	0.304	0.273	0.326	0.319	0.320	0.269	0.298	0.291	0.289	0.336	0.255	0.246	0.304	0.209	0.276	0.231	0.324	0.318	0.221	0.295	0.315	0.278	0.308	0.333	0.294	0.274	0.331	1.927	0.618	0.292	0.192	6.964	-16449.776
470	16	500	500	0.5158	0.328	0.288	0.361	0.347	0.332	0.326	0.325	0.276	0.312	0.296	0.310	0.293	0.302	0.292	0.262	0.313	0.209	0.307	0.343	0.293	0.266	0.304	0.361	0.256	0.320	0.313	0.277	0.265	0.370	0.267	2.043	0.573	0.316	0.207	9.621	-17004.361
471	16	500	500	0.5099	0.234	0.240	0.282	0.294	0.278	0.305	0.253	0.327	0.283	0.344	0.266	0.285	0.318	0.262	0.270	0.254	0.307	0.263	0.296	0.300	0.282	0.257	0.237	0.320	0.200	0.334	0.328	0.241	0.276	0.265	1.966	0.669	0.273	0.234	7.207	-16441.851
472	16	500	500	0.5261	0.257	0.246	0.243	0.285	0.306	0.248	0.363	0.291	0.332	0.209	0.299	0.352	0.296	0.253	0.293	0.346	0.278	0.302	0.250	0.293	0.322	0.330	0.307	0.322	0.228	0.292	0.352	0.282	0.312	0.290	2.050	0.614	0.307	0.205	8.311	-16665.752
473	16	500	500	0.5070	0.303	0.251	0.283	0.326	0.328	0.310	0.278	0.334	0.385	0.365	0.306	0.279	0.305	0.325	0.249	0.316	0.335	0.338	0.309	0.266	0.236	0.264	0.248	0.350	0.276	0.250	0.330	0.327	0.262	0.314	1.986	0.609	0.287	0.198	5.438	-16753.507
474	16	500	500	0.5135	0.333	0.309	0.358	0.309	0.295	0.297	0.341	0.257	0.240	0.319	0.319	0.316	0.314	0.317	0.289	0.325	0.356	0.368	0.289	0.300	0.293	0.253	0.319	0.270	0.295	0.279	0.343	0.295	0.329	0.367	2.076	0.586	0.293	0.209	3.432	-17072.500
475	16	500	500	0.4994	0.326	0.315	0.277	0.265	0.310	0.278	0.266	0.318	0.238	0.302	0.317	0.267	0.282	0.259	0.345	0.293	0.365	0.301	0.306	0.321	0.254	0.269	0.324	0.247	0.249	0.276	0.271	0.222	0.316	0.320	2.167	0.636	0.287	0.219	5.943	-16509.836
476	16	500	500	0.5221	0.303	0.284	0.318	0.244	0.332	0.250	0.319	0.335	0.313	0.231	0.344	0.349	0.294	0.283	0.316	0.267	0.318	0.335	0.317	0.327	0.351	0.335	0.312	0.337	0.314	0.282	0.366	0.378	0.301	0.331	1.993	0.586	0.314	0.196	3.528	-17214.069
477	16	500	500	0.5105	0.325	0.286	0.347	0.273	0.336	0.277	0.243	0.300	0.325	0.350	0.301	0.296	0.271	0.324	0.276	0.296	0.302	0.298	0.312	0.282	0.311	0.364	0.254	0.314	0.286	0.272	0.273	0.316	0.289	0.250	2.057	0.600	0.306	0.188	8.744	-16579.141
478	16	500	500	0.5093	0.339	0.221	0.297	0.308	0.267	0.264	0.328	0.256	0.349	0.375	0.257	0.277	0.307	0.307	0.324	0.343	0.271	0.319	0.266	0.306	0.232	0.335	0.260	0.319	0.247	0.246	0.319	0.295	0.294	0.306	1.948	0.629	0.327	0.181	7.607	-16468.419
479	16	500	500	0.5105	0.223	0.298	0.342	0.248	0.274	0.325	0.290	0.314	0.287	0.309	0.291	0.297	0.226	0.318	0.269	0.314	0.271	0.305	0.299	0.336	0.270	0.323	0.301	0.314	0.309	0.318	0.299	0.258	0.334	0.347	2.021	0.548	0.258	0.216	2.254	-16885.003
480	16	500	500	0.5222	0.318	0.345	0.278	0.254	0.341	0.304	0.300	0.297	0.322	0.274	0.284	0.322	0.305	0.281	0.313	0.294	0.342	0.278	0.260	0.356	0.312	0.296	0.287	0.318	0.314	0.261	0.331	0.258	0.298	0.329	2.023	0.571	0.262	0.196	3.601	-16714.799
481	16	500	500	0.5248	0.321	0.264	0.267	0.272	0.316	0.277	0.283	0.303	0.294	0.323	0.314	0.312	0.273	0.318	0.327	0.332	0.234	0.320	0.253	0.273	0.247	0.248	0.251	0.332	0.336	0.319	0.255	0.294	0.256	0.331	2.025	0.588	0.291	0.171	8.403	-16326.608
482	16	500	500	0.5262	0.315	0.299	0.244	0.285	0.276	0.265	0.263	0.285	0.236	0.278	0.294	0.287	0.294	0.289	0.272	0.258	0.298	0.315	0.309	0.290	0.275	0.342	0.297	0.259	0.268	0.289	0.253	0.341	0.283	0.314	2.212	0.572	0.266	0.208	2.138	-16356.511
483	16	500	500	0.5190	0.306	0.347	0.288	0.295	0.296	0.299	0.272	0.313	0.292	0.307	0.319	0.251	0.295	0.286	0.299	0.283	0.281	0.321	0.261	0.353	0.301	0.298	0.287	0.302	0.330	0.301	0.325	0.313	0.301	0.322	1.974	0.660	0.279	0.194	6.074	-16731.040
484	16	500	500	0.5242	0.243	0.342	0.247	0.314	0.331	0.283	0.309	0.370	0.241	0.264	0.260	0.303	0.312	0.293	0.324	0.295	0.325	0.285	0.345	0.349	0.332	0.295	0.332	0.269	0.281	0.294	0.268	0.293	0.345	0.252	2.093	0.656	0.309	0.220	11.567	-16846.546
485	16	500	500	0.5100	0.351	0.286	0.336	0.315	0.347	0.299	0.335	0.280	0.356	0.362	0.312	0.291	0.284	0.287	0.282	0.344	0.431	0.296	0.270	0.365	0.231	0.277	0.304	0.290	0.380	0.335	0.311	0.237	0.298	0.289	2.063	0.585	0.326	0.199	6.271	-17143.337
486	16	500	499	0.5084	0.249	0.341	0.371	0.245	0.317	0.273	0.316	0.312	0.255	0.314	0.284	0.299	0.293	0.315	0.299	0.302	0.275	0.297	0.261	0.325	0.233	0.330	0.319	0.246	0.309	0.303	0.316	0.304	0.306	0.342	2.105	0.525	0.265	0.211	1.267	-16802.151
487	16	500	500	0.5080	0.313	0.361	0.366	0.220	0.281	0.254	0.316	0.315	0.269	0.361	0.268	0.341	0.306	0.389	0.311	0.255	0.312	0.310	0.344	0.370	0.293	0.281	0.361	0.338	0.300	0.344	0.363	0.285	0.265	0.319	2.128	0.626	0.276	0.227	2.418	-17226.071
488	16	500	499	0.5090	0.307	0.332	0.235	0.333	0.312	0.285	0.284	0.256	0.266	0.382	0.313	0.302	0.300	0.307	0.243	0.231	0.348	0.260	0.315	0.358	0.285	0.306	0.258	0.284	0.236	0.232	0.299	0.313	0.334	0.252	2.018	0.604	0.254	0.204	3.089	-16461.746
489	16	500	500	0.5258	0.302	0.308	0.397	0.234	0.252	0.260	0.266	0.275	0.224	0.274	0.291	0.297	0.248	0.281	0.268	0.304	0.290	0.260	0.323	0.295	0.311	0.321	0.277	0.306	0.280	0.269	0.332	0.313	0.299	0.316	1.999	0.593	0.257	0.209	3.149	-16513.690
490	16	500	499	0.5191	0.293	0.365	0.253	0.315	0.322	0.338	0.356	0.258	0.301	0.353	0.317	0.328	0.341	0.259	0.270	0.333	0.351	0.293	0.303	0.313	0.332	0.335	0.317	0.328	0.301	0.334	0.267	0.281	0.325	0.322	1.887	0.594	0.297	0.208	5.076	-17178.686
491	16	500	500	0.5095	0.301	0.317	0.270	0.262	0.267	0.280	0.274	0.347	0.359	0.294	0.273	0.302	0.317	0.289	0.321	0.331	0.261	0.331	0.267	0.328	0.271	0.339	0.290	0.292	0.265	0.242	0.365	0.247	0.261	0.291	2.017	0.280	0.133	0.211	1.000	-16811.159
492	16	500	500	0.5169	0.322	0.314	0.336	0.303	0.279	0.317	0.367	0.348	0.261	0.348	0.273	0.323	0.298	0.277	0.329	0.335	0.289	0.255	0.258	0.296	0.309	0.292	0.407	0.337	0.257	0.291	0.300	0.307	0.209	0.305	1.912	0.578	0.328	0.199	3.046	-16991.269
493	16	500	500	0.5171	0.340	0.315	0.347	0.320	0.341	0.308	0.301	0.375	0.299	0.307	0.364	0.323	0.304	0.305	0.278	0.311	0.180	0.333	0.338	0.290	0.224	0.308	0.309	0.326	0.320	0.336	0.315	0.295	0.319	0.310	2.010	0.567	0.336	0.200	3.617	-17235.901
494	16	500	500	0.5218	0.348	0.230	0.265	0.257	0.298	0.290	0.282	0.327	0.322	0.284	0.266	0.272	0.267	0.330	0.302	0.345	0.265	0.285	0.297	0.285	0.296	0.320	0.282	0.328	0.261	0.332	0.251	0.331	0.299	0.291	1.932	0.574	0.284	0.195	1.209	-16525.154
495	16	500	500	0.5125	0.262	0.324	0.330	0.243	0.303	0.286	0.309	0.276	0.260	0.275	0.313	0.280	0.279	0.280	0.331	0.338	0.322	0.289	0.301	0.314	0.287	0.328	0.290	0.242	0.259	0.254	0.234	0.300	0.303	0.306	1.930	0.612	0.235	0.177	2.139	-16269.858
496	16	500	500	0.5286	0.354	0.243	0.320	0.254	0.350	0.280	0.271	0.326	0.286	0.309	0.260	0.356	0.290	0.306	0.294	0.350	0.325	0.254	0.406	0.300	0.315	0.263	0.342	0.263	0.337	0.348	0.311	0.245	0.286	0.280	2.114	0.628	0.267	0.209	4.120	-16945.006
497	16	500	500	0.5071	0.264	0.234	0.296	0.296	0.296	0.317	0.218	0.313	0.235	0.326	0.333	0.276	0.334	0.326	0.240	0.248	0.330	0.236	0.273	0.271	0.319	0.256	0.233	0.308	0.237	0.291	0.302	0.338	0.276	0.310	1.976	0.592	0.241	0.195	4.040	-16253.447
498	16	500	498	0.5164	0.288	0.340	0.293	0.337	0.336	0.360	0.331	0.389	0.307	0.361	0.321	0.256	0.267	0.332	0.275	0.285	0.247	0.297	0.317	0.320	0.320	0.346	0.257	0.339	0.321	0.310	0.250	0.273	0.329	0.318	1.923	0.558	0.329	0.199	5.406	-17247.997
499	16	500	500	0.5127	0.342	0.203	0.319	0.364	0.287	0.286	0.346	0.273	0.337	0.327	0.271	0.369	0.378	0.325	0.340	0.286	0.365	0.340	0.282	0.299	0.309	0.372	0.273	0.281	0.311	0.273	0.294	0.329	0.328	0.285	2.057	0.571	0.290	0.198	5.582	-17078.639
500	16	500	499	0.5106	0.255	0.276	0.230	0.278	0.321	0.305	0.250	0.313	0.348	0.308	0.298	0.310	0.303	0.302	0.289	0.282	0.267	0.347	0.267	0.273	0.325	0.286	0.277	0.336	0.339	0.282	0.350	0.288	0.302	0.286	1.953	0.617	0.281	0.209	7.853	-16683.045
501	16	500	500	0.5060	0.240	0.312	0.291	0.258	0.311	0.322	0.356	0.287	0.258	0.340	0.291	0.277	0.349	0.347	0.325	0.291	0.286	0.273	0.291	0.294	0.312	0.333	0.250	0.333	0.250	0.294	0.318	0.314	0.258	0.310	1.891	0.622	0.326	0.195	7.270	-16798.953
502	16	500	500	0.5199	0.308	0.281	0.292	0.364	0.241	0.287	0.261	0.296	0.242	0.330	0.318	0.347	0.240	0.279	0.347	0.277	0.272	0.343	0.263	0.298	0.357	0.282	0.315	0.304	0.354	0.325	0.272	0.308	0.265	0.285	1.980	0.578	0.302	0.188	6.449	-16601.926
503	16	500	500	0.5135	0.271	0.269	0.302	0.299	0.353	0.300	0.289	0.287	0.309	0.284	0.299	0.258	0.332	0.330	0.256	0.315	0.298	0.336	0.303	0.295	0.248	0.267	0.300	0.335	0.247	0.296	0.275	0.310	0.320	0.230	1.964	0.595	0.251	0.221	5.963	-16617.615
504	16	500	496	0.5067	0.313	0.285	0.381	0.310	0.394	0.371	0.297	0.264	0.303	0.302	0.364	0.259	0.345	0.305	0.307	0.367	0.274	0.288	0.354	0.332	0.313	0.309	0.321	0.227	0.341	0.322	0.311	0.332	0.308	0.280	1.943	0.598	0.332	0.196	6.340	-17086.816
505	16	500	499	0.5206	0.293	0.304	0.356	0.251	0.275	0.317	0.283	0.281	0.330	0.320	0.318	0.305	0.262	0.351	0.267	0.358	0.368	0.268	0.283	0.350	0.254	0.323	0.302	0.197	0.330	0.407	0.302	0.277	0.263	0.280	1.956	0.502	0.258	0.200	1.559	-16869.986
506	16	500	500	0.5127	0.293	0.273	0.247	0.251	0.362	0.344	0.319	0.314	0.333	0.327	0.346	0.316	0.295	0.327	0.280	0.232	0.271	0.313	0.328	0.241	0.285	0.271	0.311	0.354	0.285	0.310	0.335	0.326	0.340	0.303	2.084	0.578	0.264	0.190	3.282	-16803.027
507	16	500	500	0.5220	0.315	0.284	0.336	0.284	0.255	0.357	0.313	0.329	0.327	0.316	0.306	0.374	0.294	0.238	0.307	0.234	0.306	0.255	0.271	0.337	0.354	0.335	0.286	0.287	0.323	0.281	0.268	0.232	0.287	0.282	2.069	0.602	0.316	0.198	7.431	-16684.122
508	16	500	500	0.5221	0.276	0.242	0.297	0.316	0.332	0.323	0.297	0.306	0.316	0.299	0.345	0.280	0.286	0.397	0.352	0.277	0.295	0.297	0.264	0.287	0.316	0.315	0.281	0.290	0.273	0.333	0.283	0.349	0.252	0.273	2.096	0.576	0.309	0.215	4.236	-17108.563
509	16	500	500	0.5128	0.279	0.272	0.330	0.276	0.295	0.344	0.306	0.251	0.263	0.237	0.324	0.307	0.401	0.284	0.258	0.305	0.338	0.289	0.241	0.351	0.293	0.311	0.276	0.210	0.315	0.231	0.311	0.282	0.319	0.268	2.002	0.626	0.308	0.180	8.770	-16342.187
510	16	500	500	0.5156	0.292	0.251	0.258	0.286	0.330	0.341	0.304	0.412	0.254	0.369	0.220	0.310	0.284	0.295	0.300	0.346	0.238	0.295	0.305	0.279	0.282	0.323	0.324	0.319	0.346	0.316	0.295	0.316	0.300	0.303	2.079	0.628	0.287	0.219	2.932	-16950.341
511	16	500	500	0.5023	0.342	0.234	0.298	0.323	0.297	0.348	0.350	0.338	0.283	0.330	0.312	0.293	0.304	0.349	0.283	0.357	0.347	0.221	0.354	0.344	0.285	0.284	0.297	0.333	0.309	0.288	0.310	0.260	0.302	0.323	2.091	0.565	0.307	0.217	2.834	-17181.348
512	16	500	499	0.5156	0.250	0.359	0.283	0.352	0.276	0.280	0.265	0.297	0.302	0.272	0.310	0.257	0.349	0.329	0.324	0.273	0.324	0.276	0.343	0.270	0.302	0.291	0.285	0.346	0.279	0.298	0.340	0.327	0.285	0.346	1.960	0.593	0.292	0.206	5.602	-16928.317
513	16	500	500	0.5046	0.309	0.227	0.344	0.384	0.321	0.340	0.317	0.349	0.314	0.291	0.319	0.322	0.275	0.324	0.374	0.354	0.284	0.318	0.297	0.360	0.209	0.307	0.315	0.337	0.303	0.284	0.287	0.303	0.327	0.301	1.964	0.584	0.291	0.214	7.929	-17149.449
514	16	500	500	0.5110	0.287	0.310	0.298	0.315	0.316	0.275	0.346	0.301	0.282	0.292	0.307	0.272	0.360	0.320	0.271	0.263	0.354	0.292	0.304	0.279	0.299	0.275	0.326	0.276	0.258	0.334	0.280	0.310	0.300	0.310	1.970	0.582	0.279	0.188	7.297	-16702.927
515	16	500	499	0.5132	0.314	0.345	0.259	0.226	0.337	0.312	0.368	0.309	0.310	0.329	0.310	0.291	0.268	0.332	0.334	0.328	0.305	0.304	0.320	0.359	0.350	0.306	0.310	0.334	0.352	0.305	0.316	0.277	0.337	0.252	2.057	0.560	0.346	0.200	5.545	-17130.665
516	16	500	499	0.5257	0.253	0.325	0.261	0.328	0.310	0.363	0.288	0.299	0.287	0.310	0.309	0.307	0.253	0.278	0.269	0.300	0.336	0.299	0.309	0.277	0.330	0.284	0.303	0.260	0.317	0.307	0.369	0.301	0.243	0.311	2.006	0.598	0.292	0.200	8.497	-16852.919
517	16	500	500	0.5242	0.329	0.309	0.270	0.223	0.337	0.324	0.310	0.362	0.315	0.276	0.311	0.316	0.352	0.296	0.299	0.348	0.291	0.249	0.287	0.298	0.302	0.369	0.334	0.352	0.279	0.257	0.293	0.279	0.284	0.291	2.031	0.624	0.324	0.213	9.982	-17114.542
518	16	500	499	0.5128	0.319	0.318	0.315	0.341	0.270	0.299	0.323	0.281	0.322	0.302	0.314	0.333	0.275	0.346	0.335	0.277	0.308	0.288	0.277	0.328	0.301	0.286	0.333	0.366	0.396	0.317	0.268	0.268	0.302	0.315	1.922	0.587	0.330	0.210	11.554	-17151.210
519	16	500	500	0.5262	0.297	0.260	0.304	0.289	0.310	0.317	0.313	0.303	0.309	0.287	0.312	0.344	0.250	0.334	0.295	0.251	0.269	0.284	0.314	0.307	0.248	0.314	0.327	0.293	0.301	0.291	0.313	0.251	0.330	0.309	1.967	0.581	0.346	0.194	7.810	-16939.563
520	16	500	500	0.5156	0.234	0.297	0.304	0.378	0.325	0.267	0.276	0.326	0.318	0.268	0.315	0.284	0.337	0.358	0.262	0.305	0.264	0.299	0.325	0.281	0.305	0.272	0.307	0.330	0.275	0.290	0.231	0.338	0.311	0.372	2.021	0.565	0.310	0.205	5.511	-16958.713
521	16	500	498	0.5088	0.213	0.285	0.248	0.307	0.294	0.368	0.311	0.262	0.348	0.274	0.264	0.289	0.237	0.334	0.331	0.200	0.359	0.283	0.265	0.339	0.246	0.272	0.319	0.329	0.236	0.323	0.291	0.278	0.302	0.340	2.105	0.500	0.267	0.203	2.603	-16546.257
522	16	500	500	0.5173	0.272	0.326	0.242	0.282	0.281	0.218	0.314	0.320	0.244	0.293	0.361	0.267	0.237	0.296	0.308	0.252	0.384	0.287	0.273	0.325	0.365	0.318	0.265	0.193	0.311	0.257	0.318	0.290	0.287	0.313	1.965	0.583	0.272	0.187	5.097	-16397.352
523	16	500	498	0.4998	0.266	0.263	0.347	0.270	0.309	0.294	0.288	0.287	0.307	0.245	0.345	0.242	0.319	0.310	0.327	0.282	0.283	0.302	0.255	0.278	0.241	0.315	0.311	0.236	0.360	0.348	0.293	0.287	0.261	0.340	1.900	0.578	0.250	0.199	1.012	-16544.690
524	16	500	500	0.5161	0.304	0.264	0.398	0.345	0.283	0.303	0.286	0.284	0.295	0.259	0.317	0.337	0.350	0.254	0.337	0.361	0.240	0.277	0.298	0.386	0.235	0.320	0.332	0.234	0.325	0.265	0.283	0.270	0.313	0.322	2.050	0.592	0.339	0.195	5.450	-16942.450
525	16	500	500	0.5268	0.344	0.285	0.331	0.308	0.289	0.270	0.354	0.240	0.216	0.347	0.273	0.353	0.362	0.301	0.311	0.296	0.362	0.337	0.265	0.342	0.290	0.264	0.327	0.305	0.378	0.282	0.285	0.291	0.266	0.367	2.065	0.454	0.294	0.199	3.693	-17176.974
526	16	500	499	0.4958	0.276	0.230	0.303	0.306	0.350	0.290	0.312	0.266	0.299	0.343	0.279	0.300	0.328	0.312	0.198	0.360	0.292	0.268	0.319	0.274	0.250	0.303	0.253	0.247	0.234	0.329	0.296	0.343	0.307	0.295	2.018	0.607	0.323	0.194	6.753	-16529.540
527	16	500	499	0.5153	0.264	0.231	0.331	0.284	0.323	0.249	0.300	0.342	0.270	0.308	0.284	0.271	0.234	0.314	0.323	0.258	0.265	0.313	0.277	0.280	0.355	0.280	0.258	0.339	0.254	0.308	0.265	0.285	0.291	0.252	1.986	0.615	0.240	0.194	3.470	-16348.032
528	16	500	500	0.5275	0.334	0.300	0.315	0.207	0.328	0.341	0.273	0.335	0.334	0.244	0.258	0.355	0.216	0.339	0.367	0.317	0.321	0.303	0.320	0.330	0.299	0.272	0.296	0.314	0.311	0.305	0.304	0.360	0.345	0.300	1.888	0.484	0.316	0.198	3.079	-17300.822
529	16	500	498	0.5228	0.294	0.189	0.337	0.236	0.280	0.323	0.346	0.296	0.313	0.350	0.270	0.260	0.335	0.287	0.316	0.284	0.334	0.240	0.276	0.307	0.305	0.279	0.303	0.266	0.310	0.334	0.321	0.339	0.378	0.305	1.976	0.605	0.281	0.202	4.531	-16709.263
530	16	500	500	0.4972	0.342	0.354	0.364	0.239	0.337	0.303	0.305	0.244	0.316	0.258	0.262	0.305	0.330	0.304	0.285	0.299	0.255	0.309	0.237	0.265	0.277	0.276	0.307	0.334	0.351	0.228	0.344	0.278	0.296	0.308	2.029	0.505	0.251	0.204	1.000	-16659.142
531	16	500	499	0.5288	0.350	0.294	0.252	0.300	0.307	0.320	0.324	0.273	0.273	0.279	0.328	0.244	0.292	0.271	0.321	0.276	0.352	0.311	0.278	0.296	0.251	0.350	0.304	0.304	0.263	0.309	0.353	0.345	0.323	0.254	1.910	0.593	0.257	0.211	2.904	-16833.369
532	16	500	499	0.5032	0.321	0.243	0.311	0.330	0.307	0.315	0.258	0.315	0.251	0.365	0.277	0.333	0.362	0.289	0.299	0.398	0.225	0.319	0.307	0.330	0.312	0.335	0.291	0.338	0.281	0.267	0.314	0.243	0.315	0.326	1.970	0.632	0.305	0.211	4.791	-16819.628
533	16	500	499	0.5197	0.274	0.343	0.330	0.313	0.256	0.272	0.323	0.280	0.311	0.240	0.298	0.295	0.302	0.317	0.287	0.197	0.353	0.273	0.274	0.274	0.281	0.319	0.304	0.276	0.305	0.254	0.276	0.265	0.315	0.303	2.019	0.661	0.287	0.196	12.005	-16363.098
534	16	500	500	0.4996	0.275	0.303	0.271	0.345	0.301	0.268	0.292	0.303	0.312	0.330	0.302	0.293	0.322	0.275	0.320	0.286	0.323	0.308	0.310	0.290	0.284	0.328	0.316	0.233	0.344	0.283	0.289	0.399	0.284	0.303	2.077	0.628	0.283	0.203	4.816	-16770.062
535	16	500	500	0.5309	0.324	0.332	0.345	0.305	0.263	0.226	0.336	0.321	0.310	0.270	0.278	0.313	0.333	0.313	0.313	0.340	0.266	0.361	0.306	0.303	0.260	0.301	0.320	0.239	0.331	0.303	0.289	0.283	0.286	0.263	1.975	0.575	0.309	0.222	4.105	-17087.093
536	16	500	500	0.5214	0.303	0.314	0.264	0.317	0.264	0.299	0.287	0.237	0.303	0.311	0.249	0.286	0.290	0.318	0.356	0.336	0.353	0.274	0.319	0.306	0.342	0.321	0.272	0.243	0.252	0.304	0.275	0.342	0.284	0.279	1.881	0.605	0.268	0.198	6.913	-16597.252
537	16	500	499	0.5145	0.322	0.288	0.342	0.314	0.320	0.302	0.260	0.366	0.322	0.319	0.276	0.348	0.290	0.277	0.325	0.293	0.286	0.286	0.320	0.275	0.283	0.315	0.284	0.278	0.414	0.245	0.260	0.267	0.274	0.370	1.924	0.543	0.320	0.182	4.485	-16975.403
538	16	500	500	0.5064	0.267	0.257	0.335	0.258	0.274	0.217	0.306	0.261	0.248	0.341	0.304	0.269	0.278	0.261	0.255	0.291	0.292	0.262	0.264	0.338	0.259	0.297	0.330	0.237	0.348	0.242	0.268	0.280	0.337	0.275	2.077	0.605	0.267	0.192	4.086	-16124.812
539	16	500	498	0.5006	0.285	0.330	0.266	0.376	0.217	0.223	0.264	0.317	0.251	0.291	0.341	0.304	0.273	0.327	0.274	0.307	0.305	0.285	0.263	0.284	0.369	0.315	0.269	0.258	0.292	0.217	0.294	0.199	0.355	0.271	2.040	0.581	0.236	0.186	3.985	-16292.095
540	16	500	500	0.5159	0.323	0.315	0.287	0.238	0.281	0.307	0.322	0.278	0.336	0.261	0.363	0.344	0.259	0.307	0.260	0.306	0.295	0.334	0.311	0.281	0.306	0.293	0.291	0.263	0.374	0.324	0.329	0.263	0.334	0.266	2.021	0.541	0.317	0.204	4.943	-16965.938
541	16	500	500	0.5267	0.304	0.333	0.356	0.286	0.233	0.331	0.321	0.300	0.308	0.311	0.303	0.261	0.271	0.234	0.354	0.286	0.280	0.301	0.312	0.291	0.328	0.363	0.275	0.309	0.291	0.246	0.310	0.359	0.297	0.243	2.000	0.637	0.313	0.200	5.466	-16871.091
542	16	500	500	0.5090	0.289	0.316	0.253	0.226	0.277	0.290	0.271	0.358	0.309	0.321	0.314	0.297	0.265	0.282	0.307	0.253	0.292	0.273	0.331	0.288	0.316	0.320	0.282	0.292	0.374	0.301	0.278	0.283	0.270	0.310	2.011	0.642	0.307	0.191	6.310	-16506.059
543	16	500	500	0.5180	0.282	0.179	0.294	0.330	0.271	0.318	0.307	0.292	0.348	0.340	0.277	0.279	0.265	0.290	0.266	0.301	0.282	0.323	0.256	0.288	0.301	0.306	0.287	0.332	0.324	0.321	0.281	0.331	0.329	0.268	2.077	0.619	0.287	0.195	7.146	-16516.160
544	16	500	500	0.5171	0.245	0.282	0.302	0.369	0.315	0.396	0.272	0.325	0.252	0.304	0.266	0.344	0.331	0.309	0.277	0.309	0.272	0.299	0.376	0.248	0.255	0.248	0.348	0.323	0.287	0.312	0.242	0.332	0.310	0.335	2.037	0.577	0.356	0.200	8.190	-17061.520
545	16	500	499	0.5153	0.370	0.223	0.311	0.279	0.328	0.322	0.293	0.247	0.334	0.344	0.312	0.266	0.344	0.332	0.295	0.302	0.336	0.260	0.299	0.285	0.264	0.258	0.282	0.229	0.346	0.315	0.265	0.340	0.363	0.298	1.990	0.470	0.247	0.204	1.834	-16872.822
546	16	500	499	0.5149	0.326	0.291	0.305	0.361	0.352	0.309	0.379	0.278	0.259	0.301	0.312	0.280	0.246	0.305	0.336	0.309	0.322	0.334	0.297	0.345	0.230	0.270	0.359	0.317	0.366	0.287	0.347	0.299	0.316	0.323	1.955	0.568	0.314	0.212	6.463	-17300.266
547	16	500	500	0.5349	0.356	0.310	0.269	0.299	0.287	0.302	0.361	0.283	0.313	0.305	0.329	0.319	0.285	0.294	0.356	0.296	0.298	0.260	0.291	0.310	0.293	0.294	0.305	0.375	0.250	0.303	0.318	0.328	0.344	0.256	2.027	0.603	0.310	0.187	6.931	-16895.704
548	16	500	500	0.4975	0.275	0.280	0.338	0.308	0.268	0.296	0.293	0.300	0.276	0.284	0.304	0.348	0.309	0.327	0.251	0.327	0.289	0.317	0.307	0.292	0.301	0.269	0.268	0.314	0.287	0.304	0.276	0.280	0.299	0.249	1.915	0.631	0.280	0.199	4.376	-16555.436
549	16	500	499	0.5032	0.284	0.320	0.322	0.350	0.330	0.285	0.285	0.368	0.229	0.303	0.324	0.265	0.319	0.333	0.273	0.288	0.278	0.265	0.353	0.363	0.334	0.366	0.298	0.299	0.313	0.272	0.293	0.309	0.299	0.346	1.869	0.566	0.299	0.208	7.094	-17186.431
550	16	500	500	0.5190	0.284	0.235	0.255	0.280	0.294	0.253	0.333	0.262	0.301	0.268	0.356	0.273	0.334	0.308	0.288	0.274	0.380	0.291	0.286	0.322	0.351	0.242	0.350	0.215	0.360	0.263	0.237	0.321	0.302	0.294	1.998	0.651	0.302	0.203	6.317	-16650.294
551	16	500	500	0.5184	0.288	0.356	0.308	0.307	0.319	0.280	0.310	0.317	0.329	0.266	0.285	0.287	0.232	0.298	0.274	0.283	0.310	0.272	0.320	0.295	0.289	0.311	0.333	0.315	0.292	0.284	0.280	0.219	0.292	0.306	1.876	0.610	0.255	0.191	1.636	-16481.494
552	16	500	500	0.5090	0.308	0.358	0.371	0.268	0.316	0.264	0.252	0.303	0.250	0.275	0.356	0.218	0.398	0.278	0.304	0.271	0.284	0.302	0.264	0.308	0.289	0.295	0.268	0.283	0.325	0.266	0.294	0.329	0.290	0.278	2.098	0.589	0.298	0.201	4.629	-16543.933
553	16	500	500	0.5163	0.320	0.310	0.299	0.358	0.342	0.281	0.319	0.284	0.301	0.286	0.316	0.311	0.348	0.312	0.343	0.261	0.413	0.267	0.261	0.300	0.291	0.336	0.299	0.264	0.257	0.305	0.338	0.291	0.280	0.258	2.019	0.604	0.287	0.198	9.924	-16954.284
554	16	500	500	0.5004	0.335	0.345	0.310	0.317	0.310	0.262	0.363	0.313	0.251	0.330	0.241	0.293	0.307	0.270	0.289	0.332	0.305	0.361	0.254	0.344	0.325	0.281	0.323	0.397	0.332	0.351	0.279	0.280	0.322	0.306	1.939	0.483	0.269	0.199	3.996	-17140.748
555	16	500	500	0.5057	0.297	0.290	0.277	0.307	0.347	0.308	0.297	0.285	0.319	0.364	0.348	0.268	0.282	0.352	0.292	0.250	0.279	0.351	0.290	0.274	0.296	0.284	0.266	0.317	0.256	0.303	0.308	0.332	0.284	0.293	1.911	0.527	0.284	0.181	3.046	-16727.826
556	16	500	500	0.5022	0.291	0.211	0.373	0.292	0.335	0.317	0.313	0.276	0.369	0.278	0.351	0.281	0.321	0.366	0.303	0.336	0.386	0.343	0.271	0.333	0.274	0.315	0.257	0.225	0.270	0.333	0.286	0.381	0.300	0.299	1.988	0.474	0.311	0.191	2.068	-17180.087
557	16	500	500	0.5012	0.273	0.301	0.277	0.280	0.309	0.324	0.254	0.315	0.255	0.312	0.322	0.291	0.292	0.340	0.318	0.342	0.339	0.331	0.336	0.247	0.285	0.323	0.279	0.226	0.269	0.312	0.334	0.288	0.318	0.287	1.996	0.581	0.280	0.200	7.837	-16795.690
558	16	500	500	0.5125	0.251	0.247	0.238	0.283	0.288	0.297	0.280	0.286	0.346	0.262	0.348	0.255	0.265	0.319	0.271	0.289	0.332	0.268	0.360	0.288	0.258	0.334	0.312	0.285	0.262	0.312	0.290	0.362	0.314	0.283	1.977	0.595	0.261	0.193	2.287	-16574.242
559	16	500	500	0.5142	0.290	0.321	0.349	0.276	0.343	0.307	0.265	0.351	0.248	0.365	0.307	0.292	0.274	0.261	0.275	0.300	0.259	0.282	0.321	0.308	0.260	0.296	0.308	0.313	0.376	0.292	0.251	0.262	0.293	0.319	1.992	0.632	0.317	0.193	5.482	-16787.009
560	16	500	500	0.5280	0.296	0.211	0.293	0.262	0.274	0.285	0.310	0.359	0.311	0.250	0.231	0.259	0.320	0.281	0.355	0.327	0.326	0.249	0.311	0.319	0.328	0.284	0.273	0.390	0.282	0.328	0.289	0.306	0.389	0.311	1.965	0.654	0.287	0.193	7.040	-16682.449
561	16	500	500	0.5149	0.273	0.359	0.246	0.251	0.301	0.374	0.362	0.281	0.291	0.325	0.250	0.303	0.257	0.259	0.315	0.276	0.343	0.258	0.354	0.340	0.417	0.285	0.284	0.347	0.318	0.298	0.289	0.279	0.319	0.310	1.900	0.545	0.280	0.189	2.365	-16838.985
562	16	500	500	0.5253	0.215	0.321	0.385	0.270	0.298	0.260	0.350	0.260	0.294	0.267	0.271	0.305	0.296	0.315	0.322	0.281	0.324	0.233	0.310	0.344	0.331	0.329	0.248	0.327	0.326	0.288	0.329	0.330	0.345	0.342	1.968	0.425	0.189	0.214	1.279	-17042.681
563	16	500	500	0.5165	0.350	0.268	0.289	0.267	0.291	0.319	0.263	0.331	0.307	0.328	0.309	0.321	0.346	0.247	0.292	0.286	0.253	0.281	0.280	0.297	0.300	0.261	0.330	0.329	0.247	0.344	0.282	0.323	0.332	0.297	2.031	0.572	0.302	0.207	4.785	-16909.397
564	16	500	500	0.5259	0.346	0.314	0.257	0.351	0.323	0.277	0.320	0.294	0.237	0.291	0.312	0.383	0.341	0.395	0.272	0.321	0.305	0.378	0.293	0.324	0.314	0.248	0.387	0.261	0.320	0.326	0.297	0.325	0.343	0.309	2.016	0.571	0.309	0.204	5.735	-17336.261
565	16	500	500	0.5172	0.296	0.338	0.336	0.361	0.297	0.343	0.264	0.357	0.238	0.342	0.398	0.274	0.376	0.317	0.309	0.323	0.263	0.356	0.308	0.240	0.294	0.304	0.263	0.349	0.305	0.325	0.329	0.307	0.338	0.273	2.081	0.622	0.305	0.189	4.496	-17050.458
566	16	500	500	0.5217	0.331	0.285	0.279	0.308	0.281	0.259	0.348	0.283	0.303	0.259	0.311	0.312	0.296	0.284	0.341	0.357	0.288	0.304	0.300	0.292	0.340	0.274	0.276	0.281	0.316	0.316	0.257	0.290	0.348	0.283	1.870	0.503	0.254	0.190	2.225	-16928.978
567	16	500	500	0.5191	0.340	0.320	0.368	0.225	0.301	0.258	0.322	0.314	0.267	0.314	0.284	0.317	0.257	0.346	0.329	0.314	0.291	0.278	0.340	0.360	0.274	0.307	0.339	0.346	0.231	0.329	0.296	0.324	0.291	0.311	2.038	0.497	0.275	0.209	1.713	-17161.145
568	16	500	500	0.5032	0.348	0.303	0.357	0.315	0.307	0.274	0.258	0.329	0.335	0.328	0.362	0.256	0.301	0.302	0.294	0.308	0.367	0.339	0.293	0.333	0.293	0.276	0.293	0.332	0.288	0.280	0.310	0.331	0.307	0.297	2.104	0.607	0.332	0.212	9.969	-17085.673
569	16	500	500	0.5171	0.337	0.350	0.418	0.352	0.330	0.240	0.271	0.274	0.302	0.413	0.299	0.306	0.295	0.273	0.291	0.276	0.282	0.263	0.305	0.273	0.335	0.315	0.328	0.339	0.343	0.342	0.363	0.320	0.283	0.283	1.983	0.624	0.292	0.197	12.341	-17089.063
570	16	500	500	0.5095	0.295	0.299	0.280	0.347	0.316	0.269	0.271	0.276	0.232	0.329	0.287	0.241	0.263	0.268	0.380	0.295	0.290	0.272	0.268	0.267	0.281	0.339	0.291	0.285	0.292	0.318	0.319	0.275	0.379	0.310	2.030	0.604	0.268	0.195	3.650	-16608.677
571	16	500	500	0.5146	0.330	0.258	0.253	0.359	0.226	0.245	0.289	0.272	0.269	0.295	0.341	0.190	0.363	0.306	0.317	0.278	0.366	0.278	0.325	0.306	0.278	0.315	0.263	0.278	0.256	0.316	0.289	0.340	0.281	0.293	1.974	0.638	0.269	0.200	7.524	-16554.209
572	16	500	500	0.5126	0.288	0.201	0.371	0.254	0.281	0.337	0.369	0.283	0.319	0.285	0.316	0.223	0.324	0.328	0.297	0.271	0.319	0.284	0.315	0.223	0.239	0.306	0.351	0.273	0.270	0.273	0.286	0.237	0.306	0.310	1.985	0.634	0.294	0.189	3.661	-16483.072
573	16	500	500	0.5203	0.325	0.304	0.249	0.262	0.332	0.290	0.298	0.342	0.312	0.296	0.315	0.313	0.308	0.320	0.269	0.309	0.216	0.272	0.268	0.350	0.258	0.338	0.281	0.369	0.284	0.249	0.268	0.303	0.337	0.251	1.997	0.593	0.310	0.203	5.476	-16779.348
574	16	500	500	0.5057	0.290	0.236	0.311	0.361	0.250	0.314	0.313	0.314	0.298	0.308	0.292	0.316	0.265	0.203	0.291	0.313	0.241	0.262	0.321	0.242	0.299	0.302	0.326	0.362	0.286	0.346	0.309	0.315	0.312	0.277	1.970	0.618	0.287	0.192	7.638	-16653.265
575	16	500	500	0.4974	0.350	0.367	0.223	0.317	0.308	0.328	0.274	0.318	0.331	0.287	0.335	0.244	0.283	0.333	0.320	0.265	0.308	0.394	0.322	0.294	0.326	0.333	0.335	0.254	0.296	0.316	0.350	0.327	0.344	0.334	1.818	0.559	0.347	0.204	7.787	-17402.091
576	16	500	499	0.5131	0.289	0.257	0.265	0.321	0.295	0.341	0.264	0.349	0.286	0.261	0.241	0.283	0.344	0.295	0.287	0.300	0.395	0.253	0.320	0.293	0.302	0.229	0.323	0.292	0.325	0.283	0.352	0.237	0.258	0.313	1.989	0.620	0.313	0.213	7.222	-16801.789
577	16	500	499	0.5046	0.319	0.287	0.273	0.304	0.274	0.260	0.275	0.292	0.274	0.322	0.273	0.290	0.309	0.322	0.211	0.273	0.299	0.220	0.328	0.283	0.304	0.367	0.256	0.325	0.291	0.283	0.331	0.332	0.268	0.278	1.872	0.604	0.271	0.205	1.833	-16590.471
578	16	500	500	0.5202	0.377	0.424	0.296	0.361	0.341	0.237	0.283	0.290	0.213	0.324	0.268	0.273	0.249	0.282	0.308	0.368	0.234	0.274	0.256	0.285	0.284	0.246	0.313	0.309	0.280	0.267	0.305	0.306	0.314	0.305	1.902	0.624	0.286	0.197	9.354	-16594.457
579	16	500	500	0.5170	0.288	0.286	0.276	0.584	0.294	0.188	0.361	0.274	0.321	0.241	0.297	0.278	0.320	0.299	0.298	0.296	0.252	0.305	0.306	0.295	0.350	0.311	0.306	0.293	0.353	0.269	0.277	0.291	0.272	0.297	2.039	0.672	0.314	0.207	68.674	-16590.819
580	16	500	500	0.5094	0.297	0.280	0.295	0.350	0.266	0.307	0.296	0.327	0.346	0.253	0.326	0.257	0.335	0.344	0.304	0.213	0.225	0.222	0.322	0.310	0.296	0.257	0.264	0.321	0.311	0.375	0.269	0.348	0.271	0.339	2.027	0.652	0.254	0.212	7.477	-16736.427
581	16	500	500	0.5034	0.282	0.301	0.340	0.288	0.262	0.238	0.245	0.312	0.323	0.256	0.305	0.270	0.227	0.304	0.257	0.252	0.260	0.284	0.311	0.237	0.240	0.260	0.301	0.320	0.296	0.371	0.233	0.321	0.344	0.304	1.900	0.682	0.283	0.205	7.591	-16255.729
582	16	500	499	0.5176	0.277	0.314	0.292	0.331	0.304	0.284	0.308	0.275	0.285	0.311	0.377	0.296	0.262	0.284	0.330	0.296	0.349	0.317	0.273	0.353	0.314	0.400	0.248	0.347	0.329	0.304	0.274	0.338	0.320	0.326	1.919	0.529	0.294	0.213	5.702	-17200.013
583	16	500	499	0.5015	0.261	0.257	0.324	0.299	0.310	0.313	0.271	0.318	0.251	0.284	0.313	0.241	0.276	0.320	0.249	0.216	0.377	0.219	0.311	0.258	0.281	0.253	0.344	0.235	0.303	0.337	0.272	0.242	0.282	0.336	2.045	0.608	0.254	0.210	3.724	-16432.004
584	16	500	500	0.5220	0.315	0.385	0.257	0.314	0.333	0.346	0.235	0.348	0.266	0.291	0.300	0.350	0.242	0.332	0.281	0.301	0.347	0.395	0.326	0.309	0.208	0.257	0.317	0.396	0.331	0.271	0.308	0.270	0.324	0.310	1.872	0.584	0.331	0.206	6.829	-17109.652
585	16	500	500	0.5124	0.300	0.291	0.288	0.354	0.289	0.320	0.284	0.302	0.272	0.267	0.335	0.296	0.350	0.272	0.332	0.323	0.262	0.294	0.285	0.300	0.265	0.285	0.326	0.327	0.268	0.289	0.313	0.304	0.334	0.302	1.933	0.609	0.307	0.206	5.056	-16932.130
586	16	500	500	0.5328	0.284	0.270	0.362	0.269	0.321	0.276	0.274	0.333	0.330	0.278	0.296	0.292	0.328	0.368	0.325	0.279	0.266	0.305	0.313	0.317	0.265	0.231	0.314	0.279	0.351	0.365	0.277	0.306	0.297	0.326	1.974	0.571	0.285	0.187	3.794	-16875.070
587	16	500	500	0.5163	0.234	0.302	0.290	0.303	0.279	0.275	0.260	0.330	0.267	0.297	0.267	0.293	0.247	0.234	0.304	0.298	0.384	0.293	0.282	0.356	0.305	0.249	0.215	0.286	0.322	0.263	0.288	0.303	0.232	0.250	2.020	0.618	0.252	0.210	5.659	-16299.585
588	16	500	500	0.5157	0.288	0.288	0.271	0.262	0.295	0.311	0.291	0.294	0.293	0.348	0.255	0.292	0.290	0.312	0.320	0.290	0.322	0.244	0.372	0.298	0.310	0.331	0.315	0.247	0.334	0.328	0.243	0.251	0.326	0.308	1.951	0.471	0.228	0.204	1.779	-16827.055
589	16	500	500	0.5047	0.307	0.268	0.313	0.283	0.335	0.351	0.284	0.285	0.268	0.353	0.309	0.272	0.275	0.338	0.332	0.323	0.376	0.320	0.284	0.324	0.310	0.346	0.324	0.234	0.298	0.306	0.296	0.244	0.301	0.292	1.941	0.575	0.340	0.199	9.163	-16983.219
590	16	500	500	0.5055	0.289	0.316	0.264	0.242	0.320	0.311	0.385	0.212	0.306	0.300	0.278	0.307	0.347	0.281	0.361	0.290	0.367	0.369	0.275	0.313	0.246	0.330	0.284	0.302	0.248	0.280	0.330	0.326	0.351	0.274	2.110	0.616	0.320	0.205	6.386	-16963.050
591	16	500	500	0.5087	0.314	0.234	0.346	0.328	0.365	0.315	0.324	0.308	0.435	0.232	0.348	0.286	0.311	0.310	0.269	0.304	0.275	0.261	0.327	0.313	0.299	0.341	0.272	0.207	0.319	0.351	0.255	0.250	0.255	0.284	1.980	0.614	0.274	0.192	7.286	-16602.032
592	16	500	500	0.5199	0.278	0.258	0.332	0.295	0.321	0.329	0.271	0.269	0.352	0.287	0.256	0.284	0.336	0.281	0.287	0.280	0.237	0.251	0.281	0.381	0.335	0.348	0.297	0.253	0.320	0.333	0.282	0.271	0.338	0.309	2.035	0.561	0.327	0.208	9.516	-16894.855
593	16	500	500	0.4978	0.366	0.273	0.274	0.264	0.293	0.326	0.216	0.311	0.319	0.343	0.318	0.339	0.358	0.276	0.301	0.321	0.343	0.347	0.323	0.300	0.245	0.323	0.286	0.237	0.303	0.307	0.337	0.321	0.344	0.323	2.030	0.596	0.322	0.192	6.642	-16891.653
594	16	500	500	0.5289	0.264	0.265	0.321	0.319	0.244	0.322	0.259	0.335	0.282	0.291	0.309	0.274	0.315	0.320	0.249	0.269	0.336	0.295	0.293	0.258	0.285	0.334	0.279	0.300	0.294	0.304	0.314	0.213	0.294	0.300	2.114	0.663	0.277	0.181	6.718	-16306.530
595	16	500	499	0.5138	0.323	0.298	0.291	0.305	0.324	0.363	0.248	0.359	0.324	0.260	0.284	0.328	0.409	0.283	0.292	0.397	0.357	0.262	0.281	0.267	0.343	0.365	0.268	0.313	0.203	0.335	0.365	0.350	0.329	0.281	1.912	0.561	0.296	0.197	3.533	-17155.072
596	16	500	500	0.5102	0.289	0.333	0.311	0.284	0.299	0.290	0.294	0.316	0.328	0.306	0.268	0.348	0.263	0.358	0.324	0.307	0.273	0.285	0.296	0.316	0.310	0.272	0.340	0.263	0.344	0.293	0.323	0.304	0.314	0.287	1.979	0.580	0.322	0.208	5.625	-17059.886
597	16	500	499	0.5169	0.263	0.293	0.341	0.370	0.300	0.269	0.286	0.332	0.301	0.240	0.331	0.299	0.337	0.303	0.341	0.295	0.286	0.305	0.291	0.310	0.308	0.292	0.266	0.209	0.337	0.301	0.349	0.330	0.339	0.235	1.981	0.601	0.324	0.221	4.272	-17131.483
598	16	500	500	0.5195	0.341	0.303	0.283	0.384	0.266	0.318	0.319	0.274	0.316	0.304	0.314	0.261	0.251	0.302	0.309	0.275	0.340	0.222	0.274	0.301	0.273	0.255	0.306	0.261	0.288	0.288	0.349	0.327	0.229	0.318	1.994	0.652	0.318	0.207	15.061	-16587.936
599	16	500	500	0.5085	0.284	0.303	0.286	0.247	0.282	0.340	0.301	0.236	0.290	0.280	0.305	0.330	0.299	0.224	0.294	0.242	0.399	0.323	0.296	0.246	0.274	0.310	0.262	0.290	0.289	0.315	0.291	0.261	0.279	0.301	2.035	0.589	0.284	0.203	3.541	-16507.516
600	16	500	500	0.5181	0.288	0.337	0.266	0.370	0.295	0.301	0.358	0.310	0.242	0.296	0.334	0.271	0.327	0.304	0.250	0.261	0.297	0.260	0.304	0.250	0.280	0.266	0.312	0.335	0.275	0.236	0.291	0.373	0.332	0.309	2.072	0.646	0.281	0.217	4.463	-16737.206
601	16	500	500	0.5148	0.263	0.334	0.281	0.266	0.286	0.310	0.278	0.227	0.240	0.311	0.360	0.229	0.313	0.320	0.323	0.338	0.250	0.280	0.291	0.297	0.296	0.270	0.369	0.316	0.373	0.333	0.329	0.293	0.284	0.290	2.123	0.528	0.248	0.194	1.956	-16615.062
602	16	500	500	0.5198	0.323	0.270	0.304	0.306	0.301	0.332	0.269	0.269	0.330	0.290	0.285	0.282	0.361	0.292	0.290	0.343	0.306	0.324	0.304	0.306	0.327	0.264	0.297	0.226	0.327	0.306	0.294	0.308	0.258	0.262	1.917	0.557	0.263	0.203	4.307	-16750.096
603	16	500	497	0.5032	0.383	0.231	0.341	0.342	0.368	0.239	0.280	0.292	0.368	0.315	0.303	0.287	0.296	0.270	0.280	0.359	0.338	0.255	0.308	0.301	0.358	0.268	0.301	0.276	0.310	0.285	0.365	0.251	0.344	0.302	2.048	0.554	0.315	0.205	3.873	-16980.772
604	16	500	500	0.5101	0.303	0.352	0.301	0.256	0.278	0.248	0.321	0.270	0.229	0.297	0.284	0.324	0.339	0.312	0.321	0.278	0.267	0.202	0.299	0.295	0.299	0.274	0.287	0.279	0.302	0.281	0.290	0.296	0.340	0.265	2.017	0.537	0.245	0.206	1.800	-16528.108
605	16	500	500	0.5199	0.276	0.297	0.238	0.334	0.248	0.290	0.297	0.316	0.287	0.319	0.347	0.293	0.314	0.293	0.308	0.253	0.334	0.262	0.315	0.283	0.323	0.347	0.306	0.284	0.365	0.322	0.254	0.345	0.255	0.334	1.979	0.641	0.317	0.207	8.170	-16957.170
606	16	500	500	0.5275	0.329	0.285	0.291	0.250	0.313	0.340	0.271	0.293	0.291	0.251	0.294	0.277	0.381	0.329	0.284	0.354	0.273	0.327	0.306	0.333	0.287	0.302	0.301	0.345	0.356	0.303	0.303	0.226	0.282	0.278	1.987	0.574	0.307	0.203	3.721	-16942.605
607	16	500	500	0.5178	0.275	0.301	0.338	0.276	0.331	0.270	0.301	0.295	0.310	0.292	0.271	0.320	0.259	0.303	0.335	0.292	0.327	0.308	0.285	0.367	0.280	0.304	0.312	0.259	0.358	0.310	0.319	0.343	0.333	0.284	1.955	0.549	0.288	0.203	3.001	-17162.330
608	16	500	500	0.5221	0.344	0.326	0.355	0.311	0.370	0.350	0.375	0.274	0.192	0.288	0.301	0.306	0.278	0.318	0.275	0.317	0.336	0.303	0.291	0.296	0.320	0.369	0.313	0.288	0.292	0.320	0.326	0.272	0.317	0.339	2.205	0.597	0.336	0.194	8.976	-17084.247
609	16	500	500	0.5142	0.283	0.381	0.320	0.282	0.330	0.363	0.339	0.286	0.279	0.303	0.336	0.316	0.288	0.349	0.345	0.278	0.317	0.309	0.305	0.277	0.298	0.316	0.286	0.264	0.306	0.322	0.362	0.360	0.328	0.311	2.126	0.597	0.338	0.182	6.881	-17203.494
610	16	500	500	0.5112	0.238	0.216	0.250	0.286	0.287	0.263	0.289	0.250	0.210	0.257	0.301	0.277	0.334	0.316	0.284	0.267	0.318	0.319	0.238	0.271	0.236	0.248	0.240	0.348	0.242	0.266	0.276	0.315	0.301	0.269	1.976	0.599	0.251	0.194	5.256	-16014.469
611	16	500	500	0.5145	0.269	0.284	0.348	0.281	0.269	0.212	0.347	0.253	0.297	0.305	0.293	0.292	0.270	0.296	0.300	0.236	0.407	0.290	0.264	0.319	0.220	0.328	0.287	0.251	0.361	0.291	0.277	0.270	0.345	0.270	2.080	0.601	0.238	0.217	2.488	-16551.437
612	16	500	500	0.5206	0.293	0.293	0.309	0.290	0.278	0.312	0.346	0.336	0.297	0.210	0.360	0.277	0.275	0.265	0.343	0.281	0.322	0.304	0.276	0.290	0.229	0.270	0.312	0.284	0.297	0.304	0.272	0.311	0.342	0.290	1.895	0.589	0.286	0.202	4.922	-16758.088
613	16	500	500	0.5058	0.262	0.279	0.372	0.244	0.287	0.276	0.312	0.273	0.368	0.272	0.335	0.324	0.265	0.279	0.271	0.296	0.281	0.260	0.271	0.316	0.218	0.321	0.295	0.257	0.299	0.232	0.317	0.212	0.343	0.327	2.090	0.475	0.224	0.192	1.000	-16345.149
614	16	500	500	0.5213	0.268	0.314	0.301	0.291	0.343	0.275	0.293	0.292	0.279	0.261	0.303	0.302	0.340	0.260	0.275	0.277	0.314	0.292	0.321	0.292	0.338	0.241	0.263	0.264	0.328	0.310	0.295	0.320	0.301	0.302	2.112	0.617	0.304	0.199	5.478	-16667.609
615	16	500	500	0.5154	0.236	0.290	0.383	0.298	0.333	0.265	0.310	0.289	0.331	0.283	0.307	0.264	0.296	0.280	0.278	0.258	0.256	0.291	0.311	0.247	0.363	0.336	0.258	0.322	0.278	0.331	0.307	0.291	0.313	0.262	1.955	0.581	0.282	0.199	3.109	-16714.959
616	16	500	500	0.5208	0.307	0.357	0.255	0.419	0.251	0.350	0.298	0.298	0.325	0.286	0.322	0.254	0.267	0.295	0.249	0.330	0.284	0.338	0.317	0.316	0.276	0.301	0.302	0.310	0.299	0.276	0.320	0.234	0.327	0.374	1.972	0.587	0.334	0.193	4.478	-16959.018
617	16	500	499	0.5184	0.332	0.237	0.281	0.265	0.318	0.357	0.341	0.300	0.329	0.303	0.299	0.317	0.245	0.275	0.272	0.323	0.337	0.329	0.341	0.280	0.337	0.244	0.282	0.289	0.320	0.365	0.330	0.343	0.313	0.295	2.109	0.596	0.336	0.192	9.003	-16927.250
618	16	500	499	0.4997	0.321	0.353	0.298	0.254	0.301	0.312	0.258	0.309	0.337	0.278	0.304	0.323	0.346	0.281	0.262	0.299	0.287	0.317	0.353	0.359	0.338	0.272	0.352	0.326	0.386	0.315	0.344	0.209	0.303	0.319	1.874	0.551	0.311	0.190	5.042	-17066.476
619	16	500	498	0.5126	0.272	0.305	0.308	0.375	0.305	0.330	0.306	0.303	0.331	0.285	0.277	0.260	0.265	0.304	0.233	0.250	0.264	0.256	0.280	0.330	0.321	0.309	0.268	0.315	0.252	0.316	0.255	0.270	0.298	0.228	1.973	0.590	0.280	0.201	10.020	-16464.239
620	16	500	500	0.5087	0.393	0.329	0.321	0.256	0.316	0.342	0.347	0.281	0.264	0.323	0.315	0.371	0.248	0.296	0.306	0.342	0.303	0.252	0.314	0.364	0.258	0.284	0.279	0.276	0.287	0.272	0.357	0.355	0.289	0.295	1.961	0.624	0.320	0.197	11.153	-17013.074
621	16	500	499	0.5116	0.320	0.326	0.271	0.292	0.273	0.283	0.267	0.268	0.264	0.301	0.275	0.327	0.258	0.267	0.247	0.310	0.300	0.269	0.286	0.310	0.287	0.288	0.261	0.285	0.241	0.327	0.236	0.273	0.297	0.283	1.946	0.665	0.249	0.209	14.420	-16110.880
622	16	500	500	0.5078	0.297	0.316	0.247	0.284	0.280	0.302	0.285	0.224	0.308	0.359	0.318	0.317	0.241	0.305	0.321	0.312	0.238	0.360	0.256	0.328	0.236	0.349	0.312	0.284	0.233	0.314	0.268	0.303	0.304	0.285	1.976	0.386	0.193	0.194	1.000	-16543.807
623	16	500	500	0.5022	0.246	0.332	0.283	0.273	0.351	0.294	0.333	0.340	0.300	0.308	0.343	0.347	0.387	0.325	0.266	0.342	0.307	0.347	0.272	0.302	0.355	0.281	0.327	0.228	0.277	0.380	0.303	0.393	0.305	0.301	1.899	0.403	0.265	0.201	1.000	-17426.756
624	16	500	500	0.5109	0.267	0.332	0.355	0.256	0.277	0.347	0.263	0.322	0.231	0.325	0.300	0.342	0.305	0.294	0.283	0.225	0.249	0.244	0.354	0.281	0.244	0.320	0.291	0.293	0.266	0.280	0.253	0.256	0.264	0.325	1.947	0.619	0.305	0.192	3.327	-16463.185
625	16	500	500	0.5175	0.358	0.217	0.307	0.238	0.327	0.326	0.314	0.336	0.286	0.253	0.324	0.249	0.272	0.301	0.301	0.338	0.352	0.299	0.314	0.306	0.316	0.316	0.332	0.270	0.306	0.268	0.286	0.294	0.310	0.287	2.068	0.597	0.318	0.204	4.131	-16891.917
626	16	500	499	0.5076	0.346	0.259	0.298	0.325	0.291	0.273	0.326	0.314	0.293	0.295	0.291	0.284	0.339	0.295	0.304	0.297	0.224	0.344	0.298	0.248	0.292	0.310	0.301	0.287	0.326	0.292	0.294	0.316	0.299	0.288	1.965	0.632	0.311	0.203	7.220	-16655.139
627	16	500	500	0.5098	0.315	0.270	0.290	0.301	0.290	0.253	0.348	0.300	0.232	0.256	0.254	0.295	0.343	0.337	0.276	0.358	0.276	0.410	0.389	0.218	0.228	0.317	0.323	0.282	0.281	0.275	0.321	0.324	0.256	0.245	1.857	0.635	0.299	0.188	6.655	-16544.751
628	16	500	500	0.5081	0.398	0.248	0.308	0.253	0.304	0.331	0.315	0.313	0.324	0.282	0.274	0.371	0.234	0.319	0.311	0.302	0.315	0.242	0.267	0.290	0.284	0.293	0.319	0.357	0.391	0.313	0.284	0.246	0.292	0.288	1.989	0.595	0.306	0.203	4.960	-16859.910
629	16	500	500	0.5169	0.339	0.295	0.346	0.294	0.260	0.347	0.245	0.321	0.265	0.239	0.318	0.364	0.374	0.281	0.303	0.248	0.246	0.301	0.263	0.308	0.282	0.316	0.253	0.305	0.291	0.391	0.305	0.323	0.239	0.303	1.929	0.500	0.277	0.198	3.808	-16854.113
630	16	500	500	0.5121	0.234	0.330	0.349	0.315	0.293	0.244	0.326	0.288	0.280	0.330	0.236	0.301	0.249	0.277	0.350	0.282	0.272	0.257	0.370	0.304	0.268	0.331	0.306	0.222	0.323	0.295	0.277	0.283	0.324	0.340	2.080	0.509	0.262	0.208	1.556	-16812.382
631	16	500	500	0.5101	0.312	0.235	0.336	0.253	0.274	0.286	0.284	0.344	0.249	0.275	0.332	0.247	0.340	0.292	0.267	0.318	0.413	0.280	0.301	0.298	0.342	0.282	0.300	0.322	0.349	0.303	0.320	0.266	0.323	0.341	2.021	0.584	0.315	0.190	3.776	-16877.643
632	16	500	500	0.5180	0.334	0.306	0.283	0.319	0.313	0.311	0.308	0.302	0.294	0.242	0.294	0.305	0.311	0.251	0.363	0.340	0.310	0.320	0.319	0.284	0.308	0.318	0.318	0.305	0.280	0.318	0.294	0.346	0.346	0.265	2.072	0.674	0.307	0.194	6.113	-16781.731
633	16	500	500	0.5228	0.285	0.226	0.320	0.269	0.301	0.323	0.270	0.296	0.324	0.297	0.316	0.295	0.246	0.339	0.289	0.373	0.284	0.280	0.293	0.334	0.258	0.329	0.217	0.297	0.247	0.313	0.324	0.285	0.312	0.294	1.970	0.590	0.251	0.202	2.725	-16618.318
634	16	500	500	0.4969	0.315	0.348	0.304	0.410	0.257	0.329	0.391	0.327	0.294	0.310	0.265	0.287	0.268	0.312	0.310	0.357	0.288	0.310	0.270	0.308	0.320	0.322	0.327	0.343	0.269	0.332	0.290	0.311	0.279	0.319	1.943	0.624	0.332	0.199	9.827	-17053.139
635	16	500	499	0.5142	0.319	0.296	0.266	0.349	0.343	0.331	0.291	0.299	0.234	0.273	0.330	0.261	0.263	0.321	0.294	0.301	0.282	0.360	0.226	0.321	0.298	0.301	0.308	0.240	0.327	0.304	0.266	0.269	0.313	0.278	2.029	0.662	0.289	0.216	13.602	-16609.046
636	16	500	500	0.5218	0.307	0.267	0.278	0.355	0.252	0.317	0.317	0.286	0.261	0.329	0.327	0.288	0.306	0.344	0.325	0.339	0.329	0.349	0.279	0.317	0.331	0.263	0.284	0.303	0.327	0.302	0.339	0.298	0.351	0.333	1.955	0.576	0.343	0.196	11.638	-17109.187
637	16	500	500	0.5168	0.305	0.350	0.375	0.278	0.357	0.287	0.323	0.331	0.261	0.295	0.313	0.297	0.314	0.330	0.403	0.310	0.250	0.223	0.323	0.298	0.247	0.296	0.319	0.203	0.301	0.337	0.298	0.341	0.343	0.301	1.943	0.593	0.320	0.198	7.538	-17103.141
638	16	500	500	0.5021	0.311	0.257	0.333	0.171	0.319	0.339	0.298	0.230	0.309	0.244	0.284	0.345	0.351	0.303	0.263	0.272	0.249	0.281	0.337	0.290	0.284	0.294	0.292	0.284	0.320	0.316	0.363	0.278	0.316	0.264	1.909	0.598	0.296	0.199	15.690	-16702.166
639	16	500	500	0.5084	0.369	0.287	0.310	0.244	0.357	0.272	0.213	0.265	0.246	0.281	0.246	0.298	0.352	0.270	0.292	0.310	0.250	0.239	0.319	0.279	0.299	0.291	0.322	0.284	0.258	0.317	0.301	0.322	0.299	0.302	2.072	0.600	0.266	0.187	4.940	-16199.046
640	16	500	500	0.5080	0.298	0.375	0.304	0.293	0.276	0.314	0.320	0.283	0.269	0.382	0.231	0.319	0.321	0.292	0.353	0.259	0.387	0.302	0.301	0.275	0.268	0.291	0.349	0.367	0.243	0.249	0.328	0.311	0.320	0.287	2.131	0.634	0.299	0.205	6.704	-16749.078
641	16	500	499	0.5211	0.312	0.214	0.333	0.245	0.262	0.374	0.278	0.343	0.329	0.239	0.248	0.317	0.250	0.326	0.296	0.247	0.347	0.306	0.279	0.306	0.274	0.276	0.261	0.256	0.290	0.308	0.279	0.366	0.305	0.272	2.037	0.605	0.281	0.194	5.921	-16463.141
642	16	500	500	0.5092	0.354	0.258	0.266	0.298	0.331	0.267	0.316	0.299	0.329	0.250	0.309	0.363	0.335	0.345	0.307	0.282	0.298	0.260	0.362	0.276	0.284	0.311	0.276	0.296	0.300	0.279	0.272	0.320	0.322	0.202	2.003	0.556	0.315	0.195	5.181	-16820.974
643	16	500	500	0.5154	0.369	0.342	0.294	0.336	0.301	0.318	0.318	0.324	0.252	0.324	0.313	0.259	0.302	0.330	0.314	0.340	0.327	0.316	0.305	0.281	0.303	0.329	0.270	0.269	0.358	0.293	0.350	0.301	0.292	0.354	2.053	0.619	0.322	0.189	6.370	-17129.380
644	16	500	500	0.5165	0.228	0.259	0.318	0.255	0.342	0.333	0.328	0.283	0.264	0.322	0.298	0.295	0.234	0.349	0.268	0.241	0.275	0.251	0.321	0.258	0.308	0.293	0.350	0.365	0.330	0.295	0.348	0.264	0.360	0.293	1.922	0.523	0.270	0.196	4.292	-16923.094
645	16	500	500	0.5066	0.386	0.292	0.271	0.259	0.258	0.329	0.295	0.377	0.268	0.411	0.262	0.305	0.272	0.317	0.300	0.302	0.295	0.318	0.312	0.295	0.227	0.284	0.319	0.444	0.254	0.296	0.324	0.284	0.327	0.289	1.962	0.647	0.304	0.189	7.321	-16792.456
646	16	500	500	0.5070	0.380	0.258	0.327	0.354	0.246	0.293	0.313	0.227	0.321	0.330	0.284	0.330	0.334	0.306	0.331	0.307	0.323	0.327	0.301	0.289	0.271	0.314	0.346	0.285	0.288	0.241	0.281	0.322	0.263	0.285	2.162	0.546	0.302	0.196	3.802	-16915.669
647	16	500	500	0.5191	0.279	0.283	0.259	0.307	0.300	0.291	0.338	0.325	0.330	0.355	0.293	0.266	0.344	0.355	0.346	0.265	0.370	0.273	0.276	0.285	0.293	0.310	0.345	0.322	0.313	0.243	0.276	0.259	0.265	0.290	2.016	0.442	0.217	0.200	1.000	-16908.485
648	16	500	499	0.5118	0.287	0.317	0.245	0.243	0.312	0.309	0.300	0.258	0.273	0.345	0.290	0.286	0.223	0.277	0.325	0.348	0.246	0.292	0.326	0.251	0.285	0.309	0.254	0.299	0.315	0.292	0.273	0.280	0.273	0.257	1.990	0.654	0.272	0.206	5.802	-16290.251
649	16	500	499	0.5197	0.304	0.297	0.237	0.293	0.280	0.345	0.262	0.293	0.352	0.300	0.310	0.291	0.285	0.274	0.283	0.305	0.243	0.352	0.282	0.293	0.277	0.295	0.350	0.297	0.346	0.278	0.289	0.246	0.285	0.323	2.016	0.440	0.240	0.190	2.662	-16724.050
650	16	500	500	0.5210	0.250	0.260	0.271	0.320	0.237	0.322	0.358	0.271	0.270	0.318	0.339	0.277	0.297	0.298	0.270	0.300	0.345	0.227	0.311	0.334	0.298	0.334	0.291	0.301	0.359	0.320	0.309	0.206	0.295	0.340	1.994	0.608	0.314	0.191	5.403	-16748.581
651	16	500	500	0.5115	0.277	0.364	0.268	0.292	0.282	0.305	0.306	0.264	0.272	0.265	0.316	0.248	0.250	0.310	0.271	0.296	0.291	0.215	0.290	0.260	0.302	0.275	0.301	0.290	0.260	0.299	0.308	0.299	0.305	0.325	1.890	0.499	0.231	0.201	1.000	-16431.384
652	16	500	499	0.5140	0.326	0.306	0.309	0.263	0.312	0.245	0.319	0.353	0.244	0.341	0.296	0.289	0.260	0.317	0.351	0.335	0.290	0.312	0.251	0.275	0.335	0.319	0.308	0.295	0.331	0.311	0.251	0.287	0.287	0.366	2.063	0.576	0.307	0.186	4.538	-16771.321
653	16	500	500	0.5117	0.276	0.323	0.234	0.276	0.328	0.290	0.258	0.308	0.318	0.326	0.309	0.253	0.283	0.318	0.226	0.260	0.356	0.294	0.298	0.298	0.249	0.308	0.334	0.286	0.312	0.311	0.243	0.207	0.335	0.335	2.041	0.638	0.258	0.212	3.635	-16534.255
654	16	500	500	0.5068	0.249	0.344	0.330	0.330	0.325	0.280	0.281	0.300	0.338	0.408	0.306	0.312	0.272	0.300	0.266	0.270	0.368	0.321	0.252	0.341	0.287	0.280	0.375	0.314	0.256	0.309	0.315	0.288	0.302	0.285	2.023	0.573	0.332	0.203	7.620	-17014.036
655	16	500	500	0.5203	0.307	0.275	0.276	0.273	0.335	0.286	0.242	0.317	0.390	0.353	0.287	0.267	0.266	0.253	0.308	0.297	0.207	0.279	0.331	0.269	0.294	0.243	0.369	0.337	0.331	0.337	0.276	0.277	0.299	0.353	1.912	0.520	0.264	0.199	2.362	-16775.973
656	16	500	499	0.5080	0.290	0.364	0.272	0.254	0.333	0.312	0.293	0.353	0.242	0.318	0.255	0.345	0.301	0.278	0.293	0.247	0.320	0.287	0.291	0.318	0.298	0.316	0.312	0.288	0.390	0.279	0.302	0.295	0.222	0.343	2.012	0.498	0.235	0.198	2.561	-16785.118
657	16	500	500	0.5042	0.263	0.276	0.324	0.263	0.258	0.215	0.294	0.273	0.333	0.260	0.352	0.264	0.240	0.289	0.297	0.270	0.295	0.259	0.317	0.274	0.294	0.298	0.258	0.316	0.296	0.299	0.278	0.272	0.303	0.257	1.985	0.645	0.255	0.208	5.806	-16207.016
658	16	500	500	0.5075	0.287	0.258	0.386	0.403	0.293	0.304	0.306	0.308	0.272	0.346	0.342	0.322	0.289	0.328	0.323	0.272	0.356	0.271	0.345	0.327	0.226	0.273	0.313	0.340	0.325	0.329	0.266	0.341	0.301	0.305	2.085	0.606	0.329	0.208	10.764	-17133.681
659	16	500	500	0.5150	0.238	0.294	0.314	0.290	0.313	0.277	0.264	0.318	0.333	0.269	0.316	0.251	0.238	0.337	0.301	0.281	0.285	0.299	0.312	0.332	0.244	0.312	0.254	0.329	0.317	0.261	0.312	0.251	0.323	0.299	1.802	0.669	0.240	0.209	6.317	-16641.299
660	16	500	500	0.5009	0.271	0.315	0.329	0.242	0.339	0.301	0.357	0.292	0.240	0.387	0.282	0.281	0.349	0.267	0.288	0.303	0.290	0.360	0.295	0.349	0.321	0.265	0.368	0.320	0.246	0.310	0.276	0.286	0.242	0.367	1.917	0.581	0.295	0.202	5.543	-16872.624
661	16	500	500	0.5146	0.244	0.287	0.294	0.276	0.355	0.338	0.283	0.305	0.323	0.282	0.272	0.264	0.294	0.335	0.242	0.272	0.289	0.301	0.318	0.301	0.294	0.362	0.304	0.318	0.263	0.256	0.308	0.304	0.320	0.302	1.999	0.530	0.275	0.189	4.267	-16706.986
662	16	500	500	0.5028	0.296	0.324	0.273	0.237	0.309	0.311	0.254	0.378	0.339	0.315	0.282	0.279	0.291	0.374	0.256	0.284	0.289	0.351	0.309	0.276	0.288	0.330	0.297	0.307	0.329	0.333	0.305	0.234	0.284	0.250	1.935	0.655	0.307	0.204	11.195	-16657.863
663	16	500	500	0.5126	0.353	0.283	0.296	0.242	0.284	0.309	0.267	0.268	0.271	0.297	0.257	0.374	0.288	0.320	0.298	0.309	0.286	0.328	0.323	0.391	0.269	0.269	0.255	0.289	0.357	0.230	0.359	0.232	0.307	0.271	2.023	0.621	0.301	0.210	5.121	-16673.373
664	16	500	500	0.5375	0.331	0.313	0.324	0.218	0.312	0.282	0.363	0.229	0.270	0.300	0.310	0.286	0.308	0.357	0.253	0.325	0.329	0.267	0.238	0.333	0.329	0.368	0.316	0.249	0.247	0.281	0.307	0.340	0.293	0.280	2.111	0.557	0.308	0.183	8.244	-16738.626
665	16	500	500	0.5327	0.282	0.337	0.322	0.228	0.306	0.363	0.239	0.313	0.273	0.259	0.284	0.317	0.286	0.260	0.306	0.266	0.272	0.295	0.256	0.310	0.265	0.252	0.249	0.279	0.206	0.341	0.259	0.355	0.357	0.253	2.028	0.585	0.259	0.199	3.374	-16401.476
666	16	500	500	0.5277	0.324	0.295	0.303	0.301	0.320	0.260	0.302	0.329	0.188	0.190	0.328	0.345	0.411	0.276	0.323	0.341	0.272	0.286	0.272	0.309	0.295	0.303	0.356	0.319	0.312	0.352	0.255	0.272	0.351	0.244	1.934	0.475	0.242	0.197	1.737	-16875.892
667	16	500	500	0.5213	0.322	0.342	0.292	0.375	0.282	0.343	0.363	0.246	0.303	0.347	0.365	0.277	0.289	0.310	0.287	0.263	0.285	0.297	0.248	0.318	0.234	0.281	0.311	0.251	0.350	0.301	0.291	0.333	0.331	0.299	1.993	0.548	0.274	0.204	4.159	-16872.266
668	16	500	500	0.5338	0.328	0.307	0.285	0.256	0.304	0.257	0.320	0.313	0.282	0.288	0.303	0.281	0.303	0.266	0.275	0.355	0.282	0.265	0.246	0.289	0.337	0.276	0.235	0.300	0.306	0.287	0.247	0.219	0.267	0.285	2.058	0.571	0.285	0.181	7.773	-16204.675
669	16	500	500	0.5162	0.259	0.269	0.304	0.300	0.289	0.264	0.241	0.299	0.317	0.288	0.275	0.269	0.292	0.316	0.246	0.273	0.286	0.346	0.268	0.308	0.235	0.286	0.302	0.289	0.259	0.295	0.323	0.284	0.356	0.305	2.039	0.609	0.271	0.197	4.802	-16522.207
670	16	500	500	0.5344	0.237	0.322	0.261	0.227	0.341	0.290	0.257	0.308	0.313	0.310	0.241	0.259	0.330	0.272	0.268	0.259	0.295	0.344	0.300	0.316	0.348	0.266	0.323	0.266	0.276	0.283	0.313	0.314	0.264	0.331	2.021	0.530	0.240	0.202	1.884	-16513.776
671	16	500	500	0.5270	0.254	0.260	0.335	0.278	0.322	0.297	0.278	0.310	0.397	0.273	0.264	0.341	0.281	0.274	0.317	0.253	0.303	0.285	0.336	0.330	0.330	0.319	0.276	0.205	0.247	0.274	0.328	0.272	0.291	0.290	2.111	0.639	0.317	0.202	5.530	-16631.098
672	16	500	499	0.5235	0.211	0.282	0.343	0.270	0.313	0.298	0.343	0.259	0.285	0.312	0.291	0.329	0.280	0.323	0.272	0.297	0.237	0.278	0.325	0.272	0.295	0.286	0.327	0.285	0.286	0.267	0.291	0.300	0.328	0.387	2.011	0.531	0.273	0.194	2.391	-16842.439
673	16	500	499	0.5129	0.207	0.222	0.282	0.277	0.314	0.326	0.283	0.288	0.352	0.321	0.292	0.307	0.357	0.347	0.308	0.264	0.359	0.277	0.306	0.244	0.296	0.276	0.317	0.277	0.312	0.307	0.319	0.277	0.323	0.241	1.844	0.594	0.272	0.194	4.487	-16717.214
674	16	500	499	0.5033	0.295	0.279	0.275	0.318	0.279	0.306	0.313	0.300	0.344	0.293	0.291	0.237	0.312	0.234	0.316	0.211	0.261	0.339	0.338	0.299	0.317	0.283	0.287	0.292	0.327	0.291	0.386	0.301	0.289	0.299	2.021	0.639	0.306	0.220	10.737	-16827.616
675	16	500	500	0.5162	0.303	0.222	0.306	0.304	0.287	0.295	0.290	0.265	0.333	0.316	0.327	0.340	0.238	0.246	0.318	0.271	0.233	0.333	0.349	0.282	0.355	0.359	0.257	0.324	0.271	0.278	0.278	0.264	0.282	0.312	2.047	0.534	0.264	0.192	2.005	-16624.477
676	16	500	500	0.5208	0.302	0.301	0.280	0.370	0.289	0.344	0.248	0.308	0.302	0.271	0.273	0.314	0.324	0.273	0.349	0.245	0.293	0.320	0.297	0.303	0.291	0.315	0.315	0.305	0.293	0.325	0.308	0.311	0.283	0.360	1.998	0.585	0.314	0.193	4.751	-17000.845
677	16	500	499	0.5227	0.365	0.187	0.342	0.286	0.348	0.292	0.295	0.323	0.367	0.310	0.331	0.330	0.259	0.279	0.292	0.403	0.289	0.345	0.247	0.397	0.310	0.346	0.330	0.299	0.294	0.325	0.364	0.274	0.303	0.314	2.180	0.552	0.293	0.203	3.167	-17100.183
678	16	500	500	0.5152	0.287	0.342	0.290	0.209	0.270	0.297	0.317	0.305	0.308	0.296	0.338	0.274	0.278	0.289	0.280	0.229	0.338	0.273	0.367	0.301	0.232	0.282	0.340	0.308	0.388	0.296	0.314	0.236	0.316	0.294	1.960	0.599	0.276	0.197	3.505	-16661.356
679	16	500	500	0.5171	0.280	0.371	0.324	0.350	0.300	0.276	0.294	0.258	0.262	0.307	0.353	0.263	0.278	0.259	0.268	0.313	0.260	0.282	0.355	0.323	0.321	0.288	0.318	0.366	0.292	0.296	0.267	0.299	0.274	0.333	1.831	0.595	0.257	0.202	3.466	-16787.270
680	16	500	499	0.5213	0.279	0.228	0.338	0.299	0.272	0.223	0.301	0.372	0.285	0.252	0.320	0.290	0.259	0.326	0.314	0.264	0.253	0.230	0.263	0.321	0.330	0.296	0.272	0.280	0.283	0.305	0.250	0.346	0.252	0.261	1.919	0.532	0.287	0.196	2.952	-16484.864
681	16	500	500	0.4989	0.284	0.317	0.315	0.298	0.304	0.295	0.324	0.236	0.270	0.325	0.292	0.343	0.307	0.226	0.317	0.295	0.294	0.234	0.302	0.279	0.259	0.266	0.288	0.316	0.317	0.363	0.334	0.344	0.301	0.265	2.099	0.602	0.310	0.199	6.383	-16686.681
682	16	500	500	0.4990	0.290	0.321	0.326	0.343	0.348	0.320	0.308	0.345	0.326	0.256	0.308	0.301	0.302	0.273	0.327	0.307	0.293	0.252	0.296	0.311	0.289	0.282	0.269	0.291	0.217	0.367	0.291	0.307	0.323	0.261	1.867	0.619	0.326	0.193	10.191	-16800.676
683	16	500	500	0.5062	0.291	0.300	0.319	3.047	0.274	0.280	0.247	0.285	0.330	0.276	0.312	0.276	0.312	0.228	0.317	0.304	0.320	0.318	0.243	0.323	0.306	0.279	0.307	0.265	0.358	0.286	0.341	0.279	0.300	0.311	2.036	0.667	0.324	0.204	999.000	-16569.517
684	16	500	500	0.5089	0.259	0.267	0.371	0.211	0.371	0.335	0.306	0.331	0.338	0.306	0.313	0.250	0.335	0.281	0.284	0.265	0.349	0.266	0.334	0.305	0.296	0.324	0.321	0.321	0.265	0.276	0.295	0.347	0.300	0.305	2.022	0.525	0.253	0.211	947.783	-16965.346
685	16	500	500	0.5165	0.361	0.341	0.284	0.362	0.297	0.310	0.294	0.306	0.353	0.311	0.242	0.360	0.295	0.290	0.327	0.323	0.234	0.350	0.303	0.335	0.262	0.324	0.291	0.297	0.295	0.291	0.297	0.322	0.290	0.301	2.003	0.603	0.313	0.192	4.755	-16939.889
686	16	500	500	0.5116	0.278	0.372	0.366	0.252	0.294	0.272	0.312	0.302	0.268	0.351	0.331	0.236	0.250	0.323	0.290	0.339	0.366	0.292	0.362	0.288	0.339	0.301	0.283	0.172	0.326	0.290	0.305	0.287	0.308	0.324	2.130	0.569	0.331	0.194	4.286	-16833.775
687	16	500	500	0.5155	0.366	0.295	0.273	0.323	0.294	0.263	0.277	0.247	0.327	0.271	0.322	0.257	0.363	0.310	0.333	0.306	0.323	0.318	0.291	0.367	0.259	0.282	0.313	0.281	0.386	0.316	0.305	0.217	0.304	0.309	1.970	0.579	0.277	0.201	7.131	-16863.068
688	16	500	500	0.5032	0.253	0.345	0.317	0.285	0.272	0.286	0.299	0.294	0.249	0.318	0.270	0.271	0.258	0.294	0.317	0.313	0.266	0.328	0.259	0.332	0.272	0.290	0.345	0.280	0.310	0.252	0.304	0.283	0.321	0.256	1.939	0.551	0.279	0.195	1.557	-16487.993
689	16	500	500	0.5159	0.284	0.371	0.271	0.313	0.257	0.313	0.284	0.276	0.305	0.293	0.259	0.304	0.355	0.358	0.305	0.354	0.290	0.319	0.296	0.301	0.268	0.319	0.274	0.266	0.330	0.276	0.342	0.250	0.262	0.294	1.987	0.622	0.301	0.212	8.483	-16759.544
690	16	500	500	0.5232	0.287	0.284	0.361	0.304	0.250	0.381	0.324	0.305	0.292	0.276	0.301	0.296	0.353	0.319	0.338	0.273	0.336	0.294	0.305	0.327	0.338	0.313	0.319	0.244	0.281	0.311	0.313	0.346	0.315	0.295	2.124	0.605	0.346	0.202	3.437	-17067.060
691	16	500	500	0.5011	0.333	0.269	0.249	0.301	0.297	0.288	0.304	0.326	0.281	0.298	0.314	0.293	0.273	0.321	0.274	0.308	0.320	0.254	0.291	0.351	0.281	0.274	0.244	0.277	0.267	0.269	0.283	0.340	0.344	0.285	2.044	0.615	0.262	0.214	3.919	-16589.393
692	16	500	500	0.5135	0.306	0.300	0.370	0.324	0.247	0.311	0.317	0.266	0.281	0.274	0.297	0.272	0.327	0.245	0.321	0.305	0.269	0.251	0.236	0.334	0.301	0.305	0.255	0.291	0.316	0.284	0.322	0.285	0.271	0.287	2.009	0.566	0.256	0.208	2.924	-16509.025
693	16	500	500	0.5193	0.275	0.276	0.255	0.352	0.348	0.348	0.301	0.402	0.334	0.253	0.323	0.317	0.316	0.278	0.376	0.232	0.303	0.317	0.342	0.331	0.271	0.287	0.270	0.260	0.288	0.314	0.298	0.278	0.328	0.281	2.163	0.588	0.305	0.196	8.275	-16969.400
694	16	500	500	0.5078	0.251	0.256	0.314	0.399	0.288	0.384	0.310	0.271	0.227	0.354	0.311	0.326	0.294	0.280	0.308	0.320	0.352	0.278	0.307	0.356	0.304	0.304	0.327	0.343	0.220	0.351	0.287	0.324	0.327	0.349	2.095	0.575	0.329	0.193	7.529	-17123.671
695	16	500	500	0.5247	0.356	0.362	0.275	0.332	0.303	0.305	0.305	0.285	0.320	0.365	0.330	0.304	0.242	0.299	0.302	0.304	0.319	0.339	0.283	0.272	0.342	0.360	0.350	0.246	0.233	0.299	0.271	0.339	0.333	0.302	1.978	0.611	0.308	0.203	4.500	-17170.452
696	16	500	500	0.4895	0.320	0.293	0.279	0.341	0.363	0.364	0.339	0.226	0.404	0.273	0.333	0.318	0.301	0.309	0.313	0.295	0.280	0.227	0.307	0.372	0.287	0.297	0.332	0.319	0.347	0.270	0.300	0.260	0.303	0.278	2.084	0.573	0.302	0.212	8.182	-17078.663
697	16	500	499	0.5196	0.320	0.262	0.271	0.328	0.241	0.286	0.240	0.347	0.319	0.322	0.274	0.292	0.312	0.314	0.336	0.293	0.356	0.209	0.315	0.259	0.340	0.308	0.334	0.288	0.260	0.311	0.318	0.294	0.288	0.313	1.968	0.615	0.293	0.177	5.836	-16515.555
698	16	500	500	0.5264	0.318	0.370	0.295	0.253	0.336	0.288	0.328	0.321	0.279	0.275	0.274	0.286	0.283	0.254	0.287	0.318	0.295	0.257	0.318	0.340	0.270	0.227	0.343	0.335	0.231	0.355	0.271	0.323	0.272	0.319	2.120	0.587	0.303	0.206	1.568	-16758.735
699	16	500	500	0.5101	0.380	0.273	0.372	0.343	0.285	0.238	0.314	0.307	0.393	0.269	0.293	0.300	0.296	0.308	0.342	0.309	0.301	0.291	0.305	0.220	0.361	0.298	0.294	0.216	0.297	0.302	0.268	0.278	0.321	0.300	2.010	0.572	0.288	0.196	5.961	-16737.502
700	16	500	500	0.5129	0.308	0.333	0.296	0.348	0.297	0.253	0.305	0.328	0.274	0.250	0.320	0.273	0.265	0.271	0.321	0.341	0.212	0.342	0.241	0.303	0.289	0.315	0.344	0.330	0.327	0.308	0.258	0.283	0.379	0.260	2.032	0.582	0.320	0.187	6.699	-16742.470
701	16	500	500	0.5210	0.242	0.238	0.330	0.288	0.326	0.250	0.313	0.284	0.317	0.305	0.294	0.283	0.330	0.293	0.294	0.291	0.306	0.270	0.288	0.295	0.311	0.299	0.249	0.298	0.292	0.233	0.320	0.288	0.294	0.292	1.874	0.634	0.306	0.189	9.753	-16449.404
702	16	500	500	0.5139	0.268	0.287	0.288	0.264	0.289	0.298	0.327	0.297	0.252	0.368	0.238	0.284	0.305	0.307	0.281	0.269	0.228	0.250	0.342	0.354	0.291	0.281	0.352	0.382	0.293	0.264	0.285	0.329	0.250	0.330	2.061	0.571	0.269	0.213	2.984	-16764.726
703	16	500	499	0.5111	0.319	0.210	0.264	0.305	0.321	0.238	0.291	0.337	0.325	0.322	0.283	0.269	0.221	0.280	0.284	0.323	0.311	0.343	0.294	0.287	0.276	0.262	0.279	0.234	0.306	0.318	0.316	0.351	0.258	0.312	2.025	0.478	0.209	0.214	1.558	-16599.294
704	16	500	499	0.5139	0.304	0.265	0.227	0.288	0.320	0.324	0.317	0.257	0.396	0.234	0.254	0.290	0.327	0.296	0.301	0.262	0.318	0.317	0.282	0.337	0.294	0.334	0.280	0.297	0.324	0.340	0.299	0.246	0.358	0.290	1.982	0.489	0.270	0.190	4.145	-16784.770
705	16	500	500	0.5220	0.266	0.320	0.288	0.310	0.277	0.271	0.357	0.228	0.250	0.301	0.314	0.249	0.267	0.310	0.334	0.311	0.303	0.251	0.298	0.329	0.338	0.328	0.234	0.281	0.254	0.270	0.308	0.288	0.319	0.336	1.975	0.571	0.324	0.200	1.998	-16844.312
706	16	500	500	0.5071	0.322	0.257	0.330	0.345	0.345	0.349	0.321	0.315	0.329	0.324	0.297	0.370	0.350	0.340	0.271	0.346	0.311	0.241	0.345	0.351	0.268	0.333	0.317	0.334	0.232	0.300	0.345	0.324	0.322	0.259	1.976	0.589	0.287	0.206	6.170	-17303.017
707	16	500	500	0.5118	0.274	0.264	0.338	0.310	0.295	0.304	0.298	0.266	0.264	0.293	0.318	0.324	0.309	0.310	0.336	0.285	0.329	0.305	0.283	0.267	0.254	0.287	0.327	0.308	0.327	0.310	0.249	0.275	0.290	0.315	2.103	0.581	0.283	0.186	5.391	-16524.957
708	16	500	500	0.5158	0.283	0.239	0.319	0.287	0.314	0.350	0.294	0.210	0.366	0.343	0.332	0.291	0.309	0.286	0.329	0.305	0.301	0.307	0.329	0.331	0.282	0.315	0.350	0.312	0.376	0.306	0.331	0.301	0.296	0.270	1.983	0.588	0.326	0.197	7.122	-17084.968
709	16	500	500	0.5139	0.287	0.236	0.267	0.405	0.315	0.298	0.346	0.285	0.241	0.329	0.332	0.258	0.292	0.273	0.274	0.306	0.344	0.267	0.250	0.365	0.259	0.309	0.260	0.294	0.386	0.293	0.260	0.220	0.320	0.285	2.069	0.666	0.314	0.210	16.184	-16625.224
710	16	500	500	0.5134	0.295	0.266	0.356	0.290	0.324	0.281	0.345	0.315	0.301	0.324	0.295	0.282	0.307	0.282	0.323	0.314	0.286	0.346	0.284	0.281	0.353	0.318	0.325	0.224	0.345	0.275	0.284	0.318	0.318	0.297	1.984	0.539	0.341	0.200	3.030	-17154.230
711	16	500	500	0.5169	0.224	0.278	0.268	0.268	0.363	0.282	0.369	0.289	0.270	0.262	0.303	0.324	0.255	0.306	0.314	0.277	0.314	0.267	0.303	0.330	0.388	0.299	0.345	0.284	0.317	0.280	0.292	0.327	0.298	0.331	1.913	0.358	0.207	0.208	1.000	-17231.803
712	16	500	500	0.4891	0.237	0.247	0.220	0.363	0.279	0.290	0.263	0.285	0.301	0.234	0.285	0.268	0.346	0.278	0.274	0.317	0.282	0.258	0.252	0.296	0.264	0.282	0.320	0.308	0.224	0.265	0.267	0.267	0.275	0.265	2.063	0.673	0.241	0.220	4.762	-16085.467
713	16	500	500	0.5308	0.355	0.380	0.244	0.275	0.333	0.358	0.255	0.285	0.252	0.264	0.372	0.301	0.333	0.301	0.301	0.334	0.328	0.322	0.354	0.288	0.253	0.298	0.289	0.361	0.293	0.344	0.359	0.294	0.268	0.286	1.911	0.561	0.317	0.215	3.247	-17271.440
714	16	500	500	0.5195	0.327	0.233	0.378	0.202	0.281	0.348	0.268	0.301	0.246	0.306	0.306	0.297	0.318	0.302	0.272	0.308	0.309	0.220	0.310	0.287	0.284	0.281	0.309	0.269	0.271	0.253	0.370	0.311	0.300	0.276	1.951	0.519	0.286	0.199	2.568	-16679.223
715	16	500	500	0.5198	0.320	0.303	0.297	0.293	0.281	0.285	0.346	0.243	0.295	0.341	0.286	0.250	0.306	0.296	0.310	0.311	0.284	0.308	0.294	0.273	0.235	0.338	0.345	0.273	0.304	0.328	0.336	0.252	0.339	0.305	1.895	0.527	0.272	0.217	2.500	-16963.349
716	16	500	500	0.4998	0.327	0.229	0.286	0.307	0.307	0.290	0.308	0.264	0.247	0.317	0.284	0.258	0.295	0.319	0.301	0.290	0.320	0.237	0.301	0.337	0.288	0.289	0.278	0.289	0.259	0.275	0.332	0.345	0.298	0.282	2.012	0.608	0.289	0.219	7.271	-16607.534
717	16	500	500	0.5155	0.286	0.317	0.290	0.286	0.305	0.349	0.372	0.238	0.280	0.264	0.289	0.296	0.378	0.293	0.281	0.303	0.312	0.271	0.281	0.341	0.333	0.282	0.295	0.291	0.292	0.315	0.300	0.325	0.291	0.328	2.125	0.569	0.304	0.201	4.279	-16916.154
718	16	500	500	0.5096	0.240	0.287	0.308	0.259	0.336	0.292	0.292	0.305	0.343	0.310	0.300	0.320	0.328	0.321	0.324	0.317	0.365	0.354	0.288	0.275	0.319	0.287	0.286	0.225	0.266	0.286	0.329	0.315	0.308	0.333	2.004	0.613	0.314	0.196	5.639	-16897.172
719	16	500	498	0.5173	0.320	0.228	0.375	0.290	0.291	0.341	0.310	0.306	0.355	0.350	0.318	0.274	0.309	0.309	0.333	0.326	0.302	0.255	0.323	0.285	0.239	0.333	0.315	0.260	0.294	0.257	0.314	0.311	0.284	0.257	2.080	0.615	0.308	0.203	5.062	-16790.477
720	16	500	500	0.5005	0.324	0.348	0.293	0.278	0.307	0.338	0.358	0.286	0.205	0.360	0.286	0.287	0.345	0.270	0.305	0.353	0.371	0.286	0.297	0.338	0.352	0.302	0.257	0.251	0.372	0.406	0.288	0.309	0.297	0.323	2.080	0.481	0.257	0.183	2.325	-17033.300
721	16	500	500	0.5198	0.362	0.327	0.358	0.253	0.368	0.341	0.280	0.343	0.264	0.364	0.294	0.228	0.337	0.296	0.327	0.364	0.271	0.304	0.261	0.308	0.333	0.261	0.369	0.261	0.264	0.304	0.309	0.302	0.304	0.297	2.063	0.649	0.328	0.209	12.204	-17038.104
722	16	500	500	0.5144	0.290	0.325	0.320	0.288	0.305	0.345	0.277	0.357	0.269	0.272	0.310	0.338	0.322	0.298	0.263	0.322	0.253	0.330	0.277	0.329	0.377	0.280	0.308	0.368	0.292	0.287	0.286	0.234	0.283	0.355	1.970	0.566	0.281	0.202	4.790	-16968.380
723	16	500	500	0.4945	0.300	0.353	0.283	0.287	0.360	0.346	0.245	0.294	0.329	0.311	0.345	0.340	0.267	0.242	0.345	0.342	0.261	0.269	0.289	0.351	0.326	0.300	0.307	0.390	0.294	0.280	0.304	0.297	0.342	0.319	2.056	0.530	0.282	0.197	4.419	-16940.105
724	16	500	500	0.5111	0.340	0.228	0.316	0.333	0.329	0.259	0.307	0.260	0.314	0.275	0.287	0.340	0.316	0.357	0.343	0.343	0.305	0.370	0.284	0.286	0.250	0.321	0.284	0.276	0.326	0.334	0.305	0.327	0.310	0.315	1.894	0.526	0.290	0.200	3.858	-17216.821
725	16	500	499	0.5268	0.343	0.320	0.276	0.336	0.288	0.242	0.221	0.317	0.280	0.255	0.274	0.288	0.293	0.258	0.291	0.312	0.277	0.306	0.314	0.264	0.308	0.247	0.306	0.297	0.279	0.281	0.265	0.294	0.285	0.280	1.983	0.637	0.248	0.207	7.751	-16243.620
726	16	500	499	0.5236	0.371	0.365	0.254	0.261	0.278	0.365	0.288	0.298	0.338	0.381	0.272	0.259	0.249	0.277	0.269	0.279	0.309	0.286	0.321	0.311	0.308	0.230	0.338	0.294	0.304	0.329	0.239	0.315	0.288	0.325	1.923	0.565	0.272	0.186	1.548	-16744.330
727	16	500	500	0.5028	0.259	0.259	0.349	0.306	0.300	0.270	0.298	0.294	0.306	0.272	0.261	0.264	0.276	0.320	0.254	0.279	0.282	0.235	0.300	0.339	0.306	0.274	0.330	0.253	0.343	0.259	0.391	0.309	0.298	0.316	2.007	0.641	0.273	0.218	6.113	-16673.225
728	16	500	500	0.5247	0.314	0.269	0.279	0.287	0.298	0.263	0.306	0.305	0.305	0.290	0.287	0.277	0.318	0.285	0.246	0.297	0.327	0.297	0.302	0.303	0.302	0.264	0.217	0.245	0.296	0.243	0.338	0.313	0.353	0.287	2.002	0.583	0.294	0.205	6.149	-16511.614
729	16	500	500	0.5178	0.291	0.313	0.276	0.335	0.249	0.275	0.294	0.254	0.291	0.339	0.361	0.330	0.292	0.285	0.297	0.350	0.300	0.237	0.276	0.342	0.263	0.273	0.254	0.324	0.292	0.296	0.343	0.271	0.355	0.282	2.087	0.594	0.273	0.191	4.976	-16586.500
730	16	500	500	0.5049	0.348	0.245	0.311	0.199	0.314	0.351	0.280	0.294	0.309	0.412	0.310	0.276	0.258	0.331	0.298	0.295	0.283	0.292	0.323	0.339	0.307	0.221	0.327	0.294	0.312	0.340	0.312	0.327	0.296	0.288	1.865	0.373	0.191	0.198	1.000	-16966.772
731	16	500	500	0.5104	0.369	0.311	0.276	0.700	0.350	0.288	0.362	0.349	0.318	0.349	0.311	0.283	0.302	0.244	0.319	0.294	0.290	0.321	0.332	0.309	0.273	0.341	0.300	0.214	0.291	0.341	0.325	0.334	0.329	0.317	2.065	0.623	0.346	0.212	65.845	-17248.087
732	16	500	500	0.5059	0.262	0.299	0.290	0.261	0.272	0.231	0.210	0.278	0.271	0.314	0.300	0.342	0.348	0.339	0.272	0.284	0.337	0.283	0.346	0.366	0.250	0.276	0.339	0.304	0.264	0.261	0.270	0.320	0.257	0.265	2.048	0.548	0.278	0.209	2.402	-16560.061
733	16	500	500	0.5247	0.300	0.298	0.301	0.235	0.287	0.323	0.298	0.310	0.246	0.277	0.347	0.260	0.283	0.282	0.271	0.255	0.341	0.331	0.372	0.321	0.341	0.274	0.324	0.241	0.297	0.289	0.328	0.403	0.336	0.257	1.967	0.587	0.294	0.199	6.563	-16873.989
734	16	500	500	0.5156	0.306	0.273	0.356	5.807	0.251	0.280	0.285	0.259	0.410	0.266	0.280	0.294	0.266	0.289	0.319	0.296	0.296	0.232	0.326	0.353	0.319	0.283	0.348	0.231	0.255	0.310	0.320	0.377	0.269	0.334	2.013	0.644	0.338	0.205	999.000	-16942.203
735	16	500	500	0.5075	0.000	0.321	0.371	0.314	0.307	0.331	0.297	0.273	0.291	0.311	0.322	0.331	0.253	0.290	0.293	0.527	0.233	0.320	0.343	0.313	0.301	0.303	0.271	0.372	0.295	0.326	0.298	0.222	0.296	0.327	1.906	0.493	0.264	0.186	2.847	-16987.260
736	16	500	500	0.5128	0.287	0.292	0.319	0.235	0.278	0.283	0.240	0.319	0.288	0.271	0.333	0.289	0.337	0.289	0.258	0.275	0.266	0.310	0.326	0.313	0.297	0.280	0.252	0.388	0.299	0.252	0.289	0.302	0.329	0.331	2.017	0.640	0.307	0.191	1.000	-16525.444
737	16	500	500	0.5076	0.298	0.360	0.254	0.262	0.347	0.289	0.301	0.281	0.289	0.350	0.281	0.286	0.285	0.271	0.323	0.278	0.374	0.348	0.292	0.264	0.275	0.285	0.344	0.274	0.292	0.283	0.308	0.324	0.287	0.270	1.891	0.346	0.194	0.184	1.056	-16723.657
738	16	500	500	0.5216	0.289	0.282	0.249	0.316	0.316	0.363	0.317	0.307	0.275	0.254	0.337	0.264	0.310	0.279	0.355	0.368	0.287	0.254	0.292	0.304	0.319	0.296	0.268	0.269	0.281	0.245	0.341	0.282	0.303	0.279	2.043	0.601	0.304	0.217	5.817	-16844.748
739	16	500	500	0.4989	0.321	0.263	0.347	0.430	0.262	0.298	0.254	0.298	0.293	0.301	0.279	0.296	0.303	0.306	0.299	0.273	0.264	0.336	0.366	0.288	0.287	0.223	0.351	0.350	0.287	0.305	0.260	0.275	0.301	0.299	2.055	0.599	0.261	0.212	6.453	-16773.848
740	16	500	499	0.5279	0.243	0.325	0.351	0.242	0.337	0.292	0.329	0.248	0.275	0.287	0.267	0.331	0.257	0.300	0.299	0.244	0.365	0.311	0.290	0.316	0.282	0.305	0.262	0.261	0.314	0.317	0.293	0.303	0.289	0.338	2.073	0.662	0.309	0.197	5.516	-16603.856
741	16	500	499	0.5199	0.347	0.255	0.298	0.270	0.280	0.349	0.287	0.252	0.318	0.265	0.327	0.300	0.283	0.289	0.324	0.325	0.344	0.269	0.278	0.310	0.300	0.253	0.342	0.314	0.341	0.302	0.284	0.281	0.282	0.310	2.123	0.600	0.300	0.191	3.192	-16664.099
742	16	500	500	0.5082	0.291	0.328	0.314	0.365	0.282	0.304	0.367	0.309	0.284	0.323	0.341	0.299	0.268	0.265	0.354	0.315	0.294	0.345	0.361	0.264	0.309	0.307	0.282	0.354	0.290	0.298	0.339	0.312	0.282	0.381	2.034	0.560	0.339	0.198	10.041	-17178.992
743	16	500	500	0.5059	0.295	0.330	0.323	0.323	0.296	0.282	0.285	0.273	0.335	0.262	0.311	0.309	0.246	0.264	0.321	0.231	0.281	0.241	0.328	0.329	0.332	0.351	0.293	0.295	0.248	0.298	0.346	0.263	0.316	0.318	2.006	0.590	0.275	0.195	2.060	-16802.937
744	16	500	500	0.5137	0.336	0.303	0.236	0.317	0.323	0.286	0.315	0.283	0.315	0.298	0.370	0.315	0.308	0.265	0.323	0.270	0.239	0.275	0.320	0.347	0.337	0.319	0.294	0.247	0.370	0.310	0.235	0.320	0.300	0.306	1.922	0.629	0.281	0.225	5.473	-17037.529
745	16	500	499	0.5247	0.274	0.289	0.277	0.342	0.278	0.294	0.290	0.263	0.263	0.290	0.279	0.296	0.303	0.316	0.367	0.335	0.338	0.256	0.298	0.320	0.322	0.351	0.309	0.209	0.300	0.271	0.255	0.308	0.306	0.313	1.947	0.592	0.277	0.202	3.802	-16793.095
746	16	500	500	0.5202	0.256	0.248	0.333	0.312	0.363	0.273	0.287	0.251	0.357	0.302	0.271	0.289	0.252	0.355	0.271	0.305	0.347	0.310	0.295	0.298	0.323	0.279	0.274	0.258	0.272	0.238	0.254	0.315	0.227	0.281	1.939	0.633	0.281	0.191	6.052	-16450.792
747	16	500	500	0.5184	0.283	0.240	0.320	0.285	0.335	0.283	0.268	0.327	0.315	0.281	0.279	0.270	0.282	0.343	0.318	0.257	0.278	0.345	0.280	0.276	0.299	0.295	0.268	0.272	0.204	0.294	0.333	0.313	0.341	0.297	2.097	0.627	0.294	0.205	3.867	-16656.287
748	16	500	498	0.5331	0.247	0.300	0.268	0.225	0.333	0.337	0.331	0.230	0.313	0.323	0.318	0.302	0.329	0.318	0.263	0.250	0.349	0.309	0.282	0.325	0.330	0.264	0.306	0.315	0.315	0.272	0.339	0.253	0.298	0.293	2.044	0.447	0.187	0.208	2.578	-16691.236
749	16	500	500	0.5084	0.344	0.274	0.328	0.408	0.288	0.336	0.312	0.344	0.351	0.226	0.293	0.294	0.336	0.327	0.253	0.286	0.239	0.341	0.232	0.305	0.241	0.299	0.270	0.348	0.235	0.326	0.264	0.319	0.268	0.253	1.951	0.626	0.284	0.203	8.361	-16680.502
750	16	500	500	0.5173	0.243	0.290	0.266	0.287	0.255	0.338	0.322	0.225	0.291	0.304	0.280	0.275	0.239	0.327	0.319	0.254	0.244	0.273	0.278	0.308	0.265	0.298	0.316	0.368	0.336	0.242	0.275	0.288	0.329	0.263	1.924	0.636	0.264	0.209	4.415	-16415.802
751	16	500	500	0.5035	0.310	0.272	0.362	0.288	0.329	0.315	0.267	0.328	0.303	0.303	0.291	0.265	0.322	0.298	0.339	0.263	0.314	0.278	0.365	0.252	0.288	0.283	0.244	0.280	0.266	0.291	0.358	0.296	0.308	0.306	1.953	0.532	0.261	0.209	3.138	-16896.137
752	16	500	500	0.5180	0.335	0.310	0.318	0.317	0.269	0.294	0.332	0.278	0.265	0.276	0.349	0.283	0.334	0.287	0.303	0.258	0.265	0.283	0.335	0.306	0.373	0.347	0.327	0.271	0.236	0.280	0.322	0.363	0.359	0.339	1.979	0.617	0.331	0.214	7.299	-17169.034
753	16	500	500	0.5120	0.317	0.321	0.273	0.268	0.278	0.282	0.301	0.337	0.313	0.289	0.270	0.261	0.281	0.322	0.278	0.253	0.320	0.278	0.293	0.282	0.318	0.306	0.248	0.224	0.352	0.290	0.252	0.252	0.308	0.305	2.114	0.641	0.274	0.196	3.307	-16351.685
754	16	500	500	0.5101	0.255	0.268	0.251	0.270	0.324	0.279	0.250	0.278	0.322	0.284	0.230	0.253	0.231	0.290	0.317	0.259	0.278	0.348	0.289	0.261	0.303	0.270	0.263	0.341	0.304	0.252	0.332	0.304	0.264	0.283	1.931	0.676	0.244	0.203	1.998	-16134.741
755	16	500	500	0.5087	0.282	0.321	0.341	0.334	0.260	0.304	0.284	0.270	0.317	0.294	0.340	0.303	0.293	0.280	0.275	0.325	0.266	0.341	0.360	0.243	0.312	0.312	0.284	0.308	0.311	0.269	0.295	0.286	0.284	0.251	1.936	0.553	0.322	0.200	3.264	-16910.902
756	16	500	500	0.5090	0.325	0.333	0.318	0.351	0.321	0.253	0.275	0.299	0.253	0.332	0.250	0.263	0.257	0.323	0.292	0.268	0.303	0.266	0.295	0.285	0.308	0.325	0.234	0.235	0.333	0.268	0.283	0.223	0.346	0.326	1.886	0.665	0.293	0.197	11.142	-16528.396
757	16	500	500	0.5087	0.271	0.242	0.294	0.274	0.297	0.303	0.242	0.332	0.327	0.235	0.312	0.333	0.315	0.278	0.340	0.302	0.277	0.383	0.309	0.305	0.324	0.312	0.278	0.260	0.247	0.269	0.252	0.327	0.327	0.291	1.992	0.668	0.315	0.198	9.240	-16626.982
758	16	500	500	0.5089	0.280	0.252	0.303	0.309	0.312	0.342	0.327	0.314	0.356	0.301	0.296	0.315	0.308	0.311	0.311	0.202	0.292	0.295	0.316	0.275	0.289	0.352	0.289	0.301	0.281	0.345	0.260	0.281	0.309	0.290	2.069	0.603	0.273	0.210	9.029	-16802.478
759	16	500	500	0.5228	0.315	0.316	0.392	0.262	0.295	0.297	0.303	0.318	0.260	0.253	0.310	0.310	0.289	0.353	0.249	0.325	0.250	0.306	0.282	0.225	0.306	0.262	0.255	0.344	0.319	0.287	0.329	0.247	0.344	0.312	1.942	0.631	0.279	0.195	5.481	-16625.305
760	16	500	500	0.5102	0.384	0.267	0.261	0.486	0.268	0.354	0.290	0.241	0.308	0.267	0.329	0.378	0.286	0.273	0.304	0.337	0.311	0.306	0.349	0.283	0.247	0.302	0.303	0.304	0.268	0.302	0.271	0.265	0.306	0.321	1.960	0.636	0.340	0.191	27.654	-16850.997
761	16	500	499	0.5174	0.319	0.274	0.272	0.317	0.301	0.295	0.336	0.235	0.325	0.238	0.301	0.287	0.309	0.271	0.317	0.270	0.337	0.308	0.319	0.247	0.237	0.255	0.313	0.379	0.267	0.322	0.272	0.329	0.286	0.272	2.023	0.587	0.272	0.209	3.937	-16658.623
762	16	500	500	0.5216	0.293	0.271	0.306	0.361	0.266	0.353	0.320	0.226	0.245	0.316	0.283	0.360	0.280	0.312	0.303	0.303	0.315	0.332	0.304	0.291	0.231	0.253	0.346	0.279	0.249	0.333	0.296	0.308	0.313	0.317	1.951	0.648	0.299	0.190	6.730	-16637.486
763	16	500	500	0.4923	0.323	0.274	0.307	0.283	0.290	0.261	0.278	0.360	0.305	0.300	0.306	0.310	0.336	0.264	0.332	0.324	0.248	0.322	0.243	0.274	0.254	0.297	0.327	0.307	0.310	0.260	0.311	0.277	0.286	0.346	1.931	0.640	0.282	0.213	8.100	-16791.653
764	16	500	499	0.5247	0.290	0.221	0.318	0.324	0.264	0.283	0.287	0.292	0.351	0.275	0.290	0.280	0.324	0.251	0.326	0.258	0.210	0.274	0.308	0.347	0.331	0.270	0.355	0.327	0.250	0.272	0.293	0.265	0.345	0.304	2.118	0.669	0.301	0.194	4.375	-16489.375
765	16	500	500	0.5159	0.247	0.291	0.388	0.386	0.306	0.335	0.363	0.291	0.336	0.305	0.256	0.312	0.247	0.323	0.356	0.323	0.286	0.295	0.345	0.338	0.371	0.285	0.278	0.290	0.356	0.234	0.331	0.270	0.374	0.300	1.953	0.628	0.305	0.207	3.722	-17226.136
766	16	500	499	0.5212	0.244	0.326	0.280	0.288	0.292	0.265	0.322	0.322	0.346	0.242	0.384	0.247	0.285	0.289	0.233	0.323	0.298	0.308	0.310	0.283	0.251	0.292	0.309	0.279	0.319	0.345	0.286	0.260	0.339	0.304	1.894	0.588	0.291	0.189	7.182	-16687.796
767	16	500	500	0.5026	0.339	0.287	0.322	0.299	0.304	0.239	0.278	0.306	0.359	0.257	0.271	0.253	0.322	0.331	0.317	0.254	0.377	0.295	0.223	0.308	0.262	0.270	0.249	0.331	0.312	0.298	0.273	0.252	0.348	0.280	1.954	0.572	0.272	0.214	2.009	-16770.841
768	16	500	499	0.5343	0.299	0.271	0.324	0.266	0.246	0.269	0.337	0.282	0.240	0.304	0.279	0.252	0.262	0.278	0.300	0.286	0.329	0.211	0.317	0.273	0.272	0.347	0.309	0.288	0.265	0.226	0.355	0.308	0.323	0.305	2.124	0.595	0.246	0.205	1.549	-16521.968
769	16	500	497	0.5161	0.316	0.264	0.385	0.283	0.295	0.303	0.272	0.326	0.342	0.236	0.246	0.308	0.277	0.330	0.326	0.260	0.371	0.278	0.301	0.238	0.227	0.253	0.319	0.321	0.202	0.291	0.361	0.337	0.280	0.342	1.944	0.653	0.300	0.205	12.635	-16647.257
770	16	500	500	0.5250	0.271	0.349	0.270	0.492	0.319	0.313	0.333	0.240	0.262	0.375	0.315	0.310	0.267	0.299	0.331	0.284	0.341	0.299	0.237	0.348	0.340	0.292	0.339	0.315	0.289	0.349	0.257	0.319	0.286	0.309	1.983	0.621	0.338	0.194	25.440	-16955.917
771	16	500	500	0.5230	0.222	0.314	0.283	0.289	0.239	0.254	0.364	0.223	0.296	0.295	0.295	0.357	0.276	0.281	0.287	0.262	0.376	0.290	0.298	0.302	0.270	0.273	0.310	0.242	0.277	0.262	0.275	0.257	0.322	0.342	2.041	0.615	0.248	0.208	3.582	-16442.150
772	16	500	500	0.5204	0.317	0.198	0.327	0.325	0.316	0.307	0.284	0.296	0.347	0.276	0.278	0.288	0.252	0.240	0.355	0.343	0.243	0.374	0.254	0.343	0.260	0.279	0.334	0.389	0.307	0.329	0.304	0.280	0.244	0.310	2.017	0.574	0.244	0.192	3.327	-16671.493
773	16	500	500	0.5069	0.337	0.342	0.253	0.258	0.329	0.318	0.322	0.288	0.286	0.282	0.285	0.234	0.309	0.335	0.273	0.273	0.277	0.333	0.258	0.303	0.320	0.319	0.326	0.358	0.252	0.316	0.320	0.329	0.277	0.266	2.047	0.628	0.286	0.189	7.732	-16630.197
774	16	500	500	0.4968	0.301	0.246	0.255	0.266	0.304	0.345	0.354	0.312	0.301	0.339	0.359	0.248	0.302	0.286	0.245	0.327	0.310	0.264	0.294	0.309	0.264	0.240	0.360	0.271	0.288	0.370	0.278	0.309	0.311	0.305	2.090	0.546	0.277	0.202	1.350	-16817.785
775	16	500	500	0.5116	0.231	0.324	0.326	0.351	0.323	0.263	0.304	0.331	0.267	0.369	0.283	0.271	0.239	0.320	0.310	0.300	0.416	0.224	0.308	0.329	0.280	0.264	0.310	0.291	0.244	0.288	0.306	0.350	0.293	0.332	1.996	0.613	0.301	0.194	7.253	-16804.611
776	16	500	500	0.5053	0.273	0.367	0.323	0.349	0.325	0.343	0.240	0.369	0.399	0.328	0.297	0.296	0.279	0.257	0.331	0.302	0.299	0.309	0.277	0.274	0.323	0.282	0.335	0.330	0.275	0.341	0.302	0.320	0.303	0.290	2.099	0.617	0.325	0.189	9.699	-16986.159
777	16	500	498	0.4996	0.319	0.378	0.352	0.260	0.313	0.278	0.248	0.298	0.270	0.297	0.311	0.245	0.279	0.268	0.293	0.235	0.231	0.344	0.310	0.259	0.290	0.219	0.259	0.311	0.294	0.255	0.287	0.223	0.272	0.292	1.960	0.622	0.270	0.177	8.205	-15998.418
778	16	500	500	0.5183	0.327	0.335	0.340	0.268	0.321	0.283	0.265	0.307	0.353	0.293	0.295	0.268	0.331	0.275	0.322	0.348	0.303	0.315	0.357	0.308	0.263	0.282	0.257	0.239	0.268	0.304	0.316	0.287	0.310	0.304	2.026	0.659	0.297	0.204	5.970	-16821.432
779	16	500	499	0.5161	0.353	0.182	0.402	0.258	0.310	0.273	0.224	0.343	0.305	0.316	0.313	0.332	0.277	0.337	0.213	0.342	0.335	0.314	0.313	0.227	0.250	0.308	0.279	0.280	0.304	0.311	0.292	0.341	0.294	0.363	1.996	0.635	0.275	0.214	6.441	-16690.135
780	16	500	500	0.5195	0.342	0.297	0.318	0.328	0.299	0.293	0.278	0.310	0.274	0.287	0.287	0.252	0.292	0.257	0.292	0.291	0.213	0.321	0.342	0.269	0.317	0.288	0.255	0.284	0.304	0.293	0.298	0.320	0.255	0.263	2.031	0.648	0.280	0.191	5.635	-16388.024
781	16	500	500	0.5152	0.252	0.246	0.361	0.354	0.316	0.351	0.309	0.327	0.320	0.256	0.277	0.279	0.334	0.304	0.278	0.321	0.293	0.263	0.400	0.252	0.305	0.291	0.284	0.341	0.303	0.266	0.296	0.265	0.257	0.330	1.892	0.569	0.312	0.195	8.382	-16908.292
782	16	500	500	0.5105	0.297	0.297	0.299	0.301	0.329	0.275	0.293	0.312	0.265	0.292	0.357	0.327	0.341	0.266	0.355	0.301	0.350	0.242	0.291	0.290	0.319	0.289	0.271	0.262	0.316	0.350	0.243	0.286	0.270	0.355	2.028	0.457	0.220	0.184	1.236	-16669.048
783	16	500	500	0.5248	0.359	0.269	0.304	0.321	0.293	0.341	0.327	0.286	0.275	0.200	0.320	0.303	0.356	0.348	0.346	0.303	0.341	0.255	0.310	0.332	0.271	0.291	0.317	0.293	0.313	0.255	0.314	0.329	0.320	0.317	2.124	0.563	0.263	0.200	2.999	-16889.650
784	16	500	499	0.5170	0.295	0.292	0.285	0.375	0.268	0.307	0.235	0.284	0.249	0.315	0.343	0.255	0.343	0.330	0.266	0.298	0.278	0.260	0.267	0.294	0.274	0.322	0.304	0.294	0.283	0.266	0.309	0.278	0.266	0.294	2.002	0.577	0.253	0.201	4.869	-16564.952
785	16	500	500	0.5175	0.328	0.362	0.262	0.300	0.304	0.290	0.328	0.282	0.283	0.342	0.241	0.289	0.318	0.370	0.268	0.331	0.253	0.333	0.338	0.287	0.293	0.313	0.284	0.288	0.379	0.342	0.298	0.273	0.355	0.256	2.024	0.589	0.325	0.197	6.188	-16862.280
786	16	500	500	0.5021	0.236	0.276	0.332	0.228	0.304	0.281	0.292	0.306	0.278	0.287	0.273	0.304	0.337	0.258	0.269	0.216	0.356	0.259	0.343	0.265	0.280	0.304	0.276	0.262	0.257	0.270	0.276	0.316	0.266	0.275	1.949	0.579	0.269	0.188	2.815	-16227.264
787	16	500	500	0.5088	0.288	0.291	0.260	0.321	0.371	0.335	0.334	0.226	0.353	0.304	0.275	0.303	0.354	0.234	0.323	0.269	0.247	0.333	0.259	0.329	0.286	0.271	0.277	0.318	0.300	0.329	0.300	0.276	0.284	0.310	1.958	0.600	0.345	0.212	3.779	-16964.768
788	16	500	500	0.5125	0.276	0.308	0.300	0.305	0.282	0.277	0.317	0.267	0.229	0.309	0.310	0.350	0.342	0.327	0.288	0.293	0.330	0.266	0.317	0.284	0.270	0.314	0.270	0.228	0.379	0.293	0.299	0.294	0.314	0.318	1.915	0.643	0.301	0.201	7.736	-16707.821
789	16	500	500	0.5100	0.252	0.305	0.241	0.260	0.326	0.369	0.327	0.332	0.305	0.316	0.310	0.301	0.263	0.333	0.243	0.267	0.312	0.299	0.261	0.323	0.296	0.309	0.276	0.284	0.303	0.244	0.349	0.303	0.284	0.306	2.166	0.551	0.264	0.201	2.567	-16633.165
790	16	500	499	0.5079	0.274	0.301	0.294	0.309	0.332	0.320	0.327	0.311	0.210	0.312	0.307	0.274	0.277	0.308	0.290	0.302	0.239	0.297	0.309	0.282	0.276	0.312	0.291	0.315	0.225	0.289	0.287	0.333	0.302	0.316	2.034	0.599	0.305	0.194	6.004	-16590.071
791	16	500	500	0.5243	0.253	0.321	0.269	0.359	0.325	0.303	0.259	0.298	0.282	0.285	0.275	0.318	0.337	0.308	0.284	0.311	0.375	0.298	0.334	0.229	0.296	0.295	0.301	0.359	0.228	0.318	0.276	0.296	0.302	0.249	2.002	0.636	0.299	0.195	8.221	-16659.401
792	16	500	499	0.5056	0.303	0.240	0.316	0.352	0.238	0.262	0.299	0.319	0.285	0.316	0.285	0.313	0.306	0.249	0.320	0.324	0.268	0.267	0.317	0.316	0.307	0.326	0.259	0.296	0.244	0.321	0.265	0.289	0.298	0.251	1.948	0.634	0.289	0.198	4.124	-16461.593
793	16	500	500	0.5300	0.318	0.346	0.307	0.284	0.275	0.270	0.288	0.296	0.337	0.274	0.229	0.345	0.288	0.285	0.304	0.275	0.294	0.272	0.306	0.286	0.317	0.313	0.320	0.268	0.252	0.277	0.265	0.337	0.203	0.329	1.824	0.581	0.245	0.198	2.993	-16533.624
794	16	500	500	0.5117	0.273	0.298	0.289	0.290	0.328	0.280	0.328	0.313	0.372	0.298	0.286	0.290	0.277	0.289	0.350	0.317	0.218	0.220	0.331	0.317	0.270	0.351	0.265	0.353	0.269	0.269	0.320	0.303	0.345	0.322	1.964	0.580	0.297	0.189	6.601	-16900.061
795	16	500	499	0.5184	0.383	0.304	0.291	0.278	0.260	0.372	0.281	0.315	0.228	0.362	0.344	0.314	0.247	0.271	0.272	0.319	0.254	0.215	0.316	0.308	0.318	0.295	0.274	0.268	0.288	0.307	0.338	0.286	0.319	0.275	2.019	0.539	0.261	0.207	2.320	-16723.043
796	16	500	498	0.5217	0.342	0.258	0.248	0.244	0.287	0.272	0.335	0.266	0.334	0.276	0.266	0.323	0.283	0.297	0.269	0.286	0.285	0.309	0.214	0.365	0.322	0.309	0.287	0.238	0.303	0.370	0.288	0.383	0.260	0.316	2.108	0.630	0.282	0.217	3.886	-16668.801
797	16	500	500	0.4961	0.375	0.328	0.288	0.355	0.284	0.301	0.286	0.328	0.310	0.294	0.360	0.235	0.235	0.279	0.313	0.332	0.257	0.293	0.275	0.318	0.247	0.332	0.295	0.369	0.341	0.317	0.323	0.291	0.306	0.313	1.990	0.629	0.293	0.192	6.038	-16847.440
798	16	500	499	0.5142	0.346	0.379	0.291	0.329	0.349	0.244	0.312	0.294	0.296	0.276	0.325	0.320	0.345	0.315	0.319	0.308	0.310	0.336	0.299	0.270	0.298	0.280	0.265	0.306	0.273	0.243	0.282	0.315	0.268	0.288	1.909	0.589	0.262	0.189	5.654	-16729.780
799	16	500	500	0.5193	0.253	0.282	0.359	0.286	0.271	0.277	0.321	0.227	0.318	0.349	0.272	0.231	0.313	0.320	0.316	0.200	0.240	0.258	0.273	0.339	0.263	0.287	0.269	0.303	0.253	0.325	0.342	0.314	0.315	0.275	1.951	0.606	0.258	0.207	1.500	-16482.993
800	16	500	499	0.5211	0.264	0.345	0.287	0.241	0.308	0.292	0.355	0.295	0.232	0.269	0.306	0.313	0.342	0.290	0.286	0.329	0.307	0.299	0.318	0.294	0.289	0.263	0.328	0.219	0.392	0.310	0.316	0.304	0.309	0.333	2.108	0.423	0.221	0.199	2.579	-16896.793
801	16	500	499	0.5208	0.345	0.305	0.208	0.367	0.341	0.314	0.249	0.302	0.284	0.248	0.287	0.334	0.265	0.306	0.294	0.367	0.221	0.281	0.288	0.259	0.364	0.251	0.331	0.324	0.290	0.270	0.269	0.304	0.324	0.325	1.879	0.563	0.286	0.201	5.701	-16770.947
802	16	500	500	0.5160	0.287	0.322	0.215	0.304	0.318	0.383	0.303	0.276	0.344	0.287	0.294	0.306	0.264	0.386	0.278	0.339	0.299	0.333	0.307	0.279	0.267	0.277	0.326	0.281	0.315	0.266	0.298	0.275	0.322	0.289	2.025	0.552	0.344	0.192	5.948	-16884.414
803	16	500	500	0.5145	0.246	0.298	0.261	0.304	0.350	0.278	0.311	0.285	0.318	0.276	0.295	0.260	0.302	0.275	0.271	0.273	0.307	0.273	0.291	0.281	0.286	0.252	0.308	0.325	0.247	0.286	0.291	0.331	0.260	0.304	1.996	0.629	0.303	0.180	7.154	-16260.752
804	16	500	500	0.5152	0.238	0.343	0.248	0.341	0.267	0.320	0.332	0.293	0.291	0.296	0.294	0.291	0.240	0.272	0.299	0.286	0.329	0.332	0.391	0.322	0.248	0.296	0.302	0.323	0.291	0.304	0.333	0.351	0.280	0.282	1.947	0.616	0.284	0.213	4.489	-16965.407
805	16	500	499	0.5084	0.264	0.404	0.330	0.373	0.289	0.268	0.266	0.250	0.297	0.377	0.306	0.318	0.294	0.280	0.315	0.277	0.258	0.286	0.274	0.363	0.299	0.301	0.296	0.343	0.285	0.311	0.349	0.247	0.334	0.275	1.896	0.603	0.307	0.201	5.169	-16829.521
806	16	500	500	0.4923	0.257	0.318	0.335	0.316	0.274	0.347	0.338	0.304	0.346	0.313	0.352	0.300	0.316	0.228	0.351	0.247	0.340	0.335	0.288	0.311	0.251	0.293	0.302	0.304	0.291	0.299	0.310	0.314	0.328	0.309	1.957	0.617	0.315	0.200	11.570	-16921.191
807	16	500	500	0.5016	0.351	0.341	0.299	0.396	0.264	0.355	0.313	0.338	0.192	0.284	0.314	0.309	0.332	0.328	0.370	0.292	0.279	0.318	0.308	0.302	0.338	0.327	0.295	0.370	0.311	0.366	0.281	0.264	0.350	0.335	1.966	0.588	0.315	0.194	4.722	-17262.254
808	16	500	497	0.5241	0.385	0.347	0.344	0.293	0.317	0.273	0.288	0.272	0.271	0.362	0.357	0.317	0.359	0.256	0.294	0.339	0.361	0.343	0.269	0.245	0.269	0.321	0.260	0.312	0.311	0.272	0.389	0.304	0.338	0.342	1.956	0.609	0.339	0.198	6.414	-17082.273
809	16	500	500	0.5207	0.265	0.323	0.301	0.264	0.271	0.255	0.237	0.280	0.364	0.296	0.278	0.280	0.308	0.297	0.322	0.265	0.290	0.236	0.316	0.311	0.252	0.286	0.276	0.293	0.297	0.352	0.258	0.323	0.276	0.344	1.839	0.625	0.258	0.207	3.558	-16544.357
810	16	500	500	0.5195	0.279	0.288	0.314	0.321	0.278	0.325	0.341	0.364	0.335	0.276	0.320	0.274	0.287	0.286	0.313	0.284	0.321	0.285	0.339	0.301	0.302	0.297	0.330	0.303	0.260	0.360	0.287	0.373	0.391	0.272	2.017	0.580	0.322	0.202	3.616	-17126.569
811	16	500	500	0.5116	0.325	0.276	0.255	0.292	0.301	0.356	0.288	0.226	0.353	0.252	0.360	0.294	0.270	0.339	0.322	0.288	0.302	0.248	0.277	0.307	0.352	0.265	0.330	0.270	0.345	0.260	0.229	0.274	0.295	0.256	1.985	0.630	0.294	0.195	3.911	-16457.439
812	16	500	499	0.5223	0.328	0.291	0.286	0.307	0.310	0.256	0.284	0.255	0.236	0.240	0.249	0.326	0.302	0.262	0.303	0.251	0.368	0.255	0.295	0.302	0.287	0.292	0.337	0.281	0.311	0.338	0.283	0.269	0.308	0.276	2.003	0.669	0.275	0.209	8.458	-16579.942
813	16	500	500	0.5162	0.381	0.302	0.306	0.318	0.344	0.308	0.292	0.283	0.302	0.289	0.305	0.333	0.268	0.279	0.310	0.374	0.321	0.308	0.311	0.310	0.244	0.312	0.262	0.396	0.308	0.244	0.288	0.275	0.379	0.258	2.132	0.576	0.305	0.207	7.903	-17002.989
814	16	500	498	0.5177	0.260	0.364	0.328	0.284	0.301	0.231	0.316	0.257	0.300	0.344	0.297	0.305	0.333	0.308	0.256	0.259	0.295	0.321	0.332	0.312	0.265	0.250	0.306	0.335	0.325	0.341	0.275	0.328	0.377	0.260	1.968	0.597	0.286	0.205	3.780	-16884.216
815	16	500	500	0.5147	0.241	0.320	0.271	0.371	0.319	0.297	0.278	0.309	0.272	0.233	0.279	0.275	0.321	0.283	0.362	0.286	0.335	0.241	0.304	0.365	0.318	0.326	0.309	0.362	0.301	0.248	0.271	0.312	0.324	0.320	2.078	0.621	0.279	0.203	7.247	-16791.785
816	16	500	499	0.5122	0.319	0.253	0.307	0.350	0.279	0.291	0.277	0.297	0.269	0.296	0.292	0.310	0.297	0.352	0.286	0.349	0.278	0.252	0.297	0.276	0.284	0.313	0.306	0.302	0.244	0.298	0.285	0.253	0.319	0.297	2.138	0.546	0.309	0.207	6.865	-16634.204
817	16	500	499	0.5239	0.301	0.357	0.272	0.307	0.311	0.284	0.258	0.269	0.309	0.283	0.300	0.316	0.331	0.325	0.277	0.236	0.410	0.327	0.336	0.236	0.319	0.228	0.271	0.297	0.207	0.364	0.313	0.325	0.259	0.276	2.079	0.573	0.267	0.182	3.885	-16670.955
818	16	500	500	0.5230	0.274	0.274	0.213	0.334	0.342	0.271	0.377	0.286	0.299	0.281	0.378	0.328	0.212	0.284	0.333	0.315	0.344	0.349	0.237	0.305	0.365	0.283	0.303	0.266	0.347	0.322	0.254	0.282	0.290	0.262	1.865	0.541	0.301	0.190	3.393	-16857.981
819	16	500	500	0.5207	0.314	0.324	0.331	0.263	0.355	0.240	0.311	0.278	0.290	0.312	0.296	0.293	0.320	0.318	0.295	0.370	0.270	0.273	0.318	0.297	0.278	0.362	0.350	0.329	0.294	0.336	0.336	0.343	0.313	0.319	2.012	0.382	0.215	0.201	1.000	-17075.060
820	16	500	500	0.5310	0.310	0.232	0.359	0.292	0.330	0.324	0.297	0.266	0.366	0.284	0.317	0.296	0.249	0.327	0.291	0.232	0.272	0.351	0.318	0.296	0.361	0.294	0.308	0.311	0.251	0.349	0.330	0.311	0.283	0.331	2.084	0.571	0.315	0.190	6.736	-16924.630
821	16	500	499	0.5098	0.298	0.355	0.280	0.319	0.282	0.372	0.241	0.350	0.331	0.276	0.225	0.305	0.317	0.259	0.283	0.287	0.281	0.310	0.318	0.280	0.335	0.287	0.311	0.263	0.287	0.258	0.319	0.343	0.275	0.321	2.126	0.618	0.322	0.198	6.870	-16610.394
822	16	500	500	0.5174	0.269	0.272	0.393	0.287	0.327	0.233	0.345	0.319	0.341	0.266	0.298	0.276	0.332	0.293	0.337	0.312	0.348	0.325	0.384	0.272	0.305	0.301	0.334	0.287	0.307	0.291	0.372	0.241	0.282	0.280	2.003	0.566	0.238	0.182	5.267	-16817.788
823	16	500	500	0.5148	0.265	0.303	0.252	0.325	0.254	0.377	0.255	0.346	0.333	0.271	0.263	0.319	0.347	0.350	0.338	0.267	0.291	0.376	0.299	0.260	0.251	0.270	0.300	0.309	0.257	0.302	0.258	0.293	0.357	0.281	2.107	0.631	0.281	0.206	4.678	-16747.112
824	16	500	498	0.5040	0.370	0.291	0.316	0.322	0.252	0.273	0.245	0.322	0.287	0.282	0.291	0.303	0.277	0.313	0.324	0.293	0.387	0.332	0.318	0.289	0.290	0.266	0.328	0.237	0.336	0.296	0.334	0.353	0.359	0.268	1.953	0.549	0.313	0.200	4.705	-16963.879
825	16	500	500	0.5126	0.274	0.259	0.277	0.257	0.292	0.333	0.301	0.366	0.385	0.273	0.340	0.284	0.288	0.314	0.284	0.259	0.298	0.247	0.266	0.283	0.320	0.311	0.332	0.291	0.363	0.284	0.296	0.232	0.332	0.269	2.002	0.453	0.227	0.198	1.914	-16645.170
826	16	500	500	0.5019	0.308	0.255	0.385	0.287	0.283	0.281	0.285	0.344	0.341	0.300	0.295	0.322	0.339	0.362	0.306	0.311	0.325	0.354	0.386	0.301	0.287	0.302	0.250	0.407	0.289	0.391	0.303	0.278	0.305	0.313	2.031	0.536	0.326	0.187	2.542	-17199.018
827	16	500	500	0.5009	0.286	0.283	0.315	0.242	0.307	0.384	0.299	0.296	0.279	0.302	0.346	0.269	0.258	0.353	0.281	0.291	0.375	0.420	0.297	0.290	0.269	0.287	0.270	0.337	0.322	0.335	0.304	0.329	0.251	0.324	1.943	0.592	0.278	0.195	5.183	-16873.798
828	16	500	499	0.5287	0.281	0.282	0.302	0.375	0.300	0.283	0.316	0.330	0.299	0.318	0.262	0.229	0.346	0.346	0.249	0.304	0.289	0.231	0.318	0.354	0.314	0.317	0.249	0.211	0.304	0.294	0.294	0.303	0.279	0.324	1.929	0.570	0.285	0.194	3.422	-16732.788
829	16	500	500	0.4982	0.310	0.273	0.340	0.284	0.344	0.292	0.300	0.328	0.307	0.328	0.290	0.360	0.313	0.299	0.307	0.255	0.279	0.352	0.309	0.298	0.332	0.295	0.340	0.329	0.325	0.338	0.296	0.243	0.318	0.341	2.035	0.572	0.303	0.215	5.674	-17163.244
830	16	500	500	0.5200	0.217	0.237	0.218	0.310	0.335	0.288	0.296	0.261	0.270	0.329	0.323	0.286	0.278	0.281	0.327	0.246	0.300	0.294	0.286	0.256	0.250	0.284	0.327	0.379	0.246	0.304	0.278	0.258	0.292	0.268	1.889	0.580	0.231	0.206	3.199	-16494.595
831	16	500	500	0.5195	0.364	0.311	0.336	0.262	0.312	0.230	0.265	0.284	0.257	0.285	0.338	0.295	0.321	0.282	0.303	0.344	0.344	0.237	0.297	0.289	0.291	0.349	0.311	0.262	0.342	0.221	0.331	0.309	0.310	0.272	1.973	0.531	0.244	0.197	2.682	-16622.912
832	16	500	500	0.5130	0.289	0.310	0.314	0.255	0.284	0.284	0.278	0.246	0.255	0.319	0.318	0.302	0.340	0.338	0.347	0.320	0.284	0.287	0.337	0.273	0.291	0.273	0.396	0.284	0.285	0.285	0.325	0.354	0.368	0.282	1.958	0.513	0.236	0.191	1.979	-16865.645
833	16	500	500	0.5152	0.319	0.301	0.253	0.298	0.315	0.286	0.344	0.294	0.314	0.245	0.291	0.374	0.308	0.306	0.339	0.313	0.209	0.316	0.267	0.349	0.271	0.311	0.245	0.362	0.368	0.248	0.299	0.282	0.274	0.275	2.080	0.604	0.305	0.205	3.691	-16738.983
834	16	500	500	0.5264	0.303	0.253	0.260	0.398	0.282	0.348	0.285	0.262	0.292	0.279	0.283	0.315	0.313	0.281	0.285	0.331	0.267	0.246	0.347	0.297	0.370	0.292	0.293	0.263	0.333	0.316	0.267	0.309	0.318	0.275	2.020	0.649	0.295	0.188	10.126	-16529.397
835	16	500	498	0.5086	0.198	0.303	0.304	0.289	0.289	0.309	0.254	0.342	0.272	0.326	0.278	0.299	0.292	0.330	0.301	0.264	0.347	0.236	0.298	0.341	0.291	0.281	0.317	0.354	0.338	0.250	0.313	0.305	0.291	0.300	1.986	0.578	0.267	0.189	2.820	-16695.792
836	16	500	500	0.5143	0.304	0.334	0.344	0.216	0.342	0.234	0.280	0.270	0.237	0.314	0.332	0.212	0.291	0.289	0.342	0.316	0.302	0.231	0.353	0.305	0.291	0.365	0.285	0.356	0.293	0.241	0.259	0.300	0.283	0.312	1.950	0.541	0.233	0.216	1.855	-16716.723
837	16	500	500	0.5211	0.292	0.213	0.328	0.349	0.269	0.304	0.344	0.327	0.247	0.279	0.265	0.255	0.229	0.297	0.308	0.319	0.315	0.315	0.254	0.326	0.231	0.262	0.312	0.352	0.275	0.337	0.272	0.344	0.296	0.266	1.986	0.550	0.219	0.205	2.483	-16506.035
838	16	500	500	0.5277	0.277	0.249	0.303	0.290	0.317	0.262	0.228	0.279	0.343	0.271	0.291	0.256	0.347	0.275	0.264	0.362	0.355	0.271	0.267	0.347	0.355	0.282	0.300	0.246	0.295	0.297	0.365	0.233	0.289	0.351	1.969	0.604	0.256	0.202	5.171	-16582.375
839	16	500	500	0.4984	0.272	0.293	0.281	0.335	0.274	0.261	0.290	0.297	0.304	0.271	0.287	0.263	0.360	0.283	0.246	0.313	0.332	0.347	0.280	0.297	0.242	0.307	0.316	0.299	0.385	0.266	0.281	0.309	0.342	0.251	2.019	0.611	0.301	0.195	4.809	-16579.866
840	16	500	499	0.5117	0.245	0.282	0.338	0.234	0.306	0.313	0.343	0.325	0.319	0.279	0.347	0.286	0.313	0.282	0.274	0.238	0.256	0.254	0.352	0.335	0.305	0.290	0.334	0.338	0.212	0.331	0.319	0.337	0.407	0.308	2.109	0.391	0.212	0.194	1.211	-17002.066
841	16	500	500	0.5208	0.306	0.247	0.289	0.289	0.289	0.293	0.254	0.306	0.295	0.297	0.301	0.312	0.330	0.369	0.267	0.277	0.365	0.324	0.282	0.246	0.253	0.305	0.310	0.231	0.291	0.304	0.335	0.289	0.233	0.282	2.021	0.394	0.211	0.180	1.000	-16541.820
842	16	500	500	0.5212	0.300	0.250	0.361	0.579	0.292	0.325	0.293	0.348	0.267	0.328	0.300	0.299	0.288	0.321	0.284	0.305	0.322	0.342	0.293	0.307	0.282	0.287	0.322	0.280	0.421	0.313	0.290	0.310	0.266	0.334	1.988	0.626	0.344	0.194	37.363	-17130.164
843	16	500	500	0.5003	0.291	0.281	0.300	0.320	0.308	0.346	0.323	0.311	0.354	0.226	0.358	0.248	0.341	0.305	0.285	0.313	0.241	0.260	0.317	0.313	0.281	0.294	0.339	0.247	0.321	0.338	0.302	0.304	0.318	0.274	1.999	0.640	0.321	0.213	15.228	-16804.715
844	16	500	500	0.5140	0.314	0.282	0.285	0.294	0.295	0.335	0.336	0.293	0.307	0.308	0.315	0.300	0.292	0.272	0.337	0.264	0.369	0.246	0.239	0.308	0.299	0.313	0.280	0.257	0.295	0.341	0.253	0.294	0.285	0.281	2.055	0.562	0.310	0.185	2.965	-16805.852
845	16	500	500	0.5255	0.357	0.301	0.342	0.346	0.312	0.305	0.339	0.240	0.318	0.253	0.324	0.310	0.280	0.332	0.256	0.263	0.314	0.290	0.292	0.335	0.369	0.321	0.376	0.247	0.282	0.321	0.294	0.321	0.315	0.321	1.894	0.546	0.334	0.199	7.333	-17254.481
846	16	500	500	0.5109	0.260	0.393	0.324	0.299	0.286	0.274	0.317	0.327	0.263	0.258	0.302	0.333	0.323	0.293	0.292	0.296	0.293	0.248	0.277	0.320	0.363	0.277	0.363	0.316	0.271	0.315	0.296	0.301	0.334	0.289	2.190	0.636	0.344	0.225	11.662	-16999.033
847	16	500	500	0.5254	0.300	0.289	0.347	0.209	0.340	0.303	0.361	0.316	0.293	0.347	0.317	0.298	0.326	0.356	0.261	0.316	0.279	0.417	0.269	0.294	0.352	0.329	0.298	0.311	0.275	0.283	0.259	0.327	0.211	0.311	1.974	0.563	0.266	0.187	3.393	-16848.380
848	16	500	500	0.5154	0.282	0.218	0.297	0.368	0.222	0.314	0.329	0.286	0.289	0.315	0.263	0.345	0.222	0.318	0.331	0.247	0.375	0.299	0.224	0.330	0.310	0.273	0.309	0.304	0.272	0.313	0.263	0.344	0.300	0.297	2.088	0.601	0.306	0.192	6.319	-16547.232
849	16	500	499	0.5035	0.270	0.286	0.306	0.248	0.289	0.313	0.254	0.287	0.193	0.326	0.257	0.309	0.332	0.320	0.307	0.336	0.313	0.290	0.290	0.221	0.341	0.269	0.349	0.225	0.337	0.318	0.263	0.330	0.279	0.308	1.994	0.577	0.290	0.193	4.390	-16421.640
850	16	500	498	0.5177	0.310	0.287	0.329	0.334	0.257	0.352	0.262	0.312	0.257	0.337	0.329	0.320	0.326	0.251	0.355	0.274	0.300	0.328	0.288	0.295	0.248	0.360	0.297	0.232	0.287	0.345	0.289	0.297	0.337	0.325	2.060	0.570	0.330	0.202	3.079	-17023.136
851	16	500	500	0.5295	0.328	0.321	0.399	0.325	0.342	0.253	0.315	0.352	0.233	0.369	0.297	0.316	0.269	0.345	0.257	0.297	0.264	0.284	0.279	0.265	0.229	0.313	0.274	0.244	0.261	0.271	0.258	0.283	0.291	0.299	1.955	0.663	0.305	0.190	31.611	-16424.373
852	16	500	500	0.5158	0.304	0.292	0.288	0.314	0.299	0.269	0.246	0.295	0.259	0.278	0.330	0.266	0.393	0.289	0.307	0.261	0.287	0.336	0.287	0.280	0.333	0.299	0.306	0.252	0.321	0.292	0.325	0.272	0.269	0.307	1.857	0.628	0.316	0.216	10.079	-16828.153
853	16	500	500	0.5013	0.293	0.316	0.336	0.345	0.362	0.348	0.318	0.306	0.300	0.288	0.248	0.300	0.330	0.309	0.324	0.318	0.307	0.372	0.258	0.317	0.285	0.355	0.317	0.329	0.342	0.287	0.248	0.282	0.344	0.356	2.111	0.569	0.368	0.170	8.732	-17039.586
854	16	500	500	0.5053	0.310	0.304	0.327	0.317	0.276	0.189	0.408	0.290	0.311	0.349	0.298	0.352	0.300	0.328	0.252	0.293	0.278	0.248	0.300	0.320	0.323	0.269	0.295	0.298	0.281	0.300	0.300	0.278	0.290	0.264	1.965	0.590	0.303	0.208	6.329	-16860.473
855	16	500	500	0.4910	0.282	0.313	0.290	0.339	0.310	0.356	0.224	0.346	0.298	0.349	0.316	0.273	0.317	0.260	0.280	0.263	0.286	0.362	0.317	0.313	0.360	0.274	0.299	0.290	0.307	0.295	0.291	0.282	0.317	0.281	2.020	0.605	0.325	0.219	4.977	-17001.364
856	16	500	500	0.5039	0.319	0.291	0.305	0.433	0.282	0.316	0.279	0.273	0.318	0.389	0.315	0.316	0.373	0.266	0.312	0.313	0.288	0.320	0.256	0.312	0.253	0.277	0.314	0.281	0.295	0.279	0.273	0.261	0.271	0.303	2.051	0.601	0.281	0.187	10.094	-16578.654
857	16	500	500	0.5074	0.269	0.296	0.241	0.273	0.286	0.261	0.257	0.298	0.309	0.246	0.273	0.291	0.271	0.295	0.276	0.308	0.337	0.341	0.313	0.316	0.227	0.266	0.272	0.290	0.224	0.275	0.260	0.313	0.267	0.286	1.983	0.660	0.245	0.198	4.418	-16037.278
858	16	500	500	0.5098	0.275	0.304	0.297	0.320	0.293	0.296	0.222	0.292	0.289	0.235	0.321	0.241	0.343	0.283	0.306	0.318	0.271	0.350	0.335	0.333	0.271	0.310	0.290	0.358	0.288	0.301	0.302	0.264	0.287	0.355	1.888	0.578	0.292	0.202	4.800	-16863.798
859	16	500	498	0.5010	0.321	0.269	0.282	0.270	0.304	0.293	0.289	0.319	0.327	0.324	0.241	0.295	0.267	0.320	0.260	0.307	0.304	0.303	0.328	0.292	0.298	0.225	0.313	0.220	0.377	0.306	0.282	0.307	0.228	0.361	2.061	0.626	0.280	0.204	3.823	-16640.349
860	16	500	500	0.5190	0.323	0.288	0.289	0.252	0.293	0.284	0.326	0.262	0.266	0.320	0.315	0.289	0.332	0.376	0.281	0.301	0.330	0.230	0.274	0.290	0.283	0.278	0.287	0.269	0.291	0.326	0.335	0.237	0.265	0.340	1.987	0.466	0.214	0.206	1.000	-16743.673
861	16	500	500	0.5250	0.295	0.282	0.326	0.290	0.321	0.275	0.314	0.265	0.350	0.284	0.305	0.295	0.330	0.262	0.314	0.278	0.158	0.383	0.282	0.299	0.338	0.326	0.273	0.353	0.312	0.322	0.345	0.291	0.314	0.260	2.004	0.563	0.309	0.195	3.016	-16878.242
862	16	500	500	0.5051	0.335	0.337	0.334	0.319	0.295	0.297	0.316	0.267	0.385	0.298	0.332	0.248	0.294	0.345	0.321	0.308	0.267	0.294	0.267	0.268	0.279	0.321	0.286	0.291	0.275	0.323	0.303	0.297	0.335	0.300	2.051	0.667	0.312	0.223	15.193	-16894.505
863	16	500	499	0.5074	0.321	0.255	0.253	0.284	0.334	0.312	0.305	0.332	0.304	0.287	0.271	0.272	0.252	0.248	0.319	0.252	0.308	0.321	0.291	0.296	0.313	0.325	0.298	0.362	0.251	0.282	0.288	0.259	0.339	0.254	2.055	0.646	0.321	0.190	21.360	-16389.224
864	16	500	500	0.5104	0.292	0.294	0.262	0.256	0.267	0.353	0.320	0.263	0.274	0.297	0.290	0.249	0.311	0.309	0.248	0.290	0.294	0.282	0.306	0.277	0.284	0.261	0.328	0.343	0.274	0.318	0.303	0.332	0.310	0.312	1.971	0.599	0.341	0.203	8.904	-16737.682
865	16	500	499	0.5092	0.311	0.313	0.273	0.252	0.319	0.269	0.262	0.314	0.333	0.281	0.309	0.281	0.307	0.228	0.333	0.253	0.338	0.283	0.332	0.263	0.322	0.309	0.322	0.243	0.304	0.324	0.284	0.321	0.250	0.279	1.972	0.595	0.283	0.207	3.981	-16618.278
866	16	500	500	0.5174	0.319	0.310	0.228	0.269	0.277	0.303	0.280	0.309	0.261	0.310	0.341	0.285	0.320	0.285	0.314	0.287	0.409	0.281	0.268	0.276	0.253	0.332	0.276	0.234	0.306	0.285	0.267	0.222	0.251	0.249	1.966	0.606	0.292	0.206	4.703	-16426.992
867	16	500	499	0.4917	0.288	0.323	0.311	0.268	0.314	0.331	0.385	0.281	0.240	0.308	0.267	0.339	0.304	0.307	0.278	0.292	0.257	0.282	0.256	0.290	0.347	0.334	0.287	0.304	0.287	0.291	0.355	0.320	0.261	0.333	1.993	0.624	0.314	0.190	9.938	-16683.103
868	16	500	500	0.5092	0.303	0.308	0.299	0.249	0.333	0.305	0.317	0.287	0.244	0.236	0.294	0.314	0.294	0.252	0.278	0.269	0.295	0.380	0.319	0.305	0.260	0.328	0.278	0.372	0.316	0.314	0.271	0.297	0.309	0.339	2.107	0.615	0.314	0.197	6.174	-16667.757
869	16	500	499	0.5087	0.319	0.337	0.307	0.283	0.318	0.295	0.335	0.332	0.273	0.236	0.358	0.277	0.278	0.306	0.296	0.320	0.323	0.243	0.305	0.345	0.321	0.292	0.273	0.289	0.309	0.303	0.220	0.290	0.338	0.286	1.910	0.566	0.314	0.209	6.507	-16910.512
870	16	500	500	0.4928	0.270	0.363	0.362	0.309	0.354	0.293	0.323	0.263	0.327	0.306	0.277	0.269	0.272	0.332	0.310	0.345	0.347	0.321	0.266	0.329	0.326	0.302	0.263	0.270	0.262	0.286	0.312	0.224	0.353	0.309	1.964	0.585	0.324	0.194	8.662	-16871.687
871	16	500	499	0.5138	0.324	0.228	0.307	0.254	0.322	0.325	0.289	0.251	0.288	0.338	0.293	0.287	0.311	0.295	0.304	0.282	0.336	0.270	0.297	0.245	0.333	0.276	0.262	0.245	0.286	0.295	0.281	0.363	0.308	0.299	1.951	0.553	0.309	0.198	4.090	-16665.276
872	16	500	500	0.5085	0.316	0.218	0.294	0.395	0.327	0.359	0.260	0.306	0.356	0.285	0.313	0.255	0.328	0.335	0.250	0.347	0.337	0.292	0.240	0.369	0.348	0.310	0.346	0.235	0.251	0.342	0.322	0.347	0.343	0.300	1.895	0.536	0.353	0.200	14.983	-17199.485
873	16	500	499	0.4963	0.281	0.307	0.338	0.309	0.289	0.304	0.274	0.344	0.298	0.341	0.255	0.342	0.248	0.329	0.313	0.269	0.313	0.364	0.312	0.312	0.251	0.250	0.297	0.304	0.307	0.314	0.237	0.277	0.280	0.288	2.011	0.554	0.318	0.200	2.203	-16801.314
874	16	500	500	0.5208	0.328	0.293	0.305	0.240	0.348	0.301	0.268	0.317	0.247	0.339	0.305	0.255	0.307	0.313	0.233	0.252	0.262	0.283	0.319	0.309	0.311	0.294	0.292	0.267	0.265	0.280	0.350	0.253	0.318	0.339	2.077	0.643	0.316	0.194	4.820	-16679.768
875	16	500	498	0.4944	0.257	0.285	0.303	0.258	0.317	0.361	0.333	0.291	0.336	0.314	0.277	0.296	0.263	0.302	0.257	0.249	0.309	0.293	0.279	0.257	0.301	0.318	0.294	0.282	0.232	0.361	0.288	0.255	0.380	0.288	2.030	0.352	0.205	0.185	2.064	-16616.426
876	16	500	500	0.5225	0.326	0.256	0.279	0.222	0.305	0.304	0.282	0.333	0.367	0.363	0.344	0.257	0.279	0.349	0.377	0.278	0.313	0.332	0.293	0.328	0.272	0.274	0.299	0.303	0.311	0.297	0.287	0.316	0.338	0.309	2.058	0.559	0.322	0.198	3.165	-16988.744
877	16	500	500	0.5147	0.299	0.226	0.289	0.277	0.304	0.340	0.302	0.296	0.373	0.347	0.324	0.272	0.332	0.321	0.283	0.303	0.287	0.305	0.347	0.300	0.274	0.307	0.302	0.227	0.254	0.308	0.301	0.333	0.318	0.291	2.035	0.623	0.311	0.208	8.187	-16907.763
878	16	500	500	0.5290	0.324	0.331	0.249	0.306	0.293	0.274	0.311	0.290	0.284	0.324	0.281	0.289	0.287	0.294	0.288	0.283	0.305	0.300	0.275	0.349	0.230	0.251	0.275	0.248	0.290	0.334	0.279	0.279	0.304	0.283	2.000	0.637	0.297	0.205	6.842	-16556.191
879	16	500	500	0.4929	0.283	0.322	0.243	0.333	0.270	0.313	0.277	0.292	0.292	0.320	0.294	0.271	0.251	0.280	0.311	0.306	0.302	0.254	0.296	0.272	0.351	0.320	0.295	0.270	0.318	0.291	0.305	0.283	0.257	0.302	1.971	0.563	0.309	0.193	6.977	-16532.761
880	16	500	500	0.5190	0.317	0.276	0.331	0.260	0.275	0.320	0.300	0.293	0.253	0.263	0.296	0.279	0.286	0.309	0.333	0.284	0.324	0.287	0.262	0.275	0.321	0.369	0.353	0.249	0.299	0.335	0.315	0.341	0.310	0.363	2.067	0.614	0.286	0.189	3.845	-16712.796
881	16	500	498	0.5072	0.330	0.270	0.293	0.259	0.274	0.244	0.285	0.312	0.236	0.277	0.354	0.247	0.301	0.313	0.312	0.358	0.251	0.300	0.263	0.289	0.252	0.306	0.322	0.331	0.227	0.288	0.274	0.288	0.271	0.299	2.040	0.579	0.270	0.197	2.601	-16342.953
882	16	500	500	0.5117	0.349	0.307	0.393	0.353	0.352	0.329	0.288	0.275	0.314	0.250	0.398	0.300	0.334	0.314	0.259	0.279	0.279	0.326	0.315	0.244	0.313	0.346	0.270	0.330	0.259	0.265	0.368	0.286	0.310	0.305	2.107	0.572	0.352	0.182	4.956	-16943.423
883	16	500	499	0.5043	0.275	0.275	0.295	0.286	0.255	0.285	0.302	0.315	0.312	0.255	0.249	0.288	0.316	0.275	0.305	0.297	0.373	0.269	0.307	0.267	0.335	0.301	0.270	0.383	0.336	0.307	0.318	0.286	0.293	0.349	2.018	0.566	0.307	0.203	4.030	-16762.084
884	16	500	500	0.5148	0.284	0.238	0.280	0.278	0.313	0.223	0.325	0.268	0.313	0.247	0.312	0.300	0.323	0.309	0.324	0.204	0.271	0.273	0.264	0.305	0.274	0.274	0.357	0.356	0.284	0.252	0.305	0.279	0.270	0.319	2.049	0.644	0.280	0.192	11.788	-16382.974
885	16	500	500	0.5205	0.339	0.284	0.324	0.231	0.278	0.332	0.249	0.260	0.332	0.331	0.267	0.275	0.256	0.300	0.333	0.330	0.243	0.265	0.291	0.351	0.311	0.294	0.275	0.191	0.299	0.308	0.320	0.229	0.276	0.279	1.963	0.537	0.243	0.207	1.000	-16362.542
886	16	500	500	0.5167	0.326	0.234	0.229	0.322	0.285	0.327	0.270	0.295	0.324	0.304	0.279	0.295	0.265	0.290	0.327	0.291	0.325	0.264	0.303	0.259	0.271	0.265	0.263	0.274	0.252	0.215	0.341	0.328	0.277	0.349	1.870	0.619	0.291	0.186	10.013	-16211.454
887	16	500	500	0.5113	0.317	0.210	0.262	0.316	0.260	0.230	0.294	0.256	0.299	0.286	0.313	0.252	0.329	0.313	0.354	0.249	0.348	0.344	0.324	0.266	0.259	0.312	0.292	0.347	0.252	0.324	0.282	0.263	0.290	0.303	1.967	0.587	0.260	0.201	7.051	-16516.904
888	16	500	500	0.5091	0.283	0.321	0.217	0.310	0.300	0.347	0.303	0.319	0.308	0.301	0.325	0.265	0.251	0.282	0.317	0.354	0.413	0.349	0.330	0.338	0.279	0.245	0.290	0.158	0.369	0.277	0.356	0.284	0.337	0.242	2.006	0.579	0.266	0.191	7.650	-16756.786
889	16	500	500	0.5038	0.225	0.259	0.274	0.291	0.373	0.362	0.305	0.310	0.305	0.251	0.304	0.284	0.301	0.292	0.269	0.256	0.222	0.288	0.265	0.294	0.364	0.262	0.311	0.343	0.275	0.292	0.282	0.341	0.305	0.360	1.838	0.564	0.268	0.197	3.234	-16732.153
890	16	500	498	0.5204	0.384	0.296	0.302	0.325	0.283	0.293	0.287	0.244	0.217	0.316	0.313	0.278	0.367	0.284	0.245	0.302	0.295	0.327	0.301	0.260	0.269	0.324	0.309	0.305	0.273	0.265	0.313	0.298	0.238	0.269	2.060	0.536	0.252	0.181	2.076	-16380.923
891	16	500	500	0.5152	0.342	0.296	0.321	0.266	0.291	0.335	0.322	0.308	0.268	0.316	0.339	0.312	0.358	0.291	0.268	0.295	0.288	0.270	0.397	0.305	0.294	0.323	0.315	0.358	0.343	0.305	0.327	0.301	0.258	0.340	2.047	0.582	0.336	0.185	1.000	-17108.515
892	16	500	500	0.4903	0.324	0.262	0.298	0.356	0.335	0.313	0.263	0.363	0.288	0.306	0.323	0.289	0.265	0.271	0.306	0.306	0.312	0.304	0.298	0.263	0.238	0.308	0.282	0.322	0.257	0.330	0.324	0.328	0.261	0.328	1.954	0.582	0.342	0.212	5.453	-16957.057
893	16	500	499	0.5215	0.328	0.312	0.268	0.303	0.282	0.386	0.287	0.262	0.349	0.315	0.330	0.282	0.270	0.302	0.288	0.344	0.278	0.319	0.300	0.283	0.306	0.311	0.319	0.363	0.286	0.327	0.291	0.321	0.377	0.265	1.980	0.600	0.288	0.210	6.894	-16944.554
894	16	500	499	0.5174	0.349	0.406	0.218	0.393	0.261	0.326	0.263	0.348	0.284	0.297	0.251	0.260	0.247	0.336	0.369	0.333	0.298	0.250	0.315	0.348	0.307	0.275	0.352	0.313	0.344	0.335	0.284	0.253	0.328	0.311	1.931	0.650	0.283	0.203	8.004	-16924.653
895	16	500	500	0.5109	0.285	0.262	0.373	0.277	0.269	0.293	0.328	0.297	0.301	0.235	0.318	0.364	0.273	0.313	0.297	0.296	0.295	0.353	0.288	0.332	0.287	0.338	0.279	0.339	0.347	0.330	0.228	0.305	0.290	0.327	2.082	0.534	0.243	0.203	3.704	-16921.064
896	16	500	499	0.5158	0.398	0.268	0.320	0.240	0.279	0.350	0.235	0.311	0.310	0.336	0.295	0.330	0.307	0.322	0.303	0.373	0.265	0.350	0.313	0.205	0.241	0.336	0.300	0.302	0.268	0.317	0.292	0.317	0.318	0.291	2.079	0.603	0.306	0.199	4.571	-16690.542
897	16	500	500	0.5060	0.331	0.375	0.234	0.253	0.324	0.329	0.297	0.317	0.273	0.305	0.277	0.256	0.259	0.299	0.314	0.282	0.295	0.374	0.279	0.307	0.231	0.340	0.332	0.256	0.301	0.306	0.286	0.283	0.297	0.329	2.121	0.610	0.281	0.195	5.551	-16617.699
898	16	500	500	0.5095	0.331	0.298	0.242	0.306	0.300	0.348	0.267	0.274	0.255	0.335	0.272	0.283	0.307	0.249	0.367	0.335	0.275	0.308	0.366	0.359	0.292	0.337	0.315	0.346	0.260	0.296	0.266	0.333	0.272	0.323	2.045	0.564	0.322	0.190	2.586	-16871.617
899	16	500	499	0.5180	0.297	0.287	0.329	0.282	0.279	0.299	0.305	0.295	0.231	0.314	0.294	0.364	0.373	0.364	0.268	0.294	0.303	0.334	0.294	0.319	0.321	0.266	0.362	0.314	0.296	0.267	0.314	0.301	0.322	0.272	2.033	0.595	0.307	0.198	2.301	-17022.535
900	16	500	500	0.4953	0.326	0.309	0.258	0.281	0.264	0.379	0.324	0.303	0.279	0.268	0.256	0.381	0.343	0.252	0.270	0.287	0.234	0.313	0.262	0.275	0.317	0.251	0.362	0.326	0.318	0.324	0.300	0.349	0.274	0.307	1.914	0.474	0.251	0.201	2.764	-16848.313
901	16	500	500	0.5219	0.256	0.258	0.318	0.347	0.306	0.305	0.361	0.306	0.330	0.316	0.269	0.346	0.225	0.286	0.284	0.309	0.226	0.278	0.365	0.368	0.286	0.316	0.289	0.332	0.297	0.324	0.350	0.288	0.303	0.324	2.071	0.549	0.317	0.189	5.888	-17094.100
902	16	500	500	0.5206	0.311	0.234	0.293	0.334	0.319	0.259	0.303	0.276	0.307	0.287	0.280	0.293	0.337	0.274	0.288	0.239	0.291	0.291	0.294	0.319	0.230	0.295	0.321	0.272	0.257	0.304	0.302	0.309	0.303	0.282	1.894	0.525	0.278	0.206	3.686	-16774.114
903	16	500	500	0.5052	0.358	0.214	0.325	0.289	0.325	0.317	0.322	0.317	0.353	0.303	0.348	0.305	0.386	0.333	0.283	0.337	0.329	0.279	0.280	0.272	0.279	0.318	0.255	0.256	0.325	0.274	0.320	0.333	0.312	0.317	2.060	0.572	0.295	0.201	4.902	-16956.535
904	16	500	500	0.5195	0.307	0.322	0.330	0.326	0.270	0.317	0.346	0.239	0.259	0.246	0.255	0.274	0.317	0.245	0.360	0.361	0.274	0.295	0.253	0.274	0.326	0.303	0.338	0.268	0.258	0.310	0.295	0.326	0.269	0.287	2.050	0.638	0.302	0.208	7.757	-16610.289
905	16	500	500	0.4992	0.335	0.318	0.247	0.329	0.326	0.342	0.323	0.296	0.194	0.410	0.356	0.279	0.291	0.281	0.280	0.340	0.258	0.293	0.266	0.319	0.242	0.325	0.297	0.314	0.307	0.317	0.311	0.304	0.278	0.303	2.008	0.663	0.312	0.212	9.285	-16888.671
906	16	500	500	0.5097	0.270	0.267	0.310	0.267	0.325	0.299	0.309	0.337	0.238	0.255	0.299	0.267	0.305	0.326	0.257	0.336	0.348	0.250	0.322	0.308	0.332	0.268	0.234	0.300	0.304	0.344	0.263	0.330	0.334	0.243	1.979	0.663	0.304	0.196	6.649	-16551.726
907	16	500	500	0.5177	0.276	0.226	0.358	0.305	0.292	0.283	0.266	0.342	0.333	0.290	0.265	0.339	0.373	0.318	0.280	0.275	0.309	0.298	0.298	0.284	0.336	0.302	0.292	0.364	0.341	0.354	0.294	0.277	0.304	0.272	1.945	0.616	0.276	0.194	7.705	-16942.256
908	16	500	500	0.5107	0.275	0.286	0.248	0.268	0.290	0.306	0.275	0.358	0.365	0.294	0.287	0.402	0.350	0.309	0.313	0.327	0.326	0.324	0.229	0.296	0.355	0.290	0.327	0.354	0.340	0.330	0.289	0.297	0.281	0.237	2.069	0.494	0.277	0.204	2.637	-16990.745
909	16	500	500	0.5057	0.306	0.297	0.327	0.432	0.317	0.290	0.347	0.271	0.200	0.279	0.222	0.345	0.295	0.327	0.251	0.288	0.283	0.257	0.218	0.338	0.315	0.259	0.306	0.239	0.305	0.317	0.292	0.299	0.258	0.315	1.959	0.670	0.290	0.208	24.526	-16555.532
910	16	500	498	0.5051	0.288	0.272	0.335	0.286	0.320	0.346	0.268	0.307	0.281	0.269	0.321	0.229	0.252	0.317	0.317	0.296	0.361	0.296	0.314	0.277	0.314	0.300	0.307	0.224	0.325	0.325	0.234	0.184	0.266	0.259	2.050	0.555	0.266	0.190	15.086	-16333.788
911	16	500	500	0.5290	0.380	0.246	0.291	0.249	0.322	0.307	0.348	0.281	0.339	0.233	0.315	0.344	0.326	0.347	0.317	0.310	0.306	0.242	0.326	0.243	0.323	0.316	0.284	0.277	0.327	0.237	0.245	0.284	0.286	0.281	1.970	0.551	0.277	0.197	4.097	-16726.466
912	16	500	500	0.5253	0.292	0.321	0.248	0.289	0.303	0.305	0.292	0.275	0.299	0.248	0.355	0.213	0.310	0.291	0.271	0.289	0.299	0.223	0.283	0.311	0.376	0.309	0.283	0.251	0.331	0.288	0.276	0.291	0.330	0.258	1.960	0.498	0.203	0.200	2.867	-16408.298
913	16	500	500	0.5126	0.269	0.326	0.281	0.273	0.264	0.277	0.293	0.302	0.318	0.378	0.358	0.317	0.333	0.352	0.252	0.322	0.316	0.226	0.290	0.352	0.330	0.279	0.359	0.318	0.277	0.322	0.260	0.266	0.304	0.247	2.030	0.531	0.269	0.208	2.339	-16834.462
914	16	500	500	0.5197	0.312	0.256	0.269	0.367	0.297	0.293	0.290	0.329	0.364	0.232	0.320	0.336	0.307	0.278	0.285	0.329	0.300	0.228	0.306	0.291	0.322	0.346	0.336	0.310	0.257	0.324	0.294	0.330	0.297	0.274	1.946	0.604	0.296	0.230	5.839	-17064.849
915	16	500	500	0.5151	0.289	0.285	0.307	0.262	0.298	0.332	0.313	0.276	0.302	0.307	0.282	0.357	0.287	0.334	0.299	0.306	0.272	0.207	0.263	0.333	0.280	0.298	0.282	0.255	0.405	0.370	0.257	0.275	0.337	0.259	1.973	0.606	0.292	0.207	4.220	-16803.692
916	16	500	499	0.5350	0.332	0.324	0.294	0.273	0.332	0.322	0.308	0.309	0.337	0.297	0.318	0.290	0.326	0.318	0.342	0.340	0.262	0.267	0.306	0.294	0.342	0.299	0.311	0.297	0.292	0.290	0.286	0.268	0.270	0.264	1.964	0.599	0.309	0.208	4.965	-16992.103
917	16	500	500	0.5285	0.288	0.244	0.286	0.260	0.365	0.293	0.282	0.319	0.336	0.326	0.291	0.285	0.331	0.330	0.275	0.247	0.294	0.268	0.280	0.308	0.289	0.301	0.296	0.319	0.238	0.232	0.308	0.334	0.338	0.299	2.073	0.540	0.260	0.203	3.943	-16723.267
918	16	500	498	0.4983	0.295	0.353	0.318	0.305	0.277	0.205	0.287	0.286	0.305	0.330	0.316	0.335	0.301	0.297	0.333	0.302	0.328	0.312	0.279	0.347	0.256	0.329	0.328	0.258	0.272	0.277	0.331	0.370	0.287	0.263	1.934	0.589	0.325	0.191	8.868	-16861.768
919	16	500	499	0.5077	0.274	0.298	0.359	0.384	0.240	0.187	0.307	0.387	0.258	0.302	0.254	0.258	0.330	0.308	0.309	0.270	0.313	0.282	0.280	0.311	0.304	0.347	0.289	0.294	0.321	0.303	0.327	0.230	0.364	0.313	1.969	0.614	0.324	0.193	13.507	-16697.804
920	16	500	500	0.5045	0.330	0.296	0.364	0.292	0.300	0.316	0.340	0.293	0.352	0.283	0.283	0.313	0.362	0.296	0.320	0.317	0.302	0.301	0.307	0.228	0.324	0.270	0.311	0.262	0.265	0.305	0.267	0.331	0.293	0.275	2.029	0.573	0.242	0.182	3.961	-16585.463
921	16	500	500	0.5168	0.349	0.294	0.255	0.344	0.303	0.374	0.304	0.285	0.284	0.299	0.372	0.325	0.292	0.284	0.292	0.314	0.340	0.295	0.300	0.289	0.339	0.361	0.322	0.235	0.303	0.327	0.304	0.256	0.279	0.279	2.147	0.537	0.338	0.184	1.532	-17074.083
922	16	500	500	0.5240	0.320	0.346	0.264	0.345	0.299	0.295	0.285	0.291	0.303	0.295	0.308	0.244	0.297	0.243	0.361	0.300	0.309	0.315	0.314	0.342	0.275	0.228	0.259	0.294	0.297	0.361	0.267	0.233	0.297	0.374	2.045	0.582	0.291	0.186	3.831	-16590.574
923	16	500	500	0.5171	0.292	0.254	0.308	0.566	0.285	0.325	0.310	0.300	0.280	0.303	0.314	0.337	0.303	0.291	0.289	0.275	0.290	0.324	0.265	0.287	0.302	0.277	0.313	0.288	0.260	0.332	0.319	0.327	0.281	0.282	2.033	0.623	0.315	0.196	22.560	-16814.881
924	16	500	500	0.5093	0.367	0.320	0.314	0.270	0.293	0.293	0.385	0.307	0.282	0.340	0.332	0.298	0.284	0.324	0.282	0.276	0.319	0.277	0.360	0.324	0.301	0.353	0.269	0.325	0.322	0.269	0.357	0.280	0.351	0.234	2.087	0.396	0.219	0.196	1.123	-17074.068
925	16	500	498	0.5161	0.326	0.287	0.301	0.423	0.267	0.234	0.342	0.272	0.318	0.307	0.317	0.314	0.306	0.323	0.311	0.314	0.263	0.263	0.247	0.296	0.295	0.280	0.230	0.331	0.327	0.350	0.324	0.299	0.295	0.313	2.055	0.630	0.305	0.192	13.773	-16614.821
926	16	500	500	0.4913	0.291	0.320	0.274	0.296	0.307	0.369	0.353	0.273	0.337	0.322	0.252	0.335	0.327	0.283	0.352	0.347	0.283	0.344	0.291	0.271	0.263	0.287	0.311	0.250	0.284	0.288	0.268	0.314	0.376	0.263	2.050	0.621	0.293	0.199	4.910	-16733.072
927	16	500	500	0.5175	0.337	0.343	0.287	0.294	0.295	0.289	0.305	0.288	0.296	0.334	0.237	0.343	0.264	0.333	0.215	0.371	0.251	0.337	0.340	0.221	0.283	0.290	0.301	0.363	0.279	0.329	0.318	0.252	0.294	0.271	1.972	0.617	0.285	0.186	4.227	-16581.494
928	16	500	500	0.5123	0.286	0.250	0.271	0.310	0.339	0.364	0.299	0.292	0.343	0.301	0.265	0.320	0.240	0.294	0.347	0.260	0.304	0.322	0.313	0.267	0.246	0.300	0.272	0.246	0.323	0.259	0.295	0.322	0.301	0.286	2.197	0.614	0.282	0.192	7.065	-16393.674
929	16	500	500	0.5225	0.316	0.322	0.397	0.219	0.285	0.314	0.303	0.289	0.255	0.245	0.334	0.269	0.393	0.316	0.316	0.316	0.233	0.350	0.273	0.283	0.306	0.258	0.273	0.325	0.295	0.272	0.297	0.331	0.274	0.282	2.059	0.498	0.242	0.205	2.816	-16724.598
930	16	500	499	0.5021	0.355	0.227	0.270	0.335	0.292	0.313	0.316	0.309	0.277	0.303	0.355	0.332	0.227	0.308	0.338	0.319	0.304	0.296	0.301	0.265	0.326	0.330	0.326	0.268	0.297	0.327	0.297	0.311	0.232	0.278	2.059	0.576	0.302	0.181	8.474	-16702.390
931	16	500	500	0.5138	0.268	0.367	0.240	0.263	0.328	0.298	0.295	0.303	0.375	0.277	0.285	0.304	0.356	0.309	0.346	0.260	0.343	0.328	0.265	0.292	0.313	0.349	0.284	0.219	0.313	0.275	0.288	0.361	0.256	0.343	2.163	0.537	0.261	0.197	5.815	-16850.944
932	16	500	500	0.5035	0.253	0.356	0.287	0.297	0.297	0.342	0.260	0.301	0.273	0.253	0.306	0.352	0.261	0.310	0.327	0.296	0.242	0.366	0.362	0.306	0.248	0.262	0.375	0.353	0.302	0.257	0.305	0.355	0.360	0.286	2.048	0.591	0.292	0.193	4.940	-16932.790
933	16	500	500	0.5134	0.329	0.355	0.297	0.283	0.270	0.361	0.307	0.285	0.251	0.373	0.271	0.281	0.270	0.348	0.262	0.332	0.332	0.350	0.349	0.276	0.281	0.327	0.320	0.290	0.296	0.282	0.262	0.253	0.279	0.332	1.980	0.586	0.304	0.196	5.141	-16780.431
934	16	500	500	0.5057	0.362	0.258	0.277	0.283	0.321	0.331	0.308	0.300	0.246	0.305	0.335	0.351	0.396	0.288	0.311	0.373	0.312	0.320	0.294	0.357	0.346	0.339	0.312	0.308	0.310	0.344	0.271	0.291	0.298	0.336	1.882	0.539	0.297	0.205	3.409	-17386.801
935	16	500	500	0.5072	0.294	0.290	0.389	0.285	0.308	0.286	0.313	0.247	0.344	0.360	0.317	0.317	0.271	0.252	0.312	0.289	0.327	0.319	0.363	0.285	0.260	0.325	0.259	0.334	0.367	0.306	0.264	0.284	0.302	0.289	1.943	0.587	0.288	0.209	2.751	-16977.125
936	16	500	500	0.5267	0.334	0.275	0.362	0.255	0.277	0.314	0.312	0.355	0.265	0.325	0.273	0.332	0.258	0.291	0.302	0.282	0.340	0.257	0.347	0.268	0.300	0.309	0.293	0.342	0.290	0.278	0.291	0.256	0.317	0.306	1.985	0.613	0.346	0.196	6.338	-16816.304
937	16	500	500	0.5052	0.353	0.340	0.292	0.412	0.302	0.322	0.327	0.279	0.275	0.281	0.292	0.304	0.376	0.266	0.309	0.335	0.337	0.357	0.308	0.291	0.308	0.357	0.269	0.253	0.282	0.307	0.329	0.361	0.304	0.268	1.919	0.588	0.332	0.201	3.673	-17203.640
938	16	500	500	0.5234	0.291	0.264	0.306	0.292	0.287	0.377	0.291	0.335	0.338	0.317	0.262	0.248	0.280	0.262	0.337	0.328	0.297	0.270	0.307	0.326	0.313	0.274	0.359	0.231	0.313	0.327	0.276	0.254	0.281	0.286	2.023	0.504	0.227	0.195	1.990	-16716.792
939	16	500	500	0.4928	0.309	0.292	0.379	0.240	0.283	0.209	0.317	0.376	0.249	0.316	0.303	0.300	0.314	0.334	0.294	0.380	0.293	0.353	0.336	0.247	0.288	0.301	0.403	0.241	0.337	0.284	0.336	0.293	0.319	0.327	1.917	0.596	0.317	0.204	2.279	-17038.736
940	16	500	500	0.5140	0.318	0.245	0.342	0.306	0.295	0.353	0.325	0.334	0.335	0.318	0.270	0.323	0.299	0.288	0.263	0.291	0.264	0.287	0.353	0.355	0.364	0.292	0.317	0.351	0.330	0.331	0.233	0.247	0.300	0.345	2.002	0.601	0.350	0.210	9.397	-17162.682
941	16	500	499	0.5275	0.354	0.401	0.269	0.296	0.272	0.363	0.293	0.352	0.229	0.362	0.312	0.286	0.317	0.342	0.309	0.290	0.324	0.251	0.273	0.318	0.302	0.340	0.271	0.298	0.337	0.308	0.276	0.247	0.269	0.291	1.883	0.604	0.289	0.205	5.331	-17003.822
942	16	500	500	0.5019	0.292	0.367	0.360	0.311	0.318	0.273	0.305	0.255	0.335	0.261	0.328	0.318	0.298	0.310	0.291	0.318	0.256	0.316	0.278	0.307	0.313	0.256	0.283	0.317	0.253	0.297	0.285	0.334	0.281	0.314	1.970	0.560	0.302	0.210	4.039	-16814.825
943	16	500	500	0.5221	0.292	0.368	0.288	0.325	0.304	0.257	0.317	0.294	0.351	0.237	0.269	0.344	0.288	0.305	0.267	0.291	0.296	0.377	0.269	0.263	0.255	0.328	0.324	0.195	0.284	0.279	0.284	0.288	0.248	0.294	2.075	0.550	0.266	0.199	3.989	-16614.660
944	16	500	500	0.5110	0.295	0.290	0.359	0.254	0.305	0.335	0.316	0.246	0.340	0.263	0.285	0.295	0.279	0.331	0.290	0.311	0.258	0.292	0.303	0.285	0.298	0.278	0.291	0.278	0.244	0.266	0.326	0.277	0.276	0.348	2.109	0.565	0.306	0.197	3.495	-16726.244
945	16	500	498	0.5196	0.288	0.301	0.333	0.305	0.309	0.324	0.325	0.357	0.277	0.261	0.366	0.314	0.348	0.307	0.268	0.362	0.298	0.314	0.290	0.332	0.310	0.272	0.348	0.318	0.314	0.286	0.297	0.319	0.359	0.308	2.058	0.540	0.337	0.204	8.896	-17275.883
946	16	500	499	0.5255	0.288	0.289	0.275	0.332	0.354	0.327	0.339	0.349	0.303	0.316	0.281	0.216	0.320	0.322	0.301	0.294	0.311	0.317	0.363	0.320	0.291	0.322	0.250	0.287	0.309	0.262	0.302	0.326	0.270	0.273	2.045	0.591	0.278	0.193	3.885	-16796.682
947	16	500	499	0.5029	0.362	0.250	0.365	0.315	0.312	0.303	0.271	0.324	0.311	0.292	0.319	0.276	0.370	0.264	0.288	0.315	0.207	0.287	0.348	0.253	0.356	0.304	0.300	0.349	0.373	0.291	0.259	0.354	0.324	0.310	2.056	0.590	0.337	0.208	4.328	-17066.205
948	16	500	499	0.5195	0.303	0.290	0.363	0.262	0.360	0.275	0.305	0.325	0.339	0.329	0.283	0.357	0.275	0.291	0.378	0.322	0.362	0.299	0.253	0.303	0.297	0.291	0.266	0.272	0.289	0.282	0.313	0.301	0.314	0.236	2.012	0.569	0.266	0.198	3.456	-16887.574
949	16	500	500	0.5278	0.299	0.322	0.299	0.314	0.276	0.333	0.292	0.312	0.257	0.244	0.289	0.287	0.339	0.306	0.319	0.296	0.315	0.337	0.286	0.313	0.255	0.317	0.262	0.307	0.332	0.261	0.348	0.197	0.244	0.314	1.971	0.616	0.264	0.217	5.252	-16739.794
950	16	500	499	0.5102	0.293	0.218	0.329	0.265	0.333	0.301	0.288	0.289	0.398	0.284	0.293	0.300	0.305	0.256	0.342	0.317	0.304	0.264	0.231	0.244	0.295	0.329	0.284	0.246	0.273	0.300	0.252	0.276	0.277	0.309	2.008	0.563	0.248	0.204	3.670	-16467.633
951	16	500	499	0.5257	0.269	0.359	0.325	0.259	0.280	0.203	0.353	0.306	0.252	0.352	0.319	0.348	0.316	0.267	0.306	0.280	0.396	0.335	0.357	0.296	0.305	0.323	0.280	0.309	0.284	0.336	0.286	0.341	0.320	0.304	2.011	0.589	0.320	0.194	6.143	-17108.154
952	16	500	499	0.5061	0.265	0.317	0.315	0.296	0.330	0.344	0.329	0.262	0.280	0.241	0.364	0.276	0.342	0.283	0.333	0.245	0.362	0.276	0.270	0.348	0.284	0.338	0.243	0.347	0.297	0.355	0.259	0.269	0.274	0.314	2.144	0.581	0.291	0.196	3.600	-16672.198
953	16	500	500	0.5129	0.301	0.304	0.331	0.310	0.273	0.316	0.309	0.270	0.286	0.308	0.283	0.314	0.340	0.287	0.309	0.351	0.225	0.306	0.285	0.308	0.273	0.319	0.318	0.318	0.273	0.288	0.270	0.339	0.345	0.310	1.868	0.622	0.292	0.205	3.869	-16871.882
954	16	500	500	0.5161	0.353	0.342	0.299	0.322	0.299	0.328	0.293	0.289	0.313	0.295	0.306	0.285	0.317	0.308	0.296	0.338	0.288	0.319	0.298	0.271	0.250	0.337	0.207	0.308	0.255	0.295	0.313	0.287	0.302	0.344	1.882	0.586	0.308	0.196	5.189	-16814.028
955	16	500	500	0.5124	0.298	0.371	0.301	0.251	0.263	0.319	0.304	0.250	0.292	0.249	0.375	0.313	0.310	0.321	0.289	0.250	0.349	0.271	0.288	0.299	0.292	0.259	0.360	0.287	0.280	0.274	0.304	0.319	0.395	0.330	1.959	0.569	0.269	0.189	4.980	-16804.463
956	16	500	500	0.5030	0.305	0.284	0.313	0.364	0.349	0.272	0.266	0.380	0.275	0.282	0.338	0.325	0.318	0.350	0.299	0.336	0.379	0.292	0.340	0.276	0.235	0.365	0.286	0.282	0.336	0.303	0.257	0.330	0.322	0.292	2.073	0.539	0.292	0.193	5.710	-17158.689
957	16	500	500	0.5146	0.271	0.307	0.259	0.286	0.284	0.317	0.295	0.343	0.309	0.276	0.271	0.316	0.286	0.309	0.278	0.318	0.284	0.332	0.282	0.250	0.254	0.286	0.307	0.268	0.247	0.286	0.296	0.305	0.262	0.268	1.998	0.635	0.266	0.210	5.263	-16439.485
958	16	500	500	0.5202	0.333	0.299	0.270	0.331	0.301	0.352	0.293	0.275	0.314	0.331	0.202	0.386	0.263	0.344	0.320	0.313	0.361	0.240	0.306	0.253	0.338	0.319	0.313	0.314	0.338	0.360	0.298	0.267	0.351	0.266	1.942	0.551	0.305	0.205	9.512	-17165.318
959	16	500	500	0.5019	0.331	0.274	0.263	0.312	0.284	0.408	0.364	0.319	0.276	0.270	0.270	0.384	0.418	0.325	0.248	0.247	0.276	0.286	0.309	0.320	0.253	0.353	0.322	0.381	0.348	0.351	0.281	0.288	0.343	0.288	2.069	0.501	0.300	0.197	1.692	-17222.160
960	16	500	500	0.5244	0.264	0.295	0.249	0.283	0.327	0.303	0.309	0.262	0.279	0.304	0.303	0.221	0.254	0.286	0.325	0.268	0.296	0.362	0.307	0.301	0.286	0.295	0.349	0.321	0.277	0.263	0.324	0.264	0.358	0.245	1.963	0.536	0.265	0.202	2.823	-16821.003
961	16	500	500	0.5186	0.281	0.299	0.311	0.353	0.331	0.286	0.305	0.263	0.308	0.277	0.289	0.333	0.338	0.279	0.339	0.255	0.311	0.354	0.340	0.342	0.265	0.301	0.302	0.262	0.284	0.322	0.276	0.285	0.337	0.344	2.056	0.563	0.289	0.205	4.455	-17091.238
962	16	500	500	0.5177	0.291	0.332	0.352	0.216	0.367	0.266	0.346	0.334	0.329	0.277	0.293	0.329	0.236	0.314	0.335	0.268	0.355	0.184	0.276	0.352	0.301	0.308	0.248	0.368	0.323	0.254	0.334	0.316	0.272	0.335	1.956	0.391	0.186	0.207	1.000	-16991.758
963	16	500	500	0.5206	0.356	0.308	0.291	0.298	0.298	0.327	0.274	0.345	0.300	0.283	0.347	0.314	0.366	0.354	0.254	0.300	0.335	0.368	0.354	0.231	0.315	0.322	0.294	0.379	0.272	0.332	0.278	0.371	0.291	0.332	2.062	0.617	0.349	0.206	7.465	-17309.146
964	16	500	500	0.5175	0.351	0.322	0.286	0.333	0.309	0.298	0.331	0.318	0.383	0.284	0.294	0.342	0.429	0.297	0.293	0.311	0.329	0.303	0.281	0.286	0.274	0.321	0.308	0.341	0.273	0.290	0.305	0.321	0.299	0.301	2.063	0.628	0.349	0.208	18.693	-17186.933
965	16	500	499	0.5000	0.299	0.355	0.309	0.359	0.278	0.344	0.279	0.271	0.314	0.364	0.280	0.282	0.294	0.311	0.320	0.270	0.330	0.303	0.325	0.315	0.305	0.320	0.310	0.266	0.305	0.328	0.346	0.290	0.274	0.295	2.112	0.602	0.339	0.207	8.409	-17002.539
966	16	500	500	0.5158	0.271	0.292	0.333	0.305	0.353	0.216	0.366	0.297	0.257	0.297	0.295	0.260	0.222	0.289	0.323	0.262	0.300	0.293	0.265	0.297	0.252	0.309	0.286	0.328	0.244	0.324	0.254	0.330	0.317	0.265	1.999	0.637	0.255	0.214	7.757	-16598.827
967	16	500	500	0.5039	0.285	0.285	0.306	0.247	0.337	0.265	0.305	0.269	0.332	0.296	0.282	0.318	0.268	0.316	0.303	0.279	0.291	0.348	0.282	0.288	0.286	0.255	0.337	0.330	0.300	0.291	0.277	0.291	0.337	0.309	1.927	0.637	0.320	0.189	5.421	-16737.664
968	16	500	499	0.5201	0.340	0.436	0.340	0.269	0.324	0.281	0.352	0.269	0.228	0.319	0.359	0.314	0.363	0.346	0.273	0.337	0.302	0.292	0.342	0.294	0.278	0.322	0.309	0.300	0.296	0.312	0.310	0.334	0.307	0.313	1.995	0.565	0.360	0.197	5.463	-17305.125
969	16	500	500	0.5255	0.334	0.429	0.239	0.312	0.296	0.292	0.328	0.329	0.294	0.338	0.246	0.300	0.316	0.291	0.304	0.311	0.344	0.298	0.294	0.326	0.290	0.292	0.342	0.217	0.336	0.340	0.301	0.309	0.358	0.319	2.036	0.592	0.305	0.195	6.695	-17045.520
970	16	500	500	0.5088	0.241	0.430	0.247	0.295	0.291	0.316	0.326	0.365	0.382	0.331	0.291	0.291	0.247	0.318	0.270	0.281	0.342	0.365	0.232	0.302	0.324	0.237	0.331	0.290	0.297	0.315	0.355	0.281	0.288	0.318	2.079	0.597	0.308	0.200	2.726	-16909.829
971	16	500	500	0.5161	0.296	0.348	0.310	0.291	0.304	0.313	0.257	0.321	0.283	0.289	0.259	0.324	0.245	0.290	0.268	0.228	0.299	0.336	0.315	0.328	0.275	0.334	0.300	0.276	0.335	0.300	0.328	0.316	0.322	0.288	1.996	0.621	0.298	0.199	8.180	-16775.873
972	16	500	499	0.4995	0.252	0.311	0.339	0.311	0.287	0.231	0.302	0.298	0.304	0.369	0.283	0.318	0.239	0.329	0.276	0.290	0.298	0.246	0.291	0.347	0.310	0.323	0.306	0.344	0.203	0.291	0.319	0.334	0.323	0.306	2.023	0.622	0.322	0.200	3.346	-16790.170
973	16	500	499	0.4941	0.280	0.290	0.308	0.245	0.287	0.296	0.273	0.358	0.322	0.294	0.288	0.291	0.336	0.329	0.252	0.240	0.312	0.289	0.318	0.292	0.254	0.287	0.281	0.294	0.252	0.277	0.302	0.338	0.246	0.357	1.940	0.527	0.282	0.198	2.991	-16661.201
974	16	500	500	0.5174	0.296	0.327	0.370	0.266	0.285	0.313	0.249	0.325	0.300	0.347	0.363	0.261	0.291	0.285	0.295	0.250	0.308	0.329	0.267	0.311	0.262	0.318	0.329	0.320	0.271	0.258	0.338	0.337	0.284	0.300	1.947	0.594	0.304	0.208	5.389	-16963.732
975	16	500	499	0.5008	0.341	0.253	0.292	0.243	0.322	0.256	0.238	0.326	0.299	0.281	0.311	0.353	0.335	0.365	0.319	0.336	0.262	0.267	0.275	0.332	0.301	0.343	0.323	0.330	0.362	0.318	0.282	0.284	0.304	0.281	1.956	0.622	0.285	0.203	6.267	-16811.527
976	16	500	500	0.5301	0.290	0.286	0.266	0.318	0.275	0.215	0.274	0.340	0.235	0.250	0.334	0.312	0.291	0.297	0.264	0.275	0.252	0.257	0.312	0.284	0.239	0.253	0.316	0.319	0.295	0.297	0.280	0.321	0.301	0.343	1.923	0.530	0.285	0.215	4.870	-16749.748
977	16	500	500	0.5137	0.288	0.339	0.292	0.285	0.267	0.326	0.298	0.291	0.243	0.343	0.323	0.252	0.270	0.296	0.231	0.311	0.295	0.213	0.331	0.339	0.315	0.279	0.323	0.336	0.378	0.294	0.281	0.253	0.308	0.339	1.987	0.600	0.281	0.204	3.831	-16725.940
978	16	500	500	0.5170	0.270	0.315	0.308	0.368	0.273	0.278	0.370	0.285	0.293	0.277	0.307	0.307	0.292	0.359	0.276	0.345	0.369	0.298	0.312	0.231	0.286	0.276	0.264	0.208	0.306	0.313	0.308	0.313	0.375	0.310	1.820	0.599	0.286	0.193	3.824	-16960.061
979	16	500	500	0.5156	0.344	0.284	0.292	0.295	0.323	0.264	0.288	0.342	0.370	0.320	0.288	0.337	0.260	0.299	0.300	0.275	0.355	0.341	0.293	0.354	0.357	0.361	0.305	0.311	0.273	0.380	0.306	0.262	0.306	0.248	1.984	0.361	0.184	0.197	1.000	-17073.549
980	16	500	500	0.5272	0.290	0.297	0.276	0.332	0.304	0.300	0.305	0.306	0.277	0.307	0.326	0.276	0.252	0.352	0.280	0.344	0.290	0.326	0.317	0.361	0.247	0.322	0.287	0.338	0.319	0.334	0.286	0.314	0.314	0.384	2.084	0.623	0.314	0.209	3.659	-17156.907
981	16	500	500	0.5260	0.267	0.348	0.282	0.269	0.282	0.277	0.237	0.320	0.279	0.285	0.301	0.290	0.330	0.288	0.323	0.343	0.241	0.307	0.333	0.267	0.301	0.283	0.288	0.393	0.254	0.239	0.288	0.262	0.321	0.274	1.934	0.584	0.273	0.186	2.020	-16524.785
982	16	500	500	0.5281	0.293	0.304	0.331	0.244	0.338	0.305	0.300	0.295	0.343	0.334	0.283	0.292	0.312	0.263	0.286	0.327	0.263	0.297	0.272	0.335	0.328	0.325	0.343	0.335	0.285	0.270	0.282	0.320	0.304	0.284	1.933	0.582	0.301	0.205	3.223	-16949.938
983	16	500	500	0.5032	0.245	0.307	0.293	0.360	0.293	0.379	0.316	0.302	0.379	0.299	0.315	0.269	0.310	0.369	0.234	0.260	0.260	0.274	0.258	0.365	0.349	0.324	0.290	0.337	0.274	0.286	0.326	0.286	0.282	0.320	1.974	0.626	0.301	0.200	4.757	-16797.190
984	16	500	500	0.5077	0.257	0.314	0.301	0.233	0.339	0.325	0.282	0.305	0.287	0.319	0.314	0.285	0.243	0.305	0.297	0.240	0.304	0.265	0.329	0.347	0.247	0.257	0.295	0.316	0.301	0.349	0.310	0.269	0.311	0.318	1.917	0.588	0.269	0.206	2.301	-16770.788
985	16	500	499	0.5333	0.304	0.396	0.319	0.313	0.307	0.312	0.310	0.283	0.239	0.306	0.367	0.299	0.310	0.279	0.314	0.297	0.250	0.272	0.301	0.307	0.312	0.350	0.281	0.323	0.341	0.292	0.329	0.216	0.299	0.343	1.938	0.561	0.316	0.202	6.756	-17110.697
986	16	500	500	0.5072	0.308	0.246	0.311	0.326	0.336	0.250	0.304	0.279	0.337	0.299	0.274	0.328	0.330	0.285	0.280	0.396	0.306	0.300	0.285	0.313	0.359	0.321	0.375	0.297	0.254	0.329	0.320	0.328	0.291	0.248	1.983	0.620	0.336	0.197	16.802	-16940.298
987	16	500	499	0.5088	0.335	0.279	0.320	0.299	0.274	0.294	0.345	0.318	0.278	0.270	0.321	0.309	0.287	0.255	0.299	0.371	0.221	0.309	0.338	0.316	0.293	0.318	0.298	0.359	0.363	0.330	0.224	0.260	0.268	0.289	1.937	0.547	0.269	0.195	2.751	-16805.153
988	16	500	499	0.5052	0.276	0.383	0.301	0.282	0.280	0.329	0.368	0.326	0.321	0.226	0.256	0.268	0.312	0.328	0.323	0.297	0.310	0.325	0.322	0.274	0.292	0.315	0.346	0.325	0.265	0.351	0.319	0.284	0.317	0.261	2.053	0.573	0.310	0.209	5.457	-17062.300
989	16	500	500	0.5067	0.257	0.276	0.325	0.324	0.299	0.326	0.276	0.286	0.269	0.284	0.310	0.307	0.337	0.239	0.240	0.292	0.331	0.333	0.302	0.255	0.264	0.341	0.268	0.238	0.325	0.330	0.265	0.313	0.287	0.279	1.961	0.616	0.269	0.202	6.977	-16559.676
990	16	500	498	0.5148	0.292	0.258	0.312	0.313	0.352	0.306	0.304	0.330	0.279	0.303	0.332	0.303	0.324	0.284	0.329	0.339	0.220	0.327	0.289	0.312	0.337	0.333	0.268	0.371	0.377	0.296	0.301	0.360	0.353	0.330	2.039	0.553	0.375	0.203	6.158	-17389.686
991	16	500	499	0.5131	0.320	0.321	0.237	0.312	0.337	0.330	0.302	0.282	0.199	0.351	0.287	0.349	0.269	0.347	0.325	0.287	0.277	0.330	0.357	0.277	0.318	0.326	0.249	0.307	0.209	0.336	0.294	0.322	0.293	0.302	2.027	0.580	0.295	0.201	5.000	-16869.426
992	16	500	500	0.5085	0.267	0.368	0.333	0.347	0.312	0.318	0.309	0.322	0.377	0.330	0.290	0.326	0.317	0.290	0.297	0.343	0.265	0.318	0.343	0.234	0.385	0.271	0.335	0.318	0.348	0.357	0.270	0.287	0.400	0.285	2.016	0.608	0.347	0.198	7.227	-17216.339
993	16	500	497	0.5257	0.314	0.324	0.227	0.317	0.301	0.319	0.297	0.250	0.264	0.270	0.311	0.287	0.233	0.272	0.289	0.270	0.237	0.271	0.320	0.247	0.238	0.303	0.244	0.337	0.297	0.301	0.244	0.343	0.272	0.249	1.947	0.623	0.260	0.200	3.436	-16180.598
994	16	500	500	0.5129	0.261	0.278	0.315	0.276	0.273	0.270	0.295	0.338	0.294	0.379	0.280	0.281	0.333	0.265	0.335	0.332	0.271	0.298	0.292	0.301	0.297	0.260	0.349	0.324	0.357	0.333	0.349	0.271	0.311	0.351	2.040	0.647	0.301	0.200	6.686	-16838.577
995	16	500	500	0.5101	0.320	0.329	0.246	0.308	0.341	0.368	0.323	0.286	0.215	0.338	0.289	0.319	0.309	0.293	0.331	0.320	0.281	0.282	0.265	0.288	0.314	0.306	0.333	0.381	0.336	0.318	0.286	0.250	0.283	0.386	2.070	0.577	0.298	0.197	4.393	-16913.431
996	16	500	500	0.5131	0.374	0.316	0.338	0.255	0.282	0.255	0.276	0.283	0.326	0.268	0.292	0.270	0.383	0.358	0.324	0.334	0.293	0.291	0.334	0.238	0.335	0.344	0.281	0.243	0.363	0.328	0.293	0.269	0.283	0.293	2.053	0.598	0.325	0.207	5.247	-16970.223
997	16	500	500	0.5101	0.326	0.311	0.328	0.269	0.288	0.348	0.354	0.296	0.346	0.298	0.298	0.296	0.283	0.286	0.309	0.304	0.285	0.257	0.347	0.275	0.299	0.269	0.327	0.330	0.276	0.284	0.245	0.359	0.346	0.230	2.066	0.505	0.298	0.194	4.276	-16869.047
998	16	500	499	0.5072	0.250	0.301	0.394	0.296	0.288	0.312	0.327	0.399	0.337	0.326	0.352	0.308	0.285	0.325	0.320	0.285	0.326	0.308	0.277	0.344	0.310	0.324	0.327	0.313	0.274	0.329	0.318	0.333	0.344	0.283	1.971	0.510	0.317	0.195	4.799	-17429.015
999	16	500	500	0.5080	0.298	0.305	0.266	0.281	0.291	0.298	0.320	0.280	0.235	0.311	0.323	0.311	0.282	0.312	0.284	0.261	0.216	0.317	0.272	0.290	0.309	0.270	0.356	0.284	0.272	0.308	0.301	0.335	0.285	0.309	1.991	0.603	0.293	0.190	4.356	-16526.513
1000	16	500	500	0.5443	0.214	0.326	0.307	0.363	0.300	0.300	0.313	0.295	0.271	0.276	0.275	0.292	0.270	0.277	0.261	0.304	0.286	0.334	0.316	0.339	0.286	0.282	0.289	0.274	0.276	0.226	0.313	0.295	0.329	0.294	1.925	0.654	0.319	0.197	17.531	-16684.895
