1	16	500	499	0.5291	0.242	0.339	0.306	0.320	0.305	0.313	0.278	0.354	0.327	0.263	0.272	0.292	0.288	0.302	0.326	0.327	0.335	0.354	0.297	0.310	0.254	0.276	0.359	0.306	0.262	0.286	0.300	0.304	0.262	0.278	2.020	0.652	0.336	0.210	17.164	-16808.357
2	16	500	500	0.5134	0.343	0.389	0.205	0.297	0.313	0.330	0.256	0.332	0.345	0.246	0.301	0.293	0.369	0.279	0.280	0.304	0.320	0.262	0.339	0.322	0.249	0.329	0.224	0.218	0.315	0.286	0.243	0.308	0.308	0.272	2.102	0.460	0.219	0.191	1.000	-16522.091
3	16	500	500	0.5205	0.298	0.293	0.236	0.342	0.310	0.320	0.289	0.281	0.280	0.285	0.344	0.314	0.295	0.298	0.306	0.278	0.311	0.348	0.292	0.297	0.263	0.316	0.306	0.286	0.328	0.295	0.252	0.353	0.337	0.244	2.027	0.585	0.240	0.193	1.706	-16650.470
4	16	500	500	0.5063	0.293	0.315	0.298	0.328	0.293	0.323	0.276	0.315	0.347	0.246	0.289	0.263	0.260	0.294	0.284	0.297	0.268	0.440	0.276	0.307	0.281	0.274	0.284	0.308	0.272	0.314	0.261	0.307	0.311	0.296	1.965	0.701	0.299	0.207	1.000	-16643.917
5	16	500	500	0.5158	0.340	0.278	0.271	0.380	0.297	0.323	0.334	0.303	0.374	0.292	0.336	0.351	0.305	0.276	0.346	0.347	0.272	0.376	0.284	0.311	0.298	0.274	0.301	0.276	0.246	0.304	0.263	0.312	0.272	0.271	2.008	0.659	0.331	0.203	17.764	-16920.144
6	16	500	500	0.5146	0.283	0.316	0.206	0.336	0.305	0.289	0.326	0.285	0.353	0.317	0.318	0.356	0.319	0.260	0.355	0.282	0.413	0.295	0.304	0.271	0.322	0.341	0.315	0.305	0.272	0.324	0.302	0.312	0.266	0.328	2.186	0.641	0.359	0.194	13.454	-16967.610
7	16	500	500	0.4902	0.292	0.239	0.300	0.290	0.250	0.327	0.343	0.309	0.336	0.306	0.363	0.319	0.288	0.274	0.286	0.265	0.318	0.274	0.313	0.295	0.299	0.336	0.310	0.284	0.296	0.299	0.304	0.255	0.274	0.332	1.993	0.590	0.302	0.190	1.848	-16630.624
8	16	500	500	0.5163	0.301	0.304	0.271	0.348	0.336	0.260	0.331	0.266	0.351	0.338	0.322	0.285	0.316	0.299	0.251	0.303	0.260	0.273	0.296	0.278	0.324	0.239	0.306	0.321	0.351	0.247	0.316	0.287	0.266	0.363	1.937	0.652	0.281	0.208	1.831	-16783.693
9	16	500	500	0.5054	0.267	0.319	0.363	0.272	0.336	0.328	0.301	0.336	0.256	0.274	0.297	0.325	0.282	0.343	0.294	0.348	0.315	0.226	0.336	0.291	0.291	0.333	0.305	0.275	0.295	0.314	0.265	0.308	0.256	0.330	2.047	0.611	0.311	0.185	1.000	-16760.961
10	16	500	500	0.5161	0.266	0.353	0.284	0.245	0.276	0.238	0.318	0.333	0.271	0.270	0.306	0.300	0.272	0.365	0.393	0.250	0.290	0.257	0.264	0.385	0.344	0.338	0.288	0.262	0.356	0.238	0.312	0.296	0.307	0.271	2.101	0.558	0.278	0.193	1.000	-16756.431
11	16	500	498	0.5317	0.313	0.300	0.371	0.247	0.299	0.262	0.340	0.291	0.281	0.282	0.279	0.309	0.360	0.241	0.292	0.258	0.324	0.316	0.283	0.358	0.298	0.296	0.345	0.291	0.366	0.318	0.297	0.310	0.294	0.276	1.978	0.639	0.353	0.204	4.379	-16950.241
12	16	500	500	0.5329	0.290	0.243	0.287	0.263	0.251	0.301	0.293	0.297	0.277	0.251	0.329	0.305	0.262	0.340	0.248	0.266	0.257	0.287	0.265	0.284	0.271	0.280	0.268	0.292	0.242	0.266	0.256	0.294	0.271	0.297	1.945	0.685	0.252	0.204	2.528	-16132.542
13	16	500	499	0.5201	0.253	0.249	0.320	0.378	0.240	0.310	0.284	0.275	0.254	0.278	0.284	0.290	0.258	0.303	0.292	0.251	0.282	0.260	0.304	0.308	0.299	0.291	0.279	0.293	0.257	0.272	0.266	0.338	0.315	0.224	2.115	0.695	0.269	0.211	5.272	-16320.213
14	16	500	500	0.5163	0.319	0.371	0.290	0.272	0.290	0.338	0.282	0.316	0.300	0.245	0.292	0.288	0.240	0.299	0.296	0.272	0.347	0.224	0.326	0.299	0.270	0.323	0.242	0.216	0.281	0.291	0.277	0.304	0.315	0.317	2.001	0.501	0.232	0.201	1.000	-16496.660
15	16	500	500	0.5246	0.356	0.336	0.309	0.277	0.349	0.259	0.324	0.288	0.325	0.293	0.350	0.282	0.300	0.311	0.358	0.286	0.391	0.275	0.360	0.329	0.333	0.291	0.308	0.301	0.335	0.257	0.347	0.283	0.359	0.372	1.992	0.532	0.316	0.195	1.584	-17436.427
16	16	500	500	0.5174	0.286	0.314	0.269	8.822	0.292	0.312	0.281	0.306	0.292	0.321	0.220	0.355	0.330	0.332	0.307	0.281	0.232	0.290	0.329	0.271	0.274	0.295	0.245	0.349	0.255	0.345	0.321	0.330	0.194	0.357	2.000	0.692	0.281	0.196	998.987	-16583.671
17	16	500	500	0.5002	0.287	0.298	0.411	0.177	0.375	0.303	0.300	0.289	0.257	0.332	0.304	0.297	0.288	0.308	0.278	0.255	0.318	0.271	0.262	0.264	0.313	0.251	0.313	0.255	0.292	0.280	0.312	0.343	0.333	0.249	1.914	0.504	0.228	0.191	951.082	-16534.425
18	16	500	500	0.5065	0.244	0.420	0.290	0.323	0.281	0.340	0.346	0.289	0.279	0.356	0.285	0.274	0.263	0.256	0.324	0.447	0.261	0.308	0.328	0.297	0.288	0.320	0.332	0.282	0.301	0.371	0.328	0.353	0.314	0.266	2.064	0.559	0.306	0.183	5.055	-16981.276
19	16	500	500	0.5260	0.278	0.298	0.359	0.287	0.348	0.272	0.300	0.259	0.265	0.280	0.279	0.273	0.241	0.261	0.357	0.289	0.342	0.322	0.273	0.272	0.289	0.290	0.303	0.324	0.316	0.265	0.302	0.287	0.313	0.313	1.979	0.627	0.282	0.215	3.565	-16698.493
20	16	500	500	0.5305	0.005	0.332	0.331	0.264	0.351	0.291	0.315	0.351	0.234	0.329	0.361	0.378	0.303	0.338	0.296	0.684	0.361	0.274	0.285	0.339	0.369	0.316	0.275	0.283	0.321	0.272	0.301	0.275	0.276	0.316	2.034	0.582	0.337	0.214	1.000	-17430.732
21	16	500	500	0.5286	0.297	0.313	0.339	0.287	0.270	0.251	0.252	0.343	0.263	0.304	0.295	0.258	0.294	0.281	0.228	0.344	0.333	0.307	0.270	0.231	0.320	0.272	0.289	0.298	0.315	0.328	0.305	0.332	0.257	0.316	1.915	0.524	0.256	0.201	1.000	-16673.438
22	16	500	500	0.5248	0.259	0.305	0.258	0.256	0.347	0.303	0.268	0.338	0.302	0.295	0.249	0.303	0.278	0.238	0.333	0.274	0.288	0.278	0.264	0.336	0.322	0.257	0.264	0.269	0.295	0.345	0.350	0.254	0.292	0.276	1.998	0.592	0.282	0.194	1.119	-16560.888
23	16	500	500	0.5155	0.302	0.337	0.236	0.318	0.311	0.214	0.321	0.272	0.256	0.252	0.315	0.300	0.342	0.303	0.301	0.275	0.279	0.258	0.317	0.306	0.362	0.276	0.282	0.283	0.275	0.343	0.300	0.253	0.290	0.319	2.027	0.551	0.281	0.202	1.297	-16650.387
24	16	500	499	0.5090	0.259	0.328	0.247	0.276	0.323	0.266	0.264	0.310	0.299	0.316	0.218	0.278	0.307	0.264	0.340	0.290	0.303	0.327	0.337	0.286	0.256	0.233	0.303	0.251	0.315	0.285	0.293	0.301	0.296	0.225	1.981	0.671	0.254	0.193	1.000	-16234.631
25	16	500	499	0.5062	0.229	0.322	0.296	0.296	0.269	0.296	0.252	0.305	0.277	0.266	0.315	0.236	0.325	0.342	0.360	0.254	0.282	0.324	0.295	0.259	0.369	0.269	0.324	0.270	0.285	0.347	0.308	0.283	0.259	0.322	2.189	0.631	0.322	0.208	1.263	-16659.810
26	16	500	500	0.5039	0.226	0.340	0.286	0.263	0.289	0.261	0.329	0.286	0.334	0.323	0.315	0.278	0.306	0.292	0.311	0.301	0.313	0.265	0.232	0.326	0.262	0.319	0.316	0.378	0.296	0.334	0.268	0.278	0.277	0.288	1.996	0.641	0.286	0.202	3.565	-16657.212
27	16	500	500	0.5364	0.271	0.294	0.339	0.296	0.285	0.261	0.302	0.245	0.306	0.289	0.338	0.272	0.369	0.281	0.346	0.316	0.335	0.410	0.308	0.288	0.253	0.285	0.337	0.347	0.310	0.287	0.318	0.285	0.274	0.345	2.086	0.453	0.241	0.198	1.000	-17029.251
28	16	500	500	0.5257	0.340	0.247	0.276	0.269	0.316	0.319	0.285	0.310	0.323	0.248	0.338	0.302	0.269	0.281	0.354	0.288	0.305	0.317	0.257	0.318	0.322	0.287	0.292	0.300	0.339	0.310	0.289	0.281	0.284	0.281	1.964	0.648	0.313	0.214	2.565	-16936.898
29	16	500	499	0.5139	0.352	0.379	0.276	0.285	0.288	0.333	0.317	0.355	0.290	0.306	0.253	0.315	0.281	0.261	0.343	0.357	0.338	0.307	0.307	0.347	0.320	0.344	0.331	0.283	0.340	0.279	0.387	0.280	0.310	0.284	2.019	0.644	0.331	0.167	7.685	-16733.011
30	16	500	500	0.5210	0.345	0.342	0.308	0.286	0.322	0.300	0.297	0.285	0.256	0.369	0.261	0.336	0.282	0.275	0.217	0.356	0.233	0.269	0.277	0.314	0.317	0.299	0.298	0.241	0.342	0.296	0.298	0.309	0.220	0.307	1.981	0.675	0.297	0.203	6.637	-16604.969
31	16	500	500	0.5248	0.317	0.266	0.255	0.315	0.311	0.390	0.284	0.335	0.325	0.198	0.333	0.282	0.278	0.320	0.293	0.317	0.282	0.291	0.318	0.288	0.292	0.281	0.297	0.283	0.386	0.311	0.277	0.269	0.270	0.313	1.917	0.687	0.313	0.203	1.300	-16798.743
32	16	500	500	0.5014	0.324	0.287	0.299	0.304	0.289	0.355	0.274	0.334	0.328	0.255	0.296	0.347	0.343	0.324	0.335	0.316	0.326	0.263	0.306	0.285	0.242	0.316	0.348	0.306	0.301	0.343	0.256	0.303	0.361	0.357	2.103	0.645	0.346	0.188	11.852	-17062.533
33	16	500	499	0.5230	0.366	0.412	0.278	0.406	0.275	0.405	0.401	0.271	0.187	0.340	0.290	0.453	0.365	0.348	0.331	0.307	0.377	0.331	0.236	0.353	0.251	0.311	0.378	0.189	0.395	0.345	0.253	0.324	0.263	0.320	2.061	0.481	0.310	0.193	1.170	-17548.384
34	16	500	500	0.5147	0.300	0.229	0.382	0.273	0.279	0.251	0.274	0.281	0.273	0.329	0.280	0.280	0.273	0.322	0.305	0.314	0.351	0.332	0.236	0.303	0.349	0.294	0.311	0.245	0.209	0.293	0.341	0.297	0.247	0.277	1.962	0.614	0.289	0.194	1.760	-16404.917
35	16	500	500	0.5125	0.274	0.387	0.320	0.320	0.255	0.272	0.223	0.286	0.280	0.343	0.279	0.324	0.258	0.313	0.338	0.220	0.242	0.280	0.247	0.321	0.244	0.255	0.318	0.296	0.269	0.248	0.309	0.266	0.291	0.319	2.003	0.694	0.297	0.202	6.713	-16388.345
36	16	500	500	0.5187	0.270	0.192	0.264	0.313	0.320	0.266	0.279	0.281	0.352	0.323	0.278	0.283	0.285	0.287	0.304	0.259	0.234	0.264	0.313	0.307	0.278	0.284	0.309	0.340	0.302	0.346	0.235	0.333	0.280	0.330	1.896	0.712	0.288	0.223	6.267	-16647.117
37	16	500	500	0.5225	0.025	0.286	0.287	0.321	0.256	0.303	0.307	0.289	0.349	0.246	0.301	0.384	0.355	0.291	0.294	0.614	0.252	0.254	0.268	0.293	0.307	0.245	0.332	0.301	0.311	0.270	0.288	0.304	0.276	0.278	1.964	0.525	0.248	0.199	1.113	-16573.894
38	16	500	500	0.5240	0.299	0.253	0.328	0.315	0.291	0.302	0.302	0.284	0.315	0.281	0.289	0.327	0.347	0.384	0.264	0.386	0.286	0.255	0.311	0.290	0.320	0.239	0.215	0.254	0.367	0.337	0.287	0.331	0.272	0.310	2.096	0.557	0.310	0.191	1.000	-16828.055
39	16	500	500	0.5074	0.294	0.238	0.253	0.249	0.293	0.300	0.289	0.321	0.290	0.256	0.352	0.317	0.281	0.319	0.273	0.270	0.344	0.295	0.302	0.320	0.229	0.332	0.328	0.273	0.336	0.250	0.283	0.232	0.318	0.318	1.983	0.506	0.245	0.190	1.451	-16442.723
40	16	500	500	0.5130	0.285	0.283	0.294	0.357	0.264	0.278	0.242	0.339	0.294	0.279	0.300	0.295	0.268	0.229	0.295	0.274	0.273	0.333	0.317	0.254	0.273	0.312	0.282	0.271	0.258	0.293	0.331	0.271	0.337	0.322	1.943	0.674	0.290	0.186	6.735	-16454.801
41	16	500	500	0.5150	0.318	0.435	0.317	0.291	0.437	0.258	0.296	0.241	0.273	0.327	0.363	0.280	0.356	0.311	0.282	0.310	0.361	0.355	0.350	0.340	0.322	0.336	0.234	0.263	0.256	0.341	0.338	0.273	0.290	0.350	2.032	0.644	0.356	0.202	1.422	-17301.643
42	16	500	500	0.5224	0.344	0.288	0.331	0.315	0.322	0.284	0.322	0.314	0.343	0.336	0.311	0.277	0.281	0.362	0.278	0.319	0.341	0.325	0.326	0.264	0.336	0.279	0.277	0.280	0.259	0.283	0.304	0.309	0.323	0.294	1.991	0.585	0.345	0.198	1.000	-17056.968
43	16	500	499	0.5174	0.346	0.337	0.319	0.317	0.365	0.358	0.304	0.237	0.259	0.245	0.302	0.288	0.324	0.340	0.286	0.359	0.274	0.353	0.306	0.303	0.267	0.316	0.278	0.321	0.287	0.357	0.281	0.341	0.243	0.286	2.071	0.564	0.294	0.177	1.000	-16690.353
44	16	500	500	0.4993	0.311	0.281	0.249	0.354	0.294	0.325	0.273	0.338	0.250	0.303	0.306	0.324	0.274	0.294	0.278	0.239	0.299	0.271	0.311	0.236	0.372	0.311	0.238	0.289	0.251	0.322	0.294	0.266	0.320	0.269	1.919	0.669	0.313	0.209	8.987	-16580.317
45	16	500	498	0.5052	0.317	0.301	0.357	0.293	0.302	0.265	0.265	0.309	0.290	0.253	0.352	0.318	0.242	0.281	0.308	0.275	0.238	0.280	0.255	0.340	0.263	0.261	0.293	0.329	0.286	0.280	0.277	0.293	0.243	0.258	1.962	0.657	0.299	0.207	4.260	-16392.614
46	16	500	500	0.5150	0.332	0.271	0.256	0.291	0.294	0.320	0.301	0.309	0.344	0.300	0.291	0.321	0.273	0.288	0.258	0.317	0.290	0.293	0.278	0.294	0.237	0.272	0.323	0.218	0.305	0.238	0.303	0.245	0.271	0.257	1.997	0.535	0.245	0.211	1.487	-16513.085
47	16	500	500	0.5108	0.249	0.358	0.338	0.281	0.319	0.163	0.298	0.280	0.270	0.294	0.300	0.297	0.267	0.377	0.278	0.257	0.272	0.252	0.297	0.344	0.295	0.276	0.296	0.318	0.349	0.283	0.336	0.321	0.292	0.280	2.105	0.569	0.241	0.212	1.800	-16663.686
48	16	500	500	0.5128	0.254	0.351	0.258	4.013	0.272	0.310	0.387	0.265	0.324	0.282	0.300	0.289	0.288	0.309	0.268	0.403	0.229	0.348	0.304	0.222	0.314	0.247	0.321	0.312	0.308	0.362	0.263	0.298	0.327	0.289	1.949	0.635	0.358	0.211	999.000	-16924.117
49	16	500	500	0.5108	0.302	0.358	0.424	0.129	0.426	0.353	0.280	0.330	0.312	0.260	0.329	0.313	0.312	0.282	0.369	0.311	0.309	0.320	0.378	0.239	0.275	0.317	0.293	0.323	0.311	0.314	0.320	0.361	0.354	0.279	1.934	0.427	0.199	0.206	949.839	-17173.201
50	16	500	500	0.5154	0.330	0.263	0.313	0.282	0.327	0.372	0.302	0.368	0.256	0.349	0.328	0.331	0.286	0.238	0.296	0.225	0.327	0.261	0.333	0.282	0.276	0.295	0.325	0.314	0.327	0.275	0.209	0.271	0.264	0.323	1.820	0.462	0.227	0.195	1.000	-16780.933
51	16	500	500	0.5002	0.267	0.293	0.300	0.300	0.318	0.286	0.355	0.264	0.293	0.281	0.300	0.305	0.210	0.277	0.218	0.296	0.251	0.255	0.305	0.280	0.297	0.403	0.261	0.379	0.306	0.280	0.307	0.287	0.337	0.303	1.862	0.589	0.299	0.201	1.000	-16657.243
52	16	500	500	0.5100	0.258	0.288	0.310	0.331	0.329	0.226	0.297	0.342	0.274	0.263	0.298	0.246	0.276	0.277	0.275	0.287	0.308	0.321	0.283	0.329	0.240	0.314	0.286	0.291	0.276	0.254	0.301	0.292	0.324	0.293	2.002	0.692	0.279	0.212	10.149	-16443.864
53	16	500	500	0.5283	0.287	0.324	0.196	0.320	0.310	0.305	0.333	0.289	0.288	0.308	0.324	0.247	0.330	0.279	0.343	0.280	0.235	0.366	0.316	0.276	0.268	0.250	0.351	0.313	0.316	0.278	0.316	0.275	0.304	0.304	1.990	0.562	0.302	0.210	1.000	-16873.688
54	16	500	500	0.4981	0.319	0.293	0.277	0.280	0.294	0.276	0.316	0.318	0.308	0.241	0.245	0.373	0.324	0.260	0.311	0.335	0.256	0.241	0.252	0.294	0.348	0.295	0.257	0.184	0.256	0.320	0.350	0.298	0.296	0.308	1.978	0.579	0.219	0.213	1.130	-16465.564
55	16	500	500	0.5017	0.310	0.334	0.309	0.341	0.305	0.290	0.306	0.255	0.258	0.323	0.307	0.285	0.344	0.301	0.294	0.328	0.303	0.273	0.283	0.308	0.291	0.348	0.292	0.271	0.309	0.302	0.283	0.272	0.356	0.287	1.942	0.608	0.341	0.194	7.287	-16967.725
56	16	500	500	0.5084	0.000	0.295	0.254	0.342	0.311	0.275	0.263	0.325	0.270	0.292	0.283	0.324	0.273	0.274	0.237	0.626	0.250	0.272	0.291	0.318	0.363	0.312	0.271	0.314	0.302	0.285	0.306	0.240	0.246	0.316	1.944	0.680	0.320	0.187	34.554	-16398.103
57	16	500	500	0.4954	0.272	0.352	0.310	0.320	0.328	0.265	0.338	0.264	0.248	0.342	0.342	0.267	0.297	0.308	0.316	0.340	0.279	0.303	0.300	0.310	0.364	0.306	0.192	0.214	0.360	0.306	0.327	0.239	0.292	0.292	1.806	0.650	0.350	0.215	32.053	-16881.767
58	16	500	500	0.5063	0.312	0.314	0.278	0.314	0.293	0.287	0.299	0.266	0.249	0.303	0.277	0.313	0.267	0.273	0.305	0.250	0.292	0.247	0.282	0.281	0.263	0.280	0.267	0.237	0.262	0.294	0.277	0.391	0.248	0.281	1.844	0.739	0.261	0.201	32.996	-16259.485
59	16	500	500	0.5168	0.277	0.315	0.350	0.225	0.325	0.284	0.300	0.316	0.249	0.302	0.302	0.281	0.290	0.368	0.317	0.303	0.321	0.354	0.257	0.324	0.333	0.240	0.319	0.275	0.300	0.263	0.335	0.337	0.259	0.297	1.880	0.428	0.217	0.183	1.000	-16754.567
60	16	500	499	0.5187	0.320	0.283	0.251	0.298	0.281	0.335	0.288	0.264	0.281	0.287	0.321	0.274	0.281	0.296	0.263	0.269	0.312	0.322	0.322	0.222	0.303	0.284	0.297	0.379	0.289	0.247	0.349	0.311	0.332	0.324	2.032	0.586	0.287	0.209	1.226	-16736.384
61	16	500	500	0.5127	0.304	0.240	0.354	0.294	0.348	0.271	0.344	0.291	0.358	0.310	0.282	0.313	0.262	0.263	0.306	0.268	0.277	0.292	0.289	0.301	0.246	0.283	0.256	0.306	0.324	0.286	0.232	0.281	0.327	0.269	2.111	0.599	0.279	0.203	1.000	-16575.280
62	16	500	500	0.5055	0.293	0.307	0.260	0.338	0.257	0.327	0.371	0.301	0.305	0.365	0.302	0.335	0.341	0.357	0.362	0.328	0.237	0.301	0.287	0.270	0.294	0.354	0.306	0.292	0.344	0.328	0.277	0.307	0.270	0.337	1.976	0.564	0.310	0.196	1.000	-17202.133
63	16	500	500	0.5221	0.269	0.334	0.346	0.301	0.255	0.268	0.305	0.368	0.280	0.296	0.329	0.277	0.270	0.281	0.261	0.292	0.313	0.325	0.333	0.221	0.293	0.290	0.291	0.317	0.306	0.308	0.294	0.335	0.253	0.282	2.202	0.522	0.238	0.190	1.000	-16582.402
64	16	500	500	0.5075	0.318	0.306	0.311	0.264	0.334	0.243	0.273	0.358	0.247	0.302	0.267	0.295	0.308	0.321	0.315	0.324	0.292	0.346	0.277	0.288	0.283	0.349	0.292	0.274	0.356	0.374	0.300	0.302	0.364	0.298	1.944	0.496	0.272	0.200	1.000	-17092.685
65	16	500	500	0.5090	0.302	0.289	0.282	0.290	0.294	0.273	0.305	0.293	0.246	0.345	0.308	0.330	0.272	0.286	0.336	0.345	0.285	0.206	0.298	0.330	0.260	0.270	0.310	0.355	0.333	0.301	0.284	0.327	0.343	0.256	2.038	0.523	0.309	0.199	1.000	-16764.451
66	16	500	500	0.5262	0.357	0.363	0.262	0.244	0.380	0.332	0.314	0.267	0.288	0.368	0.341	0.281	0.258	0.260	0.320	0.324	0.354	0.344	0.291	0.309	0.198	0.302	0.285	0.328	0.244	0.316	0.328	0.278	0.304	0.280	1.936	0.504	0.265	0.204	1.000	-17024.567
67	16	500	500	0.5122	0.316	0.233	0.282	0.322	0.269	0.280	0.278	0.303	0.214	0.292	0.273	0.319	0.312	0.268	0.311	0.289	0.331	0.292	0.247	0.260	0.236	0.326	0.274	0.259	0.307	0.235	0.354	0.313	0.288	0.285	1.988	0.698	0.288	0.200	14.076	-16270.007
68	16	500	499	0.5070	0.318	0.314	0.277	0.253	0.315	0.281	0.302	0.303	0.335	0.335	0.274	0.272	0.263	0.388	0.225	0.304	0.241	0.261	0.325	0.283	0.303	0.311	0.292	0.257	0.330	0.281	0.317	0.370	0.232	0.319	1.887	0.634	0.270	0.196	2.604	-16580.279
69	16	500	500	0.5174	0.333	0.262	0.400	0.304	0.280	0.268	0.292	0.265	0.305	0.330	0.279	0.308	0.282	0.296	0.346	0.343	0.328	0.333	0.328	0.257	0.228	0.331	0.256	0.311	0.273	0.283	0.322	0.345	0.276	0.315	1.984	0.623	0.348	0.197	1.451	-16939.927
70	16	500	500	0.5105	0.266	0.318	0.287	0.253	0.247	0.291	0.251	0.246	0.294	0.308	0.251	0.249	0.274	0.267	0.299	0.283	0.307	0.242	0.273	0.324	0.272	0.250	0.275	0.263	0.273	0.305	0.279	0.349	0.308	0.192	1.844	0.700	0.280	0.194	1.000	-16067.013
71	16	500	500	0.4969	0.343	0.325	0.351	0.313	0.306	0.309	0.328	0.308	0.256	0.305	0.265	0.343	0.325	0.318	0.327	0.347	0.263	0.267	0.277	0.276	0.312	0.328	0.281	0.316	0.263	0.351	0.310	0.331	0.325	0.234	1.939	0.581	0.295	0.191	1.569	-16860.549
72	16	500	500	0.5131	0.301	0.328	0.315	0.308	0.281	0.268	0.257	0.315	0.320	0.244	0.268	0.351	0.304	0.329	0.289	0.351	0.310	0.328	0.309	0.307	0.257	0.288	0.297	0.331	0.234	0.368	0.325	0.258	0.314	0.280	1.887	0.500	0.285	0.191	1.000	-17030.900
73	16	500	500	0.5097	0.328	0.354	0.287	0.286	0.271	0.274	0.290	0.304	0.274	0.274	0.315	0.271	0.315	0.316	0.297	0.336	0.263	0.392	0.292	0.278	0.306	0.249	0.225	0.267	0.264	0.366	0.278	0.285	0.310	0.337	1.934	0.562	0.278	0.207	1.378	-16755.845
74	16	500	500	0.5238	0.269	0.292	0.291	0.298	0.277	0.288	0.344	0.246	0.298	0.284	0.268	0.297	0.239	0.350	0.275	0.301	0.346	0.307	0.306	0.232	0.248	0.331	0.334	0.353	0.294	0.349	0.361	0.291	0.311	0.309	2.015	0.632	0.330	0.205	7.466	-16833.776
75	16	500	500	0.5190	0.295	0.300	0.311	0.251	0.300	0.299	0.273	0.309	0.337	0.332	0.289	0.305	0.287	0.294	0.295	0.329	0.348	0.329	0.247	0.270	0.321	0.302	0.278	0.206	0.292	0.245	0.326	0.299	0.312	0.307	1.954	0.609	0.266	0.203	1.675	-16705.022
76	16	500	499	0.5340	0.312	0.266	0.322	0.301	0.309	0.277	0.311	0.304	0.251	0.282	0.230	0.313	0.282	0.294	0.297	0.281	0.310	0.257	0.334	0.332	0.323	0.327	0.311	0.315	0.243	0.222	0.348	0.320	0.333	0.281	2.047	0.646	0.297	0.204	2.394	-16750.772
77	16	500	500	0.5158	0.362	0.220	0.315	0.336	0.306	0.323	0.258	0.296	0.358	0.304	0.239	0.308	0.314	0.295	0.316	0.357	0.277	0.229	0.276	0.310	0.301	0.320	0.277	0.265	0.315	0.270	0.276	0.298	0.307	0.276	2.057	0.551	0.247	0.224	1.000	-16876.820
78	16	500	500	0.5222	0.288	0.325	0.277	0.277	0.310	0.316	0.303	0.278	0.311	0.305	0.248	0.280	0.284	0.291	0.305	0.324	0.419	0.261	0.299	0.338	0.344	0.231	0.337	0.263	0.271	0.232	0.297	0.348	0.285	0.307	1.985	0.658	0.333	0.187	3.471	-16619.840
79	16	500	500	0.5047	0.304	0.343	0.289	0.315	0.213	0.338	0.256	0.334	0.290	0.375	0.285	0.308	0.348	0.336	0.316	0.288	0.383	0.315	0.298	0.300	0.276	0.315	0.292	0.297	0.271	0.300	0.332	0.304	0.296	0.286	2.016	0.645	0.328	0.201	1.000	-16913.189
80	16	500	500	0.5112	0.306	0.317	0.243	0.302	0.327	0.274	0.334	0.259	0.332	0.265	0.335	0.273	0.275	0.348	0.266	0.291	0.274	0.281	0.335	0.297	0.258	0.249	0.346	0.391	0.271	0.238	0.316	0.264	0.311	0.273	2.074	0.597	0.308	0.177	2.155	-16518.662
81	16	500	498	0.5202	0.369	0.348	0.311	0.345	0.252	0.190	0.344	0.277	0.252	0.289	0.262	0.284	0.261	0.345	0.278	0.355	0.279	0.279	0.282	0.373	0.295	0.333	0.282	0.372	0.306	0.339	0.287	0.282	0.305	0.295	1.943	0.591	0.312	0.180	3.344	-16659.570
82	16	500	499	0.5148	0.268	0.319	0.254	0.300	0.266	0.265	0.276	0.274	0.318	0.226	0.274	0.333	0.323	0.336	0.273	0.293	0.319	0.244	0.298	0.256	0.336	0.296	0.293	0.312	0.328	0.324	0.315	0.238	0.313	0.267	2.062	0.462	0.226	0.172	1.416	-16375.179
83	16	500	498	0.5188	0.344	0.316	0.327	0.283	0.284	0.296	0.297	0.287	0.274	0.330	0.319	0.312	0.321	0.265	0.317	0.302	0.388	0.290	0.291	0.313	0.300	0.306	0.335	0.268	0.317	0.349	0.276	0.259	0.332	0.311	2.015	0.599	0.312	0.201	1.000	-16913.937
84	16	500	500	0.5041	0.309	0.308	0.257	0.310	0.301	0.262	0.323	0.256	0.349	0.317	0.320	0.307	0.315	0.315	0.310	0.235	0.402	0.276	0.317	0.316	0.276	0.351	0.262	0.283	0.351	0.321	0.257	0.287	0.317	0.280	1.959	0.377	0.198	0.221	1.000	-17084.746
85	16	500	499	0.5009	0.233	0.250	0.215	0.313	0.285	0.385	0.277	0.339	0.296	0.367	0.344	0.256	0.267	0.365	0.282	0.212	0.304	0.258	0.365	0.289	0.342	0.302	0.329	0.365	0.290	0.340	0.341	0.355	0.320	0.280	2.030	0.650	0.331	0.206	7.514	-17082.829
86	16	500	500	0.5124	0.332	0.280	0.333	0.360	0.285	0.286	0.299	0.296	0.293	0.280	0.307	0.232	0.312	0.292	0.325	0.360	0.244	0.326	0.340	0.292	0.332	0.303	0.306	0.270	0.277	0.269	0.275	0.352	0.271	0.295	2.031	0.664	0.285	0.195	2.911	-16574.677
87	16	500	500	0.5089	0.261	0.325	0.287	0.277	0.301	0.318	0.260	0.289	0.325	0.236	0.297	0.269	0.307	0.279	0.292	0.265	0.316	0.210	0.306	0.282	0.359	0.295	0.336	0.326	0.249	0.273	0.316	0.255	0.347	0.339	1.979	0.655	0.282	0.190	1.000	-16626.469
88	16	500	500	0.5005	0.287	0.336	0.347	0.294	0.300	0.284	0.210	0.349	0.309	0.272	0.300	0.276	0.293	0.285	0.262	0.307	0.273	0.335	0.268	0.270	0.313	0.269	0.308	0.267	0.268	0.336	0.252	0.310	0.277	0.325	1.970	0.666	0.267	0.208	2.843	-16506.006
89	16	500	499	0.5088	0.293	0.247	0.227	0.281	0.273	0.247	0.276	0.249	0.246	0.207	0.267	0.254	0.293	0.226	0.272	0.234	0.333	0.269	0.254	0.296	0.289	0.349	0.290	0.372	0.233	0.275	0.284	0.337	0.313	0.319	1.992	0.653	0.261	0.209	4.788	-15995.769
90	16	500	500	0.5150	0.292	0.348	0.326	0.221	0.323	0.347	0.341	0.338	0.254	0.331	0.316	0.304	0.286	0.299	0.296	0.243	0.388	0.310	0.338	0.243	0.339	0.246	0.270	0.343	0.314	0.292	0.314	0.240	0.332	0.286	2.016	0.596	0.319	0.204	1.620	-17008.685
91	16	500	500	0.5064	0.314	0.357	0.289	0.231	0.345	0.357	0.329	0.261	0.319	0.287	0.255	0.267	0.278	0.320	0.239	0.362	0.330	0.321	0.308	0.300	0.281	0.272	0.308	0.307	0.238	0.318	0.247	0.282	0.307	0.340	1.824	0.377	0.172	0.203	1.000	-16794.105
92	16	500	500	0.5155	0.283	0.266	0.288	0.297	0.327	0.342	0.284	0.328	0.422	0.301	0.317	0.307	0.286	0.316	0.270	0.246	0.382	0.319	0.318	0.313	0.234	0.285	0.320	0.172	0.300	0.331	0.288	0.357	0.327	0.333	2.100	0.519	0.268	0.197	1.572	-16952.427
93	16	500	498	0.5025	0.273	0.309	0.291	0.270	0.341	0.295	0.294	0.351	0.291	0.306	0.280	0.297	0.308	0.266	0.330	0.268	0.303	0.274	0.262	0.282	0.268	0.381	0.324	0.349	0.305	0.326	0.290	0.319	0.310	0.255	2.042	0.613	0.355	0.200	3.352	-16798.074
94	16	500	500	0.5231	0.288	0.323	0.325	0.275	0.366	0.284	0.344	0.279	0.355	0.290	0.353	0.294	0.282	0.264	0.319	0.270	0.328	0.296	0.357	0.310	0.354	0.311	0.303	0.239	0.340	0.344	0.309	0.272	0.299	0.341	1.953	0.647	0.353	0.200	1.000	-17285.469
95	16	500	500	0.5140	0.325	0.207	0.270	0.310	0.372	0.375	0.289	0.297	0.356	0.329	0.345	0.298	0.260	0.348	0.273	0.323	0.375	0.294	0.250	0.303	0.286	0.331	0.257	0.233	0.276	0.364	0.321	0.248	0.314	0.285	2.028	0.627	0.339	0.201	1.000	-16939.115
96	16	500	500	0.5258	0.265	0.348	0.323	0.287	0.366	0.289	0.294	0.301	0.341	0.340	0.312	0.271	0.270	0.300	0.283	0.341	0.287	0.342	0.315	0.337	0.307	0.300	0.338	0.358	0.317	0.282	0.278	0.332	0.286	0.342	2.086	0.641	0.314	0.200	3.641	-17032.490
97	16	500	500	0.5271	0.252	0.336	0.280	0.435	0.259	0.288	0.304	0.335	0.305	0.303	0.287	0.304	0.293	0.239	0.334	0.298	0.273	0.301	0.334	0.220	0.255	0.253	0.340	0.323	0.370	0.311	0.287	0.278	0.264	0.317	2.026	0.678	0.314	0.201	71.488	-16643.316
98	16	500	500	0.5057	0.254	0.343	0.272	0.263	0.321	0.296	0.314	0.250	0.245	0.268	0.273	0.288	0.256	0.297	0.290	0.251	0.299	0.269	0.290	0.292	0.350	0.302	0.306	0.342	0.321	0.256	0.344	0.292	0.283	0.295	2.008	0.633	0.297	0.205	2.700	-16506.790
99	16	500	500	0.5138	0.293	0.262	0.316	0.341	0.265	0.312	0.268	0.257	0.284	0.251	0.228	0.301	0.295	0.305	0.291	0.227	0.326	0.396	0.335	0.247	0.198	0.292	0.317	0.256	0.321	0.353	0.268	0.230	0.312	0.264	2.015	0.664	0.294	0.204	5.579	-16430.640
100	16	500	500	0.5205	0.342	0.307	0.291	0.338	0.294	0.299	0.280	0.277	0.331	0.281	0.310	0.279	0.276	0.291	0.339	0.276	0.316	0.264	0.246	0.276	0.313	0.283	0.254	0.360	0.354	0.240	0.302	0.236	0.323	0.265	2.093	0.646	0.312	0.201	3.393	-16601.521
101	16	500	500	0.5050	0.256	0.250	0.278	0.297	0.269	0.302	0.332	0.287	0.265	0.384	0.283	0.278	0.295	0.262	0.330	0.281	0.308	0.221	0.278	0.273	0.269	0.292	0.300	0.294	0.297	0.285	0.327	0.245	0.318	0.343	1.911	0.604	0.301	0.185	2.011	-16453.223
102	16	500	500	0.5168	0.295	0.321	0.312	0.290	0.262	0.321	0.270	0.256	0.188	0.273	0.296	0.349	0.318	0.262	0.291	0.299	0.266	0.334	0.313	0.334	0.333	0.215	0.278	0.339	0.347	0.309	0.290	0.302	0.333	0.292	1.949	0.513	0.254	0.195	1.000	-16751.869
103	16	500	500	0.5202	0.294	0.340	0.267	0.295	0.273	0.318	0.313	0.359	0.365	0.287	0.320	0.252	0.326	0.354	0.274	0.258	0.213	0.267	0.255	0.301	0.258	0.305	0.312	0.385	0.313	0.275	0.305	0.259	0.331	0.345	2.059	0.600	0.264	0.215	1.631	-16773.217
104	16	500	500	0.5109	0.284	0.258	0.246	0.289	0.265	0.321	0.306	0.272	0.282	0.288	0.318	0.291	0.311	0.275	0.260	0.247	0.270	0.252	0.319	0.269	0.301	0.335	0.293	0.291	0.249	0.267	0.215	0.339	0.315	0.318	1.956	0.635	0.236	0.203	1.200	-16251.906
105	16	500	500	0.5085	0.280	0.342	0.305	0.326	0.354	0.320	0.330	0.318	0.272	0.259	0.326	0.310	0.348	0.307	0.296	0.342	0.321	0.315	0.276	0.363	0.297	0.277	0.320	0.247	0.255	0.313	0.292	0.291	0.322	0.271	2.048	0.628	0.333	0.197	4.604	-16929.201
106	16	500	499	0.5160	0.329	0.326	0.241	0.331	0.232	0.295	0.320	0.298	0.253	0.339	0.315	0.239	0.330	0.269	0.287	0.333	0.234	0.335	0.255	0.356	0.236	0.324	0.314	0.369	0.325	0.285	0.323	0.291	0.287	0.276	2.166	0.642	0.324	0.197	1.000	-16713.619
107	16	500	500	0.5089	0.330	0.280	0.326	0.266	0.306	0.277	0.242	0.359	0.413	0.324	0.329	0.309	0.274	0.314	0.320	0.284	0.278	0.301	0.339	0.295	0.311	0.295	0.259	0.313	0.248	0.300	0.325	0.335	0.254	0.271	1.974	0.564	0.306	0.193	2.329	-16818.407
108	16	500	498	0.4995	0.339	0.353	0.246	3.157	0.303	0.308	0.299	0.325	0.299	0.309	0.321	0.336	0.267	0.328	0.295	0.259	0.338	0.230	0.293	0.287	0.293	0.339	0.313	0.327	0.254	0.284	0.291	0.280	0.344	0.264	1.999	0.653	0.339	0.210	998.999	-16823.813
109	16	500	500	0.5182	0.552	0.364	0.282	0.675	0.325	0.257	0.314	0.296	0.259	0.316	0.281	0.309	0.319	0.321	0.351	0.023	0.311	0.298	0.263	0.340	0.338	0.303	0.279	0.251	0.299	0.290	0.324	0.317	0.279	0.313	2.148	0.634	0.343	0.219	59.269	-17021.745
110	16	500	500	0.5160	0.271	0.260	0.328	0.263	0.328	0.300	0.309	0.267	0.322	0.326	0.309	0.226	0.281	0.318	0.272	0.263	0.288	0.285	0.302	0.320	0.331	0.217	0.359	0.276	0.299	0.345	0.255	0.271	0.297	0.317	2.012	0.587	0.299	0.197	1.846	-16742.693
111	16	500	500	0.5132	0.317	0.270	0.315	0.372	0.314	0.318	0.401	0.291	0.356	0.338	0.308	0.300	0.344	0.335	0.294	0.359	0.341	0.341	0.290	0.282	0.363	0.271	0.309	0.287	0.317	0.329	0.297	0.333	0.263	0.349	1.981	0.636	0.351	0.207	2.374	-17432.189
112	16	500	500	0.5190	0.236	0.299	0.254	0.345	0.276	0.334	0.280	0.316	0.362	0.245	0.310	0.253	0.316	0.287	0.272	0.289	0.295	0.259	0.285	0.310	0.319	0.335	0.249	0.384	0.269	0.261	0.303	0.304	0.268	0.269	2.040	0.678	0.299	0.198	5.904	-16488.826
113	16	500	500	0.5117	0.294	0.326	0.275	0.370	0.315	0.316	0.257	0.278	0.228	0.322	0.304	0.296	0.374	0.352	0.256	0.298	0.253	0.308	0.318	0.326	0.284	0.309	0.334	0.348	0.328	0.318	0.298	0.269	0.285	0.309	2.120	0.623	0.300	0.193	1.000	-16820.067
114	16	500	500	0.5090	0.304	0.348	0.295	0.290	0.297	0.278	0.325	0.296	0.238	0.221	0.298	0.243	0.304	0.285	0.290	0.255	0.217	0.278	0.283	0.280	0.298	0.303	0.336	0.375	0.299	0.336	0.274	0.330	0.230	0.340	1.920	0.616	0.281	0.208	2.336	-16589.766
115	16	500	500	0.5091	0.302	0.259	0.261	0.337	0.228	0.309	0.280	0.269	0.252	0.298	0.270	0.354	0.287	0.275	0.295	0.323	0.357	0.270	0.344	0.258	0.269	0.317	0.288	0.194	0.298	0.293	0.322	0.294	0.316	0.270	1.913	0.523	0.231	0.179	1.000	-16363.236
116	16	500	500	0.5152	0.312	0.270	0.295	0.251	0.326	0.327	0.254	0.311	0.293	0.358	0.311	0.246	0.232	0.302	0.285	0.323	0.376	0.298	0.321	0.268	0.297	0.310	0.277	0.330	0.310	0.319	0.287	0.309	0.319	0.263	1.972	0.595	0.361	0.213	4.533	-16990.903
117	16	500	500	0.5274	0.276	0.316	0.277	0.341	0.254	0.362	0.306	0.309	0.246	0.306	0.326	0.317	0.334	0.329	0.259	0.320	0.359	0.297	0.254	0.290	0.265	0.277	0.285	0.315	0.279	0.287	0.329	0.317	0.281	0.360	2.229	0.588	0.281	0.205	1.000	-16773.885
118	16	500	500	0.5237	0.249	0.241	0.301	0.273	0.310	0.242	0.257	0.286	0.320	0.323	0.264	0.353	0.295	0.300	0.295	0.267	0.309	0.341	0.239	0.306	0.322	0.327	0.258	0.336	0.244	0.272	0.359	0.340	0.291	0.315	2.070	0.552	0.271	0.194	1.000	-16572.041
119	16	500	500	0.5097	0.348	0.310	0.327	0.347	0.265	0.304	0.319	0.315	0.307	0.268	0.327	0.274	0.290	0.294	0.349	0.339	0.260	0.334	0.308	0.288	0.315	0.303	0.244	0.290	0.348	0.326	0.341	0.265	0.315	0.342	2.113	0.536	0.297	0.207	1.780	-17208.695
120	16	500	500	0.5189	0.315	0.231	0.302	1.756	0.244	0.211	0.294	0.331	0.373	0.279	0.360	0.281	0.341	0.305	0.308	0.274	0.276	0.250	0.286	0.307	0.297	0.330	0.307	0.319	0.377	0.269	0.312	0.279	0.303	0.355	2.009	0.667	0.329	0.200	999.000	-16915.684
121	16	500	500	0.5032	0.296	0.299	0.342	0.163	0.355	0.222	0.304	0.299	0.315	0.346	0.283	0.332	0.359	0.332	0.311	0.328	0.367	0.310	0.319	0.339	0.253	0.252	0.366	0.285	0.246	0.266	0.360	0.318	0.266	0.285	1.974	0.325	0.162	0.201	948.570	-16857.215
122	16	500	499	0.5143	0.261	0.310	0.378	0.096	0.476	0.322	0.292	0.266	0.277	0.335	0.241	0.341	0.269	0.271	0.305	0.283	0.307	0.368	0.289	0.320	0.295	0.338	0.318	0.355	0.313	0.270	0.272	0.249	0.295	0.312	1.984	0.000	0.000	0.198	949.058	-16821.706
123	16	500	500	0.5142	0.306	0.282	0.407	0.114	0.425	0.260	0.256	0.246	0.322	0.237	0.292	0.292	0.325	0.248	0.254	0.311	0.285	0.255	0.306	0.290	0.312	0.347	0.284	0.417	0.347	0.317	0.263	0.275	0.279	0.301	2.013	0.268	0.115	0.191	950.153	-16504.303
124	16	500	500	0.5232	0.495	0.365	0.358	0.293	0.258	0.311	0.240	0.329	0.295	0.284	0.309	0.318	0.292	0.318	0.301	0.026	0.397	0.283	0.316	0.330	0.310	0.284	0.361	0.281	0.329	0.325	0.290	0.310	0.330	0.280	1.978	0.564	0.327	0.185	1.329	-16986.177
125	16	500	500	0.5072	0.294	0.361	0.272	0.328	0.345	0.331	0.306	0.345	0.302	0.303	0.270	0.292	0.308	0.236	0.311	0.307	0.309	0.233	0.256	0.313	0.346	0.306	0.271	0.346	0.236	0.315	0.282	0.324	0.302	0.338	2.132	0.615	0.290	0.195	1.000	-16729.409
126	16	500	500	0.5080	0.289	0.265	0.297	0.362	0.316	0.295	0.301	0.283	0.324	0.348	0.265	0.371	0.268	0.332	0.240	0.285	0.335	0.359	0.290	0.274	0.278	0.269	0.351	0.278	0.315	0.333	0.296	0.332	0.299	0.308	2.054	0.594	0.344	0.216	1.000	-17125.441
127	16	500	499	0.4880	0.310	0.364	0.294	0.295	0.275	0.247	0.277	0.279	0.253	0.291	0.357	0.260	0.295	0.295	0.319	0.271	0.262	0.253	0.273	0.322	0.330	0.331	0.295	0.319	0.309	0.343	0.303	0.331	0.284	0.246	2.035	0.573	0.251	0.206	1.000	-16553.029
128	16	500	500	0.5161	0.308	0.315	0.298	0.253	0.385	0.304	0.271	0.316	0.377	0.251	0.291	0.342	0.332	0.290	0.294	0.317	0.300	0.250	0.312	0.248	0.334	0.309	0.291	0.383	0.226	0.240	0.289	0.317	0.261	0.301	2.155	0.614	0.272	0.202	3.538	-16660.952
129	16	500	500	0.5208	0.253	0.294	0.327	0.340	0.309	0.304	0.326	0.295	0.326	0.333	0.323	0.285	0.302	0.284	0.311	0.258	0.295	0.261	0.305	0.306	0.331	0.243	0.315	0.304	0.296	0.314	0.329	0.296	0.329	0.269	2.070	0.593	0.297	0.212	1.845	-16915.597
130	16	500	500	0.5100	0.320	0.300	0.241	0.294	0.370	0.333	0.298	0.303	0.294	0.291	0.295	0.274	0.259	0.321	0.293	0.296	0.251	0.271	0.300	0.323	0.287	0.281	0.283	0.380	0.284	0.316	0.249	0.305	0.273	0.274	1.934	0.609	0.334	0.198	1.757	-16791.452
131	16	500	499	0.4991	0.327	0.326	0.249	0.311	0.254	0.317	0.320	0.376	0.377	0.316	0.333	0.353	0.363	0.316	0.334	0.331	0.369	0.206	0.300	0.305	0.318	0.344	0.273	0.275	0.313	0.287	0.277	0.273	0.324	0.294	1.951	0.639	0.296	0.201	1.662	-17038.515
132	16	500	500	0.5043	0.266	0.288	0.257	0.246	0.271	0.315	0.272	0.301	0.269	0.297	0.298	0.241	0.252	0.316	0.304	0.245	0.302	0.314	0.322	0.267	0.217	0.325	0.260	0.294	0.288	0.286	0.282	0.285	0.278	0.258	1.995	0.629	0.244	0.200	2.347	-16165.617
133	16	500	499	0.5155	0.296	0.299	0.275	0.330	0.323	0.299	0.266	0.341	0.313	0.353	0.309	0.299	0.290	0.319	0.332	0.299	0.279	0.272	0.252	0.314	0.257	0.358	0.319	0.263	0.248	0.284	0.320	0.302	0.267	0.220	1.907	0.646	0.288	0.182	4.074	-16564.183
134	16	500	500	0.5224	0.319	0.486	0.268	0.266	0.356	0.317	0.272	0.281	0.258	0.283	0.273	0.307	0.300	0.277	0.318	0.280	0.296	0.283	0.258	0.294	0.274	0.275	0.266	0.310	0.242	0.274	0.264	0.349	0.297	0.327	2.117	0.588	0.313	0.203	1.000	-16660.532
135	16	500	500	0.5127	0.269	0.340	0.328	0.292	0.294	0.271	0.313	0.320	0.307	0.318	0.320	0.301	0.320	0.308	0.346	0.337	0.378	0.351	0.277	0.283	0.299	0.313	0.248	0.216	0.310	0.344	0.311	0.291	0.304	0.271	2.008	0.480	0.279	0.192	1.177	-16985.650
136	16	500	500	0.5250	0.243	0.355	0.299	0.259	0.288	0.283	0.321	0.283	0.282	0.284	0.312	0.261	0.289	0.265	0.328	0.257	0.265	0.310	0.289	0.274	0.302	0.327	0.294	0.259	0.307	0.330	0.276	0.304	0.295	0.265	2.018	0.645	0.352	0.205	2.700	-16692.634
137	16	500	500	0.5025	0.312	0.352	0.286	0.315	0.345	0.248	0.306	0.275	0.319	0.300	0.294	0.270	0.290	0.355	0.265	0.292	0.214	0.308	0.329	0.258	0.255	0.299	0.273	0.339	0.322	0.237	0.288	0.345	0.279	0.348	1.904	0.598	0.312	0.215	1.503	-16804.222
138	16	500	500	0.5264	0.348	0.266	0.195	0.303	0.375	0.309	0.296	0.325	0.282	0.249	0.294	0.340	0.404	0.314	0.358	0.293	0.261	0.314	0.300	0.308	0.359	0.309	0.312	0.259	0.326	0.290	0.309	0.321	0.336	0.198	1.956	0.541	0.271	0.209	1.000	-17088.371
139	16	500	500	0.5302	0.228	0.346	0.291	0.292	0.302	0.313	0.318	0.333	0.315	0.245	0.302	0.288	0.324	0.294	0.360	0.250	0.214	0.324	0.294	0.273	0.333	0.273	0.278	0.289	0.265	0.302	0.312	0.283	0.302	0.290	2.109	0.707	0.288	0.203	13.888	-16555.959
140	16	500	500	0.5108	0.296	0.273	0.267	0.280	0.273	0.291	0.308	0.341	0.254	0.263	0.285	0.292	0.270	0.354	0.286	0.302	0.243	0.251	0.320	0.271	0.232	0.308	0.338	0.273	0.319	0.279	0.319	0.307	0.324	0.274	2.157	0.577	0.245	0.217	1.000	-16532.710
141	16	500	499	0.5150	0.253	0.315	0.303	0.252	0.313	0.308	0.316	0.332	0.308	0.300	0.301	0.347	0.316	0.339	0.250	0.315	0.302	0.245	0.313	0.343	0.266	0.298	0.327	0.290	0.356	0.256	0.313	0.292	0.314	0.311	2.062	0.608	0.346	0.204	7.332	-16937.152
142	16	500	500	0.5055	0.260	0.328	0.306	0.505	0.243	0.310	0.283	0.324	0.234	0.348	0.345	0.278	0.264	0.232	0.316	0.304	0.317	0.339	0.240	0.293	0.255	0.262	0.321	0.297	0.305	0.300	0.314	0.279	0.319	0.340	2.004	0.666	0.326	0.221	100.615	-16770.495
143	16	500	500	0.4988	0.304	0.313	0.286	0.319	0.260	0.322	0.285	0.328	0.306	0.367	0.298	0.287	0.214	0.317	0.246	0.273	0.291	0.391	0.286	0.326	0.207	0.265	0.345	0.271	0.276	0.271	0.334	0.382	0.291	0.261	1.984	0.633	0.261	0.201	1.000	-16558.934
144	16	500	500	0.5071	0.378	0.352	0.314	0.321	0.285	0.309	0.285	0.266	0.287	0.271	0.305	0.296	0.248	0.298	0.313	0.330	0.256	0.331	0.292	0.285	0.287	0.332	0.333	0.292	0.330	0.320	0.278	0.270	0.279	0.276	2.153	0.628	0.292	0.197	2.501	-16613.314
145	16	500	500	0.5162	0.258	0.355	0.328	0.279	0.304	0.257	0.312	0.382	0.343	0.339	0.261	0.361	0.283	0.285	0.342	0.225	0.313	0.336	0.225	0.274	0.287	0.322	0.331	0.301	0.319	0.284	0.313	0.301	0.351	0.282	2.034	0.522	0.255	0.199	1.000	-16983.082
146	16	500	500	0.5224	0.288	0.309	0.321	0.256	0.319	0.312	0.240	0.348	0.295	0.289	0.317	0.249	0.338	0.277	0.324	0.268	0.240	0.256	0.231	0.284	0.315	0.279	0.249	0.321	0.367	0.334	0.256	0.331	0.336	0.304	1.991	0.634	0.301	0.207	1.903	-16691.035
147	16	500	500	0.5163	0.245	0.241	0.278	0.304	0.381	0.320	0.295	0.304	0.323	0.353	0.323	0.252	0.273	0.291	0.322	0.285	0.306	0.315	0.278	0.271	0.248	0.265	0.268	0.278	0.300	0.388	0.283	0.251	0.296	0.322	2.068	0.582	0.284	0.210	2.146	-16795.187
148	16	500	500	0.5170	0.299	0.287	0.321	0.308	0.312	0.327	0.322	0.347	0.239	0.325	0.303	0.344	0.258	0.328	0.300	0.277	0.254	0.367	0.291	0.269	0.254	0.279	0.307	0.279	0.327	0.300	0.307	0.330	0.327	0.363	1.951	0.597	0.310	0.191	3.220	-16992.158
149	16	500	500	0.5206	0.275	0.364	0.297	0.305	0.308	0.296	0.315	0.304	0.285	0.380	0.332	0.287	0.253	0.309	0.304	0.208	0.310	0.304	0.318	0.323	0.320	0.318	0.327	0.357	0.256	0.293	0.295	0.306	0.354	0.315	1.993	0.640	0.330	0.192	2.801	-16944.019
150	16	500	500	0.5139	0.273	0.171	0.340	0.279	0.368	0.368	0.333	0.286	0.387	0.274	0.309	0.308	0.312	0.383	0.255	0.319	0.242	0.225	0.307	0.279	0.358	0.238	0.309	0.320	0.288	0.289	0.330	0.319	0.281	0.284	1.867	0.597	0.279	0.207	1.059	-16998.778
151	16	500	500	0.5178	0.312	0.247	0.247	0.294	0.297	0.268	0.321	0.302	0.309	0.300	0.332	0.280	0.308	0.272	0.246	0.253	0.308	0.330	0.301	0.346	0.259	0.314	0.295	0.293	0.310	0.298	0.260	0.259	0.238	0.271	2.045	0.623	0.278	0.217	3.158	-16584.382
152	16	500	500	0.5196	0.371	0.269	0.297	0.318	0.312	0.280	0.333	0.308	0.302	0.336	0.285	0.271	0.273	0.332	0.276	0.313	0.270	0.294	0.283	0.303	0.388	0.385	0.305	0.300	0.235	0.332	0.253	0.240	0.299	0.305	2.076	0.670	0.330	0.212	1.000	-16949.560
153	16	500	500	0.5279	0.297	0.267	0.265	0.363	0.307	0.341	0.296	0.263	0.257	0.302	0.332	0.266	0.296	0.303	0.295	0.309	0.364	0.325	0.258	0.317	0.281	0.320	0.319	0.274	0.258	0.347	0.312	0.329	0.294	0.244	1.937	0.632	0.271	0.212	2.403	-16902.940
154	16	500	497	0.5080	0.333	0.319	0.315	0.320	0.307	0.268	0.257	0.317	0.269	0.274	0.267	0.315	0.315	0.289	0.330	0.278	0.302	0.294	0.248	0.306	0.264	0.321	0.288	0.269	0.281	0.289	0.314	0.298	0.261	0.329	1.874	0.615	0.299	0.216	2.354	-16755.868
155	16	500	500	0.5050	0.337	0.341	0.308	0.296	0.293	0.279	0.303	0.248	0.317	0.232	0.310	0.355	0.336	0.310	0.249	0.333	0.271	0.315	0.238	0.355	0.341	0.323	0.305	0.277	0.269	0.297	0.290	0.274	0.303	0.276	2.018	0.693	0.298	0.208	10.596	-16672.788
156	16	500	500	0.5113	0.295	0.309	0.325	0.338	0.261	0.322	0.315	0.327	0.281	0.290	0.292	0.236	0.324	0.288	0.287	0.306	0.324	0.365	0.246	0.363	0.330	0.292	0.409	0.229	0.294	0.321	0.364	0.363	0.278	0.305	1.859	0.649	0.351	0.215	6.947	-17275.504
157	16	500	500	0.4929	0.267	0.256	0.278	0.259	0.299	0.364	0.309	0.308	0.314	0.411	0.312	0.309	0.310	0.348	0.278	0.304	0.316	0.327	0.327	0.289	0.371	0.297	0.298	0.239	0.299	0.267	0.346	0.287	0.277	0.331	1.946	0.449	0.254	0.187	1.000	-16937.926
158	16	500	500	0.4940	0.257	0.330	0.244	0.376	0.313	0.354	0.260	0.324	0.316	0.389	0.340	0.226	0.222	0.308	0.346	0.266	0.314	0.339	0.292	0.344	0.262	0.312	0.304	0.267	0.282	0.331	0.309	0.353	0.302	0.357	1.994	0.627	0.294	0.199	1.000	-16963.942
159	16	500	499	0.5059	0.329	0.367	0.294	0.318	0.298	0.311	0.328	0.274	0.275	0.232	0.361	0.281	0.343	0.290	0.365	0.277	0.265	0.291	0.324	0.319	0.302	0.346	0.290	0.318	0.272	0.319	0.354	0.349	0.344	0.257	1.870	0.568	0.336	0.185	2.630	-17127.137
160	16	500	500	0.5165	0.286	0.278	0.271	0.267	0.314	0.309	0.348	0.329	0.311	0.364	0.330	0.332	0.260	0.310	0.346	0.298	0.253	0.315	0.328	0.336	0.347	0.267	0.299	0.321	0.337	0.275	0.339	0.187	0.378	0.274	1.996	0.591	0.317	0.192	1.827	-16943.621
161	16	500	499	0.5095	0.321	0.285	0.255	0.333	0.248	0.293	0.295	0.314	0.295	0.342	0.299	0.291	0.217	0.281	0.338	0.294	0.348	0.257	0.294	0.234	0.339	0.287	0.266	0.292	0.274	0.308	0.257	0.294	0.335	0.286	1.919	0.599	0.322	0.193	1.819	-16601.834
162	16	500	499	0.5061	0.289	0.330	0.339	0.312	0.289	0.292	0.327	0.307	0.242	0.212	0.359	0.292	0.282	0.257	0.337	0.274	0.317	0.229	0.299	0.320	0.303	0.286	0.283	0.354	0.312	0.319	0.295	0.243	0.314	0.350	1.994	0.619	0.321	0.194	3.062	-16781.381
163	16	500	500	0.5182	0.331	0.350	0.332	0.289	0.288	0.289	0.338	0.270	0.217	0.251	0.344	0.286	0.368	0.387	0.284	0.285	0.253	0.279	0.321	0.346	0.303	0.344	0.325	0.290	0.303	0.264	0.329	0.346	0.295	0.304	2.063	0.546	0.257	0.195	1.000	-16931.562
164	16	500	500	0.5191	0.342	0.310	0.249	0.302	0.280	0.304	0.330	0.270	0.255	0.238	0.284	0.323	0.383	0.320	0.311	0.309	0.334	0.319	0.320	0.263	0.294	0.347	0.301	0.246	0.297	0.282	0.270	0.343	0.317	0.290	1.991	0.608	0.319	0.193	2.140	-16827.049
165	16	500	500	0.5069	0.615	0.265	0.303	0.302	0.263	0.265	0.267	0.278	0.254	0.274	0.300	0.337	0.305	0.269	0.324	0.000	0.267	0.276	0.298	0.291	0.331	0.329	0.230	0.297	0.294	0.332	0.290	0.290	0.281	0.269	2.095	0.596	0.227	0.214	1.337	-16397.360
166	16	500	497	0.5290	0.323	0.334	0.264	0.423	0.275	0.323	0.246	0.353	0.300	0.297	0.313	0.329	0.313	0.259	0.333	0.324	0.270	0.321	0.307	0.324	0.351	0.264	0.394	0.331	0.306	0.259	0.313	0.266	0.250	0.289	2.103	0.678	0.318	0.171	52.307	-16615.783
167	16	500	500	0.5179	0.325	0.305	0.301	0.303	0.313	0.253	0.288	0.309	0.278	0.309	0.315	0.309	0.339	0.313	0.331	0.354	0.320	0.338	0.325	0.327	0.252	0.291	0.279	0.323	0.356	0.301	0.263	0.324	0.293	0.299	2.092	0.656	0.341	0.222	8.540	-17165.290
168	16	500	500	0.5134	0.330	0.374	0.261	0.307	0.239	0.307	0.312	0.269	0.250	0.349	0.324	0.296	0.223	0.327	0.238	0.314	0.305	0.288	0.288	0.241	0.325	0.282	0.329	0.330	0.281	0.259	0.280	0.371	0.295	0.260	2.055	0.589	0.280	0.195	1.583	-16550.061
169	16	500	500	0.5110	0.301	0.258	0.352	0.320	0.296	0.334	0.359	0.264	0.314	0.410	0.287	0.313	0.256	0.322	0.322	0.296	0.310	0.327	0.290	0.287	0.303	0.276	0.301	0.237	0.330	0.274	0.321	0.290	0.271	0.316	1.940	0.669	0.331	0.210	1.000	-17042.811
170	16	500	500	0.5140	0.313	0.317	0.290	0.307	0.291	0.258	0.265	0.298	0.292	0.300	0.328	0.288	0.305	0.316	0.256	0.317	0.285	0.332	0.307	0.314	0.310	0.305	0.340	0.256	0.342	0.284	0.246	0.316	0.251	0.326	1.957	0.592	0.275	0.191	2.915	-16734.080
171	16	500	500	0.5188	0.311	0.275	0.323	0.306	0.339	0.321	0.326	0.338	0.276	0.257	0.295	0.287	0.345	0.338	0.225	0.296	0.316	0.303	0.305	0.259	0.252	0.335	0.285	0.305	0.301	0.282	0.298	0.274	0.325	0.289	2.112	0.606	0.308	0.207	1.329	-16849.271
172	16	500	500	0.5069	0.284	0.266	0.288	0.315	0.305	0.299	0.295	0.277	0.273	0.257	0.319	0.332	0.292	0.277	0.342	0.324	0.263	0.346	0.308	0.331	0.277	0.268	0.321	0.299	0.266	0.314	0.260	0.277	0.360	0.280	1.977	0.483	0.209	0.199	1.181	-16660.115
173	16	500	500	0.5137	0.300	0.238	0.317	0.306	0.319	0.275	0.270	0.302	0.269	0.374	0.302	0.305	0.284	0.272	0.274	0.326	0.358	0.247	0.307	0.337	0.364	0.351	0.334	0.248	0.228	0.332	0.242	0.337	0.293	0.273	1.826	0.575	0.285	0.201	1.652	-16858.759
174	16	500	500	0.5144	0.315	0.262	0.281	0.314	0.279	0.304	0.278	0.333	0.366	0.295	0.275	0.309	0.300	0.274	0.304	0.294	0.341	0.280	0.287	0.297	0.247	0.303	0.267	0.252	0.316	0.302	0.313	0.272	0.330	0.330	2.012	0.660	0.310	0.214	2.509	-16850.690
175	16	500	500	0.5078	0.266	0.195	0.330	0.247	0.253	0.366	0.250	0.287	0.283	0.218	0.327	0.279	0.287	0.248	0.284	0.317	0.297	0.314	0.308	0.293	0.309	0.303	0.226	0.321	0.300	0.311	0.268	0.255	0.287	0.317	1.997	0.601	0.258	0.203	1.000	-16275.909
176	16	500	500	0.5347	0.264	0.224	0.304	0.272	0.331	0.305	0.269	0.229	0.348	0.274	0.290	0.276	0.327	0.363	0.301	0.301	0.248	0.343	0.255	0.306	0.243	0.320	0.270	0.362	0.295	0.278	0.340	0.283	0.287	0.294	1.882	0.564	0.272	0.191	1.528	-16708.193
177	16	500	499	0.5118	0.320	0.237	0.391	0.305	0.287	0.260	0.346	0.287	0.301	0.347	0.314	0.336	0.369	0.288	0.338	0.299	0.274	0.272	0.308	0.360	0.360	0.256	0.311	0.376	0.302	0.264	0.354	0.334	0.296	0.357	1.988	0.634	0.364	0.200	5.878	-17243.232
178	16	500	500	0.5045	0.332	0.284	0.326	0.296	0.278	0.254	0.217	0.316	0.293	0.242	0.310	0.331	0.236	0.258	0.348	0.269	0.232	0.254	0.240	0.289	0.314	0.403	0.249	0.329	0.287	0.268	0.278	0.366	0.248	0.312	2.077	0.644	0.257	0.218	2.163	-16430.052
179	16	500	499	0.5137	0.315	0.261	0.310	0.240	0.325	0.282	0.270	0.305	0.280	0.334	0.335	0.370	0.282	0.338	0.316	0.354	0.211	0.337	0.332	0.279	0.313	0.324	0.331	0.275	0.376	0.261	0.267	0.334	0.281	0.334	1.987	0.626	0.320	0.212	2.239	-17146.656
180	16	500	500	0.5162	0.293	0.329	0.304	0.313	0.295	0.307	0.281	0.249	0.308	0.365	0.234	0.304	0.334	0.351	0.235	0.316	0.363	0.271	0.272	0.299	0.245	0.295	0.189	0.268	0.228	0.291	0.347	0.313	0.250	0.323	2.057	0.709	0.278	0.233	6.984	-16640.355
181	16	500	500	0.5100	0.280	0.337	0.343	0.281	0.344	0.302	0.295	0.303	0.350	0.288	0.239	0.349	0.322	0.295	0.305	0.267	0.280	0.269	0.367	0.269	0.330	0.294	0.300	0.291	0.315	0.279	0.287	0.382	0.290	0.263	2.037	0.444	0.214	0.184	1.000	-16687.012
182	16	500	500	0.5088	0.261	0.334	0.342	0.336	0.260	0.272	0.295	0.293	0.292	0.324	0.300	0.316	0.395	0.258	0.280	0.337	0.321	0.310	0.312	0.262	0.260	0.312	0.264	0.330	0.316	0.231	0.433	0.276	0.294	0.319	2.022	0.651	0.318	0.193	5.444	-16779.467
183	16	500	500	0.5142	0.335	0.311	0.269	0.293	0.272	0.302	0.341	0.320	0.286	0.265	0.328	0.270	0.295	0.264	0.345	0.247	0.319	0.345	0.338	0.337	0.268	0.306	0.331	0.299	0.293	0.222	0.290	0.277	0.235	0.317	2.073	0.609	0.291	0.191	2.098	-16579.039
184	16	500	500	0.5101	0.297	0.395	0.341	0.325	0.305	0.301	0.285	0.310	0.277	0.260	0.293	0.276	0.395	0.312	0.291	0.293	0.351	0.296	0.264	0.311	0.308	0.304	0.265	0.276	0.245	0.264	0.344	0.284	0.289	0.311	2.088	0.627	0.304	0.209	3.579	-16846.739
185	16	500	500	0.5229	0.294	0.370	0.350	0.347	0.301	0.242	0.333	0.275	0.306	0.342	0.291	0.329	0.228	0.330	0.262	0.360	0.305	0.276	0.278	0.348	0.322	0.296	0.356	0.320	0.314	0.345	0.350	0.335	0.280	0.375	2.011	0.660	0.337	0.189	6.714	-17188.883
186	16	500	498	0.5260	0.300	0.343	0.225	0.313	0.332	0.346	0.317	0.290	0.319	0.338	0.296	0.289	0.335	0.343	0.255	0.326	0.314	0.367	0.342	0.365	0.271	0.289	0.328	0.311	0.299	0.318	0.312	0.378	0.203	0.335	2.109	0.469	0.266	0.187	1.000	-17054.459
187	16	500	499	0.5178	0.279	0.261	0.267	0.311	0.318	0.272	0.315	0.333	0.344	0.238	0.292	0.276	0.344	0.346	0.287	0.297	0.289	0.313	0.275	0.300	0.298	0.294	0.290	0.422	0.226	0.305	0.314	0.341	0.253	0.372	2.087	0.535	0.280	0.216	1.000	-16972.523
188	16	500	500	0.5140	0.283	0.223	0.334	0.346	0.287	0.285	0.241	0.308	0.321	0.353	0.304	0.323	0.292	0.340	0.287	0.267	0.239	0.270	0.340	0.310	0.278	0.271	0.284	0.312	0.264	0.300	0.276	0.280	0.243	0.294	1.910	0.598	0.322	0.203	1.316	-16751.402
189	16	500	500	0.5076	0.310	0.272	0.324	0.284	0.286	0.271	0.258	0.329	0.353	0.280	0.314	0.297	0.296	0.239	0.310	0.293	0.317	0.298	0.295	0.316	0.330	0.343	0.254	0.319	0.273	0.298	0.309	0.343	0.299	0.308	1.885	0.430	0.209	0.185	1.000	-16706.161
190	16	500	500	0.5156	0.377	0.311	0.279	0.344	0.377	0.346	0.321	0.260	0.357	0.277	0.305	0.328	0.316	0.324	0.295	0.340	0.275	0.262	0.303	0.282	0.265	0.240	0.334	0.256	0.316	0.286	0.339	0.307	0.307	0.338	2.048	0.598	0.300	0.201	1.948	-17008.262
191	16	500	499	0.5250	0.306	0.263	0.269	0.280	0.311	0.391	0.312	0.299	0.242	0.319	0.341	0.330	0.320	0.309	0.321	0.302	0.284	0.294	0.210	0.311	0.332	0.237	0.287	0.351	0.291	0.259	0.264	0.359	0.308	0.288	1.956	0.493	0.259	0.192	1.000	-16731.893
192	16	500	499	0.5133	0.305	0.333	0.306	0.300	0.284	0.302	0.304	0.349	0.277	0.286	0.263	0.262	0.307	0.315	0.272	0.298	0.310	0.244	0.302	0.262	0.296	0.331	0.379	0.334	0.310	0.276	0.353	0.296	0.282	0.369	2.024	0.673	0.299	0.195	6.888	-16650.480
193	16	500	500	0.5145	0.324	0.247	0.336	0.303	0.332	0.300	0.312	0.280	0.321	0.250	0.330	0.328	0.292	0.302	0.319	0.329	0.256	0.293	0.317	0.279	0.321	0.349	0.315	0.334	0.376	0.293	0.280	0.343	0.312	0.321	2.112	0.610	0.316	0.191	3.766	-17013.909
194	16	500	499	0.4920	0.245	0.262	0.296	0.309	0.280	0.340	0.302	0.259	0.227	0.323	0.364	0.306	0.306	0.261	0.309	0.242	0.314	0.316	0.346	0.317	0.246	0.341	0.260	0.322	0.304	0.326	0.296	0.313	0.319	0.282	2.021	0.458	0.262	0.196	1.000	-16812.339
195	16	500	500	0.5138	0.263	0.350	0.270	0.228	0.334	0.355	0.303	0.271	0.250	0.286	0.318	0.309	0.393	0.399	0.263	0.321	0.307	0.313	0.287	0.351	0.283	0.385	0.323	0.413	0.316	0.288	0.279	0.307	0.354	0.317	2.002	0.544	0.317	0.206	1.000	-17316.454
196	16	500	500	0.5077	0.261	0.374	0.321	0.308	0.325	0.280	0.283	0.325	0.285	0.329	0.304	0.368	0.296	0.252	0.302	0.303	0.293	0.349	0.314	0.232	0.336	0.321	0.336	0.296	0.325	0.300	0.319	0.285	0.356	0.281	2.000	0.561	0.313	0.182	2.341	-17072.050
197	16	500	500	0.4977	0.285	0.339	0.355	0.272	0.299	0.170	0.329	0.350	0.294	0.259	0.338	0.327	0.297	0.283	0.312	0.252	0.275	0.287	0.320	0.251	0.315	0.334	0.304	0.273	0.308	0.309	0.330	0.310	0.317	0.323	1.922	0.632	0.282	0.214	1.000	-16977.077
198	16	500	500	0.5079	0.306	0.358	0.291	0.305	0.277	0.276	0.274	0.287	0.315	0.294	0.290	0.344	0.319	0.298	0.278	0.344	0.306	0.278	0.300	0.347	0.415	0.281	0.330	0.325	0.339	0.295	0.305	0.310	0.326	0.335	2.184	0.656	0.322	0.206	1.000	-16999.652
199	16	500	500	0.5097	0.280	0.277	0.252	0.331	0.246	0.349	0.326	0.304	0.311	0.283	0.287	0.274	0.289	0.359	0.260	0.231	0.325	0.273	0.321	0.274	0.293	0.302	0.311	0.312	0.251	0.273	0.342	0.317	0.287	0.286	1.913	0.621	0.379	0.199	1.000	-16818.233
200	16	500	500	0.5106	0.281	0.267	0.289	0.314	0.248	0.316	0.290	0.276	0.242	0.335	0.299	0.256	0.296	0.318	0.258	0.336	0.358	0.322	0.344	0.299	0.301	0.302	0.270	0.246	0.286	0.241	0.236	0.315	0.255	0.296	2.051	0.547	0.249	0.196	1.049	-16472.979
201	16	500	500	0.5110	0.352	0.221	0.253	0.264	0.286	0.301	0.306	0.334	0.409	0.304	0.282	0.300	0.329	0.267	0.302	0.284	0.279	0.352	0.326	0.294	0.317	0.300	0.310	0.364	0.318	0.269	0.331	0.248	0.331	0.252	1.939	0.630	0.370	0.186	1.000	-16828.047
202	16	500	500	0.5242	0.262	0.419	0.295	0.270	0.285	0.343	0.320	0.345	0.224	0.266	0.282	0.260	0.394	0.268	0.296	0.295	0.294	0.311	0.324	0.329	0.286	0.310	0.305	0.251	0.295	0.260	0.356	0.246	0.322	0.276	2.006	0.506	0.249	0.189	1.181	-16750.826
203	16	500	500	0.5145	0.340	0.313	0.289	0.315	0.340	0.287	0.260	0.312	0.322	0.296	0.304	0.288	0.442	0.331	0.294	0.333	0.355	0.341	0.315	0.297	0.298	0.286	0.270	0.266	0.311	0.304	0.278	0.343	0.313	0.266	2.101	0.586	0.314	0.198	1.692	-17101.813
204	16	500	499	0.5084	0.286	0.301	0.289	4.819	0.270	0.354	0.275	0.350	0.302	0.253	0.313	0.288	0.315	0.320	0.358	0.333	0.374	0.275	0.302	0.246	0.309	0.348	0.289	0.251	0.326	0.352	0.345	0.255	0.312	0.279	1.915	0.656	0.330	0.203	998.999	-16959.232
205	16	500	500	0.5144	0.188	0.331	0.424	0.181	0.492	0.349	0.331	0.372	0.305	0.369	0.312	0.276	0.290	0.363	0.291	0.384	0.267	0.293	0.322	0.257	0.329	0.310	0.302	0.279	0.307	0.268	0.301	0.296	0.273	0.274	2.049	0.260	0.138	0.200	850.572	-17153.756
206	16	500	500	0.5008	0.273	0.365	0.331	0.364	0.286	0.279	0.301	0.261	0.298	0.306	0.321	0.370	0.210	0.328	0.286	0.301	0.299	0.246	0.299	0.331	0.321	0.298	0.305	0.366	0.206	0.331	0.297	0.344	0.295	0.283	1.919	0.639	0.309	0.195	1.739	-16858.893
207	16	500	500	0.5081	0.295	0.374	0.293	0.337	0.296	0.322	0.347	0.251	0.295	0.272	0.235	0.404	0.338	0.265	0.356	0.267	0.370	0.273	0.302	0.341	0.293	0.342	0.315	0.341	0.320	0.291	0.266	0.262	0.312	0.343	2.002	0.641	0.344	0.203	22.864	-17054.911
208	16	500	500	0.5045	0.260	0.343	0.235	0.313	0.295	0.270	0.336	0.341	0.287	0.239	0.306	0.310	0.290	0.283	0.319	0.328	0.310	0.236	0.257	0.282	0.310	0.268	0.321	0.266	0.327	0.310	0.303	0.300	0.292	0.363	2.113	0.639	0.361	0.208	38.979	-16830.846
209	16	500	500	0.5190	0.354	0.386	0.294	0.358	0.272	0.269	0.285	0.279	0.299	0.269	0.346	0.295	0.318	0.283	0.384	0.295	0.268	0.315	0.280	0.326	0.337	0.338	0.279	0.306	0.291	0.323	0.321	0.232	0.329	0.293	2.028	0.572	0.315	0.206	1.135	-17109.178
210	16	500	500	0.5288	0.224	0.312	0.295	0.321	0.304	0.315	0.322	0.256	0.290	0.290	0.287	0.256	0.286	0.237	0.294	0.272	0.286	0.273	0.272	0.308	0.277	0.284	0.283	0.274	0.381	0.294	0.275	0.227	0.237	0.314	2.003	0.614	0.231	0.197	1.000	-16215.922
211	16	500	497	0.5194	0.279	0.321	0.288	0.347	0.369	0.353	0.312	0.331	0.309	0.274	0.315	0.313	0.342	0.334	0.270	0.320	0.315	0.258	0.311	0.287	0.296	0.271	0.357	0.313	0.320	0.295	0.324	0.269	0.297	0.358	2.103	0.523	0.294	0.190	1.000	-17188.638
212	16	500	500	0.5275	0.345	0.299	0.354	0.265	0.301	0.280	0.200	0.338	0.298	0.310	0.313	0.274	0.288	0.312	0.366	0.285	0.320	0.259	0.271	0.291	0.305	0.336	0.293	0.242	0.395	0.269	0.332	0.233	0.314	0.238	2.015	0.628	0.351	0.189	1.969	-16703.872
213	16	500	498	0.5015	0.248	0.262	0.322	0.262	0.323	0.264	0.321	0.278	0.347	0.260	0.301	0.250	0.337	0.268	0.275	0.296	0.257	0.360	0.279	0.285	0.321	0.273	0.316	0.340	0.306	0.297	0.329	0.247	0.299	0.290	1.957	0.568	0.325	0.212	1.000	-16757.484
214	16	500	500	0.5102	0.324	0.277	0.376	0.307	0.338	0.312	0.320	0.304	0.399	0.305	0.344	0.262	0.273	0.319	0.318	0.297	0.354	0.302	0.340	0.290	0.323	0.294	0.336	0.241	0.290	0.279	0.356	0.245	0.382	0.289	2.056	0.660	0.285	0.203	2.916	-17126.859
215	16	500	500	0.5044	0.312	0.225	0.288	0.309	0.312	0.259	0.277	0.301	0.398	0.314	0.334	0.273	0.279	0.295	0.340	0.279	0.296	0.277	0.271	0.339	0.366	0.282	0.292	0.260	0.302	0.322	0.301	0.298	0.284	0.313	1.961	0.546	0.288	0.189	1.000	-16761.204
216	16	500	500	0.5331	0.282	0.382	0.349	0.340	0.235	0.280	0.312	0.297	0.215	0.239	0.269	0.296	0.360	0.305	0.386	0.338	0.286	0.339	0.281	0.330	0.289	0.350	0.310	0.392	0.223	0.321	0.321	0.252	0.268	0.335	1.953	0.581	0.319	0.200	2.456	-17011.475
217	16	500	500	0.5157	0.242	0.324	0.288	0.229	0.317	0.368	0.295	0.338	0.241	0.277	0.335	0.270	0.307	0.329	0.243	0.320	0.278	0.354	0.316	0.339	0.282	0.373	0.341	0.368	0.350	0.267	0.331	0.273	0.337	0.301	1.944	0.620	0.380	0.197	2.495	-17074.896
218	16	500	500	0.5285	0.318	0.238	0.288	0.293	0.240	0.314	0.270	0.341	0.322	0.274	0.368	0.281	0.314	0.277	0.349	0.283	0.362	0.256	0.291	0.298	0.323	0.227	0.315	0.254	0.324	0.317	0.299	0.281	0.288	0.294	2.115	0.654	0.286	0.203	2.001	-16561.569
219	16	500	500	0.5069	0.224	0.275	0.270	0.260	0.296	0.326	0.337	0.246	0.312	0.294	0.298	0.334	0.256	0.353	0.319	0.296	0.286	0.383	0.323	0.291	0.267	0.288	0.347	0.317	0.266	0.271	0.325	0.302	0.282	0.310	2.056	0.622	0.337	0.209	1.475	-16908.563
220	16	500	499	0.5154	0.310	0.350	0.263	0.276	0.331	0.305	0.308	0.291	0.251	0.333	0.298	0.317	0.321	0.233	0.325	0.360	0.286	0.262	0.292	0.283	0.327	0.319	0.262	0.304	0.331	0.241	0.318	0.296	0.288	0.250	1.993	0.679	0.309	0.206	3.236	-16662.799
221	16	500	500	0.5255	0.241	0.299	0.328	0.297	0.347	0.230	0.290	0.306	0.275	0.300	0.316	0.264	0.321	0.339	0.292	0.308	0.293	0.362	0.221	0.273	0.332	0.304	0.275	0.226	0.202	0.270	0.324	0.310	0.298	0.271	2.060	0.666	0.299	0.182	3.219	-16407.001
222	16	500	500	0.5045	0.344	0.288	0.364	0.264	0.302	0.276	0.315	0.300	0.380	0.350	0.337	0.266	0.313	0.303	0.326	0.341	0.306	0.316	0.324	0.286	0.322	0.297	0.273	0.344	0.256	0.293	0.276	0.298	0.304	0.319	1.945	0.638	0.362	0.199	1.000	-17046.553
223	16	500	498	0.4995	0.282	0.362	0.284	0.245	0.291	0.284	0.285	0.311	0.270	0.288	0.245	0.271	0.261	0.353	0.349	0.320	0.309	0.298	0.340	0.326	0.244	0.266	0.300	0.353	0.346	0.316	0.262	0.243	0.308	0.305	2.012	0.678	0.293	0.209	4.488	-16669.791
224	16	500	500	0.5221	0.233	0.384	0.285	0.316	0.323	0.409	0.348	0.291	0.257	0.396	0.272	0.231	0.221	0.330	0.298	0.294	0.333	0.304	0.284	0.277	0.251	0.326	0.358	0.332	0.256	0.326	0.301	0.321	0.301	0.318	1.897	0.605	0.362	0.197	1.000	-17105.609
225	16	500	500	0.5158	0.273	0.304	0.296	0.284	0.251	0.273	0.277	0.343	0.308	0.331	0.294	0.366	0.404	0.332	0.306	0.328	0.292	0.275	0.333	0.280	0.328	0.411	0.330	0.261	0.309	0.291	0.265	0.275	0.310	0.316	2.062	0.453	0.234	0.197	1.000	-17023.272
226	16	500	500	0.5192	0.267	0.362	0.286	0.313	0.311	0.359	0.253	0.352	0.257	0.328	0.244	0.311	0.343	0.303	0.290	0.258	0.285	0.331	0.348	0.299	0.298	0.312	0.310	0.424	0.239	0.333	0.332	0.342	0.326	0.240	1.998	0.646	0.354	0.210	1.000	-17167.871
227	16	500	500	0.5267	0.295	0.265	0.310	0.274	0.310	0.301	0.264	0.255	0.306	0.209	0.280	0.295	0.312	0.250	0.299	0.283	0.213	0.294	0.270	0.309	0.301	0.349	0.275	0.300	0.266	0.271	0.294	0.313	0.314	0.338	1.981	0.600	0.298	0.207	1.000	-16553.580
228	16	500	500	0.5120	0.252	0.282	0.307	0.341	0.325	0.300	0.266	0.320	0.242	0.300	0.289	0.317	0.321	0.282	0.326	0.202	0.334	0.271	0.313	0.255	0.305	0.268	0.310	0.210	0.316	0.241	0.302	0.347	0.299	0.302	2.009	0.628	0.316	0.207	2.687	-16640.409
229	16	500	498	0.4973	0.286	0.371	0.243	0.366	0.307	0.238	0.288	0.304	0.272	0.283	0.352	0.282	0.322	0.270	0.254	0.329	0.263	0.214	0.310	0.345	0.322	0.341	0.391	0.209	0.286	0.296	0.317	0.255	0.289	0.249	1.930	0.677	0.308	0.200	10.972	-16538.962
230	16	500	500	0.4994	0.268	0.202	0.319	0.299	0.304	0.320	0.292	0.338	0.350	0.370	0.269	0.264	0.262	0.309	0.290	0.353	0.328	0.356	0.306	0.311	0.283	0.316	0.314	0.308	0.289	0.274	0.354	0.332	0.327	0.288	2.124	0.586	0.290	0.186	1.794	-16815.830
231	16	500	500	0.5015	0.317	0.324	0.286	0.313	0.285	0.356	0.352	0.285	0.370	0.352	0.334	0.395	0.269	0.291	0.267	0.369	0.367	0.269	0.305	0.295	0.297	0.327	0.268	0.273	0.240	0.311	0.323	0.353	0.236	0.318	2.078	0.637	0.340	0.191	2.794	-16963.651
232	16	500	499	0.5081	0.288	0.329	0.347	0.335	0.317	0.329	0.302	0.279	0.309	0.300	0.279	0.320	0.283	0.322	0.277	0.299	0.304	0.280	0.291	0.280	0.275	0.357	0.309	0.359	0.226	0.312	0.311	0.352	0.313	0.281	1.922	0.501	0.230	0.196	1.000	-16909.975
233	16	500	500	0.5105	0.322	0.283	0.360	0.245	0.321	0.310	0.281	0.294	0.284	0.297	0.288	0.349	0.310	0.290	0.262	0.247	0.273	0.328	0.264	0.304	0.351	0.292	0.378	0.373	0.240	0.273	0.271	0.283	0.273	0.367	2.031	0.610	0.296	0.196	4.205	-16812.134
234	16	500	500	0.5089	0.259	0.269	0.335	0.296	0.226	0.316	0.327	0.262	0.287	0.312	0.262	0.257	0.233	0.287	0.296	0.242	0.343	0.267	0.327	0.255	0.308	0.295	0.245	0.388	0.229	0.327	0.287	0.288	0.309	0.278	1.949	0.689	0.282	0.190	5.753	-16269.300
235	16	500	500	0.5120	0.248	0.312	0.375	0.312	0.248	0.302	0.347	0.297	0.273	0.318	0.276	0.266	0.260	0.336	0.348	0.340	0.355	0.341	0.324	0.249	0.257	0.340	0.315	0.333	0.359	0.292	0.290	0.370	0.209	0.321	1.858	0.544	0.304	0.198	1.000	-17093.597
236	16	500	500	0.5117	0.343	0.231	0.397	0.273	0.290	0.318	0.285	0.291	0.276	0.302	0.307	0.300	0.330	0.346	0.280	0.284	0.339	0.294	0.332	0.218	0.276	0.307	0.293	0.341	0.324	0.323	0.328	0.254	0.283	0.330	2.019	0.645	0.258	0.193	1.000	-16700.444
237	16	500	499	0.5118	0.335	0.297	0.321	0.317	0.295	0.341	0.358	0.292	0.431	0.279	0.317	0.294	0.323	0.373	0.263	0.283	0.280	0.312	0.332	0.302	0.322	0.299	0.293	0.228	0.267	0.283	0.316	0.341	0.310	0.263	2.102	0.655	0.340	0.221	6.683	-17125.318
238	16	500	499	0.5106	0.354	0.277	0.332	0.282	0.314	0.287	0.353	0.301	0.245	0.263	0.305	0.321	0.289	0.329	0.245	0.310	0.263	0.261	0.335	0.283	0.344	0.346	0.298	0.280	0.311	0.272	0.382	0.334	0.304	0.290	1.964	0.541	0.257	0.217	1.636	-17030.503
239	16	500	500	0.5134	0.303	0.262	0.281	0.291	0.316	0.338	0.305	0.311	0.297	0.329	0.292	0.306	0.262	0.290	0.281	0.220	0.279	0.240	0.294	0.300	0.306	0.332	0.303	0.343	0.300	0.279	0.324	0.325	0.318	0.304	1.982	0.694	0.306	0.193	1.000	-16601.373
240	16	500	499	0.5170	0.304	0.277	0.277	0.324	0.272	0.286	0.281	0.294	0.337	0.318	0.234	0.336	0.252	0.282	0.319	0.302	0.326	0.337	0.331	0.265	0.282	0.261	0.289	0.240	0.228	0.241	0.284	0.279	0.335	0.289	1.942	0.372	0.182	0.223	1.000	-16731.495
241	16	500	499	0.5037	0.300	0.396	0.298	0.294	0.292	0.331	0.261	0.286	0.374	0.348	0.266	0.315	0.253	0.256	0.242	0.267	0.236	0.333	0.315	0.281	0.260	0.283	0.323	0.353	0.275	0.319	0.235	0.323	0.326	0.301	2.026	0.595	0.284	0.208	1.819	-16715.896
242	16	500	500	0.5030	0.244	0.371	0.255	0.314	0.298	0.286	0.259	0.306	0.272	0.249	0.227	0.301	0.313	0.270	0.301	0.285	0.260	0.304	0.311	0.305	0.262	0.279	0.311	0.285	0.253	0.307	0.334	0.316	0.277	0.346	1.963	0.597	0.275	0.209	2.070	-16659.815
243	16	500	500	0.5075	0.294	0.283	0.352	0.300	0.252	0.289	0.249	0.263	0.294	0.400	0.279	0.312	0.312	0.285	0.317	0.263	0.350	0.240	0.365	0.325	0.334	0.322	0.326	0.303	0.281	0.324	0.310	0.275	0.267	0.346	2.058	0.626	0.281	0.180	1.050	-16702.882
244	16	500	500	0.5154	0.297	0.217	0.246	0.290	0.326	0.303	0.320	0.254	0.325	0.339	0.274	0.324	0.309	0.283	0.307	0.322	0.281	0.283	0.333	0.324	0.321	0.294	0.313	0.309	0.225	0.293	0.335	0.272	0.260	0.300	2.046	0.584	0.267	0.217	1.680	-16743.458
245	16	500	498	0.5165	0.287	0.233	0.333	0.270	0.361	0.316	0.333	0.310	0.343	0.217	0.335	0.337	0.334	0.350	0.280	0.343	0.329	0.378	0.254	0.267	0.349	0.312	0.327	0.360	0.279	0.274	0.354	0.365	0.273	0.325	1.867	0.632	0.320	0.200	3.568	-17191.988
246	16	500	500	0.5087	0.314	0.279	0.328	0.269	0.274	0.273	0.310	0.305	0.287	0.279	0.308	0.312	0.275	0.318	0.249	0.314	0.383	0.328	0.272	0.266	0.299	0.348	0.287	0.250	0.283	0.266	0.313	0.333	0.327	0.287	1.970	0.615	0.286	0.202	1.000	-16727.877
247	16	500	499	0.4902	0.210	0.366	0.283	0.288	0.274	0.303	0.271	0.301	0.334	0.267	0.315	0.240	0.289	0.319	0.302	0.276	0.286	0.321	0.247	0.268	0.333	0.327	0.293	0.319	0.362	0.268	0.295	0.257	0.261	0.301	2.041	0.520	0.243	0.202	1.104	-16458.058
248	16	500	499	0.5299	0.320	0.250	0.236	0.331	0.286	0.309	0.329	0.287	0.321	0.345	0.298	0.305	0.288	0.292	0.336	0.373	0.246	0.272	0.342	0.274	0.330	0.293	0.303	0.410	0.247	0.262	0.339	0.312	0.310	0.307	2.036	0.641	0.318	0.197	6.296	-16838.953
249	16	500	500	0.5137	0.287	0.385	0.344	0.280	0.340	0.351	0.275	0.304	0.284	0.281	0.288	0.303	0.273	0.297	0.313	0.295	0.259	0.300	0.299	0.288	0.256	0.343	0.342	0.256	0.296	0.339	0.258	0.337	0.303	0.254	1.932	0.657	0.337	0.197	9.273	-16843.835
250	16	500	500	0.5157	0.380	0.271	0.261	0.259	0.302	0.303	0.255	0.303	0.237	0.264	0.308	0.257	0.287	0.297	0.230	0.344	0.293	0.368	0.384	0.263	0.299	0.334	0.323	0.286	0.277	0.329	0.318	0.312	0.309	0.318	1.902	0.514	0.251	0.204	1.000	-16867.627
251	16	500	499	0.5076	0.323	0.278	0.295	0.313	0.295	0.301	0.327	0.329	0.271	0.268	0.335	0.323	0.309	0.275	0.250	0.278	0.282	0.265	0.289	0.317	0.312	0.291	0.306	0.299	0.217	0.302	0.327	0.265	0.305	0.273	2.034	0.572	0.303	0.201	1.020	-16705.516
252	16	500	500	0.5199	0.320	0.309	0.286	0.247	0.306	0.327	0.270	0.364	0.308	0.296	0.244	0.270	0.303	0.286	0.322	0.299	0.241	0.292	0.266	0.325	0.266	0.316	0.362	0.274	0.295	0.307	0.265	0.310	0.313	0.287	1.963	0.542	0.238	0.210	1.000	-16732.082
253	16	500	500	0.5200	0.362	0.266	0.310	0.296	0.261	0.300	0.295	0.274	0.308	0.262	0.272	0.279	0.229	0.245	0.259	0.269	0.324	0.325	0.235	0.299	0.308	0.268	0.248	0.291	0.281	0.327	0.317	0.347	0.293	0.321	2.060	0.629	0.274	0.197	2.378	-16384.530
254	16	500	500	0.5075	0.375	0.237	0.295	0.254	0.251	0.278	0.253	0.284	0.310	0.329	0.312	0.241	0.303	0.328	0.279	0.323	0.327	0.317	0.275	0.259	0.357	0.333	0.280	0.316	0.253	0.286	0.326	0.296	0.294	0.310	1.919	0.675	0.300	0.196	2.391	-16490.368
255	16	500	500	0.5115	0.310	0.254	0.334	0.310	0.276	0.284	0.292	0.308	0.287	0.329	0.298	0.273	0.251	0.348	0.323	0.321	0.296	0.268	0.263	0.306	0.283	0.263	0.285	0.327	0.270	0.269	0.282	0.309	0.306	0.273	1.978	0.617	0.267	0.196	2.757	-16486.728
256	16	500	500	0.5243	0.277	0.167	0.274	0.340	0.258	0.284	0.286	0.307	0.395	0.304	0.300	0.300	0.285	0.234	0.281	0.297	0.405	0.254	0.277	0.267	0.272	0.313	0.278	0.233	0.282	0.305	0.296	0.326	0.311	0.230	2.035	0.592	0.289	0.181	1.326	-16246.984
257	16	500	500	0.5060	0.313	0.298	0.276	0.326	0.269	0.336	0.189	0.339	0.244	0.240	0.364	0.262	0.357	0.281	0.288	0.291	0.433	0.306	0.297	0.357	0.283	0.246	0.323	0.305	0.343	0.233	0.306	0.300	0.247	0.289	1.937	0.609	0.311	0.205	1.687	-16773.880
258	16	500	500	0.5073	0.375	0.248	0.326	0.287	0.313	0.351	0.299	0.299	0.323	0.248	0.289	0.273	0.314	0.294	0.282	0.314	0.269	0.233	0.290	0.307	0.352	0.284	0.284	0.297	0.310	0.342	0.364	0.321	0.293	0.305	2.157	0.535	0.297	0.199	1.000	-16911.524
259	16	500	498	0.5133	0.258	0.291	0.243	0.265	0.278	0.270	0.246	0.316	0.264	0.366	0.282	0.263	0.304	0.314	0.280	0.277	0.248	0.299	0.311	0.270	0.358	0.278	0.307	0.314	0.260	0.305	0.271	0.315	0.250	0.307	1.912	0.648	0.285	0.203	1.511	-16419.090
260	16	500	500	0.5106	0.334	0.250	0.364	0.333	0.311	0.346	0.261	0.317	0.334	0.289	0.331	0.277	0.303	0.330	0.268	0.268	0.362	0.251	0.316	0.321	0.266	0.308	0.289	0.375	0.289	0.292	0.318	0.267	0.331	0.307	2.107	0.658	0.332	0.205	9.881	-17003.787
261	16	500	498	0.4970	0.278	0.335	0.279	0.243	0.335	0.298	0.387	0.259	0.336	0.283	0.278	0.352	0.255	0.340	0.250	0.275	0.260	0.282	0.315	0.285	0.363	0.278	0.332	0.309	0.285	0.292	0.317	0.274	0.310	0.278	2.067	0.647	0.353	0.206	7.083	-16721.007
262	16	500	500	0.4970	0.346	0.314	0.333	0.311	0.267	0.233	0.315	0.276	0.302	0.270	0.294	0.303	0.269	0.295	0.279	0.303	0.261	0.307	0.245	0.359	0.232	0.241	0.293	0.221	0.383	0.258	0.304	0.276	0.272	0.325	2.007	0.553	0.239	0.201	1.000	-16365.737
263	16	500	500	0.4965	0.238	0.256	0.299	0.306	0.299	0.264	0.334	0.282	0.282	0.313	0.353	0.278	0.261	0.274	0.277	0.276	0.270	0.278	0.318	0.331	0.267	0.305	0.262	0.403	0.369	0.291	0.285	0.241	0.259	0.288	2.045	0.625	0.320	0.206	4.007	-16616.400
264	16	500	499	0.5040	0.313	0.323	0.240	0.359	0.348	0.328	0.317	0.336	0.284	0.296	0.305	0.313	0.282	0.341	0.262	0.346	0.259	0.306	0.356	0.338	0.296	0.321	0.357	0.333	0.225	0.250	0.300	0.353	0.348	0.273	1.889	0.552	0.296	0.202	1.000	-17080.023
265	16	500	499	0.5148	0.309	0.292	0.293	0.372	0.282	0.244	0.357	0.310	0.257	0.268	0.279	0.311	0.277	0.317	0.344	0.309	0.247	0.349	0.246	0.339	0.250	0.279	0.294	0.271	0.359	0.289	0.267	0.296	0.270	0.256	2.037	0.666	0.316	0.220	9.183	-16702.124
266	16	500	500	0.5230	0.015	0.285	0.234	0.274	0.340	0.385	0.361	0.211	0.320	0.341	0.330	0.327	0.329	0.292	0.303	0.684	0.283	0.363	0.297	0.311	0.284	0.319	0.287	0.291	0.340	0.338	0.326	0.304	0.268	0.385	2.075	0.497	0.339	0.192	1.000	-17258.772
267	16	500	500	0.5046	0.293	0.257	0.353	0.314	0.361	0.276	0.325	0.241	0.260	0.285	0.339	0.335	0.254	0.310	0.304	0.325	0.289	0.347	0.347	0.261	0.245	0.339	0.275	0.316	0.237	0.246	0.275	0.279	0.317	0.311	1.969	0.621	0.336	0.197	1.000	-16810.007
268	16	500	500	0.5215	0.338	0.249	0.293	0.264	0.307	0.281	0.240	0.325	0.356	0.261	0.263	0.279	0.283	0.300	0.313	0.285	0.232	0.263	0.322	0.344	0.278	0.308	0.319	0.384	0.287	0.245	0.316	0.370	0.303	0.311	2.053	0.618	0.289	0.211	1.694	-16763.020
269	16	500	500	0.5036	0.332	0.310	0.279	0.276	0.333	0.287	0.291	0.272	0.308	0.383	0.306	0.289	0.252	0.275	0.287	0.274	0.313	0.243	0.308	0.308	0.316	0.268	0.315	0.228	0.344	0.267	0.295	0.299	0.287	0.321	1.963	0.555	0.224	0.204	1.000	-16671.809
270	16	500	499	0.5167	0.322	0.310	0.383	0.339	0.303	0.343	0.333	0.237	0.323	0.303	0.294	0.291	0.296	0.354	0.256	0.297	0.321	0.306	0.324	0.250	0.307	0.288	0.316	0.440	0.340	0.330	0.306	0.265	0.288	0.300	2.036	0.641	0.348	0.206	19.949	-17049.802
271	16	500	500	0.5081	0.325	0.307	0.318	0.292	0.300	0.326	0.291	0.329	0.370	0.330	0.302	0.314	0.312	0.328	0.315	0.301	0.210	0.329	0.316	0.276	0.303	0.272	0.289	0.335	0.285	0.268	0.322	0.201	0.243	0.306	1.849	0.681	0.319	0.202	7.625	-16822.080
272	16	500	500	0.5144	0.289	0.248	0.310	0.315	0.309	0.290	0.327	0.314	0.323	0.321	0.287	0.304	0.285	0.213	0.367	0.276	0.335	0.342	0.320	0.267	0.297	0.355	0.290	0.253	0.303	0.346	0.356	0.244	0.331	0.313	2.020	0.626	0.320	0.212	5.144	-17055.322
273	16	500	500	0.5235	0.571	0.290	0.362	0.252	0.312	0.269	0.277	0.330	0.319	0.267	0.323	0.332	0.326	0.281	0.267	0.089	0.300	0.342	0.273	0.272	0.305	0.315	0.265	0.361	0.289	0.310	0.312	0.334	0.299	0.292	2.056	0.654	0.346	0.199	1.000	-16853.360
274	16	500	500	0.5130	0.286	0.341	0.286	0.280	0.330	0.326	0.293	0.269	0.317	0.340	0.318	0.278	0.294	0.329	0.299	0.226	0.404	0.272	0.295	0.276	0.276	0.346	0.279	0.323	0.327	0.282	0.270	0.314	0.354	0.328	2.029	0.422	0.230	0.195	1.206	-17021.579
275	16	500	500	0.5284	0.295	0.273	0.359	0.275	0.301	0.321	0.323	0.321	0.282	0.300	0.317	0.264	0.208	0.288	0.293	0.240	0.254	0.351	0.290	0.313	0.222	0.286	0.291	0.270	0.327	0.309	0.271	0.212	0.301	0.282	2.056	0.525	0.231	0.208	1.303	-16631.241
276	16	500	500	0.5217	0.284	0.279	0.325	0.290	0.327	0.360	0.341	0.274	0.251	0.295	0.265	0.302	0.331	0.371	0.297	0.255	0.285	0.246	0.310	0.325	0.312	0.281	0.315	0.355	0.328	0.270	0.317	0.305	0.315	0.256	1.957	0.608	0.332	0.200	3.752	-16996.989
277	16	500	500	0.5110	0.307	0.325	0.345	0.314	0.314	0.308	0.326	0.349	0.327	0.258	0.415	0.306	0.249	0.324	0.371	0.260	0.260	0.259	0.300	0.265	0.414	0.346	0.323	0.351	0.279	0.332	0.268	0.378	0.372	0.355	2.056	0.584	0.327	0.199	1.220	-17458.226
278	16	500	500	0.5190	0.249	0.234	0.312	0.284	0.337	0.337	0.284	0.313	0.369	0.313	0.238	0.302	0.242	0.333	0.321	0.270	0.395	0.304	0.311	0.305	0.295	0.361	0.289	0.232	0.313	0.250	0.278	0.398	0.315	0.313	2.007	0.650	0.327	0.210	1.000	-17054.938
279	16	500	500	0.4985	0.321	0.350	0.352	0.362	0.279	0.296	0.385	0.292	0.258	0.314	0.254	0.239	0.229	0.305	0.283	0.289	0.267	0.251	0.277	0.283	0.339	0.296	0.291	0.332	0.374	0.291	0.304	0.197	0.347	0.258	1.973	0.680	0.297	0.204	4.924	-16718.255
280	16	500	500	0.5004	0.259	0.267	0.331	0.414	0.298	0.272	0.204	0.327	0.303	0.307	0.324	0.322	0.314	0.302	0.314	0.279	0.320	0.335	0.271	0.254	0.261	0.313	0.231	0.263	0.373	0.289	0.327	0.364	0.306	0.317	2.024	0.652	0.339	0.224	38.989	-16941.716
281	16	500	500	0.5013	0.220	0.274	0.355	0.263	0.322	0.234	0.302	0.269	0.298	0.338	0.307	0.270	0.341	0.339	0.342	0.172	0.350	0.286	0.289	0.276	0.310	0.299	0.267	0.362	0.362	0.256	0.286	0.282	0.314	0.273	2.054	0.644	0.253	0.195	2.098	-16484.622
282	16	500	499	0.5270	0.302	0.296	0.234	0.291	0.298	0.357	0.252	0.284	0.244	0.211	0.299	0.268	0.407	0.298	0.293	0.225	0.250	0.357	0.280	0.296	0.271	0.275	0.299	0.353	0.340	0.268	0.290	0.273	0.254	0.326	2.027	0.672	0.308	0.188	6.261	-16395.145
283	16	500	500	0.5279	0.298	0.292	0.282	0.279	0.302	0.296	0.313	0.295	0.250	0.251	0.294	0.313	0.376	0.312	0.319	0.361	0.351	0.245	0.282	0.305	0.324	0.278	0.281	0.241	0.256	0.294	0.266	0.350	0.288	0.339	2.024	0.602	0.330	0.194	4.125	-16830.705
284	16	500	500	0.5101	0.326	0.270	0.328	0.325	0.271	0.324	0.319	0.316	0.277	0.293	0.280	0.272	0.264	0.245	0.287	0.267	0.279	0.314	0.289	0.252	0.359	0.311	0.306	0.319	0.279	0.289	0.337	0.290	0.292	0.314	2.027	0.411	0.256	0.193	1.000	-16777.023
285	16	500	500	0.5159	0.288	0.325	0.262	0.296	0.298	0.313	0.315	0.265	0.293	0.290	0.320	0.238	0.337	0.310	0.319	0.307	0.341	0.257	0.287	0.324	0.238	0.356	0.278	0.276	0.283	0.338	0.313	0.281	0.332	0.255	2.093	0.594	0.294	0.205	1.454	-16763.429
286	16	500	500	0.5150	0.250	0.363	0.336	0.292	0.242	0.278	0.307	0.261	0.226	0.308	0.284	0.288	0.315	0.289	0.312	0.307	0.328	0.349	0.361	0.349	0.287	0.300	0.310	0.283	0.245	0.258	0.309	0.369	0.323	0.345	2.026	0.641	0.299	0.203	4.950	-16888.322
287	16	500	500	0.5300	0.327	0.387	0.369	0.333	0.281	0.272	0.302	0.284	0.252	0.371	0.267	0.309	0.275	0.261	0.349	0.276	0.313	0.294	0.309	0.293	0.280	0.266	0.315	0.297	0.325	0.319	0.316	0.273	0.335	0.328	1.964	0.553	0.242	0.199	1.130	-17012.810
288	16	500	500	0.5313	0.318	0.282	0.314	0.319	0.306	0.315	0.253	0.303	0.306	0.312	0.370	0.330	0.240	0.305	0.287	0.297	0.281	0.312	0.300	0.284	0.290	0.332	0.294	0.286	0.322	0.274	0.297	0.274	0.319	0.282	2.001	0.456	0.214	0.202	1.000	-16854.317
289	16	500	500	0.5142	0.227	0.257	0.277	0.292	0.286	0.272	0.325	0.348	0.330	0.271	0.325	0.334	0.282	0.269	0.274	0.254	0.273	0.333	0.311	0.299	0.277	0.289	0.262	0.326	0.306	0.310	0.218	0.307	0.317	0.264	2.131	0.629	0.291	0.207	1.945	-16530.029
290	16	500	499	0.5087	0.324	0.253	0.335	0.280	0.350	0.300	0.307	0.287	0.345	0.272	0.323	0.311	0.381	0.277	0.337	0.244	0.273	0.232	0.320	0.268	0.307	0.269	0.302	0.299	0.321	0.308	0.284	0.329	0.306	0.288	2.090	0.582	0.306	0.190	1.948	-16854.231
291	16	500	500	0.5088	0.333	0.361	0.261	0.312	0.324	0.333	0.356	0.335	0.274	0.359	0.341	0.288	0.327	0.294	0.291	0.230	0.272	0.363	0.348	0.304	0.229	0.357	0.329	0.315	0.209	0.300	0.289	0.387	0.359	0.305	2.063	0.551	0.294	0.215	1.000	-17314.687
292	16	500	500	0.5105	0.274	0.234	0.371	0.288	0.290	0.272	0.323	0.275	0.366	0.285	0.296	0.325	0.285	0.290	0.287	0.316	0.372	0.203	0.325	0.290	0.326	0.314	0.333	0.311	0.314	0.319	0.283	0.341	0.330	0.278	1.901	0.536	0.274	0.197	1.047	-16871.209
293	16	500	500	0.5085	0.329	0.341	0.272	0.338	0.211	0.262	0.291	0.280	0.241	0.357	0.252	0.342	0.304	0.346	0.316	0.304	0.336	0.268	0.289	0.300	0.252	0.330	0.315	0.312	0.272	0.278	0.320	0.280	0.281	0.278	1.896	0.576	0.290	0.203	4.819	-16682.768
294	16	500	499	0.5129	0.246	0.269	0.240	0.284	0.280	0.275	0.288	0.240	0.358	0.254	0.312	0.361	0.284	0.339	0.304	0.314	0.272	0.272	0.286	0.286	0.326	0.295	0.291	0.316	0.287	0.299	0.283	0.341	0.268	0.246	2.065	0.560	0.235	0.194	1.000	-16347.974
295	16	500	500	0.5309	0.246	0.308	0.301	0.272	0.329	0.335	0.281	0.300	0.290	0.300	0.242	0.291	0.244	0.280	0.320	0.268	0.341	0.278	0.302	0.331	0.268	0.307	0.340	0.294	0.233	0.336	0.282	0.264	0.272	0.318	2.031	0.635	0.268	0.204	3.826	-16664.871
296	16	500	500	0.5183	0.276	0.291	0.329	0.272	0.276	0.237	0.301	0.268	0.329	0.309	0.306	0.306	0.361	0.319	0.289	0.280	0.317	0.355	0.301	0.286	0.341	0.293	0.280	0.320	0.319	0.324	0.257	0.306	0.246	0.287	2.042	0.553	0.260	0.188	1.000	-16595.801
297	16	500	500	0.4912	0.237	0.282	0.336	0.278	0.309	0.254	0.277	0.306	0.332	0.269	0.327	0.310	0.419	0.292	0.332	0.324	0.259	0.280	0.282	0.345	0.384	0.336	0.297	0.290	0.287	0.349	0.313	0.352	0.271	0.283	2.083	0.492	0.292	0.216	1.000	-17135.295
298	16	500	500	0.5052	0.324	0.288	0.316	0.259	0.295	0.235	0.279	0.338	0.374	0.281	0.278	0.323	0.326	0.253	0.317	0.275	0.268	0.304	0.279	0.291	0.234	0.315	0.265	0.323	0.368	0.259	0.350	0.279	0.341	0.235	2.050	0.513	0.254	0.193	1.085	-16557.633
299	16	500	500	0.5015	0.319	0.290	0.279	0.295	0.249	0.297	0.280	0.236	0.304	0.296	0.244	0.252	0.334	0.295	0.320	0.278	0.289	0.292	0.274	0.238	0.261	0.321	0.302	0.292	0.252	0.254	0.261	0.278	0.289	0.283	1.902	0.653	0.276	0.200	1.510	-16216.080
300	16	500	500	0.5281	0.298	0.333	0.327	0.331	0.308	0.304	0.310	0.344	0.297	0.302	0.317	0.343	0.303	0.339	0.316	0.280	0.286	0.279	0.388	0.337	0.264	0.293	0.360	0.309	0.276	0.319	0.305	0.290	0.306	0.320	2.044	0.620	0.360	0.203	4.539	-17245.499
301	16	500	500	0.5182	0.315	0.211	0.296	0.254	0.298	0.306	0.295	0.269	0.357	0.299	0.255	0.290	0.284	0.280	0.278	0.394	0.246	0.272	0.306	0.341	0.293	0.319	0.253	0.265	0.250	0.316	0.302	0.275	0.351	0.285	1.941	0.692	0.305	0.199	22.412	-16576.635
302	16	500	500	0.5150	0.263	0.263	0.319	0.206	0.312	0.360	0.343	0.222	0.315	0.276	0.349	0.364	0.400	0.257	0.295	0.296	0.350	0.321	0.316	0.311	0.331	0.260	0.316	0.322	0.272	0.284	0.277	0.228	0.267	0.327	2.017	0.370	0.185	0.190	1.000	-16718.449
303	16	500	498	0.5022	0.345	0.295	0.308	0.312	0.333	0.342	0.266	0.359	0.406	0.221	0.343	0.323	0.383	0.287	0.276	0.275	0.397	0.259	0.333	0.231	0.322	0.349	0.222	0.273	0.332	0.374	0.250	0.289	0.362	0.285	2.074	0.601	0.352	0.181	2.645	-16917.141
304	16	500	500	0.5095	0.340	0.350	0.337	0.283	0.312	0.281	0.342	0.264	0.226	0.327	0.330	0.292	0.301	0.350	0.267	0.334	0.370	0.301	0.276	0.315	0.331	0.325	0.327	0.284	0.290	0.297	0.288	0.249	0.363	0.336	2.082	0.145	0.084	0.197	1.000	-17113.746
305	16	500	499	0.5200	0.321	0.273	0.407	0.259	0.256	0.320	0.288	0.312	0.288	0.298	0.301	0.325	0.280	0.299	0.296	0.326	0.220	0.275	0.311	0.353	0.318	0.331	0.232	0.341	0.246	0.268	0.219	0.320	0.332	0.281	2.117	0.567	0.279	0.207	1.164	-16702.729
306	16	500	500	0.5210	0.281	0.324	0.296	0.291	0.343	0.268	0.307	0.252	0.312	0.282	0.272	0.358	0.312	0.312	0.309	0.353	0.285	0.245	0.338	0.285	0.246	0.339	0.276	0.250	0.306	0.299	0.300	0.284	0.292	0.319	1.964	0.625	0.337	0.203	4.311	-16885.357
307	16	500	500	0.5190	0.210	0.326	0.288	0.330	0.324	0.312	0.250	0.363	0.308	0.286	0.338	0.289	0.294	0.288	0.273	0.307	0.360	0.346	0.277	0.300	0.295	0.227	0.345	0.302	0.309	0.294	0.299	0.312	0.301	0.334	2.097	0.666	0.334	0.210	1.000	-17004.023
308	16	500	499	0.5210	0.308	0.231	0.287	0.285	0.319	0.376	0.294	0.282	0.304	0.325	0.301	0.357	0.249	0.284	0.284	0.283	0.311	0.297	0.257	0.311	0.299	0.329	0.296	0.278	0.396	0.330	0.286	0.290	0.294	0.296	2.055	0.598	0.314	0.193	2.259	-16807.567
309	16	500	500	0.4975	0.294	0.214	0.249	0.247	0.334	0.338	0.325	0.307	0.401	0.304	0.272	0.285	0.307	0.271	0.289	0.277	0.287	0.314	0.277	0.264	0.308	0.232	0.273	0.285	0.329	0.259	0.301	0.347	0.315	0.274	1.891	0.539	0.248	0.197	1.188	-16491.310
310	16	500	499	0.5013	0.301	0.318	0.280	0.358	0.326	0.327	0.360	0.263	0.219	0.356	0.277	0.284	0.294	0.335	0.300	0.300	0.335	0.340	0.293	0.325	0.246	0.370	0.272	0.262	0.332	0.290	0.303	0.268	0.319	0.283	2.032	0.366	0.195	0.228	1.000	-17098.958
311	16	500	500	0.5185	0.353	0.269	0.283	0.362	0.272	0.300	0.314	0.338	0.323	0.300	0.383	0.312	0.320	0.265	0.293	0.288	0.305	0.240	0.277	0.334	0.339	0.304	0.314	0.306	0.281	0.310	0.353	0.332	0.337	0.326	1.975	0.635	0.330	0.205	8.572	-17014.706
312	16	500	500	0.4936	0.365	0.305	0.311	0.323	0.347	0.217	0.282	0.317	0.356	0.317	0.257	0.300	0.304	0.260	0.284	0.355	0.223	0.329	0.373	0.275	0.300	0.342	0.259	0.276	0.314	0.325	0.324	0.316	0.305	0.288	1.945	0.659	0.338	0.201	17.079	-16861.932
313	16	500	500	0.5192	0.313	0.266	0.264	0.301	0.311	0.246	0.284	0.299	0.346	0.343	0.336	0.281	0.248	0.303	0.307	0.301	0.284	0.294	0.304	0.312	0.316	0.392	0.267	0.355	0.289	0.315	0.311	0.367	0.345	0.284	1.936	0.688	0.304	0.218	32.620	-16983.354
314	16	500	499	0.5154	0.351	0.368	0.261	0.287	0.318	0.352	0.255	0.340	0.339	0.249	0.330	0.294	0.299	0.336	0.340	0.295	0.297	0.291	0.243	0.320	0.308	0.261	0.297	0.288	0.259	0.294	0.249	0.333	0.295	0.275	2.049	0.702	0.298	0.210	18.405	-16690.043
315	16	500	499	0.5214	0.301	0.297	0.307	0.333	0.286	0.293	0.316	0.296	0.297	0.317	0.312	0.276	0.280	0.287	0.282	0.298	0.350	0.262	0.352	0.290	0.307	0.277	0.283	0.264	0.249	0.306	0.276	0.271	0.300	0.271	1.939	0.619	0.318	0.193	3.054	-16607.345
316	16	500	500	0.5126	0.312	0.272	0.398	0.312	0.267	0.304	0.303	0.330	0.418	0.324	0.372	0.321	0.281	0.278	0.334	0.319	0.247	0.243	0.280	0.368	0.262	0.317	0.284	0.355	0.308	0.330	0.332	0.270	0.270	0.312	2.057	0.422	0.276	0.205	1.000	-17265.920
317	16	500	500	0.5228	0.268	0.232	0.315	0.317	0.310	0.266	0.261	0.301	0.282	0.301	0.329	0.294	0.300	0.327	0.314	0.289	0.335	0.275	0.331	0.256	0.289	0.264	0.297	0.312	0.354	0.256	0.288	0.322	0.294	0.242	2.154	0.697	0.294	0.212	22.326	-16580.275
318	16	500	500	0.5033	0.331	0.252	0.279	0.406	0.280	0.293	0.285	0.307	0.328	0.321	0.318	0.268	0.367	0.331	0.324	0.291	0.326	0.260	0.317	0.302	0.307	0.310	0.286	0.267	0.262	0.299	0.223	0.291	0.256	0.252	2.093	0.691	0.301	0.212	63.525	-16513.443
319	16	500	500	0.5138	0.297	0.254	0.269	0.292	0.226	0.347	0.289	0.329	0.267	0.262	0.297	0.333	0.325	0.343	0.292	0.286	0.226	0.304	0.299	0.349	0.253	0.236	0.320	0.334	0.274	0.252	0.331	0.298	0.284	0.352	1.936	0.625	0.279	0.198	2.756	-16700.612
320	16	500	500	0.5055	0.304	0.355	0.288	0.292	0.293	0.277	0.357	0.321	0.276	0.311	0.289	0.308	0.359	0.249	0.366	0.251	0.315	0.342	0.275	0.276	0.275	0.361	0.246	0.255	0.328	0.300	0.292	0.290	0.319	0.247	2.167	0.600	0.286	0.180	1.000	-16550.189
321	16	500	500	0.5142	0.334	0.310	0.348	0.324	0.264	0.276	0.349	0.322	0.265	0.264	0.364	0.351	0.350	0.270	0.319	0.291	0.292	0.280	0.383	0.288	0.382	0.332	0.305	0.346	0.335	0.344	0.285	0.258	0.276	0.311	1.969	0.588	0.331	0.192	1.063	-17233.541
322	16	500	500	0.5100	0.251	0.306	0.319	0.237	0.327	0.308	0.303	0.302	0.278	0.295	0.253	0.271	0.359	0.273	0.295	0.261	0.317	0.261	0.309	0.290	0.276	0.232	0.276	0.258	0.260	0.345	0.313	0.282	0.348	0.298	2.035	0.430	0.179	0.192	1.000	-16408.406
323	16	500	499	0.5268	0.316	0.260	0.305	0.277	0.291	0.262	0.350	0.304	0.348	0.276	0.294	0.325	0.302	0.264	0.333	0.287	0.278	0.272	0.267	0.313	0.323	0.307	0.347	0.352	0.312	0.291	0.212	0.308	0.324	0.212	1.941	0.553	0.237	0.226	1.571	-16870.469
324	16	500	499	0.5170	0.246	0.318	0.371	0.294	0.273	0.229	0.290	0.287	0.273	0.348	0.308	0.241	0.333	0.309	0.312	0.262	0.352	0.308	0.296	0.278	0.327	0.315	0.334	0.304	0.371	0.358	0.279	0.326	0.308	0.275	1.936	0.650	0.315	0.206	3.583	-16792.573
325	16	500	500	0.5222	0.297	0.327	0.232	0.329	0.290	0.276	0.298	0.290	0.344	0.275	0.298	0.327	0.296	0.292	0.291	0.265	0.294	0.335	0.234	0.296	0.290	0.288	0.301	0.301	0.265	0.209	0.280	0.300	0.286	0.267	1.986	0.647	0.311	0.200	5.341	-16449.696
326	16	500	500	0.5183	0.274	0.354	0.302	0.345	0.328	0.356	0.326	0.312	0.334	0.323	0.290	0.342	0.324	0.305	0.265	0.304	0.270	0.332	0.238	0.260	0.323	0.349	0.341	0.359	0.296	0.273	0.321	0.349	0.331	0.283	1.947	0.514	0.321	0.185	1.145	-17102.712
327	16	500	498	0.5139	0.266	0.329	0.280	0.304	0.330	0.255	0.302	0.259	0.283	0.206	0.267	0.278	0.312	0.232	0.311	0.278	0.266	0.267	0.280	0.306	0.322	0.295	0.270	0.261	0.283	0.281	0.278	0.330	0.280	0.313	1.868	0.665	0.313	0.197	1.000	-16364.391
328	16	500	500	0.5018	0.355	0.323	0.348	0.338	0.252	0.327	0.283	0.323	0.252	0.361	0.303	0.294	0.270	0.301	0.290	0.258	0.268	0.259	0.308	0.270	0.321	0.308	0.311	0.274	0.297	0.291	0.330	0.222	0.263	0.323	2.086	0.703	0.297	0.207	1.000	-16570.210
329	16	500	500	0.4956	0.334	0.346	0.306	0.287	0.280	0.264	0.296	0.280	0.285	0.309	0.283	0.255	0.282	0.278	0.277	0.349	0.201	0.293	0.295	0.271	0.292	0.331	0.256	0.279	0.246	0.303	0.255	0.276	0.293	0.260	2.053	0.702	0.283	0.213	3.442	-16244.365
330	16	500	500	0.5060	0.254	0.286	0.312	0.339	0.253	0.349	0.318	0.254	0.299	0.330	0.211	0.290	0.198	0.290	0.276	0.326	0.272	0.292	0.305	0.349	0.297	0.350	0.279	0.276	0.277	0.269	0.273	0.255	0.305	0.298	2.099	0.669	0.321	0.203	1.618	-16499.698
331	16	500	499	0.4930	0.281	0.270	0.328	0.247	0.276	0.312	0.316	0.266	0.252	0.298	0.329	0.296	0.279	0.353	0.341	0.304	0.232	0.294	0.299	0.281	0.334	0.258	0.295	0.248	0.323	0.244	0.247	0.342	0.283	0.409	1.874	0.535	0.255	0.180	1.000	-16477.356
332	16	500	498	0.5139	0.305	0.388	0.325	0.292	0.322	0.287	0.329	0.241	0.198	0.323	0.300	0.287	0.300	0.339	0.332	0.274	0.394	0.272	0.274	0.339	0.263	0.357	0.332	0.292	0.278	0.278	0.349	0.351	0.360	0.287	1.941	0.644	0.341	0.201	7.048	-17004.119
333	16	500	499	0.5107	0.265	0.276	0.316	0.290	0.321	0.302	0.219	0.284	0.273	0.255	0.350	0.261	0.221	0.315	0.294	0.288	0.313	0.318	0.300	0.308	0.278	0.246	0.284	0.297	0.337	0.280	0.253	0.272	0.312	0.308	1.948	0.541	0.227	0.201	1.000	-16400.738
334	16	500	500	0.5152	0.237	0.308	0.330	0.291	0.284	0.312	0.268	0.338	0.300	0.249	0.258	0.295	0.326	0.305	0.264	0.254	0.238	0.278	0.356	0.307	0.361	0.302	0.231	0.267	0.262	0.271	0.354	0.333	0.293	0.302	1.947	0.701	0.299	0.221	1.000	-16756.545
335	16	500	500	0.5195	0.305	0.284	0.343	0.293	0.239	0.327	0.249	0.226	0.231	0.271	0.273	0.307	0.323	0.262	0.308	0.270	0.331	0.327	0.214	0.305	0.257	0.310	0.291	0.322	0.295	0.283	0.273	0.285	0.276	0.283	1.995	0.541	0.262	0.198	1.286	-16364.268
336	16	500	500	0.5082	0.354	0.323	0.224	0.269	0.358	0.333	0.307	0.290	0.229	0.265	0.264	0.281	0.314	0.257	0.262	0.327	0.290	0.290	0.262	0.274	0.312	0.247	0.293	0.293	0.264	0.302	0.254	0.264	0.335	0.321	2.062	0.655	0.248	0.212	1.518	-16280.184
337	16	500	500	0.5131	0.307	0.363	0.339	0.314	0.250	0.298	0.340	0.261	0.292	0.268	0.314	0.357	0.303	0.344	0.352	0.334	0.238	0.251	0.313	0.306	0.365	0.281	0.378	0.360	0.265	0.298	0.291	0.318	0.326	0.407	1.985	0.612	0.349	0.192	5.051	-17190.860
338	16	500	499	0.5163	0.285	0.285	0.303	0.323	0.307	0.317	0.266	0.267	0.306	0.289	0.302	0.289	0.322	0.320	0.235	0.249	0.301	0.261	0.254	0.367	0.335	0.309	0.318	0.318	0.348	0.301	0.307	0.283	0.331	0.314	1.934	0.558	0.299	0.192	1.000	-16933.172
339	16	500	500	0.5111	0.288	0.339	0.183	0.304	0.313	0.320	0.261	0.309	0.245	0.261	0.327	0.298	0.287	0.314	0.265	0.325	0.288	0.282	0.233	0.378	0.301	0.293	0.290	0.243	0.256	0.270	0.322	0.288	0.235	0.309	2.012	0.591	0.254	0.212	1.004	-16476.857
340	16	500	500	0.5245	0.321	0.376	0.296	0.314	0.302	0.250	0.312	0.299	0.270	0.338	0.306	0.313	0.328	0.301	0.291	0.252	0.247	0.338	0.358	0.317	0.320	0.291	0.274	0.330	0.302	0.256	0.279	0.270	0.358	0.306	2.022	0.610	0.345	0.196	2.620	-16999.835
341	16	500	500	0.5150	0.254	0.263	0.250	0.387	0.296	0.308	0.312	0.308	0.407	0.290	0.276	0.377	0.264	0.319	0.295	0.341	0.403	0.320	0.340	0.300	0.263	0.367	0.337	0.327	0.375	0.297	0.258	0.235	0.324	0.271	1.956	0.524	0.316	0.197	1.000	-17244.971
342	16	500	500	0.5194	0.322	0.284	0.340	0.296	0.269	0.306	0.239	0.346	0.279	0.335	0.296	0.274	0.256	0.246	0.297	0.321	0.252	0.294	0.251	0.316	0.293	0.288	0.281	0.383	0.270	0.271	0.328	0.313	0.310	0.272	1.930	0.687	0.274	0.193	6.472	-16483.418
343	16	500	500	0.5132	0.320	0.342	0.265	0.326	0.299	0.265	0.297	0.341	0.275	0.310	0.308	0.296	0.347	0.324	0.324	0.348	0.305	0.350	0.249	0.377	0.288	0.256	0.319	0.270	0.354	0.314	0.312	0.236	0.303	0.344	1.981	0.662	0.338	0.210	1.145	-17110.096
344	16	500	500	0.4991	0.312	0.337	0.250	0.289	0.282	0.240	0.328	0.319	0.272	0.373	0.306	0.284	0.300	0.301	0.266	0.307	0.312	0.313	0.326	0.353	0.282	0.303	0.302	0.266	0.296	0.339	0.266	0.292	0.351	0.240	2.075	0.682	0.318	0.189	1.000	-16629.747
345	16	500	500	0.5191	0.367	0.272	0.268	0.312	0.340	0.300	0.310	0.315	0.323	0.276	0.337	0.283	0.297	0.295	0.363	0.359	0.309	0.277	0.331	0.287	0.350	0.298	0.278	0.296	0.424	0.364	0.262	0.315	0.270	0.309	2.058	0.598	0.323	0.206	1.143	-17279.977
346	16	500	500	0.5070	0.337	0.312	0.343	0.302	0.341	0.245	0.263	0.309	0.263	0.338	0.263	0.329	0.384	0.273	0.346	0.264	0.271	0.312	0.259	0.265	0.370	0.372	0.265	0.216	0.288	0.276	0.283	0.259	0.327	0.277	1.874	0.576	0.311	0.226	1.235	-16997.914
347	16	500	500	0.4975	0.362	0.325	0.312	0.287	0.321	0.262	0.377	0.304	0.248	0.283	0.317	0.307	0.291	0.345	0.238	0.315	0.262	0.281	0.278	0.313	0.300	0.292	0.284	0.316	0.322	0.298	0.295	0.349	0.364	0.293	1.992	0.636	0.298	0.202	3.080	-16859.699
348	16	500	499	0.5225	0.320	0.249	0.311	0.255	0.357	0.295	0.255	0.256	0.268	0.298	0.265	0.293	0.301	0.300	0.306	0.264	0.231	0.248	0.315	0.316	0.280	0.314	0.326	0.333	0.274	0.325	0.318	0.246	0.292	0.267	2.150	0.687	0.291	0.208	1.000	-16401.293
349	16	500	500	0.5032	0.252	0.211	0.227	0.340	0.298	0.316	0.262	0.292	0.349	0.305	0.271	0.270	0.268	0.293	0.347	0.281	0.201	0.294	0.268	0.318	0.331	0.303	0.330	0.343	0.362	0.336	0.305	0.329	0.266	0.241	1.853	0.704	0.296	0.195	1.000	-16545.861
350	16	500	499	0.4920	0.327	0.226	0.296	0.259	0.351	0.344	0.265	0.325	0.288	0.383	0.374	0.283	0.294	0.300	0.263	0.325	0.338	0.249	0.292	0.319	0.300	0.286	0.379	0.252	0.301	0.335	0.267	0.314	0.318	0.303	1.972	0.504	0.276	0.196	1.000	-16935.805
351	16	500	500	0.5289	0.291	0.347	0.271	0.301	0.329	0.336	0.266	0.324	0.215	0.343	0.309	0.332	0.272	0.278	0.334	0.258	0.291	0.274	0.287	0.268	0.351	0.271	0.295	0.281	0.275	0.301	0.333	0.327	0.350	0.312	1.993	0.565	0.296	0.186	3.377	-16866.029
352	16	500	499	0.5050	0.295	0.326	0.308	0.266	0.272	0.278	0.267	0.305	0.382	0.257	0.255	0.346	0.271	0.296	0.314	0.324	0.256	0.258	0.347	0.352	0.309	0.292	0.327	0.356	0.301	0.276	0.289	0.266	0.247	0.329	1.948	0.493	0.219	0.185	1.000	-16698.167
353	16	500	500	0.5095	0.325	0.319	0.298	0.347	0.316	0.265	0.275	0.307	0.259	0.356	0.290	0.285	0.311	0.256	0.262	0.348	0.308	0.349	0.263	0.254	0.252	0.261	0.339	0.199	0.361	0.333	0.309	0.358	0.327	0.273	2.061	0.615	0.346	0.187	1.000	-16717.144
354	16	500	500	0.5250	0.292	0.212	0.295	0.373	0.271	0.268	0.360	0.305	0.352	0.341	0.290	0.305	0.281	0.273	0.308	0.277	0.291	0.286	0.291	0.316	0.291	0.320	0.239	0.232	0.263	0.268	0.324	0.293	0.309	0.304	2.047	0.632	0.287	0.205	1.985	-16745.219
355	16	500	499	0.5420	0.283	0.379	0.304	0.292	0.281	0.377	0.353	0.339	0.296	0.298	0.267	0.352	0.394	0.306	0.252	0.224	0.288	0.266	0.329	0.248	0.393	0.278	0.344	0.358	0.321	0.353	0.286	0.336	0.321	0.317	2.016	0.621	0.321	0.202	2.398	-17372.870
356	16	500	499	0.5069	0.322	0.280	0.242	0.261	0.306	0.266	0.297	0.336	0.299	0.306	0.306	0.296	0.232	0.295	0.285	0.325	0.365	0.283	0.295	0.305	0.299	0.264	0.311	0.253	0.301	0.272	0.269	0.325	0.275	0.311	2.094	0.634	0.284	0.197	2.678	-16395.917
357	16	500	500	0.5169	0.287	0.328	0.304	0.337	0.337	0.254	0.311	0.345	0.292	0.310	0.376	0.262	0.330	0.306	0.303	0.254	0.344	0.350	0.331	0.357	0.346	0.262	0.293	0.280	0.260	0.287	0.388	0.324	0.339	0.293	2.141	0.571	0.323	0.193	2.336	-17163.094
358	16	500	499	0.5095	0.324	0.271	0.271	0.328	0.327	0.310	0.269	0.303	0.292	0.235	0.300	0.271	0.310	0.329	0.278	0.281	0.334	0.327	0.301	0.279	0.280	0.293	0.259	0.354	0.277	0.313	0.277	0.309	0.339	0.303	2.046	0.677	0.313	0.205	4.549	-16679.648
359	16	500	500	0.5209	0.285	0.323	0.263	0.359	0.280	0.332	0.275	0.380	0.338	0.276	0.404	0.286	0.307	0.260	0.307	0.306	0.355	0.308	0.283	0.327	0.297	0.310	0.298	0.352	0.340	0.283	0.299	0.258	0.258	0.285	2.013	0.575	0.351	0.205	1.661	-17215.253
360	16	500	500	0.5232	0.282	0.351	0.364	0.333	0.281	0.274	0.286	0.263	0.259	0.311	0.360	0.285	0.289	0.325	0.298	0.304	0.313	0.241	0.345	0.298	0.257	0.300	0.304	0.259	0.318	0.314	0.352	0.302	0.326	0.340	2.031	0.603	0.293	0.198	1.000	-17050.632
361	16	500	500	0.5130	0.327	0.283	0.355	0.257	0.341	0.266	0.273	0.283	0.253	0.336	0.279	0.318	0.283	0.323	0.345	0.342	0.230	0.304	0.333	0.266	0.347	0.265	0.314	0.276	0.317	0.314	0.263	0.320	0.313	0.342	2.040	0.541	0.271	0.188	1.609	-16809.755
362	16	500	500	0.5137	0.248	0.339	0.333	0.319	0.278	0.280	0.289	0.298	0.355	0.314	0.345	0.340	0.223	0.317	0.306	0.266	0.282	0.282	0.321	0.311	0.324	0.289	0.326	0.348	0.272	0.320	0.276	0.266	0.290	0.286	2.123	0.519	0.286	0.186	1.000	-16720.522
363	16	500	500	0.5020	0.285	0.290	0.286	0.273	0.321	0.331	0.263	0.304	0.261	0.323	0.311	0.293	0.334	0.246	0.269	0.356	0.299	0.267	0.321	0.283	0.370	0.322	0.280	0.310	0.339	0.278	0.301	0.294	0.333	0.274	1.943	0.531	0.256	0.209	1.000	-17022.720
364	16	500	500	0.5230	0.265	0.275	0.338	0.256	0.342	0.336	0.309	0.341	0.282	0.352	0.294	0.252	0.276	0.291	0.313	0.290	0.356	0.262	0.322	0.280	0.270	0.346	0.288	0.280	0.347	0.269	0.306	0.194	0.314	0.263	1.991	0.594	0.300	0.195	1.000	-16741.856
365	16	500	500	0.5099	0.331	0.297	0.287	0.243	0.327	0.341	0.328	0.299	0.318	0.397	0.316	0.249	0.288	0.293	0.271	0.278	0.267	0.273	0.293	0.241	0.275	0.310	0.359	0.284	0.284	0.341	0.237	0.270	0.300	0.291	1.960	0.604	0.278	0.196	1.831	-16580.864
366	16	500	499	0.5243	0.261	0.232	0.326	0.357	0.307	0.345	0.293	0.265	0.325	0.351	0.321	0.281	0.237	0.317	0.310	0.278	0.344	0.279	0.300	0.258	0.299	0.318	0.303	0.339	0.292	0.313	0.331	0.292	0.272	0.289	2.045	0.655	0.329	0.196	28.733	-16900.839
367	16	500	497	0.5023	0.282	0.341	0.351	0.308	0.275	0.251	0.299	0.332	0.288	0.321	0.253	0.286	0.316	0.289	0.275	0.351	0.248	0.314	0.272	0.314	0.303	0.287	0.326	0.251	0.287	0.314	0.288	0.263	0.272	0.345	2.063	0.636	0.302	0.185	1.698	-16456.444
368	16	500	499	0.5107	0.286	0.249	0.253	0.276	0.240	0.279	0.264	0.218	0.212	0.298	0.283	0.322	0.327	0.246	0.287	0.372	0.269	0.337	0.322	0.321	0.350	0.281	0.272	0.341	0.233	0.264	0.296	0.251	0.261	0.290	1.981	0.612	0.253	0.215	1.000	-16225.462
369	16	500	500	0.5096	0.320	0.362	0.351	0.299	0.279	0.309	0.281	0.236	0.240	0.304	0.291	0.303	0.269	0.325	0.314	0.344	0.266	0.265	0.291	0.348	0.328	0.221	0.318	0.333	0.304	0.261	0.266	0.251	0.305	0.245	2.055	0.656	0.312	0.186	5.251	-16437.026
370	16	500	500	0.5058	0.310	0.285	0.328	0.276	0.348	0.291	0.298	0.302	0.244	0.307	0.294	0.232	0.238	0.364	0.324	0.251	0.305	0.348	0.300	0.257	0.310	0.284	0.276	0.334	0.383	0.300	0.321	0.289	0.298	0.331	2.135	0.611	0.320	0.200	1.000	-16785.522
371	16	500	500	0.5142	0.311	0.242	0.304	0.281	0.312	0.278	0.280	0.316	0.369	0.290	0.296	0.324	0.332	0.296	0.306	0.310	0.284	0.291	0.299	0.297	0.303	0.313	0.292	0.330	0.302	0.352	0.274	0.276	0.294	0.279	1.922	0.588	0.295	0.195	1.970	-16808.732
372	16	500	500	0.5162	0.366	0.297	0.300	0.398	0.314	0.308	0.236	0.290	0.303	0.299	0.267	0.313	0.343	0.274	0.237	0.300	0.260	0.314	0.306	0.293	0.252	0.295	0.286	0.339	0.320	0.294	0.312	0.293	0.312	0.289	1.909	0.697	0.297	0.198	14.855	-16640.398
373	16	500	500	0.5250	0.264	0.291	0.324	0.357	0.299	0.346	0.282	0.345	0.253	0.319	0.311	0.286	0.308	0.305	0.351	0.270	0.270	0.296	0.341	0.312	0.313	0.285	0.294	0.349	0.296	0.264	0.331	0.264	0.318	0.298	1.975	0.574	0.279	0.197	1.141	-17113.404
374	16	500	500	0.5151	0.340	0.346	0.287	0.252	0.329	0.290	0.275	0.317	0.229	0.302	0.260	0.299	0.280	0.328	0.312	0.322	0.283	0.258	0.272	0.300	0.251	0.283	0.319	0.292	0.288	0.306	0.365	0.321	0.282	0.342	1.977	0.593	0.289	0.214	2.771	-16764.580
375	16	500	500	0.5235	0.257	0.223	0.293	0.297	0.319	0.323	0.255	0.296	0.341	0.313	0.266	0.310	0.327	0.341	0.299	0.263	0.224	0.326	0.272	0.343	0.357	0.302	0.348	0.305	0.257	0.315	0.279	0.332	0.274	0.329	2.030	0.635	0.312	0.223	2.718	-16980.449
376	16	500	500	0.5113	0.209	0.274	0.332	0.352	0.295	0.309	0.328	0.277	0.329	0.335	0.344	0.315	0.300	0.321	0.323	0.277	0.300	0.353	0.286	0.304	0.331	0.266	0.289	0.280	0.322	0.312	0.282	0.340	0.333	0.295	2.044	0.649	0.351	0.215	1.000	-17203.418
377	16	500	500	0.5189	0.281	0.304	0.275	0.335	0.338	0.317	0.278	0.293	0.268	0.291	0.315	0.302	0.354	0.309	0.302	0.325	0.395	0.355	0.238	0.334	0.220	0.301	0.281	0.245	0.270	0.284	0.290	0.361	0.262	0.304	2.152	0.685	0.266	0.216	2.391	-16728.862
378	16	500	500	0.5148	0.330	0.268	0.270	0.319	0.326	0.258	0.300	0.276	0.268	0.292	0.319	0.320	0.320	0.329	0.283	0.304	0.255	0.270	0.341	0.329	0.361	0.295	0.308	0.322	0.329	0.285	0.334	0.294	0.302	0.328	2.074	0.555	0.302	0.197	1.744	-16982.144
379	16	500	499	0.5124	0.329	0.328	0.285	0.297	0.268	0.300	0.308	0.336	0.273	0.263	0.346	0.350	0.290	0.276	0.241	0.259	0.286	0.315	0.274	0.366	0.285	0.297	0.312	0.346	0.289	0.254	0.325	0.335	0.286	0.299	2.060	0.607	0.305	0.201	1.000	-16757.171
380	16	500	499	0.5215	0.279	0.314	0.310	0.404	0.277	0.361	0.270	0.293	0.266	0.322	0.308	0.299	0.316	0.331	0.236	0.304	0.246	0.301	0.338	0.302	0.339	0.314	0.235	0.308	0.314	0.265	0.327	0.324	0.300	0.284	1.886	0.661	0.322	0.204	28.469	-16775.714
381	16	500	500	0.5326	0.309	0.299	0.295	0.266	0.336	0.275	0.293	0.317	0.224	0.325	0.325	0.275	0.297	0.327	0.320	0.266	0.309	0.327	0.301	0.360	0.268	0.279	0.289	0.291	0.289	0.264	0.288	0.262	0.269	0.373	2.092	0.563	0.299	0.197	1.842	-16790.873
382	16	500	500	0.5368	0.311	0.285	0.319	0.291	0.296	0.400	0.309	0.336	0.324	0.285	0.272	0.287	0.291	0.288	0.304	0.318	0.341	0.267	0.277	0.307	0.366	0.313	0.262	0.255	0.338	0.283	0.265	0.287	0.322	0.294	1.832	0.591	0.320	0.194	1.484	-16942.129
383	16	500	500	0.5048	0.255	0.324	0.330	0.354	0.280	0.362	0.345	0.371	0.285	0.308	0.309	0.264	0.275	0.229	0.371	0.272	0.364	0.335	0.297	0.241	0.311	0.277	0.286	0.307	0.321	0.259	0.319	0.338	0.283	0.391	2.063	0.474	0.320	0.189	1.000	-17083.854
384	16	500	500	0.5136	0.292	0.303	0.296	0.373	0.275	0.333	0.333	0.315	0.311	0.292	0.344	0.295	0.309	0.285	0.321	0.326	0.262	0.362	0.297	0.350	0.309	0.356	0.282	0.255	0.304	0.241	0.320	0.270	0.316	0.290	1.815	0.538	0.268	0.182	1.294	-16940.662
385	16	500	500	0.5115	0.255	0.290	0.308	0.297	0.246	0.275	0.265	0.302	0.238	0.285	0.270	0.275	0.245	0.318	0.301	0.233	0.333	0.271	0.292	0.293	0.233	0.306	0.318	0.285	0.256	0.337	0.295	0.220	0.324	0.306	2.021	0.600	0.262	0.192	1.000	-16241.740
386	16	500	499	0.5163	0.339	0.263	0.355	0.319	0.315	0.280	0.322	0.270	0.309	0.251	0.305	0.276	0.278	0.205	0.341	0.360	0.247	0.331	0.300	0.274	0.282	0.270	0.290	0.305	0.331	0.257	0.304	0.261	0.262	0.337	1.956	0.613	0.290	0.201	1.000	-16598.775
387	16	500	499	0.5120	0.268	0.259	0.320	0.309	0.292	0.267	0.308	0.350	0.328	0.301	0.379	0.268	0.234	0.335	0.263	0.268	0.228	0.292	0.301	0.294	0.305	0.303	0.262	0.349	0.305	0.284	0.300	0.298	0.289	0.282	1.856	0.610	0.283	0.205	1.000	-16743.251
388	16	500	499	0.5112	0.255	0.388	0.320	0.279	0.357	0.324	0.353	0.236	0.267	0.327	0.351	0.312	0.253	0.246	0.344	0.301	0.268	0.310	0.333	0.261	0.331	0.247	0.328	0.287	0.282	0.288	0.362	0.347	0.282	0.289	1.943	0.587	0.292	0.189	1.000	-16918.615
389	16	500	500	0.5084	0.280	0.240	0.297	0.298	0.307	0.237	0.300	0.278	0.328	0.302	0.265	0.295	0.274	0.301	0.310	0.246	0.263	0.264	0.322	0.345	0.292	0.285	0.300	0.398	0.336	0.241	0.341	0.293	0.301	0.293	2.128	0.567	0.235	0.180	1.720	-16388.231
390	16	500	499	0.5101	0.293	0.170	0.305	0.287	0.321	0.277	0.273	0.269	0.287	0.315	0.308	0.287	0.273	0.367	0.303	0.357	0.359	0.268	0.310	0.258	0.307	0.298	0.308	0.260	0.318	0.283	0.286	0.293	0.260	0.313	2.068	0.543	0.294	0.198	1.599	-16743.433
391	16	500	499	0.5094	0.304	0.316	0.330	0.401	0.295	0.341	0.256	0.276	0.303	0.365	0.323	0.308	0.246	0.290	0.306	0.262	0.250	0.318	0.325	0.268	0.336	0.350	0.322	0.320	0.291	0.236	0.321	0.338	0.312	0.283	1.956	0.652	0.335	0.211	19.917	-16926.923
392	16	500	500	0.5135	0.330	0.307	0.228	0.304	0.324	0.355	0.273	0.271	0.233	0.279	0.367	0.320	0.329	0.298	0.290	0.365	0.367	0.258	0.309	0.310	0.329	0.321	0.291	0.256	0.343	0.257	0.335	0.328	0.333	0.284	2.041	0.619	0.381	0.183	26.420	-16925.128
393	16	500	500	0.5116	0.282	0.250	0.241	0.321	0.330	0.313	0.292	0.280	0.315	0.233	0.299	0.325	0.262	0.235	0.346	0.296	0.325	0.318	0.304	0.310	0.299	0.250	0.297	0.353	0.248	0.218	0.331	0.317	0.275	0.302	2.007	0.554	0.243	0.201	1.000	-16470.403
394	16	500	500	0.5135	0.260	0.389	0.244	0.292	0.315	0.308	0.296	0.313	0.388	0.308	0.250	0.345	0.316	0.321	0.225	0.301	0.378	0.248	0.306	0.313	0.287	0.302	0.285	0.287	0.349	0.326	0.271	0.246	0.312	0.286	1.997	0.429	0.238	0.200	1.000	-16875.532
395	16	500	500	0.5197	0.290	0.323	0.311	0.277	0.286	0.256	0.334	0.280	0.345	0.260	0.351	0.312	0.288	0.272	0.363	0.241	0.417	0.256	0.322	0.331	0.310	0.298	0.355	0.284	0.319	0.312	0.279	0.287	0.350	0.284	2.063	0.463	0.293	0.194	1.000	-17108.211
396	16	500	500	0.5068	0.320	0.249	0.233	0.327	0.270	0.277	0.335	0.318	0.313	0.338	0.264	0.309	0.265	0.273	0.305	0.292	0.324	0.267	0.303	0.223	0.243	0.270	0.342	0.302	0.303	0.264	0.289	0.268	0.237	0.282	1.995	0.578	0.272	0.187	1.216	-16356.854
397	16	500	500	0.5258	0.286	0.284	0.334	0.285	0.264	0.293	0.348	0.271	0.270	0.317	0.285	0.306	0.274	0.304	0.310	0.299	0.290	0.300	0.266	0.313	0.288	0.306	0.282	0.324	0.246	0.270	0.351	0.301	0.284	0.280	2.000	0.479	0.239	0.197	1.109	-16794.593
398	16	500	499	0.5196	0.355	0.335	0.314	0.319	0.293	0.311	0.270	0.290	0.372	0.268	0.322	0.297	0.266	0.307	0.293	0.376	0.334	0.361	0.320	0.290	0.276	0.332	0.299	0.268	0.310	0.280	0.305	0.265	0.356	0.277	1.915	0.590	0.285	0.193	1.000	-16996.951
399	16	500	500	0.5222	0.266	0.257	0.313	0.359	0.266	0.293	0.321	0.302	0.383	0.269	0.334	0.283	0.328	0.260	0.298	0.292	0.315	0.356	0.352	0.283	0.298	0.299	0.322	0.323	0.357	0.265	0.276	0.302	0.254	0.288	1.926	0.577	0.335	0.189	2.768	-16968.911
400	16	500	500	0.5193	0.266	0.265	0.342	0.266	0.312	0.269	0.297	0.295	0.227	0.301	0.238	0.353	0.350	0.292	0.279	0.251	0.280	0.357	0.292	0.346	0.310	0.329	0.349	0.329	0.270	0.248	0.344	0.287	0.268	0.339	1.998	0.616	0.296	0.198	1.814	-16783.816
401	16	500	500	0.5070	0.346	0.263	0.321	0.269	0.307	0.265	0.266	0.330	0.359	0.232	0.261	0.261	0.298	0.272	0.317	0.347	0.307	0.300	0.251	0.262	0.263	0.343	0.239	0.254	0.299	0.306	0.310	0.251	0.286	0.285	1.933	0.561	0.308	0.203	1.449	-16530.489
402	16	500	500	0.5194	0.288	0.280	0.308	0.328	0.232	0.293	0.312	0.273	0.338	0.283	0.329	0.255	0.295	0.376	0.332	0.318	0.279	0.286	0.284	0.304	0.290	0.304	0.300	0.299	0.358	0.268	0.312	0.301	0.270	0.291	1.985	0.680	0.310	0.204	5.027	-16759.197
403	16	500	500	0.5181	0.302	0.324	0.239	0.286	0.340	0.302	0.293	0.287	0.320	0.302	0.377	0.245	0.343	0.340	0.356	0.303	0.342	0.290	0.304	0.263	0.250	0.267	0.363	0.311	0.323	0.322	0.287	0.356	0.287	0.254	2.070	0.479	0.239	0.202	1.000	-16920.622
404	16	500	500	0.5033	0.303	0.300	0.279	0.486	0.290	0.369	0.288	0.237	0.280	0.354	0.301	0.279	0.278	0.285	0.317	0.282	0.390	0.325	0.340	0.319	0.252	0.264	0.285	0.275	0.364	0.272	0.293	0.280	0.262	0.301	1.893	0.686	0.306	0.203	68.364	-16634.308
405	16	500	500	0.5088	0.317	0.346	0.246	0.287	0.333	0.360	0.265	0.273	0.280	0.246	0.326	0.283	0.290	0.314	0.313	0.299	0.254	0.255	0.310	0.297	0.240	0.315	0.258	0.246	0.276	0.303	0.324	0.277	0.275	0.337	2.006	0.563	0.272	0.205	2.268	-16623.249
406	16	500	500	0.4857	0.289	0.276	0.287	0.334	0.298	0.345	0.327	0.320	0.230	0.394	0.349	0.288	0.314	0.274	0.346	0.304	0.308	0.326	0.295	0.278	0.344	0.311	0.316	0.265	0.298	0.291	0.325	0.317	0.280	0.360	1.986	0.535	0.313	0.199	2.264	-17140.463
407	16	500	500	0.5138	0.324	0.329	0.300	0.291	0.312	0.266	0.318	0.294	0.258	0.321	0.293	0.335	0.309	0.327	0.300	0.353	0.367	0.288	0.292	0.334	0.325	0.305	0.318	0.374	0.282	0.289	0.324	0.304	0.284	0.311	2.073	0.524	0.287	0.203	1.000	-17051.927
408	16	500	500	0.5026	0.275	0.323	0.359	0.332	0.335	0.240	0.286	0.324	0.336	0.255	0.313	0.302	0.357	0.283	0.254	0.315	0.285	0.353	0.317	0.288	0.234	0.332	0.304	0.321	0.229	0.302	0.286	0.331	0.365	0.346	1.924	0.588	0.321	0.213	1.607	-17171.715
409	16	500	500	0.5008	0.389	0.276	0.289	0.357	0.322	0.281	0.254	0.312	0.338	0.344	0.356	0.270	0.283	0.334	0.343	0.313	0.291	0.268	0.277	0.278	0.276	0.377	0.297	0.331	0.312	0.321	0.293	0.270	0.310	0.243	2.145	0.635	0.338	0.199	7.212	-16903.368
410	16	500	500	0.5190	0.202	0.314	0.296	0.334	0.316	0.284	0.319	0.265	0.290	0.261	0.264	0.266	0.314	0.307	0.316	0.289	0.249	0.264	0.293	0.277	0.385	0.296	0.332	0.354	0.275	0.277	0.303	0.265	0.213	0.312	1.980	0.681	0.281	0.184	9.372	-16443.579
411	16	500	499	0.5307	0.337	0.318	0.228	0.234	0.324	0.292	0.357	0.333	0.315	0.350	0.302	0.296	0.291	0.316	0.353	0.263	0.265	0.277	0.288	0.322	0.345	0.264	0.320	0.394	0.350	0.296	0.317	0.275	0.319	0.293	1.952	0.361	0.176	0.198	1.000	-17018.328
412	16	500	500	0.5015	0.292	0.284	0.242	0.291	0.267	0.307	0.286	0.274	0.317	0.265	0.291	0.323	0.313	0.308	0.289	0.310	0.319	0.334	0.300	0.376	0.292	0.321	0.298	0.292	0.344	0.301	0.276	0.281	0.362	0.261	2.050	0.616	0.271	0.213	1.000	-16829.772
413	16	500	500	0.5311	0.290	0.198	0.293	0.280	0.328	0.314	0.292	0.263	0.308	0.299	0.281	0.307	0.343	0.340	0.302	0.318	0.341	0.279	0.327	0.293	0.335	0.286	0.342	0.310	0.350	0.311	0.315	0.307	0.292	0.366	1.993	0.638	0.352	0.205	8.112	-17113.490
414	16	500	499	0.5155	0.382	0.321	0.307	0.310	0.297	0.371	0.300	0.354	0.294	0.349	0.311	0.284	0.338	0.318	0.364	0.310	0.305	0.282	0.215	0.346	0.320	0.296	0.277	0.255	0.318	0.318	0.303	0.287	0.295	0.301	1.955	0.559	0.306	0.195	1.000	-17071.172
415	16	500	499	0.5120	0.316	0.285	0.263	0.331	0.325	0.332	0.265	0.280	0.246	0.279	0.311	0.314	0.334	0.317	0.306	0.292	0.282	0.297	0.308	0.265	0.248	0.261	0.279	0.337	0.264	0.284	0.358	0.349	0.283	0.277	2.061	0.575	0.257	0.210	1.192	-16741.987
416	16	500	500	0.5098	0.306	0.424	0.313	0.301	0.247	0.241	0.355	0.266	0.223	0.352	0.325	0.336	0.326	0.254	0.262	0.275	0.319	0.310	0.280	0.335	0.288	0.298	0.319	0.258	0.275	0.369	0.299	0.302	0.306	0.268	2.137	0.599	0.334	0.192	2.576	-16806.915
417	16	500	500	0.5128	0.291	0.270	0.321	0.319	0.277	0.280	0.345	0.302	0.330	0.345	0.300	0.244	0.259	0.332	0.263	0.268	0.268	0.271	0.345	0.277	0.294	0.317	0.311	0.364	0.325	0.359	0.297	0.278	0.298	0.299	2.064	0.658	0.324	0.203	9.414	-16778.085
418	16	500	500	0.5101	0.261	0.324	0.379	0.310	0.247	0.236	0.294	0.354	0.323	0.288	0.332	0.267	0.294	0.378	0.270	0.254	0.302	0.309	0.276	0.337	0.338	0.320	0.343	0.382	0.288	0.249	0.300	0.339	0.339	0.297	1.898	0.627	0.331	0.206	4.623	-17019.690
419	16	500	499	0.5169	0.273	0.241	0.327	0.318	0.311	0.286	0.314	0.257	0.244	0.295	0.334	0.252	0.291	0.288	0.274	0.299	0.306	0.371	0.263	0.306	0.220	0.307	0.310	0.403	0.224	0.285	0.305	0.254	0.341	0.256	2.042	0.568	0.258	0.218	1.000	-16596.258
420	16	500	500	0.5140	0.289	0.293	0.335	0.270	0.299	0.277	0.353	0.283	0.318	0.267	0.282	0.232	0.255	0.292	0.315	0.281	0.290	0.332	0.298	0.261	0.258	0.275	0.291	0.336	0.357	0.191	0.326	0.286	0.301	0.272	1.953	0.598	0.263	0.205	1.114	-16522.722
421	16	500	500	0.5145	0.346	0.291	0.279	0.283	0.310	0.257	0.292	0.218	0.262	0.319	0.334	0.326	0.247	0.344	0.314	0.301	0.367	0.314	0.262	0.253	0.282	0.260	0.266	0.223	0.305	0.310	0.326	0.311	0.312	0.240	2.134	0.648	0.288	0.201	1.765	-16373.842
422	16	500	500	0.5066	0.266	0.295	0.284	0.309	0.342	0.294	0.241	0.311	0.400	0.269	0.310	0.320	0.299	0.344	0.306	0.330	0.287	0.336	0.319	0.318	0.317	0.282	0.323	0.246	0.288	0.260	0.404	0.251	0.346	0.215	1.914	0.526	0.298	0.193	1.261	-16936.100
423	16	500	499	0.5195	0.284	0.327	0.266	0.295	0.328	0.266	0.307	0.277	0.240	0.305	0.308	0.271	0.297	0.303	0.237	0.319	0.356	0.293	0.305	0.242	0.313	0.276	0.377	0.355	0.219	0.308	0.342	0.333	0.329	0.371	2.014	0.474	0.242	0.196	1.000	-16909.492
424	16	500	500	0.5083	0.292	0.227	0.276	0.304	0.340	0.293	0.285	0.260	0.295	0.305	0.291	0.317	0.304	0.263	0.336	0.317	0.258	0.322	0.266	0.279	0.325	0.331	0.300	0.222	0.294	0.296	0.340	0.313	0.252	0.308	1.923	0.529	0.254	0.191	1.000	-16653.838
425	16	500	500	0.5141	0.361	0.262	0.343	0.313	0.305	0.255	0.328	0.294	0.404	0.291	0.313	0.285	0.372	0.305	0.330	0.303	0.306	0.348	0.298	0.264	0.369	0.268	0.283	0.259	0.308	0.287	0.314	0.263	0.330	0.301	2.074	0.635	0.303	0.206	1.583	-16971.280
426	16	500	500	0.5218	0.298	0.360	0.263	0.291	0.342	0.293	0.323	0.320	0.286	0.326	0.359	0.301	0.252	0.324	0.346	0.290	0.303	0.323	0.333	0.324	0.257	0.323	0.325	0.296	0.240	0.328	0.307	0.308	0.286	0.266	1.984	0.546	0.307	0.197	1.858	-17091.484
427	16	500	500	0.5128	0.334	0.230	0.336	0.274	0.312	0.272	0.255	0.355	0.304	0.266	0.287	0.334	0.302	0.289	0.300	0.245	0.290	0.312	0.304	0.302	0.262	0.296	0.333	0.304	0.300	0.269	0.326	0.270	0.333	0.270	1.947	0.494	0.259	0.213	1.000	-16769.153
428	16	500	500	0.5150	0.288	0.323	0.256	0.306	0.315	0.286	0.271	0.356	0.338	0.228	0.312	0.308	0.308	0.353	0.296	0.317	0.322	0.276	0.309	0.333	0.319	0.318	0.294	0.284	0.414	0.241	0.404	0.265	0.348	0.291	2.040	0.521	0.289	0.207	2.035	-17153.117
429	16	500	500	0.5136	0.302	0.273	0.320	0.285	0.300	0.337	0.302	0.247	0.292	0.295	0.278	0.288	0.316	0.296	0.284	0.292	0.294	0.307	0.309	0.240	0.258	0.278	0.313	0.293	0.284	0.351	0.277	0.279	0.307	0.295	2.116	0.577	0.290	0.210	3.409	-16729.683
430	16	500	499	0.5008	0.307	0.349	0.305	0.342	0.273	0.324	0.281	0.334	0.288	0.268	0.285	0.290	0.365	0.329	0.263	0.325	0.316	0.289	0.308	0.323	0.350	0.301	0.256	0.240	0.313	0.266	0.284	0.292	0.279	0.257	1.780	0.523	0.265	0.181	1.000	-16706.803
431	16	500	500	0.5210	0.307	0.237	0.289	0.310	0.303	0.267	0.268	0.370	0.292	0.325	0.294	0.300	0.275	0.267	0.297	0.327	0.309	0.290	0.280	0.279	0.289	0.282	0.295	0.243	0.345	0.358	0.353	0.386	0.247	0.245	2.121	0.563	0.271	0.196	2.241	-16572.543
432	16	500	500	0.5092	0.316	0.361	0.260	0.253	0.301	0.302	0.353	0.255	0.328	0.349	0.317	0.247	0.281	0.255	0.334	0.247	0.293	0.260	0.277	0.339	0.328	0.306	0.255	0.327	0.399	0.292	0.376	0.313	0.311	0.304	1.975	0.628	0.337	0.205	3.194	-17036.279
433	16	500	500	0.5078	0.319	0.324	0.321	0.415	0.296	0.241	0.311	0.276	0.299	0.319	0.307	0.268	0.310	0.254	0.331	0.280	0.259	0.357	0.241	0.298	0.324	0.254	0.272	0.278	0.341	0.206	0.311	0.336	0.245	0.326	1.953	0.581	0.292	0.219	1.622	-16883.571
434	16	500	500	0.5109	0.315	0.348	0.239	0.317	0.354	0.303	0.308	0.338	0.405	0.300	0.320	0.333	0.283	0.298	0.303	0.271	0.267	0.292	0.283	0.334	0.300	0.321	0.330	0.276	0.325	0.320	0.265	0.349	0.338	0.269	1.892	0.585	0.328	0.196	3.614	-17158.644
435	16	500	500	0.5122	0.278	0.262	0.319	0.366	0.277	0.323	0.236	0.328	0.302	0.334	0.291	0.346	0.261	0.264	0.283	0.247	0.322	0.314	0.358	0.279	0.246	0.293	0.313	0.250	0.295	0.288	0.313	0.371	0.302	0.310	2.010	0.664	0.320	0.215	8.595	-16932.124
436	16	500	500	0.5184	0.295	0.282	0.239	0.326	0.246	0.295	0.266	0.288	0.253	0.268	0.316	0.207	0.276	0.285	0.346	0.356	0.243	0.335	0.320	0.331	0.287	0.309	0.322	0.317	0.334	0.294	0.310	0.258	0.304	0.314	2.017	0.600	0.325	0.194	2.521	-16712.593
437	16	500	500	0.5106	0.253	0.323	0.300	0.314	0.231	0.286	0.363	0.266	0.309	0.305	0.257	0.262	0.342	0.246	0.264	0.310	0.283	0.270	0.283	0.285	0.329	0.280	0.296	0.319	0.361	0.239	0.292	0.263	0.301	0.280	2.095	0.683	0.303	0.200	9.590	-16384.060
438	16	500	500	0.5056	0.244	0.251	0.276	0.276	0.306	0.338	0.283	0.265	0.306	0.276	0.283	0.308	0.306	0.322	0.296	0.304	0.316	0.342	0.330	0.282	0.315	0.284	0.297	0.269	0.319	0.294	0.270	0.360	0.284	0.297	1.936	0.567	0.272	0.196	1.708	-16675.483
439	16	500	500	0.5235	0.294	0.298	0.318	0.302	0.289	0.281	0.285	0.289	0.283	0.319	0.264	0.273	0.351	0.312	0.318	0.255	0.318	0.285	0.275	0.292	0.258	0.288	0.262	0.272	0.342	0.273	0.278	0.295	0.312	0.278	2.085	0.590	0.297	0.209	1.000	-16613.286
440	16	500	500	0.5182	0.340	0.304	0.274	0.306	0.334	0.315	0.306	0.228	0.313	0.220	0.323	0.283	0.292	0.330	0.311	0.286	0.306	0.344	0.281	0.278	0.290	0.339	0.236	0.287	0.254	0.245	0.289	0.271	0.302	0.283	1.957	0.609	0.297	0.201	1.063	-16577.461
441	16	500	500	0.5154	0.252	0.325	0.299	0.232	0.399	0.360	0.257	0.326	0.282	0.329	0.339	0.371	0.320	0.319	0.325	0.261	0.265	0.344	0.257	0.348	0.271	0.314	0.277	0.244	0.334	0.296	0.321	0.265	0.354	0.305	2.044	0.629	0.371	0.206	1.000	-17165.901
442	16	500	498	0.5026	0.238	0.252	0.332	0.354	0.239	0.315	0.224	0.315	0.336	0.290	0.358	0.339	0.291	0.296	0.297	0.302	0.321	0.366	0.327	0.298	0.248	0.330	0.257	0.289	0.279	0.270	0.298	0.349	0.298	0.284	2.131	0.595	0.322	0.196	3.529	-16692.587
443	16	500	500	0.5030	0.359	0.337	0.249	0.336	0.337	0.353	0.220	0.338	0.282	0.271	0.312	0.258	0.346	0.369	0.269	0.297	0.299	0.309	0.349	0.300	0.305	0.324	0.291	0.271	0.321	0.294	0.248	0.327	0.328	0.303	1.931	0.637	0.322	0.205	6.189	-17040.952
444	16	500	500	0.5231	0.275	0.299	0.324	0.332	0.297	0.336	0.292	0.321	0.400	0.342	0.298	0.308	0.282	0.337	0.343	0.268	0.370	0.306	0.268	0.370	0.349	0.301	0.397	0.298	0.347	0.293	0.369	0.335	0.317	0.255	1.944	0.611	0.352	0.215	2.779	-17562.729
445	16	500	500	0.4957	0.257	0.238	0.386	0.343	0.341	0.253	0.348	0.289	0.331	0.246	0.242	0.317	0.283	0.405	0.276	0.311	0.294	0.318	0.277	0.275	0.302	0.279	0.303	0.254	0.239	0.326	0.268	0.282	0.300	0.312	2.070	0.664	0.292	0.200	4.469	-16676.007
446	16	500	500	0.5283	0.304	0.308	0.292	0.333	0.262	0.280	0.282	0.276	0.357	0.239	0.295	0.313	0.328	0.290	0.296	0.303	0.292	0.356	0.385	0.297	0.261	0.307	0.336	0.308	0.362	0.352	0.326	0.270	0.311	0.245	1.975	0.556	0.280	0.194	1.000	-16961.056
447	16	500	499	0.5201	0.328	0.244	0.227	0.307	0.308	0.285	0.354	0.293	0.268	0.298	0.282	0.330	0.261	0.320	0.287	0.306	0.295	0.350	0.335	0.233	0.290	0.364	0.324	0.300	0.261	0.291	0.269	0.315	0.319	0.283	2.203	0.571	0.250	0.215	1.000	-16671.669
448	16	500	499	0.5045	0.351	0.229	0.336	0.234	0.306	0.253	0.284	0.284	0.359	0.302	0.273	0.322	0.292	0.301	0.284	0.292	0.308	0.317	0.401	0.247	0.279	0.261	0.268	0.260	0.336	0.275	0.271	0.295	0.326	0.330	1.935	0.666	0.326	0.193	6.959	-16586.936
449	16	500	499	0.5096	0.259	0.291	0.339	0.322	0.280	0.313	0.253	0.279	0.307	0.324	0.229	0.352	0.308	0.280	0.343	0.234	0.370	0.315	0.297	0.280	0.290	0.281	0.311	0.267	0.291	0.307	0.297	0.311	0.319	0.284	2.009	0.618	0.345	0.188	2.625	-16788.808
450	16	500	499	0.5251	0.320	0.324	0.325	0.307	0.291	0.226	0.294	0.320	0.304	0.319	0.218	0.285	0.242	0.371	0.327	0.300	0.321	0.245	0.267	0.268	0.375	0.298	0.337	0.253	0.358	0.305	0.309	0.333	0.282	0.311	1.996	0.589	0.288	0.193	1.000	-16758.036
451	16	500	500	0.5099	0.247	0.284	0.300	0.301	0.295	0.249	0.329	0.328	0.333	0.321	0.310	0.272	0.274	0.296	0.280	0.337	0.304	0.314	0.282	0.304	0.194	0.331	0.303	0.282	0.345	0.320	0.290	0.326	0.316	0.315	1.934	0.552	0.257	0.190	1.000	-16754.233
452	16	500	500	0.5126	0.291	0.261	0.308	0.258	0.266	0.254	0.329	0.279	0.263	0.323	0.292	0.318	0.353	0.264	0.325	0.274	0.320	0.288	0.370	0.338	0.261	0.278	0.340	0.346	0.276	0.288	0.300	0.349	0.283	0.295	2.101	0.575	0.335	0.196	1.399	-16858.150
453	16	500	500	0.5085	0.298	0.340	0.352	0.309	0.270	0.302	0.280	0.333	0.386	0.346	0.284	0.265	0.246	0.302	0.352	0.225	0.293	0.309	0.316	0.318	0.261	0.315	0.353	0.346	0.299	0.265	0.297	0.278	0.243	0.303	2.086	0.631	0.317	0.201	2.562	-16764.174
454	16	500	500	0.5030	0.332	0.262	0.281	0.319	0.301	0.314	0.264	0.301	0.373	0.311	0.296	0.350	0.312	0.256	0.282	0.402	0.314	0.274	0.301	0.324	0.283	0.300	0.317	0.287	0.263	0.278	0.379	0.269	0.277	0.344	2.078	0.594	0.294	0.194	1.000	-16768.674
455	16	500	500	0.5084	0.588	0.300	0.347	1.764	0.318	0.273	0.342	0.289	0.281	0.338	0.299	0.383	0.303	0.268	0.274	0.000	0.252	0.344	0.331	0.262	0.322	0.324	0.297	0.278	0.279	0.310	0.294	0.286	0.339	0.302	2.130	0.674	0.319	0.217	505.095	-16929.308
456	16	500	500	0.5237	0.454	0.295	0.217	0.351	0.283	0.345	0.316	0.337	0.251	0.318	0.285	0.357	0.335	0.282	0.349	0.226	0.354	0.358	0.278	0.316	0.305	0.276	0.332	0.366	0.270	0.295	0.319	0.336	0.332	0.288	2.107	0.579	0.327	0.202	1.691	-17267.954
457	16	500	500	0.5212	0.285	0.290	0.254	0.357	0.281	0.348	0.328	0.328	0.265	0.350	0.338	0.313	0.283	0.309	0.306	0.315	0.242	0.307	0.300	0.278	0.310	0.234	0.346	0.264	0.286	0.244	0.276	0.314	0.307	0.298	1.923	0.628	0.323	0.191	2.337	-16803.908
458	16	500	499	0.5323	0.347	0.375	0.360	0.289	0.301	0.291	0.284	0.305	0.226	0.334	0.262	0.380	0.298	0.313	0.339	0.270	0.296	0.253	0.273	0.279	0.381	0.312	0.297	0.273	0.326	0.273	0.311	0.276	0.297	0.333	2.159	0.548	0.280	0.200	1.464	-16715.776
459	16	500	499	0.5134	0.261	0.255	0.287	0.271	0.290	0.259	0.276	0.363	0.342	0.275	0.261	0.306	0.325	0.275	0.338	0.261	0.266	0.292	0.240	0.338	0.291	0.282	0.338	0.348	0.294	0.307	0.313	0.292	0.308	0.278	1.965	0.649	0.292	0.219	3.771	-16698.606
460	16	500	500	0.5174	0.375	0.266	0.289	0.354	0.231	0.377	0.354	0.281	0.321	0.302	0.332	0.308	0.286	0.307	0.261	0.290	0.231	0.262	0.297	0.319	0.336	0.283	0.285	0.298	0.263	0.342	0.281	0.352	0.356	0.281	1.982	0.488	0.232	0.217	1.000	-16965.234
461	16	500	500	0.5128	0.250	0.291	0.348	0.325	0.316	0.367	0.273	0.268	0.228	0.288	0.321	0.295	0.266	0.303	0.246	0.294	0.300	0.311	0.293	0.320	0.266	0.291	0.310	0.318	0.322	0.383	0.310	0.319	0.361	0.335	1.876	0.666	0.290	0.198	9.983	-16818.049
462	16	500	499	0.5260	0.313	0.320	0.260	0.294	0.323	0.386	0.314	0.281	0.268	0.275	0.311	0.318	0.274	0.301	0.316	0.311	0.326	0.211	0.311	0.314	0.319	0.337	0.317	0.384	0.298	0.311	0.273	0.304	0.323	0.305	1.878	0.619	0.355	0.203	8.517	-17097.674
463	16	500	500	0.5065	0.304	0.329	0.301	0.305	0.286	0.309	0.282	0.259	0.384	0.358	0.213	0.326	0.271	0.256	0.319	0.244	0.283	0.308	0.340	0.286	0.320	0.283	0.298	0.326	0.255	0.331	0.286	0.281	0.269	0.298	1.980	0.602	0.234	0.215	1.000	-16613.891
464	16	500	499	0.5117	0.340	0.308	0.290	0.294	0.228	0.349	0.311	0.295	0.340	0.388	0.320	0.305	0.232	0.326	0.287	0.321	0.336	0.303	0.387	0.260	0.293	0.331	0.343	0.362	0.308	0.252	0.348	0.292	0.295	0.283	2.082	0.561	0.285	0.195	1.916	-17030.257
465	16	500	500	0.5079	0.308	0.239	0.303	0.289	0.279	0.340	0.343	0.273	0.341	0.361	0.360	0.246	0.280	0.327	0.281	0.317	0.269	0.333	0.366	0.302	0.333	0.269	0.343	0.281	0.291	0.327	0.355	0.356	0.294	0.291	2.171	0.599	0.348	0.184	3.184	-16937.531
466	16	500	500	0.5274	0.234	0.289	0.279	0.301	0.322	0.355	0.269	0.264	0.343	0.368	0.311	0.293	0.271	0.307	0.306	0.280	0.329	0.285	0.320	0.356	0.253	0.325	0.359	0.296	0.293	0.272	0.305	0.308	0.304	0.330	2.013	0.604	0.308	0.193	2.949	-16923.867
467	16	500	497	0.5225	0.308	0.273	0.292	0.332	0.318	0.344	0.322	0.260	0.361	0.283	0.333	0.299	0.242	0.275	0.330	0.230	0.374	0.271	0.258	0.302	0.299	0.268	0.315	0.319	0.308	0.327	0.328	0.245	0.282	0.279	2.193	0.643	0.345	0.200	8.363	-16780.820
468	16	500	500	0.5163	0.235	0.261	0.356	0.277	0.347	0.294	0.284	0.351	0.338	0.264	0.298	0.307	0.320	0.309	0.241	0.310	0.296	0.283	0.322	0.290	0.294	0.290	0.348	0.317	0.247	0.317	0.285	0.311	0.361	0.270	1.905	0.613	0.290	0.200	2.062	-16821.833
469	16	500	499	0.5390	0.347	0.328	0.279	0.297	0.343	0.227	0.334	0.267	0.285	0.242	0.288	0.326	0.308	0.296	0.301	0.320	0.302	0.304	0.296	0.271	0.305	0.289	0.275	0.353	0.309	0.280	0.270	0.269	0.275	0.322	1.978	0.542	0.238	0.189	1.068	-16624.625
470	16	500	500	0.5163	0.291	0.307	0.262	0.318	0.348	0.260	0.355	0.246	0.287	0.279	0.295	0.318	0.229	0.236	0.338	0.271	0.265	0.274	0.352	0.312	0.307	0.320	0.255	0.375	0.281	0.272	0.324	0.326	0.269	0.283	1.874	0.606	0.295	0.223	1.000	-16917.917
471	16	500	500	0.5156	0.365	0.315	0.277	0.331	0.316	0.290	0.297	0.286	0.242	0.319	0.298	0.352	0.249	0.322	0.302	0.325	0.278	0.337	0.285	0.292	0.268	0.290	0.270	0.329	0.286	0.287	0.289	0.293	0.308	0.279	2.082	0.534	0.265	0.219	1.000	-16866.040
472	16	500	498	0.5132	0.275	0.389	0.240	0.315	0.300	0.324	0.321	0.290	0.381	0.399	0.301	0.308	0.265	0.329	0.289	0.290	0.282	0.381	0.350	0.259	0.309	0.309	0.342	0.357	0.226	0.268	0.293	0.324	0.334	0.301	1.912	0.560	0.294	0.202	2.087	-17140.681
473	16	500	500	0.5174	0.272	0.311	0.303	0.236	0.301	0.323	0.279	0.274	0.271	0.347	0.233	0.323	0.293	0.278	0.278	0.353	0.295	0.259	0.269	0.310	0.324	0.263	0.335	0.234	0.304	0.289	0.391	0.314	0.326	0.334	2.051	0.415	0.212	0.210	1.000	-16885.781
474	16	500	500	0.5230	0.352	0.289	0.332	0.312	0.305	0.296	0.298	0.299	0.355	0.294	0.321	0.289	0.342	0.350	0.333	0.362	0.275	0.275	0.364	0.283	0.262	0.340	0.372	0.359	0.297	0.331	0.335	0.325	0.307	0.304	2.045	0.595	0.347	0.206	1.877	-17403.421
475	16	500	500	0.5197	0.262	0.340	0.314	0.271	0.333	0.304	0.317	0.234	0.305	0.339	0.357	0.361	0.347	0.252	0.239	0.326	0.311	0.325	0.307	0.364	0.263	0.350	0.245	0.380	0.338	0.309	0.393	0.275	0.322	0.265	2.015	0.563	0.287	0.209	1.403	-17229.879
476	16	500	500	0.5097	0.297	0.297	0.313	0.264	0.305	0.284	0.276	0.333	0.356	0.246	0.266	0.273	0.257	0.263	0.270	0.318	0.269	0.281	0.265	0.333	0.246	0.322	0.310	0.308	0.340	0.265	0.311	0.302	0.274	0.282	1.899	0.576	0.295	0.200	2.514	-16585.596
477	16	500	500	0.4925	0.261	0.263	0.329	0.279	0.298	0.330	0.280	0.289	0.338	0.280	0.303	0.303	0.315	0.312	0.235	0.314	0.310	0.265	0.303	0.309	0.254	0.295	0.274	0.401	0.295	0.283	0.336	0.400	0.296	0.258	2.084	0.689	0.311	0.208	1.000	-16665.218
478	16	500	499	0.4938	0.277	0.274	0.387	0.263	0.278	0.323	0.279	0.346	0.406	0.349	0.329	0.329	0.295	0.326	0.259	0.236	0.328	0.270	0.316	0.342	0.322	0.380	0.308	0.300	0.258	0.310	0.336	0.305	0.279	0.368	1.925	0.547	0.314	0.196	1.000	-17099.380
479	16	500	500	0.5168	0.268	0.343	0.304	0.343	0.308	0.321	0.310	0.372	0.264	0.297	0.259	0.300	0.265	0.332	0.335	0.328	0.324	0.349	0.369	0.281	0.287	0.311	0.277	0.257	0.389	0.324	0.364	0.306	0.309	0.285	2.030	0.550	0.332	0.219	2.599	-17488.757
480	16	500	500	0.5049	0.234	0.273	0.189	0.377	0.282	0.353	0.263	0.359	0.299	0.352	0.253	0.282	0.292	0.258	0.331	0.292	0.284	0.233	0.304	0.299	0.304	0.230	0.374	0.326	0.301	0.314	0.258	0.275	0.370	0.237	1.988	0.683	0.308	0.183	16.344	-16428.987
481	16	500	500	0.5118	0.247	0.246	0.275	0.331	0.292	0.268	0.314	0.282	0.274	0.239	0.276	0.298	0.283	0.257	0.308	0.272	0.306	0.219	0.282	0.290	0.358	0.303	0.328	0.289	0.293	0.296	0.300	0.294	0.325	0.281	1.872	0.495	0.249	0.209	1.000	-16643.467
482	16	500	500	0.5116	0.329	0.263	0.330	0.294	0.289	0.350	0.277	0.324	0.335	0.253	0.306	0.328	0.314	0.341	0.286	0.285	0.343	0.268	0.288	0.308	0.274	0.323	0.317	0.293	0.287	0.294	0.259	0.281	0.333	0.249	1.968	0.571	0.304	0.180	4.128	-16697.626
483	16	500	500	0.4932	0.240	0.269	0.330	0.316	0.280	0.269	0.328	0.309	0.251	0.348	0.290	0.298	0.261	0.256	0.365	0.315	0.384	0.291	0.313	0.377	0.287	0.278	0.247	0.201	0.313	0.325	0.296	0.256	0.330	0.299	2.042	0.689	0.311	0.195	1.000	-16480.202
484	16	500	497	0.5130	0.303	0.379	0.262	0.311	0.288	0.318	0.332	0.313	0.218	0.237	0.236	0.245	0.271	0.309	0.298	0.271	0.244	0.344	0.345	0.248	0.263	0.316	0.262	0.349	0.224	0.239	0.273	0.296	0.328	0.289	2.196	0.721	0.269	0.218	5.703	-16229.303
485	16	500	500	0.5057	0.306	0.240	0.281	0.235	0.373	0.315	0.276	0.320	0.309	0.373	0.320	0.276	0.270	0.348	0.307	0.278	0.220	0.265	0.280	0.306	0.273	0.294	0.271	0.348	0.256	0.286	0.333	0.339	0.313	0.248	1.994	0.579	0.303	0.198	2.612	-16814.217
486	16	500	500	0.5275	0.288	0.291	0.271	0.326	0.318	0.328	0.344	0.310	0.259	0.398	0.273	0.275	0.262	0.295	0.305	0.284	0.389	0.296	0.325	0.363	0.242	0.302	0.303	0.203	0.254	0.285	0.315	0.351	0.292	0.263	2.026	0.624	0.340	0.197	3.511	-16950.835
487	16	500	500	0.4901	0.313	0.398	0.245	0.291	0.288	0.299	0.283	0.345	0.262	0.321	0.278	0.301	0.317	0.251	0.276	0.260	0.385	0.273	0.287	0.328	0.299	0.280	0.336	0.235	0.298	0.377	0.304	0.324	0.322	0.357	1.874	0.556	0.267	0.197	1.450	-16829.267
488	16	500	500	0.5178	0.324	0.277	0.279	0.275	0.275	0.257	0.308	0.296	0.302	0.304	0.328	0.273	0.312	0.266	0.244	0.297	0.264	0.326	0.305	0.303	0.287	0.300	0.297	0.331	0.244	0.320	0.314	0.352	0.276	0.336	2.059	0.595	0.321	0.208	2.694	-16763.045
489	16	500	500	0.5026	0.332	0.386	0.307	0.307	0.311	0.280	0.280	0.296	0.239	0.323	0.287	0.300	0.351	0.316	0.300	0.337	0.252	0.273	0.242	0.339	0.305	0.295	0.279	0.344	0.314	0.292	0.332	0.302	0.277	0.264	1.827	0.605	0.274	0.214	2.674	-16898.540
490	16	500	500	0.5046	0.308	0.232	0.294	0.309	0.334	0.354	0.303	0.293	0.385	0.297	0.287	0.319	0.356	0.317	0.295	0.292	0.391	0.340	0.295	0.266	0.319	0.317	0.292	0.247	0.299	0.336	0.324	0.319	0.324	0.322	1.864	0.603	0.387	0.187	3.863	-17205.593
491	16	500	500	0.5062	0.319	0.314	0.266	0.301	0.288	0.341	0.280	0.292	0.351	0.259	0.226	0.340	0.371	0.301	0.311	0.384	0.289	0.333	0.259	0.293	0.285	0.245	0.311	0.382	0.340	0.290	0.287	0.333	0.310	0.340	2.012	0.580	0.294	0.192	1.270	-16799.475
492	16	500	500	0.5158	0.261	0.318	0.290	0.351	0.304	0.255	0.259	0.326	0.313	0.325	0.288	0.327	0.348	0.229	0.383	0.313	0.246	0.291	0.279	0.306	0.273	0.323	0.290	0.288	0.279	0.296	0.297	0.339	0.299	0.237	2.094	0.654	0.317	0.199	9.752	-16722.719
493	16	500	500	0.4999	0.283	0.268	0.250	0.331	0.264	0.293	0.369	0.313	0.335	0.304	0.313	0.311	0.313	0.347	0.314	0.325	0.299	0.334	0.333	0.290	0.430	0.371	0.283	0.340	0.265	0.278	0.334	0.365	0.298	0.278	1.962	0.613	0.340	0.201	2.322	-17195.411
494	16	500	500	0.4981	0.286	0.312	0.290	0.277	0.270	0.295	0.306	0.273	0.295	0.323	0.273	0.290	0.261	0.284	0.261	0.233	0.280	0.325	0.343	0.280	0.307	0.329	0.307	0.311	0.251	0.329	0.291	0.273	0.298	0.292	1.929	0.651	0.314	0.206	1.000	-16734.110
495	16	500	499	0.5070	0.307	0.266	0.275	0.291	0.326	0.315	0.341	0.278	0.276	0.268	0.281	0.307	0.308	0.251	0.301	0.375	0.340	0.271	0.284	0.295	0.285	0.306	0.281	0.276	0.307	0.357	0.279	0.245	0.305	0.327	1.935	0.569	0.317	0.210	1.000	-16875.400
496	16	500	500	0.5045	0.250	0.297	0.261	0.317	0.313	0.274	0.355	0.285	0.270	0.309	0.237	0.288	0.275	0.297	0.335	0.242	0.245	0.287	0.330	0.289	0.358	0.281	0.190	0.325	0.281	0.307	0.274	0.305	0.318	0.248	2.052	0.615	0.249	0.200	1.000	-16296.194
497	16	500	500	0.5166	0.288	0.345	0.281	0.310	0.297	0.300	0.312	0.289	0.320	0.314	0.313	0.228	0.328	0.329	0.271	0.338	0.258	0.319	0.339	0.319	0.281	0.286	0.300	0.300	0.321	0.292	0.283	0.328	0.324	0.270	1.984	0.448	0.216	0.211	1.000	-16955.624
498	16	500	500	0.5117	0.367	0.260	0.306	0.345	0.278	0.304	0.305	0.309	0.338	0.286	0.365	0.342	0.320	0.241	0.314	0.294	0.401	0.323	0.280	0.272	0.278	0.293	0.312	0.256	0.364	0.281	0.295	0.265	0.303	0.332	1.983	0.564	0.283	0.191	1.000	-17012.325
499	16	500	500	0.5070	0.242	0.335	0.313	0.296	0.309	0.328	0.280	0.283	0.277	0.228	0.283	0.317	0.255	0.281	0.329	0.228	0.369	0.329	0.298	0.232	0.317	0.349	0.269	0.314	0.298	0.331	0.275	0.222	0.326	0.327	2.065	0.606	0.294	0.197	1.000	-16633.618
500	16	500	500	0.5049	0.289	0.296	0.289	0.309	0.314	0.218	0.282	0.291	0.327	0.289	0.253	0.333	0.312	0.227	0.322	0.303	0.308	0.276	0.223	0.327	0.304	0.239	0.351	0.266	0.269	0.291	0.285	0.289	0.330	0.248	1.997	0.569	0.232	0.206	2.317	-16422.084
501	16	500	500	0.5225	0.317	0.270	0.285	0.270	0.280	0.301	0.299	0.256	0.289	0.291	0.285	0.330	0.396	0.317	0.275	0.288	0.292	0.275	0.350	0.303	0.313	0.279	0.306	0.280	0.250	0.302	0.323	0.342	0.267	0.316	1.975	0.586	0.314	0.199	4.274	-16878.203
502	16	500	500	0.5148	0.311	0.292	0.299	0.225	0.349	0.315	0.368	0.273	0.251	0.267	0.312	0.336	0.321	0.327	0.202	0.351	0.336	0.358	0.225	0.338	0.302	0.275	0.324	0.218	0.346	0.270	0.310	0.202	0.308	0.284	1.941	0.671	0.296	0.216	2.060	-16747.054
503	16	500	499	0.5220	0.346	0.264	0.354	0.258	0.319	0.314	0.331	0.309	0.341	0.272	0.304	0.291	0.261	0.344	0.337	0.332	0.296	0.300	0.340	0.257	0.374	0.311	0.316	0.295	0.343	0.366	0.246	0.240	0.312	0.319	1.894	0.622	0.287	0.199	1.000	-17089.400
504	16	500	500	0.5245	0.314	0.306	0.318	0.302	0.324	0.326	0.325	0.280	0.164	0.299	0.354	0.289	0.337	0.346	0.287	0.396	0.363	0.302	0.343	0.319	0.300	0.335	0.270	0.256	0.404	0.318	0.301	0.325	0.298	0.271	1.952	0.528	0.289	0.204	2.132	-17296.061
505	16	500	500	0.5190	0.292	0.325	0.288	0.337	0.284	0.309	0.297	0.288	0.183	0.302	0.274	0.322	0.319	0.367	0.264	0.310	0.316	0.351	0.287	0.397	0.282	0.299	0.256	0.302	0.319	0.311	0.307	0.428	0.263	0.317	2.056	0.619	0.343	0.194	6.374	-16981.907
506	16	500	500	0.5240	0.300	0.261	0.335	0.253	0.303	0.262	0.310	0.290	0.279	0.331	0.326	0.258	0.289	0.306	0.323	0.324	0.272	0.286	0.343	0.342	0.276	0.335	0.287	0.299	0.296	0.273	0.232	0.297	0.320	0.263	1.912	0.546	0.279	0.195	1.000	-16759.623
507	16	500	500	0.5137	0.320	0.326	0.290	0.377	0.346	0.314	0.285	0.285	0.364	0.362	0.280	0.341	0.299	0.317	0.342	0.324	0.279	0.268	0.328	0.294	0.319	0.359	0.345	0.365	0.283	0.360	0.254	0.423	0.360	0.287	2.056	0.429	0.258	0.196	1.000	-17412.329
508	16	500	500	0.5265	0.367	0.279	0.241	0.334	0.278	0.295	0.322	0.315	0.317	0.306	0.314	0.278	0.325	0.322	0.299	0.338	0.202	0.287	0.316	0.246	0.341	0.318	0.333	0.272	0.302	0.330	0.367	0.271	0.254	0.252	1.869	0.563	0.277	0.200	1.000	-16896.957
509	16	500	500	0.5255	0.304	0.347	0.316	0.322	0.255	0.341	0.226	0.303	0.311	0.288	0.234	0.294	0.277	0.352	0.265	0.345	0.308	0.213	0.316	0.311	0.249	0.312	0.231	0.299	0.312	0.317	0.293	0.239	0.237	0.260	1.967	0.648	0.302	0.197	1.000	-16426.155
510	16	500	498	0.5328	0.322	0.316	0.252	1.478	0.330	0.273	0.255	0.281	0.246	0.241	0.305	0.292	0.275	0.215	0.305	0.264	0.253	0.306	0.316	0.286	0.280	0.278	0.305	0.227	0.289	0.347	0.300	0.307	0.287	0.371	1.953	0.704	0.291	0.206	999.000	-16416.508
511	16	500	500	0.5060	0.400	0.352	0.448	0.204	0.405	0.323	0.257	0.329	0.280	0.326	0.340	0.308	0.303	0.316	0.367	0.360	0.343	0.229	0.319	0.326	0.349	0.269	0.278	0.301	0.320	0.348	0.246	0.340	0.289	0.258	2.100	0.448	0.230	0.208	938.660	-17144.656
512	16	500	500	0.5205	0.639	0.263	0.487	0.146	0.456	0.344	0.350	0.319	0.201	0.377	0.302	0.298	0.264	0.297	0.346	0.000	0.299	0.313	0.240	0.298	0.298	0.273	0.319	0.279	0.318	0.280	0.335	0.241	0.273	0.326	1.998	0.440	0.213	0.192	551.553	-16899.910
513	16	500	500	0.5126	0.331	0.272	0.214	0.367	0.316	0.376	0.333	0.320	0.212	0.305	0.239	0.315	0.321	0.330	0.278	0.294	0.278	0.319	0.282	0.273	0.294	0.296	0.337	0.249	0.323	0.295	0.297	0.210	0.268	0.361	2.006	0.679	0.295	0.200	4.322	-16683.950
514	16	500	500	0.5050	0.309	0.335	0.192	0.306	0.284	0.302	0.297	0.301	0.250	0.279	0.296	0.279	0.293	0.273	0.324	0.307	0.327	0.328	0.250	0.310	0.239	0.341	0.305	0.345	0.278	0.236	0.304	0.250	0.287	0.300	1.845	0.636	0.305	0.203	2.731	-16536.097
515	16	500	500	0.5147	0.344	0.283	0.323	0.258	0.326	0.342	0.266	0.327	0.302	0.332	0.322	0.257	0.235	0.294	0.314	0.368	0.256	0.323	0.326	0.254	0.331	0.265	0.353	0.330	0.339	0.259	0.240	0.243	0.317	0.321	1.984	0.656	0.303	0.190	1.000	-16645.639
516	16	500	500	0.5078	0.257	0.235	0.279	0.280	0.268	0.258	0.302	0.270	0.336	0.363	0.285	0.284	0.299	0.295	0.244	0.245	0.320	0.259	0.284	0.296	0.259	0.286	0.281	0.263	0.320	0.341	0.234	0.353	0.299	0.295	1.981	0.487	0.212	0.189	1.000	-16270.652
517	16	500	499	0.5249	0.324	0.274	0.390	0.351	0.268	0.319	0.335	0.251	0.318	0.345	0.317	0.293	0.296	0.328	0.273	0.307	0.278	0.237	0.311	0.352	0.334	0.315	0.293	0.299	0.273	0.297	0.293	0.317	0.299	0.317	1.913	0.663	0.323	0.186	5.727	-16919.920
518	16	500	499	0.5087	0.336	0.269	0.316	0.299	0.301	0.311	0.265	0.266	0.314	0.237	0.385	0.221	0.374	0.266	0.273	0.292	0.274	0.291	0.248	0.259	0.269	0.290	0.281	0.289	0.374	0.334	0.323	0.322	0.277	0.237	1.840	0.657	0.308	0.203	4.309	-16541.389
519	16	500	498	0.5205	0.351	0.341	0.260	0.287	0.283	0.371	0.264	0.295	0.328	0.302	0.309	0.262	0.279	0.300	0.318	0.356	0.314	0.333	0.285	0.322	0.267	0.278	0.257	0.268	0.275	0.288	0.355	0.329	0.293	0.316	1.918	0.666	0.300	0.202	9.457	-16798.848
520	16	500	500	0.5160	0.263	0.212	0.249	0.275	0.289	0.374	0.350	0.284	0.364	0.264	0.287	0.257	0.312	0.266	0.273	0.257	0.306	0.286	0.306	0.305	0.283	0.260	0.283	0.281	0.260	0.322	0.328	0.343	0.292	0.276	1.952	0.660	0.340	0.196	6.862	-16663.526
521	16	500	499	0.5100	0.467	0.278	0.322	0.273	0.334	0.275	0.298	0.301	0.353	0.270	0.323	0.271	0.278	0.360	0.293	0.162	0.279	0.288	0.259	0.241	0.278	0.314	0.361	0.297	0.277	0.318	0.311	0.300	0.284	0.298	1.967	0.677	0.305	0.202	2.606	-16639.357
522	16	500	497	0.5160	0.259	0.267	0.212	0.230	0.309	0.272	0.279	0.322	0.320	0.245	0.285	0.262	0.328	0.228	0.297	0.286	0.311	0.353	0.216	0.289	0.271	0.272	0.313	0.247	0.279	0.307	0.342	0.292	0.294	0.262	1.901	0.678	0.306	0.225	4.944	-16407.609
523	16	500	499	0.4983	0.310	0.265	0.274	0.279	0.353	0.280	0.322	0.293	0.297	0.313	0.274	0.300	0.302	0.273	0.290	0.264	0.270	0.378	0.261	0.264	0.253	0.299	0.298	0.201	0.234	0.263	0.246	0.323	0.319	0.381	1.916	0.624	0.276	0.206	2.052	-16469.422
524	16	500	500	0.5360	0.305	0.316	0.249	0.277	0.329	0.300	0.312	0.259	0.297	0.261	0.345	0.252	0.323	0.341	0.272	0.264	0.316	0.320	0.250	0.304	0.254	0.305	0.291	0.265	0.396	0.252	0.252	0.266	0.301	0.256	1.977	0.640	0.311	0.192	3.094	-16527.910
525	16	500	500	0.4979	0.321	0.340	0.324	0.329	0.335	0.210	0.333	0.309	0.274	0.310	0.339	0.308	0.301	0.304	0.309	0.271	0.279	0.344	0.301	0.274	0.312	0.314	0.249	0.345	0.286	0.293	0.320	0.251	0.264	0.347	1.956	0.531	0.308	0.192	1.302	-16904.350
526	16	500	499	0.5195	0.266	0.272	0.310	0.364	0.248	0.262	0.326	0.289	0.289	0.296	0.286	0.302	0.260	0.286	0.317	0.322	0.255	0.334	0.300	0.316	0.326	0.274	0.300	0.361	0.267	0.234	0.268	0.295	0.357	0.280	1.981	0.658	0.312	0.192	1.036	-16641.978
527	16	500	500	0.5091	0.224	0.292	0.360	0.304	0.372	0.263	0.281	0.328	0.374	0.261	0.315	0.305	0.247	0.266	0.274	0.316	0.314	0.319	0.353	0.320	0.288	0.308	0.222	0.409	0.251	0.240	0.242	0.302	0.273	0.341	2.080	0.611	0.253	0.200	1.005	-16584.511
528	16	500	500	0.5113	0.350	0.401	0.289	0.299	0.363	0.319	0.245	0.329	0.266	0.325	0.251	0.279	0.271	0.308	0.300	0.271	0.272	0.363	0.300	0.325	0.301	0.293	0.357	0.313	0.336	0.296	0.298	0.371	0.285	0.348	2.041	0.412	0.217	0.194	1.000	-16975.668
529	16	500	500	0.5129	0.347	0.300	0.224	0.321	0.320	0.296	0.361	0.273	0.272	0.279	0.343	0.303	0.303	0.363	0.298	0.334	0.363	0.320	0.272	0.299	0.286	0.271	0.349	0.279	0.284	0.282	0.332	0.308	0.217	0.314	2.029	0.633	0.343	0.192	1.000	-16914.509
530	16	500	500	0.4950	0.266	0.380	0.352	0.336	0.254	0.293	0.320	0.276	0.338	0.316	0.317	0.309	0.286	0.289	0.310	0.290	0.252	0.290	0.312	0.316	0.310	0.286	0.321	0.315	0.316	0.285	0.271	0.271	0.332	0.347	1.996	0.627	0.306	0.193	2.871	-16852.343
531	16	500	500	0.5152	0.292	0.412	0.321	0.290	0.298	0.264	0.299	0.268	0.217	0.293	0.285	0.261	0.292	0.324	0.291	0.276	0.312	0.296	0.331	0.351	0.307	0.350	0.269	0.234	0.308	0.320	0.313	0.321	0.323	0.280	2.042	0.599	0.290	0.210	1.088	-16811.146
532	16	500	500	0.5177	0.260	0.298	0.272	0.277	0.350	0.338	0.318	0.270	0.302	0.311	0.267	0.299	0.269	0.269	0.264	0.337	0.271	0.314	0.341	0.275	0.333	0.318	0.282	0.335	0.378	0.276	0.316	0.302	0.370	0.330	2.142	0.494	0.269	0.185	1.605	-16877.593
533	16	500	500	0.5089	0.292	0.311	0.282	0.260	0.291	0.304	0.335	0.283	0.341	0.257	0.303	0.290	0.338	0.357	0.270	0.285	0.306	0.323	0.250	0.340	0.306	0.290	0.240	0.284	0.288	0.334	0.287	0.236	0.329	0.251	1.967	0.614	0.308	0.210	1.000	-16799.291
534	16	500	500	0.5079	0.312	0.286	0.320	0.314	0.295	0.332	0.364	0.302	0.338	0.282	0.292	0.266	0.274	0.300	0.303	0.315	0.275	0.317	0.343	0.334	0.290	0.301	0.378	0.375	0.311	0.326	0.328	0.263	0.341	0.334	2.051	0.518	0.295	0.188	1.000	-17146.184
535	16	500	500	0.5115	0.343	0.318	0.349	0.351	0.277	0.311	0.278	0.330	0.254	0.297	0.308	0.283	0.259	0.305	0.330	0.344	0.281	0.274	0.319	0.339	0.330	0.299	0.301	0.264	0.263	0.317	0.304	0.247	0.234	0.314	2.104	0.599	0.312	0.200	1.933	-16800.475
536	16	500	500	0.5042	0.347	0.316	0.319	0.309	0.290	0.269	0.317	0.290	0.250	0.330	0.316	0.338	0.315	0.281	0.294	0.326	0.288	0.288	0.309	0.310	0.306	0.286	0.305	0.209	0.349	0.321	0.257	0.301	0.306	0.284	2.011	0.583	0.282	0.200	1.045	-16727.041
537	16	500	499	0.5116	0.305	0.295	0.251	0.294	0.297	0.371	0.290	0.317	0.265	0.281	0.316	0.347	0.326	0.311	0.252	0.304	0.337	0.295	0.342	0.377	0.308	0.322	0.280	0.271	0.305	0.249	0.330	0.313	0.306	0.322	2.116	0.636	0.331	0.195	2.617	-16865.768
538	16	500	500	0.5168	0.317	0.241	0.265	0.266	0.307	0.293	0.258	0.340	0.332	0.244	0.296	0.316	0.229	0.367	0.244	0.224	0.323	0.287	0.357	0.300	0.274	0.329	0.351	0.305	0.267	0.243	0.325	0.263	0.319	0.325	1.932	0.509	0.256	0.199	2.211	-16676.352
539	16	500	500	0.5155	0.266	0.254	0.292	0.317	0.311	0.284	0.340	0.295	0.370	0.334	0.376	0.312	0.291	0.325	0.339	0.323	0.309	0.309	0.297	0.241	0.307	0.337	0.284	0.238	0.343	0.265	0.330	0.282	0.315	0.304	2.015	0.666	0.334	0.218	1.000	-17073.523
540	16	500	500	0.5252	0.298	0.327	0.255	0.248	0.363	0.303	0.276	0.326	0.341	0.258	0.324	0.308	0.308	0.345	0.306	0.312	0.278	0.255	0.365	0.275	0.262	0.298	0.264	0.299	0.294	0.331	0.286	0.328	0.252	0.290	1.985	0.554	0.313	0.209	1.000	-16965.437
541	16	500	500	0.5112	0.331	0.288	0.246	0.295	0.301	0.344	0.334	0.238	0.323	0.300	0.286	0.269	0.281	0.287	0.359	0.268	0.290	0.307	0.259	0.313	0.276	0.368	0.343	0.339	0.287	0.357	0.324	0.330	0.302	0.302	2.028	0.566	0.312	0.196	1.532	-16927.691
542	16	500	500	0.5097	0.309	0.340	0.314	0.302	0.293	0.314	0.297	0.259	0.282	0.292	0.320	0.271	0.329	0.276	0.288	0.308	0.311	0.244	0.316	0.280	0.325	0.303	0.277	0.329	0.269	0.274	0.240	0.295	0.301	0.265	1.960	0.581	0.273	0.207	1.593	-16653.610
543	16	500	500	0.5160	0.286	0.320	0.358	0.321	0.280	0.242	0.306	0.277	0.343	0.310	0.274	0.303	0.235	0.349	0.305	0.290	0.289	0.275	0.323	0.285	0.337	0.330	0.327	0.300	0.250	0.334	0.335	0.248	0.299	0.317	2.021	0.650	0.320	0.205	7.899	-16789.178
544	16	500	500	0.5053	0.277	0.362	0.325	0.391	0.253	0.294	0.313	0.314	0.326	0.253	0.349	0.317	0.238	0.358	0.328	0.232	0.324	0.323	0.278	0.274	0.289	0.336	0.240	0.274	0.292	0.266	0.243	0.291	0.299	0.306	2.096	0.637	0.358	0.185	10.133	-16671.419
545	16	500	500	0.5080	0.302	0.384	0.266	0.348	0.304	0.307	0.339	0.235	0.310	0.311	0.295	0.252	0.268	0.294	0.319	0.301	0.283	0.288	0.333	0.339	0.261	0.254	0.289	0.300	0.314	0.277	0.309	0.264	0.306	0.292	1.972	0.613	0.300	0.214	1.624	-16805.516
546	16	500	499	0.5011	0.273	0.301	0.330	0.245	0.334	0.233	0.264	0.322	0.344	0.269	0.306	0.324	0.330	0.268	0.289	0.253	0.342	0.294	0.274	0.336	0.234	0.365	0.318	0.293	0.291	0.294	0.299	0.315	0.322	0.296	2.075	0.679	0.317	0.204	1.000	-16724.236
547	16	500	500	0.5007	0.373	0.293	0.235	0.325	0.225	0.292	0.283	0.366	0.232	0.319	0.274	0.276	0.330	0.329	0.274	0.331	0.278	0.250	0.319	0.303	0.337	0.265	0.310	0.301	0.292	0.268	0.268	0.352	0.295	0.286	2.067	0.623	0.315	0.206	1.000	-16541.761
548	16	500	499	0.5110	0.310	0.323	0.304	0.346	0.357	0.293	0.279	0.300	0.247	0.329	0.351	0.259	0.252	0.288	0.304	0.301	0.257	0.273	0.207	0.374	0.270	0.285	0.301	0.308	0.316	0.329	0.285	0.245	0.333	0.326	1.861	0.599	0.270	0.188	1.000	-16670.914
549	16	500	500	0.5220	0.277	0.371	0.326	0.313	0.318	0.319	0.265	0.269	0.276	0.335	0.316	0.296	0.289	0.326	0.299	0.330	0.305	0.357	0.299	0.274	0.326	0.345	0.331	0.369	0.252	0.271	0.330	0.302	0.317	0.292	1.967	0.556	0.345	0.194	1.165	-17161.258
550	16	500	499	0.5179	0.352	0.236	0.339	0.316	0.264	0.287	0.306	0.354	0.370	0.338	0.276	0.272	0.288	0.311	0.280	0.316	0.284	0.283	0.339	0.327	0.302	0.259	0.307	0.352	0.331	0.297	0.240	0.278	0.260	0.307	2.045	0.555	0.290	0.195	1.000	-16886.854
551	16	500	500	0.5150	0.331	0.192	0.337	0.324	0.274	0.267	0.266	0.264	0.329	0.401	0.279	0.309	0.341	0.299	0.279	0.274	0.351	0.305	0.278	0.300	0.288	0.271	0.239	0.297	0.321	0.241	0.328	0.267	0.295	0.264	2.064	0.618	0.303	0.199	1.000	-16527.168
552	16	500	500	0.5090	0.292	0.370	0.290	0.343	0.281	0.251	0.312	0.322	0.325	0.266	0.328	0.218	0.385	0.269	0.274	0.316	0.308	0.338	0.333	0.368	0.279	0.264	0.336	0.307	0.297	0.338	0.282	0.326	0.333	0.264	2.024	0.598	0.294	0.204	1.000	-16931.566
553	16	500	499	0.4899	0.311	0.276	0.344	0.359	0.251	0.306	0.287	0.305	0.342	0.281	0.312	0.269	0.250	0.363	0.264	0.249	0.318	0.291	0.296	0.307	0.320	0.271	0.324	0.290	0.262	0.323	0.325	0.269	0.322	0.240	2.020	0.562	0.283	0.205	1.913	-16784.347
554	16	500	500	0.5161	0.273	0.245	0.281	0.274	0.343	0.360	0.321	0.276	0.341	0.312	0.309	0.259	0.310	0.284	0.375	0.275	0.290	0.326	0.337	0.348	0.285	0.304	0.319	0.341	0.324	0.288	0.299	0.318	0.283	0.294	2.039	0.590	0.299	0.184	1.632	-16860.414
555	16	500	500	0.5055	0.310	0.294	0.379	0.280	0.285	0.323	0.307	0.326	0.273	0.257	0.298	0.260	0.228	0.290	0.302	0.326	0.307	0.254	0.305	0.285	0.325	0.353	0.309	0.252	0.249	0.296	0.341	0.300	0.247	0.353	2.056	0.647	0.313	0.205	4.475	-16642.080
556	16	500	500	0.5094	0.241	0.312	0.303	0.288	0.235	0.336	0.308	0.333	0.304	0.297	0.297	0.305	0.294	0.328	0.344	0.295	0.351	0.291	0.299	0.312	0.289	0.303	0.339	0.253	0.320	0.300	0.267	0.242	0.298	0.258	1.971	0.571	0.328	0.192	1.504	-16755.554
557	16	500	500	0.5155	0.278	0.369	0.296	0.330	0.292	0.289	0.312	0.312	0.347	0.313	0.315	0.364	0.336	0.320	0.225	0.315	0.258	0.353	0.224	0.383	0.315	0.255	0.313	0.389	0.348	0.263	0.323	0.260	0.341	0.348	1.934	0.629	0.335	0.202	1.650	-17272.112
558	16	500	500	0.5092	0.359	0.258	0.225	0.357	0.295	0.352	0.296	0.268	0.386	0.274	0.284	0.243	0.274	0.354	0.270	0.371	0.269	0.309	0.276	0.311	0.303	0.275	0.313	0.310	0.237	0.327	0.297	0.365	0.306	0.315	2.083	0.618	0.292	0.220	1.000	-16782.210
559	16	500	500	0.5090	0.304	0.313	0.332	0.316	0.304	0.390	0.228	0.293	0.258	0.325	0.337	0.309	0.305	0.314	0.268	0.301	0.255	0.279	0.304	0.344	0.254	0.301	0.301	0.343	0.318	0.341	0.282	0.280	0.306	0.259	1.951	0.601	0.293	0.219	2.210	-16937.311
560	16	500	499	0.5300	0.313	0.304	0.249	0.328	0.320	0.299	0.318	0.287	0.321	0.267	0.359	0.269	0.287	0.339	0.269	0.339	0.305	0.276	0.353	0.230	0.299	0.303	0.275	0.313	0.264	0.269	0.339	0.328	0.331	0.286	1.968	0.615	0.314	0.200	2.691	-16883.987
561	16	500	499	0.5193	0.287	0.365	0.241	1.797	0.275	0.313	0.354	0.277	0.300	0.340	0.281	0.327	0.360	0.287	0.281	0.311	0.312	0.228	0.305	0.270	0.312	0.269	0.302	0.273	0.269	0.256	0.383	0.320	0.270	0.295	2.027	0.695	0.300	0.209	999.000	-16702.199
562	16	500	500	0.5198	0.341	0.242	0.231	0.288	0.316	0.292	0.321	0.280	0.336	0.270	0.302	0.327	0.264	0.264	0.362	0.248	0.282	0.349	0.294	0.259	0.331	0.340	0.297	0.353	0.304	0.306	0.284	0.295	0.344	0.272	2.018	0.620	0.319	0.199	2.952	-16812.103
563	16	500	498	0.4925	0.282	0.302	0.293	0.312	0.297	0.286	0.279	0.330	0.286	0.284	0.268	0.293	0.302	0.263	0.296	0.319	0.212	0.317	0.317	0.286	0.324	0.314	0.229	0.381	0.274	0.273	0.293	0.318	0.255	0.333	2.141	0.681	0.297	0.203	7.932	-16459.288
564	16	500	500	0.5206	0.274	0.270	0.373	0.323	0.272	0.253	0.341	0.281	0.288	0.292	0.274	0.250	0.257	0.258	0.322	0.330	0.299	0.278	0.337	0.356	0.307	0.278	0.355	0.246	0.314	0.305	0.301	0.310	0.290	0.285	2.052	0.665	0.314	0.195	3.983	-16697.131
565	16	500	500	0.5276	0.266	0.296	0.270	0.269	0.346	0.320	0.218	0.259	0.270	0.250	0.262	0.285	0.367	0.264	0.291	0.248	0.320	0.265	0.315	0.279	0.326	0.300	0.333	0.363	0.309	0.249	0.320	0.257	0.288	0.258	2.031	0.612	0.270	0.204	1.843	-16462.950
566	16	500	500	0.5223	0.309	0.299	0.255	0.270	0.342	0.328	0.339	0.285	0.274	0.299	0.319	0.347	0.284	0.326	0.298	0.342	0.292	0.256	0.361	0.316	0.339	0.317	0.319	0.282	0.254	0.357	0.285	0.304	0.301	0.279	2.001	0.496	0.222	0.198	1.022	-16930.722
567	16	500	499	0.5212	0.322	0.363	0.368	0.362	0.297	0.273	0.306	0.280	0.292	0.308	0.293	0.301	0.305	0.323	0.305	0.287	0.276	0.252	0.264	0.368	0.258	0.373	0.296	0.315	0.310	0.286	0.296	0.288	0.349	0.214	1.996	0.579	0.364	0.197	3.481	-17086.101
568	16	500	499	0.5339	0.235	0.269	0.254	0.284	0.280	0.292	0.268	0.272	0.279	0.290	0.234	0.373	0.303	0.306	0.297	0.273	0.226	0.269	0.348	0.331	0.296	0.271	0.244	0.347	0.261	0.317	0.227	0.262	0.354	0.308	1.796	0.605	0.303	0.195	1.000	-16603.424
569	16	500	499	0.5053	0.265	0.291	0.340	0.248	0.283	0.223	0.323	0.295	0.286	0.319	0.241	0.322	0.252	0.285	0.304	0.269	0.242	0.324	0.313	0.286	0.310	0.329	0.289	0.273	0.346	0.268	0.313	0.191	0.365	0.250	1.958	0.540	0.240	0.201	1.000	-16369.381
570	16	500	499	0.5220	0.324	0.377	0.253	0.272	0.331	0.295	0.333	0.314	0.276	0.270	0.369	0.314	0.258	0.316	0.300	0.286	0.274	0.250	0.350	0.266	0.304	0.292	0.293	0.312	0.313	0.362	0.291	0.282	0.299	0.258	2.079	0.558	0.289	0.203	1.000	-16901.417
571	16	500	500	0.5103	0.265	0.345	0.286	0.310	0.314	0.309	0.234	0.329	0.318	0.257	0.312	0.300	0.311	0.317	0.253	0.280	0.299	0.314	0.273	0.319	0.285	0.339	0.280	0.227	0.297	0.296	0.346	0.291	0.272	0.273	1.876	0.622	0.295	0.208	2.357	-16653.046
572	16	500	500	0.5138	0.265	0.371	0.356	0.258	0.359	0.292	0.297	0.317	0.394	0.306	0.334	0.293	0.344	0.378	0.293	0.283	0.267	0.348	0.304	0.256	0.277	0.355	0.304	0.383	0.286	0.255	0.331	0.269	0.349	0.325	1.874	0.367	0.220	0.198	1.000	-17432.264
573	16	500	500	0.5007	0.243	0.288	0.300	0.345	0.312	0.364	0.299	0.270	0.290	0.335	0.339	0.258	0.312	0.305	0.325	0.299	0.311	0.316	0.302	0.321	0.354	0.307	0.271	0.292	0.323	0.271	0.302	0.248	0.244	0.302	1.938	0.586	0.317	0.191	1.510	-16836.005
574	16	500	500	0.5228	0.348	0.207	0.335	0.281	0.310	0.336	0.290	0.261	0.322	0.351	0.271	0.372	0.307	0.319	0.325	0.305	0.216	0.343	0.302	0.262	0.264	0.272	0.332	0.320	0.275	0.325	0.287	0.372	0.293	0.259	2.055	0.481	0.225	0.188	1.045	-16745.391
575	16	500	500	0.5063	0.251	0.341	0.300	0.314	0.254	0.337	0.289	0.260	0.402	0.258	0.316	0.284	0.307	0.350	0.262	0.290	0.376	0.273	0.296	0.273	0.303	0.247	0.329	0.275	0.282	0.290	0.358	0.287	0.315	0.300	2.043	0.618	0.339	0.195	7.987	-16860.825
576	16	500	500	0.5162	0.235	0.299	0.275	1.870	0.351	0.266	0.300	0.339	0.280	0.264	0.345	0.295	0.333	0.289	0.327	0.300	0.336	0.325	0.319	0.255	0.263	0.284	0.305	0.297	0.240	0.297	0.301	0.373	0.279	0.245	2.010	0.695	0.300	0.198	999.000	-16683.578
577	16	500	500	0.5412	0.301	0.281	0.323	0.289	0.295	0.348	0.326	0.238	0.295	0.296	0.275	0.300	0.293	0.302	0.283	0.396	0.316	0.314	0.318	0.319	0.272	0.310	0.318	0.315	0.266	0.271	0.287	0.245	0.295	0.285	2.057	0.541	0.257	0.194	1.434	-16755.361
578	16	500	500	0.5139	0.338	0.285	0.270	0.340	0.282	0.374	0.243	0.315	0.267	0.273	0.313	0.226	0.302	0.265	0.300	0.321	0.264	0.250	0.319	0.239	0.332	0.283	0.327	0.214	0.378	0.337	0.349	0.304	0.299	0.302	2.057	0.527	0.203	0.193	1.016	-16498.203
579	16	500	500	0.4933	0.314	0.278	0.323	0.281	0.296	0.340	0.343	0.294	0.365	0.366	0.295	0.265	0.321	0.341	0.265	0.301	0.267	0.307	0.321	0.324	0.375	0.254	0.300	0.330	0.278	0.287	0.265	0.334	0.275	0.266	2.081	0.444	0.247	0.193	1.000	-16780.988
580	16	500	500	0.5282	0.238	0.284	0.300	0.327	0.287	0.271	0.282	0.299	0.318	0.377	0.298	0.254	0.225	0.327	0.225	0.257	0.306	0.293	0.329	0.243	0.264	0.322	0.219	0.264	0.258	0.278	0.295	0.375	0.312	0.276	2.058	0.586	0.259	0.204	2.814	-16418.928
581	16	500	500	0.5128	0.321	0.328	0.318	0.323	0.255	0.245	0.262	0.313	0.294	0.281	0.245	0.296	0.289	0.284	0.292	0.293	0.304	0.294	0.350	0.263	0.263	0.309	0.310	0.332	0.291	0.319	0.290	0.290	0.343	0.252	1.984	0.662	0.301	0.213	1.000	-16681.260
582	16	500	499	0.5184	0.266	0.256	0.298	0.303	0.249	0.377	0.297	0.299	0.316	0.295	0.296	0.269	0.369	0.352	0.257	0.298	0.268	0.329	0.323	0.269	0.348	0.304	0.296	0.388	0.280	0.239	0.282	0.252	0.313	0.298	2.146	0.614	0.287	0.210	1.000	-16611.298
583	16	500	499	0.5148	0.271	0.351	0.302	0.432	0.320	0.291	0.354	0.264	0.293	0.264	0.332	0.272	0.304	0.304	0.345	0.244	0.282	0.290	0.265	0.265	0.222	0.278	0.323	0.300	0.274	0.274	0.272	0.325	0.314	0.313	2.115	0.660	0.335	0.203	69.643	-16706.991
584	16	500	500	0.5134	0.307	0.349	0.321	0.299	0.299	0.318	0.229	0.380	0.301	0.292	0.271	0.329	0.268	0.269	0.248	0.251	0.318	0.256	0.241	0.316	0.361	0.322	0.257	0.269	0.320	0.332	0.285	0.238	0.287	0.277	1.978	0.535	0.252	0.203	1.000	-16591.520
585	16	500	500	0.5010	0.254	0.234	0.363	0.330	0.299	0.384	0.361	0.292	0.264	0.356	0.328	0.318	0.318	0.331	0.271	0.307	0.308	0.230	0.295	0.263	0.253	0.310	0.372	0.280	0.281	0.375	0.291	0.330	0.290	0.306	2.025	0.492	0.228	0.203	1.234	-17000.334
586	16	500	500	0.5090	0.295	0.220	0.306	0.281	0.256	0.279	0.316	0.321	0.302	0.351	0.261	0.277	0.265	0.317	0.271	0.257	0.232	0.310	0.292	0.261	0.202	0.286	0.303	0.283	0.270	0.261	0.274	0.270	0.238	0.295	2.066	0.556	0.271	0.195	1.000	-16213.804
587	16	500	499	0.5188	0.320	0.299	0.220	0.260	0.272	0.308	0.263	0.289	0.301	0.349	0.260	0.285	0.244	0.279	0.352	0.318	0.238	0.365	0.292	0.281	0.284	0.291	0.300	0.254	0.310	0.319	0.331	0.299	0.229	0.302	1.977	0.687	0.292	0.200	5.465	-16398.204
588	16	500	500	0.5001	0.343	0.302	0.243	0.229	0.260	0.295	0.217	0.267	0.250	0.315	0.274	0.277	0.376	0.299	0.271	0.303	0.349	0.235	0.237	0.307	0.375	0.300	0.300	0.265	0.307	0.296	0.291	0.269	0.254	0.330	2.121	0.670	0.298	0.225	1.966	-16374.574
589	16	500	500	0.5075	0.346	0.361	0.318	0.307	0.294	0.305	0.292	0.273	0.346	0.323	0.287	0.272	0.342	0.281	0.286	0.314	0.191	0.299	0.300	0.335	0.250	0.239	0.326	0.358	0.274	0.303	0.332	0.326	0.334	0.244	2.009	0.537	0.241	0.210	1.261	-16781.320
590	16	500	500	0.5068	0.306	0.312	0.350	0.331	0.257	0.313	0.300	0.351	0.228	0.286	0.304	0.251	0.321	0.296	0.292	0.312	0.354	0.298	0.320	0.250	0.238	0.303	0.291	0.318	0.241	0.322	0.304	0.331	0.299	0.317	2.084	0.634	0.322	0.205	4.184	-16667.951
591	16	500	500	0.5068	0.273	0.205	0.299	0.280	0.327	0.317	0.318	0.243	0.316	0.269	0.323	0.377	0.359	0.292	0.341	0.341	0.260	0.238	0.242	0.368	0.303	0.315	0.276	0.303	0.289	0.275	0.276	0.298	0.294	0.311	1.951	0.564	0.268	0.204	2.379	-16754.305
592	16	500	500	0.4993	0.239	0.281	0.267	0.294	0.287	0.301	0.336	0.319	0.255	0.326	0.275	0.324	0.287	0.281	0.331	0.302	0.318	0.328	0.316	0.221	0.316	0.317	0.266	0.310	0.265	0.292	0.288	0.312	0.276	0.283	1.889	0.596	0.261	0.206	1.000	-16665.511
593	16	500	500	0.5287	0.353	0.334	0.289	0.283	0.272	0.284	0.256	0.287	0.305	0.241	0.304	0.268	0.350	0.246	0.273	0.319	0.276	0.324	0.318	0.354	0.305	0.291	0.265	0.274	0.332	0.309	0.267	0.369	0.307	0.283	2.030	0.539	0.237	0.203	1.000	-16671.263
594	16	500	500	0.5130	0.211	0.260	0.324	0.377	0.307	0.301	0.295	0.318	0.305	0.327	0.290	0.328	0.284	0.335	0.313	0.282	0.295	0.326	0.351	0.268	0.293	0.323	0.267	0.323	0.349	0.306	0.337	0.281	0.301	0.342	2.107	0.527	0.274	0.198	1.227	-17066.882
595	16	500	499	0.5257	0.347	0.283	0.394	0.323	0.284	0.332	0.245	0.329	0.301	0.265	0.314	0.346	0.248	0.294	0.261	0.318	0.297	0.347	0.328	0.305	0.292	0.278	0.309	0.225	0.298	0.295	0.288	0.318	0.294	0.288	2.071	0.624	0.323	0.180	7.927	-16644.632
596	16	500	499	0.5092	0.328	0.294	0.308	0.291	0.295	0.328	0.279	0.374	0.330	0.266	0.277	0.316	0.300	0.308	0.267	0.273	0.278	0.313	0.285	0.320	0.292	0.307	0.250	0.338	0.324	0.257	0.304	0.265	0.347	0.256	1.951	0.507	0.242	0.199	1.117	-16796.215
597	16	500	500	0.5155	0.343	0.327	0.347	0.310	0.263	0.297	0.298	0.264	0.315	0.221	0.375	0.332	0.280	0.374	0.256	0.323	0.360	0.305	0.309	0.323	0.324	0.289	0.324	0.358	0.326	0.264	0.288	0.290	0.245	0.335	2.119	0.560	0.297	0.196	1.000	-16905.956
598	16	500	500	0.5054	0.309	0.256	0.283	0.292	0.297	0.311	0.270	0.300	0.332	0.223	0.335	0.281	0.243	0.296	0.283	0.304	0.243	0.307	0.265	0.273	0.272	0.271	0.276	0.316	0.383	0.294	0.238	0.290	0.283	0.293	2.063	0.667	0.333	0.206	1.000	-16500.976
599	16	500	500	0.5083	0.338	0.316	0.319	0.303	0.353	0.337	0.297	0.323	0.330	0.331	0.344	0.336	0.222	0.362	0.244	0.376	0.366	0.353	0.307	0.328	0.315	0.324	0.266	0.301	0.294	0.297	0.373	0.289	0.354	0.250	1.979	0.577	0.319	0.188	2.486	-17266.005
600	16	500	500	0.5190	0.314	0.282	0.262	0.295	0.301	0.234	0.311	0.226	0.373	0.217	0.292	0.326	0.324	0.280	0.306	0.305	0.301	0.342	0.305	0.302	0.350	0.351	0.261	0.286	0.303	0.252	0.303	0.291	0.298	0.299	2.018	0.577	0.273	0.200	1.000	-16671.501
601	16	500	500	0.5154	0.285	0.194	0.291	0.359	0.271	0.312	0.297	0.303	0.315	0.326	0.317	0.212	0.239	0.350	0.264	0.297	0.234	0.285	0.334	0.280	0.259	0.332	0.235	0.316	0.319	0.349	0.283	0.275	0.307	0.305	2.062	0.618	0.281	0.199	1.000	-16556.765
602	16	500	500	0.5083	0.269	0.290	0.321	0.317	0.320	0.254	0.302	0.287	0.273	0.284	0.317	0.293	0.373	0.289	0.353	0.258	0.316	0.352	0.329	0.331	0.263	0.274	0.317	0.306	0.322	0.303	0.270	0.298	0.318	0.332	2.078	0.586	0.317	0.195	2.097	-16942.983
603	16	500	500	0.5125	0.155	0.293	0.340	0.210	0.253	0.229	0.343	0.293	0.238	0.260	0.268	0.327	0.340	0.298	0.293	0.400	0.294	0.351	0.307	0.240	0.281	0.270	0.402	0.318	0.262	0.251	0.295	0.318	0.273	0.259	1.996	0.568	0.243	0.208	1.000	-16537.299
604	16	500	500	0.5315	0.328	0.187	0.311	0.340	0.274	0.371	0.245	0.289	0.486	0.249	0.320	0.310	0.288	0.269	0.367	0.282	0.240	0.356	0.302	0.303	0.334	0.301	0.281	0.301	0.338	0.269	0.298	0.296	0.264	0.304	2.021	0.645	0.293	0.196	3.234	-16735.557
605	16	500	500	0.5194	0.280	0.302	0.233	0.273	0.325	0.264	0.281	0.271	0.353	0.358	0.288	0.343	0.262	0.365	0.245	0.295	0.302	0.252	0.335	0.249	0.203	0.319	0.290	0.276	0.290	0.328	0.265	0.319	0.246	0.269	1.953	0.631	0.280	0.209	2.056	-16494.286
606	16	500	499	0.5138	0.353	0.348	0.336	0.296	0.283	0.309	0.279	0.333	0.232	0.333	0.362	0.225	0.233	0.315	0.379	0.311	0.292	0.356	0.238	0.370	0.342	0.338	0.244	0.282	0.335	0.317	0.245	0.304	0.317	0.373	2.098	0.494	0.231	0.193	1.000	-16843.254
607	16	500	500	0.5133	0.327	0.182	0.381	0.265	0.323	0.346	0.334	0.272	0.332	0.257	0.292	0.351	0.310	0.276	0.252	0.320	0.255	0.247	0.305	0.282	0.352	0.276	0.295	0.361	0.300	0.316	0.283	0.235	0.300	0.289	2.045	0.608	0.303	0.200	1.037	-16696.286
608	16	500	500	0.5197	0.286	0.274	0.349	0.342	0.284	0.254	0.318	0.255	0.344	0.312	0.338	0.318	0.289	0.334	0.306	0.306	0.305	0.292	0.224	0.323	0.327	0.354	0.283	0.307	0.334	0.247	0.354	0.314	0.364	0.259	1.930	0.608	0.347	0.197	9.039	-17048.352
609	16	500	497	0.5247	0.306	0.279	0.274	0.292	0.336	0.300	0.328	0.292	0.264	0.281	0.265	0.320	0.290	0.281	0.266	0.341	0.315	0.245	0.315	0.292	0.320	0.254	0.284	0.290	0.284	0.308	0.316	0.305	0.298	0.263	1.940	0.700	0.300	0.196	2.133	-16580.508
610	16	500	500	0.5305	0.309	0.309	0.257	0.360	0.266	0.427	0.299	0.264	0.243	0.306	0.288	0.297	0.250	0.301	0.271	0.387	0.276	0.264	0.266	0.341	0.358	0.332	0.326	0.251	0.276	0.248	0.299	0.342	0.261	0.327	1.987	0.659	0.334	0.199	22.389	-16778.176
611	16	500	500	0.5283	0.291	0.281	0.291	0.366	0.351	0.289	0.318	0.292	0.269	0.341	0.260	0.306	0.358	0.326	0.344	0.329	0.400	0.366	0.266	0.318	0.372	0.330	0.327	0.271	0.362	0.264	0.277	0.287	0.290	0.286	2.134	0.602	0.343	0.195	4.112	-17150.288
612	16	500	500	0.5095	0.314	0.311	0.236	0.280	0.253	0.349	0.310	0.284	0.326	0.268	0.286	0.260	0.313	0.304	0.301	0.333	0.281	0.344	0.312	0.270	0.292	0.300	0.294	0.251	0.387	0.237	0.326	0.293	0.321	0.264	1.957	0.516	0.269	0.191	1.201	-16590.509
613	16	500	500	0.5079	0.272	0.291	0.321	0.321	0.360	0.288	0.213	0.259	0.364	0.284	0.272	0.343	0.312	0.247	0.342	0.304	0.259	0.334	0.266	0.257	0.258	0.199	0.342	0.324	0.279	0.305	0.357	0.275	0.317	0.259	1.968	0.616	0.308	0.205	2.750	-16628.729
614	16	500	500	0.5072	0.332	0.310	0.324	0.309	0.316	0.261	0.298	0.340	0.253	0.329	0.328	0.376	0.280	0.315	0.291	0.307	0.311	0.361	0.297	0.295	0.317	0.312	0.279	0.339	0.273	0.289	0.367	0.255	0.263	0.283	1.921	0.551	0.292	0.198	1.000	-17056.535
615	16	500	500	0.5014	0.283	0.243	0.354	0.355	0.356	0.344	0.289	0.240	0.272	0.342	0.269	0.255	0.294	0.345	0.285	0.288	0.305	0.295	0.327	0.244	0.363	0.282	0.289	0.252	0.302	0.266	0.286	0.290	0.262	0.285	2.122	0.594	0.268	0.187	1.000	-16507.527
616	16	500	500	0.5257	0.266	0.372	0.264	0.313	0.288	0.343	0.315	0.321	0.312	0.242	0.311	0.249	0.312	0.338	0.289	0.304	0.339	0.300	0.316	0.300	0.334	0.265	0.280	0.239	0.317	0.332	0.298	0.293	0.311	0.291	1.965	0.628	0.304	0.209	3.323	-16893.847
617	16	500	500	0.5268	0.260	0.334	0.298	0.313	0.306	0.221	0.348	0.279	0.295	0.333	0.286	0.286	0.344	0.309	0.276	0.333	0.298	0.312	0.288	0.246	0.307	0.368	0.335	0.335	0.373	0.328	0.359	0.304	0.347	0.288	1.968	0.433	0.232	0.195	1.342	-17113.410
618	16	500	499	0.5165	0.322	0.274	0.253	0.277	0.346	0.314	0.240	0.282	0.418	0.320	0.341	0.286	0.352	0.313	0.270	0.378	0.306	0.279	0.313	0.309	0.318	0.359	0.291	0.212	0.323	0.322	0.264	0.392	0.220	0.246	1.907	0.586	0.285	0.214	1.337	-16932.044
619	16	500	500	0.5089	0.328	0.234	0.375	0.872	0.299	0.299	0.367	0.274	0.345	0.286	0.321	0.347	0.311	0.270	0.357	0.379	0.369	0.321	0.274	0.311	0.341	0.268	0.336	0.400	0.345	0.318	0.255	0.304	0.289	0.285	1.900	0.638	0.357	0.207	318.798	-17317.550
620	16	500	500	0.5012	0.299	0.286	0.249	0.321	0.266	0.350	0.267	0.312	0.403	0.409	0.300	0.275	0.333	0.289	0.335	0.296	0.249	0.302	0.357	0.300	0.308	0.289	0.264	0.398	0.227	0.316	0.236	0.332	0.308	0.263	2.017	0.475	0.242	0.189	1.000	-16902.509
621	16	500	500	0.5250	0.598	0.308	0.296	0.254	0.348	0.244	0.355	0.229	0.378	0.253	0.263	0.342	0.334	0.296	0.318	0.000	0.292	0.303	0.316	0.254	0.345	0.297	0.324	0.245	0.340	0.329	0.304	0.295	0.360	0.306	2.061	0.654	0.346	0.217	1.000	-17045.953
622	16	500	500	0.5063	0.298	0.363	0.279	0.296	0.288	0.318	0.286	0.324	0.234	0.345	0.300	0.331	0.293	0.279	0.376	0.222	0.306	0.322	0.268	0.346	0.264	0.362	0.281	0.344	0.283	0.242	0.367	0.253	0.286	0.297	2.048	0.542	0.222	0.215	1.000	-16775.101
623	16	500	500	0.5272	0.293	0.319	0.325	0.282	0.271	0.265	0.290	0.316	0.352	0.339	0.288	0.271	0.267	0.314	0.282	0.283	0.291	0.303	0.309	0.299	0.202	0.357	0.309	0.326	0.289	0.311	0.280	0.251	0.278	0.289	1.962	0.632	0.280	0.198	3.406	-16730.910
624	16	500	500	0.5165	0.279	0.319	0.318	0.317	0.286	0.331	0.264	0.326	0.288	0.393	0.243	0.302	0.227	0.213	0.295	0.271	0.428	0.286	0.324	0.248	0.331	0.252	0.341	0.254	0.280	0.296	0.342	0.323	0.310	0.294	1.981	0.557	0.283	0.189	1.000	-16626.226
625	16	500	500	0.5135	0.331	0.358	0.330	0.318	0.243	0.332	0.278	0.313	0.288	0.303	0.325	0.325	0.325	0.301	0.302	0.249	0.225	0.323	0.270	0.287	0.268	0.293	0.281	0.324	0.274	0.293	0.297	0.309	0.328	0.275	2.010	0.677	0.298	0.209	1.000	-16686.740
626	16	500	500	0.5040	0.275	0.252	0.300	0.278	0.360	0.372	0.268	0.286	0.352	0.345	0.276	0.277	0.328	0.288	0.285	0.248	0.302	0.278	0.327	0.261	0.258	0.278	0.235	0.299	0.323	0.312	0.310	0.277	0.307	0.276	2.004	0.659	0.328	0.201	14.711	-16450.630
627	16	500	500	0.5227	0.273	0.302	0.317	0.270	0.286	0.325	0.295	0.283	0.286	0.357	0.264	0.317	0.212	0.314	0.311	0.279	0.273	0.337	0.333	0.224	0.278	0.286	0.307	0.310	0.304	0.272	0.304	0.307	0.353	0.317	1.963	0.673	0.327	0.190	17.378	-16679.807
628	16	500	500	0.5172	0.234	0.364	0.267	0.269	0.310	0.241	0.313	0.312	0.369	0.274	0.314	0.341	0.272	0.274	0.249	0.275	0.388	0.282	0.292	0.268	0.278	0.307	0.272	0.258	0.333	0.285	0.309	0.307	0.271	0.282	1.828	0.511	0.245	0.208	1.000	-16715.446
629	16	500	500	0.5169	0.318	0.384	0.292	0.325	0.317	0.332	0.297	0.280	0.276	0.317	0.250	0.296	0.317	0.367	0.278	0.344	0.274	0.282	0.243	0.280	0.321	0.366	0.262	0.299	0.250	0.308	0.273	0.270	0.315	0.274	2.010	0.519	0.268	0.217	1.140	-16925.084
630	16	500	500	0.5092	0.292	0.402	0.352	0.274	0.277	0.319	0.256	0.340	0.240	0.271	0.291	0.268	0.328	0.319	0.295	0.241	0.339	0.266	0.375	0.311	0.329	0.305	0.297	0.312	0.318	0.329	0.351	0.295	0.306	0.335	2.089	0.628	0.318	0.192	1.000	-16971.632
631	16	500	499	0.5047	0.308	0.312	0.261	0.341	0.275	0.353	0.299	0.325	0.312	0.433	0.246	0.313	0.243	0.319	0.364	0.291	0.270	0.307	0.273	0.260	0.309	0.270	0.380	0.279	0.288	0.322	0.332	0.323	0.310	0.253	2.050	0.569	0.280	0.208	3.073	-16925.859
632	16	500	500	0.5154	0.290	0.247	0.267	0.287	0.312	0.313	0.310	0.292	0.384	0.229	0.266	0.243	0.250	0.319	0.314	0.360	0.286	0.255	0.265	0.326	0.245	0.348	0.297	0.272	0.260	0.272	0.300	0.265	0.286	0.251	2.063	0.709	0.285	0.188	1.000	-16217.158
633	16	500	500	0.5232	0.317	0.344	0.300	0.326	0.285	0.328	0.301	0.271	0.305	0.253	0.295	0.277	0.315	0.290	0.293	0.319	0.375	0.199	0.347	0.304	0.306	0.286	0.282	0.350	0.227	0.301	0.310	0.268	0.272	0.262	2.116	0.626	0.325	0.178	3.252	-16574.895
634	16	500	500	0.5242	0.315	0.293	0.260	0.336	0.251	0.365	0.272	0.296	0.306	0.312	0.276	0.316	0.300	0.279	0.309	0.305	0.247	0.344	0.305	0.284	0.319	0.237	0.295	0.410	0.264	0.374	0.290	0.276	0.293	0.370	2.002	0.678	0.322	0.204	5.196	-16928.751
635	16	500	500	0.5168	0.280	0.232	0.343	0.249	0.322	0.273	0.280	0.304	0.280	0.271	0.248	0.306	0.334	0.321	0.304	0.234	0.335	0.308	0.323	0.270	0.305	0.276	0.296	0.275	0.329	0.293	0.296	0.185	0.324	0.273	1.968	0.576	0.233	0.203	1.169	-16511.576
636	16	500	500	0.5155	0.290	0.287	0.335	0.353	0.325	0.272	0.262	0.236	0.339	0.298	0.294	0.283	0.256	0.343	0.324	0.283	0.239	0.339	0.272	0.253	0.305	0.317	0.301	0.326	0.305	0.292	0.314	0.298	0.319	0.351	2.163	0.615	0.315	0.206	4.264	-16892.662
637	16	500	500	0.5170	0.394	0.312	0.309	0.293	0.319	0.261	0.321	0.248	0.265	0.331	0.262	0.292	0.341	0.276	0.297	0.325	0.295	0.264	0.352	0.308	0.272	0.342	0.255	0.285	0.237	0.240	0.314	0.391	0.263	0.320	1.879	0.615	0.324	0.196	4.166	-16724.604
638	16	500	500	0.5119	0.312	0.316	0.396	0.260	0.308	0.262	0.306	0.313	0.225	0.327	0.287	0.308	0.309	0.247	0.287	0.352	0.311	0.422	0.283	0.302	0.237	0.302	0.287	0.267	0.329	0.306	0.340	0.318	0.286	0.322	1.973	0.480	0.259	0.209	1.000	-17016.221
639	16	500	500	0.5163	0.279	0.298	0.279	0.328	0.320	0.339	0.308	0.296	0.298	0.298	0.299	0.359	0.252	0.313	0.211	0.285	0.329	0.334	0.270	0.299	0.263	0.284	0.317	0.259	0.326	0.325	0.266	0.315	0.355	0.228	2.035	0.573	0.278	0.188	1.000	-16629.793
640	16	500	500	0.5250	0.290	0.299	0.275	0.287	0.317	0.322	0.330	0.305	0.257	0.320	0.357	0.276	0.314	0.243	0.328	0.262	0.360	0.276	0.326	0.349	0.277	0.309	0.255	0.299	0.286	0.275	0.347	0.295	0.294	0.378	1.973	0.531	0.285	0.209	1.616	-16999.809
641	16	500	500	0.5257	0.324	0.258	0.284	0.297	0.346	0.284	0.278	0.293	0.336	0.251	0.286	0.279	0.280	0.283	0.249	0.287	0.185	0.281	0.319	0.221	0.353	0.258	0.353	0.261	0.295	0.313	0.300	0.251	0.249	0.377	2.045	0.630	0.275	0.209	1.830	-16484.737
642	16	500	500	0.5208	0.281	0.229	0.306	0.340	0.308	0.246	0.286	0.371	0.317	0.289	0.303	0.307	0.346	0.284	0.277	0.325	0.215	0.331	0.281	0.312	0.315	0.337	0.302	0.300	0.255	0.303	0.308	0.339	0.267	0.271	1.899	0.647	0.338	0.189	5.129	-16814.681
643	16	500	500	0.5221	0.274	0.236	0.336	0.296	0.281	0.287	0.293	0.311	0.216	0.326	0.322	0.305	0.282	0.285	0.320	0.239	0.303	0.296	0.335	0.248	0.296	0.300	0.315	0.264	0.244	0.289	0.272	0.299	0.265	0.317	2.024	0.474	0.243	0.186	1.000	-16515.520
644	16	500	500	0.5155	0.294	0.250	0.267	0.311	0.270	0.297	0.273	0.324	0.339	0.338	0.275	0.255	0.319	0.234	0.221	0.230	0.304	0.267	0.295	0.308	0.274	0.346	0.265	0.263	0.282	0.321	0.260	0.300	0.287	0.270	1.996	0.702	0.277	0.202	2.439	-16240.497
645	16	500	500	0.5110	0.279	0.358	0.309	0.317	0.347	0.304	0.345	0.259	0.260	0.320	0.275	0.315	0.368	0.264	0.283	0.305	0.320	0.339	0.297	0.267	0.277	0.334	0.291	0.307	0.225	0.256	0.292	0.310	0.305	0.341	2.098	0.506	0.247	0.202	1.000	-16845.514
646	16	500	500	0.5002	0.296	0.266	0.311	0.328	0.268	0.310	0.280	0.355	0.307	0.346	0.329	0.311	0.264	0.280	0.281	0.303	0.409	0.349	0.320	0.313	0.241	0.393	0.307	0.319	0.300	0.350	0.295	0.318	0.278	0.257	1.872	0.590	0.304	0.198	1.000	-17060.069
647	16	500	500	0.5041	0.347	0.228	0.283	0.308	0.236	0.335	0.298	0.271	0.397	0.255	0.286	0.235	0.378	0.318	0.281	0.297	0.269	0.271	0.321	0.316	0.339	0.312	0.299	0.296	0.302	0.283	0.342	0.339	0.338	0.326	2.054	0.649	0.326	0.210	6.814	-16873.788
648	16	500	500	0.5200	0.293	0.284	0.338	0.257	0.312	0.318	0.352	0.282	0.262	0.284	0.253	0.278	0.352	0.353	0.249	0.279	0.308	0.298	0.343	0.313	0.228	0.316	0.315	0.322	0.273	0.291	0.296	0.306	0.323	0.261	1.881	0.661	0.339	0.197	1.000	-16811.779
649	16	500	500	0.5180	0.329	0.329	0.273	0.333	0.358	0.283	0.315	0.357	0.281	0.342	0.334	0.270	0.316	0.275	0.317	0.357	0.263	0.332	0.307	0.254	0.350	0.283	0.374	0.285	0.375	0.277	0.263	0.318	0.253	0.327	1.876	0.581	0.339	0.205	2.900	-17246.812
650	16	500	500	0.5124	0.261	0.297	0.278	0.260	0.272	0.261	0.299	0.293	0.298	0.300	0.313	0.270	0.273	0.266	0.271	0.298	0.246	0.251	0.278	0.392	0.338	0.298	0.251	0.286	0.291	0.354	0.351	0.277	0.330	0.298	2.070	0.562	0.293	0.225	1.277	-16758.365
651	16	500	500	0.5213	0.317	0.306	0.240	0.292	0.312	0.367	0.321	0.299	0.286	0.317	0.330	0.309	0.309	0.330	0.247	0.334	0.310	0.282	0.374	0.313	0.313	0.346	0.269	0.285	0.268	0.301	0.342	0.302	0.367	0.301	2.001	0.653	0.345	0.214	1.000	-17153.148
652	16	500	500	0.4897	0.358	0.275	0.282	0.255	0.330	0.314	0.277	0.249	0.233	0.325	0.273	0.350	0.350	0.284	0.297	0.338	0.305	0.334	0.287	0.272	0.339	0.247	0.316	0.264	0.316	0.254	0.287	0.321	0.307	0.302	1.971	0.620	0.328	0.185	1.855	-16632.992
653	16	500	499	0.5089	0.297	0.327	0.282	0.281	0.310	0.285	0.288	0.331	0.288	0.276	0.348	0.283	0.324	0.244	0.335	0.327	0.339	0.286	0.335	0.254	0.320	0.305	0.274	0.330	0.220	0.356	0.269	0.269	0.319	0.309	2.018	0.586	0.280	0.196	2.302	-16610.313
654	16	500	500	0.5159	0.307	0.321	0.288	0.311	0.285	0.315	0.249	0.307	0.326	0.401	0.287	0.321	0.244	0.329	0.298	0.263	0.285	0.327	0.317	0.261	0.314	0.301	0.291	0.294	0.341	0.292	0.341	0.296	0.305	0.309	2.003	0.601	0.291	0.201	1.193	-16972.423
655	16	500	499	0.5011	0.292	0.394	0.375	0.339	0.262	0.302	0.243	0.260	0.295	0.366	0.261	0.328	0.315	0.281	0.243	0.343	0.280	0.310	0.274	0.322	0.294	0.337	0.323	0.405	0.300	0.336	0.342	0.320	0.306	0.287	1.912	0.647	0.331	0.214	5.413	-17066.669
656	16	500	500	0.5219	0.262	0.414	0.288	0.308	0.274	0.267	0.289	0.281	0.271	0.209	0.323	0.314	0.302	0.313	0.321	0.331	0.350	0.316	0.290	0.367	0.304	0.330	0.203	0.219	0.320	0.264	0.303	0.352	0.363	0.246	1.982	0.637	0.312	0.186	2.536	-16632.608
657	16	500	500	0.4958	0.311	0.287	0.233	0.324	0.344	0.311	0.324	0.317	0.305	0.250	0.304	0.324	0.349	0.300	0.234	0.296	0.337	0.306	0.251	0.293	0.281	0.265	0.283	0.310	0.293	0.317	0.255	0.251	0.259	0.278	1.950	0.648	0.306	0.208	1.000	-16694.056
658	16	500	500	0.5043	0.305	0.355	0.289	0.331	0.323	0.293	0.295	0.351	0.317	0.309	0.257	0.306	0.321	0.246	0.336	0.302	0.321	0.358	0.278	0.342	0.335	0.298	0.282	0.281	0.265	0.322	0.304	0.320	0.330	0.326	2.112	0.620	0.343	0.209	5.707	-17110.532
659	16	500	500	0.5053	0.256	0.255	0.315	0.274	0.296	0.314	0.288	0.328	0.289	0.314	0.268	0.336	0.272	0.288	0.260	0.223	0.406	0.232	0.347	0.245	0.307	0.311	0.252	0.277	0.336	0.332	0.324	0.260	0.299	0.307	2.102	0.578	0.289	0.199	1.000	-16629.600
660	16	500	500	0.5100	0.268	0.313	0.244	0.273	0.332	0.331	0.289	0.276	0.322	0.339	0.227	0.292	0.364	0.251	0.327	0.308	0.359	0.308	0.319	0.288	0.213	0.323	0.243	0.285	0.288	0.285	0.294	0.323	0.331	0.257	2.113	0.649	0.323	0.186	2.647	-16521.355
661	16	500	500	0.5148	0.251	0.316	0.290	0.305	0.253	0.241	0.345	0.309	0.268	0.322	0.290	0.309	0.239	0.250	0.287	0.315	0.337	0.335	0.337	0.258	0.298	0.349	0.236	0.230	0.310	0.303	0.329	0.237	0.292	0.304	1.889	0.611	0.281	0.199	1.000	-16596.585
662	16	500	500	0.4940	0.287	0.291	0.290	0.335	0.294	0.265	0.298	0.277	0.274	0.286	0.328	0.323	0.339	0.288	0.312	0.248	0.292	0.254	0.309	0.297	0.336	0.341	0.298	0.293	0.231	0.296	0.284	0.259	0.279	0.244	1.940	0.635	0.288	0.201	3.495	-16483.455
663	16	500	499	0.5079	0.278	0.348	0.339	0.320	0.289	0.256	0.319	0.316	0.341	0.252	0.270	0.265	0.309	0.370	0.250	0.335	0.367	0.345	0.347	0.294	0.279	0.272	0.342	0.266	0.289	0.331	0.285	0.244	0.332	0.307	2.091	0.567	0.293	0.201	1.000	-16863.853
664	16	500	500	0.4951	0.250	0.255	0.292	0.285	0.307	0.291	0.249	0.315	0.402	0.355	0.286	0.328	0.298	0.276	0.277	0.259	0.295	0.255	0.325	0.355	0.312	0.314	0.271	0.283	0.360	0.258	0.328	0.369	0.240	0.298	2.039	0.558	0.316	0.182	1.142	-16748.851
665	16	500	498	0.5000	0.264	0.289	0.250	0.316	0.276	0.344	0.294	0.267	0.402	0.219	0.329	0.326	0.308	0.280	0.308	0.318	0.315	0.366	0.278	0.307	0.301	0.305	0.374	0.321	0.260	0.336	0.304	0.391	0.290	0.358	1.958	0.599	0.307	0.191	1.510	-17057.331
666	16	500	500	0.5321	0.321	0.309	0.317	0.275	0.289	0.316	0.289	0.276	0.321	0.328	0.279	0.316	0.249	0.343	0.344	0.284	0.306	0.311	0.299	0.304	0.338	0.303	0.253	0.248	0.258	0.306	0.321	0.297	0.357	0.324	2.104	0.685	0.305	0.217	9.637	-16965.025
667	16	500	500	0.4981	0.366	0.240	0.311	0.285	0.302	0.283	0.352	0.235	0.297	0.274	0.268	0.295	0.333	0.326	0.278	0.294	0.345	0.342	0.284	0.322	0.241	0.302	0.298	0.276	0.303	0.296	0.324	0.306	0.277	0.276	1.906	0.654	0.328	0.188	3.063	-16556.761
668	16	500	498	0.5246	0.371	0.322	0.267	0.294	0.303	0.263	0.317	0.353	0.297	0.284	0.316	0.292	0.302	0.326	0.275	0.375	0.316	0.248	0.379	0.301	0.395	0.285	0.254	0.249	0.319	0.351	0.278	0.325	0.318	0.303	2.102	0.624	0.309	0.192	2.827	-16856.212
669	16	500	500	0.5008	0.242	0.240	0.346	0.296	0.308	0.233	0.316	0.266	0.360	0.370	0.232	0.340	0.264	0.338	0.315	0.264	0.331	0.279	0.264	0.323	0.306	0.280	0.278	0.371	0.245	0.254	0.258	0.360	0.279	0.345	2.012	0.559	0.298	0.198	1.000	-16706.697
670	16	500	499	0.4993	0.258	0.257	0.308	0.269	0.254	0.273	0.246	0.304	0.340	0.289	0.252	0.325	0.288	0.251	0.324	0.301	0.279	0.311	0.278	0.271	0.273	0.272	0.290	0.314	0.258	0.360	0.283	0.254	0.263	0.285	1.915	0.498	0.240	0.195	1.344	-16232.204
671	16	500	500	0.5066	0.278	0.232	0.272	0.275	0.287	0.251	0.286	0.318	0.253	0.360	0.287	0.341	0.283	0.290	0.275	0.289	0.268	0.263	0.238	0.291	0.310	0.310	0.291	0.287	0.282	0.311	0.304	0.253	0.239	0.243	1.931	0.566	0.235	0.194	1.081	-16218.891
672	16	500	500	0.5088	0.329	0.303	0.286	0.292	0.326	0.313	0.234	0.322	0.252	0.333	0.252	0.281	0.299	0.324	0.274	0.341	0.306	0.319	0.324	0.288	0.317	0.303	0.269	0.304	0.199	0.298	0.288	0.351	0.271	0.291	1.920	0.586	0.291	0.198	1.000	-16573.355
673	16	500	500	0.5015	0.294	0.250	0.317	0.268	0.306	0.335	0.315	0.327	0.248	0.362	0.284	0.304	0.309	0.351	0.314	0.362	0.309	0.316	0.303	0.319	0.334	0.268	0.354	0.290	0.300	0.368	0.313	0.338	0.256	0.319	1.970	0.370	0.224	0.198	1.000	-17192.058
674	16	500	500	0.5218	0.288	0.244	0.286	0.272	0.364	0.301	0.250	0.345	0.343	0.305	0.330	0.281	0.277	0.350	0.263	0.244	0.394	0.271	0.273	0.267	0.326	0.384	0.297	0.246	0.328	0.296	0.346	0.265	0.271	0.320	1.809	0.549	0.223	0.193	1.182	-16799.022
675	16	500	500	0.5064	0.309	0.250	0.274	0.284	0.357	0.324	0.324	0.345	0.384	0.228	0.294	0.326	0.340	0.239	0.373	0.349	0.286	0.300	0.311	0.304	0.336	0.258	0.313	0.249	0.384	0.333	0.251	0.338	0.333	0.301	2.117	0.582	0.328	0.184	3.086	-17024.823
676	16	500	499	0.5004	0.319	0.281	0.345	0.309	0.266	0.353	0.311	0.280	0.297	0.310	0.283	0.326	0.322	0.306	0.270	0.332	0.225	0.327	0.309	0.303	0.327	0.254	0.383	0.340	0.266	0.289	0.274	0.319	0.272	0.338	1.970	0.550	0.262	0.216	1.627	-16981.674
677	16	500	499	0.5210	0.299	0.304	0.267	0.288	0.310	0.291	0.322	0.357	0.377	0.290	0.323	0.273	0.327	0.318	0.317	0.343	0.291	0.325	0.235	0.273	0.267	0.308	0.303	0.361	0.277	0.300	0.337	0.287	0.296	0.278	2.010	0.608	0.284	0.194	2.705	-16810.707
678	16	500	500	0.5126	0.316	0.228	0.331	0.301	0.293	0.327	0.292	0.322	0.190	0.277	0.293	0.263	0.324	0.331	0.297	0.258	0.240	0.255	0.314	0.282	0.271	0.262	0.345	0.265	0.273	0.203	0.361	0.314	0.259	0.271	1.963	0.656	0.320	0.205	4.388	-16562.661
679	16	500	500	0.5118	0.299	0.303	0.299	0.277	0.337	0.271	0.295	0.302	0.374	0.323	0.288	0.316	0.347	0.279	0.301	0.218	0.310	0.321	0.248	0.316	0.273	0.298	0.259	0.271	0.290	0.316	0.271	0.251	0.358	0.336	2.028	0.618	0.295	0.206	2.554	-16748.361
680	16	500	500	0.5118	0.311	0.332	0.374	0.256	0.339	0.277	0.321	0.286	0.334	0.262	0.325	0.316	0.273	0.336	0.253	0.285	0.269	0.318	0.281	0.276	0.377	0.326	0.268	0.277	0.279	0.300	0.316	0.326	0.315	0.351	2.020	0.588	0.318	0.206	1.851	-17070.236
681	16	500	499	0.5180	0.328	0.274	0.351	0.306	0.331	0.333	0.308	0.320	0.357	0.277	0.346	0.342	0.352	0.266	0.248	0.275	0.461	0.315	0.294	0.288	0.252	0.248	0.402	0.197	0.245	0.309	0.302	0.386	0.288	0.306	2.124	0.604	0.313	0.196	1.000	-16921.565
682	16	500	500	0.5058	0.279	0.253	0.287	0.326	0.310	0.350	0.304	0.234	0.283	0.342	0.262	0.320	0.204	0.284	0.325	0.333	0.251	0.327	0.280	0.264	0.327	0.283	0.352	0.296	0.364	0.294	0.320	0.255	0.273	0.307	1.994	0.477	0.223	0.182	1.000	-16547.025
683	16	500	499	0.5098	0.232	0.328	0.287	0.355	0.309	0.331	0.325	0.273	0.389	0.281	0.325	0.342	0.410	0.296	0.334	0.280	0.329	0.333	0.281	0.254	0.289	0.302	0.335	0.295	0.244	0.312	0.303	0.378	0.312	0.297	2.054	0.655	0.330	0.198	5.884	-16972.586
684	16	500	500	0.5068	0.263	0.375	0.209	0.312	0.288	0.355	0.363	0.271	0.337	0.291	0.260	0.249	0.337	0.342	0.272	0.197	0.415	0.328	0.273	0.309	0.294	0.293	0.313	0.172	0.234	0.272	0.318	0.249	0.284	0.383	2.144	0.496	0.258	0.189	1.000	-16608.149
685	16	500	499	0.5194	0.324	0.312	0.313	0.279	0.324	0.348	0.264	0.357	0.295	0.277	0.299	0.253	0.252	0.274	0.307	0.318	0.302	0.310	0.258	0.305	0.325	0.297	0.327	0.357	0.287	0.290	0.298	0.273	0.333	0.260	1.925	0.612	0.344	0.204	2.382	-16986.668
686	16	500	500	0.4998	0.313	0.322	0.343	0.277	0.374	0.286	0.333	0.322	0.302	0.286	0.274	0.326	0.302	0.335	0.343	0.304	0.320	0.264	0.322	0.362	0.312	0.305	0.321	0.267	0.271	0.295	0.289	0.351	0.302	0.289	2.002	0.548	0.303	0.196	1.463	-17098.537
687	16	500	500	0.5176	0.288	0.274	0.293	0.357	0.273	0.335	0.318	0.322	0.382	0.283	0.308	0.277	0.314	0.274	0.264	0.322	0.280	0.314	0.298	0.286	0.233	0.312	0.306	0.274	0.338	0.297	0.300	0.304	0.303	0.284	2.084	0.565	0.300	0.199	2.969	-16756.127
688	16	500	500	0.5143	0.330	0.302	0.241	0.304	0.286	0.350	0.291	0.323	0.337	0.284	0.381	0.310	0.208	0.331	0.262	0.281	0.363	0.363	0.250	0.325	0.305	0.396	0.319	0.317	0.382	0.369	0.256	0.288	0.361	0.299	1.961	0.563	0.353	0.216	2.748	-17394.348
689	16	500	500	0.5104	0.255	0.282	0.247	0.285	0.292	0.232	0.305	0.295	0.330	0.303	0.290	0.277	0.252	0.311	0.281	0.223	0.273	0.236	0.263	0.273	0.303	0.285	0.320	0.317	0.329	0.239	0.285	0.338	0.242	0.275	2.013	0.611	0.278	0.214	1.000	-16236.394
690	16	500	500	0.5131	0.250	0.243	0.302	0.315	0.329	0.269	0.299	0.256	0.302	0.324	0.309	0.237	0.306	0.223	0.329	0.318	0.317	0.330	0.292	0.267	0.283	0.356	0.271	0.251	0.301	0.308	0.345	0.297	0.270	0.274	2.157	0.633	0.304	0.187	1.000	-16399.115
691	16	500	500	0.5054	0.316	0.256	0.309	0.273	0.332	0.349	0.336	0.299	0.340	0.324	0.285	0.269	0.289	0.220	0.314	0.290	0.247	0.271	0.255	0.266	0.294	0.316	0.265	0.279	0.295	0.357	0.334	0.284	0.299	0.272	2.132	0.657	0.343	0.202	1.000	-16516.917
692	16	500	500	0.5204	0.365	0.352	0.315	0.340	0.304	0.285	0.348	0.310	0.260	0.261	0.329	0.288	0.315	0.270	0.360	0.299	0.345	0.248	0.324	0.298	0.309	0.365	0.315	0.303	0.379	0.218	0.323	0.345	0.238	0.327	1.990	0.590	0.276	0.217	1.000	-17178.279
693	16	500	500	0.5042	0.279	0.306	0.290	0.374	0.260	0.303	0.248	0.360	0.249	0.321	0.328	0.311	0.338	0.321	0.325	0.314	0.359	0.269	0.323	0.298	0.363	0.276	0.323	0.287	0.315	0.307	0.305	0.316	0.258	0.358	2.069	0.662	0.323	0.208	11.818	-17084.958
694	16	500	500	0.5255	0.340	0.305	0.306	0.322	0.343	0.374	0.318	0.325	0.345	0.316	0.286	0.259	0.285	0.290	0.281	0.336	0.316	0.332	0.276	0.302	0.216	0.346	0.308	0.222	0.374	0.338	0.276	0.281	0.263	0.311	2.069	0.607	0.329	0.196	3.538	-16969.976
695	16	500	500	0.5188	0.251	0.260	0.219	0.294	0.367	0.347	0.292	0.266	0.277	0.308	0.266	0.298	0.278	0.256	0.330	0.274	0.252	0.278	0.373	0.260	0.298	0.278	0.305	0.336	0.252	0.309	0.262	0.283	0.236	0.258	1.943	0.620	0.334	0.202	4.130	-16467.006
696	16	500	499	0.5176	0.270	0.262	0.289	0.321	0.289	0.281	0.253	0.342	0.312	0.247	0.295	0.292	0.306	0.269	0.314	0.310	0.315	0.326	0.285	0.292	0.262	0.305	0.238	0.271	0.304	0.266	0.285	0.244	0.353	0.363	1.999	0.678	0.290	0.221	3.449	-16716.565
697	16	500	500	0.5103	0.265	0.261	0.282	0.749	0.304	0.291	0.334	0.331	0.307	0.244	0.366	0.238	0.367	0.240	0.297	0.211	0.232	0.282	0.308	0.279	0.251	0.295	0.299	0.357	0.261	0.301	0.346	0.245	0.240	0.282	2.010	0.700	0.287	0.213	107.318	-16551.960
698	16	500	500	0.5053	0.297	0.320	0.273	0.340	0.306	0.342	0.289	0.321	0.233	0.246	0.311	0.312	0.276	0.311	0.255	0.311	0.297	0.312	0.275	0.334	0.301	0.314	0.317	0.268	0.307	0.349	0.311	0.267	0.327	0.284	2.095	0.634	0.313	0.193	3.424	-16700.973
699	16	500	500	0.5140	0.284	0.318	0.356	0.307	0.284	0.305	0.289	0.229	0.305	0.293	0.302	0.350	0.329	0.276	0.221	0.288	0.325	0.246	0.265	0.303	0.239	0.301	0.298	0.212	0.235	0.290	0.312	0.194	0.335	0.301	2.045	0.650	0.281	0.206	1.817	-16377.569
700	16	500	500	0.5021	0.380	0.244	0.316	0.351	0.347	0.299	0.319	0.286	0.306	0.338	0.281	0.272	0.318	0.305	0.288	0.336	0.258	0.321	0.341	0.252	0.280	0.287	0.320	0.282	0.321	0.272	0.284	0.350	0.305	0.258	1.978	0.626	0.291	0.196	2.050	-16911.436
701	16	500	499	0.5105	0.284	0.324	0.218	0.326	0.291	0.323	0.355	0.265	0.272	0.288	0.282	0.283	0.295	0.290	0.291	0.287	0.302	0.302	0.276	0.379	0.304	0.269	0.316	0.312	0.322	0.300	0.331	0.322	0.262	0.284	2.018	0.576	0.292	0.191	1.822	-16681.947
702	16	500	498	0.5160	0.345	0.347	0.345	0.307	0.287	0.244	0.285	0.298	0.275	0.247	0.299	0.279	0.342	0.218	0.294	0.218	0.225	0.341	0.285	0.257	0.277	0.245	0.351	0.309	0.284	0.311	0.302	0.280	0.275	0.246	2.057	0.577	0.265	0.200	1.000	-16291.378
703	16	500	500	0.5116	0.356	0.279	0.312	0.277	0.339	0.319	0.330	0.301	0.297	0.276	0.284	0.268	0.310	0.280	0.243	0.300	0.301	0.305	0.285	0.264	0.217	0.337	0.351	0.279	0.286	0.337	0.328	0.276	0.289	0.334	2.048	0.519	0.242	0.194	1.531	-16681.666
704	16	500	500	0.5194	0.295	0.218	0.299	0.310	0.301	0.341	0.266	0.291	0.299	0.288	0.272	0.288	0.271	0.297	0.297	0.345	0.345	0.259	0.270	0.324	0.321	0.356	0.312	0.219	0.313	0.306	0.260	0.321	0.298	0.293	2.063	0.569	0.252	0.194	1.970	-16573.301
705	16	500	500	0.5243	0.296	0.333	0.316	0.317	0.315	0.269	0.225	0.281	0.261	0.310	0.269	0.246	0.333	0.315	0.285	0.302	0.306	0.314	0.292	0.265	0.314	0.352	0.250	0.265	0.255	0.229	0.265	0.297	0.287	0.278	1.843	0.636	0.248	0.206	1.169	-16367.665
706	16	500	500	0.5185	0.310	0.314	0.381	0.319	0.222	0.255	0.334	0.301	0.248	0.294	0.328	0.267	0.312	0.303	0.289	0.302	0.275	0.225	0.285	0.281	0.386	0.300	0.269	0.291	0.284	0.258	0.321	0.259	0.250	0.312	2.146	0.705	0.295	0.212	1.000	-16415.446
707	16	500	499	0.5247	0.327	0.321	0.287	0.311	0.327	0.270	0.330	0.251	0.277	0.350	0.343	0.294	0.292	0.272	0.265	0.265	0.286	0.346	0.257	0.307	0.350	0.285	0.298	0.239	0.340	0.287	0.262	0.285	0.314	0.256	1.914	0.612	0.318	0.181	2.250	-16638.261
708	16	500	500	0.5177	0.248	0.245	0.330	0.340	0.297	0.288	0.294	0.324	0.311	0.378	0.249	0.334	0.356	0.267	0.356	0.245	0.291	0.270	0.337	0.330	0.381	0.318	0.257	0.218	0.260	0.290	0.336	0.348	0.307	0.263	1.978	0.467	0.250	0.202	1.323	-17036.810
709	16	500	500	0.5118	0.236	0.267	0.270	0.351	0.280	0.264	0.266	0.287	0.284	0.303	0.239	0.354	0.262	0.305	0.273	0.315	0.351	0.268	0.281	0.316	0.252	0.328	0.322	0.274	0.279	0.316	0.264	0.242	0.282	0.340	1.937	0.585	0.271	0.215	1.260	-16643.539
710	16	500	500	0.5168	0.273	0.356	0.299	0.229	0.297	0.329	0.328	0.257	0.299	0.296	0.282	0.294	0.314	0.308	0.263	0.265	0.306	0.293	0.324	0.250	0.275	0.291	0.304	0.267	0.295	0.308	0.315	0.278	0.269	0.361	1.999	0.638	0.306	0.199	3.153	-16689.608
711	16	500	500	0.5001	0.309	0.317	0.323	0.327	0.245	0.224	0.312	0.316	0.268	0.293	0.302	0.241	0.309	0.361	0.323	0.331	0.386	0.263	0.252	0.323	0.277	0.281	0.331	0.271	0.362	0.307	0.290	0.257	0.301	0.284	1.867	0.575	0.372	0.192	2.321	-16939.464
712	16	500	500	0.5063	0.341	0.278	0.297	0.330	0.290	0.275	0.359	0.276	0.249	0.227	0.277	0.319	0.321	0.330	0.262	0.323	0.343	0.332	0.265	0.376	0.276	0.254	0.227	0.256	0.304	0.329	0.305	0.267	0.354	0.286	1.886	0.578	0.290	0.206	1.000	-16826.444
713	16	500	499	0.5172	0.303	0.259	0.304	0.353	0.346	0.311	0.278	0.305	0.347	0.327	0.315	0.291	0.294	0.282	0.306	0.361	0.317	0.241	0.268	0.353	0.299	0.320	0.268	0.311	0.334	0.309	0.341	0.291	0.263	0.310	2.014	0.668	0.301	0.204	9.345	-16929.375
714	16	500	499	0.5103	0.310	0.323	0.187	0.294	0.322	0.249	0.302	0.248	0.202	0.291	0.293	0.291	0.386	0.273	0.298	0.272	0.322	0.342	0.270	0.263	0.284	0.284	0.266	0.310	0.320	0.306	0.299	0.257	0.299	0.275	1.971	0.655	0.268	0.186	4.369	-16148.192
715	16	500	500	0.5147	0.287	0.251	0.242	0.312	0.308	0.307	0.298	0.309	0.281	0.288	0.363	0.282	0.274	0.296	0.291	0.280	0.287	0.262	0.340	0.271	0.239	0.320	0.290	0.269	0.306	0.332	0.342	0.326	0.315	0.278	1.985	0.652	0.329	0.192	4.054	-16684.688
716	16	500	500	0.5290	0.324	0.277	0.354	0.259	0.351	0.250	0.370	0.362	0.301	0.311	0.332	0.303	0.261	0.328	0.346	0.301	0.335	0.357	0.302	0.313	0.267	0.365	0.276	0.310	0.374	0.297	0.295	0.291	0.282	0.310	2.038	0.463	0.268	0.195	1.285	-17295.601
717	16	500	500	0.5143	0.300	0.354	0.306	0.281	0.284	0.331	0.344	0.292	0.315	0.240	0.274	0.333	0.351	0.415	0.295	0.270	0.329	0.237	0.337	0.263	0.344	0.345	0.354	0.311	0.280	0.278	0.331	0.327	0.287	0.296	2.132	0.590	0.281	0.194	2.328	-17028.696
718	16	500	497	0.5059	0.333	0.307	0.255	0.339	0.257	0.304	0.264	0.339	0.253	0.341	0.274	0.325	0.285	0.252	0.380	0.349	0.237	0.277	0.328	0.272	0.307	0.335	0.262	0.331	0.315	0.291	0.294	0.319	0.268	0.288	2.153	0.606	0.266	0.201	1.000	-16602.253
719	16	500	499	0.5148	0.320	0.324	0.337	0.314	0.334	0.290	0.340	0.293	0.349	0.263	0.303	0.300	0.277	0.329	0.247	0.346	0.251	0.341	0.315	0.328	0.305	0.301	0.294	0.402	0.263	0.275	0.309	0.283	0.270	0.277	2.151	0.313	0.192	0.205	1.000	-16961.036
720	16	500	500	0.5080	0.370	0.295	0.321	0.255	0.269	0.284	0.338	0.355	0.323	0.253	0.284	0.278	0.391	0.295	0.274	0.366	0.267	0.308	0.279	0.271	0.292	0.325	0.303	0.310	0.303	0.298	0.318	0.290	0.286	0.286	1.933	0.559	0.301	0.186	1.000	-16711.230
721	16	500	500	0.4950	0.357	0.274	0.410	0.279	0.287	0.282	0.283	0.236	0.362	0.288	0.340	0.315	0.317	0.320	0.336	0.331	0.262	0.311	0.322	0.285	0.354	0.260	0.296	0.367	0.330	0.320	0.311	0.358	0.247	0.284	1.955	0.568	0.352	0.189	1.072	-16987.385
722	16	500	500	0.5147	0.284	0.284	0.312	0.313	0.317	0.285	0.270	0.366	0.358	0.267	0.289	0.281	0.262	0.262	0.299	0.296	0.272	0.284	0.312	0.323	0.300	0.301	0.297	0.261	0.302	0.280	0.320	0.361	0.253	0.311	1.969	0.623	0.318	0.198	1.000	-16677.927
723	16	500	500	0.5188	0.233	0.282	0.316	0.704	0.274	0.281	0.333	0.250	0.386	0.246	0.276	0.274	0.375	0.245	0.332	0.291	0.330	0.298	0.301	0.265	0.336	0.311	0.261	0.245	0.285	0.283	0.310	0.287	0.345	0.275	1.986	0.658	0.335	0.192	88.781	-16785.544
724	16	500	500	0.5268	0.333	0.306	0.300	0.285	0.286	0.346	0.286	0.311	0.312	0.266	0.307	0.294	0.304	0.281	0.280	0.351	0.304	0.360	0.355	0.276	0.266	0.331	0.320	0.223	0.330	0.308	0.275	0.360	0.320	0.337	2.038	0.628	0.308	0.195	1.846	-17013.717
725	16	500	500	0.5152	0.276	0.252	0.326	0.290	0.332	0.287	0.310	0.358	0.298	0.286	0.286	0.316	0.324	0.321	0.263	0.258	0.337	0.231	0.339	0.281	0.284	0.304	0.294	0.299	0.302	0.352	0.288	0.346	0.291	0.317	1.955	0.611	0.291	0.201	2.137	-16946.439
726	16	500	500	0.5172	0.274	0.300	0.349	0.293	0.343	0.252	0.371	0.304	0.313	0.266	0.359	0.313	0.325	0.286	0.341	0.289	0.334	0.276	0.328	0.276	0.263	0.342	0.302	0.222	0.280	0.315	0.354	0.274	0.275	0.370	2.045	0.600	0.303	0.204	3.624	-17047.760
727	16	500	499	0.5122	0.000	0.301	0.339	0.270	0.298	0.335	0.292	0.275	0.280	0.325	0.326	0.287	0.389	0.345	0.243	0.604	0.332	0.282	0.354	0.269	0.331	0.253	0.223	0.319	0.386	0.315	0.374	0.228	0.253	0.304	1.952	0.641	0.345	0.213	1.000	-16957.968
728	16	500	500	0.5119	0.279	0.332	0.257	0.322	0.348	0.315	0.300	0.272	0.270	0.312	0.289	0.294	0.269	0.342	0.261	0.274	0.268	0.296	0.313	0.326	0.255	0.250	0.351	0.308	0.367	0.279	0.266	0.279	0.368	0.315	1.935	0.612	0.371	0.204	5.205	-17012.774
729	16	500	500	0.5061	0.240	0.298	0.338	0.274	0.282	0.312	0.308	0.327	0.300	0.233	0.335	0.210	0.391	0.291	0.281	0.299	0.302	0.332	0.293	0.256	0.297	0.290	0.311	0.345	0.336	0.315	0.288	0.286	0.266	0.333	2.038	0.529	0.239	0.196	1.773	-16696.881
730	16	500	500	0.5057	0.297	0.320	0.293	0.340	0.233	0.287	0.289	0.284	0.280	0.272	0.276	0.311	0.270	0.215	0.326	0.338	0.279	0.279	0.307	0.348	0.231	0.337	0.253	0.271	0.276	0.292	0.282	0.417	0.344	0.324	2.210	0.618	0.276	0.189	2.063	-16473.956
731	16	500	500	0.5124	0.237	0.301	0.311	0.360	0.308	0.370	0.281	0.300	0.355	0.285	0.307	0.320	0.331	0.353	0.267	0.317	0.369	0.366	0.330	0.254	0.273	0.273	0.319	0.345	0.294	0.298	0.302	0.296	0.293	0.322	2.086	0.579	0.291	0.193	1.255	-17127.814
732	16	500	500	0.5202	0.294	0.311	0.282	0.251	0.330	0.276	0.251	0.324	0.327	0.309	0.353	0.260	0.341	0.305	0.279	0.314	0.319	0.338	0.263	0.297	0.243	0.337	0.284	0.339	0.300	0.292	0.296	0.320	0.285	0.254	1.990	0.442	0.236	0.188	1.387	-16806.281
733	16	500	499	0.5265	0.301	0.282	0.328	0.308	0.289	0.277	0.261	0.339	0.282	0.342	0.285	0.235	0.272	0.300	0.257	0.292	0.261	0.275	0.294	0.294	0.222	0.247	0.300	0.324	0.275	0.297	0.319	0.318	0.270	0.277	2.128	0.698	0.302	0.184	1.000	-16207.845
734	16	500	500	0.5068	0.231	0.395	0.308	0.326	0.358	0.245	0.293	0.309	0.252	0.293	0.400	0.263	0.367	0.349	0.247	0.298	0.271	0.330	0.322	0.263	0.226	0.323	0.292	0.331	0.284	0.298	0.310	0.361	0.308	0.322	1.922	0.573	0.341	0.189	1.582	-17099.814
735	16	500	500	0.5189	0.282	0.211	0.247	0.354	0.338	0.325	0.350	0.297	0.367	0.315	0.284	0.359	0.366	0.309	0.284	0.322	0.349	0.311	0.318	0.268	0.315	0.250	0.309	0.300	0.367	0.322	0.286	0.256	0.295	0.262	1.889	0.564	0.310	0.201	1.000	-17047.012
736	16	500	500	0.5120	0.278	0.279	0.287	0.342	0.257	0.342	0.254	0.380	0.294	0.336	0.297	0.269	0.319	0.356	0.266	0.270	0.306	0.301	0.309	0.250	0.269	0.251	0.266	0.291	0.289	0.325	0.368	0.341	0.227	0.314	2.145	0.583	0.255	0.183	1.000	-16391.352
737	16	500	499	0.5186	0.365	0.318	0.311	0.304	0.241	0.325	0.298	0.265	0.266	0.229	0.291	0.297	0.316	0.365	0.259	0.296	0.261	0.230	0.277	0.380	0.331	0.343	0.276	0.296	0.316	0.289	0.280	0.361	0.261	0.346	1.928	0.593	0.345	0.210	1.000	-16903.719
738	16	500	497	0.5152	0.317	0.304	0.326	0.321	0.325	0.313	0.308	0.327	0.248	0.287	0.299	0.335	0.261	0.270	0.322	0.244	0.370	0.229	0.392	0.341	0.388	0.312	0.277	0.296	0.389	0.280	0.341	0.286	0.290	0.293	2.003	0.642	0.340	0.195	1.000	-17053.875
739	16	500	500	0.5257	0.331	0.350	0.359	0.250	0.327	0.260	0.334	0.302	0.284	0.296	0.296	0.342	0.299	0.285	0.360	0.364	0.290	0.383	0.320	0.301	0.261	0.269	0.332	0.337	0.274	0.339	0.356	0.268	0.280	0.308	2.015	0.520	0.327	0.189	1.000	-17164.286
740	16	500	499	0.5073	0.283	0.328	0.281	0.282	0.300	0.320	0.288	0.300	0.253	0.229	0.324	0.324	0.361	0.270	0.307	0.215	0.247	0.252	0.309	0.302	0.243	0.280	0.327	0.295	0.286	0.262	0.301	0.280	0.319	0.343	2.074	0.665	0.307	0.201	4.373	-16508.450
741	16	500	500	0.5097	0.306	0.271	0.250	0.303	0.254	0.294	0.294	0.235	0.272	0.297	0.308	0.284	0.315	0.352	0.298	0.228	0.331	0.240	0.267	0.266	0.297	0.221	0.320	0.366	0.281	0.325	0.292	0.289	0.329	0.323	1.922	0.525	0.215	0.200	1.000	-16470.482
742	16	500	500	0.5136	0.318	0.350	0.209	0.276	0.289	0.310	0.279	0.300	0.248	0.300	0.299	0.247	0.277	0.266	0.327	0.289	0.256	0.249	0.322	0.304	0.281	0.352	0.275	0.320	0.345	0.353	0.295	0.294	0.321	0.307	2.006	0.578	0.286	0.205	2.004	-16735.811
743	16	500	500	0.5065	0.311	0.303	0.341	0.262	0.265	0.292	0.284	0.338	0.288	0.314	0.270	0.291	0.319	0.318	0.312	0.381	0.292	0.246	0.324	0.284	0.346	0.318	0.292	0.341	0.261	0.307	0.324	0.345	0.272	0.285	1.935	0.413	0.233	0.203	1.000	-16941.446
744	16	500	500	0.4964	0.299	0.285	0.302	0.392	0.284	0.289	0.350	0.290	0.303	0.238	0.342	0.323	0.256	0.285	0.315	0.291	0.335	0.276	0.361	0.358	0.288	0.252	0.275	0.349	0.317	0.314	0.312	0.318	0.306	0.325	2.015	0.646	0.332	0.195	17.250	-16901.087
745	16	500	500	0.5128	0.264	0.238	0.264	0.309	0.304	0.295	0.275	0.276	0.305	0.269	0.332	0.276	0.254	0.251	0.283	0.256	0.253	0.276	0.263	0.265	0.235	0.330	0.290	0.344	0.363	0.273	0.299	0.241	0.317	0.314	2.053	0.684	0.316	0.201	28.288	-16288.057
746	16	500	497	0.5276	0.302	0.281	0.230	0.296	0.300	0.326	0.373	0.317	0.335	0.221	0.293	0.301	0.339	0.294	0.351	0.310	0.308	0.244	0.262	0.396	0.303	0.335	0.337	0.406	0.312	0.346	0.315	0.307	0.309	0.294	2.009	0.597	0.298	0.192	2.628	-17077.712
747	16	500	500	0.5199	0.303	0.354	0.336	0.264	0.282	0.221	0.289	0.277	0.362	0.312	0.240	0.292	0.250	0.305	0.313	0.301	0.262	0.330	0.296	0.301	0.328	0.326	0.266	0.295	0.259	0.268	0.317	0.244	0.258	0.312	1.992	0.559	0.239	0.192	1.000	-16478.397
748	16	500	499	0.5172	0.241	0.316	0.267	0.257	0.302	0.348	0.307	0.277	0.279	0.356	0.315	0.286	0.294	0.275	0.349	0.271	0.252	0.319	0.268	0.275	0.309	0.265	0.287	0.311	0.360	0.263	0.327	0.301	0.277	0.266	2.046	0.551	0.220	0.195	1.000	-16471.499
749	16	500	500	0.5204	0.294	0.313	0.259	0.267	0.269	0.305	0.292	0.277	0.225	0.336	0.280	0.275	0.321	0.270	0.286	0.320	0.334	0.290	0.262	0.320	0.242	0.334	0.247	0.309	0.305	0.257	0.311	0.288	0.335	0.295	2.071	0.578	0.219	0.194	1.493	-16283.354
750	16	500	499	0.5173	0.294	0.313	0.319	0.315	0.290	0.286	0.257	0.316	0.283	0.290	0.364	0.283	0.287	0.330	0.339	0.316	0.289	0.326	0.348	0.256	0.328	0.292	0.254	0.305	0.372	0.270	0.335	0.308	0.297	0.286	1.896	0.634	0.323	0.197	1.000	-16937.690
751	16	500	500	0.5183	0.298	0.282	0.246	0.279	0.304	0.382	0.288	0.301	0.266	0.413	0.244	0.338	0.357	0.229	0.366	0.310	0.385	0.319	0.298	0.335	0.321	0.246	0.260	0.300	0.299	0.337	0.259	0.265	0.274	0.317	1.956	0.627	0.305	0.198	1.842	-16891.125
752	16	500	500	0.5128	0.282	0.238	0.279	0.239	0.381	0.293	0.252	0.274	0.291	0.290	0.288	0.313	0.246	0.276	0.300	0.243	0.310	0.346	0.309	0.289	0.261	0.338	0.313	0.265	0.274	0.313	0.290	0.314	0.271	0.291	1.991	0.683	0.317	0.198	1.000	-16516.495
753	16	500	500	0.5112	0.360	0.246	0.282	0.270	0.339	0.263	0.310	0.296	0.403	0.313	0.353	0.256	0.320	0.290	0.301	0.267	0.339	0.327	0.279	0.286	0.355	0.358	0.274	0.323	0.307	0.309	0.279	0.342	0.299	0.218	2.025	0.518	0.308	0.189	1.000	-16923.122
754	16	500	500	0.4931	0.372	0.259	0.254	0.278	0.314	0.312	0.250	0.376	0.333	0.290	0.299	0.360	0.315	0.308	0.291	0.327	0.284	0.299	0.289	0.278	0.322	0.292	0.296	0.315	0.272	0.285	0.241	0.288	0.312	0.275	1.988	0.649	0.283	0.201	2.638	-16596.808
755	16	500	500	0.5212	0.315	0.385	0.289	0.387	0.302	0.255	0.373	0.274	0.286	0.320	0.320	0.337	0.261	0.276	0.315	0.249	0.352	0.310	0.285	0.296	0.260	0.358	0.248	0.298	0.295	0.319	0.253	0.374	0.242	0.328	1.951	0.640	0.314	0.205	5.771	-16966.153
756	16	500	500	0.5202	0.366	0.285	0.291	0.253	0.272	0.251	0.296	0.292	0.328	0.290	0.325	0.285	0.348	0.254	0.304	0.356	0.321	0.294	0.286	0.285	0.323	0.244	0.338	0.289	0.295	0.324	0.308	0.329	0.242	0.344	1.949	0.643	0.335	0.197	5.296	-16804.640
757	16	500	497	0.5182	0.279	0.281	0.269	0.302	0.323	0.302	0.305	0.309	0.358	0.324	0.360	0.262	0.357	0.258	0.297	0.325	0.208	0.275	0.295	0.287	0.345	0.309	0.347	0.325	0.244	0.328	0.286	0.337	0.306	0.268	2.026	0.568	0.278	0.198	1.000	-16778.061
758	16	500	500	0.5050	0.303	0.323	0.264	0.278	0.343	0.282	0.289	0.286	0.238	0.320	0.251	0.278	0.251	0.297	0.267	0.286	0.282	0.272	0.253	0.309	0.278	0.301	0.281	0.275	0.279	0.264	0.292	0.243	0.303	0.284	1.999	0.704	0.271	0.192	4.016	-16100.051
759	16	500	500	0.5055	0.313	0.318	0.315	0.311	0.236	0.264	0.316	0.300	0.278	0.242	0.302	0.298	0.354	0.258	0.315	0.283	0.405	0.327	0.302	0.275	0.234	0.326	0.324	0.260	0.328	0.321	0.303	0.309	0.311	0.319	1.939	0.603	0.273	0.193	1.000	-16725.483
760	16	500	500	0.5160	0.311	0.279	0.314	0.323	0.299	0.338	0.229	0.307	0.249	0.343	0.263	0.310	0.353	0.316	0.210	0.317	0.292	0.316	0.387	0.270	0.229	0.321	0.256	0.280	0.322	0.330	0.311	0.290	0.370	0.267	2.146	0.436	0.214	0.216	1.000	-16930.051
761	16	500	500	0.5034	0.289	0.304	0.320	0.470	0.280	0.354	0.299	0.337	0.270	0.245	0.323	0.288	0.300	0.268	0.324	0.260	0.265	0.311	0.357	0.325	0.301	0.298	0.342	0.237	0.348	0.287	0.309	0.302	0.272	0.321	1.983	0.672	0.317	0.202	36.852	-16925.845
762	16	500	500	0.5024	0.248	0.345	0.351	0.305	0.297	0.315	0.328	0.252	0.303	0.267	0.343	0.291	0.304	0.296	0.269	0.294	0.277	0.243	0.317	0.230	0.339	0.311	0.369	0.234	0.257	0.281	0.339	0.317	0.277	0.315	1.900	0.681	0.319	0.209	39.030	-16829.211
763	16	500	499	0.5019	0.255	0.297	0.286	0.325	0.289	0.222	0.315	0.310	0.253	0.273	0.274	0.279	0.262	0.263	0.310	0.307	0.316	0.326	0.335	0.342	0.271	0.332	0.282	0.244	0.291	0.285	0.324	0.253	0.261	0.272	2.111	0.625	0.304	0.194	2.803	-16407.699
764	16	500	500	0.5111	0.324	0.311	0.283	0.302	0.276	0.355	0.267	0.333	0.402	0.262	0.349	0.316	0.317	0.346	0.290	0.290	0.349	0.289	0.273	0.265	0.286	0.312	0.310	0.264	0.329	0.284	0.317	0.381	0.283	0.279	2.002	0.531	0.295	0.207	1.000	-17068.282
765	16	500	500	0.5096	0.318	0.280	0.280	0.265	0.254	0.333	0.325	0.255	0.291	0.353	0.278	0.329	0.281	0.299	0.320	0.322	0.251	0.311	0.281	0.428	0.362	0.325	0.307	0.372	0.227	0.316	0.309	0.309	0.261	0.280	2.072	0.636	0.343	0.200	2.070	-16858.722
766	16	500	499	0.5220	0.341	0.284	0.271	0.338	0.337	0.390	0.296	0.248	0.306	0.383	0.320	0.312	0.338	0.292	0.361	0.305	0.267	0.266	0.321	0.384	0.347	0.311	0.254	0.323	0.368	0.379	0.319	0.238	0.297	0.255	1.933	0.493	0.294	0.201	1.000	-17287.166
767	16	500	499	0.5095	0.344	0.272	0.312	0.324	0.255	0.331	0.287	0.276	0.340	0.244	0.326	0.316	0.308	0.292	0.277	0.281	0.255	0.354	0.375	0.235	0.301	0.239	0.310	0.267	0.363	0.265	0.286	0.296	0.268	0.264	1.940	0.532	0.297	0.183	1.000	-16701.705
768	16	500	500	0.5190	0.280	0.227	0.288	0.339	0.321	0.311	0.291	0.271	0.272	0.279	0.349	0.308	0.331	0.320	0.254	0.325	0.299	0.306	0.285	0.306	0.285	0.286	0.277	0.309	0.246	0.290	0.300	0.323	0.313	0.286	2.015	0.433	0.202	0.203	1.000	-16766.558
769	16	500	499	0.5202	0.312	0.356	0.378	0.286	0.351	0.253	0.289	0.361	0.393	0.298	0.254	0.336	0.375	0.292	0.304	0.309	0.408	0.301	0.263	0.344	0.288	0.273	0.279	0.294	0.304	0.354	0.308	0.378	0.371	0.308	2.063	0.507	0.302	0.180	1.000	-17249.038
770	16	500	500	0.5123	0.318	0.329	0.271	0.303	0.315	0.246	0.309	0.322	0.272	0.278	0.288	0.298	0.253	0.314	0.275	0.354	0.282	0.285	0.256	0.304	0.334	0.280	0.243	0.264	0.224	0.274	0.231	0.293	0.308	0.278	1.984	0.610	0.297	0.182	1.070	-16288.547
771	16	500	500	0.5110	0.299	0.361	0.305	0.316	0.296	0.234	0.307	0.352	0.341	0.345	0.269	0.331	0.303	0.306	0.332	0.295	0.266	0.350	0.313	0.258	0.257	0.347	0.285	0.321	0.232	0.262	0.318	0.318	0.237	0.267	1.972	0.591	0.308	0.190	2.823	-16781.725
772	16	500	500	0.5010	0.288	0.303	0.267	0.302	0.311	0.290	0.253	0.295	0.278	0.277	0.333	0.306	0.355	0.298	0.312	0.351	0.367	0.337	0.257	0.314	0.330	0.314	0.289	0.298	0.263	0.309	0.297	0.315	0.305	0.302	1.904	0.448	0.243	0.198	1.000	-16911.558
773	16	500	500	0.5270	0.305	0.299	0.237	0.291	0.266	0.339	0.241	0.302	0.298	0.310	0.292	0.333	0.254	0.292	0.321	0.272	0.280	0.281	0.295	0.293	0.349	0.267	0.389	0.225	0.369	0.259	0.288	0.299	0.318	0.258	2.021	0.469	0.220	0.192	1.000	-16626.396
774	16	500	499	0.5154	0.311	0.261	0.273	0.319	0.294	0.283	0.294	0.342	0.260	0.275	0.339	0.342	0.351	0.327	0.273	0.304	0.281	0.281	0.267	0.305	0.331	0.270	0.333	0.304	0.327	0.390	0.283	0.364	0.348	0.252	2.095	0.542	0.265	0.203	1.000	-16954.626
775	16	500	500	0.5112	0.261	0.271	0.326	0.259	0.346	0.294	0.273	0.364	0.304	0.373	0.326	0.338	0.327	0.368	0.319	0.333	0.421	0.338	0.346	0.328	0.223	0.355	0.284	0.350	0.338	0.295	0.334	0.295	0.268	0.349	1.901	0.484	0.337	0.194	1.000	-17571.361
776	16	500	500	0.5113	0.309	0.291	0.243	0.311	0.281	0.264	0.315	0.323	0.332	0.261	0.274	0.327	0.276	0.380	0.375	0.297	0.272	0.263	0.366	0.338	0.257	0.306	0.308	0.300	0.241	0.266	0.277	0.341	0.301	0.320	1.960	0.647	0.305	0.185	3.263	-16758.022
777	16	500	500	0.5317	0.311	0.281	0.349	0.276	0.297	0.263	0.282	0.292	0.260	0.361	0.283	0.278	0.227	0.289	0.283	0.289	0.319	0.273	0.292	0.317	0.364	0.297	0.265	0.278	0.318	0.271	0.302	0.384	0.269	0.300	2.073	0.450	0.230	0.200	1.000	-16666.200
778	16	500	500	0.5257	0.306	0.356	0.312	0.281	0.308	0.289	0.345	0.343	0.287	0.343	0.316	0.303	0.288	0.350	0.358	0.252	0.366	0.293	0.394	0.354	0.289	0.328	0.290	0.317	0.248	0.314	0.292	0.340	0.352	0.295	2.062	0.588	0.325	0.199	2.714	-17292.069
779	16	500	500	0.5162	0.380	0.304	0.309	0.246	0.343	0.244	0.324	0.253	0.277	0.277	0.293	0.307	0.266	0.299	0.319	0.392	0.276	0.267	0.273	0.274	0.322	0.270	0.254	0.257	0.299	0.329	0.273	0.350	0.326	0.276	2.067	0.489	0.208	0.188	1.000	-16451.930
780	16	500	500	0.5151	0.294	0.253	0.263	0.315	0.320	0.341	0.237	0.310	0.319	0.297	0.313	0.305	0.347	0.315	0.297	0.305	0.283	0.281	0.269	0.291	0.255	0.323	0.256	0.290	0.311	0.270	0.315	0.344	0.324	0.264	1.942	0.592	0.260	0.217	1.000	-16756.072
781	16	500	500	0.5415	0.263	0.288	0.276	0.326	0.293	0.335	0.288	0.225	0.280	0.213	0.333	0.281	0.323	0.346	0.257	0.288	0.268	0.262	0.301	0.297	0.321	0.307	0.277	0.215	0.272	0.347	0.265	0.287	0.317	0.343	1.941	0.662	0.261	0.219	2.234	-16671.442
782	16	500	499	0.5130	0.232	0.210	0.268	0.283	0.291	0.296	0.279	0.295	0.323	0.312	0.287	0.350	0.366	0.323	0.317	0.327	0.203	0.259	0.320	0.286	0.275	0.235	0.301	0.335	0.197	0.275	0.320	0.307	0.302	0.275	2.099	0.598	0.243	0.205	2.835	-16389.782
783	16	500	500	0.5148	0.272	0.268	0.256	0.285	0.334	0.267	0.363	0.301	0.319	0.324	0.315	0.227	0.315	0.272	0.285	0.249	0.353	0.272	0.291	0.313	0.352	0.307	0.318	0.295	0.325	0.279	0.309	0.274	0.246	0.306	2.055	0.606	0.293	0.195	1.000	-16624.025
784	16	500	500	0.5228	0.311	0.316	0.269	0.275	0.324	0.285	0.272	0.356	0.256	0.239	0.298	0.279	0.258	0.317	0.274	0.316	0.240	0.248	0.343	0.286	0.289	0.332	0.244	0.318	0.278	0.263	0.308	0.267	0.300	0.303	1.939	0.560	0.255	0.199	1.000	-16481.411
785	16	500	500	0.5090	0.271	0.269	0.269	0.305	0.346	0.364	0.258	0.360	0.346	0.359	0.422	0.257	0.312	0.387	0.298	0.340	0.315	0.356	0.302	0.353	0.292	0.417	0.301	0.364	0.317	0.399	0.280	0.347	0.316	0.312	2.027	0.584	0.389	0.203	5.546	-17613.727
786	16	500	500	0.5246	0.270	0.229	0.297	0.285	0.275	0.303	0.306	0.362	0.269	0.242	0.305	0.324	0.258	0.299	0.266	0.295	0.274	0.266	0.306	0.290	0.333	0.353	0.315	0.328	0.295	0.333	0.315	0.323	0.303	0.274	1.990	0.467	0.216	0.204	1.060	-16749.469
787	16	500	500	0.5135	0.280	0.376	0.345	0.351	0.243	0.241	0.328	0.301	0.359	0.328	0.302	0.351	0.228	0.312	0.273	0.307	0.291	0.257	0.351	0.286	0.330	0.277	0.327	0.326	0.299	0.300	0.344	0.338	0.319	0.358	2.017	0.650	0.322	0.205	1.000	-17139.868
788	16	500	500	0.5094	0.336	0.295	0.285	0.350	0.251	0.247	0.308	0.247	0.292	0.259	0.281	0.338	0.304	0.304	0.279	0.378	0.229	0.263	0.322	0.259	0.233	0.271	0.295	0.289	0.356	0.302	0.235	0.313	0.376	0.317	1.956	0.610	0.304	0.213	1.000	-16651.672
789	16	500	500	0.5126	0.323	0.269	0.310	0.295	0.250	0.300	0.333	0.307	0.260	0.294	0.352	0.332	0.282	0.343	0.286	0.391	0.335	0.300	0.277	0.303	0.369	0.347	0.258	0.338	0.361	0.301	0.237	0.309	0.278	0.294	2.050	0.605	0.395	0.208	1.000	-17111.058
790	16	500	496	0.4985	0.324	0.171	0.275	0.270	0.322	0.299	0.271	0.288	0.327	0.280	0.264	0.309	0.253	0.255	0.291	0.388	0.156	0.288	0.278	0.341	0.304	0.299	0.351	0.373	0.374	0.277	0.351	0.281	0.267	0.376	2.122	0.626	0.296	0.197	2.834	-16471.289
791	16	500	500	0.5253	0.343	0.278	0.291	0.304	0.252	0.279	0.377	0.302	0.366	0.376	0.324	0.302	0.326	0.359	0.290	0.315	0.245	0.327	0.384	0.302	0.323	0.289	0.310	0.387	0.334	0.325	0.314	0.283	0.319	0.334	1.990	0.429	0.273	0.192	1.000	-17454.828
792	16	500	499	0.4982	0.276	0.304	0.327	0.295	0.321	0.248	0.279	0.307	0.353	0.339	0.348	0.251	0.301	0.319	0.306	0.282	0.321	0.295	0.258	0.314	0.305	0.263	0.368	0.216	0.278	0.298	0.312	0.344	0.303	0.322	2.013	0.595	0.321	0.198	1.384	-16919.125
793	16	500	500	0.5140	0.345	0.306	0.293	0.309	0.308	0.303	0.337	0.295	0.281	0.318	0.350	0.289	0.309	0.272	0.282	0.308	0.262	0.255	0.283	0.293	0.336	0.265	0.333	0.303	0.245	0.300	0.267	0.266	0.321	0.327	2.103	0.598	0.285	0.194	1.000	-16703.362
794	16	500	500	0.5049	0.251	0.270	0.290	0.346	0.319	0.330	0.317	0.225	0.288	0.287	0.305	0.292	0.309	0.290	0.302	0.279	0.275	0.280	0.331	0.255	0.294	0.279	0.277	0.313	0.241	0.270	0.297	0.214	0.293	0.276	2.052	0.596	0.276	0.193	1.000	-16309.146
795	16	500	500	0.5299	0.323	0.289	0.273	0.290	0.282	0.318	0.369	0.238	0.349	0.267	0.359	0.284	0.374	0.299	0.315	0.243	0.302	0.251	0.288	0.300	0.365	0.322	0.215	0.345	0.383	0.286	0.331	0.230	0.309	0.277	1.904	0.646	0.330	0.193	8.240	-16796.396
796	16	500	500	0.5145	0.342	0.360	0.319	0.324	0.292	0.275	0.281	0.274	0.289	0.324	0.324	0.287	0.267	0.312	0.333	0.283	0.325	0.289	0.371	0.267	0.339	0.318	0.314	0.297	0.315	0.293	0.333	0.269	0.305	0.403	2.024	0.643	0.357	0.209	1.000	-17170.242
797	16	500	500	0.4891	0.298	0.245	0.356	0.288	0.336	0.354	0.304	0.298	0.207	0.310	0.296	0.313	0.276	0.237	0.295	0.355	0.235	0.295	0.268	0.346	0.315	0.273	0.332	0.337	0.283	0.299	0.342	0.262	0.314	0.292	2.051	0.651	0.307	0.209	3.431	-16693.929
798	16	500	499	0.5185	0.343	0.258	0.296	0.274	0.261	0.244	0.292	0.354	0.291	0.307	0.223	0.284	0.301	0.292	0.369	0.280	0.261	0.280	0.317	0.282	0.305	0.307	0.263	0.268	0.228	0.307	0.281	0.304	0.319	0.344	2.021	0.523	0.224	0.194	1.000	-16496.770
799	16	500	500	0.5175	0.306	0.320	0.351	0.291	0.318	0.274	0.321	0.205	0.286	0.269	0.263	0.371	0.325	0.295	0.303	0.274	0.246	0.287	0.320	0.286	0.251	0.239	0.256	0.317	0.265	0.317	0.324	0.328	0.279	0.323	1.991	0.633	0.280	0.205	1.196	-16691.986
800	16	500	500	0.5053	0.318	0.356	0.310	0.268	0.284	0.296	0.289	0.345	0.312	0.293	0.306	0.251	0.341	0.349	0.254	0.335	0.421	0.293	0.333	0.307	0.284	0.250	0.264	0.225	0.330	0.287	0.309	0.260	0.268	0.359	2.029	0.571	0.296	0.213	1.000	-16898.828
801	16	500	500	0.5190	0.310	0.294	0.300	0.281	0.353	0.339	0.325	0.286	0.318	0.334	0.312	0.285	0.263	0.259	0.344	0.269	0.308	0.229	0.301	0.237	0.229	0.292	0.321	0.263	0.273	0.360	0.327	0.306	0.286	0.303	2.058	0.549	0.267	0.192	1.000	-16758.358
802	16	500	499	0.5052	0.294	0.332	0.258	0.301	0.312	0.287	0.315	0.294	0.324	0.388	0.306	0.290	0.247	0.299	0.284	0.291	0.238	0.330	0.278	0.276	0.319	0.279	0.338	0.295	0.236	0.291	0.332	0.332	0.334	0.417	2.091	0.606	0.336	0.200	3.994	-16928.739
803	16	500	500	0.5103	0.267	0.312	0.366	0.277	0.290	0.204	0.258	0.321	0.318	0.295	0.300	0.257	0.286	0.323	0.320	0.267	0.263	0.282	0.263	0.343	0.266	0.298	0.318	0.337	0.267	0.342	0.263	0.318	0.280	0.310	2.114	0.603	0.272	0.185	1.588	-16439.276
804	16	500	500	0.5171	0.265	0.305	0.328	0.278	0.334	0.346	0.340	0.279	0.271	0.277	0.276	0.322	0.253	0.279	0.280	0.300	0.335	0.336	0.323	0.280	0.229	0.307	0.260	0.278	0.358	0.301	0.259	0.231	0.325	0.357	1.928	0.670	0.281	0.200	3.501	-16547.239
805	16	500	500	0.5078	0.497	0.362	0.302	0.314	0.277	0.308	0.357	0.256	0.228	0.297	0.333	0.289	0.257	0.328	0.352	0.172	0.312	0.358	0.351	0.307	0.342	0.310	0.313	0.307	0.264	0.354	0.291	0.236	0.255	0.317	1.997	0.639	0.328	0.206	1.000	-17079.458
806	16	500	500	0.5154	0.240	0.359	0.322	0.295	0.280	0.388	0.226	0.305	0.364	0.320	0.299	0.320	0.283	0.266	0.287	0.313	0.360	0.314	0.339	0.303	0.314	0.384	0.350	0.348	0.253	0.269	0.283	0.331	0.323	0.299	2.070	0.596	0.343	0.201	1.000	-17062.496
807	16	500	500	0.5194	0.333	0.393	0.318	0.296	0.331	0.300	0.269	0.351	0.224	0.345	0.345	0.319	0.264	0.408	0.338	0.272	0.292	0.275	0.276	0.400	0.323	0.312	0.348	0.288	0.339	0.285	0.335	0.232	0.266	0.295	1.975	0.585	0.355	0.194	1.964	-17287.222
808	16	500	500	0.5328	0.313	0.284	0.315	0.343	0.246	0.240	0.315	0.275	0.287	0.320	0.278	0.250	0.263	0.334	0.300	0.264	0.288	0.307	0.271	0.239	0.299	0.339	0.370	0.387	0.294	0.296	0.279	0.308	0.301	0.281	1.873	0.720	0.266	0.200	5.002	-16581.653
809	16	500	500	0.4993	0.327	0.291	0.266	0.447	0.259	0.336	0.313	0.320	0.246	0.347	0.229	0.294	0.245	0.302	0.315	0.272	0.314	0.289	0.300	0.356	0.287	0.307	0.329	0.279	0.251	0.279	0.325	0.378	0.249	0.292	2.039	0.635	0.333	0.202	2.588	-16852.315
810	16	500	500	0.5097	0.325	0.291	0.269	0.346	0.269	0.269	0.237	0.292	0.238	0.329	0.249	0.341	0.329	0.256	0.339	0.351	0.247	0.322	0.307	0.276	0.242	0.322	0.286	0.291	0.294	0.344	0.307	0.279	0.324	0.297	2.085	0.571	0.336	0.207	2.949	-16790.505
811	16	500	500	0.5163	0.282	0.317	0.274	0.266	0.340	0.196	0.287	0.302	0.223	0.303	0.333	0.241	0.313	0.319	0.282	0.265	0.288	0.276	0.324	0.284	0.278	0.270	0.283	0.211	0.347	0.291	0.288	0.356	0.353	0.305	1.900	0.610	0.297	0.193	1.000	-16469.352
812	16	500	500	0.5233	0.245	0.322	0.269	0.274	0.287	0.333	0.307	0.332	0.287	0.268	0.299	0.307	0.288	0.264	0.275	0.287	0.276	0.295	0.301	0.360	0.330	0.328	0.341	0.348	0.254	0.364	0.298	0.343	0.323	0.363	2.045	0.621	0.346	0.186	3.720	-16927.444
813	16	500	498	0.5176	0.326	0.312	0.265	0.318	0.269	0.346	0.291	0.325	0.348	0.290	0.313	0.321	0.251	0.334	0.341	0.262	0.211	0.299	0.292	0.270	0.302	0.320	0.301	0.361	0.293	0.290	0.281	0.324	0.250	0.345	2.044	0.410	0.238	0.191	1.000	-16858.709
814	16	500	500	0.5179	0.379	0.330	0.337	0.347	0.363	0.221	0.296	0.288	0.206	0.271	0.315	0.270	0.299	0.265	0.298	0.406	0.269	0.314	0.333	0.193	0.207	0.331	0.265	0.308	0.284	0.322	0.288	0.324	0.321	0.346	2.081	0.671	0.329	0.182	1.000	-16556.836
815	16	500	500	0.5232	0.320	0.239	0.299	0.291	0.304	0.268	0.303	0.376	0.352	0.333	0.297	0.382	0.241	0.297	0.313	0.328	0.262	0.265	0.265	0.253	0.317	0.223	0.352	0.249	0.261	0.271	0.269	0.315	0.272	0.319	1.941	0.595	0.302	0.210	1.000	-16709.840
816	16	500	500	0.5102	0.276	0.334	0.287	0.303	0.309	0.342	0.324	0.328	0.324	0.279	0.270	0.275	0.359	0.314	0.284	0.258	0.292	0.302	0.300	0.270	0.326	0.310	0.306	0.288	0.335	0.319	0.234	0.305	0.338	0.271	2.111	0.615	0.334	0.210	4.361	-16899.330
817	16	500	500	0.5139	0.343	0.345	0.270	0.292	0.310	0.263	0.317	0.293	0.224	0.409	0.270	0.305	0.292	0.269	0.307	0.311	0.277	0.291	0.267	0.361	0.339	0.336	0.324	0.347	0.276	0.280	0.352	0.294	0.274	0.331	1.892	0.579	0.297	0.204	3.399	-16995.920
818	16	500	500	0.5053	0.243	0.283	0.370	0.259	0.288	0.306	0.300	0.330	0.295	0.289	0.307	0.294	0.305	0.330	0.257	0.289	0.312	0.244	0.326	0.259	0.354	0.354	0.268	0.258	0.352	0.365	0.269	0.340	0.361	0.322	2.173	0.580	0.293	0.210	1.136	-16827.655
819	16	500	500	0.5102	0.304	0.287	0.308	0.326	0.254	0.350	0.297	0.327	0.304	0.292	0.270	0.286	0.225	0.299	0.248	0.265	0.240	0.300	0.321	0.282	0.319	0.268	0.229	0.388	0.266	0.296	0.273	0.283	0.263	0.309	2.077	0.487	0.194	0.199	1.039	-16217.784
820	16	500	500	0.5212	0.321	0.285	0.344	0.283	0.295	0.315	0.367	0.282	0.353	0.196	0.300	0.280	0.363	0.307	0.330	0.291	0.285	0.334	0.261	0.368	0.305	0.336	0.274	0.332	0.339	0.303	0.286	0.262	0.320	0.316	1.934	0.517	0.271	0.182	1.000	-16884.779
821	16	500	500	0.5270	0.319	0.348	0.257	0.312	0.350	0.294	0.310	0.307	0.305	0.215	0.340	0.270	0.279	0.279	0.351	0.310	0.291	0.284	0.295	0.258	0.301	0.324	0.291	0.327	0.270	0.308	0.317	0.301	0.303	0.329	2.154	0.600	0.266	0.217	3.565	-16886.410
822	16	500	499	0.5143	0.316	0.362	0.394	0.287	0.271	0.244	0.276	0.291	0.234	0.269	0.274	0.315	0.377	0.283	0.279	0.337	0.322	0.371	0.378	0.298	0.301	0.268	0.336	0.242	0.285	0.313	0.304	0.290	0.302	0.299	1.982	0.538	0.254	0.196	1.000	-16794.458
823	16	500	500	0.5040	0.303	0.378	0.267	0.266	0.320	0.330	0.220	0.338	0.328	0.362	0.297	0.334	0.280	0.286	0.292	0.312	0.358	0.330	0.287	0.346	0.306	0.327	0.265	0.246	0.254	0.326	0.324	0.293	0.311	0.302	2.119	0.476	0.260	0.199	1.000	-16927.408
824	16	500	500	0.5176	0.274	0.297	0.333	0.276	0.319	0.316	0.315	0.377	0.252	0.281	0.297	0.301	0.351	0.366	0.280	0.302	0.266	0.325	0.280	0.365	0.405	0.264	0.291	0.296	0.283	0.295	0.306	0.232	0.345	0.263	2.099	0.657	0.323	0.194	7.092	-16872.042
825	16	500	500	0.5097	0.274	0.276	0.271	0.306	0.315	0.260	0.292	0.275	0.369	0.275	0.266	0.334	0.299	0.325	0.259	0.286	0.302	0.308	0.293	0.316	0.268	0.303	0.307	0.327	0.273	0.290	0.282	0.284	0.278	0.278	1.947	0.695	0.305	0.199	19.306	-16603.443
826	16	500	500	0.5216	0.257	0.228	0.268	0.320	0.294	0.314	0.303	0.246	0.336	0.283	0.281	0.342	0.205	0.314	0.350	0.249	0.268	0.246	0.303	0.276	0.326	0.282	0.300	0.304	0.347	0.248	0.309	0.304	0.272	0.327	2.055	0.668	0.303	0.219	3.454	-16677.613
827	16	500	497	0.5137	0.329	0.273	0.334	0.340	0.295	0.289	0.331	0.311	0.300	0.342	0.320	0.333	0.324	0.273	0.312	0.310	0.357	0.274	0.322	0.253	0.346	0.313	0.276	0.274	0.341	0.338	0.294	0.275	0.275	0.359	2.037	0.603	0.332	0.196	1.000	-17054.935
828	16	500	500	0.5225	0.351	0.196	0.282	0.316	0.286	0.334	0.304	0.319	0.373	0.266	0.283	0.320	0.294	0.302	0.307	0.334	0.312	0.328	0.325	0.281	0.307	0.247	0.371	0.327	0.292	0.283	0.322	0.241	0.316	0.315	2.044	0.661	0.318	0.212	5.816	-16976.794
829	16	500	499	0.4863	0.313	0.298	0.311	3.600	0.288	0.261	0.307	0.325	0.347	0.294	0.285	0.288	0.308	0.311	0.277	0.280	0.320	0.339	0.332	0.249	0.211	0.278	0.313	0.281	0.313	0.328	0.264	0.315	0.278	0.221	2.022	0.684	0.304	0.203	999.000	-16419.811
830	16	500	500	0.5172	0.344	0.365	0.382	0.195	0.464	0.318	0.327	0.274	0.329	0.333	0.315	0.314	0.270	0.300	0.286	0.262	0.324	0.288	0.317	0.371	0.390	0.351	0.221	0.328	0.325	0.303	0.296	0.349	0.352	0.287	1.995	0.470	0.239	0.183	943.380	-17212.614
831	16	500	500	0.5332	0.000	0.338	0.310	0.329	0.305	0.216	0.334	0.298	0.315	0.332	0.294	0.310	0.313	0.249	0.272	0.599	0.284	0.318	0.274	0.307	0.261	0.250	0.318	0.273	0.372	0.302	0.283	0.266	0.357	0.247	2.005	0.662	0.338	0.218	1.000	-16938.431
832	16	500	500	0.5222	0.307	0.376	0.299	0.342	0.308	0.290	0.257	0.345	0.259	0.353	0.280	0.350	0.295	0.323	0.340	0.323	0.294	0.291	0.301	0.253	0.315	0.309	0.364	0.311	0.334	0.272	0.297	0.278	0.310	0.263	2.101	0.470	0.246	0.192	1.000	-16916.470
833	16	500	500	0.5304	0.283	0.317	0.236	0.369	0.300	0.334	0.290	0.285	0.335	0.264	0.267	0.320	0.374	0.342	0.288	0.253	0.361	0.283	0.293	0.381	0.303	0.270	0.271	0.270	0.269	0.315	0.307	0.283	0.303	0.311	1.892	0.643	0.357	0.199	1.000	-17048.770
834	16	500	499	0.5237	0.390	0.289	0.318	0.359	0.278	0.325	0.252	0.322	0.270	0.328	0.278	0.285	0.229	0.273	0.336	0.375	0.297	0.352	0.342	0.235	0.353	0.277	0.292	0.213	0.261	0.309	0.301	0.299	0.284	0.337	2.000	0.625	0.284	0.197	2.407	-16738.824
835	16	500	500	0.5220	0.310	0.260	0.329	0.279	0.263	0.290	0.338	0.324	0.342	0.306	0.293	0.278	0.343	0.286	0.247	0.230	0.308	0.217	0.318	0.266	0.271	0.281	0.295	0.253	0.294	0.220	0.275	0.258	0.321	0.287	2.068	0.634	0.263	0.211	1.148	-16441.442
836	16	500	500	0.5168	0.332	0.227	0.253	0.335	0.314	0.311	0.284	0.255	0.228	0.255	0.306	0.300	0.291	0.296	0.310	0.325	0.310	0.314	0.325	0.266	0.294	0.299	0.285	0.287	0.209	0.238	0.300	0.362	0.300	0.291	2.170	0.684	0.304	0.195	8.803	-16372.764
837	16	500	499	0.5228	0.326	0.370	0.281	0.266	0.345	0.313	0.310	0.302	0.271	0.262	0.288	0.295	0.310	0.318	0.301	0.349	0.259	0.289	0.329	0.236	0.336	0.239	0.391	0.343	0.266	0.308	0.312	0.305	0.260	0.269	2.147	0.476	0.284	0.210	1.000	-16888.078
838	16	500	499	0.5175	0.289	0.364	0.276	0.262	0.283	0.304	0.352	0.307	0.287	0.307	0.275	0.283	0.300	0.263	0.265	0.312	0.288	0.280	0.267	0.336	0.348	0.324	0.286	0.306	0.288	0.315	0.285	0.247	0.289	0.282	1.891	0.535	0.230	0.203	1.000	-16567.262
839	16	500	500	0.5072	0.353	0.356	0.286	1.980	0.300	0.251	0.301	0.300	0.375	0.209	0.316	0.300	0.326	0.341	0.266	0.334	0.259	0.298	0.301	0.332	0.319	0.322	0.278	0.260	0.292	0.284	0.331	0.298	0.298	0.292	1.771	0.647	0.348	0.200	999.000	-16974.469
840	16	500	500	0.4955	0.001	0.228	0.330	0.323	0.273	0.311	0.295	0.304	0.307	0.383	0.309	0.266	0.348	0.279	0.302	0.534	0.351	0.352	0.314	0.289	0.279	0.389	0.270	0.323	0.283	0.314	0.326	0.329	0.291	0.265	1.878	0.536	0.298	0.185	1.981	-16957.751
841	16	500	500	0.5155	0.353	0.304	0.271	0.327	0.303	0.316	0.272	0.299	0.273	0.357	0.328	0.339	0.288	0.204	0.344	0.275	0.303	0.187	0.291	0.328	0.322	0.305	0.274	0.314	0.305	0.296	0.289	0.316	0.273	0.320	1.970	0.620	0.294	0.184	2.411	-16731.775
842	16	500	500	0.5222	0.215	0.235	0.351	0.301	0.325	0.369	0.309	0.305	0.268	0.312	0.293	0.311	0.277	0.313	0.295	0.315	0.262	0.367	0.293	0.301	0.267	0.302	0.341	0.264	0.365	0.358	0.318	0.312	0.291	0.309	1.955	0.557	0.309	0.216	1.000	-17096.740
843	16	500	500	0.5137	0.267	0.278	0.281	0.282	0.305	0.301	0.323	0.302	0.328	0.305	0.304	0.266	0.312	0.315	0.265	0.326	0.331	0.257	0.301	0.337	0.324	0.297	0.320	0.284	0.259	0.285	0.309	0.295	0.341	0.245	2.076	0.662	0.291	0.202	1.845	-16660.317
844	16	500	499	0.5294	0.246	0.292	0.312	0.280	0.333	0.334	0.286	0.309	0.306	0.328	0.301	0.342	0.299	0.306	0.310	0.288	0.261	0.278	0.332	0.305	0.362	0.250	0.310	0.258	0.274	0.310	0.378	0.288	0.291	0.330	1.938	0.648	0.328	0.188	10.122	-16915.594
845	16	500	500	0.5145	0.354	0.302	0.263	0.321	0.314	0.319	0.300	0.320	0.284	0.295	0.396	0.299	0.278	0.361	0.304	0.381	0.291	0.279	0.312	0.322	0.334	0.244	0.344	0.282	0.352	0.320	0.290	0.266	0.334	0.305	1.890	0.597	0.307	0.206	1.872	-17239.799
846	16	500	500	0.5306	0.313	0.351	0.293	0.349	0.279	0.318	0.281	0.327	0.304	0.277	0.267	0.309	0.290	0.277	0.341	0.316	0.293	0.347	0.279	0.278	0.328	0.252	0.289	0.294	0.298	0.296	0.318	0.320	0.268	0.326	2.060	0.591	0.317	0.218	2.104	-17043.596
847	16	500	500	0.5111	0.301	0.267	0.276	0.296	0.341	0.241	0.255	0.341	0.338	0.228	0.330	0.317	0.233	0.342	0.245	0.291	0.267	0.260	0.262	0.299	0.339	0.328	0.280	0.343	0.244	0.291	0.343	0.285	0.220	0.250	1.857	0.640	0.270	0.189	1.000	-16368.880
848	16	500	500	0.5292	0.294	0.271	0.314	0.342	0.255	0.321	0.270	0.325	0.332	0.316	0.279	0.306	0.229	0.355	0.310	0.248	0.254	0.314	0.256	0.334	0.278	0.319	0.313	0.384	0.269	0.289	0.308	0.266	0.289	0.293	2.049	0.611	0.330	0.191	3.843	-16825.184
849	16	500	499	0.5010	0.269	0.320	0.252	0.333	0.274	0.307	0.337	0.309	0.227	0.343	0.323	0.307	0.307	0.303	0.265	0.275	0.329	0.342	0.294	0.288	0.272	0.269	0.307	0.314	0.309	0.326	0.255	0.334	0.230	0.296	1.903	0.659	0.286	0.225	1.000	-16834.029
850	16	500	500	0.4966	0.265	0.326	0.273	0.273	0.319	0.286	0.362	0.327	0.263	0.287	0.314	0.295	0.316	0.279	0.319	0.310	0.335	0.264	0.317	0.284	0.284	0.340	0.293	0.293	0.327	0.282	0.332	0.280	0.342	0.298	2.013	0.560	0.281	0.223	1.757	-17030.116
851	16	500	500	0.5248	0.304	0.320	0.312	0.225	0.329	0.228	0.267	0.294	0.293	0.308	0.277	0.345	0.309	0.256	0.305	0.262	0.306	0.280	0.266	0.316	0.255	0.280	0.318	0.323	0.336	0.279	0.355	0.285	0.250	0.310	1.936	0.602	0.297	0.205	1.000	-16696.372
852	16	500	500	0.5059	0.357	0.279	0.215	0.274	0.326	0.292	0.285	0.398	0.320	0.323	0.256	0.256	0.281	0.349	0.279	0.326	0.301	0.320	0.293	0.307	0.276	0.318	0.313	0.262	0.267	0.306	0.311	0.332	0.318	0.299	1.940	0.533	0.253	0.195	1.000	-16859.553
853	16	500	500	0.5200	0.328	0.344	0.344	0.274	0.303	0.279	0.259	0.312	0.296	0.316	0.373	0.313	0.290	0.298	0.309	0.284	0.291	0.320	0.285	0.347	0.358	0.310	0.333	0.311	0.259	0.315	0.285	0.302	0.309	0.303	1.913	0.600	0.349	0.188	1.124	-17044.885
854	16	500	500	0.5003	0.321	0.359	0.331	0.262	0.343	0.257	0.354	0.346	0.257	0.324	0.287	0.317	0.378	0.332	0.312	0.338	0.354	0.320	0.343	0.295	0.262	0.239	0.335	0.250	0.301	0.361	0.262	0.408	0.323	0.287	1.959	0.589	0.336	0.188	2.969	-17155.355
855	16	500	499	0.5241	0.343	0.242	0.328	0.338	0.241	0.266	0.236	0.355	0.388	0.276	0.301	0.292	0.307	0.314	0.239	0.282	0.370	0.359	0.281	0.343	0.326	0.319	0.284	0.269	0.301	0.276	0.283	0.287	0.306	0.273	1.950	0.547	0.308	0.193	1.121	-16767.964
856	16	500	500	0.5120	0.305	0.343	0.289	0.284	0.351	0.289	0.291	0.308	0.385	0.302	0.323	0.299	0.336	0.281	0.291	0.309	0.355	0.318	0.269	0.338	0.354	0.294	0.290	0.344	0.292	0.341	0.321	0.294	0.290	0.266	2.195	0.523	0.282	0.183	1.000	-16875.702
857	16	500	500	0.5226	0.271	0.327	0.255	0.266	0.325	0.303	0.322	0.286	0.279	0.274	0.291	0.270	0.329	0.273	0.324	0.269	0.287	0.265	0.320	0.268	0.330	0.303	0.279	0.341	0.290	0.323	0.284	0.305	0.343	0.321	2.239	0.577	0.293	0.192	2.496	-16601.849
858	16	500	500	0.5287	0.338	0.366	0.288	0.215	0.279	0.306	0.316	0.246	0.201	0.247	0.319	0.310	0.280	0.273	0.240	0.276	0.285	0.264	0.298	0.260	0.350	0.295	0.301	0.373	0.334	0.317	0.331	0.275	0.282	0.286	1.896	0.663	0.307	0.207	2.357	-16501.813
859	16	500	500	0.5033	0.394	0.303	0.304	0.266	0.296	0.311	0.255	0.318	0.222	0.353	0.351	0.320	0.314	0.371	0.281	0.327	0.244	0.332	0.330	0.268	0.256	0.274	0.321	0.380	0.263	0.298	0.306	0.308	0.301	0.294	2.126	0.464	0.278	0.198	1.137	-16991.102
860	16	500	499	0.5052	0.329	0.277	0.278	0.256	0.275	0.374	0.243	0.327	0.333	0.288	0.299	0.323	0.287	0.282	0.329	0.323	0.268	0.308	0.257	0.343	0.223	0.316	0.299	0.334	0.279	0.340	0.331	0.323	0.355	0.303	2.033	0.661	0.321	0.193	1.000	-16766.216
861	16	500	500	0.5101	0.297	0.274	0.353	0.323	0.348	0.276	0.284	0.338	0.307	0.300	0.328	0.270	0.249	0.255	0.297	0.352	0.327	0.319	0.335	0.300	0.272	0.283	0.307	0.265	0.373	0.329	0.239	0.273	0.306	0.301	1.998	0.611	0.323	0.182	1.450	-16745.890
862	16	500	499	0.5163	0.327	0.306	0.284	0.252	0.352	0.258	0.335	0.302	0.197	0.346	0.292	0.270	0.333	0.316	0.334	0.289	0.241	0.311	0.316	0.356	0.318	0.281	0.306	0.365	0.255	0.215	0.322	0.324	0.261	0.320	2.031	0.609	0.281	0.203	2.455	-16578.888
863	16	500	500	0.5077	0.321	0.247	0.355	0.223	0.340	0.255	0.308	0.331	0.304	0.232	0.313	0.285	0.400	0.273	0.284	0.298	0.309	0.242	0.323	0.338	0.305	0.263	0.270	0.297	0.301	0.230	0.288	0.245	0.288	0.209	1.979	0.624	0.257	0.214	1.720	-16480.216
864	16	500	500	0.5118	0.341	0.322	0.326	0.292	0.268	0.309	0.290	0.333	0.297	0.344	0.279	0.279	0.261	0.260	0.330	0.289	0.228	0.354	0.274	0.296	0.277	0.337	0.325	0.300	0.266	0.339	0.307	0.343	0.267	0.306	2.119	0.529	0.244	0.189	2.157	-16722.242
865	16	500	500	0.5230	0.323	0.332	0.244	0.271	0.306	0.325	0.325	0.264	0.272	0.271	0.268	0.286	0.302	0.311	0.277	0.308	0.308	0.308	0.307	0.244	0.336	0.289	0.313	0.222	0.279	0.249	0.298	0.326	0.279	0.318	2.006	0.498	0.244	0.185	1.000	-16530.383
866	16	500	500	0.5177	0.382	0.300	0.212	0.311	0.306	0.325	0.274	0.330	0.242	0.297	0.287	0.251	0.348	0.283	0.319	0.358	0.338	0.246	0.333	0.254	0.343	0.296	0.292	0.334	0.225	0.272	0.329	0.265	0.326	0.268	2.080	0.631	0.278	0.212	2.174	-16678.878
867	16	500	500	0.5155	0.267	0.303	0.322	0.338	0.305	0.282	0.275	0.323	0.241	0.339	0.266	0.273	0.310	0.281	0.273	0.294	0.256	0.317	0.319	0.262	0.252	0.249	0.282	0.338	0.337	0.265	0.306	0.313	0.281	0.317	2.061	0.621	0.297	0.210	1.828	-16604.816
868	16	500	500	0.5148	0.299	0.270	0.305	0.317	0.314	0.363	0.338	0.279	0.303	0.329	0.259	0.340	0.317	0.287	0.328	0.381	0.365	0.273	0.338	0.292	0.353	0.322	0.245	0.204	0.278	0.345	0.335	0.323	0.297	0.398	2.016	0.446	0.288	0.204	1.230	-17396.046
869	16	500	500	0.5129	0.311	0.293	0.331	0.296	0.302	0.216	0.330	0.264	0.287	0.327	0.305	0.354	0.323	0.319	0.286	0.329	0.275	0.352	0.317	0.288	0.302	0.285	0.346	0.294	0.264	0.241	0.336	0.301	0.178	0.351	2.155	0.609	0.314	0.192	1.495	-16630.951
870	16	500	500	0.5249	0.353	0.292	0.332	0.321	0.319	0.301	0.357	0.317	0.295	0.318	0.279	0.266	0.355	0.332	0.302	0.310	0.224	0.309	0.269	0.310	0.323	0.288	0.347	0.385	0.262	0.307	0.296	0.367	0.309	0.314	2.065	0.557	0.297	0.193	1.000	-17124.951
871	16	500	497	0.5176	0.284	0.218	0.257	0.275	0.259	0.417	0.269	0.269	0.396	0.263	0.295	0.263	0.309	0.271	0.269	0.299	0.292	0.241	0.285	0.272	0.274	0.293	0.284	0.303	0.367	0.261	0.332	0.316	0.364	0.312	2.106	0.611	0.267	0.203	1.000	-16480.712
872	16	500	499	0.5072	0.308	0.223	0.386	0.245	0.301	0.289	0.429	0.269	0.276	0.278	0.314	0.306	0.263	0.308	0.304	0.318	0.250	0.326	0.357	0.340	0.340	0.296	0.290	0.404	0.304	0.290	0.296	0.369	0.285	0.278	2.014	0.622	0.364	0.204	3.475	-17141.871
873	16	500	500	0.5154	0.251	0.230	0.314	0.348	0.271	0.300	0.247	0.283	0.338	0.324	0.297	0.290	0.343	0.321	0.349	0.289	0.334	0.332	0.292	0.305	0.321	0.292	0.322	0.211	0.310	0.370	0.234	0.278	0.276	0.319	1.950	0.619	0.310	0.213	2.021	-16905.807
874	16	500	499	0.5221	0.190	0.253	0.318	0.306	0.278	0.287	0.315	0.328	0.283	0.263	0.262	0.294	0.292	0.322	0.307	0.208	0.265	0.295	0.200	0.340	0.244	0.260	0.272	0.323	0.276	0.326	0.242	0.243	0.283	0.303	1.986	0.695	0.305	0.213	1.000	-16254.875
875	16	500	500	0.5004	0.000	0.387	0.235	0.330	0.311	0.253	0.330	0.280	0.323	0.325	0.274	0.252	0.239	0.243	0.346	0.546	0.244	0.410	0.295	0.273	0.268	0.277	0.323	0.291	0.309	0.289	0.328	0.240	0.303	0.270	1.827	0.688	0.306	0.213	4.152	-16604.421
876	16	500	500	0.5156	0.560	0.239	0.250	0.326	0.355	0.332	0.261	0.310	0.272	0.311	0.264	0.297	0.292	0.289	0.272	0.000	0.300	0.373	0.314	0.248	0.282	0.275	0.277	0.274	0.287	0.298	0.375	0.272	0.286	0.305	2.076	0.619	0.290	0.208	1.000	-16625.650
877	16	500	500	0.5239	0.283	0.306	0.260	0.308	0.341	0.266	0.284	0.325	0.340	0.255	0.335	0.266	0.279	0.293	0.338	0.351	0.289	0.258	0.337	0.274	0.352	0.307	0.302	0.235	0.284	0.283	0.264	0.315	0.321	0.274	1.987	0.659	0.341	0.209	1.000	-16870.336
878	16	500	499	0.5163	0.327	0.274	0.264	0.268	0.282	0.337	0.312	0.297	0.320	0.263	0.285	0.332	0.275	0.266	0.281	0.342	0.264	0.287	0.290	0.292	0.393	0.331	0.261	0.265	0.260	0.275	0.292	0.273	0.288	0.253	1.894	0.597	0.290	0.197	2.463	-16567.951
879	16	500	500	0.5175	0.313	0.285	0.315	0.295	0.317	0.235	0.353	0.296	0.342	0.321	0.331	0.346	0.293	0.291	0.274	0.320	0.310	0.289	0.321	0.280	0.292	0.348	0.275	0.283	0.316	0.347	0.277	0.242	0.336	0.423	2.005	0.620	0.351	0.201	5.755	-17143.289
880	16	500	500	0.5109	0.613	0.331	0.320	0.274	0.288	0.253	0.287	0.285	0.256	0.248	0.309	0.334	0.353	0.319	0.298	0.000	0.286	0.398	0.323	0.312	0.288	0.342	0.352	0.307	0.360	0.288	0.309	0.272	0.289	0.305	1.941	0.609	0.374	0.209	1.000	-17193.252
881	16	500	500	0.5077	0.365	0.341	0.269	0.290	0.333	0.293	0.349	0.275	0.272	0.299	0.326	0.260	0.333	0.309	0.281	0.352	0.345	0.283	0.283	0.340	0.234	0.286	0.342	0.263	0.370	0.279	0.327	0.338	0.332	0.241	1.869	0.655	0.345	0.193	1.000	-17046.077
882	16	500	500	0.5134	0.295	0.273	0.327	0.310	0.291	0.287	0.271	0.281	0.261	0.374	0.286	0.320	0.334	0.361	0.269	0.243	0.239	0.343	0.270	0.324	0.310	0.377	0.317	0.335	0.275	0.336	0.262	0.348	0.265	0.276	2.167	0.547	0.305	0.198	1.363	-16800.495
883	16	500	500	0.5254	0.363	0.284	0.248	0.298	0.332	0.283	0.280	0.281	0.299	0.362	0.243	0.313	0.313	0.294	0.336	0.305	0.281	0.303	0.330	0.304	0.303	0.289	0.254	0.310	0.302	0.285	0.271	0.323	0.309	0.299	1.933	0.617	0.277	0.202	1.297	-16825.120
884	16	500	500	0.5155	0.342	0.334	0.282	0.329	0.274	0.322	0.298	0.327	0.313	0.235	0.305	0.305	0.308	0.290	0.279	0.377	0.249	0.311	0.310	0.246	0.363	0.342	0.307	0.257	0.360	0.306	0.278	0.298	0.314	0.324	2.014	0.631	0.344	0.195	2.420	-16987.983
885	16	500	499	0.5192	0.307	0.347	0.272	0.319	0.307	0.361	0.269	0.306	0.269	0.324	0.282	0.337	0.286	0.325	0.304	0.312	0.336	0.329	0.297	0.308	0.289	0.364	0.236	0.290	0.378	0.328	0.296	0.341	0.357	0.266	2.022	0.542	0.296	0.203	1.326	-17148.192
886	16	500	500	0.5256	0.257	0.442	0.289	0.284	0.271	0.326	0.316	0.287	0.324	0.307	0.299	0.289	0.269	0.293	0.289	0.274	0.331	0.267	0.339	0.359	0.289	0.266	0.324	0.274	0.300	0.302	0.305	0.294	0.273	0.311	2.046	0.659	0.337	0.191	1.171	-16744.718
887	16	500	500	0.5145	0.337	0.330	0.219	0.256	0.311	0.330	0.239	0.300	0.276	0.284	0.302	0.319	0.267	0.313	0.302	0.261	0.297	0.341	0.232	0.319	0.327	0.322	0.277	0.260	0.328	0.336	0.304	0.333	0.280	0.269	2.218	0.479	0.243	0.207	1.085	-16639.814
888	16	500	500	0.5195	0.316	0.262	0.341	0.286	0.328	0.302	0.296	0.299	0.269	0.351	0.332	0.297	0.301	0.316	0.347	0.282	0.228	0.309	0.320	0.328	0.347	0.297	0.391	0.376	0.294	0.264	0.278	0.353	0.332	0.292	1.934	0.573	0.325	0.205	1.817	-17247.773
889	16	500	500	0.5060	0.243	0.275	0.269	0.260	0.322	0.315	0.302	0.329	0.270	0.276	0.259	0.327	0.295	0.285	0.237	0.246	0.335	0.247	0.339	0.318	0.306	0.271	0.337	0.275	0.330	0.300	0.302	0.348	0.313	0.311	1.995	0.587	0.293	0.194	1.000	-16547.817
890	16	500	500	0.5169	0.276	0.290	0.306	0.296	0.281	0.329	0.303	0.315	0.318	0.290	0.273	0.363	0.279	0.303	0.286	0.342	0.329	0.315	0.352	0.288	0.281	0.289	0.268	0.271	0.258	0.242	0.319	0.333	0.278	0.315	2.091	0.555	0.311	0.203	1.642	-16812.454
891	16	500	500	0.5065	0.295	0.319	0.380	0.297	0.269	0.320	0.283	0.259	0.265	0.352	0.341	0.268	0.274	0.275	0.365	0.369	0.216	0.308	0.314	0.349	0.225	0.314	0.279	0.358	0.326	0.286	0.262	0.314	0.273	0.348	1.848	0.613	0.323	0.193	2.466	-16946.681
892	16	500	500	0.5033	0.257	0.311	0.335	0.384	0.309	0.294	0.342	0.269	0.357	0.257	0.278	0.340	0.326	0.360	0.292	0.322	0.290	0.265	0.333	0.307	0.276	0.318	0.299	0.365	0.314	0.357	0.315	0.389	0.267	0.326	1.947	0.607	0.366	0.193	1.000	-17186.551
893	16	500	498	0.5140	0.238	0.324	0.269	0.276	0.250	0.270	0.276	0.294	0.190	0.309	0.330	0.296	0.357	0.310	0.355	0.270	0.250	0.284	0.251	0.309	0.349	0.293	0.347	0.387	0.239	0.284	0.347	0.337	0.248	0.347	2.044	0.505	0.230	0.200	1.000	-16657.537
894	16	500	500	0.5120	0.231	0.283	0.286	0.291	0.292	0.267	0.305	0.291	0.326	0.273	0.311	0.269	0.307	0.253	0.299	0.306	0.274	0.251	0.305	0.305	0.295	0.336	0.264	0.326	0.213	0.269	0.301	0.283	0.294	0.301	1.978	0.629	0.275	0.213	1.000	-16549.483
895	16	500	500	0.5272	0.321	0.296	0.275	0.237	0.282	0.296	0.314	0.281	0.324	0.291	0.313	0.249	0.301	0.342	0.258	0.247	0.295	0.389	0.295	0.278	0.203	0.264	0.404	0.320	0.212	0.304	0.325	0.281	0.305	0.308	2.002	0.516	0.225	0.193	1.000	-16504.554
896	16	500	500	0.5160	0.278	0.286	0.279	0.301	0.246	0.228	0.294	0.372	0.228	0.292	0.269	0.276	0.345	0.292	0.318	0.300	0.266	0.339	0.266	0.309	0.323	0.315	0.264	0.364	0.329	0.272	0.309	0.253	0.241	0.357	2.097	0.565	0.256	0.200	1.000	-16545.719
897	16	500	499	0.5365	0.534	0.327	0.379	0.286	0.248	0.342	0.257	0.318	0.323	0.332	0.288	0.318	0.297	0.264	0.286	0.000	0.328	0.271	0.308	0.329	0.342	0.303	0.296	0.239	0.330	0.252	0.338	0.306	0.263	0.336	1.981	0.529	0.270	0.212	1.000	-16931.851
898	16	500	500	0.5075	0.364	0.228	0.260	0.312	0.296	0.384	0.312	0.321	0.314	0.343	0.259	0.332	0.263	0.325	0.334	0.312	0.302	0.372	0.296	0.304	0.294	0.303	0.304	0.311	0.293	0.281	0.261	0.355	0.311	0.234	1.999	0.637	0.353	0.196	8.009	-16848.008
899	16	500	500	0.5274	0.352	0.275	0.296	0.299	0.250	0.264	0.317	0.316	0.217	0.220	0.272	0.330	0.270	0.263	0.301	0.347	0.305	0.344	0.269	0.270	0.307	0.254	0.311	0.282	0.281	0.361	0.271	0.276	0.378	0.289	2.050	0.704	0.290	0.206	9.961	-16479.787
900	16	500	500	0.5258	0.240	0.289	0.279	0.324	0.272	0.344	0.351	0.259	0.238	0.290	0.258	0.311	0.278	0.350	0.296	0.287	0.305	0.241	0.282	0.246	0.336	0.298	0.236	0.309	0.278	0.336	0.265	0.332	0.311	0.278	1.919	0.655	0.266	0.217	3.240	-16618.047
901	16	500	500	0.5167	0.251	0.296	0.295	0.330	0.294	0.280	0.263	0.299	0.339	0.325	0.316	0.314	0.285	0.278	0.321	0.232	0.264	0.255	0.309	0.270	0.311	0.322	0.308	0.356	0.370	0.242	0.371	0.319	0.300	0.252	1.915	0.638	0.327	0.199	3.082	-16925.436
902	16	500	500	0.5066	0.281	0.286	0.273	0.248	0.229	0.284	0.262	0.310	0.320	0.302	0.341	0.260	0.286	0.290	0.308	0.270	0.250	0.372	0.241	0.314	0.320	0.302	0.329	0.264	0.232	0.253	0.313	0.322	0.316	0.269	1.989	0.585	0.250	0.214	1.036	-16467.132
903	16	500	500	0.5208	0.359	0.265	0.315	0.407	0.300	0.334	0.334	0.272	0.305	0.337	0.266	0.276	0.313	0.278	0.291	0.303	0.349	0.245	0.312	0.319	0.312	0.300	0.269	0.261	0.329	0.291	0.266	0.338	0.271	0.322	2.022	0.645	0.338	0.188	25.574	-16695.481
904	16	500	500	0.5289	0.260	0.217	0.312	0.300	0.320	0.336	0.364	0.261	0.298	0.281	0.289	0.316	0.294	0.313	0.297	0.332	0.246	0.311	0.316	0.302	0.244	0.274	0.255	0.316	0.236	0.308	0.324	0.337	0.316	0.278	2.108	0.674	0.268	0.204	4.120	-16539.332
905	16	500	499	0.5179	0.250	0.301	0.233	0.296	0.315	0.364	0.328	0.273	0.318	0.316	0.309	0.320	0.271	0.260	0.308	0.274	0.240	0.271	0.279	0.280	0.332	0.296	0.335	0.207	0.234	0.316	0.277	0.271	0.376	0.257	2.029	0.577	0.251	0.217	1.000	-16559.275
906	16	500	497	0.5272	0.243	0.320	0.289	0.245	0.316	0.288	0.288	0.314	0.328	0.290	0.274	0.305	0.290	0.266	0.289	0.274	0.317	0.261	0.341	0.280	0.238	0.276	0.284	0.291	0.262	0.303	0.324	0.309	0.283	0.253	1.896	0.653	0.307	0.202	2.552	-16598.475
907	16	500	500	0.5002	0.301	0.203	0.273	1.424	0.288	0.331	0.335	0.251	0.314	0.239	0.327	0.251	0.314	0.316	0.265	0.319	0.311	0.267	0.272	0.309	0.292	0.309	0.264	0.326	0.271	0.291	0.321	0.334	0.325	0.315	2.015	0.658	0.338	0.203	988.903	-16686.276
908	16	500	500	0.5230	0.684	0.291	0.407	0.146	0.454	0.310	0.299	0.323	0.284	0.312	0.287	0.218	0.274	0.372	0.253	0.001	0.260	0.332	0.355	0.304	0.285	0.323	0.290	0.283	0.332	0.311	0.375	0.323	0.310	0.287	2.026	0.387	0.182	0.191	640.830	-17038.480
909	16	500	499	0.5190	0.271	0.291	0.272	0.306	0.311	0.290	0.334	0.338	0.377	0.277	0.272	0.299	0.263	0.294	0.268	0.301	0.241	0.309	0.338	0.254	0.276	0.305	0.235	0.280	0.352	0.272	0.321	0.324	0.320	0.331	1.989	0.589	0.292	0.196	1.710	-16735.160
910	16	500	500	0.5103	0.384	0.249	0.317	0.343	0.237	0.248	0.321	0.345	0.247	0.361	0.290	0.334	0.252	0.294	0.328	0.334	0.331	0.241	0.265	0.307	0.269	0.303	0.310	0.281	0.233	0.315	0.292	0.330	0.327	0.318	2.006	0.632	0.304	0.198	1.921	-16766.443
911	16	500	500	0.4993	0.368	0.269	0.307	0.304	0.321	0.316	0.294	0.354	0.281	0.267	0.288	0.262	0.356	0.363	0.325	0.315	0.290	0.290	0.276	0.317	0.270	0.306	0.312	0.280	0.294	0.308	0.327	0.321	0.346	0.278	1.978	0.571	0.328	0.191	1.551	-17059.458
912	16	500	500	0.5090	0.265	0.266	0.350	0.274	0.287	0.336	0.264	0.283	0.359	0.302	0.330	0.252	0.305	0.248	0.332	0.268	0.303	0.208	0.290	0.263	0.363	0.282	0.302	0.246	0.381	0.308	0.345	0.271	0.299	0.314	1.873	0.585	0.274	0.183	1.000	-16606.280
913	16	500	500	0.5167	0.297	0.308	0.307	3.898	0.312	0.284	0.277	0.318	0.358	0.303	0.253	0.287	0.323	0.327	0.230	0.316	0.292	0.292	0.361	0.270	0.374	0.328	0.249	0.308	0.280	0.274	0.288	0.366	0.320	0.346	1.913	0.606	0.377	0.195	702.361	-17043.876
914	16	500	498	0.5106	0.332	0.283	0.473	0.134	0.428	0.325	0.306	0.306	0.314	0.318	0.404	0.330	0.294	0.311	0.307	0.310	0.320	0.228	0.332	0.301	0.291	0.313	0.297	0.287	0.315	0.340	0.279	0.366	0.313	0.350	1.936	0.414	0.272	0.189	692.114	-17293.164
915	16	500	500	0.5176	0.338	0.303	0.428	0.127	0.456	0.289	0.314	0.345	0.293	0.318	0.382	0.311	0.302	0.322	0.321	0.262	0.304	0.344	0.275	0.304	0.234	0.268	0.249	0.275	0.249	0.316	0.264	0.342	0.354	0.229	2.080	0.322	0.183	0.197	669.491	-16908.652
916	16	500	500	0.5106	0.368	0.240	0.400	0.300	0.308	0.286	0.302	0.280	0.299	0.268	0.386	0.309	0.326	0.251	0.322	0.217	0.354	0.310	0.284	0.276	0.262	0.285	0.300	0.286	0.274	0.308	0.266	0.294	0.293	0.314	2.047	0.661	0.295	0.198	2.109	-16486.922
917	16	500	500	0.5114	0.293	0.280	0.324	0.281	0.337	0.250	0.270	0.347	0.268	0.330	0.332	0.252	0.317	0.326	0.279	0.273	0.375	0.359	0.302	0.292	0.282	0.376	0.278	0.305	0.253	0.274	0.279	0.269	0.321	0.266	2.027	0.561	0.239	0.203	1.164	-16720.524
918	16	500	500	0.5251	0.327	0.301	0.326	0.349	0.263	0.342	0.345	0.320	0.325	0.329	0.328	0.278	0.339	0.370	0.291	0.312	0.238	0.302	0.284	0.269	0.286	0.276	0.347	0.356	0.246	0.337	0.290	0.316	0.304	0.294	2.055	0.631	0.355	0.181	3.356	-16994.803
919	16	500	499	0.4976	0.314	0.403	0.294	0.323	0.334	0.350	0.301	0.315	0.270	0.393	0.274	0.309	0.321	0.292	0.269	0.337	0.306	0.245	0.331	0.350	0.330	0.302	0.321	0.325	0.313	0.301	0.345	0.318	0.299	0.319	2.053	0.373	0.234	0.174	1.000	-17210.247
920	16	500	500	0.5226	0.325	0.323	0.246	0.369	0.311	0.317	0.300	0.356	0.195	0.274	0.331	0.278	0.308	0.303	0.341	0.271	0.289	0.377	0.355	0.287	0.273	0.280	0.350	0.304	0.228	0.331	0.280	0.366	0.336	0.318	1.892	0.590	0.321	0.197	2.005	-17125.482
921	16	500	499	0.5092	0.280	0.300	0.289	0.336	0.262	0.295	0.311	0.279	0.335	0.325	0.295	0.281	0.303	0.268	0.332	0.282	0.293	0.311	0.295	0.278	0.295	0.282	0.259	0.289	0.303	0.276	0.341	0.321	0.306	0.337	2.020	0.585	0.333	0.213	1.798	-17050.571
922	16	500	500	0.5134	0.341	0.358	0.256	0.319	0.325	0.277	0.342	0.300	0.174	0.323	0.258	0.238	0.352	0.295	0.349	0.318	0.387	0.250	0.327	0.251	0.324	0.264	0.316	0.317	0.307	0.309	0.307	0.276	0.292	0.294	2.125	0.533	0.286	0.193	1.000	-16725.796
923	16	500	500	0.5189	0.357	0.230	0.284	0.322	0.297	0.341	0.257	0.265	0.297	0.263	0.307	0.308	0.278	0.266	0.347	0.361	0.292	0.329	0.234	0.290	0.261	0.231	0.290	0.273	0.233	0.301	0.327	0.330	0.273	0.343	1.984	0.639	0.294	0.191	4.324	-16514.052
924	16	500	500	0.5198	0.267	0.288	0.322	0.241	0.324	0.248	0.323	0.291	0.331	0.353	0.277	0.289	0.248	0.312	0.340	0.338	0.346	0.295	0.301	0.327	0.257	0.321	0.304	0.261	0.287	0.340	0.275	0.315	0.318	0.260	2.092	0.644	0.301	0.203	1.000	-16893.707
925	16	500	500	0.5120	0.356	0.384	0.361	0.269	0.349	0.281	0.252	0.306	0.269	0.245	0.293	0.332	0.250	0.310	0.253	0.375	0.332	0.259	0.357	0.330	0.320	0.332	0.335	0.267	0.250	0.332	0.335	0.229	0.276	0.320	2.017	0.520	0.268	0.174	1.000	-16754.512
926	16	500	500	0.5150	0.379	0.207	0.261	0.265	0.263	0.310	0.301	0.302	0.300	0.270	0.219	0.294	0.316	0.373	0.252	0.333	0.356	0.208	0.294	0.295	0.303	0.310	0.284	0.335	0.336	0.270	0.324	0.267	0.288	0.303	2.189	0.542	0.236	0.203	1.000	-16387.494
927	16	500	500	0.5285	0.290	0.280	0.355	0.298	0.308	0.329	0.319	0.296	0.328	0.287	0.271	0.338	0.340	0.305	0.362	0.342	0.252	0.313	0.375	0.292	0.290	0.320	0.323	0.356	0.275	0.321	0.329	0.327	0.308	0.338	1.980	0.501	0.276	0.199	1.000	-17366.634
928	16	500	500	0.5070	0.320	0.306	0.321	0.368	0.320	0.289	0.371	0.289	0.228	0.277	0.344	0.280	0.320	0.322	0.319	0.365	0.298	0.290	0.335	0.340	0.295	0.330	0.303	0.303	0.271	0.313	0.302	0.262	0.236	0.316	2.009	0.533	0.263	0.195	1.000	-17019.524
929	16	500	500	0.5030	0.242	0.289	0.341	0.351	0.283	0.283	0.308	0.316	0.311	0.311	0.330	0.331	0.349	0.309	0.326	0.288	0.329	0.351	0.296	0.289	0.353	0.308	0.303	0.292	0.264	0.273	0.303	0.297	0.298	0.326	2.047	0.638	0.349	0.197	1.665	-17038.240
930	16	500	500	0.5226	0.292	0.230	0.357	0.297	0.238	0.292	0.287	0.335	0.377	0.252	0.310	0.354	0.368	0.380	0.262	0.267	0.275	0.274	0.299	0.324	0.250	0.270	0.318	0.290	0.270	0.322	0.249	0.315	0.329	0.263	2.016	0.597	0.294	0.195	2.162	-16755.203
931	16	500	500	0.5069	0.286	0.320	0.225	0.262	0.275	0.292	0.280	0.336	0.332	0.234	0.349	0.242	0.269	0.283	0.334	0.282	0.265	0.372	0.309	0.301	0.312	0.275	0.323	0.203	0.315	0.335	0.263	0.317	0.308	0.253	2.088	0.553	0.261	0.196	1.000	-16530.224
932	16	500	500	0.5260	0.289	0.292	0.270	0.367	0.292	0.265	0.306	0.279	0.214	0.282	0.300	0.283	0.341	0.296	0.290	0.320	0.211	0.368	0.334	0.334	0.355	0.317	0.262	0.356	0.311	0.341	0.272	0.311	0.202	0.271	1.965	0.560	0.292	0.211	1.000	-16912.035
933	16	500	498	0.4999	0.273	0.375	0.247	0.290	0.287	0.289	0.312	0.301	0.242	0.290	0.311	0.354	0.276	0.332	0.267	0.277	0.302	0.332	0.245	0.327	0.324	0.263	0.312	0.286	0.322	0.227	0.318	0.249	0.302	0.264	2.127	0.621	0.319	0.182	1.812	-16463.077
934	16	500	500	0.5039	0.281	0.259	0.298	0.377	0.289	0.299	0.326	0.299	0.319	0.332	0.342	0.245	0.266	0.343	0.304	0.314	0.353	0.299	0.245	0.305	0.350	0.318	0.285	0.261	0.304	0.319	0.315	0.291	0.312	0.287	1.993	0.630	0.353	0.208	12.800	-17038.217
935	16	500	500	0.5240	0.296	0.309	0.305	0.273	0.293	0.298	0.341	0.336	0.282	0.328	0.286	0.313	0.265	0.325	0.300	0.276	0.303	0.341	0.289	0.318	0.294	0.297	0.348	0.374	0.254	0.255	0.288	0.324	0.282	0.287	2.016	0.655	0.330	0.195	11.805	-16870.967
936	16	500	500	0.5100	0.266	0.276	0.316	0.398	0.306	0.242	0.316	0.339	0.276	0.345	0.268	0.314	0.226	0.310	0.328	0.296	0.291	0.259	0.345	0.311	0.316	0.304	0.316	0.273	0.339	0.330	0.341	0.255	0.273	0.323	2.019	0.663	0.333	0.197	39.362	-16834.215
937	16	500	500	0.5205	0.308	0.329	0.391	0.362	0.260	0.316	0.350	0.311	0.277	0.326	0.295	0.321	0.353	0.275	0.290	0.315	0.348	0.292	0.326	0.337	0.370	0.302	0.308	0.247	0.289	0.361	0.345	0.335	0.300	0.314	2.027	0.644	0.356	0.209	32.207	-17421.640
938	16	500	500	0.4995	0.324	0.314	0.289	0.313	0.330	0.397	0.282	0.310	0.242	0.292	0.341	0.291	0.286	0.313	0.297	0.314	0.265	0.282	0.296	0.226	0.290	0.307	0.290	0.228	0.291	0.296	0.315	0.353	0.316	0.244	1.962	0.485	0.238	0.202	1.274	-16765.701
939	16	500	500	0.5140	0.267	0.323	0.277	0.260	0.340	0.216	0.324	0.278	0.293	0.248	0.353	0.239	0.314	0.350	0.340	0.262	0.360	0.200	0.290	0.294	0.284	0.251	0.323	0.333	0.288	0.293	0.323	0.310	0.330	0.294	2.031	0.674	0.316	0.207	1.000	-16676.878
940	16	500	500	0.5178	0.345	0.277	0.336	0.230	0.300	0.323	0.299	0.287	0.304	0.263	0.275	0.289	0.324	0.270	0.344	0.299	0.307	0.282	0.355	0.315	0.250	0.317	0.292	0.303	0.246	0.265	0.282	0.359	0.300	0.276	2.008	0.454	0.220	0.185	1.062	-16608.591
941	16	500	500	0.5133	0.339	0.308	0.258	0.377	0.294	0.350	0.298	0.345	0.337	0.318	0.312	0.316	0.256	0.250	0.269	0.278	0.314	0.279	0.291	0.308	0.278	0.302	0.337	0.320	0.345	0.330	0.326	0.290	0.327	0.300	1.892	0.547	0.288	0.195	1.000	-17137.237
942	16	500	499	0.5103	0.302	0.384	0.304	0.296	0.334	0.312	0.322	0.314	0.252	0.372	0.349	0.284	0.206	0.384	0.323	0.298	0.279	0.275	0.290	0.280	0.296	0.329	0.332	0.272	0.345	0.270	0.267	0.212	0.292	0.306	2.009	0.523	0.288	0.199	1.487	-16959.146
943	16	500	499	0.5107	0.261	0.251	0.307	0.281	0.308	0.340	0.285	0.293	0.323	0.249	0.258	0.292	0.239	0.296	0.296	0.255	0.324	0.270	0.350	0.272	0.313	0.342	0.283	0.270	0.281	0.293	0.299	0.298	0.311	0.280	2.121	0.639	0.318	0.217	1.000	-16670.789
944	16	500	496	0.5162	0.284	0.242	0.309	0.227	0.290	0.258	0.293	0.302	0.245	0.341	0.300	0.297	0.308	0.274	0.315	0.280	0.268	0.282	0.317	0.266	0.326	0.292	0.305	0.255	0.372	0.265	0.275	0.356	0.298	0.298	1.882	0.646	0.311	0.194	2.271	-16507.509
945	16	500	500	0.5097	0.289	0.325	0.260	0.297	0.242	0.301	0.312	0.273	0.302	0.285	0.311	0.315	0.308	0.315	0.390	0.289	0.330	0.354	0.283	0.294	0.302	0.276	0.311	0.246	0.349	0.286	0.315	0.285	0.310	0.288	2.005	0.520	0.319	0.194	1.000	-16912.514
946	16	500	500	0.5079	0.249	0.331	0.251	0.281	0.310	0.371	0.304	0.313	0.331	0.261	0.347	0.215	0.299	0.310	0.313	0.221	0.332	0.315	0.313	0.285	0.279	0.331	0.278	0.303	0.310	0.259	0.344	0.274	0.304	0.306	1.996	0.621	0.350	0.195	1.000	-16841.402
947	16	500	500	0.5085	0.314	0.364	0.303	0.281	0.264	0.341	0.281	0.279	0.326	0.349	0.265	0.286	0.287	0.314	0.283	0.278	0.259	0.323	0.239	0.307	0.341	0.259	0.252	0.328	0.244	0.351	0.280	0.225	0.288	0.256	1.935	0.570	0.262	0.200	1.510	-16512.111
948	16	500	500	0.5208	0.319	0.243	0.295	0.329	0.246	0.247	0.323	0.311	0.317	0.285	0.273	0.305	0.304	0.281	0.262	0.260	0.381	0.331	0.350	0.300	0.241	0.349	0.345	0.336	0.242	0.304	0.281	0.311	0.256	0.322	1.863	0.580	0.269	0.201	1.000	-16768.961
949	16	500	499	0.5231	0.272	0.269	0.299	0.231	0.332	0.330	0.326	0.309	0.298	0.312	0.315	0.270	0.261	0.333	0.253	0.295	0.340	0.315	0.316	0.279	0.355	0.267	0.296	0.319	0.281	0.302	0.284	0.270	0.292	0.338	1.924	0.448	0.246	0.184	1.074	-16812.592
950	16	500	500	0.5206	0.350	0.311	0.320	0.266	0.307	0.306	0.285	0.284	0.303	0.279	0.284	0.357	0.308	0.324	0.280	0.333	0.282	0.242	0.314	0.241	0.320	0.299	0.351	0.339	0.315	0.326	0.327	0.312	0.263	0.333	1.940	0.529	0.282	0.199	1.000	-17061.447
951	16	500	500	0.4993	0.315	0.256	0.318	2.223	0.304	0.312	0.307	0.292	0.372	0.260	0.306	0.295	0.292	0.302	0.272	0.316	0.300	0.211	0.306	0.346	0.366	0.317	0.239	0.358	0.290	0.345	0.250	0.286	0.330	0.262	1.970	0.646	0.349	0.212	999.000	-16790.850
952	16	500	500	0.5155	0.624	0.308	0.417	0.124	0.408	0.308	0.259	0.300	0.275	0.332	0.250	0.347	0.232	0.319	0.336	0.000	0.279	0.250	0.311	0.324	0.266	0.344	0.298	0.340	0.293	0.260	0.348	0.276	0.332	0.334	2.091	0.250	0.127	0.198	500.354	-16869.834
953	16	500	499	0.5148	0.191	0.268	0.372	0.266	0.305	0.297	0.277	0.345	0.318	0.267	0.318	0.274	0.244	0.299	0.261	0.372	0.371	0.332	0.324	0.276	0.210	0.287	0.356	0.256	0.283	0.335	0.304	0.325	0.218	0.372	2.106	0.547	0.317	0.190	1.916	-16767.121
954	16	500	500	0.5056	0.312	0.307	0.240	0.315	0.275	0.340	0.293	0.298	0.342	0.330	0.377	0.293	0.268	0.300	0.309	0.286	0.259	0.305	0.369	0.355	0.275	0.271	0.284	0.262	0.404	0.281	0.355	0.234	0.371	0.290	2.060	0.577	0.327	0.190	1.000	-16928.081
955	16	500	500	0.5260	0.364	0.267	0.296	0.308	0.238	0.318	0.268	0.298	0.357	0.289	0.277	0.354	0.250	0.246	0.305	0.383	0.357	0.236	0.311	0.328	0.266	0.326	0.319	0.253	0.339	0.248	0.332	0.256	0.312	0.332	1.943	0.496	0.260	0.196	1.000	-16825.877
956	16	500	500	0.5186	0.302	0.255	0.267	0.286	0.353	0.275	0.244	0.256	0.250	0.251	0.281	0.221	0.345	0.309	0.293	0.275	0.237	0.375	0.296	0.325	0.266	0.251	0.295	0.371	0.295	0.280	0.290	0.322	0.303	0.289	2.047	0.496	0.231	0.202	1.263	-16467.775
957	16	500	499	0.5066	0.281	0.294	0.238	0.292	0.335	0.347	0.314	0.355	0.314	0.329	0.300	0.284	0.261	0.324	0.285	0.310	0.329	0.328	0.329	0.307	0.321	0.261	0.280	0.269	0.315	0.297	0.306	0.200	0.263	0.294	1.972	0.637	0.303	0.211	2.122	-16776.518
958	16	500	499	0.5109	0.308	0.355	0.283	0.320	0.310	0.289	0.269	0.248	0.285	0.237	0.270	0.286	0.328	0.300	0.352	0.291	0.297	0.288	0.259	0.261	0.317	0.261	0.355	0.184	0.259	0.342	0.303	0.250	0.291	0.282	2.152	0.678	0.294	0.186	5.297	-16226.927
959	16	500	500	0.5130	0.310	0.363	0.271	0.339	0.250	0.287	0.326	0.323	0.348	0.260	0.310	0.284	0.346	0.263	0.355	0.300	0.345	0.313	0.209	0.300	0.303	0.320	0.243	0.318	0.417	0.334	0.269	0.260	0.349	0.333	2.065	0.608	0.338	0.197	2.258	-16969.323
960	16	500	500	0.5098	0.337	0.317	0.343	0.272	0.278	0.252	0.263	0.264	0.233	0.245	0.302	0.312	0.294	0.282	0.321	0.260	0.281	0.254	0.243	0.286	0.356	0.294	0.300	0.328	0.248	0.274	0.322	0.285	0.295	0.291	1.911	0.616	0.267	0.199	4.500	-16475.061
961	16	500	498	0.4890	0.276	0.263	0.281	0.319	0.308	0.303	0.280	0.271	0.318	0.312	0.266	0.303	0.294	0.368	0.295	0.276	0.334	0.381	0.283	0.300	0.261	0.278	0.321	0.290	0.288	0.296	0.322	0.265	0.351	0.334	2.010	0.615	0.305	0.199	1.000	-16861.836
962	16	500	500	0.5110	0.379	0.334	0.251	0.323	0.343	0.328	0.383	0.276	0.308	0.341	0.275	0.273	0.284	0.292	0.296	0.313	0.380	0.332	0.294	0.329	0.268	0.318	0.327	0.300	0.290	0.259	0.341	0.237	0.298	0.325	2.013	0.650	0.330	0.200	4.507	-16960.575
963	16	500	500	0.4985	0.315	0.291	0.260	0.275	0.282	0.275	0.349	0.345	0.298	0.306	0.269	0.302	0.304	0.288	0.269	0.320	0.393	0.263	0.259	0.244	0.337	0.265	0.367	0.331	0.380	0.330	0.239	0.294	0.353	0.310	2.126	0.518	0.284	0.184	1.000	-16773.196
964	16	500	500	0.5217	0.290	0.317	0.269	0.320	0.330	0.310	0.289	0.293	0.285	0.316	0.242	0.322	0.276	0.317	0.320	0.272	0.336	0.280	0.311	0.284	0.307	0.330	0.312	0.253	0.318	0.293	0.238	0.301	0.296	0.298	2.049	0.490	0.256	0.198	1.000	-16756.434
965	16	500	499	0.5299	0.246	0.213	0.314	0.300	0.277	0.358	0.277	0.284	0.254	0.300	0.320	0.328	0.386	0.271	0.267	0.224	0.299	0.370	0.333	0.305	0.222	0.318	0.308	0.387	0.282	0.330	0.291	0.244	0.270	0.313	2.016	0.547	0.290	0.199	1.234	-16761.059
966	16	500	500	0.5073	0.296	0.211	0.270	0.301	0.298	0.320	0.324	0.294	0.306	0.373	0.299	0.228	0.236	0.292	0.327	0.299	0.306	0.317	0.278	0.331	0.292	0.295	0.276	0.321	0.302	0.274	0.307	0.230	0.349	0.313	2.046	0.518	0.256	0.195	1.000	-16570.310
967	16	500	498	0.5095	0.298	0.336	0.254	0.319	0.279	0.331	0.279	0.283	0.344	0.356	0.252	0.299	0.234	0.349	0.275	0.332	0.219	0.277	0.302	0.262	0.291	0.336	0.323	0.349	0.345	0.288	0.273	0.228	0.313	0.263	2.119	0.629	0.293	0.215	2.364	-16771.435
968	16	500	500	0.5084	0.323	0.307	0.300	0.241	0.296	0.314	0.287	0.332	0.215	0.334	0.260	0.345	0.223	0.312	0.287	0.290	0.260	0.280	0.249	0.257	0.378	0.279	0.281	0.372	0.294	0.291	0.287	0.296	0.279	0.279	1.879	0.547	0.261	0.195	1.000	-16507.980
969	16	500	500	0.5151	0.269	0.261	0.320	0.342	0.308	0.328	0.324	0.254	0.261	0.306	0.285	0.266	0.315	0.304	0.287	0.286	0.355	0.338	0.304	0.295	0.317	0.287	0.338	0.281	0.388	0.271	0.324	0.360	0.315	0.313	1.972	0.595	0.304	0.194	1.000	-17056.084
970	16	500	500	0.4988	0.359	0.180	0.313	0.305	0.337	0.320	0.266	0.342	0.358	0.290	0.321	0.360	0.352	0.301	0.367	0.308	0.339	0.312	0.295	0.299	0.299	0.269	0.372	0.293	0.317	0.339	0.276	0.258	0.287	0.316	2.100	0.545	0.327	0.190	1.519	-17097.888
971	16	500	500	0.5201	0.332	0.313	0.290	0.280	0.297	0.288	0.298	0.291	0.253	0.303	0.308	0.337	0.327	0.344	0.314	0.303	0.283	0.350	0.286	0.339	0.274	0.303	0.367	0.409	0.245	0.330	0.332	0.208	0.315	0.293	1.971	0.529	0.375	0.198	3.439	-17288.416
972	16	500	499	0.4885	0.252	0.309	0.299	0.384	0.314	0.282	0.290	0.305	0.325	0.338	0.314	0.300	0.332	0.239	0.360	0.282	0.241	0.261	0.308	0.287	0.393	0.301	0.239	0.298	0.317	0.290	0.251	0.320	0.292	0.277	1.969	0.632	0.333	0.188	5.821	-16692.256
973	16	500	500	0.5054	0.251	0.269	0.328	0.277	0.302	0.361	0.310	0.301	0.320	0.253	0.221	0.322	0.362	0.264	0.351	0.263	0.243	0.331	0.320	0.258	0.257	0.303	0.285	0.307	0.286	0.287	0.324	0.242	0.295	0.296	2.102	0.566	0.306	0.200	1.988	-16671.360
974	16	500	500	0.4984	0.267	0.294	0.327	0.322	0.289	0.307	0.306	0.340	0.289	0.357	0.275	0.258	0.300	0.282	0.251	0.210	0.274	0.268	0.373	0.309	0.246	0.307	0.316	0.317	0.250	0.331	0.329	0.244	0.263	0.277	1.904	0.612	0.319	0.201	2.576	-16762.215
975	16	500	500	0.5061	0.249	0.329	0.367	0.293	0.344	0.272	0.308	0.308	0.274	0.283	0.303	0.275	0.279	0.292	0.275	0.282	0.332	0.212	0.263	0.306	0.288	0.339	0.280	0.292	0.327	0.352	0.310	0.282	0.305	0.347	1.954	0.541	0.232	0.206	2.170	-16829.845
976	16	500	499	0.5191	0.286	0.305	0.336	0.307	0.325	0.282	0.294	0.285	0.337	0.260	0.358	0.330	0.303	0.331	0.316	0.297	0.349	0.345	0.273	0.313	0.286	0.291	0.293	0.302	0.282	0.303	0.283	0.408	0.246	0.317	1.881	0.610	0.324	0.187	1.119	-16955.949
977	16	500	500	0.4913	0.344	0.276	0.310	0.261	0.270	0.378	0.302	0.322	0.352	0.288	0.228	0.336	0.367	0.259	0.356	0.282	0.323	0.246	0.314	0.260	0.303	0.322	0.252	0.197	0.277	0.298	0.308	0.253	0.257	0.274	1.897	0.676	0.293	0.205	1.000	-16507.549
978	16	500	500	0.5277	0.304	0.293	0.281	0.311	0.285	0.422	0.275	0.319	0.358	0.253	0.278	0.311	0.285	0.333	0.296	0.249	0.282	0.255	0.323	0.328	0.351	0.278	0.325	0.360	0.259	0.336	0.307	0.370	0.286	0.280	2.057	0.585	0.318	0.200	2.422	-17010.160
979	16	500	500	0.5062	0.258	0.298	0.225	0.245	0.326	0.304	0.272	0.372	0.318	0.294	0.337	0.304	0.275	0.272	0.330	0.306	0.310	0.276	0.278	0.274	0.303	0.284	0.267	0.360	0.270	0.316	0.381	0.257	0.312	0.289	2.050	0.519	0.258	0.202	1.000	-16652.222
980	16	500	500	0.5092	0.273	0.295	0.248	0.306	0.305	0.326	0.303	0.350	0.330	0.338	0.278	0.297	0.316	0.315	0.303	0.346	0.271	0.379	0.297	0.276	0.303	0.331	0.307	0.363	0.298	0.280	0.289	0.312	0.320	0.264	1.998	0.667	0.316	0.194	3.141	-16828.777
981	16	500	500	0.5120	0.300	0.278	0.297	0.349	0.318	0.299	0.304	0.290	0.308	0.332	0.300	0.251	0.294	0.339	0.299	0.275	0.435	0.335	0.343	0.317	0.327	0.355	0.304	0.267	0.338	0.350	0.283	0.308	0.344	0.344	2.063	0.626	0.338	0.201	3.076	-17326.515
982	16	500	500	0.5080	0.246	0.284	0.314	0.327	0.317	0.247	0.316	0.307	0.317	0.261	0.356	0.279	0.293	0.311	0.362	0.322	0.331	0.276	0.335	0.348	0.228	0.348	0.281	0.291	0.237	0.317	0.307	0.294	0.283	0.336	2.069	0.585	0.333	0.206	1.829	-17033.880
983	16	500	500	0.5100	0.268	0.290	0.318	0.296	0.321	0.265	0.323	0.267	0.345	0.362	0.321	0.287	0.282	0.382	0.338	0.278	0.317	0.336	0.258	0.303	0.270	0.317	0.305	0.242	0.269	0.222	0.280	0.376	0.276	0.287	1.967	0.626	0.323	0.204	2.499	-16728.557
984	16	500	500	0.5098	0.293	0.300	0.224	0.310	0.263	0.298	0.251	0.272	0.222	0.360	0.274	0.257	0.306	0.283	0.306	0.286	0.232	0.316	0.250	0.339	0.362	0.314	0.282	0.293	0.344	0.313	0.284	0.312	0.316	0.285	2.018	0.667	0.319	0.209	3.380	-16554.212
985	16	500	500	0.5250	0.284	0.266	0.347	0.316	0.263	0.290	0.326	0.246	0.282	0.267	0.309	0.260	0.270	0.276	0.305	0.290	0.327	0.309	0.276	0.317	0.250	0.358	0.284	0.275	0.245	0.297	0.327	0.301	0.295	0.292	2.043	0.513	0.239	0.189	1.000	-16519.186
986	16	500	499	0.5153	0.342	0.197	0.343	0.235	0.356	0.359	0.294	0.329	0.287	0.322	0.319	0.274	0.266	0.278	0.287	0.299	0.335	0.289	0.343	0.257	0.225	0.353	0.284	0.358	0.248	0.285	0.260	0.257	0.327	0.268	2.097	0.617	0.292	0.191	1.854	-16570.794
987	16	500	500	0.5110	0.285	0.214	0.301	0.286	0.290	0.270	0.279	0.295	0.293	0.298	0.235	0.294	0.363	0.303	0.254	0.302	0.251	0.242	0.293	0.289	0.248	0.265	0.241	0.262	0.256	0.307	0.296	0.249	0.308	0.306	1.908	0.657	0.270	0.196	2.138	-16160.667
988	16	500	500	0.5170	0.309	0.352	0.294	0.296	0.317	0.329	0.231	0.338	0.339	0.301	0.311	0.357	0.325	0.290	0.315	0.258	0.243	0.315	0.280	0.262	0.342	0.305	0.369	0.333	0.328	0.307	0.316	0.301	0.333	0.331	2.008	0.634	0.349	0.189	1.000	-17080.798
989	16	500	500	0.5026	0.284	0.252	0.306	0.273	0.287	0.306	0.284	0.321	0.312	0.346	0.252	0.281	0.307	0.293	0.321	0.266	0.303	0.338	0.262	0.358	0.333	0.287	0.272	0.270	0.280	0.397	0.270	0.268	0.296	0.270	2.072	0.643	0.286	0.194	4.312	-16575.820
990	16	500	500	0.5005	0.320	0.310	0.274	0.315	0.314	0.333	0.328	0.248	0.280	0.206	0.342	0.271	0.343	0.258	0.318	0.339	0.228	0.274	0.286	0.291	0.271	0.288	0.274	0.318	0.291	0.266	0.253	0.269	0.296	0.291	2.064	0.660	0.294	0.191	4.787	-16359.187
991	16	500	500	0.5167	0.274	0.336	0.252	1.651	0.346	0.322	0.403	0.289	0.306	0.344	0.225	0.309	0.340	0.307	0.288	0.252	0.317	0.262	0.327	0.323	0.311	0.278	0.304	0.289	0.301	0.292	0.307	0.283	0.265	0.262	2.158	0.682	0.315	0.202	999.000	-16662.523
992	16	500	500	0.5115	0.273	0.293	0.292	2.762	0.294	0.281	0.247	0.315	0.355	0.317	0.275	0.325	0.275	0.295	0.311	0.231	0.372	0.215	0.279	0.329	0.384	0.297	0.300	0.314	0.282	0.255	0.273	0.325	0.285	0.332	2.029	0.676	0.315	0.214	950.520	-16823.429
993	16	500	500	0.5134	0.215	0.302	0.249	0.122	0.421	0.334	0.313	0.280	0.317	0.346	0.312	0.286	0.312	0.333	0.285	0.348	0.359	0.312	0.259	0.304	0.315	0.276	0.359	0.251	0.338	0.274	0.301	0.254	0.318	0.304	2.006	0.370	0.179	0.207	860.003	-16789.431
994	16	500	500	0.5249	0.293	0.294	0.367	0.169	0.453	0.229	0.334	0.288	0.280	0.263	0.284	0.337	0.281	0.296	0.347	0.295	0.348	0.332	0.289	0.294	0.283	0.284	0.341	0.230	0.293	0.292	0.255	0.342	0.246	0.336	2.049	0.560	0.289	0.177	856.496	-16636.329
995	16	500	500	0.5108	0.265	0.338	0.464	0.136	0.450	0.264	0.334	0.290	0.315	0.310	0.345	0.320	0.297	0.298	0.310	0.358	0.298	0.321	0.311	0.364	0.220	0.301	0.265	0.344	0.314	0.272	0.327	0.249	0.270	0.333	2.039	0.495	0.251	0.193	858.190	-16923.795
996	16	500	500	0.5153	0.250	0.293	0.534	0.118	0.472	0.302	0.282	0.324	0.264	0.278	0.318	0.293	0.370	0.269	0.266	0.302	0.298	0.253	0.292	0.327	0.313	0.295	0.339	0.268	0.318	0.273	0.310	0.299	0.273	0.322	1.912	0.000	0.000	0.187	857.614	-16784.095
997	16	500	499	0.5160	0.324	0.288	0.270	0.417	0.303	0.362	0.385	0.330	0.319	0.298	0.309	0.369	0.304	0.334	0.291	0.326	0.288	0.234	0.384	0.374	0.344	0.321	0.321	0.279	0.271	0.325	0.304	0.279	0.292	0.297	2.039	0.609	0.379	0.190	26.781	-17298.810
998	16	500	500	0.5271	0.295	0.234	0.254	2.999	0.304	0.267	0.241	0.351	0.294	0.262	0.295	0.238	0.263	0.325	0.276	0.307	0.201	0.315	0.300	0.326	0.271	0.253	0.263	0.276	0.309	0.299	0.287	0.247	0.314	0.300	2.168	0.686	0.306	0.198	998.999	-16261.251
999	16	500	500	0.5191	0.491	0.314	0.310	0.299	0.318	0.254	0.353	0.317	0.260	0.336	0.260	0.352	0.312	0.263	0.322	0.005	0.310	0.276	0.257	0.228	0.317	0.343	0.273	0.326	0.299	0.289	0.287	0.284	0.274	0.290	2.053	0.636	0.273	0.195	1.465	-16516.497
1000	16	500	500	0.5117	0.301	0.302	0.299	0.299	0.258	0.331	0.300	0.273	0.318	0.258	0.310	0.281	0.315	0.269	0.315	0.368	0.258	0.309	0.316	0.249	0.295	0.345	0.292	0.283	0.247	0.229	0.350	0.305	0.290	0.298	1.979	0.611	0.297	0.201	2.995	-16634.845
