"","x"
"1",-8846.568
"2",-9024.105
"3",-9101.495
"4",-8867.642
"5",-8859.517
"6",-8649.77
"7",-8879.665
"8",-8800.118
"9",-9108.48
"10",-8996.989
"11",-8836.148
"12",-9084.937
"13",-8983.326
"14",-9170.315
"15",-8867.739
"16",-8683.811
"17",-9048.546
"18",-8978.686
"19",-9035.389
"20",-8902.359
"21",-8941.523
"22",-8960.504
"23",-8893.935
"24",-8865.335
"25",-8834.892
"26",-8771.823
"27",-8898.186
"28",-9005.549
"29",-9024.895
"30",-8702.819
"31",-9166.628
"32",-8699.276
"33",-9142.778
"34",-9030.551
"35",-8898.807
"36",-8936.686
"37",-8689.426
"38",-9004.368
"39",-8989.409
"40",-9009.091
"41",-9171.898
"42",-9030.553
"43",-8719.821
"44",-8673.517
"45",-9110.75
"46",-8936.709
"47",-9001.227
"48",-8802.519
"49",-8985.744
"50",-8919.177
"51",-8842.226
"52",-9112.757
"53",-8736.147
"54",-8919.578
"55",-8912.731
"56",-8986
"57",-8965.539
"58",-8846.302
"59",-8912.087
"60",-8612.492
"61",-9009.603
"62",-8798.439
"63",-9116.965
"64",-8920.785
"65",-9092.387
"66",-9082.366
"67",-8597.401
"68",-8790.443
"69",-8789.344
"70",-9095.316
"71",-8895.31
"72",-8724.021
"73",-8766.204
"74",-8901.329
"75",-9014.162
"76",-9209.287
"77",-8996.975
"78",-8717.168
"79",-8783.028
"80",-9006.693
"81",-8831.186
"82",-8901.904
"83",-8880.751
"84",-8700.616
"85",-8906.34
"86",-8797.276
"87",-8821.347
"88",-8937.09
"89",-9080.172
"90",-8818.232
"91",-9167.132
"92",-8886.96
"93",-8868.096
"94",-8606.018
"95",-8910.098
"96",-9044.854
"97",-9087.172
"98",-8861.268
"99",-8605.466
"100",-8966.077
"101",-8768.833
"102",-8881
"103",-9126.571
"104",-9069.687
"105",-8843.933
"106",-8744.665
"107",-8939.987
"108",-8858.703
"109",-9036.753
"110",-8959.642
"111",-9001.683
"112",-8838.696
"113",-9097.539
"114",-8864.097
"115",-8916.519
"116",-9029.401
"117",-8892.117
"118",-8987.746
"119",-9213.329
"120",-8879.416
"121",-9156.787
"122",-8706.553
"123",-8911.986
"124",-8816.751
"125",-8753.211
"126",-8936.359
"127",-8758.5
"128",-8679.912
"129",-8945.561
"130",-9011.967
"131",-9047.301
"132",-8608.724
"133",-8827.461
"134",-9028.228
"135",-9103.41
"136",-8671.124
"137",-8951.903
"138",-8977.478
"139",-8902.709
"140",-8803.71
"141",-8855.535
"142",-8906.086
"143",-8924.51
"144",-8855.117
"145",-9158.505
"146",-9081.963
"147",-8818.711
"148",-8809.178
"149",-8917.558
"150",-8736.636
"151",-9024.82
"152",-8827.648
"153",-9155.345
"154",-8847.771
"155",-8920.124
"156",-8848.497
"157",-8873.037
"158",-8872.691
"159",-8612.681
"160",-9069.415
"161",-8603.013
"162",-9161.971
"163",-8729.084
"164",-8715.993
"165",-9046.41
"166",-9173.701
"167",-8890.586
"168",-8648.839
"169",-8937.629
"170",-8696.199
"171",-9138.779
"172",-9002.306
"173",-8886.076
"174",-8929.632
"175",-8923.159
"176",-8845.146
"177",-9046.635
"178",-8757.757
"179",-9095.971
"180",-9203.626
"181",-8789.915
"182",-8831.468
"183",-8686.443
"184",-9109.164
"185",-8987.73
"186",-9018.297
"187",-9034.721
"188",-8897.713
"189",-9176.31
"190",-9007.568
"191",-8987.794
"192",-8928.933
"193",-8778.463
"194",-9052.088
"195",-9181.754
"196",-8762.789
"197",-8913.718
"198",-8727.531
"199",-8882.536
"200",-8786.157
"201",-8955.889
"202",-8744.755
"203",-8906.165
"204",-9004.927
"205",-9059.506
"206",-8610.925
"207",-8794.318
"208",-8851.477
"209",-9070.355
"210",-8719.078
"211",-9177.026
"212",-8952.597
"213",-8905.885
"214",-8711.993
"215",-8980.331
"216",-8819.877
"217",-9106.457
"218",-9001.559
"219",-8833.18
"220",-8976.515
"221",-8887.75
"222",-9047.8
"223",-8945.141
"224",-8879.708
"225",-9128.628
"226",-8722.476
"227",-9168.135
"228",-8640.799
"229",-9032.544
"230",-8743.722
"231",-9022.822
"232",-8921.089
"233",-9129.162
"234",-8755.214
"235",-8931.144
"236",-8625.794
"237",-8927.105
"238",-8880.583
"239",-9017.253
"240",-8787.15
"241",-8934.953
"242",-8928.671
"243",-8693.472
"244",-8774.543
"245",-8998.696
"246",-9166.622
"247",-8652.563
"248",-8989.013
"249",-8999.604
"250",-8799.029
"251",-8943.816
"252",-8933.428
"253",-8815.577
"254",-8637.783
"255",-8958.218
"256",-9106.074
"257",-8794.551
"258",-9182.86
"259",-8949.378
"260",-8954.485
"261",-8943.159
"262",-8798.029
"263",-8672.194
"264",-8668.56
"265",-8822.634
"266",-8679.072
"267",-8909.604
"268",-8949.483
"269",-9055.077
"270",-8907.792
"271",-8939.946
"272",-9207.888
"273",-9021.951
"274",-9163.163
"275",-8847.818
"276",-9158.259
"277",-8776.461
"278",-9020.377
"279",-8882.05
"280",-9089.447
"281",-8622.101
"282",-8893.577
"283",-8775.308
"284",-8859.443
"285",-9122.715
"286",-8792.926
"287",-8636.601
"288",-8492.498
"289",-8719.286
"290",-9102.945
"291",-8914.504
"292",-8587.532
"293",-9054.708
"294",-9049.134
"295",-9065.827
"296",-9063.552
"297",-8557.192
"298",-8830.998
"299",-8846.763
"300",-8741.332
"301",-8628.014
"302",-8760.733
"303",-9114.491
"304",-8836.065
"305",-8898.961
"306",-8921.318
"307",-8881.382
"308",-9102.619
"309",-8719.587
"310",-8846.609
"311",-8780.203
"312",-8768.839
"313",-8993.258
"314",-8972.706
"315",-8878.975
"316",-9082.851
"317",-8932.718
"318",-8858.511
"319",-9090.978
"320",-9015.765
"321",-8690.963
"322",-8747.333
"323",-8906.564
"324",-8892.667
"325",-8927.838
"326",-8847.623
"327",-9010.031
"328",-9022.964
"329",-8819.959
"330",-8906.501
"331",-8959.438
"332",-8835.674
"333",-8838.921
"334",-8937.114
"335",-8955.745
"336",-8905.155
"337",-9100.551
"338",-8895.62
"339",-8750.875
"340",-9160.92
"341",-8927.955
"342",-8695.368
"343",-8816.328
"344",-8765.058
"345",-8814.988
"346",-8890.861
"347",-9029.633
"348",-9095.354
"349",-9247.667
"350",-9064.542
"351",-8848.554
"352",-8892.368
"353",-8996.341
"354",-8899.365
"355",-9022.968
"356",-8947.24
"357",-8820.272
"358",-8592.983
"359",-8910.973
"360",-8993.233
"361",-8736.413
"362",-8862.667
"363",-8989.066
"364",-9155.845
"365",-8861.414
"366",-8918.459
"367",-9132.9
"368",-8625.352
"369",-8884.648
"370",-8835.73
"371",-8824.731
"372",-8918.594
"373",-8862.495
"374",-8817.795
"375",-8865.866
"376",-8736.601
"377",-9054.89
"378",-9231.337
"379",-9144.107
"380",-8824.964
"381",-8835.338
"382",-8704.543
"383",-8916.549
"384",-8805.027
"385",-8927.59
"386",-8961.114
"387",-8955.232
"388",-8749.575
"389",-9043.721
"390",-9028.715
"391",-9167.913
"392",-9181.549
"393",-8859.825
"394",-8867.026
"395",-8944.942
"396",-9006.375
"397",-9097.992
"398",-8889.489
"399",-8998.777
"400",-8900.53
"401",-9116.396
"402",-9152.664
"403",-9041.621
"404",-9033.704
"405",-8720.211
"406",-8980.278
"407",-9132.937
"408",-9086.386
"409",-8582.499
"410",-9112.173
"411",-9010.38
"412",-9099.278
"413",-8727.614
"414",-8913.394
"415",-9019.56
"416",-8835.149
"417",-8665.672
"418",-9083.327
"419",-9016.796
"420",-8877.311
"421",-8937.759
"422",-9031.839
"423",-8843.112
"424",-8745.328
"425",-8904.299
"426",-9035.387
"427",-8681.629
"428",-9061.645
"429",-8890.657
"430",-9190.782
"431",-8853.799
"432",-8964.011
"433",-9155.932
"434",-9040.614
"435",-9025.932
"436",-8808.27
"437",-8823.56
"438",-8922.485
"439",-8704.444
"440",-8885.03
"441",-9095.303
"442",-8766.931
"443",-9040.386
"444",-9012.092
"445",-8819.206
"446",-8740.947
"447",-8604.036
"448",-8701.494
"449",-8817.215
"450",-8873.654
"451",-9047.563
"452",-8744.388
"453",-9178.157
"454",-8880.398
"455",-8956.487
"456",-8949.915
"457",-8957.409
"458",-9217.815
"459",-8767.144
"460",-9028.211
"461",-8904.643
"462",-8848.733
"463",-9212.77
"464",-8880.673
"465",-8968.407
"466",-9168.66
"467",-8883.429
"468",-8962.504
"469",-9107.464
"470",-8934.623
"471",-8922.197
"472",-8804.116
"473",-8973.903
"474",-8706.573
"475",-9030.671
"476",-8820.125
"477",-8829.716
"478",-9029.622
"479",-8854.442
"480",-9311.756
"481",-8994.57
"482",-8975.117
"483",-8939.386
"484",-8843.562
"485",-8760.053
"486",-9006.771
"487",-9042.954
"488",-8900.187
"489",-8800.694
"490",-8787.142
"491",-8826.827
"492",-8716.449
"493",-8937.016
"494",-8827.371
"495",-8852.385
"496",-9164.288
"497",-8834.338
"498",-8875.077
"499",-9026.25
"500",-8814.997
"501",-8982.687
"502",-9150.718
"503",-8783.026
"504",-8817.096
"505",-8764.745
"506",-8928.982
"507",-9034.19
"508",-8963.845
"509",-8718.858
"510",-9112.42
"511",-8918.198
"512",-8787.211
"513",-8850.628
"514",-8858.184
"515",-8790.012
"516",-8809.687
"517",-8663.062
"518",-9107.735
"519",-8973.395
"520",-8815.116
"521",-9003.205
"522",-9031.513
"523",-8778.07
"524",-8792.941
"525",-8878.639
"526",-9130.197
"527",-8844.601
"528",-8971.333
"529",-9064.001
"530",-9088.879
"531",-8980.998
"532",-8936.017
"533",-8872.295
"534",-8985
"535",-8826.094
"536",-8877.913
"537",-8794.469
"538",-9066.233
"539",-8656.099
"540",-8879.099
"541",-8588.033
"542",-9057.941
"543",-8977.056
"544",-9030.331
"545",-8811.41
"546",-8594.955
"547",-8869.206
"548",-8840.602
"549",-9038.734
"550",-8997.489
"551",-8902.797
"552",-8733.219
"553",-8751.929
"554",-9028.224
"555",-8846.121
"556",-8820.103
"557",-8984.409
"558",-8876.937
"559",-8729.636
"560",-8835.91
"561",-8959.712
"562",-8803.724
"563",-9095.165
"564",-8679.676
"565",-8969.085
"566",-8663.405
"567",-8930.425
"568",-8727.292
"569",-9101.238
"570",-8996.517
"571",-8979.51
"572",-9030.992
"573",-9101.189
"574",-8991.269
"575",-8872.116
"576",-9000.895
"577",-8789.831
"578",-8861.15
"579",-8778.063
"580",-8882.095
"581",-8910.691
"582",-8920.213
"583",-9080.743
"584",-8962.79
"585",-8901.3
"586",-8970.15
"587",-9089.379
"588",-9238.532
"589",-8965.652
"590",-8713.024
"591",-9117.647
"592",-8767.163
"593",-8914.595
"594",-9037.331
"595",-8917.437
"596",-8954.159
"597",-8839.476
"598",-8872.373
"599",-8814.585
"600",-9028.855
"601",-9078.178
"602",-8880.287
"603",-8772.554
"604",-8833.438
"605",-8738.465
"606",-8860.434
"607",-9098.617
"608",-8870.885
"609",-8871.93
"610",-8759.036
"611",-9087.383
"612",-9049.104
"613",-8874.758
"614",-8844.133
"615",-8849.463
"616",-8993.296
"617",-8917.108
"618",-8699.885
"619",-8923.851
"620",-8877.422
"621",-9030.591
"622",-8888.379
"623",-8923.275
"624",-9175.442
"625",-9032.02
"626",-9169.625
"627",-8950.616
"628",-8980.401
"629",-9024.802
"630",-8899.161
"631",-8600.12
"632",-8909.07
"633",-8682.752
"634",-8775.339
"635",-8762.404
"636",-8982.967
"637",-8962.112
"638",-8843.784
"639",-8872.082
"640",-8816.707
"641",-8939.413
"642",-8783.119
"643",-9109.823
"644",-8860.293
"645",-8906.729
"646",-9098.425
"647",-8926.652
"648",-8929.014
"649",-9193.116
"650",-8559.828
"651",-8908.816
"652",-8750.914
"653",-8537.485
"654",-9132.704
"655",-8918.07
"656",-9201.303
"657",-8982.142
"658",-9136.701
"659",-8703.79
"660",-8947.988
"661",-9093.824
"662",-8767.577
"663",-8924.82
"664",-8790.609
"665",-8968.305
"666",-8684.539
"667",-9117.763
"668",-8886.71
"669",-8978.143
"670",-9130.311
"671",-8948.417
"672",-8781.674
"673",-8750.73
"674",-9088.752
"675",-9094.037
"676",-8586.801
"677",-8941.399
"678",-8843.688
"679",-8689.348
"680",-9112.993
"681",-8830.833
"682",-8955.223
"683",-9014.596
"684",-9039.373
"685",-9021.471
"686",-9182.021
"687",-8879.393
"688",-8977.894
"689",-8788.79
"690",-9051.628
"691",-8756.502
"692",-8868.589
"693",-9052.201
"694",-8951.89
"695",-9005.143
"696",-9043.592
"697",-8728.716
"698",-9019.798
"699",-9019.705
"700",-8997.269
"701",-9092.577
"702",-9155.481
"703",-9047.802
"704",-9008.546
"705",-8902.941
"706",-8780.051
"707",-8946.185
"708",-8940.169
"709",-8897.669
"710",-8737.255
"711",-9034.364
"712",-8769.275
"713",-8965.69
"714",-8980.812
"715",-8905.818
"716",-8776.112
"717",-8953.578
"718",-9053.246
"719",-8924.091
"720",-8953.624
"721",-9092.643
"722",-8912.763
"723",-8635.454
"724",-9030.273
"725",-8876.524
"726",-9015.296
"727",-8690.042
"728",-8895.659
"729",-9084.511
"730",-9064.392
"731",-8645.918
"732",-8631.718
"733",-8772.593
"734",-8966.751
"735",-9038.852
"736",-9051.799
"737",-8860.447
"738",-8880.714
"739",-9034.494
"740",-8628.607
"741",-8960.152
"742",-8919.081
"743",-8966.791
"744",-8602.787
"745",-9134.189
"746",-8808.533
"747",-9195.164
"748",-8679.355
"749",-8643.043
"750",-9066.6
"751",-8828.912
"752",-8786.85
"753",-8700.288
"754",-8755.196
"755",-8981.649
"756",-8901.095
"757",-8626.731
"758",-8871.89
"759",-8831.492
"760",-8948.646
"761",-8998.398
"762",-9140.231
"763",-9029.146
"764",-9046.156
"765",-8981.368
"766",-8635.229
"767",-8992.006
"768",-8976.329
"769",-8882.768
"770",-8851.073
"771",-8880.416
"772",-8932.371
"773",-8935.226
"774",-8869.481
"775",-8918.53
"776",-9096.049
"777",-8877.32
"778",-9103.718
"779",-8907.118
"780",-8809.726
"781",-8652.696
"782",-8942.036
"783",-8915.884
"784",-8693.757
"785",-8865.137
"786",-8857.692
"787",-8818.594
"788",-8714.236
"789",-9022.397
"790",-8953.625
"791",-8844.575
"792",-8764.903
"793",-8660.859
"794",-9002.574
"795",-8594.686
"796",-8898.688
"797",-9073.072
"798",-8902.001
"799",-9000.624
"800",-8962.228
"801",-8965.585
"802",-8817.801
"803",-8967.266
"804",-8938.868
"805",-9186.314
"806",-8962.277
"807",-9167.539
"808",-8879.558
"809",-8804.926
"810",-9050.27
"811",-9084.884
"812",-8968.5
"813",-8947.337
"814",-8943.11
"815",-8794.908
"816",-9070.672
"817",-8584.684
"818",-9184.411
"819",-8935.21
"820",-9323.91
"821",-9249.196
"822",-8994.553
"823",-8850.651
"824",-8777.212
"825",-8843.798
"826",-8840.619
"827",-9086.574
"828",-8672.725
"829",-8826.789
"830",-8752.996
"831",-8805.176
"832",-8851.683
"833",-9072.845
"834",-8758.313
"835",-8990.359
"836",-9059.098
"837",-8872.74
"838",-8994.129
"839",-9057.24
"840",-8950.804
"841",-9023.932
"842",-8718.545
"843",-9005.862
"844",-9248.31
"845",-8835.739
"846",-8918.202
"847",-8743.536
"848",-8826.659
"849",-9074.475
"850",-8888.93
"851",-8927.883
"852",-8978.376
"853",-9114.186
"854",-8942.823
"855",-9103.247
"856",-8959.768
"857",-8742.849
"858",-8935.15
"859",-8613.666
"860",-9079.162
"861",-8847.423
"862",-8793.657
"863",-8918.336
"864",-8815.305
"865",-8986.963
"866",-8966.178
"867",-8955.819
"868",-8814.591
"869",-8948.13
"870",-8934.508
"871",-9037.292
"872",-8961.709
"873",-8863.882
"874",-8887.376
"875",-9038.526
"876",-8963.761
"877",-8765.008
"878",-9057.445
"879",-8839.643
"880",-8514.273
"881",-9110.588
"882",-8971.215
"883",-9103.307
"884",-8998.47
"885",-8691.995
"886",-9134.987
"887",-9079.156
"888",-8730.176
"889",-9025.63
"890",-8930.726
"891",-9025.837
"892",-8983.155
"893",-8829.546
"894",-9037.37
"895",-8999.488
"896",-8894.302
"897",-8901.165
"898",-8572.317
"899",-9000.577
"900",-9043.671
"901",-8841.359
"902",-8825.438
"903",-8883.708
"904",-8798.572
"905",-8889.587
"906",-9059.91
"907",-9055.93
"908",-9068.419
"909",-8948.253
"910",-8633.128
"911",-9105.391
"912",-8842.91
"913",-8927.138
"914",-9368.275
"915",-9024.806
"916",-9178.552
"917",-8717.197
"918",-9003.588
"919",-8865.107
"920",-8922.417
"921",-8874.512
"922",-8949.047
"923",-8875.007
"924",-9088.125
"925",-8960.903
"926",-8876.282
"927",-8767.065
"928",-8788.904
"929",-8733.78
"930",-9174.402
"931",-8581.608
"932",-9037.617
"933",-8921.89
"934",-9070.029
"935",-8875.07
"936",-8628.617
"937",-9266.38
"938",-8703.729
"939",-8892.362
"940",-8864.497
"941",-9149.375
"942",-9278.336
"943",-8949.185
"944",-9141.77
"945",-8879.85
"946",-8822.714
"947",-8842.848
"948",-8982.219
"949",-9014.601
"950",-8910.424
"951",-8837.538
"952",-8991.476
"953",-8766.478
"954",-9132.328
"955",-9204.213
"956",-8860.265
"957",-8667.204
"958",-8691.384
"959",-8835.817
"960",-9013.211
"961",-9252.285
"962",-9054.039
"963",-8819.03
"964",-8741.073
"965",-8913.75
"966",-8491.544
"967",-8656.519
"968",-8887.707
"969",-8610.204
"970",-9154.621
"971",-8907.536
"972",-8790.279
"973",-8829.787
"974",-8886.546
"975",-8716.312
"976",-8983.569
"977",-9034.593
"978",-8935.882
"979",-8698.245
"980",-8878.597
"981",-8583.983
"982",-8952.657
"983",-8867.522
"984",-8693.302
"985",-8748.142
"986",-9202.001
"987",-8838.44
"988",-9022.712
"989",-8842.008
"990",-8857.703
"991",-8743.912
"992",-9061.796
"993",-9000.476
"994",-8922.659
"995",-8835.5
"996",-9015.827
"997",-9120.909
"998",-8976.972
"999",-8886.085
"1000",-8699.531
"1001",-6832.226
"1002",-6784.637
"1003",-6987.883
"1004",-6761.506
"1005",-6979.353
"1006",-7052.412
"1007",-6970.82
"1008",-6928.718
"1009",-6968.617
"1010",-7015.945
"1011",-6946.941
"1012",-6829.477
"1013",-6866.39
"1014",-6975.313
"1015",-6883.878
"1016",-6898.85
"1017",-6832.361
"1018",-6876.065
"1019",-6979.568
"1020",-6989.251
"1021",-6934.869
"1022",-6834.285
"1023",-6807.816
"1024",-6986.118
"1025",-6823.38
"1026",-7048.43
"1027",-7025.324
"1028",-6903.703
"1029",-6997.406
"1030",-6959.682
"1031",-6794.332
"1032",-6842.06
"1033",-6990.68
"1034",-7073.27
"1035",-6912.803
"1036",-6909.063
"1037",-7005.931
"1038",-6924.066
"1039",-6984.449
"1040",-6806.604
"1041",-6910.018
"1042",-6839.962
"1043",-6957.906
"1044",-6853.408
"1045",-6999.293
"1046",-7117.222
"1047",-6859.391
"1048",-7037.979
"1049",-6916.472
"1050",-6796.628
"1051",-6985.24
"1052",-6912.766
"1053",-6817.69
"1054",-6807.975
"1055",-6889
"1056",-6748.679
"1057",-6812.319
"1058",-6951.998
"1059",-6933.824
"1060",-6897.454
"1061",-6893.198
"1062",-6868.777
"1063",-6701.575
"1064",-6925.107
"1065",-6798.434
"1066",-6969.92
"1067",-7041.409
"1068",-6965.576
"1069",-6958.678
"1070",-6976.37
"1071",-6832.874
"1072",-6980.106
"1073",-6803.954
"1074",-6875.126
"1075",-6910.931
"1076",-7027.662
"1077",-6861.312
"1078",-6923.677
"1079",-6773.274
"1080",-6836.135
"1081",-6897.72
"1082",-6868.109
"1083",-6819.598
"1084",-6966.742
"1085",-6952.831
"1086",-7003.525
"1087",-6946.103
"1088",-6967.04
"1089",-6873.862
"1090",-6769.342
"1091",-6928.254
"1092",-6872.598
"1093",-6792.775
"1094",-6808.423
"1095",-7022.614
"1096",-7026.797
"1097",-6900.076
"1098",-7015.501
"1099",-6970.743
"1100",-6985.092
"1101",-6848.021
"1102",-6989.17
"1103",-6939.042
"1104",-6933.874
"1105",-6807.441
"1106",-6841.072
"1107",-6764.266
"1108",-6824.481
"1109",-6893.3
"1110",-6904.347
"1111",-6940.145
"1112",-6886.775
"1113",-6893.249
"1114",-6917.581
"1115",-6887.149
"1116",-6878.039
"1117",-6927.946
"1118",-6805.794
"1119",-6738.213
"1120",-6746.528
"1121",-6944.772
"1122",-6915.631
"1123",-6947.801
"1124",-6953.064
"1125",-6881.293
"1126",-7008.056
"1127",-6767.265
"1128",-6913.221
"1129",-6833.922
"1130",-6755.452
"1131",-6690.132
"1132",-6966.04
"1133",-7070.941
"1134",-6956.414
"1135",-7007.318
"1136",-6854.43
"1137",-7022.421
"1138",-7000.931
"1139",-6849.972
"1140",-6961.22
"1141",-6846.702
"1142",-6842.491
"1143",-6942.51
"1144",-7107.399
"1145",-6922.869
"1146",-6935.568
"1147",-6959.746
"1148",-6910.254
"1149",-7022.699
"1150",-7075.601
"1151",-6824.485
"1152",-6793.364
"1153",-6898.037
"1154",-7034.601
"1155",-6927.014
"1156",-7164.432
"1157",-7109.296
"1158",-7112.687
"1159",-7040.596
"1160",-6968.952
"1161",-7000.535
"1162",-7083.683
"1163",-6873.33
"1164",-6997.115
"1165",-6999.66
"1166",-6895.403
"1167",-6794.894
"1168",-6901.593
"1169",-6843.258
"1170",-6904.302
"1171",-6846.855
"1172",-7117.656
"1173",-6962.01
"1174",-6957.206
"1175",-6758.325
"1176",-6932.431
"1177",-7033.222
"1178",-6906.981
"1179",-6773.488
"1180",-6934.25
"1181",-6951.04
"1182",-6886.4
"1183",-6973.318
"1184",-6811.515
"1185",-7003.235
"1186",-6812.334
"1187",-6804.099
"1188",-6913.148
"1189",-6905.791
"1190",-7025.881
"1191",-6822.015
"1192",-6869.054
"1193",-6974.17
"1194",-6921.573
"1195",-7140.08
"1196",-7024.45
"1197",-7184.168
"1198",-7028.298
"1199",-7025.035
"1200",-7025.164
"1201",-6992.496
"1202",-6952.739
"1203",-6905.935
"1204",-7128.216
"1205",-6973.283
"1206",-7071.083
"1207",-6970.734
"1208",-6977.832
"1209",-6914.2
"1210",-6889.401
"1211",-6958.618
"1212",-6739.608
"1213",-6930.667
"1214",-6831.23
"1215",-6837.717
"1216",-6885.303
"1217",-6800.254
"1218",-6854.737
"1219",-6800.633
"1220",-6791.724
"1221",-7002.359
"1222",-7113.314
"1223",-6868.103
"1224",-6739.462
"1225",-6927.715
"1226",-7010.972
"1227",-6923.984
"1228",-6749.154
"1229",-6872.396
"1230",-7091.214
"1231",-6890.091
"1232",-6874.959
"1233",-6963.44
"1234",-6930.297
"1235",-6825.117
"1236",-6923.64
"1237",-7057
"1238",-6916.381
"1239",-6930.229
"1240",-6779.803
"1241",-7018.954
"1242",-7035.608
"1243",-6952.447
"1244",-7036.444
"1245",-7001.747
"1246",-6944.189
"1247",-6905.421
"1248",-6868.223
"1249",-6764.396
"1250",-6784.491
"1251",-6900.033
"1252",-6871.189
"1253",-6935.322
"1254",-6891.656
"1255",-6887.175
"1256",-6807.842
"1257",-6796.4
"1258",-6932.662
"1259",-6995.34
"1260",-6952.506
"1261",-6876.147
"1262",-6946.454
"1263",-6868.089
"1264",-7003.759
"1265",-7007.21
"1266",-6943.92
"1267",-7007.048
"1268",-6936.747
"1269",-6863.034
"1270",-6686.237
"1271",-7118.333
"1272",-6896.979
"1273",-6966.281
"1274",-6917.723
"1275",-7057.778
"1276",-6954.912
"1277",-6779.352
"1278",-7069.308
"1279",-6971.371
"1280",-6843.328
"1281",-7043.793
"1282",-6701.155
"1283",-6960.377
"1284",-6806.557
"1285",-6970.801
"1286",-6910.354
"1287",-7100.911
"1288",-6804.973
"1289",-6989.192
"1290",-7001.741
"1291",-6901.973
"1292",-6966.14
"1293",-6907.906
"1294",-6843.866
"1295",-6934.181
"1296",-6792.75
"1297",-6856.187
"1298",-6851.08
"1299",-6822.226
"1300",-6857.379
"1301",-6863.013
"1302",-6841.653
"1303",-6987.753
"1304",-6905.123
"1305",-6929.85
"1306",-6906.987
"1307",-6902.561
"1308",-6811.786
"1309",-6922.656
"1310",-6933.238
"1311",-6960.388
"1312",-6935.582
"1313",-6995.926
"1314",-7197.684
"1315",-6901.912
"1316",-6882.084
"1317",-6913.477
"1318",-6946.76
"1319",-7024.309
"1320",-6913.913
"1321",-7010.899
"1322",-6771.605
"1323",-6956.351
"1324",-6922.405
"1325",-6905.679
"1326",-6980.34
"1327",-7012.205
"1328",-7036.841
"1329",-7009.802
"1330",-7009.289
"1331",-6940.856
"1332",-7020.235
"1333",-6884.873
"1334",-6818.636
"1335",-6822.118
"1336",-7011.631
"1337",-6969.099
"1338",-6749.766
"1339",-7006.209
"1340",-6937.472
"1341",-6961.888
"1342",-6831.95
"1343",-6990.711
"1344",-6787.48
"1345",-7040.585
"1346",-7009.455
"1347",-6942.332
"1348",-7040.767
"1349",-6852.224
"1350",-6829.472
"1351",-6809.338
"1352",-6987.91
"1353",-6938.829
"1354",-7003.173
"1355",-6728.698
"1356",-6815.315
"1357",-6823.876
"1358",-6910.99
"1359",-7049.206
"1360",-6955.088
"1361",-6836.561
"1362",-6859.728
"1363",-6932.437
"1364",-6989.312
"1365",-6874.625
"1366",-7032.799
"1367",-7002.718
"1368",-6830.753
"1369",-7083.722
"1370",-7046.895
"1371",-6817.111
"1372",-6975.443
"1373",-6873.672
"1374",-6882.701
"1375",-7033.242
"1376",-7088.798
"1377",-6939.936
"1378",-6901.528
"1379",-7152.043
"1380",-6933.679
"1381",-6692.554
"1382",-6810.897
"1383",-6844.735
"1384",-6833.723
"1385",-7004.402
"1386",-6909.329
"1387",-6960.069
"1388",-6822.93
"1389",-6961.226
"1390",-6915.939
"1391",-7163.677
"1392",-6986.522
"1393",-7038.524
"1394",-6868.893
"1395",-6878.537
"1396",-7003.41
"1397",-6895.212
"1398",-6845.175
"1399",-6948.479
"1400",-6711.797
"1401",-6810.977
"1402",-6836.794
"1403",-6960.192
"1404",-6989.42
"1405",-6945.853
"1406",-7172.859
"1407",-6898.214
"1408",-6720.537
"1409",-7000.124
"1410",-6970.816
"1411",-6703.274
"1412",-6839.405
"1413",-6884.71
"1414",-6960.046
"1415",-6973.347
"1416",-6965.982
"1417",-6778.345
"1418",-7084.527
"1419",-6993.64
"1420",-6927.652
"1421",-6892.939
"1422",-6845.873
"1423",-6750.417
"1424",-6727.001
"1425",-6809.123
"1426",-6839.41
"1427",-6814.123
"1428",-6981.183
"1429",-7034.318
"1430",-6889.952
"1431",-6823.381
"1432",-7112.376
"1433",-6858.957
"1434",-7009.781
"1435",-6911.414
"1436",-7006.512
"1437",-6970.624
"1438",-6905.241
"1439",-7035.234
"1440",-6896.389
"1441",-6971.121
"1442",-7077.977
"1443",-6869.357
"1444",-6844.385
"1445",-6949.273
"1446",-7025.02
"1447",-6841.776
"1448",-6976.751
"1449",-6890.185
"1450",-7043.061
"1451",-7045.307
"1452",-6961.142
"1453",-6963.74
"1454",-6818.854
"1455",-6815.261
"1456",-6854.666
"1457",-6865.284
"1458",-6950.92
"1459",-6902.543
"1460",-6764.637
"1461",-6978.819
"1462",-6971.387
"1463",-7040.264
"1464",-6968.137
"1465",-6899.622
"1466",-6870.153
"1467",-7072.563
"1468",-6932.803
"1469",-6824.455
"1470",-6867.314
"1471",-6917.204
"1472",-6918.433
"1473",-7085.325
"1474",-6900.938
"1475",-7049.055
"1476",-7079.896
"1477",-7000.378
"1478",-7022.882
"1479",-6956.922
"1480",-6949.731
"1481",-6884.068
"1482",-7089.456
"1483",-7009.399
"1484",-6890.242
"1485",-6972.045
"1486",-6995.989
"1487",-6946.837
"1488",-6805.98
"1489",-6968.409
"1490",-7100.656
"1491",-7024.269
"1492",-6793.517
"1493",-6897.803
"1494",-6826.16
"1495",-6974.335
"1496",-6946.785
"1497",-6868.186
"1498",-6965.266
"1499",-6984.979
"1500",-6965.091
"1501",-6906.647
"1502",-6984.229
"1503",-6950.388
"1504",-6782.344
"1505",-6921.536
"1506",-6992.207
"1507",-6952.342
"1508",-6708.79
"1509",-6966.915
"1510",-6953.947
"1511",-6867.427
"1512",-6968.931
"1513",-6979.766
"1514",-6892.359
"1515",-6930.922
"1516",-6943.641
"1517",-6848.555
"1518",-7100.936
"1519",-6900.011
"1520",-6940.389
"1521",-6912.081
"1522",-6905.319
"1523",-6989.223
"1524",-6963.984
"1525",-6893.024
"1526",-6867.75
"1527",-6822.459
"1528",-6841.659
"1529",-7019.338
"1530",-6801.843
"1531",-6864.311
"1532",-6791.237
"1533",-6939.863
"1534",-6972.326
"1535",-6984.659
"1536",-6969.586
"1537",-6924.618
"1538",-7013.901
"1539",-6890.743
"1540",-6778.473
"1541",-7006.746
"1542",-6866.74
"1543",-6837.422
"1544",-7112.54
"1545",-6943.818
"1546",-6785.2
"1547",-7015.317
"1548",-7098.487
"1549",-6829.304
"1550",-6945.168
"1551",-6949.739
"1552",-6910.712
"1553",-6870.665
"1554",-6963.133
"1555",-7009.025
"1556",-7133.298
"1557",-6964.355
"1558",-6921.731
"1559",-6908.087
"1560",-6755.055
"1561",-6878.436
"1562",-6918.735
"1563",-6936.858
"1564",-7130.802
"1565",-6943.402
"1566",-6979.207
"1567",-6889.791
"1568",-7002.487
"1569",-6936.296
"1570",-6895.153
"1571",-7006.358
"1572",-6924.773
"1573",-7079.714
"1574",-7210.243
"1575",-6915.997
"1576",-6931.304
"1577",-6981.884
"1578",-6995.871
"1579",-7033.722
"1580",-7142.45
"1581",-6818.468
"1582",-6784.857
"1583",-6899.253
"1584",-6953.738
"1585",-6902.292
"1586",-7008.216
"1587",-7076.227
"1588",-6937.78
"1589",-7053.513
"1590",-6766.236
"1591",-7069.083
"1592",-6828.342
"1593",-7044.573
"1594",-6857.106
"1595",-7017.557
"1596",-6801.713
"1597",-6997.286
"1598",-6946.865
"1599",-6752.167
"1600",-6848.67
"1601",-6906.393
"1602",-6881.354
"1603",-6914.887
"1604",-7030.455
"1605",-7157.612
"1606",-6966.949
"1607",-6982.989
"1608",-6996.358
"1609",-6931.133
"1610",-6989.191
"1611",-6941.13
"1612",-6796.411
"1613",-6834.696
"1614",-6934.72
"1615",-7077.079
"1616",-6886.213
"1617",-6866.903
"1618",-6885.41
"1619",-6845.852
"1620",-6817.867
"1621",-6902.266
"1622",-6912.838
"1623",-6924.962
"1624",-6744.1
"1625",-6985.166
"1626",-6809.258
"1627",-6858.598
"1628",-7020.889
"1629",-6954.22
"1630",-6820.245
"1631",-7004.578
"1632",-6748.298
"1633",-6871.115
"1634",-6860.405
"1635",-6891.759
"1636",-6986.723
"1637",-7028.004
"1638",-7021.574
"1639",-7024.395
"1640",-6781.067
"1641",-7073.613
"1642",-6906.588
"1643",-6572.073
"1644",-6869.045
"1645",-6875.61
"1646",-6796.374
"1647",-6935.554
"1648",-6907.842
"1649",-6782.991
"1650",-6919.444
"1651",-6861.546
"1652",-6850.889
"1653",-6955.275
"1654",-6974.319
"1655",-6969.811
"1656",-6992.253
"1657",-6862.483
"1658",-6933.256
"1659",-6890.224
"1660",-6939.212
"1661",-6887.063
"1662",-6895.404
"1663",-6981.477
"1664",-7070.045
"1665",-6915.695
"1666",-6914.05
"1667",-7104.912
"1668",-6928.077
"1669",-6858.865
"1670",-7130.587
"1671",-6945.39
"1672",-6928.215
"1673",-6736.09
"1674",-7028.854
"1675",-6881.731
"1676",-7022.868
"1677",-6898.471
"1678",-7115.301
"1679",-6890.809
"1680",-6981.74
"1681",-6994.517
"1682",-6810.156
"1683",-7009.183
"1684",-6848.05
"1685",-6784.919
"1686",-6911.56
"1687",-6918.262
"1688",-7037.586
"1689",-6903.706
"1690",-7064.435
"1691",-6956.637
"1692",-6930.638
"1693",-6890.076
"1694",-6924.199
"1695",-7047.241
"1696",-6861.487
"1697",-6931.179
"1698",-6964.742
"1699",-7070.038
"1700",-6762.72
"1701",-6955.512
"1702",-6842.833
"1703",-6673.642
"1704",-7026.358
"1705",-6945.625
"1706",-6920.956
"1707",-7102.383
"1708",-6902.258
"1709",-6922.209
"1710",-6984.81
"1711",-6756.435
"1712",-6933.794
"1713",-6903.252
"1714",-6713.562
"1715",-7013.244
"1716",-6986.114
"1717",-6963.323
"1718",-7113.323
"1719",-7145.283
"1720",-6905.671
"1721",-7022.521
"1722",-6707.193
"1723",-6914.835
"1724",-6915.293
"1725",-6957.742
"1726",-7061.611
"1727",-6833.723
"1728",-7039.785
"1729",-6805.884
"1730",-6899.744
"1731",-7032.314
"1732",-6823.06
"1733",-6895.598
"1734",-6830.555
"1735",-7062.039
"1736",-7066.1
"1737",-7133.512
"1738",-6965.235
"1739",-7069.371
"1740",-7045.262
"1741",-7004.7
"1742",-6976.282
"1743",-6861.182
"1744",-7060.733
"1745",-7002.331
"1746",-7022.547
"1747",-7050.521
"1748",-7242.027
"1749",-6703.208
"1750",-6929.893
"1751",-6945.178
"1752",-6866.585
"1753",-6971.935
"1754",-6942.905
"1755",-6957.777
"1756",-6785.445
"1757",-6761.017
"1758",-6964.564
"1759",-6882.571
"1760",-6906.655
"1761",-6936.923
"1762",-6935.459
"1763",-7041.986
"1764",-6918.259
"1765",-7135.865
"1766",-6940.551
"1767",-6760.562
"1768",-6886.893
"1769",-6967.499
"1770",-6983.302
"1771",-6879.763
"1772",-6841.507
"1773",-6944.924
"1774",-6866.694
"1775",-6789.31
"1776",-6825.461
"1777",-7035.496
"1778",-6925.449
"1779",-6857.145
"1780",-6807.673
"1781",-6834.13
"1782",-6805.625
"1783",-6782.222
"1784",-6982.397
"1785",-7196.987
"1786",-6942.986
"1787",-6895.388
"1788",-6941.038
"1789",-6827.471
"1790",-6932.424
"1791",-6827.025
"1792",-7040.626
"1793",-6907.36
"1794",-6933.374
"1795",-6927.683
"1796",-7088.474
"1797",-6824.365
"1798",-7010.464
"1799",-6743.869
"1800",-6947.242
"1801",-6754.336
"1802",-6924.518
"1803",-6960.412
"1804",-6884.399
"1805",-6927.374
"1806",-6861.612
"1807",-7003.281
"1808",-6777.796
"1809",-6870.653
"1810",-7060.474
"1811",-6725.855
"1812",-6884.25
"1813",-6913.87
"1814",-6842.204
"1815",-6954.188
"1816",-6900.066
"1817",-6839.805
"1818",-6834.273
"1819",-6882.881
"1820",-6786.146
"1821",-6908.305
"1822",-7162.547
"1823",-6835.381
"1824",-6769.693
"1825",-7013.628
"1826",-7089.745
"1827",-6815.233
"1828",-7004.44
"1829",-6929.863
"1830",-7041.638
"1831",-7071.589
"1832",-6901.519
"1833",-6764.898
"1834",-6914.908
"1835",-6865.007
"1836",-7083.006
"1837",-6872.609
"1838",-6818.65
"1839",-7132.682
"1840",-7171.879
"1841",-6877.595
"1842",-7066.722
"1843",-6867.003
"1844",-6803.875
"1845",-6817.782
"1846",-6916.596
"1847",-7019.351
"1848",-7008.128
"1849",-6873.907
"1850",-6785.381
"1851",-6697.77
"1852",-6960.507
"1853",-7031.169
"1854",-6917.205
"1855",-6729.272
"1856",-6750.925
"1857",-6928.385
"1858",-7050.597
"1859",-6834.313
"1860",-6924.52
"1861",-6836.992
"1862",-6789.327
"1863",-7035.824
"1864",-6926.255
"1865",-6944.704
"1866",-6953.475
"1867",-6834.578
"1868",-7085.457
"1869",-6862.773
"1870",-6919.528
"1871",-6874.195
"1872",-6737.841
"1873",-6916.095
"1874",-7040.423
"1875",-6969.643
"1876",-7042.449
"1877",-7018.531
"1878",-7024.497
"1879",-6847.357
"1880",-7053.504
"1881",-6905.65
"1882",-6937.806
"1883",-6953.024
"1884",-6867.779
"1885",-7053.914
"1886",-6986.669
"1887",-6937.479
"1888",-6989.671
"1889",-6935.633
"1890",-6834.102
"1891",-6785.873
"1892",-6991.566
"1893",-6968.504
"1894",-6964.042
"1895",-6950.69
"1896",-6864.001
"1897",-6775.892
"1898",-6817.637
"1899",-6829.014
"1900",-6870.33
"1901",-6990.351
"1902",-6911.99
"1903",-6999.907
"1904",-6845.288
"1905",-6876.715
"1906",-7021.481
"1907",-6952.697
"1908",-6859.335
"1909",-6820.373
"1910",-7161.278
"1911",-6829.154
"1912",-6913.783
"1913",-6941.606
"1914",-6949.928
"1915",-6664.887
"1916",-6970.106
"1917",-6990.043
"1918",-6865.577
"1919",-7025.987
"1920",-6899.515
"1921",-6978.639
"1922",-7034.161
"1923",-6970.47
"1924",-6926.165
"1925",-6923.01
"1926",-7020.971
"1927",-7007.925
"1928",-6965.905
"1929",-6940.993
"1930",-6709.332
"1931",-6834.519
"1932",-6879.734
"1933",-6901.437
"1934",-7201.679
"1935",-6863.91
"1936",-6984.42
"1937",-6942.383
"1938",-6887.871
"1939",-6952.195
"1940",-6829.728
"1941",-6931.212
"1942",-6779.317
"1943",-6946.524
"1944",-6984.748
"1945",-6867.165
"1946",-6919.921
"1947",-6891.637
"1948",-6896.736
"1949",-6974.091
"1950",-6804.482
"1951",-6863.579
"1952",-6815.548
"1953",-6918.559
"1954",-6894.981
"1955",-7244.925
"1956",-6966.998
"1957",-7027.222
"1958",-6708.715
"1959",-6884.066
"1960",-6822.652
"1961",-7009.972
"1962",-7053.788
"1963",-6932.123
"1964",-6909.703
"1965",-6936.785
"1966",-6770.544
"1967",-6852.44
"1968",-6968.169
"1969",-6868.327
"1970",-6956.226
"1971",-7093.046
"1972",-7178.127
"1973",-6978.599
"1974",-6923.08
"1975",-7026.087
"1976",-7019.268
"1977",-7034.275
"1978",-6938.248
"1979",-6877.753
"1980",-6923.541
"1981",-7038.747
"1982",-6724.89
"1983",-6842.468
"1984",-6893.087
"1985",-6937.65
"1986",-6957.949
"1987",-6847.877
"1988",-6800.998
"1989",-6863.548
"1990",-6977.031
"1991",-6993.828
"1992",-6887.559
"1993",-6798.753
"1994",-6971.957
"1995",-6886.202
"1996",-6936.573
"1997",-6965.997
"1998",-6726.547
"1999",-6934.996
"2000",-7064.002
"2001",-6802.058
"2002",-6884.132
"2003",-6996.913
"2004",-6881.649
"2005",-6994.94
"2006",-6968.334
"2007",-6963.786
"2008",-6921.375
"2009",-6878.079
"2010",-7071.39
"2011",-6891.593
"2012",-7086.935
"2013",-6711.634
"2014",-6809.418
"2015",-6977.646
"2016",-6801.441
"2017",-7043.223
"2018",-6919.619
"2019",-7095.188
"2020",-6873.389
"2021",-6866.961
"2022",-6816.796
"2023",-6807.641
"2024",-6953.344
"2025",-6844.784
"2026",-6885.364
"2027",-6971.649
"2028",-7048.244
"2029",-7082.696
"2030",-6909.856
"2031",-6986.683
"2032",-6959.363
"2033",-7033.399
"2034",-6858.69
"2035",-7037.812
"2036",-6926.947
"2037",-7119.212
"2038",-6935.184
"2039",-6985.556
"2040",-7023.53
"2041",-6866.778
"2042",-6863.144
"2043",-6921.956
"2044",-6749.545
"2045",-6950.68
"2046",-7016.607
"2047",-6963.99
"2048",-7066.371
"2049",-6790.895
"2050",-6801.602
"2051",-6890.865
"2052",-6949.08
"2053",-6897.252
"2054",-7025.227
"2055",-6773.68
"2056",-6915.129
"2057",-6905.25
"2058",-6946.548
"2059",-6861.37
"2060",-6902.927
"2061",-6759.622
"2062",-6961.326
"2063",-7007.395
"2064",-7043.815
"2065",-6985.654
"2066",-6930.175
"2067",-7062.615
"2068",-6938.668
"2069",-6996.863
"2070",-7019.478
"2071",-6956.906
"2072",-6818.254
"2073",-6945.502
"2074",-6795.553
"2075",-7025.104
"2076",-6957.858
"2077",-6936.593
"2078",-6971.877
"2079",-6898.632
"2080",-7150.919
"2081",-6777.926
"2082",-6942.351
"2083",-6947.14
"2084",-7034.231
"2085",-7033.267
"2086",-6881.226
"2087",-6893.234
"2088",-6869.943
"2089",-6861.681
"2090",-6903.828
"2091",-6818.844
"2092",-7019.731
"2093",-7012.257
"2094",-6985.479
"2095",-7106.677
"2096",-6741.37
"2097",-6856.151
"2098",-6919.671
"2099",-6990.033
"2100",-6861.109
"2101",-7023.307
"2102",-6868.877
"2103",-6761.144
"2104",-6923.116
"2105",-6945.176
"2106",-6859.81
"2107",-6900.272
"2108",-6938.867
"2109",-7013.378
"2110",-6989.32
"2111",-6681.761
"2112",-7079.839
"2113",-6882.021
"2114",-7022.471
"2115",-6860.05
"2116",-6904.134
"2117",-6772.716
"2118",-6894.281
"2119",-6943.643
"2120",-6863.863
"2121",-7020.347
"2122",-6966.541
"2123",-6961.083
"2124",-6835.08
"2125",-6650.039
"2126",-6815.3
"2127",-6864.667
"2128",-7026.316
"2129",-7051.607
"2130",-6908.952
"2131",-7179.267
"2132",-7011.064
"2133",-6899.695
"2134",-7015.605
"2135",-6982.744
"2136",-6902.832
"2137",-6951.153
"2138",-6988.143
"2139",-7010.35
"2140",-7029.727
"2141",-7005.042
"2142",-7034.489
"2143",-7005.96
"2144",-7053.826
"2145",-6880.664
"2146",-6957.734
"2147",-6818.378
"2148",-6993.936
"2149",-6843.043
"2150",-7067.567
"2151",-6858.314
"2152",-6897.207
"2153",-6828.608
"2154",-6922.873
"2155",-6888.836
"2156",-6850.137
"2157",-6836.379
"2158",-6903.285
"2159",-6710.435
"2160",-6886.447
"2161",-6947.841
"2162",-7009.9
"2163",-6867.992
"2164",-6925.514
"2165",-6793.623
"2166",-6885.173
"2167",-6949.91
"2168",-7011.671
"2169",-6973.746
"2170",-6954.467
"2171",-6989.005
"2172",-6911.884
"2173",-6872.223
"2174",-7002.975
"2175",-6854.177
"2176",-6991.56
"2177",-6869.632
"2178",-7038.875
"2179",-6938.505
"2180",-6911.477
"2181",-6947.147
"2182",-6965.589
"2183",-6863.254
"2184",-7003.863
"2185",-6911.097
"2186",-6812.992
"2187",-6871.056
"2188",-6829.026
"2189",-7040.389
"2190",-6986.027
"2191",-6986.669
"2192",-6975.324
"2193",-6864.896
"2194",-6902.755
"2195",-6769.369
"2196",-6927.906
"2197",-6989.471
"2198",-6809.059
"2199",-7139.024
"2200",-7049.191
"2201",-7044.304
"2202",-6865.672
"2203",-6992.742
"2204",-6880.206
"2205",-6863.398
"2206",-7071.826
"2207",-6953.149
"2208",-6936.468
"2209",-7002.628
"2210",-6987.589
"2211",-7000.198
"2212",-6811.501
"2213",-6767.17
"2214",-7119.076
"2215",-6921.408
"2216",-6992.102
"2217",-7036.316
"2218",-6635.893
"2219",-6774.206
"2220",-7049.185
"2221",-6987.474
"2222",-6829.604
"2223",-6959.269
"2224",-7058.025
"2225",-7016.646
"2226",-6925.035
"2227",-6944.942
"2228",-6776.132
"2229",-7007.95
"2230",-6950.753
"2231",-6825.955
"2232",-6945.661
"2233",-6831.041
"2234",-6880.9
"2235",-6952.198
"2236",-7020.911
"2237",-6929.412
"2238",-6977.337
"2239",-6893.196
"2240",-6915.042
"2241",-6856.357
"2242",-6954.425
"2243",-7040.321
"2244",-6959.964
"2245",-6887.472
"2246",-6953.599
"2247",-7013.476
"2248",-7129.925
"2249",-6898.43
"2250",-7057.337
"2251",-7004.533
"2252",-6928.354
"2253",-7092.484
"2254",-7119.722
"2255",-6858.369
"2256",-7093.586
"2257",-6947.221
"2258",-6924.27
"2259",-6990.739
"2260",-6762.418
"2261",-7016.389
"2262",-7162.285
"2263",-6985.463
"2264",-6929.396
"2265",-6882.261
"2266",-6991.136
"2267",-6877.576
"2268",-7091.14
"2269",-7066.771
"2270",-7004.536
"2271",-7012.661
"2272",-6917.309
"2273",-6825.702
"2274",-6848.173
"2275",-7062.719
"2276",-6904.271
"2277",-7035.966
"2278",-6943.429
"2279",-6948.504
"2280",-6952.069
"2281",-6918.781
"2282",-7003.781
"2283",-7020.444
"2284",-6959.322
"2285",-6854.502
"2286",-7010.791
"2287",-6855.999
"2288",-6902.431
"2289",-7016.289
"2290",-6694.284
"2291",-7018.197
"2292",-6816.179
"2293",-6989.142
"2294",-7090.926
"2295",-7058.034
"2296",-6764.771
"2297",-6831.861
"2298",-6820.434
"2299",-7018.843
"2300",-7036.284
"2301",-6847.755
"2302",-6914.314
"2303",-6973.464
"2304",-6937.262
"2305",-7023.213
"2306",-6761.37
"2307",-6851.372
"2308",-6919.395
"2309",-7006.498
"2310",-7006.898
"2311",-7144.233
"2312",-7189.786
"2313",-6883.342
"2314",-6830.836
"2315",-6975.23
"2316",-6975.677
"2317",-6887.936
"2318",-6907.902
"2319",-6965.889
"2320",-6822.756
"2321",-6934.765
"2322",-6925.352
"2323",-7017.813
"2324",-6927.756
"2325",-6937.709
"2326",-6755.198
"2327",-6909.282
"2328",-7077.601
"2329",-6848.155
"2330",-6986.059
"2331",-6957.755
"2332",-7001.964
"2333",-6993.798
"2334",-6975.88
"2335",-6846.9
"2336",-6997.875
"2337",-7034.086
"2338",-6863.961
"2339",-6876.823
"2340",-6890.474
"2341",-6972.087
"2342",-7035.327
"2343",-7117.093
"2344",-6942.486
"2345",-6994.771
"2346",-6838.216
"2347",-7025.646
"2348",-7079.675
"2349",-6891.742
"2350",-7074.257
"2351",-6851.742
"2352",-7033.214
"2353",-6936.812
"2354",-6852.342
"2355",-6899.598
"2356",-6981.374
"2357",-7056.177
"2358",-6861.823
"2359",-6987.059
"2360",-6856.893
"2361",-6969.22
"2362",-6934.178
"2363",-7085.549
"2364",-7030.22
"2365",-6882.922
"2366",-7006.669
"2367",-6905.955
"2368",-6723.478
"2369",-7045.801
"2370",-6971.802
"2371",-6935.261
"2372",-6824.869
"2373",-6965.358
"2374",-6975.234
"2375",-6959.576
"2376",-6942.323
"2377",-6893.608
"2378",-6979.144
"2379",-6836.748
"2380",-6955.832
"2381",-6866.726
"2382",-6955.262
"2383",-6787.046
"2384",-6957.913
"2385",-6967.413
"2386",-7103.465
"2387",-6944.187
"2388",-6823.62
"2389",-6931.56
"2390",-6915.815
"2391",-7086.029
"2392",-7115.548
"2393",-6841.386
"2394",-6988.291
"2395",-6981.181
"2396",-6814.806
"2397",-7030.139
"2398",-7015.619
"2399",-7026.66
"2400",-6882.648
"2401",-7025.727
"2402",-7053.326
"2403",-6800.527
"2404",-6883.494
"2405",-7006.882
"2406",-7055.168
"2407",-6881.486
"2408",-6967.108
"2409",-6965.024
"2410",-6936.403
"2411",-6855.733
"2412",-7087.013
"2413",-7056.146
"2414",-6862.819
"2415",-6870.888
"2416",-7054.982
"2417",-6929.447
"2418",-7068.73
"2419",-6933.493
"2420",-7059.682
"2421",-6903.389
"2422",-6980.891
"2423",-6860.828
"2424",-6699.12
"2425",-6959.882
"2426",-6935.257
"2427",-6810.052
"2428",-6947.239
"2429",-6797.498
"2430",-6972.36
"2431",-6769.304
"2432",-7038.492
"2433",-6846.312
"2434",-6879.942
"2435",-6843.346
"2436",-6882.824
"2437",-6782.011
"2438",-6919.475
"2439",-6986.196
"2440",-6784.136
"2441",-6925.098
"2442",-6865.779
"2443",-6993.393
"2444",-6839.484
"2445",-6896.781
"2446",-7017.067
"2447",-6880.873
"2448",-6913.939
"2449",-6823.451
"2450",-6851.707
"2451",-6778.819
"2452",-6863.19
"2453",-6822.983
"2454",-6939.087
"2455",-7025.792
"2456",-6822.638
"2457",-7113.643
"2458",-7020.601
"2459",-6860.521
"2460",-6998.389
"2461",-6993.697
"2462",-7031.894
"2463",-7010.467
"2464",-6955.324
"2465",-6750.436
"2466",-7060.588
"2467",-6875.065
"2468",-6779.989
"2469",-6849.372
"2470",-6911.092
"2471",-6804.771
"2472",-6800.322
"2473",-6876.605
"2474",-6724.212
"2475",-6915.359
"2476",-6963.911
"2477",-6639.832
"2478",-6974.941
"2479",-6983.087
"2480",-6863.211
"2481",-6928.61
"2482",-6913.518
"2483",-6930.203
"2484",-7007.615
"2485",-6904.418
"2486",-6909.816
"2487",-6984.354
"2488",-6901.694
"2489",-6972.019
"2490",-6833.777
"2491",-6816.71
"2492",-6828.091
"2493",-6925.378
"2494",-6927.898
"2495",-6744.299
"2496",-6900.369
"2497",-6701.913
"2498",-7024.819
"2499",-6812.103
"2500",-6887.691
"2501",-6811.819
"2502",-7107.637
"2503",-6976.192
"2504",-6848.567
"2505",-6900.328
"2506",-6954.145
"2507",-6940.86
"2508",-6901.526
"2509",-6894.495
"2510",-6847.173
"2511",-6847.572
"2512",-7013.446
"2513",-6874.004
"2514",-6998.448
"2515",-7010.202
"2516",-7047.247
"2517",-6873.761
"2518",-6814.589
"2519",-6962.383
"2520",-6951.377
"2521",-6873.935
"2522",-6893.491
"2523",-6980.499
"2524",-6880.094
"2525",-6926.437
"2526",-6848.797
"2527",-6948.666
"2528",-7046.648
"2529",-6949.315
"2530",-7008.207
"2531",-7061.48
"2532",-6674.471
"2533",-6989.485
"2534",-6981.047
"2535",-6986.389
"2536",-6856.315
"2537",-6873.662
"2538",-7036.212
"2539",-6873.027
"2540",-6968.002
"2541",-6898.832
"2542",-6992.836
"2543",-6942.559
"2544",-6978.059
"2545",-6866.016
"2546",-6946.73
"2547",-6928.465
"2548",-7009.212
"2549",-6845.083
"2550",-7044.985
"2551",-6717.532
"2552",-6983.385
"2553",-6993.893
"2554",-6759.964
"2555",-6991.941
"2556",-6926.404
"2557",-6821.422
"2558",-6945.715
"2559",-7042.745
"2560",-6815.848
"2561",-6760.018
"2562",-6795.426
"2563",-6832.753
"2564",-6732.183
"2565",-6804.561
"2566",-6839.413
"2567",-6856.877
"2568",-6889.46
"2569",-6821.011
"2570",-7020.588
"2571",-6998.885
"2572",-6725.363
"2573",-6736.681
"2574",-6744.146
"2575",-6798.822
"2576",-6933.826
"2577",-7045.807
"2578",-6890.893
"2579",-6806.567
"2580",-6876.822
"2581",-6857.142
"2582",-6838.795
"2583",-6881.771
"2584",-6733.346
"2585",-6711.678
"2586",-6838.919
"2587",-6996.12
"2588",-6908.945
"2589",-6867.568
"2590",-6885.762
"2591",-6952.755
"2592",-6960.191
"2593",-6840.831
"2594",-6863.975
"2595",-7012.333
"2596",-6929.242
"2597",-6885.84
"2598",-7053.799
"2599",-6935.896
"2600",-6859.543
"2601",-6977.645
"2602",-6935.488
"2603",-7089.644
"2604",-6971.122
"2605",-6670.487
"2606",-6881.67
"2607",-6963.237
"2608",-6951.346
"2609",-6899.061
"2610",-6832.173
"2611",-6987.295
"2612",-7057.123
"2613",-6882.181
"2614",-6850.166
"2615",-6849.146
"2616",-6912.659
"2617",-7146.475
"2618",-6894.427
"2619",-6985.902
"2620",-6946.908
"2621",-6946.551
"2622",-7195.522
"2623",-6915.795
"2624",-6855.162
"2625",-6950.467
"2626",-7137.541
"2627",-6979.753
"2628",-6809.12
"2629",-6957.679
"2630",-6953.741
"2631",-6833.864
"2632",-7008.181
"2633",-6807.839
"2634",-6851.037
"2635",-6896.804
"2636",-6790.576
"2637",-6824.131
"2638",-6918.585
"2639",-6925.555
"2640",-6797.394
"2641",-7044.081
"2642",-7009.501
"2643",-6816.057
"2644",-6972.643
"2645",-6950.858
"2646",-6984.493
"2647",-6858.789
"2648",-7100.612
"2649",-6692.371
"2650",-6977.673
"2651",-6904.672
"2652",-6752.027
"2653",-7008.472
"2654",-6795.989
"2655",-6920.23
"2656",-6769.641
"2657",-7075.769
"2658",-6768.66
"2659",-6989.451
"2660",-6939.812
"2661",-6893.669
"2662",-6855.585
"2663",-7022.895
"2664",-6996.934
"2665",-6907.379
"2666",-6947.501
"2667",-6898.932
"2668",-6795.212
"2669",-6841.31
"2670",-6837.945
"2671",-6855.932
"2672",-6958.163
"2673",-6954.552
"2674",-7044.007
"2675",-6938.924
"2676",-7142.982
"2677",-6865.701
"2678",-6906.639
"2679",-6950.219
"2680",-6953.395
"2681",-6903.921
"2682",-6851.162
"2683",-6762.122
"2684",-6897.292
"2685",-7045.683
"2686",-6915.791
"2687",-6777.655
"2688",-6741.863
"2689",-6951.892
"2690",-6816.736
"2691",-7085.569
"2692",-6935.722
"2693",-6782.371
"2694",-6918.565
"2695",-6905.071
"2696",-6851.58
"2697",-6711.985
"2698",-6882.469
"2699",-6751.5
"2700",-6751.791
"2701",-6786.373
"2702",-7006.564
"2703",-6753.334
"2704",-6883.724
"2705",-6936.529
"2706",-6944.007
"2707",-6889.219
"2708",-7020.889
"2709",-6869.248
"2710",-6940.996
"2711",-6831.671
"2712",-7012.719
"2713",-7062.872
"2714",-7052.42
"2715",-6676.71
"2716",-7135.965
"2717",-7054.922
"2718",-6845.742
"2719",-6922.839
"2720",-6934.998
"2721",-6762.284
"2722",-6902.137
"2723",-7018.03
"2724",-6815.557
"2725",-7075.905
"2726",-7021.869
"2727",-6914.112
"2728",-7104.898
"2729",-6989.779
"2730",-6980.476
"2731",-7092.438
"2732",-6969.714
"2733",-6866.134
"2734",-7019.563
"2735",-7042.117
"2736",-6803.153
"2737",-6994.492
"2738",-6940.144
"2739",-6944.65
"2740",-6989.164
"2741",-6966.555
"2742",-7081.003
"2743",-7247.503
"2744",-6701.234
"2745",-6945.358
"2746",-6936.755
"2747",-6831.118
"2748",-6785.693
"2749",-6945.516
"2750",-6840.639
"2751",-6839.727
"2752",-6948.678
"2753",-6913.272
"2754",-7167.065
"2755",-6997.786
"2756",-7067.534
"2757",-6920.749
"2758",-6942.82
"2759",-7111.242
"2760",-6931.497
"2761",-6764.334
"2762",-6947.425
"2763",-6994.827
"2764",-6734.576
"2765",-6984.281
"2766",-6905.177
"2767",-6972.662
"2768",-6715.091
"2769",-7075.211
"2770",-7089.6
"2771",-6988.407
"2772",-6942.295
"2773",-6920.6
"2774",-7042.312
"2775",-6871.864
"2776",-7004.582
"2777",-7041.481
"2778",-7037.652
"2779",-6824.994
"2780",-6803.769
"2781",-7164.418
"2782",-6804.672
"2783",-6965.536
"2784",-6873.979
"2785",-6902.916
"2786",-6923.988
"2787",-6953.28
"2788",-6869.809
"2789",-6879.829
"2790",-6930.767
"2791",-6932.076
"2792",-6940.644
"2793",-7090.892
"2794",-6807.3
"2795",-6838.906
"2796",-6840.076
"2797",-6752.447
"2798",-6936.187
"2799",-6980.997
"2800",-7023.276
"2801",-7286.843
"2802",-6918.431
"2803",-6985.299
"2804",-6894.936
"2805",-6897.593
"2806",-6844.862
"2807",-7031.872
"2808",-6787.453
"2809",-6785.615
"2810",-6908.859
"2811",-7055.107
"2812",-6910.214
"2813",-6947.722
"2814",-6937.947
"2815",-7040.478
"2816",-6955.046
"2817",-6745.149
"2818",-6922.862
"2819",-6869.412
"2820",-6801.634
"2821",-6879.488
"2822",-6973.281
"2823",-6939.026
"2824",-6806.556
"2825",-6897.844
"2826",-6894.732
"2827",-7027.661
"2828",-6875.575
"2829",-7029.612
"2830",-6796.922
"2831",-7040.807
"2832",-6914.544
"2833",-7032.008
"2834",-6952.303
"2835",-6816.851
"2836",-7103.108
"2837",-6958.605
"2838",-7015.237
"2839",-6951.474
"2840",-6951.329
"2841",-7009.367
"2842",-6709.475
"2843",-6780.374
"2844",-6738.394
"2845",-6936.855
"2846",-7015.363
"2847",-7063.887
"2848",-6818.204
"2849",-7022.894
"2850",-6948.856
"2851",-6953.447
"2852",-6921.364
"2853",-6953.74
"2854",-6979.443
"2855",-6895.227
"2856",-6895.624
"2857",-7061.764
"2858",-6917.085
"2859",-7037.307
"2860",-6861.165
"2861",-7009.752
"2862",-6821.067
"2863",-6842.837
"2864",-6914.851
"2865",-6974.664
"2866",-7065.551
"2867",-7039.902
"2868",-6790.323
"2869",-6993.617
"2870",-6545.76
"2871",-6933.971
"2872",-6830.472
"2873",-6945.957
"2874",-6828.175
"2875",-6781.306
"2876",-6942.541
"2877",-6959.346
"2878",-6825.904
"2879",-6906.687
"2880",-6848.547
"2881",-7119.736
"2882",-6943.262
"2883",-6840.616
"2884",-6925.477
"2885",-6906.029
"2886",-7070.741
"2887",-6954.697
"2888",-6954.618
"2889",-6877.451
"2890",-6887.134
"2891",-6914.227
"2892",-6991.572
"2893",-6953.866
"2894",-6759.009
"2895",-6967.635
"2896",-6772.766
"2897",-6873.332
"2898",-7037.457
"2899",-6988.066
"2900",-7066.368
"2901",-6888.951
"2902",-6833.798
"2903",-6987.855
"2904",-6919.83
"2905",-7054.407
"2906",-6907.02
"2907",-7074.838
"2908",-7030.892
"2909",-6997.687
"2910",-6899.134
"2911",-6888.823
"2912",-7008.587
"2913",-6921.386
"2914",-6910.961
"2915",-6988.701
"2916",-6793.878
"2917",-7050.939
"2918",-6839.244
"2919",-7034.123
"2920",-6955.626
"2921",-6892.127
"2922",-7009.661
"2923",-6818.856
"2924",-6829.065
"2925",-6886.022
"2926",-7025.919
"2927",-6886.104
"2928",-7075.868
"2929",-6706.366
"2930",-6882.507
"2931",-6884.457
"2932",-6898.435
"2933",-6950.179
"2934",-6937.725
"2935",-6926.37
"2936",-6947.386
"2937",-7103.91
"2938",-6778.312
"2939",-6761.618
"2940",-6926.717
"2941",-6895.828
"2942",-7025.556
"2943",-6888.981
"2944",-6857.931
"2945",-7010.068
"2946",-6943.446
"2947",-6865.411
"2948",-6852.202
"2949",-7026.054
"2950",-6963.952
"2951",-6933.826
"2952",-6967.218
"2953",-6880.357
"2954",-6815.019
"2955",-6803.121
"2956",-7094.622
"2957",-6985.072
"2958",-6922.033
"2959",-6853.462
"2960",-7106.519
"2961",-6610.392
"2962",-6982.589
"2963",-6892.336
"2964",-7005.562
"2965",-7110.758
"2966",-6917.666
"2967",-6822.42
"2968",-6830.132
"2969",-6950.498
"2970",-6897.524
"2971",-6726.552
"2972",-7054.88
"2973",-6966.624
"2974",-7155.983
"2975",-7009.099
"2976",-6950.482
"2977",-6911.104
"2978",-6961.966
"2979",-6976.622
"2980",-6753.679
"2981",-6996.924
"2982",-6730.091
"2983",-6780.674
"2984",-6936.547
"2985",-6900.21
"2986",-6957.526
"2987",-6954.099
"2988",-6889.157
"2989",-7030.299
"2990",-7041.885
"2991",-7041.459
"2992",-6863.83
"2993",-7026.693
"2994",-6956.131
"2995",-6776.591
"2996",-6767.976
"2997",-6928.711
"2998",-6925.842
"2999",-7006.371
"3000",-6841.604
"3001",-7037.733
"3002",-7000.044
"3003",-6905.304
"3004",-7061.82
"3005",-6990.114
"3006",-6833.823
"3007",-6861.687
"3008",-6945.681
"3009",-6910.355
"3010",-6881.776
"3011",-6929.89
"3012",-6829.805
"3013",-6766.294
"3014",-6780.317
"3015",-7041.844
"3016",-6882.879
"3017",-6811.073
"3018",-6780.935
"3019",-7112.441
"3020",-7195.569
"3021",-6860.929
"3022",-6984.39
"3023",-7057.315
"3024",-6936.938
"3025",-6894.604
"3026",-7016.754
"3027",-6934.039
"3028",-6947.206
"3029",-7043.956
"3030",-7000.111
"3031",-6910.218
"3032",-6911.747
"3033",-6896.519
"3034",-6943.488
"3035",-6909.123
"3036",-6866.425
"3037",-6952.292
"3038",-6881.374
"3039",-6885.653
"3040",-7048.956
"3041",-6906.731
"3042",-6995.874
"3043",-7159.199
"3044",-6972.633
"3045",-6839.548
"3046",-6971.643
"3047",-6906.448
"3048",-6886.836
"3049",-6905.548
"3050",-7061.839
"3051",-7000.619
"3052",-6872.559
"3053",-6896.298
"3054",-6934.441
"3055",-6788.293
"3056",-6862.358
"3057",-6741.609
"3058",-7178.954
"3059",-6697.748
"3060",-6994.776
"3061",-6924.387
"3062",-6933.7
"3063",-6778.801
"3064",-6938.849
"3065",-6971.056
"3066",-6943.116
"3067",-6913.18
"3068",-6986.958
"3069",-6943.403
"3070",-7081.913
"3071",-6947.843
"3072",-7160.438
"3073",-6947.422
"3074",-6918.815
"3075",-7097.109
"3076",-6730.395
"3077",-6981.844
"3078",-6853.371
"3079",-7019.315
"3080",-6965.033
"3081",-6829.952
"3082",-6959.808
"3083",-6885.732
"3084",-6957.993
"3085",-6996.988
"3086",-6873.764
"3087",-7028.309
"3088",-6888.749
"3089",-6961.504
"3090",-6742.851
"3091",-6972.621
"3092",-6943.765
"3093",-6898.615
"3094",-6997.017
"3095",-7040.648
"3096",-6910.484
"3097",-6918.997
"3098",-6835.601
"3099",-7047.823
"3100",-6981.737
"3101",-6960.402
"3102",-6794.131
"3103",-6976.446
"3104",-7049.233
"3105",-6889.326
"3106",-7057.821
"3107",-6823.89
"3108",-6912.837
"3109",-6846.262
"3110",-6926.456
"3111",-6959.388
"3112",-6957.058
"3113",-6754.812
"3114",-7104.283
"3115",-6903.772
"3116",-6887.23
"3117",-6869.769
"3118",-6905.371
"3119",-6984.992
"3120",-7072.051
"3121",-7012.681
"3122",-7095.858
"3123",-6977.453
"3124",-6969.133
"3125",-7045.095
"3126",-6694.44
"3127",-6827.776
"3128",-7094.113
"3129",-6876.537
"3130",-7112.536
"3131",-7038.863
"3132",-7035.528
"3133",-6799.663
"3134",-7039.477
"3135",-6843.976
"3136",-6963.505
"3137",-6944.562
"3138",-6878.223
"3139",-6869.545
"3140",-6798.854
"3141",-7105.92
"3142",-6881.731
"3143",-7001.208
"3144",-6863.475
"3145",-6894.841
"3146",-7061.668
"3147",-6950.384
"3148",-7027.09
"3149",-6971.784
"3150",-6864.159
"3151",-6877.082
"3152",-6938.579
"3153",-6937.501
"3154",-6744.522
"3155",-6958.209
"3156",-6717.197
"3157",-6967.562
"3158",-6938.729
"3159",-7048.859
"3160",-7003.408
"3161",-6847.89
"3162",-6979.686
"3163",-7049.918
"3164",-6895.696
"3165",-7147.123
"3166",-6930.256
"3167",-7197.082
"3168",-6703.173
"3169",-6959.545
"3170",-7023.758
"3171",-6898.279
"3172",-7085.32
"3173",-6851.321
"3174",-6934.679
"3175",-6842.118
"3176",-6903.283
"3177",-6828
"3178",-6865.655
"3179",-6977.775
"3180",-6941.752
"3181",-6899.762
"3182",-6883.64
"3183",-6848.739
"3184",-6859.827
"3185",-6989.271
"3186",-7013.65
"3187",-7006.802
"3188",-6784.081
"3189",-6953.122
"3190",-6956.326
"3191",-7008.61
"3192",-6908.748
"3193",-6959.228
"3194",-6794.586
"3195",-6846.112
"3196",-6947.508
"3197",-6774.14
"3198",-6951.482
"3199",-6822.597
"3200",-6954.353
"3201",-7022.243
"3202",-6867.798
"3203",-6969.341
"3204",-6955.401
"3205",-6807.12
"3206",-6927.879
"3207",-6863.247
"3208",-6952.365
"3209",-6943.245
"3210",-7131.425
"3211",-7142.055
"3212",-6832.533
"3213",-6873.702
"3214",-7044.306
"3215",-7020.853
"3216",-7081.586
"3217",-6906.797
"3218",-6925.809
"3219",-6985.886
"3220",-7031.918
"3221",-7028.23
"3222",-6912.555
"3223",-7117.048
"3224",-6857.188
"3225",-7001.54
"3226",-6955.695
"3227",-6977.01
"3228",-6843.726
"3229",-7000.841
"3230",-7022.013
"3231",-6911.098
"3232",-6822.326
"3233",-6919.849
"3234",-6990.517
"3235",-6928.828
"3236",-6913.25
"3237",-6966.705
"3238",-6820.228
"3239",-6764.654
"3240",-6928.498
"3241",-7095.709
"3242",-6952.107
"3243",-6818.489
"3244",-6722.044
"3245",-6879.987
"3246",-7081.908
"3247",-7028.081
"3248",-6938.701
"3249",-6685.881
"3250",-7028.071
"3251",-6912.196
"3252",-6932.892
"3253",-6789.04
"3254",-6871.737
"3255",-6798.445
"3256",-6834.316
"3257",-6795.57
"3258",-6920.28
"3259",-6878.689
"3260",-6950.509
"3261",-6927.185
"3262",-6875.263
"3263",-7055.395
"3264",-6949.816
"3265",-6744.554
"3266",-6894.546
"3267",-6909.715
"3268",-7026.66
"3269",-6897.392
"3270",-6922.491
"3271",-6895.267
"3272",-7006.018
"3273",-6958.06
"3274",-6884.108
"3275",-7000.479
"3276",-7028.254
"3277",-6991.384
"3278",-6884.968
"3279",-6772.122
"3280",-6958.532
"3281",-6792.277
"3282",-6867.9
"3283",-6924.253
"3284",-6822.933
"3285",-6989.138
"3286",-6776.167
"3287",-6771.215
"3288",-7141.047
"3289",-7138.684
"3290",-6859.054
"3291",-6913.508
"3292",-6844.405
"3293",-6859.575
"3294",-6731.595
"3295",-6982.016
"3296",-6917.001
"3297",-6922.25
"3298",-6871.464
"3299",-6848.458
"3300",-6914.384
"3301",-7023.902
"3302",-7039.724
"3303",-6874.063
"3304",-7026.48
"3305",-6995.043
"3306",-7038.119
"3307",-6794.995
"3308",-6838.723
"3309",-6693.095
"3310",-6824.797
"3311",-6937.333
"3312",-7003.545
"3313",-6977.819
"3314",-6725.648
"3315",-6761.763
"3316",-6975.504
"3317",-6855.387
"3318",-6815.6
"3319",-6889.227
"3320",-6985.922
"3321",-6954.997
"3322",-6888.033
"3323",-7161.579
"3324",-6989.722
"3325",-6752.342
"3326",-6853.524
"3327",-7001.701
"3328",-6885.413
"3329",-7000.212
"3330",-6859.802
"3331",-6865.411
"3332",-6969.648
"3333",-6974.713
"3334",-7002.26
"3335",-7071.054
"3336",-6913.203
"3337",-6927.346
"3338",-6696.225
"3339",-6990.975
"3340",-6897.276
"3341",-6874.289
"3342",-6944.479
"3343",-7001.477
"3344",-7071.405
"3345",-6847.32
"3346",-6899.92
"3347",-6930.288
"3348",-6865.242
"3349",-6980.922
"3350",-6872.291
"3351",-6955.847
"3352",-6960.352
"3353",-6862.423
"3354",-6837.872
"3355",-6820.25
"3356",-6858.206
"3357",-6861.046
"3358",-6921.715
"3359",-6962.952
"3360",-6906.64
"3361",-6821.032
"3362",-6929.457
"3363",-6970.784
"3364",-7016.88
"3365",-6978.738
"3366",-6970.979
"3367",-6781.561
"3368",-6994.928
"3369",-6930.162
"3370",-6811.521
"3371",-6993.707
"3372",-6849.354
"3373",-6695.702
"3374",-6773.69
"3375",-6759.763
"3376",-7063.47
"3377",-7119.917
"3378",-6866.279
"3379",-6793.124
"3380",-6955.361
"3381",-6777.841
"3382",-6890.015
"3383",-6950.188
"3384",-6973.759
"3385",-6932.154
"3386",-6853.439
"3387",-6983.532
"3388",-6871.119
"3389",-6851.191
"3390",-6956.26
"3391",-6947.951
"3392",-6874.634
"3393",-6993.956
"3394",-7008.997
"3395",-6817.103
"3396",-7021.803
"3397",-7005.552
"3398",-6910.331
"3399",-6823.581
"3400",-6901.227
"3401",-7030.116
"3402",-6946.314
"3403",-6676.804
"3404",-7042.736
"3405",-6892.718
"3406",-6877.945
"3407",-6848.305
"3408",-6923.248
"3409",-6867.451
"3410",-6854.843
"3411",-7089.049
"3412",-6961.383
"3413",-6828.621
"3414",-6758.181
"3415",-6954.819
"3416",-6945.827
"3417",-6961.026
"3418",-6956.666
"3419",-6740.753
"3420",-7040.421
"3421",-6988.652
"3422",-6775.147
"3423",-7088.544
"3424",-6955.951
"3425",-6981.706
"3426",-7064.837
"3427",-6917.816
"3428",-6924.134
"3429",-7015.751
"3430",-6965.625
"3431",-6943.2
"3432",-6891.032
"3433",-6984.001
"3434",-6844.305
"3435",-6816.155
"3436",-7002.828
"3437",-6949.395
"3438",-6931.515
"3439",-6777.56
"3440",-7014.443
"3441",-7068.455
"3442",-6845.855
"3443",-6849.369
"3444",-6899.629
"3445",-6856.58
"3446",-7078.293
"3447",-7050.551
"3448",-6679.117
"3449",-7066.754
"3450",-6920.798
"3451",-7029.834
"3452",-6850.677
"3453",-6684.712
"3454",-6981.343
"3455",-6825
"3456",-6963.472
"3457",-7101.929
"3458",-6855.281
"3459",-6841.382
"3460",-6858.233
"3461",-6948.823
"3462",-6934.777
"3463",-6944.133
"3464",-6863.847
"3465",-6852.349
"3466",-6924.218
"3467",-6913.022
"3468",-6862.753
"3469",-6795.388
"3470",-6934.02
"3471",-6926.675
"3472",-7167.37
"3473",-7002.174
"3474",-7029.616
"3475",-6911.248
"3476",-6917.347
"3477",-6874.35
"3478",-6811.035
"3479",-7091.477
"3480",-6963.522
"3481",-6918.611
"3482",-6944.343
"3483",-6874.357
"3484",-6858.126
"3485",-6863.556
"3486",-6910.326
"3487",-6941.022
"3488",-6944.712
"3489",-6993.453
"3490",-6779.822
"3491",-7013.654
"3492",-6799.871
"3493",-6805.584
"3494",-6746.125
"3495",-7093.926
"3496",-6924.823
"3497",-6934.913
"3498",-6899.258
"3499",-7091.282
"3500",-6958.405
"3501",-6832.987
"3502",-6728.563
"3503",-6764.762
"3504",-7065.236
"3505",-6997.835
"3506",-7002.583
"3507",-6817.585
"3508",-6854.257
"3509",-7041.528
"3510",-7030.949
"3511",-6857.407
"3512",-6963.122
"3513",-7115.543
"3514",-6786.853
"3515",-6903.341
"3516",-6943.037
"3517",-6837.614
"3518",-6918.642
"3519",-7043.208
"3520",-6832.46
"3521",-6803.054
"3522",-7034.139
"3523",-7001.49
"3524",-6952.946
"3525",-6884.05
"3526",-6956.058
"3527",-6969.578
"3528",-6906.992
"3529",-6886.915
"3530",-7028.141
"3531",-6830.418
"3532",-6734.901
"3533",-6888.141
"3534",-6942.771
"3535",-6789.56
"3536",-6896.331
"3537",-7092.302
"3538",-7008.294
"3539",-6843.325
"3540",-7016.217
"3541",-6809.846
"3542",-6941.463
"3543",-6912.995
"3544",-7039.675
"3545",-6960.197
"3546",-6918.384
"3547",-6810.246
"3548",-6930.098
"3549",-6740.146
"3550",-6689.561
"3551",-6943.794
"3552",-7226.202
"3553",-6786.101
"3554",-7110.062
"3555",-7031.614
"3556",-7007.989
"3557",-6768.298
"3558",-6825.217
"3559",-6962.604
"3560",-7036.953
"3561",-6812.357
"3562",-6952.33
"3563",-6899.828
"3564",-6996.995
"3565",-6882.056
"3566",-6958.984
"3567",-6906.083
"3568",-6987.612
"3569",-6895.133
"3570",-6864.047
"3571",-6911.195
"3572",-6941.01
"3573",-6937.355
"3574",-6889.209
"3575",-6934.28
"3576",-6701.553
"3577",-6886.166
"3578",-7080.319
"3579",-6937.232
"3580",-6778.465
"3581",-6809.344
"3582",-7036.452
"3583",-6788.86
"3584",-6901.293
"3585",-6819.977
"3586",-6867.305
"3587",-7087.137
"3588",-6857.88
"3589",-7061.645
"3590",-6928.425
"3591",-6960.685
"3592",-7071.249
"3593",-6926.788
"3594",-7089.382
"3595",-6935.986
"3596",-6772.104
"3597",-6919.137
"3598",-6759.715
"3599",-6909.967
"3600",-6878.399
"3601",-6885.332
"3602",-6814.454
"3603",-6978.333
"3604",-6957.678
"3605",-6978.83
"3606",-7035.739
"3607",-6839.5
"3608",-7102.022
"3609",-6979.925
"3610",-6925.598
"3611",-6814.673
"3612",-6782.734
"3613",-7005.482
"3614",-6811.805
"3615",-6966.841
"3616",-7063.261
"3617",-6849.048
"3618",-6859.746
"3619",-7044.795
"3620",-6902.06
"3621",-6755.691
"3622",-6959.748
"3623",-7019.893
"3624",-7055.992
"3625",-6929.425
"3626",-6933.498
"3627",-7008.581
"3628",-6920.424
"3629",-7053.155
"3630",-6864.127
"3631",-6968.476
"3632",-6968.657
"3633",-6998.884
"3634",-6905.816
"3635",-6914.879
"3636",-6834.94
"3637",-7122.23
"3638",-6932.504
"3639",-7163.561
"3640",-6684.761
"3641",-6871.697
"3642",-7009.471
"3643",-7067.261
"3644",-6932.113
"3645",-6997.165
"3646",-6954.084
"3647",-6965.487
"3648",-6946.091
"3649",-6966.356
"3650",-6693.217
"3651",-6865.508
"3652",-6855.396
"3653",-6738.551
"3654",-7047.531
"3655",-6953.29
"3656",-7165.064
"3657",-6991.338
"3658",-6801.499
"3659",-6973.086
"3660",-6791.523
"3661",-6871.919
"3662",-6923.859
"3663",-7058.242
"3664",-6937.331
"3665",-6794.441
"3666",-6763.707
"3667",-6994.231
"3668",-6900.827
"3669",-6894.48
"3670",-6902.651
"3671",-6820.604
"3672",-7083.036
"3673",-6813.701
"3674",-6784.801
"3675",-6783.655
"3676",-6911.973
"3677",-6824.356
"3678",-6880.235
"3679",-7128.231
"3680",-6902.572
"3681",-6972.665
"3682",-6741.758
"3683",-6870.607
"3684",-6751.579
"3685",-6871.609
"3686",-6787.235
"3687",-6887.365
"3688",-6964.91
"3689",-6879.298
"3690",-6971.992
"3691",-6922.787
"3692",-6892.361
"3693",-6843.051
"3694",-6918.952
"3695",-6980.948
"3696",-6912.208
"3697",-6855.613
"3698",-6774.444
"3699",-6669.23
"3700",-6902.245
"3701",-6765.168
"3702",-6910.513
"3703",-6856.038
"3704",-6847.448
"3705",-6879.85
"3706",-6761.887
"3707",-6810.444
"3708",-6890.537
"3709",-7058.444
"3710",-6670.163
"3711",-6863.195
"3712",-6934.754
"3713",-6817.727
"3714",-6882.542
"3715",-6847.684
"3716",-6970.598
"3717",-6872.198
"3718",-7015.498
"3719",-6907.815
"3720",-6951.867
"3721",-7120.241
"3722",-6860.572
"3723",-7031.821
"3724",-6854.395
"3725",-6884.591
"3726",-6769.34
"3727",-6921.883
"3728",-6903.415
"3729",-6914.461
"3730",-6877.527
"3731",-6926.052
"3732",-6891.343
"3733",-6933.007
"3734",-6958.041
"3735",-7210.725
"3736",-6978.158
"3737",-6803.879
"3738",-6943.161
"3739",-6985.589
"3740",-7207.503
"3741",-6811.462
"3742",-6827.092
"3743",-6814.348
"3744",-6847.123
"3745",-6980.715
"3746",-6883.403
"3747",-6875.895
"3748",-6839.779
"3749",-6998.099
"3750",-6896.869
"3751",-6914.139
"3752",-6974.929
"3753",-7024.994
"3754",-6796.82
"3755",-6883.465
"3756",-6956.173
"3757",-6878.715
"3758",-6773.949
"3759",-6787.915
"3760",-7066.144
"3761",-7075.267
"3762",-6943.792
"3763",-7083.695
"3764",-7016.204
"3765",-6898.183
"3766",-6815.288
"3767",-6862.838
"3768",-6949.133
"3769",-6858.777
"3770",-6855.715
"3771",-6888.255
"3772",-6812.149
"3773",-6994.167
"3774",-6869.98
"3775",-6972.157
"3776",-6741.385
"3777",-6932.143
"3778",-6772.173
"3779",-7018.682
"3780",-6819.663
"3781",-6921.732
"3782",-7011.005
"3783",-6758.865
"3784",-6923.829
"3785",-7162.683
"3786",-6848.794
"3787",-6856.94
"3788",-6953.369
"3789",-6842.996
"3790",-6867.491
"3791",-6948.732
"3792",-6836.601
"3793",-6819.552
"3794",-6889.251
"3795",-6922.852
"3796",-7133.821
"3797",-7013.505
"3798",-6889.897
"3799",-6822.406
"3800",-6877.687
"3801",-6966.441
"3802",-6983.424
"3803",-6804.249
"3804",-6972.69
"3805",-6984.557
"3806",-6801.558
"3807",-6905.586
"3808",-6887.681
"3809",-6928.767
"3810",-6986.267
"3811",-6679.765
"3812",-6939.559
"3813",-6866.219
"3814",-6852.564
"3815",-6980.25
"3816",-6804.161
"3817",-6805.667
"3818",-7042.275
"3819",-7000.412
"3820",-6845.91
"3821",-6978.251
"3822",-6922.952
"3823",-6989.915
"3824",-6847.134
"3825",-6878.974
"3826",-6952.746
"3827",-6932.607
"3828",-7051.29
"3829",-7134.447
"3830",-7246.643
"3831",-6950.935
"3832",-7012.747
"3833",-6912.004
"3834",-6935.42
"3835",-6757.335
"3836",-6791.01
"3837",-6991.448
"3838",-7028.381
"3839",-6861.814
"3840",-7009.999
"3841",-7064.795
"3842",-6952.65
"3843",-6941.908
"3844",-6730.648
"3845",-7089.807
"3846",-6742.69
"3847",-6902.628
"3848",-6763.264
"3849",-6829.604
"3850",-6924.15
"3851",-6932.094
"3852",-6898.486
"3853",-6883.457
"3854",-7019.142
"3855",-6913.14
"3856",-7040.602
"3857",-7058.906
"3858",-7037.112
"3859",-7018.841
"3860",-6922.112
"3861",-6831.202
"3862",-6939.646
"3863",-6878.794
"3864",-7063.469
"3865",-6760.381
"3866",-7124.073
"3867",-6866.423
"3868",-6994.763
"3869",-6893.453
"3870",-6954.978
"3871",-6846.857
"3872",-6857.144
"3873",-6953.531
"3874",-7037.781
"3875",-6946.074
"3876",-6868.684
"3877",-6874.685
"3878",-6840.375
"3879",-6991.826
"3880",-6949.901
"3881",-6806.832
"3882",-7015.554
"3883",-6924.071
"3884",-6812.694
"3885",-7036.504
"3886",-6711.517
"3887",-6787.375
"3888",-7131.506
"3889",-6896.997
"3890",-7009.586
"3891",-6810.585
"3892",-6937.257
"3893",-6906.969
"3894",-7094.801
"3895",-6957.511
"3896",-7047.789
"3897",-6709.219
"3898",-6842.476
"3899",-6913.407
"3900",-7003.042
"3901",-6888.12
"3902",-6882.396
"3903",-6931.032
"3904",-6888.453
"3905",-6943.623
"3906",-6767.144
"3907",-6748.984
"3908",-6947.013
"3909",-6953.652
"3910",-6971.7
"3911",-6931.065
"3912",-6853.733
"3913",-6982.569
"3914",-7060.934
"3915",-6881.541
"3916",-6880.285
"3917",-6951.472
"3918",-6842.669
"3919",-6847.034
"3920",-6993.806
"3921",-7050.792
"3922",-6969.214
"3923",-6979.942
"3924",-6822.587
"3925",-7032.87
"3926",-6827.018
"3927",-6868.041
"3928",-6848.215
"3929",-7046.873
"3930",-6970.36
"3931",-6915.693
"3932",-6930.275
"3933",-6877.938
"3934",-6768.373
"3935",-7039.278
"3936",-7152.554
"3937",-6871.95
"3938",-6790.254
"3939",-7053.547
"3940",-6888.075
"3941",-7004.742
"3942",-6864.178
"3943",-7039.442
"3944",-6844.363
"3945",-6924.147
"3946",-6962.187
"3947",-6924.905
"3948",-6896.025
"3949",-6837.3
"3950",-6804.607
"3951",-7030.63
"3952",-7087.224
"3953",-7002.98
"3954",-6969.212
"3955",-6995.955
"3956",-7002.296
"3957",-6879.855
"3958",-6881.746
"3959",-6918.422
"3960",-7018.955
"3961",-6950.742
"3962",-6850.986
"3963",-6743.877
"3964",-6923.779
"3965",-6995.717
"3966",-6856.955
"3967",-6857.27
"3968",-6880.597
"3969",-6850.476
"3970",-7092.575
"3971",-6916.226
"3972",-6926.513
"3973",-6948.152
"3974",-6815.856
"3975",-6981.932
"3976",-6851.783
"3977",-6922.497
"3978",-6916.714
"3979",-6912.568
"3980",-6885.87
"3981",-6809.595
"3982",-6728.487
"3983",-7017.009
"3984",-6944.063
"3985",-6826.075
"3986",-6867.942
"3987",-7093.508
"3988",-6974.199
"3989",-7101.873
"3990",-6834.058
"3991",-6854.293
"3992",-6908.487
"3993",-6903.318
"3994",-7026.906
"3995",-6723.558
"3996",-7145.447
"3997",-6868.172
"3998",-7029.74
"3999",-7000.768
"4000",-6965.931
"4001",-6967.746
"4002",-6942.643
"4003",-6965.08
"4004",-7014.679
"4005",-6930.523
"4006",-6888.918
"4007",-6859.548
"4008",-6895.744
"4009",-7027.418
"4010",-7037.886
"4011",-6970.765
"4012",-6914.693
"4013",-7010.427
"4014",-6854.841
"4015",-6977.158
"4016",-6855.674
"4017",-7153.668
"4018",-6755.015
"4019",-6865.005
"4020",-6949.814
"4021",-6971.212
"4022",-7178.842
"4023",-7025.509
"4024",-6946.343
"4025",-6924.245
"4026",-6861.358
"4027",-7090.683
"4028",-7104.871
"4029",-6976.924
"4030",-6880.033
"4031",-6969.568
"4032",-6980.911
"4033",-6751.831
"4034",-6833.111
"4035",-6770.889
"4036",-7097.12
"4037",-7039.132
"4038",-6948.669
"4039",-7047.846
"4040",-6792.605
"4041",-6870.244
"4042",-6886.579
"4043",-6923.237
"4044",-6935.22
"4045",-7042.511
"4046",-6819.148
"4047",-7125.767
"4048",-7041.795
"4049",-6698.175
"4050",-6888.221
"4051",-7237.771
"4052",-6777.339
"4053",-6875.757
"4054",-6787.927
"4055",-6840.715
"4056",-6928.643
"4057",-6915.396
"4058",-6777.887
"4059",-6961.759
"4060",-6951.596
"4061",-6970.333
"4062",-6822.244
"4063",-6921.19
"4064",-6803.65
"4065",-6853.697
"4066",-6793.822
"4067",-7075.888
"4068",-6985.28
"4069",-6787.263
"4070",-7095.218
"4071",-6984.503
"4072",-7110.839
"4073",-6999.996
"4074",-6933.321
"4075",-6864.555
"4076",-6932.004
"4077",-6948.964
"4078",-7043.532
"4079",-6991.755
"4080",-6975.117
"4081",-6932.182
"4082",-7024.605
"4083",-6900.639
"4084",-6950.279
"4085",-6917.068
"4086",-7020.377
"4087",-6915.411
"4088",-7003.135
"4089",-6938.627
"4090",-7078.558
"4091",-7062.44
"4092",-6917.816
"4093",-6942.648
"4094",-6981.433
"4095",-7042.251
"4096",-7039.459
"4097",-6992.203
"4098",-6799.45
"4099",-6922.546
"4100",-7015.234
"4101",-6815.98
"4102",-6675.347
"4103",-6987.86
"4104",-6959.87
"4105",-6999.336
"4106",-6951.973
"4107",-6972.517
"4108",-6858.486
"4109",-7003.815
"4110",-6796.496
"4111",-6886.484
"4112",-6888.631
"4113",-6805.216
"4114",-7017.857
"4115",-6964.11
"4116",-7017.481
"4117",-6921.198
"4118",-6982.724
"4119",-6953.197
"4120",-6862.267
"4121",-7028.825
"4122",-6933.84
"4123",-6850.969
"4124",-6967.461
"4125",-6961.181
"4126",-6784.212
"4127",-7068.382
"4128",-6925.472
"4129",-6870.153
"4130",-6757.305
"4131",-6904.584
"4132",-7002.764
"4133",-7039.797
"4134",-7035.339
"4135",-6924.762
"4136",-6974.972
"4137",-7179.46
"4138",-6935.717
"4139",-6907.033
"4140",-6924.065
"4141",-6880.539
"4142",-6795.003
"4143",-7013.48
"4144",-6948.085
"4145",-6940.218
"4146",-7026.193
"4147",-6822.147
"4148",-6951.419
"4149",-6936.503
"4150",-6887.357
"4151",-6819.336
"4152",-6882.393
"4153",-7134.766
"4154",-6975.871
"4155",-6908.64
"4156",-6800.904
"4157",-6934.934
"4158",-6833.911
"4159",-6808.088
"4160",-6741.838
"4161",-6827.5
"4162",-7082.51
"4163",-7047.349
"4164",-6947.521
"4165",-6736.107
"4166",-6999.417
"4167",-6982.694
"4168",-6941.814
"4169",-6797.882
"4170",-6965.125
"4171",-7122.023
"4172",-6976.286
"4173",-6882.757
"4174",-7047.703
"4175",-6827.549
"4176",-6906.934
"4177",-6942.794
"4178",-6908.654
"4179",-7031.547
"4180",-6918.069
"4181",-7062.522
"4182",-6923.341
"4183",-6884.802
"4184",-6922.644
"4185",-6844.911
"4186",-6887.726
"4187",-7035.684
"4188",-7003.207
"4189",-6882.477
"4190",-7072.453
"4191",-6968.082
"4192",-6975.537
"4193",-6940.922
"4194",-6920.484
"4195",-6840.182
"4196",-6913.44
"4197",-6905.605
"4198",-7041.192
"4199",-7028.996
"4200",-7032.773
"4201",-6669.397
"4202",-6989.265
"4203",-6948.932
"4204",-7028.627
"4205",-6829.1
"4206",-7044.344
"4207",-6959.959
"4208",-6900.206
"4209",-7001.537
"4210",-6986.51
"4211",-7011.022
"4212",-6866.573
"4213",-6987.652
"4214",-6741.006
"4215",-6771.934
"4216",-6939.321
"4217",-7010.724
"4218",-6855.566
"4219",-6911.917
"4220",-6973.343
"4221",-6830.565
"4222",-6939.378
"4223",-6966.741
"4224",-7001.195
"4225",-6831.195
"4226",-6805.945
"4227",-7045.835
"4228",-6802.121
"4229",-6989.324
"4230",-6937.458
"4231",-6974.548
"4232",-6903.566
"4233",-6960.823
"4234",-7046.123
"4235",-6981.794
"4236",-7004.715
"4237",-6803.783
"4238",-6839.623
"4239",-6878.764
"4240",-6908.668
"4241",-7003.634
"4242",-6784.296
"4243",-6986.524
"4244",-6706.756
"4245",-7017.553
"4246",-6813.372
"4247",-6861.077
"4248",-6801.28
"4249",-7070.617
"4250",-6903.085
"4251",-6851.672
"4252",-6834.326
"4253",-6938.746
"4254",-6943.412
"4255",-7002.078
"4256",-6873.284
"4257",-7101.089
"4258",-6884.297
"4259",-6832.086
"4260",-7068.009
"4261",-6944.098
"4262",-7026.033
"4263",-6858.594
"4264",-6916.716
"4265",-6774.674
"4266",-6803.927
"4267",-6991
"4268",-7105.949
"4269",-6926.258
"4270",-6889.99
"4271",-6879.671
"4272",-7001.923
"4273",-6908.027
"4274",-6817.754
"4275",-6967.824
"4276",-6881.101
"4277",-6894.042
"4278",-6830.054
"4279",-6945.483
"4280",-6787.806
"4281",-6870.954
"4282",-6996.09
"4283",-6923.385
"4284",-6991.979
"4285",-6797.732
"4286",-6828.395
"4287",-6990.281
"4288",-6886.411
"4289",-6945.317
"4290",-6872.827
"4291",-7112.984
"4292",-7075.055
"4293",-6887.623
"4294",-6934.66
"4295",-6927.885
"4296",-6774.126
"4297",-6955.272
"4298",-6904.422
"4299",-6935.099
"4300",-6935.516
"4301",-6851.947
"4302",-6925.765
"4303",-6925.033
"4304",-7097.215
"4305",-6959.491
"4306",-7062.385
"4307",-7032.675
"4308",-6966.213
"4309",-7067.082
"4310",-6951.862
"4311",-7015.553
"4312",-7029.881
"4313",-6933.456
"4314",-6916.42
"4315",-6798.509
"4316",-6878.383
"4317",-6985.404
"4318",-6931.877
"4319",-6859.408
"4320",-7137.111
"4321",-6984.918
"4322",-6963.374
"4323",-6913.458
"4324",-7030.629
"4325",-6803.458
"4326",-7045.826
"4327",-6986.834
"4328",-6934.577
"4329",-6819.602
"4330",-6940.034
"4331",-6917.047
"4332",-6915.328
"4333",-6928.753
"4334",-6856.937
"4335",-6978.673
"4336",-6941.489
"4337",-7058.784
"4338",-6848.213
"4339",-6862.608
"4340",-6952.181
"4341",-6892.043
"4342",-6912.345
"4343",-6829.317
"4344",-7090.273
"4345",-7121.368
"4346",-6951.818
"4347",-7047.831
"4348",-6898.027
"4349",-7005.207
"4350",-7032.659
"4351",-7109.594
"4352",-6961.504
"4353",-7066.607
"4354",-7057.785
"4355",-6906.742
"4356",-6939.077
"4357",-6982.101
"4358",-7105.412
"4359",-6741.466
"4360",-6994.044
"4361",-7063.351
"4362",-6869.717
"4363",-7035.059
"4364",-6800.862
"4365",-7075.981
"4366",-6921.584
"4367",-6894.688
"4368",-6859.062
"4369",-7020.399
"4370",-7063.14
"4371",-6737.559
"4372",-7046.918
"4373",-7063.243
"4374",-6845.729
"4375",-6985.205
"4376",-6766.245
"4377",-6988.334
"4378",-6968.195
"4379",-6975.111
"4380",-7042.757
"4381",-6801.528
"4382",-7095.165
"4383",-6803.783
"4384",-6869.564
"4385",-6973.951
"4386",-6931.17
"4387",-6807.127
"4388",-7058.667
"4389",-6896.117
"4390",-6869.485
"4391",-6779.024
"4392",-6944.997
"4393",-7010.134
"4394",-6995.599
"4395",-6943.46
"4396",-6929.628
"4397",-6877.234
"4398",-7014.134
"4399",-6978.584
"4400",-6964
"4401",-6896.555
"4402",-6981.991
"4403",-7020.124
"4404",-6905.989
"4405",-6824.093
"4406",-6979.778
"4407",-6820.715
"4408",-6964.143
"4409",-6932.595
"4410",-7140.104
"4411",-6875.794
"4412",-6967.004
"4413",-6881.996
"4414",-7075.86
"4415",-6888.346
"4416",-6976.922
"4417",-7050.356
"4418",-6897.23
"4419",-6693.856
"4420",-6770.605
"4421",-7025.592
"4422",-6777.076
"4423",-7044.522
"4424",-7079.83
"4425",-6980.292
"4426",-6893.446
"4427",-6880.611
"4428",-6943.636
"4429",-6958.745
"4430",-6817.033
"4431",-6884.856
"4432",-6832.072
"4433",-6944.196
"4434",-6812.296
"4435",-6882.223
"4436",-7100.727
"4437",-6863.805
"4438",-6908.34
"4439",-6855.927
"4440",-6859.635
"4441",-6942.223
"4442",-6877.898
"4443",-6911.478
"4444",-6906.492
"4445",-6678.223
"4446",-6794.448
"4447",-6869.329
"4448",-6858.101
"4449",-6919.687
"4450",-6915.041
"4451",-6833.073
"4452",-6943.534
"4453",-6906.525
"4454",-6994.042
"4455",-6838.207
"4456",-6759.396
"4457",-6793.226
"4458",-6925.073
"4459",-6952.842
"4460",-7070.841
"4461",-6861.096
"4462",-7055.634
"4463",-6836.402
"4464",-6807.034
"4465",-6964.981
"4466",-6881.923
"4467",-6876.921
"4468",-6872.533
"4469",-6949.748
"4470",-6995.995
"4471",-6981.266
"4472",-6915.768
"4473",-6813.609
"4474",-6755.465
"4475",-6883.435
"4476",-6935.78
"4477",-6812.525
"4478",-6798.165
"4479",-7020.544
"4480",-6880.32
"4481",-6820.209
"4482",-6872.473
"4483",-6764.957
"4484",-6819.948
"4485",-6950.081
"4486",-6936.047
"4487",-6780.973
"4488",-6867.273
"4489",-6905.192
"4490",-6791.934
"4491",-6992.395
"4492",-6983.19
"4493",-6839.726
"4494",-7050.693
"4495",-6860.85
"4496",-7073.457
"4497",-6942.661
"4498",-6964.803
"4499",-6976.018
"4500",-6900.567
"4501",-6984.278
"4502",-6900.399
"4503",-7107.906
"4504",-7175.755
"4505",-6905.204
"4506",-6726.801
"4507",-6925.745
"4508",-6968.065
"4509",-6859.952
"4510",-6795.583
"4511",-6979.927
"4512",-6950.955
"4513",-6734.823
"4514",-6993.337
"4515",-6835.083
"4516",-6870.276
"4517",-6957.776
"4518",-6909.578
"4519",-6981.443
"4520",-6904.358
"4521",-6977.902
"4522",-6787.29
"4523",-6822.875
"4524",-6980.212
"4525",-6920.738
"4526",-6946.03
"4527",-6848.472
"4528",-6953.374
"4529",-6979.709
"4530",-7082.377
"4531",-6938.273
"4532",-6863.875
"4533",-6919.57
"4534",-6623.453
"4535",-6880.374
"4536",-6783.132
"4537",-6885.441
"4538",-7100.702
"4539",-6884.136
"4540",-6984.485
"4541",-6838.91
"4542",-6998.983
"4543",-6848.29
"4544",-7052.004
"4545",-6914.588
"4546",-6748.896
"4547",-6965.499
"4548",-6980.331
"4549",-6898.133
"4550",-7035.93
"4551",-6881.657
"4552",-6996.556
"4553",-6746.321
"4554",-7070.512
"4555",-6803.829
"4556",-6915.671
"4557",-6863.822
"4558",-6915.125
"4559",-6901.43
"4560",-6986.468
"4561",-6841.534
"4562",-7024.487
"4563",-6978.117
"4564",-6866.11
"4565",-6878.429
"4566",-6883.365
"4567",-6896.508
"4568",-7004.664
"4569",-6931.045
"4570",-7019.719
"4571",-6925.512
"4572",-6842.308
"4573",-6938.194
"4574",-7000.94
"4575",-7048.514
"4576",-6966.574
"4577",-6883.771
"4578",-7101.535
"4579",-6764.16
"4580",-7154.263
"4581",-6925.309
"4582",-6948.379
"4583",-7261.21
"4584",-6857.114
"4585",-6852.266
"4586",-6880.179
"4587",-6854.579
"4588",-6971.481
"4589",-6940.89
"4590",-6922.99
"4591",-6778.038
"4592",-7038.401
"4593",-6758.788
"4594",-6895.284
"4595",-6902.299
"4596",-6988.212
"4597",-6966.77
"4598",-6887.701
"4599",-7002.683
"4600",-6921.412
"4601",-6835.674
"4602",-6894.11
"4603",-6813.731
"4604",-6842.86
"4605",-6994.673
"4606",-7140.896
"4607",-6897.287
"4608",-6824.087
"4609",-6995.102
"4610",-6904.118
"4611",-6907.807
"4612",-6911.059
"4613",-6931.482
"4614",-6760.012
"4615",-6909.814
"4616",-7051.679
"4617",-6890.582
"4618",-6815.382
"4619",-6891.099
"4620",-6974.821
"4621",-6878.018
"4622",-7106.874
"4623",-7016.246
"4624",-7100.506
"4625",-6863.785
"4626",-6891.579
"4627",-6905.93
"4628",-6897.348
"4629",-6822.311
"4630",-6773.182
"4631",-6701.644
"4632",-6935.678
"4633",-6937.971
"4634",-6963.294
"4635",-6856.704
"4636",-6776.368
"4637",-6848.216
"4638",-6873.892
"4639",-6881.802
"4640",-7076.891
"4641",-6850.942
"4642",-6978.78
"4643",-7013.274
"4644",-6844.3
"4645",-7052.795
"4646",-6725.393
"4647",-6865.382
"4648",-6789.803
"4649",-7125.414
"4650",-6961.512
"4651",-6708.459
"4652",-6922.837
"4653",-6740.065
"4654",-6743.639
"4655",-7093.704
"4656",-7051.689
"4657",-6846.927
"4658",-6770.209
"4659",-6985.777
"4660",-7028.316
"4661",-6918.621
"4662",-6870.471
"4663",-7048.413
"4664",-6853.703
"4665",-6937.465
"4666",-6945.913
"4667",-6959.919
"4668",-6939.732
"4669",-6901.863
"4670",-7093.829
"4671",-7040.867
"4672",-6939.521
"4673",-7003.423
"4674",-7069.312
"4675",-6856.326
"4676",-6930.375
"4677",-7064.335
"4678",-6989.775
"4679",-6847.386
"4680",-6901.575
"4681",-7009.795
"4682",-6964.021
"4683",-6940.231
"4684",-6931.977
"4685",-6795.771
"4686",-6841.34
"4687",-6861.681
"4688",-6975.146
"4689",-6750.782
"4690",-7047.167
"4691",-7122.465
"4692",-7037.909
"4693",-6916.57
"4694",-7030.421
"4695",-6922.461
"4696",-7089.586
"4697",-6962.249
"4698",-6813.26
"4699",-7168.115
"4700",-6825.074
"4701",-6816.775
"4702",-6986.804
"4703",-7038.071
"4704",-6854.925
"4705",-6936.815
"4706",-6733.517
"4707",-6966.615
"4708",-6923.45
"4709",-6844.169
"4710",-6811.618
"4711",-6916.781
"4712",-6966.562
"4713",-6828.866
"4714",-6877.778
"4715",-6995.853
"4716",-7084.798
"4717",-6731.582
"4718",-6989.907
"4719",-7028.896
"4720",-6836.372
"4721",-6874.599
"4722",-6999.596
"4723",-6753.692
"4724",-6882.559
"4725",-6868.518
"4726",-6995.768
"4727",-6745.597
"4728",-6877.752
"4729",-7011.687
"4730",-7002.371
"4731",-6755.248
"4732",-6934.672
"4733",-7015.566
"4734",-6908.387
"4735",-6992.326
"4736",-7041.742
"4737",-6903.338
"4738",-6871.437
"4739",-6988.655
"4740",-6853.648
"4741",-6998.08
"4742",-6946.636
"4743",-6774.117
"4744",-7121.869
"4745",-7065.873
"4746",-6772.434
"4747",-6894.562
"4748",-6964.073
"4749",-7068.154
"4750",-6772.829
"4751",-6988.909
"4752",-6894.931
"4753",-6804.808
"4754",-6894.736
"4755",-6917.879
"4756",-6899.604
"4757",-6890.329
"4758",-7008.293
"4759",-6915.247
"4760",-7124.154
"4761",-7156.464
"4762",-7027.416
"4763",-6849.471
"4764",-6967.714
"4765",-7045.051
"4766",-7009.536
"4767",-7076.215
"4768",-6964.839
"4769",-6999.361
"4770",-6864.057
"4771",-6821.406
"4772",-6931.127
"4773",-6978.089
"4774",-7065.341
"4775",-6980.056
"4776",-7003.886
"4777",-7050.491
"4778",-6743.14
"4779",-6871.377
"4780",-6888.739
"4781",-6732.478
"4782",-7006.149
"4783",-7051.272
"4784",-7072.469
"4785",-6890.093
"4786",-6976.007
"4787",-6843.591
"4788",-6890.703
"4789",-7001.079
"4790",-6836.095
"4791",-6847.567
"4792",-6842.366
"4793",-7132.942
"4794",-6995.264
"4795",-7072.671
"4796",-6906.372
"4797",-6786.472
"4798",-6912.932
"4799",-6975.998
"4800",-6843.683
"4801",-6982.857
"4802",-7022.678
"4803",-6977.393
"4804",-6972.03
"4805",-6925.279
"4806",-6975.112
"4807",-6974.916
"4808",-6963.485
"4809",-6909.679
"4810",-6791.404
"4811",-6873.483
"4812",-6878.47
"4813",-6970.178
"4814",-7029.155
"4815",-6811.974
"4816",-7165.41
"4817",-7039.404
"4818",-6909.498
"4819",-6899.66
"4820",-6934.33
"4821",-6976.112
"4822",-6983.579
"4823",-6824.272
"4824",-7101.155
"4825",-6964.186
"4826",-6911.823
"4827",-6920.683
"4828",-7049.173
"4829",-6754.675
"4830",-6904.037
"4831",-7073.877
"4832",-6992.515
"4833",-7057.148
"4834",-6908.645
"4835",-6740.346
"4836",-6855.428
"4837",-6839.37
"4838",-7106.66
"4839",-6985.286
"4840",-6964.41
"4841",-6939.542
"4842",-6874.531
"4843",-6677.488
"4844",-6943.421
"4845",-6983.047
"4846",-6989.097
"4847",-6962.849
"4848",-6825.768
"4849",-6908.463
"4850",-7065.138
"4851",-6798.811
"4852",-7050.877
"4853",-7018.46
"4854",-6905.245
"4855",-6940.133
"4856",-7038.872
"4857",-7125.291
"4858",-6932.227
"4859",-6808.436
"4860",-6824.654
"4861",-6946.974
"4862",-7034.137
"4863",-6775.631
"4864",-6809.274
"4865",-6749.372
"4866",-7022.984
"4867",-6730.119
"4868",-6768.299
"4869",-7102.925
"4870",-6956.273
"4871",-6812.974
"4872",-6995.077
"4873",-6935.272
"4874",-6895.47
"4875",-6958.877
"4876",-7010.917
"4877",-6884.221
"4878",-6969.186
"4879",-6925.355
"4880",-6905.715
"4881",-6929.041
"4882",-6962.344
"4883",-6817.029
"4884",-6780.056
"4885",-6889.897
"4886",-6822.064
"4887",-6919.364
"4888",-7014.249
"4889",-6910.733
"4890",-7025.27
"4891",-6977.312
"4892",-7063.152
"4893",-6920.912
"4894",-6903.791
"4895",-6858.116
"4896",-6914.044
"4897",-7034.85
"4898",-6911.976
"4899",-6827.622
"4900",-6893.173
"4901",-6972.201
"4902",-6938.027
"4903",-6921.63
"4904",-6820.193
"4905",-7064.752
"4906",-6921.552
"4907",-6852.723
"4908",-6872.481
"4909",-6864.08
"4910",-6823.365
"4911",-6939.212
"4912",-6845.819
"4913",-6905.379
"4914",-6794.93
"4915",-6914.297
"4916",-6804.024
"4917",-6908.136
"4918",-6844.691
"4919",-6997.962
"4920",-6826.553
"4921",-6865.022
"4922",-6943.665
"4923",-6848.931
"4924",-6839.55
"4925",-6886.272
"4926",-7002.555
"4927",-6940.995
"4928",-7040.965
"4929",-6898.472
"4930",-6892.168
"4931",-7002.358
"4932",-6726.213
"4933",-7022.392
"4934",-6859.227
"4935",-6882.789
"4936",-6802.158
"4937",-7164.394
"4938",-6927.504
"4939",-6807.309
"4940",-7075.889
"4941",-6835.087
"4942",-6865.477
"4943",-6756.383
"4944",-6930.301
"4945",-7003.302
"4946",-6919.415
"4947",-6985.271
"4948",-6976.112
"4949",-6923.137
"4950",-6979.524
"4951",-7083.065
"4952",-6994.723
"4953",-6881.617
"4954",-6941.674
"4955",-7059.928
"4956",-6868.625
"4957",-6922.789
"4958",-6770.617
"4959",-7148.551
"4960",-6970.253
"4961",-6826.649
"4962",-6822.47
"4963",-6882.2
"4964",-6902.544
"4965",-6681.989
"4966",-7050.508
"4967",-6914.46
"4968",-6851.024
"4969",-6989.05
"4970",-6763.242
"4971",-6962.257
"4972",-6954.604
"4973",-6815.792
"4974",-6766.44
"4975",-6813.645
"4976",-7059.393
"4977",-6810.637
"4978",-6838.614
"4979",-6969.242
"4980",-6748.086
"4981",-7128.217
"4982",-6873.985
"4983",-6993.451
"4984",-6975.118
"4985",-6995.514
"4986",-6875.007
"4987",-7115.567
"4988",-6865.194
"4989",-6760.947
"4990",-6879.913
"4991",-6767.17
"4992",-6877.632
"4993",-6826.155
"4994",-6899.145
"4995",-6994.632
"4996",-6882.14
"4997",-6922.139
"4998",-7021.342
"4999",-6830.967
"5000",-6920.392
"5001",-7045.664
"5002",-7015.33
"5003",-6889.304
"5004",-6902.592
"5005",-6952.188
"5006",-6946.944
"5007",-6860.91
"5008",-6985.709
"5009",-6859.907
"5010",-6923.384
"5011",-6799.247
"5012",-6739.571
"5013",-6855.69
"5014",-6934.708
"5015",-6867.808
"5016",-7096.45
"5017",-7032.56
"5018",-6852.432
"5019",-6836.033
"5020",-6834.654
"5021",-6905.474
"5022",-7131.158
"5023",-6865.471
"5024",-6840.871
"5025",-6682.719
"5026",-7157.273
"5027",-6789.314
"5028",-6845.186
"5029",-6958.497
"5030",-6959.664
"5031",-7053.2
"5032",-7029.963
"5033",-6921.072
"5034",-6845.528
"5035",-6940.835
"5036",-6953.516
"5037",-6871.576
"5038",-6982.584
"5039",-6965.903
"5040",-6792.828
"5041",-6802.399
"5042",-7055.117
"5043",-6673.465
"5044",-6902.613
"5045",-6992.574
"5046",-6830.884
"5047",-6684.522
"5048",-6899.609
"5049",-6927.37
"5050",-7000.409
"5051",-6796.132
"5052",-7089.623
"5053",-7093.966
"5054",-6966.03
"5055",-7083.104
"5056",-6890.104
"5057",-7085.744
"5058",-7033.676
"5059",-6892.095
"5060",-6892.199
"5061",-6975.921
"5062",-6925.968
"5063",-6692.696
"5064",-7061.405
"5065",-6921.557
"5066",-6984.72
"5067",-7125.179
"5068",-6942.183
"5069",-6933.96
"5070",-6904.536
"5071",-7073.302
"5072",-7031.692
"5073",-6923.33
"5074",-6882.22
"5075",-6876.407
"5076",-6911.43
"5077",-6883.698
"5078",-6901.765
"5079",-6904.063
"5080",-6742.969
"5081",-6770.763
"5082",-6842.832
"5083",-6870.589
"5084",-6707.632
"5085",-6988.108
"5086",-7025.271
"5087",-6805.721
"5088",-7009.507
"5089",-7019.904
"5090",-6828.039
"5091",-6953.278
"5092",-7025.82
"5093",-6907.411
"5094",-6854.172
"5095",-6903.629
"5096",-6871.317
"5097",-6944.661
"5098",-6806.954
"5099",-7082.813
"5100",-6943.807
"5101",-6806.952
"5102",-6957.392
"5103",-7000.361
"5104",-6933.907
"5105",-6978.759
"5106",-6814.739
"5107",-6956.082
"5108",-7071.963
"5109",-6957.222
"5110",-6899.309
"5111",-7098.923
"5112",-7099.327
"5113",-6861.613
"5114",-6730.465
"5115",-6978.837
"5116",-6884.876
"5117",-6911.271
"5118",-6848.979
"5119",-6895.106
"5120",-7063.96
"5121",-7036.923
"5122",-6864.856
"5123",-6894.56
"5124",-6792.952
"5125",-6893.315
"5126",-6866.979
"5127",-6882.352
"5128",-6778.025
"5129",-6858.915
"5130",-6977.499
"5131",-6883.883
"5132",-6893.844
"5133",-6943.777
"5134",-6920.279
"5135",-7060.855
"5136",-6996.321
"5137",-6759.788
"5138",-6918.967
"5139",-6977.464
"5140",-6993.404
"5141",-6944.575
"5142",-7002.761
"5143",-6918.24
"5144",-6946.069
"5145",-6863.953
"5146",-6997.686
"5147",-6982.023
"5148",-6901.161
"5149",-6914.346
"5150",-6902.329
"5151",-6984.649
"5152",-6913.724
"5153",-6887.175
"5154",-6818.716
"5155",-7031.182
"5156",-6908.99
"5157",-7039.12
"5158",-6769.752
"5159",-6863.642
"5160",-7022.992
"5161",-6912.975
"5162",-7041.239
"5163",-6960.177
"5164",-6859.865
"5165",-6867.74
"5166",-6912.924
"5167",-7013.247
"5168",-6891.631
"5169",-6912.769
"5170",-6998.78
"5171",-6967.084
"5172",-7195.594
"5173",-6994.354
"5174",-6685.432
"5175",-6884.056
"5176",-6914.667
"5177",-6831.693
"5178",-6848.368
"5179",-6749.106
"5180",-7058.468
"5181",-6789.123
"5182",-7010.903
"5183",-7039.191
"5184",-6942.106
"5185",-6967.239
"5186",-6957.272
"5187",-6936.509
"5188",-6911.021
"5189",-6873.963
"5190",-6934.562
"5191",-6935.513
"5192",-7001.654
"5193",-6843.203
"5194",-7060.663
"5195",-6966.862
"5196",-6881.463
"5197",-6942.922
"5198",-6907.408
"5199",-6888.147
"5200",-7049.073
"5201",-6853.709
"5202",-6983.371
"5203",-7018.217
"5204",-6977.752
"5205",-6834.62
"5206",-6827.049
"5207",-6833.59
"5208",-6944.645
"5209",-7220.962
"5210",-6772.026
"5211",-6963.963
"5212",-7035.589
"5213",-6900.813
"5214",-7020.921
"5215",-7095.918
"5216",-7129.977
"5217",-6963.011
"5218",-6947.006
"5219",-6984.225
"5220",-7005.047
"5221",-6944.636
"5222",-6795.724
"5223",-7046.484
"5224",-6950.917
"5225",-6811.254
"5226",-6888.416
"5227",-6818.105
"5228",-6917.192
"5229",-6901.082
"5230",-6917.149
"5231",-6872.619
"5232",-7028.047
"5233",-6864.779
"5234",-6910.418
"5235",-6864.413
"5236",-6986.034
"5237",-6945.169
"5238",-6908.633
"5239",-6939.573
"5240",-6679.317
"5241",-6948.328
"5242",-6924.895
"5243",-7132.136
"5244",-6948.606
"5245",-6972.807
"5246",-6874.627
"5247",-6966.399
"5248",-6960.617
"5249",-6977.699
"5250",-7153.574
"5251",-7019.819
"5252",-6996.618
"5253",-6917.818
"5254",-6734.24
"5255",-6932.322
"5256",-6890.647
"5257",-6801.282
"5258",-6966.49
"5259",-6943.342
"5260",-7062.262
"5261",-6863.486
"5262",-6719.931
"5263",-6901.035
"5264",-6905.911
"5265",-6944.129
"5266",-7009.205
"5267",-7109.567
"5268",-6920.827
"5269",-6874.851
"5270",-7008.662
"5271",-6896.651
"5272",-6893.592
"5273",-6953.132
"5274",-7004.241
"5275",-6836.754
"5276",-6826.485
"5277",-7052.643
"5278",-7076.052
"5279",-6836.779
"5280",-7127.189
"5281",-7081.797
"5282",-6822.25
"5283",-6872.925
"5284",-6874.939
"5285",-6992.241
"5286",-6852.454
"5287",-6879.514
"5288",-6826.769
"5289",-6968.35
"5290",-7039.507
"5291",-6852.97
"5292",-6838.714
"5293",-6927.809
"5294",-6802.674
"5295",-7134.705
"5296",-7033.751
"5297",-6949.518
"5298",-6911.08
"5299",-7018.567
"5300",-7035.008
"5301",-6922.656
"5302",-6850.15
"5303",-6921.643
"5304",-6848.954
"5305",-6793.095
"5306",-7033.144
"5307",-6969.983
"5308",-6933.011
"5309",-6942.5
"5310",-7087.899
"5311",-6931.469
"5312",-6928.246
"5313",-6833.315
"5314",-6854.168
"5315",-6851.886
"5316",-7032.255
"5317",-7072.534
"5318",-6934.426
"5319",-6928.428
"5320",-6960.312
"5321",-7002.899
"5322",-6896.241
"5323",-6931.131
"5324",-6874.168
"5325",-6958.842
"5326",-6747.023
"5327",-6801.252
"5328",-7058.637
"5329",-6954.337
"5330",-6761.941
"5331",-6940.764
"5332",-6943.152
"5333",-7004.452
"5334",-7011.061
"5335",-7018.115
"5336",-6852.54
"5337",-6996.999
"5338",-7077.632
"5339",-6968.981
"5340",-6783.605
"5341",-6933.643
"5342",-6950.423
"5343",-6760.429
"5344",-7042.911
"5345",-7054.861
"5346",-7130.115
"5347",-6871.928
"5348",-6981.932
"5349",-6967.852
"5350",-6827.77
"5351",-6977.613
"5352",-6818.569
"5353",-7129.73
"5354",-6770.73
"5355",-6955.85
"5356",-6947.315
"5357",-6923.64
"5358",-7141.365
"5359",-6939.994
"5360",-6906.663
"5361",-6949.731
"5362",-6849.234
"5363",-6964.422
"5364",-6848.389
"5365",-6920.617
"5366",-7096.85
"5367",-6813.41
"5368",-6968.276
"5369",-6909.735
"5370",-6983.202
"5371",-7096.753
"5372",-7020.099
"5373",-6893.57
"5374",-6943.081
"5375",-6744.194
"5376",-6995.402
"5377",-7091.357
"5378",-6906.705
"5379",-6954.788
"5380",-6999.159
"5381",-6973.882
"5382",-6858.575
"5383",-6979.962
"5384",-6769.067
"5385",-6901.266
"5386",-6864.254
"5387",-6954.628
"5388",-6879.216
"5389",-6781.162
"5390",-6938.854
"5391",-6902.134
"5392",-6952.294
"5393",-6907.645
"5394",-7001.854
"5395",-7093.226
"5396",-6813.909
"5397",-7081.743
"5398",-6909.886
"5399",-6900.883
"5400",-6925.118
"5401",-6856.606
"5402",-6680.297
"5403",-6858.155
"5404",-6974.5
"5405",-6798.64
"5406",-6771.985
"5407",-6893.47
"5408",-6942.675
"5409",-7067.504
"5410",-6852.694
"5411",-6789.319
"5412",-7022.863
"5413",-6921.162
"5414",-6924.95
"5415",-7038.198
"5416",-6991.965
"5417",-7032.148
"5418",-7059.629
"5419",-7046.301
"5420",-6899.82
"5421",-6861.536
"5422",-6844.834
"5423",-6998.804
"5424",-6699.847
"5425",-6916.567
"5426",-6964.951
"5427",-6907.814
"5428",-6868.36
"5429",-7041.137
"5430",-7120.429
"5431",-6965.315
"5432",-6921.987
"5433",-6970.505
"5434",-7051.248
"5435",-6846.655
"5436",-6760.405
"5437",-6838.286
"5438",-6953.647
"5439",-6909.194
"5440",-7074.252
"5441",-6970.581
"5442",-7136.502
"5443",-6839.172
"5444",-6871.715
"5445",-6908.331
"5446",-6867.924
"5447",-6829.914
"5448",-7044.381
"5449",-6736.673
"5450",-6786.678
"5451",-7061.07
"5452",-6776.688
"5453",-6836.39
"5454",-6931.626
"5455",-6769.294
"5456",-6913.749
"5457",-6846.489
"5458",-6865.559
"5459",-7030.317
"5460",-6985.879
"5461",-7013.685
"5462",-7044.138
"5463",-6920.078
"5464",-6933.748
"5465",-6947.695
"5466",-6998.663
"5467",-6885.666
"5468",-6921.712
"5469",-7024.163
"5470",-7037.332
"5471",-6868.779
"5472",-6890.409
"5473",-6912.677
"5474",-6795.576
"5475",-6819.602
"5476",-6869.504
"5477",-7029.021
"5478",-7009.208
"5479",-6867.183
"5480",-6945.366
"5481",-6904.813
"5482",-7123.056
"5483",-6825.513
"5484",-7032.32
"5485",-6796.743
"5486",-7092.693
"5487",-6823.757
"5488",-6852.462
"5489",-6850.142
"5490",-7076.681
"5491",-6975.031
"5492",-6980.338
"5493",-7196.489
"5494",-6941.415
"5495",-6913.778
"5496",-6801.117
"5497",-6902.259
"5498",-7070.7
"5499",-6964.433
"5500",-6901.677
"5501",-6994.222
"5502",-7121.582
"5503",-6868.93
"5504",-6993.314
"5505",-6852.158
"5506",-6963.333
"5507",-6983.363
"5508",-6770.909
"5509",-6902.95
"5510",-6732.884
"5511",-6929.185
"5512",-6892.568
"5513",-6923.289
"5514",-7061.902
"5515",-6952.769
"5516",-6768.87
"5517",-6745.638
"5518",-7091.173
"5519",-6768.073
"5520",-6874.178
"5521",-7165.263
"5522",-6727.272
"5523",-7142.284
"5524",-6772.881
"5525",-6912.364
"5526",-6938.502
"5527",-7063.077
"5528",-6770.65
"5529",-7016.261
"5530",-6742.084
"5531",-7009.372
"5532",-7016.681
"5533",-7052.601
"5534",-6850.932
"5535",-7019.253
"5536",-6817.515
"5537",-7043.323
"5538",-7115.914
"5539",-6825.349
"5540",-6826.491
"5541",-6963.806
"5542",-6687.622
"5543",-6944.422
"5544",-6889.496
"5545",-7026.776
"5546",-6948.2
"5547",-6967.865
"5548",-7002.84
"5549",-6853.03
"5550",-6893.954
"5551",-6906.438
"5552",-6875.258
"5553",-6854.125
"5554",-7130.733
"5555",-6979.978
"5556",-6854.585
"5557",-6778.891
"5558",-6846.437
"5559",-6909.083
"5560",-6807.519
"5561",-7015.922
"5562",-7152.786
"5563",-6929.84
"5564",-6841.534
"5565",-6804.192
"5566",-7095.321
"5567",-6911.948
"5568",-7047.664
"5569",-6873.556
"5570",-6893.92
"5571",-7005.143
"5572",-6976.005
"5573",-6981.816
"5574",-6808.642
"5575",-6796.516
"5576",-6925.594
"5577",-7023.615
"5578",-7094.409
"5579",-6835.286
"5580",-6989.444
"5581",-6942.542
"5582",-6863.275
"5583",-7080.588
"5584",-6961.66
"5585",-6940.556
"5586",-6884.267
"5587",-6955.983
"5588",-7067.572
"5589",-6893.867
"5590",-6992.621
"5591",-6977.467
"5592",-6914.156
"5593",-7027.956
"5594",-6859.036
"5595",-6933.101
"5596",-6857.694
"5597",-7088.125
"5598",-6733.356
"5599",-6630.961
"5600",-6696.416
"5601",-6903.622
"5602",-6680.876
"5603",-6855.962
"5604",-6903.8
"5605",-6939.645
"5606",-7019.81
"5607",-7021.324
"5608",-6860.35
"5609",-6757.729
"5610",-6942.064
"5611",-6959.718
"5612",-7000.095
"5613",-6861.7
"5614",-6999.895
"5615",-6947.964
"5616",-7063.343
"5617",-7112.405
"5618",-7045.875
"5619",-7052.429
"5620",-6957.238
"5621",-6919.026
"5622",-6930.962
"5623",-7056.155
"5624",-6884.006
"5625",-6842.28
"5626",-6868.376
"5627",-6826.042
"5628",-7056.139
"5629",-6928.107
"5630",-7067.704
"5631",-6749.827
"5632",-6860.564
"5633",-6977.369
"5634",-7128.418
"5635",-7192.698
"5636",-7019.549
"5637",-6901.855
"5638",-6875.806
"5639",-6978.477
"5640",-6985.468
"5641",-6901.949
"5642",-7179.819
"5643",-6907.192
"5644",-7093.395
"5645",-7045.231
"5646",-7057.981
"5647",-6853.42
"5648",-6985.796
"5649",-6859.048
"5650",-6869.845
"5651",-6850.087
"5652",-6926.46
"5653",-6868.834
"5654",-6828.829
"5655",-6893.5
"5656",-6944.308
"5657",-6868.192
"5658",-6996.784
"5659",-6918.431
"5660",-7041.661
"5661",-7013.044
"5662",-6769.51
"5663",-6945.725
"5664",-6897.872
"5665",-7081.434
"5666",-6909.322
"5667",-6944.314
"5668",-7048.741
"5669",-6701.991
"5670",-7006.827
"5671",-6843.347
"5672",-6913.178
"5673",-6835.359
"5674",-7079.077
"5675",-7114.12
"5676",-6939.472
"5677",-7027.992
"5678",-6798.295
"5679",-6953.127
"5680",-6944.284
"5681",-6972.382
"5682",-7109.028
"5683",-6809.899
"5684",-6995.468
"5685",-6959.938
"5686",-7059.221
"5687",-7021.307
"5688",-6920.381
"5689",-6981.867
"5690",-6797.167
"5691",-6847.129
"5692",-6991.118
"5693",-7044.229
"5694",-6976.285
"5695",-6979.891
"5696",-6949.125
"5697",-6974.847
"5698",-7005.615
"5699",-7082.403
"5700",-6873.145
"5701",-6678.479
"5702",-6915.404
"5703",-6920.728
"5704",-7005.956
"5705",-7005.814
"5706",-6902.783
"5707",-7067.48
"5708",-6837.71
"5709",-6770.984
"5710",-7040.274
"5711",-6816.384
"5712",-6891.924
"5713",-6978.029
"5714",-6834.859
"5715",-6860.104
"5716",-7083.828
"5717",-7051.519
"5718",-6956.649
"5719",-6931.907
"5720",-7125.816
"5721",-6890.637
"5722",-6983.783
"5723",-6834.289
"5724",-6928.003
"5725",-6947.736
"5726",-6816.008
"5727",-6918.447
"5728",-6824.991
"5729",-7054.898
"5730",-6891.374
"5731",-7111.004
"5732",-7076.044
"5733",-7117.378
"5734",-6893.582
"5735",-6906.951
"5736",-6933.977
"5737",-6915.65
"5738",-6922.865
"5739",-6760.618
"5740",-6988.806
"5741",-6917.115
"5742",-6909.466
"5743",-7006.378
"5744",-6968.76
"5745",-6962.506
"5746",-6972.664
"5747",-7072.569
"5748",-6903.996
"5749",-6915.911
"5750",-7008.863
"5751",-7012.066
"5752",-6941.964
"5753",-6967.777
"5754",-6793.68
"5755",-6922.928
"5756",-6923.542
"5757",-6959.519
"5758",-7007.336
"5759",-6994.953
"5760",-6981.132
"5761",-7219.176
"5762",-6971.051
"5763",-6718.964
"5764",-6947.443
"5765",-6926.879
"5766",-7034.844
"5767",-6828.639
"5768",-6955.947
"5769",-6868.144
"5770",-7039.472
"5771",-6928.329
"5772",-7021.698
"5773",-6859.517
"5774",-6767.014
"5775",-6850.22
"5776",-7003.259
"5777",-6830.775
"5778",-6921.75
"5779",-6820.376
"5780",-6851.385
"5781",-7048.007
"5782",-6975.277
"5783",-6834.249
"5784",-6819.622
"5785",-6911.787
"5786",-6868.495
"5787",-6955.54
"5788",-7019.756
"5789",-6897.717
"5790",-7073.404
"5791",-6905.609
"5792",-6913.901
"5793",-6714.308
"5794",-6935.571
"5795",-6970.822
"5796",-7033.081
"5797",-6908.917
"5798",-6731.588
"5799",-6843.633
"5800",-6904.673
"5801",-6897.538
"5802",-6942.219
"5803",-6946.326
"5804",-7039.627
"5805",-6859.1
"5806",-6895.745
"5807",-7055.728
"5808",-6858.591
"5809",-7071.579
"5810",-7041.058
"5811",-6998.839
"5812",-6793.182
"5813",-7070.265
"5814",-7183.834
"5815",-6691.789
"5816",-6984.556
"5817",-6818.089
"5818",-6910.41
"5819",-6932.292
"5820",-6958.183
"5821",-7087.916
"5822",-6953.516
"5823",-6811.732
"5824",-6992.716
"5825",-6757.022
"5826",-6948.631
"5827",-6915.021
"5828",-6978.349
"5829",-6713.932
"5830",-6745.211
"5831",-6832.763
"5832",-6905.048
"5833",-6953.878
"5834",-7056.33
"5835",-6951.256
"5836",-6763.415
"5837",-6953.913
"5838",-7009.846
"5839",-6938.674
"5840",-6758.772
"5841",-6786.781
"5842",-6968.353
"5843",-6820.23
"5844",-7122.002
"5845",-7088.87
"5846",-6768.558
"5847",-7133.213
"5848",-6985.918
"5849",-7022.74
"5850",-6980.569
"5851",-6809.629
"5852",-6927.665
"5853",-6952.397
"5854",-6982.054
"5855",-7043.846
"5856",-6954.073
"5857",-6851.004
"5858",-6921.546
"5859",-6889.181
"5860",-7000.948
"5861",-6911.233
"5862",-6815.596
"5863",-7080.406
"5864",-7154.632
"5865",-7045.252
"5866",-7013.267
"5867",-7007.645
"5868",-7086.8
"5869",-7038.452
"5870",-6869.552
"5871",-7082.618
"5872",-6729.341
"5873",-6851.086
"5874",-7137.321
"5875",-6859.916
"5876",-6975.67
"5877",-6798.111
"5878",-6897.842
"5879",-6985.16
"5880",-6993.165
"5881",-6789.561
"5882",-7019.849
"5883",-6833.344
"5884",-6869.429
"5885",-6906.882
"5886",-7006.047
"5887",-6950.744
"5888",-6992.827
"5889",-6871.63
"5890",-6862.596
"5891",-6981.857
"5892",-7031.516
"5893",-6800.112
"5894",-6906.938
"5895",-6944.415
"5896",-6743.961
"5897",-7019.494
"5898",-6875.154
"5899",-6908.48
"5900",-6970.735
"5901",-6868.187
"5902",-6901.705
"5903",-6855.448
"5904",-6908.445
"5905",-6987.971
"5906",-6874.978
"5907",-6926.174
"5908",-6946.603
"5909",-6905.151
"5910",-7075.277
"5911",-6888.925
"5912",-6963.528
"5913",-7029.588
"5914",-7108.24
"5915",-6896.522
"5916",-6912.619
"5917",-7002.166
"5918",-6912.244
"5919",-6836.655
"5920",-6867.73
"5921",-6975.295
"5922",-6883.723
"5923",-7003.253
"5924",-6986.906
"5925",-7105.218
"5926",-6943.043
"5927",-7039.534
"5928",-6908.452
"5929",-7129.717
"5930",-6890.73
"5931",-6877.668
"5932",-6884.785
"5933",-6957.275
"5934",-6822.995
"5935",-6762.749
"5936",-7156.091
"5937",-7014.073
"5938",-6852.46
"5939",-6861.949
"5940",-6933.481
"5941",-7139.3
"5942",-6781.334
"5943",-6784.586
"5944",-6982.809
"5945",-6702.824
"5946",-6982.089
"5947",-7114.693
"5948",-6992.712
"5949",-6967.842
"5950",-6865.501
"5951",-6917.605
"5952",-6858.801
"5953",-6889.972
"5954",-6930.532
"5955",-6973.475
"5956",-6927.679
"5957",-6860.31
"5958",-7086.228
"5959",-6924.053
"5960",-6897.416
"5961",-6911.237
"5962",-6765.501
"5963",-7124.843
"5964",-6709.716
"5965",-6890.544
"5966",-6935.153
"5967",-6707.851
"5968",-7046.032
"5969",-6804.345
"5970",-6681.906
"5971",-7018.458
"5972",-6948.596
"5973",-6929.862
"5974",-6799.139
"5975",-6846.377
"5976",-6951.076
"5977",-6632.605
"5978",-6996.372
"5979",-6870.429
"5980",-6760.779
"5981",-7041.731
"5982",-7056.512
"5983",-6761.683
"5984",-6988.624
"5985",-6957.13
"5986",-6861.063
"5987",-6853.682
"5988",-6625.211
"5989",-6938.544
"5990",-6877.256
"5991",-7100.535
"5992",-6970.974
"5993",-6926.349
"5994",-6946.541
"5995",-6900.284
"5996",-7000.429
"5997",-7060.281
"5998",-6909.467
"5999",-6958.398
"6000",-6940.963
"6001",-7022.97
"6002",-6924.998
"6003",-6839.453
"6004",-6874.073
"6005",-6883.005
"6006",-6790.177
"6007",-6921.293
"6008",-6884.633
"6009",-6951.647
"6010",-6937.138
"6011",-6824.427
"6012",-7054.471
"6013",-6866.325
"6014",-6887.311
"6015",-6907.771
"6016",-6989.411
"6017",-6993.533
"6018",-6884.479
"6019",-6959.226
"6020",-6980.291
"6021",-6973.456
"6022",-6930.724
"6023",-7055.147
"6024",-6910.986
"6025",-6792.234
"6026",-6888.301
"6027",-7048.274
"6028",-6969.096
"6029",-6938.014
"6030",-6968.969
"6031",-6837.828
"6032",-6914.537
"6033",-6976.861
"6034",-6959.904
"6035",-6951.557
"6036",-6821.031
"6037",-6919.115
"6038",-6913.668
"6039",-6815.777
"6040",-6961.83
"6041",-6919.233
"6042",-6755.792
"6043",-7022.36
"6044",-6957.65
"6045",-6918.293
"6046",-6751.359
"6047",-6983.4
"6048",-6728.922
"6049",-6929.273
"6050",-7128.249
"6051",-7054.726
"6052",-6990.213
"6053",-7036.254
"6054",-6860.477
"6055",-6891.182
"6056",-6956.043
"6057",-6913.532
"6058",-6998.596
"6059",-6897.19
"6060",-6962.141
"6061",-6868.722
"6062",-6926.888
"6063",-6931.92
"6064",-6972.811
"6065",-6792.891
"6066",-7025.149
"6067",-6745.219
"6068",-6762.196
"6069",-6806.25
"6070",-7042.711
"6071",-6920.618
"6072",-6794.669
"6073",-6966.983
"6074",-6881.004
"6075",-6954.447
"6076",-6797.686
"6077",-6750.041
"6078",-6917.261
"6079",-6834.479
"6080",-6974.963
"6081",-6937.673
"6082",-6947.634
"6083",-6894.8
"6084",-6747.109
"6085",-6970.305
"6086",-7034.063
"6087",-6960.838
"6088",-6927.998
"6089",-7043.964
"6090",-7126.901
"6091",-7075.519
"6092",-6845.114
"6093",-6729.547
"6094",-7067.637
"6095",-6985.078
"6096",-6963.822
"6097",-7074.353
"6098",-6885.767
"6099",-6959.229
"6100",-6899.114
"6101",-7027.153
"6102",-7046.988
"6103",-6880.116
"6104",-6890.092
"6105",-7137.951
"6106",-6981.658
"6107",-6935.161
"6108",-7077.561
"6109",-6920.947
"6110",-6934.546
"6111",-6942.442
"6112",-6885.374
"6113",-6989.262
"6114",-6973.267
"6115",-7068.559
"6116",-6925.669
"6117",-7096.367
"6118",-6768.41
"6119",-6820.896
"6120",-6953.371
"6121",-7028.485
"6122",-6843.71
"6123",-7043.735
"6124",-6831.805
"6125",-6936.898
"6126",-6945.579
"6127",-6914.816
"6128",-7027.263
"6129",-6974.617
"6130",-7045.665
"6131",-6911.654
"6132",-7001.681
"6133",-6854.225
"6134",-6862.508
"6135",-6990.631
"6136",-6817.53
"6137",-6890.378
"6138",-6982.912
"6139",-6780.874
"6140",-7022.29
"6141",-6939.564
"6142",-6883.327
"6143",-6960.425
"6144",-6776.88
"6145",-6672.552
"6146",-7046.522
"6147",-6897.191
"6148",-7052.138
"6149",-7100.834
"6150",-6983.946
"6151",-6943.812
"6152",-6924.292
"6153",-6823.767
"6154",-6843.103
"6155",-6962.201
"6156",-6803.598
"6157",-6881.711
"6158",-6829.171
"6159",-6959.377
"6160",-7036.281
"6161",-6867.769
"6162",-6939.635
"6163",-6973.395
"6164",-6924.698
"6165",-6941.268
"6166",-6897.012
"6167",-6745.171
"6168",-6758.602
"6169",-6832.935
"6170",-6859.397
"6171",-6954.283
"6172",-6743.915
"6173",-7132.103
"6174",-6844.57
"6175",-7034.372
"6176",-7085.882
"6177",-7028.095
"6178",-6925.902
"6179",-6821.652
"6180",-6812.819
"6181",-6903.564
"6182",-7078.042
"6183",-6905.451
"6184",-7173.675
"6185",-6909.41
"6186",-6980.335
"6187",-7021.828
"6188",-6942.393
"6189",-7009.909
"6190",-6937.002
"6191",-7090.651
"6192",-7078.677
"6193",-6922.654
"6194",-6903.858
"6195",-6996.383
"6196",-6989.793
"6197",-6784.417
"6198",-6896.844
"6199",-6989.202
"6200",-7005.177
"6201",-6889.366
"6202",-7010.908
"6203",-6997.123
"6204",-7094.678
"6205",-6935.134
"6206",-7055.597
"6207",-6884.258
"6208",-6825.242
"6209",-6837.93
"6210",-7036.857
"6211",-6741.131
"6212",-6861.71
"6213",-6997.764
"6214",-6781.498
"6215",-6830.445
"6216",-7028.173
"6217",-7030.182
"6218",-7064.82
"6219",-6960.647
"6220",-6838.218
"6221",-7022.054
"6222",-6905.595
"6223",-6925.417
"6224",-6892.891
"6225",-7030.757
"6226",-6940.528
"6227",-6790.763
"6228",-6729.826
"6229",-7209.592
"6230",-6962.251
"6231",-6893.363
"6232",-6859.892
"6233",-6869.812
"6234",-6846.423
"6235",-7026.965
"6236",-7105.67
"6237",-6792.138
"6238",-7018.829
"6239",-6967.616
"6240",-6916.041
"6241",-6974.964
"6242",-7029.111
"6243",-6902.603
"6244",-6831.715
"6245",-6956.343
"6246",-6992.316
"6247",-6824.679
"6248",-6959.124
"6249",-7090.925
"6250",-6844.76
"6251",-6898.217
"6252",-6916.108
"6253",-6856.198
"6254",-6952.225
"6255",-6833.682
"6256",-6756.757
"6257",-6942.578
"6258",-7090.49
"6259",-6916.498
"6260",-7000.08
"6261",-6791.172
"6262",-7095.641
"6263",-6974.435
"6264",-6845.858
"6265",-7000.154
"6266",-6995.72
"6267",-6891.798
"6268",-6842.104
"6269",-6914.841
"6270",-6688.127
"6271",-6962.625
"6272",-6908.242
"6273",-7021.934
"6274",-6819.217
"6275",-6929.521
"6276",-6940.973
"6277",-6905.537
"6278",-7027.211
"6279",-7049.687
"6280",-7029.998
"6281",-6822.952
"6282",-6922.893
"6283",-7073.935
"6284",-6811.304
"6285",-6979.895
"6286",-7023.627
"6287",-7053.721
"6288",-6693.847
"6289",-6844.997
"6290",-7006.03
"6291",-7059.165
"6292",-6824.715
"6293",-6902.493
"6294",-6926.789
"6295",-6906.912
"6296",-7240.198
"6297",-6880.092
"6298",-6929.595
"6299",-6877.418
"6300",-6982.668
"6301",-6959.412
"6302",-6925.826
"6303",-6870.703
"6304",-6856.504
"6305",-6930.208
"6306",-6805.712
"6307",-6873.578
"6308",-6994.016
"6309",-7031.268
"6310",-7030.493
"6311",-6952.926
"6312",-7036.242
"6313",-6973.119
"6314",-6798.271
"6315",-6893.931
"6316",-6867.903
"6317",-6892.536
"6318",-6971.986
"6319",-6858.972
"6320",-6957.856
"6321",-6967.073
"6322",-6839.336
"6323",-6850.357
"6324",-6799.739
"6325",-6949.65
"6326",-6907.086
"6327",-7038.297
"6328",-6850.723
"6329",-6893.791
"6330",-6912.945
"6331",-6871.112
"6332",-6966.113
"6333",-7039.233
"6334",-6971.689
"6335",-6960.056
"6336",-6948.75
"6337",-6981.236
"6338",-7014.81
"6339",-6912.107
"6340",-6902.864
"6341",-7105.224
"6342",-6938.076
"6343",-7105.119
"6344",-6874.459
"6345",-6683.704
"6346",-6924.461
"6347",-6981.913
"6348",-6694.386
"6349",-6828.516
"6350",-6967.996
"6351",-6882.942
"6352",-6912.525
"6353",-6964.136
"6354",-6835.265
"6355",-6965.313
"6356",-7007.871
"6357",-6810.161
"6358",-6960.038
"6359",-6989.194
"6360",-6969.747
"6361",-6963.568
"6362",-7068.499
"6363",-6726.442
"6364",-6946.939
"6365",-6833.24
"6366",-6863.101
"6367",-6963.014
"6368",-6706.135
"6369",-7089.75
"6370",-6729.719
"6371",-6864.531
"6372",-6946.845
"6373",-6774.828
"6374",-6751.416
"6375",-7007.169
"6376",-6866.526
"6377",-7057.466
"6378",-7018.839
"6379",-6974.526
"6380",-6845.293
"6381",-6898.528
"6382",-6894.301
"6383",-6652.099
"6384",-6941.566
"6385",-7098.898
"6386",-7097.032
"6387",-6939.217
"6388",-6824.965
"6389",-7056.613
"6390",-6964.272
"6391",-6868.502
"6392",-6967.143
"6393",-6866.512
"6394",-6966.668
"6395",-6876.092
"6396",-6959.107
"6397",-7053.592
"6398",-6899.096
"6399",-7015.584
"6400",-6994.567
"6401",-6966.861
"6402",-7006.885
"6403",-6944.027
"6404",-6931.196
"6405",-6945.926
"6406",-6857.843
"6407",-6871.814
"6408",-7075.997
"6409",-7027.839
"6410",-6917.82
"6411",-6830.795
"6412",-7046.064
"6413",-6884.627
"6414",-6901.526
"6415",-6895.351
"6416",-7034.137
"6417",-6892.866
"6418",-6829.44
"6419",-6987.966
"6420",-6867.938
"6421",-6993.552
"6422",-7012.947
"6423",-7072.373
"6424",-7030.683
"6425",-6890.285
"6426",-7007.69
"6427",-6884.235
"6428",-6919.212
"6429",-6852.67
"6430",-6887.269
"6431",-6981.353
"6432",-6805.684
"6433",-7088.343
"6434",-7056.271
"6435",-6816.026
"6436",-7023.817
"6437",-6960.764
"6438",-6901.07
"6439",-6825.096
"6440",-6968.287
"6441",-6949.062
"6442",-6938.803
"6443",-7024.853
"6444",-6892.536
"6445",-6972.352
"6446",-7027.809
"6447",-7040.117
"6448",-6954.095
"6449",-6881.405
"6450",-6841.153
"6451",-7035.699
"6452",-6644.649
"6453",-6816.915
"6454",-6930.155
"6455",-6852.86
"6456",-6951.259
"6457",-6928.417
"6458",-7063.138
"6459",-7039.605
"6460",-6936.754
"6461",-6948.033
"6462",-6884.763
"6463",-6851.842
"6464",-6924.031
"6465",-6981.34
"6466",-7111.102
"6467",-6943.59
"6468",-6753.372
"6469",-6779.513
"6470",-7055.618
"6471",-6984.889
"6472",-6791.452
"6473",-6974.37
"6474",-6740.528
"6475",-7011.779
"6476",-7003.298
"6477",-6842.59
"6478",-7144.168
"6479",-7010.924
"6480",-7023.272
"6481",-6824.576
"6482",-6919.555
"6483",-6951.689
"6484",-6804.152
"6485",-6945.61
"6486",-6893.49
"6487",-6948.993
"6488",-6961.315
"6489",-6959.321
"6490",-6816.669
"6491",-7182.541
"6492",-6801.936
"6493",-6917.603
"6494",-6868.876
"6495",-6945.665
"6496",-6868.625
"6497",-6923.228
"6498",-6860.287
"6499",-7049.399
"6500",-6894.523
"6501",-6933.966
"6502",-7046.551
"6503",-6960.612
"6504",-6952.532
"6505",-7014.312
"6506",-6924.789
"6507",-6849.343
"6508",-6928.368
"6509",-6759.404
"6510",-6986.483
"6511",-7156.925
"6512",-6941.16
"6513",-7029.796
"6514",-6791.93
"6515",-6940.192
"6516",-6941.018
"6517",-6892.498
"6518",-6929.566
"6519",-6780.772
"6520",-6617.822
"6521",-6923.652
"6522",-6996.416
"6523",-6992.238
"6524",-7111.325
"6525",-6895.97
"6526",-6966.645
"6527",-7000.252
"6528",-6920.5
"6529",-6832.929
"6530",-6763.112
"6531",-7119.298
"6532",-6969.387
"6533",-6885.24
"6534",-6941.302
"6535",-6851.757
"6536",-6971.863
"6537",-6977.124
"6538",-6902.862
"6539",-6838.612
"6540",-7040.763
"6541",-7007.822
"6542",-7043.833
"6543",-7165.276
"6544",-6865.718
"6545",-6844.978
"6546",-6992.349
"6547",-6796.589
"6548",-6998.255
"6549",-6851.973
"6550",-6824.469
"6551",-6986.308
"6552",-7022.718
"6553",-6954.035
"6554",-7027.417
"6555",-6740.086
"6556",-6857.67
"6557",-6974.034
"6558",-6813.642
"6559",-6818.068
"6560",-6936.956
"6561",-6934.946
"6562",-6894.099
"6563",-6832.185
"6564",-7082.643
"6565",-6901.193
"6566",-6915.126
"6567",-6916.051
"6568",-6848.871
"6569",-6881.699
"6570",-7049.165
"6571",-6841.717
"6572",-7033.719
"6573",-6978.514
"6574",-6859.788
"6575",-7069.473
"6576",-6997.109
"6577",-7098.698
"6578",-7032.392
"6579",-6984.161
"6580",-7120.422
"6581",-6794.654
"6582",-6832.911
"6583",-7084.53
"6584",-6903.41
"6585",-6759.541
"6586",-6983.306
"6587",-6888.683
"6588",-6819.466
"6589",-6933.233
"6590",-6922.936
"6591",-6854.122
"6592",-7041.589
"6593",-6635.43
"6594",-6913.825
"6595",-6851.764
"6596",-6711.772
"6597",-6824.561
"6598",-7162.058
"6599",-6844.355
"6600",-6994.044
"6601",-6830.875
"6602",-7056.025
"6603",-6856.4
"6604",-6891.566
"6605",-7074.032
"6606",-6921.827
"6607",-6718.988
"6608",-6877.29
"6609",-6834.051
"6610",-6862.402
"6611",-6883.931
"6612",-7031.93
"6613",-6861.336
"6614",-6914.635
"6615",-6984.473
"6616",-6902.565
"6617",-6900.113
"6618",-6924.577
"6619",-6947.54
"6620",-7073.507
"6621",-7013.628
"6622",-6954.835
"6623",-6914.901
"6624",-6798.172
"6625",-6875.387
"6626",-6976.05
"6627",-6869.841
"6628",-7120.634
"6629",-6872.663
"6630",-6923.865
"6631",-6992.683
"6632",-6857.758
"6633",-6906.577
"6634",-6898.345
"6635",-6897.427
"6636",-6874.717
"6637",-6973.848
"6638",-6881.136
"6639",-6923.089
"6640",-7011.347
"6641",-7021.807
"6642",-7014.046
"6643",-6950.525
"6644",-6957.336
"6645",-6945.413
"6646",-6865.682
"6647",-6676.712
"6648",-6932.669
"6649",-6875.341
"6650",-7181.249
"6651",-6825.025
"6652",-6731.236
"6653",-6991.357
"6654",-6835.532
"6655",-6997.486
"6656",-7025.511
"6657",-6968.355
"6658",-6792.658
"6659",-6906.56
"6660",-6828.855
"6661",-6848.082
"6662",-7001.058
"6663",-6860.45
"6664",-6848.347
"6665",-7039.987
"6666",-6898.78
"6667",-6985.328
"6668",-6957.065
"6669",-6857.541
"6670",-6951.841
"6671",-6878.969
"6672",-6996.112
"6673",-6893.702
"6674",-6940.43
"6675",-6857.155
"6676",-7008.655
"6677",-7004.058
"6678",-6980.322
"6679",-6876.659
"6680",-6860.514
"6681",-6999.061
"6682",-6986.229
"6683",-6949.386
"6684",-6934.304
"6685",-7011.61
"6686",-6967.046
"6687",-6943.332
"6688",-7009.18
"6689",-6980.144
"6690",-6914.861
"6691",-7073.64
"6692",-6869.047
"6693",-6957.806
"6694",-6964.523
"6695",-6961.682
"6696",-6788.749
"6697",-7024.7
"6698",-6895.816
"6699",-7024.641
"6700",-6900.824
"6701",-6858.505
"6702",-6757.202
"6703",-6991.3
"6704",-6988.84
"6705",-7101.691
"6706",-6869.907
"6707",-6989.005
"6708",-6888.943
"6709",-6763.504
"6710",-6840.519
"6711",-6899.557
"6712",-7131.852
"6713",-6799.85
"6714",-6865.506
"6715",-6982.754
"6716",-6896.2
"6717",-6868.698
"6718",-6992.163
"6719",-6893.269
"6720",-6826.495
"6721",-7004.135
"6722",-6877.158
"6723",-6892.574
"6724",-7034.248
"6725",-6689.265
"6726",-7031.798
"6727",-6926.29
"6728",-6934.703
"6729",-6977.436
"6730",-7004.408
"6731",-6942.121
"6732",-6835.466
"6733",-7007.879
"6734",-6822.566
"6735",-6740.205
"6736",-7014.311
"6737",-6914.584
"6738",-6846.398
"6739",-6883.694
"6740",-6977.823
"6741",-6976.905
"6742",-7057.116
"6743",-6944.233
"6744",-6997.727
"6745",-7103.768
"6746",-6820.165
"6747",-6853.536
"6748",-7042.652
"6749",-6887.819
"6750",-6989.493
"6751",-6923.904
"6752",-6896.433
"6753",-6874.319
"6754",-6860.078
"6755",-6789.708
"6756",-6872.379
"6757",-6788.589
"6758",-6942.512
"6759",-6819.632
"6760",-7026.32
"6761",-7115.717
"6762",-7214.336
"6763",-6845.566
"6764",-6984.973
"6765",-7027.641
"6766",-7007.906
"6767",-6886.74
"6768",-7040.123
"6769",-6930.202
"6770",-6937.554
"6771",-6895.596
"6772",-6845.333
"6773",-6912.98
"6774",-6900.462
"6775",-6938.947
"6776",-6937.824
"6777",-6784.388
"6778",-6802.921
"6779",-7106.761
"6780",-6949.445
"6781",-7007.907
"6782",-6882.525
"6783",-6748.083
"6784",-6979.963
"6785",-6663.459
"6786",-6815.142
"6787",-6972.931
"6788",-6801.148
"6789",-7065.516
"6790",-6835.071
"6791",-6933.271
"6792",-6901.723
"6793",-6838.512
"6794",-6964.339
"6795",-6955.4
"6796",-6869.542
"6797",-6936.377
"6798",-6702.803
"6799",-7014.691
"6800",-7064.546
"6801",-6866.228
"6802",-6945.645
"6803",-6955.059
"6804",-6854.5
"6805",-6975.97
"6806",-6969.535
"6807",-6919.373
"6808",-6872.457
"6809",-6947.844
"6810",-6929.343
"6811",-6794.351
"6812",-7053.136
"6813",-6936.842
"6814",-6935.222
"6815",-6820.805
"6816",-6813.58
"6817",-7064.815
"6818",-7056.71
"6819",-6899.488
"6820",-6981.624
"6821",-6779.977
"6822",-6724.789
"6823",-6900.971
"6824",-6994.139
"6825",-6805.217
"6826",-6995.421
"6827",-6977.009
"6828",-7009.085
"6829",-6890.249
"6830",-6959.711
"6831",-6869.542
"6832",-7024.465
"6833",-6725.192
"6834",-6798.023
"6835",-6751.738
"6836",-6950.787
"6837",-6932.118
"6838",-6853.784
"6839",-6837.426
"6840",-6926.079
"6841",-6899.939
"6842",-6986.549
"6843",-6734.644
"6844",-6840.37
"6845",-7031.547
"6846",-6834.98
"6847",-6976.564
"6848",-6945.361
"6849",-6869.043
"6850",-6751.068
"6851",-6907.076
"6852",-6983.664
"6853",-7035.01
"6854",-6837.932
"6855",-6939.24
"6856",-6946.435
"6857",-7031.584
"6858",-6827.066
"6859",-6839.261
"6860",-6941.781
"6861",-6748.078
"6862",-6901.999
"6863",-6882.067
"6864",-6863.493
"6865",-6847.029
"6866",-6761.778
"6867",-6806.807
"6868",-6951.994
"6869",-6927.435
"6870",-6814.356
"6871",-6847.348
"6872",-6829.319
"6873",-6938.163
"6874",-6939.227
"6875",-6899.648
"6876",-6986.182
"6877",-6983.981
"6878",-6960.853
"6879",-6857.474
"6880",-6936.249
"6881",-6999.442
"6882",-6864.36
"6883",-6865.888
"6884",-7010.52
"6885",-7055.838
"6886",-6985.976
"6887",-7015.34
"6888",-6863.7
"6889",-6945.897
"6890",-6987.138
"6891",-6998.115
"6892",-6962.964
"6893",-6865.945
"6894",-6814.683
"6895",-6977.137
"6896",-6973.9
"6897",-7001.887
"6898",-6905.244
"6899",-6959.858
"6900",-6935.152
"6901",-7006.069
"6902",-6836.777
"6903",-6926.269
"6904",-6882.865
"6905",-6874.838
"6906",-6769.437
"6907",-6868.037
"6908",-6896.74
"6909",-6901.441
"6910",-7003.487
"6911",-6965.074
"6912",-7004.335
"6913",-6871.486
"6914",-6923.117
"6915",-6869.816
"6916",-6811.328
"6917",-7077.993
"6918",-7026.677
"6919",-6863.825
"6920",-6770.842
"6921",-6778.05
"6922",-7029.174
"6923",-6828.496
"6924",-6974.429
"6925",-6879.734
"6926",-6927.584
"6927",-6965.183
"6928",-6886.126
"6929",-7124.684
"6930",-6885.832
"6931",-6951.853
"6932",-6773.921
"6933",-6957.381
"6934",-6916.585
"6935",-6906.881
"6936",-7126.802
"6937",-6833.965
"6938",-6992.682
"6939",-6872.864
"6940",-6982.186
"6941",-6822.157
"6942",-6998.108
"6943",-6829.974
"6944",-7024.699
"6945",-6964.087
"6946",-7005.744
"6947",-6882.43
"6948",-6820.183
"6949",-6770.895
"6950",-6949.249
"6951",-7009.89
"6952",-6876.601
"6953",-6647.817
"6954",-6908.852
"6955",-7070.176
"6956",-7093.49
"6957",-6921.316
"6958",-6914.382
"6959",-6884.372
"6960",-6948.301
"6961",-7015.072
"6962",-6935.616
"6963",-6979.921
"6964",-6843.843
"6965",-7016.765
"6966",-6956.074
"6967",-6879.726
"6968",-6861.992
"6969",-6866.433
"6970",-6798.011
"6971",-6963.929
"6972",-6876.67
"6973",-7071.582
"6974",-6839.043
"6975",-6912.654
"6976",-6699.661
"6977",-7001.688
"6978",-6978.275
"6979",-6911.426
"6980",-6989.822
"6981",-6807.592
"6982",-6895.475
"6983",-6701.899
"6984",-6883.547
"6985",-7019.714
"6986",-6908.753
"6987",-6854.45
"6988",-6841.304
"6989",-6926.372
"6990",-6969.169
"6991",-6945.863
"6992",-6905.823
"6993",-6772.072
"6994",-6818.572
"6995",-6986.559
"6996",-6931.799
"6997",-6869.243
"6998",-7008.452
"6999",-6914.845
"7000",-6848.78
"7001",-6744.489
"7002",-6967.945
"7003",-6939.261
"7004",-6956.333
"7005",-6819.787
"7006",-6967.421
"7007",-6999.247
"7008",-6995.051
"7009",-7056.165
"7010",-6909.46
"7011",-6925.345
"7012",-6783.357
"7013",-7061.354
"7014",-6842.379
"7015",-6825.412
"7016",-7046.105
"7017",-6995.943
"7018",-6948.043
"7019",-6952.424
"7020",-6953.063
"7021",-6903.806
"7022",-6789.314
"7023",-6994.151
"7024",-6942.957
"7025",-7004.958
"7026",-7153.225
"7027",-6950.31
"7028",-6868.679
"7029",-6907.821
"7030",-6973.316
"7031",-6975.894
"7032",-6938.912
"7033",-6998.892
"7034",-7007.306
"7035",-6989.776
"7036",-7125.679
"7037",-6985.987
"7038",-6813.606
"7039",-6955.295
"7040",-6806.009
"7041",-6756.335
"7042",-6658.783
"7043",-6960.739
"7044",-6967.958
"7045",-6820.944
"7046",-7031.858
"7047",-6857.798
"7048",-6946.09
"7049",-6884.292
"7050",-6945.616
"7051",-6922.233
"7052",-6879.68
"7053",-6795.559
"7054",-7035.68
"7055",-6907.472
"7056",-6854.524
"7057",-6918.546
"7058",-6908.679
"7059",-6885.075
"7060",-6948.443
"7061",-6875.935
"7062",-6966.059
"7063",-6776.447
"7064",-7012.492
"7065",-6982.15
"7066",-7130.277
"7067",-7061.248
"7068",-6813.28
"7069",-6962.453
"7070",-6963.644
"7071",-6784.02
"7072",-6897.058
"7073",-6929.773
"7074",-6856.868
"7075",-6943.677
"7076",-6629.555
"7077",-6850.24
"7078",-6991.202
"7079",-6937.393
"7080",-6878.291
"7081",-6909.266
"7082",-6765.686
"7083",-6998.22
"7084",-6779.98
"7085",-6919.055
"7086",-7027.691
"7087",-7038.311
"7088",-6843.262
"7089",-6842.621
"7090",-6934.75
"7091",-6953.945
"7092",-7072.345
"7093",-6984.694
"7094",-6980.551
"7095",-6731.614
"7096",-6796.763
"7097",-6914.886
"7098",-6880.264
"7099",-6985.186
"7100",-6892.85
"7101",-7060.08
"7102",-6964.364
"7103",-6917.603
"7104",-7005.073
"7105",-6854.684
"7106",-6921.729
"7107",-6943.712
"7108",-6951.849
"7109",-7037.787
"7110",-6949.991
"7111",-6957.361
"7112",-6905.965
"7113",-6946.001
"7114",-6998.645
"7115",-7056.42
"7116",-6987.166
"7117",-6994.246
"7118",-7059.248
"7119",-6731.924
"7120",-6938.785
"7121",-6726.742
"7122",-6924.895
"7123",-7026.647
"7124",-6816.42
"7125",-7040.116
"7126",-6733.345
"7127",-6906.389
"7128",-6867.137
"7129",-6726.172
"7130",-6912.158
"7131",-6817.989
"7132",-6781.877
"7133",-6864.229
"7134",-7028.297
"7135",-6831.828
"7136",-6896.593
"7137",-6897.752
"7138",-7083.241
"7139",-6954.275
"7140",-7057.896
"7141",-6835.551
"7142",-6837.019
"7143",-6830.773
"7144",-6995.214
"7145",-6885.828
"7146",-6838.759
"7147",-6928.855
"7148",-6867.49
"7149",-6924.557
"7150",-6928.714
"7151",-6890.04
"7152",-6901.266
"7153",-6928.167
"7154",-6834.703
"7155",-6937.064
"7156",-6816.493
"7157",-6885.677
"7158",-6899.041
"7159",-7023.625
"7160",-7001.509
"7161",-7043.844
"7162",-7052.448
"7163",-6819.778
"7164",-6879.201
"7165",-6974.815
"7166",-7019.693
"7167",-7090.335
"7168",-6886.931
"7169",-6946.673
"7170",-6914.953
"7171",-6863.209
"7172",-6977.611
"7173",-6907.187
"7174",-7057.732
"7175",-6790.167
"7176",-6976.019
"7177",-6840.666
"7178",-6864.7
"7179",-6940.072
"7180",-7058.773
"7181",-6892.367
"7182",-6783.642
"7183",-6998.011
"7184",-6919.806
"7185",-6796.668
"7186",-6864.54
"7187",-6746.194
"7188",-6964.01
"7189",-6966.786
"7190",-7065.607
"7191",-6920.635
"7192",-6926.634
"7193",-6939.972
"7194",-6935.887
"7195",-7035.294
"7196",-7072.099
"7197",-7160.57
"7198",-6886.889
"7199",-6921.849
"7200",-6969.553
"7201",-6849.787
"7202",-7146.484
"7203",-6980.549
"7204",-6858.748
"7205",-7008.73
"7206",-6837.71
"7207",-7021.439
"7208",-6862.895
"7209",-7112.027
"7210",-7029.975
"7211",-7057.543
"7212",-6830.663
"7213",-7003.787
"7214",-6895.683
"7215",-7084.104
"7216",-6803.581
"7217",-7043.672
"7218",-7156.862
"7219",-6861.391
"7220",-6961.562
"7221",-6843.7
"7222",-6811.419
"7223",-7085.923
"7224",-6994.491
"7225",-6925.048
"7226",-7027.032
"7227",-6859.9
"7228",-7032.801
"7229",-7016.622
"7230",-6924.068
"7231",-7121.762
"7232",-7006.439
"7233",-6987.927
"7234",-6858.667
"7235",-7000.548
"7236",-7107.645
"7237",-7065.413
"7238",-6929.575
"7239",-6990.163
"7240",-6798.732
"7241",-7060.91
"7242",-7050.008
"7243",-6863.803
"7244",-7032.432
"7245",-6856.521
"7246",-6903.575
"7247",-6811.877
"7248",-6876.256
"7249",-6969.324
"7250",-7043.034
"7251",-7022.94
"7252",-7102.428
"7253",-6862.29
"7254",-6609.313
"7255",-6890.43
"7256",-6727.532
"7257",-6942.694
"7258",-6819.482
"7259",-6962.422
"7260",-7088.676
"7261",-6896.837
"7262",-6913.814
"7263",-6826.664
"7264",-6998.573
"7265",-6823.935
"7266",-6906.266
"7267",-6789.089
"7268",-6872.203
"7269",-6849.017
"7270",-6954.81
"7271",-6949.374
"7272",-7186.315
"7273",-6866.943
"7274",-6907.998
"7275",-6942.137
"7276",-6921.093
"7277",-7083.578
"7278",-6742.016
"7279",-6768.834
"7280",-7019.899
"7281",-6862.803
"7282",-6955.89
"7283",-6859.396
"7284",-7080.014
"7285",-6798.645
"7286",-7041.037
"7287",-6893.779
"7288",-7006.159
"7289",-6864.207
"7290",-7107.383
"7291",-6856.958
"7292",-6972.375
"7293",-6862.043
"7294",-6774.359
"7295",-6752.59
"7296",-6924.81
"7297",-6924.549
"7298",-7025.795
"7299",-6820.295
"7300",-7014.554
"7301",-6901.517
"7302",-6951.112
"7303",-6960.708
"7304",-6801.628
"7305",-6789.403
"7306",-7121.029
"7307",-6940.347
"7308",-6861.285
"7309",-6753.865
"7310",-6949.685
"7311",-7100.206
"7312",-6845.784
"7313",-6950.605
"7314",-7017.373
"7315",-6876.098
"7316",-6890.448
"7317",-6962.247
"7318",-6849.617
"7319",-6926.325
"7320",-6982.659
"7321",-6820.316
"7322",-6977.583
"7323",-6880.05
"7324",-6857.71
"7325",-7117.963
"7326",-6983.954
"7327",-6990.032
"7328",-7029.984
"7329",-7116.192
"7330",-6856.843
"7331",-6943.637
"7332",-6974.85
"7333",-7116.161
"7334",-6903.7
"7335",-7071.754
"7336",-6946.486
"7337",-6983.892
"7338",-6859.786
"7339",-6942.895
"7340",-7002.849
"7341",-6876.552
"7342",-6865.501
"7343",-7048.584
"7344",-6993.953
"7345",-6905.399
"7346",-7054.861
"7347",-6721.242
"7348",-6944.821
"7349",-6676.183
"7350",-6881.252
"7351",-6990.637
"7352",-6894.037
"7353",-7019.014
"7354",-6823.117
"7355",-7104.379
"7356",-6981.018
"7357",-7084.777
"7358",-6885.482
"7359",-6943.019
"7360",-7016.232
"7361",-6852.699
"7362",-6903.898
"7363",-6926.756
"7364",-7034.884
"7365",-6960.643
"7366",-6831.611
"7367",-6787.448
"7368",-6919.178
"7369",-6978.628
"7370",-6937.097
"7371",-6962.813
"7372",-6930.172
"7373",-6921.538
"7374",-7036.761
"7375",-6926.275
"7376",-7008.495
"7377",-7032.975
"7378",-6842.131
"7379",-6766.849
"7380",-6703.429
"7381",-6935.02
"7382",-6747.72
"7383",-6968.321
"7384",-6888.738
"7385",-7024.012
"7386",-7003.832
"7387",-6866.251
"7388",-6808.35
"7389",-7013.874
"7390",-7035.196
"7391",-6820.788
"7392",-6790.707
"7393",-6920.953
"7394",-6894.969
"7395",-6835.762
"7396",-7172.688
"7397",-7007.161
"7398",-7003.934
"7399",-6852.574
"7400",-6861.832
"7401",-6901.648
"7402",-7023.549
"7403",-6872.818
"7404",-7046.229
"7405",-6910.891
"7406",-6784.428
"7407",-7072.056
"7408",-6908.24
"7409",-6718.333
"7410",-6967.978
"7411",-6898.758
"7412",-6997.204
"7413",-6863.493
"7414",-7122.983
"7415",-6909.359
"7416",-6932.373
"7417",-6853.083
"7418",-6731.205
"7419",-6959.115
"7420",-6793.231
"7421",-6706.907
"7422",-7017.113
"7423",-6847.983
"7424",-6870.93
"7425",-6769.537
"7426",-7013.43
"7427",-6988.29
"7428",-6959.533
"7429",-6979.863
"7430",-6846.322
"7431",-6855.886
"7432",-6974.932
"7433",-6724.024
"7434",-7008.513
"7435",-6897.5
"7436",-6909.651
"7437",-6955.982
"7438",-6967.999
"7439",-6989.823
"7440",-6957.753
"7441",-7050.709
"7442",-6853.791
"7443",-6856.841
"7444",-7048.477
"7445",-6980.507
"7446",-6950.006
"7447",-6765.82
"7448",-6937.948
"7449",-6837.375
"7450",-6877.533
"7451",-7065.795
"7452",-6920.085
"7453",-6876.594
"7454",-6942.795
"7455",-6928.987
"7456",-6941.457
"7457",-7104.008
"7458",-7144.057
"7459",-6922.021
"7460",-6898.158
"7461",-6938.841
"7462",-7014.513
"7463",-6902.956
"7464",-6938.971
"7465",-6966.232
"7466",-6875.666
"7467",-6872.813
"7468",-6976.908
"7469",-7011.812
"7470",-6979.044
"7471",-7044.72
"7472",-7034.712
"7473",-6926.634
"7474",-7007.37
"7475",-6906.254
"7476",-6975.231
"7477",-6966.977
"7478",-6915.787
"7479",-6959.98
"7480",-6944.263
"7481",-6827.136
"7482",-6888.88
"7483",-6985.228
"7484",-6865.059
"7485",-6825.414
"7486",-7039.31
"7487",-6827.794
"7488",-6739.712
"7489",-6789.71
"7490",-6969.852
"7491",-6938.477
"7492",-6763.991
"7493",-6927.578
"7494",-7051.786
"7495",-6746.824
"7496",-6875.061
"7497",-6998.245
"7498",-7066.785
"7499",-7043.933
"7500",-7045.603
"7501",-6956.14
"7502",-6997.979
"7503",-6958.657
"7504",-6829.777
"7505",-7003.036
"7506",-6873.662
"7507",-6805.879
"7508",-7054.383
"7509",-6922.46
"7510",-6923.234
"7511",-6965.989
"7512",-6882.09
"7513",-6893.003
"7514",-6998.205
"7515",-6933.046
"7516",-6822.121
"7517",-6913.008
"7518",-6861.779
"7519",-6792.605
"7520",-6978.771
"7521",-6808.746
"7522",-6926.493
"7523",-6890.778
"7524",-6954.724
"7525",-6980.736
"7526",-6936.819
"7527",-6970.09
"7528",-7159.924
"7529",-6750.706
"7530",-6706.435
"7531",-6842.793
"7532",-7043.702
"7533",-6967.377
"7534",-6927.854
"7535",-6723.909
"7536",-6753.492
"7537",-6890.161
"7538",-6987.651
"7539",-6925.008
"7540",-6958.892
"7541",-7152.713
"7542",-6956.858
"7543",-7126.964
"7544",-6696.593
"7545",-6818.437
"7546",-7028.006
"7547",-6976.805
"7548",-6886.793
"7549",-6816.921
"7550",-6815.511
"7551",-6781.898
"7552",-6841.633
"7553",-7231.536
"7554",-6683.245
"7555",-6857.485
"7556",-6870.204
"7557",-6783.841
"7558",-6916.35
"7559",-6874.407
"7560",-6973.552
"7561",-6830.467
"7562",-6898.977
"7563",-6824.758
"7564",-6899.793
"7565",-6909.868
"7566",-6825.035
"7567",-6748.055
"7568",-6747.522
"7569",-7003.232
"7570",-6931.973
"7571",-6981.108
"7572",-6912.313
"7573",-7074.314
"7574",-6874.407
"7575",-6857.994
"7576",-6900.357
"7577",-6960.773
"7578",-6952.842
"7579",-6955.595
"7580",-6980.495
"7581",-7092.601
"7582",-6987.891
"7583",-7040.624
"7584",-6796.562
"7585",-7012.064
"7586",-6926.091
"7587",-7067.933
"7588",-6953.293
"7589",-6962.52
"7590",-6869.177
"7591",-6896.574
"7592",-6942.908
"7593",-6970.001
"7594",-7014.318
"7595",-6721.061
"7596",-6834.52
"7597",-6979.039
"7598",-6978.655
"7599",-7045.38
"7600",-6939.983
"7601",-6849.725
"7602",-7085.098
"7603",-6805.272
"7604",-6944.555
"7605",-6907.664
"7606",-6949.282
"7607",-7064.35
"7608",-6835.6
"7609",-6835.631
"7610",-6848.38
"7611",-6993.952
"7612",-6888.153
"7613",-6909.443
"7614",-6769.076
"7615",-6851.666
"7616",-6908.364
"7617",-6920.377
"7618",-6832.847
"7619",-6787.827
"7620",-7012.843
"7621",-6857.451
"7622",-6826.531
"7623",-6910.923
"7624",-7034.447
"7625",-7208.909
"7626",-6921.483
"7627",-6979.251
"7628",-6844.453
"7629",-6918.935
"7630",-7174.906
"7631",-7013.12
"7632",-6873.243
"7633",-6940.21
"7634",-6862.008
"7635",-7016.345
"7636",-6938.144
"7637",-6899.274
"7638",-7015.578
"7639",-6915.903
"7640",-6945.902
"7641",-6934.909
"7642",-6856.817
"7643",-7126.662
"7644",-6810.941
"7645",-7045.812
"7646",-6992.776
"7647",-6777.397
"7648",-7071.135
"7649",-6883.351
"7650",-7061.795
"7651",-6941.081
"7652",-6871.301
"7653",-6768.415
"7654",-6924.424
"7655",-6829.619
"7656",-6942.236
"7657",-6916.309
"7658",-6834.755
"7659",-6915.956
"7660",-6887.953
"7661",-6814.178
"7662",-6995.452
"7663",-7100.871
"7664",-7058.777
"7665",-6920.271
"7666",-7015.129
"7667",-7103.471
"7668",-6873.291
"7669",-6955.5
"7670",-6916.345
"7671",-6861.551
"7672",-7070.238
"7673",-6878.388
"7674",-6842.104
"7675",-6864.704
"7676",-6797.67
"7677",-6772.738
"7678",-6973.718
"7679",-6973.181
"7680",-6810.2
"7681",-6912.269
"7682",-6899.821
"7683",-6924.506
"7684",-6948.838
"7685",-6887.295
"7686",-6910.862
"7687",-6968.331
"7688",-6873.22
"7689",-6833.699
"7690",-6919.194
"7691",-6797.963
"7692",-6972.021
"7693",-6934.721
"7694",-6962.243
"7695",-6779.88
"7696",-6870.205
"7697",-6995.985
"7698",-6933.317
"7699",-7060.188
"7700",-6852.987
"7701",-7017.494
"7702",-6812.092
"7703",-7004.67
"7704",-6873.236
"7705",-6724.721
"7706",-7075.647
"7707",-6867.8
"7708",-6808.373
"7709",-6963.683
"7710",-6820.389
"7711",-6933.031
"7712",-7035.124
"7713",-7069.573
"7714",-7074.298
"7715",-7051.962
"7716",-6915.854
"7717",-6991.831
"7718",-6886.673
"7719",-6851.661
"7720",-6905.217
"7721",-6883.344
"7722",-6861.581
"7723",-6892.069
"7724",-6916.225
"7725",-6961.479
"7726",-7001.505
"7727",-6959.869
"7728",-7032.834
"7729",-6922.754
"7730",-6688.063
"7731",-7057.782
"7732",-7020.457
"7733",-6839.561
"7734",-6854.968
"7735",-7093.96
"7736",-6988.824
"7737",-6826.96
"7738",-6898.82
"7739",-6684.972
"7740",-7056.056
"7741",-6897.443
"7742",-7026.403
"7743",-6715.674
"7744",-6881.398
"7745",-7069.622
"7746",-6890.105
"7747",-7057.475
"7748",-6954.445
"7749",-6976.954
"7750",-7017.447
"7751",-6976.071
"7752",-6910.164
"7753",-6875.29
"7754",-6935.08
"7755",-6879.263
"7756",-6950.165
"7757",-6967.819
"7758",-6807.351
"7759",-6868.044
"7760",-7203.708
"7761",-6914.63
"7762",-6931.488
"7763",-6908.708
"7764",-6933.282
"7765",-7076.569
"7766",-6903.27
"7767",-6818.394
"7768",-6954.709
"7769",-6927.782
"7770",-6942.504
"7771",-7017.377
"7772",-6914.344
"7773",-6989.578
"7774",-6904.729
"7775",-6917.589
"7776",-6961.534
"7777",-6903.236
"7778",-6806.815
"7779",-7043.938
"7780",-6945.834
"7781",-7006.952
"7782",-6736.424
"7783",-6929.905
"7784",-6905.007
"7785",-7108.507
"7786",-6890.779
"7787",-6982.318
"7788",-7002.097
"7789",-6976.527
"7790",-6836.215
"7791",-6979.514
"7792",-6881.628
"7793",-6864.94
"7794",-6943.124
"7795",-6890.185
"7796",-7083.523
"7797",-6965.184
"7798",-6796.469
"7799",-6847.541
"7800",-6952.579
"7801",-6923.607
"7802",-6795.634
"7803",-7103.511
"7804",-6800.842
"7805",-6876.329
"7806",-6937.651
"7807",-6982.053
"7808",-6957.946
"7809",-6995.18
"7810",-6925.98
"7811",-6972.2
"7812",-6853.131
"7813",-6918.776
"7814",-6976.117
"7815",-6863.062
"7816",-6916.778
"7817",-6879.657
"7818",-6887.365
"7819",-6957.329
"7820",-7031.176
"7821",-6804.361
"7822",-6959.359
"7823",-6976.533
"7824",-6938.083
"7825",-6889.887
"7826",-6880.786
"7827",-6952.024
"7828",-6967.245
"7829",-7048.939
"7830",-7225.257
"7831",-7045.189
"7832",-6982.899
"7833",-6924.594
"7834",-7023.739
"7835",-7006.096
"7836",-6899.434
"7837",-6748.993
"7838",-7068.68
"7839",-6927.221
"7840",-6867.727
"7841",-6835.47
"7842",-6894.963
"7843",-6917.763
"7844",-6923.03
"7845",-6986.301
"7846",-7125.256
"7847",-6810.209
"7848",-6903.216
"7849",-7042.926
"7850",-7094.785
"7851",-6743.783
"7852",-6885.693
"7853",-6886.338
"7854",-6785.32
"7855",-6863.986
"7856",-6998.85
"7857",-6917.21
"7858",-6974.836
"7859",-6960.822
"7860",-6814.362
"7861",-6904.883
"7862",-6837.218
"7863",-6789.971
"7864",-6968.261
"7865",-6924.841
"7866",-6783.128
"7867",-6956.086
"7868",-6876.474
"7869",-6970.136
"7870",-6851.584
"7871",-7061.77
"7872",-7157.584
"7873",-6915.112
"7874",-6939.786
"7875",-6768.012
"7876",-7012.288
"7877",-6817.282
"7878",-6977.116
"7879",-6809.303
"7880",-7059.884
"7881",-6977.076
"7882",-7116.523
"7883",-6919.27
"7884",-6958.17
"7885",-6860.909
"7886",-6873.842
"7887",-6906.635
"7888",-7040.847
"7889",-6981.543
"7890",-7014.118
"7891",-7090.02
"7892",-6915.534
"7893",-6902.156
"7894",-6998.38
"7895",-6984.381
"7896",-7109.314
"7897",-7001.507
"7898",-6978.011
"7899",-6946.756
"7900",-6851.846
"7901",-6979.367
"7902",-6913.945
"7903",-6998.113
"7904",-6901.457
"7905",-6871.802
"7906",-6948.166
"7907",-6802.549
"7908",-6943.964
"7909",-6976.594
"7910",-6644.301
"7911",-6968.074
"7912",-6752.178
"7913",-6932.98
"7914",-7049.135
"7915",-6909.118
"7916",-6836.71
"7917",-7076.298
"7918",-7035.491
"7919",-6648.968
"7920",-6861.425
"7921",-6848.524
"7922",-6968.953
"7923",-7067.648
"7924",-6938.53
"7925",-6803.664
"7926",-6951.717
"7927",-6905.888
"7928",-6964.798
"7929",-6803.542
"7930",-6832.215
"7931",-6862.136
"7932",-7026.392
"7933",-7098.191
"7934",-7043.552
"7935",-6756.519
"7936",-7036.064
"7937",-6715.778
"7938",-6866.859
"7939",-6921.3
"7940",-6817.615
"7941",-7172.235
"7942",-7040.073
"7943",-6833.934
"7944",-6919.264
"7945",-6951.164
"7946",-6857.999
"7947",-6942.724
"7948",-7070.043
"7949",-7113.759
"7950",-7153.602
"7951",-6841.687
"7952",-7044.038
"7953",-6928.291
"7954",-6944.492
"7955",-7009.181
"7956",-6830.028
"7957",-6937.895
"7958",-7019.63
"7959",-6906.973
"7960",-6983.904
"7961",-6952.439
"7962",-6839.658
"7963",-6899.486
"7964",-7037.482
"7965",-6889.5
"7966",-7012.727
"7967",-6996.941
"7968",-6950.393
"7969",-6703.669
"7970",-6860.069
"7971",-6896.238
"7972",-6977.546
"7973",-6941.032
"7974",-6922.791
"7975",-6990.657
"7976",-6934.189
"7977",-6922.433
"7978",-6963.607
"7979",-6949.799
"7980",-7069.163
"7981",-6898.751
"7982",-6888.755
"7983",-6883.719
"7984",-7048.363
"7985",-6874.925
"7986",-7006.716
"7987",-7071.145
"7988",-6921.011
"7989",-6805.687
"7990",-6982
"7991",-6929.32
"7992",-6821.399
"7993",-7121.914
"7994",-6999.369
"7995",-6794.66
"7996",-6810.506
"7997",-6834.739
"7998",-7086.437
"7999",-6766.419
"8000",-7027.286
"8001",-6932.912
"8002",-6944.082
"8003",-7067.052
"8004",-7008.912
"8005",-7019.978
"8006",-6967.844
"8007",-7014.904
"8008",-6923.67
"8009",-6998.142
"8010",-6928.189
"8011",-6945.71
"8012",-6870.259
"8013",-6842.88
"8014",-7047.943
"8015",-6914.993
"8016",-6949.862
"8017",-6904.434
"8018",-6890.271
"8019",-6874.536
"8020",-6977.618
"8021",-6973.223
"8022",-7046.124
"8023",-6869.802
"8024",-6909.234
"8025",-7107.77
"8026",-7006.313
"8027",-6920.622
"8028",-7028.399
"8029",-6906.504
"8030",-6986.39
"8031",-6870.795
"8032",-7047.209
"8033",-6943.13
"8034",-6783.174
"8035",-7005.448
"8036",-6987.712
"8037",-6999.177
"8038",-6896.507
"8039",-7071.315
"8040",-6959.326
"8041",-6836.843
"8042",-6826.416
"8043",-6820.197
"8044",-6887.986
"8045",-7000.695
"8046",-7043.218
"8047",-7073.289
"8048",-7016.69
"8049",-6906.538
"8050",-6788.312
"8051",-6827.611
"8052",-7078.374
"8053",-6860.985
"8054",-6710.959
"8055",-6721.806
"8056",-6905.64
"8057",-7047.319
"8058",-6913.984
"8059",-6855.091
"8060",-7018.607
"8061",-6798.163
"8062",-6856.53
"8063",-6927.3
"8064",-6954.906
"8065",-6772.037
"8066",-6951.685
"8067",-6737.978
"8068",-6987.737
"8069",-6755.93
"8070",-6878.225
"8071",-6873.147
"8072",-7014.231
"8073",-7049.734
"8074",-7058.621
"8075",-6979.533
"8076",-6779.663
"8077",-6767.26
"8078",-6903.075
"8079",-6897.822
"8080",-6927.903
"8081",-6863.433
"8082",-6870.44
"8083",-7098.142
"8084",-6963.197
"8085",-6965.739
"8086",-6888.478
"8087",-6957.187
"8088",-6926.104
"8089",-6747.778
"8090",-6878.701
"8091",-6934.649
"8092",-7000.608
"8093",-6925.821
"8094",-7011.832
"8095",-6955.988
"8096",-7124.126
"8097",-6856.301
"8098",-6831.585
"8099",-6774.031
"8100",-6876.791
"8101",-7019.838
"8102",-6881.132
"8103",-6733.634
"8104",-6808.162
"8105",-6938.664
"8106",-6966.949
"8107",-6961.011
"8108",-6860.864
"8109",-6981.717
"8110",-6666.286
"8111",-7062.524
"8112",-6912.531
"8113",-7084.459
"8114",-6902.377
"8115",-7001.009
"8116",-6857.961
"8117",-6999.343
"8118",-6858.759
"8119",-6818.126
"8120",-6866.362
"8121",-6900.713
"8122",-6926.426
"8123",-7064.469
"8124",-6995.459
"8125",-7103.047
"8126",-7067.966
"8127",-6900.911
"8128",-6934.068
"8129",-7048.341
"8130",-7128.348
"8131",-7103.698
"8132",-7000.759
"8133",-6931.482
"8134",-6901.1
"8135",-6990.191
"8136",-6989.812
"8137",-7102.127
"8138",-7071.815
"8139",-6942.236
"8140",-6935.454
"8141",-7067.763
"8142",-6892.832
"8143",-6837.99
"8144",-7069.7
"8145",-6966.066
"8146",-6990.016
"8147",-6939.833
"8148",-6941.497
"8149",-6880.681
"8150",-6918.125
"8151",-6877.687
"8152",-6727.786
"8153",-7123.839
"8154",-6969.103
"8155",-6969.809
"8156",-6721.417
"8157",-6958.813
"8158",-6812.63
"8159",-7151.805
"8160",-7021.358
"8161",-6967.827
"8162",-6872.235
"8163",-7138.572
"8164",-6835.659
"8165",-7186.902
"8166",-6980.802
"8167",-6887.073
"8168",-7031.845
"8169",-6933.156
"8170",-6984.306
"8171",-7024.826
"8172",-6917.2
"8173",-6871.625
"8174",-6887.73
"8175",-6877.413
"8176",-6785.369
"8177",-6785.103
"8178",-7133.083
"8179",-6915.931
"8180",-6873.062
"8181",-7025.513
"8182",-6865.698
"8183",-6826.92
"8184",-6950.898
"8185",-6852.258
"8186",-6845.515
"8187",-6948.496
"8188",-6968.864
"8189",-6854.676
"8190",-6904.091
"8191",-6841.701
"8192",-6826.074
"8193",-6915.235
"8194",-6981.38
"8195",-7154.288
"8196",-6685.179
"8197",-7016.243
"8198",-7098.175
"8199",-6959.22
"8200",-6946.83
"8201",-7041.785
"8202",-6953.286
"8203",-6883.182
"8204",-6791.991
"8205",-6823.075
"8206",-7051.458
"8207",-6866.17
"8208",-7089.599
"8209",-6883.599
"8210",-6815.181
"8211",-6823.463
"8212",-7048.6
"8213",-6872.805
"8214",-7006.162
"8215",-6961.788
"8216",-6968.568
"8217",-6855.157
"8218",-6963.137
"8219",-6939.87
"8220",-7078.599
"8221",-6909.391
"8222",-6954.516
"8223",-6808.765
"8224",-6833.38
"8225",-6780.346
"8226",-6962.974
"8227",-6905.478
"8228",-6991.178
"8229",-6877.174
"8230",-6938.22
"8231",-7095.082
"8232",-6876.139
"8233",-6865.858
"8234",-6975.283
"8235",-6900.293
"8236",-7004.501
"8237",-6843.389
"8238",-6958.976
"8239",-6934.708
"8240",-7013.172
"8241",-7024.134
"8242",-6853.046
"8243",-6913.473
"8244",-6973.798
"8245",-6922.617
"8246",-6808.247
"8247",-6998.119
"8248",-6909.998
"8249",-6961.125
"8250",-6728.425
"8251",-6838.853
"8252",-6957.66
"8253",-6812.098
"8254",-6894.786
"8255",-6991.624
"8256",-6834.688
"8257",-7019.995
"8258",-6770.861
"8259",-7062.538
"8260",-6923.549
"8261",-6874.552
"8262",-6760.859
"8263",-6977.987
"8264",-7058.597
"8265",-6886.049
"8266",-7054.058
"8267",-6970.006
"8268",-6875.398
"8269",-6997.636
"8270",-7068.037
"8271",-6864.671
"8272",-6905.094
"8273",-6900.103
"8274",-6948.724
"8275",-6919.191
"8276",-6847.309
"8277",-7052.657
"8278",-6846.924
"8279",-6688.048
"8280",-6935.846
"8281",-6699.975
"8282",-6898.598
"8283",-6914.242
"8284",-6775.916
"8285",-6988.247
"8286",-6818.183
"8287",-6761.332
"8288",-6965.47
"8289",-6879.865
"8290",-7001.815
"8291",-6822.531
"8292",-6900.143
"8293",-7048.832
"8294",-6991.452
"8295",-6988.899
"8296",-6889.002
"8297",-6817.755
"8298",-6876.718
"8299",-6861.314
"8300",-6836.543
"8301",-6755.155
"8302",-6956.216
"8303",-6906.418
"8304",-6681.744
"8305",-6873.848
"8306",-6674.913
"8307",-6916.165
"8308",-6891.368
"8309",-6981.981
"8310",-7022.457
"8311",-6935.13
"8312",-7060.234
"8313",-6782.678
"8314",-7099.692
"8315",-6957.487
"8316",-6877.997
"8317",-6987.339
"8318",-7098.516
"8319",-6820.128
"8320",-7006.85
"8321",-6952.626
"8322",-6931.735
"8323",-6865.518
"8324",-6834.984
"8325",-6872.568
"8326",-6891.249
"8327",-6883.965
"8328",-6769.73
"8329",-6895.096
"8330",-6967.98
"8331",-7026.901
"8332",-6940.722
"8333",-6991.235
"8334",-6768.941
"8335",-6981.639
"8336",-6903.594
"8337",-6878.876
"8338",-6887.563
"8339",-7113.543
"8340",-7003.528
"8341",-7103.888
"8342",-6903.463
"8343",-6958.426
"8344",-6880.774
"8345",-6797.958
"8346",-7047.758
"8347",-6789.032
"8348",-6904.201
"8349",-6933.758
"8350",-6821.082
"8351",-6981.169
"8352",-6962.299
"8353",-6934.002
"8354",-6902.923
"8355",-6860.629
"8356",-6995.882
"8357",-6812.207
"8358",-6892.398
"8359",-6888.871
"8360",-6981.383
"8361",-6755.357
"8362",-6935.647
"8363",-6910.243
"8364",-6992.39
"8365",-6852.328
"8366",-6941.278
"8367",-6899.882
"8368",-6886.46
"8369",-6971.805
"8370",-6555.013
"8371",-6797.828
"8372",-6991.867
"8373",-7009.802
"8374",-7142.305
"8375",-6832.224
"8376",-7019.266
"8377",-6799.766
"8378",-6885.587
"8379",-6958.379
"8380",-7015.874
"8381",-6797.418
"8382",-6864.198
"8383",-6937.871
"8384",-6820.926
"8385",-6859.505
"8386",-6801.156
"8387",-7057.828
"8388",-6979.878
"8389",-6876.49
"8390",-6883.781
"8391",-6797.587
"8392",-6839.102
"8393",-6829.932
"8394",-6997.126
"8395",-6843.594
"8396",-6970.101
"8397",-6792.763
"8398",-6958.732
"8399",-7058.236
"8400",-6799.337
"8401",-7070.72
"8402",-6997.168
"8403",-6758.856
"8404",-6881.567
"8405",-6996.251
"8406",-6922.837
"8407",-6850.717
"8408",-6957.811
"8409",-6986.847
"8410",-6901.033
"8411",-7041.166
"8412",-6990.43
"8413",-6880.772
"8414",-6905.396
"8415",-6885.148
"8416",-6776.247
"8417",-6995.381
"8418",-6865.533
"8419",-6895.949
"8420",-6771.011
"8421",-7134.833
"8422",-6896.106
"8423",-6910.051
"8424",-6846.601
"8425",-6910.499
"8426",-7010.097
"8427",-6936.156
"8428",-6659.552
"8429",-6794.669
"8430",-6927.708
"8431",-6761.505
"8432",-6861.59
"8433",-6809.073
"8434",-6879.955
"8435",-6778.774
"8436",-6779.027
"8437",-6880.693
"8438",-7018.437
"8439",-7078.539
"8440",-6968.485
"8441",-6948.506
"8442",-7059.121
"8443",-7016.324
"8444",-6855.894
"8445",-6929.589
"8446",-6955.869
"8447",-6956.131
"8448",-6853.836
"8449",-6909.588
"8450",-6951.024
"8451",-6974.098
"8452",-6907.683
"8453",-6844.312
"8454",-6895.004
"8455",-6951.031
"8456",-6801.043
"8457",-6994.26
"8458",-6800.362
"8459",-6920.343
"8460",-6769.766
"8461",-6972.649
"8462",-6942.782
"8463",-6752.454
"8464",-6994.19
"8465",-6791.334
"8466",-6968.606
"8467",-7035.206
"8468",-6875.208
"8469",-6799.096
"8470",-6862.086
"8471",-7009.883
"8472",-6914.887
"8473",-6907.465
"8474",-6863.466
"8475",-6842.933
"8476",-7053.861
"8477",-6982.953
"8478",-6780.277
"8479",-7070.104
"8480",-6997.266
"8481",-6984.498
"8482",-7028.698
"8483",-6942.323
"8484",-7030.717
"8485",-6889.385
"8486",-6886.923
"8487",-7033.69
"8488",-6843.821
"8489",-6843.14
"8490",-6866.354
"8491",-6952.834
"8492",-6815.099
"8493",-6960.963
"8494",-7022.824
"8495",-6776.029
"8496",-6912.209
"8497",-6851.919
"8498",-6962.302
"8499",-6882.605
"8500",-6918.105
"8501",-7023.761
"8502",-6935.611
"8503",-6918.939
"8504",-6772.277
"8505",-6941.155
"8506",-6831.843
"8507",-6987.989
"8508",-6847.12
"8509",-6926.102
"8510",-6924.127
"8511",-7022.845
"8512",-6826.07
"8513",-6866.43
"8514",-6927.878
"8515",-6872.377
"8516",-6918.113
"8517",-6976.568
"8518",-7088.815
"8519",-6941.519
"8520",-6906.484
"8521",-6870.823
"8522",-6868.096
"8523",-6987.636
"8524",-6922.847
"8525",-7003.626
"8526",-6947.754
"8527",-6952.942
"8528",-6960.337
"8529",-7069.501
"8530",-6978.918
"8531",-6894.442
"8532",-6772.001
"8533",-6820.819
"8534",-7063.595
"8535",-6993.35
"8536",-6972.85
"8537",-6864.783
"8538",-7135.886
"8539",-7001.22
"8540",-7114.07
"8541",-6901.489
"8542",-6913.516
"8543",-6924.45
"8544",-6800.986
"8545",-6895.023
"8546",-6873.22
"8547",-6920.446
"8548",-6868.278
"8549",-6839.026
"8550",-6888.378
"8551",-7021.16
"8552",-6963.456
"8553",-7100.306
"8554",-6991.161
"8555",-7072.698
"8556",-6952.452
"8557",-6904.655
"8558",-6792.794
"8559",-6683.288
"8560",-6938.619
"8561",-6946.253
"8562",-6797.231
"8563",-6860.165
"8564",-6799.022
"8565",-7005.099
"8566",-7064.724
"8567",-6799.062
"8568",-6997.333
"8569",-7059.847
"8570",-6823.734
"8571",-6885.75
"8572",-6984.756
"8573",-7042.047
"8574",-6854.835
"8575",-6990.27
"8576",-6983.424
"8577",-6804.888
"8578",-6906.021
"8579",-6988.294
"8580",-6798.227
"8581",-6969.973
"8582",-6843.477
"8583",-6953.621
"8584",-6940.386
"8585",-6978.195
"8586",-6894.62
"8587",-7077.169
"8588",-6800.3
"8589",-6856.947
"8590",-6770.473
"8591",-6908.508
"8592",-7015.282
"8593",-7080.941
"8594",-6848.688
"8595",-6899.882
"8596",-6813.593
"8597",-6837.402
"8598",-7147.245
"8599",-6866.386
"8600",-6843.963
"8601",-6990.008
"8602",-7016.272
"8603",-6836.992
"8604",-6876.39
"8605",-6911.415
"8606",-7158.021
"8607",-7002.875
"8608",-7018.455
"8609",-6730.328
"8610",-6919.257
"8611",-6981.019
"8612",-6861.338
"8613",-6731.079
"8614",-7015.557
"8615",-6927.219
"8616",-6937.786
"8617",-6944.575
"8618",-6964.803
"8619",-6981.078
"8620",-7065.474
"8621",-7064.739
"8622",-6901.118
"8623",-6852.866
"8624",-6937.122
"8625",-6966.47
"8626",-7045.628
"8627",-7102.522
"8628",-6795.814
"8629",-6856.586
"8630",-7028.573
"8631",-6942.922
"8632",-6971.142
"8633",-6709.617
"8634",-7054.732
"8635",-6824.87
"8636",-6993.483
"8637",-6956.546
"8638",-7082.131
"8639",-6953.641
"8640",-7025.759
"8641",-7069.884
"8642",-6887.369
"8643",-6728.019
"8644",-7021.524
"8645",-6790.536
"8646",-6835.529
"8647",-7002.54
"8648",-6968.295
"8649",-6829.966
"8650",-7076.145
"8651",-6915.567
"8652",-6907.027
"8653",-6780.81
"8654",-6920.434
"8655",-7060.611
"8656",-6933.497
"8657",-6893.389
"8658",-6786.812
"8659",-6993.967
"8660",-6843.17
"8661",-6973.324
"8662",-6861.795
"8663",-6795.635
"8664",-6932.505
"8665",-7099.1
"8666",-7003.684
"8667",-6940.843
"8668",-6870.234
"8669",-6878.531
"8670",-7043.488
"8671",-6898.143
"8672",-6934.632
"8673",-6863.359
"8674",-7006.863
"8675",-7047.803
"8676",-6824.221
"8677",-6890.476
"8678",-6887.277
"8679",-7152.563
"8680",-7058.011
"8681",-6950.532
"8682",-6854.325
"8683",-7041.177
"8684",-6867.221
"8685",-6876.845
"8686",-6664.71
"8687",-7049.993
"8688",-6956.994
"8689",-7006.192
"8690",-6923.117
"8691",-6736.931
"8692",-6931.147
"8693",-6813.573
"8694",-6862.233
"8695",-7069.468
"8696",-6970.795
"8697",-6889.226
"8698",-7071.765
"8699",-6807.932
"8700",-6694.734
"8701",-6816.69
"8702",-6913.154
"8703",-7101.394
"8704",-6895.65
"8705",-6714.866
"8706",-6877.62
"8707",-7044.054
"8708",-6898.761
"8709",-6896.481
"8710",-6831.993
"8711",-6747.462
"8712",-6850.758
"8713",-7032.347
"8714",-6877.766
"8715",-6751.527
"8716",-6967.177
"8717",-6973.791
"8718",-7025.951
"8719",-6960.372
"8720",-6954.879
"8721",-6959.275
"8722",-6999.717
"8723",-6919.975
"8724",-6871.097
"8725",-6916.043
"8726",-6899.507
"8727",-7087.477
"8728",-7024.204
"8729",-6980.591
"8730",-6977.04
"8731",-6997.731
"8732",-6821.644
"8733",-6874.806
"8734",-6952.855
"8735",-6951.793
"8736",-6845.307
"8737",-6931.415
"8738",-6711.485
"8739",-6836.919
"8740",-6835.548
"8741",-7065.366
"8742",-6883.792
"8743",-6899.171
"8744",-6969.103
"8745",-6997.964
"8746",-6893.112
"8747",-6828.995
"8748",-6734.418
"8749",-6931.019
"8750",-6955.462
"8751",-7026.983
"8752",-7046.995
"8753",-6856.671
"8754",-7016.118
"8755",-6965.257
"8756",-6956.68
"8757",-6884.289
"8758",-6977.023
"8759",-6964.401
"8760",-6947.228
"8761",-6798.645
"8762",-6764.3
"8763",-6810.492
"8764",-6912.624
"8765",-6906.208
"8766",-6881.651
"8767",-6996.99
"8768",-6857.329
"8769",-6754.09
"8770",-6960.422
"8771",-6924.286
"8772",-6755.45
"8773",-6920.2
"8774",-7139.8
"8775",-7071.886
"8776",-6986.248
"8777",-7021.974
"8778",-6907.809
"8779",-6809.183
"8780",-6972.803
"8781",-6885.46
"8782",-6993.224
"8783",-6958.708
"8784",-6861.433
"8785",-6885.638
"8786",-6664.207
"8787",-6849.681
"8788",-6913.501
"8789",-7018.303
"8790",-6908.831
"8791",-6997.571
"8792",-7028.93
"8793",-7090.379
"8794",-6987.522
"8795",-7060.73
"8796",-6965.416
"8797",-6901.903
"8798",-6786.148
"8799",-6942.056
"8800",-7002.716
"8801",-7064.369
"8802",-6918.409
"8803",-6860.83
"8804",-6909.931
"8805",-6799.619
"8806",-6728.535
"8807",-6899.819
"8808",-6833.098
"8809",-6967.279
"8810",-6990.224
"8811",-6903.444
"8812",-6960.622
"8813",-6764.834
"8814",-6926.588
"8815",-6945.916
"8816",-6917.157
"8817",-6868.358
"8818",-7052.315
"8819",-6973.596
"8820",-6977.683
"8821",-6832.23
"8822",-7057.315
"8823",-7024.967
"8824",-6807.066
"8825",-6846.327
"8826",-6994.448
"8827",-6929.983
"8828",-6752.941
"8829",-6908.969
"8830",-7003.049
"8831",-6843.5
"8832",-6905.101
"8833",-6853.2
"8834",-6896.049
"8835",-6673.288
"8836",-6966
"8837",-6895.848
"8838",-6793.124
"8839",-6905.179
"8840",-7141.354
"8841",-6929.638
"8842",-6893.294
"8843",-6881.044
"8844",-6884.565
"8845",-6903.344
"8846",-6984.934
"8847",-6773.312
"8848",-6865.026
"8849",-6633.958
"8850",-7119.105
"8851",-6875.858
"8852",-6959.357
"8853",-6945.661
"8854",-7034.882
"8855",-6921.295
"8856",-6872.397
"8857",-6879.801
"8858",-6994.764
"8859",-6975.963
"8860",-6845.126
"8861",-6935.046
"8862",-6802.655
"8863",-6960.318
"8864",-6934.202
"8865",-7002.474
"8866",-6896.701
"8867",-6725.14
"8868",-6883.407
"8869",-7029.572
"8870",-7178.606
"8871",-6853.989
"8872",-6922.992
"8873",-6816.018
"8874",-6933.374
"8875",-7010.205
"8876",-6799.336
"8877",-6997.77
"8878",-6892.247
"8879",-7072.138
"8880",-6898.353
"8881",-6997.026
"8882",-6841.529
"8883",-6814.93
"8884",-6807.897
"8885",-6859.928
"8886",-7064.943
"8887",-6982.344
"8888",-7071.416
"8889",-6873.658
"8890",-6878.269
"8891",-6807.864
"8892",-6753.425
"8893",-6975.645
"8894",-7063.208
"8895",-6920.504
"8896",-6898.421
"8897",-6788.83
"8898",-6820.577
"8899",-7027.118
"8900",-6909.048
"8901",-6926.051
"8902",-6946.791
"8903",-6905.739
"8904",-6829.974
"8905",-6852.045
"8906",-6777.571
"8907",-6905.393
"8908",-6900.57
"8909",-7026.978
"8910",-6956.9
"8911",-7190.249
"8912",-6950.1
"8913",-7015.609
"8914",-6953.25
"8915",-6884.327
"8916",-6804.52
"8917",-6881.308
"8918",-7019.136
"8919",-6905.942
"8920",-6863.742
"8921",-6794.64
"8922",-6715.064
"8923",-6753.867
"8924",-6902.054
"8925",-6823.432
"8926",-6786.87
"8927",-6894.667
"8928",-6938.639
"8929",-6964.022
"8930",-6947.681
"8931",-6979.593
"8932",-7042.201
"8933",-7051.135
"8934",-6942.273
"8935",-6994.513
"8936",-6950.558
"8937",-6834.549
"8938",-6790.596
"8939",-6926.998
"8940",-6960.884
"8941",-6848.136
"8942",-6823.543
"8943",-6841.88
"8944",-7034.473
"8945",-7019.695
"8946",-6888.13
"8947",-7000.063
"8948",-7002.139
"8949",-6821.157
"8950",-7119.056
"8951",-6837.763
"8952",-6841.446
"8953",-6900.668
"8954",-6829.027
"8955",-6938.934
"8956",-6889.796
"8957",-6900.772
"8958",-6944.721
"8959",-7034.687
"8960",-6764.821
"8961",-6900.517
"8962",-7000.141
"8963",-6819.667
"8964",-6839.068
"8965",-6939.414
"8966",-6887.772
"8967",-6748.311
"8968",-6832.849
"8969",-7033.051
"8970",-6780.709
"8971",-6883.473
"8972",-6843.272
"8973",-7060.262
"8974",-6782.108
"8975",-6896.761
"8976",-7010.254
"8977",-7041.362
"8978",-6878.11
"8979",-6850.892
"8980",-7029.339
"8981",-6812.309
"8982",-6901.658
"8983",-7088.077
"8984",-6993.4
"8985",-6978.683
"8986",-6978.098
"8987",-7029.127
"8988",-6893.962
"8989",-6981.542
"8990",-6896.443
"8991",-6872.166
"8992",-6746.59
"8993",-6824.111
"8994",-6854.196
"8995",-6961.355
"8996",-7063.345
"8997",-6921.098
"8998",-6917.672
"8999",-6984.394
"9000",-6814.482
"9001",-6807.826
"9002",-6932.218
"9003",-6907.25
"9004",-7266.251
"9005",-7120.19
"9006",-6933.426
"9007",-6848.237
"9008",-7171.025
"9009",-7039.392
"9010",-7034.68
"9011",-6993.539
"9012",-6998.416
"9013",-6875.511
"9014",-6962.459
"9015",-6969.95
"9016",-6941.24
"9017",-6678.582
"9018",-6855.503
"9019",-6985.225
"9020",-7088.837
"9021",-6754.627
"9022",-6885.696
"9023",-6834.565
"9024",-6858.693
"9025",-6998.805
"9026",-7014.679
"9027",-6901.416
"9028",-6947.347
"9029",-6877.033
"9030",-6969.597
"9031",-6806.963
"9032",-6929.409
"9033",-6872.957
"9034",-7054.575
"9035",-6993.998
"9036",-6871.944
"9037",-6953.032
"9038",-7049.042
"9039",-7003.69
"9040",-6830.616
"9041",-7005.463
"9042",-6823.785
"9043",-6912.569
"9044",-6801.913
"9045",-6895.922
"9046",-6941.158
"9047",-6886.451
"9048",-6935.807
"9049",-6950.688
"9050",-6862.889
"9051",-6982.665
"9052",-6934.875
"9053",-6995.176
"9054",-6930.11
"9055",-7005.089
"9056",-7088.885
"9057",-6816.163
"9058",-6735.33
"9059",-6944.13
"9060",-6865.866
"9061",-6925.215
"9062",-6784.936
"9063",-6869.504
"9064",-6895.858
"9065",-7010.007
"9066",-7077.744
"9067",-6955.457
"9068",-6935.94
"9069",-6969.588
"9070",-6800.489
"9071",-6904.999
"9072",-6997.857
"9073",-7013.376
"9074",-7000.732
"9075",-6883.992
"9076",-6956.274
"9077",-6952.396
"9078",-6919.601
"9079",-6784.333
"9080",-7089.252
"9081",-7167.867
"9082",-6927.973
"9083",-6977.058
"9084",-7001.795
"9085",-6881.621
"9086",-6977.174
"9087",-6928.135
"9088",-6888.2
"9089",-6872.502
"9090",-6904.819
"9091",-6898.108
"9092",-6997.451
"9093",-7007.869
"9094",-6851.843
"9095",-6904.493
"9096",-6890.052
"9097",-6866.801
"9098",-6992.647
"9099",-7011.6
"9100",-6807.631
"9101",-6878.326
"9102",-6952.896
"9103",-6885.185
"9104",-6988.821
"9105",-6889.99
"9106",-6912.901
"9107",-7148.944
"9108",-7022.756
"9109",-6874.49
"9110",-7015.005
"9111",-6960.721
"9112",-6914.909
"9113",-6891.347
"9114",-6892.378
"9115",-6947.169
"9116",-7054.117
"9117",-6941.058
"9118",-7086.816
"9119",-6858.095
"9120",-7008.538
"9121",-6794.528
"9122",-6914.363
"9123",-6817.161
"9124",-7081.942
"9125",-6691.411
"9126",-6984.883
"9127",-7030.458
"9128",-6865.266
"9129",-6999.888
"9130",-6942.382
"9131",-6959.563
"9132",-6903.195
"9133",-7034.381
"9134",-6954.939
"9135",-6852.892
"9136",-6960.166
"9137",-6867.739
"9138",-6784.874
"9139",-6866.094
"9140",-6876.308
"9141",-6799.918
"9142",-6879.165
"9143",-6904.691
"9144",-6936.085
"9145",-6779.255
"9146",-7135.947
"9147",-7083.173
"9148",-6692.706
"9149",-6904.18
"9150",-6978.926
"9151",-7076.488
"9152",-6885.312
"9153",-6725.889
"9154",-6920.642
"9155",-6952.629
"9156",-6818.475
"9157",-7104.482
"9158",-6801.848
"9159",-6830.459
"9160",-6950.523
"9161",-6732.226
"9162",-6858.202
"9163",-6898.418
"9164",-7012.553
"9165",-7001.406
"9166",-6785.745
"9167",-6906.106
"9168",-6973.766
"9169",-6811.404
"9170",-6998.558
"9171",-6783.963
"9172",-6862.965
"9173",-6774.009
"9174",-7042.17
"9175",-6854.809
"9176",-6865.944
"9177",-6967.737
"9178",-6926.772
"9179",-6959.46
"9180",-6933.307
"9181",-6785.532
"9182",-6958.437
"9183",-6726.127
"9184",-6971.809
"9185",-6990.116
"9186",-6885.677
"9187",-7055.459
"9188",-6913.825
"9189",-6790.218
"9190",-6968.008
"9191",-6957.556
"9192",-6849.419
"9193",-6831.223
"9194",-6958.288
"9195",-6904.479
"9196",-6880.242
"9197",-6843.685
"9198",-6868.536
"9199",-6832.236
"9200",-6859.674
"9201",-7049.149
"9202",-6736.748
"9203",-7061.333
"9204",-7105.137
"9205",-6875.302
"9206",-6896.28
"9207",-7206.449
"9208",-6818.175
"9209",-6835.623
"9210",-7137.983
"9211",-6725.474
"9212",-6948.779
"9213",-7053.322
"9214",-6819.752
"9215",-6834.133
"9216",-6998.785
"9217",-7007.356
"9218",-6934.11
"9219",-6912.202
"9220",-6647.641
"9221",-7027.213
"9222",-7014.802
"9223",-6951.161
"9224",-7034.093
"9225",-6939.724
"9226",-6924.062
"9227",-6954.994
"9228",-6903.972
"9229",-7027.191
"9230",-6967.764
"9231",-6894.837
"9232",-6855.684
"9233",-6835.156
"9234",-6954.439
"9235",-6809.71
"9236",-7038.234
"9237",-6913.257
"9238",-6940.106
"9239",-6809.691
"9240",-6964.326
"9241",-6990.141
"9242",-7023.434
"9243",-7027.627
"9244",-6915.215
"9245",-6863.761
"9246",-6960.663
"9247",-6807.736
"9248",-7023.18
"9249",-6871.786
"9250",-6915.573
"9251",-7094.213
"9252",-7051.324
"9253",-6828.167
"9254",-6881.436
"9255",-7027.836
"9256",-6945.611
"9257",-6759.198
"9258",-7050.703
"9259",-7070.656
"9260",-7091.776
"9261",-7073.697
"9262",-6923.194
"9263",-6880.439
"9264",-7003.028
"9265",-6875.183
"9266",-7145.582
"9267",-7219.319
"9268",-6842.624
"9269",-6877.4
"9270",-6995.341
"9271",-6856.882
"9272",-6807.545
"9273",-6978.783
"9274",-6851.901
"9275",-7048.778
"9276",-6931.77
"9277",-6967.495
"9278",-6950.107
"9279",-6942.103
"9280",-7115.859
"9281",-6951.664
"9282",-6778.738
"9283",-6889.152
"9284",-7065.78
"9285",-6869.619
"9286",-6933.451
"9287",-6775.236
"9288",-7003.941
"9289",-7042.061
"9290",-6991.5
"9291",-6758.917
"9292",-6956.689
"9293",-7113.408
"9294",-6926.041
"9295",-6909.204
"9296",-6910.917
"9297",-7123.026
"9298",-6814.22
"9299",-6830.82
"9300",-6817.166
"9301",-6823.96
"9302",-7001.26
"9303",-6864.088
"9304",-6924.867
"9305",-6870.674
"9306",-6832.584
"9307",-6859.86
"9308",-6836.144
"9309",-7043.198
"9310",-6890.238
"9311",-6881.982
"9312",-6838.119
"9313",-7017.902
"9314",-6910.313
"9315",-6959.622
"9316",-6892.554
"9317",-6824.297
"9318",-6881.958
"9319",-6802.374
"9320",-6845.231
"9321",-6764.196
"9322",-6961.882
"9323",-7091.382
"9324",-6875.835
"9325",-6870.85
"9326",-6895.327
"9327",-6956.675
"9328",-6881.602
"9329",-6861.596
"9330",-6827.037
"9331",-6821.484
"9332",-6920.666
"9333",-6850.52
"9334",-6803.609
"9335",-7123.949
"9336",-6930.666
"9337",-6802.55
"9338",-7032.528
"9339",-6882.596
"9340",-7085.913
"9341",-7067.958
"9342",-7023.069
"9343",-6922.746
"9344",-6944.95
"9345",-7042.657
"9346",-7039.675
"9347",-6904.77
"9348",-6940.177
"9349",-6937.973
"9350",-6972.119
"9351",-6999.615
"9352",-6736.257
"9353",-6972.667
"9354",-7046.766
"9355",-7029.224
"9356",-6969.526
"9357",-6819.048
"9358",-7098.285
"9359",-6894.847
"9360",-6815.999
"9361",-6869.562
"9362",-6777.719
"9363",-7144.995
"9364",-6946.096
"9365",-7056.316
"9366",-7091.289
"9367",-6887.324
"9368",-6892.14
"9369",-6839.318
"9370",-7019.405
"9371",-6875.298
"9372",-6785.892
"9373",-6801.988
"9374",-6891.253
"9375",-7181.965
"9376",-6990.739
"9377",-6973.297
"9378",-6731.916
"9379",-6799.183
"9380",-6955.261
"9381",-6974.466
"9382",-6946.724
"9383",-7043.17
"9384",-6684.127
"9385",-6925.564
"9386",-6783.855
"9387",-7006.142
"9388",-6943.517
"9389",-6882.484
"9390",-6937.698
"9391",-6889.363
"9392",-6762.398
"9393",-6902.45
"9394",-6832.363
"9395",-6771.129
"9396",-7007.632
"9397",-6948.846
"9398",-6916.796
"9399",-6853.405
"9400",-6879.242
"9401",-7078.116
"9402",-7024.625
"9403",-6703.64
"9404",-6870.954
"9405",-7038.645
"9406",-6903.48
"9407",-6813.296
"9408",-6949.814
"9409",-7008.437
"9410",-6880.779
"9411",-6964.392
"9412",-6859.697
"9413",-6879.307
"9414",-6906.998
"9415",-6973.451
"9416",-7029.574
"9417",-6863.096
"9418",-6755.592
"9419",-6789.919
"9420",-6931.123
"9421",-6942.36
"9422",-6938.738
"9423",-6885.444
"9424",-7060.989
"9425",-6807.056
"9426",-6702.493
"9427",-6884.008
"9428",-6949.916
"9429",-7082.108
"9430",-6910.956
"9431",-6865.333
"9432",-7050.336
"9433",-6940.629
"9434",-6790.887
"9435",-6968.78
"9436",-6935.48
"9437",-7018.339
"9438",-6756.961
"9439",-6720.156
"9440",-6886.919
"9441",-6940.628
"9442",-6857.439
"9443",-6904.573
"9444",-7243.037
"9445",-7121.449
"9446",-6916.087
"9447",-6786.811
"9448",-6934.169
"9449",-6828.435
"9450",-6768.366
"9451",-6876.077
"9452",-6963.249
"9453",-6933.955
"9454",-6950.476
"9455",-6960.728
"9456",-6889.246
"9457",-7058.743
"9458",-6932.841
"9459",-6886.985
"9460",-6978.929
"9461",-6908.087
"9462",-6986.845
"9463",-6885.979
"9464",-6790.131
"9465",-7056.609
"9466",-6975.144
"9467",-7037.815
"9468",-6831.112
"9469",-6896.366
"9470",-6834.741
"9471",-6903.009
"9472",-6869.496
"9473",-6784.99
"9474",-6922.527
"9475",-6938.342
"9476",-7033.533
"9477",-6803.566
"9478",-6896.69
"9479",-6927.506
"9480",-6917.514
"9481",-7037.527
"9482",-7116.842
"9483",-6872.873
"9484",-6918.491
"9485",-7079.88
"9486",-6964.234
"9487",-6951.747
"9488",-6894.343
"9489",-6803.633
"9490",-7055.381
"9491",-6907.167
"9492",-7013.019
"9493",-6906.425
"9494",-6895.102
"9495",-6838.943
"9496",-6955.903
"9497",-6881.663
"9498",-6866.768
"9499",-6801.527
"9500",-6983.639
"9501",-6918.401
"9502",-6923.894
"9503",-6965.543
"9504",-6865.987
"9505",-6895.005
"9506",-7002.28
"9507",-6976.531
"9508",-6862.878
"9509",-7114.945
"9510",-6942.909
"9511",-6797.699
"9512",-6849.341
"9513",-6804.856
"9514",-6809.512
"9515",-6913.267
"9516",-6905.503
"9517",-6856.58
"9518",-6904.216
"9519",-6910.78
"9520",-7074.687
"9521",-7000.724
"9522",-6921.143
"9523",-6769.061
"9524",-6990.934
"9525",-6741.943
"9526",-6880.263
"9527",-6760.08
"9528",-6761.576
"9529",-6957.434
"9530",-7130.153
"9531",-6984.595
"9532",-6936.423
"9533",-7132.786
"9534",-6912.417
"9535",-6940.804
"9536",-7055.486
"9537",-7075.595
"9538",-6916.673
"9539",-7057.77
"9540",-6861.925
"9541",-6846.31
"9542",-6900.711
"9543",-7070.289
"9544",-7020.844
"9545",-7024.281
"9546",-7014.852
"9547",-6792.377
"9548",-7042.018
"9549",-6905.523
"9550",-6942.338
"9551",-6949.976
"9552",-6886.06
"9553",-6717.559
"9554",-6928.504
"9555",-6904.201
"9556",-6926.486
"9557",-6818.802
"9558",-6872.369
"9559",-6948.5
"9560",-6944.4
"9561",-6920.865
"9562",-6967.604
"9563",-7086.933
"9564",-6674.49
"9565",-6982.123
"9566",-6809.075
"9567",-6944.221
"9568",-6726.448
"9569",-6947.756
"9570",-6909.949
"9571",-6808.526
"9572",-6834.307
"9573",-6935.885
"9574",-7015.861
"9575",-6843.408
"9576",-6858.471
"9577",-6772.58
"9578",-6773.168
"9579",-6797.384
"9580",-7132.021
"9581",-6754.128
"9582",-6941.039
"9583",-6845.42
"9584",-6955.784
"9585",-7067.098
"9586",-6916.261
"9587",-7069.874
"9588",-6943.079
"9589",-7012.803
"9590",-6900.28
"9591",-6977.107
"9592",-6904.256
"9593",-6905.154
"9594",-6911.357
"9595",-6672.659
"9596",-6993.797
"9597",-7069.746
"9598",-7090.169
"9599",-6868.583
"9600",-7024.681
"9601",-6904.394
"9602",-6970.743
"9603",-6946.877
"9604",-7101.793
"9605",-6804.545
"9606",-7076.678
"9607",-6862.229
"9608",-6871.236
"9609",-6986.643
"9610",-6735.578
"9611",-6862.786
"9612",-6944.913
"9613",-6941.769
"9614",-7070.593
"9615",-7079.932
"9616",-6915.656
"9617",-6738.302
"9618",-6982.702
"9619",-7101.107
"9620",-6786.64
"9621",-6836.869
"9622",-6807.393
"9623",-6890.959
"9624",-6880.346
"9625",-6985.549
"9626",-7074.369
"9627",-7004.392
"9628",-6821.07
"9629",-7093.836
"9630",-7073.809
"9631",-6985.58
"9632",-6891.361
"9633",-6888.037
"9634",-6900.672
"9635",-6834.879
"9636",-6909.615
"9637",-6907.752
"9638",-6689.743
"9639",-6784.81
"9640",-6858.544
"9641",-6976.534
"9642",-6820.813
"9643",-6929.782
"9644",-6813.648
"9645",-7043.876
"9646",-6989.468
"9647",-7142.148
"9648",-6770.508
"9649",-6867.813
"9650",-6964.239
"9651",-6896.887
"9652",-6880.072
"9653",-6903.331
"9654",-6960.025
"9655",-6970.832
"9656",-7073.505
"9657",-6964.917
"9658",-6951.85
"9659",-6858.954
"9660",-7035.65
"9661",-6855.61
"9662",-6804.715
"9663",-6779.917
"9664",-6926.392
"9665",-6987.889
"9666",-6916.831
"9667",-6982.169
"9668",-6914.277
"9669",-6811.864
"9670",-7002.575
"9671",-7019.651
"9672",-6919.054
"9673",-6966.788
"9674",-6923.325
"9675",-6907.705
"9676",-6948.907
"9677",-6932.618
"9678",-6913.142
"9679",-6870.113
"9680",-6966.095
"9681",-6852.483
"9682",-6962.687
"9683",-6778.999
"9684",-6803.111
"9685",-7012.587
"9686",-6948.948
"9687",-6937.918
"9688",-6766.257
"9689",-6870.641
"9690",-7007.624
"9691",-7023.072
"9692",-6834.435
"9693",-6815.61
"9694",-6865.536
"9695",-6904.459
"9696",-6992.646
"9697",-6974.258
"9698",-6972.396
"9699",-6919.846
"9700",-6879.537
"9701",-6774.673
"9702",-7072.934
"9703",-6986.389
"9704",-6994.076
"9705",-6985.47
"9706",-6946.673
"9707",-6806.739
"9708",-6908.629
"9709",-6931.912
"9710",-6862.557
"9711",-6929.284
"9712",-6761.439
"9713",-6818.236
"9714",-7035.257
"9715",-6769.485
"9716",-7039.993
"9717",-7014.676
"9718",-6943.759
"9719",-7190.609
"9720",-6751.992
"9721",-6782.56
"9722",-6883.916
"9723",-6780.806
"9724",-6855.68
"9725",-7012.384
"9726",-6816.841
"9727",-6970.691
"9728",-6833.086
"9729",-6789.031
"9730",-7008.422
"9731",-6951.495
"9732",-7007.989
"9733",-6831.508
"9734",-6739.388
"9735",-6926.02
"9736",-6720.44
"9737",-6890.376
"9738",-7094.43
"9739",-7058.268
"9740",-7096.992
"9741",-6816.382
"9742",-6802.216
"9743",-6715.668
"9744",-6791.206
"9745",-7056.788
"9746",-6815.282
"9747",-6857.554
"9748",-7089.966
"9749",-7175.304
"9750",-6891.736
"9751",-6851.759
"9752",-6769.761
"9753",-6855.735
"9754",-6796.319
"9755",-6913.221
"9756",-7007.414
"9757",-6894.758
"9758",-6780.685
"9759",-6869.173
"9760",-6746.564
"9761",-6956.939
"9762",-6858.453
"9763",-6796.336
"9764",-6833.57
"9765",-6926.277
"9766",-6898.051
"9767",-6778.489
"9768",-6927.435
"9769",-6853.526
"9770",-6808.303
"9771",-6918.68
"9772",-6819.275
"9773",-6821.841
"9774",-7097.921
"9775",-7118.719
"9776",-6973.909
"9777",-6754.602
"9778",-6922.089
"9779",-6742.684
"9780",-7052.971
"9781",-6868.255
"9782",-6978.706
"9783",-7026.207
"9784",-7008.478
"9785",-6932.977
"9786",-6710.695
"9787",-6877.124
"9788",-6950.973
"9789",-7034.134
"9790",-7089.64
"9791",-6730.628
"9792",-7055.499
"9793",-7057.42
"9794",-6868.029
"9795",-6865.942
"9796",-7145.404
"9797",-6984.204
"9798",-7097.057
"9799",-6839.441
"9800",-7161.647
"9801",-7025.795
"9802",-6922.79
"9803",-6855.811
"9804",-6744.697
"9805",-6890.371
"9806",-6953.522
"9807",-6957.764
"9808",-6865.423
"9809",-6824.818
"9810",-6804.105
"9811",-6769.869
"9812",-6927.929
"9813",-6895.262
"9814",-6891.309
"9815",-6890.924
"9816",-6951.808
"9817",-6966.155
"9818",-6916.389
"9819",-6930.562
"9820",-6989.398
"9821",-7058.111
"9822",-7003.579
"9823",-6817.227
"9824",-6945.303
"9825",-6895.2
"9826",-6885.997
"9827",-6832.359
"9828",-6941.484
"9829",-6892.128
"9830",-7005.146
"9831",-6802.933
"9832",-6950.775
"9833",-6972.856
"9834",-7071.089
"9835",-6815.04
"9836",-6842.655
"9837",-7011.062
"9838",-6780.185
"9839",-6954.047
"9840",-7014.723
"9841",-6771.989
"9842",-7014.056
"9843",-6966.39
"9844",-7006.391
"9845",-6910.397
"9846",-6842.551
"9847",-6990.664
"9848",-7117.027
"9849",-6901.033
"9850",-6966.189
"9851",-6906.483
"9852",-6987.199
"9853",-7095.651
"9854",-6799.546
"9855",-6960.86
"9856",-6978.084
"9857",-6981.506
"9858",-6953.548
"9859",-7010.616
"9860",-6842.452
"9861",-6949.483
"9862",-6721.997
"9863",-7002.479
"9864",-6946.686
"9865",-6776.636
"9866",-6890.791
"9867",-6972.012
"9868",-6801.481
"9869",-6786.71
"9870",-6834.952
"9871",-7109.429
"9872",-6900.28
"9873",-7031.328
"9874",-6994.971
"9875",-6914.299
"9876",-6852.938
"9877",-6775.29
"9878",-6764.548
"9879",-6904.161
"9880",-6827.295
"9881",-6806.684
"9882",-6966.603
"9883",-6798.062
"9884",-6887.739
"9885",-7051.11
"9886",-7022.176
"9887",-6930.601
"9888",-6903.363
"9889",-6712.547
"9890",-6847.001
"9891",-6944.5
"9892",-6944.429
"9893",-6957.045
"9894",-7007.015
"9895",-6767.773
"9896",-6931.08
"9897",-6956.264
"9898",-6856.778
"9899",-6922.471
"9900",-6827.437
"9901",-6795.921
"9902",-6945.804
"9903",-6934.593
"9904",-7117.651
"9905",-6981.196
"9906",-6946.546
"9907",-6628.212
"9908",-6943.783
"9909",-6806.075
"9910",-6960.122
"9911",-6807.229
"9912",-7129.32
"9913",-6864.922
"9914",-6969.646
"9915",-6858.478
"9916",-6942.054
"9917",-6822.618
"9918",-6888.291
"9919",-7046.502
"9920",-7019.403
"9921",-6955.145
"9922",-6906.202
"9923",-6804.011
"9924",-6912.609
"9925",-6984.027
"9926",-6949.218
"9927",-7017.428
"9928",-6994.548
"9929",-6897.771
"9930",-6936.326
"9931",-6924.82
"9932",-7013.645
"9933",-6830.151
"9934",-6967.577
"9935",-6899.668
"9936",-6822.17
"9937",-6935.59
"9938",-6922.589
"9939",-7019.929
"9940",-6916.532
"9941",-6895.473
"9942",-6853.07
"9943",-6791.99
"9944",-7040.73
"9945",-6884.867
"9946",-6915.708
"9947",-6963.545
"9948",-6884.864
"9949",-6903.366
"9950",-6929.03
"9951",-6997.085
"9952",-6973.964
"9953",-7108.837
"9954",-6881.298
"9955",-6987.755
"9956",-6946.464
"9957",-6897.142
"9958",-6924.832
"9959",-6840.848
"9960",-6965.923
"9961",-6980.082
"9962",-6775.517
"9963",-6787.677
"9964",-6989.776
"9965",-6957.902
"9966",-6941.315
"9967",-6942.093
"9968",-7054.998
"9969",-7132.404
"9970",-7001.025
"9971",-7093.135
"9972",-6734.631
"9973",-7044.01
"9974",-6921.811
"9975",-7001.602
"9976",-7050.977
"9977",-6839.105
"9978",-6829.828
"9979",-6791.355
"9980",-6701.115
"9981",-7008.23
"9982",-6872.582
"9983",-6986.421
"9984",-6934.794
"9985",-6857.498
"9986",-6913.68
"9987",-6921.76
"9988",-6927.085
"9989",-6978.711
"9990",-7008.157
"9991",-7119.225
"9992",-7011.117
"9993",-7046.554
"9994",-6791.042
"9995",-6978.406
"9996",-6940.176
"9997",-6885.206
"9998",-6895.001
"9999",-6924.124
"10000",-7025.186
