"","x"
"1",-16515.629
"2",-17132.289
"3",-16408.764
"4",-16718.592
"5",-16280.417
"6",-16626.397
"7",-17224.828
"8",-17076.173
"9",-16653.814
"10",-16550.317
"11",-16696.551
"12",-17239.449
"13",-16889.107
"14",-16957.119
"15",-16450.531
"16",-16855.124
"17",-16669.297
"18",-16659.781
"19",-16892.194
"20",-16623.091
"21",-17147.89
"22",-16676.075
"23",-17143.914
"24",-16935.405
"25",-17170.576
"26",-16920.45
"27",-17057.605
"28",-16691.852
"29",-16712.199
"30",-16993.489
"31",-16756.456
"32",-17103.013
"33",-17068.894
"34",-16651.507
"35",-16438.442
"36",-17093.697
"37",-17022.32
"38",-16987.212
"39",-16980.408
"40",-16722.12
"41",-16691.71
"42",-16801.155
"43",-16836.096
"44",-16909.508
"45",-16854.769
"46",-17010.487
"47",-16636.348
"48",-16757.853
"49",-17321.792
"50",-17051.061
"51",-16935.926
"52",-16548.621
"53",-16604.378
"54",-16613.959
"55",-16986.07
"56",-16722.155
"57",-17029.817
"58",-16971.798
"59",-16499.37
"60",-17052.216
"61",-16703.892
"62",-16841.325
"63",-16774.094
"64",-16725.421
"65",-16587.147
"66",-17119.39
"67",-17317.778
"68",-17023.576
"69",-16883.394
"70",-16772.776
"71",-17054.005
"72",-16876.618
"73",-16853.114
"74",-16374.629
"75",-16700.44
"76",-16873.695
"77",-16820.079
"78",-16978.562
"79",-16434.319
"80",-16651.394
"81",-16316.712
"82",-16851.563
"83",-16549.583
"84",-16583.495
"85",-16784.028
"86",-17011.417
"87",-17060.272
"88",-17024.113
"89",-16595.785
"90",-16725.223
"91",-17152.186
"92",-17183.969
"93",-17004.688
"94",-16673.012
"95",-16530.897
"96",-16420.496
"97",-16523.444
"98",-16501.404
"99",-16751.335
"100",-16808.946
"101",-16838.545
"102",-17141.044
"103",-16929.349
"104",-16406.059
"105",-16653.882
"106",-16850.547
"107",-16810.855
"108",-16898.901
"109",-16669.143
"110",-16608.264
"111",-16561.165
"112",-16576.564
"113",-16491.641
"114",-17493.017
"115",-16792.052
"116",-17059.889
"117",-16511.353
"118",-16815.639
"119",-16604.919
"120",-16852.827
"121",-17104.655
"122",-17284.977
"123",-17249.777
"124",-17274.413
"125",-17189.396
"126",-16922.474
"127",-16715.051
"128",-16796.927
"129",-16955.756
"130",-16569.914
"131",-16707.162
"132",-17274.426
"133",-17465.601
"134",-16920.107
"135",-16671.863
"136",-16677.739
"137",-16558.671
"138",-16999.668
"139",-16371.317
"140",-16303.012
"141",-16546.142
"142",-16494.292
"143",-17229.782
"144",-17288.69
"145",-16434.037
"146",-16737.658
"147",-17368.078
"148",-16176.678
"149",-16938.143
"150",-16734.493
"151",-16958.737
"152",-16564.601
"153",-16743.041
"154",-17230.981
"155",-16035.176
"156",-17058.69
"157",-17167.95
"158",-16608.193
"159",-17007.731
"160",-17043.265
"161",-16703.517
"162",-16537.665
"163",-16443.064
"164",-16532.101
"165",-17228.474
"166",-16795.002
"167",-17089.058
"168",-16208.478
"169",-16813.639
"170",-16708.32
"171",-17257.275
"172",-16732.222
"173",-16923.851
"174",-16530.514
"175",-16857.707
"176",-16765.22
"177",-16803.519
"178",-16906.921
"179",-16935.141
"180",-16686.377
"181",-17069.256
"182",-17061
"183",-16464.491
"184",-17236.69
"185",-16718.408
"186",-16748.691
"187",-17242.744
"188",-16581.725
"189",-16897.927
"190",-16612.038
"191",-16878.377
"192",-16619.317
"193",-17215.323
"194",-16888.985
"195",-16736.551
"196",-16850.602
"197",-16646.672
"198",-16840.641
"199",-16932.925
"200",-16868.236
"201",-16808.193
"202",-16714.459
"203",-16868.074
"204",-16657.557
"205",-16259.319
"206",-16935.092
"207",-16813.611
"208",-16612.674
"209",-16355.842
"210",-16877.464
"211",-16697.473
"212",-16652.751
"213",-16558.501
"214",-16832.571
"215",-16539.787
"216",-16719.003
"217",-16881.966
"218",-16607.005
"219",-16889.322
"220",-16727.346
"221",-16971.533
"222",-17386.797
"223",-16351.632
"224",-16819.833
"225",-16906.608
"226",-16838.843
"227",-17050.588
"228",-17008.96
"229",-16979.289
"230",-16432.903
"231",-17002.618
"232",-17021.591
"233",-16830.174
"234",-16710.89
"235",-17126.65
"236",-16974.286
"237",-16632.669
"238",-16959.344
"239",-16884.426
"240",-16910.825
"241",-16721.796
"242",-16802.12
"243",-17406.736
"244",-17155.002
"245",-17016.648
"246",-17087.645
"247",-16530.223
"248",-17114.068
"249",-16580.922
"250",-16904.927
"251",-17198.742
"252",-16553.416
"253",-16520.118
"254",-16941.305
"255",-16984.428
"256",-16777.714
"257",-16879.204
"258",-16785.673
"259",-16783.275
"260",-16839.795
"261",-16442.547
"262",-16833.078
"263",-16742.39
"264",-16305.918
"265",-16759.868
"266",-16746.093
"267",-17191.861
"268",-17189.751
"269",-16593.674
"270",-16989.574
"271",-16969.988
"272",-16420.761
"273",-17173.802
"274",-16485.469
"275",-17061.123
"276",-16196.807
"277",-16789.513
"278",-16618.124
"279",-17134.745
"280",-17051.301
"281",-16680.462
"282",-16569.06
"283",-17239.805
"284",-16793.035
"285",-16702.398
"286",-17223.902
"287",-16552.55
"288",-16528.213
"289",-17225.212
"290",-16504.024
"291",-17013.794
"292",-16880.686
"293",-16714.213
"294",-16466.571
"295",-16925.232
"296",-16843.262
"297",-16991.861
"298",-16927.276
"299",-16541.966
"300",-16969.324
"301",-16915.139
"302",-16891.911
"303",-16787.04
"304",-16890.797
"305",-16794.758
"306",-16911.337
"307",-17198.026
"308",-16453.203
"309",-16964.269
"310",-17132.206
"311",-16767.175
"312",-17178.189
"313",-16400.03
"314",-16339.625
"315",-16606.057
"316",-16785.14
"317",-16829.168
"318",-16423.693
"319",-17057.143
"320",-16442.708
"321",-16697.304
"322",-16699.025
"323",-16767.76
"324",-16525.415
"325",-16988.253
"326",-17136.843
"327",-16664.776
"328",-16674.594
"329",-16763.639
"330",-16335.498
"331",-16564.594
"332",-16779.338
"333",-17102.342
"334",-16684.96
"335",-17151.144
"336",-16959.073
"337",-16968.34
"338",-17006.222
"339",-16628.739
"340",-16317.012
"341",-17183.69
"342",-16803.267
"343",-16595.357
"344",-16823.64
"345",-17060.594
"346",-16932.023
"347",-16887.69
"348",-16515.188
"349",-16860.69
"350",-16733.104
"351",-16089.55
"352",-17394.194
"353",-16730.433
"354",-16985.68
"355",-17028.884
"356",-16878.594
"357",-16763.122
"358",-16886.512
"359",-16743.671
"360",-16905.899
"361",-16682.822
"362",-16922.235
"363",-16748.12
"364",-16811.802
"365",-16918.597
"366",-17060.105
"367",-16276.285
"368",-16467.181
"369",-16899.399
"370",-16987.508
"371",-16769.681
"372",-16973.472
"373",-16488.513
"374",-16366.699
"375",-17370.424
"376",-16916.14
"377",-16715.541
"378",-16681.05
"379",-16705.437
"380",-16919.949
"381",-16927.311
"382",-16583.513
"383",-16759.463
"384",-16981.492
"385",-16892.911
"386",-16760.202
"387",-16789.434
"388",-17334.385
"389",-16645.534
"390",-16364.522
"391",-16900.998
"392",-17097.813
"393",-17179.119
"394",-16923.753
"395",-16263.996
"396",-17010.221
"397",-16653.94
"398",-16709.369
"399",-17295.839
"400",-16576.905
"401",-16637.558
"402",-16802.021
"403",-16847.04
"404",-16740.374
"405",-16941.916
"406",-16643.484
"407",-16773.227
"408",-17004.932
"409",-16835.525
"410",-16968.839
"411",-16623.648
"412",-17395.801
"413",-16835.586
"414",-17141.685
"415",-17285.052
"416",-16773.655
"417",-17047.891
"418",-16668.518
"419",-16942.513
"420",-16816.664
"421",-16870.92
"422",-17032.824
"423",-17145.507
"424",-16797.091
"425",-17209.184
"426",-16496.473
"427",-16715.071
"428",-16813.627
"429",-16855.312
"430",-17093.545
"431",-16953.011
"432",-16970.163
"433",-17145.083
"434",-16924.578
"435",-16400.079
"436",-17174.872
"437",-16778.707
"438",-16544.129
"439",-16954.521
"440",-16360.318
"441",-16884.601
"442",-16448.207
"443",-16187.769
"444",-16862.565
"445",-17240.925
"446",-16907.378
"447",-16574.913
"448",-17249.642
"449",-16591.531
"450",-16343.99
"451",-16855.889
"452",-16507.288
"453",-17073.217
"454",-16544.756
"455",-16616.713
"456",-16727.897
"457",-17089.883
"458",-16703.112
"459",-16852.746
"460",-17157.711
"461",-17086.52
"462",-17074.813
"463",-16900.902
"464",-16615.877
"465",-16859.697
"466",-16761.458
"467",-16699.677
"468",-16720.189
"469",-16633.33
"470",-16700.671
"471",-16637.831
"472",-16823.692
"473",-16870.876
"474",-16827.607
"475",-16853.484
"476",-16511.95
"477",-16983.589
"478",-17153.918
"479",-17115.748
"480",-16637.414
"481",-17070.787
"482",-16508.516
"483",-16857.212
"484",-16977.067
"485",-16855.051
"486",-16670.915
"487",-16578.127
"488",-17048.634
"489",-16611.777
"490",-17032.989
"491",-16317.591
"492",-16622.508
"493",-16796.125
"494",-16847.228
"495",-16790.339
"496",-16907.869
"497",-16860.297
"498",-16689.62
"499",-16698.408
"500",-16530.715
"501",-17012.773
"502",-16237.361
"503",-17051.827
"504",-17023.683
"505",-16436.228
"506",-16932.691
"507",-16972.332
"508",-17368.827
"509",-17048.128
"510",-16704.764
"511",-17098.389
"512",-16619.623
"513",-16817.056
"514",-17010.33
"515",-16877.252
"516",-16638.218
"517",-16889.831
"518",-16733.932
"519",-16753.331
"520",-17162.624
"521",-16649.984
"522",-16741.36
"523",-16949.476
"524",-17122.446
"525",-16540.923
"526",-16887.165
"527",-16832.102
"528",-16728.86
"529",-16779.062
"530",-16768.059
"531",-16903.527
"532",-16891.95
"533",-17429.956
"534",-16415.571
"535",-16669.865
"536",-16480.282
"537",-17053.807
"538",-16914.395
"539",-16742.63
"540",-16959.191
"541",-16794.54
"542",-16534.943
"543",-16679.891
"544",-16944.608
"545",-16808.45
"546",-17104.84
"547",-16649.318
"548",-17160.453
"549",-16425.141
"550",-16804.485
"551",-16880.327
"552",-16808.01
"553",-16843.374
"554",-16863.331
"555",-16701.277
"556",-16922.144
"557",-17030.929
"558",-16629.389
"559",-16601.802
"560",-16762.539
"561",-17038.983
"562",-17433.75
"563",-17334.025
"564",-16862.362
"565",-17006.17
"566",-16946.7
"567",-16538.522
"568",-16681.896
"569",-16779.452
"570",-17185.107
"571",-16551.945
"572",-16570.769
"573",-16751.911
"574",-17311.862
"575",-17048.616
"576",-16551.533
"577",-16945.454
"578",-16574.524
"579",-17035.433
"580",-16893.442
"581",-17183.153
"582",-16664.074
"583",-16458.914
"584",-16702.936
"585",-17088.728
"586",-16423.726
"587",-16839.16
"588",-16763.302
"589",-16484.121
"590",-16826.635
"591",-16698.938
"592",-17253.626
"593",-16780.621
"594",-16808.52
"595",-16673.799
"596",-16774.492
"597",-16478.913
"598",-16753.256
"599",-16764.11
"600",-16668.372
"601",-17031.382
"602",-17017.434
"603",-16784.287
"604",-17088.019
"605",-16778.548
"606",-17401.313
"607",-16974.254
"608",-16867.909
"609",-16742.963
"610",-16702.383
"611",-16565.899
"612",-16923.029
"613",-16754.888
"614",-16704.863
"615",-16707.011
"616",-16670.135
"617",-16884.749
"618",-16746.87
"619",-16479.488
"620",-16621.773
"621",-16957.109
"622",-16736.715
"623",-17175.828
"624",-16847.208
"625",-16313.172
"626",-17245.569
"627",-16504.496
"628",-16931.737
"629",-16370.047
"630",-16931.636
"631",-16578.097
"632",-16751.633
"633",-16971.594
"634",-17071.127
"635",-16767.266
"636",-16764.693
"637",-16535.505
"638",-17277.842
"639",-17172.584
"640",-16991.118
"641",-16793.293
"642",-16336.608
"643",-16595.075
"644",-16610.006
"645",-16478.202
"646",-16578.409
"647",-16845.028
"648",-16769.965
"649",-16604.443
"650",-16801.427
"651",-16590.544
"652",-16304.545
"653",-17133.663
"654",-17123.816
"655",-16895.85
"656",-16838.798
"657",-16850.938
"658",-17176.271
"659",-16880.494
"660",-16867.614
"661",-16738.194
"662",-16460.847
"663",-16359.522
"664",-16905.896
"665",-17068.369
"666",-16598.997
"667",-16901.743
"668",-17047.316
"669",-16698.223
"670",-16808.47
"671",-16047.973
"672",-16782.205
"673",-17346.374
"674",-16552.35
"675",-16640.114
"676",-17176.946
"677",-16500.141
"678",-17012.162
"679",-16355.986
"680",-17263.688
"681",-16888.391
"682",-16577.169
"683",-17116.558
"684",-16334.479
"685",-17005.198
"686",-16784.684
"687",-16866.041
"688",-16911.934
"689",-17095.207
"690",-16922.493
"691",-17015.584
"692",-16382.753
"693",-16956.558
"694",-17308.391
"695",-16389.441
"696",-16742.209
"697",-16785.452
"698",-16802.581
"699",-16512.908
"700",-16748.453
"701",-16881.744
"702",-16379.698
"703",-16823.745
"704",-16828.269
"705",-16774.566
"706",-17152.543
"707",-16864.427
"708",-16590.586
"709",-16810.626
"710",-17005.655
"711",-16816.675
"712",-16902.463
"713",-16911.743
"714",-17014.426
"715",-16898.561
"716",-16926.373
"717",-17050.729
"718",-16990.323
"719",-16877.754
"720",-16896.684
"721",-16256.149
"722",-16925.636
"723",-16890.498
"724",-16922.529
"725",-17077.622
"726",-16787.817
"727",-16814.432
"728",-17006.051
"729",-16630.077
"730",-16948.336
"731",-17003.79
"732",-16762.365
"733",-17314.81
"734",-16745.974
"735",-16637.17
"736",-16849.266
"737",-16706.32
"738",-17006.001
"739",-17067.111
"740",-16782.915
"741",-16495.669
"742",-16620.6
"743",-16947.132
"744",-16748.597
"745",-16740.892
"746",-17219.949
"747",-17164.69
"748",-17266.198
"749",-16756.353
"750",-16872.224
"751",-16998.421
"752",-16923.759
"753",-16928.442
"754",-16424.593
"755",-16487.622
"756",-16791.129
"757",-16871.874
"758",-16556.888
"759",-17001.399
"760",-17019.131
"761",-16792.66
"762",-17045.061
"763",-16548.195
"764",-16897.943
"765",-16776.809
"766",-16918.625
"767",-16333.638
"768",-16722.095
"769",-16483.432
"770",-17471.894
"771",-16248.673
"772",-16941.505
"773",-16877.546
"774",-16582.465
"775",-16653.123
"776",-16122.953
"777",-16757.872
"778",-17394.407
"779",-16908.166
"780",-16859.31
"781",-17046.941
"782",-16935.994
"783",-17245.32
"784",-17153.905
"785",-16765.236
"786",-16620.297
"787",-16516.857
"788",-16936.501
"789",-16794.58
"790",-17014.487
"791",-16672.234
"792",-16681.858
"793",-17016.798
"794",-17147.321
"795",-17296.651
"796",-16847.985
"797",-16507.772
"798",-16585.382
"799",-16339.663
"800",-16624.289
"801",-17305.955
"802",-16772.86
"803",-16679.282
"804",-16399.501
"805",-16501.591
"806",-16447.028
"807",-16988.401
"808",-17209.842
"809",-17368.158
"810",-16318.25
"811",-16891.654
"812",-16590.374
"813",-16369.74
"814",-16753.563
"815",-17037.826
"816",-17110.682
"817",-16723.283
"818",-16633.491
"819",-17320.484
"820",-16930.746
"821",-16557.236
"822",-16828.459
"823",-17210.128
"824",-16927.199
"825",-17126.775
"826",-16419.343
"827",-16461.908
"828",-16890.565
"829",-16466.133
"830",-16786.781
"831",-16484.409
"832",-17076.88
"833",-16779.713
"834",-16430.923
"835",-16512.541
"836",-16641.615
"837",-16548.943
"838",-16682.159
"839",-17212.657
"840",-16671.607
"841",-16655.502
"842",-16939.742
"843",-16970.673
"844",-16695.118
"845",-16832.433
"846",-16923.647
"847",-16982.941
"848",-16671.535
"849",-17072.462
"850",-16586.156
"851",-16673.931
"852",-16848.424
"853",-16485.449
"854",-17112.494
"855",-17185.744
"856",-16836.172
"857",-16869.119
"858",-16831.609
"859",-17310.721
"860",-17346.067
"861",-16847.609
"862",-16855.928
"863",-16819.979
"864",-17002.648
"865",-16624.95
"866",-16777.658
"867",-16985.227
"868",-16432.173
"869",-16973.754
"870",-17033.253
"871",-16679.52
"872",-16959.298
"873",-16701.706
"874",-16608.929
"875",-16755.31
"876",-16984.631
"877",-16721.345
"878",-16513.261
"879",-16232.053
"880",-16839.867
"881",-16903.752
"882",-16830.663
"883",-17005.332
"884",-16453.514
"885",-16709.926
"886",-16505.161
"887",-16574.121
"888",-16445.301
"889",-16866.25
"890",-16788.661
"891",-16909.543
"892",-17210.326
"893",-16647.062
"894",-17022.036
"895",-16997.77
"896",-16359.994
"897",-16684.911
"898",-16183.544
"899",-17040.427
"900",-16635.284
"901",-16534.465
"902",-16872.091
"903",-16721.842
"904",-17040.52
"905",-16509.402
"906",-16575.332
"907",-16353.193
"908",-17089.12
"909",-16835.869
"910",-16742.568
"911",-16726.82
"912",-16699.276
"913",-16735.262
"914",-16858.764
"915",-17162.495
"916",-16738.143
"917",-17299.383
"918",-16885.125
"919",-16602.276
"920",-16732.282
"921",-16883.913
"922",-17031.313
"923",-16547.436
"924",-16715.058
"925",-16608.18
"926",-16525.267
"927",-16654.261
"928",-16911.531
"929",-16648.122
"930",-16439.942
"931",-16719.109
"932",-16754.79
"933",-16649.032
"934",-16481.581
"935",-16698.789
"936",-16649.634
"937",-16684.697
"938",-16753.209
"939",-17090.857
"940",-17080.571
"941",-16972.607
"942",-16642.605
"943",-16882.235
"944",-16259.612
"945",-16556.389
"946",-17316.964
"947",-16535.264
"948",-16710.399
"949",-16726.266
"950",-16462.083
"951",-16452.546
"952",-16972.965
"953",-16870.756
"954",-16880.965
"955",-16726.583
"956",-16548.951
"957",-16853.477
"958",-16450.759
"959",-16860.407
"960",-16943.88
"961",-16343.434
"962",-16771.501
"963",-16685.532
"964",-16903.337
"965",-16761.054
"966",-16807.902
"967",-17198.386
"968",-17162.894
"969",-17133.713
"970",-16869.826
"971",-16433.483
"972",-17341.323
"973",-16980.255
"974",-16564.409
"975",-17153.278
"976",-16682.964
"977",-16836.38
"978",-16733.394
"979",-16476.518
"980",-17251.788
"981",-16795.775
"982",-16435.08
"983",-17440.012
"984",-16846.055
"985",-16669.126
"986",-16934.905
"987",-16397.433
"988",-16806.275
"989",-16922.891
"990",-16513.636
"991",-16339.117
"992",-17126.83
"993",-16950.682
"994",-16552.141
"995",-17257.012
"996",-17004.53
"997",-17222.285
"998",-17055.048
"999",-17048.552
"1000",-16896.442
"1001",-16550.841
"1002",-16955.292
"1003",-16794.051
"1004",-17026.056
"1005",-16310.344
"1006",-16929.851
"1007",-16837.121
"1008",-16693.365
"1009",-17193.015
"1010",-17109.568
"1011",-16756.82
"1012",-16798.023
"1013",-16994.25
"1014",-16879.092
"1015",-17159.406
"1016",-16783.509
"1017",-16832.587
"1018",-16919.918
"1019",-17026.175
"1020",-16936.081
"1021",-17041.358
"1022",-16862.203
"1023",-17002.348
"1024",-16912.786
"1025",-16412.302
"1026",-16563.168
"1027",-16758.882
"1028",-16910.835
"1029",-16863.032
"1030",-17325.159
"1031",-17312.701
"1032",-17087.374
"1033",-16594.414
"1034",-16921.904
"1035",-16892.708
"1036",-16814.203
"1037",-17071.875
"1038",-17323.495
"1039",-17059.425
"1040",-16873.575
"1041",-16746.6
"1042",-16833.989
"1043",-16969.582
"1044",-16617.229
"1045",-16684.939
"1046",-16680.937
"1047",-17321.617
"1048",-16789.697
"1049",-17163.049
"1050",-17109.164
"1051",-17164.525
"1052",-16778.241
"1053",-16814.458
"1054",-17215.345
"1055",-16658.474
"1056",-17017.935
"1057",-16804.241
"1058",-17271.349
"1059",-16861.151
"1060",-16353.517
"1061",-16738.086
"1062",-16431.078
"1063",-17055.518
"1064",-16635.101
"1065",-16867.604
"1066",-16963.951
"1067",-16825.075
"1068",-16762.343
"1069",-16823.128
"1070",-16857.423
"1071",-16597.653
"1072",-16716.909
"1073",-16847.93
"1074",-17009.143
"1075",-16833.654
"1076",-17132.485
"1077",-16936.526
"1078",-16623.911
"1079",-17081.72
"1080",-17249.897
"1081",-17228.829
"1082",-16712.152
"1083",-16948.069
"1084",-16654.295
"1085",-16559.421
"1086",-16548.082
"1087",-16712.298
"1088",-16413.51
"1089",-17136.297
"1090",-16968.798
"1091",-16745.275
"1092",-16535.876
"1093",-16921.443
"1094",-16417.799
"1095",-16802.299
"1096",-17098.549
"1097",-16216.479
"1098",-16994.136
"1099",-17020.065
"1100",-16895.212
"1101",-16703.93
"1102",-16574.717
"1103",-16573.723
"1104",-16928.655
"1105",-16804.69
"1106",-17322.096
"1107",-16219.872
"1108",-17073.497
"1109",-16665.108
"1110",-16717.076
"1111",-16591.118
"1112",-16786.025
"1113",-16536.351
"1114",-16751.945
"1115",-17209.564
"1116",-16424.479
"1117",-16652.918
"1118",-16853.919
"1119",-16625.643
"1120",-16526.431
"1121",-17073.006
"1122",-16719.807
"1123",-17104.779
"1124",-16822.508
"1125",-16702.704
"1126",-16638.206
"1127",-16604.746
"1128",-16227.745
"1129",-16254.404
"1130",-16836.58
"1131",-16301.193
"1132",-16758.604
"1133",-16469.228
"1134",-16981.894
"1135",-17084.014
"1136",-16820.168
"1137",-16452.975
"1138",-16437.449
"1139",-16709.271
"1140",-16710.262
"1141",-16198.183
"1142",-16365.523
"1143",-16819.512
"1144",-17237.679
"1145",-16486.735
"1146",-17041.54
"1147",-16449.557
"1148",-17355.933
"1149",-16904.885
"1150",-17063.096
"1151",-16994.279
"1152",-16440.664
"1153",-16481.713
"1154",-16854.735
"1155",-17250.166
"1156",-16685.783
"1157",-16624.462
"1158",-17581.239
"1159",-16921.071
"1160",-16965.188
"1161",-16578.925
"1162",-16532.242
"1163",-16583.969
"1164",-16603.677
"1165",-16733.026
"1166",-16763.411
"1167",-16605.742
"1168",-16373.479
"1169",-16448.141
"1170",-16642.594
"1171",-16549.205
"1172",-16886.477
"1173",-17083.139
"1174",-16370.497
"1175",-16775.556
"1176",-16724.215
"1177",-17124.876
"1178",-16433.154
"1179",-16494.421
"1180",-17117.743
"1181",-16679.046
"1182",-16639.162
"1183",-17085.237
"1184",-17452.851
"1185",-16809.27
"1186",-16580.524
"1187",-16572.211
"1188",-17200.401
"1189",-16755.085
"1190",-16647.591
"1191",-17206.337
"1192",-16823.5
"1193",-17004.915
"1194",-16779.765
"1195",-16903.839
"1196",-16999.284
"1197",-17039.961
"1198",-16454.737
"1199",-17121.312
"1200",-16638.35
"1201",-16756.171
"1202",-16584.145
"1203",-16898.789
"1204",-17007.014
"1205",-16643.67
"1206",-16787.224
"1207",-16485.632
"1208",-16839.536
"1209",-16884.921
"1210",-16684.597
"1211",-16895.909
"1212",-16406.239
"1213",-16628.556
"1214",-16799.102
"1215",-16887.799
"1216",-16700.032
"1217",-16893.635
"1218",-16963.808
"1219",-16678.792
"1220",-16931.208
"1221",-16831.045
"1222",-16774.332
"1223",-17075.483
"1224",-16906.369
"1225",-17022.895
"1226",-16746.397
"1227",-17228.914
"1228",-16485.195
"1229",-16985.607
"1230",-16559.045
"1231",-17139.415
"1232",-16911.44
"1233",-17039.427
"1234",-16460.257
"1235",-16658.858
"1236",-16606.111
"1237",-17093.714
"1238",-17067.32
"1239",-16802.6
"1240",-16752.323
"1241",-16797.715
"1242",-16835.266
"1243",-16845.887
"1244",-17020.1
"1245",-17173.119
"1246",-16488.523
"1247",-16905.045
"1248",-16871.89
"1249",-16641.929
"1250",-16447.439
"1251",-17233.684
"1252",-17219.476
"1253",-16991.671
"1254",-17068.543
"1255",-16796.732
"1256",-17134.869
"1257",-16937.406
"1258",-16327.157
"1259",-16731.884
"1260",-16818.065
"1261",-16905.751
"1262",-16848.117
"1263",-16922.047
"1264",-17049.13
"1265",-16858.692
"1266",-17172.735
"1267",-16939.613
"1268",-16848.501
"1269",-17169.776
"1270",-16705.479
"1271",-16594.437
"1272",-17037.611
"1273",-16820.892
"1274",-16594.778
"1275",-16214.913
"1276",-16493.389
"1277",-16445.855
"1278",-17135.918
"1279",-17009.547
"1280",-16753.187
"1281",-16788.457
"1282",-16757.958
"1283",-16551.754
"1284",-17388.823
"1285",-17073.515
"1286",-16853.627
"1287",-16375.683
"1288",-16697.883
"1289",-16738.04
"1290",-17124.787
"1291",-16991.646
"1292",-16673.465
"1293",-16491.497
"1294",-16665.585
"1295",-16865.735
"1296",-16464.78
"1297",-16434.969
"1298",-16437.799
"1299",-16938.997
"1300",-16911.811
"1301",-16789.133
"1302",-16871.61
"1303",-17017.648
"1304",-16930.026
"1305",-16561.581
"1306",-16677.679
"1307",-17309.933
"1308",-16474.541
"1309",-16680.48
"1310",-16945.037
"1311",-16966.589
"1312",-16653.98
"1313",-16727.18
"1314",-16930.18
"1315",-16671.552
"1316",-17086.614
"1317",-16509.959
"1318",-17232.503
"1319",-16698.513
"1320",-16742.924
"1321",-16860.939
"1322",-16635.059
"1323",-16876.155
"1324",-17284.206
"1325",-16808.727
"1326",-17119.577
"1327",-17032.561
"1328",-16624.816
"1329",-16591.384
"1330",-17071.988
"1331",-16645.873
"1332",-16603.764
"1333",-16786.382
"1334",-16873.755
"1335",-16376.751
"1336",-16839.048
"1337",-16926.653
"1338",-16702.308
"1339",-17033.488
"1340",-16756.907
"1341",-17021.912
"1342",-16531.635
"1343",-16751.133
"1344",-16814.147
"1345",-16943.031
"1346",-16700.634
"1347",-16935.187
"1348",-16764.214
"1349",-16650.661
"1350",-16865.713
"1351",-16629.541
"1352",-16690.767
"1353",-16894.264
"1354",-16901.967
"1355",-17414.697
"1356",-16502.612
"1357",-17114.2
"1358",-17002.722
"1359",-16827.376
"1360",-17089.451
"1361",-16577.921
"1362",-16788.442
"1363",-16370.332
"1364",-17342.069
"1365",-16586.969
"1366",-16942.006
"1367",-16891.75
"1368",-16773.562
"1369",-17007.337
"1370",-16436.443
"1371",-16663.646
"1372",-16542.95
"1373",-16651.095
"1374",-16389.347
"1375",-16948.411
"1376",-16609.181
"1377",-16840.295
"1378",-16594.214
"1379",-16839.411
"1380",-17108.9
"1381",-16682.164
"1382",-17350.781
"1383",-16905.234
"1384",-16678.472
"1385",-16808.092
"1386",-16948.442
"1387",-16518.042
"1388",-16701.51
"1389",-17053.739
"1390",-17158.648
"1391",-16915.176
"1392",-16615.853
"1393",-16689.613
"1394",-16963.068
"1395",-16737.619
"1396",-17089.796
"1397",-16343.067
"1398",-16979.098
"1399",-17259.897
"1400",-16946.606
"1401",-17015.245
"1402",-17049.908
"1403",-16698.531
"1404",-16644.045
"1405",-17067.019
"1406",-17105.593
"1407",-16764.374
"1408",-16543.778
"1409",-17035.548
"1410",-17106.161
"1411",-16852.746
"1412",-17702.294
"1413",-17252.56
"1414",-16714.456
"1415",-16714.91
"1416",-16646.096
"1417",-16812.413
"1418",-17235.301
"1419",-16306.042
"1420",-16568.655
"1421",-16435.426
"1422",-16765.534
"1423",-16969.371
"1424",-16578.529
"1425",-16465.736
"1426",-16661.46
"1427",-16946.226
"1428",-16874.984
"1429",-17070.993
"1430",-16403.613
"1431",-17008.742
"1432",-16265.913
"1433",-16714.644
"1434",-16754.461
"1435",-16589.002
"1436",-16386.753
"1437",-17195.527
"1438",-16733.867
"1439",-16798.466
"1440",-16965.323
"1441",-16637.867
"1442",-16868.553
"1443",-16371.739
"1444",-16358
"1445",-16791.155
"1446",-16678.467
"1447",-16721.458
"1448",-16491.906
"1449",-16822.479
"1450",-17166.36
"1451",-16572.381
"1452",-17386.33
"1453",-16555.959
"1454",-16769.043
"1455",-17159.611
"1456",-16943.572
"1457",-16675.328
"1458",-16394.504
"1459",-17055.928
"1460",-17284.784
"1461",-16832.919
"1462",-17286.525
"1463",-16496.304
"1464",-16896.447
"1465",-16866.766
"1466",-16882.15
"1467",-17164.706
"1468",-16791.572
"1469",-16913.751
"1470",-17114.918
"1471",-16800.282
"1472",-16811.223
"1473",-16829.595
"1474",-16701.321
"1475",-16379.334
"1476",-16619.381
"1477",-16673.975
"1478",-16814.459
"1479",-16395.475
"1480",-16728.619
"1481",-16434.09
"1482",-16978.528
"1483",-16802.442
"1484",-16724.234
"1485",-16857.913
"1486",-17139.604
"1487",-16909.205
"1488",-17233.139
"1489",-16874.471
"1490",-16848.951
"1491",-16640.934
"1492",-16846.099
"1493",-16574.119
"1494",-16893.674
"1495",-16789.044
"1496",-16868.818
"1497",-16723.153
"1498",-16544.665
"1499",-16545.597
"1500",-17043.809
"1501",-16783.806
"1502",-16728.383
"1503",-16769.938
"1504",-17213.199
"1505",-16882.119
"1506",-16655.69
"1507",-16984.898
"1508",-16660.165
"1509",-16782.934
"1510",-16976.805
"1511",-16574.529
"1512",-16388.155
"1513",-16738.067
"1514",-17109.716
"1515",-16696.812
"1516",-16462.657
"1517",-16306.407
"1518",-16603.167
"1519",-16666.901
"1520",-17120.687
"1521",-16931.959
"1522",-16474.468
"1523",-16640.581
"1524",-16861.433
"1525",-17021.381
"1526",-17027.53
"1527",-17092.201
"1528",-17052.684
"1529",-16955.737
"1530",-16367.092
"1531",-16964.45
"1532",-16985.783
"1533",-17396.468
"1534",-16845.339
"1535",-16778.198
"1536",-16451.025
"1537",-17054.409
"1538",-16626.11
"1539",-16381.225
"1540",-17115.902
"1541",-16680.2
"1542",-16887.297
"1543",-17447.951
"1544",-17091.254
"1545",-16971.491
"1546",-16873.009
"1547",-16679.869
"1548",-16968.295
"1549",-17526.694
"1550",-16727.686
"1551",-16537.671
"1552",-16875.553
"1553",-16974.322
"1554",-16949.302
"1555",-17132.563
"1556",-16559.756
"1557",-17010.645
"1558",-16582.595
"1559",-16878.184
"1560",-16844.429
"1561",-17162.565
"1562",-16613.216
"1563",-16809.464
"1564",-16892.184
"1565",-16873.338
"1566",-17094.635
"1567",-16905.639
"1568",-16863.899
"1569",-16894.824
"1570",-16985.797
"1571",-17024.696
"1572",-16848.118
"1573",-16788.32
"1574",-17035.721
"1575",-16644.463
"1576",-17158.563
"1577",-16712.717
"1578",-17388.518
"1579",-16881.927
"1580",-16870.539
"1581",-17086.852
"1582",-16734.815
"1583",-17023.023
"1584",-16792.353
"1585",-16390.367
"1586",-17031.271
"1587",-16781.083
"1588",-16545.012
"1589",-16909.933
"1590",-16776.301
"1591",-16979.599
"1592",-16819.359
"1593",-17200.319
"1594",-17003.808
"1595",-16337.021
"1596",-16353.702
"1597",-16983.05
"1598",-16445.017
"1599",-17028.176
"1600",-16835.968
"1601",-17314.98
"1602",-16585.838
"1603",-16755.304
"1604",-16406.194
"1605",-16390.395
"1606",-16814.135
"1607",-16794.615
"1608",-16602.399
"1609",-16962.967
"1610",-17075.491
"1611",-16972.886
"1612",-16706.38
"1613",-16343.337
"1614",-17025.78
"1615",-16821.559
"1616",-16855.612
"1617",-16401.927
"1618",-17029.696
"1619",-17113.028
"1620",-17242.443
"1621",-16221.093
"1622",-16668.146
"1623",-16616.515
"1624",-16866.274
"1625",-17064.868
"1626",-16754.328
"1627",-16572.381
"1628",-17182.208
"1629",-17138.054
"1630",-16797.722
"1631",-16988.085
"1632",-17331.7
"1633",-16281.005
"1634",-17033.104
"1635",-17029.043
"1636",-17115.399
"1637",-16815.663
"1638",-16905.671
"1639",-16924.106
"1640",-17437.404
"1641",-16556.587
"1642",-16649.785
"1643",-17443.136
"1644",-16708.476
"1645",-17027.668
"1646",-16577.688
"1647",-17383.835
"1648",-16743.555
"1649",-17421.965
"1650",-16917.94
"1651",-16659.925
"1652",-16875.285
"1653",-17004.248
"1654",-16747.871
"1655",-17041.765
"1656",-16946.469
"1657",-17064.813
"1658",-16856.919
"1659",-16975.848
"1660",-16665.015
"1661",-17045.401
"1662",-16756.864
"1663",-16629.644
"1664",-17041.86
"1665",-16417.632
"1666",-16805.362
"1667",-16740.156
"1668",-17182.018
"1669",-16929.382
"1670",-17082.868
"1671",-16675.44
"1672",-16795.866
"1673",-17057.103
"1674",-17030.389
"1675",-16847.922
"1676",-16682.542
"1677",-17139.1
"1678",-16490.347
"1679",-16780.718
"1680",-17032.623
"1681",-17038.63
"1682",-17314.192
"1683",-16765.667
"1684",-17149.042
"1685",-17014.744
"1686",-16995.614
"1687",-17247.688
"1688",-16618.764
"1689",-16759.473
"1690",-16559.888
"1691",-17118.32
"1692",-16719.037
"1693",-16976.17
"1694",-16971.549
"1695",-17406.134
"1696",-16410.107
"1697",-16683.791
"1698",-16331.619
"1699",-16833.827
"1700",-16914.157
"1701",-16745.454
"1702",-17031.121
"1703",-16468.415
"1704",-16691.922
"1705",-16573.066
"1706",-16970.355
"1707",-17235.508
"1708",-17301.202
"1709",-16432.052
"1710",-17456.219
"1711",-16479.217
"1712",-16734.123
"1713",-16927.888
"1714",-16874.51
"1715",-16744.459
"1716",-16691.043
"1717",-16880.329
"1718",-16812.217
"1719",-16801.866
"1720",-16771.055
"1721",-16499.105
"1722",-17012.836
"1723",-16686.936
"1724",-16716.487
"1725",-17187.776
"1726",-17108.84
"1727",-16389.396
"1728",-16490.638
"1729",-16804.595
"1730",-16296.364
"1731",-16541.538
"1732",-16962.022
"1733",-16466.961
"1734",-16708.579
"1735",-16929.744
"1736",-17045.538
"1737",-16873.73
"1738",-17020.565
"1739",-16604.693
"1740",-16862.885
"1741",-17061.457
"1742",-16998.767
"1743",-16862.521
"1744",-17220.576
"1745",-16993.157
"1746",-17012.07
"1747",-16666.499
"1748",-16714.738
"1749",-17006.319
"1750",-17131.215
"1751",-16736.239
"1752",-17088.691
"1753",-16771.888
"1754",-17152.497
"1755",-16474.006
"1756",-17075.756
"1757",-16487.979
"1758",-16883.302
"1759",-17148.758
"1760",-16959.014
"1761",-16418.377
"1762",-16534.936
"1763",-16563.603
"1764",-16719.637
"1765",-16819.824
"1766",-16905.497
"1767",-16965.295
"1768",-16960.176
"1769",-16710.424
"1770",-17032.542
"1771",-16908.991
"1772",-17103.339
"1773",-16871.143
"1774",-16637.759
"1775",-17156.529
"1776",-16741.022
"1777",-16454.113
"1778",-16920.118
"1779",-16810.763
"1780",-16724.617
"1781",-16330.082
"1782",-16916.728
"1783",-16392.939
"1784",-17131.13
"1785",-16914.168
"1786",-16953.286
"1787",-16749.849
"1788",-16778.139
"1789",-17282.164
"1790",-16301.93
"1791",-16929.22
"1792",-16243.34
"1793",-16867.808
"1794",-16859.229
"1795",-16894.737
"1796",-17295.264
"1797",-16340.397
"1798",-16800.432
"1799",-16856.403
"1800",-16892.221
"1801",-16853.958
"1802",-16657.381
"1803",-16761.302
"1804",-16432.214
"1805",-16790.234
"1806",-16649.605
"1807",-16932.644
"1808",-16428.842
"1809",-17381.771
"1810",-16773.454
"1811",-16610.875
"1812",-16730.573
"1813",-16929.624
"1814",-17241.19
"1815",-17113.648
"1816",-16874.88
"1817",-16693.801
"1818",-16559.784
"1819",-16655.646
"1820",-16521.364
"1821",-17262.068
"1822",-17228.272
"1823",-16643.336
"1824",-16553.832
"1825",-16667.444
"1826",-16579.943
"1827",-16910.174
"1828",-16659.926
"1829",-17083.961
"1830",-16911.911
"1831",-16813.423
"1832",-16844.796
"1833",-16848.763
"1834",-16416.441
"1835",-16792.287
"1836",-16352.9
"1837",-16675.068
"1838",-16766.548
"1839",-16909.327
"1840",-16783.658
"1841",-16520.772
"1842",-16902.793
"1843",-16885.481
"1844",-17371.15
"1845",-16841.076
"1846",-16687.62
"1847",-16844.989
"1848",-16987.576
"1849",-16647.677
"1850",-16584.694
"1851",-16613.523
"1852",-16738.512
"1853",-17032.918
"1854",-17228.574
"1855",-16783.513
"1856",-16679.832
"1857",-17222.24
"1858",-16668.065
"1859",-16571.512
"1860",-17141.903
"1861",-16338.27
"1862",-16884.083
"1863",-16342.834
"1864",-17217.978
"1865",-17298.008
"1866",-16946.485
"1867",-17062.583
"1868",-16939.832
"1869",-16641.255
"1870",-17375.568
"1871",-16799.065
"1872",-16483.869
"1873",-16763.103
"1874",-16733.026
"1875",-16797.032
"1876",-16649.169
"1877",-16883.076
"1878",-16879.864
"1879",-16955.199
"1880",-16553.437
"1881",-16736.292
"1882",-16795.983
"1883",-17032.304
"1884",-16840.487
"1885",-16767.723
"1886",-17000.274
"1887",-16508.713
"1888",-16508.984
"1889",-16819.626
"1890",-17218.923
"1891",-16521.777
"1892",-17112.921
"1893",-16939.96
"1894",-16453.827
"1895",-16625.59
"1896",-16437.72
"1897",-16666.32
"1898",-16790.79
"1899",-16762.494
"1900",-16911.873
"1901",-16775.666
"1902",-16828.503
"1903",-16598.063
"1904",-16822.822
"1905",-16871.042
"1906",-16933.414
"1907",-17017.433
"1908",-16909.811
"1909",-16843.373
"1910",-16904.619
"1911",-16708.643
"1912",-16819.335
"1913",-16584.651
"1914",-16954.774
"1915",-16585.055
"1916",-16140.1
"1917",-17257.812
"1918",-17055.377
"1919",-16817.842
"1920",-16543.599
"1921",-17039.668
"1922",-16879.414
"1923",-16691.118
"1924",-16944.384
"1925",-16620.996
"1926",-16702.888
"1927",-16476.338
"1928",-16906.745
"1929",-16866.718
"1930",-16346.032
"1931",-16703
"1932",-16293.318
"1933",-17038.848
"1934",-16621.362
"1935",-16592.719
"1936",-16793.88
"1937",-16422.546
"1938",-16711.622
"1939",-17026.791
"1940",-17061.398
"1941",-16485.241
"1942",-16534.403
"1943",-16686.257
"1944",-16919.121
"1945",-17488.569
"1946",-16762.426
"1947",-17307.223
"1948",-16773.792
"1949",-16824.258
"1950",-16742.707
"1951",-16712.356
"1952",-16534.565
"1953",-17050.86
"1954",-16845.771
"1955",-16607.023
"1956",-16728.019
"1957",-16712.446
"1958",-16559.556
"1959",-16426.604
"1960",-16867.513
"1961",-17046.26
"1962",-16896.736
"1963",-16399.685
"1964",-16295.081
"1965",-16707.621
"1966",-16819.712
"1967",-17271.702
"1968",-16839.879
"1969",-16874.899
"1970",-16687.611
"1971",-16472.874
"1972",-16165.291
"1973",-16937.249
"1974",-17189.91
"1975",-16730.019
"1976",-17032.156
"1977",-16982.182
"1978",-16657.941
"1979",-17132.202
"1980",-16585.112
"1981",-17310.917
"1982",-17092.529
"1983",-16885.09
"1984",-16797.926
"1985",-16325.142
"1986",-16904.673
"1987",-17025.472
"1988",-16702.14
"1989",-17570.109
"1990",-16853.15
"1991",-16455.521
"1992",-16502.51
"1993",-17012.959
"1994",-16926.738
"1995",-16614.322
"1996",-16680.167
"1997",-16921.596
"1998",-16984.057
"1999",-17066.063
"2000",-16582.806
"2001",-16844.919
"2002",-16520.614
"2003",-16906.435
"2004",-16294.952
"2005",-16939.268
"2006",-16687.898
"2007",-17147.495
"2008",-16439.903
"2009",-17289.469
"2010",-16998.141
"2011",-16805.933
"2012",-16565.054
"2013",-17100.77
"2014",-16668.795
"2015",-16850.185
"2016",-16807.062
"2017",-16919.547
"2018",-17049.194
"2019",-16584.428
"2020",-16220.188
"2021",-16797.115
"2022",-16967.845
"2023",-17500.689
"2024",-16528.196
"2025",-16797.52
"2026",-17203.177
"2027",-16920.16
"2028",-16343.67
"2029",-16517.68
"2030",-16921.698
"2031",-16689.697
"2032",-16904.477
"2033",-17130.572
"2034",-16518.696
"2035",-16455.546
"2036",-17041.746
"2037",-16739.587
"2038",-17153.823
"2039",-16502.997
"2040",-17050.915
"2041",-16322.421
"2042",-16776.414
"2043",-16565.685
"2044",-16837.872
"2045",-16557.158
"2046",-16811.913
"2047",-16821.006
"2048",-16746.932
"2049",-16746.447
"2050",-16812.803
"2051",-16874.751
"2052",-15955.237
"2053",-16549.002
"2054",-16794.008
"2055",-16805.974
"2056",-16908.806
"2057",-16751.195
"2058",-16859.349
"2059",-16234.828
"2060",-16541.097
"2061",-16887.711
"2062",-16571.864
"2063",-17021.962
"2064",-16767.309
"2065",-16777.166
"2066",-16755.784
"2067",-16991.546
"2068",-16897.378
"2069",-16668.527
"2070",-17009.682
"2071",-16334.311
"2072",-16569.467
"2073",-16653.42
"2074",-16612.977
"2075",-16389.672
"2076",-16610.1
"2077",-16951.465
"2078",-16599.554
"2079",-16900.471
"2080",-16957.031
"2081",-17033.928
"2082",-17221.817
"2083",-16780.333
"2084",-16507.482
"2085",-16794.706
"2086",-16797.719
"2087",-17009.333
"2088",-16782.099
"2089",-16472.367
"2090",-16395.7
"2091",-16638.742
"2092",-16771.039
"2093",-17075.06
"2094",-17077.695
"2095",-16829.125
"2096",-17116.259
"2097",-16543.694
"2098",-16630.711
"2099",-16805.723
"2100",-16482.832
"2101",-16584.323
"2102",-16460.366
"2103",-16971
"2104",-17262.057
"2105",-16883.851
"2106",-16593.603
"2107",-16840.947
"2108",-16881.869
"2109",-17049.136
"2110",-16831.16
"2111",-16378.226
"2112",-16573.947
"2113",-16939.771
"2114",-16034.64
"2115",-16726.199
"2116",-16752.589
"2117",-17061.427
"2118",-16604.296
"2119",-17113.245
"2120",-16902.062
"2121",-16263.017
"2122",-16524.724
"2123",-17199.176
"2124",-16677.399
"2125",-17127.873
"2126",-17095.836
"2127",-16942.359
"2128",-17045.48
"2129",-16602.686
"2130",-16856.091
"2131",-16674.494
"2132",-17258.704
"2133",-16421.549
"2134",-16444.142
"2135",-17342.118
"2136",-17106.65
"2137",-16738.776
"2138",-17228.546
"2139",-17061.57
"2140",-16570.639
"2141",-17137.035
"2142",-16125.569
"2143",-17115.025
"2144",-16607.532
"2145",-16932.877
"2146",-17057.745
"2147",-17005.526
"2148",-17174.579
"2149",-17114.249
"2150",-17025.396
"2151",-16978.442
"2152",-16676.132
"2153",-16791.672
"2154",-16944.328
"2155",-17052.453
"2156",-17206.683
"2157",-16902.863
"2158",-16772.452
"2159",-16855.123
"2160",-16875.01
"2161",-17060.104
"2162",-16468.815
"2163",-16741.042
"2164",-16542.852
"2165",-17484.121
"2166",-16492.523
"2167",-16487.51
"2168",-16524.596
"2169",-16886.62
"2170",-16536.689
"2171",-17105.474
"2172",-16635.12
"2173",-16775.55
"2174",-16913.295
"2175",-17139.394
"2176",-16736.206
"2177",-16813.632
"2178",-16860.318
"2179",-16813.556
"2180",-17378.158
"2181",-17253.455
"2182",-17372.717
"2183",-16857.817
"2184",-16515.97
"2185",-17101.648
"2186",-16620.428
"2187",-16647.841
"2188",-16537.636
"2189",-16874.158
"2190",-16807.427
"2191",-16367.532
"2192",-17031.131
"2193",-16808.378
"2194",-17304.646
"2195",-17036.995
"2196",-17063.422
"2197",-16343.633
"2198",-17169.462
"2199",-16497.991
"2200",-16809.122
"2201",-16786.726
"2202",-16809.614
"2203",-16865.169
"2204",-17124.577
"2205",-16919.94
"2206",-17032.898
"2207",-16762.875
"2208",-16374.847
"2209",-17073.478
"2210",-16460.526
"2211",-17183.48
"2212",-17187.095
"2213",-16610.963
"2214",-17027.554
"2215",-16142.855
"2216",-16613.784
"2217",-16455.158
"2218",-16545.303
"2219",-16731.576
"2220",-17129.459
"2221",-17190.197
"2222",-16831.022
"2223",-16776.914
"2224",-16809.262
"2225",-16871.681
"2226",-16508.994
"2227",-16610.202
"2228",-16942.25
"2229",-16852.718
"2230",-16507.584
"2231",-16610.542
"2232",-16249.714
"2233",-16731.206
"2234",-16852.321
"2235",-16564.325
"2236",-16496.334
"2237",-17186.583
"2238",-16832.989
"2239",-16876.403
"2240",-16814.91
"2241",-16816.033
"2242",-16937.934
"2243",-16999.855
"2244",-16903.787
"2245",-16687.437
"2246",-16843.477
"2247",-17021.753
"2248",-16984.945
"2249",-17035.612
"2250",-17004.143
"2251",-16889.558
"2252",-16978.474
"2253",-16471.528
"2254",-16945.486
"2255",-16789.473
"2256",-17394.626
"2257",-16905.989
"2258",-17105.545
"2259",-16201.856
"2260",-17088.626
"2261",-17278.275
"2262",-16900.397
"2263",-16729.126
"2264",-16819.936
"2265",-16747.141
"2266",-17090.252
"2267",-17150.619
"2268",-16605.181
"2269",-17090.888
"2270",-17140.711
"2271",-16846.6
"2272",-16469.394
"2273",-17194.933
"2274",-16944.529
"2275",-17158.68
"2276",-16991.173
"2277",-16828.183
"2278",-16717.456
"2279",-16437.134
"2280",-16837.514
"2281",-16753.209
"2282",-16717.431
"2283",-16755.254
"2284",-16904.784
"2285",-16778.303
"2286",-17132.23
"2287",-16656.418
"2288",-16701.355
"2289",-17224.73
"2290",-16937.08
"2291",-16924.475
"2292",-16692.787
"2293",-16878.167
"2294",-16588.632
"2295",-17010.824
"2296",-16182.48
"2297",-16868.92
"2298",-16937.037
"2299",-17084.126
"2300",-16767.628
"2301",-16857.069
"2302",-17153.758
"2303",-16961.17
"2304",-17391.274
"2305",-16602.511
"2306",-16887.606
"2307",-17016.294
"2308",-16934.083
"2309",-17007.359
"2310",-17071.388
"2311",-17028.923
"2312",-16637.746
"2313",-16862.193
"2314",-16745.492
"2315",-16928.562
"2316",-16819.824
"2317",-16642.212
"2318",-16139.067
"2319",-16877.16
"2320",-17306.173
"2321",-16795.854
"2322",-16828.999
"2323",-17182.793
"2324",-17482.35
"2325",-17149.502
"2326",-16991.073
"2327",-16769.12
"2328",-16868.02
"2329",-17063.206
"2330",-17005.667
"2331",-16418.909
"2332",-16571.581
"2333",-16961.201
"2334",-16839.852
"2335",-16847.026
"2336",-16541.996
"2337",-17180.256
"2338",-17122.662
"2339",-16318.556
"2340",-16163.335
"2341",-17011.917
"2342",-16642.511
"2343",-16506.08
"2344",-16931.116
"2345",-16910.707
"2346",-16774.491
"2347",-17318.402
"2348",-16595.29
"2349",-16742.158
"2350",-16916.744
"2351",-16999.423
"2352",-17253.905
"2353",-16494.997
"2354",-16238.194
"2355",-17063.361
"2356",-16392.815
"2357",-16672.356
"2358",-16465.983
"2359",-16936.977
"2360",-17053.821
"2361",-16874.089
"2362",-17009.787
"2363",-16750.71
"2364",-17149.288
"2365",-16499.479
"2366",-16900.78
"2367",-16727.946
"2368",-16740.071
"2369",-16805.301
"2370",-16717.316
"2371",-16685.109
"2372",-16823.296
"2373",-17026.144
"2374",-16959.957
"2375",-16738.944
"2376",-16560.84
"2377",-16512.977
"2378",-16925.768
"2379",-16677.094
"2380",-17361.94
"2381",-16440.659
"2382",-16678.515
"2383",-16656.076
"2384",-17125.935
"2385",-16711.227
"2386",-16911.139
"2387",-17004.708
"2388",-16911.781
"2389",-16601.23
"2390",-16778.516
"2391",-16713.457
"2392",-17476.227
"2393",-17034.563
"2394",-16562.776
"2395",-16872.261
"2396",-16787.256
"2397",-16645.898
"2398",-16201.442
"2399",-16910.021
"2400",-16890.515
"2401",-17246.369
"2402",-17271.362
"2403",-16729.395
"2404",-17147.631
"2405",-16553.248
"2406",-16824.483
"2407",-16144.06
"2408",-16344.065
"2409",-16751.668
"2410",-16731.805
"2411",-17316.776
"2412",-17125.363
"2413",-17337.767
"2414",-17192.08
"2415",-17015.988
"2416",-16318.205
"2417",-16387.88
"2418",-16818.241
"2419",-16495.745
"2420",-16597.917
"2421",-17370.636
"2422",-16968.716
"2423",-17070.161
"2424",-16478.39
"2425",-16724.994
"2426",-16619.625
"2427",-16576.215
"2428",-16478.661
"2429",-16644.894
"2430",-16244
"2431",-16463.044
"2432",-16024.617
"2433",-16501.504
"2434",-17112.379
"2435",-17266.797
"2436",-16292.99
"2437",-16405.38
"2438",-17223.278
"2439",-16614.629
"2440",-16905.732
"2441",-17081.625
"2442",-17175.371
"2443",-16846.269
"2444",-17066.97
"2445",-16379.473
"2446",-16978.458
"2447",-16825.115
"2448",-16682.935
"2449",-16873.461
"2450",-16715.361
"2451",-17232.009
"2452",-16500.872
"2453",-16766.987
"2454",-16431.247
"2455",-16832.213
"2456",-17344.289
"2457",-17044.317
"2458",-16975.519
"2459",-17284.924
"2460",-16817.791
"2461",-16835.107
"2462",-16994.913
"2463",-16919.621
"2464",-16806.556
"2465",-16674.979
"2466",-16599.131
"2467",-16897.71
"2468",-17063.009
"2469",-16571.501
"2470",-17220.947
"2471",-16391.732
"2472",-16252.126
"2473",-16967.103
"2474",-16990.468
"2475",-16772.843
"2476",-16981.749
"2477",-17137.236
"2478",-16763.158
"2479",-16973.415
"2480",-16943.787
"2481",-16859.786
"2482",-16801.973
"2483",-17076.768
"2484",-16884.122
"2485",-16810.351
"2486",-17297.534
"2487",-16879.997
"2488",-17138.815
"2489",-16513.921
"2490",-17346.637
"2491",-16474.309
"2492",-16606.861
"2493",-16728.615
"2494",-17006.442
"2495",-16467.976
"2496",-16591.218
"2497",-16526.009
"2498",-16590.513
"2499",-16939.231
"2500",-16908.42
"2501",-17008.878
"2502",-16654.352
"2503",-16966.094
"2504",-16777.624
"2505",-16986.873
"2506",-17277.584
"2507",-16814.41
"2508",-16608.339
"2509",-16886.936
"2510",-16612.285
"2511",-16345.5
"2512",-17237.068
"2513",-16609.047
"2514",-16939.616
"2515",-16529.857
"2516",-16730.507
"2517",-17056.196
"2518",-16915.299
"2519",-16325.933
"2520",-17040.163
"2521",-16889.156
"2522",-16853.284
"2523",-16540.451
"2524",-16934.193
"2525",-16904.673
"2526",-16834.37
"2527",-16983.409
"2528",-16912.877
"2529",-17129.458
"2530",-16763.842
"2531",-16472.868
"2532",-17211.799
"2533",-16847.867
"2534",-16650.344
"2535",-16999.704
"2536",-16881.109
"2537",-16476.19
"2538",-17062.361
"2539",-16909.052
"2540",-16505.746
"2541",-17064.923
"2542",-17360.585
"2543",-17302.937
"2544",-16680.498
"2545",-16804.138
"2546",-16364.386
"2547",-16756.961
"2548",-16506.496
"2549",-16548.839
"2550",-16948.814
"2551",-17544.262
"2552",-16791.26
"2553",-17175.932
"2554",-16796.765
"2555",-16761.237
"2556",-17165.312
"2557",-16673.596
"2558",-16517.564
"2559",-16552.935
"2560",-16750.01
"2561",-16747.225
"2562",-16500.161
"2563",-17522.793
"2564",-16460.309
"2565",-16830.411
"2566",-16829.639
"2567",-16616.213
"2568",-16855.228
"2569",-17273.445
"2570",-16802.986
"2571",-16839.471
"2572",-17301.346
"2573",-16652.989
"2574",-16815.832
"2575",-17166.918
"2576",-16530.289
"2577",-16590.246
"2578",-16429.575
"2579",-17241.846
"2580",-16920.382
"2581",-17185.559
"2582",-16822.961
"2583",-16648.89
"2584",-16416.641
"2585",-16663.842
"2586",-16612.394
"2587",-16773.906
"2588",-17025.86
"2589",-16612.401
"2590",-17052.69
"2591",-16399.191
"2592",-16512.298
"2593",-16449.734
"2594",-16666.733
"2595",-16833.233
"2596",-17043.135
"2597",-16758.914
"2598",-16975.756
"2599",-17410.879
"2600",-16591.934
"2601",-16618.866
"2602",-16202.693
"2603",-17062.466
"2604",-16614.997
"2605",-17067.723
"2606",-16506.722
"2607",-16944.726
"2608",-16934.438
"2609",-16918.467
"2610",-16596.593
"2611",-16872.546
"2612",-16821.375
"2613",-16902.419
"2614",-17132.739
"2615",-16723.605
"2616",-16869.126
"2617",-16545.035
"2618",-16805.822
"2619",-17044.339
"2620",-16407.539
"2621",-16781.472
"2622",-16737.551
"2623",-17443.841
"2624",-16866.131
"2625",-16832.301
"2626",-17098.513
"2627",-17302.328
"2628",-16968.281
"2629",-17035.73
"2630",-16498.654
"2631",-16908.65
"2632",-16585.752
"2633",-16852.193
"2634",-16935.326
"2635",-16806.98
"2636",-17092.273
"2637",-16838.5
"2638",-16657.054
"2639",-16988.464
"2640",-16499.358
"2641",-16466.211
"2642",-16518.962
"2643",-16408.624
"2644",-16835.827
"2645",-16871.987
"2646",-17279.388
"2647",-16855.248
"2648",-16891.934
"2649",-16985.45
"2650",-16789.205
"2651",-16515.562
"2652",-16648.609
"2653",-16917.957
"2654",-17068.19
"2655",-16615.195
"2656",-17081.852
"2657",-17336.041
"2658",-16844.856
"2659",-16346.338
"2660",-17317.994
"2661",-16905.967
"2662",-16605.848
"2663",-16760.717
"2664",-17625.288
"2665",-16954.952
"2666",-16556.527
"2667",-17087.082
"2668",-17026.209
"2669",-16752.209
"2670",-16758.447
"2671",-17189.187
"2672",-17273.673
"2673",-16608.558
"2674",-16315.97
"2675",-16574.482
"2676",-17277.007
"2677",-16695.802
"2678",-16712.327
"2679",-16794.468
"2680",-17065.064
"2681",-16802.924
"2682",-16887.601
"2683",-16680.626
"2684",-16892.246
"2685",-17242.013
"2686",-16914.523
"2687",-16533.141
"2688",-16718.24
"2689",-16657.841
"2690",-17189.627
"2691",-16641.814
"2692",-17039.54
"2693",-16369.782
"2694",-16458.734
"2695",-16905.442
"2696",-17265.945
"2697",-17010.859
"2698",-16690.423
"2699",-16739.452
"2700",-16806.994
"2701",-16319.357
"2702",-17092.537
"2703",-16972.187
"2704",-16715.485
"2705",-17063.758
"2706",-16912.785
"2707",-17134.905
"2708",-16618.346
"2709",-16974.706
"2710",-17393.41
"2711",-16950.275
"2712",-16548.326
"2713",-16544.323
"2714",-16677.245
"2715",-16659.914
"2716",-16880.21
"2717",-16745.188
"2718",-17001.365
"2719",-16785.751
"2720",-16876.803
"2721",-16874.277
"2722",-16774.011
"2723",-16787.154
"2724",-17051.984
"2725",-17237.208
"2726",-16957.52
"2727",-16611.85
"2728",-16760.638
"2729",-16491.008
"2730",-16581.201
"2731",-16938.35
"2732",-16621.549
"2733",-16954.592
"2734",-17126.541
"2735",-16537.067
"2736",-16919.813
"2737",-16938.261
"2738",-16771.419
"2739",-16819.64
"2740",-16543.754
"2741",-17105.444
"2742",-16995.187
"2743",-16497.938
"2744",-16941.164
"2745",-16888.04
"2746",-17198.676
"2747",-17242.333
"2748",-16345.163
"2749",-16810.73
"2750",-16675.07
"2751",-16987.315
"2752",-16678.177
"2753",-16900.279
"2754",-16639.77
"2755",-16573.238
"2756",-16725.006
"2757",-17220.448
"2758",-16766.692
"2759",-17053.138
"2760",-17434.295
"2761",-16614.036
"2762",-16999.701
"2763",-16972.196
"2764",-17164.489
"2765",-16408.03
"2766",-16693.098
"2767",-16730.675
"2768",-17042.532
"2769",-17045.868
"2770",-16718.841
"2771",-16898.616
"2772",-16349.516
"2773",-17069.039
"2774",-16979.131
"2775",-16558.159
"2776",-16778.727
"2777",-17509.529
"2778",-17192.064
"2779",-16948.481
"2780",-17172.867
"2781",-16671.144
"2782",-16997.72
"2783",-16844.373
"2784",-16757.807
"2785",-16616.201
"2786",-16917.065
"2787",-16733.201
"2788",-16848.848
"2789",-17000.774
"2790",-16771.103
"2791",-16614.665
"2792",-17367.003
"2793",-16650.252
"2794",-17078.223
"2795",-17016.728
"2796",-16579.786
"2797",-16591.867
"2798",-16675.502
"2799",-16574.036
"2800",-16729.171
"2801",-16845.982
"2802",-16550.885
"2803",-16759.247
"2804",-16481.8
"2805",-17012.586
"2806",-16818.919
"2807",-17227.036
"2808",-17098.773
"2809",-16801.503
"2810",-16943.292
"2811",-17011.296
"2812",-16557.239
"2813",-16453.214
"2814",-16755.934
"2815",-17008.068
"2816",-17112.723
"2817",-16643.879
"2818",-16919.254
"2819",-16896.335
"2820",-16876.609
"2821",-16527.285
"2822",-16447.29
"2823",-16857.749
"2824",-16949.687
"2825",-16819.608
"2826",-16886.065
"2827",-16481.523
"2828",-16718.753
"2829",-17092.08
"2830",-16453.076
"2831",-16435.665
"2832",-16479.3
"2833",-16850.323
"2834",-16629.744
"2835",-17019.851
"2836",-16860.959
"2837",-17008.156
"2838",-16874.875
"2839",-16339.953
"2840",-16689.3
"2841",-16694.892
"2842",-16805.306
"2843",-17262.296
"2844",-16910.494
"2845",-17025.126
"2846",-16672.004
"2847",-16254.128
"2848",-16541.29
"2849",-17149.904
"2850",-16874.754
"2851",-17169.644
"2852",-16769.913
"2853",-16856.824
"2854",-16694.403
"2855",-16908.395
"2856",-16906.11
"2857",-17100.186
"2858",-16774.027
"2859",-16726.08
"2860",-17322.567
"2861",-16940.142
"2862",-17175.994
"2863",-16561.13
"2864",-16817.997
"2865",-16558.35
"2866",-16725.568
"2867",-16349.074
"2868",-16753.857
"2869",-17144.934
"2870",-16949.503
"2871",-16681.5
"2872",-16790.207
"2873",-16748.867
"2874",-17124.316
"2875",-16830.806
"2876",-16872.785
"2877",-16624.401
"2878",-16919.096
"2879",-16843.406
"2880",-17009.298
"2881",-16550.457
"2882",-16977.055
"2883",-16606.957
"2884",-16869.993
"2885",-16904.639
"2886",-16896.064
"2887",-16574.347
"2888",-17062.47
"2889",-16631.423
"2890",-17276.292
"2891",-16876.062
"2892",-16745.078
"2893",-16983.195
"2894",-16531.967
"2895",-17002.611
"2896",-16766.963
"2897",-16779.651
"2898",-16703.867
"2899",-17052.723
"2900",-16840.633
"2901",-16568.512
"2902",-17188.907
"2903",-16237.454
"2904",-16741.768
"2905",-17008.024
"2906",-17195.498
"2907",-17017.513
"2908",-16669.517
"2909",-16566.78
"2910",-16916.997
"2911",-16725.284
"2912",-16570.539
"2913",-16677.391
"2914",-16860.688
"2915",-16872.635
"2916",-16597.949
"2917",-16278.997
"2918",-16576.123
"2919",-16525.91
"2920",-16369.252
"2921",-16699.724
"2922",-16894.602
"2923",-17141.655
"2924",-17143.708
"2925",-16812.66
"2926",-17131.763
"2927",-16882.366
"2928",-16937.577
"2929",-17297.716
"2930",-16905.004
"2931",-16979.268
"2932",-16708.883
"2933",-16849.705
"2934",-16310.634
"2935",-16764.335
"2936",-16567.332
"2937",-16396.655
"2938",-16975.57
"2939",-16595.285
"2940",-16629.553
"2941",-16729.082
"2942",-16731.091
"2943",-16585.465
"2944",-16363.512
"2945",-16546.649
"2946",-16593.396
"2947",-16796.875
"2948",-16893.477
"2949",-17071.803
"2950",-16589.865
"2951",-16754.148
"2952",-16794.457
"2953",-16895.675
"2954",-16773.168
"2955",-16554.576
"2956",-16403.425
"2957",-16683.074
"2958",-16657.046
"2959",-17039.15
"2960",-16869.12
"2961",-17118.152
"2962",-16372.844
"2963",-16851.232
"2964",-16892.066
"2965",-17087.508
"2966",-16523.267
"2967",-17135.78
"2968",-16529.92
"2969",-17271.686
"2970",-17277.481
"2971",-16671.096
"2972",-16903.378
"2973",-16859.728
"2974",-17064.28
"2975",-16431.148
"2976",-16442.243
"2977",-16869.729
"2978",-16934.913
"2979",-17504.784
"2980",-16911.955
"2981",-16491.575
"2982",-16480.5
"2983",-16704.947
"2984",-17267.335
"2985",-16833.842
"2986",-16929.515
"2987",-16387.973
"2988",-17024.291
"2989",-16892.764
"2990",-17029.014
"2991",-16540.68
"2992",-16966.527
"2993",-16748.38
"2994",-16077.434
"2995",-16768.576
"2996",-17023.593
"2997",-17315.368
"2998",-16855.557
"2999",-16720.874
"3000",-16721.742
"3001",-16731.015
"3002",-16977.608
"3003",-16127.931
"3004",-16935.566
"3005",-17381.568
"3006",-16939.04
"3007",-16975.216
"3008",-17292.265
"3009",-17302.722
"3010",-16546.53
"3011",-16960.552
"3012",-16499.575
"3013",-16975.382
"3014",-16886.527
"3015",-16722.378
"3016",-16645.212
"3017",-16709.197
"3018",-17188.964
"3019",-16939.109
"3020",-16811.944
"3021",-16926.123
"3022",-16811.826
"3023",-17190.229
"3024",-16326.113
"3025",-16927.462
"3026",-16922.112
"3027",-16663.892
"3028",-16793.903
"3029",-16644.261
"3030",-16994.063
"3031",-16351.597
"3032",-16694.383
"3033",-16689.219
"3034",-16725.992
"3035",-16482.591
"3036",-16846.72
"3037",-16705.804
"3038",-16379.499
"3039",-17236.26
"3040",-16620.878
"3041",-16894.811
"3042",-17797.523
"3043",-16848.676
"3044",-17111.429
"3045",-16642.672
"3046",-16480.385
"3047",-16773.144
"3048",-16756.187
"3049",-17157.741
"3050",-17026.869
"3051",-16762.491
"3052",-17155.425
"3053",-17033.346
"3054",-17119.242
"3055",-17217.744
"3056",-17162.424
"3057",-16455.47
"3058",-16929.645
"3059",-16868.546
"3060",-16912.119
"3061",-16626.366
"3062",-16698.702
"3063",-16745.926
"3064",-16854.342
"3065",-16707.462
"3066",-16544.511
"3067",-16810.675
"3068",-16543.004
"3069",-16799.011
"3070",-16795.471
"3071",-16969.087
"3072",-16817.524
"3073",-16366.216
"3074",-16341.557
"3075",-16543.177
"3076",-16796.362
"3077",-17094.676
"3078",-17007.276
"3079",-16565.71
"3080",-17005.995
"3081",-17068.487
"3082",-17285.935
"3083",-16770.747
"3084",-16443.958
"3085",-16826.521
"3086",-16720.295
"3087",-16490.485
"3088",-16776.142
"3089",-16572.319
"3090",-17332.371
"3091",-16752.934
"3092",-16870.424
"3093",-16997.74
"3094",-16345.477
"3095",-17272.433
"3096",-17015.097
"3097",-16545.029
"3098",-16674.304
"3099",-16679.593
"3100",-16703.914
"3101",-16747.229
"3102",-16770.328
"3103",-17181.666
"3104",-17037.345
"3105",-16533.458
"3106",-16877.778
"3107",-16913.825
"3108",-16597.779
"3109",-16702.098
"3110",-17212.914
"3111",-16726.902
"3112",-16845.583
"3113",-16387.552
"3114",-16770.618
"3115",-17160.464
"3116",-16621.267
"3117",-16444.181
"3118",-17074.009
"3119",-17025.533
"3120",-16811.014
"3121",-16600.525
"3122",-16552.333
"3123",-16665.132
"3124",-16465.358
"3125",-16737.603
"3126",-16057.142
"3127",-16693.004
"3128",-17118.69
"3129",-17011.338
"3130",-16720.748
"3131",-17082.481
"3132",-17152.762
"3133",-16901.325
"3134",-17040.151
"3135",-16838.987
"3136",-17005.738
"3137",-17202.817
"3138",-17277.647
"3139",-17034.93
"3140",-16346.71
"3141",-16832.029
"3142",-16560.642
"3143",-16730.45
"3144",-16994.92
"3145",-16824.959
"3146",-16635.36
"3147",-16487.34
"3148",-16445.452
"3149",-16867.54
"3150",-16499.803
"3151",-17116.971
"3152",-16486.27
"3153",-16707.319
"3154",-16627.572
"3155",-16731.179
"3156",-16531.368
"3157",-16823.207
"3158",-16997.621
"3159",-16868.955
"3160",-16687.161
"3161",-16390.238
"3162",-17097.89
"3163",-16300.077
"3164",-17267.937
"3165",-17147.801
"3166",-16732.749
"3167",-16846.777
"3168",-16358.426
"3169",-16765.962
"3170",-16487.572
"3171",-16482.31
"3172",-16747.265
"3173",-16372.651
"3174",-16762.149
"3175",-17035.392
"3176",-16624.633
"3177",-16805.08
"3178",-16827.782
"3179",-16633.812
"3180",-16797.651
"3181",-17183.921
"3182",-17032.943
"3183",-16806.685
"3184",-17249.854
"3185",-16849.119
"3186",-16895.6
"3187",-16785.595
"3188",-16668.387
"3189",-16362.02
"3190",-16357.735
"3191",-16752.289
"3192",-16344.848
"3193",-16820.903
"3194",-16462.611
"3195",-16855.839
"3196",-16838.418
"3197",-17335.042
"3198",-16819.841
"3199",-16859.417
"3200",-16530.283
"3201",-16353.798
"3202",-17411.915
"3203",-16966.261
"3204",-17058.557
"3205",-16668.514
"3206",-16653.27
"3207",-16800.386
"3208",-17002.285
"3209",-17006.652
"3210",-16987.884
"3211",-16982.148
"3212",-17007.359
"3213",-16439.404
"3214",-16905.603
"3215",-17244.728
"3216",-17067.66
"3217",-16782.349
"3218",-16992.606
"3219",-16464.9
"3220",-17019.882
"3221",-17071.763
"3222",-16966.641
"3223",-16210.969
"3224",-17002.445
"3225",-16805.482
"3226",-16505.587
"3227",-16859.942
"3228",-16734.61
"3229",-17178.487
"3230",-17089.551
"3231",-16622.099
"3232",-16834.72
"3233",-16819.603
"3234",-16949.567
"3235",-16973.269
"3236",-16614.919
"3237",-17168.154
"3238",-16451.977
"3239",-17352.864
"3240",-16930.723
"3241",-16885.648
"3242",-17034.175
"3243",-16678.392
"3244",-16965.198
"3245",-16559.004
"3246",-16758.259
"3247",-17173.537
"3248",-16550.324
"3249",-16824.541
"3250",-16808.414
"3251",-16891.009
"3252",-16955.271
"3253",-16681.38
"3254",-16855.929
"3255",-16572.325
"3256",-17264.251
"3257",-17053.828
"3258",-17050.233
"3259",-16757.153
"3260",-17324.327
"3261",-16709.856
"3262",-17157.265
"3263",-17339.611
"3264",-16811.656
"3265",-16671.797
"3266",-16550.998
"3267",-16707.273
"3268",-16305.095
"3269",-16852.058
"3270",-16891.93
"3271",-16579.361
"3272",-16317.196
"3273",-17134.021
"3274",-16612.006
"3275",-17045.842
"3276",-16850.49
"3277",-16454.898
"3278",-16501.695
"3279",-17109.611
"3280",-17065.879
"3281",-17258.14
"3282",-16839.245
"3283",-17094.641
"3284",-16982.646
"3285",-16909.611
"3286",-16804.691
"3287",-16999.145
"3288",-16985.62
"3289",-16714.76
"3290",-17016.356
"3291",-17035.538
"3292",-16938.209
"3293",-17053.262
"3294",-16778.273
"3295",-17337.491
"3296",-16882.692
"3297",-17082.723
"3298",-16918.231
"3299",-16631.174
"3300",-16682.62
"3301",-16752.649
"3302",-16495.184
"3303",-16422.812
"3304",-16968.661
"3305",-16843.96
"3306",-16751.388
"3307",-16691.534
"3308",-16665.701
"3309",-16186.849
"3310",-16824.478
"3311",-16572.26
"3312",-16840.541
"3313",-17081.151
"3314",-16699.137
"3315",-16541.74
"3316",-16944.752
"3317",-16648.135
"3318",-16741.138
"3319",-16946.345
"3320",-17150.855
"3321",-17114
"3322",-17093.049
"3323",-17203.346
"3324",-16862.27
"3325",-15920.339
"3326",-16825.586
"3327",-17158.292
"3328",-16415.339
"3329",-16519.037
"3330",-16710.661
"3331",-16354.702
"3332",-16229.05
"3333",-17132.932
"3334",-17306.198
"3335",-16852.251
"3336",-16167.677
"3337",-16553.12
"3338",-16785.514
"3339",-17017.197
"3340",-16378.099
"3341",-16410.102
"3342",-16642.562
"3343",-16425.813
"3344",-17106.582
"3345",-16977.922
"3346",-17139.577
"3347",-16590.707
"3348",-17096.032
"3349",-16467.703
"3350",-16808.984
"3351",-16929.489
"3352",-16848.628
"3353",-16546.112
"3354",-17010.024
"3355",-16756.518
"3356",-17353.987
"3357",-16809.917
"3358",-16673.688
"3359",-16346.801
"3360",-16901.3
"3361",-17402.062
"3362",-16585.627
"3363",-16435.814
"3364",-16513.196
"3365",-16931.169
"3366",-17143.162
"3367",-16973.929
"3368",-16416.374
"3369",-17092.364
"3370",-17123.299
"3371",-16701.423
"3372",-17254.066
"3373",-16679.082
"3374",-16240.164
"3375",-16732.678
"3376",-16381.213
"3377",-16882.041
"3378",-16706.761
"3379",-17049.633
"3380",-16621.209
"3381",-16678.823
"3382",-16876.237
"3383",-16953.978
"3384",-17013.622
"3385",-16764.736
"3386",-16715.779
"3387",-16689.174
"3388",-16623.305
"3389",-16730.561
"3390",-16618.894
"3391",-16917.766
"3392",-16934.671
"3393",-17300.328
"3394",-17078.788
"3395",-16859.48
"3396",-16530.008
"3397",-16432.017
"3398",-16770.493
"3399",-16323.075
"3400",-16400.905
"3401",-16848.912
"3402",-17310.613
"3403",-16825.313
"3404",-17106.058
"3405",-16956.382
"3406",-17150.753
"3407",-16501.186
"3408",-16443.48
"3409",-16674.06
"3410",-16800.935
"3411",-17014.551
"3412",-16918.062
"3413",-16229.418
"3414",-16559.439
"3415",-16856.566
"3416",-16924.187
"3417",-16394.489
"3418",-16676.702
"3419",-16981.664
"3420",-17113.005
"3421",-17046.425
"3422",-17223.245
"3423",-16909.568
"3424",-16635.879
"3425",-16415.904
"3426",-16308.815
"3427",-16806.622
"3428",-16576.94
"3429",-16713.467
"3430",-17462.303
"3431",-16767.844
"3432",-16828.036
"3433",-16928.453
"3434",-16770.279
"3435",-16246.181
"3436",-16912.954
"3437",-16812.44
"3438",-16891.791
"3439",-16674.623
"3440",-16669.795
"3441",-16987.309
"3442",-16822.553
"3443",-16709.956
"3444",-16707.027
"3445",-16590.068
"3446",-16934.682
"3447",-16816.705
"3448",-17012.8
"3449",-16980.337
"3450",-16536.974
"3451",-16954.763
"3452",-16995.914
"3453",-16594.273
"3454",-16979.262
"3455",-16904.455
"3456",-16752.974
"3457",-16347.576
"3458",-16599.217
"3459",-16913.878
"3460",-16444.693
"3461",-16774.607
"3462",-16496.178
"3463",-16993.962
"3464",-17263.62
"3465",-17301.877
"3466",-16601.598
"3467",-16778.039
"3468",-16638.689
"3469",-16786.542
"3470",-16641.853
"3471",-16659.355
"3472",-16792.201
"3473",-16802.883
"3474",-16744.131
"3475",-16890.364
"3476",-16677.636
"3477",-16877.337
"3478",-17048.31
"3479",-16671.814
"3480",-16631.954
"3481",-16896.789
"3482",-16940.57
"3483",-17328.844
"3484",-16841.97
"3485",-17039.58
"3486",-16913.92
"3487",-16553.115
"3488",-16329.376
"3489",-16504.999
"3490",-16822.906
"3491",-16691.299
"3492",-16129.344
"3493",-16759.561
"3494",-16600.413
"3495",-17361.434
"3496",-16707.385
"3497",-16824.305
"3498",-17183.703
"3499",-17126.044
"3500",-17235.596
"3501",-17068.643
"3502",-16721.174
"3503",-16557.414
"3504",-17315.908
"3505",-16536.903
"3506",-17006.022
"3507",-16622.511
"3508",-16923.77
"3509",-16597.113
"3510",-16747.5
"3511",-17017.842
"3512",-16999.545
"3513",-17119.369
"3514",-16655.103
"3515",-17023.959
"3516",-16528.959
"3517",-16705.075
"3518",-17256.901
"3519",-16835.602
"3520",-16816.794
"3521",-17051.23
"3522",-16405.52
"3523",-16826.792
"3524",-16667.03
"3525",-16821.625
"3526",-16579.232
"3527",-17043.276
"3528",-16705.698
"3529",-17249.868
"3530",-16483.353
"3531",-16832.678
"3532",-16605.517
"3533",-16659.587
"3534",-16686.901
"3535",-17021.672
"3536",-16974.422
"3537",-17093.097
"3538",-16196.13
"3539",-16732.394
"3540",-16778.951
"3541",-17001.723
"3542",-16861.815
"3543",-16183.091
"3544",-16581.671
"3545",-17145.306
"3546",-16839.988
"3547",-17316.576
"3548",-16571.385
"3549",-16993.017
"3550",-16158.017
"3551",-17097.981
"3552",-16553.672
"3553",-16773.68
"3554",-17014.081
"3555",-16339.011
"3556",-16762.545
"3557",-17357.898
"3558",-16937.596
"3559",-16525.879
"3560",-16802.449
"3561",-16666.975
"3562",-16839.753
"3563",-16792.649
"3564",-16594.389
"3565",-16733.79
"3566",-16634.604
"3567",-16468.285
"3568",-17085.445
"3569",-17018.782
"3570",-16357.387
"3571",-16533.261
"3572",-16951.255
"3573",-17067.026
"3574",-16750.837
"3575",-17038.705
"3576",-16393.147
"3577",-16558.203
"3578",-16929.201
"3579",-16623.649
"3580",-17069.517
"3581",-17273.671
"3582",-16893.22
"3583",-16459.396
"3584",-16286.002
"3585",-16360.988
"3586",-16688.192
"3587",-17088.213
"3588",-16725.929
"3589",-17290.787
"3590",-16801.191
"3591",-16740.789
"3592",-16816.518
"3593",-16929.337
"3594",-16549.368
"3595",-16859.401
"3596",-16767.278
"3597",-16651.008
"3598",-16580.773
"3599",-16877.96
"3600",-16993.219
"3601",-17271.859
"3602",-16881.324
"3603",-16857.42
"3604",-16500.788
"3605",-16565.772
"3606",-16718.989
"3607",-16709.508
"3608",-16953.7
"3609",-16643.023
"3610",-16795.114
"3611",-16903.427
"3612",-16791.647
"3613",-16919.716
"3614",-16836.397
"3615",-16548.797
"3616",-17313.587
"3617",-16862.609
"3618",-16717.993
"3619",-16894.211
"3620",-17030.786
"3621",-16964.927
"3622",-16747.456
"3623",-16899.371
"3624",-16897.321
"3625",-16316.147
"3626",-16556.757
"3627",-16760.237
"3628",-16527.051
"3629",-16720.17
"3630",-16796.262
"3631",-16285.645
"3632",-16716.246
"3633",-16701.941
"3634",-16536.554
"3635",-17070.629
"3636",-17000.057
"3637",-16772.193
"3638",-17013.623
"3639",-16626.722
"3640",-17003.612
"3641",-17051.231
"3642",-16768.788
"3643",-16899.142
"3644",-16395.932
"3645",-17026.903
"3646",-16954.973
"3647",-16574.291
"3648",-16954.485
"3649",-16918.32
"3650",-17114.366
"3651",-16846.108
"3652",-16457.948
"3653",-16961.035
"3654",-17426.895
"3655",-16851.268
"3656",-16614.208
"3657",-16995.253
"3658",-17271.821
"3659",-16651.957
"3660",-16381.716
"3661",-16722.684
"3662",-16880.315
"3663",-17252.996
"3664",-16981.424
"3665",-17110.645
"3666",-16716.345
"3667",-17103.126
"3668",-16879.69
"3669",-16860.651
"3670",-16742.482
"3671",-16891.947
"3672",-16551.475
"3673",-16565.158
"3674",-16908.731
"3675",-16446.468
"3676",-16815.357
"3677",-17126.435
"3678",-16734.691
"3679",-16993.661
"3680",-16648.711
"3681",-16891.593
"3682",-16656.767
"3683",-16907.036
"3684",-17098.344
"3685",-16730.805
"3686",-16832.33
"3687",-16765.921
"3688",-16555.171
"3689",-17170.774
"3690",-16814.899
"3691",-16944.916
"3692",-17092.882
"3693",-16830.682
"3694",-16866.858
"3695",-16885.854
"3696",-17079.423
"3697",-17217.05
"3698",-16604.423
"3699",-16991.067
"3700",-16978.497
"3701",-16865.168
"3702",-17694.683
"3703",-17000.257
"3704",-16649.859
"3705",-16576.752
"3706",-16684.259
"3707",-16693.469
"3708",-16579.563
"3709",-16349.344
"3710",-16833.153
"3711",-16763.157
"3712",-16749.783
"3713",-16781.325
"3714",-16778.715
"3715",-16860.996
"3716",-16873.55
"3717",-16762.632
"3718",-17105.029
"3719",-16790.559
"3720",-16856.563
"3721",-16854.596
"3722",-16523.634
"3723",-17080.031
"3724",-16729.218
"3725",-16764.504
"3726",-16632.376
"3727",-16629.458
"3728",-16764.253
"3729",-16640.877
"3730",-15995.904
"3731",-16448.588
"3732",-16830.097
"3733",-16717.138
"3734",-16229.671
"3735",-16515.911
"3736",-16678.254
"3737",-16506.861
"3738",-16986.951
"3739",-16818.235
"3740",-16729.653
"3741",-16653.269
"3742",-16942.677
"3743",-16492.737
"3744",-16618.655
"3745",-17059.009
"3746",-16426.508
"3747",-16718.25
"3748",-16793.388
"3749",-17071.505
"3750",-17000.195
"3751",-16968.594
"3752",-16462.77
"3753",-16710.588
"3754",-17184.088
"3755",-16672.929
"3756",-17007.823
"3757",-17121.783
"3758",-16419.894
"3759",-16878.128
"3760",-16731.205
"3761",-16457.147
"3762",-16841.173
"3763",-17116.689
"3764",-16583.416
"3765",-17515.281
"3766",-17310.718
"3767",-16617.194
"3768",-16523.895
"3769",-16664.546
"3770",-16434.702
"3771",-16766.222
"3772",-17205.061
"3773",-16459.931
"3774",-16570.044
"3775",-16434.973
"3776",-17096.136
"3777",-16928.162
"3778",-16854.266
"3779",-16510.317
"3780",-16848.641
"3781",-17306.138
"3782",-16527.507
"3783",-16893.407
"3784",-16756.656
"3785",-17253.226
"3786",-16482.708
"3787",-16899.534
"3788",-16853.64
"3789",-16773.818
"3790",-16791.011
"3791",-17053.475
"3792",-16680.846
"3793",-16892.059
"3794",-16602.613
"3795",-16424.841
"3796",-16754.096
"3797",-17131.191
"3798",-16664.145
"3799",-17015.542
"3800",-16568.145
"3801",-17124.542
"3802",-16522.969
"3803",-16890.983
"3804",-16817.13
"3805",-16339.965
"3806",-16836.155
"3807",-16821.756
"3808",-16458.798
"3809",-16807.94
"3810",-16871.044
"3811",-16673.887
"3812",-16425.479
"3813",-16798.377
"3814",-16479.065
"3815",-17176.211
"3816",-16629.242
"3817",-16913.409
"3818",-17020.463
"3819",-16601.332
"3820",-16758.994
"3821",-16917.561
"3822",-16813.712
"3823",-17399.363
"3824",-16358.063
"3825",-17053.309
"3826",-17022.501
"3827",-16564.699
"3828",-16791.018
"3829",-16715.436
"3830",-16639.926
"3831",-16843.71
"3832",-16841.766
"3833",-16767.292
"3834",-16881.419
"3835",-16557.854
"3836",-17036.004
"3837",-17100.335
"3838",-16093.032
"3839",-16688.783
"3840",-16852.824
"3841",-16946.672
"3842",-16903.449
"3843",-17232.237
"3844",-17191.757
"3845",-16835.847
"3846",-17092.032
"3847",-17198.078
"3848",-16607.823
"3849",-16325.146
"3850",-16529.136
"3851",-16689.714
"3852",-16801.116
"3853",-17030.831
"3854",-17239.562
"3855",-17031.937
"3856",-16571.03
"3857",-16707.306
"3858",-16946.707
"3859",-16856.142
"3860",-16712.65
"3861",-16796.184
"3862",-16905.565
"3863",-16668.38
"3864",-16869.849
"3865",-17301.7
"3866",-16279.709
"3867",-17024.344
"3868",-16462.204
"3869",-16852.595
"3870",-17162.749
"3871",-16313.118
"3872",-17179.825
"3873",-17133.064
"3874",-16439.625
"3875",-16951.765
"3876",-16578.242
"3877",-16855.838
"3878",-16955.833
"3879",-16984.767
"3880",-16659.905
"3881",-16621.604
"3882",-16876.269
"3883",-16482.842
"3884",-17001.932
"3885",-16590.254
"3886",-16847.92
"3887",-17144.272
"3888",-17308.956
"3889",-16893.666
"3890",-16187.921
"3891",-16994.56
"3892",-16726.742
"3893",-16693.764
"3894",-16781.317
"3895",-16463.529
"3896",-16568.581
"3897",-16976.89
"3898",-16936.735
"3899",-17266.019
"3900",-16928.365
"3901",-16628.287
"3902",-16834.885
"3903",-16334.556
"3904",-16811.158
"3905",-17215.27
"3906",-16605.076
"3907",-17150.59
"3908",-15936.817
"3909",-16602.792
"3910",-16694.999
"3911",-17158.757
"3912",-16454.35
"3913",-16941.384
"3914",-16676.753
"3915",-16945.862
"3916",-16637.051
"3917",-16495.14
"3918",-16643.269
"3919",-16700.036
"3920",-16972.66
"3921",-16955.614
"3922",-16866.764
"3923",-16667.781
"3924",-16648.525
"3925",-16813.184
"3926",-16974.247
"3927",-16884.349
"3928",-16858.525
"3929",-16887.199
"3930",-16687.244
"3931",-17157.837
"3932",-16851.69
"3933",-17366.363
"3934",-16685.796
"3935",-16903.29
"3936",-16890.512
"3937",-16839.011
"3938",-16904.364
"3939",-16956.754
"3940",-16855.741
"3941",-16812.804
"3942",-16628.532
"3943",-17197.071
"3944",-17125.578
"3945",-16711.12
"3946",-16686.067
"3947",-16359.241
"3948",-16308.006
"3949",-16729.214
"3950",-17100.82
"3951",-16609.742
"3952",-16805.6
"3953",-16431.575
"3954",-16461.6
"3955",-16958.134
"3956",-16704.973
"3957",-16033.156
"3958",-17003.423
"3959",-17025.334
"3960",-16907.112
"3961",-16917.403
"3962",-16595.614
"3963",-16901.1
"3964",-16697.034
"3965",-16969.353
"3966",-17331.675
"3967",-16649.913
"3968",-16775.972
"3969",-16993.096
"3970",-16589.947
"3971",-16721.996
"3972",-16857.381
"3973",-16720.081
"3974",-16400.944
"3975",-16718.864
"3976",-16351.309
"3977",-16626.866
"3978",-16296.249
"3979",-16933.33
"3980",-16726.087
"3981",-16754.486
"3982",-16825.508
"3983",-16572.568
"3984",-17425.076
"3985",-16953.887
"3986",-17139.926
"3987",-16551.271
"3988",-16385.156
"3989",-16560.908
"3990",-17208.582
"3991",-16641.739
"3992",-17017.679
"3993",-16636.729
"3994",-16553.529
"3995",-17031.521
"3996",-16779.427
"3997",-16620.518
"3998",-16603.989
"3999",-17293.65
"4000",-17059.138
"4001",-16833.818
"4002",-16452.723
"4003",-16928.702
"4004",-16503.614
"4005",-16770.766
"4006",-16491.07
"4007",-16956.009
"4008",-16592.372
"4009",-16962.213
"4010",-16473.643
"4011",-17220.599
"4012",-17091.767
"4013",-16515.587
"4014",-16928.036
"4015",-16693.71
"4016",-17220.841
"4017",-16386.874
"4018",-17158.642
"4019",-16931.065
"4020",-16713.943
"4021",-16736.74
"4022",-17442.907
"4023",-16729.077
"4024",-16790.318
"4025",-16507.645
"4026",-16864.37
"4027",-17210.293
"4028",-16719.698
"4029",-16648.618
"4030",-16331.743
"4031",-16864.23
"4032",-16808.904
"4033",-16773.758
"4034",-16913.847
"4035",-16683.381
"4036",-16781.725
"4037",-16876.244
"4038",-16299.155
"4039",-17182.643
"4040",-16727.747
"4041",-16787.834
"4042",-16576.368
"4043",-16851.286
"4044",-16661.384
"4045",-16745.622
"4046",-17164.526
"4047",-16789.589
"4048",-16532.103
"4049",-16956.861
"4050",-16687.378
"4051",-16764.696
"4052",-16373.373
"4053",-16743.858
"4054",-17175.918
"4055",-16635.621
"4056",-17367.704
"4057",-16774.254
"4058",-16998.4
"4059",-16617.086
"4060",-16623.374
"4061",-16880.9
"4062",-16250.802
"4063",-16613.807
"4064",-16986.214
"4065",-17188.707
"4066",-16341.781
"4067",-16178.464
"4068",-17020.448
"4069",-16837.125
"4070",-17071.638
"4071",-16731.106
"4072",-17189.247
"4073",-16565.742
"4074",-16504.065
"4075",-16766.758
"4076",-16642.53
"4077",-16958.277
"4078",-16608.86
"4079",-16499.591
"4080",-16971.449
"4081",-16449.248
"4082",-17067.62
"4083",-16658.617
"4084",-16663.762
"4085",-16542.132
"4086",-16416.282
"4087",-16764.892
"4088",-16883.226
"4089",-16755.764
"4090",-17143.234
"4091",-16904.165
"4092",-16280.671
"4093",-16341.749
"4094",-17134.425
"4095",-16582.138
"4096",-16207.132
"4097",-16902.904
"4098",-17065.047
"4099",-16924.615
"4100",-16615.567
"4101",-16400.783
"4102",-16929.63
"4103",-16484.708
"4104",-16848.151
"4105",-17017.814
"4106",-16789.954
"4107",-16326.216
"4108",-16809.289
"4109",-16730.585
"4110",-16499.025
"4111",-17260.665
"4112",-17015.735
"4113",-16739.728
"4114",-16574.16
"4115",-16785.289
"4116",-17173.698
"4117",-16420.868
"4118",-16862.724
"4119",-17003.32
"4120",-16728.251
"4121",-16770.943
"4122",-17081.971
"4123",-17046.651
"4124",-16986.299
"4125",-17103.107
"4126",-16886.227
"4127",-16651.293
"4128",-16334.714
"4129",-17617.463
"4130",-16812.903
"4131",-17208.226
"4132",-17787.136
"4133",-16709.052
"4134",-16825.757
"4135",-16451.04
"4136",-17031.23
"4137",-16916.485
"4138",-16834.466
"4139",-16395.941
"4140",-16828.021
"4141",-16555.238
"4142",-16932.25
"4143",-16976.187
"4144",-17323.634
"4145",-16500.011
"4146",-16939.1
"4147",-17125.614
"4148",-17243.803
"4149",-16705.069
"4150",-16888.322
"4151",-16556.039
"4152",-16905.31
"4153",-16954.559
"4154",-16998.463
"4155",-17249.513
"4156",-16860.564
"4157",-16902.321
"4158",-16758.065
"4159",-16625.802
"4160",-16982.78
"4161",-16729.483
"4162",-16638.148
"4163",-16830.817
"4164",-16206.513
"4165",-16844.293
"4166",-16867.287
"4167",-16397.568
"4168",-16889.089
"4169",-16779.391
"4170",-16839.675
"4171",-16706.039
"4172",-16593.314
"4173",-17077.442
"4174",-16954.481
"4175",-16468.05
"4176",-16662.876
"4177",-16805.426
"4178",-16596.246
"4179",-16541.319
"4180",-16854.991
"4181",-16942.396
"4182",-16539.341
"4183",-16419.766
"4184",-17352.247
"4185",-16689.483
"4186",-17021.442
"4187",-16889.865
"4188",-16875.047
"4189",-16523.727
"4190",-16549.453
"4191",-17149.721
"4192",-17022.963
"4193",-16981.807
"4194",-17079.446
"4195",-16462.955
"4196",-16706.28
"4197",-16737.776
"4198",-16954.548
"4199",-16882.801
"4200",-16925.894
"4201",-17315.708
"4202",-16973.671
"4203",-16691.473
"4204",-17191.716
"4205",-16690.893
"4206",-16735.029
"4207",-17079.737
"4208",-16731.641
"4209",-16547.577
"4210",-16692.572
"4211",-16628.848
"4212",-16426.457
"4213",-16470.06
"4214",-16741.158
"4215",-17175.625
"4216",-16930.226
"4217",-16830.528
"4218",-16317.594
"4219",-17058.057
"4220",-16781.148
"4221",-16988.159
"4222",-17063.955
"4223",-16858.729
"4224",-17005.784
"4225",-16773.148
"4226",-16722.031
"4227",-17212.207
"4228",-16680.013
"4229",-17193.189
"4230",-16972.444
"4231",-16996.14
"4232",-17461.924
"4233",-16346.968
"4234",-17066.258
"4235",-16840.06
"4236",-16533.556
"4237",-16736.02
"4238",-17035.753
"4239",-16822.659
"4240",-16373.302
"4241",-16850.942
"4242",-16972.504
"4243",-17025.052
"4244",-17242.64
"4245",-17193.012
"4246",-16490.423
"4247",-16774.208
"4248",-17048.563
"4249",-16850.001
"4250",-17223.003
"4251",-16925.69
"4252",-16787.372
"4253",-16615.306
"4254",-16906.631
"4255",-16808.557
"4256",-16832.668
"4257",-16667.684
"4258",-16845.394
"4259",-17016.542
"4260",-17009.842
"4261",-16704.722
"4262",-16179.64
"4263",-17182.017
"4264",-16611.674
"4265",-16922.279
"4266",-17443
"4267",-16718.583
"4268",-16899.863
"4269",-16876.902
"4270",-17100.678
"4271",-17387.931
"4272",-17019.177
"4273",-16277.51
"4274",-16584.969
"4275",-16472.723
"4276",-16863.104
"4277",-16551.759
"4278",-16982.329
"4279",-16992.923
"4280",-17026.307
"4281",-16935.766
"4282",-16811.533
"4283",-16723.787
"4284",-17246.578
"4285",-16661.685
"4286",-17111.575
"4287",-16585.843
"4288",-16839.17
"4289",-16827.542
"4290",-16715.915
"4291",-16901.392
"4292",-16702.831
"4293",-17077.97
"4294",-17047.685
"4295",-16872.823
"4296",-17099.526
"4297",-17092.789
"4298",-16481.886
"4299",-16652.356
"4300",-16960.679
"4301",-16702.308
"4302",-17122.582
"4303",-16990.238
"4304",-16862.241
"4305",-16627.339
"4306",-16931.23
"4307",-17064.547
"4308",-16970.939
"4309",-17269.479
"4310",-16959.844
"4311",-17088.275
"4312",-17084.622
"4313",-16660.066
"4314",-16853.151
"4315",-16750.682
"4316",-16978.141
"4317",-16995.319
"4318",-16469.917
"4319",-17296.264
"4320",-16694.724
"4321",-17087.456
"4322",-16744.852
"4323",-16360.343
"4324",-17042.574
"4325",-16583.676
"4326",-16719.443
"4327",-16868.646
"4328",-16923.407
"4329",-16330.808
"4330",-16404.632
"4331",-16972.282
"4332",-17353.87
"4333",-16441.779
"4334",-16926.277
"4335",-17024.037
"4336",-16754.798
"4337",-16993.081
"4338",-17133.686
"4339",-17193.138
"4340",-16463.426
"4341",-16982.742
"4342",-17091.199
"4343",-16930.41
"4344",-17326.197
"4345",-16817.644
"4346",-16702.525
"4347",-16824.667
"4348",-16586.22
"4349",-16373.802
"4350",-16522.9
"4351",-16604.755
"4352",-16799.332
"4353",-16807.112
"4354",-17151.211
"4355",-17015.351
"4356",-17036.165
"4357",-16723.133
"4358",-17052.037
"4359",-16533.507
"4360",-16952.388
"4361",-16979.309
"4362",-17127.871
"4363",-16608.893
"4364",-16992.819
"4365",-16573.873
"4366",-16955.692
"4367",-16511.441
"4368",-16962.822
"4369",-16859.945
"4370",-16895.222
"4371",-16718.56
"4372",-16641.906
"4373",-16843.811
"4374",-16958.45
"4375",-17698.377
"4376",-16718.851
"4377",-16830.884
"4378",-16996
"4379",-16799.729
"4380",-16905.313
"4381",-16644.404
"4382",-16663.502
"4383",-16541.377
"4384",-16747.532
"4385",-17079.776
"4386",-17323.613
"4387",-16889.29
"4388",-16508.987
"4389",-16919.777
"4390",-16353.186
"4391",-16599.214
"4392",-16423.884
"4393",-16985.617
"4394",-16263.235
"4395",-17367.284
"4396",-16922.055
"4397",-16852.862
"4398",-17038.107
"4399",-16802.329
"4400",-16980.371
"4401",-17090.546
"4402",-16420.204
"4403",-16828.27
"4404",-16678.705
"4405",-16785.134
"4406",-16674.607
"4407",-16235.73
"4408",-16947.094
"4409",-16696.803
"4410",-17061.113
"4411",-16578.161
"4412",-16538.843
"4413",-17044.305
"4414",-17457.358
"4415",-16822.206
"4416",-16768.555
"4417",-16647.467
"4418",-17003.129
"4419",-16963.148
"4420",-16479.109
"4421",-16494.067
"4422",-16378.615
"4423",-16665.288
"4424",-17271.556
"4425",-16915.964
"4426",-17060.971
"4427",-17004.108
"4428",-16874.952
"4429",-16868.89
"4430",-16697.547
"4431",-16636.576
"4432",-16875.51
"4433",-16351.941
"4434",-16596.671
"4435",-16576.443
"4436",-17322.2
"4437",-16848.551
"4438",-16816.363
"4439",-16693.495
"4440",-16868.518
"4441",-16393.619
"4442",-16690.347
"4443",-16393.479
"4444",-16227.553
"4445",-16728.524
"4446",-16432.374
"4447",-16604.665
"4448",-16990.674
"4449",-17287.439
"4450",-16595.743
"4451",-17058.194
"4452",-16678.827
"4453",-16726.903
"4454",-16859.075
"4455",-16874.841
"4456",-16352.975
"4457",-16596.118
"4458",-17091.606
"4459",-16788.135
"4460",-17078.994
"4461",-17060.296
"4462",-16543.95
"4463",-17205.718
"4464",-16913.321
"4465",-16750.374
"4466",-16371.054
"4467",-16781.448
"4468",-16804.352
"4469",-16799.497
"4470",-16837.608
"4471",-16436.45
"4472",-16753.776
"4473",-16956.18
"4474",-16975.484
"4475",-17088.302
"4476",-16496.465
"4477",-16780.367
"4478",-16396.052
"4479",-17093.702
"4480",-17023.09
"4481",-16618.475
"4482",-17034.89
"4483",-16872.548
"4484",-16949.29
"4485",-17175.824
"4486",-16827.843
"4487",-16818.776
"4488",-17045.369
"4489",-16966.418
"4490",-16688.695
"4491",-16687.457
"4492",-17170.436
"4493",-17101.792
"4494",-16566.19
"4495",-16445.799
"4496",-17175.765
"4497",-16588.333
"4498",-16950.348
"4499",-16570.444
"4500",-16688.716
"4501",-16619.54
"4502",-16499.128
"4503",-16787.956
"4504",-16889.409
"4505",-17031.154
"4506",-16338.979
"4507",-16649.281
"4508",-17021.08
"4509",-17000.385
"4510",-16975.233
"4511",-16872.064
"4512",-17245.546
"4513",-16980.284
"4514",-16344.324
"4515",-16541.877
"4516",-16284.983
"4517",-16516.629
"4518",-17286.706
"4519",-16808.279
"4520",-16980.767
"4521",-16734.747
"4522",-16923.534
"4523",-17091.997
"4524",-16543.07
"4525",-16808.633
"4526",-17182.46
"4527",-16626.375
"4528",-16383.661
"4529",-16656.049
"4530",-16843.182
"4531",-16578.819
"4532",-16926.074
"4533",-16945.917
"4534",-15991.402
"4535",-16775.295
"4536",-16987.061
"4537",-16881.508
"4538",-16658.772
"4539",-16714.749
"4540",-16758.867
"4541",-16601.714
"4542",-16750.831
"4543",-17031.455
"4544",-17592.507
"4545",-17150.789
"4546",-16531.246
"4547",-16624.731
"4548",-16715.436
"4549",-16760.924
"4550",-16586.069
"4551",-16566.176
"4552",-16730.176
"4553",-16766.214
"4554",-16412.591
"4555",-16582.645
"4556",-16855.963
"4557",-17218.749
"4558",-16890.513
"4559",-16655.658
"4560",-16833.813
"4561",-16826.954
"4562",-16753.744
"4563",-16709.884
"4564",-16766.685
"4565",-16782.653
"4566",-17029.835
"4567",-16963.488
"4568",-16678.73
"4569",-17159.334
"4570",-16844.497
"4571",-16564.754
"4572",-16623.361
"4573",-16334.525
"4574",-16907.586
"4575",-16986.312
"4576",-17246.129
"4577",-16490.107
"4578",-16903.352
"4579",-17019.843
"4580",-16685.197
"4581",-16147.265
"4582",-16881.136
"4583",-16568.749
"4584",-17078.795
"4585",-16776.581
"4586",-16975.146
"4587",-16769.868
"4588",-17101.387
"4589",-16742.207
"4590",-16689.817
"4591",-16446.294
"4592",-16885.833
"4593",-16983.054
"4594",-16634.925
"4595",-16864.221
"4596",-16241.852
"4597",-17299.807
"4598",-16952.11
"4599",-16531.936
"4600",-16438.181
"4601",-16867.01
"4602",-16934.232
"4603",-16816.756
"4604",-16940.528
"4605",-17034.719
"4606",-16483.685
"4607",-17062.032
"4608",-17252.95
"4609",-16649.873
"4610",-16314.196
"4611",-16457.49
"4612",-16178.306
"4613",-16903.021
"4614",-16121.679
"4615",-16741.169
"4616",-16801.408
"4617",-16694.296
"4618",-16941.577
"4619",-16980.495
"4620",-16703.552
"4621",-16621.591
"4622",-17102.204
"4623",-16728.755
"4624",-16631.96
"4625",-17042.555
"4626",-16911.073
"4627",-16508.563
"4628",-16980.718
"4629",-17346.91
"4630",-16785.768
"4631",-16817.755
"4632",-16792.247
"4633",-17201.546
"4634",-16995.82
"4635",-16724.455
"4636",-15988.825
"4637",-16935.632
"4638",-16729.612
"4639",-16902.38
"4640",-16416.191
"4641",-16805.577
"4642",-16453.443
"4643",-16682.261
"4644",-16933.006
"4645",-16556.486
"4646",-16921.648
"4647",-16916.367
"4648",-17082.852
"4649",-16745.507
"4650",-17075.095
"4651",-16558.599
"4652",-16462.99
"4653",-17023.62
"4654",-16831.052
"4655",-17119.815
"4656",-16591.438
"4657",-16660.55
"4658",-16630.687
"4659",-16796.952
"4660",-16500.72
"4661",-16826.973
"4662",-16566.283
"4663",-16716.699
"4664",-16947.899
"4665",-16493.734
"4666",-16396.582
"4667",-16826.397
"4668",-16634.29
"4669",-16544.571
"4670",-17024.263
"4671",-16812.027
"4672",-16333.087
"4673",-17237.235
"4674",-16692.381
"4675",-17054.643
"4676",-17027.497
"4677",-17180.521
"4678",-16859.026
"4679",-16687.789
"4680",-16893.62
"4681",-16708.343
"4682",-16798.371
"4683",-16567.442
"4684",-16815.157
"4685",-16756.039
"4686",-16830.067
"4687",-16910.029
"4688",-16894.25
"4689",-17847.862
"4690",-17146.775
"4691",-17083.947
"4692",-16844.436
"4693",-16354.23
"4694",-16784.217
"4695",-16117.074
"4696",-16888.732
"4697",-16776.059
"4698",-17056.626
"4699",-16621.49
"4700",-16863.204
"4701",-16798.771
"4702",-17317.964
"4703",-16865.123
"4704",-17228.988
"4705",-16729.05
"4706",-16557.506
"4707",-16722.178
"4708",-17182.032
"4709",-17082.295
"4710",-16498.935
"4711",-16718.114
"4712",-16839.454
"4713",-17315.537
"4714",-17089.96
"4715",-16978.001
"4716",-16683.286
"4717",-16916.839
"4718",-16423.311
"4719",-16660.276
"4720",-16599.955
"4721",-16904.517
"4722",-16431.054
"4723",-16681.178
"4724",-17039.855
"4725",-16867.837
"4726",-16918.671
"4727",-16764.463
"4728",-16707.335
"4729",-16760.883
"4730",-16894.58
"4731",-16787.362
"4732",-16529.452
"4733",-16711.79
"4734",-17020.963
"4735",-16422.981
"4736",-16793.586
"4737",-16717.284
"4738",-17218.743
"4739",-16695.788
"4740",-16580.099
"4741",-16702.764
"4742",-16367.102
"4743",-16424.874
"4744",-16696.348
"4745",-16621.651
"4746",-16808.148
"4747",-16897.071
"4748",-16870.165
"4749",-16812.987
"4750",-16698.753
"4751",-17222.776
"4752",-16671.923
"4753",-16450.495
"4754",-17125.02
"4755",-17058.616
"4756",-16958.866
"4757",-16775.848
"4758",-16503.241
"4759",-16937.482
"4760",-17056.046
"4761",-16839.213
"4762",-16849.067
"4763",-16930.598
"4764",-16816.491
"4765",-16756.123
"4766",-16443.756
"4767",-16827.35
"4768",-17034.916
"4769",-17499.794
"4770",-17570.585
"4771",-16689.179
"4772",-16878.95
"4773",-16478.972
"4774",-16943.58
"4775",-16567.16
"4776",-16558.829
"4777",-16674.207
"4778",-16941.376
"4779",-17170.322
"4780",-16668.309
"4781",-16695.972
"4782",-17172.762
"4783",-16755.545
"4784",-17153.475
"4785",-16578.68
"4786",-16487.896
"4787",-16456.064
"4788",-16778.702
"4789",-16635.546
"4790",-16793.445
"4791",-16974.797
"4792",-16982.728
"4793",-17273.323
"4794",-16607.403
"4795",-16820.137
"4796",-17228.423
"4797",-16566.154
"4798",-16903.903
"4799",-16921.812
"4800",-16852.024
"4801",-16708.957
"4802",-16349.72
"4803",-16871.713
"4804",-16816.584
"4805",-16654.029
"4806",-16843.571
"4807",-17051.569
"4808",-16606.937
"4809",-17188.023
"4810",-16432.793
"4811",-16965.676
"4812",-16555.871
"4813",-16794.617
"4814",-16670.348
"4815",-16961.149
"4816",-16995.168
"4817",-16495.14
"4818",-17247.472
"4819",-17145.443
"4820",-16797.84
"4821",-16776.919
"4822",-16672.174
"4823",-16658.313
"4824",-16712.46
"4825",-16690.866
"4826",-16760.076
"4827",-17308.287
"4828",-17047.955
"4829",-17116.934
"4830",-17110.602
"4831",-16949.444
"4832",-16315.559
"4833",-16757.523
"4834",-16936.075
"4835",-16650.585
"4836",-16375.69
"4837",-16412.232
"4838",-16989.248
"4839",-16881.11
"4840",-16652.783
"4841",-16611.746
"4842",-16781.811
"4843",-16894.087
"4844",-17179.052
"4845",-16733.275
"4846",-16774.878
"4847",-16488.167
"4848",-16820.961
"4849",-16768.818
"4850",-16807.036
"4851",-17155.854
"4852",-16548.548
"4853",-17028.023
"4854",-16306.666
"4855",-16798.24
"4856",-16752.233
"4857",-16920.24
"4858",-16827.964
"4859",-17260.121
"4860",-16386.694
"4861",-17022.023
"4862",-16976.467
"4863",-16921.178
"4864",-16728.135
"4865",-16664.608
"4866",-16822.568
"4867",-16396.645
"4868",-17139.06
"4869",-16762.165
"4870",-16985.445
"4871",-16718.2
"4872",-17224.34
"4873",-17068.695
"4874",-17387.546
"4875",-16582.6
"4876",-16583.298
"4877",-17201.133
"4878",-17472.049
"4879",-17173.682
"4880",-16534.099
"4881",-16617.036
"4882",-16686.707
"4883",-16897.074
"4884",-16799.241
"4885",-17285.599
"4886",-16477.345
"4887",-17061.861
"4888",-17142.081
"4889",-16644.408
"4890",-16772.134
"4891",-17080.58
"4892",-16783.941
"4893",-16699.486
"4894",-16564.443
"4895",-16252.119
"4896",-16555.166
"4897",-17376.401
"4898",-16831.782
"4899",-17156.34
"4900",-16354.694
"4901",-16966.718
"4902",-16708.561
"4903",-16883.537
"4904",-17382.628
"4905",-16595.936
"4906",-17001.876
"4907",-16381.54
"4908",-16716.976
"4909",-16799.696
"4910",-17098.346
"4911",-16513.723
"4912",-17207.666
"4913",-16189.358
"4914",-16383.609
"4915",-17241.627
"4916",-16824.239
"4917",-16895.129
"4918",-16494.903
"4919",-17010.105
"4920",-16864.631
"4921",-16921.08
"4922",-17109.745
"4923",-16656.98
"4924",-16914.475
"4925",-16751.656
"4926",-17034.529
"4927",-16526.913
"4928",-17216.234
"4929",-16663.693
"4930",-17184.817
"4931",-16826.103
"4932",-16812.161
"4933",-16908.681
"4934",-17046.038
"4935",-16922.263
"4936",-17172.582
"4937",-17435.523
"4938",-16626.852
"4939",-17086.596
"4940",-16694.425
"4941",-17130.077
"4942",-16907.436
"4943",-17095.647
"4944",-17269.801
"4945",-16426.384
"4946",-16666.184
"4947",-17052.285
"4948",-16903.722
"4949",-16313.42
"4950",-16898.556
"4951",-16575.731
"4952",-16860.733
"4953",-16851.064
"4954",-16463.245
"4955",-16763.963
"4956",-16666.878
"4957",-16433.863
"4958",-16584.083
"4959",-16953.013
"4960",-16959.185
"4961",-16731.618
"4962",-16869.513
"4963",-17140.4
"4964",-16980.707
"4965",-16913.265
"4966",-16755.32
"4967",-16634.13
"4968",-16402.791
"4969",-17046.209
"4970",-16721.138
"4971",-16534.787
"4972",-17104.411
"4973",-17052.074
"4974",-16705.096
"4975",-16979.587
"4976",-16969.619
"4977",-16396.131
"4978",-17294.931
"4979",-17036.932
"4980",-16754.467
"4981",-16834.324
"4982",-16736.804
"4983",-17113.649
"4984",-16554.038
"4985",-16931.895
"4986",-16862.262
"4987",-16969.102
"4988",-17011.011
"4989",-16911.576
"4990",-16698.342
"4991",-16713.388
"4992",-16821.305
"4993",-16401.011
"4994",-16601.956
"4995",-16417.027
"4996",-17072.259
"4997",-17244.159
"4998",-16594.399
"4999",-16907.216
"5000",-17073.283
"5001",-16605.973
"5002",-16534.424
"5003",-16544.123
"5004",-17283.611
"5005",-16739.818
"5006",-17232.408
"5007",-16542.346
"5008",-16485.028
"5009",-16975.265
"5010",-16967.188
"5011",-16748.844
"5012",-17359.996
"5013",-16860.2
"5014",-16750.425
"5015",-16480.113
"5016",-16391.95
"5017",-16818.728
"5018",-16798.63
"5019",-16581.073
"5020",-16750.85
"5021",-16725.281
"5022",-16932.094
"5023",-16832.747
"5024",-16945.841
"5025",-16885.686
"5026",-16538.454
"5027",-17087.137
"5028",-16668.64
"5029",-16968.904
"5030",-15993.127
"5031",-17351.974
"5032",-16447.488
"5033",-16857.732
"5034",-16372.445
"5035",-16793.743
"5036",-16857.976
"5037",-16913.739
"5038",-17093.427
"5039",-16667.711
"5040",-16563.636
"5041",-16602.381
"5042",-17059.326
"5043",-16846.324
"5044",-16635.498
"5045",-16713.175
"5046",-16443.399
"5047",-16668.682
"5048",-16823.412
"5049",-17161.759
"5050",-16957.997
"5051",-16623.725
"5052",-16964.168
"5053",-16983.594
"5054",-16651.323
"5055",-16810.173
"5056",-16997.544
"5057",-16829.979
"5058",-16959.723
"5059",-16963.714
"5060",-17013.933
"5061",-16821.734
"5062",-16706.34
"5063",-17363.69
"5064",-16536.187
"5065",-16521.944
"5066",-16650.063
"5067",-16653.346
"5068",-16622.665
"5069",-16444.713
"5070",-17186.35
"5071",-16751.981
"5072",-16637.749
"5073",-16777.685
"5074",-16757.349
"5075",-17070.428
"5076",-16497.765
"5077",-17025.207
"5078",-16404.518
"5079",-16847.429
"5080",-16566.207
"5081",-16573.825
"5082",-17039.029
"5083",-16522.134
"5084",-16870.697
"5085",-17300.271
"5086",-16957.86
"5087",-17083.125
"5088",-16472.089
"5089",-16360.947
"5090",-16801.04
"5091",-16919.267
"5092",-16624.107
"5093",-16901.034
"5094",-16795.109
"5095",-17093.377
"5096",-17333.092
"5097",-16662.028
"5098",-16646.132
"5099",-16345.412
"5100",-16717.012
"5101",-16387.325
"5102",-16863.043
"5103",-16928.633
"5104",-17159.162
"5105",-17005.759
"5106",-16792.061
"5107",-16875.258
"5108",-17138.641
"5109",-16959.347
"5110",-16686.337
"5111",-16658.865
"5112",-16915.752
"5113",-16528.158
"5114",-17217.232
"5115",-17201.666
"5116",-17019.625
"5117",-16996.908
"5118",-16740.558
"5119",-16502.079
"5120",-17354.501
"5121",-16714.826
"5122",-17344.402
"5123",-16282.944
"5124",-16656.309
"5125",-17346.186
"5126",-17025.178
"5127",-16662.727
"5128",-16482.599
"5129",-16885.223
"5130",-16880.778
"5131",-16583.647
"5132",-16945.925
"5133",-16930.314
"5134",-17115.951
"5135",-16826.241
"5136",-16528.189
"5137",-17347.729
"5138",-16265.125
"5139",-16531.833
"5140",-17079.313
"5141",-16411.494
"5142",-17071.059
"5143",-16814.214
"5144",-16627.312
"5145",-16707.051
"5146",-16775.741
"5147",-16662.407
"5148",-16886.277
"5149",-16870.023
"5150",-16540.472
"5151",-16522.865
"5152",-16420.282
"5153",-17182.93
"5154",-16590.516
"5155",-16936.554
"5156",-17121.913
"5157",-16875.054
"5158",-16980.863
"5159",-16648.906
"5160",-17106.048
"5161",-16812.569
"5162",-16977.4
"5163",-17085.169
"5164",-16512.865
"5165",-16729.177
"5166",-16782.051
"5167",-16784.916
"5168",-16740.205
"5169",-16379.351
"5170",-16717.717
"5171",-17318.77
"5172",-16898.528
"5173",-16020.359
"5174",-17164.717
"5175",-16643.929
"5176",-16991.365
"5177",-16672.672
"5178",-16544.851
"5179",-17340.944
"5180",-16951.292
"5181",-16826.614
"5182",-16603.381
"5183",-16669.337
"5184",-16503.936
"5185",-16758.646
"5186",-16925.869
"5187",-16968.055
"5188",-17064.788
"5189",-17707.461
"5190",-16506.499
"5191",-17126.578
"5192",-16774.392
"5193",-17242.373
"5194",-16733.807
"5195",-16539.408
"5196",-17136.446
"5197",-17041.023
"5198",-16315.458
"5199",-16846.26
"5200",-16760.924
"5201",-17194.576
"5202",-16310.828
"5203",-16524.058
"5204",-16807.774
"5205",-16465.445
"5206",-16105.991
"5207",-17038.635
"5208",-17287.382
"5209",-16930.346
"5210",-17067.218
"5211",-16915.414
"5212",-16924.322
"5213",-16889.808
"5214",-16943.823
"5215",-16885.799
"5216",-16151.047
"5217",-16780.722
"5218",-17306.427
"5219",-16376.125
"5220",-16650.659
"5221",-16643.909
"5222",-16823.83
"5223",-16681.212
"5224",-17228.326
"5225",-16887.991
"5226",-17154.373
"5227",-16597.081
"5228",-16942.426
"5229",-16542.963
"5230",-17022.518
"5231",-16938.013
"5232",-17242.376
"5233",-16964.431
"5234",-16915.381
"5235",-16541.984
"5236",-16925.626
"5237",-16867.819
"5238",-16530.821
"5239",-16822.872
"5240",-16854.711
"5241",-16547.075
"5242",-16984.47
"5243",-16697.424
"5244",-17005.183
"5245",-17014.31
"5246",-16676.962
"5247",-16957.392
"5248",-16836.121
"5249",-16624.595
"5250",-16625.064
"5251",-16848.491
"5252",-17014.261
"5253",-16893.755
"5254",-17160.306
"5255",-16737.423
"5256",-16567.373
"5257",-16642.268
"5258",-16135.536
"5259",-16256.636
"5260",-16251.354
"5261",-16850.774
"5262",-17225.019
"5263",-16434.348
"5264",-16958.628
"5265",-17145.341
"5266",-16915.903
"5267",-16960.449
"5268",-16780.295
"5269",-16479.166
"5270",-16817.967
"5271",-16567.612
"5272",-16531.414
"5273",-16734.809
"5274",-16798.016
"5275",-16872.2
"5276",-17116.211
"5277",-16612.751
"5278",-16778.257
"5279",-16884.708
"5280",-16601.384
"5281",-17119.49
"5282",-16736.076
"5283",-16804.63
"5284",-16732.29
"5285",-17101.97
"5286",-16771.706
"5287",-16820.088
"5288",-16952.936
"5289",-16904.671
"5290",-16695.668
"5291",-17293.281
"5292",-16746.165
"5293",-16512.133
"5294",-16700.321
"5295",-16805.594
"5296",-16750.858
"5297",-17020.857
"5298",-17084.982
"5299",-16618.232
"5300",-16614.398
"5301",-16137.502
"5302",-17311.621
"5303",-16983.456
"5304",-16592.702
"5305",-17376.466
"5306",-17247.126
"5307",-16852.09
"5308",-17193.088
"5309",-17035.543
"5310",-17151.552
"5311",-17137.069
"5312",-16896.122
"5313",-17377.394
"5314",-16393.681
"5315",-16957.577
"5316",-17048.452
"5317",-16490.162
"5318",-16885.833
"5319",-16927.125
"5320",-16588.096
"5321",-16979.613
"5322",-16756.603
"5323",-16609.733
"5324",-17134.136
"5325",-16849.781
"5326",-16889.982
"5327",-17494.01
"5328",-17196.801
"5329",-16488.834
"5330",-16362.545
"5331",-16558.973
"5332",-16740.28
"5333",-17047.744
"5334",-16352.089
"5335",-16718.083
"5336",-16550.515
"5337",-16873.223
"5338",-17082.173
"5339",-16692.437
"5340",-16859.402
"5341",-16905.479
"5342",-16872.627
"5343",-16748.324
"5344",-17229.399
"5345",-16620.328
"5346",-16647.676
"5347",-17110.001
"5348",-16888.603
"5349",-16869.13
"5350",-16948.748
"5351",-16758.397
"5352",-16943.558
"5353",-16745.389
"5354",-16845.391
"5355",-16785.586
"5356",-16986.338
"5357",-16993.413
"5358",-16139.461
"5359",-17136.335
"5360",-16602.493
"5361",-16834.445
"5362",-16798.454
"5363",-16524.837
"5364",-16777.432
"5365",-17059.572
"5366",-17074.593
"5367",-17171.196
"5368",-16908.391
"5369",-16483.192
"5370",-16612.266
"5371",-16700.982
"5372",-16529.837
"5373",-16756.807
"5374",-16606.862
"5375",-16720.72
"5376",-16872.682
"5377",-16472.451
"5378",-16718.398
"5379",-17220.382
"5380",-16502.719
"5381",-16908.36
"5382",-16558.514
"5383",-16693.834
"5384",-16720.552
"5385",-16295.289
"5386",-16646.087
"5387",-16709.943
"5388",-17063.235
"5389",-16754.129
"5390",-16485.499
"5391",-16733.06
"5392",-17045.67
"5393",-16408.448
"5394",-17027.928
"5395",-17043.028
"5396",-16486.419
"5397",-16888.793
"5398",-16452.597
"5399",-17047.545
"5400",-17101.555
"5401",-16531.637
"5402",-16789.49
"5403",-16862.464
"5404",-16672.283
"5405",-16692.437
"5406",-16346.08
"5407",-16853.414
"5408",-16808.067
"5409",-16482.798
"5410",-17178.074
"5411",-17423.789
"5412",-16671.093
"5413",-16635.005
"5414",-16800.474
"5415",-16780.689
"5416",-16727.354
"5417",-16903.737
"5418",-16910.087
"5419",-16887.786
"5420",-16759.388
"5421",-16297.934
"5422",-16959.019
"5423",-17198.93
"5424",-16155.067
"5425",-17017.635
"5426",-16804.612
"5427",-17039.505
"5428",-16696.154
"5429",-16636.223
"5430",-16516.627
"5431",-16824.21
"5432",-16926.298
"5433",-16776.641
"5434",-17141.319
"5435",-16435.4
"5436",-16574.151
"5437",-16575.521
"5438",-17178.612
"5439",-16646.4
"5440",-16807.319
"5441",-16505.565
"5442",-16811.324
"5443",-17458.841
"5444",-16927.227
"5445",-16447.289
"5446",-16702.247
"5447",-16519.371
"5448",-16604.169
"5449",-16518.937
"5450",-16999.094
"5451",-16870.606
"5452",-17002.66
"5453",-17112.903
"5454",-16846.769
"5455",-16819.108
"5456",-16860.013
"5457",-16850.151
"5458",-16929.689
"5459",-16764.6
"5460",-16871.567
"5461",-16676.543
"5462",-17135.863
"5463",-16443.736
"5464",-16642.104
"5465",-17014.874
"5466",-17051.111
"5467",-16637.676
"5468",-16898.911
"5469",-16502.454
"5470",-16981.686
"5471",-16504.885
"5472",-16742.721
"5473",-17045.862
"5474",-16429.678
"5475",-17207.631
"5476",-17003.084
"5477",-16868.773
"5478",-16402.84
"5479",-16758.285
"5480",-16526.827
"5481",-17074.969
"5482",-16597.952
"5483",-16857.375
"5484",-16812.046
"5485",-16693.849
"5486",-16604.306
"5487",-16731.458
"5488",-16593.461
"5489",-16461.681
"5490",-17105.503
"5491",-16829.463
"5492",-16716.562
"5493",-17615.538
"5494",-16967.901
"5495",-16840.846
"5496",-16378.541
"5497",-16711.725
"5498",-16651.157
"5499",-17103.42
"5500",-16587.676
"5501",-16471.786
"5502",-16464.475
"5503",-16957.123
"5504",-17116.286
"5505",-17049.091
"5506",-16538.01
"5507",-16970.586
"5508",-17039.715
"5509",-16547.143
"5510",-16677.739
"5511",-16384.953
"5512",-16596.175
"5513",-17243.933
"5514",-16854.99
"5515",-16772.785
"5516",-16578.665
"5517",-16834.618
"5518",-16599.367
"5519",-16916.833
"5520",-16897.293
"5521",-16816.966
"5522",-16946.997
"5523",-16609.665
"5524",-16588.873
"5525",-16651.356
"5526",-16780.538
"5527",-16951.196
"5528",-16969.475
"5529",-16778.31
"5530",-17122.968
"5531",-16916.188
"5532",-16760.141
"5533",-16997.582
"5534",-16605.211
"5535",-17083.302
"5536",-16513.49
"5537",-16999.521
"5538",-17027.983
"5539",-16995.131
"5540",-16277.453
"5541",-16883.809
"5542",-16768.595
"5543",-16543.007
"5544",-16972.335
"5545",-16554.323
"5546",-16912.933
"5547",-16569.597
"5548",-17024.149
"5549",-16816.5
"5550",-16735.291
"5551",-16514.609
"5552",-16797.451
"5553",-16740.926
"5554",-16741.243
"5555",-16462.674
"5556",-16544.071
"5557",-16690.465
"5558",-17109.093
"5559",-16748.011
"5560",-16489.164
"5561",-16588.268
"5562",-16839.216
"5563",-16711.214
"5564",-16564.752
"5565",-16556.452
"5566",-16943.182
"5567",-16953.665
"5568",-17100.056
"5569",-17323.825
"5570",-16669.262
"5571",-16992.19
"5572",-17112.45
"5573",-17237.403
"5574",-16184.496
"5575",-16799.385
"5576",-16865.791
"5577",-16623.011
"5578",-16468.429
"5579",-16641.168
"5580",-16984.46
"5581",-16582.456
"5582",-16857.552
"5583",-17175.565
"5584",-17042.957
"5585",-16231.422
"5586",-17018.276
"5587",-16450.594
"5588",-16911.196
"5589",-16492.766
"5590",-16531.922
"5591",-16587.213
"5592",-16599.142
"5593",-16937.459
"5594",-16468.241
"5595",-16787.657
"5596",-16990.752
"5597",-16757.827
"5598",-17298.762
"5599",-16521.15
"5600",-17197.784
"5601",-16666.551
"5602",-16825.602
"5603",-16525.753
"5604",-16953.517
"5605",-16692.591
"5606",-16450.633
"5607",-17180.363
"5608",-16694.41
"5609",-16653.759
"5610",-17081.238
"5611",-16791.124
"5612",-16790.323
"5613",-16599.092
"5614",-16982.774
"5615",-16493.174
"5616",-17360.031
"5617",-16291.716
"5618",-17365.686
"5619",-16939.769
"5620",-16617.328
"5621",-16667.033
"5622",-16703.15
"5623",-16934.692
"5624",-16704.667
"5625",-16476.255
"5626",-16869.387
"5627",-16820.657
"5628",-16802.99
"5629",-16854.02
"5630",-17178.543
"5631",-16535.102
"5632",-17027.315
"5633",-17103.334
"5634",-16703.292
"5635",-16627.326
"5636",-16530.935
"5637",-16363.494
"5638",-16983.537
"5639",-16829.483
"5640",-16848.882
"5641",-16906.691
"5642",-16635.355
"5643",-16719.128
"5644",-16389.717
"5645",-17044.932
"5646",-17127.486
"5647",-16819.271
"5648",-16955.397
"5649",-16388.893
"5650",-16444.014
"5651",-16415.076
"5652",-16901.25
"5653",-16971.702
"5654",-16648.598
"5655",-16622.56
"5656",-16186.549
"5657",-16988.549
"5658",-16896.223
"5659",-16517.625
"5660",-16436.53
"5661",-16845.546
"5662",-16642.103
"5663",-16394.111
"5664",-16579.773
"5665",-16972.723
"5666",-16867.81
"5667",-16964.434
"5668",-16848.337
"5669",-16477.363
"5670",-16813.234
"5671",-17017.392
"5672",-16764.83
"5673",-17045.583
"5674",-17004.226
"5675",-17110.845
"5676",-16682.338
"5677",-16673.394
"5678",-16851.225
"5679",-17322.992
"5680",-16359.307
"5681",-16848.622
"5682",-16914.552
"5683",-16695.788
"5684",-17275.066
"5685",-16733.035
"5686",-16608.856
"5687",-16983.564
"5688",-16798.296
"5689",-17130.104
"5690",-16672.903
"5691",-17069.511
"5692",-16832.207
"5693",-16655.382
"5694",-16722.741
"5695",-16993.921
"5696",-16692.324
"5697",-16557.037
"5698",-16825.583
"5699",-16908.095
"5700",-16962.176
"5701",-16728.658
"5702",-16564.119
"5703",-17120.835
"5704",-16718.334
"5705",-17200.937
"5706",-16900.271
"5707",-16521.832
"5708",-16758.536
"5709",-16596.822
"5710",-17055.451
"5711",-16320.256
"5712",-17015.286
"5713",-16752.72
"5714",-16828.465
"5715",-16821.621
"5716",-16658.693
"5717",-17270.865
"5718",-16817.703
"5719",-16679.083
"5720",-17106.765
"5721",-17004.005
"5722",-16900.456
"5723",-16810.562
"5724",-16502.968
"5725",-16730.789
"5726",-17066.643
"5727",-16425.764
"5728",-16722.368
"5729",-16538.812
"5730",-17308.505
"5731",-16915.43
"5732",-16977.642
"5733",-16846.592
"5734",-16954.742
"5735",-16730.056
"5736",-16938.002
"5737",-16838.978
"5738",-17132.421
"5739",-16425.319
"5740",-16662.787
"5741",-16720.829
"5742",-16810.4
"5743",-16748.868
"5744",-16591.949
"5745",-17013.201
"5746",-16968.68
"5747",-16611.806
"5748",-16324.329
"5749",-16911.923
"5750",-16673.083
"5751",-16672.259
"5752",-17041.068
"5753",-16354.127
"5754",-17089.812
"5755",-16907.918
"5756",-16162.299
"5757",-17141.224
"5758",-16622.81
"5759",-16796.876
"5760",-16676.083
"5761",-16907.081
"5762",-16688.081
"5763",-16979.112
"5764",-16449.338
"5765",-17005.724
"5766",-17210.794
"5767",-16190.826
"5768",-16580.521
"5769",-16772.617
"5770",-16527.397
"5771",-17071.802
"5772",-17102.52
"5773",-16797.44
"5774",-16533.199
"5775",-16336.274
"5776",-16567.168
"5777",-17129.699
"5778",-16653.321
"5779",-16986.121
"5780",-16893.164
"5781",-16558.668
"5782",-16655.43
"5783",-16427.863
"5784",-16283.453
"5785",-16936.46
"5786",-16956.244
"5787",-17005.761
"5788",-16940.089
"5789",-16561.769
"5790",-16389.234
"5791",-16434.631
"5792",-16726.354
"5793",-16921.649
"5794",-16904.761
"5795",-17026.633
"5796",-16963.126
"5797",-17268.896
"5798",-16478.466
"5799",-16041.493
"5800",-16664.641
"5801",-16895.498
"5802",-17240.025
"5803",-17058.466
"5804",-16753.538
"5805",-16716.298
"5806",-17190.904
"5807",-16793.438
"5808",-16818.117
"5809",-16940.453
"5810",-16736.823
"5811",-16454.964
"5812",-16406.826
"5813",-16936.209
"5814",-17160.197
"5815",-16414.579
"5816",-16880.803
"5817",-16911.171
"5818",-16826.778
"5819",-16391.723
"5820",-17396.781
"5821",-16740.409
"5822",-16856.922
"5823",-16734.142
"5824",-17017.507
"5825",-16861.261
"5826",-16373.224
"5827",-16559.674
"5828",-17112.123
"5829",-17017.578
"5830",-16830.656
"5831",-16306.853
"5832",-17098.877
"5833",-16223.869
"5834",-16560.936
"5835",-16536.396
"5836",-17350.025
"5837",-16809.177
"5838",-16794.106
"5839",-16537.325
"5840",-17127.272
"5841",-16755.639
"5842",-16566.844
"5843",-16576.156
"5844",-17205.027
"5845",-16729.583
"5846",-16789.344
"5847",-16531.751
"5848",-16539.569
"5849",-16768.289
"5850",-16815.464
"5851",-16532.107
"5852",-16887.873
"5853",-16792.734
"5854",-16693.043
"5855",-16594.929
"5856",-17040.5
"5857",-16905.66
"5858",-16825.081
"5859",-16481.213
"5860",-16374.621
"5861",-17357.533
"5862",-16583.188
"5863",-17059.644
"5864",-16717.899
"5865",-16556.708
"5866",-17064.43
"5867",-17255.22
"5868",-16864.869
"5869",-16873.133
"5870",-17024.456
"5871",-17057.973
"5872",-16845.779
"5873",-17206.457
"5874",-16474.274
"5875",-16912.844
"5876",-17119.417
"5877",-16792.111
"5878",-16456.484
"5879",-17042.567
"5880",-16610.832
"5881",-16852.083
"5882",-17443.734
"5883",-17244.985
"5884",-17466.876
"5885",-16720.712
"5886",-16599.231
"5887",-17130.6
"5888",-16562.07
"5889",-17025.644
"5890",-16772.695
"5891",-16919.856
"5892",-16852.719
"5893",-16973.349
"5894",-17106.558
"5895",-16676.328
"5896",-16886.056
"5897",-16721.571
"5898",-17066.169
"5899",-16740.263
"5900",-17155.525
"5901",-16272.227
"5902",-16641.04
"5903",-17158.94
"5904",-16883.371
"5905",-17278.306
"5906",-16821.628
"5907",-16951.349
"5908",-16933.378
"5909",-16951.648
"5910",-16565.594
"5911",-16333.073
"5912",-16385.733
"5913",-16523.893
"5914",-16950.814
"5915",-17234.315
"5916",-17035.721
"5917",-16937.519
"5918",-16349.176
"5919",-16875.874
"5920",-17328.312
"5921",-16786.276
"5922",-16510.032
"5923",-16756.267
"5924",-17024.154
"5925",-17211.157
"5926",-16694.736
"5927",-16872.509
"5928",-16972.097
"5929",-17171.534
"5930",-16989.985
"5931",-16936.92
"5932",-16939.454
"5933",-17142.946
"5934",-17158.252
"5935",-16674.354
"5936",-17226.503
"5937",-16680.842
"5938",-16657.986
"5939",-16735.876
"5940",-16993.392
"5941",-16695.011
"5942",-16771.367
"5943",-16753.717
"5944",-17284.769
"5945",-16550.637
"5946",-16896.063
"5947",-16747.435
"5948",-16728.213
"5949",-16647.783
"5950",-16441.828
"5951",-16756.527
"5952",-16733.935
"5953",-16763.357
"5954",-16710.447
"5955",-16414.551
"5956",-16586.121
"5957",-16883.106
"5958",-17061.792
"5959",-17160.974
"5960",-16856.419
"5961",-16632.642
"5962",-16321.762
"5963",-17074.087
"5964",-16797.536
"5965",-17201.566
"5966",-16811.548
"5967",-17505.507
"5968",-16971.5
"5969",-16898.679
"5970",-16575.573
"5971",-16985.625
"5972",-16966.517
"5973",-16856.616
"5974",-16777.851
"5975",-16944.954
"5976",-16805.581
"5977",-16361.392
"5978",-17153.875
"5979",-17035.611
"5980",-17499.353
"5981",-16729.244
"5982",-16910.415
"5983",-16576.571
"5984",-16895.522
"5985",-16280.288
"5986",-16760.827
"5987",-16541.098
"5988",-16729.93
"5989",-16920.18
"5990",-16782.651
"5991",-16669.171
"5992",-17145.14
"5993",-16789.261
"5994",-16220.766
"5995",-17037.4
"5996",-16661.153
"5997",-16985.122
"5998",-16769.825
"5999",-16137.499
"6000",-17273.062
"6001",-17163.617
"6002",-16739.155
"6003",-17116.223
"6004",-16262.803
"6005",-16853.091
"6006",-16989.787
"6007",-17131.287
"6008",-16848.414
"6009",-16998.515
"6010",-16786.887
"6011",-17157.986
"6012",-16672.317
"6013",-16915.614
"6014",-16683.474
"6015",-17298.495
"6016",-17280.571
"6017",-16771.908
"6018",-16296.762
"6019",-16913.342
"6020",-16577.278
"6021",-16993.576
"6022",-16871.166
"6023",-16600.54
"6024",-16985.848
"6025",-16529.839
"6026",-16522.809
"6027",-17000.584
"6028",-17279.52
"6029",-16526.513
"6030",-17214.806
"6031",-17423.091
"6032",-16596.252
"6033",-17117.158
"6034",-17155.964
"6035",-16484.279
"6036",-16997.494
"6037",-16149.547
"6038",-17031.678
"6039",-16608.543
"6040",-16416.813
"6041",-17355.232
"6042",-16913.626
"6043",-17134.891
"6044",-16577.737
"6045",-16645.873
"6046",-17093.496
"6047",-16557.374
"6048",-16797.933
"6049",-16943.229
"6050",-16758.445
"6051",-16683.566
"6052",-16836.09
"6053",-17456.988
"6054",-16936.902
"6055",-16860.727
"6056",-16835.056
"6057",-16382.681
"6058",-16794.13
"6059",-16764.733
"6060",-17222.846
"6061",-16670.898
"6062",-16445.015
"6063",-17020.411
"6064",-16633.263
"6065",-16591.368
"6066",-16886.81
"6067",-17175.363
"6068",-17185.167
"6069",-16831.789
"6070",-17070.062
"6071",-16927.059
"6072",-16616.818
"6073",-16881.065
"6074",-16956.165
"6075",-16638.708
"6076",-17148.183
"6077",-17185.134
"6078",-16939.326
"6079",-16756.954
"6080",-17034.526
"6081",-16969.835
"6082",-16646.117
"6083",-16783.025
"6084",-16707.883
"6085",-17048.857
"6086",-17266.055
"6087",-16651.398
"6088",-16109.644
"6089",-16414.009
"6090",-16714.918
"6091",-17153.105
"6092",-16656.193
"6093",-17346.905
"6094",-16903.516
"6095",-17076.36
"6096",-16711.018
"6097",-17103.275
"6098",-16578.709
"6099",-16703.972
"6100",-17043.347
"6101",-17233.803
"6102",-16280.804
"6103",-16872.678
"6104",-17481.127
"6105",-16972.502
"6106",-15880.308
"6107",-16565.635
"6108",-17011.438
"6109",-17459.259
"6110",-16802.485
"6111",-17267.412
"6112",-16801.134
"6113",-16912.088
"6114",-16630.82
"6115",-16568.381
"6116",-16777.21
"6117",-16874.163
"6118",-16748.115
"6119",-16879.372
"6120",-17065.453
"6121",-16905.94
"6122",-16664.467
"6123",-16891.651
"6124",-16930.985
"6125",-16615.634
"6126",-16941.47
"6127",-17101.425
"6128",-17075.811
"6129",-16968.123
"6130",-16550.794
"6131",-16950.799
"6132",-17171.323
"6133",-16618.279
"6134",-16782.059
"6135",-16767.756
"6136",-16798.725
"6137",-16590.325
"6138",-17261.798
"6139",-16917.699
"6140",-16692.23
"6141",-17091.134
"6142",-16727.768
"6143",-16750.964
"6144",-16957.188
"6145",-17007.249
"6146",-16717.69
"6147",-16888.707
"6148",-16553.096
"6149",-17108.426
"6150",-16821.743
"6151",-16931.586
"6152",-17176.786
"6153",-16788.245
"6154",-16835.037
"6155",-16667.084
"6156",-16818.527
"6157",-17026.839
"6158",-17162.565
"6159",-17004.56
"6160",-16732.126
"6161",-16780.111
"6162",-16707.3
"6163",-16380.494
"6164",-16634.989
"6165",-16812.704
"6166",-16609.952
"6167",-17109.88
"6168",-16778.406
"6169",-16703.956
"6170",-16723.98
"6171",-16835.365
"6172",-16746.425
"6173",-16843.526
"6174",-16813.995
"6175",-16883.372
"6176",-16698.902
"6177",-16880.759
"6178",-16565.162
"6179",-16629.02
"6180",-16579.403
"6181",-16753.114
"6182",-17165.916
"6183",-16456.212
"6184",-17095.218
"6185",-17098.882
"6186",-17209.245
"6187",-16352.373
"6188",-16847.417
"6189",-16832.526
"6190",-16762.875
"6191",-16981.064
"6192",-16548.735
"6193",-17103.989
"6194",-16896.872
"6195",-16840.196
"6196",-17090.373
"6197",-16783.18
"6198",-17352.3
"6199",-17084.189
"6200",-16757.285
"6201",-16935.558
"6202",-16933.119
"6203",-17051.637
"6204",-16629.865
"6205",-17159.092
"6206",-17009.661
"6207",-16902.919
"6208",-16756.373
"6209",-16958.701
"6210",-16540.315
"6211",-16859.077
"6212",-16923.217
"6213",-17231.787
"6214",-17243.546
"6215",-16900.96
"6216",-17287.919
"6217",-17277.119
"6218",-16858.661
"6219",-16790.984
"6220",-16237.916
"6221",-17295.597
"6222",-16527.07
"6223",-16675.632
"6224",-17082.649
"6225",-16905.615
"6226",-16981.576
"6227",-16834.009
"6228",-16422.156
"6229",-16525.794
"6230",-17139.153
"6231",-16951.97
"6232",-16693.341
"6233",-17188.682
"6234",-16547.874
"6235",-16883.451
"6236",-16793.12
"6237",-17090.061
"6238",-16686.329
"6239",-16413.896
"6240",-16822.66
"6241",-17087.354
"6242",-16639.501
"6243",-17218.314
"6244",-16885.459
"6245",-16762.151
"6246",-16930.474
"6247",-16681
"6248",-16954.247
"6249",-16994.078
"6250",-16673.307
"6251",-16637.659
"6252",-16577.471
"6253",-16308.2
"6254",-16697.401
"6255",-17558.503
"6256",-16959.408
"6257",-17148.495
"6258",-17167.697
"6259",-17064.025
"6260",-16580.911
"6261",-17167.42
"6262",-17006.929
"6263",-16829.423
"6264",-16845.73
"6265",-17086.45
"6266",-16903.502
"6267",-17070.887
"6268",-16753.177
"6269",-16865.099
"6270",-16703.276
"6271",-16639.535
"6272",-16630.053
"6273",-16769.774
"6274",-16590.579
"6275",-16614.255
"6276",-16894.247
"6277",-17057.846
"6278",-16564.318
"6279",-16753.106
"6280",-16908.665
"6281",-16589.007
"6282",-17176.898
"6283",-16885.952
"6284",-16829.589
"6285",-17057.655
"6286",-16349.474
"6287",-16502.042
"6288",-16739.594
"6289",-16949.785
"6290",-16412.254
"6291",-16746.031
"6292",-16814.198
"6293",-16925.014
"6294",-16970.713
"6295",-16808.895
"6296",-16750.361
"6297",-16474.282
"6298",-17108.168
"6299",-16815.071
"6300",-17048.353
"6301",-16930.913
"6302",-16516.319
"6303",-16500.098
"6304",-16813.172
"6305",-17106.041
"6306",-16642.692
"6307",-17474.51
"6308",-16875.747
"6309",-16857.463
"6310",-16994.424
"6311",-16884.772
"6312",-16972.843
"6313",-17011.362
"6314",-17072.14
"6315",-17420.01
"6316",-17324.079
"6317",-16835.802
"6318",-16806.211
"6319",-16773.642
"6320",-17157.203
"6321",-17003.915
"6322",-16452.113
"6323",-16988.176
"6324",-17047.584
"6325",-16953.214
"6326",-16340.183
"6327",-17302.554
"6328",-16931.586
"6329",-16885.962
"6330",-16972.742
"6331",-16549.127
"6332",-16748.508
"6333",-16538.821
"6334",-17026.166
"6335",-16892.317
"6336",-16846.461
"6337",-16990.43
"6338",-16804.324
"6339",-17181.848
"6340",-16710.278
"6341",-16846.064
"6342",-16834.805
"6343",-17115.894
"6344",-16798.471
"6345",-16572.066
"6346",-16656.327
"6347",-17032.261
"6348",-17179.061
"6349",-16652.62
"6350",-17274.589
"6351",-17184.183
"6352",-16782.61
"6353",-16950.954
"6354",-17315.189
"6355",-16856.835
"6356",-17041.692
"6357",-16743.957
"6358",-17539.14
"6359",-16944.554
"6360",-16367.2
"6361",-16742.071
"6362",-16645.802
"6363",-16695.94
"6364",-16469.559
"6365",-16788.405
"6366",-17003.516
"6367",-17042.051
"6368",-16676.785
"6369",-17095.213
"6370",-16494.491
"6371",-16472.394
"6372",-16850.254
"6373",-16328.159
"6374",-16989.204
"6375",-17212.708
"6376",-17161.834
"6377",-17032.226
"6378",-17232.846
"6379",-16602.371
"6380",-16996.934
"6381",-17217.117
"6382",-17245.664
"6383",-16438.169
"6384",-16715.851
"6385",-16957.906
"6386",-16788.283
"6387",-16812.314
"6388",-16631.24
"6389",-16490.478
"6390",-16954.373
"6391",-16757.11
"6392",-16589.751
"6393",-16900.382
"6394",-16741.987
"6395",-16371.177
"6396",-16907.437
"6397",-16995.113
"6398",-17276.179
"6399",-17073.1
"6400",-17055.232
"6401",-16902.286
"6402",-17040.268
"6403",-16513.844
"6404",-16750.066
"6405",-17093.85
"6406",-16932.521
"6407",-16567.78
"6408",-16784.017
"6409",-16796.026
"6410",-17137.391
"6411",-16798.161
"6412",-16956.288
"6413",-17160.411
"6414",-16892.016
"6415",-17028.955
"6416",-16409.23
"6417",-16848.319
"6418",-17300.598
"6419",-16856.605
"6420",-16641.986
"6421",-17127.816
"6422",-17409.051
"6423",-16661.506
"6424",-17169.649
"6425",-16965.204
"6426",-16864.626
"6427",-16618.209
"6428",-17132.539
"6429",-16882.245
"6430",-16819.467
"6431",-16693.89
"6432",-16756.445
"6433",-16611.65
"6434",-16600.482
"6435",-16629.499
"6436",-17214.86
"6437",-16881.338
"6438",-16608.589
"6439",-16635.919
"6440",-16767.591
"6441",-16580.443
"6442",-16212.155
"6443",-16506.879
"6444",-17013.413
"6445",-17049.787
"6446",-16737.081
"6447",-17267.716
"6448",-16791.232
"6449",-16762.98
"6450",-16661.534
"6451",-16824.228
"6452",-16675.071
"6453",-16931.401
"6454",-16990.838
"6455",-16957.705
"6456",-16901.329
"6457",-16673.571
"6458",-16922.701
"6459",-16442.408
"6460",-16848.78
"6461",-16243.422
"6462",-16868.96
"6463",-17039.553
"6464",-16900.137
"6465",-16666.122
"6466",-17025.674
"6467",-16798.695
"6468",-16805.321
"6469",-16614.063
"6470",-16904.054
"6471",-16667.523
"6472",-16843.88
"6473",-16660.553
"6474",-16529.531
"6475",-16502.876
"6476",-16681.081
"6477",-16787.492
"6478",-16991.133
"6479",-16908.667
"6480",-16744.716
"6481",-16995.982
"6482",-16622.207
"6483",-16456.691
"6484",-17102.61
"6485",-16891.13
"6486",-16753.014
"6487",-17243.885
"6488",-16733.066
"6489",-16758.86
"6490",-16872.144
"6491",-16644.182
"6492",-16816.141
"6493",-16945.888
"6494",-16862.029
"6495",-16405.683
"6496",-16599.692
"6497",-16750.269
"6498",-16515.06
"6499",-16955.787
"6500",-16707.084
"6501",-16508.285
"6502",-16637.161
"6503",-16783.273
"6504",-16750.088
"6505",-16392.515
"6506",-16636.873
"6507",-17086.306
"6508",-16474.77
"6509",-16737.931
"6510",-17222.066
"6511",-16665.106
"6512",-16708.569
"6513",-16712.117
"6514",-16890.939
"6515",-16913.496
"6516",-17100.996
"6517",-16639.962
"6518",-16935.402
"6519",-17090.747
"6520",-16539.022
"6521",-16579.653
"6522",-16749.267
"6523",-16841.084
"6524",-16394.024
"6525",-16754.978
"6526",-17096.275
"6527",-16631.641
"6528",-16926.787
"6529",-16660.669
"6530",-16281.455
"6531",-17154.981
"6532",-16805.963
"6533",-16792.902
"6534",-16894.064
"6535",-16428.643
"6536",-16882.913
"6537",-17067.047
"6538",-16772.854
"6539",-16615.271
"6540",-16321.489
"6541",-17026.822
"6542",-17117.334
"6543",-16291.232
"6544",-16559.221
"6545",-16980.177
"6546",-17011.206
"6547",-16601.32
"6548",-17313.169
"6549",-16819.047
"6550",-17707.37
"6551",-16682.796
"6552",-16842.039
"6553",-17177.769
"6554",-17030.96
"6555",-16786.288
"6556",-17040.74
"6557",-16856.112
"6558",-16963.64
"6559",-17139.833
"6560",-16485.869
"6561",-16835.127
"6562",-16853.791
"6563",-16825.129
"6564",-16438.169
"6565",-16453.083
"6566",-16911.639
"6567",-16685.684
"6568",-16584.366
"6569",-17057.925
"6570",-16881.498
"6571",-16934.032
"6572",-16925.353
"6573",-16538.106
"6574",-17078.825
"6575",-17107.412
"6576",-17099.798
"6577",-17139.085
"6578",-17491.219
"6579",-16516.716
"6580",-17385.05
"6581",-16979.182
"6582",-16871.175
"6583",-16474.206
"6584",-16722.685
"6585",-16492.182
"6586",-16718.299
"6587",-16921.389
"6588",-17407.6
"6589",-17181.024
"6590",-17264.645
"6591",-17118.482
"6592",-17256.249
"6593",-17018.799
"6594",-16620.085
"6595",-16921.341
"6596",-16915.429
"6597",-16579.367
"6598",-16420.336
"6599",-16719.072
"6600",-17295.982
"6601",-16672.885
"6602",-16828.79
"6603",-16982.319
"6604",-16895.875
"6605",-16822.164
"6606",-16621.647
"6607",-16947.847
"6608",-16624.197
"6609",-16669.832
"6610",-17008.016
"6611",-16690.577
"6612",-17355.375
"6613",-16814.97
"6614",-16899.635
"6615",-17489.325
"6616",-17467.294
"6617",-16915.837
"6618",-17587.541
"6619",-17046.719
"6620",-16951.338
"6621",-16929.725
"6622",-16581.01
"6623",-16711.222
"6624",-16410.86
"6625",-17138.989
"6626",-16943.315
"6627",-16926.963
"6628",-17020.217
"6629",-17153.219
"6630",-16699.958
"6631",-16559.001
"6632",-16572.612
"6633",-16592.057
"6634",-16984.008
"6635",-16908.041
"6636",-16758.495
"6637",-16943.042
"6638",-16785.986
"6639",-17085.366
"6640",-16845.788
"6641",-17199.442
"6642",-17012.052
"6643",-16774.365
"6644",-16906.785
"6645",-16309.011
"6646",-16969.385
"6647",-17255.395
"6648",-16640.332
"6649",-16837.269
"6650",-16411.777
"6651",-16630.988
"6652",-16611.53
"6653",-16577.106
"6654",-16423.016
"6655",-17149.216
"6656",-16499.66
"6657",-16625.265
"6658",-16674.158
"6659",-16534.418
"6660",-16651.124
"6661",-16974.72
"6662",-16957.315
"6663",-17129.265
"6664",-16632.066
"6665",-16709.607
"6666",-17152.177
"6667",-16912.036
"6668",-16634.952
"6669",-17097.586
"6670",-16728.435
"6671",-16790.413
"6672",-16887.888
"6673",-17434.53
"6674",-16940.427
"6675",-16585.402
"6676",-16980.866
"6677",-16928.811
"6678",-16790.218
"6679",-16645.806
"6680",-16814.7
"6681",-16846.234
"6682",-16964.967
"6683",-16552.9
"6684",-16999.977
"6685",-17278.788
"6686",-16768.64
"6687",-16823.62
"6688",-16747.756
"6689",-16821.44
"6690",-17080.482
"6691",-17615.214
"6692",-16928.104
"6693",-17008.044
"6694",-17061.01
"6695",-16776.554
"6696",-16909.122
"6697",-16834.06
"6698",-17072.969
"6699",-16734.497
"6700",-16806.927
"6701",-16669.618
"6702",-16744.441
"6703",-17225.166
"6704",-16565.27
"6705",-16616.32
"6706",-17062.645
"6707",-16518.947
"6708",-16557.846
"6709",-16838.833
"6710",-16920.942
"6711",-17039.765
"6712",-16792.849
"6713",-16322.601
"6714",-16650.036
"6715",-16899.584
"6716",-16711.778
"6717",-16868.308
"6718",-17406.523
"6719",-16678.024
"6720",-17295.379
"6721",-17064.529
"6722",-16987.555
"6723",-17053.508
"6724",-16153.928
"6725",-16366.828
"6726",-16501.371
"6727",-16761.364
"6728",-16649.993
"6729",-16755.274
"6730",-17143.931
"6731",-16637.371
"6732",-16892.214
"6733",-16605.62
"6734",-16804.89
"6735",-16901.338
"6736",-16717.067
"6737",-17202.512
"6738",-17175.087
"6739",-16677.296
"6740",-16619.348
"6741",-16933.607
"6742",-16909.698
"6743",-16553.767
"6744",-16489.612
"6745",-17040.288
"6746",-16415.509
"6747",-17051.008
"6748",-16661.119
"6749",-16351.89
"6750",-16726.869
"6751",-16659.806
"6752",-16972.697
"6753",-17084.869
"6754",-17123.34
"6755",-16718.496
"6756",-16630.185
"6757",-16825.199
"6758",-17165.88
"6759",-16549.554
"6760",-17010.845
"6761",-16867.115
"6762",-16431.197
"6763",-16987
"6764",-16704.839
"6765",-16905.929
"6766",-17402.23
"6767",-17407.463
"6768",-16671.605
"6769",-16544.896
"6770",-16979.949
"6771",-16798.67
"6772",-16965.057
"6773",-17494.212
"6774",-16818.033
"6775",-16549.797
"6776",-17074.558
"6777",-17071.359
"6778",-16397.187
"6779",-16332.69
"6780",-16308.123
"6781",-16894.766
"6782",-16643.151
"6783",-16429.572
"6784",-16858.453
"6785",-17052.55
"6786",-16624.817
"6787",-16776.768
"6788",-16643.315
"6789",-16482.386
"6790",-17703.229
"6791",-16607.678
"6792",-16682.095
"6793",-16866.681
"6794",-16605.612
"6795",-16932.787
"6796",-17078.984
"6797",-16474.423
"6798",-16663.679
"6799",-16748.334
"6800",-17027.114
"6801",-16564.397
"6802",-16897.342
"6803",-16702.357
"6804",-17010.787
"6805",-16440.19
"6806",-16981.749
"6807",-16603.782
"6808",-16543.996
"6809",-16886.492
"6810",-16567.9
"6811",-16938.564
"6812",-16561.332
"6813",-16777.122
"6814",-17138.642
"6815",-16924.571
"6816",-16985.765
"6817",-17005.414
"6818",-17141.293
"6819",-17037.192
"6820",-16709.753
"6821",-16570.536
"6822",-17505.532
"6823",-16914.005
"6824",-16693.026
"6825",-16762.194
"6826",-17096.252
"6827",-17173.463
"6828",-17221.868
"6829",-16922.092
"6830",-17552.481
"6831",-16826.597
"6832",-16904.056
"6833",-16804.328
"6834",-16563.077
"6835",-17555.822
"6836",-16448.665
"6837",-16735.052
"6838",-16861.543
"6839",-16947.418
"6840",-16849.822
"6841",-16392.585
"6842",-16622.388
"6843",-17007.035
"6844",-16467.386
"6845",-16784.807
"6846",-16555.018
"6847",-17028.238
"6848",-16852.549
"6849",-16725.768
"6850",-17026.605
"6851",-16899.567
"6852",-16153.438
"6853",-16544.174
"6854",-16711.431
"6855",-16787.193
"6856",-16877.724
"6857",-16663.314
"6858",-17104.859
"6859",-17203.519
"6860",-16914.985
"6861",-17001.319
"6862",-17161.857
"6863",-16892.175
"6864",-16821.315
"6865",-16735.2
"6866",-16907.769
"6867",-16581.951
"6868",-16762.544
"6869",-16551.996
"6870",-16630.016
"6871",-16998.816
"6872",-16959.576
"6873",-16964.159
"6874",-16819.394
"6875",-16926.902
"6876",-16560.741
"6877",-17184.708
"6878",-16998.161
"6879",-17089.683
"6880",-17253.622
"6881",-16912.054
"6882",-16843.709
"6883",-17249.495
"6884",-16857.665
"6885",-16744.071
"6886",-16636.026
"6887",-16738.399
"6888",-16175.201
"6889",-16465.773
"6890",-16976.16
"6891",-16417.137
"6892",-16894.615
"6893",-16575.934
"6894",-17018.87
"6895",-17031.09
"6896",-16760.356
"6897",-16618.44
"6898",-16907.717
"6899",-16658.308
"6900",-16366.882
"6901",-16943.811
"6902",-17018.306
"6903",-16751.501
"6904",-16369.252
"6905",-16784.589
"6906",-17109.912
"6907",-16783.37
"6908",-16762.935
"6909",-16653.056
"6910",-16770.817
"6911",-16688.942
"6912",-17013.38
"6913",-16919.051
"6914",-17184.509
"6915",-16859.438
"6916",-16898.471
"6917",-17282.015
"6918",-16906.357
"6919",-17055.22
"6920",-16507.923
"6921",-16780.35
"6922",-16873.916
"6923",-16694.704
"6924",-16828.947
"6925",-16321.713
"6926",-17187.532
"6927",-17235.457
"6928",-16835.263
"6929",-16663.013
"6930",-16982.672
"6931",-16639.506
"6932",-16817.182
"6933",-17196.878
"6934",-16559.405
"6935",-16767.141
"6936",-16812.829
"6937",-16675.536
"6938",-16567.033
"6939",-17015.147
"6940",-16934.855
"6941",-16384.908
"6942",-17167.331
"6943",-16851.174
"6944",-16702.13
"6945",-17171.741
"6946",-16953.14
"6947",-17100.889
"6948",-16574.519
"6949",-16696.583
"6950",-16585.239
"6951",-16748.658
"6952",-17430.054
"6953",-16491.677
"6954",-16899.083
"6955",-17000.243
"6956",-17130.231
"6957",-16946.501
"6958",-16873.177
"6959",-16861.743
"6960",-16452.34
"6961",-16888.028
"6962",-16650.954
"6963",-17094.633
"6964",-17439.5
"6965",-16757.985
"6966",-17158.018
"6967",-16642.504
"6968",-16867.44
"6969",-16403.223
"6970",-16786.514
"6971",-16857.764
"6972",-16565.983
"6973",-16617.528
"6974",-16715.753
"6975",-16632.595
"6976",-16449.537
"6977",-16568.803
"6978",-16705.282
"6979",-16722.646
"6980",-16932.858
"6981",-17123.661
"6982",-17287.463
"6983",-16965.139
"6984",-16647.212
"6985",-16557.791
"6986",-16669.692
"6987",-16984.664
"6988",-16937.308
"6989",-16983.945
"6990",-16746.052
"6991",-17109.833
"6992",-17006.217
"6993",-17255.259
"6994",-16645.098
"6995",-16515.25
"6996",-16931.206
"6997",-16582.13
"6998",-16722.232
"6999",-17355.664
"7000",-17001.591
"7001",-16952.037
"7002",-16785.15
"7003",-16846.461
"7004",-16732.436
"7005",-17200.079
"7006",-16697.283
"7007",-16525.759
"7008",-16962.023
"7009",-16464.423
"7010",-16860.19
"7011",-16942.631
"7012",-16985.642
"7013",-16635.901
"7014",-16600.286
"7015",-16908.26
"7016",-17045.442
"7017",-16394.264
"7018",-16981.827
"7019",-16947.751
"7020",-16627.805
"7021",-17046.388
"7022",-16409.77
"7023",-16855.997
"7024",-16606.699
"7025",-16677.172
"7026",-17039.721
"7027",-16875.475
"7028",-17085.166
"7029",-16736.469
"7030",-16847.156
"7031",-16709.829
"7032",-16671.939
"7033",-17317.327
"7034",-17000.463
"7035",-16677.836
"7036",-16845.477
"7037",-16623.282
"7038",-17038.521
"7039",-16892.367
"7040",-16995.675
"7041",-16758.706
"7042",-16666.585
"7043",-17101.073
"7044",-17041.861
"7045",-16644.485
"7046",-16883.012
"7047",-16553.723
"7048",-16568.027
"7049",-16760.641
"7050",-17226.303
"7051",-16670.143
"7052",-17045.446
"7053",-16865.909
"7054",-16587.909
"7055",-16822.607
"7056",-16860.774
"7057",-17012.264
"7058",-16999.337
"7059",-16694.728
"7060",-16588.746
"7061",-17160.592
"7062",-16772.45
"7063",-17105.653
"7064",-16741.247
"7065",-16784.299
"7066",-17272.422
"7067",-16712.452
"7068",-16703.559
"7069",-16441.583
"7070",-16564.878
"7071",-17119.233
"7072",-16951.22
"7073",-16741.251
"7074",-17040.478
"7075",-16538.474
"7076",-17235.257
"7077",-16811.324
"7078",-16436.501
"7079",-16738.516
"7080",-16317.587
"7081",-16444.492
"7082",-16682.953
"7083",-16858.815
"7084",-17038.444
"7085",-16968.566
"7086",-16795.503
"7087",-17105.96
"7088",-17360.287
"7089",-16888.973
"7090",-16702.511
"7091",-16860.99
"7092",-17055.907
"7093",-16823.481
"7094",-16694.251
"7095",-16589.684
"7096",-17293.208
"7097",-16550.801
"7098",-16751.841
"7099",-16718.922
"7100",-17075.78
"7101",-16377.447
"7102",-16437.509
"7103",-16442.303
"7104",-16593.579
"7105",-17024.57
"7106",-16893.607
"7107",-16899.219
"7108",-17074.981
"7109",-17010.265
"7110",-17239.751
"7111",-16874.749
"7112",-16811.714
"7113",-16697.109
"7114",-17076.824
"7115",-16714.497
"7116",-16912.882
"7117",-17184.82
"7118",-16561.134
"7119",-16762.938
"7120",-16910.269
"7121",-16445.856
"7122",-17271.125
"7123",-16707.17
"7124",-16337.897
"7125",-17133.545
"7126",-16955.929
"7127",-16563.162
"7128",-16883.022
"7129",-16839.466
"7130",-16786.092
"7131",-16797.45
"7132",-16632.994
"7133",-16950.503
"7134",-16248.614
"7135",-16756.409
"7136",-16822.402
"7137",-16551.346
"7138",-16910.449
"7139",-17095.535
"7140",-16787.1
"7141",-16941.525
"7142",-16959.208
"7143",-16317.363
"7144",-16516.008
"7145",-16239.208
"7146",-16379.579
"7147",-16913.834
"7148",-16907.83
"7149",-16357.922
"7150",-17115.752
"7151",-16970.558
"7152",-16655.93
"7153",-17155.518
"7154",-17103.665
"7155",-16554.899
"7156",-16681.819
"7157",-17189.872
"7158",-17029.876
"7159",-16831.775
"7160",-16823.992
"7161",-16732.637
"7162",-16679.016
"7163",-16870.125
"7164",-16077.543
"7165",-17049.247
"7166",-16741.04
"7167",-17386.28
"7168",-16808.504
"7169",-17143.162
"7170",-16994.565
"7171",-16963.654
"7172",-16960.275
"7173",-16608.398
"7174",-16671.216
"7175",-16743.065
"7176",-17140.255
"7177",-17117.314
"7178",-16990.717
"7179",-17015.369
"7180",-17301.477
"7181",-16075.945
"7182",-17159.047
"7183",-16532.439
"7184",-16961.285
"7185",-16773.972
"7186",-16779.715
"7187",-16524.879
"7188",-16734.693
"7189",-16741.263
"7190",-17167.624
"7191",-17366.45
"7192",-17503.344
"7193",-16740.739
"7194",-17106.554
"7195",-16499.366
"7196",-17142.137
"7197",-16956.911
"7198",-16415.92
"7199",-17257.948
"7200",-17041.718
"7201",-17252.596
"7202",-16761.16
"7203",-16687.533
"7204",-16786.035
"7205",-16966.784
"7206",-16670.346
"7207",-17154.134
"7208",-16903.073
"7209",-16886.843
"7210",-16440.477
"7211",-16717.18
"7212",-17096.844
"7213",-16504.072
"7214",-17028.093
"7215",-16401.134
"7216",-16590.201
"7217",-17129.036
"7218",-16680.604
"7219",-16238.743
"7220",-16747.538
"7221",-16677.787
"7222",-17093.01
"7223",-16543.965
"7224",-16957.239
"7225",-16756.792
"7226",-16804.688
"7227",-16738
"7228",-16988.74
"7229",-16931.257
"7230",-16921.37
"7231",-16749.339
"7232",-16782.29
"7233",-16611.863
"7234",-16551.573
"7235",-17201.804
"7236",-16452.259
"7237",-17016.538
"7238",-16428.642
"7239",-16250.111
"7240",-16345.466
"7241",-17057.05
"7242",-16751.44
"7243",-16825.369
"7244",-16909.566
"7245",-16841.66
"7246",-16575.938
"7247",-16664.716
"7248",-16682.346
"7249",-16797.254
"7250",-16952.108
"7251",-16624.796
"7252",-16863.924
"7253",-17148.99
"7254",-16662.013
"7255",-16422.204
"7256",-17048.04
"7257",-16801.663
"7258",-16958.394
"7259",-17098.851
"7260",-16528.695
"7261",-16741.799
"7262",-16951.015
"7263",-16206.073
"7264",-17028.667
"7265",-16393.002
"7266",-16935.901
"7267",-16932.748
"7268",-16352.295
"7269",-16733.307
"7270",-17277.933
"7271",-16698.106
"7272",-16748.758
"7273",-16859.685
"7274",-16687.193
"7275",-16983.676
"7276",-16712.578
"7277",-17326.546
"7278",-16962.029
"7279",-16740.697
"7280",-16887.02
"7281",-16999.831
"7282",-17371.33
"7283",-16929.086
"7284",-16563.987
"7285",-16838.502
"7286",-17075.827
"7287",-17065.213
"7288",-16640.012
"7289",-16911.681
"7290",-17016.127
"7291",-16649.765
"7292",-16741.713
"7293",-16579.85
"7294",-16944.466
"7295",-16444.856
"7296",-16636.253
"7297",-16894.994
"7298",-16443.33
"7299",-16837.779
"7300",-16681.484
"7301",-16954.22
"7302",-16989.11
"7303",-16815.648
"7304",-16693.002
"7305",-17094.779
"7306",-16703.038
"7307",-17172.366
"7308",-16470.031
"7309",-16720.44
"7310",-16603.586
"7311",-16946.311
"7312",-17036.13
"7313",-16817.492
"7314",-16918.691
"7315",-16704.962
"7316",-16817.052
"7317",-17309.708
"7318",-16647.981
"7319",-16517.495
"7320",-16842.505
"7321",-17023.951
"7322",-16835.151
"7323",-16905.588
"7324",-17455.609
"7325",-16600.261
"7326",-17189.474
"7327",-17033.144
"7328",-16849.044
"7329",-15893.179
"7330",-16722.657
"7331",-16343.567
"7332",-17129.228
"7333",-16793.337
"7334",-16543.505
"7335",-16853.054
"7336",-16578.732
"7337",-17156.999
"7338",-16858.205
"7339",-16387.752
"7340",-17027.22
"7341",-17216.608
"7342",-16709.462
"7343",-16792.933
"7344",-16473.19
"7345",-16800.703
"7346",-17076.348
"7347",-16898.168
"7348",-16790.683
"7349",-16175.123
"7350",-16921.407
"7351",-16872.867
"7352",-17086.246
"7353",-16620.431
"7354",-16418.825
"7355",-16931.935
"7356",-17415.993
"7357",-16425.07
"7358",-16801.338
"7359",-16723.124
"7360",-16693.205
"7361",-16625.862
"7362",-16721.134
"7363",-16420.183
"7364",-16839.307
"7365",-16386.88
"7366",-16190.58
"7367",-16724.938
"7368",-16758.799
"7369",-17327.687
"7370",-17177.547
"7371",-17765.768
"7372",-16647.86
"7373",-16872.786
"7374",-16717.494
"7375",-17088.69
"7376",-16939.136
"7377",-16339.573
"7378",-16615.486
"7379",-16861.442
"7380",-16906.072
"7381",-17056.006
"7382",-16833.745
"7383",-16967.935
"7384",-16862.397
"7385",-16574.57
"7386",-17016.807
"7387",-16484.483
"7388",-17029.642
"7389",-17230.752
"7390",-17189.859
"7391",-16687.757
"7392",-17497.104
"7393",-17062.778
"7394",-16698.946
"7395",-16652.139
"7396",-17286.273
"7397",-16422.018
"7398",-16150.722
"7399",-16805.373
"7400",-16811.909
"7401",-16299.73
"7402",-16408.674
"7403",-16784.414
"7404",-17325.275
"7405",-16305.049
"7406",-16478.742
"7407",-17028.231
"7408",-17110.008
"7409",-16718.952
"7410",-16796.334
"7411",-16885.091
"7412",-16545.72
"7413",-16285.675
"7414",-16566.198
"7415",-16931.411
"7416",-16952.195
"7417",-16725.728
"7418",-17392.659
"7419",-16284.761
"7420",-16617.33
"7421",-17064.142
"7422",-16630.442
"7423",-17093.314
"7424",-16942.214
"7425",-17228.254
"7426",-16664.627
"7427",-16503.624
"7428",-16613.138
"7429",-16758.77
"7430",-17315.994
"7431",-16736.474
"7432",-16673.962
"7433",-16227.951
"7434",-16635.699
"7435",-16498.292
"7436",-17142.014
"7437",-16305.727
"7438",-16784.957
"7439",-16973.582
"7440",-17069.856
"7441",-16906.74
"7442",-17174.568
"7443",-17048.568
"7444",-16407.055
"7445",-16853.214
"7446",-16944.441
"7447",-16747.229
"7448",-16900.287
"7449",-17207.329
"7450",-16532.069
"7451",-16696.859
"7452",-17051.828
"7453",-16602.276
"7454",-16888.817
"7455",-16616.027
"7456",-16760.268
"7457",-16863.163
"7458",-16563.386
"7459",-17258.68
"7460",-17091.246
"7461",-17022.251
"7462",-16191.449
"7463",-16638.323
"7464",-16599.415
"7465",-16815.454
"7466",-16862.613
"7467",-16745.463
"7468",-16788.207
"7469",-16657.244
"7470",-17017.774
"7471",-16869.83
"7472",-16872.104
"7473",-17074.292
"7474",-16906.463
"7475",-17356.527
"7476",-16872.615
"7477",-16885.287
"7478",-16548.253
"7479",-17114.515
"7480",-16829.163
"7481",-17420.613
"7482",-17196.215
"7483",-16511.469
"7484",-17237.013
"7485",-16881.81
"7486",-17197.915
"7487",-16765.563
"7488",-16838.117
"7489",-16699.498
"7490",-16822.577
"7491",-16886.249
"7492",-16732.543
"7493",-17157.829
"7494",-16303.28
"7495",-17028.255
"7496",-16855.471
"7497",-16751.666
"7498",-16596.343
"7499",-16956.109
"7500",-16857.139
"7501",-16910.967
"7502",-16971.069
"7503",-16407.293
"7504",-16672.471
"7505",-16629.554
"7506",-16569.885
"7507",-16943.471
"7508",-17275.188
"7509",-16927.542
"7510",-16409.954
"7511",-16519.656
"7512",-17094.438
"7513",-16776.545
"7514",-16599.717
"7515",-17055.389
"7516",-16603.614
"7517",-16590.908
"7518",-16886.866
"7519",-17359.821
"7520",-16717.369
"7521",-17349.187
"7522",-17331.834
"7523",-16668.509
"7524",-16519.126
"7525",-16497.013
"7526",-17180.661
"7527",-16689.097
"7528",-16774.373
"7529",-17058.075
"7530",-16797.623
"7531",-16692.253
"7532",-17054.481
"7533",-17143.785
"7534",-16587.74
"7535",-17207.077
"7536",-16666.209
"7537",-16853
"7538",-16688.485
"7539",-16347.904
"7540",-17097.959
"7541",-17602.619
"7542",-17033.247
"7543",-16865.824
"7544",-17058.578
"7545",-16843.136
"7546",-16248.555
"7547",-17105.209
"7548",-16803.131
"7549",-16888.4
"7550",-17021.197
"7551",-16256.624
"7552",-16829.122
"7553",-16470.363
"7554",-16946.868
"7555",-16556.172
"7556",-16917.081
"7557",-17101.534
"7558",-17220.871
"7559",-16697.88
"7560",-16807.123
"7561",-16924.564
"7562",-16959.082
"7563",-16559.873
"7564",-17213.182
"7565",-16475.466
"7566",-17266.505
"7567",-17079.714
"7568",-16607.846
"7569",-16939.648
"7570",-16943.173
"7571",-16775.535
"7572",-16675.217
"7573",-16567.865
"7574",-17148.679
"7575",-16710.904
"7576",-16467.354
"7577",-16731.375
"7578",-17012.493
"7579",-16997.193
"7580",-16914.56
"7581",-17004.648
"7582",-16089.56
"7583",-16834.563
"7584",-16992.454
"7585",-16881.198
"7586",-16801.976
"7587",-16528.725
"7588",-16589.766
"7589",-17079.786
"7590",-16578.268
"7591",-16932.435
"7592",-16652.221
"7593",-16276.194
"7594",-16748.224
"7595",-17027.155
"7596",-16818.362
"7597",-16497.376
"7598",-16874.874
"7599",-16897.974
"7600",-16449.588
"7601",-16544.356
"7602",-16832.146
"7603",-16680.394
"7604",-16641.833
"7605",-17428.874
"7606",-16642.587
"7607",-17026.88
"7608",-16638.171
"7609",-16824.305
"7610",-16586.29
"7611",-16769.938
"7612",-16932.912
"7613",-16783.813
"7614",-17254.364
"7615",-16894.965
"7616",-17026.5
"7617",-16779.321
"7618",-16832.169
"7619",-16951.957
"7620",-16907.103
"7621",-17178.671
"7622",-17154.557
"7623",-17461.896
"7624",-16366.692
"7625",-16770.202
"7626",-16921.88
"7627",-16804.226
"7628",-17042.615
"7629",-17165.458
"7630",-16569.046
"7631",-16456.848
"7632",-16505.897
"7633",-16715.128
"7634",-17110.016
"7635",-16759.945
"7636",-17327.659
"7637",-16785.965
"7638",-17067.123
"7639",-16668.827
"7640",-16524.479
"7641",-16255.491
"7642",-16513.218
"7643",-16027.066
"7644",-16736.185
"7645",-16761.072
"7646",-16852.127
"7647",-16957.382
"7648",-16702.264
"7649",-16897.284
"7650",-16670.413
"7651",-16868.882
"7652",-17156.723
"7653",-16491.474
"7654",-17488.191
"7655",-16723.161
"7656",-16596.18
"7657",-16643.894
"7658",-17388.188
"7659",-16650.317
"7660",-16630.617
"7661",-16939.465
"7662",-17255.113
"7663",-16891.016
"7664",-16776.017
"7665",-16475.147
"7666",-16811.202
"7667",-16395.047
"7668",-16590.436
"7669",-16431.929
"7670",-17107.329
"7671",-16248.194
"7672",-16449.564
"7673",-16479.956
"7674",-16602.941
"7675",-16506.833
"7676",-16773.795
"7677",-16549.317
"7678",-16910.275
"7679",-16762.963
"7680",-16960.624
"7681",-17312.829
"7682",-16924.06
"7683",-16730.002
"7684",-16830.523
"7685",-16921.243
"7686",-16244.933
"7687",-17051.913
"7688",-17049.415
"7689",-16934.385
"7690",-16510.16
"7691",-16804.422
"7692",-17119.127
"7693",-16725.294
"7694",-16338.308
"7695",-17101.263
"7696",-16595.771
"7697",-16718.685
"7698",-16824.745
"7699",-16783.499
"7700",-16564.681
"7701",-16784.588
"7702",-16802.327
"7703",-17001.018
"7704",-16533.575
"7705",-17181.165
"7706",-16284.485
"7707",-17098.251
"7708",-16794.878
"7709",-16837.865
"7710",-17358.749
"7711",-16962.393
"7712",-16578.165
"7713",-16476.784
"7714",-16940.948
"7715",-16954.129
"7716",-16882.985
"7717",-16409.736
"7718",-16997.334
"7719",-16869.428
"7720",-16948.795
"7721",-16585.253
"7722",-16981.31
"7723",-16996.569
"7724",-17021.666
"7725",-16548.171
"7726",-16592.481
"7727",-17077.522
"7728",-16294.79
"7729",-16606.413
"7730",-16706.65
"7731",-17092.896
"7732",-16518.548
"7733",-16542.012
"7734",-16937.901
"7735",-16256.191
"7736",-16848.166
"7737",-16012.481
"7738",-16695.205
"7739",-16898.811
"7740",-16429.216
"7741",-16721.193
"7742",-16939.621
"7743",-16807.128
"7744",-16694.874
"7745",-16942.857
"7746",-16960.512
"7747",-16796.837
"7748",-17105.227
"7749",-17078.558
"7750",-16690.288
"7751",-16429.867
"7752",-16813.041
"7753",-17113.752
"7754",-16832.997
"7755",-17251.834
"7756",-16309.977
"7757",-16992.367
"7758",-16516.412
"7759",-17102.741
"7760",-17059.142
"7761",-16943.034
"7762",-16637.858
"7763",-16663.099
"7764",-16810.285
"7765",-17161.225
"7766",-16966.92
"7767",-16617.47
"7768",-17119.813
"7769",-16769.333
"7770",-16776.236
"7771",-16829.604
"7772",-16634.528
"7773",-16875.865
"7774",-17067.053
"7775",-17262.227
"7776",-17187.421
"7777",-17107.999
"7778",-16915.527
"7779",-16718.431
"7780",-16957.877
"7781",-17038.988
"7782",-16578.456
"7783",-16577.253
"7784",-16529.243
"7785",-16948.172
"7786",-16298.91
"7787",-16573.974
"7788",-16715.081
"7789",-17099.078
"7790",-16784.188
"7791",-16467.885
"7792",-16397.787
"7793",-16899.893
"7794",-16786.038
"7795",-16935.964
"7796",-16637.448
"7797",-16850.188
"7798",-16864.831
"7799",-16917.878
"7800",-16236.429
"7801",-16577.59
"7802",-16749.325
"7803",-16327.396
"7804",-17114.936
"7805",-16411.926
"7806",-16817.516
"7807",-16663.248
"7808",-16695.632
"7809",-16697.876
"7810",-16866.431
"7811",-16539.134
"7812",-16747.036
"7813",-16572.761
"7814",-16896.918
"7815",-17492.462
"7816",-17331.027
"7817",-16285.074
"7818",-16849.174
"7819",-16824.65
"7820",-16811.279
"7821",-16783.319
"7822",-16575.815
"7823",-16740.487
"7824",-16576.806
"7825",-16997.543
"7826",-16888.212
"7827",-16709.537
"7828",-16722.138
"7829",-16595.27
"7830",-16637.084
"7831",-16930.201
"7832",-17206.065
"7833",-16861.618
"7834",-17163.098
"7835",-17212.896
"7836",-16997.049
"7837",-16276.671
"7838",-17036.562
"7839",-16682.863
"7840",-16517.499
"7841",-17454.712
"7842",-16773.44
"7843",-17005.767
"7844",-16882.878
"7845",-16516.672
"7846",-17223.622
"7847",-16827.811
"7848",-16991.272
"7849",-16873.936
"7850",-16617.648
"7851",-17086.147
"7852",-16825.444
"7853",-16426.515
"7854",-16515.868
"7855",-16558.46
"7856",-16932.223
"7857",-17032.662
"7858",-16870.724
"7859",-16635.731
"7860",-17099.343
"7861",-16975.999
"7862",-17189.607
"7863",-16940.342
"7864",-16954.287
"7865",-16637.326
"7866",-16695.057
"7867",-17133.511
"7868",-16284.399
"7869",-16964.972
"7870",-16972.988
"7871",-16355.531
"7872",-16765.469
"7873",-16906.301
"7874",-16893.304
"7875",-16262.384
"7876",-17007.348
"7877",-16806.466
"7878",-16809.383
"7879",-16809.528
"7880",-17075.24
"7881",-16879.341
"7882",-16893.367
"7883",-16594.627
"7884",-16118.015
"7885",-17063.004
"7886",-16589.555
"7887",-16836.984
"7888",-17118.932
"7889",-17112.183
"7890",-16744.976
"7891",-16272.637
"7892",-16836.115
"7893",-16868.645
"7894",-16819.579
"7895",-17016.384
"7896",-16777.35
"7897",-16318.678
"7898",-17078.792
"7899",-16829.661
"7900",-16909.271
"7901",-17336.118
"7902",-16884.242
"7903",-16382.107
"7904",-16815.931
"7905",-16520.583
"7906",-16884.647
"7907",-16780.575
"7908",-16974.698
"7909",-16711.494
"7910",-17136.427
"7911",-16634.742
"7912",-17135.546
"7913",-17301.242
"7914",-16499.22
"7915",-16932.822
"7916",-16800.407
"7917",-16372.133
"7918",-16519.438
"7919",-17345.623
"7920",-16873.011
"7921",-16960.942
"7922",-16978.019
"7923",-17040.542
"7924",-16849.67
"7925",-16951.746
"7926",-17067.78
"7927",-16838.047
"7928",-17175.253
"7929",-16827.411
"7930",-16573.781
"7931",-16164.245
"7932",-17170.005
"7933",-16752.82
"7934",-17126.787
"7935",-16773.423
"7936",-17104.273
"7937",-16904.763
"7938",-16823.147
"7939",-16621.667
"7940",-16442.322
"7941",-16777.903
"7942",-16926.799
"7943",-16630.365
"7944",-16840.844
"7945",-16757.489
"7946",-17424.061
"7947",-16889.658
"7948",-16953.028
"7949",-16733.695
"7950",-16840.769
"7951",-16718.721
"7952",-16715.273
"7953",-17217.937
"7954",-16921.826
"7955",-16783.096
"7956",-17025.636
"7957",-16550.219
"7958",-16883.341
"7959",-16690.107
"7960",-16683.703
"7961",-16786.846
"7962",-17012.964
"7963",-16616.894
"7964",-16696.476
"7965",-17233.29
"7966",-16973.775
"7967",-16879.355
"7968",-17019.422
"7969",-16521.625
"7970",-17034.937
"7971",-16931.617
"7972",-16573.45
"7973",-17198.043
"7974",-16697.04
"7975",-16610.156
"7976",-16615.543
"7977",-16879.846
"7978",-16436.456
"7979",-16538.644
"7980",-16681.436
"7981",-16825.976
"7982",-16343.115
"7983",-16605.109
"7984",-16631.391
"7985",-16502.906
"7986",-16767.715
"7987",-16689.743
"7988",-16831.031
"7989",-17016.814
"7990",-16745.252
"7991",-16653.905
"7992",-16810.537
"7993",-16626.823
"7994",-16835.821
"7995",-16380.868
"7996",-16793.006
"7997",-17276.682
"7998",-17143.046
"7999",-16831.302
"8000",-16707.623
"8001",-16594.981
"8002",-16950.346
"8003",-16338.495
"8004",-16867.563
"8005",-16879.922
"8006",-16924.88
"8007",-17017.008
"8008",-16432.521
"8009",-16756.906
"8010",-17294.174
"8011",-16543.677
"8012",-16517.388
"8013",-16950.298
"8014",-17169.424
"8015",-16727.255
"8016",-16594.05
"8017",-16916.372
"8018",-16917.103
"8019",-16514.763
"8020",-16890.366
"8021",-16930.445
"8022",-17044.126
"8023",-16400.753
"8024",-16788.954
"8025",-17055.587
"8026",-17265.483
"8027",-17295.886
"8028",-16553.808
"8029",-17076.182
"8030",-16641.372
"8031",-16923.031
"8032",-17404.872
"8033",-16710.239
"8034",-17045.006
"8035",-16830.326
"8036",-16605.568
"8037",-17036.161
"8038",-16841.62
"8039",-16752.966
"8040",-16687.108
"8041",-16363.967
"8042",-16624.798
"8043",-17114.543
"8044",-16650.956
"8045",-17254.05
"8046",-16826.341
"8047",-16814.549
"8048",-16302.737
"8049",-16720.246
"8050",-16970.95
"8051",-16482.378
"8052",-17038.966
"8053",-16959.271
"8054",-16694.971
"8055",-17345.518
"8056",-17309.997
"8057",-16854.544
"8058",-16718.176
"8059",-16836.966
"8060",-17312.198
"8061",-16670.401
"8062",-16768.466
"8063",-17289.877
"8064",-16732.405
"8065",-16541.782
"8066",-16765.272
"8067",-17115.87
"8068",-17259.07
"8069",-16742.701
"8070",-16690.2
"8071",-16623.936
"8072",-16976.476
"8073",-16717.001
"8074",-17041.47
"8075",-16604.477
"8076",-17137.548
"8077",-17056.535
"8078",-17099.063
"8079",-16606.544
"8080",-17118.66
"8081",-17502.366
"8082",-16596.321
"8083",-16448.733
"8084",-16970.85
"8085",-16682.169
"8086",-16818.732
"8087",-16940.266
"8088",-16824.165
"8089",-17193.084
"8090",-16432.77
"8091",-16848.084
"8092",-17204.06
"8093",-16695.851
"8094",-16681.581
"8095",-16839.81
"8096",-16857.247
"8097",-16899.544
"8098",-16676.977
"8099",-17161.397
"8100",-17248.554
"8101",-16556.031
"8102",-16944.415
"8103",-16876.156
"8104",-16528.97
"8105",-17666.871
"8106",-17456.269
"8107",-16677.679
"8108",-16893.657
"8109",-17433.155
"8110",-16787.439
"8111",-16528.454
"8112",-16536.586
"8113",-16703.361
"8114",-16712.102
"8115",-17004.744
"8116",-16906.765
"8117",-16526.3
"8118",-17139.773
"8119",-16948.387
"8120",-16857.461
"8121",-16695.909
"8122",-16828.53
"8123",-16827.505
"8124",-16705.392
"8125",-16861.525
"8126",-17008.937
"8127",-17295.168
"8128",-17043.599
"8129",-17379.749
"8130",-16776.477
"8131",-17161.93
"8132",-17327.542
"8133",-16771.414
"8134",-16665.428
"8135",-16818.648
"8136",-17212.922
"8137",-16841.279
"8138",-16931.137
"8139",-16252.468
"8140",-16051.166
"8141",-16808.148
"8142",-17086.27
"8143",-16468.086
"8144",-16730.928
"8145",-17093.803
"8146",-16656.859
"8147",-17131.25
"8148",-17088.958
"8149",-16518.696
"8150",-16828.171
"8151",-16579.759
"8152",-16417.403
"8153",-16403.075
"8154",-16483.832
"8155",-16976.658
"8156",-16669.582
"8157",-16646.492
"8158",-16901.819
"8159",-16855.279
"8160",-16746.511
"8161",-16302.306
"8162",-16937.65
"8163",-16767.163
"8164",-16766.35
"8165",-16927.108
"8166",-16898.513
"8167",-16738.549
"8168",-16552.422
"8169",-16953.914
"8170",-16358.159
"8171",-17252.792
"8172",-16519.249
"8173",-16793.62
"8174",-17014.196
"8175",-17081.574
"8176",-16494.051
"8177",-16730.667
"8178",-16603.738
"8179",-16910.496
"8180",-16715.233
"8181",-17178.085
"8182",-17312.417
"8183",-17106.009
"8184",-16551.252
"8185",-16753.308
"8186",-16956.104
"8187",-17030.355
"8188",-17105.005
"8189",-17113.726
"8190",-16669.778
"8191",-17051.601
"8192",-16388.058
"8193",-17218.705
"8194",-17170.984
"8195",-16852.768
"8196",-16941.146
"8197",-16518.366
"8198",-16843.405
"8199",-16524.186
"8200",-17179.549
"8201",-16647.176
"8202",-16474.986
"8203",-16556.71
"8204",-16804.182
"8205",-17098.883
"8206",-16694.907
"8207",-16434.828
"8208",-16919.757
"8209",-16645.736
"8210",-16588.709
"8211",-16813.514
"8212",-16894.196
"8213",-16874.931
"8214",-16318.333
"8215",-16435.292
"8216",-16955.299
"8217",-16957.806
"8218",-16177.195
"8219",-16833.917
"8220",-16524.292
"8221",-16690.061
"8222",-16292.721
"8223",-16549.179
"8224",-16487.538
"8225",-17165.288
"8226",-17372.572
"8227",-17124.63
"8228",-16715.66
"8229",-16908.606
"8230",-16997.979
"8231",-16745.358
"8232",-16604.484
"8233",-17057.057
"8234",-17017.778
"8235",-17264.71
"8236",-16591.972
"8237",-16797.18
"8238",-16760.543
"8239",-16251.221
"8240",-16643.987
"8241",-16594.187
"8242",-16903.174
"8243",-17121.493
"8244",-16780.928
"8245",-16983.587
"8246",-16391.086
"8247",-16583.865
"8248",-16038.196
"8249",-16925.19
"8250",-16967.774
"8251",-16600.583
"8252",-16963.339
"8253",-16816.112
"8254",-16973.494
"8255",-16311.767
"8256",-16429.836
"8257",-16445.199
"8258",-16435.41
"8259",-16758.619
"8260",-16991.309
"8261",-16847.564
"8262",-17370.435
"8263",-16955.42
"8264",-16642.7
"8265",-16675.484
"8266",-16360.051
"8267",-16427.041
"8268",-16624.194
"8269",-16204.574
"8270",-17080.841
"8271",-16947.044
"8272",-17230.565
"8273",-16092.079
"8274",-16523.24
"8275",-16561.088
"8276",-16507.314
"8277",-16589.742
"8278",-16505.378
"8279",-16769.122
"8280",-16868.408
"8281",-16388.989
"8282",-16393.26
"8283",-16967.886
"8284",-16859.132
"8285",-17321.049
"8286",-16696.656
"8287",-16931.21
"8288",-16222.965
"8289",-16619.701
"8290",-16703.591
"8291",-16855.281
"8292",-16912.886
"8293",-16400.477
"8294",-16648.479
"8295",-16556.265
"8296",-16727.377
"8297",-16866.532
"8298",-16487.688
"8299",-16909.271
"8300",-16728.147
"8301",-16823.746
"8302",-17077.843
"8303",-16427.161
"8304",-16575.678
"8305",-16456.93
"8306",-16849.796
"8307",-16770.489
"8308",-16986.101
"8309",-16717.129
"8310",-17022.21
"8311",-16614.263
"8312",-17000.053
"8313",-16921.935
"8314",-17036.212
"8315",-16469.344
"8316",-16442.263
"8317",-16719.438
"8318",-17179.042
"8319",-16648.111
"8320",-16724.01
"8321",-17089.939
"8322",-16454.742
"8323",-16771.375
"8324",-16870.02
"8325",-16600.076
"8326",-16489.596
"8327",-16906.125
"8328",-17258.302
"8329",-17461.817
"8330",-17022.377
"8331",-16836.335
"8332",-16534.406
"8333",-16814.225
"8334",-16595.389
"8335",-17304.27
"8336",-16453.797
"8337",-16565.655
"8338",-17110.512
"8339",-17132.299
"8340",-16762.814
"8341",-16957.419
"8342",-17100.428
"8343",-16962.302
"8344",-17022.681
"8345",-16939.339
"8346",-16872.391
"8347",-16522.414
"8348",-16570.769
"8349",-16611.462
"8350",-16668.567
"8351",-17021.119
"8352",-16273.644
"8353",-17079.309
"8354",-17039.733
"8355",-16896.262
"8356",-17105.656
"8357",-17046.034
"8358",-16453.209
"8359",-16712.772
"8360",-17022.28
"8361",-16624.717
"8362",-17068.221
"8363",-16936.934
"8364",-17041.24
"8365",-16647.358
"8366",-16913.878
"8367",-16702.952
"8368",-16898.797
"8369",-16789.219
"8370",-16939.056
"8371",-16202.345
"8372",-16518.115
"8373",-16801.979
"8374",-16908.987
"8375",-16880.135
"8376",-16703.37
"8377",-17177.517
"8378",-16894.766
"8379",-16690.957
"8380",-16617.644
"8381",-16847.953
"8382",-16897.093
"8383",-16851.678
"8384",-16468.744
"8385",-16350.665
"8386",-16694.096
"8387",-16713.775
"8388",-16818.581
"8389",-16813.214
"8390",-16564.298
"8391",-16627.736
"8392",-17082.317
"8393",-16666.203
"8394",-17039.258
"8395",-17182.391
"8396",-16938.696
"8397",-16787.73
"8398",-16431.307
"8399",-17349.805
"8400",-16339.624
"8401",-16823.416
"8402",-17057.326
"8403",-16849.483
"8404",-16277.012
"8405",-16515.313
"8406",-16758.907
"8407",-17266.578
"8408",-16994.012
"8409",-16968.683
"8410",-16711.832
"8411",-16807.98
"8412",-17048.449
"8413",-16606.189
"8414",-16904.444
"8415",-16502.095
"8416",-16515.759
"8417",-16408.704
"8418",-16811.07
"8419",-16861.155
"8420",-17163.868
"8421",-16814.787
"8422",-16839.243
"8423",-16978.725
"8424",-16650.385
"8425",-16690.864
"8426",-17029.397
"8427",-16812.937
"8428",-16521.361
"8429",-16880.049
"8430",-17105.579
"8431",-16393.735
"8432",-16935.05
"8433",-16801.659
"8434",-16843.866
"8435",-16548.628
"8436",-16324.652
"8437",-17468.525
"8438",-16732.221
"8439",-17272.817
"8440",-16708.851
"8441",-16527.489
"8442",-17157.257
"8443",-16803.141
"8444",-17271.719
"8445",-17160.781
"8446",-17011.653
"8447",-16855.5
"8448",-16734.437
"8449",-16684.572
"8450",-16361.457
"8451",-16848.35
"8452",-16864.894
"8453",-16315.066
"8454",-16414.323
"8455",-17074.263
"8456",-16360.645
"8457",-16643.727
"8458",-16978.286
"8459",-16870.837
"8460",-16565.342
"8461",-17010.421
"8462",-17070.102
"8463",-16328.999
"8464",-16300.742
"8465",-17020.734
"8466",-16760.548
"8467",-17451.581
"8468",-16739.883
"8469",-16604.754
"8470",-16582.654
"8471",-17106.167
"8472",-16782.36
"8473",-16651.171
"8474",-16975.691
"8475",-16500.595
"8476",-16448.985
"8477",-16980.172
"8478",-16870.337
"8479",-16853.46
"8480",-16635.953
"8481",-17014.626
"8482",-16086.248
"8483",-16734.425
"8484",-16732.72
"8485",-16807.038
"8486",-16663.665
"8487",-17059.9
"8488",-16916.512
"8489",-16997.773
"8490",-16411.321
"8491",-17175.261
"8492",-16646.569
"8493",-17115.448
"8494",-16949.271
"8495",-16779.264
"8496",-17291.922
"8497",-16907.436
"8498",-16838.831
"8499",-16778.133
"8500",-17271.403
"8501",-16764.573
"8502",-16945.648
"8503",-16225.653
"8504",-16662.971
"8505",-16984.409
"8506",-16887.673
"8507",-16724.795
"8508",-16770.284
"8509",-17362.902
"8510",-17000.751
"8511",-16393.132
"8512",-16633.299
"8513",-16663.906
"8514",-17033.583
"8515",-16611.356
"8516",-16865.264
"8517",-17051.972
"8518",-16599.351
"8519",-16721.886
"8520",-16790.875
"8521",-16891.268
"8522",-16399.317
"8523",-16812.622
"8524",-16881.932
"8525",-16524.37
"8526",-16313.838
"8527",-16940.816
"8528",-16649.848
"8529",-16899.081
"8530",-17051.889
"8531",-16659.006
"8532",-16893.928
"8533",-17074.016
"8534",-16747.614
"8535",-16708.354
"8536",-16796.579
"8537",-16401.446
"8538",-17200.06
"8539",-16556.764
"8540",-16782.015
"8541",-17180.732
"8542",-16780.855
"8543",-17198.422
"8544",-16847.474
"8545",-16302.307
"8546",-17305.305
"8547",-17149.856
"8548",-16896.591
"8549",-16780.92
"8550",-17006.512
"8551",-17312.057
"8552",-16525.444
"8553",-16967.15
"8554",-17563.205
"8555",-16730.678
"8556",-16778.791
"8557",-16820.572
"8558",-16791.137
"8559",-16965.639
"8560",-16483.901
"8561",-16750.846
"8562",-16885.425
"8563",-16943.578
"8564",-16836.719
"8565",-17214.521
"8566",-16763.974
"8567",-17028.536
"8568",-16748.883
"8569",-17024.838
"8570",-16508.897
"8571",-16666.167
"8572",-16812.815
"8573",-16887.191
"8574",-17022.377
"8575",-16490.615
"8576",-16886.432
"8577",-16852.724
"8578",-17585.295
"8579",-16853.318
"8580",-16706.074
"8581",-17149.614
"8582",-16497.059
"8583",-16962.892
"8584",-16545.838
"8585",-17197.983
"8586",-16775.357
"8587",-16933.584
"8588",-16579.432
"8589",-16636.342
"8590",-16941.039
"8591",-16382.847
"8592",-16458.592
"8593",-16445.771
"8594",-16908.06
"8595",-16907.297
"8596",-16958.881
"8597",-16691.076
"8598",-16745.937
"8599",-16666.751
"8600",-16701.973
"8601",-16492.633
"8602",-17051.41
"8603",-16190.502
"8604",-16953.07
"8605",-16575.87
"8606",-17115.929
"8607",-17035.863
"8608",-16808.469
"8609",-16572.91
"8610",-16602.807
"8611",-16906.892
"8612",-16544.79
"8613",-16960.171
"8614",-16226.006
"8615",-16973.729
"8616",-16632.401
"8617",-16779.18
"8618",-16510.694
"8619",-17234.141
"8620",-16906.921
"8621",-16912.34
"8622",-16305.021
"8623",-16758.564
"8624",-16505.381
"8625",-17003.196
"8626",-16359.513
"8627",-16480.77
"8628",-16961.571
"8629",-16881.451
"8630",-16832.938
"8631",-16377.224
"8632",-16637.022
"8633",-16549.115
"8634",-17026.647
"8635",-16498.718
"8636",-17203.713
"8637",-17067.817
"8638",-16767.57
"8639",-17065.564
"8640",-16545.485
"8641",-16761.706
"8642",-16386.591
"8643",-16825.66
"8644",-16817.395
"8645",-16668.014
"8646",-17042.37
"8647",-17152.821
"8648",-16805.229
"8649",-17114.356
"8650",-16395.5
"8651",-16580.028
"8652",-16494.236
"8653",-16861.84
"8654",-16983.331
"8655",-16626.277
"8656",-16420.159
"8657",-17007.44
"8658",-16177.973
"8659",-17039.605
"8660",-16934.592
"8661",-16895.666
"8662",-16736.035
"8663",-17199.319
"8664",-16823.357
"8665",-16467.142
"8666",-16776.515
"8667",-17133.6
"8668",-16960.55
"8669",-16454.976
"8670",-16353.447
"8671",-16759.402
"8672",-16359.522
"8673",-16785.626
"8674",-16907.254
"8675",-16684.125
"8676",-16880.905
"8677",-16754.062
"8678",-16806.16
"8679",-16335.335
"8680",-16576.231
"8681",-16698.661
"8682",-16843.988
"8683",-16492.182
"8684",-17289.807
"8685",-17061.168
"8686",-16639.639
"8687",-17225.98
"8688",-16918.947
"8689",-16922.851
"8690",-16679.475
"8691",-17118.639
"8692",-17091.94
"8693",-17046.304
"8694",-16603.539
"8695",-16801.667
"8696",-16578.225
"8697",-16865.619
"8698",-16769.666
"8699",-16706.719
"8700",-16193.365
"8701",-16642.898
"8702",-16795.22
"8703",-16755.16
"8704",-16738.745
"8705",-16794.839
"8706",-16821.904
"8707",-17163.666
"8708",-16892.806
"8709",-16052.373
"8710",-16483.079
"8711",-16591.592
"8712",-16904.519
"8713",-16612.408
"8714",-16684.311
"8715",-16614.981
"8716",-17388.468
"8717",-16960.311
"8718",-16657.351
"8719",-16704.248
"8720",-17035.113
"8721",-16350.823
"8722",-16998.608
"8723",-16428.803
"8724",-16897.247
"8725",-16649.663
"8726",-16763.589
"8727",-16666.35
"8728",-17178.198
"8729",-16838.443
"8730",-17116.135
"8731",-17104.821
"8732",-17090.481
"8733",-16722.688
"8734",-16556.936
"8735",-17079.41
"8736",-17283.266
"8737",-16908.006
"8738",-16472.895
"8739",-16857.177
"8740",-17080.985
"8741",-16957.904
"8742",-16872.537
"8743",-16651.124
"8744",-17337.531
"8745",-17216.61
"8746",-17093.934
"8747",-16921.416
"8748",-16769.468
"8749",-16596.855
"8750",-16955.83
"8751",-17335.147
"8752",-16692.451
"8753",-16865.322
"8754",-16719.661
"8755",-16889.882
"8756",-16666.412
"8757",-16115.175
"8758",-17100.144
"8759",-16716.164
"8760",-16558.596
"8761",-16484.27
"8762",-17091.701
"8763",-16716.124
"8764",-17004.435
"8765",-16828.778
"8766",-16779.809
"8767",-16295.038
"8768",-16959.047
"8769",-16749.514
"8770",-16302.078
"8771",-17198.639
"8772",-16919.475
"8773",-17180.337
"8774",-16815.33
"8775",-16706.939
"8776",-16352.585
"8777",-16975.803
"8778",-17413.735
"8779",-17000.306
"8780",-17086.213
"8781",-16560.167
"8782",-16937.88
"8783",-17029.224
"8784",-17136.8
"8785",-17429.298
"8786",-16489.752
"8787",-16680.986
"8788",-16801.998
"8789",-16789.471
"8790",-16646.271
"8791",-16099.409
"8792",-17216.391
"8793",-16808.145
"8794",-16384.851
"8795",-17169.461
"8796",-16416.097
"8797",-16681.416
"8798",-16982.709
"8799",-16808.262
"8800",-17214.727
"8801",-16685.734
"8802",-16342.998
"8803",-17116.255
"8804",-16891.262
"8805",-16959.548
"8806",-16526.106
"8807",-16796.793
"8808",-16771.501
"8809",-16381.343
"8810",-16243.265
"8811",-16957.144
"8812",-17198.186
"8813",-16517.867
"8814",-16661.822
"8815",-16759.3
"8816",-16810.735
"8817",-17043.773
"8818",-16696.134
"8819",-16955.257
"8820",-16581.96
"8821",-17056.015
"8822",-16808.965
"8823",-16705.305
"8824",-16566.517
"8825",-16760.255
"8826",-16652.433
"8827",-16657.205
"8828",-17032.616
"8829",-16883.011
"8830",-16105.41
"8831",-16303.657
"8832",-17002.563
"8833",-16809.206
"8834",-16857.172
"8835",-16328.009
"8836",-16116.614
"8837",-16457.999
"8838",-16607.324
"8839",-16129.195
"8840",-16836.996
"8841",-16522.279
"8842",-17273.734
"8843",-16670.658
"8844",-17039.706
"8845",-16736.757
"8846",-16548.907
"8847",-17297.403
"8848",-16624.636
"8849",-16823.433
"8850",-16828.231
"8851",-17283.999
"8852",-17052.995
"8853",-16955.156
"8854",-16382.817
"8855",-17146.754
"8856",-17072.262
"8857",-16519.049
"8858",-16198.699
"8859",-16899.377
"8860",-16559.539
"8861",-16900.872
"8862",-16823.422
"8863",-16897.041
"8864",-17065.78
"8865",-17129.246
"8866",-16557.728
"8867",-17005.424
"8868",-16789.024
"8869",-16899.261
"8870",-16573.125
"8871",-16943.248
"8872",-16802.691
"8873",-16905.407
"8874",-16877.633
"8875",-16837.127
"8876",-16949.664
"8877",-16346.174
"8878",-17177.402
"8879",-16629.603
"8880",-17477.219
"8881",-16825.706
"8882",-17064.897
"8883",-17359.927
"8884",-16833.938
"8885",-16399.016
"8886",-16834.926
"8887",-16549.874
"8888",-16761.622
"8889",-17287.372
"8890",-17123.232
"8891",-16603.337
"8892",-16560.731
"8893",-16521.841
"8894",-16383.392
"8895",-16954.801
"8896",-16325.931
"8897",-16661.74
"8898",-16965.192
"8899",-17319.051
"8900",-17193.965
"8901",-16426.539
"8902",-16863.177
"8903",-17031.896
"8904",-16513.378
"8905",-16589.852
"8906",-16202.115
"8907",-17010.35
"8908",-16961.304
"8909",-17467.197
"8910",-16645.222
"8911",-16692.412
"8912",-16438.726
"8913",-17166.895
"8914",-17184.541
"8915",-16452.301
"8916",-17392.5
"8917",-16587.167
"8918",-16408.525
"8919",-16797.359
"8920",-16998
"8921",-16923.745
"8922",-16985.601
"8923",-16896.923
"8924",-17048.164
"8925",-16665.912
"8926",-16956.113
"8927",-16873.811
"8928",-16506.268
"8929",-16727.021
"8930",-16740.795
"8931",-16461.886
"8932",-17202.779
"8933",-17032.456
"8934",-17333.663
"8935",-16798.357
"8936",-16766.357
"8937",-16967.895
"8938",-16689.558
"8939",-16509.781
"8940",-16741.655
"8941",-16849.579
"8942",-16961.185
"8943",-16812.199
"8944",-16822.675
"8945",-16750.017
"8946",-16987.3
"8947",-16995.496
"8948",-16958.119
"8949",-16796.878
"8950",-16765.458
"8951",-16610.882
"8952",-16790.932
"8953",-16875.201
"8954",-16677.043
"8955",-17036.488
"8956",-16813.57
"8957",-16598.81
"8958",-17301.938
"8959",-16901.201
"8960",-16603.191
"8961",-16510.94
"8962",-16956.637
"8963",-16628.594
"8964",-17027.217
"8965",-16914.889
"8966",-16675.969
"8967",-16803.189
"8968",-16561.629
"8969",-16452.228
"8970",-16463.359
"8971",-16883.543
"8972",-16884.916
"8973",-16833.419
"8974",-16499.822
"8975",-16896.888
"8976",-16822.046
"8977",-16944.299
"8978",-17248.989
"8979",-16670.597
"8980",-16832.444
"8981",-17106.786
"8982",-16909.355
"8983",-16158.661
"8984",-17156.498
"8985",-16741.301
"8986",-17120.024
"8987",-16526.482
"8988",-16403.581
"8989",-17075.473
"8990",-16660.208
"8991",-17484.215
"8992",-17185.875
"8993",-16776.379
"8994",-16293.31
"8995",-16572.758
"8996",-17034.903
"8997",-16963.702
"8998",-16838.057
"8999",-16962.018
"9000",-16813.448
"9001",-16721.416
"9002",-16716.488
"9003",-17021.85
"9004",-16608.849
"9005",-16594.37
"9006",-16723.593
"9007",-16610.206
"9008",-16974.024
"9009",-16560.02
"9010",-16905.275
"9011",-16316.272
"9012",-16729.792
"9013",-16737.117
"9014",-16680.675
"9015",-16731.839
"9016",-17272.064
"9017",-16569.454
"9018",-16764.075
"9019",-16867.072
"9020",-16866.703
"9021",-17142.847
"9022",-17059.92
"9023",-16272.14
"9024",-17355.931
"9025",-17784.444
"9026",-17108.243
"9027",-16574.788
"9028",-16578.741
"9029",-17184.854
"9030",-17018.466
"9031",-16702.75
"9032",-16887.791
"9033",-17280.323
"9034",-16703.251
"9035",-17050.571
"9036",-16787.765
"9037",-16808.989
"9038",-16977.902
"9039",-16924.965
"9040",-16967.186
"9041",-16832.458
"9042",-16804.054
"9043",-16549.52
"9044",-16810.639
"9045",-16959.132
"9046",-16471.276
"9047",-16533.905
"9048",-16793.729
"9049",-16661.123
"9050",-16933.704
"9051",-16892.678
"9052",-16333.755
"9053",-16824.651
"9054",-17011.084
"9055",-16732.758
"9056",-16909.87
"9057",-16824.54
"9058",-16670.634
"9059",-17020.816
"9060",-16935.755
"9061",-16598.373
"9062",-17101.177
"9063",-16829.557
"9064",-16543.541
"9065",-16595.731
"9066",-16751.139
"9067",-16658.333
"9068",-16364.272
"9069",-16624.78
"9070",-16707.402
"9071",-16808.129
"9072",-16543.849
"9073",-16876.663
"9074",-15663.959
"9075",-16851.053
"9076",-17338.176
"9077",-16618.035
"9078",-17001.937
"9079",-17013.965
"9080",-16508.231
"9081",-16369.706
"9082",-16792.235
"9083",-16884.444
"9084",-16885.421
"9085",-16544.353
"9086",-16794.313
"9087",-17110.22
"9088",-16675.887
"9089",-16925.663
"9090",-16803.922
"9091",-17013.321
"9092",-17009.207
"9093",-16748.543
"9094",-16382.701
"9095",-16832.402
"9096",-17440.471
"9097",-16972.255
"9098",-16894.516
"9099",-16667.648
"9100",-17072.358
"9101",-16950.795
"9102",-16404.027
"9103",-16944.135
"9104",-16765.939
"9105",-16800.902
"9106",-16574.767
"9107",-16564.456
"9108",-16861.261
"9109",-17401.628
"9110",-17290.465
"9111",-16465.572
"9112",-16420.141
"9113",-16653.089
"9114",-16764.08
"9115",-16629.017
"9116",-16925.499
"9117",-16746.535
"9118",-16752.109
"9119",-16783.117
"9120",-16768.908
"9121",-16676.362
"9122",-16844.957
"9123",-16827.087
"9124",-16422.808
"9125",-17083.478
"9126",-17076.932
"9127",-16531.603
"9128",-17242.123
"9129",-16859.043
"9130",-16981.947
"9131",-16546.31
"9132",-16939.976
"9133",-16820.513
"9134",-16877.246
"9135",-16496.872
"9136",-16597.612
"9137",-16943.779
"9138",-17415.881
"9139",-16463.629
"9140",-17051.989
"9141",-16873.03
"9142",-16704.869
"9143",-16991.5
"9144",-16841.298
"9145",-16484.709
"9146",-17349.14
"9147",-17237.23
"9148",-16811.964
"9149",-16735.717
"9150",-16440.305
"9151",-16439.321
"9152",-16736.394
"9153",-16686.215
"9154",-16833.601
"9155",-16704
"9156",-16688.543
"9157",-16619.309
"9158",-16858.424
"9159",-16829.261
"9160",-17317.046
"9161",-16643.287
"9162",-16809.253
"9163",-16609.251
"9164",-16810.718
"9165",-16690.883
"9166",-17012.854
"9167",-16389.356
"9168",-16584.171
"9169",-16640.305
"9170",-16743.625
"9171",-17188.077
"9172",-17256.284
"9173",-16431.086
"9174",-16883.443
"9175",-16904.955
"9176",-16928.088
"9177",-16534.738
"9178",-16476.796
"9179",-16776.207
"9180",-17337.269
"9181",-16476.652
"9182",-16689.356
"9183",-17115.622
"9184",-16576.75
"9185",-16341.794
"9186",-16866.915
"9187",-16826.553
"9188",-16499.669
"9189",-16648.791
"9190",-16865.722
"9191",-17219.519
"9192",-16631.787
"9193",-16707.264
"9194",-17096.338
"9195",-17012.286
"9196",-16974.301
"9197",-17221.347
"9198",-16429.917
"9199",-16898.934
"9200",-16973.889
"9201",-16760.716
"9202",-16783.127
"9203",-16485.997
"9204",-16686.602
"9205",-17060.913
"9206",-17041.745
"9207",-16383.021
"9208",-16780.435
"9209",-16713.946
"9210",-17022.204
"9211",-16453.744
"9212",-16601.076
"9213",-16615.948
"9214",-16883.655
"9215",-16400.094
"9216",-16826.298
"9217",-16901.83
"9218",-16724.073
"9219",-16640.295
"9220",-16890.723
"9221",-16588.202
"9222",-16753.149
"9223",-16942.112
"9224",-16872.492
"9225",-17094.279
"9226",-16611.472
"9227",-16772.424
"9228",-16827.54
"9229",-17370.942
"9230",-16986.216
"9231",-16768.559
"9232",-16574.66
"9233",-16690.79
"9234",-16984.213
"9235",-16890.662
"9236",-16613.116
"9237",-17112.263
"9238",-17054.843
"9239",-16676.652
"9240",-16607.973
"9241",-16795.714
"9242",-16929.991
"9243",-16397.434
"9244",-17103.016
"9245",-16752.478
"9246",-16487.588
"9247",-17268.221
"9248",-16795.356
"9249",-16935.528
"9250",-17437.288
"9251",-17460.94
"9252",-16702.405
"9253",-17230.08
"9254",-16657.364
"9255",-16623.921
"9256",-16925.948
"9257",-16880.853
"9258",-16780.63
"9259",-16558.403
"9260",-16406.998
"9261",-16767.173
"9262",-17178.73
"9263",-16377.266
"9264",-16694.955
"9265",-17216.515
"9266",-16651.842
"9267",-16481.074
"9268",-16459.291
"9269",-16941.859
"9270",-16877.645
"9271",-16587.049
"9272",-16693.06
"9273",-16577.779
"9274",-16994.394
"9275",-16706.067
"9276",-16837.741
"9277",-16770.213
"9278",-16951.253
"9279",-16573.523
"9280",-17263.725
"9281",-16541.775
"9282",-16903.163
"9283",-17042.664
"9284",-16877.67
"9285",-16733.528
"9286",-17060.888
"9287",-16594.188
"9288",-16984.814
"9289",-16888.706
"9290",-16575.764
"9291",-16547.884
"9292",-16969.182
"9293",-16779.927
"9294",-16786.899
"9295",-16876.117
"9296",-17029.126
"9297",-16861.782
"9298",-16983.104
"9299",-16665.854
"9300",-16754.886
"9301",-16560.482
"9302",-16697.442
"9303",-17068.832
"9304",-17086.036
"9305",-16968.072
"9306",-16615.855
"9307",-17348.73
"9308",-16661.206
"9309",-16456.1
"9310",-17118.935
"9311",-17002.846
"9312",-17191.049
"9313",-16608.903
"9314",-16958.976
"9315",-16972.751
"9316",-16270.975
"9317",-16721.427
"9318",-16650.197
"9319",-16743.637
"9320",-17004.887
"9321",-17003.16
"9322",-16964.974
"9323",-16940.49
"9324",-16279.711
"9325",-16932.383
"9326",-16562.25
"9327",-17108.763
"9328",-16758.392
"9329",-16685.899
"9330",-16150.626
"9331",-16837.208
"9332",-17156.299
"9333",-16771.097
"9334",-15999.624
"9335",-16708.541
"9336",-16589.563
"9337",-16704.108
"9338",-17180.747
"9339",-16320.084
"9340",-16967.66
"9341",-16733.222
"9342",-17231.645
"9343",-16783.588
"9344",-16561.27
"9345",-16752.956
"9346",-16730.948
"9347",-16901.324
"9348",-17105.683
"9349",-16739.443
"9350",-17100.971
"9351",-16774.018
"9352",-16797.103
"9353",-16784.261
"9354",-16627.444
"9355",-16406.826
"9356",-17354.036
"9357",-16740.162
"9358",-17053.229
"9359",-16699.75
"9360",-16919.134
"9361",-16644.388
"9362",-17041.49
"9363",-16768.599
"9364",-16138.718
"9365",-16374.936
"9366",-17014.192
"9367",-16406.44
"9368",-16669.305
"9369",-16230.688
"9370",-16303.5
"9371",-16766.123
"9372",-16689.592
"9373",-16641.941
"9374",-16526.145
"9375",-16665.384
"9376",-16919.77
"9377",-17337.343
"9378",-17148.232
"9379",-16959.543
"9380",-16561.218
"9381",-17094.884
"9382",-16432.19
"9383",-16727.09
"9384",-16876.277
"9385",-16849.502
"9386",-16976.051
"9387",-17260.623
"9388",-16630.817
"9389",-17071.791
"9390",-16704.762
"9391",-16955.107
"9392",-16912
"9393",-16624.532
"9394",-16624.432
"9395",-16966.974
"9396",-16655.475
"9397",-16473.136
"9398",-17126.918
"9399",-17071.471
"9400",-16374.25
"9401",-16659.045
"9402",-16656.008
"9403",-16448.815
"9404",-16554.186
"9405",-17154.484
"9406",-17352.545
"9407",-17222.534
"9408",-16906.455
"9409",-16819.944
"9410",-17040.106
"9411",-17119.144
"9412",-16664.018
"9413",-16678.678
"9414",-16722.845
"9415",-16485.207
"9416",-16594.02
"9417",-16737.608
"9418",-17420.351
"9419",-17066.288
"9420",-16754.294
"9421",-17006.445
"9422",-17075.763
"9423",-16747.243
"9424",-16809.594
"9425",-17075.741
"9426",-17121.186
"9427",-16571.04
"9428",-17286.42
"9429",-16850.503
"9430",-16524.742
"9431",-16733.128
"9432",-16772.708
"9433",-16838.224
"9434",-17121.273
"9435",-17374.366
"9436",-16725.261
"9437",-16969.609
"9438",-16804.002
"9439",-16598.407
"9440",-16549.145
"9441",-17098.983
"9442",-16436.861
"9443",-16794.632
"9444",-16462.787
"9445",-16818.933
"9446",-16628.534
"9447",-16798.365
"9448",-16725.95
"9449",-17259.584
"9450",-16677.042
"9451",-16775.272
"9452",-16589.795
"9453",-16909.455
"9454",-16757.504
"9455",-16261.967
"9456",-16826.996
"9457",-17590.121
"9458",-17047.769
"9459",-17078.587
"9460",-16797.708
"9461",-16849.489
"9462",-17050.918
"9463",-16265.422
"9464",-17199.556
"9465",-17028.944
"9466",-16702.644
"9467",-16378.426
"9468",-17369.387
"9469",-17083.981
"9470",-17040.285
"9471",-16834.765
"9472",-17102.717
"9473",-16718.588
"9474",-16983.798
"9475",-16791.031
"9476",-16667.804
"9477",-16598.601
"9478",-17069.225
"9479",-16918.488
"9480",-16588.009
"9481",-16480.7
"9482",-16494.829
"9483",-16891.159
"9484",-17182.994
"9485",-17072.924
"9486",-17600.628
"9487",-16483.671
"9488",-16912.503
"9489",-16804.732
"9490",-16849.883
"9491",-16772.844
"9492",-16363.991
"9493",-16561.079
"9494",-17331.254
"9495",-17545.729
"9496",-17033.332
"9497",-16666.296
"9498",-16645.902
"9499",-16972.356
"9500",-17060.46
"9501",-16677.288
"9502",-16937.028
"9503",-16708.267
"9504",-16853.433
"9505",-16850.501
"9506",-16406.223
"9507",-16519.47
"9508",-16635.109
"9509",-16637.695
"9510",-17001.326
"9511",-16216.727
"9512",-16798.473
"9513",-16416.803
"9514",-17191.942
"9515",-16600.561
"9516",-16487.486
"9517",-16911.34
"9518",-17179.516
"9519",-16764.777
"9520",-16572.632
"9521",-16090.751
"9522",-17459.739
"9523",-16661.896
"9524",-16868.981
"9525",-16538.702
"9526",-16578.795
"9527",-16284.91
"9528",-16613.032
"9529",-17073.423
"9530",-17030.219
"9531",-16875.976
"9532",-17104.943
"9533",-16600.835
"9534",-17159.955
"9535",-16761.31
"9536",-16903.665
"9537",-16915.683
"9538",-17067.045
"9539",-16462.268
"9540",-16024.991
"9541",-16858.099
"9542",-16603.89
"9543",-16773.292
"9544",-16488.337
"9545",-16557.249
"9546",-16914.919
"9547",-16831.489
"9548",-16309.236
"9549",-17002.479
"9550",-16481.188
"9551",-16372.88
"9552",-17134.275
"9553",-16858.49
"9554",-17125.158
"9555",-16693.923
"9556",-16849.611
"9557",-16477.147
"9558",-16760.845
"9559",-17024.91
"9560",-16506.339
"9561",-16916.029
"9562",-16853.406
"9563",-16467.326
"9564",-16472.543
"9565",-16936.634
"9566",-16536.831
"9567",-17079.622
"9568",-16802.269
"9569",-16593.21
"9570",-16966.094
"9571",-16959.062
"9572",-16447.519
"9573",-16247.376
"9574",-16462.969
"9575",-17064.492
"9576",-17002.516
"9577",-16332.595
"9578",-16059.492
"9579",-16723.996
"9580",-16855.254
"9581",-16805.007
"9582",-16745.195
"9583",-17093.085
"9584",-16419.052
"9585",-16958.283
"9586",-16863.875
"9587",-16688.159
"9588",-17034.476
"9589",-16520.988
"9590",-16746.199
"9591",-16677.535
"9592",-16860.311
"9593",-16744.757
"9594",-16923.368
"9595",-16362.065
"9596",-16920.218
"9597",-17079.379
"9598",-16717.259
"9599",-17117.573
"9600",-17080.41
"9601",-16767.958
"9602",-16763.149
"9603",-16870.165
"9604",-17081.147
"9605",-16417.485
"9606",-16898.061
"9607",-17049.746
"9608",-17056.932
"9609",-16674.062
"9610",-16941.339
"9611",-16728.612
"9612",-16380.597
"9613",-17088.449
"9614",-16762.2
"9615",-16902.232
"9616",-17146.452
"9617",-16519.116
"9618",-17006.632
"9619",-16665.422
"9620",-17038.634
"9621",-16693.484
"9622",-17010.168
"9623",-17122.12
"9624",-16850.264
"9625",-16357.868
"9626",-16974.596
"9627",-16672.569
"9628",-16669.155
"9629",-16841.743
"9630",-16984.939
"9631",-16924.137
"9632",-16544.677
"9633",-16790.748
"9634",-16768.216
"9635",-16859.981
"9636",-16897.049
"9637",-17067.549
"9638",-17028.83
"9639",-16794.403
"9640",-17130.542
"9641",-16737.23
"9642",-17052.626
"9643",-16613.366
"9644",-16390.83
"9645",-16526.433
"9646",-16918.579
"9647",-17055.5
"9648",-16372.148
"9649",-16754.364
"9650",-17124.16
"9651",-17029.646
"9652",-17423.584
"9653",-16444.212
"9654",-17006.719
"9655",-16655.192
"9656",-17198.967
"9657",-16850.766
"9658",-16253.675
"9659",-16885.375
"9660",-17277.597
"9661",-16947.847
"9662",-16663.971
"9663",-16504.855
"9664",-17093.009
"9665",-17084.862
"9666",-16940.833
"9667",-16747.792
"9668",-16719.143
"9669",-16456.283
"9670",-16620.133
"9671",-17155.997
"9672",-16676.854
"9673",-17203.703
"9674",-16634.173
"9675",-16687.798
"9676",-16999.928
"9677",-17089.41
"9678",-16744.758
"9679",-16837.607
"9680",-16998.569
"9681",-16888.412
"9682",-17044.605
"9683",-16943.547
"9684",-16651.229
"9685",-16458.389
"9686",-16875.815
"9687",-16866.883
"9688",-17112.956
"9689",-16758.404
"9690",-17365.079
"9691",-16722.677
"9692",-16649.791
"9693",-16863.461
"9694",-17087.707
"9695",-16994.738
"9696",-17131.808
"9697",-16931.852
"9698",-16281.306
"9699",-16650.859
"9700",-16796.607
"9701",-16879.831
"9702",-16511.238
"9703",-16629.208
"9704",-16712.311
"9705",-17070.503
"9706",-17067.371
"9707",-16340.605
"9708",-16583.173
"9709",-16546.584
"9710",-16444.138
"9711",-17222.442
"9712",-16833.728
"9713",-16539.788
"9714",-17190.903
"9715",-17509.578
"9716",-16671.309
"9717",-16536.385
"9718",-16951.086
"9719",-16637.942
"9720",-16931.014
"9721",-16669.915
"9722",-16686.999
"9723",-17017.764
"9724",-16993.099
"9725",-17108.131
"9726",-16881.175
"9727",-16962.379
"9728",-16689.056
"9729",-16116.458
"9730",-16936.638
"9731",-16269.104
"9732",-17232.063
"9733",-16600.115
"9734",-17056.823
"9735",-17182.016
"9736",-16586.442
"9737",-16901.446
"9738",-16473.656
"9739",-16734.622
"9740",-16730.383
"9741",-17090.747
"9742",-17218.751
"9743",-16785.829
"9744",-16474.783
"9745",-17065.031
"9746",-16439.032
"9747",-17117.05
"9748",-17264.982
"9749",-16840.74
"9750",-16796.112
"9751",-16879.026
"9752",-17036.995
"9753",-17191.763
"9754",-17216.888
"9755",-16864.345
"9756",-16884.318
"9757",-16611.106
"9758",-17310.868
"9759",-17065.071
"9760",-16474.726
"9761",-17044.081
"9762",-16653.348
"9763",-16816.039
"9764",-17073.95
"9765",-17115.859
"9766",-16293.222
"9767",-17142.695
"9768",-16692.695
"9769",-16832.775
"9770",-17381.304
"9771",-16769.312
"9772",-17335.25
"9773",-17129.859
"9774",-17030.967
"9775",-16686.758
"9776",-16584.815
"9777",-16857.279
"9778",-16583.937
"9779",-17426.71
"9780",-16892.992
"9781",-16754.095
"9782",-16196.685
"9783",-16915.425
"9784",-17531.48
"9785",-17226.046
"9786",-17026.9
"9787",-16829.263
"9788",-16592.886
"9789",-16927.244
"9790",-16724.835
"9791",-16768.445
"9792",-17043.467
"9793",-16622.193
"9794",-17210.543
"9795",-16535.238
"9796",-16533.776
"9797",-16512.246
"9798",-16576.942
"9799",-16535.596
"9800",-16805.067
"9801",-16731.491
"9802",-16985.353
"9803",-16657.266
"9804",-16993.317
"9805",-16511.865
"9806",-16903.97
"9807",-16935.57
"9808",-17177.199
"9809",-17461.185
"9810",-16736.121
"9811",-16759.981
"9812",-17450.408
"9813",-16891.195
"9814",-17363.4
"9815",-16855.546
"9816",-16966.656
"9817",-16838.43
"9818",-16995.51
"9819",-16434.067
"9820",-16800.516
"9821",-17476.471
"9822",-16891.949
"9823",-16603.563
"9824",-16811.152
"9825",-16748.036
"9826",-17020.005
"9827",-16769.444
"9828",-16918.915
"9829",-17205.143
"9830",-17065.442
"9831",-16771.823
"9832",-17378.529
"9833",-16632.17
"9834",-16796.28
"9835",-16404.074
"9836",-16851.263
"9837",-16944.198
"9838",-16926.408
"9839",-16704.813
"9840",-16904.472
"9841",-16811.365
"9842",-17263.904
"9843",-16877.942
"9844",-16888.772
"9845",-16597.343
"9846",-16738.215
"9847",-17097.354
"9848",-16975.339
"9849",-16748.666
"9850",-16649.768
"9851",-16898.77
"9852",-16681.65
"9853",-16773.106
"9854",-16941.929
"9855",-17110.794
"9856",-16765.641
"9857",-16864.125
"9858",-16644.768
"9859",-16561.197
"9860",-17239.271
"9861",-16828.848
"9862",-16942.755
"9863",-16984.408
"9864",-16028.426
"9865",-16658.828
"9866",-16515.355
"9867",-17011.969
"9868",-16992.176
"9869",-16441.232
"9870",-16785.644
"9871",-16535.984
"9872",-16760.052
"9873",-16596.561
"9874",-17122.357
"9875",-17180.241
"9876",-17088.24
"9877",-16581.333
"9878",-16703.727
"9879",-16352.132
"9880",-16862.376
"9881",-16944.419
"9882",-17093.258
"9883",-16771.53
"9884",-16489.21
"9885",-16278.949
"9886",-16746.935
"9887",-17163.643
"9888",-16710.753
"9889",-16685.549
"9890",-16727.805
"9891",-16356.41
"9892",-17432.275
"9893",-16665.271
"9894",-16638.756
"9895",-17079.827
"9896",-16103.27
"9897",-16791.44
"9898",-16933.785
"9899",-16887.336
"9900",-17003.867
"9901",-16778.505
"9902",-17000.05
"9903",-16665.284
"9904",-17357.595
"9905",-16841.051
"9906",-16722.785
"9907",-16713.213
"9908",-17093.12
"9909",-16902.963
"9910",-16664.83
"9911",-16857.161
"9912",-17017.891
"9913",-16803.559
"9914",-16683.469
"9915",-16779.524
"9916",-17378.939
"9917",-16813.021
"9918",-16740.234
"9919",-16662.128
"9920",-16745.987
"9921",-16787.654
"9922",-16680.832
"9923",-16623.069
"9924",-17161.258
"9925",-16624.062
"9926",-17137.538
"9927",-16426.794
"9928",-17061.042
"9929",-16611.194
"9930",-17054.751
"9931",-17024.429
"9932",-16688.592
"9933",-16674.252
"9934",-16693.449
"9935",-16388.118
"9936",-17064.088
"9937",-16875.549
"9938",-16588.251
"9939",-16962.059
"9940",-16713.734
"9941",-16805.439
"9942",-16737.539
"9943",-16815.99
"9944",-16455.618
"9945",-16463.64
"9946",-16643.078
"9947",-16677.51
"9948",-17072.711
"9949",-16818.932
"9950",-16371.917
"9951",-16857.862
"9952",-17008.854
"9953",-16901.47
"9954",-16466.141
"9955",-16556.534
"9956",-16932.101
"9957",-16784.556
"9958",-17112.088
"9959",-16496.456
"9960",-17007.105
"9961",-16252.665
"9962",-16918.082
"9963",-16856.45
"9964",-17234.705
"9965",-16914.618
"9966",-16759.428
"9967",-16786.085
"9968",-17123.433
"9969",-16094.091
"9970",-17110.664
"9971",-16807.044
"9972",-16723.426
"9973",-16991.33
"9974",-16761.381
"9975",-16290.5
"9976",-17362.876
"9977",-16563.916
"9978",-16407.852
"9979",-16855.514
"9980",-17231.946
"9981",-17133.881
"9982",-16462.211
"9983",-16966.434
"9984",-15956.478
"9985",-16860.864
"9986",-16955.197
"9987",-16585.297
"9988",-16706.613
"9989",-17291.22
"9990",-16608.001
"9991",-16535.872
"9992",-16340.924
"9993",-16448.537
"9994",-16467.537
"9995",-16764.891
"9996",-16778.858
"9997",-16761.174
"9998",-16930.491
"9999",-16974.045
"10000",-16817.671
"10001",NA
"10002",-16877.916
