1	8	500	488	0.5116	0.338	0.333	0.340	0.257	0.245	0.287	0.266	0.375	0.251	0.278	0.284	0.362	0.270	0.266	1.936	0.598	0.239	0.196	7.252	-8693.658
2	8	500	495	0.5212	0.265	0.307	0.308	0.348	0.291	0.257	0.339	0.294	0.311	0.290	0.244	0.273	0.265	0.295	2.030	0.637	0.195	0.219	12.831	-8716.272
3	8	500	481	0.4982	0.374	0.292	0.326	0.270	0.218	0.270	0.315	0.357	0.250	0.244	0.323	0.305	0.232	0.294	2.142	0.633	0.275	0.205	11.349	-8542.357
4	8	500	491	0.5132	0.215	0.303	0.309	0.291	0.266	0.253	0.279	0.249	0.310	0.295	0.282	0.327	0.276	0.291	1.799	0.606	0.230	0.192	8.000	-8620.871
5	8	500	488	0.5015	0.216	0.321	0.340	0.266	0.310	0.297	0.299	0.224	0.286	0.305	0.281	0.282	0.240	0.287	1.908	0.625	0.304	0.200	12.126	-8647.168
6	8	500	492	0.5189	0.777	0.307	0.304	0.292	0.281	0.288	0.328	0.773	0.325	0.309	0.324	0.249	0.273	0.280	1.807	0.594	0.330	0.211	52.617	-8914.371
7	8	500	489	0.5053	0.294	0.255	0.267	0.321	0.313	0.292	0.299	0.209	0.195	0.257	0.280	0.304	0.308	0.266	2.171	0.573	0.333	0.201	10.858	-8479.990
8	8	500	495	0.5040	0.272	0.280	0.266	0.240	0.322	0.324	0.282	0.326	0.252	0.297	0.343	0.346	0.286	0.303	2.160	0.561	0.269	0.219	11.084	-8823.824
9	8	500	496	0.5013	0.371	0.292	0.246	0.294	0.330	0.318	0.266	0.346	0.269	0.278	0.294	0.251	0.300	0.310	1.997	0.652	0.258	0.198	13.729	-8657.142
10	8	500	493	0.5281	0.339	0.270	0.309	0.290	0.269	0.292	0.318	0.292	0.273	0.277	0.307	0.340	0.353	0.338	1.735	0.524	0.296	0.162	5.539	-9005.038
11	8	500	493	0.5093	0.277	0.295	0.325	0.315	0.269	0.237	0.276	0.271	0.321	0.276	0.281	0.301	0.285	0.324	2.158	0.605	0.286	0.200	9.894	-8705.660
12	8	500	490	0.5081	0.351	0.227	0.315	0.317	0.317	0.294	0.340	0.311	0.293	0.326	0.328	0.301	0.289	0.338	2.011	0.572	0.351	0.192	11.078	-8976.050
13	8	500	494	0.5068	0.247	0.316	0.369	0.274	0.313	0.284	0.345	0.268	0.326	0.328	0.293	0.226	0.386	0.344	1.979	0.556	0.291	0.202	10.918	-9033.853
14	8	500	493	0.5079	0.734	0.315	0.265	0.253	0.308	0.327	0.260	0.725	0.260	0.320	0.282	0.378	0.279	0.313	1.992	0.610	0.335	0.200	33.912	-8917.150
15	8	500	493	0.5245	14.362	0.227	0.321	0.284	0.312	0.312	0.288	14.385	0.249	0.337	0.324	0.278	0.276	0.277	1.945	0.686	0.258	0.188	998.999	-8707.072
16	8	500	496	0.5239	0.317	0.277	0.368	0.267	0.311	0.358	0.289	0.410	0.323	0.298	0.350	0.281	0.369	0.334	2.176	0.573	0.345	0.223	14.311	-9180.527
17	8	500	492	0.5036	0.317	0.320	0.260	0.336	0.302	0.271	0.313	0.257	0.293	0.290	0.346	0.306	0.283	0.326	1.960	0.603	0.260	0.217	10.402	-8904.116
18	8	500	497	0.5142	0.451	0.367	0.310	0.259	0.278	0.296	0.301	0.493	0.329	0.283	0.291	0.270	0.258	0.372	2.070	0.652	0.287	0.225	27.803	-8898.577
19	8	500	492	0.5114	0.422	0.306	0.315	0.319	0.304	0.324	0.286	0.465	0.290	0.275	0.343	0.348	0.320	0.279	1.959	0.588	0.302	0.200	20.192	-8970.322
20	8	500	495	0.5228	0.390	0.384	0.296	0.328	0.319	0.343	0.266	0.365	0.292	0.293	0.297	0.322	0.338	0.333	1.955	0.556	0.307	0.199	13.684	-9137.423
21	8	500	493	0.5192	0.377	0.329	0.263	0.367	0.297	0.313	0.324	0.390	0.261	0.281	0.334	0.307	0.276	0.300	1.860	0.626	0.283	0.195	18.440	-8870.026
22	8	500	493	0.5094	0.285	0.270	0.297	0.311	0.368	0.301	0.317	0.331	0.305	0.238	0.338	0.283	0.265	0.321	2.112	0.624	0.290	0.172	7.700	-8794.404
23	8	500	496	0.5166	0.222	0.257	0.294	0.301	0.329	0.292	0.292	0.271	0.278	0.291	0.347	0.390	0.287	0.244	1.992	0.580	0.296	0.206	5.675	-8828.392
24	8	500	487	0.5182	8.846	0.275	0.325	0.298	0.342	0.294	0.295	8.782	0.291	0.288	0.326	0.285	0.255	0.273	2.000	0.655	0.303	0.204	998.992	-8809.683
25	8	500	491	0.5063	0.054	0.247	0.319	0.268	0.300	0.330	0.248	0.507	0.317	0.326	0.298	0.289	0.282	0.279	1.809	0.596	0.332	0.190	11.798	-8754.834
26	8	500	492	0.5281	0.981	0.208	0.269	0.321	0.368	0.308	0.331	0.974	0.268	0.303	0.358	0.299	0.349	0.238	2.323	0.614	0.313	0.218	51.220	-8879.577
27	8	500	495	0.5164	0.536	0.296	0.266	0.269	0.386	0.282	0.295	0.500	0.347	0.327	0.272	0.241	0.276	0.272	1.979	0.576	0.319	0.209	28.561	-8823.189
28	8	500	488	0.5203	0.186	0.318	0.310	0.319	0.323	0.264	0.341	0.262	0.283	0.309	0.293	0.328	0.326	0.248	1.926	0.552	0.281	0.177	7.135	-8859.937
29	8	500	497	0.5033	0.328	0.375	0.326	0.254	0.301	0.335	0.269	0.249	0.276	0.306	0.355	0.304	0.284	0.321	1.889	0.607	0.340	0.237	7.672	-9135.878
30	8	500	493	0.5100	0.243	0.223	0.295	0.313	0.332	0.328	0.293	0.276	0.315	0.330	0.259	0.286	0.363	0.235	2.088	0.610	0.277	0.209	9.881	-8820.486
31	8	500	489	0.5282	0.310	0.364	0.243	0.391	0.287	0.322	0.335	0.312	0.316	0.278	0.306	0.333	0.330	0.336	1.948	0.588	0.347	0.171	19.765	-9032.155
32	8	500	491	0.5215	0.366	0.371	0.304	0.315	0.298	0.330	0.308	0.321	0.341	0.331	0.273	0.257	0.271	0.315	2.095	0.564	0.314	0.186	13.809	-8942.480
33	8	500	496	0.5076	0.352	0.332	0.297	0.289	0.244	0.292	0.315	0.282	0.367	0.373	0.273	0.262	0.295	0.248	1.864	0.606	0.289	0.189	9.139	-8841.563
34	8	500	491	0.5052	0.373	0.259	0.354	0.256	0.334	0.355	0.288	0.343	0.260	0.314	0.303	0.309	0.261	0.271	1.876	0.627	0.312	0.208	16.114	-8788.243
35	8	500	494	0.5367	0.276	0.318	0.366	0.308	0.241	0.309	0.327	0.277	0.298	0.268	0.293	0.270	0.289	0.319	2.034	0.626	0.295	0.196	9.663	-8803.322
36	8	500	490	0.5078	0.346	0.341	0.358	0.302	0.303	0.278	0.290	0.340	0.361	0.284	0.353	0.313	0.238	0.371	2.138	0.568	0.311	0.186	19.902	-8934.939
37	8	500	495	0.5196	0.359	0.373	0.276	0.311	0.257	0.296	0.321	0.269	0.336	0.294	0.264	0.328	0.334	0.278	2.135	0.548	0.267	0.187	7.343	-8936.245
38	8	500	489	0.5207	0.429	0.209	0.309	0.330	0.382	0.278	0.305	0.457	0.387	0.316	0.326	0.262	0.328	0.317	2.018	0.595	0.336	0.225	23.390	-9084.452
39	8	500	493	0.5228	0.221	0.291	0.316	0.271	0.313	0.303	0.255	0.256	0.302	0.306	0.292	0.296	0.286	0.362	2.237	0.568	0.275	0.182	5.307	-8724.585
40	8	500	495	0.5171	0.358	0.308	0.295	0.275	0.283	0.273	0.278	0.323	0.293	0.333	0.266	0.259	0.294	0.323	2.000	0.640	0.283	0.240	12.463	-8822.630
41	8	500	489	0.5353	0.334	0.368	0.269	0.392	0.365	0.315	0.374	0.292	0.332	0.295	0.320	0.291	0.320	0.323	1.908	0.510	0.370	0.174	11.898	-9231.640
42	8	500	497	0.5118	0.374	0.345	0.308	0.253	0.251	0.370	0.277	0.356	0.285	0.320	0.308	0.256	0.268	0.316	2.026	0.643	0.248	0.210	11.245	-8804.750
43	8	500	493	0.5009	0.354	0.334	0.303	0.310	0.226	0.359	0.322	0.343	0.303	0.314	0.280	0.306	0.273	0.288	1.910	0.582	0.308	0.225	14.899	-8945.748
44	8	500	491	0.5028	0.332	0.351	0.286	0.305	0.271	0.285	0.241	0.402	0.213	0.270	0.306	0.343	0.281	0.274	1.978	0.639	0.271	0.198	11.635	-8676.101
45	8	500	492	0.5121	0.257	0.329	0.363	0.258	0.295	0.317	0.349	0.312	0.308	0.299	0.248	0.302	0.292	0.255	1.924	0.592	0.295	0.212	9.683	-8921.582
46	8	500	497	0.5178	0.231	0.300	0.331	0.253	0.270	0.262	0.298	0.217	0.274	0.357	0.291	0.321	0.345	0.330	1.958	0.524	0.269	0.204	2.972	-8937.789
47	8	500	497	0.5026	0.331	0.365	0.294	0.309	0.246	0.313	0.247	0.261	0.302	0.355	0.298	0.303	0.279	0.354	2.195	0.568	0.282	0.202	6.474	-8913.350
48	8	500	488	0.5032	0.297	0.259	0.294	0.267	0.265	0.283	0.276	0.290	0.360	0.294	0.284	0.269	0.279	0.301	1.982	0.629	0.250	0.207	9.440	-8649.507
49	8	500	489	0.5257	0.247	0.315	0.285	0.322	0.256	0.269	0.281	0.214	0.271	0.292	0.305	0.259	0.268	0.274	1.906	0.522	0.340	0.174	4.531	-8708.104
50	8	500	494	0.5131	0.330	0.317	0.247	0.300	0.274	0.289	0.325	0.281	0.229	0.288	0.376	0.385	0.274	0.256	1.907	0.612	0.246	0.194	5.072	-8775.076
51	8	500	497	0.5094	0.286	0.323	0.287	0.286	0.267	0.320	0.304	0.313	0.302	0.328	0.312	0.315	0.300	0.281	2.201	0.637	0.273	0.232	13.083	-8877.210
52	8	500	493	0.5087	0.272	0.311	0.299	0.329	0.263	0.302	0.257	0.303	0.233	0.271	0.359	0.277	0.269	0.255	2.011	0.570	0.293	0.199	9.098	-8717.646
53	8	500	491	0.5041	0.251	0.268	0.274	0.307	0.354	0.332	0.284	0.264	0.394	0.325	0.306	0.343	0.283	0.328	2.073	0.629	0.273	0.212	13.515	-8952.220
54	8	500	495	0.5092	0.383	0.287	0.334	0.345	0.284	0.324	0.302	0.302	0.319	0.264	0.322	0.273	0.291	0.279	1.948	0.633	0.268	0.203	14.414	-8853.859
55	8	500	489	0.5067	0.233	0.278	0.297	0.293	0.323	0.251	0.326	0.303	0.312	0.283	0.304	0.301	0.297	0.265	2.100	0.591	0.329	0.174	10.170	-8667.856
56	8	500	492	0.5117	0.513	0.336	0.278	0.303	0.309	0.293	0.317	0.502	0.346	0.307	0.361	0.239	0.362	0.259	2.099	0.622	0.293	0.208	20.774	-8956.339
57	8	500	492	0.5187	0.487	0.259	0.255	0.311	0.291	0.318	0.292	0.498	0.221	0.266	0.314	0.282	0.271	0.228	1.985	0.567	0.293	0.205	14.782	-8667.753
58	8	500	496	0.5092	0.265	0.309	0.327	0.276	0.315	0.270	0.381	0.260	0.341	0.319	0.328	0.338	0.304	0.292	1.844	0.595	0.322	0.201	9.054	-9055.860
59	8	500	494	0.5082	0.348	0.324	0.215	0.337	0.350	0.249	0.309	0.297	0.305	0.286	0.331	0.272	0.283	0.300	2.010	0.588	0.283	0.203	15.693	-8763.480
60	8	500	497	0.5267	0.318	0.295	0.264	0.337	0.347	0.273	0.357	0.282	0.280	0.312	0.284	0.370	0.306	0.275	2.002	0.525	0.269	0.183	8.651	-8988.039
61	8	500	492	0.5066	0.333	0.332	0.305	0.327	0.328	0.276	0.309	0.333	0.304	0.303	0.331	0.275	0.313	0.296	2.202	0.632	0.289	0.205	12.987	-8887.880
62	8	500	492	0.5140	0.282	0.355	0.276	0.253	0.342	0.268	0.308	0.347	0.344	0.308	0.295	0.276	0.313	0.303	2.000	0.609	0.329	0.197	15.927	-8872.515
63	8	500	496	0.5186	0.293	0.267	0.330	0.349	0.348	0.283	0.374	0.308	0.377	0.294	0.331	0.312	0.302	0.333	1.880	0.606	0.305	0.208	11.927	-9149.538
64	8	500	495	0.5242	0.305	0.291	0.302	0.298	0.224	0.275	0.334	0.301	0.252	0.344	0.244	0.261	0.313	0.291	2.015	0.586	0.286	0.212	4.840	-8820.869
65	8	500	496	0.5088	0.412	0.302	0.295	0.266	0.231	0.321	0.360	0.448	0.248	0.309	0.238	0.321	0.337	0.350	2.074	0.556	0.317	0.196	19.887	-8882.003
66	8	500	488	0.5163	0.358	0.267	0.300	0.297	0.263	0.265	0.312	0.350	0.297	0.309	0.267	0.266	0.227	0.334	1.965	0.661	0.279	0.222	19.025	-8629.138
67	8	500	493	0.5147	0.259	0.329	0.254	0.293	0.287	0.302	0.291	0.268	0.292	0.334	0.291	0.311	0.279	0.277	2.105	0.601	0.281	0.198	8.131	-8765.562
68	8	500	491	0.5123	0.286	0.272	0.282	0.291	0.243	0.287	0.354	0.280	0.233	0.282	0.313	0.258	0.299	0.284	1.870	0.569	0.332	0.222	10.766	-8782.591
69	8	500	491	0.5173	0.510	0.275	0.308	0.250	0.299	0.337	0.296	0.471	0.257	0.232	0.290	0.317	0.269	0.294	1.984	0.578	0.362	0.202	29.700	-8749.571
70	8	500	497	0.5005	0.231	0.238	0.269	0.292	0.314	0.252	0.363	0.300	0.289	0.306	0.366	0.366	0.278	0.284	2.021	0.651	0.219	0.245	8.734	-8893.125
71	8	500	486	0.5144	0.437	0.250	0.263	0.285	0.292	0.279	0.338	0.411	0.314	0.215	0.267	0.273	0.354	0.268	2.001	0.651	0.273	0.205	23.304	-8583.728
72	8	500	494	0.5183	0.242	0.343	0.374	0.300	0.295	0.299	0.305	0.178	0.325	0.332	0.268	0.340	0.272	0.303	2.080	0.556	0.295	0.187	8.881	-8862.921
73	8	500	491	0.5072	0.545	0.236	0.328	0.275	0.287	0.324	0.282	0.501	0.349	0.252	0.308	0.289	0.303	0.254	2.295	0.633	0.291	0.198	20.892	-8679.003
74	8	500	495	0.5098	0.316	0.259	0.304	0.301	0.257	0.313	0.253	0.285	0.283	0.265	0.331	0.319	0.251	0.279	2.004	0.656	0.277	0.234	15.620	-8645.341
75	8	500	498	0.5128	0.273	0.354	0.255	0.320	0.240	0.337	0.306	0.316	0.320	0.330	0.279	0.333	0.247	0.346	2.231	0.591	0.304	0.181	9.173	-8809.607
76	8	500	490	0.5136	0.310	0.286	0.239	0.331	0.298	0.283	0.344	0.362	0.370	0.232	0.352	0.327	0.334	0.245	2.036	0.661	0.264	0.193	15.923	-8746.713
77	8	500	498	0.5248	0.200	0.320	0.320	0.290	0.310	0.282	0.276	0.252	0.289	0.282	0.304	0.320	0.254	0.264	2.047	0.631	0.255	0.202	9.725	-8664.487
78	8	500	488	0.5214	0.298	0.275	0.309	0.327	0.354	0.317	0.392	0.250	0.270	0.228	0.302	0.313	0.288	0.286	2.190	0.568	0.321	0.217	8.075	-8943.134
79	8	500	494	0.5044	0.298	0.284	0.305	0.328	0.302	0.332	0.251	0.285	0.314	0.231	0.287	0.288	0.292	0.240	1.774	0.587	0.275	0.184	5.998	-8756.961
80	8	500	496	0.5468	0.266	0.292	0.255	0.280	0.322	0.320	0.253	0.238	0.289	0.299	0.313	0.243	0.338	0.281	2.003	0.612	0.204	0.236	6.113	-8811.725
81	8	500	495	0.5216	0.342	0.314	0.330	0.350	0.224	0.351	0.322	0.276	0.288	0.255	0.333	0.290	0.292	0.325	2.048	0.569	0.400	0.171	12.927	-9029.599
82	8	500	492	0.5085	0.322	0.279	0.290	0.355	0.382	0.320	0.358	0.386	0.288	0.286	0.252	0.322	0.305	0.329	1.866	0.628	0.286	0.186	16.667	-8938.664
83	8	500	496	0.5119	0.350	0.277	0.275	0.278	0.293	0.314	0.274	0.406	0.298	0.245	0.247	0.231	0.270	0.316	1.970	0.550	0.299	0.197	10.728	-8632.523
84	8	500	495	0.5208	0.365	0.331	0.343	0.326	0.258	0.273	0.352	0.323	0.320	0.328	0.321	0.323	0.327	0.281	2.051	0.588	0.300	0.248	10.911	-9148.436
85	8	500	497	0.5086	0.316	0.308	0.272	0.274	0.297	0.299	0.369	0.323	0.328	0.257	0.309	0.317	0.294	0.277	1.789	0.606	0.295	0.204	10.749	-8860.857
86	8	500	492	0.5285	0.293	0.265	0.294	0.268	0.272	0.350	0.284	0.286	0.251	0.296	0.322	0.326	0.265	0.259	2.149	0.614	0.274	0.191	8.396	-8693.074
87	8	500	495	0.5118	0.274	0.271	0.347	0.286	0.293	0.321	0.287	0.262	0.274	0.251	0.303	0.333	0.237	0.303	1.856	0.601	0.241	0.204	7.075	-8791.263
88	8	500	489	0.5103	0.281	0.258	0.278	0.312	0.287	0.301	0.274	0.279	0.291	0.293	0.266	0.268	0.312	0.301	2.021	0.621	0.329	0.178	15.566	-8612.621
89	8	500	488	0.5138	0.237	0.362	0.313	0.299	0.283	0.340	0.337	0.187	0.244	0.280	0.259	0.291	0.283	0.267	2.093	0.570	0.276	0.191	5.202	-8682.809
90	8	500	494	0.5081	0.232	0.289	0.311	0.326	0.320	0.387	0.324	0.245	0.306	0.230	0.346	0.243	0.300	0.305	1.889	0.638	0.249	0.179	7.877	-8775.439
91	8	500	486	0.5258	0.226	0.301	0.279	0.302	0.277	0.300	0.289	0.214	0.287	0.273	0.250	0.351	0.236	0.279	1.984	0.578	0.280	0.202	10.229	-8588.008
92	8	500	496	0.5217	0.301	0.285	0.245	0.333	0.235	0.325	0.320	0.294	0.295	0.332	0.280	0.263	0.237	0.301	2.071	0.595	0.302	0.211	7.902	-8801.350
93	8	500	489	0.4995	0.314	0.320	0.299	0.313	0.254	0.307	0.242	0.338	0.303	0.294	0.277	0.295	0.288	0.241	1.950	0.620	0.283	0.204	11.260	-8695.346
94	8	500	492	0.5182	0.546	0.299	0.305	0.285	0.367	0.282	0.380	0.544	0.399	0.302	0.299	0.260	0.270	0.272	2.145	0.637	0.307	0.198	36.085	-8898.690
95	8	500	490	0.5223	0.209	0.358	0.282	0.256	0.285	0.331	0.293	0.302	0.316	0.345	0.270	0.315	0.313	0.340	1.865	0.527	0.288	0.167	5.362	-8959.153
96	8	500	492	0.5089	0.322	0.270	0.267	0.285	0.248	0.355	0.254	0.324	0.293	0.325	0.308	0.280	0.331	0.289	1.904	0.641	0.292	0.201	17.534	-8750.209
97	8	500	491	0.5108	0.347	0.300	0.302	0.303	0.298	0.317	0.279	0.327	0.335	0.357	0.287	0.345	0.226	0.300	2.030	0.608	0.251	0.179	14.508	-8787.174
98	8	500	491	0.5300	0.315	0.320	0.376	0.315	0.294	0.306	0.266	0.328	0.305	0.320	0.299	0.288	0.306	0.297	1.997	0.685	0.216	0.226	13.717	-8874.575
99	8	500	491	0.5151	0.301	0.413	0.308	0.319	0.274	0.291	0.264	0.297	0.348	0.251	0.275	0.285	0.332	0.275	1.999	0.579	0.294	0.168	9.902	-8760.943
100	8	500	485	0.5123	0.345	0.252	0.346	0.279	0.329	0.318	0.258	0.416	0.299	0.291	0.311	0.304	0.336	0.328	1.848	0.605	0.333	0.177	20.492	-8842.007
101	8	500	488	0.5052	0.359	0.329	0.310	0.300	0.250	0.368	0.240	0.385	0.341	0.259	0.316	0.288	0.348	0.254	2.194	0.544	0.375	0.190	11.754	-8934.593
102	8	500	497	0.5250	0.257	0.324	0.288	0.303	0.334	0.298	0.279	0.235	0.282	0.302	0.296	0.311	0.315	0.260	2.086	0.628	0.242	0.204	10.114	-8757.286
103	8	500	494	0.5299	0.274	0.292	0.352	0.339	0.328	0.299	0.269	0.340	0.299	0.289	0.315	0.362	0.307	0.243	2.087	0.609	0.317	0.199	12.968	-8954.949
104	8	500	488	0.5212	0.439	0.297	0.324	0.328	0.222	0.279	0.314	0.380	0.252	0.218	0.335	0.254	0.314	0.274	2.018	0.556	0.376	0.206	20.524	-8780.531
105	8	500	495	0.5323	3.794	0.299	0.360	0.278	0.349	0.310	0.266	3.764	0.293	0.291	0.330	0.274	0.277	0.297	2.017	0.628	0.336	0.224	430.424	-9007.870
106	8	500	492	0.5139	4.326	0.290	0.289	0.353	0.284	0.292	0.262	4.231	0.308	0.298	0.239	0.231	0.307	0.256	2.001	0.636	0.303	0.208	428.295	-8653.517
107	8	500	495	0.5226	0.274	0.249	0.347	0.319	0.315	0.316	0.309	0.299	0.290	0.217	0.359	0.304	0.286	0.294	2.198	0.599	0.300	0.183	11.256	-8781.390
108	8	500	493	0.5167	0.265	0.290	0.311	0.308	0.340	0.318	0.276	0.184	0.321	0.295	0.274	0.276	0.355	0.338	1.931	0.604	0.261	0.194	10.249	-8847.594
109	8	500	494	0.5167	0.429	0.325	0.346	0.318	0.313	0.351	0.333	0.477	0.292	0.293	0.282	0.296	0.318	0.330	1.845	0.633	0.296	0.233	24.802	-9143.299
110	8	500	491	0.5032	0.374	0.311	0.330	0.269	0.383	0.307	0.353	0.296	0.329	0.337	0.338	0.278	0.295	0.281	1.894	0.615	0.261	0.213	8.062	-9088.870
111	8	500	492	0.5137	0.407	0.249	0.313	0.249	0.355	0.286	0.370	0.406	0.229	0.310	0.308	0.341	0.291	0.285	2.093	0.537	0.384	0.165	18.690	-8847.972
112	8	500	493	0.5079	0.286	0.333	0.344	0.287	0.266	0.256	0.352	0.314	0.305	0.271	0.315	0.372	0.274	0.294	2.039	0.623	0.247	0.221	6.174	-8911.079
113	8	500	493	0.5023	0.487	0.284	0.311	0.319	0.358	0.291	0.305	0.399	0.278	0.302	0.247	0.301	0.314	0.245	2.162	0.600	0.302	0.211	17.021	-8838.788
114	8	500	494	0.5080	0.273	0.319	0.281	0.259	0.292	0.277	0.286	0.223	0.293	0.295	0.280	0.338	0.304	0.305	1.965	0.560	0.346	0.187	8.187	-8749.001
115	8	500	494	0.5080	0.285	0.316	0.306	0.315	0.264	0.328	0.264	0.260	0.368	0.321	0.276	0.273	0.347	0.296	2.051	0.575	0.320	0.169	8.461	-8871.051
116	8	500	493	0.5182	0.355	0.255	0.270	0.315	0.354	0.265	0.370	0.400	0.308	0.215	0.289	0.217	0.284	0.349	2.196	0.575	0.319	0.186	20.403	-8701.045
117	8	500	494	0.5043	0.280	0.275	0.367	0.337	0.298	0.265	0.353	0.287	0.263	0.321	0.325	0.324	0.219	0.285	1.973	0.569	0.302	0.166	6.904	-8854.317
118	8	500	493	0.5153	0.304	0.281	0.320	0.277	0.279	0.290	0.268	0.379	0.284	0.283	0.304	0.305	0.255	0.278	2.111	0.619	0.281	0.193	16.524	-8603.980
119	8	500	492	0.5017	0.191	0.266	0.339	0.288	0.324	0.361	0.288	0.275	0.301	0.283	0.316	0.286	0.309	0.244	2.038	0.636	0.228	0.210	5.698	-8751.037
120	8	500	493	0.5153	0.328	0.339	0.259	0.354	0.281	0.256	0.341	0.323	0.293	0.339	0.272	0.264	0.320	0.308	1.911	0.549	0.353	0.171	11.932	-8909.710
121	8	500	491	0.5108	0.425	0.251	0.314	0.253	0.307	0.276	0.316	0.440	0.233	0.299	0.302	0.293	0.335	0.274	2.032	0.592	0.332	0.188	21.054	-8733.767
122	8	500	490	0.5196	0.429	0.267	0.332	0.294	0.179	0.339	0.235	0.422	0.316	0.291	0.297	0.338	0.304	0.290	2.231	0.688	0.263	0.214	27.801	-8609.989
123	8	500	495	0.5129	0.257	0.229	0.272	0.284	0.274	0.330	0.280	0.256	0.322	0.271	0.314	0.304	0.304	0.278	1.996	0.639	0.318	0.230	14.027	-8738.048
124	8	500	491	0.5109	0.387	0.301	0.267	0.299	0.267	0.260	0.302	0.313	0.323	0.368	0.273	0.267	0.292	0.292	1.963	0.571	0.338	0.168	11.495	-8791.209
125	8	500	489	0.5173	0.401	0.258	0.211	0.321	0.272	0.297	0.251	0.477	0.290	0.278	0.299	0.304	0.301	0.352	2.152	0.590	0.279	0.219	13.920	-8775.840
126	8	500	494	0.5143	0.434	0.244	0.290	0.285	0.233	0.270	0.258	0.347	0.283	0.303	0.286	0.300	0.297	0.291	1.860	0.584	0.301	0.204	12.579	-8710.424
127	8	500	491	0.5157	0.345	0.319	0.255	0.333	0.251	0.260	0.232	0.335	0.340	0.278	0.349	0.267	0.298	0.306	1.937	0.635	0.275	0.201	12.396	-8705.380
128	8	500	489	0.5082	0.294	0.318	0.341	0.318	0.247	0.388	0.226	0.265	0.334	0.251	0.297	0.246	0.321	0.277	2.036	0.596	0.277	0.200	7.791	-8839.533
129	8	500	493	0.5207	0.276	0.297	0.251	0.363	0.304	0.232	0.350	0.261	0.322	0.283	0.304	0.242	0.329	0.283	2.043	0.603	0.249	0.204	7.051	-8774.256
130	8	500	495	0.5228	0.316	0.242	0.335	0.282	0.293	0.332	0.336	0.270	0.282	0.270	0.332	0.332	0.283	0.334	1.947	0.594	0.268	0.209	5.145	-8993.350
131	8	500	494	0.5064	0.333	0.339	0.331	0.242	0.247	0.340	0.308	0.389	0.362	0.346	0.250	0.306	0.275	0.327	2.010	0.546	0.336	0.193	9.509	-8964.475
132	8	500	489	0.5124	0.259	0.286	0.278	0.336	0.264	0.251	0.318	0.224	0.278	0.344	0.252	0.277	0.274	0.273	2.107	0.581	0.288	0.189	7.174	-8617.255
133	8	500	499	0.5134	0.279	0.320	0.342	0.262	0.346	0.335	0.244	0.241	0.328	0.291	0.304	0.313	0.274	0.308	1.996	0.564	0.242	0.217	8.141	-8951.896
134	8	500	494	0.5126	0.337	0.311	0.287	0.340	0.344	0.338	0.286	0.348	0.269	0.295	0.271	0.333	0.339	0.341	1.981	0.534	0.315	0.222	10.119	-9141.816
135	8	500	495	0.5069	0.218	0.358	0.340	0.326	0.319	0.384	0.288	0.254	0.331	0.307	0.304	0.371	0.331	0.306	1.804	0.573	0.347	0.195	5.328	-9207.348
136	8	500	493	0.5132	0.331	0.297	0.276	0.288	0.322	0.288	0.260	0.290	0.248	0.277	0.382	0.303	0.261	0.328	2.005	0.590	0.324	0.199	8.078	-8859.869
137	8	500	497	0.5315	0.263	0.381	0.293	0.283	0.309	0.320	0.320	0.262	0.302	0.316	0.281	0.287	0.294	0.256	1.923	0.599	0.321	0.183	12.189	-8846.669
138	8	500	488	0.5150	0.328	0.270	0.206	0.310	0.282	0.247	0.331	0.318	0.254	0.275	0.360	0.254	0.262	0.288	1.938	0.617	0.243	0.213	14.102	-8573.164
139	8	500	492	0.5253	0.447	0.350	0.407	0.355	0.305	0.310	0.262	0.440	0.342	0.334	0.289	0.309	0.299	0.276	2.042	0.578	0.340	0.207	19.884	-9119.424
140	8	500	498	0.5162	0.319	0.311	0.295	0.303	0.417	0.292	0.331	0.302	0.347	0.329	0.314	0.387	0.375	0.274	2.143	0.582	0.334	0.212	8.290	-9229.564
141	8	500	495	0.5059	0.325	0.280	0.246	0.346	0.327	0.306	0.273	0.303	0.295	0.285	0.292	0.258	0.302	0.305	2.069	0.665	0.223	0.203	11.019	-8656.682
142	8	500	486	0.5138	0.278	0.298	0.291	0.299	0.233	0.295	0.305	0.305	0.245	0.305	0.334	0.279	0.285	0.280	1.893	0.579	0.347	0.196	13.528	-8762.498
143	8	500	494	0.5070	0.286	0.325	0.289	0.295	0.309	0.337	0.252	0.256	0.288	0.281	0.347	0.315	0.292	0.332	1.779	0.531	0.354	0.173	8.822	-8959.444
144	8	500	493	0.5121	0.323	0.335	0.232	0.338	0.252	0.333	0.303	0.335	0.278	0.359	0.229	0.274	0.268	0.328	1.962	0.672	0.260	0.192	4.971	-8800.331
145	8	500	491	0.5233	0.192	0.363	0.233	0.287	0.261	0.261	0.297	0.266	0.320	0.257	0.308	0.207	0.291	0.342	1.744	0.648	0.264	0.204	13.860	-8642.444
146	8	500	492	0.5293	0.281	0.253	0.353	0.304	0.308	0.285	0.327	0.357	0.281	0.301	0.319	0.291	0.350	0.353	2.123	0.547	0.332	0.185	11.355	-9037.391
147	8	500	488	0.5216	0.255	0.272	0.273	0.320	0.253	0.322	0.311	0.279	0.267	0.291	0.293	0.265	0.242	0.357	2.124	0.585	0.312	0.202	4.844	-8752.007
148	8	500	494	0.5132	0.418	0.287	0.334	0.305	0.280	0.310	0.295	0.401	0.287	0.319	0.283	0.328	0.321	0.292	2.000	0.623	0.270	0.215	17.092	-8954.119
149	8	500	491	0.5140	0.761	0.331	0.316	0.223	0.298	0.327	0.243	0.682	0.292	0.324	0.312	0.303	0.287	0.239	2.002	0.638	0.256	0.239	36.925	-8799.928
150	8	500	490	0.5016	0.260	0.303	0.320	0.270	0.405	0.278	0.249	0.235	0.273	0.300	0.334	0.250	0.277	0.307	1.958	0.559	0.305	0.194	7.953	-8786.779
151	8	500	491	0.5083	0.194	0.266	0.322	0.304	0.293	0.334	0.268	0.231	0.199	0.324	0.289	0.335	0.340	0.302	1.886	0.679	0.259	0.189	5.006	-8707.306
152	8	500	491	0.5159	0.285	0.271	0.289	0.305	0.275	0.253	0.259	0.288	0.304	0.259	0.298	0.267	0.260	0.305	1.757	0.641	0.243	0.187	10.303	-8523.147
153	8	500	495	0.5159	0.309	0.305	0.278	0.299	0.353	0.317	0.288	0.264	0.361	0.292	0.311	0.339	0.261	0.303	2.047	0.649	0.274	0.205	6.927	-8946.682
154	8	500	494	0.4984	0.317	0.376	0.286	0.317	0.259	0.273	0.312	0.297	0.376	0.318	0.260	0.369	0.284	0.295	2.014	0.565	0.326	0.178	12.512	-8956.545
155	8	500	489	0.5051	0.234	0.297	0.315	0.287	0.285	0.302	0.297	0.232	0.371	0.252	0.374	0.296	0.302	0.287	2.206	0.624	0.258	0.179	5.606	-8710.976
156	8	500	491	0.5226	0.367	0.337	0.233	0.350	0.270	0.247	0.345	0.294	0.304	0.302	0.307	0.216	0.328	0.319	1.751	0.577	0.344	0.212	14.511	-8939.080
157	8	500	498	0.5048	0.322	0.350	0.300	0.327	0.332	0.294	0.278	0.365	0.199	0.261	0.318	0.357	0.303	0.286	1.965	0.577	0.308	0.199	8.875	-8945.892
158	8	500	496	0.5044	0.282	0.305	0.321	0.302	0.306	0.337	0.307	0.374	0.277	0.274	0.249	0.300	0.286	0.316	2.168	0.535	0.289	0.185	7.778	-8870.723
159	8	500	493	0.5129	0.363	0.278	0.245	0.245	0.333	0.253	0.318	0.324	0.365	0.293	0.297	0.305	0.315	0.279	1.942	0.603	0.259	0.223	7.144	-8869.928
160	8	500	495	0.5134	0.287	0.302	0.315	0.310	0.365	0.247	0.337	0.193	0.347	0.344	0.245	0.390	0.326	0.222	1.823	0.547	0.308	0.172	8.327	-8950.230
161	8	500	496	0.5205	0.350	0.290	0.290	0.313	0.351	0.318	0.301	0.325	0.327	0.286	0.285	0.316	0.305	0.335	2.077	0.557	0.329	0.199	6.645	-9078.109
162	8	500	493	0.5158	0.326	0.306	0.318	0.280	0.280	0.252	0.309	0.261	0.254	0.317	0.318	0.286	0.285	0.317	2.216	0.624	0.302	0.187	15.436	-8702.090
163	8	500	490	0.5056	0.252	0.260	0.236	0.279	0.303	0.302	0.347	0.232	0.361	0.318	0.304	0.330	0.266	0.288	1.831	0.679	0.253	0.218	9.487	-8809.481
164	8	500	495	0.5131	0.258	0.343	0.321	0.272	0.289	0.265	0.274	0.274	0.319	0.295	0.271	0.278	0.319	0.357	1.971	0.610	0.283	0.202	8.237	-8836.216
165	8	500	498	0.5088	0.285	0.292	0.326	0.309	0.283	0.312	0.356	0.316	0.357	0.276	0.276	0.332	0.362	0.297	1.929	0.624	0.277	0.203	9.536	-9033.587
166	8	500	492	0.5251	0.261	0.316	0.307	0.348	0.384	0.322	0.341	0.187	0.311	0.238	0.399	0.250	0.290	0.275	1.992	0.606	0.303	0.181	8.183	-8973.065
167	8	500	491	0.5141	0.214	0.289	0.324	0.281	0.275	0.297	0.270	0.230	0.404	0.265	0.320	0.331	0.296	0.327	1.996	0.622	0.313	0.200	7.139	-8844.457
168	8	500	488	0.5141	0.257	0.330	0.298	0.365	0.300	0.339	0.360	0.322	0.266	0.251	0.289	0.394	0.268	0.289	1.930	0.556	0.308	0.195	6.796	-9042.548
169	8	500	492	0.5214	0.421	0.318	0.322	0.292	0.291	0.294	0.337	0.359	0.358	0.280	0.275	0.320	0.307	0.309	2.018	0.583	0.314	0.190	20.932	-8932.149
170	8	500	493	0.5112	0.320	0.337	0.338	0.283	0.290	0.309	0.278	0.336	0.409	0.303	0.298	0.308	0.272	0.337	2.099	0.584	0.292	0.186	15.281	-8934.037
171	8	500	488	0.5252	0.269	0.334	0.338	0.260	0.269	0.317	0.221	0.293	0.281	0.327	0.272	0.228	0.298	0.275	2.036	0.604	0.307	0.202	6.195	-8715.574
172	8	500	488	0.5035	0.258	0.282	0.303	0.291	0.315	0.328	0.252	0.219	0.271	0.312	0.293	0.317	0.261	0.337	1.967	0.525	0.258	0.170	7.912	-8704.270
173	8	500	492	0.5138	0.983	0.269	0.308	0.314	0.359	0.350	0.310	0.962	0.302	0.234	0.344	0.318	0.312	0.276	1.860	0.565	0.341	0.193	75.577	-8960.558
174	8	500	496	0.5318	0.339	0.292	0.307	0.302	0.302	0.354	0.322	0.339	0.316	0.302	0.313	0.323	0.273	0.345	1.949	0.610	0.303	0.243	10.769	-9174.244
175	8	500	495	0.5028	0.261	0.284	0.342	0.336	0.340	0.326	0.357	0.266	0.411	0.279	0.354	0.247	0.261	0.347	2.057	0.560	0.311	0.194	4.909	-9129.543
176	8	500	488	0.5157	0.336	0.335	0.279	0.253	0.267	0.248	0.295	0.310	0.266	0.265	0.291	0.325	0.335	0.309	1.985	0.624	0.263	0.196	10.659	-8682.839
177	8	500	490	0.5230	0.271	0.375	0.292	0.283	0.263	0.254	0.318	0.267	0.296	0.310	0.301	0.277	0.302	0.283	1.971	0.570	0.328	0.189	8.730	-8847.806
178	8	500	494	0.5114	0.198	0.320	0.348	0.306	0.291	0.349	0.297	0.214	0.356	0.316	0.288	0.302	0.298	0.292	1.964	0.616	0.311	0.195	10.755	-8922.225
179	8	500	495	0.5292	0.286	0.300	0.330	0.343	0.333	0.230	0.277	0.231	0.355	0.270	0.280	0.298	0.251	0.272	2.032	0.619	0.298	0.206	5.879	-8766.995
180	8	500	488	0.5087	0.233	0.254	0.314	0.276	0.286	0.347	0.237	0.190	0.297	0.288	0.351	0.296	0.277	0.378	1.926	0.577	0.376	0.180	4.672	-8851.892
181	8	500	491	0.5227	0.301	0.288	0.299	0.317	0.298	0.328	0.301	0.261	0.357	0.248	0.294	0.300	0.289	0.301	2.041	0.520	0.306	0.157	5.686	-8852.534
182	8	500	491	0.5021	0.283	0.331	0.284	0.295	0.320	0.289	0.318	0.279	0.256	0.333	0.244	0.427	0.295	0.325	1.980	0.556	0.326	0.188	11.110	-8891.046
183	8	500	488	0.5008	0.244	0.291	0.387	0.284	0.294	0.331	0.240	0.270	0.262	0.379	0.278	0.320	0.311	0.304	2.078	0.599	0.244	0.205	12.098	-8826.834
184	8	500	492	0.5123	0.285	0.288	0.299	0.285	0.408	0.284	0.306	0.235	0.250	0.333	0.259	0.277	0.322	0.330	2.072	0.518	0.296	0.209	7.009	-8924.759
185	8	500	494	0.5055	0.305	0.294	0.226	0.289	0.307	0.306	0.257	0.323	0.295	0.269	0.276	0.316	0.324	0.272	1.976	0.573	0.297	0.184	11.471	-8638.599
186	8	500	492	0.5191	0.335	0.294	0.299	0.288	0.285	0.362	0.331	0.354	0.331	0.247	0.312	0.336	0.276	0.324	1.950	0.606	0.307	0.214	13.414	-8973.790
187	8	500	487	0.4894	0.292	0.257	0.283	0.321	0.277	0.319	0.287	0.293	0.310	0.288	0.265	0.280	0.279	0.297	1.962	0.659	0.266	0.194	10.192	-8624.749
188	8	500	484	0.5039	0.426	0.277	0.260	0.334	0.253	0.269	0.288	0.385	0.304	0.346	0.282	0.337	0.314	0.288	1.943	0.560	0.330	0.164	10.535	-8795.488
189	8	500	492	0.5064	0.286	0.291	0.285	0.359	0.269	0.291	0.275	0.296	0.384	0.273	0.288	0.284	0.333	0.307	2.032	0.635	0.301	0.197	13.145	-8837.909
190	8	500	493	0.5229	0.266	0.274	0.381	0.351	0.305	0.319	0.295	0.284	0.312	0.303	0.303	0.315	0.319	0.279	2.134	0.661	0.280	0.219	8.854	-9029.267
191	8	500	491	0.5181	0.219	0.354	0.270	0.305	0.300	0.349	0.312	0.279	0.280	0.335	0.322	0.313	0.267	0.256	1.914	0.615	0.268	0.211	7.014	-8920.622
192	8	500	492	0.5233	0.397	0.268	0.278	0.316	0.284	0.266	0.244	0.404	0.248	0.293	0.269	0.318	0.325	0.265	2.014	0.663	0.276	0.224	15.722	-8683.306
193	8	500	497	0.5092	0.352	0.256	0.303	0.314	0.261	0.314	0.266	0.322	0.255	0.288	0.381	0.329	0.337	0.306	2.052	0.556	0.332	0.210	9.827	-8991.665
194	8	500	489	0.5116	0.266	0.277	0.269	0.323	0.328	0.305	0.266	0.241	0.269	0.349	0.275	0.256	0.266	0.317	2.031	0.594	0.277	0.192	9.503	-8711.580
195	8	500	491	0.4999	0.429	0.181	0.286	0.369	0.287	0.264	0.313	0.489	0.349	0.332	0.280	0.334	0.291	0.302	2.202	0.577	0.348	0.194	30.087	-8820.438
196	8	500	497	0.5025	0.283	0.305	0.300	0.276	0.260	0.285	0.306	0.245	0.286	0.333	0.224	0.292	0.299	0.311	1.883	0.597	0.295	0.199	6.665	-8769.950
197	8	500	492	0.5050	0.238	0.308	0.306	0.349	0.362	0.366	0.267	0.232	0.300	0.346	0.321	0.226	0.316	0.297	1.842	0.589	0.316	0.212	7.546	-9023.622
198	8	500	493	0.5281	4.494	0.330	0.289	0.304	0.262	0.278	0.362	4.439	0.294	0.321	0.262	0.296	0.334	0.329	1.914	0.638	0.343	0.209	998.996	-8989.626
199	8	500	491	0.5061	0.670	0.315	0.354	0.326	0.294	0.306	0.280	0.478	0.330	0.306	0.303	0.276	0.263	0.329	1.923	0.604	0.315	0.190	33.479	-8911.325
200	8	500	489	0.5018	0.265	0.291	0.271	0.288	0.333	0.324	0.277	0.299	0.350	0.309	0.317	0.310	0.261	0.297	2.153	0.619	0.265	0.200	9.658	-8782.711
201	8	500	490	0.5093	0.403	0.301	0.299	0.214	0.309	0.318	0.317	0.390	0.348	0.304	0.322	0.295	0.330	0.330	2.076	0.599	0.311	0.207	21.932	-8923.169
202	8	500	492	0.5373	0.258	0.320	0.345	0.310	0.331	0.283	0.296	0.337	0.248	0.281	0.268	0.254	0.275	0.301	1.911	0.580	0.274	0.199	9.977	-8831.820
203	8	500	494	0.5197	0.267	0.312	0.286	0.277	0.335	0.337	0.368	0.347	0.279	0.352	0.299	0.299	0.302	0.294	2.015	0.613	0.313	0.195	7.037	-9051.068
204	8	500	490	0.5250	0.256	0.318	0.286	0.337	0.333	0.369	0.246	0.221	0.352	0.274	0.302	0.222	0.293	0.291	1.937	0.569	0.302	0.180	5.290	-8846.538
205	8	500	493	0.5148	0.381	0.291	0.269	0.363	0.251	0.350	0.275	0.465	0.299	0.286	0.315	0.278	0.282	0.275	1.869	0.587	0.346	0.200	18.667	-8892.596
206	8	500	489	0.5158	0.337	0.274	0.287	0.285	0.279	0.354	0.370	0.313	0.313	0.293	0.274	0.382	0.313	0.302	1.942	0.592	0.308	0.177	12.201	-8961.350
207	8	500	489	0.5128	0.354	0.298	0.241	0.313	0.320	0.307	0.259	0.360	0.300	0.315	0.222	0.340	0.293	0.291	2.007	0.645	0.275	0.189	14.864	-8648.371
208	8	500	493	0.5167	0.242	0.287	0.304	0.269	0.311	0.348	0.293	0.308	0.299	0.307	0.279	0.275	0.239	0.291	1.982	0.627	0.292	0.205	14.589	-8747.727
209	8	500	490	0.5109	0.338	0.352	0.346	0.329	0.312	0.262	0.291	0.386	0.310	0.265	0.328	0.315	0.249	0.360	2.201	0.634	0.255	0.172	16.479	-8732.118
210	8	500	492	0.5152	0.272	0.351	0.295	0.283	0.325	0.309	0.243	0.310	0.233	0.365	0.280	0.381	0.349	0.260	1.858	0.612	0.308	0.217	10.000	-8950.588
211	8	500	491	0.4912	0.362	0.297	0.341	0.321	0.333	0.328	0.291	0.343	0.292	0.265	0.291	0.325	0.278	0.294	2.313	0.600	0.293	0.176	14.351	-8786.089
212	8	500	494	0.5024	0.313	0.198	0.287	0.299	0.291	0.368	0.217	0.270	0.287	0.332	0.276	0.297	0.358	0.304	2.137	0.648	0.262	0.211	8.407	-8733.996
213	8	500	491	0.5275	0.367	0.339	0.277	0.248	0.344	0.271	0.318	0.303	0.356	0.297	0.329	0.305	0.340	0.291	1.956	0.600	0.332	0.184	18.707	-8915.098
214	8	500	496	0.5070	0.450	0.242	0.346	0.347	0.338	0.250	0.306	0.399	0.225	0.288	0.321	0.295	0.245	0.280	2.126	0.594	0.303	0.207	17.176	-8776.039
215	8	500	494	0.5090	0.259	0.341	0.315	0.295	0.327	0.299	0.316	0.290	0.274	0.309	0.316	0.363	0.302	0.279	2.085	0.575	0.320	0.186	10.211	-8939.505
216	8	500	489	0.4927	0.226	0.322	0.304	0.286	0.321	0.259	0.383	0.288	0.337	0.280	0.346	0.241	0.275	0.339	2.156	0.592	0.335	0.211	7.487	-8928.812
217	8	500	491	0.5258	0.304	0.269	0.238	0.295	0.275	0.312	0.236	0.356	0.317	0.271	0.325	0.249	0.319	0.227	1.968	0.534	0.303	0.164	5.598	-8637.914
218	8	500	489	0.5220	0.304	0.288	0.302	0.260	0.326	0.283	0.274	0.259	0.318	0.272	0.302	0.266	0.321	0.288	1.807	0.595	0.273	0.212	12.365	-8774.155
219	8	500	487	0.5083	0.514	0.374	0.309	0.323	0.248	0.280	0.338	0.540	0.274	0.274	0.310	0.259	0.276	0.299	2.023	0.548	0.378	0.177	21.520	-8921.061
220	8	500	492	0.5053	0.286	0.255	0.280	0.360	0.346	0.292	0.311	0.273	0.248	0.316	0.339	0.274	0.249	0.261	1.933	0.606	0.296	0.205	8.672	-8790.951
221	8	500	497	0.5047	0.293	0.281	0.282	0.291	0.276	0.308	0.295	0.257	0.301	0.284	0.256	0.220	0.350	0.348	1.945	0.581	0.323	0.184	8.163	-8797.218
222	8	500	495	0.5210	0.228	0.369	0.325	0.263	0.283	0.282	0.249	0.302	0.294	0.319	0.307	0.225	0.377	0.295	1.846	0.656	0.290	0.197	11.563	-8806.812
223	8	500	493	0.5005	0.268	0.284	0.315	0.327	0.314	0.282	0.311	0.309	0.355	0.280	0.315	0.347	0.341	0.322	1.950	0.566	0.335	0.183	7.162	-9058.622
224	8	500	496	0.5185	0.216	0.327	0.299	0.285	0.290	0.314	0.319	0.293	0.362	0.299	0.224	0.289	0.305	0.267	1.948	0.588	0.254	0.195	6.771	-8763.123
225	8	500	490	0.5234	0.345	0.325	0.282	0.353	0.284	0.302	0.308	0.342	0.265	0.283	0.264	0.307	0.357	0.285	2.141	0.597	0.343	0.190	14.666	-8876.716
226	8	500	488	0.5242	0.273	0.262	0.288	0.298	0.331	0.320	0.268	0.269	0.335	0.289	0.256	0.208	0.281	0.250	2.039	0.563	0.337	0.189	10.902	-8613.424
227	8	500	497	0.5072	0.215	0.346	0.290	0.252	0.318	0.310	0.294	0.302	0.338	0.348	0.252	0.320	0.314	0.336	1.941	0.586	0.322	0.228	5.694	-9105.237
228	8	500	492	0.5084	0.260	0.330	0.314	0.286	0.256	0.331	0.255	0.299	0.327	0.275	0.273	0.277	0.266	0.278	1.829	0.606	0.247	0.200	11.319	-8649.148
229	8	500	493	0.5193	0.257	0.247	0.281	0.344	0.314	0.321	0.293	0.268	0.230	0.266	0.268	0.343	0.265	0.347	2.064	0.529	0.355	0.213	9.226	-8869.405
230	8	500	493	0.5123	0.230	0.244	0.283	0.259	0.359	0.336	0.309	0.264	0.326	0.340	0.264	0.361	0.219	0.312	1.972	0.568	0.298	0.217	10.962	-8861.127
231	8	500	497	0.4977	0.318	0.303	0.311	0.294	0.277	0.272	0.315	0.339	0.272	0.324	0.263	0.348	0.309	0.343	2.066	0.645	0.265	0.218	9.492	-8846.683
232	8	500	486	0.5158	0.299	0.264	0.307	0.276	0.295	0.332	0.250	0.343	0.339	0.320	0.342	0.281	0.327	0.246	2.112	0.560	0.359	0.164	11.451	-8819.608
233	8	500	494	0.5398	0.362	0.317	0.301	0.320	0.303	0.260	0.327	0.405	0.347	0.315	0.339	0.309	0.288	0.303	2.116	0.589	0.270	0.182	13.030	-8984.991
234	8	500	490	0.5182	0.357	0.263	0.268	0.348	0.318	0.267	0.344	0.330	0.341	0.280	0.294	0.300	0.276	0.245	1.977	0.632	0.286	0.198	11.385	-8741.523
235	8	500	491	0.5230	0.296	0.314	0.299	0.343	0.280	0.356	0.270	0.224	0.261	0.270	0.385	0.343	0.327	0.278	2.333	0.595	0.255	0.195	5.983	-8859.640
236	8	500	494	0.5067	0.335	0.278	0.350	0.249	0.289	0.335	0.267	0.342	0.397	0.319	0.306	0.188	0.299	0.272	1.978	0.635	0.271	0.226	12.605	-8857.334
237	8	500	493	0.5216	0.391	0.339	0.270	0.331	0.328	0.354	0.348	0.422	0.301	0.325	0.271	0.348	0.269	0.322	2.197	0.617	0.277	0.207	24.244	-8978.477
238	8	500	495	0.4918	0.216	0.331	0.333	0.278	0.327	0.309	0.317	0.200	0.352	0.314	0.351	0.273	0.323	0.374	2.047	0.537	0.309	0.191	5.261	-9077.213
239	8	500	494	0.5347	0.285	0.310	0.355	0.294	0.278	0.301	0.302	0.266	0.317	0.324	0.288	0.266	0.288	0.296	1.882	0.622	0.267	0.235	7.731	-8955.098
240	8	500	491	0.5133	0.277	0.312	0.322	0.287	0.322	0.271	0.288	0.316	0.353	0.315	0.240	0.263	0.313	0.253	2.065	0.561	0.343	0.167	7.058	-8764.451
241	8	500	491	0.5267	0.410	0.254	0.323	0.309	0.304	0.288	0.320	0.414	0.299	0.282	0.334	0.298	0.363	0.289	2.138	0.587	0.332	0.214	22.329	-8923.939
242	8	500	488	0.5118	0.256	0.283	0.324	0.295	0.321	0.269	0.291	0.267	0.287	0.279	0.278	0.347	0.273	0.310	2.114	0.575	0.296	0.172	11.334	-8659.671
243	8	500	495	0.5119	0.272	0.277	0.296	0.275	0.316	0.266	0.318	0.245	0.330	0.328	0.266	0.213	0.351	0.355	1.781	0.655	0.240	0.187	7.543	-8830.626
244	8	500	492	0.5005	0.391	0.353	0.256	0.274	0.224	0.270	0.294	0.363	0.246	0.268	0.323	0.312	0.275	0.311	2.053	0.672	0.249	0.233	16.547	-8669.907
245	8	500	493	0.5028	1.098	0.301	0.295	0.338	0.273	0.304	0.325	1.157	0.272	0.255	0.348	0.325	0.303	0.247	2.213	0.658	0.266	0.210	75.086	-8807.730
246	8	500	492	0.5096	0.222	0.250	0.321	0.385	0.352	0.328	0.274	0.262	0.323	0.278	0.318	0.329	0.333	0.284	2.022	0.554	0.305	0.201	4.713	-9034.773
247	8	500	492	0.5102	0.337	0.282	0.257	0.355	0.272	0.310	0.303	0.268	0.322	0.328	0.315	0.305	0.300	0.321	1.963	0.568	0.233	0.235	9.874	-9021.972
248	8	500	493	0.5064	0.311	0.281	0.285	0.331	0.297	0.351	0.288	0.275	0.302	0.313	0.250	0.339	0.329	0.319	1.934	0.560	0.285	0.224	9.721	-9015.767
249	8	500	496	0.4996	0.422	0.334	0.271	0.366	0.277	0.302	0.339	0.429	0.304	0.328	0.306	0.375	0.292	0.334	2.132	0.642	0.287	0.189	17.465	-9017.379
250	8	500	493	0.5215	0.272	0.316	0.250	0.277	0.307	0.298	0.288	0.303	0.294	0.319	0.303	0.255	0.287	0.347	1.808	0.648	0.268	0.225	11.327	-8846.241
251	8	500	494	0.5103	0.244	0.305	0.350	0.271	0.264	0.352	0.281	0.233	0.333	0.308	0.318	0.328	0.321	0.230	2.055	0.593	0.298	0.196	5.205	-8911.296
252	8	500	496	0.5182	0.321	0.331	0.314	0.307	0.277	0.348	0.297	0.295	0.315	0.335	0.299	0.309	0.327	0.301	1.926	0.609	0.284	0.234	12.200	-9109.297
253	8	500	490	0.5018	0.306	0.296	0.266	0.272	0.290	0.364	0.375	0.294	0.284	0.283	0.276	0.295	0.291	0.262	2.031	0.619	0.321	0.191	10.678	-8789.899
254	8	500	493	0.5019	0.302	0.291	0.308	0.294	0.292	0.328	0.252	0.245	0.282	0.314	0.351	0.287	0.236	0.317	2.000	0.640	0.241	0.213	5.862	-8760.160
255	8	500	493	0.5113	0.259	0.278	0.327	0.276	0.379	0.238	0.267	0.218	0.359	0.304	0.304	0.219	0.313	0.302	2.165	0.584	0.318	0.185	4.316	-8723.839
256	8	500	492	0.5145	0.314	0.316	0.337	0.275	0.263	0.299	0.364	0.231	0.279	0.346	0.284	0.286	0.337	0.310	2.050	0.543	0.313	0.169	9.335	-8883.490
257	8	500	491	0.5105	0.270	0.280	0.267	0.331	0.295	0.308	0.305	0.246	0.249	0.289	0.341	0.324	0.294	0.338	2.101	0.610	0.245	0.242	7.651	-8880.554
258	8	500	495	0.4962	0.298	0.304	0.259	0.267	0.251	0.298	0.360	0.313	0.310	0.277	0.329	0.275	0.284	0.278	1.904	0.646	0.251	0.229	7.390	-8782.158
259	8	500	490	0.5200	0.383	0.357	0.305	0.287	0.214	0.314	0.280	0.437	0.310	0.273	0.326	0.271	0.322	0.300	2.000	0.620	0.299	0.186	11.299	-8802.252
260	8	500	496	0.5086	0.381	0.317	0.330	0.307	0.335	0.287	0.358	0.370	0.301	0.360	0.280	0.262	0.312	0.281	1.919	0.555	0.265	0.209	12.170	-9100.517
261	8	500	487	0.5075	0.249	0.313	0.283	0.354	0.319	0.275	0.302	0.291	0.258	0.285	0.301	0.368	0.284	0.291	2.005	0.581	0.301	0.192	7.362	-8848.094
262	8	500	497	0.5194	0.310	0.314	0.311	0.317	0.300	0.306	0.284	0.250	0.307	0.314	0.353	0.277	0.320	0.294	2.055	0.535	0.355	0.189	7.700	-9044.024
263	8	500	493	0.5165	0.523	0.248	0.336	0.272	0.359	0.337	0.321	0.527	0.281	0.331	0.310	0.404	0.282	0.372	2.097	0.539	0.396	0.184	23.929	-9192.520
264	8	500	492	0.5261	9.049	0.280	0.262	0.361	0.276	0.350	0.241	9.018	0.276	0.241	0.309	0.215	0.286	0.308	2.064	0.701	0.254	0.233	998.999	-8629.809
265	8	500	496	0.5133	0.337	0.342	0.336	0.282	0.348	0.256	0.320	0.295	0.321	0.318	0.397	0.345	0.300	0.295	1.996	0.637	0.253	0.213	11.643	-9037.482
266	8	500	495	0.5127	0.326	0.280	0.272	0.323	0.300	0.313	0.244	0.320	0.288	0.303	0.258	0.348	0.267	0.267	1.930	0.625	0.296	0.203	18.865	-8690.867
267	8	500	495	0.5166	0.302	0.353	0.255	0.300	0.243	0.275	0.338	0.337	0.350	0.343	0.280	0.306	0.320	0.304	2.113	0.599	0.277	0.191	7.103	-8966.407
268	8	500	491	0.5147	0.420	0.274	0.291	0.303	0.388	0.296	0.269	0.424	0.362	0.278	0.300	0.264	0.272	0.251	1.896	0.555	0.405	0.192	37.652	-8783.555
269	8	500	495	0.5093	0.574	0.295	0.297	0.307	0.322	0.272	0.263	0.528	0.303	0.282	0.300	0.324	0.266	0.307	1.914	0.604	0.287	0.224	20.245	-8913.600
270	8	500	490	0.5224	0.250	0.341	0.320	0.255	0.319	0.320	0.309	0.308	0.390	0.285	0.289	0.288	0.302	0.252	1.979	0.471	0.371	0.182	4.830	-9023.601
271	8	500	485	0.5068	0.261	0.290	0.303	0.276	0.288	0.315	0.361	0.291	0.327	0.319	0.290	0.274	0.307	0.317	2.010	0.563	0.296	0.199	7.753	-8938.903
272	8	500	495	0.5009	0.358	0.313	0.272	0.327	0.284	0.240	0.295	0.303	0.306	0.369	0.247	0.334	0.336	0.373	1.871	0.593	0.307	0.203	7.496	-9075.005
273	8	500	497	0.5228	0.253	0.256	0.344	0.247	0.325	0.317	0.304	0.290	0.245	0.288	0.364	0.359	0.339	0.324	1.865	0.590	0.260	0.207	9.569	-9012.789
274	8	500	494	0.5112	0.355	0.228	0.242	0.294	0.318	0.341	0.283	0.362	0.327	0.314	0.299	0.310	0.305	0.327	2.127	0.602	0.281	0.196	12.500	-8848.246
275	8	500	493	0.5148	0.299	0.325	0.248	0.281	0.273	0.305	0.256	0.261	0.314	0.359	0.305	0.290	0.247	0.283	2.230	0.615	0.300	0.199	11.039	-8633.191
276	8	500	492	0.5125	0.304	0.346	0.270	0.296	0.217	0.250	0.332	0.295	0.288	0.315	0.331	0.304	0.315	0.302	2.061	0.560	0.350	0.181	9.787	-8860.034
277	8	500	495	0.5203	0.245	0.299	0.302	0.273	0.329	0.310	0.350	0.185	0.318	0.272	0.338	0.357	0.294	0.336	2.168	0.575	0.311	0.220	9.416	-8991.898
278	8	500	492	0.5134	0.271	0.338	0.318	0.289	0.319	0.350	0.254	0.247	0.363	0.293	0.333	0.296	0.288	0.264	2.204	0.538	0.291	0.166	6.791	-8852.397
279	8	500	488	0.5062	0.298	0.288	0.219	0.303	0.228	0.293	0.270	0.302	0.312	0.275	0.273	0.273	0.285	0.301	2.047	0.616	0.323	0.196	10.406	-8526.744
280	8	500	492	0.5117	0.366	0.300	0.230	0.323	0.287	0.319	0.299	0.349	0.232	0.293	0.336	0.273	0.259	0.300	2.048	0.615	0.302	0.195	18.334	-8666.046
281	8	500	491	0.5041	0.262	0.267	0.280	0.277	0.397	0.352	0.317	0.289	0.333	0.334	0.357	0.295	0.275	0.355	2.110	0.627	0.275	0.202	6.763	-9023.277
282	8	500	493	0.4985	0.398	0.359	0.332	0.275	0.232	0.299	0.269	0.392	0.276	0.335	0.299	0.306	0.330	0.297	1.939	0.590	0.297	0.188	16.971	-8857.312
283	8	500	495	0.5064	0.236	0.282	0.299	0.314	0.289	0.370	0.318	0.243	0.297	0.274	0.285	0.298	0.326	0.264	2.106	0.576	0.264	0.210	8.053	-8828.146
284	8	500	493	0.5119	0.314	0.324	0.290	0.330	0.345	0.357	0.322	0.397	0.355	0.347	0.281	0.280	0.313	0.265	1.976	0.605	0.206	0.203	11.282	-9013.391
285	8	500	493	0.5054	0.386	0.334	0.313	0.263	0.274	0.280	0.325	0.455	0.245	0.249	0.333	0.332	0.337	0.314	2.035	0.560	0.330	0.190	18.336	-8850.250
286	8	500	496	0.5246	0.210	0.261	0.279	0.309	0.266	0.322	0.329	0.215	0.263	0.328	0.333	0.358	0.271	0.335	1.984	0.603	0.281	0.207	5.271	-8919.668
287	8	500	491	0.5117	0.357	0.306	0.279	0.268	0.263	0.294	0.357	0.424	0.355	0.296	0.327	0.342	0.369	0.306	1.988	0.503	0.353	0.172	10.624	-9064.741
288	8	500	492	0.5252	0.649	0.300	0.314	0.273	0.279	0.338	0.362	0.675	0.319	0.250	0.334	0.361	0.261	0.317	1.930	0.626	0.321	0.205	50.068	-8996.907
289	8	500	490	0.5342	0.357	0.296	0.250	0.335	0.289	0.297	0.328	0.288	0.330	0.275	0.311	0.291	0.314	0.284	1.957	0.588	0.311	0.196	8.506	-8886.102
290	8	500	496	0.5198	0.264	0.290	0.296	0.284	0.351	0.292	0.283	0.319	0.278	0.345	0.291	0.285	0.208	0.359	1.979	0.595	0.288	0.210	6.436	-8871.037
291	8	500	498	0.5101	0.406	0.316	0.306	0.324	0.344	0.259	0.305	0.358	0.296	0.334	0.257	0.342	0.293	0.325	2.210	0.619	0.311	0.229	31.117	-8916.980
292	8	500	493	0.5185	0.258	0.352	0.313	0.313	0.284	0.296	0.298	0.207	0.349	0.297	0.285	0.289	0.304	0.312	2.251	0.560	0.365	0.189	10.340	-8900.650
293	8	500	492	0.5248	0.310	0.311	0.291	0.283	0.277	0.319	0.315	0.359	0.227	0.302	0.347	0.287	0.331	0.256	1.906	0.655	0.283	0.182	17.265	-8723.338
294	8	500	491	0.5180	0.269	0.319	0.255	0.276	0.271	0.305	0.287	0.228	0.251	0.277	0.300	0.289	0.260	0.312	1.886	0.574	0.342	0.210	8.877	-8724.344
295	8	500	493	0.5162	0.449	0.394	0.309	0.322	0.308	0.234	0.281	0.463	0.334	0.294	0.307	0.234	0.386	0.307	1.829	0.612	0.313	0.188	21.257	-8987.971
296	8	500	493	0.5015	0.242	0.274	0.318	0.328	0.273	0.296	0.389	0.232	0.356	0.280	0.316	0.318	0.310	0.264	2.364	0.580	0.282	0.226	6.544	-8924.093
297	8	500	496	0.5159	0.272	0.369	0.236	0.376	0.266	0.290	0.313	0.344	0.283	0.318	0.343	0.219	0.344	0.290	2.038	0.592	0.319	0.182	9.075	-8897.994
298	8	500	493	0.5222	0.314	0.323	0.320	0.313	0.353	0.264	0.308	0.250	0.305	0.295	0.347	0.282	0.312	0.268	2.050	0.549	0.337	0.189	8.814	-8966.293
299	8	500	490	0.5106	0.335	0.264	0.261	0.388	0.268	0.280	0.300	0.304	0.268	0.357	0.250	0.300	0.305	0.302	1.969	0.601	0.289	0.210	16.027	-8855.466
300	8	500	492	0.5084	0.192	0.311	0.333	0.262	0.300	0.305	0.304	0.159	0.371	0.363	0.255	0.313	0.237	0.280	1.955	0.628	0.259	0.225	7.850	-8771.941
301	8	500	489	0.5065	0.404	0.302	0.318	0.282	0.304	0.339	0.261	0.394	0.352	0.303	0.309	0.227	0.306	0.274	2.105	0.599	0.326	0.200	23.005	-8758.704
302	8	500	494	0.5152	0.274	0.319	0.280	0.334	0.257	0.274	0.302	0.303	0.328	0.334	0.274	0.259	0.321	0.313	1.863	0.597	0.284	0.202	8.899	-8856.236
303	8	500	494	0.5054	0.271	0.228	0.357	0.251	0.333	0.298	0.303	0.332	0.259	0.327	0.305	0.334	0.276	0.325	2.035	0.544	0.369	0.174	9.579	-8875.802
304	8	500	494	0.4965	0.328	0.354	0.276	0.347	0.317	0.327	0.240	0.362	0.296	0.290	0.316	0.311	0.304	0.278	2.186	0.577	0.314	0.190	12.321	-8877.204
305	8	500	488	0.4990	0.255	0.297	0.299	0.280	0.310	0.209	0.291	0.275	0.376	0.257	0.299	0.282	0.318	0.271	1.955	0.570	0.314	0.208	8.289	-8733.768
306	8	500	491	0.5028	0.273	0.287	0.347	0.233	0.365	0.301	0.311	0.269	0.372	0.281	0.338	0.298	0.279	0.332	1.929	0.545	0.331	0.183	12.947	-8949.601
307	8	500	498	0.5231	0.299	0.289	0.334	0.275	0.376	0.311	0.264	0.291	0.291	0.332	0.316	0.327	0.294	0.299	1.818	0.581	0.252	0.221	6.410	-9047.322
308	8	500	496	0.5145	0.215	0.322	0.283	0.270	0.349	0.311	0.286	0.217	0.322	0.371	0.301	0.322	0.332	0.301	1.947	0.568	0.230	0.186	12.099	-8892.602
309	8	500	495	0.5172	0.300	0.346	0.300	0.279	0.286	0.255	0.332	0.287	0.253	0.299	0.297	0.286	0.260	0.292	1.833	0.606	0.221	0.203	7.261	-8779.678
310	8	500	495	0.5066	0.317	0.274	0.293	0.264	0.292	0.287	0.308	0.383	0.313	0.279	0.254	0.244	0.264	0.300	2.025	0.598	0.272	0.216	13.338	-8634.207
311	8	500	498	0.5082	0.248	0.298	0.316	0.319	0.321	0.297	0.266	0.179	0.288	0.305	0.298	0.281	0.344	0.300	2.096	0.597	0.268	0.222	6.364	-8873.237
312	8	500	493	0.5174	0.436	0.302	0.331	0.251	0.245	0.327	0.299	0.481	0.250	0.237	0.311	0.266	0.286	0.283	1.985	0.660	0.254	0.222	20.781	-8689.935
313	8	500	493	0.5281	0.265	0.319	0.252	0.284	0.298	0.306	0.299	0.328	0.269	0.269	0.320	0.300	0.300	0.277	1.864	0.604	0.268	0.206	8.927	-8825.258
314	8	500	498	0.5308	0.223	0.318	0.280	0.319	0.364	0.294	0.354	0.212	0.306	0.305	0.299	0.304	0.349	0.324	2.066	0.550	0.316	0.197	10.462	-9024.874
315	8	500	497	0.5142	0.262	0.351	0.359	0.345	0.244	0.331	0.262	0.259	0.360	0.231	0.334	0.316	0.370	0.329	1.951	0.569	0.327	0.220	5.811	-9185.303
316	8	500	493	0.5000	0.261	0.269	0.315	0.321	0.292	0.305	0.283	0.240	0.336	0.245	0.289	0.304	0.279	0.267	2.155	0.520	0.283	0.206	8.925	-8697.631
317	8	500	492	0.5309	0.484	0.225	0.319	0.273	0.327	0.305	0.312	0.476	0.279	0.279	0.265	0.247	0.291	0.271	2.013	0.610	0.283	0.193	21.348	-8695.851
318	8	500	493	0.5102	0.270	0.249	0.398	0.252	0.300	0.321	0.275	0.314	0.294	0.316	0.299	0.291	0.334	0.281	2.107	0.532	0.374	0.172	7.965	-8880.008
319	8	500	497	0.5237	0.456	0.294	0.262	0.269	0.259	0.263	0.279	0.477	0.232	0.300	0.280	0.296	0.270	0.372	2.035	0.655	0.274	0.192	18.707	-8655.984
320	8	500	491	0.5028	0.319	0.277	0.298	0.326	0.330	0.278	0.331	0.327	0.385	0.268	0.330	0.263	0.239	0.311	1.969	0.613	0.267	0.232	12.097	-8916.260
321	8	500	487	0.5183	0.307	0.298	0.289	0.291	0.289	0.261	0.317	0.292	0.341	0.357	0.216	0.278	0.370	0.263	2.107	0.577	0.320	0.179	9.941	-8762.310
322	8	500	496	0.5166	0.332	0.298	0.270	0.268	0.316	0.331	0.258	0.266	0.256	0.275	0.309	0.300	0.283	0.257	2.088	0.600	0.296	0.196	11.661	-8656.873
323	8	500	492	0.5058	0.365	0.301	0.307	0.331	0.398	0.314	0.318	0.338	0.330	0.338	0.294	0.322	0.353	0.308	1.940	0.499	0.327	0.168	15.450	-9154.735
324	8	500	489	0.5222	0.248	0.373	0.324	0.274	0.285	0.246	0.283	0.306	0.268	0.297	0.269	0.308	0.339	0.286	2.062	0.559	0.311	0.183	6.759	-8786.617
325	8	500	495	0.5163	0.286	0.256	0.240	0.314	0.294	0.272	0.296	0.276	0.311	0.269	0.312	0.283	0.324	0.331	1.869	0.555	0.287	0.179	9.374	-8799.168
326	8	500	491	0.5299	0.337	0.343	0.286	0.303	0.268	0.288	0.295	0.383	0.290	0.307	0.315	0.350	0.316	0.281	1.885	0.661	0.267	0.224	15.219	-8940.651
327	8	500	494	0.5066	0.355	0.352	0.288	0.328	0.223	0.310	0.307	0.333	0.282	0.296	0.308	0.263	0.301	0.294	1.910	0.633	0.286	0.231	8.803	-8937.663
328	8	500	494	0.5236	0.301	0.318	0.299	0.279	0.303	0.293	0.310	0.378	0.269	0.278	0.284	0.308	0.298	0.268	2.026	0.646	0.290	0.210	12.399	-8792.706
329	8	500	496	0.5149	0.320	0.295	0.248	0.348	0.259	0.310	0.296	0.260	0.286	0.291	0.289	0.318	0.273	0.332	2.008	0.597	0.282	0.202	7.191	-8831.831
330	8	500	487	0.5204	0.306	0.286	0.293	0.349	0.322	0.289	0.269	0.300	0.272	0.323	0.304	0.249	0.248	0.312	2.149	0.562	0.334	0.171	11.845	-8691.628
331	8	500	494	0.5122	0.299	0.243	0.362	0.245	0.298	0.307	0.295	0.293	0.249	0.321	0.287	0.303	0.256	0.315	2.036	0.571	0.292	0.216	8.314	-8793.158
332	8	500	494	0.5092	0.272	0.304	0.346	0.261	0.308	0.287	0.276	0.283	0.241	0.297	0.315	0.289	0.399	0.281	2.123	0.612	0.273	0.234	15.585	-8810.121
333	8	500	494	0.5163	0.330	0.337	0.255	0.305	0.305	0.310	0.283	0.303	0.311	0.302	0.293	0.251	0.323	0.258	2.011	0.629	0.292	0.195	10.757	-8773.136
334	8	500	493	0.5077	0.395	0.310	0.374	0.289	0.337	0.292	0.278	0.426	0.261	0.319	0.301	0.311	0.339	0.292	1.822	0.622	0.241	0.224	8.938	-9096.611
335	8	500	489	0.4989	0.258	0.252	0.300	0.321	0.354	0.339	0.258	0.235	0.315	0.294	0.321	0.304	0.320	0.231	2.088	0.522	0.299	0.178	4.278	-8826.632
336	8	500	490	0.5166	0.188	0.294	0.295	0.303	0.313	0.281	0.289	0.146	0.285	0.338	0.272	0.298	0.304	0.340	2.082	0.589	0.284	0.196	5.655	-8705.132
337	8	500	494	0.5008	0.287	0.325	0.253	0.383	0.262	0.275	0.311	0.313	0.317	0.312	0.283	0.348	0.318	0.294	2.076	0.631	0.311	0.218	21.098	-8880.557
338	8	500	495	0.4953	0.417	0.248	0.269	0.319	0.355	0.352	0.280	0.463	0.324	0.345	0.315	0.279	0.313	0.298	2.239	0.594	0.322	0.169	16.723	-8898.688
339	8	500	490	0.5203	0.243	0.375	0.275	0.285	0.308	0.335	0.288	0.246	0.274	0.264	0.320	0.372	0.326	0.295	2.027	0.515	0.379	0.158	6.890	-8933.123
340	8	500	494	0.5106	0.428	0.249	0.274	0.317	0.323	0.296	0.296	0.422	0.326	0.321	0.271	0.295	0.271	0.325	1.974	0.600	0.258	0.189	17.521	-8803.096
341	8	500	491	0.5195	0.264	0.269	0.284	0.272	0.266	0.293	0.257	0.277	0.272	0.338	0.268	0.280	0.335	0.277	1.996	0.589	0.325	0.194	12.283	-8613.119
342	8	500	497	0.5086	0.328	0.280	0.314	0.292	0.268	0.322	0.328	0.345	0.314	0.291	0.307	0.265	0.313	0.322	1.921	0.616	0.199	0.223	5.862	-8934.134
343	8	500	493	0.5088	0.310	0.278	0.236	0.302	0.218	0.283	0.335	0.301	0.360	0.271	0.340	0.299	0.294	0.280	2.050	0.541	0.309	0.172	7.234	-8776.518
344	8	500	496	0.4902	0.267	0.298	0.307	0.286	0.350	0.347	0.322	0.244	0.318	0.295	0.356	0.321	0.357	0.289	1.867	0.524	0.312	0.205	8.241	-9129.582
345	8	500	489	0.5043	0.336	0.341	0.251	0.272	0.261	0.304	0.323	0.299	0.300	0.289	0.294	0.229	0.267	0.290	1.988	0.584	0.312	0.168	9.922	-8590.050
346	8	500	497	0.5143	0.390	0.290	0.288	0.311	0.338	0.288	0.279	0.349	0.282	0.282	0.265	0.302	0.223	0.359	1.937	0.635	0.281	0.194	11.722	-8765.620
347	8	500	495	0.5200	0.314	0.272	0.332	0.284	0.270	0.277	0.339	0.291	0.275	0.294	0.274	0.330	0.238	0.335	2.052	0.657	0.259	0.204	10.794	-8728.394
348	8	500	495	0.5129	0.318	0.290	0.273	0.311	0.336	0.335	0.266	0.242	0.327	0.302	0.322	0.297	0.352	0.301	1.889	0.641	0.251	0.187	5.167	-8910.261
349	8	500	492	0.5246	0.200	0.324	0.294	0.288	0.341	0.344	0.289	0.244	0.249	0.281	0.317	0.364	0.329	0.286	1.971	0.545	0.295	0.180	5.060	-8937.548
350	8	500	494	0.5235	0.266	0.270	0.237	0.319	0.276	0.277	0.335	0.309	0.366	0.300	0.256	0.330	0.297	0.292	1.962	0.595	0.279	0.221	9.560	-8835.047
351	8	500	493	0.5092	0.287	0.312	0.260	0.352	0.299	0.338	0.328	0.361	0.262	0.332	0.278	0.289	0.315	0.335	1.934	0.608	0.305	0.234	9.746	-9089.500
352	8	500	492	0.5108	15.518	0.323	0.263	0.289	0.229	0.328	0.310	15.581	0.332	0.297	0.317	0.279	0.287	0.268	1.977	0.596	0.313	0.221	998.995	-8894.186
353	8	500	490	0.5088	0.460	0.290	0.333	0.262	0.296	0.296	0.290	0.157	0.279	0.322	0.312	0.308	0.281	0.327	2.044	0.598	0.307	0.188	9.616	-8833.317
354	8	500	491	0.5191	0.308	0.320	0.240	0.265	0.301	0.295	0.300	0.280	0.321	0.249	0.326	0.290	0.291	0.254	1.959	0.639	0.283	0.213	15.993	-8644.872
355	8	500	494	0.5039	0.268	0.309	0.300	0.268	0.368	0.315	0.287	0.277	0.318	0.251	0.259	0.307	0.303	0.296	1.969	0.575	0.327	0.214	9.795	-8884.738
356	8	500	492	0.5096	0.222	0.234	0.290	0.317	0.252	0.290	0.304	0.277	0.284	0.247	0.303	0.327	0.278	0.320	2.049	0.648	0.275	0.219	9.170	-8689.808
357	8	500	496	0.5229	0.326	0.327	0.298	0.307	0.340	0.274	0.333	0.254	0.310	0.292	0.277	0.307	0.297	0.305	2.257	0.548	0.319	0.211	8.424	-8987.164
358	8	500	493	0.5294	0.277	0.338	0.341	0.285	0.277	0.259	0.288	0.338	0.336	0.337	0.250	0.251	0.334	0.304	2.022	0.583	0.285	0.180	14.267	-8736.622
359	8	500	493	0.5088	0.337	0.346	0.308	0.326	0.274	0.333	0.275	0.365	0.252	0.285	0.316	0.241	0.339	0.359	1.929	0.591	0.287	0.213	5.341	-9106.509
360	8	500	493	0.4945	0.282	0.303	0.371	0.359	0.284	0.320	0.321	0.292	0.259	0.280	0.313	0.375	0.316	0.320	2.016	0.568	0.353	0.193	14.093	-9069.795
361	8	500	494	0.5157	0.351	0.281	0.305	0.307	0.302	0.287	0.289	0.358	0.289	0.333	0.305	0.284	0.314	0.319	1.989	0.546	0.359	0.185	11.768	-8950.564
362	8	500	493	0.5111	0.242	0.283	0.259	0.310	0.243	0.252	0.296	0.206	0.326	0.248	0.342	0.341	0.325	0.279	2.185	0.542	0.286	0.189	5.676	-8624.430
363	8	500	498	0.5197	0.323	0.314	0.347	0.286	0.275	0.263	0.298	0.304	0.305	0.308	0.250	0.289	0.307	0.253	2.070	0.641	0.222	0.214	7.220	-8740.579
364	8	500	496	0.5315	0.643	0.326	0.274	0.299	0.213	0.283	0.326	0.692	0.365	0.326	0.313	0.269	0.327	0.279	2.001	0.615	0.330	0.206	42.574	-8961.293
365	8	500	492	0.4978	0.335	0.370	0.291	0.298	0.312	0.290	0.324	0.273	0.329	0.307	0.289	0.336	0.267	0.383	1.778	0.620	0.326	0.180	12.615	-8962.599
366	8	500	490	0.5246	0.318	0.262	0.367	0.285	0.331	0.330	0.263	0.315	0.315	0.308	0.306	0.280	0.297	0.313	2.017	0.564	0.265	0.197	7.276	-8972.975
367	8	500	493	0.5275	0.280	0.317	0.339	0.362	0.297	0.309	0.283	0.361	0.331	0.325	0.310	0.327	0.285	0.335	2.054	0.572	0.322	0.198	11.101	-9107.762
368	8	500	493	0.4988	0.392	0.300	0.322	0.355	0.286	0.307	0.388	0.359	0.276	0.317	0.342	0.307	0.362	0.284	1.930	0.553	0.282	0.224	7.030	-9265.559
369	8	500	490	0.5224	0.382	0.316	0.325	0.301	0.301	0.284	0.251	0.311	0.355	0.318	0.260	0.288	0.332	0.280	2.162	0.563	0.343	0.193	22.029	-8833.105
370	8	500	486	0.5088	0.305	0.269	0.312	0.246	0.283	0.283	0.302	0.332	0.310	0.307	0.240	0.328	0.354	0.263	1.914	0.668	0.237	0.216	13.169	-8642.496
371	8	500	497	0.5172	0.511	0.354	0.305	0.303	0.301	0.388	0.288	0.548	0.288	0.369	0.275	0.294	0.238	0.276	2.095	0.652	0.255	0.232	23.515	-8939.510
372	8	500	494	0.5077	0.231	0.261	0.268	0.320	0.307	0.304	0.324	0.287	0.362	0.327	0.225	0.259	0.311	0.236	2.203	0.602	0.327	0.199	8.871	-8726.997
373	8	500	491	0.5088	0.378	0.276	0.297	0.298	0.343	0.321	0.280	0.306	0.308	0.323	0.245	0.283	0.313	0.286	1.917	0.597	0.310	0.192	12.167	-8816.030
374	8	500	496	0.5217	0.321	0.299	0.316	0.279	0.244	0.291	0.295	0.355	0.277	0.298	0.249	0.274	0.308	0.351	2.307	0.576	0.280	0.177	8.636	-8683.764
375	8	500	495	0.5161	0.206	0.271	0.296	0.294	0.304	0.319	0.297	0.270	0.288	0.326	0.267	0.325	0.265	0.285	2.081	0.616	0.301	0.186	9.954	-8704.802
376	8	500	488	0.4973	0.515	0.257	0.326	0.253	0.313	0.276	0.326	0.520	0.303	0.348	0.288	0.303	0.344	0.307	2.097	0.575	0.373	0.176	37.614	-8815.025
377	8	500	493	0.5232	0.321	0.347	0.312	0.321	0.304	0.279	0.260	0.294	0.256	0.262	0.311	0.291	0.289	0.302	2.100	0.614	0.311	0.188	8.687	-8792.486
378	8	500	493	0.4979	0.207	0.299	0.316	0.275	0.333	0.294	0.260	0.259	0.296	0.315	0.289	0.354	0.291	0.272	2.018	0.537	0.275	0.194	4.303	-8792.647
379	8	500	493	0.5233	0.288	0.318	0.318	0.317	0.342	0.249	0.371	0.249	0.291	0.327	0.307	0.387	0.311	0.311	1.971	0.585	0.284	0.201	4.575	-9084.578
380	8	500	497	0.5151	0.308	0.265	0.320	0.302	0.295	0.330	0.262	0.292	0.326	0.292	0.293	0.321	0.279	0.337	1.948	0.573	0.260	0.219	9.082	-8977.366
381	8	500	491	0.5160	10.120	0.316	0.289	0.314	0.269	0.303	0.297	10.129	0.315	0.301	0.252	0.255	0.319	0.249	2.068	0.630	0.321	0.207	998.997	-8747.887
382	8	500	492	0.5134	0.410	0.275	0.350	0.253	0.321	0.299	0.328	0.142	0.325	0.286	0.265	0.265	0.263	0.247	2.008	0.589	0.344	0.164	13.450	-8643.706
383	8	500	491	0.5021	0.331	0.315	0.279	0.295	0.311	0.355	0.319	0.313	0.340	0.241	0.272	0.290	0.307	0.311	1.908	0.543	0.312	0.203	11.336	-8911.067
384	8	500	491	0.5219	0.240	0.263	0.296	0.279	0.271	0.311	0.282	0.229	0.299	0.311	0.308	0.247	0.301	0.250	2.010	0.566	0.302	0.150	8.356	-8569.999
385	8	500	490	0.5188	0.289	0.247	0.358	0.278	0.339	0.295	0.272	0.273	0.324	0.333	0.327	0.277	0.280	0.286	2.126	0.552	0.340	0.166	14.196	-8803.743
386	8	500	496	0.5087	0.435	0.289	0.330	0.325	0.316	0.335	0.370	0.425	0.376	0.306	0.309	0.271	0.335	0.284	1.958	0.618	0.295	0.199	20.837	-9114.081
387	8	500	494	0.5131	0.288	0.230	0.329	0.337	0.455	0.309	0.251	0.340	0.290	0.301	0.326	0.264	0.353	0.302	1.959	0.591	0.286	0.198	14.693	-8987.902
388	8	500	497	0.5270	0.344	0.340	0.242	0.334	0.225	0.315	0.300	0.323	0.311	0.242	0.310	0.322	0.300	0.286	2.028	0.623	0.259	0.201	13.457	-8762.370
389	8	500	497	0.5187	0.406	0.326	0.342	0.299	0.275	0.343	0.300	0.429	0.297	0.340	0.249	0.349	0.309	0.360	2.031	0.595	0.286	0.194	22.043	-9013.034
390	8	500	487	0.5098	0.523	0.312	0.349	0.272	0.304	0.233	0.342	0.482	0.197	0.302	0.348	0.318	0.324	0.274	2.096	0.560	0.354	0.162	23.491	-8794.977
391	8	500	490	0.5193	0.220	0.310	0.302	0.247	0.346	0.357	0.263	0.212	0.309	0.280	0.239	0.324	0.255	0.279	2.062	0.608	0.280	0.209	6.930	-8696.422
392	8	500	495	0.5030	0.317	0.377	0.235	0.349	0.288	0.354	0.309	0.281	0.406	0.344	0.325	0.279	0.315	0.328	1.952	0.512	0.300	0.206	8.076	-9236.054
393	8	500	491	0.5044	0.320	0.282	0.279	0.303	0.320	0.265	0.267	0.294	0.297	0.289	0.285	0.314	0.301	0.295	2.016	0.549	0.303	0.219	12.680	-8807.288
394	8	500	489	0.5010	0.283	0.268	0.295	0.258	0.385	0.309	0.301	0.222	0.272	0.318	0.294	0.335	0.320	0.289	1.711	0.600	0.314	0.203	7.580	-8904.920
395	8	500	490	0.5112	0.290	0.283	0.291	0.274	0.298	0.351	0.293	0.283	0.338	0.265	0.301	0.361	0.308	0.277	2.074	0.541	0.291	0.189	12.689	-8854.798
396	8	500	494	0.5183	11.545	0.248	0.257	0.289	0.308	0.300	0.295	11.540	0.288	0.299	0.339	0.276	0.284	0.344	2.002	0.601	0.321	0.205	799.850	-8866.853
397	8	500	491	0.5003	0.486	0.282	0.295	0.298	0.271	0.288	0.288	0.001	0.343	0.247	0.324	0.274	0.285	0.321	2.025	0.564	0.301	0.185	9.661	-8652.457
398	8	500	495	0.5131	0.311	0.261	0.271	0.266	0.321	0.327	0.265	0.368	0.292	0.289	0.271	0.270	0.257	0.340	1.842	0.671	0.204	0.226	10.842	-8700.208
399	8	500	489	0.5192	0.312	0.314	0.337	0.292	0.311	0.234	0.269	0.291	0.294	0.283	0.256	0.269	0.301	0.244	2.091	0.615	0.255	0.189	10.625	-8606.315
400	8	500	497	0.5304	0.342	0.361	0.308	0.310	0.341	0.293	0.307	0.356	0.272	0.343	0.279	0.351	0.225	0.362	2.124	0.534	0.310	0.184	7.973	-9034.529
401	8	500	488	0.5148	0.251	0.357	0.297	0.342	0.251	0.304	0.322	0.251	0.290	0.319	0.343	0.321	0.344	0.312	2.064	0.612	0.285	0.175	12.755	-8846.187
402	8	500	487	0.5142	0.237	0.310	0.302	0.336	0.383	0.302	0.240	0.247	0.291	0.335	0.279	0.282	0.263	0.319	2.049	0.605	0.319	0.193	13.601	-8735.254
403	8	500	484	0.5111	0.325	0.262	0.321	0.282	0.237	0.316	0.283	0.361	0.292	0.276	0.299	0.285	0.274	0.266	2.152	0.662	0.286	0.206	10.084	-8647.110
404	8	500	491	0.5157	0.240	0.307	0.296	0.306	0.313	0.284	0.258	0.215	0.315	0.330	0.255	0.328	0.285	0.332	1.950	0.563	0.289	0.178	6.326	-8785.833
405	8	500	493	0.5158	0.263	0.316	0.313	0.293	0.263	0.261	0.304	0.306	0.214	0.252	0.327	0.277	0.295	0.318	2.103	0.619	0.281	0.263	9.111	-8791.301
406	8	500	488	0.4997	0.171	0.285	0.263	0.321	0.363	0.306	0.278	0.198	0.261	0.331	0.279	0.323	0.256	0.289	2.073	0.590	0.288	0.179	4.643	-8639.954
407	8	500	493	0.5137	0.275	0.288	0.300	0.280	0.310	0.314	0.287	0.301	0.243	0.285	0.280	0.257	0.340	0.283	1.997	0.595	0.317	0.206	7.288	-8788.063
408	8	500	492	0.5188	0.352	0.315	0.367	0.262	0.276	0.336	0.277	0.306	0.364	0.334	0.328	0.272	0.272	0.297	1.985	0.602	0.320	0.205	18.477	-8960.338
409	8	500	490	0.5138	0.388	0.283	0.336	0.283	0.313	0.293	0.289	0.330	0.310	0.274	0.285	0.334	0.293	0.278	2.054	0.607	0.294	0.203	13.568	-8832.588
410	8	500	488	0.5047	0.377	0.286	0.294	0.305	0.323	0.311	0.318	0.387	0.268	0.311	0.284	0.291	0.289	0.279	1.764	0.586	0.350	0.206	15.697	-8881.312
411	8	500	486	0.5065	0.769	0.303	0.222	0.322	0.274	0.284	0.301	0.737	0.228	0.293	0.349	0.321	0.322	0.313	1.763	0.592	0.345	0.195	57.077	-8826.792
412	8	500	494	0.5119	0.251	0.287	0.331	0.296	0.336	0.353	0.272	0.271	0.300	0.357	0.254	0.345	0.312	0.275	1.867	0.539	0.272	0.222	6.858	-9049.457
413	8	500	498	0.5319	0.398	0.300	0.277	0.358	0.273	0.294	0.281	0.370	0.273	0.360	0.262	0.415	0.315	0.274	2.051	0.578	0.336	0.210	17.029	-9020.013
414	8	500	495	0.5106	0.333	0.375	0.302	0.303	0.312	0.292	0.286	0.280	0.306	0.280	0.282	0.303	0.321	0.295	1.995	0.613	0.260	0.217	13.338	-8871.043
415	8	500	497	0.5194	0.407	0.252	0.310	0.271	0.311	0.261	0.299	0.404	0.260	0.318	0.306	0.301	0.263	0.296	1.982	0.601	0.322	0.187	17.583	-8738.288
416	8	500	495	0.5156	0.236	0.330	0.276	0.243	0.365	0.276	0.296	0.229	0.314	0.338	0.305	0.312	0.351	0.287	1.964	0.581	0.327	0.200	14.279	-8902.257
417	8	500	492	0.5069	0.383	0.281	0.299	0.324	0.222	0.267	0.280	0.456	0.339	0.274	0.280	0.294	0.322	0.270	1.963	0.614	0.310	0.227	13.944	-8865.500
418	8	500	497	0.5181	0.535	0.292	0.293	0.351	0.352	0.249	0.362	0.542	0.308	0.315	0.315	0.268	0.290	0.340	2.092	0.645	0.262	0.188	40.944	-8924.447
419	8	500	495	0.5187	0.357	0.289	0.350	0.387	0.335	0.358	0.324	0.350	0.275	0.263	0.278	0.438	0.348	0.311	2.115	0.553	0.352	0.178	9.349	-9228.854
420	8	500	491	0.4944	0.287	0.360	0.270	0.318	0.276	0.240	0.374	0.254	0.323	0.279	0.295	0.378	0.339	0.271	2.069	0.602	0.266	0.182	4.633	-8822.250
421	8	500	492	0.5316	0.324	0.288	0.306	0.319	0.279	0.309	0.259	0.259	0.217	0.291	0.289	0.239	0.273	0.264	1.940	0.645	0.291	0.209	10.213	-8606.589
422	8	500	494	0.5097	0.360	0.281	0.316	0.286	0.266	0.304	0.335	0.360	0.306	0.240	0.299	0.305	0.312	0.310	1.875	0.579	0.339	0.193	10.943	-8944.973
423	8	500	493	0.5203	0.339	0.319	0.313	0.310	0.326	0.307	0.263	0.338	0.270	0.304	0.297	0.290	0.306	0.240	1.972	0.700	0.236	0.231	22.263	-8697.743
424	8	500	486	0.5024	0.393	0.291	0.268	0.265	0.267	0.320	0.303	0.408	0.267	0.318	0.300	0.296	0.342	0.229	1.816	0.556	0.332	0.194	24.191	-8753.539
425	8	500	494	0.5101	0.250	0.275	0.311	0.263	0.374	0.232	0.335	0.284	0.319	0.246	0.271	0.315	0.311	0.266	1.969	0.598	0.274	0.199	7.127	-8757.142
426	8	500	490	0.5100	0.349	0.285	0.318	0.309	0.310	0.204	0.290	0.365	0.290	0.329	0.260	0.286	0.286	0.235	1.711	0.667	0.271	0.202	15.555	-8624.438
427	8	500	494	0.5055	0.405	0.376	0.353	0.224	0.309	0.294	0.310	0.404	0.316	0.326	0.296	0.319	0.298	0.308	2.182	0.606	0.329	0.204	16.165	-8960.338
428	8	500	495	0.5121	0.200	0.316	0.274	0.338	0.312	0.293	0.325	0.263	0.329	0.283	0.341	0.273	0.265	0.317	1.974	0.570	0.281	0.198	4.251	-8888.708
429	8	500	495	0.5312	0.621	0.323	0.308	0.254	0.347	0.305	0.324	0.583	0.285	0.353	0.287	0.271	0.307	0.278	1.866	0.644	0.254	0.232	30.896	-9018.311
430	8	500	491	0.5123	0.325	0.366	0.285	0.342	0.251	0.330	0.246	0.371	0.304	0.351	0.270	0.343	0.288	0.250	1.923	0.579	0.269	0.200	10.001	-8910.829
431	8	500	495	0.5245	0.248	0.292	0.291	0.354	0.347	0.270	0.335	0.222	0.264	0.295	0.373	0.370	0.307	0.265	1.995	0.610	0.252	0.211	11.845	-8928.146
432	8	500	493	0.5178	0.345	0.275	0.284	0.376	0.201	0.290	0.337	0.294	0.306	0.305	0.308	0.277	0.261	0.274	2.007	0.680	0.250	0.222	12.508	-8740.514
433	8	500	491	0.5024	0.362	0.277	0.295	0.351	0.279	0.241	0.265	0.277	0.294	0.320	0.315	0.319	0.317	0.313	1.982	0.600	0.284	0.215	12.583	-8861.161
434	8	500	488	0.4869	0.245	0.257	0.301	0.304	0.290	0.299	0.248	0.311	0.319	0.275	0.329	0.257	0.286	0.243	1.880	0.559	0.311	0.192	5.868	-8662.951
435	8	500	494	0.5052	0.272	0.311	0.277	0.264	0.295	0.286	0.307	0.314	0.275	0.315	0.384	0.317	0.349	0.249	2.134	0.585	0.287	0.208	9.467	-8828.548
436	8	500	496	0.5285	0.302	0.271	0.383	0.336	0.379	0.367	0.274	0.344	0.293	0.288	0.247	0.322	0.258	0.277	2.268	0.582	0.332	0.179	7.841	-8951.542
437	8	500	497	0.5029	0.297	0.329	0.287	0.283	0.408	0.327	0.293	0.264	0.288	0.291	0.278	0.300	0.295	0.296	2.072	0.569	0.368	0.196	7.244	-8946.096
438	8	500	491	0.5218	0.352	0.290	0.292	0.314	0.414	0.260	0.332	0.356	0.325	0.313	0.293	0.325	0.293	0.314	2.126	0.612	0.312	0.217	22.563	-9005.185
439	8	500	490	0.5177	0.269	0.312	0.286	0.255	0.323	0.281	0.298	0.230	0.295	0.272	0.361	0.372	0.343	0.289	2.139	0.611	0.282	0.196	13.205	-8816.032
440	8	500	491	0.5288	0.215	0.272	0.286	0.277	0.321	0.318	0.335	0.266	0.340	0.344	0.362	0.269	0.354	0.291	2.038	0.648	0.286	0.211	15.653	-8893.018
441	8	500	497	0.5218	0.362	0.301	0.314	0.385	0.386	0.344	0.317	0.382	0.345	0.284	0.333	0.270	0.323	0.270	1.971	0.572	0.291	0.212	11.077	-9191.487
442	8	500	492	0.5311	0.417	0.218	0.286	0.278	0.330	0.294	0.303	0.396	0.304	0.288	0.284	0.231	0.314	0.287	2.079	0.630	0.281	0.220	15.272	-8776.054
443	8	500	491	0.5113	0.260	0.310	0.294	0.302	0.284	0.314	0.287	0.275	0.274	0.300	0.271	0.339	0.316	0.310	2.048	0.679	0.257	0.215	9.330	-8711.062
444	8	500	493	0.4942	0.407	0.275	0.325	0.302	0.292	0.306	0.340	0.404	0.336	0.292	0.262	0.304	0.316	0.284	1.946	0.605	0.276	0.193	13.700	-8869.015
445	8	500	492	0.5089	0.624	0.282	0.310	0.294	0.331	0.372	0.305	0.545	0.273	0.301	0.304	0.300	0.281	0.299	1.989	0.587	0.316	0.194	21.883	-8990.506
446	8	500	495	0.5108	0.271	0.354	0.298	0.328	0.343	0.308	0.354	0.189	0.394	0.290	0.341	0.350	0.346	0.291	2.020	0.576	0.303	0.194	8.146	-9160.559
447	8	500	490	0.5272	0.430	0.332	0.272	0.339	0.333	0.292	0.297	0.404	0.373	0.262	0.223	0.262	0.281	0.284	1.937	0.640	0.302	0.219	23.713	-8795.240
448	8	500	489	0.4985	0.309	0.332	0.306	0.341	0.237	0.307	0.322	0.281	0.303	0.282	0.309	0.288	0.260	0.337	2.076	0.539	0.373	0.172	7.630	-8943.607
449	8	500	491	0.5091	0.361	0.313	0.363	0.281	0.292	0.346	0.281	0.416	0.339	0.296	0.338	0.247	0.232	0.307	2.077	0.555	0.302	0.200	11.026	-8994.216
450	8	500	491	0.5040	0.321	0.326	0.269	0.246	0.260	0.303	0.292	0.264	0.330	0.285	0.260	0.275	0.272	0.314	2.021	0.616	0.231	0.211	7.733	-8684.496
451	8	500	493	0.5209	0.340	0.268	0.318	0.266	0.271	0.260	0.312	0.364	0.383	0.297	0.309	0.292	0.281	0.321	1.869	0.615	0.271	0.210	13.899	-8861.895
452	8	500	493	0.5088	0.388	0.286	0.376	0.253	0.246	0.291	0.269	0.347	0.296	0.325	0.235	0.329	0.292	0.365	2.072	0.596	0.337	0.194	13.785	-8864.472
453	8	500	492	0.5205	0.322	0.269	0.280	0.308	0.239	0.270	0.291	0.247	0.327	0.283	0.265	0.319	0.270	0.305	2.154	0.569	0.335	0.202	8.543	-8686.966
454	8	500	486	0.5115	0.420	0.306	0.323	0.223	0.315	0.276	0.283	0.458	0.270	0.262	0.301	0.207	0.323	0.284	1.977	0.614	0.329	0.208	25.224	-8693.938
455	8	500	486	0.5060	0.378	0.300	0.307	0.253	0.265	0.268	0.313	0.357	0.253	0.286	0.254	0.387	0.366	0.260	1.945	0.571	0.344	0.168	12.086	-8731.308
456	8	500	494	0.5252	0.295	0.354	0.270	0.333	0.303	0.286	0.251	0.334	0.282	0.346	0.239	0.326	0.313	0.244	2.006	0.623	0.303	0.189	16.846	-8721.393
457	8	500	494	0.5026	0.263	0.343	0.304	0.291	0.307	0.319	0.260	0.253	0.334	0.300	0.275	0.355	0.333	0.234	2.103	0.561	0.315	0.180	7.988	-8817.158
458	8	500	494	0.5012	0.523	0.343	0.316	0.324	0.377	0.266	0.346	0.511	0.359	0.337	0.269	0.338	0.270	0.333	2.142	0.642	0.279	0.195	41.351	-8960.832
459	8	500	490	0.5213	0.235	0.272	0.338	0.388	0.340	0.265	0.284	0.199	0.295	0.329	0.317	0.258	0.271	0.287	1.910	0.650	0.250	0.216	4.770	-8821.794
460	8	500	491	0.4904	0.259	0.289	0.320	0.282	0.255	0.270	0.336	0.326	0.299	0.303	0.260	0.224	0.308	0.232	2.081	0.521	0.302	0.180	5.978	-8670.862
461	8	500	493	0.5267	0.359	0.322	0.277	0.242	0.322	0.301	0.309	0.350	0.270	0.244	0.280	0.322	0.313	0.323	2.029	0.614	0.310	0.195	17.025	-8733.585
462	8	500	494	0.5131	0.290	0.290	0.295	0.362	0.322	0.312	0.289	0.285	0.289	0.283	0.306	0.316	0.296	0.311	1.917	0.553	0.337	0.205	11.266	-8973.076
463	8	500	490	0.4926	0.288	0.337	0.296	0.342	0.364	0.295	0.320	0.360	0.370	0.268	0.303	0.343	0.353	0.283	1.941	0.551	0.359	0.185	14.505	-9080.703
464	8	500	496	0.5179	0.297	0.258	0.255	0.325	0.326	0.353	0.278	0.220	0.355	0.310	0.214	0.365	0.274	0.262	1.911	0.592	0.234	0.227	11.232	-8784.962
465	8	500	492	0.5197	0.202	0.281	0.317	0.253	0.323	0.281	0.269	0.246	0.250	0.318	0.310	0.283	0.305	0.229	2.076	0.567	0.267	0.170	3.498	-8557.658
466	8	500	494	0.5215	0.227	0.223	0.280	0.300	0.380	0.334	0.298	0.290	0.315	0.370	0.308	0.273	0.331	0.276	1.907	0.639	0.336	0.185	3.363	-8970.634
467	8	500	493	0.5123	0.437	0.282	0.333	0.327	0.286	0.355	0.283	0.433	0.291	0.331	0.257	0.431	0.291	0.348	1.995	0.527	0.388	0.210	17.270	-9213.161
468	8	500	496	0.5152	0.360	0.290	0.321	0.361	0.297	0.285	0.335	0.304	0.257	0.313	0.281	0.327	0.271	0.268	1.982	0.587	0.333	0.213	8.501	-8983.461
469	8	500	486	0.5165	0.283	0.376	0.309	0.339	0.295	0.311	0.316	0.296	0.344	0.323	0.309	0.227	0.300	0.301	1.969	0.494	0.333	0.186	15.896	-9013.045
470	8	500	490	0.5279	0.325	0.284	0.306	0.216	0.342	0.278	0.276	0.295	0.262	0.286	0.299	0.347	0.291	0.284	1.887	0.597	0.286	0.180	10.791	-8665.351
471	8	500	495	0.5292	0.284	0.312	0.293	0.263	0.266	0.306	0.340	0.228	0.315	0.300	0.287	0.299	0.319	0.301	1.998	0.568	0.318	0.220	7.270	-8963.350
472	8	500	494	0.5112	0.312	0.347	0.282	0.308	0.343	0.273	0.302	0.234	0.319	0.337	0.252	0.267	0.349	0.305	2.096	0.567	0.324	0.200	15.698	-8886.826
473	8	500	493	0.5111	0.331	0.305	0.282	0.320	0.254	0.282	0.285	0.384	0.370	0.369	0.291	0.349	0.318	0.342	1.934	0.622	0.302	0.217	13.443	-9022.005
474	8	500	488	0.5312	0.339	0.317	0.270	0.297	0.398	0.295	0.273	0.343	0.300	0.255	0.327	0.237	0.294	0.281	2.048	0.618	0.282	0.196	11.426	-8780.249
475	8	500	495	0.4937	0.281	0.328	0.260	0.324	0.306	0.311	0.361	0.298	0.270	0.314	0.343	0.346	0.199	0.346	2.022	0.552	0.350	0.172	5.170	-8990.545
476	8	500	492	0.5101	0.335	0.264	0.375	0.285	0.316	0.303	0.318	0.315	0.241	0.305	0.241	0.331	0.292	0.288	1.945	0.562	0.325	0.217	11.019	-8910.992
477	8	500	493	0.5115	0.321	0.289	0.272	0.353	0.306	0.277	0.277	0.360	0.329	0.291	0.295	0.284	0.303	0.313	1.962	0.602	0.257	0.190	14.255	-8774.847
478	8	500	493	0.5144	0.312	0.374	0.313	0.258	0.262	0.281	0.287	0.290	0.300	0.304	0.298	0.271	0.337	0.265	2.036	0.668	0.301	0.210	8.465	-8833.173
479	8	500	495	0.5220	0.374	0.342	0.270	0.323	0.367	0.280	0.295	0.341	0.265	0.303	0.321	0.336	0.268	0.264	2.028	0.589	0.305	0.195	11.127	-8926.808
480	8	500	494	0.5028	0.287	0.351	0.327	0.288	0.335	0.327	0.331	0.316	0.257	0.278	0.340	0.376	0.298	0.298	2.185	0.645	0.217	0.240	9.975	-9055.547
481	8	500	492	0.5092	0.296	0.278	0.278	0.350	0.279	0.271	0.369	0.246	0.312	0.310	0.320	0.298	0.273	0.272	1.907	0.579	0.319	0.180	7.027	-8906.511
482	8	500	494	0.5162	0.285	0.256	0.300	0.299	0.317	0.332	0.326	0.303	0.343	0.230	0.304	0.276	0.296	0.282	1.972	0.631	0.292	0.216	9.740	-8827.393
483	8	500	494	0.5169	0.339	0.237	0.361	0.366	0.326	0.315	0.291	0.276	0.279	0.383	0.317	0.314	0.336	0.321	2.149	0.607	0.266	0.254	6.671	-9240.315
484	8	500	493	0.5143	0.454	0.359	0.292	0.308	0.350	0.344	0.305	0.447	0.323	0.399	0.284	0.327	0.312	0.286	2.076	0.610	0.288	0.208	21.715	-9135.899
485	8	500	494	0.5311	0.352	0.296	0.328	0.305	0.309	0.227	0.283	0.305	0.369	0.285	0.312	0.230	0.347	0.326	2.142	0.594	0.290	0.206	9.842	-8870.880
486	8	500	494	0.5118	0.323	0.336	0.280	0.271	0.273	0.307	0.290	0.257	0.324	0.306	0.335	0.280	0.287	0.366	1.964	0.592	0.309	0.202	11.338	-8926.473
487	8	500	492	0.5038	0.289	0.329	0.298	0.344	0.321	0.312	0.344	0.351	0.355	0.292	0.357	0.224	0.313	0.336	1.960	0.589	0.317	0.211	12.486	-9099.276
488	8	500	490	0.5201	0.258	0.401	0.318	0.257	0.324	0.343	0.256	0.270	0.281	0.301	0.362	0.263	0.279	0.318	2.055	0.624	0.286	0.202	14.084	-8886.257
489	8	500	491	0.5050	0.393	0.318	0.343	0.302	0.350	0.290	0.276	0.330	0.313	0.311	0.327	0.328	0.268	0.278	2.206	0.502	0.387	0.183	24.685	-8906.083
490	8	500	490	0.5096	0.479	0.327	0.296	0.310	0.218	0.313	0.252	0.432	0.260	0.394	0.269	0.280	0.296	0.324	1.972	0.597	0.282	0.215	17.199	-8822.791
491	8	500	496	0.5233	0.331	0.334	0.339	0.291	0.290	0.345	0.288	0.289	0.275	0.272	0.252	0.322	0.285	0.318	1.926	0.611	0.312	0.186	8.316	-8831.315
492	8	500	486	0.5028	0.257	0.276	0.293	0.257	0.304	0.317	0.281	0.276	0.328	0.345	0.315	0.354	0.252	0.298	1.818	0.594	0.278	0.185	9.325	-8798.572
493	8	500	497	0.5082	0.235	0.353	0.298	0.259	0.239	0.325	0.339	0.280	0.334	0.305	0.339	0.297	0.349	0.264	2.017	0.567	0.252	0.195	3.126	-8954.821
494	8	500	493	0.5223	0.443	0.268	0.300	0.320	0.286	0.325	0.236	0.479	0.302	0.315	0.269	0.399	0.342	0.404	2.283	0.561	0.329	0.207	22.469	-9015.745
495	8	500	495	0.5189	0.303	0.274	0.269	0.307	0.318	0.282	0.294	0.378	0.261	0.318	0.314	0.260	0.341	0.284	1.924	0.581	0.311	0.168	13.376	-8776.831
496	8	500	492	0.5131	0.259	0.394	0.332	0.319	0.283	0.282	0.334	0.247	0.238	0.327	0.245	0.329	0.323	0.325	1.791	0.601	0.333	0.193	8.433	-8953.997
497	8	500	485	0.5056	0.255	0.291	0.279	0.332	0.276	0.258	0.235	0.317	0.274	0.306	0.315	0.239	0.327	0.275	1.963	0.588	0.278	0.176	8.800	-8614.929
498	8	500	493	0.5155	0.264	0.240	0.315	0.331	0.285	0.317	0.272	0.235	0.321	0.344	0.354	0.253	0.286	0.391	2.178	0.574	0.325	0.203	5.370	-8966.693
499	8	500	493	0.5224	0.342	0.308	0.322	0.314	0.256	0.255	0.361	0.283	0.325	0.302	0.319	0.337	0.324	0.276	2.075	0.571	0.289	0.210	6.716	-9040.706
500	8	500	489	0.5035	0.202	0.333	0.292	0.308	0.253	0.378	0.290	0.274	0.293	0.320	0.255	0.285	0.288	0.302	1.982	0.562	0.296	0.190	6.985	-8765.651
501	8	500	493	0.5031	0.313	0.343	0.245	0.318	0.279	0.294	0.322	0.301	0.258	0.281	0.337	0.295	0.317	0.269	2.081	0.628	0.269	0.218	11.543	-8746.146
502	8	500	497	0.5146	0.287	0.294	0.305	0.305	0.238	0.299	0.303	0.321	0.318	0.257	0.310	0.324	0.288	0.281	2.167	0.548	0.321	0.227	13.874	-8839.232
503	8	500	495	0.5149	0.370	0.270	0.283	0.321	0.336	0.321	0.316	0.328	0.286	0.354	0.285	0.269	0.288	0.339	2.057	0.556	0.331	0.179	14.654	-8926.840
504	8	500	498	0.5118	0.250	0.349	0.385	0.265	0.281	0.337	0.285	0.243	0.330	0.328	0.307	0.289	0.277	0.330	1.989	0.603	0.319	0.208	8.060	-9015.332
505	8	500	498	0.5302	0.365	0.363	0.291	0.236	0.254	0.340	0.274	0.355	0.245	0.277	0.270	0.290	0.292	0.314	1.938	0.603	0.320	0.203	8.724	-8826.897
506	8	500	496	0.5288	0.249	0.368	0.350	0.309	0.237	0.317	0.287	0.279	0.288	0.255	0.287	0.227	0.358	0.291	2.009	0.584	0.281	0.240	6.503	-8946.126
507	8	500	490	0.5288	0.365	0.300	0.296	0.275	0.323	0.248	0.351	0.356	0.345	0.315	0.304	0.304	0.317	0.344	1.768	0.642	0.280	0.231	14.043	-9072.012
508	8	500	493	0.5165	0.365	0.321	0.277	0.299	0.254	0.273	0.299	0.296	0.311	0.277	0.275	0.316	0.290	0.305	1.831	0.590	0.286	0.224	12.054	-8839.442
509	8	500	496	0.5280	0.284	0.312	0.310	0.265	0.289	0.315	0.301	0.296	0.279	0.345	0.324	0.331	0.269	0.336	1.927	0.613	0.316	0.196	10.068	-8987.344
510	8	500	492	0.5088	0.244	0.373	0.301	0.322	0.247	0.282	0.318	0.252	0.338	0.297	0.267	0.274	0.263	0.257	2.082	0.572	0.305	0.189	5.119	-8752.427
511	8	500	490	0.5071	0.319	0.256	0.338	0.324	0.341	0.290	0.284	0.251	0.345	0.329	0.325	0.241	0.243	0.345	2.067	0.570	0.344	0.181	15.380	-8821.494
512	8	500	494	0.5194	0.327	0.242	0.334	0.308	0.343	0.300	0.283	0.291	0.307	0.265	0.330	0.324	0.284	0.340	1.744	0.610	0.256	0.222	11.744	-8960.235
513	8	500	500	0.5081	0.419	0.269	0.367	0.317	0.235	0.320	0.366	0.402	0.321	0.269	0.294	0.353	0.339	0.323	1.992	0.604	0.291	0.191	15.752	-9047.555
514	8	500	490	0.5035	0.573	0.256	0.278	0.311	0.303	0.320	0.340	0.525	0.333	0.259	0.341	0.293	0.275	0.302	2.142	0.604	0.294	0.226	32.000	-8844.500
515	8	500	496	0.5215	0.348	0.339	0.294	0.275	0.320	0.333	0.346	0.272	0.316	0.316	0.296	0.285	0.284	0.335	1.928	0.584	0.263	0.180	6.209	-8972.895
516	8	500	491	0.5108	0.407	0.237	0.298	0.298	0.350	0.267	0.357	0.417	0.356	0.262	0.294	0.251	0.296	0.290	2.084	0.550	0.322	0.191	12.148	-8875.685
517	8	500	490	0.4942	1.967	0.251	0.310	0.312	0.269	0.247	0.325	1.947	0.319	0.303	0.293	0.286	0.290	0.298	1.968	0.645	0.304	0.201	147.058	-8761.810
518	8	500	497	0.5101	0.314	0.355	0.274	0.289	0.304	0.282	0.295	0.357	0.309	0.304	0.373	0.400	0.346	0.229	1.967	0.523	0.336	0.193	8.877	-9096.157
519	8	500	490	0.5197	0.287	0.322	0.300	0.362	0.291	0.338	0.245	0.263	0.313	0.281	0.280	0.230	0.290	0.260	2.061	0.638	0.281	0.185	6.520	-8682.813
520	8	500	489	0.5124	0.386	0.289	0.260	0.274	0.294	0.257	0.252	0.398	0.262	0.295	0.377	0.307	0.262	0.308	1.921	0.573	0.372	0.179	15.979	-8714.574
521	8	500	493	0.5233	0.232	0.380	0.292	0.314	0.402	0.266	0.286	0.307	0.353	0.395	0.213	0.256	0.259	0.360	1.960	0.594	0.295	0.208	9.026	-9024.109
522	8	500	491	0.4922	0.297	0.294	0.286	0.324	0.288	0.338	0.290	0.299	0.263	0.325	0.271	0.311	0.272	0.304	1.893	0.616	0.325	0.182	29.422	-8660.188
523	8	500	494	0.5115	0.300	0.347	0.302	0.283	0.299	0.296	0.330	0.243	0.293	0.305	0.294	0.318	0.316	0.279	1.934	0.639	0.315	0.214	7.914	-8950.259
524	8	500	487	0.5155	0.245	0.327	0.297	0.269	0.307	0.326	0.296	0.278	0.250	0.291	0.364	0.274	0.244	0.264	2.034	0.614	0.272	0.201	8.872	-8707.448
525	8	500	493	0.5147	0.252	0.286	0.339	0.357	0.299	0.263	0.316	0.212	0.273	0.278	0.346	0.368	0.349	0.250	1.999	0.627	0.293	0.238	7.769	-8998.407
526	8	500	495	0.4975	0.248	0.334	0.323	0.313	0.268	0.278	0.350	0.250	0.275	0.339	0.280	0.283	0.322	0.279	2.030	0.673	0.278	0.223	10.445	-8871.933
527	8	500	490	0.5068	0.364	0.274	0.328	0.309	0.342	0.257	0.346	0.355	0.279	0.294	0.328	0.301	0.280	0.257	1.960	0.593	0.342	0.192	14.224	-8874.420
528	8	500	491	0.5023	0.324	0.355	0.329	0.252	0.306	0.334	0.310	0.318	0.250	0.334	0.315	0.283	0.329	0.276	2.064	0.605	0.334	0.211	11.841	-8972.969
529	8	500	496	0.5213	0.338	0.304	0.325	0.290	0.313	0.289	0.306	0.279	0.304	0.297	0.317	0.344	0.324	0.230	2.034	0.570	0.328	0.177	7.587	-8940.027
530	8	500	492	0.4983	0.276	0.297	0.254	0.309	0.327	0.267	0.325	0.236	0.267	0.324	0.289	0.287	0.271	0.296	2.016	0.546	0.273	0.196	8.289	-8739.969
531	8	500	490	0.5218	0.277	0.277	0.314	0.273	0.311	0.293	0.294	0.295	0.242	0.334	0.237	0.324	0.351	0.295	1.974	0.594	0.296	0.193	8.030	-8788.217
532	8	500	488	0.5141	0.272	0.271	0.294	0.283	0.293	0.212	0.355	0.283	0.286	0.267	0.298	0.310	0.293	0.294	2.110	0.603	0.300	0.213	6.652	-8716.181
533	8	500	497	0.5071	0.283	0.283	0.317	0.300	0.334	0.287	0.326	0.289	0.303	0.313	0.303	0.309	0.280	0.292	1.799	0.604	0.325	0.212	10.551	-8988.877
534	8	500	495	0.5122	0.301	0.270	0.297	0.250	0.249	0.293	0.294	0.304	0.269	0.268	0.280	0.288	0.316	0.222	2.126	0.643	0.244	0.236	9.632	-8570.931
535	8	500	493	0.5139	0.260	0.315	0.299	0.307	0.246	0.354	0.261	0.339	0.300	0.271	0.284	0.313	0.304	0.319	2.048	0.629	0.275	0.201	11.706	-8743.277
536	8	500	492	0.5228	0.386	0.246	0.246	0.290	0.308	0.279	0.349	0.377	0.267	0.271	0.346	0.343	0.294	0.279	1.987	0.541	0.336	0.200	16.303	-8876.668
537	8	500	493	0.5089	0.304	0.279	0.321	0.266	0.279	0.315	0.264	0.282	0.266	0.317	0.291	0.303	0.335	0.327	1.950	0.571	0.271	0.219	6.769	-8936.345
538	8	500	491	0.5067	0.203	0.281	0.350	0.246	0.268	0.281	0.261	0.205	0.311	0.285	0.311	0.371	0.246	0.346	1.754	0.549	0.346	0.191	6.078	-8816.983
539	8	500	485	0.5012	0.440	0.268	0.287	0.286	0.327	0.282	0.273	0.496	0.326	0.310	0.269	0.252	0.323	0.299	2.074	0.628	0.303	0.188	20.242	-8738.441
540	8	500	490	0.5065	0.254	0.323	0.304	0.363	0.314	0.276	0.312	0.267	0.262	0.353	0.294	0.356	0.250	0.274	2.008	0.602	0.333	0.187	12.953	-8858.627
541	8	500	490	0.5087	0.313	0.280	0.297	0.234	0.303	0.287	0.310	0.340	0.249	0.264	0.289	0.307	0.294	0.223	2.070	0.582	0.286	0.184	18.232	-8509.076
542	8	500	494	0.5223	0.240	0.306	0.367	0.301	0.366	0.293	0.282	0.232	0.302	0.314	0.321	0.284	0.329	0.323	1.840	0.643	0.314	0.225	8.071	-9085.305
543	8	500	487	0.5121	0.336	0.272	0.308	0.262	0.292	0.286	0.333	0.358	0.211	0.320	0.303	0.298	0.288	0.292	1.870	0.603	0.307	0.181	9.195	-8725.268
544	8	500	488	0.5210	1.434	0.302	0.288	0.303	0.288	0.280	0.284	1.414	0.266	0.262	0.276	0.265	0.308	0.316	1.982	0.549	0.384	0.165	109.584	-8734.886
545	8	500	492	0.5069	0.333	0.303	0.310	0.350	0.352	0.366	0.319	0.310	0.240	0.295	0.347	0.330	0.304	0.328	2.030	0.578	0.369	0.200	17.651	-9089.017
546	8	500	493	0.4963	0.295	0.374	0.315	0.269	0.328	0.282	0.310	0.360	0.258	0.339	0.316	0.298	0.315	0.356	2.034	0.587	0.323	0.195	10.963	-9014.734
547	8	500	495	0.5234	0.236	0.275	0.290	0.271	0.327	0.331	0.256	0.313	0.244	0.283	0.319	0.286	0.288	0.267	2.013	0.609	0.312	0.200	6.502	-8731.873
548	8	500	489	0.5257	0.373	0.328	0.261	0.312	0.270	0.258	0.307	0.418	0.297	0.292	0.326	0.305	0.287	0.276	1.882	0.606	0.272	0.201	17.371	-8754.034
549	8	500	495	0.5146	0.306	0.258	0.290	0.333	0.305	0.303	0.225	0.272	0.329	0.334	0.313	0.254	0.306	0.279	1.810	0.598	0.293	0.201	5.199	-8871.820
550	8	500	491	0.5023	0.487	0.306	0.302	0.256	0.369	0.269	0.433	0.411	0.292	0.256	0.276	0.266	0.302	0.297	1.920	0.535	0.379	0.171	15.715	-8967.993
551	8	500	496	0.4951	0.358	0.322	0.334	0.265	0.232	0.226	0.364	0.408	0.251	0.342	0.281	0.315	0.275	0.289	1.890	0.552	0.339	0.191	10.826	-8898.305
552	8	500	490	0.5234	0.329	0.256	0.322	0.307	0.320	0.289	0.305	0.343	0.203	0.293	0.294	0.233	0.282	0.300	1.958	0.622	0.239	0.216	12.480	-8661.781
553	8	500	496	0.5162	0.288	0.353	0.319	0.238	0.289	0.255	0.285	0.288	0.280	0.299	0.293	0.356	0.283	0.308	2.090	0.560	0.293	0.190	9.381	-8760.143
554	8	500	491	0.5237	0.343	0.244	0.286	0.290	0.406	0.299	0.266	0.376	0.318	0.345	0.306	0.274	0.289	0.310	1.980	0.576	0.314	0.193	13.126	-8906.259
555	8	500	498	0.5015	0.355	0.364	0.285	0.301	0.315	0.288	0.269	0.345	0.247	0.311	0.384	0.304	0.223	0.338	1.976	0.576	0.299	0.254	11.269	-9024.764
556	8	500	488	0.5217	0.325	0.295	0.293	0.257	0.273	0.286	0.274	0.349	0.262	0.265	0.317	0.321	0.284	0.293	1.953	0.649	0.276	0.216	10.435	-8763.617
557	8	500	488	0.5229	0.217	0.233	0.269	0.285	0.264	0.345	0.292	0.189	0.284	0.275	0.303	0.289	0.293	0.307	1.999	0.592	0.289	0.198	4.619	-8654.039
558	8	500	492	0.5048	0.225	0.264	0.292	0.289	0.384	0.335	0.270	0.250	0.290	0.283	0.342	0.358	0.326	0.294	2.078	0.547	0.231	0.213	14.480	-8899.379
559	8	500	493	0.5019	0.367	0.345	0.321	0.342	0.232	0.298	0.371	0.286	0.312	0.339	0.296	0.303	0.288	0.332	2.145	0.603	0.341	0.186	17.499	-8934.258
560	8	500	494	0.5088	0.291	0.299	0.277	0.283	0.420	0.315	0.365	0.285	0.265	0.302	0.314	0.285	0.339	0.306	1.814	0.553	0.291	0.182	11.755	-9040.964
561	8	500	494	0.5300	0.215	0.300	0.234	0.288	0.318	0.253	0.325	0.269	0.253	0.292	0.329	0.333	0.344	0.271	1.982	0.652	0.253	0.218	8.272	-8745.416
562	8	500	498	0.5121	0.424	0.303	0.317	0.301	0.264	0.304	0.276	0.425	0.346	0.306	0.286	0.237	0.305	0.285	1.955	0.619	0.295	0.215	15.064	-8920.077
563	8	500	496	0.5187	0.263	0.366	0.305	0.262	0.359	0.326	0.314	0.233	0.290	0.307	0.358	0.337	0.319	0.305	2.089	0.594	0.273	0.204	13.220	-9022.778
564	8	500	494	0.5247	0.280	0.333	0.281	0.293	0.280	0.265	0.260	0.233	0.237	0.349	0.285	0.288	0.348	0.342	1.765	0.547	0.263	0.239	3.595	-9034.135
565	8	500	492	0.5022	0.531	0.271	0.285	0.251	0.330	0.322	0.292	0.507	0.310	0.306	0.328	0.272	0.298	0.282	1.959	0.632	0.283	0.182	17.384	-8735.638
566	8	500	488	0.5318	0.224	0.243	0.290	0.282	0.333	0.260	0.292	0.209	0.350	0.278	0.298	0.321	0.278	0.303	1.770	0.587	0.265	0.180	9.133	-8705.794
567	8	500	495	0.5150	0.319	0.243	0.338	0.306	0.274	0.359	0.290	0.308	0.246	0.285	0.339	0.271	0.257	0.308	1.894	0.625	0.276	0.238	10.223	-8877.355
568	8	500	490	0.5046	0.274	0.290	0.268	0.289	0.275	0.347	0.279	0.215	0.376	0.283	0.336	0.328	0.372	0.336	1.892	0.558	0.376	0.172	7.236	-8993.521
569	8	500	491	0.5288	0.297	0.282	0.230	0.317	0.282	0.255	0.293	0.262	0.275	0.261	0.333	0.273	0.267	0.290	1.955	0.575	0.264	0.211	4.661	-8665.206
570	8	500	493	0.5173	0.313	0.325	0.252	0.346	0.267	0.328	0.277	0.278	0.276	0.244	0.290	0.345	0.272	0.332	1.908	0.606	0.274	0.216	8.616	-8853.738
571	8	500	489	0.5164	0.274	0.313	0.331	0.270	0.274	0.304	0.345	0.200	0.331	0.280	0.303	0.309	0.267	0.350	1.904	0.636	0.285	0.200	17.645	-8797.905
572	8	500	494	0.5170	0.207	0.326	0.360	0.305	0.243	0.249	0.310	0.298	0.337	0.319	0.312	0.249	0.327	0.327	2.042	0.574	0.315	0.204	9.963	-8908.034
573	8	500	485	0.5083	0.296	0.273	0.271	0.300	0.310	0.250	0.270	0.266	0.286	0.292	0.304	0.295	0.261	0.254	1.842	0.587	0.287	0.199	7.619	-8641.238
574	8	500	495	0.4968	0.451	0.204	0.318	0.322	0.338	0.338	0.312	0.465	0.276	0.300	0.300	0.308	0.269	0.312	1.885	0.628	0.297	0.215	16.443	-8900.369
575	8	500	490	0.4931	0.283	0.252	0.300	0.333	0.286	0.298	0.381	0.275	0.261	0.334	0.261	0.318	0.320	0.270	1.964	0.587	0.333	0.205	8.838	-8872.631
576	8	500	494	0.5066	0.403	0.332	0.318	0.294	0.206	0.297	0.271	0.379	0.439	0.285	0.254	0.300	0.292	0.270	2.045	0.582	0.387	0.211	17.310	-8952.701
577	8	500	498	0.5186	0.296	0.275	0.268	0.324	0.329	0.327	0.264	0.250	0.309	0.361	0.360	0.274	0.303	0.357	2.048	0.617	0.255	0.230	6.977	-9049.347
578	8	500	493	0.5086	0.319	0.265	0.258	0.347	0.237	0.268	0.351	0.295	0.340	0.293	0.306	0.280	0.288	0.332	1.921	0.590	0.332	0.195	6.713	-8910.115
579	8	500	498	0.5307	0.539	0.296	0.328	0.256	0.303	0.264	0.339	0.526	0.298	0.318	0.287	0.272	0.304	0.299	2.098	0.629	0.298	0.207	22.645	-8900.055
580	8	500	494	0.5112	0.195	0.365	0.347	0.289	0.368	0.283	0.357	0.235	0.254	0.320	0.288	0.301	0.276	0.337	2.026	0.550	0.312	0.163	4.810	-8947.393
581	8	500	486	0.4888	0.277	0.304	0.279	0.283	0.250	0.306	0.243	0.249	0.240	0.246	0.319	0.304	0.283	0.302	1.875	0.536	0.257	0.174	6.044	-8564.641
582	8	500	498	0.5242	0.318	0.377	0.305	0.266	0.353	0.281	0.326	0.251	0.249	0.299	0.304	0.305	0.353	0.344	2.038	0.550	0.325	0.188	10.988	-9041.009
583	8	500	496	0.5285	0.247	0.349	0.260	0.349	0.317	0.386	0.273	0.262	0.364	0.404	0.263	0.191	0.309	0.314	2.231	0.581	0.238	0.201	4.734	-8987.896
584	8	500	494	0.5168	0.349	0.227	0.315	0.280	0.419	0.283	0.273	0.343	0.267	0.332	0.309	0.278	0.289	0.262	1.993	0.679	0.243	0.247	15.607	-8831.676
585	8	500	491	0.4970	0.303	0.348	0.307	0.289	0.335	0.244	0.251	0.315	0.313	0.236	0.297	0.316	0.352	0.275	1.955	0.612	0.301	0.199	10.462	-8777.395
586	8	500	487	0.5172	0.283	0.284	0.274	0.281	0.238	0.260	0.273	0.221	0.215	0.285	0.334	0.351	0.298	0.280	2.018	0.607	0.276	0.194	7.600	-8553.900
587	8	500	484	0.5073	0.287	0.322	0.285	0.281	0.261	0.307	0.357	0.351	0.300	0.307	0.333	0.239	0.265	0.269	1.775	0.569	0.391	0.186	26.873	-8771.780
588	8	500	489	0.5146	0.282	0.357	0.311	0.297	0.263	0.284	0.334	0.287	0.243	0.320	0.286	0.356	0.334	0.377	1.935	0.579	0.333	0.162	18.985	-8873.728
589	8	500	490	0.5207	1.075	0.240	0.258	0.325	0.319	0.256	0.350	1.091	0.307	0.309	0.288	0.235	0.362	0.289	2.026	0.560	0.366	0.185	107.864	-8763.832
590	8	500	490	0.5157	0.238	0.343	0.257	0.324	0.320	0.311	0.280	0.278	0.315	0.254	0.275	0.383	0.334	0.274	2.007	0.552	0.266	0.192	4.035	-8858.828
591	8	500	495	0.5188	0.440	0.301	0.297	0.312	0.302	0.279	0.266	0.408	0.302	0.292	0.341	0.282	0.340	0.398	2.081	0.557	0.375	0.184	13.785	-9042.060
592	8	500	499	0.4946	0.771	0.368	0.245	0.340	0.316	0.294	0.279	0.708	0.311	0.288	0.324	0.302	0.353	0.256	1.994	0.616	0.264	0.217	37.328	-8951.435
593	8	500	494	0.5115	0.221	0.275	0.281	0.349	0.352	0.252	0.316	0.296	0.345	0.279	0.275	0.303	0.313	0.268	2.011	0.535	0.309	0.185	15.540	-8771.107
594	8	500	486	0.5016	0.289	0.318	0.295	0.335	0.275	0.262	0.316	0.253	0.287	0.274	0.330	0.315	0.298	0.309	2.022	0.627	0.276	0.187	5.976	-8767.319
595	8	500	496	0.5075	0.418	0.290	0.347	0.291	0.269	0.306	0.305	0.354	0.295	0.259	0.311	0.341	0.315	0.240	1.911	0.560	0.317	0.201	17.079	-8868.089
596	8	500	493	0.5277	0.294	0.299	0.384	0.327	0.283	0.290	0.338	0.278	0.318	0.293	0.297	0.323	0.293	0.324	1.912	0.545	0.261	0.184	8.864	-9044.172
597	8	500	492	0.5238	0.245	0.344	0.301	0.265	0.310	0.250	0.327	0.254	0.310	0.319	0.285	0.298	0.335	0.329	1.714	0.516	0.304	0.185	3.745	-9017.220
598	8	500	490	0.4997	0.270	0.350	0.251	0.325	0.302	0.336	0.304	0.255	0.294	0.313	0.312	0.222	0.297	0.246	2.096	0.574	0.289	0.186	5.761	-8773.943
599	8	500	498	0.5250	0.318	0.276	0.249	0.312	0.257	0.255	0.358	0.283	0.297	0.297	0.322	0.294	0.264	0.337	1.929	0.638	0.271	0.238	8.982	-8910.086
600	8	500	494	0.4968	0.331	0.325	0.263	0.335	0.227	0.322	0.386	0.401	0.279	0.256	0.277	0.301	0.273	0.264	2.031	0.576	0.307	0.216	9.923	-8835.978
601	8	500	494	0.5108	0.405	0.313	0.289	0.308	0.272	0.304	0.323	0.405	0.252	0.313	0.304	0.302	0.318	0.301	2.042	0.574	0.339	0.193	14.952	-8950.694
602	8	500	495	0.5069	0.274	0.292	0.292	0.339	0.325	0.297	0.294	0.237	0.285	0.303	0.292	0.298	0.292	0.346	1.730	0.577	0.327	0.199	5.354	-9003.271
603	8	500	493	0.5153	0.307	0.265	0.340	0.357	0.351	0.311	0.266	0.327	0.261	0.320	0.316	0.349	0.311	0.244	1.891	0.604	0.289	0.197	13.085	-8947.232
604	8	500	495	0.5198	0.268	0.370	0.283	0.309	0.270	0.250	0.284	0.297	0.279	0.272	0.285	0.285	0.307	0.301	2.196	0.605	0.330	0.191	9.651	-8714.890
605	8	500	492	0.5144	0.315	0.273	0.264	0.316	0.278	0.286	0.312	0.338	0.233	0.283	0.239	0.300	0.286	0.267	1.822	0.627	0.293	0.182	12.307	-8591.646
606	8	500	496	0.5156	0.450	0.274	0.311	0.294	0.302	0.280	0.286	0.403	0.306	0.269	0.325	0.302	0.312	0.364	1.973	0.623	0.300	0.199	17.889	-8933.794
607	8	500	495	0.5143	0.321	0.336	0.349	0.297	0.262	0.251	0.339	0.416	0.351	0.308	0.284	0.285	0.274	0.342	1.958	0.611	0.263	0.201	10.238	-8954.535
608	8	500	494	0.5135	0.530	0.282	0.311	0.344	0.352	0.331	0.281	0.485	0.252	0.316	0.298	0.282	0.326	0.259	2.052	0.653	0.287	0.235	22.304	-8981.738
609	8	500	492	0.5113	0.321	0.300	0.292	0.302	0.368	0.314	0.293	0.359	0.249	0.290	0.313	0.339	0.281	0.309	1.903	0.549	0.241	0.188	6.760	-8947.701
610	8	500	487	0.5045	0.292	0.245	0.286	0.336	0.252	0.347	0.329	0.299	0.283	0.299	0.335	0.316	0.263	0.353	2.015	0.596	0.304	0.187	9.045	-8928.534
611	8	500	494	0.5192	0.414	0.275	0.303	0.276	0.312	0.319	0.286	0.360	0.296	0.347	0.277	0.338	0.256	0.295	1.935	0.568	0.302	0.207	13.418	-8911.506
612	8	500	496	0.5099	0.244	0.328	0.263	0.276	0.275	0.340	0.263	0.275	0.313	0.274	0.314	0.302	0.331	0.338	1.945	0.605	0.254	0.226	5.182	-8897.202
613	8	500	494	0.4923	0.345	0.343	0.328	0.288	0.279	0.394	0.284	0.304	0.337	0.322	0.317	0.307	0.338	0.302	1.922	0.611	0.315	0.184	9.141	-9108.327
614	8	500	492	0.5087	0.279	0.330	0.284	0.315	0.290	0.250	0.325	0.307	0.314	0.243	0.348	0.310	0.251	0.367	1.888	0.620	0.300	0.198	8.345	-8840.448
615	8	500	491	0.5050	0.262	0.272	0.302	0.395	0.383	0.268	0.290	0.260	0.310	0.293	0.307	0.326	0.303	0.325	2.050	0.487	0.294	0.184	4.308	-9045.204
616	8	500	492	0.5059	0.249	0.302	0.253	0.327	0.354	0.230	0.303	0.278	0.281	0.309	0.277	0.305	0.325	0.305	2.067	0.566	0.336	0.173	14.939	-8734.782
617	8	500	496	0.5107	0.214	0.312	0.288	0.323	0.337	0.302	0.378	0.222	0.319	0.310	0.268	0.348	0.328	0.270	2.128	0.612	0.320	0.202	13.598	-8942.810
618	8	500	495	0.5302	0.312	0.373	0.288	0.275	0.316	0.300	0.254	0.326	0.295	0.267	0.279	0.338	0.315	0.251	1.933	0.590	0.298	0.192	12.031	-8822.744
619	8	500	491	0.5282	0.267	0.273	0.266	0.257	0.259	0.286	0.384	0.299	0.313	0.358	0.227	0.270	0.303	0.285	1.765	0.613	0.265	0.236	5.078	-8902.533
620	8	500	494	0.5041	0.302	0.336	0.323	0.288	0.323	0.270	0.366	0.292	0.296	0.308	0.380	0.273	0.316	0.356	1.996	0.585	0.266	0.187	6.183	-9047.172
621	8	500	486	0.4963	0.441	0.262	0.304	0.312	0.300	0.391	0.268	0.467	0.298	0.328	0.269	0.285	0.303	0.305	1.892	0.586	0.341	0.216	25.586	-8917.499
622	8	500	493	0.5171	0.344	0.351	0.302	0.322	0.264	0.380	0.263	0.319	0.283	0.255	0.259	0.294	0.310	0.333	2.242	0.515	0.337	0.196	7.800	-8917.151
623	8	500	491	0.5057	0.272	0.303	0.254	0.313	0.298	0.255	0.322	0.312	0.338	0.252	0.336	0.333	0.286	0.304	2.078	0.599	0.325	0.174	9.630	-8774.248
624	8	500	493	0.5238	0.333	0.296	0.271	0.262	0.288	0.358	0.284	0.309	0.271	0.255	0.339	0.339	0.277	0.289	2.111	0.646	0.282	0.207	11.686	-8768.991
625	8	500	494	0.5171	0.303	0.300	0.300	0.316	0.336	0.312	0.280	0.380	0.331	0.343	0.249	0.310	0.368	0.317	1.994	0.574	0.301	0.238	15.587	-9141.600
626	8	500	491	0.5113	0.250	0.237	0.288	0.265	0.354	0.303	0.295	0.267	0.266	0.293	0.408	0.268	0.320	0.257	1.887	0.629	0.275	0.218	12.150	-8769.606
627	8	500	490	0.5109	0.297	0.273	0.298	0.281	0.259	0.275	0.291	0.357	0.259	0.319	0.278	0.349	0.304	0.300	1.974	0.556	0.336	0.179	10.696	-8783.121
628	8	500	495	0.5138	0.530	0.352	0.340	0.267	0.302	0.258	0.332	0.524	0.231	0.276	0.332	0.332	0.352	0.277	2.117	0.593	0.326	0.203	25.965	-8940.700
629	8	500	491	0.5172	0.416	0.319	0.333	0.263	0.361	0.360	0.300	0.431	0.321	0.358	0.283	0.324	0.326	0.201	2.223	0.605	0.267	0.202	16.376	-8895.562
630	8	500	494	0.5078	0.439	0.300	0.284	0.288	0.286	0.314	0.232	0.454	0.268	0.288	0.290	0.283	0.278	0.287	1.932	0.654	0.260	0.200	26.211	-8568.299
631	8	500	497	0.5189	0.312	0.281	0.351	0.273	0.280	0.302	0.279	0.300	0.310	0.293	0.332	0.302	0.352	0.267	2.052	0.603	0.283	0.211	7.551	-8904.870
632	8	500	491	0.5157	0.380	0.250	0.314	0.245	0.346	0.282	0.287	0.384	0.282	0.336	0.272	0.335	0.280	0.245	2.003	0.553	0.300	0.240	13.980	-8860.156
633	8	500	496	0.5224	0.236	0.300	0.293	0.291	0.334	0.338	0.302	0.167	0.270	0.267	0.358	0.357	0.305	0.305	1.997	0.573	0.307	0.198	4.906	-8903.644
634	8	500	493	0.5174	0.321	0.231	0.285	0.292	0.314	0.325	0.281	0.362	0.319	0.286	0.303	0.293	0.282	0.332	2.084	0.605	0.286	0.221	10.830	-8871.696
635	8	500	494	0.5087	0.324	0.338	0.297	0.316	0.270	0.288	0.272	0.378	0.291	0.317	0.307	0.262	0.367	0.341	1.971	0.624	0.280	0.206	11.984	-8929.594
636	8	500	490	0.5288	0.682	0.289	0.267	0.328	0.307	0.343	0.228	0.672	0.316	0.307	0.290	0.277	0.257	0.291	1.926	0.640	0.305	0.219	62.359	-8722.150
637	8	500	490	0.5059	0.374	0.297	0.293	0.318	0.317	0.358	0.279	0.349	0.225	0.276	0.384	0.333	0.298	0.325	2.117	0.606	0.333	0.183	16.177	-8910.370
638	8	500	493	0.5155	0.294	0.350	0.335	0.299	0.249	0.257	0.213	0.287	0.326	0.295	0.317	0.316	0.299	0.299	2.136	0.638	0.241	0.205	6.618	-8818.911
639	8	500	495	0.5251	0.409	0.276	0.331	0.321	0.275	0.288	0.333	0.396	0.308	0.271	0.357	0.351	0.299	0.222	2.191	0.623	0.311	0.195	13.901	-8883.354
640	8	500	494	0.5174	0.601	0.287	0.358	0.282	0.290	0.366	0.281	0.617	0.333	0.280	0.307	0.242	0.306	0.374	1.953	0.561	0.371	0.178	31.625	-9032.308
641	8	500	493	0.5302	0.310	0.252	0.300	0.284	0.363	0.310	0.349	0.261	0.321	0.288	0.285	0.321	0.245	0.322	2.006	0.626	0.313	0.189	5.513	-8860.747
642	8	500	496	0.5121	0.243	0.351	0.301	0.372	0.242	0.318	0.390	0.220	0.393	0.310	0.268	0.275	0.294	0.346	2.027	0.664	0.273	0.218	11.455	-9030.064
643	8	500	492	0.5046	0.236	0.289	0.336	0.323	0.333	0.350	0.297	0.282	0.375	0.259	0.312	0.318	0.301	0.279	1.878	0.505	0.307	0.214	6.693	-9124.265
644	8	500	492	0.5222	0.277	0.298	0.289	0.229	0.241	0.224	0.309	0.234	0.342	0.336	0.271	0.291	0.299	0.329	1.944	0.584	0.260	0.205	6.816	-8686.310
645	8	500	497	0.5076	0.264	0.318	0.264	0.294	0.287	0.304	0.207	0.251	0.329	0.259	0.307	0.287	0.301	0.345	1.838	0.582	0.250	0.209	5.286	-8796.497
646	8	500	492	0.5182	0.496	0.230	0.268	0.352	0.373	0.307	0.192	0.463	0.300	0.326	0.252	0.270	0.309	0.289	1.871	0.600	0.326	0.198	28.380	-8764.311
647	8	500	492	0.5272	0.279	0.342	0.292	0.318	0.256	0.316	0.255	0.309	0.238	0.318	0.278	0.265	0.342	0.346	2.069	0.562	0.257	0.215	13.232	-8866.013
648	8	500	494	0.5164	0.322	0.245	0.300	0.251	0.293	0.361	0.326	0.315	0.249	0.274	0.281	0.292	0.338	0.297	1.805	0.584	0.281	0.215	6.157	-8903.682
649	8	500	493	0.5196	0.381	0.292	0.245	0.271	0.292	0.303	0.289	0.366	0.256	0.320	0.294	0.292	0.276	0.249	1.900	0.548	0.314	0.187	13.208	-8704.240
650	8	500	490	0.5085	0.263	0.309	0.323	0.252	0.285	0.300	0.343	0.320	0.308	0.214	0.302	0.288	0.297	0.240	1.868	0.677	0.240	0.193	12.845	-8583.340
651	8	500	490	0.5025	0.259	0.251	0.234	0.303	0.302	0.278	0.269	0.219	0.324	0.282	0.331	0.294	0.276	0.345	2.018	0.668	0.242	0.213	6.493	-8631.270
652	8	500	490	0.5161	0.339	0.312	0.354	0.306	0.305	0.316	0.295	0.332	0.309	0.327	0.297	0.281	0.289	0.290	2.043	0.631	0.316	0.218	12.953	-9006.988
653	8	500	486	0.5076	0.345	0.295	0.313	0.296	0.285	0.268	0.292	0.285	0.314	0.261	0.228	0.218	0.317	0.274	2.177	0.635	0.272	0.213	10.706	-8592.503
654	8	500	495	0.4975	0.318	0.330	0.261	0.331	0.284	0.301	0.308	0.283	0.374	0.333	0.334	0.335	0.276	0.301	2.083	0.635	0.283	0.203	12.882	-8906.688
655	8	500	491	0.5086	0.262	0.310	0.279	0.244	0.316	0.323	0.313	0.301	0.314	0.347	0.290	0.309	0.314	0.262	1.953	0.521	0.320	0.185	3.972	-8928.037
656	8	500	497	0.5128	0.399	0.314	0.296	0.340	0.362	0.309	0.324	0.360	0.314	0.235	0.326	0.353	0.308	0.387	2.099	0.515	0.313	0.211	10.660	-9224.628
657	8	500	497	0.5110	0.326	0.345	0.308	0.267	0.293	0.302	0.331	0.358	0.374	0.274	0.274	0.291	0.350	0.295	2.072	0.526	0.336	0.176	9.969	-8999.995
658	8	500	492	0.5112	0.256	0.364	0.285	0.315	0.224	0.285	0.321	0.288	0.279	0.298	0.303	0.306	0.291	0.347	2.048	0.640	0.322	0.210	18.443	-8818.939
659	8	500	495	0.5228	0.341	0.289	0.348	0.277	0.275	0.349	0.325	0.325	0.311	0.291	0.287	0.290	0.306	0.285	2.009	0.612	0.304	0.203	10.385	-8931.510
660	8	500	496	0.5195	0.222	0.349	0.289	0.279	0.350	0.286	0.269	0.195	0.293	0.287	0.318	0.267	0.248	0.382	1.913	0.609	0.284	0.207	11.572	-8768.115
661	8	500	493	0.5074	0.541	0.281	0.238	0.279	0.353	0.251	0.264	0.546	0.284	0.327	0.309	0.285	0.284	0.328	2.017	0.630	0.308	0.219	34.043	-8779.642
662	8	500	493	0.5160	0.685	0.312	0.299	0.311	0.254	0.340	0.291	0.662	0.399	0.279	0.254	0.248	0.325	0.273	2.315	0.611	0.316	0.195	34.465	-8822.555
663	8	500	495	0.5185	0.257	0.369	0.322	0.206	0.246	0.321	0.306	0.294	0.333	0.338	0.302	0.326	0.342	0.297	2.047	0.587	0.296	0.193	6.446	-8956.640
664	8	500	490	0.5132	0.301	0.269	0.279	0.234	0.254	0.232	0.252	0.269	0.366	0.292	0.286	0.279	0.308	0.253	2.081	0.665	0.242	0.220	12.187	-8465.324
665	8	500	496	0.4964	0.520	0.272	0.314	0.223	0.365	0.254	0.247	0.526	0.249	0.283	0.256	0.341	0.302	0.321	2.105	0.590	0.339	0.195	21.664	-8717.118
666	8	500	493	0.5110	0.282	0.287	0.365	0.300	0.301	0.281	0.267	0.327	0.260	0.262	0.278	0.295	0.364	0.235	2.020	0.632	0.276	0.198	13.705	-8679.185
667	8	500	493	0.5168	0.215	0.309	0.280	0.309	0.283	0.381	0.254	0.260	0.304	0.311	0.292	0.323	0.331	0.382	2.004	0.594	0.288	0.190	5.830	-8924.149
668	8	500	496	0.5120	0.268	0.275	0.303	0.304	0.273	0.259	0.287	0.305	0.294	0.302	0.309	0.420	0.314	0.310	1.981	0.605	0.333	0.192	7.244	-8939.922
669	8	500	492	0.5173	0.344	0.343	0.300	0.298	0.286	0.266	0.305	0.254	0.389	0.310	0.226	0.289	0.321	0.285	2.048	0.549	0.343	0.182	11.151	-8913.385
670	8	500	493	0.5025	0.315	0.275	0.325	0.284	0.313	0.251	0.324	0.332	0.234	0.300	0.275	0.335	0.359	0.273	1.924	0.591	0.300	0.203	8.688	-8882.361
671	8	500	492	0.5072	0.323	0.236	0.311	0.339	0.290	0.328	0.298	0.343	0.199	0.335	0.321	0.221	0.336	0.288	1.943	0.554	0.313	0.179	7.939	-8799.317
672	8	500	488	0.5343	0.281	0.344	0.309	0.325	0.217	0.316	0.377	0.244	0.269	0.236	0.275	0.307	0.250	0.321	2.060	0.554	0.336	0.206	12.594	-8823.904
673	8	500	489	0.5257	0.257	0.362	0.345	0.346	0.365	0.287	0.373	0.273	0.304	0.219	0.355	0.340	0.287	0.352	2.025	0.517	0.343	0.181	5.340	-9197.442
674	8	500	489	0.5153	0.284	0.180	0.314	0.321	0.354	0.269	0.338	0.288	0.332	0.310	0.289	0.306	0.299	0.288	2.106	0.548	0.355	0.209	10.813	-8898.661
675	8	500	489	0.5039	0.293	0.231	0.305	0.295	0.341	0.273	0.323	0.372	0.270	0.336	0.280	0.229	0.292	0.297	2.246	0.639	0.271	0.208	10.011	-8693.548
676	8	500	496	0.5173	0.269	0.294	0.297	0.327	0.298	0.355	0.267	0.329	0.335	0.318	0.351	0.270	0.356	0.347	2.119	0.583	0.298	0.177	9.035	-9040.398
677	8	500	486	0.5217	0.311	0.322	0.292	0.290	0.294	0.294	0.249	0.327	0.270	0.249	0.313	0.277	0.290	0.290	1.974	0.663	0.282	0.194	16.329	-8577.369
678	8	500	492	0.5287	0.338	0.324	0.326	0.272	0.328	0.308	0.298	0.345	0.258	0.350	0.298	0.312	0.275	0.307	1.983	0.644	0.267	0.194	12.764	-8854.876
679	8	500	493	0.5168	0.288	0.280	0.321	0.310	0.268	0.250	0.289	0.328	0.297	0.304	0.358	0.333	0.366	0.235	2.222	0.647	0.319	0.209	13.150	-8807.393
680	8	500	491	0.5239	0.273	0.317	0.292	0.279	0.267	0.278	0.321	0.239	0.353	0.333	0.340	0.320	0.355	0.283	2.025	0.614	0.278	0.175	8.521	-8907.159
681	8	500	487	0.5210	0.269	0.334	0.278	0.349	0.320	0.316	0.305	0.213	0.301	0.362	0.320	0.266	0.248	0.292	2.070	0.607	0.275	0.204	11.005	-8854.784
682	8	500	490	0.5323	0.384	0.301	0.243	0.286	0.281	0.279	0.242	0.443	0.333	0.255	0.287	0.306	0.290	0.319	1.842	0.623	0.298	0.212	18.840	-8708.416
683	8	500	491	0.4944	0.342	0.296	0.295	0.274	0.234	0.244	0.292	0.259	0.256	0.293	0.278	0.300	0.299	0.272	1.980	0.646	0.271	0.198	14.189	-8523.188
684	8	500	494	0.5139	0.269	0.334	0.310	0.291	0.234	0.239	0.371	0.295	0.315	0.280	0.257	0.254	0.291	0.302	1.908	0.580	0.300	0.195	8.100	-8756.080
685	8	500	491	0.4947	0.280	0.257	0.354	0.232	0.231	0.314	0.295	0.272	0.343	0.302	0.301	0.264	0.318	0.318	2.128	0.586	0.318	0.179	6.887	-8751.995
686	8	500	496	0.5292	0.327	0.281	0.278	0.258	0.337	0.315	0.302	0.370	0.362	0.277	0.259	0.301	0.287	0.335	1.979	0.568	0.278	0.165	19.851	-8786.606
687	8	500	493	0.4877	0.403	0.260	0.295	0.369	0.291	0.224	0.303	0.374	0.277	0.276	0.297	0.255	0.292	0.291	2.068	0.685	0.230	0.223	15.717	-8632.236
688	8	500	495	0.5213	0.284	0.308	0.267	0.289	0.298	0.257	0.225	0.227	0.376	0.274	0.260	0.336	0.327	0.208	2.033	0.617	0.255	0.209	6.148	-8620.075
689	8	500	492	0.5042	0.555	0.314	0.295	0.304	0.317	0.276	0.318	0.469	0.306	0.311	0.318	0.231	0.349	0.295	2.101	0.564	0.364	0.174	36.323	-8888.672
690	8	500	492	0.5160	0.595	0.370	0.249	0.315	0.261	0.360	0.226	0.573	0.328	0.308	0.325	0.241	0.308	0.286	1.982	0.598	0.331	0.194	33.532	-8860.570
691	8	500	491	0.5083	0.268	0.276	0.297	0.265	0.298	0.294	0.307	0.318	0.264	0.255	0.371	0.340	0.278	0.354	1.886	0.624	0.287	0.193	5.387	-8806.781
692	8	500	490	0.5109	0.294	0.343	0.355	0.314	0.339	0.287	0.354	0.301	0.329	0.286	0.286	0.277	0.368	0.362	2.186	0.515	0.336	0.195	6.463	-9147.487
693	8	500	493	0.5288	0.315	0.313	0.304	0.339	0.331	0.291	0.309	0.304	0.334	0.296	0.296	0.314	0.249	0.365	2.077	0.554	0.350	0.182	9.670	-9018.790
694	8	500	487	0.5021	0.300	0.358	0.249	0.310	0.269	0.292	0.328	0.283	0.253	0.298	0.274	0.283	0.259	0.303	2.100	0.631	0.297	0.190	11.586	-8603.217
695	8	500	495	0.5176	0.397	0.245	0.245	0.283	0.263	0.307	0.318	0.388	0.330	0.317	0.228	0.294	0.300	0.254	2.027	0.612	0.241	0.230	7.197	-8735.532
696	8	500	496	0.4993	0.298	0.419	0.324	0.287	0.268	0.284	0.299	0.288	0.282	0.316	0.316	0.349	0.257	0.333	2.079	0.541	0.322	0.183	9.417	-8970.727
697	8	500	487	0.5215	0.556	0.319	0.269	0.252	0.283	0.266	0.249	0.528	0.350	0.330	0.267	0.302	0.307	0.359	2.034	0.632	0.290	0.188	28.246	-8745.595
698	8	500	492	0.5076	0.454	0.270	0.335	0.319	0.295	0.305	0.253	0.374	0.314	0.244	0.344	0.287	0.263	0.352	2.108	0.551	0.339	0.181	14.846	-8854.129
699	8	500	490	0.5094	0.324	0.280	0.286	0.335	0.264	0.261	0.319	0.332	0.268	0.276	0.329	0.345	0.336	0.338	2.135	0.636	0.327	0.195	19.125	-8824.115
700	8	500	492	0.5097	0.256	0.264	0.245	0.332	0.284	0.319	0.232	0.290	0.353	0.295	0.242	0.302	0.348	0.275	1.966	0.592	0.273	0.181	8.396	-8707.826
701	8	500	494	0.5276	0.344	0.283	0.309	0.335	0.298	0.253	0.350	0.359	0.339	0.304	0.319	0.290	0.367	0.350	1.833	0.594	0.305	0.189	13.359	-9086.395
702	8	500	485	0.5199	0.298	0.256	0.317	0.256	0.262	0.328	0.273	0.305	0.276	0.305	0.282	0.328	0.289	0.314	2.296	0.570	0.300	0.182	8.387	-8680.677
703	8	500	495	0.5139	0.268	0.337	0.306	0.298	0.352	0.288	0.315	0.319	0.341	0.275	0.276	0.312	0.306	0.294	2.028	0.571	0.350	0.171	9.813	-8876.058
704	8	500	491	0.5238	0.354	0.313	0.275	0.334	0.272	0.326	0.295	0.349	0.291	0.294	0.293	0.284	0.286	0.294	1.923	0.612	0.256	0.241	18.708	-8880.508
705	8	500	494	0.5267	0.344	0.282	0.311	0.286	0.304	0.274	0.311	0.401	0.273	0.326	0.245	0.274	0.295	0.304	1.993	0.584	0.289	0.204	14.404	-8796.583
706	8	500	490	0.5180	0.240	0.291	0.320	0.305	0.352	0.324	0.233	0.250	0.281	0.292	0.246	0.309	0.276	0.346	2.168	0.570	0.289	0.192	11.849	-8745.533
707	8	500	486	0.5098	0.268	0.256	0.283	0.289	0.327	0.277	0.259	0.304	0.319	0.302	0.252	0.236	0.289	0.297	1.979	0.599	0.243	0.180	12.000	-8561.286
708	8	500	487	0.5158	0.335	0.299	0.328	0.287	0.270	0.335	0.252	0.309	0.353	0.260	0.272	0.275	0.262	0.293	1.801	0.661	0.253	0.204	11.549	-8693.541
709	8	500	495	0.5087	0.350	0.326	0.289	0.317	0.343	0.294	0.249	0.259	0.277	0.266	0.301	0.362	0.368	0.324	1.980	0.551	0.274	0.193	7.326	-8947.391
710	8	500	492	0.4988	0.268	0.280	0.254	0.279	0.273	0.312	0.325	0.273	0.306	0.247	0.251	0.237	0.271	0.232	2.129	0.549	0.300	0.202	5.983	-8557.035
711	8	500	491	0.4889	0.454	0.271	0.299	0.270	0.284	0.287	0.269	0.412	0.228	0.246	0.320	0.369	0.256	0.303	1.810	0.629	0.302	0.169	19.822	-8566.370
712	8	500	490	0.5148	0.224	0.279	0.258	0.326	0.315	0.244	0.314	0.243	0.351	0.257	0.238	0.282	0.288	0.342	1.968	0.628	0.286	0.210	10.646	-8624.445
713	8	500	497	0.5068	0.242	0.208	0.287	0.339	0.290	0.348	0.309	0.223	0.360	0.307	0.328	0.234	0.308	0.291	1.960	0.591	0.231	0.209	4.351	-8851.718
714	8	500	490	0.5201	0.262	0.284	0.320	0.306	0.329	0.316	0.294	0.279	0.286	0.314	0.302	0.356	0.310	0.280	2.005	0.575	0.281	0.219	8.174	-9010.779
715	8	500	496	0.5106	0.141	0.278	0.291	0.323	0.274	0.302	0.295	0.209	0.295	0.288	0.295	0.322	0.283	0.294	1.967	0.661	0.298	0.238	6.794	-8790.874
716	8	500	493	0.4951	0.328	0.264	0.276	0.280	0.317	0.289	0.347	0.331	0.321	0.327	0.261	0.294	0.338	0.215	1.934	0.625	0.278	0.189	11.896	-8650.350
717	8	500	490	0.5348	0.245	0.337	0.338	0.271	0.315	0.297	0.338	0.265	0.291	0.339	0.265	0.289	0.312	0.294	2.254	0.535	0.360	0.158	10.342	-8832.591
718	8	500	490	0.5157	0.340	0.308	0.342	0.313	0.309	0.335	0.321	0.280	0.365	0.258	0.370	0.297	0.365	0.344	1.941	0.532	0.342	0.191	7.097	-9273.865
719	8	500	496	0.5149	0.275	0.274	0.345	0.372	0.312	0.238	0.325	0.214	0.310	0.289	0.246	0.374	0.327	0.316	2.095	0.589	0.351	0.216	11.722	-8952.639
720	8	500	495	0.5163	0.423	0.339	0.316	0.323	0.337	0.276	0.299	0.499	0.292	0.285	0.317	0.338	0.261	0.314	2.058	0.577	0.335	0.170	25.826	-8915.021
721	8	500	488	0.5188	0.257	0.377	0.200	0.313	0.296	0.399	0.358	0.253	0.351	0.336	0.296	0.294	0.277	0.298	2.128	0.552	0.291	0.196	12.150	-9034.471
722	8	500	489	0.5069	0.304	0.330	0.361	0.264	0.260	0.317	0.258	0.328	0.286	0.314	0.263	0.311	0.305	0.307	2.006	0.537	0.377	0.177	9.168	-8871.583
723	8	500	493	0.5099	0.286	0.273	0.287	0.299	0.335	0.315	0.280	0.283	0.282	0.317	0.295	0.267	0.270	0.305	2.025	0.653	0.249	0.247	10.306	-8803.477
724	8	500	493	0.4904	0.418	0.251	0.298	0.286	0.320	0.282	0.312	0.405	0.227	0.298	0.314	0.321	0.272	0.307	2.131	0.621	0.279	0.223	17.073	-8783.453
725	8	500	491	0.5177	0.378	0.264	0.347	0.299	0.294	0.330	0.344	0.357	0.272	0.307	0.314	0.366	0.294	0.343	1.978	0.576	0.334	0.213	13.558	-9133.781
726	8	500	495	0.5057	0.346	0.293	0.325	0.319	0.281	0.433	0.270	0.283	0.327	0.332	0.260	0.275	0.331	0.265	2.009	0.586	0.323	0.204	19.128	-8975.302
727	8	500	489	0.5280	0.260	0.275	0.276	0.323	0.345	0.292	0.340	0.288	0.310	0.344	0.310	0.290	0.346	0.330	2.068	0.553	0.306	0.210	7.216	-9077.514
728	8	500	494	0.4968	0.282	0.219	0.312	0.284	0.245	0.258	0.320	0.278	0.272	0.297	0.243	0.317	0.348	0.299	1.863	0.651	0.272	0.204	11.295	-8584.272
729	8	500	488	0.5018	0.331	0.244	0.284	0.297	0.280	0.289	0.273	0.309	0.248	0.273	0.311	0.275	0.299	0.289	2.100	0.556	0.345	0.192	12.097	-8623.575
730	8	500	490	0.5248	0.315	0.195	0.260	0.272	0.262	0.238	0.287	0.325	0.276	0.299	0.274	0.268	0.307	0.278	1.855	0.692	0.234	0.240	14.694	-8518.795
731	8	500	491	0.5128	0.229	0.286	0.340	0.327	0.271	0.303	0.306	0.292	0.330	0.294	0.356	0.308	0.297	0.281	2.229	0.616	0.276	0.184	6.084	-8834.312
732	8	500	495	0.5033	0.552	0.281	0.254	0.304	0.320	0.269	0.321	0.498	0.367	0.304	0.277	0.325	0.359	0.338	2.211	0.618	0.293	0.200	21.706	-8880.894
733	8	500	490	0.5050	0.343	0.283	0.222	0.287	0.232	0.239	0.306	0.416	0.320	0.315	0.301	0.317	0.287	0.330	1.974	0.603	0.274	0.206	16.094	-8651.643
734	8	500	489	0.5166	0.322	0.322	0.293	0.292	0.316	0.301	0.251	0.267	0.279	0.293	0.326	0.303	0.277	0.316	2.031	0.639	0.274	0.189	11.824	-8700.984
735	8	500	493	0.5268	0.283	0.321	0.288	0.329	0.257	0.330	0.277	0.316	0.245	0.256	0.308	0.292	0.333	0.282	2.039	0.644	0.265	0.211	11.926	-8784.491
736	8	500	490	0.5095	0.199	0.284	0.329	0.332	0.309	0.236	0.318	0.213	0.292	0.304	0.301	0.311	0.360	0.248	2.035	0.549	0.354	0.204	8.184	-8878.638
737	8	500	492	0.5173	0.296	0.255	0.294	0.272	0.279	0.304	0.355	0.294	0.317	0.256	0.284	0.309	0.254	0.317	2.234	0.547	0.329	0.181	4.345	-8768.655
738	8	500	493	0.4987	0.354	0.234	0.334	0.252	0.331	0.293	0.236	0.369	0.216	0.257	0.348	0.302	0.296	0.336	1.833	0.611	0.351	0.199	22.448	-8699.607
739	8	500	495	0.5130	0.299	0.256	0.331	0.322	0.327	0.295	0.307	0.310	0.264	0.371	0.242	0.315	0.295	0.338	1.980	0.552	0.364	0.219	8.686	-9079.416
740	8	500	493	0.5287	0.233	0.317	0.269	0.322	0.290	0.280	0.281	0.273	0.293	0.269	0.292	0.306	0.318	0.300	2.164	0.580	0.339	0.215	12.377	-8809.996
741	8	500	489	0.5088	0.231	0.292	0.336	0.252	0.349	0.276	0.325	0.253	0.322	0.297	0.346	0.258	0.343	0.361	1.947	0.548	0.289	0.186	6.017	-8954.291
742	8	500	488	0.5310	0.312	0.285	0.323	0.289	0.293	0.276	0.313	0.330	0.251	0.278	0.332	0.281	0.302	0.308	2.004	0.599	0.267	0.201	11.332	-8786.585
743	8	500	498	0.5137	0.365	0.379	0.314	0.319	0.365	0.374	0.309	0.276	0.285	0.361	0.305	0.337	0.313	0.294	1.834	0.525	0.297	0.200	12.432	-9252.320
744	8	500	489	0.5109	0.250	0.291	0.266	0.263	0.301	0.281	0.289	0.283	0.242	0.307	0.284	0.342	0.308	0.291	2.050	0.641	0.293	0.202	11.432	-8622.341
745	8	500	491	0.5208	0.312	0.282	0.291	0.267	0.305	0.277	0.277	0.305	0.276	0.343	0.282	0.332	0.266	0.270	1.969	0.636	0.281	0.199	12.815	-8690.493
746	8	500	494	0.5042	0.327	0.337	0.232	0.349	0.275	0.302	0.283	0.352	0.294	0.317	0.296	0.304	0.356	0.263	2.133	0.569	0.310	0.216	9.959	-8894.936
747	8	500	493	0.5152	0.287	0.360	0.235	0.315	0.304	0.346	0.259	0.267	0.304	0.271	0.279	0.222	0.300	0.301	2.136	0.609	0.274	0.211	7.027	-8746.441
748	8	500	497	0.5095	0.211	0.274	0.319	0.255	0.363	0.309	0.337	0.251	0.274	0.306	0.297	0.294	0.306	0.267	2.128	0.603	0.312	0.195	6.343	-8827.741
749	8	500	491	0.5094	0.304	0.285	0.291	0.261	0.287	0.284	0.256	0.260	0.319	0.300	0.277	0.282	0.318	0.289	2.008	0.623	0.309	0.232	7.538	-8755.551
750	8	500	493	0.5183	0.245	0.307	0.290	0.349	0.295	0.325	0.301	0.235	0.295	0.264	0.360	0.265	0.306	0.290	2.050	0.580	0.353	0.206	5.879	-8911.890
751	8	500	497	0.5217	0.391	0.283	0.322	0.299	0.340	0.317	0.363	0.339	0.349	0.265	0.285	0.256	0.306	0.363	2.019	0.556	0.378	0.198	16.105	-9099.456
752	8	500	495	0.5167	0.364	0.277	0.234	0.272	0.307	0.342	0.257	0.370	0.259	0.284	0.317	0.306	0.292	0.280	1.930	0.587	0.278	0.207	11.852	-8725.399
753	8	500	491	0.5158	0.219	0.278	0.265	0.305	0.293	0.340	0.316	0.270	0.300	0.347	0.258	0.298	0.297	0.296	1.922	0.591	0.308	0.220	6.838	-8937.347
754	8	500	498	0.5018	0.254	0.350	0.285	0.340	0.292	0.313	0.252	0.296	0.320	0.259	0.281	0.297	0.342	0.334	1.862	0.574	0.345	0.215	9.996	-9030.922
755	8	500	491	0.5200	0.251	0.336	0.339	0.277	0.295	0.262	0.323	0.322	0.231	0.285	0.291	0.260	0.339	0.273	2.078	0.573	0.292	0.195	6.384	-8778.590
756	8	500	497	0.5159	0.366	0.334	0.338	0.237	0.339	0.310	0.317	0.366	0.293	0.291	0.350	0.311	0.295	0.349	2.034	0.553	0.290	0.199	8.540	-9108.221
757	8	500	497	0.5097	0.284	0.354	0.361	0.301	0.278	0.345	0.283	0.368	0.307	0.277	0.287	0.232	0.263	0.314	2.033	0.588	0.335	0.182	15.174	-8849.541
758	8	500	494	0.5180	0.356	0.306	0.280	0.286	0.266	0.326	0.354	0.405	0.336	0.327	0.272	0.286	0.351	0.249	1.873	0.596	0.342	0.214	18.286	-8980.978
759	8	500	495	0.5012	0.332	0.332	0.263	0.334	0.254	0.347	0.304	0.262	0.266	0.310	0.283	0.296	0.339	0.270	2.304	0.561	0.299	0.193	7.565	-8880.872
760	8	500	497	0.5178	0.287	0.385	0.314	0.353	0.268	0.311	0.301	0.298	0.308	0.300	0.316	0.329	0.327	0.351	2.120	0.576	0.301	0.196	10.084	-9094.477
761	8	500	490	0.5130	0.306	0.257	0.302	0.354	0.307	0.294	0.316	0.279	0.242	0.317	0.310	0.359	0.295	0.292	1.719	0.558	0.318	0.178	8.103	-8912.016
762	8	500	495	0.5113	0.268	0.286	0.270	0.264	0.223	0.311	0.379	0.228	0.350	0.310	0.321	0.252	0.278	0.289	2.005	0.592	0.316	0.203	6.668	-8838.756
763	8	500	496	0.5039	0.280	0.256	0.307	0.349	0.321	0.292	0.287	0.303	0.402	0.313	0.302	0.270	0.285	0.310	1.861	0.646	0.279	0.231	8.392	-9016.287
764	8	500	497	0.5368	0.655	0.338	0.296	0.247	0.254	0.297	0.295	0.690	0.318	0.313	0.334	0.361	0.263	0.339	1.999	0.531	0.353	0.223	28.196	-9128.075
765	8	500	498	0.5210	0.296	0.365	0.276	0.359	0.308	0.328	0.301	0.267	0.271	0.341	0.226	0.313	0.319	0.360	2.011	0.533	0.304	0.197	9.264	-9089.059
766	8	500	493	0.5110	0.334	0.303	0.259	0.323	0.320	0.256	0.290	0.348	0.292	0.279	0.303	0.288	0.302	0.317	1.947	0.571	0.329	0.205	11.682	-8846.082
767	8	500	495	0.5181	0.321	0.366	0.287	0.280	0.292	0.316	0.345	0.341	0.382	0.299	0.232	0.304	0.340	0.316	1.932	0.591	0.336	0.197	14.451	-8999.440
768	8	500	491	0.5357	0.293	0.284	0.326	0.281	0.278	0.356	0.299	0.214	0.372	0.312	0.265	0.310	0.281	0.281	1.974	0.573	0.346	0.183	7.091	-8861.566
769	8	500	492	0.5207	0.379	0.305	0.330	0.301	0.278	0.305	0.295	0.339	0.349	0.356	0.342	0.362	0.322	0.280	2.068	0.555	0.346	0.191	8.569	-9162.456
770	8	500	494	0.5016	0.320	0.291	0.281	0.315	0.303	0.263	0.315	0.257	0.277	0.327	0.356	0.364	0.272	0.257	1.993	0.597	0.265	0.181	11.127	-8772.959
771	8	500	493	0.4989	0.281	0.297	0.297	0.281	0.264	0.315	0.279	0.273	0.314	0.279	0.347	0.286	0.288	0.319	2.055	0.597	0.306	0.213	8.814	-8844.831
772	8	500	497	0.5227	0.262	0.325	0.236	0.288	0.280	0.324	0.360	0.259	0.244	0.308	0.282	0.320	0.361	0.258	2.033	0.523	0.325	0.182	5.739	-8913.137
773	8	500	490	0.5198	0.282	0.293	0.279	0.303	0.241	0.337	0.315	0.303	0.314	0.275	0.319	0.321	0.259	0.308	1.979	0.605	0.286	0.187	9.202	-8802.074
774	8	500	497	0.5043	0.296	0.354	0.307	0.333	0.314	0.292	0.315	0.301	0.339	0.249	0.306	0.373	0.333	0.322	1.896	0.540	0.319	0.212	6.722	-9175.734
775	8	500	495	0.5207	0.294	0.308	0.311	0.309	0.321	0.317	0.267	0.324	0.316	0.267	0.315	0.316	0.259	0.319	2.053	0.556	0.365	0.197	13.657	-8905.694
776	8	500	494	0.5144	0.285	0.330	0.330	0.247	0.289	0.411	0.284	0.267	0.290	0.303	0.305	0.306	0.314	0.304	1.933	0.621	0.312	0.203	9.762	-8967.576
777	8	500	494	0.5018	0.267	0.267	0.336	0.306	0.376	0.296	0.381	0.248	0.282	0.296	0.279	0.245	0.271	0.276	2.028	0.565	0.273	0.184	6.424	-8806.973
778	8	500	495	0.5396	0.311	0.322	0.240	0.256	0.310	0.282	0.306	0.389	0.266	0.362	0.255	0.333	0.312	0.323	2.222	0.585	0.274	0.216	9.952	-8831.513
779	8	500	493	0.5068	0.294	0.318	0.338	0.290	0.206	0.298	0.276	0.314	0.330	0.250	0.391	0.347	0.279	0.337	1.949	0.561	0.322	0.192	7.555	-8965.750
780	8	500	492	0.5253	0.340	0.325	0.338	0.305	0.306	0.275	0.351	0.288	0.409	0.334	0.346	0.261	0.296	0.330	1.930	0.508	0.305	0.175	12.197	-9150.321
781	8	500	489	0.5154	0.240	0.299	0.314	0.312	0.349	0.277	0.354	0.278	0.284	0.328	0.292	0.276	0.271	0.270	2.008	0.566	0.337	0.178	9.958	-8800.681
782	8	500	495	0.5228	0.383	0.307	0.312	0.283	0.256	0.320	0.292	0.407	0.305	0.326	0.311	0.202	0.329	0.319	2.076	0.659	0.262	0.238	7.179	-8969.496
783	8	500	497	0.5132	0.300	0.314	0.377	0.269	0.366	0.306	0.309	0.301	0.350	0.304	0.304	0.329	0.260	0.371	2.103	0.534	0.383	0.207	11.843	-9167.520
784	8	500	488	0.5221	0.286	0.250	0.303	0.346	0.341	0.270	0.282	0.275	0.312	0.341	0.310	0.294	0.279	0.356	2.114	0.608	0.280	0.186	6.185	-8861.712
785	8	500	492	0.4965	0.267	0.321	0.307	0.273	0.384	0.296	0.298	0.218	0.332	0.270	0.341	0.303	0.279	0.274	1.921	0.542	0.367	0.184	8.888	-8939.827
786	8	500	489	0.5233	0.320	0.299	0.285	0.308	0.267	0.305	0.296	0.321	0.339	0.300	0.241	0.304	0.302	0.262	1.698	0.585	0.293	0.207	15.078	-8856.032
787	8	500	490	0.5157	0.220	0.341	0.309	0.224	0.344	0.360	0.253	0.229	0.283	0.284	0.253	0.398	0.282	0.378	1.956	0.622	0.253	0.226	7.057	-8881.555
788	8	500	494	0.5089	0.223	0.309	0.261	0.332	0.249	0.272	0.314	0.258	0.314	0.239	0.384	0.301	0.334	0.322	2.033	0.595	0.286	0.196	5.946	-8825.433
789	8	500	497	0.4941	0.323	0.327	0.324	0.347	0.309	0.300	0.292	0.237	0.246	0.289	0.301	0.330	0.282	0.244	1.850	0.595	0.273	0.219	6.498	-8912.412
790	8	500	494	0.5078	0.325	0.283	0.251	0.273	0.267	0.278	0.291	0.351	0.302	0.348	0.254	0.313	0.353	0.308	1.921	0.583	0.269	0.206	5.643	-8851.929
791	8	500	489	0.5380	0.353	0.262	0.316	0.287	0.347	0.297	0.256	0.328	0.239	0.287	0.275	0.224	0.367	0.333	2.082	0.659	0.225	0.195	10.078	-8691.445
792	8	500	490	0.5072	0.286	0.307	0.274	0.363	0.345	0.272	0.255	0.248	0.343	0.272	0.329	0.295	0.243	0.308	2.029	0.584	0.268	0.176	7.210	-8726.622
793	8	500	487	0.5189	0.533	0.302	0.332	0.263	0.369	0.296	0.267	0.536	0.321	0.309	0.285	0.268	0.363	0.260	2.118	0.580	0.342	0.195	23.010	-8928.605
794	8	500	493	0.5307	0.299	0.238	0.264	0.218	0.249	0.279	0.308	0.314	0.321	0.292	0.367	0.281	0.295	0.253	2.094	0.637	0.248	0.192	11.804	-8517.386
795	8	500	494	0.5020	0.316	0.327	0.251	0.312	0.351	0.323	0.319	0.325	0.361	0.328	0.269	0.268	0.321	0.304	2.010	0.616	0.280	0.216	9.436	-8990.868
796	8	500	495	0.5225	0.410	0.346	0.301	0.362	0.266	0.278	0.361	0.376	0.335	0.304	0.255	0.288	0.338	0.277	1.905	0.653	0.275	0.217	16.291	-8994.207
797	8	500	498	0.5282	0.399	0.307	0.276	0.287	0.252	0.343	0.318	0.395	0.328	0.222	0.288	0.305	0.329	0.282	1.912	0.606	0.301	0.199	13.307	-8868.679
798	8	500	493	0.5319	0.287	0.259	0.302	0.298	0.273	0.282	0.296	0.283	0.265	0.296	0.318	0.327	0.277	0.289	1.952	0.624	0.290	0.194	10.928	-8707.591
799	8	500	488	0.4950	0.328	0.345	0.354	0.284	0.325	0.280	0.263	0.294	0.275	0.317	0.341	0.282	0.337	0.269	1.921	0.628	0.318	0.218	17.798	-8909.942
800	8	500	490	0.5217	0.378	0.328	0.279	0.290	0.323	0.286	0.268	0.294	0.273	0.330	0.316	0.336	0.224	0.341	2.144	0.632	0.300	0.194	25.601	-8729.211
801	8	500	493	0.5194	0.212	0.285	0.312	0.344	0.298	0.315	0.322	0.279	0.306	0.342	0.343	0.275	0.306	0.340	2.033	0.554	0.356	0.192	6.007	-9081.964
802	8	500	481	0.5070	0.301	0.247	0.348	0.321	0.310	0.298	0.387	0.300	0.229	0.297	0.288	0.274	0.369	0.274	2.140	0.579	0.316	0.201	13.816	-8884.410
803	8	500	488	0.4938	0.323	0.273	0.291	0.334	0.333	0.251	0.310	0.298	0.241	0.261	0.305	0.315	0.267	0.339	2.069	0.629	0.259	0.180	14.820	-8675.359
804	8	500	494	0.5177	0.324	0.312	0.295	0.278	0.280	0.315	0.272	0.307	0.336	0.315	0.315	0.288	0.341	0.305	1.798	0.588	0.292	0.194	8.810	-8960.849
805	8	500	488	0.5058	0.243	0.279	0.291	0.324	0.303	0.284	0.255	0.305	0.264	0.234	0.308	0.270	0.279	0.347	2.069	0.579	0.297	0.196	7.167	-8672.476
806	8	500	493	0.5112	0.271	0.346	0.305	0.338	0.295	0.344	0.276	0.294	0.260	0.304	0.323	0.370	0.327	0.322	1.906	0.553	0.321	0.175	11.015	-9029.992
807	8	500	495	0.5125	0.328	0.246	0.313	0.291	0.296	0.357	0.267	0.273	0.300	0.247	0.335	0.315	0.257	0.349	1.920	0.621	0.282	0.220	7.635	-8907.997
808	8	500	498	0.5202	0.463	0.282	0.288	0.246	0.304	0.272	0.332	0.404	0.320	0.313	0.318	0.323	0.291	0.343	2.202	0.566	0.342	0.201	16.950	-8962.239
809	8	500	494	0.5161	0.319	0.305	0.289	0.324	0.257	0.314	0.325	0.260	0.281	0.251	0.348	0.340	0.339	0.313	2.223	0.565	0.354	0.224	10.961	-9003.818
810	8	500	490	0.4950	0.282	0.239	0.317	0.403	0.339	0.272	0.322	0.354	0.264	0.301	0.288	0.368	0.310	0.287	1.766	0.609	0.305	0.199	16.433	-8963.847
811	8	500	491	0.5232	0.332	0.340	0.311	0.282	0.331	0.287	0.284	0.286	0.378	0.349	0.234	0.290	0.324	0.343	2.151	0.543	0.278	0.208	6.899	-9051.612
812	8	500	490	0.5082	0.344	0.333	0.323	0.334	0.366	0.366	0.282	0.286	0.288	0.381	0.249	0.310	0.347	0.262	2.073	0.586	0.323	0.189	13.999	-8955.495
813	8	500	494	0.5262	0.361	0.332	0.291	0.268	0.327	0.304	0.320	0.362	0.262	0.352	0.250	0.313	0.305	0.316	1.934	0.558	0.322	0.196	16.134	-8924.432
814	8	500	493	0.4986	0.229	0.345	0.315	0.289	0.346	0.281	0.300	0.203	0.246	0.340	0.278	0.318	0.258	0.321	2.000	0.596	0.289	0.179	6.839	-8724.439
815	8	500	495	0.5199	0.238	0.306	0.297	0.356	0.222	0.345	0.296	0.243	0.303	0.317	0.304	0.291	0.282	0.334	1.779	0.661	0.237	0.208	8.395	-8849.012
816	8	500	494	0.5224	0.144	0.273	0.340	0.296	0.327	0.294	0.363	0.218	0.396	0.337	0.289	0.268	0.293	0.262	1.907	0.529	0.266	0.202	5.105	-8967.170
817	8	500	486	0.5128	0.263	0.354	0.264	0.234	0.241	0.304	0.305	0.233	0.300	0.328	0.293	0.286	0.309	0.283	1.849	0.575	0.288	0.207	5.596	-8762.094
818	8	500	496	0.5058	0.270	0.295	0.300	0.255	0.367	0.320	0.301	0.339	0.257	0.288	0.296	0.283	0.329	0.316	1.989	0.598	0.312	0.190	10.583	-8867.415
819	8	500	495	0.5048	0.236	0.368	0.263	0.299	0.326	0.266	0.333	0.294	0.341	0.274	0.322	0.282	0.314	0.321	1.890	0.565	0.358	0.210	6.061	-9046.962
820	8	500	494	0.5143	0.305	0.292	0.344	0.334	0.338	0.319	0.291	0.386	0.317	0.318	0.286	0.301	0.336	0.336	2.108	0.596	0.288	0.192	13.554	-8997.901
821	8	500	493	0.5049	0.313	0.315	0.292	0.314	0.329	0.294	0.272	0.295	0.253	0.292	0.339	0.270	0.302	0.287	2.081	0.625	0.276	0.198	7.722	-8782.097
822	8	500	495	0.5171	0.372	0.314	0.276	0.291	0.289	0.303	0.352	0.346	0.270	0.339	0.266	0.300	0.322	0.329	1.986	0.564	0.326	0.200	15.553	-8936.362
823	8	500	491	0.5123	0.415	0.321	0.345	0.341	0.254	0.287	0.244	0.357	0.319	0.252	0.345	0.260	0.291	0.292	2.009	0.603	0.283	0.193	17.059	-8739.508
824	8	500	495	0.5221	0.369	0.310	0.355	0.305	0.286	0.382	0.306	0.344	0.288	0.329	0.295	0.246	0.251	0.289	1.914	0.607	0.322	0.184	19.305	-8889.196
825	8	500	490	0.5273	0.260	0.280	0.351	0.254	0.309	0.281	0.332	0.277	0.319	0.296	0.292	0.255	0.293	0.237	1.847	0.600	0.283	0.197	7.753	-8727.017
826	8	500	492	0.5238	0.215	0.304	0.312	0.344	0.253	0.384	0.251	0.235	0.358	0.213	0.300	0.269	0.288	0.285	1.875	0.585	0.232	0.233	3.392	-8883.214
827	8	500	489	0.5285	0.356	0.284	0.293	0.287	0.293	0.252	0.318	0.291	0.305	0.339	0.294	0.284	0.286	0.272	1.942	0.589	0.326	0.204	9.785	-8853.159
828	8	500	494	0.5150	0.374	0.286	0.291	0.305	0.327	0.305	0.291	0.376	0.337	0.279	0.320	0.310	0.299	0.243	1.735	0.597	0.315	0.198	12.573	-8885.203
829	8	500	497	0.5062	0.217	0.354	0.275	0.285	0.309	0.311	0.377	0.248	0.295	0.380	0.277	0.347	0.358	0.403	1.917	0.528	0.385	0.206	5.249	-9314.316
830	8	500	498	0.5068	0.276	0.332	0.327	0.260	0.366	0.267	0.314	0.349	0.321	0.322	0.283	0.359	0.308	0.287	1.857	0.589	0.315	0.210	12.639	-9037.342
831	8	500	491	0.4994	0.381	0.295	0.289	0.259	0.273	0.366	0.288	0.307	0.289	0.307	0.289	0.289	0.327	0.278	2.181	0.604	0.277	0.187	16.687	-8735.385
832	8	500	494	0.5011	0.302	0.328	0.304	0.306	0.304	0.344	0.342	0.304	0.305	0.253	0.302	0.292	0.321	0.317	1.956	0.574	0.300	0.224	11.037	-9022.871
833	8	500	495	0.5017	0.287	0.301	0.270	0.273	0.334	0.306	0.308	0.329	0.303	0.338	0.274	0.279	0.273	0.255	1.907	0.639	0.304	0.202	11.841	-8780.375
834	8	500	492	0.5023	0.344	0.215	0.325	0.266	0.306	0.251	0.296	0.363	0.320	0.275	0.359	0.306	0.332	0.262	1.960	0.561	0.273	0.211	7.669	-8850.474
835	8	500	491	0.5248	0.336	0.318	0.309	0.249	0.315	0.310	0.270	0.284	0.261	0.286	0.319	0.296	0.270	0.318	2.115	0.628	0.274	0.193	12.852	-8718.644
836	8	500	489	0.5257	0.413	0.262	0.272	0.292	0.314	0.261	0.329	0.351	0.292	0.292	0.295	0.332	0.315	0.285	2.097	0.588	0.350	0.213	19.037	-8870.601
837	8	500	487	0.5086	0.242	0.279	0.286	0.322	0.341	0.381	0.256	0.250	0.242	0.350	0.299	0.290	0.317	0.327	2.044	0.551	0.306	0.197	8.592	-8935.966
838	8	500	494	0.5215	0.336	0.309	0.288	0.296	0.326	0.301	0.256	0.364	0.291	0.281	0.353	0.319	0.301	0.277	2.021	0.632	0.298	0.197	22.308	-8771.088
839	8	500	491	0.5270	0.310	0.291	0.323	0.251	0.282	0.267	0.282	0.294	0.294	0.285	0.297	0.285	0.302	0.263	2.011	0.672	0.235	0.192	11.958	-8616.719
840	8	500	487	0.5012	0.300	0.219	0.309	0.324	0.313	0.341	0.328	0.288	0.284	0.317	0.308	0.315	0.271	0.353	1.913	0.604	0.263	0.207	8.842	-8936.189
841	8	500	489	0.5152	0.256	0.267	0.311	0.260	0.269	0.313	0.244	0.228	0.309	0.286	0.309	0.260	0.255	0.288	1.847	0.593	0.285	0.196	7.455	-8577.596
842	8	500	487	0.5137	0.261	0.268	0.317	0.298	0.300	0.272	0.269	0.262	0.352	0.303	0.303	0.324	0.272	0.328	2.014	0.627	0.288	0.222	8.614	-8832.760
843	8	500	490	0.5152	0.148	0.245	0.271	0.239	0.402	0.205	0.317	0.198	0.302	0.323	0.256	0.314	0.258	0.244	1.905	0.585	0.286	0.191	2.758	-8485.723
844	8	500	495	0.5162	0.253	0.311	0.360	0.301	0.352	0.322	0.308	0.289	0.323	0.322	0.317	0.315	0.291	0.294	2.021	0.576	0.334	0.236	16.266	-9107.074
845	8	500	494	0.5090	0.265	0.307	0.283	0.332	0.269	0.358	0.299	0.345	0.342	0.350	0.304	0.412	0.276	0.256	2.010	0.551	0.308	0.181	4.096	-9039.314
846	8	500	494	0.5136	0.326	0.352	0.239	0.291	0.298	0.298	0.366	0.301	0.267	0.316	0.294	0.301	0.306	0.364	1.954	0.588	0.318	0.198	12.231	-8938.387
847	8	500	491	0.4873	0.416	0.287	0.345	0.299	0.280	0.262	0.302	0.477	0.313	0.337	0.252	0.328	0.306	0.267	2.181	0.605	0.312	0.208	21.869	-8808.496
848	8	500	491	0.5063	0.221	0.328	0.290	0.291	0.223	0.310	0.297	0.233	0.317	0.315	0.264	0.308	0.247	0.241	2.120	0.560	0.327	0.176	4.502	-8603.532
849	8	500	496	0.5210	0.541	0.310	0.293	0.338	0.282	0.273	0.357	0.622	0.298	0.360	0.336	0.334	0.335	0.280	1.994	0.537	0.387	0.188	47.549	-9111.300
850	8	500	492	0.4977	0.362	0.327	0.321	0.307	0.307	0.290	0.268	0.281	0.321	0.312	0.319	0.282	0.304	0.297	1.962	0.604	0.264	0.212	12.027	-8925.121
851	8	500	490	0.5104	0.426	0.257	0.297	0.313	0.246	0.284	0.319	0.382	0.268	0.270	0.308	0.279	0.341	0.297	1.948	0.564	0.340	0.185	19.693	-8792.158
852	8	500	490	0.5050	0.262	0.283	0.267	0.326	0.256	0.299	0.313	0.290	0.361	0.311	0.264	0.255	0.276	0.323	1.960	0.560	0.290	0.209	12.087	-8820.444
853	8	500	492	0.5094	0.281	0.347	0.293	0.268	0.286	0.312	0.269	0.276	0.358	0.324	0.255	0.336	0.270	0.296	2.107	0.606	0.309	0.190	8.707	-8824.536
854	8	500	493	0.5080	0.666	0.279	0.286	0.308	0.293	0.281	0.305	0.667	0.300	0.324	0.264	0.368	0.352	0.293	1.915	0.623	0.300	0.225	30.213	-9036.639
855	8	500	490	0.5194	0.295	0.257	0.284	0.320	0.252	0.309	0.315	0.305	0.316	0.318	0.375	0.303	0.273	0.279	2.033	0.552	0.315	0.183	6.041	-8907.931
856	8	500	490	0.5152	0.292	0.312	0.278	0.323	0.350	0.269	0.316	0.368	0.300	0.298	0.308	0.279	0.357	0.302	2.155	0.577	0.318	0.183	7.186	-8969.990
857	8	500	492	0.5136	0.309	0.329	0.310	0.284	0.388	0.354	0.315	0.272	0.315	0.316	0.315	0.292	0.284	0.354	1.958	0.542	0.286	0.221	8.032	-9174.496
858	8	500	492	0.5108	0.319	0.318	0.292	0.289	0.300	0.340	0.292	0.340	0.309	0.305	0.284	0.345	0.311	0.287	1.955	0.638	0.292	0.183	10.761	-8843.941
859	8	500	494	0.5019	0.291	0.287	0.278	0.280	0.336	0.351	0.252	0.310	0.318	0.348	0.315	0.301	0.260	0.332	1.883	0.616	0.247	0.190	6.971	-8848.742
860	8	500	494	0.5080	0.405	0.312	0.339	0.310	0.345	0.276	0.318	0.411	0.300	0.279	0.325	0.297	0.303	0.271	1.885	0.602	0.316	0.204	19.846	-8942.276
861	8	500	494	0.5269	0.235	0.291	0.290	0.318	0.326	0.271	0.327	0.297	0.306	0.274	0.344	0.396	0.329	0.270	1.885	0.601	0.291	0.185	9.434	-8943.178
862	8	500	492	0.5121	0.395	0.268	0.327	0.255	0.281	0.304	0.317	0.323	0.396	0.281	0.292	0.325	0.246	0.331	2.132	0.603	0.247	0.225	14.312	-8924.697
863	8	500	489	0.5108	0.237	0.260	0.305	0.337	0.330	0.276	0.309	0.293	0.263	0.260	0.270	0.335	0.298	0.314	2.044	0.583	0.289	0.179	6.202	-8728.138
864	8	500	493	0.5085	0.692	0.220	0.326	0.291	0.388	0.272	0.297	0.772	0.250	0.268	0.313	0.274	0.335	0.266	2.070	0.549	0.361	0.188	38.961	-8818.597
865	8	500	488	0.5138	0.209	0.253	0.341	0.252	0.323	0.349	0.252	0.216	0.351	0.278	0.317	0.374	0.317	0.325	2.208	0.531	0.293	0.163	11.457	-8774.411
866	8	500	495	0.5174	0.365	0.298	0.295	0.376	0.333	0.236	0.266	0.281	0.344	0.346	0.279	0.332	0.370	0.359	1.943	0.601	0.327	0.191	11.897	-9100.329
867	8	500	489	0.5010	0.237	0.373	0.307	0.276	0.247	0.353	0.305	0.243	0.362	0.320	0.274	0.316	0.280	0.309	1.777	0.582	0.250	0.179	4.794	-8833.705
868	8	500	496	0.4916	0.227	0.367	0.368	0.263	0.283	0.340	0.311	0.225	0.269	0.280	0.365	0.236	0.285	0.309	1.893	0.583	0.367	0.193	8.450	-8943.477
869	8	500	491	0.5158	0.392	0.377	0.258	0.358	0.318	0.315	0.276	0.311	0.274	0.328	0.310	0.283	0.293	0.315	1.896	0.590	0.314	0.191	14.197	-8964.436
870	8	500	492	0.5145	0.282	0.315	0.293	0.325	0.237	0.309	0.278	0.361	0.321	0.376	0.301	0.291	0.356	0.313	1.948	0.585	0.326	0.184	9.340	-8997.905
871	8	500	497	0.4949	0.258	0.318	0.380	0.253	0.328	0.274	0.324	0.234	0.244	0.371	0.276	0.324	0.247	0.288	2.080	0.584	0.344	0.191	8.569	-8820.180
872	8	500	495	0.5496	0.280	0.253	0.288	0.380	0.335	0.285	0.282	0.279	0.331	0.291	0.289	0.315	0.301	0.313	1.819	0.613	0.300	0.192	12.725	-8931.096
873	8	500	497	0.5229	0.231	0.270	0.333	0.263	0.274	0.311	0.256	0.301	0.413	0.342	0.325	0.307	0.322	0.341	2.017	0.524	0.284	0.205	10.409	-9041.536
874	8	500	495	0.5247	0.251	0.371	0.317	0.317	0.269	0.331	0.336	0.310	0.361	0.278	0.278	0.321	0.309	0.291	2.017	0.590	0.296	0.207	9.078	-9015.767
875	8	500	495	0.5205	0.216	0.375	0.304	0.335	0.270	0.320	0.251	0.292	0.280	0.246	0.297	0.288	0.346	0.296	1.992	0.559	0.292	0.226	6.601	-8929.693
876	8	500	491	0.5217	0.282	0.254	0.289	0.215	0.294	0.246	0.309	0.324	0.324	0.260	0.349	0.249	0.286	0.294	2.031	0.587	0.296	0.212	7.358	-8684.873
877	8	500	492	0.5261	0.604	0.297	0.271	0.279	0.315	0.293	0.325	0.615	0.243	0.275	0.289	0.320	0.263	0.287	2.042	0.588	0.343	0.200	37.031	-8790.196
878	8	500	492	0.5162	6.364	0.328	0.283	0.319	0.263	0.278	0.285	6.426	0.376	0.289	0.381	0.305	0.329	0.332	1.958	0.616	0.358	0.181	999.000	-9007.498
879	8	500	492	0.5077	0.316	0.296	0.303	0.270	0.271	0.308	0.281	0.364	0.356	0.301	0.315	0.249	0.219	0.322	1.803	0.600	0.263	0.192	12.257	-8770.437
880	8	500	488	0.5163	0.307	0.335	0.278	0.300	0.326	0.327	0.282	0.362	0.271	0.292	0.295	0.283	0.306	0.268	1.902	0.593	0.283	0.198	17.474	-8735.079
881	8	500	491	0.5165	0.320	0.242	0.301	0.350	0.296	0.323	0.288	0.277	0.327	0.303	0.273	0.348	0.268	0.314	2.065	0.546	0.256	0.186	6.918	-8951.470
882	8	500	496	0.5117	0.337	0.292	0.246	0.341	0.307	0.348	0.359	0.357	0.305	0.291	0.313	0.345	0.285	0.335	2.001	0.567	0.254	0.194	12.284	-9034.468
883	8	500	493	0.5276	0.267	0.308	0.298	0.271	0.344	0.275	0.313	0.313	0.283	0.292	0.282	0.273	0.323	0.287	1.894	0.546	0.258	0.229	6.963	-8904.891
884	8	500	490	0.5120	0.316	0.261	0.279	0.297	0.339	0.331	0.346	0.378	0.313	0.342	0.328	0.276	0.311	0.360	2.039	0.567	0.339	0.170	11.596	-9038.883
885	8	500	494	0.5084	0.286	0.260	0.270	0.339	0.326	0.292	0.331	0.254	0.353	0.328	0.299	0.358	0.255	0.335	2.021	0.645	0.300	0.197	10.658	-8920.865
886	8	500	491	0.5142	0.376	0.274	0.322	0.301	0.258	0.246	0.269	0.392	0.266	0.313	0.296	0.300	0.309	0.336	1.879	0.618	0.290	0.213	9.840	-8860.519
887	8	500	498	0.5179	0.364	0.321	0.396	0.312	0.323	0.271	0.308	0.323	0.301	0.248	0.311	0.253	0.250	0.331	2.092	0.575	0.324	0.216	12.269	-8974.591
888	8	500	490	0.5157	0.262	0.306	0.306	0.369	0.234	0.263	0.297	0.353	0.206	0.327	0.294	0.305	0.309	0.306	2.186	0.610	0.277	0.198	17.820	-8746.261
889	8	500	490	0.4950	0.369	0.282	0.272	0.299	0.285	0.252	0.321	0.358	0.329	0.313	0.276	0.354	0.226	0.282	2.002	0.594	0.316	0.185	19.315	-8666.854
890	8	500	497	0.5152	0.378	0.312	0.373	0.264	0.290	0.271	0.330	0.339	0.346	0.246	0.305	0.300	0.303	0.305	2.083	0.603	0.331	0.174	22.903	-8804.261
891	8	500	489	0.4973	0.350	0.370	0.288	0.259	0.303	0.274	0.274	0.326	0.281	0.279	0.351	0.360	0.329	0.303	1.927	0.580	0.286	0.195	12.125	-8907.016
892	8	500	490	0.4940	0.202	0.301	0.313	0.307	0.279	0.298	0.308	0.245	0.330	0.304	0.321	0.308	0.283	0.319	2.028	0.616	0.284	0.212	7.782	-8795.005
893	8	500	494	0.5333	0.343	0.312	0.301	0.325	0.301	0.295	0.291	0.319	0.335	0.379	0.349	0.268	0.296	0.297	2.051	0.526	0.356	0.184	8.912	-9098.229
894	8	500	493	0.5209	0.310	0.281	0.318	0.306	0.256	0.270	0.292	0.254	0.234	0.300	0.327	0.331	0.290	0.324	2.005	0.618	0.290	0.219	12.689	-8828.076
895	8	500	488	0.5140	0.335	0.284	0.339	0.276	0.310	0.331	0.313	0.342	0.347	0.313	0.298	0.350	0.306	0.288	1.909	0.617	0.315	0.217	13.856	-9052.746
896	8	500	486	0.5040	0.244	0.338	0.297	0.318	0.271	0.271	0.327	0.295	0.270	0.363	0.320	0.329	0.301	0.321	1.993	0.565	0.323	0.169	8.771	-8900.813
897	8	500	489	0.5220	0.312	0.300	0.307	0.239	0.331	0.302	0.255	0.298	0.300	0.268	0.300	0.304	0.327	0.274	1.913	0.585	0.269	0.193	10.473	-8705.085
898	8	500	491	0.5165	0.305	0.358	0.312	0.303	0.372	0.276	0.348	0.316	0.273	0.277	0.326	0.236	0.315	0.285	1.933	0.607	0.259	0.210	9.196	-8944.107
899	8	500	489	0.5146	0.412	0.313	0.300	0.329	0.222	0.244	0.288	0.451	0.281	0.304	0.305	0.321	0.247	0.305	1.982	0.599	0.296	0.189	17.777	-8672.563
900	8	500	486	0.4987	0.318	0.333	0.274	0.323	0.279	0.279	0.287	0.322	0.282	0.245	0.315	0.296	0.337	0.360	1.979	0.571	0.245	0.211	7.873	-8876.887
901	8	500	488	0.5194	0.688	0.363	0.259	0.321	0.286	0.305	0.291	0.742	0.381	0.260	0.295	0.302	0.240	0.287	1.974	0.627	0.312	0.198	36.267	-8824.641
902	8	500	492	0.5228	0.230	0.306	0.275	0.253	0.300	0.215	0.292	0.263	0.307	0.344	0.244	0.242	0.294	0.331	2.167	0.669	0.214	0.217	16.316	-8547.292
903	8	500	487	0.5301	0.711	0.375	0.304	0.251	0.210	0.322	0.311	0.662	0.259	0.277	0.238	0.323	0.278	0.304	2.333	0.609	0.339	0.226	53.472	-8694.851
904	8	500	496	0.5169	0.391	0.237	0.329	0.280	0.316	0.280	0.300	0.441	0.311	0.260	0.283	0.332	0.298	0.329	2.088	0.576	0.327	0.201	21.559	-8843.814
905	8	500	491	0.5245	0.359	0.276	0.330	0.309	0.268	0.291	0.260	0.395	0.335	0.277	0.290	0.184	0.235	0.320	2.005	0.614	0.307	0.201	16.115	-8646.872
906	8	500	495	0.5098	0.501	0.291	0.279	0.312	0.251	0.324	0.275	0.443	0.240	0.303	0.288	0.340	0.329	0.302	1.958	0.654	0.248	0.214	20.360	-8804.644
907	8	500	493	0.5348	0.426	0.306	0.254	0.321	0.337	0.334	0.273	0.422	0.321	0.282	0.315	0.292	0.318	0.276	2.048	0.531	0.321	0.141	12.666	-8872.709
908	8	500	491	0.5088	7.606	0.307	0.276	0.278	0.341	0.252	0.267	7.580	0.314	0.367	0.274	0.327	0.274	0.280	2.079	0.582	0.358	0.195	843.492	-8734.827
909	8	500	488	0.5299	0.269	0.266	0.354	0.276	0.286	0.363	0.276	0.352	0.339	0.288	0.315	0.281	0.264	0.284	2.042	0.615	0.305	0.212	15.383	-8800.347
910	8	500	499	0.5220	0.329	0.316	0.331	0.332	0.239	0.268	0.328	0.280	0.406	0.254	0.274	0.276	0.273	0.331	1.857	0.668	0.232	0.238	7.811	-8950.055
911	8	500	492	0.5144	0.399	0.288	0.252	0.301	0.297	0.285	0.265	0.351	0.336	0.279	0.304	0.272	0.325	0.261	1.927	0.682	0.251	0.233	20.241	-8699.359
912	8	500	493	0.5088	0.293	0.359	0.336	0.332	0.283	0.291	0.263	0.346	0.322	0.272	0.285	0.292	0.235	0.302	2.062	0.582	0.302	0.159	16.372	-8667.328
913	8	500	487	0.5308	0.250	0.306	0.286	0.308	0.283	0.328	0.270	0.221	0.322	0.328	0.280	0.304	0.290	0.324	1.985	0.544	0.379	0.165	5.690	-8874.094
914	8	500	495	0.5068	0.283	0.384	0.291	0.261	0.303	0.309	0.272	0.223	0.293	0.318	0.267	0.289	0.346	0.309	2.218	0.565	0.325	0.208	9.998	-8873.123
915	8	500	495	0.5145	0.301	0.301	0.359	0.271	0.314	0.281	0.316	0.271	0.346	0.295	0.299	0.321	0.281	0.298	2.091	0.533	0.265	0.205	6.552	-8958.186
916	8	500	492	0.5182	0.486	0.311	0.329	0.248	0.273	0.282	0.260	0.459	0.213	0.298	0.305	0.277	0.245	0.330	2.068	0.621	0.309	0.211	25.355	-8686.088
917	8	500	494	0.5076	0.356	0.278	0.294	0.275	0.323	0.306	0.301	0.264	0.280	0.306	0.320	0.312	0.309	0.274	2.227	0.562	0.283	0.201	6.958	-8863.167
918	8	500	494	0.5218	0.315	0.310	0.281	0.309	0.413	0.328	0.247	0.338	0.298	0.268	0.335	0.288	0.251	0.296	2.114	0.641	0.309	0.204	25.433	-8797.618
919	8	500	492	0.5037	0.245	0.265	0.319	0.299	0.276	0.323	0.294	0.313	0.266	0.268	0.308	0.250	0.374	0.329	1.903	0.634	0.288	0.203	7.812	-8832.602
920	8	500	495	0.5226	0.454	0.315	0.272	0.288	0.221	0.297	0.336	0.401	0.343	0.307	0.349	0.317	0.293	0.271	1.876	0.606	0.344	0.216	23.603	-8982.666
921	8	500	492	0.5105	0.358	0.288	0.307	0.308	0.271	0.263	0.285	0.402	0.323	0.274	0.321	0.258	0.327	0.320	1.831	0.579	0.313	0.193	16.844	-8861.228
922	8	500	495	0.5015	0.327	0.273	0.362	0.258	0.334	0.283	0.318	0.313	0.265	0.288	0.300	0.324	0.275	0.271	1.973	0.639	0.312	0.188	12.588	-8716.926
923	8	500	494	0.5219	0.394	0.289	0.306	0.306	0.299	0.353	0.261	0.419	0.282	0.367	0.313	0.417	0.292	0.389	2.242	0.571	0.327	0.196	16.564	-9108.834
924	8	500	493	0.5123	3.555	0.236	0.318	0.254	0.317	0.269	0.310	3.530	0.269	0.316	0.278	0.336	0.364	0.332	1.920	0.619	0.344	0.217	396.069	-8936.536
925	8	500	489	0.4988	0.181	0.355	0.301	0.290	0.344	0.287	0.239	0.307	0.275	0.308	0.304	0.292	0.294	0.335	1.819	0.598	0.294	0.245	7.158	-8900.909
926	8	500	492	0.5123	0.385	0.326	0.317	0.357	0.241	0.284	0.345	0.388	0.320	0.300	0.320	0.352	0.250	0.313	1.890	0.577	0.323	0.183	15.146	-8992.869
927	8	500	491	0.5130	0.264	0.375	0.310	0.307	0.324	0.276	0.311	0.298	0.336	0.301	0.266	0.317	0.289	0.347	1.857	0.617	0.302	0.180	16.938	-8923.250
928	8	500	491	0.5122	0.409	0.308	0.345	0.326	0.269	0.315	0.315	0.424	0.300	0.242	0.381	0.288	0.313	0.291	2.019	0.618	0.301	0.215	17.684	-9007.873
929	8	500	490	0.5085	0.290	0.283	0.321	0.290	0.328	0.329	0.259	0.293	0.360	0.258	0.288	0.339	0.312	0.255	2.056	0.554	0.381	0.207	21.459	-8861.964
930	8	500	490	0.5183	0.261	0.368	0.305	0.364	0.305	0.273	0.304	0.186	0.297	0.332	0.273	0.327	0.308	0.314	1.981	0.597	0.344	0.176	12.418	-8886.020
931	8	500	497	0.5296	0.302	0.335	0.345	0.281	0.286	0.245	0.327	0.241	0.272	0.324	0.341	0.377	0.309	0.274	2.137	0.559	0.260	0.226	10.023	-9016.144
932	8	500	496	0.5148	0.369	0.270	0.240	0.383	0.327	0.325	0.340	0.362	0.260	0.279	0.312	0.365	0.304	0.299	1.946	0.538	0.296	0.228	10.727	-9142.745
933	8	500	492	0.5197	0.288	0.361	0.258	0.273	0.263	0.274	0.286	0.265	0.277	0.290	0.288	0.348	0.271	0.255	1.915	0.614	0.298	0.197	12.549	-8669.265
934	8	500	493	0.5174	0.289	0.231	0.295	0.299	0.283	0.326	0.346	0.236	0.272	0.295	0.240	0.291	0.314	0.312	2.009	0.567	0.299	0.207	9.491	-8788.069
935	8	500	489	0.5198	0.233	0.341	0.268	0.256	0.280	0.299	0.285	0.272	0.278	0.258	0.265	0.289	0.225	0.289	2.077	0.586	0.260	0.218	7.990	-8551.356
936	8	500	493	0.5223	0.291	0.369	0.343	0.270	0.280	0.293	0.262	0.308	0.294	0.282	0.295	0.268	0.301	0.301	2.075	0.628	0.280	0.186	7.169	-8763.028
937	8	500	497	0.5232	0.401	0.284	0.300	0.275	0.401	0.313	0.306	0.468	0.310	0.352	0.297	0.295	0.367	0.250	1.796	0.645	0.283	0.213	24.431	-9047.680
938	8	500	492	0.5229	0.379	0.342	0.351	0.274	0.300	0.374	0.335	0.324	0.335	0.352	0.248	0.283	0.343	0.298	1.887	0.543	0.380	0.193	10.518	-9181.593
939	8	500	494	0.5180	0.245	0.277	0.324	0.274	0.250	0.298	0.324	0.222	0.320	0.301	0.292	0.290	0.343	0.281	2.086	0.551	0.226	0.185	3.852	-8772.335
940	8	500	493	0.5058	0.327	0.330	0.283	0.306	0.291	0.310	0.313	0.276	0.314	0.350	0.312	0.302	0.328	0.307	1.918	0.639	0.247	0.233	15.490	-9026.397
941	8	500	489	0.4992	0.320	0.268	0.277	0.279	0.243	0.287	0.284	0.291	0.361	0.281	0.267	0.219	0.324	0.284	1.937	0.652	0.211	0.238	11.236	-8632.462
942	8	500	490	0.5177	0.405	0.300	0.261	0.277	0.230	0.264	0.277	0.398	0.234	0.298	0.317	0.325	0.327	0.280	2.046	0.603	0.333	0.219	19.750	-8736.852
943	8	500	496	0.5143	0.308	0.301	0.301	0.321	0.295	0.323	0.297	0.303	0.265	0.295	0.363	0.335	0.343	0.292	2.062	0.562	0.315	0.233	8.389	-9118.200
944	8	500	490	0.5147	0.292	0.321	0.314	0.293	0.282	0.320	0.254	0.350	0.341	0.275	0.299	0.271	0.274	0.259	1.970	0.590	0.295	0.209	16.957	-8780.673
945	8	500	489	0.5093	0.329	0.289	0.315	0.310	0.278	0.293	0.309	0.325	0.243	0.249	0.298	0.296	0.353	0.225	1.896	0.605	0.285	0.181	11.509	-8696.155
946	8	500	494	0.5208	0.221	0.410	0.276	0.299	0.296	0.313	0.277	0.273	0.347	0.242	0.279	0.291	0.268	0.273	2.055	0.619	0.286	0.185	9.627	-8695.343
947	8	500	495	0.5108	0.327	0.321	0.259	0.332	0.290	0.351	0.312	0.295	0.283	0.351	0.333	0.321	0.332	0.272	1.950	0.686	0.243	0.228	11.487	-9045.674
948	8	500	489	0.5098	0.350	0.383	0.262	0.322	0.309	0.291	0.341	0.401	0.279	0.313	0.302	0.296	0.240	0.321	2.086	0.606	0.293	0.179	18.598	-8763.197
949	8	500	492	0.5154	0.293	0.255	0.291	0.316	0.265	0.290	0.245	0.220	0.281	0.320	0.328	0.307	0.298	0.303	1.771	0.649	0.239	0.212	6.519	-8764.247
950	8	500	493	0.5152	0.234	0.340	0.292	0.263	0.231	0.295	0.298	0.268	0.322	0.271	0.293	0.318	0.306	0.299	1.925	0.632	0.276	0.205	6.677	-8744.366
951	8	500	498	0.5052	0.315	0.352	0.316	0.267	0.308	0.235	0.314	0.331	0.329	0.309	0.249	0.279	0.287	0.256	2.118	0.672	0.243	0.256	12.476	-8807.370
952	8	500	495	0.5172	0.274	0.358	0.255	0.325	0.333	0.284	0.293	0.243	0.213	0.324	0.322	0.308	0.354	0.315	2.065	0.557	0.321	0.204	8.997	-8971.042
953	8	500	493	0.5019	0.833	0.302	0.301	0.308	0.346	0.299	0.298	0.908	0.301	0.271	0.308	0.331	0.348	0.292	2.098	0.621	0.308	0.187	66.624	-8904.667
954	8	500	490	0.5098	0.397	0.303	0.283	0.274	0.304	0.270	0.373	0.338	0.304	0.274	0.303	0.289	0.278	0.283	2.173	0.616	0.284	0.193	15.687	-8672.721
955	8	500	494	0.5158	0.590	0.259	0.298	0.253	0.269	0.264	0.269	0.572	0.231	0.269	0.247	0.287	0.299	0.295	1.918	0.652	0.271	0.206	36.699	-8493.157
956	8	500	496	0.5111	0.294	0.254	0.312	0.256	0.295	0.295	0.279	0.362	0.330	0.244	0.282	0.298	0.214	0.311	1.997	0.607	0.271	0.199	12.933	-8588.428
957	8	500	496	0.5024	0.514	0.282	0.332	0.283	0.343	0.287	0.375	0.507	0.283	0.252	0.317	0.266	0.305	0.314	2.137	0.585	0.338	0.207	19.878	-9005.447
958	8	500	493	0.5231	0.280	0.298	0.291	0.346	0.292	0.323	0.322	0.266	0.321	0.307	0.296	0.248	0.279	0.268	1.899	0.614	0.298	0.201	10.270	-8838.867
959	8	500	491	0.5193	0.232	0.226	0.352	0.320	0.316	0.367	0.277	0.225	0.266	0.380	0.261	0.246	0.279	0.259	1.862	0.615	0.273	0.204	10.171	-8757.098
960	8	500	495	0.5158	0.249	0.267	0.299	0.344	0.333	0.331	0.350	0.224	0.348	0.339	0.305	0.261	0.302	0.304	1.873	0.560	0.285	0.202	5.791	-9099.721
961	8	500	496	0.5161	0.396	0.331	0.304	0.333	0.327	0.282	0.307	0.375	0.292	0.305	0.299	0.283	0.332	0.309	2.088	0.598	0.298	0.214	20.407	-8908.914
962	8	500	492	0.5208	0.251	0.355	0.329	0.245	0.310	0.283	0.358	0.228	0.298	0.343	0.341	0.276	0.335	0.329	2.021	0.548	0.359	0.191	10.433	-9049.515
963	8	500	487	0.5092	0.278	0.245	0.341	0.282	0.347	0.265	0.252	0.276	0.290	0.288	0.302	0.266	0.269	0.343	2.178	0.599	0.300	0.200	12.973	-8629.662
964	8	500	492	0.5035	0.315	0.279	0.320	0.287	0.313	0.262	0.299	0.321	0.230	0.294	0.253	0.278	0.322	0.367	2.085	0.531	0.324	0.170	10.845	-8763.756
965	8	500	493	0.5311	0.275	0.287	0.331	0.323	0.341	0.346	0.246	0.321	0.291	0.313	0.312	0.291	0.347	0.318	2.079	0.599	0.301	0.197	10.695	-9043.535
966	8	500	497	0.5122	0.260	0.228	0.296	0.256	0.333	0.322	0.258	0.239	0.282	0.362	0.219	0.302	0.308	0.272	2.112	0.620	0.189	0.208	16.040	-8553.167
967	8	500	493	0.5200	0.567	0.324	0.274	0.276	0.294	0.332	0.269	0.535	0.342	0.278	0.309	0.303	0.244	0.298	1.907	0.654	0.258	0.209	34.015	-8752.664
968	8	500	488	0.5068	0.369	0.266	0.272	0.307	0.273	0.282	0.282	0.345	0.322	0.266	0.242	0.219	0.274	0.233	1.905	0.649	0.275	0.212	18.422	-8449.186
969	8	500	492	0.4980	0.281	0.306	0.246	0.248	0.278	0.258	0.328	0.340	0.300	0.279	0.296	0.282	0.306	0.264	1.972	0.635	0.272	0.230	14.115	-8611.700
970	8	500	495	0.4903	0.277	0.306	0.323	0.298	0.295	0.237	0.293	0.241	0.195	0.266	0.233	0.292	0.296	0.269	2.091	0.630	0.266	0.211	9.900	-8510.161
971	8	500	497	0.5181	0.273	0.319	0.301	0.311	0.303	0.259	0.263	0.261	0.327	0.245	0.315	0.324	0.255	0.289	2.150	0.605	0.322	0.209	10.599	-8743.418
972	8	500	487	0.5230	0.288	0.263	0.388	0.303	0.327	0.334	0.293	0.364	0.329	0.295	0.283	0.294	0.340	0.299	2.017	0.566	0.356	0.153	20.233	-8886.466
973	8	500	493	0.5178	0.244	0.289	0.325	0.276	0.307	0.312	0.269	0.315	0.324	0.277	0.294	0.334	0.297	0.242	1.916	0.631	0.261	0.215	10.501	-8778.980
974	8	500	493	0.4988	0.241	0.366	0.276	0.271	0.291	0.317	0.305	0.256	0.301	0.280	0.310	0.294	0.285	0.319	1.960	0.587	0.246	0.209	4.354	-8888.435
975	8	500	495	0.5143	0.305	0.324	0.236	0.278	0.284	0.335	0.290	0.213	0.308	0.293	0.285	0.254	0.263	0.365	1.924	0.604	0.294	0.189	11.100	-8756.036
976	8	500	493	0.5047	0.427	0.319	0.326	0.258	0.325	0.331	0.287	0.450	0.310	0.280	0.298	0.369	0.307	0.312	1.864	0.653	0.278	0.223	24.664	-8961.718
977	8	500	491	0.5323	0.259	0.274	0.303	0.284	0.290	0.258	0.326	0.264	0.268	0.306	0.305	0.309	0.290	0.294	2.013	0.588	0.291	0.165	7.713	-8738.458
978	8	500	492	0.5095	0.344	0.299	0.278	0.282	0.302	0.275	0.318	0.368	0.258	0.350	0.328	0.329	0.361	0.269	1.979	0.524	0.287	0.183	8.881	-8971.590
979	8	500	491	0.5066	0.279	0.262	0.263	0.298	0.321	0.346	0.288	0.264	0.261	0.322	0.317	0.274	0.329	0.276	1.867	0.636	0.272	0.218	12.068	-8786.391
980	8	500	493	0.5288	0.349	0.344	0.292	0.280	0.285	0.265	0.318	0.332	0.313	0.296	0.327	0.324	0.281	0.316	2.013	0.556	0.370	0.203	16.522	-8923.128
981	8	500	492	0.5052	0.314	0.332	0.291	0.318	0.285	0.327	0.342	0.250	0.202	0.338	0.283	0.403	0.309	0.280	2.130	0.571	0.367	0.195	11.783	-8973.240
982	8	500	490	0.5112	0.318	0.257	0.374	0.285	0.323	0.277	0.349	0.269	0.262	0.408	0.264	0.285	0.285	0.339	2.010	0.599	0.341	0.181	10.032	-8931.833
983	8	500	495	0.5412	0.271	0.230	0.319	0.347	0.409	0.302	0.317	0.254	0.278	0.313	0.291	0.329	0.310	0.270	2.150	0.602	0.340	0.196	8.015	-8984.155
984	8	500	483	0.5042	0.234	0.268	0.321	0.277	0.337	0.248	0.293	0.217	0.296	0.259	0.286	0.237	0.268	0.335	2.068	0.614	0.290	0.198	7.808	-8589.605
985	8	500	493	0.5252	0.358	0.279	0.308	0.326	0.267	0.297	0.263	0.388	0.235	0.291	0.260	0.321	0.341	0.299	2.097	0.583	0.317	0.209	12.654	-8828.112
986	8	500	491	0.5239	0.277	0.322	0.310	0.348	0.279	0.292	0.292	0.248	0.297	0.289	0.296	0.358	0.269	0.358	1.914	0.527	0.339	0.201	9.801	-9042.652
987	8	500	496	0.5020	0.252	0.313	0.276	0.324	0.322	0.314	0.346	0.215	0.286	0.283	0.279	0.329	0.290	0.304	2.088	0.542	0.238	0.185	5.544	-8816.049
988	8	500	484	0.5098	0.334	0.249	0.253	0.280	0.301	0.289	0.254	0.319	0.284	0.275	0.288	0.316	0.267	0.263	2.009	0.648	0.269	0.210	16.791	-8500.214
989	8	500	495	0.5139	0.384	0.268	0.303	0.293	0.358	0.294	0.293	0.351	0.289	0.269	0.289	0.274	0.256	0.324	1.859	0.625	0.260	0.211	12.655	-8848.293
990	8	500	487	0.5058	0.576	0.226	0.279	0.280	0.347	0.321	0.230	0.554	0.295	0.263	0.365	0.246	0.366	0.336	2.156	0.667	0.274	0.189	30.134	-8707.809
991	8	500	490	0.5034	0.309	0.339	0.334	0.333	0.292	0.303	0.283	0.347	0.377	0.376	0.256	0.288	0.283	0.293	1.901	0.592	0.334	0.219	14.901	-9048.542
992	8	500	492	0.5043	0.236	0.318	0.325	0.294	0.369	0.299	0.315	0.266	0.334	0.338	0.288	0.283	0.279	0.329	1.956	0.544	0.297	0.170	4.975	-8985.959
993	8	500	495	0.4999	0.288	0.281	0.337	0.273	0.263	0.267	0.278	0.228	0.349	0.321	0.277	0.268	0.277	0.326	1.966	0.624	0.247	0.221	8.012	-8760.818
994	8	500	493	0.5032	0.337	0.314	0.274	0.316	0.292	0.276	0.301	0.323	0.325	0.283	0.324	0.308	0.357	0.322	2.066	0.624	0.296	0.206	9.840	-8936.967
995	8	500	494	0.5093	0.284	0.283	0.336	0.339	0.261	0.292	0.305	0.292	0.307	0.323	0.312	0.390	0.306	0.335	1.838	0.570	0.298	0.230	8.711	-9135.780
996	8	500	492	0.5215	0.241	0.236	0.315	0.289	0.304	0.270	0.292	0.320	0.287	0.233	0.363	0.262	0.287	0.326	1.935	0.631	0.277	0.176	6.785	-8643.064
997	8	500	496	0.5111	0.306	0.334	0.343	0.321	0.354	0.259	0.366	0.227	0.349	0.316	0.289	0.327	0.351	0.290	1.916	0.530	0.371	0.184	8.387	-9197.247
998	8	500	495	0.5361	0.417	0.383	0.252	0.244	0.323	0.236	0.259	0.503	0.349	0.313	0.322	0.316	0.301	0.348	1.867	0.668	0.284	0.190	49.845	-8749.854
999	8	500	495	0.5147	0.396	0.263	0.353	0.238	0.364	0.310	0.239	0.364	0.304	0.265	0.293	0.294	0.248	0.322	1.979	0.620	0.296	0.228	15.768	-8825.052
1000	8	500	487	0.5011	0.341	0.320	0.304	0.361	0.277	0.328	0.278	0.344	0.217	0.333	0.311	0.295	0.298	0.264	1.961	0.616	0.309	0.224	11.730	-8937.493
