1	8	500	490	0.5302	0.263	0.327	0.268	0.340	0.223	0.322	0.330	0.279	0.328	0.303	0.336	0.301	0.362	0.338	1.939	0.643	0.294	0.207	-9109.618
2	8	500	494	0.5280	0.333	0.302	0.264	0.286	0.256	0.247	0.363	0.357	0.403	0.316	0.248	0.233	0.286	0.300	1.860	0.642	0.253	0.190	-8792.040
3	8	500	495	0.5216	0.282	0.335	0.245	0.318	0.322	0.265	0.303	0.328	0.255	0.309	0.341	0.351	0.300	0.296	1.892	0.460	0.249	0.182	-8991.803
4	8	500	493	0.5162	0.671	0.290	0.262	0.282	0.337	0.308	0.300	0.000	0.379	0.339	0.257	0.260	0.332	0.326	2.057	0.553	0.348	0.201	-9085.645
5	8	500	494	0.5093	0.355	0.306	0.253	0.300	0.296	0.300	0.307	0.310	0.332	0.294	0.290	0.296	0.287	0.306	1.958	0.432	0.291	0.176	-8950.356
6	8	500	493	0.5162	0.270	0.239	0.288	0.274	0.343	0.276	0.313	0.310	0.356	0.312	0.268	0.319	0.253	0.285	1.731	0.630	0.265	0.203	-8813.181
7	8	500	493	0.5119	0.237	0.237	0.316	0.282	0.302	0.281	0.252	0.282	0.284	0.293	0.239	0.321	0.272	0.280	2.129	0.635	0.250	0.196	-8499.448
8	8	500	496	0.5186	0.242	0.243	0.304	0.263	0.290	0.289	0.310	0.267	0.353	0.316	0.301	0.339	0.284	0.343	2.207	0.505	0.295	0.176	-8861.218
9	8	500	497	0.5033	0.277	0.320	0.277	0.306	0.290	0.306	0.279	0.308	0.245	0.298	0.334	0.259	0.341	0.308	1.922	0.579	0.283	0.200	-8901.647
10	8	500	490	0.5204	0.308	0.293	0.285	0.301	0.292	0.250	0.265	0.310	0.292	0.277	0.326	0.282	0.266	0.252	2.041	0.615	0.296	0.202	-8665.547
11	8	500	497	0.5118	0.001	0.294	0.292	0.318	0.270	0.366	0.345	0.561	0.311	0.256	0.305	0.336	0.305	0.300	1.949	0.577	0.360	0.221	-9114.658
12	8	500	496	0.5159	0.330	0.286	0.287	0.323	0.303	0.338	0.365	0.267	0.361	0.350	0.295	0.327	0.256	0.310	2.012	0.555	0.304	0.219	-9161.223
13	8	500	489	0.5023	0.311	0.327	0.223	0.309	0.343	0.307	0.384	0.272	0.234	0.247	0.313	0.296	0.316	0.298	2.108	0.585	0.342	0.190	-8829.130
14	8	500	495	0.5229	0.325	0.293	0.272	0.311	0.304	0.316	0.303	0.334	0.268	0.325	0.281	0.297	0.299	0.348	2.123	0.599	0.263	0.190	-8935.516
15	8	500	493	0.5041	0.328	0.328	0.298	0.323	0.260	0.304	0.301	0.321	0.214	0.329	0.299	0.338	0.324	0.374	2.218	0.470	0.305	0.183	-9009.970
16	8	500	492	0.5007	0.351	0.395	0.316	0.330	0.249	0.296	0.348	0.346	0.292	0.298	0.217	0.314	0.306	0.311	2.051	0.582	0.318	0.183	-9006.121
17	8	500	491	0.5158	0.329	0.314	0.269	0.344	0.278	0.272	0.315	0.368	0.255	0.375	0.287	0.290	0.306	0.277	1.954	0.680	0.320	0.226	-8994.773
18	8	500	493	0.5146	0.337	0.310	0.257	0.326	0.227	0.348	0.296	0.320	0.327	0.339	0.287	0.303	0.226	0.345	1.937	0.454	0.259	0.197	-9033.968
19	8	500	497	0.5231	0.323	0.232	0.283	0.310	0.317	0.280	0.299	0.333	0.307	0.346	0.291	0.297	0.304	0.265	2.127	0.674	0.318	0.217	-8940.120
20	8	500	492	0.5127	0.267	0.325	0.283	0.344	0.299	0.244	0.272	0.234	0.303	0.303	0.239	0.252	0.291	0.270	2.139	0.565	0.253	0.222	-8714.219
21	8	500	494	0.5164	0.249	0.356	0.307	0.294	0.312	0.302	0.279	0.259	0.315	0.262	0.279	0.284	0.312	0.252	2.101	0.455	0.230	0.189	-8765.825
22	8	500	496	0.5185	0.249	0.305	0.363	0.280	0.307	0.351	0.257	0.306	0.342	0.291	0.344	0.289	0.295	0.274	1.938	0.576	0.295	0.216	-9039.997
23	8	500	495	0.5034	0.321	0.314	0.327	0.382	0.332	0.228	0.287	0.316	0.317	0.307	0.285	0.243	0.338	0.315	1.912	0.511	0.222	0.214	-9051.299
24	8	500	492	0.5135	0.316	0.324	0.277	0.294	0.241	0.333	0.276	0.344	0.289	0.296	0.330	0.298	0.246	0.271	1.966	0.529	0.295	0.176	-8816.054
25	8	500	496	0.5035	0.296	0.257	0.304	0.314	0.276	0.364	0.339	0.289	0.278	0.331	0.269	0.315	0.337	0.276	1.979	0.477	0.305	0.196	-9066.224
26	8	500	490	0.5098	0.259	0.250	0.319	0.271	0.317	0.279	0.311	0.312	0.231	0.251	0.269	0.385	0.295	0.339	2.109	0.590	0.317	0.196	-8749.433
27	8	500	494	0.5264	0.342	0.233	0.221	0.309	0.268	0.278	0.300	0.304	0.314	0.338	0.268	0.229	0.269	0.281	2.022	0.532	0.245	0.197	-8644.393
28	8	500	495	0.5139	0.346	0.319	0.282	0.314	0.296	0.294	0.350	0.390	0.295	0.359	0.258	0.359	0.302	0.286	1.974	0.461	0.255	0.190	-9082.188
29	8	500	494	0.5104	0.301	0.338	0.249	0.280	0.312	0.268	0.366	0.302	0.296	0.301	0.288	0.273	0.292	0.333	1.914	0.453	0.287	0.190	-8991.168
30	8	500	491	0.5072	0.257	0.343	0.230	0.250	0.230	0.294	0.320	0.231	0.322	0.241	0.314	0.345	0.244	0.300	1.799	0.486	0.225	0.189	-8668.232
31	8	500	494	0.5282	0.280	0.288	0.278	0.378	0.318	0.370	0.257	0.276	0.283	0.367	0.298	0.309	0.293	0.304	1.928	0.593	0.329	0.195	-9109.981
32	8	500	496	0.4976	0.360	0.293	0.295	0.335	0.263	0.264	0.307	0.339	0.339	0.240	0.314	0.281	0.311	0.290	1.887	0.544	0.328	0.212	-8960.687
33	8	500	494	0.4947	0.280	0.281	0.321	0.313	0.334	0.248	0.286	0.320	0.352	0.287	0.278	0.340	0.288	0.313	1.922	0.582	0.295	0.188	-8898.551
34	8	500	497	0.5068	0.299	0.264	0.236	0.287	0.339	0.280	0.289	0.235	0.338	0.281	0.321	0.296	0.298	0.326	1.935	0.655	0.345	0.233	-8908.876
35	8	500	491	0.5136	0.326	0.258	0.306	0.323	0.351	0.265	0.236	0.308	0.308	0.267	0.318	0.250	0.301	0.265	1.914	0.572	0.270	0.197	-8811.320
36	8	500	491	0.5244	0.305	0.249	0.312	0.304	0.305	0.250	0.319	0.336	0.361	0.322	0.289	0.284	0.251	0.275	2.078	0.562	0.263	0.202	-8826.786
37	8	500	492	0.5245	0.264	0.299	0.216	0.367	0.341	0.303	0.319	0.324	0.270	0.327	0.302	0.387	0.303	0.272	2.031	0.573	0.330	0.202	-9089.244
38	8	500	492	0.5309	0.295	0.329	0.290	0.287	0.307	0.318	0.327	0.282	0.304	0.256	0.275	0.295	0.306	0.280	2.049	0.578	0.308	0.197	-8901.405
39	8	500	495	0.5167	0.359	0.207	0.313	0.298	0.248	0.341	0.277	0.294	0.334	0.322	0.262	0.270	0.332	0.262	1.839	0.622	0.278	0.206	-8835.648
40	8	500	490	0.5091	0.299	0.270	0.223	0.307	0.318	0.284	0.317	0.279	0.255	0.326	0.349	0.309	0.279	0.308	1.929	0.524	0.257	0.189	-8807.428
41	8	500	495	0.5151	0.254	0.264	0.327	0.291	0.324	0.228	0.259	0.259	0.310	0.279	0.306	0.311	0.251	0.297	2.096	0.403	0.136	0.231	-8723.368
42	8	500	497	0.5110	0.237	0.330	0.241	0.344	0.316	0.313	0.258	0.260	0.253	0.268	0.314	0.358	0.359	0.287	2.114	0.592	0.319	0.178	-8840.392
43	8	500	496	0.5256	0.281	0.242	0.285	0.291	0.351	0.318	0.288	0.310	0.344	0.376	0.228	0.273	0.383	0.284	1.896	0.574	0.275	0.225	-9063.941
44	8	500	493	0.5249	0.349	0.295	0.314	0.299	0.341	0.288	0.350	0.309	0.285	0.270	0.311	0.264	0.324	0.286	1.894	0.467	0.170	0.197	-8936.078
45	8	500	490	0.5038	0.224	0.322	0.281	0.262	0.349	0.309	0.287	0.287	0.320	0.287	0.297	0.306	0.246	0.313	2.043	0.648	0.264	0.214	-8809.937
46	8	500	493	0.4995	0.247	0.286	0.263	0.351	0.254	0.265	0.327	0.258	0.265	0.280	0.247	0.286	0.338	0.269	1.929	0.546	0.245	0.217	-8723.329
47	8	500	493	0.5120	0.335	0.244	0.314	0.281	0.472	0.315	0.355	0.301	0.260	0.313	0.273	0.290	0.315	0.317	1.967	0.534	0.302	0.185	-9088.487
48	8	500	495	0.5178	0.320	0.274	0.314	0.331	0.326	0.348	0.293	0.336	0.286	0.265	0.319	0.284	0.266	0.318	1.772	0.487	0.283	0.189	-9022.737
49	8	500	491	0.5050	0.203	0.315	0.331	0.218	0.297	0.285	0.297	0.257	0.248	0.293	0.321	0.239	0.321	0.277	2.299	0.687	0.289	0.210	-8567.775
50	8	500	497	0.5105	0.278	0.252	0.293	0.309	0.399	0.249	0.279	0.279	0.342	0.206	0.233	0.370	0.312	0.214	1.941	0.585	0.227	0.207	-8686.032
51	8	500	492	0.5074	0.292	0.334	0.252	0.295	0.282	0.306	0.275	0.278	0.314	0.288	0.301	0.299	0.360	0.287	1.961	0.583	0.246	0.197	-8857.854
52	8	500	496	0.5105	0.341	0.329	0.381	0.300	0.370	0.292	0.323	0.330	0.307	0.337	0.275	0.289	0.269	0.298	1.992	0.571	0.356	0.175	-9100.963
53	8	500	491	0.5224	0.269	0.335	0.329	0.295	0.318	0.273	0.272	0.310	0.335	0.282	0.270	0.362	0.262	0.289	2.057	0.566	0.342	0.163	-8836.350
54	8	500	497	0.5205	0.345	0.401	0.295	0.272	0.281	0.327	0.345	0.321	0.364	0.262	0.304	0.268	0.320	0.296	2.010	0.617	0.383	0.213	-9132.967
55	8	500	497	0.5137	0.351	0.281	0.205	0.364	0.369	0.327	0.320	0.301	0.282	0.302	0.275	0.347	0.320	0.270	2.048	0.561	0.351	0.177	-8992.487
56	8	500	494	0.5130	0.286	0.275	0.290	0.276	0.243	0.283	0.314	0.251	0.250	0.310	0.268	0.339	0.327	0.297	1.917	0.478	0.194	0.221	-8786.525
57	8	500	493	0.5175	0.250	0.246	0.251	0.290	0.286	0.281	0.325	0.286	0.351	0.332	0.328	0.280	0.284	0.267	1.988	0.529	0.309	0.198	-8824.807
58	8	500	487	0.5043	0.321	0.299	0.266	0.305	0.316	0.312	0.225	0.304	0.248	0.250	0.315	0.285	0.312	0.282	1.812	0.575	0.294	0.202	-8786.671
59	8	500	495	0.5094	0.292	0.318	0.233	0.302	0.328	0.282	0.349	0.292	0.306	0.319	0.328	0.340	0.304	0.326	1.945	0.453	0.261	0.191	-9066.796
60	8	500	493	0.5204	0.303	0.287	0.276	0.266	0.278	0.384	0.310	0.212	0.389	0.308	0.272	0.295	0.298	0.270	2.093	0.548	0.373	0.191	-8914.365
61	8	500	492	0.5216	0.273	0.269	0.352	0.293	0.321	0.291	0.252	0.228	0.318	0.316	0.270	0.335	0.242	0.285	1.986	0.569	0.268	0.198	-8793.761
62	8	500	493	0.5007	0.329	0.287	0.292	0.381	0.293	0.332	0.272	0.300	0.277	0.362	0.413	0.306	0.317	0.317	1.888	0.544	0.261	0.217	-9231.599
63	8	500	495	0.5064	0.282	0.316	0.264	0.314	0.361	0.267	0.289	0.315	0.291	0.293	0.272	0.310	0.315	0.281	1.868	0.281	0.126	0.220	-8964.856
64	8	500	488	0.5088	0.486	0.325	0.363	0.271	0.265	0.339	0.295	0.000	0.227	0.367	0.289	0.262	0.266	0.351	1.757	0.704	0.296	0.210	-8878.621
65	8	500	493	0.5347	0.303	0.258	0.276	0.256	0.290	0.313	0.331	0.305	0.363	0.277	0.237	0.221	0.360	0.252	1.946	0.549	0.233	0.209	-8750.992
66	8	500	495	0.5124	0.323	0.281	0.276	0.284	0.336	0.262	0.310	0.370	0.228	0.266	0.330	0.284	0.289	0.299	2.009	0.542	0.215	0.228	-8852.845
67	8	500	495	0.5161	0.374	0.354	0.268	0.351	0.323	0.355	0.322	0.362	0.252	0.316	0.297	0.312	0.301	0.286	2.116	0.557	0.279	0.210	-9132.749
68	8	500	497	0.5148	0.294	0.271	0.303	0.384	0.293	0.284	0.335	0.309	0.272	0.312	0.333	0.262	0.332	0.259	1.925	0.471	0.275	0.204	-9040.476
69	8	500	491	0.5023	0.319	0.346	0.315	0.373	0.257	0.293	0.295	0.270	0.291	0.276	0.312	0.289	0.312	0.326	2.253	0.666	0.315	0.204	-8934.807
70	8	500	497	0.5263	0.275	0.271	0.310	0.263	0.307	0.270	0.285	0.312	0.305	0.351	0.256	0.262	0.265	0.293	1.973	0.506	0.220	0.198	-8769.000
71	8	500	494	0.5241	0.225	0.264	0.353	0.324	0.332	0.313	0.297	0.310	0.383	0.323	0.273	0.257	0.227	0.300	1.897	0.560	0.249	0.221	-8985.125
72	8	500	494	0.5100	0.246	0.304	0.212	0.294	0.323	0.266	0.246	0.299	0.222	0.281	0.324	0.261	0.275	0.259	1.935	0.610	0.287	0.217	-8564.481
73	8	500	481	0.5138	0.333	0.266	0.245	0.278	0.290	0.265	0.302	0.321	0.246	0.244	0.275	0.280	0.255	0.283	1.980	0.502	0.237	0.190	-8515.146
74	8	500	489	0.4955	0.307	0.284	0.306	0.290	0.341	0.271	0.250	0.335	0.275	0.288	0.305	0.287	0.290	0.291	1.939	0.552	0.331	0.193	-8844.158
75	8	500	495	0.5062	0.365	0.210	0.290	0.312	0.343	0.253	0.315	0.281	0.279	0.289	0.321	0.378	0.348	0.329	1.861	0.664	0.336	0.230	-9108.355
76	8	500	488	0.5061	0.292	0.296	0.276	0.266	0.275	0.307	0.301	0.265	0.285	0.258	0.324	0.251	0.285	0.376	1.721	0.530	0.261	0.186	-8786.599
77	8	500	498	0.5221	0.291	0.280	0.291	0.283	0.325	0.357	0.316	0.377	0.290	0.266	0.302	0.257	0.293	0.311	1.877	0.350	0.197	0.203	-9052.088
78	8	500	500	0.5073	0.252	0.290	0.240	0.295	0.234	0.352	0.283	0.267	0.306	0.269	0.328	0.275	0.311	0.352	2.205	0.534	0.225	0.222	-8833.467
79	8	500	492	0.5136	0.303	0.296	0.336	0.345	0.313	0.315	0.332	0.329	0.288	0.287	0.299	0.261	0.292	0.274	1.958	0.394	0.239	0.184	-9029.261
80	8	500	490	0.5179	0.255	0.273	0.265	0.283	0.287	0.337	0.301	0.296	0.256	0.275	0.314	0.248	0.241	0.363	1.886	0.602	0.267	0.195	-8721.200
81	8	500	489	0.4966	0.307	0.283	0.302	0.302	0.378	0.299	0.297	0.289	0.299	0.282	0.343	0.338	0.254	0.359	2.108	0.614	0.308	0.220	-9022.105
82	8	500	492	0.5177	0.306	0.328	0.282	0.262	0.359	0.390	0.359	0.277	0.382	0.344	0.244	0.291	0.294	0.319	2.025	0.561	0.358	0.158	-9061.645
83	8	500	491	0.5008	0.315	0.325	0.278	0.264	0.290	0.246	0.361	0.285	0.293	0.265	0.316	0.258	0.287	0.253	2.120	0.535	0.269	0.206	-8749.192
84	8	500	494	0.4983	0.269	0.286	0.287	0.312	0.343	0.290	0.396	0.272	0.339	0.371	0.226	0.362	0.314	0.283	2.064	0.543	0.279	0.202	-9016.963
85	8	500	495	0.5112	0.320	0.365	0.332	0.309	0.291	0.290	0.397	0.248	0.288	0.365	0.250	0.227	0.259	0.286	1.965	0.593	0.355	0.200	-9038.962
86	8	500	498	0.5243	0.303	0.302	0.261	0.286	0.223	0.245	0.298	0.330	0.269	0.272	0.305	0.288	0.323	0.338	1.789	0.615	0.188	0.176	-8648.236
87	8	500	490	0.5226	0.309	0.350	0.274	0.250	0.301	0.295	0.266	0.328	0.321	0.268	0.296	0.288	0.314	0.344	2.054	0.489	0.295	0.183	-8902.775
88	8	500	494	0.5174	0.324	0.371	0.285	0.314	0.346	0.287	0.298	0.296	0.332	0.306	0.298	0.275	0.316	0.299	1.902	0.616	0.331	0.180	-8978.581
89	8	500	494	0.5095	0.103	0.316	0.316	0.269	0.292	0.343	0.307	0.485	0.248	0.249	0.231	0.392	0.302	0.291	1.928	0.689	0.311	0.224	-8892.253
90	8	500	494	0.5017	0.310	0.322	0.307	0.348	0.350	0.270	0.242	0.354	0.341	0.331	0.249	0.292	0.283	0.283	2.003	0.437	0.174	0.184	-8818.298
91	8	500	494	0.5187	0.345	0.291	0.331	0.359	0.277	0.293	0.277	0.318	0.253	0.298	0.319	0.272	0.315	0.279	2.074	0.423	0.205	0.203	-8936.194
92	8	500	494	0.5044	0.251	0.303	0.261	0.303	0.332	0.246	0.279	0.302	0.313	0.288	0.325	0.267	0.298	0.340	1.942	0.628	0.336	0.202	-8840.889
93	8	500	487	0.5008	0.322	0.243	0.309	0.292	0.313	0.333	0.307	0.361	0.261	0.313	0.270	0.303	0.289	0.281	1.832	0.427	0.234	0.201	-8884.077
94	8	500	491	0.5206	0.268	0.334	0.271	0.331	0.331	0.244	0.317	0.264	0.323	0.374	0.263	0.227	0.288	0.284	2.193	0.549	0.287	0.203	-8844.679
95	8	500	489	0.5136	0.256	0.334	0.331	0.280	0.261	0.271	0.383	0.301	0.246	0.334	0.283	0.294	0.260	0.294	1.916	0.550	0.278	0.179	-8887.784
96	8	500	492	0.5122	0.323	0.354	0.252	0.315	0.295	0.347	0.320	0.265	0.283	0.306	0.302	0.272	0.271	0.274	1.900	0.604	0.396	0.166	-8898.110
97	8	500	496	0.5213	0.289	0.290	0.290	0.326	0.261	0.316	0.245	0.324	0.182	0.284	0.323	0.342	0.233	0.282	2.060	0.594	0.288	0.198	-8681.767
98	8	500	499	0.4998	0.241	0.338	0.280	0.383	0.359	0.280	0.330	0.270	0.309	0.330	0.243	0.297	0.335	0.332	1.848	0.383	0.221	0.200	-9116.669
99	8	500	496	0.5363	0.326	0.244	0.211	0.300	0.284	0.291	0.289	0.333	0.220	0.321	0.261	0.328	0.288	0.300	1.927	0.463	0.224	0.178	-8721.464
100	8	500	492	0.5069	0.340	0.240	0.267	0.322	0.308	0.336	0.330	0.280	0.304	0.319	0.288	0.262	0.342	0.304	1.930	0.567	0.263	0.191	-8947.046
101	8	500	488	0.5051	0.285	0.284	0.244	0.277	0.322	0.272	0.337	0.307	0.284	0.279	0.324	0.355	0.283	0.320	1.883	0.541	0.244	0.186	-8816.154
102	8	500	494	0.5076	0.244	0.237	0.295	0.235	0.282	0.293	0.309	0.263	0.325	0.267	0.294	0.291	0.308	0.270	1.926	0.374	0.241	0.181	-8730.676
103	8	500	498	0.4903	0.331	0.302	0.326	0.265	0.326	0.320	0.271	0.275	0.324	0.339	0.267	0.293	0.256	0.277	2.004	0.588	0.265	0.217	-8885.016
104	8	500	490	0.5213	0.188	0.284	0.302	0.256	0.322	0.280	0.322	0.379	0.272	0.287	0.251	0.308	0.312	0.318	1.997	0.656	0.256	0.212	-8789.452
105	8	500	493	0.5266	0.310	0.302	0.228	0.310	0.272	0.348	0.314	0.279	0.275	0.289	0.285	0.323	0.295	0.268	2.024	0.526	0.192	0.188	-8751.894
106	8	500	497	0.5086	0.326	0.376	0.344	0.306	0.262	0.355	0.281	0.319	0.377	0.308	0.328	0.293	0.366	0.226	1.913	0.561	0.382	0.176	-9181.278
107	8	500	495	0.5236	0.298	0.254	0.351	0.290	0.279	0.319	0.256	0.290	0.245	0.298	0.247	0.243	0.295	0.266	2.125	0.473	0.218	0.185	-8650.024
108	8	500	497	0.5128	0.278	0.293	0.378	0.200	0.388	0.283	0.268	0.327	0.290	0.347	0.280	0.249	0.279	0.314	2.025	0.628	0.287	0.203	-8858.328
109	8	500	493	0.5022	0.251	0.286	0.247	0.308	0.336	0.324	0.282	0.302	0.360	0.312	0.274	0.236	0.328	0.210	2.051	0.603	0.269	0.191	-8724.141
110	8	500	496	0.5197	0.294	0.263	0.280	0.264	0.317	0.244	0.313	0.226	0.290	0.280	0.283	0.361	0.264	0.269	2.217	0.461	0.217	0.200	-8685.390
111	8	500	490	0.5188	0.320	0.259	0.280	0.273	0.332	0.278	0.301	0.259	0.338	0.314	0.261	0.263	0.303	0.295	1.948	0.573	0.257	0.191	-8769.937
112	8	500	495	0.5084	0.306	0.302	0.269	0.299	0.317	0.383	0.258	0.253	0.360	0.274	0.302	0.331	0.314	0.338	2.216	0.510	0.188	0.200	-8887.395
113	8	500	492	0.5264	0.320	0.343	0.293	0.272	0.250	0.269	0.276	0.339	0.320	0.357	0.248	0.270	0.336	0.254	1.930	0.431	0.239	0.208	-8936.517
114	8	500	495	0.5052	0.275	0.325	0.327	0.290	0.259	0.290	0.298	0.306	0.302	0.321	0.277	0.362	0.245	0.268	2.004	0.444	0.214	0.217	-8916.785
115	8	500	493	0.5029	0.328	0.368	0.259	0.262	0.263	0.343	0.262	0.270	0.254	0.335	0.298	0.281	0.344	0.306	2.095	0.547	0.292	0.205	-8907.210
116	8	500	497	0.5116	0.321	0.286	0.275	0.338	0.320	0.337	0.368	0.301	0.264	0.281	0.303	0.357	0.365	0.290	2.000	0.669	0.331	0.203	-9183.308
117	8	500	493	0.4952	0.303	0.337	0.350	0.287	0.333	0.381	0.256	0.276	0.210	0.325	0.304	0.371	0.297	0.339	2.030	0.556	0.238	0.202	-9064.526
118	8	500	489	0.5111	0.265	0.256	0.293	0.256	0.403	0.245	0.293	0.295	0.333	0.280	0.276	0.282	0.324	0.323	1.964	0.465	0.246	0.160	-8720.208
119	8	500	489	0.5158	0.273	0.311	0.278	0.321	0.227	0.331	0.317	0.306	0.293	0.258	0.322	0.265	0.301	0.279	2.170	0.602	0.322	0.193	-8781.882
120	8	500	490	0.5168	0.268	0.328	0.325	0.326	0.322	0.331	0.335	0.264	0.327	0.402	0.297	0.293	0.388	0.262	2.053	0.545	0.330	0.184	-9226.080
121	8	500	493	0.5056	0.257	0.243	0.292	0.275	0.329	0.286	0.295	0.294	0.319	0.308	0.334	0.328	0.301	0.271	2.003	0.637	0.252	0.203	-8810.895
122	8	500	491	0.5141	0.001	0.319	0.266	0.251	0.271	0.252	0.301	0.600	0.331	0.276	0.255	0.369	0.295	0.249	1.890	0.655	0.302	0.195	-8728.021
123	8	500	491	0.5109	0.298	0.366	0.305	0.292	0.253	0.284	0.308	0.299	0.295	0.297	0.291	0.275	0.306	0.290	2.044	0.481	0.283	0.181	-8852.189
124	8	500	498	0.5128	0.292	0.355	0.287	0.267	0.322	0.253	0.361	0.287	0.377	0.311	0.268	0.277	0.292	0.309	1.938	0.473	0.245	0.178	-8959.599
125	8	500	495	0.5156	0.558	0.307	0.330	0.240	0.274	0.312	0.303	0.000	0.311	0.323	0.283	0.336	0.273	0.309	2.120	0.612	0.388	0.205	-8889.138
126	8	500	487	0.5291	0.353	0.352	0.299	0.328	0.244	0.310	0.299	0.335	0.195	0.309	0.322	0.346	0.336	0.282	2.213	0.586	0.299	0.199	-8926.625
127	8	500	493	0.5327	0.361	0.299	0.332	0.233	0.364	0.266	0.286	0.340	0.210	0.320	0.303	0.390	0.296	0.294	2.034	0.544	0.271	0.215	-9033.275
128	8	500	491	0.5159	0.315	0.325	0.311	0.272	0.275	0.269	0.351	0.318	0.371	0.312	0.297	0.303	0.269	0.317	1.936	0.566	0.221	0.202	-8980.958
129	8	500	493	0.5195	0.314	0.343	0.317	0.291	0.278	0.341	0.283	0.304	0.299	0.276	0.362	0.319	0.343	0.271	2.048	0.494	0.285	0.202	-9046.316
130	8	500	493	0.4953	0.383	0.248	0.269	0.289	0.303	0.294	0.298	0.307	0.233	0.331	0.252	0.353	0.340	0.274	2.014	0.562	0.253	0.193	-8837.540
131	8	500	493	0.5171	0.240	0.256	0.290	0.315	0.288	0.312	0.294	0.472	0.200	0.287	0.355	0.270	0.274	0.299	2.038	0.663	0.337	0.188	-8863.091
132	8	500	496	0.5165	0.302	0.322	0.313	0.340	0.216	0.283	0.305	0.326	0.295	0.286	0.351	0.305	0.278	0.353	2.090	0.527	0.284	0.179	-8969.722
133	8	500	482	0.4950	0.287	0.301	0.286	0.353	0.263	0.314	0.309	0.270	0.329	0.295	0.285	0.298	0.227	0.282	1.814	0.479	0.242	0.173	-8729.045
134	8	500	497	0.5194	0.276	0.347	0.288	0.314	0.327	0.248	0.380	0.280	0.334	0.333	0.291	0.262	0.301	0.271	1.929	0.533	0.363	0.201	-9053.355
135	8	500	495	0.5140	0.396	0.261	0.304	0.345	0.358	0.351	0.323	0.322	0.346	0.281	0.360	0.281	0.273	0.352	1.904	0.534	0.317	0.202	-9287.337
136	8	500	493	0.5061	0.281	0.277	0.279	0.274	0.313	0.298	0.258	0.330	0.310	0.310	0.248	0.315	0.295	0.311	1.873	0.562	0.298	0.173	-8798.217
137	8	500	495	0.5182	0.000	0.367	0.257	0.291	0.272	0.279	0.308	0.608	0.324	0.292	0.301	0.296	0.266	0.333	1.932	0.639	0.361	0.207	-8952.097
138	8	500	496	0.5205	0.238	0.368	0.277	0.327	0.266	0.270	0.324	0.281	0.288	0.292	0.294	0.306	0.279	0.315	2.192	0.672	0.328	0.182	-8816.473
139	8	500	491	0.5178	0.318	0.275	0.294	0.258	0.264	0.311	0.313	0.260	0.258	0.247	0.292	0.303	0.259	0.308	2.053	0.693	0.307	0.183	-8580.940
140	8	500	492	0.5068	0.254	0.312	0.280	0.330	0.285	0.310	0.295	0.306	0.337	0.312	0.250	0.359	0.297	0.258	1.956	0.468	0.276	0.182	-8960.933
141	8	500	496	0.5341	0.233	0.319	0.332	0.296	0.279	0.268	0.305	0.233	0.301	0.331	0.272	0.252	0.276	0.343	2.000	0.685	0.283	0.228	-8852.787
142	8	500	495	0.5094	0.321	0.339	0.224	0.324	0.291	0.345	0.259	0.340	0.299	0.332	0.326	0.267	0.244	0.341	2.028	0.546	0.259	0.210	-8964.596
143	8	500	495	0.5210	0.230	0.292	0.274	0.314	0.292	0.292	0.301	0.268	0.316	0.325	0.316	0.256	0.279	0.323	1.825	0.480	0.139	0.273	-8969.093
144	8	500	492	0.5298	0.294	0.267	0.257	0.282	0.263	0.275	0.312	0.300	0.242	0.272	0.325	0.353	0.293	0.304	1.919	0.613	0.307	0.188	-8754.776
145	8	500	496	0.5155	0.316	0.289	0.327	0.302	0.296	0.256	0.344	0.252	0.289	0.377	0.251	0.293	0.284	0.329	1.986	0.597	0.310	0.205	-8946.921
146	8	500	493	0.5028	0.344	0.294	0.333	0.283	0.298	0.356	0.251	0.295	0.248	0.363	0.282	0.323	0.239	0.273	2.019	0.634	0.366	0.187	-8854.195
147	8	500	499	0.5172	0.300	0.268	0.289	0.332	0.202	0.297	0.294	0.348	0.291	0.319	0.335	0.296	0.330	0.259	1.903	0.485	0.185	0.188	-8818.704
148	8	500	495	0.5167	0.341	0.259	0.272	0.311	0.295	0.252	0.321	0.327	0.306	0.314	0.327	0.267	0.320	0.259	2.040	0.452	0.290	0.178	-8920.973
149	8	500	496	0.5041	0.269	0.288	0.265	0.294	0.325	0.300	0.260	0.263	0.194	0.318	0.284	0.304	0.310	0.358	2.205	0.505	0.219	0.215	-8778.264
150	8	500	495	0.5275	0.319	0.285	0.323	0.288	0.338	0.247	0.247	0.307	0.286	0.322	0.273	0.293	0.321	0.271	1.943	0.560	0.284	0.195	-8865.226
151	8	500	491	0.5077	0.340	0.301	0.269	0.337	0.269	0.276	0.273	0.332	0.213	0.275	0.298	0.301	0.298	0.303	1.968	0.390	0.191	0.172	-8731.681
152	8	500	489	0.5070	0.337	0.249	0.225	0.344	0.359	0.306	0.230	0.320	0.339	0.291	0.348	0.215	0.265	0.289	1.935	0.616	0.254	0.200	-8745.938
153	8	500	494	0.5214	0.590	0.308	0.361	0.271	0.299	0.302	0.277	0.000	0.270	0.332	0.272	0.222	0.317	0.310	1.881	0.692	0.262	0.203	-8795.379
154	8	500	493	0.5014	0.260	0.238	0.305	0.271	0.297	0.282	0.285	0.251	0.381	0.272	0.295	0.386	0.290	0.298	2.037	0.607	0.294	0.211	-8826.670
155	8	500	488	0.5213	0.264	0.275	0.272	0.273	0.268	0.295	0.348	0.240	0.225	0.277	0.314	0.305	0.369	0.264	1.990	0.597	0.229	0.223	-8769.530
156	8	500	491	0.5138	0.322	0.252	0.313	0.301	0.290	0.275	0.271	0.307	0.273	0.336	0.333	0.266	0.291	0.298	2.025	0.616	0.331	0.179	-8776.757
157	8	500	492	0.5247	0.280	0.354	0.316	0.277	0.276	0.330	0.339	0.318	0.285	0.290	0.325	0.277	0.283	0.356	2.019	0.527	0.241	0.211	-9058.682
158	8	500	488	0.5294	0.336	0.303	0.336	0.359	0.340	0.311	0.317	0.345	0.303	0.255	0.272	0.293	0.290	0.290	2.092	0.654	0.346	0.195	-8988.856
159	8	500	483	0.5189	0.389	0.295	0.265	0.312	0.282	0.266	0.297	0.344	0.285	0.291	0.251	0.341	0.244	0.283	1.790	0.459	0.227	0.186	-8799.675
160	8	500	493	0.5016	0.316	0.274	0.255	0.302	0.306	0.363	0.332	0.272	0.272	0.322	0.299	0.283	0.307	0.328	1.923	0.580	0.285	0.204	-8961.434
161	8	500	493	0.5222	0.296	0.272	0.219	0.333	0.273	0.265	0.279	0.234	0.259	0.297	0.285	0.226	0.247	0.236	1.878	0.549	0.192	0.215	-8487.745
162	8	500	494	0.5107	0.268	0.330	0.334	0.287	0.343	0.278	0.286	0.253	0.254	0.307	0.264	0.292	0.250	0.290	1.756	0.530	0.281	0.186	-8812.857
163	8	500	493	0.5165	0.308	0.338	0.260	0.330	0.351	0.241	0.315	0.321	0.309	0.308	0.294	0.329	0.303	0.258	2.058	0.588	0.310	0.204	-8928.208
164	8	500	488	0.5079	0.386	0.336	0.294	0.317	0.239	0.286	0.377	0.363	0.250	0.347	0.301	0.240	0.290	0.300	2.161	0.327	0.181	0.174	-8937.279
165	8	500	494	0.5177	0.262	0.357	0.230	0.304	0.330	0.320	0.331	0.324	0.338	0.382	0.305	0.202	0.263	0.309	1.845	0.458	0.258	0.171	-8944.674
166	8	500	487	0.4963	0.281	0.356	0.291	0.248	0.278	0.222	0.287	0.288	0.335	0.290	0.303	0.278	0.272	0.323	2.004	0.467	0.290	0.176	-8736.710
167	8	500	496	0.5122	0.320	0.299	0.321	0.280	0.341	0.298	0.309	0.337	0.372	0.304	0.319	0.304	0.312	0.302	2.079	0.528	0.280	0.207	-9115.268
168	8	500	485	0.5256	0.321	0.354	0.268	0.310	0.204	0.259	0.318	0.385	0.413	0.288	0.309	0.212	0.318	0.265	2.130	0.528	0.312	0.172	-8834.980
169	8	500	493	0.5081	0.302	0.308	0.309	0.303	0.298	0.302	0.301	0.369	0.349	0.345	0.311	0.368	0.254	0.317	1.842	0.562	0.258	0.197	-9067.661
170	8	500	493	0.5106	0.253	0.308	0.337	0.340	0.265	0.329	0.283	0.285	0.294	0.265	0.333	0.351	0.297	0.261	2.066	0.369	0.183	0.188	-8937.403
171	8	500	491	0.5177	0.288	0.233	0.301	0.320	0.336	0.274	0.317	0.280	0.390	0.363	0.248	0.266	0.310	0.258	1.896	0.593	0.283	0.205	-8922.233
172	8	500	494	0.5133	0.296	0.334	0.289	0.272	0.306	0.326	0.306	0.238	0.329	0.332	0.307	0.284	0.307	0.315	2.195	0.545	0.323	0.161	-8891.439
173	8	500	499	0.5062	0.339	0.283	0.287	0.254	0.314	0.267	0.269	0.328	0.305	0.378	0.267	0.289	0.256	0.250	1.819	0.649	0.287	0.217	-8820.240
174	8	500	487	0.5183	0.303	0.302	0.245	0.310	0.330	0.249	0.303	0.283	0.279	0.355	0.273	0.262	0.301	0.316	1.918	0.512	0.228	0.168	-8716.143
175	8	500	494	0.4962	0.294	0.215	0.279	0.332	0.303	0.350	0.278	0.318	0.351	0.278	0.309	0.286	0.255	0.273	1.918	0.669	0.300	0.230	-8896.408
176	8	500	498	0.5204	0.308	0.355	0.373	0.216	0.230	0.363	0.382	0.290	0.295	0.286	0.327	0.359	0.321	0.347	2.155	0.551	0.415	0.187	-9236.706
177	8	500	494	0.5164	0.338	0.277	0.269	0.323	0.349	0.305	0.362	0.313	0.286	0.270	0.307	0.364	0.279	0.337	1.994	0.389	0.209	0.167	-9018.565
178	8	500	487	0.4979	0.361	0.226	0.276	0.307	0.283	0.250	0.293	0.352	0.302	0.294	0.293	0.268	0.298	0.260	2.152	0.499	0.263	0.172	-8643.249
179	8	500	492	0.5077	0.281	0.290	0.279	0.320	0.267	0.332	0.308	0.289	0.278	0.387	0.321	0.269	0.339	0.270	2.110	0.584	0.300	0.168	-8863.634
180	8	500	494	0.5011	0.298	0.348	0.249	0.326	0.305	0.298	0.312	0.274	0.286	0.323	0.316	0.245	0.280	0.288	2.045	0.599	0.304	0.188	-8856.403
181	8	500	496	0.5187	0.310	0.382	0.245	0.269	0.258	0.281	0.287	0.341	0.275	0.305	0.299	0.359	0.298	0.281	2.042	0.566	0.267	0.197	-8818.868
182	8	500	496	0.5149	0.305	0.232	0.308	0.341	0.345	0.284	0.342	0.343	0.293	0.371	0.260	0.271	0.305	0.362	1.927	0.539	0.349	0.178	-9082.212
183	8	500	492	0.5110	0.314	0.278	0.219	0.379	0.283	0.292	0.278	0.281	0.256	0.273	0.301	0.295	0.347	0.234	1.731	0.502	0.207	0.207	-8795.614
184	8	500	494	0.5125	0.332	0.295	0.318	0.308	0.308	0.278	0.329	0.304	0.332	0.312	0.295	0.251	0.296	0.357	2.055	0.534	0.276	0.202	-8989.315
185	8	500	496	0.5191	0.367	0.309	0.243	0.324	0.295	0.292	0.359	0.330	0.313	0.335	0.272	0.335	0.344	0.312	1.832	0.644	0.294	0.186	-9065.091
186	8	500	487	0.5212	0.310	0.296	0.317	0.276	0.305	0.258	0.323	0.316	0.332	0.239	0.342	0.276	0.333	0.230	1.932	0.637	0.315	0.184	-8821.591
187	8	500	491	0.5138	0.262	0.290	0.296	0.299	0.315	0.322	0.304	0.317	0.250	0.258	0.291	0.251	0.280	0.298	2.097	0.562	0.291	0.205	-8775.362
188	8	500	496	0.5230	0.245	0.289	0.313	0.325	0.329	0.252	0.319	0.271	0.320	0.306	0.331	0.317	0.301	0.309	2.000	0.577	0.328	0.195	-8993.712
189	8	500	493	0.5177	0.339	0.275	0.265	0.293	0.243	0.326	0.299	0.308	0.257	0.268	0.314	0.312	0.299	0.300	1.860	0.545	0.339	0.214	-8952.626
190	8	500	492	0.5192	0.301	0.283	0.298	0.246	0.225	0.269	0.287	0.302	0.250	0.344	0.275	0.346	0.301	0.270	2.055	0.589	0.358	0.196	-8781.215
191	8	500	493	0.5124	0.342	0.321	0.257	0.284	0.224	0.308	0.260	0.300	0.298	0.315	0.308	0.277	0.278	0.289	1.892	0.564	0.243	0.218	-8841.349
192	8	500	494	0.5025	0.359	0.303	0.258	0.301	0.292	0.380	0.318	0.367	0.293	0.253	0.287	0.236	0.244	0.272	1.956	0.565	0.235	0.197	-8712.243
193	8	500	490	0.5261	0.342	0.269	0.237	0.354	0.309	0.335	0.287	0.310	0.281	0.252	0.298	0.283	0.357	0.296	1.887	0.538	0.311	0.183	-8933.672
194	8	500	494	0.5163	0.318	0.307	0.241	0.335	0.273	0.279	0.265	0.328	0.332	0.263	0.296	0.315	0.335	0.294	1.963	0.485	0.217	0.184	-8798.603
195	8	500	497	0.5010	0.289	0.306	0.266	0.346	0.357	0.314	0.280	0.322	0.342	0.298	0.231	0.255	0.310	0.237	2.099	0.581	0.319	0.217	-8922.955
196	8	500	495	0.5148	0.021	0.282	0.352	0.297	0.266	0.283	0.277	0.605	0.275	0.304	0.294	0.339	0.345	0.303	2.012	0.697	0.300	0.234	-8990.759
197	8	500	491	0.5059	0.316	0.364	0.298	0.274	0.238	0.343	0.337	0.324	0.285	0.291	0.326	0.276	0.322	0.285	2.046	0.556	0.317	0.182	-8906.980
198	8	500	495	0.5108	0.333	0.289	0.301	0.320	0.385	0.250	0.299	0.320	0.298	0.297	0.279	0.290	0.318	0.282	2.008	0.602	0.283	0.174	-8882.057
199	8	500	496	0.5196	0.293	0.295	0.303	0.294	0.360	0.302	0.314	0.265	0.326	0.293	0.315	0.258	0.354	0.280	2.139	0.549	0.296	0.214	-9031.933
200	8	500	493	0.5183	0.255	0.328	0.271	0.280	0.227	0.299	0.352	0.327	0.314	0.259	0.262	0.271	0.297	0.277	1.933	0.559	0.316	0.200	-8798.699
201	8	500	487	0.5083	0.268	0.286	0.270	0.281	0.313	0.332	0.256	0.221	0.312	0.264	0.308	0.284	0.289	0.281	1.974	0.566	0.269	0.196	-8692.536
202	8	500	497	0.5065	0.329	0.312	0.308	0.293	0.351	0.326	0.263	0.264	0.308	0.340	0.336	0.263	0.306	0.311	1.978	0.674	0.324	0.216	-9041.892
203	8	500	495	0.5128	0.336	0.306	0.282	0.290	0.311	0.309	0.314	0.272	0.283	0.308	0.251	0.325	0.307	0.301	2.073	0.528	0.243	0.185	-8836.712
204	8	500	496	0.5023	0.294	0.313	0.289	0.297	0.239	0.317	0.300	0.365	0.296	0.349	0.318	0.297	0.314	0.308	2.004	0.597	0.403	0.169	-9015.789
205	8	500	498	0.5161	0.327	0.345	0.243	0.312	0.266	0.291	0.252	0.324	0.301	0.336	0.289	0.301	0.291	0.296	1.934	0.647	0.310	0.218	-8916.918
206	8	500	492	0.5120	0.317	0.297	0.245	0.295	0.329	0.296	0.335	0.275	0.354	0.281	0.307	0.321	0.257	0.268	1.940	0.336	0.159	0.208	-8900.843
207	8	500	488	0.5234	0.303	0.287	0.311	0.304	0.288	0.315	0.330	0.273	0.282	0.282	0.271	0.283	0.314	0.310	1.988	0.527	0.221	0.205	-8887.516
208	8	500	490	0.5110	0.305	0.178	0.319	0.346	0.345	0.315	0.340	0.339	0.235	0.253	0.328	0.285	0.289	0.326	1.886	0.537	0.316	0.162	-8905.739
209	8	500	498	0.5122	0.297	0.322	0.254	0.330	0.369	0.278	0.276	0.371	0.315	0.324	0.255	0.277	0.284	0.299	1.978	0.636	0.364	0.180	-8916.015
210	8	500	495	0.5168	0.298	0.307	0.234	0.264	0.280	0.281	0.336	0.283	0.361	0.281	0.269	0.304	0.320	0.310	2.189	0.568	0.300	0.211	-8848.957
211	8	500	493	0.5094	0.264	0.297	0.337	0.284	0.295	0.266	0.333	0.269	0.353	0.311	0.320	0.342	0.314	0.328	1.878	0.564	0.350	0.182	-9054.108
212	8	500	490	0.5087	0.306	0.304	0.250	0.269	0.268	0.251	0.308	0.308	0.341	0.299	0.288	0.265	0.297	0.245	1.968	0.659	0.269	0.224	-8714.303
213	8	500	491	0.5040	0.303	0.303	0.327	0.310	0.396	0.279	0.245	0.343	0.301	0.271	0.324	0.316	0.271	0.236	1.900	0.487	0.229	0.196	-8914.209
214	8	500	493	0.5082	0.302	0.342	0.276	0.277	0.255	0.301	0.318	0.263	0.311	0.278	0.326	0.236	0.289	0.329	2.018	0.533	0.258	0.201	-8821.931
215	8	500	496	0.5275	0.321	0.305	0.351	0.327	0.273	0.304	0.287	0.316	0.327	0.395	0.356	0.292	0.323	0.280	1.833	0.670	0.330	0.225	-9275.712
216	8	500	489	0.4889	0.272	0.306	0.230	0.368	0.314	0.356	0.297	0.266	0.313	0.310	0.287	0.303	0.313	0.294	1.839	0.517	0.304	0.206	-9001.595
217	8	500	494	0.5103	0.311	0.284	0.327	0.299	0.393	0.329	0.288	0.318	0.321	0.316	0.293	0.284	0.240	0.314	1.795	0.573	0.250	0.189	-8950.813
218	8	500	496	0.5225	0.325	0.284	0.295	0.276	0.293	0.275	0.330	0.334	0.246	0.310	0.326	0.303	0.323	0.270	2.242	0.557	0.290	0.192	-8870.981
219	8	500	498	0.5131	0.318	0.310	0.291	0.345	0.294	0.258	0.287	0.284	0.358	0.273	0.343	0.238	0.277	0.322	2.018	0.526	0.301	0.195	-8943.117
220	8	500	495	0.5215	0.416	0.292	0.330	0.295	0.272	0.279	0.309	0.334	0.289	0.316	0.327	0.336	0.219	0.274	1.827	0.578	0.264	0.212	-8994.395
221	8	500	489	0.5048	0.302	0.338	0.297	0.318	0.278	0.305	0.341	0.267	0.330	0.298	0.328	0.327	0.306	0.311	2.075	0.580	0.209	0.207	-8969.938
222	8	500	496	0.5117	0.306	0.344	0.315	0.295	0.226	0.316	0.343	0.331	0.300	0.280	0.380	0.311	0.297	0.280	2.055	0.513	0.248	0.193	-9047.390
223	8	500	493	0.5087	0.365	0.312	0.265	0.262	0.251	0.355	0.262	0.308	0.301	0.315	0.334	0.247	0.337	0.351	2.001	0.501	0.233	0.202	-8962.870
224	8	500	494	0.5103	0.297	0.297	0.333	0.300	0.318	0.259	0.334	0.308	0.259	0.304	0.285	0.328	0.288	0.264	1.939	0.595	0.274	0.204	-8865.948
225	8	500	496	0.4982	0.247	0.250	0.234	0.320	0.305	0.226	0.314	0.335	0.265	0.306	0.256	0.363	0.370	0.301	2.005	0.610	0.350	0.214	-8876.697
226	8	500	490	0.5117	0.228	0.281	0.328	0.322	0.304	0.263	0.266	0.290	0.248	0.307	0.306	0.302	0.245	0.299	2.116	0.675	0.325	0.212	-8765.206
227	8	500	492	0.5287	0.241	0.306	0.241	0.388	0.338	0.312	0.242	0.276	0.286	0.290	0.310	0.368	0.312	0.246	1.875	0.430	0.210	0.201	-8948.467
228	8	500	487	0.5149	0.338	0.253	0.303	0.287	0.282	0.329	0.329	0.341	0.321	0.299	0.236	0.265	0.301	0.266	1.938	0.588	0.286	0.175	-8746.232
229	8	500	492	0.5067	0.302	0.303	0.267	0.308	0.237	0.368	0.337	0.288	0.310	0.328	0.302	0.400	0.255	0.283	2.027	0.401	0.175	0.240	-9057.187
230	8	500	488	0.5067	0.664	0.293	0.306	0.290	0.295	0.268	0.313	0.000	0.286	0.330	0.291	0.348	0.286	0.318	1.983	0.589	0.341	0.190	-8957.935
231	8	500	494	0.5080	0.333	0.338	0.282	0.335	0.290	0.294	0.276	0.344	0.329	0.311	0.303	0.311	0.301	0.267	2.219	0.426	0.195	0.169	-8827.547
232	8	500	494	0.5041	0.259	0.302	0.267	0.295	0.359	0.298	0.319	0.261	0.246	0.301	0.275	0.337	0.338	0.275	2.087	0.466	0.230	0.203	-8901.761
233	8	500	493	0.5200	0.336	0.326	0.267	0.378	0.255	0.274	0.309	0.311	0.279	0.334	0.305	0.299	0.314	0.272	1.863	0.439	0.214	0.195	-8991.459
234	8	500	493	0.4995	0.292	0.290	0.290	0.313	0.327	0.306	0.270	0.322	0.329	0.286	0.296	0.238	0.294	0.323	2.151	0.506	0.299	0.201	-8931.003
235	8	500	488	0.5222	0.232	0.310	0.295	0.255	0.314	0.251	0.284	0.234	0.318	0.261	0.268	0.343	0.280	0.304	1.920	0.625	0.302	0.198	-8664.032
236	8	500	490	0.5232	0.308	0.340	0.252	0.325	0.285	0.298	0.312	0.296	0.383	0.257	0.319	0.339	0.286	0.293	2.097	0.523	0.314	0.166	-8939.976
237	8	500	488	0.5142	0.242	0.328	0.216	0.335	0.332	0.283	0.270	0.262	0.312	0.324	0.332	0.263	0.323	0.320	1.890	0.443	0.284	0.232	-9048.500
238	8	500	494	0.5132	0.332	0.330	0.329	0.278	0.318	0.325	0.307	0.275	0.284	0.326	0.272	0.277	0.269	0.301	2.154	0.611	0.374	0.194	-8940.379
239	8	500	496	0.5160	0.274	0.271	0.298	0.291	0.275	0.300	0.291	0.287	0.293	0.271	0.289	0.315	0.287	0.296	1.914	0.558	0.314	0.212	-8892.492
240	8	500	495	0.5166	0.425	0.293	0.269	0.310	0.309	0.340	0.323	0.128	0.268	0.257	0.361	0.330	0.241	0.306	1.925	0.596	0.364	0.163	-8875.404
241	8	500	494	0.5047	0.291	0.326	0.325	0.315	0.218	0.328	0.287	0.325	0.276	0.291	0.299	0.297	0.332	0.301	1.866	0.429	0.231	0.179	-8937.550
242	8	500	497	0.5104	0.340	0.286	0.319	0.313	0.398	0.328	0.331	0.297	0.300	0.288	0.309	0.281	0.317	0.284	2.007	0.520	0.263	0.209	-9071.218
243	8	500	493	0.5270	0.324	0.214	0.285	0.267	0.311	0.278	0.272	0.320	0.272	0.318	0.356	0.294	0.289	0.253	1.842	0.546	0.293	0.205	-8883.183
244	8	500	491	0.5060	0.265	0.341	0.248	0.349	0.291	0.286	0.276	0.276	0.284	0.295	0.292	0.320	0.307	0.329	2.055	0.524	0.230	0.185	-8799.123
245	8	500	489	0.4938	0.294	0.305	0.298	0.253	0.322	0.251	0.283	0.291	0.251	0.307	0.265	0.310	0.271	0.240	2.071	0.569	0.301	0.216	-8635.522
246	8	500	490	0.5173	0.332	0.339	0.288	0.301	0.297	0.291	0.327	0.314	0.321	0.279	0.304	0.276	0.355	0.323	2.108	0.509	0.248	0.182	-8972.058
247	8	500	495	0.5292	0.349	0.374	0.340	0.297	0.250	0.276	0.296	0.331	0.329	0.304	0.308	0.325	0.265	0.293	2.163	0.566	0.331	0.166	-8938.379
248	8	500	490	0.5141	0.298	0.303	0.301	0.280	0.286	0.297	0.308	0.272	0.269	0.329	0.272	0.325	0.274	0.280	1.785	0.571	0.237	0.209	-8852.134
249	8	500	486	0.5051	0.364	0.228	0.333	0.299	0.312	0.318	0.272	0.328	0.224	0.327	0.262	0.323	0.240	0.281	2.031	0.614	0.275	0.189	-8730.733
250	8	500	493	0.5072	0.270	0.244	0.253	0.292	0.352	0.326	0.260	0.292	0.293	0.293	0.304	0.256	0.295	0.305	1.953	0.528	0.221	0.208	-8733.248
251	8	500	490	0.5038	0.331	0.261	0.307	0.297	0.347	0.301	0.327	0.338	0.261	0.414	0.256	0.341	0.339	0.289	1.989	0.501	0.334	0.183	-9139.393
252	8	500	489	0.4978	0.298	0.259	0.320	0.308	0.352	0.282	0.322	0.255	0.342	0.348	0.247	0.287	0.319	0.288	2.164	0.541	0.270	0.211	-8898.334
253	8	500	496	0.5303	0.187	0.298	0.293	0.306	0.307	0.307	0.313	0.324	0.272	0.311	0.317	0.300	0.293	0.282	2.116	0.656	0.344	0.175	-8846.287
254	8	500	491	0.5198	0.260	0.351	0.286	0.211	0.294	0.313	0.280	0.251	0.283	0.337	0.283	0.314	0.333	0.246	2.107	0.447	0.217	0.191	-8741.638
255	8	500	485	0.5315	0.231	0.324	0.228	0.320	0.257	0.332	0.271	0.267	0.295	0.221	0.252	0.298	0.293	0.293	2.048	0.553	0.292	0.203	-8628.757
256	8	500	493	0.4998	0.342	0.325	0.289	0.313	0.288	0.302	0.262	0.257	0.355	0.285	0.254	0.356	0.280	0.290	2.161	0.625	0.375	0.199	-8872.724
257	8	500	492	0.4956	0.330	0.309	0.274	0.318	0.254	0.263	0.242	0.354	0.305	0.273	0.244	0.276	0.325	0.251	1.765	0.512	0.192	0.212	-8641.047
258	8	500	493	0.5087	0.320	0.322	0.284	0.287	0.357	0.348	0.225	0.275	0.318	0.331	0.307	0.327	0.376	0.310	2.028	0.645	0.355	0.207	-9123.730
259	8	500	494	0.4956	0.384	0.371	0.299	0.306	0.253	0.336	0.304	0.391	0.322	0.279	0.258	0.240	0.296	0.316	2.156	0.521	0.269	0.194	-8934.293
260	8	500	497	0.5051	0.297	0.253	0.213	0.288	0.302	0.295	0.325	0.265	0.284	0.323	0.246	0.363	0.312	0.313	1.827	0.549	0.219	0.213	-8842.239
261	8	500	493	0.5262	0.254	0.368	0.294	0.217	0.263	0.299	0.346	0.337	0.248	0.320	0.294	0.293	0.281	0.309	1.901	0.608	0.346	0.208	-8882.161
262	8	500	496	0.5246	0.265	0.305	0.284	0.311	0.262	0.306	0.308	0.301	0.306	0.282	0.310	0.346	0.304	0.298	2.096	0.590	0.273	0.203	-8949.139
263	8	500	492	0.5187	0.306	0.316	0.240	0.253	0.320	0.252	0.306	0.334	0.268	0.245	0.244	0.203	0.317	0.293	2.271	0.548	0.197	0.228	-8516.007
264	8	500	495	0.5319	0.364	0.324	0.290	0.305	0.364	0.342	0.260	0.340	0.269	0.360	0.258	0.277	0.278	0.325	1.944	0.440	0.239	0.188	-9100.981
265	8	500	495	0.5101	0.602	0.268	0.277	0.284	0.348	0.257	0.312	0.000	0.257	0.256	0.329	0.356	0.330	0.273	2.067	0.679	0.316	0.209	-8831.864
266	8	500	487	0.5112	0.316	0.213	0.358	0.303	0.241	0.290	0.317	0.300	0.285	0.315	0.223	0.251	0.258	0.260	1.920	0.574	0.244	0.176	-8530.872
267	8	500	490	0.5178	0.319	0.263	0.302	0.279	0.312	0.342	0.235	0.341	0.264	0.343	0.333	0.291	0.273	0.286	2.160	0.600	0.331	0.199	-8851.171
268	8	500	491	0.5057	0.233	0.248	0.329	0.283	0.305	0.261	0.341	0.265	0.357	0.290	0.251	0.324	0.260	0.302	1.809	0.592	0.273	0.201	-8843.576
269	8	500	491	0.5001	0.221	0.302	0.330	0.293	0.313	0.308	0.326	0.295	0.277	0.340	0.294	0.258	0.385	0.269	1.965	0.572	0.310	0.221	-9036.724
270	8	500	492	0.5256	0.340	0.227	0.343	0.300	0.386	0.345	0.318	0.304	0.330	0.282	0.259	0.324	0.323	0.302	2.093	0.500	0.311	0.171	-9036.040
271	8	500	490	0.5295	0.366	0.260	0.281	0.270	0.220	0.285	0.282	0.330	0.258	0.216	0.271	0.295	0.266	0.240	1.917	0.608	0.254	0.207	-8522.613
272	8	500	490	0.5152	0.307	0.255	0.273	0.321	0.322	0.259	0.364	0.275	0.324	0.322	0.309	0.294	0.311	0.238	1.746	0.375	0.182	0.192	-8941.226
273	8	500	485	0.5170	0.288	0.304	0.360	0.281	0.272	0.282	0.325	0.332	0.318	0.310	0.252	0.294	0.247	0.278	1.818	0.558	0.273	0.179	-8819.043
274	8	500	493	0.5048	0.307	0.306	0.303	0.248	0.287	0.315	0.279	0.272	0.267	0.301	0.307	0.328	0.281	0.301	1.860	0.474	0.214	0.192	-8842.366
275	8	500	494	0.5117	0.333	0.286	0.283	0.307	0.367	0.313	0.318	0.335	0.292	0.254	0.272	0.317	0.311	0.331	1.827	0.444	0.230	0.167	-8938.420
276	8	500	486	0.5181	0.293	0.231	0.271	0.246	0.369	0.301	0.288	0.333	0.334	0.312	0.367	0.291	0.298	0.271	1.963	0.560	0.283	0.205	-8910.865
277	8	500	483	0.5177	0.282	0.323	0.268	0.284	0.282	0.317	0.324	0.278	0.262	0.262	0.284	0.252	0.277	0.296	1.915	0.522	0.294	0.164	-8665.229
278	8	500	495	0.5034	0.274	0.260	0.229	0.270	0.344	0.271	0.268	0.241	0.311	0.335	0.317	0.247	0.320	0.329	2.006	0.467	0.212	0.194	-8760.379
279	8	500	493	0.5131	0.287	0.277	0.328	0.314	0.250	0.337	0.366	0.292	0.304	0.296	0.315	0.329	0.246	0.332	1.906	0.669	0.331	0.211	-8995.694
280	8	500	494	0.5111	0.370	0.305	0.342	0.326	0.278	0.326	0.318	0.303	0.366	0.358	0.326	0.331	0.367	0.226	1.965	0.485	0.290	0.189	-9223.544
281	8	500	497	0.5182	0.264	0.296	0.260	0.367	0.287	0.305	0.237	0.337	0.326	0.294	0.323	0.257	0.341	0.250	2.038	0.469	0.347	0.174	-8915.735
282	8	500	494	0.5082	0.309	0.384	0.272	0.320	0.222	0.301	0.298	0.322	0.234	0.304	0.354	0.315	0.264	0.252	2.041	0.498	0.295	0.154	-8784.856
283	8	500	494	0.5108	0.306	0.206	0.303	0.276	0.335	0.279	0.265	0.350	0.255	0.315	0.249	0.329	0.303	0.275	2.140	0.554	0.264	0.193	-8732.048
284	8	500	492	0.5016	0.298	0.329	0.255	0.299	0.276	0.268	0.276	0.325	0.307	0.248	0.306	0.261	0.358	0.286	1.971	0.618	0.313	0.228	-8850.775
285	8	500	493	0.5155	0.279	0.299	0.275	0.337	0.241	0.289	0.317	0.272	0.327	0.301	0.302	0.220	0.368	0.225	2.209	0.557	0.280	0.184	-8749.564
286	8	500	492	0.5038	0.262	0.245	0.286	0.315	0.266	0.347	0.262	0.314	0.350	0.253	0.291	0.302	0.285	0.311	2.009	0.585	0.247	0.184	-8698.456
287	8	500	495	0.5146	0.288	0.286	0.359	0.297	0.343	0.295	0.353	0.316	0.303	0.325	0.285	0.387	0.380	0.283	1.941	0.603	0.367	0.224	-9302.523
288	8	500	496	0.5137	0.332	0.292	0.273	0.296	0.321	0.283	0.327	0.298	0.297	0.255	0.248	0.350	0.327	0.285	2.020	0.557	0.338	0.189	-8895.154
289	8	500	495	0.4996	0.328	0.317	0.354	0.286	0.248	0.324	0.288	0.350	0.287	0.292	0.281	0.257	0.306	0.311	2.046	0.565	0.294	0.182	-8890.270
290	8	500	497	0.5292	0.320	0.312	0.341	0.314	0.244	0.339	0.277	0.312	0.328	0.339	0.355	0.331	0.353	0.308	1.742	0.582	0.290	0.207	-9239.915
291	8	500	496	0.5105	0.313	0.296	0.311	0.297	0.325	0.337	0.291	0.321	0.282	0.280	0.264	0.366	0.342	0.304	1.945	0.406	0.261	0.205	-9162.460
292	8	500	492	0.5188	0.357	0.343	0.318	0.285	0.289	0.329	0.341	0.340	0.314	0.330	0.296	0.287	0.240	0.351	2.053	0.558	0.267	0.215	-9082.382
293	8	500	494	0.5208	0.274	0.272	0.325	0.333	0.291	0.348	0.329	0.275	0.357	0.263	0.314	0.326	0.303	0.310	2.063	0.574	0.261	0.223	-9070.676
294	8	500	498	0.5394	0.365	0.329	0.328	0.254	0.319	0.301	0.262	0.300	0.266	0.328	0.302	0.322	0.287	0.306	2.111	0.557	0.244	0.210	-9016.219
295	8	500	485	0.5132	0.275	0.287	0.227	0.284	0.255	0.292	0.281	0.255	0.285	0.321	0.238	0.354	0.350	0.288	2.068	0.511	0.296	0.204	-8737.492
296	8	500	487	0.5181	0.329	0.267	0.310	0.218	0.265	0.306	0.277	0.340	0.313	0.254	0.360	0.247	0.318	0.265	2.097	0.576	0.253	0.216	-8775.248
297	8	500	495	0.5315	0.311	0.284	0.229	0.318	0.226	0.225	0.316	0.282	0.272	0.301	0.287	0.278	0.248	0.371	1.964	0.591	0.272	0.221	-8771.884
298	8	500	494	0.5314	0.351	0.251	0.261	0.279	0.272	0.348	0.295	0.329	0.274	0.271	0.266	0.239	0.297	0.286	2.011	0.430	0.237	0.178	-8749.442
299	8	500	496	0.5160	0.360	0.292	0.268	0.326	0.239	0.279	0.328	0.356	0.305	0.277	0.284	0.326	0.276	0.296	1.845	0.603	0.375	0.178	-8917.788
300	8	500	493	0.5015	0.220	0.293	0.285	0.244	0.318	0.300	0.292	0.257	0.307	0.225	0.270	0.257	0.274	0.300	1.879	0.548	0.289	0.175	-8547.004
301	8	500	496	0.5138	0.293	0.296	0.279	0.264	0.286	0.285	0.286	0.283	0.303	0.244	0.302	0.283	0.302	0.297	2.265	0.693	0.270	0.202	-8644.596
302	8	500	495	0.5082	0.343	0.284	0.259	0.316	0.337	0.309	0.278	0.344	0.366	0.274	0.331	0.237	0.269	0.282	1.926	0.587	0.309	0.190	-8890.316
303	8	500	497	0.5239	0.286	0.320	0.261	0.327	0.334	0.275	0.279	0.285	0.321	0.339	0.322	0.329	0.304	0.245	2.141	0.543	0.245	0.213	-8960.044
304	8	500	491	0.5245	0.367	0.274	0.278	0.307	0.334	0.271	0.302	0.302	0.274	0.274	0.299	0.257	0.245	0.335	2.020	0.596	0.288	0.222	-8819.325
305	8	500	489	0.5249	0.285	0.334	0.279	0.326	0.286	0.249	0.280	0.295	0.334	0.295	0.308	0.324	0.321	0.254	2.003	0.500	0.256	0.190	-8851.252
306	8	500	498	0.5209	0.306	0.318	0.314	0.306	0.355	0.284	0.295	0.314	0.346	0.321	0.294	0.369	0.323	0.292	2.114	0.568	0.326	0.188	-9089.365
307	8	500	489	0.5091	0.289	0.321	0.281	0.371	0.285	0.238	0.308	0.305	0.301	0.285	0.297	0.284	0.353	0.290	2.047	0.484	0.307	0.168	-8885.932
308	8	500	493	0.5032	0.337	0.281	0.305	0.274	0.326	0.278	0.294	0.360	0.340	0.274	0.286	0.322	0.320	0.275	1.892	0.423	0.252	0.180	-8976.841
309	8	500	495	0.5111	0.342	0.373	0.264	0.330	0.304	0.277	0.320	0.395	0.256	0.295	0.282	0.281	0.321	0.286	2.012	0.439	0.258	0.177	-8975.371
310	8	500	493	0.5190	0.332	0.226	0.310	0.322	0.346	0.327	0.323	0.364	0.375	0.315	0.292	0.327	0.326	0.260	2.064	0.502	0.270	0.186	-9115.212
311	8	500	495	0.5063	0.293	0.250	0.275	0.296	0.305	0.312	0.304	0.300	0.334	0.308	0.338	0.264	0.305	0.300	2.121	0.516	0.248	0.219	-8956.387
312	8	500	492	0.5121	0.347	0.289	0.267	0.265	0.301	0.273	0.259	0.331	0.286	0.320	0.286	0.209	0.354	0.301	2.171	0.505	0.204	0.207	-8756.651
313	8	500	491	0.5240	0.234	0.328	0.305	0.238	0.293	0.338	0.264	0.328	0.273	0.375	0.254	0.277	0.281	0.328	2.209	0.563	0.269	0.198	-8810.559
314	8	500	495	0.5038	0.297	0.321	0.239	0.253	0.327	0.361	0.288	0.286	0.319	0.330	0.317	0.224	0.290	0.276	2.004	0.686	0.314	0.190	-8766.842
315	8	500	491	0.5077	0.270	0.252	0.297	0.380	0.284	0.264	0.296	0.279	0.363	0.400	0.271	0.270	0.302	0.336	1.915	0.589	0.331	0.194	-9019.485
316	8	500	494	0.5383	0.251	0.285	0.294	0.250	0.303	0.271	0.317	0.262	0.294	0.264	0.279	0.318	0.277	0.289	1.954	0.461	0.231	0.183	-8708.039
317	8	500	497	0.5056	0.324	0.353	0.302	0.287	0.242	0.278	0.280	0.314	0.280	0.276	0.243	0.249	0.263	0.278	1.965	0.627	0.222	0.216	-8654.420
318	8	500	492	0.5243	0.321	0.316	0.360	0.271	0.255	0.275	0.310	0.328	0.296	0.320	0.293	0.276	0.348	0.264	2.022	0.601	0.339	0.185	-8927.573
319	8	500	492	0.5118	0.319	0.339	0.298	0.321	0.368	0.284	0.284	0.299	0.308	0.321	0.326	0.301	0.262	0.299	1.854	0.517	0.275	0.187	-9019.797
320	8	500	493	0.5305	0.252	0.328	0.262	0.328	0.314	0.301	0.345	0.249	0.272	0.268	0.291	0.302	0.284	0.371	1.885	0.623	0.227	0.238	-8982.780
321	8	500	494	0.5056	0.346	0.386	0.318	0.283	0.275	0.317	0.296	0.268	0.305	0.301	0.297	0.335	0.265	0.358	1.991	0.586	0.299	0.195	-9043.644
322	8	500	493	0.5137	0.272	0.334	0.258	0.320	0.266	0.268	0.268	0.289	0.316	0.306	0.278	0.269	0.253	0.316	2.032	0.561	0.205	0.208	-8694.343
323	8	500	495	0.5176	0.332	0.325	0.297	0.320	0.241	0.316	0.275	0.295	0.341	0.283	0.308	0.312	0.322	0.272	2.077	0.544	0.251	0.185	-8870.175
324	8	500	498	0.5146	0.283	0.297	0.298	0.317	0.281	0.312	0.352	0.311	0.266	0.309	0.310	0.374	0.262	0.257	1.923	0.621	0.336	0.187	-8967.259
325	8	500	495	0.5167	0.282	0.292	0.274	0.304	0.323	0.303	0.301	0.248	0.276	0.244	0.274	0.312	0.248	0.360	1.924	0.596	0.287	0.206	-8844.423
326	8	500	490	0.5182	0.331	0.257	0.274	0.324	0.252	0.338	0.284	0.318	0.264	0.293	0.295	0.323	0.295	0.354	1.870	0.606	0.309	0.196	-8914.875
327	8	500	495	0.5269	0.311	0.285	0.283	0.331	0.266	0.362	0.348	0.308	0.392	0.322	0.323	0.327	0.323	0.306	2.084	0.526	0.344	0.178	-9184.110
328	8	500	496	0.5079	0.558	0.337	0.274	0.297	0.305	0.343	0.317	0.078	0.296	0.259	0.290	0.337	0.385	0.286	1.925	0.645	0.349	0.229	-9188.151
329	8	500	496	0.5008	0.337	0.281	0.314	0.312	0.334	0.356	0.371	0.299	0.332	0.276	0.276	0.308	0.392	0.344	2.161	0.414	0.224	0.207	-9213.840
330	8	500	496	0.5058	0.218	0.266	0.282	0.344	0.313	0.275	0.348	0.316	0.275	0.282	0.300	0.333	0.326	0.305	1.907	0.618	0.258	0.189	-8917.531
331	8	500	493	0.5220	0.264	0.313	0.304	0.278	0.287	0.258	0.301	0.255	0.285	0.294	0.327	0.356	0.330	0.300	2.034	0.579	0.317	0.202	-8932.210
332	8	500	489	0.5281	0.295	0.344	0.291	0.343	0.274	0.304	0.311	0.327	0.252	0.285	0.328	0.318	0.300	0.295	2.136	0.457	0.282	0.179	-8978.364
333	8	500	495	0.5200	0.291	0.329	0.265	0.310	0.291	0.272	0.271	0.314	0.248	0.261	0.338	0.298	0.294	0.278	1.935	0.566	0.295	0.184	-8846.098
334	8	500	490	0.5101	0.289	0.277	0.262	0.326	0.278	0.291	0.273	0.262	0.271	0.318	0.298	0.354	0.278	0.403	2.016	0.480	0.244	0.197	-8924.610
335	8	500	489	0.5169	0.239	0.305	0.258	0.308	0.336	0.288	0.311	0.303	0.340	0.300	0.279	0.302	0.336	0.290	1.959	0.546	0.358	0.179	-8942.286
336	8	500	486	0.5182	0.271	0.252	0.259	0.266	0.350	0.309	0.287	0.222	0.322	0.324	0.275	0.305	0.313	0.293	1.948	0.547	0.298	0.193	-8815.872
337	8	500	496	0.5193	0.298	0.278	0.300	0.317	0.373	0.317	0.279	0.251	0.369	0.300	0.278	0.209	0.342	0.287	2.042	0.525	0.255	0.193	-8925.851
338	8	500	493	0.4977	0.311	0.329	0.297	0.296	0.346	0.322	0.286	0.343	0.324	0.293	0.248	0.328	0.289	0.303	2.023	0.419	0.300	0.169	-8996.648
339	8	500	498	0.5137	0.270	0.254	0.299	0.283	0.334	0.275	0.276	0.268	0.320	0.290	0.303	0.198	0.338	0.291	2.225	0.627	0.234	0.210	-8695.207
340	8	500	488	0.5052	0.371	0.274	0.269	0.311	0.295	0.280	0.328	0.357	0.322	0.356	0.323	0.255	0.254	0.358	1.958	0.520	0.322	0.156	-8979.330
341	8	500	491	0.5157	0.309	0.272	0.256	0.331	0.293	0.265	0.312	0.301	0.270	0.335	0.246	0.286	0.286	0.329	1.947	0.642	0.358	0.171	-8767.851
342	8	500	495	0.5152	0.338	0.309	0.315	0.302	0.286	0.286	0.293	0.368	0.268	0.296	0.324	0.289	0.263	0.292	2.052	0.596	0.358	0.203	-8953.342
343	8	500	493	0.5227	0.270	0.203	0.350	0.284	0.331	0.280	0.287	0.271	0.348	0.279	0.286	0.315	0.222	0.301	2.031	0.593	0.246	0.218	-8771.112
344	8	500	496	0.5172	0.002	0.320	0.256	0.305	0.292	0.328	0.341	0.588	0.330	0.281	0.276	0.352	0.345	0.270	1.876	0.614	0.329	0.207	-9037.717
345	8	500	493	0.5242	0.317	0.299	0.309	0.267	0.235	0.279	0.277	0.321	0.376	0.253	0.295	0.270	0.268	0.407	1.992	0.575	0.294	0.212	-8947.179
346	8	500	497	0.5045	0.271	0.318	0.334	0.262	0.331	0.336	0.295	0.290	0.276	0.261	0.300	0.283	0.325	0.250	2.165	0.602	0.263	0.204	-8812.985
347	8	500	490	0.5065	0.319	0.272	0.279	0.315	0.314	0.252	0.311	0.325	0.367	0.288	0.266	0.356	0.247	0.307	1.859	0.581	0.269	0.186	-8806.686
348	8	500	495	0.4912	0.269	0.294	0.269	0.336	0.333	0.316	0.337	0.354	0.250	0.262	0.384	0.300	0.303	0.340	2.151	0.489	0.247	0.223	-9073.114
349	8	500	489	0.4959	0.332	0.276	0.259	0.300	0.268	0.278	0.274	0.321	0.305	0.310	0.305	0.293	0.264	0.286	1.907	0.479	0.298	0.188	-8798.343
350	8	500	493	0.5097	0.272	0.265	0.340	0.390	0.349	0.271	0.323	0.269	0.248	0.308	0.316	0.331	0.312	0.311	2.087	0.567	0.316	0.216	-9090.956
351	8	500	491	0.4929	0.289	0.315	0.260	0.300	0.254	0.279	0.361	0.312	0.288	0.269	0.290	0.340	0.298	0.363	1.922	0.494	0.250	0.195	-8961.867
352	8	500	488	0.5197	0.273	0.222	0.332	0.302	0.333	0.285	0.319	0.315	0.287	0.329	0.218	0.291	0.295	0.284	1.999	0.569	0.243	0.214	-8867.786
353	8	500	491	0.5182	0.315	0.222	0.339	0.273	0.290	0.315	0.295	0.297	0.324	0.371	0.284	0.304	0.263	0.323	2.184	0.464	0.234	0.197	-8927.611
354	8	500	492	0.4968	0.310	0.338	0.218	0.304	0.271	0.332	0.265	0.258	0.351	0.287	0.295	0.341	0.343	0.308	2.017	0.398	0.223	0.178	-8908.477
355	8	500	491	0.5090	0.329	0.226	0.294	0.272	0.347	0.351	0.288	0.295	0.381	0.318	0.360	0.213	0.299	0.278	2.141	0.456	0.227	0.159	-8852.071
356	8	500	494	0.5061	0.351	0.337	0.255	0.302	0.299	0.308	0.301	0.327	0.278	0.267	0.288	0.304	0.336	0.266	1.792	0.597	0.274	0.203	-8892.670
357	8	500	495	0.5128	0.266	0.385	0.242	0.316	0.326	0.277	0.261	0.283	0.310	0.269	0.307	0.238	0.318	0.345	2.004	0.600	0.236	0.190	-8801.308
358	8	500	492	0.5214	0.359	0.253	0.333	0.269	0.292	0.291	0.321	0.326	0.243	0.361	0.304	0.281	0.275	0.304	1.805	0.538	0.318	0.177	-9008.779
359	8	500	489	0.5215	0.000	0.276	0.282	0.287	0.348	0.304	0.310	0.598	0.326	0.319	0.276	0.265	0.306	0.242	1.968	0.719	0.281	0.201	-8801.234
360	8	500	495	0.5125	0.249	0.337	0.284	0.287	0.203	0.261	0.288	0.246	0.249	0.319	0.354	0.327	0.283	0.262	1.969	0.468	0.229	0.223	-8803.412
361	8	500	492	0.4977	0.305	0.340	0.329	0.289	0.344	0.310	0.305	0.333	0.345	0.339	0.300	0.276	0.376	0.332	1.856	0.498	0.325	0.194	-9245.341
362	8	500	495	0.5055	0.259	0.230	0.286	0.329	0.287	0.336	0.286	0.224	0.334	0.307	0.309	0.271	0.324	0.274	2.053	0.637	0.270	0.195	-8797.399
363	8	500	489	0.4818	0.249	0.289	0.226	0.265	0.333	0.276	0.311	0.294	0.332	0.273	0.321	0.261	0.275	0.301	1.861	0.552	0.219	0.192	-8616.189
364	8	500	483	0.5072	0.320	0.335	0.265	0.313	0.306	0.294	0.303	0.359	0.326	0.255	0.304	0.250	0.241	0.272	2.089	0.567	0.305	0.185	-8783.105
365	8	500	496	0.5173	0.329	0.273	0.310	0.287	0.332	0.315	0.274	0.272	0.292	0.334	0.253	0.311	0.313	0.320	2.109	0.501	0.273	0.188	-8845.153
366	8	500	491	0.5051	0.381	0.329	0.325	0.331	0.247	0.357	0.338	0.323	0.238	0.222	0.265	0.320	0.250	0.266	1.991	0.652	0.277	0.197	-8771.303
367	8	500	497	0.5211	0.365	0.323	0.294	0.292	0.321	0.316	0.305	0.338	0.309	0.336	0.344	0.278	0.321	0.359	2.029	0.410	0.234	0.199	-9231.005
368	8	500	495	0.5118	0.333	0.304	0.281	0.330	0.221	0.296	0.335	0.375	0.351	0.337	0.277	0.323	0.240	0.348	2.108	0.641	0.330	0.198	-9000.494
369	8	500	492	0.5048	0.340	0.311	0.263	0.295	0.286	0.346	0.337	0.256	0.359	0.270	0.332	0.265	0.291	0.296	1.916	0.621	0.250	0.208	-8935.845
370	8	500	493	0.5163	0.289	0.276	0.259	0.280	0.302	0.272	0.329	0.311	0.288	0.283	0.311	0.195	0.264	0.290	1.868	0.534	0.230	0.201	-8659.873
371	8	500	489	0.5271	0.275	0.291	0.251	0.342	0.288	0.296	0.295	0.253	0.313	0.278	0.292	0.330	0.259	0.316	2.180	0.421	0.223	0.184	-8796.486
372	8	500	492	0.5122	0.258	0.302	0.284	0.316	0.287	0.263	0.289	0.307	0.281	0.285	0.346	0.286	0.302	0.223	1.876	0.423	0.251	0.178	-8749.766
373	8	500	491	0.5172	0.316	0.281	0.285	0.298	0.288	0.309	0.291	0.298	0.258	0.314	0.292	0.342	0.353	0.294	2.221	0.546	0.286	0.178	-8864.747
374	8	500	488	0.5246	0.323	0.309	0.286	0.293	0.266	0.306	0.285	0.284	0.365	0.352	0.260	0.317	0.313	0.292	2.053	0.380	0.226	0.217	-9065.755
375	8	500	495	0.4992	0.293	0.311	0.303	0.245	0.235	0.285	0.278	0.363	0.331	0.321	0.313	0.341	0.321	0.258	1.827	0.588	0.294	0.219	-8970.475
376	8	500	496	0.5194	0.229	0.324	0.341	0.303	0.285	0.279	0.304	0.311	0.212	0.253	0.300	0.352	0.303	0.288	1.856	0.568	0.329	0.189	-8915.840
377	8	500	494	0.5205	0.382	0.260	0.288	0.228	0.340	0.297	0.315	0.252	0.316	0.335	0.365	0.215	0.310	0.329	1.803	0.645	0.309	0.201	-8966.009
378	8	500	496	0.5057	0.368	0.288	0.372	0.225	0.252	0.292	0.326	0.355	0.294	0.260	0.275	0.277	0.319	0.265	1.964	0.609	0.340	0.193	-8854.551
379	8	500	490	0.5152	0.271	0.311	0.271	0.282	0.303	0.290	0.275	0.278	0.270	0.320	0.282	0.273	0.302	0.217	2.091	0.553	0.289	0.199	-8659.139
380	8	500	498	0.5062	0.285	0.374	0.274	0.306	0.236	0.333	0.327	0.302	0.297	0.308	0.339	0.312	0.321	0.276	2.079	0.553	0.307	0.208	-9091.391
381	8	500	493	0.5135	0.309	0.272	0.307	0.315	0.216	0.316	0.232	0.275	0.340	0.262	0.294	0.271	0.253	0.315	1.972	0.588	0.327	0.191	-8716.890
382	8	500	491	0.5150	0.343	0.374	0.330	0.302	0.296	0.367	0.359	0.352	0.321	0.299	0.295	0.308	0.387	0.287	2.080	0.395	0.269	0.185	-9314.456
383	8	500	491	0.5165	0.284	0.267	0.284	0.324	0.326	0.310	0.325	0.340	0.327	0.309	0.275	0.225	0.340	0.262	1.939	0.524	0.253	0.172	-8832.531
384	8	500	493	0.5126	0.276	0.297	0.321	0.288	0.278	0.362	0.371	0.297	0.286	0.275	0.338	0.298	0.283	0.392	2.159	0.459	0.327	0.208	-9180.104
385	8	500	488	0.5208	0.283	0.227	0.209	0.314	0.263	0.304	0.311	0.311	0.278	0.246	0.301	0.296	0.299	0.301	2.017	0.548	0.253	0.197	-8653.662
386	8	500	492	0.5326	0.381	0.344	0.293	0.275	0.245	0.265	0.281	0.325	0.275	0.313	0.291	0.331	0.293	0.305	1.993	0.546	0.216	0.190	-8834.660
387	8	500	493	0.5176	0.303	0.334	0.312	0.275	0.379	0.311	0.244	0.288	0.330	0.327	0.257	0.272	0.347	0.265	2.028	0.473	0.266	0.191	-8928.436
388	8	500	493	0.5126	0.363	0.278	0.259	0.280	0.278	0.286	0.368	0.359	0.297	0.255	0.314	0.306	0.305	0.262	2.056	0.583	0.262	0.195	-8852.576
389	8	500	496	0.5138	0.278	0.359	0.265	0.331	0.287	0.348	0.292	0.292	0.288	0.304	0.314	0.237	0.297	0.322	1.965	0.605	0.354	0.179	-8946.767
390	8	500	489	0.5226	0.339	0.364	0.332	0.279	0.250	0.258	0.307	0.336	0.304	0.244	0.301	0.283	0.257	0.260	1.817	0.512	0.276	0.204	-8873.941
391	8	500	497	0.5031	0.296	0.258	0.305	0.351	0.345	0.241	0.301	0.282	0.216	0.281	0.274	0.340	0.293	0.253	1.865	0.515	0.209	0.213	-8816.157
392	8	500	498	0.5099	0.315	0.222	0.305	0.273	0.293	0.330	0.292	0.365	0.368	0.307	0.312	0.306	0.316	0.304	2.101	0.592	0.369	0.207	-9037.883
393	8	500	495	0.5041	0.307	0.339	0.272	0.298	0.296	0.304	0.329	0.330	0.333	0.322	0.338	0.232	0.322	0.375	2.016	0.580	0.292	0.168	-9033.854
394	8	500	493	0.5335	0.296	0.247	0.331	0.270	0.270	0.299	0.343	0.252	0.262	0.298	0.343	0.343	0.331	0.335	2.144	0.594	0.302	0.220	-8975.316
395	8	500	494	0.4942	0.276	0.293	0.233	0.296	0.290	0.315	0.300	0.241	0.284	0.330	0.274	0.372	0.338	0.290	1.902	0.482	0.253	0.189	-8814.325
396	8	500	497	0.5134	0.547	0.300	0.331	0.241	0.372	0.253	0.332	0.012	0.339	0.252	0.308	0.276	0.299	0.257	1.937	0.617	0.294	0.208	-8856.315
397	8	500	496	0.5199	0.243	0.318	0.281	0.323	0.382	0.308	0.310	0.284	0.326	0.278	0.344	0.272	0.326	0.288	2.031	0.523	0.254	0.176	-8937.061
398	8	500	489	0.4983	0.276	0.364	0.316	0.289	0.255	0.298	0.299	0.292	0.277	0.295	0.355	0.371	0.257	0.351	2.193	0.458	0.366	0.176	-9049.043
399	8	500	494	0.5402	0.323	0.261	0.289	0.292	0.339	0.295	0.269	0.233	0.259	0.313	0.289	0.222	0.308	0.314	2.084	0.627	0.335	0.205	-8758.723
400	8	500	494	0.5124	0.303	0.310	0.242	0.316	0.287	0.294	0.349	0.330	0.259	0.312	0.315	0.311	0.311	0.306	1.935	0.474	0.250	0.189	-8992.300
401	8	500	491	0.5148	0.264	0.260	0.319	0.318	0.341	0.327	0.308	0.325	0.382	0.343	0.283	0.255	0.311	0.323	1.993	0.566	0.325	0.173	-9049.907
402	8	500	493	0.5101	0.282	0.265	0.276	0.295	0.295	0.310	0.321	0.295	0.317	0.263	0.260	0.267	0.260	0.432	1.971	0.493	0.275	0.191	-8869.145
403	8	500	493	0.5118	0.305	0.260	0.241	0.261	0.295	0.356	0.300	0.260	0.330	0.284	0.285	0.325	0.342	0.317	2.029	0.495	0.279	0.202	-8887.905
404	8	500	496	0.5188	0.374	0.325	0.313	0.320	0.278	0.274	0.296	0.300	0.312	0.346	0.271	0.281	0.329	0.361	1.864	0.683	0.311	0.200	-9105.222
405	8	500	496	0.5259	0.282	0.238	0.252	0.291	0.324	0.327	0.288	0.256	0.373	0.259	0.319	0.244	0.272	0.266	2.104	0.589	0.298	0.226	-8770.121
406	8	500	491	0.4911	0.302	0.308	0.316	0.271	0.290	0.292	0.331	0.269	0.246	0.262	0.273	0.341	0.280	0.257	1.877	0.644	0.317	0.198	-8738.303
407	8	500	495	0.5123	0.305	0.301	0.326	0.349	0.342	0.260	0.273	0.269	0.330	0.327	0.263	0.266	0.315	0.296	1.999	0.458	0.226	0.196	-8958.004
408	8	500	492	0.5095	0.290	0.291	0.243	0.254	0.287	0.282	0.318	0.315	0.271	0.272	0.302	0.267	0.271	0.336	1.991	0.656	0.344	0.202	-8728.349
409	8	500	496	0.5278	0.269	0.267	0.356	0.333	0.234	0.367	0.296	0.270	0.257	0.325	0.302	0.264	0.374	0.238	1.950	0.554	0.240	0.216	-8963.894
410	8	500	494	0.5041	0.315	0.316	0.332	0.276	0.248	0.281	0.312	0.256	0.281	0.296	0.322	0.329	0.276	0.365	2.038	0.609	0.308	0.177	-8843.053
411	8	500	490	0.5058	0.252	0.280	0.259	0.326	0.314	0.333	0.283	0.303	0.360	0.273	0.274	0.285	0.331	0.312	1.941	0.672	0.289	0.216	-8893.895
412	8	500	488	0.5062	0.337	0.280	0.254	0.312	0.339	0.315	0.286	0.305	0.294	0.349	0.291	0.198	0.297	0.335	1.873	0.331	0.209	0.165	-8897.248
413	8	500	491	0.5058	0.002	0.209	0.234	0.246	0.265	0.326	0.238	0.602	0.247	0.337	0.269	0.288	0.270	0.281	2.035	0.632	0.285	0.192	-8496.927
414	8	500	494	0.5126	0.345	0.271	0.293	0.326	0.319	0.342	0.299	0.316	0.235	0.359	0.292	0.341	0.253	0.310	1.972	0.601	0.248	0.192	-8936.007
415	8	500	494	0.5250	0.324	0.252	0.284	0.278	0.273	0.337	0.312	0.270	0.287	0.369	0.243	0.364	0.277	0.276	1.960	0.663	0.337	0.204	-8879.597
416	8	500	498	0.5148	0.280	0.292	0.334	0.273	0.330	0.347	0.335	0.335	0.262	0.389	0.301	0.331	0.319	0.273	2.056	0.461	0.210	0.224	-9201.813
417	8	500	487	0.5381	0.276	0.257	0.278	0.283	0.278	0.238	0.304	0.281	0.320	0.255	0.341	0.316	0.262	0.284	1.885	0.599	0.260	0.170	-8623.485
418	8	500	498	0.5188	0.328	0.326	0.314	0.322	0.305	0.331	0.302	0.337	0.251	0.342	0.283	0.332	0.379	0.303	1.888	0.579	0.299	0.205	-9224.988
419	8	500	491	0.5253	0.234	0.257	0.315	0.243	0.299	0.296	0.271	0.283	0.270	0.310	0.356	0.357	0.316	0.317	2.086	0.517	0.282	0.184	-8886.324
420	8	500	487	0.5208	0.309	0.315	0.261	0.317	0.316	0.284	0.330	0.255	0.277	0.275	0.306	0.275	0.285	0.318	2.082	0.450	0.305	0.189	-8915.615
421	8	500	493	0.5310	0.284	0.312	0.238	0.268	0.329	0.207	0.302	0.321	0.290	0.323	0.257	0.265	0.249	0.319	1.923	0.611	0.313	0.210	-8686.338
422	8	500	496	0.5154	0.317	0.383	0.322	0.249	0.336	0.294	0.274	0.258	0.247	0.259	0.311	0.262	0.281	0.287	2.091	0.508	0.222	0.192	-8738.255
423	8	500	494	0.4915	0.400	0.279	0.246	0.317	0.291	0.255	0.331	0.357	0.260	0.319	0.283	0.303	0.298	0.310	1.850	0.681	0.319	0.193	-8902.487
424	8	500	493	0.5193	0.216	0.277	0.321	0.292	0.275	0.348	0.306	0.283	0.283	0.273	0.380	0.341	0.316	0.305	1.940	0.616	0.294	0.216	-9025.808
425	8	500	494	0.5036	0.244	0.298	0.262	0.257	0.328	0.234	0.283	0.268	0.238	0.329	0.294	0.342	0.320	0.281	1.863	0.549	0.278	0.193	-8786.362
426	8	500	494	0.5134	0.302	0.329	0.266	0.303	0.255	0.287	0.295	0.282	0.201	0.289	0.278	0.401	0.293	0.284	2.066	0.688	0.312	0.205	-8752.755
427	8	500	494	0.5068	0.328	0.255	0.269	0.343	0.311	0.343	0.309	0.352	0.344	0.333	0.363	0.288	0.313	0.271	1.957	0.583	0.378	0.211	-9211.559
428	8	500	491	0.5087	0.315	0.284	0.333	0.331	0.274	0.345	0.316	0.257	0.269	0.282	0.318	0.357	0.314	0.306	1.962	0.398	0.291	0.178	-9113.092
429	8	500	498	0.5102	0.347	0.337	0.258	0.323	0.366	0.244	0.335	0.372	0.300	0.257	0.358	0.342	0.283	0.332	2.081	0.423	0.266	0.166	-9068.205
430	8	500	492	0.5040	0.308	0.336	0.317	0.350	0.307	0.336	0.319	0.355	0.326	0.274	0.325	0.274	0.342	0.296	1.942	0.694	0.306	0.237	-9201.845
431	8	500	493	0.5263	0.286	0.260	0.275	0.300	0.377	0.310	0.301	0.312	0.281	0.327	0.259	0.238	0.332	0.308	1.873	0.547	0.314	0.182	-8901.963
432	8	500	493	0.5142	0.277	0.288	0.271	0.278	0.373	0.261	0.291	0.301	0.320	0.296	0.385	0.302	0.248	0.326	1.899	0.500	0.317	0.191	-8943.975
433	8	500	493	0.5320	0.263	0.279	0.258	0.257	0.291	0.304	0.256	0.330	0.287	0.238	0.322	0.313	0.301	0.273	1.875	0.662	0.305	0.205	-8705.787
434	8	500	491	0.5205	0.259	0.327	0.267	0.324	0.230	0.341	0.238	0.336	0.276	0.290	0.307	0.313	0.349	0.246	2.204	0.568	0.217	0.198	-8704.734
435	8	500	492	0.5161	0.347	0.310	0.362	0.346	0.198	0.347	0.312	0.341	0.309	0.317	0.365	0.333	0.258	0.272	1.943	0.536	0.295	0.192	-9085.024
436	8	500	493	0.5220	0.265	0.261	0.289	0.292	0.313	0.298	0.299	0.292	0.237	0.308	0.360	0.218	0.334	0.350	2.155	0.695	0.305	0.221	-8859.507
437	8	500	491	0.5077	0.234	0.327	0.275	0.338	0.304	0.262	0.276	0.299	0.362	0.320	0.322	0.232	0.296	0.327	1.990	0.629	0.328	0.198	-8900.903
438	8	500	497	0.5160	0.335	0.273	0.305	0.303	0.349	0.351	0.277	0.273	0.300	0.291	0.288	0.282	0.281	0.279	2.065	0.397	0.197	0.193	-8949.333
439	8	500	493	0.5217	0.298	0.297	0.316	0.287	0.276	0.298	0.293	0.300	0.333	0.272	0.308	0.251	0.311	0.309	1.653	0.451	0.193	0.186	-8913.955
440	8	500	494	0.5046	0.268	0.356	0.355	0.309	0.272	0.261	0.322	0.318	0.310	0.307	0.318	0.266	0.304	0.264	1.992	0.614	0.304	0.239	-9076.990
441	8	500	498	0.5118	0.294	0.279	0.322	0.239	0.338	0.312	0.330	0.232	0.299	0.322	0.243	0.350	0.338	0.243	2.157	0.418	0.199	0.203	-8879.220
442	8	500	496	0.5116	0.345	0.282	0.288	0.338	0.374	0.309	0.296	0.313	0.326	0.293	0.341	0.275	0.319	0.300	2.028	0.478	0.338	0.186	-9117.525
443	8	500	494	0.5032	0.373	0.296	0.304	0.274	0.341	0.296	0.266	0.321	0.343	0.348	0.321	0.267	0.315	0.230	1.935	0.649	0.345	0.205	-8964.430
444	8	500	495	0.5372	0.298	0.267	0.254	0.285	0.313	0.329	0.277	0.293	0.275	0.318	0.334	0.330	0.278	0.270	1.914	0.570	0.315	0.182	-8883.196
445	8	500	487	0.5091	0.267	0.277	0.335	0.290	0.254	0.320	0.290	0.246	0.310	0.276	0.308	0.235	0.238	0.294	2.099	0.701	0.284	0.189	-8554.795
446	8	500	492	0.5219	0.633	0.315	0.298	0.301	0.329	0.310	0.356	0.005	0.310	0.293	0.338	0.246	0.335	0.328	1.949	0.550	0.365	0.161	-9103.245
447	8	500	495	0.5120	0.309	0.279	0.229	0.343	0.362	0.336	0.332	0.340	0.222	0.319	0.341	0.281	0.332	0.313	2.068	0.483	0.330	0.180	-9064.488
448	8	500	496	0.5110	0.275	0.332	0.312	0.279	0.285	0.295	0.267	0.229	0.237	0.300	0.327	0.369	0.329	0.304	1.829	0.540	0.314	0.197	-8973.546
449	8	500	495	0.5280	0.281	0.315	0.372	0.307	0.279	0.296	0.274	0.233	0.252	0.303	0.339	0.289	0.324	0.315	1.949	0.644	0.305	0.196	-8947.470
450	8	500	490	0.5120	0.323	0.269	0.284	0.359	0.266	0.294	0.301	0.314	0.256	0.316	0.298	0.323	0.275	0.354	2.025	0.559	0.290	0.191	-8932.199
451	8	500	492	0.5282	0.318	0.299	0.286	0.307	0.337	0.268	0.279	0.278	0.261	0.272	0.258	0.282	0.298	0.275	2.193	0.530	0.283	0.199	-8789.802
452	8	500	493	0.5291	0.319	0.303	0.260	0.276	0.278	0.318	0.277	0.302	0.363	0.277	0.288	0.273	0.322	0.292	2.175	0.595	0.336	0.168	-8798.611
453	8	500	491	0.5067	0.213	0.294	0.331	0.289	0.308	0.279	0.354	0.298	0.272	0.283	0.324	0.341	0.280	0.270	1.977	0.447	0.202	0.172	-8791.125
454	8	500	495	0.5228	0.284	0.355	0.296	0.333	0.296	0.384	0.291	0.295	0.391	0.300	0.313	0.270	0.277	0.271	2.026	0.636	0.364	0.209	-9100.349
455	8	500	491	0.5066	0.293	0.372	0.290	0.324	0.314	0.267	0.274	0.290	0.312	0.288	0.281	0.274	0.274	0.222	2.166	0.591	0.242	0.189	-8669.556
456	8	500	495	0.5317	0.362	0.254	0.344	0.296	0.385	0.278	0.340	0.295	0.328	0.276	0.284	0.320	0.321	0.327	1.954	0.542	0.286	0.210	-9160.397
457	8	500	492	0.5099	0.259	0.335	0.301	0.252	0.293	0.272	0.338	0.282	0.278	0.292	0.279	0.287	0.329	0.275	1.830	0.490	0.208	0.206	-8802.143
458	8	500	493	0.5146	0.299	0.279	0.305	0.271	0.332	0.302	0.275	0.303	0.264	0.273	0.356	0.230	0.242	0.363	1.968	0.655	0.291	0.202	-8793.717
459	8	500	487	0.5084	0.274	0.341	0.337	0.289	0.276	0.332	0.329	0.241	0.316	0.328	0.269	0.253	0.314	0.308	2.132	0.505	0.229	0.214	-8891.434
460	8	500	499	0.5164	0.310	0.376	0.276	0.305	0.258	0.315	0.391	0.363	0.214	0.270	0.312	0.340	0.330	0.254	2.151	0.574	0.238	0.233	-9042.301
461	8	500	494	0.5219	0.314	0.281	0.318	0.312	0.267	0.336	0.265	0.336	0.285	0.288	0.359	0.310	0.317	0.297	1.832	0.419	0.225	0.190	-9050.352
462	8	500	494	0.5288	0.293	0.326	0.336	0.299	0.302	0.303	0.324	0.322	0.277	0.288	0.287	0.332	0.246	0.302	2.020	0.550	0.263	0.197	-8960.421
463	8	500	492	0.5117	0.212	0.329	0.318	0.369	0.278	0.268	0.286	0.256	0.284	0.276	0.307	0.269	0.303	0.272	2.006	0.534	0.272	0.229	-8854.175
464	8	500	498	0.5160	0.302	0.349	0.275	0.307	0.227	0.340	0.315	0.241	0.336	0.329	0.286	0.296	0.302	0.384	2.039	0.543	0.264	0.196	-9046.032
465	8	500	489	0.5071	0.275	0.300	0.247	0.285	0.325	0.315	0.223	0.308	0.337	0.340	0.260	0.271	0.237	0.342	1.940	0.629	0.282	0.181	-8682.316
466	8	500	493	0.5179	0.242	0.324	0.233	0.280	0.288	0.298	0.344	0.276	0.272	0.247	0.309	0.330	0.320	0.248	1.988	0.661	0.339	0.209	-8782.397
467	8	500	492	0.5108	0.260	0.263	0.298	0.268	0.244	0.305	0.322	0.292	0.318	0.243	0.257	0.309	0.373	0.321	2.070	0.563	0.261	0.191	-8752.191
468	8	500	491	0.4913	0.317	0.360	0.313	0.298	0.239	0.235	0.330	0.267	0.320	0.293	0.336	0.295	0.286	0.327	1.947	0.686	0.314	0.247	-9031.636
469	8	500	489	0.5128	0.364	0.319	0.277	0.323	0.248	0.262	0.360	0.425	0.309	0.286	0.343	0.306	0.301	0.304	2.047	0.511	0.303	0.208	-9124.333
470	8	500	485	0.5112	0.310	0.218	0.262	0.330	0.284	0.321	0.266	0.315	0.302	0.273	0.256	0.241	0.264	0.229	1.760	0.516	0.235	0.209	-8618.390
471	8	500	495	0.5201	0.301	0.368	0.321	0.314	0.269	0.360	0.278	0.274	0.263	0.279	0.402	0.365	0.236	0.351	1.861	0.401	0.214	0.198	-9166.410
472	8	500	494	0.5095	0.299	0.280	0.286	0.290	0.390	0.285	0.306	0.338	0.224	0.299	0.247	0.322	0.348	0.271	1.877	0.554	0.285	0.188	-8888.452
473	8	500	492	0.5117	0.303	0.299	0.265	0.350	0.413	0.337	0.266	0.369	0.316	0.380	0.303	0.223	0.289	0.345	1.846	0.520	0.327	0.181	-9120.543
474	8	500	492	0.5347	0.265	0.303	0.333	0.239	0.245	0.310	0.301	0.261	0.330	0.318	0.327	0.352	0.330	0.272	2.152	0.547	0.317	0.169	-8866.130
475	8	500	492	0.5006	0.299	0.347	0.277	0.285	0.325	0.265	0.323	0.276	0.291	0.258	0.334	0.314	0.269	0.330	1.914	0.603	0.282	0.202	-8882.965
476	8	500	491	0.5207	0.348	0.304	0.274	0.319	0.320	0.240	0.290	0.297	0.284	0.321	0.318	0.336	0.294	0.299	2.033	0.491	0.202	0.192	-8816.512
477	8	500	494	0.5045	0.274	0.352	0.271	0.339	0.315	0.282	0.331	0.343	0.278	0.378	0.364	0.410	0.292	0.307	2.219	0.525	0.317	0.198	-9247.696
478	8	500	498	0.5242	0.256	0.271	0.382	0.277	0.324	0.286	0.311	0.373	0.212	0.309	0.321	0.333	0.292	0.342	1.935	0.600	0.307	0.208	-9056.951
479	8	500	490	0.4964	0.287	0.217	0.366	0.255	0.341	0.298	0.266	0.303	0.280	0.309	0.292	0.379	0.341	0.199	2.018	0.566	0.270	0.208	-8790.811
480	8	500	495	0.5142	0.262	0.350	0.319	0.370	0.254	0.270	0.289	0.287	0.340	0.357	0.342	0.254	0.275	0.316	1.969	0.533	0.298	0.185	-9042.957
481	8	500	491	0.5206	0.313	0.252	0.320	0.284	0.260	0.350	0.336	0.341	0.151	0.257	0.345	0.305	0.366	0.331	1.880	0.524	0.225	0.191	-8910.398
482	8	500	490	0.5186	0.309	0.278	0.335	0.254	0.270	0.337	0.316	0.287	0.263	0.244	0.332	0.284	0.335	0.295	1.990	0.536	0.283	0.181	-8895.896
483	8	500	496	0.5222	0.319	0.317	0.320	0.300	0.239	0.360	0.344	0.408	0.289	0.259	0.297	0.350	0.283	0.294	2.087	0.498	0.316	0.179	-9051.195
484	8	500	494	0.5346	0.342	0.251	0.320	0.278	0.331	0.291	0.266	0.297	0.336	0.254	0.305	0.336	0.283	0.319	1.836	0.599	0.251	0.237	-9027.202
485	8	500	491	0.5266	0.304	0.291	0.294	0.294	0.303	0.334	0.295	0.277	0.318	0.297	0.317	0.343	0.337	0.322	1.811	0.266	0.147	0.198	-9072.817
486	8	500	495	0.5134	0.351	0.365	0.368	0.254	0.313	0.300	0.253	0.304	0.315	0.263	0.293	0.266	0.269	0.356	2.053	0.468	0.269	0.179	-8959.370
487	8	500	487	0.5065	0.278	0.313	0.328	0.311	0.287	0.271	0.271	0.353	0.291	0.274	0.308	0.340	0.298	0.298	1.903	0.507	0.364	0.184	-8970.919
488	8	500	494	0.5193	0.244	0.274	0.286	0.296	0.288	0.340	0.332	0.270	0.298	0.286	0.231	0.301	0.280	0.316	2.063	0.454	0.254	0.209	-8891.806
489	8	500	492	0.5051	0.253	0.283	0.241	0.283	0.273	0.301	0.250	0.287	0.308	0.275	0.316	0.257	0.295	0.296	1.952	0.575	0.244	0.208	-8631.610
490	8	500	496	0.5045	0.281	0.282	0.290	0.269	0.302	0.288	0.299	0.301	0.308	0.252	0.313	0.249	0.345	0.320	1.889	0.540	0.206	0.184	-8763.141
491	8	500	496	0.5208	0.337	0.253	0.301	0.289	0.256	0.258	0.292	0.343	0.383	0.349	0.329	0.325	0.261	0.250	2.214	0.436	0.238	0.222	-8914.457
492	8	500	496	0.5282	0.340	0.276	0.265	0.225	0.353	0.275	0.284	0.328	0.312	0.353	0.261	0.278	0.310	0.275	1.976	0.695	0.305	0.204	-8782.387
493	8	500	497	0.4961	0.268	0.293	0.351	0.226	0.305	0.297	0.338	0.348	0.300	0.303	0.287	0.266	0.329	0.240	2.048	0.512	0.331	0.162	-8846.438
494	8	500	497	0.5058	0.322	0.267	0.304	0.347	0.350	0.295	0.337	0.343	0.318	0.334	0.336	0.276	0.404	0.288	1.992	0.582	0.357	0.190	-9235.824
495	8	500	494	0.5183	0.302	0.332	0.296	0.333	0.340	0.261	0.298	0.253	0.306	0.295	0.302	0.228	0.268	0.292	1.830	0.449	0.204	0.198	-8888.580
496	8	500	497	0.5231	0.276	0.324	0.313	0.263	0.291	0.275	0.348	0.253	0.319	0.326	0.290	0.340	0.326	0.285	2.089	0.512	0.245	0.233	-9065.398
497	8	500	493	0.4983	0.338	0.320	0.284	0.254	0.277	0.346	0.297	0.314	0.333	0.307	0.261	0.251	0.296	0.360	1.991	0.488	0.306	0.199	-8937.480
498	8	500	490	0.5180	0.262	0.313	0.283	0.310	0.294	0.293	0.280	0.311	0.375	0.246	0.325	0.311	0.341	0.282	1.959	0.554	0.327	0.178	-8883.284
499	8	500	496	0.5319	0.348	0.316	0.326	0.278	0.305	0.325	0.249	0.322	0.246	0.341	0.252	0.325	0.268	0.382	1.927	0.581	0.320	0.191	-9006.818
500	8	500	489	0.5112	0.307	0.317	0.317	0.250	0.387	0.256	0.290	0.300	0.277	0.304	0.279	0.333	0.331	0.258	1.794	0.573	0.314	0.187	-8899.141
501	8	500	491	0.5075	0.317	0.270	0.376	0.317	0.274	0.264	0.276	0.304	0.291	0.271	0.260	0.311	0.302	0.263	2.015	0.639	0.272	0.223	-8802.775
502	8	500	491	0.5151	0.307	0.299	0.258	0.274	0.255	0.267	0.264	0.246	0.321	0.296	0.297	0.329	0.263	0.288	2.019	0.559	0.242	0.185	-8625.397
503	8	500	494	0.5144	0.337	0.327	0.306	0.336	0.263	0.337	0.299	0.270	0.332	0.313	0.287	0.235	0.321	0.306	1.871	0.504	0.237	0.183	-8973.041
504	8	500	495	0.5092	0.274	0.279	0.264	0.305	0.270	0.257	0.270	0.341	0.298	0.261	0.295	0.309	0.294	0.260	1.957	0.498	0.251	0.222	-8810.683
505	8	500	494	0.4924	0.562	0.330	0.314	0.248	0.253	0.283	0.369	0.000	0.288	0.298	0.325	0.284	0.295	0.259	1.987	0.682	0.318	0.234	-8923.492
506	8	500	490	0.5361	0.288	0.286	0.287	0.280	0.282	0.331	0.268	0.289	0.315	0.300	0.326	0.285	0.325	0.328	2.000	0.561	0.256	0.210	-8978.813
507	8	500	485	0.5333	0.281	0.324	0.265	0.290	0.288	0.354	0.255	0.264	0.241	0.278	0.280	0.265	0.262	0.248	1.926	0.580	0.268	0.181	-8614.543
508	8	500	488	0.5042	0.293	0.315	0.298	0.282	0.310	0.276	0.347	0.265	0.297	0.317	0.291	0.271	0.290	0.308	1.896	0.544	0.321	0.218	-8968.119
509	8	500	488	0.5111	0.664	0.294	0.373	0.231	0.221	0.326	0.343	0.000	0.337	0.307	0.267	0.258	0.339	0.317	1.848	0.660	0.340	0.217	-9004.261
510	8	500	491	0.5176	0.264	0.293	0.294	0.277	0.354	0.270	0.330	0.273	0.255	0.299	0.264	0.240	0.302	0.286	1.925	0.598	0.366	0.181	-8751.169
511	8	500	495	0.5020	0.325	0.270	0.259	0.247	0.345	0.281	0.287	0.299	0.287	0.290	0.334	0.299	0.287	0.265	2.053	0.601	0.286	0.203	-8747.066
512	8	500	486	0.4985	0.301	0.270	0.259	0.279	0.299	0.273	0.284	0.243	0.300	0.255	0.297	0.296	0.271	0.268	1.920	0.710	0.290	0.195	-8541.204
513	8	500	493	0.5147	0.312	0.353	0.262	0.385	0.224	0.276	0.273	0.322	0.324	0.270	0.326	0.302	0.303	0.322	1.989	0.448	0.261	0.185	-8984.488
514	8	500	495	0.4925	0.242	0.256	0.267	0.269	0.349	0.307	0.287	0.251	0.291	0.293	0.276	0.341	0.305	0.332	2.009	0.536	0.211	0.232	-8847.269
515	8	500	495	0.5254	0.317	0.321	0.293	0.297	0.242	0.278	0.286	0.290	0.284	0.305	0.310	0.283	0.340	0.307	1.868	0.582	0.318	0.198	-8941.653
516	8	500	497	0.5270	0.377	0.223	0.284	0.301	0.301	0.308	0.370	0.381	0.303	0.341	0.292	0.317	0.316	0.300	2.006	0.514	0.298	0.209	-9153.475
517	8	500	492	0.5448	0.349	0.257	0.288	0.250	0.244	0.253	0.354	0.284	0.303	0.299	0.331	0.286	0.266	0.309	1.813	0.629	0.287	0.186	-8835.855
518	8	500	495	0.5116	0.299	0.369	0.339	0.312	0.319	0.322	0.346	0.269	0.338	0.305	0.359	0.282	0.341	0.329	2.139	0.568	0.317	0.195	-9239.822
519	8	500	497	0.5209	0.246	0.374	0.280	0.318	0.264	0.322	0.274	0.280	0.284	0.245	0.331	0.339	0.268	0.361	1.974	0.446	0.227	0.221	-9010.759
520	8	500	493	0.5152	0.329	0.261	0.280	0.295	0.339	0.298	0.293	0.348	0.285	0.311	0.227	0.317	0.326	0.325	1.801	0.543	0.243	0.184	-8875.142
521	8	500	495	0.5278	0.274	0.270	0.326	0.274	0.267	0.327	0.334	0.263	0.279	0.275	0.310	0.361	0.420	0.287	1.992	0.355	0.266	0.191	-9129.976
522	8	500	494	0.5022	0.270	0.245	0.250	0.298	0.362	0.291	0.285	0.249	0.257	0.283	0.264	0.329	0.283	0.247	2.005	0.511	0.243	0.194	-8646.170
523	8	500	490	0.5040	0.294	0.263	0.236	0.306	0.272	0.306	0.309	0.314	0.217	0.248	0.291	0.393	0.295	0.287	2.148	0.512	0.266	0.180	-8671.697
524	8	500	491	0.5071	0.346	0.294	0.292	0.286	0.355	0.309	0.274	0.317	0.240	0.253	0.299	0.350	0.243	0.321	1.848	0.593	0.315	0.201	-8860.456
525	8	500	493	0.5165	0.261	0.219	0.263	0.291	0.306	0.307	0.371	0.324	0.313	0.315	0.293	0.293	0.314	0.278	2.122	0.513	0.305	0.185	-8905.348
526	8	500	492	0.5157	0.361	0.271	0.270	0.289	0.267	0.332	0.284	0.407	0.288	0.242	0.292	0.297	0.300	0.280	2.093	0.565	0.268	0.193	-8791.854
527	8	500	496	0.5108	0.329	0.331	0.270	0.271	0.272	0.333	0.290	0.335	0.260	0.296	0.304	0.245	0.349	0.294	1.906	0.482	0.307	0.185	-8951.718
528	8	500	497	0.5175	0.271	0.325	0.290	0.307	0.324	0.344	0.318	0.302	0.270	0.275	0.285	0.329	0.352	0.297	1.908	0.644	0.231	0.205	-8969.158
529	8	500	492	0.4978	0.314	0.297	0.345	0.272	0.329	0.239	0.365	0.346	0.258	0.284	0.278	0.245	0.282	0.323	1.949	0.564	0.260	0.189	-8830.946
530	8	500	498	0.4991	0.298	0.436	0.286	0.303	0.235	0.251	0.374	0.225	0.327	0.315	0.257	0.335	0.307	0.295	1.914	0.600	0.285	0.220	-8990.565
531	8	500	493	0.5094	0.281	0.258	0.306	0.259	0.334	0.253	0.291	0.272	0.342	0.291	0.361	0.345	0.288	0.282	1.877	0.635	0.273	0.211	-8893.004
532	8	500	494	0.5212	0.358	0.366	0.290	0.318	0.335	0.356	0.309	0.302	0.321	0.328	0.297	0.235	0.344	0.292	2.058	0.519	0.324	0.199	-9162.974
533	8	500	488	0.5192	0.299	0.323	0.223	0.312	0.287	0.246	0.334	0.287	0.291	0.347	0.282	0.294	0.261	0.304	2.081	0.501	0.228	0.215	-8781.673
534	8	500	491	0.5011	0.372	0.236	0.317	0.302	0.302	0.286	0.370	0.332	0.438	0.290	0.358	0.244	0.342	0.302	2.004	0.583	0.300	0.177	-9041.588
535	8	500	491	0.5262	0.308	0.223	0.299	0.268	0.274	0.338	0.281	0.315	0.324	0.275	0.331	0.250	0.313	0.299	1.912	0.647	0.313	0.182	-8769.457
536	8	500	493	0.5179	0.241	0.239	0.277	0.294	0.351	0.254	0.233	0.245	0.286	0.310	0.273	0.325	0.320	0.326	2.035	0.490	0.275	0.201	-8776.990
537	8	500	492	0.5087	0.337	0.262	0.290	0.342	0.273	0.337	0.301	0.336	0.248	0.291	0.303	0.298	0.294	0.334	1.905	0.461	0.289	0.208	-9121.786
538	8	500	495	0.5035	0.277	0.384	0.261	0.307	0.296	0.242	0.290	0.374	0.413	0.345	0.331	0.309	0.327	0.306	2.252	0.558	0.324	0.185	-9028.664
539	8	500	493	0.5271	0.258	0.265	0.338	0.312	0.338	0.318	0.286	0.342	0.363	0.290	0.289	0.261	0.286	0.303	2.000	0.604	0.305	0.186	-8982.224
540	8	500	492	0.5209	0.291	0.370	0.322	0.306	0.244	0.297	0.369	0.295	0.343	0.340	0.271	0.215	0.254	0.345	2.106	0.495	0.255	0.196	-8985.121
541	8	500	496	0.5230	0.311	0.283	0.287	0.349	0.318	0.291	0.318	0.302	0.281	0.288	0.283	0.275	0.296	0.257	2.011	0.503	0.271	0.176	-8822.691
542	8	500	495	0.5134	0.313	0.313	0.282	0.246	0.336	0.282	0.315	0.254	0.343	0.285	0.346	0.335	0.307	0.317	2.166	0.575	0.270	0.194	-8922.873
543	8	500	492	0.5061	0.599	0.204	0.274	0.297	0.359	0.254	0.293	0.000	0.309	0.310	0.275	0.240	0.349	0.218	1.976	0.719	0.253	0.242	-8710.564
544	8	500	495	0.5250	0.291	0.275	0.285	0.301	0.341	0.307	0.293	0.260	0.248	0.291	0.297	0.348	0.260	0.331	2.248	0.541	0.308	0.215	-8910.747
545	8	500	498	0.5131	0.322	0.317	0.295	0.306	0.257	0.245	0.275	0.314	0.278	0.340	0.281	0.293	0.322	0.258	2.112	0.655	0.259	0.218	-8765.678
546	8	500	497	0.5083	0.335	0.386	0.258	0.281	0.243	0.307	0.253	0.294	0.366	0.253	0.292	0.275	0.355	0.279	1.897	0.563	0.332	0.236	-9059.971
547	8	500	494	0.5173	0.315	0.263	0.295	0.300	0.321	0.332	0.321	0.337	0.315	0.315	0.285	0.264	0.315	0.291	1.868	0.549	0.293	0.186	-8985.211
548	8	500	495	0.5189	0.305	0.308	0.288	0.356	0.209	0.259	0.342	0.270	0.313	0.270	0.271	0.309	0.320	0.321	1.899	0.537	0.256	0.213	-8918.097
549	8	500	495	0.5295	0.287	0.266	0.240	0.383	0.312	0.276	0.286	0.315	0.280	0.290	0.295	0.239	0.288	0.297	2.125	0.486	0.199	0.200	-8712.483
550	8	500	492	0.5064	0.260	0.265	0.297	0.334	0.303	0.349	0.257	0.259	0.386	0.266	0.310	0.336	0.337	0.291	2.037	0.526	0.298	0.176	-8967.452
551	8	500	493	0.5150	0.320	0.269	0.263	0.299	0.308	0.305	0.331	0.305	0.324	0.215	0.336	0.368	0.326	0.268	2.164	0.476	0.333	0.204	-9003.152
552	8	500	492	0.4997	0.304	0.262	0.296	0.252	0.271	0.362	0.277	0.284	0.207	0.293	0.296	0.336	0.344	0.254	2.058	0.578	0.300	0.190	-8728.787
553	8	500	492	0.5208	0.276	0.337	0.316	0.289	0.351	0.274	0.249	0.316	0.271	0.264	0.303	0.262	0.291	0.275	1.956	0.633	0.367	0.215	-8876.862
554	8	500	496	0.4909	0.291	0.345	0.276	0.273	0.274	0.314	0.331	0.259	0.359	0.289	0.332	0.356	0.255	0.351	2.068	0.622	0.338	0.213	-9032.832
555	8	500	493	0.4950	0.294	0.337	0.335	0.257	0.268	0.255	0.347	0.255	0.325	0.353	0.401	0.327	0.317	0.319	1.901	0.602	0.332	0.192	-9100.377
556	8	500	493	0.5054	0.293	0.322	0.277	0.326	0.215	0.308	0.329	0.249	0.374	0.263	0.296	0.316	0.293	0.319	1.944	0.560	0.285	0.203	-8912.447
557	8	500	486	0.5142	0.237	0.310	0.217	0.289	0.279	0.301	0.307	0.291	0.277	0.263	0.266	0.318	0.312	0.338	2.262	0.529	0.269	0.173	-8600.389
558	8	500	491	0.5048	0.257	0.248	0.259	0.332	0.261	0.297	0.274	0.345	0.334	0.348	0.300	0.352	0.294	0.249	1.855	0.578	0.302	0.197	-8886.442
559	8	500	490	0.5002	0.249	0.236	0.334	0.304	0.316	0.259	0.292	0.351	0.224	0.325	0.256	0.301	0.282	0.324	1.972	0.660	0.340	0.189	-8746.058
560	8	500	493	0.5094	0.295	0.258	0.254	0.291	0.296	0.268	0.279	0.288	0.349	0.311	0.249	0.236	0.273	0.260	1.963	0.507	0.199	0.229	-8667.033
561	8	500	483	0.5048	0.275	0.298	0.390	0.272	0.271	0.280	0.218	0.332	0.272	0.222	0.366	0.337	0.343	0.259	1.988	0.515	0.263	0.213	-8885.193
562	8	500	499	0.5135	0.294	0.338	0.287	0.295	0.301	0.337	0.289	0.312	0.333	0.292	0.298	0.298	0.347	0.290	1.873	0.537	0.257	0.201	-9073.934
563	8	500	497	0.5172	0.270	0.290	0.243	0.337	0.332	0.311	0.288	0.297	0.244	0.306	0.277	0.381	0.350	0.253	1.936	0.554	0.292	0.184	-8907.225
564	8	500	494	0.5296	0.305	0.263	0.288	0.283	0.308	0.254	0.348	0.290	0.249	0.295	0.294	0.333	0.325	0.260	2.179	0.601	0.305	0.195	-8786.543
565	8	500	499	0.5115	0.250	0.306	0.248	0.283	0.287	0.351	0.298	0.278	0.343	0.304	0.312	0.317	0.294	0.310	1.952	0.456	0.217	0.214	-8995.762
566	8	500	489	0.5134	0.276	0.260	0.262	0.249	0.290	0.269	0.339	0.307	0.237	0.267	0.304	0.236	0.280	0.339	1.931	0.530	0.212	0.196	-8597.425
567	8	500	498	0.5329	0.358	0.367	0.231	0.345	0.269	0.327	0.322	0.347	0.284	0.284	0.309	0.288	0.252	0.329	2.108	0.569	0.306	0.196	-9027.132
568	8	500	490	0.5141	0.307	0.256	0.325	0.295	0.325	0.288	0.290	0.322	0.277	0.300	0.272	0.278	0.321	0.287	2.009	0.506	0.270	0.219	-8921.737
569	8	500	494	0.5111	0.263	0.319	0.291	0.284	0.296	0.282	0.321	0.270	0.267	0.291	0.304	0.327	0.337	0.278	2.197	0.406	0.201	0.186	-8790.639
570	8	500	494	0.5071	0.292	0.309	0.270	0.312	0.277	0.262	0.345	0.341	0.254	0.283	0.228	0.327	0.293	0.286	1.908	0.561	0.227	0.210	-8818.782
571	8	500	495	0.5147	0.335	0.264	0.353	0.262	0.413	0.321	0.330	0.392	0.335	0.349	0.290	0.417	0.249	0.396	2.057	0.631	0.369	0.180	-9235.070
572	8	500	496	0.5217	0.309	0.286	0.299	0.261	0.315	0.262	0.376	0.282	0.316	0.259	0.331	0.286	0.345	0.267	1.871	0.566	0.275	0.208	-8945.897
573	8	500	492	0.5113	0.293	0.351	0.288	0.311	0.288	0.335	0.297	0.286	0.333	0.333	0.269	0.298	0.288	0.364	2.031	0.584	0.288	0.209	-9061.821
574	8	500	492	0.5168	0.298	0.246	0.248	0.281	0.308	0.308	0.307	0.223	0.327	0.261	0.251	0.271	0.279	0.337	1.954	0.515	0.246	0.172	-8603.529
575	8	500	494	0.5184	0.291	0.298	0.374	0.354	0.259	0.297	0.262	0.339	0.339	0.348	0.314	0.210	0.316	0.341	1.927	0.435	0.268	0.183	-9156.758
576	8	500	498	0.5243	0.282	0.343	0.284	0.299	0.292	0.322	0.307	0.304	0.293	0.332	0.301	0.206	0.297	0.325	1.851	0.581	0.229	0.214	-9012.745
577	8	500	495	0.5048	0.287	0.350	0.331	0.381	0.259	0.231	0.366	0.376	0.380	0.360	0.305	0.265	0.288	0.332	1.996	0.586	0.303	0.204	-9197.081
578	8	500	493	0.5164	0.266	0.298	0.312	0.281	0.321	0.241	0.314	0.217	0.367	0.269	0.331	0.291	0.255	0.342	2.089	0.543	0.276	0.197	-8846.876
579	8	500	489	0.5302	0.309	0.341	0.269	0.244	0.260	0.286	0.264	0.319	0.289	0.270	0.276	0.301	0.292	0.284	1.966	0.590	0.289	0.208	-8752.462
580	8	500	497	0.5101	0.335	0.299	0.277	0.322	0.344	0.292	0.313	0.302	0.294	0.299	0.278	0.309	0.332	0.319	2.166	0.675	0.325	0.217	-9033.384
581	8	500	487	0.5070	0.341	0.231	0.336	0.320	0.368	0.328	0.306	0.265	0.316	0.338	0.268	0.296	0.291	0.263	1.970	0.511	0.299	0.198	-8994.351
582	8	500	493	0.5148	0.649	0.270	0.280	0.255	0.304	0.333	0.297	0.001	0.381	0.290	0.285	0.266	0.283	0.289	2.018	0.670	0.329	0.192	-8824.070
583	8	500	496	0.5207	0.366	0.383	0.323	0.298	0.279	0.272	0.294	0.370	0.243	0.330	0.301	0.267	0.287	0.362	1.952	0.606	0.333	0.194	-9067.608
584	8	500	490	0.5240	0.308	0.313	0.355	0.261	0.283	0.256	0.333	0.275	0.318	0.253	0.292	0.255	0.269	0.295	2.124	0.557	0.226	0.206	-8738.267
585	8	500	493	0.5285	0.280	0.315	0.311	0.301	0.341	0.296	0.296	0.327	0.306	0.251	0.288	0.268	0.267	0.278	1.847	0.588	0.327	0.197	-8908.982
586	8	500	497	0.5033	0.317	0.332	0.325	0.273	0.292	0.259	0.324	0.239	0.289	0.348	0.279	0.305	0.300	0.323	1.931	0.544	0.321	0.178	-8931.637
587	8	500	494	0.4970	0.270	0.302	0.296	0.332	0.407	0.252	0.292	0.318	0.292	0.313	0.288	0.325	0.341	0.287	1.991	0.455	0.275	0.215	-9100.364
588	8	500	483	0.5102	0.307	0.292	0.287	0.318	0.299	0.307	0.300	0.236	0.334	0.249	0.300	0.269	0.291	0.310	2.079	0.593	0.323	0.188	-8754.593
589	8	500	495	0.5167	0.661	0.311	0.281	0.316	0.330	0.262	0.368	0.001	0.339	0.296	0.350	0.344	0.270	0.364	1.956	0.557	0.363	0.188	-9227.873
590	8	500	492	0.5064	0.326	0.246	0.316	0.296	0.247	0.332	0.293	0.325	0.314	0.377	0.334	0.249	0.276	0.292	1.919	0.668	0.250	0.233	-9002.721
591	8	500	492	0.5196	0.390	0.252	0.302	0.316	0.319	0.238	0.297	0.281	0.255	0.297	0.305	0.297	0.258	0.321	2.146	0.654	0.346	0.202	-8809.011
592	8	500	491	0.5195	0.377	0.318	0.252	0.306	0.328	0.327	0.370	0.323	0.362	0.308	0.277	0.207	0.245	0.269	1.876	0.370	0.167	0.228	-9029.268
593	8	500	494	0.5171	0.336	0.279	0.282	0.302	0.308	0.296	0.287	0.258	0.313	0.288	0.351	0.299	0.267	0.290	1.927	0.408	0.243	0.191	-8948.130
594	8	500	491	0.5055	0.277	0.275	0.264	0.298	0.342	0.302	0.247	0.350	0.283	0.306	0.278	0.274	0.268	0.324	1.998	0.667	0.258	0.208	-8780.516
595	8	500	494	0.5035	0.324	0.295	0.348	0.271	0.237	0.306	0.342	0.316	0.262	0.340	0.303	0.386	0.346	0.347	1.956	0.650	0.287	0.213	-9121.971
596	8	500	489	0.5008	0.327	0.248	0.281	0.356	0.351	0.303	0.284	0.320	0.298	0.331	0.232	0.317	0.276	0.272	1.935	0.429	0.265	0.163	-8846.217
597	8	500	496	0.5089	0.336	0.244	0.262	0.280	0.352	0.303	0.266	0.325	0.315	0.307	0.331	0.323	0.369	0.307	2.198	0.496	0.281	0.211	-9053.347
598	8	500	494	0.5127	0.304	0.311	0.270	0.255	0.278	0.292	0.273	0.261	0.191	0.361	0.313	0.327	0.314	0.357	2.295	0.588	0.358	0.198	-8825.009
599	8	500	490	0.5132	0.323	0.301	0.266	0.270	0.313	0.289	0.291	0.268	0.246	0.252	0.340	0.247	0.305	0.269	1.996	0.599	0.312	0.223	-8787.733
600	8	500	499	0.5094	0.284	0.261	0.321	0.289	0.329	0.229	0.304	0.338	0.338	0.317	0.298	0.356	0.303	0.320	2.111	0.593	0.302	0.197	-8971.253
601	8	500	488	0.5127	0.294	0.350	0.322	0.335	0.363	0.355	0.309	0.298	0.265	0.268	0.332	0.336	0.318	0.300	2.227	0.574	0.426	0.155	-9035.133
602	8	500	496	0.5277	0.266	0.247	0.235	0.336	0.314	0.316	0.280	0.328	0.269	0.347	0.314	0.290	0.328	0.278	2.109	0.641	0.244	0.238	-8909.886
603	8	500	495	0.4978	0.376	0.278	0.302	0.247	0.284	0.269	0.274	0.339	0.248	0.281	0.296	0.365	0.316	0.267	2.083	0.632	0.313	0.210	-8788.490
604	8	500	495	0.5070	0.250	0.321	0.253	0.299	0.377	0.306	0.291	0.256	0.247	0.283	0.281	0.345	0.307	0.340	2.205	0.564	0.254	0.203	-8847.218
605	8	500	493	0.5021	0.248	0.306	0.258	0.317	0.258	0.315	0.332	0.312	0.250	0.300	0.316	0.286	0.275	0.274	2.085	0.554	0.303	0.198	-8799.393
606	8	500	494	0.5027	0.256	0.299	0.300	0.253	0.293	0.293	0.341	0.310	0.342	0.311	0.330	0.318	0.285	0.289	2.062	0.444	0.233	0.195	-8930.238
607	8	500	494	0.5202	0.360	0.323	0.275	0.291	0.286	0.285	0.265	0.318	0.235	0.306	0.286	0.395	0.296	0.312	1.856	0.544	0.227	0.194	-8949.609
608	8	500	494	0.5186	0.274	0.335	0.283	0.275	0.329	0.295	0.312	0.280	0.303	0.204	0.382	0.268	0.295	0.313	2.136	0.563	0.281	0.196	-8853.743
609	8	500	493	0.5092	0.305	0.241	0.326	0.287	0.307	0.328	0.329	0.240	0.319	0.264	0.287	0.319	0.288	0.316	2.024	0.416	0.312	0.198	-9007.102
610	8	500	486	0.5224	0.275	0.292	0.308	0.298	0.356	0.288	0.284	0.327	0.257	0.282	0.329	0.310	0.287	0.265	2.041	0.635	0.365	0.202	-8912.978
611	8	500	498	0.5216	0.297	0.274	0.249	0.319	0.262	0.349	0.264	0.281	0.348	0.294	0.339	0.297	0.281	0.314	2.017	0.579	0.300	0.194	-8874.374
612	8	500	494	0.5024	0.297	0.344	0.279	0.302	0.295	0.351	0.248	0.334	0.306	0.322	0.310	0.305	0.273	0.319	2.026	0.476	0.194	0.209	-8974.868
613	8	500	492	0.5168	0.310	0.360	0.340	0.247	0.266	0.262	0.335	0.323	0.358	0.252	0.337	0.297	0.290	0.335	2.031	0.600	0.400	0.197	-9037.908
614	8	500	493	0.5053	0.314	0.289	0.304	0.252	0.255	0.285	0.356	0.290	0.304	0.284	0.291	0.294	0.271	0.308	1.724	0.618	0.294	0.192	-8843.736
615	8	500	490	0.5265	0.292	0.266	0.341	0.278	0.328	0.244	0.316	0.332	0.335	0.310	0.186	0.246	0.305	0.267	1.993	0.601	0.299	0.183	-8704.042
616	8	500	495	0.5395	0.283	0.264	0.321	0.247	0.281	0.311	0.291	0.317	0.386	0.364	0.289	0.281	0.349	0.303	2.213	0.628	0.366	0.203	-9022.061
617	8	500	493	0.5249	0.282	0.330	0.260	0.307	0.318	0.358	0.310	0.288	0.282	0.288	0.303	0.329	0.225	0.294	2.120	0.543	0.285	0.198	-8872.492
618	8	500	495	0.5214	0.349	0.305	0.244	0.303	0.294	0.344	0.275	0.366	0.227	0.309	0.271	0.292	0.276	0.351	2.101	0.512	0.247	0.194	-8871.223
619	8	500	496	0.5222	0.334	0.317	0.290	0.300	0.283	0.289	0.366	0.299	0.340	0.291	0.255	0.281	0.348	0.290	2.130	0.466	0.212	0.201	-8951.378
620	8	500	494	0.5162	0.333	0.397	0.310	0.294	0.227	0.298	0.297	0.297	0.267	0.309	0.338	0.343	0.290	0.327	1.862	0.511	0.310	0.178	-9074.801
621	8	500	494	0.5130	0.347	0.296	0.308	0.319	0.265	0.287	0.308	0.337	0.305	0.312	0.315	0.428	0.339	0.274	1.960	0.443	0.271	0.189	-9106.425
622	8	500	498	0.5324	0.242	0.319	0.302	0.313	0.340	0.275	0.343	0.335	0.347	0.286	0.295	0.298	0.371	0.349	1.887	0.596	0.269	0.234	-9242.272
623	8	500	485	0.5097	0.268	0.319	0.257	0.295	0.293	0.271	0.278	0.350	0.283	0.316	0.291	0.304	0.329	0.310	1.961	0.636	0.286	0.198	-8830.068
624	8	500	494	0.5068	0.248	0.289	0.297	0.277	0.306	0.342	0.264	0.315	0.254	0.281	0.254	0.290	0.303	0.297	1.986	0.435	0.279	0.219	-8861.141
625	8	500	495	0.5153	0.295	0.338	0.255	0.324	0.263	0.311	0.352	0.218	0.363	0.270	0.266	0.278	0.334	0.231	1.845	0.646	0.354	0.196	-8861.400
626	8	500	492	0.5152	0.279	0.326	0.288	0.301	0.307	0.286	0.388	0.339	0.284	0.312	0.279	0.340	0.248	0.332	2.291	0.491	0.275	0.191	-8973.635
627	8	500	496	0.5079	0.314	0.335	0.337	0.308	0.299	0.289	0.386	0.379	0.253	0.330	0.220	0.236	0.333	0.303	2.035	0.547	0.326	0.184	-9005.534
628	8	500	497	0.5119	0.286	0.289	0.261	0.342	0.230	0.277	0.337	0.325	0.321	0.320	0.327	0.260	0.288	0.321	1.994	0.549	0.279	0.184	-8878.413
629	8	500	492	0.5090	0.284	0.272	0.317	0.293	0.361	0.343	0.289	0.357	0.331	0.271	0.338	0.297	0.353	0.347	1.933	0.586	0.305	0.208	-9162.187
630	8	500	492	0.5069	0.297	0.313	0.253	0.292	0.319	0.295	0.240	0.284	0.292	0.301	0.238	0.323	0.290	0.281	1.917	0.527	0.315	0.198	-8768.353
631	8	500	496	0.5226	0.290	0.308	0.279	0.299	0.269	0.335	0.253	0.293	0.325	0.247	0.291	0.323	0.331	0.286	2.222	0.501	0.257	0.209	-8841.018
632	8	500	493	0.5353	0.300	0.301	0.295	0.238	0.286	0.292	0.293	0.274	0.340	0.305	0.315	0.335	0.314	0.311	1.837	0.644	0.346	0.219	-9015.769
633	8	500	492	0.5222	0.312	0.327	0.280	0.328	0.255	0.321	0.300	0.352	0.273	0.271	0.305	0.251	0.291	0.361	1.872	0.515	0.241	0.186	-8912.451
634	8	500	496	0.5095	0.335	0.322	0.287	0.347	0.287	0.305	0.298	0.318	0.242	0.276	0.327	0.367	0.329	0.287	1.957	0.572	0.327	0.179	-9009.222
635	8	500	495	0.5208	0.217	0.337	0.236	0.255	0.281	0.310	0.282	0.283	0.233	0.316	0.305	0.299	0.292	0.291	1.958	0.670	0.330	0.192	-8684.531
636	8	500	490	0.5019	0.440	0.298	0.295	0.302	0.295	0.275	0.301	0.000	0.228	0.268	0.246	0.342	0.300	0.281	1.777	0.655	0.297	0.194	-8645.624
637	8	500	492	0.5266	0.316	0.294	0.301	0.326	0.233	0.247	0.249	0.250	0.293	0.298	0.299	0.320	0.314	0.295	1.889	0.485	0.224	0.207	-8815.323
638	8	500	488	0.5065	0.301	0.235	0.246	0.334	0.356	0.325	0.309	0.264	0.317	0.284	0.291	0.330	0.319	0.294	1.937	0.530	0.254	0.191	-8915.474
639	8	500	490	0.5158	0.311	0.313	0.267	0.293	0.290	0.296	0.288	0.235	0.325	0.276	0.276	0.344	0.303	0.351	2.045	0.454	0.217	0.219	-8922.351
640	8	500	495	0.5190	0.287	0.374	0.283	0.300	0.266	0.290	0.318	0.281	0.226	0.333	0.305	0.283	0.326	0.251	1.936	0.541	0.284	0.193	-8872.237
641	8	500	496	0.5049	0.325	0.256	0.325	0.390	0.371	0.312	0.324	0.304	0.342	0.276	0.364	0.343	0.359	0.291	1.829	0.567	0.323	0.186	-9312.583
642	8	500	492	0.5128	0.316	0.233	0.277	0.293	0.307	0.252	0.337	0.288	0.322	0.325	0.322	0.391	0.286	0.255	1.967	0.677	0.304	0.210	-8905.863
643	8	500	490	0.5236	0.286	0.275	0.302	0.313	0.268	0.262	0.316	0.342	0.263	0.345	0.306	0.268	0.303	0.329	2.048	0.589	0.326	0.197	-8883.765
644	8	500	494	0.5093	0.307	0.294	0.246	0.289	0.328	0.287	0.300	0.295	0.269	0.305	0.315	0.253	0.248	0.331	2.031	0.596	0.274	0.203	-8795.901
645	8	500	497	0.5040	0.349	0.277	0.273	0.340	0.312	0.357	0.315	0.256	0.267	0.330	0.313	0.342	0.328	0.299	2.105	0.377	0.227	0.229	-9193.828
646	8	500	492	0.5089	0.241	0.395	0.242	0.352	0.298	0.342	0.303	0.263	0.227	0.323	0.254	0.323	0.237	0.308	2.034	0.569	0.254	0.187	-8812.569
647	8	500	497	0.5050	0.323	0.290	0.331	0.330	0.334	0.304	0.327	0.331	0.302	0.293	0.281	0.353	0.303	0.330	1.963	0.390	0.218	0.203	-9182.459
648	8	500	492	0.5003	0.314	0.304	0.294	0.297	0.292	0.286	0.274	0.344	0.268	0.302	0.314	0.255	0.297	0.279	2.115	0.519	0.366	0.167	-8811.750
649	8	500	491	0.5162	0.319	0.366	0.212	0.293	0.210	0.348	0.224	0.341	0.339	0.235	0.290	0.280	0.304	0.275	2.153	0.458	0.276	0.195	-8747.299
650	8	500	493	0.5148	0.348	0.219	0.230	0.331	0.301	0.268	0.292	0.321	0.295	0.277	0.294	0.323	0.280	0.298	1.995	0.473	0.262	0.196	-8839.881
651	8	500	492	0.5240	0.312	0.366	0.264	0.284	0.246	0.318	0.313	0.284	0.374	0.226	0.328	0.229	0.317	0.299	1.805	0.699	0.279	0.208	-8861.242
652	8	500	494	0.4953	0.287	0.281	0.331	0.239	0.278	0.288	0.275	0.312	0.298	0.331	0.340	0.287	0.327	0.273	1.834	0.557	0.235	0.215	-8919.913
653	8	500	490	0.5176	0.343	0.276	0.236	0.307	0.335	0.276	0.299	0.340	0.281	0.318	0.271	0.229	0.305	0.249	1.715	0.560	0.258	0.220	-8821.327
654	8	500	490	0.5176	0.258	0.276	0.257	0.262	0.365	0.312	0.276	0.283	0.292	0.303	0.292	0.263	0.315	0.273	1.920	0.579	0.248	0.227	-8790.058
655	8	500	497	0.5270	0.331	0.345	0.283	0.371	0.329	0.250	0.323	0.322	0.276	0.274	0.352	0.372	0.375	0.314	1.939	0.518	0.321	0.203	-9308.421
656	8	500	495	0.5046	0.264	0.337	0.289	0.334	0.384	0.300	0.237	0.292	0.330	0.265	0.299	0.246	0.290	0.284	2.029	0.514	0.239	0.216	-8848.044
657	8	500	495	0.5118	0.289	0.319	0.248	0.334	0.276	0.304	0.367	0.256	0.337	0.303	0.324	0.337	0.303	0.381	2.207	0.474	0.270	0.188	-9056.036
658	8	500	495	0.4998	0.297	0.286	0.304	0.329	0.347	0.280	0.280	0.328	0.361	0.266	0.254	0.340	0.303	0.287	1.899	0.529	0.269	0.189	-8910.909
659	8	500	493	0.5080	0.299	0.330	0.347	0.254	0.368	0.290	0.265	0.209	0.331	0.288	0.282	0.338	0.284	0.322	1.925	0.672	0.309	0.210	-8984.288
660	8	500	495	0.5253	0.306	0.266	0.272	0.308	0.363	0.296	0.248	0.293	0.289	0.305	0.279	0.275	0.291	0.265	1.957	0.503	0.255	0.216	-8867.686
661	8	500	496	0.5175	0.320	0.274	0.266	0.306	0.241	0.377	0.306	0.316	0.295	0.324	0.327	0.310	0.291	0.356	1.976	0.484	0.253	0.201	-9008.217
662	8	500	495	0.5162	0.286	0.332	0.285	0.277	0.276	0.348	0.294	0.302	0.285	0.288	0.286	0.247	0.257	0.330	1.829	0.505	0.227	0.215	-8938.913
663	8	500	496	0.5134	0.313	0.304	0.300	0.286	0.332	0.283	0.378	0.279	0.358	0.339	0.285	0.276	0.303	0.323	2.109	0.552	0.266	0.191	-9034.072
664	8	500	494	0.5098	0.308	0.272	0.286	0.319	0.305	0.297	0.252	0.328	0.333	0.269	0.267	0.290	0.296	0.349	1.934	0.482	0.283	0.213	-8982.096
665	8	500	494	0.5041	0.321	0.383	0.323	0.292	0.264	0.342	0.263	0.300	0.300	0.272	0.361	0.294	0.316	0.325	1.986	0.550	0.305	0.199	-9088.012
666	8	500	495	0.5065	0.306	0.307	0.357	0.320	0.247	0.291	0.276	0.309	0.302	0.283	0.290	0.253	0.372	0.337	1.977	0.472	0.229	0.212	-9015.056
667	8	500	493	0.5194	0.281	0.298	0.298	0.304	0.325	0.312	0.283	0.301	0.351	0.288	0.299	0.275	0.295	0.302	1.902	0.643	0.357	0.212	-9028.395
668	8	500	491	0.5242	0.275	0.332	0.246	0.388	0.234	0.336	0.316	0.207	0.374	0.301	0.333	0.364	0.296	0.299	2.012	0.430	0.264	0.179	-9009.214
669	8	500	491	0.5063	0.304	0.273	0.320	0.300	0.324	0.279	0.324	0.259	0.303	0.291	0.314	0.282	0.256	0.300	2.037	0.673	0.327	0.212	-8865.533
670	8	500	490	0.5178	0.288	0.323	0.287	0.273	0.287	0.331	0.276	0.320	0.299	0.303	0.323	0.368	0.322	0.264	2.082	0.471	0.237	0.189	-8920.918
671	8	500	496	0.5147	0.254	0.335	0.301	0.289	0.334	0.291	0.331	0.317	0.353	0.299	0.282	0.229	0.338	0.336	2.169	0.650	0.281	0.192	-8939.786
672	8	500	489	0.5041	0.300	0.155	0.311	0.375	0.330	0.327	0.269	0.355	0.255	0.318	0.253	0.301	0.314	0.325	1.952	0.351	0.210	0.187	-8937.588
673	8	500	492	0.5006	0.304	0.255	0.260	0.327	0.334	0.278	0.310	0.299	0.290	0.337	0.290	0.266	0.285	0.298	2.047	0.658	0.294	0.222	-8850.741
674	8	500	493	0.5183	0.262	0.304	0.266	0.213	0.309	0.265	0.291	0.325	0.284	0.288	0.312	0.280	0.271	0.319	1.957	0.601	0.302	0.208	-8745.082
675	8	500	497	0.5132	0.290	0.304	0.299	0.288	0.359	0.254	0.312	0.300	0.317	0.297	0.315	0.226	0.302	0.277	1.844	0.666	0.266	0.204	-8828.709
676	8	500	496	0.5199	0.282	0.257	0.274	0.331	0.262	0.303	0.338	0.315	0.303	0.270	0.332	0.274	0.271	0.296	1.901	0.639	0.271	0.207	-8805.990
677	8	500	491	0.5000	0.250	0.284	0.285	0.277	0.257	0.317	0.309	0.284	0.330	0.308	0.346	0.263	0.332	0.279	1.954	0.652	0.302	0.203	-8865.825
678	8	500	492	0.5264	0.309	0.266	0.318	0.313	0.317	0.300	0.257	0.289	0.320	0.351	0.264	0.321	0.343	0.286	1.966	0.578	0.241	0.198	-8944.443
679	8	500	497	0.5178	0.311	0.305	0.319	0.267	0.257	0.284	0.299	0.306	0.237	0.284	0.285	0.350	0.266	0.323	1.905	0.543	0.272	0.194	-8866.031
680	8	500	495	0.5105	0.324	0.330	0.203	0.305	0.311	0.291	0.309	0.320	0.355	0.313	0.315	0.267	0.365	0.258	2.113	0.402	0.193	0.194	-8864.593
681	8	500	492	0.5116	0.312	0.346	0.310	0.279	0.252	0.275	0.293	0.231	0.306	0.294	0.265	0.317	0.318	0.308	1.983	0.509	0.203	0.205	-8856.535
682	8	500	497	0.5238	0.340	0.321	0.270	0.323	0.256	0.302	0.332	0.297	0.273	0.373	0.346	0.297	0.296	0.235	2.075	0.514	0.193	0.188	-8887.563
683	8	500	490	0.5183	0.263	0.348	0.237	0.256	0.250	0.279	0.333	0.254	0.288	0.327	0.267	0.322	0.243	0.363	1.943	0.552	0.245	0.208	-8762.323
684	8	500	494	0.5382	0.338	0.289	0.277	0.347	0.298	0.335	0.282	0.310	0.245	0.295	0.280	0.366	0.310	0.287	1.941	0.571	0.365	0.194	-9042.837
685	8	500	491	0.5104	0.349	0.278	0.313	0.304	0.316	0.275	0.320	0.279	0.321	0.332	0.275	0.267	0.281	0.333	2.029	0.641	0.359	0.194	-8944.983
686	8	500	493	0.5132	0.277	0.289	0.234	0.352	0.350	0.310	0.323	0.275	0.336	0.317	0.261	0.276	0.256	0.348	2.047	0.592	0.176	0.213	-8838.591
687	8	500	490	0.5055	0.331	0.238	0.309	0.292	0.320	0.271	0.337	0.302	0.349	0.288	0.310	0.268	0.316	0.265	2.212	0.525	0.287	0.205	-8892.923
688	8	500	494	0.5135	0.253	0.303	0.268	0.280	0.352	0.340	0.270	0.244	0.349	0.320	0.314	0.300	0.330	0.291	1.988	0.572	0.378	0.205	-9028.607
689	8	500	492	0.5235	0.287	0.283	0.255	0.274	0.266	0.294	0.259	0.275	0.240	0.281	0.262	0.323	0.291	0.311	1.900	0.414	0.190	0.206	-8681.533
690	8	500	489	0.5079	0.276	0.308	0.294	0.292	0.266	0.302	0.307	0.330	0.318	0.301	0.278	0.360	0.242	0.354	1.972	0.611	0.345	0.168	-8863.131
691	8	500	493	0.5150	0.320	0.258	0.309	0.324	0.237	0.305	0.412	0.320	0.315	0.299	0.253	0.298	0.336	0.254	1.973	0.612	0.272	0.186	-8838.059
692	8	500	497	0.5183	0.309	0.266	0.280	0.306	0.265	0.236	0.297	0.303	0.323	0.292	0.322	0.251	0.277	0.299	2.177	0.521	0.262	0.240	-8802.692
693	8	500	493	0.5083	0.288	0.367	0.380	0.220	0.365	0.307	0.243	0.290	0.236	0.320	0.257	0.288	0.279	0.292	1.986	0.606	0.250	0.198	-8798.383
694	8	500	497	0.5165	0.244	0.318	0.321	0.267	0.286	0.324	0.266	0.324	0.329	0.272	0.328	0.327	0.307	0.235	2.105	0.623	0.341	0.206	-8892.201
695	8	500	494	0.5190	0.283	0.248	0.223	0.306	0.338	0.363	0.331	0.285	0.339	0.243	0.275	0.263	0.337	0.312	2.111	0.582	0.283	0.184	-8795.902
696	8	500	497	0.4992	0.322	0.296	0.260	0.279	0.336	0.288	0.260	0.249	0.277	0.288	0.352	0.350	0.301	0.245	1.872	0.414	0.159	0.190	-8785.937
697	8	500	493	0.5155	0.323	0.284	0.328	0.308	0.261	0.288	0.347	0.331	0.293	0.260	0.290	0.329	0.270	0.313	1.993	0.425	0.293	0.179	-8950.280
698	8	500	493	0.4970	0.307	0.273	0.264	0.282	0.362	0.256	0.305	0.270	0.277	0.308	0.292	0.309	0.269	0.342	1.936	0.497	0.237	0.213	-8879.459
699	8	500	496	0.5257	0.270	0.239	0.240	0.360	0.301	0.253	0.283	0.290	0.285	0.266	0.303	0.292	0.271	0.310	2.010	0.385	0.243	0.180	-8740.445
700	8	500	493	0.5003	0.258	0.246	0.263	0.278	0.363	0.314	0.296	0.300	0.374	0.297	0.295	0.279	0.346	0.260	1.835	0.539	0.295	0.207	-8941.620
701	8	500	490	0.5112	0.292	0.246	0.287	0.298	0.280	0.342	0.308	0.285	0.334	0.303	0.333	0.279	0.358	0.239	1.969	0.400	0.257	0.203	-9015.333
702	8	500	486	0.5203	0.271	0.348	0.306	0.288	0.234	0.275	0.339	0.353	0.250	0.319	0.312	0.417	0.307	0.268	2.083	0.598	0.285	0.178	-8843.694
703	8	500	493	0.5160	0.382	0.321	0.262	0.306	0.270	0.289	0.280	0.347	0.355	0.322	0.326	0.361	0.291	0.261	2.022	0.546	0.385	0.190	-9055.162
704	8	500	492	0.5295	0.258	0.280	0.270	0.348	0.289	0.308	0.311	0.308	0.248	0.288	0.242	0.326	0.326	0.254	1.810	0.495	0.228	0.179	-8790.334
705	8	500	491	0.5109	0.277	0.287	0.245	0.254	0.313	0.274	0.293	0.246	0.245	0.306	0.277	0.312	0.256	0.285	1.926	0.603	0.260	0.193	-8586.156
706	8	500	499	0.5188	0.292	0.333	0.266	0.270	0.268	0.238	0.298	0.315	0.307	0.263	0.282	0.280	0.368	0.296	2.144	0.590	0.290	0.207	-8795.606
707	8	500	491	0.5325	0.327	0.282	0.299	0.347	0.292	0.308	0.295	0.325	0.321	0.297	0.249	0.293	0.298	0.295	1.908	0.474	0.271	0.192	-9005.689
708	8	500	493	0.5021	0.271	0.278	0.359	0.285	0.360	0.312	0.305	0.248	0.322	0.361	0.307	0.289	0.320	0.288	2.057	0.464	0.279	0.193	-9081.274
709	8	500	494	0.5246	0.303	0.349	0.293	0.313	0.301	0.296	0.339	0.345	0.233	0.256	0.331	0.356	0.265	0.302	1.852	0.606	0.246	0.204	-8983.496
710	8	500	491	0.5208	0.284	0.367	0.264	0.306	0.271	0.277	0.330	0.292	0.307	0.337	0.284	0.234	0.287	0.316	1.979	0.615	0.335	0.198	-8865.790
711	8	500	495	0.5275	0.389	0.211	0.261	0.301	0.346	0.247	0.281	0.189	0.247	0.292	0.288	0.378	0.327	0.312	2.184	0.643	0.357	0.219	-8833.196
712	8	500	495	0.5252	0.320	0.281	0.273	0.300	0.319	0.259	0.276	0.286	0.293	0.309	0.316	0.277	0.284	0.283	1.930	0.641	0.220	0.196	-8689.932
713	8	500	494	0.5198	0.241	0.305	0.298	0.293	0.270	0.251	0.342	0.283	0.270	0.343	0.265	0.269	0.309	0.321	1.975	0.480	0.203	0.200	-8836.203
714	8	500	494	0.5146	0.317	0.263	0.301	0.280	0.311	0.317	0.243	0.291	0.295	0.322	0.239	0.333	0.246	0.265	2.031	0.539	0.239	0.192	-8679.096
715	8	500	492	0.5008	0.305	0.334	0.276	0.253	0.264	0.313	0.293	0.322	0.282	0.343	0.269	0.282	0.234	0.321	2.214	0.500	0.238	0.175	-8710.012
716	8	500	486	0.5037	0.295	0.313	0.294	0.284	0.235	0.300	0.298	0.255	0.284	0.328	0.291	0.285	0.301	0.222	2.090	0.569	0.316	0.213	-8697.831
717	8	500	493	0.5172	0.341	0.304	0.307	0.279	0.320	0.320	0.345	0.323	0.278	0.289	0.322	0.324	0.336	0.242	1.996	0.518	0.237	0.177	-8964.647
718	8	500	489	0.5076	0.301	0.250	0.309	0.305	0.403	0.314	0.283	0.357	0.319	0.296	0.236	0.261	0.269	0.339	1.976	0.525	0.317	0.154	-8851.516
719	8	500	496	0.5100	0.312	0.300	0.274	0.284	0.262	0.329	0.298	0.307	0.251	0.265	0.306	0.301	0.333	0.273	2.022	0.619	0.297	0.207	-8886.686
720	8	500	491	0.5052	0.309	0.319	0.304	0.274	0.275	0.269	0.243	0.227	0.286	0.269	0.267	0.314	0.273	0.287	2.086	0.666	0.277	0.185	-8516.388
721	8	500	489	0.5113	0.340	0.303	0.307	0.231	0.265	0.191	0.330	0.271	0.355	0.320	0.320	0.247	0.277	0.299	2.168	0.667	0.325	0.202	-8702.171
722	8	500	493	0.4987	0.328	0.252	0.322	0.302	0.396	0.319	0.316	0.326	0.299	0.266	0.331	0.347	0.326	0.299	1.977	0.498	0.214	0.204	-9061.857
723	8	500	492	0.5042	0.298	0.332	0.304	0.327	0.305	0.315	0.294	0.360	0.323	0.318	0.303	0.310	0.335	0.281	2.067	0.709	0.291	0.212	-9049.815
724	8	500	493	0.5102	0.312	0.391	0.291	0.275	0.340	0.331	0.274	0.323	0.300	0.326	0.338	0.284	0.298	0.303	1.986	0.478	0.212	0.207	-9067.199
725	8	500	494	0.5243	0.273	0.302	0.324	0.286	0.252	0.242	0.324	0.316	0.379	0.306	0.314	0.237	0.312	0.333	1.903	0.508	0.273	0.188	-8979.692
726	8	500	491	0.5183	0.302	0.311	0.215	0.282	0.357	0.239	0.278	0.261	0.298	0.321	0.304	0.283	0.260	0.323	1.869	0.575	0.269	0.208	-8784.779
727	8	500	495	0.5102	0.283	0.310	0.275	0.290	0.323	0.339	0.291	0.332	0.311	0.330	0.312	0.286	0.282	0.214	1.936	0.468	0.294	0.191	-8934.764
728	8	500	491	0.4997	0.290	0.288	0.304	0.297	0.325	0.294	0.302	0.319	0.283	0.303	0.287	0.302	0.293	0.301	1.850	0.556	0.243	0.189	-8857.617
729	8	500	493	0.5230	0.407	0.343	0.279	0.327	0.309	0.290	0.314	0.334	0.290	0.283	0.324	0.329	0.296	0.283	2.235	0.534	0.290	0.200	-8998.460
730	8	500	488	0.5148	0.263	0.277	0.283	0.277	0.264	0.297	0.329	0.301	0.281	0.287	0.305	0.256	0.249	0.258	1.885	0.536	0.251	0.164	-8553.173
731	8	500	498	0.5020	0.326	0.256	0.317	0.332	0.324	0.325	0.328	0.275	0.328	0.301	0.363	0.295	0.252	0.305	1.907	0.671	0.224	0.221	-9030.905
732	8	500	493	0.5046	0.287	0.303	0.308	0.388	0.277	0.232	0.281	0.341	0.363	0.301	0.312	0.328	0.314	0.311	2.126	0.428	0.245	0.214	-9087.805
733	8	500	495	0.5129	0.323	0.301	0.292	0.307	0.297	0.341	0.348	0.258	0.250	0.310	0.315	0.294	0.303	0.289	1.905	0.451	0.291	0.188	-9061.996
734	8	500	493	0.5285	0.267	0.365	0.299	0.277	0.226	0.301	0.300	0.250	0.270	0.267	0.228	0.274	0.290	0.331	1.965	0.543	0.230	0.194	-8711.439
735	8	500	489	0.5060	0.353	0.399	0.294	0.311	0.277	0.254	0.328	0.335	0.332	0.246	0.324	0.271	0.324	0.256	2.044	0.403	0.211	0.174	-8830.212
736	8	500	487	0.5252	0.279	0.284	0.315	0.298	0.282	0.301	0.311	0.313	0.252	0.401	0.284	0.281	0.303	0.351	2.052	0.563	0.322	0.189	-9035.538
737	8	500	495	0.5000	0.292	0.303	0.271	0.320	0.331	0.309	0.296	0.303	0.342	0.223	0.349	0.317	0.308	0.320	2.053	0.540	0.321	0.211	-9038.956
738	8	500	496	0.5103	0.265	0.318	0.256	0.293	0.383	0.302	0.262	0.257	0.325	0.343	0.269	0.320	0.354	0.313	1.856	0.496	0.291	0.194	-9049.708
739	8	500	493	0.5151	0.238	0.312	0.271	0.268	0.259	0.291	0.250	0.376	0.292	0.304	0.293	0.271	0.306	0.378	1.938	0.642	0.358	0.192	-8808.672
740	8	500	494	0.5153	0.288	0.244	0.302	0.320	0.349	0.307	0.223	0.306	0.260	0.309	0.321	0.303	0.327	0.293	2.124	0.454	0.227	0.181	-8805.491
741	8	500	489	0.4968	0.290	0.352	0.304	0.286	0.259	0.296	0.272	0.289	0.292	0.333	0.375	0.320	0.334	0.348	2.342	0.482	0.289	0.210	-9096.445
742	8	500	496	0.5143	0.329	0.284	0.265	0.286	0.357	0.358	0.289	0.337	0.244	0.377	0.278	0.333	0.347	0.331	1.962	0.415	0.270	0.183	-9169.186
743	8	500	489	0.5085	0.276	0.321	0.292	0.322	0.310	0.271	0.352	0.181	0.235	0.284	0.359	0.323	0.290	0.283	2.151	0.623	0.275	0.183	-8749.952
744	8	500	491	0.5088	0.324	0.329	0.261	0.290	0.353	0.365	0.292	0.294	0.310	0.340	0.267	0.301	0.316	0.320	2.253	0.551	0.309	0.187	-8998.932
745	8	500	495	0.5042	0.248	0.342	0.356	0.323	0.227	0.320	0.334	0.300	0.302	0.322	0.319	0.305	0.263	0.322	1.755	0.629	0.229	0.204	-9043.369
746	8	500	492	0.4990	0.330	0.236	0.265	0.270	0.310	0.354	0.254	0.306	0.290	0.307	0.270	0.297	0.368	0.266	2.197	0.579	0.309	0.191	-8760.344
747	8	500	493	0.5068	0.297	0.286	0.261	0.288	0.337	0.313	0.270	0.309	0.289	0.286	0.229	0.304	0.313	0.327	2.040	0.499	0.314	0.171	-8767.007
748	8	500	491	0.5115	0.259	0.285	0.270	0.305	0.336	0.287	0.247	0.291	0.297	0.293	0.297	0.340	0.315	0.254	2.108	0.524	0.291	0.188	-8775.968
749	8	500	493	0.5144	0.263	0.247	0.320	0.344	0.258	0.270	0.298	0.297	0.229	0.295	0.313	0.388	0.353	0.279	2.064	0.526	0.205	0.203	-8808.964
750	8	500	495	0.5282	0.271	0.275	0.294	0.320	0.303	0.275	0.304	0.359	0.291	0.277	0.327	0.316	0.268	0.345	1.940	0.487	0.209	0.207	-8934.010
751	8	500	491	0.5174	0.301	0.278	0.274	0.294	0.318	0.304	0.243	0.300	0.322	0.351	0.345	0.288	0.276	0.283	1.999	0.507	0.246	0.202	-8902.470
752	8	500	496	0.5046	0.536	0.314	0.315	0.234	0.309	0.330	0.339	0.000	0.327	0.295	0.307	0.280	0.317	0.287	2.040	0.644	0.356	0.223	-8949.305
753	8	500	491	0.5199	0.305	0.301	0.278	0.314	0.296	0.335	0.332	0.271	0.392	0.286	0.323	0.327	0.236	0.280	1.953	0.400	0.312	0.156	-9016.504
754	8	500	495	0.5070	0.264	0.276	0.276	0.343	0.305	0.317	0.264	0.340	0.275	0.337	0.228	0.317	0.307	0.257	1.942	0.327	0.120	0.221	-8834.900
755	8	500	495	0.5182	0.297	0.331	0.333	0.337	0.345	0.364	0.306	0.336	0.298	0.398	0.296	0.299	0.280	0.351	2.102	0.460	0.272	0.185	-9282.060
756	8	500	494	0.5019	0.285	0.239	0.273	0.282	0.292	0.280	0.270	0.270	0.278	0.278	0.314	0.290	0.321	0.270	2.005	0.645	0.273	0.212	-8678.275
757	8	500	494	0.4914	0.294	0.285	0.301	0.278	0.307	0.321	0.324	0.291	0.287	0.301	0.300	0.293	0.314	0.337	1.902	0.580	0.378	0.177	-8998.694
758	8	500	493	0.5063	0.352	0.334	0.276	0.302	0.299	0.271	0.270	0.331	0.286	0.292	0.299	0.353	0.311	0.282	1.916	0.640	0.300	0.197	-8899.036
759	8	500	495	0.5201	0.337	0.331	0.350	0.300	0.287	0.320	0.306	0.353	0.354	0.303	0.313	0.275	0.294	0.321	1.951	0.521	0.297	0.174	-9121.973
760	8	500	489	0.5330	0.321	0.289	0.285	0.340	0.302	0.311	0.336	0.274	0.295	0.271	0.271	0.313	0.268	0.316	2.002	0.630	0.325	0.200	-8933.503
761	8	500	494	0.4973	0.291	0.258	0.298	0.312	0.312	0.312	0.301	0.252	0.340	0.269	0.252	0.299	0.285	0.292	1.989	0.482	0.207	0.201	-8793.750
762	8	500	488	0.4873	0.250	0.318	0.248	0.224	0.304	0.250	0.352	0.314	0.313	0.286	0.294	0.302	0.276	0.230	1.966	0.693	0.307	0.198	-8579.609
763	8	500	498	0.5201	0.298	0.256	0.322	0.338	0.328	0.269	0.340	0.202	0.312	0.287	0.376	0.430	0.286	0.290	1.943	0.424	0.231	0.222	-9213.365
764	8	500	496	0.5214	0.300	0.416	0.223	0.277	0.265	0.312	0.289	0.260	0.353	0.258	0.354	0.299	0.306	0.304	2.002	0.362	0.196	0.197	-8949.476
765	8	500	494	0.5074	0.325	0.318	0.226	0.417	0.335	0.336	0.317	0.311	0.352	0.391	0.355	0.325	0.364	0.243	2.182	0.539	0.240	0.209	-9248.461
766	8	500	486	0.5077	0.343	0.326	0.254	0.285	0.301	0.294	0.320	0.285	0.269	0.298	0.298	0.248	0.327	0.349	1.943	0.504	0.268	0.169	-8815.262
767	8	500	489	0.5239	0.321	0.240	0.315	0.336	0.377	0.282	0.341	0.261	0.260	0.331	0.312	0.311	0.290	0.252	2.073	0.537	0.298	0.185	-8925.741
768	8	500	493	0.5056	0.395	0.353	0.279	0.374	0.295	0.347	0.325	0.351	0.281	0.388	0.292	0.354	0.281	0.275	2.100	0.462	0.289	0.169	-9167.620
769	8	500	493	0.5072	0.343	0.321	0.285	0.282	0.293	0.325	0.227	0.290	0.236	0.346	0.265	0.274	0.285	0.265	1.976	0.624	0.305	0.180	-8671.065
770	8	500	494	0.5237	0.328	0.355	0.274	0.299	0.252	0.301	0.358	0.284	0.319	0.306	0.260	0.310	0.304	0.314	1.828	0.512	0.183	0.191	-8874.702
771	8	500	496	0.5069	0.309	0.316	0.167	0.372	0.352	0.330	0.379	0.328	0.298	0.341	0.320	0.256	0.285	0.313	1.993	0.357	0.198	0.169	-8997.621
772	8	500	491	0.5113	0.281	0.339	0.332	0.260	0.249	0.251	0.365	0.328	0.265	0.241	0.320	0.302	0.308	0.325	2.095	0.530	0.280	0.204	-8881.913
773	8	500	493	0.5153	0.277	0.361	0.291	0.330	0.278	0.251	0.342	0.366	0.282	0.358	0.285	0.321	0.294	0.323	2.170	0.577	0.293	0.210	-9049.972
774	8	500	494	0.5164	0.301	0.348	0.293	0.282	0.223	0.292	0.320	0.330	0.282	0.348	0.274	0.322	0.306	0.322	1.843	0.612	0.360	0.193	-8997.879
775	8	500	495	0.5266	0.255	0.286	0.255	0.354	0.282	0.338	0.316	0.296	0.261	0.304	0.315	0.290	0.316	0.307	1.984	0.437	0.230	0.174	-8900.993
776	8	500	494	0.5406	0.669	0.310	0.295	0.347	0.309	0.346	0.266	0.000	0.304	0.297	0.356	0.268	0.292	0.357	2.013	0.638	0.336	0.199	-9144.974
777	8	500	497	0.5105	0.314	0.282	0.293	0.327	0.326	0.317	0.302	0.245	0.279	0.257	0.342	0.306	0.336	0.274	2.214	0.748	0.252	0.212	-8865.283
778	8	500	494	0.5023	0.253	0.264	0.305	0.275	0.338	0.301	0.244	0.315	0.284	0.281	0.319	0.289	0.268	0.297	1.804	0.599	0.246	0.209	-8761.127
779	8	500	491	0.5134	0.301	0.222	0.276	0.302	0.369	0.283	0.226	0.307	0.323	0.311	0.306	0.303	0.249	0.299	1.970	0.510	0.311	0.183	-8784.949
780	8	500	499	0.5212	0.300	0.369	0.316	0.249	0.263	0.298	0.273	0.332	0.319	0.337	0.295	0.300	0.311	0.313	2.114	0.523	0.223	0.246	-9066.825
781	8	500	496	0.5063	0.303	0.207	0.282	0.303	0.268	0.320	0.344	0.308	0.322	0.293	0.335	0.317	0.245	0.293	2.117	0.576	0.274	0.191	-8817.717
782	8	500	490	0.4962	0.274	0.267	0.262	0.301	0.312	0.291	0.273	0.301	0.289	0.235	0.288	0.274	0.271	0.293	1.995	0.536	0.302	0.191	-8653.841
783	8	500	491	0.5210	0.238	0.332	0.312	0.331	0.275	0.296	0.239	0.339	0.314	0.239	0.316	0.283	0.324	0.277	2.088	0.626	0.338	0.191	-8804.761
784	8	500	494	0.5162	0.358	0.338	0.331	0.279	0.318	0.352	0.312	0.320	0.246	0.260	0.288	0.310	0.320	0.265	1.939	0.561	0.277	0.170	-8889.488
785	8	500	498	0.5103	0.330	0.325	0.295	0.306	0.221	0.330	0.309	0.307	0.296	0.293	0.346	0.266	0.238	0.323	2.339	0.531	0.237	0.218	-8917.525
786	8	500	494	0.5137	0.305	0.306	0.187	0.303	0.378	0.314	0.287	0.250	0.222	0.264	0.290	0.347	0.283	0.305	2.074	0.541	0.203	0.203	-8658.327
787	8	500	491	0.4915	0.290	0.289	0.240	0.302	0.276	0.278	0.346	0.243	0.305	0.283	0.330	0.321	0.306	0.283	2.084	0.634	0.261	0.233	-8862.403
788	8	500	497	0.5263	0.334	0.333	0.238	0.339	0.429	0.331	0.356	0.288	0.277	0.297	0.311	0.306	0.302	0.326	1.952	0.549	0.335	0.199	-9228.972
789	8	500	491	0.5012	0.349	0.367	0.297	0.253	0.303	0.341	0.288	0.308	0.385	0.288	0.360	0.301	0.344	0.335	2.152	0.557	0.351	0.202	-9163.629
790	8	500	490	0.4980	0.342	0.374	0.251	0.263	0.233	0.269	0.320	0.349	0.221	0.357	0.260	0.354	0.274	0.339	1.978	0.527	0.223	0.191	-8776.159
791	8	500	495	0.5202	0.343	0.297	0.307	0.308	0.291	0.314	0.350	0.318	0.337	0.313	0.264	0.219	0.317	0.271	2.028	0.331	0.238	0.166	-9033.234
792	8	500	491	0.5068	0.285	0.311	0.286	0.282	0.228	0.315	0.251	0.301	0.263	0.325	0.292	0.333	0.283	0.333	1.981	0.549	0.234	0.220	-8859.468
793	8	500	494	0.5167	0.393	0.268	0.306	0.304	0.245	0.322	0.300	0.342	0.286	0.309	0.259	0.317	0.305	0.310	1.892	0.458	0.206	0.191	-8902.342
794	8	500	493	0.5102	0.314	0.360	0.301	0.263	0.308	0.291	0.304	0.295	0.292	0.257	0.353	0.327	0.305	0.252	1.923	0.579	0.253	0.195	-8885.021
795	8	500	492	0.5189	0.336	0.228	0.296	0.265	0.280	0.295	0.287	0.286	0.355	0.231	0.282	0.312	0.234	0.357	1.925	0.664	0.284	0.199	-8746.151
796	8	500	488	0.5172	0.235	0.259	0.287	0.316	0.329	0.282	0.353	0.283	0.239	0.235	0.309	0.287	0.299	0.296	1.923	0.551	0.251	0.177	-8709.038
797	8	500	494	0.5233	0.354	0.320	0.268	0.313	0.237	0.351	0.322	0.427	0.316	0.312	0.283	0.223	0.271	0.345	2.009	0.576	0.320	0.198	-8969.487
798	8	500	489	0.5303	0.267	0.359	0.297	0.242	0.262	0.331	0.288	0.283	0.349	0.336	0.291	0.279	0.333	0.266	1.877	0.560	0.289	0.162	-8816.351
799	8	500	494	0.5063	0.235	0.272	0.260	0.331	0.291	0.280	0.321	0.265	0.327	0.264	0.294	0.271	0.293	0.291	1.947	0.449	0.193	0.212	-8784.880
800	8	500	490	0.5339	0.261	0.287	0.303	0.319	0.273	0.297	0.326	0.221	0.394	0.337	0.278	0.261	0.285	0.325	2.092	0.606	0.394	0.192	-8956.378
801	8	500	495	0.5165	0.297	0.325	0.225	0.318	0.349	0.367	0.316	0.219	0.331	0.335	0.332	0.290	0.284	0.297	2.002	0.544	0.219	0.224	-9080.034
802	8	500	491	0.5161	0.327	0.315	0.279	0.339	0.229	0.321	0.269	0.269	0.323	0.239	0.289	0.295	0.307	0.283	1.906	0.627	0.280	0.180	-8761.881
803	8	500	492	0.5119	0.284	0.277	0.283	0.347	0.284	0.348	0.271	0.285	0.324	0.288	0.315	0.265	0.301	0.306	1.793	0.646	0.310	0.206	-8961.442
804	8	500	487	0.4998	0.315	0.352	0.326	0.286	0.280	0.235	0.330	0.266	0.296	0.318	0.267	0.341	0.270	0.278	1.986	0.468	0.222	0.205	-8804.009
805	8	500	492	0.5073	0.325	0.275	0.293	0.242	0.344	0.341	0.319	0.339	0.294	0.302	0.329	0.338	0.321	0.287	2.082	0.567	0.294	0.199	-9004.802
806	8	500	489	0.4855	0.233	0.256	0.315	0.342	0.322	0.301	0.326	0.289	0.348	0.330	0.285	0.353	0.314	0.281	2.081	0.575	0.310	0.203	-9059.177
807	8	500	498	0.5131	0.311	0.302	0.275	0.309	0.336	0.278	0.372	0.334	0.316	0.334	0.319	0.333	0.281	0.267	2.094	0.678	0.243	0.230	-9005.174
808	8	500	491	0.5070	0.219	0.405	0.356	0.281	0.332	0.348	0.265	0.295	0.300	0.378	0.272	0.230	0.305	0.309	2.188	0.643	0.342	0.184	-8933.206
809	8	500	495	0.5260	0.290	0.356	0.302	0.357	0.294	0.326	0.270	0.370	0.278	0.291	0.361	0.251	0.306	0.343	1.953	0.518	0.272	0.209	-9168.724
810	8	500	493	0.5074	0.326	0.257	0.306	0.303	0.316	0.320	0.241	0.394	0.295	0.296	0.224	0.215	0.353	0.283	2.004	0.493	0.300	0.198	-8872.830
811	8	500	497	0.5043	0.287	0.333	0.332	0.226	0.232	0.305	0.279	0.286	0.285	0.287	0.300	0.255	0.293	0.334	1.976	0.660	0.262	0.202	-8728.076
812	8	500	498	0.5006	0.255	0.328	0.283	0.301	0.287	0.232	0.283	0.347	0.360	0.259	0.254	0.241	0.294	0.305	1.957	0.620	0.298	0.223	-8768.218
813	8	500	496	0.5046	0.287	0.247	0.239	0.312	0.349	0.275	0.280	0.316	0.325	0.279	0.343	0.262	0.279	0.318	1.694	0.536	0.272	0.204	-8850.013
814	8	500	488	0.5123	0.275	0.359	0.253	0.307	0.296	0.351	0.284	0.322	0.362	0.376	0.275	0.279	0.287	0.344	1.959	0.663	0.331	0.205	-9051.892
815	8	500	494	0.5052	0.277	0.326	0.263	0.296	0.277	0.261	0.338	0.335	0.292	0.266	0.296	0.282	0.258	0.349	2.028	0.643	0.357	0.208	-8799.433
816	8	500	488	0.5008	0.234	0.368	0.314	0.335	0.345	0.265	0.309	0.299	0.365	0.244	0.328	0.219	0.280	0.232	1.969	0.546	0.299	0.214	-8933.050
817	8	500	497	0.5116	0.342	0.263	0.212	0.350	0.318	0.297	0.278	0.312	0.289	0.260	0.331	0.226	0.324	0.288	2.224	0.572	0.252	0.218	-8788.334
818	8	500	489	0.5145	0.257	0.276	0.303	0.312	0.285	0.288	0.371	0.262	0.307	0.352	0.336	0.274	0.304	0.251	1.912	0.611	0.301	0.185	-8885.849
819	8	500	496	0.5101	0.308	0.317	0.263	0.253	0.255	0.281	0.356	0.402	0.308	0.274	0.273	0.262	0.285	0.278	1.946	0.552	0.237	0.177	-8714.769
820	8	500	490	0.5148	0.287	0.282	0.305	0.263	0.267	0.297	0.267	0.238	0.292	0.307	0.308	0.288	0.292	0.302	1.999	0.518	0.256	0.210	-8812.362
821	8	500	491	0.5243	0.259	0.306	0.254	0.383	0.310	0.352	0.301	0.302	0.280	0.303	0.302	0.271	0.298	0.257	2.026	0.482	0.238	0.177	-8896.912
822	8	500	494	0.5324	0.300	0.284	0.317	0.363	0.328	0.335	0.296	0.258	0.250	0.310	0.355	0.253	0.327	0.320	2.194	0.519	0.279	0.204	-9077.298
823	8	500	495	0.5062	0.264	0.313	0.240	0.331	0.270	0.300	0.280	0.343	0.305	0.315	0.305	0.248	0.352	0.321	1.917	0.671	0.329	0.201	-8928.624
824	8	500	492	0.5245	0.588	0.304	0.288	0.362	0.267	0.309	0.322	0.002	0.290	0.280	0.285	0.206	0.278	0.301	1.947	0.614	0.239	0.201	-8797.498
825	8	500	491	0.5046	0.333	0.281	0.254	0.290	0.237	0.289	0.333	0.383	0.304	0.355	0.295	0.280	0.281	0.389	1.958	0.550	0.371	0.175	-8972.526
826	8	500	498	0.5200	0.291	0.387	0.324	0.267	0.329	0.335	0.272	0.318	0.287	0.271	0.348	0.288	0.321	0.274	2.133	0.620	0.365	0.204	-9020.018
827	8	500	494	0.5134	0.280	0.284	0.365	0.340	0.350	0.272	0.348	0.301	0.330	0.310	0.305	0.281	0.291	0.296	1.960	0.534	0.312	0.203	-9131.312
828	8	500	492	0.5156	0.314	0.305	0.281	0.261	0.308	0.322	0.241	0.314	0.296	0.300	0.299	0.317	0.300	0.331	1.847	0.433	0.146	0.212	-8876.355
829	8	500	490	0.5312	0.345	0.234	0.286	0.296	0.226	0.291	0.298	0.282	0.304	0.377	0.228	0.258	0.255	0.275	1.983	0.558	0.264	0.201	-8719.031
830	8	500	488	0.4960	0.329	0.375	0.319	0.294	0.234	0.286	0.306	0.330	0.249	0.317	0.284	0.310	0.306	0.310	1.999	0.501	0.292	0.202	-8989.027
831	8	500	494	0.5250	0.353	0.283	0.281	0.304	0.303	0.271	0.276	0.368	0.330	0.299	0.316	0.258	0.328	0.303	2.150	0.550	0.243	0.185	-8855.054
832	8	500	494	0.5183	0.380	0.312	0.331	0.290	0.228	0.288	0.359	0.363	0.316	0.298	0.324	0.384	0.243	0.304	1.978	0.593	0.331	0.228	-9147.218
833	8	500	494	0.4950	0.300	0.326	0.331	0.277	0.284	0.336	0.320	0.301	0.357	0.306	0.290	0.237	0.323	0.292	2.232	0.610	0.326	0.212	-9008.544
834	8	500	493	0.5147	0.287	0.303	0.285	0.325	0.318	0.318	0.317	0.312	0.249	0.342	0.229	0.381	0.308	0.323	2.050	0.505	0.262	0.204	-9006.478
835	8	500	498	0.5241	0.350	0.276	0.352	0.299	0.347	0.342	0.292	0.357	0.332	0.312	0.348	0.304	0.306	0.343	1.991	0.565	0.243	0.225	-9315.581
836	8	500	493	0.5152	0.327	0.301	0.323	0.347	0.333	0.316	0.309	0.337	0.301	0.308	0.358	0.269	0.280	0.299	2.037	0.393	0.207	0.212	-9178.855
837	8	500	495	0.5107	0.405	0.324	0.318	0.260	0.359	0.316	0.291	0.258	0.260	0.301	0.342	0.265	0.359	0.362	2.235	0.628	0.372	0.208	-9122.050
838	8	500	491	0.5202	0.265	0.227	0.332	0.325	0.331	0.286	0.298	0.292	0.306	0.358	0.245	0.290	0.296	0.268	2.013	0.639	0.321	0.192	-8855.537
839	8	500	490	0.5157	0.207	0.299	0.249	0.316	0.285	0.265	0.249	0.285	0.255	0.263	0.278	0.228	0.285	0.260	2.107	0.633	0.209	0.213	-8437.635
840	8	500	488	0.4993	0.307	0.333	0.288	0.291	0.255	0.309	0.237	0.285	0.242	0.281	0.319	0.266	0.308	0.348	2.052	0.591	0.278	0.187	-8714.202
841	8	500	493	0.5135	0.292	0.253	0.289	0.274	0.268	0.271	0.300	0.309	0.212	0.327	0.342	0.364	0.249	0.297	1.983	0.440	0.184	0.191	-8733.187
842	8	500	497	0.5128	0.295	0.311	0.382	0.233	0.330	0.267	0.267	0.375	0.322	0.292	0.352	0.343	0.344	0.352	2.001	0.492	0.200	0.197	-9081.569
843	8	500	497	0.5220	0.286	0.279	0.252	0.274	0.294	0.334	0.275	0.347	0.352	0.329	0.283	0.363	0.292	0.349	2.005	0.438	0.219	0.241	-9087.638
844	8	500	498	0.5108	0.340	0.306	0.326	0.321	0.279	0.328	0.308	0.274	0.345	0.316	0.322	0.281	0.329	0.310	2.076	0.603	0.397	0.231	-9215.053
845	8	500	490	0.5246	0.240	0.278	0.267	0.285	0.227	0.242	0.319	0.301	0.310	0.247	0.251	0.234	0.272	0.345	1.884	0.500	0.325	0.205	-8693.744
846	8	500	493	0.5074	0.091	0.300	0.330	0.277	0.293	0.249	0.322	0.435	0.302	0.256	0.309	0.314	0.275	0.298	1.832	0.655	0.319	0.233	-8887.745
847	8	500	492	0.4993	0.232	0.258	0.218	0.303	0.349	0.285	0.306	0.267	0.232	0.314	0.271	0.374	0.389	0.244	2.105	0.526	0.249	0.202	-8739.934
848	8	500	493	0.5168	0.313	0.230	0.243	0.303	0.324	0.294	0.297	0.315	0.246	0.269	0.288	0.350	0.274	0.337	2.124	0.497	0.257	0.201	-8786.927
849	8	500	494	0.5193	0.305	0.276	0.277	0.335	0.270	0.314	0.354	0.274	0.344	0.263	0.281	0.308	0.256	0.320	2.236	0.571	0.225	0.212	-8838.277
850	8	500	497	0.5170	0.341	0.322	0.243	0.304	0.278	0.286	0.282	0.342	0.313	0.286	0.307	0.251	0.311	0.302	1.937	0.564	0.288	0.187	-8876.092
851	8	500	496	0.5109	0.250	0.284	0.250	0.289	0.282	0.320	0.323	0.277	0.340	0.292	0.294	0.282	0.295	0.280	1.979	0.654	0.236	0.222	-8851.134
852	8	500	494	0.5259	0.287	0.330	0.251	0.302	0.327	0.263	0.245	0.289	0.274	0.266	0.303	0.342	0.302	0.301	1.913	0.598	0.269	0.208	-8868.655
853	8	500	494	0.5066	0.294	0.308	0.255	0.269	0.281	0.293	0.300	0.252	0.264	0.312	0.247	0.287	0.277	0.285	2.365	0.585	0.415	0.191	-8662.817
854	8	500	493	0.5179	0.324	0.261	0.273	0.234	0.334	0.296	0.279	0.308	0.268	0.286	0.259	0.363	0.344	0.357	2.113	0.624	0.278	0.189	-8796.417
855	8	500	494	0.5263	0.315	0.273	0.345	0.264	0.325	0.285	0.287	0.338	0.267	0.337	0.335	0.255	0.328	0.316	1.759	0.572	0.210	0.219	-9075.595
856	8	500	490	0.5274	0.227	0.251	0.227	0.278	0.296	0.294	0.259	0.237	0.279	0.305	0.343	0.310	0.303	0.253	2.229	0.565	0.339	0.182	-8608.009
857	8	500	495	0.5190	0.276	0.250	0.295	0.277	0.342	0.313	0.324	0.321	0.286	0.330	0.358	0.263	0.308	0.290	1.914	0.508	0.244	0.184	-8966.993
858	8	500	489	0.5145	0.268	0.246	0.243	0.370	0.322	0.281	0.261	0.315	0.285	0.292	0.269	0.345	0.318	0.287	2.114	0.518	0.279	0.176	-8826.143
859	8	500	498	0.5076	0.267	0.281	0.315	0.278	0.293	0.322	0.260	0.287	0.341	0.278	0.294	0.242	0.313	0.368	1.976	0.580	0.232	0.228	-8904.130
860	8	500	485	0.5067	0.351	0.313	0.244	0.322	0.260	0.265	0.294	0.340	0.337	0.273	0.289	0.271	0.275	0.251	2.164	0.579	0.325	0.171	-8650.182
861	8	500	495	0.5125	0.252	0.317	0.283	0.333	0.305	0.302	0.283	0.292	0.297	0.270	0.269	0.272	0.275	0.355	2.119	0.447	0.231	0.193	-8831.300
862	8	500	490	0.5069	0.337	0.303	0.342	0.286	0.265	0.280	0.286	0.277	0.370	0.298	0.349	0.306	0.313	0.284	1.999	0.550	0.260	0.196	-8926.337
863	8	500	487	0.5228	0.284	0.272	0.279	0.282	0.342	0.252	0.329	0.308	0.288	0.252	0.341	0.332	0.281	0.314	1.836	0.503	0.195	0.184	-8801.318
864	8	500	489	0.5290	0.384	0.314	0.308	0.297	0.288	0.237	0.351	0.338	0.275	0.271	0.301	0.260	0.281	0.247	2.007	0.617	0.295	0.199	-8824.710
865	8	500	495	0.5271	0.264	0.313	0.286	0.237	0.245	0.258	0.254	0.332	0.316	0.321	0.235	0.332	0.263	0.287	1.987	0.569	0.219	0.179	-8548.673
866	8	500	491	0.5147	0.000	0.308	0.280	0.289	0.325	0.334	0.315	0.599	0.265	0.323	0.333	0.275	0.316	0.327	1.962	0.606	0.282	0.211	-9040.284
867	8	500	496	0.5058	0.276	0.265	0.325	0.321	0.330	0.275	0.284	0.310	0.403	0.350	0.330	0.325	0.309	0.296	1.918	0.412	0.281	0.201	-9177.503
868	8	500	497	0.5170	0.372	0.334	0.307	0.293	0.296	0.304	0.379	0.367	0.297	0.289	0.298	0.276	0.362	0.282	2.168	0.437	0.209	0.228	-9190.926
869	8	500	489	0.5035	0.254	0.243	0.304	0.286	0.277	0.312	0.289	0.243	0.321	0.284	0.277	0.303	0.353	0.237	1.945	0.462	0.244	0.174	-8733.919
870	8	500	493	0.5296	0.229	0.308	0.278	0.287	0.325	0.267	0.332	0.249	0.284	0.309	0.298	0.275	0.359	0.252	1.928	0.438	0.229	0.227	-8950.008
871	8	500	492	0.5237	0.311	0.340	0.250	0.318	0.295	0.347	0.350	0.316	0.290	0.318	0.282	0.340	0.318	0.332	1.815	0.338	0.204	0.189	-9234.962
872	8	500	494	0.5186	0.265	0.253	0.318	0.290	0.285	0.273	0.280	0.344	0.293	0.330	0.320	0.256	0.260	0.349	2.106	0.490	0.282	0.198	-8885.846
873	8	500	496	0.5236	0.339	0.358	0.331	0.278	0.259	0.325	0.247	0.319	0.299	0.329	0.306	0.353	0.334	0.282	1.985	0.474	0.302	0.179	-9094.394
874	8	500	491	0.5148	0.316	0.315	0.287	0.256	0.292	0.312	0.261	0.338	0.319	0.330	0.295	0.242	0.321	0.325	2.178	0.621	0.271	0.233	-8927.221
875	8	500	498	0.5235	0.269	0.358	0.326	0.224	0.307	0.269	0.291	0.296	0.319	0.293	0.267	0.331	0.297	0.323	1.906	0.550	0.248	0.199	-8931.176
876	8	500	495	0.5087	0.292	0.323	0.221	0.294	0.283	0.298	0.302	0.293	0.268	0.275	0.265	0.295	0.301	0.338	2.014	0.474	0.200	0.219	-8810.852
877	8	500	494	0.5284	0.278	0.289	0.303	0.245	0.245	0.307	0.369	0.347	0.306	0.263	0.266	0.326	0.316	0.304	2.066	0.654	0.318	0.204	-8892.310
878	8	500	493	0.5058	0.296	0.293	0.270	0.313	0.331	0.283	0.281	0.256	0.295	0.249	0.346	0.299	0.322	0.303	2.040	0.519	0.224	0.197	-8814.614
879	8	500	489	0.5135	0.269	0.286	0.297	0.268	0.371	0.281	0.295	0.308	0.323	0.281	0.249	0.334	0.297	0.307	2.172	0.494	0.333	0.188	-8854.770
880	8	500	493	0.5227	0.503	0.408	0.274	0.238	0.260	0.280	0.310	0.000	0.318	0.308	0.298	0.380	0.274	0.224	1.920	0.648	0.311	0.224	-8846.241
881	8	500	494	0.5176	0.255	0.355	0.285	0.277	0.207	0.293	0.321	0.269	0.272	0.309	0.262	0.336	0.265	0.318	1.953	0.666	0.245	0.200	-8686.790
882	8	500	493	0.5265	0.326	0.330	0.259	0.287	0.354	0.327	0.321	0.345	0.280	0.325	0.250	0.276	0.323	0.317	2.212	0.514	0.305	0.177	-8914.494
883	8	500	496	0.5166	0.305	0.270	0.298	0.311	0.336	0.325	0.288	0.283	0.366	0.353	0.284	0.228	0.295	0.341	2.102	0.489	0.221	0.195	-8965.731
884	8	500	492	0.5232	0.284	0.293	0.329	0.308	0.277	0.235	0.294	0.311	0.338	0.310	0.306	0.338	0.329	0.270	2.116	0.556	0.227	0.177	-8792.154
885	8	500	493	0.5034	0.282	0.333	0.255	0.350	0.299	0.340	0.285	0.304	0.329	0.292	0.287	0.287	0.294	0.377	1.884	0.468	0.344	0.199	-9154.759
886	8	500	496	0.5139	0.365	0.346	0.230	0.291	0.377	0.308	0.319	0.351	0.272	0.247	0.357	0.306	0.305	0.319	2.024	0.551	0.242	0.214	-8974.270
887	8	500	493	0.5162	0.285	0.306	0.330	0.315	0.314	0.299	0.283	0.290	0.285	0.239	0.346	0.228	0.287	0.341	1.927	0.687	0.313	0.227	-8894.150
888	8	500	498	0.5168	0.300	0.331	0.302	0.338	0.242	0.232	0.326	0.248	0.223	0.312	0.337	0.394	0.279	0.272	2.134	0.613	0.263	0.180	-8779.082
889	8	500	492	0.5164	0.348	0.302	0.243	0.309	0.299	0.234	0.321	0.272	0.255	0.271	0.268	0.323	0.252	0.266	1.802	0.704	0.296	0.200	-8672.012
890	8	500	491	0.5093	0.310	0.206	0.312	0.297	0.293	0.284	0.283	0.252	0.258	0.299	0.296	0.307	0.294	0.328	1.884	0.561	0.265	0.198	-8787.272
891	8	500	491	0.5111	0.302	0.272	0.273	0.315	0.276	0.333	0.280	0.320	0.248	0.263	0.315	0.320	0.294	0.343	2.050	0.565	0.237	0.213	-8864.512
892	8	500	492	0.5012	0.300	0.278	0.284	0.282	0.277	0.287	0.287	0.285	0.271	0.327	0.317	0.290	0.301	0.300	2.133	0.500	0.332	0.206	-8915.345
893	8	500	493	0.5158	0.307	0.280	0.233	0.284	0.268	0.286	0.312	0.270	0.338	0.301	0.350	0.343	0.255	0.287	2.088	0.475	0.219	0.202	-8787.629
894	8	500	490	0.4999	0.270	0.291	0.245	0.353	0.327	0.276	0.287	0.288	0.327	0.304	0.293	0.316	0.288	0.289	2.110	0.669	0.252	0.201	-8768.430
895	8	500	493	0.5102	0.108	0.355	0.279	0.223	0.265	0.282	0.329	0.433	0.288	0.316	0.259	0.323	0.314	0.316	1.862	0.627	0.305	0.196	-8810.935
896	8	500	494	0.5131	0.286	0.330	0.332	0.303	0.302	0.256	0.308	0.284	0.268	0.287	0.312	0.347	0.276	0.346	2.166	0.572	0.273	0.210	-8930.916
897	8	500	495	0.5029	0.274	0.244	0.306	0.325	0.297	0.263	0.305	0.295	0.299	0.282	0.365	0.360	0.277	0.305	1.858	0.607	0.297	0.185	-8937.136
898	8	500	492	0.5045	0.161	0.288	0.286	0.296	0.328	0.344	0.271	0.530	0.284	0.276	0.345	0.339	0.363	0.266	1.895	0.604	0.352	0.188	-9019.322
899	8	500	489	0.5173	0.292	0.315	0.313	0.358	0.282	0.306	0.315	0.338	0.309	0.290	0.263	0.298	0.283	0.296	2.233	0.599	0.315	0.197	-8919.271
900	8	500	492	0.5184	0.323	0.355	0.311	0.295	0.280	0.297	0.289	0.300	0.299	0.312	0.316	0.310	0.262	0.252	2.148	0.515	0.303	0.180	-8865.658
901	8	500	494	0.4982	0.275	0.310	0.291	0.344	0.313	0.328	0.290	0.313	0.361	0.271	0.274	0.304	0.356	0.309	2.103	0.539	0.266	0.206	-9026.260
902	8	500	494	0.5128	0.308	0.264	0.300	0.299	0.316	0.318	0.294	0.263	0.346	0.254	0.318	0.268	0.241	0.279	2.174	0.494	0.301	0.199	-8815.313
903	8	500	494	0.5018	0.304	0.283	0.220	0.352	0.298	0.288	0.273	0.273	0.295	0.263	0.327	0.318	0.359	0.310	1.895	0.550	0.311	0.182	-8868.978
904	8	500	493	0.5122	0.329	0.298	0.277	0.296	0.291	0.292	0.271	0.295	0.355	0.220	0.315	0.347	0.279	0.319	2.024	0.576	0.326	0.208	-8918.230
905	8	500	492	0.5113	0.292	0.262	0.297	0.315	0.283	0.313	0.258	0.317	0.308	0.294	0.335	0.324	0.343	0.244	1.942	0.499	0.263	0.196	-8948.276
906	8	500	492	0.5046	0.264	0.260	0.318	0.295	0.310	0.299	0.312	0.330	0.247	0.281	0.275	0.311	0.298	0.310	2.055	0.612	0.270	0.195	-8743.235
907	8	500	493	0.5177	0.269	0.316	0.294	0.260	0.348	0.298	0.307	0.275	0.335	0.355	0.308	0.279	0.266	0.295	2.098	0.523	0.201	0.212	-8898.800
908	8	500	494	0.5096	0.312	0.264	0.321	0.332	0.332	0.238	0.328	0.298	0.307	0.296	0.245	0.284	0.299	0.323	2.064	0.547	0.307	0.188	-8882.702
909	8	500	488	0.5097	0.274	0.296	0.262	0.256	0.277	0.307	0.291	0.317	0.331	0.281	0.325	0.245	0.243	0.325	1.975	0.602	0.241	0.223	-8780.402
910	8	500	491	0.5141	0.307	0.371	0.232	0.339	0.236	0.248	0.284	0.329	0.340	0.266	0.295	0.312	0.274	0.288	1.754	0.374	0.191	0.170	-8771.186
911	8	500	496	0.5001	0.257	0.268	0.290	0.292	0.350	0.246	0.279	0.311	0.297	0.279	0.326	0.315	0.268	0.280	1.764	0.671	0.272	0.213	-8807.463
912	8	500	496	0.5296	0.358	0.225	0.224	0.406	0.407	0.294	0.298	0.339	0.301	0.317	0.256	0.335	0.345	0.264	1.939	0.531	0.263	0.215	-9085.033
913	8	500	490	0.5036	0.335	0.302	0.295	0.232	0.306	0.339	0.315	0.304	0.320	0.235	0.353	0.265	0.301	0.280	1.947	0.547	0.252	0.191	-8827.630
914	8	500	488	0.5109	0.274	0.277	0.253	0.319	0.353	0.329	0.250	0.266	0.309	0.303	0.309	0.307	0.255	0.282	1.962	0.584	0.255	0.200	-8791.917
915	8	500	498	0.5244	0.270	0.309	0.289	0.301	0.257	0.255	0.338	0.316	0.314	0.294	0.288	0.333	0.235	0.255	1.952	0.540	0.232	0.247	-8884.829
916	8	500	495	0.5355	0.282	0.385	0.236	0.274	0.313	0.316	0.285	0.323	0.322	0.266	0.328	0.295	0.248	0.327	2.204	0.492	0.230	0.188	-8825.801
917	8	500	491	0.5131	0.327	0.274	0.233	0.292	0.269	0.339	0.267	0.364	0.311	0.298	0.287	0.326	0.286	0.291	1.823	0.547	0.232	0.186	-8766.301
918	8	500	491	0.5110	0.343	0.336	0.341	0.342	0.301	0.334	0.345	0.250	0.254	0.308	0.331	0.271	0.236	0.400	1.946	0.565	0.291	0.190	-9095.199
919	8	500	492	0.4996	0.265	0.258	0.319	0.321	0.310	0.289	0.358	0.336	0.295	0.261	0.291	0.243	0.265	0.346	1.878	0.504	0.260	0.210	-8970.071
920	8	500	493	0.5061	0.336	0.275	0.270	0.320	0.298	0.279	0.294	0.278	0.246	0.271	0.368	0.363	0.314	0.305	2.006	0.515	0.268	0.179	-8882.061
921	8	500	497	0.5065	0.610	0.361	0.345	0.324	0.259	0.274	0.304	0.000	0.314	0.364	0.303	0.288	0.314	0.253	1.927	0.665	0.335	0.181	-9010.117
922	8	500	492	0.5286	0.253	0.266	0.263	0.257	0.248	0.326	0.280	0.306	0.378	0.283	0.282	0.239	0.265	0.346	2.127	0.529	0.217	0.180	-8630.135
923	8	500	483	0.5022	0.313	0.332	0.338	0.300	0.266	0.327	0.323	0.269	0.309	0.326	0.266	0.249	0.368	0.267	1.936	0.566	0.327	0.175	-8959.968
924	8	500	491	0.5163	0.346	0.258	0.259	0.412	0.356	0.233	0.292	0.297	0.226	0.348	0.275	0.319	0.327	0.366	1.913	0.573	0.356	0.188	-9087.900
925	8	500	499	0.5070	0.284	0.361	0.223	0.318	0.226	0.302	0.289	0.290	0.301	0.310	0.241	0.383	0.279	0.264	2.094	0.563	0.241	0.215	-8732.838
926	8	500	496	0.5123	0.318	0.332	0.277	0.328	0.326	0.344	0.291	0.283	0.293	0.315	0.356	0.338	0.313	0.290	2.054	0.408	0.272	0.215	-9178.564
927	8	500	495	0.5062	0.368	0.246	0.295	0.316	0.275	0.300	0.263	0.349	0.353	0.268	0.320	0.252	0.277	0.301	1.890	0.668	0.256	0.206	-8836.258
928	8	500	489	0.5026	0.249	0.298	0.276	0.332	0.302	0.281	0.322	0.282	0.271	0.296	0.275	0.330	0.289	0.338	1.864	0.581	0.254	0.200	-8872.754
929	8	500	494	0.5198	0.331	0.326	0.269	0.344	0.264	0.302	0.252	0.316	0.280	0.238	0.295	0.338	0.279	0.350	1.825	0.537	0.204	0.187	-8831.675
930	8	500	498	0.5254	0.356	0.281	0.395	0.242	0.266	0.347	0.314	0.276	0.253	0.307	0.272	0.359	0.300	0.298	2.147	0.608	0.298	0.221	-9028.291
931	8	500	494	0.4948	0.321	0.291	0.313	0.302	0.316	0.303	0.257	0.296	0.309	0.299	0.304	0.305	0.327	0.320	1.993	0.607	0.321	0.173	-8869.495
932	8	500	495	0.5087	0.306	0.245	0.327	0.297	0.325	0.319	0.313	0.320	0.284	0.307	0.301	0.337	0.274	0.322	2.139	0.602	0.356	0.187	-8959.577
933	8	500	492	0.5108	0.294	0.237	0.323	0.321	0.348	0.325	0.271	0.322	0.311	0.313	0.289	0.296	0.293	0.334	2.015	0.515	0.296	0.185	-9004.173
934	8	500	493	0.5188	0.334	0.269	0.383	0.336	0.285	0.293	0.326	0.332	0.324	0.314	0.357	0.276	0.337	0.369	1.956	0.550	0.362	0.186	-9287.173
935	8	500	493	0.5117	0.344	0.299	0.276	0.303	0.265	0.316	0.367	0.348	0.296	0.305	0.376	0.253	0.271	0.305	1.948	0.575	0.307	0.211	-9075.999
936	8	500	496	0.5227	0.242	0.401	0.312	0.355	0.315	0.350	0.320	0.268	0.357	0.277	0.286	0.283	0.356	0.270	2.117	0.473	0.276	0.186	-9121.336
937	8	500	498	0.5066	0.341	0.342	0.257	0.315	0.269	0.319	0.216	0.269	0.339	0.288	0.290	0.346	0.312	0.305	1.986	0.483	0.248	0.188	-8893.805
938	8	500	497	0.4972	0.321	0.285	0.305	0.330	0.324	0.311	0.288	0.248	0.247	0.316	0.327	0.310	0.335	0.274	2.242	0.532	0.244	0.222	-8952.070
939	8	500	499	0.5108	0.239	0.332	0.337	0.314	0.259	0.288	0.322	0.308	0.372	0.353	0.282	0.303	0.274	0.262	2.081	0.532	0.279	0.188	-8948.497
940	8	500	495	0.5148	0.329	0.218	0.278	0.255	0.289	0.293	0.329	0.337	0.278	0.312	0.339	0.244	0.286	0.255	2.066	0.550	0.267	0.190	-8713.451
941	8	500	491	0.4873	0.284	0.329	0.243	0.307	0.256	0.323	0.245	0.279	0.347	0.274	0.249	0.308	0.265	0.297	1.883	0.572	0.243	0.219	-8732.622
942	8	500	497	0.5040	0.305	0.292	0.311	0.363	0.311	0.328	0.363	0.314	0.352	0.278	0.324	0.317	0.391	0.313	1.890	0.562	0.329	0.202	-9310.896
943	8	500	493	0.5080	0.336	0.300	0.244	0.283	0.376	0.265	0.291	0.270	0.262	0.302	0.339	0.337	0.243	0.308	1.941	0.538	0.292	0.197	-8883.278
944	8	500	497	0.5032	0.343	0.293	0.351	0.299	0.301	0.323	0.352	0.303	0.272	0.256	0.258	0.261	0.284	0.305	1.790	0.506	0.250	0.175	-8895.741
945	8	500	491	0.5171	0.261	0.365	0.278	0.265	0.290	0.304	0.287	0.274	0.334	0.349	0.346	0.332	0.269	0.270	1.930	0.470	0.265	0.209	-9043.428
946	8	500	498	0.5208	0.307	0.314	0.323	0.319	0.333	0.278	0.270	0.302	0.354	0.295	0.262	0.286	0.321	0.307	2.135	0.375	0.167	0.187	-8926.944
947	8	500	495	0.5102	0.298	0.388	0.285	0.299	0.287	0.333	0.265	0.297	0.341	0.312	0.313	0.351	0.289	0.265	2.122	0.527	0.364	0.189	-9036.930
948	8	500	488	0.5018	0.293	0.240	0.270	0.275	0.276	0.325	0.262	0.345	0.268	0.248	0.289	0.257	0.306	0.301	1.910	0.567	0.196	0.182	-8505.012
949	8	500	497	0.4998	0.281	0.289	0.310	0.271	0.359	0.303	0.300	0.294	0.283	0.286	0.273	0.326	0.291	0.336	2.107	0.592	0.337	0.209	-8911.139
950	8	500	489	0.5054	0.286	0.301	0.287	0.283	0.310	0.320	0.274	0.321	0.289	0.349	0.324	0.286	0.284	0.298	2.073	0.336	0.185	0.191	-8876.041
951	8	500	490	0.5113	0.323	0.297	0.253	0.286	0.255	0.312	0.330	0.263	0.299	0.324	0.304	0.273	0.303	0.257	2.064	0.535	0.336	0.180	-8796.908
952	8	500	492	0.5069	0.269	0.284	0.238	0.266	0.307	0.287	0.267	0.249	0.333	0.247	0.360	0.229	0.306	0.300	1.909	0.597	0.225	0.228	-8722.724
953	8	500	496	0.5318	0.275	0.274	0.299	0.345	0.330	0.276	0.331	0.320	0.327	0.294	0.278	0.273	0.303	0.285	2.092	0.614	0.356	0.206	-8975.810
954	8	500	496	0.5142	0.323	0.321	0.282	0.330	0.259	0.366	0.283	0.288	0.350	0.338	0.335	0.257	0.340	0.314	1.952	0.516	0.191	0.188	-9015.692
955	8	500	493	0.5029	0.296	0.243	0.294	0.284	0.331	0.256	0.288	0.340	0.250	0.255	0.297	0.288	0.288	0.268	1.910	0.605	0.255	0.199	-8615.781
956	8	500	489	0.5176	0.313	0.366	0.281	0.240	0.276	0.295	0.270	0.255	0.306	0.337	0.339	0.353	0.293	0.324	1.994	0.600	0.354	0.181	-8934.244
957	8	500	489	0.5149	0.272	0.259	0.295	0.315	0.303	0.334	0.230	0.357	0.312	0.266	0.253	0.268	0.250	0.369	2.034	0.647	0.282	0.178	-8629.479
958	8	500	491	0.5102	0.326	0.311	0.362	0.331	0.278	0.293	0.316	0.280	0.265	0.298	0.303	0.308	0.317	0.292	2.020	0.491	0.297	0.209	-9085.702
959	8	500	492	0.5196	0.259	0.277	0.291	0.307	0.285	0.277	0.296	0.293	0.309	0.301	0.317	0.315	0.354	0.322	2.366	0.494	0.325	0.202	-8993.457
960	8	500	491	0.5152	0.312	0.329	0.276	0.338	0.323	0.281	0.287	0.382	0.251	0.327	0.305	0.281	0.287	0.322	2.074	0.625	0.279	0.228	-9017.995
961	8	500	490	0.5166	0.301	0.341	0.276	0.275	0.304	0.300	0.292	0.297	0.365	0.302	0.229	0.202	0.245	0.293	1.944	0.620	0.261	0.165	-8584.129
962	8	500	494	0.5183	0.317	0.280	0.325	0.235	0.289	0.285	0.314	0.298	0.260	0.246	0.327	0.318	0.287	0.299	1.791	0.542	0.246	0.193	-8832.200
963	8	500	492	0.5174	0.308	0.314	0.288	0.306	0.275	0.352	0.224	0.330	0.338	0.328	0.312	0.341	0.282	0.289	1.957	0.573	0.275	0.184	-8905.882
964	8	500	490	0.5100	0.319	0.301	0.273	0.327	0.302	0.322	0.315	0.279	0.291	0.289	0.315	0.261	0.354	0.297	1.958	0.488	0.205	0.222	-9024.848
965	8	500	489	0.5045	0.364	0.327	0.352	0.285	0.302	0.309	0.271	0.321	0.285	0.281	0.285	0.369	0.317	0.287	1.867	0.640	0.286	0.187	-8923.737
966	8	500	489	0.5102	0.301	0.237	0.319	0.300	0.316	0.329	0.305	0.358	0.274	0.282	0.337	0.260	0.346	0.299	1.913	0.614	0.282	0.178	-8912.581
967	8	500	496	0.5153	0.247	0.302	0.308	0.291	0.272	0.300	0.292	0.262	0.232	0.303	0.317	0.372	0.262	0.267	2.079	0.690	0.270	0.235	-8829.081
968	8	500	496	0.5107	0.335	0.279	0.325	0.274	0.254	0.272	0.379	0.283	0.236	0.268	0.287	0.276	0.305	0.336	2.000	0.603	0.276	0.215	-8840.237
969	8	500	490	0.5080	0.296	0.245	0.331	0.274	0.336	0.287	0.256	0.279	0.351	0.307	0.305	0.257	0.276	0.272	1.790	0.644	0.282	0.202	-8789.334
970	8	500	494	0.5374	0.305	0.308	0.277	0.269	0.257	0.331	0.268	0.267	0.253	0.272	0.290	0.297	0.283	0.282	1.915	0.484	0.234	0.186	-8682.366
971	8	500	494	0.5133	0.313	0.192	0.235	0.293	0.312	0.254	0.326	0.275	0.244	0.348	0.238	0.357	0.320	0.322	1.789	0.495	0.185	0.210	-8768.825
972	8	500	496	0.5231	0.289	0.346	0.292	0.355	0.296	0.370	0.304	0.358	0.343	0.256	0.251	0.361	0.370	0.308	1.843	0.641	0.357	0.207	-9252.187
973	8	500	490	0.5177	0.291	0.331	0.253	0.227	0.330	0.281	0.358	0.241	0.312	0.283	0.341	0.258	0.363	0.294	2.156	0.511	0.281	0.187	-8874.501
974	8	500	493	0.4988	0.281	0.291	0.304	0.334	0.301	0.281	0.310	0.296	0.342	0.239	0.301	0.301	0.307	0.315	1.971	0.567	0.285	0.186	-8906.521
975	8	500	495	0.5006	0.291	0.302	0.239	0.320	0.334	0.331	0.314	0.289	0.298	0.300	0.333	0.311	0.313	0.243	2.240	0.564	0.228	0.213	-8869.381
976	8	500	489	0.5073	0.321	0.302	0.218	0.318	0.300	0.277	0.254	0.266	0.306	0.237	0.305	0.244	0.345	0.280	2.130	0.353	0.156	0.219	-8705.803
977	8	500	493	0.4858	0.000	0.254	0.327	0.291	0.285	0.248	0.266	0.547	0.299	0.251	0.285	0.327	0.311	0.330	2.033	0.709	0.262	0.215	-8709.351
978	8	500	495	0.5188	0.284	0.354	0.333	0.293	0.261	0.327	0.276	0.232	0.300	0.330	0.338	0.317	0.348	0.254	1.897	0.656	0.344	0.215	-9061.783
979	8	500	492	0.5098	0.311	0.279	0.225	0.306	0.429	0.303	0.287	0.281	0.341	0.255	0.332	0.272	0.316	0.237	1.919	0.645	0.303	0.196	-8851.828
980	8	500	494	0.5041	0.277	0.270	0.225	0.336	0.321	0.270	0.314	0.337	0.227	0.327	0.300	0.340	0.246	0.326	1.985	0.563	0.301	0.186	-8855.171
981	8	500	490	0.5137	0.271	0.265	0.210	0.309	0.265	0.249	0.266	0.332	0.268	0.293	0.305	0.258	0.314	0.251	1.977	0.653	0.255	0.214	-8548.264
982	8	500	494	0.5176	0.327	0.317	0.313	0.324	0.298	0.284	0.240	0.328	0.330	0.366	0.335	0.234	0.287	0.292	1.773	0.540	0.325	0.180	-8989.874
983	8	500	496	0.4932	0.271	0.272	0.309	0.271	0.354	0.300	0.248	0.271	0.296	0.292	0.296	0.251	0.271	0.311	1.772	0.504	0.195	0.200	-8693.114
984	8	500	490	0.4988	0.282	0.324	0.251	0.277	0.232	0.268	0.320	0.326	0.279	0.250	0.316	0.242	0.284	0.326	2.022	0.353	0.168	0.201	-8647.053
985	8	500	493	0.5257	0.313	0.300	0.275	0.349	0.309	0.305	0.253	0.279	0.272	0.283	0.296	0.348	0.310	0.262	2.048	0.507	0.224	0.198	-8847.227
986	8	500	495	0.5023	0.311	0.294	0.302	0.287	0.355	0.300	0.349	0.322	0.289	0.332	0.271	0.305	0.342	0.295	2.120	0.588	0.340	0.186	-8998.661
987	8	500	492	0.5207	0.222	0.247	0.261	0.338	0.359	0.322	0.296	0.283	0.325	0.275	0.295	0.337	0.333	0.218	1.868	0.619	0.297	0.180	-8861.837
988	8	500	491	0.5030	0.276	0.261	0.305	0.307	0.269	0.337	0.275	0.289	0.293	0.273	0.275	0.299	0.340	0.279	1.908	0.723	0.277	0.207	-8771.487
989	8	500	497	0.5136	0.326	0.341	0.280	0.245	0.376	0.280	0.329	0.365	0.289	0.270	0.352	0.334	0.401	0.308	1.749	0.521	0.305	0.209	-9208.446
990	8	500	494	0.5183	0.247	0.273	0.284	0.305	0.305	0.288	0.332	0.248	0.286	0.307	0.268	0.268	0.302	0.320	1.933	0.630	0.300	0.188	-8808.380
991	8	500	495	0.5198	0.309	0.268	0.267	0.262	0.310	0.341	0.258	0.227	0.323	0.255	0.277	0.336	0.330	0.321	2.016	0.613	0.280	0.209	-8836.179
992	8	500	495	0.5162	0.311	0.273	0.272	0.282	0.310	0.277	0.288	0.225	0.273	0.299	0.251	0.314	0.256	0.267	2.165	0.548	0.287	0.183	-8614.573
993	8	500	493	0.5152	0.285	0.266	0.312	0.284	0.323	0.282	0.276	0.297	0.318	0.285	0.307	0.283	0.269	0.322	2.075	0.503	0.285	0.163	-8780.383
994	8	500	497	0.5273	0.219	0.343	0.258	0.297	0.360	0.302	0.321	0.291	0.362	0.270	0.285	0.192	0.271	0.305	1.840	0.647	0.353	0.217	-8947.326
995	8	500	494	0.5237	0.002	0.247	0.294	0.242	0.341	0.329	0.308	0.665	0.320	0.285	0.301	0.317	0.231	0.335	1.846	0.632	0.337	0.235	-8999.917
996	8	500	491	0.5196	0.322	0.311	0.302	0.233	0.304	0.334	0.287	0.288	0.265	0.336	0.280	0.298	0.318	0.249	1.915	0.570	0.276	0.214	-8897.708
997	8	500	497	0.5061	0.285	0.320	0.383	0.285	0.304	0.281	0.256	0.226	0.324	0.322	0.279	0.224	0.289	0.314	1.915	0.607	0.263	0.205	-8843.757
998	8	500	487	0.5031	0.290	0.268	0.337	0.218	0.331	0.266	0.292	0.275	0.280	0.320	0.248	0.301	0.316	0.267	2.188	0.555	0.264	0.187	-8638.137
999	8	500	494	0.5033	0.368	0.228	0.230	0.343	0.283	0.374	0.369	0.342	0.321	0.324	0.259	0.277	0.290	0.245	2.131	0.441	0.230	0.193	-8935.125
1000	8	500	493	0.5283	0.286	0.300	0.284	0.299	0.350	0.263	0.280	0.295	0.282	0.323	0.285	0.285	0.363	0.283	1.840	0.550	0.284	0.197	-8953.627
