"","x"
"1",-17737.793
"2",-17912.069
"3",-17834.847
"4",-17552.063
"5",-17679.773
"6",-17808.201
"7",-17448.481
"8",-18071.059
"9",-17922.934
"10",-17456.58
"11",-17979.317
"12",-17846.228
"13",-18025.033
"14",-18152.7
"15",-17817.081
"16",-17854.968
"17",-18122.266
"18",-18100.232
"19",-18361.591
"20",-17933.689
"21",-18119.151
"22",-17556.381
"23",-17458.932
"24",-17927.715
"25",-17662.079
"26",-18043.999
"27",-17837.594
"28",-17890.717
"29",-17646.343
"30",-17778.053
"31",-18162.938
"32",-18018.97
"33",-17653.735
"34",-17821.677
"35",-17861.006
"36",-18117.736
"37",-17774.199
"38",-17983.901
"39",-18275.034
"40",-17905.765
"41",-17949.791
"42",-17925.707
"43",-17912.241
"44",-17705.078
"45",-17981.439
"46",-18080.931
"47",-17821.618
"48",-17875.389
"49",-18156.777
"50",-17784.584
"51",-17943.859
"52",-17995.634
"53",-18012.181
"54",-18127.821
"55",-17810.682
"56",-18099.771
"57",-18098.62
"58",-18012.756
"59",-18147.58
"60",-17705.157
"61",-18128.106
"62",-18015.195
"63",-17839.901
"64",-17998.612
"65",-18202.503
"66",-18306.386
"67",-18196.439
"68",-17714.554
"69",-18138.461
"70",-17689.331
"71",-17971.658
"72",-18081.257
"73",-18201.264
"74",-17959.43
"75",-17859.094
"76",-17624.288
"77",-18448.639
"78",-17845.087
"79",-18085.839
"80",-17684.867
"81",-17905.095
"82",-17634.501
"83",-17634.105
"84",-17722.675
"85",-18066.654
"86",-17751.417
"87",-17775.589
"88",-17925.843
"89",-17841.114
"90",-17947.325
"91",-17689.975
"92",-17697.693
"93",-17654.838
"94",-17966.159
"95",-17873.287
"96",-17936.392
"97",-17782.698
"98",-17725.807
"99",-17545.842
"100",-17922.899
"101",-17982.329
"102",-17783.45
"103",-18038.708
"104",-17495.517
"105",-17742.141
"106",-17868.309
"107",-17977.901
"108",-17810.654
"109",-17633.134
"110",-18088.482
"111",-17867.709
"112",-17877.226
"113",-17998.266
"114",-17697.661
"115",-17667.938
"116",-17931.545
"117",-17627.504
"118",-17816.807
"119",-18060.693
"120",-18155.784
"121",-17720.997
"122",-18391.01
"123",-17681.566
"124",-18011.957
"125",-17756.794
"126",-17363.01
"127",-17631.639
"128",-17973.268
"129",-17814.429
"130",-17985.665
"131",-17598.668
"132",-17624.491
"133",-17595.87
"134",-17909.182
"135",-17528.647
"136",-17891.281
"137",-17768.203
"138",-17770.975
"139",-17482.568
"140",-17760.681
"141",-17562.394
"142",-17692.75
"143",-17763.92
"144",-17903.844
"145",-17650.982
"146",-17939.506
"147",-18141.409
"148",-17931.587
"149",-17838.6
"150",-17821.687
"151",-17659.926
"152",-17621.349
"153",-17589.73
"154",-17704.58
"155",-17694.425
"156",-17811.337
"157",-17806.898
"158",-18017.484
"159",-17885.238
"160",-17854.665
"161",-17771.912
"162",-17991.522
"163",-17775.957
"164",-17881.412
"165",-17707.953
"166",-17829.773
"167",-17509.084
"168",-17698.143
"169",-17796.46
"170",-17916.294
"171",-17808.751
"172",-18020.595
"173",-18102.206
"174",-17460.427
"175",-17884.064
"176",-17958.226
"177",-18010.877
"178",-17890.444
"179",-17933.31
"180",-17784.785
"181",-17404.39
"182",-17749.106
"183",-17912.185
"184",-17498.398
"185",-17752.893
"186",-17763.545
"187",-17906.338
"188",-18096.316
"189",-18084.201
"190",-17881.042
"191",-17976.247
"192",-18069.289
"193",-18053.119
"194",-17652.448
"195",-17985.804
"196",-17746.201
"197",-17875.242
"198",-17810.419
"199",-17878.78
"200",-18051.447
"201",-18021.003
"202",-17765.013
"203",-18021.664
"204",-17926.513
"205",-17822.155
"206",-17634.986
"207",-17832.932
"208",-17781.547
"209",-17859.562
"210",-17931.861
"211",-17789.616
"212",-18042.25
"213",-17612.079
"214",-18040.126
"215",-17919.223
"216",-17751.999
"217",-17728.267
"218",-17810.08
"219",-17548.672
"220",-18088.153
"221",-18159.13
"222",-17735.491
"223",-17938.813
"224",-18090.556
"225",-17825.049
"226",-18120.573
"227",-18017.505
"228",-17918.83
"229",-18058.439
"230",-17932.212
"231",-17978.968
"232",-18108.602
"233",-17916.851
"234",-18150.818
"235",-17271.832
"236",-18007.799
"237",-17944.49
"238",-17715.856
"239",-17894.716
"240",-17646.108
"241",-17546.365
"242",-17700.915
"243",-17944.179
"244",-17897.316
"245",-17855.392
"246",-18065.885
"247",-17692.096
"248",-17696.114
"249",-17742.103
"250",-18054.579
"251",-17849.321
"252",-17987.208
"253",-17899.802
"254",-17500.223
"255",-17978.108
"256",-17928.852
"257",-17979.794
"258",-17911.802
"259",-17579.243
"260",-17988.936
"261",-18006.192
"262",-17926.48
"263",-17819.566
"264",-17828.834
"265",-17659.974
"266",-17632.478
"267",-18184.293
"268",-17731.991
"269",-17459.415
"270",-17982.627
"271",-17896.11
"272",-17835.046
"273",-18325.614
"274",-17857.877
"275",-17900.81
"276",-17709.176
"277",-18230.319
"278",-17854.044
"279",-17735.87
"280",-17749.194
"281",-17583.845
"282",-17584.439
"283",-17791.479
"284",-17971.977
"285",-17755.47
"286",-18132.127
"287",-17795.856
"288",-17801.253
"289",-17659.093
"290",-18298.39
"291",-17454.611
"292",-18179.129
"293",-17517.86
"294",-17732.285
"295",-17722.281
"296",-18102.323
"297",-17675.166
"298",-18251.148
"299",-17832.068
"300",-18077.256
"301",-17547.126
"302",-17896.047
"303",-17736.473
"304",-18012.274
"305",-18352.392
"306",-17997.702
"307",-17828.065
"308",-17781.757
"309",-17732.893
"310",-17923.413
"311",-18329.406
"312",-18101.275
"313",-17893.74
"314",-17677.758
"315",-17944.069
"316",-17974.051
"317",-17527.972
"318",-17925.803
"319",-17688.508
"320",-17585.629
"321",-17988.963
"322",-17724.673
"323",-17939.647
"324",-18100.764
"325",-17574.631
"326",-17964.232
"327",-18005.794
"328",-17967.654
"329",-17628.628
"330",-18017.523
"331",-18154.156
"332",-18131.522
"333",-17898.153
"334",-17809.896
"335",-17683.85
"336",-17706.567
"337",-17993.603
"338",-17421.589
"339",-17663.493
"340",-18364.339
"341",-17685.915
"342",-17942.07
"343",-17950.209
"344",-18022.676
"345",-17798.022
"346",-17789.252
"347",-17610.255
"348",-18070.67
"349",-18005.632
"350",-17716.208
"351",-17752.854
"352",-17525.853
"353",-17386.65
"354",-18068.9
"355",-18174.678
"356",-18027.692
"357",-17888.868
"358",-17981.933
"359",-17898.232
"360",-17873.17
"361",-17895.083
"362",-17782.075
"363",-17969.266
"364",-17764.722
"365",-17896.428
"366",-17603.112
"367",-17842.995
"368",-17683.767
"369",-17800.535
"370",-17727.854
"371",-17980.95
"372",-17602.613
"373",-17961.579
"374",-17960.178
"375",-17876.864
"376",-17789.789
"377",-17834.739
"378",-17883.453
"379",-17868.04
"380",-17530.436
"381",-17718.735
"382",-17885.498
"383",-18115.345
"384",-18170.502
"385",-17790.177
"386",-18020.686
"387",-17572.466
"388",-18467.311
"389",-17903.791
"390",-18058.593
"391",-17595.319
"392",-17777.687
"393",-17527.248
"394",-17780.836
"395",-18087.129
"396",-17974.724
"397",-17648.035
"398",-17996.908
"399",-18065.826
"400",-17696.338
"401",-18241.638
"402",-18009.408
"403",-17722.945
"404",-18008.886
"405",-17989.095
"406",-17592.511
"407",-17630.892
"408",-17988.04
"409",-17807.08
"410",-18090.934
"411",-17910.231
"412",-17930.533
"413",-17738.187
"414",-17764.65
"415",-18029.466
"416",-18093.536
"417",-18056.042
"418",-17683.761
"419",-17654.177
"420",-18061.929
"421",-17771.722
"422",-17606.505
"423",-17700.606
"424",-17585.59
"425",-17726.728
"426",-17875.3
"427",-17831.611
"428",-18123.884
"429",-17920.982
"430",-17780.563
"431",-17848.471
"432",-17975.639
"433",-17795.274
"434",-17806.06
"435",-17906.621
"436",-17861.141
"437",-17696.287
"438",-17582.746
"439",-17636.584
"440",-18072.357
"441",-17970.56
"442",-17843.84
"443",-17998.249
"444",-18028.96
"445",-18189.278
"446",-17943.767
"447",-17572.382
"448",-17906.017
"449",-17910.449
"450",-17389.769
"451",-17456.752
"452",-17904.27
"453",-18119.9
"454",-17843.336
"455",-17899.023
"456",-17370.317
"457",-18079.728
"458",-18028.715
"459",-18012.852
"460",-17757.504
"461",-17800.108
"462",-17645.011
"463",-17852.792
"464",-17982.838
"465",-17684.504
"466",-17877.368
"467",-17743.117
"468",-17642.564
"469",-18153.553
"470",-17524.451
"471",-17741.416
"472",-17820.595
"473",-18049.797
"474",-17894.267
"475",-18042.32
"476",-17906.157
"477",-18130.673
"478",-17747.669
"479",-17696.18
"480",-17715.517
"481",-18041.473
"482",-17871.018
"483",-17913.17
"484",-17937.681
"485",-17299.491
"486",-17946.171
"487",-17802.13
"488",-18138.202
"489",-17570.195
"490",-17869.767
"491",-17819.971
"492",-17702.042
"493",-17861.242
"494",-18052.113
"495",-18036.217
"496",-17858.116
"497",-18091.52
"498",-17630.457
"499",-17942.172
"500",-17677.763
"501",-17868.137
"502",-17984.209
"503",-17866.216
"504",-18133.571
"505",-17719.717
"506",-17673.079
"507",-17772.645
"508",-17991.268
"509",-18267.991
"510",-17782.85
"511",-17955.322
"512",-18028.991
"513",-18111.408
"514",-17909.155
"515",-17887.91
"516",-18221.844
"517",-17598.487
"518",-17623.536
"519",-17559.641
"520",-17979.699
"521",-17797.381
"522",-17908.554
"523",-17959.685
"524",-17992.63
"525",-17903.27
"526",-18249.001
"527",-17621.397
"528",-17731.506
"529",-17975.567
"530",-17926.979
"531",-17557.364
"532",-17877.769
"533",-17520.17
"534",-18027.408
"535",-17839.55
"536",-18152.603
"537",-17937.418
"538",-17845.493
"539",-17806.527
"540",-18050.557
"541",-17529.401
"542",-17686.481
"543",-17539.597
"544",-18102.9
"545",-17527.629
"546",-17733.717
"547",-17804.661
"548",-17840.47
"549",-17924.725
"550",-17941.825
"551",-17592.391
"552",-17661.117
"553",-17696.477
"554",-17575.238
"555",-17887.356
"556",-17806.723
"557",-17917.518
"558",-17612.342
"559",-17897.771
"560",-17621.276
"561",-17716.882
"562",-17993.478
"563",-18241.014
"564",-17608.71
"565",-17907.704
"566",-17887.735
"567",-17777.655
"568",-17813.324
"569",-17615.246
"570",-17649.363
"571",-18141.528
"572",-17735.328
"573",-17847.589
"574",-18038.715
"575",-18256.209
"576",-17431.632
"577",-17872.657
"578",-18228.179
"579",-18069.566
"580",-17613.201
"581",-17786.173
"582",-18045.377
"583",-17930.796
"584",-17805.69
"585",-17920.144
"586",-18022.288
"587",-18031.656
"588",-17680.462
"589",-17840.733
"590",-18007.164
"591",-17692.704
"592",-17865.061
"593",-17763.817
"594",-18087.91
"595",-17208.452
"596",-17925.01
"597",-17836.939
"598",-17823.909
"599",-17843.171
"600",-17669.752
"601",-17751.251
"602",-17582.837
"603",-17862.963
"604",-18240.852
"605",-18167.474
"606",-17730.137
"607",-18021.224
"608",-17722.345
"609",-18378.999
"610",-18043.734
"611",-17792.185
"612",-17540.328
"613",-17699.633
"614",-17801.729
"615",-17810.742
"616",-17657.453
"617",-18072.428
"618",-17726.113
"619",-17528.251
"620",-17784.724
"621",-17577.311
"622",-17884.235
"623",-18032.875
"624",-17891.078
"625",-18155.951
"626",-17956.897
"627",-17860.576
"628",-17739.788
"629",-17814.436
"630",-17700.504
"631",-17699.851
"632",-18060.628
"633",-17593.367
"634",-17623.134
"635",-17987.595
"636",-17768.428
"637",-17773.392
"638",-17628.752
"639",-17435.388
"640",-17995.36
"641",-17562.767
"642",-17895.888
"643",-17843.758
"644",-17689.517
"645",-17657.867
"646",-18052.24
"647",-18082.847
"648",-17798.6
"649",-17959.532
"650",-17423.913
"651",-17551.393
"652",-18066.899
"653",-17917.144
"654",-17755.561
"655",-17871.542
"656",-17866.252
"657",-17976.797
"658",-17696.331
"659",-17680.052
"660",-17656.193
"661",-18243.761
"662",-17693.664
"663",-17837.061
"664",-17778.301
"665",-17478.511
"666",-17813.88
"667",-17647.201
"668",-17711.895
"669",-17508.234
"670",-17852.128
"671",-17855.759
"672",-18037.161
"673",-17681.892
"674",-18009.198
"675",-17879.49
"676",-17876.151
"677",-17810.68
"678",-17560.065
"679",-18094.225
"680",-17918.553
"681",-17694.553
"682",-17632.85
"683",-17926.076
"684",-17849.901
"685",-17792.027
"686",-17536.665
"687",-17964.847
"688",-18308.76
"689",-18163.133
"690",-17880.08
"691",-17633.977
"692",-17781.524
"693",-17603.822
"694",-17559.819
"695",-17805.606
"696",-18060.817
"697",-17575.659
"698",-17786.051
"699",-17780.42
"700",-17741.554
"701",-17966.908
"702",-17903.937
"703",-17809.812
"704",-18024.703
"705",-18173.939
"706",-17456.758
"707",-17866.035
"708",-18171.584
"709",-17730.034
"710",-17813.25
"711",-17807.506
"712",-17855.273
"713",-18132.137
"714",-17712.071
"715",-17986.447
"716",-17991.823
"717",-17759.735
"718",-17586.966
"719",-17902.162
"720",-17815.836
"721",-17768.838
"722",-17976.983
"723",-18246.314
"724",-17958.44
"725",-17896.3
"726",-17991.882
"727",-17929.682
"728",-18219.549
"729",-17984.068
"730",-17566.861
"731",-18407.195
"732",-18054.131
"733",-18165.202
"734",-17677.883
"735",-17899.539
"736",-17799.886
"737",-17799.233
"738",-17696.496
"739",-17878.737
"740",-17792.959
"741",-18015.359
"742",-17920.803
"743",-17579.457
"744",-17852.598
"745",-17931.09
"746",-17953.968
"747",-17632.364
"748",-17849.951
"749",-17861.147
"750",-18076.765
"751",-18282.602
"752",-17772.564
"753",-17919.799
"754",-18066.912
"755",-18207.768
"756",-17973.463
"757",-17978.285
"758",-17857.525
"759",-17867.268
"760",-17616.976
"761",-17745.567
"762",-17503.884
"763",-17586.086
"764",-17372.456
"765",-17859.236
"766",-17834.252
"767",-18288.432
"768",-17657.779
"769",-17926.354
"770",-17692.825
"771",-17815.05
"772",-17642.219
"773",-17699.828
"774",-17701.306
"775",-18172.693
"776",-17492.868
"777",-17915.177
"778",-18087.956
"779",-17619.803
"780",-18129.69
"781",-17920.506
"782",-18496.584
"783",-18173.769
"784",-17951.16
"785",-17726.535
"786",-17870.175
"787",-17549.688
"788",-17762.386
"789",-18110.071
"790",-17870.54
"791",-18109.646
"792",-18184.261
"793",-17647.538
"794",-17694.477
"795",-17976.081
"796",-17505.903
"797",-17661.012
"798",-17838.392
"799",-17820.612
"800",-17737.157
"801",-17935.04
"802",-18183.986
"803",-18215.708
"804",-18002.703
"805",-17923.288
"806",-18066.927
"807",-17543.302
"808",-17928.444
"809",-17718.757
"810",-17656.193
"811",-17886.924
"812",-17853.416
"813",-17966.677
"814",-18147.513
"815",-17605.359
"816",-17780.139
"817",-17523.85
"818",-18145.369
"819",-17786.323
"820",-17601.571
"821",-18041.22
"822",-18264.341
"823",-18196.901
"824",-17500.144
"825",-17769.49
"826",-18189.199
"827",-17910.76
"828",-18052.457
"829",-18016.161
"830",-17775.106
"831",-17798.71
"832",-17875.945
"833",-17891.102
"834",-17686.689
"835",-17912.741
"836",-17478.769
"837",-17774.516
"838",-17828.985
"839",-18098.957
"840",-17715.362
"841",-17714.483
"842",-17820.68
"843",-17805.716
"844",-17958.465
"845",-17882.272
"846",-17841.907
"847",-17562.223
"848",-17827.621
"849",-17665.516
"850",-18020.541
"851",-17566.172
"852",-18081.251
"853",-17463.842
"854",-17905.228
"855",-17890.195
"856",-17487.271
"857",-17611.849
"858",-17976.81
"859",-18232.339
"860",-18011.834
"861",-17971.116
"862",-17873.517
"863",-17637.088
"864",-18162.418
"865",-17648.997
"866",-17881.966
"867",-17844.101
"868",-17690.891
"869",-17870.412
"870",-17883.068
"871",-17582.446
"872",-17885.266
"873",-18074.891
"874",-17930.223
"875",-17754.95
"876",-17594.656
"877",-17802.175
"878",-17919.078
"879",-17894.393
"880",-17972.897
"881",-17798.426
"882",-17776.841
"883",-17918.575
"884",-17711.904
"885",-17506.28
"886",-17510.255
"887",-18185.617
"888",-17841
"889",-17887.341
"890",-17870.771
"891",-17590.614
"892",-18079.896
"893",-17546.604
"894",-17414.849
"895",-17705.888
"896",-17885.064
"897",-17680.717
"898",-17552.094
"899",-17754.769
"900",-17893.185
"901",-17629.193
"902",-17702.996
"903",-18173.707
"904",-17943.6
"905",-18190.225
"906",-17737.862
"907",-17861.511
"908",-17911.349
"909",-17741.15
"910",-17970.613
"911",-18310.714
"912",-18002.815
"913",-17946.855
"914",-17712.359
"915",-18216.249
"916",-18033.882
"917",-17892.663
"918",-18057.036
"919",-18072.713
"920",-18031.809
"921",-17896.135
"922",-17410.017
"923",-17714.841
"924",-18155.709
"925",-18082.525
"926",-17852.483
"927",-17703.685
"928",-18125.183
"929",-18134.172
"930",-18157.957
"931",-17633.767
"932",-17877.179
"933",-17887.342
"934",-18163.748
"935",-18256.069
"936",-17474.068
"937",-18069.011
"938",-17605.137
"939",-18005.142
"940",-18111.577
"941",-17902.18
"942",-17990.394
"943",-18128.567
"944",-18219.031
"945",-17562.472
"946",-17854.172
"947",-17867.185
"948",-18013.837
"949",-17901.258
"950",-17734.129
"951",-17894.361
"952",-17830.729
"953",-17745.965
"954",-17768.035
"955",-17921.322
"956",-17737.013
"957",-17903.777
"958",-17849.908
"959",-17968.822
"960",-17828.961
"961",-17702.308
"962",-17973.031
"963",-17809.911
"964",-17687.314
"965",-17338.636
"966",-17870.578
"967",-17761.376
"968",-17791.15
"969",-18170.33
"970",-17649.171
"971",-18171.299
"972",-17785.883
"973",-17883.368
"974",-17968.474
"975",-17984.561
"976",-17975.945
"977",-17636.31
"978",-17558.17
"979",-17632.97
"980",-17822.702
"981",-17839.848
"982",-17903.514
"983",-17837.048
"984",-17705.826
"985",-17687.14
"986",-17472.527
"987",-17538.47
"988",-18266.766
"989",-17986.799
"990",-17897.583
"991",-17881.974
"992",-17687.455
"993",-17928.223
"994",-17541.777
"995",-17730.256
"996",-17970.771
"997",-17767.706
"998",-17726.298
"999",-18052.68
"1000",-17995.825
"1001",-17838.621
"1002",-17930.515
"1003",-17863.122
"1004",-17680.443
"1005",-18149.297
"1006",-17993.112
"1007",-17648.167
"1008",-17850.588
"1009",-17506.189
"1010",-17437.758
"1011",-17966.077
"1012",-17821.622
"1013",-17829.311
"1014",-17560.3
"1015",-17833.78
"1016",-17599.667
"1017",-17927.542
"1018",-17811.353
"1019",-17640.937
"1020",-17768.17
"1021",-17943.964
"1022",-17758.56
"1023",-17744.427
"1024",-17941.607
"1025",-17969.598
"1026",-18022.562
"1027",-17622.97
"1028",-17743.006
"1029",-17947.874
"1030",-18004.703
"1031",-17856.447
"1032",-18042.52
"1033",-17949.436
"1034",-17974.347
"1035",-17639.782
"1036",-17770.092
"1037",-17902.331
"1038",-17839.25
"1039",-18226.997
"1040",-17715.468
"1041",-17684.036
"1042",-17861.299
"1043",-17777.61
"1044",-18045.462
"1045",-17850.074
"1046",-17904.678
"1047",-17734.858
"1048",-18022.189
"1049",-17866.937
"1050",-17886.916
"1051",-17726.718
"1052",-18236.051
"1053",-17674.498
"1054",-17578.821
"1055",-17877.821
"1056",-18155.798
"1057",-17851.485
"1058",-17707.308
"1059",-17816.628
"1060",-17910.74
"1061",-17742.826
"1062",-17921.739
"1063",-18037.209
"1064",-18133.798
"1065",-17982.488
"1066",-18049.444
"1067",-17910.277
"1068",-18048.283
"1069",-18108.626
"1070",-17481.636
"1071",-17856.233
"1072",-17944.556
"1073",-17615.413
"1074",-18017.685
"1075",-17824.738
"1076",-18070.688
"1077",-17814.904
"1078",-17976.549
"1079",-17813.883
"1080",-17783.595
"1081",-17914.589
"1082",-17763.355
"1083",-18099.387
"1084",-17922.668
"1085",-18051.47
"1086",-17878.01
"1087",-17900.356
"1088",-18029.194
"1089",-17809.951
"1090",-17616.258
"1091",-18183.195
"1092",-18040.948
"1093",-17723.26
"1094",-18135.804
"1095",-17637.926
"1096",-17708.117
"1097",-17557.916
"1098",-18222.899
"1099",-18104.685
"1100",-17866.423
"1101",-17528.932
"1102",-17720.051
"1103",-17947.532
"1104",-17972.773
"1105",-17594.223
"1106",-17885.514
"1107",-17536.848
"1108",-18201.434
"1109",-17688.117
"1110",-18027.76
"1111",-17843.698
"1112",-17923.29
"1113",-17849.525
"1114",-17708.895
"1115",-18290.147
"1116",-18117.029
"1117",-17809.225
"1118",-17814.167
"1119",-17820.078
"1120",-17500.864
"1121",-17856.868
"1122",-18032.822
"1123",-17886.704
"1124",-18135.626
"1125",-17737.296
"1126",-18096.76
"1127",-17896.282
"1128",-17687.947
"1129",-17954.387
"1130",-17871.142
"1131",-17916.849
"1132",-17943.396
"1133",-18011.058
"1134",-17648.26
"1135",-17548.189
"1136",-18242.872
"1137",-18008.821
"1138",-17869.614
"1139",-17635.872
"1140",-17807.474
"1141",-17787.925
"1142",-18076.09
"1143",-17724.348
"1144",-17782.186
"1145",-18044.924
"1146",-17903.582
"1147",-17727.603
"1148",-17947.385
"1149",-17974.437
"1150",-17829.211
"1151",-17660.383
"1152",-17580.798
"1153",-18012.067
"1154",-18371.53
"1155",-17893.55
"1156",-17557.024
"1157",-17699.094
"1158",-17725.55
"1159",-17782.106
"1160",-17983.224
"1161",-17853.712
"1162",-17727.851
"1163",-17672.194
"1164",-17606.317
"1165",-17937.15
"1166",-17833.085
"1167",-17824.834
"1168",-18061.039
"1169",-18186.681
"1170",-17557.304
"1171",-17547.155
"1172",-17717.763
"1173",-17949.437
"1174",-18151.508
"1175",-17775.245
"1176",-17817.08
"1177",-17682.007
"1178",-17995.912
"1179",-17424.5
"1180",-17914.539
"1181",-17879.731
"1182",-17903.724
"1183",-17766.587
"1184",-17442.428
"1185",-17922.709
"1186",-17906.006
"1187",-17581.641
"1188",-18139.95
"1189",-17913.649
"1190",-17980.515
"1191",-17931.457
"1192",-18083.332
"1193",-17757.544
"1194",-17847.106
"1195",-17925.473
"1196",-18091.022
"1197",-17874.078
"1198",-17913.417
"1199",-17936.114
"1200",-18110.636
"1201",-18083.613
"1202",-17740.099
"1203",-18102.515
"1204",-17854.64
"1205",-18016.493
"1206",-17641.242
"1207",-18261.182
"1208",-17723.321
"1209",-18029.517
"1210",-18015.85
"1211",-17856.659
"1212",-17632.432
"1213",-17845.285
"1214",-17432.765
"1215",-17972.018
"1216",-17675.207
"1217",-17821.926
"1218",-17798.063
"1219",-18154.074
"1220",-17395.595
"1221",-18079.939
"1222",-17810.954
"1223",-17810.516
"1224",-18012.605
"1225",-17771.883
"1226",-18320.6
"1227",-17546
"1228",-17747.447
"1229",-17640.087
"1230",-17850.585
"1231",-18053.04
"1232",-18230.816
"1233",-17963.265
"1234",-17905.938
"1235",-17550.129
"1236",-17576.294
"1237",-17606.847
"1238",-18048.675
"1239",-17544.544
"1240",-18108.996
"1241",-17941.052
"1242",-17745.307
"1243",-17710.004
"1244",-17920.942
"1245",-17921.756
"1246",-17772.705
"1247",-18052.012
"1248",-18100.488
"1249",-18099.978
"1250",-17484.712
"1251",-17574.715
"1252",-17868.985
"1253",-18053.852
"1254",-17527.485
"1255",-17837.555
"1256",-18079.242
"1257",-17484.449
"1258",-17738.287
"1259",-18019.002
"1260",-18173.346
"1261",-17738.45
"1262",-17772.078
"1263",-17991.394
"1264",-17769.56
"1265",-17727.028
"1266",-17751.391
"1267",-17816.061
"1268",-17773.17
"1269",-17991.542
"1270",-17772.362
"1271",-17689.899
"1272",-18179.234
"1273",-18054.673
"1274",-18149.175
"1275",-17909.24
"1276",-18135.062
"1277",-18075.89
"1278",-17943.276
"1279",-18001.506
"1280",-17541.853
"1281",-18095.724
"1282",-18134.733
"1283",-18199.468
"1284",-18037.846
"1285",-17747.637
"1286",-18013.895
"1287",-17871.486
"1288",-17865.873
"1289",-17932.901
"1290",-17748.68
"1291",-17474.384
"1292",-18022.996
"1293",-17779.106
"1294",-17898.721
"1295",-17764.103
"1296",-18012.962
"1297",-18053.07
"1298",-17632.839
"1299",-18133.206
"1300",-17746.838
"1301",-18062.132
"1302",-17955.64
"1303",-17707.535
"1304",-17968.814
"1305",-17879.316
"1306",-17965.009
"1307",-17838.016
"1308",-17835.146
"1309",-17766.451
"1310",-17471.832
"1311",-17626.367
"1312",-17605.662
"1313",-18053.564
"1314",-17916.823
"1315",-17959.954
"1316",-17958.822
"1317",-17777.137
"1318",-18070.908
"1319",-18175.55
"1320",-17740.954
"1321",-17563.834
"1322",-17650.312
"1323",-17764.976
"1324",-17910.966
"1325",-17582.396
"1326",-17566.998
"1327",-17506.056
"1328",-17770.372
"1329",-17656.383
"1330",-17971.783
"1331",-18205.105
"1332",-17988.934
"1333",-17648.957
"1334",-17965.855
"1335",-17821.118
"1336",-17712.25
"1337",-17974.981
"1338",-18349.948
"1339",-17847.383
"1340",-18039.433
"1341",-17682.411
"1342",-17560.76
"1343",-18036.426
"1344",-17543.735
"1345",-17785.669
"1346",-17756.433
"1347",-17989.229
"1348",-17740.508
"1349",-18025.072
"1350",-18070.227
"1351",-17955.218
"1352",-17841.986
"1353",-17568.916
"1354",-17656.476
"1355",-18037.432
"1356",-17744.708
"1357",-18082.166
"1358",-17803.243
"1359",-18192.07
"1360",-18142.021
"1361",-17883.135
"1362",-18125.31
"1363",-17970.116
"1364",-17623.323
"1365",-18172.977
"1366",-17785.957
"1367",-18015.22
"1368",-17805.492
"1369",-17851.68
"1370",-17861.208
"1371",-17720.658
"1372",-17944.413
"1373",-17912.119
"1374",-17893.131
"1375",-17640.792
"1376",-17658.204
"1377",-17961.248
"1378",-17626.682
"1379",-17949.293
"1380",-17777.03
"1381",-17791.78
"1382",-17776.628
"1383",-18155.769
"1384",-17746.81
"1385",-17670.073
"1386",-18058.34
"1387",-18033.7
"1388",-17767.751
"1389",-17638.706
"1390",-17976.666
"1391",-17892.373
"1392",-17764.08
"1393",-17931.258
"1394",-17699.305
"1395",-17808.929
"1396",-17978.727
"1397",-17945.55
"1398",-18054.644
"1399",-17823.443
"1400",-18101.945
"1401",-17719.249
"1402",-17889.558
"1403",-18126.731
"1404",-17842.183
"1405",-17825.897
"1406",-17915.598
"1407",-17711.598
"1408",-18104.584
"1409",-17948.148
"1410",-17592.331
"1411",-18094.964
"1412",-17343.152
"1413",-17756.27
"1414",-17888.522
"1415",-18009.004
"1416",-17823.303
"1417",-17979.032
"1418",-17846.432
"1419",-17470.197
"1420",-17930.244
"1421",-17783.604
"1422",-17967.633
"1423",-18149.064
"1424",-18023.235
"1425",-17980.889
"1426",-18177.267
"1427",-17773.832
"1428",-17872.195
"1429",-17945.724
"1430",-18064.861
"1431",-18009.475
"1432",-17337.709
"1433",-17775.882
"1434",-17802.233
"1435",-17750.742
"1436",-17915.897
"1437",-17515.938
"1438",-17855.217
"1439",-17898.582
"1440",-17961.185
"1441",-18013.838
"1442",-17985.903
"1443",-17792.838
"1444",-17724.988
"1445",-17746.062
"1446",-18098.965
"1447",-17740.517
"1448",-17969.882
"1449",-18150.197
"1450",-17974.854
"1451",-17934.72
"1452",-17750.088
"1453",-17679.655
"1454",-18172.423
"1455",-17797.664
"1456",-17797.783
"1457",-18065.123
"1458",-17460.719
"1459",-17853.453
"1460",-18064.859
"1461",-17703.602
"1462",-17667.396
"1463",-17556.239
"1464",-17444.027
"1465",-17619.783
"1466",-17647.33
"1467",-17613.393
"1468",-17989.397
"1469",-17957.764
"1470",-17574.888
"1471",-17746.93
"1472",-17976.416
"1473",-18024.534
"1474",-18006.439
"1475",-18181.349
"1476",-17964.006
"1477",-17698.426
"1478",-17584.097
"1479",-18172.121
"1480",-17743.426
"1481",-18217.749
"1482",-17709.012
"1483",-17605.906
"1484",-17944.84
"1485",-17984.31
"1486",-17929.244
"1487",-17956.954
"1488",-17599.255
"1489",-17962.221
"1490",-17980.815
"1491",-17761.797
"1492",-17727.827
"1493",-18103.012
"1494",-17966.864
"1495",-18094.35
"1496",-17894.376
"1497",-17694.515
"1498",-17768.193
"1499",-17815.247
"1500",-17754.905
"1501",-18277.102
"1502",-17832.298
"1503",-17733.975
"1504",-17942.617
"1505",-17746.575
"1506",-17616.772
"1507",-17901.867
"1508",-18215.724
"1509",-17346.356
"1510",-18111.887
"1511",-17805.85
"1512",-17956.267
"1513",-17449.508
"1514",-18109.962
"1515",-18194.39
"1516",-18047.92
"1517",-17624.714
"1518",-17706.232
"1519",-17893.333
"1520",-17970.11
"1521",-17650.078
"1522",-17595.809
"1523",-18021.033
"1524",-17711.288
"1525",-18068.619
"1526",-17777.831
"1527",-17823.982
"1528",-17811.649
"1529",-17646.321
"1530",-17839.115
"1531",-17940.974
"1532",-18020.341
"1533",-17632.83
"1534",-18058.949
"1535",-17613.479
"1536",-17747.617
"1537",-17930.972
"1538",-17797.646
"1539",-17890.031
"1540",-17582.781
"1541",-17773.558
"1542",-17766.975
"1543",-17973.112
"1544",-18112.136
"1545",-18179.249
"1546",-18068.78
"1547",-18117.911
"1548",-17895.959
"1549",-17579.882
"1550",-17491.035
"1551",-18067.391
"1552",-17293.984
"1553",-18188.89
"1554",-17769.153
"1555",-17691.732
"1556",-17735.632
"1557",-17826.68
"1558",-18100.498
"1559",-17772.916
"1560",-17780.972
"1561",-17810.189
"1562",-17711.849
"1563",-18037.272
"1564",-17940.15
"1565",-17994.021
"1566",-18046.753
"1567",-17768.217
"1568",-17878.101
"1569",-17552.485
"1570",-17846.118
"1571",-17880.902
"1572",-17547.501
"1573",-17771.861
"1574",-18146.53
"1575",-17947.6
"1576",-18096.154
"1577",-17622.983
"1578",-17880.445
"1579",-17631.634
"1580",-17572.909
"1581",-17859.673
"1582",-17809.563
"1583",-17785.682
"1584",-17866.211
"1585",-18210.144
"1586",-18156.031
"1587",-17703.32
"1588",-17591.891
"1589",-17499.94
"1590",-17462.674
"1591",-18012.037
"1592",-17824.885
"1593",-18036.473
"1594",-18110.185
"1595",-18102.929
"1596",-17827.571
"1597",-18239.332
"1598",-18031.534
"1599",-17929.623
"1600",-17692.858
"1601",-18061.342
"1602",-17620.022
"1603",-17874.869
"1604",-18107.274
"1605",-17617.636
"1606",-17652.491
"1607",-18021.985
"1608",-18139.08
"1609",-17730.938
"1610",-18084.68
"1611",-18265.697
"1612",-17986.772
"1613",-17892.961
"1614",-17732.583
"1615",-18056.584
"1616",-17873.145
"1617",-17717.011
"1618",-18039.756
"1619",-17530.473
"1620",-18288.371
"1621",-17748.45
"1622",-17972.393
"1623",-18037.135
"1624",-17992.223
"1625",-17865.838
"1626",-17752.047
"1627",-17856.282
"1628",-17575.768
"1629",-17954.628
"1630",-18115.394
"1631",-17474.684
"1632",-17974.633
"1633",-17465.814
"1634",-17939.055
"1635",-17637.216
"1636",-17983.903
"1637",-17920.597
"1638",-17807.146
"1639",-17912.506
"1640",-17469.938
"1641",-17734.701
"1642",-18006.059
"1643",-17680.095
"1644",-18017.462
"1645",-17999.896
"1646",-17907.757
"1647",-17698.487
"1648",-17727.435
"1649",-17646.57
"1650",-17691.573
"1651",-17928.9
"1652",-17630.753
"1653",-18081.555
"1654",-17923.3
"1655",-17886.145
"1656",-17845.58
"1657",-17706.613
"1658",-17550.79
"1659",-18231.084
"1660",-17919.383
"1661",-17561.693
"1662",-17980.78
"1663",-17700.336
"1664",-17724.237
"1665",-17807.047
"1666",-17830.587
"1667",-17840.155
"1668",-17360.002
"1669",-17406.046
"1670",-17627.059
"1671",-18120.807
"1672",-17384.349
"1673",-17880.704
"1674",-17786.842
"1675",-17746.755
"1676",-17978.808
"1677",-17985.364
"1678",-17856.09
"1679",-18145.195
"1680",-17854.025
"1681",-17977.31
"1682",-17762.597
"1683",-18115.338
"1684",-17572.495
"1685",-17925.091
"1686",-18142.721
"1687",-17794.372
"1688",-17606.028
"1689",-17760.371
"1690",-17751.138
"1691",-17842.466
"1692",-18045.542
"1693",-18065.224
"1694",-18340.325
"1695",-17973.135
"1696",-17852.325
"1697",-18198.903
"1698",-17267.279
"1699",-18129.039
"1700",-17869.383
"1701",-17566.296
"1702",-17758.341
"1703",-17751.95
"1704",-18073.702
"1705",-17769.434
"1706",-17623.665
"1707",-18081.966
"1708",-17698.929
"1709",-17726.46
"1710",-17504.124
"1711",-17983.158
"1712",-17679.296
"1713",-17998.672
"1714",-18077.516
"1715",-18146.221
"1716",-17811.347
"1717",-17991.032
"1718",-18085.224
"1719",-17544.946
"1720",-17820.129
"1721",-17894.909
"1722",-17791.519
"1723",-17818.731
"1724",-17744.467
"1725",-18121.198
"1726",-17572.046
"1727",-18014.901
"1728",-17799.286
"1729",-18190.795
"1730",-17815.137
"1731",-17831.84
"1732",-17674.729
"1733",-18044.901
"1734",-18023.921
"1735",-18094.145
"1736",-17848.715
"1737",-17886.983
"1738",-17943.681
"1739",-18089.668
"1740",-18095.513
"1741",-17829.239
"1742",-18039.255
"1743",-17900.478
"1744",-17854.867
"1745",-17870.849
"1746",-17925.478
"1747",-17869.906
"1748",-17559.862
"1749",-17765.49
"1750",-17718.109
"1751",-18045.893
"1752",-17697.948
"1753",-18266.413
"1754",-17901.075
"1755",-17771.218
"1756",-18001.266
"1757",-17704.376
"1758",-18096.213
"1759",-18222.704
"1760",-17915.553
"1761",-17936.857
"1762",-17884.395
"1763",-17681.338
"1764",-17772.473
"1765",-18072.639
"1766",-17658.95
"1767",-18353.274
"1768",-17580.491
"1769",-17756.073
"1770",-17676.122
"1771",-18083.105
"1772",-17872.267
"1773",-17547.708
"1774",-17605.177
"1775",-18045.563
"1776",-17938.642
"1777",-17783.544
"1778",-17944.821
"1779",-17892.49
"1780",-17516.438
"1781",-18057.059
"1782",-17777.584
"1783",-18361.785
"1784",-17906.854
"1785",-17740.225
"1786",-17927.345
"1787",-17915.608
"1788",-18139.898
"1789",-17522.252
"1790",-17914.774
"1791",-18345.755
"1792",-18203.91
"1793",-17615.746
"1794",-18283.841
"1795",-17626.869
"1796",-17822.041
"1797",-17973.152
"1798",-17993.752
"1799",-17959.575
"1800",-17932.841
"1801",-18268.193
"1802",-18203.83
"1803",-18008.401
"1804",-17819.437
"1805",-17982.877
"1806",-17890.388
"1807",-17896.392
"1808",-17591.457
"1809",-17775.171
"1810",-17882.866
"1811",-17727.073
"1812",-18108.945
"1813",-18222.375
"1814",-18002.046
"1815",-17705.505
"1816",-18153.268
"1817",-17657.626
"1818",-18127.38
"1819",-18053.221
"1820",-18090.58
"1821",-17788.172
"1822",-17672.579
"1823",-17795.343
"1824",-17675.566
"1825",-17954.981
"1826",-18285.211
"1827",-17857.894
"1828",-17674.542
"1829",-17824.431
"1830",-17906.196
"1831",-17755.317
"1832",-17809.968
"1833",-17682.467
"1834",-18147.267
"1835",-17761.564
"1836",-17667.197
"1837",-18289.014
"1838",-17834.976
"1839",-17645.157
"1840",-17926.058
"1841",-17807.378
"1842",-17885.05
"1843",-17592.772
"1844",-17871.689
"1845",-17753.735
"1846",-17842.663
"1847",-17570.947
"1848",-17893.874
"1849",-18082.918
"1850",-18086.36
"1851",-17493.553
"1852",-17784.551
"1853",-17674.179
"1854",-17671.815
"1855",-17629.615
"1856",-17979.107
"1857",-17795.384
"1858",-17949.187
"1859",-17458.617
"1860",-17805.636
"1861",-18008.122
"1862",-17766.692
"1863",-17994.948
"1864",-17535.693
"1865",-17937.516
"1866",-17814.859
"1867",-17693.025
"1868",-17984.368
"1869",-17794.382
"1870",-17968.878
"1871",-18028.119
"1872",-17895.739
"1873",-17833.101
"1874",-18261.033
"1875",-17835.765
"1876",-17840.293
"1877",-18116.015
"1878",-17930.768
"1879",-17829.354
"1880",-18096.379
"1881",-18006.362
"1882",-17638.786
"1883",-17709.961
"1884",-18312.018
"1885",-17975.868
"1886",-17604.747
"1887",-17872.232
"1888",-18005.318
"1889",-17939.686
"1890",-17629.329
"1891",-17664.589
"1892",-18139.905
"1893",-17603.905
"1894",-18058.22
"1895",-17935.819
"1896",-17803.353
"1897",-18103.145
"1898",-18014.941
"1899",-17761.565
"1900",-18059.002
"1901",-17851.738
"1902",-17776.48
"1903",-17624.716
"1904",-18134.558
"1905",-17885.897
"1906",-18188.65
"1907",-17913.882
"1908",-17940.062
"1909",-17775.883
"1910",-17760.637
"1911",-18106.325
"1912",-18089.616
"1913",-17958.289
"1914",-17829.731
"1915",-17630.228
"1916",-17478.886
"1917",-17587.051
"1918",-18015.286
"1919",-17767.285
"1920",-17876.891
"1921",-17711.084
"1922",-17566.738
"1923",-18029.58
"1924",-17847.149
"1925",-17941.611
"1926",-17875.38
"1927",-18198.915
"1928",-17902.702
"1929",-17807.605
"1930",-18085.35
"1931",-17686.976
"1932",-17855.643
"1933",-17710.022
"1934",-17913.81
"1935",-17946.278
"1936",-17768.083
"1937",-18134.642
"1938",-18206.054
"1939",-17562.206
"1940",-17998.411
"1941",-17836.707
"1942",-18266.534
"1943",-17494.445
"1944",-17870.402
"1945",-17616.516
"1946",-17427.222
"1947",-17715.132
"1948",-18163.199
"1949",-17866.22
"1950",-17884.317
"1951",-18134.496
"1952",-17695.036
"1953",-18047.454
"1954",-17810.659
"1955",-17549.458
"1956",-17548.414
"1957",-17968.013
"1958",-17468.231
"1959",-18018.361
"1960",-17882.826
"1961",-18054.129
"1962",-17973.082
"1963",-18089.709
"1964",-18052.285
"1965",-17700.945
"1966",-17563.157
"1967",-17832.94
"1968",-18015.3
"1969",-18085.559
"1970",-17910.914
"1971",-18096.225
"1972",-18224.127
"1973",-18136.991
"1974",-17806.514
"1975",-17577.303
"1976",-18038.645
"1977",-17669.215
"1978",-17890.541
"1979",-17627.845
"1980",-17463.907
"1981",-18033.406
"1982",-18147.417
"1983",-17558.182
"1984",-17982.121
"1985",-17978.697
"1986",-18157.78
"1987",-17785.161
"1988",-17935.901
"1989",-18038.8
"1990",-18025.963
"1991",-17853.694
"1992",-17821.404
"1993",-17859.953
"1994",-18178.415
"1995",-17770.064
"1996",-17897.46
"1997",-17658.958
"1998",-17760.293
"1999",-17300.39
"2000",-17870.528
"2001",-18162.877
"2002",-17893.517
"2003",-17954.541
"2004",-17447.781
"2005",-17978.646
"2006",-18044.997
"2007",-17611.466
"2008",-18012.503
"2009",-17851.311
"2010",-17837.024
"2011",-18169.673
"2012",-17655.304
"2013",-18043.427
"2014",-18100.551
"2015",-17725.461
"2016",-18100.188
"2017",-17582.459
"2018",-17885.792
"2019",-17867.18
"2020",-17786.109
"2021",-17726.146
"2022",-17852.327
"2023",-17967.637
"2024",-17949.449
"2025",-17704.457
"2026",-17831.543
"2027",-17522.488
"2028",-17833.843
"2029",-17587.296
"2030",-17828.899
"2031",-17709.941
"2032",-17803.254
"2033",-17749.633
"2034",-18019.72
"2035",-18086.15
"2036",-17778.15
"2037",-17934.433
"2038",-17804.041
"2039",-17994.728
"2040",-17736.062
"2041",-17936.605
"2042",-17864.555
"2043",-17862.473
"2044",-17923.412
"2045",-17894.742
"2046",-17741.654
"2047",-18016.61
"2048",-17553.826
"2049",-18028.952
"2050",-17611.344
"2051",-17869.722
"2052",-17832.354
"2053",-17745.351
"2054",-17657.162
"2055",-17645.123
"2056",-17827.166
"2057",-17786.695
"2058",-17966.706
"2059",-17852.127
"2060",-17685.991
"2061",-17994.571
"2062",-17955.884
"2063",-17758.064
"2064",-17925.228
"2065",-17902.85
"2066",-18242.131
"2067",-17681.532
"2068",-18179.447
"2069",-17585.447
"2070",-17978.668
"2071",-17680.002
"2072",-17956.699
"2073",-17978.754
"2074",-17970.106
"2075",-17831.226
"2076",-17964.345
"2077",-17880.293
"2078",-17803.571
"2079",-18109.868
"2080",-17998.526
"2081",-18021.888
"2082",-17920.473
"2083",-17631.944
"2084",-17852.9
"2085",-17739.547
"2086",-17796.499
"2087",-17609.485
"2088",-18057.924
"2089",-17667.161
"2090",-17725.599
"2091",-17714.129
"2092",-17815.234
"2093",-18161.204
"2094",-17668.803
"2095",-17771.711
"2096",-17645.819
"2097",-17826.337
"2098",-17847.262
"2099",-18299.535
"2100",-17711.447
"2101",-18170.08
"2102",-18034.191
"2103",-17910.534
"2104",-17693.346
"2105",-17676.813
"2106",-17901.579
"2107",-18076.987
"2108",-18108.838
"2109",-18133.359
"2110",-18035.127
"2111",-17959.252
"2112",-18017.409
"2113",-17969.026
"2114",-18014.404
"2115",-17825.729
"2116",-17571.577
"2117",-18384.916
"2118",-18145.129
"2119",-18043.56
"2120",-18053.409
"2121",-17856.295
"2122",-17972.21
"2123",-17812.734
"2124",-18115.687
"2125",-17908.102
"2126",-18003.867
"2127",-18012.89
"2128",-17640.422
"2129",-17934.331
"2130",-17696.223
"2131",-17776.666
"2132",-17840.468
"2133",-17570.456
"2134",-17849.707
"2135",-17623.002
"2136",-17697.175
"2137",-17778.275
"2138",-17583.369
"2139",-17684.935
"2140",-17636.066
"2141",-17896.43
"2142",-17539.199
"2143",-17736.24
"2144",-17652.333
"2145",-17980.723
"2146",-18246.203
"2147",-18265.906
"2148",-18122.492
"2149",-17914.877
"2150",-17758.867
"2151",-18078.152
"2152",-18010.163
"2153",-17418.734
"2154",-17693.877
"2155",-18054.605
"2156",-17733.221
"2157",-18025.89
"2158",-17634.67
"2159",-18037.945
"2160",-17857.243
"2161",-17876.888
"2162",-17788.57
"2163",-18225.703
"2164",-17830.206
"2165",-17706.356
"2166",-18086.507
"2167",-17769.936
"2168",-17687.499
"2169",-18114.741
"2170",-17558.44
"2171",-17861.95
"2172",-17357.934
"2173",-17962.765
"2174",-18195.729
"2175",-17656.053
"2176",-17556.68
"2177",-17822.041
"2178",-17945.753
"2179",-17777.473
"2180",-18014.879
"2181",-17414.998
"2182",-17846.682
"2183",-18269.695
"2184",-17534.101
"2185",-18006.306
"2186",-17896.161
"2187",-17878.666
"2188",-17995.104
"2189",-18097.269
"2190",-18056.303
"2191",-17459.399
"2192",-18184.982
"2193",-17732.576
"2194",-17765.121
"2195",-17780.617
"2196",-17811.994
"2197",-17782.83
"2198",-17935.954
"2199",-17846.372
"2200",-17792.055
"2201",-17692.751
"2202",-17967.354
"2203",-18239.487
"2204",-17339.5
"2205",-17931.276
"2206",-17854.237
"2207",-17935.389
"2208",-17811.968
"2209",-17800.571
"2210",-17647.794
"2211",-17977.678
"2212",-18319.73
"2213",-17847.851
"2214",-17726.196
"2215",-17722.746
"2216",-17917.251
"2217",-17685.933
"2218",-17813.428
"2219",-17944.662
"2220",-17932.652
"2221",-18001.338
"2222",-17872.675
"2223",-18015.315
"2224",-17693.29
"2225",-17808.294
"2226",-17865.886
"2227",-17809.054
"2228",-18104.66
"2229",-17860.486
"2230",-17693.482
"2231",-18140.913
"2232",-17964.925
"2233",-18142.504
"2234",-17705.024
"2235",-17883.134
"2236",-17427.153
"2237",-18038.552
"2238",-17491.522
"2239",-17794.333
"2240",-17913.847
"2241",-17679.208
"2242",-17875.37
"2243",-17763.736
"2244",-17867.941
"2245",-18359.283
"2246",-17898.773
"2247",-18321.51
"2248",-17698.671
"2249",-17862.101
"2250",-17771.99
"2251",-17978.771
"2252",-17678.466
"2253",-17916.45
"2254",-17970.523
"2255",-17985.999
"2256",-18027.792
"2257",-17730.732
"2258",-17595.254
"2259",-17647.084
"2260",-17807.349
"2261",-17983.213
"2262",-17867.66
"2263",-17552.513
"2264",-17482.172
"2265",-18001.952
"2266",-17973.356
"2267",-17761.244
"2268",-17648.88
"2269",-18098.657
"2270",-17872.258
"2271",-17879.458
"2272",-17707.335
"2273",-18253.914
"2274",-17981.91
"2275",-18190.781
"2276",-17862.072
"2277",-17639.866
"2278",-17702.584
"2279",-18498.726
"2280",-17908.709
"2281",-17737.04
"2282",-17526.279
"2283",-17635.298
"2284",-18128.589
"2285",-17721.292
"2286",-17810.61
"2287",-17820.795
"2288",-17726.745
"2289",-17798.81
"2290",-17730.766
"2291",-17713.007
"2292",-17643.492
"2293",-17647.53
"2294",-18142.285
"2295",-17976.077
"2296",-17744.118
"2297",-18135.823
"2298",-17900.236
"2299",-17839.978
"2300",-17864.272
"2301",-17746.565
"2302",-18004.386
"2303",-17625.404
"2304",-17808.851
"2305",-17820.231
"2306",-17864.401
"2307",-18000.832
"2308",-17871.822
"2309",-17919.319
"2310",-18088.862
"2311",-17866.583
"2312",-18066.523
"2313",-18395.371
"2314",-17543.169
"2315",-17598.95
"2316",-18080.139
"2317",-18264.994
"2318",-17928.362
"2319",-17577.329
"2320",-18162.319
"2321",-17890.391
"2322",-17717.625
"2323",-17780.235
"2324",-18064.787
"2325",-17843.073
"2326",-17938.256
"2327",-17836.373
"2328",-17654.182
"2329",-17888.608
"2330",-17758.338
"2331",-17824.736
"2332",-17996.467
"2333",-17646.305
"2334",-17661.897
"2335",-17762.762
"2336",-17886.393
"2337",-17968.389
"2338",-17805.145
"2339",-17668.716
"2340",-17833.896
"2341",-17767.029
"2342",-18218.139
"2343",-18051.709
"2344",-17776.56
"2345",-17789.684
"2346",-17734.574
"2347",-18162.486
"2348",-17743.455
"2349",-18029.455
"2350",-17884.374
"2351",-17299.852
"2352",-17766.774
"2353",-17874.541
"2354",-17789.583
"2355",-17799.079
"2356",-18072.105
"2357",-18172.137
"2358",-18009.784
"2359",-18126.165
"2360",-17891.182
"2361",-17589.058
"2362",-17823.727
"2363",-18028.666
"2364",-17887.871
"2365",-17926.363
"2366",-18165.277
"2367",-18026.652
"2368",-17401.984
"2369",-17871.759
"2370",-17449.478
"2371",-17805.642
"2372",-18045.746
"2373",-17839.583
"2374",-17551.484
"2375",-17803.572
"2376",-17991.789
"2377",-18069.507
"2378",-17917.497
"2379",-17951.625
"2380",-17595.351
"2381",-17665.528
"2382",-17784.962
"2383",-17533.417
"2384",-18219.833
"2385",-17708.832
"2386",-18006.458
"2387",-17660.492
"2388",-17937.726
"2389",-17785.855
"2390",-17861.049
"2391",-17551.389
"2392",-17926.394
"2393",-17788.219
"2394",-18218.056
"2395",-17862.524
"2396",-17956.011
"2397",-17936.076
"2398",-17730.386
"2399",-17853.746
"2400",-17807.224
"2401",-17609.538
"2402",-18074.481
"2403",-18055.681
"2404",-17469.663
"2405",-18091.971
"2406",-17830.424
"2407",-18153.312
"2408",-18019.679
"2409",-17834.916
"2410",-17861.068
"2411",-17585.48
"2412",-18020.527
"2413",-17482.136
"2414",-17586.081
"2415",-17605.034
"2416",-17947.441
"2417",-17891.008
"2418",-18258.816
"2419",-18025.151
"2420",-17949.758
"2421",-17956.221
"2422",-17862.848
"2423",-17723.532
"2424",-17955.232
"2425",-17754.495
"2426",-17631.063
"2427",-17832.548
"2428",-17818.307
"2429",-17855.857
"2430",-17629.91
"2431",-17793.213
"2432",-18099.641
"2433",-17950.423
"2434",-18225.08
"2435",-17798.06
"2436",-17960.449
"2437",-17913.97
"2438",-18229.179
"2439",-17528.424
"2440",-17697.806
"2441",-17455.482
"2442",-17579.565
"2443",-17681.674
"2444",-18150.312
"2445",-17843.632
"2446",-17757.969
"2447",-18191.198
"2448",-17831.558
"2449",-18189.428
"2450",-17889.275
"2451",-18337.991
"2452",-18009.607
"2453",-18133.265
"2454",-18060.544
"2455",-17813.069
"2456",-18021.767
"2457",-17668.487
"2458",-17810.141
"2459",-17869.438
"2460",-17816.223
"2461",-17869.086
"2462",-17574.097
"2463",-17688.363
"2464",-17884.119
"2465",-17720.588
"2466",-18204.634
"2467",-18004.256
"2468",-18015.538
"2469",-18287.37
"2470",-18167.441
"2471",-17855.969
"2472",-18305.269
"2473",-17709.091
"2474",-17788.774
"2475",-17629.665
"2476",-17823.463
"2477",-17883.351
"2478",-17749.788
"2479",-18052.066
"2480",-18009.188
"2481",-18035.373
"2482",-17943.163
"2483",-18052.745
"2484",-17898.268
"2485",-17787.67
"2486",-17878.129
"2487",-17491.722
"2488",-17953.438
"2489",-17659.007
"2490",-17556.641
"2491",-17990.848
"2492",-17914.785
"2493",-18054.168
"2494",-18048.55
"2495",-17781.046
"2496",-17605.52
"2497",-17666.874
"2498",-17741.024
"2499",-17668.08
"2500",-17428.762
"2501",-18022.168
"2502",-17431.928
"2503",-17862.204
"2504",-18267.84
"2505",-17883.901
"2506",-18085.38
"2507",-17905.75
"2508",-17643.846
"2509",-17326.977
"2510",-17895.507
"2511",-17478.901
"2512",-17871.942
"2513",-18212.173
"2514",-17866.903
"2515",-17756.983
"2516",-18041.635
"2517",-18058.937
"2518",-17846.06
"2519",-17719.89
"2520",-18008.002
"2521",-17845.6
"2522",-18060.011
"2523",-17934.935
"2524",-17800.808
"2525",-17742.194
"2526",-17439.089
"2527",-17594.249
"2528",-17796.474
"2529",-17855.995
"2530",-17892.715
"2531",-17593.178
"2532",-17627.32
"2533",-17254.74
"2534",-17748.657
"2535",-17928.056
"2536",-18068.395
"2537",-17790.927
"2538",-17901.242
"2539",-18040.396
"2540",-17739.028
"2541",-17867.709
"2542",-17778.968
"2543",-17511.67
"2544",-17569.427
"2545",-18111.492
"2546",-17959.061
"2547",-17877.372
"2548",-17734.736
"2549",-17839.511
"2550",-18218.825
"2551",-17606.198
"2552",-17829.307
"2553",-17990.507
"2554",-17693.964
"2555",-17934.679
"2556",-17685.1
"2557",-17780.84
"2558",-17588.404
"2559",-17823.934
"2560",-17941.759
"2561",-17633.659
"2562",-17995.816
"2563",-17884.819
"2564",-17452.074
"2565",-18038.49
"2566",-17844.193
"2567",-17631.357
"2568",-17498.402
"2569",-17839.591
"2570",-17487.917
"2571",-17786.995
"2572",-18028.876
"2573",-17908.1
"2574",-17643.654
"2575",-17787.969
"2576",-17740.383
"2577",-17706.025
"2578",-17891.586
"2579",-17842.56
"2580",-17469.772
"2581",-17867.02
"2582",-17969.58
"2583",-17720.677
"2584",-18090.59
"2585",-18002.415
"2586",-17756.364
"2587",-18163.062
"2588",-17741.48
"2589",-17948.67
"2590",-17627.675
"2591",-18081.658
"2592",-17567.27
"2593",-17576.711
"2594",-17644.649
"2595",-17715.04
"2596",-18087.82
"2597",-18003.33
"2598",-17991.06
"2599",-18063.571
"2600",-17786.747
"2601",-17907.099
"2602",-18054.596
"2603",-17474.93
"2604",-18101.068
"2605",-17556.787
"2606",-18057.256
"2607",-17959.22
"2608",-17846.947
"2609",-17841.111
"2610",-18085.669
"2611",-17643.337
"2612",-17815.444
"2613",-17751.311
"2614",-17941.294
"2615",-17652.803
"2616",-17836.868
"2617",-17853.894
"2618",-17769.924
"2619",-18082.119
"2620",-17815.978
"2621",-17976.293
"2622",-17657.834
"2623",-17859.089
"2624",-18077.164
"2625",-17680.51
"2626",-17962.297
"2627",-18070.22
"2628",-17928.761
"2629",-17915.027
"2630",-17713.04
"2631",-18073.99
"2632",-17763.384
"2633",-18292.168
"2634",-17797.977
"2635",-17625.628
"2636",-17888.866
"2637",-17636.404
"2638",-17678.63
"2639",-17941.732
"2640",-18011.539
"2641",-17642.611
"2642",-18106.95
"2643",-17953.057
"2644",-17938.787
"2645",-17679.185
"2646",-18120.678
"2647",-17953.249
"2648",-18319.966
"2649",-18204.631
"2650",-17601.963
"2651",-17639.924
"2652",-17643.042
"2653",-18044.884
"2654",-17680.751
"2655",-17965.996
"2656",-17684.883
"2657",-17694.292
"2658",-18057.414
"2659",-18027.52
"2660",-17715.091
"2661",-17931.928
"2662",-18053.07
"2663",-17977.694
"2664",-17748.486
"2665",-18134.957
"2666",-17857.797
"2667",-17951.058
"2668",-17515.87
"2669",-17692.892
"2670",-17900.106
"2671",-17956.92
"2672",-17994.86
"2673",-17763.007
"2674",-18000.402
"2675",-17507.394
"2676",-17772.383
"2677",-18112.437
"2678",-18225.776
"2679",-17743.872
"2680",-17899.712
"2681",-17990.676
"2682",-17946.278
"2683",-18068.451
"2684",-17553.235
"2685",-17733.02
"2686",-17770.245
"2687",-17718.925
"2688",-17891.137
"2689",-17598.914
"2690",-17731.402
"2691",-17927.691
"2692",-17798.568
"2693",-17962.36
"2694",-18034.354
"2695",-18002.247
"2696",-17890.623
"2697",-17712.505
"2698",-17687.775
"2699",-17860.822
"2700",-17776.854
"2701",-17616.981
"2702",-17835.891
"2703",-18087.825
"2704",-17661.043
"2705",-17743.33
"2706",-17626.985
"2707",-17765.493
"2708",-18140.611
"2709",-17702.863
"2710",-17791.905
"2711",-17919.398
"2712",-18087.013
"2713",-17587.868
"2714",-18124.492
"2715",-17617.921
"2716",-17740.343
"2717",-17626.863
"2718",-17960.111
"2719",-17637.261
"2720",-17902.596
"2721",-18022.594
"2722",-17690.738
"2723",-18262.667
"2724",-17812.157
"2725",-17972.526
"2726",-17948.981
"2727",-17928.373
"2728",-18156.428
"2729",-17738.223
"2730",-17683.017
"2731",-17865.996
"2732",-17780
"2733",-17749.822
"2734",-17872.288
"2735",-18150.427
"2736",-17449.169
"2737",-17332.577
"2738",-17858.218
"2739",-17698.835
"2740",-17631.227
"2741",-18057.879
"2742",-17666.643
"2743",-17516.994
"2744",-17836.402
"2745",-17479.163
"2746",-17698.365
"2747",-17877.061
"2748",-17978.422
"2749",-18239.207
"2750",-17618.096
"2751",-17712.857
"2752",-17961.712
"2753",-17728.696
"2754",-17609.455
"2755",-17621.188
"2756",-18002.26
"2757",-17674.402
"2758",-17757.367
"2759",-17707.541
"2760",-17967.037
"2761",-17543.04
"2762",-18145.625
"2763",-17947.095
"2764",-17842.834
"2765",-17585.53
"2766",-17548.079
"2767",-17693.572
"2768",-17986.114
"2769",-17934.025
"2770",-17771.767
"2771",-17909.871
"2772",-17832.352
"2773",-17905.765
"2774",-17943.353
"2775",-18099.42
"2776",-17728.24
"2777",-17620.809
"2778",-17743.423
"2779",-18097.527
"2780",-17766.139
"2781",-17406.165
"2782",-18037.562
"2783",-17729.349
"2784",-18178.863
"2785",-17802.234
"2786",-17876.787
"2787",-18116.843
"2788",-17952.461
"2789",-18046.579
"2790",-18031.968
"2791",-17672.212
"2792",-17963.136
"2793",-18112.543
"2794",-17950.651
"2795",-17983.432
"2796",-17954.944
"2797",-18013.302
"2798",-17748.286
"2799",-18134.223
"2800",-17863.22
"2801",-17955.194
"2802",-17713.598
"2803",-17672.207
"2804",-17783.016
"2805",-17561.006
"2806",-17507.618
"2807",-17634.796
"2808",-17601.137
"2809",-17626.372
"2810",-17601.452
"2811",-17628.315
"2812",-17623.702
"2813",-18168.506
"2814",-17695.594
"2815",-17900.205
"2816",-18016.829
"2817",-17894.697
"2818",-18027.103
"2819",-17891.318
"2820",-18059.969
"2821",-18034.56
"2822",-17696.432
"2823",-18025.305
"2824",-17719.227
"2825",-17514.879
"2826",-17853.187
"2827",-17886.868
"2828",-17740.817
"2829",-18099.299
"2830",-17775.169
"2831",-17701.598
"2832",-18035.937
"2833",-18012.826
"2834",-18195.8
"2835",-17441.67
"2836",-17718.22
"2837",-18165.023
"2838",-18113.893
"2839",-17975.937
"2840",-17750.544
"2841",-17627.956
"2842",-18076.575
"2843",-18008.542
"2844",-17775.628
"2845",-17806.393
"2846",-17947.291
"2847",-17861.049
"2848",-17824.036
"2849",-17735.936
"2850",-17977.846
"2851",-17856.027
"2852",-17841.599
"2853",-18011.999
"2854",-18013.204
"2855",-18004.257
"2856",-17850.829
"2857",-18312.903
"2858",-17598.226
"2859",-17698.337
"2860",-18003.424
"2861",-18159.288
"2862",-18100.415
"2863",-18087.752
"2864",-17748.286
"2865",-17668.795
"2866",-17935.622
"2867",-17877.414
"2868",-17960.206
"2869",-17910.297
"2870",-17840.226
"2871",-17984.87
"2872",-17554.995
"2873",-18156.952
"2874",-18103.698
"2875",-18142.188
"2876",-17838.43
"2877",-17516.512
"2878",-17542.609
"2879",-17569.221
"2880",-17608.856
"2881",-17655.677
"2882",-17847.336
"2883",-17954.173
"2884",-17635.866
"2885",-17950.367
"2886",-18035.958
"2887",-17930.457
"2888",-17954.665
"2889",-17872.904
"2890",-17931.189
"2891",-17714.892
"2892",-18069.394
"2893",-17796.695
"2894",-18040.107
"2895",-17296.248
"2896",-17839.691
"2897",-17676.446
"2898",-17869.352
"2899",-17460.377
"2900",-17937.783
"2901",-17961.785
"2902",-17778.435
"2903",-17953.021
"2904",-17867.276
"2905",-17805.39
"2906",-17646.242
"2907",-17772.942
"2908",-17948.726
"2909",-17446.357
"2910",-18099.358
"2911",-18020.892
"2912",-17956.867
"2913",-17855.188
"2914",-17788.14
"2915",-17938.164
"2916",-17938.276
"2917",-17558.696
"2918",-18061.548
"2919",-18239.124
"2920",-17801.41
"2921",-18106.646
"2922",-17632.593
"2923",-17702.539
"2924",-18100.396
"2925",-17887.117
"2926",-17573.009
"2927",-17539.5
"2928",-18228.988
"2929",-17997.901
"2930",-18095.662
"2931",-18030.387
"2932",-17815.201
"2933",-17830.186
"2934",-18137.088
"2935",-17856.561
"2936",-17872.032
"2937",-17552.7
"2938",-18164.486
"2939",-17956.843
"2940",-18023.6
"2941",-17973.841
"2942",-17755.239
"2943",-17803.863
"2944",-17766.508
"2945",-17822.937
"2946",-18206.388
"2947",-17877.063
"2948",-17717.234
"2949",-17630.712
"2950",-17911.774
"2951",-17888.442
"2952",-17822.934
"2953",-17667.373
"2954",-17552.933
"2955",-17801.209
"2956",-18011.882
"2957",-18243.035
"2958",-17635.804
"2959",-17726.275
"2960",-17736.577
"2961",-17802.187
"2962",-17677.771
"2963",-17915.621
"2964",-17842.875
"2965",-17993.329
"2966",-17790.169
"2967",-17678.203
"2968",-17835.845
"2969",-18261.163
"2970",-17582.672
"2971",-17686.652
"2972",-17752.617
"2973",-17798.368
"2974",-17972.429
"2975",-17881.478
"2976",-17862.106
"2977",-17880.012
"2978",-17952.329
"2979",-18147.664
"2980",-17517.939
"2981",-17658.913
"2982",-17606.37
"2983",-17486.724
"2984",-18052.087
"2985",-17975.52
"2986",-17392.966
"2987",-17570.719
"2988",-17842.921
"2989",-17743.217
"2990",-17977.061
"2991",-17623.235
"2992",-18193.473
"2993",-18081.867
"2994",-17674.771
"2995",-17736.517
"2996",-18023.519
"2997",-17453.953
"2998",-17892.093
"2999",-18056.297
"3000",-17874.772
"3001",-17980.92
"3002",-17942.239
"3003",-18173.228
"3004",-17532.292
"3005",-18021.721
"3006",-17709.747
"3007",-17782.301
"3008",-17814.247
"3009",-17928.005
"3010",-17828.235
"3011",-17744.115
"3012",-17915.592
"3013",-17670.911
"3014",-17774.069
"3015",-18132.801
"3016",-17940.639
"3017",-17615.996
"3018",-17999.383
"3019",-18299.294
"3020",-17623.625
"3021",-17805.708
"3022",-17777.628
"3023",-17491.951
"3024",-17802.503
"3025",-17860.029
"3026",-17882.151
"3027",-17953.314
"3028",-17721.131
"3029",-18154.351
"3030",-17751.732
"3031",-18103.231
"3032",-17661.85
"3033",-18092.659
"3034",-18174.062
"3035",-17671.561
"3036",-17734.969
"3037",-17870.527
"3038",-17985.112
"3039",-17950.203
"3040",-17946.27
"3041",-17393.946
"3042",-17754.942
"3043",-17898.318
"3044",-17761.809
"3045",-17733.9
"3046",-18233.338
"3047",-17888.529
"3048",-17754.024
"3049",-17551.843
"3050",-18001.378
"3051",-17841.967
"3052",-17757.311
"3053",-17798.535
"3054",-17961.053
"3055",-18083.283
"3056",-17554.822
"3057",-18037
"3058",-17365.332
"3059",-17662.775
"3060",-17955.899
"3061",-17607.028
"3062",-17947.26
"3063",-18017.826
"3064",-18253.786
"3065",-17979.873
"3066",-17638.199
"3067",-17909.827
"3068",-17805.277
"3069",-17591.835
"3070",-17872.129
"3071",-18259.602
"3072",-17983.6
"3073",-17827.868
"3074",-18105.717
"3075",-17702.179
"3076",-18050.39
"3077",-17971.524
"3078",-17818.515
"3079",-17745.626
"3080",-17902.099
"3081",-17835.76
"3082",-17999.937
"3083",-17960.141
"3084",-17799.674
"3085",-17896.614
"3086",-17962.837
"3087",-17801.359
"3088",-17747.639
"3089",-18269.5
"3090",-17526.933
"3091",-17848.93
"3092",-17820.085
"3093",-18082.355
"3094",-17758.117
"3095",-17673.602
"3096",-17881.054
"3097",-17788.698
"3098",-17498.674
"3099",-17902.201
"3100",-17700.619
"3101",-17439.808
"3102",-17634.469
"3103",-17980.157
"3104",-17843.841
"3105",-17570.497
"3106",-18084.135
"3107",-18000.757
"3108",-17838.88
"3109",-17662.806
"3110",-17959.9
"3111",-17954.489
"3112",-17902.659
"3113",-17993.379
"3114",-17935.649
"3115",-18380.542
"3116",-18157.894
"3117",-17455.086
"3118",-17931.784
"3119",-17952.986
"3120",-17750.392
"3121",-17784.343
"3122",-17889.946
"3123",-17612.518
"3124",-17565.896
"3125",-18258.66
"3126",-17954.911
"3127",-17618.226
"3128",-17776.658
"3129",-18073.09
"3130",-17904.214
"3131",-17825.725
"3132",-17910.115
"3133",-17683.797
"3134",-18082.498
"3135",-18197.434
"3136",-17798.341
"3137",-17953.544
"3138",-17948.076
"3139",-18056.584
"3140",-17817.411
"3141",-18136.849
"3142",-17808.198
"3143",-17854.629
"3144",-17836.406
"3145",-17955.603
"3146",-17560.112
"3147",-17972.668
"3148",-18158.944
"3149",-17769.528
"3150",-17439.617
"3151",-17850.63
"3152",-18070.665
"3153",-17767.575
"3154",-17556.574
"3155",-18261.55
"3156",-17929.761
"3157",-17870.517
"3158",-17487.069
"3159",-17504.167
"3160",-17675.326
"3161",-18025.054
"3162",-18062.049
"3163",-17818.532
"3164",-17807.207
"3165",-18216.129
"3166",-17793.545
"3167",-17754.498
"3168",-17991.159
"3169",-18439.744
"3170",-18185.9
"3171",-17981.376
"3172",-17331.731
"3173",-18016.113
"3174",-18030.345
"3175",-18339.157
"3176",-18040.904
"3177",-17364.953
"3178",-17961.352
"3179",-17752.557
"3180",-17709.167
"3181",-18121.352
"3182",-18098.492
"3183",-17682.973
"3184",-17575.865
"3185",-17720.715
"3186",-17902.898
"3187",-17546.296
"3188",-18058.268
"3189",-17788.618
"3190",-18102.112
"3191",-17977.496
"3192",-18022.356
"3193",-17862.272
"3194",-17891.107
"3195",-18117.365
"3196",-17910.703
"3197",-17915.663
"3198",-17768.344
"3199",-17758.452
"3200",-18078.257
"3201",-18029.836
"3202",-17756.076
"3203",-17966.905
"3204",-17855.243
"3205",-18148.801
"3206",-17720.686
"3207",-17772.981
"3208",-18027.842
"3209",-17821.139
"3210",-17943.128
"3211",-17797.744
"3212",-17687.485
"3213",-17753.79
"3214",-17845.683
"3215",-17786.644
"3216",-17832.158
"3217",-17336.873
"3218",-17839.784
"3219",-17514.478
"3220",-17813.748
"3221",-18037.828
"3222",-17793.615
"3223",-18068.327
"3224",-17944.854
"3225",-18151.814
"3226",-17846.41
"3227",-17846.997
"3228",-18278.629
"3229",-18112.235
"3230",-17727.82
"3231",-17760.383
"3232",-18010.117
"3233",-17509.905
"3234",-17726.954
"3235",-17764.547
"3236",-17486.876
"3237",-18012.056
"3238",-17837.851
"3239",-18089.341
"3240",-18061.302
"3241",-17512.742
"3242",-17934.552
"3243",-18138.398
"3244",-17962.643
"3245",-17955.362
"3246",-17741.993
"3247",-17782.229
"3248",-17787.728
"3249",-17895.662
"3250",-18122.243
"3251",-17494.798
"3252",-17887.2
"3253",-17861.25
"3254",-17634.32
"3255",-18013.23
"3256",-17784.022
"3257",-17624.232
"3258",-18159.956
"3259",-18009.39
"3260",-17997.899
"3261",-17884.972
"3262",-17451.506
"3263",-18097.109
"3264",-18042.308
"3265",-17940.022
"3266",-17963.151
"3267",-18161.617
"3268",-18022.495
"3269",-17606.436
"3270",-17567.496
"3271",-17740.42
"3272",-17708.526
"3273",-17687.556
"3274",-17695.291
"3275",-17829.989
"3276",-17604.202
"3277",-17903.261
"3278",-17947.417
"3279",-18089.493
"3280",-17863.847
"3281",-17791.965
"3282",-17855.824
"3283",-17901.698
"3284",-17938.318
"3285",-17999.86
"3286",-17895.956
"3287",-17582.16
"3288",-17966.446
"3289",-18170.994
"3290",-17973.221
"3291",-17681.131
"3292",-17585.571
"3293",-17883.824
"3294",-18025.244
"3295",-17385.767
"3296",-17697.935
"3297",-17473.522
"3298",-17744.425
"3299",-17995.38
"3300",-17887.67
"3301",-17947.379
"3302",-17705.834
"3303",-17752.424
"3304",-17452.223
"3305",-17846.449
"3306",-18006.283
"3307",-18291.273
"3308",-18437.879
"3309",-17998.085
"3310",-17916.709
"3311",-18176.441
"3312",-17822.615
"3313",-18329.104
"3314",-17416.166
"3315",-17666.431
"3316",-17672.312
"3317",-18180.864
"3318",-17608.898
"3319",-18033.236
"3320",-17938.672
"3321",-17782.414
"3322",-17881.875
"3323",-17891.688
"3324",-17840.315
"3325",-17862.507
"3326",-17399.071
"3327",-18060.693
"3328",-17709.46
"3329",-18062.332
"3330",-17976.719
"3331",-18139.211
"3332",-17695.18
"3333",-18122.092
"3334",-17905.192
"3335",-18044.697
"3336",-17906.168
"3337",-18022.819
"3338",-17785.473
"3339",-17458.736
"3340",-17797.624
"3341",-18053.644
"3342",-17472.983
"3343",-17950.706
"3344",-17839.462
"3345",-17874.165
"3346",-17839.785
"3347",-17719.786
"3348",-18064.394
"3349",-17817.84
"3350",-17842.936
"3351",-17751.142
"3352",-17770.553
"3353",-17741.764
"3354",-17889.69
"3355",-17865.77
"3356",-17807.306
"3357",-17988.95
"3358",-18014.463
"3359",-18174.391
"3360",-17619.836
"3361",-17862.746
"3362",-18003.07
"3363",-18002.381
"3364",-17395.518
"3365",-17708.302
"3366",-18140.12
"3367",-17858.781
"3368",-18189.07
"3369",-17937.368
"3370",-17813.624
"3371",-18194.041
"3372",-17796.453
"3373",-17597.819
"3374",-17841.566
"3375",-18058.831
"3376",-17798.723
"3377",-17873.92
"3378",-18103.25
"3379",-17735.884
"3380",-17913.026
"3381",-17992.967
"3382",-17992.893
"3383",-17635.578
"3384",-17819.46
"3385",-18134.45
"3386",-17862.718
"3387",-17948.137
"3388",-17976.885
"3389",-17682.649
"3390",-17695.33
"3391",-17815.628
"3392",-17354.004
"3393",-17580.375
"3394",-17945.109
"3395",-17811.136
"3396",-18087.141
"3397",-17465.015
"3398",-17891.323
"3399",-18012.219
"3400",-17931.919
"3401",-17898.314
"3402",-17676.288
"3403",-17552.68
"3404",-17879.285
"3405",-18146.163
"3406",-17748.104
"3407",-17960.253
"3408",-17994.048
"3409",-17820.661
"3410",-17764.888
"3411",-18130.554
"3412",-17976.434
"3413",-17990.868
"3414",-17486.036
"3415",-18008.02
"3416",-17755.36
"3417",-17945.597
"3418",-17844.879
"3419",-18176.868
"3420",-18098.799
"3421",-17660.595
"3422",-18049.373
"3423",-17969.306
"3424",-17691.722
"3425",-17628.417
"3426",-17406.384
"3427",-17410.439
"3428",-17530.62
"3429",-18144.07
"3430",-17631.505
"3431",-17847.304
"3432",-17738.093
"3433",-17988.281
"3434",-17951.301
"3435",-17709.219
"3436",-17687.638
"3437",-17838.087
"3438",-18080.326
"3439",-17994.287
"3440",-18041.901
"3441",-17788.335
"3442",-17643.934
"3443",-17991.048
"3444",-18270.599
"3445",-17855.674
"3446",-17593.898
"3447",-17736.334
"3448",-17936.169
"3449",-17834.818
"3450",-17815.567
"3451",-17814.139
"3452",-17995.263
"3453",-17927.313
"3454",-17950.374
"3455",-18137.756
"3456",-17510.357
"3457",-18094.542
"3458",-17560.063
"3459",-18071.849
"3460",-17961.891
"3461",-17647.778
"3462",-18050.258
"3463",-18015.567
"3464",-17808.301
"3465",-17818.011
"3466",-17980.733
"3467",-17919.702
"3468",-17965.678
"3469",-17824.742
"3470",-18092.666
"3471",-17605.342
"3472",-18310.254
"3473",-17886.109
"3474",-17854.999
"3475",-17532.899
"3476",-18156.607
"3477",-18040.403
"3478",-17618.974
"3479",-17450.376
"3480",-17780.578
"3481",-17886.605
"3482",-18072.426
"3483",-18186.705
"3484",-17836.973
"3485",-17632.091
"3486",-17979.343
"3487",-17558.067
"3488",-18078.585
"3489",-17899.423
"3490",-17742.698
"3491",-17715.419
"3492",-17816.943
"3493",-17819.094
"3494",-17822.51
"3495",-17644.818
"3496",-18081.966
"3497",-17774.022
"3498",-17875.136
"3499",-17926.909
"3500",-18014.994
"3501",-17997.75
"3502",-17681.519
"3503",-18076.382
"3504",-18210.387
"3505",-17985.651
"3506",-17994.789
"3507",-17969.795
"3508",-17813.867
"3509",-18044.82
"3510",-17552.685
"3511",-17832.262
"3512",-17517.174
"3513",-17858.65
"3514",-17689.718
"3515",-17966.623
"3516",-18238.167
"3517",-17638.513
"3518",-18167.784
"3519",-17717.934
"3520",-18020.132
"3521",-17980.688
"3522",-17977.877
"3523",-17933.384
"3524",-18352.982
"3525",-17453.03
"3526",-18106.387
"3527",-17428.326
"3528",-17803.416
"3529",-17886.183
"3530",-17734.675
"3531",-18068.2
"3532",-17799.492
"3533",-17713.37
"3534",-17980.53
"3535",-17865.654
"3536",-17694.906
"3537",-17740.968
"3538",-17828.698
"3539",-17682.967
"3540",-18201.329
"3541",-17920.345
"3542",-17255.599
"3543",-17670.244
"3544",-17666.912
"3545",-17896.772
"3546",-17755.164
"3547",-18048.436
"3548",-17739.707
"3549",-17749.912
"3550",-17988.096
"3551",-17778.54
"3552",-18199.178
"3553",-18265.859
"3554",-18125.621
"3555",-17405.193
"3556",-18054.147
"3557",-17423.091
"3558",-18230.572
"3559",-17870.548
"3560",-17983.608
"3561",-17386.835
"3562",-17718.283
"3563",-17713.896
"3564",-17975.061
"3565",-17964.143
"3566",-17917.031
"3567",-17876.306
"3568",-17392.95
"3569",-17826.334
"3570",-17983.034
"3571",-18027.956
"3572",-18270.973
"3573",-17833.573
"3574",-17824.903
"3575",-17716.52
"3576",-17789.447
"3577",-17969.912
"3578",-17896.383
"3579",-18331.412
"3580",-17753.017
"3581",-17951.273
"3582",-18141.503
"3583",-17695.366
"3584",-17701.366
"3585",-18111.89
"3586",-17730.869
"3587",-17657.827
"3588",-18131.326
"3589",-17740.405
"3590",-17808.725
"3591",-17643.216
"3592",-17708.185
"3593",-18046.35
"3594",-17754.78
"3595",-17681.375
"3596",-18173.238
"3597",-18316.812
"3598",-18078.437
"3599",-17823.293
"3600",-17947.923
"3601",-18017.209
"3602",-18057.774
"3603",-17722.27
"3604",-18048.07
"3605",-17996.087
"3606",-18019.242
"3607",-18096.477
"3608",-17811.05
"3609",-18055.595
"3610",-17758.015
"3611",-18054.683
"3612",-17867.834
"3613",-17854.922
"3614",-17959.168
"3615",-17885.359
"3616",-18160.787
"3617",-17941.64
"3618",-17954.057
"3619",-17932.462
"3620",-18018.419
"3621",-18135.303
"3622",-18102.328
"3623",-17609.702
"3624",-17744.885
"3625",-17522.791
"3626",-18119.413
"3627",-17926.372
"3628",-18104.79
"3629",-17708.246
"3630",-17887.465
"3631",-17761.138
"3632",-18146.696
"3633",-17862.573
"3634",-17816.191
"3635",-18189.01
"3636",-17849.851
"3637",-17938.798
"3638",-17794.569
"3639",-17562.826
"3640",-18089.172
"3641",-17971.182
"3642",-18094.19
"3643",-17680.122
"3644",-18122.449
"3645",-17950.063
"3646",-17756.829
"3647",-17767.847
"3648",-17939.139
"3649",-18019.825
"3650",-18064.377
"3651",-17693.663
"3652",-17793.875
"3653",-17790.957
"3654",-17936.673
"3655",-17840.463
"3656",-17679.597
"3657",-17736.288
"3658",-17847.569
"3659",-17901.795
"3660",-18028.548
"3661",-17827.543
"3662",-17830.022
"3663",-17908.104
"3664",-17886.041
"3665",-18044.183
"3666",-17789.427
"3667",-18014.451
"3668",-18034.019
"3669",-18056.623
"3670",-17860.182
"3671",-17928.601
"3672",-17627.08
"3673",-18277.994
"3674",-17876.243
"3675",-17933.843
"3676",-17937.704
"3677",-17782.13
"3678",-17577.169
"3679",-18098.814
"3680",-17538.204
"3681",-18034.32
"3682",-18054.92
"3683",-17758.466
"3684",-17915.303
"3685",-17824.953
"3686",-17743.596
"3687",-18047.983
"3688",-18163.363
"3689",-17674.337
"3690",-17756.059
"3691",-17864.064
"3692",-17737.714
"3693",-17701.694
"3694",-17724.305
"3695",-17789.59
"3696",-17884.531
"3697",-17639.288
"3698",-17765.259
"3699",-17676.882
"3700",-17464.76
"3701",-17779.534
"3702",-17392.743
"3703",-17834.666
"3704",-17613.674
"3705",-17897.189
"3706",-18134.695
"3707",-17809.532
"3708",-17802.925
"3709",-17904.504
"3710",-17444.054
"3711",-17657.881
"3712",-17667.069
"3713",-17690.165
"3714",-17471.588
"3715",-18191.664
"3716",-18004.807
"3717",-17582.44
"3718",-17723.33
"3719",-18081.673
"3720",-17779.803
"3721",-17433.209
"3722",-17945.722
"3723",-18154.821
"3724",-17642.698
"3725",-17762.44
"3726",-18002.056
"3727",-17935.838
"3728",-17854.977
"3729",-17613.991
"3730",-18077.919
"3731",-18117.926
"3732",-17440.181
"3733",-17983.865
"3734",-17259.498
"3735",-18054.709
"3736",-17799.755
"3737",-17787.083
"3738",-17690.495
"3739",-17795.662
"3740",-18064.788
"3741",-17956.572
"3742",-18034.615
"3743",-17944.781
"3744",-17920.344
"3745",-17780.071
"3746",-18040.432
"3747",-17720.582
"3748",-17726.177
"3749",-17712.229
"3750",-18089.446
"3751",-18136.894
"3752",-17850.864
"3753",-17659.13
"3754",-17737.578
"3755",-17673.981
"3756",-17858.925
"3757",-17977.723
"3758",-17893.985
"3759",-17864.233
"3760",-17976.502
"3761",-17771.42
"3762",-17636.898
"3763",-17854.268
"3764",-17820.331
"3765",-17719.692
"3766",-17604.272
"3767",-17892.747
"3768",-18014.288
"3769",-17930.707
"3770",-18114.064
"3771",-18185.588
"3772",-17594.617
"3773",-17710.375
"3774",-17751.096
"3775",-17777.32
"3776",-17789.733
"3777",-17888.769
"3778",-18219.916
"3779",-18034.508
"3780",-17876.025
"3781",-17951.377
"3782",-17959.869
"3783",-17939.86
"3784",-17977.033
"3785",-17737.5
"3786",-17848.131
"3787",-18239.709
"3788",-17858.796
"3789",-17478.801
"3790",-17977.632
"3791",-17905.652
"3792",-17852.238
"3793",-17691.776
"3794",-17978.453
"3795",-17556.707
"3796",-17988.625
"3797",-17759.401
"3798",-18134.172
"3799",-18010.476
"3800",-17691.15
"3801",-17547.278
"3802",-17895.235
"3803",-17936.818
"3804",-17668.828
"3805",-17734.47
"3806",-18001.448
"3807",-17876.956
"3808",-18136.986
"3809",-17606.745
"3810",-18296.291
"3811",-18115.701
"3812",-18142.917
"3813",-17876.136
"3814",-17977.865
"3815",-17852.455
"3816",-18279.104
"3817",-17597.506
"3818",-17633.867
"3819",-17731.532
"3820",-17705.083
"3821",-17726.332
"3822",-17859.029
"3823",-18011.736
"3824",-17705.539
"3825",-18113.52
"3826",-17790.136
"3827",-18018.336
"3828",-18118.665
"3829",-18267.996
"3830",-17539.661
"3831",-17924.159
"3832",-17282.891
"3833",-17846.662
"3834",-17444.505
"3835",-17954.013
"3836",-17973.794
"3837",-17728.343
"3838",-17931.135
"3839",-17824.61
"3840",-17635.629
"3841",-17866.222
"3842",-17507.365
"3843",-18083.441
"3844",-17790.575
"3845",-17759.832
"3846",-17857.399
"3847",-18120.904
"3848",-17954.977
"3849",-17941.455
"3850",-17972.779
"3851",-17853.692
"3852",-17810.056
"3853",-17196.57
"3854",-17271.813
"3855",-18056.286
"3856",-17707.07
"3857",-18170.234
"3858",-17806.034
"3859",-17485.413
"3860",-17720.455
"3861",-17633.494
"3862",-18419.645
"3863",-18324.417
"3864",-17571.839
"3865",-17922.659
"3866",-18029.013
"3867",-17598.704
"3868",-18137.243
"3869",-17892.213
"3870",-17838.799
"3871",-17722.822
"3872",-17661.364
"3873",-17607.179
"3874",-18019.731
"3875",-17793.523
"3876",-18066.31
"3877",-17582.76
"3878",-18061.136
"3879",-17984.475
"3880",-17880.617
"3881",-17906.089
"3882",-17626.143
"3883",-18149.144
"3884",-18103.395
"3885",-17624.704
"3886",-17329.937
"3887",-18029.466
"3888",-17854.981
"3889",-17699.631
"3890",-17733.038
"3891",-17875.881
"3892",-17931.743
"3893",-17803.975
"3894",-18130.635
"3895",-17716.939
"3896",-18009.916
"3897",-17893.691
"3898",-17538.275
"3899",-17894.91
"3900",-18173.241
"3901",-18057.812
"3902",-17915.263
"3903",-18049.648
"3904",-17501.914
"3905",-17639.887
"3906",-18037.646
"3907",-18172.075
"3908",-17969.876
"3909",-17506.161
"3910",-18045.595
"3911",-17576.841
"3912",-17806.014
"3913",-17989.469
"3914",-17910.69
"3915",-17918.497
"3916",-17771.853
"3917",-17790.678
"3918",-17994.276
"3919",-17573.655
"3920",-17780.74
"3921",-18006.082
"3922",-17949.812
"3923",-18008.974
"3924",-17437.794
"3925",-17690.071
"3926",-17553.266
"3927",-17955.527
"3928",-17828.649
"3929",-17940.153
"3930",-17843.517
"3931",-18229.291
"3932",-18449.579
"3933",-17729.9
"3934",-17885.726
"3935",-17783.444
"3936",-18117.75
"3937",-17633.371
"3938",-17431.622
"3939",-17594.764
"3940",-18033.569
"3941",-17937.025
"3942",-17797.848
"3943",-17894.264
"3944",-17726.851
"3945",-17791.787
"3946",-17951.913
"3947",-17830.934
"3948",-17658.955
"3949",-17840.988
"3950",-18043.972
"3951",-17924.658
"3952",-17448.304
"3953",-17832.546
"3954",-17819.983
"3955",-17870.103
"3956",-17955.834
"3957",-17641.702
"3958",-17329.206
"3959",-17966.114
"3960",-17889.847
"3961",-17870.772
"3962",-17617.76
"3963",-17798.959
"3964",-18346.698
"3965",-17991.876
"3966",-18051.29
"3967",-17876.894
"3968",-17747.346
"3969",-17977.979
"3970",-18263.275
"3971",-18121.276
"3972",-17788.53
"3973",-18068.127
"3974",-17805.82
"3975",-17723.387
"3976",-17887.438
"3977",-17650.48
"3978",-17896.807
"3979",-17826.058
"3980",-17585.503
"3981",-18321.675
"3982",-17784.828
"3983",-18014.491
"3984",-17826.787
"3985",-18000.912
"3986",-18056.134
"3987",-17868.985
"3988",-17815.517
"3989",-17839.176
"3990",-18052.146
"3991",-17820.388
"3992",-17871.553
"3993",-17661.575
"3994",-17600.611
"3995",-17853.623
"3996",-17726.367
"3997",-18052.012
"3998",-17841.13
"3999",-17693.658
"4000",-18018.483
"4001",-18259.948
"4002",-18046.187
"4003",-17927.038
"4004",-17831.775
"4005",-17832.186
"4006",-17727.956
"4007",-17766.53
"4008",-17503.779
"4009",-17658.16
"4010",-17955.938
"4011",-17956.596
"4012",-17963.095
"4013",-17853.74
"4014",-18047.307
"4015",-17890.438
"4016",-17733.13
"4017",-17759.766
"4018",-17695.301
"4019",-17733.376
"4020",-17852.28
"4021",-18056.059
"4022",-17895.009
"4023",-17797.754
"4024",-17764.374
"4025",-17601.864
"4026",-17912.122
"4027",-18050.292
"4028",-17859.512
"4029",-17514.142
"4030",-18030.167
"4031",-17543.488
"4032",-17764.808
"4033",-17866.079
"4034",-17723.28
"4035",-17692.18
"4036",-18043.223
"4037",-17977.829
"4038",-17741.973
"4039",-17998.503
"4040",-17772.359
"4041",-17961.702
"4042",-17821.369
"4043",-18047.916
"4044",-17536.784
"4045",-17793.85
"4046",-17947.197
"4047",-18122.323
"4048",-18152.606
"4049",-17623.179
"4050",-18057.596
"4051",-17746.472
"4052",-17926.196
"4053",-17768.618
"4054",-17585.082
"4055",-18063.744
"4056",-17798.656
"4057",-17870.35
"4058",-17733.65
"4059",-17836.204
"4060",-17631.41
"4061",-17769.512
"4062",-17670.482
"4063",-17954.241
"4064",-18064.384
"4065",-18053.561
"4066",-17634.782
"4067",-17509.669
"4068",-17996.136
"4069",-17897.832
"4070",-17748.619
"4071",-18047.701
"4072",-17886.781
"4073",-17878.925
"4074",-17776.104
"4075",-17442.437
"4076",-17969.262
"4077",-17559.546
"4078",-17741.973
"4079",-18155.238
"4080",-17525.664
"4081",-17455.901
"4082",-17671.939
"4083",-17584.615
"4084",-18019.964
"4085",-18089.14
"4086",-17652.66
"4087",-17859.123
"4088",-17762.825
"4089",-17952.491
"4090",-18162.932
"4091",-17632.046
"4092",-18049.349
"4093",-17999.791
"4094",-17621.489
"4095",-17844.772
"4096",-17783.737
"4097",-17999.989
"4098",-17905.3
"4099",-17937.724
"4100",-18038.96
"4101",-18042.504
"4102",-18006.42
"4103",-17925.644
"4104",-17837.922
"4105",-17498.724
"4106",-18079.077
"4107",-17622.406
"4108",-18082.747
"4109",-17969.644
"4110",-17797.068
"4111",-18368.535
"4112",-18349.923
"4113",-17576.078
"4114",-17730.383
"4115",-17841.814
"4116",-18166.987
"4117",-17897.13
"4118",-18073.748
"4119",-17811.129
"4120",-17511.793
"4121",-18165.874
"4122",-18019.212
"4123",-17993.682
"4124",-18028.751
"4125",-18377.245
"4126",-18033.45
"4127",-17990.039
"4128",-17760.636
"4129",-17739.96
"4130",-17591.487
"4131",-17729.877
"4132",-18155.491
"4133",-17870.733
"4134",-18049.279
"4135",-17787.664
"4136",-18020.742
"4137",-17846.42
"4138",-17806.403
"4139",-17838.135
"4140",-17950.254
"4141",-17584.204
"4142",-17948.048
"4143",-17429.197
"4144",-17670.923
"4145",-18069.17
"4146",-17722.14
"4147",-17895.618
"4148",-17833.827
"4149",-17958.948
"4150",-17913.176
"4151",-18003.735
"4152",-17871.056
"4153",-17793.897
"4154",-17969.371
"4155",-17852.475
"4156",-18003.327
"4157",-17777.189
"4158",-17947.043
"4159",-17817.828
"4160",-17832.458
"4161",-17954.407
"4162",-18125.013
"4163",-18099.956
"4164",-17810.48
"4165",-17817.861
"4166",-17777.934
"4167",-17553.151
"4168",-17997.04
"4169",-17825.392
"4170",-17442.34
"4171",-18048.129
"4172",-17546.175
"4173",-17817.24
"4174",-17641.65
"4175",-17744.183
"4176",-18322.541
"4177",-17578.824
"4178",-18208.209
"4179",-17710.545
"4180",-17913.391
"4181",-17892.314
"4182",-17709.932
"4183",-17925.648
"4184",-17630.516
"4185",-17478.314
"4186",-17650.497
"4187",-17819.459
"4188",-17857.076
"4189",-17838.622
"4190",-18059.986
"4191",-17765.701
"4192",-17967.609
"4193",-17943.117
"4194",-17900.425
"4195",-18058.029
"4196",-17669.907
"4197",-18021.995
"4198",-17758.756
"4199",-18108.966
"4200",-17887.076
"4201",-17918.86
"4202",-17668.084
"4203",-18026.031
"4204",-17770.481
"4205",-18046.746
"4206",-18176.968
"4207",-17377.327
"4208",-17960.967
"4209",-18025.063
"4210",-17725.18
"4211",-17921.029
"4212",-17575.367
"4213",-18108.72
"4214",-17864.432
"4215",-17578.018
"4216",-17751.409
"4217",-17770.95
"4218",-17905.143
"4219",-17702.448
"4220",-18016.537
"4221",-17940.706
"4222",-18340.744
"4223",-17761.763
"4224",-17869.425
"4225",-17725.626
"4226",-18050.242
"4227",-17975.972
"4228",-17892.132
"4229",-17844.923
"4230",-17978.016
"4231",-17864.121
"4232",-18011.311
"4233",-17717.337
"4234",-18046.576
"4235",-17610.086
"4236",-17582.119
"4237",-17816.272
"4238",-17577.283
"4239",-17870.117
"4240",-17538.064
"4241",-17916.401
"4242",-17810.23
"4243",-17899.66
"4244",-17816.426
"4245",-17805.561
"4246",-17818.663
"4247",-18018.683
"4248",-18062.636
"4249",-17546.176
"4250",-17870.896
"4251",-17696.605
"4252",-17702.671
"4253",-17916.19
"4254",-17845.538
"4255",-17618.874
"4256",-17764.387
"4257",-17791.789
"4258",-17623.013
"4259",-17702.684
"4260",-17727.7
"4261",-18128.051
"4262",-17690.295
"4263",-18028.993
"4264",-17639.786
"4265",-17872.042
"4266",-18003.178
"4267",-17986.537
"4268",-17859.435
"4269",-17965.68
"4270",-17741.786
"4271",-17903.872
"4272",-17737.508
"4273",-17653.021
"4274",-17626.597
"4275",-18082.108
"4276",-17702.18
"4277",-17860.96
"4278",-17595.867
"4279",-17866.984
"4280",-18076.778
"4281",-17779.673
"4282",-18134.379
"4283",-17951.143
"4284",-18136.027
"4285",-18098.981
"4286",-17761.054
"4287",-18069.754
"4288",-17600.535
"4289",-17598.44
"4290",-17805.415
"4291",-17954.024
"4292",-17600.749
"4293",-17788.874
"4294",-17903.073
"4295",-17665.68
"4296",-17694.547
"4297",-18115.924
"4298",-17619.123
"4299",-18232.029
"4300",-17865.708
"4301",-17436.636
"4302",-18105.007
"4303",-17998.629
"4304",-17764.886
"4305",-17751.592
"4306",-17817.929
"4307",-18010.067
"4308",-17999.235
"4309",-18002.255
"4310",-17857.035
"4311",-18067.674
"4312",-17830.936
"4313",-17915.477
"4314",-17733.258
"4315",-18292.859
"4316",-17863.187
"4317",-17436.906
"4318",-18090.835
"4319",-17661.387
"4320",-17821.708
"4321",-17966.981
"4322",-17830.101
"4323",-18206.594
"4324",-18221.206
"4325",-17857.565
"4326",-17649.075
"4327",-17745.94
"4328",-17677.802
"4329",-17649.11
"4330",-17716.693
"4331",-17904.669
"4332",-17887.416
"4333",-17747.626
"4334",-18415.921
"4335",-17820.433
"4336",-17762.146
"4337",-17727.835
"4338",-18107.619
"4339",-18121.999
"4340",-18027.612
"4341",-17470.547
"4342",-17396.397
"4343",-17879.761
"4344",-17665.684
"4345",-17867.16
"4346",-17743.752
"4347",-17987.253
"4348",-17811.736
"4349",-17506.472
"4350",-17720.369
"4351",-17769.156
"4352",-17742.443
"4353",-18196.758
"4354",-17703.08
"4355",-17840.394
"4356",-17470.569
"4357",-18155.169
"4358",-18034.21
"4359",-17943.915
"4360",-17621.272
"4361",-17935.069
"4362",-17855.684
"4363",-17558.286
"4364",-17641.135
"4365",-17692.594
"4366",-18162.691
"4367",-17928.104
"4368",-17987.514
"4369",-18210.008
"4370",-17544.095
"4371",-18227.468
"4372",-17846.798
"4373",-17847.123
"4374",-17505.785
"4375",-17873.888
"4376",-17659.103
"4377",-17877.956
"4378",-17989.571
"4379",-17901.684
"4380",-17877.005
"4381",-17952.381
"4382",-18337.814
"4383",-18079.673
"4384",-17741.343
"4385",-18363.603
"4386",-17814.153
"4387",-17980.454
"4388",-18300.41
"4389",-17729.362
"4390",-17734.346
"4391",-18220.686
"4392",-18033.125
"4393",-17804.956
"4394",-18086.964
"4395",-17712.896
"4396",-17609.364
"4397",-18022.69
"4398",-17904.91
"4399",-18109.264
"4400",-18147.124
"4401",-17751.472
"4402",-18077.435
"4403",-18137.135
"4404",-18204.001
"4405",-17865.353
"4406",-17941.067
"4407",-17714.057
"4408",-17890.237
"4409",-18220.081
"4410",-17980.521
"4411",-17911.914
"4412",-17712.255
"4413",-17834.728
"4414",-18016.717
"4415",-17993.32
"4416",-17889.015
"4417",-17812.732
"4418",-17983.292
"4419",-17529.318
"4420",-17722.104
"4421",-17494.67
"4422",-17831.248
"4423",-17811.161
"4424",-17836.346
"4425",-18015.874
"4426",-18058.9
"4427",-18008.227
"4428",-17931.593
"4429",-18003.73
"4430",-17760.065
"4431",-17710.92
"4432",-18142.027
"4433",-17646.468
"4434",-17615.307
"4435",-17683.795
"4436",-17785.782
"4437",-17776.287
"4438",-17825.061
"4439",-17916.551
"4440",-17932.755
"4441",-17969.761
"4442",-17799.766
"4443",-18008.987
"4444",-17857.162
"4445",-17284.139
"4446",-17874.903
"4447",-17565.63
"4448",-17766.451
"4449",-17739.129
"4450",-17755.913
"4451",-17991.881
"4452",-18109.926
"4453",-17944.61
"4454",-17867.971
"4455",-17719.813
"4456",-17508.045
"4457",-18029.903
"4458",-17946.797
"4459",-17429.995
"4460",-18309.695
"4461",-18097.282
"4462",-17386.512
"4463",-18032.329
"4464",-18067.925
"4465",-17878.816
"4466",-17951.099
"4467",-17504.955
"4468",-17706.027
"4469",-17820.231
"4470",-17762.949
"4471",-17583.318
"4472",-17736.573
"4473",-17844.324
"4474",-18044.978
"4475",-17800.053
"4476",-18174.667
"4477",-17872.072
"4478",-17970.346
"4479",-17513.696
"4480",-17619.69
"4481",-17605.611
"4482",-17221.722
"4483",-17795.263
"4484",-18071.782
"4485",-17587.702
"4486",-17971.473
"4487",-17808.212
"4488",-18055.301
"4489",-17875.649
"4490",-17547.641
"4491",-17870.485
"4492",-17981.532
"4493",-17991.815
"4494",-17681.726
"4495",-17665.484
"4496",-17734.258
"4497",-17955.83
"4498",-17730.892
"4499",-17713.157
"4500",-17882.653
"4501",-17703.483
"4502",-17873.804
"4503",-17741.097
"4504",-17922.052
"4505",-17751.216
"4506",-17578.735
"4507",-17827.584
"4508",-17895.748
"4509",-17799.326
"4510",-17863.867
"4511",-17644.55
"4512",-17776.499
"4513",-17743.897
"4514",-17742.418
"4515",-17910.639
"4516",-17574.99
"4517",-17838.962
"4518",-17980.887
"4519",-17938.368
"4520",-18126.462
"4521",-17619.171
"4522",-17789.446
"4523",-17998.865
"4524",-18006.421
"4525",-17417.491
"4526",-18005.389
"4527",-17884.183
"4528",-17946.642
"4529",-17950.824
"4530",-17749.128
"4531",-18028.272
"4532",-18374.793
"4533",-17977.89
"4534",-17414.89
"4535",-17865.75
"4536",-17796.854
"4537",-17877.156
"4538",-17730.652
"4539",-17818.103
"4540",-17859.155
"4541",-18101.123
"4542",-17720.166
"4543",-18221.651
"4544",-17958.198
"4545",-17670.616
"4546",-17787.689
"4547",-17742.827
"4548",-17484.359
"4549",-18348.104
"4550",-17711.716
"4551",-17736.703
"4552",-17949.315
"4553",-18079.178
"4554",-17771.485
"4555",-18145.321
"4556",-17665.372
"4557",-17733.524
"4558",-17922.992
"4559",-17953.813
"4560",-17689.215
"4561",-17807.661
"4562",-18052.015
"4563",-17942.034
"4564",-17849.064
"4565",-17772.466
"4566",-17882.755
"4567",-18156.573
"4568",-17472.041
"4569",-18118.515
"4570",-18112.808
"4571",-17928.971
"4572",-17718.459
"4573",-17866.119
"4574",-18188.829
"4575",-17908.506
"4576",-17031.759
"4577",-17869.4
"4578",-17865.015
"4579",-17925.495
"4580",-17937.784
"4581",-18089.4
"4582",-17970.195
"4583",-17871.821
"4584",-17902.252
"4585",-18013.133
"4586",-17752.451
"4587",-18139.275
"4588",-17768.556
"4589",-17944.698
"4590",-17835.543
"4591",-17790.77
"4592",-17851.554
"4593",-17863.9
"4594",-18416.054
"4595",-18072.291
"4596",-17950.98
"4597",-18078.38
"4598",-18062.209
"4599",-18095.855
"4600",-18112.693
"4601",-17496.686
"4602",-18145.794
"4603",-17719.329
"4604",-17666.248
"4605",-17949.158
"4606",-18289.304
"4607",-17960.447
"4608",-17894.771
"4609",-17889.913
"4610",-18163.025
"4611",-17925
"4612",-18098.679
"4613",-17961.287
"4614",-18125.975
"4615",-17931.704
"4616",-17665.709
"4617",-18058.025
"4618",-17984.943
"4619",-17683.412
"4620",-18127.413
"4621",-17711.574
"4622",-17851.558
"4623",-17702.622
"4624",-17876.819
"4625",-18093.274
"4626",-17354.849
"4627",-17267.168
"4628",-17686.389
"4629",-17646.744
"4630",-17706.091
"4631",-17871.386
"4632",-17782.982
"4633",-18083.294
"4634",-17805.026
"4635",-17982.507
"4636",-17644.953
"4637",-18062.62
"4638",-18081.925
"4639",-17782.206
"4640",-18078.27
"4641",-17817.834
"4642",-17958.62
"4643",-17950.493
"4644",-17952.002
"4645",-18112.461
"4646",-18032.079
"4647",-17712.414
"4648",-17962.493
"4649",-17983.075
"4650",-18117.628
"4651",-17785.549
"4652",-17686.217
"4653",-17989.329
"4654",-17719.596
"4655",-17905.091
"4656",-18038.472
"4657",-17883.971
"4658",-17865.018
"4659",-17753.894
"4660",-17847.797
"4661",-17912.15
"4662",-17957.927
"4663",-17466.611
"4664",-17588.977
"4665",-17745.211
"4666",-17760.371
"4667",-17944.983
"4668",-18134.078
"4669",-17887.054
"4670",-17934.018
"4671",-17741.034
"4672",-18057.838
"4673",-17916.865
"4674",-18388.033
"4675",-18288.25
"4676",-18063.297
"4677",-17889.147
"4678",-17728.492
"4679",-18022.428
"4680",-17970.332
"4681",-18023.886
"4682",-17916.527
"4683",-17709.244
"4684",-17919.933
"4685",-17858.652
"4686",-18295.73
"4687",-18068.262
"4688",-17992.69
"4689",-18007.81
"4690",-17951.447
"4691",-17737.202
"4692",-17707.29
"4693",-17822.053
"4694",-18008.94
"4695",-17682.734
"4696",-17433.645
"4697",-17891.765
"4698",-17725.452
"4699",-18046.239
"4700",-17669.253
"4701",-17638.885
"4702",-18278.157
"4703",-18056.075
"4704",-17734.909
"4705",-17623.104
"4706",-17657.245
"4707",-17629.231
"4708",-17685.147
"4709",-18001.711
"4710",-17615.541
"4711",-18025.019
"4712",-17818.536
"4713",-17600.446
"4714",-17698.067
"4715",-17853.135
"4716",-17691.889
"4717",-17795.213
"4718",-18136.007
"4719",-17973.319
"4720",-17549.072
"4721",-17821.231
"4722",-18274.692
"4723",-17967.574
"4724",-17524.273
"4725",-17766.974
"4726",-18039.661
"4727",-17649.22
"4728",-18079.783
"4729",-17569.088
"4730",-18140.777
"4731",-18071.717
"4732",-17836.248
"4733",-17801.958
"4734",-17744.265
"4735",-17750.475
"4736",-17926.085
"4737",-17878.633
"4738",-17638.38
"4739",-17923.608
"4740",-18305.586
"4741",-17793.004
"4742",-17812.598
"4743",-17756.56
"4744",-17746.946
"4745",-17861.492
"4746",-17917.359
"4747",-17337.202
"4748",-17575.281
"4749",-18017.341
"4750",-18007.927
"4751",-18068.857
"4752",-17732.335
"4753",-17807.134
"4754",-17805.476
"4755",-18068.888
"4756",-18052.754
"4757",-17806.087
"4758",-17735.117
"4759",-17866.366
"4760",-18078.662
"4761",-17807.335
"4762",-18092.894
"4763",-18154.496
"4764",-17600.861
"4765",-17921.259
"4766",-18059.387
"4767",-18115.308
"4768",-17838.863
"4769",-17591.2
"4770",-17798.648
"4771",-18126.811
"4772",-17665.059
"4773",-17864.994
"4774",-17660.826
"4775",-17839.885
"4776",-17643.908
"4777",-17716.567
"4778",-17948.661
"4779",-18004.53
"4780",-17914.396
"4781",-17832.101
"4782",-17818.61
"4783",-18104.411
"4784",-17574.195
"4785",-17924.11
"4786",-17678.974
"4787",-17697.807
"4788",-17563.263
"4789",-18088.81
"4790",-17886.161
"4791",-17882.488
"4792",-18111.543
"4793",-17998.131
"4794",-17737.597
"4795",-18149.223
"4796",-17795.417
"4797",-17601.848
"4798",-17752.083
"4799",-17969.707
"4800",-17836.679
"4801",-17571.884
"4802",-17555.584
"4803",-18067.871
"4804",-17611.996
"4805",-18045.922
"4806",-17937.667
"4807",-17553.958
"4808",-17756.98
"4809",-17817.025
"4810",-18191.466
"4811",-17466.786
"4812",-18130.034
"4813",-17682.722
"4814",-17555.233
"4815",-17888.828
"4816",-17713.265
"4817",-18133.624
"4818",-17982.567
"4819",-17973.714
"4820",-17572.983
"4821",-17847.114
"4822",-17709.109
"4823",-17737.393
"4824",-17878.608
"4825",-18266.353
"4826",-17579.584
"4827",-18108.225
"4828",-17818.942
"4829",-17752.634
"4830",-18129.752
"4831",-17824.242
"4832",-17853.593
"4833",-17436.622
"4834",-17690.85
"4835",-18029.024
"4836",-18094.184
"4837",-17612.383
"4838",-18453.818
"4839",-18313.804
"4840",-17704.4
"4841",-17832.584
"4842",-17944.442
"4843",-17691.473
"4844",-17714.195
"4845",-17779.963
"4846",-17624.427
"4847",-17782.574
"4848",-17962.079
"4849",-17979.748
"4850",-17566.673
"4851",-17784.449
"4852",-17996.854
"4853",-17673.395
"4854",-18008.976
"4855",-17590.341
"4856",-17836.569
"4857",-17657.087
"4858",-18105.648
"4859",-17868.273
"4860",-17984.568
"4861",-17357.468
"4862",-17563.728
"4863",-17820.182
"4864",-17806.682
"4865",-17637.523
"4866",-17815.865
"4867",-17588.763
"4868",-17792.084
"4869",-17888.09
"4870",-18204.672
"4871",-17525.331
"4872",-17693.573
"4873",-18015.814
"4874",-17791.857
"4875",-17487.356
"4876",-17917.087
"4877",-17580.287
"4878",-17619.364
"4879",-17582.799
"4880",-17761.646
"4881",-17965.528
"4882",-18341.278
"4883",-17892.432
"4884",-17877.221
"4885",-18170.307
"4886",-17952.749
"4887",-17720.775
"4888",-17981.988
"4889",-17938.046
"4890",-17981.979
"4891",-18104.746
"4892",-18038.221
"4893",-17766.586
"4894",-18247.365
"4895",-17708.487
"4896",-17805.186
"4897",-17981.805
"4898",-17905.584
"4899",-17953.983
"4900",-17740.457
"4901",-18031.976
"4902",-18098.241
"4903",-18130.843
"4904",-17749.766
"4905",-17910.149
"4906",-18186.254
"4907",-17760.657
"4908",-17870.332
"4909",-18116.491
"4910",-17789.676
"4911",-18067.768
"4912",-17694.33
"4913",-17821.019
"4914",-17890.816
"4915",-17860.994
"4916",-17739.605
"4917",-17911.171
"4918",-17835.36
"4919",-17824.116
"4920",-17644.68
"4921",-18251.166
"4922",-17871.094
"4923",-18320.604
"4924",-18314.499
"4925",-18153.272
"4926",-17606.836
"4927",-17346.637
"4928",-17853.631
"4929",-17758.797
"4930",-17862.576
"4931",-17984.114
"4932",-17683.212
"4933",-17788.537
"4934",-17720.313
"4935",-17538.554
"4936",-17945.514
"4937",-17914.306
"4938",-17680.246
"4939",-17759.725
"4940",-18136.281
"4941",-18076.077
"4942",-17871.968
"4943",-17845.657
"4944",-17708.336
"4945",-17658.377
"4946",-17550.853
"4947",-17775.698
"4948",-17823.886
"4949",-17687.448
"4950",-18095.811
"4951",-17588.376
"4952",-17491.166
"4953",-18073.602
"4954",-17727.577
"4955",-17735.472
"4956",-17610.744
"4957",-17990.396
"4958",-17921.791
"4959",-18125.97
"4960",-17746.533
"4961",-17983.655
"4962",-17736.374
"4963",-17932.544
"4964",-18125.699
"4965",-17961.463
"4966",-18183.046
"4967",-17566.456
"4968",-17729.844
"4969",-17773.675
"4970",-18442.687
"4971",-17999.948
"4972",-17734.901
"4973",-18005.997
"4974",-17867.386
"4975",-18169.526
"4976",-17502.683
"4977",-17469.223
"4978",-17368.366
"4979",-17646.068
"4980",-17987.237
"4981",-17732.404
"4982",-17981.919
"4983",-17837.503
"4984",-17727.42
"4985",-18124.664
"4986",-18083.647
"4987",-18108.817
"4988",-18269.39
"4989",-18115.509
"4990",-17551.479
"4991",-17684.373
"4992",-17588.6
"4993",-17581.433
"4994",-17863.525
"4995",-17933.583
"4996",-17599.296
"4997",-17806.162
"4998",-17803.895
"4999",-17352.228
"5000",-18137.758
"5001",-17845.916
"5002",-17578.298
"5003",-18163.853
"5004",-17931.97
"5005",-17980.551
"5006",-17545.073
"5007",-17811.462
"5008",-17882.581
"5009",-17814.89
"5010",-17922.637
"5011",-17974.992
"5012",-17975.794
"5013",-17578.579
"5014",-17822.657
"5015",-17882.111
"5016",-17475.494
"5017",-17705.175
"5018",-17644.903
"5019",-17303.193
"5020",-17971.349
"5021",-17741.243
"5022",-17724.882
"5023",-17911.121
"5024",-17978.418
"5025",-17369.974
"5026",-17945.115
"5027",-17955.084
"5028",-17719.383
"5029",-17859.085
"5030",-18144.175
"5031",-18264.908
"5032",-17809.947
"5033",-17927.291
"5034",-17896.478
"5035",-17821.591
"5036",-17674.92
"5037",-17659.674
"5038",-17851.35
"5039",-17509.606
"5040",-17916.147
"5041",-17978.326
"5042",-17581.528
"5043",-17670.827
"5044",-18137.584
"5045",-17876.655
"5046",-17760.316
"5047",-17966.993
"5048",-17766.118
"5049",-17481.367
"5050",-17965.876
"5051",-17682.12
"5052",-17998.686
"5053",-17764.054
"5054",-17873.701
"5055",-17970.059
"5056",-18067.23
"5057",-18074.8
"5058",-17810.789
"5059",-17785.463
"5060",-18006.155
"5061",-18024.908
"5062",-17720.202
"5063",-17801.059
"5064",-17666.805
"5065",-18230.397
"5066",-17704.237
"5067",-17739.014
"5068",-17920.671
"5069",-17360.327
"5070",-17952.414
"5071",-17795.757
"5072",-17728.603
"5073",-17965.264
"5074",-17455.232
"5075",-18064.306
"5076",-18007.183
"5077",-17938.899
"5078",-17582.422
"5079",-17910.689
"5080",-17650.768
"5081",-18121.799
"5082",-18017.578
"5083",-18002.979
"5084",-17780.587
"5085",-17675.965
"5086",-17636.792
"5087",-17835.633
"5088",-17587.886
"5089",-17820.799
"5090",-17767.656
"5091",-18240.306
"5092",-17820.393
"5093",-17915.986
"5094",-18168.882
"5095",-17826.243
"5096",-17401.545
"5097",-17747.018
"5098",-18021.826
"5099",-17782.629
"5100",-17835.756
"5101",-17634.862
"5102",-17976.368
"5103",-17877.861
"5104",-17744.439
"5105",-18434.798
"5106",-18090.493
"5107",-17782.589
"5108",-17860.425
"5109",-17996.614
"5110",-18080.467
"5111",-18100.259
"5112",-17715.634
"5113",-18031.194
"5114",-17916.533
"5115",-17955.604
"5116",-17724.877
"5117",-17826.102
"5118",-17417.197
"5119",-17902.881
"5120",-18049.055
"5121",-18404.665
"5122",-17617.076
"5123",-18156.465
"5124",-17857.845
"5125",-18088.626
"5126",-17639.815
"5127",-17752.076
"5128",-17944.245
"5129",-17890.079
"5130",-17832.372
"5131",-17943.421
"5132",-17652.391
"5133",-17386.098
"5134",-17623.739
"5135",-17840.795
"5136",-18006.001
"5137",-17790.707
"5138",-17849.749
"5139",-17647.709
"5140",-17840.629
"5141",-17732.318
"5142",-18026.406
"5143",-18069.553
"5144",-17968.35
"5145",-17968.881
"5146",-17784.315
"5147",-17881.816
"5148",-17724.709
"5149",-17735.742
"5150",-17895.988
"5151",-17722.954
"5152",-18138.048
"5153",-17794.991
"5154",-17914.909
"5155",-17747.258
"5156",-17787.967
"5157",-17775.921
"5158",-17508.532
"5159",-17761.219
"5160",-17859.351
"5161",-17670.745
"5162",-17984.673
"5163",-18165.548
"5164",-17698.936
"5165",-18325.279
"5166",-17984.178
"5167",-18036.651
"5168",-17974.134
"5169",-18310.515
"5170",-18195.23
"5171",-18203.198
"5172",-17949.236
"5173",-17894.942
"5174",-17852.683
"5175",-17884.912
"5176",-18530.147
"5177",-18202.705
"5178",-17505.383
"5179",-18059.414
"5180",-17905.902
"5181",-17934.419
"5182",-17966.769
"5183",-17951.938
"5184",-17948.978
"5185",-17793.332
"5186",-17954.42
"5187",-17908.066
"5188",-17710.291
"5189",-17792.226
"5190",-18313.164
"5191",-17770.547
"5192",-17937.688
"5193",-17787.144
"5194",-18071.123
"5195",-17685.115
"5196",-17838.7
"5197",-17869.726
"5198",-18086.447
"5199",-18312.293
"5200",-17594.072
"5201",-17719.184
"5202",-17678.419
"5203",-17861.09
"5204",-18094.126
"5205",-17797.845
"5206",-17820.037
"5207",-17828.402
"5208",-17896.451
"5209",-18120.203
"5210",-17857.747
"5211",-17995.611
"5212",-18047.887
"5213",-17895.953
"5214",-17583.733
"5215",-17891.78
"5216",-18074.857
"5217",-17639.956
"5218",-17714.951
"5219",-17821.828
"5220",-17607.289
"5221",-17759.238
"5222",-17570.345
"5223",-18006.874
"5224",-17779.908
"5225",-18022.694
"5226",-18202.917
"5227",-17884.239
"5228",-17534.871
"5229",-17653.332
"5230",-17616.249
"5231",-18175.734
"5232",-17801.221
"5233",-17934.259
"5234",-17825.148
"5235",-17539.004
"5236",-17478.393
"5237",-17982.751
"5238",-17909.628
"5239",-17900.251
"5240",-17517.817
"5241",-17784.232
"5242",-17820.025
"5243",-17954.266
"5244",-17973.819
"5245",-17951.465
"5246",-18311.045
"5247",-17864.483
"5248",-17996.247
"5249",-17807.84
"5250",-17857.443
"5251",-17927.532
"5252",-17676.316
"5253",-17733.373
"5254",-17683.903
"5255",-18151.947
"5256",-18077.192
"5257",-17676.829
"5258",-17590.219
"5259",-17720.613
"5260",-18021.465
"5261",-17999.223
"5262",-18156.047
"5263",-17774.193
"5264",-17758.219
"5265",-17841.581
"5266",-17817.131
"5267",-17992.038
"5268",-17832.133
"5269",-18086.983
"5270",-17655.74
"5271",-17827.679
"5272",-17902.912
"5273",-17430.759
"5274",-17799.667
"5275",-17687.119
"5276",-17956.688
"5277",-17673.153
"5278",-18077.124
"5279",-17848.191
"5280",-17525.06
"5281",-17552.767
"5282",-17742.073
"5283",-17898.527
"5284",-17992.051
"5285",-17828.158
"5286",-18008.768
"5287",-17805.217
"5288",-17876.036
"5289",-17747.635
"5290",-18139.29
"5291",-18076.572
"5292",-17594.063
"5293",-17510.974
"5294",-17746.482
"5295",-17752.974
"5296",-17950.587
"5297",-17929.75
"5298",-17984.129
"5299",-18290.051
"5300",-18078.354
"5301",-18054.152
"5302",-17843.649
"5303",-17905.532
"5304",-17830.287
"5305",-17857.698
"5306",-17770.237
"5307",-18014.756
"5308",-18105.214
"5309",-17660.86
"5310",-18018.939
"5311",-17537.391
"5312",-17622.563
"5313",-17786.413
"5314",-17903.904
"5315",-17800.441
"5316",-17509.721
"5317",-17943.415
"5318",-17868.268
"5319",-18196.13
"5320",-17914.836
"5321",-17864.816
"5322",-17909.862
"5323",-17790.313
"5324",-18084.858
"5325",-18083.108
"5326",-17708.146
"5327",-17754.613
"5328",-17750.653
"5329",-17889.091
"5330",-17922.796
"5331",-17747.109
"5332",-17764.477
"5333",-18051.014
"5334",-17651.047
"5335",-18071.787
"5336",-17621.291
"5337",-17867.542
"5338",-17879.617
"5339",-18028.481
"5340",-18057.087
"5341",-17737.303
"5342",-17959.771
"5343",-17790.636
"5344",-17740.432
"5345",-17795.722
"5346",-17853.171
"5347",-17886.329
"5348",-18383.537
"5349",-17643.226
"5350",-18066.128
"5351",-18035.748
"5352",-17865.207
"5353",-17453.566
"5354",-17795.686
"5355",-17817.268
"5356",-17911.808
"5357",-17860.094
"5358",-17652.725
"5359",-17696.435
"5360",-17539.537
"5361",-17770.895
"5362",-18068.258
"5363",-17651.844
"5364",-17936.419
"5365",-17764.048
"5366",-17951.661
"5367",-17955.739
"5368",-18066.435
"5369",-17781.649
"5370",-18003.063
"5371",-17726.528
"5372",-17802.025
"5373",-17833.61
"5374",-17876.302
"5375",-17872.871
"5376",-17560.39
"5377",-17972.01
"5378",-17942.818
"5379",-18109.336
"5380",-17632.272
"5381",-17645.519
"5382",-18121.374
"5383",-17778.853
"5384",-17429.896
"5385",-17785.336
"5386",-17917.402
"5387",-17747.625
"5388",-17877.008
"5389",-18021.31
"5390",-17706.893
"5391",-17949.161
"5392",-18088.456
"5393",-18204.109
"5394",-18070.27
"5395",-18108.963
"5396",-18121.322
"5397",-17881.442
"5398",-17797.813
"5399",-17601.846
"5400",-17591.679
"5401",-17918.415
"5402",-17741.983
"5403",-17714.575
"5404",-17632.484
"5405",-17798.4
"5406",-17913.826
"5407",-17719.756
"5408",-17918.053
"5409",-17648.361
"5410",-17526.417
"5411",-17759.59
"5412",-17895.197
"5413",-17795.642
"5414",-17953.678
"5415",-17763.459
"5416",-18006.982
"5417",-18012.841
"5418",-17637.89
"5419",-17666.642
"5420",-17959.551
"5421",-17982.105
"5422",-18281.46
"5423",-17590.455
"5424",-17775.855
"5425",-17777.371
"5426",-17764.833
"5427",-17851.037
"5428",-17561.569
"5429",-17814.833
"5430",-17970.273
"5431",-17702.554
"5432",-17566.707
"5433",-17419.145
"5434",-17456.879
"5435",-17809.976
"5436",-17589.564
"5437",-17988.671
"5438",-17735.792
"5439",-17725.842
"5440",-17764.228
"5441",-17780.985
"5442",-18262.182
"5443",-17886.883
"5444",-17934.988
"5445",-18112.066
"5446",-17574.476
"5447",-17671.851
"5448",-17635.022
"5449",-18017.926
"5450",-17247.638
"5451",-17813.835
"5452",-17481.787
"5453",-17949.887
"5454",-17622.571
"5455",-17764.024
"5456",-17697.341
"5457",-17891.35
"5458",-17681.71
"5459",-17890.265
"5460",-17541.865
"5461",-17933.671
"5462",-18005.328
"5463",-17778.876
"5464",-17382.325
"5465",-18108.18
"5466",-18341.621
"5467",-18085.351
"5468",-18148.269
"5469",-18125.491
"5470",-17805.367
"5471",-18164.423
"5472",-17655.285
"5473",-18133.445
"5474",-17615.277
"5475",-17980.831
"5476",-17788.688
"5477",-17788.959
"5478",-18141.673
"5479",-17736.693
"5480",-17617.569
"5481",-17820.6
"5482",-17578.513
"5483",-17894.116
"5484",-18012.636
"5485",-17730.376
"5486",-17817.359
"5487",-17757.062
"5488",-17629.682
"5489",-17790.683
"5490",-18119.447
"5491",-18025.292
"5492",-17648.462
"5493",-17800.873
"5494",-17947.372
"5495",-17635.078
"5496",-17749.804
"5497",-18200.651
"5498",-17781.051
"5499",-17830.235
"5500",-17889.982
"5501",-17965.682
"5502",-17814.622
"5503",-17819.617
"5504",-18008.077
"5505",-17762.691
"5506",-17994.187
"5507",-17853.242
"5508",-18022.717
"5509",-17849.258
"5510",-17553.312
"5511",-17784.2
"5512",-18346.818
"5513",-18070.749
"5514",-17729.609
"5515",-17774.932
"5516",-17730.402
"5517",-17902.206
"5518",-18027.488
"5519",-17998.267
"5520",-18076.003
"5521",-17908.379
"5522",-17830.751
"5523",-17794.107
"5524",-18034.413
"5525",-18018.53
"5526",-17795.326
"5527",-18277.547
"5528",-17955.815
"5529",-18347.043
"5530",-18403.838
"5531",-17630.342
"5532",-17473.17
"5533",-17961.267
"5534",-18148.992
"5535",-17718.723
"5536",-17845.405
"5537",-18291.468
"5538",-17973.331
"5539",-18176.443
"5540",-18106.19
"5541",-17606.987
"5542",-18050.354
"5543",-17571.133
"5544",-17353.296
"5545",-17870.756
"5546",-17819.589
"5547",-18320.251
"5548",-17989.855
"5549",-18186.564
"5550",-18044.543
"5551",-18285.029
"5552",-17786.349
"5553",-17685.481
"5554",-17945.389
"5555",-17876.375
"5556",-17952.521
"5557",-18061.358
"5558",-17864.042
"5559",-18004.737
"5560",-18051.928
"5561",-17594.24
"5562",-18037.083
"5563",-18015.222
"5564",-18002.538
"5565",-18214.196
"5566",-17953.862
"5567",-17884.592
"5568",-17817.91
"5569",-17921.408
"5570",-17707.165
"5571",-17901.855
"5572",-18005.349
"5573",-17774.535
"5574",-18008.75
"5575",-17818.546
"5576",-17977.203
"5577",-17727.793
"5578",-18366.735
"5579",-18508.513
"5580",-17921.242
"5581",-17611.366
"5582",-17327.318
"5583",-17503.905
"5584",-17650.849
"5585",-17554.215
"5586",-17979.685
"5587",-17271.703
"5588",-18109.24
"5589",-17837.651
"5590",-17633.953
"5591",-17825.957
"5592",-17605.814
"5593",-17814.904
"5594",-17851.167
"5595",-17926.918
"5596",-18026.679
"5597",-17966.396
"5598",-17552.467
"5599",-17902.936
"5600",-17931.914
"5601",-17620.624
"5602",-18169.517
"5603",-18235.608
"5604",-17973.391
"5605",-18395.999
"5606",-17832.003
"5607",-17595.553
"5608",-17985.707
"5609",-17838.64
"5610",-17658.645
"5611",-17864.246
"5612",-18213.298
"5613",-17764.062
"5614",-17924.783
"5615",-17671.184
"5616",-17732.444
"5617",-18030.357
"5618",-17718.398
"5619",-17919.209
"5620",-18001.555
"5621",-18318.979
"5622",-17387.201
"5623",-18067.482
"5624",-18119.375
"5625",-17834.262
"5626",-18142.774
"5627",-18116.809
"5628",-17616.108
"5629",-17994.497
"5630",-17852.294
"5631",-17738.903
"5632",-17741.601
"5633",-17845.781
"5634",-17543.426
"5635",-18106.233
"5636",-18118.959
"5637",-17862.89
"5638",-17626.617
"5639",-17802.027
"5640",-17848.787
"5641",-18058.434
"5642",-17688.184
"5643",-17727.249
"5644",-17778.59
"5645",-17520.384
"5646",-17647.143
"5647",-17783.126
"5648",-17904.469
"5649",-18138.643
"5650",-18331.984
"5651",-17955.003
"5652",-17991.143
"5653",-17819.265
"5654",-17874.497
"5655",-17899.223
"5656",-17919.816
"5657",-17721.653
"5658",-17720.765
"5659",-17515.376
"5660",-17824.391
"5661",-17191.094
"5662",-18079.837
"5663",-17543.863
"5664",-17919.445
"5665",-18215.026
"5666",-18005.192
"5667",-17734.311
"5668",-18126.752
"5669",-17933.109
"5670",-17703.244
"5671",-17881.838
"5672",-18135.744
"5673",-17740.575
"5674",-17795.837
"5675",-17512.199
"5676",-17674.002
"5677",-18099.24
"5678",-17390.424
"5679",-17747.892
"5680",-17914.23
"5681",-17769.864
"5682",-17842.655
"5683",-17757.775
"5684",-17857.383
"5685",-17844.679
"5686",-17744.421
"5687",-17272.061
"5688",-17689.508
"5689",-17593.624
"5690",-18047.158
"5691",-17688.883
"5692",-17865.726
"5693",-18131.165
"5694",-17916.063
"5695",-17977.759
"5696",-17676.978
"5697",-18035.985
"5698",-17439.751
"5699",-17926.488
"5700",-17890.583
"5701",-17895.575
"5702",-17749.526
"5703",-17859.906
"5704",-18013.18
"5705",-17795.144
"5706",-17662.205
"5707",-17979.165
"5708",-17823.739
"5709",-17802.32
"5710",-17643.883
"5711",-17725.402
"5712",-17714.048
"5713",-18194.449
"5714",-17816.899
"5715",-17873.285
"5716",-17598.382
"5717",-18127.92
"5718",-18102.791
"5719",-17980.892
"5720",-18093.546
"5721",-17702.082
"5722",-17611.211
"5723",-17897.876
"5724",-18314.385
"5725",-18046.342
"5726",-17862.959
"5727",-17788.364
"5728",-17953.281
"5729",-17611.635
"5730",-17507.3
"5731",-17633.376
"5732",-17707.149
"5733",-17846.502
"5734",-17929.164
"5735",-17670.456
"5736",-18060.89
"5737",-18022.545
"5738",-17986.384
"5739",-17612.417
"5740",-17610.313
"5741",-17861.163
"5742",-17582.59
"5743",-17773.047
"5744",-17546.17
"5745",-17741.066
"5746",-17763.317
"5747",-17673.6
"5748",-17978.799
"5749",-17859.454
"5750",-18320.337
"5751",-17612.946
"5752",-17853.789
"5753",-17461.996
"5754",-17907.861
"5755",-17986.664
"5756",-17854.002
"5757",-17926.154
"5758",-17992.857
"5759",-17499.537
"5760",-17744.366
"5761",-17968.699
"5762",-17826.309
"5763",-17992.601
"5764",-17421.292
"5765",-18125.044
"5766",-18228.836
"5767",-17975.121
"5768",-17953.466
"5769",-18041.663
"5770",-17766.697
"5771",-17506.082
"5772",-18021.798
"5773",-17547.147
"5774",-18131.927
"5775",-18088.156
"5776",-18668.345
"5777",-17796.136
"5778",-18084.032
"5779",-17569.523
"5780",-17981.674
"5781",-17766.568
"5782",-18020.384
"5783",-17722.309
"5784",-18010.093
"5785",-17689.272
"5786",-17874.78
"5787",-18013.253
"5788",-18118.268
"5789",-17936.848
"5790",-18032.448
"5791",-17542.829
"5792",-17846.027
"5793",-17660.835
"5794",-17361.796
"5795",-17685.094
"5796",-17913.613
"5797",-18173.952
"5798",-17883.01
"5799",-17914.539
"5800",-17865.393
"5801",-17633.819
"5802",-17358.919
"5803",-17580.929
"5804",-17558.758
"5805",-17833.25
"5806",-17920.57
"5807",-17837.792
"5808",-18025.079
"5809",-18077.531
"5810",-17563.779
"5811",-18067.3
"5812",-18021.849
"5813",-17838.789
"5814",-17980.793
"5815",-18204.229
"5816",-17587.294
"5817",-17738.062
"5818",-17852.601
"5819",-17801.193
"5820",-17521.994
"5821",-17688.977
"5822",-17785.9
"5823",-17981.428
"5824",-18082.796
"5825",-17789.677
"5826",-17765.453
"5827",-17921.388
"5828",-18396.791
"5829",-17760.119
"5830",-17687.393
"5831",-17636.857
"5832",-18176.181
"5833",-17579.162
"5834",-17622.699
"5835",-18089.059
"5836",-18046.468
"5837",-17864.574
"5838",-17807.253
"5839",-17713.193
"5840",-17833.548
"5841",-17662.623
"5842",-18114.46
"5843",-17718.141
"5844",-18141.814
"5845",-18150.256
"5846",-18133.663
"5847",-18082.734
"5848",-17923.725
"5849",-17668.024
"5850",-17557.551
"5851",-17467.49
"5852",-17894.858
"5853",-17837.455
"5854",-17831.424
"5855",-17959.598
"5856",-17852.405
"5857",-18081.148
"5858",-17984.806
"5859",-18026.407
"5860",-17686.686
"5861",-17450.972
"5862",-17753.796
"5863",-17523.506
"5864",-18089.433
"5865",-18016.576
"5866",-17894.95
"5867",-17565.655
"5868",-17698.544
"5869",-17709.895
"5870",-18030.983
"5871",-17774.461
"5872",-17622.69
"5873",-17579.401
"5874",-18134.026
"5875",-17554.142
"5876",-17713.839
"5877",-17960.769
"5878",-17960.34
"5879",-18066.954
"5880",-17855.685
"5881",-17739.942
"5882",-17513.617
"5883",-17857.396
"5884",-17680.786
"5885",-17684.986
"5886",-18243.139
"5887",-17654.902
"5888",-17613.257
"5889",-17980.594
"5890",-17858.45
"5891",-18268.702
"5892",-17702.543
"5893",-17955.639
"5894",-17791.685
"5895",-17979.661
"5896",-17821.297
"5897",-17934.296
"5898",-17864.14
"5899",-17916.03
"5900",-18101.224
"5901",-17639.596
"5902",-17745.117
"5903",-18003.537
"5904",-17849.854
"5905",-17879.442
"5906",-17704.339
"5907",-17815.052
"5908",-17966.046
"5909",-17888.22
"5910",-17716.767
"5911",-18036.012
"5912",-17947.534
"5913",-17415.288
"5914",-17738.437
"5915",-17868.515
"5916",-17628.928
"5917",-17681.229
"5918",-17849.452
"5919",-18013.936
"5920",-18228.896
"5921",-17693.99
"5922",-17694.042
"5923",-17858.211
"5924",-17505.011
"5925",-17737.865
"5926",-17849.952
"5927",-17852.04
"5928",-17603.269
"5929",-17778.313
"5930",-18324.634
"5931",-17920.48
"5932",-17769.045
"5933",-17622.435
"5934",-18124.815
"5935",-17473.638
"5936",-17833.475
"5937",-17939.596
"5938",-17908.473
"5939",-17752.189
"5940",-17797.797
"5941",-17878.78
"5942",-17639.82
"5943",-18206.929
"5944",-17766.484
"5945",-18080.064
"5946",-17787.995
"5947",-17422.244
"5948",-18010.107
"5949",-17862.719
"5950",-18079.34
"5951",-17671.299
"5952",-18009.632
"5953",-17814.366
"5954",-17304.858
"5955",-17888.816
"5956",-17829.607
"5957",-18345.974
"5958",-18012.475
"5959",-18020.402
"5960",-18098.345
"5961",-17885.18
"5962",-18090.273
"5963",-18258.561
"5964",-17621.987
"5965",-17705.386
"5966",-18079.488
"5967",-17701.605
"5968",-17852.268
"5969",-17991.485
"5970",-18210.06
"5971",-17907.349
"5972",-17662.819
"5973",-17416.279
"5974",-17885.946
"5975",-18059.062
"5976",-17927.256
"5977",-17954.328
"5978",-18068.972
"5979",-18168.255
"5980",-17857.784
"5981",-18144.046
"5982",-17767.024
"5983",-17833.463
"5984",-17558.749
"5985",-17771.678
"5986",-17882.735
"5987",-17840.697
"5988",-17506.772
"5989",-17838.525
"5990",-18032.922
"5991",-18128.307
"5992",-17572.451
"5993",-17725.75
"5994",-18097.861
"5995",-17910.567
"5996",-17640.201
"5997",-17698.374
"5998",-17765.325
"5999",-17827.61
"6000",-17699.22
"6001",-17860.789
"6002",-17781.967
"6003",-18491.111
"6004",-17818.516
"6005",-17711.536
"6006",-18083.519
"6007",-17565.564
"6008",-17781.448
"6009",-17619.896
"6010",-17903.049
"6011",-18021.528
"6012",-17759.162
"6013",-17863.238
"6014",-18067.191
"6015",-18166.165
"6016",-17983.755
"6017",-18210.71
"6018",-17906.069
"6019",-18047.956
"6020",-17880.265
"6021",-18010.886
"6022",-17812.086
"6023",-17851.762
"6024",-17838.214
"6025",-18142.533
"6026",-17738.851
"6027",-17797.836
"6028",-17958.278
"6029",-17674.675
"6030",-17865.202
"6031",-17837.487
"6032",-17579.05
"6033",-18078.866
"6034",-17624.919
"6035",-17611.27
"6036",-17707.53
"6037",-17588.165
"6038",-17967.72
"6039",-17993
"6040",-18219.456
"6041",-18347.634
"6042",-17784.534
"6043",-18008.642
"6044",-18085.224
"6045",-18035.952
"6046",-17884.951
"6047",-18076.546
"6048",-17888.114
"6049",-17891.847
"6050",-17828.072
"6051",-17988.106
"6052",-17792.556
"6053",-17802.496
"6054",-17651.32
"6055",-17766.51
"6056",-17854.579
"6057",-18075.677
"6058",-17490.471
"6059",-18063.214
"6060",-18017.933
"6061",-17990.231
"6062",-17970.472
"6063",-18369.517
"6064",-18102.823
"6065",-18010.751
"6066",-18041.31
"6067",-18212.493
"6068",-17631.868
"6069",-17800.433
"6070",-17902.264
"6071",-17883.23
"6072",-18007.389
"6073",-17703.262
"6074",-17798.424
"6075",-18282.642
"6076",-17956.288
"6077",-17868.813
"6078",-18012.428
"6079",-17569.13
"6080",-17734.632
"6081",-17835.076
"6082",-17749.949
"6083",-18024.903
"6084",-17766.562
"6085",-17855.607
"6086",-17827.752
"6087",-18158.257
"6088",-17782.127
"6089",-17780.542
"6090",-17938.66
"6091",-18045.009
"6092",-17726.806
"6093",-17913.636
"6094",-17760.981
"6095",-17608.75
"6096",-17516.527
"6097",-18409.521
"6098",-17601.747
"6099",-17739.533
"6100",-17598.95
"6101",-17496.682
"6102",-17472.891
"6103",-17575.578
"6104",-18027.607
"6105",-17826.813
"6106",-18030.141
"6107",-17924.692
"6108",-17696.284
"6109",-17803.34
"6110",-18252.091
"6111",-18060.894
"6112",-18164.669
"6113",-17748.385
"6114",-17667.456
"6115",-17575.054
"6116",-18126.051
"6117",-17812.589
"6118",-18021.933
"6119",-17960.285
"6120",-17934.619
"6121",-17487.454
"6122",-17727.179
"6123",-18004.405
"6124",-18057.863
"6125",-17705.143
"6126",-17833.085
"6127",-17699.543
"6128",-17797.969
"6129",-17611.263
"6130",-17711.196
"6131",-18001.248
"6132",-18070.162
"6133",-17887.093
"6134",-17813.58
"6135",-18108.758
"6136",-17578.985
"6137",-17870.899
"6138",-17757.238
"6139",-17813.398
"6140",-17961.792
"6141",-17965.393
"6142",-17992.409
"6143",-17649.517
"6144",-18004.972
"6145",-17799.488
"6146",-18048.25
"6147",-18017.41
"6148",-17824.265
"6149",-17555.585
"6150",-17454.886
"6151",-17335.137
"6152",-17668.583
"6153",-17551.761
"6154",-18221.117
"6155",-18056.448
"6156",-17729.089
"6157",-18041.239
"6158",-17779.377
"6159",-17821.079
"6160",-17596.903
"6161",-17898.339
"6162",-17850.449
"6163",-17698.976
"6164",-17807.492
"6165",-17698.563
"6166",-17849.663
"6167",-17668.988
"6168",-18214.055
"6169",-17757.227
"6170",-17859.695
"6171",-17549.8
"6172",-17629.602
"6173",-18023.869
"6174",-18045.077
"6175",-17835.22
"6176",-17688.161
"6177",-17568.232
"6178",-18026.312
"6179",-17954.011
"6180",-17822.769
"6181",-17586.592
"6182",-18102.848
"6183",-18087.373
"6184",-18022.443
"6185",-17975.476
"6186",-17537.011
"6187",-18076.717
"6188",-17854.931
"6189",-18091.84
"6190",-17780.013
"6191",-18038.771
"6192",-17918.676
"6193",-17761.648
"6194",-18247.766
"6195",-17784.372
"6196",-18240.015
"6197",-17774.61
"6198",-17813.326
"6199",-17865.711
"6200",-17645.518
"6201",-18046.825
"6202",-17536.967
"6203",-17718.117
"6204",-17794.712
"6205",-17747.986
"6206",-17821.512
"6207",-17786.467
"6208",-17942.377
"6209",-17914.726
"6210",-18181.272
"6211",-18054.978
"6212",-17672.029
"6213",-17928.713
"6214",-18007.969
"6215",-17888.71
"6216",-17193.281
"6217",-18060.552
"6218",-17973.66
"6219",-17737.61
"6220",-18239.472
"6221",-17843.451
"6222",-18175.942
"6223",-17704.502
"6224",-17982.73
"6225",-18095.475
"6226",-17763.937
"6227",-17590.495
"6228",-17999.9
"6229",-18026.404
"6230",-17667.452
"6231",-17851.02
"6232",-17893.408
"6233",-17414.738
"6234",-17364.205
"6235",-17572.135
"6236",-18130.235
"6237",-18161.093
"6238",-17801.45
"6239",-17747.442
"6240",-17705.872
"6241",-17550.225
"6242",-17846.702
"6243",-17817.929
"6244",-17441.135
"6245",-17803.206
"6246",-17879.457
"6247",-17946.04
"6248",-17471.114
"6249",-17692.321
"6250",-17938.139
"6251",-17838.654
"6252",-17673.062
"6253",-18028.581
"6254",-17639.454
"6255",-17927.872
"6256",-17844.451
"6257",-18084.996
"6258",-17342.009
"6259",-17909.133
"6260",-17976.145
"6261",-18071.039
"6262",-18038.446
"6263",-18282.336
"6264",-17986.484
"6265",-17663.056
"6266",-17634.877
"6267",-18112.386
"6268",-17850.588
"6269",-17750.552
"6270",-17596.807
"6271",-18224.689
"6272",-17576.464
"6273",-17945.678
"6274",-18073.715
"6275",-17563.929
"6276",-17977.309
"6277",-18034.209
"6278",-17796.654
"6279",-17850.812
"6280",-17749.788
"6281",-18138.369
"6282",-17511.431
"6283",-18216.685
"6284",-17556.428
"6285",-17773.269
"6286",-17802.972
"6287",-17727.106
"6288",-17793.718
"6289",-17374.373
"6290",-17753.84
"6291",-17586.853
"6292",-17569.349
"6293",-17865.975
"6294",-17817.805
"6295",-17699.183
"6296",-17554.848
"6297",-17693.818
"6298",-18397.92
"6299",-18150.043
"6300",-18186.267
"6301",-17882.708
"6302",-18191.526
"6303",-17708.374
"6304",-17963.423
"6305",-17644.89
"6306",-17918.455
"6307",-17986.1
"6308",-17799.025
"6309",-18113.157
"6310",-18216.809
"6311",-17801.168
"6312",-18022.572
"6313",-17566.154
"6314",-17660.071
"6315",-18055.114
"6316",-17988.394
"6317",-17484.627
"6318",-18029.666
"6319",-17993.542
"6320",-17714.079
"6321",-17990.293
"6322",-17750.954
"6323",-17884.762
"6324",-18026.45
"6325",-18051.792
"6326",-17679.065
"6327",-17937.862
"6328",-17556.824
"6329",-18141.779
"6330",-17957.76
"6331",-18258.862
"6332",-18313.634
"6333",-17556.09
"6334",-17640.553
"6335",-17666.464
"6336",-17721.601
"6337",-17753.935
"6338",-17871.761
"6339",-17826.874
"6340",-17726.383
"6341",-17934.083
"6342",-17675.107
"6343",-17965.235
"6344",-17700.727
"6345",-17605.495
"6346",-17454.347
"6347",-18236.841
"6348",-18262.685
"6349",-18183.917
"6350",-17947.391
"6351",-17747.499
"6352",-17831.234
"6353",-18092.881
"6354",-18056.62
"6355",-17915.26
"6356",-17927.011
"6357",-17818.13
"6358",-17731.778
"6359",-17808.703
"6360",-17380.911
"6361",-18112.344
"6362",-17638.076
"6363",-17564.962
"6364",-17637.883
"6365",-18044.448
"6366",-17796.755
"6367",-17934.567
"6368",-17847.813
"6369",-17879.227
"6370",-17982.374
"6371",-17743.929
"6372",-17886.425
"6373",-18007.26
"6374",-17811.603
"6375",-18160.116
"6376",-17876.414
"6377",-17941.595
"6378",-17927.877
"6379",-17785.817
"6380",-18215.131
"6381",-17718.637
"6382",-17966.053
"6383",-17741.931
"6384",-18151.785
"6385",-18177.343
"6386",-17971.119
"6387",-17930.627
"6388",-17704.987
"6389",-18082.47
"6390",-18034.548
"6391",-17801.363
"6392",-18176.801
"6393",-17869.456
"6394",-18108.098
"6395",-18051.03
"6396",-18073.279
"6397",-17845.239
"6398",-17530.18
"6399",-17788.78
"6400",-17442.843
"6401",-18047.191
"6402",-18379.474
"6403",-17674.459
"6404",-17846.629
"6405",-17966.474
"6406",-17582.337
"6407",-17517.362
"6408",-17960.888
"6409",-17552.299
"6410",-17796.127
"6411",-18263.706
"6412",-17801.053
"6413",-17793.175
"6414",-17876.209
"6415",-17873.773
"6416",-17931.157
"6417",-17906.67
"6418",-18119.397
"6419",-17586.816
"6420",-17765.874
"6421",-17533.971
"6422",-17708.285
"6423",-17815.759
"6424",-18100.354
"6425",-17790.548
"6426",-17467.196
"6427",-18253.941
"6428",-17663.639
"6429",-18046.862
"6430",-18104.987
"6431",-17454.962
"6432",-17719.396
"6433",-18194.755
"6434",-17717.096
"6435",-17934.831
"6436",-18108.034
"6437",-17930.968
"6438",-17592.975
"6439",-17891.436
"6440",-17807.703
"6441",-17660.979
"6442",-18154.067
"6443",-17755.043
"6444",-17781.494
"6445",-18019.007
"6446",-18094.762
"6447",-17948.567
"6448",-17751.55
"6449",-17738.908
"6450",-18032.127
"6451",-17613.784
"6452",-17639.629
"6453",-18219.501
"6454",-17895.306
"6455",-17899.147
"6456",-17812.655
"6457",-17807.69
"6458",-17723.898
"6459",-18007.56
"6460",-17692.956
"6461",-18297.043
"6462",-18019.053
"6463",-18078.229
"6464",-17896.13
"6465",-17926.98
"6466",-17955.64
"6467",-17837.979
"6468",-18217.129
"6469",-17234.874
"6470",-17614.412
"6471",-17929.826
"6472",-17301.627
"6473",-17861.984
"6474",-18288.485
"6475",-18045.758
"6476",-17739.754
"6477",-17895.061
"6478",-17803.194
"6479",-17870.631
"6480",-17938.219
"6481",-17607.359
"6482",-17819.799
"6483",-17846.58
"6484",-17511.357
"6485",-17901.941
"6486",-17883.59
"6487",-18066.572
"6488",-17738.086
"6489",-18000.329
"6490",-17667.973
"6491",-17795.693
"6492",-17527.864
"6493",-17617.762
"6494",-17679.657
"6495",-17741.94
"6496",-17631.532
"6497",-17734.443
"6498",-18195.375
"6499",-17579.189
"6500",-17794.411
"6501",-17853.24
"6502",-17557.517
"6503",-18048.847
"6504",-17851.559
"6505",-17960.327
"6506",-18121.829
"6507",-17726.515
"6508",-17669.588
"6509",-17490.527
"6510",-17600.194
"6511",-17489.697
"6512",-18057.671
"6513",-18310.753
"6514",-17606.463
"6515",-17960.68
"6516",-17828.457
"6517",-17501.6
"6518",-17938.253
"6519",-17801.037
"6520",-17414.046
"6521",-18124.897
"6522",-17585.372
"6523",-17697.321
"6524",-17650.585
"6525",-17916.093
"6526",-17879.783
"6527",-17932.657
"6528",-17962.879
"6529",-17837.596
"6530",-18358.038
"6531",-18152.245
"6532",-17927.259
"6533",-17796.946
"6534",-17904.42
"6535",-17689.32
"6536",-17945.28
"6537",-17914.701
"6538",-17985.552
"6539",-17802.915
"6540",-17768.291
"6541",-17741.583
"6542",-17812.637
"6543",-17688.105
"6544",-17910.51
"6545",-17661.712
"6546",-17266.757
"6547",-17708.146
"6548",-18059.486
"6549",-17840.308
"6550",-18219.071
"6551",-18016.447
"6552",-17707.981
"6553",-17944.119
"6554",-17748.325
"6555",-17817.728
"6556",-18064.883
"6557",-17567.903
"6558",-17650.945
"6559",-17813.806
"6560",-17802.902
"6561",-18278.898
"6562",-17839.621
"6563",-17976.148
"6564",-18103.369
"6565",-17593.108
"6566",-18049.057
"6567",-17511.548
"6568",-17476.067
"6569",-17658.228
"6570",-18017.733
"6571",-17897.743
"6572",-17829.868
"6573",-18145.018
"6574",-18167.898
"6575",-17845.582
"6576",-17850.282
"6577",-17922.449
"6578",-17982.921
"6579",-17687.738
"6580",-18087.056
"6581",-17885.285
"6582",-17504.326
"6583",-17893.033
"6584",-17706.557
"6585",-18105.639
"6586",-17438.215
"6587",-17482.18
"6588",-17504.642
"6589",-17689.719
"6590",-17979.092
"6591",-17799.833
"6592",-17645.725
"6593",-17931.716
"6594",-17951.584
"6595",-17622.71
"6596",-17765.622
"6597",-17815.932
"6598",-18099.825
"6599",-17745.91
"6600",-18091.811
"6601",-17778.299
"6602",-17843.194
"6603",-17956.956
"6604",-17798.81
"6605",-18059.506
"6606",-17909.594
"6607",-18054.324
"6608",-17814.161
"6609",-17855.91
"6610",-18090.946
"6611",-17296.249
"6612",-17879.431
"6613",-17242.497
"6614",-17822.573
"6615",-18030.39
"6616",-17912.583
"6617",-17812.286
"6618",-17668.117
"6619",-17775.537
"6620",-17993.525
"6621",-17368.987
"6622",-17617.59
"6623",-17955.428
"6624",-17696.642
"6625",-17877.514
"6626",-17529.049
"6627",-17596.651
"6628",-17735.452
"6629",-17813.84
"6630",-17954.229
"6631",-18065.179
"6632",-17812.879
"6633",-17979.043
"6634",-17474.626
"6635",-17739.389
"6636",-18031.905
"6637",-17738.774
"6638",-18101.737
"6639",-18075.707
"6640",-17933.858
"6641",-17822.498
"6642",-17130.334
"6643",-18008.895
"6644",-17844.374
"6645",-18008.942
"6646",-17702.075
"6647",-17739.159
"6648",-17659.108
"6649",-17472.398
"6650",-17690.078
"6651",-17705.791
"6652",-17954.133
"6653",-17839.478
"6654",-17796.763
"6655",-17713.965
"6656",-18043.598
"6657",-17902.137
"6658",-18117.975
"6659",-18177.056
"6660",-17816.911
"6661",-18174.293
"6662",-17634.009
"6663",-17793.537
"6664",-17914.726
"6665",-17946.967
"6666",-18067.485
"6667",-18248.442
"6668",-17841.308
"6669",-17797.181
"6670",-17654.094
"6671",-18073.715
"6672",-18088.765
"6673",-17808.381
"6674",-17590.354
"6675",-17744.91
"6676",-17647.331
"6677",-18084.013
"6678",-18101.278
"6679",-17936.343
"6680",-18365.037
"6681",-17420.039
"6682",-17921.439
"6683",-17936.039
"6684",-17776.01
"6685",-17815.656
"6686",-17872.138
"6687",-17946.051
"6688",-17929.769
"6689",-17805.993
"6690",-17854.488
"6691",-18083.07
"6692",-17720.819
"6693",-17468.031
"6694",-17494.548
"6695",-18092.811
"6696",-17606.666
"6697",-17908.46
"6698",-17593.066
"6699",-17798.795
"6700",-17806.177
"6701",-17317.114
"6702",-17991.253
"6703",-18059.602
"6704",-17197.19
"6705",-17788.968
"6706",-17606.626
"6707",-17381.557
"6708",-17638.669
"6709",-17958.316
"6710",-17605.281
"6711",-17742.698
"6712",-17712.907
"6713",-17487.096
"6714",-17646.938
"6715",-17907.934
"6716",-17865.488
"6717",-18094.033
"6718",-17917.525
"6719",-17909.216
"6720",-17986.889
"6721",-17366.195
"6722",-17452.044
"6723",-18023.366
"6724",-17790.826
"6725",-17936.004
"6726",-17835.339
"6727",-17682.559
"6728",-17923.384
"6729",-17700.58
"6730",-17948.833
"6731",-17870.088
"6732",-17797.496
"6733",-17730.038
"6734",-18313.556
"6735",-17636.35
"6736",-17759.48
"6737",-17461.458
"6738",-17836.169
"6739",-17810.51
"6740",-17684.155
"6741",-17958.942
"6742",-17912.284
"6743",-17530.873
"6744",-17642.18
"6745",-17750.917
"6746",-17840.093
"6747",-17886.279
"6748",-17770.727
"6749",-17951.745
"6750",-17901.72
"6751",-17543.258
"6752",-17910.7
"6753",-17731.385
"6754",-17986.294
"6755",-17767.583
"6756",-17635.102
"6757",-18055.759
"6758",-18092.835
"6759",-18027.985
"6760",-17735.39
"6761",-17779.254
"6762",-17774.908
"6763",-17985.525
"6764",-18022.879
"6765",-17947.184
"6766",-17780.995
"6767",-18008.005
"6768",-17561.571
"6769",-17837.317
"6770",-17476.179
"6771",-17882.424
"6772",-17713.132
"6773",-17683.718
"6774",-17541.385
"6775",-17944.427
"6776",-18068.933
"6777",-17804.304
"6778",-18007.355
"6779",-17695.082
"6780",-17871.15
"6781",-18143.979
"6782",-17833.06
"6783",-17984.537
"6784",-17783.856
"6785",-18023.396
"6786",-17578.434
"6787",-17985.287
"6788",-17299.502
"6789",-17563.956
"6790",-18003.674
"6791",-17949.877
"6792",-17884.613
"6793",-17935.595
"6794",-17990.926
"6795",-17650.67
"6796",-18094.276
"6797",-17643.445
"6798",-17951.574
"6799",-17907.886
"6800",-17696.641
"6801",-17596.648
"6802",-17460.554
"6803",-17764.582
"6804",-17989.167
"6805",-17991.908
"6806",-17905.916
"6807",-17787.398
"6808",-17710.676
"6809",-17991.541
"6810",-17423.237
"6811",-17796.103
"6812",-17920.237
"6813",-17746.921
"6814",-17705.287
"6815",-17838.106
"6816",-18266.052
"6817",-17823.051
"6818",-17839.966
"6819",-17917.45
"6820",-17658.991
"6821",-17885.989
"6822",-17733.431
"6823",-17667.505
"6824",-17967.126
"6825",-17624.323
"6826",-17948.582
"6827",-17621.398
"6828",-17727.01
"6829",-17671.873
"6830",-17391.169
"6831",-17606.765
"6832",-18051.585
"6833",-17886.606
"6834",-17490.554
"6835",-18095.283
"6836",-18163.309
"6837",-17974.785
"6838",-17963.722
"6839",-17614.851
"6840",-17915.694
"6841",-18143.974
"6842",-17895.503
"6843",-18001.803
"6844",-17828.507
"6845",-17807.174
"6846",-17687.323
"6847",-17818.122
"6848",-17821.739
"6849",-17674.439
"6850",-18025.348
"6851",-17472.978
"6852",-18007.504
"6853",-17647.472
"6854",-17711.493
"6855",-18535.693
"6856",-17593.453
"6857",-17691.339
"6858",-18191.371
"6859",-17931.647
"6860",-17925.427
"6861",-17974.272
"6862",-17795.824
"6863",-18044.707
"6864",-17530.559
"6865",-17744.755
"6866",-17400.441
"6867",-18146.072
"6868",-17530.259
"6869",-17788.387
"6870",-17583.784
"6871",-18029.457
"6872",-17809.007
"6873",-17805.849
"6874",-17963.903
"6875",-18038.057
"6876",-17820.577
"6877",-17282.761
"6878",-17936.366
"6879",-17901.008
"6880",-17584.66
"6881",-17940.079
"6882",-17608.73
"6883",-17942.817
"6884",-17943.826
"6885",-17956.38
"6886",-18091.694
"6887",-18224.261
"6888",-18196.01
"6889",-17885.963
"6890",-17853.153
"6891",-17641.082
"6892",-17602.372
"6893",-18145.325
"6894",-17715.283
"6895",-17668.154
"6896",-17792.403
"6897",-18064.529
"6898",-18210.455
"6899",-17948.811
"6900",-17673.97
"6901",-17968.988
"6902",-17984.424
"6903",-18150.564
"6904",-17823.978
"6905",-17918.995
"6906",-17521.683
"6907",-17868.992
"6908",-17546.845
"6909",-18114.771
"6910",-17985.777
"6911",-18028.06
"6912",-18043.862
"6913",-18043.323
"6914",-17572.208
"6915",-17707.97
"6916",-17912.975
"6917",-18021.652
"6918",-17577.061
"6919",-18141.794
"6920",-17987.063
"6921",-17656.9
"6922",-17679.385
"6923",-17915.592
"6924",-18083.359
"6925",-18050.336
"6926",-17844.244
"6927",-17765.734
"6928",-17952.492
"6929",-17861.183
"6930",-17913.444
"6931",-17740.726
"6932",-18312.678
"6933",-17821.416
"6934",-17708.461
"6935",-17731.935
"6936",-17464.641
"6937",-17762.96
"6938",-18037.401
"6939",-17876.321
"6940",-18084.401
"6941",-17781.414
"6942",-18058.18
"6943",-17912.299
"6944",-18228.946
"6945",-18091.791
"6946",-17882.294
"6947",-17855.94
"6948",-18186.223
"6949",-18156.285
"6950",-18047.68
"6951",-17645.393
"6952",-17746.815
"6953",-17915.135
"6954",-18006.735
"6955",-17905.218
"6956",-17715.378
"6957",-17835.057
"6958",-17587.886
"6959",-17767.028
"6960",-17868.762
"6961",-17976.132
"6962",-18032.423
"6963",-17970.636
"6964",-17294.377
"6965",-17760.806
"6966",-17796.101
"6967",-17405.636
"6968",-17780.755
"6969",-17787.221
"6970",-18155.29
"6971",-17651.692
"6972",-18086.064
"6973",-17979.921
"6974",-17719.017
"6975",-18040.836
"6976",-17532.983
"6977",-17773.771
"6978",-18034.116
"6979",-17917.374
"6980",-17616.178
"6981",-17904.419
"6982",-18014.667
"6983",-17977.926
"6984",-17687.281
"6985",-17824.076
"6986",-17987.367
"6987",-17913.72
"6988",-18027.296
"6989",-17832.838
"6990",-17906.073
"6991",-18148.807
"6992",-17820.564
"6993",-17446.32
"6994",-17967.433
"6995",-17861.068
"6996",-18051.132
"6997",-18024.008
"6998",-18100.107
"6999",-17980.116
"7000",-17619.731
"7001",-17961.296
"7002",-17749.98
"7003",-17825.201
"7004",-17873.007
"7005",-17778.702
"7006",-18006.275
"7007",-17994.856
"7008",-17720.262
"7009",-17825.674
"7010",-17722.873
"7011",-17528.094
"7012",-18271.073
"7013",-17775.751
"7014",-17841.301
"7015",-17941.699
"7016",-17972.189
"7017",-17962.997
"7018",-17662.725
"7019",-17642.814
"7020",-17513.025
"7021",-17886.789
"7022",-17792.382
"7023",-17676.791
"7024",-17963.663
"7025",-17859.262
"7026",-17809.323
"7027",-17936.018
"7028",-18172.785
"7029",-17771.903
"7030",-17864.073
"7031",-18144.308
"7032",-18194.549
"7033",-17895.172
"7034",-17778.46
"7035",-17892
"7036",-17950.886
"7037",-17565.46
"7038",-17690.43
"7039",-17785.111
"7040",-17929.607
"7041",-17851.737
"7042",-17902.61
"7043",-17715.497
"7044",-18009.103
"7045",-17985.624
"7046",-17992.692
"7047",-17942.917
"7048",-17742.818
"7049",-17662.206
"7050",-17964.638
"7051",-18254.805
"7052",-17982.23
"7053",-17968.995
"7054",-17410.24
"7055",-17747.687
"7056",-18124.781
"7057",-17817.089
"7058",-17689.679
"7059",-17638.049
"7060",-17588.675
"7061",-18107.72
"7062",-17811.043
"7063",-17828.025
"7064",-17581.708
"7065",-17839.918
"7066",-17837.181
"7067",-18250.515
"7068",-17764.097
"7069",-17656.715
"7070",-17658.106
"7071",-18007.725
"7072",-17721.827
"7073",-17782.444
"7074",-18102.679
"7075",-17918.628
"7076",-17622.152
"7077",-17660.353
"7078",-17600.119
"7079",-17990.813
"7080",-17836.6
"7081",-18191.844
"7082",-17924.511
"7083",-17959.671
"7084",-17996.186
"7085",-17697.141
"7086",-17910.708
"7087",-17999.249
"7088",-17855.517
"7089",-17884.476
"7090",-17961.218
"7091",-17842.371
"7092",-17735.685
"7093",-17630.759
"7094",-17928.135
"7095",-17901.629
"7096",-18389.706
"7097",-17874.566
"7098",-17697.887
"7099",-17949.372
"7100",-17981.315
"7101",-18144.142
"7102",-17812.134
"7103",-18016.275
"7104",-17975.21
"7105",-17695.356
"7106",-18086.985
"7107",-17878.451
"7108",-17989.936
"7109",-17833.155
"7110",-17901.524
"7111",-18120.265
"7112",-17894.549
"7113",-17990.327
"7114",-18119.966
"7115",-17696.122
"7116",-17713.309
"7117",-17543.409
"7118",-17940.624
"7119",-17802.252
"7120",-17852.548
"7121",-18022.706
"7122",-17628.101
"7123",-18085.446
"7124",-18085.996
"7125",-17881.615
"7126",-18029.049
"7127",-17685.91
"7128",-17738.764
"7129",-17806.941
"7130",-17422.967
"7131",-17861.802
"7132",-17848.982
"7133",-17940.374
"7134",-17839.061
"7135",-18050.378
"7136",-18149.493
"7137",-17668.013
"7138",-18232.013
"7139",-17724.658
"7140",-17920.064
"7141",-17666.696
"7142",-17898.678
"7143",-17519.652
"7144",-17812.797
"7145",-17818.649
"7146",-17873.773
"7147",-17924.52
"7148",-17932.646
"7149",-18103.309
"7150",-17738.7
"7151",-18377.508
"7152",-18125.424
"7153",-18115.681
"7154",-17818.284
"7155",-17975.107
"7156",-17854.434
"7157",-17945.968
"7158",-18229.388
"7159",-17461.188
"7160",-17734.495
"7161",-17968.383
"7162",-18145.849
"7163",-18094.646
"7164",-17636.22
"7165",-17981.279
"7166",-17706.377
"7167",-17991.44
"7168",-17845.54
"7169",-17300.788
"7170",-17811.591
"7171",-17638.97
"7172",-17752.25
"7173",-17829.47
"7174",-18034.467
"7175",-17996.853
"7176",-17802.293
"7177",-17908.51
"7178",-17922.507
"7179",-17633.615
"7180",-18322.673
"7181",-18074.763
"7182",-17567.054
"7183",-18184.091
"7184",-17555.155
"7185",-17694.709
"7186",-18090.623
"7187",-17906.705
"7188",-17727.434
"7189",-17679.885
"7190",-17874.099
"7191",-17892.915
"7192",-18099.948
"7193",-17727.173
"7194",-17710.345
"7195",-17805.52
"7196",-17908.013
"7197",-18172.365
"7198",-18032.881
"7199",-18073.777
"7200",-17845.325
"7201",-17855.479
"7202",-18019.181
"7203",-17688.47
"7204",-17922.549
"7205",-17498.488
"7206",-17754.408
"7207",-17809.937
"7208",-17879.885
"7209",-17871.329
"7210",-17996.218
"7211",-17943.403
"7212",-18056.1
"7213",-18169.103
"7214",-17831.188
"7215",-17769.824
"7216",-17597.939
"7217",-18157.546
"7218",-17804.551
"7219",-17612.095
"7220",-17938.803
"7221",-17904.231
"7222",-17704.559
"7223",-17631.378
"7224",-18096.805
"7225",-17391.589
"7226",-18079.645
"7227",-17819.212
"7228",-17680.085
"7229",-17791.38
"7230",-17815.023
"7231",-17571.005
"7232",-17608.563
"7233",-18382.7
"7234",-17947.636
"7235",-17498.853
"7236",-17908.971
"7237",-17645.202
"7238",-17830.102
"7239",-17816.919
"7240",-17757.383
"7241",-17814.377
"7242",-17679.009
"7243",-18076.103
"7244",-17818.208
"7245",-17884.602
"7246",-18125.993
"7247",-17610.623
"7248",-18304.532
"7249",-18214.336
"7250",-17839.015
"7251",-18025.018
"7252",-17967.481
"7253",-17771.18
"7254",-17927.535
"7255",-17697.526
"7256",-17514.07
"7257",-17651.728
"7258",-17464.158
"7259",-18161.247
"7260",-17520.03
"7261",-17583.056
"7262",-18010.649
"7263",-17963.898
"7264",-18051.863
"7265",-18191.041
"7266",-18044.249
"7267",-18075.164
"7268",-17939.78
"7269",-17642.987
"7270",-17826.921
"7271",-17711.128
"7272",-18078.422
"7273",-17977.426
"7274",-18081.169
"7275",-17985.737
"7276",-17889.802
"7277",-17958.881
"7278",-17828.618
"7279",-18129.071
"7280",-17798.304
"7281",-17751.163
"7282",-17735.188
"7283",-18001.008
"7284",-17621.413
"7285",-17893.115
"7286",-17947.162
"7287",-18064.273
"7288",-17873.184
"7289",-17718.081
"7290",-17789.819
"7291",-17621.393
"7292",-17642.326
"7293",-18267.696
"7294",-18007.946
"7295",-17816.872
"7296",-17741.246
"7297",-17665.791
"7298",-17929.157
"7299",-18043.53
"7300",-17514.99
"7301",-17931.523
"7302",-17640.07
"7303",-17817.94
"7304",-17593.957
"7305",-17890.09
"7306",-17629.307
"7307",-18172.005
"7308",-17689.325
"7309",-17864.347
"7310",-17478.832
"7311",-17548.196
"7312",-18144.699
"7313",-17979.179
"7314",-17379.21
"7315",-17861.433
"7316",-17933.302
"7317",-17650.956
"7318",-17978.642
"7319",-17761.144
"7320",-17598.786
"7321",-17263.142
"7322",-17801.078
"7323",-17572.304
"7324",-17919.799
"7325",-17720.577
"7326",-17557.993
"7327",-18120.74
"7328",-17735.496
"7329",-17683.793
"7330",-17935.507
"7331",-17704.15
"7332",-17700.233
"7333",-17690.651
"7334",-17834.311
"7335",-17787.204
"7336",-17998.732
"7337",-17509.876
"7338",-17822.155
"7339",-17692.39
"7340",-18034.737
"7341",-17279.104
"7342",-17987.705
"7343",-17930.382
"7344",-17489.754
"7345",-17605.821
"7346",-17872.135
"7347",-17807.569
"7348",-17984.677
"7349",-18136.186
"7350",-18261.511
"7351",-17855.918
"7352",-17857.747
"7353",-17999.171
"7354",-18077.271
"7355",-17484.288
"7356",-17699.774
"7357",-17952.526
"7358",-17745.404
"7359",-17418.682
"7360",-17951.89
"7361",-18180.941
"7362",-17798.009
"7363",-17996.113
"7364",-17719.168
"7365",-17699.77
"7366",-17723.905
"7367",-17974.346
"7368",-17973.423
"7369",-17717.882
"7370",-17890.618
"7371",-18094.363
"7372",-17650.418
"7373",-17935.409
"7374",-17850.874
"7375",-17810.358
"7376",-17820.069
"7377",-18027.36
"7378",-18030.222
"7379",-17773.148
"7380",-17816.303
"7381",-17954.365
"7382",-17737.974
"7383",-18166.757
"7384",-17859.615
"7385",-17984.565
"7386",-17709.993
"7387",-18038.233
"7388",-17539.63
"7389",-17534.297
"7390",-17733.114
"7391",-17851.774
"7392",-18028.527
"7393",-18121.858
"7394",-17916.62
"7395",-17937.356
"7396",-17657.984
"7397",-17777.519
"7398",-18083.912
"7399",-18320.777
"7400",-17776.611
"7401",-17551.361
"7402",-17889.003
"7403",-17588.892
"7404",-18007.581
"7405",-18005.053
"7406",-17920.923
"7407",-17688.624
"7408",-17928.605
"7409",-18061.745
"7410",-17549.793
"7411",-17862.292
"7412",-18021.21
"7413",-18163.447
"7414",-17479.304
"7415",-17932.183
"7416",-18224.552
"7417",-17763.852
"7418",-17954.264
"7419",-17605.479
"7420",-17773.287
"7421",-17869.438
"7422",-17876.953
"7423",-17866.479
"7424",-17720.247
"7425",-17758.792
"7426",-18025.228
"7427",-17820.375
"7428",-17917.555
"7429",-17633.787
"7430",-17930.484
"7431",-17742.789
"7432",-18009.777
"7433",-17923.694
"7434",-17884.341
"7435",-18051.873
"7436",-17970.792
"7437",-17992.738
"7438",-17802.659
"7439",-18060.492
"7440",-18045.184
"7441",-17759.005
"7442",-17675.343
"7443",-17387.029
"7444",-17634.939
"7445",-17763.351
"7446",-17979.934
"7447",-17601.61
"7448",-17597.303
"7449",-17872.102
"7450",-17852.096
"7451",-17493.303
"7452",-17765.045
"7453",-17647.761
"7454",-17978.94
"7455",-17899.968
"7456",-18092.219
"7457",-17891.795
"7458",-17794.241
"7459",-18035.218
"7460",-17676.726
"7461",-17842.182
"7462",-17766.138
"7463",-17870.462
"7464",-17839.861
"7465",-18173.677
"7466",-17772.777
"7467",-17832.894
"7468",-17738.735
"7469",-17504.782
"7470",-17838.473
"7471",-18040.79
"7472",-17498.736
"7473",-17797.926
"7474",-17276.208
"7475",-17509.388
"7476",-17776.226
"7477",-17752.806
"7478",-18179.946
"7479",-18003.855
"7480",-17760.442
"7481",-17997.117
"7482",-17856.188
"7483",-17497.847
"7484",-18183.759
"7485",-17716.062
"7486",-17976.391
"7487",-17719.682
"7488",-17877.03
"7489",-17633.651
"7490",-18009.72
"7491",-17621.97
"7492",-18196.295
"7493",-17954.631
"7494",-18030.615
"7495",-18016.408
"7496",-17775.751
"7497",-17907.92
"7498",-17977.226
"7499",-17913.654
"7500",-17999.059
"7501",-18028.439
"7502",-17780.643
"7503",-17817.59
"7504",-17958.38
"7505",-17603.51
"7506",-17848.225
"7507",-17909.333
"7508",-18115.46
"7509",-17836.821
"7510",-17668.853
"7511",-17555.876
"7512",-17966.241
"7513",-18002.4
"7514",-18096.173
"7515",-17626.133
"7516",-17585.109
"7517",-17843.976
"7518",-17671.277
"7519",-18052.818
"7520",-17872.082
"7521",-18252.286
"7522",-17770.857
"7523",-17759.516
"7524",-17420.421
"7525",-17875.428
"7526",-17780.304
"7527",-17507.297
"7528",-17534.534
"7529",-18083.757
"7530",-18125.499
"7531",-17542.957
"7532",-17804.764
"7533",-17660.101
"7534",-17964.94
"7535",-17816.183
"7536",-17644.75
"7537",-17859.523
"7538",-18108.417
"7539",-17627.824
"7540",-18308.554
"7541",-17766.617
"7542",-17971.199
"7543",-18105.066
"7544",-17791.655
"7545",-18296.29
"7546",-17752.036
"7547",-18370.617
"7548",-18161.236
"7549",-17630.064
"7550",-17349.413
"7551",-17845.093
"7552",-17965.805
"7553",-18077.4
"7554",-17964.551
"7555",-17784.912
"7556",-17923.38
"7557",-17986.253
"7558",-17791.463
"7559",-17677.464
"7560",-17742.53
"7561",-17857.838
"7562",-18040.203
"7563",-17883.839
"7564",-17726.334
"7565",-17616.369
"7566",-17661.893
"7567",-18022.314
"7568",-17725.506
"7569",-18221.912
"7570",-17534.379
"7571",-17847.757
"7572",-17745.349
"7573",-18226.147
"7574",-17989.232
"7575",-17732.82
"7576",-17846.788
"7577",-17784.759
"7578",-17637.313
"7579",-17975.465
"7580",-18153.926
"7581",-17837.07
"7582",-18076.38
"7583",-17618.385
"7584",-17700.676
"7585",-18174.883
"7586",-17984.831
"7587",-18106.227
"7588",-17758.306
"7589",-17561.357
"7590",-17866.863
"7591",-18206.172
"7592",-18158.319
"7593",-18416.775
"7594",-17891.524
"7595",-17887.863
"7596",-17817.304
"7597",-18130.472
"7598",-17494.159
"7599",-17844.627
"7600",-17992.935
"7601",-17442.246
"7602",-18068.488
"7603",-17632.269
"7604",-18059.782
"7605",-17459.052
"7606",-18004.174
"7607",-17357.08
"7608",-17970.575
"7609",-17570.103
"7610",-17891.496
"7611",-17719.085
"7612",-17844.552
"7613",-17610.276
"7614",-18243.847
"7615",-18117.7
"7616",-18203.477
"7617",-17789.369
"7618",-17877.811
"7619",-17570.526
"7620",-17778.122
"7621",-17692.481
"7622",-17710.363
"7623",-17529.755
"7624",-17970.927
"7625",-18215.919
"7626",-17741.79
"7627",-18261.69
"7628",-17564.815
"7629",-18021.155
"7630",-18166.988
"7631",-17379.684
"7632",-18230.944
"7633",-17693.829
"7634",-17891.456
"7635",-18066.069
"7636",-18169.841
"7637",-18043.141
"7638",-17894.466
"7639",-18253.752
"7640",-17931.183
"7641",-18123.318
"7642",-17899.596
"7643",-17930.091
"7644",-17852.335
"7645",-17977.629
"7646",-17544.493
"7647",-17814.078
"7648",-18056.903
"7649",-18299.264
"7650",-17668.681
"7651",-17786.649
"7652",-17786.032
"7653",-17805.578
"7654",-17989.193
"7655",-18249.391
"7656",-18154.443
"7657",-17752.87
"7658",-17992.309
"7659",-17802.055
"7660",-18260.844
"7661",-17738.83
"7662",-17651.827
"7663",-17960.899
"7664",-17834.444
"7665",-17724.565
"7666",-17861.482
"7667",-18065.034
"7668",-17657.305
"7669",-17513.102
"7670",-18145.314
"7671",-17532.857
"7672",-17548.922
"7673",-17909.134
"7674",-17771.272
"7675",-17873.919
"7676",-18045.572
"7677",-17977.29
"7678",-17879.301
"7679",-17527.383
"7680",-17751.42
"7681",-17898.189
"7682",-18235.765
"7683",-18149.476
"7684",-17641.096
"7685",-18231.545
"7686",-18205.932
"7687",-18021.823
"7688",-17960.686
"7689",-17704.579
"7690",-17564.62
"7691",-17645.872
"7692",-17913.58
"7693",-17977.608
"7694",-17859.054
"7695",-17614.942
"7696",-17798.593
"7697",-17738.396
"7698",-18108.168
"7699",-17906.124
"7700",-18266.783
"7701",-17874.843
"7702",-18004.507
"7703",-17953.674
"7704",-17548.76
"7705",-17797.887
"7706",-17785.696
"7707",-17762.073
"7708",-17588.086
"7709",-17868.054
"7710",-17539.066
"7711",-17403.525
"7712",-17853.123
"7713",-17667.987
"7714",-18235.633
"7715",-17739.536
"7716",-17875.402
"7717",-17905.045
"7718",-17678.188
"7719",-17816.069
"7720",-17954.314
"7721",-17984.143
"7722",-18180.191
"7723",-17693.686
"7724",-17694.666
"7725",-18013.831
"7726",-17489.251
"7727",-17664.694
"7728",-18105.205
"7729",-17885.05
"7730",-17927.729
"7731",-17987.237
"7732",-17871.005
"7733",-17580.077
"7734",-17952.695
"7735",-17748.011
"7736",-17958.229
"7737",-17618.755
"7738",-17771.307
"7739",-18163.709
"7740",-17511.093
"7741",-17934.247
"7742",-17900.592
"7743",-17972.68
"7744",-17690.222
"7745",-17687.423
"7746",-17783.279
"7747",-17639.862
"7748",-17736.042
"7749",-18194.422
"7750",-18302.36
"7751",-17872.566
"7752",-17832.058
"7753",-17988.13
"7754",-17720.882
"7755",-17664.193
"7756",-17859.063
"7757",-17775.143
"7758",-17833.283
"7759",-17628.136
"7760",-17943.883
"7761",-17825.604
"7762",-18009.358
"7763",-17614.34
"7764",-17881.707
"7765",-17781.572
"7766",-17731.767
"7767",-17781.08
"7768",-17736.307
"7769",-17727.279
"7770",-18039.438
"7771",-17791.465
"7772",-17851.932
"7773",-17980.139
"7774",-17650.154
"7775",-18124.92
"7776",-18128.076
"7777",-17834.648
"7778",-17745.129
"7779",-17800.993
"7780",-17725.549
"7781",-17846.902
"7782",-17740.787
"7783",-17627.186
"7784",-17990.664
"7785",-18017.653
"7786",-18007.65
"7787",-18101.384
"7788",-17754.333
"7789",-17737.879
"7790",-18054.946
"7791",-17836.516
"7792",-17829.018
"7793",-17918.362
"7794",-17715.987
"7795",-17923.762
"7796",-17906.875
"7797",-17812.042
"7798",-17898.146
"7799",-18139.584
"7800",-17719.427
"7801",-17758.781
"7802",-18074.887
"7803",-17867.995
"7804",-17971.938
"7805",-17894.614
"7806",-17907.413
"7807",-18163.248
"7808",-17737.211
"7809",-17391.368
"7810",-17666.687
"7811",-17693.118
"7812",-17662.357
"7813",-18377.195
"7814",-17730.107
"7815",-18099.608
"7816",-17671.182
"7817",-17763.879
"7818",-17813.662
"7819",-17730.177
"7820",-17877.941
"7821",-17960.734
"7822",-17748.501
"7823",-17938.687
"7824",-17900.869
"7825",-17890.198
"7826",-18353.79
"7827",-17773.099
"7828",-17834.334
"7829",-17699.003
"7830",-18136.123
"7831",-17647.582
"7832",-17670.691
"7833",-17659.984
"7834",-17728.122
"7835",-17924.344
"7836",-18125.703
"7837",-18247.79
"7838",-17579.595
"7839",-18126.598
"7840",-17829.213
"7841",-17643.955
"7842",-18120.063
"7843",-17962.804
"7844",-18167.046
"7845",-17882.668
"7846",-17850.483
"7847",-17541.33
"7848",-18134.307
"7849",-17811.547
"7850",-17748.905
"7851",-17914.64
"7852",-17854.707
"7853",-17807.605
"7854",-17878.941
"7855",-17768.839
"7856",-17585.652
"7857",-17902.579
"7858",-17943.337
"7859",-17556.326
"7860",-17761.949
"7861",-17672.234
"7862",-17834.611
"7863",-17673.138
"7864",-17777.991
"7865",-18000.279
"7866",-17865.307
"7867",-17844.094
"7868",-17658.305
"7869",-17907.067
"7870",-18190.196
"7871",-17437.071
"7872",-18186.796
"7873",-17810.402
"7874",-17902.492
"7875",-17408.934
"7876",-18078.317
"7877",-17886.034
"7878",-18257.624
"7879",-18213.262
"7880",-17744.128
"7881",-17939.323
"7882",-18010.783
"7883",-17985.656
"7884",-17931.636
"7885",-17972.745
"7886",-17722.33
"7887",-17795.351
"7888",-17999.983
"7889",-17459.859
"7890",-18039.237
"7891",-18032.577
"7892",-17929.324
"7893",-18000.792
"7894",-17873.059
"7895",-18128.788
"7896",-17547.011
"7897",-18052.352
"7898",-18080.295
"7899",-17659.562
"7900",-18080.253
"7901",-17635.385
"7902",-17974.721
"7903",-17565.575
"7904",-17977.675
"7905",-17696.37
"7906",-18037.326
"7907",-17845.545
"7908",-17670.621
"7909",-17844.524
"7910",-17854.738
"7911",-17851.99
"7912",-17616.826
"7913",-17429.358
"7914",-17602.151
"7915",-17700.341
"7916",-17403.543
"7917",-17719.526
"7918",-18257.677
"7919",-17783.747
"7920",-17998.551
"7921",-18054.835
"7922",-18000.078
"7923",-17641.165
"7924",-18233.575
"7925",-18311.711
"7926",-17715.245
"7927",-18327.145
"7928",-17719.42
"7929",-17978.937
"7930",-17505.545
"7931",-18135.685
"7932",-17763.419
"7933",-17748.611
"7934",-17823.523
"7935",-17548.889
"7936",-18200.233
"7937",-18007.737
"7938",-18088.767
"7939",-18216.934
"7940",-17844.629
"7941",-18049.549
"7942",-18146.2
"7943",-18099.204
"7944",-17711.356
"7945",-17866.655
"7946",-17784.743
"7947",-17945.877
"7948",-17808.942
"7949",-17942.552
"7950",-17881.82
"7951",-17898.373
"7952",-18103.759
"7953",-17863.078
"7954",-17717.095
"7955",-17883.504
"7956",-18188.093
"7957",-17802.093
"7958",-17775.538
"7959",-17937.613
"7960",-17781.54
"7961",-17801.337
"7962",-18004.059
"7963",-17688.02
"7964",-17686.451
"7965",-17757.547
"7966",-17531.671
"7967",-17918.488
"7968",-18395.097
"7969",-18059.1
"7970",-17861.255
"7971",-18043.897
"7972",-17611.548
"7973",-18159.888
"7974",-18022.538
"7975",-17603.54
"7976",-17607.845
"7977",-18025.272
"7978",-18019.241
"7979",-18153.713
"7980",-18003.862
"7981",-17514.818
"7982",-18212.667
"7983",-17976.677
"7984",-17802.786
"7985",-17893.42
"7986",-17770.848
"7987",-18326.467
"7988",-17885.51
"7989",-17963.344
"7990",-17832.299
"7991",-17727.303
"7992",-17491.09
"7993",-17723.754
"7994",-18057.49
"7995",-17712.456
"7996",-17795.288
"7997",-17933.621
"7998",-17811.218
"7999",-18020.852
"8000",-18028.043
"8001",-17648.129
"8002",-17843.658
"8003",-17878.606
"8004",-18252.499
"8005",-17788.358
"8006",-17614.682
"8007",-18224.182
"8008",-17633.624
"8009",-18142.677
"8010",-17851.648
"8011",-17755.369
"8012",-17930.443
"8013",-17951.205
"8014",-17794.051
"8015",-17787.589
"8016",-17959.048
"8017",-17909.71
"8018",-17895.466
"8019",-18303.831
"8020",-17794.27
"8021",-17509.259
"8022",-17801.683
"8023",-18152.59
"8024",-17697.24
"8025",-17995.699
"8026",-18010.079
"8027",-17940.574
"8028",-18015.927
"8029",-17868.568
"8030",-18590.716
"8031",-17641.724
"8032",-17769.339
"8033",-17580.818
"8034",-17759.421
"8035",-17931.312
"8036",-17720.006
"8037",-18146.001
"8038",-17646.344
"8039",-17685.394
"8040",-17973.363
"8041",-17803.473
"8042",-17810.219
"8043",-17908.023
"8044",-17713.323
"8045",-17773.559
"8046",-17953.035
"8047",-18247.055
"8048",-17738.979
"8049",-17767.823
"8050",-17760.664
"8051",-17880.56
"8052",-17936.031
"8053",-18190.578
"8054",-17814.24
"8055",-17680.182
"8056",-17802.165
"8057",-17589.764
"8058",-17531.534
"8059",-17640.142
"8060",-17906.565
"8061",-17734.879
"8062",-17867.183
"8063",-17651.241
"8064",-17813.76
"8065",-17888.316
"8066",-17901.696
"8067",-17798.206
"8068",-17892.045
"8069",-17876.874
"8070",-18192.344
"8071",-17850.736
"8072",-17668.534
"8073",-17963.287
"8074",-17696.716
"8075",-17840.633
"8076",-18062.079
"8077",-18019.063
"8078",-17932.137
"8079",-17976.367
"8080",-18067.252
"8081",-17755.601
"8082",-18049.772
"8083",-18120.727
"8084",-17921.643
"8085",-17801.31
"8086",-17806.229
"8087",-17683.394
"8088",-18056.151
"8089",-17816.109
"8090",-17670.584
"8091",-18145.74
"8092",-17701.257
"8093",-17818.611
"8094",-17774.011
"8095",-17858.389
"8096",-17791.19
"8097",-18014.276
"8098",-18041.8
"8099",-17601.5
"8100",-17572.547
"8101",-17407.805
"8102",-17829.277
"8103",-17973.874
"8104",-17551.287
"8105",-17863.32
"8106",-17734.326
"8107",-17863.965
"8108",-17413.737
"8109",-17681.862
"8110",-17492.73
"8111",-18405.945
"8112",-17276.401
"8113",-17692.52
"8114",-17982.724
"8115",-17981.284
"8116",-18053.448
"8117",-18053.903
"8118",-17977.117
"8119",-18077.186
"8120",-17495.263
"8121",-17923.415
"8122",-17658.423
"8123",-18115.575
"8124",-17992.535
"8125",-17690.688
"8126",-18088.641
"8127",-17295.799
"8128",-18082.58
"8129",-17842.228
"8130",-17809.888
"8131",-17810.696
"8132",-17816.88
"8133",-18060.739
"8134",-17696.619
"8135",-17971.24
"8136",-17954.779
"8137",-17802.228
"8138",-17879.398
"8139",-17607.301
"8140",-17925.731
"8141",-17813.621
"8142",-18012.258
"8143",-18146.283
"8144",-17850.594
"8145",-17681.721
"8146",-17526.238
"8147",-17946.686
"8148",-17784.465
"8149",-17878.871
"8150",-18049.311
"8151",-17892.595
"8152",-17561.389
"8153",-17655.278
"8154",-17786.957
"8155",-17943.628
"8156",-17485.737
"8157",-17851.099
"8158",-17852.176
"8159",-17924.944
"8160",-17721.312
"8161",-17908.265
"8162",-17877.785
"8163",-17628.729
"8164",-18035.657
"8165",-17940.504
"8166",-17854.776
"8167",-18062.674
"8168",-17871.45
"8169",-17944.955
"8170",-17827.36
"8171",-18155.845
"8172",-17955.015
"8173",-17972.651
"8174",-17736.215
"8175",-18099.363
"8176",-17746.568
"8177",-18004.916
"8178",-17576.827
"8179",-17618.219
"8180",-17852.466
"8181",-17647.916
"8182",-17777.971
"8183",-17725.079
"8184",-17982.717
"8185",-18127.076
"8186",-18240.62
"8187",-17508.32
"8188",-17938.143
"8189",-17933.487
"8190",-17770.479
"8191",-17659.712
"8192",-17861.085
"8193",-17938.263
"8194",-18057.233
"8195",-17677.82
"8196",-17562.847
"8197",-17791.572
"8198",-18185.353
"8199",-17978.746
"8200",-18183.271
"8201",-17641.53
"8202",-17654.54
"8203",-17963.032
"8204",-17903.808
"8205",-18149.071
"8206",-17988.193
"8207",-17638.59
"8208",-17566.676
"8209",-17909.006
"8210",-17817.865
"8211",-17920.456
"8212",-17642.142
"8213",-17718.177
"8214",-17931.388
"8215",-17767.104
"8216",-18081.333
"8217",-17955.38
"8218",-17777.78
"8219",-17829.326
"8220",-17695.959
"8221",-17822.207
"8222",-17863.788
"8223",-17652.154
"8224",-17863.053
"8225",-18156.582
"8226",-17956.196
"8227",-17556.284
"8228",-17758.843
"8229",-17913.83
"8230",-17558.507
"8231",-17659.035
"8232",-17601.8
"8233",-17745.403
"8234",-17917.649
"8235",-17863.522
"8236",-17755.745
"8237",-18110.559
"8238",-17428.58
"8239",-17445.579
"8240",-17905.392
"8241",-18016.479
"8242",-18302.204
"8243",-18221.909
"8244",-17927.608
"8245",-17678.299
"8246",-17720.159
"8247",-17755.379
"8248",-17543.769
"8249",-18053.824
"8250",-18021.928
"8251",-17936.945
"8252",-18144.2
"8253",-17974.763
"8254",-17746.439
"8255",-18245.614
"8256",-18010.633
"8257",-17754.744
"8258",-17637.619
"8259",-17741.604
"8260",-17878.563
"8261",-17903.594
"8262",-17979.526
"8263",-18092.137
"8264",-18096.993
"8265",-17737.858
"8266",-17812.651
"8267",-17938.788
"8268",-17872.943
"8269",-18084.412
"8270",-17660.782
"8271",-17577.78
"8272",-17908.833
"8273",-18169.896
"8274",-17803.779
"8275",-17675.1
"8276",-18016.391
"8277",-18096.616
"8278",-17718.707
"8279",-18220.596
"8280",-17984.081
"8281",-17849.417
"8282",-18101.08
"8283",-17828.747
"8284",-18218.945
"8285",-17918.432
"8286",-17714.057
"8287",-17324.205
"8288",-17809.974
"8289",-17811.316
"8290",-17721.816
"8291",-18016.872
"8292",-17846.254
"8293",-17579.498
"8294",-18118.756
"8295",-18444.456
"8296",-18056.952
"8297",-17650.412
"8298",-17757.006
"8299",-18048.491
"8300",-17859.663
"8301",-17861.153
"8302",-18170.411
"8303",-17786.327
"8304",-17798.211
"8305",-18083.069
"8306",-17972.423
"8307",-17674.569
"8308",-18225.437
"8309",-17986.022
"8310",-17999.355
"8311",-17624.138
"8312",-18117.161
"8313",-18204.256
"8314",-18000.456
"8315",-17663.83
"8316",-18264.185
"8317",-17907.733
"8318",-18073.19
"8319",-17722.987
"8320",-18008.419
"8321",-17898.17
"8322",-17850.87
"8323",-18184.006
"8324",-17668.848
"8325",-18105.641
"8326",-17813.986
"8327",-18084.62
"8328",-17875.206
"8329",-17709.821
"8330",-17638.673
"8331",-17905.09
"8332",-17703.023
"8333",-17920.704
"8334",-17923.612
"8335",-17903.688
"8336",-17680.799
"8337",-17668.649
"8338",-18108.853
"8339",-17938.862
"8340",-18021.615
"8341",-18108.898
"8342",-17770.316
"8343",-18091.122
"8344",-17733.938
"8345",-17654.181
"8346",-17767.625
"8347",-17973.611
"8348",-17920.988
"8349",-17953.891
"8350",-17859.221
"8351",-17749.912
"8352",-17878.963
"8353",-17576.028
"8354",-17949.283
"8355",-18205.862
"8356",-17981.316
"8357",-17553.059
"8358",-17805.378
"8359",-17983.335
"8360",-17779.063
"8361",-17873.059
"8362",-18058.349
"8363",-18114.944
"8364",-17662.05
"8365",-17767.129
"8366",-17718.265
"8367",-17855.35
"8368",-17740.804
"8369",-17691.339
"8370",-18188.916
"8371",-17904.034
"8372",-17738.18
"8373",-17891.523
"8374",-18088.926
"8375",-17620.426
"8376",-18055.997
"8377",-18050.073
"8378",-17891.669
"8379",-17826.543
"8380",-17769.78
"8381",-17929.8
"8382",-18123.778
"8383",-18091.218
"8384",-17634.586
"8385",-17470.909
"8386",-17752.381
"8387",-17564.916
"8388",-17645.314
"8389",-18012.579
"8390",-17680.62
"8391",-17665.143
"8392",-17728.697
"8393",-18256.802
"8394",-17627.126
"8395",-17866.122
"8396",-17692.169
"8397",-17751.954
"8398",-17723.5
"8399",-18008.495
"8400",-17889.35
"8401",-17775.205
"8402",-17728.438
"8403",-17902.416
"8404",-17819.018
"8405",-17934.12
"8406",-17644.955
"8407",-17717.843
"8408",-18198.057
"8409",-17977.351
"8410",-18309.437
"8411",-17623.112
"8412",-17697.08
"8413",-18000.396
"8414",-18026.335
"8415",-17825.371
"8416",-18158.452
"8417",-17877.739
"8418",-18115.948
"8419",-17957.567
"8420",-17962.073
"8421",-17767.631
"8422",-17796.743
"8423",-18038.349
"8424",-17949.225
"8425",-18029.911
"8426",-18017.17
"8427",-17614.234
"8428",-17975.387
"8429",-17586.638
"8430",-17731.583
"8431",-18083.131
"8432",-17632.451
"8433",-18031.794
"8434",-17980.286
"8435",-17899.986
"8436",-17783.187
"8437",-17997.872
"8438",-17910.733
"8439",-17470.532
"8440",-17807.119
"8441",-17811.194
"8442",-18139.064
"8443",-17988.061
"8444",-17643.314
"8445",-17755.547
"8446",-17768.549
"8447",-17970.763
"8448",-17845.81
"8449",-18215.804
"8450",-18135.619
"8451",-17505.309
"8452",-18389.78
"8453",-18266.093
"8454",-17864.492
"8455",-17824.682
"8456",-18088.142
"8457",-17955.817
"8458",-18022.669
"8459",-18031.752
"8460",-17902.047
"8461",-18224.73
"8462",-18409.749
"8463",-17850.988
"8464",-17806.114
"8465",-17832.039
"8466",-17639.013
"8467",-17978.773
"8468",-17735.093
"8469",-18033.594
"8470",-17640.953
"8471",-17866.067
"8472",-17576.756
"8473",-17634.651
"8474",-18051.712
"8475",-17986.243
"8476",-17573.713
"8477",-17704.262
"8478",-17687.646
"8479",-17449.962
"8480",-17820.997
"8481",-17611.129
"8482",-17811.462
"8483",-17794.3
"8484",-17709.451
"8485",-17998.558
"8486",-18122.212
"8487",-17578.879
"8488",-17245.903
"8489",-18097.632
"8490",-17556.197
"8491",-18011.923
"8492",-17868.344
"8493",-17663.995
"8494",-17882.502
"8495",-17763.716
"8496",-17895.145
"8497",-17968.244
"8498",-17740.518
"8499",-18170.041
"8500",-17865.557
"8501",-18128.193
"8502",-17786.748
"8503",-17669.205
"8504",-18050.402
"8505",-17785.728
"8506",-17803.383
"8507",-18000.702
"8508",-17582.751
"8509",-17787.383
"8510",-17904.546
"8511",-17766.321
"8512",-18122.089
"8513",-18102.095
"8514",-18200.793
"8515",-17950.214
"8516",-17745.292
"8517",-17944.592
"8518",-17923.37
"8519",-18086.513
"8520",-17762.6
"8521",-17641.11
"8522",-17824.455
"8523",-18085.14
"8524",-17797.514
"8525",-17801.453
"8526",-18114.062
"8527",-17753.368
"8528",-17608.948
"8529",-18057.367
"8530",-17958.687
"8531",-17731.424
"8532",-17890.883
"8533",-17951.084
"8534",-17822.509
"8535",-18009.186
"8536",-17652.567
"8537",-17799.243
"8538",-17968.961
"8539",-18334.941
"8540",-17821.869
"8541",-17694.742
"8542",-18079.325
"8543",-17673.575
"8544",-17975.555
"8545",-17440.403
"8546",-17814.266
"8547",-17705.311
"8548",-17897.503
"8549",-18068.067
"8550",-17767.607
"8551",-17863.731
"8552",-17952.253
"8553",-17860.102
"8554",-18034.246
"8555",-18189.712
"8556",-17877.998
"8557",-18042.614
"8558",-17944.1
"8559",-17726.182
"8560",-17663.89
"8561",-17785.608
"8562",-17878.892
"8563",-17718.835
"8564",-17880.553
"8565",-17537.797
"8566",-17857.823
"8567",-17754.399
"8568",-17717.29
"8569",-17458.774
"8570",-17377.153
"8571",-17823.93
"8572",-18112.334
"8573",-18235.696
"8574",-17736.232
"8575",-17944.479
"8576",-17930.354
"8577",-17931.668
"8578",-17921.77
"8579",-17845.484
"8580",-17898.319
"8581",-17638.054
"8582",-17956.992
"8583",-17775.664
"8584",-18031.576
"8585",-18161.324
"8586",-18249.323
"8587",-17956.205
"8588",-17735.418
"8589",-18204.068
"8590",-17686.304
"8591",-17663.255
"8592",-17638.884
"8593",-17965.688
"8594",-17941.406
"8595",-18051.994
"8596",-17870.01
"8597",-17801.407
"8598",-17728.768
"8599",-17566.639
"8600",-17673.746
"8601",-17888.455
"8602",-17520.637
"8603",-18001.349
"8604",-18069.376
"8605",-17796.514
"8606",-18121.63
"8607",-18051.008
"8608",-18166.771
"8609",-17940.855
"8610",-17923.703
"8611",-18058.617
"8612",-17873.403
"8613",-17856.681
"8614",-17892.945
"8615",-18052.252
"8616",-17998.799
"8617",-17928.009
"8618",-17487.527
"8619",-17907.329
"8620",-17819.145
"8621",-17841.993
"8622",-17980.919
"8623",-17736.946
"8624",-17682.648
"8625",-17917.261
"8626",-17944.573
"8627",-17784.855
"8628",-17763.255
"8629",-17885.647
"8630",-18107.827
"8631",-18325.442
"8632",-17805.16
"8633",-18189.298
"8634",-17852.165
"8635",-17955.241
"8636",-17938.55
"8637",-17853.251
"8638",-18102.359
"8639",-17812.979
"8640",-17723.151
"8641",-17392.462
"8642",-17715.481
"8643",-17713.572
"8644",-18127.281
"8645",-17974.104
"8646",-18034.321
"8647",-18456.796
"8648",-17821.281
"8649",-17970.681
"8650",-17858.195
"8651",-17550.595
"8652",-17780.096
"8653",-18324.648
"8654",-17888.448
"8655",-17692.383
"8656",-17987.167
"8657",-18066.582
"8658",-18117.906
"8659",-17643.817
"8660",-17568.955
"8661",-18000.159
"8662",-17940.603
"8663",-17994.864
"8664",-18024.753
"8665",-17790.618
"8666",-17577.608
"8667",-18200.774
"8668",-18003.711
"8669",-17702.765
"8670",-17457.806
"8671",-18079.147
"8672",-18018.745
"8673",-17723.644
"8674",-17591.862
"8675",-17631.437
"8676",-17995.112
"8677",-17293.234
"8678",-18123.409
"8679",-17549.003
"8680",-17618.988
"8681",-17777.515
"8682",-17975.054
"8683",-17541.229
"8684",-17790.618
"8685",-18004.196
"8686",-17993.363
"8687",-17452.323
"8688",-18067.484
"8689",-17689.446
"8690",-17952.389
"8691",-18017.525
"8692",-17747.482
"8693",-18244.669
"8694",-17974.312
"8695",-17836.649
"8696",-17791.171
"8697",-18114.838
"8698",-17975.232
"8699",-18189.286
"8700",-18019.075
"8701",-17893.702
"8702",-18151.006
"8703",-18085.001
"8704",-17866.225
"8705",-17943.772
"8706",-17646.643
"8707",-17979.428
"8708",-17569.851
"8709",-17853.509
"8710",-17881.874
"8711",-17855.688
"8712",-17815.871
"8713",-17615.2
"8714",-17952.993
"8715",-17745.813
"8716",-18123.612
"8717",-17989.516
"8718",-17883.681
"8719",-17922.833
"8720",-17642.918
"8721",-17886.445
"8722",-17815.579
"8723",-18080.713
"8724",-17535.234
"8725",-17717.453
"8726",-18223.719
"8727",-17738.966
"8728",-17770.167
"8729",-17669.598
"8730",-17756.772
"8731",-18073.557
"8732",-17997.916
"8733",-17835.227
"8734",-18075.013
"8735",-17568.331
"8736",-17810.673
"8737",-17758.561
"8738",-17876.055
"8739",-17787.405
"8740",-17837.979
"8741",-17587.832
"8742",-17785.125
"8743",-18186.971
"8744",-17715.24
"8745",-17777.303
"8746",-18026.248
"8747",-17690.426
"8748",-17652.686
"8749",-18164.742
"8750",-17820.951
"8751",-17910.152
"8752",-18213.413
"8753",-17868.738
"8754",-17948.877
"8755",-17641.802
"8756",-17568.939
"8757",-17683.021
"8758",-17677.505
"8759",-17720.623
"8760",-17765.705
"8761",-17596.742
"8762",-17538.392
"8763",-18063.971
"8764",-17497.786
"8765",-17924.042
"8766",-17889.661
"8767",-17829.949
"8768",-17899.144
"8769",-17472.256
"8770",-17762.147
"8771",-18546.886
"8772",-17986.009
"8773",-17832.837
"8774",-17731.676
"8775",-18034.518
"8776",-17915.332
"8777",-18058.872
"8778",-17734.836
"8779",-17756.511
"8780",-17779.973
"8781",-18050.075
"8782",-17774.903
"8783",-18177.785
"8784",-17697.826
"8785",-18151.749
"8786",-17402.355
"8787",-17982.484
"8788",-17786.582
"8789",-17854.271
"8790",-17817.388
"8791",-17868.014
"8792",-17671.187
"8793",-17733.317
"8794",-17690.003
"8795",-18026.008
"8796",-17549.492
"8797",-18005.931
"8798",-17636.4
"8799",-18018.699
"8800",-18032.471
"8801",-17833.854
"8802",-17717.417
"8803",-17623.49
"8804",-18007.875
"8805",-17445.135
"8806",-18030.294
"8807",-17798.506
"8808",-18043.764
"8809",-17730.727
"8810",-17817.286
"8811",-17811.916
"8812",-17843.08
"8813",-17538.398
"8814",-17675.045
"8815",-17828.903
"8816",-17519.825
"8817",-17694.21
"8818",-17879.226
"8819",-17871.845
"8820",-17901.219
"8821",-17511.75
"8822",-17744.66
"8823",-17780.058
"8824",-18050.666
"8825",-17967.91
"8826",-17552.492
"8827",-17700.104
"8828",-18175.013
"8829",-17656.684
"8830",-18040.751
"8831",-18024.06
"8832",-17659.913
"8833",-18099.647
"8834",-18083.38
"8835",-17818.655
"8836",-17725.685
"8837",-17841.332
"8838",-17514.592
"8839",-18103.681
"8840",-17738.392
"8841",-17795.657
"8842",-17826.475
"8843",-17769.034
"8844",-17720.724
"8845",-17867.213
"8846",-17525.847
"8847",-18083.44
"8848",-17611.634
"8849",-17653.344
"8850",-18110.612
"8851",-17723.771
"8852",-17998.722
"8853",-17862.033
"8854",-17878.079
"8855",-17791.518
"8856",-17586.457
"8857",-17880.814
"8858",-17835.767
"8859",-17798.658
"8860",-17819.695
"8861",-17784.616
"8862",-18129.658
"8863",-17938.989
"8864",-17946.429
"8865",-18063.746
"8866",-17638.491
"8867",-17930.692
"8868",-17395.41
"8869",-17510.703
"8870",-18181.782
"8871",-17385.709
"8872",-17674.768
"8873",-17907.66
"8874",-17917.77
"8875",-17396.184
"8876",-18176.832
"8877",-17607.61
"8878",-17859.987
"8879",-17843
"8880",-17826.933
"8881",-17989.655
"8882",-17692.926
"8883",-17788.291
"8884",-17821.608
"8885",-18088.229
"8886",-17701.665
"8887",-17544.277
"8888",-17658.631
"8889",-17790.618
"8890",-17599.035
"8891",-17805.079
"8892",-17627.116
"8893",-17667.058
"8894",-17855.644
"8895",-17532.14
"8896",-17777.977
"8897",-17865.314
"8898",-17774.835
"8899",-17658.568
"8900",-18371.029
"8901",-17664.388
"8902",-17502.688
"8903",-17993.393
"8904",-17628.671
"8905",-17747.25
"8906",-18150.647
"8907",-17924.303
"8908",-17809.797
"8909",-17840.646
"8910",-17771.772
"8911",-17957.029
"8912",-17869.104
"8913",-17755.246
"8914",-17994.78
"8915",-17817.645
"8916",-18298.659
"8917",-17965.391
"8918",-17850.27
"8919",-17599.187
"8920",-17645.004
"8921",-18353.429
"8922",-17918.291
"8923",-17452.563
"8924",-17765.073
"8925",-18230.387
"8926",-18204.358
"8927",-17785.717
"8928",-18027.191
"8929",-17829.687
"8930",-17936.702
"8931",-17353.046
"8932",-18397.909
"8933",-17515.502
"8934",-17967.492
"8935",-18016.692
"8936",-17841.482
"8937",-17688.613
"8938",-17972.75
"8939",-17939.77
"8940",-18120.707
"8941",-17911.315
"8942",-17753.684
"8943",-18007.522
"8944",-17949.149
"8945",-17673.43
"8946",-17984.673
"8947",-17924.506
"8948",-17585.335
"8949",-17841.867
"8950",-17794.245
"8951",-17338.041
"8952",-17585.731
"8953",-17948.999
"8954",-17758.997
"8955",-17795.38
"8956",-17837.599
"8957",-17935.951
"8958",-17562.642
"8959",-17822.368
"8960",-17681.22
"8961",-17803.41
"8962",-17786.628
"8963",-18146.202
"8964",-18113.964
"8965",-17807.593
"8966",-17834.582
"8967",-17971.771
"8968",-17989.759
"8969",-17761.766
"8970",-17970.078
"8971",-17875.922
"8972",-17823.32
"8973",-17903.077
"8974",-18000.289
"8975",-17714.192
"8976",-17907.314
"8977",-17894.848
"8978",-17761.722
"8979",-18065.548
"8980",-17935.822
"8981",-17529.421
"8982",-17685.485
"8983",-17565.084
"8984",-17804.64
"8985",-18083
"8986",-17713.941
"8987",-18142.995
"8988",-17983.024
"8989",-17585.204
"8990",-17561.409
"8991",-17783.774
"8992",-17622.276
"8993",-17861.971
"8994",-17943.971
"8995",-17861.025
"8996",-18002.491
"8997",-17765.25
"8998",-18048.624
"8999",-17954.878
"9000",-17989.177
"9001",-17738.453
"9002",-17836.068
"9003",-17706.331
"9004",-17425.204
"9005",-18080.295
"9006",-17921.612
"9007",-17815.314
"9008",-17811.767
"9009",-17706.094
"9010",-17950.316
"9011",-18028.305
"9012",-17574.386
"9013",-17788.559
"9014",-17718.964
"9015",-17884.105
"9016",-17775.9
"9017",-17999.212
"9018",-17751.378
"9019",-17795.954
"9020",-17744.563
"9021",-18029.248
"9022",-17584.065
"9023",-17905.748
"9024",-17695.348
"9025",-17540.855
"9026",-17699.754
"9027",-17484.392
"9028",-17804.928
"9029",-17583.413
"9030",-18113.824
"9031",-17773.42
"9032",-18026.082
"9033",-17438.042
"9034",-17635.626
"9035",-17876.625
"9036",-17671.526
"9037",-17872.132
"9038",-17895.878
"9039",-17769.408
"9040",-18235.893
"9041",-18247.996
"9042",-17668.359
"9043",-17804.18
"9044",-17933.685
"9045",-17970.322
"9046",-17803.729
"9047",-18344.594
"9048",-17989.686
"9049",-18157.731
"9050",-17623.346
"9051",-17665.259
"9052",-17640.552
"9053",-17586.924
"9054",-17795.155
"9055",-18024.79
"9056",-17752.812
"9057",-17505.677
"9058",-17891.978
"9059",-17757.152
"9060",-17966.105
"9061",-18048.369
"9062",-17914.803
"9063",-17816.097
"9064",-18171.8
"9065",-18038.88
"9066",-17846.699
"9067",-17730.226
"9068",-17673.65
"9069",-18190.773
"9070",-17648.458
"9071",-17701.731
"9072",-18156.422
"9073",-17941.598
"9074",-17739.989
"9075",-18099.36
"9076",-17833.844
"9077",-17841.138
"9078",-17967.18
"9079",-17826.595
"9080",-17798.789
"9081",-17635.992
"9082",-18122.77
"9083",-17677.049
"9084",-17752.844
"9085",-17948.136
"9086",-17631.86
"9087",-18001.006
"9088",-18193.339
"9089",-17527.068
"9090",-17945.021
"9091",-17925.497
"9092",-18199.015
"9093",-17834.013
"9094",-17732.465
"9095",-17858.146
"9096",-17424.129
"9097",-18042.243
"9098",-17711.569
"9099",-18135.438
"9100",-17720.771
"9101",-17632.59
"9102",-17882.028
"9103",-17816.357
"9104",-17743.407
"9105",-18034.56
"9106",-17483.083
"9107",-17473.583
"9108",-17946.33
"9109",-17252.721
"9110",-17702.965
"9111",-18178.048
"9112",-17757.314
"9113",-17688.687
"9114",-18087.644
"9115",-17951.603
"9116",-17671.306
"9117",-17407.105
"9118",-17971.397
"9119",-18215.857
"9120",-17719.379
"9121",-17976.781
"9122",-17532.779
"9123",-17957.056
"9124",-17627.261
"9125",-18002.309
"9126",-17881.033
"9127",-17651.793
"9128",-17647.491
"9129",-17825.497
"9130",-17623.419
"9131",-17663.819
"9132",-18101.251
"9133",-17645.198
"9134",-18001.355
"9135",-18098.236
"9136",-17852.026
"9137",-18176.009
"9138",-17761.89
"9139",-17946.85
"9140",-17800.007
"9141",-17711.257
"9142",-17951.933
"9143",-17956.358
"9144",-17431.318
"9145",-17907.778
"9146",-18043.103
"9147",-17607.319
"9148",-17926.665
"9149",-17335.964
"9150",-17973.102
"9151",-17824.424
"9152",-17787.659
"9153",-17813.461
"9154",-17934.364
"9155",-17867.433
"9156",-17855.587
"9157",-17618.314
"9158",-17930.985
"9159",-17708.135
"9160",-17668.921
"9161",-17777.416
"9162",-18120.383
"9163",-18396.435
"9164",-18527.459
"9165",-17640.767
"9166",-17745.579
"9167",-17798.621
"9168",-17979.738
"9169",-17967.883
"9170",-17930.452
"9171",-17566.101
"9172",-17681.876
"9173",-17953.481
"9174",-18035.697
"9175",-17899.725
"9176",-18021.659
"9177",-17599.169
"9178",-17733.95
"9179",-17732.583
"9180",-18233.33
"9181",-17987.494
"9182",-17744.135
"9183",-18197.121
"9184",-17908.243
"9185",-18056.58
"9186",-17783.538
"9187",-17693.149
"9188",-17878.331
"9189",-17453.997
"9190",-17867.237
"9191",-18197.671
"9192",-18107.77
"9193",-17792.006
"9194",-17856.491
"9195",-17876.211
"9196",-17874.999
"9197",-17898.519
"9198",-18105.719
"9199",-17964.511
"9200",-17738.44
"9201",-17771.148
"9202",-17880.586
"9203",-17424.544
"9204",-17989.838
"9205",-17970.293
"9206",-17969.76
"9207",-17683.445
"9208",-17912.166
"9209",-18201.936
"9210",-18007.112
"9211",-18004.206
"9212",-17646.551
"9213",-17637.686
"9214",-18108.39
"9215",-17416.766
"9216",-17909.931
"9217",-17667.454
"9218",-18116.046
"9219",-17961.349
"9220",-18017.209
"9221",-18139.248
"9222",-18316.103
"9223",-17651.342
"9224",-17886.498
"9225",-17792.011
"9226",-17649.395
"9227",-17707.168
"9228",-17691.359
"9229",-17855.57
"9230",-17833.547
"9231",-17941.59
"9232",-17821.404
"9233",-17984.871
"9234",-17742.832
"9235",-17688.521
"9236",-17768.157
"9237",-17436.46
"9238",-17482.798
"9239",-17970.746
"9240",-17978.781
"9241",-17655.735
"9242",-18020.338
"9243",-18211.648
"9244",-17936.702
"9245",-17845.796
"9246",-17643.35
"9247",-18002.504
"9248",-17738.708
"9249",-17995.086
"9250",-17964.083
"9251",-17813.233
"9252",-18057.327
"9253",-17841.078
"9254",-17994.856
"9255",-18040.351
"9256",-17721.934
"9257",-17528.944
"9258",-17669.585
"9259",-18051.513
"9260",-17793.504
"9261",-17803.47
"9262",-17909.39
"9263",-18051.886
"9264",-17883.048
"9265",-17803.653
"9266",-17895.746
"9267",-17684.467
"9268",-17814.971
"9269",-17706.23
"9270",-17752.566
"9271",-18041.336
"9272",-17634.94
"9273",-17780.534
"9274",-17661.643
"9275",-17775.885
"9276",-17882.377
"9277",-17715.055
"9278",-17655.211
"9279",-17539.891
"9280",-17516.236
"9281",-17761.85
"9282",-17777.327
"9283",-17700.104
"9284",-17771.934
"9285",-17867.855
"9286",-17785.483
"9287",-17686.336
"9288",-17893.714
"9289",-17707.995
"9290",-17785.335
"9291",-17851.07
"9292",-17666.818
"9293",-17922.708
"9294",-18109.986
"9295",-17770.623
"9296",-17614.518
"9297",-17891.7
"9298",-18204.871
"9299",-17855.776
"9300",-17843.162
"9301",-17917.306
"9302",-17472.148
"9303",-18390.453
"9304",-17714.3
"9305",-17643.651
"9306",-17586.071
"9307",-17776.02
"9308",-17670.821
"9309",-17927.322
"9310",-17844.772
"9311",-18221.359
"9312",-17618.883
"9313",-17885.057
"9314",-18103.197
"9315",-17616.396
"9316",-17789.441
"9317",-17726.854
"9318",-18126.997
"9319",-18319.817
"9320",-17812.455
"9321",-18008.479
"9322",-17740.517
"9323",-17708.223
"9324",-17698.427
"9325",-17854.207
"9326",-17859.982
"9327",-18004.789
"9328",-17797.147
"9329",-18112.519
"9330",-18380.26
"9331",-17621.088
"9332",-18189.668
"9333",-17873.033
"9334",-17944.209
"9335",-17633.061
"9336",-17882.229
"9337",-17287.723
"9338",-18197.335
"9339",-17485.007
"9340",-17925.307
"9341",-18106.812
"9342",-18040.339
"9343",-17947.238
"9344",-17837.268
"9345",-17788.885
"9346",-18070.694
"9347",-17892.247
"9348",-17500.628
"9349",-18057.114
"9350",-17855.05
"9351",-17908.713
"9352",-17930.72
"9353",-17860.026
"9354",-18022.245
"9355",-17574.306
"9356",-17845.479
"9357",-18297.443
"9358",-17625.564
"9359",-17776.771
"9360",-17635.339
"9361",-18028.893
"9362",-18111.128
"9363",-17834.093
"9364",-17306.308
"9365",-17627.51
"9366",-18035.699
"9367",-17992.301
"9368",-18073.679
"9369",-17413.812
"9370",-18054.315
"9371",-17867.94
"9372",-17780.248
"9373",-17645.183
"9374",-17761.271
"9375",-18070.45
"9376",-18048.938
"9377",-18130.976
"9378",-17825.548
"9379",-18106.419
"9380",-17790.062
"9381",-17690.207
"9382",-17760.211
"9383",-17831.682
"9384",-17874.639
"9385",-17659.499
"9386",-17951.955
"9387",-18014.29
"9388",-17765.48
"9389",-17887.818
"9390",-17970.43
"9391",-17793.333
"9392",-18327.294
"9393",-18042.911
"9394",-17436.935
"9395",-17869.516
"9396",-17769.485
"9397",-17523.844
"9398",-18011.077
"9399",-17623.781
"9400",-17823.93
"9401",-17688.008
"9402",-17639.082
"9403",-18209.875
"9404",-17917.104
"9405",-17595.316
"9406",-17951.318
"9407",-17495.528
"9408",-18046.767
"9409",-17964.381
"9410",-17938.99
"9411",-17962.215
"9412",-17731.772
"9413",-17990.716
"9414",-17923.98
"9415",-17611.539
"9416",-18197.983
"9417",-18221.392
"9418",-17756.498
"9419",-18002.274
"9420",-18163.372
"9421",-17768.894
"9422",-17945.096
"9423",-17857.419
"9424",-18108.87
"9425",-17962.588
"9426",-17776.045
"9427",-17938.924
"9428",-17712.794
"9429",-17819.825
"9430",-17922.431
"9431",-17970.476
"9432",-17793.272
"9433",-17604.798
"9434",-17961.982
"9435",-18000.866
"9436",-17967.857
"9437",-17812.528
"9438",-17752.832
"9439",-18074.67
"9440",-17825.271
"9441",-17667.289
"9442",-18004.786
"9443",-17919.531
"9444",-18067.23
"9445",-17970.878
"9446",-17739.679
"9447",-17587.148
"9448",-17841.828
"9449",-17832.89
"9450",-17547.306
"9451",-17528.77
"9452",-17820.986
"9453",-18139.098
"9454",-17530.077
"9455",-17984.288
"9456",-17775.319
"9457",-18184.576
"9458",-17860.812
"9459",-18090.251
"9460",-17840.717
"9461",-17909.751
"9462",-17995.053
"9463",-17767.055
"9464",-17832.986
"9465",-17392.275
"9466",-18135.81
"9467",-18138.609
"9468",-17883.841
"9469",-17871.212
"9470",-17673.269
"9471",-18265.245
"9472",-17856.235
"9473",-17814.08
"9474",-17671.35
"9475",-17765.737
"9476",-17930.301
"9477",-17909.904
"9478",-17541.768
"9479",-18062.747
"9480",-18202.226
"9481",-17589.915
"9482",-17922.657
"9483",-17778.571
"9484",-17789.788
"9485",-17647.68
"9486",-17873.519
"9487",-17844.693
"9488",-18122.302
"9489",-17664.766
"9490",-17692.14
"9491",-17558.001
"9492",-17887.578
"9493",-17810.355
"9494",-17905.612
"9495",-17933.908
"9496",-17794.135
"9497",-17795.041
"9498",-18033.147
"9499",-17784.077
"9500",-17967.976
"9501",-17423.549
"9502",-17936.076
"9503",-17615.598
"9504",-17933.784
"9505",-17890.406
"9506",-18004.797
"9507",-17682.249
"9508",-17940.21
"9509",-18141.997
"9510",-18161.339
"9511",-17438.451
"9512",-17907.413
"9513",-17863.775
"9514",-17616.875
"9515",-17925.141
"9516",-17627.512
"9517",-17887.073
"9518",-17887.373
"9519",-17975.215
"9520",-17811.232
"9521",-17417.927
"9522",-18210.427
"9523",-17915.349
"9524",-17896.861
"9525",-17917.782
"9526",-17666.572
"9527",-17847.14
"9528",-17872.361
"9529",-17855.099
"9530",-17919.51
"9531",-17741.207
"9532",-18012.816
"9533",-17951.088
"9534",-18259.104
"9535",-17599.785
"9536",-18069.148
"9537",-17789.376
"9538",-17546.087
"9539",-18157.415
"9540",-17869.394
"9541",-17653.838
"9542",-18259.617
"9543",-18102.995
"9544",-17707.409
"9545",-17530.287
"9546",-18050.351
"9547",-18069.509
"9548",-17586.441
"9549",-17628.197
"9550",-17600.283
"9551",-17807.871
"9552",-18170.109
"9553",-17841.674
"9554",-17833.838
"9555",-18049.529
"9556",-17847.688
"9557",-17606.907
"9558",-17853.599
"9559",-18187.719
"9560",-17971.694
"9561",-17448.036
"9562",-17821.542
"9563",-17964.009
"9564",-18080.77
"9565",-17964.784
"9566",-17935.958
"9567",-17893.058
"9568",-18292.328
"9569",-17587.668
"9570",-17953.742
"9571",-18100.609
"9572",-18067.886
"9573",-18012.621
"9574",-18439.558
"9575",-17507.309
"9576",-17710.251
"9577",-17722.254
"9578",-17799.746
"9579",-17969.693
"9580",-18045.754
"9581",-17996.883
"9582",-17464.259
"9583",-17781.624
"9584",-17928.755
"9585",-17424.159
"9586",-17893.336
"9587",-17707.626
"9588",-17780.353
"9589",-17529.481
"9590",-18194.099
"9591",-17428.623
"9592",-17722.624
"9593",-17788.508
"9594",-17656.263
"9595",-17938.084
"9596",-17669.13
"9597",-17754.433
"9598",-18320.914
"9599",-17845.401
"9600",-17921.383
"9601",-17765.602
"9602",-17605.619
"9603",-18031.754
"9604",-17714.936
"9605",-17814.815
"9606",-17809.453
"9607",-17792.422
"9608",-17914.708
"9609",-17812.296
"9610",-17754.214
"9611",-17826.652
"9612",-17976.825
"9613",-17802.369
"9614",-17748.284
"9615",-17867.94
"9616",-17368.819
"9617",-17802.102
"9618",-17904.052
"9619",-17980.577
"9620",-17505.663
"9621",-17877.734
"9622",-17576.465
"9623",-18037.996
"9624",-17690.621
"9625",-17645.57
"9626",-18070.922
"9627",-17639.63
"9628",-17831.878
"9629",-17635.97
"9630",-17387.597
"9631",-17864.452
"9632",-17728.606
"9633",-17640.281
"9634",-17606.086
"9635",-17893.263
"9636",-17875.432
"9637",-17595.576
"9638",-17575.359
"9639",-17711.682
"9640",-18184.068
"9641",-17816.472
"9642",-17427.822
"9643",-17695.643
"9644",-17472.01
"9645",-18093.371
"9646",-18099.934
"9647",-18097.379
"9648",-17911.117
"9649",-17769.71
"9650",-17591.592
"9651",-18029.086
"9652",-17797.117
"9653",-17974.102
"9654",-17900.406
"9655",-17998.194
"9656",-18149.286
"9657",-17947.176
"9658",-18149.219
"9659",-17906.909
"9660",-18061.86
"9661",-17827.526
"9662",-17763.29
"9663",-17678.436
"9664",-17840.129
"9665",-17902.514
"9666",-17598.027
"9667",-17909.675
"9668",-18220.1
"9669",-18131.866
"9670",-17984.613
"9671",-17462.859
"9672",-17885.554
"9673",-17943.284
"9674",-18113.14
"9675",-17759.643
"9676",-17903.507
"9677",-17794.198
"9678",-17539.1
"9679",-17864.317
"9680",-18073.262
"9681",-17985.84
"9682",-18000.292
"9683",-18125.413
"9684",-18016.233
"9685",-17740.193
"9686",-18003.507
"9687",-17892.923
"9688",-17915.083
"9689",-17511.43
"9690",-17837.754
"9691",-17900.467
"9692",-18265.653
"9693",-18272.568
"9694",-18248.456
"9695",-17896.574
"9696",-17754.504
"9697",-17915.946
"9698",-17896.845
"9699",-17964.107
"9700",-17697.295
"9701",-17801.305
"9702",-18024.96
"9703",-17969.873
"9704",-17866.967
"9705",-17816.204
"9706",-17716.406
"9707",-18013.224
"9708",-17820.112
"9709",-17782.241
"9710",-17962.988
"9711",-17838.454
"9712",-17858.299
"9713",-17861.694
"9714",-17793.124
"9715",-17943.306
"9716",-17469.756
"9717",-18316.343
"9718",-18258.662
"9719",-17808.086
"9720",-17768.024
"9721",-17879.224
"9722",-18207.13
"9723",-17621.638
"9724",-17611.722
"9725",-18275.112
"9726",-18001.541
"9727",-17726.826
"9728",-18016.55
"9729",-17700.515
"9730",-17649.72
"9731",-17876.598
"9732",-17749.246
"9733",-17768.675
"9734",-17725.18
"9735",-17577.664
"9736",-17529.462
"9737",-18045.963
"9738",-17770.377
"9739",-17542.864
"9740",-18103.883
"9741",-17900.288
"9742",-18286.638
"9743",-17965.15
"9744",-17592.112
"9745",-17520.911
"9746",-17965.509
"9747",-17429.167
"9748",-17787.591
"9749",-17896.997
"9750",-17893.948
"9751",-18065.709
"9752",-17805.196
"9753",-18079.885
"9754",-17612.505
"9755",-18069.739
"9756",-17808.73
"9757",-17961.846
"9758",-17889.175
"9759",-18127.422
"9760",-17863.319
"9761",-17711.535
"9762",-17944.366
"9763",-17814.692
"9764",-17672.09
"9765",-17671.833
"9766",-17431.914
"9767",-17701.899
"9768",-17720.969
"9769",-17921.724
"9770",-17762.015
"9771",-17985.066
"9772",-17659.639
"9773",-17862.957
"9774",-17621.663
"9775",-17920.312
"9776",-17943.281
"9777",-17706.066
"9778",-18036.744
"9779",-17486.517
"9780",-18004.853
"9781",-18195.909
"9782",-17805.33
"9783",-17872.525
"9784",-18115.816
"9785",-17709.851
"9786",-17691.288
"9787",-18066.094
"9788",-18013.405
"9789",-17733.083
"9790",-17970.943
"9791",-17891.274
"9792",-17449.284
"9793",-17839.849
"9794",-17617.421
"9795",-18045.365
"9796",-17873.171
"9797",-17568.892
"9798",-17429.529
"9799",-17881.794
"9800",-17748.096
"9801",-18094.817
"9802",-17956.668
"9803",-17862.238
"9804",-17982.052
"9805",-17768.727
"9806",-17839.724
"9807",-18003.447
"9808",-17872.747
"9809",-17719.676
"9810",-18124.821
"9811",-17986.992
"9812",-17817.549
"9813",-17940.461
"9814",-17605.645
"9815",-18010.663
"9816",-17611.492
"9817",-17622.507
"9818",-17929.637
"9819",-17914.958
"9820",-17639.064
"9821",-17469.036
"9822",-17881.823
"9823",-17819.567
"9824",-17737.183
"9825",-17776.685
"9826",-17581.094
"9827",-17946.445
"9828",-17672.583
"9829",-17876.649
"9830",-17850.789
"9831",-17743.237
"9832",-17806.386
"9833",-17748.214
"9834",-17648.957
"9835",-17778.989
"9836",-17523.035
"9837",-17811.595
"9838",-17444.088
"9839",-17762.862
"9840",-17896.395
"9841",-17620.653
"9842",-18019.19
"9843",-17957.176
"9844",-18224.437
"9845",-17656.493
"9846",-17737.778
"9847",-18107.571
"9848",-17416.752
"9849",-17699.191
"9850",-17589.123
"9851",-17957.388
"9852",-17627.494
"9853",-17892.842
"9854",-18221.582
"9855",-17806.095
"9856",-17951.42
"9857",-17723.05
"9858",-17645.99
"9859",-18007.093
"9860",-17921.295
"9861",-17516.708
"9862",-17731.632
"9863",-17778.196
"9864",-17797.256
"9865",-17858.953
"9866",-17548.325
"9867",-17753.868
"9868",-17980.909
"9869",-17568.202
"9870",-18001.465
"9871",-18022
"9872",-18121.555
"9873",-17677.072
"9874",-17530.514
"9875",-17983.38
"9876",-17969.171
"9877",-17518.143
"9878",-17631.225
"9879",-17898.475
"9880",-18093.52
"9881",-17798.649
"9882",-17403.36
"9883",-17548.429
"9884",-17923.643
"9885",-17721
"9886",-17748.824
"9887",-17551.48
"9888",-18038.659
"9889",-17555.752
"9890",-17687.918
"9891",-18240.47
"9892",-17719.823
"9893",-17780.233
"9894",-18077.961
"9895",-17771.186
"9896",-17616.079
"9897",-17877.831
"9898",-17862.813
"9899",-17740.926
"9900",-17864.381
"9901",-17605.201
"9902",-18031.952
"9903",-17666.497
"9904",-18040.178
"9905",-17728.451
"9906",-17724.454
"9907",-18325.135
"9908",-17930.235
"9909",-17991.304
"9910",-17828.481
"9911",-18114.719
"9912",-17569.522
"9913",-17380.789
"9914",-17575.009
"9915",-17638.49
"9916",-17877.036
"9917",-17963.983
"9918",-17791.272
"9919",-17632.503
"9920",-18000.157
"9921",-17817.033
"9922",-17502.761
"9923",-17772.15
"9924",-18031.155
"9925",-17768.755
"9926",-17907.028
"9927",-17862.075
"9928",-18020.335
"9929",-17737.03
"9930",-18117.332
"9931",-18064.906
"9932",-17921.902
"9933",-17810.294
"9934",-17913.403
"9935",-18007.715
"9936",-17970.181
"9937",-18076.537
"9938",-17710.478
"9939",-17822.478
"9940",-17787.006
"9941",-18110.286
"9942",-17827.344
"9943",-17600.405
"9944",-18257.114
"9945",-18093.546
"9946",-17551.351
"9947",-17693.393
"9948",-17521.346
"9949",-17945.212
"9950",-18377.88
"9951",-17858.101
"9952",-17919.236
"9953",-17869.266
"9954",-17618.036
"9955",-17684.447
"9956",-17585.064
"9957",-17604.095
"9958",-17631.866
"9959",-17920.706
"9960",-18087.621
"9961",-17948.563
"9962",-18039.015
"9963",-17746.371
"9964",-17977.445
"9965",-18058.882
"9966",-17788.615
"9967",-18578.227
"9968",-17700.149
"9969",-18003.452
"9970",-17945.754
"9971",-17676.815
"9972",-17613.658
"9973",-17737.714
"9974",-17644.581
"9975",-17842.361
"9976",-18182.896
"9977",-18025.535
"9978",-17954.969
"9979",-17693.43
"9980",-17996.334
"9981",-17999.663
"9982",-17852.338
"9983",-17704.851
"9984",-17876.687
"9985",-18088.98
"9986",-18209.478
"9987",-17913.94
"9988",-17839.447
"9989",-17793.648
"9990",-18014.537
"9991",-17990.123
"9992",-17857.082
"9993",-17549.229
"9994",-17910.084
"9995",-17898.793
"9996",-18155.087
"9997",-17955.977
"9998",-17960.073
"9999",-17658.251
"10000",-17798.991
