1	8	1000	976	0.5048	0.224	0.325	0.269	0.320	0.273	0.313	0.317	0.229	0.341	0.288	0.266	0.296	0.287	0.302	2.074	0.469	0.242	0.209	-17737.793
2	8	1000	972	0.5238	0.271	0.300	0.318	0.310	0.371	0.266	0.321	0.259	0.340	0.301	0.262	0.325	0.287	0.275	1.999	0.490	0.261	0.204	-17912.069
3	8	1000	974	0.5114	0.302	0.260	0.290	0.326	0.300	0.294	0.280	0.344	0.240	0.320	0.319	0.273	0.326	0.301	2.109	0.441	0.252	0.188	-17834.847
4	8	1000	971	0.5101	0.291	0.283	0.248	0.282	0.296	0.278	0.310	0.274	0.276	0.302	0.288	0.296	0.317	0.258	1.834	0.538	0.246	0.208	-17552.063
5	8	1000	987	0.5164	0.245	0.237	0.290	0.305	0.301	0.304	0.315	0.247	0.317	0.291	0.277	0.321	0.303	0.324	2.072	0.513	0.248	0.198	-17679.773
6	8	1000	978	0.5139	0.287	0.288	0.311	0.305	0.249	0.305	0.301	0.283	0.271	0.305	0.306	0.259	0.305	0.292	1.989	0.464	0.267	0.196	-17808.201
7	8	1000	970	0.5151	0.239	0.278	0.332	0.257	0.248	0.310	0.323	0.259	0.325	0.304	0.330	0.249	0.267	0.251	1.945	0.462	0.235	0.175	-17448.481
8	8	1000	971	0.5057	0.252	0.268	0.315	0.290	0.297	0.299	0.314	0.246	0.318	0.294	0.325	0.338	0.288	0.330	1.922	0.445	0.217	0.215	-18071.059
9	8	1000	981	0.5194	0.284	0.330	0.289	0.273	0.319	0.273	0.313	0.253	0.276	0.323	0.289	0.291	0.335	0.311	2.031	0.540	0.279	0.205	-17922.934
10	8	1000	976	0.5074	0.274	0.278	0.279	0.278	0.309	0.274	0.286	0.299	0.280	0.269	0.303	0.256	0.270	0.266	1.968	0.524	0.259	0.204	-17456.580
11	8	1000	984	0.5109	0.286	0.307	0.294	0.308	0.259	0.276	0.314	0.236	0.283	0.297	0.303	0.301	0.333	0.321	1.988	0.410	0.231	0.197	-17979.317
12	8	1000	971	0.5089	0.307	0.340	0.339	0.300	0.285	0.301	0.291	0.260	0.307	0.298	0.289	0.303	0.287	0.309	2.019	0.575	0.300	0.192	-17846.228
13	8	1000	981	0.5157	0.285	0.287	0.316	0.278	0.344	0.311	0.330	0.298	0.282	0.335	0.302	0.341	0.286	0.286	2.033	0.549	0.240	0.211	-18025.033
14	8	1000	989	0.5156	0.257	0.304	0.256	0.292	0.353	0.311	0.322	0.274	0.285	0.304	0.331	0.309	0.279	0.352	1.965	0.484	0.227	0.219	-18152.700
15	8	1000	980	0.5153	0.317	0.303	0.318	0.299	0.252	0.308	0.314	0.273	0.294	0.284	0.284	0.270	0.310	0.282	1.951	0.506	0.237	0.211	-17817.081
16	8	1000	970	0.5077	0.262	0.336	0.329	0.298	0.246	0.330	0.273	0.281	0.323	0.289	0.312	0.279	0.280	0.310	1.871	0.469	0.263	0.192	-17854.968
17	8	1000	976	0.5080	0.306	0.256	0.325	0.340	0.330	0.275	0.297	0.360	0.332	0.310	0.315	0.256	0.296	0.323	1.954	0.532	0.304	0.204	-18122.266
18	8	1000	974	0.5296	0.286	0.320	0.323	0.258	0.311	0.349	0.300	0.267	0.328	0.331	0.286	0.277	0.345	0.290	2.030	0.496	0.287	0.182	-18100.232
19	8	1000	984	0.5137	0.258	0.381	0.265	0.349	0.333	0.280	0.337	0.324	0.309	0.336	0.288	0.288	0.335	0.334	1.990	0.501	0.328	0.184	-18361.591
20	8	1000	975	0.4989	0.285	0.291	0.303	0.316	0.340	0.275	0.286	0.291	0.317	0.333	0.298	0.306	0.247	0.310	1.827	0.523	0.258	0.206	-17933.689
21	8	1000	974	0.5205	0.283	0.289	0.328	0.318	0.323	0.296	0.319	0.273	0.316	0.333	0.279	0.318	0.291	0.282	2.049	0.480	0.256	0.205	-18119.151
22	8	1000	967	0.5137	0.264	0.285	0.270	0.277	0.287	0.282	0.296	0.269	0.268	0.299	0.268	0.333	0.288	0.295	1.955	0.409	0.224	0.191	-17556.381
23	8	1000	971	0.5110	0.252	0.255	0.257	0.262	0.328	0.295	0.299	0.264	0.290	0.253	0.315	0.293	0.283	0.303	1.992	0.484	0.250	0.187	-17458.932
24	8	1000	980	0.5103	0.326	0.262	0.293	0.313	0.286	0.324	0.294	0.261	0.278	0.284	0.309	0.325	0.334	0.301	1.941	0.512	0.299	0.186	-17927.715
25	8	1000	975	0.5067	0.277	0.307	0.317	0.294	0.282	0.292	0.294	0.290	0.307	0.255	0.291	0.264	0.298	0.305	2.114	0.485	0.323	0.178	-17662.079
26	8	1000	985	0.5127	0.275	0.289	0.320	0.309	0.324	0.300	0.300	0.273	0.293	0.277	0.309	0.319	0.325	0.311	2.083	0.496	0.267	0.213	-18043.999
27	8	1000	981	0.5141	0.279	0.311	0.312	0.325	0.295	0.301	0.282	0.232	0.332	0.313	0.291	0.277	0.309	0.293	1.990	0.537	0.262	0.187	-17837.594
28	8	1000	973	0.5235	0.314	0.302	0.274	0.304	0.317	0.292	0.302	0.230	0.274	0.302	0.297	0.349	0.298	0.302	1.872	0.531	0.281	0.186	-17890.717
29	8	1000	980	0.5060	0.319	0.294	0.270	0.295	0.306	0.303	0.262	0.306	0.270	0.285	0.296	0.291	0.299	0.290	1.982	0.556	0.288	0.191	-17646.343
30	8	1000	976	0.5033	0.292	0.355	0.308	0.289	0.253	0.289	0.270	0.312	0.291	0.334	0.302	0.278	0.257	0.301	1.921	0.521	0.229	0.212	-17778.053
31	8	1000	982	0.5268	0.268	0.297	0.318	0.288	0.275	0.315	0.321	0.295	0.310	0.348	0.313	0.313	0.257	0.339	2.011	0.500	0.270	0.195	-18162.938
32	8	1000	985	0.5139	0.252	0.322	0.291	0.320	0.292	0.308	0.305	0.245	0.335	0.275	0.305	0.304	0.292	0.317	2.057	0.486	0.281	0.193	-18018.970
33	8	1000	979	0.5026	0.250	0.267	0.316	0.289	0.314	0.318	0.304	0.268	0.338	0.308	0.277	0.294	0.272	0.263	2.050	0.504	0.260	0.190	-17653.735
34	8	1000	974	0.5135	0.274	0.294	0.254	0.318	0.256	0.322	0.321	0.295	0.328	0.317	0.292	0.278	0.316	0.307	2.079	0.561	0.231	0.210	-17821.677
35	8	1000	970	0.5098	0.281	0.254	0.321	0.325	0.275	0.345	0.288	0.247	0.331	0.323	0.288	0.293	0.291	0.279	2.034	0.484	0.282	0.198	-17861.006
36	8	1000	971	0.5069	0.287	0.343	0.336	0.278	0.320	0.316	0.321	0.270	0.306	0.262	0.307	0.360	0.276	0.306	1.873	0.467	0.237	0.195	-18117.736
37	8	1000	973	0.5132	0.255	0.266	0.294	0.330	0.303	0.309	0.316	0.255	0.278	0.317	0.302	0.291	0.276	0.305	2.127	0.514	0.251	0.203	-17774.199
38	8	1000	983	0.5087	0.337	0.315	0.253	0.318	0.296	0.331	0.319	0.291	0.267	0.327	0.297	0.282	0.308	0.349	2.093	0.540	0.283	0.200	-17983.901
39	8	1000	983	0.5064	0.247	0.320	0.295	0.311	0.327	0.295	0.344	0.321	0.299	0.332	0.303	0.311	0.325	0.321	2.011	0.463	0.282	0.201	-18275.034
40	8	1000	974	0.5198	0.319	0.351	0.290	0.304	0.300	0.279	0.262	0.296	0.291	0.291	0.297	0.295	0.291	0.285	1.903	0.447	0.253	0.188	-17905.765
41	8	1000	985	0.5115	0.262	0.309	0.263	0.316	0.320	0.300	0.285	0.280	0.335	0.311	0.268	0.265	0.339	0.327	2.056	0.543	0.281	0.206	-17949.791
42	8	1000	974	0.5052	0.282	0.308	0.287	0.333	0.333	0.319	0.272	0.266	0.293	0.299	0.334	0.291	0.297	0.297	2.061	0.583	0.345	0.204	-17925.707
43	8	1000	979	0.5165	0.288	0.289	0.279	0.336	0.304	0.297	0.314	0.293	0.293	0.286	0.312	0.304	0.291	0.300	2.066	0.485	0.273	0.191	-17912.241
44	8	1000	975	0.5096	0.303	0.275	0.318	0.271	0.280	0.307	0.318	0.233	0.262	0.309	0.311	0.331	0.276	0.296	2.032	0.519	0.253	0.195	-17705.078
45	8	1000	981	0.5072	0.231	0.319	0.313	0.292	0.282	0.311	0.311	0.282	0.313	0.302	0.317	0.322	0.320	0.309	1.937	0.476	0.234	0.189	-17981.439
46	8	1000	982	0.5146	0.301	0.289	0.346	0.315	0.288	0.324	0.313	0.280	0.308	0.314	0.299	0.298	0.324	0.295	2.057	0.551	0.328	0.181	-18080.931
47	8	1000	970	0.5124	0.297	0.283	0.290	0.307	0.289	0.263	0.254	0.244	0.336	0.293	0.327	0.330	0.310	0.325	1.911	0.452	0.232	0.195	-17821.618
48	8	1000	973	0.5129	0.238	0.243	0.289	0.319	0.317	0.271	0.330	0.321	0.357	0.278	0.298	0.294	0.341	0.320	1.907	0.547	0.244	0.207	-17875.389
49	8	1000	983	0.5065	0.297	0.319	0.354	0.317	0.350	0.292	0.307	0.261	0.289	0.333	0.276	0.344	0.317	0.292	2.021	0.559	0.294	0.197	-18156.777
50	8	1000	981	0.5112	0.297	0.260	0.254	0.322	0.347	0.290	0.302	0.353	0.281	0.286	0.301	0.269	0.318	0.331	1.974	0.592	0.295	0.187	-17784.584
51	8	1000	981	0.5171	0.331	0.333	0.330	0.319	0.281	0.239	0.298	0.265	0.297	0.293	0.309	0.296	0.320	0.325	1.986	0.570	0.316	0.198	-17943.859
52	8	1000	982	0.5146	0.259	0.307	0.269	0.290	0.303	0.300	0.297	0.240	0.335	0.302	0.341	0.260	0.330	0.301	1.892	0.518	0.262	0.217	-17995.634
53	8	1000	980	0.5088	0.301	0.306	0.304	0.344	0.294	0.324	0.296	0.255	0.241	0.323	0.343	0.327	0.270	0.300	2.168	0.454	0.301	0.192	-18012.181
54	8	1000	970	0.5168	0.277	0.307	0.293	0.354	0.328	0.288	0.304	0.284	0.292	0.321	0.306	0.283	0.357	0.305	1.869	0.506	0.271	0.189	-18127.821
55	8	1000	977	0.5082	0.265	0.320	0.320	0.309	0.278	0.276	0.301	0.280	0.296	0.296	0.301	0.318	0.337	0.269	2.086	0.548	0.253	0.207	-17810.682
56	8	1000	984	0.5155	0.308	0.335	0.274	0.291	0.278	0.295	0.321	0.299	0.260	0.302	0.280	0.318	0.323	0.305	1.964	0.521	0.293	0.206	-18099.771
57	8	1000	977	0.5259	0.274	0.274	0.294	0.284	0.312	0.326	0.283	0.282	0.308	0.365	0.277	0.357	0.328	0.284	2.010	0.468	0.293	0.187	-18098.620
58	8	1000	981	0.5180	0.269	0.282	0.330	0.302	0.287	0.276	0.319	0.347	0.314	0.286	0.318	0.317	0.275	0.321	1.966	0.499	0.224	0.206	-18012.756
59	8	1000	980	0.5021	0.323	0.299	0.298	0.286	0.331	0.316	0.282	0.301	0.330	0.305	0.367	0.319	0.320	0.298	1.966	0.526	0.279	0.191	-18147.580
60	8	1000	974	0.5111	0.242	0.274	0.327	0.298	0.283	0.318	0.290	0.253	0.288	0.293	0.316	0.285	0.296	0.302	2.026	0.480	0.257	0.180	-17705.157
61	8	1000	971	0.5169	0.308	0.261	0.343	0.267	0.295	0.318	0.316	0.266	0.293	0.325	0.325	0.290	0.329	0.303	1.834	0.539	0.278	0.221	-18128.106
62	8	1000	975	0.5138	0.278	0.320	0.280	0.311	0.271	0.355	0.295	0.277	0.353	0.292	0.323	0.329	0.266	0.300	1.997	0.510	0.296	0.183	-18015.195
63	8	1000	968	0.5038	0.296	0.303	0.305	0.279	0.374	0.290	0.302	0.358	0.281	0.310	0.323	0.287	0.305	0.311	2.053	0.503	0.272	0.165	-17839.901
64	8	1000	973	0.5137	0.321	0.261	0.344	0.295	0.293	0.266	0.332	0.307	0.312	0.307	0.305	0.317	0.266	0.315	2.048	0.538	0.307	0.204	-17998.612
65	8	1000	984	0.5230	0.261	0.290	0.338	0.288	0.299	0.313	0.301	0.347	0.325	0.297	0.325	0.319	0.349	0.294	1.924	0.521	0.246	0.188	-18202.503
66	8	1000	986	0.5135	0.256	0.332	0.331	0.267	0.326	0.308	0.299	0.322	0.352	0.311	0.336	0.338	0.316	0.335	2.028	0.515	0.260	0.199	-18306.386
67	8	1000	983	0.5263	0.299	0.291	0.297	0.289	0.315	0.310	0.299	0.288	0.303	0.311	0.351	0.327	0.278	0.316	1.972	0.460	0.280	0.191	-18196.439
68	8	1000	967	0.5099	0.300	0.338	0.277	0.286	0.263	0.320	0.279	0.266	0.326	0.314	0.306	0.269	0.268	0.337	2.070	0.476	0.227	0.191	-17714.554
69	8	1000	976	0.5012	0.261	0.328	0.324	0.288	0.315	0.300	0.366	0.322	0.325	0.286	0.289	0.272	0.282	0.321	1.836	0.513	0.263	0.214	-18138.461
70	8	1000	978	0.5153	0.329	0.279	0.283	0.335	0.287	0.297	0.288	0.291	0.304	0.312	0.269	0.260	0.283	0.269	1.892	0.538	0.219	0.207	-17689.331
71	8	1000	970	0.5090	0.261	0.309	0.280	0.312	0.300	0.311	0.306	0.252	0.298	0.313	0.284	0.289	0.305	0.305	1.901	0.421	0.274	0.185	-17971.658
72	8	1000	983	0.5138	0.222	0.316	0.285	0.300	0.342	0.329	0.292	0.209	0.314	0.323	0.330	0.325	0.332	0.271	2.003	0.472	0.269	0.192	-18081.257
73	8	1000	981	0.5118	0.314	0.249	0.309	0.344	0.336	0.296	0.300	0.281	0.300	0.277	0.333	0.328	0.333	0.314	2.002	0.505	0.314	0.190	-18201.264
74	8	1000	978	0.5195	0.307	0.308	0.298	0.298	0.260	0.293	0.306	0.307	0.260	0.321	0.317	0.317	0.309	0.324	2.071	0.471	0.242	0.190	-17959.430
75	8	1000	979	0.5302	0.252	0.300	0.297	0.283	0.346	0.313	0.341	0.254	0.257	0.263	0.273	0.330	0.322	0.318	1.972	0.505	0.255	0.198	-17859.094
76	8	1000	973	0.5079	0.262	0.335	0.291	0.318	0.276	0.262	0.290	0.329	0.301	0.287	0.302	0.271	0.276	0.310	2.078	0.479	0.248	0.181	-17624.288
77	8	1000	984	0.5134	0.319	0.321	0.338	0.306	0.297	0.296	0.347	0.318	0.351	0.309	0.300	0.317	0.355	0.296	1.906	0.519	0.310	0.189	-18448.639
78	8	1000	982	0.5082	0.252	0.317	0.303	0.272	0.305	0.278	0.299	0.265	0.313	0.333	0.299	0.282	0.309	0.294	1.986	0.455	0.234	0.211	-17845.087
79	8	1000	981	0.5193	0.270	0.283	0.317	0.323	0.288	0.333	0.302	0.273	0.297	0.319	0.266	0.336	0.344	0.280	2.031	0.531	0.298	0.201	-18085.839
80	8	1000	969	0.5124	0.297	0.290	0.278	0.312	0.332	0.264	0.332	0.221	0.255	0.249	0.314	0.307	0.302	0.333	1.955	0.518	0.262	0.195	-17684.867
81	8	1000	973	0.5203	0.290	0.280	0.319	0.308	0.270	0.364	0.303	0.272	0.329	0.259	0.318	0.264	0.314	0.293	1.990	0.499	0.252	0.198	-17905.095
82	8	1000	969	0.5114	0.300	0.294	0.289	0.275	0.286	0.295	0.248	0.259	0.297	0.286	0.327	0.297	0.301	0.309	1.921	0.510	0.234	0.197	-17634.501
83	8	1000	975	0.5099	0.256	0.284	0.315	0.301	0.297	0.343	0.290	0.301	0.300	0.269	0.289	0.299	0.289	0.316	2.187	0.488	0.248	0.186	-17634.105
84	8	1000	968	0.5042	0.287	0.330	0.300	0.300	0.286	0.302	0.249	0.269	0.263	0.290	0.337	0.345	0.294	0.282	2.019	0.535	0.252	0.203	-17722.675
85	8	1000	980	0.5033	0.254	0.326	0.298	0.302	0.301	0.334	0.276	0.260	0.279	0.302	0.323	0.305	0.347	0.332	2.003	0.441	0.265	0.189	-18066.654
86	8	1000	974	0.5273	0.348	0.282	0.328	0.322	0.293	0.305	0.274	0.274	0.297	0.271	0.299	0.267	0.296	0.281	1.961	0.562	0.266	0.189	-17751.417
87	8	1000	977	0.5238	0.294	0.297	0.279	0.293	0.309	0.314	0.269	0.263	0.261	0.305	0.319	0.301	0.279	0.319	1.972	0.428	0.243	0.184	-17775.589
88	8	1000	974	0.5233	0.284	0.358	0.298	0.253	0.279	0.307	0.287	0.282	0.324	0.273	0.291	0.326	0.312	0.323	1.857	0.593	0.301	0.203	-17925.843
89	8	1000	975	0.5030	0.347	0.291	0.311	0.286	0.285	0.297	0.307	0.269	0.279	0.299	0.321	0.331	0.296	0.288	2.045	0.529	0.231	0.212	-17841.114
90	8	1000	982	0.5114	0.291	0.294	0.325	0.297	0.319	0.300	0.309	0.265	0.295	0.287	0.299	0.266	0.337	0.320	2.041	0.523	0.236	0.211	-17947.325
91	8	1000	981	0.5021	0.277	0.323	0.280	0.327	0.310	0.272	0.298	0.224	0.296	0.254	0.347	0.310	0.263	0.301	1.919	0.538	0.255	0.192	-17689.975
92	8	1000	970	0.5105	0.262	0.258	0.313	0.313	0.284	0.281	0.272	0.331	0.326	0.279	0.281	0.304	0.305	0.278	1.972	0.489	0.242	0.199	-17697.693
93	8	1000	967	0.5037	0.244	0.282	0.340	0.295	0.324	0.304	0.232	0.311	0.291	0.280	0.306	0.249	0.306	0.294	1.831	0.512	0.248	0.190	-17654.838
94	8	1000	984	0.5149	0.303	0.251	0.322	0.267	0.304	0.302	0.300	0.251	0.317	0.320	0.299	0.280	0.363	0.321	1.997	0.463	0.227	0.202	-17966.159
95	8	1000	981	0.5091	0.300	0.267	0.296	0.287	0.304	0.298	0.293	0.251	0.297	0.286	0.320	0.350	0.275	0.322	2.068	0.414	0.206	0.204	-17873.287
96	8	1000	973	0.5228	0.276	0.307	0.322	0.320	0.255	0.314	0.301	0.302	0.264	0.287	0.294	0.284	0.346	0.283	1.963	0.536	0.298	0.202	-17936.392
97	8	1000	975	0.5228	0.276	0.299	0.316	0.271	0.277	0.326	0.283	0.198	0.333	0.326	0.285	0.317	0.309	0.322	1.801	0.562	0.241	0.192	-17782.698
98	8	1000	978	0.5158	0.267	0.282	0.338	0.273	0.282	0.270	0.326	0.284	0.285	0.314	0.250	0.281	0.317	0.274	1.972	0.479	0.210	0.219	-17725.807
99	8	1000	966	0.5039	0.276	0.296	0.308	0.342	0.291	0.253	0.300	0.268	0.260	0.309	0.273	0.326	0.274	0.295	1.916	0.503	0.245	0.188	-17545.842
100	8	1000	981	0.5129	0.257	0.281	0.304	0.363	0.299	0.314	0.295	0.272	0.304	0.295	0.318	0.231	0.339	0.303	2.073	0.547	0.310	0.194	-17922.899
101	8	1000	982	0.5106	0.277	0.285	0.271	0.329	0.310	0.300	0.285	0.294	0.305	0.289	0.354	0.287	0.311	0.297	1.935	0.569	0.324	0.196	-17982.329
102	8	1000	986	0.5201	0.222	0.299	0.339	0.294	0.317	0.286	0.304	0.311	0.292	0.275	0.282	0.297	0.288	0.274	1.917	0.535	0.247	0.210	-17783.450
103	8	1000	984	0.5174	0.303	0.335	0.311	0.278	0.295	0.259	0.310	0.317	0.323	0.297	0.304	0.325	0.313	0.303	2.010	0.542	0.290	0.200	-18038.708
104	8	1000	966	0.5175	0.281	0.308	0.288	0.295	0.296	0.280	0.323	0.228	0.303	0.312	0.266	0.278	0.272	0.277	1.962	0.505	0.275	0.177	-17495.517
105	8	1000	977	0.5050	0.292	0.262	0.302	0.264	0.323	0.281	0.285	0.300	0.312	0.298	0.311	0.343	0.270	0.285	1.970	0.568	0.293	0.195	-17742.141
106	8	1000	979	0.5099	0.242	0.315	0.310	0.315	0.267	0.271	0.316	0.240	0.302	0.314	0.295	0.320	0.274	0.287	1.869	0.464	0.233	0.213	-17868.309
107	8	1000	976	0.5135	0.276	0.282	0.283	0.315	0.281	0.297	0.327	0.263	0.332	0.295	0.315	0.295	0.285	0.333	2.001	0.513	0.280	0.201	-17977.901
108	8	1000	974	0.5128	0.308	0.318	0.289	0.318	0.285	0.289	0.280	0.230	0.272	0.286	0.308	0.320	0.307	0.312	2.043	0.516	0.288	0.192	-17810.654
109	8	1000	978	0.5180	0.236	0.285	0.309	0.288	0.270	0.304	0.335	0.277	0.257	0.309	0.280	0.256	0.306	0.321	1.989	0.485	0.220	0.202	-17633.134
110	8	1000	981	0.5217	0.267	0.312	0.294	0.293	0.282	0.292	0.328	0.266	0.332	0.350	0.321	0.310	0.303	0.318	2.091	0.527	0.282	0.208	-18088.482
111	8	1000	979	0.5118	0.231	0.311	0.293	0.285	0.298	0.281	0.318	0.246	0.333	0.328	0.286	0.292	0.345	0.315	2.189	0.433	0.190	0.203	-17867.709
112	8	1000	979	0.5302	0.255	0.253	0.322	0.323	0.280	0.318	0.302	0.262	0.315	0.279	0.321	0.341	0.251	0.305	2.049	0.519	0.293	0.198	-17877.226
113	8	1000	975	0.5140	0.363	0.338	0.309	0.292	0.296	0.266	0.307	0.292	0.267	0.264	0.336	0.321	0.325	0.292	1.980	0.493	0.263	0.199	-17998.266
114	8	1000	972	0.5168	0.277	0.271	0.334	0.285	0.278	0.284	0.332	0.280	0.306	0.301	0.272	0.287	0.302	0.269	2.090	0.486	0.273	0.181	-17697.661
115	8	1000	971	0.5196	0.237	0.274	0.281	0.284	0.281	0.323	0.301	0.302	0.290	0.321	0.261	0.269	0.305	0.285	1.936	0.560	0.264	0.213	-17667.938
116	8	1000	972	0.5201	0.272	0.280	0.340	0.289	0.294	0.286	0.325	0.257	0.337	0.296	0.309	0.268	0.303	0.291	1.920	0.530	0.304	0.204	-17931.545
117	8	1000	976	0.5081	0.269	0.279	0.309	0.299	0.273	0.275	0.289	0.309	0.305	0.287	0.261	0.247	0.292	0.331	2.040	0.550	0.268	0.206	-17627.504
118	8	1000	973	0.5097	0.269	0.308	0.284	0.305	0.293	0.305	0.310	0.269	0.296	0.330	0.294	0.331	0.301	0.273	2.029	0.541	0.266	0.199	-17816.807
119	8	1000	981	0.5185	0.305	0.284	0.328	0.345	0.254	0.289	0.286	0.358	0.264	0.291	0.338	0.301	0.318	0.329	2.040	0.524	0.259	0.193	-18060.693
120	8	1000	983	0.5216	0.298	0.274	0.269	0.307	0.307	0.335	0.285	0.324	0.299	0.318	0.313	0.254	0.292	0.318	1.799	0.462	0.260	0.212	-18155.784
121	8	1000	967	0.5093	0.327	0.331	0.282	0.290	0.279	0.263	0.336	0.280	0.319	0.281	0.301	0.280	0.237	0.320	1.908	0.495	0.230	0.197	-17720.997
122	8	1000	977	0.5197	0.269	0.297	0.317	0.352	0.347	0.299	0.301	0.300	0.312	0.297	0.349	0.322	0.317	0.310	1.901	0.510	0.315	0.184	-18391.010
123	8	1000	974	0.5102	0.229	0.278	0.269	0.349	0.321	0.281	0.311	0.317	0.253	0.281	0.312	0.297	0.298	0.323	2.034	0.499	0.242	0.176	-17681.566
124	8	1000	984	0.5061	0.246	0.280	0.285	0.316	0.294	0.325	0.297	0.288	0.353	0.298	0.316	0.268	0.367	0.291	1.904	0.450	0.202	0.209	-18011.957
125	8	1000	977	0.5180	0.272	0.306	0.328	0.270	0.316	0.272	0.283	0.233	0.317	0.300	0.331	0.269	0.293	0.315	1.945	0.557	0.225	0.208	-17756.794
126	8	1000	968	0.5050	0.245	0.313	0.292	0.290	0.272	0.303	0.278	0.258	0.252	0.293	0.287	0.260	0.302	0.257	2.082	0.550	0.241	0.208	-17363.010
127	8	1000	980	0.5167	0.270	0.322	0.253	0.299	0.290	0.288	0.324	0.281	0.296	0.310	0.267	0.324	0.265	0.272	2.048	0.487	0.275	0.187	-17631.639
128	8	1000	984	0.5120	0.275	0.326	0.297	0.300	0.256	0.343	0.305	0.308	0.331	0.310	0.291	0.283	0.310	0.306	1.965	0.497	0.246	0.190	-17973.268
129	8	1000	968	0.5168	0.275	0.298	0.284	0.337	0.266	0.315	0.297	0.327	0.301	0.323	0.286	0.282	0.276	0.273	2.005	0.541	0.335	0.181	-17814.429
130	8	1000	978	0.5172	0.334	0.286	0.298	0.316	0.283	0.279	0.336	0.242	0.297	0.308	0.307	0.283	0.320	0.320	1.876	0.491	0.247	0.186	-17985.665
131	8	1000	978	0.5079	0.241	0.279	0.294	0.315	0.270	0.278	0.299	0.265	0.275	0.308	0.302	0.322	0.311	0.271	2.043	0.473	0.242	0.200	-17598.668
132	8	1000	971	0.5151	0.245	0.320	0.302	0.319	0.305	0.284	0.287	0.247	0.254	0.262	0.269	0.311	0.295	0.289	1.927	0.455	0.204	0.208	-17624.491
133	8	1000	979	0.5129	0.269	0.361	0.248	0.309	0.284	0.274	0.292	0.288	0.273	0.301	0.273	0.284	0.280	0.302	2.044	0.469	0.258	0.189	-17595.870
134	8	1000	976	0.5293	0.262	0.233	0.289	0.284	0.330	0.275	0.301	0.305	0.266	0.298	0.314	0.316	0.373	0.269	1.984	0.504	0.255	0.219	-17909.182
135	8	1000	976	0.5139	0.257	0.260	0.289	0.309	0.291	0.281	0.322	0.315	0.289	0.278	0.253	0.297	0.307	0.290	1.938	0.542	0.268	0.183	-17528.647
136	8	1000	977	0.5188	0.331	0.250	0.284	0.323	0.313	0.281	0.282	0.305	0.286	0.302	0.298	0.289	0.305	0.310	1.970	0.475	0.256	0.194	-17891.281
137	8	1000	988	0.5199	0.216	0.285	0.319	0.316	0.284	0.283	0.302	0.265	0.321	0.290	0.303	0.295	0.294	0.311	2.052	0.551	0.227	0.220	-17768.203
138	8	1000	984	0.5113	0.284	0.322	0.264	0.287	0.316	0.307	0.301	0.237	0.297	0.285	0.304	0.315	0.267	0.311	2.066	0.520	0.283	0.204	-17770.975
139	8	1000	973	0.5186	0.270	0.287	0.336	0.279	0.283	0.362	0.261	0.248	0.207	0.288	0.291	0.254	0.286	0.323	2.075	0.574	0.308	0.181	-17482.568
140	8	1000	980	0.5129	0.262	0.281	0.310	0.286	0.301	0.290	0.341	0.299	0.310	0.268	0.308	0.238	0.261	0.296	1.919	0.519	0.274	0.199	-17760.681
141	8	1000	970	0.5040	0.308	0.308	0.277	0.294	0.297	0.283	0.291	0.297	0.260	0.317	0.272	0.262	0.286	0.314	2.013	0.531	0.233	0.190	-17562.394
142	8	1000	966	0.5087	0.269	0.289	0.288	0.294	0.300	0.285	0.306	0.324	0.341	0.304	0.267	0.267	0.307	0.321	1.930	0.517	0.260	0.172	-17692.750
143	8	1000	977	0.5213	0.287	0.346	0.253	0.351	0.277	0.333	0.245	0.224	0.300	0.298	0.284	0.342	0.291	0.273	2.062	0.437	0.289	0.182	-17763.920
144	8	1000	986	0.5142	0.284	0.288	0.284	0.355	0.379	0.303	0.280	0.286	0.313	0.292	0.303	0.261	0.271	0.336	2.052	0.558	0.246	0.206	-17903.844
145	8	1000	972	0.5039	0.286	0.303	0.313	0.287	0.280	0.297	0.253	0.329	0.298	0.325	0.306	0.300	0.251	0.310	2.007	0.527	0.274	0.173	-17650.982
146	8	1000	980	0.5133	0.234	0.305	0.297	0.280	0.312	0.327	0.345	0.278	0.302	0.275	0.332	0.362	0.304	0.270	2.040	0.492	0.271	0.188	-17939.506
147	8	1000	982	0.5183	0.305	0.286	0.272	0.276	0.290	0.313	0.315	0.331	0.280	0.340	0.302	0.339	0.311	0.331	1.900	0.472	0.233	0.197	-18141.409
148	8	1000	981	0.5247	0.268	0.256	0.288	0.333	0.331	0.292	0.285	0.328	0.295	0.271	0.294	0.337	0.310	0.297	1.883	0.481	0.254	0.199	-17931.587
149	8	1000	971	0.5206	0.294	0.274	0.297	0.329	0.310	0.328	0.287	0.260	0.330	0.312	0.289	0.281	0.257	0.319	1.939	0.431	0.202	0.183	-17838.600
150	8	1000	979	0.5171	0.272	0.287	0.275	0.308	0.348	0.298	0.290	0.282	0.294	0.260	0.319	0.318	0.324	0.290	2.032	0.533	0.300	0.193	-17821.687
151	8	1000	970	0.5131	0.317	0.281	0.291	0.316	0.268	0.286	0.287	0.234	0.296	0.312	0.283	0.284	0.337	0.281	1.813	0.556	0.262	0.193	-17659.926
152	8	1000	979	0.5084	0.289	0.317	0.314	0.278	0.276	0.259	0.311	0.331	0.289	0.309	0.288	0.289	0.325	0.291	2.052	0.593	0.243	0.188	-17621.349
153	8	1000	972	0.5118	0.276	0.312	0.266	0.305	0.343	0.288	0.316	0.200	0.253	0.271	0.324	0.320	0.289	0.274	2.070	0.492	0.262	0.180	-17589.730
154	8	1000	977	0.5075	0.296	0.299	0.305	0.321	0.252	0.283	0.310	0.244	0.274	0.304	0.255	0.309	0.305	0.309	2.046	0.490	0.278	0.189	-17704.580
155	8	1000	973	0.5162	0.279	0.305	0.295	0.292	0.272	0.301	0.263	0.289	0.251	0.313	0.309	0.294	0.317	0.277	1.943	0.564	0.264	0.198	-17694.425
156	8	1000	972	0.5215	0.285	0.346	0.276	0.346	0.297	0.283	0.304	0.259	0.283	0.318	0.281	0.250	0.296	0.306	2.072	0.487	0.294	0.175	-17811.337
157	8	1000	982	0.5212	0.312	0.299	0.260	0.322	0.288	0.291	0.296	0.316	0.298	0.258	0.312	0.285	0.269	0.307	1.923	0.472	0.267	0.181	-17806.898
158	8	1000	993	0.5100	0.284	0.258	0.322	0.314	0.303	0.330	0.286	0.371	0.200	0.318	0.352	0.358	0.281	0.305	2.023	0.465	0.211	0.193	-18017.484
159	8	1000	978	0.5032	0.267	0.300	0.316	0.323	0.293	0.293	0.281	0.303	0.358	0.273	0.291	0.302	0.296	0.300	2.049	0.565	0.326	0.209	-17885.238
160	8	1000	986	0.5032	0.346	0.298	0.281	0.305	0.307	0.261	0.282	0.266	0.310	0.297	0.320	0.302	0.300	0.337	2.049	0.562	0.259	0.197	-17854.665
161	8	1000	976	0.5137	0.249	0.295	0.297	0.297	0.248	0.273	0.319	0.278	0.301	0.287	0.331	0.276	0.298	0.289	1.842	0.475	0.254	0.203	-17771.912
162	8	1000	978	0.5055	0.326	0.290	0.306	0.317	0.333	0.301	0.288	0.242	0.374	0.335	0.304	0.249	0.288	0.275	1.915	0.514	0.216	0.210	-17991.522
163	8	1000	979	0.5275	0.277	0.271	0.307	0.290	0.294	0.249	0.330	0.279	0.257	0.308	0.254	0.332	0.340	0.299	1.993	0.527	0.295	0.204	-17775.957
164	8	1000	967	0.5058	0.273	0.241	0.278	0.290	0.342	0.314	0.327	0.270	0.283	0.293	0.342	0.300	0.304	0.299	2.116	0.380	0.219	0.191	-17881.412
165	8	1000	972	0.5173	0.267	0.325	0.304	0.311	0.249	0.294	0.283	0.305	0.296	0.302	0.299	0.283	0.286	0.319	2.130	0.484	0.279	0.175	-17707.953
166	8	1000	978	0.5122	0.249	0.317	0.303	0.257	0.338	0.301	0.313	0.227	0.301	0.320	0.326	0.320	0.282	0.292	1.952	0.489	0.219	0.202	-17829.773
167	8	1000	981	0.5199	0.238	0.309	0.305	0.283	0.283	0.273	0.280	0.244	0.283	0.295	0.299	0.246	0.271	0.317	2.109	0.446	0.156	0.235	-17509.084
168	8	1000	976	0.5219	0.305	0.319	0.309	0.301	0.310	0.283	0.317	0.284	0.275	0.289	0.251	0.274	0.293	0.291	1.824	0.519	0.200	0.204	-17698.143
169	8	1000	983	0.5225	0.321	0.292	0.321	0.337	0.261	0.318	0.296	0.242	0.263	0.275	0.292	0.306	0.292	0.272	1.997	0.574	0.260	0.209	-17796.460
170	8	1000	976	0.5162	0.261	0.273	0.302	0.312	0.359	0.298	0.275	0.239	0.322	0.302	0.305	0.288	0.308	0.308	1.881	0.453	0.217	0.199	-17916.294
171	8	1000	973	0.5163	0.265	0.332	0.278	0.314	0.283	0.312	0.265	0.222	0.238	0.331	0.310	0.339	0.317	0.273	1.975	0.473	0.275	0.186	-17808.751
172	8	1000	969	0.5066	0.305	0.268	0.284	0.343	0.366	0.301	0.285	0.263	0.324	0.322	0.289	0.299	0.267	0.321	2.002	0.478	0.273	0.194	-18020.595
173	8	1000	982	0.5191	0.264	0.307	0.317	0.305	0.289	0.336	0.310	0.229	0.276	0.310	0.333	0.317	0.324	0.288	2.055	0.404	0.205	0.202	-18102.206
174	8	1000	979	0.5101	0.284	0.301	0.270	0.295	0.319	0.287	0.295	0.230	0.240	0.333	0.261	0.282	0.303	0.279	2.030	0.527	0.249	0.196	-17460.427
175	8	1000	980	0.5207	0.309	0.284	0.292	0.316	0.254	0.326	0.287	0.300	0.284	0.338	0.311	0.308	0.316	0.293	1.999	0.488	0.205	0.202	-17884.064
176	8	1000	976	0.5089	0.265	0.260	0.329	0.323	0.289	0.335	0.326	0.333	0.287	0.311	0.300	0.317	0.288	0.279	1.953	0.490	0.250	0.183	-17958.226
177	8	1000	985	0.4949	0.280	0.259	0.342	0.301	0.304	0.284	0.345	0.367	0.308	0.302	0.286	0.284	0.298	0.303	1.941	0.588	0.265	0.214	-18010.877
178	8	1000	985	0.5170	0.323	0.305	0.312	0.296	0.312	0.325	0.256	0.310	0.280	0.282	0.318	0.310	0.302	0.277	1.945	0.560	0.248	0.190	-17890.444
179	8	1000	980	0.5107	0.249	0.273	0.270	0.325	0.311	0.342	0.337	0.279	0.305	0.276	0.305	0.320	0.303	0.264	1.962	0.399	0.220	0.185	-17933.310
180	8	1000	977	0.5084	0.230	0.279	0.287	0.285	0.293	0.272	0.307	0.305	0.321	0.318	0.284	0.287	0.289	0.328	1.950	0.494	0.235	0.200	-17784.785
181	8	1000	964	0.5130	0.298	0.316	0.278	0.290	0.257	0.313	0.260	0.212	0.260	0.274	0.318	0.282	0.279	0.312	1.993	0.539	0.266	0.185	-17404.390
182	8	1000	968	0.5080	0.234	0.287	0.343	0.277	0.245	0.313	0.318	0.316	0.293	0.263	0.310	0.281	0.343	0.275	1.951	0.512	0.315	0.179	-17749.106
183	8	1000	978	0.5020	0.293	0.336	0.278	0.308	0.313	0.316	0.290	0.267	0.321	0.309	0.322	0.309	0.305	0.263	1.916	0.521	0.276	0.190	-17912.185
184	8	1000	974	0.5103	0.225	0.285	0.304	0.283	0.343	0.292	0.307	0.225	0.329	0.264	0.288	0.254	0.298	0.286	1.871	0.434	0.192	0.185	-17498.398
185	8	1000	981	0.5144	0.213	0.314	0.292	0.281	0.294	0.272	0.293	0.282	0.279	0.333	0.276	0.334	0.301	0.332	1.996	0.497	0.227	0.191	-17752.893
186	8	1000	984	0.5020	0.315	0.314	0.299	0.306	0.293	0.249	0.275	0.273	0.282	0.267	0.288	0.335	0.338	0.314	2.037	0.498	0.233	0.205	-17763.545
187	8	1000	974	0.5096	0.281	0.331	0.270	0.275	0.333	0.287	0.347	0.256	0.304	0.270	0.308	0.318	0.316	0.301	1.999	0.489	0.257	0.196	-17906.338
188	8	1000	988	0.5118	0.234	0.338	0.309	0.314	0.288	0.290	0.306	0.238	0.335	0.294	0.307	0.328	0.304	0.307	1.928	0.405	0.190	0.218	-18096.316
189	8	1000	982	0.5152	0.271	0.276	0.262	0.334	0.342	0.306	0.340	0.255	0.302	0.352	0.305	0.319	0.308	0.257	2.033	0.462	0.235	0.204	-18084.201
190	8	1000	984	0.5190	0.282	0.308	0.320	0.316	0.264	0.319	0.307	0.193	0.294	0.290	0.295	0.260	0.283	0.333	1.887	0.484	0.184	0.219	-17881.042
191	8	1000	975	0.5184	0.286	0.310	0.294	0.316	0.306	0.302	0.281	0.270	0.289	0.294	0.327	0.289	0.333	0.307	2.051	0.496	0.283	0.185	-17976.247
192	8	1000	982	0.5185	0.268	0.290	0.288	0.329	0.307	0.301	0.373	0.258	0.344	0.289	0.340	0.327	0.306	0.278	1.996	0.559	0.261	0.196	-18069.289
193	8	1000	980	0.5230	0.269	0.274	0.311	0.333	0.294	0.343	0.324	0.291	0.276	0.263	0.326	0.327	0.313	0.289	1.952	0.535	0.272	0.201	-18053.119
194	8	1000	979	0.5052	0.321	0.274	0.318	0.243	0.302	0.275	0.257	0.287	0.277	0.289	0.312	0.342	0.259	0.304	1.888	0.535	0.299	0.191	-17652.448
195	8	1000	981	0.5274	0.315	0.338	0.331	0.296	0.257	0.263	0.294	0.228	0.280	0.333	0.296	0.329	0.295	0.340	1.982	0.564	0.270	0.212	-17985.804
196	8	1000	975	0.5154	0.250	0.256	0.322	0.300	0.274	0.306	0.291	0.309	0.352	0.274	0.272	0.284	0.322	0.282	1.985	0.550	0.249	0.206	-17746.201
197	8	1000	977	0.5190	0.213	0.282	0.324	0.293	0.285	0.296	0.329	0.276	0.259	0.305	0.334	0.309	0.291	0.341	2.157	0.437	0.224	0.201	-17875.242
198	8	1000	973	0.5148	0.253	0.349	0.344	0.281	0.267	0.276	0.325	0.244	0.321	0.262	0.320	0.304	0.285	0.293	2.030	0.483	0.247	0.198	-17810.419
199	8	1000	977	0.5097	0.306	0.335	0.277	0.310	0.230	0.310	0.289	0.314	0.343	0.314	0.333	0.274	0.296	0.300	2.086	0.499	0.302	0.170	-17878.780
200	8	1000	982	0.5052	0.251	0.352	0.301	0.260	0.300	0.301	0.313	0.317	0.334	0.316	0.266	0.296	0.304	0.308	1.779	0.537	0.278	0.202	-18051.447
201	8	1000	978	0.5136	0.258	0.316	0.280	0.309	0.305	0.341	0.289	0.327	0.243	0.284	0.301	0.331	0.327	0.294	1.875	0.457	0.242	0.199	-18021.003
202	8	1000	976	0.5083	0.315	0.271	0.265	0.335	0.305	0.334	0.302	0.247	0.319	0.271	0.312	0.280	0.288	0.330	1.990	0.494	0.250	0.176	-17765.013
203	8	1000	977	0.5020	0.320	0.272	0.292	0.304	0.342	0.326	0.338	0.300	0.309	0.328	0.309	0.303	0.290	0.292	1.962	0.503	0.252	0.186	-18021.664
204	8	1000	981	0.5110	0.268	0.290	0.314	0.264	0.282	0.284	0.292	0.285	0.262	0.295	0.301	0.368	0.318	0.306	1.989	0.484	0.276	0.195	-17926.513
205	8	1000	966	0.5170	0.278	0.304	0.282	0.273	0.279	0.274	0.324	0.289	0.321	0.301	0.316	0.278	0.308	0.330	2.108	0.449	0.258	0.193	-17822.155
206	8	1000	974	0.5152	0.316	0.277	0.332	0.271	0.333	0.292	0.234	0.298	0.294	0.315	0.266	0.294	0.285	0.319	2.043	0.452	0.224	0.184	-17634.986
207	8	1000	980	0.5045	0.230	0.288	0.274	0.306	0.293	0.271	0.300	0.305	0.314	0.315	0.324	0.301	0.294	0.319	1.952	0.475	0.227	0.198	-17832.932
208	8	1000	979	0.5136	0.268	0.297	0.349	0.283	0.311	0.294	0.284	0.325	0.350	0.307	0.273	0.277	0.318	0.262	2.237	0.472	0.245	0.194	-17781.547
209	8	1000	987	0.5194	0.235	0.328	0.319	0.301	0.303	0.274	0.276	0.272	0.306	0.321	0.281	0.312	0.302	0.339	2.105	0.563	0.246	0.218	-17859.562
210	8	1000	976	0.5180	0.256	0.301	0.284	0.303	0.279	0.285	0.289	0.231	0.314	0.339	0.312	0.308	0.286	0.333	1.892	0.466	0.239	0.209	-17931.861
211	8	1000	967	0.5080	0.294	0.336	0.301	0.280	0.310	0.271	0.290	0.243	0.316	0.271	0.340	0.266	0.304	0.327	1.956	0.479	0.245	0.192	-17789.616
212	8	1000	967	0.5030	0.268	0.286	0.330	0.332	0.287	0.307	0.277	0.254	0.340	0.312	0.315	0.327	0.276	0.325	1.978	0.410	0.248	0.179	-18042.250
213	8	1000	978	0.5152	0.287	0.250	0.308	0.285	0.317	0.293	0.270	0.318	0.262	0.273	0.312	0.276	0.306	0.274	1.859	0.487	0.239	0.188	-17612.079
214	8	1000	971	0.5030	0.288	0.317	0.260	0.359	0.284	0.269	0.298	0.273	0.291	0.317	0.331	0.321	0.283	0.325	1.982	0.442	0.276	0.182	-18040.126
215	8	1000	976	0.5091	0.270	0.299	0.303	0.316	0.290	0.335	0.321	0.283	0.297	0.266	0.300	0.303	0.340	0.301	2.033	0.538	0.236	0.186	-17919.223
216	8	1000	981	0.5147	0.283	0.299	0.287	0.280	0.309	0.322	0.263	0.238	0.355	0.297	0.298	0.266	0.311	0.303	1.889	0.500	0.223	0.204	-17751.999
217	8	1000	978	0.5134	0.267	0.303	0.318	0.277	0.249	0.294	0.331	0.318	0.296	0.303	0.256	0.284	0.305	0.276	1.893	0.508	0.303	0.181	-17728.267
218	8	1000	986	0.5177	0.248	0.280	0.297	0.316	0.268	0.300	0.281	0.291	0.304	0.315	0.293	0.303	0.272	0.338	1.884	0.488	0.226	0.200	-17810.080
219	8	1000	977	0.5173	0.253	0.300	0.261	0.277	0.340	0.290	0.289	0.276	0.288	0.297	0.274	0.305	0.263	0.290	1.966	0.535	0.246	0.203	-17548.672
220	8	1000	974	0.5239	0.282	0.344	0.295	0.314	0.299	0.321	0.306	0.245	0.330	0.304	0.317	0.298	0.267	0.345	2.070	0.404	0.208	0.188	-18088.153
221	8	1000	977	0.5107	0.288	0.313	0.313	0.302	0.329	0.344	0.291	0.290	0.337	0.289	0.256	0.342	0.286	0.290	1.928	0.467	0.217	0.218	-18159.130
222	8	1000	982	0.5244	0.298	0.303	0.295	0.318	0.284	0.281	0.289	0.257	0.261	0.319	0.253	0.295	0.334	0.294	2.099	0.538	0.295	0.191	-17735.491
223	8	1000	986	0.5097	0.283	0.276	0.333	0.303	0.300	0.325	0.287	0.266	0.351	0.291	0.311	0.290	0.310	0.286	1.928	0.457	0.232	0.189	-17938.813
224	8	1000	978	0.5154	0.235	0.295	0.327	0.340	0.286	0.298	0.322	0.281	0.311	0.291	0.320	0.297	0.316	0.296	1.953	0.569	0.264	0.219	-18090.556
225	8	1000	974	0.5344	0.275	0.284	0.292	0.290	0.318	0.306	0.339	0.290	0.291	0.317	0.261	0.279	0.305	0.314	1.951	0.507	0.253	0.182	-17825.049
226	8	1000	974	0.5193	0.275	0.284	0.324	0.267	0.297	0.307	0.345	0.299	0.286	0.305	0.311	0.323	0.341	0.267	1.744	0.594	0.331	0.212	-18120.573
227	8	1000	969	0.5272	0.280	0.330	0.313	0.264	0.335	0.357	0.274	0.291	0.292	0.300	0.327	0.258	0.299	0.298	1.925	0.473	0.282	0.175	-18017.505
228	8	1000	973	0.5144	0.252	0.311	0.308	0.319	0.290	0.300	0.279	0.297	0.323	0.292	0.331	0.290	0.302	0.353	2.032	0.471	0.216	0.185	-17918.830
229	8	1000	976	0.5117	0.293	0.377	0.301	0.330	0.317	0.306	0.289	0.296	0.356	0.309	0.309	0.264	0.298	0.284	2.192	0.496	0.301	0.188	-18058.439
230	8	1000	973	0.5075	0.269	0.260	0.287	0.323	0.338	0.286	0.324	0.292	0.313	0.299	0.265	0.316	0.303	0.331	1.979	0.502	0.268	0.179	-17932.212
231	8	1000	966	0.5206	0.274	0.285	0.309	0.289	0.366	0.334	0.294	0.260	0.233	0.297	0.317	0.357	0.297	0.277	2.112	0.394	0.210	0.208	-17978.968
232	8	1000	975	0.5107	0.281	0.290	0.280	0.330	0.317	0.298	0.356	0.316	0.334	0.282	0.310	0.245	0.306	0.308	2.077	0.452	0.259	0.205	-18108.602
233	8	1000	971	0.5108	0.287	0.296	0.295	0.267	0.267	0.309	0.336	0.350	0.307	0.325	0.310	0.265	0.310	0.295	2.034	0.535	0.248	0.207	-17916.851
234	8	1000	982	0.5184	0.266	0.256	0.286	0.336	0.317	0.321	0.274	0.284	0.287	0.286	0.345	0.323	0.303	0.320	1.847	0.457	0.243	0.207	-18150.818
235	8	1000	969	0.5117	0.283	0.296	0.292	0.263	0.288	0.300	0.297	0.252	0.234	0.284	0.259	0.302	0.271	0.266	2.022	0.493	0.243	0.181	-17271.832
236	8	1000	983	0.5265	0.313	0.363	0.296	0.309	0.297	0.306	0.291	0.258	0.295	0.310	0.292	0.311	0.271	0.319	1.955	0.387	0.201	0.177	-18007.799
237	8	1000	980	0.5206	0.265	0.324	0.278	0.310	0.293	0.299	0.294	0.259	0.286	0.369	0.308	0.272	0.304	0.326	1.983	0.492	0.252	0.207	-17944.490
238	8	1000	965	0.5210	0.346	0.290	0.289	0.298	0.305	0.264	0.312	0.260	0.308	0.264	0.324	0.259	0.322	0.282	2.049	0.535	0.318	0.186	-17715.856
239	8	1000	985	0.5104	0.313	0.274	0.274	0.300	0.306	0.345	0.296	0.263	0.295	0.297	0.308	0.280	0.282	0.323	2.034	0.500	0.307	0.190	-17894.716
240	8	1000	976	0.5124	0.291	0.304	0.263	0.301	0.291	0.273	0.347	0.208	0.326	0.282	0.292	0.281	0.249	0.328	2.093	0.497	0.257	0.209	-17646.108
241	8	1000	979	0.5080	0.275	0.293	0.283	0.335	0.323	0.277	0.270	0.263	0.263	0.301	0.289	0.323	0.262	0.285	1.987	0.520	0.224	0.194	-17546.365
242	8	1000	976	0.5154	0.278	0.289	0.293	0.294	0.316	0.276	0.306	0.273	0.259	0.285	0.307	0.310	0.247	0.338	1.874	0.495	0.280	0.183	-17700.915
243	8	1000	982	0.5138	0.322	0.257	0.292	0.267	0.313	0.286	0.327	0.343	0.287	0.276	0.298	0.337	0.292	0.329	1.918	0.544	0.281	0.201	-17944.179
244	8	1000	977	0.5215	0.298	0.314	0.280	0.326	0.274	0.321	0.289	0.246	0.270	0.308	0.288	0.324	0.304	0.295	2.028	0.501	0.282	0.184	-17897.316
245	8	1000	974	0.5131	0.242	0.316	0.314	0.288	0.295	0.328	0.308	0.229	0.311	0.282	0.322	0.321	0.276	0.305	2.027	0.473	0.256	0.189	-17855.392
246	8	1000	975	0.5139	0.236	0.296	0.309	0.328	0.335	0.276	0.302	0.266	0.299	0.303	0.291	0.314	0.323	0.306	1.999	0.460	0.287	0.196	-18065.885
247	8	1000	979	0.5205	0.262	0.339	0.276	0.281	0.262	0.328	0.280	0.250	0.302	0.284	0.291	0.309	0.299	0.294	1.891	0.492	0.264	0.196	-17692.096
248	8	1000	972	0.5257	0.314	0.282	0.333	0.256	0.290	0.290	0.254	0.262	0.275	0.332	0.295	0.324	0.282	0.307	1.925	0.551	0.285	0.187	-17696.114
249	8	1000	983	0.5157	0.298	0.294	0.303	0.246	0.304	0.292	0.260	0.240	0.282	0.292	0.278	0.359	0.337	0.281	2.020	0.440	0.227	0.212	-17742.103
250	8	1000	980	0.5119	0.255	0.318	0.298	0.322	0.299	0.301	0.319	0.285	0.264	0.304	0.315	0.303	0.342	0.290	1.866	0.520	0.275	0.193	-18054.579
251	8	1000	978	0.5079	0.297	0.317	0.306	0.306	0.291	0.285	0.310	0.260	0.311	0.276	0.299	0.262	0.298	0.322	1.947	0.467	0.236	0.195	-17849.321
252	8	1000	978	0.5046	0.303	0.282	0.339	0.331	0.292	0.270	0.290	0.280	0.267	0.315	0.298	0.344	0.296	0.321	2.080	0.449	0.251	0.194	-17987.208
253	8	1000	978	0.5070	0.297	0.332	0.331	0.297	0.240	0.297	0.319	0.278	0.275	0.316	0.268	0.300	0.317	0.302	2.045	0.543	0.341	0.197	-17899.802
254	8	1000	977	0.5078	0.234	0.289	0.286	0.297	0.273	0.290	0.298	0.293	0.304	0.299	0.295	0.226	0.304	0.312	1.905	0.522	0.222	0.197	-17500.223
255	8	1000	971	0.5198	0.252	0.312	0.339	0.308	0.255	0.249	0.328	0.280	0.346	0.310	0.308	0.292	0.283	0.305	2.013	0.450	0.272	0.199	-17978.108
256	8	1000	971	0.5182	0.221	0.328	0.302	0.285	0.350	0.299	0.308	0.302	0.289	0.304	0.292	0.330	0.277	0.310	1.975	0.477	0.239	0.194	-17928.852
257	8	1000	978	0.5123	0.258	0.323	0.316	0.272	0.296	0.340	0.339	0.273	0.305	0.290	0.285	0.313	0.296	0.319	2.094	0.426	0.234	0.193	-17979.794
258	8	1000	980	0.5120	0.268	0.304	0.321	0.302	0.313	0.286	0.295	0.271	0.264	0.293	0.304	0.305	0.341	0.302	1.957	0.520	0.270	0.190	-17911.802
259	8	1000	969	0.5127	0.273	0.308	0.315	0.313	0.273	0.289	0.269	0.295	0.260	0.272	0.288	0.281	0.305	0.305	1.904	0.505	0.286	0.169	-17579.243
260	8	1000	979	0.5249	0.259	0.267	0.335	0.286	0.279	0.334	0.277	0.264	0.309	0.314	0.305	0.314	0.328	0.254	1.958	0.516	0.287	0.218	-17988.936
261	8	1000	972	0.5234	0.286	0.334	0.347	0.270	0.251	0.298	0.316	0.269	0.322	0.282	0.294	0.325	0.280	0.349	1.968	0.433	0.259	0.180	-18006.192
262	8	1000	983	0.5022	0.302	0.287	0.294	0.304	0.311	0.267	0.336	0.262	0.278	0.262	0.308	0.300	0.329	0.275	1.933	0.543	0.285	0.224	-17926.480
263	8	1000	975	0.5026	0.291	0.254	0.306	0.361	0.317	0.282	0.300	0.218	0.334	0.322	0.300	0.251	0.329	0.249	1.862	0.514	0.263	0.181	-17819.566
264	8	1000	978	0.5208	0.295	0.279	0.308	0.277	0.305	0.311	0.309	0.272	0.382	0.340	0.261	0.306	0.284	0.326	1.963	0.526	0.272	0.169	-17828.834
265	8	1000	982	0.5223	0.273	0.295	0.290	0.314	0.280	0.271	0.311	0.260	0.284	0.294	0.282	0.247	0.288	0.337	2.070	0.472	0.263	0.194	-17659.974
266	8	1000	978	0.5118	0.217	0.301	0.278	0.314	0.282	0.308	0.277	0.299	0.254	0.281	0.302	0.267	0.286	0.327	2.031	0.508	0.232	0.207	-17632.478
267	8	1000	989	0.5168	0.316	0.331	0.283	0.314	0.321	0.304	0.274	0.330	0.261	0.299	0.320	0.312	0.287	0.322	1.981	0.506	0.273	0.224	-18184.293
268	8	1000	969	0.5251	0.333	0.286	0.306	0.283	0.290	0.292	0.306	0.295	0.301	0.299	0.296	0.273	0.269	0.288	1.954	0.407	0.232	0.168	-17731.991
269	8	1000	971	0.5102	0.229	0.308	0.294	0.312	0.273	0.274	0.311	0.321	0.283	0.308	0.254	0.298	0.299	0.278	2.126	0.539	0.277	0.172	-17459.415
270	8	1000	972	0.5197	0.305	0.338	0.310	0.280	0.309	0.306	0.346	0.241	0.293	0.322	0.294	0.314	0.267	0.311	2.007	0.505	0.291	0.183	-17982.627
271	8	1000	982	0.5244	0.262	0.289	0.313	0.310	0.267	0.255	0.330	0.308	0.280	0.270	0.295	0.330	0.304	0.309	1.925	0.507	0.317	0.195	-17896.110
272	8	1000	978	0.5256	0.273	0.301	0.252	0.296	0.296	0.298	0.301	0.260	0.308	0.319	0.298	0.310	0.306	0.289	1.951	0.537	0.263	0.200	-17835.046
273	8	1000	979	0.5187	0.284	0.300	0.361	0.299	0.327	0.296	0.332	0.340	0.298	0.293	0.350	0.342	0.307	0.299	2.075	0.456	0.273	0.181	-18325.614
274	8	1000	979	0.5067	0.319	0.287	0.325	0.271	0.310	0.283	0.325	0.300	0.250	0.294	0.303	0.329	0.325	0.275	2.082	0.566	0.274	0.213	-17857.877
275	8	1000	973	0.5140	0.297	0.346	0.313	0.299	0.330	0.323	0.332	0.253	0.309	0.260	0.317	0.291	0.306	0.298	2.121	0.541	0.323	0.168	-17900.810
276	8	1000	980	0.5172	0.268	0.286	0.299	0.314	0.344	0.282	0.297	0.272	0.334	0.268	0.309	0.260	0.272	0.320	2.125	0.460	0.263	0.163	-17709.176
277	8	1000	980	0.5137	0.292	0.315	0.317	0.323	0.273	0.326	0.275	0.358	0.342	0.309	0.315	0.310	0.329	0.306	1.850	0.528	0.280	0.182	-18230.319
278	8	1000	968	0.5173	0.276	0.279	0.302	0.340	0.352	0.329	0.287	0.252	0.346	0.316	0.290	0.283	0.303	0.265	1.950	0.535	0.245	0.186	-17854.044
279	8	1000	972	0.5208	0.282	0.269	0.279	0.295	0.326	0.301	0.317	0.304	0.309	0.261	0.299	0.288	0.272	0.340	2.031	0.538	0.228	0.191	-17735.870
280	8	1000	976	0.5203	0.271	0.298	0.333	0.335	0.281	0.263	0.326	0.293	0.251	0.272	0.310	0.305	0.284	0.294	1.902	0.444	0.238	0.176	-17749.194
281	8	1000	984	0.5102	0.320	0.283	0.261	0.279	0.235	0.261	0.266	0.257	0.295	0.308	0.330	0.275	0.315	0.316	1.944	0.509	0.242	0.202	-17583.845
282	8	1000	971	0.5123	0.271	0.306	0.343	0.287	0.289	0.290	0.306	0.254	0.297	0.268	0.277	0.347	0.272	0.291	2.028	0.498	0.214	0.184	-17584.439
283	8	1000	971	0.5056	0.318	0.310	0.285	0.283	0.289	0.299	0.284	0.285	0.301	0.296	0.306	0.298	0.289	0.319	1.963	0.430	0.243	0.177	-17791.479
284	8	1000	978	0.5345	0.312	0.279	0.285	0.295	0.311	0.303	0.323	0.276	0.287	0.330	0.318	0.301	0.263	0.268	2.016	0.532	0.277	0.213	-17971.977
285	8	1000	970	0.5171	0.303	0.299	0.308	0.267	0.303	0.287	0.297	0.264	0.291	0.298	0.340	0.268	0.310	0.300	2.029	0.553	0.258	0.202	-17755.470
286	8	1000	980	0.5221	0.256	0.301	0.320	0.312	0.320	0.289	0.330	0.333	0.293	0.327	0.294	0.326	0.317	0.312	2.069	0.541	0.278	0.192	-18132.127
287	8	1000	978	0.5157	0.269	0.278	0.291	0.328	0.296	0.322	0.287	0.257	0.269	0.275	0.299	0.349	0.333	0.294	1.869	0.533	0.256	0.187	-17795.856
288	8	1000	970	0.5173	0.293	0.276	0.330	0.325	0.278	0.335	0.255	0.276	0.278	0.322	0.253	0.312	0.283	0.280	2.000	0.424	0.276	0.175	-17801.253
289	8	1000	976	0.5185	0.233	0.300	0.273	0.286	0.267	0.287	0.302	0.280	0.336	0.292	0.319	0.251	0.302	0.273	1.888	0.505	0.216	0.201	-17659.093
290	8	1000	978	0.5135	0.294	0.302	0.296	0.345	0.323	0.331	0.310	0.248	0.331	0.310	0.304	0.310	0.341	0.303	1.886	0.503	0.253	0.194	-18298.390
291	8	1000	978	0.5150	0.253	0.272	0.256	0.284	0.267	0.292	0.290	0.291	0.312	0.272	0.306	0.274	0.317	0.311	1.993	0.528	0.258	0.182	-17454.611
292	8	1000	976	0.5130	0.308	0.328	0.275	0.301	0.271	0.357	0.296	0.288	0.297	0.332	0.289	0.254	0.357	0.350	1.957	0.499	0.269	0.206	-18179.129
293	8	1000	974	0.5228	0.238	0.280	0.272	0.287	0.347	0.284	0.263	0.288	0.261	0.308	0.268	0.292	0.281	0.317	1.980	0.495	0.277	0.183	-17517.860
294	8	1000	964	0.5294	0.245	0.350	0.318	0.301	0.266	0.317	0.257	0.274	0.332	0.248	0.285	0.245	0.346	0.294	1.959	0.497	0.287	0.172	-17732.285
295	8	1000	983	0.5127	0.269	0.270	0.294	0.324	0.287	0.282	0.302	0.257	0.327	0.297	0.311	0.303	0.289	0.284	1.884	0.462	0.190	0.195	-17722.281
296	8	1000	973	0.5127	0.260	0.321	0.312	0.314	0.300	0.348	0.287	0.238	0.346	0.272	0.305	0.320	0.273	0.323	1.965	0.498	0.334	0.186	-18102.323
297	8	1000	980	0.5146	0.225	0.332	0.253	0.318	0.285	0.301	0.310	0.270	0.312	0.274	0.327	0.282	0.297	0.288	1.906	0.466	0.169	0.203	-17675.166
298	8	1000	986	0.5072	0.326	0.323	0.305	0.358	0.255	0.334	0.306	0.242	0.362	0.347	0.301	0.321	0.318	0.289	2.013	0.560	0.308	0.194	-18251.148
299	8	1000	971	0.5190	0.274	0.238	0.334	0.277	0.330	0.276	0.283	0.251	0.369	0.315	0.292	0.261	0.283	0.343	1.973	0.483	0.295	0.178	-17832.068
300	8	1000	979	0.5141	0.310	0.348	0.292	0.343	0.277	0.321	0.322	0.297	0.320	0.290	0.321	0.282	0.290	0.307	1.948	0.500	0.256	0.178	-18077.256
301	8	1000	970	0.5167	0.274	0.272	0.314	0.264	0.282	0.309	0.298	0.280	0.314	0.284	0.298	0.248	0.299	0.313	2.102	0.539	0.242	0.202	-17547.126
302	8	1000	979	0.5206	0.300	0.277	0.288	0.321	0.274	0.330	0.318	0.289	0.322	0.270	0.276	0.310	0.321	0.321	1.896	0.510	0.250	0.181	-17896.047
303	8	1000	976	0.5068	0.300	0.310	0.280	0.285	0.276	0.282	0.311	0.264	0.298	0.295	0.328	0.326	0.269	0.315	1.949	0.507	0.213	0.194	-17736.473
304	8	1000	975	0.5069	0.284	0.279	0.278	0.331	0.272	0.305	0.314	0.287	0.283	0.320	0.319	0.348	0.327	0.299	1.975	0.493	0.268	0.195	-18012.274
305	8	1000	983	0.5173	0.308	0.289	0.330	0.286	0.324	0.296	0.327	0.282	0.284	0.303	0.386	0.310	0.328	0.313	1.921	0.437	0.242	0.201	-18352.392
306	8	1000	979	0.5210	0.255	0.336	0.254	0.325	0.292	0.299	0.278	0.264	0.350	0.298	0.317	0.302	0.327	0.282	1.915	0.453	0.193	0.211	-17997.702
307	8	1000	986	0.5107	0.239	0.279	0.330	0.297	0.309	0.326	0.276	0.269	0.306	0.313	0.275	0.273	0.271	0.329	1.934	0.524	0.227	0.213	-17828.065
308	8	1000	979	0.5041	0.256	0.376	0.313	0.301	0.307	0.269	0.310	0.251	0.264	0.256	0.294	0.304	0.336	0.320	2.046	0.462	0.225	0.181	-17781.757
309	8	1000	977	0.5091	0.253	0.284	0.304	0.306	0.264	0.336	0.321	0.226	0.326	0.308	0.289	0.252	0.302	0.308	1.918	0.390	0.162	0.185	-17732.893
310	8	1000	975	0.5016	0.254	0.329	0.304	0.332	0.296	0.287	0.293	0.277	0.296	0.307	0.331	0.306	0.302	0.296	1.932	0.497	0.270	0.182	-17923.413
311	8	1000	982	0.5171	0.304	0.317	0.327	0.298	0.308	0.343	0.333	0.310	0.316	0.287	0.316	0.283	0.350	0.331	2.120	0.477	0.310	0.189	-18329.406
312	8	1000	991	0.5012	0.290	0.273	0.317	0.319	0.267	0.352	0.276	0.298	0.261	0.299	0.302	0.324	0.311	0.324	1.980	0.503	0.255	0.214	-18101.275
313	8	1000	968	0.5131	0.249	0.278	0.262	0.322	0.326	0.282	0.319	0.300	0.364	0.305	0.294	0.304	0.343	0.295	2.009	0.498	0.279	0.172	-17893.740
314	8	1000	978	0.4944	0.287	0.268	0.313	0.330	0.317	0.292	0.302	0.204	0.308	0.280	0.284	0.274	0.317	0.261	2.007	0.507	0.242	0.210	-17677.758
315	8	1000	980	0.5071	0.312	0.333	0.304	0.278	0.280	0.327	0.330	0.294	0.254	0.304	0.338	0.249	0.325	0.291	1.974	0.516	0.265	0.191	-17944.069
316	8	1000	972	0.5101	0.308	0.283	0.276	0.322	0.357	0.342	0.258	0.249	0.236	0.316	0.328	0.354	0.348	0.269	2.054	0.362	0.203	0.180	-17974.051
317	8	1000	971	0.5239	0.276	0.307	0.312	0.278	0.266	0.308	0.274	0.279	0.314	0.281	0.288	0.320	0.289	0.279	2.041	0.494	0.203	0.198	-17527.972
318	8	1000	980	0.5138	0.259	0.278	0.275	0.295	0.321	0.299	0.306	0.282	0.322	0.338	0.307	0.267	0.304	0.338	1.959	0.549	0.283	0.194	-17925.803
319	8	1000	979	0.5055	0.282	0.290	0.294	0.306	0.282	0.303	0.261	0.275	0.301	0.309	0.303	0.252	0.288	0.307	2.108	0.592	0.261	0.220	-17688.508
320	8	1000	974	0.5110	0.306	0.318	0.261	0.312	0.305	0.329	0.289	0.239	0.256	0.299	0.275	0.272	0.249	0.321	2.000	0.503	0.242	0.207	-17585.629
321	8	1000	975	0.5144	0.240	0.306	0.310	0.273	0.305	0.300	0.337	0.292	0.300	0.344	0.300	0.280	0.330	0.264	1.915	0.534	0.286	0.203	-17988.963
322	8	1000	976	0.5272	0.241	0.286	0.269	0.297	0.321	0.297	0.299	0.317	0.275	0.272	0.307	0.288	0.305	0.324	2.083	0.519	0.258	0.202	-17724.673
323	8	1000	975	0.5001	0.270	0.320	0.305	0.288	0.320	0.287	0.312	0.289	0.258	0.294	0.279	0.351	0.333	0.322	2.092	0.485	0.237	0.208	-17939.647
324	8	1000	982	0.5177	0.270	0.312	0.348	0.305	0.273	0.299	0.292	0.278	0.267	0.298	0.334	0.350	0.314	0.324	2.023	0.502	0.284	0.192	-18100.764
325	8	1000	963	0.5242	0.307	0.325	0.277	0.296	0.280	0.345	0.313	0.271	0.319	0.263	0.284	0.231	0.299	0.280	2.054	0.571	0.317	0.196	-17574.631
326	8	1000	981	0.5147	0.289	0.327	0.294	0.327	0.264	0.338	0.289	0.290	0.345	0.275	0.320	0.307	0.325	0.283	2.011	0.496	0.231	0.192	-17964.232
327	8	1000	981	0.5090	0.291	0.300	0.320	0.292	0.290	0.299	0.301	0.289	0.283	0.330	0.339	0.310	0.310	0.277	2.012	0.483	0.280	0.189	-18005.794
328	8	1000	980	0.5071	0.276	0.308	0.329	0.308	0.264	0.304	0.321	0.294	0.272	0.342	0.267	0.310	0.279	0.316	1.863	0.549	0.251	0.207	-17967.654
329	8	1000	975	0.5146	0.229	0.265	0.264	0.299	0.301	0.311	0.284	0.289	0.322	0.290	0.291	0.300	0.331	0.279	1.963	0.467	0.214	0.190	-17628.628
330	8	1000	983	0.5121	0.347	0.332	0.311	0.281	0.272	0.309	0.332	0.298	0.312	0.288	0.317	0.305	0.306	0.304	2.089	0.514	0.269	0.191	-18017.523
331	8	1000	970	0.5328	0.338	0.331	0.344	0.281	0.309	0.333	0.269	0.322	0.343	0.327	0.298	0.261	0.307	0.260	1.904	0.500	0.269	0.192	-18154.156
332	8	1000	973	0.5082	0.275	0.298	0.292	0.298	0.298	0.313	0.318	0.303	0.302	0.307	0.315	0.330	0.338	0.278	1.877	0.482	0.284	0.188	-18131.522
333	8	1000	984	0.5162	0.293	0.288	0.320	0.304	0.303	0.313	0.313	0.248	0.310	0.322	0.300	0.317	0.277	0.249	2.049	0.544	0.254	0.221	-17898.153
334	8	1000	980	0.5192	0.273	0.396	0.301	0.297	0.289	0.336	0.296	0.228	0.283	0.270	0.300	0.293	0.312	0.294	1.987	0.525	0.234	0.186	-17809.896
335	8	1000	979	0.5040	0.309	0.250	0.305	0.330	0.346	0.268	0.281	0.281	0.282	0.305	0.305	0.290	0.295	0.291	1.864	0.520	0.262	0.183	-17683.850
336	8	1000	980	0.5247	0.191	0.346	0.352	0.277	0.299	0.338	0.228	0.283	0.344	0.254	0.302	0.260	0.295	0.288	1.842	0.436	0.214	0.188	-17706.567
337	8	1000	970	0.5216	0.275	0.293	0.330	0.332	0.309	0.314	0.315	0.270	0.289	0.303	0.279	0.306	0.308	0.307	2.048	0.446	0.228	0.194	-17993.603
338	8	1000	980	0.5093	0.255	0.291	0.262	0.306	0.277	0.261	0.305	0.253	0.307	0.264	0.293	0.285	0.288	0.284	1.919	0.527	0.211	0.205	-17421.589
339	8	1000	960	0.5169	0.275	0.249	0.328	0.309	0.327	0.260	0.328	0.265	0.253	0.302	0.308	0.279	0.283	0.299	1.818	0.437	0.232	0.179	-17663.493
340	8	1000	977	0.5132	0.314	0.333	0.318	0.329	0.296	0.341	0.311	0.268	0.283	0.330	0.343	0.363	0.314	0.325	2.016	0.535	0.255	0.200	-18364.339
341	8	1000	977	0.5057	0.292	0.300	0.286	0.286	0.333	0.305	0.317	0.225	0.287	0.316	0.262	0.306	0.294	0.334	1.978	0.512	0.237	0.181	-17685.915
342	8	1000	972	0.5206	0.274	0.290	0.312	0.281	0.317	0.311	0.305	0.289	0.313	0.319	0.347	0.303	0.284	0.304	2.008	0.524	0.288	0.179	-17942.070
343	8	1000	981	0.5018	0.258	0.328	0.280	0.362	0.246	0.297	0.331	0.260	0.321	0.315	0.304	0.277	0.285	0.328	1.934	0.537	0.240	0.214	-17950.209
344	8	1000	982	0.5101	0.241	0.279	0.341	0.291	0.294	0.334	0.347	0.274	0.311	0.294	0.312	0.305	0.305	0.294	2.015	0.425	0.227	0.187	-18022.676
345	8	1000	980	0.5137	0.244	0.313	0.348	0.270	0.321	0.300	0.273	0.259	0.306	0.266	0.307	0.282	0.276	0.325	1.983	0.441	0.214	0.209	-17798.022
346	8	1000	978	0.5143	0.274	0.299	0.322	0.295	0.271	0.288	0.333	0.261	0.294	0.284	0.302	0.288	0.312	0.306	1.972	0.586	0.258	0.199	-17789.252
347	8	1000	977	0.5332	0.241	0.320	0.273	0.294	0.245	0.235	0.319	0.260	0.269	0.303	0.306	0.332	0.328	0.295	1.991	0.475	0.219	0.183	-17610.255
348	8	1000	981	0.5149	0.285	0.318	0.311	0.256	0.271	0.329	0.301	0.296	0.341	0.268	0.287	0.283	0.325	0.308	1.837	0.466	0.252	0.207	-18070.670
349	8	1000	981	0.5024	0.296	0.360	0.305	0.309	0.270	0.213	0.314	0.278	0.273	0.279	0.328	0.354	0.309	0.290	1.980	0.427	0.257	0.199	-18005.632
350	8	1000	966	0.5141	0.286	0.319	0.303	0.285	0.283	0.301	0.284	0.240	0.325	0.298	0.245	0.315	0.275	0.356	2.082	0.484	0.287	0.178	-17716.208
351	8	1000	979	0.5116	0.323	0.266	0.300	0.320	0.249	0.279	0.296	0.272	0.294	0.320	0.313	0.318	0.279	0.343	2.030	0.552	0.276	0.194	-17752.854
352	8	1000	962	0.5107	0.235	0.309	0.275	0.304	0.274	0.321	0.299	0.240	0.300	0.282	0.274	0.274	0.307	0.285	1.832	0.509	0.221	0.202	-17525.853
353	8	1000	977	0.5163	0.274	0.281	0.271	0.325	0.240	0.281	0.298	0.268	0.262	0.312	0.268	0.295	0.270	0.337	2.013	0.495	0.254	0.175	-17386.650
354	8	1000	980	0.5072	0.297	0.308	0.288	0.314	0.346	0.298	0.317	0.308	0.304	0.302	0.295	0.304	0.280	0.336	1.980	0.538	0.299	0.197	-18068.900
355	8	1000	985	0.5122	0.309	0.276	0.323	0.297	0.314	0.342	0.314	0.306	0.259	0.314	0.267	0.338	0.319	0.290	2.007	0.423	0.252	0.189	-18174.678
356	8	1000	982	0.5207	0.254	0.282	0.334	0.282	0.285	0.306	0.330	0.273	0.243	0.313	0.320	0.310	0.266	0.363	1.859	0.424	0.222	0.210	-18027.692
357	8	1000	978	0.5140	0.259	0.314	0.312	0.273	0.301	0.287	0.298	0.277	0.321	0.295	0.350	0.313	0.269	0.320	1.898	0.564	0.266	0.209	-17888.868
358	8	1000	975	0.5094	0.302	0.309	0.275	0.318	0.287	0.284	0.352	0.297	0.300	0.292	0.291	0.273	0.317	0.281	1.850	0.478	0.270	0.187	-17981.933
359	8	1000	974	0.5132	0.287	0.285	0.325	0.293	0.284	0.326	0.256	0.237	0.321	0.289	0.307	0.284	0.340	0.304	1.916	0.502	0.238	0.197	-17898.232
360	8	1000	972	0.5167	0.235	0.298	0.282	0.334	0.321	0.298	0.272	0.305	0.314	0.314	0.264	0.303	0.340	0.285	1.909	0.508	0.270	0.182	-17873.170
361	8	1000	965	0.5168	0.232	0.264	0.300	0.271	0.303	0.311	0.313	0.305	0.308	0.300	0.283	0.325	0.306	0.307	2.092	0.422	0.214	0.209	-17895.083
362	8	1000	976	0.5097	0.236	0.357	0.319	0.284	0.269	0.319	0.314	0.304	0.304	0.291	0.309	0.317	0.261	0.305	1.840	0.471	0.220	0.159	-17782.075
363	8	1000	974	0.5190	0.234	0.275	0.314	0.305	0.305	0.327	0.335	0.269	0.320	0.306	0.302	0.238	0.303	0.310	1.978	0.470	0.266	0.193	-17969.266
364	8	1000	978	0.5097	0.278	0.341	0.292	0.314	0.238	0.304	0.296	0.269	0.265	0.288	0.267	0.356	0.289	0.271	2.077	0.499	0.316	0.203	-17764.722
365	8	1000	975	0.5102	0.270	0.292	0.311	0.338	0.298	0.330	0.265	0.249	0.262	0.294	0.311	0.352	0.299	0.279	1.932	0.533	0.292	0.202	-17896.428
366	8	1000	975	0.5209	0.283	0.272	0.324	0.311	0.290	0.293	0.266	0.246	0.242	0.306	0.265	0.291	0.291	0.286	1.870	0.549	0.309	0.197	-17603.112
367	8	1000	975	0.5142	0.281	0.309	0.314	0.236	0.309	0.360	0.276	0.287	0.303	0.307	0.319	0.220	0.335	0.307	2.008	0.478	0.236	0.198	-17842.995
368	8	1000	968	0.5196	0.278	0.355	0.260	0.311	0.272	0.310	0.286	0.254	0.328	0.283	0.270	0.279	0.245	0.336	2.003	0.453	0.249	0.177	-17683.767
369	8	1000	977	0.5090	0.301	0.272	0.293	0.312	0.305	0.285	0.293	0.291	0.288	0.324	0.252	0.246	0.295	0.351	2.013	0.505	0.303	0.193	-17800.535
370	8	1000	977	0.5183	0.315	0.280	0.291	0.270	0.252	0.299	0.312	0.229	0.314	0.285	0.316	0.311	0.292	0.308	1.997	0.440	0.215	0.191	-17727.854
371	8	1000	966	0.5097	0.306	0.309	0.300	0.311	0.342	0.316	0.283	0.254	0.251	0.327	0.304	0.353	0.325	0.272	2.063	0.456	0.311	0.166	-17980.950
372	8	1000	973	0.5120	0.240	0.285	0.290	0.294	0.323	0.293	0.287	0.250	0.274	0.333	0.301	0.265	0.284	0.324	2.038	0.528	0.243	0.187	-17602.613
373	8	1000	977	0.5105	0.319	0.295	0.317	0.307	0.295	0.311	0.322	0.307	0.281	0.305	0.280	0.290	0.274	0.315	2.071	0.581	0.330	0.195	-17961.579
374	8	1000	978	0.5212	0.267	0.271	0.320	0.301	0.270	0.272	0.318	0.305	0.354	0.288	0.277	0.264	0.295	0.326	1.914	0.498	0.285	0.191	-17960.178
375	8	1000	981	0.5280	0.251	0.288	0.268	0.324	0.328	0.305	0.289	0.290	0.340	0.290	0.322	0.292	0.280	0.293	1.991	0.513	0.242	0.197	-17876.864
376	8	1000	979	0.5174	0.281	0.270	0.332	0.290	0.335	0.330	0.288	0.297	0.302	0.299	0.279	0.288	0.329	0.291	2.018	0.535	0.263	0.184	-17789.789
377	8	1000	973	0.5171	0.270	0.321	0.311	0.351	0.282	0.316	0.253	0.250	0.310	0.296	0.291	0.320	0.285	0.276	1.918	0.466	0.260	0.181	-17834.739
378	8	1000	984	0.5069	0.285	0.285	0.278	0.320	0.365	0.318	0.269	0.277	0.279	0.278	0.288	0.328	0.284	0.302	1.875	0.427	0.198	0.201	-17883.453
379	8	1000	979	0.5195	0.294	0.311	0.306	0.280	0.304	0.305	0.289	0.256	0.265	0.309	0.292	0.324	0.319	0.297	1.893	0.537	0.241	0.211	-17868.040
380	8	1000	972	0.5037	0.317	0.303	0.268	0.259	0.290	0.281	0.298	0.294	0.265	0.279	0.304	0.315	0.316	0.278	1.895	0.530	0.238	0.188	-17530.436
381	8	1000	971	0.5115	0.263	0.276	0.324	0.299	0.308	0.295	0.288	0.262	0.264	0.301	0.297	0.259	0.310	0.336	2.034	0.500	0.252	0.196	-17718.735
382	8	1000	973	0.5055	0.285	0.238	0.267	0.314	0.319	0.307	0.289	0.255	0.341	0.255	0.345	0.290	0.305	0.336	1.855	0.506	0.290	0.192	-17885.498
383	8	1000	987	0.5102	0.328	0.324	0.304	0.324	0.295	0.336	0.267	0.254	0.306	0.331	0.298	0.316	0.294	0.315	2.012	0.606	0.322	0.207	-18115.345
384	8	1000	973	0.5166	0.335	0.304	0.363	0.314	0.234	0.358	0.316	0.302	0.220	0.336	0.304	0.348	0.335	0.282	1.920	0.464	0.280	0.172	-18170.502
385	8	1000	979	0.5124	0.268	0.298	0.295	0.307	0.304	0.273	0.263	0.221	0.309	0.317	0.282	0.330	0.310	0.299	1.888	0.472	0.239	0.185	-17790.177
386	8	1000	980	0.5266	0.284	0.385	0.308	0.298	0.302	0.328	0.289	0.229	0.339	0.256	0.320	0.296	0.333	0.305	2.123	0.487	0.251	0.196	-18020.686
387	8	1000	962	0.5161	0.275	0.297	0.272	0.293	0.267	0.336	0.326	0.246	0.315	0.332	0.268	0.276	0.241	0.280	1.906	0.529	0.261	0.186	-17572.466
388	8	1000	984	0.5215	0.282	0.356	0.295	0.325	0.303	0.342	0.290	0.319	0.292	0.338	0.349	0.342	0.378	0.267	2.016	0.525	0.262	0.204	-18467.311
389	8	1000	974	0.5114	0.279	0.278	0.319	0.309	0.280	0.299	0.314	0.283	0.304	0.281	0.310	0.306	0.311	0.283	1.874	0.480	0.230	0.188	-17903.791
390	8	1000	984	0.5099	0.295	0.301	0.306	0.328	0.273	0.300	0.307	0.264	0.259	0.293	0.296	0.349	0.314	0.306	1.962	0.559	0.282	0.222	-18058.593
391	8	1000	973	0.5077	0.284	0.298	0.321	0.315	0.282	0.273	0.302	0.292	0.307	0.291	0.306	0.219	0.266	0.323	1.917	0.530	0.249	0.185	-17595.319
392	8	1000	968	0.5052	0.270	0.277	0.308	0.272	0.343	0.344	0.301	0.271	0.291	0.338	0.273	0.294	0.293	0.309	2.020	0.533	0.254	0.189	-17777.687
393	8	1000	980	0.5132	0.281	0.307	0.334	0.291	0.286	0.304	0.294	0.226	0.293	0.279	0.272	0.257	0.268	0.284	2.007	0.516	0.297	0.196	-17527.248
394	8	1000	977	0.5101	0.246	0.296	0.286	0.298	0.286	0.319	0.296	0.232	0.317	0.292	0.275	0.294	0.305	0.319	1.931	0.500	0.289	0.192	-17780.836
395	8	1000	978	0.5150	0.275	0.319	0.304	0.297	0.312	0.302	0.287	0.269	0.324	0.365	0.300	0.292	0.283	0.323	2.079	0.500	0.254	0.209	-18087.129
396	8	1000	976	0.5149	0.304	0.261	0.295	0.322	0.320	0.328	0.288	0.276	0.277	0.317	0.327	0.307	0.287	0.305	2.046	0.515	0.282	0.200	-17974.724
397	8	1000	972	0.5107	0.287	0.275	0.296	0.263	0.294	0.280	0.281	0.317	0.281	0.302	0.271	0.336	0.308	0.296	1.956	0.530	0.322	0.182	-17648.035
398	8	1000	979	0.5168	0.270	0.268	0.281	0.319	0.325	0.322	0.294	0.252	0.279	0.329	0.296	0.312	0.297	0.318	1.929	0.516	0.268	0.205	-17996.908
399	8	1000	991	0.5176	0.244	0.277	0.338	0.277	0.326	0.321	0.320	0.317	0.346	0.272	0.263	0.271	0.326	0.315	2.034	0.504	0.256	0.208	-18065.826
400	8	1000	976	0.5175	0.254	0.310	0.288	0.320	0.316	0.249	0.328	0.224	0.324	0.288	0.302	0.314	0.269	0.321	1.959	0.465	0.223	0.184	-17696.338
401	8	1000	982	0.5083	0.254	0.289	0.313	0.317	0.331	0.313	0.362	0.303	0.293	0.300	0.335	0.357	0.293	0.312	2.039	0.508	0.261	0.204	-18241.638
402	8	1000	985	0.5062	0.292	0.239	0.312	0.315	0.305	0.309	0.332	0.253	0.327	0.261	0.316	0.298	0.283	0.315	2.086	0.444	0.262	0.202	-18009.408
403	8	1000	973	0.5068	0.285	0.297	0.300	0.316	0.343	0.253	0.318	0.276	0.334	0.261	0.337	0.310	0.281	0.254	2.022	0.564	0.239	0.195	-17722.945
404	8	1000	973	0.5084	0.267	0.339	0.256	0.294	0.282	0.273	0.297	0.349	0.258	0.353	0.289	0.343	0.291	0.337	1.956	0.560	0.285	0.211	-18008.886
405	8	1000	976	0.5201	0.289	0.284	0.325	0.273	0.331	0.345	0.279	0.287	0.300	0.293	0.290	0.305	0.295	0.307	1.919	0.532	0.283	0.200	-17989.095
406	8	1000	973	0.5174	0.238	0.296	0.267	0.317	0.321	0.294	0.306	0.263	0.271	0.323	0.291	0.297	0.306	0.280	2.031	0.539	0.233	0.200	-17592.511
407	8	1000	972	0.5212	0.276	0.274	0.288	0.241	0.298	0.296	0.320	0.291	0.308	0.261	0.293	0.328	0.310	0.281	1.925	0.549	0.232	0.198	-17630.892
408	8	1000	986	0.5227	0.239	0.331	0.303	0.275	0.312	0.287	0.314	0.312	0.310	0.337	0.275	0.307	0.277	0.289	1.990	0.455	0.203	0.219	-17988.040
409	8	1000	981	0.5183	0.253	0.296	0.254	0.324	0.329	0.286	0.288	0.269	0.287	0.284	0.281	0.347	0.311	0.315	2.076	0.524	0.230	0.214	-17807.080
410	8	1000	980	0.5059	0.260	0.333	0.293	0.330	0.260	0.320	0.298	0.336	0.313	0.302	0.305	0.267	0.310	0.309	1.987	0.397	0.231	0.191	-18090.934
411	8	1000	977	0.4987	0.347	0.260	0.317	0.315	0.272	0.331	0.304	0.307	0.269	0.289	0.295	0.291	0.288	0.319	1.918	0.464	0.268	0.176	-17910.231
412	8	1000	981	0.5110	0.267	0.303	0.300	0.304	0.298	0.270	0.312	0.301	0.294	0.335	0.318	0.306	0.303	0.324	1.985	0.562	0.286	0.197	-17930.533
413	8	1000	974	0.5060	0.302	0.315	0.271	0.335	0.313	0.295	0.304	0.269	0.286	0.269	0.303	0.273	0.314	0.302	2.107	0.447	0.247	0.175	-17738.187
414	8	1000	976	0.5196	0.246	0.304	0.321	0.296	0.286	0.311	0.336	0.255	0.279	0.312	0.301	0.278	0.300	0.298	1.933	0.466	0.206	0.189	-17764.650
415	8	1000	989	0.5232	0.221	0.277	0.308	0.310	0.324	0.351	0.289	0.286	0.300	0.325	0.311	0.264	0.341	0.280	1.992	0.564	0.257	0.214	-18029.466
416	8	1000	977	0.5099	0.269	0.292	0.314	0.304	0.328	0.328	0.312	0.253	0.317	0.315	0.333	0.326	0.296	0.278	1.922	0.510	0.267	0.191	-18093.536
417	8	1000	977	0.5020	0.264	0.330	0.300	0.336	0.274	0.307	0.293	0.291	0.335	0.354	0.286	0.356	0.326	0.286	1.982	0.494	0.251	0.184	-18056.042
418	8	1000	975	0.5229	0.251	0.264	0.271	0.318	0.351	0.283	0.328	0.257	0.293	0.327	0.289	0.277	0.286	0.287	1.975	0.505	0.242	0.181	-17683.761
419	8	1000	957	0.5172	0.281	0.331	0.286	0.273	0.287	0.283	0.270	0.289	0.297	0.283	0.331	0.312	0.311	0.318	2.057	0.492	0.244	0.182	-17654.177
420	8	1000	977	0.5225	0.224	0.319	0.275	0.338	0.273	0.295	0.323	0.304	0.272	0.303	0.288	0.298	0.315	0.345	1.989	0.400	0.224	0.194	-18061.929
421	8	1000	976	0.5208	0.319	0.356	0.268	0.290	0.272	0.281	0.299	0.265	0.287	0.309	0.325	0.269	0.276	0.318	1.968	0.489	0.265	0.183	-17771.722
422	8	1000	973	0.5153	0.256	0.250	0.285	0.312	0.339	0.301	0.289	0.283	0.279	0.273	0.291	0.290	0.300	0.299	1.989	0.472	0.230	0.185	-17606.505
423	8	1000	977	0.5153	0.286	0.291	0.290	0.310	0.269	0.348	0.281	0.292	0.313	0.278	0.287	0.291	0.293	0.304	1.995	0.541	0.215	0.197	-17700.606
424	8	1000	970	0.5044	0.233	0.329	0.280	0.277	0.323	0.286	0.292	0.306	0.285	0.298	0.288	0.289	0.294	0.282	2.088	0.542	0.280	0.193	-17585.590
425	8	1000	972	0.5135	0.243	0.262	0.279	0.305	0.308	0.297	0.293	0.297	0.296	0.315	0.274	0.279	0.290	0.284	1.932	0.460	0.285	0.200	-17726.728
426	8	1000	981	0.5144	0.279	0.333	0.274	0.331	0.332	0.303	0.285	0.250	0.255	0.313	0.341	0.337	0.307	0.283	1.994	0.487	0.239	0.189	-17875.300
427	8	1000	977	0.5057	0.258	0.334	0.311	0.311	0.283	0.292	0.375	0.257	0.347	0.289	0.291	0.264	0.328	0.244	1.846	0.484	0.286	0.170	-17831.611
428	8	1000	981	0.5110	0.239	0.326	0.304	0.315	0.251	0.302	0.266	0.301	0.317	0.309	0.335	0.318	0.329	0.308	1.884	0.464	0.282	0.197	-18123.884
429	8	1000	975	0.5075	0.253	0.306	0.301	0.302	0.337	0.310	0.274	0.239	0.271	0.283	0.311	0.320	0.314	0.277	1.936	0.439	0.221	0.203	-17920.982
430	8	1000	982	0.5111	0.249	0.246	0.279	0.318	0.285	0.297	0.304	0.277	0.329	0.318	0.272	0.269	0.321	0.308	2.067	0.524	0.275	0.205	-17780.563
431	8	1000	978	0.5099	0.285	0.302	0.292	0.301	0.330	0.276	0.319	0.333	0.319	0.306	0.289	0.268	0.303	0.282	2.165	0.538	0.317	0.195	-17848.471
432	8	1000	970	0.5148	0.285	0.295	0.306	0.334	0.328	0.277	0.293	0.271	0.267	0.299	0.299	0.333	0.285	0.311	1.995	0.484	0.280	0.208	-17975.639
433	8	1000	977	0.5148	0.328	0.257	0.303	0.303	0.331	0.237	0.317	0.310	0.325	0.247	0.312	0.269	0.312	0.300	2.081	0.481	0.248	0.193	-17795.274
434	8	1000	971	0.5200	0.265	0.324	0.312	0.285	0.296	0.304	0.277	0.258	0.331	0.337	0.294	0.275	0.266	0.324	1.886	0.533	0.265	0.185	-17806.060
435	8	1000	983	0.5099	0.248	0.317	0.294	0.329	0.276	0.278	0.292	0.318	0.277	0.309	0.351	0.303	0.295	0.292	2.100	0.553	0.294	0.204	-17906.621
436	8	1000	971	0.5211	0.298	0.258	0.309	0.325	0.292	0.291	0.313	0.285	0.291	0.273	0.330	0.279	0.297	0.314	2.047	0.523	0.301	0.177	-17861.141
437	8	1000	982	0.5160	0.229	0.289	0.295	0.318	0.282	0.347	0.240	0.273	0.295	0.297	0.300	0.296	0.317	0.263	1.890	0.540	0.221	0.213	-17696.287
438	8	1000	977	0.5119	0.282	0.278	0.283	0.289	0.319	0.302	0.300	0.235	0.289	0.254	0.296	0.266	0.310	0.309	1.930	0.484	0.255	0.194	-17582.746
439	8	1000	975	0.5228	0.281	0.328	0.300	0.271	0.305	0.273	0.310	0.277	0.270	0.335	0.312	0.302	0.250	0.284	1.969	0.518	0.279	0.177	-17636.584
440	8	1000	979	0.5192	0.305	0.305	0.316	0.311	0.357	0.343	0.284	0.216	0.314	0.269	0.317	0.255	0.334	0.316	1.906	0.505	0.262	0.196	-18072.357
441	8	1000	976	0.5055	0.271	0.314	0.270	0.324	0.314	0.312	0.330	0.282	0.313	0.290	0.326	0.297	0.290	0.328	1.956	0.527	0.275	0.183	-17970.560
442	8	1000	977	0.5200	0.312	0.300	0.275	0.337	0.317	0.289	0.321	0.239	0.322	0.334	0.257	0.234	0.313	0.301	1.937	0.521	0.209	0.208	-17843.840
443	8	1000	977	0.5120	0.338	0.307	0.283	0.311	0.303	0.334	0.269	0.271	0.283	0.305	0.320	0.304	0.308	0.266	2.009	0.381	0.217	0.199	-17998.249
444	8	1000	978	0.5078	0.258	0.353	0.304	0.343	0.242	0.320	0.336	0.226	0.325	0.316	0.292	0.298	0.297	0.295	1.987	0.537	0.255	0.208	-18028.960
445	8	1000	977	0.5238	0.335	0.346	0.320	0.291	0.318	0.302	0.361	0.257	0.304	0.296	0.298	0.295	0.276	0.328	1.944	0.534	0.296	0.188	-18189.278
446	8	1000	980	0.5052	0.250	0.293	0.292	0.276	0.292	0.344	0.300	0.310	0.316	0.290	0.288	0.320	0.342	0.275	2.050	0.422	0.240	0.196	-17943.767
447	8	1000	980	0.5149	0.298	0.288	0.304	0.286	0.265	0.275	0.301	0.274	0.259	0.317	0.274	0.293	0.262	0.328	1.936	0.475	0.221	0.188	-17572.382
448	8	1000	983	0.5068	0.238	0.328	0.308	0.278	0.315	0.257	0.330	0.249	0.323	0.346	0.294	0.313	0.293	0.278	2.034	0.510	0.247	0.215	-17906.017
449	8	1000	976	0.5170	0.267	0.293	0.317	0.325	0.307	0.318	0.288	0.303	0.332	0.284	0.307	0.242	0.323	0.325	2.202	0.527	0.305	0.181	-17910.449
450	8	1000	969	0.5110	0.273	0.260	0.262	0.357	0.300	0.286	0.293	0.241	0.260	0.264	0.302	0.333	0.278	0.289	1.979	0.548	0.241	0.189	-17389.769
451	8	1000	970	0.5119	0.275	0.253	0.281	0.277	0.304	0.284	0.289	0.220	0.328	0.286	0.316	0.246	0.266	0.298	2.104	0.529	0.287	0.204	-17456.752
452	8	1000	975	0.5113	0.309	0.265	0.301	0.294	0.331	0.293	0.295	0.269	0.347	0.336	0.325	0.206	0.253	0.330	1.911	0.556	0.359	0.188	-17904.270
453	8	1000	970	0.5089	0.263	0.283	0.333	0.314	0.282	0.310	0.311	0.246	0.318	0.295	0.332	0.337	0.337	0.322	1.991	0.444	0.279	0.181	-18119.900
454	8	1000	974	0.5185	0.308	0.322	0.305	0.277	0.268	0.275	0.313	0.324	0.308	0.289	0.342	0.306	0.266	0.299	2.057	0.502	0.307	0.172	-17843.336
455	8	1000	978	0.5187	0.249	0.342	0.316	0.266	0.279	0.258	0.329	0.292	0.334	0.285	0.341	0.263	0.274	0.329	2.020	0.582	0.308	0.210	-17899.023
456	8	1000	975	0.5048	0.296	0.321	0.336	0.255	0.309	0.248	0.294	0.235	0.317	0.259	0.241	0.326	0.280	0.265	1.906	0.456	0.197	0.186	-17370.317
457	8	1000	973	0.5099	0.287	0.302	0.296	0.325	0.285	0.304	0.329	0.286	0.281	0.288	0.307	0.329	0.302	0.287	1.879	0.458	0.280	0.190	-18079.728
458	8	1000	981	0.5159	0.294	0.317	0.336	0.287	0.305	0.321	0.274	0.226	0.266	0.310	0.320	0.319	0.299	0.293	1.990	0.468	0.220	0.218	-18028.715
459	8	1000	965	0.5135	0.356	0.286	0.327	0.300	0.304	0.292	0.299	0.305	0.311	0.279	0.308	0.331	0.308	0.302	1.924	0.482	0.257	0.188	-18012.852
460	8	1000	984	0.5092	0.212	0.270	0.300	0.294	0.303	0.329	0.344	0.261	0.286	0.303	0.290	0.278	0.281	0.332	1.853	0.531	0.214	0.194	-17757.504
461	8	1000	971	0.5220	0.231	0.274	0.291	0.279	0.270	0.276	0.314	0.272	0.325	0.270	0.321	0.348	0.301	0.273	2.001	0.474	0.290	0.197	-17800.108
462	8	1000	968	0.5048	0.271	0.250	0.318	0.286	0.346	0.291	0.337	0.227	0.271	0.289	0.248	0.296	0.323	0.311	1.872	0.405	0.234	0.162	-17645.011
463	8	1000	975	0.5237	0.275	0.262	0.298	0.364	0.319	0.314	0.322	0.250	0.307	0.291	0.290	0.321	0.282	0.298	2.014	0.522	0.267	0.183	-17852.792
464	8	1000	980	0.5119	0.279	0.263	0.295	0.322	0.317	0.307	0.273	0.303	0.273	0.307	0.297	0.338	0.299	0.306	1.936	0.506	0.306	0.202	-17982.838
465	8	1000	976	0.5260	0.259	0.269	0.293	0.301	0.280	0.323	0.274	0.273	0.304	0.256	0.333	0.281	0.246	0.295	1.888	0.466	0.260	0.206	-17684.504
466	8	1000	969	0.5267	0.248	0.315	0.307	0.312	0.304	0.318	0.284	0.251	0.311	0.335	0.304	0.284	0.291	0.310	2.007	0.476	0.253	0.182	-17877.368
467	8	1000	971	0.5154	0.225	0.318	0.296	0.305	0.289	0.300	0.322	0.229	0.321	0.293	0.266	0.345	0.261	0.302	2.095	0.495	0.327	0.187	-17743.117
468	8	1000	975	0.5046	0.254	0.261	0.297	0.294	0.325	0.290	0.258	0.285	0.340	0.276	0.283	0.256	0.315	0.296	2.050	0.523	0.321	0.191	-17642.564
469	8	1000	980	0.5116	0.284	0.310	0.324	0.321	0.326	0.335	0.252	0.308	0.292	0.323	0.318	0.331	0.337	0.314	2.094	0.517	0.305	0.178	-18153.553
470	8	1000	975	0.5091	0.238	0.291	0.321	0.302	0.333	0.322	0.273	0.276	0.283	0.253	0.314	0.313	0.255	0.263	2.106	0.497	0.254	0.189	-17524.451
471	8	1000	970	0.5308	0.274	0.237	0.316	0.310	0.287	0.279	0.309	0.294	0.304	0.306	0.289	0.258	0.302	0.273	1.881	0.517	0.275	0.205	-17741.416
472	8	1000	971	0.5195	0.341	0.295	0.291	0.299	0.264	0.288	0.315	0.271	0.273	0.276	0.320	0.359	0.298	0.340	1.964	0.542	0.290	0.176	-17820.595
473	8	1000	980	0.4981	0.304	0.313	0.311	0.322	0.252	0.305	0.317	0.276	0.305	0.345	0.312	0.296	0.305	0.341	2.043	0.547	0.250	0.206	-18049.797
474	8	1000	982	0.5162	0.298	0.342	0.253	0.314	0.311	0.248	0.335	0.272	0.269	0.275	0.318	0.350	0.294	0.338	2.093	0.493	0.238	0.192	-17894.267
475	8	1000	979	0.5149	0.278	0.326	0.328	0.280	0.262	0.291	0.337	0.246	0.320	0.349	0.309	0.293	0.284	0.301	1.978	0.463	0.221	0.205	-18042.320
476	8	1000	977	0.5167	0.284	0.290	0.266	0.295	0.311	0.302	0.286	0.247	0.315	0.297	0.318	0.355	0.276	0.327	1.905	0.464	0.236	0.194	-17906.157
477	8	1000	983	0.5100	0.265	0.266	0.336	0.318	0.319	0.265	0.294	0.281	0.340	0.343	0.298	0.320	0.327	0.298	1.998	0.501	0.272	0.195	-18130.673
478	8	1000	981	0.5064	0.234	0.368	0.321	0.280	0.284	0.349	0.267	0.289	0.278	0.322	0.263	0.279	0.324	0.311	2.001	0.534	0.260	0.178	-17747.669
479	8	1000	974	0.5192	0.315	0.316	0.286	0.273	0.273	0.308	0.264	0.249	0.279	0.308	0.345	0.319	0.255	0.278	2.007	0.502	0.268	0.197	-17696.180
480	8	1000	972	0.5192	0.297	0.274	0.305	0.314	0.289	0.299	0.319	0.294	0.335	0.304	0.301	0.274	0.303	0.264	2.163	0.548	0.283	0.175	-17715.517
481	8	1000	974	0.5161	0.270	0.313	0.330	0.298	0.373	0.301	0.253	0.287	0.341	0.289	0.272	0.249	0.356	0.316	1.979	0.484	0.265	0.207	-18041.473
482	8	1000	977	0.5052	0.308	0.294	0.301	0.315	0.276	0.292	0.308	0.257	0.319	0.330	0.293	0.342	0.293	0.272	1.915	0.527	0.247	0.197	-17871.018
483	8	1000	971	0.5249	0.334	0.329	0.293	0.300	0.286	0.304	0.316	0.320	0.270	0.305	0.249	0.357	0.287	0.301	1.921	0.564	0.295	0.194	-17913.170
484	8	1000	980	0.5170	0.232	0.323	0.299	0.319	0.316	0.308	0.306	0.314	0.322	0.312	0.300	0.303	0.271	0.327	2.063	0.505	0.251	0.187	-17937.681
485	8	1000	969	0.5074	0.288	0.308	0.267	0.264	0.309	0.266	0.273	0.260	0.291	0.287	0.301	0.256	0.243	0.293	1.902	0.521	0.208	0.199	-17299.491
486	8	1000	973	0.5080	0.251	0.264	0.316	0.281	0.351	0.316	0.311	0.277	0.295	0.291	0.307	0.310	0.298	0.315	1.938	0.447	0.255	0.187	-17946.171
487	8	1000	974	0.5176	0.282	0.321	0.257	0.275	0.331	0.308	0.284	0.273	0.271	0.279	0.323	0.364	0.275	0.308	1.979	0.557	0.266	0.199	-17802.130
488	8	1000	974	0.5179	0.300	0.328	0.340	0.276	0.317	0.342	0.288	0.248	0.298	0.282	0.299	0.362	0.323	0.333	1.981	0.517	0.291	0.171	-18138.202
489	8	1000	975	0.4995	0.312	0.291	0.299	0.312	0.237	0.291	0.320	0.308	0.320	0.277	0.257	0.282	0.307	0.298	2.208	0.521	0.256	0.194	-17570.195
490	8	1000	978	0.5212	0.268	0.313	0.284	0.320	0.283	0.317	0.269	0.289	0.298	0.323	0.299	0.343	0.262	0.283	1.929	0.508	0.255	0.195	-17869.767
491	8	1000	973	0.5069	0.300	0.309	0.275	0.318	0.314	0.265	0.305	0.221	0.311	0.311	0.303	0.292	0.293	0.302	1.943	0.491	0.277	0.187	-17819.971
492	8	1000	976	0.5268	0.260	0.281	0.300	0.302	0.259	0.271	0.289	0.268	0.290	0.299	0.332	0.280	0.312	0.327	1.946	0.526	0.278	0.186	-17702.042
493	8	1000	976	0.5106	0.270	0.303	0.287	0.293	0.286	0.251	0.320	0.276	0.294	0.281	0.320	0.308	0.318	0.309	1.859	0.463	0.226	0.210	-17861.242
494	8	1000	977	0.5087	0.254	0.328	0.315	0.321	0.253	0.306	0.321	0.325	0.345	0.309	0.322	0.229	0.329	0.340	2.028	0.567	0.281	0.192	-18052.113
495	8	1000	972	0.5092	0.324	0.339	0.262	0.308	0.312	0.317	0.270	0.290	0.277	0.311	0.272	0.377	0.294	0.345	2.028	0.457	0.233	0.195	-18036.217
496	8	1000	969	0.5048	0.246	0.256	0.302	0.316	0.346	0.287	0.326	0.228	0.328	0.308	0.318	0.294	0.267	0.341	2.098	0.431	0.257	0.193	-17858.116
497	8	1000	983	0.4984	0.232	0.340	0.315	0.331	0.278	0.286	0.239	0.326	0.308	0.288	0.351	0.305	0.284	0.305	1.933	0.392	0.239	0.202	-18091.520
498	8	1000	972	0.5101	0.229	0.345	0.285	0.281	0.254	0.308	0.302	0.259	0.272	0.285	0.334	0.281	0.296	0.324	2.034	0.579	0.267	0.204	-17630.457
499	8	1000	983	0.5096	0.298	0.342	0.291	0.270	0.310	0.298	0.260	0.281	0.322	0.293	0.318	0.339	0.318	0.282	1.949	0.484	0.261	0.200	-17942.172
500	8	1000	981	0.5192	0.261	0.293	0.280	0.300	0.260	0.285	0.284	0.279	0.257	0.273	0.327	0.311	0.301	0.279	1.936	0.568	0.249	0.219	-17677.763
501	8	1000	979	0.5186	0.296	0.286	0.317	0.319	0.300	0.270	0.288	0.251	0.321	0.334	0.285	0.311	0.284	0.299	2.024	0.394	0.214	0.183	-17868.137
502	8	1000	978	0.5176	0.330	0.290	0.249	0.351	0.355	0.258	0.297	0.275	0.303	0.259	0.312	0.322	0.345	0.300	2.043	0.484	0.260	0.193	-17984.209
503	8	1000	975	0.5143	0.285	0.328	0.346	0.298	0.319	0.288	0.298	0.275	0.283	0.287	0.331	0.327	0.302	0.280	1.977	0.451	0.236	0.167	-17866.216
504	8	1000	983	0.5110	0.280	0.317	0.327	0.290	0.312	0.321	0.303	0.308	0.300	0.331	0.317	0.295	0.362	0.250	2.156	0.489	0.223	0.200	-18133.571
505	8	1000	977	0.5089	0.235	0.291	0.277	0.305	0.300	0.314	0.284	0.261	0.366	0.340	0.273	0.251	0.278	0.338	2.080	0.525	0.251	0.199	-17719.717
506	8	1000	982	0.5159	0.301	0.274	0.289	0.280	0.269	0.270	0.326	0.293	0.319	0.263	0.305	0.267	0.282	0.291	1.958	0.516	0.261	0.189	-17673.079
507	8	1000	978	0.5227	0.262	0.292	0.327	0.282	0.309	0.317	0.290	0.285	0.263	0.306	0.287	0.325	0.277	0.311	1.884	0.523	0.241	0.188	-17772.645
508	8	1000	967	0.5190	0.276	0.346	0.292	0.326	0.323	0.308	0.319	0.269	0.264	0.314	0.308	0.319	0.319	0.284	1.997	0.531	0.302	0.176	-17991.268
509	8	1000	988	0.5053	0.345	0.338	0.301	0.306	0.290	0.352	0.269	0.267	0.273	0.319	0.313	0.299	0.353	0.317	2.009	0.485	0.293	0.196	-18267.991
510	8	1000	981	0.5168	0.321	0.279	0.307	0.294	0.270	0.280	0.291	0.285	0.274	0.274	0.329	0.317	0.291	0.304	1.892	0.575	0.263	0.211	-17782.850
511	8	1000	979	0.5114	0.294	0.328	0.298	0.292	0.277	0.319	0.334	0.282	0.284	0.296	0.277	0.284	0.327	0.327	1.854	0.495	0.252	0.191	-17955.322
512	8	1000	985	0.5128	0.307	0.357	0.327	0.264	0.296	0.300	0.340	0.294	0.254	0.303	0.299	0.289	0.283	0.337	2.003	0.436	0.206	0.195	-18028.991
513	8	1000	977	0.5192	0.245	0.281	0.273	0.302	0.336	0.270	0.337	0.268	0.293	0.308	0.341	0.337	0.318	0.319	1.957	0.463	0.300	0.191	-18111.408
514	8	1000	975	0.5129	0.307	0.319	0.293	0.278	0.271	0.305	0.321	0.313	0.285	0.280	0.313	0.311	0.341	0.259	2.020	0.471	0.262	0.193	-17909.155
515	8	1000	974	0.5125	0.257	0.310	0.298	0.312	0.260	0.254	0.302	0.263	0.324	0.302	0.299	0.300	0.337	0.321	1.986	0.514	0.280	0.208	-17887.910
516	8	1000	982	0.5164	0.296	0.291	0.280	0.301	0.306	0.319	0.307	0.240	0.336	0.316	0.336	0.276	0.293	0.353	1.857	0.527	0.297	0.207	-18221.844
517	8	1000	980	0.5168	0.247	0.319	0.300	0.299	0.292	0.291	0.291	0.238	0.279	0.290	0.288	0.293	0.286	0.270	2.116	0.472	0.207	0.213	-17598.487
518	8	1000	976	0.5224	0.272	0.281	0.297	0.264	0.294	0.297	0.268	0.266	0.320	0.297	0.308	0.347	0.295	0.291	1.971	0.477	0.245	0.172	-17623.536
519	8	1000	968	0.4975	0.295	0.312	0.299	0.318	0.247	0.322	0.310	0.283	0.315	0.277	0.277	0.282	0.284	0.277	2.000	0.494	0.221	0.181	-17559.641
520	8	1000	975	0.5054	0.328	0.310	0.310	0.303	0.316	0.343	0.300	0.271	0.288	0.296	0.319	0.277	0.317	0.308	2.002	0.528	0.248	0.191	-17979.699
521	8	1000	982	0.5086	0.275	0.298	0.305	0.328	0.328	0.276	0.282	0.255	0.249	0.299	0.287	0.314	0.283	0.319	1.872	0.460	0.236	0.201	-17797.381
522	8	1000	980	0.5077	0.261	0.270	0.302	0.299	0.355	0.304	0.286	0.296	0.324	0.335	0.280	0.279	0.287	0.291	1.910	0.430	0.208	0.203	-17908.554
523	8	1000	981	0.5262	0.325	0.247	0.325	0.291	0.327	0.299	0.319	0.279	0.306	0.286	0.286	0.314	0.298	0.304	2.078	0.454	0.235	0.204	-17959.685
524	8	1000	982	0.5190	0.267	0.320	0.325	0.253	0.354	0.301	0.329	0.281	0.282	0.312	0.277	0.292	0.322	0.291	2.127	0.578	0.282	0.222	-17992.630
525	8	1000	973	0.5272	0.331	0.280	0.313	0.272	0.290	0.292	0.259	0.244	0.323	0.291	0.308	0.326	0.327	0.312	1.931	0.515	0.252	0.199	-17903.270
526	8	1000	984	0.5092	0.263	0.301	0.308	0.301	0.308	0.292	0.336	0.280	0.298	0.358	0.331	0.300	0.314	0.307	1.880	0.495	0.283	0.197	-18249.001
527	8	1000	965	0.5176	0.260	0.280	0.314	0.285	0.328	0.282	0.293	0.260	0.290	0.323	0.289	0.256	0.277	0.316	1.826	0.507	0.229	0.195	-17621.397
528	8	1000	977	0.5042	0.321	0.269	0.292	0.260	0.261	0.317	0.299	0.271	0.323	0.319	0.286	0.245	0.297	0.327	2.012	0.465	0.248	0.187	-17731.506
529	8	1000	978	0.5150	0.315	0.325	0.265	0.297	0.282	0.282	0.318	0.299	0.298	0.313	0.310	0.312	0.323	0.296	1.917	0.509	0.239	0.201	-17975.567
530	8	1000	977	0.5225	0.306	0.346	0.323	0.313	0.305	0.315	0.270	0.263	0.290	0.313	0.280	0.294	0.284	0.328	2.136	0.483	0.281	0.184	-17926.979
531	8	1000	974	0.5230	0.258	0.333	0.316	0.277	0.294	0.271	0.282	0.225	0.308	0.301	0.299	0.285	0.258	0.305	2.025	0.488	0.251	0.179	-17557.364
532	8	1000	967	0.5060	0.294	0.301	0.281	0.300	0.330	0.291	0.319	0.337	0.299	0.305	0.275	0.292	0.303	0.265	1.957	0.455	0.250	0.191	-17877.769
533	8	1000	979	0.5291	0.280	0.279	0.296	0.276	0.298	0.295	0.290	0.253	0.296	0.278	0.265	0.264	0.314	0.281	1.912	0.560	0.270	0.192	-17520.170
534	8	1000	975	0.5147	0.297	0.265	0.360	0.272	0.308	0.322	0.338	0.276	0.270	0.302	0.329	0.320	0.288	0.284	2.031	0.459	0.273	0.180	-18027.408
535	8	1000	976	0.5073	0.245	0.262	0.294	0.315	0.269	0.311	0.319	0.323	0.323	0.289	0.304	0.281	0.304	0.289	2.094	0.551	0.330	0.199	-17839.550
536	8	1000	980	0.5132	0.289	0.317	0.318	0.298	0.284	0.328	0.312	0.280	0.285	0.314	0.322	0.336	0.300	0.295	1.896	0.506	0.288	0.183	-18152.603
537	8	1000	975	0.5111	0.276	0.286	0.321	0.293	0.318	0.303	0.279	0.292	0.277	0.299	0.324	0.298	0.350	0.272	1.983	0.551	0.296	0.198	-17937.418
538	8	1000	977	0.5030	0.256	0.354	0.328	0.277	0.252	0.299	0.286	0.256	0.283	0.272	0.327	0.316	0.296	0.286	1.974	0.471	0.260	0.193	-17845.493
539	8	1000	972	0.5082	0.274	0.303	0.299	0.319	0.325	0.222	0.318	0.298	0.319	0.314	0.339	0.325	0.281	0.285	1.926	0.511	0.251	0.178	-17806.527
540	8	1000	981	0.5120	0.270	0.301	0.319	0.306	0.367	0.283	0.275	0.299	0.296	0.296	0.287	0.286	0.306	0.298	1.927	0.477	0.274	0.204	-18050.557
541	8	1000	980	0.5200	0.243	0.281	0.279	0.305	0.290	0.319	0.291	0.274	0.291	0.325	0.263	0.263	0.294	0.290	1.992	0.539	0.266	0.178	-17529.401
542	8	1000	977	0.5143	0.318	0.316	0.296	0.263	0.307	0.316	0.289	0.224	0.317	0.304	0.297	0.328	0.272	0.302	1.987	0.446	0.208	0.173	-17686.481
543	8	1000	981	0.5123	0.240	0.269	0.293	0.274	0.319	0.290	0.287	0.294	0.317	0.283	0.304	0.259	0.297	0.248	2.002	0.497	0.272	0.191	-17539.597
544	8	1000	982	0.5092	0.276	0.301	0.307	0.303	0.339	0.319	0.310	0.294	0.281	0.277	0.309	0.287	0.300	0.319	2.039	0.516	0.253	0.215	-18102.900
545	8	1000	975	0.5089	0.233	0.314	0.294	0.339	0.302	0.296	0.238	0.264	0.225	0.291	0.283	0.312	0.336	0.310	2.016	0.454	0.198	0.183	-17527.629
546	8	1000	977	0.5100	0.302	0.265	0.293	0.315	0.289	0.279	0.331	0.249	0.346	0.296	0.319	0.261	0.313	0.296	2.059	0.532	0.263	0.187	-17733.717
547	8	1000	980	0.5122	0.299	0.252	0.288	0.264	0.260	0.316	0.280	0.247	0.269	0.304	0.347	0.288	0.321	0.309	1.981	0.505	0.301	0.210	-17804.661
548	8	1000	980	0.5103	0.255	0.273	0.290	0.292	0.338	0.304	0.290	0.297	0.278	0.322	0.287	0.290	0.291	0.350	2.044	0.544	0.283	0.207	-17840.470
549	8	1000	975	0.5058	0.242	0.335	0.297	0.267	0.269	0.321	0.308	0.277	0.306	0.321	0.320	0.350	0.300	0.294	2.025	0.538	0.265	0.209	-17924.725
550	8	1000	980	0.5194	0.279	0.281	0.291	0.344	0.277	0.312	0.295	0.274	0.314	0.335	0.278	0.332	0.283	0.290	1.911	0.484	0.243	0.199	-17941.825
551	8	1000	970	0.5110	0.217	0.310	0.314	0.325	0.304	0.292	0.263	0.259	0.290	0.297	0.309	0.279	0.272	0.267	2.071	0.446	0.247	0.185	-17592.391
552	8	1000	978	0.5103	0.226	0.303	0.283	0.283	0.305	0.275	0.330	0.286	0.303	0.285	0.304	0.304	0.293	0.332	1.984	0.501	0.229	0.183	-17661.117
553	8	1000	973	0.5086	0.242	0.295	0.308	0.281	0.272	0.334	0.295	0.248	0.290	0.290	0.285	0.310	0.266	0.311	2.015	0.480	0.275	0.202	-17696.477
554	8	1000	968	0.5180	0.349	0.299	0.293	0.287	0.280	0.274	0.283	0.263	0.269	0.316	0.279	0.306	0.312	0.318	2.054	0.535	0.269	0.177	-17575.238
555	8	1000	972	0.5212	0.271	0.291	0.271	0.277	0.298	0.304	0.338	0.328	0.310	0.302	0.298	0.295	0.285	0.318	1.912	0.523	0.309	0.185	-17887.356
556	8	1000	974	0.5260	0.241	0.295	0.290	0.304	0.283	0.330	0.334	0.273	0.317	0.253	0.331	0.281	0.309	0.285	1.868	0.542	0.252	0.194	-17806.723
557	8	1000	981	0.5059	0.312	0.314	0.282	0.298	0.326	0.286	0.323	0.224	0.303	0.317	0.333	0.263	0.296	0.281	1.827	0.449	0.263	0.181	-17917.518
558	8	1000	981	0.5157	0.249	0.258	0.267	0.320	0.300	0.286	0.268	0.232	0.272	0.297	0.319	0.340	0.321	0.290	2.037	0.514	0.198	0.207	-17612.342
559	8	1000	990	0.5218	0.326	0.228	0.257	0.342	0.294	0.315	0.304	0.255	0.322	0.289	0.280	0.327	0.321	0.268	1.947	0.566	0.300	0.211	-17897.771
560	8	1000	973	0.5083	0.284	0.271	0.309	0.264	0.305	0.278	0.285	0.297	0.279	0.292	0.315	0.298	0.239	0.315	2.059	0.495	0.212	0.213	-17621.276
561	8	1000	980	0.5173	0.248	0.266	0.259	0.311	0.309	0.339	0.236	0.319	0.310	0.291	0.303	0.325	0.287	0.282	1.948	0.539	0.268	0.200	-17716.882
562	8	1000	972	0.5130	0.254	0.373	0.267	0.288	0.248	0.293	0.315	0.263	0.309	0.301	0.308	0.340	0.314	0.308	1.920	0.459	0.265	0.184	-17993.478
563	8	1000	983	0.5247	0.280	0.290	0.290	0.311	0.369	0.305	0.313	0.262	0.340	0.297	0.350	0.286	0.356	0.304	1.960	0.479	0.234	0.195	-18241.014
564	8	1000	974	0.5110	0.290	0.307	0.310	0.252	0.291	0.307	0.262	0.287	0.296	0.282	0.313	0.289	0.316	0.291	1.996	0.513	0.258	0.176	-17608.710
565	8	1000	982	0.5184	0.302	0.294	0.302	0.310	0.329	0.287	0.296	0.236	0.338	0.274	0.304	0.259	0.301	0.304	1.890	0.454	0.229	0.196	-17907.704
566	8	1000	982	0.5125	0.296	0.318	0.298	0.277	0.278	0.331	0.287	0.289	0.270	0.315	0.279	0.317	0.288	0.301	1.830	0.494	0.231	0.204	-17887.735
567	8	1000	978	0.5088	0.309	0.318	0.274	0.298	0.305	0.280	0.315	0.238	0.339	0.308	0.283	0.311	0.292	0.280	2.067	0.532	0.272	0.203	-17777.655
568	8	1000	975	0.5095	0.261	0.302	0.295	0.320	0.275	0.294	0.325	0.266	0.319	0.298	0.322	0.281	0.283	0.263	1.958	0.548	0.259	0.209	-17813.324
569	8	1000	976	0.5214	0.298	0.309	0.286	0.316	0.328	0.285	0.270	0.206	0.299	0.268	0.283	0.299	0.292	0.272	1.860	0.512	0.259	0.198	-17615.246
570	8	1000	974	0.5175	0.245	0.286	0.323	0.319	0.270	0.292	0.297	0.304	0.283	0.255	0.303	0.297	0.292	0.292	1.934	0.522	0.260	0.178	-17649.363
571	8	1000	977	0.5148	0.285	0.337	0.334	0.298	0.278	0.277	0.360	0.248	0.295	0.275	0.298	0.327	0.333	0.291	2.008	0.543	0.303	0.204	-18141.528
572	8	1000	960	0.5238	0.271	0.310	0.291	0.287	0.285	0.292	0.327	0.304	0.257	0.289	0.269	0.286	0.324	0.290	1.880	0.482	0.245	0.186	-17735.328
573	8	1000	986	0.5212	0.280	0.327	0.303	0.341	0.248	0.329	0.328	0.232	0.305	0.350	0.292	0.343	0.260	0.283	2.071	0.556	0.253	0.190	-17847.589
574	8	1000	974	0.5195	0.272	0.290	0.305	0.348	0.282	0.300	0.315	0.316	0.309	0.301	0.297	0.307	0.306	0.340	2.103	0.505	0.255	0.200	-18038.715
575	8	1000	977	0.5018	0.306	0.300	0.292	0.294	0.305	0.349	0.322	0.220	0.281	0.346	0.330	0.276	0.364	0.310	1.913	0.536	0.343	0.196	-18256.209
576	8	1000	970	0.5158	0.245	0.242	0.271	0.270	0.314	0.302	0.324	0.265	0.304	0.277	0.286	0.283	0.310	0.281	2.010	0.564	0.265	0.191	-17431.632
577	8	1000	974	0.5175	0.304	0.283	0.298	0.295	0.303	0.301	0.250	0.238	0.287	0.316	0.283	0.335	0.300	0.340	1.936	0.421	0.223	0.179	-17872.657
578	8	1000	973	0.5084	0.262	0.300	0.335	0.333	0.351	0.301	0.365	0.280	0.288	0.313	0.287	0.316	0.294	0.303	1.881	0.499	0.261	0.193	-18228.179
579	8	1000	977	0.5124	0.339	0.322	0.315	0.273	0.268	0.330	0.303	0.262	0.258	0.314	0.329	0.313	0.292	0.301	1.989	0.476	0.259	0.202	-18069.566
580	8	1000	973	0.5148	0.301	0.302	0.325	0.302	0.223	0.319	0.318	0.262	0.289	0.316	0.299	0.287	0.295	0.255	1.996	0.506	0.269	0.174	-17613.201
581	8	1000	977	0.5085	0.268	0.298	0.296	0.286	0.223	0.323	0.316	0.286	0.322	0.330	0.288	0.274	0.306	0.284	2.065	0.454	0.238	0.192	-17786.173
582	8	1000	984	0.5203	0.243	0.311	0.317	0.294	0.310	0.326	0.323	0.298	0.245	0.335	0.307	0.368	0.288	0.303	2.080	0.496	0.253	0.191	-18045.377
583	8	1000	980	0.5065	0.321	0.295	0.338	0.329	0.269	0.338	0.294	0.251	0.321	0.308	0.308	0.256	0.316	0.295	1.991	0.540	0.250	0.194	-17930.796
584	8	1000	980	0.5241	0.296	0.272	0.322	0.329	0.334	0.294	0.293	0.222	0.260	0.300	0.290	0.304	0.263	0.290	2.021	0.487	0.299	0.205	-17805.690
585	8	1000	980	0.5269	0.328	0.288	0.290	0.296	0.259	0.320	0.330	0.274	0.332	0.278	0.297	0.293	0.325	0.291	1.915	0.546	0.257	0.204	-17920.144
586	8	1000	982	0.5249	0.255	0.290	0.298	0.287	0.311	0.303	0.318	0.298	0.287	0.284	0.310	0.349	0.310	0.314	2.036	0.434	0.243	0.193	-18022.288
587	8	1000	983	0.5191	0.261	0.304	0.319	0.278	0.349	0.259	0.327	0.271	0.212	0.283	0.313	0.355	0.350	0.285	1.877	0.409	0.235	0.196	-18031.656
588	8	1000	975	0.5039	0.256	0.291	0.345	0.244	0.311	0.334	0.277	0.280	0.295	0.275	0.315	0.265	0.305	0.271	1.975	0.494	0.260	0.195	-17680.462
589	8	1000	974	0.5128	0.280	0.334	0.340	0.295	0.293	0.308	0.293	0.254	0.339	0.336	0.274	0.258	0.330	0.274	2.018	0.493	0.255	0.180	-17840.733
590	8	1000	979	0.5202	0.273	0.309	0.336	0.264	0.340	0.328	0.309	0.278	0.297	0.300	0.308	0.307	0.264	0.321	2.131	0.535	0.286	0.209	-18007.164
591	8	1000	969	0.5180	0.296	0.275	0.265	0.288	0.305	0.318	0.291	0.268	0.356	0.291	0.274	0.254	0.279	0.313	2.067	0.525	0.277	0.195	-17692.704
592	8	1000	975	0.5109	0.318	0.293	0.298	0.293	0.291	0.307	0.267	0.268	0.357	0.327	0.274	0.271	0.292	0.297	1.881	0.517	0.281	0.193	-17865.061
593	8	1000	974	0.5227	0.324	0.264	0.296	0.269	0.264	0.334	0.289	0.279	0.251	0.319	0.326	0.270	0.302	0.295	2.025	0.514	0.258	0.213	-17763.817
594	8	1000	978	0.5117	0.256	0.307	0.345	0.303	0.347	0.251	0.340	0.314	0.244	0.321	0.314	0.318	0.313	0.299	1.894	0.516	0.258	0.195	-18087.910
595	8	1000	972	0.5093	0.252	0.273	0.264	0.261	0.286	0.250	0.283	0.276	0.256	0.289	0.307	0.324	0.271	0.295	1.952	0.543	0.244	0.186	-17208.452
596	8	1000	974	0.5185	0.286	0.339	0.345	0.335	0.297	0.274	0.279	0.249	0.274	0.298	0.353	0.326	0.256	0.296	2.038	0.448	0.245	0.187	-17925.010
597	8	1000	983	0.5074	0.275	0.315	0.306	0.292	0.354	0.295	0.319	0.285	0.274	0.310	0.285	0.304	0.260	0.303	2.016	0.442	0.204	0.199	-17836.939
598	8	1000	979	0.5050	0.259	0.336	0.306	0.296	0.306	0.300	0.307	0.237	0.312	0.285	0.355	0.278	0.318	0.269	2.019	0.554	0.285	0.190	-17823.909
599	8	1000	981	0.5220	0.310	0.300	0.325	0.288	0.303	0.291	0.285	0.261	0.320	0.297	0.304	0.355	0.269	0.280	1.995	0.500	0.281	0.185	-17843.171
600	8	1000	967	0.5105	0.306	0.248	0.324	0.287	0.309	0.287	0.300	0.250	0.308	0.283	0.278	0.315	0.306	0.319	2.090	0.488	0.245	0.193	-17669.752
601	8	1000	973	0.5197	0.291	0.229	0.317	0.311	0.335	0.278	0.306	0.273	0.303	0.329	0.254	0.262	0.310	0.298	1.909	0.521	0.283	0.183	-17751.251
602	8	1000	981	0.5169	0.282	0.256	0.292	0.270	0.291	0.330	0.311	0.258	0.309	0.307	0.237	0.264	0.288	0.312	2.063	0.508	0.277	0.205	-17582.837
603	8	1000	970	0.5109	0.277	0.290	0.280	0.323	0.275	0.332	0.277	0.282	0.265	0.335	0.291	0.333	0.345	0.298	1.999	0.490	0.292	0.171	-17862.963
604	8	1000	978	0.5130	0.235	0.399	0.303	0.312	0.276	0.318	0.295	0.298	0.269	0.333	0.283	0.314	0.319	0.321	1.893	0.531	0.245	0.217	-18240.852
605	8	1000	977	0.5111	0.274	0.321	0.322	0.333	0.310	0.286	0.332	0.287	0.287	0.304	0.300	0.328	0.296	0.301	2.019	0.420	0.255	0.180	-18167.474
606	8	1000	978	0.5190	0.282	0.295	0.321	0.272	0.352	0.282	0.274	0.263	0.319	0.312	0.271	0.326	0.304	0.267	1.935	0.528	0.247	0.187	-17730.137
607	8	1000	984	0.5138	0.268	0.275	0.329	0.306	0.317	0.278	0.333	0.291	0.340	0.270	0.329	0.301	0.258	0.314	1.802	0.461	0.209	0.200	-18021.224
608	8	1000	982	0.5214	0.298	0.278	0.247	0.315	0.295	0.295	0.296	0.218	0.257	0.307	0.310	0.329	0.301	0.290	2.048	0.454	0.235	0.200	-17722.345
609	8	1000	983	0.5137	0.269	0.281	0.295	0.346	0.277	0.351	0.311	0.311	0.289	0.327	0.291	0.378	0.315	0.273	1.886	0.505	0.309	0.213	-18378.999
610	8	1000	981	0.5103	0.297	0.291	0.287	0.306	0.295	0.280	0.292	0.307	0.323	0.331	0.296	0.326	0.298	0.311	1.914	0.471	0.278	0.180	-18043.734
611	8	1000	980	0.5098	0.262	0.262	0.318	0.270	0.339	0.296	0.287	0.273	0.251	0.273	0.343	0.326	0.327	0.308	1.926	0.513	0.228	0.187	-17792.185
612	8	1000	963	0.5036	0.319	0.301	0.332	0.297	0.313	0.271	0.302	0.300	0.286	0.293	0.290	0.271	0.248	0.300	1.841	0.498	0.266	0.157	-17540.328
613	8	1000	975	0.5203	0.264	0.323	0.303	0.290	0.283	0.321	0.293	0.238	0.285	0.250	0.339	0.327	0.314	0.271	2.012	0.495	0.263	0.186	-17699.633
614	8	1000	976	0.5009	0.329	0.277	0.274	0.326	0.313	0.302	0.293	0.267	0.323	0.297	0.287	0.323	0.260	0.319	1.879	0.491	0.234	0.184	-17801.729
615	8	1000	977	0.5205	0.257	0.329	0.313	0.297	0.327	0.264	0.279	0.251	0.329	0.308	0.325	0.298	0.278	0.299	2.046	0.469	0.250	0.186	-17810.742
616	8	1000	974	0.4999	0.298	0.282	0.295	0.273	0.265	0.301	0.271	0.265	0.330	0.277	0.376	0.272	0.316	0.303	1.963	0.600	0.298	0.197	-17657.453
617	8	1000	980	0.5202	0.267	0.289	0.318	0.331	0.291	0.279	0.306	0.259	0.295	0.316	0.341	0.364	0.280	0.313	1.923	0.442	0.242	0.186	-18072.428
618	8	1000	976	0.5197	0.311	0.238	0.295	0.341	0.345	0.300	0.294	0.259	0.249	0.295	0.299	0.290	0.281	0.278	1.927	0.536	0.237	0.203	-17726.113
619	8	1000	970	0.5080	0.271	0.274	0.266	0.298	0.261	0.342	0.281	0.232	0.333	0.288	0.295	0.264	0.281	0.290	1.924	0.489	0.245	0.199	-17528.251
620	8	1000	977	0.5030	0.210	0.305	0.308	0.307	0.317	0.313	0.304	0.253	0.266	0.322	0.285	0.346	0.266	0.307	2.003	0.505	0.242	0.194	-17784.724
621	8	1000	977	0.5034	0.267	0.245	0.292	0.281	0.322	0.306	0.270	0.252	0.348	0.305	0.243	0.261	0.311	0.317	1.936	0.508	0.259	0.181	-17577.311
622	8	1000	980	0.5109	0.299	0.330	0.322	0.296	0.242	0.274	0.347	0.255	0.294	0.278	0.312	0.328	0.281	0.294	2.049	0.511	0.237	0.221	-17884.235
623	8	1000	980	0.5076	0.275	0.299	0.306	0.305	0.251	0.308	0.337	0.289	0.323	0.282	0.290	0.290	0.341	0.305	1.950	0.533	0.263	0.208	-18032.875
624	8	1000	988	0.5091	0.319	0.352	0.304	0.305	0.300	0.313	0.279	0.250	0.296	0.342	0.287	0.301	0.339	0.266	2.029	0.515	0.232	0.191	-17891.078
625	8	1000	980	0.5139	0.294	0.302	0.334	0.310	0.332	0.287	0.306	0.252	0.330	0.325	0.323	0.275	0.297	0.324	1.954	0.566	0.253	0.218	-18155.951
626	8	1000	982	0.5148	0.233	0.304	0.355	0.300	0.308	0.310	0.285	0.249	0.263	0.277	0.348	0.343	0.312	0.271	2.066	0.420	0.251	0.185	-17956.897
627	8	1000	987	0.5209	0.328	0.292	0.307	0.291	0.298	0.274	0.276	0.285	0.268	0.314	0.304	0.301	0.286	0.286	1.976	0.537	0.278	0.216	-17860.576
628	8	1000	983	0.5110	0.255	0.313	0.317	0.304	0.296	0.283	0.270	0.273	0.313	0.290	0.333	0.218	0.310	0.337	2.017	0.506	0.247	0.182	-17739.788
629	8	1000	975	0.5103	0.352	0.302	0.302	0.298	0.269	0.281	0.302	0.347	0.296	0.318	0.296	0.252	0.302	0.276	2.005	0.516	0.266	0.192	-17814.436
630	8	1000	971	0.5130	0.197	0.284	0.285	0.316	0.259	0.297	0.314	0.270	0.287	0.321	0.311	0.295	0.260	0.314	1.979	0.465	0.222	0.206	-17700.504
631	8	1000	975	0.5283	0.279	0.256	0.276	0.314	0.282	0.297	0.312	0.304	0.339	0.290	0.325	0.261	0.318	0.275	1.962	0.537	0.281	0.178	-17699.851
632	8	1000	977	0.5127	0.274	0.320	0.309	0.312	0.286	0.325	0.319	0.252	0.294	0.328	0.320	0.308	0.257	0.310	1.971	0.468	0.254	0.206	-18060.628
633	8	1000	974	0.5137	0.302	0.351	0.281	0.276	0.338	0.266	0.277	0.242	0.296	0.308	0.309	0.309	0.262	0.281	1.938	0.544	0.278	0.193	-17593.367
634	8	1000	973	0.5105	0.252	0.314	0.291	0.283	0.330	0.279	0.331	0.252	0.263	0.314	0.289	0.266	0.291	0.284	1.922	0.502	0.248	0.191	-17623.134
635	8	1000	975	0.5084	0.294	0.315	0.307	0.318	0.363	0.263	0.275	0.275	0.298	0.334	0.327	0.341	0.305	0.256	2.077	0.544	0.274	0.208	-17987.595
636	8	1000	968	0.5162	0.276	0.345	0.339	0.277	0.312	0.282	0.312	0.245	0.274	0.305	0.266	0.297	0.345	0.265	2.010	0.545	0.254	0.191	-17768.428
637	8	1000	974	0.5205	0.225	0.275	0.291	0.296	0.326	0.309	0.298	0.287	0.283	0.291	0.287	0.333	0.312	0.306	1.972	0.526	0.320	0.162	-17773.392
638	8	1000	981	0.5154	0.317	0.221	0.277	0.279	0.327	0.290	0.346	0.283	0.321	0.294	0.305	0.304	0.263	0.329	2.100	0.521	0.264	0.184	-17628.752
639	8	1000	984	0.5245	0.235	0.300	0.303	0.285	0.256	0.300	0.311	0.235	0.308	0.298	0.266	0.255	0.292	0.257	2.062	0.513	0.249	0.203	-17435.388
640	8	1000	978	0.5086	0.264	0.273	0.323	0.289	0.306	0.312	0.268	0.300	0.295	0.350	0.310	0.310	0.332	0.325	2.028	0.498	0.281	0.187	-17995.360
641	8	1000	981	0.5102	0.262	0.302	0.310	0.282	0.307	0.281	0.286	0.250	0.284	0.280	0.278	0.324	0.281	0.288	1.984	0.403	0.196	0.193	-17562.767
642	8	1000	964	0.5189	0.270	0.273	0.315	0.296	0.305	0.327	0.292	0.329	0.293	0.291	0.307	0.310	0.313	0.272	1.960	0.512	0.321	0.177	-17895.888
643	8	1000	972	0.5071	0.289	0.276	0.314	0.312	0.269	0.309	0.303	0.250	0.345	0.258	0.291	0.269	0.318	0.271	1.891	0.504	0.274	0.211	-17843.758
644	8	1000	975	0.5210	0.245	0.278	0.306	0.317	0.282	0.262	0.304	0.322	0.216	0.317	0.293	0.362	0.290	0.309	2.040	0.527	0.236	0.206	-17689.517
645	8	1000	975	0.5137	0.274	0.265	0.295	0.309	0.295	0.329	0.316	0.228	0.260	0.308	0.286	0.301	0.299	0.272	2.058	0.502	0.289	0.197	-17657.867
646	8	1000	986	0.5139	0.285	0.331	0.331	0.292	0.306	0.308	0.324	0.238	0.341	0.281	0.283	0.267	0.288	0.323	1.962	0.433	0.213	0.211	-18052.240
647	8	1000	976	0.5095	0.250	0.261	0.284	0.323	0.328	0.278	0.341	0.301	0.310	0.308	0.354	0.256	0.348	0.280	1.943	0.518	0.252	0.215	-18082.847
648	8	1000	984	0.5213	0.262	0.296	0.303	0.338	0.258	0.305	0.283	0.262	0.335	0.280	0.279	0.272	0.261	0.305	1.938	0.575	0.273	0.219	-17798.600
649	8	1000	984	0.5185	0.316	0.264	0.273	0.342	0.268	0.318	0.313	0.270	0.311	0.315	0.308	0.290	0.299	0.297	1.857	0.525	0.226	0.205	-17959.532
650	8	1000	969	0.5057	0.253	0.336	0.299	0.302	0.315	0.278	0.236	0.254	0.296	0.328	0.292	0.247	0.290	0.280	1.832	0.575	0.238	0.186	-17423.913
651	8	1000	973	0.5163	0.276	0.305	0.316	0.258	0.269	0.261	0.284	0.300	0.281	0.299	0.266	0.293	0.257	0.322	1.973	0.455	0.220	0.197	-17551.393
652	8	1000	983	0.5045	0.283	0.305	0.283	0.327	0.255	0.313	0.283	0.319	0.320	0.291	0.277	0.347	0.302	0.300	2.013	0.435	0.231	0.214	-18066.899
653	8	1000	984	0.5150	0.254	0.316	0.291	0.299	0.303	0.292	0.285	0.304	0.241	0.293	0.325	0.331	0.296	0.311	2.047	0.520	0.351	0.183	-17917.144
654	8	1000	978	0.5094	0.299	0.323	0.273	0.312	0.265	0.324	0.297	0.260	0.253	0.309	0.284	0.331	0.311	0.258	1.882	0.536	0.272	0.203	-17755.561
655	8	1000	972	0.5192	0.363	0.295	0.298	0.293	0.301	0.290	0.313	0.276	0.261	0.285	0.288	0.393	0.295	0.260	2.034	0.527	0.321	0.186	-17871.542
656	8	1000	968	0.5192	0.323	0.242	0.303	0.294	0.326	0.309	0.311	0.246	0.284	0.286	0.292	0.299	0.333	0.303	1.953	0.492	0.258	0.190	-17866.252
657	8	1000	975	0.5156	0.234	0.307	0.364	0.307	0.301	0.322	0.289	0.254	0.340	0.301	0.303	0.314	0.288	0.288	1.983	0.450	0.266	0.175	-17976.797
658	8	1000	961	0.5090	0.265	0.281	0.308	0.308	0.295	0.294	0.271	0.305	0.280	0.322	0.307	0.296	0.253	0.316	2.161	0.496	0.266	0.199	-17696.331
659	8	1000	978	0.5145	0.261	0.298	0.279	0.306	0.301	0.314	0.269	0.277	0.281	0.265	0.305	0.301	0.292	0.299	1.919	0.490	0.278	0.190	-17680.052
660	8	1000	960	0.5032	0.289	0.348	0.294	0.308	0.307	0.302	0.290	0.222	0.331	0.280	0.270	0.287	0.290	0.301	1.913	0.484	0.229	0.177	-17656.193
661	8	1000	986	0.5112	0.275	0.296	0.313	0.340	0.358	0.285	0.319	0.275	0.321	0.335	0.319	0.259	0.278	0.331	1.975	0.470	0.240	0.200	-18243.761
662	8	1000	976	0.5184	0.242	0.302	0.285	0.289	0.294	0.291	0.300	0.302	0.322	0.271	0.310	0.312	0.307	0.266	1.976	0.514	0.217	0.204	-17693.664
663	8	1000	973	0.5130	0.278	0.344	0.310	0.300	0.313	0.280	0.307	0.276	0.319	0.306	0.289	0.246	0.326	0.304	2.080	0.476	0.269	0.180	-17837.061
664	8	1000	974	0.5108	0.317	0.286	0.284	0.294	0.304	0.307	0.304	0.291	0.305	0.340	0.250	0.267	0.269	0.311	2.064	0.471	0.263	0.191	-17778.301
665	8	1000	979	0.5205	0.257	0.309	0.296	0.287	0.237	0.286	0.292	0.258	0.266	0.257	0.286	0.295	0.275	0.300	1.959	0.456	0.247	0.193	-17478.511
666	8	1000	971	0.5153	0.243	0.316	0.301	0.267	0.302	0.303	0.309	0.268	0.283	0.293	0.331	0.315	0.280	0.280	1.783	0.495	0.242	0.196	-17813.880
667	8	1000	973	0.5063	0.288	0.315	0.264	0.296	0.261	0.276	0.295	0.279	0.253	0.308	0.269	0.357	0.313	0.275	1.870	0.498	0.215	0.204	-17647.201
668	8	1000	974	0.5098	0.219	0.278	0.350	0.255	0.298	0.328	0.280	0.316	0.307	0.256	0.328	0.292	0.292	0.311	2.057	0.480	0.250	0.182	-17711.895
669	8	1000	970	0.5000	0.301	0.271	0.284	0.306	0.312	0.313	0.280	0.264	0.255	0.256	0.288	0.259	0.293	0.311	1.927	0.410	0.217	0.180	-17508.234
670	8	1000	987	0.5310	0.232	0.326	0.304	0.306	0.274	0.291	0.313	0.323	0.281	0.301	0.290	0.277	0.298	0.285	1.844	0.404	0.172	0.194	-17852.128
671	8	1000	974	0.5130	0.233	0.313	0.276	0.286	0.295	0.324	0.301	0.270	0.260	0.295	0.309	0.339	0.296	0.342	2.076	0.505	0.248	0.208	-17855.759
672	8	1000	969	0.5063	0.309	0.318	0.303	0.334	0.345	0.303	0.276	0.289	0.336	0.260	0.341	0.263	0.334	0.308	1.948	0.519	0.222	0.198	-18037.161
673	8	1000	968	0.5213	0.238	0.313	0.335	0.319	0.251	0.281	0.263	0.257	0.305	0.308	0.292	0.266	0.306	0.296	2.045	0.532	0.268	0.197	-17681.892
674	8	1000	982	0.5074	0.326	0.332	0.303	0.291	0.310	0.281	0.346	0.272	0.296	0.297	0.270	0.268	0.297	0.345	2.041	0.461	0.248	0.201	-18009.198
675	8	1000	985	0.5075	0.291	0.281	0.285	0.303	0.304	0.328	0.301	0.282	0.310	0.320	0.321	0.313	0.251	0.293	1.901	0.483	0.230	0.188	-17879.490
676	8	1000	976	0.5140	0.281	0.320	0.280	0.329	0.283	0.287	0.338	0.296	0.282	0.326	0.295	0.318	0.313	0.285	2.116	0.548	0.273	0.194	-17876.151
677	8	1000	969	0.5030	0.263	0.298	0.294	0.314	0.277	0.307	0.273	0.291	0.281	0.309	0.270	0.361	0.288	0.329	1.906	0.528	0.315	0.179	-17810.680
678	8	1000	978	0.5165	0.239	0.299	0.304	0.304	0.258	0.289	0.300	0.295	0.299	0.274	0.277	0.306	0.333	0.259	2.023	0.528	0.211	0.199	-17560.065
679	8	1000	974	0.5166	0.306	0.311	0.294	0.288	0.304	0.278	0.317	0.288	0.319	0.336	0.280	0.333	0.321	0.314	1.921	0.456	0.282	0.177	-18094.225
680	8	1000	983	0.5177	0.263	0.297	0.286	0.321	0.331	0.298	0.258	0.298	0.276	0.307	0.318	0.343	0.276	0.320	2.104	0.455	0.240	0.193	-17918.553
681	8	1000	974	0.5051	0.249	0.251	0.309	0.268	0.314	0.333	0.290	0.310	0.307	0.276	0.283	0.278	0.319	0.306	1.966	0.490	0.253	0.192	-17694.553
682	8	1000	972	0.5094	0.235	0.321	0.296	0.285	0.315	0.326	0.296	0.253	0.304	0.311	0.261	0.287	0.274	0.262	1.891	0.508	0.224	0.200	-17632.850
683	8	1000	983	0.5215	0.283	0.280	0.285	0.337	0.352	0.317	0.286	0.270	0.300	0.328	0.302	0.297	0.252	0.370	2.021	0.512	0.214	0.188	-17926.076
684	8	1000	977	0.5178	0.314	0.316	0.291	0.329	0.286	0.316	0.310	0.258	0.275	0.273	0.294	0.309	0.281	0.292	1.920	0.438	0.229	0.181	-17849.901
685	8	1000	981	0.5188	0.255	0.295	0.296	0.314	0.310	0.310	0.275	0.251	0.328	0.277	0.288	0.311	0.271	0.350	2.003	0.519	0.238	0.188	-17792.027
686	8	1000	975	0.4994	0.261	0.288	0.289	0.285	0.303	0.266	0.290	0.242	0.342	0.284	0.314	0.306	0.262	0.275	2.056	0.452	0.213	0.197	-17536.665
687	8	1000	984	0.5229	0.261	0.305	0.329	0.266	0.317	0.315	0.326	0.252	0.237	0.261	0.325	0.400	0.296	0.291	2.033	0.494	0.258	0.199	-17964.847
688	8	1000	982	0.5083	0.287	0.345	0.299	0.282	0.320	0.309	0.321	0.270	0.316	0.307	0.327	0.360	0.335	0.283	2.016	0.429	0.264	0.193	-18308.760
689	8	1000	982	0.5169	0.301	0.344	0.306	0.303	0.358	0.304	0.312	0.300	0.279	0.318	0.327	0.270	0.299	0.309	1.934	0.556	0.318	0.191	-18163.133
690	8	1000	973	0.5157	0.277	0.286	0.321	0.320	0.302	0.298	0.282	0.309	0.304	0.326	0.308	0.267	0.270	0.330	1.921	0.484	0.273	0.168	-17880.080
691	8	1000	981	0.5106	0.287	0.306	0.286	0.260	0.289	0.289	0.275	0.288	0.273	0.325	0.311	0.311	0.301	0.268	1.843	0.547	0.223	0.188	-17633.977
692	8	1000	982	0.5128	0.244	0.320	0.320	0.247	0.287	0.309	0.266	0.317	0.373	0.333	0.289	0.228	0.328	0.323	1.918	0.550	0.255	0.201	-17781.524
693	8	1000	976	0.4976	0.283	0.286	0.287	0.304	0.286	0.276	0.331	0.236	0.273	0.275	0.285	0.325	0.251	0.289	1.902	0.545	0.317	0.194	-17603.822
694	8	1000	976	0.5132	0.235	0.267	0.304	0.302	0.322	0.260	0.299	0.299	0.298	0.294	0.289	0.291	0.339	0.228	1.971	0.596	0.295	0.209	-17559.819
695	8	1000	979	0.5079	0.258	0.353	0.284	0.319	0.314	0.283	0.277	0.246	0.305	0.287	0.309	0.310	0.273	0.308	1.982	0.505	0.286	0.186	-17805.606
696	8	1000	973	0.5097	0.287	0.289	0.325	0.330	0.306	0.319	0.284	0.273	0.295	0.295	0.327	0.323	0.273	0.319	1.995	0.453	0.261	0.189	-18060.817
697	8	1000	971	0.5253	0.294	0.328	0.271	0.283	0.290	0.262	0.286	0.297	0.312	0.273	0.291	0.245	0.338	0.305	2.098	0.535	0.215	0.194	-17575.659
698	8	1000	972	0.5200	0.274	0.298	0.283	0.288	0.322	0.343	0.255	0.260	0.282	0.310	0.322	0.258	0.275	0.319	2.051	0.459	0.226	0.207	-17786.051
699	8	1000	975	0.5195	0.260	0.305	0.273	0.318	0.264	0.327	0.269	0.266	0.240	0.291	0.342	0.361	0.282	0.277	2.045	0.454	0.269	0.191	-17780.420
700	8	1000	972	0.5155	0.277	0.303	0.293	0.266	0.246	0.333	0.275	0.259	0.292	0.314	0.284	0.327	0.325	0.303	2.008	0.516	0.267	0.198	-17741.554
701	8	1000	990	0.5148	0.280	0.313	0.317	0.283	0.278	0.302	0.325	0.282	0.329	0.315	0.316	0.276	0.304	0.309	2.041	0.545	0.210	0.223	-17966.908
702	8	1000	979	0.5110	0.281	0.319	0.291	0.290	0.278	0.279	0.314	0.275	0.327	0.315	0.319	0.275	0.290	0.313	2.036	0.518	0.248	0.206	-17903.937
703	8	1000	973	0.5026	0.252	0.289	0.271	0.299	0.298	0.309	0.291	0.347	0.302	0.271	0.313	0.316	0.301	0.279	1.998	0.492	0.274	0.192	-17809.812
704	8	1000	974	0.5149	0.289	0.286	0.297	0.295	0.337	0.353	0.286	0.248	0.331	0.302	0.330	0.274	0.317	0.313	2.116	0.465	0.238	0.187	-18024.703
705	8	1000	975	0.5332	0.295	0.299	0.308	0.306	0.309	0.295	0.329	0.300	0.280	0.331	0.316	0.265	0.282	0.328	1.965	0.469	0.280	0.201	-18173.939
706	8	1000	970	0.5143	0.280	0.279	0.280	0.241	0.287	0.303	0.271	0.272	0.340	0.261	0.281	0.302	0.277	0.319	1.936	0.546	0.271	0.190	-17456.758
707	8	1000	981	0.5107	0.280	0.280	0.298	0.317	0.296	0.300	0.302	0.267	0.323	0.282	0.345	0.253	0.254	0.308	2.026	0.470	0.276	0.203	-17866.035
708	8	1000	983	0.5220	0.285	0.328	0.287	0.280	0.387	0.275	0.356	0.244	0.327	0.300	0.322	0.310	0.276	0.317	2.049	0.449	0.259	0.190	-18171.584
709	8	1000	971	0.5121	0.262	0.288	0.286	0.283	0.344	0.260	0.321	0.247	0.300	0.321	0.326	0.281	0.286	0.313	2.015	0.459	0.241	0.173	-17730.034
710	8	1000	986	0.5197	0.302	0.262	0.301	0.318	0.292	0.296	0.279	0.243	0.311	0.302	0.277	0.356	0.307	0.283	1.875	0.574	0.299	0.184	-17813.250
711	8	1000	985	0.5268	0.317	0.307	0.315	0.290	0.310	0.284	0.309	0.256	0.295	0.297	0.320	0.304	0.258	0.290	2.193	0.563	0.241	0.215	-17807.506
712	8	1000	967	0.5037	0.277	0.362	0.252	0.307	0.304	0.314	0.301	0.253	0.276	0.319	0.283	0.340	0.284	0.321	1.987	0.487	0.256	0.189	-17855.273
713	8	1000	982	0.5106	0.323	0.348	0.270	0.274	0.304	0.288	0.316	0.283	0.288	0.281	0.372	0.296	0.345	0.297	1.949	0.467	0.248	0.199	-18132.137
714	8	1000	972	0.5210	0.249	0.234	0.293	0.339	0.347	0.293	0.335	0.306	0.267	0.295	0.285	0.294	0.305	0.289	2.048	0.540	0.284	0.184	-17712.071
715	8	1000	964	0.5133	0.283	0.344	0.280	0.298	0.286	0.292	0.285	0.283	0.349	0.296	0.322	0.314	0.297	0.322	1.975	0.554	0.285	0.206	-17986.447
716	8	1000	976	0.4985	0.248	0.349	0.283	0.325	0.333	0.312	0.300	0.251	0.317	0.338	0.283	0.331	0.284	0.260	2.031	0.494	0.237	0.209	-17991.823
717	8	1000	984	0.5177	0.243	0.322	0.292	0.321	0.298	0.283	0.298	0.310	0.247	0.310	0.313	0.264	0.296	0.303	2.024	0.553	0.198	0.236	-17759.735
718	8	1000	971	0.5149	0.257	0.317	0.260	0.267	0.308	0.273	0.270	0.281	0.291	0.308	0.271	0.291	0.293	0.322	1.898	0.536	0.251	0.209	-17586.966
719	8	1000	963	0.5205	0.250	0.312	0.304	0.275	0.329	0.313	0.263	0.295	0.342	0.305	0.266	0.328	0.304	0.262	1.815	0.453	0.288	0.183	-17902.162
720	8	1000	981	0.5194	0.212	0.339	0.292	0.279	0.313	0.282	0.275	0.279	0.279	0.286	0.320	0.326	0.307	0.312	1.908	0.497	0.227	0.201	-17815.836
721	8	1000	981	0.5097	0.290	0.263	0.301	0.330	0.281	0.300	0.325	0.266	0.265	0.301	0.278	0.297	0.283	0.300	1.893	0.542	0.268	0.191	-17768.838
722	8	1000	980	0.5176	0.276	0.283	0.283	0.308	0.376	0.332	0.276	0.313	0.340	0.307	0.288	0.251	0.305	0.314	2.022	0.556	0.267	0.202	-17976.983
723	8	1000	983	0.5029	0.300	0.317	0.295	0.340	0.288	0.299	0.295	0.285	0.309	0.328	0.267	0.310	0.337	0.347	2.009	0.477	0.295	0.204	-18246.314
724	8	1000	984	0.5179	0.256	0.304	0.305	0.292	0.270	0.325	0.303	0.254	0.316	0.295	0.313	0.354	0.287	0.344	2.102	0.504	0.278	0.181	-17958.440
725	8	1000	976	0.5128	0.274	0.288	0.269	0.306	0.302	0.290	0.305	0.278	0.333	0.293	0.324	0.293	0.291	0.324	2.029	0.542	0.244	0.212	-17896.300
726	8	1000	978	0.5174	0.242	0.291	0.315	0.294	0.353	0.306	0.306	0.296	0.280	0.297	0.301	0.287	0.319	0.285	2.054	0.450	0.255	0.197	-17991.882
727	8	1000	973	0.5162	0.279	0.360	0.296	0.288	0.263	0.329	0.298	0.259	0.345	0.333	0.292	0.320	0.271	0.324	2.062	0.549	0.281	0.193	-17929.682
728	8	1000	972	0.5135	0.287	0.289	0.315	0.310	0.255	0.350	0.334	0.256	0.331	0.310	0.325	0.284	0.302	0.330	1.944	0.490	0.314	0.193	-18219.549
729	8	1000	983	0.5152	0.255	0.306	0.320	0.308	0.297	0.327	0.286	0.259	0.371	0.320	0.296	0.273	0.297	0.304	1.994	0.516	0.241	0.192	-17984.068
730	8	1000	973	0.5201	0.306	0.277	0.256	0.272	0.316	0.276	0.327	0.271	0.259	0.328	0.312	0.305	0.291	0.303	1.924	0.502	0.211	0.185	-17566.861
731	8	1000	984	0.5258	0.273	0.277	0.345	0.361	0.309	0.301	0.310	0.335	0.312	0.317	0.307	0.354	0.322	0.324	1.991	0.497	0.293	0.193	-18407.195
732	8	1000	978	0.5191	0.230	0.295	0.326	0.273	0.300	0.302	0.315	0.289	0.351	0.288	0.328	0.310	0.287	0.312	1.799	0.528	0.279	0.201	-18054.131
733	8	1000	972	0.5131	0.246	0.309	0.316	0.317	0.281	0.299	0.316	0.328	0.350	0.303	0.329	0.270	0.332	0.354	1.907	0.509	0.277	0.180	-18165.202
734	8	1000	981	0.5160	0.331	0.241	0.296	0.317	0.283	0.279	0.325	0.286	0.306	0.290	0.281	0.236	0.262	0.328	1.903	0.472	0.212	0.205	-17677.883
735	8	1000	978	0.5158	0.285	0.337	0.281	0.335	0.264	0.283	0.339	0.283	0.287	0.298	0.304	0.319	0.290	0.277	2.000	0.527	0.293	0.179	-17899.539
736	8	1000	972	0.5119	0.252	0.273	0.301	0.330	0.268	0.308	0.285	0.324	0.282	0.309	0.304	0.291	0.322	0.291	1.984	0.506	0.286	0.183	-17799.886
737	8	1000	977	0.5173	0.252	0.266	0.300	0.269	0.341	0.312	0.287	0.283	0.336	0.289	0.297	0.275	0.270	0.307	1.858	0.560	0.312	0.194	-17799.233
738	8	1000	978	0.5066	0.293	0.302	0.275	0.301	0.326	0.326	0.289	0.258	0.304	0.300	0.275	0.292	0.290	0.318	2.045	0.464	0.198	0.189	-17696.496
739	8	1000	980	0.5207	0.324	0.278	0.311	0.313	0.347	0.284	0.317	0.229	0.289	0.313	0.323	0.288	0.291	0.279	2.171	0.533	0.266	0.197	-17878.737
740	8	1000	981	0.5127	0.297	0.284	0.260	0.274	0.283	0.333	0.317	0.261	0.329	0.336	0.304	0.262	0.310	0.306	2.110	0.422	0.208	0.196	-17792.959
741	8	1000	977	0.5063	0.263	0.303	0.304	0.315	0.366	0.333	0.306	0.197	0.363	0.327	0.284	0.284	0.300	0.303	2.085	0.401	0.217	0.192	-18015.359
742	8	1000	978	0.5085	0.266	0.291	0.313	0.277	0.290	0.368	0.292	0.318	0.316	0.293	0.314	0.274	0.322	0.265	1.901	0.446	0.249	0.174	-17920.803
743	8	1000	975	0.5020	0.253	0.329	0.283	0.318	0.286	0.287	0.296	0.295	0.274	0.297	0.290	0.338	0.290	0.233	1.984	0.555	0.291	0.197	-17579.457
744	8	1000	977	0.5205	0.258	0.318	0.283	0.287	0.309	0.291	0.326	0.281	0.322	0.339	0.276	0.346	0.307	0.279	2.040	0.459	0.244	0.185	-17852.598
745	8	1000	976	0.5031	0.269	0.293	0.294	0.338	0.292	0.299	0.295	0.289	0.319	0.338	0.298	0.276	0.282	0.313	1.917	0.492	0.238	0.198	-17931.090
746	8	1000	980	0.5102	0.255	0.318	0.306	0.309	0.313	0.280	0.310	0.276	0.287	0.302	0.308	0.318	0.324	0.287	1.854	0.450	0.255	0.181	-17953.968
747	8	1000	974	0.5115	0.273	0.254	0.318	0.302	0.318	0.294	0.285	0.262	0.277	0.297	0.313	0.289	0.306	0.278	1.955	0.544	0.283	0.182	-17632.364
748	8	1000	977	0.5096	0.249	0.280	0.333	0.313	0.319	0.313	0.263	0.291	0.280	0.318	0.340	0.308	0.269	0.294	2.168	0.433	0.224	0.197	-17849.951
749	8	1000	974	0.5081	0.277	0.307	0.299	0.279	0.354	0.313	0.257	0.302	0.300	0.296	0.276	0.318	0.260	0.360	1.983	0.490	0.259	0.194	-17861.147
750	8	1000	987	0.5220	0.303	0.314	0.308	0.286	0.335	0.337	0.299	0.247	0.288	0.283	0.332	0.348	0.345	0.257	1.988	0.405	0.208	0.179	-18076.765
751	8	1000	977	0.5125	0.323	0.341	0.272	0.304	0.301	0.328	0.328	0.359	0.336	0.320	0.319	0.283	0.313	0.314	1.941	0.436	0.230	0.189	-18282.602
752	8	1000	976	0.5077	0.294	0.280	0.269	0.295	0.340	0.269	0.312	0.314	0.279	0.299	0.309	0.275	0.300	0.312	2.012	0.555	0.265	0.206	-17772.564
753	8	1000	972	0.5050	0.250	0.285	0.314	0.289	0.329	0.334	0.284	0.292	0.334	0.289	0.295	0.315	0.305	0.288	1.978	0.487	0.284	0.189	-17919.799
754	8	1000	978	0.5034	0.253	0.300	0.340	0.283	0.336	0.340	0.310	0.296	0.331	0.297	0.323	0.222	0.351	0.288	2.090	0.556	0.304	0.204	-18066.912
755	8	1000	984	0.5187	0.324	0.316	0.330	0.268	0.311	0.308	0.274	0.230	0.386	0.337	0.337	0.275	0.328	0.328	2.005	0.485	0.251	0.192	-18207.768
756	8	1000	980	0.5170	0.318	0.386	0.284	0.302	0.254	0.297	0.274	0.275	0.301	0.303	0.285	0.275	0.300	0.335	1.901	0.506	0.296	0.192	-17973.463
757	8	1000	977	0.5169	0.310	0.307	0.314	0.312	0.330	0.259	0.303	0.230	0.265	0.270	0.313	0.360	0.316	0.262	2.060	0.390	0.249	0.187	-17978.285
758	8	1000	982	0.5090	0.303	0.314	0.295	0.337	0.307	0.335	0.292	0.247	0.261	0.295	0.309	0.298	0.307	0.302	2.035	0.510	0.262	0.183	-17857.525
759	8	1000	967	0.5088	0.314	0.264	0.340	0.324	0.335	0.309	0.280	0.243	0.295	0.271	0.337	0.346	0.326	0.264	1.946	0.488	0.252	0.172	-17867.268
760	8	1000	981	0.5127	0.321	0.230	0.297	0.303	0.273	0.310	0.274	0.287	0.330	0.275	0.284	0.333	0.258	0.319	2.011	0.570	0.260	0.198	-17616.976
761	8	1000	974	0.5065	0.265	0.316	0.328	0.279	0.310	0.293	0.293	0.246	0.349	0.251	0.313	0.284	0.292	0.329	2.035	0.403	0.213	0.180	-17745.567
762	8	1000	972	0.5108	0.260	0.288	0.288	0.275	0.276	0.268	0.320	0.249	0.286	0.320	0.313	0.281	0.290	0.306	1.974	0.485	0.238	0.176	-17503.884
763	8	1000	979	0.5131	0.296	0.266	0.289	0.280	0.353	0.260	0.322	0.263	0.273	0.305	0.273	0.290	0.266	0.322	1.953	0.517	0.265	0.184	-17586.086
764	8	1000	973	0.5069	0.289	0.271	0.233	0.268	0.300	0.266	0.308	0.242	0.292	0.267	0.292	0.271	0.281	0.304	1.903	0.460	0.220	0.214	-17372.456
765	8	1000	975	0.5180	0.340	0.322	0.301	0.305	0.216	0.309	0.298	0.266	0.272	0.307	0.300	0.296	0.341	0.260	1.788	0.525	0.270	0.195	-17859.236
766	8	1000	979	0.5114	0.310	0.330	0.293	0.302	0.266	0.272	0.287	0.306	0.304	0.255	0.320	0.286	0.313	0.296	1.927	0.529	0.281	0.196	-17834.252
767	8	1000	982	0.5231	0.324	0.344	0.280	0.295	0.327	0.343	0.334	0.268	0.358	0.322	0.290	0.299	0.299	0.303	1.930	0.437	0.220	0.184	-18288.432
768	8	1000	972	0.5138	0.321	0.262	0.296	0.349	0.243	0.305	0.291	0.234	0.345	0.273	0.322	0.296	0.300	0.299	1.962	0.550	0.261	0.183	-17657.779
769	8	1000	982	0.5199	0.293	0.317	0.306	0.345	0.281	0.360	0.280	0.297	0.315	0.265	0.260	0.316	0.283	0.319	2.017	0.528	0.270	0.184	-17926.354
770	8	1000	972	0.5233	0.267	0.328	0.271	0.314	0.311	0.273	0.285	0.242	0.290	0.278	0.335	0.279	0.296	0.305	2.034	0.531	0.238	0.207	-17692.825
771	8	1000	980	0.5075	0.250	0.294	0.286	0.263	0.329	0.324	0.309	0.319	0.306	0.305	0.310	0.325	0.288	0.314	2.009	0.527	0.278	0.180	-17815.050
772	8	1000	977	0.5139	0.270	0.352	0.269	0.279	0.291	0.335	0.267	0.248	0.261	0.310	0.275	0.290	0.295	0.330	2.056	0.526	0.253	0.186	-17642.219
773	8	1000	982	0.5198	0.263	0.301	0.302	0.305	0.284	0.309	0.315	0.264	0.288	0.264	0.268	0.274	0.291	0.334	2.075	0.599	0.299	0.208	-17699.828
774	8	1000	980	0.5150	0.268	0.335	0.294	0.293	0.311	0.244	0.317	0.240	0.261	0.344	0.249	0.314	0.325	0.290	2.101	0.485	0.253	0.186	-17701.306
775	8	1000	980	0.5017	0.247	0.324	0.300	0.320	0.305	0.310	0.330	0.327	0.321	0.290	0.355	0.286	0.320	0.297	1.896	0.455	0.246	0.186	-18172.693
776	8	1000	972	0.5241	0.224	0.317	0.312	0.322	0.271	0.262	0.279	0.292	0.307	0.317	0.237	0.278	0.280	0.290	2.132	0.507	0.240	0.196	-17492.868
777	8	1000	977	0.5267	0.262	0.289	0.282	0.300	0.330	0.301	0.302	0.286	0.306	0.299	0.335	0.277	0.310	0.289	2.014	0.519	0.281	0.197	-17915.177
778	8	1000	974	0.5169	0.260	0.312	0.330	0.299	0.331	0.289	0.303	0.317	0.310	0.316	0.318	0.312	0.293	0.295	2.089	0.473	0.296	0.186	-18087.956
779	8	1000	978	0.5235	0.310	0.298	0.262	0.302	0.266	0.314	0.285	0.253	0.313	0.326	0.281	0.258	0.271	0.317	2.041	0.569	0.246	0.214	-17619.803
780	8	1000	980	0.5204	0.300	0.278	0.296	0.305	0.322	0.346	0.298	0.283	0.292	0.318	0.309	0.255	0.300	0.335	1.830	0.439	0.251	0.177	-18129.690
781	8	1000	973	0.5101	0.312	0.311	0.294	0.290	0.272	0.302	0.325	0.263	0.300	0.295	0.283	0.263	0.302	0.313	1.926	0.551	0.352	0.199	-17920.506
782	8	1000	981	0.5294	0.317	0.292	0.287	0.335	0.300	0.303	0.306	0.353	0.287	0.342	0.313	0.319	0.333	0.360	1.979	0.509	0.287	0.211	-18496.584
783	8	1000	985	0.5115	0.267	0.299	0.327	0.306	0.349	0.328	0.282	0.259	0.305	0.335	0.297	0.296	0.321	0.292	2.029	0.476	0.274	0.202	-18173.769
784	8	1000	970	0.5132	0.290	0.297	0.301	0.289	0.303	0.295	0.316	0.273	0.301	0.302	0.303	0.286	0.299	0.312	1.858	0.480	0.267	0.198	-17951.160
785	8	1000	976	0.5011	0.301	0.351	0.299	0.274	0.339	0.298	0.297	0.217	0.305	0.324	0.298	0.319	0.288	0.288	2.071	0.458	0.252	0.172	-17726.535
786	8	1000	969	0.5135	0.262	0.280	0.291	0.307	0.284	0.313	0.295	0.245	0.297	0.288	0.295	0.271	0.354	0.329	1.981	0.429	0.263	0.180	-17870.175
787	8	1000	977	0.5131	0.275	0.291	0.295	0.276	0.276	0.307	0.294	0.248	0.287	0.286	0.281	0.302	0.280	0.305	2.098	0.475	0.194	0.212	-17549.688
788	8	1000	978	0.5278	0.259	0.303	0.337	0.244	0.272	0.299	0.306	0.258	0.263	0.312	0.336	0.321	0.282	0.280	1.954	0.581	0.295	0.194	-17762.386
789	8	1000	975	0.5204	0.282	0.313	0.306	0.299	0.299	0.298	0.379	0.269	0.281	0.310	0.304	0.311	0.320	0.313	2.068	0.450	0.216	0.209	-18110.071
790	8	1000	978	0.5035	0.289	0.367	0.313	0.315	0.248	0.302	0.308	0.278	0.327	0.301	0.286	0.300	0.303	0.294	1.954	0.630	0.262	0.212	-17870.540
791	8	1000	986	0.5245	0.282	0.334	0.271	0.329	0.286	0.305	0.280	0.339	0.329	0.304	0.322	0.273	0.320	0.297	1.971	0.540	0.301	0.204	-18109.646
792	8	1000	977	0.5133	0.283	0.327	0.292	0.266	0.303	0.278	0.332	0.300	0.300	0.337	0.299	0.307	0.302	0.328	1.994	0.493	0.315	0.205	-18184.261
793	8	1000	979	0.4978	0.275	0.280	0.306	0.273	0.303	0.260	0.268	0.301	0.322	0.296	0.311	0.304	0.292	0.291	2.009	0.503	0.221	0.208	-17647.538
794	8	1000	985	0.5136	0.253	0.296	0.303	0.277	0.290	0.252	0.300	0.275	0.274	0.292	0.288	0.275	0.316	0.322	1.998	0.458	0.223	0.222	-17694.477
795	8	1000	981	0.5092	0.254	0.310	0.330	0.303	0.329	0.288	0.294	0.251	0.273	0.303	0.300	0.328	0.300	0.297	2.078	0.514	0.292	0.207	-17976.081
796	8	1000	975	0.5122	0.231	0.350	0.292	0.263	0.291	0.289	0.276	0.314	0.287	0.316	0.269	0.267	0.268	0.294	1.985	0.493	0.272	0.167	-17505.903
797	8	1000	980	0.5126	0.290	0.309	0.303	0.291	0.254	0.313	0.303	0.263	0.307	0.291	0.257	0.294	0.274	0.287	1.999	0.484	0.230	0.202	-17661.012
798	8	1000	960	0.5123	0.280	0.364	0.307	0.333	0.282	0.295	0.286	0.266	0.315	0.298	0.268	0.338	0.303	0.280	2.049	0.450	0.251	0.170	-17838.392
799	8	1000	980	0.5026	0.286	0.284	0.293	0.297	0.283	0.312	0.271	0.287	0.335	0.303	0.304	0.296	0.286	0.287	2.009	0.495	0.265	0.199	-17820.612
800	8	1000	980	0.5080	0.282	0.302	0.292	0.298	0.332	0.292	0.289	0.252	0.334	0.302	0.302	0.289	0.279	0.255	1.819	0.469	0.238	0.187	-17737.157
801	8	1000	972	0.5170	0.252	0.278	0.332	0.308	0.307	0.353	0.298	0.300	0.298	0.309	0.265	0.295	0.302	0.297	2.099	0.427	0.259	0.176	-17935.040
802	8	1000	982	0.5129	0.316	0.287	0.334	0.289	0.270	0.322	0.271	0.292	0.317	0.323	0.274	0.274	0.340	0.335	1.949	0.433	0.273	0.207	-18183.986
803	8	1000	987	0.5175	0.250	0.330	0.332	0.313	0.318	0.332	0.298	0.221	0.312	0.339	0.295	0.345	0.292	0.346	2.083	0.442	0.256	0.183	-18215.708
804	8	1000	987	0.5200	0.245	0.331	0.298	0.323	0.331	0.306	0.313	0.290	0.286	0.290	0.312	0.337	0.301	0.283	2.043	0.583	0.261	0.212	-18002.703
805	8	1000	982	0.4944	0.217	0.285	0.339	0.288	0.311	0.299	0.294	0.249	0.301	0.316	0.316	0.261	0.307	0.298	2.170	0.474	0.275	0.222	-17923.288
806	8	1000	979	0.5138	0.270	0.313	0.296	0.354	0.263	0.282	0.335	0.299	0.295	0.294	0.310	0.312	0.278	0.326	2.032	0.451	0.225	0.208	-18066.927
807	8	1000	979	0.5092	0.276	0.296	0.305	0.286	0.234	0.284	0.288	0.286	0.311	0.270	0.307	0.264	0.304	0.301	2.029	0.575	0.231	0.205	-17543.302
808	8	1000	983	0.5142	0.216	0.309	0.331	0.297	0.303	0.274	0.321	0.312	0.313	0.306	0.315	0.288	0.294	0.296	2.015	0.503	0.295	0.187	-17928.444
809	8	1000	978	0.5126	0.224	0.298	0.293	0.334	0.267	0.297	0.308	0.301	0.306	0.295	0.278	0.279	0.313	0.323	2.067	0.511	0.239	0.185	-17718.757
810	8	1000	979	0.5070	0.251	0.255	0.357	0.257	0.290	0.289	0.310	0.305	0.324	0.296	0.313	0.265	0.271	0.292	1.927	0.526	0.253	0.187	-17656.193
811	8	1000	982	0.5095	0.308	0.287	0.289	0.295	0.291	0.283	0.303	0.330	0.348	0.306	0.320	0.281	0.307	0.312	2.282	0.497	0.273	0.191	-17886.924
812	8	1000	983	0.5220	0.294	0.341	0.255	0.300	0.306	0.298	0.295	0.236	0.290	0.308	0.276	0.320	0.303	0.305	2.069	0.497	0.220	0.212	-17853.416
813	8	1000	980	0.5185	0.227	0.282	0.294	0.297	0.348	0.292	0.313	0.272	0.327	0.281	0.324	0.286	0.322	0.330	2.128	0.457	0.220	0.197	-17966.677
814	8	1000	991	0.5110	0.345	0.276	0.301	0.299	0.290	0.354	0.326	0.284	0.260	0.307	0.286	0.350	0.309	0.320	2.015	0.494	0.253	0.191	-18147.513
815	8	1000	977	0.5082	0.269	0.281	0.285	0.289	0.262	0.316	0.333	0.287	0.303	0.316	0.255	0.298	0.285	0.288	2.029	0.537	0.259	0.188	-17605.359
816	8	1000	973	0.5186	0.306	0.314	0.317	0.291	0.289	0.251	0.334	0.297	0.340	0.307	0.306	0.290	0.267	0.254	2.022	0.542	0.276	0.186	-17780.139
817	8	1000	977	0.5091	0.327	0.316	0.272	0.263	0.285	0.287	0.321	0.256	0.244	0.301	0.288	0.320	0.289	0.246	1.969	0.468	0.209	0.199	-17523.850
818	8	1000	977	0.5076	0.278	0.269	0.331	0.305	0.299	0.286	0.350	0.310	0.293	0.291	0.333	0.326	0.318	0.283	1.887	0.423	0.239	0.181	-18145.369
819	8	1000	974	0.5248	0.236	0.318	0.290	0.311	0.306	0.318	0.295	0.199	0.340	0.279	0.271	0.302	0.305	0.312	2.130	0.379	0.238	0.178	-17786.323
820	8	1000	973	0.5018	0.303	0.324	0.339	0.245	0.304	0.306	0.259	0.266	0.279	0.296	0.284	0.310	0.282	0.279	1.970	0.481	0.247	0.194	-17601.571
821	8	1000	979	0.5239	0.313	0.298	0.272	0.356	0.278	0.325	0.279	0.323	0.304	0.301	0.317	0.302	0.276	0.304	2.089	0.594	0.277	0.217	-18041.220
822	8	1000	985	0.5243	0.284	0.332	0.290	0.284	0.312	0.304	0.326	0.273	0.307	0.347	0.284	0.280	0.304	0.316	1.898	0.459	0.283	0.211	-18264.341
823	8	1000	978	0.5087	0.278	0.297	0.307	0.306	0.338	0.330	0.306	0.235	0.306	0.299	0.342	0.299	0.271	0.324	1.955	0.498	0.286	0.220	-18196.901
824	8	1000	978	0.5056	0.269	0.310	0.320	0.283	0.256	0.304	0.275	0.223	0.271	0.274	0.274	0.295	0.305	0.279	2.054	0.507	0.266	0.205	-17500.144
825	8	1000	975	0.5125	0.264	0.284	0.315	0.295	0.294	0.286	0.300	0.219	0.284	0.328	0.310	0.281	0.274	0.313	1.955	0.464	0.229	0.207	-17769.490
826	8	1000	984	0.5152	0.282	0.295	0.290	0.311	0.351	0.343	0.309	0.260	0.284	0.320	0.310	0.294	0.350	0.270	1.951	0.466	0.274	0.195	-18189.199
827	8	1000	977	0.5162	0.234	0.271	0.308	0.263	0.281	0.314	0.318	0.329	0.292	0.327	0.295	0.285	0.308	0.319	1.908	0.493	0.271	0.194	-17910.760
828	8	1000	970	0.5078	0.290	0.333	0.331	0.311	0.300	0.292	0.284	0.253	0.249	0.344	0.288	0.307	0.321	0.319	2.056	0.496	0.327	0.180	-18052.457
829	8	1000	976	0.5243	0.233	0.295	0.305	0.298	0.287	0.305	0.320	0.315	0.337	0.337	0.276	0.337	0.282	0.264	1.862	0.509	0.260	0.205	-18016.161
830	8	1000	973	0.5186	0.237	0.310	0.268	0.274	0.304	0.306	0.290	0.272	0.307	0.306	0.305	0.287	0.315	0.327	2.038	0.526	0.309	0.195	-17775.106
831	8	1000	981	0.5228	0.282	0.292	0.271	0.275	0.311	0.304	0.323	0.282	0.313	0.241	0.331	0.263	0.302	0.332	1.925	0.603	0.249	0.206	-17798.710
832	8	1000	980	0.5158	0.251	0.342	0.285	0.330	0.322	0.280	0.304	0.274	0.297	0.308	0.271	0.270	0.311	0.302	2.022	0.513	0.236	0.207	-17875.945
833	8	1000	980	0.5141	0.307	0.297	0.293	0.281	0.319	0.283	0.316	0.315	0.277	0.293	0.278	0.309	0.311	0.293	2.001	0.554	0.272	0.211	-17891.102
834	8	1000	973	0.5224	0.285	0.318	0.288	0.284	0.279	0.315	0.273	0.251	0.250	0.290	0.293	0.327	0.326	0.258	1.877	0.489	0.218	0.205	-17686.689
835	8	1000	982	0.5130	0.246	0.311	0.300	0.311	0.318	0.293	0.278	0.319	0.325	0.310	0.293	0.326	0.284	0.292	1.989	0.523	0.253	0.201	-17912.741
836	8	1000	974	0.5170	0.285	0.274	0.304	0.284	0.289	0.297	0.254	0.286	0.270	0.294	0.278	0.290	0.346	0.258	2.065	0.537	0.236	0.195	-17478.769
837	8	1000	981	0.5143	0.275	0.250	0.301	0.317	0.320	0.287	0.293	0.266	0.295	0.317	0.302	0.278	0.310	0.278	1.966	0.490	0.213	0.209	-17774.516
838	8	1000	976	0.5143	0.307	0.329	0.290	0.290	0.296	0.271	0.316	0.304	0.240	0.255	0.309	0.292	0.280	0.340	1.812	0.538	0.272	0.200	-17828.985
839	8	1000	981	0.5174	0.268	0.293	0.351	0.292	0.342	0.339	0.318	0.327	0.309	0.274	0.299	0.310	0.287	0.323	2.068	0.574	0.315	0.194	-18098.957
840	8	1000	974	0.5121	0.249	0.266	0.342	0.277	0.292	0.281	0.266	0.336	0.297	0.275	0.295	0.286	0.319	0.289	1.955	0.471	0.214	0.205	-17715.362
841	8	1000	976	0.5080	0.296	0.295	0.295	0.247	0.284	0.296	0.287	0.297	0.275	0.276	0.335	0.303	0.300	0.291	1.964	0.455	0.249	0.186	-17714.483
842	8	1000	964	0.5180	0.220	0.278	0.310	0.298	0.271	0.314	0.305	0.267	0.334	0.272	0.306	0.290	0.349	0.295	1.809	0.454	0.227	0.185	-17820.680
843	8	1000	976	0.5070	0.314	0.326	0.291	0.328	0.309	0.292	0.300	0.269	0.285	0.262	0.315	0.318	0.315	0.296	2.046	0.512	0.259	0.188	-17805.716
844	8	1000	978	0.5047	0.262	0.331	0.280	0.358	0.299	0.288	0.306	0.294	0.304	0.386	0.293	0.254	0.326	0.256	2.046	0.464	0.272	0.190	-17958.465
845	8	1000	984	0.5147	0.294	0.287	0.294	0.308	0.313	0.273	0.332	0.322	0.304	0.281	0.318	0.319	0.286	0.313	2.056	0.525	0.251	0.193	-17882.272
846	8	1000	965	0.5174	0.292	0.287	0.306	0.327	0.305	0.293	0.307	0.228	0.324	0.308	0.305	0.324	0.296	0.278	1.956	0.551	0.273	0.190	-17841.907
847	8	1000	972	0.5231	0.265	0.268	0.315	0.261	0.294	0.317	0.308	0.245	0.232	0.322	0.287	0.283	0.312	0.314	2.096	0.543	0.241	0.202	-17562.223
848	8	1000	975	0.5090	0.225	0.290	0.263	0.300	0.329	0.350	0.298	0.296	0.275	0.320	0.281	0.291	0.310	0.309	1.933	0.570	0.304	0.199	-17827.621
849	8	1000	972	0.5090	0.270	0.292	0.301	0.308	0.295	0.303	0.278	0.305	0.307	0.323	0.293	0.322	0.319	0.240	1.974	0.524	0.190	0.197	-17665.516
850	8	1000	984	0.5132	0.274	0.309	0.293	0.291	0.337	0.321	0.295	0.285	0.293	0.318	0.296	0.264	0.309	0.339	1.923	0.463	0.219	0.205	-18020.541
851	8	1000	971	0.5234	0.261	0.300	0.301	0.288	0.247	0.271	0.276	0.283	0.330	0.302	0.287	0.297	0.267	0.293	2.117	0.442	0.253	0.188	-17566.172
852	8	1000	986	0.5141	0.270	0.325	0.335	0.274	0.291	0.298	0.327	0.352	0.301	0.311	0.255	0.318	0.328	0.294	2.035	0.444	0.245	0.198	-18081.251
853	8	1000	970	0.5049	0.312	0.269	0.320	0.255	0.357	0.249	0.263	0.325	0.260	0.302	0.263	0.274	0.327	0.284	2.082	0.558	0.277	0.192	-17463.842
854	8	1000	982	0.5173	0.275	0.305	0.253	0.336	0.302	0.277	0.335	0.265	0.342	0.314	0.320	0.312	0.303	0.283	1.986	0.502	0.260	0.187	-17905.228
855	8	1000	974	0.5096	0.287	0.283	0.297	0.289	0.326	0.290	0.298	0.278	0.264	0.261	0.317	0.353	0.308	0.285	2.087	0.507	0.272	0.216	-17890.195
856	8	1000	976	0.5052	0.262	0.250	0.304	0.293	0.281	0.317	0.273	0.266	0.271	0.291	0.306	0.308	0.300	0.278	2.001	0.491	0.241	0.185	-17487.271
857	8	1000	970	0.5167	0.269	0.300	0.304	0.251	0.301	0.308	0.255	0.267	0.292	0.273	0.312	0.326	0.291	0.302	2.104	0.537	0.275	0.207	-17611.849
858	8	1000	979	0.5213	0.223	0.261	0.311	0.304	0.320	0.320	0.326	0.238	0.261	0.300	0.321	0.340	0.320	0.304	1.949	0.449	0.262	0.183	-17976.810
859	8	1000	983	0.5157	0.282	0.295	0.357	0.302	0.311	0.316	0.335	0.257	0.300	0.323	0.269	0.269	0.313	0.366	1.973	0.542	0.290	0.208	-18232.339
860	8	1000	985	0.5202	0.266	0.333	0.304	0.293	0.345	0.328	0.294	0.265	0.328	0.310	0.308	0.323	0.300	0.305	2.010	0.472	0.231	0.187	-18011.834
861	8	1000	982	0.4964	0.246	0.330	0.281	0.296	0.293	0.306	0.296	0.280	0.345	0.277	0.322	0.274	0.309	0.296	2.136	0.470	0.253	0.221	-17971.116
862	8	1000	986	0.5181	0.275	0.302	0.315	0.297	0.301	0.306	0.306	0.274	0.314	0.255	0.342	0.296	0.306	0.260	1.814	0.485	0.219	0.185	-17873.517
863	8	1000	977	0.5178	0.284	0.269	0.308	0.289	0.315	0.290	0.308	0.228	0.333	0.286	0.314	0.271	0.307	0.276	2.028	0.513	0.253	0.177	-17637.088
864	8	1000	975	0.5169	0.339	0.339	0.322	0.307	0.262	0.319	0.287	0.287	0.323	0.293	0.304	0.324	0.302	0.313	1.982	0.442	0.277	0.182	-18162.418
865	8	1000	973	0.5070	0.257	0.291	0.287	0.306	0.225	0.308	0.281	0.298	0.296	0.292	0.277	0.319	0.300	0.297	1.970	0.469	0.226	0.205	-17648.997
866	8	1000	982	0.5222	0.291	0.290	0.300	0.295	0.315	0.293	0.306	0.279	0.342	0.282	0.313	0.298	0.304	0.311	2.113	0.546	0.280	0.188	-17881.966
867	8	1000	981	0.5130	0.264	0.303	0.326	0.272	0.290	0.300	0.353	0.269	0.292	0.313	0.291	0.278	0.329	0.295	2.091	0.530	0.270	0.198	-17844.101
868	8	1000	981	0.5079	0.303	0.269	0.282	0.268	0.294	0.319	0.272	0.279	0.346	0.282	0.301	0.297	0.279	0.305	2.107	0.442	0.231	0.196	-17690.891
869	8	1000	979	0.5105	0.297	0.307	0.256	0.305	0.277	0.298	0.305	0.258	0.279	0.317	0.327	0.308	0.325	0.304	2.045	0.485	0.214	0.223	-17870.412
870	8	1000	978	0.5054	0.264	0.295	0.305	0.280	0.311	0.334	0.294	0.255	0.285	0.300	0.334	0.291	0.286	0.335	2.056	0.512	0.215	0.216	-17883.068
871	8	1000	984	0.5032	0.290	0.292	0.292	0.291	0.301	0.311	0.296	0.211	0.280	0.356	0.249	0.289	0.294	0.300	2.105	0.519	0.239	0.183	-17582.446
872	8	1000	974	0.5210	0.267	0.339	0.304	0.317	0.267	0.308	0.313	0.281	0.312	0.278	0.298	0.284	0.331	0.304	1.929	0.533	0.239	0.204	-17885.266
873	8	1000	988	0.5262	0.241	0.315	0.298	0.293	0.355	0.289	0.319	0.280	0.336	0.332	0.314	0.308	0.256	0.352	2.035	0.478	0.272	0.177	-18074.891
874	8	1000	974	0.5181	0.274	0.260	0.314	0.297	0.347	0.296	0.321	0.287	0.317	0.279	0.296	0.325	0.321	0.269	1.977	0.518	0.284	0.194	-17930.223
875	8	1000	966	0.5195	0.300	0.293	0.330	0.257	0.315	0.281	0.302	0.239	0.271	0.273	0.323	0.302	0.302	0.292	1.930	0.467	0.242	0.197	-17754.950
876	8	1000	976	0.5141	0.307	0.256	0.290	0.305	0.280	0.282	0.281	0.260	0.282	0.286	0.266	0.291	0.315	0.277	1.811	0.453	0.232	0.182	-17594.656
877	8	1000	977	0.5206	0.259	0.259	0.304	0.291	0.300	0.305	0.315	0.294	0.242	0.270	0.315	0.319	0.297	0.332	1.945	0.532	0.239	0.216	-17802.175
878	8	1000	976	0.5229	0.230	0.302	0.312	0.310	0.323	0.350	0.316	0.285	0.287	0.312	0.309	0.307	0.288	0.309	2.097	0.468	0.271	0.162	-17919.078
879	8	1000	969	0.5074	0.267	0.318	0.320	0.258	0.334	0.326	0.260	0.281	0.308	0.317	0.302	0.307	0.324	0.298	2.059	0.445	0.227	0.191	-17894.393
880	8	1000	967	0.4995	0.265	0.329	0.300	0.314	0.275	0.286	0.343	0.311	0.292	0.299	0.324	0.296	0.296	0.316	1.988	0.445	0.246	0.185	-17972.897
881	8	1000	977	0.5117	0.273	0.326	0.319	0.265	0.255	0.315	0.317	0.279	0.295	0.299	0.311	0.308	0.322	0.296	2.049	0.477	0.225	0.198	-17798.426
882	8	1000	979	0.5153	0.211	0.294	0.313	0.325	0.342	0.308	0.265	0.294	0.296	0.354	0.263	0.317	0.312	0.255	1.985	0.493	0.220	0.205	-17776.841
883	8	1000	981	0.5031	0.263	0.330	0.274	0.331	0.301	0.332	0.312	0.327	0.286	0.285	0.282	0.304	0.295	0.297	2.056	0.539	0.280	0.197	-17918.575
884	8	1000	977	0.5116	0.309	0.317	0.273	0.252	0.326	0.273	0.291	0.292	0.287	0.293	0.311	0.303	0.290	0.275	1.839	0.544	0.264	0.191	-17711.904
885	8	1000	975	0.4998	0.222	0.289	0.274	0.319	0.288	0.318	0.289	0.260	0.330	0.281	0.245	0.290	0.288	0.306	2.033	0.536	0.277	0.185	-17506.280
886	8	1000	984	0.4973	0.270	0.298	0.288	0.289	0.284	0.264	0.293	0.249	0.259	0.330	0.316	0.317	0.320	0.287	2.013	0.506	0.205	0.192	-17510.255
887	8	1000	989	0.5074	0.247	0.354	0.263	0.324	0.358	0.305	0.317	0.333	0.262	0.327	0.319	0.278	0.333	0.296	2.026	0.594	0.267	0.220	-18185.617
888	8	1000	983	0.5212	0.320	0.274	0.320	0.260	0.301	0.299	0.327	0.307	0.277	0.309	0.301	0.272	0.306	0.275	1.973	0.541	0.259	0.202	-17841.000
889	8	1000	984	0.5220	0.235	0.248	0.335	0.262	0.354	0.318	0.300	0.243	0.291	0.297	0.291	0.309	0.313	0.319	1.977	0.482	0.226	0.217	-17887.341
890	8	1000	975	0.5185	0.258	0.315	0.297	0.292	0.287	0.310	0.317	0.287	0.296	0.284	0.282	0.320	0.296	0.319	1.954	0.544	0.230	0.213	-17870.771
891	8	1000	981	0.5126	0.281	0.282	0.265	0.279	0.261	0.304	0.282	0.299	0.265	0.302	0.317	0.285	0.288	0.290	1.979	0.514	0.280	0.211	-17590.614
892	8	1000	981	0.5194	0.290	0.337	0.303	0.316	0.324	0.311	0.282	0.282	0.291	0.303	0.332	0.292	0.299	0.335	2.095	0.502	0.207	0.203	-18079.896
893	8	1000	976	0.5154	0.256	0.268	0.349	0.303	0.276	0.331	0.292	0.280	0.297	0.316	0.277	0.296	0.248	0.272	1.925	0.591	0.283	0.199	-17546.604
894	8	1000	972	0.5180	0.282	0.269	0.317	0.276	0.289	0.291	0.279	0.259	0.279	0.286	0.281	0.270	0.256	0.315	1.893	0.521	0.233	0.188	-17414.849
895	8	1000	979	0.5212	0.272	0.255	0.297	0.302	0.321	0.286	0.298	0.279	0.257	0.288	0.311	0.344	0.302	0.254	2.075	0.504	0.272	0.195	-17705.888
896	8	1000	978	0.5150	0.270	0.330	0.272	0.267	0.319	0.290	0.347	0.284	0.317	0.351	0.269	0.328	0.303	0.261	1.982	0.506	0.253	0.197	-17885.064
897	8	1000	974	0.5255	0.282	0.263	0.299	0.307	0.304	0.304	0.281	0.315	0.330	0.283	0.325	0.247	0.289	0.299	2.006	0.556	0.278	0.189	-17680.717
898	8	1000	975	0.5155	0.298	0.310	0.265	0.308	0.295	0.293	0.282	0.223	0.304	0.294	0.312	0.244	0.303	0.282	2.067	0.532	0.276	0.181	-17552.094
899	8	1000	973	0.5175	0.242	0.279	0.333	0.231	0.319	0.276	0.308	0.308	0.305	0.277	0.327	0.287	0.302	0.296	2.009	0.426	0.280	0.174	-17754.769
900	8	1000	973	0.5175	0.265	0.318	0.289	0.268	0.286	0.304	0.322	0.261	0.315	0.287	0.314	0.273	0.311	0.318	1.876	0.499	0.265	0.193	-17893.185
901	8	1000	978	0.5083	0.288	0.276	0.278	0.299	0.298	0.291	0.294	0.231	0.292	0.286	0.337	0.293	0.302	0.302	2.048	0.478	0.238	0.201	-17629.193
902	8	1000	974	0.5043	0.265	0.275	0.297	0.277	0.344	0.289	0.288	0.235	0.289	0.286	0.321	0.324	0.295	0.325	1.981	0.468	0.243	0.185	-17702.996
903	8	1000	980	0.5165	0.286	0.244	0.344	0.322	0.351	0.299	0.303	0.247	0.318	0.283	0.331	0.294	0.320	0.353	1.932	0.452	0.216	0.197	-18173.707
904	8	1000	989	0.5079	0.236	0.302	0.310	0.267	0.337	0.276	0.344	0.281	0.309	0.302	0.307	0.286	0.277	0.315	1.877	0.490	0.270	0.203	-17943.600
905	8	1000	988	0.5090	0.227	0.295	0.302	0.317	0.337	0.290	0.308	0.277	0.306	0.356	0.343	0.333	0.333	0.289	2.207	0.478	0.273	0.197	-18190.225
906	8	1000	979	0.5086	0.311	0.307	0.282	0.317	0.314	0.275	0.305	0.284	0.258	0.314	0.305	0.324	0.295	0.275	1.934	0.545	0.257	0.182	-17737.862
907	8	1000	978	0.5134	0.298	0.303	0.295	0.335	0.241	0.281	0.320	0.240	0.281	0.306	0.315	0.318	0.306	0.307	1.949	0.489	0.232	0.196	-17861.511
908	8	1000	975	0.5057	0.286	0.318	0.316	0.318	0.299	0.296	0.318	0.289	0.317	0.286	0.314	0.294	0.304	0.281	1.892	0.530	0.237	0.186	-17911.349
909	8	1000	977	0.5190	0.279	0.277	0.283	0.277	0.331	0.297	0.329	0.304	0.295	0.289	0.309	0.266	0.282	0.277	1.940	0.520	0.237	0.219	-17741.150
910	8	1000	985	0.5188	0.295	0.298	0.279	0.265	0.320	0.289	0.301	0.259	0.307	0.321	0.313	0.302	0.313	0.329	1.994	0.445	0.192	0.214	-17970.613
911	8	1000	976	0.5187	0.289	0.321	0.346	0.309	0.280	0.315	0.303	0.316	0.333	0.306	0.357	0.282	0.318	0.326	1.977	0.427	0.263	0.174	-18310.714
912	8	1000	988	0.5046	0.333	0.305	0.314	0.294	0.294	0.292	0.313	0.264	0.310	0.305	0.328	0.276	0.288	0.312	2.175	0.502	0.283	0.210	-18002.815
913	8	1000	975	0.5183	0.301	0.306	0.299	0.268	0.301	0.311	0.303	0.231	0.336	0.269	0.315	0.291	0.283	0.333	2.115	0.489	0.343	0.195	-17946.855
914	8	1000	977	0.5193	0.314	0.315	0.281	0.320	0.281	0.290	0.274	0.270	0.312	0.271	0.317	0.260	0.334	0.266	1.973	0.553	0.240	0.203	-17712.359
915	8	1000	977	0.5201	0.326	0.325	0.305	0.304	0.332	0.360	0.279	0.299	0.292	0.304	0.334	0.298	0.302	0.246	1.925	0.569	0.303	0.208	-18216.249
916	8	1000	977	0.5099	0.310	0.285	0.298	0.286	0.281	0.305	0.285	0.298	0.269	0.314	0.322	0.353	0.309	0.312	1.893	0.538	0.293	0.197	-18033.882
917	8	1000	980	0.5123	0.241	0.313	0.313	0.275	0.321	0.286	0.328	0.286	0.294	0.327	0.298	0.315	0.309	0.304	1.963	0.431	0.191	0.187	-17892.663
918	8	1000	977	0.5026	0.248	0.296	0.314	0.280	0.331	0.327	0.324	0.235	0.314	0.346	0.300	0.333	0.322	0.288	2.107	0.503	0.259	0.208	-18057.036
919	8	1000	981	0.5226	0.304	0.316	0.348	0.278	0.299	0.303	0.341	0.244	0.271	0.337	0.278	0.313	0.281	0.290	1.878	0.504	0.264	0.206	-18072.713
920	8	1000	979	0.5070	0.272	0.320	0.282	0.324	0.296	0.328	0.266	0.290	0.319	0.288	0.330	0.265	0.318	0.338	2.052	0.556	0.255	0.225	-18031.809
921	8	1000	977	0.5152	0.289	0.284	0.357	0.274	0.267	0.316	0.308	0.342	0.256	0.302	0.326	0.284	0.316	0.271	1.968	0.510	0.275	0.197	-17896.135
922	8	1000	959	0.5020	0.257	0.245	0.272	0.300	0.297	0.306	0.298	0.221	0.312	0.290	0.315	0.273	0.298	0.273	2.070	0.537	0.212	0.206	-17410.017
923	8	1000	972	0.5119	0.290	0.314	0.298	0.281	0.331	0.259	0.341	0.266	0.313	0.272	0.302	0.273	0.285	0.290	1.991	0.512	0.258	0.195	-17714.841
924	8	1000	981	0.5196	0.287	0.333	0.315	0.275	0.252	0.299	0.302	0.323	0.382	0.297	0.304	0.280	0.320	0.310	1.946	0.525	0.262	0.212	-18155.709
925	8	1000	976	0.5220	0.298	0.291	0.315	0.307	0.300	0.327	0.337	0.266	0.303	0.342	0.324	0.339	0.277	0.312	2.034	0.478	0.228	0.182	-18082.525
926	8	1000	981	0.5093	0.246	0.307	0.301	0.255	0.273	0.303	0.328	0.257	0.276	0.263	0.331	0.275	0.345	0.346	1.948	0.548	0.264	0.206	-17852.483
927	8	1000	979	0.5057	0.244	0.312	0.296	0.287	0.280	0.274	0.325	0.272	0.305	0.284	0.278	0.298	0.337	0.276	2.059	0.592	0.251	0.214	-17703.685
928	8	1000	977	0.5139	0.290	0.364	0.323	0.264	0.300	0.329	0.298	0.273	0.296	0.289	0.361	0.291	0.294	0.326	1.901	0.497	0.278	0.182	-18125.183
929	8	1000	984	0.5156	0.325	0.304	0.300	0.279	0.325	0.285	0.309	0.305	0.321	0.302	0.330	0.258	0.320	0.308	2.024	0.495	0.262	0.208	-18134.172
930	8	1000	978	0.5165	0.298	0.278	0.276	0.311	0.296	0.335	0.286	0.307	0.304	0.307	0.317	0.335	0.327	0.334	1.970	0.572	0.287	0.211	-18157.957
931	8	1000	979	0.5107	0.278	0.311	0.264	0.301	0.258	0.315	0.297	0.301	0.245	0.340	0.290	0.280	0.302	0.303	2.124	0.555	0.249	0.199	-17633.767
932	8	1000	979	0.5020	0.300	0.323	0.310	0.291	0.312	0.307	0.335	0.278	0.275	0.275	0.272	0.300	0.283	0.277	1.825	0.533	0.290	0.197	-17877.179
933	8	1000	986	0.5107	0.265	0.279	0.299	0.273	0.286	0.297	0.284	0.323	0.254	0.276	0.300	0.317	0.312	0.338	1.970	0.526	0.244	0.230	-17887.342
934	8	1000	979	0.5050	0.297	0.274	0.321	0.306	0.355	0.370	0.290	0.235	0.329	0.324	0.310	0.310	0.314	0.284	2.100	0.515	0.294	0.198	-18163.748
935	8	1000	988	0.5223	0.277	0.331	0.311	0.321	0.310	0.311	0.284	0.288	0.339	0.283	0.320	0.287	0.300	0.301	1.816	0.455	0.253	0.199	-18256.069
936	8	1000	967	0.5258	0.226	0.285	0.319	0.257	0.285	0.271	0.293	0.265	0.314	0.272	0.259	0.294	0.300	0.285	1.843	0.568	0.271	0.200	-17474.068
937	8	1000	979	0.5107	0.323	0.320	0.296	0.297	0.307	0.309	0.319	0.237	0.309	0.297	0.321	0.326	0.299	0.305	1.950	0.437	0.228	0.195	-18069.011
938	8	1000	976	0.5096	0.290	0.263	0.292	0.264	0.286	0.294	0.303	0.285	0.320	0.290	0.287	0.290	0.280	0.296	1.938	0.504	0.225	0.193	-17605.137
939	8	1000	977	0.5182	0.258	0.272	0.298	0.292	0.332	0.308	0.339	0.254	0.341	0.309	0.274	0.325	0.306	0.333	1.956	0.530	0.278	0.194	-18005.142
940	8	1000	985	0.5088	0.311	0.289	0.303	0.282	0.306	0.298	0.312	0.288	0.324	0.278	0.307	0.339	0.268	0.314	2.010	0.443	0.226	0.214	-18111.577
941	8	1000	966	0.5180	0.313	0.257	0.298	0.327	0.300	0.316	0.319	0.283	0.253	0.293	0.277	0.342	0.341	0.262	1.921	0.473	0.256	0.198	-17902.180
942	8	1000	977	0.5217	0.286	0.324	0.306	0.313	0.270	0.329	0.318	0.267	0.304	0.356	0.262	0.298	0.316	0.312	2.017	0.501	0.273	0.178	-17990.394
943	8	1000	982	0.5154	0.319	0.284	0.292	0.328	0.299	0.267	0.325	0.313	0.314	0.305	0.318	0.350	0.320	0.306	1.978	0.483	0.270	0.183	-18128.567
944	8	1000	981	0.5235	0.270	0.364	0.340	0.296	0.288	0.298	0.327	0.305	0.315	0.282	0.323	0.267	0.313	0.321	1.902	0.559	0.265	0.217	-18219.031
945	8	1000	969	0.5153	0.227	0.272	0.281	0.329	0.276	0.303	0.321	0.244	0.348	0.297	0.248	0.299	0.323	0.264	2.082	0.477	0.241	0.190	-17562.472
946	8	1000	981	0.5078	0.302	0.274	0.286	0.289	0.296	0.291	0.319	0.283	0.333	0.253	0.329	0.348	0.264	0.329	2.027	0.507	0.221	0.210	-17854.172
947	8	1000	979	0.5141	0.266	0.252	0.316	0.313	0.293	0.324	0.260	0.267	0.297	0.306	0.301	0.318	0.312	0.321	2.087	0.402	0.196	0.190	-17867.185
948	8	1000	978	0.5001	0.261	0.308	0.302	0.337	0.330	0.275	0.268	0.272	0.297	0.323	0.306	0.335	0.300	0.311	1.959	0.462	0.225	0.208	-18013.837
949	8	1000	977	0.5233	0.277	0.310	0.278	0.274	0.327	0.301	0.282	0.292	0.321	0.309	0.310	0.334	0.301	0.293	2.069	0.465	0.231	0.196	-17901.258
950	8	1000	969	0.5088	0.252	0.294	0.325	0.301	0.318	0.310	0.311	0.243	0.271	0.273	0.324	0.267	0.304	0.331	2.051	0.496	0.308	0.170	-17734.129
951	8	1000	971	0.5236	0.324	0.299	0.284	0.283	0.296	0.305	0.274	0.247	0.283	0.260	0.326	0.309	0.301	0.326	2.030	0.587	0.308	0.225	-17894.361
952	8	1000	972	0.5170	0.262	0.339	0.329	0.282	0.324	0.322	0.300	0.266	0.286	0.334	0.313	0.278	0.283	0.276	2.118	0.525	0.250	0.190	-17830.729
953	8	1000	987	0.5239	0.265	0.299	0.258	0.291	0.299	0.269	0.290	0.287	0.322	0.337	0.298	0.292	0.271	0.335	2.089	0.565	0.240	0.214	-17745.965
954	8	1000	980	0.5046	0.248	0.293	0.312	0.310	0.320	0.327	0.277	0.258	0.301	0.305	0.247	0.270	0.292	0.278	1.770	0.547	0.268	0.202	-17768.035
955	8	1000	982	0.5142	0.250	0.294	0.335	0.290	0.319	0.309	0.284	0.316	0.289	0.339	0.265	0.311	0.269	0.341	1.897	0.488	0.224	0.188	-17921.322
956	8	1000	975	0.5134	0.264	0.291	0.319	0.295	0.290	0.334	0.284	0.286	0.334	0.283	0.265	0.310	0.293	0.320	1.987	0.508	0.245	0.187	-17737.013
957	8	1000	978	0.5114	0.293	0.273	0.301	0.338	0.313	0.282	0.323	0.295	0.320	0.270	0.283	0.308	0.303	0.244	1.843	0.515	0.302	0.198	-17903.777
958	8	1000	980	0.5188	0.241	0.311	0.342	0.280	0.302	0.303	0.293	0.327	0.295	0.288	0.316	0.298	0.285	0.316	1.995	0.496	0.251	0.184	-17849.908
959	8	1000	980	0.5227	0.371	0.331	0.275	0.305	0.298	0.257	0.297	0.286	0.302	0.278	0.318	0.285	0.326	0.304	2.110	0.487	0.276	0.202	-17968.822
960	8	1000	980	0.5248	0.304	0.275	0.258	0.297	0.288	0.279	0.270	0.214	0.320	0.322	0.288	0.306	0.281	0.335	1.994	0.440	0.287	0.195	-17828.961
961	8	1000	985	0.5197	0.259	0.311	0.288	0.303	0.276	0.295	0.293	0.261	0.338	0.334	0.267	0.305	0.292	0.275	2.047	0.497	0.254	0.189	-17702.308
962	8	1000	974	0.5136	0.242	0.283	0.328	0.331	0.287	0.329	0.259	0.253	0.300	0.309	0.280	0.320	0.322	0.315	1.927	0.525	0.266	0.199	-17973.031
963	8	1000	976	0.5134	0.251	0.343	0.281	0.359	0.295	0.277	0.313	0.265	0.292	0.288	0.305	0.314	0.294	0.273	1.954	0.539	0.248	0.203	-17809.911
964	8	1000	968	0.5090	0.220	0.283	0.309	0.288	0.284	0.306	0.309	0.252	0.314	0.268	0.343	0.308	0.289	0.312	2.071	0.445	0.238	0.169	-17687.314
965	8	1000	971	0.5101	0.274	0.356	0.264	0.287	0.279	0.279	0.269	0.219	0.239	0.260	0.343	0.292	0.247	0.254	1.881	0.475	0.253	0.195	-17338.636
966	8	1000	972	0.5125	0.235	0.250	0.317	0.317	0.300	0.283	0.306	0.278	0.299	0.276	0.334	0.307	0.337	0.313	1.974	0.456	0.228	0.195	-17870.578
967	8	1000	971	0.4993	0.245	0.294	0.247	0.340	0.321	0.281	0.283	0.317	0.359	0.302	0.255	0.259	0.300	0.320	2.065	0.497	0.260	0.209	-17761.376
968	8	1000	985	0.5130	0.222	0.343	0.276	0.289	0.317	0.301	0.300	0.275	0.267	0.300	0.330	0.251	0.317	0.300	1.947	0.486	0.229	0.198	-17791.150
969	8	1000	985	0.5092	0.318	0.315	0.341	0.296	0.315	0.309	0.333	0.246	0.323	0.313	0.332	0.317	0.312	0.305	2.021	0.469	0.258	0.179	-18170.330
970	8	1000	970	0.5196	0.274	0.274	0.297	0.273	0.307	0.303	0.280	0.258	0.310	0.242	0.329	0.320	0.284	0.324	2.031	0.503	0.258	0.192	-17649.171
971	8	1000	986	0.5267	0.298	0.333	0.342	0.298	0.291	0.305	0.327	0.305	0.290	0.288	0.310	0.300	0.320	0.287	2.046	0.474	0.272	0.193	-18171.299
972	8	1000	984	0.5218	0.280	0.288	0.268	0.290	0.275	0.300	0.282	0.236	0.270	0.329	0.306	0.329	0.270	0.333	2.014	0.482	0.250	0.199	-17785.883
973	8	1000	972	0.5102	0.267	0.315	0.310	0.301	0.267	0.288	0.345	0.333	0.332	0.346	0.274	0.304	0.297	0.319	1.989	0.512	0.229	0.176	-17883.368
974	8	1000	978	0.5142	0.254	0.319	0.327	0.288	0.321	0.296	0.319	0.316	0.275	0.300	0.267	0.296	0.351	0.293	2.006	0.508	0.309	0.178	-17968.474
975	8	1000	976	0.5213	0.210	0.411	0.310	0.288	0.261	0.321	0.286	0.269	0.282	0.302	0.308	0.291	0.270	0.321	1.932	0.481	0.263	0.207	-17984.561
976	8	1000	983	0.5257	0.243	0.307	0.329	0.288	0.302	0.310	0.330	0.304	0.278	0.311	0.254	0.262	0.333	0.318	1.980	0.469	0.237	0.198	-17975.945
977	8	1000	980	0.5063	0.265	0.269	0.261	0.306	0.316	0.276	0.308	0.260	0.278	0.281	0.299	0.268	0.266	0.327	1.862	0.496	0.281	0.198	-17636.310
978	8	1000	972	0.5171	0.236	0.288	0.310	0.260	0.295	0.284	0.277	0.288	0.298	0.292	0.294	0.281	0.296	0.326	2.009	0.489	0.231	0.186	-17558.170
979	8	1000	975	0.5204	0.285	0.327	0.295	0.291	0.307	0.259	0.287	0.254	0.295	0.302	0.278	0.285	0.258	0.295	2.041	0.540	0.250	0.218	-17632.970
980	8	1000	978	0.5172	0.298	0.329	0.293	0.301	0.248	0.323	0.276	0.260	0.276	0.303	0.301	0.307	0.316	0.303	1.963	0.512	0.263	0.190	-17822.702
981	8	1000	977	0.5097	0.248	0.291	0.330	0.282	0.304	0.326	0.350	0.296	0.332	0.274	0.284	0.297	0.288	0.305	2.114	0.454	0.258	0.165	-17839.848
982	8	1000	969	0.5178	0.271	0.337	0.286	0.336	0.260	0.320	0.325	0.279	0.322	0.310	0.285	0.283	0.354	0.307	1.983	0.577	0.257	0.188	-17903.514
983	8	1000	978	0.5092	0.268	0.303	0.263	0.303	0.290	0.294	0.317	0.336	0.283	0.350	0.282	0.261	0.308	0.298	1.915	0.607	0.252	0.215	-17837.048
984	8	1000	978	0.5082	0.291	0.318	0.274	0.301	0.294	0.261	0.326	0.237	0.308	0.304	0.287	0.294	0.311	0.313	1.915	0.430	0.220	0.169	-17705.826
985	8	1000	977	0.5168	0.322	0.271	0.291	0.301	0.287	0.297	0.302	0.244	0.272	0.276	0.303	0.288	0.280	0.319	2.043	0.472	0.247	0.204	-17687.140
986	8	1000	972	0.5120	0.251	0.251	0.281	0.316	0.341	0.303	0.278	0.245	0.263	0.261	0.297	0.325	0.282	0.243	1.758	0.585	0.252	0.217	-17472.527
987	8	1000	972	0.5231	0.240	0.285	0.267	0.267	0.314	0.318	0.259	0.318	0.288	0.315	0.268	0.330	0.270	0.307	1.834	0.549	0.242	0.184	-17538.470
988	8	1000	984	0.5197	0.334	0.293	0.317	0.303	0.288	0.337	0.318	0.262	0.320	0.336	0.252	0.346	0.300	0.328	2.009	0.442	0.243	0.197	-18266.766
989	8	1000	975	0.5134	0.294	0.320	0.286	0.336	0.334	0.288	0.289	0.271	0.275	0.299	0.310	0.321	0.294	0.320	2.064	0.557	0.360	0.185	-17986.799
990	8	1000	974	0.5278	0.306	0.265	0.289	0.331	0.335	0.285	0.327	0.242	0.279	0.316	0.295	0.303	0.400	0.226	2.086	0.481	0.261	0.193	-17897.583
991	8	1000	976	0.5304	0.270	0.290	0.348	0.301	0.304	0.304	0.306	0.318	0.299	0.282	0.261	0.279	0.325	0.311	2.114	0.551	0.288	0.197	-17881.974
992	8	1000	979	0.5204	0.318	0.281	0.274	0.297	0.291	0.277	0.317	0.264	0.294	0.273	0.275	0.275	0.349	0.318	1.998	0.534	0.266	0.189	-17687.455
993	8	1000	973	0.5179	0.255	0.321	0.291	0.339	0.243	0.292	0.326	0.289	0.287	0.280	0.307	0.287	0.356	0.283	1.976	0.490	0.269	0.197	-17928.223
994	8	1000	972	0.5224	0.243	0.287	0.259	0.291	0.369	0.277	0.289	0.292	0.255	0.265	0.304	0.299	0.339	0.301	2.145	0.628	0.299	0.206	-17541.777
995	8	1000	971	0.5034	0.308	0.321	0.319	0.291	0.239	0.341	0.298	0.252	0.260	0.269	0.311	0.337	0.285	0.291	1.927	0.536	0.223	0.208	-17730.256
996	8	1000	985	0.5159	0.302	0.336	0.342	0.273	0.316	0.262	0.309	0.269	0.292	0.289	0.302	0.349	0.312	0.271	2.118	0.549	0.277	0.217	-17970.771
997	8	1000	977	0.5106	0.323	0.314	0.307	0.303	0.289	0.288	0.315	0.286	0.296	0.310	0.284	0.288	0.286	0.331	2.061	0.530	0.224	0.193	-17767.706
998	8	1000	976	0.5203	0.274	0.302	0.300	0.267	0.304	0.318	0.255	0.250	0.331	0.288	0.288	0.244	0.323	0.290	2.044	0.452	0.218	0.210	-17726.298
999	8	1000	978	0.5155	0.295	0.287	0.317	0.265	0.289	0.304	0.285	0.310	0.300	0.317	0.335	0.314	0.298	0.322	1.921	0.502	0.294	0.200	-18052.680
1000	8	1000	972	0.5032	0.273	0.335	0.308	0.321	0.270	0.301	0.306	0.307	0.296	0.295	0.329	0.319	0.281	0.320	2.051	0.485	0.258	0.193	-17995.825
