"","x"
"1",-8833.895
"2",-9024.003
"3",-9098.21
"4",-8866.083
"5",-8857.754
"6",-8648.039
"7",-8878.753
"8",-8798.763
"9",-9105.526
"10",-8994.308
"11",-8835.297
"12",-9079.671
"13",-8976.847
"14",-9163.296
"15",-8860.961
"16",-8680.436
"17",-9047.155
"18",-8970.261
"19",-9035.298
"20",-8896.282
"21",-8941.523
"22",-8956.938
"23",-8892.096
"24",-8856.602
"25",-8834.17
"26",-8761.671
"27",-8894.584
"28",-9004.02
"29",-9021.123
"30",-8696.979
"31",-9161.368
"32",-8698.178
"33",-9141.857
"34",-9023.325
"35",-8897.108
"36",-8932.508
"37",-8686.446
"38",-9003.47
"39",-8986.495
"40",-9001.659
"41",-9169.338
"42",-9030.553
"43",-8719.821
"44",-8672.451
"45",-9105.798
"46",-8933.208
"47",-9000.219
"48",-8800.058
"49",-8985.232
"50",-8917.278
"51",-8837.415
"52",-9108.327
"53",-8731.579
"54",-8918.338
"55",-8909.33
"56",-8983.779
"57",-8960.159
"58",-8845.598
"59",-8908.863
"60",-8606.517
"61",-9005.437
"62",-8794.819
"63",-9108.778
"64",-8917.84
"65",-9088.24
"66",-9077.109
"67",-8595.875
"68",-8782.348
"69",-8786.961
"70",-9093.889
"71",-8889.817
"72",-8722.492
"73",-8760.234
"74",-8901.212
"75",-9007.532
"76",-9207.281
"77",-8994.469
"78",-8713.364
"79",-8782.656
"80",-9004.428
"81",-8829.622
"82",-8899.964
"83",-8877.937
"84",-8698.051
"85",-8904.892
"86",-8793.131
"87",-8819.714
"88",-8932.421
"89",-9076.68
"90",-8812.139
"91",-9161.786
"92",-8882.657
"93",-8863.423
"94",-8603.547
"95",-8908.658
"96",-9038.124
"97",-9076.737
"98",-8859.81
"99",-8601.697
"100",-8963.275
"101",-8768.833
"102",-8876.913
"103",-9125.704
"104",-9068.083
"105",-8843.059
"106",-8735.317
"107",-8931.039
"108",-8856.34
"109",-9034.859
"110",-8959.642
"111",-8997.845
"112",-8835.039
"113",-9091.54
"114",-8854.167
"115",-8916.435
"116",-9028.153
"117",-8891.872
"118",-8986.811
"119",-9211.964
"120",-8876.845
"121",-9154.76
"122",-8701.506
"123",-8905.835
"124",-8815.033
"125",-8748.822
"126",-8930.001
"127",-8756.955
"128",-8676.666
"129",-8945.299
"130",-9007.962
"131",-9045.44
"132",-8599.416
"133",-8821.886
"134",-9024.833
"135",-9089.24
"136",-8663.912
"137",-8946.826
"138",-8972.571
"139",-8899.504
"140",-8802.108
"141",-8853.469
"142",-8904.497
"143",-8920.705
"144",-8854.222
"145",-9154.213
"146",-9079.415
"147",-8817.021
"148",-8802.696
"149",-8916.414
"150",-8734.788
"151",-9024.485
"152",-8821.373
"153",-9142.544
"154",-8843.986
"155",-8916.477
"156",-8848.01
"157",-8868.038
"158",-8868.007
"159",-8606.287
"160",-9067.905
"161",-8601.872
"162",-9156.247
"163",-8724.22
"164",-8706.758
"165",-9038.44
"166",-9169.506
"167",-8884.472
"168",-8647.026
"169",-8935.529
"170",-8690.876
"171",-9137.858
"172",-9000.799
"173",-8881.359
"174",-8924.945
"175",-8920.462
"176",-8844.773
"177",-9041.327
"178",-8755.246
"179",-9093.923
"180",-9203.626
"181",-8780.618
"182",-8827.939
"183",-8681.848
"184",-9108.075
"185",-8982.173
"186",-9012.471
"187",-9022.756
"188",-8889.974
"189",-9173.947
"190",-9003.961
"191",-8987.794
"192",-8922.125
"193",-8774.889
"194",-9042.891
"195",-9179.746
"196",-8762.228
"197",-8911.585
"198",-8718.647
"199",-8879.632
"200",-8783.921
"201",-8951.907
"202",-8740.97
"203",-8902.342
"204",-9001.019
"205",-9051.255
"206",-8606.43
"207",-8794.274
"208",-8845.708
"209",-9065.582
"210",-8715.153
"211",-9174.357
"212",-8943.166
"213",-8905.367
"214",-8707.931
"215",-8974.545
"216",-8815.81
"217",-9101.616
"218",-8998.243
"219",-8828.994
"220",-8973.356
"221",-8882.85
"222",-9040.223
"223",-8942.917
"224",-8878.235
"225",-9124.445
"226",-8721.936
"227",-9163.475
"228",-8633.17
"229",-9032.544
"230",-8736.85
"231",-9022.064
"232",-8918.188
"233",-9123.794
"234",-8755.186
"235",-8928.115
"236",-8624.44
"237",-8920.709
"238",-8878.73
"239",-9014.122
"240",-8783.999
"241",-8931.793
"242",-8927.357
"243",-8690.932
"244",-8769.409
"245",-8998.696
"246",-9163.734
"247",-8650.609
"248",-8982.274
"249",-8999.048
"250",-8798.128
"251",-8940.272
"252",-8929.693
"253",-8813.256
"254",-8631.906
"255",-8953.153
"256",-9105.312
"257",-8794.551
"258",-9180.477
"259",-8949.378
"260",-8952.61
"261",-8942.902
"262",-8789.281
"263",-8671.546
"264",-8665.312
"265",-8819.843
"266",-8670.655
"267",-8908.322
"268",-8949.364
"269",-9051.84
"270",-8905.19
"271",-8939.936
"272",-9203.405
"273",-9018.101
"274",-9161.62
"275",-8844.068
"276",-9150.103
"277",-8770.65
"278",-9019.91
"279",-8881.718
"280",-9086.351
"281",-8620.428
"282",-8891.686
"283",-8771.528
"284",-8857.548
"285",-9122.604
"286",-8791.678
"287",-8627.692
"288",-8490.445
"289",-8718.769
"290",-9100.075
"291",-8914.347
"292",-8587.532
"293",-9051.885
"294",-9041.779
"295",-9063.108
"296",-9058.215
"297",-8557.192
"298",-8830.45
"299",-8845.048
"300",-8736.979
"301",-8624.821
"302",-8757.544
"303",-9114.479
"304",-8835.834
"305",-8898.822
"306",-8913.805
"307",-8880.372
"308",-9099.835
"309",-8717.737
"310",-8845.099
"311",-8780.203
"312",-8766.972
"313",-8990.466
"314",-8972.706
"315",-8876.376
"316",-9081.783
"317",-8921.48
"318",-8850.487
"319",-9085.089
"320",-9011.686
"321",-8688.908
"322",-8744.514
"323",-8906.564
"324",-8890.206
"325",-8923.967
"326",-8843.287
"327",-9008.326
"328",-9020.28
"329",-8817.067
"330",-8906.468
"331",-8957.669
"332",-8832.308
"333",-8836.138
"334",-8933.718
"335",-8949.909
"336",-8901.173
"337",-9100.491
"338",-8891.245
"339",-8743.944
"340",-9160.144
"341",-8922.759
"342",-8688.928
"343",-8814.848
"344",-8762.886
"345",-8813.78
"346",-8887.66
"347",-9029.054
"348",-9095.195
"349",-9241.117
"350",-9058.177
"351",-8846.599
"352",-8887.463
"353",-8985.553
"354",-8895.31
"355",-9020.89
"356",-8941.698
"357",-8816.82
"358",-8590.979
"359",-8907.778
"360",-8992.009
"361",-8732.23
"362",-8860.601
"363",-8985.695
"364",-9143.392
"365",-8861.291
"366",-8913.425
"367",-9131.583
"368",-8623.532
"369",-8883.329
"370",-8833.803
"371",-8824.452
"372",-8915.785
"373",-8848.256
"374",-8816.6
"375",-8860.809
"376",-8731.506
"377",-9051.63
"378",-9229.744
"379",-9137.76
"380",-8823.993
"381",-8833.711
"382",-8702.299
"383",-8916.097
"384",-8803.732
"385",-8925.419
"386",-8952.656
"387",-8955.232
"388",-8742.892
"389",-9041.182
"390",-9019.781
"391",-9164.379
"392",-9176.363
"393",-8849.722
"394",-8859.115
"395",-8938.356
"396",-8997.772
"397",-9094.319
"398",-8887.071
"399",-8994.474
"400",-8899.515
"401",-9112.302
"402",-9152.043
"403",-9036.205
"404",-9030.758
"405",-8716.101
"406",-8970.749
"407",-9129.323
"408",-9082.002
"409",-8578.034
"410",-9108.396
"411",-9009.132
"412",-9098.536
"413",-8720.85
"414",-8911.917
"415",-9016.73
"416",-8834.847
"417",-8662.319
"418",-9078.243
"419",-9015.576
"420",-8876.577
"421",-8934.354
"422",-9029.767
"423",-8833.051
"424",-8743.224
"425",-8897.266
"426",-9025.112
"427",-8681.308
"428",-9054.55
"429",-8886.802
"430",-9189.029
"431",-8853.799
"432",-8955.98
"433",-9152.963
"434",-9033.44
"435",-9022.124
"436",-8802.955
"437",-8814.333
"438",-8918.376
"439",-8704.294
"440",-8880.238
"441",-9093.839
"442",-8759.699
"443",-9032.896
"444",-9003.362
"445",-8819.134
"446",-8739.741
"447",-8603.258
"448",-8700.834
"449",-8815.892
"450",-8872.178
"451",-9045.349
"452",-8738.626
"453",-9174.14
"454",-8880.398
"455",-8952.409
"456",-8949.915
"457",-8957.409
"458",-9217.815
"459",-8764.827
"460",-9024.057
"461",-8903.5
"462",-8846.9
"463",-9201.952
"464",-8878.394
"465",-8965.858
"466",-9167.423
"467",-8872.881
"468",-8961.425
"469",-9105.606
"470",-8933.111
"471",-8915.858
"472",-8803.85
"473",-8971.704
"474",-8706.359
"475",-9029.904
"476",-8816.065
"477",-8825.84
"478",-9028.256
"479",-8852.046
"480",-9308.725
"481",-8988.216
"482",-8971.753
"483",-8935.554
"484",-8840.986
"485",-8753.282
"486",-9005.97
"487",-9038.359
"488",-8896.738
"489",-8796.202
"490",-8783.917
"491",-8819.868
"492",-8714.874
"493",-8934.698
"494",-8826.11
"495",-8852.311
"496",-9159.355
"497",-8833.489
"498",-8870.846
"499",-9024.936
"500",-8813.024
"501",-8975.634
"502",-9147.688
"503",-8774.736
"504",-8812.855
"505",-8759.217
"506",-8926.307
"507",-9028.788
"508",-8960.267
"509",-8717.534
"510",-9106.258
"511",-8916.401
"512",-8780.885
"513",-8846.135
"514",-8851.521
"515",-8782.525
"516",-8809.253
"517",-8663.033
"518",-9106.979
"519",-8970.854
"520",-8808.882
"521",-9003.146
"522",-9023.458
"523",-8777.421
"524",-8788.029
"525",-8877.143
"526",-9125.809
"527",-8843.347
"528",-8958.979
"529",-9062.568
"530",-9080.79
"531",-8978.111
"532",-8930.711
"533",-8868.293
"534",-8984.216
"535",-8821.858
"536",-8877.289
"537",-8793.172
"538",-9058.996
"539",-8652.224
"540",-8875.612
"541",-8587.994
"542",-9046.873
"543",-8975.062
"544",-9029.248
"545",-8810.394
"546",-8593.592
"547",-8867.518
"548",-8836.158
"549",-9036.307
"550",-8996.259
"551",-8901.764
"552",-8726.615
"553",-8748.428
"554",-9024.941
"555",-8843.043
"556",-8816.144
"557",-8981.496
"558",-8870.821
"559",-8726.81
"560",-8830.373
"561",-8953.727
"562",-8803.571
"563",-9094.567
"564",-8678.433
"565",-8968.327
"566",-8659.886
"567",-8925.171
"568",-8722.303
"569",-9101.238
"570",-8988.713
"571",-8976.041
"572",-9029.074
"573",-9096.837
"574",-8985.659
"575",-8870.927
"576",-8993.344
"577",-8789.087
"578",-8859.719
"579",-8771.018
"580",-8880.757
"581",-8898.316
"582",-8919.507
"583",-9074.814
"584",-8961.707
"585",-8899.099
"586",-8968.693
"587",-9084.883
"588",-9233.878
"589",-8963.874
"590",-8713.024
"591",-9117.213
"592",-8767.035
"593",-8914.595
"594",-9035.821
"595",-8913.813
"596",-8949.849
"597",-8831.941
"598",-8865.45
"599",-8813.885
"600",-9027.577
"601",-9072.288
"602",-8873.188
"603",-8772.129
"604",-8830.747
"605",-8735.954
"606",-8858.76
"607",-9089.151
"608",-8864.38
"609",-8869.77
"610",-8754.325
"611",-9087.334
"612",-9041.544
"613",-8874.13
"614",-8842.185
"615",-8845.104
"616",-8989.35
"617",-8916.623
"618",-8685.704
"619",-8921.791
"620",-8875.601
"621",-9027.31
"622",-8881.44
"623",-8916.898
"624",-9173.514
"625",-9030.503
"626",-9163.519
"627",-8944.319
"628",-8975.826
"629",-9024.558
"630",-8895.022
"631",-8597.335
"632",-8908.88
"633",-8679.716
"634",-8774.334
"635",-8759.088
"636",-8974.437
"637",-8957.775
"638",-8843.75
"639",-8869.916
"640",-8810.42
"641",-8939.2
"642",-8780.519
"643",-9106.853
"644",-8855.298
"645",-8901.639
"646",-9096.519
"647",-8922.724
"648",-8928.69
"649",-9190.939
"650",-8555.965
"651",-8907.032
"652",-8743.775
"653",-8536.128
"654",-9131.217
"655",-8917.591
"656",-9200.824
"657",-8980.71
"658",-9132.3
"659",-8702.977
"660",-8947.686
"661",-9090.151
"662",-8764.434
"663",-8923.16
"664",-8790.609
"665",-8966.95
"666",-8679.906
"667",-9116.651
"668",-8884.807
"669",-8975.147
"670",-9129.858
"671",-8947.34
"672",-8777.116
"673",-8744.254
"674",-9079.266
"675",-9087.903
"676",-8584.996
"677",-8937.574
"678",-8842.808
"679",-8685.146
"680",-9111.992
"681",-8830.761
"682",-8955.16
"683",-9010.445
"684",-9036.315
"685",-9018.133
"686",-9180.81
"687",-8878.63
"688",-8973.984
"689",-8781.558
"690",-9048.167
"691",-8754.351
"692",-8864.869
"693",-9049.92
"694",-8951.737
"695",-9002.426
"696",-9038.684
"697",-8723.539
"698",-9017.673
"699",-9015.982
"700",-8992.249
"701",-9085.799
"702",-9152.057
"703",-9042.923
"704",-9006.516
"705",-8902.941
"706",-8774.497
"707",-8946.117
"708",-8936.369
"709",-8892.115
"710",-8733.502
"711",-9031.677
"712",-8768.976
"713",-8965.261
"714",-8978.511
"715",-8905.818
"716",-8768.995
"717",-8945.727
"718",-9048.084
"719",-8923.053
"720",-8946.741
"721",-9091.426
"722",-8909.741
"723",-8632.662
"724",-9024.152
"725",-8873.403
"726",-9013.979
"727",-8684.776
"728",-8891.177
"729",-9081.427
"730",-9062.669
"731",-8645.06
"732",-8629.195
"733",-8768.294
"734",-8960.147
"735",-9032.851
"736",-9048.754
"737",-8858.844
"738",-8876.861
"739",-9033.402
"740",-8628.607
"741",-8955.661
"742",-8917.552
"743",-8966.434
"744",-8602.722
"745",-9129.228
"746",-8808.162
"747",-9187.384
"748",-8677.677
"749",-8640.093
"750",-9064.947
"751",-8826.846
"752",-8779.746
"753",-8696.933
"754",-8752.785
"755",-8980.786
"756",-8894.683
"757",-8623.752
"758",-8870.005
"759",-8823.577
"760",-8945.471
"761",-8994.043
"762",-9137.051
"763",-9027.209
"764",-9045.034
"765",-8980.656
"766",-8629.098
"767",-8991.333
"768",-8975.061
"769",-8881.086
"770",-8850.563
"771",-8880.028
"772",-8931.618
"773",-8930.916
"774",-8869.472
"775",-8915.915
"776",-9093.035
"777",-8870.717
"778",-9102.891
"779",-8905.963
"780",-8809.404
"781",-8651.808
"782",-8938.246
"783",-8912.462
"784",-8692.162
"785",-8861.685
"786",-8856.449
"787",-8816.781
"788",-8712.676
"789",-9017.914
"790",-8952.907
"791",-8841.115
"792",-8763.7
"793",-8657.973
"794",-8991.82
"795",-8593.083
"796",-8892.936
"797",-9068.42
"798",-8901.445
"799",-8999.878
"800",-8962.228
"801",-8955.745
"802",-8815.756
"803",-8966.917
"804",-8937.464
"805",-9183.224
"806",-8958.576
"807",-9161.183
"808",-8872.084
"809",-8793.598
"810",-9046.94
"811",-9084.588
"812",-8966.221
"813",-8938.677
"814",-8943.11
"815",-8793.343
"816",-9068.317
"817",-8581.874
"818",-9170.677
"819",-8932.95
"820",-9315.617
"821",-9243.922
"822",-8987.434
"823",-8845.614
"824",-8773.546
"825",-8838.62
"826",-8833.854
"827",-9083.339
"828",-8668.511
"829",-8821.339
"830",-8749.482
"831",-8804.936
"832",-8846.213
"833",-9071.371
"834",-8758.153
"835",-8989.446
"836",-9051.532
"837",-8869.962
"838",-8991.773
"839",-9057.24
"840",-8946.235
"841",-9018.247
"842",-8716.422
"843",-9002.775
"844",-9242.342
"845",-8825.445
"846",-8915.643
"847",-8743.206
"848",-8820.2
"849",-9068.908
"850",-8888.126
"851",-8927.821
"852",-8975.129
"853",-9112.085
"854",-8927.943
"855",-9101.587
"856",-8957.655
"857",-8739.536
"858",-8934.311
"859",-8607.723
"860",-9077.069
"861",-8845.417
"862",-8790.293
"863",-8918.21
"864",-8808.368
"865",-8982.12
"866",-8954.434
"867",-8955.781
"868",-8813.11
"869",-8942.858
"870",-8933.187
"871",-9036.707
"872",-8960.11
"873",-8860.076
"874",-8885.523
"875",-9038.526
"876",-8961.649
"877",-8761.183
"878",-9056.2
"879",-8837.167
"880",-8506.112
"881",-9105.02
"882",-8964.162
"883",-9103.235
"884",-8992.294
"885",-8690.953
"886",-9134.987
"887",-9072.126
"888",-8720.66
"889",-9024.821
"890",-8924.193
"891",-9024.533
"892",-8982.551
"893",-8822.351
"894",-9032.836
"895",-8996.931
"896",-8892.287
"897",-8897.173
"898",-8570.659
"899",-8996.047
"900",-9041.964
"901",-8841.359
"902",-8820.438
"903",-8879.352
"904",-8797.966
"905",-8888.268
"906",-9057.622
"907",-9045.996
"908",-9063.35
"909",-8947.31
"910",-8631.114
"911",-9102.135
"912",-8842.633
"913",-8925.104
"914",-9362.264
"915",-9019.464
"916",-9176.177
"917",-8714.023
"918",-9003.211
"919",-8856.843
"920",-8915.434
"921",-8870.939
"922",-8946.121
"923",-8873.636
"924",-9087.67
"925",-8949.989
"926",-8874.229
"927",-8762.413
"928",-8783.951
"929",-8731.427
"930",-9166.011
"931",-8576.427
"932",-9035.606
"933",-8915.436
"934",-9066.906
"935",-8874.528
"936",-8626.174
"937",-9258.958
"938",-8700.07
"939",-8884.93
"940",-8860.606
"941",-9146.446
"942",-9277.448
"943",-8944.142
"944",-9141.77
"945",-8878.383
"946",-8822.655
"947",-8841.202
"948",-8976.481
"949",-9010.47
"950",-8906.383
"951",-8837.245
"952",-8990.451
"953",-8766.064
"954",-9123.913
"955",-9196.163
"956",-8860.265
"957",-8661.26
"958",-8690.49
"959",-8825.825
"960",-9010.604
"961",-9251.139
"962",-9053.942
"963",-8817.825
"964",-8738.562
"965",-8912.593
"966",-8489.418
"967",-8655.51
"968",-8887.103
"969",-8608.553
"970",-9153.573
"971",-8901.431
"972",-8779.459
"973",-8827.828
"974",-8884.419
"975",-8714.148
"976",-8976.115
"977",-9031.142
"978",-8935.098
"979",-8697.635
"980",-8877.528
"981",-8575.56
"982",-8950.186
"983",-8866.2
"984",-8693.302
"985",-8747.053
"986",-9194.987
"987",-8836.223
"988",-9019.641
"989",-8836.99
"990",-8855.468
"991",-8743.327
"992",-9061.173
"993",-8998.212
"994",-8919.639
"995",-8833.762
"996",-9014.296
"997",-9117.73
"998",-8974.245
"999",-8884.838
"1000",-8698.68
"1001",-7824.278
"1002",-8856.082
"1003",-8920.393
"1004",-9095.367
"1005",-8850.725
"1006",-8920.803
"1007",-8689.455
"1008",-9039.288
"1009",-8860.869
"1010",-9018.248
"1011",-8989.537
"1012",-8832.53
"1013",-8949.53
"1014",-8985.007
"1015",-8963.554
"1016",-8817.502
"1017",-8866.232
"1018",-8863.882
"1019",-8842.377
"1020",-8919.151
"1021",-9161.616
"1022",-8920.679
"1023",-8866.641
"1024",-9038.675
"1025",-8866.311
"1026",-9005.115
"1027",-8766.525
"1028",-8756.311
"1029",-9027.272
"1030",-9001.464
"1031",-8775.66
"1032",-8815.637
"1033",-9154.812
"1034",-9020.921
"1035",-8830.053
"1036",-8824.625
"1037",-8696.183
"1038",-8788.356
"1039",-8910.515
"1040",-9125.316
"1041",-9096.374
"1042",-8539.716
"1043",-8825.556
"1044",-8846.85
"1045",-8891.505
"1046",-9026.368
"1047",-8828.948
"1048",-9069.287
"1049",-9225.194
"1050",-8761.852
"1051",-8773.072
"1052",-8924.436
"1053",-9109.419
"1054",-8860.885
"1055",-9216.229
"1056",-8941.933
"1057",-8836.818
"1058",-8794.138
"1059",-8630.437
"1060",-8965.476
"1061",-8976.654
"1062",-8975.433
"1063",-8919.584
"1064",-8645.54
"1065",-9063.686
"1066",-9015.361
"1067",-9147.03
"1068",-8915.548
"1069",-8658.925
"1070",-9003.62
"1071",-8932.525
"1072",-8796.797
"1073",-8590.635
"1074",-9020.588
"1075",-8938.001
"1076",-9060.063
"1077",-9102.483
"1078",-8830.228
"1079",-9029.09
"1080",-9104.03
"1081",-8663.221
"1082",-8684.054
"1083",-8775.609
"1084",-8688.536
"1085",-8816.158
"1086",-9096.231
"1087",-9034.41
"1088",-8695.761
"1089",-8918.095
"1090",-8756.965
"1091",-8958.816
"1092",-9089.867
"1093",-8837.896
"1094",-8943.956
"1095",-8830.435
"1096",-8850.725
"1097",-8836.727
"1098",-9033.859
"1099",-8963.034
"1100",-9011.593
"1101",-8814.283
"1102",-8836.109
"1103",-8939.818
"1104",-8958.262
"1105",-8997.966
"1106",-8919.525
"1107",-8857.892
"1108",-9037.802
"1109",-8928.484
"1110",-8986.973
"1111",-8880.096
"1112",-9087.417
"1113",-9125.697
"1114",-8886.894
"1115",-8728.07
"1116",-8787.753
"1117",-8754.801
"1118",-8872.232
"1119",-8833.895
"1120",-8553.634
"1121",-9153.758
"1122",-8938.326
"1123",-8626.421
"1124",-8890.984
"1125",-8872.304
"1126",-9123.895
"1127",-8910.761
"1128",-8820.829
"1129",-8872.641
"1130",-8867.583
"1131",-8945.146
"1132",-8864.71
"1133",-8806.467
"1134",-8784.036
"1135",-8729.992
"1136",-9001.975
"1137",-8707.564
"1138",-8982.159
"1139",-9134.585
"1140",-8987.015
"1141",-8977.215
"1142",-9054.026
"1143",-8958.854
"1144",-8987.954
"1145",-8731.753
"1146",-8975.148
"1147",-9056.458
"1148",-8852.813
"1149",-8943.457
"1150",-8955.039
"1151",-9091.568
"1152",-8936.062
"1153",-8865.931
"1154",-8855.632
"1155",-9153.213
"1156",-8967.22
"1157",-9015.008
"1158",-9269.783
"1159",-8988.957
"1160",-8895.491
"1161",-9024.759
"1162",-8761.938
"1163",-8782.987
"1164",-9056.13
"1165",-8725.35
"1166",-9136.964
"1167",-8927.595
"1168",-8735.111
"1169",-8804.249
"1170",-8983.851
"1171",-8543.12
"1172",-9007.998
"1173",-8923.934
"1174",-9006.517
"1175",-8886.439
"1176",-8882.546
"1177",-9009.982
"1178",-8822.161
"1179",-8806.047
"1180",-9052.937
"1181",-8923.207
"1182",-8938.782
"1183",-8935.727
"1184",-8519.219
"1185",-8798.242
"1186",-8938.144
"1187",-9063.431
"1188",-8963.351
"1189",-9100.493
"1190",-9188.992
"1191",-8930.307
"1192",-9009.436
"1193",-9170.547
"1194",-9026.63
"1195",-8923.481
"1196",-8958.239
"1197",-8864.341
"1198",-8946.959
"1199",-8675.062
"1200",-8829.179
"1201",-8841.612
"1202",-8752.745
"1203",-9123.075
"1204",-8830.383
"1205",-8929.059
"1206",-8905.242
"1207",-8933.434
"1208",-8786.025
"1209",-8744.897
"1210",-8930.947
"1211",-8718.333
"1212",-8960.041
"1213",-8776.543
"1214",-8913.212
"1215",-8813.217
"1216",-8608.482
"1217",-8954.431
"1218",-9092.862
"1219",-8773.636
"1220",-9007.089
"1221",-9132.447
"1222",-9174.083
"1223",-8960.055
"1224",-8745.856
"1225",-8940.292
"1226",-8945.651
"1227",-8865.089
"1228",-8772.872
"1229",-8741.439
"1230",-9315.263
"1231",-9075.84
"1232",-8747.793
"1233",-8872.661
"1234",-8930.778
"1235",-9031.352
"1236",-9103.048
"1237",-8641.211
"1238",-8978.554
"1239",-8756.975
"1240",-8708.781
"1241",-8815.847
"1242",-8666.949
"1243",-8755.207
"1244",-9046.781
"1245",-9226.97
"1246",-9016.009
"1247",-8648.904
"1248",-8910.565
"1249",-8705.202
"1250",-9188.764
"1251",-8910.865
"1252",-9003.237
"1253",-8902.762
"1254",-8981.837
"1255",-8784.397
"1256",-8963.95
"1257",-8792.478
"1258",-8789.6
"1259",-8858.49
"1260",-9229.303
"1261",-8851.279
"1262",-8990.402
"1263",-8936.297
"1264",-9063.888
"1265",-8859.888
"1266",-8934.885
"1267",-8696.315
"1268",-9084.358
"1269",-8792.337
"1270",-9098.402
"1271",-9134.966
"1272",-8853.244
"1273",-8805.216
"1274",-8640.981
"1275",-8955.844
"1276",-9138.382
"1277",-8897.219
"1278",-8901.411
"1279",-8966.251
"1280",-8690.394
"1281",-8978.028
"1282",-8792.414
"1283",-8881.919
"1284",-8876.587
"1285",-8732.62
"1286",-8959.064
"1287",-8895.629
"1288",-9068.019
"1289",-8712.899
"1290",-8887.813
"1291",-8838.658
"1292",-8787.884
"1293",-9035.868
"1294",-8950.734
"1295",-8928.418
"1296",-8754.357
"1297",-8899.239
"1298",-8989.524
"1299",-8899.877
"1300",-8839.311
"1301",-8878.087
"1302",-9004.071
"1303",-8793.916
"1304",-8877.804
"1305",-8915.151
"1306",-8820.818
"1307",-8894.092
"1308",-8880.27
"1309",-8991.209
"1310",-8863.41
"1311",-9022.438
"1312",-9270.215
"1313",-9008.863
"1314",-8734.102
"1315",-8589.327
"1316",-8862.744
"1317",-9137.662
"1318",-8946.647
"1319",-8852.191
"1320",-9089.728
"1321",-8894.578
"1322",-8814.919
"1323",-8676.487
"1324",-8541.164
"1325",-8904.055
"1326",-8943.52
"1327",-8847.061
"1328",-9060.395
"1329",-8793.593
"1330",-8830.013
"1331",-8820.085
"1332",-8796.196
"1333",-8858.201
"1334",-8823.342
"1335",-9191.451
"1336",-8906.655
"1337",-9131.844
"1338",-9011.821
"1339",-8826.171
"1340",-8939.562
"1341",-9000.239
"1342",-8648.238
"1343",-8815.539
"1344",-8901.752
"1345",-9028.875
"1346",-9318.592
"1347",-9039.041
"1348",-8834.796
"1349",-8885.51
"1350",-9088.085
"1351",-9085.009
"1352",-8845.11
"1353",-8938.051
"1354",-8856.589
"1355",-8936.447
"1356",-9009.089
"1357",-8762.464
"1358",-8763.784
"1359",-9110.87
"1360",-8840.417
"1361",-8783.915
"1362",-8827.718
"1363",-9034.763
"1364",-8919.935
"1365",-8828.257
"1366",-8870.163
"1367",-8938.981
"1368",-9034.078
"1369",-9154.723
"1370",-9068.182
"1371",-8777.103
"1372",-8695.633
"1373",-9148.483
"1374",-9038.108
"1375",-8797.547
"1376",-8893.14
"1377",-8723.091
"1378",-9107.689
"1379",-9050.998
"1380",-8571.585
"1381",-8878.525
"1382",-8644.602
"1383",-8976.435
"1384",-9047.684
"1385",-8911.326
"1386",-8802.867
"1387",-8860.773
"1388",-8805.615
"1389",-8720.071
"1390",-8799.505
"1391",-9117.845
"1392",-9009.951
"1393",-8938.713
"1394",-9037.512
"1395",-8960.579
"1396",-8810.757
"1397",-8808.041
"1398",-9022.715
"1399",-9003.9
"1400",-9081.36
"1401",-9131.621
"1402",-8737.008
"1403",-9027.287
"1404",-8886.799
"1405",-9064.517
"1406",-9059.146
"1407",-8904.115
"1408",-8834.795
"1409",-8902.041
"1410",-8755.249
"1411",-8789.328
"1412",-9060.133
"1413",-8784.443
"1414",-8776.898
"1415",-9071.639
"1416",-9020.498
"1417",-9037.107
"1418",-8571.901
"1419",-8897.575
"1420",-9061.441
"1421",-8771.241
"1422",-8745.6
"1423",-9078.775
"1424",-9133.822
"1425",-8772.168
"1426",-9007.506
"1427",-8861.522
"1428",-8812.162
"1429",-8625.169
"1430",-9048.109
"1431",-8921.404
"1432",-9033.607
"1433",-9195.638
"1434",-8777.933
"1435",-8997.787
"1436",-8954.78
"1437",-8867.663
"1438",-9176.104
"1439",-8912.636
"1440",-9098.175
"1441",-9191.178
"1442",-8899.823
"1443",-8872.617
"1444",-8761.454
"1445",-8878.623
"1446",-8812.819
"1447",-8693.34
"1448",-8806.09
"1449",-8989.834
"1450",-8690.797
"1451",-8831.626
"1452",-8809.65
"1453",-8878.985
"1454",-9112.851
"1455",-8652.356
"1456",-8928.06
"1457",-9102.043
"1458",-8782.095
"1459",-8804.327
"1460",-8600.305
"1461",-8784.676
"1462",-8727.797
"1463",-8991.061
"1464",-8723.305
"1465",-8931.184
"1466",-8769.553
"1467",-9007.721
"1468",-8630.068
"1469",-9160.623
"1470",-8925.322
"1471",-9008.1
"1472",-8933.372
"1473",-8699.968
"1474",-8787.917
"1475",-8774.245
"1476",-8959.01
"1477",-8818.995
"1478",-8711.184
"1479",-9095.973
"1480",-8959.919
"1481",-8834.358
"1482",-8975.323
"1483",-8740.167
"1484",-9086.917
"1485",-8886.807
"1486",-8948.113
"1487",-8766.321
"1488",-8790.015
"1489",-8748.803
"1490",-8697.863
"1491",-9166.876
"1492",-8803.546
"1493",-8966.726
"1494",-8709.915
"1495",-9149.022
"1496",-8839.425
"1497",-8881.564
"1498",-9018.897
"1499",-8889.455
"1500",-9113.675
"1501",-9089.742
"1502",-8924.468
"1503",-8911.126
"1504",-8940.441
"1505",-9025.501
"1506",-8547.089
"1507",-8964.034
"1508",-9090.092
"1509",-8997.311
"1510",-8972.984
"1511",-8991.304
"1512",-8725.162
"1513",-8991.634
"1514",-8978.7
"1515",-9006.025
"1516",-9153.332
"1517",-8906.793
"1518",-9068.463
"1519",-9075.719
"1520",-9035.998
"1521",-8953.705
"1522",-8928.439
"1523",-8868.969
"1524",-8928.705
"1525",-9038.176
"1526",-8882.656
"1527",-9020.763
"1528",-8967.715
"1529",-8867.246
"1530",-8921.836
"1531",-9007.743
"1532",-8925.574
"1533",-8897.243
"1534",-8870.591
"1535",-8801.285
"1536",-9132.747
"1537",-8965.538
"1538",-8986.095
"1539",-8915.234
"1540",-8844.886
"1541",-8631.055
"1542",-8899.773
"1543",-9048.758
"1544",-8969.232
"1545",-9032.87
"1546",-8972.158
"1547",-8929.833
"1548",-8831.026
"1549",-9049.645
"1550",-8865.004
"1551",-8945.155
"1552",-8932.998
"1553",-8633.518
"1554",-8908.931
"1555",-8945.176
"1556",-8610.863
"1557",-9041.412
"1558",-8732.551
"1559",-8795.976
"1560",-8978.496
"1561",-8989.847
"1562",-9033.032
"1563",-8837.361
"1564",-8969.552
"1565",-8918.783
"1566",-8874.296
"1567",-8838.724
"1568",-9007.595
"1569",-9204.43
"1570",-8935.17
"1571",-8797.192
"1572",-8588.982
"1573",-8898.856
"1574",-8874.95
"1575",-9014.958
"1576",-8746.958
"1577",-8986.866
"1578",-9050.87
"1579",-8965.056
"1580",-9023.662
"1581",-9085.746
"1582",-9129.902
"1583",-9110.111
"1584",-8808.258
"1585",-8842.198
"1586",-9051.102
"1587",-8816.89
"1588",-8943.357
"1589",-9290.996
"1590",-9139.534
"1591",-8905.088
"1592",-8942.239
"1593",-8636.103
"1594",-9007.278
"1595",-9062.038
"1596",-8981.152
"1597",-9098.434
"1598",-9139.784
"1599",-8813.101
"1600",-8863.424
"1601",-9170.303
"1602",-9042.637
"1603",-9028.873
"1604",-8872.978
"1605",-9076.821
"1606",-8841.833
"1607",-8975.558
"1608",-9138.406
"1609",-9125.693
"1610",-9029.033
"1611",-8685.481
"1612",-8899.604
"1613",-8809.087
"1614",-9118.1
"1615",-8872.826
"1616",-9219.973
"1617",-8870.244
"1618",-9087.545
"1619",-8846.814
"1620",-8966.485
"1621",-9075.057
"1622",-8805.765
"1623",-8818.361
"1624",-8798.399
"1625",-9033.387
"1626",-8697.771
"1627",-8696.985
"1628",-8883.759
"1629",-8963.755
"1630",-8905.841
"1631",-9066.641
"1632",-9176.106
"1633",-8600.352
"1634",-9151.761
"1635",-9019.959
"1636",-9069.576
"1637",-8767.366
"1638",-8951.196
"1639",-9147.407
"1640",-8952.617
"1641",-9002.407
"1642",-9106.287
"1643",-8719.666
"1644",-8953.874
"1645",-9031.638
"1646",-8920.887
"1647",-8889.142
"1648",-9003.859
"1649",-9172.783
"1650",-8703.406
"1651",-9264.367
"1652",-8839.159
"1653",-8980.983
"1654",-8585.009
"1655",-8962.008
"1656",-9055.454
"1657",-8865.697
"1658",-8864.169
"1659",-8658.162
"1660",-8928.938
"1661",-8759.354
"1662",-9008.131
"1663",-8690.667
"1664",-8951.79
"1665",-8993.036
"1666",-9189.231
"1667",-9154.696
"1668",-8748.919
"1669",-9044.169
"1670",-8644.735
"1671",-8815.381
"1672",-8685.03
"1673",-8911.175
"1674",-8390.827
"1675",-8798
"1676",-9157.256
"1677",-9237.834
"1678",-8874.075
"1679",-8924.152
"1680",-9164.185
"1681",-9025.568
"1682",-8849.841
"1683",-8980.089
"1684",-8741.867
"1685",-8937.177
"1686",-8903.831
"1687",-8844.595
"1688",-8692.992
"1689",-8881.216
"1690",-9001.142
"1691",-8951.187
"1692",-9043.702
"1693",-8999.595
"1694",-8641.797
"1695",-8715.125
"1696",-8525.414
"1697",-8887.127
"1698",-8703.578
"1699",-8970.354
"1700",-8883.445
"1701",-9045.535
"1702",-8953.117
"1703",-8873.371
"1704",-9004.172
"1705",-8822.116
"1706",-8997.331
"1707",-9154.546
"1708",-8992.321
"1709",-9083.119
"1710",-8857.028
"1711",-8878.584
"1712",-8884.071
"1713",-8878.527
"1714",-8671.266
"1715",-8806.44
"1716",-8960.252
"1717",-8858.843
"1718",-8948.19
"1719",-8727.749
"1720",-8916.771
"1721",-8836.014
"1722",-8783.708
"1723",-8694.911
"1724",-8765.282
"1725",-8869.459
"1726",-8936.506
"1727",-8755.562
"1728",-8657.761
"1729",-8738.606
"1730",-8683.634
"1731",-8772.856
"1732",-8880.856
"1733",-8791.583
"1734",-8884.681
"1735",-8908.577
"1736",-8837.38
"1737",-8844.538
"1738",-8966.184
"1739",-8784.787
"1740",-8792.967
"1741",-8926.118
"1742",-8954.891
"1743",-9055.789
"1744",-8808.723
"1745",-8995.475
"1746",-9052.484
"1747",-8977.587
"1748",-8948.247
"1749",-9274.683
"1750",-8763.451
"1751",-8852.261
"1752",-9122.901
"1753",-9031.879
"1754",-8777.684
"1755",-8947.6
"1756",-8892.715
"1757",-8599.525
"1758",-9111.707
"1759",-8742.682
"1760",-9221.026
"1761",-8782.606
"1762",-9187.977
"1763",-8855.085
"1764",-8750.118
"1765",-8984.952
"1766",-8997.346
"1767",-9223.867
"1768",-8990.104
"1769",-8754.635
"1770",-8888.99
"1771",-8818.866
"1772",-9081.045
"1773",-8903.117
"1774",-9022.861
"1775",-8976.146
"1776",-8912.403
"1777",-8843.381
"1778",-8789.67
"1779",-8979.087
"1780",-8983.327
"1781",-8796.301
"1782",-8915.95
"1783",-8791.969
"1784",-8918.257
"1785",-8822.944
"1786",-8911.136
"1787",-8889.099
"1788",-8852.007
"1789",-8979.826
"1790",-8952.278
"1791",-9011.585
"1792",-9088.941
"1793",-8752.206
"1794",-8847.5
"1795",-9087.457
"1796",-9094.778
"1797",-9317.941
"1798",-8611.641
"1799",-8810.756
"1800",-9129.784
"1801",-8879.244
"1802",-8784.51
"1803",-8898.576
"1804",-9030.503
"1805",-8933.861
"1806",-8928.749
"1807",-8695.143
"1808",-9173.592
"1809",-8913.068
"1810",-9102.454
"1811",-9106.149
"1812",-8569.011
"1813",-8885.914
"1814",-8997.251
"1815",-8920.761
"1816",-8963.316
"1817",-8594.686
"1818",-8792.597
"1819",-8994.445
"1820",-8927.15
"1821",-9104.504
"1822",-8899.067
"1823",-9033.582
"1824",-9158.914
"1825",-8822.61
"1826",-9190.704
"1827",-8778.359
"1828",-8924.297
"1829",-8642.814
"1830",-9071.959
"1831",-8952.547
"1832",-8862.212
"1833",-9142.923
"1834",-8851.65
"1835",-8891.441
"1836",-8763
"1837",-8936.049
"1838",-8886.351
"1839",-8882.386
"1840",-8620.72
"1841",-8990.895
"1842",-8844.608
"1843",-9081.052
"1844",-8857.949
"1845",-9175.685
"1846",-8938.562
"1847",-8772.349
"1848",-9183.364
"1849",-8714.436
"1850",-8846.765
"1851",-9259.852
"1852",-8933.621
"1853",-8947.307
"1854",-9050.644
"1855",-8930.733
"1856",-8793.812
"1857",-8944.424
"1858",-8990.277
"1859",-8878.489
"1860",-8813.926
"1861",-9087.465
"1862",-8998.385
"1863",-8961.527
"1864",-8718.306
"1865",-8905.987
"1866",-8934.604
"1867",-8778.386
"1868",-9050.976
"1869",-8892.868
"1870",-9058.948
"1871",-8992.02
"1872",-8904.638
"1873",-9000.05
"1874",-9049.929
"1875",-8686.76
"1876",-9082.715
"1877",-9095.266
"1878",-8860.309
"1879",-8865.075
"1880",-8891.037
"1881",-8782.308
"1882",-9138.847
"1883",-8810.598
"1884",-9068.552
"1885",-9151.758
"1886",-8857.474
"1887",-9045.995
"1888",-8732.34
"1889",-8881.904
"1890",-8836.335
"1891",-8831.248
"1892",-9084.204
"1893",-8824.659
"1894",-8721.856
"1895",-9066.832
"1896",-8871.716
"1897",-8880.859
"1898",-9076.001
"1899",-8570.415
"1900",-8964.271
"1901",-8765.565
"1902",-8801.229
"1903",-8996.187
"1904",-9030.258
"1905",-9009.495
"1906",-8795.064
"1907",-8964.047
"1908",-8952.821
"1909",-8922.941
"1910",-9048.753
"1911",-8985.123
"1912",-9172.459
"1913",-8807.561
"1914",-9028.312
"1915",-8846.044
"1916",-9052.107
"1917",-8798.834
"1918",-8962.484
"1919",-8899.838
"1920",-8773.637
"1921",-9093.05
"1922",-9177.297
"1923",-9063.802
"1924",-8883.211
"1925",-9123.059
"1926",-8984.053
"1927",-8852.985
"1928",-8604.345
"1929",-8836.562
"1930",-9081.43
"1931",-9031.461
"1932",-8747.005
"1933",-9082.964
"1934",-8899.954
"1935",-8762.536
"1936",-9003.599
"1937",-9049.59
"1938",-9088.916
"1939",-8791.977
"1940",-8976.891
"1941",-8921.593
"1942",-8912.061
"1943",-9032.861
"1944",-8918.817
"1945",-8937.649
"1946",-9162.891
"1947",-8962.881
"1948",-8889.301
"1949",-8769.497
"1950",-8803.938
"1951",-8849.295
"1952",-8897.058
"1953",-8851.902
"1954",-8896.476
"1955",-8842.165
"1956",-8939.483
"1957",-8940.907
"1958",-8861.687
"1959",-8672.814
"1960",-8797.139
"1961",-8848.657
"1962",-8819.455
"1963",-8723.573
"1964",-8820.239
"1965",-8838.528
"1966",-8985.001
"1967",-8866.631
"1968",-9113.236
"1969",-8975.651
"1970",-9085.242
"1971",-9145.636
"1972",-8816.042
"1973",-8991.264
"1974",-8641.265
"1975",-8984.138
"1976",-9011.625
"1977",-8934.382
"1978",-9028.272
"1979",-8632.559
"1980",-8865.166
"1981",-8823.319
"1982",-9023.709
"1983",-9178.558
"1984",-8923.809
"1985",-8697.625
"1986",-9197.647
"1987",-8943.129
"1988",-8851.192
"1989",-8950.895
"1990",-9092.856
"1991",-8875.774
"1992",-8747.395
"1993",-8560.72
"1994",-8856.294
"1995",-9090.17
"1996",-8890.029
"1997",-8862.858
"1998",-9012.516
"1999",-8848.869
"2000",-9046.886
"2001",-9328.384
"2002",-8723.782
"2003",-8946.875
"2004",-9028.103
"2005",-8654.169
"2006",-8612.796
"2007",-8748.299
"2008",-8926.509
"2009",-9052.757
"2010",-8901.366
"2011",-8917.494
"2012",-8955.512
"2013",-8910.602
"2014",-8748.944
"2015",-8815.772
"2016",-8917.814
"2017",-8907.521
"2018",-8825.035
"2019",-8954.911
"2020",-9019.91
"2021",-8953.284
"2022",-8719.564
"2023",-8695.55
"2024",-8926.192
"2025",-8807.321
"2026",-9120.218
"2027",-8858.699
"2028",-8852.128
"2029",-8785.785
"2030",-9005.704
"2031",-8745.276
"2032",-8877.189
"2033",-8986.592
"2034",-8757.173
"2035",-8918.399
"2036",-8964.451
"2037",-8781.801
"2038",-9150.523
"2039",-9055.583
"2040",-8882.196
"2041",-9161.569
"2042",-8899.968
"2043",-8923.331
"2044",-8692.685
"2045",-8583.126
"2046",-9007.474
"2047",-9012.185
"2048",-8864.509
"2049",-8798.539
"2050",-8758.353
"2051",-8826.059
"2052",-8793.314
"2053",-8910.028
"2054",-9042.246
"2055",-8792.103
"2056",-8974.705
"2057",-8857.594
"2058",-8781.847
"2059",-8839.421
"2060",-8931.035
"2061",-8851.349
"2062",-8871.905
"2063",-9142.844
"2064",-8941.396
"2065",-8620.227
"2066",-8819.083
"2067",-9038.773
"2068",-8828.551
"2069",-8777.15
"2070",-8823.062
"2071",-9019.177
"2072",-9110.65
"2073",-8983.562
"2074",-9230.802
"2075",-8841.078
"2076",-8970.489
"2077",-8897.037
"2078",-8999.82
"2079",-8980.716
"2080",-8847.803
"2081",-9000.398
"2082",-8742.174
"2083",-9082.323
"2084",-8845.392
"2085",-8902.902
"2086",-8875.163
"2087",-8813.734
"2088",-9109.943
"2089",-8531.93
"2090",-9047.55
"2091",-9080.242
"2092",-8795.76
"2093",-9289.71
"2094",-8987.406
"2095",-9131.667
"2096",-8926.462
"2097",-8886.174
"2098",-8795.377
"2099",-8923.78
"2100",-8847.243
"2101",-8942.817
"2102",-8795.49
"2103",-8635.282
"2104",-8879.542
"2105",-9024.416
"2106",-9099.251
"2107",-8616.804
"2108",-8973.095
"2109",-8866.355
"2110",-8794.399
"2111",-9090.602
"2112",-8862.37
"2113",-8982.8
"2114",-9060.61
"2115",-8485.374
"2116",-8973.973
"2117",-8916.515
"2118",-8835.421
"2119",-8821.691
"2120",-8999.482
"2121",-9052.942
"2122",-8571.172
"2123",-9031.879
"2124",-8875.396
"2125",-8890.067
"2126",-8813.336
"2127",-9002.109
"2128",-8847.368
"2129",-8843.818
"2130",-8835.114
"2131",-9191.906
"2132",-8691.954
"2133",-9128.292
"2134",-8758.698
"2135",-8766.507
"2136",-8895.605
"2137",-8742.299
"2138",-8743.748
"2139",-9088.399
"2140",-9249.022
"2141",-8964.386
"2142",-8825.484
"2143",-8695.417
"2144",-8876.17
"2145",-9102.815
"2146",-8804.427
"2147",-8637.273
"2148",-9018.38
"2149",-8925.36
"2150",-8937.896
"2151",-8996.365
"2152",-9118.713
"2153",-8867.147
"2154",-9003.008
"2155",-8740.382
"2156",-9020.587
"2157",-9185.886
"2158",-8942.123
"2159",-8820.002
"2160",-8877.523
"2161",-8653.603
"2162",-8693.131
"2163",-8704.281
"2164",-8942.039
"2165",-8919.646
"2166",-8843.687
"2167",-8748.781
"2168",-8897.862
"2169",-9068.3
"2170",-9090.472
"2171",-8931.676
"2172",-9006.416
"2173",-8908.937
"2174",-8929.256
"2175",-8873.703
"2176",-8593.638
"2177",-8826.59
"2178",-8988.813
"2179",-8916.2
"2180",-8980.017
"2181",-8702.326
"2182",-9017.756
"2183",-9013.842
"2184",-9078.833
"2185",-9009.769
"2186",-8959.858
"2187",-8825.223
"2188",-8879.498
"2189",-8975.06
"2190",-8800.762
"2191",-9032.082
"2192",-8873.965
"2193",-8879.514
"2194",-9018.765
"2195",-8739.572
"2196",-8809.233
"2197",-8960.161
"2198",-8814.154
"2199",-8776.685
"2200",-9051.27
"2201",-8995.262
"2202",-8938.967
"2203",-8772.928
"2204",-8894.873
"2205",-8718.537
"2206",-9028.979
"2207",-8709.887
"2208",-8928.26
"2209",-8723.58
"2210",-9080.544
"2211",-8821.532
"2212",-8878.932
"2213",-9177.007
"2214",-8832.118
"2215",-9054.435
"2216",-8814.008
"2217",-8868.253
"2218",-8875.888
"2219",-8904.864
"2220",-8953.691
"2221",-8843.44
"2222",-9191.922
"2223",-8716.747
"2224",-9023.641
"2225",-8759.726
"2226",-8865.158
"2227",-9020.333
"2228",-9116.597
"2229",-9082.551
"2230",-9016.98
"2231",-8855.858
"2232",-8920.607
"2233",-8931.305
"2234",-9067.945
"2235",-8718.975
"2236",-8912.871
"2237",-8857.836
"2238",-9063.887
"2239",-8877.066
"2240",-8920.888
"2241",-8998.508
"2242",-8858.26
"2243",-8972.955
"2244",-9003.296
"2245",-8826.549
"2246",-8904.299
"2247",-8889.4
"2248",-8584.835
"2249",-8653.884
"2250",-9081.96
"2251",-8608.866
"2252",-8961.032
"2253",-9108.406
"2254",-9103.589
"2255",-8781.088
"2256",-9005.524
"2257",-8854.048
"2258",-8824.696
"2259",-9216.395
"2260",-8955.887
"2261",-8809.011
"2262",-8688.312
"2263",-8784.46
"2264",-8933.087
"2265",-8865.642
"2266",-9108.741
"2267",-8844.495
"2268",-8941.822
"2269",-8957.015
"2270",-9049.912
"2271",-8813.836
"2272",-8802.535
"2273",-8991.429
"2274",-8811.364
"2275",-8650.468
"2276",-8757.36
"2277",-8770.086
"2278",-8767.256
"2279",-8988.568
"2280",-8971.052
"2281",-8819.618
"2282",-8938.252
"2283",-8890.423
"2284",-8820.584
"2285",-8952.258
"2286",-8963.666
"2287",-9036.062
"2288",-8889.385
"2289",-8853.425
"2290",-9138.299
"2291",-9006.165
"2292",-8823.08
"2293",-8756.695
"2294",-8887.541
"2295",-8778.841
"2296",-8838.668
"2297",-8912.272
"2298",-8900.608
"2299",-8855.533
"2300",-8907.926
"2301",-8916.087
"2302",-8926.133
"2303",-9135.941
"2304",-9027.367
"2305",-9013.802
"2306",-8669.923
"2307",-8937.038
"2308",-9100.81
"2309",-9254.093
"2310",-8978.723
"2311",-8706.628
"2312",-8925.601
"2313",-9256.822
"2314",-8793.322
"2315",-8993.137
"2316",-9209.743
"2317",-8828.039
"2318",-8532.369
"2319",-8789.941
"2320",-8670.356
"2321",-8692.467
"2322",-8614.973
"2323",-8962.719
"2324",-8854.11
"2325",-9014.683
"2326",-9029.915
"2327",-9111.799
"2328",-9158.311
"2329",-8932.863
"2330",-8867.804
"2331",-8948.175
"2332",-8831.362
"2333",-8903.749
"2334",-8824.439
"2335",-8838.083
"2336",-9297.065
"2337",-9005.901
"2338",-8942.015
"2339",-8761.802
"2340",-8952.144
"2341",-8715.085
"2342",-8920.406
"2343",-8731.815
"2344",-9015.302
"2345",-8848.606
"2346",-8547.802
"2347",-8946.557
"2348",-8829.251
"2349",-8748.058
"2350",-9061.274
"2351",-9075.479
"2352",-8754.402
"2353",-9089.324
"2354",-9023.311
"2355",-8891.913
"2356",-9004.744
"2357",-8924.687
"2358",-8957.647
"2359",-8947.29
"2360",-8887.56
"2361",-9195.016
"2362",-8799.941
"2363",-9062.494
"2364",-9055.687
"2365",-8672.362
"2366",-9039.394
"2367",-9204.299
"2368",-8869.238
"2369",-8853.892
"2370",-8656.6
"2371",-8813.624
"2372",-8726.463
"2373",-8600.92
"2374",-8836.205
"2375",-8831.621
"2376",-8718.329
"2377",-8779.379
"2378",-8725.004
"2379",-8940.14
"2380",-8935.356
"2381",-8949.38
"2382",-9218.711
"2383",-8763.887
"2384",-8687.521
"2385",-8758.143
"2386",-8776.398
"2387",-8761.497
"2388",-9276.371
"2389",-9045.341
"2390",-8824.64
"2391",-8592.36
"2392",-8735.065
"2393",-8996.609
"2394",-8908.644
"2395",-9020.595
"2396",-8815.198
"2397",-9094.044
"2398",-8906.508
"2399",-8653.247
"2400",-8919.184
"2401",-8893.238
"2402",-8976.025
"2403",-9083.4
"2404",-9132.511
"2405",-8907.94
"2406",-8744.454
"2407",-8770.24
"2408",-8948.237
"2409",-8858.384
"2410",-8550.873
"2411",-9005.08
"2412",-8905.167
"2413",-8716.555
"2414",-8830.468
"2415",-9001.417
"2416",-8653.017
"2417",-8993.339
"2418",-8883.693
"2419",-8630.41
"2420",-8797.422
"2421",-8925.637
"2422",-8976.136
"2423",-8844.494
"2424",-9008.736
"2425",-8900.031
"2426",-8730.675
"2427",-8631.088
"2428",-8691.195
"2429",-8823.813
"2430",-8840.868
"2431",-8652.865
"2432",-9159.482
"2433",-9052.868
"2434",-8631.096
"2435",-8925.194
"2436",-8890.938
"2437",-8824.483
"2438",-8903.843
"2439",-8953.891
"2440",-8966.154
"2441",-8880.041
"2442",-9048.946
"2443",-8637.194
"2444",-9035.868
"2445",-9019.448
"2446",-8754.517
"2447",-8871.064
"2448",-8763.049
"2449",-9082.008
"2450",-8761.282
"2451",-8926.058
"2452",-8791.14
"2453",-8701.078
"2454",-8832.489
"2455",-8702.66
"2456",-8800.295
"2457",-9014.625
"2458",-8879.143
"2459",-8743.317
"2460",-8812.289
"2461",-9020.687
"2462",-8985.615
"2463",-8902.961
"2464",-8810.667
"2465",-9042.902
"2466",-8847.722
"2467",-9031.097
"2468",-8859.979
"2469",-8786.898
"2470",-8830.855
"2471",-8831.996
"2472",-8979.462
"2473",-9006.204
"2474",-8849.555
"2475",-8831.919
"2476",-8867.918
"2477",-8766.956
"2478",-8968.25
"2479",-8923.388
"2480",-8992.026
"2481",-8815.112
"2482",-8771.825
"2483",-8840.073
"2484",-8706.261
"2485",-8944.665
"2486",-9122.698
"2487",-8758.386
"2488",-8903.614
"2489",-8620.211
"2490",-8803.23
"2491",-8928.321
"2492",-8684.916
"2493",-8998.888
"2494",-8981.152
"2495",-9230.43
"2496",-8800.143
"2497",-8869.171
"2498",-8851.61
"2499",-8842.74
"2500",-8946.75
"2501",-9005.332
"2502",-8906.726
"2503",-9118.381
"2504",-9017.019
"2505",-9152.961
"2506",-8579.36
"2507",-8870.272
"2508",-8822.576
"2509",-9024.886
"2510",-8937.122
"2511",-8858.631
"2512",-9162.692
"2513",-8824.546
"2514",-8688.046
"2515",-9150.178
"2516",-9108.395
"2517",-9106.856
"2518",-8879.206
"2519",-8787.297
"2520",-8977.085
"2521",-9091.902
"2522",-9072.454
"2523",-8818.157
"2524",-8742.239
"2525",-8978.345
"2526",-9136.586
"2527",-8737.716
"2528",-8885.184
"2529",-9142.748
"2530",-9128.776
"2531",-8657.421
"2532",-8995.174
"2533",-8969.658
"2534",-8713.756
"2535",-8502.136
"2536",-9009.565
"2537",-9130.002
"2538",-8924.982
"2539",-8765.121
"2540",-8868.045
"2541",-8974.052
"2542",-8886.631
"2543",-8870.004
"2544",-9196.341
"2545",-8955.735
"2546",-8859.747
"2547",-8915.225
"2548",-8682.321
"2549",-8901.037
"2550",-9213.747
"2551",-9070.466
"2552",-8844.962
"2553",-9090.709
"2554",-8995.759
"2555",-9112.67
"2556",-9098.094
"2557",-8970.165
"2558",-8963.916
"2559",-8715.108
"2560",-8988.012
"2561",-8842.296
"2562",-8689.268
"2563",-9313.626
"2564",-8575.446
"2565",-8672.802
"2566",-8695.571
"2567",-8826.78
"2568",-8952.364
"2569",-8726.893
"2570",-9051.575
"2571",-8881.237
"2572",-8464.931
"2573",-8704.67
"2574",-9178.804
"2575",-9058.891
"2576",-8882.882
"2577",-8668.093
"2578",-8827.715
"2579",-8774.882
"2580",-8932.661
"2581",-8617.283
"2582",-8909.342
"2583",-8940.023
"2584",-8684.038
"2585",-8751.609
"2586",-8905.358
"2587",-8790.796
"2588",-8823.541
"2589",-9007.674
"2590",-9053.661
"2591",-8769.24
"2592",-8833.305
"2593",-8969.612
"2594",-8625.83
"2595",-8790.256
"2596",-8917.927
"2597",-8577.438
"2598",-9208.176
"2599",-8720.827
"2600",-8965.233
"2601",-8962.276
"2602",-8914.148
"2603",-9136.364
"2604",-8914.213
"2605",-8936.274
"2606",-9007.328
"2607",-8910.698
"2608",-8916.574
"2609",-8798.358
"2610",-8922.164
"2611",-8889.633
"2612",-8917.048
"2613",-8832.23
"2614",-8981.01
"2615",-8992.623
"2616",-9000.648
"2617",-9148.716
"2618",-8897.958
"2619",-8935.361
"2620",-9037.289
"2621",-9015.496
"2622",-9028.207
"2623",-8793.442
"2624",-8900.992
"2625",-8776.089
"2626",-8947.311
"2627",-8832.567
"2628",-8909.106
"2629",-8977.805
"2630",-8628.208
"2631",-8923.422
"2632",-8881.731
"2633",-8809.987
"2634",-8831.605
"2635",-8971.324
"2636",-8701.883
"2637",-8861.288
"2638",-8998.236
"2639",-8774.069
"2640",-8699.819
"2641",-8996.754
"2642",-8882.483
"2643",-8905.228
"2644",-8798.367
"2645",-8936.087
"2646",-8724.668
"2647",-8902.281
"2648",-8887.339
"2649",-8840.293
"2650",-8960.486
"2651",-8978.093
"2652",-9205.173
"2653",-9042.098
"2654",-8930.756
"2655",-9008.631
"2656",-9006.886
"2657",-8906.857
"2658",-8985.789
"2659",-9015.487
"2660",-8591.841
"2661",-8989.777
"2662",-8930.786
"2663",-8788.862
"2664",-8711.216
"2665",-8695.062
"2666",-9090.169
"2667",-9036.485
"2668",-9094.571
"2669",-8817.15
"2670",-8959.799
"2671",-8975.095
"2672",-8708.547
"2673",-8981.746
"2674",-8906.541
"2675",-8936.66
"2676",-8925.884
"2677",-8635.056
"2678",-8982.316
"2679",-8881.157
"2680",-8783.112
"2681",-8939.1
"2682",-8897.479
"2683",-8907.206
"2684",-9105.942
"2685",-9184.366
"2686",-8775.8
"2687",-8882.418
"2688",-9105.687
"2689",-8939.462
"2690",-8991.554
"2691",-9090.7
"2692",-9074.868
"2693",-9016.386
"2694",-8782.769
"2695",-9210.382
"2696",-8869.001
"2697",-9046.371
"2698",-8778.801
"2699",-9036.034
"2700",-8703.947
"2701",-9145.013
"2702",-8976.522
"2703",-9164.058
"2704",-8809.558
"2705",-8724.8
"2706",-9110.548
"2707",-8881.22
"2708",-9284.724
"2709",-8991.812
"2710",-9044.149
"2711",-8886.319
"2712",-8985.055
"2713",-8718.287
"2714",-8805.021
"2715",-8906.314
"2716",-8930.603
"2717",-8919.604
"2718",-8962.551
"2719",-8851.111
"2720",-9054.066
"2721",-8839.052
"2722",-8873.405
"2723",-8831.221
"2724",-8795.47
"2725",-8713.732
"2726",-9136.556
"2727",-8861.295
"2728",-8747.14
"2729",-8780.721
"2730",-9325.695
"2731",-8948.571
"2732",-8733.722
"2733",-9027.836
"2734",-8864.06
"2735",-9157.23
"2736",-8729.972
"2737",-8970.911
"2738",-9066.755
"2739",-8773.958
"2740",-8770.322
"2741",-8997.248
"2742",-9077.208
"2743",-8991.571
"2744",-8989.362
"2745",-8693.624
"2746",-8842.959
"2747",-9099.333
"2748",-8975.562
"2749",-8601.804
"2750",-8747.477
"2751",-8995.225
"2752",-8831.837
"2753",-8890.313
"2754",-8914.147
"2755",-8940.705
"2756",-9003.86
"2757",-8821.554
"2758",-8780.466
"2759",-9064.617
"2760",-9042.72
"2761",-8687.667
"2762",-8835.06
"2763",-9110.789
"2764",-8828.925
"2765",-9022.858
"2766",-8939.791
"2767",-8941.516
"2768",-8788.164
"2769",-8961.819
"2770",-9044.798
"2771",-9093.898
"2772",-8711.986
"2773",-8822.566
"2774",-9001.423
"2775",-9053.027
"2776",-8993.907
"2777",-9086.957
"2778",-8871.441
"2779",-9066.996
"2780",-8933.245
"2781",-8957.104
"2782",-8901.424
"2783",-8872.903
"2784",-8662.829
"2785",-8824.315
"2786",-8859.299
"2787",-9166.377
"2788",-8969.628
"2789",-9110.054
"2790",-8629.739
"2791",-9085.494
"2792",-8751.907
"2793",-9239.82
"2794",-8779.034
"2795",-8688.801
"2796",-9081.528
"2797",-8706.713
"2798",-8874.194
"2799",-8942.828
"2800",-8916.542
"2801",-8758.562
"2802",-8995.31
"2803",-8752.845
"2804",-8836.454
"2805",-8824.273
"2806",-8943.3
"2807",-8916.571
"2808",-8779.069
"2809",-8856.943
"2810",-8990.196
"2811",-8860.878
"2812",-8886.862
"2813",-9158.599
"2814",-9168.292
"2815",-8931.351
"2816",-8872.99
"2817",-8783.303
"2818",-9023.596
"2819",-8983.632
"2820",-8639.905
"2821",-9065.871
"2822",-9061.528
"2823",-8772.725
"2824",-8906.247
"2825",-8833.108
"2826",-8663.898
"2827",-8761.33
"2828",-9163.52
"2829",-9122.09
"2830",-9121.692
"2831",-8792.825
"2832",-8913.355
"2833",-8804.043
"2834",-9085.117
"2835",-9113.52
"2836",-9047.069
"2837",-8849.106
"2838",-8956.595
"2839",-9175.293
"2840",-8999.062
"2841",-8876.457
"2842",-9075.69
"2843",-8808.194
"2844",-8883.87
"2845",-8910.439
"2846",-9050.253
"2847",-8932.891
"2848",-8950.975
"2849",-8947.645
"2850",-8876.066
"2851",-8852.963
"2852",-9172.709
"2853",-8951.395
"2854",-9103.192
"2855",-8764.94
"2856",-9037.75
"2857",-8793.711
"2858",-9068.142
"2859",-8862.066
"2860",-9015.686
"2861",-8757.289
"2862",-8985.177
"2863",-8992.882
"2864",-9019.054
"2865",-9037.864
"2866",-8761.985
"2867",-8862.225
"2868",-8953.63
"2869",-8713.078
"2870",-8903.889
"2871",-8987.853
"2872",-8882.032
"2873",-8857.579
"2874",-8783.819
"2875",-8770.951
"2876",-8821.448
"2877",-8874.024
"2878",-8762.928
"2879",-8961.326
"2880",-8738.342
"2881",-9048.842
"2882",-9307.964
"2883",-9062.632
"2884",-8893.187
"2885",-8939.852
"2886",-8944.116
"2887",-9040.924
"2888",-8972.274
"2889",-8861.725
"2890",-8675.299
"2891",-8889.596
"2892",-9048.506
"2893",-8847.569
"2894",-8632.354
"2895",-8788.531
"2896",-8817.051
"2897",-8725.692
"2898",-8803.409
"2899",-9179.737
"2900",-8728.299
"2901",-8932.335
"2902",-8867.542
"2903",-8983.989
"2904",-9001.891
"2905",-8840.652
"2906",-8760.179
"2907",-8833.66
"2908",-8866.487
"2909",-8900.169
"2910",-8698.697
"2911",-9015.284
"2912",-8847.52
"2913",-9203.28
"2914",-8869.275
"2915",-8909.383
"2916",-8963.445
"2917",-8853.661
"2918",-8965.149
"2919",-9117.74
"2920",-8801.757
"2921",-8698.804
"2922",-8695.972
"2923",-8861.095
"2924",-9031.479
"2925",-8941.167
"2926",-9082.37
"2927",-8937.407
"2928",-9134.478
"2929",-8763.997
"2930",-9035.701
"2931",-9245.26
"2932",-8805.233
"2933",-8853.118
"2934",-9236.326
"2935",-8973.389
"2936",-8938.336
"2937",-9012.677
"2938",-8788.408
"2939",-9115.272
"2940",-8782.565
"2941",-8931.581
"2942",-8865.688
"2943",-8885.315
"2944",-8844.136
"2945",-8883.416
"2946",-8962.615
"2947",-8973.75
"2948",-8970.244
"2949",-8998.967
"2950",-9160.715
"2951",-8605.942
"2952",-9027.305
"2953",-8752.522
"2954",-8578.167
"2955",-8750.408
"2956",-8860.073
"2957",-9150.546
"2958",-8714.399
"2959",-8968.281
"2960",-8774.421
"2961",-8912.209
"2962",-9065.233
"2963",-9156.921
"2964",-8992.264
"2965",-8804.294
"2966",-8758.439
"2967",-8822.981
"2968",-9122.318
"2969",-8841.536
"2970",-9036.618
"2971",-9120.492
"2972",-8670.113
"2973",-8855.304
"2974",-8682.361
"2975",-8876.685
"2976",-8737.632
"2977",-8719.895
"2978",-8937.777
"2979",-8656.503
"2980",-8866.312
"2981",-8933.052
"2982",-8707.347
"2983",-8909.732
"2984",-9050.523
"2985",-9059.703
"2986",-8812.205
"2987",-8864.838
"2988",-8850.386
"2989",-8956.107
"2990",-8838.17
"2991",-8820.172
"2992",-9120.11
"2993",-9071.989
"2994",-8975.279
"2995",-8964.446
"2996",-8782.248
"2997",-9085.32
"2998",-8917.725
"2999",-8684.798
"3000",-8880.73
"3001",-8502.864
"3002",-9129.534
"3003",-9062.167
"3004",-8987.099
"3005",-8786.729
"3006",-9073.755
"3007",-8446.027
"3008",-8877.988
"3009",-8711.442
"3010",-8931.879
"3011",-8740.059
"3012",-8965.519
"3013",-8870.947
"3014",-8542.57
"3015",-8770.911
"3016",-8892.735
"3017",-8970.569
"3018",-8838.823
"3019",-8843.942
"3020",-8714.017
"3021",-9026.031
"3022",-9099.847
"3023",-8894.024
"3024",-8657.771
"3025",-9051.988
"3026",-8731.153
"3027",-8785.479
"3028",-8872.376
"3029",-8802.064
"3030",-9281.406
"3031",-8891.831
"3032",-9028.839
"3033",-9017.085
"3034",-8941.542
"3035",-9129.922
"3036",-8870.535
"3037",-8829.444
"3038",-8910.727
"3039",-8926.877
"3040",-8920.599
"3041",-8807.029
"3042",-9118.234
"3043",-8912.975
"3044",-9090.559
"3045",-9104.73
"3046",-8809.097
"3047",-9042.813
"3048",-8823.193
"3049",-8984.617
"3050",-8726.882
"3051",-8669.074
"3052",-8873.976
"3053",-8903.83
"3054",-9060.988
"3055",-8811.342
"3056",-9003.724
"3057",-8931.947
"3058",-8915.035
"3059",-9051.571
"3060",-9089.846
"3061",-9028.381
"3062",-8900.889
"3063",-8799.877
"3064",-8635.795
"3065",-8817.464
"3066",-8815.035
"3067",-8948.073
"3068",-8822.753
"3069",-8835.625
"3070",-9009.877
"3071",-8716.662
"3072",-8881.123
"3073",-9225.907
"3074",-9081.238
"3075",-8836.934
"3076",-8860.372
"3077",-8856.111
"3078",-8598.261
"3079",-8785.523
"3080",-8898.586
"3081",-8793.99
"3082",-9233.865
"3083",-8802.126
"3084",-9253.519
"3085",-8927.007
"3086",-8945.958
"3087",-9008.553
"3088",-8999.908
"3089",-8663.703
"3090",-8900.127
"3091",-8786.651
"3092",-9198.322
"3093",-8910.399
"3094",-8741.438
"3095",-9244.074
"3096",-8895.593
"3097",-9195.023
"3098",-9136.298
"3099",-8874.303
"3100",-8788.648
"3101",-8792.061
"3102",-8969.63
"3103",-9066.79
"3104",-8915.537
"3105",-8899.434
"3106",-8881.387
"3107",-8808.517
"3108",-8929.082
"3109",-9078.158
"3110",-8698.012
"3111",-9013.638
"3112",-8886.022
"3113",-8886.356
"3114",-8864.422
"3115",-8737.287
"3116",-8919.494
"3117",-8916.661
"3118",-9121.243
"3119",-9114.795
"3120",-9046.356
"3121",-8913.423
"3122",-9078.094
"3123",-8894.661
"3124",-8662.289
"3125",-8824.842
"3126",-8958.768
"3127",-8820.483
"3128",-8999.559
"3129",-9201.023
"3130",-8801.213
"3131",-8963.718
"3132",-8919.74
"3133",-8829.618
"3134",-8889.42
"3135",-9047.771
"3136",-8858.523
"3137",-9000.769
"3138",-8972.015
"3139",-8824.713
"3140",-8921.161
"3141",-9009.826
"3142",-8779.151
"3143",-9232.708
"3144",-9043.413
"3145",-8835.471
"3146",-8845.68
"3147",-8949.995
"3148",-8822.06
"3149",-8902.524
"3150",-8854.286
"3151",-8745.485
"3152",-9065.758
"3153",-8726.328
"3154",-8913.992
"3155",-8818.463
"3156",-8896.249
"3157",-9094.025
"3158",-9077.631
"3159",-8811.823
"3160",-9181.749
"3161",-9035.272
"3162",-9283.729
"3163",-9140.671
"3164",-8825.676
"3165",-9089.777
"3166",-8677.122
"3167",-8985.301
"3168",-8973.697
"3169",-8859.168
"3170",-8957.143
"3171",-9092.14
"3172",-8814.582
"3173",-8926.879
"3174",-9043.45
"3175",-8961.177
"3176",-8992.601
"3177",-8945.016
"3178",-9002.521
"3179",-8825.039
"3180",-8909.888
"3181",-9039.296
"3182",-8695.379
"3183",-8823.217
"3184",-8846.918
"3185",-8908.437
"3186",-9141.537
"3187",-8698.629
"3188",-8885.182
"3189",-9202.707
"3190",-8692.193
"3191",-8723.282
"3192",-8996.276
"3193",-8764.232
"3194",-9061.746
"3195",-9048.382
"3196",-8666.638
"3197",-8949.457
"3198",-8848.732
"3199",-9004.725
"3200",-9084.199
"3201",-8930.204
"3202",-8761.286
"3203",-8884.657
"3204",-8978.218
"3205",-8850.287
"3206",-9131.128
"3207",-9038.005
"3208",-8862.254
"3209",-8916.217
"3210",-8754.833
"3211",-8662.176
"3212",-9043.334
"3213",-8777.737
"3214",-8987.185
"3215",-8936.141
"3216",-8677.996
"3217",-8823.602
"3218",-8873.072
"3219",-8865.262
"3220",-9190.086
"3221",-9005.326
"3222",-9025.777
"3223",-9145.749
"3224",-8737.478
"3225",-9079.819
"3226",-9147.591
"3227",-9054.838
"3228",-8984.583
"3229",-8796.07
"3230",-8974.949
"3231",-9026.962
"3232",-9077.227
"3233",-9015.332
"3234",-9084.034
"3235",-9052.192
"3236",-8726.131
"3237",-8853.987
"3238",-8816.441
"3239",-8896.375
"3240",-8822.502
"3241",-8739.593
"3242",-8593.321
"3243",-8854.428
"3244",-9147.99
"3245",-8932.925
"3246",-8759.536
"3247",-8967.785
"3248",-8633.341
"3249",-9183.576
"3250",-8834.193
"3251",-8842.092
"3252",-8791.071
"3253",-8927.15
"3254",-9053.007
"3255",-8948.205
"3256",-9075.701
"3257",-8868.723
"3258",-8841.149
"3259",-8970.191
"3260",-8936.294
"3261",-8972.181
"3262",-9143.464
"3263",-9129.418
"3264",-9103.487
"3265",-9318.287
"3266",-8834.691
"3267",-8833.381
"3268",-8952.371
"3269",-9045.353
"3270",-8922.916
"3271",-9095.938
"3272",-8815.82
"3273",-8926.157
"3274",-8735.553
"3275",-9172.587
"3276",-8868.108
"3277",-8711.599
"3278",-8763.532
"3279",-8947.025
"3280",-8875.681
"3281",-9016.03
"3282",-8751.24
"3283",-9042.697
"3284",-8899.087
"3285",-8698.059
"3286",-8859.513
"3287",-9206.038
"3288",-8739.165
"3289",-8837.075
"3290",-8988.207
"3291",-9197.366
"3292",-8990.514
"3293",-8942.87
"3294",-8994.682
"3295",-8977.993
"3296",-8967.878
"3297",-9173.32
"3298",-9011.631
"3299",-8814.897
"3300",-8943.311
"3301",-8966.242
"3302",-9024.219
"3303",-8930.387
"3304",-8908.592
"3305",-8957.556
"3306",-8946.465
"3307",-8888.343
"3308",-9189.921
"3309",-9112.736
"3310",-8933.523
"3311",-8830.922
"3312",-9100.343
"3313",-8735.21
"3314",-9027.243
"3315",-8809.155
"3316",-9029.998
"3317",-8750.766
"3318",-8851.326
"3319",-9200.046
"3320",-9329.636
"3321",-9068.199
"3322",-8766.307
"3323",-9048.353
"3324",-8635.121
"3325",-8867.831
"3326",-8937.217
"3327",-9077.382
"3328",-8726.038
"3329",-8967.003
"3330",-9066.282
"3331",-9038.926
"3332",-8817.698
"3333",-8798.981
"3334",-9105.538
"3335",-9188.233
"3336",-9036.672
"3337",-8654.813
"3338",-8706.558
"3339",-9181.757
"3340",-8993.052
"3341",-9003.374
"3342",-8933.454
"3343",-9011.794
"3344",-8893.392
"3345",-9014.494
"3346",-8803.343
"3347",-8823.003
"3348",-8868.94
"3349",-8864.133
"3350",-8918.073
"3351",-9133.43
"3352",-9039.337
"3353",-8693.998
"3354",-8976.984
"3355",-8952.624
"3356",-8934.92
"3357",-9093.266
"3358",-9181.505
"3359",-8840.196
"3360",-8544.005
"3361",-9064.213
"3362",-8860.629
"3363",-8751.331
"3364",-8945.216
"3365",-8847.563
"3366",-9153.941
"3367",-8855.729
"3368",-9024.325
"3369",-8781.45
"3370",-8934.56
"3371",-8812.783
"3372",-8786.76
"3373",-9077.094
"3374",-8760.393
"3375",-9058.09
"3376",-9043.062
"3377",-8842.368
"3378",-8810.58
"3379",-8973.628
"3380",-8567.609
"3381",-8876.5
"3382",-8870.068
"3383",-8859.4
"3384",-8705.627
"3385",-8721.397
"3386",-9005.831
"3387",-8897.583
"3388",-8904.591
"3389",-8847.8
"3390",-9012.87
"3391",-8836.634
"3392",-8941.662
"3393",-8583.262
"3394",-8862.187
"3395",-8682.121
"3396",-9056.938
"3397",-8873.283
"3398",-8904
"3399",-9007.311
"3400",-8927.346
"3401",-8849.167
"3402",-8969.044
"3403",-8751.7
"3404",-8928.014
"3405",-8810.136
"3406",-8745.642
"3407",-8664.7
"3408",-9268.257
"3409",-8770.148
"3410",-8989.805
"3411",-8883.652
"3412",-9044.062
"3413",-8949.301
"3414",-9240.765
"3415",-8745.835
"3416",-8840.201
"3417",-9068.203
"3418",-9083.822
"3419",-8757.248
"3420",-8873.158
"3421",-9097.932
"3422",-9111.439
"3423",-9022.053
"3424",-9026.794
"3425",-8879.292
"3426",-8811.791
"3427",-8711.183
"3428",-9081.551
"3429",-8985.53
"3430",-8810.687
"3431",-9008.261
"3432",-8866.173
"3433",-8813.298
"3434",-9131.762
"3435",-8674.536
"3436",-9010.907
"3437",-9152.532
"3438",-8924.362
"3439",-8941.632
"3440",-9079.248
"3441",-8873.159
"3442",-8674.892
"3443",-8783.353
"3444",-8993.726
"3445",-8898.518
"3446",-9210.625
"3447",-8936.161
"3448",-9180.807
"3449",-9103.386
"3450",-8832.86
"3451",-8970.273
"3452",-8856.772
"3453",-8799.338
"3454",-8991.795
"3455",-8854.126
"3456",-9056.113
"3457",-8920.738
"3458",-9044.941
"3459",-8849.975
"3460",-8701.779
"3461",-8832.458
"3462",-8846.871
"3463",-9152.65
"3464",-8796.168
"3465",-8855.333
"3466",-8826.973
"3467",-8823.507
"3468",-8817.142
"3469",-9068.894
"3470",-8853.623
"3471",-9121.573
"3472",-8932.393
"3473",-8863.374
"3474",-8761.066
"3475",-9095.906
"3476",-9206.022
"3477",-8975.511
"3478",-9110.007
"3479",-8934.967
"3480",-8952.08
"3481",-8790.699
"3482",-8906.394
"3483",-9015.595
"3484",-9214.016
"3485",-8754.177
"3486",-8869.935
"3487",-8894.663
"3488",-9294.796
"3489",-8882.409
"3490",-8687.623
"3491",-8946.819
"3492",-8722.696
"3493",-9168.071
"3494",-9066.337
"3495",-8709.807
"3496",-8943.333
"3497",-9039.619
"3498",-8754.016
"3499",-8864.127
"3500",-9067.279
"3501",-8792.759
"3502",-8759.893
"3503",-8928.704
"3504",-8791.318
"3505",-8993.285
"3506",-9014.156
"3507",-8804.259
"3508",-9051.733
"3509",-9084.401
"3510",-8916.235
"3511",-8706.793
"3512",-9023.597
"3513",-8829.326
"3514",-8924.6
"3515",-8960.44
"3516",-8904.488
"3517",-9134.69
"3518",-8679.447
"3519",-8714.373
"3520",-9056.489
"3521",-9150.811
"3522",-8688.495
"3523",-9254.135
"3524",-9070.946
"3525",-8932.667
"3526",-8836.073
"3527",-9006.189
"3528",-9168.745
"3529",-8561.698
"3530",-8914.102
"3531",-8818.252
"3532",-8738.671
"3533",-8898.44
"3534",-8842.101
"3535",-8709.037
"3536",-8919.537
"3537",-9010.03
"3538",-8886.141
"3539",-8910.248
"3540",-8949.49
"3541",-8705.404
"3542",-8976.73
"3543",-8806.685
"3544",-8933.061
"3545",-8726.046
"3546",-8916.297
"3547",-9000.172
"3548",-8852.229
"3549",-8847.798
"3550",-9129.536
"3551",-9047.023
"3552",-8697.031
"3553",-8932.24
"3554",-8945.709
"3555",-9056.227
"3556",-8885.576
"3557",-8899.454
"3558",-9234.845
"3559",-8804.301
"3560",-8667.864
"3561",-9036.689
"3562",-8709.59
"3563",-8824.004
"3564",-8829.27
"3565",-8916.301
"3566",-8609.18
"3567",-9042.701
"3568",-8838.182
"3569",-8868.24
"3570",-8928.587
"3571",-8885.887
"3572",-8865.911
"3573",-9055.614
"3574",-9027.008
"3575",-9278.401
"3576",-9010.39
"3577",-9135.187
"3578",-8855.833
"3579",-8765.641
"3580",-9160.551
"3581",-9022.358
"3582",-8985.273
"3583",-8861.788
"3584",-8695.204
"3585",-9122.146
"3586",-9085.474
"3587",-8974.766
"3588",-8828.995
"3589",-8729.616
"3590",-8573.084
"3591",-8947.46
"3592",-8783.411
"3593",-9106.979
"3594",-8721.115
"3595",-8992.357
"3596",-8976.591
"3597",-8867.02
"3598",-9087.7
"3599",-8769.416
"3600",-8761.249
"3601",-8923.894
"3602",-8739.481
"3603",-8665.579
"3604",-8914.573
"3605",-8789.29
"3606",-9090.988
"3607",-8965.698
"3608",-8907.996
"3609",-8985.439
"3610",-9001.183
"3611",-8893.581
"3612",-9220.416
"3613",-8761.81
"3614",-8630.615
"3615",-8898.013
"3616",-8823.126
"3617",-8928.475
"3618",-9058.102
"3619",-9183.482
"3620",-8823.85
"3621",-9095.615
"3622",-8883.262
"3623",-9177.183
"3624",-8960.673
"3625",-9159.1
"3626",-8648.125
"3627",-8983.44
"3628",-9074.146
"3629",-8945.689
"3630",-9056.151
"3631",-9276.576
"3632",-8768.68
"3633",-8877.494
"3634",-8629.998
"3635",-8889.045
"3636",-8899.562
"3637",-9096.21
"3638",-8782.313
"3639",-8896.634
"3640",-8730.783
"3641",-8921.959
"3642",-9140.771
"3643",-8793.44
"3644",-8794.423
"3645",-8968.568
"3646",-8985.922
"3647",-9078.296
"3648",-9100.137
"3649",-9012.774
"3650",-8827.247
"3651",-8833.459
"3652",-8948.052
"3653",-8837.308
"3654",-9039.132
"3655",-8809.829
"3656",-8793.449
"3657",-8970.453
"3658",-8989.819
"3659",-8623.762
"3660",-8967.603
"3661",-8874.746
"3662",-9015.219
"3663",-9008.72
"3664",-8983.127
"3665",-8816.613
"3666",-9362.379
"3667",-8637.838
"3668",-8879.169
"3669",-9039.899
"3670",-8849.139
"3671",-8780.71
"3672",-8934.235
"3673",-8776.45
"3674",-8843.968
"3675",-8873.211
"3676",-8871.2
"3677",-8807.064
"3678",-8977.977
"3679",-8769.377
"3680",-8888.323
"3681",-8990.215
"3682",-8815.843
"3683",-9068.821
"3684",-8808.114
"3685",-8787.011
"3686",-8951.995
"3687",-9132.487
"3688",-8657.209
"3689",-9070.1
"3690",-9072.824
"3691",-8966.006
"3692",-8822.945
"3693",-8993.321
"3694",-8964.25
"3695",-9019.274
"3696",-8812.307
"3697",-8912.656
"3698",-8506.841
"3699",-8494.668
"3700",-8681.859
"3701",-8945.602
"3702",-8950.617
"3703",-8797.05
"3704",-8860.345
"3705",-8824.892
"3706",-8891.806
"3707",-8895.913
"3708",-8819.981
"3709",-8945.7
"3710",-9006.374
"3711",-8986.896
"3712",-8786.785
"3713",-9067.783
"3714",-9024.563
"3715",-8988.743
"3716",-8844.491
"3717",-9128.695
"3718",-8738.708
"3719",-8551.161
"3720",-8859.167
"3721",-9203.361
"3722",-8941.033
"3723",-8795.621
"3724",-8843.432
"3725",-9267.825
"3726",-8794.517
"3727",-8830.712
"3728",-8805.306
"3729",-8885.482
"3730",-8824
"3731",-8807.311
"3732",-8683.025
"3733",-8784.414
"3734",-8979.004
"3735",-8764.037
"3736",-8648.978
"3737",-9177.204
"3738",-8974.404
"3739",-8906.2
"3740",-8997.496
"3741",-8925.577
"3742",-8927.816
"3743",-8686.818
"3744",-9048.722
"3745",-8797.882
"3746",-9196.301
"3747",-8788.937
"3748",-8773.074
"3749",-9171.713
"3750",-9214.033
"3751",-8794.019
"3752",-8736.722
"3753",-9015.621
"3754",-9007.692
"3755",-8877.298
"3756",-8786.637
"3757",-9033.915
"3758",-8819.284
"3759",-8789.51
"3760",-8804.078
"3761",-8791.962
"3762",-8644.427
"3763",-8896.539
"3764",-8925.476
"3765",-9163.484
"3766",-8941.299
"3767",-8992.586
"3768",-8772.36
"3769",-8882.528
"3770",-8985.07
"3771",-9276.97
"3772",-8577.14
"3773",-9090.8
"3774",-9133.072
"3775",-9148.73
"3776",-8969.565
"3777",-9312.503
"3778",-8890.715
"3779",-8955.434
"3780",-9188.384
"3781",-8930.778
"3782",-8787.809
"3783",-8979.877
"3784",-8743.869
"3785",-8893.883
"3786",-8823.003
"3787",-8683.221
"3788",-8810.791
"3789",-8857.029
"3790",-8888.118
"3791",-9135.714
"3792",-8907.645
"3793",-9051.399
"3794",-8993.714
"3795",-9274.785
"3796",-8718.182
"3797",-8611.915
"3798",-8869.386
"3799",-9010.19
"3800",-9146.382
"3801",-9056.726
"3802",-8947.513
"3803",-8977.779
"3804",-8737.042
"3805",-9063.921
"3806",-8934.209
"3807",-9046.79
"3808",-8723.643
"3809",-8896.65
"3810",-8758.327
"3811",-8743.434
"3812",-9025.301
"3813",-8822.983
"3814",-8793.077
"3815",-8849.71
"3816",-8771.538
"3817",-8800.26
"3818",-9024.522
"3819",-8791.902
"3820",-8822.232
"3821",-8930.349
"3822",-8947.986
"3823",-8449.32
"3824",-8722.999
"3825",-8851.969
"3826",-8794.654
"3827",-9209.914
"3828",-8841.613
"3829",-8858.337
"3830",-8836.329
"3831",-9003.716
"3832",-9122.245
"3833",-9034.721
"3834",-8840.191
"3835",-8815.189
"3836",-8909.316
"3837",-8862.272
"3838",-8710.048
"3839",-8993.959
"3840",-8838.433
"3841",-8828.779
"3842",-8644.453
"3843",-8938.756
"3844",-8815.818
"3845",-8852.184
"3846",-9065.548
"3847",-9084.892
"3848",-8860.73
"3849",-8812.954
"3850",-8934.647
"3851",-9032.498
"3852",-8906.179
"3853",-8864.408
"3854",-9053.922
"3855",-8740.155
"3856",-9060.931
"3857",-8814.58
"3858",-8897.719
"3859",-9043.16
"3860",-8954.368
"3861",-8848.031
"3862",-8787.113
"3863",-8995.458
"3864",-8952.803
"3865",-9162.335
"3866",-8715.56
"3867",-8673.81
"3868",-8962.247
"3869",-8990.076
"3870",-8987.886
"3871",-9058.054
"3872",-8909.074
"3873",-8821.708
"3874",-8875.542
"3875",-9001.785
"3876",-8992.084
"3877",-8990.48
"3878",-8739.795
"3879",-9021.062
"3880",-9143.402
"3881",-9045.25
"3882",-8930.069
"3883",-8855.179
"3884",-8784.456
"3885",-9135.797
"3886",-8894.181
"3887",-8899.673
"3888",-9040.407
"3889",-8569.395
"3890",-8882.961
"3891",-8909.441
"3892",-8800.732
"3893",-8855.405
"3894",-8876.693
"3895",-9115.758
"3896",-9023.263
"3897",-9035.604
"3898",-8974.67
"3899",-8998.318
"3900",-8925.001
"3901",-9009.967
"3902",-8991.782
"3903",-8978.732
"3904",-9331.35
"3905",-8974.311
"3906",-8920.106
"3907",-8808.382
"3908",-8883.593
"3909",-9006.988
"3910",-8683.871
"3911",-8830.313
"3912",-9306.296
"3913",-8710.045
"3914",-8945.861
"3915",-8692.069
"3916",-9019.25
"3917",-8924.563
"3918",-8863.032
"3919",-9005.869
"3920",-8773.504
"3921",-9037.517
"3922",-8748.461
"3923",-8599.168
"3924",-9017.671
"3925",-8726.064
"3926",-8894.362
"3927",-8916.243
"3928",-8990.77
"3929",-9151.973
"3930",-8956.995
"3931",-8905.787
"3932",-8751.99
"3933",-9026.992
"3934",-9195.75
"3935",-9079.269
"3936",-9066.531
"3937",-8806.804
"3938",-8984.641
"3939",-9058.844
"3940",-8898.105
"3941",-9143.231
"3942",-9157.454
"3943",-9201.661
"3944",-9043.887
"3945",-8634.153
"3946",-8808.451
"3947",-9162.179
"3948",-8628.777
"3949",-9204.272
"3950",-8747.934
"3951",-8532.451
"3952",-8795.763
"3953",-8786.157
"3954",-8932.721
"3955",-9149.379
"3956",-8844.82
"3957",-8952.521
"3958",-8937.124
"3959",-8702.748
"3960",-8826.4
"3961",-8851.654
"3962",-8965.39
"3963",-8672.097
"3964",-9015.846
"3965",-8766.798
"3966",-9019.372
"3967",-8966.696
"3968",-8892.557
"3969",-9127.533
"3970",-8720.967
"3971",-8853.389
"3972",-8898.458
"3973",-8947.21
"3974",-9023.894
"3975",-9037.65
"3976",-9217.622
"3977",-9022.562
"3978",-8985.337
"3979",-9045.564
"3980",-8541.67
"3981",-9211.551
"3982",-8767.773
"3983",-8872.159
"3984",-8994.297
"3985",-8930.583
"3986",-9200.416
"3987",-9194.096
"3988",-9008.371
"3989",-8586.59
"3990",-8807.788
"3991",-8940.432
"3992",-9055.395
"3993",-8827.57
"3994",-8948.284
"3995",-9086.103
"3996",-9206.6
"3997",-8828.551
"3998",-9125.76
"3999",-9022.873
"4000",-9238.315
"4001",-8865.331
"4002",-8977.859
"4003",-9009.958
"4004",-9085.335
"4005",-8954.979
"4006",-8712.357
"4007",-8819.589
"4008",-8763.735
"4009",-8696.629
"4010",-8868.354
"4011",-9107.454
"4012",-9085.78
"4013",-8648.548
"4014",-8747.326
"4015",-9051.825
"4016",-9043.969
"4017",-8775.349
"4018",-8843.465
"4019",-8826.073
"4020",-8685.654
"4021",-8772.406
"4022",-8943.905
"4023",-8885.459
"4024",-9253.286
"4025",-9120.361
"4026",-8708.34
"4027",-8855.659
"4028",-8967.515
"4029",-9074.404
"4030",-8844.601
"4031",-8758.718
"4032",-9167.72
"4033",-8820.01
"4034",-9011.281
"4035",-8929.902
"4036",-9047.853
"4037",-9140.018
"4038",-8887.981
"4039",-8868.431
"4040",-9201.139
"4041",-8802.489
"4042",-8989.528
"4043",-9132.351
"4044",-8874.126
"4045",-9094.527
"4046",-8810.868
"4047",-9010.954
"4048",-9181.957
"4049",-8976.982
"4050",-8831.385
"4051",-8643.29
"4052",-9133.505
"4053",-9004.045
"4054",-9095.978
"4055",-8974.131
"4056",-8868.222
"4057",-8631.873
"4058",-8965.049
"4059",-8859.775
"4060",-8973.339
"4061",-9163.729
"4062",-8902.742
"4063",-8630.135
"4064",-8863.417
"4065",-8856.896
"4066",-8989.512
"4067",-8749.108
"4068",-8978.926
"4069",-9012.839
"4070",-9095.724
"4071",-8772.818
"4072",-8902.265
"4073",-9148.26
"4074",-8951.621
"4075",-8659.042
"4076",-8756.889
"4077",-8887.068
"4078",-8851.497
"4079",-9047.646
"4080",-9030.142
"4081",-9045.897
"4082",-8969.854
"4083",-9162.298
"4084",-8826.773
"4085",-8931.598
"4086",-8716.084
"4087",-8806.643
"4088",-8961.306
"4089",-8979.433
"4090",-8991.327
"4091",-9116.91
"4092",-8889.566
"4093",-8957.476
"4094",-8894.082
"4095",-8981.345
"4096",-8990.197
"4097",-8775.437
"4098",-9148.141
"4099",-9088.087
"4100",-9000.663
"4101",-8978.458
"4102",-8807.792
"4103",-9150.764
"4104",-8910.06
"4105",-8741.878
"4106",-8724.885
"4107",-9158.406
"4108",-8955.859
"4109",-9004.348
"4110",-8602.631
"4111",-9028.121
"4112",-8795.393
"4113",-8770.231
"4114",-8705.411
"4115",-8631.312
"4116",-8979.354
"4117",-8895.302
"4118",-8902.097
"4119",-9001.349
"4120",-8935.985
"4121",-8906.727
"4122",-8893.528
"4123",-8459.569
"4124",-8940.944
"4125",-8958.878
"4126",-8881.222
"4127",-8876.164
"4128",-9041.969
"4129",-8961.939
"4130",-9082.325
"4131",-9043.222
"4132",-8900.178
"4133",-8839.757
"4134",-8942.159
"4135",-8807.243
"4136",-8730.271
"4137",-8885.545
"4138",-8984.119
"4139",-8470.77
"4140",-8836.919
"4141",-8888.33
"4142",-8988.572
"4143",-8987.584
"4144",-8879.658
"4145",-8885.951
"4146",-8765.902
"4147",-8865.83
"4148",-9029.429
"4149",-8923.266
"4150",-8854.381
"4151",-8730.162
"4152",-9088.134
"4153",-9047.508
"4154",-8966.875
"4155",-8904.128
"4156",-9216.203
"4157",-8571.457
"4158",-8852.312
"4159",-8875.136
"4160",-8996.395
"4161",-8825.345
"4162",-8827.946
"4163",-9166.225
"4164",-8924.493
"4165",-8760.721
"4166",-8727.505
"4167",-8919.578
"4168",-8608.983
"4169",-8699.713
"4170",-9065.065
"4171",-8996.138
"4172",-8718.531
"4173",-8842.028
"4174",-8764.738
"4175",-8828.98
"4176",-8999.724
"4177",-8775.657
"4178",-9132.26
"4179",-9162.823
"4180",-9067.473
"4181",-8880.483
"4182",-8783.27
"4183",-8798.448
"4184",-8982.115
"4185",-9075.688
"4186",-8827.029
"4187",-8958.105
"4188",-8974.005
"4189",-8706.112
"4190",-8728.184
"4191",-8788.244
"4192",-8777.742
"4193",-8694.981
"4194",-8900.3
"4195",-8890.742
"4196",-9129.977
"4197",-8793.596
"4198",-8836.406
"4199",-9001.903
"4200",-9127.484
"4201",-8991.721
"4202",-8734.713
"4203",-8884.922
"4204",-8835.903
"4205",-9035.197
"4206",-8787.03
"4207",-8775.624
"4208",-8735.272
"4209",-8893.385
"4210",-8827.781
"4211",-8930.752
"4212",-8849.396
"4213",-8953.497
"4214",-9151.246
"4215",-8862.119
"4216",-8852.357
"4217",-8980.373
"4218",-8916.784
"4219",-8931.233
"4220",-8868.522
"4221",-9163.445
"4222",-9109.758
"4223",-8807.346
"4224",-9038.511
"4225",-8933.883
"4226",-8779.695
"4227",-8936.104
"4228",-8896.599
"4229",-9016.351
"4230",-8999.796
"4231",-9033.78
"4232",-9111.754
"4233",-9002.913
"4234",-8567.747
"4235",-8948.432
"4236",-8860.426
"4237",-9264.808
"4238",-8515.998
"4239",-8868.89
"4240",-8791.749
"4241",-9040.517
"4242",-8940.515
"4243",-8922.146
"4244",-8887.112
"4245",-8828.916
"4246",-9018.385
"4247",-8911.343
"4248",-9043.49
"4249",-8681.718
"4250",-8636.868
"4251",-9300.134
"4252",-9109.222
"4253",-9060.515
"4254",-9093.398
"4255",-9118.021
"4256",-8757.664
"4257",-8849.392
"4258",-8811.656
"4259",-8793.602
"4260",-9098
"4261",-9053.336
"4262",-9109.305
"4263",-9038.672
"4264",-8929.277
"4265",-8840.651
"4266",-8869.404
"4267",-8708.244
"4268",-8761.408
"4269",-8854.428
"4270",-8948.494
"4271",-8879.758
"4272",-8849.6
"4273",-8847.314
"4274",-8906.834
"4275",-8952.427
"4276",-8907.512
"4277",-9207.997
"4278",-8730.705
"4279",-8970.431
"4280",-8933.06
"4281",-8890.852
"4282",-8763.954
"4283",-9092.38
"4284",-8592.491
"4285",-8917.857
"4286",-9101.698
"4287",-8888.954
"4288",-8902.029
"4289",-8787.927
"4290",-8958.461
"4291",-8788.159
"4292",-8980.149
"4293",-8921.863
"4294",-9057.706
"4295",-8742.816
"4296",-9020.449
"4297",-9231.498
"4298",-8844.745
"4299",-8916.958
"4300",-9075.363
"4301",-9087.882
"4302",-8943.829
"4303",-8874.454
"4304",-8880.515
"4305",-8984.831
"4306",-9071.853
"4307",-8948.132
"4308",-8781.318
"4309",-8632.664
"4310",-8904.385
"4311",-8988.79
"4312",-9045.687
"4313",-8954.182
"4314",-9135.71
"4315",-8877.371
"4316",-8725.517
"4317",-8633.196
"4318",-8891.645
"4319",-8943.981
"4320",-8887.196
"4321",-8768.865
"4322",-8952.769
"4323",-8987.311
"4324",-9101.809
"4325",-8760.41
"4326",-8944.557
"4327",-8770.305
"4328",-8830.699
"4329",-8750.532
"4330",-8717.443
"4331",-8909.495
"4332",-8761.938
"4333",-8874.847
"4334",-8710.496
"4335",-9144.053
"4336",-8955.661
"4337",-8888.848
"4338",-8992.939
"4339",-8917.289
"4340",-9034.528
"4341",-9034.166
"4342",-8791.84
"4343",-9078.055
"4344",-9071.734
"4345",-8612.019
"4346",-9146
"4347",-8851.511
"4348",-8659.665
"4349",-8901.731
"4350",-8846.071
"4351",-8776.41
"4352",-9074.149
"4353",-8640.07
"4354",-9017.417
"4355",-8872.363
"4356",-8673.568
"4357",-8450.399
"4358",-8688.849
"4359",-8782.916
"4360",-8574.158
"4361",-8859.962
"4362",-9172.38
"4363",-9016.094
"4364",-8993.064
"4365",-8961.947
"4366",-8881.587
"4367",-8975.463
"4368",-8809.125
"4369",-8879.679
"4370",-9118.906
"4371",-8631.026
"4372",-8727.326
"4373",-9061.691
"4374",-8771.088
"4375",-8827.198
"4376",-8554.272
"4377",-9032.17
"4378",-9064.352
"4379",-8908.248
"4380",-8759.953
"4381",-8832.84
"4382",-9094.133
"4383",-9042.971
"4384",-8732.709
"4385",-9009.587
"4386",-8795.094
"4387",-8975.188
"4388",-8738.672
"4389",-8866.281
"4390",-8897.219
"4391",-8723.9
"4392",-8917.997
"4393",-8929.239
"4394",-9019.54
"4395",-8935.081
"4396",-8782.445
"4397",-8830.26
"4398",-9077.134
"4399",-8867.987
"4400",-8873.77
"4401",-8925.235
"4402",-8963.488
"4403",-8911.766
"4404",-9063.789
"4405",-8928.38
"4406",-8841.922
"4407",-8766.761
"4408",-8901.644
"4409",-8888.888
"4410",-9016.464
"4411",-8865.773
"4412",-9039.765
"4413",-8872.049
"4414",-8958.863
"4415",-8733.142
"4416",-9115.396
"4417",-8782.299
"4418",-8931.993
"4419",-8609.194
"4420",-8743.453
"4421",-8799.767
"4422",-8841.609
"4423",-8874.147
"4424",-8820.327
"4425",-8858.694
"4426",-8950.89
"4427",-8984.245
"4428",-8857.817
"4429",-9000.697
"4430",-8953.666
"4431",-9195.282
"4432",-9003.599
"4433",-8832.158
"4434",-8658.627
"4435",-8919.839
"4436",-9022.592
"4437",-8655.491
"4438",-9029.938
"4439",-9115.599
"4440",-8968.4
"4441",-8939.658
"4442",-9102.271
"4443",-8959.356
"4444",-8981.413
"4445",-8706.349
"4446",-8969.781
"4447",-8828.756
"4448",-8662.727
"4449",-8850.718
"4450",-8998.692
"4451",-8832.009
"4452",-8687.013
"4453",-9077.64
"4454",-9023.406
"4455",-8855.402
"4456",-9012.145
"4457",-9020.826
"4458",-8906.915
"4459",-8936.724
"4460",-8957.09
"4461",-8930.078
"4462",-9013.38
"4463",-8885.777
"4464",-8970.712
"4465",-8931.94
"4466",-8872.202
"4467",-8923.256
"4468",-8892.633
"4469",-8891.065
"4470",-8989.253
"4471",-8860.98
"4472",-8744.645
"4473",-8796.183
"4474",-9055.203
"4475",-8940.193
"4476",-8981.647
"4477",-8917.703
"4478",-9151.936
"4479",-8799.362
"4480",-8929.095
"4481",-8919.69
"4482",-8806.593
"4483",-8793.071
"4484",-8751.78
"4485",-8892.605
"4486",-9038.598
"4487",-8976.335
"4488",-9016.218
"4489",-8907.077
"4490",-8633.049
"4491",-8705.504
"4492",-9119.859
"4493",-8951.515
"4494",-8891.314
"4495",-8817.98
"4496",-8936.109
"4497",-8611.291
"4498",-9019.385
"4499",-9128.464
"4500",-8908.306
"4501",-8718.566
"4502",-8918.23
"4503",-8980.582
"4504",-8493.87
"4505",-8838.376
"4506",-9204.401
"4507",-8858.484
"4508",-8919.925
"4509",-9129.672
"4510",-8939.534
"4511",-8968.118
"4512",-8953.713
"4513",-9006.004
"4514",-8745.247
"4515",-8982.334
"4516",-8675.804
"4517",-8947.743
"4518",-8926.068
"4519",-9079.848
"4520",-8980.88
"4521",-8750.561
"4522",-9107.451
"4523",-8888.169
"4524",-9100.348
"4525",-8805.624
"4526",-9160.939
"4527",-8838.047
"4528",-9011.852
"4529",-8568.153
"4530",-8763.925
"4531",-8774.506
"4532",-8573.641
"4533",-8902.716
"4534",-8858.467
"4535",-8735.018
"4536",-8810.22
"4537",-8854.583
"4538",-9021.346
"4539",-9000.06
"4540",-9003.736
"4541",-9037.044
"4542",-8807.689
"4543",-8831.412
"4544",-8697.139
"4545",-8825.587
"4546",-9069.642
"4547",-8957.418
"4548",-9096.525
"4549",-8806.78
"4550",-9181.073
"4551",-8585.344
"4552",-8630.357
"4553",-8808.665
"4554",-9109.412
"4555",-8880.671
"4556",-8696.566
"4557",-9146.964
"4558",-8670.025
"4559",-8485.604
"4560",-8638.333
"4561",-9003.521
"4562",-9007.595
"4563",-8822.788
"4564",-9173.84
"4565",-9111.706
"4566",-8840.299
"4567",-9153.145
"4568",-9009.233
"4569",-8858.54
"4570",-8938.726
"4571",-8722.04
"4572",-8754.534
"4573",-8996.374
"4574",-9135.597
"4575",-8889.664
"4576",-8949.02
"4577",-8836.973
"4578",-8682.294
"4579",-8939.268
"4580",-9137.258
"4581",-8808.135
"4582",-8945.364
"4583",-8654.648
"4584",-9054.237
"4585",-8752.316
"4586",-8829.212
"4587",-8707.17
"4588",-8825.963
"4589",-8842.642
"4590",-8872.133
"4591",-8633.95
"4592",-8927.147
"4593",-8820.658
"4594",-8698.262
"4595",-9108.981
"4596",-8986.665
"4597",-8938.411
"4598",-8922.633
"4599",-9142.274
"4600",-8645.625
"4601",-8991.844
"4602",-9069.272
"4603",-8466.45
"4604",-8595.251
"4605",-8914.341
"4606",-8770.195
"4607",-8975.871
"4608",-9104.14
"4609",-8836.923
"4610",-8928.007
"4611",-8741.474
"4612",-9220.652
"4613",-9040.893
"4614",-8836.341
"4615",-8951.146
"4616",-8684.632
"4617",-9146.051
"4618",-9066.163
"4619",-8919.925
"4620",-8937.242
"4621",-8697.929
"4622",-9090.49
"4623",-8744.415
"4624",-8883.242
"4625",-8691.615
"4626",-8935.227
"4627",-8894.563
"4628",-8926.288
"4629",-8972.729
"4630",-8875.263
"4631",-9010.862
"4632",-9100.935
"4633",-8997.34
"4634",-8517.987
"4635",-8955.311
"4636",-8838.535
"4637",-8960.285
"4638",-9083.229
"4639",-8811.156
"4640",-8961.828
"4641",-8894.295
"4642",-8589.981
"4643",-9055.307
"4644",-8952.779
"4645",-8995.394
"4646",-9006.587
"4647",-8873.268
"4648",-9071.385
"4649",-8943.022
"4650",-8740.01
"4651",-8987.687
"4652",-8763.281
"4653",-8808.744
"4654",-9207.979
"4655",-8853.938
"4656",-8887.548
"4657",-9045.428
"4658",-8905.3
"4659",-8786.002
"4660",-8972.179
"4661",-8975.606
"4662",-9030.075
"4663",-8849.384
"4664",-9030.46
"4665",-8835.073
"4666",-8618.772
"4667",-8914.261
"4668",-8912.69
"4669",-8929.82
"4670",-8780.266
"4671",-8977.125
"4672",-8939.9
"4673",-9059.41
"4674",-8796.86
"4675",-9135.623
"4676",-9188.918
"4677",-8863.012
"4678",-9043.83
"4679",-9057.298
"4680",-8829.548
"4681",-8790.988
"4682",-9164.044
"4683",-9119.35
"4684",-9077.294
"4685",-9003.685
"4686",-8677.095
"4687",-9205.791
"4688",-8824.664
"4689",-8930.835
"4690",-8696.767
"4691",-8670.726
"4692",-8953.947
"4693",-8708.388
"4694",-8964.655
"4695",-9119.318
"4696",-8974.156
"4697",-8851.624
"4698",-8934.728
"4699",-8981.857
"4700",-8991.038
"4701",-8889.122
"4702",-8713.471
"4703",-9219.575
"4704",-8969.395
"4705",-8674.622
"4706",-8972.591
"4707",-8882.808
"4708",-8776.409
"4709",-8770.592
"4710",-9092.155
"4711",-8976.637
"4712",-8733.966
"4713",-9187.573
"4714",-9022.74
"4715",-9019.488
"4716",-8989.028
"4717",-9020.938
"4718",-9065.392
"4719",-8792.573
"4720",-9000.79
"4721",-9059.093
"4722",-8774.73
"4723",-8682.728
"4724",-8985.518
"4725",-8773.571
"4726",-8811.98
"4727",-8840.94
"4728",-9167.169
"4729",-8853.297
"4730",-8829.519
"4731",-8885.328
"4732",-9040.652
"4733",-8944.96
"4734",-8531.088
"4735",-9034.618
"4736",-9020.017
"4737",-8765.961
"4738",-8994.968
"4739",-8673.739
"4740",-8567.357
"4741",-8886.154
"4742",-8911.034
"4743",-8647.365
"4744",-8919.587
"4745",-8771.487
"4746",-8930.152
"4747",-8911.152
"4748",-8913.601
"4749",-9033.541
"4750",-8885.009
"4751",-9112.805
"4752",-8801.659
"4753",-8962.872
"4754",-8649.832
"4755",-8534.394
"4756",-8806.731
"4757",-8721.926
"4758",-8874.194
"4759",-8917.315
"4760",-8823.955
"4761",-8657.529
"4762",-8812.269
"4763",-8861.923
"4764",-8783.711
"4765",-9029.769
"4766",-8980.714
"4767",-8607.129
"4768",-9007.199
"4769",-8891.396
"4770",-8913.054
"4771",-8808.174
"4772",-8914.789
"4773",-8697.546
"4774",-8691.852
"4775",-8959.225
"4776",-8763.253
"4777",-9285.769
"4778",-8952.602
"4779",-8906.304
"4780",-8861.978
"4781",-8810.103
"4782",-9071.577
"4783",-8846.302
"4784",-8868.923
"4785",-8952.891
"4786",-8832.38
"4787",-8971.945
"4788",-8758.228
"4789",-8821.783
"4790",-8799.493
"4791",-9025.901
"4792",-8725.768
"4793",-9134.346
"4794",-8780.933
"4795",-9071.627
"4796",-8989.666
"4797",-8961.303
"4798",-8815.143
"4799",-8795.59
"4800",-8982.836
"4801",-9047.88
"4802",-8911.105
"4803",-8977.825
"4804",-8990.002
"4805",-8956.517
"4806",-8910.399
"4807",-8945.135
"4808",-8900.354
"4809",-9096.034
"4810",-9006.028
"4811",-8831.931
"4812",-9048.635
"4813",-8982.546
"4814",-9152.375
"4815",-8911.831
"4816",-9319.492
"4817",-8805.588
"4818",-8814.396
"4819",-8760.675
"4820",-9127.053
"4821",-8871.142
"4822",-9189.818
"4823",-8779.74
"4824",-9159.193
"4825",-9077.189
"4826",-8808.458
"4827",-9074.74
"4828",-8752.05
"4829",-9125.523
"4830",-8926.144
"4831",-8958.446
"4832",-8919.799
"4833",-9050.902
"4834",-9273.093
"4835",-8825.073
"4836",-8888.287
"4837",-8921.849
"4838",-8885.435
"4839",-9004.272
"4840",-9008.091
"4841",-8713.692
"4842",-8628.283
"4843",-9059.871
"4844",-8911.948
"4845",-9113.936
"4846",-8944.39
"4847",-8916.775
"4848",-8992.149
"4849",-8906.544
"4850",-8833.229
"4851",-8760.496
"4852",-8864.248
"4853",-8820.464
"4854",-8464.463
"4855",-8906.456
"4856",-9032.812
"4857",-8990.842
"4858",-8887.57
"4859",-9075.365
"4860",-8898.778
"4861",-8868.349
"4862",-9004.226
"4863",-9110.643
"4864",-8897.524
"4865",-8598.301
"4866",-8909.441
"4867",-8933.212
"4868",-8666.867
"4869",-8801.373
"4870",-9088.63
"4871",-8854.509
"4872",-8898.181
"4873",-8923.827
"4874",-8667.589
"4875",-9236.513
"4876",-9002.691
"4877",-8995.384
"4878",-8983.999
"4879",-8953.122
"4880",-8848.622
"4881",-8962.178
"4882",-8951.664
"4883",-8903.754
"4884",-8978.584
"4885",-8953.905
"4886",-9024.692
"4887",-8921.536
"4888",-8847.879
"4889",-8829.143
"4890",-8696.462
"4891",-8744.952
"4892",-9017.121
"4893",-8923.554
"4894",-8779.524
"4895",-8849.623
"4896",-8790.761
"4897",-8915.937
"4898",-8871.452
"4899",-9023.471
"4900",-8864.161
"4901",-8954.456
"4902",-9032.159
"4903",-8633.555
"4904",-8882.181
"4905",-9095.561
"4906",-9072.849
"4907",-8873.996
"4908",-8954.046
"4909",-9007.009
"4910",-8770.822
"4911",-8700.063
"4912",-8874.364
"4913",-8591.182
"4914",-8840.733
"4915",-8665.18
"4916",-8993.194
"4917",-8946.834
"4918",-8704.796
"4919",-9106.668
"4920",-8991.863
"4921",-8946.851
"4922",-8697.268
"4923",-8933.75
"4924",-8985.762
"4925",-9229.836
"4926",-8801.045
"4927",-8825.965
"4928",-9072.085
"4929",-8952.212
"4930",-8780.617
"4931",-8875.055
"4932",-9033.055
"4933",-8949.641
"4934",-9179.976
"4935",-8959.733
"4936",-8880.618
"4937",-8884.409
"4938",-8913.126
"4939",-8737.6
"4940",-8788.728
"4941",-8956.76
"4942",-8940.214
"4943",-9196.711
"4944",-8913.694
"4945",-8952.186
"4946",-9144.846
"4947",-8929.148
"4948",-8997.94
"4949",-8891.517
"4950",-8724.186
"4951",-8910.508
"4952",-8826.391
"4953",-9017.188
"4954",-8722.484
"4955",-9251.842
"4956",-8807.917
"4957",-8764.152
"4958",-8961.496
"4959",-8816.954
"4960",-9133.087
"4961",-8880.425
"4962",-9035.249
"4963",-8900.322
"4964",-9126.891
"4965",-8928.11
"4966",-9023.016
"4967",-8789.69
"4968",-9121.168
"4969",-8954.686
"4970",-8820.349
"4971",-9027.928
"4972",-8776.011
"4973",-8837.824
"4974",-8736.044
"4975",-8905.29
"4976",-9154.806
"4977",-9025.055
"4978",-8973.149
"4979",-8853.268
"4980",-9055.924
"4981",-8752.732
"4982",-9175.704
"4983",-9032.02
"4984",-8898.527
"4985",-9185.517
"4986",-9076.17
"4987",-8875.543
"4988",-9021.701
"4989",-8920.971
"4990",-8708.777
"4991",-8941.784
"4992",-8891.609
"4993",-8929.712
"4994",-8994.333
"4995",-9102.375
"4996",-9006.315
"4997",-9112.671
"4998",-8900.089
"4999",-8906.215
"5000",-8619.165
"5001",-8894.785
"5002",-8661.794
"5003",-9110.356
"5004",-8724.448
"5005",-8775.675
"5006",-8865.413
"5007",-8835.718
"5008",-8867.495
"5009",-8732.041
"5010",-8982.397
"5011",-9098.135
"5012",-8655.209
"5013",-8775.183
"5014",-8869.5
"5015",-8984.712
"5016",-8990.586
"5017",-8962.813
"5018",-8789.64
"5019",-8944.044
"5020",-8715.429
"5021",-8861.268
"5022",-8811.27
"5023",-8938.507
"5024",-8987.151
"5025",-8613.347
"5026",-8892.388
"5027",-8927.168
"5028",-8965.032
"5029",-8973.223
"5030",-8958.985
"5031",-8928.793
"5032",-8687.9
"5033",-8556.764
"5034",-8860.305
"5035",-8804.3
"5036",-8966.062
"5037",-8820.524
"5038",-9036.671
"5039",-9161.605
"5040",-8860.177
"5041",-8914.355
"5042",-8868.973
"5043",-8657.354
"5044",-8830.338
"5045",-9143.166
"5046",-9088.508
"5047",-9077.711
"5048",-8778.057
"5049",-8882.147
"5050",-8637.42
"5051",-9016.462
"5052",-9065.223
"5053",-8999.231
"5054",-8809.12
"5055",-8932.873
"5056",-9054.525
"5057",-8977.036
"5058",-8906.565
"5059",-9000.29
"5060",-8751.857
"5061",-8996.446
"5062",-8974.357
"5063",-8756.101
"5064",-9017.87
"5065",-9242.956
"5066",-8857.161
"5067",-8765.8
"5068",-8908.014
"5069",-9100.876
"5070",-9058.901
"5071",-8865.976
"5072",-9138.741
"5073",-8970.916
"5074",-8691.472
"5075",-8812.28
"5076",-8854.076
"5077",-8465.878
"5078",-8696.248
"5079",-8737.308
"5080",-8927.263
"5081",-8848.232
"5082",-8886.583
"5083",-9105.278
"5084",-8842.301
"5085",-8798.397
"5086",-8972.758
"5087",-8993.445
"5088",-8933.23
"5089",-8740.242
"5090",-8694.905
"5091",-8807.198
"5092",-8878.269
"5093",-8775.344
"5094",-8882.473
"5095",-8737.574
"5096",-8746.582
"5097",-8839.162
"5098",-9076.002
"5099",-9024.053
"5100",-8989.47
"5101",-8925.162
"5102",-8913.909
"5103",-8808.777
"5104",-8864.72
"5105",-8770.554
"5106",-9115.114
"5107",-8977.705
"5108",-9028.753
"5109",-8846.873
"5110",-8908.065
"5111",-8986.984
"5112",-8740.292
"5113",-8711.491
"5114",-8525.013
"5115",-8904.433
"5116",-8978.989
"5117",-8824.339
"5118",-8878.668
"5119",-8952.289
"5120",-8900.728
"5121",-9135.316
"5122",-8968.864
"5123",-9241.427
"5124",-9037.024
"5125",-8977.18
"5126",-9099.539
"5127",-8726.621
"5128",-9086.647
"5129",-8892.559
"5130",-8612.536
"5131",-9009.741
"5132",-8867.209
"5133",-8756.809
"5134",-9203.801
"5135",-9064.323
"5136",-8765.817
"5137",-8856.295
"5138",-8955.942
"5139",-8629.102
"5140",-8891.758
"5141",-9155.107
"5142",-9011.54
"5143",-8786.395
"5144",-8997.139
"5145",-9078.538
"5146",-9059.334
"5147",-9066.648
"5148",-9115.47
"5149",-8959.914
"5150",-8845.958
"5151",-8943.612
"5152",-8916.119
"5153",-8816.26
"5154",-8653.965
"5155",-8943.573
"5156",-8824.674
"5157",-8875.997
"5158",-8820.244
"5159",-8884.499
"5160",-8744.551
"5161",-8859.817
"5162",-8724.942
"5163",-8728.868
"5164",-8807.648
"5165",-9129.71
"5166",-9023.965
"5167",-8960.194
"5168",-8817.508
"5169",-9102.116
"5170",-8790.03
"5171",-8966.158
"5172",-8873.082
"5173",-8887.25
"5174",-8978.121
"5175",-8623.208
"5176",-8951.519
"5177",-9144.619
"5178",-9204.93
"5179",-9148.541
"5180",-9008.066
"5181",-8927.555
"5182",-9109.963
"5183",-9197.767
"5184",-8775.536
"5185",-8953.502
"5186",-8768.437
"5187",-9008.683
"5188",-8776.17
"5189",-8601.412
"5190",-8912.982
"5191",-9140.933
"5192",-8939.323
"5193",-8837.951
"5194",-8742.695
"5195",-9181.444
"5196",-8836.856
"5197",-9025.021
"5198",-8963.051
"5199",-9062.965
"5200",-9018.507
"5201",-9093.074
"5202",-8936.157
"5203",-8488.514
"5204",-9055.96
"5205",-8838.447
"5206",-8954.303
"5207",-8779.324
"5208",-8554.518
"5209",-8836.26
"5210",-8826.488
"5211",-9153.197
"5212",-8957.739
"5213",-8751.439
"5214",-8889.894
"5215",-8880.653
"5216",-8931.774
"5217",-8980.644
"5218",-9043.041
"5219",-9089.458
"5220",-9022.606
"5221",-9070.835
"5222",-9259.786
"5223",-8852.568
"5224",-8832.636
"5225",-9231.031
"5226",-9094.905
"5227",-8796.318
"5228",-8829.019
"5229",-8890.366
"5230",-8630.698
"5231",-9043.296
"5232",-8734.269
"5233",-8727.718
"5234",-8973.305
"5235",-8800.079
"5236",-8937.937
"5237",-9008.555
"5238",-8816.286
"5239",-9140.999
"5240",-8829.663
"5241",-8863.487
"5242",-8927.363
"5243",-8960.784
"5244",-8657.123
"5245",-9031.18
"5246",-8869.847
"5247",-8774.772
"5248",-8781.487
"5249",-8736.1
"5250",-8769.791
"5251",-8927.448
"5252",-8758.513
"5253",-9065.989
"5254",-8849.692
"5255",-8949.417
"5256",-8781.96
"5257",-9098.912
"5258",-8812.993
"5259",-8911.555
"5260",-9256.879
"5261",-8808.796
"5262",-9056.926
"5263",-8872.696
"5264",-8807.794
"5265",-8984.592
"5266",-8924.471
"5267",-8901.039
"5268",-9071.482
"5269",-8938.135
"5270",-8914.941
"5271",-8986.079
"5272",-8923.002
"5273",-8958.318
"5274",-8846.368
"5275",-8981.844
"5276",-9092.495
"5277",-9047.522
"5278",-8879.601
"5279",-9062.547
"5280",-8930.463
"5281",-9114.77
"5282",-8848.93
"5283",-8988.447
"5284",-9038.784
"5285",-8673.155
"5286",-8871.51
"5287",-8895.897
"5288",-9105.631
"5289",-8979.237
"5290",-8864.934
"5291",-8968.637
"5292",-9030.975
"5293",-8839.68
"5294",-8878.86
"5295",-9146.082
"5296",-9086.941
"5297",-8894.819
"5298",-9118.773
"5299",-8779.268
"5300",-9000.662
"5301",-8926.838
"5302",-8793.984
"5303",-8785.136
"5304",-8772.796
"5305",-8928.792
"5306",-8803.786
"5307",-8892.044
"5308",-8945.878
"5309",-8748.095
"5310",-8755.181
"5311",-8933.263
"5312",-8993.283
"5313",-8611.685
"5314",-8912.066
"5315",-8769.773
"5316",-9052.74
"5317",-8644.081
"5318",-8679.535
"5319",-8887.233
"5320",-8866.487
"5321",-8802.554
"5322",-8851.095
"5323",-9141.621
"5324",-8810.071
"5325",-8941.691
"5326",-8788.219
"5327",-8877.299
"5328",-8902.024
"5329",-8945.384
"5330",-8949.186
"5331",-8949.063
"5332",-8809.181
"5333",-8826.858
"5334",-8893.41
"5335",-8874.907
"5336",-9168.893
"5337",-8826.12
"5338",-8781.447
"5339",-8901.568
"5340",-8883.841
"5341",-8718.601
"5342",-8723.09
"5343",-8899.711
"5344",-9120.594
"5345",-9314.47
"5346",-8947.515
"5347",-8864.656
"5348",-8638.215
"5349",-8821.427
"5350",-9035.057
"5351",-9078.622
"5352",-8950.396
"5353",-8619.947
"5354",-8737.073
"5355",-9288.29
"5356",-9045.648
"5357",-9046.416
"5358",-8965.892
"5359",-9021.219
"5360",-9048.284
"5361",-8773.727
"5362",-9009.308
"5363",-9018.722
"5364",-8913.983
"5365",-8772.56
"5366",-8896.766
"5367",-8820.313
"5368",-8876.708
"5369",-8748.777
"5370",-8933.602
"5371",-8945.91
"5372",-8660.043
"5373",-9075.386
"5374",-8914.874
"5375",-8968.981
"5376",-9077.229
"5377",-8780.594
"5378",-8944.333
"5379",-9044.832
"5380",-8570.406
"5381",-8980.384
"5382",-8697.137
"5383",-8979.684
"5384",-9121.873
"5385",-8911.873
"5386",-8884.912
"5387",-8983.668
"5388",-9065.225
"5389",-8532.274
"5390",-9030.882
"5391",-8891.03
"5392",-9036.287
"5393",-9089.896
"5394",-9067.198
"5395",-9060.787
"5396",-9181.877
"5397",-8962.592
"5398",-8943.624
"5399",-9145.381
"5400",-9350.645
"5401",-8988.951
"5402",-8655.191
"5403",-8911.885
"5404",-8681.247
"5405",-8653.678
"5406",-8789.1
"5407",-8802.75
"5408",-8801.555
"5409",-8936.973
"5410",-8711.483
"5411",-8771.092
"5412",-8699.108
"5413",-8903.428
"5414",-8711.279
"5415",-8631.547
"5416",-8730.563
"5417",-8903.658
"5418",-8924.074
"5419",-8939.667
"5420",-9060.51
"5421",-8748.307
"5422",-8975.672
"5423",-8931.879
"5424",-8671
"5425",-8734.539
"5426",-8717.476
"5427",-8917.13
"5428",-9015.012
"5429",-9007.815
"5430",-8910.817
"5431",-9050.627
"5432",-8880.837
"5433",-8975.309
"5434",-8707.436
"5435",-8932.497
"5436",-8807.572
"5437",-8762.694
"5438",-9034.869
"5439",-8832.944
"5440",-8899.587
"5441",-8689.814
"5442",-8930.728
"5443",-8687.723
"5444",-8825.044
"5445",-8917.906
"5446",-9000.215
"5447",-9057.858
"5448",-9182.194
"5449",-8997.789
"5450",-8616.021
"5451",-8837.055
"5452",-8955.16
"5453",-9123.238
"5454",-9045.545
"5455",-9037.529
"5456",-8828.99
"5457",-9013.434
"5458",-8748.91
"5459",-9063.82
"5460",-8980.068
"5461",-8761.957
"5462",-8891.594
"5463",-8944.112
"5464",-8767.276
"5465",-8827.25
"5466",-8619.17
"5467",-9010.253
"5468",-8894.406
"5469",-8798.214
"5470",-8852.794
"5471",-9136.168
"5472",-8744.052
"5473",-8811.737
"5474",-8917.266
"5475",-8696.318
"5476",-9258.618
"5477",-9096.827
"5478",-8963.679
"5479",-8995.651
"5480",-8802.085
"5481",-9084.521
"5482",-8668.404
"5483",-8709.992
"5484",-8754.822
"5485",-8977.78
"5486",-8961.278
"5487",-8859.027
"5488",-8880.875
"5489",-8756.419
"5490",-8868.065
"5491",-8873.641
"5492",-8989.112
"5493",-8814.599
"5494",-8852.878
"5495",-8912.886
"5496",-8714.4
"5497",-9054.815
"5498",-8935.691
"5499",-9163.55
"5500",-8939.683
"5501",-8817.076
"5502",-8843.759
"5503",-8865.537
"5504",-8634.742
"5505",-8875.686
"5506",-8829.457
"5507",-8888.313
"5508",-8967.548
"5509",-8920
"5510",-9087.841
"5511",-8852.849
"5512",-9015.727
"5513",-8880.898
"5514",-8831.074
"5515",-8767.595
"5516",-8919.872
"5517",-8877.233
"5518",-8705.178
"5519",-8823.794
"5520",-9220.172
"5521",-8844.362
"5522",-8722.41
"5523",-8939.468
"5524",-8740.818
"5525",-8875.54
"5526",-8816.325
"5527",-9143.081
"5528",-9156.648
"5529",-9104.803
"5530",-9072.782
"5531",-9091.744
"5532",-8869.737
"5533",-9052.515
"5534",-9027.192
"5535",-8954.454
"5536",-8967.674
"5537",-8909.063
"5538",-9017.642
"5539",-8678.194
"5540",-8852.556
"5541",-9101.967
"5542",-8941.617
"5543",-8543.914
"5544",-8963.89
"5545",-8921.937
"5546",-9082.978
"5547",-8776.545
"5548",-9028.477
"5549",-8987.611
"5550",-8645.849
"5551",-8887.751
"5552",-8860.557
"5553",-8798.633
"5554",-8897.294
"5555",-9131.736
"5556",-8689.558
"5557",-8785.426
"5558",-9224.591
"5559",-9214.058
"5560",-8916.817
"5561",-9025.566
"5562",-9060.658
"5563",-8885.951
"5564",-8664.314
"5565",-8996.524
"5566",-8817.274
"5567",-8786.256
"5568",-8709.977
"5569",-9038.613
"5570",-8902.698
"5571",-8617.66
"5572",-8873.974
"5573",-8960.982
"5574",-8811.757
"5575",-8884.911
"5576",-9008.327
"5577",-8683.905
"5578",-8813.71
"5579",-8978.907
"5580",-8748.849
"5581",-8886.216
"5582",-8996.693
"5583",-8720.115
"5584",-8911.479
"5585",-9083.772
"5586",-8850.482
"5587",-8781.976
"5588",-9079.509
"5589",-8715.215
"5590",-8556.085
"5591",-8747.043
"5592",-8912.026
"5593",-9154.461
"5594",-9012.91
"5595",-8945.052
"5596",-8846.879
"5597",-9159.82
"5598",-8828.731
"5599",-8804.569
"5600",-9037.271
"5601",-8555.837
"5602",-8858.287
"5603",-8971.134
"5604",-8896.546
"5605",-8886.071
"5606",-9054.288
"5607",-8945.163
"5608",-9130.443
"5609",-8815.039
"5610",-8912.628
"5611",-8953.182
"5612",-8954.21
"5613",-8765.717
"5614",-8939.121
"5615",-8840.775
"5616",-9043.699
"5617",-8786.927
"5618",-8842.361
"5619",-9024.902
"5620",-8792.679
"5621",-8871.444
"5622",-8738.746
"5623",-8953.889
"5624",-9015.061
"5625",-8708.286
"5626",-8731.021
"5627",-8703.5
"5628",-8795.116
"5629",-8994.896
"5630",-9227.607
"5631",-8925.717
"5632",-9046.392
"5633",-8821.049
"5634",-9120.392
"5635",-9073.338
"5636",-8946.397
"5637",-8638.463
"5638",-9006.451
"5639",-8679.757
"5640",-8658.223
"5641",-8768.25
"5642",-8873.766
"5643",-8609.068
"5644",-9137.694
"5645",-9109.795
"5646",-8856.488
"5647",-8799.48
"5648",-9044.943
"5649",-8715.823
"5650",-8728.373
"5651",-8947.761
"5652",-8855.772
"5653",-8901.885
"5654",-9158.068
"5655",-8697.207
"5656",-8793.31
"5657",-8837.963
"5658",-9009.435
"5659",-8892.318
"5660",-8934.398
"5661",-9015.217
"5662",-9151.311
"5663",-9048.807
"5664",-8992.79
"5665",-8655.387
"5666",-9022.209
"5667",-8959.222
"5668",-8687.609
"5669",-8876.485
"5670",-8984.654
"5671",-8940.743
"5672",-8999.414
"5673",-8717.306
"5674",-8826.618
"5675",-8946.826
"5676",-8971.73
"5677",-8908.409
"5678",-8981.635
"5679",-8847.989
"5680",-9087.011
"5681",-9233.228
"5682",-8825.298
"5683",-8881.935
"5684",-9042.306
"5685",-8688.754
"5686",-8905.589
"5687",-8895.097
"5688",-8836.152
"5689",-8993.043
"5690",-8803.842
"5691",-9090.219
"5692",-8948.123
"5693",-8764.93
"5694",-8909.938
"5695",-8946.65
"5696",-8851.488
"5697",-9367.197
"5698",-8830.798
"5699",-8944.397
"5700",-8882.745
"5701",-9119.817
"5702",-8683.642
"5703",-8866.078
"5704",-8879.896
"5705",-8846.034
"5706",-9027.292
"5707",-8959.35
"5708",-8738.346
"5709",-8916.682
"5710",-8961.479
"5711",-9118.726
"5712",-9261.812
"5713",-8913.879
"5714",-8935.03
"5715",-8897.136
"5716",-8709.037
"5717",-8822.904
"5718",-8847.717
"5719",-8823.618
"5720",-8847.817
"5721",-8912.328
"5722",-8914.164
"5723",-8976.193
"5724",-9044.893
"5725",-8737.873
"5726",-8827.499
"5727",-8869.003
"5728",-8970.287
"5729",-8834.526
"5730",-8819.644
"5731",-8873.29
"5732",-8610.861
"5733",-8612.271
"5734",-9004.395
"5735",-9074.048
"5736",-8911.625
"5737",-8845.739
"5738",-8846.109
"5739",-8740.608
"5740",-9000.598
"5741",-8833.531
"5742",-8730.43
"5743",-8870.031
"5744",-8850.936
"5745",-8989.785
"5746",-9033.949
"5747",-8817.993
"5748",-9261.236
"5749",-8857.136
"5750",-8746.609
"5751",-8984.812
"5752",-8883.05
"5753",-8918.379
"5754",-8720.239
"5755",-8948.702
"5756",-8812.672
"5757",-9072.079
"5758",-9002.563
"5759",-8760.268
"5760",-8958.623
"5761",-8976.011
"5762",-8990.488
"5763",-8868.432
"5764",-8893.83
"5765",-9279.958
"5766",-9220.843
"5767",-8995.885
"5768",-8848.046
"5769",-9110.87
"5770",-8870.12
"5771",-8918.069
"5772",-8510.615
"5773",-8890.082
"5774",-8858.362
"5775",-8889.012
"5776",-8857.917
"5777",-9007.788
"5778",-9279.68
"5779",-8542.759
"5780",-8794.621
"5781",-8821.312
"5782",-9028.129
"5783",-9053.14
"5784",-8856.952
"5785",-8896.786
"5786",-8865.383
"5787",-8713.296
"5788",-9010.853
"5789",-8809.163
"5790",-8723.241
"5791",-9141.477
"5792",-8961.189
"5793",-8859.032
"5794",-8916.868
"5795",-8809.726
"5796",-8723.41
"5797",-8925.25
"5798",-9120.235
"5799",-8935.21
"5800",-9029.002
"5801",-8759.357
"5802",-8806.053
"5803",-8754.807
"5804",-8972.819
"5805",-8884.173
"5806",-8742.744
"5807",-8687.94
"5808",-8703.563
"5809",-9068.469
"5810",-8770.865
"5811",-8958.588
"5812",-8985.531
"5813",-8917.567
"5814",-9009.656
"5815",-8542.249
"5816",-8827.409
"5817",-8922.688
"5818",-8653.642
"5819",-8620.412
"5820",-9039.4
"5821",-8945.655
"5822",-8760.18
"5823",-8897.273
"5824",-8832.091
"5825",-8891.818
"5826",-9252.897
"5827",-8834.858
"5828",-8824.731
"5829",-8804.151
"5830",-8617.067
"5831",-8887.673
"5832",-9016.533
"5833",-9057.337
"5834",-9164.654
"5835",-8898.635
"5836",-8818.137
"5837",-8972.907
"5838",-9083.2
"5839",-8957.199
"5840",-9082.25
"5841",-8998.535
"5842",-8784.412
"5843",-9029.8
"5844",-8922.596
"5845",-8885.194
"5846",-8824.486
"5847",-8659.202
"5848",-9071.317
"5849",-8819.352
"5850",-8844.417
"5851",-8839.065
"5852",-9276.89
"5853",-9145.181
"5854",-9008.967
"5855",-8797.928
"5856",-9001.026
"5857",-8814.514
"5858",-9077.337
"5859",-8848.211
"5860",-8952.597
"5861",-9090.087
"5862",-8906.285
"5863",-8772.928
"5864",-8635.832
"5865",-9076.043
"5866",-8969.665
"5867",-9005.958
"5868",-9016.211
"5869",-8930.947
"5870",-8947.197
"5871",-9095.056
"5872",-8982.516
"5873",-8840.193
"5874",-9090.486
"5875",-9073.673
"5876",-8839.078
"5877",-8849.369
"5878",-8898.833
"5879",-8966.245
"5880",-8860.789
"5881",-8774.053
"5882",-8997.073
"5883",-9047.168
"5884",-8802.267
"5885",-8911.057
"5886",-9267.888
"5887",-8972.895
"5888",-8926.656
"5889",-9121.45
"5890",-9185.226
"5891",-8907.813
"5892",-8857.612
"5893",-8836.513
"5894",-8981.255
"5895",-8977.967
"5896",-8953.882
"5897",-8725.614
"5898",-8820.643
"5899",-8965.476
"5900",-8974.115
"5901",-8861.922
"5902",-8898.982
"5903",-8871.498
"5904",-8965.906
"5905",-8982.897
"5906",-8708.242
"5907",-8901.347
"5908",-9109.838
"5909",-9126.908
"5910",-9074.952
"5911",-8703.294
"5912",-8868.804
"5913",-8781.025
"5914",-9059.038
"5915",-8982.016
"5916",-8797.307
"5917",-9028.15
"5918",-9258.463
"5919",-8996.379
"5920",-8989.08
"5921",-8877.171
"5922",-8849.941
"5923",-8791.525
"5924",-8989.35
"5925",-8907.323
"5926",-8931.653
"5927",-9122.348
"5928",-8867.664
"5929",-8937.797
"5930",-8975.464
"5931",-8891.771
"5932",-9009.634
"5933",-8975.191
"5934",-9171.785
"5935",-8881.007
"5936",-9023.842
"5937",-9004.841
"5938",-9076.589
"5939",-8986.68
"5940",-8920.89
"5941",-8887.434
"5942",-8952.079
"5943",-8883.202
"5944",-8992.743
"5945",-8953.355
"5946",-8996.425
"5947",-8969.102
"5948",-8819.838
"5949",-8930.789
"5950",-8813.932
"5951",-8945.654
"5952",-8885.55
"5953",-8787.967
"5954",-9028.927
"5955",-9053.114
"5956",-8999.396
"5957",-8973.271
"5958",-8746.725
"5959",-8786.647
"5960",-9008.385
"5961",-8886.283
"5962",-8973.453
"5963",-8840.316
"5964",-8619.472
"5965",-8924.388
"5966",-8785.355
"5967",-8942.753
"5968",-9045.428
"5969",-9086.474
"5970",-8704.144
"5971",-8656.714
"5972",-8840.25
"5973",-9040.832
"5974",-8804.829
"5975",-8836.265
"5976",-8794.492
"5977",-9080.284
"5978",-8836.64
"5979",-9064.707
"5980",-9129.841
"5981",-8838.893
"5982",-9073.249
"5983",-8770.762
"5984",-8761.655
"5985",-8868.634
"5986",-8898.26
"5987",-8862.173
"5988",-8617.719
"5989",-8690.44
"5990",-8843.695
"5991",-8917.984
"5992",-8764.595
"5993",-8976.873
"5994",-8844.308
"5995",-8896.889
"5996",-8923.273
"5997",-8697.478
"5998",-9025.764
"5999",-8751.537
"6000",-8876.311
"6001",-8804.479
"6002",-8885.056
"6003",-9063.401
"6004",-9037.295
"6005",-8969.77
"6006",-8993.482
"6007",-8990.019
"6008",-8801.875
"6009",-8817.273
"6010",-8619.629
"6011",-8943.39
"6012",-9017.02
"6013",-9028.645
"6014",-8855.683
"6015",-8785.134
"6016",-8926.137
"6017",-8785.335
"6018",-8925.521
"6019",-9072.993
"6020",-9004.166
"6021",-8831.309
"6022",-8895.323
"6023",-8979.005
"6024",-8692.361
"6025",-8825.146
"6026",-8788.153
"6027",-9001.02
"6028",-8968.53
"6029",-8995.801
"6030",-8812.524
"6031",-9000.395
"6032",-8888.721
"6033",-8869.757
"6034",-8972.993
"6035",-9126.587
"6036",-8670.08
"6037",-8843.437
"6038",-9076.909
"6039",-8893.508
"6040",-8997.469
"6041",-9056.689
"6042",-8959.91
"6043",-8922.406
"6044",-8740.823
"6045",-9058.449
"6046",-9076.469
"6047",-8773.679
"6048",-8774.094
"6049",-9144.11
"6050",-8789.606
"6051",-8889.271
"6052",-8833.044
"6053",-9094.876
"6054",-9218.847
"6055",-8793.583
"6056",-8775.992
"6057",-8942.214
"6058",-9133.362
"6059",-8883.708
"6060",-8765.594
"6061",-8625.327
"6062",-8811.258
"6063",-8730.26
"6064",-9013.636
"6065",-8711.95
"6066",-8911.78
"6067",-9080.862
"6068",-8919.179
"6069",-8894.189
"6070",-9104.675
"6071",-8951.049
"6072",-8907.582
"6073",-8891.249
"6074",-8860.05
"6075",-8752.721
"6076",-9008.808
"6077",-8902.723
"6078",-9111.48
"6079",-8838.844
"6080",-9134.829
"6081",-9017.491
"6082",-8904.689
"6083",-8902.888
"6084",-8844.235
"6085",-8863.579
"6086",-8825.259
"6087",-8967.571
"6088",-9074.687
"6089",-8863.555
"6090",-8930.294
"6091",-8973.168
"6092",-9220.574
"6093",-8841.723
"6094",-8847.617
"6095",-8853.873
"6096",-8668.491
"6097",-8945.173
"6098",-9088.929
"6099",-8795.411
"6100",-9220.293
"6101",-8945.524
"6102",-9070.155
"6103",-9000.665
"6104",-8931.13
"6105",-9026.325
"6106",-9011.814
"6107",-8906.967
"6108",-9076.509
"6109",-8719.228
"6110",-9129.71
"6111",-9010.792
"6112",-8921.937
"6113",-9150.03
"6114",-8781.565
"6115",-8808.822
"6116",-9176.646
"6117",-8882.711
"6118",-8727.553
"6119",-9204.813
"6120",-8947.109
"6121",-8926.352
"6122",-9030.178
"6123",-8891.029
"6124",-8884.519
"6125",-8733.128
"6126",-8944.812
"6127",-9126.835
"6128",-8838.952
"6129",-9098.272
"6130",-8982.319
"6131",-8981.563
"6132",-9082.513
"6133",-8915.341
"6134",-9127.695
"6135",-9112.509
"6136",-9218.631
"6137",-8814.373
"6138",-8679.854
"6139",-8788.968
"6140",-8800.778
"6141",-8730.442
"6142",-9044.016
"6143",-8768.079
"6144",-8858.541
"6145",-8914.327
"6146",-8971.406
"6147",-9160.946
"6148",-9056.159
"6149",-8935.422
"6150",-8832.41
"6151",-8742.34
"6152",-9016.327
"6153",-9222.507
"6154",-9014.171
"6155",-8904.237
"6156",-8952.534
"6157",-8941.817
"6158",-9049.351
"6159",-8980.963
"6160",-9086.577
"6161",-8694.984
"6162",-8820.057
"6163",-8880.789
"6164",-9016.78
"6165",-8870.458
"6166",-8767.881
"6167",-8811.313
"6168",-8802.924
"6169",-9056.912
"6170",-9039.419
"6171",-8936.15
"6172",-8838.953
"6173",-8862.598
"6174",-9093.041
"6175",-8923.99
"6176",-8666.495
"6177",-8819.252
"6178",-8839.618
"6179",-9048.164
"6180",-8890.532
"6181",-8962.133
"6182",-8848.582
"6183",-8946.879
"6184",-8744.091
"6185",-9016.069
"6186",-8640.762
"6187",-9108.931
"6188",-8684.744
"6189",-8934.159
"6190",-8694.739
"6191",-8874.707
"6192",-8656.254
"6193",-8978.608
"6194",-8821.855
"6195",-8917.033
"6196",-8870.87
"6197",-8793.216
"6198",-9167.126
"6199",-8909.766
"6200",-8916.401
"6201",-8830.354
"6202",-8936.465
"6203",-9159.939
"6204",-9011.481
"6205",-9144.44
"6206",-8945.8
"6207",-9056.407
"6208",-9120.156
"6209",-9007.175
"6210",-8687.752
"6211",-8785.433
"6212",-8765.164
"6213",-8973.052
"6214",-9032.866
"6215",-8883.499
"6216",-8677.2
"6217",-8883.24
"6218",-8679.559
"6219",-8847.359
"6220",-8678.909
"6221",-8996.196
"6222",-8728.264
"6223",-9006.793
"6224",-9008.833
"6225",-9227.042
"6226",-9045.217
"6227",-8717.322
"6228",-9015.646
"6229",-8862.206
"6230",-8801.717
"6231",-8872.967
"6232",-8874.342
"6233",-9134.696
"6234",-8952.257
"6235",-8928.699
"6236",-8713.334
"6237",-8900.837
"6238",-8871.922
"6239",-8955.052
"6240",-8939.789
"6241",-8835.564
"6242",-8740.034
"6243",-8728.895
"6244",-8803.264
"6245",-9069.185
"6246",-8754.297
"6247",-8654.455
"6248",-9042.116
"6249",-8970.711
"6250",-8992.326
"6251",-8989.787
"6252",-8733.766
"6253",-8978.486
"6254",-8863.808
"6255",-8820.525
"6256",-8975.414
"6257",-8791.144
"6258",-9068.787
"6259",-8902.762
"6260",-8927.627
"6261",-8772.949
"6262",-8765.089
"6263",-8951.873
"6264",-9000.681
"6265",-8849.65
"6266",-8808.539
"6267",-8733.89
"6268",-8772.989
"6269",-8882.373
"6270",-8946.981
"6271",-9040.154
"6272",-8603.786
"6273",-9098.206
"6274",-9031.959
"6275",-8898.708
"6276",-8927.882
"6277",-8909.974
"6278",-8815.856
"6279",-9048.67
"6280",-9219.258
"6281",-8704.821
"6282",-8835.843
"6283",-8913.223
"6284",-8773.446
"6285",-8781.344
"6286",-9160.915
"6287",-8909.821
"6288",-9016.75
"6289",-9061.915
"6290",-8582.407
"6291",-8725.874
"6292",-9099.357
"6293",-8870.976
"6294",-8763.548
"6295",-8867.176
"6296",-9081.239
"6297",-8768.303
"6298",-9182.441
"6299",-9121.832
"6300",-8731.03
"6301",-8767.334
"6302",-8670.742
"6303",-8727.255
"6304",-8881.901
"6305",-8593.559
"6306",-8863.116
"6307",-8974.169
"6308",-8985.544
"6309",-8980.33
"6310",-9067.909
"6311",-8879.112
"6312",-8588.192
"6313",-9145.208
"6314",-8522.693
"6315",-8878.5
"6316",-8915.353
"6317",-9015.483
"6318",-9137.359
"6319",-8880.671
"6320",-9247.488
"6321",-8764.591
"6322",-9003.203
"6323",-8997.282
"6324",-8835.999
"6325",-9164.883
"6326",-8927.145
"6327",-8801.634
"6328",-8685.232
"6329",-8996.852
"6330",-8845.456
"6331",-8727.997
"6332",-8858.771
"6333",-8808.638
"6334",-8819.556
"6335",-9130.986
"6336",-9047.408
"6337",-9017.426
"6338",-8723.942
"6339",-8914.744
"6340",-8833.262
"6341",-9035.431
"6342",-9002.596
"6343",-8766.036
"6344",-9064.837
"6345",-8781.329
"6346",-8972.043
"6347",-8977.072
"6348",-9159.063
"6349",-9011.55
"6350",-8719.42
"6351",-8925.815
"6352",-8909.796
"6353",-8888.2
"6354",-9062.614
"6355",-9249.533
"6356",-8935.365
"6357",-8766.022
"6358",-8851.931
"6359",-9113.255
"6360",-8889.366
"6361",-8825.028
"6362",-8633.404
"6363",-8882.887
"6364",-8750.217
"6365",-8729.458
"6366",-9008.699
"6367",-8831.691
"6368",-8939.23
"6369",-8938.039
"6370",-9081.929
"6371",-8831.297
"6372",-9002.852
"6373",-8780.28
"6374",-8713.878
"6375",-8938.424
"6376",-8688.96
"6377",-8989.235
"6378",-9001.604
"6379",-8947.148
"6380",-8615.141
"6381",-8749.727
"6382",-8738.228
"6383",-8862.459
"6384",-8962.155
"6385",-8985.389
"6386",-9203.733
"6387",-8691.687
"6388",-8836.844
"6389",-8737.942
"6390",-8901.785
"6391",-9026.859
"6392",-8906.677
"6393",-8993.41
"6394",-8836.753
"6395",-8789.257
"6396",-8852.923
"6397",-8915.131
"6398",-8561.192
"6399",-8957.811
"6400",-8922.565
"6401",-8857.591
"6402",-9057.388
"6403",-9128.142
"6404",-8955.722
"6405",-8819.365
"6406",-8955.517
"6407",-9167.605
"6408",-8881.592
"6409",-9070.521
"6410",-8819.84
"6411",-8793.108
"6412",-9109.662
"6413",-9003.369
"6414",-8802.086
"6415",-8790.725
"6416",-8865.551
"6417",-8930.613
"6418",-8859.941
"6419",-9119.226
"6420",-8719.197
"6421",-9119.14
"6422",-9089.809
"6423",-8920.532
"6424",-8553.946
"6425",-8857.425
"6426",-9001.589
"6427",-9044.717
"6428",-8908.668
"6429",-8933.421
"6430",-9165.073
"6431",-9071.261
"6432",-8943.774
"6433",-8793.97
"6434",-8907.054
"6435",-9401.729
"6436",-8939.88
"6437",-8901.807
"6438",-8803.397
"6439",-9055.744
"6440",-9056.596
"6441",-8840.085
"6442",-8891.552
"6443",-8966.052
"6444",-9112.212
"6445",-8979.146
"6446",-8844.185
"6447",-8923.434
"6448",-8683.572
"6449",-8830.713
"6450",-8973.683
"6451",-8990.882
"6452",-9163.637
"6453",-8947.482
"6454",-9154.208
"6455",-8921.717
"6456",-8915.126
"6457",-9050.101
"6458",-8890.713
"6459",-8913.395
"6460",-8993.611
"6461",-8957.131
"6462",-8981.504
"6463",-8967.854
"6464",-8784.177
"6465",-9034.484
"6466",-8894.353
"6467",-8913.104
"6468",-9017.9
"6469",-8773.885
"6470",-8894.571
"6471",-9109.019
"6472",-9222.165
"6473",-9019.409
"6474",-8799.102
"6475",-8629.73
"6476",-8910.492
"6477",-9009.634
"6478",-8641.641
"6479",-9175.943
"6480",-8888.538
"6481",-9022.076
"6482",-8969.626
"6483",-9003.846
"6484",-9006.455
"6485",-8760
"6486",-8987.372
"6487",-8886.735
"6488",-9043.225
"6489",-8985.045
"6490",-9039.765
"6491",-8787.13
"6492",-8914.694
"6493",-9128.207
"6494",-9125.426
"6495",-9120.833
"6496",-9065.044
"6497",-9038.654
"6498",-8750.2
"6499",-8965.543
"6500",-8863.555
"6501",-9149.568
"6502",-9023.12
"6503",-8828.784
"6504",-9169.368
"6505",-8920.493
"6506",-8705.261
"6507",-8664.536
"6508",-8972.281
"6509",-8761.663
"6510",-9025.679
"6511",-8860.814
"6512",-8823.553
"6513",-8760.449
"6514",-8876.84
"6515",-8921.878
"6516",-8831.517
"6517",-8964.169
"6518",-8915.751
"6519",-8776.86
"6520",-8844.355
"6521",-8714.216
"6522",-8895.501
"6523",-8994.954
"6524",-8944.694
"6525",-8961.828
"6526",-8780.645
"6527",-8836.199
"6528",-9160.809
"6529",-8951.244
"6530",-8649.7
"6531",-9115.647
"6532",-8909.957
"6533",-8997.446
"6534",-8823.781
"6535",-9236.964
"6536",-8954.807
"6537",-8860.752
"6538",-8901.129
"6539",-8983.383
"6540",-8876.747
"6541",-8846.42
"6542",-9122.693
"6543",-8893.458
"6544",-8753.167
"6545",-9006.211
"6546",-8690.516
"6547",-8796.926
"6548",-8657.341
"6549",-8778.533
"6550",-9069.088
"6551",-8909.052
"6552",-8869.175
"6553",-9136.232
"6554",-9203.579
"6555",-8956.988
"6556",-9195.227
"6557",-8759.539
"6558",-8795.503
"6559",-8983.352
"6560",-8656.951
"6561",-8775.002
"6562",-8930.506
"6563",-9040.311
"6564",-8928.094
"6565",-8670.299
"6566",-8811.522
"6567",-8956.79
"6568",-8832.99
"6569",-8795.518
"6570",-8789.233
"6571",-8943.372
"6572",-8944.149
"6573",-9042.235
"6574",-9080.786
"6575",-8880.482
"6576",-8652.006
"6577",-9036.117
"6578",-8968.442
"6579",-9078.22
"6580",-9014.588
"6581",-8995.296
"6582",-8852.779
"6583",-8994.339
"6584",-8970.075
"6585",-8783.665
"6586",-8958.893
"6587",-8836.894
"6588",-8818.902
"6589",-9077.458
"6590",-8820.165
"6591",-8979.091
"6592",-8913.976
"6593",-9053.599
"6594",-8936.69
"6595",-8788.535
"6596",-9058.635
"6597",-9109.634
"6598",-8975.85
"6599",-8684.066
"6600",-8875.959
"6601",-8850.953
"6602",-8937.009
"6603",-9179.339
"6604",-9003.82
"6605",-8696.03
"6606",-9258.583
"6607",-9174.077
"6608",-9014.262
"6609",-8707.373
"6610",-9279.439
"6611",-8900.175
"6612",-8736.759
"6613",-8949.618
"6614",-8889.936
"6615",-8881.615
"6616",-8962.043
"6617",-8967.598
"6618",-8631.385
"6619",-9049.95
"6620",-8796.115
"6621",-9172.653
"6622",-8948.761
"6623",-8636.881
"6624",-8843.847
"6625",-8940.634
"6626",-8892.261
"6627",-9111.928
"6628",-9034.081
"6629",-8890.528
"6630",-8899.819
"6631",-8878.001
"6632",-8846.319
"6633",-8866.562
"6634",-9079.916
"6635",-8841.762
"6636",-8765.216
"6637",-8944.873
"6638",-9176.694
"6639",-8767.317
"6640",-8806.361
"6641",-8965.691
"6642",-9107.526
"6643",-8840.63
"6644",-8637.101
"6645",-8918.462
"6646",-8940.009
"6647",-8905.233
"6648",-8814.601
"6649",-8871.351
"6650",-8917.142
"6651",-8922.96
"6652",-8831.79
"6653",-8632.675
"6654",-8742.006
"6655",-8920.719
"6656",-8989.257
"6657",-8775.897
"6658",-8829.618
"6659",-8872.783
"6660",-8845.44
"6661",-9080.263
"6662",-8932.624
"6663",-8840.784
"6664",-8973.965
"6665",-8611.087
"6666",-8662.201
"6667",-9212.078
"6668",-9030.34
"6669",-9067.154
"6670",-8871.703
"6671",-9109.145
"6672",-8826.532
"6673",-8978.211
"6674",-8862.591
"6675",-8861.26
"6676",-8992.686
"6677",-8688.094
"6678",-8950.592
"6679",-8997.856
"6680",-8708.324
"6681",-8981.408
"6682",-8852.713
"6683",-8913.208
"6684",-8983.754
"6685",-8916.116
"6686",-9071.14
"6687",-8568.284
"6688",-8896.004
"6689",-8697.688
"6690",-8894.652
"6691",-9006.814
"6692",-9097.895
"6693",-8865.126
"6694",-8743.684
"6695",-8947.939
"6696",-9098.225
"6697",-8889.874
"6698",-8857.152
"6699",-8818.636
"6700",-8990.283
"6701",-8978.36
"6702",-8722.225
"6703",-8868.261
"6704",-8986.206
"6705",-9063.558
"6706",-9040.049
"6707",-8896.648
"6708",-8867.709
"6709",-8763.07
"6710",-8645.151
"6711",-9034.307
"6712",-8718.395
"6713",-8678.288
"6714",-8609.183
"6715",-8868.474
"6716",-9022.557
"6717",-9046.599
"6718",-8737.257
"6719",-8953.154
"6720",-9107.192
"6721",-8924.714
"6722",-9093.416
"6723",-8653.461
"6724",-9191.161
"6725",-8747.154
"6726",-8932.188
"6727",-9241.884
"6728",-8866.292
"6729",-9142.845
"6730",-8879.348
"6731",-8807.96
"6732",-9043.445
"6733",-8697.324
"6734",-8993.38
"6735",-8934.668
"6736",-9050.584
"6737",-8896.034
"6738",-9170.222
"6739",-8917.238
"6740",-8723.682
"6741",-9186.343
"6742",-8903.796
"6743",-8774.278
"6744",-8874.393
"6745",-9015.867
"6746",-8736.406
"6747",-8774.633
"6748",-8846.632
"6749",-8957.723
"6750",-8869.194
"6751",-8910.534
"6752",-8697.813
"6753",-9229.399
"6754",-8681.304
"6755",-9096.265
"6756",-8923.305
"6757",-9003.59
"6758",-9212.459
"6759",-8932.931
"6760",-8836.709
"6761",-8932.809
"6762",-8867.732
"6763",-8834.38
"6764",-9307.835
"6765",-9181.655
"6766",-8803.447
"6767",-8880.633
"6768",-9042.231
"6769",-8481.522
"6770",-8890.296
"6771",-8721.604
"6772",-8932.564
"6773",-8895.527
"6774",-9068.137
"6775",-9139.807
"6776",-8706.423
"6777",-8811.839
"6778",-8908.447
"6779",-9209.207
"6780",-8936.297
"6781",-8984.486
"6782",-9007.81
"6783",-8923.525
"6784",-8835.199
"6785",-9197.458
"6786",-8802.361
"6787",-8777.837
"6788",-8825.185
"6789",-9136.177
"6790",-9154.398
"6791",-8779.14
"6792",-9029.614
"6793",-8517.825
"6794",-8873.678
"6795",-8997.91
"6796",-8658.128
"6797",-8815.026
"6798",-8801.242
"6799",-8862.072
"6800",-8678.777
"6801",-8998.365
"6802",-8904.884
"6803",-9008.395
"6804",-8974.002
"6805",-9055.781
"6806",-8886.813
"6807",-9047.076
"6808",-8940.067
"6809",-8865.244
"6810",-9179.219
"6811",-8999.981
"6812",-8726.061
"6813",-8874.463
"6814",-8898.381
"6815",-8847.421
"6816",-9024.076
"6817",-8846.819
"6818",-8613.277
"6819",-9088.906
"6820",-9014.071
"6821",-9012.325
"6822",-8775.261
"6823",-9016.15
"6824",-9143.934
"6825",-8807.018
"6826",-8788.65
"6827",-8812.883
"6828",-8846.69
"6829",-8984.254
"6830",-8960.307
"6831",-8764.986
"6832",-8821.776
"6833",-8784.857
"6834",-8898.164
"6835",-8780.172
"6836",-8808.752
"6837",-8861.153
"6838",-9042.924
"6839",-8844.663
"6840",-8830.656
"6841",-8955.636
"6842",-9051.048
"6843",-8670.112
"6844",-8818.948
"6845",-8925.201
"6846",-8688.447
"6847",-9129.05
"6848",-8870.683
"6849",-8887.334
"6850",-8925.681
"6851",-8882.098
"6852",-9062.249
"6853",-8957.538
"6854",-8871.695
"6855",-8658.65
"6856",-8936.339
"6857",-9129.305
"6858",-8558.363
"6859",-8843.907
"6860",-9007.238
"6861",-8591.036
"6862",-9113.141
"6863",-8945.397
"6864",-8998.196
"6865",-8650.956
"6866",-9021.731
"6867",-8901.122
"6868",-8974.599
"6869",-8916.88
"6870",-9048.244
"6871",-9107.933
"6872",-9008.599
"6873",-9172.723
"6874",-8693.256
"6875",-8934.15
"6876",-8902.802
"6877",-8938.703
"6878",-8904.954
"6879",-8988.567
"6880",-8814.894
"6881",-8974.395
"6882",-8686.305
"6883",-9070.771
"6884",-8927.48
"6885",-9044.923
"6886",-8936.792
"6887",-8762.552
"6888",-8748.374
"6889",-8642.26
"6890",-8950.296
"6891",-8849.077
"6892",-8875.351
"6893",-8894.73
"6894",-8544.405
"6895",-9017.361
"6896",-8669.442
"6897",-8907.69
"6898",-8755.935
"6899",-9011.893
"6900",-8926.23
"6901",-8659.192
"6902",-8803.587
"6903",-8901.366
"6904",-8845.256
"6905",-9066.581
"6906",-8850.047
"6907",-8740.022
"6908",-9213.106
"6909",-8837.245
"6910",-8840.676
"6911",-8706.906
"6912",-8918.225
"6913",-9051.682
"6914",-8750.531
"6915",-8828.095
"6916",-8950.655
"6917",-8968.848
"6918",-9012.323
"6919",-9052.734
"6920",-9323.211
"6921",-9001.95
"6922",-8978.482
"6923",-8786.552
"6924",-8884.789
"6925",-8827.281
"6926",-8988.235
"6927",-8921.312
"6928",-8901.071
"6929",-8872.891
"6930",-8669.383
"6931",-8684.12
"6932",-8944.289
"6933",-9063.601
"6934",-8891.962
"6935",-9024.572
"6936",-8964.646
"6937",-8926.862
"6938",-9267.959
"6939",-8980.538
"6940",-8883.967
"6941",-8728.825
"6942",-9084.921
"6943",-8874.752
"6944",-9118.689
"6945",-8898.338
"6946",-8746.413
"6947",-8902.771
"6948",-9043.269
"6949",-9259.706
"6950",-8959.404
"6951",-8786.232
"6952",-9117.588
"6953",-9027.853
"6954",-8887.293
"6955",-9200.099
"6956",-9157.861
"6957",-9000.469
"6958",-8947.563
"6959",-8776.135
"6960",-9112.493
"6961",-8990.933
"6962",-8895.993
"6963",-8956.254
"6964",-8749.836
"6965",-8811.698
"6966",-8780.436
"6967",-9067.357
"6968",-8955.962
"6969",-9013.533
"6970",-8970.444
"6971",-9056.894
"6972",-8974.504
"6973",-8943.191
"6974",-8721.514
"6975",-8896.669
"6976",-8955.444
"6977",-8894.08
"6978",-8718.676
"6979",-8759.996
"6980",-8886.102
"6981",-9083.696
"6982",-8876.678
"6983",-8574.841
"6984",-9167.758
"6985",-8773.451
"6986",-9064.046
"6987",-8892.388
"6988",-9082.033
"6989",-8978.81
"6990",-9139.326
"6991",-8934.998
"6992",-8836.345
"6993",-8833.521
"6994",-8909.882
"6995",-9067.867
"6996",-8855.64
"6997",-8693.345
"6998",-9081.47
"6999",-9043.709
"7000",-8898.971
"7001",-8897
"7002",-8875.693
"7003",-8977.012
"7004",-9008.32
"7005",-8817.727
"7006",-8996.845
"7007",-9185.312
"7008",-8969.709
"7009",-8916.187
"7010",-8774.679
"7011",-9120.743
"7012",-8772.164
"7013",-9011.709
"7014",-9075.39
"7015",-8890.936
"7016",-8841.483
"7017",-8947.004
"7018",-8834.759
"7019",-9014.98
"7020",-8952.035
"7021",-8681.692
"7022",-8647.883
"7023",-8776.412
"7024",-9029.039
"7025",-8957.679
"7026",-8853.413
"7027",-8902.116
"7028",-9088.841
"7029",-8981.738
"7030",-8947.678
"7031",-9105.793
"7032",-8904.298
"7033",-8649.809
"7034",-8888.414
"7035",-9028.249
"7036",-8977.938
"7037",-8757.786
"7038",-8937.901
"7039",-8965.751
"7040",-9060.592
"7041",-8658.36
"7042",-8847.959
"7043",-9047.936
"7044",-8803.046
"7045",-8991.029
"7046",-8865.339
"7047",-8928.701
"7048",-8766.948
"7049",-9118.981
"7050",-8814.945
"7051",-8958.44
"7052",-9195.3
"7053",-8891.844
"7054",-8995.029
"7055",-8933.516
"7056",-8836.761
"7057",-8832.444
"7058",-8711.241
"7059",-8809.738
"7060",-9009.712
"7061",-9097.987
"7062",-9072.722
"7063",-9081.838
"7064",-8735.457
"7065",-8732.583
"7066",-8890.381
"7067",-8642.003
"7068",-8846.45
"7069",-8840.573
"7070",-8885.899
"7071",-8894.478
"7072",-8564.077
"7073",-8925.951
"7074",-9006.698
"7075",-8883.894
"7076",-8864.841
"7077",-8973.784
"7078",-8766.274
"7079",-8994.509
"7080",-8911.977
"7081",-8906.017
"7082",-8883.105
"7083",-9147.653
"7084",-8837.3
"7085",-9055.59
"7086",-8964.111
"7087",-9322.108
"7088",-8970.662
"7089",-8849.083
"7090",-9120.071
"7091",-9243.246
"7092",-8999.381
"7093",-8854.777
"7094",-9018.958
"7095",-9041.76
"7096",-8833.882
"7097",-8765.173
"7098",-8784.391
"7099",-9108.709
"7100",-8942.059
"7101",-8911.859
"7102",-8733.008
"7103",-9028.382
"7104",-8697.268
"7105",-9113.177
"7106",-8938.168
"7107",-8896.352
"7108",-9103.345
"7109",-8823.905
"7110",-9007.169
"7111",-8814.848
"7112",-8964.035
"7113",-9047.125
"7114",-8813.49
"7115",-8767.193
"7116",-8772.201
"7117",-9091.709
"7118",-8789.866
"7119",-8870.611
"7120",-8795.527
"7121",-8737.589
"7122",-8618.227
"7123",-8902.873
"7124",-9275.671
"7125",-8953.225
"7126",-8965.955
"7127",-8834.442
"7128",-8842.687
"7129",-8761.899
"7130",-9012.451
"7131",-9074.464
"7132",-8982.931
"7133",-8991.384
"7134",-9035.786
"7135",-9037.278
"7136",-9253.811
"7137",-8988.148
"7138",-8793.468
"7139",-9101.762
"7140",-9119.879
"7141",-8771.446
"7142",-9075.579
"7143",-8823.083
"7144",-8825.589
"7145",-8755.724
"7146",-8906.425
"7147",-8788.327
"7148",-8989.356
"7149",-8894.259
"7150",-9068.428
"7151",-8980.031
"7152",-8913.799
"7153",-8983.727
"7154",-8876.655
"7155",-8885.255
"7156",-8880.391
"7157",-8924.621
"7158",-8752.16
"7159",-8966.626
"7160",-8841.398
"7161",-8992.69
"7162",-8823.315
"7163",-8710.837
"7164",-9018.551
"7165",-9088.992
"7166",-9243.304
"7167",-8676.339
"7168",-9244.631
"7169",-8959.411
"7170",-8924.183
"7171",-9016.544
"7172",-8968.637
"7173",-8845.555
"7174",-9003.156
"7175",-8861.224
"7176",-9111.639
"7177",-8890.03
"7178",-9040.785
"7179",-9041.492
"7180",-8830.675
"7181",-8765.624
"7182",-8951.108
"7183",-9009.902
"7184",-8907.712
"7185",-8866.288
"7186",-8864.738
"7187",-9143.728
"7188",-9069.509
"7189",-8789.22
"7190",-9029.404
"7191",-9108.696
"7192",-8786.604
"7193",-8798.37
"7194",-9096.763
"7195",-8896.315
"7196",-8690.52
"7197",-8827.673
"7198",-8954.147
"7199",-8894.788
"7200",-8894.069
"7201",-8938.772
"7202",-9067.914
"7203",-8869.061
"7204",-8929.618
"7205",-8876.093
"7206",-8983.446
"7207",-8985.604
"7208",-8898.091
"7209",-8975.406
"7210",-8901.989
"7211",-8856.441
"7212",-8762.891
"7213",-8774.573
"7214",-9009.59
"7215",-8770.257
"7216",-8713.704
"7217",-8863.063
"7218",-8893.875
"7219",-8915.895
"7220",-8941.637
"7221",-8717.708
"7222",-8798.726
"7223",-8998.406
"7224",-8847.925
"7225",-9035.56
"7226",-8756.835
"7227",-8734.934
"7228",-8678.936
"7229",-8949.033
"7230",-8895.463
"7231",-8992.086
"7232",-9117.687
"7233",-9124.893
"7234",-8706.987
"7235",-8950.002
"7236",-8927.983
"7237",-9095.008
"7238",-9129.176
"7239",-8915.984
"7240",-9113.211
"7241",-8903.765
"7242",-8918.696
"7243",-8801.228
"7244",-8966.315
"7245",-8976.621
"7246",-8802.24
"7247",-8871.868
"7248",-9019.473
"7249",-8804.854
"7250",-8947.511
"7251",-8898.201
"7252",-8914.11
"7253",-8877.96
"7254",-9141.064
"7255",-8841.393
"7256",-9060.701
"7257",-8959.399
"7258",-9221.275
"7259",-9052.373
"7260",-8904.265
"7261",-8952.38
"7262",-8951.271
"7263",-8755.385
"7264",-8857.825
"7265",-8686.712
"7266",-8718.192
"7267",-8794.29
"7268",-8822.963
"7269",-8967.253
"7270",-9017.42
"7271",-8724.302
"7272",-9017.788
"7273",-9036.503
"7274",-8723.853
"7275",-8969.718
"7276",-8678.881
"7277",-9049.671
"7278",-8898.708
"7279",-9013.483
"7280",-8867.893
"7281",-9220.968
"7282",-8857.758
"7283",-8937.878
"7284",-8770.506
"7285",-8913.607
"7286",-8833.767
"7287",-9097.982
"7288",-8807.171
"7289",-8995.218
"7290",-9144.629
"7291",-9055.208
"7292",-8756.8
"7293",-8910.801
"7294",-8829.959
"7295",-8915.442
"7296",-9010.559
"7297",-8561.571
"7298",-9015.718
"7299",-8891.047
"7300",-8913.832
"7301",-9039.716
"7302",-9013.918
"7303",-8980.665
"7304",-8893.539
"7305",-8947.489
"7306",-9213.887
"7307",-9050.447
"7308",-8795.245
"7309",-9142.572
"7310",-8999.018
"7311",-9010.852
"7312",-8830.152
"7313",-8648.941
"7314",-9112.529
"7315",-9131.211
"7316",-8842.969
"7317",-9032.863
"7318",-8671.345
"7319",-9090.55
"7320",-8859.256
"7321",-8771.451
"7322",-8998.621
"7323",-8980.426
"7324",-9044.555
"7325",-9174.41
"7326",-8905.281
"7327",-8864.809
"7328",-8893.07
"7329",-8739.546
"7330",-8905.983
"7331",-8951.862
"7332",-8727.121
"7333",-9056.836
"7334",-8943.148
"7335",-9077.355
"7336",-8729.874
"7337",-8822.945
"7338",-8903.672
"7339",-8811.593
"7340",-9122.039
"7341",-8943.835
"7342",-8966.801
"7343",-9051.542
"7344",-8733.722
"7345",-9049.586
"7346",-8973.711
"7347",-8825.127
"7348",-9130.405
"7349",-9100.781
"7350",-8876.566
"7351",-9060.203
"7352",-8837.937
"7353",-8998.534
"7354",-8899.066
"7355",-8894.286
"7356",-9047.918
"7357",-8677.206
"7358",-8854.474
"7359",-8995.486
"7360",-8867.976
"7361",-8791.773
"7362",-8893.592
"7363",-8940.728
"7364",-8869.024
"7365",-8881.267
"7366",-8680.921
"7367",-8728.341
"7368",-8973.696
"7369",-8957.717
"7370",-9073.302
"7371",-9072.938
"7372",-8924.842
"7373",-9044.367
"7374",-8805.409
"7375",-9145.446
"7376",-8980.692
"7377",-9078.886
"7378",-8878.329
"7379",-8974.921
"7380",-8850.058
"7381",-9027.582
"7382",-8850.83
"7383",-8925.076
"7384",-8823.66
"7385",-8746.795
"7386",-8835.888
"7387",-9093.839
"7388",-8760.279
"7389",-9034.798
"7390",-8781.734
"7391",-8733.434
"7392",-8861.336
"7393",-8732.456
"7394",-8885.311
"7395",-8901.565
"7396",-9143.735
"7397",-8839.843
"7398",-9045.666
"7399",-8845.791
"7400",-9000.415
"7401",-8848.404
"7402",-9087.203
"7403",-8979.11
"7404",-8938.391
"7405",-8923.461
"7406",-9093.209
"7407",-8980.48
"7408",-8777.715
"7409",-8756.973
"7410",-8950.517
"7411",-9015.902
"7412",-8998.842
"7413",-8740.366
"7414",-9065.678
"7415",-8942.501
"7416",-8878.919
"7417",-8979.612
"7418",-8540.514
"7419",-9019.134
"7420",-8758.675
"7421",-8988.05
"7422",-8948.063
"7423",-8928.617
"7424",-8798.457
"7425",-9018.05
"7426",-9089.577
"7427",-9071.224
"7428",-8910.728
"7429",-8632.751
"7430",-8839.449
"7431",-9002.549
"7432",-8781.527
"7433",-9040.89
"7434",-8898.978
"7435",-8967.262
"7436",-8986.152
"7437",-8997.941
"7438",-8856.064
"7439",-8924.618
"7440",-8561.183
"7441",-9054.613
"7442",-8951.901
"7443",-9142.193
"7444",-8883.045
"7445",-8895.79
"7446",-8492.463
"7447",-8993.566
"7448",-8894.052
"7449",-8786.188
"7450",-9075.888
"7451",-8800.586
"7452",-9040.252
"7453",-8949.755
"7454",-8787.333
"7455",-9196.334
"7456",-8938.679
"7457",-8944.862
"7458",-8882.491
"7459",-8819.175
"7460",-8848.468
"7461",-8604.03
"7462",-8955.685
"7463",-8975.955
"7464",-8803.845
"7465",-9078.648
"7466",-9118.579
"7467",-8770.141
"7468",-9030.779
"7469",-9125.624
"7470",-9249.706
"7471",-8893.303
"7472",-9017.601
"7473",-8770.437
"7474",-8815.463
"7475",-8668.115
"7476",-8964.449
"7477",-8901.712
"7478",-8869.249
"7479",-8708.878
"7480",-8835.933
"7481",-8969.893
"7482",-9263.017
"7483",-9049.591
"7484",-8882.98
"7485",-9067.984
"7486",-9062.57
"7487",-8927.079
"7488",-8902.885
"7489",-8972.883
"7490",-8869.129
"7491",-8810.824
"7492",-8989.342
"7493",-8816.792
"7494",-8950.353
"7495",-8805.798
"7496",-8990.669
"7497",-8829.69
"7498",-8764.909
"7499",-8884.7
"7500",-8770.489
"7501",-8871.638
"7502",-8913.082
"7503",-8916.009
"7504",-8752.145
"7505",-9164.1
"7506",-8808.317
"7507",-8473.333
"7508",-8866.567
"7509",-8882.186
"7510",-8832.385
"7511",-8968.657
"7512",-8811.082
"7513",-8858.37
"7514",-8775.987
"7515",-9120.13
"7516",-8923.505
"7517",-8711.025
"7518",-8965.967
"7519",-9018.371
"7520",-9166.498
"7521",-9124.84
"7522",-9123.111
"7523",-8681.248
"7524",-8787.902
"7525",-8939.768
"7526",-8769.974
"7527",-8950.885
"7528",-9077.997
"7529",-8860.298
"7530",-8846.185
"7531",-9078.763
"7532",-9034.259
"7533",-8754.259
"7534",-9043.259
"7535",-8842.458
"7536",-9140.375
"7537",-9062.438
"7538",-8886.114
"7539",-8883.483
"7540",-9035.573
"7541",-8943.543
"7542",-8813.988
"7543",-8984.108
"7544",-9281.016
"7545",-9038.799
"7546",-8743.494
"7547",-8946.192
"7548",-8980.996
"7549",-8727.569
"7550",-9284.062
"7551",-8650.576
"7552",-8883.071
"7553",-8928.68
"7554",-9162.9
"7555",-8974.969
"7556",-8959.977
"7557",-8966.419
"7558",-9135.992
"7559",-8987.698
"7560",-9205.192
"7561",-9022.413
"7562",-8800.433
"7563",-8854.752
"7564",-8812.876
"7565",-9036.283
"7566",-8707.212
"7567",-9069.04
"7568",-8735.73
"7569",-8735.008
"7570",-8840.186
"7571",-9034.791
"7572",-8969.567
"7573",-8989.905
"7574",-8810.372
"7575",-9172.46
"7576",-8955.651
"7577",-8802.22
"7578",-8762.052
"7579",-8910.471
"7580",-8907.709
"7581",-9112.66
"7582",-8941.648
"7583",-8924.619
"7584",-8878.978
"7585",-8911.194
"7586",-8927.502
"7587",-8968.889
"7588",-8908.342
"7589",-9024.7
"7590",-8770.593
"7591",-8845.513
"7592",-8799.424
"7593",-9080.111
"7594",-8737.857
"7595",-8932.431
"7596",-8905.46
"7597",-8702.445
"7598",-8989.624
"7599",-8802.589
"7600",-9027.852
"7601",-9133.637
"7602",-8873.216
"7603",-8964.678
"7604",-8623.924
"7605",-8796.131
"7606",-8715.709
"7607",-8751.351
"7608",-8767.368
"7609",-8947.338
"7610",-8917.338
"7611",-8941.787
"7612",-9034.618
"7613",-9373.627
"7614",-8893.569
"7615",-9135.762
"7616",-9126.383
"7617",-8744.284
"7618",-8808.667
"7619",-9065.115
"7620",-9142.027
"7621",-9115.764
"7622",-9110.028
"7623",-8967.419
"7624",-8995.467
"7625",-9204.691
"7626",-8813.024
"7627",-8977.623
"7628",-8630.529
"7629",-9139.661
"7630",-9120.538
"7631",-9089.469
"7632",-9211.09
"7633",-8966.755
"7634",-8912.037
"7635",-8968.65
"7636",-9030.552
"7637",-8969.964
"7638",-8765.826
"7639",-8947.221
"7640",-8925.758
"7641",-8909.788
"7642",-8845.906
"7643",-8770.89
"7644",-8774.124
"7645",-9055.763
"7646",-8827.055
"7647",-8940.331
"7648",-9135.53
"7649",-8774.006
"7650",-8579.333
"7651",-9111.89
"7652",-8997.738
"7653",-9058.603
"7654",-9067.997
"7655",-8806.323
"7656",-8497.414
"7657",-9138.122
"7658",-8748.053
"7659",-9143.953
"7660",-8832.217
"7661",-8761.983
"7662",-8949.494
"7663",-9040.718
"7664",-8992.855
"7665",-8967.543
"7666",-8838.047
"7667",-8745.242
"7668",-8588.184
"7669",-8793.501
"7670",-8639.388
"7671",-8875.151
"7672",-8787.894
"7673",-8866.1
"7674",-8806.754
"7675",-8917.535
"7676",-8830.314
"7677",-8790.549
"7678",-9144.756
"7679",-8851.044
"7680",-8948.274
"7681",-8730.232
"7682",-8729.914
"7683",-8692.516
"7684",-8933.545
"7685",-9087.192
"7686",-8963.88
"7687",-8886.636
"7688",-9056.533
"7689",-9005.63
"7690",-8860.737
"7691",-8945.465
"7692",-8860.29
"7693",-8891.654
"7694",-8850.772
"7695",-8920.685
"7696",-9004.293
"7697",-9108.827
"7698",-8929.911
"7699",-9134.067
"7700",-8930.003
"7701",-8896.779
"7702",-9135.336
"7703",-8920.608
"7704",-8780.906
"7705",-8916.724
"7706",-8890.417
"7707",-8963.104
"7708",-8809.759
"7709",-8798.05
"7710",-8901.769
"7711",-8879.021
"7712",-8687.293
"7713",-9134.217
"7714",-8914.328
"7715",-8752.257
"7716",-8805.453
"7717",-8890.116
"7718",-8790.314
"7719",-8934.043
"7720",-9038.909
"7721",-8817.818
"7722",-9258.804
"7723",-8935.01
"7724",-8837.622
"7725",-8873.039
"7726",-8934.763
"7727",-9071.224
"7728",-9054.104
"7729",-8962.285
"7730",-8767.224
"7731",-8804.098
"7732",-8826.712
"7733",-9031.977
"7734",-8921.5
"7735",-9000.966
"7736",-8947.73
"7737",-8865.853
"7738",-9249.821
"7739",-9070.597
"7740",-8887.451
"7741",-8665.61
"7742",-8702.334
"7743",-8781.712
"7744",-9010.142
"7745",-8898.721
"7746",-8993.721
"7747",-8721.25
"7748",-9047.931
"7749",-8701.554
"7750",-8759.729
"7751",-8944.327
"7752",-9099.554
"7753",-9021.904
"7754",-9012.913
"7755",-8688.707
"7756",-8840.396
"7757",-8762.254
"7758",-8833.618
"7759",-8776.042
"7760",-9020.798
"7761",-8901.987
"7762",-8605.553
"7763",-8976.23
"7764",-8897.339
"7765",-8670.873
"7766",-9232.714
"7767",-8656.259
"7768",-9098.991
"7769",-9228.029
"7770",-9007.418
"7771",-9040.392
"7772",-9019.147
"7773",-9073.442
"7774",-8942.118
"7775",-8767.723
"7776",-8938.147
"7777",-8824.06
"7778",-8877.072
"7779",-8870.351
"7780",-9036.942
"7781",-8955.586
"7782",-9146.871
"7783",-8776.003
"7784",-8863.572
"7785",-8912.289
"7786",-8967.763
"7787",-9240.789
"7788",-9043.942
"7789",-8741.605
"7790",-8797.352
"7791",-8808.746
"7792",-8958.582
"7793",-9029.956
"7794",-8988.369
"7795",-8848.644
"7796",-8605.102
"7797",-8773.889
"7798",-8977.915
"7799",-9036.731
"7800",-8908.211
"7801",-8942.577
"7802",-8820.221
"7803",-8625.434
"7804",-9101.699
"7805",-8553.696
"7806",-8797.147
"7807",-8850.667
"7808",-8893.738
"7809",-8710.484
"7810",-9193.982
"7811",-8983.342
"7812",-8940.785
"7813",-8935.974
"7814",-8770.676
"7815",-9008.414
"7816",-8956.219
"7817",-9135.142
"7818",-8835.866
"7819",-8838.021
"7820",-8990.476
"7821",-8953.404
"7822",-8991.053
"7823",-8882.841
"7824",-8968.315
"7825",-9004.075
"7826",-9017.659
"7827",-8935.73
"7828",-8812.316
"7829",-9116.143
"7830",-8894.854
"7831",-8857.39
"7832",-9223.527
"7833",-9009.261
"7834",-8901.982
"7835",-8849.788
"7836",-8998.579
"7837",-8895.612
"7838",-9156.491
"7839",-9101.519
"7840",-9077.393
"7841",-8633.401
"7842",-9183.647
"7843",-9146.823
"7844",-8906.258
"7845",-8833.241
"7846",-9011.346
"7847",-8633.226
"7848",-8817.94
"7849",-9079.706
"7850",-8692.511
"7851",-8655.1
"7852",-8989.109
"7853",-9115.236
"7854",-8716.075
"7855",-8727.649
"7856",-8798.31
"7857",-8839.986
"7858",-8843.205
"7859",-8976.821
"7860",-8821.142
"7861",-9038.053
"7862",-8898.125
"7863",-9054.913
"7864",-8941.558
"7865",-8840.311
"7866",-9126.05
"7867",-8835.026
"7868",-8726.876
"7869",-8878.762
"7870",-8673.455
"7871",-8788.095
"7872",-8930.189
"7873",-9057.929
"7874",-9183.442
"7875",-8851.81
"7876",-8789.537
"7877",-9052.41
"7878",-8938.419
"7879",-8754.752
"7880",-9015.05
"7881",-9088.426
"7882",-8909.106
"7883",-9160.148
"7884",-8856.862
"7885",-8775.64
"7886",-9031.758
"7887",-9032.891
"7888",-8904.789
"7889",-8474.552
"7890",-8773.903
"7891",-8954.389
"7892",-8779.717
"7893",-8444.048
"7894",-8876.435
"7895",-8904.334
"7896",-8866.549
"7897",-8917.664
"7898",-8842.429
"7899",-8592.961
"7900",-8988.493
"7901",-9033.235
"7902",-8800.407
"7903",-8979.952
"7904",-8909.705
"7905",-8955.734
"7906",-8702.009
"7907",-8928.575
"7908",-8911.006
"7909",-8881.889
"7910",-8894.212
"7911",-9123.252
"7912",-8997.466
"7913",-8946.167
"7914",-8972.354
"7915",-8821.826
"7916",-9007.377
"7917",-8848.382
"7918",-9016.708
"7919",-8672.147
"7920",-8927.002
"7921",-8968.225
"7922",-8649.641
"7923",-9033.232
"7924",-9039.118
"7925",-8868.034
"7926",-8762.489
"7927",-8813.68
"7928",-8659.393
"7929",-8860.302
"7930",-8814.679
"7931",-9095.888
"7932",-8883.77
"7933",-8935.805
"7934",-9001.853
"7935",-8884.945
"7936",-8691.254
"7937",-8736.726
"7938",-8848.881
"7939",-8796.93
"7940",-9153.896
"7941",-8751.384
"7942",-8779.636
"7943",-9140.158
"7944",-9084.201
"7945",-8901.825
"7946",-8783.526
"7947",-8812.383
"7948",-8643.52
"7949",-8981.797
"7950",-8935.965
"7951",-9143.741
"7952",-8880.107
"7953",-8691.58
"7954",-9072.424
"7955",-8468.485
"7956",-8861.328
"7957",-8918.29
"7958",-8934.498
"7959",-9097.879
"7960",-8932.35
"7961",-8850.085
"7962",-9081.834
"7963",-8948.003
"7964",-8944.182
"7965",-8643.087
"7966",-8735.987
"7967",-8809.447
"7968",-9055.355
"7969",-8926.688
"7970",-8794.418
"7971",-8873.24
"7972",-8941.923
"7973",-8951.358
"7974",-8871.847
"7975",-8856.307
"7976",-9038.124
"7977",-8691.042
"7978",-8762.52
"7979",-8993.766
"7980",-8846.755
"7981",-8781.893
"7982",-9050.693
"7983",-9067.959
"7984",-8873.298
"7985",-8909.448
"7986",-8757.37
"7987",-8870.848
"7988",-9025.006
"7989",-8839.11
"7990",-9030.893
"7991",-8880.964
"7992",-8643.656
"7993",-8735.189
"7994",-9074.287
"7995",-8798.334
"7996",-9240.612
"7997",-8817.684
"7998",-8823.168
"7999",-8949.662
"8000",-8777.374
"8001",-8867.952
"8002",-8693.23
"8003",-9254.987
"8004",-8752.338
"8005",-8817.531
"8006",-9083.078
"8007",-8585.666
"8008",-8924.418
"8009",-8822.224
"8010",-9249.542
"8011",-9038.271
"8012",-8822.382
"8013",-9007.714
"8014",-9026.098
"8015",-8794.228
"8016",-9106.382
"8017",-8900.767
"8018",-8872.122
"8019",-8751.27
"8020",-8737.867
"8021",-8974.341
"8022",-9151.416
"8023",-8936.522
"8024",-8807.034
"8025",-8951.948
"8026",-8895.834
"8027",-8853.496
"8028",-8980.79
"8029",-8794.82
"8030",-8848.457
"8031",-8777.969
"8032",-8882.85
"8033",-9126.376
"8034",-8932.362
"8035",-8716.49
"8036",-8883.899
"8037",-8692.66
"8038",-8667.577
"8039",-9017.053
"8040",-9049.406
"8041",-8961.464
"8042",-8753.925
"8043",-8828.007
"8044",-9006.415
"8045",-9018.201
"8046",-8912.94
"8047",-9161.254
"8048",-8962.799
"8049",-8935.7
"8050",-8815.234
"8051",-9016.835
"8052",-9023.458
"8053",-8996.255
"8054",-8733.106
"8055",-8717.916
"8056",-9008.17
"8057",-8818.713
"8058",-9022.322
"8059",-8805.461
"8060",-8794.61
"8061",-8863.681
"8062",-8985.639
"8063",-8729.772
"8064",-8936.922
"8065",-9066.396
"8066",-8713.593
"8067",-8899.728
"8068",-9081.721
"8069",-8969.323
"8070",-8936.482
"8071",-8917.664
"8072",-8934.883
"8073",-9002.908
"8074",-8755.657
"8075",-9165.104
"8076",-8881.259
"8077",-8828.942
"8078",-8794.906
"8079",-8972.503
"8080",-9034.495
"8081",-8898.152
"8082",-8596.495
"8083",-8951.736
"8084",-8793.748
"8085",-8722.991
"8086",-9013.53
"8087",-8974.328
"8088",-8922.872
"8089",-9081.463
"8090",-8952.317
"8091",-8816.198
"8092",-8794.894
"8093",-8819.931
"8094",-8751.413
"8095",-8978.878
"8096",-9145.543
"8097",-8955.103
"8098",-8731.681
"8099",-9078.592
"8100",-8883.415
"8101",-8877.337
"8102",-8912.867
"8103",-8886.887
"8104",-8916.286
"8105",-9009.502
"8106",-8610.861
"8107",-8976.839
"8108",-9030.511
"8109",-9052.772
"8110",-8859.37
"8111",-8886.447
"8112",-8788.674
"8113",-8951.117
"8114",-9168.478
"8115",-9073.224
"8116",-9151.365
"8117",-9010.926
"8118",-8813.654
"8119",-9182.143
"8120",-8772.263
"8121",-9027.95
"8122",-8897.262
"8123",-8889.902
"8124",-8982.927
"8125",-8749.949
"8126",-8902.007
"8127",-8700.137
"8128",-8677.473
"8129",-8819.064
"8130",-9026.079
"8131",-8791.071
"8132",-8930.359
"8133",-8689.432
"8134",-8876.57
"8135",-9000.539
"8136",-8849.835
"8137",-8973.841
"8138",-8943.968
"8139",-9191.347
"8140",-9020.781
"8141",-8866.617
"8142",-8664.821
"8143",-8997.167
"8144",-8909.272
"8145",-9153.511
"8146",-8947.1
"8147",-9188.984
"8148",-8750.321
"8149",-9047.919
"8150",-8857.378
"8151",-8905.354
"8152",-8942.973
"8153",-8706.621
"8154",-8916.526
"8155",-9310.356
"8156",-8770.558
"8157",-8908.615
"8158",-8877.89
"8159",-8920.793
"8160",-8638.029
"8161",-8913.889
"8162",-9015.328
"8163",-8881.22
"8164",-8993.785
"8165",-8857.653
"8166",-9107.039
"8167",-9024.152
"8168",-9185.91
"8169",-9076.739
"8170",-8888.729
"8171",-8755.903
"8172",-8924.627
"8173",-8788.097
"8174",-9126.609
"8175",-8904.1
"8176",-9175.666
"8177",-8542.476
"8178",-8997.593
"8179",-8744.672
"8180",-8971.648
"8181",-8850.514
"8182",-8704.552
"8183",-9017.369
"8184",-8873.039
"8185",-8797.528
"8186",-8770.398
"8187",-8871.95
"8188",-8850.071
"8189",-9160.152
"8190",-8857.819
"8191",-9083.218
"8192",-8852.605
"8193",-8491.346
"8194",-8696.05
"8195",-8641.949
"8196",-8922.321
"8197",-8782.204
"8198",-8848.422
"8199",-8980.778
"8200",-8745.338
"8201",-8851.54
"8202",-9039.38
"8203",-9149.841
"8204",-8937.18
"8205",-8918.176
"8206",-8806.154
"8207",-8964.462
"8208",-8866.595
"8209",-8883.224
"8210",-9069.732
"8211",-8943.581
"8212",-8772.097
"8213",-8888.928
"8214",-8837.057
"8215",-8931.358
"8216",-8746.805
"8217",-8868.954
"8218",-8931.888
"8219",-8857.929
"8220",-9022.056
"8221",-9059.13
"8222",-9165.276
"8223",-9029.711
"8224",-8875.764
"8225",-8972.501
"8226",-8967.477
"8227",-8576.838
"8228",-9023.506
"8229",-8896.691
"8230",-8828.906
"8231",-8775.392
"8232",-8712.988
"8233",-8617.208
"8234",-8956.914
"8235",-8900.393
"8236",-8875.999
"8237",-8871.747
"8238",-8623.912
"8239",-8739.756
"8240",-8930.042
"8241",-8808.591
"8242",-8740.681
"8243",-9038.287
"8244",-9026.112
"8245",-8696.551
"8246",-9043.017
"8247",-8986.817
"8248",-9030.678
"8249",-9000.77
"8250",-8957.83
"8251",-9122.574
"8252",-8909.062
"8253",-8926.956
"8254",-8783.834
"8255",-8713.148
"8256",-8870.173
"8257",-8513.448
"8258",-9036.115
"8259",-8807.895
"8260",-8755.391
"8261",-8937.535
"8262",-8837.822
"8263",-8938.742
"8264",-8989.91
"8265",-8924.61
"8266",-9068.688
"8267",-9015.135
"8268",-8785.337
"8269",-8693.478
"8270",-8803.933
"8271",-9148.888
"8272",-8880.354
"8273",-8823.904
"8274",-9024.978
"8275",-8833.215
"8276",-8996.231
"8277",-8816.397
"8278",-8773.342
"8279",-9022.565
"8280",-8808.197
"8281",-8820.389
"8282",-8845.202
"8283",-8806.97
"8284",-9119.984
"8285",-8946.865
"8286",-9002.39
"8287",-8932.143
"8288",-8817.248
"8289",-8936.886
"8290",-8832.53
"8291",-8986.276
"8292",-8938.647
"8293",-9036.885
"8294",-8820.118
"8295",-8936.359
"8296",-8845.047
"8297",-8620.406
"8298",-8838.146
"8299",-8880.552
"8300",-8836.73
"8301",-8939.562
"8302",-9056.358
"8303",-8656.125
"8304",-8989.659
"8305",-9121.561
"8306",-8755.073
"8307",-9087.147
"8308",-8995.892
"8309",-8993.623
"8310",-8928.966
"8311",-9186.849
"8312",-8913.166
"8313",-8854.125
"8314",-8785.813
"8315",-9138.042
"8316",-8804.008
"8317",-8804.685
"8318",-8970.249
"8319",-8945.267
"8320",-8992.718
"8321",-8917.937
"8322",-8619.385
"8323",-9051.688
"8324",-9065.973
"8325",-8645.037
"8326",-8832.079
"8327",-8839.124
"8328",-9085.812
"8329",-8997.115
"8330",-8918.058
"8331",-8982.665
"8332",-8929.031
"8333",-8860.21
"8334",-8894.801
"8335",-8605.243
"8336",-8927.722
"8337",-9031.37
"8338",-8991.754
"8339",-8860.91
"8340",-9216.399
"8341",-8625.98
"8342",-8883.456
"8343",-9170.678
"8344",-8705.141
"8345",-8584.424
"8346",-9069.964
"8347",-9104.406
"8348",-8858.458
"8349",-8854.931
"8350",-8932.777
"8351",-8997.245
"8352",-8962.635
"8353",-9071.528
"8354",-8903.669
"8355",-9116.101
"8356",-8779.496
"8357",-8866.928
"8358",-8794.119
"8359",-8846.505
"8360",-8744.534
"8361",-8826.648
"8362",-9023.931
"8363",-8896.24
"8364",-9023.658
"8365",-8872.728
"8366",-8904.968
"8367",-8890.805
"8368",-8965.534
"8369",-8914.936
"8370",-9083.609
"8371",-8903.427
"8372",-9068.895
"8373",-9021.519
"8374",-9064.973
"8375",-8781.405
"8376",-8898.189
"8377",-8885.627
"8378",-8905.748
"8379",-9054.025
"8380",-8706.966
"8381",-8982.7
"8382",-8763.581
"8383",-9098.175
"8384",-8915.348
"8385",-8970.141
"8386",-8742.681
"8387",-9096.342
"8388",-8763.033
"8389",-8766.133
"8390",-8771.872
"8391",-8893.533
"8392",-8976.14
"8393",-8921.095
"8394",-8971.834
"8395",-8762.557
"8396",-8919.686
"8397",-9090.32
"8398",-8854.143
"8399",-9251.197
"8400",-8887.983
"8401",-9028.666
"8402",-8815.438
"8403",-9103.745
"8404",-9002.353
"8405",-9200.272
"8406",-8746.309
"8407",-8801.103
"8408",-8906.749
"8409",-8635.27
"8410",-8868.38
"8411",-8896.318
"8412",-8951.605
"8413",-8894.075
"8414",-9057.083
"8415",-8958.408
"8416",-8900.76
"8417",-9058.242
"8418",-9156.939
"8419",-8964.715
"8420",-9060.845
"8421",-8752.226
"8422",-8986.939
"8423",-8680.209
"8424",-9098.955
"8425",-8783.411
"8426",-8916.976
"8427",-8831.164
"8428",-8959.074
"8429",-8933.69
"8430",-9064.889
"8431",-8749.944
"8432",-8802.272
"8433",-8741.585
"8434",-9077.548
"8435",-8867.032
"8436",-9065.734
"8437",-8919.984
"8438",-8894.303
"8439",-9062.992
"8440",-8883.321
"8441",-9383.369
"8442",-8769.844
"8443",-9109.422
"8444",-9038.527
"8445",-9046.099
"8446",-8856.206
"8447",-8947.707
"8448",-8751.447
"8449",-9016.32
"8450",-8852.7
"8451",-9026.561
"8452",-8694.118
"8453",-8925.99
"8454",-8902.363
"8455",-8832.927
"8456",-8666.625
"8457",-8716.104
"8458",-8795.772
"8459",-8949.183
"8460",-8866.919
"8461",-8801.784
"8462",-8810.335
"8463",-8864.22
"8464",-8842.274
"8465",-9037.589
"8466",-9018.94
"8467",-8700.052
"8468",-8971.303
"8469",-9020.762
"8470",-9062.676
"8471",-8863.327
"8472",-9013.078
"8473",-8995.768
"8474",-9039.577
"8475",-8805.576
"8476",-9000.21
"8477",-9096.441
"8478",-8886.149
"8479",-8837.45
"8480",-8718.763
"8481",-8936.481
"8482",-8917.884
"8483",-8789.209
"8484",-9019.937
"8485",-8817.739
"8486",-8727.576
"8487",-8767.983
"8488",-8943.209
"8489",-8914.705
"8490",-9003.795
"8491",-8903.385
"8492",-8972.909
"8493",-8785.6
"8494",-8878.129
"8495",-8621.528
"8496",-8892.336
"8497",-8933.8
"8498",-8880.532
"8499",-9051.329
"8500",-8999.062
"8501",-8974.565
"8502",-8561.874
"8503",-8924.509
"8504",-9094.18
"8505",-8879.494
"8506",-8772.107
"8507",-8838.806
"8508",-8636.731
"8509",-8887.256
"8510",-8870.598
"8511",-8922.436
"8512",-8982.66
"8513",-8829.599
"8514",-8806.379
"8515",-8635.355
"8516",-8822.975
"8517",-9032.724
"8518",-8873.652
"8519",-8900.007
"8520",-9020.307
"8521",-9036.742
"8522",-8777.367
"8523",-8842.684
"8524",-8893.314
"8525",-9146.94
"8526",-9117.746
"8527",-8834.444
"8528",-9060.901
"8529",-8976.126
"8530",-8670.416
"8531",-8743.119
"8532",-9023.849
"8533",-8937.674
"8534",-8782.398
"8535",-8912.089
"8536",-9047.419
"8537",-8899.576
"8538",-8721.931
"8539",-8822.721
"8540",-8986.396
"8541",-8782.287
"8542",-9048.057
"8543",-9030.343
"8544",-8890.449
"8545",-8977.269
"8546",-8894.262
"8547",-8787.754
"8548",-9085.547
"8549",-8613.718
"8550",-9060.637
"8551",-8930.257
"8552",-8691.05
"8553",-8844.258
"8554",-8851.294
"8555",-9036.489
"8556",-8935.926
"8557",-8938.907
"8558",-8819.752
"8559",-9027.848
"8560",-8925.516
"8561",-9118.607
"8562",-8938.777
"8563",-8754.695
"8564",-9091.283
"8565",-8843.183
"8566",-9231.656
"8567",-8769.971
"8568",-8933.37
"8569",-8970.312
"8570",-8987.167
"8571",-8863.538
"8572",-8750.738
"8573",-8634.787
"8574",-9163.744
"8575",-8624.157
"8576",-9013.502
"8577",-8994.297
"8578",-8897.589
"8579",-8791.688
"8580",-8884.708
"8581",-9149.106
"8582",-8932.867
"8583",-9033.745
"8584",-9111.455
"8585",-8810.87
"8586",-8926.577
"8587",-8712.754
"8588",-9090.992
"8589",-9074.358
"8590",-9016.25
"8591",-8879.371
"8592",-9100.582
"8593",-8665.146
"8594",-9036.569
"8595",-8735.666
"8596",-8859.333
"8597",-9131.108
"8598",-9038.31
"8599",-8639.07
"8600",-8829.487
"8601",-9052.744
"8602",-9271.795
"8603",-9067.272
"8604",-9050.377
"8605",-8795.639
"8606",-9006.396
"8607",-8969.697
"8608",-8871.288
"8609",-8977.219
"8610",-8843.017
"8611",-8926.37
"8612",-8977.242
"8613",-8725.46
"8614",-8877.108
"8615",-8828.11
"8616",-9004.72
"8617",-9119.043
"8618",-9138.356
"8619",-8968.927
"8620",-8829.222
"8621",-8995.22
"8622",-9002.027
"8623",-9210.156
"8624",-8992.598
"8625",-9077.8
"8626",-8939.722
"8627",-8798.549
"8628",-9111.48
"8629",-8830.892
"8630",-8859.578
"8631",-8699.103
"8632",-8907.387
"8633",-8891.476
"8634",-8883.969
"8635",-8808.811
"8636",-8888.252
"8637",-8865.392
"8638",-8960.762
"8639",-8846.407
"8640",-9123.151
"8641",-9295.962
"8642",-8983.743
"8643",-8723.684
"8644",-9038.637
"8645",-9034.892
"8646",-9011.512
"8647",-8940.108
"8648",-9041.365
"8649",-9006.521
"8650",-8937.302
"8651",-8795.638
"8652",-9010.669
"8653",-8839.542
"8654",-8840.947
"8655",-8777.393
"8656",-8987.218
"8657",-8912.995
"8658",-9044.227
"8659",-8947.821
"8660",-9098.446
"8661",-8884.132
"8662",-8764.877
"8663",-9013.946
"8664",-8800.263
"8665",-8963.462
"8666",-9093.846
"8667",-8808.959
"8668",-8912.536
"8669",-9028.82
"8670",-8855.811
"8671",-8719.133
"8672",-9140.485
"8673",-8721.635
"8674",-9022.18
"8675",-8729.953
"8676",-8955.665
"8677",-8997.462
"8678",-8811.598
"8679",-9210.694
"8680",-8921.057
"8681",-8989.08
"8682",-8742.704
"8683",-9066.482
"8684",-8894.429
"8685",-8923.707
"8686",-8692.365
"8687",-8840.469
"8688",-9028.492
"8689",-8833.811
"8690",-9008.962
"8691",-8607.595
"8692",-8748.627
"8693",-8733.208
"8694",-9127.26
"8695",-8751.154
"8696",-8896.54
"8697",-8881.564
"8698",-8989.548
"8699",-8831.922
"8700",-8942.661
"8701",-9285.158
"8702",-9067.585
"8703",-9110.098
"8704",-9156.37
"8705",-8968.976
"8706",-9067.364
"8707",-9048.173
"8708",-9015.829
"8709",-8873.831
"8710",-9022.722
"8711",-8886.935
"8712",-8779.536
"8713",-8972.451
"8714",-9201.149
"8715",-8964.142
"8716",-8727.951
"8717",-8828.896
"8718",-8596.716
"8719",-9025.102
"8720",-9018.973
"8721",-9151.1
"8722",-9073.161
"8723",-8705.741
"8724",-8822.061
"8725",-9025.51
"8726",-8981.525
"8727",-8759.015
"8728",-9046.404
"8729",-9043.658
"8730",-9087.003
"8731",-9039.829
"8732",-8848.904
"8733",-8839.802
"8734",-8934.186
"8735",-9086.838
"8736",-8868.675
"8737",-8706.889
"8738",-8897.069
"8739",-8871.501
"8740",-8941.146
"8741",-9104.561
"8742",-8822.101
"8743",-8682.533
"8744",-9032.544
"8745",-8734.061
"8746",-8955.266
"8747",-8753.221
"8748",-8796.474
"8749",-8761.372
"8750",-8898.127
"8751",-8886.314
"8752",-8755.747
"8753",-8820.827
"8754",-8720.379
"8755",-8858.948
"8756",-8982.129
"8757",-9111.763
"8758",-9069.274
"8759",-9067.315
"8760",-9096.017
"8761",-9106.462
"8762",-8732.887
"8763",-8945.621
"8764",-9018.056
"8765",-8469.998
"8766",-8903.681
"8767",-9024.856
"8768",-8848.607
"8769",-8921.473
"8770",-8930.732
"8771",-8943.789
"8772",-9169.985
"8773",-8945.895
"8774",-8989.691
"8775",-8968.684
"8776",-8765.166
"8777",-8862.608
"8778",-8956.745
"8779",-8929.03
"8780",-8816.648
"8781",-8870.627
"8782",-8976.731
"8783",-9005.252
"8784",-9052.168
"8785",-8794.12
"8786",-8700.111
"8787",-8849.763
"8788",-8987.5
"8789",-8866.679
"8790",-9067.752
"8791",-8806.181
"8792",-8855.567
"8793",-9076.095
"8794",-9043.674
"8795",-9056.142
"8796",-8725.449
"8797",-9000.124
"8798",-9049.547
"8799",-8951.388
"8800",-8795.533
"8801",-9254.887
"8802",-8849.73
"8803",-9002.284
"8804",-8906.676
"8805",-8982.228
"8806",-9208.732
"8807",-8926.539
"8808",-8811.727
"8809",-8909.915
"8810",-9053.278
"8811",-8822.247
"8812",-8901.649
"8813",-9073.938
"8814",-8959.181
"8815",-9206.3
"8816",-9253.806
"8817",-8681.224
"8818",-8942.416
"8819",-9043.195
"8820",-8641.075
"8821",-8993.347
"8822",-9143.027
"8823",-9101.739
"8824",-8829.731
"8825",-8931.48
"8826",-8912.585
"8827",-8821.279
"8828",-9063.801
"8829",-8933.597
"8830",-9162.455
"8831",-8912.21
"8832",-8947.234
"8833",-8831.438
"8834",-8962.76
"8835",-9150.589
"8836",-9112.91
"8837",-8658.757
"8838",-8993.681
"8839",-8938.961
"8840",-8764.482
"8841",-9092.046
"8842",-8915.574
"8843",-8855.323
"8844",-9155.316
"8845",-8782.425
"8846",-8890.373
"8847",-8814.374
"8848",-8620.716
"8849",-8845.289
"8850",-8974.374
"8851",-9113.544
"8852",-8743.62
"8853",-9126.875
"8854",-8951.164
"8855",-8965.769
"8856",-9165.457
"8857",-9134.099
"8858",-8679.04
"8859",-8934.161
"8860",-8952.09
"8861",-8791.053
"8862",-9006.848
"8863",-8941.918
"8864",-8850.464
"8865",-8883.483
"8866",-9034.007
"8867",-8941.089
"8868",-8958.161
"8869",-8800.986
"8870",-8825.399
"8871",-9000.281
"8872",-8950.529
"8873",-8951.976
"8874",-8873.716
"8875",-8955.888
"8876",-8827.416
"8877",-8969.483
"8878",-8857.729
"8879",-8877.573
"8880",-8580.471
"8881",-8951.867
"8882",-8952.764
"8883",-9056.032
"8884",-8956.221
"8885",-9037.974
"8886",-9007.193
"8887",-8834.531
"8888",-9114.252
"8889",-8899.091
"8890",-8931.253
"8891",-8928.6
"8892",-9017.079
"8893",-8702.545
"8894",-9059.945
"8895",-8951.043
"8896",-8888.207
"8897",-8993.64
"8898",-8792.77
"8899",-8832.673
"8900",-9165.595
"8901",-8811.862
"8902",-8974.168
"8903",-8915.431
"8904",-8999.542
"8905",-8770.69
"8906",-8938.315
"8907",-8727.607
"8908",-8925.02
"8909",-8953.193
"8910",-8907.178
"8911",-8880.221
"8912",-8768.776
"8913",-8846.314
"8914",-9011.753
"8915",-9132.814
"8916",-9019.293
"8917",-8767.756
"8918",-9076.435
"8919",-8705.856
"8920",-9082.563
"8921",-8840.118
"8922",-8614.726
"8923",-8894.799
"8924",-8807.608
"8925",-9036.663
"8926",-8663.547
"8927",-8823.19
"8928",-8999.002
"8929",-8801.454
"8930",-8687.611
"8931",-8929.544
"8932",-8875.905
"8933",-8853.499
"8934",-8662.788
"8935",-8899.205
"8936",-9069.854
"8937",-8951.677
"8938",-9172.802
"8939",-9037.312
"8940",-8810.416
"8941",-8976.881
"8942",-9132.463
"8943",-8920.253
"8944",-8847.391
"8945",-8935.9
"8946",-9078.619
"8947",-8943.107
"8948",-8652.067
"8949",-9067.118
"8950",-8843.838
"8951",-8769.763
"8952",-8942.994
"8953",-8902.007
"8954",-8962.627
"8955",-8969.409
"8956",-9111.948
"8957",-9124.376
"8958",-8910.359
"8959",-8935.394
"8960",-8721.346
"8961",-8867.286
"8962",-8670.437
"8963",-8775.079
"8964",-8532.815
"8965",-9050.981
"8966",-8736.129
"8967",-8959.178
"8968",-8932.554
"8969",-8940.744
"8970",-8924.723
"8971",-8993.962
"8972",-9176.017
"8973",-8610.466
"8974",-8833.263
"8975",-9030.633
"8976",-9081.474
"8977",-8940.563
"8978",-8884.4
"8979",-8823.374
"8980",-8761.19
"8981",-8976.474
"8982",-8770.928
"8983",-8901.931
"8984",-8805.862
"8985",-8857.588
"8986",-8853.347
"8987",-9004.116
"8988",-8824.202
"8989",-9029.143
"8990",-9018.227
"8991",-8606.855
"8992",-8803.524
"8993",-8914.547
"8994",-8913.087
"8995",-8878.173
"8996",-8783.877
"8997",-8833.908
"8998",-8979.794
"8999",-9164.088
"9000",-8974.259
"9001",-8867.787
"9002",-8856.568
"9003",-8770.146
"9004",-8901.674
"9005",-8887.503
"9006",-9080.544
"9007",-8957.65
"9008",-8826.577
"9009",-8766.962
"9010",-8957.439
"9011",-9022.742
"9012",-9169.752
"9013",-8776.819
"9014",-8810.005
"9015",-8772.282
"9016",-8937.356
"9017",-8782.242
"9018",-8870.384
"9019",-8973.733
"9020",-8947.133
"9021",-9036.425
"9022",-9047.075
"9023",-9045.367
"9024",-8724.004
"9025",-8944.887
"9026",-9012.111
"9027",-9045.67
"9028",-8948.613
"9029",-8816.679
"9030",-8965.186
"9031",-8790.234
"9032",-9122.335
"9033",-8729.843
"9034",-8877.402
"9035",-8741.185
"9036",-8797.047
"9037",-8876.904
"9038",-9001.254
"9039",-8854.326
"9040",-9181.458
"9041",-9006.03
"9042",-9022.327
"9043",-9181.656
"9044",-8773.293
"9045",-8716.14
"9046",-9032.394
"9047",-8727.684
"9048",-8916.859
"9049",-8847.209
"9050",-8760.284
"9051",-8817.169
"9052",-8814.718
"9053",-9032.248
"9054",-8770.417
"9055",-8808.466
"9056",-8595.602
"9057",-8919.507
"9058",-9137.651
"9059",-8687.855
"9060",-8927.492
"9061",-8877.802
"9062",-8801.807
"9063",-8903.853
"9064",-8970.626
"9065",-8815.494
"9066",-9012.916
"9067",-9028.625
"9068",-9101.012
"9069",-8655.487
"9070",-8790.384
"9071",-9043.153
"9072",-8686.915
"9073",-8811.011
"9074",-8749.922
"9075",-8812.637
"9076",-8995.623
"9077",-8705.618
"9078",-9107.787
"9079",-9096.654
"9080",-8965.508
"9081",-9001.144
"9082",-9003.067
"9083",-8928.198
"9084",-8791.027
"9085",-8916.564
"9086",-8944.975
"9087",-9139.26
"9088",-8897.334
"9089",-8992.137
"9090",-8970.008
"9091",-8919.29
"9092",-9070.984
"9093",-8806.582
"9094",-8922.827
"9095",-8918.552
"9096",-8780.519
"9097",-9072.925
"9098",-8967.985
"9099",-8900.122
"9100",-8994.742
"9101",-8799.082
"9102",-8860.74
"9103",-9189.86
"9104",-9046.627
"9105",-8921.891
"9106",-8925.082
"9107",-9141.098
"9108",-8879.07
"9109",-8895.351
"9110",-8987.717
"9111",-9071.212
"9112",-8910.524
"9113",-8794.938
"9114",-8825.397
"9115",-8986.733
"9116",-8968.206
"9117",-9120.314
"9118",-8973.188
"9119",-8997.238
"9120",-8955.066
"9121",-8976.569
"9122",-9055.423
"9123",-9119.801
"9124",-8648.791
"9125",-9104.453
"9126",-8908.158
"9127",-8848.069
"9128",-8817.335
"9129",-8809.174
"9130",-8999.187
"9131",-8497.389
"9132",-8973.075
"9133",-8859.745
"9134",-9088.882
"9135",-9055.408
"9136",-8799.992
"9137",-8878.408
"9138",-8927.432
"9139",-9164.359
"9140",-8633.551
"9141",-8826.571
"9142",-8989.359
"9143",-8772.431
"9144",-8732.204
"9145",-8851.462
"9146",-8894.206
"9147",-8880.379
"9148",-8895.767
"9149",-8856.202
"9150",-8608.862
"9151",-8929.986
"9152",-8803.026
"9153",-8940.298
"9154",-8945.484
"9155",-8777.215
"9156",-8672.097
"9157",-8803.321
"9158",-8836.304
"9159",-8771.699
"9160",-8958.428
"9161",-8775.691
"9162",-8967.379
"9163",-8938.302
"9164",-8998.813
"9165",-8863.783
"9166",-8952.37
"9167",-8774.307
"9168",-9101.213
"9169",-9071.148
"9170",-9139.402
"9171",-8833.505
"9172",-8858.09
"9173",-8876.157
"9174",-8972.05
"9175",-8943.791
"9176",-8607.922
"9177",-8983.979
"9178",-9041.116
"9179",-9014.721
"9180",-8839.176
"9181",-9234.549
"9182",-8873.163
"9183",-9102.228
"9184",-8710.51
"9185",-8899.294
"9186",-8795.952
"9187",-8892.338
"9188",-9082.539
"9189",-8745.128
"9190",-8846.299
"9191",-8989.112
"9192",-9058.451
"9193",-8781.261
"9194",-9018.714
"9195",-8921.231
"9196",-8985.877
"9197",-8839.911
"9198",-8696.617
"9199",-9206.388
"9200",-8989.075
"9201",-8925.982
"9202",-8849.043
"9203",-8893.161
"9204",-8822.543
"9205",-8820.891
"9206",-8826.387
"9207",-8771.993
"9208",-9103.484
"9209",-8836.255
"9210",-9070.452
"9211",-8585.863
"9212",-8662.68
"9213",-9059.212
"9214",-9013.607
"9215",-9046.55
"9216",-9034.351
"9217",-8906.867
"9218",-9006.174
"9219",-8968.438
"9220",-9215.425
"9221",-8882.143
"9222",-8969.364
"9223",-9005.957
"9224",-9087.478
"9225",-8920.527
"9226",-8872.86
"9227",-8941.508
"9228",-8949.451
"9229",-9003.289
"9230",-8776.651
"9231",-8947.942
"9232",-8884.177
"9233",-8999.407
"9234",-8726.866
"9235",-8796.164
"9236",-8789.896
"9237",-8974.909
"9238",-8959.069
"9239",-9179.109
"9240",-9079.419
"9241",-8890.065
"9242",-8992.056
"9243",-8723.304
"9244",-8986.646
"9245",-8841.904
"9246",-8824.686
"9247",-9002.778
"9248",-9001.184
"9249",-8735.357
"9250",-9012.031
"9251",-8884.547
"9252",-8920.831
"9253",-9076.956
"9254",-8891.054
"9255",-9004.003
"9256",-8830.963
"9257",-9019.666
"9258",-8831.349
"9259",-9053.2
"9260",-9194.199
"9261",-8879.023
"9262",-8689.126
"9263",-8999.011
"9264",-8769.594
"9265",-8959.807
"9266",-8889.72
"9267",-9059.423
"9268",-8802.877
"9269",-8897.344
"9270",-9025.061
"9271",-8809.06
"9272",-8860.158
"9273",-8950.967
"9274",-9052.561
"9275",-8973.996
"9276",-8721.536
"9277",-9060.494
"9278",-9280.526
"9279",-9048.972
"9280",-9147.955
"9281",-9087.326
"9282",-8689.498
"9283",-9100.827
"9284",-8867.562
"9285",-8857.107
"9286",-8878.195
"9287",-8867.711
"9288",-9006.946
"9289",-9053.115
"9290",-9028.499
"9291",-8876.675
"9292",-8631.624
"9293",-8916.634
"9294",-8814.319
"9295",-8841.748
"9296",-9150.434
"9297",-8787.615
"9298",-9106.486
"9299",-8873.742
"9300",-8688.267
"9301",-8990.58
"9302",-8880.685
"9303",-8974.405
"9304",-8877.595
"9305",-9029.216
"9306",-8823.496
"9307",-8995.982
"9308",-8782.335
"9309",-8902.575
"9310",-9013.105
"9311",-8887.809
"9312",-8884.336
"9313",-8996.885
"9314",-8827.269
"9315",-8858.849
"9316",-8819.564
"9317",-8789.954
"9318",-8856.197
"9319",-9070.381
"9320",-8754.485
"9321",-8954.391
"9322",-9134.064
"9323",-8810.64
"9324",-8775.032
"9325",-8620.112
"9326",-9023.45
"9327",-8966.202
"9328",-8691.654
"9329",-8786.206
"9330",-8806.821
"9331",-8802.978
"9332",-9227.389
"9333",-8959.251
"9334",-9002.74
"9335",-8872.573
"9336",-8803.25
"9337",-9149.31
"9338",-8998.025
"9339",-8818.164
"9340",-8987.642
"9341",-8802.611
"9342",-9072.271
"9343",-9019.467
"9344",-9113.395
"9345",-9092.409
"9346",-9079.983
"9347",-9002.801
"9348",-8813.879
"9349",-8718.198
"9350",-9130.929
"9351",-8793.202
"9352",-8790.249
"9353",-8977.887
"9354",-8999.428
"9355",-8855.505
"9356",-8958.268
"9357",-8749.794
"9358",-9194.225
"9359",-8953.596
"9360",-9114.36
"9361",-8781.141
"9362",-8908.904
"9363",-8875.086
"9364",-8946.43
"9365",-8819.003
"9366",-8805.973
"9367",-8819.826
"9368",-8811.727
"9369",-8790.866
"9370",-8783.459
"9371",-8907.196
"9372",-8930.125
"9373",-8874.625
"9374",-8798.811
"9375",-9177.292
"9376",-9000.643
"9377",-8982.464
"9378",-8819.837
"9379",-8807.867
"9380",-9074.81
"9381",-9083.349
"9382",-9114.429
"9383",-8991.797
"9384",-8787.725
"9385",-8801.79
"9386",-8857.911
"9387",-9026.617
"9388",-9187.588
"9389",-8851.122
"9390",-8979.969
"9391",-8830.863
"9392",-8774.424
"9393",-9097.798
"9394",-8978.693
"9395",-8813.311
"9396",-8877.32
"9397",-8686.655
"9398",-8960.749
"9399",-8872.55
"9400",-8851.82
"9401",-8684.306
"9402",-9008.473
"9403",-8898.866
"9404",-8798.548
"9405",-8984.38
"9406",-8888.912
"9407",-8552.295
"9408",-8872.189
"9409",-8901.474
"9410",-9046.933
"9411",-8976.959
"9412",-8775.093
"9413",-8991.264
"9414",-8778.671
"9415",-8929.865
"9416",-8820.431
"9417",-8847.439
"9418",-8877.419
"9419",-8868.563
"9420",-9008.963
"9421",-8896.66
"9422",-8809.625
"9423",-8976.5
"9424",-8910.841
"9425",-8931.347
"9426",-8571.457
"9427",-8700.864
"9428",-8644.446
"9429",-9215.439
"9430",-9045.356
"9431",-9040.243
"9432",-8939.784
"9433",-8847.914
"9434",-8739.897
"9435",-9140.695
"9436",-9110.582
"9437",-8973.69
"9438",-8868.773
"9439",-8897.213
"9440",-8834.206
"9441",-8866.031
"9442",-9111.14
"9443",-8963.538
"9444",-8989.958
"9445",-8625.371
"9446",-8888.3
"9447",-8856.64
"9448",-8887.4
"9449",-8913.781
"9450",-8972.072
"9451",-9081.749
"9452",-8724.414
"9453",-8978.192
"9454",-8848.328
"9455",-8707.23
"9456",-8898.962
"9457",-9097.619
"9458",-8891.874
"9459",-9012.502
"9460",-9025.526
"9461",-8747.802
"9462",-8855.031
"9463",-8793.39
"9464",-8649.914
"9465",-8835.714
"9466",-8923.562
"9467",-8891.939
"9468",-9010.391
"9469",-8993.907
"9470",-8994.726
"9471",-8639.008
"9472",-8595.13
"9473",-9011.219
"9474",-8997.171
"9475",-8776.356
"9476",-8873.995
"9477",-9048.445
"9478",-8812.883
"9479",-8943.91
"9480",-8964.706
"9481",-8675.878
"9482",-8811.309
"9483",-8793.835
"9484",-8987.293
"9485",-9307.819
"9486",-9015.38
"9487",-8936.496
"9488",-8742.268
"9489",-8804.75
"9490",-9092.034
"9491",-9065.36
"9492",-8765.996
"9493",-9025.633
"9494",-8720.042
"9495",-8948.991
"9496",-8877.259
"9497",-8907.425
"9498",-8819.193
"9499",-9054.685
"9500",-9008.082
"9501",-8599.152
"9502",-8850.75
"9503",-8812.681
"9504",-8995.727
"9505",-8909.994
"9506",-9081.985
"9507",-8891.972
"9508",-8892.749
"9509",-8852.87
"9510",-9132.866
"9511",-9131.219
"9512",-9161.584
"9513",-8879.416
"9514",-8934.197
"9515",-8820.796
"9516",-8798.738
"9517",-9089.332
"9518",-8731.324
"9519",-8899.378
"9520",-8703.848
"9521",-8793.44
"9522",-8987.329
"9523",-8684.985
"9524",-8798.753
"9525",-8705.389
"9526",-8909.676
"9527",-8974.738
"9528",-8676.854
"9529",-8922.741
"9530",-8921.801
"9531",-8954.474
"9532",-8905.899
"9533",-8773.431
"9534",-8896.821
"9535",-8946.777
"9536",-8768.185
"9537",-8857.831
"9538",-9352.674
"9539",-9088.553
"9540",-8825.471
"9541",-9107.388
"9542",-9043.399
"9543",-9169.104
"9544",-8623.105
"9545",-8621.408
"9546",-8997.462
"9547",-9128.194
"9548",-8755.102
"9549",-8900.284
"9550",-9149.464
"9551",-9018.971
"9552",-8940.6
"9553",-8912.613
"9554",-8892.748
"9555",-8761.569
"9556",-8947.051
"9557",-8824.878
"9558",-8672.721
"9559",-9017.278
"9560",-9052.155
"9561",-8798.959
"9562",-8945.362
"9563",-8669.344
"9564",-8798.574
"9565",-8768.057
"9566",-9185.807
"9567",-9088.902
"9568",-8827.485
"9569",-8745.18
"9570",-8807.451
"9571",-8782.497
"9572",-8716.232
"9573",-8707.794
"9574",-8893.921
"9575",-8801.016
"9576",-8743.191
"9577",-9081.882
"9578",-8831.758
"9579",-9014.662
"9580",-8803.741
"9581",-9078.613
"9582",-8846.924
"9583",-8923.326
"9584",-8674.514
"9585",-8785.05
"9586",-8928.839
"9587",-8966.51
"9588",-9219.44
"9589",-8846.283
"9590",-8669.27
"9591",-9124.408
"9592",-8758.135
"9593",-8648.632
"9594",-9067.049
"9595",-8713.083
"9596",-8924.98
"9597",-8900.117
"9598",-9068.65
"9599",-8856.223
"9600",-8856.178
"9601",-8881.546
"9602",-9071.444
"9603",-8826.985
"9604",-8956.825
"9605",-9144.384
"9606",-8985.422
"9607",-8816.674
"9608",-9035.331
"9609",-8665.903
"9610",-8800.04
"9611",-8866.737
"9612",-8557.757
"9613",-9140.715
"9614",-9007.606
"9615",-8742.123
"9616",-9139.237
"9617",-8958.983
"9618",-8957.72
"9619",-9080.733
"9620",-9099.122
"9621",-9002.378
"9622",-9243.188
"9623",-8942.2
"9624",-9007.175
"9625",-8917.485
"9626",-8787.394
"9627",-8777.296
"9628",-8958.558
"9629",-8577.809
"9630",-8962.769
"9631",-8929.525
"9632",-9057.673
"9633",-8577.493
"9634",-9040.758
"9635",-9006.718
"9636",-9161.584
"9637",-9012.363
"9638",-9034.01
"9639",-8954.865
"9640",-8965.317
"9641",-8958.179
"9642",-8842.612
"9643",-8838.237
"9644",-9017.585
"9645",-8801.302
"9646",-8935.561
"9647",-8956.822
"9648",-8974.447
"9649",-8873.075
"9650",-8678.671
"9651",-9132.904
"9652",-9019.05
"9653",-8816.801
"9654",-8842.268
"9655",-8592.796
"9656",-8902.497
"9657",-8700.691
"9658",-8789.925
"9659",-8994.128
"9660",-8977.924
"9661",-8863.078
"9662",-8890.719
"9663",-8877.212
"9664",-9106.017
"9665",-8744.625
"9666",-8881.73
"9667",-8877.89
"9668",-9026.28
"9669",-8829.936
"9670",-8850.29
"9671",-8834.523
"9672",-8725.508
"9673",-8623.044
"9674",-8791.277
"9675",-8946.047
"9676",-9283.53
"9677",-9031.413
"9678",-8841.398
"9679",-9127.486
"9680",-8951.151
"9681",-8955.319
"9682",-8898.197
"9683",-9003.168
"9684",-8983.201
"9685",-8993.926
"9686",-9059.599
"9687",-8893.459
"9688",-8881.147
"9689",-8824.169
"9690",-8907.87
"9691",-9088.988
"9692",-8863.746
"9693",-8877.082
"9694",-8730.261
"9695",-8861.559
"9696",-9030.102
"9697",-8950.144
"9698",-9147.033
"9699",-8658.396
"9700",-8985.55
"9701",-8918.077
"9702",-8894.254
"9703",-8836.249
"9704",-8957.103
"9705",-8753.956
"9706",-8841.773
"9707",-8811.715
"9708",-9241.676
"9709",-8975.302
"9710",-8983.892
"9711",-8697.614
"9712",-9060.061
"9713",-8956.31
"9714",-8910.828
"9715",-8975.152
"9716",-9073.435
"9717",-9105.787
"9718",-8825.872
"9719",-8898.45
"9720",-8911.154
"9721",-8781.561
"9722",-8544.923
"9723",-8683.088
"9724",-8656.929
"9725",-8834.892
"9726",-8956.549
"9727",-8706.922
"9728",-8945.876
"9729",-9189.504
"9730",-8965.916
"9731",-8710.947
"9732",-8784.166
"9733",-8786.492
"9734",-9049.786
"9735",-8849.244
"9736",-9036.599
"9737",-8568.916
"9738",-8939.763
"9739",-8963.298
"9740",-8701.188
"9741",-8829.221
"9742",-8870.964
"9743",-8995.221
"9744",-8605.116
"9745",-8905.2
"9746",-8972.844
"9747",-8986.084
"9748",-9021.373
"9749",-8797.625
"9750",-9106.005
"9751",-8856.886
"9752",-8924.922
"9753",-8814.249
"9754",-8775.966
"9755",-8892.364
"9756",-8948.663
"9757",-8962.595
"9758",-8897.665
"9759",-8878.461
"9760",-8839.885
"9761",-8979.509
"9762",-8788.822
"9763",-9101.762
"9764",-9037.118
"9765",-8889.278
"9766",-8931.088
"9767",-8890.374
"9768",-9032.924
"9769",-8830.209
"9770",-8874.487
"9771",-8724.597
"9772",-8997.058
"9773",-8755.08
"9774",-8991.303
"9775",-8924.063
"9776",-8983.647
"9777",-9111.146
"9778",-8648.472
"9779",-8796.028
"9780",-8871.397
"9781",-8927.494
"9782",-8823.054
"9783",-8768.003
"9784",-8740.99
"9785",-8868.3
"9786",-9245.424
"9787",-8984.759
"9788",-9158.269
"9789",-9201.875
"9790",-9101.304
"9791",-8753.193
"9792",-8775.782
"9793",-8672.009
"9794",-9068.399
"9795",-9159.018
"9796",-8759.983
"9797",-8951.87
"9798",-9015.549
"9799",-8597.546
"9800",-8898.085
"9801",-9153.254
"9802",-8916.286
"9803",-9066.73
"9804",-8656.7
"9805",-8773.356
"9806",-9159.51
"9807",-9044.368
"9808",-8958.959
"9809",-9126.377
"9810",-8793.751
"9811",-8770.073
"9812",-8651.305
"9813",-9253.8
"9814",-8828.152
"9815",-8846
"9816",-8703.474
"9817",-9044.795
"9818",-8700.227
"9819",-8859.046
"9820",-9067.417
"9821",-8875.367
"9822",-9178.696
"9823",-9115.376
"9824",-9152.756
"9825",-9080.172
"9826",-8975.435
"9827",-8744.861
"9828",-8804.614
"9829",-9099.378
"9830",-8701.121
"9831",-8746.361
"9832",-8836.072
"9833",-8761.569
"9834",-8949.71
"9835",-8920.551
"9836",-8757.698
"9837",-8961.311
"9838",-8955.948
"9839",-8754.652
"9840",-9113.013
"9841",-8788.063
"9842",-8986.461
"9843",-9075.975
"9844",-8758.059
"9845",-9058.199
"9846",-9034.77
"9847",-8952.451
"9848",-8812.651
"9849",-8935.754
"9850",-8903.176
"9851",-8904.966
"9852",-9281.736
"9853",-9063.549
"9854",-8794.609
"9855",-8927.885
"9856",-9086.277
"9857",-8637.579
"9858",-8739.332
"9859",-8816.398
"9860",-8818.324
"9861",-9074.628
"9862",-8786.827
"9863",-8871.177
"9864",-8883.298
"9865",-8748.72
"9866",-8812.997
"9867",-8960.298
"9868",-8621.651
"9869",-8980.234
"9870",-8930.377
"9871",-9017.89
"9872",-8803.13
"9873",-8906.551
"9874",-8853.79
"9875",-9101.859
"9876",-8774.155
"9877",-8851.973
"9878",-9068.86
"9879",-8843.791
"9880",-8959.934
"9881",-8936.546
"9882",-9024.427
"9883",-8997.421
"9884",-8714.053
"9885",-8830.837
"9886",-8881.536
"9887",-8790.223
"9888",-9003.238
"9889",-9125.194
"9890",-8814.254
"9891",-8833.821
"9892",-8761.552
"9893",-9006.524
"9894",-8938.731
"9895",-8945.583
"9896",-8678.462
"9897",-8745.593
"9898",-9079.724
"9899",-8995.158
"9900",-8882.132
"9901",-9037.399
"9902",-8636.545
"9903",-8925.42
"9904",-8876.857
"9905",-8863.067
"9906",-8754.954
"9907",-9043.401
"9908",-8994.031
"9909",-9152.027
"9910",-8699.454
"9911",-8887.678
"9912",-9146.48
"9913",-8803.504
"9914",-8995.985
"9915",-9125.315
"9916",-8721.171
"9917",-8760.016
"9918",-8984.632
"9919",-9205.038
"9920",-8967.797
"9921",-8837.571
"9922",-8861.863
"9923",-9078.221
"9924",-9022.436
"9925",-8958.443
"9926",-8750.962
"9927",-9066.542
"9928",-8904.608
"9929",-8757.469
"9930",-9010.478
"9931",-8871.806
"9932",-9181.732
"9933",-9036.002
"9934",-8945.053
"9935",-8914.385
"9936",-9109.707
"9937",-8722.516
"9938",-8874.914
"9939",-8922.599
"9940",-8759.208
"9941",-8888.881
"9942",-8948.091
"9943",-8721.987
"9944",-9098.038
"9945",-9080.965
"9946",-8798.81
"9947",-8708.478
"9948",-8663.62
"9949",-8990.657
"9950",-8816.077
"9951",-8956.891
"9952",-8805.442
"9953",-9233.693
"9954",-8972.061
"9955",-8941.401
"9956",-8820.235
"9957",-9059.536
"9958",-8912.099
"9959",-9007.474
"9960",-8644.986
"9961",-9032.42
"9962",-9049.018
"9963",-9056.938
"9964",-9119.197
"9965",-9179.085
"9966",-9062.445
"9967",-8980.595
"9968",-8838.643
"9969",-8945.467
"9970",-8713.918
"9971",-8786.267
"9972",-8788.698
"9973",-9108.3
"9974",-9027.685
"9975",-9075.473
"9976",-8904.582
"9977",-8826.19
"9978",-8863.222
"9979",-8860.231
"9980",-8920.333
"9981",-8915.01
"9982",-9034.597
"9983",-8882.402
"9984",-9167.661
"9985",-8952.943
"9986",-9014.698
"9987",-9024.346
"9988",-8960.384
"9989",-8854.987
"9990",-8722.845
"9991",-9064.746
"9992",-9006.275
"9993",-8954.176
"9994",-8732.361
"9995",-8760.682
"9996",-8700.439
"9997",-8861.514
"9998",-9100.844
"9999",-8919.227
"10000",-8654.679
"10001",-8785.577
