1	8	1000	972	0.5114	0.278	0.262	0.336	0.261	0.289	0.313	0.296	0.325	0.279	0.304	0.273	0.317	0.287	0.281	1.993	0.541	0.249	0.198	-17604.740
2	8	1000	981	0.5183	0.310	0.289	0.309	0.299	0.309	0.291	0.307	0.314	0.348	0.296	0.299	0.290	0.321	0.324	2.000	0.432	0.247	0.196	-18158.796
3	8	1000	975	0.5150	0.292	0.314	0.249	0.312	0.358	0.288	0.313	0.327	0.304	0.280	0.291	0.267	0.315	0.303	2.082	0.415	0.228	0.203	-17908.638
4	8	1000	973	0.5080	0.273	0.285	0.245	0.312	0.320	0.324	0.266	0.296	0.301	0.288	0.332	0.336	0.331	0.268	1.919	0.389	0.239	0.169	-17781.346
5	8	1000	982	0.5113	0.304	0.299	0.296	0.285	0.272	0.302	0.312	0.304	0.246	0.313	0.309	0.329	0.283	0.271	2.047	0.509	0.212	0.220	-17725.044
6	8	1000	980	0.5092	0.318	0.242	0.293	0.306	0.289	0.337	0.283	0.261	0.310	0.308	0.288	0.345	0.311	0.272	1.981	0.407	0.254	0.185	-17907.689
7	8	1000	979	0.5042	0.332	0.323	0.306	0.295	0.288	0.283	0.317	0.327	0.276	0.286	0.349	0.340	0.261	0.291	1.833	0.431	0.197	0.190	-17900.186
8	8	1000	976	0.5085	0.331	0.290	0.341	0.268	0.322	0.311	0.337	0.326	0.307	0.326	0.297	0.274	0.321	0.272	2.029	0.411	0.226	0.198	-18082.340
9	8	1000	972	0.5197	0.286	0.286	0.294	0.313	0.325	0.341	0.270	0.282	0.295	0.333	0.305	0.292	0.309	0.286	2.095	0.502	0.286	0.179	-17834.421
10	8	1000	970	0.5092	0.258	0.329	0.209	0.339	0.270	0.251	0.298	0.315	0.270	0.275	0.298	0.339	0.326	0.305	1.950	0.330	0.139	0.205	-17551.756
11	8	1000	979	0.5168	0.261	0.343	0.305	0.275	0.303	0.308	0.278	0.297	0.246	0.287	0.323	0.325	0.299	0.269	1.949	0.520	0.231	0.195	-17650.283
12	8	1000	982	0.5026	0.351	0.303	0.312	0.294	0.296	0.281	0.298	0.301	0.319	0.315	0.307	0.282	0.316	0.305	1.964	0.564	0.271	0.228	-18153.657
13	8	1000	980	0.5258	0.303	0.302	0.300	0.337	0.305	0.282	0.293	0.304	0.330	0.286	0.285	0.257	0.300	0.288	1.967	0.507	0.298	0.194	-17899.053
14	8	1000	976	0.5120	0.274	0.287	0.266	0.293	0.318	0.304	0.310	0.288	0.292	0.312	0.268	0.287	0.307	0.321	2.070	0.435	0.240	0.191	-17715.884
15	8	1000	977	0.5248	0.280	0.308	0.331	0.288	0.283	0.287	0.287	0.277	0.271	0.301	0.305	0.347	0.273	0.324	1.981	0.527	0.277	0.191	-17875.595
16	8	1000	978	0.5172	0.277	0.304	0.282	0.343	0.330	0.271	0.324	0.282	0.317	0.324	0.262	0.308	0.325	0.295	2.119	0.526	0.282	0.192	-17990.231
17	8	1000	981	0.5175	0.271	0.300	0.282	0.306	0.282	0.326	0.325	0.265	0.298	0.324	0.364	0.329	0.294	0.286	1.857	0.594	0.327	0.216	-18217.866
18	8	1000	975	0.5052	0.292	0.287	0.291	0.292	0.257	0.306	0.285	0.272	0.313	0.305	0.269	0.261	0.319	0.312	2.017	0.472	0.237	0.193	-17602.818
19	8	1000	982	0.5031	0.358	0.295	0.265	0.286	0.294	0.317	0.271	0.310	0.325	0.299	0.322	0.317	0.358	0.275	1.941	0.478	0.228	0.219	-18004.640
20	8	1000	980	0.5208	0.319	0.283	0.277	0.341	0.309	0.314	0.301	0.288	0.300	0.311	0.310	0.336	0.326	0.294	2.009	0.498	0.244	0.213	-18226.558
21	8	1000	977	0.5031	0.283	0.303	0.286	0.305	0.268	0.296	0.325	0.252	0.285	0.291	0.291	0.330	0.306	0.268	1.900	0.496	0.249	0.198	-17694.427
22	8	1000	979	0.5188	0.281	0.337	0.292	0.308	0.274	0.267	0.302	0.364	0.285	0.307	0.315	0.308	0.290	0.340	2.094	0.544	0.293	0.201	-17946.492
23	8	1000	975	0.5209	0.288	0.290	0.274	0.296	0.301	0.327	0.321	0.304	0.304	0.266	0.280	0.292	0.319	0.267	2.100	0.506	0.230	0.194	-17635.600
24	8	1000	969	0.5062	0.305	0.342	0.321	0.297	0.260	0.301	0.299	0.265	0.265	0.289	0.284	0.313	0.289	0.314	1.986	0.518	0.323	0.187	-17769.410
25	8	1000	982	0.5123	0.313	0.300	0.308	0.282	0.269	0.245	0.335	0.277	0.325	0.296	0.328	0.278	0.326	0.266	2.007	0.546	0.314	0.197	-17810.575
26	8	1000	980	0.5080	0.327	0.310	0.271	0.326	0.261	0.302	0.341	0.332	0.296	0.318	0.269	0.315	0.282	0.284	2.126	0.341	0.199	0.187	-17874.472
27	8	1000	986	0.5165	0.272	0.284	0.320	0.265	0.289	0.296	0.303	0.297	0.288	0.292	0.287	0.323	0.288	0.290	2.032	0.502	0.225	0.212	-17727.508
28	8	1000	977	0.5105	0.297	0.280	0.277	0.289	0.247	0.304	0.277	0.264	0.286	0.288	0.324	0.310	0.288	0.312	1.966	0.479	0.202	0.195	-17540.586
29	8	1000	983	0.5109	0.275	0.279	0.289	0.296	0.326	0.299	0.326	0.268	0.294	0.328	0.306	0.322	0.256	0.321	2.002	0.432	0.198	0.200	-17869.874
30	8	1000	984	0.5156	0.339	0.280	0.295	0.319	0.333	0.285	0.291	0.305	0.329	0.311	0.321	0.271	0.308	0.278	1.962	0.517	0.269	0.208	-18047.496
31	8	1000	981	0.5157	0.322	0.270	0.310	0.302	0.323	0.312	0.300	0.332	0.328	0.304	0.295	0.304	0.293	0.302	2.139	0.515	0.277	0.181	-17974.828
32	8	1000	979	0.5188	0.307	0.300	0.267	0.294	0.331	0.279	0.283	0.299	0.302	0.330	0.302	0.352	0.261	0.341	1.968	0.456	0.270	0.191	-18008.634
33	8	1000	977	0.5022	0.327	0.332	0.326	0.276	0.257	0.312	0.320	0.276	0.270	0.288	0.282	0.363	0.333	0.275	2.161	0.473	0.218	0.199	-17822.158
34	8	1000	982	0.5055	0.332	0.319	0.268	0.313	0.295	0.312	0.283	0.277	0.305	0.335	0.292	0.380	0.329	0.317	1.985	0.493	0.256	0.202	-18141.839
35	8	1000	980	0.5085	0.298	0.298	0.275	0.318	0.330	0.294	0.314	0.296	0.280	0.313	0.300	0.258	0.265	0.347	1.844	0.493	0.250	0.202	-17954.823
36	8	1000	979	0.5048	0.297	0.276	0.249	0.311	0.248	0.292	0.326	0.296	0.313	0.305	0.281	0.321	0.273	0.299	1.903	0.418	0.216	0.189	-17640.141
37	8	1000	972	0.5033	0.319	0.314	0.288	0.336	0.315	0.307	0.277	0.269	0.364	0.291	0.285	0.324	0.331	0.273	1.947	0.470	0.255	0.166	-17865.516
38	8	1000	979	0.5153	0.262	0.277	0.301	0.313	0.314	0.284	0.307	0.342	0.277	0.297	0.263	0.339	0.303	0.316	2.066	0.496	0.301	0.202	-17920.319
39	8	1000	974	0.5137	0.264	0.256	0.307	0.280	0.295	0.281	0.300	0.302	0.376	0.259	0.312	0.272	0.317	0.335	1.937	0.513	0.305	0.200	-17909.889
40	8	1000	977	0.5192	0.363	0.343	0.261	0.340	0.325	0.346	0.281	0.294	0.292	0.301	0.263	0.352	0.285	0.316	1.998	0.403	0.218	0.205	-18152.070
41	8	1000	979	0.5260	0.322	0.294	0.312	0.284	0.302	0.325	0.308	0.307	0.238	0.347	0.291	0.281	0.315	0.376	2.072	0.525	0.286	0.205	-18108.989
42	8	1000	969	0.5263	0.309	0.263	0.354	0.301	0.332	0.322	0.291	0.296	0.300	0.297	0.255	0.311	0.315	0.299	2.062	0.552	0.307	0.201	-17959.420
43	8	1000	975	0.5135	0.254	0.307	0.293	0.263	0.314	0.279	0.290	0.342	0.323	0.265	0.292	0.313	0.348	0.309	2.013	0.380	0.219	0.191	-17858.518
44	8	1000	977	0.5055	0.312	0.324	0.234	0.359	0.246	0.313	0.339	0.340	0.289	0.339	0.265	0.299	0.345	0.277	1.985	0.357	0.183	0.194	-18065.556
45	8	1000	979	0.5082	0.323	0.307	0.292	0.329	0.315	0.298	0.250	0.262	0.296	0.337	0.332	0.324	0.305	0.287	2.062	0.380	0.229	0.179	-17929.200
46	8	1000	981	0.5202	0.334	0.371	0.289	0.295	0.326	0.272	0.294	0.278	0.301	0.287	0.315	0.342	0.321	0.291	1.993	0.392	0.191	0.203	-18077.113
47	8	1000	984	0.5115	0.310	0.284	0.279	0.312	0.308	0.301	0.272	0.283	0.308	0.290	0.294	0.286	0.286	0.304	1.893	0.511	0.238	0.196	-17751.421
48	8	1000	979	0.5262	0.316	0.321	0.338	0.268	0.271	0.276	0.301	0.321	0.329	0.337	0.284	0.229	0.310	0.285	1.894	0.407	0.235	0.192	-17957.609
49	8	1000	981	0.5140	0.320	0.326	0.295	0.283	0.280	0.311	0.322	0.284	0.296	0.285	0.304	0.322	0.314	0.309	1.940	0.489	0.207	0.217	-17940.335
50	8	1000	976	0.5160	0.304	0.247	0.272	0.309	0.287	0.306	0.317	0.285	0.301	0.286	0.281	0.283	0.369	0.280	1.888	0.579	0.296	0.208	-17858.319
51	8	1000	981	0.5283	0.281	0.290	0.294	0.307	0.342	0.319	0.307	0.309	0.285	0.327	0.299	0.332	0.308	0.321	2.002	0.427	0.200	0.181	-18041.602
52	8	1000	963	0.5100	0.330	0.295	0.333	0.267	0.306	0.243	0.312	0.243	0.224	0.356	0.298	0.303	0.312	0.332	1.942	0.483	0.268	0.187	-17773.125
53	8	1000	971	0.5221	0.328	0.298	0.251	0.322	0.272	0.296	0.293	0.287	0.280	0.322	0.298	0.269	0.309	0.292	2.131	0.221	0.118	0.171	-17656.485
54	8	1000	988	0.5093	0.354	0.314	0.315	0.311	0.310	0.321	0.304	0.293	0.274	0.317	0.311	0.274	0.303	0.310	1.921	0.571	0.278	0.214	-18152.022
55	8	1000	973	0.5148	0.318	0.282	0.290	0.286	0.335	0.328	0.272	0.293	0.283	0.305	0.334	0.309	0.326	0.286	2.059	0.485	0.282	0.190	-17880.266
56	8	1000	976	0.5107	0.298	0.296	0.310	0.263	0.305	0.343	0.282	0.338	0.291	0.300	0.278	0.304	0.315	0.297	2.071	0.504	0.233	0.214	-17889.830
57	8	1000	979	0.5072	0.271	0.302	0.234	0.337	0.294	0.294	0.287	0.317	0.273	0.330	0.302	0.349	0.312	0.301	1.936	0.308	0.127	0.208	-17897.014
58	8	1000	977	0.5079	0.256	0.317	0.289	0.273	0.284	0.324	0.318	0.348	0.260	0.311	0.314	0.295	0.319	0.294	2.003	0.480	0.236	0.205	-17910.207
59	8	1000	977	0.5286	0.253	0.287	0.284	0.322	0.337	0.270	0.285	0.344	0.301	0.319	0.295	0.302	0.276	0.298	1.945	0.532	0.268	0.202	-17794.663
60	8	1000	976	0.5092	0.300	0.317	0.294	0.262	0.308	0.314	0.269	0.293	0.310	0.306	0.295	0.275	0.325	0.304	1.985	0.422	0.202	0.186	-17754.339
61	8	1000	985	0.5270	0.318	0.239	0.307	0.301	0.306	0.312	0.268	0.296	0.346	0.302	0.326	0.254	0.267	0.305	1.953	0.555	0.232	0.224	-17841.276
62	8	1000	979	0.5167	0.264	0.321	0.245	0.325	0.267	0.273	0.316	0.318	0.330	0.322	0.305	0.271	0.334	0.266	1.994	0.439	0.212	0.196	-17724.819
63	8	1000	984	0.5261	0.317	0.315	0.295	0.318	0.289	0.296	0.329	0.281	0.342	0.280	0.306	0.290	0.292	0.294	2.011	0.342	0.188	0.196	-18048.156
64	8	1000	971	0.5106	0.313	0.374	0.253	0.302	0.262	0.311	0.278	0.321	0.259	0.293	0.341	0.298	0.326	0.293	2.089	0.542	0.217	0.210	-17768.528
65	8	1000	981	0.5113	0.276	0.295	0.279	0.284	0.321	0.274	0.330	0.355	0.312	0.285	0.317	0.298	0.252	0.311	1.956	0.468	0.215	0.213	-17830.649
66	8	1000	986	0.5163	0.297	0.309	0.335	0.257	0.329	0.300	0.328	0.325	0.285	0.277	0.353	0.267	0.320	0.301	1.979	0.437	0.254	0.213	-18175.237
67	8	1000	990	0.5043	0.298	0.335	0.280	0.266	0.296	0.302	0.322	0.283	0.302	0.302	0.339	0.255	0.308	0.320	1.924	0.483	0.275	0.203	-17959.052
68	8	1000	977	0.5165	0.283	0.322	0.298	0.306	0.262	0.279	0.283	0.308	0.380	0.295	0.306	0.276	0.323	0.294	2.042	0.500	0.283	0.185	-17883.760
69	8	1000	967	0.5122	0.330	0.278	0.259	0.286	0.298	0.288	0.304	0.303	0.332	0.289	0.310	0.278	0.293	0.320	2.059	0.544	0.287	0.198	-17705.795
70	8	1000	983	0.5127	0.294	0.265	0.268	0.301	0.342	0.329	0.274	0.304	0.320	0.307	0.331	0.316	0.291	0.279	1.997	0.546	0.246	0.217	-17924.061
71	8	1000	983	0.5111	0.299	0.338	0.299	0.292	0.301	0.308	0.304	0.341	0.295	0.298	0.319	0.277	0.287	0.330	2.010	0.461	0.255	0.200	-18059.650
72	8	1000	970	0.5127	0.312	0.264	0.262	0.296	0.260	0.337	0.277	0.288	0.287	0.288	0.263	0.271	0.253	0.298	2.037	0.463	0.224	0.191	-17334.028
73	8	1000	983	0.5165	0.303	0.308	0.307	0.308	0.289	0.266	0.338	0.264	0.340	0.314	0.304	0.284	0.314	0.327	2.010	0.531	0.253	0.193	-17968.705
74	8	1000	972	0.5205	0.260	0.321	0.282	0.261	0.284	0.312	0.291	0.309	0.323	0.286	0.317	0.276	0.297	0.302	1.971	0.455	0.187	0.196	-17655.048
75	8	1000	981	0.5205	0.319	0.276	0.282	0.315	0.340	0.283	0.283	0.239	0.333	0.290	0.284	0.252	0.304	0.289	2.127	0.298	0.127	0.209	-17654.352
76	8	1000	979	0.5246	0.292	0.305	0.304	0.302	0.274	0.335	0.295	0.314	0.334	0.292	0.282	0.251	0.307	0.292	2.062	0.529	0.274	0.208	-17880.845
77	8	1000	976	0.5167	0.282	0.318	0.295	0.318	0.308	0.280	0.300	0.322	0.297	0.318	0.277	0.286	0.315	0.332	2.012	0.484	0.238	0.197	-17904.973
78	8	1000	976	0.5229	0.324	0.318	0.299	0.304	0.276	0.313	0.296	0.264	0.295	0.336	0.302	0.315	0.299	0.333	1.855	0.435	0.239	0.214	-18162.967
79	8	1000	986	0.5235	0.327	0.285	0.301	0.301	0.308	0.271	0.286	0.334	0.310	0.292	0.331	0.267	0.284	0.283	1.953	0.535	0.245	0.211	-17763.341
80	8	1000	970	0.5140	0.279	0.324	0.269	0.293	0.292	0.307	0.319	0.285	0.329	0.299	0.296	0.281	0.269	0.319	2.031	0.550	0.286	0.204	-17792.617
81	8	1000	978	0.5004	0.310	0.302	0.297	0.270	0.340	0.285	0.300	0.311	0.307	0.322	0.283	0.278	0.327	0.306	2.107	0.479	0.260	0.214	-17940.614
82	8	1000	977	0.5160	0.344	0.302	0.286	0.293	0.291	0.291	0.319	0.292	0.328	0.314	0.290	0.321	0.273	0.281	2.018	0.305	0.162	0.185	-17871.904
83	8	1000	986	0.5210	0.315	0.297	0.275	0.284	0.343	0.316	0.282	0.279	0.342	0.326	0.312	0.283	0.288	0.286	2.128	0.465	0.200	0.210	-17923.535
84	8	1000	969	0.5064	0.277	0.233	0.271	0.327	0.319	0.318	0.280	0.314	0.300	0.294	0.289	0.288	0.311	0.314	2.118	0.547	0.252	0.212	-17755.394
85	8	1000	972	0.5057	0.312	0.285	0.307	0.265	0.308	0.291	0.318	0.308	0.285	0.281	0.279	0.329	0.261	0.323	1.980	0.535	0.237	0.223	-17799.387
86	8	1000	976	0.5210	0.324	0.339	0.260	0.290	0.335	0.297	0.315	0.293	0.340	0.295	0.302	0.295	0.282	0.309	1.929	0.493	0.236	0.204	-17987.383
87	8	1000	983	0.5124	0.327	0.292	0.288	0.316	0.271	0.319	0.306	0.263	0.290	0.308	0.333	0.286	0.321	0.373	2.062	0.335	0.157	0.206	-18124.556
88	8	1000	982	0.5061	0.279	0.322	0.265	0.306	0.309	0.289	0.308	0.335	0.309	0.327	0.335	0.338	0.346	0.308	2.020	0.539	0.265	0.196	-18077.457
89	8	1000	975	0.5040	0.293	0.352	0.240	0.325	0.260	0.324	0.293	0.337	0.284	0.255	0.319	0.323	0.298	0.295	2.204	0.516	0.252	0.216	-17779.326
90	8	1000	979	0.5142	0.283	0.311	0.272	0.291	0.256	0.296	0.281	0.286	0.322	0.302	0.252	0.281	0.320	0.273	1.952	0.401	0.183	0.208	-17549.498
91	8	1000	980	0.5222	0.305	0.334	0.317	0.282	0.281	0.277	0.300	0.262	0.337	0.298	0.282	0.280	0.287	0.245	1.965	0.438	0.218	0.209	-17670.597
92	8	1000	983	0.5113	0.345	0.315	0.274	0.306	0.262	0.336	0.302	0.295	0.300	0.254	0.321	0.309	0.284	0.337	1.927	0.436	0.240	0.201	-18039.449
93	8	1000	983	0.5219	0.284	0.325	0.287	0.319	0.261	0.281	0.329	0.312	0.262	0.309	0.268	0.301	0.321	0.301	1.931	0.457	0.281	0.203	-17979.687
94	8	1000	963	0.5117	0.294	0.326	0.256	0.274	0.316	0.291	0.282	0.345	0.326	0.333	0.253	0.281	0.302	0.311	1.972	0.362	0.206	0.191	-17792.168
95	8	1000	980	0.5107	0.268	0.352	0.287	0.287	0.287	0.294	0.290	0.310	0.362	0.316	0.337	0.312	0.309	0.304	1.893	0.437	0.236	0.200	-18102.535
96	8	1000	975	0.5142	0.312	0.290	0.267	0.275	0.337	0.270	0.317	0.338	0.300	0.301	0.289	0.288	0.278	0.285	1.931	0.584	0.333	0.192	-17711.892
97	8	1000	983	0.5085	0.334	0.281	0.310	0.271	0.366	0.323	0.301	0.306	0.360	0.309	0.267	0.270	0.288	0.289	1.989	0.443	0.226	0.198	-17940.682
98	8	1000	976	0.5147	0.250	0.268	0.280	0.283	0.263	0.289	0.278	0.260	0.286	0.269	0.304	0.300	0.289	0.261	1.853	0.433	0.189	0.210	-17325.670
99	8	1000	981	0.5130	0.351	0.287	0.358	0.297	0.260	0.296	0.312	0.256	0.303	0.294	0.282	0.298	0.303	0.312	1.955	0.526	0.231	0.217	-17941.412
100	8	1000	982	0.5132	0.278	0.350	0.322	0.307	0.291	0.322	0.262	0.287	0.305	0.288	0.300	0.283	0.293	0.309	1.862	0.481	0.247	0.198	-17964.488
101	8	1000	976	0.5082	0.311	0.330	0.267	0.307	0.312	0.343	0.275	0.357	0.337	0.317	0.302	0.267	0.350	0.310	2.005	0.472	0.249	0.202	-18114.865
102	8	1000	974	0.5090	0.313	0.331	0.326	0.343	0.309	0.322	0.305	0.299	0.275	0.326	0.308	0.321	0.277	0.310	2.098	0.485	0.268	0.195	-18151.624
103	8	1000	986	0.5086	0.345	0.338	0.258	0.299	0.324	0.331	0.313	0.353	0.314	0.259	0.317	0.300	0.290	0.281	2.056	0.480	0.240	0.222	-18123.689
104	8	1000	983	0.5187	0.281	0.260	0.273	0.311	0.372	0.327	0.276	0.286	0.313	0.321	0.325	0.291	0.300	0.327	1.959	0.473	0.253	0.211	-18103.468
105	8	1000	980	0.5128	0.316	0.311	0.267	0.289	0.292	0.268	0.290	0.302	0.271	0.319	0.312	0.298	0.276	0.314	1.934	0.455	0.197	0.211	-17761.612
106	8	1000	979	0.5059	0.282	0.323	0.289	0.307	0.324	0.299	0.309	0.269	0.318	0.341	0.244	0.296	0.322	0.311	2.010	0.667	0.333	0.210	-17930.752
107	8	1000	973	0.5177	0.358	0.309	0.329	0.253	0.232	0.329	0.261	0.318	0.295	0.290	0.330	0.330	0.301	0.261	1.907	0.438	0.192	0.172	-17629.263
108	8	1000	973	0.5034	0.274	0.297	0.279	0.310	0.259	0.291	0.289	0.235	0.270	0.302	0.333	0.321	0.316	0.251	2.030	0.467	0.226	0.197	-17569.783
109	8	1000	980	0.5095	0.286	0.327	0.301	0.249	0.314	0.330	0.286	0.275	0.294	0.316	0.323	0.275	0.276	0.328	1.952	0.560	0.289	0.188	-17769.979
110	8	1000	981	0.5131	0.271	0.342	0.273	0.250	0.275	0.326	0.309	0.291	0.280	0.310	0.316	0.281	0.275	0.330	1.925	0.495	0.235	0.196	-17766.026
111	8	1000	973	0.5149	0.329	0.282	0.260	0.317	0.293	0.267	0.327	0.327	0.239	0.286	0.264	0.291	0.294	0.295	1.914	0.506	0.232	0.199	-17564.311
112	8	1000	984	0.5135	0.328	0.275	0.268	0.297	0.305	0.318	0.302	0.311	0.339	0.276	0.312	0.337	0.290	0.299	2.027	0.542	0.284	0.196	-17887.853
113	8	1000	977	0.5148	0.300	0.301	0.294	0.316	0.295	0.304	0.296	0.251	0.356	0.281	0.261	0.279	0.280	0.296	1.998	0.387	0.199	0.182	-17697.455
114	8	1000	979	0.5089	0.344	0.252	0.279	0.283	0.323	0.336	0.279	0.302	0.335	0.287	0.284	0.277	0.357	0.280	1.994	0.482	0.216	0.196	-17769.484
115	8	1000	978	0.5070	0.296	0.343	0.261	0.322	0.313	0.271	0.333	0.351	0.267	0.292	0.283	0.330	0.312	0.287	1.836	0.538	0.273	0.196	-17935.067
116	8	1000	979	0.5105	0.311	0.294	0.296	0.285	0.331	0.291	0.292	0.354	0.327	0.256	0.313	0.251	0.297	0.308	2.043	0.502	0.280	0.184	-17797.423
117	8	1000	975	0.5142	0.318	0.338	0.304	0.292	0.287	0.289	0.300	0.337	0.284	0.273	0.297	0.290	0.300	0.276	1.904	0.455	0.229	0.195	-17816.450
118	8	1000	976	0.5056	0.317	0.295	0.302	0.311	0.323	0.325	0.315	0.320	0.318	0.333	0.289	0.331	0.305	0.302	2.031	0.474	0.289	0.190	-18220.349
119	8	1000	978	0.5233	0.293	0.295	0.289	0.318	0.266	0.342	0.278	0.330	0.300	0.284	0.289	0.299	0.314	0.318	2.069	0.506	0.238	0.205	-17838.504
120	8	1000	971	0.5077	0.344	0.305	0.256	0.296	0.310	0.313	0.314	0.273	0.299	0.324	0.289	0.315	0.300	0.306	1.974	0.401	0.201	0.183	-17864.251
121	8	1000	977	0.5211	0.277	0.275	0.304	0.330	0.288	0.275	0.278	0.305	0.299	0.291	0.259	0.289	0.380	0.287	1.968	0.521	0.307	0.182	-17734.515
122	8	1000	980	0.5117	0.291	0.309	0.303	0.307	0.307	0.318	0.311	0.294	0.263	0.294	0.288	0.258	0.328	0.262	1.934	0.433	0.233	0.188	-17774.640
123	8	1000	978	0.5188	0.252	0.307	0.313	0.302	0.346	0.312	0.301	0.286	0.323	0.301	0.346	0.289	0.315	0.327	1.901	0.425	0.253	0.209	-18353.186
124	8	1000	981	0.5080	0.304	0.313	0.272	0.317	0.272	0.303	0.289	0.269	0.243	0.327	0.288	0.314	0.302	0.295	2.020	0.488	0.234	0.202	-17651.839
125	8	1000	969	0.5230	0.267	0.296	0.288	0.327	0.275	0.265	0.319	0.254	0.348	0.322	0.275	0.311	0.304	0.302	2.177	0.449	0.223	0.200	-17750.047
126	8	1000	978	0.5090	0.275	0.311	0.282	0.272	0.367	0.378	0.281	0.316	0.283	0.297	0.323	0.301	0.291	0.325	2.038	0.462	0.243	0.185	-17964.986
127	8	1000	971	0.5154	0.311	0.305	0.283	0.313	0.317	0.257	0.287	0.285	0.293	0.283	0.310	0.241	0.300	0.281	1.971	0.329	0.206	0.180	-17660.622
128	8	1000	976	0.5190	0.258	0.337	0.334	0.271	0.258	0.320	0.338	0.323	0.323	0.321	0.285	0.272	0.296	0.326	1.990	0.462	0.285	0.201	-18162.180
129	8	1000	970	0.5247	0.325	0.315	0.298	0.294	0.292	0.274	0.301	0.305	0.325	0.287	0.314	0.298	0.288	0.319	1.934	0.464	0.264	0.185	-17985.244
130	8	1000	974	0.5148	0.304	0.322	0.264	0.247	0.320	0.305	0.273	0.295	0.320	0.336	0.301	0.308	0.304	0.287	2.025	0.405	0.260	0.192	-17890.622
131	8	1000	976	0.5142	0.236	0.303	0.338	0.252	0.330	0.321	0.290	0.281	0.318	0.298	0.311	0.311	0.349	0.295	2.066	0.503	0.258	0.199	-17990.150
132	8	1000	982	0.5035	0.248	0.334	0.272	0.281	0.240	0.320	0.267	0.299	0.330	0.301	0.333	0.334	0.275	0.288	1.862	0.484	0.218	0.225	-17832.379
133	8	1000	969	0.5228	0.305	0.266	0.261	0.300	0.255	0.264	0.334	0.273	0.300	0.301	0.348	0.274	0.258	0.300	1.978	0.486	0.258	0.175	-17527.112
134	8	1000	982	0.5205	0.314	0.283	0.266	0.354	0.272	0.312	0.315	0.322	0.305	0.291	0.357	0.270	0.303	0.315	2.043	0.464	0.272	0.201	-18122.431
135	8	1000	980	0.5144	0.336	0.313	0.282	0.286	0.295	0.287	0.250	0.244	0.309	0.310	0.294	0.315	0.271	0.304	1.996	0.349	0.207	0.198	-17777.580
136	8	1000	980	0.5120	0.339	0.295	0.274	0.299	0.335	0.337	0.261	0.328	0.336	0.305	0.310	0.310	0.324	0.281	1.993	0.422	0.204	0.197	-18033.947
137	8	1000	981	0.5089	0.333	0.317	0.282	0.322	0.258	0.270	0.307	0.273	0.256	0.312	0.320	0.306	0.272	0.313	1.945	0.503	0.245	0.212	-17855.920
138	8	1000	980	0.5121	0.298	0.289	0.290	0.260	0.269	0.312	0.314	0.285	0.335	0.271	0.269	0.298	0.333	0.289	2.030	0.462	0.232	0.182	-17602.811
139	8	1000	970	0.4984	0.311	0.312	0.295	0.257	0.320	0.321	0.348	0.319	0.326	0.310	0.299	0.274	0.295	0.306	1.934	0.467	0.265	0.183	-17980.821
140	8	1000	968	0.5175	0.277	0.283	0.274	0.322	0.254	0.325	0.287	0.347	0.283	0.306	0.242	0.265	0.292	0.288	2.031	0.481	0.264	0.188	-17540.688
141	8	1000	977	0.5128	0.333	0.326	0.256	0.314	0.251	0.317	0.333	0.317	0.288	0.289	0.324	0.330	0.300	0.336	1.864	0.502	0.261	0.198	-18160.467
142	8	1000	985	0.5173	0.255	0.302	0.276	0.290	0.298	0.275	0.327	0.297	0.317	0.288	0.303	0.283	0.310	0.302	2.020	0.483	0.223	0.217	-17841.274
143	8	1000	983	0.5160	0.291	0.352	0.321	0.323	0.276	0.265	0.311	0.298	0.311	0.304	0.337	0.298	0.336	0.313	2.055	0.437	0.237	0.195	-18182.988
144	8	1000	968	0.5114	0.300	0.336	0.269	0.287	0.324	0.274	0.313	0.300	0.316	0.297	0.292	0.285	0.314	0.280	1.990	0.380	0.239	0.194	-17852.360
145	8	1000	983	0.5089	0.277	0.300	0.278	0.291	0.307	0.299	0.285	0.348	0.273	0.330	0.294	0.311	0.303	0.306	2.041	0.399	0.179	0.206	-17872.496
146	8	1000	984	0.5017	0.261	0.316	0.271	0.277	0.278	0.332	0.330	0.293	0.243	0.287	0.331	0.297	0.304	0.256	1.916	0.416	0.209	0.188	-17674.131
147	8	1000	976	0.5243	0.291	0.300	0.304	0.328	0.328	0.302	0.321	0.258	0.305	0.302	0.323	0.338	0.295	0.350	2.215	0.400	0.203	0.219	-18272.717
148	8	1000	975	0.5168	0.373	0.287	0.293	0.268	0.288	0.298	0.302	0.304	0.324	0.278	0.276	0.310	0.301	0.261	2.223	0.422	0.217	0.186	-17579.188
149	8	1000	972	0.5168	0.326	0.279	0.241	0.296	0.321	0.275	0.298	0.309	0.310	0.281	0.286	0.256	0.317	0.300	2.103	0.517	0.231	0.192	-17458.191
150	8	1000	970	0.5121	0.337	0.292	0.257	0.333	0.303	0.308	0.315	0.348	0.324	0.332	0.305	0.316	0.338	0.276	1.881	0.314	0.183	0.176	-18164.611
151	8	1000	973	0.5169	0.269	0.304	0.294	0.335	0.329	0.294	0.328	0.353	0.263	0.311	0.272	0.305	0.312	0.326	1.890	0.492	0.267	0.192	-18153.135
152	8	1000	982	0.5024	0.290	0.338	0.309	0.282	0.314	0.287	0.310	0.367	0.309	0.344	0.289	0.285	0.285	0.318	1.851	0.554	0.284	0.200	-18093.163
153	8	1000	971	0.5163	0.269	0.312	0.257	0.310	0.290	0.331	0.292	0.358	0.304	0.327	0.307	0.265	0.327	0.273	1.902	0.464	0.267	0.184	-17925.194
154	8	1000	982	0.5130	0.313	0.302	0.280	0.288	0.272	0.305	0.342	0.309	0.308	0.326	0.289	0.292	0.301	0.317	1.991	0.455	0.209	0.187	-17789.247
155	8	1000	977	0.5143	0.304	0.312	0.309	0.297	0.296	0.321	0.269	0.311	0.244	0.281	0.268	0.300	0.285	0.302	1.956	0.444	0.211	0.191	-17577.883
156	8	1000	980	0.5122	0.295	0.292	0.283	0.305	0.275	0.364	0.301	0.355	0.290	0.324	0.295	0.299	0.288	0.336	1.946	0.445	0.285	0.202	-18189.085
157	8	1000	986	0.5154	0.340	0.302	0.256	0.275	0.297	0.279	0.293	0.252	0.347	0.304	0.311	0.295	0.267	0.308	2.020	0.494	0.199	0.217	-17686.384
158	8	1000	977	0.5152	0.325	0.303	0.291	0.320	0.301	0.313	0.328	0.283	0.338	0.316	0.305	0.280	0.313	0.293	1.782	0.570	0.330	0.216	-18216.042
159	8	1000	981	0.5124	0.344	0.334	0.312	0.290	0.249	0.301	0.294	0.301	0.301	0.287	0.323	0.310	0.279	0.319	2.022	0.412	0.227	0.197	-17938.606
160	8	1000	981	0.5067	0.287	0.271	0.304	0.268	0.319	0.293	0.279	0.326	0.311	0.294	0.294	0.261	0.324	0.335	2.029	0.378	0.175	0.202	-17766.643
161	8	1000	972	0.5172	0.320	0.258	0.267	0.316	0.320	0.286	0.311	0.290	0.272	0.256	0.316	0.267	0.258	0.306	1.822	0.504	0.280	0.184	-17569.145
162	8	1000	980	0.5032	0.293	0.312	0.286	0.268	0.327	0.346	0.312	0.305	0.286	0.326	0.304	0.315	0.278	0.294	1.960	0.509	0.261	0.216	-18023.373
163	8	1000	985	0.5109	0.325	0.361	0.295	0.297	0.305	0.295	0.323	0.276	0.333	0.334	0.322	0.349	0.278	0.324	1.966	0.478	0.257	0.196	-18262.664
164	8	1000	974	0.5083	0.266	0.298	0.301	0.310	0.341	0.310	0.322	0.212	0.326	0.303	0.308	0.263	0.311	0.301	2.013	0.529	0.262	0.187	-17798.894
165	8	1000	984	0.5130	0.323	0.297	0.320	0.310	0.321	0.312	0.333	0.279	0.301	0.305	0.285	0.275	0.323	0.287	2.104	0.517	0.322	0.215	-18188.137
166	8	1000	982	0.5152	0.291	0.302	0.326	0.283	0.228	0.327	0.281	0.309	0.274	0.289	0.275	0.333	0.313	0.281	2.039	0.487	0.231	0.210	-17713.789
167	8	1000	982	0.5018	0.312	0.320	0.297	0.277	0.280	0.269	0.320	0.294	0.289	0.280	0.319	0.292	0.266	0.320	1.920	0.410	0.201	0.207	-17812.728
168	8	1000	983	0.5141	0.302	0.302	0.303	0.291	0.288	0.286	0.337	0.291	0.337	0.322	0.305	0.296	0.298	0.271	1.958	0.529	0.221	0.211	-17897.126
169	8	1000	973	0.5172	0.256	0.303	0.253	0.292	0.301	0.307	0.287	0.278	0.294	0.283	0.283	0.317	0.291	0.324	1.838	0.498	0.226	0.198	-17678.968
170	8	1000	972	0.5153	0.281	0.271	0.257	0.326	0.325	0.333	0.281	0.357	0.291	0.298	0.299	0.353	0.277	0.306	1.914	0.469	0.197	0.200	-17822.691
171	8	1000	974	0.5149	0.304	0.318	0.262	0.309	0.247	0.282	0.319	0.235	0.307	0.245	0.303	0.302	0.285	0.303	2.041	0.524	0.248	0.211	-17558.664
172	8	1000	972	0.5129	0.304	0.294	0.290	0.350	0.314	0.285	0.274	0.270	0.296	0.257	0.297	0.357	0.312	0.324	2.021	0.486	0.208	0.199	-17796.123
173	8	1000	978	0.5171	0.259	0.335	0.278	0.261	0.282	0.297	0.316	0.307	0.252	0.250	0.308	0.335	0.316	0.277	2.001	0.550	0.244	0.204	-17587.348
174	8	1000	978	0.5057	0.308	0.321	0.265	0.283	0.323	0.343	0.276	0.318	0.335	0.279	0.304	0.294	0.283	0.315	1.984	0.449	0.232	0.190	-17870.551
175	8	1000	972	0.5117	0.362	0.303	0.295	0.367	0.268	0.308	0.329	0.330	0.320	0.310	0.304	0.277	0.335	0.270	1.905	0.504	0.255	0.204	-18173.623
176	8	1000	978	0.5190	0.281	0.267	0.291	0.295	0.368	0.289	0.294	0.302	0.356	0.310	0.276	0.314	0.264	0.291	2.042	0.506	0.254	0.208	-17908.473
177	8	1000	988	0.5132	0.354	0.313	0.285	0.276	0.307	0.320	0.284	0.295	0.304	0.298	0.306	0.329	0.302	0.313	1.868	0.459	0.249	0.189	-18027.763
178	8	1000	980	0.5194	0.300	0.291	0.287	0.303	0.292	0.253	0.309	0.335	0.388	0.303	0.284	0.260	0.319	0.288	2.022	0.522	0.273	0.177	-17799.396
179	8	1000	975	0.5090	0.281	0.316	0.274	0.287	0.227	0.321	0.318	0.317	0.271	0.287	0.316	0.360	0.260	0.302	1.986	0.447	0.229	0.173	-17623.987
180	8	1000	978	0.5200	0.265	0.316	0.295	0.267	0.255	0.307	0.303	0.257	0.336	0.263	0.260	0.286	0.333	0.258	1.983	0.403	0.186	0.201	-17539.359
181	8	1000	972	0.5218	0.324	0.310	0.291	0.287	0.278	0.280	0.320	0.288	0.294	0.330	0.293	0.315	0.304	0.295	1.956	0.477	0.327	0.180	-17940.048
182	8	1000	983	0.5095	0.272	0.314	0.306	0.303	0.275	0.309	0.254	0.279	0.366	0.324	0.304	0.247	0.282	0.264	1.952	0.549	0.299	0.198	-17749.241
183	8	1000	974	0.5200	0.298	0.335	0.276	0.331	0.259	0.269	0.293	0.348	0.333	0.323	0.291	0.268	0.286	0.307	2.067	0.503	0.245	0.189	-17753.196
184	8	1000	977	0.5097	0.297	0.338	0.268	0.280	0.364	0.300	0.311	0.303	0.323	0.279	0.300	0.288	0.308	0.342	1.997	0.512	0.236	0.193	-17882.083
185	8	1000	971	0.5032	0.336	0.328	0.259	0.257	0.272	0.361	0.293	0.272	0.284	0.344	0.295	0.287	0.288	0.332	1.983	0.466	0.281	0.178	-17882.504
186	8	1000	976	0.5110	0.357	0.275	0.323	0.300	0.308	0.318	0.277	0.294	0.298	0.268	0.308	0.291	0.282	0.306	2.104	0.459	0.227	0.203	-17803.429
187	8	1000	978	0.5024	0.286	0.279	0.300	0.295	0.278	0.251	0.277	0.314	0.300	0.291	0.260	0.262	0.297	0.267	1.850	0.530	0.268	0.212	-17532.603
188	8	1000	978	0.5141	0.334	0.314	0.275	0.279	0.315	0.304	0.302	0.283	0.248	0.263	0.332	0.299	0.309	0.298	1.966	0.371	0.212	0.189	-17847.891
189	8	1000	985	0.5120	0.351	0.275	0.255	0.269	0.303	0.284	0.280	0.337	0.275	0.332	0.285	0.304	0.325	0.295	1.792	0.242	0.122	0.193	-17818.590
190	8	1000	976	0.4995	0.315	0.358	0.269	0.321	0.298	0.283	0.324	0.292	0.266	0.299	0.303	0.335	0.332	0.296	1.923	0.440	0.242	0.189	-18034.909
191	8	1000	977	0.5265	0.281	0.281	0.298	0.279	0.240	0.356	0.310	0.339	0.312	0.309	0.329	0.343	0.309	0.328	2.046	0.396	0.231	0.188	-18098.102
192	8	1000	976	0.5120	0.285	0.288	0.297	0.310	0.307	0.267	0.300	0.341	0.299	0.295	0.321	0.298	0.343	0.302	2.029	0.440	0.233	0.193	-17872.191
193	8	1000	977	0.5119	0.289	0.288	0.263	0.290	0.364	0.309	0.256	0.322	0.349	0.342	0.305	0.330	0.333	0.329	2.015	0.493	0.269	0.197	-18116.517
194	8	1000	980	0.5138	0.332	0.336	0.326	0.268	0.353	0.256	0.320	0.293	0.281	0.296	0.271	0.288	0.320	0.286	2.088	0.387	0.224	0.188	-17816.646
195	8	1000	971	0.5051	0.270	0.292	0.284	0.296	0.315	0.281	0.285	0.315	0.304	0.270	0.292	0.310	0.287	0.279	2.012	0.410	0.191	0.201	-17523.297
196	8	1000	973	0.5181	0.275	0.328	0.239	0.322	0.290	0.270	0.285	0.355	0.236	0.276	0.322	0.360	0.318	0.276	1.946	0.397	0.233	0.185	-17747.110
197	8	1000	978	0.5315	0.246	0.313	0.284	0.312	0.248	0.353	0.313	0.289	0.315	0.300	0.299	0.307	0.275	0.281	1.933	0.413	0.208	0.203	-17837.520
198	8	1000	981	0.5220	0.303	0.295	0.274	0.294	0.333	0.316	0.300	0.305	0.319	0.295	0.325	0.318	0.293	0.317	1.911	0.416	0.211	0.218	-18124.109
199	8	1000	985	0.5242	0.000	0.291	0.234	0.318	0.336	0.268	0.285	0.560	0.267	0.325	0.301	0.384	0.291	0.323	1.991	0.661	0.338	0.216	-17946.730
200	8	1000	973	0.5125	0.272	0.237	0.247	0.284	0.286	0.289	0.275	0.333	0.308	0.310	0.246	0.321	0.327	0.274	1.965	0.452	0.208	0.188	-17345.942
201	8	1000	982	0.5171	0.328	0.268	0.256	0.285	0.318	0.278	0.266	0.280	0.310	0.291	0.248	0.325	0.273	0.290	1.960	0.540	0.234	0.209	-17483.407
202	8	1000	980	0.5085	0.292	0.266	0.269	0.321	0.364	0.330	0.342	0.321	0.308	0.264	0.341	0.295	0.272	0.303	1.940	0.417	0.201	0.203	-18076.134
203	8	1000	963	0.5098	0.305	0.310	0.300	0.317	0.292	0.304	0.339	0.273	0.247	0.307	0.242	0.339	0.316	0.284	2.034	0.394	0.203	0.196	-17827.065
204	8	1000	982	0.5192	0.275	0.256	0.267	0.309	0.342	0.303	0.295	0.338	0.287	0.313	0.298	0.293	0.270	0.309	2.043	0.390	0.195	0.196	-17785.530
205	8	1000	976	0.5271	0.314	0.325	0.298	0.292	0.275	0.313	0.311	0.333	0.221	0.296	0.308	0.322	0.309	0.320	1.991	0.501	0.251	0.210	-18010.399
206	8	1000	973	0.5156	0.326	0.280	0.288	0.335	0.326	0.325	0.323	0.298	0.290	0.281	0.313	0.343	0.297	0.299	1.986	0.541	0.288	0.220	-18210.450
207	8	1000	977	0.5135	0.286	0.264	0.240	0.294	0.311	0.290	0.279	0.267	0.325	0.284	0.295	0.282	0.308	0.315	2.028	0.539	0.245	0.175	-17358.820
208	8	1000	973	0.5076	0.302	0.349	0.282	0.313	0.263	0.270	0.283	0.301	0.312	0.281	0.309	0.351	0.368	0.296	2.040	0.432	0.237	0.189	-17943.649
209	8	1000	966	0.5017	0.311	0.273	0.256	0.282	0.329	0.297	0.294	0.270	0.342	0.333	0.270	0.305	0.272	0.218	2.008	0.535	0.251	0.179	-17352.218
210	8	1000	980	0.5037	0.304	0.332	0.287	0.289	0.249	0.328	0.328	0.381	0.287	0.249	0.305	0.328	0.299	0.325	2.020	0.458	0.219	0.186	-17806.356
211	8	1000	975	0.5190	0.299	0.278	0.268	0.284	0.313	0.307	0.270	0.263	0.334	0.342	0.287	0.270	0.293	0.343	2.099	0.596	0.284	0.196	-17730.634
212	8	1000	982	0.5222	0.276	0.349	0.288	0.315	0.288	0.366	0.292	0.285	0.284	0.301	0.293	0.310	0.311	0.305	1.914	0.352	0.203	0.187	-18123.871
213	8	1000	981	0.5061	0.342	0.276	0.254	0.288	0.311	0.287	0.291	0.298	0.308	0.308	0.296	0.281	0.333	0.290	2.018	0.493	0.237	0.190	-17650.701
214	8	1000	978	0.4969	0.310	0.320	0.273	0.321	0.260	0.312	0.277	0.259	0.359	0.274	0.286	0.299	0.311	0.318	2.019	0.460	0.220	0.222	-17896.894
215	8	1000	977	0.5197	0.244	0.274	0.309	0.315	0.252	0.336	0.290	0.326	0.290	0.314	0.326	0.261	0.304	0.314	1.948	0.459	0.199	0.217	-17940.985
216	8	1000	979	0.5159	0.346	0.282	0.323	0.284	0.316	0.293	0.310	0.267	0.319	0.301	0.281	0.310	0.291	0.326	1.922	0.460	0.245	0.189	-17924.305
217	8	1000	974	0.5107	0.309	0.247	0.282	0.309	0.294	0.265	0.334	0.304	0.259	0.268	0.285	0.275	0.299	0.342	2.048	0.411	0.217	0.189	-17529.070
218	8	1000	977	0.5066	0.300	0.248	0.337	0.307	0.269	0.295	0.331	0.319	0.315	0.294	0.304	0.290	0.319	0.282	2.022	0.476	0.286	0.185	-17866.387
219	8	1000	970	0.5055	0.309	0.266	0.278	0.299	0.294	0.294	0.308	0.327	0.296	0.327	0.276	0.313	0.314	0.340	1.928	0.433	0.232	0.190	-17933.003
220	8	1000	969	0.5069	0.094	0.276	0.317	0.294	0.326	0.340	0.284	0.441	0.321	0.315	0.291	0.289	0.261	0.302	1.902	0.664	0.336	0.209	-17931.708
221	8	1000	964	0.5075	0.313	0.325	0.280	0.295	0.276	0.283	0.295	0.220	0.301	0.261	0.322	0.321	0.304	0.241	1.967	0.476	0.224	0.176	-17365.776
222	8	1000	977	0.5177	0.350	0.359	0.289	0.261	0.317	0.257	0.337	0.267	0.343	0.297	0.295	0.295	0.278	0.274	2.258	0.323	0.192	0.208	-17905.710
223	8	1000	974	0.5229	0.313	0.269	0.296	0.302	0.305	0.295	0.299	0.326	0.285	0.299	0.298	0.296	0.323	0.327	1.987	0.549	0.251	0.186	-17813.391
224	8	1000	978	0.5283	0.273	0.246	0.244	0.306	0.301	0.361	0.304	0.292	0.314	0.299	0.307	0.311	0.338	0.278	1.987	0.543	0.257	0.214	-17978.948
225	8	1000	979	0.5133	0.243	0.235	0.287	0.298	0.323	0.300	0.296	0.317	0.308	0.322	0.294	0.295	0.277	0.323	1.787	0.594	0.266	0.203	-17782.786
226	8	1000	984	0.5179	0.272	0.330	0.285	0.293	0.287	0.287	0.289	0.343	0.263	0.299	0.282	0.279	0.298	0.322	2.020	0.432	0.210	0.196	-17724.730
227	8	1000	977	0.5060	0.288	0.295	0.293	0.334	0.283	0.324	0.294	0.302	0.296	0.300	0.300	0.300	0.333	0.284	2.033	0.475	0.268	0.190	-17918.576
228	8	1000	974	0.5070	0.277	0.281	0.301	0.273	0.272	0.292	0.304	0.315	0.347	0.330	0.323	0.292	0.289	0.300	1.947	0.640	0.345	0.208	-17978.539
229	8	1000	975	0.5238	0.297	0.276	0.313	0.321	0.282	0.320	0.264	0.277	0.293	0.259	0.332	0.325	0.328	0.275	1.854	0.565	0.266	0.208	-17844.478
230	8	1000	979	0.5187	0.307	0.335	0.299	0.299	0.286	0.306	0.319	0.298	0.319	0.345	0.294	0.267	0.303	0.289	1.934	0.448	0.200	0.218	-18004.724
231	8	1000	969	0.5185	0.324	0.281	0.288	0.290	0.277	0.284	0.312	0.283	0.356	0.301	0.342	0.268	0.276	0.325	1.886	0.516	0.252	0.181	-17800.949
232	8	1000	981	0.5173	0.344	0.276	0.284	0.328	0.364	0.274	0.274	0.300	0.277	0.305	0.291	0.300	0.298	0.278	1.900	0.445	0.231	0.193	-17833.136
233	8	1000	975	0.5162	0.259	0.306	0.304	0.307	0.289	0.278	0.325	0.324	0.240	0.331	0.287	0.353	0.372	0.270	1.902	0.455	0.246	0.175	-17943.231
234	8	1000	981	0.5125	0.355	0.294	0.239	0.294	0.321	0.272	0.324	0.316	0.355	0.295	0.310	0.287	0.324	0.313	2.050	0.427	0.245	0.184	-17948.309
235	8	1000	980	0.5153	0.290	0.356	0.243	0.272	0.283	0.291	0.295	0.310	0.325	0.318	0.317	0.292	0.306	0.272	2.167	0.436	0.225	0.204	-17780.164
236	8	1000	989	0.5072	0.338	0.260	0.333	0.338	0.310	0.298	0.335	0.301	0.322	0.318	0.341	0.301	0.325	0.294	2.077	0.512	0.277	0.221	-18391.258
237	8	1000	975	0.5097	0.353	0.322	0.323	0.254	0.300	0.295	0.285	0.309	0.289	0.309	0.263	0.335	0.299	0.323	1.944	0.537	0.298	0.175	-17825.747
238	8	1000	972	0.5180	0.289	0.299	0.351	0.275	0.275	0.300	0.280	0.307	0.309	0.302	0.271	0.283	0.347	0.302	1.946	0.465	0.227	0.196	-17873.119
239	8	1000	969	0.5186	0.365	0.337	0.324	0.290	0.294	0.251	0.279	0.283	0.308	0.321	0.310	0.244	0.295	0.312	1.993	0.536	0.273	0.190	-17820.251
240	8	1000	975	0.5151	0.230	0.270	0.313	0.285	0.316	0.263	0.273	0.312	0.307	0.300	0.318	0.281	0.315	0.290	2.064	0.527	0.226	0.210	-17563.899
241	8	1000	966	0.5170	0.282	0.331	0.286	0.338	0.289	0.332	0.289	0.325	0.282	0.339	0.290	0.292	0.286	0.313	2.009	0.538	0.294	0.174	-17902.704
242	8	1000	979	0.5168	0.282	0.360	0.303	0.310	0.269	0.275	0.303	0.291	0.276	0.293	0.321	0.316	0.326	0.272	1.984	0.428	0.214	0.202	-17903.019
243	8	1000	976	0.5107	0.274	0.335	0.271	0.310	0.307	0.320	0.298	0.300	0.293	0.323	0.320	0.348	0.325	0.264	1.969	0.487	0.241	0.200	-18064.455
244	8	1000	980	0.5010	0.307	0.334	0.269	0.280	0.287	0.282	0.329	0.269	0.324	0.266	0.331	0.309	0.296	0.320	1.999	0.547	0.270	0.191	-17819.065
245	8	1000	979	0.5088	0.300	0.227	0.300	0.296	0.286	0.285	0.329	0.272	0.322	0.289	0.294	0.271	0.296	0.300	1.937	0.558	0.260	0.203	-17623.372
246	8	1000	977	0.5018	0.284	0.275	0.324	0.259	0.309	0.309	0.286	0.324	0.296	0.300	0.340	0.339	0.312	0.278	1.996	0.401	0.169	0.188	-17800.603
247	8	1000	981	0.4995	0.271	0.272	0.231	0.315	0.289	0.301	0.298	0.259	0.325	0.316	0.346	0.306	0.291	0.285	1.944	0.499	0.226	0.201	-17702.329
248	8	1000	980	0.5032	0.357	0.305	0.280	0.291	0.287	0.285	0.298	0.276	0.295	0.320	0.309	0.280	0.320	0.291	2.053	0.434	0.203	0.193	-17752.309
249	8	1000	978	0.5191	0.303	0.289	0.313	0.276	0.331	0.348	0.274	0.316	0.323	0.286	0.302	0.298	0.314	0.330	2.029	0.410	0.246	0.196	-18113.395
250	8	1000	980	0.5145	0.290	0.324	0.299	0.278	0.268	0.274	0.324	0.270	0.253	0.276	0.302	0.385	0.316	0.297	1.981	0.561	0.318	0.197	-17842.421
251	8	1000	971	0.5110	0.320	0.318	0.270	0.303	0.298	0.295	0.311	0.285	0.292	0.313	0.293	0.323	0.261	0.306	2.046	0.522	0.257	0.203	-17782.209
252	8	1000	982	0.5176	0.261	0.348	0.314	0.254	0.266	0.294	0.306	0.298	0.293	0.295	0.280	0.265	0.313	0.324	2.056	0.523	0.252	0.198	-17692.951
253	8	1000	988	0.5130	0.327	0.307	0.280	0.346	0.303	0.283	0.329	0.319	0.337	0.313	0.282	0.331	0.302	0.342	1.989	0.340	0.190	0.200	-18317.918
254	8	1000	973	0.5174	0.263	0.339	0.278	0.315	0.253	0.274	0.305	0.304	0.267	0.306	0.287	0.283	0.296	0.279	1.964	0.505	0.253	0.203	-17672.720
255	8	1000	976	0.5142	0.330	0.295	0.300	0.279	0.342	0.309	0.294	0.257	0.305	0.314	0.316	0.301	0.306	0.310	2.045	0.444	0.217	0.204	-18055.164
256	8	1000	984	0.5092	0.341	0.307	0.256	0.356	0.303	0.289	0.305	0.362	0.297	0.321	0.348	0.285	0.353	0.297	1.957	0.495	0.310	0.208	-18352.710
257	8	1000	976	0.5000	0.317	0.300	0.265	0.316	0.302	0.327	0.281	0.337	0.312	0.332	0.302	0.309	0.281	0.311	1.940	0.524	0.283	0.186	-17935.916
258	8	1000	983	0.5225	0.285	0.337	0.272	0.296	0.235	0.328	0.292	0.299	0.307	0.281	0.280	0.312	0.320	0.279	2.108	0.631	0.250	0.210	-17628.615
259	8	1000	976	0.5080	0.267	0.330	0.295	0.329	0.277	0.307	0.252	0.283	0.322	0.285	0.316	0.326	0.356	0.241	1.935	0.454	0.203	0.198	-17824.670
260	8	1000	982	0.5140	0.297	0.278	0.287	0.285	0.315	0.291	0.270	0.291	0.310	0.321	0.256	0.297	0.286	0.287	1.754	0.594	0.319	0.187	-17639.525
261	8	1000	979	0.5073	0.335	0.271	0.253	0.308	0.333	0.298	0.278	0.278	0.259	0.297	0.319	0.314	0.302	0.277	2.013	0.487	0.233	0.187	-17543.096
262	8	1000	983	0.5150	0.287	0.311	0.330	0.291	0.310	0.331	0.276	0.245	0.303	0.357	0.337	0.290	0.307	0.274	2.004	0.402	0.194	0.223	-18150.842
263	8	1000	981	0.5045	0.298	0.294	0.308	0.273	0.284	0.298	0.357	0.285	0.334	0.292	0.307	0.283	0.291	0.259	2.023	0.576	0.317	0.193	-17772.007
264	8	1000	973	0.5198	0.344	0.285	0.316	0.248	0.301	0.275	0.244	0.260	0.305	0.325	0.277	0.301	0.298	0.328	2.018	0.483	0.256	0.206	-17719.198
265	8	1000	977	0.5192	0.303	0.306	0.273	0.315	0.262	0.276	0.314	0.321	0.271	0.263	0.297	0.303	0.287	0.272	2.043	0.434	0.204	0.217	-17671.227
266	8	1000	978	0.5135	0.288	0.257	0.339	0.278	0.251	0.300	0.314	0.223	0.285	0.257	0.314	0.283	0.283	0.267	1.937	0.539	0.219	0.227	-17558.582
267	8	1000	980	0.5081	0.263	0.311	0.280	0.288	0.321	0.306	0.293	0.328	0.267	0.315	0.281	0.332	0.292	0.294	1.899	0.561	0.245	0.220	-17837.705
268	8	1000	982	0.5160	0.341	0.290	0.280	0.322	0.243	0.359	0.347	0.308	0.310	0.300	0.311	0.284	0.267	0.279	1.961	0.332	0.199	0.207	-18090.377
269	8	1000	979	0.5097	0.262	0.303	0.272	0.319	0.293	0.310	0.333	0.300	0.294	0.264	0.295	0.305	0.328	0.308	2.047	0.536	0.240	0.204	-17809.093
270	8	1000	977	0.5090	0.270	0.288	0.275	0.294	0.338	0.293	0.320	0.253	0.294	0.292	0.318	0.307	0.294	0.310	1.911	0.368	0.187	0.193	-17813.273
271	8	1000	973	0.5246	0.284	0.297	0.293	0.279	0.272	0.318	0.306	0.299	0.281	0.329	0.360	0.303	0.292	0.343	1.998	0.578	0.310	0.214	-18087.269
272	8	1000	970	0.5080	0.320	0.318	0.277	0.331	0.282	0.295	0.285	0.333	0.265	0.277	0.276	0.278	0.262	0.309	2.164	0.498	0.211	0.190	-17425.074
273	8	1000	971	0.5048	0.303	0.344	0.324	0.287	0.312	0.282	0.280	0.328	0.307	0.286	0.323	0.342	0.339	0.316	2.000	0.506	0.285	0.204	-18140.114
274	8	1000	971	0.5220	0.270	0.275	0.289	0.296	0.342	0.293	0.296	0.299	0.358	0.282	0.285	0.317	0.348	0.273	2.077	0.459	0.264	0.188	-17910.854
275	8	1000	984	0.5251	0.322	0.332	0.264	0.270	0.279	0.315	0.256	0.282	0.256	0.278	0.332	0.286	0.275	0.323	1.983	0.324	0.158	0.197	-17672.930
276	8	1000	984	0.5005	0.304	0.316	0.297	0.289	0.273	0.245	0.328	0.329	0.312	0.252	0.326	0.281	0.298	0.281	2.132	0.442	0.228	0.192	-17603.628
277	8	1000	977	0.5179	0.272	0.312	0.308	0.303	0.261	0.306	0.288	0.313	0.304	0.292	0.303	0.329	0.297	0.328	2.083	0.401	0.303	0.190	-18111.176
278	8	1000	982	0.5227	0.363	0.313	0.279	0.296	0.310	0.304	0.287	0.288	0.367	0.290	0.312	0.276	0.331	0.298	1.963	0.319	0.158	0.209	-18211.014
279	8	1000	980	0.5062	0.287	0.297	0.285	0.314	0.281	0.262	0.284	0.339	0.323	0.272	0.303	0.321	0.314	0.271	2.020	0.497	0.209	0.196	-17573.579
280	8	1000	979	0.5132	0.285	0.324	0.326	0.289	0.296	0.285	0.293	0.275	0.352	0.330	0.276	0.212	0.326	0.311	1.865	0.578	0.268	0.202	-17882.138
281	8	1000	984	0.5241	0.284	0.286	0.253	0.270	0.306	0.346	0.318	0.340	0.287	0.308	0.320	0.332	0.276	0.270	1.963	0.487	0.234	0.198	-17844.605
282	8	1000	981	0.5157	0.330	0.295	0.301	0.303	0.285	0.319	0.319	0.333	0.349	0.329	0.285	0.300	0.323	0.321	2.031	0.460	0.234	0.194	-18225.838
283	8	1000	979	0.5270	0.301	0.265	0.253	0.293	0.328	0.306	0.318	0.331	0.358	0.301	0.272	0.299	0.311	0.304	2.013	0.414	0.228	0.207	-18024.625
284	8	1000	978	0.5140	0.323	0.316	0.294	0.269	0.308	0.299	0.285	0.359	0.299	0.277	0.307	0.307	0.256	0.293	1.955	0.427	0.219	0.174	-17694.236
285	8	1000	982	0.5145	0.291	0.290	0.294	0.326	0.306	0.328	0.289	0.266	0.278	0.290	0.268	0.290	0.299	0.274	2.097	0.464	0.239	0.199	-17722.677
286	8	1000	981	0.5077	0.272	0.282	0.282	0.352	0.307	0.274	0.289	0.326	0.297	0.280	0.278	0.302	0.310	0.305	1.903	0.499	0.258	0.209	-17929.204
287	8	1000	974	0.5205	0.283	0.320	0.290	0.273	0.325	0.279	0.335	0.357	0.280	0.279	0.300	0.259	0.345	0.263	2.081	0.469	0.231	0.185	-17685.516
288	8	1000	984	0.5133	0.329	0.286	0.274	0.315	0.306	0.281	0.316	0.281	0.332	0.306	0.297	0.278	0.340	0.270	1.959	0.392	0.211	0.214	-18041.711
289	8	1000	978	0.5044	0.317	0.337	0.289	0.285	0.339	0.291	0.296	0.233	0.285	0.289	0.311	0.240	0.293	0.271	1.891	0.448	0.217	0.198	-17608.142
290	8	1000	978	0.5185	0.288	0.311	0.288	0.320	0.297	0.282	0.302	0.296	0.324	0.281	0.310	0.341	0.309	0.354	2.002	0.370	0.150	0.217	-18107.443
291	8	1000	971	0.5130	0.271	0.344	0.216	0.299	0.284	0.319	0.267	0.346	0.297	0.280	0.327	0.310	0.266	0.297	1.881	0.363	0.175	0.183	-17580.723
292	8	1000	979	0.5123	0.332	0.325	0.277	0.293	0.350	0.275	0.290	0.250	0.356	0.272	0.349	0.290	0.292	0.332	1.944	0.477	0.258	0.209	-18117.395
293	8	1000	968	0.4999	0.292	0.259	0.299	0.280	0.284	0.313	0.283	0.312	0.294	0.268	0.280	0.331	0.272	0.271	1.994	0.592	0.241	0.223	-17506.527
294	8	1000	977	0.5158	0.298	0.313	0.298	0.308	0.287	0.294	0.299	0.318	0.326	0.310	0.320	0.323	0.307	0.257	2.100	0.419	0.224	0.190	-17938.193
295	8	1000	973	0.5105	0.253	0.309	0.281	0.306	0.257	0.300	0.327	0.290	0.304	0.250	0.323	0.303	0.319	0.271	2.085	0.406	0.238	0.177	-17650.436
296	8	1000	982	0.5128	0.315	0.284	0.277	0.271	0.308	0.319	0.267	0.295	0.287	0.275	0.314	0.288	0.278	0.277	2.114	0.456	0.174	0.213	-17490.247
297	8	1000	985	0.5239	0.318	0.354	0.251	0.310	0.252	0.317	0.325	0.301	0.301	0.271	0.296	0.267	0.296	0.280	2.069	0.405	0.209	0.197	-17710.924
298	8	1000	977	0.5077	0.268	0.301	0.293	0.270	0.290	0.306	0.311	0.321	0.273	0.302	0.288	0.367	0.268	0.358	1.993	0.478	0.229	0.191	-17820.544
299	8	1000	977	0.4957	0.283	0.357	0.244	0.328	0.263	0.299	0.345	0.326	0.338	0.252	0.335	0.304	0.290	0.293	2.020	0.367	0.177	0.205	-17893.262
300	8	1000	983	0.5206	0.331	0.363	0.310	0.296	0.296	0.324	0.297	0.300	0.300	0.307	0.316	0.321	0.317	0.286	1.970	0.494	0.258	0.190	-18154.193
301	8	1000	975	0.5226	0.335	0.364	0.307	0.269	0.293	0.385	0.290	0.286	0.331	0.318	0.298	0.303	0.283	0.325	2.103	0.495	0.293	0.186	-18199.017
302	8	1000	975	0.5194	0.282	0.314	0.264	0.312	0.349	0.317	0.306	0.328	0.320	0.280	0.280	0.256	0.293	0.302	2.090	0.422	0.195	0.202	-17795.978
303	8	1000	980	0.5143	0.292	0.317	0.224	0.320	0.238	0.290	0.304	0.275	0.291	0.300	0.300	0.294	0.269	0.274	1.967	0.482	0.218	0.193	-17431.768
304	8	1000	976	0.5149	0.366	0.350	0.277	0.308	0.289	0.345	0.299	0.294	0.303	0.313	0.320	0.255	0.295	0.300	2.014	0.464	0.219	0.172	-17887.031
305	8	1000	989	0.5138	0.291	0.262	0.312	0.321	0.313	0.306	0.291	0.353	0.307	0.290	0.308	0.298	0.289	0.326	1.909	0.376	0.180	0.218	-18092.443
306	8	1000	980	0.5105	0.294	0.374	0.264	0.298	0.317	0.324	0.310	0.372	0.307	0.339	0.290	0.285	0.329	0.303	1.903	0.436	0.231	0.185	-18174.664
307	8	1000	977	0.5110	0.295	0.322	0.336	0.286	0.279	0.312	0.245	0.274	0.316	0.320	0.315	0.286	0.293	0.319	1.967	0.489	0.245	0.195	-17890.211
308	8	1000	971	0.5100	0.322	0.301	0.300	0.292	0.245	0.280	0.303	0.385	0.325	0.293	0.311	0.248	0.288	0.315	2.119	0.345	0.210	0.187	-17786.927
309	8	1000	979	0.5221	0.300	0.272	0.330	0.270	0.302	0.264	0.351	0.316	0.316	0.306	0.291	0.323	0.325	0.282	1.916	0.547	0.264	0.192	-17928.104
310	8	1000	973	0.5042	0.318	0.305	0.305	0.252	0.265	0.306	0.250	0.312	0.252	0.288	0.327	0.317	0.276	0.305	2.094	0.562	0.252	0.215	-17575.220
311	8	1000	976	0.5343	0.304	0.301	0.283	0.285	0.308	0.330	0.311	0.326	0.342	0.299	0.324	0.292	0.266	0.295	1.940	0.361	0.171	0.198	-18011.724
312	8	1000	985	0.5190	0.291	0.316	0.288	0.283	0.258	0.324	0.276	0.308	0.281	0.344	0.307	0.265	0.322	0.344	1.965	0.416	0.236	0.196	-18024.302
313	8	1000	975	0.5213	0.296	0.313	0.254	0.296	0.245	0.277	0.298	0.302	0.349	0.273	0.294	0.298	0.340	0.297	1.951	0.505	0.245	0.187	-17666.904
314	8	1000	978	0.5143	0.295	0.272	0.295	0.254	0.306	0.338	0.270	0.310	0.265	0.281	0.303	0.282	0.315	0.285	2.014	0.506	0.223	0.211	-17581.703
315	8	1000	967	0.5165	0.238	0.289	0.277	0.320	0.338	0.324	0.258	0.276	0.260	0.312	0.272	0.305	0.296	0.310	1.944	0.480	0.236	0.191	-17567.139
316	8	1000	985	0.5148	0.289	0.298	0.307	0.296	0.311	0.267	0.289	0.313	0.319	0.304	0.249	0.265	0.287	0.315	2.097	0.602	0.272	0.196	-17583.063
317	8	1000	977	0.5073	0.302	0.280	0.273	0.309	0.324	0.284	0.340	0.316	0.298	0.309	0.312	0.312	0.304	0.313	1.988	0.566	0.250	0.211	-17941.631
318	8	1000	968	0.5060	0.295	0.299	0.242	0.321	0.251	0.285	0.289	0.304	0.251	0.300	0.299	0.324	0.301	0.258	1.907	0.498	0.230	0.201	-17458.547
319	8	1000	986	0.5136	0.326	0.293	0.317	0.253	0.310	0.303	0.322	0.320	0.336	0.322	0.300	0.271	0.337	0.296	2.046	0.475	0.270	0.202	-18134.618
320	8	1000	973	0.5145	0.290	0.305	0.287	0.304	0.275	0.298	0.303	0.286	0.275	0.342	0.257	0.311	0.326	0.271	1.997	0.516	0.238	0.185	-17603.068
321	8	1000	971	0.5100	0.284	0.295	0.272	0.289	0.297	0.296	0.307	0.308	0.323	0.327	0.317	0.299	0.277	0.257	2.040	0.514	0.276	0.210	-17766.750
322	8	1000	985	0.5152	0.300	0.290	0.284	0.330	0.302	0.295	0.289	0.318	0.329	0.298	0.326	0.293	0.317	0.324	1.989	0.563	0.290	0.213	-18135.766
323	8	1000	974	0.5151	0.240	0.279	0.281	0.338	0.267	0.288	0.317	0.325	0.321	0.286	0.296	0.312	0.279	0.334	2.014	0.412	0.236	0.188	-17762.368
324	8	1000	985	0.5115	0.322	0.259	0.269	0.358	0.293	0.292	0.294	0.294	0.332	0.316	0.320	0.326	0.329	0.299	2.057	0.404	0.173	0.218	-18051.069
325	8	1000	986	0.5119	0.292	0.309	0.299	0.319	0.275	0.314	0.355	0.315	0.317	0.296	0.308	0.322	0.294	0.291	1.903	0.391	0.187	0.206	-18145.501
326	8	1000	977	0.5167	0.297	0.302	0.300	0.357	0.297	0.272	0.305	0.338	0.316	0.303	0.313	0.341	0.299	0.316	2.126	0.384	0.218	0.178	-17974.891
327	8	1000	986	0.5096	0.316	0.350	0.240	0.306	0.318	0.260	0.272	0.311	0.313	0.282	0.331	0.285	0.277	0.277	2.092	0.494	0.209	0.199	-17537.103
328	8	1000	984	0.5133	0.312	0.266	0.252	0.338	0.332	0.273	0.299	0.291	0.303	0.335	0.289	0.302	0.286	0.313	2.101	0.313	0.147	0.207	-17824.051
329	8	1000	981	0.4950	0.323	0.297	0.328	0.282	0.308	0.330	0.322	0.279	0.304	0.311	0.314	0.301	0.324	0.307	1.999	0.555	0.264	0.203	-18046.408
330	8	1000	975	0.5074	0.261	0.350	0.288	0.319	0.289	0.302	0.312	0.325	0.248	0.273	0.303	0.314	0.285	0.281	1.847	0.350	0.169	0.193	-17724.514
331	8	1000	981	0.5101	0.297	0.260	0.308	0.267	0.386	0.331	0.263	0.364	0.289	0.275	0.295	0.330	0.303	0.339	1.999	0.490	0.281	0.200	-18070.063
332	8	1000	985	0.5324	0.322	0.285	0.316	0.298	0.319	0.291	0.319	0.275	0.247	0.326	0.295	0.300	0.273	0.304	2.201	0.527	0.212	0.214	-17759.714
333	8	1000	976	0.5185	0.300	0.264	0.249	0.351	0.301	0.297	0.333	0.318	0.322	0.292	0.324	0.295	0.332	0.281	2.006	0.492	0.274	0.207	-18005.672
334	8	1000	976	0.5205	0.303	0.270	0.253	0.288	0.335	0.283	0.288	0.332	0.296	0.287	0.279	0.277	0.288	0.296	1.827	0.438	0.202	0.185	-17567.500
335	8	1000	977	0.5066	0.295	0.317	0.293	0.300	0.288	0.294	0.283	0.290	0.356	0.325	0.258	0.290	0.323	0.280	1.936	0.502	0.286	0.204	-17949.038
336	8	1000	977	0.5116	0.263	0.244	0.287	0.294	0.327	0.289	0.287	0.320	0.326	0.302	0.312	0.288	0.304	0.312	1.946	0.481	0.216	0.223	-17900.528
337	8	1000	991	0.5201	0.329	0.252	0.307	0.294	0.308	0.300	0.306	0.355	0.270	0.304	0.282	0.304	0.272	0.313	1.998	0.487	0.177	0.211	-17847.730
338	8	1000	973	0.5235	0.241	0.314	0.265	0.333	0.278	0.316	0.291	0.278	0.336	0.262	0.264	0.254	0.277	0.355	2.007	0.539	0.232	0.210	-17590.978
339	8	1000	976	0.5136	0.257	0.287	0.294	0.319	0.280	0.282	0.300	0.317	0.306	0.289	0.251	0.313	0.308	0.282	2.024	0.471	0.228	0.185	-17526.873
340	8	1000	971	0.5142	0.251	0.307	0.289	0.317	0.288	0.321	0.276	0.288	0.286	0.304	0.294	0.291	0.305	0.309	1.912	0.446	0.291	0.172	-17823.329
341	8	1000	977	0.5151	0.271	0.276	0.285	0.292	0.325	0.284	0.270	0.336	0.275	0.315	0.307	0.357	0.314	0.330	2.036	0.401	0.174	0.214	-17934.595
342	8	1000	980	0.5094	0.264	0.312	0.306	0.338	0.276	0.317	0.315	0.243	0.362	0.289	0.338	0.362	0.306	0.292	2.140	0.484	0.251	0.213	-18111.559
343	8	1000	979	0.5126	0.292	0.274	0.297	0.341	0.295	0.312	0.297	0.311	0.292	0.309	0.275	0.304	0.306	0.256	1.872	0.553	0.276	0.205	-17820.391
344	8	1000	978	0.5111	0.240	0.317	0.301	0.333	0.278	0.301	0.307	0.320	0.272	0.353	0.273	0.304	0.312	0.295	2.026	0.387	0.209	0.169	-17814.728
345	8	1000	981	0.5135	0.284	0.344	0.267	0.332	0.318	0.329	0.306	0.251	0.313	0.313	0.354	0.300	0.331	0.314	2.039	0.292	0.162	0.183	-18232.465
346	8	1000	974	0.5197	0.287	0.334	0.285	0.287	0.318	0.288	0.299	0.272	0.250	0.303	0.302	0.326	0.315	0.287	2.007	0.531	0.253	0.213	-17873.449
347	8	1000	981	0.5000	0.285	0.311	0.287	0.288	0.242	0.332	0.301	0.270	0.279	0.345	0.314	0.296	0.250	0.323	2.037	0.528	0.291	0.193	-17711.014
348	8	1000	977	0.5011	0.330	0.327	0.315	0.274	0.363	0.294	0.287	0.317	0.337	0.315	0.322	0.305	0.271	0.315	2.054	0.371	0.224	0.184	-18081.927
349	8	1000	980	0.5192	0.318	0.286	0.290	0.291	0.322	0.327	0.282	0.300	0.285	0.317	0.304	0.367	0.250	0.346	1.940	0.460	0.246	0.193	-17995.933
350	8	1000	978	0.5181	0.298	0.317	0.228	0.289	0.313	0.303	0.346	0.297	0.290	0.323	0.338	0.248	0.268	0.318	2.047	0.388	0.204	0.185	-17708.180
351	8	1000	974	0.5145	0.315	0.325	0.243	0.288	0.318	0.278	0.283	0.312	0.278	0.268	0.324	0.309	0.276	0.307	2.077	0.467	0.205	0.189	-17567.986
352	8	1000	981	0.5045	0.325	0.308	0.297	0.316	0.309	0.314	0.307	0.353	0.295	0.332	0.318	0.329	0.281	0.294	2.004	0.439	0.250	0.204	-18210.086
353	8	1000	977	0.5008	0.270	0.325	0.301	0.298	0.299	0.296	0.322	0.299	0.279	0.290	0.301	0.262	0.269	0.322	1.936	0.532	0.211	0.224	-17783.711
354	8	1000	970	0.5007	0.314	0.328	0.275	0.318	0.222	0.323	0.275	0.360	0.286	0.315	0.290	0.309	0.291	0.322	2.080	0.465	0.243	0.183	-17702.609
355	8	1000	979	0.5161	0.305	0.332	0.311	0.306	0.224	0.294	0.322	0.315	0.294	0.316	0.335	0.299	0.293	0.328	2.008	0.327	0.167	0.201	-18099.382
356	8	1000	988	0.5088	0.308	0.272	0.315	0.311	0.280	0.291	0.333	0.323	0.270	0.299	0.317	0.336	0.272	0.301	2.144	0.499	0.213	0.207	-17864.356
357	8	1000	976	0.5130	0.302	0.317	0.301	0.320	0.272	0.334	0.302	0.280	0.324	0.345	0.295	0.312	0.330	0.323	2.123	0.447	0.232	0.206	-18209.156
358	8	1000	977	0.5152	0.292	0.298	0.301	0.320	0.245	0.269	0.271	0.314	0.296	0.269	0.267	0.297	0.269	0.292	2.002	0.506	0.218	0.202	-17366.569
359	8	1000	972	0.5126	0.300	0.316	0.306	0.295	0.229	0.292	0.314	0.313	0.258	0.299	0.250	0.309	0.321	0.276	1.926	0.474	0.245	0.206	-17718.145
360	8	1000	969	0.5194	0.296	0.318	0.300	0.253	0.285	0.273	0.273	0.334	0.295	0.317	0.277	0.309	0.328	0.273	2.037	0.477	0.260	0.191	-17670.795
361	8	1000	962	0.5102	0.314	0.249	0.226	0.275	0.312	0.304	0.314	0.261	0.279	0.327	0.254	0.345	0.273	0.273	2.126	0.421	0.242	0.168	-17254.938
362	8	1000	979	0.5150	0.260	0.324	0.281	0.302	0.276	0.300	0.279	0.319	0.349	0.309	0.283	0.298	0.278	0.327	1.942	0.466	0.210	0.187	-17726.722
363	8	1000	981	0.5128	0.317	0.328	0.286	0.296	0.244	0.267	0.302	0.334	0.321	0.307	0.322	0.286	0.294	0.311	1.975	0.572	0.275	0.225	-18002.985
364	8	1000	976	0.5153	0.300	0.326	0.286	0.305	0.288	0.300	0.285	0.302	0.317	0.311	0.320	0.313	0.327	0.319	1.914	0.490	0.257	0.196	-18028.107
365	8	1000	987	0.5174	0.255	0.286	0.289	0.298	0.315	0.310	0.319	0.325	0.291	0.278	0.267	0.299	0.307	0.299	1.863	0.541	0.283	0.190	-17814.145
366	8	1000	974	0.5125	0.302	0.241	0.311	0.297	0.346	0.280	0.321	0.299	0.273	0.317	0.346	0.295	0.299	0.298	1.818	0.500	0.279	0.176	-17885.786
367	8	1000	987	0.5137	0.316	0.330	0.310	0.332	0.259	0.311	0.294	0.315	0.292	0.267	0.315	0.329	0.276	0.338	2.095	0.415	0.215	0.202	-17986.072
368	8	1000	970	0.5026	0.294	0.283	0.263	0.303	0.288	0.314	0.309	0.316	0.305	0.358	0.280	0.282	0.277	0.295	2.037	0.407	0.202	0.197	-17744.118
369	8	1000	976	0.5118	0.260	0.288	0.282	0.291	0.304	0.286	0.269	0.267	0.319	0.275	0.348	0.292	0.293	0.295	1.995	0.495	0.277	0.187	-17590.255
370	8	1000	981	0.5142	0.280	0.292	0.287	0.312	0.279	0.276	0.301	0.315	0.256	0.305	0.308	0.326	0.314	0.287	1.851	0.425	0.220	0.182	-17732.568
371	8	1000	970	0.5055	0.348	0.272	0.259	0.320	0.330	0.322	0.327	0.299	0.291	0.301	0.280	0.332	0.264	0.324	2.055	0.350	0.210	0.186	-17977.303
372	8	1000	976	0.5151	0.297	0.295	0.276	0.296	0.302	0.298	0.280	0.297	0.301	0.278	0.307	0.307	0.310	0.297	2.070	0.543	0.260	0.190	-17673.087
373	8	1000	967	0.5100	0.243	0.312	0.270	0.287	0.270	0.275	0.329	0.318	0.332	0.294	0.338	0.287	0.267	0.251	1.941	0.536	0.257	0.195	-17536.310
374	8	1000	973	0.5076	0.249	0.290	0.293	0.314	0.324	0.315	0.272	0.306	0.318	0.265	0.300	0.313	0.275	0.325	2.201	0.527	0.289	0.189	-17758.548
375	8	1000	977	0.5170	0.342	0.288	0.320	0.295	0.289	0.313	0.302	0.269	0.329	0.288	0.302	0.333	0.329	0.333	1.890	0.534	0.271	0.203	-18166.576
376	8	1000	975	0.5102	0.302	0.311	0.331	0.314	0.264	0.310	0.303	0.253	0.269	0.270	0.329	0.300	0.283	0.284	1.990	0.484	0.253	0.197	-17743.410
377	8	1000	968	0.5136	0.324	0.333	0.225	0.291	0.270	0.326	0.331	0.284	0.310	0.293	0.294	0.324	0.279	0.324	1.937	0.469	0.228	0.208	-17835.359
378	8	1000	978	0.5119	0.297	0.308	0.288	0.304	0.262	0.293	0.308	0.324	0.267	0.307	0.273	0.290	0.324	0.277	2.097	0.428	0.257	0.176	-17729.809
379	8	1000	969	0.5125	0.267	0.263	0.282	0.291	0.301	0.292	0.327	0.304	0.265	0.260	0.280	0.312	0.240	0.310	1.970	0.445	0.199	0.200	-17439.975
380	8	1000	975	0.5035	0.321	0.334	0.326	0.286	0.315	0.287	0.296	0.323	0.283	0.338	0.299	0.287	0.336	0.344	1.985	0.340	0.200	0.200	-18258.629
381	8	1000	976	0.5165	0.269	0.254	0.265	0.344	0.329	0.326	0.343	0.339	0.322	0.321	0.323	0.267	0.342	0.270	1.862	0.419	0.223	0.199	-18197.889
382	8	1000	984	0.5222	0.354	0.307	0.321	0.298	0.281	0.302	0.307	0.314	0.274	0.341	0.336	0.276	0.325	0.353	2.025	0.446	0.206	0.197	-18144.511
383	8	1000	976	0.5132	0.315	0.260	0.283	0.278	0.304	0.311	0.275	0.281	0.279	0.286	0.305	0.326	0.290	0.304	1.903	0.538	0.237	0.200	-17640.950
384	8	1000	985	0.5026	0.331	0.347	0.347	0.260	0.256	0.288	0.305	0.349	0.284	0.301	0.324	0.251	0.329	0.316	2.050	0.412	0.216	0.204	-18048.471
385	8	1000	980	0.5057	0.315	0.304	0.267	0.302	0.268	0.272	0.318	0.343	0.300	0.301	0.296	0.277	0.294	0.311	2.075	0.407	0.208	0.197	-17768.864
386	8	1000	975	0.5102	0.314	0.274	0.303	0.305	0.286	0.282	0.252	0.359	0.286	0.336	0.272	0.311	0.295	0.294	2.125	0.503	0.219	0.200	-17584.564
387	8	1000	964	0.5118	0.282	0.288	0.316	0.317	0.318	0.301	0.253	0.264	0.291	0.337	0.266	0.327	0.308	0.273	1.855	0.531	0.295	0.189	-17825.579
388	8	1000	974	0.5160	0.290	0.268	0.335	0.286	0.276	0.276	0.275	0.287	0.257	0.274	0.303	0.266	0.296	0.321	2.060	0.454	0.211	0.198	-17460.859
389	8	1000	982	0.5078	0.274	0.285	0.260	0.310	0.263	0.276	0.314	0.306	0.293	0.333	0.340	0.323	0.289	0.321	2.203	0.435	0.242	0.211	-17907.908
390	8	1000	980	0.5194	0.266	0.287	0.301	0.277	0.302	0.287	0.313	0.281	0.294	0.304	0.293	0.285	0.326	0.302	2.175	0.566	0.287	0.201	-17687.555
391	8	1000	981	0.5022	0.259	0.292	0.282	0.267	0.307	0.346	0.260	0.273	0.327	0.265	0.299	0.280	0.305	0.332	1.931	0.424	0.189	0.189	-17603.733
392	8	1000	978	0.5100	0.313	0.328	0.286	0.319	0.283	0.292	0.322	0.287	0.313	0.302	0.308	0.319	0.312	0.310	2.089	0.436	0.204	0.204	-17951.026
393	8	1000	974	0.5121	0.320	0.310	0.266	0.303	0.267	0.312	0.292	0.308	0.283	0.280	0.327	0.276	0.279	0.346	1.895	0.468	0.181	0.211	-17782.826
394	8	1000	981	0.5126	0.300	0.285	0.301	0.289	0.338	0.283	0.372	0.274	0.287	0.320	0.324	0.271	0.309	0.320	1.916	0.444	0.257	0.209	-18184.971
395	8	1000	982	0.5064	0.307	0.284	0.275	0.291	0.282	0.283	0.372	0.348	0.293	0.296	0.330	0.271	0.313	0.294	1.859	0.458	0.207	0.195	-17905.556
396	8	1000	976	0.5060	0.310	0.312	0.277	0.247	0.302	0.318	0.288	0.298	0.284	0.293	0.267	0.271	0.287	0.305	1.976	0.513	0.289	0.189	-17572.137
397	8	1000	985	0.5117	0.326	0.320	0.303	0.299	0.252	0.316	0.263	0.286	0.298	0.323	0.293	0.286	0.269	0.301	1.945	0.444	0.227	0.203	-17807.414
398	8	1000	981	0.5133	0.282	0.309	0.279	0.309	0.301	0.350	0.283	0.343	0.256	0.310	0.322	0.319	0.261	0.317	2.169	0.560	0.297	0.201	-17937.581
399	8	1000	969	0.4969	0.296	0.283	0.286	0.294	0.253	0.286	0.315	0.303	0.309	0.302	0.252	0.262	0.301	0.253	1.962	0.302	0.160	0.192	-17511.274
400	8	1000	978	0.5311	0.277	0.241	0.252	0.299	0.293	0.292	0.307	0.318	0.377	0.309	0.283	0.291	0.317	0.307	2.036	0.483	0.243	0.190	-17774.606
401	8	1000	982	0.5042	0.268	0.290	0.339	0.257	0.283	0.321	0.267	0.286	0.263	0.320	0.318	0.313	0.280	0.318	1.994	0.498	0.230	0.209	-17731.406
402	8	1000	973	0.4980	0.273	0.256	0.287	0.275	0.340	0.317	0.284	0.318	0.210	0.294	0.303	0.346	0.274	0.265	1.811	0.491	0.204	0.190	-17412.008
403	8	1000	967	0.5241	0.302	0.346	0.276	0.284	0.270	0.271	0.283	0.269	0.298	0.265	0.295	0.345	0.304	0.287	2.013	0.408	0.193	0.182	-17576.474
404	8	1000	974	0.5087	0.257	0.275	0.289	0.265	0.317	0.283	0.303	0.256	0.277	0.313	0.315	0.328	0.260	0.321	2.004	0.466	0.191	0.205	-17567.625
405	8	1000	974	0.5172	0.354	0.289	0.285	0.317	0.316	0.285	0.319	0.308	0.298	0.289	0.285	0.323	0.293	0.276	1.874	0.593	0.290	0.188	-17851.289
406	8	1000	979	0.5226	0.315	0.279	0.303	0.251	0.323	0.310	0.282	0.264	0.322	0.261	0.305	0.310	0.260	0.297	2.058	0.541	0.257	0.209	-17584.250
407	8	1000	975	0.5166	0.255	0.296	0.273	0.325	0.290	0.290	0.299	0.260	0.295	0.297	0.289	0.280	0.313	0.282	1.925	0.508	0.230	0.195	-17648.586
408	8	1000	982	0.5292	0.315	0.253	0.301	0.302	0.283	0.329	0.291	0.310	0.287	0.346	0.281	0.253	0.331	0.267	1.986	0.475	0.247	0.180	-17775.052
409	8	1000	983	0.5213	0.318	0.248	0.304	0.300	0.312	0.285	0.300	0.341	0.306	0.305	0.290	0.323	0.346	0.275	1.980	0.513	0.246	0.212	-17960.119
410	8	1000	973	0.5110	0.317	0.304	0.285	0.321	0.309	0.290	0.315	0.315	0.357	0.275	0.350	0.300	0.284	0.289	2.055	0.465	0.253	0.193	-18012.250
411	8	1000	982	0.5140	0.348	0.313	0.302	0.278	0.333	0.306	0.287	0.273	0.270	0.282	0.336	0.333	0.294	0.315	1.967	0.452	0.230	0.204	-18029.022
412	8	1000	975	0.5146	0.271	0.253	0.260	0.320	0.288	0.292	0.335	0.310	0.260	0.306	0.314	0.377	0.298	0.316	2.056	0.464	0.241	0.196	-17856.857
413	8	1000	974	0.5202	0.329	0.281	0.327	0.281	0.298	0.277	0.341	0.319	0.268	0.283	0.299	0.324	0.287	0.296	2.128	0.412	0.219	0.183	-17752.995
414	8	1000	979	0.5192	0.357	0.304	0.283	0.281	0.299	0.296	0.316	0.335	0.347	0.322	0.295	0.266	0.313	0.255	2.010	0.509	0.230	0.208	-17902.858
415	8	1000	971	0.4991	0.278	0.336	0.288	0.300	0.282	0.254	0.271	0.324	0.330	0.269	0.332	0.276	0.293	0.340	2.075	0.482	0.237	0.200	-17697.188
416	8	1000	973	0.5131	0.274	0.321	0.297	0.266	0.272	0.280	0.330	0.305	0.295	0.284	0.312	0.311	0.303	0.281	2.002	0.462	0.267	0.187	-17752.519
417	8	1000	970	0.5107	0.297	0.314	0.278	0.281	0.287	0.317	0.294	0.341	0.311	0.289	0.334	0.320	0.287	0.294	1.970	0.433	0.219	0.205	-17924.541
418	8	1000	979	0.5225	0.298	0.302	0.279	0.305	0.318	0.296	0.311	0.305	0.287	0.323	0.303	0.277	0.331	0.292	1.939	0.440	0.235	0.208	-18090.591
419	8	1000	984	0.5029	0.320	0.266	0.285	0.277	0.316	0.327	0.266	0.321	0.340	0.278	0.291	0.300	0.340	0.262	2.134	0.521	0.285	0.195	-17726.204
420	8	1000	974	0.5245	0.253	0.303	0.303	0.317	0.289	0.285	0.285	0.315	0.272	0.284	0.288	0.342	0.269	0.284	2.022	0.463	0.258	0.189	-17676.842
421	8	1000	982	0.5163	0.336	0.296	0.301	0.261	0.340	0.302	0.321	0.289	0.322	0.311	0.292	0.329	0.295	0.308	1.928	0.537	0.303	0.198	-18032.565
422	8	1000	969	0.5094	0.355	0.259	0.291	0.250	0.309	0.292	0.278	0.266	0.282	0.309	0.287	0.320	0.287	0.265	1.848	0.461	0.250	0.186	-17640.112
423	8	1000	975	0.5150	0.303	0.314	0.283	0.316	0.258	0.274	0.319	0.290	0.324	0.288	0.306	0.290	0.318	0.320	1.929	0.592	0.305	0.207	-17887.794
424	8	1000	970	0.5139	0.283	0.284	0.273	0.308	0.312	0.313	0.314	0.285	0.352	0.283	0.340	0.253	0.329	0.311	2.001	0.432	0.278	0.158	-17893.536
425	8	1000	971	0.5152	0.282	0.285	0.255	0.281	0.299	0.268	0.292	0.310	0.311	0.320	0.287	0.277	0.293	0.280	2.008	0.380	0.215	0.188	-17553.721
426	8	1000	989	0.5158	0.333	0.317	0.313	0.257	0.332	0.270	0.321	0.321	0.266	0.316	0.320	0.272	0.308	0.266	2.016	0.544	0.300	0.183	-17844.513
427	8	1000	975	0.5083	0.313	0.346	0.266	0.291	0.266	0.312	0.305	0.271	0.261	0.324	0.318	0.341	0.279	0.272	2.157	0.547	0.287	0.198	-17755.140
428	8	1000	976	0.5110	0.306	0.285	0.345	0.267	0.310	0.285	0.267	0.288	0.294	0.308	0.295	0.221	0.266	0.309	2.003	0.520	0.259	0.197	-17545.552
429	8	1000	984	0.5175	0.279	0.294	0.295	0.266	0.312	0.328	0.256	0.335	0.300	0.298	0.302	0.323	0.335	0.258	1.989	0.498	0.215	0.193	-17715.124
430	8	1000	978	0.5069	0.340	0.329	0.235	0.287	0.244	0.287	0.313	0.314	0.224	0.307	0.280	0.385	0.322	0.281	2.080	0.379	0.185	0.169	-17428.307
431	8	1000	978	0.5212	0.279	0.324	0.299	0.329	0.310	0.299	0.346	0.280	0.298	0.315	0.305	0.285	0.303	0.271	2.054	0.304	0.168	0.212	-18119.191
432	8	1000	974	0.5067	0.307	0.296	0.307	0.273	0.236	0.324	0.319	0.331	0.291	0.301	0.304	0.351	0.329	0.307	1.848	0.481	0.257	0.214	-18113.367
433	8	1000	977	0.5142	0.314	0.285	0.304	0.301	0.313	0.281	0.289	0.299	0.263	0.288	0.329	0.288	0.305	0.306	2.034	0.507	0.272	0.181	-17753.869
434	8	1000	970	0.5231	0.288	0.340	0.248	0.312	0.297	0.255	0.300	0.268	0.342	0.262	0.325	0.297	0.275	0.301	2.181	0.419	0.221	0.186	-17644.970
435	8	1000	981	0.5124	0.303	0.288	0.251	0.290	0.288	0.294	0.315	0.297	0.329	0.285	0.284	0.336	0.315	0.302	2.013	0.497	0.268	0.200	-17814.867
436	8	1000	980	0.5094	0.321	0.321	0.279	0.315	0.241	0.270	0.352	0.298	0.284	0.291	0.306	0.294	0.257	0.305	1.960	0.498	0.258	0.210	-17813.685
437	8	1000	984	0.5170	0.357	0.285	0.299	0.272	0.335	0.294	0.300	0.282	0.293	0.291	0.291	0.294	0.281	0.328	2.068	0.341	0.169	0.190	-17810.450
438	8	1000	971	0.5161	0.296	0.258	0.294	0.293	0.320	0.308	0.302	0.316	0.253	0.253	0.356	0.343	0.305	0.283	2.004	0.469	0.233	0.187	-17749.217
439	8	1000	983	0.5173	0.314	0.261	0.278	0.267	0.335	0.298	0.332	0.290	0.302	0.280	0.298	0.309	0.326	0.306	2.043	0.471	0.214	0.217	-17866.173
440	8	1000	972	0.5191	0.273	0.298	0.316	0.262	0.324	0.284	0.267	0.343	0.326	0.270	0.289	0.267	0.308	0.284	2.076	0.532	0.243	0.187	-17485.673
441	8	1000	979	0.5110	0.357	0.320	0.248	0.275	0.294	0.308	0.317	0.274	0.342	0.289	0.272	0.295	0.335	0.275	1.958	0.403	0.186	0.211	-17877.229
442	8	1000	975	0.5023	0.302	0.270	0.247	0.277	0.286	0.292	0.340	0.301	0.247	0.295	0.340	0.347	0.281	0.308	2.068	0.396	0.243	0.189	-17720.753
443	8	1000	979	0.5070	0.338	0.292	0.287	0.279	0.302	0.304	0.279	0.293	0.297	0.270	0.272	0.289	0.321	0.286	2.011	0.509	0.216	0.218	-17676.874
444	8	1000	985	0.5142	0.256	0.277	0.300	0.292	0.313	0.309	0.309	0.320	0.314	0.298	0.305	0.306	0.308	0.278	1.998	0.408	0.222	0.188	-17912.904
445	8	1000	972	0.5134	0.338	0.330	0.268	0.316	0.302	0.295	0.287	0.310	0.303	0.304	0.289	0.267	0.290	0.302	2.115	0.482	0.281	0.177	-17770.214
446	8	1000	982	0.5036	0.325	0.340	0.267	0.315	0.272	0.308	0.281	0.298	0.285	0.312	0.239	0.305	0.292	0.294	1.938	0.406	0.244	0.179	-17743.678
447	8	1000	981	0.5048	0.264	0.267	0.264	0.315	0.320	0.300	0.289	0.320	0.295	0.301	0.258	0.346	0.335	0.293	1.886	0.427	0.208	0.208	-17909.326
448	8	1000	984	0.5101	0.286	0.274	0.297	0.299	0.282	0.315	0.326	0.311	0.282	0.318	0.293	0.300	0.300	0.268	2.056	0.517	0.286	0.235	-17994.037
449	8	1000	970	0.5066	0.280	0.311	0.296	0.292	0.310	0.261	0.289	0.293	0.361	0.299	0.325	0.272	0.312	0.309	1.903	0.480	0.258	0.199	-17935.167
450	8	1000	981	0.5098	0.311	0.330	0.329	0.317	0.295	0.277	0.311	0.279	0.313	0.294	0.307	0.288	0.280	0.346	2.044	0.509	0.248	0.194	-18015.034
451	8	1000	980	0.5154	0.281	0.286	0.304	0.259	0.297	0.298	0.321	0.318	0.331	0.298	0.287	0.278	0.293	0.322	1.928	0.504	0.279	0.214	-17991.895
452	8	1000	978	0.5102	0.325	0.290	0.306	0.285	0.328	0.284	0.270	0.273	0.319	0.276	0.340	0.307	0.312	0.312	2.010	0.389	0.199	0.217	-18060.531
453	8	1000	982	0.5231	0.271	0.285	0.270	0.333	0.284	0.274	0.324	0.294	0.317	0.320	0.281	0.315	0.315	0.275	2.040	0.527	0.262	0.202	-17813.305
454	8	1000	971	0.5094	0.316	0.299	0.328	0.285	0.303	0.290	0.287	0.262	0.314	0.236	0.278	0.294	0.312	0.287	2.001	0.436	0.213	0.197	-17636.929
455	8	1000	970	0.5047	0.315	0.329	0.277	0.309	0.278	0.269	0.292	0.305	0.313	0.288	0.353	0.303	0.295	0.318	1.927	0.514	0.249	0.188	-17855.374
456	8	1000	972	0.5150	0.269	0.300	0.242	0.267	0.274	0.308	0.276	0.295	0.346	0.257	0.280	0.284	0.287	0.294	2.032	0.356	0.164	0.181	-17307.790
457	8	1000	978	0.5137	0.294	0.255	0.280	0.333	0.309	0.321	0.303	0.328	0.262	0.304	0.316	0.264	0.274	0.316	2.008	0.484	0.233	0.196	-17791.542
458	8	1000	980	0.5019	0.327	0.260	0.261	0.330	0.290	0.308	0.261	0.352	0.274	0.303	0.296	0.285	0.334	0.304	1.887	0.388	0.180	0.199	-17799.784
459	8	1000	979	0.5185	0.315	0.323	0.325	0.314	0.289	0.333	0.249	0.369	0.256	0.332	0.284	0.377	0.283	0.284	2.169	0.537	0.285	0.197	-17947.757
460	8	1000	971	0.5107	0.345	0.325	0.269	0.270	0.288	0.325	0.271	0.286	0.272	0.352	0.334	0.290	0.305	0.296	2.025	0.486	0.291	0.183	-17907.395
461	8	1000	969	0.5220	0.265	0.316	0.310	0.301	0.303	0.286	0.329	0.313	0.286	0.307	0.329	0.334	0.315	0.249	1.993	0.407	0.213	0.185	-17940.793
462	8	1000	977	0.5190	0.252	0.314	0.335	0.317	0.279	0.312	0.304	0.284	0.276	0.310	0.305	0.311	0.284	0.336	1.923	0.542	0.240	0.226	-18064.588
463	8	1000	976	0.5114	0.309	0.282	0.273	0.331	0.271	0.290	0.337	0.244	0.297	0.272	0.316	0.320	0.310	0.309	2.151	0.468	0.281	0.194	-17840.134
464	8	1000	975	0.5116	0.299	0.253	0.280	0.263	0.320	0.303	0.288	0.276	0.283	0.257	0.328	0.298	0.294	0.319	1.910	0.482	0.217	0.190	-17586.671
465	8	1000	981	0.5190	0.268	0.305	0.305	0.305	0.313	0.323	0.261	0.327	0.306	0.319	0.329	0.287	0.294	0.302	1.858	0.441	0.204	0.222	-18081.938
466	8	1000	970	0.5115	0.289	0.302	0.277	0.292	0.342	0.329	0.302	0.289	0.305	0.280	0.308	0.284	0.289	0.281	2.034	0.573	0.303	0.181	-17697.037
467	8	1000	975	0.5008	0.267	0.307	0.282	0.308	0.268	0.263	0.317	0.352	0.332	0.284	0.280	0.301	0.297	0.300	2.006	0.519	0.288	0.183	-17676.895
468	8	1000	976	0.5167	0.289	0.310	0.273	0.271	0.300	0.343	0.315	0.356	0.314	0.300	0.354	0.264	0.328	0.315	1.921	0.501	0.246	0.199	-18108.788
469	8	1000	982	0.4950	0.266	0.302	0.302	0.294	0.304	0.302	0.302	0.300	0.284	0.286	0.348	0.327	0.334	0.302	2.076	0.472	0.246	0.208	-17991.393
470	8	1000	982	0.5115	0.251	0.294	0.320	0.258	0.286	0.279	0.337	0.329	0.314	0.298	0.282	0.327	0.278	0.300	2.061	0.530	0.281	0.206	-17826.657
471	8	1000	970	0.5148	0.291	0.319	0.257	0.271	0.281	0.249	0.346	0.224	0.314	0.289	0.288	0.285	0.275	0.288	2.108	0.524	0.202	0.194	-17272.794
472	8	1000	966	0.5020	0.342	0.290	0.264	0.252	0.323	0.292	0.293	0.273	0.323	0.334	0.298	0.238	0.270	0.268	1.977	0.563	0.280	0.214	-17673.677
473	8	1000	972	0.5168	0.262	0.283	0.242	0.368	0.364	0.296	0.306	0.282	0.346	0.286	0.306	0.341	0.300	0.340	2.017	0.436	0.211	0.187	-18018.933
474	8	1000	978	0.5105	0.327	0.340	0.311	0.309	0.301	0.288	0.321	0.302	0.314	0.322	0.306	0.288	0.286	0.274	1.997	0.418	0.239	0.170	-17892.568
475	8	1000	982	0.5123	0.294	0.332	0.277	0.273	0.280	0.326	0.281	0.288	0.273	0.285	0.257	0.360	0.265	0.315	1.984	0.579	0.273	0.199	-17598.295
476	8	1000	985	0.5161	0.256	0.278	0.296	0.277	0.271	0.304	0.303	0.292	0.343	0.278	0.298	0.283	0.290	0.291	1.949	0.566	0.244	0.197	-17614.139
477	8	1000	979	0.5069	0.365	0.313	0.296	0.319	0.322	0.311	0.337	0.328	0.340	0.295	0.240	0.267	0.317	0.315	2.056	0.383	0.199	0.210	-18151.078
478	8	1000	981	0.5193	0.317	0.327	0.310	0.254	0.247	0.305	0.286	0.335	0.324	0.318	0.318	0.267	0.298	0.287	1.945	0.406	0.169	0.211	-17887.738
479	8	1000	976	0.5125	0.329	0.335	0.318	0.318	0.307	0.285	0.291	0.309	0.324	0.300	0.316	0.235	0.326	0.319	1.964	0.401	0.242	0.193	-18083.556
480	8	1000	984	0.5177	0.307	0.276	0.299	0.281	0.286	0.263	0.312	0.357	0.243	0.290	0.268	0.328	0.295	0.293	1.970	0.418	0.209	0.195	-17684.001
481	8	1000	973	0.5057	0.311	0.302	0.271	0.319	0.291	0.277	0.296	0.306	0.276	0.329	0.293	0.301	0.293	0.306	2.098	0.429	0.218	0.190	-17739.705
482	8	1000	978	0.5188	0.280	0.261	0.283	0.255	0.325	0.285	0.358	0.291	0.307	0.307	0.280	0.257	0.347	0.298	1.911	0.497	0.257	0.192	-17815.806
483	8	1000	971	0.5139	0.275	0.335	0.303	0.291	0.330	0.310	0.319	0.302	0.280	0.326	0.305	0.318	0.270	0.366	1.970	0.422	0.216	0.196	-18104.522
484	8	1000	976	0.5192	0.323	0.283	0.289	0.307	0.289	0.293	0.273	0.312	0.278	0.297	0.276	0.289	0.288	0.282	2.050	0.506	0.274	0.207	-17702.208
485	8	1000	984	0.5169	0.280	0.243	0.286	0.285	0.317	0.309	0.296	0.328	0.268	0.267	0.317	0.288	0.332	0.297	2.132	0.560	0.335	0.201	-17761.213
486	8	1000	976	0.5112	0.295	0.346	0.261	0.285	0.306	0.277	0.340	0.296	0.319	0.289	0.333	0.307	0.317	0.284	1.972	0.458	0.210	0.182	-17827.382
487	8	1000	979	0.5207	0.289	0.315	0.304	0.313	0.330	0.300	0.320	0.244	0.339	0.321	0.299	0.298	0.289	0.321	1.896	0.434	0.222	0.187	-18060.177
488	8	1000	973	0.5101	0.360	0.243	0.258	0.284	0.292	0.347	0.284	0.307	0.313	0.323	0.314	0.271	0.299	0.270	1.945	0.469	0.240	0.214	-17862.686
489	8	1000	975	0.5229	0.313	0.270	0.250	0.315	0.319	0.278	0.322	0.306	0.310	0.332	0.251	0.318	0.305	0.286	1.919	0.426	0.209	0.189	-17705.175
490	8	1000	985	0.5110	0.300	0.305	0.301	0.336	0.284	0.312	0.309	0.251	0.316	0.293	0.290	0.288	0.313	0.319	1.866	0.465	0.221	0.203	-18017.305
491	8	1000	974	0.5193	0.304	0.287	0.246	0.325	0.296	0.332	0.296	0.288	0.335	0.309	0.278	0.256	0.287	0.291	2.036	0.447	0.213	0.204	-17764.222
492	8	1000	983	0.5040	0.306	0.298	0.275	0.338	0.303	0.306	0.326	0.330	0.253	0.312	0.323	0.318	0.297	0.299	1.900	0.473	0.223	0.213	-18120.122
493	8	1000	984	0.5167	0.281	0.318	0.284	0.309	0.284	0.274	0.375	0.324	0.251	0.277	0.322	0.357	0.343	0.274	1.976	0.456	0.273	0.205	-18160.041
494	8	1000	977	0.5092	0.291	0.350	0.282	0.311	0.318	0.362	0.326	0.270	0.295	0.303	0.282	0.306	0.288	0.336	2.022	0.505	0.257	0.202	-18103.329
495	8	1000	973	0.5050	0.288	0.306	0.277	0.305	0.294	0.309	0.312	0.315	0.321	0.333	0.308	0.299	0.314	0.273	2.022	0.546	0.266	0.181	-17770.906
496	8	1000	970	0.5206	0.294	0.307	0.273	0.281	0.261	0.318	0.316	0.292	0.342	0.288	0.299	0.298	0.316	0.311	2.025	0.425	0.218	0.193	-17827.612
497	8	1000	992	0.5159	0.291	0.289	0.304	0.283	0.324	0.334	0.311	0.296	0.336	0.341	0.289	0.194	0.351	0.311	2.004	0.504	0.220	0.217	-18085.248
498	8	1000	975	0.5209	0.355	0.309	0.280	0.290	0.310	0.309	0.298	0.263	0.305	0.290	0.290	0.310	0.299	0.276	2.076	0.479	0.228	0.193	-17784.058
499	8	1000	967	0.5032	0.251	0.289	0.267	0.268	0.292	0.308	0.311	0.314	0.317	0.313	0.285	0.319	0.265	0.308	2.033	0.450	0.226	0.190	-17617.686
500	8	1000	976	0.5055	0.305	0.300	0.312	0.358	0.333	0.260	0.305	0.306	0.284	0.289	0.297	0.277	0.300	0.271	1.915	0.349	0.195	0.183	-17887.474
501	8	1000	981	0.5105	0.315	0.329	0.290	0.272	0.278	0.297	0.322	0.256	0.338	0.316	0.267	0.257	0.280	0.319	1.983	0.499	0.216	0.214	-17877.241
502	8	1000	983	0.5262	0.275	0.291	0.299	0.288	0.272	0.284	0.343	0.350	0.329	0.277	0.294	0.331	0.298	0.312	2.014	0.483	0.250	0.210	-18039.381
503	8	1000	979	0.5077	0.344	0.315	0.302	0.300	0.269	0.294	0.295	0.283	0.297	0.296	0.215	0.285	0.301	0.320	1.981	0.520	0.222	0.208	-17653.171
504	8	1000	968	0.5180	0.277	0.272	0.280	0.311	0.310	0.304	0.293	0.300	0.295	0.287	0.320	0.269	0.307	0.293	1.963	0.368	0.184	0.206	-17797.387
505	8	1000	977	0.5255	0.316	0.307	0.291	0.287	0.278	0.306	0.323	0.341	0.321	0.253	0.311	0.272	0.314	0.294	1.940	0.424	0.187	0.187	-17777.027
506	8	1000	973	0.5062	0.284	0.299	0.294	0.311	0.273	0.348	0.315	0.299	0.300	0.299	0.293	0.274	0.373	0.316	2.020	0.472	0.257	0.198	-18050.779
507	8	1000	962	0.5143	0.281	0.274	0.246	0.301	0.337	0.320	0.336	0.264	0.250	0.256	0.294	0.288	0.278	0.309	1.952	0.500	0.205	0.193	-17449.866
508	8	1000	986	0.5224	0.303	0.325	0.261	0.299	0.313	0.271	0.300	0.309	0.335	0.323	0.293	0.296	0.299	0.286	2.001	0.442	0.258	0.205	-18061.397
509	8	1000	977	0.5161	0.334	0.343	0.317	0.281	0.287	0.322	0.306	0.267	0.351	0.283	0.320	0.279	0.298	0.346	1.875	0.560	0.267	0.212	-18149.809
510	8	1000	977	0.5078	0.298	0.315	0.293	0.277	0.301	0.271	0.328	0.323	0.264	0.329	0.285	0.341	0.283	0.315	2.007	0.496	0.279	0.189	-17811.046
511	8	1000	978	0.5190	0.271	0.349	0.293	0.312	0.289	0.297	0.302	0.344	0.348	0.301	0.274	0.294	0.308	0.338	1.937	0.459	0.255	0.199	-18162.367
512	8	1000	981	0.5054	0.266	0.327	0.318	0.304	0.326	0.312	0.318	0.318	0.328	0.311	0.319	0.291	0.311	0.319	2.070	0.452	0.231	0.191	-18125.985
513	8	1000	981	0.5040	0.339	0.312	0.318	0.315	0.302	0.328	0.264	0.302	0.294	0.301	0.311	0.314	0.342	0.319	1.979	0.475	0.244	0.198	-18250.307
514	8	1000	980	0.5109	0.286	0.317	0.283	0.295	0.326	0.325	0.316	0.343	0.339	0.339	0.245	0.260	0.272	0.292	2.044	0.483	0.211	0.218	-17935.467
515	8	1000	981	0.5123	0.322	0.315	0.293	0.310	0.316	0.306	0.299	0.300	0.327	0.312	0.294	0.281	0.331	0.309	1.904	0.394	0.166	0.207	-18083.765
516	8	1000	978	0.5176	0.317	0.316	0.328	0.262	0.279	0.341	0.329	0.324	0.317	0.305	0.257	0.327	0.337	0.287	1.936	0.457	0.253	0.205	-18158.701
517	8	1000	965	0.5172	0.282	0.317	0.322	0.312	0.298	0.367	0.314	0.329	0.368	0.285	0.290	0.254	0.282	0.329	2.032	0.484	0.230	0.199	-18047.990
518	8	1000	984	0.5124	0.287	0.307	0.299	0.275	0.273	0.283	0.304	0.287	0.336	0.355	0.284	0.288	0.325	0.284	2.045	0.500	0.258	0.192	-17812.145
519	8	1000	978	0.5088	0.339	0.323	0.303	0.234	0.296	0.310	0.283	0.313	0.272	0.254	0.295	0.266	0.327	0.297	1.996	0.469	0.225	0.193	-17597.319
520	8	1000	988	0.5082	0.336	0.311	0.277	0.303	0.316	0.274	0.330	0.295	0.356	0.287	0.302	0.327	0.329	0.295	2.058	0.488	0.241	0.208	-18073.599
521	8	1000	986	0.5198	0.298	0.265	0.323	0.289	0.347	0.318	0.280	0.310	0.329	0.298	0.285	0.267	0.309	0.311	2.027	0.478	0.243	0.199	-17947.088
522	8	1000	980	0.5091	0.300	0.324	0.294	0.277	0.308	0.312	0.280	0.276	0.326	0.316	0.273	0.293	0.298	0.329	1.920	0.525	0.260	0.194	-17876.559
523	8	1000	975	0.5152	0.283	0.256	0.300	0.293	0.357	0.296	0.328	0.255	0.309	0.301	0.288	0.334	0.323	0.252	2.065	0.485	0.238	0.192	-17755.482
524	8	1000	978	0.5160	0.310	0.248	0.319	0.295	0.252	0.324	0.270	0.290	0.329	0.306	0.289	0.282	0.259	0.293	2.030	0.480	0.215	0.202	-17585.658
525	8	1000	971	0.5048	0.257	0.266	0.265	0.253	0.282	0.312	0.282	0.327	0.270	0.328	0.264	0.313	0.269	0.302	1.934	0.538	0.241	0.208	-17456.312
526	8	1000	980	0.5142	0.320	0.321	0.266	0.298	0.276	0.305	0.339	0.317	0.302	0.281	0.341	0.281	0.282	0.315	1.946	0.385	0.171	0.200	-17947.893
527	8	1000	979	0.5211	0.255	0.289	0.312	0.337	0.320	0.292	0.294	0.320	0.310	0.340	0.278	0.290	0.301	0.260	1.956	0.411	0.212	0.223	-18042.484
528	8	1000	978	0.5231	0.296	0.274	0.285	0.300	0.311	0.276	0.295	0.276	0.275	0.276	0.279	0.338	0.259	0.369	2.257	0.539	0.269	0.192	-17563.595
529	8	1000	970	0.5143	0.282	0.320	0.302	0.285	0.297	0.297	0.314	0.289	0.309	0.284	0.294	0.295	0.264	0.302	1.915	0.489	0.305	0.175	-17766.418
530	8	1000	982	0.5112	0.327	0.310	0.270	0.333	0.315	0.310	0.274	0.276	0.274	0.320	0.323	0.286	0.309	0.327	1.948	0.485	0.220	0.203	-18005.136
531	8	1000	975	0.5050	0.266	0.302	0.291	0.274	0.303	0.302	0.277	0.286	0.347	0.282	0.295	0.301	0.327	0.295	2.062	0.523	0.242	0.196	-17635.689
532	8	1000	981	0.5216	0.306	0.319	0.278	0.262	0.282	0.314	0.300	0.305	0.320	0.315	0.338	0.274	0.333	0.334	2.135	0.462	0.218	0.195	-17923.708
533	8	1000	974	0.5072	0.355	0.251	0.267	0.309	0.308	0.324	0.296	0.285	0.310	0.287	0.281	0.283	0.325	0.281	1.898	0.614	0.275	0.207	-17727.343
534	8	1000	974	0.5205	0.305	0.288	0.300	0.328	0.297	0.264	0.284	0.310	0.296	0.285	0.301	0.252	0.302	0.272	2.088	0.437	0.218	0.200	-17590.768
535	8	1000	976	0.5183	0.271	0.264	0.273	0.309	0.302	0.285	0.308	0.298	0.286	0.303	0.314	0.340	0.281	0.288	1.914	0.484	0.228	0.203	-17769.678
536	8	1000	979	0.5010	0.321	0.282	0.290	0.311	0.308	0.294	0.278	0.310	0.306	0.306	0.335	0.300	0.285	0.314	2.002	0.386	0.233	0.205	-18032.291
537	8	1000	978	0.5116	0.289	0.350	0.275	0.315	0.326	0.281	0.307	0.339	0.253	0.341	0.266	0.359	0.270	0.297	1.999	0.456	0.237	0.199	-17892.969
538	8	1000	979	0.5107	0.337	0.351	0.328	0.315	0.288	0.271	0.260	0.289	0.313	0.317	0.284	0.300	0.289	0.295	1.977	0.495	0.251	0.201	-17817.055
539	8	1000	981	0.5052	0.297	0.279	0.288	0.325	0.301	0.323	0.274	0.327	0.310	0.288	0.320	0.350	0.260	0.328	2.080	0.492	0.273	0.187	-17842.922
540	8	1000	974	0.5162	0.333	0.306	0.286	0.306	0.301	0.345	0.276	0.253	0.330	0.271	0.322	0.330	0.273	0.337	2.132	0.437	0.271	0.187	-18046.338
541	8	1000	984	0.5088	0.402	0.293	0.299	0.258	0.309	0.330	0.271	0.164	0.272	0.273	0.298	0.326	0.306	0.303	1.980	0.580	0.239	0.213	-17652.893
542	8	1000	981	0.5118	0.358	0.325	0.297	0.295	0.282	0.316	0.288	0.307	0.362	0.318	0.298	0.220	0.291	0.299	2.062	0.423	0.197	0.203	-17834.282
543	8	1000	977	0.5152	0.223	0.269	0.313	0.313	0.364	0.297	0.268	0.282	0.295	0.325	0.275	0.307	0.318	0.293	2.090	0.558	0.264	0.195	-17725.916
544	8	1000	981	0.5170	0.266	0.343	0.262	0.319	0.293	0.315	0.302	0.336	0.303	0.281	0.305	0.319	0.300	0.275	2.009	0.364	0.180	0.217	-17983.785
545	8	1000	984	0.5138	0.289	0.322	0.324	0.341	0.316	0.297	0.282	0.303	0.312	0.286	0.314	0.336	0.285	0.301	2.065	0.479	0.235	0.200	-18033.596
546	8	1000	978	0.5117	0.302	0.323	0.267	0.343	0.285	0.276	0.294	0.280	0.295	0.333	0.300	0.291	0.285	0.327	1.970	0.439	0.225	0.204	-17913.934
547	8	1000	975	0.5060	0.314	0.255	0.292	0.323	0.316	0.302	0.290	0.281	0.258	0.303	0.332	0.300	0.312	0.264	1.824	0.484	0.252	0.194	-17810.149
548	8	1000	980	0.5158	0.277	0.349	0.276	0.302	0.223	0.283	0.302	0.302	0.368	0.290	0.292	0.265	0.332	0.305	1.940	0.448	0.210	0.194	-17804.490
549	8	1000	974	0.5169	0.314	0.304	0.282	0.299	0.269	0.321	0.273	0.277	0.406	0.288	0.308	0.307	0.330	0.262	2.007	0.540	0.297	0.187	-17936.520
550	8	1000	971	0.5105	0.379	0.336	0.270	0.264	0.245	0.294	0.306	0.288	0.287	0.295	0.313	0.300	0.301	0.287	1.821	0.440	0.241	0.181	-17779.780
551	8	1000	978	0.5128	0.281	0.306	0.279	0.342	0.355	0.291	0.279	0.296	0.312	0.319	0.291	0.332	0.271	0.336	1.941	0.511	0.267	0.207	-18073.688
552	8	1000	973	0.5043	0.317	0.354	0.296	0.335	0.284	0.329	0.302	0.266	0.278	0.287	0.330	0.345	0.322	0.295	2.128	0.484	0.237	0.196	-18036.330
553	8	1000	975	0.5059	0.292	0.283	0.288	0.344	0.286	0.281	0.327	0.306	0.318	0.273	0.277	0.334	0.292	0.301	2.025	0.408	0.195	0.197	-17840.990
554	8	1000	983	0.5150	0.276	0.320	0.332	0.292	0.381	0.292	0.312	0.330	0.297	0.348	0.288	0.311	0.334	0.315	1.976	0.505	0.313	0.197	-18306.107
555	8	1000	980	0.5133	0.285	0.312	0.291	0.286	0.300	0.284	0.320	0.296	0.302	0.299	0.296	0.285	0.335	0.288	2.034	0.426	0.213	0.192	-17836.532
556	8	1000	979	0.5210	0.298	0.300	0.326	0.345	0.306	0.305	0.321	0.248	0.286	0.308	0.294	0.294	0.301	0.274	1.869	0.439	0.221	0.182	-17906.474
557	8	1000	977	0.5076	0.293	0.308	0.268	0.328	0.278	0.326	0.299	0.366	0.320	0.342	0.316	0.265	0.296	0.300	1.955	0.499	0.246	0.214	-18071.904
558	8	1000	976	0.5004	0.271	0.320	0.280	0.290	0.312	0.321	0.269	0.287	0.315	0.287	0.279	0.281	0.300	0.317	2.045	0.437	0.218	0.208	-17827.498
559	8	1000	991	0.5210	0.379	0.287	0.267	0.317	0.303	0.312	0.321	0.287	0.332	0.300	0.349	0.323	0.300	0.294	1.994	0.462	0.249	0.202	-18208.502
560	8	1000	974	0.5137	0.273	0.282	0.282	0.270	0.333	0.300	0.321	0.279	0.313	0.264	0.309	0.296	0.300	0.283	2.097	0.255	0.136	0.200	-17688.223
561	8	1000	987	0.5184	0.315	0.298	0.310	0.326	0.323	0.313	0.266	0.286	0.355	0.324	0.295	0.301	0.318	0.279	2.120	0.473	0.207	0.205	-18005.323
562	8	1000	983	0.5160	0.273	0.325	0.296	0.327	0.258	0.288	0.328	0.288	0.306	0.272	0.281	0.316	0.304	0.256	1.938	0.505	0.299	0.179	-17741.826
563	8	1000	984	0.5205	0.326	0.320	0.243	0.314	0.324	0.303	0.285	0.339	0.308	0.306	0.277	0.294	0.325	0.309	1.973	0.437	0.249	0.183	-17968.396
564	8	1000	980	0.5183	0.307	0.299	0.293	0.274	0.331	0.294	0.256	0.285	0.260	0.345	0.290	0.315	0.330	0.272	1.937	0.601	0.234	0.201	-17716.107
565	8	1000	982	0.5081	0.333	0.284	0.315	0.307	0.321	0.293	0.299	0.333	0.268	0.303	0.319	0.340	0.273	0.304	1.997	0.490	0.235	0.194	-17932.209
566	8	1000	976	0.5081	0.326	0.299	0.258	0.268	0.330	0.311	0.278	0.235	0.292	0.348	0.331	0.287	0.280	0.308	2.090	0.505	0.244	0.196	-17620.349
567	8	1000	967	0.5119	0.266	0.265	0.286	0.301	0.328	0.281	0.255	0.259	0.284	0.287	0.313	0.324	0.294	0.322	2.004	0.484	0.255	0.207	-17734.976
568	8	1000	975	0.5134	0.322	0.290	0.334	0.286	0.332	0.254	0.302	0.283	0.281	0.307	0.302	0.285	0.349	0.276	2.015	0.548	0.270	0.193	-17827.637
569	8	1000	973	0.5124	0.296	0.288	0.247	0.278	0.306	0.304	0.301	0.324	0.301	0.293	0.317	0.263	0.316	0.289	1.883	0.543	0.284	0.210	-17843.561
570	8	1000	978	0.5124	0.296	0.263	0.276	0.333	0.303	0.285	0.307	0.356	0.300	0.317	0.346	0.276	0.233	0.301	1.871	0.444	0.272	0.193	-17936.585
571	8	1000	975	0.5316	0.291	0.279	0.304	0.279	0.301	0.278	0.325	0.305	0.309	0.288	0.291	0.295	0.310	0.278	2.012	0.439	0.203	0.204	-17730.208
572	8	1000	977	0.5167	0.299	0.304	0.251	0.324	0.292	0.316	0.301	0.318	0.332	0.267	0.293	0.280	0.297	0.296	1.945	0.622	0.301	0.198	-17770.714
573	8	1000	979	0.5131	0.290	0.322	0.258	0.297	0.340	0.355	0.242	0.257	0.308	0.339	0.290	0.322	0.291	0.300	2.043	0.464	0.233	0.193	-17768.438
574	8	1000	982	0.5030	0.283	0.284	0.285	0.312	0.322	0.266	0.300	0.275	0.236	0.293	0.305	0.297	0.304	0.314	1.992	0.469	0.229	0.186	-17650.078
575	8	1000	980	0.5097	0.364	0.279	0.261	0.309	0.306	0.308	0.333	0.294	0.256	0.321	0.317	0.276	0.284	0.296	1.911	0.471	0.249	0.204	-17915.322
576	8	1000	975	0.5051	0.283	0.287	0.258	0.302	0.329	0.307	0.299	0.321	0.243	0.296	0.285	0.334	0.325	0.314	2.035	0.507	0.259	0.187	-17649.656
577	8	1000	975	0.5223	0.307	0.345	0.264	0.330	0.296	0.242	0.308	0.365	0.338	0.293	0.304	0.337	0.291	0.307	2.091	0.418	0.240	0.182	-18012.125
578	8	1000	980	0.5170	0.351	0.253	0.297	0.287	0.310	0.314	0.320	0.336	0.253	0.327	0.296	0.339	0.291	0.333	2.056	0.539	0.294	0.189	-17919.792
579	8	1000	975	0.5152	0.290	0.314	0.292	0.282	0.266	0.305	0.290	0.326	0.341	0.299	0.297	0.277	0.252	0.284	2.130	0.558	0.275	0.193	-17604.050
580	8	1000	978	0.5086	0.356	0.291	0.253	0.332	0.282	0.312	0.279	0.311	0.294	0.295	0.304	0.294	0.312	0.329	1.920	0.436	0.226	0.207	-18006.736
581	8	1000	983	0.5189	0.338	0.344	0.280	0.296	0.262	0.318	0.285	0.292	0.271	0.343	0.268	0.385	0.297	0.283	2.000	0.367	0.190	0.203	-18012.991
582	8	1000	974	0.5149	0.312	0.380	0.256	0.275	0.267	0.311	0.273	0.253	0.285	0.285	0.338	0.284	0.296	0.289	1.854	0.505	0.267	0.203	-17792.626
583	8	1000	982	0.5057	0.352	0.316	0.299	0.299	0.249	0.279	0.300	0.265	0.286	0.356	0.327	0.313	0.311	0.273	2.108	0.500	0.233	0.210	-17857.439
584	8	1000	986	0.5267	0.302	0.270	0.275	0.288	0.283	0.319	0.286	0.301	0.291	0.347	0.322	0.328	0.321	0.266	2.014	0.523	0.287	0.203	-17940.920
585	8	1000	983	0.5228	0.336	0.335	0.310	0.278	0.254	0.292	0.304	0.279	0.347	0.323	0.276	0.246	0.284	0.333	2.005	0.498	0.225	0.195	-17852.576
586	8	1000	988	0.5206	0.302	0.348	0.326	0.283	0.282	0.305	0.285	0.287	0.312	0.243	0.321	0.324	0.288	0.291	2.041	0.423	0.195	0.208	-17899.527
587	8	1000	980	0.5170	0.309	0.308	0.321	0.283	0.313	0.318	0.327	0.271	0.301	0.309	0.258	0.291	0.297	0.332	1.951	0.462	0.248	0.192	-18004.596
588	8	1000	977	0.5314	0.276	0.292	0.278	0.288	0.239	0.290	0.302	0.248	0.285	0.328	0.309	0.282	0.284	0.336	2.034	0.425	0.194	0.192	-17636.056
589	8	1000	981	0.5072	0.332	0.340	0.302	0.277	0.319	0.271	0.298	0.248	0.338	0.313	0.296	0.272	0.266	0.289	1.899	0.545	0.251	0.198	-17715.314
590	8	1000	976	0.5112	0.297	0.299	0.290	0.268	0.312	0.280	0.264	0.303	0.278	0.312	0.266	0.283	0.310	0.282	1.956	0.479	0.210	0.202	-17508.171
591	8	1000	979	0.5036	0.288	0.297	0.314	0.296	0.285	0.280	0.293	0.271	0.347	0.319	0.310	0.310	0.291	0.325	1.993	0.536	0.275	0.205	-17947.247
592	8	1000	979	0.5172	0.330	0.266	0.265	0.292	0.366	0.322	0.262	0.288	0.288	0.281	0.310	0.280	0.345	0.276	2.037	0.527	0.248	0.206	-17770.923
593	8	1000	974	0.5208	0.380	0.256	0.268	0.283	0.279	0.259	0.259	0.299	0.306	0.314	0.256	0.310	0.341	0.285	1.982	0.580	0.346	0.195	-17701.182
594	8	1000	977	0.5022	0.313	0.305	0.285	0.260	0.286	0.346	0.329	0.352	0.287	0.300	0.286	0.303	0.306	0.301	2.072	0.566	0.269	0.214	-17928.601
595	8	1000	979	0.5180	0.289	0.280	0.260	0.323	0.330	0.286	0.337	0.263	0.276	0.345	0.273	0.303	0.302	0.318	2.084	0.439	0.225	0.209	-17914.286
596	8	1000	978	0.5050	0.297	0.306	0.316	0.338	0.233	0.321	0.296	0.245	0.315	0.346	0.260	0.365	0.262	0.309	2.011	0.430	0.246	0.194	-17986.229
597	8	1000	974	0.5049	0.257	0.260	0.326	0.256	0.284	0.323	0.309	0.327	0.285	0.295	0.324	0.300	0.283	0.328	1.938	0.510	0.274	0.182	-17800.482
598	8	1000	982	0.5210	0.298	0.284	0.282	0.314	0.286	0.328	0.311	0.268	0.312	0.325	0.275	0.282	0.300	0.336	2.005	0.433	0.196	0.203	-17878.392
599	8	1000	979	0.5118	0.345	0.306	0.292	0.289	0.337	0.280	0.298	0.353	0.276	0.299	0.361	0.355	0.286	0.267	2.063	0.480	0.251	0.228	-18208.989
600	8	1000	983	0.5104	0.370	0.268	0.279	0.293	0.329	0.308	0.303	0.338	0.321	0.296	0.308	0.269	0.289	0.315	2.070	0.404	0.237	0.206	-18102.546
601	8	1000	982	0.5174	0.292	0.278	0.314	0.309	0.272	0.291	0.303	0.303	0.250	0.300	0.307	0.305	0.276	0.317	2.044	0.381	0.200	0.196	-17776.398
602	8	1000	979	0.5158	0.261	0.242	0.257	0.269	0.311	0.315	0.287	0.322	0.299	0.328	0.313	0.268	0.297	0.292	2.059	0.415	0.208	0.204	-17653.563
603	8	1000	982	0.5214	0.257	0.323	0.250	0.342	0.279	0.331	0.280	0.336	0.311	0.329	0.273	0.314	0.313	0.317	1.976	0.492	0.245	0.196	-18044.163
604	8	1000	981	0.5213	0.308	0.292	0.314	0.287	0.350	0.291	0.335	0.343	0.342	0.294	0.315	0.270	0.320	0.302	2.148	0.486	0.261	0.196	-18164.208
605	8	1000	980	0.5121	0.351	0.308	0.275	0.309	0.343	0.317	0.304	0.311	0.248	0.302	0.302	0.309	0.306	0.278	1.908	0.419	0.212	0.196	-17937.257
606	8	1000	985	0.5170	0.334	0.295	0.256	0.316	0.303	0.316	0.268	0.331	0.315	0.336	0.293	0.248	0.327	0.297	1.853	0.438	0.245	0.198	-18077.400
607	8	1000	984	0.5194	0.306	0.304	0.292	0.308	0.277	0.295	0.321	0.250	0.371	0.290	0.296	0.285	0.326	0.304	2.059	0.559	0.244	0.212	-17916.080
608	8	1000	975	0.5176	0.337	0.245	0.302	0.273	0.330	0.289	0.338	0.317	0.314	0.309	0.268	0.342	0.283	0.315	1.897	0.576	0.251	0.203	-17931.375
609	8	1000	987	0.5013	0.254	0.308	0.301	0.299	0.300	0.291	0.310	0.286	0.368	0.308	0.276	0.334	0.332	0.330	1.913	0.496	0.261	0.224	-18292.981
610	8	1000	980	0.5102	0.267	0.306	0.307	0.314	0.327	0.323	0.278	0.300	0.326	0.282	0.296	0.307	0.368	0.268	2.054	0.506	0.264	0.195	-17990.976
611	8	1000	966	0.5046	0.244	0.295	0.287	0.242	0.260	0.316	0.283	0.244	0.294	0.271	0.282	0.276	0.303	0.300	2.074	0.535	0.277	0.180	-17252.036
612	8	1000	974	0.5195	0.292	0.276	0.284	0.364	0.324	0.328	0.269	0.296	0.312	0.281	0.302	0.332	0.296	0.260	2.046	0.440	0.251	0.196	-17930.703
613	8	1000	975	0.5065	0.313	0.305	0.278	0.271	0.290	0.307	0.294	0.313	0.288	0.314	0.266	0.271	0.316	0.321	1.969	0.521	0.251	0.197	-17712.551
614	8	1000	970	0.5146	0.348	0.309	0.284	0.274	0.297	0.319	0.284	0.299	0.303	0.273	0.264	0.267	0.315	0.327	1.950	0.512	0.233	0.214	-17787.094
615	8	1000	981	0.5228	0.262	0.317	0.301	0.277	0.302	0.277	0.326	0.330	0.307	0.296	0.302	0.295	0.347	0.285	1.983	0.506	0.238	0.214	-17978.292
616	8	1000	983	0.5101	0.294	0.285	0.298	0.319	0.370	0.350	0.335	0.276	0.311	0.294	0.321	0.280	0.318	0.306	2.051	0.431	0.208	0.191	-18132.736
617	8	1000	969	0.5129	0.295	0.304	0.263	0.323	0.296	0.290	0.313	0.255	0.270	0.307	0.282	0.329	0.343	0.314	2.041	0.442	0.262	0.189	-17869.979
618	8	1000	977	0.5152	0.283	0.307	0.302	0.269	0.294	0.322	0.306	0.292	0.305	0.289	0.283	0.308	0.263	0.315	2.005	0.459	0.226	0.202	-17715.258
619	8	1000	983	0.5182	0.343	0.304	0.270	0.278	0.257	0.292	0.321	0.299	0.284	0.308	0.274	0.316	0.283	0.314	1.986	0.466	0.188	0.220	-17800.400
620	8	1000	983	0.5202	0.269	0.335	0.269	0.295	0.278	0.295	0.318	0.246	0.254	0.275	0.291	0.306	0.297	0.327	2.087	0.476	0.227	0.197	-17671.042
621	8	1000	966	0.5128	0.264	0.285	0.287	0.314	0.321	0.294	0.303	0.347	0.286	0.322	0.275	0.342	0.351	0.279	1.967	0.462	0.221	0.192	-17885.682
622	8	1000	978	0.5164	0.316	0.329	0.283	0.292	0.341	0.365	0.288	0.302	0.333	0.315	0.308	0.266	0.325	0.307	2.042	0.467	0.241	0.185	-18068.107
623	8	1000	982	0.5119	0.352	0.237	0.245	0.303	0.383	0.296	0.302	0.336	0.325	0.312	0.289	0.341	0.324	0.311	2.019	0.510	0.282	0.193	-18019.581
624	8	1000	981	0.5109	0.283	0.306	0.289	0.320	0.297	0.277	0.324	0.292	0.322	0.315	0.307	0.264	0.313	0.335	1.816	0.446	0.228	0.191	-18007.484
625	8	1000	976	0.5211	0.298	0.251	0.317	0.288	0.291	0.295	0.253	0.290	0.240	0.288	0.309	0.294	0.289	0.324	2.058	0.558	0.266	0.203	-17573.585
626	8	1000	988	0.4949	0.324	0.358	0.297	0.273	0.333	0.307	0.299	0.322	0.337	0.317	0.313	0.354	0.314	0.323	2.024	0.429	0.258	0.187	-18318.822
627	8	1000	977	0.5106	0.305	0.271	0.290	0.257	0.307	0.309	0.266	0.304	0.276	0.305	0.271	0.317	0.311	0.308	1.987	0.517	0.218	0.232	-17751.229
628	8	1000	982	0.5137	0.245	0.308	0.246	0.304	0.293	0.357	0.285	0.259	0.335	0.306	0.292	0.250	0.292	0.274	1.960	0.495	0.219	0.211	-17707.312
629	8	1000	982	0.5177	0.278	0.304	0.287	0.323	0.297	0.288	0.291	0.356	0.284	0.288	0.323	0.296	0.309	0.306	1.860	0.411	0.209	0.207	-18039.619
630	8	1000	980	0.5091	0.287	0.309	0.269	0.279	0.257	0.274	0.313	0.302	0.318	0.286	0.329	0.270	0.318	0.289	1.856	0.440	0.170	0.210	-17732.881
631	8	1000	967	0.5058	0.290	0.298	0.290	0.298	0.310	0.371	0.275	0.299	0.316	0.316	0.295	0.270	0.317	0.308	2.076	0.446	0.201	0.192	-17828.685
632	8	1000	971	0.5201	0.246	0.325	0.344	0.270	0.289	0.306	0.273	0.279	0.316	0.310	0.340	0.289	0.310	0.297	2.081	0.555	0.295	0.200	-17906.727
633	8	1000	975	0.5030	0.334	0.291	0.316	0.310	0.288	0.302	0.290	0.305	0.305	0.295	0.298	0.277	0.301	0.325	2.017	0.470	0.258	0.190	-17879.112
634	8	1000	978	0.5236	0.306	0.375	0.273	0.275	0.264	0.286	0.297	0.323	0.305	0.291	0.320	0.277	0.295	0.332	2.182	0.536	0.291	0.181	-17752.266
635	8	1000	975	0.5143	0.286	0.263	0.294	0.309	0.288	0.342	0.301	0.324	0.347	0.294	0.299	0.250	0.315	0.303	2.017	0.463	0.197	0.194	-17816.836
636	8	1000	981	0.5232	0.322	0.324	0.279	0.310	0.263	0.323	0.287	0.317	0.284	0.345	0.268	0.318	0.265	0.291	1.875	0.473	0.257	0.194	-17969.671
637	8	1000	978	0.5102	0.272	0.251	0.275	0.321	0.330	0.333	0.271	0.361	0.262	0.295	0.307	0.331	0.302	0.337	1.930	0.400	0.280	0.172	-18005.066
638	8	1000	969	0.5148	0.349	0.275	0.309	0.310	0.308	0.297	0.251	0.302	0.295	0.283	0.289	0.281	0.315	0.311	2.051	0.521	0.240	0.192	-17669.260
639	8	1000	982	0.5164	0.282	0.301	0.309	0.270	0.325	0.287	0.306	0.317	0.268	0.323	0.317	0.323	0.315	0.276	2.026	0.576	0.337	0.207	-17975.923
640	8	1000	970	0.5097	0.282	0.290	0.250	0.313	0.283	0.294	0.320	0.301	0.285	0.253	0.261	0.283	0.276	0.320	1.967	0.482	0.286	0.202	-17601.513
641	8	1000	985	0.5118	0.321	0.324	0.297	0.304	0.253	0.347	0.282	0.305	0.355	0.252	0.319	0.274	0.291	0.322	1.896	0.468	0.257	0.202	-18125.969
642	8	1000	983	0.5224	0.276	0.306	0.313	0.315	0.340	0.276	0.292	0.297	0.289	0.302	0.333	0.303	0.287	0.313	2.058	0.504	0.239	0.194	-17928.623
643	8	1000	983	0.5086	0.262	0.277	0.286	0.275	0.349	0.272	0.320	0.302	0.299	0.325	0.280	0.304	0.299	0.316	1.959	0.410	0.183	0.197	-17801.189
644	8	1000	976	0.5033	0.327	0.286	0.268	0.293	0.333	0.303	0.313	0.301	0.340	0.286	0.270	0.318	0.299	0.283	2.134	0.473	0.247	0.200	-17819.934
645	8	1000	969	0.5226	0.291	0.269	0.284	0.307	0.285	0.289	0.312	0.287	0.278	0.242	0.324	0.275	0.305	0.314	1.884	0.576	0.272	0.197	-17573.282
646	8	1000	979	0.5150	0.261	0.245	0.302	0.264	0.343	0.289	0.280	0.296	0.314	0.266	0.321	0.265	0.319	0.299	1.955	0.489	0.253	0.195	-17684.445
647	8	1000	972	0.5194	0.308	0.339	0.271	0.318	0.270	0.294	0.242	0.261	0.279	0.302	0.268	0.298	0.258	0.302	1.956	0.372	0.197	0.199	-17598.187
648	8	1000	981	0.5046	0.316	0.298	0.300	0.275	0.296	0.333	0.308	0.284	0.304	0.311	0.313	0.294	0.323	0.270	1.994	0.422	0.217	0.192	-17895.057
649	8	1000	974	0.4991	0.323	0.307	0.241	0.300	0.269	0.322	0.302	0.270	0.316	0.286	0.298	0.282	0.328	0.295	1.967	0.466	0.198	0.201	-17634.275
650	8	1000	988	0.5060	0.317	0.291	0.284	0.314	0.288	0.335	0.342	0.290	0.264	0.318	0.287	0.302	0.303	0.280	1.965	0.655	0.344	0.214	-17968.734
651	8	1000	981	0.5026	0.226	0.301	0.285	0.259	0.312	0.267	0.312	0.317	0.324	0.282	0.296	0.322	0.307	0.295	1.896	0.381	0.236	0.178	-17794.580
652	8	1000	970	0.5104	0.300	0.244	0.276	0.276	0.297	0.288	0.304	0.287	0.282	0.299	0.293	0.288	0.317	0.296	1.957	0.519	0.233	0.191	-17374.338
653	8	1000	976	0.5087	0.288	0.252	0.264	0.298	0.284	0.286	0.297	0.263	0.332	0.307	0.320	0.341	0.298	0.284	1.804	0.517	0.245	0.194	-17694.195
654	8	1000	971	0.5097	0.281	0.314	0.290	0.299	0.358	0.297	0.299	0.294	0.345	0.306	0.280	0.280	0.266	0.300	1.916	0.575	0.278	0.196	-17784.643
655	8	1000	979	0.5167	0.303	0.295	0.286	0.326	0.309	0.322	0.303	0.277	0.318	0.315	0.293	0.336	0.270	0.275	2.081	0.507	0.246	0.182	-17845.388
656	8	1000	976	0.5143	0.294	0.291	0.274	0.280	0.269	0.289	0.259	0.321	0.298	0.311	0.309	0.237	0.322	0.295	2.016	0.624	0.238	0.215	-17493.511
657	8	1000	974	0.5167	0.270	0.345	0.262	0.296	0.333	0.277	0.337	0.323	0.315	0.300	0.276	0.304	0.298	0.327	2.081	0.421	0.186	0.201	-17809.787
658	8	1000	981	0.5118	0.282	0.301	0.301	0.303	0.307	0.365	0.312	0.297	0.286	0.267	0.322	0.355	0.302	0.313	2.042	0.469	0.262	0.186	-18069.022
659	8	1000	984	0.5215	0.274	0.289	0.310	0.295	0.316	0.286	0.357	0.328	0.292	0.320	0.281	0.346	0.259	0.349	2.105	0.514	0.247	0.206	-18017.772
660	8	1000	972	0.5226	0.271	0.274	0.259	0.312	0.305	0.299	0.253	0.343	0.326	0.309	0.270	0.278	0.296	0.333	1.948	0.421	0.216	0.198	-17779.852
661	8	1000	968	0.5011	0.230	0.310	0.325	0.252	0.307	0.301	0.297	0.309	0.281	0.329	0.287	0.259	0.312	0.291	1.894	0.561	0.265	0.209	-17722.878
662	8	1000	979	0.5005	0.285	0.301	0.312	0.300	0.300	0.336	0.246	0.298	0.331	0.298	0.322	0.281	0.282	0.308	1.970	0.437	0.244	0.178	-17805.039
663	8	1000	969	0.5152	0.258	0.350	0.318	0.269	0.295	0.319	0.259	0.259	0.314	0.293	0.296	0.327	0.307	0.268	2.134	0.447	0.234	0.190	-17711.363
664	8	1000	982	0.5075	0.327	0.274	0.282	0.315	0.302	0.295	0.322	0.296	0.317	0.286	0.290	0.259	0.311	0.287	2.059	0.427	0.248	0.182	-17786.136
665	8	1000	975	0.5072	0.289	0.307	0.284	0.306	0.261	0.335	0.283	0.286	0.303	0.277	0.278	0.324	0.281	0.283	1.972	0.446	0.246	0.198	-17717.650
666	8	1000	983	0.5007	0.351	0.320	0.285	0.319	0.267	0.274	0.282	0.288	0.290	0.303	0.316	0.327	0.277	0.314	1.970	0.439	0.218	0.188	-17759.914
667	8	1000	983	0.5089	0.307	0.310	0.261	0.345	0.309	0.310	0.309	0.285	0.356	0.365	0.259	0.314	0.318	0.274	1.958	0.550	0.275	0.199	-18107.364
668	8	1000	973	0.5032	0.278	0.307	0.298	0.272	0.282	0.279	0.303	0.302	0.291	0.293	0.254	0.328	0.265	0.286	1.923	0.461	0.218	0.183	-17496.851
669	8	1000	978	0.5105	0.291	0.300	0.295	0.318	0.295	0.270	0.303	0.302	0.329	0.269	0.302	0.272	0.316	0.307	2.003	0.517	0.256	0.196	-17814.906
670	8	1000	979	0.5258	0.295	0.294	0.259	0.328	0.280	0.300	0.296	0.285	0.335	0.288	0.303	0.287	0.300	0.303	2.258	0.371	0.219	0.198	-17834.174
671	8	1000	986	0.5129	0.333	0.353	0.285	0.262	0.317	0.294	0.267	0.329	0.337	0.318	0.278	0.296	0.237	0.308	1.991	0.505	0.227	0.208	-17796.165
672	8	1000	978	0.5102	0.299	0.304	0.292	0.279	0.300	0.267	0.314	0.367	0.312	0.343	0.293	0.295	0.305	0.309	1.868	0.425	0.209	0.181	-17872.865
673	8	1000	973	0.5128	0.298	0.276	0.303	0.279	0.264	0.312	0.327	0.282	0.290	0.265	0.226	0.300	0.301	0.299	1.867	0.468	0.212	0.212	-17578.989
674	8	1000	980	0.5203	0.325	0.314	0.323	0.264	0.293	0.301	0.293	0.320	0.311	0.269	0.310	0.241	0.309	0.304	1.959	0.451	0.256	0.177	-17783.733
675	8	1000	975	0.5176	0.311	0.275	0.297	0.316	0.332	0.330	0.323	0.317	0.331	0.307	0.252	0.262	0.328	0.315	1.933	0.496	0.293	0.172	-18015.649
676	8	1000	974	0.5123	0.334	0.249	0.294	0.313	0.331	0.297	0.275	0.290	0.266	0.317	0.260	0.326	0.291	0.298	2.037	0.503	0.262	0.200	-17751.042
677	8	1000	980	0.5101	0.263	0.280	0.284	0.294	0.291	0.309	0.313	0.325	0.302	0.253	0.300	0.308	0.319	0.294	2.048	0.562	0.276	0.218	-17816.654
678	8	1000	976	0.5149	0.280	0.280	0.294	0.366	0.256	0.319	0.314	0.320	0.312	0.251	0.372	0.313	0.307	0.262	1.997	0.422	0.214	0.183	-17929.012
679	8	1000	968	0.4996	0.304	0.279	0.302	0.328	0.268	0.297	0.361	0.313	0.310	0.310	0.283	0.322	0.276	0.272	1.881	0.430	0.205	0.199	-17871.096
680	8	1000	978	0.5138	0.338	0.296	0.267	0.278	0.282	0.311	0.268	0.258	0.280	0.295	0.308	0.247	0.317	0.275	2.027	0.507	0.228	0.188	-17385.433
681	8	1000	974	0.5106	0.331	0.332	0.308	0.314	0.252	0.290	0.322	0.334	0.280	0.282	0.296	0.306	0.277	0.314	1.970	0.420	0.238	0.209	-18014.372
682	8	1000	982	0.5088	0.330	0.287	0.308	0.312	0.260	0.310	0.340	0.254	0.311	0.285	0.308	0.268	0.311	0.298	1.886	0.506	0.240	0.209	-17885.672
683	8	1000	978	0.5100	0.270	0.262	0.318	0.333	0.299	0.323	0.308	0.305	0.309	0.306	0.285	0.272	0.277	0.275	1.959	0.482	0.257	0.180	-17768.999
684	8	1000	977	0.5146	0.295	0.306	0.270	0.298	0.285	0.280	0.305	0.318	0.300	0.308	0.296	0.350	0.287	0.313	1.961	0.414	0.210	0.196	-17895.819
685	8	1000	983	0.5181	0.320	0.310	0.281	0.324	0.298	0.324	0.336	0.332	0.280	0.296	0.367	0.290	0.318	0.295	2.075	0.373	0.204	0.189	-18227.791
686	8	1000	977	0.5324	0.305	0.349	0.291	0.255	0.269	0.259	0.284	0.297	0.310	0.276	0.290	0.256	0.283	0.329	1.915	0.577	0.282	0.185	-17544.747
687	8	1000	976	0.5015	0.327	0.309	0.289	0.332	0.309	0.316	0.279	0.314	0.296	0.316	0.278	0.247	0.308	0.301	2.090	0.472	0.261	0.221	-17993.919
688	8	1000	978	0.5237	0.242	0.267	0.280	0.293	0.288	0.309	0.319	0.312	0.290	0.325	0.329	0.299	0.263	0.306	1.934	0.451	0.264	0.199	-17944.338
689	8	1000	977	0.5049	0.281	0.277	0.303	0.314	0.295	0.261	0.280	0.259	0.316	0.306	0.288	0.290	0.299	0.343	1.968	0.511	0.231	0.209	-17750.530
690	8	1000	974	0.5022	0.262	0.289	0.256	0.283	0.266	0.306	0.292	0.316	0.286	0.278	0.314	0.318	0.326	0.319	1.898	0.493	0.243	0.212	-17797.316
691	8	1000	978	0.5213	0.306	0.292	0.297	0.276	0.347	0.279	0.278	0.279	0.261	0.277	0.296	0.315	0.290	0.286	2.039	0.508	0.234	0.193	-17490.165
692	8	1000	979	0.5190	0.297	0.308	0.279	0.306	0.263	0.276	0.301	0.311	0.269	0.302	0.279	0.296	0.295	0.309	2.019	0.500	0.226	0.190	-17607.151
693	8	1000	973	0.5111	0.263	0.281	0.279	0.267	0.272	0.276	0.281	0.313	0.335	0.265	0.338	0.249	0.281	0.295	1.968	0.535	0.255	0.213	-17541.542
694	8	1000	973	0.5179	0.244	0.341	0.291	0.262	0.253	0.314	0.314	0.325	0.287	0.291	0.282	0.329	0.287	0.284	1.977	0.534	0.230	0.201	-17602.562
695	8	1000	978	0.5095	0.288	0.360	0.298	0.267	0.358	0.299	0.330	0.348	0.304	0.302	0.338	0.305	0.314	0.304	1.941	0.466	0.263	0.192	-18267.237
696	8	1000	977	0.5097	0.338	0.336	0.289	0.297	0.255	0.319	0.335	0.325	0.301	0.316	0.299	0.274	0.299	0.278	1.965	0.434	0.236	0.195	-17971.924
697	8	1000	975	0.5059	0.303	0.305	0.264	0.324	0.337	0.306	0.302	0.301	0.281	0.274	0.286	0.267	0.285	0.293	1.925	0.503	0.236	0.218	-17814.101
698	8	1000	986	0.5198	0.304	0.260	0.320	0.298	0.313	0.285	0.264	0.275	0.296	0.267	0.302	0.301	0.298	0.343	2.035	0.474	0.234	0.210	-17862.259
699	8	1000	980	0.5202	0.310	0.270	0.287	0.291	0.304	0.323	0.292	0.259	0.282	0.315	0.303	0.327	0.286	0.313	1.992	0.467	0.217	0.214	-17861.751
700	8	1000	976	0.5148	0.272	0.297	0.273	0.297	0.297	0.316	0.311	0.303	0.292	0.263	0.336	0.293	0.289	0.328	2.226	0.475	0.267	0.198	-17814.818
701	8	1000	977	0.5061	0.298	0.264	0.266	0.312	0.317	0.323	0.275	0.308	0.315	0.309	0.274	0.296	0.285	0.274	1.981	0.456	0.240	0.209	-17785.518
702	8	1000	983	0.5170	0.289	0.355	0.288	0.268	0.276	0.280	0.274	0.274	0.313	0.238	0.302	0.306	0.317	0.273	1.966	0.424	0.212	0.180	-17579.781
703	8	1000	986	0.5128	0.301	0.273	0.300	0.279	0.268	0.318	0.301	0.299	0.314	0.305	0.299	0.312	0.293	0.278	2.041	0.489	0.245	0.226	-17886.178
704	8	1000	980	0.5140	0.315	0.320	0.332	0.297	0.274	0.265	0.315	0.348	0.274	0.328	0.332	0.314	0.285	0.302	1.925	0.498	0.267	0.191	-18075.165
705	8	1000	975	0.5275	0.282	0.287	0.274	0.321	0.233	0.255	0.284	0.303	0.271	0.297	0.291	0.315	0.277	0.283	2.039	0.408	0.186	0.186	-17423.620
706	8	1000	978	0.5037	0.290	0.306	0.327	0.267	0.293	0.329	0.303	0.330	0.351	0.283	0.319	0.294	0.268	0.281	1.872	0.500	0.232	0.194	-17916.143
707	8	1000	981	0.5032	0.301	0.302	0.285	0.311	0.288	0.323	0.264	0.319	0.293	0.312	0.311	0.344	0.271	0.309	1.987	0.502	0.267	0.211	-18028.179
708	8	1000	969	0.5182	0.250	0.309	0.280	0.299	0.312	0.274	0.341	0.291	0.335	0.273	0.322	0.243	0.271	0.306	1.874	0.449	0.251	0.186	-17718.761
709	8	1000	985	0.5132	0.269	0.284	0.244	0.308	0.304	0.325	0.261	0.293	0.307	0.336	0.311	0.301	0.313	0.328	1.786	0.442	0.203	0.206	-17971.641
710	8	1000	977	0.5134	0.275	0.303	0.258	0.301	0.305	0.270	0.271	0.223	0.314	0.267	0.280	0.313	0.268	0.287	1.866	0.509	0.275	0.211	-17522.502
711	8	1000	973	0.5191	0.257	0.283	0.270	0.324	0.282	0.305	0.301	0.301	0.307	0.256	0.295	0.329	0.285	0.310	2.049	0.563	0.224	0.196	-17549.680
712	8	1000	973	0.5040	0.321	0.284	0.245	0.271	0.311	0.281	0.331	0.315	0.312	0.272	0.326	0.308	0.324	0.231	1.968	0.412	0.215	0.202	-17748.132
713	8	1000	982	0.5136	0.316	0.290	0.305	0.270	0.301	0.317	0.282	0.260	0.321	0.301	0.279	0.283	0.314	0.303	2.009	0.452	0.256	0.197	-17863.606
714	8	1000	977	0.5248	0.273	0.320	0.288	0.306	0.308	0.321	0.318	0.289	0.289	0.276	0.287	0.292	0.298	0.347	1.957	0.538	0.288	0.208	-18008.331
715	8	1000	973	0.5199	0.286	0.275	0.236	0.327	0.246	0.302	0.296	0.312	0.353	0.288	0.316	0.229	0.321	0.261	2.033	0.492	0.241	0.185	-17518.137
716	8	1000	972	0.5128	0.342	0.296	0.264	0.307	0.265	0.266	0.297	0.335	0.329	0.284	0.306	0.235	0.312	0.324	1.978	0.496	0.265	0.174	-17644.545
717	8	1000	983	0.5155	0.302	0.339	0.274	0.278	0.253	0.291	0.322	0.236	0.278	0.304	0.321	0.325	0.290	0.311	2.198	0.501	0.228	0.208	-17670.780
718	8	1000	982	0.5096	0.347	0.317	0.282	0.341	0.296	0.301	0.281	0.317	0.217	0.315	0.289	0.316	0.267	0.313	2.010	0.519	0.276	0.203	-17922.860
719	8	1000	987	0.5116	0.297	0.292	0.340	0.246	0.296	0.296	0.319	0.321	0.297	0.329	0.261	0.347	0.293	0.321	2.030	0.453	0.217	0.200	-17944.494
720	8	1000	977	0.5319	0.282	0.335	0.297	0.305	0.312	0.276	0.281	0.278	0.279	0.296	0.295	0.238	0.296	0.306	1.891	0.578	0.285	0.203	-17779.940
721	8	1000	972	0.5129	0.326	0.305	0.300	0.327	0.334	0.273	0.329	0.291	0.296	0.293	0.341	0.326	0.330	0.280	1.946	0.537	0.262	0.190	-18045.328
722	8	1000	978	0.5170	0.326	0.303	0.283	0.306	0.262	0.245	0.322	0.251	0.304	0.292	0.278	0.308	0.305	0.271	1.975	0.430	0.216	0.184	-17551.813
723	8	1000	973	0.5133	0.312	0.320	0.325	0.282	0.256	0.309	0.280	0.273	0.297	0.300	0.288	0.238	0.306	0.337	2.023	0.427	0.222	0.201	-17781.771
724	8	1000	976	0.5144	0.301	0.294	0.262	0.306	0.297	0.309	0.306	0.326	0.317	0.276	0.328	0.276	0.308	0.324	1.981	0.552	0.240	0.212	-17871.115
725	8	1000	973	0.5138	0.266	0.256	0.263	0.319	0.307	0.319	0.327	0.250	0.277	0.311	0.289	0.290	0.291	0.343	2.015	0.497	0.247	0.203	-17783.187
726	8	1000	988	0.5185	0.308	0.287	0.303	0.316	0.297	0.279	0.282	0.283	0.333	0.268	0.297	0.259	0.339	0.295	2.001	0.484	0.191	0.215	-17837.359
727	8	1000	981	0.5065	0.262	0.293	0.242	0.330	0.272	0.307	0.272	0.292	0.344	0.333	0.287	0.272	0.311	0.296	1.860	0.390	0.166	0.194	-17698.189
728	8	1000	976	0.5210	0.291	0.227	0.252	0.329	0.323	0.299	0.326	0.282	0.318	0.347	0.312	0.296	0.334	0.255	1.972	0.382	0.188	0.197	-17933.027
729	8	1000	987	0.5171	0.330	0.318	0.272	0.321	0.307	0.318	0.287	0.332	0.287	0.292	0.281	0.275	0.328	0.321	1.941	0.435	0.204	0.203	-17996.686
730	8	1000	984	0.5077	0.316	0.273	0.317	0.324	0.359	0.309	0.332	0.330	0.342	0.295	0.294	0.305	0.325	0.296	1.922	0.529	0.293	0.198	-18331.421
731	8	1000	972	0.5196	0.307	0.266	0.306	0.291	0.321	0.310	0.286	0.279	0.254	0.319	0.309	0.291	0.298	0.322	2.016	0.526	0.289	0.209	-17908.120
732	8	1000	980	0.5048	0.340	0.314	0.308	0.328	0.287	0.304	0.305	0.270	0.303	0.297	0.277	0.269	0.309	0.318	2.031	0.485	0.262	0.200	-17873.326
733	8	1000	970	0.5068	0.307	0.290	0.259	0.282	0.308	0.324	0.295	0.289	0.311	0.274	0.293	0.265	0.281	0.284	1.870	0.493	0.230	0.181	-17486.827
734	8	1000	980	0.5137	0.324	0.334	0.286	0.312	0.261	0.365	0.264	0.281	0.289	0.329	0.340	0.276	0.312	0.308	2.122	0.487	0.212	0.214	-18026.848
735	8	1000	971	0.5085	0.280	0.326	0.278	0.311	0.288	0.280	0.280	0.356	0.331	0.290	0.289	0.304	0.318	0.281	2.020	0.351	0.166	0.199	-17766.220
736	8	1000	983	0.5064	0.356	0.301	0.332	0.285	0.301	0.300	0.268	0.273	0.340	0.310	0.303	0.321	0.304	0.303	1.987	0.426	0.203	0.225	-18141.247
737	8	1000	971	0.5081	0.288	0.304	0.287	0.250	0.293	0.340	0.286	0.289	0.341	0.325	0.348	0.261	0.303	0.273	1.929	0.449	0.248	0.196	-17820.955
738	8	1000	974	0.5121	0.280	0.264	0.284	0.261	0.328	0.291	0.343	0.266	0.257	0.308	0.274	0.307	0.333	0.322	2.007	0.472	0.262	0.198	-17813.850
739	8	1000	969	0.5102	0.319	0.284	0.295	0.266	0.274	0.304	0.290	0.282	0.289	0.277	0.288	0.306	0.297	0.276	1.944	0.573	0.251	0.205	-17528.887
740	8	1000	975	0.5191	0.258	0.301	0.299	0.313	0.334	0.299	0.284	0.269	0.273	0.298	0.285	0.276	0.284	0.315	1.856	0.366	0.179	0.206	-17794.122
741	8	1000	978	0.5218	0.284	0.319	0.264	0.276	0.320	0.296	0.312	0.327	0.293	0.288	0.273	0.294	0.246	0.359	2.131	0.324	0.169	0.186	-17728.317
742	8	1000	973	0.5173	0.313	0.277	0.235	0.297	0.279	0.318	0.326	0.305	0.297	0.321	0.287	0.307	0.272	0.305	1.993	0.414	0.191	0.202	-17815.563
743	8	1000	975	0.5125	0.289	0.281	0.298	0.278	0.245	0.317	0.296	0.327	0.269	0.284	0.297	0.376	0.307	0.268	1.905	0.475	0.249	0.183	-17668.948
744	8	1000	979	0.5182	0.351	0.284	0.263	0.281	0.306	0.295	0.328	0.290	0.312	0.318	0.291	0.237	0.292	0.312	2.009	0.386	0.197	0.211	-17846.553
745	8	1000	986	0.5116	0.301	0.295	0.281	0.296	0.312	0.314	0.284	0.310	0.270	0.305	0.329	0.303	0.308	0.293	1.980	0.424	0.233	0.217	-18057.262
746	8	1000	979	0.5187	0.277	0.282	0.277	0.293	0.305	0.250	0.329	0.283	0.318	0.301	0.305	0.299	0.277	0.308	2.018	0.579	0.266	0.211	-17706.068
747	8	1000	974	0.5160	0.300	0.279	0.288	0.274	0.314	0.307	0.311	0.267	0.325	0.314	0.322	0.301	0.279	0.351	2.060	0.475	0.221	0.208	-17957.565
748	8	1000	976	0.5179	0.313	0.272	0.255	0.346	0.346	0.312	0.307	0.319	0.336	0.325	0.325	0.272	0.303	0.272	1.846	0.345	0.187	0.213	-18234.464
749	8	1000	976	0.5114	0.286	0.306	0.291	0.282	0.299	0.267	0.316	0.285	0.248	0.333	0.303	0.297	0.285	0.279	1.952	0.453	0.249	0.192	-17717.721
750	8	1000	984	0.5124	0.280	0.334	0.276	0.291	0.330	0.279	0.266	0.318	0.288	0.364	0.288	0.287	0.340	0.289	1.854	0.530	0.250	0.202	-17969.303
751	8	1000	968	0.5106	0.283	0.303	0.320	0.274	0.317	0.272	0.300	0.338	0.332	0.288	0.307	0.289	0.308	0.281	2.150	0.440	0.212	0.198	-17769.889
752	8	1000	984	0.5149	0.292	0.305	0.273	0.302	0.319	0.281	0.286	0.343	0.322	0.291	0.313	0.319	0.365	0.316	2.039	0.454	0.251	0.204	-18127.237
753	8	1000	979	0.5151	0.298	0.284	0.250	0.294	0.318	0.291	0.310	0.330	0.249	0.268	0.337	0.329	0.338	0.298	2.020	0.525	0.222	0.207	-17773.303
754	8	1000	981	0.5038	0.266	0.301	0.269	0.290	0.315	0.311	0.287	0.346	0.309	0.295	0.345	0.304	0.271	0.317	2.032	0.404	0.194	0.228	-18000.261
755	8	1000	983	0.5178	0.275	0.282	0.273	0.312	0.287	0.250	0.320	0.267	0.322	0.284	0.286	0.299	0.289	0.311	1.948	0.511	0.252	0.211	-17688.323
756	8	1000	982	0.5320	0.326	0.293	0.280	0.325	0.344	0.303	0.327	0.310	0.316	0.268	0.312	0.312	0.283	0.327	2.079	0.462	0.260	0.189	-18075.020
757	8	1000	968	0.5268	0.264	0.274	0.267	0.277	0.323	0.280	0.300	0.258	0.279	0.261	0.311	0.279	0.284	0.267	1.973	0.542	0.253	0.202	-17352.843
758	8	1000	972	0.5038	0.307	0.316	0.284	0.274	0.249	0.284	0.305	0.306	0.316	0.354	0.299	0.268	0.315	0.293	2.017	0.445	0.243	0.199	-17779.369
759	8	1000	962	0.5181	0.291	0.285	0.293	0.250	0.286	0.328	0.284	0.311	0.301	0.301	0.308	0.306	0.342	0.278	2.009	0.488	0.248	0.194	-17668.067
760	8	1000	981	0.5236	0.287	0.321	0.268	0.275	0.315	0.312	0.335	0.263	0.297	0.330	0.291	0.293	0.277	0.301	1.969	0.519	0.287	0.205	-17927.698
761	8	1000	976	0.5166	0.295	0.302	0.302	0.337	0.263	0.232	0.361	0.350	0.248	0.338	0.276	0.310	0.342	0.303	1.995	0.494	0.231	0.209	-18015.796
762	8	1000	982	0.5131	0.292	0.303	0.264	0.321	0.323	0.343	0.301	0.296	0.308	0.298	0.289	0.336	0.291	0.284	2.242	0.325	0.171	0.199	-17886.590
763	8	1000	977	0.5097	0.333	0.314	0.296	0.289	0.346	0.311	0.282	0.261	0.320	0.285	0.301	0.250	0.300	0.339	1.934	0.651	0.349	0.214	-17968.849
764	8	1000	965	0.5053	0.368	0.266	0.286	0.286	0.280	0.312	0.281	0.287	0.322	0.309	0.310	0.296	0.285	0.334	2.096	0.510	0.237	0.207	-17787.773
765	8	1000	976	0.5147	0.283	0.282	0.284	0.281	0.311	0.309	0.269	0.330	0.279	0.298	0.278	0.283	0.318	0.309	1.931	0.376	0.191	0.196	-17764.424
766	8	1000	978	0.5156	0.318	0.305	0.276	0.297	0.330	0.300	0.337	0.285	0.295	0.320	0.294	0.272	0.312	0.322	2.111	0.420	0.230	0.192	-17936.045
767	8	1000	974	0.5091	0.302	0.282	0.326	0.283	0.323	0.288	0.277	0.235	0.306	0.276	0.312	0.286	0.294	0.295	2.030	0.438	0.223	0.187	-17657.393
768	8	1000	980	0.5129	0.306	0.293	0.278	0.318	0.295	0.319	0.280	0.222	0.322	0.310	0.311	0.313	0.283	0.311	2.179	0.517	0.276	0.200	-17779.604
769	8	1000	977	0.5181	0.255	0.303	0.282	0.280	0.254	0.344	0.287	0.306	0.324	0.307	0.289	0.334	0.297	0.268	1.972	0.549	0.285	0.200	-17790.566
770	8	1000	976	0.5167	0.309	0.331	0.285	0.294	0.256	0.304	0.278	0.319	0.311	0.279	0.294	0.319	0.282	0.258	1.885	0.485	0.246	0.183	-17666.977
771	8	1000	971	0.5259	0.301	0.287	0.320	0.247	0.283	0.275	0.249	0.301	0.298	0.251	0.326	0.270	0.346	0.269	1.944	0.478	0.226	0.189	-17492.214
772	8	1000	975	0.5124	0.266	0.293	0.337	0.287	0.309	0.313	0.260	0.307	0.263	0.323	0.271	0.310	0.319	0.319	1.902	0.559	0.286	0.198	-17880.918
773	8	1000	988	0.5114	0.292	0.292	0.328	0.303	0.328	0.316	0.300	0.280	0.302	0.309	0.288	0.300	0.322	0.286	1.931	0.459	0.221	0.221	-18164.543
774	8	1000	984	0.5137	0.271	0.262	0.307	0.322	0.322	0.348	0.336	0.315	0.292	0.297	0.283	0.376	0.337	0.272	2.111	0.490	0.232	0.186	-17966.219
775	8	1000	985	0.5112	0.282	0.363	0.305	0.294	0.239	0.324	0.311	0.316	0.269	0.340	0.272	0.350	0.347	0.307	1.898	0.460	0.239	0.213	-18222.073
776	8	1000	968	0.5244	0.306	0.305	0.275	0.285	0.314	0.306	0.267	0.305	0.312	0.291	0.315	0.272	0.307	0.311	1.987	0.426	0.227	0.185	-17782.423
777	8	1000	980	0.5175	0.258	0.303	0.295	0.270	0.279	0.293	0.277	0.312	0.340	0.285	0.296	0.315	0.343	0.237	2.001	0.531	0.239	0.199	-17666.204
778	8	1000	987	0.4992	0.275	0.305	0.302	0.319	0.293	0.284	0.355	0.331	0.349	0.351	0.286	0.330	0.298	0.350	2.033	0.496	0.295	0.192	-18292.316
779	8	1000	985	0.5176	0.318	0.302	0.278	0.349	0.332	0.303	0.282	0.252	0.275	0.286	0.305	0.329	0.316	0.333	1.950	0.489	0.210	0.219	-18034.259
780	8	1000	981	0.5137	0.297	0.281	0.283	0.307	0.312	0.334	0.318	0.256	0.291	0.289	0.310	0.292	0.330	0.266	1.942	0.587	0.241	0.200	-17817.423
781	8	1000	982	0.5310	0.303	0.319	0.267	0.284	0.297	0.325	0.304	0.286	0.309	0.274	0.315	0.253	0.321	0.293	2.068	0.423	0.250	0.200	-17909.495
782	8	1000	977	0.5230	0.278	0.276	0.289	0.294	0.271	0.300	0.321	0.309	0.314	0.309	0.306	0.295	0.305	0.302	1.918	0.441	0.241	0.197	-17992.525
783	8	1000	983	0.5355	0.362	0.309	0.320	0.283	0.319	0.313	0.302	0.280	0.303	0.297	0.336	0.332	0.305	0.289	1.836	0.513	0.283	0.196	-18200.245
784	8	1000	980	0.5239	0.286	0.322	0.271	0.329	0.311	0.310	0.289	0.264	0.306	0.284	0.304	0.326	0.360	0.276	1.929	0.422	0.231	0.197	-18052.212
785	8	1000	977	0.5066	0.292	0.310	0.301	0.264	0.284	0.285	0.312	0.306	0.297	0.304	0.282	0.334	0.299	0.330	2.004	0.441	0.230	0.172	-17748.198
786	8	1000	984	0.5110	0.269	0.350	0.312	0.287	0.286	0.351	0.262	0.284	0.356	0.315	0.315	0.256	0.315	0.259	1.961	0.635	0.299	0.213	-17928.987
787	8	1000	977	0.5124	0.289	0.322	0.259	0.287	0.294	0.303	0.294	0.292	0.308	0.315	0.273	0.338	0.334	0.292	2.035	0.443	0.217	0.178	-17673.868
788	8	1000	977	0.5202	0.262	0.313	0.279	0.310	0.285	0.334	0.293	0.326	0.262	0.304	0.323	0.289	0.291	0.288	1.964	0.567	0.272	0.210	-17806.071
789	8	1000	972	0.5204	0.286	0.306	0.318	0.289	0.338	0.307	0.256	0.297	0.284	0.279	0.283	0.287	0.314	0.295	2.040	0.522	0.282	0.212	-17792.485
790	8	1000	973	0.5156	0.296	0.308	0.303	0.270	0.308	0.347	0.308	0.293	0.278	0.290	0.277	0.259	0.353	0.366	2.119	0.455	0.272	0.194	-17972.172
791	8	1000	983	0.5143	0.273	0.339	0.304	0.294	0.303	0.304	0.307	0.287	0.300	0.297	0.352	0.268	0.288	0.334	1.971	0.529	0.350	0.186	-18114.445
792	8	1000	973	0.5141	0.302	0.303	0.267	0.279	0.295	0.278	0.323	0.335	0.290	0.299	0.298	0.280	0.287	0.310	2.130	0.414	0.188	0.207	-17662.189
793	8	1000	977	0.5199	0.293	0.307	0.278	0.324	0.272	0.283	0.296	0.315	0.320	0.304	0.273	0.283	0.311	0.321	2.110	0.507	0.249	0.205	-17775.710
794	8	1000	972	0.5109	0.303	0.319	0.322	0.310	0.323	0.282	0.308	0.328	0.353	0.266	0.262	0.238	0.274	0.303	2.050	0.464	0.274	0.185	-17733.574
795	8	1000	979	0.5245	0.267	0.309	0.261	0.302	0.343	0.338	0.267	0.269	0.324	0.304	0.341	0.275	0.332	0.299	1.933	0.499	0.270	0.201	-18063.404
796	8	1000	978	0.5233	0.282	0.335	0.306	0.289	0.263	0.264	0.309	0.278	0.303	0.277	0.301	0.335	0.253	0.293	1.902	0.477	0.204	0.202	-17700.313
797	8	1000	978	0.5110	0.307	0.292	0.256	0.323	0.288	0.316	0.268	0.344	0.301	0.282	0.336	0.298	0.294	0.289	1.982	0.494	0.246	0.211	-17863.878
798	8	1000	974	0.5177	0.604	0.319	0.301	0.278	0.318	0.298	0.317	0.003	0.271	0.295	0.333	0.337	0.294	0.305	1.904	0.564	0.312	0.188	-17990.464
799	8	1000	964	0.5217	0.257	0.297	0.289	0.297	0.295	0.298	0.310	0.299	0.355	0.315	0.305	0.258	0.331	0.300	1.998	0.513	0.251	0.181	-17756.750
800	8	1000	982	0.5172	0.291	0.225	0.303	0.319	0.333	0.312	0.320	0.309	0.297	0.289	0.299	0.283	0.251	0.318	2.071	0.420	0.216	0.194	-17765.973
801	8	1000	988	0.5261	0.371	0.340	0.277	0.325	0.247	0.312	0.314	0.287	0.320	0.291	0.303	0.320	0.299	0.324	1.901	0.494	0.245	0.213	-18198.595
802	8	1000	972	0.5166	0.264	0.294	0.275	0.261	0.251	0.293	0.270	0.293	0.285	0.283	0.300	0.317	0.276	0.297	1.995	0.484	0.260	0.190	-17390.112
803	8	1000	980	0.5113	0.352	0.297	0.278	0.318	0.299	0.291	0.295	0.304	0.349	0.260	0.307	0.307	0.349	0.315	2.125	0.417	0.207	0.184	-17885.710
804	8	1000	981	0.5241	0.291	0.306	0.265	0.308	0.299	0.292	0.322	0.290	0.314	0.296	0.280	0.370	0.268	0.320	1.936	0.487	0.212	0.204	-17899.683
805	8	1000	981	0.5029	0.305	0.278	0.262	0.292	0.273	0.300	0.310	0.257	0.300	0.315	0.281	0.333	0.273	0.350	2.136	0.359	0.171	0.198	-17734.613
806	8	1000	979	0.5200	0.271	0.347	0.231	0.309	0.330	0.297	0.265	0.294	0.311	0.354	0.286	0.315	0.320	0.302	2.019	0.468	0.250	0.190	-17922.791
807	8	1000	969	0.5087	0.312	0.280	0.323	0.266	0.306	0.308	0.285	0.263	0.308	0.246	0.321	0.256	0.292	0.274	2.057	0.539	0.262	0.196	-17491.357
808	8	1000	972	0.5297	0.285	0.266	0.291	0.263	0.299	0.264	0.302	0.296	0.284	0.297	0.302	0.273	0.271	0.326	2.022	0.502	0.254	0.201	-17582.420
809	8	1000	985	0.5054	0.303	0.335	0.284	0.304	0.272	0.296	0.325	0.355	0.327	0.325	0.319	0.286	0.329	0.325	2.077	0.332	0.191	0.205	-18277.120
810	8	1000	976	0.5141	0.338	0.306	0.266	0.338	0.304	0.337	0.304	0.306	0.255	0.327	0.296	0.357	0.278	0.289	2.002	0.500	0.331	0.201	-18162.907
811	8	1000	980	0.5238	0.305	0.279	0.273	0.307	0.309	0.302	0.331	0.272	0.343	0.354	0.268	0.254	0.320	0.306	1.956	0.478	0.219	0.190	-17940.044
812	8	1000	975	0.5285	0.249	0.298	0.258	0.286	0.287	0.301	0.317	0.295	0.315	0.327	0.231	0.303	0.271	0.287	2.158	0.420	0.192	0.212	-17525.306
813	8	1000	980	0.5089	0.275	0.323	0.243	0.316	0.274	0.316	0.282	0.257	0.335	0.312	0.282	0.302	0.254	0.320	1.955	0.504	0.268	0.202	-17749.045
814	8	1000	978	0.5179	0.287	0.258	0.326	0.316	0.317	0.302	0.278	0.313	0.305	0.271	0.307	0.287	0.318	0.317	2.102	0.485	0.256	0.192	-17847.370
815	8	1000	988	0.5163	0.264	0.315	0.350	0.316	0.307	0.293	0.340	0.287	0.262	0.274	0.289	0.275	0.309	0.298	2.063	0.462	0.236	0.213	-17956.174
816	8	1000	980	0.5140	0.298	0.321	0.290	0.277	0.316	0.270	0.296	0.312	0.232	0.363	0.281	0.395	0.280	0.295	1.909	0.451	0.230	0.199	-17947.639
817	8	1000	974	0.5102	0.262	0.261	0.284	0.311	0.290	0.296	0.312	0.326	0.324	0.297	0.322	0.287	0.277	0.319	2.063	0.479	0.246	0.196	-17794.683
818	8	1000	976	0.5133	0.314	0.280	0.271	0.330	0.306	0.338	0.284	0.283	0.273	0.298	0.324	0.300	0.319	0.286	2.141	0.383	0.221	0.194	-17924.249
819	8	1000	973	0.5174	0.296	0.267	0.305	0.294	0.294	0.254	0.323	0.303	0.321	0.261	0.302	0.302	0.271	0.293	2.033	0.423	0.207	0.192	-17581.060
820	8	1000	983	0.5187	0.263	0.330	0.277	0.381	0.279	0.265	0.298	0.294	0.290	0.265	0.268	0.257	0.307	0.286	1.824	0.519	0.248	0.190	-17647.663
821	8	1000	969	0.5215	0.217	0.277	0.330	0.257	0.310	0.263	0.300	0.302	0.316	0.333	0.283	0.293	0.303	0.273	1.891	0.580	0.285	0.191	-17616.148
822	8	1000	978	0.5123	0.330	0.275	0.297	0.289	0.285	0.293	0.287	0.288	0.281	0.303	0.273	0.274	0.273	0.322	2.042	0.595	0.255	0.209	-17609.228
823	8	1000	977	0.5141	0.282	0.298	0.304	0.300	0.264	0.319	0.274	0.343	0.298	0.284	0.317	0.257	0.335	0.306	1.868	0.484	0.280	0.181	-17880.094
824	8	1000	979	0.5104	0.260	0.273	0.254	0.320	0.332	0.308	0.325	0.307	0.280	0.291	0.340	0.280	0.345	0.345	2.035	0.467	0.261	0.196	-18055.076
825	8	1000	982	0.5175	0.303	0.268	0.317	0.310	0.332	0.295	0.308	0.290	0.277	0.267	0.342	0.355	0.310	0.302	1.892	0.354	0.205	0.168	-18048.386
826	8	1000	983	0.5127	0.293	0.267	0.258	0.306	0.317	0.277	0.315	0.296	0.310	0.291	0.310	0.317	0.297	0.307	2.010	0.443	0.280	0.182	-17831.850
827	8	1000	974	0.5169	0.283	0.251	0.290	0.322	0.314	0.288	0.288	0.278	0.349	0.287	0.312	0.274	0.283	0.318	1.986	0.550	0.262	0.210	-17815.746
828	8	1000	967	0.5069	0.314	0.258	0.271	0.336	0.352	0.289	0.294	0.265	0.324	0.293	0.265	0.293	0.309	0.267	2.069	0.478	0.238	0.193	-17615.975
829	8	1000	978	0.5033	0.254	0.267	0.271	0.299	0.335	0.287	0.296	0.264	0.299	0.310	0.238	0.262	0.291	0.316	1.988	0.517	0.225	0.212	-17540.306
830	8	1000	978	0.5256	0.293	0.378	0.290	0.298	0.326	0.290	0.285	0.270	0.295	0.309	0.278	0.316	0.280	0.302	2.059	0.434	0.222	0.193	-17850.791
831	8	1000	988	0.5175	0.267	0.281	0.263	0.301	0.304	0.280	0.337	0.314	0.328	0.276	0.329	0.308	0.297	0.338	2.138	0.461	0.222	0.197	-17842.762
832	8	1000	980	0.5083	0.286	0.262	0.290	0.293	0.333	0.303	0.300	0.294	0.274	0.311	0.280	0.320	0.273	0.265	1.844	0.485	0.218	0.206	-17662.573
833	8	1000	985	0.5073	0.277	0.281	0.298	0.285	0.316	0.331	0.313	0.334	0.352	0.315	0.289	0.312	0.313	0.306	1.941	0.502	0.260	0.182	-18004.500
834	8	1000	979	0.5255	0.289	0.278	0.279	0.327	0.288	0.361	0.330	0.294	0.270	0.298	0.279	0.318	0.284	0.320	2.073	0.524	0.276	0.190	-17894.797
835	8	1000	966	0.5207	0.341	0.312	0.267	0.297	0.300	0.295	0.317	0.256	0.274	0.327	0.332	0.325	0.298	0.270	2.187	0.507	0.245	0.198	-17780.663
836	8	1000	975	0.5119	0.325	0.307	0.301	0.284	0.313	0.288	0.268	0.276	0.345	0.285	0.262	0.253	0.295	0.341	1.979	0.374	0.195	0.168	-17598.440
837	8	1000	982	0.4999	0.290	0.302	0.311	0.323	0.308	0.288	0.306	0.332	0.277	0.273	0.333	0.273	0.337	0.268	1.877	0.430	0.266	0.198	-18097.215
838	8	1000	975	0.5054	0.303	0.308	0.305	0.312	0.288	0.281	0.303	0.291	0.303	0.321	0.270	0.317	0.339	0.305	1.968	0.421	0.249	0.182	-17948.322
839	8	1000	975	0.4988	0.299	0.296	0.289	0.270	0.280	0.279	0.313	0.270	0.285	0.306	0.259	0.306	0.305	0.305	1.978	0.375	0.178	0.204	-17629.514
840	8	1000	977	0.5177	0.328	0.301	0.270	0.290	0.272	0.281	0.324	0.336	0.309	0.313	0.352	0.284	0.297	0.325	2.023	0.474	0.257	0.189	-17963.539
841	8	1000	977	0.5201	0.323	0.225	0.307	0.285	0.320	0.310	0.285	0.320	0.285	0.281	0.312	0.283	0.273	0.277	2.016	0.464	0.205	0.217	-17658.196
842	8	1000	976	0.5137	0.307	0.286	0.302	0.318	0.278	0.271	0.306	0.297	0.262	0.278	0.315	0.269	0.265	0.319	1.882	0.427	0.218	0.209	-17750.730
843	8	1000	975	0.5121	0.274	0.306	0.254	0.349	0.277	0.300	0.292	0.354	0.283	0.338	0.311	0.351	0.289	0.298	1.948	0.457	0.206	0.192	-17937.290
844	8	1000	984	0.5112	0.277	0.358	0.316	0.298	0.265	0.314	0.319	0.329	0.275	0.319	0.307	0.295	0.318	0.306	2.004	0.329	0.202	0.198	-18233.095
845	8	1000	973	0.4983	0.293	0.240	0.294	0.324	0.293	0.283	0.311	0.303	0.288	0.303	0.292	0.320	0.305	0.298	1.997	0.425	0.223	0.188	-17797.037
846	8	1000	986	0.5058	0.256	0.324	0.288	0.309	0.341	0.249	0.288	0.303	0.300	0.295	0.344	0.322	0.299	0.335	1.901	0.374	0.196	0.198	-18056.917
847	8	1000	979	0.5192	0.343	0.290	0.296	0.333	0.288	0.272	0.364	0.286	0.349	0.289	0.279	0.315	0.291	0.315	1.969	0.401	0.232	0.205	-18206.962
848	8	1000	973	0.4999	0.262	0.309	0.302	0.273	0.284	0.258	0.286	0.348	0.348	0.266	0.293	0.332	0.310	0.302	1.951	0.555	0.327	0.192	-17736.593
849	8	1000	977	0.5112	0.311	0.302	0.244	0.316	0.278	0.302	0.299	0.267	0.260	0.303	0.341	0.350	0.295	0.293	1.856	0.336	0.157	0.212	-17944.280
850	8	1000	971	0.5216	0.346	0.297	0.295	0.254	0.241	0.315	0.335	0.276	0.289	0.317	0.242	0.286	0.295	0.333	2.044	0.543	0.228	0.215	-17681.908
851	8	1000	973	0.5186	0.312	0.305	0.246	0.324	0.320	0.365	0.242	0.394	0.282	0.297	0.287	0.352	0.314	0.291	1.942	0.400	0.227	0.172	-17983.965
852	8	1000	974	0.5151	0.266	0.312	0.288	0.250	0.300	0.305	0.298	0.311	0.332	0.287	0.294	0.288	0.318	0.260	2.007	0.380	0.172	0.202	-17660.190
853	8	1000	981	0.5177	0.294	0.263	0.253	0.302	0.334	0.304	0.274	0.280	0.325	0.283	0.319	0.323	0.276	0.276	1.933	0.467	0.231	0.192	-17660.601
854	8	1000	973	0.5216	0.316	0.287	0.298	0.302	0.261	0.281	0.335	0.333	0.310	0.280	0.284	0.286	0.278	0.276	1.942	0.534	0.254	0.202	-17729.255
855	8	1000	985	0.5117	0.298	0.286	0.308	0.305	0.256	0.300	0.285	0.278	0.308	0.303	0.322	0.250	0.288	0.282	1.948	0.456	0.195	0.207	-17711.759
856	8	1000	973	0.5069	0.293	0.329	0.260	0.281	0.333	0.305	0.322	0.288	0.287	0.332	0.328	0.302	0.335	0.324	1.958	0.443	0.230	0.180	-17968.006
857	8	1000	969	0.5170	0.239	0.292	0.268	0.307	0.273	0.321	0.271	0.291	0.330	0.301	0.298	0.284	0.318	0.303	2.061	0.456	0.254	0.189	-17717.134
858	8	1000	988	0.5241	0.331	0.333	0.297	0.295	0.274	0.326	0.285	0.337	0.304	0.342	0.318	0.330	0.313	0.300	1.994	0.480	0.238	0.202	-18241.690
859	8	1000	979	0.5090	0.302	0.284	0.282	0.277	0.284	0.311	0.323	0.312	0.307	0.322	0.323	0.300	0.280	0.334	1.950	0.501	0.246	0.219	-17966.823
860	8	1000	979	0.5127	0.221	0.275	0.287	0.280	0.306	0.321	0.323	0.288	0.299	0.304	0.313	0.283	0.286	0.302	2.074	0.513	0.285	0.215	-17804.761
861	8	1000	973	0.5157	0.297	0.283	0.234	0.324	0.305	0.288	0.290	0.336	0.301	0.320	0.290	0.305	0.308	0.302	1.941	0.438	0.216	0.206	-17861.324
862	8	1000	971	0.5195	0.291	0.299	0.335	0.261	0.343	0.282	0.262	0.311	0.336	0.305	0.314	0.272	0.281	0.350	2.117	0.459	0.317	0.176	-17915.726
863	8	1000	973	0.5177	0.346	0.259	0.277	0.266	0.274	0.305	0.298	0.303	0.294	0.298	0.294	0.297	0.257	0.321	1.940	0.435	0.227	0.191	-17611.981
864	8	1000	964	0.5175	0.322	0.317	0.295	0.300	0.302	0.331	0.308	0.279	0.320	0.315	0.318	0.279	0.327	0.304	2.060	0.544	0.337	0.170	-17967.008
865	8	1000	978	0.5209	0.308	0.312	0.306	0.275	0.270	0.274	0.308	0.267	0.262	0.258	0.300	0.301	0.289	0.280	2.031	0.422	0.220	0.200	-17562.025
866	8	1000	981	0.5087	0.304	0.295	0.264	0.284	0.281	0.249	0.304	0.247	0.283	0.277	0.298	0.273	0.312	0.291	1.995	0.621	0.298	0.210	-17423.342
867	8	1000	975	0.5149	0.301	0.302	0.236	0.321	0.318	0.314	0.296	0.352	0.280	0.315	0.272	0.282	0.318	0.270	1.888	0.431	0.219	0.188	-17813.844
868	8	1000	976	0.5196	0.286	0.324	0.293	0.311	0.357	0.292	0.278	0.240	0.321	0.297	0.337	0.305	0.324	0.276	1.986	0.428	0.228	0.187	-17896.417
869	8	1000	975	0.5014	0.353	0.297	0.250	0.291	0.299	0.276	0.304	0.340	0.337	0.321	0.271	0.295	0.279	0.324	1.986	0.526	0.308	0.192	-17785.058
870	8	1000	981	0.5196	0.274	0.323	0.289	0.304	0.310	0.307	0.295	0.321	0.312	0.312	0.260	0.307	0.281	0.299	1.982	0.510	0.277	0.185	-17767.952
871	8	1000	981	0.5128	0.322	0.348	0.311	0.294	0.251	0.291	0.288	0.269	0.342	0.306	0.254	0.289	0.357	0.299	2.028	0.562	0.258	0.206	-17840.377
872	8	1000	981	0.5036	0.288	0.262	0.284	0.268	0.329	0.295	0.292	0.302	0.296	0.272	0.320	0.329	0.324	0.319	1.980	0.516	0.275	0.203	-17914.110
873	8	1000	971	0.5248	0.291	0.348	0.254	0.277	0.267	0.303	0.297	0.290	0.268	0.312	0.305	0.270	0.239	0.288	1.944	0.500	0.229	0.209	-17583.176
874	8	1000	977	0.5159	0.277	0.302	0.293	0.260	0.244	0.292	0.285	0.291	0.310	0.271	0.320	0.312	0.314	0.265	1.930	0.547	0.244	0.180	-17430.593
875	8	1000	984	0.5102	0.301	0.307	0.340	0.288	0.291	0.295	0.331	0.353	0.344	0.336	0.291	0.275	0.295	0.328	2.048	0.454	0.313	0.200	-18345.811
876	8	1000	966	0.5126	0.314	0.269	0.269	0.311	0.292	0.299	0.293	0.274	0.282	0.270	0.303	0.279	0.291	0.330	1.977	0.446	0.190	0.193	-17555.318
877	8	1000	981	0.5065	0.266	0.397	0.260	0.337	0.256	0.338	0.281	0.266	0.321	0.295	0.297	0.269	0.292	0.239	1.983	0.437	0.206	0.192	-17663.588
878	8	1000	977	0.5065	0.349	0.293	0.293	0.320	0.329	0.306	0.314	0.308	0.285	0.287	0.319	0.317	0.308	0.304	1.881	0.448	0.235	0.183	-17997.830
879	8	1000	978	0.5130	0.299	0.230	0.265	0.317	0.325	0.267	0.324	0.324	0.260	0.287	0.310	0.303	0.286	0.297	2.120	0.384	0.186	0.188	-17610.878
880	8	1000	975	0.5102	0.272	0.305	0.290	0.313	0.333	0.299	0.297	0.293	0.328	0.290	0.312	0.311	0.273	0.338	1.940	0.482	0.213	0.189	-17800.795
881	8	1000	971	0.4982	0.240	0.307	0.264	0.265	0.342	0.305	0.344	0.321	0.275	0.306	0.290	0.339	0.323	0.320	1.750	0.460	0.241	0.190	-17977.993
882	8	1000	975	0.5052	0.294	0.313	0.255	0.317	0.299	0.313	0.341	0.316	0.289	0.269	0.303	0.316	0.335	0.317	1.928	0.543	0.350	0.204	-18134.307
883	8	1000	980	0.5250	0.307	0.243	0.324	0.314	0.334	0.285	0.281	0.282	0.298	0.289	0.292	0.261	0.293	0.325	1.960	0.506	0.264	0.187	-17787.074
884	8	1000	975	0.5315	0.291	0.314	0.255	0.314	0.284	0.320	0.257	0.251	0.249	0.260	0.301	0.328	0.304	0.293	2.145	0.522	0.288	0.193	-17530.741
885	8	1000	981	0.5187	0.327	0.291	0.280	0.322	0.262	0.303	0.305	0.326	0.313	0.318	0.272	0.268	0.300	0.268	2.048	0.452	0.192	0.198	-17628.550
886	8	1000	974	0.5101	0.304	0.272	0.290	0.278	0.301	0.282	0.250	0.254	0.270	0.278	0.320	0.315	0.322	0.290	1.969	0.473	0.239	0.203	-17504.741
887	8	1000	980	0.5178	0.267	0.328	0.317	0.256	0.316	0.322	0.306	0.224	0.306	0.313	0.321	0.247	0.307	0.299	1.899	0.457	0.239	0.207	-17922.234
888	8	1000	984	0.5148	0.317	0.311	0.277	0.308	0.241	0.277	0.285	0.267	0.314	0.338	0.344	0.280	0.230	0.323	1.990	0.446	0.186	0.201	-17679.929
889	8	1000	973	0.5248	0.252	0.278	0.305	0.276	0.312	0.267	0.303	0.290	0.323	0.299	0.327	0.302	0.267	0.310	1.827	0.523	0.217	0.220	-17805.458
890	8	1000	975	0.5207	0.296	0.309	0.299	0.287	0.288	0.275	0.283	0.345	0.240	0.270	0.310	0.318	0.288	0.263	2.007	0.496	0.224	0.205	-17487.905
891	8	1000	974	0.5130	0.292	0.275	0.315	0.263	0.319	0.287	0.296	0.306	0.263	0.275	0.298	0.320	0.264	0.286	1.973	0.455	0.212	0.205	-17621.703
892	8	1000	977	0.5190	0.302	0.286	0.287	0.324	0.259	0.307	0.323	0.323	0.268	0.347	0.311	0.306	0.289	0.320	1.974	0.505	0.275	0.187	-17981.189
893	8	1000	974	0.5210	0.291	0.326	0.249	0.325	0.291	0.290	0.328	0.307	0.270	0.323	0.295	0.316	0.302	0.274	2.040	0.551	0.258	0.218	-17854.008
894	8	1000	966	0.5166	0.301	0.268	0.284	0.293	0.299	0.298	0.280	0.292	0.308	0.310	0.325	0.252	0.319	0.268	1.986	0.400	0.190	0.204	-17677.618
895	8	1000	979	0.5080	0.308	0.287	0.324	0.247	0.251	0.276	0.293	0.261	0.288	0.274	0.314	0.301	0.326	0.309	2.136	0.462	0.229	0.186	-17517.942
896	8	1000	975	0.4941	0.312	0.354	0.256	0.355	0.281	0.276	0.309	0.354	0.289	0.284	0.326	0.272	0.257	0.301	2.042	0.525	0.273	0.210	-17825.338
897	8	1000	973	0.5168	0.295	0.293	0.305	0.267	0.314	0.330	0.290	0.318	0.303	0.300	0.328	0.288	0.303	0.320	2.015	0.491	0.229	0.197	-17910.885
898	8	1000	979	0.5045	0.227	0.334	0.288	0.306	0.224	0.289	0.329	0.321	0.333	0.288	0.324	0.293	0.293	0.311	1.937	0.369	0.205	0.180	-17840.927
899	8	1000	978	0.5081	0.348	0.324	0.279	0.284	0.262	0.298	0.298	0.340	0.298	0.293	0.299	0.311	0.306	0.288	2.015	0.442	0.234	0.201	-17885.737
900	8	1000	972	0.5237	0.268	0.275	0.306	0.280	0.286	0.303	0.271	0.324	0.274	0.269	0.350	0.316	0.281	0.291	1.931	0.504	0.237	0.196	-17684.251
901	8	1000	980	0.5174	0.294	0.294	0.273	0.298	0.314	0.325	0.301	0.328	0.286	0.343	0.281	0.321	0.335	0.268	2.033	0.554	0.221	0.197	-17851.620
902	8	1000	976	0.5199	0.359	0.288	0.272	0.312	0.346	0.326	0.308	0.306	0.307	0.336	0.332	0.262	0.350	0.323	2.039	0.462	0.245	0.196	-18230.716
903	8	1000	965	0.5143	0.310	0.256	0.287	0.282	0.368	0.279	0.267	0.312	0.294	0.274	0.342	0.311	0.268	0.324	1.928	0.486	0.304	0.205	-17870.018
904	8	1000	979	0.5090	0.336	0.357	0.300	0.305	0.266	0.284	0.309	0.282	0.300	0.334	0.274	0.274	0.303	0.314	1.933	0.367	0.159	0.213	-17975.526
905	8	1000	983	0.5188	0.309	0.282	0.287	0.327	0.300	0.314	0.280	0.300	0.294	0.317	0.300	0.303	0.314	0.253	2.024	0.426	0.217	0.201	-17867.866
906	8	1000	980	0.5238	0.323	0.312	0.287	0.316	0.298	0.298	0.304	0.301	0.319	0.299	0.325	0.337	0.287	0.294	2.122	0.468	0.220	0.206	-17944.614
907	8	1000	978	0.5078	0.335	0.312	0.288	0.276	0.306	0.341	0.272	0.267	0.298	0.278	0.290	0.243	0.302	0.275	1.955	0.533	0.260	0.210	-17637.310
908	8	1000	985	0.5052	0.327	0.294	0.278	0.270	0.300	0.290	0.329	0.369	0.280	0.330	0.288	0.299	0.296	0.280	1.873	0.495	0.239	0.204	-17925.382
909	8	1000	988	0.5191	0.286	0.322	0.314	0.273	0.274	0.297	0.322	0.290	0.345	0.297	0.295	0.301	0.277	0.348	2.225	0.488	0.227	0.212	-17946.509
910	8	1000	977	0.5219	0.331	0.307	0.317	0.319	0.350	0.307	0.295	0.303	0.260	0.309	0.310	0.227	0.329	0.295	1.972	0.394	0.183	0.200	-18002.846
911	8	1000	965	0.5153	0.264	0.326	0.270	0.303	0.310	0.275	0.283	0.247	0.294	0.291	0.277	0.299	0.282	0.277	2.021	0.521	0.210	0.208	-17411.649
912	8	1000	980	0.5164	0.253	0.324	0.288	0.316	0.294	0.272	0.297	0.286	0.343	0.273	0.347	0.329	0.290	0.280	2.010	0.348	0.173	0.209	-17922.175
913	8	1000	971	0.5242	0.266	0.294	0.263	0.271	0.303	0.303	0.290	0.316	0.306	0.301	0.289	0.285	0.309	0.309	2.081	0.581	0.292	0.194	-17623.421
914	8	1000	976	0.5068	0.291	0.379	0.309	0.273	0.337	0.303	0.307	0.309	0.314	0.284	0.298	0.300	0.286	0.298	1.971	0.439	0.252	0.202	-18068.837
915	8	1000	984	0.5317	0.305	0.294	0.273	0.298	0.283	0.261	0.301	0.307	0.331	0.331	0.309	0.298	0.321	0.315	2.061	0.367	0.178	0.204	-18008.820
916	8	1000	976	0.5224	0.362	0.277	0.291	0.346	0.285	0.278	0.291	0.285	0.268	0.316	0.279	0.286	0.294	0.312	1.928	0.498	0.249	0.195	-17784.097
917	8	1000	970	0.5240	0.267	0.323	0.296	0.267	0.293	0.278	0.329	0.300	0.284	0.295	0.301	0.303	0.316	0.308	1.937	0.526	0.260	0.199	-17836.956
918	8	1000	978	0.5300	0.309	0.342	0.340	0.283	0.311	0.343	0.339	0.286	0.279	0.308	0.299	0.325	0.280	0.292	2.110	0.486	0.266	0.194	-18147.215
919	8	1000	978	0.5221	0.283	0.248	0.300	0.289	0.297	0.297	0.273	0.332	0.350	0.315	0.283	0.223	0.274	0.282	1.942	0.465	0.219	0.198	-17612.993
920	8	1000	979	0.5064	0.313	0.279	0.319	0.268	0.321	0.280	0.252	0.289	0.342	0.294	0.282	0.296	0.335	0.305	1.988	0.484	0.244	0.212	-17884.435
921	8	1000	979	0.5030	0.325	0.308	0.281	0.280	0.302	0.321	0.294	0.310	0.274	0.308	0.330	0.310	0.282	0.319	2.033	0.439	0.243	0.196	-17886.870
922	8	1000	973	0.5118	0.298	0.338	0.335	0.278	0.243	0.282	0.296	0.286	0.315	0.325	0.269	0.331	0.282	0.297	2.054	0.489	0.251	0.198	-17797.048
923	8	1000	980	0.5060	0.278	0.246	0.264	0.277	0.321	0.290	0.307	0.317	0.290	0.307	0.284	0.326	0.305	0.299	1.879	0.287	0.128	0.227	-17762.953
924	8	1000	988	0.5049	0.282	0.295	0.291	0.331	0.288	0.311	0.304	0.267	0.285	0.356	0.291	0.300	0.308	0.309	1.917	0.527	0.273	0.221	-18128.137
925	8	1000	982	0.5155	0.339	0.358	0.281	0.285	0.300	0.316	0.278	0.291	0.277	0.276	0.374	0.298	0.304	0.298	1.926	0.554	0.291	0.208	-18130.925
926	8	1000	977	0.5215	0.352	0.324	0.282	0.321	0.269	0.307	0.299	0.324	0.291	0.349	0.318	0.358	0.287	0.340	1.942	0.420	0.266	0.199	-18335.086
927	8	1000	968	0.5148	0.328	0.278	0.314	0.317	0.312	0.308	0.291	0.309	0.276	0.251	0.277	0.310	0.310	0.288	1.996	0.408	0.222	0.188	-17728.438
928	8	1000	972	0.5152	0.280	0.271	0.296	0.278	0.322	0.277	0.299	0.302	0.256	0.280	0.269	0.277	0.304	0.309	1.889	0.476	0.204	0.193	-17500.237
929	8	1000	975	0.5205	0.289	0.281	0.293	0.273	0.267	0.257	0.283	0.355	0.274	0.296	0.279	0.278	0.253	0.280	1.767	0.466	0.217	0.198	-17374.626
930	8	1000	989	0.5218	0.318	0.273	0.298	0.256	0.321	0.304	0.312	0.269	0.317	0.283	0.299	0.319	0.345	0.333	1.936	0.477	0.255	0.189	-17957.161
931	8	1000	978	0.5282	0.274	0.270	0.340	0.305	0.288	0.282	0.290	0.314	0.341	0.296	0.290	0.291	0.285	0.284	2.087	0.498	0.295	0.204	-17844.770
932	8	1000	985	0.5148	0.273	0.294	0.327	0.275	0.292	0.309	0.268	0.277	0.363	0.306	0.304	0.292	0.254	0.267	2.001	0.496	0.177	0.217	-17676.804
933	8	1000	969	0.5136	0.262	0.296	0.279	0.248	0.329	0.261	0.280	0.312	0.308	0.313	0.295	0.313	0.295	0.327	1.863	0.492	0.208	0.193	-17583.292
934	8	1000	981	0.5177	0.336	0.263	0.303	0.294	0.286	0.324	0.337	0.317	0.256	0.284	0.309	0.345	0.287	0.272	2.001	0.469	0.272	0.214	-18062.444
935	8	1000	982	0.5124	0.307	0.346	0.276	0.319	0.255	0.319	0.294	0.332	0.289	0.299	0.304	0.323	0.327	0.289	2.069	0.496	0.231	0.203	-17951.189
936	8	1000	971	0.5120	0.258	0.260	0.261	0.310	0.315	0.246	0.304	0.278	0.289	0.298	0.304	0.291	0.287	0.321	2.030	0.557	0.293	0.189	-17502.462
937	8	1000	983	0.5180	0.311	0.267	0.306	0.298	0.302	0.312	0.325	0.332	0.323	0.286	0.311	0.300	0.283	0.330	2.087	0.403	0.231	0.182	-17978.090
938	8	1000	980	0.5015	0.312	0.311	0.304	0.317	0.314	0.293	0.304	0.270	0.276	0.324	0.269	0.307	0.287	0.284	2.057	0.465	0.227	0.188	-17717.164
939	8	1000	977	0.5246	0.276	0.302	0.301	0.335	0.271	0.312	0.299	0.314	0.269	0.326	0.308	0.290	0.311	0.268	1.923	0.411	0.211	0.199	-17940.650
940	8	1000	977	0.5258	0.323	0.293	0.287	0.310	0.336	0.282	0.324	0.290	0.268	0.323	0.272	0.303	0.312	0.297	2.007	0.443	0.256	0.183	-18019.339
941	8	1000	981	0.5071	0.313	0.315	0.313	0.328	0.322	0.309	0.320	0.306	0.296	0.331	0.297	0.294	0.309	0.296	2.051	0.502	0.246	0.199	-18079.067
942	8	1000	979	0.5192	0.323	0.281	0.253	0.294	0.296	0.314	0.336	0.263	0.292	0.306	0.272	0.260	0.293	0.295	1.903	0.457	0.211	0.200	-17684.287
943	8	1000	978	0.5016	0.303	0.307	0.309	0.274	0.285	0.309	0.272	0.302	0.224	0.323	0.274	0.322	0.312	0.307	1.909	0.503	0.247	0.200	-17709.975
944	8	1000	973	0.5248	0.338	0.319	0.308	0.321	0.285	0.278	0.288	0.272	0.290	0.295	0.293	0.336	0.312	0.313	1.908	0.470	0.233	0.196	-17960.001
945	8	1000	985	0.5147	0.306	0.335	0.287	0.290	0.255	0.331	0.319	0.297	0.338	0.270	0.293	0.369	0.309	0.312	2.118	0.458	0.245	0.224	-18115.975
946	8	1000	977	0.5109	0.327	0.275	0.314	0.322	0.332	0.304	0.273	0.359	0.320	0.313	0.294	0.278	0.317	0.326	2.013	0.451	0.237	0.207	-18187.709
947	8	1000	987	0.5218	0.356	0.288	0.259	0.271	0.310	0.314	0.293	0.305	0.335	0.290	0.294	0.287	0.317	0.304	1.832	0.424	0.203	0.179	-17837.389
948	8	1000	976	0.5041	0.330	0.343	0.286	0.293	0.301	0.286	0.330	0.307	0.320	0.307	0.267	0.289	0.272	0.322	2.047	0.407	0.268	0.196	-18008.523
949	8	1000	979	0.5086	0.320	0.296	0.329	0.313	0.332	0.277	0.280	0.333	0.330	0.299	0.311	0.303	0.302	0.341	2.024	0.472	0.263	0.180	-18029.185
950	8	1000	978	0.5352	0.348	0.301	0.272	0.251	0.261	0.316	0.264	0.312	0.302	0.300	0.313	0.314	0.305	0.277	2.094	0.435	0.187	0.202	-17638.526
951	8	1000	977	0.5108	0.326	0.261	0.316	0.313	0.281	0.288	0.319	0.307	0.268	0.320	0.330	0.279	0.302	0.280	1.983	0.362	0.188	0.191	-17891.517
952	8	1000	973	0.5000	0.253	0.320	0.294	0.296	0.323	0.292	0.283	0.288	0.262	0.297	0.282	0.249	0.337	0.315	1.918	0.472	0.216	0.199	-17689.235
953	8	1000	979	0.5151	0.329	0.250	0.307	0.306	0.313	0.285	0.368	0.282	0.313	0.332	0.271	0.313	0.280	0.307	1.932	0.427	0.232	0.179	-17963.558
954	8	1000	981	0.5188	0.307	0.302	0.298	0.308	0.313	0.275	0.351	0.334	0.347	0.295	0.341	0.266	0.291	0.313	2.042	0.568	0.307	0.190	-18073.775
955	8	1000	980	0.5130	0.288	0.246	0.279	0.302	0.325	0.312	0.295	0.275	0.296	0.272	0.331	0.294	0.331	0.308	1.972	0.451	0.221	0.219	-17899.460
956	8	1000	979	0.5158	0.293	0.301	0.255	0.291	0.279	0.293	0.317	0.316	0.296	0.328	0.307	0.294	0.292	0.289	2.001	0.519	0.262	0.207	-17820.212
957	8	1000	974	0.5271	0.290	0.255	0.255	0.318	0.290	0.300	0.293	0.267	0.315	0.248	0.286	0.300	0.317	0.284	1.921	0.468	0.226	0.193	-17484.615
958	8	1000	974	0.5119	0.295	0.287	0.253	0.308	0.319	0.334	0.307	0.283	0.304	0.257	0.318	0.324	0.276	0.333	1.979	0.384	0.205	0.224	-17978.234
959	8	1000	980	0.5176	0.328	0.340	0.278	0.320	0.296	0.284	0.315	0.287	0.308	0.287	0.277	0.328	0.260	0.351	2.102	0.493	0.296	0.183	-17940.342
960	8	1000	984	0.5132	0.354	0.318	0.291	0.297	0.289	0.308	0.266	0.312	0.364	0.302	0.299	0.293	0.287	0.302	1.998	0.489	0.233	0.207	-17991.969
961	8	1000	972	0.5127	0.280	0.305	0.276	0.289	0.340	0.291	0.330	0.310	0.349	0.266	0.326	0.303	0.323	0.281	1.897	0.474	0.288	0.198	-18139.848
962	8	1000	976	0.4997	0.343	0.284	0.298	0.285	0.313	0.285	0.316	0.294	0.261	0.285	0.272	0.333	0.320	0.268	1.975	0.551	0.244	0.220	-17817.321
963	8	1000	971	0.5210	0.284	0.305	0.248	0.290	0.303	0.344	0.301	0.346	0.324	0.312	0.281	0.260	0.296	0.281	2.024	0.422	0.204	0.194	-17712.269
964	8	1000	979	0.5273	0.277	0.311	0.245	0.352	0.344	0.298	0.275	0.311	0.339	0.315	0.315	0.347	0.292	0.320	2.120	0.295	0.157	0.202	-18142.186
965	8	1000	974	0.5265	0.296	0.329	0.297	0.298	0.263	0.322	0.303	0.318	0.300	0.307	0.304	0.319	0.305	0.321	1.905	0.581	0.291	0.208	-18193.812
966	8	1000	975	0.4924	0.337	0.295	0.286	0.357	0.310	0.309	0.301	0.321	0.392	0.302	0.308	0.248	0.322	0.290	1.939	0.407	0.201	0.195	-18002.647
967	8	1000	971	0.5036	0.330	0.299	0.309	0.308	0.274	0.272	0.264	0.305	0.278	0.296	0.294	0.317	0.306	0.321	2.060	0.408	0.245	0.197	-17833.792
968	8	1000	988	0.5190	0.314	0.334	0.275	0.293	0.272	0.309	0.291	0.353	0.322	0.323	0.288	0.287	0.296	0.299	2.030	0.482	0.246	0.196	-17936.400
969	8	1000	982	0.5101	0.293	0.308	0.303	0.283	0.345	0.310	0.287	0.251	0.308	0.330	0.286	0.242	0.284	0.317	1.936	0.560	0.296	0.196	-17833.802
970	8	1000	983	0.5106	0.275	0.340	0.253	0.294	0.289	0.267	0.260	0.253	0.345	0.316	0.284	0.304	0.353	0.276	1.922	0.399	0.231	0.220	-17931.628
971	8	1000	978	0.5054	0.292	0.316	0.275	0.292	0.282	0.323	0.332	0.250	0.368	0.307	0.303	0.282	0.302	0.297	1.874	0.379	0.212	0.201	-18057.211
972	8	1000	976	0.5268	0.317	0.286	0.325	0.308	0.276	0.317	0.296	0.313	0.303	0.291	0.289	0.274	0.292	0.274	1.910	0.541	0.239	0.200	-17760.516
973	8	1000	982	0.5108	0.287	0.269	0.280	0.305	0.289	0.318	0.259	0.341	0.315	0.300	0.330	0.290	0.257	0.295	2.063	0.438	0.197	0.220	-17751.637
974	8	1000	987	0.5246	0.306	0.307	0.304	0.253	0.269	0.331	0.312	0.265	0.254	0.334	0.291	0.333	0.308	0.265	2.004	0.484	0.257	0.184	-17795.393
975	8	1000	979	0.5168	0.253	0.286	0.254	0.331	0.321	0.309	0.300	0.277	0.312	0.310	0.274	0.330	0.243	0.330	1.920	0.469	0.223	0.206	-17828.132
976	8	1000	978	0.5136	0.253	0.336	0.279	0.302	0.351	0.342	0.274	0.281	0.322	0.296	0.299	0.284	0.306	0.275	2.133	0.451	0.265	0.189	-17893.072
977	8	1000	993	0.5216	0.268	0.294	0.266	0.305	0.322	0.300	0.319	0.321	0.331	0.278	0.304	0.309	0.267	0.331	1.959	0.428	0.206	0.235	-18085.216
978	8	1000	976	0.5118	0.292	0.274	0.280	0.332	0.314	0.322	0.304	0.317	0.271	0.324	0.338	0.283	0.274	0.264	1.968	0.358	0.200	0.191	-17921.624
979	8	1000	980	0.5180	0.302	0.301	0.256	0.259	0.259	0.327	0.277	0.271	0.257	0.284	0.252	0.324	0.305	0.298	1.879	0.553	0.259	0.199	-17510.380
980	8	1000	974	0.5136	0.274	0.320	0.291	0.293	0.268	0.283	0.269	0.329	0.292	0.322	0.290	0.317	0.294	0.287	2.046	0.412	0.200	0.193	-17674.252
981	8	1000	972	0.5098	0.277	0.286	0.265	0.297	0.297	0.305	0.309	0.360	0.257	0.296	0.307	0.290	0.293	0.292	1.971	0.471	0.248	0.190	-17711.803
982	8	1000	974	0.5150	0.344	0.313	0.309	0.282	0.316	0.272	0.297	0.262	0.267	0.301	0.263	0.325	0.289	0.301	1.929	0.358	0.167	0.200	-17721.106
983	8	1000	979	0.5195	0.345	0.286	0.287	0.326	0.348	0.299	0.287	0.290	0.302	0.334	0.332	0.297	0.304	0.290	2.125	0.449	0.281	0.168	-18033.322
984	8	1000	969	0.5100	0.249	0.319	0.263	0.310	0.272	0.278	0.335	0.326	0.316	0.323	0.286	0.287	0.264	0.347	1.988	0.457	0.284	0.197	-17902.237
985	8	1000	979	0.5067	0.341	0.332	0.297	0.303	0.291	0.353	0.293	0.259	0.278	0.311	0.293	0.283	0.300	0.291	1.894	0.414	0.204	0.205	-18004.061
986	8	1000	979	0.5074	0.298	0.254	0.265	0.315	0.325	0.313	0.305	0.306	0.266	0.305	0.299	0.264	0.257	0.270	1.934	0.467	0.222	0.197	-17517.513
987	8	1000	979	0.5097	0.298	0.323	0.234	0.311	0.313	0.329	0.278	0.326	0.281	0.278	0.336	0.366	0.288	0.274	2.164	0.253	0.135	0.187	-17778.607
988	8	1000	970	0.4966	0.316	0.306	0.270	0.260	0.342	0.352	0.264	0.311	0.361	0.314	0.282	0.307	0.321	0.272	2.186	0.465	0.236	0.196	-17836.066
989	8	1000	982	0.5137	0.277	0.284	0.321	0.298	0.304	0.291	0.344	0.317	0.295	0.288	0.312	0.346	0.297	0.296	2.127	0.410	0.221	0.189	-17941.869
990	8	1000	975	0.5177	0.289	0.324	0.287	0.321	0.315	0.353	0.300	0.296	0.274	0.327	0.295	0.353	0.295	0.296	2.182	0.525	0.279	0.192	-17968.427
991	8	1000	980	0.5218	0.317	0.281	0.284	0.293	0.294	0.308	0.314	0.391	0.262	0.262	0.299	0.311	0.292	0.290	1.935	0.552	0.283	0.191	-17765.207
992	8	1000	975	0.5082	0.302	0.318	0.334	0.327	0.244	0.284	0.288	0.301	0.276	0.302	0.275	0.281	0.302	0.265	2.000	0.553	0.299	0.192	-17671.827
993	8	1000	974	0.5074	0.311	0.250	0.321	0.272	0.357	0.292	0.325	0.280	0.290	0.309	0.286	0.394	0.282	0.277	2.019	0.514	0.279	0.182	-17792.066
994	8	1000	985	0.5179	0.332	0.309	0.274	0.306	0.266	0.325	0.336	0.307	0.331	0.268	0.292	0.329	0.340	0.274	1.863	0.459	0.230	0.207	-18094.821
995	8	1000	972	0.5145	0.328	0.292	0.254	0.313	0.329	0.292	0.300	0.326	0.300	0.270	0.297	0.332	0.346	0.313	2.066	0.296	0.165	0.197	-18012.389
996	8	1000	978	0.5074	0.309	0.349	0.291	0.273	0.341	0.343	0.287	0.289	0.258	0.318	0.305	0.368	0.268	0.304	1.858	0.492	0.311	0.196	-18215.592
997	8	1000	973	0.5190	0.323	0.298	0.294	0.308	0.310	0.334	0.344	0.263	0.266	0.311	0.288	0.273	0.273	0.317	1.939	0.417	0.230	0.188	-17912.210
998	8	1000	978	0.5128	0.281	0.292	0.293	0.285	0.294	0.297	0.284	0.318	0.285	0.273	0.327	0.296	0.312	0.321	1.833	0.494	0.230	0.212	-17856.947
999	8	1000	983	0.5170	0.285	0.334	0.318	0.273	0.273	0.298	0.337	0.367	0.284	0.278	0.308	0.332	0.278	0.280	2.080	0.499	0.291	0.202	-17984.190
1000	8	1000	983	0.4984	0.328	0.288	0.275	0.327	0.265	0.322	0.311	0.332	0.344	0.318	0.274	0.265	0.304	0.290	1.944	0.588	0.262	0.209	-17850.638
