1	8	100	100	0.5100	0.242	0.360	0.278	0.272	0.371	0.438	0.184	0.287	0.318	0.167	0.372	0.321	0.468	0.313	1.933	0.552	0.383	0.224	5.309	-1840.019
2	8	100	100	0.5171	0.217	0.230	5.478	0.235	0.499	0.303	0.322	0.237	0.367	0.172	0.265	0.251	0.224	0.341	2.317	0.717	0.268	0.260	998.998	-1755.788
3	8	100	98	0.4846	0.372	0.324	0.180	0.371	0.131	0.342	0.212	0.001	0.307	0.181	0.309	0.354	0.299	0.217	2.070	0.526	0.142	0.182	837.267	-1632.496
4	8	100	100	0.4829	0.639	0.414	0.175	0.481	0.349	0.412	0.295	0.000	0.416	0.401	0.181	0.261	0.221	0.295	2.311	0.528	0.145	0.151	639.896	-1730.804
5	8	100	100	0.5225	0.606	0.326	0.215	0.271	0.243	0.239	0.356	0.002	0.342	0.302	0.322	0.326	0.221	0.245	1.910	0.521	0.191	0.217	15.950	-1756.413
6	8	100	100	0.5075	0.410	0.249	0.173	0.431	0.278	0.215	0.315	0.389	0.287	0.287	0.257	0.160	0.300	0.229	2.223	0.583	0.417	0.168	13.980	-1721.058
7	8	100	98	0.5754	0.290	0.411	0.365	0.245	0.366	0.274	0.287	0.278	0.249	0.298	0.204	0.314	0.350	0.227	1.824	0.435	0.438	0.120	2.276	-1787.493
8	8	100	99	0.5421	0.309	0.417	0.151	0.264	0.364	0.403	0.247	0.312	0.223	0.328	0.439	0.557	0.255	0.319	2.253	0.000	0.000	0.167	1.000	-1820.445
9	8	100	100	0.5217	0.253	0.450	0.266	0.300	0.190	0.335	0.331	0.290	0.220	0.186	0.496	0.352	0.253	0.435	2.065	0.594	0.314	0.212	18.661	-1818.987
10	8	100	100	0.5200	0.226	0.258	0.428	0.382	0.557	0.180	0.274	0.255	0.339	0.294	0.239	0.544	0.257	0.360	2.396	0.621	0.261	0.175	6.914	-1793.623
11	8	100	100	0.4996	0.209	0.336	0.377	0.322	0.379	0.214	0.292	0.173	0.210	0.248	0.421	0.316	0.331	0.348	1.649	0.557	0.221	0.173	2.342	-1770.482
12	8	100	99	0.4921	0.450	0.251	0.292	0.224	0.228	0.189	0.201	0.251	0.312	0.369	0.265	0.257	0.209	0.243	2.435	0.748	0.252	0.226	1.000	-1650.029
13	8	100	100	0.5425	0.343	0.213	0.277	0.492	0.443	0.252	0.284	0.358	0.289	0.321	0.269	0.278	0.280	0.262	2.054	0.301	0.135	0.224	1.000	-1835.371
14	8	100	100	0.5079	0.172	0.232	0.263	0.292	0.386	0.223	0.263	0.216	0.302	0.442	0.221	0.436	0.151	0.374	2.103	0.672	0.328	0.208	1.000	-1736.164
15	8	100	99	0.5171	0.218	0.511	0.371	0.195	0.316	0.210	0.336	0.229	0.361	0.344	0.299	0.249	0.329	0.348	2.302	0.684	0.287	0.229	8.023	-1784.372
16	8	100	100	0.5167	0.275	0.307	3.392	0.238	0.280	0.285	0.287	0.270	0.359	0.267	0.313	0.212	0.367	0.269	2.257	0.494	0.495	0.088	998.999	-1720.688
17	8	100	99	0.5079	0.460	0.350	0.137	0.462	0.539	0.378	0.192	0.000	0.216	0.262	0.213	0.343	0.166	0.310	2.256	0.000	0.000	0.223	943.395	-1735.485
18	8	100	100	0.5237	0.576	0.436	0.311	0.295	0.227	0.187	0.309	0.199	0.240	0.309	0.225	0.329	0.355	0.298	1.890	0.629	0.228	0.217	1.000	-1787.126
19	8	100	99	0.5050	0.272	0.106	0.227	0.353	0.349	0.359	0.331	0.314	0.409	0.276	0.439	0.191	0.428	0.352	1.872	0.446	0.287	0.144	1.000	-1791.372
20	8	100	100	0.4992	0.301	0.376	0.102	0.255	0.163	0.121	0.330	0.366	0.302	0.469	0.236	0.280	0.224	0.354	1.804	0.628	0.372	0.213	1.000	-1713.313
21	8	100	99	0.5238	0.223	0.369	0.380	0.356	0.235	0.282	0.294	0.270	0.336	0.307	0.388	0.320	0.354	0.209	1.692	0.587	0.293	0.159	5.975	-1797.626
22	8	100	100	0.5138	0.298	0.497	0.339	0.361	0.217	0.259	0.279	0.285	0.361	0.270	0.198	0.370	0.414	0.356	2.121	0.516	0.204	0.198	2.715	-1807.149
23	8	100	100	0.5104	0.284	0.249	0.200	0.384	0.349	0.434	0.395	0.321	0.229	0.453	0.134	0.322	0.252	0.328	2.215	0.275	0.146	0.208	1.000	-1793.489
24	8	100	100	0.5271	0.232	0.361	0.301	0.245	0.273	0.354	0.215	0.250	0.428	0.365	0.354	0.320	0.368	0.275	2.380	0.569	0.374	0.198	12.647	-1800.699
25	8	100	100	0.4933	0.319	0.123	0.274	0.315	0.400	0.414	0.246	0.309	0.262	0.346	0.353	0.426	0.240	0.279	2.268	0.390	0.159	0.180	1.000	-1768.628
26	8	100	100	0.5275	0.341	0.378	0.293	0.323	0.308	0.281	0.424	0.260	0.181	0.396	0.214	0.258	0.318	0.334	2.074	0.544	0.259	0.220	4.031	-1830.072
27	8	100	98	0.5321	0.262	0.304	0.295	0.394	0.241	0.276	0.281	0.263	0.155	0.307	0.392	0.286	0.262	0.313	2.461	0.676	0.238	0.216	15.446	-1720.483
28	8	100	100	0.5450	0.334	0.375	0.294	0.192	0.295	0.161	0.354	0.320	0.369	0.233	0.398	0.258	0.294	0.254	1.695	0.819	0.181	0.316	15.281	-1788.937
29	8	100	100	0.5288	0.403	0.295	0.380	0.359	0.153	0.260	0.233	0.418	0.327	0.207	0.358	0.345	0.368	0.293	1.890	0.559	0.234	0.158	6.491	-1768.063
30	8	100	99	0.5096	0.362	0.236	0.380	0.232	0.518	0.366	0.282	0.378	0.313	0.389	0.422	0.305	0.290	0.263	1.915	0.601	0.231	0.265	4.395	-1874.092
31	8	100	100	0.4942	0.332	0.337	0.322	0.197	0.388	0.287	0.264	0.310	0.239	0.305	0.401	0.263	0.212	0.320	2.049	0.577	0.211	0.236	1.000	-1758.278
32	8	100	100	0.5479	0.370	0.400	0.343	0.234	0.277	0.261	0.311	0.357	0.334	0.350	0.296	0.407	0.231	0.314	2.524	0.616	0.220	0.228	8.312	-1795.256
33	8	100	100	0.5042	0.279	0.393	0.290	0.233	0.348	0.234	0.317	0.263	0.432	0.249	0.342	0.181	0.342	0.254	2.001	0.570	0.216	0.232	10.098	-1767.164
34	8	100	100	0.5150	0.289	0.362	0.404	0.240	0.225	0.253	0.398	0.274	0.348	0.328	0.240	0.248	0.217	0.267	2.802	0.642	0.239	0.171	8.928	-1696.471
35	8	100	100	0.5108	0.294	0.251	0.262	0.150	0.220	0.187	0.286	0.266	0.174	0.333	0.226	0.294	0.391	0.301	2.098	0.530	0.141	0.253	9.732	-1649.029
36	8	100	100	0.5017	0.338	0.380	0.324	0.294	0.376	0.197	0.272	0.317	0.322	0.418	0.179	0.284	0.283	0.309	1.946	0.559	0.300	0.200	11.539	-1780.827
37	8	100	100	0.4692	0.292	0.582	0.342	0.247	0.294	0.254	0.192	0.258	0.279	0.327	0.212	0.236	0.210	0.270	1.590	0.400	0.299	0.097	1.000	-1700.238
38	8	100	100	0.5025	0.292	0.229	0.514	0.222	0.327	0.379	0.412	0.268	0.342	0.227	0.287	0.379	0.350	0.311	1.852	0.652	0.308	0.247	13.190	-1840.408
39	8	100	99	0.5188	0.322	0.281	0.430	0.178	0.355	0.288	0.129	0.329	0.216	0.263	0.214	0.388	0.365	0.265	1.982	0.683	0.230	0.205	13.745	-1694.378
40	8	100	100	0.5146	0.333	0.285	0.185	0.321	0.174	0.261	0.296	0.309	0.371	0.301	0.368	0.216	0.257	0.246	1.779	0.752	0.209	0.163	7.443	-1666.961
41	8	100	99	0.4850	0.273	0.352	0.359	0.211	0.341	0.320	0.228	0.220	0.421	0.215	0.229	0.210	0.327	0.329	1.742	0.659	0.341	0.190	5.327	-1716.115
42	8	100	100	0.4783	0.283	0.127	0.264	0.360	0.455	0.431	0.442	0.315	0.268	0.296	0.348	0.361	0.360	0.341	2.385	0.684	0.283	0.227	4.319	-1836.729
43	8	100	99	0.5129	0.213	0.309	0.212	0.197	0.373	0.275	0.257	0.201	0.282	0.305	0.255	0.217	0.342	0.200	2.160	0.390	0.219	0.137	1.000	-1649.657
44	8	100	100	0.5554	0.339	0.150	0.323	0.369	0.351	0.270	0.264	0.287	0.269	0.338	0.242	0.260	0.284	0.372	1.767	0.000	0.000	0.189	1.000	-1795.453
45	8	100	100	0.5196	0.319	0.203	0.329	0.248	0.207	0.367	0.293	0.338	0.334	0.262	0.303	0.321	0.222	0.434	2.126	0.611	0.241	0.219	3.171	-1783.090
46	8	100	98	0.4779	0.278	0.161	0.409	0.362	0.415	0.299	0.326	0.306	0.513	0.424	0.260	0.205	0.316	0.298	2.112	0.649	0.287	0.299	6.832	-1873.251
47	8	100	100	0.5063	0.287	0.242	0.353	0.213	0.376	0.245	0.265	0.316	0.210	0.237	0.306	0.279	0.149	0.293	2.109	0.502	0.199	0.301	1.799	-1719.343
48	8	100	100	0.5338	0.237	0.278	0.273	0.437	0.145	0.190	0.328	0.228	0.321	0.331	0.182	0.321	0.268	0.272	1.827	0.763	0.210	0.197	11.765	-1657.356
49	8	100	100	0.5038	0.361	0.229	0.486	0.364	0.160	0.300	0.264	0.315	0.221	0.320	0.311	0.342	0.226	0.311	2.016	0.726	0.245	0.220	42.735	-1736.665
50	8	100	100	0.4988	0.348	0.302	0.189	0.402	0.131	0.331	0.328	0.326	0.336	0.271	0.203	0.273	0.194	0.319	2.230	0.000	0.000	0.182	1.000	-1721.188
51	8	100	100	0.5146	0.369	0.237	0.356	0.342	0.327	0.240	0.332	0.419	0.285	0.423	0.242	0.281	0.291	0.308	2.123	0.313	0.164	0.201	2.390	-1833.520
52	8	100	99	0.5288	0.295	0.197	0.235	0.293	0.466	0.287	0.331	0.364	0.212	0.278	0.221	0.256	0.220	0.371	1.983	0.510	0.332	0.188	1.000	-1760.991
53	8	100	100	0.5133	0.284	0.428	0.291	0.179	0.397	0.391	0.255	0.316	0.380	0.235	0.211	0.216	0.280	0.365	1.649	0.378	0.212	0.130	1.000	-1770.727
54	8	100	99	0.5075	0.464	0.306	0.505	0.234	0.173	0.226	0.363	0.484	0.223	0.259	0.329	0.546	0.379	0.206	2.452	0.587	0.293	0.192	3.933	-1789.518
55	8	100	99	0.4912	0.248	0.366	0.357	0.400	0.362	0.332	0.156	0.211	0.341	0.343	0.241	0.153	0.313	0.352	2.047	0.437	0.295	0.175	3.067	-1783.900
56	8	100	100	0.5046	0.361	0.331	0.428	0.308	0.223	0.362	0.274	0.406	0.363	0.453	0.385	0.283	0.227	0.379	2.010	0.417	0.269	0.246	2.346	-1920.024
57	8	100	100	0.4775	0.242	0.436	0.420	0.267	0.280	0.324	0.232	0.307	0.200	0.287	0.275	0.273	0.146	0.434	2.096	0.446	0.334	0.137	1.699	-1764.104
58	8	100	100	0.5254	0.226	0.109	0.406	0.495	0.296	0.410	0.297	0.297	0.489	0.477	0.336	0.211	0.290	0.388	2.250	0.464	0.489	0.154	16.421	-1887.013
59	8	100	100	0.5312	0.243	0.315	0.311	0.273	0.213	0.317	0.294	0.255	0.319	0.340	0.242	0.176	0.280	0.245	2.372	0.641	0.320	0.256	7.091	-1727.633
60	8	100	100	0.5417	0.293	0.309	0.296	0.341	0.193	0.321	0.352	0.257	0.274	0.254	0.297	0.257	0.246	0.381	2.205	0.526	0.343	0.137	8.351	-1738.416
61	8	100	99	0.5133	0.273	0.313	0.351	0.305	0.203	0.312	0.199	0.353	0.302	0.242	0.408	0.317	0.325	0.325	1.749	0.587	0.284	0.183	9.899	-1763.554
62	8	100	99	0.5117	0.292	0.186	0.235	0.301	0.289	0.199	0.283	0.256	0.235	0.250	0.349	0.241	0.338	0.239	2.035	0.837	0.163	0.244	9.639	-1673.649
63	8	100	100	0.5104	0.396	0.175	0.222	0.457	0.275	0.241	0.372	0.308	0.192	0.152	0.270	0.295	0.288	0.437	2.158	0.507	0.493	0.208	5.680	-1798.246
64	8	100	100	0.4983	0.364	0.324	0.244	0.297	0.259	0.300	0.199	0.399	0.258	0.391	0.207	0.363	0.191	0.343	2.051	0.000	0.000	0.172	1.092	-1757.911
65	8	100	99	0.4958	0.353	0.265	0.232	0.177	0.342	0.284	0.271	0.343	0.251	0.164	0.386	0.282	0.172	0.232	2.093	0.505	0.249	0.208	1.450	-1669.965
66	8	100	100	0.5092	0.202	0.251	0.234	0.328	0.366	0.267	0.245	0.258	0.238	0.214	0.315	0.227	0.406	0.259	1.876	0.559	0.331	0.245	4.830	-1739.732
67	8	100	100	0.5142	0.317	0.234	1.232	0.408	0.417	0.302	0.411	0.364	0.250	0.235	0.304	0.519	0.467	0.283	2.022	0.477	0.488	0.136	102.545	-1887.199
68	8	100	99	0.5012	0.337	0.151	0.240	0.325	0.253	0.277	0.208	0.308	0.207	0.353	0.291	0.226	0.342	0.277	2.096	0.593	0.328	0.179	3.356	-1671.950
69	8	100	99	0.5142	0.283	0.304	0.380	0.285	0.292	0.263	0.337	0.312	0.303	0.332	0.327	0.279	0.196	0.312	1.909	0.745	0.225	0.258	4.952	-1797.796
70	8	100	100	0.5175	0.334	0.563	0.239	0.288	0.189	0.219	0.265	0.345	0.335	0.328	0.299	0.299	0.489	0.294	1.887	0.593	0.263	0.153	3.595	-1769.995
71	8	100	100	0.4983	0.392	0.363	0.345	0.229	0.264	0.255	0.405	0.335	0.135	0.268	0.256	0.402	0.440	0.286	2.413	0.351	0.185	0.151	1.000	-1771.225
72	8	100	99	0.5325	0.398	0.438	0.417	0.197	0.403	0.266	0.298	0.312	0.253	0.270	0.379	0.342	0.125	0.305	1.525	0.604	0.256	0.168	5.984	-1771.363
73	8	100	100	0.5042	0.268	0.251	6.937	0.293	0.389	0.174	0.335	0.242	0.354	0.275	0.175	0.304	0.281	0.290	2.492	0.680	0.289	0.237	743.866	-1726.176
74	8	100	99	0.5246	0.066	0.289	0.381	0.424	0.318	0.259	0.368	0.436	0.420	0.319	0.240	0.478	0.357	0.304	2.159	0.473	0.307	0.156	4.904	-1835.799
75	8	100	100	0.5325	0.343	0.285	0.234	0.399	0.207	0.270	0.250	0.369	0.314	0.418	0.253	0.215	0.292	0.212	1.858	0.447	0.183	0.170	1.000	-1742.820
76	8	100	100	0.5221	0.357	0.337	0.907	0.347	0.221	0.314	0.280	0.384	0.355	0.303	0.331	0.329	0.227	0.331	1.680	0.627	0.286	0.197	62.139	-1822.259
77	8	100	100	0.5088	0.371	0.250	0.300	0.276	0.363	0.299	0.275	0.285	0.237	0.325	0.335	0.283	0.281	0.342	1.733	0.639	0.361	0.219	53.189	-1812.890
78	8	100	100	0.5467	0.275	0.291	0.314	0.244	0.248	0.402	0.245	0.301	0.180	0.323	0.265	0.363	0.393	0.187	2.163	0.707	0.250	0.211	10.758	-1727.976
79	8	100	100	0.5121	0.312	0.273	0.310	0.200	0.594	0.289	0.258	0.263	0.235	0.295	0.321	0.331	0.189	0.461	1.991	0.701	0.299	0.209	6.781	-1793.685
80	8	100	100	0.5208	0.337	0.235	0.311	0.307	0.466	0.360	0.206	0.405	0.305	0.330	0.238	0.235	0.351	0.252	2.255	0.520	0.210	0.174	22.024	-1723.222
81	8	100	100	0.5271	0.249	0.405	0.107	0.271	0.445	0.368	0.283	0.201	0.511	0.265	0.344	0.310	0.325	0.298	1.751	0.000	0.000	0.157	1.000	-1809.219
82	8	100	100	0.4838	0.238	0.302	0.475	0.271	0.252	0.175	0.252	0.189	0.201	0.254	0.286	0.268	0.258	0.305	1.998	0.518	0.235	0.203	15.418	-1666.980
83	8	100	100	0.5258	0.252	0.281	0.235	0.200	0.268	0.426	0.115	0.250	0.264	0.327	0.410	0.390	0.332	0.313	2.054	0.650	0.350	0.266	8.919	-1795.193
84	8	100	100	0.5404	0.203	0.310	0.239	0.337	0.230	0.289	0.366	0.240	0.318	0.291	0.192	0.289	0.197	0.215	2.332	0.648	0.348	0.215	6.800	-1704.884
85	8	100	98	0.5154	0.188	0.228	0.293	0.314	0.368	0.314	0.283	0.197	0.324	0.278	0.275	0.213	0.441	0.222	1.924	0.627	0.272	0.216	6.011	-1741.410
86	8	100	99	0.4850	0.175	0.252	0.411	0.274	0.223	0.359	0.433	0.237	0.268	0.477	0.153	0.217	0.183	0.335	2.220	0.494	0.248	0.130	7.165	-1677.677
87	8	100	99	0.5142	0.218	0.137	0.306	0.432	0.459	0.260	0.212	0.268	0.289	0.484	0.333	0.254	0.346	0.180	2.076	0.573	0.405	0.158	6.677	-1744.648
88	8	100	100	0.5233	0.304	0.419	0.250	0.140	0.408	0.300	0.235	0.295	0.335	0.320	0.296	0.425	0.405	0.142	2.347	0.650	0.350	0.179	1.402	-1740.968
89	8	100	100	0.5296	0.212	0.230	2.717	0.285	0.197	0.219	0.218	0.270	0.261	0.185	0.319	0.259	0.275	0.204	1.641	0.775	0.164	0.165	106.700	-1614.660
90	8	100	99	0.4975	0.271	0.181	0.318	0.304	0.442	0.285	0.275	0.321	0.285	0.256	0.259	0.297	0.366	0.297	1.661	0.637	0.332	0.195	7.561	-1782.424
91	8	100	100	0.5283	0.222	0.317	0.939	0.274	0.281	0.382	0.295	0.275	0.354	0.399	0.285	0.248	0.333	0.282	1.927	0.609	0.367	0.206	153.307	-1803.984
92	8	100	100	0.5054	0.324	0.228	0.243	0.142	0.284	0.308	0.293	0.273	0.354	0.298	0.303	0.248	0.312	0.281	1.938	0.628	0.239	0.236	1.187	-1726.795
93	8	100	98	0.5050	0.327	0.311	0.292	0.239	0.144	0.189	0.210	0.235	0.316	0.182	0.312	0.105	0.339	0.148	1.977	0.676	0.242	0.148	3.243	-1556.228
94	8	100	100	0.5029	0.404	0.064	0.413	0.354	0.363	0.285	0.353	0.339	0.323	0.302	0.263	0.362	0.271	0.318	1.863	0.543	0.331	0.179	2.072	-1841.410
95	8	100	98	0.4900	0.312	0.210	0.308	0.192	0.319	0.254	0.397	0.347	0.359	0.337	0.217	0.176	0.263	0.283	2.663	0.652	0.297	0.171	3.340	-1666.118
96	8	100	99	0.4958	0.384	0.246	0.248	0.207	0.264	0.382	0.257	0.442	0.217	0.304	0.354	0.252	0.385	0.233	2.004	0.553	0.400	0.211	12.144	-1757.369
97	8	100	100	0.5596	0.302	0.363	0.308	0.338	0.279	0.319	0.358	0.370	0.443	0.292	0.378	0.139	0.272	0.280	2.124	0.707	0.293	0.182	8.586	-1802.581
98	8	100	100	0.5454	0.217	0.202	0.266	0.188	0.395	0.359	0.243	0.230	0.302	0.173	0.352	0.332	0.463	0.279	2.028	0.659	0.215	0.176	3.548	-1722.385
99	8	100	100	0.5033	0.377	0.228	0.468	0.361	0.348	0.384	0.225	0.386	0.395	0.186	0.396	0.210	0.420	0.314	2.055	0.506	0.388	0.229	90.104	-1835.141
100	8	100	99	0.5288	0.398	0.361	0.201	0.678	0.198	0.291	0.272	0.323	0.264	0.378	0.321	0.332	0.377	0.277	1.648	0.000	0.000	0.198	1.000	-1850.161
101	8	100	100	0.4842	0.239	0.434	0.316	0.289	0.313	0.290	0.312	0.232	0.303	0.289	0.317	0.253	0.309	0.244	2.329	0.654	0.327	0.214	36.962	-1731.053
102	8	100	99	0.5550	0.261	0.337	0.204	0.411	0.442	0.261	0.247	0.262	0.289	0.129	0.280	0.382	0.288	0.206	2.476	0.648	0.335	0.208	21.578	-1686.214
103	8	100	100	0.5271	0.221	0.261	7.291	0.272	0.346	0.282	0.299	0.287	0.377	0.341	0.247	0.243	0.306	0.347	2.392	0.723	0.259	0.186	929.362	-1729.562
104	8	100	99	0.5350	0.240	0.353	0.795	0.305	0.259	0.228	0.342	0.322	0.190	0.413	0.290	0.151	0.277	0.262	2.250	0.731	0.247	0.280	134.655	-1741.448
105	8	100	99	0.4804	0.279	0.272	6.104	0.305	0.446	0.302	0.230	0.268	0.231	0.282	0.451	0.414	0.288	0.343	2.002	0.712	0.266	0.308	809.901	-1851.113
106	8	100	98	0.4875	0.330	0.325	0.095	0.300	0.317	0.254	0.353	0.292	0.461	0.404	0.348	0.427	0.354	0.270	2.103	0.000	0.000	0.188	811.210	-1802.055
107	8	100	100	0.5158	0.371	0.438	0.150	0.526	0.139	0.237	0.273	0.352	0.351	0.321	0.363	0.377	0.210	0.377	2.036	0.000	0.000	0.188	809.129	-1787.085
108	8	100	99	0.4908	0.399	0.266	0.288	0.368	0.406	0.276	0.339	0.179	0.324	0.324	0.289	0.198	0.419	0.246	2.588	0.697	0.303	0.243	1.000	-1802.304
109	8	100	99	0.5233	0.259	0.301	0.397	0.269	0.317	0.229	0.314	0.277	0.331	0.290	0.284	0.245	0.298	0.470	2.032	0.518	0.292	0.173	4.149	-1782.621
110	8	100	100	0.4637	0.253	0.417	0.367	0.369	0.142	0.290	0.327	0.283	0.289	0.261	0.231	0.242	0.324	0.271	1.910	0.595	0.219	0.228	7.509	-1758.769
111	8	100	100	0.5417	0.258	0.422	0.197	0.390	0.257	0.329	0.284	0.277	0.494	0.245	0.306	0.390	0.220	0.455	2.133	0.582	0.364	0.150	9.831	-1821.746
112	8	100	99	0.5188	0.279	0.240	0.296	0.398	0.366	0.255	0.254	0.268	0.259	0.416	0.316	0.475	0.306	0.302	2.377	0.541	0.365	0.216	2.528	-1834.389
113	8	100	100	0.5233	0.247	0.319	0.169	0.456	0.276	0.196	0.299	0.286	0.336	0.320	0.250	0.222	0.308	0.353	2.276	0.529	0.135	0.208	9.307	-1715.338
114	8	100	100	0.5092	0.248	0.345	0.437	0.399	0.307	0.354	0.224	0.260	0.248	0.389	0.341	0.495	0.276	0.310	1.808	0.713	0.272	0.191	76.166	-1819.169
115	8	100	100	0.5429	0.220	0.339	0.251	0.288	0.187	0.177	0.344	0.178	0.190	0.296	0.286	0.400	0.125	0.234	1.857	0.306	0.116	0.191	3.292	-1644.417
116	8	100	99	0.5175	0.342	0.222	0.310	0.303	0.150	0.219	0.291	0.305	0.348	0.343	0.219	0.336	0.274	0.179	2.063	0.578	0.422	0.110	1.000	-1681.500
117	8	100	99	0.5133	0.308	0.300	0.178	0.375	0.444	0.259	0.338	0.279	0.165	0.128	0.370	0.355	0.286	0.342	2.074	0.666	0.334	0.174	1.000	-1726.390
118	8	100	100	0.5367	0.251	0.225	0.216	0.260	0.369	0.270	0.192	0.229	0.318	0.192	0.208	0.205	0.334	0.371	2.249	0.000	0.000	0.166	128.500	-1659.360
119	8	100	99	0.5138	0.191	0.424	0.213	0.225	0.377	0.372	0.335	0.202	0.256	0.411	0.289	0.261	0.309	0.320	2.231	0.000	0.000	0.236	1.000	-1778.060
120	8	100	100	0.5325	0.305	0.429	0.400	0.325	0.311	0.258	0.408	0.297	0.233	0.270	0.260	0.257	0.323	0.303	2.077	0.571	0.278	0.180	5.108	-1796.696
121	8	100	99	0.5258	0.279	0.312	0.368	0.310	0.365	0.170	0.317	0.281	0.335	0.204	0.256	0.237	0.270	0.151	2.076	0.692	0.285	0.240	16.316	-1700.878
122	8	100	99	0.5379	0.210	0.290	0.250	0.316	0.500	0.343	0.209	0.228	0.359	0.298	0.174	0.345	0.263	0.355	1.872	0.646	0.354	0.175	23.382	-1747.395
123	8	100	98	0.5154	0.359	0.195	0.337	0.196	0.454	0.251	0.281	0.333	0.332	0.227	0.263	0.226	0.333	0.367	1.810	0.584	0.416	0.177	21.121	-1775.151
124	8	100	99	0.5062	0.253	0.464	0.352	0.207	0.233	0.156	0.291	0.269	0.413	0.341	0.319	0.258	0.242	0.232	1.930	0.523	0.330	0.161	13.214	-1705.727
125	8	100	100	0.5129	0.277	0.329	0.305	0.238	0.221	0.344	0.380	0.245	0.394	0.218	0.304	0.285	0.428	0.374	1.731	0.555	0.365	0.176	4.115	-1811.948
126	8	100	99	0.4846	0.323	0.338	0.346	0.255	0.208	0.331	0.289	0.292	0.457	0.285	0.157	0.294	0.296	0.318	2.015	0.696	0.272	0.260	2.758	-1755.889
127	8	100	99	0.5325	0.215	0.348	0.194	0.299	0.203	0.272	0.219	0.247	0.314	0.320	0.273	0.370	0.430	0.242	2.196	0.532	0.267	0.172	5.465	-1699.273
128	8	100	100	0.5317	0.096	0.251	0.194	0.367	0.432	0.360	0.324	0.542	0.200	0.273	0.442	0.474	0.332	0.168	1.773	0.543	0.427	0.192	1.185	-1822.877
129	8	100	100	0.4896	0.250	0.300	0.267	0.344	0.341	0.266	0.194	0.178	0.333	0.247	0.329	0.353	0.453	0.317	1.870	0.447	0.276	0.196	5.324	-1783.973
130	8	100	99	0.5363	0.312	0.306	0.210	0.348	0.063	0.313	0.324	0.248	0.365	0.244	0.364	0.282	0.215	0.349	1.771	0.697	0.196	0.208	1.509	-1741.496
131	8	100	100	0.4996	0.296	0.319	0.185	0.278	0.335	0.333	0.300	0.284	0.183	0.328	0.417	0.425	0.245	0.263	1.840	0.588	0.226	0.241	4.150	-1785.149
132	8	100	100	0.4942	0.335	0.397	0.307	0.288	0.283	0.336	0.365	0.358	0.241	0.204	0.317	0.318	0.226	0.353	2.164	0.558	0.371	0.195	6.297	-1798.909
133	8	100	100	0.5600	0.355	0.405	0.388	0.297	0.183	0.374	0.368	0.359	0.432	0.288	0.305	0.316	0.512	0.247	2.484	0.668	0.332	0.259	4.993	-1906.029
134	8	100	100	0.5350	0.242	0.270	0.252	0.207	0.399	0.235	0.230	0.213	0.451	0.346	0.426	0.340	0.243	0.385	1.954	0.744	0.256	0.250	1.416	-1798.584
135	8	100	100	0.5546	0.267	0.222	0.234	0.435	0.309	0.414	0.264	0.290	0.262	0.371	0.269	0.331	0.189	0.208	1.851	0.687	0.287	0.232	18.663	-1778.132
136	8	100	100	0.5008	0.201	0.214	0.966	0.239	0.225	0.263	0.379	0.228	0.498	0.368	0.197	0.373	0.305	0.425	2.184	0.688	0.298	0.161	219.130	-1723.519
137	8	100	100	0.5129	0.310	0.306	0.363	0.417	0.282	0.372	0.307	0.402	0.228	0.294	0.255	0.196	0.295	0.371	1.825	0.734	0.266	0.235	221.179	-1815.772
138	8	100	100	0.5233	0.316	0.410	0.497	0.262	0.283	0.297	0.323	0.315	0.300	0.328	0.263	0.302	0.299	0.276	2.009	0.547	0.337	0.226	4.348	-1845.539
139	8	100	100	0.5458	0.314	0.168	0.268	0.364	0.320	0.388	0.208	0.369	0.281	0.359	0.236	0.422	0.392	0.209	2.045	0.263	0.136	0.225	1.823	-1816.681
140	8	100	100	0.5037	0.471	0.322	0.322	0.401	0.125	0.469	0.293	0.449	0.269	0.148	0.342	0.334	0.235	0.398	2.563	0.549	0.292	0.176	5.878	-1794.205
141	8	100	98	0.5404	0.217	0.339	0.328	0.380	0.276	0.288	0.439	0.267	0.173	0.186	0.306	0.316	0.243	0.232	1.909	0.612	0.333	0.197	11.385	-1742.361
142	8	100	100	0.4979	0.218	0.224	0.260	0.347	0.239	0.230	0.285	0.249	0.142	0.144	0.363	0.377	0.218	0.287	1.566	0.502	0.350	0.154	4.630	-1672.644
143	8	100	100	0.5325	0.419	0.254	0.255	0.312	0.382	0.370	0.293	0.388	0.185	0.457	0.181	0.407	0.198	0.341	2.318	0.501	0.387	0.160	15.186	-1786.957
144	8	100	100	0.5229	0.236	0.228	0.526	0.244	0.358	0.424	0.283	0.250	0.264	0.300	0.368	0.501	0.227	0.383	2.116	0.539	0.245	0.197	19.641	-1802.497
145	8	100	100	0.4913	0.306	0.391	0.498	0.283	0.151	0.400	0.329	0.279	0.173	0.453	0.227	0.301	0.229	0.219	1.852	0.674	0.245	0.267	4.554	-1784.680
146	8	100	100	0.4900	0.328	0.244	0.159	0.478	0.219	0.393	0.172	0.319	0.212	0.354	0.247	0.424	0.222	0.289	2.407	0.483	0.139	0.313	1.000	-1765.777
147	8	100	100	0.5150	0.277	0.369	0.277	0.267	0.285	0.373	0.250	0.186	0.305	0.284	0.287	0.166	0.306	0.175	1.550	0.336	0.122	0.194	1.000	-1725.670
148	8	100	100	0.5029	0.318	0.236	0.097	0.419	0.322	0.304	0.260	0.265	0.261	0.169	0.284	0.345	0.280	0.248	1.540	0.531	0.125	0.212	1.000	-1697.254
149	8	100	100	0.5033	0.300	0.430	0.262	0.281	0.255	0.388	0.266	0.317	0.306	0.324	0.406	0.241	0.162	0.309	2.065	0.471	0.262	0.138	1.000	-1759.413
150	8	100	97	0.4683	0.342	0.140	0.306	0.293	0.317	0.373	0.250	0.281	0.400	0.153	0.265	0.274	0.181	0.206	1.898	0.678	0.284	0.186	5.028	-1644.369
151	8	100	100	0.5025	0.363	0.291	0.422	0.209	0.248	0.272	0.428	0.330	0.249	0.387	0.133	0.391	0.229	0.366	2.009	0.665	0.280	0.204	5.508	-1770.021
152	8	100	100	0.4971	0.344	0.321	0.420	0.367	0.410	0.238	0.253	0.330	0.305	0.251	0.196	0.308	0.462	0.392	1.888	0.525	0.361	0.208	5.761	-1845.254
153	8	100	100	0.5596	0.266	0.267	0.234	0.300	0.364	0.338	0.266	0.295	0.244	0.324	0.381	0.336	0.267	0.299	2.272	0.000	0.000	0.190	1.050	-1786.125
154	8	100	100	0.5138	0.360	0.255	0.328	0.252	0.419	0.277	0.347	0.282	0.280	0.172	0.329	0.216	0.333	0.243	2.372	0.361	0.181	0.182	1.000	-1752.327
155	8	100	100	0.4742	0.372	0.265	0.233	0.431	0.369	0.234	0.592	0.298	0.493	0.235	0.394	0.304	0.137	0.339	2.027	0.518	0.290	0.176	1.344	-1832.298
156	8	100	100	0.5062	0.300	0.396	0.312	0.282	0.302	0.323	0.230	0.337	0.472	0.336	0.172	0.204	0.244	0.279	2.058	0.568	0.413	0.198	28.577	-1769.753
157	8	100	100	0.4825	0.280	0.490	0.453	0.312	0.268	0.336	0.336	0.210	0.224	0.231	0.280	0.270	0.357	0.255	1.829	0.557	0.097	0.197	1.000	-1772.910
158	8	100	100	0.4679	0.389	0.376	0.486	0.281	0.421	0.157	0.329	0.400	0.423	0.211	0.276	0.089	0.361	0.288	1.853	0.586	0.150	0.215	1.633	-1775.304
159	8	100	100	0.5067	0.300	0.213	0.328	0.295	0.339	0.294	0.301	0.395	0.331	0.192	0.291	0.261	0.308	0.397	2.045	0.320	0.160	0.220	1.000	-1811.341
160	8	100	100	0.5275	0.336	0.248	0.321	0.256	0.236	0.362	0.150	0.309	0.321	0.294	0.250	0.235	0.267	0.298	1.983	0.771	0.229	0.226	1.000	-1697.586
161	8	100	99	0.4821	0.306	0.269	0.237	0.219	0.202	0.269	0.294	0.281	0.305	0.255	0.371	0.195	0.172	0.313	2.112	0.462	0.277	0.177	1.483	-1674.475
162	8	100	100	0.4858	0.424	0.265	0.197	0.366	0.333	0.356	0.291	0.427	0.382	0.329	0.261	0.143	0.347	0.263	2.176	0.508	0.345	0.197	1.527	-1798.891
163	8	100	100	0.4917	0.295	0.359	0.304	0.424	0.368	0.372	0.464	0.301	0.231	0.204	0.171	0.442	0.300	0.318	2.590	0.638	0.262	0.207	8.548	-1785.283
164	8	100	100	0.5250	0.274	0.241	0.229	0.300	0.308	0.251	0.280	0.353	0.295	0.303	0.263	0.033	0.403	0.320	2.043	0.549	0.163	0.181	3.563	-1689.528
165	8	100	99	0.5467	0.268	0.281	0.376	0.201	0.276	0.233	0.322	0.274	0.324	0.192	0.319	0.204	0.290	0.284	1.687	0.680	0.320	0.213	1.000	-1710.626
166	8	100	99	0.4750	0.305	0.121	0.245	0.265	0.441	0.241	0.258	0.317	0.171	0.272	0.332	0.152	0.320	0.256	1.720	0.630	0.370	0.201	1.000	-1671.324
167	8	100	99	0.5158	0.291	0.231	0.444	0.310	0.259	0.288	0.276	0.285	0.392	0.340	0.269	0.371	0.325	0.224	1.931	0.615	0.319	0.238	31.161	-1771.165
168	8	100	100	0.5279	0.244	0.504	0.376	0.441	0.125	0.284	0.333	0.315	0.320	0.303	0.281	0.221	0.332	0.232	2.572	0.679	0.232	0.285	6.236	-1819.035
169	8	100	100	0.5062	0.339	0.260	0.366	0.277	0.242	0.224	0.257	0.293	0.611	0.372	0.293	0.371	0.424	0.385	1.705	0.558	0.442	0.230	2.398	-1901.658
170	8	100	100	0.5321	0.322	0.210	0.356	0.131	0.203	0.300	0.356	0.344	0.316	0.335	0.330	0.257	0.148	0.349	1.957	0.707	0.191	0.238	1.290	-1737.000
171	8	100	100	0.5117	0.193	0.325	0.416	0.312	0.387	0.285	0.296	0.242	0.208	0.146	0.187	0.288	0.229	0.212	2.300	0.529	0.451	0.198	11.651	-1677.480
172	8	100	98	0.5192	0.247	0.331	0.367	0.276	0.125	0.245	0.314	0.244	0.274	0.269	0.201	0.334	0.251	0.400	2.019	0.572	0.340	0.197	22.701	-1706.587
173	8	100	99	0.5379	0.333	0.341	0.212	0.352	0.102	0.330	0.358	0.266	0.214	0.273	0.270	0.273	0.304	0.334	1.881	0.737	0.263	0.228	21.207	-1741.889
174	8	100	100	0.5408	0.283	0.361	0.348	0.248	0.327	0.349	0.331	0.305	0.522	0.241	0.303	0.212	0.278	0.336	2.356	0.573	0.395	0.137	16.997	-1775.655
175	8	100	100	0.5075	0.352	0.347	0.369	0.229	0.308	0.273	0.363	0.293	0.512	0.346	0.259	0.263	0.407	0.346	2.410	0.611	0.311	0.242	14.547	-1845.844
176	8	100	100	0.4992	0.268	0.330	0.324	0.391	0.373	0.284	0.435	0.272	0.348	0.298	0.494	0.602	0.307	0.337	2.018	0.549	0.283	0.156	4.469	-1889.998
177	8	100	100	0.5333	0.326	0.333	0.335	0.284	0.366	0.256	0.364	0.337	0.291	0.338	0.247	0.537	0.393	0.302	1.927	0.469	0.287	0.198	1.167	-1870.895
178	8	100	100	0.5233	0.344	0.455	0.271	0.324	0.214	0.425	0.497	0.360	0.293	0.240	0.365	0.340	0.467	0.335	2.203	0.671	0.313	0.219	6.180	-1888.004
179	8	100	99	0.5012	0.303	0.319	0.449	0.345	0.291	0.299	0.276	0.330	0.405	0.386	0.183	0.181	0.346	0.216	2.464	0.497	0.318	0.101	1.698	-1740.331
180	8	100	100	0.4862	0.226	0.245	0.278	0.304	0.354	0.346	0.359	0.212	0.392	0.287	0.335	0.264	0.358	0.285	2.041	0.199	0.066	0.289	2.732	-1831.359
181	8	100	100	0.5283	0.178	0.206	0.270	0.328	0.205	0.225	0.220	0.216	0.276	0.311	0.250	0.393	0.422	0.335	2.528	0.371	0.301	0.113	3.436	-1704.344
182	8	100	100	0.5146	0.287	0.365	0.175	0.325	0.276	0.276	0.214	0.195	0.200	0.345	0.280	0.175	0.281	0.236	1.560	0.742	0.190	0.185	5.898	-1654.797
183	8	100	100	0.4646	0.234	0.307	0.794	0.229	0.177	0.445	0.244	0.257	0.323	0.312	0.305	0.397	0.328	0.281	1.797	0.768	0.217	0.223	78.644	-1774.750
184	8	100	100	0.4788	0.350	0.307	0.348	0.382	0.406	0.386	0.174	0.354	0.230	0.164	0.433	0.521	0.314	0.260	2.309	0.637	0.344	0.157	1.439	-1786.187
185	8	100	100	0.5146	0.195	0.326	0.334	0.356	0.417	0.156	0.389	0.268	0.314	0.285	0.238	0.222	0.249	0.209	2.296	0.574	0.191	0.204	1.641	-1702.856
186	8	100	100	0.4883	0.248	0.380	0.417	0.277	0.309	0.305	0.475	0.200	0.195	0.339	0.254	0.400	0.276	0.474	1.998	0.613	0.328	0.168	20.075	-1822.088
187	8	100	100	0.5654	0.295	0.224	0.299	0.308	0.109	0.302	0.336	0.255	0.238	0.331	0.439	0.330	0.168	0.270	2.156	0.701	0.299	0.272	26.332	-1756.485
188	8	100	100	0.5317	0.310	0.390	0.266	0.402	0.291	0.310	0.261	0.295	0.340	0.194	0.356	0.305	0.256	0.280	2.040	0.610	0.171	0.261	2.423	-1796.548
189	8	100	100	0.5137	0.357	0.288	0.194	0.390	0.409	0.247	0.328	0.321	0.259	0.245	0.428	0.250	0.450	0.268	1.786	0.551	0.205	0.241	1.000	-1813.472
190	8	100	100	0.5342	0.277	0.298	0.390	0.249	0.309	0.216	0.287	0.276	0.205	0.229	0.274	0.230	0.282	0.228	2.027	0.347	0.186	0.184	5.122	-1691.637
191	8	100	100	0.5033	0.314	0.301	0.359	0.434	0.401	0.320	0.264	0.225	0.202	0.321	0.417	0.272	0.276	0.379	1.665	0.533	0.264	0.201	18.288	-1854.582
192	8	100	100	0.4954	0.299	0.367	0.111	0.346	0.333	0.313	0.353	0.286	0.461	0.214	0.225	0.498	0.243	0.357	1.938	0.000	0.000	0.203	1.000	-1761.146
193	8	100	100	0.5025	0.337	0.272	0.336	0.268	0.191	0.241	0.326	0.357	0.291	0.370	0.187	0.209	0.284	0.243	2.047	0.608	0.203	0.197	1.000	-1697.611
194	8	100	99	0.4958	0.335	0.304	0.266	0.359	0.251	0.291	0.202	0.329	0.494	0.319	0.242	0.301	0.367	0.148	2.386	0.378	0.175	0.146	1.123	-1700.605
195	8	100	100	0.4671	0.276	0.433	0.221	0.377	0.482	0.362	0.245	0.382	0.100	0.358	0.366	0.304	0.216	0.401	2.234	0.368	0.186	0.153	1.000	-1786.763
196	8	100	100	0.5096	0.273	0.247	0.260	0.188	0.178	0.321	0.275	0.224	0.397	0.233	0.333	0.227	0.322	0.281	1.963	0.600	0.400	0.156	1.000	-1703.580
197	8	100	98	0.5404	0.312	0.231	0.268	0.224	0.282	0.320	0.309	0.257	0.429	0.219	0.341	0.296	0.100	0.392	1.989	0.654	0.313	0.229	15.545	-1740.495
198	8	100	99	0.4763	0.273	0.369	0.228	0.195	0.318	0.342	0.163	0.240	0.303	0.202	0.315	0.251	0.260	0.261	1.980	0.661	0.322	0.167	12.766	-1650.878
199	8	100	99	0.5300	0.237	0.279	0.260	0.309	0.283	0.424	0.354	0.275	0.214	0.252	0.300	0.287	0.245	0.279	2.577	0.710	0.232	0.224	5.511	-1727.036
200	8	100	100	0.5275	0.263	0.346	0.305	0.294	0.185	0.156	0.300	0.286	0.304	0.238	0.396	0.340	0.266	0.225	1.779	0.673	0.327	0.192	1.464	-1724.316
201	8	100	98	0.5408	0.353	0.320	0.185	0.444	0.396	0.329	0.227	0.314	0.250	0.240	0.296	0.404	0.279	0.466	2.338	0.356	0.125	0.189	1.000	-1773.335
202	8	100	98	0.4938	0.340	0.428	0.370	0.286	0.191	0.344	0.282	0.326	0.284	0.274	0.321	0.196	0.263	0.346	2.096	0.508	0.270	0.237	2.068	-1795.451
203	8	100	100	0.5538	0.340	0.341	0.257	0.370	0.380	0.210	0.181	0.403	0.244	0.259	0.376	0.133	0.274	0.400	2.107	0.369	0.275	0.138	3.740	-1755.480
204	8	100	100	0.5342	0.328	0.351	0.287	0.316	0.258	0.311	0.293	0.270	0.228	0.374	0.410	0.374	0.414	0.253	2.011	0.503	0.285	0.193	1.424	-1852.808
205	8	100	100	0.5229	0.250	0.156	0.426	0.386	0.361	0.243	0.197	0.236	0.394	0.294	0.282	0.298	0.290	0.255	2.222	0.630	0.345	0.229	25.692	-1743.296
206	8	100	100	0.4775	0.297	0.186	0.362	0.232	0.360	0.183	0.380	0.291	0.348	0.235	0.425	0.456	0.323	0.206	2.180	0.633	0.266	0.227	5.071	-1765.552
207	8	100	100	0.4938	0.324	0.411	0.209	0.395	0.312	0.264	0.385	0.298	0.289	0.369	0.303	0.443	0.350	0.240	2.370	0.128	0.060	0.205	1.000	-1829.988
208	8	100	100	0.5225	0.278	0.238	0.295	0.427	0.294	0.325	0.471	0.297	0.409	0.271	0.386	0.130	0.338	0.243	1.762	0.710	0.269	0.184	16.559	-1801.587
209	8	100	99	0.5325	0.225	0.307	0.364	0.352	0.338	0.347	0.352	0.237	0.356	0.180	0.332	0.370	0.281	0.425	1.932	0.597	0.343	0.181	8.687	-1842.683
210	8	100	100	0.5221	0.313	0.397	3.227	0.274	0.276	0.273	0.284	0.332	0.171	0.237	0.359	0.350	0.292	0.347	2.181	0.539	0.446	0.157	999.000	-1761.700
211	8	100	99	0.5371	0.000	0.597	0.136	0.404	0.241	0.334	0.232	0.420	0.289	0.421	0.151	0.296	0.263	0.290	2.116	0.000	0.000	0.144	597.943	-1718.247
212	8	100	100	0.4938	0.316	0.456	0.197	0.507	0.288	0.265	0.307	0.295	0.322	0.335	0.298	0.263	0.333	0.368	2.001	0.400	0.302	0.163	599.037	-1843.854
213	8	100	100	0.5088	0.476	0.286	0.241	0.276	0.200	0.416	0.280	0.081	0.336	0.268	0.250	0.172	0.287	0.321	2.395	0.273	0.194	0.169	1.000	-1720.844
214	8	100	100	0.4938	0.245	0.253	0.315	0.367	0.205	0.288	0.221	0.298	0.578	0.245	0.334	0.297	0.219	0.290	2.745	0.557	0.378	0.242	10.573	-1760.920
215	8	100	100	0.4963	0.229	0.338	0.183	0.267	0.476	0.228	0.208	0.225	0.269	0.286	0.313	0.313	0.239	0.202	2.141	0.000	0.000	0.219	14.695	-1711.130
216	8	100	100	0.4921	0.428	0.453	0.349	0.435	0.150	0.441	0.332	0.414	0.170	0.300	0.317	0.325	0.240	0.525	2.436	0.646	0.284	0.207	12.032	-1860.311
217	8	100	100	0.5067	0.367	0.351	0.234	0.325	0.347	0.241	0.204	0.330	0.173	0.346	0.254	0.267	0.202	0.390	1.933	0.590	0.383	0.207	8.918	-1739.254
218	8	100	100	0.5175	0.256	0.357	0.221	0.355	0.389	0.312	0.269	0.269	0.273	0.357	0.249	0.195	0.300	0.417	1.742	0.624	0.376	0.273	5.447	-1873.729
219	8	100	99	0.4825	0.318	0.231	0.253	0.331	0.184	0.247	0.354	0.246	0.411	0.225	0.406	0.253	0.241	0.340	2.044	0.541	0.363	0.203	1.697	-1766.471
220	8	100	100	0.5075	0.317	0.120	0.344	0.241	0.501	0.233	0.292	0.349	0.159	0.271	0.282	0.431	0.311	0.297	1.649	0.635	0.297	0.191	11.963	-1744.403
221	8	100	100	0.4846	0.403	0.351	0.331	0.292	0.301	0.320	0.192	0.343	0.315	0.261	0.327	0.374	0.288	0.367	1.876	0.556	0.444	0.161	15.752	-1815.118
222	8	100	99	0.5092	0.270	0.326	0.433	0.366	0.237	0.314	0.323	0.348	0.247	0.387	0.093	0.298	0.268	0.331	1.776	0.639	0.299	0.273	13.653	-1804.713
223	8	100	100	0.5142	0.178	0.127	0.252	0.477	0.240	0.298	0.301	0.380	0.216	0.165	0.396	0.241	0.244	0.351	1.732	0.703	0.153	0.272	1.000	-1740.812
224	8	100	98	0.5158	0.209	0.270	0.113	0.322	0.248	0.203	0.288	0.227	0.156	0.305	0.232	0.268	0.380	0.275	1.974	0.000	0.000	0.261	292.116	-1643.395
225	8	100	100	0.5054	0.325	0.277	0.242	0.260	0.126	0.417	0.364	0.260	0.400	0.217	0.241	0.313	0.271	0.396	1.798	0.384	0.242	0.188	1.036	-1750.870
226	8	100	100	0.5262	0.370	0.169	0.364	0.358	0.357	0.292	0.498	0.359	0.247	0.398	0.293	0.332	0.336	0.219	1.590	0.548	0.350	0.182	8.063	-1871.498
227	8	100	100	0.4921	0.335	0.207	0.263	0.265	0.316	0.350	0.411	0.305	0.292	0.235	0.204	0.275	0.314	0.239	1.780	0.550	0.343	0.193	7.707	-1729.403
228	8	100	100	0.5296	0.414	0.225	0.349	0.306	0.533	0.211	0.401	0.404	0.669	0.573	0.255	0.461	0.355	0.313	2.086	0.502	0.337	0.178	3.287	-1952.274
229	8	100	99	0.5083	0.318	0.174	0.352	0.315	0.327	0.305	0.127	0.283	0.175	0.354	0.276	0.465	0.248	0.388	1.989	0.633	0.223	0.194	4.404	-1726.602
230	8	100	100	0.5212	0.254	0.187	0.218	0.238	0.316	0.221	0.298	0.298	0.250	0.507	0.296	0.190	0.175	0.253	1.918	0.776	0.178	0.181	1.072	-1630.069
231	8	100	99	0.4996	0.274	0.337	0.400	0.273	0.348	0.216	0.320	0.293	0.223	0.205	0.505	0.207	0.343	0.396	2.204	0.519	0.390	0.120	15.992	-1765.108
232	8	100	100	0.4700	0.242	0.404	0.445	0.358	0.284	0.306	0.315	0.309	0.189	0.475	0.254	0.405	0.211	0.351	2.314	0.655	0.319	0.262	37.178	-1827.299
233	8	100	100	0.5221	0.339	0.317	0.286	0.415	0.279	0.243	0.268	0.334	0.147	0.241	0.312	0.257	0.359	0.229	2.072	0.596	0.253	0.149	3.385	-1706.205
234	8	100	100	0.5304	0.332	0.266	0.281	0.311	0.430	0.260	0.214	0.276	0.216	0.321	0.326	0.331	0.338	0.269	2.157	0.596	0.264	0.178	1.000	-1748.878
235	8	100	100	0.5050	0.374	0.281	0.242	0.282	0.310	0.332	0.209	0.371	0.142	0.333	0.348	0.283	0.443	0.169	2.354	0.383	0.270	0.168	2.910	-1746.862
236	8	100	100	0.5404	0.308	0.285	0.361	0.294	0.320	0.207	0.398	0.244	0.455	0.268	0.268	0.266	0.302	0.326	1.884	0.527	0.351	0.155	1.482	-1803.212
237	8	100	100	0.4854	0.324	0.213	2.524	0.506	0.448	0.208	0.414	0.353	0.164	0.214	0.321	0.318	0.334	0.379	2.273	0.761	0.226	0.218	999.000	-1780.717
238	8	100	100	0.5196	0.137	0.270	0.257	0.229	0.374	0.292	0.355	0.456	0.275	0.219	0.483	0.341	0.167	0.290	2.329	0.296	0.216	0.183	1.000	-1745.754
239	8	100	100	0.5683	0.332	0.379	0.289	0.323	0.115	0.330	0.273	0.337	0.275	0.398	0.291	0.369	0.139	0.335	1.845	0.775	0.225	0.190	1.000	-1748.382
240	8	100	100	0.5158	0.362	0.316	0.360	0.373	0.349	0.222	0.388	0.381	0.188	0.390	0.465	0.348	0.382	0.201	1.744	0.604	0.215	0.205	2.837	-1892.061
241	8	100	99	0.5083	0.268	0.336	0.095	0.434	0.293	0.309	0.293	0.298	0.446	0.250	0.296	0.175	0.277	0.346	1.786	0.383	0.256	0.202	1.000	-1775.841
242	8	100	97	0.4938	0.194	0.207	0.094	0.338	0.417	0.249	0.456	0.221	0.375	0.253	0.203	0.207	0.211	0.354	2.206	0.210	0.095	0.171	1.000	-1642.369
243	8	100	100	0.4933	0.319	0.273	0.351	0.278	0.266	0.389	0.263	0.385	0.509	0.283	0.293	0.339	0.240	0.301	2.249	0.657	0.265	0.236	2.388	-1798.226
244	8	100	100	0.5146	0.207	0.154	0.595	0.260	0.213	0.226	0.288	0.231	0.270	0.218	0.298	0.210	0.196	0.331	2.216	0.534	0.271	0.185	11.025	-1662.992
245	8	100	100	0.4667	0.330	0.170	0.350	0.386	0.376	0.356	0.362	0.319	0.438	0.246	0.343	0.476	0.353	0.197	1.937	0.000	0.000	0.197	1.000	-1846.189
246	8	100	100	0.5075	0.276	0.312	0.287	0.241	0.312	0.240	0.426	0.316	0.382	0.293	0.297	0.360	0.357	0.312	1.771	0.417	0.319	0.202	4.528	-1853.944
247	8	100	100	0.5304	0.190	0.537	0.240	0.261	0.260	0.484	0.199	0.190	0.339	0.319	0.366	0.146	0.319	0.303	2.255	0.575	0.367	0.226	1.050	-1799.844
248	8	100	100	0.5471	0.268	0.262	0.306	0.313	0.354	0.338	0.384	0.334	0.245	0.272	0.321	0.261	0.342	0.277	1.909	0.743	0.245	0.244	1.000	-1830.114
249	8	100	99	0.5171	0.494	0.224	0.245	0.417	0.194	0.361	0.230	0.429	0.210	0.321	0.222	0.308	0.193	0.290	2.241	0.528	0.224	0.163	4.130	-1707.045
250	8	100	100	0.5375	0.303	0.256	0.295	0.278	0.277	0.333	0.422	0.312	0.210	0.219	0.204	0.226	0.287	0.319	1.901	0.698	0.302	0.221	58.845	-1751.469
251	8	100	100	0.5371	0.120	0.386	0.907	0.190	0.248	0.207	0.342	0.203	0.330	0.332	0.240	0.305	0.332	0.271	1.771	0.619	0.362	0.192	145.372	-1713.646
252	8	100	100	0.5383	0.528	0.343	16.639	0.242	0.418	0.300	0.328	0.374	0.158	0.251	0.238	0.392	0.443	0.244	2.175	0.517	0.428	0.142	930.035	-1819.238
253	8	100	98	0.4479	0.235	0.220	4.193	0.255	0.223	0.263	0.357	0.263	0.236	0.340	0.345	0.271	0.227	0.168	2.074	0.684	0.288	0.205	931.275	-1651.528
254	8	100	100	0.5229	0.544	0.329	0.140	0.641	0.488	0.346	0.370	0.532	0.319	0.350	0.193	0.368	0.314	0.413	1.665	0.000	0.000	0.187	932.768	-1960.132
255	8	100	100	0.4987	0.299	0.422	0.175	0.413	0.364	0.247	0.245	0.147	0.231	0.351	0.378	0.341	0.335	0.269	1.723	0.515	0.155	0.178	899.152	-1754.385
256	8	100	98	0.5158	0.410	0.189	0.297	0.405	0.274	0.246	0.229	0.133	0.175	0.376	0.310	0.369	0.216	0.313	2.014	0.522	0.327	0.225	3.877	-1735.093
257	8	100	99	0.5383	0.284	0.246	0.380	0.174	0.305	0.451	0.230	0.307	0.511	0.156	0.475	0.535	0.239	0.331	1.909	0.558	0.246	0.150	1.643	-1795.671
258	8	100	100	0.4962	0.292	0.335	0.424	0.283	0.389	0.329	0.205	0.359	0.298	0.259	0.356	0.223	0.190	0.295	1.869	0.728	0.231	0.234	16.169	-1775.713
259	8	100	100	0.4679	0.460	0.524	0.335	0.230	0.273	0.386	0.228	0.428	0.376	0.257	0.356	0.182	0.241	0.342	2.240	0.573	0.342	0.163	6.194	-1779.419
260	8	100	100	0.5404	0.235	0.369	0.162	0.204	0.280	0.281	0.308	0.176	0.230	0.229	0.311	0.416	0.345	0.270	2.018	0.382	0.228	0.171	1.000	-1706.874
261	8	100	99	0.5287	0.306	0.162	0.347	0.330	0.297	0.438	0.332	0.318	0.314	0.309	0.220	0.294	0.259	0.311	2.000	0.664	0.181	0.215	1.000	-1758.890
262	8	100	99	0.4983	0.182	0.281	0.222	0.214	0.314	0.275	0.418	0.142	0.296	0.303	0.230	0.255	0.386	0.370	1.982	0.643	0.302	0.186	5.220	-1705.952
263	8	100	100	0.5204	0.329	0.352	0.384	0.273	0.120	0.218	0.318	0.329	0.284	0.320	0.277	0.180	0.352	0.251	2.040	0.602	0.252	0.195	8.635	-1717.541
264	8	100	100	0.4671	0.309	0.391	0.425	0.308	0.158	0.286	0.255	0.299	0.633	0.240	0.311	0.397	0.207	0.267	1.904	0.668	0.208	0.179	11.948	-1737.352
265	8	100	100	0.5008	0.283	0.184	0.324	0.491	0.221	0.305	0.183	0.320	0.490	0.317	0.338	0.369	0.237	0.273	2.391	0.629	0.184	0.237	4.379	-1749.623
266	8	100	100	0.5200	0.195	0.366	0.393	0.390	0.323	0.296	0.229	0.248	0.257	0.333	0.180	0.339	0.302	0.278	1.869	0.602	0.178	0.234	2.217	-1776.428
267	8	100	100	0.5083	0.258	0.381	0.283	0.243	0.262	0.271	0.289	0.213	0.168	0.387	0.162	0.284	0.217	0.328	1.899	0.414	0.443	0.164	1.000	-1736.803
268	8	100	100	0.5437	0.419	0.292	0.389	0.320	0.231	0.335	0.186	0.421	0.314	0.188	0.259	0.211	0.368	0.183	2.286	0.674	0.326	0.271	1.000	-1762.736
269	8	100	100	0.5171	0.390	0.288	0.478	0.246	0.346	0.308	0.415	0.370	0.273	0.316	0.207	0.283	0.273	0.239	2.066	0.686	0.243	0.195	10.949	-1768.509
270	8	100	100	0.5108	0.282	0.321	0.246	0.259	0.252	0.245	0.295	0.331	0.309	0.253	0.299	0.208	0.246	0.302	2.183	0.697	0.303	0.162	7.324	-1666.689
271	8	100	100	0.5075	0.419	0.579	0.279	0.281	0.312	0.315	0.374	0.394	0.291	0.309	0.272	0.276	0.242	0.351	1.650	0.281	0.157	0.234	1.000	-1872.357
272	8	100	97	0.5188	0.222	0.399	6.316	0.250	0.259	0.304	0.243	0.289	0.240	0.228	0.319	0.295	0.388	0.325	2.147	0.730	0.251	0.229	998.996	-1751.608
273	8	100	100	0.5300	0.440	0.313	0.281	0.367	0.541	0.348	0.357	0.000	0.360	0.381	0.196	0.245	0.398	0.275	2.105	0.480	0.314	0.178	1.000	-1866.777
274	8	100	100	0.5425	0.229	0.363	0.236	0.344	0.185	0.269	0.259	0.198	0.324	0.316	0.334	0.349	0.286	0.118	1.759	0.549	0.240	0.182	11.159	-1732.994
275	8	100	100	0.4779	0.366	0.421	0.828	0.390	0.235	0.245	0.220	0.406	0.148	0.315	0.210	0.195	0.349	0.297	1.884	0.531	0.439	0.141	61.961	-1766.604
276	8	100	100	0.5333	0.239	0.242	0.362	0.204	0.340	0.240	0.228	0.258	0.383	0.337	0.267	0.305	0.376	0.340	2.304	0.550	0.450	0.204	65.717	-1793.183
277	8	100	100	0.5204	0.385	0.124	0.280	0.307	0.325	0.377	0.333	0.395	0.171	0.320	0.335	0.244	0.272	0.456	2.387	0.527	0.333	0.180	4.250	-1807.682
278	8	100	97	0.5188	0.267	0.219	0.366	0.260	0.281	0.255	0.320	0.305	0.263	0.379	0.319	0.349	0.364	0.267	1.675	0.543	0.337	0.165	1.330	-1768.907
279	8	100	100	0.4771	0.157	0.282	1.116	0.298	0.362	0.294	0.376	0.205	0.292	0.227	0.343	0.261	0.342	0.207	1.624	0.792	0.149	0.296	119.839	-1763.969
280	8	100	99	0.5408	0.360	0.142	0.419	0.265	0.387	0.123	0.376	0.336	0.408	0.222	0.431	0.298	0.256	0.343	2.284	0.642	0.279	0.158	5.691	-1746.463
281	8	100	99	0.5183	0.234	0.368	0.245	0.308	0.206	0.354	0.252	0.254	0.384	0.369	0.292	0.286	0.298	0.309	1.953	0.633	0.367	0.147	13.292	-1746.535
282	8	100	100	0.5167	0.407	0.366	0.345	0.306	0.391	0.322	0.282	0.351	0.053	0.269	0.287	0.311	0.344	0.312	2.078	0.710	0.213	0.211	22.554	-1756.102
283	8	100	100	0.5433	0.289	0.286	0.315	0.391	0.317	0.248	0.253	0.258	0.390	0.168	0.319	0.238	0.329	0.322	2.036	0.041	0.028	0.108	1.000	-1740.253
284	8	100	100	0.5729	0.264	0.238	0.325	0.391	0.340	0.209	0.245	0.284	0.420	0.320	0.300	0.339	0.241	0.277	1.942	0.241	0.115	0.144	1.000	-1778.097
285	8	100	100	0.4896	0.222	0.327	0.179	0.316	0.160	0.293	0.341	0.219	0.480	0.278	0.260	0.188	0.420	0.179	1.711	0.661	0.160	0.179	4.418	-1667.535
286	8	100	99	0.4829	0.301	0.348	0.443	0.187	0.289	0.358	0.314	0.271	0.204	0.388	0.269	0.313	0.444	0.156	2.229	0.550	0.168	0.218	3.392	-1764.074
287	8	100	97	0.5404	0.345	0.085	0.258	0.244	0.245	0.389	0.208	0.413	0.245	0.363	0.356	0.443	0.400	0.233	1.905	0.646	0.354	0.190	1.000	-1773.654
288	8	100	99	0.5317	0.451	0.171	0.345	0.153	0.346	0.134	0.275	0.427	0.291	0.230	0.252	0.267	0.298	0.257	1.698	0.669	0.215	0.222	15.254	-1680.957
289	8	100	99	0.5513	0.401	0.488	0.148	0.355	0.193	0.307	0.220	0.399	0.305	0.296	0.246	0.260	0.412	0.219	2.072	0.421	0.248	0.172	4.130	-1769.182
290	8	100	100	0.5467	0.279	0.321	0.255	0.326	0.179	0.344	0.288	0.286	0.342	0.308	0.283	0.386	0.361	0.275	1.941	0.525	0.379	0.183	12.397	-1805.402
291	8	100	100	0.4938	0.217	0.332	0.227	0.309	0.277	0.281	0.263	0.229	0.290	0.329	0.233	0.385	0.352	0.198	2.078	0.679	0.321	0.199	13.759	-1716.401
292	8	100	100	0.4996	0.274	0.266	0.429	0.393	0.150	0.333	0.306	0.228	0.243	0.352	0.265	0.210	0.395	0.325	2.509	0.593	0.360	0.196	31.486	-1735.736
293	8	100	100	0.5150	0.246	0.412	0.209	0.256	0.253	0.277	0.325	0.276	0.194	0.205	0.155	0.428	0.361	0.233	1.699	0.645	0.286	0.187	2.160	-1709.612
294	8	100	100	0.5283	0.282	0.529	0.270	0.346	0.335	0.388	0.259	0.313	0.201	0.304	0.298	0.205	0.320	0.317	2.284	0.365	0.174	0.214	1.000	-1809.605
295	8	100	99	0.5383	0.273	0.095	0.231	0.170	0.205	0.305	0.305	0.217	0.416	0.226	0.212	0.299	0.260	0.325	1.435	0.895	0.066	0.258	5.714	-1635.130
296	8	100	100	0.4879	0.342	0.286	0.530	0.197	0.197	0.204	0.325	0.317	0.186	0.352	0.201	0.367	0.156	0.495	1.932	0.699	0.248	0.194	17.568	-1694.004
297	8	100	99	0.5283	0.327	0.208	7.160	0.343	0.422	0.222	0.305	0.300	0.323	0.365	0.311	0.209	0.244	0.455	2.587	0.575	0.406	0.159	999.000	-1781.706
298	8	100	100	0.5129	0.524	0.325	0.112	0.370	0.190	0.250	0.305	0.000	0.398	0.371	0.184	0.314	0.516	0.337	1.909	0.000	0.000	0.235	882.719	-1790.602
299	8	100	99	0.5392	0.273	0.410	0.329	0.204	0.201	0.377	0.297	0.440	0.385	0.209	0.287	0.240	0.301	0.260	2.284	0.543	0.358	0.150	7.219	-1750.245
300	8	100	99	0.5133	0.188	0.323	0.300	0.218	0.271	0.332	0.277	0.252	0.329	0.194	0.322	0.205	0.268	0.262	2.210	0.583	0.277	0.141	4.940	-1655.596
301	8	100	99	0.5079	0.479	0.142	0.358	0.403	0.301	0.249	0.429	0.440	0.203	0.353	0.296	0.416	0.456	0.417	2.269	0.471	0.359	0.203	3.834	-1934.735
302	8	100	100	0.4850	0.332	0.295	0.206	0.342	0.310	0.331	0.405	0.348	0.242	0.238	0.308	0.090	0.290	0.205	1.750	0.718	0.177	0.224	1.047	-1684.442
303	8	100	100	0.5229	0.394	0.387	0.233	0.382	0.368	0.334	0.380	0.415	0.432	0.329	0.358	0.382	0.347	0.275	1.870	0.641	0.358	0.202	1.000	-1915.190
304	8	100	100	0.5192	0.262	0.273	0.251	0.185	0.362	0.359	0.402	0.281	0.193	0.300	0.333	0.490	0.303	0.307	2.024	0.670	0.330	0.197	1.000	-1805.490
305	8	100	100	0.4929	0.451	0.422	0.491	0.288	0.274	0.244	0.291	0.508	0.564	0.253	0.336	0.205	0.236	0.400	1.836	0.583	0.216	0.220	2.905	-1889.800
306	8	100	100	0.5225	0.463	0.355	0.337	0.342	0.060	0.314	0.193	0.439	0.237	0.228	0.271	0.338	0.265	0.348	2.074	0.715	0.269	0.237	6.776	-1742.858
307	8	100	100	0.5083	0.259	0.304	5.724	0.303	0.354	0.255	0.272	0.244	0.294	0.202	0.278	0.237	0.124	0.253	1.676	0.737	0.237	0.212	998.999	-1655.443
308	8	100	100	0.4942	0.368	0.261	0.100	0.465	0.296	0.283	0.250	0.325	0.404	0.306	0.464	0.377	0.301	0.290	1.797	0.000	0.000	0.226	946.480	-1836.106
309	8	100	100	0.5217	0.365	0.224	0.414	0.276	0.378	0.404	0.255	0.284	0.310	0.270	0.349	0.389	0.242	0.233	1.766	0.599	0.322	0.139	1.170	-1802.511
310	8	100	100	0.4975	0.246	0.350	0.340	0.266	0.219	0.274	0.459	0.257	0.274	0.264	0.254	0.240	0.424	0.289	2.266	0.616	0.212	0.161	1.000	-1749.337
311	8	100	100	0.4967	0.326	0.398	0.300	0.283	0.147	0.211	0.511	0.280	0.350	0.359	0.418	0.374	0.285	0.310	1.734	0.591	0.291	0.131	8.935	-1784.209
312	8	100	100	0.5171	0.361	0.129	0.346	0.254	0.362	0.274	0.394	0.318	0.410	0.307	0.279	0.339	0.226	0.338	1.996	0.463	0.279	0.165	5.935	-1798.133
313	8	100	100	0.5008	0.169	0.315	0.141	0.477	0.257	0.261	0.442	0.219	0.346	0.231	0.284	0.262	0.295	0.282	1.939	0.000	0.000	0.231	1.000	-1753.070
314	8	100	100	0.5075	0.302	0.222	0.299	0.269	0.304	0.264	0.360	0.323	0.319	0.198	0.296	0.269	0.279	0.339	1.506	0.760	0.210	0.157	16.568	-1687.108
315	8	100	99	0.5038	0.353	0.356	0.313	0.443	0.234	0.377	0.242	0.397	0.324	0.248	0.258	0.445	0.356	0.290	1.768	0.572	0.428	0.104	15.275	-1780.549
316	8	100	100	0.4883	0.259	0.191	0.250	0.323	0.372	0.323	0.248	0.266	0.463	0.179	0.307	0.282	0.253	0.243	2.305	0.725	0.275	0.266	15.578	-1747.560
317	8	100	97	0.5054	0.351	0.151	0.340	0.264	0.387	0.425	0.236	0.270	0.393	0.371	0.245	0.276	0.451	0.259	1.995	0.690	0.284	0.148	9.783	-1759.253
318	8	100	100	0.5062	0.358	0.213	0.317	0.311	0.328	0.435	0.349	0.326	0.293	0.350	0.328	0.185	0.374	0.241	2.263	0.704	0.296	0.222	6.255	-1817.378
319	8	100	100	0.5100	0.300	0.266	0.230	0.289	0.307	0.384	0.273	0.285	0.211	0.254	0.349	0.333	0.277	0.251	1.788	0.640	0.360	0.223	3.000	-1762.272
320	8	100	100	0.5308	0.175	0.338	0.249	0.325	0.336	0.436	0.232	0.225	0.302	0.216	0.306	0.262	0.256	0.275	1.780	0.792	0.208	0.215	1.000	-1730.032
321	8	100	100	0.5017	0.283	0.191	0.135	0.336	0.330	0.221	0.352	0.281	0.196	0.385	0.357	0.189	0.269	0.272	1.754	0.509	0.187	0.166	1.000	-1683.213
322	8	100	100	0.4529	0.210	0.276	0.407	0.287	0.304	0.414	0.208	0.198	0.291	0.285	0.205	0.238	0.251	0.291	1.778	0.648	0.300	0.171	5.230	-1703.955
323	8	100	100	0.5371	0.233	0.308	0.432	0.222	0.268	0.355	0.245	0.260	0.268	0.271	0.342	0.295	0.230	0.435	1.894	0.718	0.282	0.264	1.967	-1799.437
324	8	100	98	0.5613	0.250	0.232	0.293	0.347	0.325	0.296	0.294	0.226	0.202	0.318	0.387	0.185	0.277	0.311	1.844	0.430	0.404	0.163	3.502	-1781.803
325	8	100	98	0.5108	0.389	0.330	0.700	0.322	0.204	0.256	0.319	0.350	0.170	0.376	0.145	0.197	0.242	0.198	2.113	0.719	0.259	0.223	91.994	-1649.286
326	8	100	100	0.5617	0.404	0.000	0.250	0.354	0.562	0.235	0.387	0.378	0.252	0.221	0.274	0.323	0.326	0.245	2.151	0.592	0.238	0.162	14.376	-1719.162
327	8	100	100	0.5175	0.252	0.266	0.300	0.349	0.381	0.302	0.308	0.267	0.329	0.194	0.274	0.271	0.159	0.228	2.016	0.689	0.204	0.243	4.628	-1699.469
328	8	100	100	0.5033	0.239	0.209	0.194	0.405	0.226	0.263	0.338	0.249	0.259	0.474	0.287	0.346	0.302	0.332	1.951	0.293	0.205	0.145	4.830	-1771.207
329	8	100	100	0.5175	0.200	0.390	0.390	0.395	0.261	0.166	0.295	0.180	0.383	0.315	0.228	0.364	0.319	0.295	1.765	0.617	0.198	0.271	14.165	-1788.934
330	8	100	98	0.5446	0.285	0.224	0.293	0.241	0.216	0.243	0.288	0.321	0.291	0.396	0.181	0.283	0.229	0.370	2.393	0.615	0.385	0.208	9.313	-1707.432
331	8	100	100	0.5358	0.472	0.204	0.196	0.371	0.475	0.219	0.292	0.516	0.137	0.315	0.390	0.211	0.237	0.330	1.828	0.459	0.174	0.174	4.582	-1764.443
332	8	100	100	0.5150	0.365	0.386	0.256	0.386	0.284	0.272	0.396	0.409	0.313	0.312	0.313	0.497	0.284	0.228	2.243	0.330	0.330	0.191	1.000	-1882.669
333	8	100	99	0.4879	0.350	0.328	0.339	0.136	0.225	0.254	0.232	0.341	0.329	0.370	0.159	0.332	0.360	0.133	2.182	0.645	0.331	0.183	1.000	-1686.678
334	8	100	100	0.4954	0.223	0.452	0.449	0.289	0.289	0.655	0.097	0.154	0.289	0.307	0.292	0.306	0.396	0.283	2.328	0.550	0.343	0.164	1.000	-1792.654
335	8	100	100	0.5329	0.201	0.333	0.574	0.364	0.208	0.276	0.295	0.183	0.495	0.231	0.407	0.290	0.226	0.339	1.822	0.586	0.390	0.204	119.754	-1766.112
336	8	100	100	0.5312	0.321	0.307	0.210	0.250	0.206	0.281	0.325	0.264	0.284	0.309	0.222	0.205	0.266	0.390	1.852	0.000	0.000	0.252	1.000	-1716.811
337	8	100	98	0.5300	0.276	0.253	0.558	0.310	0.377	0.373	0.266	0.255	0.400	0.274	0.196	0.305	0.390	0.346	1.603	0.573	0.351	0.186	24.737	-1793.334
338	8	100	100	0.4988	0.410	0.480	0.205	0.490	0.325	0.316	0.252	0.385	0.323	0.356	0.521	0.348	0.212	0.257	2.054	0.000	0.000	0.141	1.000	-1837.114
339	8	100	100	0.5000	0.284	0.292	0.470	0.314	0.382	0.276	0.315	0.361	0.238	0.307	0.322	0.308	0.361	0.205	2.193	0.417	0.266	0.130	1.000	-1797.048
340	8	100	99	0.5092	0.228	0.390	0.288	0.299	0.233	0.319	0.244	0.178	0.240	0.251	0.210	0.275	0.326	0.250	2.190	0.265	0.122	0.188	2.550	-1686.932
341	8	100	100	0.4867	0.350	0.348	0.170	0.294	0.348	0.266	0.284	0.363	0.316	0.266	0.288	0.354	0.351	0.145	1.684	0.443	0.275	0.190	1.000	-1771.053
342	8	100	100	0.4829	0.300	0.272	0.261	0.231	0.373	0.286	0.313	0.329	0.364	0.255	0.400	0.266	0.391	0.283	1.939	0.429	0.214	0.148	1.000	-1753.911
343	8	100	97	0.4871	0.212	0.169	0.361	0.285	0.274	0.242	0.189	0.244	0.294	0.178	0.270	0.313	0.247	0.249	1.622	0.678	0.195	0.153	4.449	-1587.094
344	8	100	100	0.5225	0.292	0.535	0.262	0.232	0.270	0.348	0.250	0.334	0.326	0.276	0.309	0.317	0.333	0.322	1.712	0.619	0.197	0.234	13.984	-1819.600
345	8	100	100	0.5117	0.353	0.234	0.231	0.237	0.421	0.157	0.347	0.310	0.181	0.253	0.234	0.340	0.264	0.312	2.052	0.701	0.299	0.178	16.595	-1690.262
346	8	100	100	0.4996	0.358	0.406	0.265	0.310	0.205	0.292	0.359	0.405	0.145	0.254	0.212	0.335	0.213	0.233	1.901	0.576	0.424	0.213	17.101	-1764.230
347	8	100	100	0.5079	0.356	0.409	0.441	0.199	0.417	0.295	0.271	0.314	0.279	0.270	0.423	0.212	0.215	0.210	2.287	0.459	0.373	0.143	6.116	-1765.313
348	8	100	100	0.5100	0.232	0.203	0.328	0.343	0.147	0.381	0.170	0.217	0.413	0.305	0.247	0.275	0.298	0.227	2.405	0.567	0.209	0.185	5.609	-1676.959
349	8	100	100	0.5054	0.342	0.279	0.278	0.333	0.352	0.193	0.432	0.305	0.125	0.204	0.263	0.265	0.362	0.379	1.842	0.673	0.327	0.173	4.663	-1748.866
350	8	100	100	0.4904	0.301	0.418	0.356	0.353	0.262	0.237	0.302	0.324	0.202	0.318	0.279	0.152	0.267	0.334	2.182	0.532	0.330	0.160	4.334	-1729.546
351	8	100	100	0.5525	0.278	0.221	0.386	0.466	0.511	0.259	0.384	0.278	0.265	0.238	0.503	0.392	0.329	0.343	2.388	0.438	0.391	0.139	4.252	-1879.586
352	8	100	97	0.4883	0.420	0.409	0.332	0.241	0.302	0.261	0.369	0.451	0.062	0.308	0.285	0.439	0.362	0.295	2.301	0.545	0.384	0.127	7.666	-1784.031
353	8	100	99	0.5171	0.356	0.358	0.362	0.394	0.312	0.181	0.299	0.387	0.277	0.138	0.561	0.256	0.277	0.357	2.696	0.535	0.179	0.254	3.081	-1823.974
354	8	100	100	0.5567	0.377	0.126	0.210	0.266	0.358	0.297	0.227	0.467	0.268	0.264	0.414	0.260	0.207	0.279	1.429	0.566	0.298	0.253	1.000	-1772.171
355	8	100	100	0.5342	0.196	0.202	0.327	0.321	0.332	0.299	0.339	0.236	0.313	0.218	0.280	0.202	0.220	0.309	2.116	0.693	0.307	0.177	1.000	-1694.313
356	8	100	100	0.4967	0.321	0.319	0.319	0.415	0.337	0.288	0.575	0.277	0.270	0.190	0.324	0.409	0.353	0.311	1.749	0.620	0.276	0.228	2.160	-1879.811
357	8	100	99	0.5200	0.320	0.354	0.241	0.231	0.189	0.190	0.200	0.277	0.422	0.191	0.333	0.427	0.320	0.220	2.108	0.000	0.000	0.165	793.677	-1682.337
358	8	100	100	0.5146	0.333	0.312	0.266	0.183	0.300	0.228	0.394	0.401	0.249	0.218	0.333	0.406	0.357	0.247	2.134	0.571	0.429	0.118	1.000	-1748.151
359	8	100	100	0.5046	0.165	0.167	0.164	0.293	0.451	0.214	0.394	0.143	0.306	0.303	0.235	0.260	0.258	0.212	2.072	0.460	0.148	0.235	2.142	-1660.699
360	8	100	99	0.5317	0.414	0.335	0.170	0.429	0.421	0.367	0.247	0.393	0.230	0.406	0.299	0.296	0.481	0.235	2.079	0.486	0.203	0.154	1.000	-1816.025
361	8	100	100	0.5242	0.353	0.239	0.558	0.294	0.495	0.171	0.501	0.298	0.317	0.236	0.323	0.279	0.236	0.277	1.689	0.584	0.271	0.242	11.965	-1852.673
362	8	100	100	0.4925	0.268	0.274	0.301	0.162	0.333	0.278	0.375	0.286	0.164	0.264	0.289	0.370	0.324	0.262	1.708	0.549	0.293	0.177	4.026	-1725.878
363	8	100	99	0.5375	0.208	0.283	0.223	0.328	0.233	0.309	0.246	0.184	0.305	0.216	0.278	0.330	0.226	0.314	2.265	0.579	0.333	0.131	6.961	-1657.661
364	8	100	100	0.4871	0.137	0.544	0.197	0.308	0.130	0.360	0.258	0.101	0.365	0.281	0.255	0.293	0.146	0.371	1.906	0.407	0.146	0.217	1.202	-1712.434
365	8	100	100	0.5358	0.327	0.240	0.326	0.294	0.400	0.183	0.300	0.316	0.460	0.297	0.204	0.118	0.373	0.350	2.231	0.525	0.345	0.104	1.000	-1727.890
366	8	100	99	0.5317	0.342	0.393	0.207	0.392	0.231	0.379	0.285	0.328	0.166	0.239	0.313	0.276	0.295	0.322	1.666	0.286	0.212	0.176	1.220	-1806.450
367	8	100	100	0.5279	0.261	0.360	0.232	0.326	0.242	0.337	0.264	0.258	0.471	0.152	0.248	0.245	0.233	0.278	1.771	0.648	0.315	0.154	7.398	-1694.940
368	8	100	100	0.5129	0.408	0.195	0.203	0.555	0.329	0.256	0.359	0.395	0.426	0.286	0.274	0.102	0.400	0.399	1.762	0.472	0.376	0.191	3.390	-1886.284
369	8	100	100	0.4971	0.289	0.358	0.335	0.285	0.231	0.337	0.358	0.239	0.267	0.391	0.383	0.361	0.311	0.444	1.887	0.612	0.377	0.258	6.813	-1886.105
370	8	100	100	0.5042	0.278	0.316	0.387	0.349	0.354	0.265	0.275	0.277	0.283	0.344	0.300	0.501	0.246	0.304	2.013	0.538	0.414	0.189	12.880	-1838.594
371	8	100	98	0.5437	0.193	0.230	0.291	0.261	0.226	0.340	0.277	0.186	0.232	0.192	0.284	0.341	0.323	0.278	2.121	0.615	0.319	0.199	4.246	-1682.414
372	8	100	100	0.5417	0.271	0.337	0.320	0.356	0.210	0.238	0.399	0.354	0.385	0.427	0.285	0.254	0.308	0.214	1.789	0.580	0.420	0.188	13.197	-1839.264
373	8	100	99	0.5542	0.167	0.359	0.348	0.340	0.370	0.230	0.276	0.154	0.218	0.242	0.370	0.391	0.255	0.283	1.728	0.813	0.144	0.237	46.181	-1713.007
374	8	100	100	0.5308	0.354	0.345	10.053	0.254	0.421	0.340	0.297	0.414	0.159	0.298	0.391	0.339	0.261	0.433	1.753	0.608	0.366	0.189	998.998	-1852.668
375	8	100	100	0.5088	0.375	0.262	0.144	0.405	0.415	0.271	0.253	0.370	0.252	0.311	0.342	0.290	0.239	0.370	2.122	0.000	0.000	0.247	951.412	-1807.325
376	8	100	100	0.5592	0.132	0.277	0.386	0.247	0.503	0.156	0.495	0.511	0.311	0.488	0.232	0.235	0.355	0.257	1.989	0.564	0.341	0.195	4.848	-1824.966
377	8	100	100	0.5388	0.345	0.347	0.430	0.282	0.324	0.315	0.383	0.320	0.316	0.396	0.328	0.333	0.243	0.382	2.091	0.542	0.269	0.211	2.468	-1879.559
378	8	100	100	0.4942	0.252	0.284	0.328	0.204	0.409	0.224	0.395	0.277	0.252	0.336	0.296	0.227	0.177	0.312	2.549	0.505	0.164	0.216	1.000	-1712.431
379	8	100	98	0.4538	0.216	0.182	0.102	0.265	0.157	0.218	0.246	0.277	0.251	0.459	0.107	0.414	0.329	0.352	2.218	0.628	0.372	0.148	1.000	-1612.498
380	8	100	100	0.5054	0.396	0.285	0.498	0.230	0.353	0.359	0.242	0.425	0.203	0.324	0.337	0.437	0.304	0.328	1.944	0.584	0.345	0.179	1.000	-1832.349
381	8	100	100	0.4750	0.268	0.238	0.190	0.232	0.360	0.145	0.330	0.265	0.145	0.204	0.385	0.371	0.370	0.210	1.852	0.000	0.000	0.165	1.000	-1654.513
382	8	100	100	0.5250	0.336	0.233	0.243	0.429	0.322	0.228	0.319	0.413	0.090	0.497	0.293	0.342	0.287	0.257	2.341	0.593	0.278	0.183	3.178	-1775.090
383	8	100	100	0.5112	0.336	0.469	0.217	0.308	0.239	0.409	0.213	0.335	0.322	0.298	0.152	0.301	0.389	0.419	2.018	0.612	0.300	0.124	7.294	-1744.312
384	8	100	100	0.5054	0.163	0.480	0.439	0.271	0.282	0.252	0.247	0.173	0.350	0.283	0.449	0.325	0.402	0.170	1.931	0.723	0.167	0.237	6.018	-1769.646
385	8	100	100	0.4950	0.322	0.232	0.191	0.353	0.342	0.249	0.227	0.326	0.231	0.360	0.278	0.413	0.383	0.244	1.968	0.470	0.193	0.246	1.284	-1773.591
386	8	100	100	0.5196	0.233	0.239	0.383	0.407	0.325	0.424	0.251	0.225	0.328	0.265	0.290	0.380	0.359	0.243	1.769	0.548	0.299	0.182	1.843	-1836.169
387	8	100	100	0.5350	0.223	0.317	0.145	0.254	0.251	0.355	0.346	0.200	0.428	0.302	0.292	0.362	0.316	0.369	2.161	0.496	0.271	0.166	1.202	-1776.637
388	8	100	100	0.4779	0.286	0.304	0.273	0.286	0.319	0.331	0.244	0.327	0.212	0.291	0.224	0.414	0.338	0.238	1.503	0.704	0.205	0.298	2.616	-1799.641
389	8	100	100	0.5379	0.634	0.245	0.217	0.285	0.339	0.215	0.323	0.000	0.338	0.333	0.207	0.198	0.341	0.270	1.852	0.669	0.132	0.237	1.000	-1726.137
390	8	100	100	0.5379	0.261	0.217	0.381	0.231	0.422	0.330	0.254	0.306	0.218	0.302	0.467	0.322	0.320	0.256	2.457	0.391	0.522	0.115	7.417	-1815.233
391	8	100	100	0.5292	0.255	0.406	0.304	0.191	0.123	0.429	0.466	0.250	0.326	0.269	0.333	0.280	0.312	0.407	1.806	0.412	0.208	0.232	5.657	-1854.453
392	8	100	100	0.4788	0.250	0.307	0.211	0.241	0.161	0.254	0.316	0.218	0.218	0.273	0.278	0.358	0.369	0.254	2.013	0.000	0.000	0.171	1.098	-1673.627
393	8	100	99	0.5138	0.295	0.269	0.371	0.374	0.324	0.254	0.276	0.343	0.212	0.234	0.273	0.326	0.299	0.319	1.569	0.582	0.313	0.155	2.365	-1757.479
394	8	100	100	0.5129	0.373	0.254	0.295	0.314	0.249	0.296	0.392	0.340	0.374	0.269	0.339	0.228	0.303	0.233	2.218	0.510	0.188	0.216	3.898	-1799.746
395	8	100	100	0.5258	0.269	0.338	0.311	0.257	0.196	0.345	0.322	0.375	0.238	0.154	0.302	0.346	0.268	0.307	1.787	0.572	0.428	0.182	1.000	-1764.567
396	8	100	100	0.5292	0.217	0.350	0.554	0.298	0.291	0.291	0.412	0.167	0.331	0.273	0.260	0.334	0.348	0.356	1.802	0.673	0.278	0.266	17.696	-1849.018
397	8	100	99	0.5217	0.326	0.463	0.309	0.157	0.276	0.363	0.288	0.304	0.260	0.285	0.200	0.257	0.417	0.275	1.930	0.505	0.392	0.198	3.112	-1784.311
398	8	100	100	0.5354	0.325	0.434	0.271	0.335	0.172	0.370	0.259	0.298	0.179	0.275	0.278	0.324	0.230	0.306	1.748	0.714	0.203	0.267	8.638	-1774.444
399	8	100	100	0.5292	0.395	0.586	0.249	0.446	0.216	0.340	0.445	0.399	0.206	0.310	0.494	0.263	0.295	0.384	2.181	0.260	0.164	0.188	1.502	-1926.065
400	8	100	100	0.5017	0.215	0.313	0.402	0.461	0.403	0.253	0.291	0.239	0.223	0.177	0.270	0.488	0.309	0.290	1.972	0.585	0.270	0.184	10.492	-1752.361
401	8	100	100	0.5371	0.205	0.324	0.278	0.307	0.561	0.299	0.224	0.232	0.173	0.338	0.353	0.293	0.218	0.256	1.995	0.695	0.204	0.234	8.147	-1735.208
402	8	100	99	0.5388	0.298	0.345	0.321	0.388	0.183	0.373	0.382	0.272	0.421	0.265	0.177	0.320	0.480	0.268	2.261	0.314	0.283	0.192	2.609	-1856.024
403	8	100	99	0.5283	0.276	0.322	4.019	0.276	0.338	0.281	0.412	0.284	0.233	0.296	0.448	0.448	0.360	0.403	1.933	0.658	0.269	0.226	999.000	-1840.354
404	8	100	100	0.4879	0.217	0.453	0.186	0.389	0.188	0.435	0.296	0.115	0.183	0.342	0.340	0.253	0.247	0.352	2.256	0.417	0.292	0.236	883.896	-1752.125
405	8	100	100	0.5158	0.295	0.385	0.225	0.321	0.250	0.267	0.239	0.298	0.166	0.166	0.361	0.370	0.314	0.345	1.619	0.475	0.173	0.229	711.858	-1749.441
406	8	100	100	0.5013	0.328	0.376	0.272	0.529	0.489	0.307	0.411	0.394	0.126	0.283	0.217	0.291	0.225	0.307	2.011	0.561	0.214	0.189	698.223	-1811.179
407	8	100	97	0.4862	0.350	0.190	0.402	0.138	0.182	0.303	0.302	0.432	0.256	0.384	0.307	0.168	0.311	0.247	1.681	0.499	0.376	0.130	10.760	-1691.676
408	8	100	100	0.4904	0.262	0.147	0.327	0.233	0.232	0.294	0.290	0.328	0.325	0.296	0.440	0.250	0.404	0.240	1.962	0.516	0.331	0.201	8.753	-1763.936
409	8	100	100	0.4550	0.296	0.430	0.341	0.234	0.260	0.297	0.279	0.332	0.383	0.457	0.238	0.422	0.305	0.406	1.775	0.292	0.162	0.211	1.000	-1874.148
410	8	100	99	0.4863	0.240	0.297	0.148	0.299	0.314	0.320	0.289	0.299	0.399	0.281	0.353	0.395	0.177	0.246	2.227	0.000	0.000	0.200	155.233	-1741.748
411	8	100	100	0.5200	0.268	0.191	0.359	0.201	0.251	0.269	0.267	0.272	0.248	0.203	0.380	0.227	0.415	0.309	1.923	0.609	0.391	0.226	156.609	-1763.659
412	8	100	100	0.5242	0.244	0.275	0.269	0.289	0.359	0.374	0.345	0.256	0.290	0.289	0.194	0.341	0.262	0.277	2.962	0.518	0.320	0.184	4.470	-1715.402
413	8	100	100	0.4800	0.358	0.330	4.644	0.312	0.248	0.367	0.219	0.351	0.321	0.340	0.356	0.455	0.188	0.233	2.133	0.758	0.218	0.210	999.000	-1734.443
414	8	100	100	0.5363	0.371	0.357	0.085	0.297	0.293	0.350	0.249	0.342	0.245	0.244	0.412	0.405	0.358	0.240	1.788	0.000	0.000	0.223	951.405	-1751.129
415	8	100	99	0.5312	0.313	0.252	0.441	0.233	0.246	0.166	0.235	0.068	0.384	0.241	0.226	0.294	0.203	0.309	1.596	0.709	0.200	0.242	7.712	-1672.004
416	8	100	100	0.5300	0.358	0.136	0.363	0.309	0.365	0.286	0.283	0.328	0.198	0.396	0.328	0.302	0.324	0.367	2.270	0.524	0.296	0.165	7.143	-1789.607
417	8	100	99	0.5221	0.296	0.153	0.336	0.260	0.389	0.250	0.284	0.320	0.299	0.417	0.404	0.204	0.522	0.142	2.125	0.619	0.381	0.128	3.255	-1736.003
418	8	100	99	0.5312	0.751	0.273	0.210	0.387	0.269	0.328	0.297	0.018	0.482	0.353	0.334	0.304	0.294	0.254	2.106	0.308	0.197	0.172	1.000	-1833.162
419	8	100	99	0.4950	0.300	0.187	0.222	0.259	0.285	0.307	0.229	0.265	0.323	0.396	0.312	0.311	0.351	0.273	2.705	0.561	0.439	0.129	1.000	-1704.405
420	8	100	100	0.5221	0.500	0.180	0.243	0.326	0.335	0.354	0.217	0.479	0.211	0.362	0.360	0.457	0.349	0.363	2.269	0.096	0.069	0.172	1.000	-1855.957
421	8	100	100	0.5046	0.255	0.397	0.294	0.253	0.434	0.321	0.264	0.266	0.268	0.351	0.506	0.343	0.353	0.299	2.162	0.484	0.317	0.178	2.635	-1848.697
422	8	100	99	0.5312	0.259	0.207	0.300	0.334	0.275	0.192	0.297	0.266	0.167	0.241	0.428	0.334	0.246	0.202	2.038	0.630	0.200	0.194	4.492	-1667.998
423	8	100	100	0.4858	0.360	0.229	0.242	0.360	0.171	0.346	0.320	0.391	0.274	0.340	0.174	0.424	0.288	0.331	2.046	0.241	0.080	0.243	1.675	-1779.473
424	8	100	99	0.5408	0.181	0.373	0.244	0.284	0.257	0.261	0.403	0.244	0.287	0.283	0.278	0.318	0.256	0.153	2.357	0.683	0.294	0.196	1.000	-1691.977
425	8	100	100	0.5254	0.356	0.237	0.224	0.286	0.246	0.271	0.314	0.330	0.287	0.274	0.277	0.216	0.327	0.270	2.255	0.465	0.234	0.188	1.000	-1728.384
426	8	100	99	0.5246	0.264	0.210	0.629	0.242	0.316	0.234	0.285	0.302	0.301	0.402	0.375	0.233	0.141	0.480	2.426	0.522	0.357	0.147	11.228	-1755.506
427	8	100	100	0.5250	0.451	0.316	12.969	0.268	0.409	0.353	0.187	0.479	0.384	0.316	0.248	0.256	0.491	0.374	1.858	0.621	0.342	0.240	999.000	-1913.317
428	8	100	100	0.5054	0.155	0.442	0.270	0.270	0.344	0.294	0.309	0.509	0.333	0.225	0.369	0.330	0.264	0.482	2.240	0.579	0.259	0.266	13.197	-1840.674
429	8	100	97	0.5108	0.293	0.261	0.214	0.381	0.222	0.409	0.275	0.267	0.285	0.241	0.305	0.291	0.299	0.220	1.770	0.777	0.223	0.187	13.455	-1694.175
430	8	100	100	0.4900	0.315	0.280	0.238	0.174	0.358	0.284	0.317	0.299	0.372	0.268	0.266	0.223	0.369	0.318	1.955	0.648	0.352	0.252	15.111	-1779.302
431	8	100	100	0.4921	0.156	0.303	0.322	0.334	0.257	0.334	0.321	0.198	0.234	0.256	0.222	0.338	0.260	0.388	2.417	0.567	0.362	0.269	9.415	-1745.343
432	8	100	100	0.4950	0.256	0.108	0.418	0.247	0.282	0.293	0.317	0.265	0.369	0.254	0.505	0.372	0.275	0.210	1.833	0.517	0.459	0.196	12.277	-1797.934
433	8	100	100	0.5137	0.349	0.198	0.478	0.246	0.360	0.304	0.274	0.318	0.312	0.239	0.367	0.254	0.416	0.278	2.691	0.487	0.198	0.202	2.690	-1786.017
434	8	100	100	0.4904	0.261	0.206	0.185	0.332	0.473	0.233	0.315	0.291	0.359	0.305	0.213	0.442	0.281	0.359	2.365	0.371	0.222	0.194	5.809	-1770.171
435	8	100	100	0.4975	0.268	0.353	0.856	0.501	0.319	0.323	0.303	0.267	0.329	0.234	0.307	0.416	0.244	0.233	2.285	0.575	0.380	0.194	56.933	-1806.477
436	8	100	100	0.5363	0.231	0.235	0.459	0.183	0.238	0.234	0.253	0.303	0.433	0.289	0.213	0.268	0.233	0.398	1.901	0.628	0.292	0.213	5.824	-1758.851
437	8	100	100	0.5329	0.328	0.194	0.440	0.321	0.297	0.392	0.379	0.379	0.225	0.288	0.198	0.345	0.200	0.395	1.841	0.652	0.334	0.168	17.764	-1773.533
438	8	100	100	0.5279	0.362	0.268	0.186	0.236	0.235	0.354	0.230	0.270	0.386	0.332	0.244	0.219	0.235	0.305	2.036	0.602	0.340	0.191	7.832	-1702.818
439	8	100	100	0.5325	0.219	0.350	0.450	0.238	0.185	0.261	0.402	0.251	0.401	0.201	0.283	0.290	0.261	0.273	2.030	0.750	0.209	0.212	12.055	-1728.900
440	8	100	100	0.5229	0.367	0.306	0.347	0.417	0.365	0.332	0.295	0.344	0.313	0.284	0.362	0.327	0.346	0.316	1.875	0.445	0.289	0.226	15.965	-1908.515
441	8	100	100	0.5142	0.410	0.125	0.311	0.315	0.538	0.306	0.309	0.381	0.413	0.508	0.292	0.228	0.334	0.512	1.994	0.435	0.393	0.157	5.229	-1908.847
442	8	100	100	0.4958	0.355	0.204	0.241	0.283	0.272	0.393	0.279	0.409	0.248	0.393	0.226	0.450	0.333	0.317	2.299	0.370	0.456	0.215	3.331	-1860.299
443	8	100	100	0.5421	0.357	0.314	0.258	0.217	0.194	0.339	0.179	0.296	0.308	0.240	0.314	0.205	0.270	0.300	2.188	0.470	0.282	0.209	1.699	-1713.740
444	8	100	99	0.5608	0.327	0.395	0.345	0.413	0.432	0.221	0.376	0.332	0.291	0.286	0.327	0.260	0.304	0.339	2.104	0.431	0.382	0.138	4.959	-1865.343
445	8	100	99	0.4921	0.392	0.425	0.465	0.313	0.240	0.247	0.275	0.313	0.241	0.336	0.337	0.264	0.429	0.321	2.473	0.529	0.428	0.225	9.899	-1848.010
446	8	100	100	0.5021	0.259	0.410	0.269	0.266	0.261	0.231	0.273	0.306	0.306	0.234	0.252	0.240	0.284	0.327	2.037	0.652	0.328	0.229	11.371	-1729.630
447	8	100	98	0.5358	0.342	0.258	0.426	0.267	0.320	0.251	0.125	0.252	0.392	0.323	0.361	0.150	0.326	0.235	2.129	0.498	0.437	0.119	25.400	-1705.356
448	8	100	100	0.5271	0.302	0.291	0.390	0.250	0.254	0.361	0.254	0.323	0.487	0.288	0.422	0.269	0.269	0.352	1.792	0.733	0.267	0.203	37.940	-1835.324
449	8	100	100	0.5179	0.434	0.178	0.252	0.364	0.294	0.309	0.301	0.435	0.304	0.128	0.346	0.257	0.350	0.245	1.709	0.575	0.295	0.192	5.276	-1772.659
450	8	100	99	0.5242	0.269	0.175	0.143	0.241	0.346	0.251	0.358	0.281	0.283	0.317	0.208	0.314	0.245	0.273	1.905	0.638	0.362	0.242	1.000	-1683.875
451	8	100	100	0.4917	0.222	0.334	0.331	0.299	0.313	0.334	0.333	0.250	0.389	0.172	0.393	0.294	0.247	0.336	2.123	0.439	0.440	0.162	4.947	-1811.135
452	8	100	100	0.5392	0.259	0.329	0.411	0.198	0.209	0.286	0.404	0.278	0.332	0.421	0.324	0.371	0.292	0.319	2.018	0.478	0.267	0.280	3.709	-1878.117
453	8	100	100	0.5346	0.209	0.306	0.317	0.264	0.316	0.270	0.292	0.266	0.287	0.300	0.304	0.201	0.299	0.414	1.914	0.541	0.228	0.197	1.127	-1763.506
454	8	100	100	0.5383	0.418	0.268	0.296	0.308	0.165	0.295	0.274	0.425	0.162	0.261	0.260	0.347	0.308	0.267	2.536	0.725	0.275	0.208	1.000	-1714.760
455	8	100	99	0.5042	0.210	0.530	0.217	0.325	0.166	0.403	0.312	0.158	0.379	0.223	0.305	0.248	0.406	0.293	2.434	0.591	0.315	0.212	4.202	-1767.137
456	8	100	100	0.4992	0.327	0.302	0.326	0.349	0.343	0.275	0.190	0.376	0.197	0.189	0.294	0.390	0.386	0.210	2.421	0.517	0.193	0.255	10.125	-1750.229
457	8	100	100	0.4808	0.401	0.272	0.260	0.256	0.370	0.378	0.210	0.404	0.279	0.274	0.250	0.353	0.263	0.447	2.356	0.318	0.142	0.162	1.000	-1754.221
458	8	100	100	0.5083	0.279	0.311	0.229	0.313	0.292	0.291	0.380	0.262	0.515	0.258	0.240	0.177	0.344	0.194	1.786	0.065	0.026	0.190	1.559	-1758.206
459	8	100	100	0.5112	0.207	0.355	0.240	0.317	0.403	0.352	0.314	0.253	0.422	0.211	0.442	0.392	0.335	0.504	2.413	0.558	0.371	0.198	6.196	-1881.321
460	8	100	100	0.4617	0.320	0.188	0.310	0.388	0.345	0.186	0.536	0.326	0.265	0.281	0.353	0.513	0.279	0.204	1.928	0.619	0.381	0.203	1.000	-1822.307
461	8	100	99	0.5038	0.318	0.227	0.439	0.295	0.408	0.276	0.350	0.318	0.214	0.396	0.363	0.199	0.294	0.269	2.009	0.258	0.226	0.158	1.000	-1836.051
462	8	100	100	0.5104	0.306	0.221	0.258	0.290	0.347	0.345	0.331	0.317	0.402	0.352	0.306	0.310	0.338	0.352	2.095	0.484	0.219	0.196	1.000	-1828.414
463	8	100	100	0.4783	0.255	0.346	1.153	0.318	0.250	0.243	0.265	0.306	0.319	0.399	0.210	0.252	0.402	0.197	2.246	0.646	0.307	0.215	999.000	-1695.336
464	8	100	100	0.5121	0.233	0.233	8.450	0.270	0.284	0.291	0.243	0.236	0.209	0.350	0.332	0.318	0.167	0.406	1.660	0.590	0.368	0.238	947.081	-1749.062
465	8	100	99	0.4912	0.429	0.249	0.416	0.224	0.309	0.351	0.209	0.183	0.207	0.266	0.183	0.470	0.261	0.221	1.940	0.687	0.171	0.225	4.374	-1717.288
466	8	100	100	0.4796	0.295	0.372	0.269	0.381	0.250	0.320	0.371	0.293	0.575	0.184	0.326	0.299	0.419	0.377	2.309	0.651	0.304	0.213	4.616	-1847.291
467	8	100	100	0.5000	0.000	0.199	0.224	0.302	0.350	0.251	0.291	0.643	0.318	0.157	0.332	0.482	0.421	0.257	1.673	0.629	0.284	0.211	1.000	-1774.385
468	8	100	100	0.5212	0.257	0.275	0.321	0.300	0.241	0.287	0.191	0.181	0.226	0.274	0.207	0.110	0.311	0.414	2.213	0.800	0.182	0.197	11.896	-1639.306
469	8	100	100	0.5242	0.248	0.229	0.271	0.249	0.301	0.287	0.264	0.280	0.391	0.180	0.268	0.293	0.275	0.287	1.821	0.504	0.368	0.158	2.280	-1720.366
470	8	100	100	0.5342	0.345	0.209	0.687	0.202	0.332	0.277	0.348	0.311	0.283	0.178	0.272	0.363	0.352	0.269	2.078	0.726	0.233	0.210	53.186	-1726.139
471	8	100	100	0.4892	0.315	0.381	0.093	0.241	0.232	0.133	0.236	0.240	0.437	0.398	0.237	0.226	0.343	0.218	2.051	0.000	0.000	0.210	2.218	-1612.639
472	8	100	99	0.5333	0.297	0.223	0.149	0.270	0.286	0.289	0.243	0.232	0.326	0.281	0.249	0.243	0.227	0.156	1.847	0.000	0.000	0.212	42.257	-1618.398
473	8	100	100	0.4888	0.408	0.309	0.340	0.384	0.200	0.284	0.316	0.423	0.286	0.280	0.340	0.123	0.262	0.386	2.050	0.658	0.342	0.226	42.327	-1794.285
474	8	100	100	0.4900	0.301	0.215	0.311	0.211	0.485	0.337	0.205	0.215	0.276	0.304	0.289	0.231	0.234	0.305	1.559	0.634	0.322	0.199	1.064	-1728.406
475	8	100	100	0.4988	0.259	0.389	0.383	0.236	0.279	0.225	0.468	0.176	0.299	0.237	0.391	0.226	0.358	0.211	1.894	0.672	0.328	0.176	19.359	-1751.581
476	8	100	99	0.5038	0.165	0.172	0.366	0.203	0.271	0.191	0.353	0.149	0.232	0.357	0.296	0.441	0.186	0.438	2.079	0.703	0.297	0.200	34.829	-1719.216
477	8	100	100	0.5142	0.293	0.419	1.651	0.401	0.428	0.489	0.343	0.242	0.309	0.232	0.343	0.531	0.215	0.467	2.119	0.499	0.485	0.142	384.417	-1915.353
478	8	100	100	0.5242	0.348	0.318	0.435	0.189	0.278	0.304	0.419	0.281	0.489	0.389	0.352	0.207	0.247	0.282	1.844	0.525	0.170	0.201	1.923	-1829.987
479	8	100	100	0.4825	0.281	0.281	0.371	0.308	0.241	0.296	0.398	0.281	0.191	0.345	0.398	0.278	0.281	0.381	2.002	0.625	0.351	0.259	16.643	-1827.041
480	8	100	100	0.5246	0.400	0.363	0.266	0.415	0.167	0.294	0.294	0.374	0.273	0.206	0.292	0.339	0.247	0.317	1.978	0.728	0.272	0.214	19.026	-1778.714
481	8	100	99	0.5713	0.208	0.539	0.230	0.371	0.268	0.330	0.242	0.246	0.261	0.297	0.264	0.262	0.355	0.296	1.927	0.581	0.419	0.143	19.916	-1772.736
482	8	100	100	0.5246	0.312	0.325	0.299	0.239	0.243	0.365	0.327	0.301	0.520	0.197	0.358	0.251	0.296	0.373	1.668	0.560	0.316	0.201	8.045	-1843.022
483	8	100	100	0.4942	0.260	0.230	0.332	0.343	0.172	0.310	0.200	0.255	0.102	0.311	0.224	0.308	0.277	0.323	2.185	0.702	0.298	0.169	2.409	-1648.473
484	8	100	100	0.5154	0.439	0.323	0.216	0.368	0.267	0.214	0.360	0.448	0.290	0.269	0.294	0.435	0.334	0.225	1.713	0.112	0.069	0.167	1.000	-1808.350
485	8	100	100	0.5237	0.387	0.514	0.434	0.266	0.066	0.320	0.319	0.433	0.144	0.292	0.326	0.520	0.353	0.314	2.121	0.620	0.296	0.180	12.163	-1821.930
486	8	100	100	0.4883	0.312	0.405	0.177	0.327	0.310	0.391	0.248	0.277	0.196	0.376	0.261	0.391	0.294	0.377	1.876	0.000	0.000	0.154	1.000	-1803.728
487	8	100	100	0.5229	0.369	0.385	0.197	0.373	0.271	0.285	0.240	0.280	0.369	0.189	0.357	0.397	0.272	0.303	2.150	0.704	0.236	0.215	1.000	-1769.573
488	8	100	99	0.4942	0.318	0.299	0.425	0.261	0.297	0.266	0.230	0.329	0.192	0.183	0.357	0.356	0.184	0.282	1.990	0.727	0.220	0.158	12.132	-1660.271
489	8	100	100	0.5354	0.254	0.307	0.326	0.294	0.235	0.218	0.433	0.272	0.230	0.414	0.258	0.338	0.328	0.308	2.066	0.656	0.234	0.188	8.893	-1760.118
490	8	100	100	0.5017	0.202	0.315	0.464	0.335	0.370	0.305	0.413	0.259	0.305	0.311	0.216	0.421	0.444	0.286	2.172	0.655	0.287	0.181	14.708	-1799.756
491	8	100	100	0.5696	0.299	0.344	0.273	0.302	0.384	0.394	0.287	0.294	0.255	0.298	0.288	0.364	0.219	0.322	1.703	0.655	0.332	0.239	18.866	-1836.214
492	8	100	100	0.5229	0.283	0.302	0.435	0.224	0.309	0.284	0.206	0.305	0.203	0.308	0.276	0.327	0.203	0.416	2.110	0.617	0.383	0.186	17.727	-1749.328
493	8	100	100	0.5100	0.236	0.316	0.259	0.286	0.266	0.494	0.322	0.212	0.322	0.248	0.426	0.276	0.299	0.374	2.107	0.593	0.407	0.248	16.857	-1850.353
494	8	100	100	0.5121	0.265	0.532	0.324	0.397	0.340	0.239	0.335	0.310	0.303	0.265	0.220	0.277	0.448	0.372	1.929	0.436	0.136	0.222	1.238	-1856.870
495	8	100	100	0.5467	0.162	0.357	0.436	0.244	0.339	0.206	0.294	0.229	0.355	0.282	0.328	0.406	0.176	0.342	2.360	0.586	0.365	0.231	28.011	-1749.740
496	8	100	100	0.4858	0.340	0.232	0.303	0.330	0.276	0.221	0.345	0.308	0.186	0.279	0.360	0.458	0.280	0.312	2.434	0.729	0.271	0.258	41.050	-1774.425
497	8	100	100	0.5258	0.403	0.465	0.289	0.423	0.248	0.396	0.310	0.375	0.260	0.325	0.374	0.196	0.382	0.272	2.390	0.578	0.376	0.182	5.972	-1870.274
498	8	100	100	0.5004	0.294	0.146	0.135	0.234	0.321	0.296	0.400	0.299	0.382	0.312	0.215	0.301	0.286	0.338	2.095	0.685	0.315	0.207	1.000	-1726.093
499	8	100	100	0.5258	0.272	0.242	0.417	0.199	0.261	0.390	0.414	0.286	0.312	0.314	0.254	0.439	0.393	0.202	1.741	0.650	0.256	0.194	21.977	-1768.824
500	8	100	100	0.5017	0.357	0.244	0.287	0.352	0.256	0.311	0.272	0.370	0.181	0.291	0.256	0.403	0.365	0.273	2.332	0.461	0.286	0.186	1.977	-1776.576
501	8	100	100	0.4912	0.329	0.147	0.434	0.458	0.329	0.254	0.239	0.368	0.353	0.332	0.284	0.306	0.335	0.319	1.871	0.432	0.433	0.138	1.849	-1830.217
502	8	100	100	0.4788	0.269	0.228	0.354	0.320	0.183	0.290	0.305	0.271	0.234	0.311	0.203	0.237	0.241	0.294	2.115	0.501	0.274	0.231	2.422	-1729.419
503	8	100	100	0.5042	0.244	0.315	0.110	0.403	0.371	0.277	0.276	0.218	0.378	0.327	0.336	0.219	0.358	0.136	2.355	0.174	0.033	0.226	1.552	-1705.068
504	8	100	100	0.4946	0.313	0.224	0.255	0.383	0.460	0.302	0.347	0.287	0.322	0.298	0.317	0.267	0.415	0.282	2.087	0.468	0.224	0.233	1.000	-1845.918
505	8	100	100	0.5312	0.292	0.226	0.361	0.341	0.389	0.232	0.258	0.289	0.423	0.201	0.359	0.265	0.229	0.252	1.715	0.487	0.230	0.236	1.000	-1780.919
506	8	100	100	0.5092	0.343	0.391	0.319	0.254	0.176	0.248	0.391	0.286	0.375	0.306	0.195	0.356	0.218	0.253	2.049	0.489	0.314	0.190	4.128	-1738.281
507	8	100	100	0.5271	0.238	0.311	0.138	0.326	0.426	0.430	0.317	0.328	0.342	0.199	0.330	0.416	0.177	0.193	2.335	0.732	0.268	0.257	1.000	-1747.546
508	8	100	100	0.4962	0.272	0.209	0.398	0.315	0.255	0.340	0.301	0.293	0.255	0.410	0.307	0.213	0.205	0.357	2.559	0.649	0.351	0.244	1.000	-1778.415
509	8	100	100	0.5300	0.275	0.254	0.355	0.286	0.247	0.355	0.209	0.326	0.273	0.377	0.240	0.307	0.361	0.290	2.185	0.526	0.270	0.184	1.438	-1779.461
510	8	100	100	0.5496	0.246	0.375	0.319	0.195	0.379	0.243	0.259	0.259	0.421	0.296	0.196	0.417	0.325	0.329	2.274	0.609	0.198	0.217	5.545	-1750.027
511	8	100	97	0.5154	0.295	0.307	0.272	0.247	0.220	0.178	0.313	0.224	0.258	0.257	0.308	0.253	0.247	0.300	2.231	0.478	0.220	0.154	4.011	-1636.165
512	8	100	100	0.5046	0.253	0.230	0.229	0.315	0.455	0.373	0.251	0.193	0.288	0.369	0.224	0.419	0.248	0.276	2.390	0.654	0.287	0.213	7.690	-1745.880
513	8	100	100	0.5363	0.377	0.260	0.223	0.274	0.290	0.290	0.351	0.424	0.302	0.305	0.256	0.290	0.226	0.334	1.721	0.609	0.391	0.303	2.200	-1837.050
514	8	100	100	0.4738	0.369	0.241	0.416	0.339	0.326	0.239	0.257	0.352	0.322	0.254	0.320	0.349	0.228	0.287	2.112	0.441	0.353	0.152	4.146	-1782.625
515	8	100	98	0.4637	0.318	0.299	0.325	0.241	0.362	0.363	0.332	0.308	0.216	0.290	0.224	0.335	0.241	0.264	1.992	0.442	0.528	0.115	18.602	-1735.086
516	8	100	98	0.5225	0.302	0.284	0.321	0.323	0.246	0.234	0.273	0.298	0.259	0.404	0.325	0.229	0.222	0.315	2.278	0.660	0.197	0.173	11.494	-1693.314
517	8	100	99	0.4946	0.302	0.263	0.298	0.264	0.195	0.207	0.309	0.321	0.217	0.439	0.237	0.277	0.248	0.418	2.147	0.174	0.101	0.195	1.000	-1728.877
518	8	100	100	0.5083	0.283	0.385	0.191	0.308	0.444	0.321	0.315	0.278	0.273	0.266	0.264	0.103	0.333	0.379	1.896	0.000	0.000	0.212	1.002	-1798.387
519	8	100	100	0.5246	0.231	0.092	0.385	0.418	0.449	0.434	0.189	0.315	0.265	0.372	0.542	0.209	0.480	0.322	2.055	0.678	0.287	0.220	12.731	-1866.518
520	8	100	100	0.5771	0.210	0.191	0.236	0.406	0.268	0.335	0.287	0.247	0.447	0.387	0.297	0.457	0.186	0.360	1.876	0.689	0.287	0.213	4.714	-1834.678
521	8	100	100	0.5546	0.268	0.419	0.258	0.309	0.204	0.278	0.232	0.270	0.272	0.215	0.199	0.399	0.501	0.200	2.037	0.626	0.278	0.148	2.287	-1676.552
522	8	100	99	0.5238	0.340	0.231	0.196	0.305	0.431	0.379	0.163	0.356	0.123	0.316	0.266	0.514	0.286	0.347	2.157	0.580	0.315	0.207	14.493	-1784.267
523	8	100	100	0.5496	0.307	0.429	0.357	0.171	0.221	0.308	0.295	0.285	0.201	0.436	0.395	0.351	0.343	0.244	2.479	0.743	0.234	0.177	9.505	-1726.899
524	8	100	100	0.4750	0.273	0.351	0.422	0.164	0.491	0.205	0.454	0.268	0.366	0.392	0.141	0.268	0.254	0.268	1.934	0.672	0.328	0.141	5.542	-1741.261
525	8	100	100	0.5096	0.243	0.334	0.176	0.368	0.326	0.174	0.373	0.262	0.271	0.307	0.278	0.275	0.276	0.220	2.143	0.562	0.285	0.229	4.686	-1718.999
526	8	100	99	0.5154	0.265	0.333	0.376	0.312	0.321	0.247	0.235	0.343	0.208	0.266	0.310	0.371	0.322	0.357	1.616	0.611	0.360	0.161	8.216	-1781.790
527	8	100	100	0.4883	0.377	0.322	0.249	0.346	0.183	0.291	0.336	0.407	0.447	0.291	0.299	0.268	0.375	0.347	1.808	0.634	0.231	0.207	9.363	-1815.454
528	8	100	100	0.4912	0.381	0.247	0.298	0.242	0.387	0.210	0.253	0.345	0.335	0.244	0.316	0.292	0.345	0.416	2.284	0.508	0.331	0.195	8.263	-1779.098
529	8	100	100	0.4575	0.409	0.411	0.233	0.264	0.289	0.342	0.152	0.358	0.284	0.234	0.318	0.209	0.213	0.386	1.643	0.614	0.216	0.230	2.992	-1746.957
530	8	100	100	0.5058	0.317	0.299	0.361	0.256	0.305	0.383	0.253	0.401	0.287	0.443	0.283	0.405	0.357	0.345	2.119	0.513	0.487	0.142	1.000	-1872.328
531	8	100	98	0.5437	0.224	0.213	0.170	0.253	0.336	0.212	0.193	0.213	0.448	0.395	0.240	0.253	0.314	0.184	1.913	0.633	0.187	0.167	9.628	-1639.572
532	8	100	99	0.5417	0.279	0.343	0.206	0.122	0.159	0.205	0.432	0.216	0.313	0.167	0.292	0.313	0.302	0.240	2.143	0.620	0.380	0.184	8.624	-1654.674
533	8	100	100	0.5058	0.388	0.180	0.143	0.415	0.497	0.251	0.345	0.453	0.335	0.281	0.379	0.202	0.333	0.163	2.199	0.702	0.298	0.179	5.399	-1762.729
534	8	100	100	0.4988	0.364	0.283	0.315	0.189	0.308	0.354	0.154	0.345	0.363	0.379	0.228	0.231	0.256	0.340	1.783	0.802	0.156	0.195	2.988	-1709.115
535	8	100	100	0.4992	0.222	0.282	0.354	0.193	0.225	0.261	0.309	0.291	0.350	0.318	0.317	0.115	0.259	0.319	1.874	0.651	0.149	0.186	3.011	-1688.198
536	8	100	100	0.5271	0.318	0.201	0.535	0.369	0.203	0.377	0.325	0.349	0.192	0.259	0.269	0.289	0.344	0.271	2.292	0.685	0.275	0.252	28.935	-1773.835
537	8	100	100	0.5167	0.438	0.219	0.379	0.307	0.200	0.336	0.211	0.491	0.410	0.169	0.306	0.155	0.316	0.151	1.961	0.506	0.324	0.154	7.809	-1695.760
538	8	100	100	0.5346	0.277	0.316	0.281	0.319	0.318	0.377	0.424	0.221	0.176	0.299	0.461	0.356	0.289	0.230	2.493	0.399	0.299	0.173	1.000	-1814.103
539	8	100	100	0.4796	0.241	0.315	0.301	0.344	0.379	0.223	0.199	0.248	0.262	0.212	0.375	0.284	0.294	0.349	2.011	0.688	0.228	0.257	6.084	-1759.760
540	8	100	100	0.5088	0.295	0.295	0.354	0.375	0.330	0.278	0.256	0.281	0.447	0.309	0.390	0.354	0.312	0.395	1.840	0.454	0.301	0.185	6.511	-1878.859
541	8	100	99	0.5433	0.201	0.295	0.152	0.279	0.326	0.258	0.507	0.194	0.415	0.370	0.154	0.392	0.144	0.354	2.523	0.512	0.232	0.163	1.000	-1694.674
542	8	100	100	0.5283	0.408	0.385	0.315	0.327	0.276	0.310	0.229	0.394	0.309	0.371	0.259	0.433	0.301	0.227	2.168	0.000	0.000	0.122	1.360	-1820.460
543	8	100	100	0.5183	0.266	0.242	0.338	0.367	0.180	0.349	0.292	0.252	0.368	0.281	0.209	0.271	0.225	0.389	2.423	0.600	0.320	0.209	2.942	-1743.645
544	8	100	100	0.4958	0.273	0.226	0.261	0.248	0.216	0.323	0.299	0.203	0.309	0.293	0.326	0.290	0.228	0.338	2.789	0.655	0.345	0.163	1.000	-1687.686
545	8	100	100	0.5133	0.419	0.248	0.364	0.241	0.287	0.296	0.232	0.351	0.143	0.253	0.330	0.228	0.373	0.293	2.461	0.599	0.311	0.211	1.000	-1728.888
546	8	100	100	0.5092	0.322	0.160	0.463	0.399	0.484	0.329	0.316	0.396	0.279	0.288	0.342	0.372	0.380	0.277	1.972	0.710	0.240	0.253	9.516	-1875.985
547	8	100	100	0.4729	0.402	0.167	0.278	0.401	0.551	0.298	0.305	0.342	0.259	0.413	0.266	0.376	0.275	0.336	2.133	0.616	0.384	0.158	9.995	-1840.094
548	8	100	99	0.5017	0.371	0.300	0.358	0.251	0.266	0.346	0.327	0.300	0.203	0.327	0.298	0.302	0.338	0.458	1.966	0.624	0.376	0.149	16.670	-1805.578
549	8	100	100	0.5033	0.313	0.392	0.277	0.414	0.396	0.426	0.238	0.236	0.619	0.432	0.320	0.328	0.428	0.224	2.501	0.526	0.474	0.138	10.334	-1894.975
550	8	100	99	0.5558	0.387	0.301	0.377	0.216	0.274	0.319	0.255	0.402	0.326	0.286	0.270	0.357	0.416	0.179	2.499	0.519	0.270	0.152	1.180	-1756.856
551	8	100	100	0.5300	0.319	0.124	0.343	0.485	0.282	0.323	0.326	0.248	0.361	0.281	0.242	0.343	0.298	0.443	1.622	0.506	0.314	0.164	3.929	-1840.390
552	8	100	100	0.4929	0.281	0.415	0.275	0.274	0.274	0.428	0.233	0.290	0.245	0.263	0.466	0.318	0.232	0.483	2.190	0.618	0.269	0.221	10.309	-1827.243
553	8	100	100	0.5138	0.272	0.290	0.479	0.314	0.354	0.276	0.451	0.209	0.232	0.344	0.358	0.352	0.238	0.378	2.590	0.532	0.400	0.307	9.907	-1885.552
554	8	100	100	0.5125	0.404	0.229	0.306	0.337	0.315	0.449	0.110	0.417	0.280	0.353	0.403	0.325	0.240	0.237	1.688	0.612	0.388	0.216	4.332	-1821.089
555	8	100	100	0.4904	0.322	0.344	0.257	0.460	0.163	0.318	0.304	0.415	0.442	0.355	0.330	0.243	0.304	0.429	2.344	0.600	0.386	0.144	10.316	-1830.128
556	8	100	100	0.5204	0.199	0.305	0.105	0.348	0.275	0.342	0.305	0.247	0.323	0.253	0.312	0.308	0.239	0.218	2.090	0.656	0.164	0.277	20.247	-1708.330
557	8	100	100	0.4850	0.332	0.206	0.245	0.289	0.188	0.250	0.249	0.284	0.284	0.216	0.275	0.316	0.258	0.384	1.927	0.643	0.357	0.238	19.057	-1700.667
558	8	100	100	0.5117	0.310	0.233	0.367	0.229	0.313	0.264	0.330	0.312	0.245	0.282	0.426	0.574	0.124	0.300	1.855	0.589	0.411	0.204	23.725	-1814.122
559	8	100	100	0.5312	0.279	0.237	0.173	0.389	0.254	0.328	0.261	0.259	0.323	0.417	0.285	0.489	0.429	0.392	1.883	0.590	0.410	0.176	24.004	-1848.794
560	8	100	100	0.4746	0.288	0.384	0.550	0.464	0.159	0.236	0.266	0.238	0.266	0.326	0.544	0.486	0.263	0.312	2.197	0.552	0.275	0.267	14.859	-1888.136
561	8	100	100	0.5312	0.321	0.373	0.427	0.330	0.401	0.200	0.220	0.241	0.359	0.412	0.236	0.390	0.347	0.390	1.947	0.536	0.317	0.212	3.576	-1894.417
562	8	100	99	0.5325	0.319	0.297	0.395	0.328	0.066	0.270	0.512	0.275	0.231	0.373	0.266	0.302	0.156	0.328	2.023	0.414	0.191	0.164	1.369	-1754.100
563	8	100	100	0.5396	0.355	0.299	0.332	0.387	0.123	0.429	0.261	0.400	0.212	0.250	0.242	0.444	0.467	0.323	1.884	0.475	0.291	0.125	1.000	-1780.297
564	8	100	99	0.4817	0.356	0.250	0.160	0.298	0.142	0.349	0.212	0.347	0.478	0.192	0.305	0.395	0.223	0.186	2.023	0.651	0.293	0.332	12.165	-1717.203
565	8	100	100	0.5079	0.227	0.316	0.374	0.340	0.372	0.254	0.493	0.235	0.424	0.410	0.313	0.261	0.241	0.290	1.879	0.640	0.181	0.293	6.634	-1870.565
566	8	100	100	0.5233	0.385	0.307	0.361	0.294	0.246	0.287	0.367	0.356	0.357	0.403	0.271	0.408	0.423	0.343	2.114	0.662	0.338	0.238	4.431	-1915.436
567	8	100	100	0.4900	0.277	0.320	0.390	0.317	0.261	0.409	0.268	0.309	0.493	0.301	0.208	0.424	0.386	0.287	2.276	0.600	0.313	0.199	9.357	-1828.747
568	8	100	99	0.5088	0.214	0.255	0.294	0.377	0.229	0.308	0.227	0.255	0.390	0.310	0.311	0.173	0.412	0.233	1.996	0.715	0.215	0.214	10.321	-1740.531
569	8	100	100	0.5433	0.249	0.474	0.390	0.247	0.322	0.401	0.405	0.262	0.339	0.236	0.280	0.145	0.273	0.286	1.899	0.775	0.225	0.221	55.489	-1805.240
570	8	100	100	0.5112	0.235	0.281	0.234	0.164	0.277	0.338	0.182	0.260	0.215	0.231	0.254	0.508	0.265	0.190	2.378	0.737	0.263	0.187	60.318	-1620.983
571	8	100	100	0.5283	0.291	0.308	0.216	0.238	0.337	0.142	0.245	0.312	0.289	0.372	0.315	0.353	0.268	0.248	1.963	0.186	0.082	0.177	1.139	-1703.142
572	8	100	100	0.4758	0.370	0.327	0.317	0.360	0.534	0.356	0.390	0.325	0.292	0.414	0.344	0.510	0.337	0.171	2.136	0.574	0.426	0.189	1.000	-1919.056
573	8	100	100	0.5000	0.258	0.323	0.225	0.330	0.350	0.222	0.324	0.303	0.360	0.438	0.191	0.265	0.265	0.315	1.757	0.476	0.374	0.203	1.000	-1792.940
574	8	100	100	0.4900	0.404	0.346	0.289	0.365	0.462	0.302	0.351	0.413	0.276	0.297	0.259	0.321	0.338	0.550	2.245	0.489	0.269	0.213	5.527	-1900.327
575	8	100	100	0.5317	0.233	0.259	0.307	0.223	0.260	0.318	0.302	0.295	0.464	0.205	0.260	0.337	0.265	0.274	1.717	0.696	0.206	0.184	7.301	-1723.707
576	8	100	100	0.5188	0.383	0.215	0.217	0.379	0.585	0.181	0.425	0.436	0.349	0.385	0.381	0.360	0.436	0.146	1.976	0.284	0.283	0.169	2.382	-1899.681
577	8	100	100	0.5446	0.330	0.225	0.398	0.203	0.216	0.333	0.314	0.332	0.274	0.255	0.271	0.208	0.300	0.320	2.126	0.619	0.360	0.204	8.176	-1746.545
578	8	100	100	0.4733	0.237	0.431	0.262	0.318	0.241	0.238	0.315	0.277	0.300	0.317	0.294	0.445	0.197	0.249	2.114	0.331	0.161	0.236	1.000	-1771.602
579	8	100	99	0.4871	0.294	0.217	0.360	0.324	0.246	0.197	0.412	0.266	0.184	0.329	0.334	0.153	0.311	0.312	1.911	0.621	0.296	0.220	10.670	-1731.888
580	8	100	100	0.5375	0.229	0.257	0.218	0.419	0.261	0.254	0.297	0.285	0.415	0.230	0.242	0.423	0.277	0.243	2.284	0.292	0.108	0.225	1.397	-1757.276
581	8	100	99	0.5088	0.279	0.321	0.242	0.449	0.178	0.315	0.242	0.283	0.295	0.292	0.275	0.244	0.237	0.208	1.698	0.000	0.000	0.235	2.509	-1742.445
582	8	100	100	0.4896	0.283	0.363	0.334	0.348	0.298	0.324	0.320	0.225	0.357	0.234	0.368	0.394	0.222	0.342	1.883	0.617	0.284	0.250	7.676	-1848.744
583	8	100	100	0.5504	0.233	0.321	0.419	0.265	0.347	0.310	0.226	0.245	0.193	0.272	0.266	0.435	0.290	0.299	1.431	0.625	0.284	0.204	1.671	-1805.579
584	8	100	100	0.5200	0.338	0.295	0.313	0.204	0.289	0.328	0.260	0.354	0.292	0.246	0.519	0.231	0.256	0.498	1.991	0.700	0.255	0.209	1.000	-1799.821
585	8	100	100	0.5004	0.274	0.343	0.278	0.251	0.216	0.362	0.379	0.279	0.409	0.296	0.313	0.145	0.250	0.292	1.890	0.482	0.475	0.188	4.925	-1784.612
586	8	100	100	0.4854	0.591	0.432	0.319	0.234	0.181	0.327	0.360	0.000	0.315	0.363	0.334	0.243	0.263	0.406	2.443	0.522	0.469	0.149	2.963	-1799.620
587	8	100	100	0.4971	0.254	0.399	0.319	0.282	0.368	0.266	0.335	0.298	0.342	0.343	0.205	0.288	0.371	0.379	1.861	0.522	0.408	0.272	4.070	-1880.376
588	8	100	99	0.5304	0.289	0.107	0.169	0.242	0.338	0.257	0.344	0.292	0.149	0.312	0.348	0.211	0.275	0.175	1.993	0.680	0.251	0.170	17.884	-1607.518
589	8	100	99	0.4796	0.264	0.236	0.338	0.281	0.295	0.373	0.266	0.255	0.342	0.466	0.241	0.298	0.282	0.394	1.641	0.609	0.221	0.236	6.699	-1808.926
590	8	100	100	0.5054	0.349	0.323	0.309	0.316	0.223	0.327	0.200	0.362	0.456	0.285	0.370	0.177	0.183	0.364	2.056	0.488	0.317	0.192	1.000	-1790.376
591	8	100	100	0.5167	0.270	0.325	4.586	0.463	0.279	0.284	0.276	0.324	0.112	0.159	0.404	0.369	0.337	0.269	1.670	0.764	0.217	0.272	998.999	-1798.521
592	8	100	99	0.5079	0.412	0.421	0.272	0.209	0.256	0.196	0.234	0.220	0.224	0.259	0.328	0.253	0.298	0.232	2.131	0.371	0.192	0.228	2.100	-1723.970
593	8	100	98	0.5279	0.224	0.340	16.398	0.346	0.295	0.187	0.340	0.265	0.171	0.286	0.224	0.292	0.389	0.275	2.090	0.628	0.303	0.154	999.000	-1713.293
594	8	100	100	0.5392	0.167	0.200	0.433	0.363	0.523	0.387	0.308	0.390	0.270	0.235	0.461	0.310	0.305	0.245	2.181	0.596	0.404	0.182	1.000	-1869.188
595	8	100	99	0.5304	0.329	0.421	0.275	0.256	0.470	0.338	0.264	0.286	0.138	0.291	0.272	0.345	0.216	0.258	2.011	0.264	0.117	0.168	1.000	-1734.892
596	8	100	100	0.5279	0.294	0.457	0.099	0.279	0.307	0.247	0.294	0.271	0.137	0.318	0.302	0.277	0.382	0.426	2.409	0.692	0.294	0.249	2.026	-1742.405
597	8	100	100	0.4950	0.304	0.311	0.127	0.230	0.293	0.202	0.395	0.265	0.199	0.319	0.179	0.229	0.196	0.292	1.757	0.618	0.254	0.176	1.755	-1629.197
598	8	100	100	0.4967	0.400	0.174	0.212	0.302	0.285	0.250	0.275	0.339	0.361	0.312	0.228	0.334	0.309	0.309	2.896	0.351	0.217	0.147	1.000	-1698.859
599	8	100	100	0.5008	0.268	0.222	0.321	0.361	0.279	0.285	0.309	0.242	0.463	0.274	0.468	0.171	0.346	0.310	2.256	0.564	0.272	0.234	3.599	-1826.683
600	8	100	99	0.4792	0.239	0.332	0.184	0.310	0.427	0.264	0.265	0.278	0.117	0.328	0.282	0.399	0.321	0.377	2.424	0.090	0.043	0.211	1.000	-1749.156
601	8	100	100	0.5033	0.240	0.564	0.190	0.211	0.158	0.363	0.311	0.149	0.511	0.180	0.296	0.298	0.174	0.218	2.067	0.461	0.195	0.201	2.057	-1698.936
602	8	100	99	0.4858	0.263	0.281	0.357	0.232	0.345	0.375	0.313	0.250	0.467	0.215	0.294	0.280	0.276	0.350	1.740	0.654	0.346	0.235	1.000	-1827.558
603	8	100	99	0.4842	0.365	0.129	0.357	0.240	0.378	0.409	0.231	0.347	0.416	0.392	0.297	0.141	0.288	0.296	1.953	0.621	0.249	0.178	6.193	-1737.707
604	8	100	100	0.5288	0.586	0.251	0.286	0.336	0.206	0.273	0.442	0.000	0.302	0.197	0.210	0.302	0.294	0.311	2.298	0.579	0.347	0.222	1.559	-1750.175
605	8	100	100	0.4904	0.249	0.228	0.329	0.312	0.257	0.421	0.230	0.328	0.287	0.300	0.297	0.247	0.356	0.334	1.771	0.444	0.261	0.172	1.000	-1785.835
606	8	100	99	0.5129	0.335	0.410	0.402	0.166	0.375	0.192	0.246	0.358	0.369	0.241	0.285	0.220	0.331	0.188	1.911	0.745	0.202	0.188	8.615	-1703.235
607	8	100	100	0.5258	0.231	0.163	0.259	0.380	0.469	0.213	0.371	0.275	0.396	0.259	0.436	0.323	0.184	0.334	1.908	0.525	0.239	0.180	2.718	-1795.887
608	8	100	100	0.5471	0.250	0.225	0.222	0.292	0.287	0.245	0.329	0.271	0.325	0.522	0.300	0.284	0.201	0.334	2.231	0.583	0.255	0.230	2.495	-1767.844
609	8	100	99	0.5408	0.258	0.349	0.279	0.248	0.358	0.277	0.347	0.223	0.292	0.289	0.226	0.350	0.258	0.207	1.760	0.738	0.235	0.237	5.237	-1744.801
610	8	100	99	0.4700	0.199	0.433	0.438	0.200	0.277	0.368	0.272	0.161	0.473	0.183	0.323	0.275	0.175	0.501	1.910	0.497	0.316	0.170	2.216	-1776.385
611	8	100	100	0.4838	0.292	0.323	13.385	0.354	0.364	0.282	0.243	0.301	0.426	0.198	0.267	0.330	0.270	0.345	2.367	0.651	0.297	0.182	998.984	-1762.422
612	8	100	99	0.5192	0.497	0.223	0.322	0.320	0.320	0.344	0.325	0.115	0.483	0.375	0.224	0.250	0.349	0.309	2.301	0.619	0.381	0.229	21.705	-1839.239
613	8	100	100	0.4783	0.000	0.329	0.658	0.153	0.340	0.249	0.224	0.714	0.240	0.440	0.232	0.346	0.305	0.284	2.127	0.671	0.323	0.194	111.404	-1752.146
614	8	100	100	0.5237	0.397	0.208	0.309	0.358	0.386	0.399	0.379	0.389	0.233	0.261	0.374	0.401	0.312	0.335	2.136	0.000	0.000	0.164	3.375	-1849.229
615	8	100	100	0.4925	0.395	0.111	0.412	0.358	0.349	0.325	0.315	0.389	0.270	0.283	0.343	0.246	0.289	0.381	1.726	0.657	0.301	0.355	11.457	-1889.620
616	8	100	100	0.5308	0.198	0.253	0.484	0.183	0.352	0.340	0.276	0.238	0.401	0.227	0.266	0.167	0.393	0.299	1.965	0.650	0.319	0.220	43.164	-1715.013
617	8	100	100	0.4817	0.296	0.279	0.401	0.216	0.314	0.351	0.305	0.285	0.205	0.309	0.353	0.210	0.290	0.367	1.995	0.575	0.345	0.158	78.551	-1722.752
618	8	100	100	0.5300	0.327	0.110	0.241	0.248	0.338	0.396	0.241	0.365	0.408	0.416	0.187	0.192	0.433	0.341	1.847	0.000	0.000	0.248	1.000	-1815.848
619	8	100	100	0.4679	0.297	0.413	0.249	0.383	0.077	0.307	0.300	0.326	0.244	0.228	0.367	0.181	0.344	0.344	1.773	0.672	0.278	0.217	7.212	-1766.457
620	8	100	100	0.4950	0.340	0.275	0.267	0.391	0.192	0.266	0.286	0.324	0.303	0.372	0.144	0.310	0.243	0.311	1.580	0.598	0.253	0.183	9.516	-1743.381
621	8	100	100	0.5246	0.269	0.102	0.375	0.370	0.424	0.354	0.277	0.230	0.085	0.290	0.360	0.183	0.233	0.392	2.429	0.633	0.274	0.191	11.628	-1692.606
622	8	100	99	0.4821	0.338	0.340	0.495	0.322	0.247	0.363	0.242	0.329	0.299	0.409	0.388	0.094	0.227	0.212	2.096	0.636	0.264	0.267	15.555	-1779.735
623	8	100	100	0.5200	0.285	0.279	0.214	0.340	0.396	0.177	0.275	0.276	0.514	0.256	0.390	0.311	0.402	0.283	2.040	0.521	0.251	0.197	16.720	-1797.983
624	8	100	99	0.4913	0.263	0.441	0.303	0.212	0.152	0.352	0.363	0.301	0.130	0.344	0.274	0.279	0.319	0.351	2.844	0.561	0.408	0.191	9.863	-1751.252
625	8	100	100	0.4988	0.293	0.331	0.804	0.265	0.291	0.281	0.318	0.264	0.335	0.274	0.252	0.167	0.330	0.292	2.087	0.623	0.361	0.214	94.912	-1768.938
626	8	100	100	0.4938	0.363	0.246	0.278	0.220	0.563	0.221	0.241	0.382	0.380	0.380	0.305	0.241	0.299	0.336	1.705	0.498	0.271	0.186	1.337	-1820.269
627	8	100	100	0.5292	0.451	0.306	0.279	0.312	0.307	0.307	0.319	0.454	0.250	0.251	0.345	0.220	0.227	0.293	1.751	0.532	0.293	0.236	6.120	-1822.414
628	8	100	100	0.5046	0.336	0.254	0.599	0.461	0.371	0.264	0.375	0.327	0.433	0.411	0.277	0.201	0.384	0.400	2.242	0.516	0.372	0.196	22.334	-1888.935
629	8	100	100	0.5329	0.256	0.278	0.424	0.279	0.395	0.298	0.272	0.176	0.243	0.230	0.253	0.288	0.333	0.325	2.044	0.681	0.306	0.280	12.335	-1784.590
630	8	100	100	0.5167	0.415	0.254	0.309	0.320	0.257	0.310	0.319	0.367	0.190	0.300	0.367	0.324	0.330	0.372	1.780	0.395	0.438	0.223	5.606	-1890.478
631	8	100	100	0.4917	0.274	0.255	0.209	0.260	0.376	0.290	0.328	0.286	0.363	0.263	0.445	0.269	0.460	0.234	1.737	0.766	0.136	0.271	1.699	-1804.585
632	8	100	100	0.4850	0.333	0.243	0.263	0.232	0.320	0.307	0.378	0.295	0.157	0.334	0.337	0.278	0.361	0.257	2.008	0.702	0.270	0.194	17.078	-1747.192
633	8	100	100	0.4812	0.213	0.384	0.310	0.295	0.269	0.495	0.200	0.289	0.393	0.205	0.372	0.221	0.280	0.255	1.880	0.635	0.365	0.275	10.720	-1820.555
634	8	100	100	0.5054	0.423	0.389	0.376	0.182	0.236	0.386	0.229	0.359	0.207	0.458	0.178	0.213	0.312	0.227	1.699	0.467	0.307	0.148	1.000	-1763.444
635	8	100	100	0.5142	0.295	0.388	0.334	0.440	0.323	0.261	0.370	0.338	0.302	0.274	0.371	0.331	0.404	0.247	1.974	0.654	0.346	0.171	1.000	-1852.557
636	8	100	100	0.5500	0.303	0.240	0.282	0.246	0.293	0.323	0.257	0.302	0.295	0.366	0.264	0.253	0.289	0.288	1.708	0.642	0.274	0.176	11.724	-1754.646
637	8	100	100	0.5529	0.341	0.429	0.282	0.271	0.296	0.304	0.396	0.305	0.227	0.307	0.342	0.414	0.376	0.317	2.166	0.620	0.380	0.206	11.094	-1868.276
638	8	100	99	0.5033	0.119	0.352	0.335	0.238	0.311	0.322	0.306	0.406	0.304	0.470	0.203	0.367	0.273	0.360	1.765	0.516	0.475	0.162	6.109	-1852.196
639	8	100	100	0.4833	0.484	0.340	0.195	0.278	0.172	0.366	0.308	0.506	0.261	0.221	0.417	0.431	0.285	0.444	2.557	0.472	0.259	0.201	1.000	-1809.062
640	8	100	100	0.5046	0.263	0.248	0.267	0.323	0.377	0.333	0.244	0.307	0.288	0.365	0.251	0.410	0.439	0.276	2.115	0.000	0.000	0.207	1.000	-1811.096
641	8	100	100	0.5129	0.325	0.218	0.418	0.249	0.311	0.263	0.220	0.251	0.414	0.212	0.373	0.200	0.198	0.348	2.115	0.380	0.162	0.233	1.616	-1752.933
642	8	100	100	0.5017	0.254	0.205	0.926	0.332	0.193	0.261	0.412	0.172	0.407	0.318	0.377	0.265	0.315	0.249	2.393	0.593	0.358	0.190	44.376	-1781.017
643	8	100	100	0.4879	0.319	0.234	0.547	0.246	0.285	0.383	0.146	0.301	0.242	0.333	0.379	0.271	0.300	0.363	2.077	0.661	0.282	0.214	36.488	-1737.225
644	8	100	100	0.5346	0.302	0.311	0.278	0.320	0.298	0.331	0.260	0.286	0.429	0.293	0.299	0.277	0.255	0.378	1.534	0.678	0.322	0.221	40.983	-1813.362
645	8	100	99	0.4933	0.357	0.363	0.351	0.277	0.208	0.223	0.266	0.326	0.334	0.411	0.305	0.221	0.305	0.285	1.883	0.668	0.332	0.209	42.642	-1779.619
646	8	100	100	0.5458	0.348	0.440	0.366	0.200	0.265	0.454	0.249	0.331	0.151	0.434	0.156	0.503	0.262	0.448	2.266	0.418	0.582	0.157	42.900	-1880.506
647	8	100	100	0.5171	0.398	0.151	0.479	0.387	0.580	0.159	0.375	0.439	0.334	0.330	0.335	0.462	0.272	0.347	2.200	0.388	0.343	0.151	15.151	-1889.795
648	8	100	100	0.5229	0.256	0.259	8.792	0.248	0.436	0.421	0.413	0.326	0.262	0.258	0.311	0.377	0.204	0.381	2.354	0.602	0.365	0.225	998.993	-1816.778
649	8	100	100	0.5058	0.322	0.274	0.322	0.347	0.361	0.411	0.273	0.000	0.269	0.163	0.293	0.290	0.358	0.257	2.204	0.721	0.189	0.275	1.000	-1746.059
650	8	100	100	0.5271	0.287	0.206	0.526	0.330	0.343	0.463	0.391	0.262	0.289	0.294	0.440	0.222	0.246	0.254	1.864	0.566	0.355	0.153	13.742	-1815.729
651	8	100	100	0.5092	0.243	0.302	0.225	0.300	0.286	0.318	0.412	0.295	0.187	0.273	0.340	0.205	0.345	0.242	1.696	0.553	0.354	0.190	4.247	-1778.637
652	8	100	100	0.4946	0.000	0.278	0.188	0.419	0.370	0.322	0.234	0.585	0.226	0.190	0.295	0.341	0.432	0.291	2.093	0.738	0.261	0.230	2.313	-1755.370
653	8	100	100	0.5258	0.319	0.090	0.226	0.303	0.422	0.380	0.231	0.298	0.255	0.122	0.319	0.223	0.324	0.305	1.944	0.418	0.221	0.206	1.342	-1695.152
654	8	100	100	0.5225	0.264	0.320	0.281	0.362	0.353	0.221	0.400	0.302	0.159	0.260	0.326	0.350	0.212	0.324	1.684	0.725	0.123	0.198	3.884	-1747.536
655	8	100	99	0.4875	0.231	0.363	0.179	0.230	0.182	0.272	0.186	0.261	0.355	0.219	0.338	0.093	0.350	0.199	2.492	0.539	0.168	0.181	2.588	-1577.414
656	8	100	100	0.5167	0.228	0.134	0.364	0.177	0.480	0.222	0.360	0.188	0.193	0.233	0.305	0.291	0.286	0.337	1.681	0.351	0.192	0.147	1.000	-1723.110
657	8	100	100	0.5262	0.303	0.243	0.384	0.239	0.510	0.244	0.375	0.369	0.267	0.400	0.405	0.184	0.368	0.248	2.613	0.614	0.351	0.246	9.417	-1814.855
658	8	100	100	0.4783	0.358	0.223	0.187	0.435	0.267	0.213	0.274	0.323	0.339	0.188	0.327	0.220	0.390	0.169	1.562	0.639	0.286	0.161	17.608	-1666.954
659	8	100	100	0.5233	0.289	0.245	0.442	0.394	0.298	0.201	0.249	0.246	0.285	0.211	0.323	0.372	0.326	0.161	2.053	0.628	0.372	0.192	18.760	-1745.743
660	8	100	100	0.5554	0.263	0.128	0.306	0.219	0.270	0.372	0.324	0.293	0.467	0.277	0.313	0.386	0.220	0.205	1.867	0.718	0.155	0.205	5.410	-1720.009
661	8	100	100	0.5029	0.326	0.237	0.255	0.323	0.327	0.271	0.353	0.305	0.191	0.283	0.319	0.257	0.244	0.314	1.805	0.689	0.231	0.246	2.235	-1756.446
662	8	100	98	0.5513	0.281	0.403	0.376	0.143	0.195	0.259	0.373	0.356	0.236	0.283	0.358	0.359	0.401	0.191	1.852	0.649	0.310	0.206	1.169	-1777.053
663	8	100	100	0.5133	0.287	0.144	0.249	0.301	0.388	0.408	0.252	0.346	0.191	0.340	0.367	0.301	0.341	0.193	1.815	0.697	0.222	0.156	11.408	-1713.231
664	8	100	100	0.5321	0.291	0.313	0.426	0.208	0.256	0.249	0.199	0.336	0.209	0.280	0.320	0.461	0.204	0.275	2.331	0.630	0.370	0.233	102.065	-1747.616
665	8	100	100	0.4962	0.292	0.188	0.224	0.241	0.274	0.282	0.172	0.236	0.262	0.281	0.371	0.269	0.162	0.332	1.985	0.725	0.275	0.274	1.000	-1677.885
666	8	100	100	0.4725	0.411	0.503	0.387	0.116	0.155	0.182	0.442	0.385	0.093	0.202	0.256	0.508	0.229	0.259	1.928	0.772	0.178	0.175	2.435	-1645.340
667	8	100	100	0.5075	0.281	0.387	0.271	0.288	0.100	0.216	0.352	0.333	0.204	0.273	0.298	0.357	0.359	0.224	2.235	0.800	0.150	0.234	14.540	-1683.163
668	8	100	100	0.4996	0.377	0.236	0.311	0.371	0.367	0.462	0.251	0.293	0.183	0.382	0.417	0.420	0.235	0.351	1.768	0.000	0.000	0.234	1.043	-1907.039
669	8	100	100	0.4775	0.299	0.341	0.325	0.216	0.421	0.330	0.400	0.268	0.229	0.390	0.150	0.132	0.237	0.383	2.137	0.551	0.449	0.218	1.000	-1780.566
670	8	100	100	0.5296	0.292	0.304	0.357	0.354	0.264	0.281	0.252	0.284	0.247	0.199	0.395	0.394	0.393	0.220	1.837	0.735	0.245	0.238	27.230	-1789.698
671	8	100	99	0.5108	0.255	0.220	0.256	0.146	0.130	0.319	0.279	0.337	0.195	0.138	0.283	0.307	0.180	0.241	2.265	0.513	0.139	0.224	1.000	-1573.965
672	8	100	100	0.5296	0.273	0.246	0.401	0.272	0.269	0.388	0.289	0.305	0.103	0.298	0.268	0.307	0.277	0.273	2.326	0.571	0.333	0.155	9.163	-1706.569
673	8	100	100	0.4692	0.239	0.421	0.196	0.354	0.127	0.256	0.349	0.234	0.325	0.309	0.288	0.368	0.245	0.266	2.018	0.096	0.098	0.182	1.000	-1764.032
674	8	100	100	0.5129	0.161	0.432	0.317	0.395	0.349	0.199	0.329	0.248	0.279	0.373	0.345	0.204	0.307	0.408	2.052	0.482	0.347	0.142	1.000	-1807.847
675	8	100	100	0.4938	0.306	0.425	0.321	0.394	0.365	0.317	0.090	0.319	0.480	0.278	0.312	0.212	0.296	0.245	1.962	0.543	0.271	0.214	1.156	-1799.519
676	8	100	100	0.5325	0.239	0.349	0.340	0.276	0.515	0.264	0.234	0.219	0.165	0.458	0.475	0.313	0.318	0.269	2.133	0.594	0.406	0.193	4.860	-1819.113
677	8	100	100	0.5229	0.294	0.234	0.285	0.327	0.368	0.251	0.305	0.239	0.160	0.311	0.228	0.529	0.325	0.320	1.897	0.564	0.306	0.167	17.527	-1770.189
678	8	100	100	0.5200	0.277	0.384	0.455	0.187	0.203	0.315	0.364	0.308	0.371	0.356	0.281	0.182	0.345	0.353	2.233	0.529	0.369	0.226	4.698	-1844.184
679	8	100	100	0.5208	0.365	0.465	0.314	0.275	0.118	0.412	0.418	0.380	0.182	0.334	0.425	0.411	0.272	0.356	1.722	0.239	0.110	0.191	1.000	-1896.680
680	8	100	100	0.4929	0.427	0.332	0.364	0.290	0.154	0.302	0.353	0.416	0.267	0.366	0.371	0.333	0.307	0.322	1.673	0.576	0.322	0.165	7.575	-1821.781
681	8	100	100	0.5558	0.313	0.268	0.194	0.296	0.452	0.186	0.332	0.247	0.242	0.289	0.258	0.357	0.262	0.313	1.800	0.485	0.259	0.195	2.957	-1760.268
682	8	100	100	0.5508	0.149	0.165	0.363	0.362	0.442	0.443	0.231	0.216	0.391	0.387	0.355	0.376	0.259	0.287	1.964	0.536	0.391	0.167	2.985	-1860.067
683	8	100	100	0.5050	0.297	0.204	0.276	0.313	0.426	0.359	0.255	0.309	0.313	0.360	0.189	0.232	0.209	0.324	1.932	0.539	0.200	0.199	3.102	-1763.913
684	8	100	100	0.5146	0.215	0.131	0.534	0.234	0.284	0.324	0.307	0.231	0.242	0.241	0.353	0.409	0.302	0.248	2.222	0.460	0.321	0.123	9.572	-1734.411
685	8	100	100	0.4821	0.273	0.422	0.311	0.286	0.246	0.285	0.218	0.238	0.247	0.237	0.228	0.229	0.266	0.227	1.953	0.686	0.216	0.180	5.162	-1663.875
686	8	100	100	0.5333	0.500	0.340	0.217	0.367	0.121	0.295	0.398	0.445	0.175	0.351	0.370	0.373	0.387	0.258	2.149	0.137	0.063	0.203	1.831	-1847.693
687	8	100	99	0.5262	0.172	0.295	0.166	0.145	0.154	0.337	0.264	0.182	0.218	0.173	0.319	0.385	0.304	0.409	1.498	0.262	0.096	0.144	1.000	-1626.228
688	8	100	100	0.4908	0.338	0.253	0.385	0.131	0.354	0.275	0.234	0.354	0.356	0.317	0.269	0.276	0.303	0.201	2.327	0.444	0.539	0.177	15.362	-1754.766
689	8	100	100	0.4979	0.321	0.254	0.209	0.237	0.191	0.232	0.270	0.306	0.364	0.365	0.215	0.411	0.295	0.262	2.117	0.000	0.000	0.192	2.157	-1700.007
690	8	100	100	0.5583	0.344	0.150	0.240	0.286	0.332	0.282	0.333	0.372	0.255	0.234	0.352	0.260	0.198	0.327	1.905	0.500	0.460	0.119	7.096	-1755.836
691	8	100	100	0.5100	0.208	0.203	0.275	0.331	0.387	0.210	0.340	0.206	0.302	0.263	0.252	0.278	0.295	0.382	2.032	0.561	0.332	0.214	4.370	-1756.214
692	8	100	98	0.5042	0.340	0.287	0.304	0.254	0.153	0.225	0.327	0.435	0.179	0.214	0.398	0.202	0.243	0.313	1.696	0.645	0.328	0.192	4.165	-1717.306
693	8	100	100	0.5108	0.326	0.378	0.309	0.445	0.330	0.293	0.389	0.359	0.410	0.373	0.282	0.301	0.299	0.349	1.841	0.595	0.337	0.189	4.813	-1891.702
694	8	100	100	0.5350	0.257	0.349	0.338	0.214	0.286	0.431	0.345	0.239	0.233	0.305	0.144	0.437	0.433	0.164	2.333	0.461	0.147	0.326	1.000	-1781.943
695	8	100	100	0.5083	0.298	0.232	0.546	0.221	0.353	0.219	0.252	0.325	0.306	0.278	0.333	0.317	0.271	0.231	2.595	0.659	0.206	0.185	4.535	-1704.135
696	8	100	99	0.5079	0.224	0.285	0.256	0.271	0.248	0.332	0.267	0.247	0.498	0.266	0.236	0.288	0.296	0.432	2.088	0.695	0.305	0.180	1.000	-1760.974
697	8	100	100	0.4400	0.229	0.295	0.445	0.275	0.276	0.315	0.310	0.284	0.323	0.248	0.349	0.365	0.345	0.291	1.654	0.647	0.353	0.216	1.000	-1817.294
698	8	100	100	0.5167	0.231	0.315	0.252	0.339	0.447	0.326	0.288	0.239	0.410	0.160	0.388	0.269	0.343	0.289	1.682	0.708	0.171	0.273	5.458	-1814.237
699	8	100	100	0.4892	0.333	0.512	0.235	0.239	0.309	0.235	0.202	0.297	0.239	0.224	0.210	0.302	0.366	0.116	1.584	0.122	0.090	0.125	1.271	-1685.990
700	8	100	99	0.5225	0.248	0.268	0.262	0.287	0.165	0.326	0.302	0.280	0.243	0.277	0.299	0.228	0.327	0.240	1.893	0.691	0.146	0.205	15.113	-1688.340
701	8	100	100	0.5067	0.240	0.214	0.113	0.276	0.345	0.446	0.273	0.306	0.391	0.227	0.306	0.505	0.167	0.309	2.128	0.334	0.125	0.169	1.394	-1716.671
702	8	100	100	0.5283	0.271	0.206	0.421	0.235	0.352	0.299	0.162	0.202	0.175	0.092	0.294	0.328	0.292	0.297	1.683	0.675	0.100	0.200	3.981	-1639.096
703	8	100	100	0.5637	0.294	0.318	0.463	0.165	0.425	0.230	0.311	0.308	0.229	0.363	0.318	0.342	0.239	0.164	1.688	0.674	0.246	0.256	12.806	-1784.780
704	8	100	100	0.5212	0.240	0.260	0.330	0.235	0.199	0.280	0.351	0.236	0.227	0.283	0.395	0.274	0.399	0.158	1.831	0.694	0.306	0.210	14.181	-1752.270
705	8	100	100	0.5188	0.264	0.322	0.380	0.302	0.159	0.236	0.207	0.242	0.315	0.330	0.221	0.283	0.312	0.307	2.017	0.825	0.106	0.322	13.498	-1739.263
706	8	100	100	0.5312	0.234	0.214	0.294	0.201	0.303	0.130	0.307	0.184	0.234	0.309	0.259	0.123	0.260	0.271	1.921	0.708	0.168	0.245	4.594	-1613.713
707	8	100	100	0.5325	0.426	0.352	0.285	0.315	0.428	0.407	0.328	0.356	0.217	0.347	0.282	0.312	0.274	0.230	1.797	0.587	0.326	0.185	5.378	-1820.015
708	8	100	100	0.4913	0.393	0.250	0.297	0.486	0.462	0.383	0.287	0.455	0.143	0.231	0.261	0.415	0.284	0.404	2.475	0.013	0.010	0.184	1.000	-1880.619
709	8	100	100	0.5250	0.339	0.172	0.248	0.250	0.361	0.341	0.313	0.415	0.538	0.225	0.355	0.134	0.420	0.201	1.649	0.625	0.176	0.242	2.306	-1805.862
710	8	100	100	0.5196	0.347	0.610	0.256	0.288	0.056	0.332	0.382	0.400	0.101	0.351	0.301	0.428	0.367	0.243	2.060	0.376	0.133	0.207	1.000	-1798.794
711	8	100	100	0.5204	0.267	0.246	0.310	0.160	0.236	0.249	0.330	0.248	0.244	0.208	0.238	0.273	0.355	0.184	2.016	0.661	0.339	0.215	17.425	-1655.922
712	8	100	99	0.5150	0.341	0.228	0.451	0.271	0.312	0.277	0.236	0.325	0.433	0.423	0.250	0.239	0.365	0.318	2.061	0.615	0.302	0.195	12.885	-1803.433
713	8	100	100	0.5492	0.285	0.284	0.221	0.284	0.337	0.199	0.270	0.345	0.413	0.397	0.396	0.233	0.290	0.165	1.716	0.075	0.048	0.177	1.000	-1784.167
714	8	100	99	0.4842	0.323	0.258	0.468	0.435	0.327	0.245	0.357	0.292	0.396	0.310	0.331	0.154	0.314	0.272	1.953	0.599	0.177	0.238	1.280	-1802.807
715	8	100	100	0.5308	0.226	0.329	0.429	0.264	0.278	0.275	0.234	0.238	0.264	0.389	0.333	0.339	0.412	0.250	2.079	0.646	0.318	0.253	28.700	-1797.085
716	8	100	100	0.5312	0.388	0.199	0.202	0.248	0.411	0.344	0.245	0.400	0.308	0.342	0.307	0.300	0.462	0.306	2.072	0.754	0.246	0.223	33.295	-1797.947
717	8	100	100	0.5196	0.273	0.144	0.335	0.479	0.279	0.317	0.281	0.312	0.283	0.331	0.337	0.225	0.272	0.338	2.055	0.684	0.294	0.226	6.673	-1805.465
718	8	100	99	0.5062	0.347	0.301	0.250	0.250	0.231	0.324	0.479	0.348	0.140	0.307	0.368	0.217	0.332	0.238	1.814	0.584	0.271	0.231	3.509	-1780.264
719	8	100	100	0.5154	0.207	0.350	0.224	0.318	0.313	0.264	0.303	0.274	0.256	0.313	0.319	0.360	0.221	0.223	2.476	0.582	0.278	0.179	17.355	-1699.965
720	8	100	100	0.4871	0.353	0.304	0.271	0.330	0.334	0.304	0.350	0.320	0.221	0.222	0.290	0.392	0.297	0.324	1.499	0.563	0.261	0.211	5.234	-1804.855
721	8	100	99	0.5304	0.631	0.304	0.329	0.226	0.232	0.275	0.307	0.033	0.250	0.363	0.189	0.282	0.234	0.241	2.025	0.583	0.414	0.145	12.849	-1717.718
722	8	100	100	0.4967	0.294	0.278	0.197	0.394	0.299	0.250	0.466	0.328	0.367	0.348	0.360	0.406	0.310	0.300	1.941	0.658	0.342	0.190	10.800	-1840.683
723	8	100	100	0.5429	0.290	0.524	0.335	0.209	0.207	0.394	0.309	0.288	0.485	0.359	0.365	0.351	0.339	0.204	2.136	0.643	0.242	0.220	3.386	-1827.496
724	8	100	100	0.5283	0.347	0.263	0.389	0.357	0.396	0.250	0.450	0.330	0.403	0.291	0.462	0.249	0.263	0.332	1.860	0.530	0.299	0.168	6.408	-1880.034
725	8	100	100	0.5088	0.348	0.320	0.244	0.459	0.297	0.328	0.238	0.324	0.217	0.274	0.346	0.182	0.323	0.397	2.312	0.518	0.211	0.172	34.398	-1774.572
726	8	100	100	0.4933	0.252	0.311	0.389	0.483	0.341	0.253	0.266	0.275	0.175	0.250	0.364	0.250	0.313	0.319	1.523	0.557	0.443	0.159	44.061	-1820.100
727	8	100	100	0.4908	0.319	0.480	0.243	0.213	0.150	0.383	0.175	0.350	0.359	0.222	0.323	0.153	0.290	0.406	2.165	0.675	0.325	0.227	44.687	-1755.639
728	8	100	100	0.5212	0.378	0.289	7.058	0.261	0.204	0.376	0.183	0.308	0.367	0.231	0.241	0.388	0.327	0.261	2.114	0.656	0.320	0.215	998.996	-1745.723
729	8	100	99	0.4704	0.282	0.306	0.196	0.396	0.445	0.412	0.318	0.300	0.217	0.361	0.285	0.405	0.308	0.331	2.191	0.198	0.096	0.214	951.048	-1828.345
730	8	100	100	0.4863	0.280	0.295	0.289	0.446	0.392	0.263	0.272	0.221	0.340	0.274	0.392	0.288	0.303	0.260	1.879	0.559	0.184	0.314	951.693	-1856.624
731	8	100	98	0.5304	0.250	0.383	0.262	0.470	0.178	0.305	0.217	0.299	0.254	0.267	0.528	0.199	0.284	0.278	2.000	0.332	0.163	0.204	905.126	-1777.429
732	8	100	100	0.4996	0.316	0.279	0.225	0.343	0.204	0.298	0.317	0.398	0.321	0.397	0.188	0.310	0.264	0.291	2.085	0.686	0.293	0.160	19.878	-1720.405
733	8	100	100	0.5192	0.382	0.355	0.472	0.311	0.291	0.224	0.388	0.405	0.324	0.326	0.372	0.306	0.328	0.251	1.851	0.622	0.321	0.163	6.035	-1847.331
734	8	100	100	0.5400	0.367	0.307	0.330	0.308	0.271	0.327	0.335	0.294	0.443	0.290	0.383	0.113	0.286	0.176	2.209	0.404	0.220	0.178	1.000	-1777.425
735	8	100	100	0.5221	0.285	0.222	0.284	0.336	0.330	0.217	0.390	0.300	0.272	0.272	0.154	0.250	0.254	0.387	1.941	0.619	0.282	0.229	1.000	-1742.108
736	8	100	100	0.5150	0.358	0.229	0.336	0.162	0.208	0.310	0.202	0.305	0.215	0.280	0.141	0.455	0.347	0.231	1.923	0.712	0.249	0.249	1.000	-1695.468
737	8	100	99	0.5321	0.359	0.299	0.290	0.309	0.312	0.233	0.319	0.342	0.494	0.281	0.466	0.221	0.282	0.294	1.928	0.548	0.291	0.245	1.213	-1868.239
738	8	100	100	0.4692	0.242	0.180	0.271	0.339	0.372	0.358	0.280	0.226	0.272	0.304	0.217	0.350	0.299	0.349	1.860	0.565	0.321	0.188	4.514	-1770.687
739	8	100	100	0.5179	0.363	0.314	0.351	0.242	0.353	0.309	0.234	0.322	0.344	0.379	0.309	0.428	0.258	0.336	2.182	0.315	0.120	0.216	1.266	-1814.360
740	8	100	100	0.5204	0.385	0.193	0.251	0.235	0.423	0.233	0.333	0.364	0.289	0.428	0.271	0.170	0.364	0.361	2.666	0.604	0.396	0.201	1.000	-1785.862
741	8	100	100	0.4871	0.278	0.317	0.252	0.415	0.177	0.311	0.223	0.284	0.269	0.242	0.520	0.253	0.434	0.347	1.815	0.474	0.258	0.157	1.000	-1782.433
742	8	100	99	0.4967	0.400	0.322	0.187	0.255	0.447	0.201	0.405	0.365	0.293	0.274	0.244	0.363	0.278	0.331	1.949	0.000	0.000	0.177	1.000	-1775.548
743	8	100	100	0.5100	0.257	0.128	0.292	0.454	0.442	0.277	0.339	0.258	0.289	0.194	0.323	0.230	0.230	0.288	1.921	0.565	0.193	0.239	1.000	-1747.755
744	8	100	100	0.5050	0.327	0.393	0.386	0.169	0.238	0.240	0.292	0.267	0.279	0.205	0.191	0.191	0.286	0.158	2.163	0.620	0.091	0.286	5.722	-1670.940
745	8	100	98	0.5000	0.338	0.258	0.355	0.258	0.166	0.424	0.334	0.371	0.234	0.271	0.376	0.302	0.241	0.291	1.838	0.601	0.356	0.189	4.821	-1771.170
746	8	100	100	0.5050	0.256	0.260	0.535	0.240	0.469	0.250	0.296	0.190	0.193	0.367	0.302	0.387	0.182	0.267	1.948	0.607	0.271	0.256	1.692	-1795.533
747	8	100	100	0.5108	0.248	0.344	0.248	0.310	0.161	0.090	0.515	0.200	0.428	0.235	0.353	0.137	0.190	0.326	2.255	0.355	0.190	0.156	3.640	-1661.200
748	8	100	100	0.4925	0.335	0.482	0.264	0.533	0.156	0.267	0.374	0.362	0.617	0.289	0.295	0.249	0.237	0.427	1.908	0.485	0.396	0.255	5.449	-1928.587
749	8	100	99	0.5004	0.323	0.411	0.258	0.177	0.269	0.386	0.225	0.245	0.256	0.291	0.272	0.345	0.297	0.282	1.964	0.703	0.224	0.160	16.123	-1668.623
750	8	100	100	0.5771	0.237	0.259	0.271	0.262	0.226	0.341	0.242	0.236	0.430	0.295	0.388	0.276	0.205	0.333	2.543	0.689	0.311	0.289	10.841	-1776.348
751	8	100	100	0.5463	0.337	0.304	0.352	0.360	0.256	0.329	0.298	0.281	0.401	0.260	0.234	0.254	0.198	0.277	1.954	0.696	0.196	0.192	9.357	-1732.900
752	8	100	100	0.5583	0.247	0.152	0.120	0.255	0.208	0.220	0.213	0.341	0.202	0.196	0.296	0.293	0.374	0.220	1.587	0.000	0.000	0.291	999.000	-1631.684
753	8	100	100	0.5425	0.209	0.378	0.431	0.375	0.282	0.289	0.270	0.313	0.229	0.338	0.369	0.484	0.318	0.281	2.547	0.539	0.350	0.170	11.023	-1824.021
754	8	100	98	0.5050	0.326	0.272	0.289	0.345	0.471	0.424	0.226	0.343	0.092	0.274	0.401	0.477	0.194	0.397	2.658	0.474	0.492	0.159	6.384	-1806.267
755	8	100	100	0.4662	0.385	0.242	0.285	0.311	0.233	0.333	0.284	0.321	0.242	0.243	0.295	0.413	0.240	0.389	1.856	0.424	0.134	0.222	1.245	-1774.255
756	8	100	99	0.5283	0.321	0.232	0.292	0.365	0.173	0.318	0.231	0.311	0.247	0.317	0.274	0.531	0.353	0.364	1.982	0.644	0.356	0.196	1.000	-1805.156
757	8	100	100	0.4933	0.377	0.423	0.303	0.223	0.214	0.308	0.333	0.383	0.198	0.232	0.391	0.427	0.374	0.402	2.123	0.578	0.364	0.197	2.466	-1820.283
758	8	100	99	0.5121	0.244	0.349	0.388	0.281	0.379	0.388	0.311	0.225	0.224	0.330	0.189	0.426	0.348	0.349	1.910	0.542	0.420	0.130	6.250	-1824.515
759	8	100	100	0.5133	0.387	0.201	0.401	0.165	0.201	0.469	0.413	0.371	0.225	0.278	0.404	0.267	0.300	0.264	2.168	0.642	0.313	0.213	12.594	-1790.380
760	8	100	100	0.5054	0.249	0.509	14.691	0.345	0.134	0.254	0.343	0.255	0.345	0.345	0.245	0.360	0.192	0.226	2.116	0.619	0.342	0.156	998.996	-1737.953
761	8	100	100	0.5017	0.093	0.307	0.440	0.307	0.243	0.270	0.332	0.604	0.303	0.280	0.301	0.291	0.284	0.357	2.297	0.730	0.138	0.252	4.247	-1795.676
762	8	100	100	0.4838	0.295	0.208	8.011	0.238	0.308	0.201	0.257	0.273	0.159	0.251	0.207	0.365	0.204	0.302	2.498	0.529	0.446	0.164	999.000	-1668.980
763	8	100	100	0.5525	0.318	0.351	0.430	0.364	0.372	0.276	0.280	0.275	0.356	0.381	0.383	0.304	0.166	0.179	2.381	0.619	0.343	0.171	12.398	-1765.902
764	8	100	100	0.5062	0.268	0.223	0.647	0.317	0.343	0.236	0.397	0.310	0.343	0.248	0.193	0.332	0.293	0.227	2.242	0.778	0.206	0.274	65.333	-1745.681
765	8	100	99	0.5058	0.325	0.405	0.750	0.309	0.235	0.421	0.366	0.336	0.224	0.291	0.222	0.288	0.283	0.250	2.306	0.626	0.354	0.160	68.658	-1768.539
766	8	100	100	0.5413	0.290	0.205	0.627	0.269	0.179	0.278	0.354	0.315	0.261	0.189	0.373	0.258	0.248	0.376	2.350	0.531	0.444	0.140	50.885	-1735.066
767	8	100	100	0.5312	0.452	0.086	0.405	0.323	0.369	0.323	0.380	0.404	0.370	0.270	0.263	0.298	0.297	0.419	1.728	0.640	0.270	0.204	12.563	-1848.765
768	8	100	98	0.5517	0.303	0.273	0.190	0.351	0.380	0.456	0.334	0.297	0.251	0.302	0.281	0.323	0.338	0.323	1.714	0.461	0.216	0.187	1.046	-1812.818
769	8	100	100	0.5288	0.298	0.297	0.219	0.179	0.246	0.406	0.304	0.315	0.271	0.273	0.231	0.262	0.246	0.336	2.439	0.490	0.286	0.182	1.000	-1684.441
770	8	100	99	0.4600	0.305	0.411	0.232	0.440	0.260	0.381	0.297	0.275	0.283	0.251	0.285	0.298	0.382	0.302	2.341	0.504	0.459	0.191	26.498	-1826.026
771	8	100	100	0.5350	0.362	0.259	0.337	0.343	0.389	0.191	0.403	0.288	0.279	0.219	0.208	0.199	0.410	0.234	2.033	0.699	0.246	0.151	39.773	-1680.743
772	8	100	100	0.5175	0.279	0.305	0.270	0.318	0.228	0.363	0.381	0.256	0.259	0.294	0.335	0.285	0.270	0.286	2.322	0.649	0.351	0.217	1.035	-1782.935
773	8	100	100	0.5242	0.315	0.234	0.390	0.286	0.393	0.353	0.164	0.397	0.456	0.566	0.148	0.487	0.269	0.366	1.939	0.495	0.406	0.181	31.495	-1854.961
774	8	100	99	0.4813	0.207	0.441	0.156	0.289	0.152	0.392	0.332	0.292	0.189	0.280	0.366	0.273	0.249	0.274	1.724	0.266	0.147	0.190	4.064	-1736.278
775	8	100	99	0.4771	0.305	0.380	0.182	0.357	0.305	0.285	0.256	0.245	0.440	0.222	0.296	0.301	0.436	0.263	2.283	0.200	0.109	0.233	1.413	-1778.860
776	8	100	99	0.4813	0.248	0.300	0.176	0.383	0.251	0.423	0.314	0.290	0.299	0.324	0.367	0.421	0.447	0.248	2.645	0.592	0.383	0.136	19.721	-1780.478
777	8	100	99	0.5188	0.270	0.185	0.343	0.251	0.372	0.510	0.381	0.303	0.142	0.444	0.298	0.315	0.322	0.229	1.943	0.544	0.322	0.174	4.727	-1807.800
778	8	100	100	0.5342	0.446	0.339	0.289	0.338	0.198	0.303	0.339	0.365	0.273	0.352	0.390	0.218	0.374	0.352	1.884	0.628	0.372	0.214	1.000	-1869.844
779	8	100	100	0.5021	0.282	0.433	0.280	0.428	0.350	0.459	0.369	0.315	0.235	0.255	0.413	0.403	0.484	0.239	2.587	0.367	0.339	0.148	1.000	-1894.489
780	8	100	100	0.4788	0.196	0.300	0.331	0.281	0.415	0.260	0.273	0.178	0.331	0.313	0.339	0.196	0.390	0.316	1.831	0.657	0.343	0.282	1.000	-1819.184
781	8	100	99	0.5200	0.408	0.236	0.373	0.278	0.243	0.189	0.273	0.341	0.280	0.288	0.200	0.195	0.262	0.261	1.684	0.678	0.305	0.177	8.141	-1671.220
782	8	100	100	0.4900	0.310	0.215	0.331	0.286	0.329	0.338	0.325	0.341	0.389	0.310	0.240	0.218	0.316	0.274	2.585	0.350	0.309	0.240	1.193	-1802.314
783	8	100	100	0.5504	0.255	0.198	0.472	0.316	0.264	0.384	0.344	0.333	0.425	0.311	0.294	0.333	0.256	0.304	2.113	0.615	0.306	0.223	26.526	-1826.174
784	8	100	99	0.5467	0.240	0.142	0.364	0.163	0.198	0.271	0.371	0.230	0.299	0.310	0.178	0.224	0.353	0.319	2.940	0.608	0.205	0.210	2.735	-1648.416
785	8	100	100	0.5179	0.319	0.291	0.350	0.285	0.287	0.282	0.380	0.373	0.359	0.303	0.204	0.107	0.288	0.380	2.001	0.480	0.392	0.111	4.980	-1771.134
786	8	100	100	0.5296	0.324	0.287	0.381	0.249	0.199	0.344	0.355	0.325	0.313	0.366	0.311	0.144	0.266	0.314	2.198	0.517	0.316	0.181	2.195	-1774.608
787	8	100	100	0.5033	0.378	0.238	0.344	0.219	0.363	0.237	0.357	0.367	0.275	0.316	0.309	0.380	0.309	0.429	1.900	0.484	0.274	0.183	1.000	-1830.965
788	8	100	100	0.5658	0.260	0.430	0.331	0.326	0.358	0.306	0.227	0.277	0.368	0.298	0.360	0.361	0.356	0.396	1.642	0.577	0.347	0.211	13.900	-1901.823
789	8	100	100	0.5154	0.365	0.231	0.248	0.231	0.368	0.145	0.346	0.380	0.279	0.275	0.320	0.347	0.148	0.383	1.939	0.423	0.242	0.159	2.299	-1708.522
790	8	100	99	0.5112	0.435	0.238	0.617	0.160	0.208	0.356	0.346	0.352	0.309	0.206	0.127	0.309	0.300	0.247	1.582	0.607	0.188	0.184	3.054	-1739.756
791	8	100	100	0.4912	0.206	0.346	0.282	0.363	0.281	0.336	0.321	0.207	0.282	0.296	0.328	0.462	0.313	0.206	2.010	0.450	0.291	0.246	8.308	-1828.663
792	8	100	100	0.5217	0.280	0.302	0.313	0.227	0.317	0.285	0.408	0.262	0.247	0.206	0.352	0.402	0.314	0.328	2.093	0.244	0.078	0.276	1.000	-1799.435
793	8	100	100	0.5375	0.261	0.257	0.323	0.256	0.307	0.303	0.289	0.249	0.301	0.382	0.271	0.522	0.193	0.228	2.078	0.488	0.178	0.277	1.000	-1782.308
794	8	100	100	0.4838	0.290	0.164	0.339	0.265	0.330	0.503	0.290	0.312	0.343	0.277	0.324	0.346	0.256	0.253	2.262	0.595	0.198	0.193	1.755	-1754.251
795	8	100	100	0.4746	0.335	0.416	0.203	0.297	0.280	0.312	0.334	0.351	0.234	0.338	0.392	0.330	0.247	0.364	2.318	0.707	0.210	0.232	4.378	-1793.027
796	8	100	100	0.5067	0.295	0.166	2.470	0.371	0.366	0.219	0.383	0.278	0.287	0.238	0.278	0.448	0.337	0.245	2.299	0.560	0.346	0.219	177.482	-1790.489
797	8	100	100	0.5558	0.425	0.276	0.277	0.311	0.274	0.205	0.313	0.424	0.186	0.391	0.245	0.327	0.355	0.190	1.895	0.000	0.000	0.157	1.000	-1748.179
798	8	100	100	0.5471	0.278	0.287	0.357	0.340	0.160	0.235	0.289	0.242	0.400	0.225	0.260	0.329	0.239	0.392	1.969	0.553	0.228	0.235	7.874	-1778.023
799	8	100	100	0.4967	0.243	0.425	0.425	0.361	0.325	0.158	0.273	0.277	0.520	0.224	0.198	0.178	0.117	0.263	2.674	0.505	0.212	0.137	2.173	-1641.179
800	8	100	100	0.5558	0.328	0.396	0.249	0.430	0.238	0.322	0.333	0.278	0.296	0.268	0.321	0.253	0.284	0.327	1.801	0.520	0.232	0.232	2.022	-1847.662
801	8	100	99	0.5021	0.373	0.144	0.211	0.363	0.340	0.383	0.311	0.361	0.331	0.324	0.342	0.323	0.289	0.355	2.499	0.583	0.256	0.129	7.952	-1733.090
802	8	100	100	0.5000	0.255	0.470	0.229	0.202	0.359	0.307	0.277	0.241	0.338	0.279	0.317	0.362	0.349	0.277	2.507	0.152	0.078	0.260	1.000	-1798.587
803	8	100	100	0.5162	0.301	0.258	8.066	0.290	0.432	0.198	0.306	0.359	0.304	0.278	0.312	0.208	0.324	0.342	1.781	0.569	0.398	0.205	998.997	-1802.483
804	8	100	100	0.5442	0.352	0.397	0.125	0.458	0.264	0.348	0.270	0.256	0.302	0.251	0.308	0.284	0.347	0.400	2.351	0.473	0.330	0.131	949.821	-1786.308
805	8	100	100	0.5642	0.000	0.389	0.145	0.364	0.438	0.201	0.269	0.530	0.167	0.271	0.361	0.318	0.240	0.251	1.876	0.000	0.000	0.173	819.173	-1717.475
806	8	100	99	0.5183	0.470	0.213	0.208	0.404	0.395	0.257	0.333	0.009	0.225	0.249	0.323	0.254	0.291	0.330	2.105	0.617	0.369	0.214	23.729	-1735.392
807	8	100	100	0.5388	0.392	0.346	0.855	0.255	0.276	0.268	0.249	0.455	0.132	0.291	0.424	0.397	0.291	0.239	2.304	0.555	0.407	0.184	97.628	-1778.512
808	8	100	100	0.5437	0.250	0.293	0.311	0.307	0.319	0.346	0.356	0.228	0.442	0.302	0.306	0.236	0.292	0.357	1.949	0.654	0.346	0.211	99.142	-1833.920
809	8	100	100	0.5154	0.316	0.389	0.224	0.307	0.533	0.368	0.212	0.358	0.401	0.360	0.291	0.133	0.236	0.254	1.904	0.714	0.234	0.211	9.021	-1796.071
810	8	100	99	0.5046	0.224	0.253	0.364	0.234	0.222	0.325	0.514	0.299	0.245	0.299	0.368	0.478	0.394	0.249	1.744	0.468	0.174	0.179	5.317	-1801.217
811	8	100	100	0.4942	0.232	0.298	0.210	0.332	0.344	0.372	0.153	0.289	0.344	0.375	0.460	0.320	0.463	0.291	1.916	0.484	0.273	0.231	2.450	-1854.377
812	8	100	100	0.4954	0.274	0.395	0.359	0.392	0.238	0.262	0.283	0.275	0.447	0.265	0.428	0.245	0.400	0.455	2.265	0.343	0.281	0.190	1.347	-1880.217
813	8	100	100	0.5146	0.214	0.215	0.245	0.236	0.367	0.139	0.365	0.206	0.295	0.221	0.321	0.467	0.275	0.187	1.821	0.502	0.316	0.190	9.468	-1706.693
814	8	100	98	0.5225	0.250	0.294	0.164	0.265	0.264	0.264	0.420	0.237	0.316	0.292	0.274	0.107	0.384	0.308	2.198	0.370	0.295	0.155	1.105	-1690.244
815	8	100	100	0.4483	0.282	0.315	0.283	0.278	0.272	0.282	0.161	0.287	0.531	0.317	0.294	0.377	0.199	0.270	1.710	0.515	0.229	0.189	1.000	-1739.142
816	8	100	100	0.4863	0.243	0.488	0.305	0.333	0.263	0.329	0.202	0.227	0.338	0.471	0.439	0.494	0.292	0.317	1.947	0.562	0.297	0.185	17.467	-1853.001
817	8	100	100	0.5350	0.177	0.305	2.712	0.303	0.283	0.420	0.284	0.221	0.369	0.312	0.310	0.399	0.321	0.279	1.883	0.582	0.407	0.260	998.999	-1849.979
818	8	100	100	0.5158	0.525	0.354	0.121	0.393	0.172	0.270	0.289	0.000	0.413	0.445	0.262	0.286	0.214	0.227	1.440	0.000	0.000	0.212	900.809	-1749.728
819	8	100	100	0.5092	0.408	0.374	0.300	0.274	0.324	0.280	0.431	0.004	0.183	0.353	0.288	0.337	0.329	0.292	2.263	0.542	0.318	0.266	3.171	-1821.958
820	8	100	100	0.5379	0.396	0.355	0.397	0.257	0.140	0.415	0.269	0.355	0.377	0.250	0.231	0.186	0.237	0.274	2.075	0.392	0.096	0.173	2.936	-1725.749
821	8	100	99	0.5325	0.272	0.264	0.241	0.281	0.303	0.312	0.334	0.271	0.292	0.256	0.371	0.341	0.361	0.273	1.922	0.577	0.423	0.187	1.000	-1777.673
822	8	100	100	0.5238	0.476	0.150	0.392	0.378	0.459	0.435	0.397	0.474	0.344	0.170	0.266	0.309	0.336	0.335	1.736	0.577	0.357	0.134	5.864	-1856.730
823	8	100	99	0.4800	0.315	0.233	0.381	0.301	0.338	0.400	0.381	0.309	0.443	0.257	0.207	0.394	0.278	0.291	2.205	0.173	0.223	0.140	2.036	-1856.421
824	8	100	100	0.5212	0.300	0.355	0.399	0.225	0.282	0.254	0.310	0.297	0.371	0.431	0.264	0.227	0.321	0.287	2.288	0.592	0.363	0.249	21.301	-1800.223
825	8	100	100	0.5200	0.240	0.263	0.148	0.328	0.285	0.231	0.271	0.193	0.183	0.344	0.348	0.276	0.297	0.307	2.159	0.666	0.245	0.214	6.647	-1687.029
826	8	100	100	0.5046	0.305	0.315	0.318	0.294	0.047	0.336	0.277	0.285	0.102	0.364	0.207	0.253	0.395	0.366	2.757	0.192	0.064	0.203	1.000	-1695.571
827	8	100	100	0.5217	0.309	0.424	0.316	0.203	0.389	0.133	0.425	0.252	0.402	0.255	0.305	0.343	0.382	0.289	2.193	0.405	0.366	0.206	3.335	-1838.614
828	8	100	98	0.5212	0.326	0.138	0.259	0.277	0.219	0.455	0.141	0.337	0.218	0.293	0.259	0.248	0.303	0.247	2.042	0.657	0.218	0.186	1.000	-1656.817
829	8	100	99	0.5075	0.328	0.267	0.407	0.206	0.203	0.405	0.360	0.387	0.232	0.260	0.241	0.322	0.290	0.299	2.071	0.678	0.322	0.218	1.000	-1785.480
830	8	100	100	0.4729	0.290	0.263	0.205	0.339	0.204	0.300	0.401	0.276	0.278	0.276	0.233	0.292	0.316	0.237	1.809	0.730	0.221	0.155	5.458	-1680.145
831	8	100	100	0.5446	0.276	0.440	0.522	0.303	0.311	0.478	0.312	0.219	0.352	0.378	0.341	0.349	0.398	0.261	2.427	0.515	0.406	0.208	29.358	-1914.103
832	8	100	100	0.4946	0.237	0.509	0.195	0.282	0.237	0.348	0.266	0.260	0.377	0.360	0.307	0.322	0.237	0.389	2.903	0.000	0.000	0.227	1.000	-1767.996
833	8	100	99	0.4917	0.232	0.403	0.225	0.265	0.358	0.264	0.200	0.235	0.248	0.291	0.195	0.218	0.267	0.210	2.501	0.635	0.280	0.164	4.024	-1603.964
834	8	100	100	0.5237	0.167	0.309	0.295	0.275	0.249	0.326	0.235	0.181	0.329	0.273	0.282	0.242	0.214	0.427	2.002	0.599	0.205	0.254	1.000	-1744.255
835	8	100	100	0.4863	0.366	0.224	0.498	0.253	0.245	0.395	0.405	0.345	0.272	0.425	0.244	0.270	0.288	0.210	2.006	0.583	0.377	0.152	16.651	-1774.885
836	8	100	100	0.5208	0.333	0.611	0.415	0.317	0.159	0.320	0.220	0.345	0.205	0.388	0.212	0.227	0.311	0.330	1.647	0.576	0.242	0.148	4.963	-1757.097
837	8	100	99	0.5038	0.376	0.311	0.274	0.327	0.280	0.271	0.327	0.425	0.413	0.252	0.300	0.229	0.232	0.181	1.778	0.480	0.321	0.180	2.615	-1764.958
838	8	100	100	0.5054	0.467	0.427	0.297	0.274	0.373	0.361	0.326	0.382	0.272	0.401	0.223	0.289	0.345	0.372	2.113	0.616	0.305	0.163	18.384	-1815.604
839	8	100	100	0.5096	0.132	0.354	0.362	0.188	0.404	0.302	0.249	0.162	0.385	0.408	0.258	0.291	0.195	0.279	1.753	0.657	0.343	0.180	16.494	-1738.971
840	8	100	98	0.4933	0.204	0.247	3.555	0.315	0.204	0.367	0.338	0.239	0.361	0.267	0.327	0.212	0.172	0.237	2.396	0.675	0.313	0.285	998.999	-1707.546
841	8	100	100	0.5258	0.000	0.353	0.176	0.457	0.263	0.265	0.270	0.383	0.339	0.192	0.299	0.162	0.224	0.305	1.909	0.023	0.012	0.239	882.373	-1708.310
842	8	100	100	0.5312	0.399	0.207	0.180	0.356	0.382	0.247	0.206	0.357	0.235	0.280	0.458	0.371	0.290	0.318	2.271	0.000	0.000	0.226	883.312	-1788.030
843	8	100	100	0.4913	0.209	0.225	0.398	0.289	0.288	0.420	0.332	0.328	0.288	0.285	0.375	0.367	0.233	0.410	2.038	0.482	0.307	0.179	2.482	-1851.637
844	8	100	99	0.5283	0.384	0.245	0.355	0.220	0.480	0.216	0.436	0.391	0.373	0.277	0.181	0.310	0.240	0.423	2.325	0.615	0.180	0.152	8.095	-1746.389
845	8	100	100	0.5092	0.327	0.121	0.444	0.347	0.454	0.230	0.395	0.245	0.192	0.277	0.220	0.475	0.281	0.329	2.239	0.627	0.225	0.219	6.953	-1787.055
846	8	100	100	0.5142	0.316	0.304	0.372	0.172	0.456	0.315	0.471	0.278	0.207	0.267	0.367	0.359	0.249	0.269	1.956	0.445	0.555	0.164	2.388	-1837.817
847	8	100	100	0.5308	0.335	0.419	0.251	0.378	0.379	0.269	0.283	0.402	0.207	0.176	0.297	0.307	0.376	0.312	1.762	0.532	0.293	0.183	10.284	-1801.714
848	8	100	100	0.4792	0.235	0.268	0.274	0.320	0.264	0.203	0.291	0.250	0.195	0.203	0.266	0.337	0.219	0.292	1.975	0.353	0.206	0.159	1.305	-1648.312
849	8	100	100	0.5346	0.340	0.461	0.267	0.362	0.137	0.264	0.301	0.376	0.062	0.376	0.334	0.530	0.258	0.241	1.636	0.413	0.178	0.200	1.000	-1783.242
850	8	100	100	0.5396	0.359	0.087	0.274	0.216	0.275	0.319	0.447	0.359	0.230	0.279	0.400	0.541	0.339	0.149	1.954	0.592	0.240	0.204	6.015	-1771.281
851	8	100	100	0.5529	0.206	0.414	0.250	0.454	0.226	0.379	0.338	0.245	0.345	0.255	0.386	0.357	0.159	0.329	1.913	0.693	0.282	0.281	4.893	-1854.146
852	8	100	100	0.5125	0.341	0.391	0.261	0.475	0.389	0.452	0.204	0.357	0.230	0.358	0.391	0.511	0.341	0.273	2.475	0.078	0.041	0.213	1.000	-1921.129
853	8	100	100	0.4883	0.274	0.328	0.200	0.341	0.332	0.321	0.189	0.226	0.198	0.272	0.216	0.406	0.306	0.311	2.534	0.651	0.275	0.178	57.001	-1659.170
854	8	100	100	0.5208	0.275	0.368	0.444	0.290	0.423	0.182	0.278	0.266	0.425	0.224	0.289	0.341	0.396	0.173	2.008	0.545	0.317	0.193	5.203	-1800.383
855	8	100	100	0.4925	0.322	0.308	8.086	0.254	0.282	0.320	0.409	0.299	0.345	0.280	0.306	0.284	0.297	0.252	2.141	0.491	0.479	0.179	998.992	-1800.517
856	8	100	99	0.4992	0.432	0.446	0.153	0.481	0.230	0.235	0.347	0.000	0.290	0.322	0.331	0.280	0.371	0.295	1.846	0.511	0.163	0.166	403.277	-1749.552
857	8	100	99	0.5250	0.387	0.525	0.262	0.318	0.470	0.443	0.419	0.409	0.352	0.348	0.288	0.300	0.196	0.456	2.250	0.536	0.089	0.167	3.136	-1814.202
858	8	100	100	0.5304	0.252	0.221	0.271	0.268	0.260	0.282	0.358	0.304	0.195	0.250	0.324	0.295	0.313	0.168	1.741	0.835	0.165	0.354	1.000	-1734.605
859	8	100	100	0.5500	0.249	0.475	0.377	0.251	0.068	0.220	0.311	0.276	0.166	0.351	0.272	0.251	0.287	0.278	2.193	0.667	0.286	0.229	14.732	-1711.919
860	8	100	99	0.5158	0.443	0.190	0.297	0.185	0.368	0.322	0.288	0.444	0.306	0.390	0.264	0.358	0.333	0.323	1.961	0.594	0.352	0.125	3.799	-1761.331
861	8	100	99	0.4892	0.326	0.349	0.274	0.456	0.339	0.256	0.359	0.383	0.275	0.276	0.443	0.289	0.189	0.402	1.869	0.423	0.158	0.174	1.000	-1809.712
862	8	100	100	0.5737	0.395	0.387	0.289	0.425	0.282	0.206	0.351	0.429	0.266	0.273	0.446	0.263	0.298	0.327	1.954	0.365	0.169	0.164	2.564	-1831.511
863	8	100	99	0.5117	0.305	0.218	0.433	0.219	0.314	0.259	0.238	0.373	0.281	0.367	0.303	0.341	0.209	0.222	2.179	0.541	0.398	0.163	3.241	-1733.284
864	8	100	100	0.5071	0.349	0.106	0.357	0.274	0.348	0.325	0.282	0.375	0.388	0.237	0.374	0.229	0.276	0.353	1.614	0.535	0.311	0.179	3.763	-1796.716
865	8	100	100	0.5121	0.369	0.394	0.203	0.418	0.279	0.356	0.310	0.339	0.191	0.282	0.309	0.346	0.348	0.319	1.953	0.201	0.141	0.216	1.000	-1845.780
866	8	100	97	0.5275	0.430	0.373	0.314	0.378	0.304	0.390	0.418	0.360	0.358	0.214	0.389	0.265	0.309	0.294	2.147	0.411	0.377	0.199	1.000	-1910.398
867	8	100	97	0.5117	0.289	0.133	0.374	0.384	0.252	0.352	0.314	0.306	0.374	0.308	0.201	0.379	0.307	0.225	1.885	0.385	0.265	0.198	1.000	-1783.963
868	8	100	100	0.5192	0.312	0.322	0.197	0.282	0.219	0.427	0.242	0.357	0.221	0.406	0.267	0.243	0.436	0.186	1.802	0.731	0.249	0.266	1.000	-1756.614
869	8	100	100	0.4921	0.413	0.383	0.163	0.238	0.135	0.245	0.266	0.342	0.244	0.270	0.299	0.296	0.244	0.231	2.005	0.770	0.230	0.238	1.000	-1671.054
870	8	100	99	0.5454	0.286	0.205	0.236	0.249	0.287	0.253	0.195	0.344	0.329	0.234	0.317	0.294	0.200	0.303	2.103	0.517	0.171	0.201	1.000	-1672.921
871	8	100	100	0.5033	0.374	0.354	0.303	0.348	0.298	0.185	0.358	0.382	0.350	0.273	0.313	0.325	0.238	0.278	2.251	0.521	0.260	0.239	2.014	-1799.632
872	8	100	100	0.5288	0.330	0.315	0.255	0.272	0.214	0.226	0.276	0.316	0.339	0.342	0.208	0.329	0.435	0.239	1.919	0.641	0.359	0.190	1.000	-1759.012
873	8	100	99	0.5279	0.307	0.291	0.345	0.275	0.219	0.331	0.271	0.330	0.277	0.329	0.268	0.239	0.383	0.320	1.911	0.761	0.132	0.278	2.848	-1797.834
874	8	100	100	0.4942	0.303	0.402	0.304	0.343	0.404	0.284	0.444	0.225	0.454	0.258	0.333	0.287	0.342	0.379	2.322	0.125	0.084	0.171	1.000	-1863.636
875	8	100	100	0.4942	0.317	0.308	0.407	0.257	0.300	0.346	0.258	0.355	0.175	0.366	0.372	0.310	0.226	0.377	2.034	0.621	0.345	0.181	9.742	-1798.580
876	8	100	100	0.5329	0.239	0.202	0.246	0.260	0.263	0.376	0.328	0.263	0.352	0.395	0.268	0.251	0.189	0.432	1.772	0.462	0.315	0.180	3.784	-1779.398
877	8	100	100	0.4913	0.261	0.371	0.327	0.272	0.227	0.447	0.415	0.293	0.364	0.313	0.289	0.289	0.589	0.299	2.163	0.353	0.371	0.150	7.193	-1909.148
878	8	100	100	0.5138	0.314	0.243	0.284	0.296	0.414	0.407	0.332	0.259	0.352	0.200	0.268	0.273	0.265	0.290	1.960	0.537	0.312	0.184	2.632	-1761.566
879	8	100	100	0.5062	0.249	0.254	0.765	0.252	0.456	0.284	0.332	0.251	0.210	0.382	0.401	0.321	0.378	0.253	1.808	0.559	0.423	0.159	115.688	-1818.685
880	8	100	100	0.5162	0.408	0.286	0.668	0.210	0.456	0.287	0.294	0.350	0.291	0.293	0.287	0.318	0.499	0.158	2.692	0.510	0.455	0.186	39.213	-1817.566
881	8	100	100	0.5325	0.301	0.160	0.308	0.321	0.330	0.298	0.204	0.301	0.301	0.322	0.351	0.215	0.203	0.254	2.289	0.452	0.127	0.184	1.000	-1689.734
882	8	100	100	0.5217	0.379	0.192	0.397	0.216	0.323	0.335	0.274	0.351	0.138	0.315	0.261	0.215	0.317	0.358	2.558	0.617	0.289	0.197	3.239	-1737.460
883	8	100	100	0.5200	0.292	0.300	0.306	0.442	0.366	0.235	0.312	0.282	0.292	0.304	0.279	0.363	0.135	0.340	2.345	0.620	0.277	0.180	2.996	-1769.678
884	8	100	100	0.5508	0.376	0.383	0.178	0.259	0.492	0.225	0.339	0.362	0.263	0.255	0.246	0.394	0.352	0.210	2.061	0.581	0.390	0.176	9.827	-1778.636
885	8	100	99	0.5129	0.477	0.408	0.497	0.257	0.216	0.433	0.307	0.448	0.253	0.335	0.366	0.352	0.564	0.184	2.391	0.400	0.378	0.160	1.909	-1921.890
886	8	100	100	0.5292	0.234	0.281	0.215	0.333	0.348	0.388	0.314	0.197	0.404	0.327	0.351	0.379	0.346	0.283	2.283	0.205	0.116	0.162	1.000	-1807.748
887	8	100	100	0.5312	0.282	0.376	0.241	0.405	0.373	0.253	0.245	0.247	0.289	0.368	0.294	0.230	0.253	0.281	1.844	0.298	0.185	0.138	1.174	-1757.946
888	8	100	100	0.5121	0.255	0.429	0.484	0.328	0.289	0.348	0.270	0.335	0.536	0.358	0.243	0.130	0.300	0.346	2.273	0.540	0.260	0.182	4.432	-1826.426
889	8	100	100	0.4783	0.208	0.304	0.241	0.272	0.262	0.247	0.365	0.212	0.315	0.206	0.266	0.190	0.249	0.292	1.918	0.674	0.326	0.173	1.000	-1667.690
890	8	100	100	0.4913	0.324	0.467	0.217	0.236	0.267	0.354	0.288	0.271	0.440	0.189	0.234	0.241	0.312	0.189	1.823	0.000	0.000	0.240	1.000	-1746.241
891	8	100	99	0.4963	0.175	0.167	0.337	0.292	0.230	0.316	0.286	0.194	0.268	0.406	0.340	0.413	0.164	0.356	1.932	0.519	0.287	0.207	2.160	-1768.560
892	8	100	100	0.5029	0.314	0.424	0.166	0.284	0.284	0.331	0.237	0.338	0.396	0.320	0.356	0.126	0.287	0.233	1.673	0.724	0.189	0.191	1.000	-1713.760
893	8	100	100	0.5117	0.266	0.323	0.328	0.249	0.123	0.369	0.205	0.233	0.380	0.351	0.291	0.212	0.395	0.251	1.833	0.545	0.373	0.161	10.515	-1745.985
894	8	100	100	0.5096	0.367	0.244	0.219	0.357	0.296	0.131	0.276	0.317	0.308	0.274	0.273	0.288	0.274	0.246	2.205	0.312	0.177	0.165	1.000	-1701.113
895	8	100	99	0.5267	0.375	0.241	0.414	0.208	0.342	0.287	0.446	0.372	0.280	0.220	0.213	0.315	0.362	0.239	1.464	0.682	0.318	0.219	1.000	-1814.399
896	8	100	99	0.5267	0.262	0.245	0.221	0.385	0.256	0.264	0.174	0.330	0.145	0.274	0.284	0.413	0.304	0.340	1.924	0.557	0.443	0.165	1.000	-1734.723
897	8	100	100	0.4996	0.259	0.284	0.314	0.321	0.262	0.271	0.300	0.254	0.304	0.233	0.324	0.238	0.270	0.242	2.185	0.524	0.154	0.183	3.446	-1677.829
898	8	100	100	0.5504	0.277	0.352	0.345	0.511	0.311	0.322	0.335	0.292	0.252	0.294	0.273	0.286	0.305	0.316	2.087	0.451	0.182	0.229	5.211	-1851.028
899	8	100	98	0.5308	0.331	0.241	0.250	0.249	0.283	0.347	0.584	0.330	0.346	0.252	0.337	0.464	0.403	0.338	2.345	0.550	0.450	0.173	2.572	-1879.711
900	8	100	100	0.4833	0.290	0.319	0.355	0.451	0.425	0.352	0.173	0.342	0.292	0.310	0.311	0.284	0.287	0.250	1.924	0.634	0.262	0.242	4.056	-1814.852
901	8	100	100	0.4800	0.375	0.186	0.276	0.254	0.366	0.344	0.286	0.410	0.304	0.280	0.299	0.260	0.335	0.235	1.592	0.491	0.455	0.278	4.445	-1826.326
902	8	100	99	0.5088	0.353	0.454	0.189	0.273	0.341	0.319	0.229	0.329	0.265	0.268	0.209	0.426	0.346	0.372	1.743	0.627	0.373	0.155	1.000	-1766.769
903	8	100	100	0.5237	0.198	0.355	0.316	0.249	0.402	0.227	0.207	0.257	0.206	0.328	0.145	0.178	0.350	0.193	2.466	0.419	0.141	0.241	1.000	-1635.108
904	8	100	98	0.5500	0.351	0.244	0.461	0.251	0.208	0.346	0.325	0.282	0.182	0.406	0.160	0.331	0.282	0.212	1.684	0.361	0.310	0.198	2.092	-1795.422
905	8	100	100	0.5204	0.322	0.404	0.507	0.480	0.431	0.250	0.618	0.381	0.201	0.278	0.433	0.201	0.308	0.370	2.210	0.528	0.355	0.152	7.843	-1909.465
906	8	100	100	0.5308	0.184	0.275	0.320	0.258	0.204	0.238	0.243	0.206	0.408	0.364	0.166	0.370	0.337	0.367	2.505	0.357	0.201	0.229	1.885	-1733.004
907	8	100	100	0.5083	0.349	0.188	0.243	0.415	0.272	0.516	0.267	0.346	0.531	0.308	0.331	0.384	0.394	0.224	2.204	0.000	0.000	0.214	1.000	-1887.595
908	8	100	100	0.5558	0.376	0.188	0.550	0.266	0.492	0.302	0.424	0.449	0.226	0.244	0.453	0.435	0.431	0.442	1.785	0.558	0.323	0.172	6.785	-1958.750
909	8	100	99	0.5333	0.301	0.288	0.282	0.402	0.249	0.403	0.307	0.255	0.286	0.346	0.320	0.319	0.318	0.236	2.047	0.495	0.446	0.245	4.096	-1863.217
910	8	100	100	0.4854	0.355	0.367	0.240	0.268	0.210	0.309	0.389	0.383	0.250	0.292	0.286	0.383	0.335	0.364	2.114	0.228	0.143	0.227	1.000	-1846.029
911	8	100	100	0.5133	0.302	0.270	0.251	0.325	0.286	0.310	0.264	0.350	0.261	0.382	0.344	0.319	0.377	0.191	2.233	0.598	0.233	0.215	1.000	-1751.131
912	8	100	99	0.5350	0.497	0.422	0.288	0.228	0.301	0.247	0.210	0.523	0.223	0.340	0.253	0.366	0.346	0.256	2.000	0.801	0.175	0.255	1.000	-1780.387
913	8	100	100	0.5312	0.338	0.232	0.285	0.317	0.260	0.309	0.185	0.327	0.451	0.329	0.354	0.153	0.338	0.441	1.954	0.456	0.254	0.201	1.032	-1796.041
914	8	100	100	0.5129	0.230	0.261	0.186	0.425	0.446	0.375	0.263	0.295	0.401	0.144	0.457	0.514	0.225	0.364	1.680	0.417	0.343	0.154	10.957	-1850.176
915	8	100	100	0.5083	0.275	0.270	0.331	0.241	0.283	0.329	0.276	0.233	0.294	0.350	0.444	0.253	0.233	0.233	1.861	0.657	0.303	0.186	8.319	-1734.833
916	8	100	100	0.5271	0.249	0.629	0.296	0.300	0.401	0.277	0.380	0.216	0.289	0.424	0.245	0.207	0.326	0.359	2.249	0.621	0.336	0.169	11.867	-1806.270
917	8	100	99	0.5346	0.313	0.489	1.151	0.169	0.268	0.222	0.308	0.262	0.170	0.387	0.140	0.433	0.386	0.358	1.997	0.580	0.406	0.194	175.965	-1796.012
918	8	100	100	0.5521	0.301	0.364	0.357	0.240	0.315	0.283	0.375	0.283	0.299	0.432	0.330	0.159	0.344	0.218	2.315	0.492	0.406	0.202	3.264	-1822.480
919	8	100	99	0.4608	0.346	0.376	0.423	0.410	0.280	0.173	0.310	0.316	0.315	0.464	0.269	0.414	0.305	0.379	2.143	0.558	0.338	0.188	4.470	-1866.654
920	8	100	99	0.5192	0.320	0.284	0.127	0.402	0.255	0.313	0.212	0.341	0.339	0.222	0.277	0.312	0.415	0.254	1.741	0.605	0.325	0.200	28.766	-1772.512
921	8	100	99	0.4763	0.391	0.229	0.292	0.265	0.308	0.202	0.206	0.348	0.285	0.428	0.260	0.307	0.316	0.135	2.593	0.400	0.215	0.181	4.439	-1697.364
922	8	100	99	0.5704	0.350	0.297	0.204	0.286	0.204	0.225	0.282	0.316	0.269	0.274	0.310	0.410	0.385	0.206	2.365	0.705	0.229	0.200	7.464	-1700.243
923	8	100	100	0.4883	0.403	0.266	0.334	0.219	0.377	0.227	0.366	0.373	0.217	0.504	0.239	0.396	0.278	0.271	2.140	0.639	0.180	0.202	7.830	-1775.779
924	8	100	100	0.4650	0.261	0.167	0.352	0.253	0.367	0.363	0.362	0.316	0.170	0.306	0.231	0.372	0.181	0.235	2.165	0.571	0.208	0.194	4.129	-1702.974
925	8	100	100	0.5242	0.234	0.304	0.360	0.366	0.292	0.318	0.255	0.291	0.218	0.395	0.291	0.227	0.302	0.326	1.459	0.589	0.157	0.194	1.022	-1793.010
926	8	100	100	0.5346	0.316	0.371	0.662	0.374	0.255	0.319	0.347	0.291	0.193	0.357	0.312	0.373	0.318	0.271	1.990	0.705	0.256	0.181	12.701	-1834.737
927	8	100	100	0.5258	0.442	0.147	0.277	0.353	0.274	0.321	0.216	0.461	0.309	0.294	0.247	0.332	0.307	0.189	2.052	0.683	0.253	0.159	8.372	-1706.736
928	8	100	98	0.5154	0.262	0.303	0.301	0.219	0.293	0.142	0.464	0.221	0.214	0.305	0.365	0.364	0.252	0.222	1.843	0.557	0.329	0.130	4.495	-1696.164
929	8	100	100	0.5000	0.447	0.387	0.294	0.349	0.302	0.284	0.326	0.534	0.442	0.346	0.295	0.156	0.332	0.380	2.120	0.582	0.397	0.224	21.820	-1907.306
930	8	100	99	0.5288	0.387	0.436	0.234	0.168	0.326	0.261	0.395	0.335	0.152	0.399	0.265	0.276	0.232	0.302	2.016	0.546	0.308	0.227	45.182	-1761.954
931	8	100	100	0.5558	0.278	0.300	0.386	0.390	0.286	0.309	0.275	0.327	0.214	0.218	0.216	0.245	0.288	0.361	2.265	0.706	0.246	0.190	3.291	-1736.936
932	8	100	99	0.4808	0.283	0.268	0.320	0.231	0.234	0.290	0.331	0.264	0.371	0.179	0.323	0.347	0.242	0.323	2.102	0.602	0.335	0.160	17.848	-1712.308
933	8	100	100	0.5200	0.241	0.383	0.302	0.367	0.231	0.343	0.253	0.251	0.222	0.299	0.252	0.222	0.300	0.357	1.950	0.436	0.269	0.196	1.000	-1774.618
934	8	100	100	0.5312	0.212	0.304	0.214	0.194	0.350	0.368	0.284	0.298	0.329	0.355	0.302	0.291	0.369	0.195	1.985	0.709	0.215	0.197	1.686	-1736.347
935	8	100	100	0.5329	0.248	0.312	0.507	0.485	0.228	0.406	0.311	0.195	0.267	0.423	0.427	0.344	0.259	0.277	1.989	0.585	0.370	0.187	18.387	-1869.840
936	8	100	99	0.5142	0.446	0.159	8.060	0.185	0.314	0.451	0.128	0.392	0.355	0.234	0.364	0.216	0.244	0.395	2.217	0.595	0.370	0.142	998.992	-1697.636
937	8	100	100	0.5212	0.326	0.361	0.378	0.416	0.222	0.240	0.254	0.464	0.380	0.311	0.267	0.241	0.227	0.234	2.156	0.675	0.255	0.152	9.125	-1715.854
938	8	100	99	0.5096	0.393	0.306	0.263	0.214	0.125	0.299	0.227	0.405	0.434	0.274	0.279	0.174	0.257	0.308	2.017	0.309	0.041	0.274	1.448	-1706.587
939	8	100	99	0.5546	0.190	0.203	0.410	0.343	0.326	0.178	0.283	0.194	0.290	0.145	0.443	0.302	0.399	0.367	2.519	0.598	0.277	0.184	13.788	-1721.681
940	8	100	99	0.4425	0.295	0.232	8.203	0.340	0.351	0.175	0.329	0.273	0.174	0.441	0.352	0.270	0.176	0.320	1.822	0.660	0.311	0.130	998.999	-1688.177
941	8	100	99	0.4992	0.316	0.434	0.277	0.376	0.173	0.306	0.287	0.323	0.352	0.273	0.421	0.318	0.337	0.218	2.066	0.440	0.147	0.173	858.924	-1787.714
942	8	100	99	0.5429	0.269	0.345	0.303	0.358	0.168	0.364	0.269	0.252	0.433	0.261	0.292	0.292	0.265	0.377	1.799	0.723	0.207	0.217	5.247	-1788.292
943	8	100	100	0.5296	0.291	0.261	0.377	0.186	0.248	0.279	0.241	0.233	0.424	0.268	0.307	0.191	0.328	0.220	1.862	0.732	0.268	0.195	1.000	-1713.386
944	8	100	99	0.5546	0.218	0.353	16.055	0.205	0.183	0.263	0.326	0.246	0.319	0.390	0.296	0.318	0.284	0.274	1.821	0.554	0.410	0.162	998.978	-1809.403
945	8	100	100	0.5217	0.242	0.368	0.911	0.440	0.334	0.293	0.288	0.303	0.369	0.422	0.260	0.277	0.270	0.350	2.293	0.667	0.327	0.221	951.386	-1812.888
946	8	100	100	0.5100	0.261	0.355	0.469	0.349	0.273	0.337	0.311	0.268	0.446	0.450	0.322	0.304	0.301	0.195	1.692	0.434	0.294	0.170	951.947	-1865.060
947	8	100	99	0.5271	0.270	0.433	0.227	0.314	0.306	0.324	0.297	0.291	0.366	0.327	0.166	0.229	0.168	0.465	2.151	0.608	0.249	0.208	952.461	-1746.428
948	8	100	100	0.4971	0.332	0.353	11.933	0.241	0.146	0.276	0.254	0.289	0.239	0.199	0.368	0.315	0.243	0.404	1.854	0.632	0.305	0.231	953.650	-1734.920
949	8	100	100	0.5088	0.311	0.329	0.124	0.512	0.263	0.245	0.276	0.293	0.293	0.348	0.308	0.163	0.223	0.195	1.757	0.000	0.000	0.158	954.592	-1674.646
950	8	100	100	0.4729	0.445	0.524	0.106	0.422	0.164	0.323	0.211	0.465	0.195	0.399	0.318	0.409	0.394	0.349	1.857	0.000	0.000	0.186	956.242	-1841.667
951	8	100	100	0.5642	0.282	0.249	0.286	0.357	0.137	0.458	0.231	0.320	0.366	0.160	0.364	0.271	0.195	0.342	2.159	0.510	0.336	0.160	25.789	-1737.977
952	8	100	99	0.5071	0.212	0.304	0.716	0.123	0.407	0.304	0.262	0.252	0.190	0.184	0.244	0.325	0.235	0.265	2.181	0.728	0.229	0.235	25.829	-1676.307
953	8	100	100	0.5275	0.386	0.235	0.271	0.346	0.504	0.380	0.277	0.388	0.218	0.315	0.405	0.291	0.300	0.416	1.697	0.682	0.250	0.246	3.599	-1907.504
954	8	100	100	0.5288	0.283	0.291	0.252	0.503	0.367	0.272	0.255	0.297	0.245	0.400	0.290	0.201	0.403	0.286	1.726	0.437	0.498	0.182	5.415	-1874.103
955	8	100	98	0.5221	0.306	0.504	0.297	0.238	0.279	0.314	0.153	0.338	0.253	0.284	0.378	0.259	0.277	0.215	2.098	0.642	0.202	0.207	9.340	-1699.745
956	8	100	100	0.4571	0.383	0.280	0.219	0.292	0.326	0.222	0.277	0.350	0.421	0.213	0.293	0.356	0.296	0.317	1.837	0.553	0.270	0.158	999.000	-1717.531
957	8	100	99	0.5029	0.320	0.253	6.730	0.309	0.299	0.329	0.299	0.317	0.305	0.298	0.224	0.226	0.350	0.348	1.791	0.514	0.460	0.161	951.015	-1793.170
958	8	100	100	0.5067	0.362	0.350	0.173	0.356	0.280	0.468	0.257	0.413	0.395	0.411	0.289	0.297	0.460	0.280	2.274	0.000	0.000	0.183	952.482	-1866.104
959	8	100	100	0.4842	0.288	0.391	0.320	0.374	0.332	0.430	0.435	0.363	0.314	0.296	0.262	0.265	0.249	0.410	1.568	0.516	0.419	0.189	5.067	-1908.366
960	8	100	100	0.5288	0.311	0.310	0.338	0.269	0.374	0.324	0.142	0.323	0.337	0.369	0.195	0.299	0.320	0.189	1.919	0.579	0.421	0.158	1.000	-1764.865
961	8	100	100	0.4979	0.243	0.278	0.241	0.230	0.329	0.303	0.210	0.195	0.459	0.218	0.374	0.307	0.300	0.264	2.067	0.622	0.115	0.193	7.304	-1674.559
962	8	100	100	0.4942	0.311	0.279	0.207	0.204	0.388	0.493	0.300	0.319	0.420	0.310	0.350	0.371	0.199	0.367	2.341	0.299	0.173	0.176	1.000	-1800.614
963	8	100	99	0.5075	0.295	0.225	0.245	0.325	0.239	0.228	0.317	0.290	0.416	0.209	0.332	0.256	0.301	0.283	1.902	0.647	0.353	0.201	1.000	-1748.471
964	8	100	99	0.5379	0.290	0.343	0.333	0.338	0.245	0.391	0.253	0.271	0.323	0.345	0.265	0.323	0.369	0.287	1.753	0.433	0.232	0.228	1.000	-1851.087
965	8	100	100	0.5254	0.356	0.099	0.226	0.348	0.339	0.322	0.236	0.355	0.215	0.247	0.175	0.357	0.506	0.167	2.056	0.600	0.384	0.152	13.436	-1715.332
966	8	100	99	0.5383	0.296	0.176	0.225	0.170	0.233	0.313	0.323	0.300	0.232	0.278	0.379	0.277	0.394	0.336	1.900	0.327	0.196	0.172	1.939	-1739.470
967	8	100	100	0.5092	0.223	0.221	0.304	0.208	0.331	0.345	0.351	0.259	0.371	0.322	0.252	0.365	0.509	0.078	2.066	0.527	0.254	0.153	1.000	-1740.290
968	8	100	100	0.5171	0.223	0.388	0.416	0.236	0.150	0.230	0.210	0.252	0.464	0.339	0.256	0.188	0.104	0.384	1.924	0.622	0.160	0.215	2.937	-1686.058
969	8	100	100	0.5092	0.274	0.402	0.278	0.313	0.248	0.392	0.241	0.207	0.409	0.218	0.292	0.306	0.169	0.360	1.836	0.517	0.299	0.168	4.275	-1768.848
970	8	100	99	0.4892	0.252	0.195	0.456	0.178	0.316	0.352	0.271	0.296	0.250	0.350	0.310	0.299	0.220	0.189	1.786	0.662	0.307	0.195	24.473	-1702.843
971	8	100	99	0.5012	0.257	0.402	0.217	0.103	0.217	0.226	0.422	0.316	0.363	0.342	0.268	0.405	0.376	0.298	2.062	0.560	0.364	0.140	14.525	-1736.418
972	8	100	100	0.5317	0.342	0.412	0.278	0.327	0.447	0.326	0.301	0.305	0.467	0.257	0.442	0.289	0.293	0.389	1.938	0.593	0.407	0.228	16.061	-1903.340
973	8	100	100	0.5300	0.333	0.340	1.673	0.167	0.315	0.461	0.146	0.235	0.398	0.259	0.141	0.253	0.262	0.233	1.940	0.735	0.212	0.177	72.189	-1680.061
974	8	100	100	0.5121	0.408	0.437	0.112	0.450	0.358	0.340	0.261	0.371	0.424	0.307	0.443	0.205	0.290	0.428	2.408	0.534	0.252	0.176	24.115	-1841.675
975	8	100	100	0.5021	0.300	0.236	0.298	0.332	0.284	0.530	0.136	0.328	0.302	0.234	0.197	0.205	0.208	0.315	2.048	0.648	0.243	0.180	9.045	-1680.493
976	8	100	100	0.4708	0.301	0.314	0.419	0.237	0.480	0.328	0.404	0.310	0.432	0.394	0.265	0.296	0.259	0.522	1.735	0.607	0.253	0.203	5.934	-1886.681
977	8	100	100	0.5442	0.305	0.194	0.195	0.282	0.221	0.308	0.329	0.277	0.393	0.236	0.418	0.327	0.311	0.205	2.042	0.608	0.313	0.205	27.472	-1733.111
978	8	100	100	0.4663	0.318	0.267	4.647	0.369	0.301	0.254	0.378	0.245	0.249	0.230	0.390	0.315	0.407	0.313	1.783	0.633	0.342	0.195	998.999	-1821.121
979	8	100	100	0.5025	0.276	0.371	0.423	0.490	0.303	0.331	0.241	0.335	0.098	0.246	0.345	0.338	0.448	0.181	1.712	0.467	0.196	0.176	944.003	-1780.038
980	8	100	100	0.5217	0.282	0.282	0.442	0.447	0.369	0.277	0.330	0.235	0.178	0.300	0.309	0.413	0.423	0.249	1.907	0.583	0.203	0.289	943.904	-1857.348
981	8	100	96	0.4988	0.256	0.425	0.256	0.265	0.348	0.349	0.299	0.321	0.223	0.336	0.190	0.319	0.258	0.200	2.379	0.583	0.261	0.166	942.840	-1665.763
982	8	100	100	0.5337	0.854	0.145	0.240	0.399	0.295	0.344	0.398	0.000	0.358	0.372	0.264	0.250	0.384	0.351	2.673	0.621	0.379	0.162	1.000	-1803.016
983	8	100	100	0.4883	0.200	0.267	0.969	0.290	0.252	0.411	0.250	0.188	0.480	0.273	0.485	0.337	0.258	0.302	2.186	0.795	0.177	0.275	136.312	-1778.087
984	8	100	100	0.5262	0.292	0.395	0.191	0.303	0.266	0.247	0.383	0.255	0.033	0.419	0.288	0.497	0.390	0.204	1.916	0.000	0.000	0.172	1.950	-1742.980
985	8	100	100	0.5008	0.273	0.240	0.273	0.322	0.267	0.284	0.271	0.347	0.325	0.367	0.285	0.253	0.316	0.275	2.000	0.557	0.399	0.227	4.317	-1780.356
986	8	100	100	0.4896	0.484	0.224	0.357	0.264	0.447	0.439	0.238	0.480	0.239	0.335	0.336	0.189	0.296	0.283	2.134	0.496	0.180	0.231	7.363	-1825.763
987	8	100	99	0.5108	0.288	0.295	0.202	0.271	0.342	0.262	0.338	0.344	0.322	0.306	0.150	0.189	0.404	0.239	1.992	0.142	0.059	0.186	1.000	-1706.305
988	8	100	99	0.4925	0.316	0.390	0.216	0.383	0.212	0.391	0.167	0.347	0.285	0.281	0.166	0.171	0.343	0.260	2.171	0.473	0.240	0.202	17.725	-1705.597
989	8	100	99	0.4954	0.294	0.139	0.323	0.325	0.573	0.305	0.327	0.351	0.494	0.356	0.262	0.191	0.169	0.423	1.611	0.529	0.394	0.166	8.242	-1818.689
990	8	100	100	0.5108	0.275	0.179	0.178	0.313	0.265	0.142	0.268	0.295	0.231	0.215	0.389	0.183	0.238	0.353	2.010	0.785	0.160	0.307	3.977	-1669.462
991	8	100	99	0.4983	0.222	0.179	0.240	0.333	0.411	0.305	0.259	0.219	0.351	0.216	0.292	0.204	0.277	0.285	2.246	0.718	0.258	0.214	13.539	-1692.637
992	8	100	100	0.5388	0.221	0.404	0.260	0.376	0.272	0.353	0.241	0.256	0.381	0.251	0.340	0.245	0.239	0.380	2.154	0.000	0.000	0.194	1.000	-1791.968
993	8	100	100	0.5329	0.318	0.226	0.393	0.260	0.308	0.291	0.212	0.317	0.199	0.320	0.249	0.305	0.158	0.295	1.924	0.111	0.051	0.155	1.000	-1707.739
994	8	100	100	0.4963	0.350	0.297	0.563	0.346	0.282	0.372	0.218	0.324	0.220	0.294	0.208	0.405	0.355	0.211	1.508	0.552	0.398	0.163	25.260	-1784.364
995	8	100	99	0.5162	0.437	0.334	0.434	0.311	0.231	0.351	0.211	0.398	0.213	0.273	0.243	0.181	0.292	0.392	2.174	0.687	0.313	0.183	28.194	-1761.573
996	8	100	100	0.5333	0.344	0.335	0.369	0.295	0.103	0.288	0.304	0.343	0.387	0.238	0.251	0.433	0.346	0.421	2.028	0.575	0.425	0.319	26.361	-1875.843
997	8	100	100	0.5262	0.324	0.160	0.228	0.286	0.425	0.253	0.339	0.372	0.177	0.340	0.370	0.205	0.273	0.288	1.617	0.017	0.008	0.234	1.000	-1788.111
998	8	100	100	0.4929	0.288	0.277	0.326	0.137	0.405	0.275	0.285	0.334	0.319	0.270	0.530	0.388	0.320	0.280	2.171	0.562	0.392	0.179	5.472	-1809.439
999	8	100	100	0.4771	0.312	0.253	0.294	0.330	0.147	0.318	0.192	0.301	0.305	0.371	0.234	0.207	0.286	0.309	2.536	0.676	0.269	0.206	11.047	-1677.955
1000	8	100	100	0.5042	0.280	0.302	0.404	0.185	0.362	0.268	0.375	0.233	0.329	0.251	0.236	0.342	0.379	0.181	1.686	0.244	0.070	0.201	2.125	-1769.631
