"","x"
"1",-1706.116085
"2",-3340.315419
"3",-556.666306
"4",-2557.21421
"5",-1278.638888
"6",-3504.662036
"7",-2531.729927
"8",-629.202259
"9",-1820.387403
"10",-670.130098
"11",-3394.225417
"12",-3093.937338
"13",-5474.093261
"14",-6008.590851
"15",-1996.657443
"16",-791.510486
"17",-2138.415046
"18",-2413.10229
"19",-909.248493
"20",-5623.04192
"21",-1882.158657
"22",-3017.118581
"23",-1178.381369
"24",-2205.257201
"25",-2443.638875
"26",-4004.787951
"27",-888.516656
"28",-3294.74331
"29",-972.196889
"30",-5287.619923
"31",-2427.366205
"32",-551.870706
"33",-3106.549851
"34",-6884.883019
"35",-3693.050625
"36",-1630.980713
"37",-811.582751
"38",-2294.401109
"39",-716.07829
"40",-1447.682493
"41",-2861.340601
"42",-2138.564203
"43",-1228.480495
"44",-1902.23734
"45",-2049.358992
"46",-2931.845257
"47",-5497.091378
"48",-1354.636264
"49",-2211.892015
"50",-1462.737245
"51",-2077.966026
"52",-796.033266
"53",-846.995397
"54",-1369.583779
"55",-2049.12151
"56",-2889.969566
"57",-1383.462446
"58",-10207.24142
"59",-1915.32514
"60",-1132.925402
"61",-1348.233271
"62",-2811.27054
"63",-2907.467592
"64",-6452.301926
"65",-2820.224241
"66",-1724.837099
"67",-659.52058
"68",-1882.598861
"69",-3139.971022
"70",-4121.241957
"71",-1556.402156
"72",-1544.010387
"73",-2139.580402
"74",-3378.703782
"75",-2597.998959
"76",-2176.084203
"77",-1348.788791
"78",-1219.189796
"79",-3135.773565
"80",-6997.55979
"81",-2866.428776
"82",-1111.039668
"83",-3348.433542
"84",-2217.131882
"85",-608.659816
"86",-2069.242913
"87",-2891.285359
"88",-4776.758237
"89",-4797.942896
"90",-1527.879212
"91",-1923.799799
"92",-1226.952314
"93",-1297.687129
"94",-965.701094
"95",-2097.855111
"96",-2542.456311
"97",-1899.682865
"98",-2799.49895
"99",-5643.122037
"100",-2061.310875
"101",-6642.059502
"102",-2081.792148
"103",-1183.820005
"104",-2910.816579
"105",-951.190834
"106",-2835.680556
"107",-2219.194079
"108",-1981.721394
"109",-771.737768
"110",-2656.686517
"111",-3557.528813
"112",-5795.066304
"113",-1747.28391
"114",-830.428413
"115",-3873.260934
"116",-4577.111253
"117",-1002.37468
"118",-3528.998262
"119",-3021.735355
"120",-747.572066
"121",-1023.641786
"122",-8757.151055
"123",-985.490675
"124",-1248.443475
"125",-5813.211098
"126",-1085.829878
"127",-4904.208454
"128",-3737.009245
"129",-1253.292473
"130",-2974.964874
"131",-2275.320501
"132",-9722.539996
"133",-944.102372
"134",-2569.801479
"135",-2590.546073
"136",-1964.487008
"137",-2481.578421
"138",-2662.130323
"139",-1402.035164
"140",-1921.203466
"141",-1233.454381
"142",-2551.802255
"143",-1506.596423
"144",-1103.913667
"145",-587.388808
"146",-1854.759982
"147",-667.322705
"148",-1332.868609
"149",-4817.151708
"150",-1630.000118
"151",-3364.481451
"152",-1258.716845
"153",-3407.221377
"154",-2837.754745
"155",-1145.400907
"156",-3186.871066
"157",-819.987167
"158",-1026.955868
"159",-4231.892914
"160",-1611.744834
"161",-1613.856617
"162",-2397.951654
"163",-5386.226806
"164",-2347.32981
"165",-5064.609767
"166",-1510.637528
"167",-1069.609072
"168",-2796.176377
"169",-6591.470867
"170",-959.92879
"171",-619.672323
"172",-2989.427456
"173",-936.110452
"174",-4994.781267
"175",-2652.494795
"176",-7975.214888
"177",-936.748769
"178",-4686.115435
"179",-790.727979
"180",-3419.432919
"181",-1615.651847
"182",-1331.152193
"183",-4636.164785
"184",-2093.254186
"185",-2760.209893
"186",-1864.922726
"187",-4400.741417
"188",-2159.031549
"189",-2045.49285
"190",-1338.839705
"191",-2229.003356
"192",-1212.803448
"193",-4755.209336
"194",-4808.216113
"195",-2642.749206
"196",-584.669831
"197",-405.710566
"198",-936.154221
"199",-834.805388
"200",-3546.937905
"201",-3522.233685
"202",-6274.464805
"203",-3674.900509
"204",-1963.428992
"205",-1643.107158
"206",-949.429385
"207",-2523.148377
"208",-1875.226342
"209",-1319.787919
"210",-1283.708895
"211",-915.644814
"212",-4871.730046
"213",-737.763114
"214",-2714.524075
"215",-5402.514276
"216",-3762.772532
"217",-597.622742
"218",-5156.185682
"219",-3841.334454
"220",-1396.632313
"221",-1007.657506
"222",-6445.738842
"223",-5000.173176
"224",-2632.277099
"225",-3261.100352
"226",-2162.432085
"227",-1955.029858
"228",-2490.09864
"229",-4287.447251
"230",-2589.525145
"231",-770.521125
"232",-6344.952663
"233",-2902.879705
"234",-1152.154489
"235",-2378.565474
"236",-2995.648327
"237",-2996.779748
"238",-3901.369872
"239",-2964.938302
"240",-2205.158563
"241",-1837.337104
"242",-1195.121698
"243",-2178.997828
"244",-7491.349171
"245",-1545.556747
"246",-2726.074034
"247",-3206.564513
"248",-2005.844752
"249",-7464.392538
"250",-5513.733695
"251",-775.955039
"252",-2412.29181
"253",-7201.894227
"254",-2510.059166
"255",-3097.060015
"256",-3303.90582
"257",-2904.043822
"258",-4757.114965
"259",-1560.83834
"260",-3222.041042
"261",-2663.360577
"262",-1821.335746
"263",-898.435832
"264",-1725.587644
"265",-8577.060492
"266",-2139.957305
"267",-4220.726074
"268",-1003.608839
"269",-3639.189979
"270",-3417.196145
"271",-3892.965953
"272",-3369.937986
"273",-3543.594335
"274",-1904.312574
"275",-1182.646201
"276",-694.350544
"277",-2544.368888
"278",-1162.935187
"279",-5285.021231
"280",-2978.461419
"281",-2328.024242
"282",-4538.374051
"283",-4590.664872
"284",-2015.20448
"285",-1645.920701
"286",-3121.31539
"287",-772.481843
"288",-1439.601702
"289",-6459.622466
"290",-2409.944341
"291",-955.441958
"292",-789.46569
"293",-3936.62931
"294",-2107.349879
"295",-1508.632971
"296",-1694.760054
"297",-2698.244615
"298",-1480.162741
"299",-2185.652187
"300",-2225.73943
"301",-2392.298408
"302",-691.855065
"303",-2017.759581
"304",-1228.260767
"305",-2402.217491
"306",-1995.791865
"307",-2436.103218
"308",-2312.165578
"309",-3025.285037
"310",-756.440346
"311",-2059.146124
"312",-4448.332487
"313",-2580.714529
"314",-4552.880559
"315",-2497.372221
"316",-7001.139819
"317",-3306.989104
"318",-2949.675418
"319",-1791.337024
"320",-4594.597776
"321",-3860.240675
"322",-1541.107118
"323",-783.969501
"324",-1226.884197
"325",-3319.800546
"326",-1635.703805
"327",-379.887242
"328",-1422.914219
"329",-9871.248959
"330",-3028.788449
"331",-3411.823351
"332",-980.332813
"333",-3486.197338
"334",-1390.127828
"335",-1480.592525
"336",-653.884338
"337",-2046.176376
"338",-2516.810721
"339",-3909.665694
"340",-2747.237016
"341",-7417.154353
"342",-3526.753865
"343",-2513.396736
"344",-1082.501357
"345",-3195.238279
"346",-6557.866847
"347",-2477.522658
"348",-2491.946272
"349",-2121.227163
"350",-3280.723152
"351",-2058.631799
"352",-1764.282106
"353",-1772.140935
"354",-2892.338131
"355",-2052.365781
"356",-1658.741521
"357",-5905.420494
"358",-2454.251794
"359",-3487.667798
"360",-1919.022341
"361",-4623.118275
"362",-748.031108
"363",-2225.370448
"364",-4003.335893
"365",-884.347957
"366",-2034.264163
"367",-2498.524589
"368",-8914.615963
"369",-1271.802054
"370",-2573.211808
"371",-4542.894136
"372",-3956.057471
"373",-1932.627871
"374",-2077.664345
"375",-1297.323805
"376",-4559.166596
"377",-1981.440016
"378",-803.499302
"379",-949.980546
"380",-3011.600599
"381",-1038.681422
"382",-2665.811366
"383",-1578.42476
"384",-3684.278123
"385",-5434.79361
"386",-2319.131479
"387",-5491.205479
"388",-1895.038188
"389",-1537.735714
"390",-803.871049
"391",-689.34976
"392",-1564.170754
"393",-1283.717967
"394",-2656.918698
"395",-5263.420037
"396",-4217.369641
"397",-2700.823586
"398",-2510.95999
"399",-1127.236664
"400",-1537.441806
"401",-2673.595059
"402",-2342.465332
"403",-1280.816126
"404",-2502.495921
"405",-1757.965127
"406",-12342.396507
"407",-2855.460534
"408",-3976.259463
"409",-5806.032327
"410",-3736.769483
"411",-4978.28802
"412",-2024.085426
"413",-2096.872898
"414",-7307.247231
"415",-2408.237268
"416",-3463.582939
"417",-5923.397314
"418",-691.534848
"419",-1621.732286
"420",-2277.684437
"421",-1380.43883
"422",-1208.294371
"423",-1102.459601
"424",-968.094967
"425",-6419.632156
"426",-1458.429736
"427",-1537.615418
"428",-1652.490256
"429",-5396.922019
"430",-1314.284981
"431",-2681.893513
"432",-2251.162697
"433",-1569.23637
"434",-1255.456174
"435",-4395.006436
"436",-2800.723428
"437",-2660.457027
"438",-2945.431734
"439",-7300.323444
"440",-4394.635593
"441",-1582.515356
"442",-760.039571
"443",-2260.014844
"444",-6343.54051
"445",-20679.858693
"446",-1674.315889
"447",-2617.358917
"448",-749.279309
"449",-1731.471852
"450",-3529.430048
"451",-4680.96441
"452",-1626.111547
"453",-3909.043202
"454",-4242.474611
"455",-883.569091
"456",-1116.372397
"457",-1697.517493
"458",-618.854127
"459",-2563.752683
"460",-688.729938
"461",-2501.80285
"462",-2940.967307
"463",-2066.374321
"464",-4415.134302
"465",-914.768829
"466",-1231.342002
"467",-2139.110662
"468",-1457.39186
"469",-3557.713314
"470",-2795.74635
"471",-2642.830975
"472",-2944.828339
"473",-1136.580858
"474",-2293.412196
"475",-2669.422601
"476",-933.625523
"477",-3450.745723
"478",-864.030893
"479",-853.146727
"480",-4341.776883
"481",-1778.70938
"482",-5083.097127
"483",-2882.590979
"484",-1052.148536
"485",-1336.33684
"486",-1325.990863
"487",-5312.217964
"488",-2815.677993
"489",-3284.372715
"490",-1279.343513
"491",-2182.027296
"492",-2180.695274
"493",-2169.849173
"494",-1050.956129
"495",-860.137605
"496",-1517.463778
"497",-808.961602
"498",-5463.113058
"499",-3362.674103
"500",-2937.918866
"501",-776.686108
"502",-2809.235073
"503",-1216.129958
"504",-2957.589256
"505",-1933.539625
"506",-2524.844413
"507",-1793.866815
"508",-674.143064
"509",-2058.939417
"510",-4387.738547
"511",-11372.267612
"512",-5973.158745
"513",-2383.631367
"514",-497.421051
"515",-3272.655699
"516",-1922.856183
"517",-1676.628385
"518",-3179.412574
"519",-1093.068069
"520",-2531.089046
"521",-4810.22642
"522",-5101.900304
"523",-5774.622706
"524",-903.8634
"525",-2654.961451
"526",-1898.450464
"527",-4301.4709
"528",-1805.07525
"529",-6115.212019
"530",-4554.214995
"531",-1722.11881
"532",-2378.718056
"533",-6258.774358
"534",-3244.270068
"535",-2119.674726
"536",-1982.28438
"537",-5170.996915
"538",-1669.532566
"539",-6167.304371
"540",-986.925687
"541",-1186.32855
"542",-1558.762455
"543",-1909.606366
"544",-2210.041007
"545",-953.058549
"546",-2765.912415
"547",-2329.77755
"548",-929.321042
"549",-4610.447793
"550",-2238.208826
"551",-760.666814
"552",-2812.791716
"553",-3299.823821
"554",-669.540684
"555",-4042.233706
"556",-6340.220069
"557",-2725.506734
"558",-11126.302544
"559",-2497.668004
"560",-2837.302909
"561",-2199.593669
"562",-2440.544744
"563",-4035.363432
"564",-2791.904177
"565",-1248.886624
"566",-2809.694684
"567",-4879.128932
"568",-4563.526468
"569",-5439.060114
"570",-3750.550127
"571",-1948.067841
"572",-3080.444262
"573",-627.141179
"574",-686.366892
"575",-3560.007191
"576",-2978.861946
"577",-2409.541153
"578",-2967.615339
"579",-1019.836938
"580",-1259.263666
"581",-851.645985
"582",-484.82378
"583",-1051.730465
"584",-2079.748912
"585",-1097.501082
"586",-2597.314764
"587",-2521.822542
"588",-1755.547318
"589",-2849.201504
"590",-3472.795857
"591",-4016.183758
"592",-2050.982777
"593",-2742.953634
"594",-2433.493903
"595",-2629.50306
"596",-4119.989415
"597",-1289.432196
"598",-2141.860613
"599",-3112.286923
"600",-2514.142172
"601",-1011.733237
"602",-1668.01024
"603",-2184.846166
"604",-4124.235751
"605",-2933.178888
"606",-1502.321563
"607",-3735.785007
"608",-4341.312852
"609",-3227.265055
"610",-2588.591947
"611",-757.739938
"612",-7522.948886
"613",-3511.962158
"614",-1338.402541
"615",-3233.717281
"616",-1732.764884
"617",-5935.953666
"618",-5865.315103
"619",-1639.198872
"620",-3865.44786
"621",-1054.85954
"622",-6128.844975
"623",-1787.873636
"624",-5402.756193
"625",-2378.160694
"626",-1648.175284
"627",-1046.818858
"628",-6498.999784
"629",-2486.172534
"630",-2246.412258
"631",-7374.262365
"632",-4971.167035
"633",-1988.821351
"634",-3594.229209
"635",-2503.44332
"636",-1728.665547
"637",-1367.540701
"638",-1951.698235
"639",-1523.391249
"640",-3760.189434
"641",-1432.819701
"642",-3418.481273
"643",-1357.244201
"644",-1946.055491
"645",-910.825853
"646",-814.245383
"647",-902.548804
"648",-560.574701
"649",-1007.617024
"650",-1755.520199
"651",-2810.918843
"652",-2673.185803
"653",-1909.904683
"654",-3062.549369
"655",-2904.633547
"656",-2444.343877
"657",-6123.286255
"658",-1469.701752
"659",-1485.585168
"660",-7233.461391
"661",-1394.391025
"662",-733.562947
"663",-2049.566329
"664",-1405.999158
"665",-1544.472658
"666",-4586.154417
"667",-5671.211861
"668",-5661.748797
"669",-1428.553757
"670",-1636.644586
"671",-2294.349309
"672",-2272.06161
"673",-1486.537303
"674",-1745.741814
"675",-1260.14558
"676",-1512.57314
"677",-1164.534596
"678",-740.927232
"679",-1685.247461
"680",-1684.975974
"681",-1384.121354
"682",-5425.005709
"683",-1783.610775
"684",-1735.514182
"685",-2300.664779
"686",-2616.107424
"687",-1249.852908
"688",-12040.116662
"689",-2861.276676
"690",-2468.218572
"691",-1736.424295
"692",-3275.529657
"693",-752.531815
"694",-2816.785582
"695",-2511.270649
"696",-997.495177
"697",-3204.110151
"698",-3373.242428
"699",-1747.919204
"700",-719.643684
"701",-3120.810593
"702",-1818.484654
"703",-2492.94156
"704",-4817.364639
"705",-4655.47445
"706",-4441.613632
"707",-1290.167579
"708",-4732.931952
"709",-7032.081885
"710",-1441.035295
"711",-1470.851076
"712",-1646.415273
"713",-2986.66466
"714",-1239.341783
"715",-6149.560401
"716",-2326.893752
"717",-1961.731741
"718",-1736.406025
"719",-3452.757914
"720",-1216.69526
"721",-3344.930654
"722",-6434.49624
"723",-9145.011269
"724",-3131.628772
"725",-1381.303041
"726",-1612.558062
"727",-3291.74549
"728",-1673.391195
"729",-3400.358386
"730",-2379.954493
"731",-2211.938088
"732",-2765.678469
"733",-919.982495
"734",-2220.707242
"735",-6075.208955
"736",-2274.52246
"737",-2008.249269
"738",-1412.241158
"739",-1505.686819
"740",-1894.940324
"741",-3222.079895
"742",-3287.317759
"743",-10751.819371
"744",-911.132708
"745",-867.006092
"746",-654.327039
"747",-899.842484
"748",-6823.185519
"749",-1064.69741
"750",-2421.821701
"751",-1062.902898
"752",-4334.42868
"753",-1115.351397
"754",-6611.448515
"755",-2595.351732
"756",-5837.959201
"757",-1723.168454
"758",-1387.478664
"759",-1127.023143
"760",-2369.676411
"761",-5502.173677
"762",-4484.490999
"763",-1173.837002
"764",-1448.114971
"765",-4158.829175
"766",-4275.74723
"767",-2486.548471
"768",-1266.219393
"769",-2892.607818
"770",-4572.904182
"771",-854.941599
"772",-4482.645514
"773",-1770.788312
"774",-2513.330088
"775",-1219.838857
"776",-1091.439396
"777",-11359.607871
"778",-3034.641325
"779",-2871.635833
"780",-4541.814912
"781",-1443.551119
"782",-3583.357113
"783",-9323.734177
"784",-1645.373627
"785",-3460.267522
"786",-4052.372783
"787",-2022.251226
"788",-1492.35129
"789",-3626.108969
"790",-2435.549544
"791",-4484.875271
"792",-1977.505419
"793",-2463.960609
"794",-2559.761811
"795",-719.458912
"796",-4063.936364
"797",-896.861462
"798",-1446.92823
"799",-3333.500095
"800",-1846.309226
"801",-1433.449884
"802",-1414.701534
"803",-3851.33649
"804",-1135.964648
"805",-1301.950991
"806",-3186.564726
"807",-2961.92318
"808",-3247.463771
"809",-3052.889604
"810",-5146.350414
"811",-6509.816147
"812",-7339.29409
"813",-4709.706021
"814",-1740.474465
"815",-1065.566533
"816",-4167.29995
"817",-3156.906109
"818",-8355.017747
"819",-3643.389691
"820",-5153.481765
"821",-2458.456894
"822",-6461.702039
"823",-2474.891969
"824",-903.95602
"825",-1714.395931
"826",-2826.241391
"827",-5104.498038
"828",-998.744057
"829",-429.05546
"830",-1165.195956
"831",-1607.084749
"832",-1730.587826
"833",-2965.25996
"834",-1642.281157
"835",-420.596206
"836",-2376.07717
"837",-1099.294533
"838",-5302.670296
"839",-1256.095441
"840",-1766.303914
"841",-711.055087
"842",-3327.816116
"843",-4561.568465
"844",-7233.959042
"845",-1734.656546
"846",-1980.706236
"847",-2057.163018
"848",-1996.298722
"849",-785.808604
"850",-1890.726416
"851",-1386.459059
"852",-1434.103264
"853",-4488.509853
"854",-1665.740911
"855",-6867.099202
"856",-2088.280565
"857",-1377.050389
"858",-2331.93421
"859",-1175.686689
"860",-3802.468929
"861",-8222.285018
"862",-3020.676263
"863",-4703.191458
"864",-2433.952616
"865",-2168.312808
"866",-530.277317
"867",-4449.303003
"868",-1724.133658
"869",-2952.568364
"870",-2580.429721
"871",-4172.354453
"872",-2278.85759
"873",-2694.649305
"874",-3021.691572
"875",-2462.994553
"876",-2196.518034
"877",-819.146541
"878",-5012.398375
"879",-863.214816
"880",-3637.319528
"881",-1116.357735
"882",-4034.827703
"883",-3874.30778
"884",-3807.921584
"885",-1136.203755
"886",-8251.262952
"887",-605.855909
"888",-1376.584586
"889",-6972.592649
"890",-2245.353443
"891",-1050.1863
"892",-4715.225797
"893",-1398.094323
"894",-780.058788
"895",-493.145653
"896",-1080.100186
"897",-1736.155394
"898",-3510.681461
"899",-1576.930399
"900",-2193.770429
"901",-1029.938911
"902",-1199.602585
"903",-3269.076247
"904",-2165.189597
"905",-2058.275193
"906",-4492.805348
"907",-921.316352
"908",-2789.386841
"909",-3367.246766
"910",-3830.58135
"911",-1954.171429
"912",-5160.89774
"913",-811.298476
"914",-1559.816376
"915",-12748.375098
"916",-3043.740405
"917",-6786.524497
"918",-2299.515465
"919",-1650.032164
"920",-3943.110077
"921",-3809.748078
"922",-769.258877
"923",-734.103981
"924",-7050.890285
"925",-1721.569138
"926",-5504.676349
"927",-3235.457478
"928",-6841.42165
"929",-3663.766085
"930",-747.925831
"931",-1810.262638
"932",-1702.284585
"933",-1761.242239
"934",-2558.574345
"935",-4273.354836
"936",-2275.398063
"937",-772.88333
"938",-2077.025576
"939",-2947.971721
"940",-6741.317357
"941",-1747.907212
"942",-3801.254817
"943",-1644.67194
"944",-5649.675618
"945",-3688.680608
"946",-3137.063302
"947",-782.503246
"948",-2650.436182
"949",-1318.545261
"950",-2151.427064
"951",-688.460781
"952",-364.022714
"953",-1736.345043
"954",-1402.469079
"955",-2933.595898
"956",-795.244403
"957",-1407.099249
"958",-2173.707498
"959",-682.536432
"960",-1180.109286
"961",-1132.619998
"962",-1035.209657
"963",-2708.617926
"964",-1996.667933
"965",-2724.05839
"966",-4969.408713
"967",-3502.725165
"968",-4064.279198
"969",-2731.704572
"970",-4564.519223
"971",-2235.813766
"972",-5539.971454
"973",-1153.702194
"974",-3940.068889
"975",-973.680197
"976",-599.511721
"977",-1354.546895
"978",-4386.917507
"979",-1334.577819
"980",-3944.294374
"981",-10751.896378
"982",-6571.405819
"983",-549.000153
"984",-3085.93898
"985",-1818.640431
"986",-2514.115678
"987",-2549.420985
"988",-1005.370017
"989",-585.742868
"990",-1635.888938
"991",-1892.478493
"992",-1242.480491
"993",-3848.942558
"994",-1397.376907
"995",-3263.872529
"996",-441.46497
"997",-1912.376233
"998",-1403.197409
"999",-1672.40256
"1000",-8337.246837
"1001",-3085.208333
"1002",-3999.088895
"1003",-1472.862091
"1004",-1309.48051
"1005",-1995.776132
"1006",-2890.079306
"1007",-1447.755694
"1008",-939.85814
"1009",-2038.283323
"1010",-1902.527596
"1011",-740.488262
"1012",-2473.263266
"1013",-1303.539587
"1014",-2764.318255
"1015",-1539.201123
"1016",-1735.457733
"1017",-4986.946657
"1018",-6594.881386
"1019",-4224.927908
"1020",-4927.653786
"1021",-993.697203
"1022",-6731.956993
"1023",-2765.700877
"1024",-3800.192411
"1025",-1328.153726
"1026",-2028.703653
"1027",-2881.163578
"1028",-5392.400812
"1029",-14666.684237
"1030",-1374.051601
"1031",-592.6618
"1032",-988.593358
"1033",-2035.135424
"1034",-618.773074
"1035",-2381.135262
"1036",-3580.41867
"1037",-1575.65437
"1038",-6647.272878
"1039",-4006.474238
"1040",-4721.797429
"1041",-3643.474847
"1042",-4087.499778
"1043",-5480.379771
"1044",-1315.94163
"1045",-4836.278933
"1046",-1942.029357
"1047",-2864.890949
"1048",-6269.788609
"1049",-4348.502653
"1050",-2028.61488
"1051",-2034.138633
"1052",-568.541868
"1053",-618.81431
"1054",-775.405186
"1055",-1239.651019
"1056",-694.885341
"1057",-1380.932355
"1058",-959.642979
"1059",-3066.085569
"1060",-3316.761592
"1061",-753.927847
"1062",-2013.62843
"1063",-701.579204
"1064",-1584.974642
"1065",-1011.172563
"1066",-2970.656242
"1067",-1775.340415
"1068",-2967.987401
"1069",-2765.795257
"1070",-1132.439204
"1071",-2157.958593
"1072",-1909.374091
"1073",-3713.749044
"1074",-1652.116679
"1075",-2515.415078
"1076",-1955.308379
"1077",-1057.637214
"1078",-3965.912355
"1079",-653.780307
"1080",-3101.916169
"1081",-2340.56637
"1082",-1251.957816
"1083",-1761.310387
"1084",-2145.63848
"1085",-2967.688191
"1086",-2300.314397
"1087",-2454.834296
"1088",-727.675865
"1089",-1886.900235
"1090",-3062.57032
"1091",-3653.083636
"1092",-5923.52558
"1093",-989.94253
"1094",-3482.962826
"1095",-1728.782147
"1096",-3352.193425
"1097",-1733.280957
"1098",-881.447565
"1099",-2485.511643
"1100",-1473.286411
"1101",-985.411784
"1102",-1163.074228
"1103",-1279.823236
"1104",-2544.740511
"1105",-1399.724195
"1106",-2998.860361
"1107",-1475.261752
"1108",-1299.293981
"1109",-1380.603635
"1110",-559.94943
"1111",-3265.692061
"1112",-3248.23679
"1113",-1016.436021
"1114",-3038.712021
"1115",-2900.671325
"1116",-1217.482499
"1117",-1178.862515
"1118",-2569.860033
"1119",-1785.777089
"1120",-3251.510695
"1121",-2063.455366
"1122",-1215.699917
"1123",-695.628861
"1124",-937.781562
"1125",-433.397746
"1126",-833.956736
"1127",-1594.917994
"1128",-1588.635118
"1129",-3490.897259
"1130",-1699.269697
"1131",-2912.484252
"1132",-2186.394127
"1133",-1286.975203
"1134",-826.296766
"1135",-1161.809409
"1136",-1762.264228
"1137",-2599.381094
"1138",-2604.819747
"1139",-848.006594
"1140",-1149.846582
"1141",-3212.436504
"1142",-1249.578744
"1143",-5636.507038
"1144",-1456.687131
"1145",-731.624822
"1146",-3969.678119
"1147",-1982.068267
"1148",-7979.913981
"1149",-4528.387003
"1150",-4488.888072
"1151",-3618.561137
"1152",-1924.027696
"1153",-2250.926497
"1154",-2447.66917
"1155",-1351.341793
"1156",-4385.057965
"1157",-4165.91119
"1158",-5044.795401
"1159",-2019.540666
"1160",-4643.54152
"1161",-964.207276
"1162",-7799.905945
"1163",-1259.099642
"1164",-3048.281276
"1165",-5041.176369
"1166",-3726.991942
"1167",-9620.200673
"1168",-3003.603953
"1169",-660.226166
"1170",-1440.111088
"1171",-541.602494
"1172",-442.728373
"1173",-5602.014703
"1174",-3327.669485
"1175",-2703.27656
"1176",-1577.355623
"1177",-2825.610147
"1178",-5007.95814
"1179",-834.46678
"1180",-1167.232152
"1181",-1096.257896
"1182",-4676.180111
"1183",-3452.30252
"1184",-1586.739913
"1185",-7002.789142
"1186",-3468.411952
"1187",-601.260128
"1188",-5789.992746
"1189",-2238.105991
"1190",-1802.530433
"1191",-3026.219859
"1192",-901.48853
"1193",-786.067132
"1194",-6586.51848
"1195",-3867.187918
"1196",-6517.607964
"1197",-5394.664905
"1198",-1816.361374
"1199",-2147.91517
"1200",-953.524259
"1201",-2450.86069
"1202",-2689.514217
"1203",-1022.38032
"1204",-4657.392694
"1205",-3874.499931
"1206",-5675.039277
"1207",-574.824615
"1208",-2896.009259
"1209",-2095.951284
"1210",-2866.826494
"1211",-492.322704
"1212",-3335.280287
"1213",-4458.417781
"1214",-1316.92678
"1215",-1167.368568
"1216",-2393.532509
"1217",-2591.302253
"1218",-911.553419
"1219",-1588.995044
"1220",-534.025349
"1221",-6240.051152
"1222",-1333.651444
"1223",-6339.248315
"1224",-3444.05535
"1225",-2248.774247
"1226",-2543.60187
"1227",-2729.087755
"1228",-844.355074
"1229",-3321.094343
"1230",-1613.088719
"1231",-2284.177216
"1232",-4061.762169
"1233",-7460.760182
"1234",-4905.659015
"1235",-3212.286071
"1236",-2240.121728
"1237",-2475.19511
"1238",-1528.377802
"1239",-1139.131494
"1240",-1627.860252
"1241",-9843.813273
"1242",-2161.042112
"1243",-2372.426368
"1244",-4544.708813
"1245",-1326.779111
"1246",-4113.506367
"1247",-3769.832324
"1248",-2257.971265
"1249",-2229.40897
"1250",-1707.072399
"1251",-3071.109813
"1252",-12799.991319
"1253",-6895.592546
"1254",-1496.982235
"1255",-2585.917655
"1256",-1141.809113
"1257",-839.374743
"1258",-1895.460951
"1259",-2098.896977
"1260",-1112.747186
"1261",-6764.415556
"1262",-1028.925097
"1263",-985.384162
"1264",-2954.844662
"1265",-1264.951347
"1266",-1895.127774
"1267",-1402.161219
"1268",-682.851841
"1269",-880.982062
"1270",-2652.074957
"1271",-2181.819947
"1272",-2574.230026
"1273",-3946.550144
"1274",-1627.886073
"1275",-642.675151
"1276",-1874.306224
"1277",-2274.241459
"1278",-681.166151
"1279",-5587.609356
"1280",-1588.057818
"1281",-2345.972954
"1282",-911.662869
"1283",-3327.072988
"1284",-2245.73434
"1285",-1185.476649
"1286",-2948.693406
"1287",-2277.141367
"1288",-1726.632591
"1289",-743.554408
"1290",-1589.361409
"1291",-7474.54271
"1292",-2349.052697
"1293",-9352.302522
"1294",-9993.458999
"1295",-2922.496381
"1296",-1226.483517
"1297",-2015.663355
"1298",-2713.898665
"1299",-1270.714629
"1300",-3109.377207
"1301",-1108.754849
"1302",-746.434897
"1303",-3324.255767
"1304",-1009.355192
"1305",-3562.106112
"1306",-4815.772916
"1307",-3095.43317
"1308",-781.016674
"1309",-2609.985149
"1310",-1353.495301
"1311",-978.03991
"1312",-1506.99225
"1313",-930.618361
"1314",-2937.085718
"1315",-7851.17466
"1316",-1034.009985
"1317",-567.630021
"1318",-2494.819722
"1319",-671.137656
"1320",-3284.694624
"1321",-2175.174252
"1322",-4454.300493
"1323",-3891.596219
"1324",-1554.915386
"1325",-957.541196
"1326",-2874.021113
"1327",-2433.715523
"1328",-1411.926348
"1329",-3885.297242
"1330",-3056.801475
"1331",-2296.459151
"1332",-2654.683254
"1333",-1250.410197
"1334",-764.038559
"1335",-1189.714791
"1336",-2537.716101
"1337",-786.473634
"1338",-717.993166
"1339",-3587.364453
"1340",-2774.611018
"1341",-1047.653374
"1342",-4489.551981
"1343",-1173.389925
"1344",-1080.665871
"1345",-1969.284093
"1346",-1111.388967
"1347",-3618.725545
"1348",-3748.850186
"1349",-2249.609667
"1350",-1103.561116
"1351",-2467.122229
"1352",-1353.218356
"1353",-851.412109
"1354",-3166.719947
"1355",-5596.085519
"1356",-4502.560424
"1357",-7450.197413
"1358",-1972.613837
"1359",-1291.885508
"1360",-1149.580016
"1361",-1238.358007
"1362",-982.56845
"1363",-898.486182
"1364",-3381.816308
"1365",-926.060606
"1366",-687.572618
"1367",-3801.460177
"1368",-5603.219136
"1369",-3003.729625
"1370",-4741.504323
"1371",-776.244592
"1372",-715.023677
"1373",-1081.518712
"1374",-3661.727132
"1375",-1080.092337
"1376",-3090.261014
"1377",-5338.743651
"1378",-2481.930962
"1379",-985.592904
"1380",-1923.016286
"1381",-1927.907369
"1382",-611.784888
"1383",-1749.861324
"1384",-834.127061
"1385",-1471.810546
"1386",-1191.03902
"1387",-2094.125198
"1388",-1940.316121
"1389",-428.400515
"1390",-1285.951417
"1391",-1656.306073
"1392",-996.606619
"1393",-2424.857351
"1394",-3503.259407
"1395",-2287.700007
"1396",-902.369332
"1397",-1765.199099
"1398",-1535.493838
"1399",-1661.546871
"1400",-478.664016
"1401",-1829.356973
"1402",-1946.438613
"1403",-1809.271465
"1404",-3746.42277
"1405",-1416.820224
"1406",-1595.758568
"1407",-2548.165537
"1408",-2431.771545
"1409",-4365.039194
"1410",-732.637062
"1411",-1341.45954
"1412",-5795.192597
"1413",-1807.927536
"1414",-3562.740896
"1415",-2285.605061
"1416",-3172.765583
"1417",-4334.2478
"1418",-2998.811261
"1419",-4075.166701
"1420",-1556.886909
"1421",-2115.207056
"1422",-1070.382176
"1423",-2360.161412
"1424",-3982.52099
"1425",-1012.864678
"1426",-1939.952153
"1427",-1078.526792
"1428",-4111.173868
"1429",-4797.077127
"1430",-2139.56537
"1431",-3950.569708
"1432",-1645.763017
"1433",-3778.488861
"1434",-1170.457954
"1435",-2277.744438
"1436",-1342.154328
"1437",-1263.14895
"1438",-8116.781104
"1439",-2030.24248
"1440",-788.918308
"1441",-853.879683
"1442",-1941.728762
"1443",-597.291753
"1444",-2049.038311
"1445",-3374.403685
"1446",-8607.079998
"1447",-2995.447499
"1448",-2201.014784
"1449",-2591.124814
"1450",-7207.612955
"1451",-2589.475067
"1452",-1264.814369
"1453",-2487.287414
"1454",-2637.825527
"1455",-1512.728214
"1456",-1295.508067
"1457",-5408.709777
"1458",-5189.471854
"1459",-3977.162962
"1460",-928.978705
"1461",-1342.620712
"1462",-5035.746613
"1463",-2935.920191
"1464",-3497.984375
"1465",-1794.639341
"1466",-3711.98789
"1467",-2735.900348
"1468",-3507.13986
"1469",-4669.361121
"1470",-4699.032253
"1471",-7638.154678
"1472",-4665.328388
"1473",-4349.529502
"1474",-2097.724661
"1475",-9520.749104
"1476",-902.382825
"1477",-1962.949721
"1478",-5460.9706
"1479",-498.696135
"1480",-4141.951127
"1481",-1828.192446
"1482",-1378.935668
"1483",-1695.117476
"1484",-8423.335372
"1485",-673.136102
"1486",-1247.325959
"1487",-6558.678999
"1488",-3807.530839
"1489",-1657.930121
"1490",-1113.072694
"1491",-1622.811821
"1492",-1932.916702
"1493",-7496.851288
"1494",-4977.659255
"1495",-2500.326821
"1496",-1617.751555
"1497",-2484.425508
"1498",-7047.853655
"1499",-1626.258022
"1500",-6784.042645
"1501",-439.508662
"1502",-10012.752217
"1503",-1860.176187
"1504",-1943.254371
"1505",-4174.493736
"1506",-4629.100653
"1507",-2429.721946
"1508",-3722.215616
"1509",-3816.781925
"1510",-3228.110317
"1511",-4957.635823
"1512",-1046.766544
"1513",-5031.055118
"1514",-1368.976734
"1515",-2401.478628
"1516",-2632.498055
"1517",-6528.698365
"1518",-1847.294609
"1519",-3666.500425
"1520",-3986.558594
"1521",-7168.140453
"1522",-712.814603
"1523",-2968.323279
"1524",-2585.950904
"1525",-2634.023217
"1526",-3239.742104
"1527",-1482.823309
"1528",-4543.122161
"1529",-2345.368666
"1530",-5949.152011
"1531",-672.982694
"1532",-5082.406971
"1533",-1457.072801
"1534",-3535.418847
"1535",-1659.40443
"1536",-6727.833807
"1537",-1410.64497
"1538",-6154.345714
"1539",-2358.401256
"1540",-2825.055523
"1541",-2607.330387
"1542",-7167.758336
"1543",-2350.326216
"1544",-1447.648752
"1545",-1518.957726
"1546",-2584.565663
"1547",-1588.499762
"1548",-1775.476928
"1549",-799.012147
"1550",-2186.895214
"1551",-526.485837
"1552",-2448.104778
"1553",-2874.755759
"1554",-1660.684493
"1555",-3621.375791
"1556",-4222.124404
"1557",-636.008032
"1558",-1501.587583
"1559",-1435.812581
"1560",-5800.773573
"1561",-1065.198834
"1562",-2099.296715
"1563",-3584.698164
"1564",-1973.563683
"1565",-2693.069438
"1566",-2036.627462
"1567",-3142.080897
"1568",-2717.851448
"1569",-1490.135664
"1570",-4976.79324
"1571",-2302.599437
"1572",-4688.783497
"1573",-4468.63487
"1574",-3412.287043
"1575",-1327.378426
"1576",-978.466292
"1577",-429.436669
"1578",-5186.151425
"1579",-5515.544105
"1580",-785.38141
"1581",-1999.921739
"1582",-2076.950653
"1583",-3679.004265
"1584",-5447.320245
"1585",-4284.724755
"1586",-3298.049287
"1587",-6460.535039
"1588",-817.496235
"1589",-1427.339369
"1590",-810.135761
"1591",-5891.581237
"1592",-2796.94924
"1593",-866.560229
"1594",-3243.034901
"1595",-1695.531479
"1596",-4799.681196
"1597",-1888.004873
"1598",-898.848503
"1599",-908.610985
"1600",-1038.265182
"1601",-1364.619513
"1602",-1533.491883
"1603",-9885.3821
"1604",-969.590657
"1605",-999.434916
"1606",-7236.919069
"1607",-2815.937338
"1608",-468.341777
"1609",-3132.975632
"1610",-797.015805
"1611",-2668.664242
"1612",-957.880775
"1613",-1713.317431
"1614",-698.174844
"1615",-1321.427095
"1616",-2876.808574
"1617",-5089.154516
"1618",-5646.639035
"1619",-4043.831322
"1620",-2291.139902
"1621",-685.844574
"1622",-3575.425149
"1623",-3990.145373
"1624",-678.205413
"1625",-1718.052601
"1626",-483.105558
"1627",-1742.296454
"1628",-2551.499099
"1629",-2519.892804
"1630",-3064.625362
"1631",-1931.34971
"1632",-4585.427091
"1633",-7664.145003
"1634",-4036.104468
"1635",-1713.038781
"1636",-1345.935318
"1637",-792.672216
"1638",-1820.962977
"1639",-5170.383729
"1640",-3971.533558
"1641",-6723.605527
"1642",-513.544613
"1643",-4246.627324
"1644",-2951.260506
"1645",-2312.080611
"1646",-610.893495
"1647",-7969.687852
"1648",-4245.721685
"1649",-5598.949369
"1650",-1012.74735
"1651",-5377.788352
"1652",-1948.044184
"1653",-880.147149
"1654",-1695.468311
"1655",-6868.214287
"1656",-1505.211542
"1657",-14252.445539
"1658",-3294.648852
"1659",-1238.922362
"1660",-563.586151
"1661",-5603.618179
"1662",-1965.120339
"1663",-582.079027
"1664",-13485.538649
"1665",-1053.781489
"1666",-2486.893197
"1667",-3413.089878
"1668",-3283.850427
"1669",-855.737599
"1670",-2654.472196
"1671",-7076.491181
"1672",-6227.037948
"1673",-3907.459908
"1674",-3084.748004
"1675",-2355.279687
"1676",-1539.001042
"1677",-1972.571109
"1678",-3329.663002
"1679",-6420.038229
"1680",-2093.518773
"1681",-4937.414013
"1682",-925.026243
"1683",-5821.26587
"1684",-9513.069314
"1685",-6651.403353
"1686",-766.080839
"1687",-2834.318947
"1688",-3681.50791
"1689",-4847.308691
"1690",-8493.423612
"1691",-17857.385273
"1692",-2042.160298
"1693",-2200.150409
"1694",-6156.080575
"1695",-6993.671959
"1696",-3353.263956
"1697",-3808.134656
"1698",-2327.215662
"1699",-16571.742685
"1700",-3588.879045
"1701",-1596.162067
"1702",-9626.508952
"1703",-9769.177409
"1704",-1087.936693
"1705",-3287.236552
"1706",-1875.760539
"1707",-1873.038989
"1708",-2591.616307
"1709",-1042.667309
"1710",-2969.042584
"1711",-1690.921004
"1712",-926.508883
"1713",-7220.695075
"1714",-1378.139315
"1715",-1783.406765
"1716",-593.12568
"1717",-9345.74827
"1718",-1234.027504
"1719",-3024.040823
"1720",-1658.190806
"1721",-1102.612711
"1722",-5512.119549
"1723",-10881.997491
"1724",-1038.526638
"1725",-576.677399
"1726",-1622.837208
"1727",-732.823751
"1728",-5734.255666
"1729",-4739.004553
"1730",-2013.393453
"1731",-3421.092565
"1732",-2028.959572
"1733",-3886.62862
"1734",-3560.735841
"1735",-3625.604686
"1736",-2193.556825
"1737",-1023.380185
"1738",-477.133678
"1739",-2445.087681
"1740",-4212.636701
"1741",-2674.623229
"1742",-2609.094217
"1743",-2866.287193
"1744",-2395.406191
"1745",-7478.864168
"1746",-1258.022081
"1747",-498.023519
"1748",-2054.865698
"1749",-2537.736663
"1750",-2397.364599
"1751",-12184.350794
"1752",-1637.849558
"1753",-7781.346008
"1754",-2909.583831
"1755",-950.897266
"1756",-1491.91753
"1757",-7192.186925
"1758",-1653.70704
"1759",-1629.106836
"1760",-3308.030427
"1761",-3925.426735
"1762",-4680.801433
"1763",-1291.25827
"1764",-3633.10597
"1765",-3335.914562
"1766",-7251.998769
"1767",-3416.104838
"1768",-2621.908182
"1769",-1342.488668
"1770",-1099.239791
"1771",-4073.419501
"1772",-3648.916318
"1773",-1118.160144
"1774",-2252.797832
"1775",-4241.202514
"1776",-1120.394025
"1777",-2072.057258
"1778",-1327.378316
"1779",-1588.16702
"1780",-5049.367439
"1781",-1884.588915
"1782",-4421.13302
"1783",-5484.936852
"1784",-1688.405613
"1785",-2050.189255
"1786",-1456.312055
"1787",-2492.852255
"1788",-5256.97352
"1789",-1883.13223
"1790",-1984.081685
"1791",-674.178691
"1792",-828.620082
"1793",-2681.26994
"1794",-3020.081377
"1795",-2089.96172
"1796",-3477.887742
"1797",-2452.890302
"1798",-735.902494
"1799",-1966.722733
"1800",-2717.013899
"1801",-2266.549585
"1802",-1748.35934
"1803",-1237.067319
"1804",-1252.958963
"1805",-1275.220095
"1806",-2830.961678
"1807",-1630.747197
"1808",-4434.180663
"1809",-462.285684
"1810",-2639.734874
"1811",-5280.666903
"1812",-3367.628312
"1813",-3899.393406
"1814",-708.200363
"1815",-2466.586549
"1816",-1238.266265
"1817",-1555.736888
"1818",-4898.43333
"1819",-1310.183576
"1820",-1891.242761
"1821",-1215.053725
"1822",-3987.988194
"1823",-3575.426478
"1824",-1940.11071
"1825",-3370.72698
"1826",-3224.244895
"1827",-2721.26189
"1828",-1638.391285
"1829",-1297.492702
"1830",-1568.384226
"1831",-810.8471
"1832",-1546.29716
"1833",-1669.059489
"1834",-2117.386879
"1835",-1965.537732
"1836",-2362.833805
"1837",-1924.233274
"1838",-1565.67307
"1839",-1796.785275
"1840",-1208.280955
"1841",-2664.40928
"1842",-3212.828869
"1843",-3861.114829
"1844",-2426.762996
"1845",-1655.417885
"1846",-3826.566099
"1847",-3321.00173
"1848",-6857.114943
"1849",-4204.574581
"1850",-905.409004
"1851",-10048.729458
"1852",-651.857504
"1853",-2762.854675
"1854",-1866.610426
"1855",-776.661466
"1856",-2844.703544
"1857",-2302.384791
"1858",-1615.837959
"1859",-3035.538383
"1860",-1747.97747
"1861",-2158.24484
"1862",-1686.273292
"1863",-792.056384
"1864",-6036.768876
"1865",-1431.807481
"1866",-1652.093725
"1867",-10754.929261
"1868",-510.925935
"1869",-2673.265159
"1870",-6309.368166
"1871",-1462.844085
"1872",-5569.076345
"1873",-2783.069229
"1874",-2381.402776
"1875",-3057.16143
"1876",-2046.975788
"1877",-4344.544164
"1878",-744.856653
"1879",-1318.150913
"1880",-2022.706249
"1881",-2302.929715
"1882",-1009.192941
"1883",-2871.170239
"1884",-2976.607203
"1885",-2780.139524
"1886",-1229.380074
"1887",-1523.241455
"1888",-1668.375311
"1889",-22949.786902
"1890",-960.035813
"1891",-2780.128056
"1892",-2219.378648
"1893",-1330.734322
"1894",-1327.08749
"1895",-813.146156
"1896",-2179.00882
"1897",-2532.29631
"1898",-2590.645114
"1899",-2287.830916
"1900",-1905.175631
"1901",-1550.735748
"1902",-1718.827692
"1903",-1287.226796
"1904",-2591.259045
"1905",-1905.445274
"1906",-3861.712897
"1907",-2427.012221
"1908",-505.032856
"1909",-1181.119828
"1910",-1037.124804
"1911",-12722.932508
"1912",-5459.90092
"1913",-558.17648
"1914",-1938.393189
"1915",-2904.08173
"1916",-2929.741916
"1917",-2904.145441
"1918",-965.171694
"1919",-3550.180845
"1920",-4208.547053
"1921",-3124.05171
"1922",-6907.714463
"1923",-1080.511084
"1924",-2852.707991
"1925",-1766.885181
"1926",-1385.348786
"1927",-3543.827763
"1928",-3080.876629
"1929",-4612.491822
"1930",-1387.946448
"1931",-1545.778086
"1932",-4047.989092
"1933",-773.562831
"1934",-1791.489433
"1935",-671.333132
"1936",-4149.504619
"1937",-1143.338995
"1938",-1990.377388
"1939",-1085.10079
"1940",-2597.071138
"1941",-1106.782936
"1942",-3481.592146
"1943",-3112.102509
"1944",-3352.465841
"1945",-4835.152578
"1946",-2861.401152
"1947",-1403.006454
"1948",-2877.826552
"1949",-3745.037775
"1950",-3286.255667
"1951",-975.185095
"1952",-802.518056
"1953",-2453.252881
"1954",-867.933679
"1955",-1583.962435
"1956",-2233.83663
"1957",-6717.97671
"1958",-2487.734593
"1959",-2636.977202
"1960",-1414.161662
"1961",-1328.755582
"1962",-2052.322782
"1963",-523.370241
"1964",-4202.639052
"1965",-5059.651175
"1966",-6446.932933
"1967",-4917.295951
"1968",-538.475422
"1969",-1725.713137
"1970",-1926.783648
"1971",-2798.005913
"1972",-10810.175046
"1973",-2629.432596
"1974",-5195.134191
"1975",-7076.848498
"1976",-1468.139846
"1977",-2655.648988
"1978",-1889.653326
"1979",-3043.442477
"1980",-3959.638645
"1981",-4482.930698
"1982",-1968.021666
"1983",-1710.300784
"1984",-2590.088929
"1985",-1940.85372
"1986",-1497.065212
"1987",-1212.189154
"1988",-4270.037212
"1989",-1344.63097
"1990",-4813.459232
"1991",-4419.144331
"1992",-1074.737614
"1993",-8184.073237
"1994",-1946.363989
"1995",-1634.743817
"1996",-5255.26449
"1997",-2255.254678
"1998",-2108.280199
"1999",-956.117798
"2000",-884.399608
"2001",-2601.727155
"2002",-3032.24346
"2003",-415.210434
"2004",-4278.349916
"2005",-1793.711757
"2006",-685.643494
"2007",-2009.069847
"2008",-2395.088122
"2009",-2606.006155
"2010",-4004.13821
"2011",-1077.454089
"2012",-2867.444092
"2013",-1115.690734
"2014",-1068.713792
"2015",-2398.452293
"2016",-3543.847408
"2017",-844.280859
"2018",-5456.335564
"2019",-2545.403263
"2020",-1873.411307
"2021",-3154.751735
"2022",-595.908899
"2023",-4398.489324
"2024",-936.730333
"2025",-914.027728
"2026",-902.221731
"2027",-921.736007
"2028",-933.912869
"2029",-7229.414371
"2030",-2285.786913
"2031",-647.204149
"2032",-6996.39164
"2033",-2316.767227
"2034",-5148.872289
"2035",-2528.878439
"2036",-4709.14033
"2037",-2748.460601
"2038",-3825.289794
"2039",-609.83821
"2040",-743.035107
"2041",-1362.341737
"2042",-3474.081834
"2043",-18426.306841
"2044",-5533.524189
"2045",-1555.553602
"2046",-685.200593
"2047",-2111.604976
"2048",-3861.784515
"2049",-2306.825731
"2050",-1538.076932
"2051",-3810.488845
"2052",-5594.20969
"2053",-1185.038877
"2054",-2030.815977
"2055",-2423.69417
"2056",-1780.275745
"2057",-3455.784851
"2058",-2652.864313
"2059",-2955.155977
"2060",-1794.912815
"2061",-1712.751204
"2062",-1142.3202
"2063",-5091.33549
"2064",-944.596656
"2065",-1126.196415
"2066",-740.732704
"2067",-2745.653914
"2068",-2575.601296
"2069",-839.147967
"2070",-1513.746282
"2071",-2100.549939
"2072",-3269.855061
"2073",-2407.39552
"2074",-1106.143476
"2075",-3062.359879
"2076",-4372.081652
"2077",-5382.376204
"2078",-5881.805275
"2079",-4987.472284
"2080",-2919.324845
"2081",-3275.752163
"2082",-2923.098817
"2083",-5036.635299
"2084",-2897.685108
"2085",-1347.154561
"2086",-852.238161
"2087",-499.687878
"2088",-1787.042457
"2089",-561.040826
"2090",-3508.230274
"2091",-1110.037051
"2092",-1803.211397
"2093",-2597.80877
"2094",-1005.838163
"2095",-1783.836207
"2096",-714.953608
"2097",-2193.188849
"2098",-647.862248
"2099",-7938.908921
"2100",-2611.210832
"2101",-4459.612885
"2102",-4573.758037
"2103",-4993.993507
"2104",-3292.112712
"2105",-967.59439
"2106",-2345.007971
"2107",-1825.512714
"2108",-2186.795208
"2109",-1129.815124
"2110",-1829.015612
"2111",-2516.261154
"2112",-1568.728051
"2113",-2523.966117
"2114",-1777.704093
"2115",-2376.226058
"2116",-1126.430449
"2117",-11564.884923
"2118",-5625.377741
"2119",-4801.36942
"2120",-1650.200386
"2121",-3737.625627
"2122",-5438.490447
"2123",-4251.893696
"2124",-3414.862844
"2125",-6056.416924
"2126",-8767.017766
"2127",-1449.02808
"2128",-1491.421564
"2129",-1463.909639
"2130",-1535.568946
"2131",-943.672586
"2132",-1403.454956
"2133",-3662.672174
"2134",-3266.784357
"2135",-2894.539441
"2136",-4159.892013
"2137",-1567.361276
"2138",-2533.735569
"2139",-3288.498274
"2140",-2584.025657
"2141",-6187.460739
"2142",-2416.337046
"2143",-2032.779119
"2144",-2715.188632
"2145",-1293.069829
"2146",-2544.156521
"2147",-2824.202177
"2148",-1363.346881
"2149",-4356.440459
"2150",-3878.555332
"2151",-6281.118794
"2152",-1848.004862
"2153",-1237.96104
"2154",-636.491883
"2155",-3892.99213
"2156",-1397.364092
"2157",-1696.002208
"2158",-5649.340743
"2159",-1827.929024
"2160",-2967.859514
"2161",-2857.352303
"2162",-2691.703633
"2163",-1002.555459
"2164",-2757.996861
"2165",-1626.189987
"2166",-6678.787442
"2167",-1679.633454
"2168",-1961.810741
"2169",-1159.215919
"2170",-2092.901148
"2171",-730.085579
"2172",-3210.795226
"2173",-4825.715536
"2174",-989.134145
"2175",-751.046853
"2176",-4999.291996
"2177",-9619.217387
"2178",-3098.353283
"2179",-2089.962316
"2180",-3616.254816
"2181",-1981.455176
"2182",-4970.961277
"2183",-2288.355531
"2184",-1286.724988
"2185",-8267.344264
"2186",-413.892895
"2187",-7266.291053
"2188",-1331.159563
"2189",-1710.646972
"2190",-2596.141755
"2191",-2225.244767
"2192",-1967.219179
"2193",-1926.900096
"2194",-1166.328399
"2195",-5103.882765
"2196",-1408.304501
"2197",-2201.164017
"2198",-2581.517093
"2199",-553.197181
"2200",-2514.260334
"2201",-2977.405043
"2202",-1617.096644
"2203",-1610.896278
"2204",-1235.413081
"2205",-1896.615493
"2206",-712.947033
"2207",-2046.330841
"2208",-1709.258915
"2209",-1415.374598
"2210",-2351.860427
"2211",-971.146812
"2212",-3736.734615
"2213",-2897.079586
"2214",-2556.904669
"2215",-1154.32519
"2216",-1080.031745
"2217",-4212.67502
"2218",-3233.516183
"2219",-10447.383171
"2220",-2183.976639
"2221",-1021.742257
"2222",-2251.582746
"2223",-14958.719298
"2224",-1332.359441
"2225",-12668.125325
"2226",-1987.594739
"2227",-3550.87722
"2228",-4054.792376
"2229",-1865.209375
"2230",-1280.063652
"2231",-1973.921561
"2232",-559.09019
"2233",-1058.025802
"2234",-5037.909834
"2235",-5843.890866
"2236",-3666.776918
"2237",-638.691531
"2238",-3169.879335
"2239",-1890.438428
"2240",-2372.293059
"2241",-8629.445163
"2242",-1845.253693
"2243",-2583.81383
"2244",-4042.200444
"2245",-4633.304385
"2246",-1342.761916
"2247",-1090.255649
"2248",-2422.973879
"2249",-4787.940652
"2250",-528.528695
"2251",-3920.232774
"2252",-560.614629
"2253",-3239.463175
"2254",-2140.69672
"2255",-883.727115
"2256",-752.671077
"2257",-831.650636
"2258",-908.880189
"2259",-3223.898696
"2260",-3208.223672
"2261",-804.567012
"2262",-1827.879842
"2263",-1760.022054
"2264",-6112.491417
"2265",-2856.327027
"2266",-2033.851987
"2267",-626.961225
"2268",-1733.240837
"2269",-4454.732121
"2270",-2990.806049
"2271",-1103.914542
"2272",-1913.631683
"2273",-3974.413003
"2274",-3214.690411
"2275",-4698.64042
"2276",-4391.953132
"2277",-847.424889
"2278",-2547.775998
"2279",-2386.863267
"2280",-2609.292487
"2281",-2537.522291
"2282",-2357.259845
"2283",-2403.447104
"2284",-3011.039906
"2285",-2486.452254
"2286",-4975.260066
"2287",-4143.000192
"2288",-2538.780217
"2289",-3346.397146
"2290",-2278.368514
"2291",-2855.642292
"2292",-3789.695553
"2293",-4142.608095
"2294",-2125.340697
"2295",-5422.892102
"2296",-1647.4118
"2297",-2183.356672
"2298",-1941.932482
"2299",-3065.541747
"2300",-4986.256384
"2301",-9169.868174
"2302",-9431.408796
"2303",-8548.204314
"2304",-5393.518045
"2305",-5165.47576
"2306",-4926.931928
"2307",-4179.173223
"2308",-2532.471004
"2309",-5927.967491
"2310",-3144.257381
"2311",-11422.697219
"2312",-2105.267849
"2313",-3876.757626
"2314",-5722.843914
"2315",-2700.87553
"2316",-1066.74657
"2317",-4114.636501
"2318",-18925.706018
"2319",-2547.850066
"2320",-2389.237296
"2321",-3639.850759
"2322",-5096.873368
"2323",-3207.28808
"2324",-2584.069561
"2325",-2700.188095
"2326",-3576.200558
"2327",-3333.600738
"2328",-1588.6349
"2329",-4976.401433
"2330",-2781.566805
"2331",-11727.776688
"2332",-2653.8934
"2333",-2033.924766
"2334",-1684.813379
"2335",-2612.747682
"2336",-5379.700658
"2337",-2427.792126
"2338",-3010.598678
"2339",-5073.280788
"2340",-2473.974635
"2341",-2578.322563
"2342",-3524.932613
"2343",-3219.130755
"2344",-1268.968236
"2345",-2845.332982
"2346",-2903.75254
"2347",-3229.150107
"2348",-2001.04969
"2349",-4089.094948
"2350",-2709.411403
"2351",-1181.149148
"2352",-2644.278144
"2353",-3289.491367
"2354",-1379.086742
"2355",-2297.419742
"2356",-4078.251676
"2357",-3675.742014
"2358",-3387.898676
"2359",-1579.281759
"2360",-4553.96799
"2361",-5531.651296
"2362",-9147.321429
"2363",-4675.469614
"2364",-1418.473195
"2365",-3439.037047
"2366",-2656.623592
"2367",-822.026459
"2368",-1026.513564
"2369",-4711.162973
"2370",-3163.752378
"2371",-512.711034
"2372",-2420.170627
"2373",-2574.589223
"2374",-5505.146431
"2375",-1779.927754
"2376",-2103.164912
"2377",-2736.380234
"2378",-7038.293819
"2379",-4274.296758
"2380",-7234.762513
"2381",-1386.005596
"2382",-2087.756504
"2383",-2243.136925
"2384",-3755.06418
"2385",-2334.355036
"2386",-976.437001
"2387",-3981.07465
"2388",-828.691901
"2389",-1676.187894
"2390",-4903.698523
"2391",-2286.731708
"2392",-1953.491833
"2393",-1216.578124
"2394",-4857.664038
"2395",-3427.165976
"2396",-2199.469404
"2397",-3312.874922
"2398",-3384.35787
"2399",-4003.273574
"2400",-6048.938202
"2401",-3751.914565
"2402",-5844.768272
"2403",-1239.629892
"2404",-1134.811122
"2405",-8788.757957
"2406",-5737.193583
"2407",-1257.441817
"2408",-4102.273725
"2409",-2478.287046
"2410",-3156.832667
"2411",-3639.360933
"2412",-2035.941458
"2413",-32440.667181
"2414",-2049.865371
"2415",-7223.519104
"2416",-1398.735274
"2417",-4910.91116
"2418",-3351.738164
"2419",-7197.681824
"2420",-2319.322669
"2421",-3874.580932
"2422",-3286.522079
"2423",-4823.061145
"2424",-2421.716399
"2425",-6545.249372
"2426",-7005.951851
"2427",-5280.80606
"2428",-4617.465401
"2429",-4673.063695
"2430",-4000.33881
"2431",-9037.461803
"2432",-2578.381505
"2433",-2122.51158
"2434",-1082.354096
"2435",-13334.479755
"2436",-2699.481674
"2437",-5151.419669
"2438",-5715.707405
"2439",-5936.640257
"2440",-7369.513228
"2441",-4661.763467
"2442",-3085.211973
"2443",-4506.300268
"2444",-2932.305194
"2445",-3018.692398
"2446",-3056.29889
"2447",-3200.109068
"2448",-2840.239498
"2449",-4674.8208
"2450",-10446.527153
"2451",-4168.490074
"2452",-1025.195803
"2453",-2940.105068
"2454",-2875.790817
"2455",-5043.410918
"2456",-1335.38887
"2457",-1984.569921
"2458",-956.804551
"2459",-11911.433245
"2460",-1200.313187
"2461",-3665.878363
"2462",-5751.917025
"2463",-3601.4921
"2464",-4258.055394
"2465",-2495.478973
"2466",-2741.536918
"2467",-1331.0772
"2468",-2314.031256
"2469",-3783.06069
"2470",-1386.789148
"2471",-3095.085049
"2472",-2323.664493
"2473",-2397.902916
"2474",-5135.534554
"2475",-817.558482
"2476",-4141.916349
"2477",-1962.628254
"2478",-3063.61455
"2479",-2836.485179
"2480",-1508.058293
"2481",-1981.605251
"2482",-2109.529625
"2483",-4217.707978
"2484",-1361.021337
"2485",-1614.207209
"2486",-1855.243096
"2487",-2626.777956
"2488",-1528.822405
"2489",-1007.575347
"2490",-1517.26698
"2491",-3128.36721
"2492",-7203.206379
"2493",-4088.311019
"2494",-2308.428176
"2495",-2625.730672
"2496",-2973.938168
"2497",-3303.472204
"2498",-2139.433548
"2499",-3108.743084
"2500",-2383.710057
"2501",-2072.464392
"2502",-3281.255027
"2503",-3033.538793
"2504",-2387.850161
"2505",-4158.074351
"2506",-3668.620818
"2507",-3657.532344
"2508",-2892.326118
"2509",-3758.47923
"2510",-3440.777553
"2511",-4772.732974
"2512",-4937.072533
"2513",-3590.51325
"2514",-2604.323789
"2515",-1070.77016
"2516",-1364.079317
"2517",-3548.139428
"2518",-2307.152713
"2519",-2979.836682
"2520",-1516.322822
"2521",-1053.776146
"2522",-2819.650547
"2523",-4240.959951
"2524",-3128.089031
"2525",-3203.315401
"2526",-2844.137951
"2527",-2923.611081
"2528",-3843.683581
"2529",-2429.318061
"2530",-1460.93764
"2531",-1465.181221
"2532",-4411.619743
"2533",-3566.051941
"2534",-4031.397622
"2535",-3493.388704
"2536",-3957.70072
"2537",-3315.300964
"2538",-3771.82806
"2539",-4282.453382
"2540",-1899.500507
"2541",-2409.014663
"2542",-2634.185503
"2543",-2893.986506
"2544",-3733.864521
"2545",-1646.293964
"2546",-985.984854
"2547",-884.528043
"2548",-2184.672117
"2549",-2987.855762
"2550",-3138.104514
"2551",-2866.892976
"2552",-2583.795714
"2553",-3619.310191
"2554",-3886.011213
"2555",-4764.444291
"2556",-5520.185781
"2557",-3198.29004
"2558",-3980.546331
"2559",-4903.98572
"2560",-5867.473892
"2561",-5612.382962
"2562",-9750.326124
"2563",-7172.313067
"2564",-4579.98772
"2565",-5526.503522
"2566",-1636.660851
"2567",-4926.28166
"2568",-5100.694494
"2569",-6306.609314
"2570",-1882.348095
"2571",-4057.243049
"2572",-2822.65318
"2573",-2638.582996
"2574",-3094.593014
"2575",-3874.281836
"2576",-1956.386511
"2577",-8814.054786
"2578",-17009.608433
"2579",-5555.449009
"2580",-5263.261694
"2581",-1228.289731
"2582",-1974.013867
"2583",-3079.319305
"2584",-2932.197874
"2585",-2250.888577
"2586",-4535.868896
"2587",-4289.60224
"2588",-1818.477905
"2589",-869.101923
"2590",-6376.485998
"2591",-669.963666
"2592",-2055.960917
"2593",-1757.511672
"2594",-2010.808726
"2595",-882.93919
"2596",-2711.914919
"2597",-2384.184947
"2598",-7467.297678
"2599",-963.981645
"2600",-959.326772
"2601",-7217.920015
"2602",-4366.551629
"2603",-4088.62127
"2604",-7067.806834
"2605",-2932.565319
"2606",-3653.644019
"2607",-1438.025459
"2608",-2937.95498
"2609",-681.425246
"2610",-5144.607485
"2611",-1406.297987
"2612",-2825.755783
"2613",-1406.114937
"2614",-3183.659521
"2615",-3486.279978
"2616",-2136.552756
"2617",-2519.602644
"2618",-2981.721401
"2619",-4563.267777
"2620",-2764.267263
"2621",-2242.829348
"2622",-2122.435298
"2623",-1036.375546
"2624",-800.67057
"2625",-631.806656
"2626",-683.442152
"2627",-2337.586881
"2628",-819.705686
"2629",-1510.925973
"2630",-424.361541
"2631",-1717.232534
"2632",-1862.391288
"2633",-1138.278556
"2634",-2528.827536
"2635",-2266.667973
"2636",-2195.540981
"2637",-804.008303
"2638",-2821.983934
"2639",-273.878914
"2640",-803.938697
"2641",-1280.690008
"2642",-2916.364548
"2643",-909.986663
"2644",-2255.119183
"2645",-416.224536
"2646",-1031.367955
"2647",-2278.075928
"2648",-5688.967987
"2649",-707.219055
"2650",-640.145452
"2651",-2740.406534
"2652",-1311.701566
"2653",-2982.650827
"2654",-2702.945355
"2655",-3427.547704
"2656",-1779.098515
"2657",-2336.6904
"2658",-1909.295846
"2659",-2727.213015
"2660",-1400.885949
"2661",-4267.172151
"2662",-1904.718622
"2663",-5094.545797
"2664",-2321.487787
"2665",-2401.992167
"2666",-2249.904494
"2667",-1102.654322
"2668",-2972.058144
"2669",-2812.913323
"2670",-2746.284566
"2671",-539.035408
"2672",-1340.424546
"2673",-2805.840666
"2674",-1186.441748
"2675",-2694.38917
"2676",-7355.081461
"2677",-10554.923119
"2678",-2185.028703
"2679",-1330.113934
"2680",-1713.259702
"2681",-2357.837355
"2682",-1203.629663
"2683",-2928.769771
"2684",-2890.348769
"2685",-4576.88926
"2686",-2887.822896
"2687",-2419.896546
"2688",-5840.735981
"2689",-2203.837873
"2690",-2387.427356
"2691",-1872.733259
"2692",-4434.173117
"2693",-921.172323
"2694",-3236.005179
"2695",-5683.598427
"2696",-1512.286088
"2697",-3699.392156
"2698",-4077.482688
"2699",-723.704647
"2700",-1084.846208
"2701",-2465.470082
"2702",-1804.884968
"2703",-1118.26363
"2704",-3253.457811
"2705",-1895.986316
"2706",-2528.165323
"2707",-3629.81806
"2708",-1172.89501
"2709",-546.314064
"2710",-5366.591357
"2711",-2139.624724
"2712",-4252.252323
"2713",-2990.63716
"2714",-6926.479612
"2715",-3452.490062
"2716",-1927.30717
"2717",-2018.578186
"2718",-1446.732602
"2719",-1878.886613
"2720",-2666.224606
"2721",-10596.391099
"2722",-1956.594695
"2723",-1734.234889
"2724",-4235.36835
"2725",-975.535338
"2726",-2686.261878
"2727",-1741.872129
"2728",-1926.535164
"2729",-2418.387491
"2730",-2950.910044
"2731",-3231.890166
"2732",-1956.961855
"2733",-2033.896709
"2734",-1861.539077
"2735",-2484.762
"2736",-2150.87562
"2737",-2446.263627
"2738",-3328.742014
"2739",-893.355592
"2740",-4543.551925
"2741",-3261.084102
"2742",-893.991632
"2743",-5294.518364
"2744",-302.573423
"2745",-1579.881506
"2746",-2147.61222
"2747",-1069.121395
"2748",-876.718457
"2749",-12087.020021
"2750",-1961.466164
"2751",-9469.1022
"2752",-3810.198797
"2753",-1153.978609
"2754",-1551.018501
"2755",-2519.403111
"2756",-562.810203
"2757",-736.68946
"2758",-1534.741086
"2759",-1851.397904
"2760",-3500.315495
"2761",-944.761781
"2762",-1364.802294
"2763",-697.285301
"2764",-1461.105977
"2765",-1224.424062
"2766",-2834.201027
"2767",-10911.306302
"2768",-4854.423608
"2769",-6410.2364
"2770",-3206.44707
"2771",-5681.255891
"2772",-2056.785196
"2773",-7403.630343
"2774",-855.897908
"2775",-4571.410046
"2776",-4918.537721
"2777",-952.998553
"2778",-2368.240271
"2779",-1940.639751
"2780",-2288.479037
"2781",-2314.227884
"2782",-1288.474012
"2783",-1759.22363
"2784",-1735.848628
"2785",-6404.190462
"2786",-2371.822729
"2787",-17061.325112
"2788",-2982.347738
"2789",-1170.018007
"2790",-2311.255386
"2791",-2128.957288
"2792",-2105.448484
"2793",-1959.079473
"2794",-3589.146866
"2795",-13858.127873
"2796",-6453.656342
"2797",-2795.346143
"2798",-1868.606761
"2799",-5022.518139
"2800",-4042.512561
"2801",-4271.775725
"2802",-2421.439377
"2803",-1433.350214
"2804",-2969.860756
"2805",-976.155359
"2806",-3034.703007
"2807",-1524.894548
"2808",-4964.829152
"2809",-3723.952469
"2810",-1427.051207
"2811",-2331.597024
"2812",-825.564988
"2813",-754.761833
"2814",-2557.128315
"2815",-2125.990183
"2816",-820.145748
"2817",-1849.392214
"2818",-4801.063188
"2819",-2334.803687
"2820",-613.904646
"2821",-2289.514293
"2822",-3992.429219
"2823",-3148.387896
"2824",-1223.712311
"2825",-473.356629
"2826",-4334.443905
"2827",-2870.294605
"2828",-1953.742401
"2829",-2401.689202
"2830",-1379.403195
"2831",-407.883982
"2832",-3657.298984
"2833",-502.132938
"2834",-2444.201963
"2835",-2686.186479
"2836",-2254.722635
"2837",-1599.507815
"2838",-1554.95458
"2839",-1219.027598
"2840",-6257.502401
"2841",-2115.187862
"2842",-2382.930878
"2843",-1445.937424
"2844",-3413.9819
"2845",-1249.456919
"2846",-1187.803486
"2847",-1179.104246
"2848",-5524.642374
"2849",-3791.677221
"2850",-2095.157084
"2851",-1282.479791
"2852",-2406.969178
"2853",-1593.6338
"2854",-1186.413689
"2855",-3461.823023
"2856",-2344.427076
"2857",-1027.76379
"2858",-2171.317086
"2859",-1573.250251
"2860",-3273.265019
"2861",-2621.981012
"2862",-1219.674573
"2863",-2639.500078
"2864",-4532.620512
"2865",-1320.757897
"2866",-3779.243276
"2867",-2171.055818
"2868",-2141.100403
"2869",-5449.175744
"2870",-3326.568739
"2871",-1706.236441
"2872",-3752.118315
"2873",-2581.093001
"2874",-2472.560258
"2875",-3107.991424
"2876",-759.630646
"2877",-3911.73852
"2878",-1849.849862
"2879",-4898.232602
"2880",-3095.05179
"2881",-2266.674774
"2882",-886.617668
"2883",-1435.088746
"2884",-1746.469596
"2885",-998.913249
"2886",-795.596621
"2887",-1311.50056
"2888",-1294.421917
"2889",-623.56344
"2890",-2565.989436
"2891",-2064.618593
"2892",-442.01713
"2893",-572.198706
"2894",-1300.197781
"2895",-2580.637243
"2896",-349.287253
"2897",-5524.388022
"2898",-2191.256581
"2899",-1088.778617
"2900",-563.798448
"2901",-6518.113415
"2902",-1951.050404
"2903",-2375.704307
"2904",-2746.625258
"2905",-3433.549804
"2906",-5465.99688
"2907",-487.565647
"2908",-1362.85025
"2909",-871.934213
"2910",-2280.869649
"2911",-1109.687812
"2912",-2065.812609
"2913",-4293.509177
"2914",-1316.106648
"2915",-3379.291395
"2916",-13391.835724
"2917",-3531.571646
"2918",-4271.058376
"2919",-3001.138081
"2920",-1669.540175
"2921",-2413.350536
"2922",-737.436077
"2923",-7043.257983
"2924",-3062.96803
"2925",-2189.346724
"2926",-2413.369574
"2927",-4539.520517
"2928",-1608.839895
"2929",-1167.358823
"2930",-1600.012653
"2931",-900.776823
"2932",-6336.19459
"2933",-4067.99342
"2934",-1596.477654
"2935",-1533.61083
"2936",-2354.811767
"2937",-2740.801979
"2938",-5257.597855
"2939",-10639.565425
"2940",-1678.78596
"2941",-1561.70726
"2942",-1038.730725
"2943",-9289.578634
"2944",-2055.278576
"2945",-1542.018292
"2946",-11932.964695
"2947",-1776.702373
"2948",-1612.431621
"2949",-2482.741923
"2950",-4714.824535
"2951",-3875.418248
"2952",-801.47979
"2953",-757.226806
"2954",-1585.80836
"2955",-580.560405
"2956",-8463.792442
"2957",-686.856914
"2958",-1257.613278
"2959",-4974.372571
"2960",-3467.548453
"2961",-3218.959192
"2962",-1802.03267
"2963",-1780.458787
"2964",-4999.748583
"2965",-2571.846808
"2966",-4202.702683
"2967",-1704.561172
"2968",-1853.551168
"2969",-5019.861831
"2970",-1957.374876
"2971",-3232.221216
"2972",-4081.606718
"2973",-893.574695
"2974",-2926.780508
"2975",-378.229283
"2976",-1668.067929
"2977",-1961.855807
"2978",-4270.40803
"2979",-2480.245887
"2980",-2012.052642
"2981",-645.484889
"2982",-3248.107332
"2983",-3133.578964
"2984",-7136.259116
"2985",-463.68737
"2986",-2501.327943
"2987",-543.247395
"2988",-6312.888057
"2989",-1802.215622
"2990",-979.893781
"2991",-1631.933442
"2992",-1239.90071
"2993",-6035.593209
"2994",-4162.423939
"2995",-3782.313449
"2996",-2738.394289
"2997",-1900.297739
"2998",-4332.873373
"2999",-1980.570591
"3000",-2463.034144
"3001",-1028.692343
"3002",-2049.366426
"3003",-1162.29599
"3004",-450.197879
"3005",-660.824056
"3006",-2771.459224
"3007",-6138.704671
"3008",-4126.074009
"3009",-1871.78901
"3010",-466.838418
"3011",-2631.114709
"3012",-1040.667991
"3013",-2461.350663
"3014",-5008.063935
"3015",-1812.144689
"3016",-2850.301112
"3017",-4215.924159
"3018",-2972.783689
"3019",-2173.85062
"3020",-2513.301243
"3021",-757.500051
"3022",-2260.007269
"3023",-1571.967039
"3024",-2131.884188
"3025",-2093.170255
"3026",-2080.041036
"3027",-745.12645
"3028",-2602.556828
"3029",-2201.732631
"3030",-3113.749695
"3031",-6825.854807
"3032",-3837.204898
"3033",-1819.340154
"3034",-1661.852242
"3035",-3758.24481
"3036",-1489.268381
"3037",-4677.239011
"3038",-1081.371707
"3039",-1341.143271
"3040",-680.165267
"3041",-3768.941828
"3042",-4211.882061
"3043",-3543.873282
"3044",-1984.251681
"3045",-974.319063
"3046",-2172.044746
"3047",-1783.241564
"3048",-2782.716956
"3049",-530.652603
"3050",-12781.003491
"3051",-2230.670468
"3052",-12616.277546
"3053",-3009.838776
"3054",-2999.095058
"3055",-2006.134527
"3056",-1576.66991
"3057",-2898.329147
"3058",-2940.706938
"3059",-1706.548985
"3060",-474.314368
"3061",-5676.585918
"3062",-898.377451
"3063",-3220.632996
"3064",-1838.79023
"3065",-3895.148389
"3066",-1082.059173
"3067",-541.183063
"3068",-3380.665893
"3069",-6449.573902
"3070",-3505.519739
"3071",-3486.357938
"3072",-3517.281375
"3073",-2804.237294
"3074",-5883.206644
"3075",-4522.838659
"3076",-1617.874384
"3077",-5843.434178
"3078",-621.01487
"3079",-1866.842838
"3080",-2097.353825
"3081",-3320.19345
"3082",-7747.780661
"3083",-1314.806836
"3084",-4806.350028
"3085",-724.462085
"3086",-6437.951167
"3087",-1950.543865
"3088",-3130.962244
"3089",-3559.280388
"3090",-4201.721405
"3091",-1095.31865
"3092",-1417.648201
"3093",-988.795813
"3094",-1821.239914
"3095",-2747.517676
"3096",-10674.757055
"3097",-894.972044
"3098",-4362.680105
"3099",-976.289643
"3100",-2645.126767
"3101",-2485.266428
"3102",-4516.853655
"3103",-774.427734
"3104",-2079.737953
"3105",-8002.710563
"3106",-2010.294785
"3107",-2450.199003
"3108",-683.216897
"3109",-3774.628217
"3110",-1198.256264
"3111",-396.428028
"3112",-444.501061
"3113",-1385.080942
"3114",-568.679228
"3115",-1783.604802
"3116",-2438.069734
"3117",-2578.521309
"3118",-3736.487699
"3119",-7025.537405
"3120",-2183.228234
"3121",-2294.901754
"3122",-523.625626
"3123",-10354.552389
"3124",-2438.677614
"3125",-5171.807722
"3126",-2615.384252
"3127",-4517.212966
"3128",-897.320614
"3129",-3614.119768
"3130",-1654.183493
"3131",-5726.151477
"3132",-2567.745652
"3133",-4298.688077
"3134",-2396.401273
"3135",-1391.527306
"3136",-1953.001319
"3137",-2790.982377
"3138",-6686.537099
"3139",-1597.25076
"3140",-1528.422058
"3141",-1746.831966
"3142",-889.332023
"3143",-4001.883376
"3144",-1778.870876
"3145",-7608.739318
"3146",-8767.884597
"3147",-7820.693998
"3148",-3877.986314
"3149",-1696.586162
"3150",-1928.452517
"3151",-1662.782006
"3152",-4905.190879
"3153",-4736.764743
"3154",-6302.984801
"3155",-4464.813546
"3156",-1087.246619
"3157",-3109.362255
"3158",-4380.892549
"3159",-1398.956383
"3160",-3601.066578
"3161",-629.864432
"3162",-6180.125349
"3163",-5504.738831
"3164",-3716.408266
"3165",-3567.893189
"3166",-2963.364619
"3167",-2169.975369
"3168",-1358.159396
"3169",-3291.62784
"3170",-1286.304359
"3171",-3870.491754
"3172",-1840.42557
"3173",-2051.144188
"3174",-2782.954121
"3175",-1200.273104
"3176",-1840.859476
"3177",-4215.848399
"3178",-1885.047906
"3179",-1398.16889
"3180",-732.088675
"3181",-5437.74996
"3182",-5260.64198
"3183",-1108.670307
"3184",-1975.316967
"3185",-3355.598451
"3186",-1408.731682
"3187",-1124.293516
"3188",-1803.346929
"3189",-1385.118975
"3190",-784.057962
"3191",-588.817829
"3192",-1619.136867
"3193",-1208.302708
"3194",-4133.876155
"3195",-4635.15718
"3196",-6646.700632
"3197",-3281.202158
"3198",-4620.648122
"3199",-837.889974
"3200",-1755.064277
"3201",-2053.601109
"3202",-2723.60629
"3203",-3892.673207
"3204",-841.765799
"3205",-5404.239173
"3206",-6841.869006
"3207",-1443.979636
"3208",-1852.275193
"3209",-3939.569325
"3210",-7055.985669
"3211",-2669.621238
"3212",-1789.464698
"3213",-6612.890133
"3214",-2914.179887
"3215",-3087.480068
"3216",-4018.534969
"3217",-2011.073258
"3218",-3229.879928
"3219",-2954.131366
"3220",-3605.381966
"3221",-4848.859946
"3222",-6274.958107
"3223",-2993.268216
"3224",-1220.162158
"3225",-4927.02233
"3226",-1936.393451
"3227",-5689.703386
"3228",-5559.089471
"3229",-6058.679335
"3230",-2938.496907
"3231",-722.20786
"3232",-2616.543836
"3233",-4857.271987
"3234",-6047.193855
"3235",-2806.186532
"3236",-3236.633332
"3237",-1539.73211
"3238",-2269.553894
"3239",-2890.542649
"3240",-2014.163438
"3241",-2280.648657
"3242",-1704.854072
"3243",-2740.365604
"3244",-2708.329309
"3245",-2134.732582
"3246",-2864.606697
"3247",-2578.235707
"3248",-2096.088724
"3249",-4989.370171
"3250",-1921.39014
"3251",-4300.247113
"3252",-2817.420508
"3253",-4646.944695
"3254",-3498.582657
"3255",-4787.024891
"3256",-2427.052921
"3257",-2287.763078
"3258",-1022.776329
"3259",-2193.386725
"3260",-2479.005784
"3261",-2437.322521
"3262",-2896.516878
"3263",-4497.199234
"3264",-1512.231055
"3265",-1162.11586
"3266",-936.093792
"3267",-8141.388029
"3268",-5630.280204
"3269",-2160.065648
"3270",-3351.339506
"3271",-2654.805928
"3272",-1967.288989
"3273",-2682.717983
"3274",-7430.261109
"3275",-1553.872561
"3276",-1371.347552
"3277",-1486.16472
"3278",-742.783051
"3279",-2040.705039
"3280",-5926.390103
"3281",-2033.180477
"3282",-1310.978739
"3283",-3591.821138
"3284",-4058.103849
"3285",-2652.620053
"3286",-1626.397874
"3287",-2018.041953
"3288",-2921.38729
"3289",-5241.629649
"3290",-3340.367745
"3291",-3091.452767
"3292",-2216.050071
"3293",-6577.312275
"3294",-4218.23265
"3295",-2019.488241
"3296",-3063.145681
"3297",-3658.764791
"3298",-2721.93148
"3299",-2357.734994
"3300",-3476.230771
"3301",-3572.531026
"3302",-2155.276705
"3303",-9780.214806
"3304",-4838.610306
"3305",-2530.11538
"3306",-2928.762579
"3307",-2449.591301
"3308",-847.868367
"3309",-1753.515376
"3310",-1892.492106
"3311",-1144.308872
"3312",-6553.492072
"3313",-3750.603046
"3314",-2601.080063
"3315",-2484.298001
"3316",-962.149517
"3317",-903.441723
"3318",-3753.315221
"3319",-1770.240104
"3320",-2674.609314
"3321",-16623.617117
"3322",-17348.457841
"3323",-3699.386904
"3324",-6868.620373
"3325",-3995.899366
"3326",-2535.991755
"3327",-2555.766227
"3328",-1948.269449
"3329",-2525.279728
"3330",-3477.103237
"3331",-3322.397332
"3332",-2712.892983
"3333",-2406.099807
"3334",-2541.334181
"3335",-3076.227205
"3336",-2857.271176
"3337",-1912.949368
"3338",-1015.22751
"3339",-2906.621603
"3340",-1145.000849
"3341",-5345.129274
"3342",-2787.582695
"3343",-1625.152745
"3344",-1826.559995
"3345",-2565.918772
"3346",-4200.556641
"3347",-1417.144022
"3348",-1743.025143
"3349",-955.860577
"3350",-8273.804675
"3351",-2592.378227
"3352",-4718.366804
"3353",-1536.073737
"3354",-2676.899271
"3355",-3791.731786
"3356",-2933.312573
"3357",-2573.336589
"3358",-2241.366311
"3359",-2274.728111
"3360",-5987.097797
"3361",-3307.377613
"3362",-1524.361254
"3363",-3035.92796
"3364",-3916.576477
"3365",-1098.289665
"3366",-3740.868342
"3367",-5004.924812
"3368",-1033.392252
"3369",-1643.632355
"3370",-2281.151558
"3371",-3006.606785
"3372",-3275.506104
"3373",-1001.532569
"3374",-1348.885325
"3375",-815.083522
"3376",-1147.313892
"3377",-918.389636
"3378",-3925.554883
"3379",-1181.956472
"3380",-6307.519566
"3381",-2171.294594
"3382",-1664.342118
"3383",-6984.485896
"3384",-8601.735944
"3385",-859.764942
"3386",-763.251739
"3387",-3475.61983
"3388",-3239.90674
"3389",-2297.80795
"3390",-1255.768385
"3391",-1663.270607
"3392",-2558.614072
"3393",-3291.891244
"3394",-1272.026952
"3395",-2605.107258
"3396",-3038.477582
"3397",-2521.720991
"3398",-1438.873072
"3399",-4365.193733
"3400",-2864.44739
"3401",-4277.886593
"3402",-2151.738357
"3403",-3978.485031
"3404",-746.792434
"3405",-2325.665152
"3406",-1747.132427
"3407",-6403.786263
"3408",-3925.195697
"3409",-4109.008629
"3410",-1738.467939
"3411",-1439.667071
"3412",-1982.418978
"3413",-2925.573086
"3414",-1787.1866
"3415",-2057.259611
"3416",-1185.810823
"3417",-1770.372246
"3418",-5330.782764
"3419",-5079.055296
"3420",-1736.665974
"3421",-996.10105
"3422",-2493.288122
"3423",-892.955751
"3424",-1869.77932
"3425",-1090.861935
"3426",-4376.980186
"3427",-2658.068365
"3428",-806.51094
"3429",-2038.996575
"3430",-2717.517323
"3431",-2083.118754
"3432",-2320.907333
"3433",-2464.630318
"3434",-7158.162357
"3435",-11515.998304
"3436",-5091.453286
"3437",-1321.462699
"3438",-1182.152321
"3439",-1383.813933
"3440",-592.911157
"3441",-697.977617
"3442",-566.115017
"3443",-3226.257293
"3444",-3002.731342
"3445",-3321.439662
"3446",-7460.329655
"3447",-897.485387
"3448",-2514.328203
"3449",-2350.577488
"3450",-1052.846134
"3451",-1943.145301
"3452",-2872.638591
"3453",-2504.272863
"3454",-1494.449712
"3455",-5759.045364
"3456",-3642.379365
"3457",-2144.898392
"3458",-2708.884012
"3459",-3469.094095
"3460",-3164.449294
"3461",-2402.776163
"3462",-3590.60579
"3463",-2972.624252
"3464",-1302.812081
"3465",-2836.929251
"3466",-2599.789042
"3467",-4183.461517
"3468",-1035.468882
"3469",-5786.272446
"3470",-8227.866254
"3471",-1677.102054
"3472",-2295.341473
"3473",-2024.094028
"3474",-1192.096946
"3475",-2312.682125
"3476",-1595.858179
"3477",-2956.628897
"3478",-1272.015478
"3479",-3623.825985
"3480",-6140.56138
"3481",-2118.904214
"3482",-1674.634762
"3483",-3416.442331
"3484",-2710.846878
"3485",-4631.685329
"3486",-9545.743174
"3487",-1738.43917
"3488",-2934.674718
"3489",-16445.411931
"3490",-2629.97921
"3491",-3708.727557
"3492",-2830.787576
"3493",-4481.112288
"3494",-805.840532
"3495",-1437.42787
"3496",-1150.20392
"3497",-1110.394265
"3498",-3662.887519
"3499",-2009.724331
"3500",-2650.723581
"3501",-2904.568034
"3502",-3010.377032
"3503",-2837.83463
"3504",-3477.946049
"3505",-1521.161148
"3506",-2500.459672
"3507",-1253.416486
"3508",-3397.491126
"3509",-2367.576248
"3510",-2251.767104
"3511",-2065.708863
"3512",-2079.441178
"3513",-2085.016852
"3514",-2238.831252
"3515",-3264.410244
"3516",-2532.315902
"3517",-2891.860657
"3518",-1430.286321
"3519",-2297.290287
"3520",-595.364272
"3521",-706.604034
"3522",-687.749676
"3523",-4742.1624
"3524",-5819.521554
"3525",-1646.884757
"3526",-3432.057436
"3527",-2336.806433
"3528",-2123.591383
"3529",-4351.265968
"3530",-2402.28016
"3531",-1045.877558
"3532",-2210.348605
"3533",-1353.320686
"3534",-1033.562128
"3535",-2893.375074
"3536",-3120.314
"3537",-3197.601394
"3538",-1032.022702
"3539",-664.40928
"3540",-2273.397701
"3541",-7639.59554
"3542",-4388.777786
"3543",-2036.598179
"3544",-1113.613895
"3545",-3144.539723
"3546",-2770.738848
"3547",-6462.166127
"3548",-2220.914386
"3549",-2316.650888
"3550",-1203.982801
"3551",-9425.06471
"3552",-6148.806795
"3553",-5558.37019
"3554",-5466.56981
"3555",-7420.791991
"3556",-2515.100033
"3557",-1962.06761
"3558",-2112.745873
"3559",-4714.264851
"3560",-4756.143115
"3561",-3201.898547
"3562",-2595.590836
"3563",-2850.760904
"3564",-2612.582175
"3565",-2507.294487
"3566",-2271.497128
"3567",-2614.88485
"3568",-3267.019432
"3569",-4843.179601
"3570",-1917.347412
"3571",-3100.734707
"3572",-4240.166039
"3573",-2744.082295
"3574",-3456.609352
"3575",-3247.583435
"3576",-3618.061352
"3577",-3397.531981
"3578",-3236.855633
"3579",-907.089373
"3580",-13856.542393
"3581",-9069.705078
"3582",-3325.05881
"3583",-919.119412
"3584",-1564.420874
"3585",-5005.137033
"3586",-838.928441
"3587",-3168.169231
"3588",-12102.924645
"3589",-2408.440679
"3590",-3259.353334
"3591",-5933.257012
"3592",-2589.496953
"3593",-935.127337
"3594",-3417.461569
"3595",-892.77887
"3596",-2259.165619
"3597",-1921.041697
"3598",-4275.133429
"3599",-837.120723
"3600",-967.916061
"3601",-7496.033355
"3602",-765.54485
"3603",-5195.242605
"3604",-3840.93412
"3605",-1554.224164
"3606",-3936.113202
"3607",-1977.032492
"3608",-3358.307303
"3609",-1592.095219
"3610",-5603.943906
"3611",-1885.411965
"3612",-3313.310857
"3613",-3511.343134
"3614",-4753.198256
"3615",-3242.75228
"3616",-3090.015099
"3617",-1666.432547
"3618",-3418.849531
"3619",-2617.526168
"3620",-1415.580191
"3621",-4348.269622
"3622",-2495.110493
"3623",-4502.480825
"3624",-2405.679661
"3625",-1702.871253
"3626",-1327.293375
"3627",-1267.475147
"3628",-2315.332628
"3629",-6015.629149
"3630",-5530.700218
"3631",-4882.983243
"3632",-2345.594182
"3633",-755.392516
"3634",-1674.09502
"3635",-754.047243
"3636",-1260.817444
"3637",-1627.629816
"3638",-3060.283068
"3639",-9520.129793
"3640",-2883.231684
"3641",-7377.586007
"3642",-2019.073329
"3643",-1856.257126
"3644",-2993.071999
"3645",-9426.374778
"3646",-1477.661174
"3647",-2843.011605
"3648",-3007.891598
"3649",-2459.493338
"3650",-4880.260104
"3651",-11135.968723
"3652",-2594.279664
"3653",-2339.61883
"3654",-1086.461431
"3655",-7885.203974
"3656",-5914.374474
"3657",-4890.737718
"3658",-2464.390588
"3659",-2156.948584
"3660",-2834.918228
"3661",-2078.506481
"3662",-3107.551794
"3663",-4400.842231
"3664",-2884.579909
"3665",-2504.101737
"3666",-5074.675864
"3667",-2835.355532
"3668",-2807.619335
"3669",-3353.11707
"3670",-1335.522548
"3671",-3825.322273
"3672",-4226.580895
"3673",-2239.833568
"3674",-7075.170854
"3675",-1697.4307
"3676",-4121.609901
"3677",-1721.111243
"3678",-4809.134041
"3679",-878.3425
"3680",-546.334631
"3681",-2083.624948
"3682",-1488.314449
"3683",-1718.78369
"3684",-8329.268373
"3685",-2968.044984
"3686",-2398.385664
"3687",-2764.310816
"3688",-649.619431
"3689",-648.713465
"3690",-943.548972
"3691",-2845.774913
"3692",-7667.645041
"3693",-2724.844714
"3694",-3418.131123
"3695",-1641.704623
"3696",-1962.87403
"3697",-8021.380213
"3698",-1834.984471
"3699",-3164.073503
"3700",-3160.147773
"3701",-6424.23482
"3702",-2444.592187
"3703",-346.588822
"3704",-3382.797197
"3705",-4278.933554
"3706",-946.446268
"3707",-1525.1251
"3708",-4740.692253
"3709",-2278.266828
"3710",-4980.524161
"3711",-2108.68053
"3712",-6768.080073
"3713",-1013.455555
"3714",-3371.424298
"3715",-13427.972064
"3716",-2379.714038
"3717",-3075.524025
"3718",-1977.184518
"3719",-1345.843624
"3720",-1658.469668
"3721",-3049.020964
"3722",-1782.874939
"3723",-1636.8213
"3724",-3977.335483
"3725",-1696.595278
"3726",-1668.629907
"3727",-2136.771621
"3728",-2142.095505
"3729",-3396.590378
"3730",-3342.703038
"3731",-6193.32461
"3732",-1945.35041
"3733",-1884.902515
"3734",-2265.449387
"3735",-2115.687116
"3736",-1083.611929
"3737",-4106.59706
"3738",-2240.228497
"3739",-924.145834
"3740",-2312.657803
"3741",-1639.956138
"3742",-1334.872416
"3743",-1378.565181
"3744",-1734.329773
"3745",-1269.044823
"3746",-1920.484461
"3747",-1846.894229
"3748",-1565.263682
"3749",-1822.26161
"3750",-2717.525929
"3751",-2352.243152
"3752",-3421.007752
"3753",-2055.097017
"3754",-1338.882561
"3755",-2694.263738
"3756",-6326.000178
"3757",-5421.245417
"3758",-3741.910235
"3759",-9242.276864
"3760",-10099.582519
"3761",-7802.529573
"3762",-3763.441672
"3763",-3367.767509
"3764",-1940.140543
"3765",-3470.318327
"3766",-1348.828878
"3767",-1429.544766
"3768",-1197.050049
"3769",-719.248546
"3770",-2861.103449
"3771",-2049.643073
"3772",-4002.528003
"3773",-1388.154346
"3774",-943.718177
"3775",-4298.856511
"3776",-6660.325357
"3777",-8323.83112
"3778",-2004.734911
"3779",-8096.750319
"3780",-2170.452766
"3781",-1410.454768
"3782",-2221.723721
"3783",-2842.095361
"3784",-2205.534862
"3785",-1104.422724
"3786",-1187.215783
"3787",-1149.895686
"3788",-2490.6206
"3789",-1108.382858
"3790",-1992.698571
"3791",-1154.798922
"3792",-3871.98606
"3793",-3495.79608
"3794",-700.27584
"3795",-660.681901
"3796",-914.710568
"3797",-986.174459
"3798",-609.401039
"3799",-2557.345749
"3800",-10985.173708
"3801",-2678.830602
"3802",-746.826395
"3803",-733.1757
"3804",-725.202279
"3805",-2742.941469
"3806",-1680.886872
"3807",-1674.459371
"3808",-1998.677231
"3809",-1393.530661
"3810",-1812.741419
"3811",-1390.653394
"3812",-903.174947
"3813",-3281.259593
"3814",-546.323375
"3815",-4471.8265
"3816",-1739.693943
"3817",-2070.756101
"3818",-3280.895121
"3819",-1043.695919
"3820",-2410.875988
"3821",-3891.67586
"3822",-4001.977948
"3823",-4933.595195
"3824",-3643.002267
"3825",-4779.522406
"3826",-5541.175607
"3827",-2320.190345
"3828",-4729.224483
"3829",-4247.238163
"3830",-4030.733216
"3831",-3035.686946
"3832",-4154.105547
"3833",-1558.145956
"3834",-2298.452626
"3835",-2881.999464
"3836",-3010.185972
"3837",-738.145095
"3838",-2860.569371
"3839",-3262.858587
"3840",-12328.604216
"3841",-1584.122255
"3842",-3168.072621
"3843",-4383.573956
"3844",-3339.674934
"3845",-4294.803972
"3846",-1939.218435
"3847",-732.629748
"3848",-2367.52477
"3849",-14424.255217
"3850",-1217.688646
"3851",-2721.771574
"3852",-2673.600512
"3853",-3936.79544
"3854",-3275.954031
"3855",-3478.693526
"3856",-1013.792311
"3857",-1880.089591
"3858",-1191.60653
"3859",-2909.705969
"3860",-4990.951294
"3861",-6270.0353
"3862",-1452.019943
"3863",-4157.223215
"3864",-2240.297284
"3865",-3658.742969
"3866",-630.385659
"3867",-4138.668548
"3868",-2534.652222
"3869",-2005.548238
"3870",-742.090034
"3871",-2390.184987
"3872",-2861.544143
"3873",-4115.475195
"3874",-1838.839044
"3875",-1673.430032
"3876",-1947.488757
"3877",-2554.596834
"3878",-1311.406639
"3879",-927.599076
"3880",-2471.280109
"3881",-2007.426726
"3882",-6231.919739
"3883",-7371.913094
"3884",-5507.005711
"3885",-1273.906085
"3886",-1471.052876
"3887",-1557.041477
"3888",-9718.270689
"3889",-1705.557853
"3890",-2386.001199
"3891",-5686.678218
"3892",-7410.339774
"3893",-7834.439295
"3894",-2207.883018
"3895",-1592.973017
"3896",-3160.130171
"3897",-2208.781707
"3898",-5481.617929
"3899",-1483.330773
"3900",-869.144413
"3901",-899.818496
"3902",-968.663947
"3903",-355.267317
"3904",-4360.682681
"3905",-12368.016276
"3906",-2206.395772
"3907",-5185.40927
"3908",-2576.43384
"3909",-2160.251394
"3910",-2256.858826
"3911",-2228.648973
"3912",-4963.483376
"3913",-3055.13106
"3914",-4043.230292
"3915",-841.491033
"3916",-812.828738
"3917",-846.692076
"3918",-720.556191
"3919",-945.278037
"3920",-730.7544
"3921",-1384.121635
"3922",-732.173023
"3923",-998.677227
"3924",-2051.138625
"3925",-1026.616279
"3926",-1900.953636
"3927",-3125.558445
"3928",-3551.501754
"3929",-5782.763059
"3930",-1842.911189
"3931",-6767.616713
"3932",-3578.773685
"3933",-4130.003187
"3934",-2188.887385
"3935",-2170.656338
"3936",-1069.600105
"3937",-4267.526761
"3938",-3806.029914
"3939",-2814.871507
"3940",-1423.734419
"3941",-2764.118392
"3942",-5648.306867
"3943",-3871.778703
"3944",-2258.57188
"3945",-2353.364079
"3946",-2246.046447
"3947",-2521.080402
"3948",-2488.489575
"3949",-1337.365309
"3950",-2662.871391
"3951",-4748.554846
"3952",-2630.44045
"3953",-912.301112
"3954",-4071.561502
"3955",-3835.426927
"3956",-4067.008714
"3957",-4023.351123
"3958",-3132.453074
"3959",-3119.145925
"3960",-5223.797134
"3961",-2841.942349
"3962",-3478.406083
"3963",-4763.173967
"3964",-3039.579648
"3965",-7490.794468
"3966",-1248.373491
"3967",-10135.204178
"3968",-1477.165796
"3969",-608.095287
"3970",-527.408955
"3971",-4570.901153
"3972",-4052.202608
"3973",-3068.697202
"3974",-5495.651454
"3975",-3407.901533
"3976",-882.430125
"3977",-880.795992
"3978",-867.453889
"3979",-642.96777
"3980",-824.511113
"3981",-828.588336
"3982",-865.970081
"3983",-894.883547
"3984",-605.941497
"3985",-3604.823292
"3986",-5893.102583
"3987",-2063.793212
"3988",-1245.850115
"3989",-10370.894489
"3990",-6561.430977
"3991",-1898.030406
"3992",-3137.370162
"3993",-1883.585875
"3994",-3253.762055
"3995",-2802.809015
"3996",-4591.372642
"3997",-4047.434398
"3998",-4692.331351
"3999",-4825.049876
"4000",-2420.971579
"4001",-2249.136943
"4002",-4451.991679
"4003",-2991.646247
"4004",-2074.215538
"4005",-2295.462918
"4006",-3737.427527
"4007",-6288.984863
"4008",-1810.554814
"4009",-7405.304868
"4010",-1488.121881
"4011",-1103.125432
"4012",-3210.333017
"4013",-6229.796441
"4014",-6169.110118
"4015",-7403.022925
"4016",-2851.461429
"4017",-2466.283833
"4018",-3744.802752
"4019",-5623.779887
"4020",-8763.6781
"4021",-6419.209583
"4022",-2021.749183
"4023",-3791.691642
"4024",-2629.303563
"4025",-1703.095673
"4026",-2110.967707
"4027",-3116.768651
"4028",-1068.442787
"4029",-3041.773491
"4030",-1104.057606
"4031",-1991.3594
"4032",-1873.919097
"4033",-3089.83584
"4034",-8035.047602
"4035",-2314.990268
"4036",-1851.959418
"4037",-2009.258567
"4038",-1495.017481
"4039",-2036.277607
"4040",-4095.129873
"4041",-2701.388338
"4042",-1718.53274
"4043",-7914.504069
"4044",-2299.76933
"4045",-2704.979558
"4046",-2579.956765
"4047",-716.367899
"4048",-4893.466061
"4049",-9809.804357
"4050",-8610.84472
"4051",-3316.011518
"4052",-1932.994875
"4053",-2271.363292
"4054",-1928.743019
"4055",-1037.225824
"4056",-503.45123
"4057",-782.714586
"4058",-2033.146882
"4059",-2156.900653
"4060",-3586.826372
"4061",-2666.94824
"4062",-4341.179767
"4063",-2779.240439
"4064",-2372.8852
"4065",-2672.929929
"4066",-7108.233122
"4067",-880.0088
"4068",-2435.13916
"4069",-3816.550788
"4070",-2824.130417
"4071",-10198.953338
"4072",-1484.092925
"4073",-1958.682912
"4074",-4393.062715
"4075",-6074.358717
"4076",-4165.937413
"4077",-3401.448536
"4078",-1353.286325
"4079",-2094.052632
"4080",-1771.212522
"4081",-2275.856463
"4082",-3973.564284
"4083",-1763.614815
"4084",-1974.605962
"4085",-1941.597462
"4086",-2500.035596
"4087",-1510.215359
"4088",-2194.191507
"4089",-1810.956875
"4090",-6457.254603
"4091",-557.23295
"4092",-1366.154706
"4093",-1498.580593
"4094",-5621.694689
"4095",-1256.175701
"4096",-10791.688003
"4097",-6345.919921
"4098",-1089.198384
"4099",-1233.321706
"4100",-2660.860868
"4101",-2345.588255
"4102",-1692.615452
"4103",-5551.12139
"4104",-3220.092012
"4105",-2036.996454
"4106",-2585.642277
"4107",-17235.769987
"4108",-5123.664015
"4109",-2871.992554
"4110",-6324.47808
"4111",-1376.451309
"4112",-1802.248926
"4113",-2446.276465
"4114",-5610.788089
"4115",-3004.38773
"4116",-493.008319
"4117",-1539.510821
"4118",-7921.76831
"4119",-3593.911972
"4120",-3450.034302
"4121",-2029.930671
"4122",-3316.31432
"4123",-2018.102011
"4124",-1322.09301
"4125",-1893.063486
"4126",-1769.855633
"4127",-2160.581165
"4128",-937.202767
"4129",-2223.030637
"4130",-2452.510594
"4131",-4980.697984
"4132",-2924.190566
"4133",-1830.724947
"4134",-2741.69287
"4135",-831.499036
"4136",-6768.416735
"4137",-1574.977163
"4138",-4544.093675
"4139",-7563.661647
"4140",-4408.071112
"4141",-970.925128
"4142",-537.93096
"4143",-1279.345144
"4144",-1287.469245
"4145",-2393.097619
"4146",-1824.961656
"4147",-654.61129
"4148",-3499.304557
"4149",-1984.33773
"4150",-5171.668026
"4151",-7447.513262
"4152",-5993.890407
"4153",-1341.041714
"4154",-1207.711221
"4155",-3004.403466
"4156",-779.927435
"4157",-3212.54852
"4158",-641.357558
"4159",-1362.392144
"4160",-1215.409537
"4161",-4768.466111
"4162",-1189.935708
"4163",-3701.334736
"4164",-5971.759078
"4165",-796.029761
"4166",-936.419547
"4167",-1590.269364
"4168",-793.731593
"4169",-703.965384
"4170",-1315.111136
"4171",-1663.05989
"4172",-2615.05313
"4173",-608.067723
"4174",-2357.628518
"4175",-1265.94719
"4176",-563.595446
"4177",-2702.006269
"4178",-693.757818
"4179",-434.82098
"4180",-1207.802362
"4181",-4775.845369
"4182",-2839.099464
"4183",-1510.540147
"4184",-4184.170793
"4185",-1171.658226
"4186",-2169.228607
"4187",-1095.195916
"4188",-1996.048697
"4189",-839.211902
"4190",-872.71406
"4191",-1157.130666
"4192",-1452.625207
"4193",-947.205864
"4194",-3593.023776
"4195",-3858.940259
"4196",-3728.368473
"4197",-3617.80451
"4198",-5371.214813
"4199",-733.623813
"4200",-1096.059599
"4201",-1000.499701
"4202",-5265.269505
"4203",-9781.504526
"4204",-2504.240326
"4205",-1209.507359
"4206",-12369.071037
"4207",-4037.21674
"4208",-3771.272207
"4209",-2239.344321
"4210",-3422.451416
"4211",-4009.42798
"4212",-3609.782543
"4213",-1005.905992
"4214",-5786.777766
"4215",-2554.955391
"4216",-2784.01853
"4217",-1884.509687
"4218",-3096.363368
"4219",-623.067627
"4220",-4686.776589
"4221",-1978.076279
"4222",-1195.142087
"4223",-5079.119916
"4224",-6499.016653
"4225",-3900.046681
"4226",-850.380759
"4227",-2321.006429
"4228",-3485.837254
"4229",-4383.692531
"4230",-1380.79712
"4231",-1475.089879
"4232",-1900.917655
"4233",-3462.271148
"4234",-14669.594984
"4235",-2163.869623
"4236",-1299.211029
"4237",-1304.761607
"4238",-1500.482274
"4239",-6403.602427
"4240",-1425.311111
"4241",-2866.616109
"4242",-3393.310906
"4243",-2226.998005
"4244",-2517.682287
"4245",-1262.690587
"4246",-1267.271542
"4247",-1162.776916
"4248",-1704.69026
"4249",-7649.403627
"4250",-8175.170537
"4251",-6839.620116
"4252",-2215.602722
"4253",-3420.397627
"4254",-2010.152708
"4255",-1045.668155
"4256",-2469.363668
"4257",-1397.408108
"4258",-7734.079249
"4259",-5235.057292
"4260",-924.567784
"4261",-2244.256493
"4262",-2506.268089
"4263",-2238.48259
"4264",-6411.84202
"4265",-4755.623874
"4266",-2340.821551
"4267",-2218.841694
"4268",-4738.024763
"4269",-3844.805839
"4270",-1762.984247
"4271",-2289.688923
"4272",-2522.750664
"4273",-4176.571158
"4274",-4332.361267
"4275",-3760.632953
"4276",-1477.714797
"4277",-2015.437111
"4278",-2847.74917
"4279",-6043.443552
"4280",-5924.381929
"4281",-5175.043204
"4282",-11032.060658
"4283",-7309.876841
"4284",-543.201149
"4285",-3334.365447
"4286",-3358.768979
"4287",-5885.772394
"4288",-4478.998624
"4289",-4961.833973
"4290",-4727.977335
"4291",-3543.08949
"4292",-2892.613324
"4293",-5963.696849
"4294",-1970.05408
"4295",-1354.688528
"4296",-4613.270532
"4297",-1747.537704
"4298",-2603.696928
"4299",-723.966236
"4300",-2042.817849
"4301",-1514.661176
"4302",-3041.283496
"4303",-3604.765866
"4304",-449.595223
"4305",-2088.480076
"4306",-7365.666197
"4307",-572.620229
"4308",-1792.866943
"4309",-2366.812856
"4310",-1295.904584
"4311",-1140.79619
"4312",-1842.655597
"4313",-2340.068836
"4314",-4503.53663
"4315",-6143.496829
"4316",-1950.032276
"4317",-1054.609732
"4318",-3495.081456
"4319",-1490.652176
"4320",-4221.776774
"4321",-5699.743051
"4322",-603.927709
"4323",-3095.860223
"4324",-918.786615
"4325",-1130.395793
"4326",-1415.694956
"4327",-6180.142916
"4328",-6983.52192
"4329",-1559.60596
"4330",-5079.189932
"4331",-1826.509643
"4332",-3570.653981
"4333",-4497.197549
"4334",-4129.383566
"4335",-1270.31362
"4336",-3027.979822
"4337",-3119.993144
"4338",-2422.53235
"4339",-1389.193655
"4340",-1514.034497
"4341",-4115.551595
"4342",-2048.550137
"4343",-1251.359351
"4344",-3067.501287
"4345",-3127.105928
"4346",-1045.021412
"4347",-4504.369855
"4348",-1689.08727
"4349",-1768.502382
"4350",-1148.045331
"4351",-2396.300413
"4352",-4278.719048
"4353",-1444.918001
"4354",-2486.568717
"4355",-1574.432087
"4356",-1308.098784
"4357",-2358.799523
"4358",-3264.206768
"4359",-2044.589852
"4360",-2089.763941
"4361",-1253.227339
"4362",-3996.675333
"4363",-3038.290699
"4364",-1956.985391
"4365",-1135.002102
"4366",-2425.752936
"4367",-4120.815618
"4368",-8053.127848
"4369",-4861.238641
"4370",-3678.670051
"4371",-1118.731019
"4372",-2567.195677
"4373",-4460.702371
"4374",-2769.345181
"4375",-5559.08148
"4376",-4349.214899
"4377",-4405.503831
"4378",-2093.836999
"4379",-4870.938387
"4380",-1609.130996
"4381",-5358.499781
"4382",-3625.482993
"4383",-5804.299174
"4384",-784.346281
"4385",-2508.208061
"4386",-3226.378976
"4387",-7183.181775
"4388",-4752.719596
"4389",-3420.904928
"4390",-2784.880292
"4391",-4232.061325
"4392",-4953.375013
"4393",-1673.213432
"4394",-1899.66299
"4395",-7486.591334
"4396",-2221.714783
"4397",-3862.245804
"4398",-3625.192812
"4399",-1902.960543
"4400",-2146.668028
"4401",-1375.423874
"4402",-2921.45898
"4403",-7888.26376
"4404",-2549.591934
"4405",-2397.251553
"4406",-1727.884863
"4407",-1319.29101
"4408",-532.553532
"4409",-1995.524009
"4410",-5435.810776
"4411",-1269.024197
"4412",-2331.01634
"4413",-3467.509747
"4414",-1349.257807
"4415",-1993.31281
"4416",-4335.737635
"4417",-2193.352423
"4418",-2726.486226
"4419",-2374.65079
"4420",-10145.724584
"4421",-4688.903864
"4422",-1430.543378
"4423",-8470.697605
"4424",-1845.091239
"4425",-2180.55579
"4426",-5098.560364
"4427",-2248.658599
"4428",-1524.903471
"4429",-6768.891572
"4430",-2575.889992
"4431",-1273.387454
"4432",-2859.58774
"4433",-2599.393279
"4434",-2923.627655
"4435",-1346.434087
"4436",-1570.625204
"4437",-3286.275305
"4438",-1192.793303
"4439",-2749.291235
"4440",-4600.106833
"4441",-479.749575
"4442",-1463.079305
"4443",-2230.486575
"4444",-1785.220035
"4445",-4480.921079
"4446",-1342.757277
"4447",-5131.008199
"4448",-1768.515173
"4449",-862.997148
"4450",-2955.838349
"4451",-4613.230555
"4452",-2446.740464
"4453",-2201.616047
"4454",-1383.230327
"4455",-2501.476709
"4456",-6305.897339
"4457",-2604.984234
"4458",-4379.663713
"4459",-7537.704899
"4460",-2791.007331
"4461",-5354.208276
"4462",-2797.826329
"4463",-3564.471929
"4464",-2687.295347
"4465",-4877.10857
"4466",-736.099542
"4467",-6551.534555
"4468",-5111.853561
"4469",-3686.183787
"4470",-2975.342693
"4471",-804.224349
"4472",-1348.608403
"4473",-4625.074198
"4474",-8271.611675
"4475",-4904.134628
"4476",-2586.802659
"4477",-5318.419175
"4478",-4086.496491
"4479",-2897.670371
"4480",-2630.494636
"4481",-5454.759696
"4482",-4342.514854
"4483",-5284.535607
"4484",-3743.429838
"4485",-5399.719726
"4486",-1934.510129
"4487",-4923.818416
"4488",-5664.499175
"4489",-3204.626615
"4490",-1436.140156
"4491",-4573.580737
"4492",-3194.01867
"4493",-1167.365164
"4494",-1222.332644
"4495",-2036.884917
"4496",-2470.678121
"4497",-800.480629
"4498",-2268.805135
"4499",-3311.603413
"4500",-4550.206584
"4501",-5702.324763
"4502",-4467.800499
"4503",-1816.872752
"4504",-13648.805947
"4505",-2107.134302
"4506",-2098.561121
"4507",-2310.303837
"4508",-3527.684635
"4509",-9840.236113
"4510",-2281.468819
"4511",-2289.945224
"4512",-2630.620338
"4513",-3051.268391
"4514",-1484.058019
"4515",-1635.98908
"4516",-1643.682169
"4517",-2567.69453
"4518",-7093.255554
"4519",-2050.317415
"4520",-1896.481835
"4521",-1747.652926
"4522",-796.565339
"4523",-1191.263747
"4524",-3743.963418
"4525",-3139.042871
"4526",-853.786533
"4527",-1830.388747
"4528",-1369.899026
"4529",-8543.004085
"4530",-1859.003979
"4531",-7518.796755
"4532",-1656.543905
"4533",-1660.62172
"4534",-2595.428771
"4535",-2062.564945
"4536",-1647.352792
"4537",-2706.668434
"4538",-7394.609044
"4539",-610.461856
"4540",-6514.925818
"4541",-2622.527772
"4542",-4357.118431
"4543",-2549.714923
"4544",-1948.520013
"4545",-576.975686
"4546",-2377.925528
"4547",-3025.535021
"4548",-3175.970411
"4549",-2428.560474
"4550",-2402.910821
"4551",-2865.594786
"4552",-2187.715418
"4553",-2390.43271
"4554",-2339.494542
"4555",-2019.86827
"4556",-2536.943041
"4557",-2967.583388
"4558",-2548.013536
"4559",-2274.182015
"4560",-4951.493917
"4561",-2179.992463
"4562",-3827.488279
"4563",-2633.253998
"4564",-880.09869
"4565",-1603.689306
"4566",-1736.383284
"4567",-1608.296379
"4568",-845.732348
"4569",-1975.798372
"4570",-2446.557211
"4571",-2317.102075
"4572",-3319.642077
"4573",-1136.77383
"4574",-2091.502454
"4575",-7091.613081
"4576",-7646.347798
"4577",-982.172346
"4578",-753.746756
"4579",-4894.401699
"4580",-1212.261445
"4581",-3968.397475
"4582",-2236.582783
"4583",-3300.653693
"4584",-1193.721978
"4585",-5855.233128
"4586",-3919.347467
"4587",-4551.294263
"4588",-1961.656082
"4589",-2412.88711
"4590",-1330.056683
"4591",-3527.113055
"4592",-7785.778137
"4593",-1148.578969
"4594",-2678.468073
"4595",-3450.071415
"4596",-2574.691743
"4597",-840.401907
"4598",-998.652893
"4599",-3597.949685
"4600",-3082.928543
"4601",-2191.085385
"4602",-2412.139716
"4603",-3284.256591
"4604",-1290.069836
"4605",-2346.022277
"4606",-4683.84716
"4607",-1557.954437
"4608",-2708.911426
"4609",-2497.9615
"4610",-4713.815117
"4611",-2543.944218
"4612",-1499.420532
"4613",-1880.892307
"4614",-1757.508131
"4615",-732.230542
"4616",-2002.139618
"4617",-3399.114979
"4618",-4971.149887
"4619",-1410.361991
"4620",-2265.68569
"4621",-6018.812375
"4622",-3001.901236
"4623",-2774.770995
"4624",-1041.128314
"4625",-4395.18867
"4626",-2796.62159
"4627",-1712.649264
"4628",-2260.186833
"4629",-2087.239245
"4630",-2205.836972
"4631",-1727.89293
"4632",-969.942252
"4633",-2368.154711
"4634",-3028.108201
"4635",-3072.267077
"4636",-4235.628887
"4637",-3565.275068
"4638",-5558.251054
"4639",-3571.546578
"4640",-8835.040473
"4641",-908.593345
"4642",-2061.815401
"4643",-2934.060646
"4644",-2991.435295
"4645",-5899.818725
"4646",-3478.32044
"4647",-4548.10128
"4648",-1970.153496
"4649",-2161.488977
"4650",-896.822728
"4651",-747.625225
"4652",-2374.274981
"4653",-1702.51056
"4654",-1382.644439
"4655",-2584.415151
"4656",-4320.344757
"4657",-2300.861381
"4658",-7848.336026
"4659",-1327.000887
"4660",-1010.972073
"4661",-3248.479274
"4662",-758.303491
"4663",-2807.348415
"4664",-5051.355447
"4665",-2535.302802
"4666",-2211.664614
"4667",-1460.241174
"4668",-885.891188
"4669",-604.364181
"4670",-1676.815683
"4671",-2612.264196
"4672",-4133.770405
"4673",-4089.167193
"4674",-1052.194422
"4675",-3262.042613
"4676",-2215.303809
"4677",-6714.713656
"4678",-9691.25216
"4679",-4571.606127
"4680",-3101.2006
"4681",-2270.212991
"4682",-2333.90609
"4683",-2632.597551
"4684",-9028.733397
"4685",-2487.544432
"4686",-3541.780368
"4687",-2992.462947
"4688",-2572.029991
"4689",-1819.631752
"4690",-1477.147886
"4691",-1244.929247
"4692",-1235.031998
"4693",-2050.447847
"4694",-1663.616684
"4695",-6952.22392
"4696",-8074.111272
"4697",-2407.64297
"4698",-2280.026159
"4699",-559.168865
"4700",-5025.696486
"4701",-3175.927925
"4702",-1710.090338
"4703",-864.290097
"4704",-2198.540175
"4705",-2880.225557
"4706",-5976.388171
"4707",-899.258552
"4708",-3402.451129
"4709",-2688.377623
"4710",-2488.39103
"4711",-811.184545
"4712",-4791.0843
"4713",-1279.239692
"4714",-1751.195248
"4715",-7738.885901
"4716",-5321.620465
"4717",-513.535203
"4718",-2736.556664
"4719",-1296.069158
"4720",-1326.084381
"4721",-2014.671999
"4722",-3114.923602
"4723",-1609.71222
"4724",-3193.170582
"4725",-1102.110338
"4726",-744.937398
"4727",-972.230175
"4728",-2289.712162
"4729",-9976.713954
"4730",-1970.839305
"4731",-3089.255588
"4732",-3059.333498
"4733",-5936.918958
"4734",-1450.910742
"4735",-1467.963754
"4736",-4650.336763
"4737",-1549.796115
"4738",-710.366122
"4739",-3273.772558
"4740",-1311.646349
"4741",-593.339585
"4742",-4905.202264
"4743",-3061.662496
"4744",-2650.225382
"4745",-4187.854456
"4746",-2223.348308
"4747",-3944.135003
"4748",-9548.082089
"4749",-2663.440282
"4750",-3722.858447
"4751",-2793.103815
"4752",-2397.275516
"4753",-2857.455874
"4754",-4782.549371
"4755",-6310.625725
"4756",-18393.520583
"4757",-2269.511506
"4758",-6061.010615
"4759",-2167.137981
"4760",-2473.565311
"4761",-1864.315268
"4762",-2005.319804
"4763",-4395.377952
"4764",-386.342145
"4765",-467.712736
"4766",-6108.851139
"4767",-3017.072193
"4768",-3394.9831
"4769",-761.018056
"4770",-3255.261734
"4771",-3049.75511
"4772",-647.12573
"4773",-1450.646279
"4774",-1608.139736
"4775",-3186.665457
"4776",-1974.047783
"4777",-3663.116226
"4778",-2511.870789
"4779",-2505.262827
"4780",-3528.957791
"4781",-1482.584119
"4782",-2594.157894
"4783",-949.296058
"4784",-1906.017447
"4785",-1304.6417
"4786",-6564.967179
"4787",-3119.471144
"4788",-2333.69555
"4789",-3335.139413
"4790",-3122.158814
"4791",-2503.088972
"4792",-2798.795433
"4793",-2371.751955
"4794",-5105.812452
"4795",-7382.974526
"4796",-777.283501
"4797",-1673.438716
"4798",-2929.793465
"4799",-3418.908788
"4800",-1927.940328
"4801",-3902.90252
"4802",-1269.927529
"4803",-5876.729087
"4804",-2500.663948
"4805",-1133.046452
"4806",-2450.355787
"4807",-2672.476312
"4808",-2570.128592
"4809",-7895.152288
"4810",-5644.252292
"4811",-2609.620265
"4812",-1992.269184
"4813",-4764.412537
"4814",-3871.567737
"4815",-2426.516551
"4816",-1868.677299
"4817",-2394.146454
"4818",-3300.521973
"4819",-5484.534428
"4820",-4876.59776
"4821",-1533.042653
"4822",-1922.900982
"4823",-3221.641294
"4824",-2598.947119
"4825",-2698.558454
"4826",-3712.977457
"4827",-4034.034638
"4828",-2042.850043
"4829",-457.440346
"4830",-4141.415802
"4831",-5524.99472
"4832",-2096.400426
"4833",-1877.095319
"4834",-4877.077086
"4835",-2227.169407
"4836",-7399.122285
"4837",-1223.302361
"4838",-2318.290944
"4839",-2098.920343
"4840",-1228.936252
"4841",-3328.829553
"4842",-459.979145
"4843",-1744.218756
"4844",-3787.380006
"4845",-3475.319936
"4846",-1389.74815
"4847",-3193.417176
"4848",-2099.862731
"4849",-352.734383
"4850",-6005.33949
"4851",-4712.56025
"4852",-588.525724
"4853",-2984.50438
"4854",-5878.812014
"4855",-2630.31532
"4856",-2708.445949
"4857",-3172.33169
"4858",-6584.853281
"4859",-1339.627536
"4860",-3819.96414
"4861",-3489.411632
"4862",-704.610272
"4863",-709.218157
"4864",-4222.378706
"4865",-2336.711507
"4866",-2865.68051
"4867",-2387.70298
"4868",-2997.779873
"4869",-2666.607723
"4870",-2741.931058
"4871",-1768.635347
"4872",-4889.694416
"4873",-2798.214501
"4874",-1427.704399
"4875",-4068.24968
"4876",-1440.567885
"4877",-584.267516
"4878",-727.907719
"4879",-1111.784428
"4880",-2999.272181
"4881",-3137.548503
"4882",-1447.48936
"4883",-5476.200024
"4884",-4092.12848
"4885",-5146.025511
"4886",-429.868728
"4887",-1560.294346
"4888",-1404.278755
"4889",-1389.057598
"4890",-2003.812651
"4891",-3515.335847
"4892",-1608.424089
"4893",-1040.16833
"4894",-4823.76093
"4895",-8252.351286
"4896",-4771.169491
"4897",-1015.432701
"4898",-2690.553652
"4899",-2524.113732
"4900",-2013.50716
"4901",-3575.934782
"4902",-4543.279548
"4903",-3351.399898
"4904",-2911.321251
"4905",-2989.21546
"4906",-2131.012885
"4907",-3760.460935
"4908",-5696.191235
"4909",-3646.68135
"4910",-1132.872001
"4911",-1265.759042
"4912",-5943.442628
"4913",-5921.55668
"4914",-4830.541142
"4915",-1576.627267
"4916",-6553.036745
"4917",-2076.578583
"4918",-3660.591924
"4919",-1986.939643
"4920",-1287.544726
"4921",-1246.06289
"4922",-2097.710638
"4923",-1901.946321
"4924",-1907.897041
"4925",-1796.717743
"4926",-1245.484934
"4927",-8972.022743
"4928",-1260.083606
"4929",-3756.993742
"4930",-1509.058454
"4931",-1667.046658
"4932",-3503.083764
"4933",-2649.478895
"4934",-3136.018098
"4935",-1036.480953
"4936",-1994.13599
"4937",-1968.360722
"4938",-1328.182405
"4939",-1147.692078
"4940",-1100.813859
"4941",-4848.429432
"4942",-6136.618601
"4943",-1835.870417
"4944",-1353.606642
"4945",-3587.547759
"4946",-1996.612296
"4947",-1954.954137
"4948",-3697.90271
"4949",-2674.057441
"4950",-1337.422732
"4951",-3137.366296
"4952",-4241.136048
"4953",-3645.641285
"4954",-3795.376807
"4955",-1604.829441
"4956",-1215.497642
"4957",-5531.017268
"4958",-3170.07318
"4959",-676.151045
"4960",-1976.90631
"4961",-2741.257844
"4962",-1006.272565
"4963",-8200.22912
"4964",-3033.016967
"4965",-1857.660892
"4966",-9532.83924
"4967",-2208.187518
"4968",-2351.192708
"4969",-3509.946654
"4970",-3035.138623
"4971",-1633.260558
"4972",-1454.887082
"4973",-2065.217805
"4974",-1580.0538
"4975",-3173.923423
"4976",-2987.098072
"4977",-1754.398682
"4978",-1286.414245
"4979",-3019.6698
"4980",-5718.474251
"4981",-2980.813938
"4982",-2166.652004
"4983",-3529.465947
"4984",-2030.660653
"4985",-3588.917969
"4986",-3297.96206
"4987",-5221.843397
"4988",-3047.99928
"4989",-4873.506138
"4990",-3608.656924
"4991",-1560.522624
"4992",-3971.180838
"4993",-3344.072783
"4994",-3540.117809
"4995",-2878.733046
"4996",-1333.175853
"4997",-621.441324
"4998",-2426.337768
"4999",-1330.221656
"5000",-3365.18978
"5001",-800.181645
"5002",-3282.761692
"5003",-1249.926838
"5004",-5350.473202
"5005",-3946.621043
"5006",-940.54852
"5007",-2931.961663
"5008",-1162.869448
"5009",-2529.727228
"5010",-1499.877815
"5011",-2809.468385
"5012",-1217.082522
"5013",-3356.635352
"5014",-3302.539374
"5015",-1147.849441
"5016",-2996.60034
"5017",-1504.681418
"5018",-1113.58713
"5019",-6007.040227
"5020",-460.162657
"5021",-3922.784518
"5022",-1073.480685
"5023",-990.412012
"5024",-5176.765638
"5025",-1277.432536
"5026",-1103.913083
"5027",-1465.588525
"5028",-5344.848361
"5029",-7678.305725
"5030",-2980.549765
"5031",-2108.024438
"5032",-2324.750074
"5033",-2715.606531
"5034",-947.745027
"5035",-2131.114373
"5036",-3801.379513
"5037",-2671.764842
"5038",-7716.072695
"5039",-2356.555379
"5040",-3048.061092
"5041",-1481.474844
"5042",-2150.287961
"5043",-1052.421187
"5044",-3245.558903
"5045",-3835.133585
"5046",-849.710123
"5047",-1410.857634
"5048",-4451.552947
"5049",-1606.208697
"5050",-1860.14548
"5051",-1558.952007
"5052",-3475.130871
"5053",-1951.047168
"5054",-3126.163599
"5055",-5625.915758
"5056",-1220.842422
"5057",-2683.746087
"5058",-2923.024344
"5059",-1794.230402
"5060",-1218.871739
"5061",-3354.993772
"5062",-3878.431937
"5063",-5157.78463
"5064",-2470.918952
"5065",-655.016465
"5066",-398.49398
"5067",-2337.400532
"5068",-3917.317471
"5069",-11686.719524
"5070",-2644.294236
"5071",-2302.921074
"5072",-2769.198706
"5073",-2718.899642
"5074",-2540.765262
"5075",-4884.145685
"5076",-1179.457051
"5077",-4161.809346
"5078",-995.806552
"5079",-2448.911684
"5080",-973.173936
"5081",-1473.975632
"5082",-1013.677972
"5083",-1315.816303
"5084",-2641.204228
"5085",-6272.391839
"5086",-2251.711253
"5087",-2676.228723
"5088",-19339.966298
"5089",-837.129149
"5090",-4474.983556
"5091",-1457.59133
"5092",-2748.719474
"5093",-2528.896896
"5094",-4022.15928
"5095",-1845.104028
"5096",-1485.015707
"5097",-1893.858833
"5098",-2820.937307
"5099",-10056.778004
"5100",-9658.409492
"5101",-1257.312597
"5102",-2421.477646
"5103",-4673.553976
"5104",-633.947165
"5105",-2832.807155
"5106",-3973.377707
"5107",-3372.228493
"5108",-5001.405249
"5109",-1775.887991
"5110",-1180.384155
"5111",-2373.932539
"5112",-3016.015357
"5113",-1652.0027
"5114",-1435.739132
"5115",-6136.197131
"5116",-1331.340243
"5117",-2837.464809
"5118",-3066.184528
"5119",-1855.566401
"5120",-1849.527013
"5121",-2719.368028
"5122",-982.458881
"5123",-2599.000902
"5124",-5902.63702
"5125",-5768.685217
"5126",-3975.550165
"5127",-2158.582615
"5128",-1564.073222
"5129",-4989.001869
"5130",-1777.464054
"5131",-1194.393743
"5132",-967.549443
"5133",-1544.41201
"5134",-2539.55662
"5135",-1289.823158
"5136",-2653.220354
"5137",-1546.489763
"5138",-3970.907236
"5139",-959.090087
"5140",-2026.069096
"5141",-3780.213965
"5142",-4197.734454
"5143",-8863.85146
"5144",-4414.487702
"5145",-3265.668599
"5146",-2391.132137
"5147",-1090.176817
"5148",-2368.031387
"5149",-2859.579581
"5150",-3397.072096
"5151",-1590.995255
"5152",-8495.102549
"5153",-1471.816074
"5154",-5108.099594
"5155",-879.874462
"5156",-1073.677056
"5157",-1862.699524
"5158",-3354.626712
"5159",-3708.227876
"5160",-6237.199395
"5161",-1790.723736
"5162",-2355.708447
"5163",-3171.762619
"5164",-3588.332985
"5165",-1522.158448
"5166",-4114.433556
"5167",-2185.833416
"5168",-893.521757
"5169",-1837.593103
"5170",-2547.668402
"5171",-3511.543825
"5172",-6132.637924
"5173",-2601.742173
"5174",-5028.911728
"5175",-2455.042583
"5176",-3893.245083
"5177",-2359.130538
"5178",-3646.626668
"5179",-2202.405313
"5180",-3639.597431
"5181",-3499.698386
"5182",-4948.91684
"5183",-2989.354978
"5184",-2148.421182
"5185",-4614.7781
"5186",-4629.38563
"5187",-3233.579078
"5188",-845.696403
"5189",-2355.692363
"5190",-5613.945416
"5191",-3643.895039
"5192",-1795.277187
"5193",-1585.281253
"5194",-1545.39392
"5195",-1137.825227
"5196",-2823.711418
"5197",-8884.97334
"5198",-3583.802291
"5199",-1777.750544
"5200",-3041.872528
"5201",-2214.467044
"5202",-2803.642142
"5203",-3669.401387
"5204",-2714.411031
"5205",-1458.22437
"5206",-5262.138331
"5207",-606.421978
"5208",-2233.450185
"5209",-764.622589
"5210",-585.622242
"5211",-3919.07475
"5212",-2872.375019
"5213",-7051.072626
"5214",-4858.100411
"5215",-1011.759255
"5216",-5767.862745
"5217",-4733.544672
"5218",-3576.198373
"5219",-4632.625274
"5220",-3181.333071
"5221",-3852.750909
"5222",-1972.320036
"5223",-2681.064032
"5224",-1202.137101
"5225",-2151.057804
"5226",-2231.49377
"5227",-4826.411196
"5228",-3240.614809
"5229",-1546.633041
"5230",-2649.688333
"5231",-5478.126971
"5232",-1748.875122
"5233",-3636.883949
"5234",-4217.588964
"5235",-5736.5537
"5236",-3260.016249
"5237",-4392.439791
"5238",-1343.041517
"5239",-4187.968822
"5240",-812.28971
"5241",-3151.890295
"5242",-3440.497292
"5243",-1011.777742
"5244",-1817.509394
"5245",-2960.380462
"5246",-2000.866184
"5247",-4471.936107
"5248",-2668.004833
"5249",-1832.676817
"5250",-13851.668034
"5251",-1097.734844
"5252",-4665.957196
"5253",-2734.921474
"5254",-2072.235934
"5255",-3850.270257
"5256",-6330.215195
"5257",-1649.654565
"5258",-1806.672597
"5259",-3070.095835
"5260",-2939.867215
"5261",-2593.042505
"5262",-1977.305707
"5263",-4213.146683
"5264",-4264.947223
"5265",-2700.839406
"5266",-4238.365607
"5267",-4301.010223
"5268",-2472.04898
"5269",-6428.836775
"5270",-3240.871952
"5271",-3077.308014
"5272",-2685.792428
"5273",-2838.280097
"5274",-1786.034144
"5275",-2851.452
"5276",-4016.765597
"5277",-3356.574398
"5278",-6065.864714
"5279",-4771.097715
"5280",-2271.762534
"5281",-5609.856829
"5282",-1753.838809
"5283",-4337.266149
"5284",-3393.084094
"5285",-3204.017708
"5286",-5979.122
"5287",-994.976118
"5288",-1686.109021
"5289",-2502.006969
"5290",-6310.371316
"5291",-928.570404
"5292",-3065.42987
"5293",-2556.884675
"5294",-1987.609712
"5295",-3559.811761
"5296",-3235.496793
"5297",-2523.857006
"5298",-5719.312096
"5299",-4003.351174
"5300",-3145.113968
"5301",-1903.660052
"5302",-2034.022525
"5303",-2256.965087
"5304",-2612.065929
"5305",-3428.523072
"5306",-2979.345288
"5307",-1172.741106
"5308",-2086.141399
"5309",-2157.738168
"5310",-4229.560078
"5311",-1213.450519
"5312",-7166.558497
"5313",-1466.031108
"5314",-2275.17918
"5315",-3097.617504
"5316",-7012.201229
"5317",-2805.189056
"5318",-6429.291231
"5319",-2160.773754
"5320",-6656.744637
"5321",-2122.950967
"5322",-906.086703
"5323",-3070.462628
"5324",-902.719
"5325",-1051.830205
"5326",-1354.508821
"5327",-1602.099066
"5328",-1424.073514
"5329",-1449.118806
"5330",-10673.509311
"5331",-530.03137
"5332",-1916.920171
"5333",-1755.562801
"5334",-2464.067114
"5335",-5515.182008
"5336",-2004.649332
"5337",-1306.14122
"5338",-724.237334
"5339",-1274.550474
"5340",-925.639408
"5341",-1348.546575
"5342",-1823.923248
"5343",-3955.249252
"5344",-2650.687413
"5345",-1533.838829
"5346",-2273.195911
"5347",-6660.762426
"5348",-2107.399797
"5349",-5672.911356
"5350",-1824.402886
"5351",-1750.738933
"5352",-7274.527518
"5353",-3479.997733
"5354",-892.970231
"5355",-3171.952762
"5356",-1526.519293
"5357",-2696.458128
"5358",-3125.891143
"5359",-515.81196
"5360",-5149.894676
"5361",-2089.004003
"5362",-1655.167952
"5363",-3673.381421
"5364",-4560.228681
"5365",-4560.517748
"5366",-1220.404983
"5367",-3689.431044
"5368",-931.870583
"5369",-1562.014516
"5370",-1170.785134
"5371",-3073.358146
"5372",-3057.971201
"5373",-2244.409509
"5374",-1120.354736
"5375",-907.172283
"5376",-4987.012475
"5377",-1182.841477
"5378",-1989.298486
"5379",-4701.764888
"5380",-2390.152569
"5381",-2427.781091
"5382",-4138.549237
"5383",-1632.364735
"5384",-4214.464876
"5385",-4630.597137
"5386",-1486.219179
"5387",-8002.315798
"5388",-4512.845616
"5389",-5592.567304
"5390",-2000.055783
"5391",-2558.839418
"5392",-2170.975197
"5393",-2451.826442
"5394",-2521.901295
"5395",-3424.903651
"5396",-1316.787513
"5397",-2200.482316
"5398",-2894.873169
"5399",-2326.517852
"5400",-6414.170096
"5401",-1831.318068
"5402",-888.304063
"5403",-2772.442525
"5404",-3853.884511
"5405",-1556.005305
"5406",-1998.979262
"5407",-5429.034567
"5408",-1527.301326
"5409",-1130.34748
"5410",-1741.372723
"5411",-1966.676942
"5412",-2164.206655
"5413",-2941.734617
"5414",-10459.445147
"5415",-2943.455608
"5416",-1679.05474
"5417",-1381.601979
"5418",-2815.473512
"5419",-4891.411656
"5420",-2303.892955
"5421",-4004.614334
"5422",-10001.155461
"5423",-1253.404501
"5424",-2566.520822
"5425",-2029.888706
"5426",-4261.124388
"5427",-4513.599044
"5428",-7958.57391
"5429",-3101.533448
"5430",-4575.858666
"5431",-3844.268037
"5432",-728.217185
"5433",-1264.468088
"5434",-5203.040327
"5435",-6398.553574
"5436",-2430.169237
"5437",-514.930214
"5438",-1256.531514
"5439",-1708.019136
"5440",-5481.072658
"5441",-618.228191
"5442",-3562.05738
"5443",-3006.281331
"5444",-1459.737205
"5445",-5029.535986
"5446",-12454.576805
"5447",-1287.267047
"5448",-3205.831383
"5449",-4424.228958
"5450",-2172.289113
"5451",-8315.02871
"5452",-1668.467174
"5453",-713.632496
"5454",-2282.299108
"5455",-2966.169315
"5456",-1513.266667
"5457",-2374.302492
"5458",-1314.010916
"5459",-2588.223303
"5460",-578.35383
"5461",-1716.290783
"5462",-1673.036098
"5463",-1672.868094
"5464",-1223.872757
"5465",-804.325898
"5466",-1078.79761
"5467",-1155.011145
"5468",-5323.501217
"5469",-5020.56382
"5470",-3416.759302
"5471",-4097.942839
"5472",-2815.408493
"5473",-1659.947738
"5474",-2865.159345
"5475",-1298.893099
"5476",-1468.755108
"5477",-2826.484303
"5478",-5708.620021
"5479",-4145.098338
"5480",-764.35507
"5481",-615.578318
"5482",-1095.614637
"5483",-2351.06914
"5484",-598.918024
"5485",-610.352144
"5486",-1104.949987
"5487",-1068.223571
"5488",-1913.822317
"5489",-3888.48035
"5490",-4049.95639
"5491",-3289.232272
"5492",-5434.295856
"5493",-1418.505489
"5494",-2057.544339
"5495",-8189.525004
"5496",-2434.394421
"5497",-2424.65698
"5498",-2031.788609
"5499",-5190.22183
"5500",-2040.685245
"5501",-637.479223
"5502",-1916.103952
"5503",-3107.577792
"5504",-1571.816731
"5505",-2061.239701
"5506",-1063.650881
"5507",-2302.910536
"5508",-1667.560565
"5509",-3232.669595
"5510",-3450.257803
"5511",-3033.742475
"5512",-2293.254209
"5513",-2654.207479
"5514",-656.943148
"5515",-1359.838685
"5516",-1486.410799
"5517",-1606.854167
"5518",-3007.871285
"5519",-2981.235979
"5520",-29999.080212
"5521",-1373.869509
"5522",-1245.977364
"5523",-2470.743267
"5524",-3174.614635
"5525",-3234.233568
"5526",-2300.737249
"5527",-5766.504635
"5528",-5393.436431
"5529",-2271.95506
"5530",-2419.745753
"5531",-4314.327244
"5532",-2059.225443
"5533",-1151.619633
"5534",-733.78067
"5535",-1078.552945
"5536",-1720.698793
"5537",-1497.836709
"5538",-1755.412509
"5539",-4615.332928
"5540",-7359.034644
"5541",-1190.622936
"5542",-1311.683603
"5543",-4113.414508
"5544",-1709.382647
"5545",-1405.528902
"5546",-3666.342548
"5547",-1904.243054
"5548",-2973.372567
"5549",-604.764172
"5550",-2710.483083
"5551",-2564.289933
"5552",-2241.178821
"5553",-2567.138158
"5554",-3273.28698
"5555",-3207.200138
"5556",-2020.865648
"5557",-1123.303207
"5558",-8890.209684
"5559",-5013.741834
"5560",-2618.71551
"5561",-3113.566403
"5562",-16017.913532
"5563",-3454.085733
"5564",-6914.68219
"5565",-2411.154189
"5566",-2262.885562
"5567",-6079.335338
"5568",-3441.015122
"5569",-2428.440586
"5570",-2194.820058
"5571",-2707.686571
"5572",-1456.788172
"5573",-3237.280427
"5574",-3625.552081
"5575",-2513.262205
"5576",-3255.300022
"5577",-4061.192492
"5578",-5110.889011
"5579",-2617.22491
"5580",-4039.978999
"5581",-1107.952506
"5582",-4206.705553
"5583",-3350.536083
"5584",-9287.648954
"5585",-3055.040586
"5586",-743.628314
"5587",-6764.847828
"5588",-2910.236705
"5589",-2691.134112
"5590",-4340.000004
"5591",-1246.015881
"5592",-960.472914
"5593",-427.763211
"5594",-2317.350963
"5595",-7191.032227
"5596",-3794.190908
"5597",-2236.067712
"5598",-6524.250074
"5599",-4488.93522
"5600",-2030.715563
"5601",-3157.645039
"5602",-3673.29254
"5603",-2064.038733
"5604",-5173.888432
"5605",-1710.243786
"5606",-3667.122744
"5607",-2880.038842
"5608",-8089.403026
"5609",-2132.997879
"5610",-7369.639809
"5611",-9370.315837
"5612",-9250.794666
"5613",-5098.863583
"5614",-9298.952327
"5615",-1414.26547
"5616",-4371.456889
"5617",-2018.24478
"5618",-765.253517
"5619",-4432.818672
"5620",-7976.080005
"5621",-1906.165836
"5622",-2424.899724
"5623",-7806.918873
"5624",-8353.306535
"5625",-1854.680819
"5626",-3018.983559
"5627",-898.56381
"5628",-2242.44088
"5629",-4340.867096
"5630",-5668.413175
"5631",-10476.030551
"5632",-5111.186224
"5633",-3521.900952
"5634",-4569.878564
"5635",-5986.322967
"5636",-7295.853076
"5637",-4329.082459
"5638",-4383.030095
"5639",-3404.611116
"5640",-10767.416566
"5641",-4918.981865
"5642",-9012.545604
"5643",-5692.484953
"5644",-4850.765238
"5645",-5593.959225
"5646",-3908.388163
"5647",-3987.657554
"5648",-6413.367763
"5649",-4925.354988
"5650",-9704.317584
"5651",-6205.462941
"5652",-5992.759822
"5653",-6347.77946
"5654",-3884.272136
"5655",-7518.626467
"5656",-6777.142785
"5657",-5236.6228
"5658",-3654.351846
"5659",-2611.128342
"5660",-10747.440488
"5661",-5186.312474
"5662",-4553.512325
"5663",-2429.902748
"5664",-1216.875968
"5665",-10356.33563
"5666",-4375.994468
"5667",-2913.347563
"5668",-1064.755876
"5669",-5050.469171
"5670",-7065.157873
"5671",-1118.85596
"5672",-6504.109979
"5673",-3964.764147
"5674",-3519.618678
"5675",-2921.749883
"5676",-3676.886975
"5677",-2447.358462
"5678",-7567.77128
"5679",-9788.779548
"5680",-5552.467236
"5681",-3480.640835
"5682",-6253.475203
"5683",-4869.566126
"5684",-8658.657944
"5685",-3562.362722
"5686",-6456.652897
"5687",-5562.373105
"5688",-3253.665956
"5689",-6730.841211
"5690",-3042.450379
"5691",-4254.895582
"5692",-3006.065557
"5693",-3739.794831
"5694",-5649.314565
"5695",-6786.928148
"5696",-2591.83767
"5697",-3033.583561
"5698",-4681.140276
"5699",-7651.19908
"5700",-9576.300029
"5701",-6664.089015
"5702",-3811.953606
"5703",-13373.874946
"5704",-6749.801245
"5705",-2087.373119
"5706",-1323.130511
"5707",-1961.803035
"5708",-1840.739212
"5709",-8750.329143
"5710",-4167.859542
"5711",-4728.201026
"5712",-7023.276039
"5713",-7785.384844
"5714",-1781.190489
"5715",-13846.037366
"5716",-7298.22006
"5717",-5766.693346
"5718",-8986.023294
"5719",-3486.674127
"5720",-4357.234006
"5721",-4961.563186
"5722",-5455.803711
"5723",-6106.18782
"5724",-6755.836602
"5725",-3564.117212
"5726",-4611.149705
"5727",-4338.047129
"5728",-3729.952237
"5729",-7176.07349
"5730",-9234.242632
"5731",-4245.957419
"5732",-8471.77404
"5733",-4047.198316
"5734",-22141.592211
"5735",-3457.491447
"5736",-2076.108175
"5737",-4798.569836
"5738",-2408.099234
"5739",-7509.8508
"5740",-5348.224008
"5741",-7717.781636
"5742",-3145.251375
"5743",-4337.376484
"5744",-2616.79673
"5745",-4830.617419
"5746",-6815.571206
"5747",-2510.681271
"5748",-6418.172665
"5749",-7122.494882
"5750",-4968.135523
"5751",-6251.399592
"5752",-7682.934728
"5753",-7066.113747
"5754",-7837.958421
"5755",-9193.650557
"5756",-5856.934713
"5757",-7747.521549
"5758",-8299.301397
"5759",-2006.468879
"5760",-4259.304242
"5761",-11186.797674
"5762",-7812.389604
"5763",-10918.680724
"5764",-6530.026563
"5765",-3705.734927
"5766",-5591.338761
"5767",-7559.644154
"5768",-4292.375075
"5769",-2688.17415
"5770",-5448.301333
"5771",-4493.859292
"5772",-4056.410338
"5773",-1119.614265
"5774",-818.420348
"5775",-8484.364292
"5776",-7637.021886
"5777",-5585.251718
"5778",-1620.47501
"5779",-3714.475466
"5780",-6985.574306
"5781",-1396.882133
"5782",-2748.028073
"5783",-805.064829
"5784",-3348.236674
"5785",-5058.045065
"5786",-1128.574497
"5787",-2222.027535
"5788",-466.8146
"5789",-5699.838116
"5790",-1752.857568
"5791",-2811.635201
"5792",-1697.605116
"5793",-10293.431116
"5794",-1791.794818
"5795",-4468.862988
"5796",-1491.309267
"5797",-3213.581513
"5798",-3450.826917
"5799",-2954.796723
"5800",-3478.861688
"5801",-5307.605253
"5802",-6813.593915
"5803",-5493.007253
"5804",-1219.378117
"5805",-2330.814245
"5806",-2658.596997
"5807",-3125.143838
"5808",-1549.56821
"5809",-2756.139275
"5810",-3502.917406
"5811",-6844.4582
"5812",-5348.93982
"5813",-2135.562907
"5814",-4092.208369
"5815",-1851.19022
"5816",-2187.739294
"5817",-2662.223352
"5818",-2921.402953
"5819",-3582.920761
"5820",-2882.211627
"5821",-3536.859836
"5822",-4892.041148
"5823",-3351.612607
"5824",-3645.367713
"5825",-2848.668409
"5826",-6875.803233
"5827",-1445.198424
"5828",-3719.541681
"5829",-10119.560189
"5830",-2739.261834
"5831",-5988.254131
"5832",-7842.079412
"5833",-7714.883995
"5834",-2705.795223
"5835",-4335.878695
"5836",-4200.760498
"5837",-2833.95158
"5838",-2691.188877
"5839",-2242.303595
"5840",-3280.067602
"5841",-1542.120802
"5842",-3850.151604
"5843",-3765.105327
"5844",-2820.692643
"5845",-8423.57742
"5846",-1044.291796
"5847",-2008.846983
"5848",-3151.096399
"5849",-1309.079682
"5850",-3377.632964
"5851",-7105.094137
"5852",-2992.83831
"5853",-1607.972921
"5854",-1036.225804
"5855",-2087.798099
"5856",-4837.197203
"5857",-8171.318028
"5858",-1315.070302
"5859",-5947.113227
"5860",-2566.196972
"5861",-3453.347388
"5862",-2860.269985
"5863",-2112.331644
"5864",-3628.972192
"5865",-2464.342114
"5866",-3795.706286
"5867",-2198.586458
"5868",-3012.98214
"5869",-1761.726201
"5870",-4809.392029
"5871",-4948.723501
"5872",-3287.861753
"5873",-1772.020564
"5874",-3223.777775
"5875",-2646.686297
"5876",-5285.263072
"5877",-2124.203865
"5878",-5878.137819
"5879",-1253.51853
"5880",-485.148842
"5881",-2246.112179
"5882",-2400.617345
"5883",-952.662029
"5884",-4134.891377
"5885",-3577.899622
"5886",-3424.147007
"5887",-1871.904655
"5888",-2201.540123
"5889",-1386.075304
"5890",-1771.666511
"5891",-1686.870682
"5892",-1590.505163
"5893",-1912.220967
"5894",-1891.885311
"5895",-1160.045973
"5896",-7064.127942
"5897",-1998.238077
"5898",-2680.846258
"5899",-1016.852214
"5900",-2116.205085
"5901",-2332.458789
"5902",-1887.737757
"5903",-3793.35347
"5904",-2175.029136
"5905",-1464.325878
"5906",-3450.576173
"5907",-2344.773465
"5908",-1479.326898
"5909",-2837.222718
"5910",-2265.489547
"5911",-3290.813993
"5912",-2336.569696
"5913",-2312.271312
"5914",-2131.016214
"5915",-6739.99982
"5916",-2714.91458
"5917",-1685.41247
"5918",-2140.372959
"5919",-1459.598249
"5920",-2629.948567
"5921",-2254.148136
"5922",-2214.226353
"5923",-1846.020326
"5924",-2022.595652
"5925",-1403.264141
"5926",-1538.33016
"5927",-1353.024943
"5928",-1230.897014
"5929",-1236.694932
"5930",-662.317133
"5931",-1382.260836
"5932",-1436.702422
"5933",-1889.118191
"5934",-949.672833
"5935",-612.749386
"5936",-940.553144
"5937",-1584.996128
"5938",-820.619604
"5939",-1170.41307
"5940",-2497.393808
"5941",-896.963528
"5942",-1349.320808
"5943",-1971.962304
"5944",-8325.843459
"5945",-2908.977222
"5946",-1628.229101
"5947",-1311.720031
"5948",-1983.889442
"5949",-3561.093465
"5950",-1454.355022
"5951",-1335.312999
"5952",-752.831687
"5953",-1157.894632
"5954",-3792.809879
"5955",-1537.150502
"5956",-4313.541487
"5957",-4208.119796
"5958",-4396.008233
"5959",-3667.038676
"5960",-2493.516726
"5961",-2970.508325
"5962",-2427.287356
"5963",-2729.220323
"5964",-1478.364722
"5965",-2845.943065
"5966",-1170.100374
"5967",-1209.842902
"5968",-586.416176
"5969",-2332.521008
"5970",-8396.203699
"5971",-1953.230982
"5972",-1057.379683
"5973",-3199.245212
"5974",-3812.369438
"5975",-2838.531585
"5976",-1951.477259
"5977",-2828.965377
"5978",-6388.373387
"5979",-4388.401474
"5980",-2043.008893
"5981",-2230.72288
"5982",-960.026537
"5983",-1896.047374
"5984",-1487.409972
"5985",-1185.165988
"5986",-3402.026026
"5987",-2265.539866
"5988",-5859.623261
"5989",-2923.78537
"5990",-3712.470582
"5991",-2844.8957
"5992",-3214.2438
"5993",-1760.611737
"5994",-3848.812079
"5995",-2618.306186
"5996",-5042.009228
"5997",-4540.997272
"5998",-2987.958555
"5999",-4395.630861
"6000",-2000.459393
"6001",-1976.97434
"6002",-7575.468163
"6003",-4301.68457
"6004",-1000.342261
"6005",-2392.349675
"6006",-2770.393517
"6007",-3327.522089
"6008",-5380.687873
"6009",-2412.206987
"6010",-1043.99982
"6011",-2488.351796
"6012",-2426.718607
"6013",-5497.526283
"6014",-1458.65916
"6015",-1937.172577
"6016",-3511.771315
"6017",-5602.131479
"6018",-1902.879269
"6019",-2787.159741
"6020",-950.628095
"6021",-3388.733397
"6022",-1974.214701
"6023",-9620.806419
"6024",-1716.420221
"6025",-1130.74322
"6026",-2929.223953
"6027",-5643.217902
"6028",-2720.207683
"6029",-5685.299104
"6030",-2750.961855
"6031",-3084.285966
"6032",-3095.456274
"6033",-3081.382759
"6034",-5238.639254
"6035",-2866.090706
"6036",-938.371987
"6037",-4306.004942
"6038",-1805.380254
"6039",-906.235974
"6040",-8489.283259
"6041",-1705.920639
"6042",-1150.815769
"6043",-2538.452783
"6044",-620.011786
"6045",-1095.288506
"6046",-2349.557198
"6047",-1350.317054
"6048",-2434.002165
"6049",-839.435635
"6050",-4248.227018
"6051",-5787.653545
"6052",-1923.161364
"6053",-3066.511671
"6054",-5157.787422
"6055",-1086.435243
"6056",-1621.888699
"6057",-1058.385958
"6058",-811.091118
"6059",-1981.556259
"6060",-3157.802341
"6061",-2001.65881
"6062",-3782.79677
"6063",-2631.756161
"6064",-2105.867625
"6065",-2051.321612
"6066",-3574.504159
"6067",-465.210961
"6068",-922.584396
"6069",-1411.642085
"6070",-1965.00434
"6071",-3299.257795
"6072",-1847.374508
"6073",-3174.634997
"6074",-2454.155413
"6075",-2507.290984
"6076",-3092.164772
"6077",-402.447114
"6078",-2441.540478
"6079",-1803.784673
"6080",-3634.360268
"6081",-4809.819123
"6082",-4472.323798
"6083",-1542.226675
"6084",-4020.188519
"6085",-3043.212423
"6086",-8482.466072
"6087",-645.40327
"6088",-3877.630199
"6089",-2218.181678
"6090",-4243.253082
"6091",-6236.413849
"6092",-3272.011012
"6093",-7533.81219
"6094",-1267.366066
"6095",-699.153597
"6096",-2685.738007
"6097",-3878.242229
"6098",-1481.815673
"6099",-1958.544394
"6100",-2706.936374
"6101",-8561.003876
"6102",-2358.047833
"6103",-3500.781677
"6104",-3210.429296
"6105",-2260.573158
"6106",-4244.936975
"6107",-519.809481
"6108",-886.871205
"6109",-562.00485
"6110",-1749.961779
"6111",-2166.494386
"6112",-2014.462229
"6113",-5856.541467
"6114",-1004.54378
"6115",-2961.064656
"6116",-2194.955248
"6117",-1204.139974
"6118",-6553.68466
"6119",-4184.814502
"6120",-2182.871906
"6121",-4457.024972
"6122",-1524.947278
"6123",-4997.922349
"6124",-1206.389589
"6125",-1645.917707
"6126",-8474.942011
"6127",-2941.428976
"6128",-3066.235656
"6129",-2796.699429
"6130",-1159.445691
"6131",-8152.841993
"6132",-1776.403277
"6133",-3735.481364
"6134",-649.516741
"6135",-3821.705542
"6136",-4318.463351
"6137",-3398.537071
"6138",-5201.884123
"6139",-1330.413632
"6140",-3619.740986
"6141",-2146.032307
"6142",-5425.138704
"6143",-2852.481038
"6144",-3889.75615
"6145",-3918.632075
"6146",-2593.300527
"6147",-2524.07928
"6148",-1905.28092
"6149",-5316.650469
"6150",-1128.048958
"6151",-5684.645788
"6152",-3260.698486
"6153",-2009.688579
"6154",-2241.869895
"6155",-1592.982372
"6156",-9910.577613
"6157",-2265.399586
"6158",-2453.844615
"6159",-1296.632005
"6160",-4381.752185
"6161",-4315.109937
"6162",-2246.450667
"6163",-3440.382688
"6164",-6854.24701
"6165",-2841.334159
"6166",-3392.135635
"6167",-2479.993284
"6168",-9162.185463
"6169",-4143.065949
"6170",-3916.606124
"6171",-3417.994118
"6172",-2294.571146
"6173",-3222.615893
"6174",-1519.923929
"6175",-1159.606974
"6176",-3218.735507
"6177",-3437.208152
"6178",-4607.789196
"6179",-2650.126894
"6180",-2004.084166
"6181",-1618.115832
"6182",-4196.876466
"6183",-4310.360946
"6184",-1214.945345
"6185",-3486.297044
"6186",-3026.057339
"6187",-2689.317525
"6188",-2553.014528
"6189",-1183.752674
"6190",-1897.941665
"6191",-3608.688324
"6192",-2521.367265
"6193",-4856.638885
"6194",-1131.974846
"6195",-3553.686955
"6196",-6130.911533
"6197",-1664.723029
"6198",-1828.713852
"6199",-1360.841653
"6200",-2386.154582
"6201",-2939.061466
"6202",-2523.888351
"6203",-1165.019757
"6204",-2635.718638
"6205",-3514.93367
"6206",-3589.849673
"6207",-2670.388421
"6208",-3984.551589
"6209",-2109.089468
"6210",-6428.488564
"6211",-6012.525232
"6212",-2518.091513
"6213",-4034.660193
"6214",-2018.885067
"6215",-8335.978059
"6216",-4762.887241
"6217",-4569.125253
"6218",-7323.962936
"6219",-5621.031915
"6220",-5098.561847
"6221",-3411.643352
"6222",-1599.6156
"6223",-2333.17213
"6224",-3050.941618
"6225",-4091.903776
"6226",-5177.040018
"6227",-5417.025765
"6228",-4233.596805
"6229",-3790.470391
"6230",-1442.14739
"6231",-3144.072551
"6232",-1685.838682
"6233",-3500.516849
"6234",-1610.915047
"6235",-2668.323079
"6236",-2768.104589
"6237",-1521.072668
"6238",-1743.913673
"6239",-1276.947985
"6240",-2578.89479
"6241",-3855.013261
"6242",-4229.848891
"6243",-1556.309651
"6244",-867.157359
"6245",-1448.22022
"6246",-6954.577787
"6247",-1486.282566
"6248",-961.120469
"6249",-1364.788982
"6250",-2683.289706
"6251",-1831.963291
"6252",-4058.209635
"6253",-2306.740264
"6254",-2703.861765
"6255",-2294.782505
"6256",-2346.825077
"6257",-1033.197129
"6258",-3780.18424
"6259",-1407.521106
"6260",-3492.91132
"6261",-5451.686211
"6262",-2095.239911
"6263",-4443.35448
"6264",-1762.269179
"6265",-1927.348751
"6266",-1986.524714
"6267",-7338.369438
"6268",-923.716114
"6269",-3467.508089
"6270",-2733.690532
"6271",-3179.436655
"6272",-1357.371809
"6273",-6289.341504
"6274",-2341.28828
"6275",-6107.884402
"6276",-4088.478616
"6277",-2947.754599
"6278",-4853.070458
"6279",-2345.420543
"6280",-3267.150628
"6281",-6023.640396
"6282",-4156.745748
"6283",-1981.679958
"6284",-1151.464802
"6285",-2698.901848
"6286",-2673.466661
"6287",-3521.457265
"6288",-2917.25088
"6289",-4218.892271
"6290",-885.707835
"6291",-1979.489628
"6292",-8840.84354
"6293",-1456.497698
"6294",-5862.55166
"6295",-4903.219343
"6296",-3275.726313
"6297",-7048.67385
"6298",-4460.616355
"6299",-2543.224513
"6300",-14069.786714
"6301",-4013.111005
"6302",-2664.09327
"6303",-899.113826
"6304",-4576.913028
"6305",-5113.732252
"6306",-2923.559308
"6307",-3572.710096
"6308",-3353.833035
"6309",-2412.028871
"6310",-1222.609897
"6311",-2061.659281
"6312",-3634.924617
"6313",-3899.922219
"6314",-3426.002432
"6315",-5366.839336
"6316",-4946.10246
"6317",-4711.030844
"6318",-1914.773933
"6319",-3626.340722
"6320",-3219.407716
"6321",-2872.198219
"6322",-3762.61952
"6323",-5702.23927
"6324",-1451.379182
"6325",-2288.587736
"6326",-5216.959619
"6327",-2008.989355
"6328",-2396.080665
"6329",-1761.796708
"6330",-8802.198065
"6331",-1564.37109
"6332",-5016.789102
"6333",-1727.781967
"6334",-3197.738714
"6335",-1669.327452
"6336",-3431.91997
"6337",-5159.734427
"6338",-4791.854231
"6339",-4618.270984
"6340",-2380.651225
"6341",-3363.343123
"6342",-6539.175106
"6343",-1395.457526
"6344",-4627.556224
"6345",-2047.571981
"6346",-3472.022138
"6347",-15242.472697
"6348",-1821.205612
"6349",-5624.200589
"6350",-994.193267
"6351",-3678.103771
"6352",-3472.721634
"6353",-4135.337426
"6354",-1932.455484
"6355",-4889.689337
"6356",-2114.508532
"6357",-2495.29132
"6358",-2260.824904
"6359",-2811.670036
"6360",-2927.835829
"6361",-5638.201657
"6362",-2965.719523
"6363",-1170.235764
"6364",-3042.999266
"6365",-3197.185563
"6366",-3733.281757
"6367",-9162.140297
"6368",-3142.969725
"6369",-4262.878376
"6370",-3017.029014
"6371",-3645.448789
"6372",-1953.596995
"6373",-7168.379985
"6374",-1222.391171
"6375",-2435.316277
"6376",-2619.127321
"6377",-2623.839951
"6378",-5826.959887
"6379",-8513.456399
"6380",-2482.193701
"6381",-1168.929519
"6382",-1025.807449
"6383",-5583.200994
"6384",-2477.83464
"6385",-3699.746721
"6386",-1931.978471
"6387",-3969.134077
"6388",-4013.00499
"6389",-2731.782334
"6390",-6738.604942
"6391",-3241.262037
"6392",-2457.892825
"6393",-3397.907706
"6394",-4494.955437
"6395",-2439.034922
"6396",-1910.081834
"6397",-1301.666832
"6398",-2996.286691
"6399",-2696.593632
"6400",-2356.635994
"6401",-2660.114553
"6402",-2712.527062
"6403",-2641.332588
"6404",-1582.797908
"6405",-5073.920904
"6406",-1533.905871
"6407",-3583.79233
"6408",-4353.911975
"6409",-3710.201953
"6410",-3531.092363
"6411",-3160.124005
"6412",-1855.399901
"6413",-1775.303808
"6414",-1619.133996
"6415",-938.658031
"6416",-1794.782211
"6417",-2065.657383
"6418",-3387.682254
"6419",-3799.125444
"6420",-8299.541033
"6421",-2293.865519
"6422",-2637.253511
"6423",-2799.728587
"6424",-2616.310316
"6425",-3688.952966
"6426",-5090.134866
"6427",-1392.472772
"6428",-2678.883343
"6429",-2054.227918
"6430",-4464.573778
"6431",-13566.587522
"6432",-3431.082168
"6433",-5442.26622
"6434",-1463.126373
"6435",-1933.431682
"6436",-2713.567846
"6437",-2019.247345
"6438",-5992.829531
"6439",-2068.637827
"6440",-3286.074704
"6441",-1075.333717
"6442",-1116.938521
"6443",-1941.07215
"6444",-1851.168073
"6445",-1140.233918
"6446",-2362.276006
"6447",-2050.218359
"6448",-7197.659853
"6449",-3154.158383
"6450",-2274.824429
"6451",-3791.861879
"6452",-1731.797413
"6453",-3864.113902
"6454",-2300.190559
"6455",-1926.299814
"6456",-2057.493752
"6457",-3473.284799
"6458",-2547.254303
"6459",-1492.17037
"6460",-2465.039913
"6461",-4011.926357
"6462",-2301.151972
"6463",-495.026597
"6464",-4042.782879
"6465",-919.899138
"6466",-3024.403196
"6467",-4188.348981
"6468",-4690.922246
"6469",-9376.966069
"6470",-1493.138788
"6471",-1304.247878
"6472",-2842.897356
"6473",-1699.802008
"6474",-2107.023246
"6475",-4021.39266
"6476",-4787.279401
"6477",-1541.457378
"6478",-7587.615838
"6479",-2785.329621
"6480",-1346.592388
"6481",-4405.658483
"6482",-3113.420772
"6483",-459.859692
"6484",-1768.167311
"6485",-1731.083941
"6486",-3766.28969
"6487",-4728.344501
"6488",-6680.569215
"6489",-5479.517764
"6490",-5121.343988
"6491",-2364.421977
"6492",-2817.484958
"6493",-683.861421
"6494",-3748.588987
"6495",-1262.305909
"6496",-850.136764
"6497",-1218.558936
"6498",-5516.818287
"6499",-1992.845775
"6500",-2104.600868
"6501",-2065.484941
"6502",-1918.702358
"6503",-2268.60474
"6504",-2899.637167
"6505",-5383.795873
"6506",-1755.213137
"6507",-2539.832911
"6508",-4685.281863
"6509",-6051.245813
"6510",-2467.216463
"6511",-5202.794162
"6512",-1178.788954
"6513",-2711.678095
"6514",-2872.207244
"6515",-1961.507845
"6516",-4913.375909
"6517",-2104.709121
"6518",-5669.245471
"6519",-1286.846302
"6520",-2895.982181
"6521",-4423.116446
"6522",-1140.034385
"6523",-4211.519631
"6524",-9044.71363
"6525",-8953.636714
"6526",-8521.212711
"6527",-1688.555395
"6528",-3226.028434
"6529",-3518.300474
"6530",-4435.591627
"6531",-2626.208578
"6532",-1383.123476
"6533",-5626.002357
"6534",-1506.812323
"6535",-355.640857
"6536",-845.2187
"6537",-1682.824931
"6538",-6771.307457
"6539",-12551.914172
"6540",-3185.233703
"6541",-2650.938857
"6542",-2957.103987
"6543",-5004.246951
"6544",-2746.46383
"6545",-1032.113084
"6546",-1546.347819
"6547",-1361.654503
"6548",-1044.398193
"6549",-3102.888944
"6550",-4691.986819
"6551",-1832.90391
"6552",-989.298023
"6553",-1923.185977
"6554",-6071.948338
"6555",-4757.523366
"6556",-3620.177825
"6557",-2610.888009
"6558",-4368.096635
"6559",-1762.102712
"6560",-3331.866082
"6561",-2299.982956
"6562",-5929.854017
"6563",-3707.400794
"6564",-1111.242614
"6565",-911.78348
"6566",-1309.326012
"6567",-2362.326594
"6568",-3693.300842
"6569",-1256.478353
"6570",-2022.996567
"6571",-4426.051668
"6572",-2988.578799
"6573",-830.877357
"6574",-2561.516266
"6575",-1840.33357
"6576",-2590.203299
"6577",-5921.858545
"6578",-2639.950522
"6579",-2802.966702
"6580",-712.548596
"6581",-3528.451393
"6582",-608.786827
"6583",-1868.011338
"6584",-1962.975547
"6585",-1536.588129
"6586",-1941.187568
"6587",-969.223357
"6588",-1952.745764
"6589",-3344.58719
"6590",-4505.387222
"6591",-2718.35235
"6592",-3745.879632
"6593",-1796.199499
"6594",-3593.004942
"6595",-355.326199
"6596",-1057.934099
"6597",-451.305049
"6598",-2837.908533
"6599",-2334.422001
"6600",-1457.861908
"6601",-1597.023147
"6602",-6563.865797
"6603",-2291.97923
"6604",-3357.790657
"6605",-4929.670083
"6606",-5076.509348
"6607",-2837.061981
"6608",-2090.986298
"6609",-532.377275
"6610",-8282.976905
"6611",-6335.224584
"6612",-3882.704785
"6613",-2453.783801
"6614",-10082.738824
"6615",-6296.123061
"6616",-4730.183178
"6617",-4663.497518
"6618",-1317.463733
"6619",-3711.785806
"6620",-3992.788128
"6621",-1346.114046
"6622",-2655.901653
"6623",-3870.780742
"6624",-974.682071
"6625",-3347.552978
"6626",-1257.035446
"6627",-2355.328604
"6628",-2122.599824
"6629",-3796.50165
"6630",-4042.013838
"6631",-3294.697071
"6632",-3752.954882
"6633",-2511.001829
"6634",-1196.154402
"6635",-4152.247244
"6636",-1649.534815
"6637",-1428.503828
"6638",-840.65108
"6639",-3183.412623
"6640",-2400.341541
"6641",-5334.151229
"6642",-4956.770377
"6643",-2790.357055
"6644",-2689.795309
"6645",-1875.524394
"6646",-1192.956025
"6647",-1077.52468
"6648",-827.497334
"6649",-795.901267
"6650",-8272.534601
"6651",-2334.538549
"6652",-5299.809651
"6653",-2710.458404
"6654",-2759.071202
"6655",-6355.275
"6656",-2077.338543
"6657",-6132.983546
"6658",-2366.935216
"6659",-2024.988526
"6660",-1401.241383
"6661",-2036.49809
"6662",-3058.844125
"6663",-4062.291642
"6664",-1725.570823
"6665",-4561.677404
"6666",-1030.316241
"6667",-1625.029316
"6668",-1605.194125
"6669",-2459.91753
"6670",-6910.705698
"6671",-1423.162595
"6672",-1448.895814
"6673",-1711.547408
"6674",-2916.355452
"6675",-598.771914
"6676",-983.369942
"6677",-2305.807104
"6678",-1946.861663
"6679",-3339.843939
"6680",-878.441053
"6681",-3316.694182
"6682",-3708.635953
"6683",-2354.039143
"6684",-3659.51108
"6685",-3346.559389
"6686",-3920.74542
"6687",-7745.069086
"6688",-2897.085548
"6689",-5509.50254
"6690",-2641.614536
"6691",-4527.931461
"6692",-7492.981779
"6693",-2345.474087
"6694",-4995.908304
"6695",-8376.417641
"6696",-3015.554988
"6697",-5414.32898
"6698",-8470.886731
"6699",-4574.468075
"6700",-12249.025329
"6701",-2743.918147
"6702",-8954.944382
"6703",-5536.407823
"6704",-8628.118077
"6705",-2707.047312
"6706",-12488.393887
"6707",-9334.789026
"6708",-5834.762474
"6709",-3173.767981
"6710",-4897.390947
"6711",-4665.675829
"6712",-2403.262855
"6713",-4927.619956
"6714",-4283.598725
"6715",-2815.330069
"6716",-5142.050243
"6717",-3205.608546
"6718",-3686.773902
"6719",-4364.830185
"6720",-2803.139284
"6721",-4075.476013
"6722",-3996.879383
"6723",-3191.306517
"6724",-4011.317407
"6725",-2763.795527
"6726",-2986.045566
"6727",-9341.174202
"6728",-4113.115934
"6729",-4248.685634
"6730",-4099.761449
"6731",-7946.809759
"6732",-3738.692568
"6733",-5614.049356
"6734",-4801.281298
"6735",-7687.352275
"6736",-6698.234438
"6737",-3389.354499
"6738",-7609.786431
"6739",-6703.505569
"6740",-4048.137146
"6741",-5300.30576
"6742",-6915.156401
"6743",-4855.88912
"6744",-5668.988471
"6745",-5354.934519
"6746",-2514.540975
"6747",-6035.913055
"6748",-11434.065089
"6749",-2257.781465
"6750",-2150.808384
"6751",-3582.939269
"6752",-5232.632622
"6753",-4428.324913
"6754",-3748.266115
"6755",-4503.482663
"6756",-5323.40244
"6757",-3444.148374
"6758",-4666.431401
"6759",-955.062806
"6760",-2805.603712
"6761",-6674.41804
"6762",-7020.120506
"6763",-3716.91606
"6764",-9020.71256
"6765",-2548.163929
"6766",-1987.533085
"6767",-1523.482733
"6768",-1220.098938
"6769",-1920.609863
"6770",-1325.385043
"6771",-1385.232076
"6772",-2110.698804
"6773",-2081.434838
"6774",-2820.210911
"6775",-826.376005
"6776",-3670.024817
"6777",-1470.817158
"6778",-560.895854
"6779",-1303.795905
"6780",-779.531048
"6781",-11192.166506
"6782",-4414.696975
"6783",-1351.114353
"6784",-2499.004155
"6785",-4838.485471
"6786",-2914.40511
"6787",-3015.552445
"6788",-829.858439
"6789",-5654.832535
"6790",-2618.174524
"6791",-8522.41048
"6792",-5153.562491
"6793",-3955.850216
"6794",-5015.667701
"6795",-1440.05851
"6796",-1871.611083
"6797",-6809.698826
"6798",-918.004414
"6799",-3864.830241
"6800",-469.248465
"6801",-1523.091441
"6802",-6043.544522
"6803",-1994.520451
"6804",-7347.6485
"6805",-5764.055375
"6806",-4607.622826
"6807",-2435.231206
"6808",-2848.774203
"6809",-3305.838835
"6810",-4903.943381
"6811",-773.952438
"6812",-6446.933001
"6813",-1976.320966
"6814",-3033.81749
"6815",-2343.709628
"6816",-1714.219819
"6817",-1631.549059
"6818",-1664.811603
"6819",-1854.950952
"6820",-1752.634767
"6821",-834.692681
"6822",-1828.622941
"6823",-1515.795333
"6824",-15668.91073
"6825",-4230.467619
"6826",-3437.179034
"6827",-1213.106877
"6828",-4543.316994
"6829",-3771.907783
"6830",-1120.639469
"6831",-1995.239179
"6832",-2035.132271
"6833",-705.091195
"6834",-1164.200812
"6835",-2186.263653
"6836",-4084.553466
"6837",-3759.350286
"6838",-1006.89803
"6839",-542.773463
"6840",-3138.703236
"6841",-4614.341277
"6842",-2848.47095
"6843",-4210.091057
"6844",-2182.847634
"6845",-3438.921098
"6846",-4323.702622
"6847",-1685.188885
"6848",-2930.504948
"6849",-2355.039837
"6850",-1225.541905
"6851",-4400.53047
"6852",-2882.760228
"6853",-1174.598411
"6854",-1611.26318
"6855",-2482.225747
"6856",-1577.017041
"6857",-1449.376888
"6858",-5965.540928
"6859",-2465.897329
"6860",-826.773858
"6861",-3076.976563
"6862",-4803.708565
"6863",-5624.256017
"6864",-4324.450062
"6865",-4198.819205
"6866",-6425.481226
"6867",-1081.534242
"6868",-3906.532228
"6869",-2617.778429
"6870",-1975.259087
"6871",-4550.414166
"6872",-2381.675418
"6873",-2657.547114
"6874",-4655.787444
"6875",-2609.337837
"6876",-642.987564
"6877",-2197.289781
"6878",-745.534678
"6879",-2261.699627
"6880",-782.749649
"6881",-4104.675892
"6882",-5602.35414
"6883",-7758.888525
"6884",-2129.971807
"6885",-3264.844326
"6886",-647.584896
"6887",-3929.870953
"6888",-3629.252285
"6889",-2788.482302
"6890",-3931.758035
"6891",-6313.954358
"6892",-1595.527431
"6893",-2410.686013
"6894",-2923.280594
"6895",-2153.589329
"6896",-2017.281174
"6897",-6890.185706
"6898",-3051.618021
"6899",-2001.315459
"6900",-1386.8961
"6901",-2465.420825
"6902",-4101.489308
"6903",-6276.481933
"6904",-1727.953843
"6905",-3676.563079
"6906",-10412.770395
"6907",-6309.347317
"6908",-933.600123
"6909",-4252.264809
"6910",-5773.719042
"6911",-3289.64947
"6912",-1658.651058
"6913",-2490.481185
"6914",-2938.272103
"6915",-3714.319349
"6916",-1907.303002
"6917",-1882.655343
"6918",-7266.942628
"6919",-1836.69629
"6920",-1298.238589
"6921",-5678.565961
"6922",-749.141126
"6923",-2267.90081
"6924",-2736.756117
"6925",-2616.909049
"6926",-1327.23982
"6927",-4448.678401
"6928",-1657.976048
"6929",-850.661422
"6930",-2199.429875
"6931",-5469.17887
"6932",-779.378852
"6933",-1885.018472
"6934",-5476.493731
"6935",-2439.900708
"6936",-3302.593203
"6937",-8515.226506
"6938",-2100.412248
"6939",-1998.684102
"6940",-1786.445415
"6941",-5585.68589
"6942",-4776.888067
"6943",-1440.769828
"6944",-5764.573286
"6945",-5706.843949
"6946",-3195.809727
"6947",-3006.287985
"6948",-3473.269029
"6949",-2385.615227
"6950",-3173.226406
"6951",-971.019653
"6952",-1928.760103
"6953",-4042.694693
"6954",-4758.233611
"6955",-3621.689169
"6956",-3945.094144
"6957",-5854.722039
"6958",-3646.845437
"6959",-1434.734974
"6960",-4152.168834
"6961",-2413.642797
"6962",-973.34081
"6963",-2087.147119
"6964",-5731.527153
"6965",-1656.465683
"6966",-1264.983767
"6967",-3583.394244
"6968",-1355.95559
"6969",-3406.013751
"6970",-3674.205198
"6971",-2159.273406
"6972",-1794.391498
"6973",-1534.476131
"6974",-1377.306333
"6975",-2502.128884
"6976",-3514.436342
"6977",-1763.242779
"6978",-2873.445164
"6979",-2538.253177
"6980",-8423.689912
"6981",-1607.285466
"6982",-2341.245162
"6983",-5595.877817
"6984",-2487.528106
"6985",-1675.596254
"6986",-1758.355896
"6987",-3917.914265
"6988",-1048.619539
"6989",-1841.096741
"6990",-4057.172891
"6991",-5370.052907
"6992",-3608.121808
"6993",-4017.921566
"6994",-2868.943259
"6995",-7068.924473
"6996",-7038.628392
"6997",-2307.74069
"6998",-7109.489125
"6999",-4109.920178
"7000",-4691.490068
"7001",-2897.357443
"7002",-3214.36405
"7003",-1556.94185
"7004",-951.994144
"7005",-2659.629455
"7006",-3808.812379
"7007",-3117.826732
"7008",-4390.842278
"7009",-2186.048991
"7010",-891.315221
"7011",-3199.76966
"7012",-7384.163807
"7013",-9690.429139
"7014",-3585.961307
"7015",-5749.83126
"7016",-1871.350997
"7017",-12614.577054
"7018",-1806.434898
"7019",-3280.388532
"7020",-1493.338116
"7021",-2577.408962
"7022",-2055.170097
"7023",-4263.2698
"7024",-2589.41556
"7025",-4094.538731
"7026",-2688.411053
"7027",-2368.122211
"7028",-1392.297944
"7029",-2793.340938
"7030",-3247.012154
"7031",-1660.487343
"7032",-2725.589604
"7033",-1278.161566
"7034",-1272.229355
"7035",-1928.680051
"7036",-1276.158808
"7037",-804.286224
"7038",-3400.480122
"7039",-2017.05497
"7040",-1062.668311
"7041",-2162.497016
"7042",-2834.90188
"7043",-1023.480452
"7044",-1694.479551
"7045",-4296.285398
"7046",-3314.250324
"7047",-550.499463
"7048",-1002.964175
"7049",-1452.047452
"7050",-2916.264637
"7051",-1919.498499
"7052",-2217.149936
"7053",-1938.443468
"7054",-6081.192303
"7055",-1757.724536
"7056",-1266.426259
"7057",-1640.320224
"7058",-7641.829101
"7059",-3842.596726
"7060",-1665.689398
"7061",-3545.403952
"7062",-1514.223053
"7063",-5182.446185
"7064",-1696.541706
"7065",-2317.493578
"7066",-1881.778372
"7067",-1365.023758
"7068",-2320.971761
"7069",-3255.645682
"7070",-1616.233846
"7071",-2201.882259
"7072",-1852.969613
"7073",-5832.466264
"7074",-1895.255509
"7075",-3689.045657
"7076",-1632.670644
"7077",-1497.354959
"7078",-1223.517298
"7079",-2608.189438
"7080",-2934.964379
"7081",-1730.091384
"7082",-2005.231426
"7083",-2890.885246
"7084",-1585.918816
"7085",-573.928936
"7086",-3030.171322
"7087",-1875.117274
"7088",-1564.990907
"7089",-2967.413797
"7090",-3871.932412
"7091",-2394.475645
"7092",-3804.308812
"7093",-809.731795
"7094",-1859.716665
"7095",-4555.95338
"7096",-3808.455847
"7097",-4134.592915
"7098",-7390.180544
"7099",-3839.247086
"7100",-4730.585214
"7101",-3857.732108
"7102",-3571.24153
"7103",-1873.326014
"7104",-1921.853232
"7105",-5474.026126
"7106",-2991.71348
"7107",-3184.934923
"7108",-5542.68348
"7109",-2501.532282
"7110",-2540.821353
"7111",-1573.636562
"7112",-2005.175681
"7113",-1235.786401
"7114",-866.883492
"7115",-3901.510906
"7116",-3731.210874
"7117",-3974.351434
"7118",-1288.868052
"7119",-7730.823311
"7120",-2097.932983
"7121",-1919.992124
"7122",-3079.266255
"7123",-2595.69252
"7124",-2774.067959
"7125",-1343.421782
"7126",-4761.043865
"7127",-2187.719957
"7128",-3279.059677
"7129",-1547.486826
"7130",-4475.401235
"7131",-5445.549563
"7132",-3408.551082
"7133",-6593.133609
"7134",-2069.251961
"7135",-794.854373
"7136",-4538.878986
"7137",-4019.555086
"7138",-3163.071488
"7139",-3292.331983
"7140",-2599.407453
"7141",-12039.849157
"7142",-2658.770163
"7143",-5556.14564
"7144",-2404.4378
"7145",-2462.265176
"7146",-2243.532768
"7147",-2194.676788
"7148",-3617.052563
"7149",-6335.763533
"7150",-3707.371189
"7151",-803.26576
"7152",-5591.888866
"7153",-4102.850011
"7154",-1860.261197
"7155",-2527.89229
"7156",-1885.94239
"7157",-2887.708659
"7158",-1601.598678
"7159",-4549.600706
"7160",-1957.944182
"7161",-4209.703147
"7162",-1117.518769
"7163",-5089.213407
"7164",-9386.390661
"7165",-1276.20404
"7166",-2409.342984
"7167",-1318.637849
"7168",-2001.927008
"7169",-1150.460898
"7170",-3650.055167
"7171",-903.182053
"7172",-2378.538833
"7173",-3444.788804
"7174",-770.447303
"7175",-2128.326937
"7176",-3715.354808
"7177",-2694.50787
"7178",-2815.484497
"7179",-3142.792366
"7180",-1604.821476
"7181",-3749.431689
"7182",-1863.86705
"7183",-3648.969445
"7184",-5515.492614
"7185",-4540.47976
"7186",-4471.125352
"7187",-2704.010592
"7188",-1940.789799
"7189",-4215.789938
"7190",-2550.195404
"7191",-2279.27687
"7192",-1375.187026
"7193",-8709.492791
"7194",-3700.930821
"7195",-2260.820013
"7196",-1742.928706
"7197",-5504.921524
"7198",-3490.077189
"7199",-3175.509282
"7200",-2571.642269
"7201",-2215.197349
"7202",-4167.436471
"7203",-3221.356283
"7204",-5428.992991
"7205",-3206.594923
"7206",-1979.535615
"7207",-4948.638496
"7208",-2312.123357
"7209",-1923.773814
"7210",-5021.459744
"7211",-2102.207918
"7212",-1047.927742
"7213",-1852.468587
"7214",-4346.810866
"7215",-15815.637548
"7216",-4422.140525
"7217",-1496.043566
"7218",-4567.460052
"7219",-7237.833126
"7220",-4755.194626
"7221",-4716.150015
"7222",-2347.123598
"7223",-2162.776467
"7224",-1401.918296
"7225",-951.325033
"7226",-5133.296791
"7227",-2120.232393
"7228",-3299.300985
"7229",-4204.162433
"7230",-1743.505153
"7231",-3656.239379
"7232",-2660.626838
"7233",-6479.236078
"7234",-7664.323391
"7235",-3655.712177
"7236",-1024.31291
"7237",-3514.878967
"7238",-730.34839
"7239",-1906.754666
"7240",-2242.284896
"7241",-2450.141497
"7242",-3223.023618
"7243",-1982.989266
"7244",-5395.391325
"7245",-3416.29496
"7246",-3298.784361
"7247",-4498.665323
"7248",-2576.857068
"7249",-4161.958538
"7250",-2664.290791
"7251",-2508.314338
"7252",-3331.162692
"7253",-2972.742245
"7254",-2635.168065
"7255",-1278.392095
"7256",-2659.22888
"7257",-1556.657003
"7258",-3347.426418
"7259",-1792.856514
"7260",-1443.780511
"7261",-2026.837799
"7262",-2310.617635
"7263",-2755.452589
"7264",-4288.885497
"7265",-3796.145775
"7266",-1631.606822
"7267",-6148.88425
"7268",-1050.171048
"7269",-853.530609
"7270",-2127.143149
"7271",-2645.49323
"7272",-982.779298
"7273",-3529.31093
"7274",-12528.863302
"7275",-3589.250775
"7276",-4699.314855
"7277",-4204.090152
"7278",-6802.221772
"7279",-2072.943261
"7280",-2500.56014
"7281",-4761.068422
"7282",-2657.859953
"7283",-4615.607365
"7284",-1998.811107
"7285",-2908.914456
"7286",-2774.671194
"7287",-2742.128056
"7288",-3529.778543
"7289",-2083.222346
"7290",-2242.163136
"7291",-1952.571394
"7292",-2500.491151
"7293",-2569.77949
"7294",-1815.524357
"7295",-3429.609861
"7296",-2293.657073
"7297",-1924.249301
"7298",-1665.557114
"7299",-2449.775274
"7300",-2967.776544
"7301",-1099.110407
"7302",-4299.839171
"7303",-3921.315379
"7304",-2636.367817
"7305",-4298.722082
"7306",-1954.520752
"7307",-3211.468789
"7308",-4165.790541
"7309",-657.780585
"7310",-2042.401373
"7311",-3851.657365
"7312",-1405.884491
"7313",-935.431961
"7314",-2632.157851
"7315",-1415.002261
"7316",-3571.219201
"7317",-844.954921
"7318",-7717.003549
"7319",-2036.110311
"7320",-4928.644386
"7321",-4285.2887
"7322",-1931.757416
"7323",-3144.952831
"7324",-663.022693
"7325",-685.39549
"7326",-1508.722243
"7327",-1660.723641
"7328",-1708.411039
"7329",-3284.417781
"7330",-2549.486249
"7331",-1123.656902
"7332",-4693.528292
"7333",-1211.829963
"7334",-3854.74528
"7335",-6412.589632
"7336",-2259.098629
"7337",-6223.484873
"7338",-1201.901863
"7339",-3140.983964
"7340",-2163.720366
"7341",-2833.046178
"7342",-1427.017966
"7343",-1117.541401
"7344",-5767.788299
"7345",-1813.56204
"7346",-5475.539205
"7347",-1894.799473
"7348",-862.067674
"7349",-2806.950819
"7350",-539.731208
"7351",-478.675771
"7352",-2550.115784
"7353",-1378.926655
"7354",-2290.547563
"7355",-610.525893
"7356",-2273.662172
"7357",-1623.524794
"7358",-2293.519583
"7359",-3525.887181
"7360",-1967.289523
"7361",-3666.453819
"7362",-3421.652788
"7363",-1839.983355
"7364",-2455.364074
"7365",-2647.354548
"7366",-646.936834
"7367",-6169.025622
"7368",-3011.503677
"7369",-950.581613
"7370",-5404.680016
"7371",-1702.70488
"7372",-1122.446278
"7373",-3100.274878
"7374",-1023.4551
"7375",-1090.56982
"7376",-1615.354112
"7377",-792.947577
"7378",-2616.78564
"7379",-1378.020256
"7380",-2492.520965
"7381",-3332.266055
"7382",-2575.298897
"7383",-4161.223593
"7384",-643.49377
"7385",-1437.467764
"7386",-3185.186171
"7387",-4827.495884
"7388",-2188.634572
"7389",-512.422148
"7390",-4190.625267
"7391",-5269.97232
"7392",-4377.771178
"7393",-1550.357888
"7394",-3954.187903
"7395",-3474.396953
"7396",-3237.557954
"7397",-3630.783893
"7398",-2064.675557
"7399",-1885.036213
"7400",-4797.012143
"7401",-1705.703133
"7402",-2986.198638
"7403",-1908.875626
"7404",-1654.653356
"7405",-852.071319
"7406",-2878.074874
"7407",-1697.936065
"7408",-4800.389457
"7409",-3056.763712
"7410",-1500.158387
"7411",-4916.920772
"7412",-2559.446554
"7413",-3810.831069
"7414",-1451.19571
"7415",-2016.379861
"7416",-8283.748836
"7417",-3299.577628
"7418",-1176.722381
"7419",-2474.497596
"7420",-6317.982398
"7421",-814.753994
"7422",-4462.888898
"7423",-5233.499351
"7424",-3202.206803
"7425",-2251.278454
"7426",-4999.481101
"7427",-1861.324633
"7428",-2927.723702
"7429",-2133.569416
"7430",-1157.444482
"7431",-5724.880789
"7432",-2186.827959
"7433",-3502.704857
"7434",-1546.181597
"7435",-6515.434304
"7436",-3266.072306
"7437",-6884.986828
"7438",-2322.158302
"7439",-12673.662435
"7440",-2565.300317
"7441",-2274.951474
"7442",-7041.332708
"7443",-5247.539765
"7444",-1785.8246
"7445",-1333.821322
"7446",-2070.392302
"7447",-7174.722643
"7448",-2098.223977
"7449",-779.923554
"7450",-635.185316
"7451",-1823.296832
"7452",-5766.662009
"7453",-5171.961208
"7454",-6487.309505
"7455",-3919.588294
"7456",-1318.406909
"7457",-957.50709
"7458",-2207.979185
"7459",-1363.376284
"7460",-1724.103697
"7461",-787.015985
"7462",-1441.441649
"7463",-2961.177166
"7464",-1354.282739
"7465",-1387.94649
"7466",-1998.935003
"7467",-1052.534892
"7468",-2833.142628
"7469",-3253.330559
"7470",-1326.472739
"7471",-1083.20743
"7472",-1703.64896
"7473",-957.857127
"7474",-1900.365284
"7475",-1925.417422
"7476",-1762.196135
"7477",-1382.255294
"7478",-1360.200657
"7479",-1645.208139
"7480",-785.893969
"7481",-783.695535
"7482",-2565.649462
"7483",-2714.129689
"7484",-1889.111666
"7485",-2739.586737
"7486",-2039.15227
"7487",-1787.97226
"7488",-992.919137
"7489",-2920.665357
"7490",-1417.413729
"7491",-2125.386616
"7492",-1221.812522
"7493",-2025.534401
"7494",-1560.148281
"7495",-494.152154
"7496",-6141.840117
"7497",-5075.293001
"7498",-8368.572996
"7499",-1201.26215
"7500",-645.346998
"7501",-839.243462
"7502",-6460.832578
"7503",-2451.31867
"7504",-4104.295098
"7505",-6634.090394
"7506",-4193.935199
"7507",-2224.206717
"7508",-2119.40513
"7509",-4036.484338
"7510",-7927.762956
"7511",-3099.814464
"7512",-2026.335876
"7513",-831.067057
"7514",-2645.46661
"7515",-5974.831046
"7516",-3168.172161
"7517",-658.206412
"7518",-1021.490344
"7519",-2548.112492
"7520",-2054.830249
"7521",-2534.789192
"7522",-2248.74703
"7523",-617.401484
"7524",-2637.844708
"7525",-2511.834622
"7526",-4326.657321
"7527",-792.457653
"7528",-2420.246906
"7529",-1201.848755
"7530",-2408.901129
"7531",-2265.509325
"7532",-7685.273745
"7533",-1391.158939
"7534",-1431.983763
"7535",-755.371894
"7536",-3213.427224
"7537",-566.46083
"7538",-3512.069411
"7539",-1916.150858
"7540",-1256.051136
"7541",-2169.424106
"7542",-3114.177726
"7543",-5213.385873
"7544",-3265.704336
"7545",-3348.189293
"7546",-1435.72714
"7547",-868.259192
"7548",-1746.411775
"7549",-4007.8526
"7550",-1349.547115
"7551",-3040.148189
"7552",-3424.093122
"7553",-3470.351735
"7554",-3666.992984
"7555",-3728.810101
"7556",-2564.671138
"7557",-4070.53968
"7558",-1291.607655
"7559",-3844.58508
"7560",-1582.916819
"7561",-2993.483883
"7562",-5594.609549
"7563",-2211.71923
"7564",-1631.617557
"7565",-3231.360536
"7566",-517.049912
"7567",-3264.651756
"7568",-3371.696177
"7569",-1634.4247
"7570",-2796.034449
"7571",-2047.276778
"7572",-3483.543132
"7573",-3278.619537
"7574",-2787.675397
"7575",-4817.246555
"7576",-1884.742757
"7577",-6638.947417
"7578",-2732.806982
"7579",-3432.500322
"7580",-2977.087711
"7581",-4493.79215
"7582",-2009.496797
"7583",-3114.091236
"7584",-2317.347105
"7585",-3278.131753
"7586",-1553.463881
"7587",-2538.979637
"7588",-7336.583938
"7589",-1036.615804
"7590",-3316.63357
"7591",-2006.234068
"7592",-3001.172174
"7593",-2887.726298
"7594",-2160.876852
"7595",-3787.469307
"7596",-3938.05266
"7597",-4889.979402
"7598",-3224.48277
"7599",-3023.714221
"7600",-898.747504
"7601",-3108.996418
"7602",-2589.475349
"7603",-3075.039658
"7604",-3326.492417
"7605",-1212.231555
"7606",-3308.039312
"7607",-443.014874
"7608",-4303.343273
"7609",-2532.537549
"7610",-1283.344744
"7611",-417.848652
"7612",-694.417001
"7613",-1589.702103
"7614",-5251.711727
"7615",-2137.163462
"7616",-5048.283046
"7617",-2388.521024
"7618",-1673.008966
"7619",-3025.548426
"7620",-2831.252263
"7621",-2256.161454
"7622",-3943.532954
"7623",-1714.215737
"7624",-2634.019078
"7625",-4981.237814
"7626",-3964.99771
"7627",-1369.505639
"7628",-2087.480902
"7629",-2107.752503
"7630",-1140.234218
"7631",-3436.122149
"7632",-3877.574883
"7633",-3872.83172
"7634",-1341.347816
"7635",-2286.822022
"7636",-3016.688217
"7637",-3629.369486
"7638",-1084.635818
"7639",-1193.565395
"7640",-1569.877953
"7641",-2979.935944
"7642",-4498.69022
"7643",-3072.110392
"7644",-3048.392017
"7645",-2381.123472
"7646",-386.93055
"7647",-2357.792895
"7648",-2264.138973
"7649",-1598.892028
"7650",-1215.919476
"7651",-1719.490359
"7652",-3640.726636
"7653",-845.193433
"7654",-2603.649394
"7655",-2108.888239
"7656",-2268.665966
"7657",-949.713099
"7658",-2313.521004
"7659",-2117.028909
"7660",-1896.43952
"7661",-1128.397221
"7662",-5153.186406
"7663",-1697.436766
"7664",-4666.69628
"7665",-9145.376994
"7666",-3712.96592
"7667",-4066.301847
"7668",-3223.09998
"7669",-2048.184028
"7670",-2057.169949
"7671",-3065.885722
"7672",-779.009449
"7673",-1022.820676
"7674",-6328.406742
"7675",-1356.263943
"7676",-2053.13325
"7677",-1053.694184
"7678",-5539.595574
"7679",-2002.539746
"7680",-3644.583111
"7681",-3388.637382
"7682",-2877.085195
"7683",-5273.568224
"7684",-964.520326
"7685",-3872.270747
"7686",-4078.929182
"7687",-2939.458114
"7688",-4887.512763
"7689",-1535.95104
"7690",-1460.443014
"7691",-6151.566178
"7692",-2698.324328
"7693",-1312.232781
"7694",-6349.336953
"7695",-2823.281792
"7696",-4124.605664
"7697",-1191.696197
"7698",-1325.689783
"7699",-1615.120823
"7700",-1978.714134
"7701",-3894.799874
"7702",-4225.615577
"7703",-4000.790612
"7704",-6468.425888
"7705",-3860.149113
"7706",-2514.055597
"7707",-5722.531167
"7708",-1528.338072
"7709",-3095.230782
"7710",-2931.136096
"7711",-2097.544623
"7712",-1491.741843
"7713",-4639.07102
"7714",-2943.800792
"7715",-1157.400987
"7716",-2621.56144
"7717",-4718.710125
"7718",-587.631014
"7719",-6484.329135
"7720",-11399.421666
"7721",-2150.829351
"7722",-2496.226873
"7723",-939.031083
"7724",-2525.524186
"7725",-851.624619
"7726",-2761.053442
"7727",-1620.381424
"7728",-920.255321
"7729",-394.383718
"7730",-3462.790383
"7731",-1779.3754
"7732",-3569.598919
"7733",-3557.092439
"7734",-2019.347175
"7735",-2476.304947
"7736",-3547.447351
"7737",-3204.429338
"7738",-1349.922734
"7739",-1341.955377
"7740",-2209.655228
"7741",-2324.621515
"7742",-4132.299541
"7743",-2456.177658
"7744",-1082.299801
"7745",-1379.490581
"7746",-2793.867283
"7747",-2592.209552
"7748",-1346.719004
"7749",-2700.989604
"7750",-1285.531593
"7751",-2086.109631
"7752",-2220.881487
"7753",-2132.839234
"7754",-1753.528397
"7755",-4729.423297
"7756",-2118.894986
"7757",-1987.452609
"7758",-1499.121615
"7759",-1467.999992
"7760",-3399.624775
"7761",-3472.089046
"7762",-3624.284866
"7763",-630.372274
"7764",-1762.963459
"7765",-1642.132891
"7766",-3151.724085
"7767",-2414.878711
"7768",-2584.672593
"7769",-3087.398567
"7770",-3017.289174
"7771",-2241.056489
"7772",-7229.38237
"7773",-3042.474034
"7774",-1184.37718
"7775",-1789.06099
"7776",-1297.910916
"7777",-1656.150809
"7778",-2302.208391
"7779",-1759.456681
"7780",-1101.639779
"7781",-1864.345405
"7782",-1876.012641
"7783",-737.200266
"7784",-1249.046935
"7785",-2146.396011
"7786",-1357.953231
"7787",-3138.110449
"7788",-1215.257707
"7789",-2419.82924
"7790",-1101.104789
"7791",-1508.760916
"7792",-1508.90328
"7793",-2095.251168
"7794",-5492.225067
"7795",-1660.181878
"7796",-4066.207554
"7797",-2018.295538
"7798",-2652.51074
"7799",-1383.562175
"7800",-1408.200294
"7801",-1917.744168
"7802",-8047.599546
"7803",-2481.896465
"7804",-2350.474043
"7805",-1777.328875
"7806",-2435.402877
"7807",-5931.299749
"7808",-1429.709227
"7809",-2367.759461
"7810",-4456.415501
"7811",-6087.152312
"7812",-5156.560783
"7813",-2982.097731
"7814",-3076.562203
"7815",-4665.313033
"7816",-1023.574533
"7817",-1708.197873
"7818",-1709.26543
"7819",-2028.617617
"7820",-1496.695842
"7821",-4706.513905
"7822",-2386.757519
"7823",-1866.245278
"7824",-596.567494
"7825",-814.303354
"7826",-956.566042
"7827",-4421.385609
"7828",-3384.537982
"7829",-8811.73918
"7830",-2248.581144
"7831",-931.835125
"7832",-2525.163137
"7833",-7716.594934
"7834",-2402.899425
"7835",-2106.39573
"7836",-1538.722449
"7837",-7509.494327
"7838",-3601.247163
"7839",-4110.732648
"7840",-3701.753767
"7841",-3393.158904
"7842",-3562.508355
"7843",-2924.719359
"7844",-7816.890249
"7845",-2600.002926
"7846",-734.703423
"7847",-1355.872691
"7848",-2195.975942
"7849",-8745.769081
"7850",-1812.31332
"7851",-2364.813323
"7852",-4545.067255
"7853",-2417.554908
"7854",-1210.753742
"7855",-1312.707918
"7856",-4002.19354
"7857",-2446.44221
"7858",-1159.727073
"7859",-4391.057865
"7860",-1830.464478
"7861",-2198.646538
"7862",-1945.463425
"7863",-1055.833603
"7864",-1662.626838
"7865",-2660.739777
"7866",-3565.749275
"7867",-2665.919946
"7868",-1737.417098
"7869",-1716.64298
"7870",-2579.668675
"7871",-4230.678895
"7872",-3409.095507
"7873",-2150.191215
"7874",-4937.420576
"7875",-3919.773373
"7876",-1409.630452
"7877",-2635.117223
"7878",-1135.853805
"7879",-4590.29514
"7880",-1392.344141
"7881",-1144.936358
"7882",-1848.427913
"7883",-1784.440892
"7884",-2829.183743
"7885",-2965.671558
"7886",-834.41845
"7887",-3683.878905
"7888",-2160.365786
"7889",-2887.75176
"7890",-1772.581341
"7891",-2367.690361
"7892",-1630.85161
"7893",-3253.845307
"7894",-520.450067
"7895",-2788.396976
"7896",-1403.580892
"7897",-2444.938681
"7898",-2029.396227
"7899",-1126.362377
"7900",-1926.353053
"7901",-2367.195464
"7902",-3778.021185
"7903",-1113.925649
"7904",-781.432164
"7905",-519.845645
"7906",-972.497616
"7907",-2813.762952
"7908",-2076.275251
"7909",-1290.633191
"7910",-2294.81684
"7911",-1929.241232
"7912",-5610.40217
"7913",-1345.309311
"7914",-3902.60808
"7915",-2262.336541
"7916",-7584.641422
"7917",-1093.696115
"7918",-4062.30407
"7919",-2404.638186
"7920",-3647.49445
"7921",-1014.908538
"7922",-4182.837102
"7923",-2400.741286
"7924",-2899.083384
"7925",-1344.015208
"7926",-3175.184487
"7927",-2004.362329
"7928",-2663.442693
"7929",-1989.256227
"7930",-1744.262138
"7931",-5165.750898
"7932",-4395.926332
"7933",-3457.402151
"7934",-3294.864565
"7935",-1300.170364
"7936",-2082.923503
"7937",-2671.019649
"7938",-1708.068236
"7939",-1918.213452
"7940",-2372.573839
"7941",-7555.371495
"7942",-3459.702317
"7943",-5939.431271
"7944",-5128.694418
"7945",-4139.68563
"7946",-3045.496962
"7947",-3396.124937
"7948",-9917.758956
"7949",-1857.316935
"7950",-1558.980382
"7951",-2760.157194
"7952",-1716.098601
"7953",-3643.231655
"7954",-1750.868749
"7955",-3359.099993
"7956",-3619.198264
"7957",-3863.211218
"7958",-2136.66144
"7959",-6072.483825
"7960",-3309.957242
"7961",-868.290603
"7962",-857.086587
"7963",-1958.857883
"7964",-4556.632878
"7965",-7292.657964
"7966",-1506.100112
"7967",-1718.651545
"7968",-2890.940096
"7969",-1953.794206
"7970",-3133.978757
"7971",-1500.389684
"7972",-1736.192346
"7973",-1628.975236
"7974",-2064.202977
"7975",-3523.590529
"7976",-2145.787548
"7977",-3729.541353
"7978",-3075.125319
"7979",-1584.491347
"7980",-1297.956488
"7981",-1754.433887
"7982",-3402.218364
"7983",-945.591406
"7984",-2490.343121
"7985",-1638.246573
"7986",-1860.034035
"7987",-1577.022259
"7988",-1660.964675
"7989",-1193.434125
"7990",-2408.692932
"7991",-5049.641474
"7992",-1673.917067
"7993",-3235.833933
"7994",-1696.332357
"7995",-7127.318192
"7996",-1230.780889
"7997",-4954.377192
"7998",-5224.936072
"7999",-4077.606266
"8000",-1211.892698
"8001",-2553.677431
"8002",-2278.507561
"8003",-7549.335669
"8004",-3212.846191
"8005",-1123.267618
"8006",-1946.611435
"8007",-2339.885645
"8008",-1857.484629
"8009",-4605.792361
"8010",-3857.656619
"8011",-2102.586357
"8012",-2465.519452
"8013",-6107.86546
"8014",-3894.493349
"8015",-3571.441447
"8016",-2995.551219
"8017",-5565.594926
"8018",-1107.095208
"8019",-2004.728591
"8020",-6614.634962
"8021",-1152.053101
"8022",-3036.785792
"8023",-1081.65777
"8024",-2304.807641
"8025",-3462.587542
"8026",-1686.108686
"8027",-2202.709076
"8028",-5772.178491
"8029",-3617.66784
"8030",-2570.766423
"8031",-4107.898073
"8032",-1244.777219
"8033",-1512.37544
"8034",-2529.128333
"8035",-5468.51862
"8036",-2464.240131
"8037",-3394.898225
"8038",-4909.561941
"8039",-740.565549
"8040",-2343.449026
"8041",-2592.838507
"8042",-3498.36067
"8043",-1942.957729
"8044",-3264.703118
"8045",-4752.63386
"8046",-4361.251206
"8047",-3310.376512
"8048",-1643.74948
"8049",-5589.197162
"8050",-2320.874063
"8051",-1758.96292
"8052",-1787.64737
"8053",-2218.028765
"8054",-4281.729205
"8055",-2576.590271
"8056",-6837.160576
"8057",-3452.466613
"8058",-941.653262
"8059",-1766.273904
"8060",-1898.263109
"8061",-1561.599263
"8062",-5710.323094
"8063",-2157.675558
"8064",-3046.232378
"8065",-1077.829569
"8066",-6501.115889
"8067",-2299.278281
"8068",-1680.945116
"8069",-868.382037
"8070",-2970.798097
"8071",-1928.345425
"8072",-1116.887087
"8073",-1183.565519
"8074",-997.199749
"8075",-5102.941729
"8076",-1595.074633
"8077",-456.958595
"8078",-1073.383389
"8079",-3147.232014
"8080",-4846.680795
"8081",-1348.959818
"8082",-2173.890626
"8083",-2238.693769
"8084",-2203.537335
"8085",-2200.816544
"8086",-2732.482049
"8087",-2195.716455
"8088",-2176.345271
"8089",-1520.208826
"8090",-2142.155271
"8091",-8054.698915
"8092",-6916.51833
"8093",-877.210446
"8094",-1372.992113
"8095",-3192.975329
"8096",-1007.030149
"8097",-1613.307647
"8098",-3917.379888
"8099",-3787.973896
"8100",-1934.00855
"8101",-1269.893326
"8102",-5475.948474
"8103",-591.828698
"8104",-2773.610636
"8105",-1674.745405
"8106",-2503.763454
"8107",-4553.598635
"8108",-1776.610944
"8109",-2737.249217
"8110",-1071.303717
"8111",-2946.061326
"8112",-2588.878815
"8113",-3184.782194
"8114",-4028.655119
"8115",-4815.429637
"8116",-738.736313
"8117",-7356.834304
"8118",-2590.897304
"8119",-7015.069373
"8120",-4038.290087
"8121",-2874.737091
"8122",-713.323545
"8123",-735.302802
"8124",-5815.434295
"8125",-2810.00249
"8126",-2257.941204
"8127",-2333.634709
"8128",-2445.739929
"8129",-7241.590576
"8130",-2550.917452
"8131",-5858.101564
"8132",-619.839842
"8133",-1549.473285
"8134",-2541.404697
"8135",-3874.28724
"8136",-4470.427601
"8137",-1395.777961
"8138",-702.028682
"8139",-2697.975532
"8140",-2721.632513
"8141",-3513.01753
"8142",-2106.307463
"8143",-3216.6214
"8144",-2094.203549
"8145",-884.944352
"8146",-4829.64106
"8147",-1730.892945
"8148",-2188.516674
"8149",-1745.409113
"8150",-2630.631407
"8151",-1663.611455
"8152",-2067.615617
"8153",-5881.699377
"8154",-3585.905507
"8155",-3344.535825
"8156",-3568.438016
"8157",-2809.582694
"8158",-2103.64939
"8159",-1248.543252
"8160",-2273.573245
"8161",-1457.569502
"8162",-2871.359876
"8163",-1571.609574
"8164",-7583.957473
"8165",-1881.168508
"8166",-2785.169525
"8167",-5270.287559
"8168",-2113.610031
"8169",-1092.497868
"8170",-1611.193974
"8171",-1001.246743
"8172",-1582.068795
"8173",-934.611039
"8174",-2723.033659
"8175",-2359.635451
"8176",-7016.042551
"8177",-7338.519187
"8178",-2293.71014
"8179",-6812.404179
"8180",-1473.589357
"8181",-2834.96403
"8182",-1730.446766
"8183",-2036.811215
"8184",-2575.848101
"8185",-4051.187692
"8186",-4379.719097
"8187",-1757.730341
"8188",-2455.663821
"8189",-2524.186773
"8190",-4909.265818
"8191",-1608.677948
"8192",-5348.055456
"8193",-1567.871455
"8194",-2910.276208
"8195",-1860.459024
"8196",-2230.3432
"8197",-3526.94775
"8198",-3291.062261
"8199",-1830.34784
"8200",-1521.444028
"8201",-1486.071614
"8202",-4937.740767
"8203",-7062.962034
"8204",-7155.503446
"8205",-5427.10458
"8206",-2581.050177
"8207",-2836.012882
"8208",-2434.738585
"8209",-1939.247368
"8210",-24381.187559
"8211",-2420.742025
"8212",-3594.155464
"8213",-4253.336917
"8214",-3667.841729
"8215",-2134.068451
"8216",-3573.561934
"8217",-4017.205928
"8218",-5138.497275
"8219",-5286.168381
"8220",-6243.095362
"8221",-2502.55535
"8222",-2159.189375
"8223",-3070.375733
"8224",-3746.682094
"8225",-1486.41152
"8226",-10200.485031
"8227",-3625.312877
"8228",-1133.189057
"8229",-1718.869425
"8230",-3653.661145
"8231",-1619.929513
"8232",-1722.551403
"8233",-1709.402279
"8234",-2211.381628
"8235",-2950.307295
"8236",-2324.841887
"8237",-1360.271949
"8238",-3508.096362
"8239",-5198.617661
"8240",-13874.284513
"8241",-952.543123
"8242",-2425.7676
"8243",-4098.856332
"8244",-2668.73253
"8245",-3821.462308
"8246",-1971.378286
"8247",-2674.653751
"8248",-2450.732215
"8249",-1427.797844
"8250",-3412.669689
"8251",-1158.406533
"8252",-2746.195388
"8253",-3162.96255
"8254",-1683.774055
"8255",-1623.702477
"8256",-2129.05834
"8257",-5282.726538
"8258",-1696.058936
"8259",-2869.465397
"8260",-1680.759872
"8261",-626.128626
"8262",-1694.86605
"8263",-3955.445006
"8264",-709.147921
"8265",-6273.525002
"8266",-4212.360392
"8267",-1501.070457
"8268",-5142.840596
"8269",-2557.769193
"8270",-1873.479298
"8271",-2569.440268
"8272",-1722.18821
"8273",-3011.224978
"8274",-1583.044532
"8275",-2232.332895
"8276",-6887.08385
"8277",-5486.778873
"8278",-1638.332438
"8279",-5068.067486
"8280",-4941.754144
"8281",-495.993526
"8282",-4435.562954
"8283",-788.708886
"8284",-3594.027606
"8285",-2039.138411
"8286",-1027.250868
"8287",-5920.388916
"8288",-6330.795759
"8289",-2942.713804
"8290",-2670.675796
"8291",-2873.86872
"8292",-2122.143886
"8293",-3332.150532
"8294",-2098.723165
"8295",-3639.09458
"8296",-2065.704454
"8297",-4102.510165
"8298",-3431.887685
"8299",-2514.143327
"8300",-1305.480934
"8301",-8419.646365
"8302",-2206.837889
"8303",-1582.625434
"8304",-2986.311789
"8305",-4637.304294
"8306",-2053.444533
"8307",-5368.836818
"8308",-3808.841496
"8309",-2696.016012
"8310",-2593.379414
"8311",-809.1267
"8312",-1168.432125
"8313",-1887.577466
"8314",-1454.382076
"8315",-898.197374
"8316",-4823.352261
"8317",-3434.815345
"8318",-1763.891146
"8319",-2904.350303
"8320",-2428.884431
"8321",-3218.622703
"8322",-3490.514901
"8323",-3510.304267
"8324",-8545.575401
"8325",-1933.928786
"8326",-1131.056496
"8327",-1866.977773
"8328",-5033.359663
"8329",-2094.839014
"8330",-7092.004401
"8331",-2888.443563
"8332",-4243.802632
"8333",-813.447513
"8334",-1672.441296
"8335",-2331.741408
"8336",-5902.954628
"8337",-1653.535475
"8338",-1958.672261
"8339",-3445.214344
"8340",-3801.590411
"8341",-1777.91009
"8342",-2482.720248
"8343",-508.848487
"8344",-7183.502108
"8345",-609.461134
"8346",-850.944099
"8347",-1012.734187
"8348",-3471.202003
"8349",-2056.802174
"8350",-4042.325591
"8351",-4739.658078
"8352",-3738.844849
"8353",-1839.055588
"8354",-2496.008549
"8355",-794.813138
"8356",-7681.189524
"8357",-2534.835659
"8358",-4189.731403
"8359",-7370.540876
"8360",-2440.275429
"8361",-1506.363436
"8362",-2583.221445
"8363",-3053.150246
"8364",-6452.943762
"8365",-3072.197127
"8366",-2858.602522
"8367",-2302.208224
"8368",-1341.802557
"8369",-3732.768492
"8370",-2374.861654
"8371",-2035.525068
"8372",-2024.685247
"8373",-4968.108622
"8374",-5499.686944
"8375",-2881.024629
"8376",-2424.293402
"8377",-1388.345271
"8378",-2728.455314
"8379",-3976.227091
"8380",-975.351002
"8381",-3448.46725
"8382",-1775.389101
"8383",-1524.730444
"8384",-984.82255
"8385",-2539.481723
"8386",-1474.799537
"8387",-571.090446
"8388",-2214.029527
"8389",-4518.332036
"8390",-4124.665331
"8391",-2814.762709
"8392",-1650.818456
"8393",-4317.909586
"8394",-4151.299547
"8395",-2921.909332
"8396",-5175.176652
"8397",-3595.57934
"8398",-6693.674175
"8399",-1516.674073
"8400",-2410.547937
"8401",-3208.230068
"8402",-4387.648847
"8403",-718.124339
"8404",-1119.254018
"8405",-2648.701076
"8406",-806.847512
"8407",-1264.619864
"8408",-661.783213
"8409",-1586.40378
"8410",-1765.552021
"8411",-2532.773342
"8412",-4126.931401
"8413",-7337.107887
"8414",-1244.488804
"8415",-10324.576834
"8416",-1908.343142
"8417",-4355.816563
"8418",-2718.208785
"8419",-2320.187809
"8420",-1175.841438
"8421",-2222.371288
"8422",-2208.188138
"8423",-3866.321805
"8424",-788.730788
"8425",-2098.905006
"8426",-1899.24669
"8427",-2438.13813
"8428",-3714.103053
"8429",-2338.288891
"8430",-5430.237406
"8431",-2352.357166
"8432",-1852.905857
"8433",-3966.164888
"8434",-2522.229843
"8435",-4186.702242
"8436",-3123.723037
"8437",-2595.23735
"8438",-3769.092961
"8439",-2062.738216
"8440",-2769.00583
"8441",-2529.177783
"8442",-1628.7732
"8443",-1358.322612
"8444",-3825.61157
"8445",-1556.589791
"8446",-1742.092807
"8447",-1446.524187
"8448",-1862.918099
"8449",-3265.533951
"8450",-1169.107239
"8451",-1654.804071
"8452",-1939.430501
"8453",-2731.733211
"8454",-1532.104338
"8455",-5734.584063
"8456",-2914.643466
"8457",-8289.221384
"8458",-1551.49731
"8459",-2117.585482
"8460",-1170.910399
"8461",-2466.634845
"8462",-4053.12742
"8463",-3175.470858
"8464",-1496.095019
"8465",-3032.001818
"8466",-2171.822222
"8467",-720.744443
"8468",-1691.777314
"8469",-1202.182221
"8470",-1043.506255
"8471",-1136.036626
"8472",-3353.954217
"8473",-863.258788
"8474",-1794.84353
"8475",-3636.015709
"8476",-1681.633203
"8477",-1172.584505
"8478",-1101.457155
"8479",-1784.512675
"8480",-1760.468485
"8481",-1825.61252
"8482",-2695.564531
"8483",-1455.776208
"8484",-5136.435673
"8485",-8786.548508
"8486",-4070.530644
"8487",-1372.136081
"8488",-1807.387281
"8489",-2528.28629
"8490",-1605.025594
"8491",-1073.868979
"8492",-706.981178
"8493",-3808.718394
"8494",-1131.998217
"8495",-791.714352
"8496",-3387.40598
"8497",-6685.323059
"8498",-3191.618111
"8499",-3635.067296
"8500",-3170.067385
"8501",-2523.541923
"8502",-1478.009673
"8503",-6301.265159
"8504",-1680.287117
"8505",-3103.206545
"8506",-3939.848861
"8507",-1114.567701
"8508",-4843.29251
"8509",-461.911437
"8510",-5763.580989
"8511",-2308.524335
"8512",-2129.151324
"8513",-2484.673464
"8514",-629.423521
"8515",-1291.444929
"8516",-4204.522643
"8517",-3346.26749
"8518",-1054.524518
"8519",-3669.007383
"8520",-2468.084184
"8521",-2008.421898
"8522",-880.980128
"8523",-3109.035658
"8524",-1679.821387
"8525",-2315.618719
"8526",-2032.956188
"8527",-3522.945751
"8528",-1325.919578
"8529",-5157.124235
"8530",-1630.368734
"8531",-2824.166798
"8532",-4048.842761
"8533",-1914.923973
"8534",-2567.712863
"8535",-3461.042494
"8536",-2813.181297
"8537",-4521.820994
"8538",-3053.315269
"8539",-1097.879907
"8540",-6746.049894
"8541",-2246.52584
"8542",-1874.532657
"8543",-3429.229569
"8544",-2480.32393
"8545",-2687.359736
"8546",-6302.973094
"8547",-6741.798928
"8548",-6188.484926
"8549",-1395.05764
"8550",-3439.994365
"8551",-3756.454346
"8552",-2415.051058
"8553",-2200.209018
"8554",-3424.47159
"8555",-5058.47799
"8556",-1405.385265
"8557",-3113.123102
"8558",-2068.731815
"8559",-2810.040476
"8560",-1924.950455
"8561",-764.76787
"8562",-3432.234887
"8563",-4134.698214
"8564",-1655.942724
"8565",-754.118611
"8566",-1446.106186
"8567",-862.402689
"8568",-1259.616363
"8569",-1925.708406
"8570",-1168.333328
"8571",-1312.096064
"8572",-1457.274702
"8573",-2366.077644
"8574",-3267.994981
"8575",-2965.666013
"8576",-1708.414056
"8577",-3447.279769
"8578",-5169.787286
"8579",-4143.88534
"8580",-3488.965082
"8581",-3792.223984
"8582",-2260.213389
"8583",-797.946222
"8584",-2840.64889
"8585",-906.099068
"8586",-4031.300681
"8587",-811.322851
"8588",-1390.856521
"8589",-1442.749538
"8590",-581.225497
"8591",-2518.687221
"8592",-1873.269199
"8593",-2889.394746
"8594",-1063.883045
"8595",-2376.946292
"8596",-1752.496534
"8597",-918.676103
"8598",-4390.79112
"8599",-3039.777751
"8600",-2968.534686
"8601",-1545.924734
"8602",-3074.797902
"8603",-2342.843692
"8604",-5243.260065
"8605",-3437.890433
"8606",-1133.865542
"8607",-985.563214
"8608",-3290.025419
"8609",-2773.432854
"8610",-2098.422216
"8611",-544.413322
"8612",-418.612152
"8613",-1686.974183
"8614",-5702.6101
"8615",-1557.944677
"8616",-2017.11485
"8617",-6579.603335
"8618",-1252.263288
"8619",-2503.554693
"8620",-2412.987943
"8621",-2236.400314
"8622",-6848.755133
"8623",-1817.465416
"8624",-2159.163877
"8625",-1783.514707
"8626",-4930.360992
"8627",-2081.091571
"8628",-3297.444614
"8629",-3668.694613
"8630",-3310.532468
"8631",-3847.902399
"8632",-2610.70686
"8633",-2669.502677
"8634",-1702.563594
"8635",-3605.316236
"8636",-4751.678343
"8637",-1060.068842
"8638",-708.40561
"8639",-2390.623203
"8640",-2465.172799
"8641",-1158.311833
"8642",-1882.446381
"8643",-2786.8497
"8644",-684.50716
"8645",-1133.59995
"8646",-1237.134137
"8647",-1729.888438
"8648",-860.495988
"8649",-5732.136828
"8650",-2270.071939
"8651",-3460.087235
"8652",-2944.860002
"8653",-1742.419145
"8654",-2558.401685
"8655",-1982.995012
"8656",-7519.245185
"8657",-4988.235186
"8658",-2290.360134
"8659",-3973.791333
"8660",-2389.467928
"8661",-3006.825402
"8662",-339.444248
"8663",-523.357404
"8664",-947.015595
"8665",-1480.970451
"8666",-3479.546184
"8667",-4314.851617
"8668",-4068.732625
"8669",-2556.224125
"8670",-1694.615635
"8671",-2577.772495
"8672",-2254.771187
"8673",-5377.171242
"8674",-2249.920825
"8675",-1244.764436
"8676",-802.213165
"8677",-3352.715809
"8678",-4516.69357
"8679",-970.682234
"8680",-996.262222
"8681",-1022.74427
"8682",-1926.305788
"8683",-1827.865889
"8684",-5392.613191
"8685",-3493.623735
"8686",-1315.865424
"8687",-1150.956777
"8688",-1135.295672
"8689",-2237.884353
"8690",-7957.878684
"8691",-1474.578859
"8692",-1576.780662
"8693",-1085.543842
"8694",-2921.124322
"8695",-4110.794483
"8696",-1742.594176
"8697",-3488.996082
"8698",-2832.799723
"8699",-1773.921875
"8700",-2505.078816
"8701",-5499.455907
"8702",-894.60932
"8703",-4491.700908
"8704",-2521.776659
"8705",-2214.165162
"8706",-5626.34057
"8707",-5990.115486
"8708",-4592.172469
"8709",-2534.26115
"8710",-4046.202348
"8711",-2182.187269
"8712",-1934.93009
"8713",-2210.440999
"8714",-14005.486931
"8715",-541.090964
"8716",-4071.449958
"8717",-2635.878593
"8718",-2943.41249
"8719",-3816.761701
"8720",-2816.145862
"8721",-3945.365434
"8722",-5940.241968
"8723",-5857.524706
"8724",-1718.898022
"8725",-5691.709532
"8726",-974.076877
"8727",-3114.645871
"8728",-1638.549918
"8729",-4632.919069
"8730",-1899.606399
"8731",-1629.669684
"8732",-1778.900505
"8733",-1961.628567
"8734",-984.494267
"8735",-2301.064048
"8736",-6536.802105
"8737",-2617.848666
"8738",-7902.732726
"8739",-1588.560664
"8740",-2155.234055
"8741",-2904.891075
"8742",-929.463124
"8743",-1090.557364
"8744",-7968.586467
"8745",-1077.42421
"8746",-1337.718996
"8747",-4261.596055
"8748",-4121.850083
"8749",-3463.436501
"8750",-1479.490193
"8751",-3596.318578
"8752",-12278.292433
"8753",-1051.615731
"8754",-3032.426068
"8755",-1194.164519
"8756",-2462.615195
"8757",-1664.409525
"8758",-1228.810125
"8759",-3094.839939
"8760",-2797.941782
"8761",-6578.543061
"8762",-691.22431
"8763",-2085.029721
"8764",-1034.40726
"8765",-778.447387
"8766",-743.366817
"8767",-6082.088382
"8768",-1198.037516
"8769",-1010.010132
"8770",-1320.24412
"8771",-2409.129544
"8772",-730.462829
"8773",-1922.621712
"8774",-942.251576
"8775",-7070.384361
"8776",-2852.430016
"8777",-3283.293952
"8778",-3498.712529
"8779",-1110.624186
"8780",-1736.142292
"8781",-3298.937708
"8782",-4238.278848
"8783",-799.102429
"8784",-1491.639217
"8785",-1542.621937
"8786",-1916.916425
"8787",-1480.267219
"8788",-7417.57922
"8789",-1781.442909
"8790",-1820.045339
"8791",-1217.370868
"8792",-3370.492881
"8793",-3891.743054
"8794",-4032.075843
"8795",-6838.123026
"8796",-4065.662358
"8797",-1079.976265
"8798",-2438.916107
"8799",-1502.978316
"8800",-1520.789039
"8801",-1356.044688
"8802",-2262.463258
"8803",-3404.796771
"8804",-2575.617378
"8805",-2133.314238
"8806",-2379.084733
"8807",-1710.91413
"8808",-1096.934006
"8809",-2194.505814
"8810",-2122.239742
"8811",-2702.191246
"8812",-2945.822831
"8813",-5231.557553
"8814",-1568.705048
"8815",-3669.352193
"8816",-3408.790255
"8817",-3119.221165
"8818",-6429.046315
"8819",-4218.089625
"8820",-6474.083372
"8821",-1513.146833
"8822",-1306.234597
"8823",-1783.272512
"8824",-450.42791
"8825",-4363.999173
"8826",-1415.453496
"8827",-2502.379805
"8828",-2372.561023
"8829",-1132.89214
"8830",-1647.802621
"8831",-8608.56113
"8832",-1532.013722
"8833",-5623.332045
"8834",-2258.353739
"8835",-1605.341383
"8836",-2149.864148
"8837",-1573.985172
"8838",-1248.60052
"8839",-8350.682829
"8840",-1212.081469
"8841",-6440.697362
"8842",-1515.926665
"8843",-3747.828006
"8844",-1154.838082
"8845",-2911.838768
"8846",-4699.382571
"8847",-1638.68926
"8848",-2087.165427
"8849",-1632.536146
"8850",-2383.264106
"8851",-1271.12243
"8852",-3850.32185
"8853",-2345.924929
"8854",-2373.141477
"8855",-1728.484275
"8856",-1271.202081
"8857",-6291.716348
"8858",-2256.588227
"8859",-3246.693836
"8860",-2304.979245
"8861",-1805.927372
"8862",-2392.32191
"8863",-2166.351747
"8864",-1743.76658
"8865",-396.175221
"8866",-795.950466
"8867",-2629.669757
"8868",-2084.946393
"8869",-5369.159592
"8870",-614.112845
"8871",-6305.12256
"8872",-3579.033243
"8873",-3889.18879
"8874",-2694.958622
"8875",-3620.917302
"8876",-2599.96655
"8877",-4678.415126
"8878",-607.084827
"8879",-5594.787266
"8880",-1901.715649
"8881",-4250.709088
"8882",-5795.319839
"8883",-1971.94174
"8884",-1697.277365
"8885",-1882.259092
"8886",-3589.24606
"8887",-3778.675846
"8888",-1658.370852
"8889",-2940.869439
"8890",-6003.161344
"8891",-2632.689127
"8892",-1538.029633
"8893",-4462.260184
"8894",-2221.672583
"8895",-2922.149043
"8896",-3762.386338
"8897",-1194.285313
"8898",-2218.642429
"8899",-7269.619129
"8900",-3176.543421
"8901",-976.38801
"8902",-3634.629017
"8903",-3175.916549
"8904",-1654.52785
"8905",-2685.504417
"8906",-4229.925454
"8907",-1209.991701
"8908",-5012.069331
"8909",-1806.554372
"8910",-2352.387834
"8911",-1227.090998
"8912",-2040.532991
"8913",-1938.468633
"8914",-1252.891111
"8915",-7925.440155
"8916",-2319.512024
"8917",-1913.221709
"8918",-1567.020685
"8919",-1748.098185
"8920",-1177.719378
"8921",-1209.284983
"8922",-7050.04503
"8923",-1830.99697
"8924",-5146.16674
"8925",-733.146393
"8926",-1679.799855
"8927",-3529.068252
"8928",-2654.264645
"8929",-7156.649646
"8930",-637.743401
"8931",-2762.395044
"8932",-951.343352
"8933",-1737.24234
"8934",-733.109333
"8935",-2936.495208
"8936",-1339.067507
"8937",-6167.321703
"8938",-620.49813
"8939",-1152.911016
"8940",-2812.007625
"8941",-1693.118002
"8942",-641.534229
"8943",-1443.225448
"8944",-2116.102856
"8945",-1796.781275
"8946",-2336.84869
"8947",-453.203931
"8948",-6167.607187
"8949",-1765.171624
"8950",-3746.824588
"8951",-791.769127
"8952",-1426.543229
"8953",-2422.884135
"8954",-37705.320799
"8955",-1912.757779
"8956",-2643.612726
"8957",-1379.799041
"8958",-643.872538
"8959",-7195.039394
"8960",-1462.630612
"8961",-1715.336136
"8962",-3311.096987
"8963",-1177.302049
"8964",-448.827864
"8965",-1213.20014
"8966",-4351.33107
"8967",-2772.060134
"8968",-817.900692
"8969",-2011.905691
"8970",-6894.964764
"8971",-1405.723335
"8972",-2766.951774
"8973",-2230.73213
"8974",-2764.401078
"8975",-2359.614708
"8976",-4130.234995
"8977",-1928.949939
"8978",-4343.249083
"8979",-1481.696241
"8980",-2389.018601
"8981",-4307.207304
"8982",-2323.259059
"8983",-6986.513668
"8984",-3239.582036
"8985",-2162.299099
"8986",-25042.442442
"8987",-3340.543046
"8988",-4563.539906
"8989",-1207.283994
"8990",-2521.665433
"8991",-1852.615735
"8992",-3320.333664
"8993",-13583.966858
"8994",-2264.234149
"8995",-7561.406225
"8996",-3076.963906
"8997",-2889.754515
"8998",-1395.343059
"8999",-3113.471121
"9000",-1471.297652
"9001",-1641.17311
"9002",-834.584344
"9003",-1117.17434
"9004",-1605.687465
"9005",-1617.851265
"9006",-1728.473303
"9007",-3006.159366
"9008",-1978.890367
"9009",-3227.347904
"9010",-2804.535327
"9011",-2032.41469
"9012",-770.10175
"9013",-7547.44257
"9014",-3288.642379
"9015",-2913.757271
"9016",-2599.014521
"9017",-970.5293
"9018",-2241.623579
"9019",-1652.356064
"9020",-1355.590073
"9021",-784.866367
"9022",-5223.410803
"9023",-1055.633721
"9024",-568.048711
"9025",-1712.878595
"9026",-1197.447571
"9027",-1469.98384
"9028",-226.36618
"9029",-1220.621891
"9030",-333.139832
"9031",-5846.952804
"9032",-1413.965493
"9033",-901.234198
"9034",-6600.978261
"9035",-2122.663507
"9036",-4828.666857
"9037",-2635.590505
"9038",-576.973047
"9039",-656.836346
"9040",-434.621153
"9041",-1017.005841
"9042",-1392.719587
"9043",-1405.308358
"9044",-1208.587319
"9045",-3246.411994
"9046",-2050.445011
"9047",-4011.06387
"9048",-1087.292541
"9049",-617.104228
"9050",-4124.214003
"9051",-1653.620094
"9052",-2888.209602
"9053",-3091.858132
"9054",-496.202239
"9055",-1251.916717
"9056",-3790.694395
"9057",-2718.131823
"9058",-1017.259213
"9059",-772.894588
"9060",-654.649229
"9061",-1320.042086
"9062",-4099.966158
"9063",-3453.855428
"9064",-4180.329884
"9065",-3199.965162
"9066",-4546.486907
"9067",-859.25599
"9068",-3449.631431
"9069",-2426.058146
"9070",-3758.732436
"9071",-1797.676779
"9072",-3091.224103
"9073",-8770.003452
"9074",-2858.656195
"9075",-3072.881017
"9076",-781.86225
"9077",-691.913554
"9078",-2029.16954
"9079",-3674.236745
"9080",-666.299678
"9081",-2691.273969
"9082",-3020.649043
"9083",-984.386682
"9084",-2919.473742
"9085",-2443.600955
"9086",-422.035186
"9087",-813.687511
"9088",-956.548834
"9089",-2990.991862
"9090",-929.712628
"9091",-15473.914951
"9092",-992.370007
"9093",-510.843249
"9094",-1612.570493
"9095",-6731.330583
"9096",-1473.116889
"9097",-3485.808988
"9098",-4502.497669
"9099",-1941.714865
"9100",-252.433331
"9101",-3803.786278
"9102",-534.375533
"9103",-18829.070509
"9104",-1777.609385
"9105",-365.553918
"9106",-1137.255897
"9107",-708.940973
"9108",-2627.940938
"9109",-652.339899
"9110",-1073.818156
"9111",-803.544115
"9112",-849.066259
"9113",-712.936875
"9114",-839.241031
"9115",-4386.285989
"9116",-155.29349
"9117",-2238.671003
"9118",-10773.474754
"9119",-2922.748861
"9120",-6682.40811
"9121",-542.722948
"9122",-713.257578
"9123",-8964.818689
"9124",-2641.505585
"9125",-2319.393007
"9126",-799.762853
"9127",-433.339467
"9128",-1929.278056
"9129",-670.957743
"9130",-2074.58982
"9131",-3566.61655
"9132",-806.419318
"9133",-5565.96154
"9134",-8757.744504
"9135",-4472.569418
"9136",-1298.136154
"9137",-1007.913582
"9138",-2642.133315
"9139",-4575.476375
"9140",-873.634058
"9141",-798.344986
"9142",-2501.22698
"9143",-10992.632213
"9144",-1633.889086
"9145",-1337.002849
"9146",-2520.196487
"9147",-1423.321755
"9148",-1634.395239
"9149",-2973.58671
"9150",-2523.768272
"9151",-4847.276674
"9152",-504.271394
"9153",-6412.716969
"9154",-11290.846605
"9155",-1515.795565
"9156",-7870.643577
"9157",-1039.943514
"9158",-4788.20063
"9159",-924.065168
"9160",-1583.378856
"9161",-321.17489
"9162",-1099.93837
"9163",-1173.553218
"9164",-2767.216113
"9165",-7321.604083
"9166",-548.161506
"9167",-684.000601
"9168",-2735.357093
"9169",-1210.228207
"9170",-324.975267
"9171",-1373.97329
"9172",-3950.725615
"9173",-1611.875183
"9174",-1479.076388
"9175",-2492.112624
"9176",-1334.059442
"9177",-581.949842
"9178",-1834.451443
"9179",-878.145516
"9180",-3741.384673
"9181",-4542.27511
"9182",-589.99015
"9183",-1297.637858
"9184",-1473.091095
"9185",-3282.776852
"9186",-1520.928496
"9187",-5526.091505
"9188",-536.358023
"9189",-2859.755063
"9190",-6124.596512
"9191",-2375.693952
"9192",-322.542664
"9193",-887.323018
"9194",-1016.829148
"9195",-3262.490864
"9196",-2541.968123
"9197",-868.288974
"9198",-1104.608489
"9199",-1305.447706
"9200",-5891.912866
"9201",-3348.807848
"9202",-4639.652033
"9203",-2027.583465
"9204",-1727.195711
"9205",-2777.205537
"9206",-858.024599
"9207",-4021.830414
"9208",-989.66095
"9209",-10081.30083
"9210",-1773.190291
"9211",-5988.490449
"9212",-2055.369578
"9213",-1085.11126
"9214",-1319.764741
"9215",-7088.076136
"9216",-1154.77948
"9217",-1711.937865
"9218",-2571.432803
"9219",-5615.087345
"9220",-2658.464524
"9221",-672.576918
"9222",-2453.677571
"9223",-953.971925
"9224",-1992.047415
"9225",-664.935738
"9226",-7180.501739
"9227",-1056.438376
"9228",-4961.732743
"9229",-1004.695645
"9230",-623.522991
"9231",-1106.396837
"9232",-3684.059382
"9233",-306.96119
"9234",-1351.133929
"9235",-7193.353262
"9236",-777.458144
"9237",-2460.097414
"9238",-359.808517
"9239",-8646.532002
"9240",-621.144795
"9241",-1373.488219
"9242",-731.949389
"9243",-2612.857021
"9244",-3081.075284
"9245",-1462.380998
"9246",-836.012914
"9247",-4657.096512
"9248",-3066.618902
"9249",-2269.748617
"9250",-11797.624836
"9251",-1410.074833
"9252",-958.090916
"9253",-3337.449119
"9254",-2818.345861
"9255",-4645.401281
"9256",-1309.114677
"9257",-1762.742873
"9258",-761.176899
"9259",-1740.566681
"9260",-1567.377331
"9261",-286.469609
"9262",-7199.746912
"9263",-7509.803964
"9264",-646.887411
"9265",-385.947334
"9266",-3073.219381
"9267",-3853.955538
"9268",-752.851677
"9269",-4350.864605
"9270",-788.624606
"9271",-7617.729135
"9272",-557.926031
"9273",-1257.211422
"9274",-4262.024193
"9275",-540.85707
"9276",-1156.699163
"9277",-2769.649137
"9278",-1161.724932
"9279",-9360.881778
"9280",-1383.612026
"9281",-3581.285622
"9282",-1263.613848
"9283",-6593.278947
"9284",-622.429719
"9285",-744.066533
"9286",-1795.484345
"9287",-3010.89683
"9288",-608.961438
"9289",-3417.322468
"9290",-2122.455895
"9291",-2460.188456
"9292",-1066.377032
"9293",-4825.211484
"9294",-920.863367
"9295",-924.317131
"9296",-1282.80502
"9297",-4483.372485
"9298",-822.316888
"9299",-3166.114484
"9300",-385.132879
"9301",-818.350712
"9302",-2486.133606
"9303",-348.719307
"9304",-565.898021
"9305",-2902.628992
"9306",-1902.444635
"9307",-509.48545
"9308",-1072.963294
"9309",-2974.872581
"9310",-2572.28634
"9311",-283.125695
"9312",-279.888991
"9313",-1296.882011
"9314",-1154.769243
"9315",-1297.948737
"9316",-1728.717697
"9317",-695.66501
"9318",-3242.82507
"9319",-2377.785182
"9320",-3507.751798
"9321",-1392.454097
"9322",-3682.312729
"9323",-1516.574208
"9324",-3949.166293
"9325",-1753.331072
"9326",-2747.004769
"9327",-1182.07939
"9328",-19106.621753
"9329",-1441.132456
"9330",-1239.593439
"9331",-405.598806
"9332",-3409.156149
"9333",-922.788621
"9334",-2618.515523
"9335",-1893.044204
"9336",-969.401671
"9337",-10671.493068
"9338",-5243.089722
"9339",-796.570729
"9340",-4042.430163
"9341",-2104.91068
"9342",-2342.365789
"9343",-1512.082
"9344",-12689.702188
"9345",-10582.727396
"9346",-1720.515532
"9347",-3468.60864
"9348",-8889.299986
"9349",-2327.130142
"9350",-3399.174709
"9351",-3748.529311
"9352",-5188.692627
"9353",-1471.431699
"9354",-1456.459256
"9355",-4429.34817
"9356",-5982.50705
"9357",-3870.93268
"9358",-3328.342304
"9359",-935.332804
"9360",-836.975147
"9361",-320.420876
"9362",-2122.835367
"9363",-6913.820554
"9364",-1033.157847
"9365",-2002.079151
"9366",-1746.575926
"9367",-2315.010052
"9368",-3289.332086
"9369",-1496.715876
"9370",-749.874567
"9371",-4490.475544
"9372",-645.489459
"9373",-581.589165
"9374",-6092.89059
"9375",-7972.695293
"9376",-1884.159865
"9377",-1534.322973
"9378",-395.407429
"9379",-1412.074157
"9380",-1077.057511
"9381",-2903.950893
"9382",-3454.277731
"9383",-6833.230959
"9384",-820.54444
"9385",-2727.653232
"9386",-921.670426
"9387",-1127.115899
"9388",-2464.444971
"9389",-7036.789668
"9390",-6325.083411
"9391",-648.98117
"9392",-1207.675415
"9393",-6053.169072
"9394",-1646.115662
"9395",-1803.347862
"9396",-354.572707
"9397",-1171.673361
"9398",-4578.518565
"9399",-3080.59569
"9400",-1283.891289
"9401",-2603.993214
"9402",-2566.418332
"9403",-6754.807015
"9404",-813.909952
"9405",-927.912336
"9406",-674.733046
"9407",-8888.001463
"9408",-2143.606792
"9409",-3408.147786
"9410",-808.236169
"9411",-8976.634927
"9412",-4592.068109
"9413",-818.174892
"9414",-802.295764
"9415",-1207.053361
"9416",-596.616193
"9417",-3059.736219
"9418",-4494.670336
"9419",-965.849173
"9420",-1124.39646
"9421",-1057.498349
"9422",-1787.068553
"9423",-731.482526
"9424",-3568.927754
"9425",-448.256839
"9426",-809.871635
"9427",-1265.683734
"9428",-865.468665
"9429",-308.472861
"9430",-2439.248009
"9431",-1925.11012
"9432",-1334.943858
"9433",-1001.778433
"9434",-497.241878
"9435",-332.505867
"9436",-3592.814238
"9437",-9090.677301
"9438",-635.3061
"9439",-662.928944
"9440",-1737.531405
"9441",-4091.463638
"9442",-6655.842308
"9443",-1381.288009
"9444",-1272.578205
"9445",-1411.14157
"9446",-2751.813342
"9447",-588.18461
"9448",-1204.789504
"9449",-815.921357
"9450",-787.109706
"9451",-305.369703
"9452",-295.880992
"9453",-778.554747
"9454",-4679.270661
"9455",-403.821771
"9456",-1178.077487
"9457",-433.152984
"9458",-1140.682244
"9459",-591.038371
"9460",-2165.803021
"9461",-503.055578
"9462",-1283.432911
"9463",-1488.304527
"9464",-470.250615
"9465",-978.97131
"9466",-3458.74807
"9467",-1430.973641
"9468",-1404.010107
"9469",-411.751994
"9470",-832.249792
"9471",-988.400321
"9472",-200.194853
"9473",-1078.143655
"9474",-540.618975
"9475",-582.993893
"9476",-1393.418367
"9477",-1462.835419
"9478",-812.850939
"9479",-370.229664
"9480",-702.179224
"9481",-2230.620781
"9482",-1016.574874
"9483",-1037.006934
"9484",-2072.475396
"9485",-665.377909
"9486",-502.774789
"9487",-7522.69399
"9488",-916.289424
"9489",-1910.304523
"9490",-447.256191
"9491",-5772.907525
"9492",-4045.696616
"9493",-1208.651818
"9494",-5496.733585
"9495",-482.52365
"9496",-868.837411
"9497",-1598.495636
"9498",-333.95246
"9499",-812.153679
"9500",-1631.877997
"9501",-3501.560903
"9502",-2371.423706
"9503",-3407.327762
"9504",-1382.211734
"9505",-6337.634889
"9506",-2462.462501
"9507",-1052.235954
"9508",-2368.252578
"9509",-2079.432845
"9510",-716.428976
"9511",-2173.620815
"9512",-3347.247337
"9513",-950.665115
"9514",-600.094967
"9515",-2243.260447
"9516",-7575.438887
"9517",-3251.485551
"9518",-1826.431062
"9519",-2182.641666
"9520",-1442.910713
"9521",-1288.72626
"9522",-3064.014958
"9523",-640.189325
"9524",-2006.683272
"9525",-3012.272709
"9526",-2446.09343
"9527",-2614.302488
"9528",-3152.126478
"9529",-2212.629469
"9530",-2748.553582
"9531",-5055.901185
"9532",-4165.292563
"9533",-1042.473401
"9534",-5442.654287
"9535",-3315.523596
"9536",-8838.54307
"9537",-1025.999698
"9538",-1237.473957
"9539",-850.925086
"9540",-1289.512635
"9541",-3924.65777
"9542",-2722.96558
"9543",-1327.395299
"9544",-3862.063819
"9545",-3171.204476
"9546",-924.890944
"9547",-1169.439152
"9548",-2160.154568
"9549",-1928.354458
"9550",-1139.731115
"9551",-5182.849413
"9552",-953.145697
"9553",-1243.480481
"9554",-1872.338627
"9555",-3444.263613
"9556",-2269.251163
"9557",-341.265339
"9558",-3506.279088
"9559",-6683.455004
"9560",-2164.643685
"9561",-2469.49688
"9562",-14852.036972
"9563",-1924.296097
"9564",-1258.905896
"9565",-3745.514124
"9566",-6446.207699
