"","x"
"1",-16723.652
"2",-16810.344
"3",-17402.874
"4",-16737.602
"5",-16629.331
"6",-17145.575
"7",-17273.243
"8",-16351.281
"9",-15975.038
"10",-16824.37
"11",-16381.828
"12",-16378.839
"13",-16568.693
"14",-16889.433
"15",-16725.178
"16",-16834.47
"17",-16929.049
"18",-16839.612
"19",-16887.194
"20",-17037.41
"21",-16415.555
"22",-17374.327
"23",-16649.42
"24",-16908.965
"25",-16562.373
"26",-16860.137
"27",-16655.45
"28",-16840.217
"29",-16905.99
"30",-17006.742
"31",-16556.903
"32",-17052.892
"33",-16642.812
"34",-17076.68
"35",-17116.402
"36",-16583.572
"37",-16660.219
"38",-17358.521
"39",-17292.726
"40",-16767.463
"41",-17001.034
"42",-16732.411
"43",-16454.43
"44",-17217.379
"45",-17121.212
"46",-16825.926
"47",-16597.216
"48",-16540.308
"49",-16598.888
"50",-17318.666
"51",-16613.424
"52",-16415.385
"53",-17273.516
"54",-16641.118
"55",-16463.405
"56",-16799.443
"57",-17167.469
"58",-16630.82
"59",-16792.237
"60",-16652.013
"61",-16765.456
"62",-16654.621
"63",-16939.94
"64",-16899.842
"65",-16214.591
"66",-16745.029
"67",-16915.909
"68",-17255.39
"69",-17050.075
"70",-16212.558
"71",-16667.871
"72",-16888.892
"73",-16795.897
"74",-16746.703
"75",-16813.553
"76",-17071.279
"77",-16381.953
"78",-16601.495
"79",-16957.98
"80",-16812.449
"81",-17377.175
"82",-17018.929
"83",-16783.913
"84",-16958.182
"85",-16971.059
"86",-17188.754
"87",-16338.359
"88",-17050.703
"89",-16981.229
"90",-16572.8
"91",-17196.314
"92",-16845.963
"93",-16758.953
"94",-16808.694
"95",-16313.046
"96",-16713.521
"97",-17195.445
"98",-16991.927
"99",-16279.405
"100",-16631.336
"101",-16443.029
"102",-16561.66
"103",-16555.081
"104",-17217.43
"105",-16869.003
"106",-16620.18
"107",-16830.83
"108",-16919.803
"109",-16614.403
"110",-17117.651
"111",-16554.004
"112",-16759.41
"113",-16926.725
"114",-17076.228
"115",-16948.885
"116",-16527
"117",-16628.61
"118",-16256.626
"119",-16716.229
"120",-16775.268
"121",-17254.536
"122",-16967.675
"123",-16773.88
"124",-16664.016
"125",-16785.635
"126",-17013.381
"127",-17247.883
"128",-16860.178
"129",-16980.079
"130",-16501.086
"131",-16492.532
"132",-16779.4
"133",-17049.108
"134",-17022.869
"135",-16929.543
"136",-17058.172
"137",-16727.61
"138",-16793.125
"139",-17220.611
"140",-16876.08
"141",-16917.984
"142",-16928.908
"143",-17046.736
"144",-16881.205
"145",-17762.344
"146",-16449.434
"147",-16731.659
"148",-16774.199
"149",-17244.184
"150",-16659.323
"151",-16323.079
"152",-16218.665
"153",-17122.722
"154",-16447.677
"155",-17235.305
"156",-16025.586
"157",-16950.063
"158",-17071.141
"159",-16732.738
"160",-16801.065
"161",-16694.353
"162",-16694.678
"163",-16521.596
"164",-16483.889
"165",-17122.641
"166",-16860.391
"167",-16926.247
"168",-16869.317
"169",-16533.546
"170",-16795.079
"171",-17256.156
"172",-16617.423
"173",-16874.423
"174",-16365.174
"175",-16396.298
"176",-16628.683
"177",-16799.606
"178",-16500.169
"179",-16670.341
"180",-16791.83
"181",-16642.9
"182",-16478.671
"183",-16951.002
"184",-16481.03
"185",-17064.047
"186",-16951.297
"187",-16707.177
"188",-16824.665
"189",-16893.166
"190",-17015.471
"191",-16535.741
"192",-16887.509
"193",-17190.024
"194",-16644.116
"195",-16846.416
"196",-16784.437
"197",-16374.557
"198",-17044.902
"199",-16745.917
"200",-17296.588
"201",-16447.856
"202",-16415.73
"203",-16973.59
"204",-16776.635
"205",-17008.419
"206",-16781.758
"207",-16895.188
"208",-17082.364
"209",-17003.326
"210",-16897.416
"211",-17037.272
"212",-16813.64
"213",-16701.765
"214",-16600.246
"215",-17046.825
"216",-16482.05
"217",-17324.424
"218",-16747.715
"219",-16516.67
"220",-16698.35
"221",-17297.878
"222",-17087.708
"223",-17039.724
"224",-16952.753
"225",-16829.197
"226",-17073.617
"227",-16418.634
"228",-16553.418
"229",-16951.374
"230",-16744.904
"231",-16421.042
"232",-16845.84
"233",-16410.195
"234",-16947.418
"235",-16870.657
"236",-16542.889
"237",-16776.086
"238",-16996.404
"239",-16779.64
"240",-17300.812
"241",-16701.873
"242",-17006.453
"243",-16931.976
"244",-16499.298
"245",-17046.584
"246",-16798.836
"247",-17163.449
"248",-16574.551
"249",-16766.612
"250",-17157.132
"251",-16763.423
"252",-17026.898
"253",-16663.561
"254",-17043.18
"255",-16612.348
"256",-16958.25
"257",-16631.94
"258",-16813.864
"259",-17377.643
"260",-17043.964
"261",-16555.449
"262",-16393.42
"263",-16299.901
"264",-16248.634
"265",-17226.287
"266",-16905.803
"267",-16765.618
"268",-16581.592
"269",-16707.178
"270",-17205.481
"271",-16422.324
"272",-16421.457
"273",-17139.316
"274",-17027.573
"275",-17063.28
"276",-16646.942
"277",-16744.65
"278",-16724.377
"279",-17100.019
"280",-16612.468
"281",-16767.021
"282",-16525.961
"283",-17144.45
"284",-16730.148
"285",-16881.982
"286",-16718.376
"287",-16858.45
"288",-16445.579
"289",-16805.981
"290",-16852.144
"291",-16983.194
"292",-16623.96
"293",-16841.299
"294",-16796.641
"295",-17084.776
"296",-16608.888
"297",-16872.78
"298",-16213.631
"299",-16829.352
"300",-16615.579
"301",-16803.886
"302",-17073.837
"303",-16305.437
"304",-16768.697
"305",-16584.374
"306",-17134.238
"307",-16230.203
"308",-16717.299
"309",-16830.602
"310",-16503.327
"311",-16968.378
"312",-16632.892
"313",-16610.094
"314",-16634.906
"315",-16786.531
"316",-16683.567
"317",-16713.934
"318",-16278.456
"319",-17392.974
"320",-16470.495
"321",-16377.145
"322",-16964.496
"323",-17103.082
"324",-16706.877
"325",-16898.262
"326",-16388.576
"327",-16960.514
"328",-16913.706
"329",-16730.63
"330",-16849.367
"331",-16573.521
"332",-16556.909
"333",-16967.7
"334",-16591.321
"335",-16750.682
"336",-16413.662
"337",-17276.362
"338",-16454.924
"339",-16599.91
"340",-16638.711
"341",-16909.949
"342",-16487.294
"343",-16733.913
"344",-16584.779
"345",-16958.16
"346",-16510.431
"347",-17205.123
"348",-16534.118
"349",-16823.988
"350",-16744.462
"351",-16131.589
"352",-17176.572
"353",-16801.231
"354",-16550.485
"355",-16745.51
"356",-16972.095
"357",-16626.364
"358",-17217.251
"359",-16390.527
"360",-16384.009
"361",-16927.722
"362",-16591.946
"363",-16172.965
"364",-16544.96
"365",-17048.356
"366",-17103.414
"367",-16616.929
"368",-16990.54
"369",-17056.676
"370",-16796.893
"371",-16631.056
"372",-16907.115
"373",-16641.567
"374",-16865.866
"375",-16752.483
"376",-16959.03
"377",-16732.511
"378",-17002.434
"379",-16979.588
"380",-16690.039
"381",-16748.995
"382",-16892.067
"383",-16693.171
"384",-16720.831
"385",-16241.803
"386",-16714.764
"387",-16543.173
"388",-16733.501
"389",-17057.08
"390",-17212.293
"391",-16562.777
"392",-17136.954
"393",-16678.857
"394",-16582.994
"395",-16354.387
"396",-17083.01
"397",-16962.794
"398",-16531.832
"399",-16596.872
"400",-16180.567
"401",-16971.017
"402",-16954.321
"403",-16906.812
"404",-16884.028
"405",-16571.3
"406",-17156.274
"407",-16783.882
"408",-17204.321
"409",-16799.1
"410",-16541.236
"411",-17145.656
"412",-16555.771
"413",-16745.068
"414",-16329.973
"415",-16735.682
"416",-16790.963
"417",-16840.262
"418",-16907.329
"419",-16433.867
"420",-16620.908
"421",-17060.555
"422",-16462.949
"423",-16946.059
"424",-17096.647
"425",-17081.684
"426",-16829.535
"427",-16780.916
"428",-16501.134
"429",-16870.988
"430",-16900.67
"431",-17135.079
"432",-16278.226
"433",-16993.906
"434",-16935.76
"435",-16859.901
"436",-16842.827
"437",-16590.08
"438",-16935.701
"439",-16956.116
"440",-16878.354
"441",-16898.158
"442",-16940.811
"443",-16877.601
"444",-16518.085
"445",-16465.764
"446",-16791.177
"447",-17267.088
"448",-16805.843
"449",-16922.148
"450",-16482.188
"451",-16916.627
"452",-16473.183
"453",-16905.625
"454",-16829.851
"455",-16742.647
"456",-17069.494
"457",-16465.076
"458",-16953.839
"459",-16650.097
"460",-16478.104
"461",-16937.348
"462",-16600.081
"463",-16551.902
"464",-16956.305
"465",-16605.852
"466",-17091.603
"467",-16624.595
"468",-16383.752
"469",-16454.45
"470",-17013.371
"471",-16445.867
"472",-16671.382
"473",-16757.69
"474",-17073.84
"475",-16513.744
"476",-17214.861
"477",-16587.117
"478",-16473.03
"479",-16885.579
"480",-16716.704
"481",-16333.662
"482",-16356.777
"483",-16734.444
"484",-16850.764
"485",-17148.19
"486",-16802.155
"487",-17226.14
"488",-16463.462
"489",-16514.422
"490",-17182.552
"491",-16811.159
"492",-16992.185
"493",-17237.129
"494",-16525.172
"495",-16270.265
"496",-16946.934
"497",-16257.409
"498",-17252.215
"499",-17085.194
"500",-16687.155
"501",-16803.031
"502",-16609.61
"503",-16622.268
"504",-17090
"505",-16870.175
"506",-16804.207
"507",-16688.631
"508",-17110.962
"509",-16348.363
"510",-16951.092
"511",-17182.372
"512",-16934.165
"513",-17158.761
"514",-16711.374
"515",-17132.52
"516",-16860.393
"517",-17118.187
"518",-17162.072
"519",-16942.95
"520",-16965.23
"521",-16547.482
"522",-16402.012
"523",-16544.691
"524",-16946.321
"525",-17181.008
"526",-16530.838
"527",-16349.49
"528",-17302.415
"529",-16711.788
"530",-16659.142
"531",-16834.265
"532",-16821.679
"533",-16372.162
"534",-16773.806
"535",-17088.851
"536",-16603.639
"537",-16979.466
"538",-16127.182
"539",-16296.372
"540",-16968.989
"541",-16873.344
"542",-16508.051
"543",-16523.33
"544",-17069.511
"545",-16873.276
"546",-17307.414
"547",-16901.433
"548",-16558.579
"549",-17195.601
"550",-16653.36
"551",-16481.61
"552",-16546.228
"553",-16965.667
"554",-17144.86
"555",-16730.193
"556",-17180.192
"557",-16803.167
"558",-16574.803
"559",-16789.046
"560",-16686.986
"561",-16839.771
"562",-17042.723
"563",-16911.857
"564",-17341.862
"565",-17052.863
"566",-16930.392
"567",-17161.264
"568",-17092.873
"569",-17101.097
"570",-16611.519
"571",-16560.042
"572",-16483.068
"573",-16783.588
"574",-16660.996
"575",-17406.753
"576",-16806.935
"577",-16590.823
"578",-16604.688
"579",-16592.747
"580",-16744.453
"581",-16257.055
"582",-17207.594
"583",-16432.602
"584",-17115.58
"585",-16936.149
"586",-16876.81
"587",-16303.699
"588",-16827.568
"589",-16987.979
"590",-16965.715
"591",-16609.394
"592",-16903.577
"593",-16895.327
"594",-16311.629
"595",-17156.672
"596",-17064.113
"597",-17133.923
"598",-16593.876
"599",-16509.563
"600",-16740.282
"601",-16615.587
"602",-16752.99
"603",-16984.546
"604",-16528.174
"605",-16962.28
"606",-16944.806
"607",-17162.522
"608",-17091.12
"609",-17207.933
"610",-16019.137
"611",-16552.251
"612",-16761.798
"613",-16345.149
"614",-16669.902
"615",-16716.222
"616",-16961.06
"617",-16933.915
"618",-17069.604
"619",-16478.817
"620",-17018.917
"621",-16127.959
"622",-16543.807
"623",-17426.756
"624",-16463.804
"625",-16893.69
"626",-16660.137
"627",-16548.666
"628",-16862.332
"629",-16857.435
"630",-16812.653
"631",-16878.698
"632",-16782.924
"633",-16619.17
"634",-17058.314
"635",-16615.759
"636",-17120.46
"637",-17107.265
"638",-16710.528
"639",-16202.586
"640",-16753.032
"641",-16465.351
"642",-16825.239
"643",-17133.768
"644",-16925.604
"645",-16795.237
"646",-16918.963
"647",-16908.485
"648",-16292.847
"649",-16725.825
"650",-16752.352
"651",-16431.384
"652",-16773.161
"653",-16535.638
"654",-17021.73
"655",-16777.169
"656",-16787.246
"657",-16211.537
"658",-17139.192
"659",-16647.004
"660",-16875.996
"661",-16710.578
"662",-16663.357
"663",-16675.664
"664",-16744.667
"665",-16402.452
"666",-16876.275
"667",-16876.174
"668",-16211.28
"669",-16524.846
"670",-16514.34
"671",-16633.02
"672",-16843.062
"673",-16721.043
"674",-16835.045
"675",-16624.762
"676",-17004.093
"677",-17101.907
"678",-16662.475
"679",-16789.785
"680",-16486.36
"681",-16692.347
"682",-16805.017
"683",-16570.563
"684",-16949.083
"685",-16943.505
"686",-16835.46
"687",-16868.706
"688",-16488.193
"689",-16766.647
"690",-17067.861
"691",-16592.643
"692",-16511.569
"693",-16978.576
"694",-17131.926
"695",-17173.374
"696",-17088.374
"697",-16521.298
"698",-16758.818
"699",-16743.693
"700",-16749.517
"701",-16456.301
"702",-16765.582
"703",-16599.717
"704",-16789.043
"705",-16844.524
"706",-17310.466
"707",-16529.198
"708",-17090.872
"709",-16629.882
"710",-17154.646
"711",-17231.803
"712",-16088.658
"713",-17272.482
"714",-16680.155
"715",-16964.444
"716",-16613.83
"717",-16916.905
"718",-16899.761
"719",-16792.127
"720",-17034.543
"721",-17040.156
"722",-16973.494
"723",-16942.978
"724",-17220.012
"725",-16252.913
"726",-16744.562
"727",-16678.864
"728",-16516.024
"729",-16591.576
"730",-16966.772
"731",-17258.149
"732",-16560.714
"733",-16878.135
"734",-16948.449
"735",-16988.81
"736",-16525.444
"737",-16723.658
"738",-16847.366
"739",-16783.268
"740",-16604.694
"741",-16665.159
"742",-17191.718
"743",-16803.708
"744",-17040.684
"745",-16795.87
"746",-16453.657
"747",-16658.007
"748",-16692.777
"749",-16689.264
"750",-16419.019
"751",-16897.596
"752",-17173.609
"753",-16352.452
"754",-16134.928
"755",-16912.339
"756",-16536.537
"757",-16628.874
"758",-16814.195
"759",-16628.735
"760",-16857.364
"761",-16660.953
"762",-16642.199
"763",-16797.558
"764",-16490.51
"765",-17227.947
"766",-16695.64
"767",-16771.132
"768",-16522.04
"769",-16654.362
"770",-16964.825
"771",-16444.691
"772",-16673.594
"773",-16636.241
"774",-16817.842
"775",-16812.255
"776",-16993.611
"777",-16006.298
"778",-16823.65
"779",-16695.152
"780",-16392.185
"781",-16919.002
"782",-16669.055
"783",-16892.197
"784",-16570.876
"785",-16866.346
"786",-16227.783
"787",-16965.66
"788",-16712.304
"789",-16634.305
"790",-16594.236
"791",-16666.44
"792",-16464.316
"793",-16535.575
"794",-16905.528
"795",-16723.691
"796",-16670.223
"797",-16852.448
"798",-16735.47
"799",-16483.033
"800",-16898.214
"801",-16776.435
"802",-16889.296
"803",-16265.067
"804",-16968.795
"805",-16832.297
"806",-16930.689
"807",-17265.798
"808",-17084.528
"809",-16545.802
"810",-17128.106
"811",-16458.817
"812",-16584.456
"813",-17010.353
"814",-16886.016
"815",-16798.356
"816",-16642.941
"817",-16674.325
"818",-16860.666
"819",-17075.06
"820",-16930.022
"821",-16615.429
"822",-16822.436
"823",-16750.339
"824",-16968.119
"825",-16645.719
"826",-17199.12
"827",-16876.311
"828",-16734.522
"829",-17166.956
"830",-16496.537
"831",-16624.356
"832",-16865.87
"833",-16741.207
"834",-16539.223
"835",-16696.969
"836",-16717.225
"837",-16507.68
"838",-16585.988
"839",-16581.817
"840",-17002.1
"841",-16541.82
"842",-17138.035
"843",-16813.136
"844",-16806.781
"845",-17262.373
"846",-17001.712
"847",-16849.722
"848",-16553.603
"849",-16423.773
"850",-17024.333
"851",-16432.567
"852",-16835.043
"853",-17044.402
"854",-16867.176
"855",-17004.013
"856",-16594.156
"857",-16039.898
"858",-16867.303
"859",-16641.088
"860",-16743.673
"861",-16879.057
"862",-16899.739
"863",-16393.484
"864",-16741.779
"865",-16620.603
"866",-16429.887
"867",-16690.493
"868",-16670.855
"869",-16915.624
"870",-16878.769
"871",-16667.837
"872",-17216.797
"873",-16801.987
"874",-16680.903
"875",-16617.897
"876",-16989.554
"877",-16913.595
"878",-16561.073
"879",-16539.862
"880",-16714.922
"881",-16343.894
"882",-16947.072
"883",-16764.36
"884",-16392.22
"885",-16362.542
"886",-16219.446
"887",-16523.448
"888",-16765.505
"889",-16734.021
"890",-16381.614
"891",-17108.515
"892",-16960.409
"893",-16951.562
"894",-16931.564
"895",-16922.158
"896",-16692.153
"897",-16620.448
"898",-16872.359
"899",-17023.013
"900",-16849.485
"901",-17101.149
"902",-16776.726
"903",-16959.453
"904",-16616.885
"905",-16891.109
"906",-16554.268
"907",-16948.252
"908",-16992.276
"909",-16569.854
"910",-16349.905
"911",-16729.556
"912",-16410.384
"913",-16835.117
"914",-17069.331
"915",-16805.601
"916",-16995.239
"917",-16724.4
"918",-16868.907
"919",-16709.229
"920",-16587.805
"921",-17074.377
"922",-16592.934
"923",-16832.811
"924",-17074.076
"925",-16627.183
"926",-16735.574
"927",-16584.121
"928",-16399.482
"929",-16726.073
"930",-16713.315
"931",-16855.917
"932",-16936.484
"933",-16784.963
"934",-17389.003
"935",-16978.244
"936",-16818.633
"937",-17206.1
"938",-16717.618
"939",-17039.185
"940",-17166.709
"941",-17008.624
"942",-16817.395
"943",-16617.936
"944",-16727.336
"945",-17286.086
"946",-16799.933
"947",-17068.361
"948",-16889.891
"949",-16745.234
"950",-16470.094
"951",-17111.862
"952",-16674.996
"953",-16872.864
"954",-16818.56
"955",-16808.349
"956",-17163.727
"957",-16443.217
"958",-17177.055
"959",-17222.508
"960",-16822.573
"961",-17094.905
"962",-16991.758
"963",-17310.829
"964",-17192.794
"965",-17008.914
"966",-16607.097
"967",-16739.508
"968",-17307.176
"969",-17049.921
"970",-16910.783
"971",-16782.374
"972",-16791.136
"973",-16662.319
"974",-16967.305
"975",-16816.452
"976",-16754.948
"977",-16727.322
"978",-16962.332
"979",-17073.549
"980",-17158.745
"981",-16524.971
"982",-16951.058
"983",-16800.602
"984",-16771.376
"985",-17116.959
"986",-16951.95
"987",-16806.468
"988",-17065.96
"989",-16566.678
"990",-17392.516
"991",-16873.093
"992",-17220.023
"993",-16182.583
"994",-16840.969
"995",-16915.608
"996",-16972.172
"997",-16871.896
"998",-17432.596
"999",-16529.293
"1000",-16690.448
"1001",-10538.152
"1002",-10367.617
"1003",-10536.738
"1004",-10832.585
"1005",-10461.032
"1006",-10591.935
"1007",-10565.847
"1008",-10462.097
"1009",-10365.223
"1010",-10434.05
"1011",-10806.707
"1012",-10524.754
"1013",-10221.585
"1014",-10624.695
"1015",-10515.167
"1016",-10401.803
"1017",-10852.166
"1018",-10614.95
"1019",-10461.558
"1020",-10387.755
"1021",-10438.318
"1022",-10599.518
"1023",-10482.352
"1024",-10365.023
"1025",-10407.056
"1026",-10653.397
"1027",-10629.591
"1028",-10469.487
"1029",-10653.951
"1030",-10541.763
"1031",-10689.881
"1032",-10530.581
"1033",-10759.605
"1034",-10594.872
"1035",-10532.842
"1036",-10501.536
"1037",-10554.336
"1038",-10693.277
"1039",-10511.702
"1040",-10621.986
"1041",-10610.92
"1042",-10298.971
"1043",-10193.019
"1044",-10794.662
"1045",-10566.693
"1046",-10766.936
"1047",-10471.792
"1048",-10541.155
"1049",-10471.9
"1050",-10655.946
"1051",-10649.829
"1052",-10719.576
"1053",-10551.273
"1054",-10748.486
"1055",-10818.418
"1056",-10521.451
"1057",-10639.995
"1058",-10268.136
"1059",-10667.741
"1060",-10663.586
"1061",-10781.611
"1062",-10718.437
"1063",-10526.039
"1064",-10575.278
"1065",-10591.374
"1066",-10502.343
"1067",-10445.145
"1068",-10524.803
"1069",-10767.519
"1070",-10411.944
"1071",-10774.124
"1072",-10877.997
"1073",-10647.054
"1074",-10571.867
"1075",-10494.576
"1076",-10742.506
"1077",-10572.951
"1078",-10647.828
"1079",-10900.307
"1080",-10688.535
"1081",-10593.826
"1082",-10615.908
"1083",-10427.71
"1084",-10537.061
"1085",-10369.438
"1086",-10457.281
"1087",-10565.108
"1088",-10485.731
"1089",-10439.774
"1090",-10761.899
"1091",-10795.287
"1092",-10530.154
"1093",-10544.313
"1094",-10556.469
"1095",-10514.174
"1096",-10794.895
"1097",-10642.8
"1098",-10274.821
"1099",-10970.335
"1100",-10484.627
"1101",-10429.949
"1102",-10399.273
"1103",-10405.467
"1104",-10479.624
"1105",-10453.996
"1106",-10469.279
"1107",-10569.673
"1108",-10615.905
"1109",-10869.567
"1110",-10657.681
"1111",-10724.223
"1112",-10555.352
"1113",-10304.229
"1114",-10348.297
"1115",-10658.82
"1116",-10649.536
"1117",-10476.254
"1118",-10585.284
"1119",-10454.202
"1120",-10483.91
"1121",-10570.309
"1122",-10548.734
"1123",-10468.658
"1124",-10566.627
"1125",-10581.789
"1126",-10658.473
"1127",-10771.794
"1128",-10425.611
"1129",-10618.73
"1130",-10422.05
"1131",-10724.444
"1132",-10390.013
"1133",-10398.918
"1134",-10290.95
"1135",-10354.259
"1136",-10409.072
"1137",-10323.601
"1138",-10583.781
"1139",-10628.036
"1140",-10475.391
"1141",-10574.662
"1142",-10685.752
"1143",-10706.562
"1144",-10360.345
"1145",-10480.839
"1146",-10635.818
"1147",-10845.112
"1148",-10517.028
"1149",-10774.34
"1150",-10280.82
"1151",-10379.717
"1152",-10401.271
"1153",-10423.002
"1154",-10425.288
"1155",-10286.471
"1156",-10544.214
"1157",-10368.97
"1158",-10786.839
"1159",-10700.827
"1160",-10474.405
"1161",-10449.739
"1162",-10790.772
"1163",-10770.251
"1164",-10483.906
"1165",-10694.979
"1166",-10468.749
"1167",-10722.846
"1168",-10611.888
"1169",-10249.687
"1170",-10627.569
"1171",-10532.763
"1172",-10284.853
"1173",-10550.142
"1174",-10531.818
"1175",-10761.649
"1176",-10518.136
"1177",-10953.575
"1178",-10595.76
"1179",-10905.998
"1180",-10448.543
"1181",-10756.274
"1182",-10453.936
"1183",-10293.668
"1184",-10603.881
"1185",-10632.968
"1186",-10740.539
"1187",-10623.696
"1188",-10861.379
"1189",-10592.138
"1190",-10338.894
"1191",-10553.382
"1192",-10501.593
"1193",-10574.355
"1194",-10600.211
"1195",-10524.57
"1196",-10512.517
"1197",-10582.943
"1198",-10554.693
"1199",-10446.676
"1200",-10525.477
"1201",-10333.246
"1202",-10437.366
"1203",-10638.306
"1204",-10710.216
"1205",-10799.806
"1206",-10719.292
"1207",-10242.687
"1208",-10285.534
"1209",-10629.472
"1210",-10799.441
"1211",-10790.547
"1212",-10627.168
"1213",-10520.947
"1214",-10179.445
"1215",-10521.377
"1216",-10641.344
"1217",-10621.652
"1218",-10785.282
"1219",-10608.525
"1220",-10495.919
"1221",-10819.164
"1222",-10623.159
"1223",-10606.41
"1224",-10799.853
"1225",-10532.591
"1226",-10893.487
"1227",-10712.082
"1228",-10610.711
"1229",-10372.939
"1230",-10743.504
"1231",-10649.292
"1232",-10516.678
"1233",-10671.974
"1234",-10690.524
"1235",-10517.336
"1236",-10442.998
"1237",-10626.825
"1238",-10419.173
"1239",-10493.018
"1240",-10414.947
"1241",-10534.205
"1242",-10432.761
"1243",-10250.645
"1244",-10664.516
"1245",-10521.142
"1246",-10469.258
"1247",-10478.884
"1248",-10758.819
"1249",-10569.936
"1250",-10565.827
"1251",-10642.616
"1252",-10356.674
"1253",-10460.297
"1254",-10601.822
"1255",-10467.703
"1256",-10499.153
"1257",-10654.631
"1258",-10507.174
"1259",-10811.651
"1260",-10604.701
"1261",-10568.747
"1262",-10587.563
"1263",-10613.868
"1264",-10635.402
"1265",-10232.739
"1266",-10791.498
"1267",-10608.277
"1268",-10617.616
"1269",-10517.193
"1270",-10510.276
"1271",-10378.351
"1272",-10454.665
"1273",-10769.29
"1274",-10621.359
"1275",-10350.867
"1276",-10557.775
"1277",-10765.876
"1278",-10468.946
"1279",-10709.588
"1280",-10732.757
"1281",-10424.18
"1282",-10692.859
"1283",-10685.907
"1284",-10604.746
"1285",-10432.753
"1286",-10249.803
"1287",-10592.717
"1288",-10459.552
"1289",-10610.496
"1290",-10872.601
"1291",-10915.336
"1292",-10472.08
"1293",-10571.158
"1294",-10410.851
"1295",-10344.931
"1296",-10800.663
"1297",-10616.668
"1298",-10576.692
"1299",-10639.307
"1300",-10524.683
"1301",-10433.566
"1302",-10638.808
"1303",-10275.704
"1304",-10181.187
"1305",-10601.786
"1306",-10764.661
"1307",-10597.44
"1308",-10607.594
"1309",-10350.046
"1310",-10454.303
"1311",-10646.668
"1312",-10380.784
"1313",-10629.243
"1314",-10451.091
"1315",-10936.277
"1316",-10701.344
"1317",-10294.143
"1318",-10515.287
"1319",-10284.258
"1320",-10818.574
"1321",-10732.875
"1322",-10938.827
"1323",-10626.543
"1324",-10600.519
"1325",-10475.906
"1326",-10616.356
"1327",-10425.655
"1328",-10820.662
"1329",-10668.787
"1330",-10744.001
"1331",-10633.997
"1332",-10367.558
"1333",-10400.679
"1334",-10365.979
"1335",-10543.573
"1336",-10544.874
"1337",-10648.186
"1338",-10643.17
"1339",-10684.983
"1340",-10410.638
"1341",-10554.024
"1342",-10708.947
"1343",-10862.023
"1344",-10544.89
"1345",-10475.779
"1346",-10570.354
"1347",-10390.795
"1348",-10460.743
"1349",-10597.135
"1350",-10480.975
"1351",-10575.662
"1352",-10703.862
"1353",-10606.073
"1354",-10913.752
"1355",-10802.715
"1356",-10326.099
"1357",-10620.456
"1358",-11009.34
"1359",-10502.721
"1360",-10504.578
"1361",-10698.467
"1362",-10861.44
"1363",-10602.371
"1364",-10328.927
"1365",-10793.717
"1366",-10498.058
"1367",-10479.422
"1368",-10748.77
"1369",-10502.885
"1370",-10543.999
"1371",-10600.555
"1372",-10521.931
"1373",-10745.884
"1374",-10581.992
"1375",-10654.185
"1376",-10703.33
"1377",-10438.558
"1378",-10350.853
"1379",-10589.869
"1380",-10601.101
"1381",-10806.899
"1382",-10641.705
"1383",-10312.273
"1384",-10584.327
"1385",-10469.518
"1386",-10600.306
"1387",-10662.815
"1388",-10296.634
"1389",-10590.662
"1390",-10677.572
"1391",-10780.214
"1392",-10590.645
"1393",-10733.464
"1394",-10635.532
"1395",-10655.582
"1396",-10862.676
"1397",-10488.149
"1398",-10366.993
"1399",-10486.334
"1400",-10443.481
"1401",-10889.161
"1402",-10384.135
"1403",-10496.428
"1404",-10473.346
"1405",-10590.043
"1406",-10467.414
"1407",-10545.185
"1408",-10673.582
"1409",-10686.772
"1410",-10445.938
"1411",-10566.562
"1412",-10310.829
"1413",-10247.9
"1414",-10646.58
"1415",-10554.211
"1416",-10433.099
"1417",-10824.437
"1418",-10415.349
"1419",-10316.277
"1420",-10616.905
"1421",-10639.76
"1422",-10517.036
"1423",-10519.444
"1424",-10486.937
"1425",-10445.956
"1426",-10785.149
"1427",-10449.173
"1428",-10288.655
"1429",-10863.669
"1430",-10565.227
"1431",-10448.911
"1432",-10570.786
"1433",-10789.811
"1434",-10735.433
"1435",-10500.442
"1436",-10486.14
"1437",-10529.069
"1438",-10729.323
"1439",-10569.962
"1440",-10535.817
"1441",-10915.539
"1442",-10611.238
"1443",-10340.59
"1444",-10532.572
"1445",-10296.647
"1446",-10479.95
"1447",-10621.312
"1448",-10320.892
"1449",-10556.359
"1450",-10503.009
"1451",-10560.187
"1452",-10604.811
"1453",-10473.182
"1454",-10568.023
"1455",-10533.346
"1456",-10531.016
"1457",-10668.912
"1458",-10486.172
"1459",-10549.658
"1460",-10490.374
"1461",-10659.674
"1462",-10425.955
"1463",-10609.68
"1464",-10642.232
"1465",-10502.029
"1466",-10872.762
"1467",-10488.805
"1468",-10474.111
"1469",-10574.373
"1470",-10461.568
"1471",-10815.088
"1472",-10557.729
"1473",-10545.67
"1474",-10550.229
"1475",-10501.528
"1476",-10228.938
"1477",-10646.679
"1478",-10551.85
"1479",-10597.325
"1480",-10673.788
"1481",-10528.988
"1482",-10685.588
"1483",-10537.612
"1484",-10803.226
"1485",-10293.842
"1486",-10251.242
"1487",-10661.786
"1488",-10346.385
"1489",-10452.293
"1490",-10974.022
"1491",-10531.412
"1492",-10591.147
"1493",-10292.178
"1494",-10413.415
"1495",-10502.465
"1496",-10461.175
"1497",-10765.392
"1498",-10562.093
"1499",-10522.921
"1500",-10726.738
"1501",-10451.139
"1502",-10380.446
"1503",-10511.504
"1504",-10492.083
"1505",-10632.58
"1506",-10339.06
"1507",-10696.543
"1508",-10377.314
"1509",-10352.187
"1510",-10441.384
"1511",-10541.999
"1512",-10735.158
"1513",-10558.497
"1514",-10840.145
"1515",-10473.346
"1516",-10811.747
"1517",-10530.873
"1518",-10569.283
"1519",-10702.114
"1520",-10594.824
"1521",-10653.203
"1522",-10576.01
"1523",-10545.215
"1524",-10656.15
"1525",-10494.832
"1526",-10498.743
"1527",-10431.73
"1528",-10229.585
"1529",-10339.802
"1530",-10533.508
"1531",-10239.958
"1532",-10526.418
"1533",-10583.116
"1534",-10514.075
"1535",-10652.016
"1536",-10475.134
"1537",-10670.276
"1538",-10620.574
"1539",-10640.595
"1540",-10517.187
"1541",-10352.39
"1542",-10546.431
"1543",-10565.676
"1544",-10737.052
"1545",-10883.413
"1546",-10610.947
"1547",-10495.133
"1548",-10586.74
"1549",-10648.381
"1550",-10548.105
"1551",-10764.498
"1552",-10237.775
"1553",-10768.537
"1554",-10592.795
"1555",-10930.487
"1556",-10433.434
"1557",-10674.18
"1558",-10564.422
"1559",-10524.806
"1560",-10500.131
"1561",-10596.603
"1562",-10508.382
"1563",-10541.026
"1564",-10611.775
"1565",-10531.17
"1566",-10613.995
"1567",-10638.753
"1568",-10597.946
"1569",-10664.388
"1570",-10377.682
"1571",-10839.738
"1572",-10533.345
"1573",-10833.339
"1574",-10419.489
"1575",-10696.168
"1576",-10351.605
"1577",-10634.124
"1578",-10424.083
"1579",-10743.297
"1580",-10643.017
"1581",-10520.585
"1582",-10771.961
"1583",-10260.884
"1584",-10698.047
"1585",-10372.905
"1586",-10506.46
"1587",-10770.582
"1588",-10557.683
"1589",-10592.404
"1590",-10573.215
"1591",-10676.064
"1592",-10845.985
"1593",-10603.956
"1594",-10529.422
"1595",-10906.293
"1596",-10579.518
"1597",-10464.687
"1598",-10212.557
"1599",-10515.73
"1600",-10300.886
"1601",-10636.418
"1602",-10562.455
"1603",-10618.245
"1604",-10516.518
"1605",-10766.829
"1606",-10568.836
"1607",-10719.465
"1608",-10440.897
"1609",-10471.761
"1610",-10594.626
"1611",-10473.269
"1612",-10485.881
"1613",-10526.994
"1614",-10620.793
"1615",-10448.362
"1616",-10634.026
"1617",-10328.549
"1618",-10485.688
"1619",-10627.084
"1620",-10434.484
"1621",-10695.863
"1622",-10756.281
"1623",-10573.687
"1624",-10545.412
"1625",-10688.395
"1626",-10637.359
"1627",-10768.693
"1628",-10513.031
"1629",-10650.994
"1630",-10539.616
"1631",-10358.518
"1632",-10727.044
"1633",-10685.99
"1634",-10690.781
"1635",-10261.447
"1636",-10500.944
"1637",-10422.935
"1638",-10623.188
"1639",-10590.125
"1640",-10505.247
"1641",-10719.711
"1642",-10834.699
"1643",-10599.562
"1644",-10455.549
"1645",-10621.77
"1646",-10469.397
"1647",-10669.323
"1648",-10254.497
"1649",-10570.223
"1650",-10326.536
"1651",-10761.353
"1652",-10566.32
"1653",-10724.887
"1654",-10592.273
"1655",-10398.199
"1656",-10676.328
"1657",-10643.346
"1658",-10637.937
"1659",-10415.052
"1660",-10478.051
"1661",-10267.759
"1662",-10484.841
"1663",-10764.532
"1664",-10775.97
"1665",-10560.79
"1666",-10484.135
"1667",-10899.863
"1668",-10325.894
"1669",-10707.126
"1670",-10297.591
"1671",-10653.839
"1672",-10834.134
"1673",-10847.599
"1674",-10314.418
"1675",-10938.757
"1676",-10590.848
"1677",-10647.198
"1678",-10914.951
"1679",-10782.39
"1680",-10658.96
"1681",-10496.259
"1682",-10362.409
"1683",-10640.379
"1684",-10305.594
"1685",-10596.322
"1686",-10601.985
"1687",-10564.481
"1688",-10520.088
"1689",-10621.753
"1690",-10444.269
"1691",-10412.571
"1692",-10638.96
"1693",-10852.722
"1694",-10623.295
"1695",-10713.546
"1696",-10664.219
"1697",-10589.555
"1698",-10527.323
"1699",-10583.274
"1700",-10417.091
"1701",-10572.074
"1702",-10694.282
"1703",-10175.159
"1704",-10722.814
"1705",-10451.241
"1706",-10717.734
"1707",-10437.712
"1708",-10477.189
"1709",-10577.86
"1710",-10459.579
"1711",-10882.281
"1712",-10771.475
"1713",-10580.755
"1714",-10367.306
"1715",-10462.759
"1716",-10567.134
"1717",-10419.775
"1718",-10729.944
"1719",-10585.516
"1720",-10476.529
"1721",-10616.327
"1722",-10562.105
"1723",-10341.443
"1724",-10576.046
"1725",-10595.991
"1726",-10611.703
"1727",-10537.505
"1728",-10824.042
"1729",-10706.482
"1730",-10494.125
"1731",-10704.115
"1732",-10788.705
"1733",-10427.478
"1734",-10824.093
"1735",-10458.699
"1736",-10413.875
"1737",-10365.089
"1738",-10518.949
"1739",-10695.088
"1740",-10504.759
"1741",-10579.206
"1742",-10285.498
"1743",-10421.449
"1744",-10850.904
"1745",-10191.003
"1746",-10662.149
"1747",-10677.353
"1748",-10544.61
"1749",-10867.962
"1750",-10569.42
"1751",-10550.813
"1752",-10602.978
"1753",-10611.736
"1754",-10762.476
"1755",-10626.235
"1756",-10523.136
"1757",-10569.256
"1758",-10580.803
"1759",-10430.703
"1760",-10619.991
"1761",-10482.727
"1762",-10889.721
"1763",-10884.925
"1764",-10473.948
"1765",-10766.362
"1766",-10744.441
"1767",-10462.267
"1768",-10787.333
"1769",-10623.563
"1770",-10506.782
"1771",-10510.08
"1772",-10570.118
"1773",-10372.255
"1774",-10738.649
"1775",-10496.994
"1776",-10479.025
"1777",-10499.271
"1778",-10534.446
"1779",-10509.99
"1780",-10576.156
"1781",-10555.023
"1782",-10813.702
"1783",-10375.589
"1784",-10489.821
"1785",-10890.501
"1786",-10525.823
"1787",-10517.337
"1788",-10632.233
"1789",-10736.08
"1790",-10328.466
"1791",-10769.548
"1792",-10548.156
"1793",-10775.81
"1794",-10705.979
"1795",-10792.799
"1796",-10573.169
"1797",-10547.758
"1798",-10692.28
"1799",-10611.352
"1800",-10308.275
"1801",-10669.583
"1802",-10554.395
"1803",-10594.073
"1804",-10833.36
"1805",-10468.951
"1806",-10516.972
"1807",-10364.406
"1808",-10795.469
"1809",-10644.634
"1810",-10403.105
"1811",-10683.988
"1812",-10649.683
"1813",-10772.546
"1814",-10516.075
"1815",-10663.089
"1816",-10536.713
"1817",-10327.829
"1818",-10688.196
"1819",-10451.19
"1820",-10593.291
"1821",-10466.822
"1822",-10593.175
"1823",-10689.409
"1824",-10477.021
"1825",-10587.185
"1826",-10422.317
"1827",-10748.842
"1828",-10677.011
"1829",-10657.839
"1830",-10824.298
"1831",-10494.314
"1832",-10619.5
"1833",-10520.18
"1834",-10534.833
"1835",-10498.407
"1836",-10586.993
"1837",-10630.428
"1838",-10260.718
"1839",-10635.637
"1840",-10824.549
"1841",-10654.837
"1842",-10465.48
"1843",-10602.858
"1844",-10379.029
"1845",-10842.988
"1846",-10722.761
"1847",-10585.045
"1848",-10532.403
"1849",-10492.623
"1850",-10749.321
"1851",-10793.984
"1852",-10295.6
"1853",-10323.848
"1854",-10961.453
"1855",-10329.926
"1856",-10345.316
"1857",-10748.432
"1858",-10664.596
"1859",-10612.752
"1860",-10461.51
"1861",-10246.305
"1862",-10650.99
"1863",-10762.856
"1864",-10460.899
"1865",-10691.199
"1866",-10782.49
"1867",-10997.704
"1868",-10390.935
"1869",-10562.398
"1870",-10759.335
"1871",-10606.75
"1872",-10347.671
"1873",-10417.089
"1874",-10478.235
"1875",-10671.586
"1876",-10525.03
"1877",-10436.036
"1878",-10702.641
"1879",-10655.224
"1880",-10427.175
"1881",-10467.72
"1882",-10608.938
"1883",-10498.005
"1884",-10418.556
"1885",-10517.252
"1886",-10448.103
"1887",-10325.328
"1888",-10717.273
"1889",-10733.564
"1890",-10481.261
"1891",-10548.568
"1892",-10206.293
"1893",-10377.753
"1894",-10518.576
"1895",-10684.335
"1896",-10413.756
"1897",-10366.029
"1898",-10562.433
"1899",-10507.381
"1900",-10646.84
"1901",-10748.583
"1902",-10514.914
"1903",-10569.883
"1904",-10479.085
"1905",-10444.724
"1906",-10929.518
"1907",-10739.688
"1908",-10273.257
"1909",-10474.496
"1910",-10272.974
"1911",-10827.024
"1912",-10342.698
"1913",-10498.797
"1914",-10909.829
"1915",-10451.527
"1916",-10544.257
"1917",-10135.615
"1918",-10400.336
"1919",-10480.828
"1920",-10606.637
"1921",-10226.425
"1922",-10628.919
"1923",-10701.923
"1924",-10673.622
"1925",-10623.054
"1926",-10519.984
"1927",-10536.628
"1928",-10773.753
"1929",-10385.476
"1930",-10654.781
"1931",-10478.19
"1932",-10344.361
"1933",-10724.089
"1934",-10740.208
"1935",-10829.39
"1936",-10632.659
"1937",-10535.955
"1938",-10588.05
"1939",-10449.933
"1940",-10729.998
"1941",-10628.405
"1942",-10534.329
"1943",-10580.242
"1944",-10371.547
"1945",-10710.402
"1946",-10436.631
"1947",-10395.764
"1948",-10531.151
"1949",-10508.608
"1950",-10549.61
"1951",-10505.751
"1952",-10586.871
"1953",-10685.392
"1954",-10526.077
"1955",-10763.791
"1956",-10715.344
"1957",-10261.899
"1958",-10520.275
"1959",-10536.135
"1960",-10684.048
"1961",-10406.262
"1962",-10428.613
"1963",-10552.276
"1964",-10227.925
"1965",-10733.889
"1966",-10645.375
"1967",-10383.051
"1968",-10486.292
"1969",-10586.922
"1970",-10712.354
"1971",-10454.633
"1972",-10573.583
"1973",-10895.409
"1974",-10624.68
"1975",-10537.389
"1976",-10689.171
"1977",-10446.59
"1978",-10565.041
"1979",-10551.955
"1980",-10690.134
"1981",-10327.316
"1982",-10603.152
"1983",-10857.825
"1984",-10217.947
"1985",-10416.053
"1986",-10253.619
"1987",-10376.278
"1988",-10225.222
"1989",-10624.224
"1990",-10379.879
"1991",-10504.317
"1992",-10672.947
"1993",-10445.904
"1994",-10513.111
"1995",-10559.698
"1996",-10502.138
"1997",-10769.004
"1998",-10360.15
"1999",-10413.744
"2000",-10752.627
"2001",-10735.114
"2002",-10556.557
"2003",-10448.88
"2004",-10753.537
"2005",-10650.766
"2006",-10574.745
"2007",-10546.558
"2008",-10676.167
"2009",-10413.35
"2010",-10735.755
"2011",-10514.148
"2012",-10747.147
"2013",-10408.394
"2014",-10557.164
"2015",-10550.055
"2016",-10566.481
"2017",-10854.596
"2018",-10266.354
"2019",-10546.803
"2020",-10518.144
"2021",-10476.117
"2022",-10478.659
"2023",-10375.348
"2024",-10780.616
"2025",-10411.942
"2026",-10461.103
"2027",-10473.711
"2028",-10729.531
"2029",-10466.27
"2030",-10652.601
"2031",-10436.54
"2032",-10616.413
"2033",-10564.545
"2034",-10613.883
"2035",-10545.077
"2036",-10896.803
"2037",-10797.921
"2038",-10683.371
"2039",-10668.747
"2040",-10442.842
"2041",-10602.549
"2042",-10254.086
"2043",-10576.799
"2044",-10458.997
"2045",-10651.626
"2046",-10388.456
"2047",-10455.294
"2048",-10444.519
"2049",-10588.29
"2050",-10430.029
"2051",-10570.925
"2052",-10547.021
"2053",-10633.393
"2054",-10557.008
"2055",-10286.383
"2056",-10673.839
"2057",-10552.4
"2058",-10435.522
"2059",-10306.426
"2060",-10759.32
"2061",-10514.511
"2062",-10524.651
"2063",-10613.547
"2064",-10855.711
"2065",-10467.787
"2066",-10549.61
"2067",-10483.113
"2068",-10368.878
"2069",-10516.268
"2070",-10338.389
"2071",-10715.338
"2072",-10772.094
"2073",-10451.723
"2074",-10256.406
"2075",-10553.297
"2076",-10407.158
"2077",-10616.574
"2078",-10643.5
"2079",-10601.815
"2080",-10697.691
"2081",-10632.475
"2082",-10266.136
"2083",-10251.513
"2084",-10587.51
"2085",-10496.27
"2086",-10647.096
"2087",-10376.734
"2088",-10426.855
"2089",-10450.577
"2090",-10614.462
"2091",-10511.352
"2092",-10717.589
"2093",-10199.131
"2094",-10682.542
"2095",-10654.309
"2096",-10488.118
"2097",-10631.792
"2098",-10518.215
"2099",-10387.962
"2100",-10455.207
"2101",-10392
"2102",-10680.657
"2103",-10423.199
"2104",-10603.363
"2105",-10337.393
"2106",-10408.566
"2107",-10520.953
"2108",-10346.478
"2109",-10663.621
"2110",-10561.458
"2111",-10403.574
"2112",-10888.023
"2113",-10798.516
"2114",-10364.132
"2115",-10609.666
"2116",-10437.038
"2117",-10733.847
"2118",-10743.744
"2119",-10558.262
"2120",-10586.863
"2121",-10465.813
"2122",-10791.737
"2123",-10546.616
"2124",-10706.095
"2125",-10423.335
"2126",-10393.408
"2127",-10548.375
"2128",-10458.529
"2129",-10739.417
"2130",-10830.962
"2131",-10755.478
"2132",-10613.535
"2133",-10414.972
"2134",-10778.674
"2135",-10385.91
"2136",-10342.003
"2137",-10613.727
"2138",-10533.534
"2139",-10547.363
"2140",-10435.872
"2141",-10628.352
"2142",-10767.349
"2143",-10498.27
"2144",-10510.668
"2145",-10379.728
"2146",-10407.572
"2147",-10689.668
"2148",-10521.367
"2149",-10660.748
"2150",-10320.752
"2151",-10453.484
"2152",-10743.569
"2153",-10776.813
"2154",-10364.063
"2155",-10610.713
"2156",-10762.162
"2157",-10502.896
"2158",-10539.963
"2159",-10640.604
"2160",-10680.087
"2161",-10471.387
"2162",-10644.584
"2163",-10545.013
"2164",-10563.94
"2165",-10736.944
"2166",-10556.504
"2167",-10734.4
"2168",-10467.07
"2169",-10501.949
"2170",-10378.909
"2171",-10750.028
"2172",-10385.037
"2173",-10728.332
"2174",-10652.157
"2175",-10645.019
"2176",-10611.999
"2177",-10586.461
"2178",-10660.819
"2179",-10649.294
"2180",-10267.111
"2181",-10543.214
"2182",-10576.33
"2183",-10535.419
"2184",-10591.237
"2185",-10685.669
"2186",-10574.841
"2187",-10451.835
"2188",-10456.542
"2189",-10804.836
"2190",-10684.089
"2191",-10441.599
"2192",-10876.034
"2193",-10610.593
"2194",-10567
"2195",-10448.032
"2196",-10543.348
"2197",-10492.265
"2198",-10522.335
"2199",-10568.406
"2200",-10541.382
"2201",-10595.053
"2202",-10570.602
"2203",-10301.154
"2204",-10731.741
"2205",-10567.256
"2206",-10578.463
"2207",-10603.097
"2208",-10352.975
"2209",-10538.723
"2210",-10440.459
"2211",-10633.257
"2212",-10272.578
"2213",-10627.009
"2214",-10632.667
"2215",-10550.654
"2216",-10601.032
"2217",-10993.729
"2218",-10658.582
"2219",-10810.806
"2220",-10654.56
"2221",-10244.702
"2222",-10555.877
"2223",-10564.107
"2224",-10589.494
"2225",-10495.434
"2226",-10679.971
"2227",-10510.119
"2228",-10669.507
"2229",-10475.046
"2230",-10488.319
"2231",-10381.003
"2232",-10699.434
"2233",-10494.309
"2234",-10586.152
"2235",-10791.766
"2236",-10477.394
"2237",-10931.811
"2238",-10555.877
"2239",-10489.554
"2240",-10697.317
"2241",-10493.982
"2242",-10558.49
"2243",-10525.522
"2244",-10649.301
"2245",-10715.786
"2246",-10453.661
"2247",-10548.707
"2248",-10531.965
"2249",-10381.953
"2250",-10581.757
"2251",-10625.838
"2252",-10552.655
"2253",-10442.753
"2254",-10666.577
"2255",-10530.733
"2256",-10644.009
"2257",-10512.858
"2258",-10489.062
"2259",-10363.695
"2260",-10879.661
"2261",-10690.842
"2262",-10656.07
"2263",-10612.116
"2264",-10489.373
"2265",-10718.855
"2266",-10486.161
"2267",-10633.24
"2268",-10670.008
"2269",-10598.612
"2270",-10416.456
"2271",-11064.071
"2272",-10743.978
"2273",-10545.301
"2274",-10407.016
"2275",-10481.122
"2276",-10766.384
"2277",-10488.551
"2278",-10907.615
"2279",-10697.597
"2280",-10624.527
"2281",-10297.554
"2282",-10757.935
"2283",-10851.24
"2284",-10714.434
"2285",-10409.439
"2286",-10557.93
"2287",-10560.695
"2288",-10596.713
"2289",-10626.145
"2290",-10600.198
"2291",-10388.158
"2292",-10501.602
"2293",-10459.711
"2294",-10336.942
"2295",-10357.837
"2296",-10691.689
"2297",-10599.609
"2298",-10375.821
"2299",-10589.722
"2300",-10758.296
"2301",-10947.287
"2302",-10647.537
"2303",-10644.847
"2304",-10544.963
"2305",-10389.122
"2306",-10322.185
"2307",-10844.672
"2308",-10558.745
"2309",-10360.245
"2310",-10777.806
"2311",-10507.398
"2312",-10560.349
"2313",-10360.233
"2314",-10515.72
"2315",-10401.532
"2316",-10680.812
"2317",-10508.293
"2318",-10141.33
"2319",-10684.186
"2320",-10480.871
"2321",-10480.796
"2322",-10385.169
"2323",-10726.273
"2324",-10523.425
"2325",-10412.667
"2326",-10558.19
"2327",-10419.474
"2328",-10594.718
"2329",-10553.736
"2330",-10631.668
"2331",-10613.465
"2332",-10352.158
"2333",-10729.838
"2334",-10661.481
"2335",-10637.927
"2336",-10705.317
"2337",-10696.599
"2338",-10448.099
"2339",-10476.726
"2340",-10613.317
"2341",-10542.735
"2342",-10633.477
"2343",-10381.934
"2344",-10531.932
"2345",-10122.594
"2346",-10515.124
"2347",-10560.614
"2348",-10730.341
"2349",-10212.329
"2350",-10849.671
"2351",-10349.157
"2352",-10600.389
"2353",-10452.94
"2354",-10683.579
"2355",-10696.738
"2356",-10575.784
"2357",-10703.986
"2358",-10571.273
"2359",-10407.876
"2360",-10688.119
"2361",-10695.979
"2362",-10303.093
"2363",-10739.544
"2364",-10476.873
"2365",-10624.537
"2366",-10552.868
"2367",-10338.25
"2368",-10534.944
"2369",-10588.036
"2370",-10569.582
"2371",-10512.452
"2372",-10476.394
"2373",-10539.263
"2374",-10562.469
"2375",-10514.894
"2376",-10530.172
"2377",-10716.456
"2378",-10587.029
"2379",-10151.776
"2380",-10463.533
"2381",-10527.455
"2382",-10821.608
"2383",-10517.597
"2384",-10519.518
"2385",-10417.162
"2386",-10602.478
"2387",-10726.076
"2388",-10529.29
"2389",-10713.103
"2390",-10515.798
"2391",-10482.913
"2392",-10555.317
"2393",-10803.872
"2394",-10734.435
"2395",-10555.595
"2396",-10638.343
"2397",-10671.485
"2398",-10739.243
"2399",-10838.889
"2400",-10548.558
"2401",-10497.298
"2402",-10665.079
"2403",-10582.459
"2404",-10407.744
"2405",-10332.895
"2406",-10817.067
"2407",-10584.343
"2408",-10538.344
"2409",-10439.666
"2410",-10422.169
"2411",-10314.874
"2412",-10641.032
"2413",-10718.949
"2414",-10641.902
"2415",-10469.77
"2416",-10544.812
"2417",-10425.897
"2418",-10412.721
"2419",-10309.972
"2420",-10780.48
"2421",-10847.698
"2422",-10511.242
"2423",-10884.944
"2424",-10496.452
"2425",-10526.662
"2426",-10876.601
"2427",-10591.94
"2428",-10623.212
"2429",-10370.333
"2430",-10730.587
"2431",-10708.05
"2432",-10750.376
"2433",-10429.539
"2434",-10521.118
"2435",-10416.355
"2436",-10751.694
"2437",-10614.526
"2438",-10576.59
"2439",-10746.496
"2440",-10668.663
"2441",-10611.047
"2442",-10613.442
"2443",-10516.567
"2444",-10728.777
"2445",-10524.644
"2446",-10387.283
"2447",-10817.438
"2448",-10733.226
"2449",-10824.398
"2450",-10428.785
"2451",-10462.152
"2452",-10378.503
"2453",-10724.907
"2454",-10638.776
"2455",-10612.891
"2456",-10531.641
"2457",-10574.15
"2458",-10570.938
"2459",-10425.442
"2460",-10603.755
"2461",-10533.22
"2462",-10543.361
"2463",-10627.256
"2464",-10612.548
"2465",-10350.011
"2466",-10772.706
"2467",-10656.13
"2468",-10236.447
"2469",-10379.569
"2470",-10595.081
"2471",-10915.825
"2472",-10446.298
"2473",-10710.775
"2474",-10399.526
"2475",-10644.645
"2476",-10457.094
"2477",-10280.476
"2478",-10625.571
"2479",-10509.835
"2480",-10487.596
"2481",-10720.851
"2482",-10811.266
"2483",-10666.688
"2484",-10519.645
"2485",-10484.615
"2486",-10634.533
"2487",-10624.993
"2488",-10260.441
"2489",-10616.105
"2490",-10380.856
"2491",-10762.121
"2492",-10296.799
"2493",-10584.137
"2494",-10800.604
"2495",-10299.043
"2496",-10611.932
"2497",-10559.263
"2498",-10451.042
"2499",-10635.439
"2500",-10618.853
"2501",-10670.092
"2502",-10696.827
"2503",-10703.541
"2504",-10976.856
"2505",-10639.345
"2506",-10273.888
"2507",-10791.888
"2508",-10368.664
"2509",-10589.121
"2510",-10309.542
"2511",-10267.127
"2512",-10690.719
"2513",-10577.721
"2514",-10565.215
"2515",-10443.941
"2516",-10731.104
"2517",-10672.284
"2518",-10546.493
"2519",-10400.154
"2520",-10669.823
"2521",-10274.245
"2522",-10343.276
"2523",-10486.969
"2524",-10431.679
"2525",-10559.939
"2526",-10666.635
"2527",-10886.129
"2528",-10439.923
"2529",-10481.858
"2530",-10605.902
"2531",-10492.965
"2532",-10390.066
"2533",-10580.227
"2534",-10318.283
"2535",-10715.694
"2536",-10414.174
"2537",-10371.731
"2538",-10392.547
"2539",-10697.158
"2540",-10661.222
"2541",-10392.823
"2542",-10791.885
"2543",-10498.713
"2544",-10529.238
"2545",-10683.853
"2546",-10544.585
"2547",-10704.254
"2548",-10590.65
"2549",-10464.903
"2550",-10509.879
"2551",-10665.807
"2552",-10470.848
"2553",-10641.046
"2554",-10823.346
"2555",-10501.195
"2556",-10701.465
"2557",-10631.578
"2558",-10631.245
"2559",-10383.878
"2560",-10640.651
"2561",-10477.067
"2562",-10589.62
"2563",-10516.066
"2564",-10485.424
"2565",-10659.184
"2566",-10594.104
"2567",-10742.161
"2568",-10304.976
"2569",-10720.704
"2570",-10418.701
"2571",-10713.852
"2572",-10655.049
"2573",-10453.11
"2574",-10440.938
"2575",-10450.479
"2576",-10588.262
"2577",-10691.195
"2578",-10577.868
"2579",-10528.49
"2580",-10372.264
"2581",-10699.608
"2582",-10574.234
"2583",-10427.731
"2584",-10322.71
"2585",-10490.315
"2586",-10675.053
"2587",-10817.414
"2588",-10545.426
"2589",-10497.365
"2590",-10485.765
"2591",-10474.082
"2592",-10517.736
"2593",-10588.467
"2594",-10612.281
"2595",-10661.355
"2596",-10500.791
"2597",-10399.848
"2598",-10453.608
"2599",-10711.995
"2600",-10573.438
"2601",-10721.265
"2602",-10435.928
"2603",-10706.265
"2604",-10776.675
"2605",-10753.55
"2606",-10744.344
"2607",-10512.585
"2608",-10627.294
"2609",-10713.508
"2610",-10576.699
"2611",-10521.969
"2612",-10543.879
"2613",-10823.362
"2614",-10465.615
"2615",-10336.067
"2616",-10537.564
"2617",-10630.356
"2618",-10900.858
"2619",-10779.029
"2620",-10600.758
"2621",-10524.375
"2622",-10721.435
"2623",-10252.097
"2624",-10218.918
"2625",-10638.299
"2626",-10556.511
"2627",-10434.867
"2628",-10572.47
"2629",-10551.427
"2630",-10534.02
"2631",-10117.346
"2632",-10429.573
"2633",-10601.394
"2634",-10884.465
"2635",-10594.526
"2636",-10384.843
"2637",-10542.69
"2638",-10646.366
"2639",-10567.21
"2640",-10307.282
"2641",-10674.583
"2642",-10705.953
"2643",-10660.806
"2644",-10568.321
"2645",-10665.245
"2646",-10575.835
"2647",-10965.626
"2648",-10396.648
"2649",-10499.179
"2650",-10478.669
"2651",-10387.219
"2652",-10439.792
"2653",-10656.296
"2654",-10587.7
"2655",-10565.36
"2656",-10444.835
"2657",-10640.712
"2658",-10524.303
"2659",-10688.609
"2660",-10691.325
"2661",-10507.961
"2662",-10876.364
"2663",-10541.101
"2664",-10306.086
"2665",-10544.618
"2666",-10508.988
"2667",-10578.362
"2668",-10288.825
"2669",-10683.492
"2670",-10526.024
"2671",-10416.627
"2672",-10760.445
"2673",-10541.152
"2674",-10374.792
"2675",-10662.427
"2676",-10566.32
"2677",-10650.913
"2678",-10623.26
"2679",-10521.355
"2680",-10359.696
"2681",-10509.92
"2682",-10623.323
"2683",-10626.395
"2684",-10834.438
"2685",-10507.603
"2686",-10618.694
"2687",-10558.606
"2688",-10494.046
"2689",-10562.059
"2690",-10725.38
"2691",-10650.315
"2692",-10657.891
"2693",-10756.594
"2694",-10772.041
"2695",-10307.783
"2696",-10748.989
"2697",-10652.555
"2698",-10432.041
"2699",-10840.748
"2700",-10406.514
"2701",-10459.137
"2702",-10511.188
"2703",-10686.124
"2704",-10409.216
"2705",-10408.376
"2706",-10335.399
"2707",-10649.831
"2708",-10394.624
"2709",-10556.523
"2710",-10756.883
"2711",-10492.627
"2712",-10584.737
"2713",-10497.353
"2714",-10382.917
"2715",-10495.607
"2716",-10558.158
"2717",-10244.571
"2718",-10642.104
"2719",-10273.152
"2720",-10525.509
"2721",-10294.218
"2722",-10704.922
"2723",-10953.738
"2724",-10666.691
"2725",-10576.448
"2726",-10746.156
"2727",-10488.361
"2728",-10791.08
"2729",-10640.667
"2730",-10563
"2731",-10428.599
"2732",-10355.853
"2733",-10690.583
"2734",-10520.444
"2735",-10584.78
"2736",-10573.801
"2737",-10631.252
"2738",-10564.039
"2739",-10703.521
"2740",-10385.158
"2741",-10592.535
"2742",-10546.794
"2743",-10440.284
"2744",-10695.8
"2745",-10420.524
"2746",-10422.803
"2747",-10514.341
"2748",-10491.888
"2749",-10158.437
"2750",-10383.685
"2751",-10441.344
"2752",-10561.184
"2753",-10609.007
"2754",-10731.568
"2755",-10543.517
"2756",-10708.485
"2757",-10613.02
"2758",-10361.726
"2759",-10645.767
"2760",-10760.036
"2761",-10688.264
"2762",-10328.129
"2763",-10810.143
"2764",-10722.744
"2765",-10585.302
"2766",-10453.714
"2767",-10367.477
"2768",-10795.292
"2769",-10701.334
"2770",-10474.261
"2771",-10430.089
"2772",-10673.773
"2773",-10760.427
"2774",-10631.214
"2775",-10461.724
"2776",-10619.746
"2777",-10994.193
"2778",-10560.368
"2779",-10541.365
"2780",-10648.943
"2781",-10373.926
"2782",-10676.555
"2783",-10456.881
"2784",-10863.184
"2785",-10451.378
"2786",-10420.179
"2787",-10341.119
"2788",-10641.18
"2789",-10640.245
"2790",-10624.172
"2791",-10488.898
"2792",-10630.71
"2793",-10516.012
"2794",-10735.658
"2795",-10288.962
"2796",-10548.725
"2797",-10664.79
"2798",-10463.46
"2799",-10542.941
"2800",-10452.882
"2801",-10676.264
"2802",-10548.999
"2803",-10786.656
"2804",-10474.184
"2805",-10685.112
"2806",-10412.005
"2807",-10485.84
"2808",-10717.509
"2809",-10331.651
"2810",-10810.093
"2811",-10558.652
"2812",-10540.458
"2813",-10347.534
"2814",-10554.64
"2815",-10609.111
"2816",-10715.601
"2817",-10469.607
"2818",-10558.19
"2819",-10547.162
"2820",-10546.364
"2821",-10723.295
"2822",-10396.962
"2823",-10530.695
"2824",-10632.405
"2825",-10499.231
"2826",-10627.028
"2827",-10707.993
"2828",-10597.873
"2829",-10849.015
"2830",-10405.792
"2831",-10566.571
"2832",-10783.77
"2833",-10552.332
"2834",-10649.286
"2835",-10389.979
"2836",-10620.387
"2837",-10427.349
"2838",-10728.149
"2839",-10479.975
"2840",-10598.01
"2841",-10611.235
"2842",-10734.555
"2843",-10585.693
"2844",-10581.74
"2845",-10806.591
"2846",-10274.324
"2847",-10624.13
"2848",-10618.071
"2849",-10430.96
"2850",-10482.564
"2851",-10668.733
"2852",-10892.939
"2853",-10557.777
"2854",-10901.34
"2855",-10481.496
"2856",-10660.128
"2857",-10472.576
"2858",-10444.839
"2859",-10664.526
"2860",-10532.921
"2861",-10506.456
"2862",-10761.354
"2863",-10530.328
"2864",-10575.214
"2865",-10366.895
"2866",-10607.396
"2867",-10763.505
"2868",-10893.884
"2869",-10758.463
"2870",-10477.216
"2871",-10463.263
"2872",-10701.092
"2873",-10341.442
"2874",-10755.713
"2875",-10457.431
"2876",-10408.055
"2877",-10702.706
"2878",-10624.623
"2879",-10652.16
"2880",-10645.133
"2881",-10267.742
"2882",-10722.783
"2883",-10531.168
"2884",-10070.545
"2885",-10824.849
"2886",-10615.699
"2887",-10544.449
"2888",-10738.541
"2889",-10622.128
"2890",-10622.185
"2891",-10596.642
"2892",-10313.45
"2893",-10511.669
"2894",-10679.464
"2895",-10503.742
"2896",-10702.432
"2897",-10321.946
"2898",-10378.641
"2899",-10620.742
"2900",-10460.65
"2901",-10504.675
"2902",-10799.623
"2903",-10525.98
"2904",-10865.434
"2905",-10549.318
"2906",-10543.517
"2907",-10431.972
"2908",-10922.516
"2909",-10860.914
"2910",-10468.914
"2911",-10436.409
"2912",-10628.501
"2913",-10589.951
"2914",-10720.26
"2915",-10621.89
"2916",-10321.094
"2917",-10636.98
"2918",-10810.525
"2919",-10361.065
"2920",-10596.089
"2921",-10928.416
"2922",-10461.715
"2923",-10459.26
"2924",-10601.232
"2925",-10419.531
"2926",-10806.744
"2927",-10567.152
"2928",-10723.05
"2929",-10504.925
"2930",-10946.733
"2931",-10423.34
"2932",-10753.882
"2933",-10260.321
"2934",-10570.149
"2935",-10617.658
"2936",-10589.517
"2937",-10732.794
"2938",-10252.629
"2939",-10692.874
"2940",-10501.299
"2941",-10862.461
"2942",-10598.022
"2943",-10722.009
"2944",-10483.115
"2945",-10642.042
"2946",-10581.961
"2947",-10723.836
"2948",-10748.576
"2949",-10558.722
"2950",-10559.389
"2951",-10384.645
"2952",-10595.048
"2953",-10737.919
"2954",-10286.627
"2955",-10571.708
"2956",-10574.183
"2957",-10706.308
"2958",-10670.907
"2959",-10512.83
"2960",-10491.419
"2961",-10497.676
"2962",-10527.411
"2963",-10301.094
"2964",-10601.299
"2965",-10411.923
"2966",-10558.826
"2967",-10627.689
"2968",-10565.18
"2969",-10772.558
"2970",-10478.702
"2971",-10348.017
"2972",-10657.407
"2973",-10716.192
"2974",-10588.18
"2975",-10466.177
"2976",-10627.145
"2977",-10331.853
"2978",-10570.392
"2979",-10559.352
"2980",-10312.264
"2981",-10392.315
"2982",-10646.124
"2983",-10642.876
"2984",-10962.42
"2985",-10804.479
"2986",-10954.927
"2987",-10429.399
"2988",-10474.919
"2989",-10433.509
"2990",-10305.421
"2991",-10705.321
"2992",-10536.942
"2993",-10560.555
"2994",-10296.33
"2995",-10532.029
"2996",-10956.593
"2997",-10492.731
"2998",-10474.898
"2999",-10383.77
"3000",-10525.254
"3001",-10306.937
"3002",-10700.547
"3003",-10486.718
"3004",-10621.512
"3005",-10362.004
"3006",-10343.023
"3007",-10430.872
"3008",-10571.083
"3009",-10737.572
"3010",-10808.93
"3011",-10741.913
"3012",-10409.74
"3013",-10468.03
"3014",-10607.455
"3015",-10720.485
"3016",-10414.192
"3017",-10530.071
"3018",-10455.617
"3019",-10623.293
"3020",-10429.232
"3021",-10412.171
"3022",-10569.744
"3023",-10617.499
"3024",-10570.974
"3025",-10884.542
"3026",-10593.695
"3027",-10391.506
"3028",-10376.077
"3029",-10644.205
"3030",-10603.87
"3031",-10477.824
"3032",-10560.193
"3033",-10334.648
"3034",-10719.625
"3035",-10672.394
"3036",-10828.428
"3037",-10776.944
"3038",-10357.739
"3039",-10762.402
"3040",-10824.613
"3041",-10828.779
"3042",-10612.934
"3043",-10391.79
"3044",-10554.626
"3045",-10520.595
"3046",-10351.735
"3047",-10607.248
"3048",-10472.495
"3049",-10721.544
"3050",-10456.3
"3051",-10507.66
"3052",-10610.516
"3053",-10757.073
"3054",-10584.041
"3055",-10513.483
"3056",-10379.504
"3057",-10597.346
"3058",-10571.582
"3059",-10554.935
"3060",-10521.509
"3061",-10841.242
"3062",-10443.53
"3063",-10782.818
"3064",-10638.176
"3065",-10572.589
"3066",-10475.318
"3067",-10536.387
"3068",-10631.366
"3069",-10417.554
"3070",-10362.289
"3071",-10608.743
"3072",-10502.964
"3073",-10692.738
"3074",-10498.347
"3075",-10340.479
"3076",-10471.879
"3077",-10799.254
"3078",-10559.72
"3079",-10437.12
"3080",-10547.407
"3081",-10544.351
"3082",-10508.355
"3083",-10586.764
"3084",-10405.302
"3085",-10283.337
"3086",-10695.2
"3087",-10478.813
"3088",-10556.544
"3089",-10376.781
"3090",-10415.722
"3091",-10417.293
"3092",-10398.789
"3093",-10217.76
"3094",-10416.031
"3095",-10564.125
"3096",-10781.236
"3097",-10668.063
"3098",-10418.147
"3099",-10590.801
"3100",-10760.12
"3101",-10692.094
"3102",-10495.42
"3103",-10674.999
"3104",-10721.961
"3105",-10606.227
"3106",-10491.43
"3107",-10734.173
"3108",-10399.166
"3109",-10485.662
"3110",-10594.046
"3111",-10572.408
"3112",-10525.498
"3113",-10402.576
"3114",-10418.608
"3115",-10428.103
"3116",-10596.534
"3117",-10545.078
"3118",-10553.37
"3119",-10655.926
"3120",-10277.6
"3121",-10502.474
"3122",-10646.269
"3123",-10587.25
"3124",-10616.551
"3125",-10609.586
"3126",-10700.231
"3127",-10460.395
"3128",-10719.267
"3129",-10663.513
"3130",-10368.594
"3131",-10332.789
"3132",-10705.337
"3133",-10818.445
"3134",-10616.783
"3135",-10582.166
"3136",-10685.661
"3137",-10535.375
"3138",-10430.332
"3139",-10660.64
"3140",-10379.004
"3141",-10452.315
"3142",-10690.451
"3143",-10430.511
"3144",-10655.533
"3145",-10612.853
"3146",-10664.77
"3147",-10767.705
"3148",-10557.241
"3149",-10633.391
"3150",-10526.247
"3151",-10642.862
"3152",-10757.937
"3153",-10765.679
"3154",-10617.658
"3155",-10714.79
"3156",-10390.823
"3157",-10283.202
"3158",-10460.103
"3159",-10690.395
"3160",-10812.063
"3161",-10455.992
"3162",-10622.217
"3163",-10512.272
"3164",-10356.752
"3165",-10055.886
"3166",-10415.997
"3167",-10413.471
"3168",-10619.638
"3169",-10410.664
"3170",-10654.115
"3171",-10695.065
"3172",-10288.963
"3173",-10461.61
"3174",-10694.565
"3175",-10684.1
"3176",-10457.128
"3177",-10585.872
"3178",-10556.653
"3179",-10700.652
"3180",-10584.866
"3181",-10643.698
"3182",-10650.939
"3183",-10587.876
"3184",-10707.645
"3185",-10802.067
"3186",-10658.323
"3187",-10443.596
"3188",-10723.29
"3189",-10337.64
"3190",-10788.971
"3191",-10527.914
"3192",-10433.15
"3193",-10476.994
"3194",-10645.738
"3195",-10697.46
"3196",-10903.811
"3197",-10450.338
"3198",-10566.087
"3199",-10778.991
"3200",-10703.621
"3201",-10536.277
"3202",-10599.746
"3203",-10360.688
"3204",-10726.474
"3205",-10421.495
"3206",-10443.964
"3207",-10551.429
"3208",-10508.689
"3209",-10564.057
"3210",-10379.131
"3211",-10507.535
"3212",-10409.397
"3213",-10354.987
"3214",-10720.479
"3215",-10641.97
"3216",-10619.797
"3217",-10492.861
"3218",-10531.144
"3219",-10595.338
"3220",-10774.478
"3221",-10578.82
"3222",-10722.369
"3223",-10407.266
"3224",-10284.485
"3225",-10460.629
"3226",-10599.865
"3227",-10690.917
"3228",-10626.621
"3229",-10378.449
"3230",-10720.159
"3231",-10226.969
"3232",-10576.279
"3233",-10596.494
"3234",-10475.202
"3235",-10572.417
"3236",-10623.518
"3237",-10835.513
"3238",-10492.765
"3239",-10784.87
"3240",-10586.535
"3241",-10640.999
"3242",-10442.351
"3243",-10498.964
"3244",-10397.811
"3245",-10395.87
"3246",-10203.588
"3247",-10503.526
"3248",-10638.742
"3249",-10680.555
"3250",-10576.993
"3251",-10782.831
"3252",-10441.629
"3253",-10523.58
"3254",-10636.724
"3255",-10377.997
"3256",-10658.88
"3257",-10604.158
"3258",-10556.212
"3259",-10813.57
"3260",-10385.133
"3261",-10425.665
"3262",-10446.162
"3263",-10540.73
"3264",-10456.779
"3265",-10462.965
"3266",-10461.008
"3267",-10584.999
"3268",-10340.199
"3269",-10730.578
"3270",-10625.669
"3271",-10851.511
"3272",-10380.995
"3273",-10477.93
"3274",-10860.742
"3275",-11029.24
"3276",-10434.781
"3277",-10748.139
"3278",-10534.575
"3279",-10363.23
"3280",-10577.805
"3281",-10528.362
"3282",-10388.344
"3283",-10848.28
"3284",-10670.696
"3285",-10692.688
"3286",-10748.442
"3287",-10172.004
"3288",-10356.708
"3289",-10672.973
"3290",-10644.321
"3291",-10542.317
"3292",-10572.592
"3293",-10448.159
"3294",-10624.123
"3295",-10465.11
"3296",-10577.232
"3297",-10227.847
"3298",-10569.504
"3299",-10562.009
"3300",-10534.07
"3301",-10673.305
"3302",-10538.06
"3303",-10664.259
"3304",-10489.524
"3305",-10310.05
"3306",-10881.799
"3307",-10307.839
"3308",-10655.052
"3309",-10702.157
"3310",-10500.415
"3311",-10475.736
"3312",-10378.275
"3313",-10548.917
"3314",-10438.236
"3315",-10547.812
"3316",-10508.643
"3317",-10768.06
"3318",-10464.176
"3319",-10594.945
"3320",-10608.165
"3321",-10605.233
"3322",-10359.668
"3323",-10422.031
"3324",-10545.157
"3325",-10712.948
"3326",-10364.486
"3327",-10713.356
"3328",-10488.416
"3329",-10578.76
"3330",-10630.115
"3331",-10598.177
"3332",-10394.847
"3333",-10596.693
"3334",-10470.618
"3335",-10309.271
"3336",-10501.602
"3337",-10485.002
"3338",-10813.968
"3339",-10475.746
"3340",-10477.003
"3341",-10771.027
"3342",-10688.043
"3343",-10680.663
"3344",-10701.741
"3345",-10790.644
"3346",-10544.418
"3347",-10533.591
"3348",-10589.254
"3349",-10550.288
"3350",-10410.579
"3351",-10570.684
"3352",-10903.253
"3353",-10475.455
"3354",-10804.565
"3355",-10597.745
"3356",-10511.428
"3357",-10680.71
"3358",-10770.102
"3359",-10495.041
"3360",-10553.85
"3361",-10854.425
"3362",-10485.192
"3363",-10426.625
"3364",-10315.147
"3365",-10610.68
"3366",-10625.257
"3367",-10643.242
"3368",-10434.562
"3369",-10517.971
"3370",-10695.436
"3371",-10675.551
"3372",-10581.87
"3373",-10798.503
"3374",-10609.043
"3375",-10323.629
"3376",-10580.959
"3377",-10580.101
"3378",-10747.353
"3379",-10616.235
"3380",-10638.324
"3381",-10670.103
"3382",-10545.076
"3383",-10474.459
"3384",-10542.165
"3385",-10785.14
"3386",-10506.994
"3387",-10774.14
"3388",-10523.736
"3389",-10595.137
"3390",-10791.384
"3391",-10628.982
"3392",-10606.281
"3393",-10552.182
"3394",-10550.044
"3395",-10528.488
"3396",-10706.606
"3397",-10507.868
"3398",-10645.848
"3399",-10165.836
"3400",-10660.408
"3401",-10724.902
"3402",-10676.324
"3403",-10465.485
"3404",-10612.821
"3405",-10412.295
"3406",-10422.871
"3407",-10696.92
"3408",-10881.19
"3409",-10551.293
"3410",-10604.239
"3411",-10820.629
"3412",-10492.78
"3413",-10607.571
"3414",-10737.241
"3415",-10526.729
"3416",-10588.963
"3417",-10816.643
"3418",-10403.987
"3419",-10708.828
"3420",-10777.419
"3421",-10514.646
"3422",-10742.604
"3423",-10520.031
"3424",-10354.593
"3425",-10681.661
"3426",-10613.367
"3427",-10556.735
"3428",-10633.548
"3429",-10590.581
"3430",-10609.969
"3431",-10497.375
"3432",-10554.591
"3433",-10529.294
"3434",-10409.857
"3435",-10588.288
"3436",-10801.132
"3437",-10494.812
"3438",-10678.039
"3439",-10496.362
"3440",-10149.879
"3441",-10552.373
"3442",-10693.989
"3443",-10500.475
"3444",-10476.506
"3445",-10914.376
"3446",-10568.083
"3447",-10391.897
"3448",-10711.799
"3449",-10708.455
"3450",-10603.959
"3451",-10214.857
"3452",-10704.213
"3453",-10622.15
"3454",-10336.345
"3455",-10551.547
"3456",-10640.278
"3457",-10684.273
"3458",-10518.918
"3459",-10467.418
"3460",-10474.699
"3461",-10480.481
"3462",-10528.364
"3463",-10642.28
"3464",-10190.706
"3465",-10823.933
"3466",-10638.51
"3467",-10327.007
"3468",-10637.867
"3469",-10440.935
"3470",-10584.405
"3471",-10397.366
"3472",-10476.37
"3473",-10345.872
"3474",-10482.911
"3475",-10481.234
"3476",-10782.097
"3477",-10539.377
"3478",-10834.335
"3479",-10659.568
"3480",-10617.953
"3481",-10536.149
"3482",-10533.315
"3483",-10466.347
"3484",-10492.292
"3485",-10352.107
"3486",-10463.135
"3487",-10461.826
"3488",-10691.363
"3489",-10731.285
"3490",-10617.988
"3491",-10472.295
"3492",-10274.582
"3493",-10676.388
"3494",-10592.346
"3495",-10729.6
"3496",-10846.666
"3497",-10324.122
"3498",-10616.129
"3499",-10348.984
"3500",-10645.957
"3501",-10478.199
"3502",-10715.356
"3503",-10770.925
"3504",-10505.697
"3505",-10597.552
"3506",-10519.186
"3507",-10426.059
"3508",-10614.703
"3509",-10494.91
"3510",-10621.144
"3511",-10473.791
"3512",-10467.263
"3513",-10549.096
"3514",-10447.992
"3515",-10465.986
"3516",-10655.132
"3517",-10609.224
"3518",-10663.242
"3519",-10418.903
"3520",-10372.19
"3521",-10662.179
"3522",-10285.377
"3523",-10624.512
"3524",-10528.575
"3525",-10685.674
"3526",-10200.597
"3527",-10227.656
"3528",-10389.7
"3529",-10468.441
"3530",-10587.41
"3531",-10474.524
"3532",-10777.143
"3533",-10801.259
"3534",-10797.345
"3535",-10656.968
"3536",-10496.461
"3537",-10555.015
"3538",-10531.935
"3539",-10598.899
"3540",-10817.998
"3541",-10495.708
"3542",-10644.269
"3543",-10668.765
"3544",-10729.739
"3545",-10562.48
"3546",-10583.354
"3547",-10852.085
"3548",-10585.905
"3549",-10718.502
"3550",-10459.403
"3551",-10536.441
"3552",-10628.007
"3553",-10359.635
"3554",-10447.149
"3555",-10320.361
"3556",-10725.387
"3557",-10610.845
"3558",-10395.369
"3559",-10786.507
"3560",-10485.266
"3561",-10530.74
"3562",-10693.85
"3563",-10594.009
"3564",-10700.523
"3565",-10570.847
"3566",-10565.782
"3567",-10547.012
"3568",-10426.738
"3569",-10510.522
"3570",-10639.619
"3571",-10616.636
"3572",-10730.62
"3573",-10671.844
"3574",-10552.097
"3575",-10711.068
"3576",-10399.025
"3577",-10930.658
"3578",-10431.435
"3579",-10606.025
"3580",-10694.68
"3581",-10718.787
"3582",-10863.919
"3583",-10454.023
"3584",-10435.568
"3585",-10624.723
"3586",-10240.472
"3587",-10715.452
"3588",-10582.788
"3589",-10524.564
"3590",-10570.788
"3591",-10402.576
"3592",-10503.328
"3593",-10542.125
"3594",-10438.503
"3595",-10678.009
"3596",-10782.572
"3597",-10498.283
"3598",-10631.451
"3599",-10548.075
"3600",-10555.624
"3601",-10743.536
"3602",-10751.929
"3603",-10574.084
"3604",-10589.842
"3605",-10449.351
"3606",-10595.857
"3607",-10374.061
"3608",-10535.279
"3609",-10606.805
"3610",-10491.732
"3611",-10500.319
"3612",-10166.431
"3613",-10741.243
"3614",-10655.694
"3615",-10632.134
"3616",-10786.537
"3617",-10705.163
"3618",-10843.335
"3619",-10682.337
"3620",-10238.973
"3621",-10679.817
"3622",-10377.907
"3623",-10634.915
"3624",-10511.284
"3625",-10494.309
"3626",-10422.075
"3627",-10771.533
"3628",-10606.579
"3629",-10223.259
"3630",-10569.555
"3631",-10579.754
"3632",-10392.162
"3633",-10740.242
"3634",-10528.597
"3635",-10544.259
"3636",-10424.358
"3637",-10494.571
"3638",-10262.544
"3639",-10585.996
"3640",-10526.782
"3641",-10708.992
"3642",-10767.188
"3643",-10468.309
"3644",-10407.783
"3645",-10621.943
"3646",-10724.979
"3647",-10579.885
"3648",-10531.921
"3649",-10769.471
"3650",-10517.929
"3651",-10557.107
"3652",-10530.821
"3653",-10537.63
"3654",-10723.427
"3655",-10608.696
"3656",-10400.678
"3657",-10673.484
"3658",-10254.506
"3659",-10695.474
"3660",-10418.179
"3661",-10544.167
"3662",-10313.991
"3663",-10286.786
"3664",-10472.488
"3665",-10572.361
"3666",-10592.368
"3667",-10712.442
"3668",-10681.099
"3669",-10590.01
"3670",-10445.521
"3671",-10564.068
"3672",-10406.316
"3673",-10479.939
"3674",-10453.238
"3675",-10896.515
"3676",-10270.022
"3677",-10661.58
"3678",-10212.944
"3679",-10686.459
"3680",-10559.548
"3681",-10838.22
"3682",-10640.724
"3683",-10256.162
"3684",-10513.658
"3685",-10470.421
"3686",-10691.869
"3687",-10292.696
"3688",-10489.198
"3689",-10519.02
"3690",-10712.996
"3691",-10764.642
"3692",-10621.778
"3693",-10377.296
"3694",-10693.355
"3695",-10571.291
"3696",-10275.781
"3697",-10552.794
"3698",-10659.981
"3699",-10347.738
"3700",-10534.025
"3701",-10579.271
"3702",-10577.941
"3703",-10686.122
"3704",-10536.989
"3705",-10759.756
"3706",-10631.846
"3707",-10801.062
"3708",-10774.755
"3709",-10638.241
"3710",-10613.793
"3711",-10651.63
"3712",-10906.437
"3713",-10694.198
"3714",-10496.49
"3715",-10722.858
"3716",-10623.518
"3717",-10543.063
"3718",-10696.991
"3719",-10833.96
"3720",-10544.603
"3721",-10395.108
"3722",-10587.846
"3723",-10430.964
"3724",-10614.528
"3725",-10220.336
"3726",-10764.899
"3727",-10691.434
"3728",-10584.215
"3729",-10737.816
"3730",-10851.384
"3731",-10292.766
"3732",-10380.998
"3733",-10476.916
"3734",-10362.778
"3735",-10528.003
"3736",-10509.798
"3737",-10727.591
"3738",-10363.761
"3739",-10370.624
"3740",-10842.549
"3741",-10395.29
"3742",-10471.289
"3743",-10670.341
"3744",-10624.484
"3745",-10635.232
"3746",-10603.342
"3747",-10449.219
"3748",-10724.941
"3749",-10619.978
"3750",-10634.763
"3751",-10613.101
"3752",-10697.852
"3753",-10626.949
"3754",-10735.563
"3755",-10549.066
"3756",-10561.658
"3757",-10267.312
"3758",-10398.795
"3759",-10604.173
"3760",-10423.63
"3761",-10435.304
"3762",-10431.479
"3763",-10470.063
"3764",-10603.09
"3765",-10475.359
"3766",-10672.491
"3767",-10413.597
"3768",-10709.524
"3769",-10849.905
"3770",-10514.144
"3771",-10597.998
"3772",-10724.629
"3773",-10529.096
"3774",-10596.671
"3775",-10824.524
"3776",-10751.951
"3777",-10417.322
"3778",-10735.871
"3779",-10399.38
"3780",-10623.028
"3781",-10670.148
"3782",-10606.389
"3783",-10831.178
"3784",-10444.907
"3785",-10412.026
"3786",-10550.371
"3787",-10707.782
"3788",-10316.843
"3789",-10221.257
"3790",-10497.5
"3791",-10502.487
"3792",-10692.819
"3793",-10456.469
"3794",-10697.86
"3795",-10463.822
"3796",-10267.191
"3797",-10855.23
"3798",-10846.23
"3799",-10438.411
"3800",-10525.743
"3801",-10697.172
"3802",-10782.807
"3803",-10872.522
"3804",-10461.979
"3805",-10485.792
"3806",-10447.077
"3807",-10600.372
"3808",-10741.526
"3809",-10571.764
"3810",-10545.5
"3811",-10463.29
"3812",-10367.478
"3813",-10711.834
"3814",-10658.436
"3815",-10342.717
"3816",-10715.531
"3817",-10458.159
"3818",-10684.153
"3819",-10377.542
"3820",-10759.971
"3821",-10460.811
"3822",-10662.25
"3823",-10265.292
"3824",-10590.844
"3825",-10527.023
"3826",-10516.073
"3827",-10596.497
"3828",-10426.211
"3829",-10537.447
"3830",-10328.042
"3831",-10405.256
"3832",-10327.136
"3833",-10521.112
"3834",-10489.706
"3835",-10534.705
"3836",-10704.531
"3837",-10528.516
"3838",-10467.813
"3839",-10759.07
"3840",-10639.966
"3841",-10473.513
"3842",-10571.439
"3843",-10714.623
"3844",-10526.312
"3845",-10766.084
"3846",-10640.677
"3847",-10460.333
"3848",-10585.289
"3849",-10534.141
"3850",-10557.122
"3851",-10599.489
"3852",-10542.604
"3853",-10248.555
"3854",-10497.265
"3855",-10494.354
"3856",-10460.588
"3857",-10452.112
"3858",-10494.63
"3859",-10778.111
"3860",-10453.436
"3861",-10401.265
"3862",-10766.064
"3863",-10500.692
"3864",-10635.64
"3865",-10267.1
"3866",-10513.937
"3867",-10638.808
"3868",-10690.034
"3869",-10453.384
"3870",-10441.467
"3871",-10541.487
"3872",-10788.866
"3873",-10622.582
"3874",-10842.759
"3875",-10754.445
"3876",-10849.686
"3877",-10489.413
"3878",-10366.138
"3879",-10597.954
"3880",-10636.548
"3881",-10511.722
"3882",-10556.28
"3883",-10312.424
"3884",-10379.431
"3885",-10448.426
"3886",-10499.805
"3887",-10496.06
"3888",-10863.899
"3889",-10448.761
"3890",-10706.57
"3891",-10296.247
"3892",-10386.575
"3893",-10681.643
"3894",-10495.17
"3895",-10275.842
"3896",-10588.748
"3897",-10558.273
"3898",-10610.69
"3899",-10699.427
"3900",-10683.913
"3901",-10685.096
"3902",-10411.8
"3903",-10608.155
"3904",-10400.212
"3905",-10470.572
"3906",-10521.281
"3907",-10667.252
"3908",-10693.338
"3909",-10564.966
"3910",-10455.692
"3911",-10766.41
"3912",-10550.719
"3913",-10607.024
"3914",-10503.753
"3915",-10623.406
"3916",-10598.935
"3917",-10637.489
"3918",-10487.984
"3919",-10395.012
"3920",-10691.401
"3921",-10768.222
"3922",-10419.65
"3923",-10676.588
"3924",-10685.957
"3925",-10502.428
"3926",-10601.853
"3927",-10432.366
"3928",-10662.572
"3929",-10359.747
"3930",-10426.716
"3931",-10603.751
"3932",-10419.811
"3933",-10489.679
"3934",-10527.78
"3935",-10684.876
"3936",-10569.819
"3937",-10351.838
"3938",-10411.747
"3939",-10689.568
"3940",-10626.553
"3941",-10472.117
"3942",-10748.076
"3943",-10438.108
"3944",-10424.823
"3945",-10630.259
"3946",-10854.255
"3947",-10577.162
"3948",-10316.56
"3949",-10362.425
"3950",-10641.965
"3951",-10701.727
"3952",-10607.225
"3953",-10396.928
"3954",-10542.798
"3955",-10671.923
"3956",-10802.058
"3957",-10491.266
"3958",-10787.708
"3959",-10331.444
"3960",-10629.481
"3961",-10479.918
"3962",-10445.718
"3963",-10477.131
"3964",-10478.404
"3965",-10626.8
"3966",-10345.796
"3967",-10419.928
"3968",-10490.288
"3969",-10782.567
"3970",-10429.429
"3971",-10790.448
"3972",-10478.462
"3973",-10902.906
"3974",-10459.986
"3975",-10681.491
"3976",-10432.54
"3977",-10610.026
"3978",-10598.338
"3979",-10674.582
"3980",-10711.157
"3981",-10534.555
"3982",-10505.069
"3983",-10378.18
"3984",-10425.688
"3985",-10573.649
"3986",-10568.803
"3987",-10713.145
"3988",-10253.466
"3989",-10742.611
"3990",-10514.857
"3991",-10655.757
"3992",-10772.183
"3993",-10363.386
"3994",-10859.825
"3995",-10365.209
"3996",-10848.886
"3997",-10439.63
"3998",-10809.59
"3999",-10517.396
"4000",-10253.811
"4001",-10622.32
"4002",-10545.983
"4003",-10182.696
"4004",-10247.36
"4005",-10583.876
"4006",-10585.047
"4007",-10776.414
"4008",-10551.125
"4009",-10276.857
"4010",-10628.191
"4011",-10736.157
"4012",-10731.055
"4013",-10483.945
"4014",-10620.24
"4015",-10798.89
"4016",-10551.6
"4017",-10835.239
"4018",-10602.172
"4019",-10237.592
"4020",-10640.179
"4021",-10399.365
"4022",-10748.954
"4023",-10588.907
"4024",-10693.335
"4025",-10584.769
"4026",-10580.487
"4027",-10619.602
"4028",-10513.38
"4029",-10826.267
"4030",-10332.632
"4031",-10582.893
"4032",-10600.192
"4033",-10551.641
"4034",-10122.147
"4035",-10705.138
"4036",-10631.032
"4037",-10386.347
"4038",-10735.626
"4039",-10466.758
"4040",-10558.983
"4041",-10594.016
"4042",-10434.458
"4043",-10756.48
"4044",-10480.412
"4045",-10370.124
"4046",-10612.338
"4047",-10729.949
"4048",-10296.134
"4049",-10817.533
"4050",-10238.423
"4051",-10568.127
"4052",-10778.746
"4053",-10640.085
"4054",-10708.626
"4055",-10568.202
"4056",-10440.147
"4057",-10597.927
"4058",-10498.201
"4059",-10691.706
"4060",-10580.926
"4061",-10755.989
"4062",-10295.509
"4063",-10773.48
"4064",-10523.588
"4065",-10414.429
"4066",-10760.327
"4067",-10329.631
"4068",-10534.06
"4069",-10294.259
"4070",-10365.94
"4071",-10705.071
"4072",-10733.325
"4073",-10698.755
"4074",-10527.5
"4075",-10403.684
"4076",-10473.926
"4077",-10641.128
"4078",-10691.953
"4079",-10477.434
"4080",-10244.478
"4081",-10436.379
"4082",-10508.862
"4083",-10550.374
"4084",-10242.34
"4085",-10596.726
"4086",-10578.521
"4087",-10645.96
"4088",-10864.982
"4089",-10471.699
"4090",-10751.346
"4091",-10747.209
"4092",-10708.388
"4093",-10544.03
"4094",-10534.475
"4095",-10730.146
"4096",-10758.377
"4097",-10399.221
"4098",-10349.714
"4099",-10483.915
"4100",-10571.182
"4101",-10522.707
"4102",-10750.765
"4103",-10575.582
"4104",-10414.143
"4105",-10402.02
"4106",-10578.284
"4107",-10508.221
"4108",-10700.78
"4109",-10423.927
"4110",-10689.886
"4111",-10339.974
"4112",-10714.169
"4113",-10468.767
"4114",-10819.404
"4115",-10729.319
"4116",-10654.498
"4117",-10681.073
"4118",-10503.219
"4119",-10513.445
"4120",-10518.969
"4121",-10686.748
"4122",-10391.115
"4123",-10376.721
"4124",-10768.163
"4125",-10925.582
"4126",-10382.366
"4127",-10542.066
"4128",-10653.075
"4129",-10631.892
"4130",-10479.03
"4131",-10719.983
"4132",-10531.154
"4133",-10519.066
"4134",-10406.967
"4135",-10394.489
"4136",-10553.114
"4137",-10335.717
"4138",-10588.826
"4139",-10722.586
"4140",-10270.037
"4141",-10506.951
"4142",-10558.897
"4143",-10501.517
"4144",-10384.092
"4145",-10559.679
"4146",-10493.427
"4147",-10598.914
"4148",-10704.692
"4149",-10701.73
"4150",-10382.932
"4151",-10640.001
"4152",-10564.885
"4153",-10582.29
"4154",-10717.422
"4155",-10761.101
"4156",-10405.83
"4157",-10621.938
"4158",-10600.749
"4159",-10427.37
"4160",-10819.767
"4161",-10522.384
"4162",-10368.827
"4163",-10652.29
"4164",-10812.517
"4165",-10535.821
"4166",-10557.115
"4167",-10818.705
"4168",-10533.825
"4169",-10671.397
"4170",-10714.243
"4171",-10463.01
"4172",-10400.35
"4173",-10613.163
"4174",-10503.379
"4175",-10543.528
"4176",-10629.257
"4177",-10359.567
"4178",-10744.375
"4179",-10572.253
"4180",-10822.021
"4181",-10486.927
"4182",-10482.1
"4183",-10753.452
"4184",-10582.232
"4185",-10968.265
"4186",-10571.973
"4187",-10566.651
"4188",-10492.07
"4189",-10668.736
"4190",-10602.094
"4191",-10588.311
"4192",-10580.405
"4193",-10650.144
"4194",-10329.223
"4195",-10765.268
"4196",-10518.864
"4197",-10646.251
"4198",-10367.802
"4199",-10582.474
"4200",-10362.048
"4201",-10508.456
"4202",-10281.377
"4203",-10667.053
"4204",-10518.074
"4205",-10588.247
"4206",-10410.564
"4207",-10566.092
"4208",-10509.871
"4209",-10470.135
"4210",-10768.077
"4211",-10449.799
"4212",-10172.632
"4213",-10616.667
"4214",-10418.499
"4215",-10510.25
"4216",-10464.346
"4217",-10705.636
"4218",-10577.814
"4219",-10519.346
"4220",-10454.679
"4221",-10740.051
"4222",-10577.868
"4223",-10631.436
"4224",-10446.723
"4225",-10597.833
"4226",-10585.614
"4227",-10532.958
"4228",-10592.831
"4229",-10560.273
"4230",-10359.411
"4231",-10687.58
"4232",-10692.798
"4233",-10383.759
"4234",-10700.175
"4235",-10632.579
"4236",-10810.414
"4237",-10395.692
"4238",-10379.563
"4239",-10611.624
"4240",-10215.052
"4241",-10409.043
"4242",-10808.182
"4243",-10503.428
"4244",-10627.452
"4245",-10478.245
"4246",-10604.286
"4247",-10479.775
"4248",-10335.01
"4249",-10607.536
"4250",-10819.072
"4251",-10654.786
"4252",-10528.888
"4253",-10306.588
"4254",-10378.689
"4255",-10759.979
"4256",-10583.562
"4257",-10445.153
"4258",-10528.511
"4259",-10836.039
"4260",-10650.743
"4261",-10312.787
"4262",-10619.345
"4263",-10646.567
"4264",-10460.795
"4265",-10732.117
"4266",-10330.874
"4267",-10796.029
"4268",-10550.019
"4269",-10617.176
"4270",-10480.301
"4271",-10561.011
"4272",-10606.673
"4273",-10593.085
"4274",-10634.288
"4275",-10490.99
"4276",-10296.862
"4277",-10527.954
"4278",-10774.699
"4279",-10482.295
"4280",-10714.398
"4281",-10465.137
"4282",-10450.205
"4283",-10590.21
"4284",-10499.585
"4285",-10574.188
"4286",-10385.673
"4287",-10703.159
"4288",-10237.462
"4289",-10373.64
"4290",-10528.035
"4291",-10612.238
"4292",-10443.733
"4293",-10252.743
"4294",-10621.743
"4295",-10506.56
"4296",-10458.171
"4297",-10656.677
"4298",-10377.527
"4299",-10567.692
"4300",-10558.181
"4301",-10643.793
"4302",-10469.32
"4303",-10521.083
"4304",-10681.988
"4305",-10466.652
"4306",-10625.4
"4307",-10419.306
"4308",-10624.833
"4309",-10639.987
"4310",-10795.402
"4311",-10367.083
"4312",-10612.821
"4313",-10411.083
"4314",-10693.864
"4315",-10415.265
"4316",-10227.722
"4317",-10265.037
"4318",-10614.508
"4319",-10586.109
"4320",-10482.767
"4321",-10659.444
"4322",-10384.799
"4323",-10356.528
"4324",-10720.37
"4325",-10758.548
"4326",-10799.016
"4327",-10643.264
"4328",-10499.527
"4329",-10564.91
"4330",-10636.971
"4331",-11013.608
"4332",-10641.709
"4333",-10523.207
"4334",-10340.204
"4335",-10521.572
"4336",-10623.994
"4337",-10524.686
"4338",-10911.099
"4339",-10504.144
"4340",-10758.554
"4341",-11002.432
"4342",-10603.218
"4343",-10559.8
"4344",-10614.153
"4345",-10635.247
"4346",-10558.822
"4347",-10640.696
"4348",-10291.437
"4349",-10554.282
"4350",-10772.415
"4351",-10831.38
"4352",-10333.316
"4353",-10987.97
"4354",-10532.26
"4355",-10333.735
"4356",-10734.162
"4357",-10662.511
"4358",-10507.502
"4359",-10432.862
"4360",-10475.842
"4361",-10481.05
"4362",-10637.202
"4363",-10553.544
"4364",-10546.197
"4365",-10790.022
"4366",-10625.087
"4367",-10560.146
"4368",-10450.135
"4369",-10507.905
"4370",-10647.13
"4371",-10523.613
"4372",-10376.073
"4373",-10634.062
"4374",-10734.909
"4375",-10535.946
"4376",-10334.566
"4377",-10592.848
"4378",-10371.591
"4379",-10301.338
"4380",-10541.868
"4381",-10398.141
"4382",-10359.039
"4383",-10608.374
"4384",-10316.247
"4385",-10309.673
"4386",-10617.407
"4387",-10517.087
"4388",-10314.432
"4389",-10614.326
"4390",-10563.858
"4391",-10352.303
"4392",-10362.837
"4393",-10723.19
"4394",-10549.215
"4395",-10444.622
"4396",-10370.146
"4397",-10661.226
"4398",-10674.014
"4399",-10501.952
"4400",-10400.361
"4401",-10498.052
"4402",-10603.141
"4403",-10527.622
"4404",-10654.537
"4405",-10492.162
"4406",-10609.84
"4407",-10495.863
"4408",-10592.71
"4409",-10654.557
"4410",-10539.132
"4411",-10346.708
"4412",-10789.905
"4413",-10635.524
"4414",-10509.812
"4415",-10505.804
"4416",-10723.123
"4417",-10670.774
"4418",-10516.24
"4419",-10785.891
"4420",-10700.262
"4421",-10294.972
"4422",-10376.007
"4423",-10560.386
"4424",-10397.377
"4425",-10442.338
"4426",-10520.427
"4427",-10749.781
"4428",-10919.83
"4429",-10528.641
"4430",-10547.171
"4431",-10474.825
"4432",-10334.175
"4433",-10699.24
"4434",-10691.726
"4435",-10600.563
"4436",-10609.825
"4437",-10612.498
"4438",-10581.749
"4439",-10318.351
"4440",-10679.797
"4441",-10213.822
"4442",-10258.03
"4443",-10707.948
"4444",-10666.989
"4445",-10540.731
"4446",-10631.149
"4447",-10540.313
"4448",-10758.865
"4449",-10790.396
"4450",-10870.891
"4451",-10266.66
"4452",-10725.571
"4453",-10286.253
"4454",-10394.814
"4455",-10479.442
"4456",-10267.937
"4457",-10522.502
"4458",-10536.509
"4459",-10558.438
"4460",-10305.235
"4461",-10467.743
"4462",-10667.656
"4463",-10538.026
"4464",-10469.905
"4465",-10796.903
"4466",-10664.022
"4467",-10621.673
"4468",-10564.385
"4469",-10538.113
"4470",-10642.785
"4471",-10516.439
"4472",-10574.332
"4473",-10795.408
"4474",-10872.17
"4475",-10621.978
"4476",-10758.924
"4477",-10667.556
"4478",-10542.907
"4479",-10695.557
"4480",-10417.079
"4481",-10631.737
"4482",-10358.863
"4483",-10771.113
"4484",-10346.943
"4485",-10575.239
"4486",-10308.748
"4487",-10623.857
"4488",-10366.919
"4489",-10902.993
"4490",-10703.493
"4491",-10700.06
"4492",-10581.194
"4493",-10322.107
"4494",-10551.817
"4495",-10470.272
"4496",-10423.464
"4497",-10781.952
"4498",-11027.304
"4499",-10344.19
"4500",-10786.996
"4501",-10659.914
"4502",-10388.217
"4503",-10544.416
"4504",-10809.774
"4505",-10445.832
"4506",-10857.69
"4507",-10503.313
"4508",-10493.983
"4509",-10668.602
"4510",-10308.012
"4511",-10768.458
"4512",-10238.61
"4513",-10355.594
"4514",-10446.494
"4515",-10613.096
"4516",-10455.486
"4517",-10746.711
"4518",-10411.028
"4519",-10741.577
"4520",-10771.223
"4521",-10690.116
"4522",-10295.621
"4523",-10660.364
"4524",-10812.398
"4525",-10604.587
"4526",-10433.159
"4527",-10736.224
"4528",-10683.694
"4529",-10580.29
"4530",-10175.258
"4531",-10567.55
"4532",-10368.276
"4533",-10157.832
"4534",-10811.874
"4535",-10562.403
"4536",-10760.801
"4537",-10418.046
"4538",-10620.123
"4539",-10845.77
"4540",-10602.088
"4541",-10442.012
"4542",-10373.663
"4543",-10429.385
"4544",-10707.404
"4545",-10674.646
"4546",-10382.272
"4547",-10697.941
"4548",-10324.481
"4549",-10625.659
"4550",-10444.02
"4551",-10319.333
"4552",-10435.276
"4553",-10586.503
"4554",-10646.831
"4555",-10466.816
"4556",-10606.85
"4557",-10653.899
"4558",-10529.526
"4559",-10475.561
"4560",-10744.824
"4561",-10652.773
"4562",-10500.183
"4563",-10657.782
"4564",-10509.314
"4565",-10566.521
"4566",-10587.878
"4567",-10595.339
"4568",-10540.032
"4569",-10725.603
"4570",-10723.354
"4571",-10527.15
"4572",-10666.853
"4573",-10526.493
"4574",-10435.486
"4575",-10445.921
"4576",-10595.823
"4577",-10766.004
"4578",-10609.273
"4579",-10579.559
"4580",-10542.688
"4581",-10465.731
"4582",-10708.732
"4583",-10581.168
"4584",-10720.7
"4585",-10534.384
"4586",-10489.864
"4587",-10208.904
"4588",-10381.331
"4589",-10662.083
"4590",-10816.009
"4591",-10714.829
"4592",-10718.865
"4593",-10570.999
"4594",-10598.555
"4595",-10487.767
"4596",-10720.583
"4597",-10330.382
"4598",-10668.911
"4599",-10638.214
"4600",-10508.88
"4601",-10406.554
"4602",-10172.739
"4603",-10492.575
"4604",-10631.687
"4605",-10686.018
"4606",-10689.818
"4607",-10545.578
"4608",-10640.258
"4609",-10545.715
"4610",-10586.437
"4611",-10703.777
"4612",-10453.767
"4613",-10698.437
"4614",-10413.065
"4615",-10705.792
"4616",-10733.136
"4617",-10437.521
"4618",-10755.13
"4619",-10535.239
"4620",-10356.024
"4621",-10467.964
"4622",-10594.678
"4623",-10269.518
"4624",-10542.64
"4625",-10739.124
"4626",-10572.957
"4627",-10644.861
"4628",-10592.656
"4629",-10539.479
"4630",-10573.722
"4631",-10464.799
"4632",-10645.754
"4633",-10673.322
"4634",-10373.41
"4635",-10440.245
"4636",-10582.643
"4637",-10705.29
"4638",-10799.045
"4639",-10684.764
"4640",-10543.786
"4641",-10514.185
"4642",-10631.823
"4643",-10445.346
"4644",-10596.556
"4645",-10455.351
"4646",-10499.116
"4647",-10559.716
"4648",-10785.661
"4649",-10747.548
"4650",-10451.869
"4651",-10319.31
"4652",-10580.922
"4653",-10628.902
"4654",-10609.093
"4655",-10642.905
"4656",-10480.635
"4657",-10589.119
"4658",-10660.19
"4659",-10777.006
"4660",-10592.739
"4661",-10675.756
"4662",-10810.54
"4663",-10516.078
"4664",-10653.863
"4665",-10539.995
"4666",-10640.757
"4667",-10715.174
"4668",-10320.522
"4669",-10546.113
"4670",-10401.214
"4671",-10371.093
"4672",-10629.951
"4673",-10486.182
"4674",-10656.015
"4675",-10764.999
"4676",-10288.043
"4677",-10708.029
"4678",-10508.383
"4679",-10712.285
"4680",-10528.099
"4681",-10742.551
"4682",-10523.645
"4683",-10661.054
"4684",-10273.453
"4685",-10833.577
"4686",-10453.091
"4687",-10660.258
"4688",-10634.892
"4689",-10479.484
"4690",-10865.069
"4691",-10505.955
"4692",-10585.461
"4693",-10623.877
"4694",-10302.248
"4695",-10547.269
"4696",-10457.514
"4697",-10753.543
"4698",-10668.801
"4699",-10593.434
"4700",-10671.366
"4701",-10650.129
"4702",-10545.614
"4703",-10431.204
"4704",-10302.052
"4705",-10890.691
"4706",-10744.623
"4707",-10828.812
"4708",-10555.441
"4709",-10632.618
"4710",-10721.223
"4711",-10772.398
"4712",-10617.407
"4713",-10628.271
"4714",-10597.86
"4715",-10621.077
"4716",-10346.645
"4717",-10427.831
"4718",-10497.212
"4719",-10738.396
"4720",-10587.013
"4721",-10258.295
"4722",-10548.132
"4723",-10464.051
"4724",-10833.931
"4725",-10542.451
"4726",-10464.594
"4727",-10577.077
"4728",-10672.406
"4729",-10576.902
"4730",-10494.154
"4731",-10636.319
"4732",-10731.032
"4733",-10564.029
"4734",-10383.777
"4735",-10730.499
"4736",-10588.397
"4737",-10594.022
"4738",-10644.025
"4739",-10812.249
"4740",-10500.05
"4741",-10456.345
"4742",-10412.051
"4743",-10311.614
"4744",-10632.298
"4745",-10593.751
"4746",-10470.284
"4747",-10580.274
"4748",-10412.64
"4749",-10641.709
"4750",-10634.637
"4751",-10690.566
"4752",-10180.621
"4753",-10732.998
"4754",-10487.202
"4755",-10371.068
"4756",-10214.017
"4757",-10369.226
"4758",-10877.7
"4759",-10178.823
"4760",-10496.459
"4761",-10536.938
"4762",-10766.373
"4763",-10653.451
"4764",-10534.11
"4765",-10670.573
"4766",-10643.079
"4767",-10319.77
"4768",-10698.539
"4769",-10362.64
"4770",-10631.519
"4771",-10382.765
"4772",-10586.002
"4773",-10492.056
"4774",-10436.898
"4775",-10440.47
"4776",-10851.125
"4777",-10545.314
"4778",-10601.764
"4779",-10398.945
"4780",-10467.36
"4781",-10505.022
"4782",-10561.831
"4783",-10318.897
"4784",-10685.735
"4785",-10637.578
"4786",-10471.245
"4787",-10428.025
"4788",-10546.694
"4789",-10468.093
"4790",-10286.598
"4791",-10514.746
"4792",-10636.065
"4793",-10523.847
"4794",-10741.816
"4795",-10621.226
"4796",-10775.834
"4797",-10341.704
"4798",-10568.059
"4799",-10711.661
"4800",-10720.728
"4801",-10601.914
"4802",-10517.399
"4803",-10369.672
"4804",-10579.302
"4805",-10488.226
"4806",-10382.742
"4807",-10561.165
"4808",-10498.622
"4809",-10599.559
"4810",-10401.523
"4811",-10733.553
"4812",-10542.729
"4813",-10444.078
"4814",-10548.673
"4815",-10484.41
"4816",-10468.482
"4817",-10558.512
"4818",-10305.729
"4819",-10608.102
"4820",-10588.956
"4821",-10534.149
"4822",-10660.831
"4823",-10678.5
"4824",-10845.461
"4825",-10526.476
"4826",-10776.017
"4827",-10598.797
"4828",-10626.362
"4829",-10472.974
"4830",-10591.27
"4831",-10513.535
"4832",-10457.483
"4833",-10355.186
"4834",-10386.625
"4835",-10785.921
"4836",-10522.696
"4837",-10718.228
"4838",-10534.086
"4839",-10581.932
"4840",-10657.422
"4841",-10739.731
"4842",-10680.967
"4843",-10596.641
"4844",-10624.587
"4845",-10586.718
"4846",-10387.642
"4847",-10742.502
"4848",-10703.271
"4849",-10694.509
"4850",-10506.07
"4851",-10487.425
"4852",-10896.897
"4853",-10576.685
"4854",-10686.156
"4855",-10684.863
"4856",-10567.592
"4857",-10575.129
"4858",-10498.88
"4859",-10711.061
"4860",-10651.595
"4861",-10559.849
"4862",-10497.059
"4863",-10646.799
"4864",-10487.471
"4865",-10670.873
"4866",-10597.124
"4867",-10461.052
"4868",-10740.327
"4869",-10704.133
"4870",-10606.322
"4871",-10674.087
"4872",-10390.89
"4873",-10400.895
"4874",-10665.312
"4875",-10644.912
"4876",-10561.858
"4877",-10586.436
"4878",-10449.441
"4879",-10512.513
"4880",-10645.709
"4881",-10569.065
"4882",-10713.399
"4883",-10769.388
"4884",-10558.201
"4885",-10647.847
"4886",-10608.299
"4887",-10435.932
"4888",-10524.759
"4889",-10112.964
"4890",-10934.44
"4891",-10695.739
"4892",-10768.58
"4893",-10524.308
"4894",-10692.058
"4895",-10560.69
"4896",-10647.833
"4897",-10620.335
"4898",-10271.286
"4899",-10436.55
"4900",-10920.218
"4901",-10330.295
"4902",-10537.698
"4903",-10467.953
"4904",-10731.153
"4905",-10462.409
"4906",-10573.96
"4907",-10809.677
"4908",-10505.819
"4909",-10602.509
"4910",-10621.825
"4911",-10293.113
"4912",-10715.047
"4913",-10688.224
"4914",-10675.44
"4915",-10432.405
"4916",-10856.668
"4917",-10725.39
"4918",-11131.751
"4919",-10508.896
"4920",-10461.226
"4921",-10613.454
"4922",-10438.558
"4923",-10673.877
"4924",-10520.715
"4925",-10735.19
"4926",-10586.658
"4927",-10703.345
"4928",-10771.61
"4929",-10623.078
"4930",-10554.641
"4931",-10597.513
"4932",-10450.368
"4933",-10766.357
"4934",-10540.757
"4935",-10776.835
"4936",-10307.314
"4937",-10452.005
"4938",-10553.278
"4939",-10281.153
"4940",-10597.412
"4941",-10645.116
"4942",-10641.981
"4943",-10385.938
"4944",-10472.764
"4945",-10548.963
"4946",-10360.012
"4947",-10621.423
"4948",-10482.724
"4949",-10687.781
"4950",-10727.613
"4951",-10359.31
"4952",-10795.59
"4953",-10493.895
"4954",-10517.18
"4955",-10627.922
"4956",-10515.169
"4957",-10675.5
"4958",-10594.678
"4959",-10614.288
"4960",-10636.475
"4961",-10595.834
"4962",-10588.582
"4963",-10712.888
"4964",-10749.305
"4965",-10699.284
"4966",-10240.039
"4967",-10395.121
"4968",-10573.339
"4969",-10496.047
"4970",-10674.146
"4971",-10358.994
"4972",-10340.491
"4973",-10496.856
"4974",-10514.168
"4975",-10580.753
"4976",-10361.607
"4977",-10533.718
"4978",-10592.704
"4979",-10705.606
"4980",-10407.103
"4981",-10659.026
"4982",-10761.872
"4983",-10776.578
"4984",-10759.947
"4985",-10863.698
"4986",-10563.335
"4987",-10808.703
"4988",-10429.059
"4989",-10448.329
"4990",-10473.678
"4991",-10637.046
"4992",-10746.922
"4993",-10712.716
"4994",-10542.403
"4995",-10612.49
"4996",-10556.113
"4997",-10561.46
"4998",-10600.6
"4999",-10578.959
"5000",-10572.088
"5001",-10467.803
"5002",-10601.435
"5003",-10586.628
"5004",-10572.436
"5005",-10424.173
"5006",-10453.035
"5007",-10615.508
"5008",-10557.379
"5009",-10264.041
"5010",-10662.228
"5011",-10695.604
"5012",-10788.255
"5013",-10641.227
"5014",-10522.559
"5015",-10394.723
"5016",-10577.088
"5017",-10510.989
"5018",-10729.553
"5019",-10737.619
"5020",-10506.472
"5021",-10618.977
"5022",-10622.921
"5023",-10576.39
"5024",-10770.721
"5025",-10781.866
"5026",-10737.548
"5027",-10574.454
"5028",-10479.738
"5029",-10751.584
"5030",-10408.333
"5031",-10799.161
"5032",-10671.073
"5033",-10545.678
"5034",-10689.76
"5035",-10362.205
"5036",-10458.896
"5037",-10331.283
"5038",-10312.052
"5039",-10405.736
"5040",-10413.324
"5041",-10325.14
"5042",-10512.288
"5043",-10424.561
"5044",-10559.746
"5045",-10752.475
"5046",-10462.478
"5047",-10578.396
"5048",-10431.335
"5049",-10175.609
"5050",-10832.594
"5051",-10451.046
"5052",-10666.077
"5053",-10656.688
"5054",-10315.95
"5055",-10509.748
"5056",-10688.276
"5057",-10673.955
"5058",-10552.704
"5059",-10599.958
"5060",-10433.722
"5061",-10689.71
"5062",-10557.463
"5063",-10440.271
"5064",-10341.514
"5065",-10495.702
"5066",-10611.145
"5067",-10518.051
"5068",-10500.197
"5069",-10518.792
"5070",-10496.773
"5071",-10416.761
"5072",-10647.246
"5073",-10498.838
"5074",-10461.086
"5075",-10635.304
"5076",-10524.063
"5077",-10357.167
"5078",-10486.482
"5079",-10655.901
"5080",-10416.021
"5081",-10455.183
"5082",-10369.782
"5083",-11008.059
"5084",-10477.676
"5085",-10461.305
"5086",-10449.709
"5087",-10483.071
"5088",-10241.676
"5089",-10687.764
"5090",-10548.459
"5091",-10513.796
"5092",-10572.377
"5093",-10623.474
"5094",-10319.518
"5095",-10721.797
"5096",-10565.061
"5097",-10788.876
"5098",-10531.88
"5099",-10497.572
"5100",-10525.471
"5101",-10546.085
"5102",-10656.517
"5103",-10394.167
"5104",-10809.903
"5105",-10841.417
"5106",-10509.569
"5107",-10603.817
"5108",-10303.307
"5109",-10598.429
"5110",-10348.203
"5111",-10442.991
"5112",-10493.608
"5113",-10707.062
"5114",-10738.539
"5115",-10519.356
"5116",-10369.842
"5117",-10449.159
"5118",-10662.865
"5119",-10709.562
"5120",-10501.392
"5121",-10324.071
"5122",-10820.429
"5123",-10559.776
"5124",-10667.797
"5125",-10698.808
"5126",-10751.773
"5127",-10667.432
"5128",-10563.267
"5129",-10641.152
"5130",-10693.375
"5131",-10678.745
"5132",-10510.458
"5133",-10299.775
"5134",-10629.942
"5135",-10558.76
"5136",-10658.634
"5137",-10539.826
"5138",-10410.725
"5139",-10722.545
"5140",-10365.158
"5141",-10528.578
"5142",-10829.283
"5143",-10714.534
"5144",-10938.29
"5145",-10481.971
"5146",-10696.921
"5147",-10318.144
"5148",-10324.917
"5149",-10399.915
"5150",-10605.544
"5151",-10380.378
"5152",-10735.107
"5153",-10249.024
"5154",-10617.28
"5155",-10800.343
"5156",-10559.757
"5157",-10572.435
"5158",-10623.833
"5159",-10533.996
"5160",-10497.043
"5161",-10580.602
"5162",-10575.482
"5163",-10732.656
"5164",-10388.658
"5165",-10525.874
"5166",-10749.297
"5167",-10509.709
"5168",-10575.537
"5169",-10513.409
"5170",-10611.672
"5171",-10257.111
"5172",-10558.274
"5173",-10446.145
"5174",-10609.39
"5175",-10475.676
"5176",-10798.318
"5177",-10442.785
"5178",-10268.468
"5179",-10634.011
"5180",-10402.238
"5181",-10319.035
"5182",-10561.45
"5183",-10446.948
"5184",-10504.309
"5185",-10381.941
"5186",-10543.137
"5187",-10589.726
"5188",-10582.343
"5189",-10692.772
"5190",-10423.847
"5191",-10496.445
"5192",-10651.572
"5193",-10423.676
"5194",-10759.778
"5195",-10748.656
"5196",-10645.623
"5197",-10856.279
"5198",-10594.737
"5199",-10479.046
"5200",-10601.813
"5201",-10505.925
"5202",-10584.653
"5203",-10453.827
"5204",-10537.516
"5205",-10621.363
"5206",-10701.408
"5207",-10564.6
"5208",-10433.389
"5209",-10670.237
"5210",-10442.788
"5211",-10668.019
"5212",-10505.82
"5213",-10842.326
"5214",-10405.769
"5215",-10810.708
"5216",-10237.052
"5217",-10443.973
"5218",-10623.163
"5219",-10398.328
"5220",-10735.127
"5221",-10557.178
"5222",-10729.685
"5223",-10718.433
"5224",-10279.665
"5225",-10828.982
"5226",-10561.002
"5227",-10499.27
"5228",-10730.665
"5229",-10273.176
"5230",-10699.828
"5231",-10525.813
"5232",-10477.061
"5233",-10438.534
"5234",-10494.81
"5235",-10779.219
"5236",-10458.044
"5237",-10720.519
"5238",-10418.728
"5239",-10626.849
"5240",-10744.296
"5241",-10819.495
"5242",-10474.887
"5243",-10414.222
"5244",-10370.864
"5245",-10608.967
"5246",-10542.345
"5247",-10625.998
"5248",-10717.868
"5249",-10459.114
"5250",-10881.692
"5251",-10627.73
"5252",-10651.056
"5253",-10763.923
"5254",-10612.359
"5255",-10567.339
"5256",-10451.777
"5257",-10755.68
"5258",-10505.974
"5259",-10650.606
"5260",-10485.363
"5261",-10432.207
"5262",-10577.589
"5263",-10375.015
"5264",-10623.946
"5265",-10397.425
"5266",-10460.128
"5267",-10671.225
"5268",-10458.656
"5269",-10702.806
"5270",-10634.865
"5271",-10524.525
"5272",-10652.164
"5273",-10461.866
"5274",-10647.692
"5275",-10586.473
"5276",-10759.066
"5277",-10719.174
"5278",-10535.644
"5279",-10485.844
"5280",-10531.127
"5281",-10630.334
"5282",-10463.327
"5283",-10377.829
"5284",-10551.339
"5285",-10641.716
"5286",-10568.602
"5287",-10639.282
"5288",-10717.56
"5289",-10647.827
"5290",-10615.697
"5291",-10542.171
"5292",-10389.517
"5293",-10525.671
"5294",-10416.166
"5295",-10470.224
"5296",-10836.108
"5297",-10306.111
"5298",-10647.637
"5299",-10834.946
"5300",-10481.602
"5301",-10644.073
"5302",-10513.093
"5303",-10612.649
"5304",-10691.353
"5305",-10369.449
"5306",-10568.039
"5307",-10574.964
"5308",-10473.023
"5309",-10671.451
"5310",-10482.507
"5311",-10513.801
"5312",-10522.104
"5313",-10695.998
"5314",-10851.903
"5315",-10616.848
"5316",-10560.647
"5317",-10632.192
"5318",-10671.11
"5319",-10472.356
"5320",-10484.673
"5321",-10828.04
"5322",-10518.496
"5323",-10375.969
"5324",-10666.322
"5325",-10676.482
"5326",-10750.169
"5327",-10441.01
"5328",-10500.05
"5329",-10559.81
"5330",-10778.629
"5331",-10449.215
"5332",-10577.266
"5333",-10579.31
"5334",-10682.632
"5335",-10663.169
"5336",-10683.463
"5337",-10632.867
"5338",-10619.375
"5339",-10716.038
"5340",-10459.985
"5341",-10689.42
"5342",-10430.67
"5343",-10541.466
"5344",-10559.384
"5345",-10658.181
"5346",-10381.882
"5347",-10731.457
"5348",-10502.853
"5349",-10536.726
"5350",-10537.281
"5351",-10832.667
"5352",-10262.363
"5353",-10370.992
"5354",-10708.453
"5355",-10700.098
"5356",-10742.312
"5357",-10628.749
"5358",-10622.355
"5359",-10474.778
"5360",-10291.562
"5361",-10738.478
"5362",-10414.118
"5363",-10645.972
"5364",-10433.128
"5365",-10681.555
"5366",-10301.436
"5367",-10613.864
"5368",-10707.996
"5369",-10474.302
"5370",-10614.228
"5371",-10421.214
"5372",-10505.068
"5373",-10447.508
"5374",-10731.249
"5375",-10671.996
"5376",-10735.003
"5377",-10642.412
"5378",-10622.288
"5379",-10484.345
"5380",-10371.19
"5381",-10421.833
"5382",-10638.117
"5383",-10582.007
"5384",-10319.8
"5385",-10723.233
"5386",-10418.052
"5387",-10506.677
"5388",-10479.225
"5389",-10524.17
"5390",-10281.324
"5391",-10797.764
"5392",-10528.149
"5393",-10698.256
"5394",-10711.149
"5395",-10567.316
"5396",-10575.887
"5397",-10594.627
"5398",-10762.768
"5399",-10718.681
"5400",-10415.704
"5401",-10668.327
"5402",-10467.92
"5403",-10363.741
"5404",-10528.458
"5405",-10419.471
"5406",-10586.11
"5407",-10403.027
"5408",-10515.341
"5409",-10424.044
"5410",-10609.243
"5411",-10383.762
"5412",-10597.477
"5413",-10589.542
"5414",-10541.477
"5415",-10539.831
"5416",-10274.17
"5417",-10680.403
"5418",-10348.435
"5419",-10824.382
"5420",-10444.751
"5421",-10520.201
"5422",-10869.194
"5423",-10624.561
"5424",-10537.837
"5425",-10633.972
"5426",-10762.44
"5427",-10428.66
"5428",-10564.085
"5429",-10764.394
"5430",-10577.557
"5431",-10964.139
"5432",-10663.284
"5433",-10478.634
"5434",-10568.979
"5435",-10688.724
"5436",-10563.999
"5437",-10527.58
"5438",-10523.502
"5439",-10279.193
"5440",-10566.452
"5441",-10277.55
"5442",-10540.743
"5443",-10514.202
"5444",-10672.353
"5445",-10789.63
"5446",-10502.925
"5447",-10516.586
"5448",-10760.66
"5449",-10533.963
"5450",-10390.096
"5451",-10311.277
"5452",-10417.175
"5453",-10550.09
"5454",-10568.936
"5455",-10650.388
"5456",-10646.232
"5457",-10462.204
"5458",-10637.094
"5459",-10301.374
"5460",-10777.148
"5461",-10636.263
"5462",-10734.505
"5463",-10588.174
"5464",-10468.232
"5465",-10633.041
"5466",-10594.015
"5467",-10450.581
"5468",-10618.041
"5469",-10694.817
"5470",-10567.646
"5471",-10599.411
"5472",-10592.237
"5473",-10936.634
"5474",-10523.556
"5475",-10401.17
"5476",-10625.282
"5477",-10562.788
"5478",-10523.025
"5479",-10330.422
"5480",-10513.354
"5481",-10691.016
"5482",-10895.719
"5483",-10662.31
"5484",-10810.165
"5485",-10579.714
"5486",-10727.886
"5487",-10618.247
"5488",-10675.177
"5489",-10481.481
"5490",-10550.569
"5491",-10578.956
"5492",-10322.918
"5493",-10810.039
"5494",-10224.361
"5495",-10886.912
"5496",-10306.598
"5497",-10714.264
"5498",-10752.025
"5499",-10517.467
"5500",-10648.872
"5501",-10881.213
"5502",-10311.892
"5503",-10893.428
"5504",-10568.771
"5505",-10371.038
"5506",-10322.496
"5507",-10662.89
"5508",-10422.607
"5509",-10601.055
"5510",-10439.321
"5511",-10507.797
"5512",-10513.543
"5513",-10545.132
"5514",-10705.566
"5515",-10649.125
"5516",-10495.349
"5517",-10523.687
"5518",-10618.715
"5519",-10314.499
"5520",-10335.32
"5521",-10440.873
"5522",-10675.415
"5523",-10567.604
"5524",-10752.093
"5525",-10539.742
"5526",-10651.013
"5527",-10579.335
"5528",-10550.081
"5529",-10338.367
"5530",-10182.587
"5531",-10601.736
"5532",-10695.539
"5533",-10491.973
"5534",-10704.289
"5535",-10612.734
"5536",-10516.776
"5537",-10728.302
"5538",-10314.294
"5539",-10612.034
"5540",-10870.862
"5541",-10506.857
"5542",-10286.582
"5543",-10491.589
"5544",-10492.422
"5545",-10523.916
"5546",-10720.983
"5547",-10537.251
"5548",-10687.664
"5549",-10462.868
"5550",-10671.011
"5551",-10337.709
"5552",-10739.321
"5553",-10704.972
"5554",-10513.344
"5555",-10533.296
"5556",-10853.283
"5557",-10871.351
"5558",-10473.041
"5559",-10351.278
"5560",-10547.95
"5561",-10304.543
"5562",-10705.851
"5563",-10812.53
"5564",-10772.052
"5565",-10599.196
"5566",-10366.484
"5567",-10568.259
"5568",-10348.383
"5569",-10475.346
"5570",-10730.551
"5571",-10649.157
"5572",-10588.981
"5573",-10436.699
"5574",-10537.07
"5575",-10757.53
"5576",-10421.133
"5577",-10750.122
"5578",-10635.61
"5579",-10556.884
"5580",-10599.983
"5581",-10500.155
"5582",-10563.212
"5583",-10391.691
"5584",-10659.3
"5585",-10455.198
"5586",-10643.171
"5587",-10696.441
"5588",-10570.218
"5589",-10630.564
"5590",-10757.421
"5591",-10328.129
"5592",-10772.888
"5593",-10350.524
"5594",-10614.078
"5595",-10817.43
"5596",-10727.606
"5597",-10609.485
"5598",-10772.503
"5599",-10451.865
"5600",-10634.757
"5601",-10705.917
"5602",-10477.714
"5603",-10708.929
"5604",-10331.207
"5605",-10305.124
"5606",-10448.782
"5607",-10456.149
"5608",-10467.843
"5609",-10590.398
"5610",-10761.42
"5611",-10366.441
"5612",-10752.65
"5613",-10691.763
"5614",-10509.287
"5615",-10632.4
"5616",-10488.959
"5617",-10410.968
"5618",-10558.434
"5619",-10405.9
"5620",-10216.418
"5621",-10686.752
"5622",-10561.074
"5623",-10276.524
"5624",-10803.138
"5625",-10698.704
"5626",-10873.56
"5627",-10703.154
"5628",-10525.853
"5629",-10363.45
"5630",-10506.655
"5631",-10576.244
"5632",-10261.696
"5633",-10480.929
"5634",-10664.509
"5635",-10540.029
"5636",-10716.676
"5637",-10334.672
"5638",-10508.496
"5639",-10647.012
"5640",-10819.231
"5641",-10603.939
"5642",-10581.087
"5643",-10387.176
"5644",-10449.511
"5645",-10636.017
"5646",-10452.317
"5647",-10987.957
"5648",-10675.107
"5649",-10677.78
"5650",-10625.93
"5651",-10650.736
"5652",-10583.204
"5653",-10607.008
"5654",-10403.015
"5655",-10627.536
"5656",-10579.131
"5657",-10570.73
"5658",-10653.109
"5659",-10773.326
"5660",-10467.29
"5661",-10954.983
"5662",-10706.58
"5663",-10453.844
"5664",-10431.594
"5665",-10723.218
"5666",-10714.867
"5667",-10304.871
"5668",-10338.541
"5669",-10719.802
"5670",-10620.281
"5671",-10530.837
"5672",-10884.288
"5673",-10672.471
"5674",-10405.328
"5675",-10624.231
"5676",-10379.946
"5677",-10246.663
"5678",-10736.284
"5679",-10631.352
"5680",-10540.774
"5681",-10321.736
"5682",-10675.074
"5683",-10577.789
"5684",-10420.091
"5685",-10599.864
"5686",-10872.699
"5687",-10368.27
"5688",-10415.974
"5689",-10418.766
"5690",-10420.919
"5691",-10710.307
"5692",-10289.206
"5693",-10630.162
"5694",-10412.996
"5695",-10457.107
"5696",-10640.564
"5697",-11014.691
"5698",-10524.205
"5699",-10425.851
"5700",-10479.916
"5701",-10730.704
"5702",-10662.913
"5703",-10511.203
"5704",-10455.274
"5705",-10630.306
"5706",-10389.439
"5707",-10423.428
"5708",-10581.642
"5709",-10520.89
"5710",-10561.008
"5711",-10532.426
"5712",-10604.674
"5713",-10436.489
"5714",-10441.588
"5715",-10558.041
"5716",-10973.524
"5717",-10413.317
"5718",-10402.094
"5719",-10500.915
"5720",-10382.142
"5721",-10731.53
"5722",-10471.329
"5723",-10859.16
"5724",-10501.992
"5725",-10638.805
"5726",-10573.542
"5727",-10640.092
"5728",-10626.211
"5729",-10672.551
"5730",-10254.697
"5731",-10843.009
"5732",-10504.456
"5733",-10412.919
"5734",-10737.354
"5735",-10601.669
"5736",-10526.556
"5737",-10760.537
"5738",-10763.725
"5739",-10425.881
"5740",-10362.831
"5741",-10659.927
"5742",-10448.303
"5743",-10584.938
"5744",-10476.094
"5745",-10516.907
"5746",-10615.272
"5747",-10585.185
"5748",-10669.772
"5749",-10417.931
"5750",-10618.083
"5751",-10584.102
"5752",-10665.499
"5753",-10547.898
"5754",-10673.379
"5755",-10575.738
"5756",-10446.393
"5757",-10613.27
"5758",-10440.939
"5759",-10770.196
"5760",-10359.184
"5761",-10395.511
"5762",-10389.089
"5763",-10471.823
"5764",-10389.377
"5765",-10587.491
"5766",-10801.749
"5767",-10585.11
"5768",-10530.009
"5769",-10542.11
"5770",-10659.225
"5771",-10507.163
"5772",-10541.435
"5773",-10621.046
"5774",-10663.747
"5775",-10789.122
"5776",-10572.919
"5777",-10464.502
"5778",-10733.572
"5779",-10745.486
"5780",-10559.809
"5781",-10431.447
"5782",-10304.399
"5783",-10356.04
"5784",-10567.683
"5785",-10580.451
"5786",-10630.667
"5787",-10372.898
"5788",-10666.682
"5789",-10464.506
"5790",-10498.681
"5791",-10601.483
"5792",-10548.182
"5793",-10512.757
"5794",-10459.238
"5795",-10510.172
"5796",-10497.585
"5797",-10658.878
"5798",-10393.125
"5799",-10520.044
"5800",-10670.353
"5801",-10287.077
"5802",-10839.499
"5803",-10629.619
"5804",-10532.583
"5805",-10449.856
"5806",-10916.152
"5807",-10530.223
"5808",-10726.135
"5809",-10654.732
"5810",-10525.664
"5811",-10611.121
"5812",-10784.707
"5813",-10421.421
"5814",-10393.738
"5815",-10847.017
"5816",-10525.33
"5817",-10512.057
"5818",-10623.412
"5819",-10707.493
"5820",-10916.092
"5821",-10518.697
"5822",-10466.989
"5823",-10401.268
"5824",-10467.114
"5825",-10550.711
"5826",-10446.384
"5827",-10557.695
"5828",-10782.491
"5829",-10627.037
"5830",-10420.203
"5831",-10238.877
"5832",-10490.415
"5833",-10594.355
"5834",-10746.313
"5835",-10405.759
"5836",-10517.942
"5837",-10646.678
"5838",-10562.18
"5839",-10410.258
"5840",-10708.97
"5841",-10531.744
"5842",-10410.842
"5843",-10584.495
"5844",-10763.285
"5845",-10543.452
"5846",-10308.364
"5847",-10780.132
"5848",-10519.816
"5849",-10463.065
"5850",-10696.604
"5851",-10417.258
"5852",-10511.202
"5853",-10412.855
"5854",-10610.402
"5855",-10530.625
"5856",-10517.664
"5857",-10680.498
"5858",-10592.405
"5859",-10540.367
"5860",-10561.641
"5861",-10471.489
"5862",-10626.665
"5863",-10507.517
"5864",-10621.63
"5865",-10279.493
"5866",-10565.4
"5867",-10504.805
"5868",-10752.434
"5869",-10439.324
"5870",-10690.306
"5871",-10269.663
"5872",-10742.334
"5873",-10486.927
"5874",-10716.058
"5875",-10603.823
"5876",-10442.134
"5877",-10613.352
"5878",-10691.617
"5879",-10390.485
"5880",-10583.541
"5881",-10471.335
"5882",-10140.098
"5883",-10595.66
"5884",-10559.878
"5885",-10407.707
"5886",-10576.901
"5887",-10738.672
"5888",-10728.472
"5889",-10802.91
"5890",-10758.377
"5891",-10382.33
"5892",-10583.097
"5893",-10680.252
"5894",-10601.039
"5895",-10537.065
"5896",-10570.622
"5897",-10655.027
"5898",-10472.94
"5899",-10802.685
"5900",-10860.338
"5901",-10601.561
"5902",-10531.721
"5903",-10654.914
"5904",-10694.16
"5905",-10457.221
"5906",-10594.83
"5907",-10647.653
"5908",-10558.264
"5909",-10423.557
"5910",-10475.116
"5911",-10675.946
"5912",-10880.647
"5913",-10645.156
"5914",-10732.31
"5915",-10549.875
"5916",-10523.621
"5917",-10496.324
"5918",-10601.376
"5919",-10623.391
"5920",-10839.58
"5921",-10445.316
"5922",-10664.121
"5923",-10524.144
"5924",-10426.926
"5925",-10436.573
"5926",-10417.299
"5927",-10649.513
"5928",-10487.936
"5929",-10391.208
"5930",-10388.686
"5931",-10531.139
"5932",-10741.198
"5933",-10708.264
"5934",-10662.024
"5935",-10669.003
"5936",-10383.621
"5937",-10904.296
"5938",-10638.097
"5939",-10724.321
"5940",-10414.347
"5941",-10512.668
"5942",-10467.99
"5943",-10391.099
"5944",-10516.962
"5945",-10455.546
"5946",-10762.662
"5947",-10638.152
"5948",-10785.872
"5949",-10701.944
"5950",-10762.646
"5951",-10679.917
"5952",-10746.237
"5953",-10592.658
"5954",-10320.845
"5955",-10623.756
"5956",-10321.525
"5957",-10618.718
"5958",-10326.708
"5959",-10787.702
"5960",-10538.045
"5961",-10755.33
"5962",-10712.982
"5963",-10535.567
"5964",-10629.394
"5965",-10516.238
"5966",-10585.78
"5967",-10644.831
"5968",-10657.44
"5969",-10959.521
"5970",-10410.875
"5971",-10732.02
"5972",-10662.83
"5973",-10570.014
"5974",-10588.256
"5975",-10676.475
"5976",-10481.494
"5977",-10879.388
"5978",-10423.056
"5979",-10484.305
"5980",-10578.838
"5981",-11091.361
"5982",-10568.071
"5983",-10635.115
"5984",-10669.388
"5985",-10568.924
"5986",-10680.578
"5987",-10636.164
"5988",-10637.224
"5989",-10745.873
"5990",-10828.126
"5991",-10559.607
"5992",-10653.906
"5993",-10742.823
"5994",-10385.429
"5995",-10382.612
"5996",-10591.209
"5997",-10757.575
"5998",-10483.025
"5999",-10662.179
"6000",-10609.036
"6001",-16271.476
"6002",-17270.112
"6003",-16762.029
"6004",-16463.162
"6005",-16589.235
"6006",-16845.565
"6007",-17191.514
"6008",-16964.168
"6009",-16990.12
"6010",-17068.317
"6011",-16984.556
"6012",-16638.243
"6013",-17117.789
"6014",-16366.891
"6015",-16857.831
"6016",-16902.939
"6017",-17245.967
"6018",-16213.681
"6019",-16250.81
"6020",-16520.578
"6021",-16559.161
"6022",-16311.317
"6023",-16968.263
"6024",-16925.969
"6025",-16710.691
"6026",-16658.916
"6027",-17012.387
"6028",-16407.585
"6029",-16667.765
"6030",-16643.66
"6031",-17012.79
"6032",-16384.462
"6033",-17187.19
"6034",-16762.036
"6035",-16715.475
"6036",-16912.575
"6037",-16489.866
"6038",-16867.861
"6039",-16554.833
"6040",-17166.293
"6041",-16778.372
"6042",-16535.382
"6043",-17023.476
"6044",-16944.113
"6045",-16831.868
"6046",-16630.273
"6047",-16503.634
"6048",-17151.362
"6049",-16809.682
"6050",-17132.448
"6051",-16866.508
"6052",-17047.773
"6053",-17176.036
"6054",-17087.566
"6055",-16869.488
"6056",-16521.363
"6057",-16797.067
"6058",-16795.409
"6059",-16632.994
"6060",-16692.189
"6061",-17052.963
"6062",-17010.309
"6063",-16765.998
"6064",-16766.303
"6065",-16870.308
"6066",-16659.376
"6067",-17196.09
"6068",-16788.698
"6069",-16750.278
"6070",-16812.809
"6071",-16851.331
"6072",-16384.787
"6073",-16560.776
"6074",-16572.303
"6075",-16881.651
"6076",-17153.689
"6077",-16952.369
"6078",-16797.509
"6079",-16630.507
"6080",-17005.566
"6081",-16961.486
"6082",-17095.256
"6083",-17223.118
"6084",-16653.701
"6085",-17495.087
"6086",-16737.908
"6087",-16829.789
"6088",-16664.204
"6089",-16516.585
"6090",-16521.816
"6091",-16608.301
"6092",-16839.525
"6093",-16937.34
"6094",-17030.554
"6095",-16978.417
"6096",-16933.95
"6097",-17225.493
"6098",-16725.244
"6099",-16772.261
"6100",-16808.79
"6101",-17459.282
"6102",-16777.783
"6103",-16890.92
"6104",-17151.433
"6105",-17088.546
"6106",-16724.356
"6107",-16792.687
"6108",-16937.914
"6109",-16621.683
"6110",-16986.172
"6111",-16614.246
"6112",-16803.088
"6113",-16719.637
"6114",-16662.561
"6115",-16784.281
"6116",-16291.04
"6117",-16595.904
"6118",-16750.495
"6119",-16443.886
"6120",-16482.298
"6121",-16921.526
"6122",-16717.073
"6123",-16753.244
"6124",-16331.566
"6125",-16367.01
"6126",-16612.445
"6127",-16590.061
"6128",-17307.869
"6129",-16589.549
"6130",-17019.517
"6131",-16787.328
"6132",-16432.76
"6133",-16603.978
"6134",-17027.62
"6135",-16794.153
"6136",-16836.88
"6137",-16566.725
"6138",-16683.858
"6139",-16475.075
"6140",-17095.771
"6141",-16933.299
"6142",-16722.555
"6143",-17170.917
"6144",-17064.525
"6145",-16536.141
"6146",-17070.197
"6147",-16375.833
"6148",-16794.38
"6149",-16815.577
"6150",-16541.16
"6151",-17031.142
"6152",-16709.422
"6153",-16670.726
"6154",-16919.248
"6155",-17211.099
"6156",-16214.676
"6157",-16623.154
"6158",-16495.739
"6159",-17154.912
"6160",-16499.647
"6161",-16809.667
"6162",-17001.926
"6163",-16589.807
"6164",-16558.556
"6165",-16801.549
"6166",-17192.253
"6167",-16636.01
"6168",-16819.948
"6169",-17052.313
"6170",-16569.63
"6171",-17130.559
"6172",-16659.918
"6173",-16630.401
"6174",-16252.706
"6175",-17072.661
"6176",-16942.779
"6177",-16625.108
"6178",-16859.843
"6179",-17088.315
"6180",-16765.612
"6181",-16782.073
"6182",-16592.189
"6183",-16635.332
"6184",-16940.642
"6185",-16784.507
"6186",-16263.152
"6187",-17218.633
"6188",-17045.222
"6189",-17122.037
"6190",-16518.48
"6191",-16588
"6192",-16734.81
"6193",-17339.313
"6194",-16668.522
"6195",-17386.235
"6196",-16525.05
"6197",-16910.548
"6198",-16595.774
"6199",-16672.029
"6200",-16745.923
"6201",-17126.035
"6202",-16859.939
"6203",-16690.021
"6204",-16791.406
"6205",-16534.132
"6206",-16614.941
"6207",-16769.859
"6208",-16520.582
"6209",-16889.62
"6210",-17031.763
"6211",-16748.676
"6212",-16535.221
"6213",-16796.111
"6214",-16831.226
"6215",-16984.659
"6216",-16638.486
"6217",-17238.938
"6218",-17480.008
"6219",-17446.025
"6220",-16742.781
"6221",-16511.468
"6222",-16683.843
"6223",-16852.583
"6224",-16881.975
"6225",-16704.007
"6226",-16481.926
"6227",-16635.447
"6228",-17332.313
"6229",-16793.454
"6230",-16791.345
"6231",-16370.047
"6232",-16268.728
"6233",-17291.529
"6234",-16907.628
"6235",-16717.907
"6236",-16757.383
"6237",-16929.342
"6238",-17495.82
"6239",-16863.942
"6240",-16413.276
"6241",-16529.455
"6242",-17259.576
"6243",-16710.767
"6244",-16288.214
"6245",-16675.469
"6246",-16742.485
"6247",-16779.564
"6248",-16539.649
"6249",-16936.887
"6250",-17043.099
"6251",-16782.653
"6252",-16123.495
"6253",-17089.531
"6254",-17531.918
"6255",-16279.53
"6256",-16891.223
"6257",-16346.917
"6258",-16706.721
"6259",-17223.575
"6260",-16356.541
"6261",-16796.216
"6262",-16949.868
"6263",-16409.045
"6264",-16861.533
"6265",-16900.722
"6266",-16543.786
"6267",-16366.443
"6268",-16574.159
"6269",-16675.289
"6270",-17050.254
"6271",-16604.291
"6272",-16145.335
"6273",-16676.055
"6274",-16923.254
"6275",-16883.44
"6276",-17154.041
"6277",-17061.859
"6278",-16518.14
"6279",-16651.572
"6280",-16860.007
"6281",-16626.872
"6282",-16841.061
"6283",-16897.552
"6284",-16808.496
"6285",-16636.308
"6286",-16750.738
"6287",-16976.895
"6288",-17245.187
"6289",-17176.994
"6290",-16632.911
"6291",-16681.145
"6292",-17242.58
"6293",-17144.269
"6294",-17090.351
"6295",-16778.336
"6296",-16822.518
"6297",-16725.362
"6298",-16235.132
"6299",-16657.322
"6300",-16916.311
"6301",-16963.103
"6302",-17157.599
"6303",-16813.779
"6304",-16826.423
"6305",-16650.356
"6306",-17319.039
"6307",-16373.003
"6308",-17168.155
"6309",-16831.192
"6310",-16540.588
"6311",-16785.588
"6312",-16462.206
"6313",-16812.707
"6314",-17027.099
"6315",-16969.675
"6316",-16392.766
"6317",-17065.4
"6318",-16864.745
"6319",-16974.008
"6320",-16399.42
"6321",-16451.243
"6322",-16682.45
"6323",-16484.15
"6324",-16882.799
"6325",-16363.138
"6326",-16589.517
"6327",-16770.788
"6328",-16932.249
"6329",-16931.144
"6330",-16627.964
"6331",-16965.173
"6332",-16810.018
"6333",-16837.298
"6334",-16669.251
"6335",-16623.65
"6336",-16803.339
"6337",-16797.697
"6338",-16615.863
"6339",-16170.153
"6340",-16467.606
"6341",-16843.724
"6342",-16935.469
"6343",-16706.966
"6344",-16621.346
"6345",-16952.813
"6346",-16738.008
"6347",-16930.099
"6348",-17193.064
"6349",-16567.413
"6350",-16739.827
"6351",-17248.533
"6352",-17244.069
"6353",-16851.983
"6354",-17074.348
"6355",-16824.598
"6356",-16938.096
"6357",-16467.725
"6358",-16038.542
"6359",-17090.554
"6360",-16515.699
"6361",-16530.165
"6362",-16858.96
"6363",-16516.849
"6364",-16899.002
"6365",-16961.867
"6366",-16383.535
"6367",-17037.226
"6368",-16701.181
"6369",-17143.554
"6370",-17134.701
"6371",-16883.342
"6372",-16318.762
"6373",-16533.73
"6374",-16603.101
"6375",-16443.992
"6376",-16121.336
"6377",-16333.936
"6378",-16764.604
"6379",-16826.044
"6380",-17068.37
"6381",-17067.763
"6382",-16257.093
"6383",-16699.328
"6384",-17055.453
"6385",-16919.326
"6386",-16646.045
"6387",-16672.768
"6388",-16531.556
"6389",-16553.618
"6390",-17205.654
"6391",-16849.37
"6392",-16892.464
"6393",-16777.194
"6394",-17132.45
"6395",-16783.377
"6396",-16782.501
"6397",-16725.678
"6398",-16741.977
"6399",-16885.754
"6400",-17653.633
"6401",-16951.764
"6402",-16857.54
"6403",-17182.775
"6404",-16963.911
"6405",-16300.906
"6406",-16976.318
"6407",-16596.292
"6408",-16767.865
"6409",-17073.482
"6410",-16701.264
"6411",-16638.63
"6412",-16736.85
"6413",-16469.826
"6414",-16824.479
"6415",-17256.32
"6416",-16572.338
"6417",-16552.112
"6418",-17148.367
"6419",-16980.124
"6420",-16709.418
"6421",-17194.64
"6422",-16708.957
"6423",-17133.354
"6424",-16251.811
"6425",-16461.587
"6426",-17023.548
"6427",-16376.516
"6428",-17086.222
"6429",-16925.828
"6430",-16736.737
"6431",-16696.421
"6432",-16422.142
"6433",-16718.216
"6434",-16696.681
"6435",-16704.173
"6436",-16827.798
"6437",-17281.851
"6438",-16695.297
"6439",-16909.261
"6440",-16435.98
"6441",-16692.184
"6442",-16714.175
"6443",-16513.812
"6444",-17152.446
"6445",-16707.064
"6446",-16644.011
"6447",-16623.621
"6448",-17047.512
"6449",-16628.053
"6450",-17688.973
"6451",-16198.28
"6452",-16345.659
"6453",-16871.651
"6454",-16801.492
"6455",-17329.751
"6456",-16740.513
"6457",-16938.801
"6458",-16490.815
"6459",-16920.713
"6460",-16625.987
"6461",-16519.745
"6462",-17270.198
"6463",-16747.066
"6464",-16710.821
"6465",-16754.836
"6466",-17036.434
"6467",-17029.051
"6468",-16280.448
"6469",-16444.145
"6470",-16891.933
"6471",-16858.524
"6472",-16668.585
"6473",-16981.475
"6474",-17049.241
"6475",-17270.56
"6476",-16948.946
"6477",-16547.726
"6478",-16914.478
"6479",-17025.433
"6480",-16422.717
"6481",-16558.07
"6482",-16928.594
"6483",-16755.251
"6484",-17043.956
"6485",-16997.462
"6486",-16438.397
"6487",-16632.981
"6488",-16594.913
"6489",-16913.497
"6490",-16722.979
"6491",-17025.23
"6492",-16566.698
"6493",-17045.849
"6494",-16646.193
"6495",-16768.849
"6496",-16694
"6497",-16835.064
"6498",-16552.514
"6499",-16875.058
"6500",-16576.007
"6501",-16517.743
"6502",-16821.258
"6503",-16578.604
"6504",-16699.363
"6505",-16541.655
"6506",-16775.647
"6507",-16730.482
"6508",-17130.159
"6509",-17109.019
"6510",-16801.574
"6511",-17150.048
"6512",-16847.193
"6513",-16730.035
"6514",-16820.234
"6515",-16445.55
"6516",-17095.079
"6517",-16595.687
"6518",-17243.492
"6519",-16890.254
"6520",-16416.143
"6521",-17253.589
"6522",-16513.111
"6523",-16957.532
"6524",-16727.523
"6525",-16640.048
"6526",-16176.763
"6527",-17175.844
"6528",-17120.443
"6529",-17180.449
"6530",-16635.545
"6531",-17050.78
"6532",-17238.531
"6533",-16899.97
"6534",-16702.529
"6535",-16939.721
"6536",-16758.69
"6537",-16780.745
"6538",-16842.644
"6539",-16946.029
"6540",-16645.826
"6541",-17073.635
"6542",-16748.424
"6543",-17533.788
"6544",-16984.47
"6545",-16429.388
"6546",-16919.2
"6547",-17117.586
"6548",-16948.176
"6549",-17011.916
"6550",-17238.39
"6551",-16579.019
"6552",-17589.004
"6553",-16435.027
"6554",-16787.494
"6555",-16764.355
"6556",-16993.356
"6557",-16841.979
"6558",-16500.004
"6559",-17418.537
"6560",-16703.309
"6561",-16820.752
"6562",-16929.765
"6563",-16580.115
"6564",-17213.61
"6565",-16799.55
"6566",-15992.046
"6567",-17021.754
"6568",-16920.589
"6569",-16794.135
"6570",-16880.666
"6571",-16836.788
"6572",-16619.435
"6573",-16387.804
"6574",-17032.546
"6575",-16533.984
"6576",-16830.719
"6577",-16547.326
"6578",-16693.448
"6579",-16553.1
"6580",-17254.501
"6581",-16829.909
"6582",-16601.361
"6583",-17005.513
"6584",-16927.145
"6585",-16862.367
"6586",-16539.71
"6587",-16959.697
"6588",-16704.956
"6589",-16517.917
"6590",-16343.427
"6591",-16402.3
"6592",-16952.844
"6593",-17047.273
"6594",-16650.339
"6595",-16891.267
"6596",-16659.306
"6597",-16619.499
"6598",-16298.956
"6599",-16591.16
"6600",-16547.335
"6601",-16860.891
"6602",-16366.444
"6603",-16392.149
"6604",-16809.613
"6605",-16971.033
"6606",-16771.998
"6607",-16345.668
"6608",-16294.207
"6609",-16497.068
"6610",-17260.152
"6611",-16811.538
"6612",-16460.363
"6613",-16522.436
"6614",-17279.694
"6615",-16673.656
"6616",-16492.109
"6617",-16970.259
"6618",-16781.923
"6619",-16753.781
"6620",-16880.487
"6621",-16611.892
"6622",-16486.759
"6623",-16826.206
"6624",-16802.53
"6625",-16992.881
"6626",-16635.317
"6627",-17143.367
"6628",-17168.985
"6629",-16885.647
"6630",-16255.906
"6631",-16497.326
"6632",-16876.297
"6633",-17071.807
"6634",-16754.239
"6635",-16726.084
"6636",-16642.216
"6637",-16528.582
"6638",-16641.657
"6639",-15980.34
"6640",-16876.68
"6641",-16973.984
"6642",-17024.751
"6643",-16313.376
"6644",-16494.058
"6645",-16826.563
"6646",-17162.051
"6647",-16387.497
"6648",-16941.222
"6649",-16997.088
"6650",-16519.106
"6651",-16768.713
"6652",-16609.467
"6653",-17170.913
"6654",-17141.645
"6655",-17108.447
"6656",-16921.41
"6657",-16975.124
"6658",-16791.438
"6659",-16459.352
"6660",-17161.15
"6661",-16759.276
"6662",-16855.389
"6663",-17690.047
"6664",-16999.9
"6665",-16697.568
"6666",-16780.874
"6667",-16428.699
"6668",-16678.89
"6669",-16710.043
"6670",-17285.246
"6671",-16858.642
"6672",-16537.98
"6673",-16355.984
"6674",-16988.109
"6675",-16793.818
"6676",-16992.976
"6677",-16814.654
"6678",-16768.583
"6679",-16998.388
"6680",-16724.459
"6681",-16470.621
"6682",-16802.858
"6683",-17152.88
"6684",-16952.573
"6685",-17047.995
"6686",-17246.004
"6687",-15935.052
"6688",-16841.799
"6689",-16643.742
"6690",-16703.648
"6691",-16950.659
"6692",-16728.563
"6693",-16819.351
"6694",-16720.507
"6695",-16691.389
"6696",-16840.611
"6697",-16929.022
"6698",-16733.998
"6699",-16026.986
"6700",-16628.063
"6701",-16552.316
"6702",-16864.053
"6703",-17032.842
"6704",-16897.862
"6705",-16771.315
"6706",-16630.318
"6707",-16808.039
"6708",-16707.164
"6709",-16433.662
"6710",-16561.543
"6711",-16714.104
"6712",-16741.587
"6713",-16995.762
"6714",-16714.119
"6715",-16841.145
"6716",-16852.6
"6717",-16793.439
"6718",-16688.317
"6719",-16778.753
"6720",-16451.284
"6721",-16780.912
"6722",-16450.52
"6723",-16398.373
"6724",-16468.351
"6725",-16800.677
"6726",-16508.99
"6727",-17225.946
"6728",-16699.173
"6729",-16499.779
"6730",-17312.675
"6731",-17090.461
"6732",-16498.79
"6733",-17334.299
"6734",-16664.703
"6735",-16579.422
"6736",-16647.806
"6737",-17015.36
"6738",-17082.49
"6739",-16814.68
"6740",-16703.781
"6741",-16809.887
"6742",-16298.109
"6743",-16616.123
"6744",-16706.913
"6745",-16690.584
"6746",-17105.822
"6747",-16819.441
"6748",-16505.835
"6749",-16983.994
"6750",-17170.306
"6751",-16778.375
"6752",-16806.697
"6753",-16831.595
"6754",-16594.465
"6755",-16361.337
"6756",-16540.613
"6757",-17000.537
"6758",-16668.621
"6759",-17287.741
"6760",-16888.897
"6761",-17324.399
"6762",-17009.819
"6763",-16893.087
"6764",-16561.093
"6765",-17125.032
"6766",-16933.043
"6767",-16464.734
"6768",-16878.731
"6769",-16523.151
"6770",-16777.078
"6771",-16433.302
"6772",-16869.705
"6773",-17164.494
"6774",-16613.435
"6775",-16277.949
"6776",-16984.933
"6777",-16753.544
"6778",-16885.781
"6779",-16252.009
"6780",-16452.122
"6781",-17100.897
"6782",-16651.322
"6783",-16731.03
"6784",-16950.397
"6785",-16382.446
"6786",-16775.017
"6787",-16759.816
"6788",-16958.072
"6789",-16622.312
"6790",-16857.529
"6791",-16941.084
"6792",-16831.033
"6793",-16614.2
"6794",-16655.318
"6795",-16730.979
"6796",-16848.265
"6797",-16708.515
"6798",-16914.321
"6799",-16855.826
"6800",-16915.583
"6801",-16305.282
"6802",-16757.062
"6803",-17176.408
"6804",-16868.623
"6805",-17131.33
"6806",-17368.776
"6807",-16914.725
"6808",-16990.596
"6809",-16841.066
"6810",-16988.703
"6811",-16730.592
"6812",-16765.704
"6813",-16723.816
"6814",-16597.289
"6815",-16634.305
"6816",-16561.233
"6817",-16758.736
"6818",-16827.012
"6819",-16842.937
"6820",-16627.682
"6821",-17153.71
"6822",-16946.854
"6823",-16959.657
"6824",-17000.058
"6825",-17037.89
"6826",-16544.18
"6827",-16499.365
"6828",-16650.926
"6829",-16655.064
"6830",-16757.502
"6831",-16621.237
"6832",-16994.761
"6833",-16928.239
"6834",-16889.232
"6835",-16718.575
"6836",-16901.875
"6837",-16467.122
"6838",-16561.6
"6839",-16724.952
"6840",-16799.028
"6841",-16786.629
"6842",-16559.766
"6843",-16842.086
"6844",-16818.895
"6845",-16683.656
"6846",-17081.456
"6847",-16718.244
"6848",-16722.932
"6849",-17156.803
"6850",-16800.387
"6851",-16710.118
"6852",-16838.7
"6853",-17486.08
"6854",-16576.463
"6855",-16815.253
"6856",-16875.802
"6857",-16747.621
"6858",-16582.372
"6859",-16948.475
"6860",-16966.065
"6861",-17139.138
"6862",-17122.87
"6863",-17101.791
"6864",-17364.249
"6865",-17170.132
"6866",-16535.275
"6867",-16924.533
"6868",-16545.398
"6869",-16213.329
"6870",-17370.654
"6871",-16902.489
"6872",-17013.912
"6873",-17130.219
"6874",-16593.254
"6875",-17055.118
"6876",-16943.258
"6877",-16871.255
"6878",-16947.803
"6879",-16627.158
"6880",-17198.203
"6881",-16653.268
"6882",-17312.784
"6883",-16829.497
"6884",-16362.879
"6885",-16506.518
"6886",-16736.226
"6887",-16310.256
"6888",-16765.16
"6889",-16787.287
"6890",-16661.362
"6891",-16944.544
"6892",-16557.154
"6893",-16859.366
"6894",-16703.276
"6895",-16876.054
"6896",-17018.098
"6897",-16458.368
"6898",-16933.884
"6899",-16864.826
"6900",-16258.007
"6901",-16440.311
"6902",-17043.889
"6903",-17081.472
"6904",-16212.058
"6905",-16940.171
"6906",-16937.563
"6907",-17005.58
"6908",-17350.076
"6909",-16421.532
"6910",-16524.286
"6911",-16798.793
"6912",-16837.297
"6913",-16463.382
"6914",-16875.485
"6915",-17118.749
"6916",-16937.395
"6917",-16902.279
"6918",-16271.924
"6919",-16560.519
"6920",-16817.467
"6921",-17026.796
"6922",-16804.218
"6923",-16543.862
"6924",-17087.927
"6925",-16932.532
"6926",-16603.128
"6927",-17157.318
"6928",-16904.124
"6929",-16853.627
"6930",-17063.612
"6931",-16931.992
"6932",-16643.106
"6933",-16647.924
"6934",-16462.746
"6935",-16807.339
"6936",-17153.327
"6937",-16616.75
"6938",-16974.593
"6939",-16887.74
"6940",-16499.723
"6941",-16692.034
"6942",-17030.929
"6943",-16951.036
"6944",-16797.683
"6945",-16830.885
"6946",-16940.245
"6947",-17167.891
"6948",-16485.582
"6949",-16685.801
"6950",-16746.512
"6951",-16403.245
"6952",-17323.951
"6953",-16740.305
"6954",-16725.231
"6955",-16740.005
"6956",-17005.457
"6957",-16812.214
"6958",-16314.05
"6959",-16803.805
"6960",-17461.626
"6961",-16970.427
"6962",-16515.878
"6963",-16965.967
"6964",-16796.75
"6965",-16637.943
"6966",-16785.128
"6967",-16638.227
"6968",-16714.4
"6969",-16998.124
"6970",-17008.445
"6971",-16503.479
"6972",-16695.011
"6973",-16793.382
"6974",-17008.529
"6975",-16666.662
"6976",-16702.573
"6977",-16801.609
"6978",-16741.573
"6979",-16720.516
"6980",-16721.37
"6981",-16647.908
"6982",-16621.275
"6983",-16799.943
"6984",-16902.952
"6985",-17076.473
"6986",-17320.466
"6987",-17045.566
"6988",-16475.633
"6989",-16973.785
"6990",-16630.89
"6991",-16600.684
"6992",-16942.111
"6993",-17154.82
"6994",-17014.634
"6995",-16636.728
"6996",-17091.879
"6997",-16821.35
"6998",-16634.616
"6999",-16965.664
"7000",-16738.735
"7001",-16742.418
"7002",-16712.441
"7003",-16558.269
"7004",-16929.696
"7005",-16583.156
"7006",-16888.366
"7007",-17050.164
"7008",-16818.791
"7009",-17030.45
"7010",-16981.318
"7011",-16863.472
"7012",-16326.439
"7013",-16366.989
"7014",-16706.365
"7015",-16627.096
"7016",-16768.685
"7017",-16777.211
"7018",-16563.112
"7019",-16775.137
"7020",-16761.06
"7021",-16797.085
"7022",-17400.144
"7023",-17114.863
"7024",-16632.909
"7025",-17183.695
"7026",-16683.549
"7027",-16835.323
"7028",-16658.327
"7029",-16327.543
"7030",-16844.679
"7031",-16603.809
"7032",-16622.928
"7033",-16731.669
"7034",-16754.181
"7035",-16835.009
"7036",-16869.641
"7037",-16887.599
"7038",-17255.788
"7039",-16535.326
"7040",-16585.423
"7041",-16788.04
"7042",-17032.7
"7043",-16491.648
"7044",-16499.146
"7045",-16751.626
"7046",-16697.942
"7047",-16800.801
"7048",-16250.198
"7049",-16778.547
"7050",-16888.479
"7051",-16711.719
"7052",-17076.784
"7053",-16929.992
"7054",-16780.613
"7055",-16708.69
"7056",-16696.108
"7057",-16972.556
"7058",-16842.066
"7059",-16784.479
"7060",-16794.041
"7061",-16765.139
"7062",-16568.761
"7063",-16582.172
"7064",-17152.609
"7065",-16233.601
"7066",-16928.264
"7067",-17014.41
"7068",-16742.052
"7069",-16836.915
"7070",-17302.037
"7071",-17091.647
"7072",-17455.958
"7073",-16765.922
"7074",-16974.269
"7075",-16609.334
"7076",-17246.503
"7077",-17519.865
"7078",-17076.618
"7079",-17003.874
"7080",-16593.769
"7081",-16635.161
"7082",-16756.816
"7083",-17159.786
"7084",-16569.812
"7085",-16834.894
"7086",-16812.313
"7087",-17139.091
"7088",-17356.872
"7089",-16584.668
"7090",-16762.719
"7091",-17116.148
"7092",-16339.11
"7093",-17052.973
"7094",-17094.199
"7095",-16866.357
"7096",-16792.845
"7097",-16785.007
"7098",-16285.329
"7099",-17381.169
"7100",-16917.005
"7101",-16575.469
"7102",-17237.014
"7103",-16938.127
"7104",-16717.813
"7105",-17057.673
"7106",-16801.647
"7107",-17037.412
"7108",-17144.334
"7109",-16779.287
"7110",-17030.971
"7111",-17432.173
"7112",-16461.992
"7113",-16708.293
"7114",-16918.456
"7115",-17017.29
"7116",-17171.219
"7117",-17148.287
"7118",-16309.641
"7119",-16193.633
"7120",-17040.311
"7121",-16891.709
"7122",-16395.728
"7123",-16315.321
"7124",-16949.153
"7125",-16535.994
"7126",-16784.541
"7127",-16413.809
"7128",-17279.799
"7129",-16355.331
"7130",-16398.399
"7131",-16521.077
"7132",-16471.031
"7133",-16804.269
"7134",-17086.077
"7135",-17186.208
"7136",-17406.57
"7137",-17468.58
"7138",-17415.325
"7139",-17075.62
"7140",-16860.826
"7141",-17544.287
"7142",-16717.172
"7143",-16590.704
"7144",-16610.146
"7145",-16758.376
"7146",-17109.528
"7147",-17000.046
"7148",-16934.475
"7149",-16608.536
"7150",-17230.32
"7151",-16348.679
"7152",-16725.836
"7153",-16801.993
"7154",-16550.57
"7155",-16809.539
"7156",-16948.887
"7157",-16932.064
"7158",-16579.262
"7159",-16813.297
"7160",-16704.123
"7161",-16968.637
"7162",-16732.474
"7163",-16880.463
"7164",-16619.023
"7165",-16378.596
"7166",-16560.447
"7167",-16745.098
"7168",-16649.63
"7169",-16174.341
"7170",-16974.754
"7171",-16832.292
"7172",-17070.527
"7173",-16469.959
"7174",-17034.226
"7175",-16484.865
"7176",-16954.419
"7177",-16828.364
"7178",-17114.231
"7179",-17055.956
"7180",-17437.367
"7181",-16802.489
"7182",-17128.85
"7183",-16965.203
"7184",-16789.287
"7185",-16888.553
"7186",-16668.685
"7187",-16833.245
"7188",-16877.63
"7189",-16562.467
"7190",-17076.363
"7191",-16756.031
"7192",-16603.844
"7193",-16537.248
"7194",-16649.837
"7195",-17348.138
"7196",-16590.056
"7197",-16627.906
"7198",-16509.006
"7199",-16947.412
"7200",-16983.729
"7201",-16597.224
"7202",-16600.295
"7203",-16706.721
"7204",-17268.225
"7205",-16791.755
"7206",-16778.732
"7207",-17089.078
"7208",-17219.058
"7209",-16379.119
"7210",-16269.585
"7211",-16828.957
"7212",-16778.958
"7213",-16667.652
"7214",-16479.377
"7215",-17012.592
"7216",-16855.406
"7217",-17081.749
"7218",-17363.661
"7219",-16310.468
"7220",-16453.879
"7221",-16983.684
"7222",-16305.428
"7223",-16958.633
"7224",-16265.26
"7225",-16713.666
"7226",-16503.572
"7227",-16675.817
"7228",-16694.169
"7229",-16746.099
"7230",-16780.997
"7231",-16562.158
"7232",-17050.285
"7233",-16704.475
"7234",-16811.86
"7235",-16756.044
"7236",-17012.742
"7237",-16340.278
"7238",-16745.574
"7239",-16412.763
"7240",-16725.12
"7241",-16705.642
"7242",-16975.303
"7243",-16787.533
"7244",-17005.15
"7245",-16876.593
"7246",-16436.126
"7247",-16917.688
"7248",-16773.11
"7249",-17249.216
"7250",-16136.358
"7251",-16954.758
"7252",-17106.425
"7253",-16491.295
"7254",-16642.726
"7255",-16855.771
"7256",-16928.029
"7257",-16217.618
"7258",-17021.356
"7259",-16266.146
"7260",-17028.256
"7261",-16961.153
"7262",-16422.721
"7263",-16915.835
"7264",-16454.297
"7265",-16588.624
"7266",-16537.067
"7267",-16361.352
"7268",-16463.756
"7269",-17099.009
"7270",-16416.6
"7271",-16524.602
"7272",-16298.9
"7273",-15969.418
"7274",-17107.745
"7275",-16805.709
"7276",-17027.382
"7277",-16671.048
"7278",-17183.59
"7279",-16798.577
"7280",-16359.448
"7281",-16722.589
"7282",-16543.795
"7283",-16657.242
"7284",-17072.286
"7285",-16695.63
"7286",-16599.422
"7287",-16550.773
"7288",-16520.625
"7289",-17098.998
"7290",-17355.453
"7291",-17136.189
"7292",-16999.451
"7293",-17055.146
"7294",-17203.798
"7295",-16242.25
"7296",-17432.149
"7297",-17041.335
"7298",-17075.726
"7299",-16745.932
"7300",-16967.091
"7301",-17310.034
"7302",-16553.643
"7303",-17084.243
"7304",-16506.534
"7305",-16753.766
"7306",-17434.029
"7307",-16615.943
"7308",-17021.315
"7309",-16790.069
"7310",-16803.197
"7311",-16537.61
"7312",-16547.831
"7313",-16771.974
"7314",-17146.831
"7315",-16572.362
"7316",-17062.734
"7317",-16707.275
"7318",-17396.683
"7319",-16840.796
"7320",-16941.542
"7321",-16821.758
"7322",-16871.346
"7323",-16947.986
"7324",-16560.797
"7325",-17240.032
"7326",-16577.921
"7327",-16726.57
"7328",-16935.831
"7329",-16769.37
"7330",-16624.871
"7331",-16402.083
"7332",-16809.513
"7333",-17066.898
"7334",-16925.503
"7335",-16392.146
"7336",-16640.94
"7337",-16925.308
"7338",-17309.62
"7339",-17152.098
"7340",-16508.245
"7341",-16508.578
"7342",-16488.505
"7343",-16232.215
"7344",-16702.554
"7345",-17079.061
"7346",-16895.527
"7347",-16401.592
"7348",-16779.214
"7349",-17113.382
"7350",-16603.447
"7351",-15925.398
"7352",-16826.631
"7353",-17446.664
"7354",-16761.826
"7355",-16781.342
"7356",-16332.795
"7357",-17100.876
"7358",-16807.379
"7359",-16864.971
"7360",-16733.44
"7361",-16979.546
"7362",-17255.38
"7363",-16523.588
"7364",-16678.983
"7365",-16642.174
"7366",-16388.518
"7367",-16471.015
"7368",-16714.723
"7369",-16651.835
"7370",-16663.076
"7371",-16506.545
"7372",-16610.772
"7373",-16700.927
"7374",-16399.789
"7375",-16750.898
"7376",-16776.736
"7377",-16628.712
"7378",-16983.346
"7379",-16750.695
"7380",-17133.533
"7381",-17053.703
"7382",-17130.962
"7383",-16788.067
"7384",-16804.965
"7385",-16482.643
"7386",-16783.227
"7387",-17504.18
"7388",-16504.556
"7389",-16765.162
"7390",-16888.347
"7391",-16676.707
"7392",-17013.598
"7393",-16622.77
"7394",-16923.761
"7395",-17262.214
"7396",-16912.2
"7397",-16401.326
"7398",-16519.574
"7399",-16601.08
"7400",-16389.87
"7401",-16793.85
"7402",-16951.244
"7403",-16813.456
"7404",-16867.986
"7405",-16592.016
"7406",-17098.711
"7407",-16978.749
"7408",-16570.375
"7409",-16270.07
"7410",-16535.901
"7411",-17068.762
"7412",-16505.345
"7413",-17054.411
"7414",-16928.786
"7415",-17061.711
"7416",-16793.333
"7417",-16547.864
"7418",-16692.184
"7419",-16934.564
"7420",-16827.402
"7421",-16835.404
"7422",-17070.133
"7423",-17268.042
"7424",-16753.855
"7425",-16972.785
"7426",-16828.109
"7427",-17051.615
"7428",-16605.788
"7429",-16950.529
"7430",-16785.219
"7431",-16767.282
"7432",-17080.21
"7433",-16706.548
"7434",-16907.646
"7435",-17039.506
"7436",-16543.061
"7437",-16640.006
"7438",-16779.531
"7439",-16861.027
"7440",-16819.526
"7441",-16521.281
"7442",-16978.085
"7443",-16701.835
"7444",-16757.015
"7445",-17104.267
"7446",-16717.898
"7447",-16714.065
"7448",-16546.617
"7449",-17006.189
"7450",-16506.285
"7451",-16744.818
"7452",-16722.5
"7453",-16551.287
"7454",-16987.636
"7455",-16979.404
"7456",-16777.074
"7457",-17020.542
"7458",-16729.334
"7459",-16923.811
"7460",-16412.826
"7461",-17132.042
"7462",-17381.357
"7463",-16602.629
"7464",-16372.501
"7465",-16805.918
"7466",-16980.937
"7467",-16647.297
"7468",-17465.966
"7469",-16598.65
"7470",-16915.79
"7471",-17351.972
"7472",-16635.457
"7473",-17141.852
"7474",-17073.387
"7475",-16621.789
"7476",-17162.642
"7477",-16894.026
"7478",-16677.138
"7479",-16610.891
"7480",-17303.71
"7481",-16282.863
"7482",-17161.261
"7483",-16809.929
"7484",-17159.673
"7485",-16860.294
"7486",-17213.411
"7487",-16445.683
"7488",-16702.355
"7489",-17103.49
"7490",-16414.543
"7491",-16584.923
"7492",-16809.112
"7493",-16714.755
"7494",-16716.722
"7495",-17086.851
"7496",-16848.561
"7497",-16906.046
"7498",-17417.451
"7499",-17602.792
"7500",-16869.749
"7501",-16571.239
"7502",-16969.09
"7503",-16757.685
"7504",-16627.669
"7505",-16863.601
"7506",-16711.804
"7507",-16680.718
"7508",-16692.499
"7509",-16551.127
"7510",-16846.828
"7511",-16697.545
"7512",-16862.155
"7513",-16930.326
"7514",-16880.388
"7515",-16972.505
"7516",-17039.897
"7517",-16936.85
"7518",-16197.757
"7519",-17146.863
"7520",-16869.191
"7521",-17204.155
"7522",-17301.186
"7523",-16597.296
"7524",-16806.387
"7525",-16870.322
"7526",-16525.752
"7527",-16535.441
"7528",-16595.82
"7529",-16569.243
"7530",-17228.05
"7531",-16722.256
"7532",-16056.11
"7533",-16451.384
"7534",-16806.752
"7535",-16665.688
"7536",-16682.942
"7537",-16859.584
"7538",-16911.546
"7539",-16672.578
"7540",-16449.103
"7541",-16778.149
"7542",-16454.489
"7543",-16459.425
"7544",-16921.119
"7545",-16381.592
"7546",-16757.872
"7547",-16833.524
"7548",-16559.283
"7549",-16547.715
"7550",-16467.252
"7551",-16369.184
"7552",-16903.79
"7553",-17186.397
"7554",-16638.835
"7555",-17066.382
"7556",-16711.603
"7557",-16732.14
"7558",-16900.258
"7559",-16474.807
"7560",-16581.742
"7561",-16591.971
"7562",-16940.995
"7563",-16633.517
"7564",-17010.577
"7565",-16332.643
"7566",-16816.59
"7567",-16945.974
"7568",-16600.899
"7569",-17071.054
"7570",-16530.298
"7571",-16535.327
"7572",-16738.365
"7573",-17001.779
"7574",-16495.162
"7575",-16740.305
"7576",-16650.841
"7577",-16918.611
"7578",-17039.808
"7579",-17079.558
"7580",-16483.006
"7581",-16862.695
"7582",-16693.712
"7583",-16826.625
"7584",-16846.347
"7585",-16544.384
"7586",-17168.77
"7587",-16660.68
"7588",-16813.511
"7589",-16763.561
"7590",-16551.174
"7591",-16413.39
"7592",-16879.864
"7593",-16615.535
"7594",-16834.85
"7595",-16921.535
"7596",-16586.177
"7597",-16765.328
"7598",-16744.275
"7599",-16786.588
"7600",-16780.089
"7601",-16859.061
"7602",-16438.248
"7603",-16872.001
"7604",-16839.251
"7605",-16328.388
"7606",-16827.504
"7607",-16570.12
"7608",-17164.461
"7609",-17064.127
"7610",-16676.109
"7611",-17091.73
"7612",-17064.324
"7613",-16683.293
"7614",-16558.489
"7615",-17107.364
"7616",-16549.389
"7617",-16926.479
"7618",-16587.569
"7619",-16705.343
"7620",-16411.876
"7621",-16834.763
"7622",-16879.522
"7623",-16792.842
"7624",-17009.081
"7625",-16553.452
"7626",-16852.047
"7627",-16609.175
"7628",-17027.032
"7629",-16948.425
"7630",-16651.984
"7631",-16703.381
"7632",-16373.764
"7633",-16647.458
"7634",-16946.614
"7635",-16977.95
"7636",-16823.947
"7637",-16864.834
"7638",-16466.656
"7639",-17245.572
"7640",-16895.097
"7641",-16933.046
"7642",-16725.023
"7643",-17125.246
"7644",-16684.026
"7645",-16875.169
"7646",-16979.433
"7647",-16968.111
"7648",-16936.879
"7649",-16835.426
"7650",-16685.344
"7651",-17271.261
"7652",-17062.034
"7653",-17285.215
"7654",-16612.412
"7655",-16321.911
"7656",-16870.242
"7657",-16707.496
"7658",-16872.116
"7659",-16707.608
"7660",-16642.833
"7661",-17108.513
"7662",-17151.913
"7663",-16568.441
"7664",-17075.508
"7665",-16654.71
"7666",-16275.106
"7667",-16565.963
"7668",-16742.507
"7669",-16817.412
"7670",-16952.154
"7671",-16988.224
"7672",-16875.51
"7673",-16769.239
"7674",-16567.562
"7675",-17350.146
"7676",-16756.964
"7677",-16411.031
"7678",-16927.041
"7679",-16582.419
"7680",-16657.216
"7681",-16670.062
"7682",-17069.533
"7683",-16933.124
"7684",-16458.476
"7685",-16617.196
"7686",-17003.275
"7687",-16578.652
"7688",-16941.979
"7689",-16858.987
"7690",-17227.973
"7691",-16748.951
"7692",-16175.708
"7693",-17036.689
"7694",-16441.368
"7695",-16819.718
"7696",-16498.789
"7697",-16603.506
"7698",-16586.566
"7699",-16834.696
"7700",-17012.602
"7701",-16964.048
"7702",-16710.758
"7703",-16746.464
"7704",-16647.598
"7705",-16694.619
"7706",-16694.292
"7707",-17115.182
"7708",-16031.872
"7709",-17006.454
"7710",-17317.329
"7711",-16906.054
"7712",-16350.773
"7713",-16669.11
"7714",-16932.208
"7715",-16835.641
"7716",-17353.294
"7717",-16315.998
"7718",-16330.019
"7719",-16924.51
"7720",-16874.227
"7721",-16879.381
"7722",-17215.952
"7723",-16259.325
"7724",-16843.284
"7725",-16479.356
"7726",-17185.943
"7727",-16588.343
"7728",-16985.227
"7729",-17291.682
"7730",-16615.643
"7731",-16433.929
"7732",-16925.93
"7733",-17231.158
"7734",-16994.241
"7735",-16446.049
"7736",-16657.575
"7737",-16479.7
"7738",-16620.628
"7739",-16217.917
"7740",-17090.937
"7741",-17345.273
"7742",-17076.716
"7743",-16428.383
"7744",-16695.177
"7745",-17084.96
"7746",-16710.244
"7747",-16730.289
"7748",-16590.357
"7749",-16702.633
"7750",-16376.647
"7751",-16736.487
"7752",-16099.352
"7753",-17083.176
"7754",-16439.531
"7755",-17240.201
"7756",-16668.78
"7757",-16893.535
"7758",-16999.892
"7759",-16950.466
"7760",-16507.466
"7761",-16953.526
"7762",-16566.348
"7763",-16360.075
"7764",-17469.473
"7765",-16714.098
"7766",-16883.201
"7767",-16818.839
"7768",-16899.621
"7769",-16605.596
"7770",-16962.576
"7771",-16704.821
"7772",-17036.2
"7773",-16456.927
"7774",-16957.149
"7775",-16993.078
"7776",-16349.057
"7777",-16874.111
"7778",-16601.802
"7779",-16418.889
"7780",-16911.514
"7781",-16161.788
"7782",-16613.158
"7783",-16738.856
"7784",-16909.384
"7785",-16974.72
"7786",-16597.861
"7787",-16865.135
"7788",-16941.285
"7789",-16653.337
"7790",-16246.735
"7791",-16457.464
"7792",-16669.921
"7793",-16520.324
"7794",-16505.582
"7795",-16839.4
"7796",-16309.202
"7797",-16573.943
"7798",-17186.963
"7799",-16586.462
"7800",-16804.469
"7801",-16743.136
"7802",-16928.216
"7803",-16501.685
"7804",-16503.742
"7805",-16767.135
"7806",-16850.93
"7807",-16575.37
"7808",-17177.707
"7809",-16799.782
"7810",-16571.235
"7811",-16766.535
"7812",-17286.392
"7813",-16659.14
"7814",-16195.486
"7815",-16497.222
"7816",-16714.635
"7817",-17055.308
"7818",-16553.667
"7819",-16665.522
"7820",-17040.967
"7821",-16844.099
"7822",-16900.508
"7823",-16939.064
"7824",-16418.009
"7825",-16703.994
"7826",-16994.228
"7827",-16813.742
"7828",-17101.724
"7829",-16985.001
"7830",-16857.354
"7831",-16822.828
"7832",-16496.808
"7833",-16843.177
"7834",-16995.919
"7835",-16701.252
"7836",-17183.709
"7837",-16518.662
"7838",-17173.151
"7839",-17076.759
"7840",-16740.45
"7841",-16849.881
"7842",-16769.471
"7843",-16973.058
"7844",-16975.38
"7845",-16925.261
"7846",-16557.038
"7847",-16953.341
"7848",-16287.039
"7849",-17185.023
"7850",-16646.9
"7851",-17161.849
"7852",-16432.454
"7853",-16876.073
"7854",-16853.635
"7855",-17066.019
"7856",-16495.633
"7857",-16483.283
"7858",-16855.915
"7859",-16627.827
"7860",-16684.325
"7861",-16861.599
"7862",-17307.947
"7863",-16975.997
"7864",-16888.739
"7865",-16941.909
"7866",-16671.462
"7867",-16094.372
"7868",-16627.293
"7869",-16312.131
"7870",-16673.297
"7871",-17078.149
"7872",-16459.243
"7873",-17095.239
"7874",-16635.656
"7875",-16947.344
"7876",-16879.767
"7877",-16885.471
"7878",-16379.227
"7879",-16418.813
"7880",-16848.515
"7881",-16646.507
"7882",-16620.085
"7883",-17036.32
"7884",-16666.552
"7885",-17253.626
"7886",-16741.852
"7887",-16995.746
"7888",-16859.102
"7889",-16667.429
"7890",-16300.586
"7891",-16757.661
"7892",-16787.675
"7893",-16671.639
"7894",-16835.058
"7895",-16783.389
"7896",-17054.549
"7897",-16344.338
"7898",-16502.849
"7899",-16720.582
"7900",-16796.297
"7901",-17135.042
"7902",-16686.691
"7903",-16973.823
"7904",-16788.638
"7905",-16922.248
"7906",-17095.54
"7907",-16823.773
"7908",-16954.527
"7909",-16909.631
"7910",-16863.835
"7911",-17298.902
"7912",-16596.786
"7913",-16544.727
"7914",-16952.145
"7915",-16842.276
"7916",-16898.945
"7917",-16527.195
"7918",-16856.031
"7919",-16544.363
"7920",-16715.817
"7921",-16346.499
"7922",-16980.13
"7923",-16884.742
"7924",-16823.439
"7925",-16793.283
"7926",-16915.125
"7927",-16747.753
"7928",-17186.334
"7929",-16728.38
"7930",-16931.131
"7931",-16638.876
"7932",-16389.152
"7933",-16658.925
"7934",-16358.302
"7935",-16383.606
"7936",-16848.102
"7937",-16320.539
"7938",-16787.07
"7939",-17024.02
"7940",-16452.054
"7941",-16908.616
"7942",-16821.519
"7943",-16659.156
"7944",-16370.286
"7945",-16887.007
"7946",-16480.39
"7947",-16637.05
"7948",-16789.599
"7949",-16754.814
"7950",-16439.603
"7951",-16234.316
"7952",-16703.069
"7953",-16891.499
"7954",-16118.075
"7955",-16493.687
"7956",-17252.426
"7957",-16583.695
"7958",-16888.456
"7959",-16555.669
"7960",-16337.804
"7961",-17321.788
"7962",-17152.616
"7963",-16536.188
"7964",-16760.646
"7965",-17093.483
"7966",-16241.259
"7967",-16586.673
"7968",-16982.03
"7969",-16861.308
"7970",-16715.622
"7971",-16591.345
"7972",-17328.774
"7973",-16155.398
"7974",-17159.091
"7975",-16863.924
"7976",-16890.147
"7977",-16469.501
"7978",-16617.015
"7979",-17196.171
"7980",-16751.762
"7981",-16602.314
"7982",-16695.253
"7983",-16895.445
"7984",-17140.234
"7985",-16693.395
"7986",-17213.611
"7987",-16775.825
"7988",-17489.196
"7989",-16974.743
"7990",-17135.441
"7991",-16955.565
"7992",-16911.735
"7993",-16427.63
"7994",-17144.678
"7995",-16792.283
"7996",-16823.592
"7997",-16358.73
"7998",-16636.283
"7999",-16761.712
"8000",-16828.395
"8001",-16889.21
"8002",-16914.087
"8003",-16359.443
"8004",-16481.124
"8005",-16682.993
"8006",-16766.134
"8007",-17060.731
"8008",-16185.31
"8009",-16681.048
"8010",-17002.55
"8011",-17306.701
"8012",-16954.483
"8013",-17051.572
"8014",-17046.651
"8015",-16862.765
"8016",-16624.424
"8017",-16573.719
"8018",-16598.254
"8019",-16820.404
"8020",-17147.762
"8021",-17071.837
"8022",-17151.106
"8023",-16567.28
"8024",-16510.287
"8025",-16866.685
"8026",-16538.803
"8027",-16522.74
"8028",-16456.543
"8029",-16554.987
"8030",-16771.587
"8031",-16755.303
"8032",-16716.662
"8033",-17100.97
"8034",-17132.194
"8035",-17517.184
"8036",-16881.588
"8037",-16889.277
"8038",-16759.063
"8039",-17081.23
"8040",-17127.17
"8041",-16800.273
"8042",-16764.368
"8043",-16320.564
"8044",-16468.397
"8045",-16547.945
"8046",-16940.117
"8047",-16992.562
"8048",-16778.799
"8049",-17007.593
"8050",-17244.431
"8051",-16914.383
"8052",-17029.882
"8053",-16551.738
"8054",-16992.996
"8055",-16590.035
"8056",-17026.842
"8057",-17126.116
"8058",-16752.976
"8059",-17016.271
"8060",-16536.024
"8061",-16915.104
"8062",-16942.036
"8063",-16846.071
"8064",-16984.513
"8065",-17384.443
"8066",-16680.244
"8067",-17083.497
"8068",-16736.393
"8069",-16890.939
"8070",-16852.583
"8071",-16550.514
"8072",-16808.066
"8073",-16903.646
"8074",-17117.289
"8075",-16783.805
"8076",-16977.786
"8077",-16733.844
"8078",-17337.046
"8079",-16560.695
"8080",-16516.695
"8081",-16752.099
"8082",-16838.151
"8083",-16693.148
"8084",-16837.426
"8085",-16713.003
"8086",-16898.626
"8087",-16487.724
"8088",-16977.384
"8089",-16757.198
"8090",-16742.982
"8091",-16813.43
"8092",-16543.5
"8093",-17277.943
"8094",-16497.656
"8095",-16857.057
"8096",-17425.251
"8097",-16893.557
"8098",-16790.059
"8099",-16744.306
"8100",-16471.667
"8101",-16652.762
"8102",-16873.172
"8103",-16904.971
"8104",-16901.828
"8105",-16661.273
"8106",-16493.804
"8107",-16320.059
"8108",-17025.569
"8109",-16630.938
"8110",-16982.861
"8111",-17369.692
"8112",-16866.458
"8113",-16629.573
"8114",-16589.527
"8115",-16824.649
"8116",-16967.381
"8117",-16363.414
"8118",-16727.977
"8119",-16661.417
"8120",-16624.601
"8121",-16906.69
"8122",-16715.814
"8123",-16784.806
"8124",-17090.78
"8125",-16362.403
"8126",-16379.799
"8127",-16596.911
"8128",-16678.427
"8129",-16727.211
"8130",-16825.709
"8131",-17040.408
"8132",-17045.815
"8133",-16721.733
"8134",-16613.869
"8135",-16979.94
"8136",-16464.703
"8137",-17010.546
"8138",-16852.985
"8139",-16993.701
"8140",-16697.414
"8141",-17056.302
"8142",-16136.666
"8143",-16812.469
"8144",-16531.499
"8145",-17115.385
"8146",-16899.644
"8147",-17469.138
"8148",-16935.724
"8149",-16276.231
"8150",-16374.561
"8151",-17069.632
"8152",-17143.343
"8153",-16902.752
"8154",-17170.468
"8155",-16989.136
"8156",-16640.896
"8157",-16932.183
"8158",-17161.534
"8159",-16487.028
"8160",-16630.403
"8161",-16619.722
"8162",-16659.469
"8163",-16629.726
"8164",-16752.512
"8165",-17014.599
"8166",-17148.602
"8167",-16675.54
"8168",-16680.349
"8169",-16873.594
"8170",-17035.529
"8171",-16995.755
"8172",-16573.229
"8173",-16970.002
"8174",-16360.083
"8175",-17193.963
"8176",-16644.646
"8177",-16876.824
"8178",-16533.303
"8179",-16731.02
"8180",-16701.249
"8181",-16367.679
"8182",-16690.311
"8183",-17057.862
"8184",-16757.629
"8185",-16888.334
"8186",-16709.739
"8187",-16227.598
"8188",-16445.456
"8189",-16803.213
"8190",-16506.208
"8191",-16912.546
"8192",-16933.181
"8193",-16494.384
"8194",-16578.425
"8195",-16823.579
"8196",-16720.364
"8197",-16482.208
"8198",-16752.724
"8199",-16899.533
"8200",-16340.609
"8201",-16891.621
"8202",-16304.389
"8203",-17028.55
"8204",-16820.765
"8205",-16915.101
"8206",-16876.372
"8207",-16578.326
"8208",-17000.124
"8209",-16602.584
"8210",-16406.238
"8211",-17329.082
"8212",-16915.756
"8213",-16935.677
"8214",-16684.803
"8215",-16262.955
"8216",-17278.733
"8217",-16858.764
"8218",-16379.989
"8219",-16706.218
"8220",-16660.201
"8221",-16749.423
"8222",-16984.132
"8223",-16255.345
"8224",-17072.115
"8225",-16167.11
"8226",-17299.973
"8227",-17159.716
"8228",-16786.25
"8229",-16929.362
"8230",-16650.248
"8231",-16760.086
"8232",-16956.031
"8233",-16793.942
"8234",-16803.9
"8235",-16997.36
"8236",-16748.065
"8237",-17174.079
"8238",-17059.158
"8239",-16864.318
"8240",-16746.648
"8241",-16849.166
"8242",-16841.976
"8243",-16666.33
"8244",-16957.336
"8245",-16506.617
"8246",-17309.412
"8247",-16897.958
"8248",-16837.973
"8249",-16709.356
"8250",-16884.605
"8251",-17098.38
"8252",-16472.07
"8253",-16592.216
"8254",-16458.633
"8255",-16689.117
"8256",-16391.332
"8257",-16870.132
"8258",-16893.244
"8259",-17011.59
"8260",-16917.357
"8261",-16889.021
"8262",-16906.824
"8263",-16992.007
"8264",-16782.533
"8265",-16204.775
"8266",-16939.317
"8267",-17000.346
"8268",-16850.752
"8269",-16480.524
"8270",-16843.555
"8271",-16221.901
"8272",-16846.941
"8273",-16747.672
"8274",-16399.359
"8275",-17058.367
"8276",-16615.842
"8277",-16987.548
"8278",-16360.718
"8279",-17494.693
"8280",-16506.553
"8281",-17016.137
"8282",-17040.27
"8283",-16515.016
"8284",-17020.716
"8285",-16608.267
"8286",-16248.285
"8287",-16640.578
"8288",-16418.331
"8289",-16908.229
"8290",-16289.08
"8291",-16896.919
"8292",-16584.775
"8293",-16852.536
"8294",-17016.222
"8295",-17159.586
"8296",-17265.811
"8297",-16732.484
"8298",-16531.537
"8299",-16840.767
"8300",-16751.362
"8301",-16843.777
"8302",-17006.361
"8303",-16991.328
"8304",-17251.721
"8305",-16637.116
"8306",-16877.952
"8307",-16674.287
"8308",-16686.095
"8309",-16378.494
"8310",-16652.748
"8311",-16649.836
"8312",-16690.601
"8313",-16918.922
"8314",-16596.242
"8315",-16825.517
"8316",-16686.076
"8317",-16618.04
"8318",-16761.36
"8319",-16666.768
"8320",-16866.426
"8321",-17073.337
"8322",-16853.547
"8323",-16948.017
"8324",-16735.603
"8325",-16987.307
"8326",-17108.53
"8327",-16848.568
"8328",-16831.268
"8329",-16777.249
"8330",-16320.714
"8331",-16562.454
"8332",-16949.284
"8333",-17217.708
"8334",-16460.758
"8335",-16056.111
"8336",-16797.952
"8337",-17048.344
"8338",-16609.413
"8339",-16810.054
"8340",-16531.649
"8341",-16916.655
"8342",-17100.143
"8343",-16518.41
"8344",-16518.58
"8345",-17269.82
"8346",-17079.035
"8347",-16945.567
"8348",-17196.501
"8349",-16652.876
"8350",-17133.62
"8351",-16658.526
"8352",-16605.398
"8353",-16679.459
"8354",-16691.533
"8355",-16537.238
"8356",-16702.741
"8357",-16734.032
"8358",-16363.412
"8359",-16762.313
"8360",-16759.673
"8361",-16939.608
"8362",-16815.548
"8363",-17346.118
"8364",-16764.57
"8365",-16562.164
"8366",-16339.116
"8367",-16816.532
"8368",-17152.23
"8369",-17237.464
"8370",-16603.676
"8371",-16812.215
"8372",-16971.973
"8373",-17051.474
"8374",-16584.236
"8375",-16991.517
"8376",-16586.099
"8377",-16790.999
"8378",-16348.929
"8379",-17241.268
"8380",-17354.818
"8381",-17189.54
"8382",-16827.82
"8383",-17090.05
"8384",-16961.983
"8385",-16758.15
"8386",-17481.08
"8387",-16655.026
"8388",-16533.876
"8389",-16414.202
"8390",-16719.929
"8391",-17146.763
"8392",-16992.131
"8393",-16366.923
"8394",-16659.472
"8395",-17006.193
"8396",-16638.161
"8397",-17031.221
"8398",-16751.645
"8399",-16490.501
"8400",-16749.815
"8401",-16760.774
"8402",-16770.227
"8403",-17173.076
"8404",-17096.145
"8405",-16699.997
"8406",-17329.282
"8407",-16537.896
"8408",-16858.351
"8409",-17012.495
"8410",-17348.418
"8411",-16600.55
"8412",-16381.464
"8413",-16733.225
"8414",-17088.602
"8415",-17312.812
"8416",-17436.339
"8417",-16371.397
"8418",-17002.324
"8419",-16482.449
"8420",-16709.668
"8421",-16829.023
"8422",-16365.573
"8423",-16830.993
"8424",-16640.495
"8425",-16940.945
"8426",-16625.732
"8427",-17135.836
"8428",-16773.799
"8429",-16865.474
"8430",-16888.395
"8431",-17211.805
"8432",-17081.4
"8433",-17345.644
"8434",-16907.748
"8435",-16702.253
"8436",-16826.513
"8437",-17159.045
"8438",-17306.231
"8439",-16937.788
"8440",-16520.071
"8441",-16584.212
"8442",-16926.813
"8443",-16999.809
"8444",-17028.602
"8445",-16928.795
"8446",-16729.895
"8447",-16863.893
"8448",-16393.781
"8449",-17023.648
"8450",-16693.121
"8451",-16671.505
"8452",-16453.077
"8453",-16796.804
"8454",-16943.864
"8455",-17154.788
"8456",-16972.385
"8457",-16560.836
"8458",-16952.414
"8459",-16979.418
"8460",-16919.503
"8461",-17470.393
"8462",-16204.408
"8463",-17042.379
"8464",-16744.26
"8465",-16870.163
"8466",-16969.126
"8467",-16759.462
"8468",-16629.851
"8469",-17267.913
"8470",-17099.145
"8471",-16375.04
"8472",-16292.695
"8473",-16748.504
"8474",-16541.018
"8475",-16491.457
"8476",-16782.876
"8477",-16719.115
"8478",-16516.87
"8479",-16935.365
"8480",-16591.785
"8481",-16758.597
"8482",-16884.058
"8483",-16433.111
"8484",-16889.945
"8485",-16931.502
"8486",-16879.747
"8487",-16776.306
"8488",-16715.47
"8489",-16851.519
"8490",-16775.889
"8491",-16864.84
"8492",-16814.007
"8493",-16649.988
"8494",-16808.895
"8495",-17257.199
"8496",-16791.424
"8497",-16625.957
"8498",-16681.08
"8499",-17095.77
"8500",-17126.396
"8501",-16944.356
"8502",-16519.867
"8503",-16969.038
"8504",-16570.791
"8505",-16491.498
"8506",-16450.593
"8507",-16819.607
"8508",-17114.359
"8509",-17043.518
"8510",-17439.281
"8511",-17099.422
"8512",-16784.305
"8513",-16889.173
"8514",-16379.074
"8515",-16442.911
"8516",-16756.605
"8517",-16893.097
"8518",-16795.082
"8519",-16689.634
"8520",-16798.689
"8521",-16806.501
"8522",-16856.369
"8523",-16753.7
"8524",-17120.529
"8525",-16569.838
"8526",-16936.871
"8527",-16856.489
"8528",-16607.366
"8529",-16682.656
"8530",-16668.819
"8531",-17001.94
"8532",-17191.409
"8533",-16770.765
"8534",-16948.153
"8535",-16796.411
"8536",-16666.993
"8537",-17260.881
"8538",-17735.114
"8539",-16795.451
"8540",-16346.987
"8541",-16959.655
"8542",-17274.725
"8543",-16726.252
"8544",-16558.599
"8545",-17060.008
"8546",-17239.173
"8547",-16837.611
"8548",-16845.944
"8549",-16924.743
"8550",-17179.155
"8551",-16904.802
"8552",-16624.159
"8553",-17084.338
"8554",-16774.874
"8555",-16632.079
"8556",-16977.308
"8557",-16680.761
"8558",-16983.023
"8559",-16684.349
"8560",-17070.454
"8561",-16939.211
"8562",-16978.016
"8563",-17097.225
"8564",-17017.833
"8565",-16799.304
"8566",-16695.032
"8567",-16821.517
"8568",-16652.676
"8569",-16969.899
"8570",-17152.233
"8571",-16602.793
"8572",-16620.066
"8573",-16551.703
"8574",-16363.173
"8575",-16713.676
"8576",-16843.571
"8577",-16568.553
"8578",-16631.991
"8579",-17432.486
"8580",-16306.5
"8581",-17197.82
"8582",-16946.958
"8583",-16890.677
"8584",-16915.123
"8585",-16568.74
"8586",-16926.873
"8587",-17164.638
"8588",-16556.865
"8589",-16874.576
"8590",-16705.161
"8591",-16758.811
"8592",-16519.807
"8593",-17032.321
"8594",-17380.503
"8595",-16791.66
"8596",-17022.853
"8597",-16970.361
"8598",-16406.65
"8599",-17062.911
"8600",-17296.076
"8601",-16755.462
"8602",-16632.495
"8603",-16769.664
"8604",-16948.182
"8605",-16922.683
"8606",-16835.194
"8607",-17002.563
"8608",-16745.773
"8609",-17201.757
"8610",-16390.604
"8611",-16606.706
"8612",-16921.754
"8613",-16626.252
"8614",-17023.101
"8615",-17081.201
"8616",-17227.837
"8617",-16665.415
"8618",-16924.525
"8619",-16658.735
"8620",-16254.058
"8621",-16937.949
"8622",-16454.595
"8623",-16815.649
"8624",-16964.482
"8625",-16718.198
"8626",-16632.176
"8627",-16885.567
"8628",-17146.054
"8629",-16927.011
"8630",-16822.195
"8631",-16210.95
"8632",-16229.149
"8633",-16603.472
"8634",-16827.252
"8635",-17228.725
"8636",-16499.009
"8637",-16424.609
"8638",-16172.51
"8639",-16493.506
"8640",-16577.106
"8641",-16895.463
"8642",-17098.634
"8643",-16993.905
"8644",-16733.262
"8645",-16723.262
"8646",-16546.25
"8647",-16953.037
"8648",-16535.128
"8649",-16535.675
"8650",-16777.375
"8651",-16864.208
"8652",-17254.184
"8653",-16809.744
"8654",-16949.067
"8655",-16763.889
"8656",-16425.114
"8657",-16871.534
"8658",-16857.792
"8659",-16819.622
"8660",-16376.383
"8661",-16707.263
"8662",-16588.954
"8663",-16284.958
"8664",-16969.24
"8665",-16917.027
"8666",-16778.16
"8667",-16932.746
"8668",-17693.916
"8669",-16561.43
"8670",-17324.358
"8671",-16203.196
"8672",-16571.027
"8673",-16414.675
"8674",-16865.716
"8675",-16969.655
"8676",-16475.477
"8677",-17318.859
"8678",-16160.647
"8679",-16611.191
"8680",-16777.985
"8681",-17022.571
"8682",-16746.1
"8683",-16785.908
"8684",-16539.388
"8685",-16728.42
"8686",-16460.218
"8687",-16293.017
"8688",-16358.506
"8689",-17022.075
"8690",-16897.025
"8691",-16777.58
"8692",-17045.564
"8693",-16808.627
"8694",-17104.484
"8695",-17106.651
"8696",-16875.836
"8697",-16443.495
"8698",-16668.706
"8699",-16449.376
"8700",-17170.824
"8701",-16667.652
"8702",-17051.982
"8703",-16408.064
"8704",-17234.871
"8705",-16964.472
"8706",-16832.024
"8707",-16544.312
"8708",-16936.969
"8709",-17061.409
"8710",-16842.587
"8711",-16492.267
"8712",-16480.402
"8713",-16988.193
"8714",-16834.163
"8715",-17065.82
"8716",-16971.027
"8717",-16966.508
"8718",-17029.627
"8719",-17321.804
"8720",-16983.427
"8721",-16765.962
"8722",-16526.537
"8723",-16562.245
"8724",-16735.79
"8725",-16655.889
"8726",-16950.823
"8727",-16695.344
"8728",-16856.317
"8729",-16701.616
"8730",-16593.26
"8731",-16413.88
"8732",-16598.329
"8733",-16608.101
"8734",-17137.652
"8735",-16764.816
"8736",-16693.797
"8737",-16519.568
"8738",-16924.907
"8739",-16935.12
"8740",-16529.458
"8741",-16676.858
"8742",-17017.133
"8743",-17003.458
"8744",-16773.815
"8745",-17072.961
"8746",-16863.67
"8747",-16595.196
"8748",-17286.424
"8749",-16630.879
"8750",-16675.087
"8751",-16600.979
"8752",-17123.474
"8753",-16851.798
"8754",-17083.785
"8755",-16742.622
"8756",-16805.61
"8757",-16464.363
"8758",-16676.139
"8759",-16812.951
"8760",-16885.077
"8761",-16785.516
"8762",-16792.06
"8763",-16858.03
"8764",-17031.012
"8765",-16976.731
"8766",-17060.184
"8767",-17086.547
"8768",-16826.645
"8769",-16645.111
"8770",-17199.109
"8771",-16821.507
"8772",-16699.341
"8773",-16727.515
"8774",-16957.619
"8775",-16822.767
"8776",-16922.804
"8777",-17217.817
"8778",-16799.53
"8779",-16649.694
"8780",-16552.841
"8781",-16943.284
"8782",-16866.335
"8783",-16487.754
"8784",-16942.377
"8785",-16674.451
"8786",-16908.033
"8787",-16859.355
"8788",-17027.261
"8789",-16762.63
"8790",-16649.418
"8791",-16490.136
"8792",-16698.104
"8793",-16870.041
"8794",-16412.269
"8795",-16606.091
"8796",-16855.568
"8797",-16868.074
"8798",-16658.171
"8799",-16533.892
"8800",-16745.831
"8801",-17092.026
"8802",-16776.412
"8803",-16685.856
"8804",-16589.699
"8805",-16902.544
"8806",-16947.646
"8807",-15958.539
"8808",-16930.201
"8809",-17102.609
"8810",-17299.383
"8811",-16955.295
"8812",-16398.189
"8813",-16649.155
"8814",-17096.075
"8815",-16713.353
"8816",-16853.74
"8817",-16627.639
"8818",-16413.195
"8819",-16725.991
"8820",-17186.007
"8821",-16801.238
"8822",-16844.565
"8823",-16478.975
"8824",-16895.709
"8825",-16612.475
"8826",-16719.17
"8827",-16441.741
"8828",-16682.312
"8829",-16650.725
"8830",-17361.202
"8831",-16427.55
"8832",-16731.039
"8833",-16019.885
"8834",-16766.388
"8835",-16771.595
"8836",-16535.233
"8837",-16383.327
"8838",-16618.522
"8839",-17070.678
"8840",-17340.787
"8841",-16495.187
"8842",-16756.661
"8843",-16275.013
"8844",-17309.829
"8845",-17265.545
"8846",-16786.963
"8847",-16632.741
"8848",-16422.861
"8849",-16849.455
"8850",-16917.603
"8851",-16734.155
"8852",-16774.27
"8853",-16719.935
"8854",-16986.92
"8855",-16903.546
"8856",-17192.898
"8857",-16447.746
"8858",-16824.324
"8859",-17222.285
"8860",-16552.827
"8861",-16774.765
"8862",-16752.886
"8863",-16691.032
"8864",-16953.755
"8865",-16742.183
"8866",-17083.803
"8867",-16635.77
"8868",-16791.799
"8869",-16543.951
"8870",-16912.256
"8871",-16890.408
"8872",-17174.506
"8873",-16745.782
"8874",-17157.092
"8875",-16255.63
"8876",-17026.887
"8877",-16997.631
"8878",-16646.444
"8879",-16887.285
"8880",-16790.028
"8881",-16491.155
"8882",-17329.509
"8883",-16926.008
"8884",-16751.563
"8885",-16707.43
"8886",-16786.925
"8887",-16660.81
"8888",-16727.237
"8889",-16931.873
"8890",-16591.313
"8891",-17014.998
"8892",-16623.887
"8893",-16859.314
"8894",-16540.148
"8895",-16358.322
"8896",-16769.324
"8897",-16660.447
"8898",-16572.611
"8899",-16590.791
"8900",-16519.869
"8901",-16647.523
"8902",-16767.169
"8903",-16956.356
"8904",-16705.064
"8905",-17027.665
"8906",-16997.082
"8907",-16731.42
"8908",-16571.677
"8909",-16760.377
"8910",-17030.852
"8911",-16946.945
"8912",-17089.003
"8913",-17207.611
"8914",-16555.222
"8915",-16792.425
"8916",-17181.804
"8917",-17213.899
"8918",-16528.575
"8919",-16907.029
"8920",-16926.793
"8921",-16830.87
"8922",-16685.447
"8923",-16708.359
"8924",-16783.573
"8925",-16463.604
"8926",-16801.966
"8927",-17299.908
"8928",-16648.565
"8929",-16614.228
"8930",-16989.762
"8931",-16904.431
"8932",-16695.257
"8933",-16607.134
"8934",-16841.875
"8935",-16679.194
"8936",-16548.297
"8937",-17270.304
"8938",-17040.725
"8939",-16401.041
"8940",-16617.188
"8941",-16814.768
"8942",-16881.858
"8943",-16530.776
"8944",-16852.842
"8945",-16737.794
"8946",-16794.662
"8947",-16622.36
"8948",-16851.721
"8949",-16433.73
"8950",-16551.546
"8951",-16969.31
"8952",-17084.963
"8953",-16926.725
"8954",-16651.846
"8955",-16913.775
"8956",-16695.421
"8957",-16841.717
"8958",-16746.972
"8959",-16941.073
"8960",-16824.964
"8961",-16866.69
"8962",-16289.46
"8963",-16694.751
"8964",-16461.819
"8965",-16859.474
"8966",-16889.884
"8967",-17096.645
"8968",-16711.015
"8969",-16962.943
"8970",-16946.155
"8971",-16620.295
"8972",-16326.434
"8973",-17088.937
"8974",-16921.996
"8975",-17066.484
"8976",-17211.08
"8977",-16163.552
"8978",-16484.906
"8979",-16829.5
"8980",-17121.671
"8981",-16775.652
"8982",-16835.425
"8983",-16334.129
"8984",-16855.645
"8985",-16558.45
"8986",-16823.64
"8987",-16862.792
"8988",-16992.636
"8989",-16456.694
"8990",-17017.691
"8991",-16866.688
"8992",-16817.21
"8993",-16597.652
"8994",-17363.424
"8995",-16798.453
"8996",-17056.574
"8997",-16563.412
"8998",-16822.126
"8999",-16287.132
"9000",-16904.49
"9001",-16719.286
"9002",-16746.762
"9003",-17172.11
"9004",-16548.682
"9005",-16604.048
"9006",-16632.12
"9007",-16568.413
"9008",-16774.772
"9009",-16699.396
"9010",-16647.055
"9011",-16956.979
"9012",-16659.68
"9013",-17203.191
"9014",-16791.959
"9015",-17300.988
"9016",-16601.56
"9017",-16662.321
"9018",-16576.376
"9019",-16939.58
"9020",-16588.172
"9021",-16307.244
"9022",-17029.774
"9023",-16845.287
"9024",-17671.551
"9025",-16875.992
"9026",-16578.598
"9027",-16950.248
"9028",-17006.165
"9029",-16537.309
"9030",-16733.439
"9031",-16340.296
"9032",-16998.916
"9033",-16608.624
"9034",-16761.406
"9035",-16875.64
"9036",-16599.807
"9037",-17499.615
"9038",-16877.318
"9039",-17416.921
"9040",-16938.317
"9041",-16927.853
"9042",-16996.007
"9043",-16559.164
"9044",-16789.122
"9045",-16912.1
"9046",-16765.385
"9047",-17160.839
"9048",-16893.204
"9049",-17444.324
"9050",-16632.368
"9051",-16871.092
"9052",-16818.276
"9053",-16398.392
"9054",-17377.714
"9055",-16615.878
"9056",-16816.422
"9057",-16734.538
"9058",-17234.18
"9059",-16465.343
"9060",-16464.531
"9061",-17093.309
"9062",-16846.414
"9063",-16610.269
"9064",-16974.68
"9065",-16751.539
"9066",-17042.567
"9067",-16505.518
"9068",-16519.387
"9069",-16902.166
"9070",-16697.741
"9071",-17097.279
"9072",-16689.064
"9073",-16617.546
"9074",-16048.164
"9075",-16818.566
"9076",-16375.479
"9077",-16847.865
"9078",-17140.875
"9079",-16805.541
"9080",-17316.464
"9081",-16264.103
"9082",-16370.508
"9083",-16749.656
"9084",-17071.038
"9085",-17015.379
"9086",-17302.157
"9087",-16434.654
"9088",-17048.17
"9089",-16676.613
"9090",-16687.53
"9091",-16715.914
"9092",-17033.256
"9093",-17014.546
"9094",-16543.857
"9095",-16943.374
"9096",-16914.825
"9097",-16735.255
"9098",-16824.628
"9099",-17068.847
"9100",-17094.796
"9101",-16622.971
"9102",-16571.752
"9103",-16558.076
"9104",-16702.542
"9105",-16357.217
"9106",-17244.171
"9107",-16613.405
"9108",-16634.422
"9109",-16804.59
"9110",-16808.952
"9111",-16973.297
"9112",-16412.12
"9113",-16726.412
"9114",-16780.247
"9115",-16670.918
"9116",-16874.479
"9117",-17273.54
"9118",-16997.619
"9119",-16890.216
"9120",-16641.784
"9121",-17188.891
"9122",-16845.89
"9123",-16799.191
"9124",-17238.521
"9125",-16565.719
"9126",-16824.975
"9127",-16437.459
"9128",-16704.238
"9129",-17063.183
"9130",-16907.62
"9131",-16675.499
"9132",-17258.241
"9133",-16952.953
"9134",-16670.165
"9135",-16988.882
"9136",-16754.477
"9137",-16476.884
"9138",-16262.359
"9139",-16513.177
"9140",-17166.74
"9141",-16556.008
"9142",-16511.546
"9143",-16984.042
"9144",-16313.184
"9145",-17135.87
"9146",-17008.61
"9147",-16567.239
"9148",-16632.827
"9149",-16713.692
"9150",-16795.749
"9151",-16509.97
"9152",-16550.857
"9153",-16504.582
"9154",-16615.627
"9155",-17118.972
"9156",-17203.223
"9157",-16848.425
"9158",-16981.404
"9159",-16673.371
"9160",-16823.446
"9161",-16746.99
"9162",-16920.928
"9163",-16684.858
"9164",-16654.056
"9165",-16600.679
"9166",-16605.092
"9167",-16402.886
"9168",-16900.715
"9169",-16764.761
"9170",-16650.17
"9171",-17339.343
"9172",-16437.424
"9173",-17267.67
"9174",-17154.5
"9175",-16732.461
"9176",-16471.832
"9177",-17163.693
"9178",-16396.618
"9179",-17086.335
"9180",-16905.174
"9181",-16809.848
"9182",-17145.689
"9183",-17396.976
"9184",-16922.102
"9185",-16674.098
"9186",-17325.476
"9187",-17121.857
"9188",-16809.124
"9189",-16004.317
"9190",-16713.627
"9191",-16794.059
"9192",-16375.955
"9193",-16438.77
"9194",-17109.467
"9195",-16301.732
"9196",-16923.084
"9197",-16758.433
"9198",-16819.769
"9199",-16792.542
"9200",-17121.276
"9201",-16941.155
"9202",-17161.294
"9203",-16979.918
"9204",-17001.139
"9205",-16481.392
"9206",-16425.577
"9207",-16789.129
"9208",-16709.846
"9209",-17129.667
"9210",-16650.389
"9211",-16357.448
"9212",-16977.987
"9213",-16427.348
"9214",-16932.9
"9215",-16698.724
"9216",-16632.501
"9217",-17136.244
"9218",-16740.415
"9219",-16519.469
"9220",-16898.208
"9221",-16371.933
"9222",-17422.593
"9223",-17251.278
"9224",-17209.874
"9225",-16482.657
"9226",-16646.273
"9227",-16747.582
"9228",-16964.362
"9229",-16793.842
"9230",-17092.079
"9231",-17110.355
"9232",-17007.498
"9233",-16851.442
"9234",-16833.515
"9235",-16567.203
"9236",-17339.502
"9237",-16500.179
"9238",-16946.926
"9239",-17264.414
"9240",-16755.419
"9241",-16746.305
"9242",-17019.241
"9243",-16776.414
"9244",-16366.738
"9245",-16557.504
"9246",-17323.996
"9247",-16558.83
"9248",-16432.898
"9249",-16664.532
"9250",-17238.239
"9251",-16205.276
"9252",-17276.059
"9253",-16658.294
"9254",-16837.309
"9255",-16796.842
"9256",-16774.505
"9257",-16862.095
"9258",-16305.34
"9259",-16547.836
"9260",-16711.823
"9261",-16536.62
"9262",-17243.685
"9263",-16769.884
"9264",-16755.721
"9265",-16736.811
"9266",-17036.653
"9267",-16442.877
"9268",-16723.988
"9269",-16206.023
"9270",-16509.202
"9271",-16773.751
"9272",-16611.545
"9273",-16633.416
"9274",-16415.474
"9275",-16777.583
"9276",-17125.595
"9277",-16729.316
"9278",-16700.35
"9279",-16895.206
"9280",-16553.635
"9281",-16823.935
"9282",-16747.342
"9283",-16710.068
"9284",-17153.008
"9285",-16892.899
"9286",-17159.03
"9287",-17368.587
"9288",-16645.499
"9289",-17085.391
"9290",-17168.313
"9291",-16594.805
"9292",-16832.613
"9293",-16534.848
"9294",-16773.726
"9295",-16755.174
"9296",-16709.814
"9297",-17029.079
"9298",-16313.641
"9299",-16810.307
"9300",-16585.172
"9301",-16582.687
"9302",-16383.943
"9303",-16882.838
"9304",-16430.388
"9305",-16809.818
"9306",-16644.318
"9307",-16790.845
"9308",-16723.509
"9309",-16942.333
"9310",-16578.653
"9311",-16694.098
"9312",-17032.934
"9313",-16639.976
"9314",-16086.451
"9315",-16398.609
"9316",-16866.1
"9317",-16245.468
"9318",-16973.669
"9319",-17169.844
"9320",-17028.676
"9321",-16849.347
"9322",-16758.423
"9323",-16227.531
"9324",-17070.295
"9325",-16972.918
"9326",-16597.485
"9327",-16718.204
"9328",-16977.057
"9329",-16654.596
"9330",-16877.97
"9331",-17232.677
"9332",-16406.76
"9333",-16983.228
"9334",-16986.785
"9335",-16511.785
"9336",-16104.994
"9337",-16944.932
"9338",-16556.398
"9339",-17043.916
"9340",-16816.578
"9341",-16683.191
"9342",-17287.716
"9343",-16827.496
"9344",-16950.364
"9345",-16779.051
"9346",-16591.71
"9347",-16551.96
"9348",-16760.929
"9349",-16814.81
"9350",-16384.771
"9351",-16441.019
"9352",-16383.926
"9353",-16752.104
"9354",-16421.031
"9355",-16887.468
"9356",-17050.038
"9357",-16956.01
"9358",-16968.735
"9359",-16440.906
"9360",-16617.525
"9361",-16295.886
"9362",-16921.771
"9363",-16983.537
"9364",-16462.123
"9365",-16381.455
"9366",-16830.909
"9367",-17007.376
"9368",-16706.879
"9369",-16240.879
"9370",-16499.801
"9371",-16765.689
"9372",-17028.345
"9373",-16099.02
"9374",-17076.27
"9375",-16811.282
"9376",-16977.474
"9377",-17134.829
"9378",-16787.657
"9379",-16807.022
"9380",-16553.086
"9381",-16813.999
"9382",-16648.851
"9383",-17072.015
"9384",-17042.739
"9385",-16796.772
"9386",-16841.262
"9387",-16378.481
"9388",-16574.169
"9389",-17157.361
"9390",-16889.724
"9391",-16986.556
"9392",-17242.102
"9393",-16482.421
"9394",-16672.233
"9395",-17305.247
"9396",-17292.13
"9397",-16868.029
"9398",-16799.927
"9399",-16562.483
"9400",-16920.617
"9401",-16926.703
"9402",-16376.25
"9403",-16980.405
"9404",-17148.717
"9405",-16832.718
"9406",-16472.825
"9407",-16961.107
"9408",-16961.677
"9409",-16605.824
"9410",-16931.184
"9411",-16509.302
"9412",-16776.463
"9413",-16474.012
"9414",-17578.001
"9415",-16853.727
"9416",-16620.936
"9417",-16784.73
"9418",-16876.156
"9419",-16941.866
"9420",-17254.808
"9421",-17117.858
"9422",-17171.04
"9423",-16666.444
"9424",-16744.386
"9425",-17114.749
"9426",-16947.845
"9427",-17054.235
"9428",-16573.535
"9429",-16910.828
"9430",-16887.688
"9431",-16766.381
"9432",-16787.954
"9433",-16857.711
"9434",-17025.587
"9435",-17228.301
"9436",-17032.924
"9437",-16988.73
"9438",-16575.348
"9439",-16317.9
"9440",-16910.628
"9441",-16566.784
"9442",-17123.253
"9443",-16657.464
"9444",-16489.994
"9445",-16921.74
"9446",-16840.868
"9447",-16485.707
"9448",-17173.44
"9449",-16651.422
"9450",-17024.493
"9451",-16797.518
"9452",-16798.873
"9453",-16653.398
"9454",-16708.633
"9455",-16732.549
"9456",-16864.817
"9457",-16662.022
"9458",-16804.127
"9459",-16473.989
"9460",-16814.005
"9461",-16727.205
"9462",-16749.67
"9463",-16813.886
"9464",-17245.274
"9465",-16967.13
"9466",-16973.574
"9467",-16917.377
"9468",-16640.011
"9469",-17033.255
"9470",-17156.977
"9471",-16638.245
"9472",-17065.773
"9473",-16559.952
"9474",-16788.118
"9475",-16646.421
"9476",-16683.294
"9477",-16925.292
"9478",-16380.505
"9479",-16921.268
"9480",-16532.769
"9481",-17062.722
"9482",-16956.198
"9483",-17146.432
"9484",-16679.597
"9485",-16413.036
"9486",-16358.77
"9487",-17224.259
"9488",-17006.02
"9489",-16444.756
"9490",-16860.745
"9491",-16872.347
"9492",-16733.366
"9493",-16915.158
"9494",-16269.468
"9495",-17454.96
"9496",-16607.387
"9497",-16673.925
"9498",-16489.428
"9499",-16666.945
"9500",-16517.583
"9501",-16634.706
"9502",-16957.279
"9503",-17073.912
"9504",-16744.053
"9505",-16860.184
"9506",-16458.256
"9507",-16762.255
"9508",-16628.67
"9509",-17063.19
"9510",-16644.842
"9511",-16732.518
"9512",-16985.866
"9513",-17069.968
"9514",-16758.329
"9515",-16816.799
"9516",-16663.328
"9517",-16505.106
"9518",-16769.106
"9519",-16395.924
"9520",-17344.557
"9521",-16760.928
"9522",-16273.06
"9523",-17166.765
"9524",-16966.101
"9525",-16530.483
"9526",-17048.644
"9527",-16914.251
"9528",-17152.395
"9529",-16779.333
"9530",-16550.843
"9531",-16847.418
"9532",-17046.154
"9533",-17027.616
"9534",-16729.829
"9535",-16959.789
"9536",-16553.936
"9537",-16750.97
"9538",-16466.941
"9539",-16695.153
"9540",-16977.356
"9541",-16665.498
"9542",-16862.72
"9543",-16839.002
"9544",-16824.346
"9545",-16913.204
"9546",-16831.237
"9547",-16683.347
"9548",-16957.264
"9549",-16100.994
"9550",-16707.745
"9551",-17040.776
"9552",-16609.242
"9553",-16478.918
"9554",-16747.74
"9555",-16593.686
"9556",-16804.883
"9557",-16518.591
"9558",-16743.973
"9559",-16774.997
"9560",-17120.429
"9561",-16490.822
"9562",-16961.44
"9563",-17019.468
"9564",-16691.751
"9565",-16317.113
"9566",-16143.943
"9567",-16929.864
"9568",-16511.158
"9569",-16931.178
"9570",-16405.976
"9571",-16653.624
"9572",-16415.074
"9573",-16702.759
"9574",-17088.639
"9575",-16505.808
"9576",-17212.319
"9577",-16868.646
"9578",-16811.197
"9579",-16620.362
"9580",-16688.7
"9581",-16826.474
"9582",-16449.901
"9583",-16932.635
"9584",-16528.756
"9585",-16920.187
"9586",-16648.597
"9587",-17108.758
"9588",-16762.215
"9589",-16945.449
"9590",-17474.159
"9591",-16650.414
"9592",-17124.06
"9593",-17038.251
"9594",-16616.063
"9595",-16819.358
"9596",-16728.245
"9597",-16502.259
"9598",-16775.045
"9599",-17056.11
"9600",-16328.231
"9601",-16898.136
"9602",-16736.318
"9603",-17301.99
"9604",-17080.566
"9605",-16557.478
"9606",-16686.347
"9607",-16776.085
"9608",-16997
"9609",-16584.167
"9610",-16973.486
"9611",-16479.93
"9612",-16336.237
"9613",-16781.231
"9614",-16714.175
"9615",-16693.582
"9616",-16658.185
"9617",-16738.239
"9618",-16361.754
"9619",-16562.167
"9620",-16458.485
"9621",-16720.34
"9622",-16817.992
"9623",-16946.067
"9624",-16877.516
"9625",-16606.813
"9626",-17063.493
"9627",-16990.654
"9628",-16701.346
"9629",-17231.89
"9630",-16946.864
"9631",-16672.96
"9632",-16951.505
"9633",-16814.25
"9634",-16784.183
"9635",-16809.582
"9636",-16445.861
"9637",-17127.957
"9638",-16733.369
"9639",-16798.97
"9640",-16887.021
"9641",-16969.354
"9642",-16547.385
"9643",-17200.039
"9644",-17402.309
"9645",-16856.295
"9646",-16868.638
"9647",-16974.121
"9648",-16863.424
"9649",-16455.069
"9650",-16909.873
"9651",-16972.933
"9652",-17362.564
"9653",-16638.737
"9654",-16697.93
"9655",-16530.648
"9656",-17011.751
"9657",-17089.366
"9658",-16892.376
"9659",-16842.747
"9660",-16832.458
"9661",-16909.671
"9662",-16976.163
"9663",-16928.086
"9664",-16693.331
"9665",-16328.286
"9666",-16746.662
"9667",-17164.156
"9668",-17143.986
"9669",-16871.274
"9670",-17119.841
"9671",-16591.925
"9672",-16922.77
"9673",-17086.223
"9674",-16725.036
"9675",-16609.151
"9676",-17062.483
"9677",-16614.199
"9678",-16160.304
"9679",-16995.144
"9680",-16639.024
"9681",-16760.142
"9682",-16894.376
"9683",-16912.073
"9684",-16885.367
"9685",-16369.205
"9686",-16534.245
"9687",-17142.752
"9688",-16899.32
"9689",-17040.092
"9690",-16833.584
"9691",-16459.999
"9692",-17165.787
"9693",-16321.125
"9694",-17183.212
"9695",-16944.83
"9696",-17048.684
"9697",-16903.323
"9698",-17091.98
"9699",-16841.99
"9700",-17073.226
"9701",-16274.644
"9702",-16899.7
"9703",-16630.631
"9704",-17043.269
"9705",-16700.572
"9706",-17216.705
"9707",-16877.981
"9708",-16598.16
"9709",-16082.709
"9710",-17163.167
"9711",-16556.099
"9712",-16714.837
"9713",-17052.741
"9714",-16654.011
"9715",-16965.747
"9716",-16723.831
"9717",-16869.15
"9718",-16787.407
"9719",-16217.666
"9720",-17003.652
"9721",-16859.28
"9722",-16598.852
"9723",-16713.556
"9724",-17132.355
"9725",-16617.414
"9726",-16403.244
"9727",-16866.295
"9728",-16488.555
"9729",-16965.887
"9730",-16672.847
"9731",-16614.931
"9732",-16858.161
"9733",-16662.948
"9734",-16871.679
"9735",-16423.512
"9736",-16867.548
"9737",-16860.879
"9738",-16725.576
"9739",-16830.803
"9740",-16624.029
"9741",-16822.608
"9742",-17628.612
"9743",-16977.996
"9744",-16595.751
"9745",-16942.515
"9746",-16899.546
"9747",-16826.648
"9748",-17301.983
"9749",-16943.743
"9750",-16615.193
"9751",-16645.261
"9752",-16388.889
"9753",-16767.206
"9754",-16751.494
"9755",-16426.831
"9756",-17030.831
"9757",-16912.992
"9758",-16450.642
"9759",-16450.237
"9760",-16534.284
"9761",-17097.925
"9762",-16965.191
"9763",-16555.699
"9764",-16763.111
"9765",-16990.111
"9766",-16757.388
"9767",-17027.717
"9768",-16846.167
"9769",-17117.755
"9770",-17046.564
"9771",-16771.835
"9772",-16950.792
"9773",-16590.509
"9774",-16724.052
"9775",-16697.398
"9776",-16507.28
"9777",-16643.197
"9778",-16728.799
"9779",-16943.053
"9780",-17356.315
"9781",-16803.622
"9782",-16594.562
"9783",-17190.774
"9784",-16461.544
"9785",-16640.169
"9786",-16280.739
"9787",-17067.856
"9788",-17154.068
"9789",-16611.318
"9790",-16643.273
"9791",-17078.206
"9792",-17212.233
"9793",-17377.4
"9794",-16989.153
"9795",-16811.69
"9796",-16527.986
"9797",-16999.084
"9798",-16945.16
"9799",-16433.079
"9800",-16925.07
"9801",-16989.604
"9802",-17162.595
"9803",-17074.406
"9804",-17199.505
"9805",-17026.683
"9806",-16753.267
"9807",-17143.97
"9808",-16664.34
"9809",-16669.829
"9810",-16824.595
"9811",-16939.347
"9812",-17240.625
"9813",-16978.517
"9814",-16537.582
"9815",-17322.062
"9816",-16607.736
"9817",-16627.002
"9818",-16940.257
"9819",-17036.094
"9820",-16275.565
"9821",-16583.502
"9822",-16854.899
"9823",-16362.515
"9824",-16853.591
"9825",-16861.91
"9826",-17061.419
"9827",-16899.507
"9828",-16586.473
"9829",-17216.836
"9830",-17081.349
"9831",-16713.967
"9832",-16583.482
"9833",-16574.681
"9834",-16393.072
"9835",-16607.185
"9836",-17072.114
"9837",-16580.813
"9838",-16437.634
"9839",-16895.587
"9840",-16834.055
"9841",-17300.627
"9842",-17172.824
"9843",-16947.408
"9844",-16445.65
"9845",-16785.234
"9846",-16696.363
"9847",-16824.757
"9848",-16432.919
"9849",-16533.211
"9850",-16534.992
"9851",-16770.251
"9852",-16853.447
"9853",-16468.027
"9854",-17042.847
"9855",-16602.55
"9856",-16916.112
"9857",-16539.934
"9858",-16980.71
"9859",-16780.907
"9860",-17512.421
"9861",-16445.903
"9862",-16312.025
"9863",-16506.616
"9864",-16515.636
"9865",-16891.844
"9866",-17101.476
"9867",-16727.413
"9868",-16742.991
"9869",-16821.06
"9870",-16371.925
"9871",-16505.673
"9872",-17046.341
"9873",-16304.324
"9874",-17362.996
"9875",-16823.836
"9876",-16502.747
"9877",-16859.741
"9878",-16908.748
"9879",-16646.147
"9880",-16611.825
"9881",-16422.204
"9882",-16777.814
"9883",-16705.542
"9884",-17056.634
"9885",-17202.756
"9886",-17217.307
"9887",-17192.653
"9888",-16963.122
"9889",-16678.79
"9890",-16990.009
"9891",-16853.256
"9892",-16264.073
"9893",-16656.315
"9894",-16572.149
"9895",-16746.243
"9896",-16787.171
"9897",-16979.062
"9898",-16448.204
"9899",-17026.112
"9900",-17299.104
"9901",-16873.024
"9902",-16462.402
"9903",-17317.177
"9904",-16563.385
"9905",-16927.843
"9906",-16434.975
"9907",-16932.477
"9908",-16783.464
"9909",-16798.272
"9910",-16839.216
"9911",-16388.127
"9912",-16422.067
"9913",-16745.324
"9914",-17140.159
"9915",-16881.214
"9916",-17245.592
"9917",-16637.153
"9918",-16407.029
"9919",-16557.046
"9920",-17091.756
"9921",-16858.066
"9922",-16745.389
"9923",-17068.681
"9924",-16815.704
"9925",-16952.272
"9926",-16745.845
"9927",-16800.254
"9928",-17065.237
"9929",-17068.594
"9930",-16814.119
"9931",-17186.592
"9932",-16718.642
"9933",-16660.922
"9934",-16961.506
"9935",-16607.159
"9936",-16949.995
"9937",-16754.087
"9938",-16669.284
"9939",-17118.767
"9940",-16832.333
"9941",-16803.89
"9942",-16905.05
"9943",-16477.226
"9944",-17383.175
"9945",-16652.38
"9946",-17419.564
"9947",-17547.804
"9948",-17106.682
"9949",-16483.823
"9950",-16815.595
"9951",-17054.816
"9952",-16627.343
"9953",-17088.074
"9954",-16540.051
"9955",-16632.747
"9956",-16625.216
"9957",-16887.714
"9958",-16723.859
"9959",-16966.695
"9960",-16609.721
"9961",-16917.86
"9962",-16836.708
"9963",-16738.12
"9964",-16296.164
"9965",-16986.843
"9966",-16808.619
"9967",-17004.025
"9968",-16338.125
"9969",-16978.05
"9970",-17309.478
"9971",-16649.259
"9972",-17282.638
"9973",-16500.734
"9974",-17401.045
"9975",-16742.149
"9976",-16564.588
"9977",-16554.776
"9978",-16759.372
"9979",-17133.529
"9980",-16612.896
"9981",-17076.14
"9982",-16403.824
"9983",-17166.977
"9984",-17027.738
"9985",-16457.493
"9986",-16633.328
"9987",-16797.377
"9988",-16720.085
"9989",-16997.293
"9990",-16624.015
"9991",-16995.534
"9992",-16550.318
"9993",-16447.567
"9994",-16907.137
"9995",-16942.849
"9996",-16644.294
"9997",-17187.921
"9998",-16720.398
"9999",-17180.497
"10000",-16665.287
