"","x"
"1",-16757.088
"2",-17036.63
"3",-16782.585
"4",-16779.76
"5",-16747.274
"6",-16702.675
"7",-16893.634
"8",-16852.856
"9",-16929.837
"10",-16705.178
"11",-16947.106
"12",-17328.31
"13",-16790.739
"14",-17277.371
"15",-16965.785
"16",-16387.924
"17",-17232.633
"18",-16952.637
"19",-17057.357
"20",-16901.791
"21",-16434.625
"22",-17129.463
"23",-16902.152
"24",-16492.271
"25",-16723.587
"26",-16804.063
"27",-17096.936
"28",-16657.553
"29",-16824.824
"30",-16844.443
"31",-16622.376
"32",-16741.758
"33",-17141.225
"34",-16783.879
"35",-16766.629
"36",-16241.828
"37",-17034.929
"38",-16705.328
"39",-16468.678
"40",-16837.163
"41",-16595.336
"42",-16506.307
"43",-16472.195
"44",-16473.571
"45",-16770.759
"46",-16573.394
"47",-16716.961
"48",-17048.553
"49",-16941.829
"50",-16774.571
"51",-16574.633
"52",-17140.839
"53",-17126.115
"54",-16697.115
"55",-16382.322
"56",-16906.403
"57",-16781.614
"58",-16910.341
"59",-16689.022
"60",-16441.28
"61",-16774.19
"62",-16955.727
"63",-16998.177
"64",-16735.959
"65",-17005.532
"66",-16391.098
"67",-16802.368
"68",-16224.698
"69",-16834.615
"70",-17087.345
"71",-16174.82
"72",-16976.393
"73",-16422.692
"74",-16609.803
"75",-17077.683
"76",-16523.554
"77",-17011.871
"78",-16816.211
"79",-16890.967
"80",-16198.298
"81",-16552.712
"82",-16686.047
"83",-16713.386
"84",-16808.131
"85",-16736.419
"86",-17055.374
"87",-16724.941
"88",-16743.491
"89",-16982.339
"90",-16424.331
"91",-17092.677
"92",-16596.116
"93",-16880.828
"94",-16461.812
"95",-16732.048
"96",-16510.178
"97",-17321.592
"98",-16634.487
"99",-17193.236
"100",-16597.098
"101",-17115.961
"102",-16412.656
"103",-17008.522
"104",-17169.474
"105",-17328.842
"106",-15782.301
"107",-16839.703
"108",-17187.36
"109",-16962.203
"110",-17039.114
"111",-16551.119
"112",-16781.346
"113",-17180.639
"114",-16804.643
"115",-16997.115
"116",-17037.956
"117",-17212.045
"118",-16762.07
"119",-16737.694
"120",-16784.003
"121",-16832.537
"122",-16809.92
"123",-17192.039
"124",-16706.023
"125",-16824.419
"126",-17329.166
"127",-16923.092
"128",-16930.74
"129",-16693.204
"130",-16991.544
"131",-17269.264
"132",-17116.192
"133",-16684.461
"134",-16893.883
"135",-16891.752
"136",-16674.93
"137",-16734.448
"138",-16824.188
"139",-16847.649
"140",-17085.353
"141",-16998.429
"142",-17182.256
"143",-16769.176
"144",-16991.948
"145",-16764.714
"146",-16756.481
"147",-16507.047
"148",-16717.268
"149",-16705.964
"150",-16586.681
"151",-17336.98
"152",-16678.144
"153",-16290.541
"154",-16942.894
"155",-17231.217
"156",-16883.891
"157",-16403.949
"158",-16587.881
"159",-17248.493
"160",-16927.404
"161",-16806.546
"162",-16719.449
"163",-17126.014
"164",-16703.006
"165",-17183.949
"166",-16821.683
"167",-16936.057
"168",-16509.121
"169",-16843.682
"170",-16935.37
"171",-17408.742
"172",-17124.001
"173",-16657.948
"174",-16780.254
"175",-16370.172
"176",-16379.674
"177",-16593.204
"178",-16681.599
"179",-16494.143
"180",-17166.215
"181",-16581.254
"182",-16462.017
"183",-16754.688
"184",-16701.485
"185",-17248.861
"186",-16536.898
"187",-16693.204
"188",-16082.221
"189",-16531.433
"190",-16906.476
"191",-17173.234
"192",-16480.985
"193",-16807.782
"194",-16737.85
"195",-16826.281
"196",-16529.521
"197",-16553.783
"198",-17295.734
"199",-16555.618
"200",-16976.337
"201",-16766.128
"202",-16667.256
"203",-16709.262
"204",-16680.197
"205",-16903.468
"206",-16695.905
"207",-16955.623
"208",-16761.254
"209",-17329.925
"210",-16745.296
"211",-17302.631
"212",-16335.85
"213",-16911.504
"214",-15932.285
"215",-16688.729
"216",-17027.743
"217",-17016.996
"218",-16990.944
"219",-16797.714
"220",-17206.967
"221",-17015.184
"222",-16386.726
"223",-17060.534
"224",-17384.962
"225",-16751.488
"226",-17135.597
"227",-16958.166
"228",-17445.746
"229",-16663.479
"230",-16577.021
"231",-17048.401
"232",-16721.069
"233",-16947.18
"234",-16829.64
"235",-16639.021
"236",-16817.404
"237",-16598.867
"238",-16819.626
"239",-17175.899
"240",-16478.234
"241",-16684.771
"242",-16759.711
"243",-16853.362
"244",-16778.167
"245",-17022.292
"246",-16524.931
"247",-16949.541
"248",-16610.253
"249",-16726.436
"250",-16525.284
"251",-16563.93
"252",-17464.96
"253",-16620.16
"254",-16541.178
"255",-16661.297
"256",-16727.338
"257",-16654.944
"258",-17016.297
"259",-17256.058
"260",-17354.56
"261",-16831.157
"262",-16696.095
"263",-16346.165
"264",-16684.091
"265",-17023.262
"266",-16139.964
"267",-16642.721
"268",-16783.668
"269",-16626.754
"270",-16390.191
"271",-16760.662
"272",-16151.451
"273",-17168.534
"274",-16865.706
"275",-16477.467
"276",-16716.357
"277",-17209.406
"278",-17051.603
"279",-17232.995
"280",-16507.76
"281",-16541.214
"282",-17086.001
"283",-16735.928
"284",-17303.042
"285",-16593.751
"286",-16880.765
"287",-17076.272
"288",-16492.78
"289",-16719.731
"290",-16693.898
"291",-16514.017
"292",-16778.301
"293",-16626.707
"294",-16635.727
"295",-17341.846
"296",-17054.69
"297",-16728.649
"298",-16677.98
"299",-16465.843
"300",-17270.454
"301",-16966.814
"302",-16688.352
"303",-17342.123
"304",-16623.628
"305",-16974.724
"306",-17022.272
"307",-16575.499
"308",-16857.428
"309",-16657.579
"310",-16708.632
"311",-16681.77
"312",-16945.094
"313",-16884.182
"314",-16799.229
"315",-16791.743
"316",-17149.588
"317",-16728.187
"318",-16692.784
"319",-16542.215
"320",-16452.699
"321",-16800.942
"322",-17292.812
"323",-16890.097
"324",-17371.58
"325",-16806.101
"326",-16852.955
"327",-17098.562
"328",-17036.262
"329",-16621.319
"330",-16801.436
"331",-16915.747
"332",-16452.036
"333",-16835.436
"334",-16892.907
"335",-16263.797
"336",-17261.005
"337",-16574.686
"338",-16898.461
"339",-16861.598
"340",-17247.209
"341",-16898.022
"342",-16933.172
"343",-16752.158
"344",-16729.279
"345",-16662.688
"346",-17056.859
"347",-16605.822
"348",-16263.254
"349",-17033.057
"350",-16879.239
"351",-16666.113
"352",-16851.856
"353",-17225.786
"354",-17035.3
"355",-16586.805
"356",-16408.245
"357",-16677.465
"358",-17232.638
"359",-16904.828
"360",-16971.623
"361",-16808.106
"362",-16511.869
"363",-17033.944
"364",-16731.061
"365",-17246.201
"366",-17008.341
"367",-16750.645
"368",-16933.497
"369",-17009.197
"370",-16766.96
"371",-16507.203
"372",-16803.872
"373",-16914.988
"374",-17062.334
"375",-17123.879
"376",-17388.425
"377",-16238.354
"378",-17404.814
"379",-16965.646
"380",-16487.122
"381",-16908.564
"382",-16754.594
"383",-16869.534
"384",-17065.115
"385",-16917.816
"386",-17461.967
"387",-16895.986
"388",-16821.128
"389",-16716.744
"390",-16459.983
"391",-16741.675
"392",-16899.312
"393",-17284.553
"394",-16771.266
"395",-16975.697
"396",-16856.842
"397",-16744.041
"398",-16558.684
"399",-16712.479
"400",-17403.021
"401",-16830.92
"402",-17126.829
"403",-16898.979
"404",-16691.737
"405",-16490.286
"406",-17068.521
"407",-16947.836
"408",-16792.836
"409",-16567.215
"410",-16602.226
"411",-16945.838
"412",-16653.524
"413",-16944.694
"414",-16895.042
"415",-16597.479
"416",-16649.503
"417",-16826.067
"418",-17100.627
"419",-16901.45
"420",-16600.142
"421",-16445.554
"422",-16622.597
"423",-17011.138
"424",-16842.029
"425",-16784.285
"426",-16590.357
"427",-16741.677
"428",-16403.448
"429",-16842.631
"430",-16632.575
"431",-16649.226
"432",-17303.178
"433",-17027.948
"434",-17117.858
"435",-16298.389
"436",-16931.628
"437",-16816.184
"438",-17076.788
"439",-17117.786
"440",-17115.969
"441",-17175.25
"442",-16810.704
"443",-16556.052
"444",-16939.078
"445",-16634.061
"446",-17101.014
"447",-17260.591
"448",-17178.834
"449",-16663.188
"450",-16318.476
"451",-16812.895
"452",-16370.95
"453",-17092.583
"454",-16764.942
"455",-16772.976
"456",-16971.811
"457",-16983.587
"458",-16983.787
"459",-16858.235
"460",-16429.536
"461",-16782.077
"462",-16966.082
"463",-16437.118
"464",-16938.467
"465",-17010.379
"466",-17033.45
"467",-16672.676
"468",-16514.474
"469",-16921.75
"470",-16723.381
"471",-16620.416
"472",-17034.059
"473",-16852.378
"474",-16703.809
"475",-17012.093
"476",-16505.215
"477",-16868.635
"478",-16698.56
"479",-16784.677
"480",-16775.858
"481",-17039.31
"482",-16376.649
"483",-16717.596
"484",-17021.709
"485",-16474.347
"486",-16922.013
"487",-16598.789
"488",-17077.99
"489",-17153.378
"490",-17052.426
"491",-16562.748
"492",-16135.044
"493",-16860.505
"494",-16780.06
"495",-17086.3
"496",-16866.843
"497",-16759.096
"498",-17510.783
"499",-16975.971
"500",-16741.638
"501",-16345.021
"502",-16981.241
"503",-16406.32
"504",-17193.084
"505",-16852.205
"506",-16876.153
"507",-16583.629
"508",-16476.641
"509",-16807.509
"510",-16260.968
"511",-16344.616
"512",-16887.555
"513",-16554.196
"514",-16949.513
"515",-16573.929
"516",-16502.253
"517",-16400.36
"518",-16576.345
"519",-17131.562
"520",-16778.601
"521",-16890.22
"522",-16765.929
"523",-16972.363
"524",-17042.345
"525",-16824.763
"526",-16359.263
"527",-16404.91
"528",-16534.297
"529",-16559.845
"530",-17191.213
"531",-16589.535
"532",-17003.574
"533",-17194.868
"534",-17062.407
"535",-16939.38
"536",-16752.908
"537",-16688.536
"538",-16625.286
"539",-16205.815
"540",-16340.926
"541",-16749.902
"542",-16462.124
"543",-17104.541
"544",-17140.417
"545",-16699.895
"546",-16891.046
"547",-16892.802
"548",-17163.52
"549",-17140.163
"550",-17017.576
"551",-16768.944
"552",-16640.657
"553",-16950.741
"554",-16891.696
"555",-16955.391
"556",-16666.206
"557",-16689.772
"558",-16352.78
"559",-16774.987
"560",-17116.262
"561",-16227.444
"562",-16858.695
"563",-16951.615
"564",-16395.213
"565",-16918.234
"566",-16723.945
"567",-16704.535
"568",-16385.012
"569",-16983.289
"570",-16627.794
"571",-17203.458
"572",-16927.332
"573",-16440.092
"574",-16911.091
"575",-16685.76
"576",-17325.94
"577",-17086.097
"578",-16404.87
"579",-16562.428
"580",-16750.717
"581",-16648.711
"582",-16949.271
"583",-16701.001
"584",-16337.953
"585",-16860.444
"586",-16582.596
"587",-16707.13
"588",-16371.975
"589",-16670.586
"590",-16416.751
"591",-16565.986
"592",-16511.902
"593",-16380.002
"594",-16585.444
"595",-16725.23
"596",-16554.65
"597",-16825.861
"598",-16816.188
"599",-16704.989
"600",-16793.973
"601",-16664.149
"602",-17152.362
"603",-16649.127
"604",-16762.402
"605",-17229.736
"606",-16804.905
"607",-16744.637
"608",-16823.019
"609",-16741.826
"610",-17070.139
"611",-16360.236
"612",-16458.662
"613",-16436.402
"614",-17088.085
"615",-16724.45
"616",-16687.634
"617",-16310.284
"618",-16676.616
"619",-17197.6
"620",-17203.874
"621",-16430.249
"622",-16942.017
"623",-17307.057
"624",-16685.391
"625",-16861.257
"626",-17181.497
"627",-16303.002
"628",-17162.659
"629",-16757.21
"630",-17221.142
"631",-16715.529
"632",-16365.322
"633",-16352.597
"634",-17020.278
"635",-16625.431
"636",-16983.031
"637",-16635.822
"638",-16794.14
"639",-16697.105
"640",-16586.161
"641",-16878.003
"642",-16747.135
"643",-16972.252
"644",-16460.083
"645",-17115.152
"646",-16387.063
"647",-16693.558
"648",-16617.799
"649",-16491.734
"650",-17176.563
"651",-16404.861
"652",-16806.379
"653",-16426.194
"654",-17190.512
"655",-16849.206
"656",-17283.575
"657",-16909.684
"658",-16694.912
"659",-16984.91
"660",-16985.614
"661",-16186.018
"662",-17067.853
"663",-16277.121
"664",-16865.004
"665",-16889.955
"666",-17044.733
"667",-16898.421
"668",-17190.538
"669",-16783.74
"670",-16819.65
"671",-17318.429
"672",-16456.582
"673",-16516.13
"674",-16666.951
"675",-16842.843
"676",-16860.082
"677",-16743.753
"678",-16561.74
"679",-16428.212
"680",-16850.83
"681",-17046.461
"682",-17220.735
"683",-16394.751
"684",-16809.098
"685",-17054.372
"686",-16699.629
"687",-17334.228
"688",-16427.502
"689",-16625.841
"690",-16589.238
"691",-16866.35
"692",-17043.473
"693",-16651.765
"694",-16936.721
"695",-17115.155
"696",-16450.006
"697",-16316.753
"698",-17087.395
"699",-16281.342
"700",-17365.783
"701",-16990.963
"702",-16170.566
"703",-16574.239
"704",-16701.966
"705",-16806.503
"706",-16839.716
"707",-16380.662
"708",-17275.4
"709",-17079.64
"710",-16841.448
"711",-16705.46
"712",-16879.642
"713",-16490.233
"714",-16691.663
"715",-16100.945
"716",-16782.65
"717",-16635.988
"718",-16647.076
"719",-16943.18
"720",-17004.233
"721",-16662.346
"722",-16995.765
"723",-17017.197
"724",-16902.005
"725",-16995.208
"726",-17383.688
"727",-16620.992
"728",-17088.673
"729",-17378.863
"730",-17121.088
"731",-16892.766
"732",-16367.152
"733",-17075.166
"734",-16717.558
"735",-17118.688
"736",-17038.069
"737",-16898.788
"738",-16237.284
"739",-16615.945
"740",-16604.921
"741",-16875.807
"742",-16886.857
"743",-16644.788
"744",-16945.662
"745",-16458.237
"746",-16541.608
"747",-16286.024
"748",-16805.731
"749",-16522.84
"750",-16897.924
"751",-16641.129
"752",-16519.318
"753",-16995.135
"754",-16458.2
"755",-16356.595
"756",-16383.963
"757",-17008.967
"758",-16778.62
"759",-16837.515
"760",-17087.226
"761",-16492.751
"762",-16978.963
"763",-16745.569
"764",-16776.798
"765",-16957.404
"766",-16129.807
"767",-16894.704
"768",-16486.441
"769",-16627.672
"770",-16306.086
"771",-17072.528
"772",-16411.625
"773",-16914.96
"774",-16443.709
"775",-16912.62
"776",-16710.764
"777",-16886.089
"778",-16353.103
"779",-16644.571
"780",-16396.108
"781",-16562.051
"782",-16325.14
"783",-16743.225
"784",-16810.122
"785",-16653.141
"786",-16554.724
"787",-17121.919
"788",-16853.289
"789",-16776.717
"790",-16765.13
"791",-16594.135
"792",-16957.682
"793",-16553.824
"794",-16503.186
"795",-17114.847
"796",-17060.057
"797",-16498.927
"798",-17034.578
"799",-16614.275
"800",-16620.207
"801",-16317.916
"802",-17171.592
"803",-16834.126
"804",-16628.148
"805",-17267.165
"806",-16269.588
"807",-17169.517
"808",-16783.728
"809",-17228.172
"810",-16991
"811",-16741.885
"812",-16820.694
"813",-17300.106
"814",-16980.459
"815",-16432.541
"816",-16523.342
"817",-16444.299
"818",-16850.98
"819",-16260.428
"820",-16167.283
"821",-17169.624
"822",-16940.836
"823",-16562.047
"824",-16843.517
"825",-17029.834
"826",-17034.171
"827",-16814.933
"828",-16677.579
"829",-16848.944
"830",-16665.65
"831",-16396.222
"832",-16984.321
"833",-16878.54
"834",-16396.773
"835",-16779.68
"836",-16651.698
"837",-16745.082
"838",-16473.4
"839",-16734.222
"840",-16611.756
"841",-16567.833
"842",-16952.447
"843",-16924.958
"844",-16882.484
"845",-16935.557
"846",-16929.603
"847",-16846.443
"848",-16697.576
"849",-17373.392
"850",-16773.201
"851",-16907.231
"852",-16690.533
"853",-16857.248
"854",-16928.552
"855",-16690.163
"856",-16821.087
"857",-16994.119
"858",-16729.119
"859",-16643.259
"860",-16859.843
"861",-16578.275
"862",-16480.964
"863",-16484.719
"864",-16827.259
"865",-16746.633
"866",-16892.647
"867",-16790.303
"868",-16574.832
"869",-16663.083
"870",-16836.936
"871",-16855.17
"872",-16727.903
"873",-16906.236
"874",-16427.7
"875",-16581.46
"876",-16576.145
"877",-16847.446
"878",-16347.907
"879",-17156.886
"880",-16774.089
"881",-16458.715
"882",-16242.728
"883",-16443.576
"884",-16455.06
"885",-16268.172
"886",-16944.224
"887",-17218.909
"888",-16716.049
"889",-16755.287
"890",-17117.588
"891",-16948.493
"892",-17015.964
"893",-17084.22
"894",-16459.728
"895",-16666.117
"896",-16881.155
"897",-16788.469
"898",-16653.354
"899",-16797.295
"900",-16878.95
"901",-16326.468
"902",-16547.086
"903",-17161.961
"904",-16501.848
"905",-16983.739
"906",-16771.418
"907",-16824.398
"908",-16917.889
"909",-16844.866
"910",-17007.863
"911",-16847.251
"912",-16511.817
"913",-16756.92
"914",-17534.112
"915",-16920.713
"916",-16882.821
"917",-16436.845
"918",-16383.671
"919",-16959.795
"920",-17052.429
"921",-16688.781
"922",-16521.375
"923",-17273.021
"924",-16688.287
"925",-16296.312
"926",-17182.433
"927",-16571.499
"928",-16835.346
"929",-16810.328
"930",-16812.153
"931",-16988.399
"932",-17090.84
"933",-17040.603
"934",-16851.712
"935",-16824.187
"936",-16431.398
"937",-16932.273
"938",-16358.723
"939",-16555.459
"940",-16874.091
"941",-16465.081
"942",-16751.415
"943",-16846.432
"944",-17017.729
"945",-17080.869
"946",-16602.328
"947",-17204.497
"948",-16826.036
"949",-17010.985
"950",-16965.128
"951",-16848.832
"952",-16369.82
"953",-16698.078
"954",-16574.288
"955",-16839.846
"956",-16764.939
"957",-17008.614
"958",-16987.283
"959",-17004.296
"960",-16777.698
"961",-17162.704
"962",-16850.246
"963",-17012.65
"964",-17010.267
"965",-16729.568
"966",-16921.992
"967",-16997.562
"968",-17387.557
"969",-16988.733
"970",-16918.838
"971",-16598.383
"972",-16743.583
"973",-17518.054
"974",-16668.933
"975",-17095.821
"976",-16692.419
"977",-17096.734
"978",-16506.424
"979",-16672.923
"980",-17077.147
"981",-16685.463
"982",-16648.434
"983",-16755.627
"984",-16922.445
"985",-16481.851
"986",-17004.013
"987",-16950.696
"988",-16929.379
"989",-16857.239
"990",-16122.251
"991",-16928.852
"992",-16722.357
"993",-17148.942
"994",-16497.442
"995",-16526.171
"996",-17245.576
"997",-16729.783
"998",-16376.128
"999",-17023.058
"1000",-17390.443
"1001",-16636.762
"1002",-16672.964
"1003",-16894.295
"1004",-16907.87
"1005",-16909.59
"1006",-16513.985
"1007",-16659.539
"1008",-16500.252
"1009",-16851.934
"1010",-16652.828
"1011",-16773.468
"1012",-16524.44
"1013",-16482.996
"1014",-16873.633
"1015",-16821.11
"1016",-16662.28
"1017",-17149.968
"1018",-16663.119
"1019",-16574.492
"1020",-16412.723
"1021",-16657.375
"1022",-16663.964
"1023",-16869.641
"1024",-17214.074
"1025",-16760.564
"1026",-17061.566
"1027",-16931.293
"1028",-17140.742
"1029",-16922.122
"1030",-16808.853
"1031",-16659.317
"1032",-16930.446
"1033",-17045.055
"1034",-16709.892
"1035",-16764.984
"1036",-16737.737
"1037",-16488.343
"1038",-17018.148
"1039",-16595.384
"1040",-16808.496
"1041",-17003.259
"1042",-17113.476
"1043",-17054.199
"1044",-17210.022
"1045",-16769.364
"1046",-16445.183
"1047",-16835.424
"1048",-16549.747
"1049",-16760.25
"1050",-16921.231
"1051",-16797.392
"1052",-16265.408
"1053",-16649.907
"1054",-16627.419
"1055",-17075.653
"1056",-16590.69
"1057",-16536.338
"1058",-16728.805
"1059",-16717.581
"1060",-16578.119
"1061",-16549.844
"1062",-16653.552
"1063",-17255.273
"1064",-16456.341
"1065",-16896.18
"1066",-16831.063
"1067",-16871.87
"1068",-16925.602
"1069",-17004.059
"1070",-17057.367
"1071",-16903.395
"1072",-16788.476
"1073",-16321.269
"1074",-16665.86
"1075",-17102.432
"1076",-16895.082
"1077",-16831.7
"1078",-17101.855
"1079",-16708.228
"1080",-16909.159
"1081",-16747.313
"1082",-17349.671
"1083",-16748.309
"1084",-16952.034
"1085",-16985.175
"1086",-16699.205
"1087",-16629.418
"1088",-17042.368
"1089",-16744.825
"1090",-16903.811
"1091",-16666.96
"1092",-17164.093
"1093",-16606.929
"1094",-16469.948
"1095",-16305.88
"1096",-17151.034
"1097",-17171.83
"1098",-16496.338
"1099",-16836.527
"1100",-16933.298
"1101",-16342.725
"1102",-16327.284
"1103",-16779.473
"1104",-17138.8
"1105",-16320.235
"1106",-16822.809
"1107",-16744.109
"1108",-16485.789
"1109",-16355.424
"1110",-16938.74
"1111",-16630.771
"1112",-16854.66
"1113",-16725.758
"1114",-16361.942
"1115",-16859.421
"1116",-16472.664
"1117",-16848.502
"1118",-17249.979
"1119",-16596.884
"1120",-16967.683
"1121",-17122.661
"1122",-16472.482
"1123",-16761.606
"1124",-17088.848
"1125",-16671.96
"1126",-17030.59
"1127",-16791.121
"1128",-16851.265
"1129",-16583.93
"1130",-16849.332
"1131",-16484.111
"1132",-17048.506
"1133",-16824.96
"1134",-16599.585
"1135",-16662.925
"1136",-16564.412
"1137",-16983.602
"1138",-16782.951
"1139",-16676.161
"1140",-16242.515
"1141",-16503.216
"1142",-16683.986
"1143",-16677.767
"1144",-16997.162
"1145",-16725.426
"1146",-16787.246
"1147",-16565.535
"1148",-16789.039
"1149",-17292.827
"1150",-17180.439
"1151",-17230.958
"1152",-17167.822
"1153",-16810.781
"1154",-16782.097
"1155",-16584.307
"1156",-17107.639
"1157",-16896.453
"1158",-17032.228
"1159",-16134.16
"1160",-16865.39
"1161",-16659.924
"1162",-16543.523
"1163",-16528.739
"1164",-16967.7
"1165",-16916.09
"1166",-16545.018
"1167",-16751.524
"1168",-16819.61
"1169",-16795.955
"1170",-16876.552
"1171",-16747.779
"1172",-17226.658
"1173",-16850.862
"1174",-16978.245
"1175",-16852.245
"1176",-17221.749
"1177",-17079.775
"1178",-16671.801
"1179",-17010.623
"1180",-17005.115
"1181",-16968.135
"1182",-16727.174
"1183",-16750.753
"1184",-16736.336
"1185",-16889.104
"1186",-16527.554
"1187",-16657.903
"1188",-16742.582
"1189",-17058.964
"1190",-16946.104
"1191",-16358.151
"1192",-16643.708
"1193",-16427.844
"1194",-16499.643
"1195",-16269.578
"1196",-16971.422
"1197",-16455.373
"1198",-16981.56
"1199",-16600.927
"1200",-16817.341
"1201",-16547.558
"1202",-16806.488
"1203",-16197.7
"1204",-16751.578
"1205",-16855.065
"1206",-16890.628
"1207",-16318.647
"1208",-17219.081
"1209",-16969.869
"1210",-16525.815
"1211",-17100.275
"1212",-16980.499
"1213",-16739.401
"1214",-17038.934
"1215",-17151.813
"1216",-17412.135
"1217",-16929.531
"1218",-16456
"1219",-16955.317
"1220",-16734.182
"1221",-16822.978
"1222",-17094.618
"1223",-16859.476
"1224",-16903.653
"1225",-16377.084
"1226",-16735.176
"1227",-16648.787
"1228",-16547.957
"1229",-17348.941
"1230",-16160.6
"1231",-16562.074
"1232",-17000.233
"1233",-16835.486
"1234",-16814.158
"1235",-16580.11
"1236",-16999.737
"1237",-16804.329
"1238",-17058.365
"1239",-16579.91
"1240",-17029.654
"1241",-16368.496
"1242",-16844.679
"1243",-17494.374
"1244",-16765.847
"1245",-16856.688
"1246",-16931.574
"1247",-17288.475
"1248",-16889.612
"1249",-16615.921
"1250",-17139.137
"1251",-17204.529
"1252",-16755.382
"1253",-16989.089
"1254",-17264.84
"1255",-17100.79
"1256",-16803.378
"1257",-16693.535
"1258",-17200.549
"1259",-17143.05
"1260",-16942.546
"1261",-16487.464
"1262",-16979.967
"1263",-16438.31
"1264",-16848.998
"1265",-16832.641
"1266",-16881.485
"1267",-16994.069
"1268",-16692.088
"1269",-16467.933
"1270",-16826.758
"1271",-17128.937
"1272",-16372.832
"1273",-16843.51
"1274",-16703.667
"1275",-16828.604
"1276",-16506.084
"1277",-16821.792
"1278",-16811.995
"1279",-17194.812
"1280",-16530.356
"1281",-16642.927
"1282",-17689.968
"1283",-16902.148
"1284",-16303.75
"1285",-16958.348
"1286",-16781.037
"1287",-17088.675
"1288",-16986.3
"1289",-17106.167
"1290",-16537.149
"1291",-16667.143
"1292",-16839.635
"1293",-16842.978
"1294",-17015.322
"1295",-16957.011
"1296",-17225.047
"1297",-17072.641
"1298",-16573.587
"1299",-16576.816
"1300",-16608.89
"1301",-16949.353
"1302",-16485.753
"1303",-16606.777
"1304",-16800.881
"1305",-16882.4
"1306",-16606.751
"1307",-16780.748
"1308",-17284.841
"1309",-16737.87
"1310",-16872.952
"1311",-16789.639
"1312",-16157.756
"1313",-16855.312
"1314",-17279.842
"1315",-16792.379
"1316",-16391.917
"1317",-16593.79
"1318",-17083.954
"1319",-16310.216
"1320",-16513.312
"1321",-16707.919
"1322",-16679.773
"1323",-16904.157
"1324",-16181.898
"1325",-16616.57
"1326",-17128.118
"1327",-16740.554
"1328",-16788.559
"1329",-16943.039
"1330",-16789.568
"1331",-16715.061
"1332",-17109.233
"1333",-16454.271
"1334",-16940.059
"1335",-16941.966
"1336",-16632.763
"1337",-16463.048
"1338",-16784.182
"1339",-16856.925
"1340",-16541.103
"1341",-16801.133
"1342",-16434.657
"1343",-16256.535
"1344",-17051.323
"1345",-17292.626
"1346",-16765.098
"1347",-16639.925
"1348",-16404.145
"1349",-16528.868
"1350",-16477.817
"1351",-16792.715
"1352",-16560.415
"1353",-17045.549
"1354",-16772.133
"1355",-16558.428
"1356",-16833.54
"1357",-16853.753
"1358",-16629.108
"1359",-16954.66
"1360",-16450.108
"1361",-16527.334
"1362",-16609.045
"1363",-16948.569
"1364",-17219.614
"1365",-17032.912
"1366",-16884.997
"1367",-16736.911
"1368",-16362.078
"1369",-17032.626
"1370",-16640.879
"1371",-16802.946
"1372",-16613.021
"1373",-16762.575
"1374",-16691.067
"1375",-16809.486
"1376",-17045.776
"1377",-16221.712
"1378",-16964.549
"1379",-16311.751
"1380",-17035.003
"1381",-16854.634
"1382",-16905.629
"1383",-16555.852
"1384",-16524.03
"1385",-16516.544
"1386",-17363.077
"1387",-16505.569
"1388",-16721.845
"1389",-16763.946
"1390",-17412.991
"1391",-16746.77
"1392",-17039.201
"1393",-16162.472
"1394",-16915.8
"1395",-16855.765
"1396",-16863.177
"1397",-16812.647
"1398",-16842.455
"1399",-16520.014
"1400",-16853.995
"1401",-17014.012
"1402",-16503.394
"1403",-17341.665
"1404",-17062.838
"1405",-16999.37
"1406",-16988.081
"1407",-16825.776
"1408",-16422.507
"1409",-16798.003
"1410",-16633.066
"1411",-16854.646
"1412",-16865.243
"1413",-16575.199
"1414",-16908.563
"1415",-16680.689
"1416",-16925.454
"1417",-17114.083
"1418",-17030.679
"1419",-16654.617
"1420",-16862.754
"1421",-16874.656
"1422",-16919.19
"1423",-16537.28
"1424",-16668.516
"1425",-16590.929
"1426",-16431.318
"1427",-17291.778
"1428",-17359.604
"1429",-16083.776
"1430",-17296.905
"1431",-17002.316
"1432",-17352.385
"1433",-17082.661
"1434",-16823.37
"1435",-16948.801
"1436",-16413.612
"1437",-16630.626
"1438",-16666.89
"1439",-16728.336
"1440",-16818.405
"1441",-16934.396
"1442",-16837.838
"1443",-16840.314
"1444",-16922.506
"1445",-16605.904
"1446",-17077.659
"1447",-16772.167
"1448",-16945.579
"1449",-17123.422
"1450",-17008.838
"1451",-17411.361
"1452",-17083.661
"1453",-16456.129
"1454",-15924.325
"1455",-17036.103
"1456",-16659.113
"1457",-17196.449
"1458",-16708.506
"1459",-16432.43
"1460",-17105.762
"1461",-17090.648
"1462",-16661.681
"1463",-17004.623
"1464",-15937.589
"1465",-16976.168
"1466",-17200.545
"1467",-17220.56
"1468",-16970.716
"1469",-16623.162
"1470",-16679.555
"1471",-16946.437
"1472",-16936.43
"1473",-16857.014
"1474",-17135.391
"1475",-16734.047
"1476",-16855.282
"1477",-16905.981
"1478",-16790.11
"1479",-16988.483
"1480",-16849.263
"1481",-17022.625
"1482",-16646.423
"1483",-16802.586
"1484",-16169.865
"1485",-16822.553
"1486",-16478.956
"1487",-16595.676
"1488",-16757.018
"1489",-16478.679
"1490",-16466.02
"1491",-17184.669
"1492",-17212.892
"1493",-16591.28
"1494",-17253.501
"1495",-17158.794
"1496",-16524.186
"1497",-16544.889
"1498",-16954.182
"1499",-16557.082
"1500",-16125.059
"1501",-16290.939
"1502",-16972.239
"1503",-16657.443
"1504",-16732.193
"1505",-17165.956
"1506",-16380.472
"1507",-16757.244
"1508",-16750.746
"1509",-16724.286
"1510",-16863.925
"1511",-16685.211
"1512",-17252.703
"1513",-16854.127
"1514",-16693.625
"1515",-17161.223
"1516",-16553.411
"1517",-17202.149
"1518",-16310.153
"1519",-16657.809
"1520",-16539.095
"1521",-17026.339
"1522",-17024.058
"1523",-17262.294
"1524",-16675.998
"1525",-16860.114
"1526",-16873.956
"1527",-16930.353
"1528",-16311.49
"1529",-16981.266
"1530",-17082.867
"1531",-17067.254
"1532",-16202.315
"1533",-17201.12
"1534",-16289.888
"1535",-16428.771
"1536",-16665.604
"1537",-16735.511
"1538",-16568.795
"1539",-16980.201
"1540",-16643.657
"1541",-16505.898
"1542",-17619.414
"1543",-16860.201
"1544",-16990.885
"1545",-16590.861
"1546",-16922.908
"1547",-16759.387
"1548",-17247.444
"1549",-16951.445
"1550",-16619.727
"1551",-16850.988
"1552",-16384.072
"1553",-16703.286
"1554",-16729.311
"1555",-17228.233
"1556",-16778.96
"1557",-16747.735
"1558",-16952.658
"1559",-16598.172
"1560",-17268.028
"1561",-17002.238
"1562",-16858.812
"1563",-17215.704
"1564",-17079.058
"1565",-16526.376
"1566",-16548.705
"1567",-17034.472
"1568",-16492.407
"1569",-16670.082
"1570",-16749.854
"1571",-16810.085
"1572",-16603.86
"1573",-16966.462
"1574",-16874.242
"1575",-17041.724
"1576",-16926.123
"1577",-16633.218
"1578",-16800.528
"1579",-17040.641
"1580",-16872.491
"1581",-16960.188
"1582",-17052.913
"1583",-16772.8
"1584",-16630.891
"1585",-17158.147
"1586",-16384.646
"1587",-16937.431
"1588",-16240.447
"1589",-16930.969
"1590",-16898.176
"1591",-17112.231
"1592",-16973.043
"1593",-16672.432
"1594",-16669.221
"1595",-16942.044
"1596",-16971.223
"1597",-16495.596
"1598",-17333.217
"1599",-17068.183
"1600",-16369.207
"1601",-16633.397
"1602",-16701.832
"1603",-16684.718
"1604",-17114.956
"1605",-16720.128
"1606",-16457.839
"1607",-16872.313
"1608",-16896.336
"1609",-16930.095
"1610",-16731.254
"1611",-16298.223
"1612",-16871.562
"1613",-16828.529
"1614",-16743.197
"1615",-16587.127
"1616",-16628.525
"1617",-16743.193
"1618",-16657.589
"1619",-17169.607
"1620",-17376.237
"1621",-17376.905
"1622",-17122.984
"1623",-16952.625
"1624",-17174.109
"1625",-16919.27
"1626",-16797.286
"1627",-16660.802
"1628",-16621.616
"1629",-16784.552
"1630",-16923.872
"1631",-16710.426
"1632",-16481.358
"1633",-16569.498
"1634",-16742.589
"1635",-16689.465
"1636",-16394.887
"1637",-16846.906
"1638",-16730.931
"1639",-16786.464
"1640",-17017.486
"1641",-16950.128
"1642",-17265.292
"1643",-16964.297
"1644",-16952.808
"1645",-16487.449
"1646",-17048.483
"1647",-16792.623
"1648",-17030.619
"1649",-16925.95
"1650",-16232.611
"1651",-16769.159
"1652",-16205.599
"1653",-16923.996
"1654",-17147.19
"1655",-16353.461
"1656",-16433.394
"1657",-16946.086
"1658",-16600.903
"1659",-17180.676
"1660",-17015.98
"1661",-16629.14
"1662",-16892.896
"1663",-16539.743
"1664",-16523.127
"1665",-16308.461
"1666",-16782.357
"1667",-16499.26
"1668",-16788.951
"1669",-16870.021
"1670",-16977.653
"1671",-16739.398
"1672",-17259.07
"1673",-16893.986
"1674",-17000.692
"1675",-17254.959
"1676",-16626.241
"1677",-16427.003
"1678",-16486.087
"1679",-16413.121
"1680",-17270.135
"1681",-17069.49
"1682",-16714.559
"1683",-17109.133
"1684",-16952.138
"1685",-16375.356
"1686",-17020.51
"1687",-17084.99
"1688",-16835.835
"1689",-16495.771
"1690",-16653.654
"1691",-17053.022
"1692",-16822.518
"1693",-16740.773
"1694",-16721.562
"1695",-16611.067
"1696",-16596.059
"1697",-16495.245
"1698",-16895.256
"1699",-16405.826
"1700",-16673.517
"1701",-16529.689
"1702",-16536.555
"1703",-17096.163
"1704",-16706.336
"1705",-17042.507
"1706",-16842.541
"1707",-16902.799
"1708",-16704.922
"1709",-16593.258
"1710",-17001.247
"1711",-17004.396
"1712",-16634.075
"1713",-16681.448
"1714",-17048.763
"1715",-17198.865
"1716",-17032.572
"1717",-16709.625
"1718",-17009.279
"1719",-16958.76
"1720",-16722.29
"1721",-16950.152
"1722",-16914.606
"1723",-16719.113
"1724",-16786.746
"1725",-17275.336
"1726",-16517.134
"1727",-17018.851
"1728",-16641.626
"1729",-16835.849
"1730",-16323.164
"1731",-17106.473
"1732",-16595.67
"1733",-16438.638
"1734",-16587.577
"1735",-17158.439
"1736",-16626.386
"1737",-16573.869
"1738",-16239.3
"1739",-17055.849
"1740",-17137.801
"1741",-16678.426
"1742",-16996.652
"1743",-16672.126
"1744",-17220.661
"1745",-16644.587
"1746",-16817.924
"1747",-16814.173
"1748",-16644.991
"1749",-16610.706
"1750",-16772.354
"1751",-16884.077
"1752",-16486.968
"1753",-16776.133
"1754",-16772.121
"1755",-16446.614
"1756",-17344.798
"1757",-16621.353
"1758",-17082.647
"1759",-17315.747
"1760",-16720.28
"1761",-16794.602
"1762",-16728.048
"1763",-16985.052
"1764",-16642.08
"1765",-16743.069
"1766",-16656.251
"1767",-17526.532
"1768",-16609.903
"1769",-17110.563
"1770",-16743.41
"1771",-16561.215
"1772",-16558.375
"1773",-17243.958
"1774",-16781.764
"1775",-16926.942
"1776",-17119.377
"1777",-16877.603
"1778",-16699.813
"1779",-17319.921
"1780",-16238.846
"1781",-16523.115
"1782",-16917.936
"1783",-17200.024
"1784",-16949.108
"1785",-16466.419
"1786",-16538.308
"1787",-16942.872
"1788",-16735.924
"1789",-16742.659
"1790",-16509.101
"1791",-16553.993
"1792",-17004.78
"1793",-16576.416
"1794",-16922.225
"1795",-16545.589
"1796",-16382.325
"1797",-16621.492
"1798",-17038.663
"1799",-16302.785
"1800",-16738.242
"1801",-16749.67
"1802",-16778.178
"1803",-16804.595
"1804",-17187.045
"1805",-16828.632
"1806",-17116.782
"1807",-16928.587
"1808",-16659.175
"1809",-16783.855
"1810",-17014.551
"1811",-17083.947
"1812",-16418.549
"1813",-16878.158
"1814",-16614.568
"1815",-16818.6
"1816",-16587.341
"1817",-16824.569
"1818",-16895.926
"1819",-16659.224
"1820",-16689.625
"1821",-16368.083
"1822",-17051.966
"1823",-16479.993
"1824",-17125.966
"1825",-16145.38
"1826",-16775.386
"1827",-16786.96
"1828",-16708.076
"1829",-16807.688
"1830",-16938.214
"1831",-16960.394
"1832",-16734.734
"1833",-16953.027
"1834",-17142.358
"1835",-16813.751
"1836",-16599.402
"1837",-17169.48
"1838",-17258.219
"1839",-16977.475
"1840",-16701.381
"1841",-17240.258
"1842",-16858.981
"1843",-16638.507
"1844",-16831.079
"1845",-16248.423
"1846",-16535.289
"1847",-17015.167
"1848",-16866.177
"1849",-16886.036
"1850",-17031.337
"1851",-16710.533
"1852",-16823.607
"1853",-16547.721
"1854",-16822.67
"1855",-16626.532
"1856",-16739.422
"1857",-17108.655
"1858",-16947.384
"1859",-16628.678
"1860",-16960.152
"1861",-16554.974
"1862",-16317.88
"1863",-16610.722
"1864",-16794.737
"1865",-17250.951
"1866",-16843.254
"1867",-17054.12
"1868",-17130.49
"1869",-16542.043
"1870",-17296.891
"1871",-16717.837
"1872",-16777.773
"1873",-16672.943
"1874",-16495.07
"1875",-16994.02
"1876",-16810.853
"1877",-16775.685
"1878",-16290.951
"1879",-16877.018
"1880",-16714.108
"1881",-16722.282
"1882",-16613.34
"1883",-16687.261
"1884",-16570.939
"1885",-17560.215
"1886",-16635.836
"1887",-16368.736
"1888",-17321.72
"1889",-16669.744
"1890",-16729.519
"1891",-16463.608
"1892",-17208.366
"1893",-16796.625
"1894",-16320.002
"1895",-17014.804
"1896",-16818.95
"1897",-16709.987
"1898",-16601.18
"1899",-17217.223
"1900",-17340.361
"1901",-16015.906
"1902",-16899.007
"1903",-16934.07
"1904",-17096.717
"1905",-17307.505
"1906",-16549.469
"1907",-16778.201
"1908",-16811.736
"1909",-16693.58
"1910",-16719.692
"1911",-16590.814
"1912",-16568.35
"1913",-16474.535
"1914",-16961.556
"1915",-16642.26
"1916",-17359.185
"1917",-16600.957
"1918",-17136.982
"1919",-17386.741
"1920",-17031.017
"1921",-17065.627
"1922",-17040.045
"1923",-16545.055
"1924",-16670.454
"1925",-16974.021
"1926",-16917.577
"1927",-17101.851
"1928",-16697.097
"1929",-16800.79
"1930",-17099.36
"1931",-16613.403
"1932",-17079.895
"1933",-16697.23
"1934",-17110.946
"1935",-17081.142
"1936",-16396.439
"1937",-16914.1
"1938",-17191.052
"1939",-17200.724
"1940",-16665.828
"1941",-16960.045
"1942",-17026.158
"1943",-17231.179
"1944",-16514.36
"1945",-17156.357
"1946",-16364.006
"1947",-16938.986
"1948",-17033.775
"1949",-16939.179
"1950",-16666.068
"1951",-16627.386
"1952",-16880.917
"1953",-16957.132
"1954",-16661.243
"1955",-16992.384
"1956",-16625.277
"1957",-17453.253
"1958",-16029.857
"1959",-17166.984
"1960",-16974.403
"1961",-16131.671
"1962",-16522.642
"1963",-16361.775
"1964",-16891.292
"1965",-16935.001
"1966",-17115.568
"1967",-16304.958
"1968",-16730.08
"1969",-16352.436
"1970",-16951.515
"1971",-16809.589
"1972",-16683.639
"1973",-17029.791
"1974",-16846.704
"1975",-16814.781
"1976",-16552.169
"1977",-17340.907
"1978",-16837.329
"1979",-16708.694
"1980",-17024.612
"1981",-16787.999
"1982",-16816.309
"1983",-16900.759
"1984",-17039.821
"1985",-16530.873
"1986",-16774.029
"1987",-16808.721
"1988",-16609.555
"1989",-16959.339
"1990",-16858.462
"1991",-16591.026
"1992",-16713.163
"1993",-16796.852
"1994",-16499.102
"1995",-16508.62
"1996",-16543.96
"1997",-16824.296
"1998",-16766.173
"1999",-16887.59
"2000",-16822.177
"2001",-16816.72
"2002",-16952.276
"2003",-16920.09
"2004",-16755.772
"2005",-17038.324
"2006",-16844.528
"2007",-16926.159
"2008",-16553.784
"2009",-16625.236
"2010",-16914.063
"2011",-16524.149
"2012",-16819.682
"2013",-16483.685
"2014",-16665.979
"2015",-16648.043
"2016",-17013.205
"2017",-16447.855
"2018",-17367.901
"2019",-16779.361
"2020",-16896.461
"2021",-16959.107
"2022",-16877.17
"2023",-16712.504
"2024",-16792.956
"2025",-16232.863
"2026",-17245.748
"2027",-17018.467
"2028",-16592.051
"2029",-17071.148
"2030",-16618.029
"2031",-17387.607
"2032",-16828.97
"2033",-16395.968
"2034",-16884.712
"2035",-16492.721
"2036",-16849.343
"2037",-16688.98
"2038",-17090.354
"2039",-16397.414
"2040",-16836.869
"2041",-16659.363
"2042",-16371.638
"2043",-17004.487
"2044",-16229.498
"2045",-16768.475
"2046",-16841.146
"2047",-16710.091
"2048",-16199.982
"2049",-16996.921
"2050",-16803.621
"2051",-16893.646
"2052",-16535.736
"2053",-16805.346
"2054",-16799.572
"2055",-16257.029
"2056",-17039.057
"2057",-16500.347
"2058",-16723.312
"2059",-16876.55
"2060",-16730.51
"2061",-17047.307
"2062",-16974.904
"2063",-16819.947
"2064",-16934.62
"2065",-16970.636
"2066",-16396.993
"2067",-16460.868
"2068",-16610.28
"2069",-16562.146
"2070",-16597.82
"2071",-17212.002
"2072",-16955.149
"2073",-17292.891
"2074",-16791.304
"2075",-17128.159
"2076",-16812.282
"2077",-17159.885
"2078",-16527.13
"2079",-17003.616
"2080",-16935.759
"2081",-16572.659
"2082",-16900.637
"2083",-16909.498
"2084",-16949.388
"2085",-16463.791
"2086",-16853.138
"2087",-17010.472
"2088",-16924.662
"2089",-16574.486
"2090",-16589.241
"2091",-17277.371
"2092",-16372.7
"2093",-16757.771
"2094",-16605.605
"2095",-17015.558
"2096",-16999.71
"2097",-17137.76
"2098",-17006.996
"2099",-16575.887
"2100",-17000.384
"2101",-16554.756
"2102",-16818.435
"2103",-16973.159
"2104",-16666.33
"2105",-16686.404
"2106",-16758.097
"2107",-16680.437
"2108",-16750.793
"2109",-16807.047
"2110",-17076.71
"2111",-17133.5
"2112",-16935.743
"2113",-17090.658
"2114",-16488.277
"2115",-16554.011
"2116",-17207.823
"2117",-17175.653
"2118",-17017.06
"2119",-17407.891
"2120",-16846.022
"2121",-16869.73
"2122",-16534.968
"2123",-16590.745
"2124",-16549.193
"2125",-16333.015
"2126",-16518.723
"2127",-17093.748
"2128",-16926.953
"2129",-16440.391
"2130",-16670.378
"2131",-16387.526
"2132",-16691.752
"2133",-16339.234
"2134",-16655.43
"2135",-16872.502
"2136",-16774.48
"2137",-16797.724
"2138",-16969.772
"2139",-16998.681
"2140",-16572.188
"2141",-16914.45
"2142",-17510.29
"2143",-16405.95
"2144",-16599.217
"2145",-16629.667
"2146",-16984.875
"2147",-16775.634
"2148",-16920.072
"2149",-16901.026
"2150",-16698.832
"2151",-16702.809
"2152",-16375.828
"2153",-17239.743
"2154",-16337.345
"2155",-16434.762
"2156",-16615.078
"2157",-17022.695
"2158",-16340.533
"2159",-16716.589
"2160",-16760.618
"2161",-16523.974
"2162",-17185.083
"2163",-16788.858
"2164",-16773.411
"2165",-16640.479
"2166",-17057.19
"2167",-16755.666
"2168",-16561.405
"2169",-16859.714
"2170",-16494.556
"2171",-16966.092
"2172",-16453.573
"2173",-16595.564
"2174",-16585.11
"2175",-16571.588
"2176",-17109.569
"2177",-16733.121
"2178",-16605.161
"2179",-17204.358
"2180",-16862.042
"2181",-16767.914
"2182",-16729.538
"2183",-16942.089
"2184",-16841.436
"2185",-16740.406
"2186",-16979.769
"2187",-16372.849
"2188",-16298.986
"2189",-16759.12
"2190",-17097.904
"2191",-17086.903
"2192",-17372.649
"2193",-16468.586
"2194",-16386.148
"2195",-16343.254
"2196",-16978.276
"2197",-16699.49
"2198",-17055.617
"2199",-16885.763
"2200",-16863.126
"2201",-17365.582
"2202",-16708.301
"2203",-17134.199
"2204",-16534.284
"2205",-17086.541
"2206",-16662.243
"2207",-16964.93
"2208",-16446.053
"2209",-16881.618
"2210",-16621.321
"2211",-16972.394
"2212",-16967.709
"2213",-16817.001
"2214",-16783.888
"2215",-16787.073
"2216",-16506.71
"2217",-16517.099
"2218",-16839.983
"2219",-16697.836
"2220",-16246.862
"2221",-16807.589
"2222",-17021.779
"2223",-16560.833
"2224",-16435.513
"2225",-16796.53
"2226",-16948.88
"2227",-16442.499
"2228",-16568.344
"2229",-16677.403
"2230",-17124.441
"2231",-16544.774
"2232",-16662.351
"2233",-16548.541
"2234",-17217.095
"2235",-16873.857
"2236",-16312.959
"2237",-16262.291
"2238",-16588.739
"2239",-16828.987
"2240",-17244.487
"2241",-16764.34
"2242",-16911.201
"2243",-17192.595
"2244",-16987.734
"2245",-16921.744
"2246",-16564.957
"2247",-15934.507
"2248",-16963.753
"2249",-17153.981
"2250",-16846.209
"2251",-16683.397
"2252",-16690.44
"2253",-17392.371
"2254",-16840.448
"2255",-16740.661
"2256",-16997.488
"2257",-16570.095
"2258",-16734.361
"2259",-17012.058
"2260",-17246.186
"2261",-17318.02
"2262",-16796.917
"2263",-17142.957
"2264",-16786.347
"2265",-17248.899
"2266",-17556.103
"2267",-16556.132
"2268",-17062.295
"2269",-17003.842
"2270",-16743.915
"2271",-16955.679
"2272",-16703.543
"2273",-16642.159
"2274",-16438.446
"2275",-16988.105
"2276",-16554.105
"2277",-16607.567
"2278",-16504.406
"2279",-17528.408
"2280",-16686.974
"2281",-16725.049
"2282",-16557.47
"2283",-16483.57
"2284",-16702.215
"2285",-16760.603
"2286",-16970.514
"2287",-16540.709
"2288",-17273.59
"2289",-16607.828
"2290",-16456.884
"2291",-16929.616
"2292",-17149.084
"2293",-16656.095
"2294",-17441.13
"2295",-17022.211
"2296",-16623.958
"2297",-17156.745
"2298",-16862.03
"2299",-16556.934
"2300",-16993.352
"2301",-16857.852
"2302",-16777.219
"2303",-17067.254
"2304",-16879.179
"2305",-17259.16
"2306",-16695.459
"2307",-16224.92
"2308",-16917.813
"2309",-16784.445
"2310",-16434.618
"2311",-17033.211
"2312",-17077.299
"2313",-16635.617
"2314",-17044.871
"2315",-16573.184
"2316",-16876.076
"2317",-16532.062
"2318",-16645.363
"2319",-16708.425
"2320",-16750.273
"2321",-16809.841
"2322",-17257.135
"2323",-17017.647
"2324",-16864.923
"2325",-16976.313
"2326",-16843.829
"2327",-16837.107
"2328",-17099.176
"2329",-16676.825
"2330",-16714.115
"2331",-16607.362
"2332",-16998.764
"2333",-16580.429
"2334",-17309.926
"2335",-16641.677
"2336",-16745.581
"2337",-16960.357
"2338",-16208.766
"2339",-16929.845
"2340",-16917.108
"2341",-16792.967
"2342",-16703.949
"2343",-16976.965
"2344",-16765.442
"2345",-16479.807
"2346",-16716.941
"2347",-16835.825
"2348",-17006.09
"2349",-16874.613
"2350",-16122.173
"2351",-17026.57
"2352",-16398.127
"2353",-16616.13
"2354",-16889.153
"2355",-16775.043
"2356",-16992.208
"2357",-16740.48
"2358",-16922.21
"2359",-17201.876
"2360",-16781.472
"2361",-16606.761
"2362",-16456.299
"2363",-16764.823
"2364",-16703.177
"2365",-16336.574
"2366",-17085.665
"2367",-16703.506
"2368",-16846.931
"2369",-16963.582
"2370",-16433.674
"2371",-16936.08
"2372",-16615.891
"2373",-16550.634
"2374",-16770.481
"2375",-17057.201
"2376",-16967.61
"2377",-16635.526
"2378",-16721.737
"2379",-16845.133
"2380",-16887.082
"2381",-17022.82
"2382",-16578.99
"2383",-16823.43
"2384",-16429.088
"2385",-17023.949
"2386",-16768.486
"2387",-16624.556
"2388",-16652.832
"2389",-16569.427
"2390",-16924.561
"2391",-16547.542
"2392",-16781.284
"2393",-16733.692
"2394",-17323.816
"2395",-16771.108
"2396",-16797.142
"2397",-16649.576
"2398",-16807.571
"2399",-17072.371
"2400",-16900.809
"2401",-16842.421
"2402",-16944.125
"2403",-16892.86
"2404",-16952.586
"2405",-17129.463
"2406",-17165.876
"2407",-16490.372
"2408",-17171.496
"2409",-16889.74
"2410",-16734.335
"2411",-16157.286
"2412",-17096.954
"2413",-17093.356
"2414",-16650.999
"2415",-17199.562
"2416",-16343.499
"2417",-17038.989
"2418",-16555.092
"2419",-16985.518
"2420",-17331.089
"2421",-16728.418
"2422",-17034.032
"2423",-17278.262
"2424",-17098.762
"2425",-16840.308
"2426",-17201.687
"2427",-16171.474
"2428",-16896.245
"2429",-16922.732
"2430",-16511.552
"2431",-15958.911
"2432",-16738.689
"2433",-17052.374
"2434",-16684.092
"2435",-17035.196
"2436",-17028.745
"2437",-16644.085
"2438",-16870.907
"2439",-16240.679
"2440",-16694.058
"2441",-16925.649
"2442",-16957.974
"2443",-17409.55
"2444",-17304.817
"2445",-16955.922
"2446",-16531.771
"2447",-16754.788
"2448",-16815.532
"2449",-16845.032
"2450",-16746.952
"2451",-16829.049
"2452",-16996.348
"2453",-16863.287
"2454",-16635.666
"2455",-17048.977
"2456",-17190.804
"2457",-16951.181
"2458",-16426.451
"2459",-16874.28
"2460",-16864.063
"2461",-17011.783
"2462",-16685.112
"2463",-16796.671
"2464",-16767.271
"2465",-17081.372
"2466",-16292.109
"2467",-16483.193
"2468",-16899.396
"2469",-17080.364
"2470",-16733.17
"2471",-16769.674
"2472",-16446.914
"2473",-17092.048
"2474",-16808.386
"2475",-17002.51
"2476",-16987.412
"2477",-16556.579
"2478",-16716.565
"2479",-16902.874
"2480",-16952.137
"2481",-16479.17
"2482",-16556.475
"2483",-16015.446
"2484",-16735.65
"2485",-16253.123
"2486",-16736.224
"2487",-16558.223
"2488",-16956.09
"2489",-16817.901
"2490",-16546.268
"2491",-16940.488
"2492",-16810.608
"2493",-17313.305
"2494",-16566.075
"2495",-16897.912
"2496",-16470.169
"2497",-17274.426
"2498",-16546.427
"2499",-16762.103
"2500",-16384.298
"2501",-17139.853
"2502",-16598.294
"2503",-16736.222
"2504",-16211.599
"2505",-16769.917
"2506",-16560.929
"2507",-16518.662
"2508",-16688.912
"2509",-16655.254
"2510",-16507.367
"2511",-16574.182
"2512",-16802.101
"2513",-17274.523
"2514",-17092.728
"2515",-16690.321
"2516",-16469.255
"2517",-17138.066
"2518",-16721.355
"2519",-16871.402
"2520",-16775.205
"2521",-17201.125
"2522",-16863.038
"2523",-16343.147
"2524",-17202.053
"2525",-16567.93
"2526",-16606.567
"2527",-17009.959
"2528",-16880.507
"2529",-17141.31
"2530",-17226.495
"2531",-16450.362
"2532",-16815.555
"2533",-16765.253
"2534",-16884.639
"2535",-16883.973
"2536",-16667.428
"2537",-16550.634
"2538",-16963.446
"2539",-16505.021
"2540",-16289.402
"2541",-16518.098
"2542",-16573.348
"2543",-16932.969
"2544",-16879.543
"2545",-16725.569
"2546",-16744.637
"2547",-16672.405
"2548",-16717.523
"2549",-16474.946
"2550",-16534.991
"2551",-17183.54
"2552",-16905.461
"2553",-16584.345
"2554",-16430.278
"2555",-16737.73
"2556",-16018.935
"2557",-16479.814
"2558",-16720.966
"2559",-16631.349
"2560",-17154.571
"2561",-16742.653
"2562",-17418.519
"2563",-16688.057
"2564",-16979.413
"2565",-16704.908
"2566",-17279.517
"2567",-16672.077
"2568",-17195.734
"2569",-16579.808
"2570",-16757.201
"2571",-16214.478
"2572",-16571.969
"2573",-17046.228
"2574",-16743.8
"2575",-16796.164
"2576",-16955.385
"2577",-16807.259
"2578",-16631.614
"2579",-16529.573
"2580",-16630.027
"2581",-17067.656
"2582",-17274.855
"2583",-16913.912
"2584",-16779.536
"2585",-16795.161
"2586",-16712.911
"2587",-17165.268
"2588",-16795.216
"2589",-17124.059
"2590",-17178.21
"2591",-16774.279
"2592",-16560.129
"2593",-16882.303
"2594",-16850.105
"2595",-17000.848
"2596",-16864.324
"2597",-16984.661
"2598",-16687.492
"2599",-16539.288
"2600",-16784.623
"2601",-16980.138
"2602",-16527.908
"2603",-16939.095
"2604",-17004.216
"2605",-17181.013
"2606",-16708.772
"2607",-16855.258
"2608",-16931.601
"2609",-16662.491
"2610",-16849.025
"2611",-16940.975
"2612",-16826.226
"2613",-17088.156
"2614",-17057.136
"2615",-16694.373
"2616",-16557.604
"2617",-16870.931
"2618",-16795.941
"2619",-17064.203
"2620",-16480.714
"2621",-16944.438
"2622",-16773.023
"2623",-16998.414
"2624",-15914.236
"2625",-16754.48
"2626",-16862.486
"2627",-17533.618
"2628",-16945.821
"2629",-17119.942
"2630",-16864.612
"2631",-16459.936
"2632",-17089.813
"2633",-16619.111
"2634",-16315.186
"2635",-16693.4
"2636",-16577.907
"2637",-17049.927
"2638",-16377.107
"2639",-17250.514
"2640",-16904.096
"2641",-17104.393
"2642",-16432.803
"2643",-16582.203
"2644",-16560.569
"2645",-16725.707
"2646",-16564.833
"2647",-17167.895
"2648",-16921.752
"2649",-16981.54
"2650",-17255.438
"2651",-17255.02
"2652",-16826.334
"2653",-17300.221
"2654",-16783.201
"2655",-16934.148
"2656",-16495.406
"2657",-16773.685
"2658",-16558.815
"2659",-16760.727
"2660",-16812.955
"2661",-16842.607
"2662",-16840.183
"2663",-17029.256
"2664",-16578.074
"2665",-16884.25
"2666",-16730.377
"2667",-17109.101
"2668",-16754.787
"2669",-16945.905
"2670",-16576.05
"2671",-16621.558
"2672",-16976.593
"2673",-17071.952
"2674",-16499.28
"2675",-16892.194
"2676",-17033.904
"2677",-16676.828
"2678",-16701.983
"2679",-16647.651
"2680",-17184.133
"2681",-16822.164
"2682",-16577.386
"2683",-16659.074
"2684",-16923.47
"2685",-16840.296
"2686",-16591.389
"2687",-16201.377
"2688",-17123.345
"2689",-17133.529
"2690",-16908.45
"2691",-17135.293
"2692",-16684.167
"2693",-16816.116
"2694",-16787.015
"2695",-16922.336
"2696",-17040.209
"2697",-16922.242
"2698",-16621.267
"2699",-16672.84
"2700",-16777.365
"2701",-17033.835
"2702",-16543.303
"2703",-16544.591
"2704",-17161.441
"2705",-16785.876
"2706",-16852.732
"2707",-16849.886
"2708",-16562.239
"2709",-16473.38
"2710",-17011.587
"2711",-16798.633
"2712",-16702.568
"2713",-16777.63
"2714",-16226.895
"2715",-16844.944
"2716",-16995.68
"2717",-17086.614
"2718",-16794.77
"2719",-16626.762
"2720",-17245.761
"2721",-17258.529
"2722",-17357.427
"2723",-16712.275
"2724",-16697.648
"2725",-17060.866
"2726",-16779.764
"2727",-16400.92
"2728",-16938.519
"2729",-16710.01
"2730",-16800.315
"2731",-16742.648
"2732",-16825.337
"2733",-17014.778
"2734",-17295.961
"2735",-17024.127
"2736",-17037.363
"2737",-16862.967
"2738",-16879.964
"2739",-16943.895
"2740",-16598.71
"2741",-16600.513
"2742",-16617.154
"2743",-16307.174
"2744",-17249.617
"2745",-16822.679
"2746",-16944.801
"2747",-16735.541
"2748",-16784.052
"2749",-16947.562
"2750",-16701.56
"2751",-16811.582
"2752",-17121.575
"2753",-16955.703
"2754",-16841.598
"2755",-16852.124
"2756",-16471.671
"2757",-16815.238
"2758",-16606.44
"2759",-16876.409
"2760",-16507.373
"2761",-16959.578
"2762",-17334.555
"2763",-16698.227
"2764",-17172.395
"2765",-16445.609
"2766",-16598.321
"2767",-16811.622
"2768",-16319.732
"2769",-16549.294
"2770",-16422.914
"2771",-16491.096
"2772",-16500.169
"2773",-16517.498
"2774",-16814.327
"2775",-16840.574
"2776",-16648.705
"2777",-16761.353
"2778",-16426.666
"2779",-17223.539
"2780",-16752.496
"2781",-16827.611
"2782",-16699.356
"2783",-16903.084
"2784",-16403.567
"2785",-16534.35
"2786",-16897.134
"2787",-17025.973
"2788",-16487.505
"2789",-16688.393
"2790",-17001.244
"2791",-17107.276
"2792",-16706.901
"2793",-16558.085
"2794",-16892.647
"2795",-16649.649
"2796",-17162.358
"2797",-16300.696
"2798",-16708.921
"2799",-17163.518
"2800",-16945.544
"2801",-16916.487
"2802",-17181.573
"2803",-16799.145
"2804",-16673.9
"2805",-16516.984
"2806",-16773.064
"2807",-17073.965
"2808",-17053.409
"2809",-16591.148
"2810",-16859.198
"2811",-16975.962
"2812",-16982.643
"2813",-16826.098
"2814",-17035.974
"2815",-16477.901
"2816",-16827.091
"2817",-16662.579
"2818",-16905.355
"2819",-16805.537
"2820",-16579.08
"2821",-16459.396
"2822",-17310.232
"2823",-16491.855
"2824",-16614.76
"2825",-16661.019
"2826",-16827.176
"2827",-16944.451
"2828",-16152.461
"2829",-16271.234
"2830",-16809.425
"2831",-16961.998
"2832",-17001.694
"2833",-16508.439
"2834",-17166.078
"2835",-16572.957
"2836",-17275.6
"2837",-16947.435
"2838",-16706.804
"2839",-16946.33
"2840",-16969.898
"2841",-16460.125
"2842",-16551.139
"2843",-17306.199
"2844",-16955.734
"2845",-16996.091
"2846",-16559.769
"2847",-17158.852
"2848",-17082.237
"2849",-16770.162
"2850",-17060.761
"2851",-16524.914
"2852",-16846.644
"2853",-16817.707
"2854",-17001.336
"2855",-17095.742
"2856",-16321.584
"2857",-17118.085
"2858",-16571.275
"2859",-16765.358
"2860",-17323.189
"2861",-16724.169
"2862",-16862.126
"2863",-16891.131
"2864",-17169.527
"2865",-16999.196
"2866",-16525.772
"2867",-16327.631
"2868",-16391.238
"2869",-17017.974
"2870",-16808.43
"2871",-17006.025
"2872",-17052.7
"2873",-17293.358
"2874",-17370.203
"2875",-17027.818
"2876",-16786.924
"2877",-16755.241
"2878",-17266.798
"2879",-16999.496
"2880",-16619.612
"2881",-16702.56
"2882",-17085.284
"2883",-17497.624
"2884",-17406.483
"2885",-16434.168
"2886",-16492.786
"2887",-17047.939
"2888",-16989.267
"2889",-16724.78
"2890",-16546.067
"2891",-16615.715
"2892",-16690.983
"2893",-16556.406
"2894",-16907.502
"2895",-16794.553
"2896",-16959.545
"2897",-16934.268
"2898",-16714.711
"2899",-17292.538
"2900",-16746.947
"2901",-17210.765
"2902",-16849.527
"2903",-16503.884
"2904",-16793.737
"2905",-16571.157
"2906",-17060.935
"2907",-16937.287
"2908",-16834.58
"2909",-16311.136
"2910",-16456.786
"2911",-16708.414
"2912",-16823.319
"2913",-17247.165
"2914",-16796.997
"2915",-16906.955
"2916",-16548.819
"2917",-16534.564
"2918",-16257.468
"2919",-17167.343
"2920",-17013.428
"2921",-16399.388
"2922",-16896.805
"2923",-16734.342
"2924",-16684.283
"2925",-16906.418
"2926",-16650.424
"2927",-16384.573
"2928",-16928.479
"2929",-17020.807
"2930",-16809.281
"2931",-16529.725
"2932",-16509.226
"2933",-16719.638
"2934",-16930.926
"2935",-16267.01
"2936",-16933.383
"2937",-16817.181
"2938",-17139.424
"2939",-16284.476
"2940",-17206.552
"2941",-16417.002
"2942",-16884.97
"2943",-16854.953
"2944",-17169.801
"2945",-16505.087
"2946",-16357.948
"2947",-16470.145
"2948",-16711.445
"2949",-16602.177
"2950",-16536.663
"2951",-17221.501
"2952",-17050.975
"2953",-16925.985
"2954",-16934.993
"2955",-17005.167
"2956",-16758.633
"2957",-16556.99
"2958",-17040.013
"2959",-16849.014
"2960",-16453.178
"2961",-16841.218
"2962",-16818.873
"2963",-16577.924
"2964",-16920.178
"2965",-17025.648
"2966",-16939.703
"2967",-17019.181
"2968",-16457.44
"2969",-16121.984
"2970",-17262.44
"2971",-17352.674
"2972",-16680.017
"2973",-17063.204
"2974",-16596.235
"2975",-16554.768
"2976",-17298.746
"2977",-16847.32
"2978",-16847.331
"2979",-16735.131
"2980",-17068.462
"2981",-16587.488
"2982",-16606.609
"2983",-16517.79
"2984",-16745.169
"2985",-16581.783
"2986",-16719.74
"2987",-16854.595
"2988",-16620.419
"2989",-16877.316
"2990",-16627.089
"2991",-16918.97
"2992",-16355.665
"2993",-17176.276
"2994",-16749.573
"2995",-16820.966
"2996",-16729.814
"2997",-17005.669
"2998",-16666.369
"2999",-16564.027
"3000",-16903.798
"3001",-17558.546
"3002",-16628.597
"3003",-16759.822
"3004",-16562.683
"3005",-16502.031
"3006",-16813.468
"3007",-17017.092
"3008",-16555.56
"3009",-17173.737
"3010",-16634.481
"3011",-16560.181
"3012",-16902.676
"3013",-16545.352
"3014",-17122.389
"3015",-17229.311
"3016",-16463.748
"3017",-16544.088
"3018",-16443.892
"3019",-16697.97
"3020",-16495.317
"3021",-17263.93
"3022",-17182.453
"3023",-16934.122
"3024",-17083.77
"3025",-16842.804
"3026",-16607.577
"3027",-16530.871
"3028",-16241.758
"3029",-16675.009
"3030",-16904.694
"3031",-16881.29
"3032",-16523.459
"3033",-17230.188
"3034",-16744.427
"3035",-17107.53
"3036",-16471.337
"3037",-16569.133
"3038",-16394.291
"3039",-16418.593
"3040",-16442.955
"3041",-16851.229
"3042",-16537.134
"3043",-17114.57
"3044",-16626.3
"3045",-16871.495
"3046",-17022.115
"3047",-16533.154
"3048",-16499.336
"3049",-16969.617
"3050",-16938.173
"3051",-16832.347
"3052",-16691.152
"3053",-16856.168
"3054",-16966.197
"3055",-16022.873
"3056",-16624.029
"3057",-16952.745
"3058",-16201.946
"3059",-16675.969
"3060",-17093.473
"3061",-16888.689
"3062",-16613.866
"3063",-16959.295
"3064",-16587.504
"3065",-16822.035
"3066",-16999.121
"3067",-16248.59
"3068",-16914.79
"3069",-16859.41
"3070",-16954.666
"3071",-16797.917
"3072",-16808.438
"3073",-16948.74
"3074",-16735.531
"3075",-16847.477
"3076",-16827.135
"3077",-16849.31
"3078",-17046.811
"3079",-16787.73
"3080",-16725.67
"3081",-16785.193
"3082",-17096.16
"3083",-17211.407
"3084",-16932.38
"3085",-16459.426
"3086",-17105.159
"3087",-17174.371
"3088",-16921.881
"3089",-16443.021
"3090",-17341.92
"3091",-17064.928
"3092",-16289.159
"3093",-16922.508
"3094",-16880.227
"3095",-16051.879
"3096",-16929.159
"3097",-16313.818
"3098",-16764.497
"3099",-17149.558
"3100",-17113.706
"3101",-16536.36
"3102",-16631.518
"3103",-16775.238
"3104",-17052.001
"3105",-16400.09
"3106",-17639.768
"3107",-16786.692
"3108",-16914.378
"3109",-16928.816
"3110",-16339.041
"3111",-17150.024
"3112",-16473.61
"3113",-16866.053
"3114",-16803.052
"3115",-17109.562
"3116",-16424.688
"3117",-16662.836
"3118",-17117.111
"3119",-17246.757
"3120",-16872.398
"3121",-16937.445
"3122",-16744.789
"3123",-17021.304
"3124",-17145.221
"3125",-16858.435
"3126",-16610.3
"3127",-16915.416
"3128",-17094.438
"3129",-16395.238
"3130",-17015.962
"3131",-16564.384
"3132",-17152.392
"3133",-16603.624
"3134",-16615.651
"3135",-16622.56
"3136",-16603.915
"3137",-16897.314
"3138",-16597.575
"3139",-16846.255
"3140",-17226.75
"3141",-16527.349
"3142",-16760.549
"3143",-16856.907
"3144",-16470.959
"3145",-16693.575
"3146",-17120.705
"3147",-16958.076
"3148",-17117.019
"3149",-16914.308
"3150",-16879.101
"3151",-17114.028
"3152",-16463.215
"3153",-16558.059
"3154",-16226.172
"3155",-16859.872
"3156",-16503.211
"3157",-16471.831
"3158",-16803.896
"3159",-16734.427
"3160",-17153.071
"3161",-16401.767
"3162",-17098.367
"3163",-16633.498
"3164",-16555.23
"3165",-16189.168
"3166",-16847.628
"3167",-16625.124
"3168",-16271.789
"3169",-17239.655
"3170",-16864.99
"3171",-17268.689
"3172",-16553.101
"3173",-16774.885
"3174",-16566.829
"3175",-16877.558
"3176",-16319.27
"3177",-16821.359
"3178",-16648.646
"3179",-17401.607
"3180",-17243.969
"3181",-16794.311
"3182",-16927.93
"3183",-16531.01
"3184",-16758.639
"3185",-17116.195
"3186",-17038.841
"3187",-16285.394
"3188",-16782.895
"3189",-16430.024
"3190",-16796.157
"3191",-16863.581
"3192",-17103.49
"3193",-16738.904
"3194",-17011.879
"3195",-16943.923
"3196",-16965.042
"3197",-16998.492
"3198",-16989.91
"3199",-17386.823
"3200",-16533.516
"3201",-17017.522
"3202",-16430.784
"3203",-16849.286
"3204",-17177.886
"3205",-16480.515
"3206",-16762.982
"3207",-16539.065
"3208",-16950.257
"3209",-16460.681
"3210",-16711.13
"3211",-16685.051
"3212",-16415.749
"3213",-16666.585
"3214",-16456.428
"3215",-17249.884
"3216",-16848.939
"3217",-17025.551
"3218",-16971.015
"3219",-16890.171
"3220",-16816.318
"3221",-16503.942
"3222",-17063.058
"3223",-17111.848
"3224",-16464.259
"3225",-16805.567
"3226",-16527.803
"3227",-17134.893
"3228",-16976.92
"3229",-16751.466
"3230",-16790.893
"3231",-16592.097
"3232",-16637.037
"3233",-16738.817
"3234",-16642.87
"3235",-16798.467
"3236",-16895.697
"3237",-17005.417
"3238",-16615.735
"3239",-17006.441
"3240",-16630.797
"3241",-16681.218
"3242",-17039.906
"3243",-16759.695
"3244",-16796.314
"3245",-16847.225
"3246",-16837.431
"3247",-16514.122
"3248",-16993.585
"3249",-16727.831
"3250",-16904.331
"3251",-16859.102
"3252",-16805.712
"3253",-17412.688
"3254",-16842.17
"3255",-16821.296
"3256",-16320.491
"3257",-16584.935
"3258",-16824.57
"3259",-16705.191
"3260",-16962.67
"3261",-17050.81
"3262",-16792.723
"3263",-16467.512
"3264",-16356.642
"3265",-16932.618
"3266",-17460.505
"3267",-16770.79
"3268",-16572.569
"3269",-16465.437
"3270",-16811.5
"3271",-16762.307
"3272",-16436.945
"3273",-17040.607
"3274",-16760.046
"3275",-17128.472
"3276",-16625.482
"3277",-16726.175
"3278",-16776.599
"3279",-17085.049
"3280",-16596.029
"3281",-16569.62
"3282",-17283.066
"3283",-17193.338
"3284",-16785.306
"3285",-16974.97
"3286",-17070.847
"3287",-16960.535
"3288",-16472.489
"3289",-16970.488
"3290",-16402.095
"3291",-17034.748
"3292",-16961.182
"3293",-16351.264
"3294",-16621.732
"3295",-16674.091
"3296",-16717.591
"3297",-16439.311
"3298",-16424.473
"3299",-17050.778
"3300",-16684.168
"3301",-16583.459
"3302",-16685.946
"3303",-16725.402
"3304",-16310.718
"3305",-16879.11
"3306",-17268.092
"3307",-16877.726
"3308",-16869.323
"3309",-17045.616
"3310",-16314.009
"3311",-17353.468
"3312",-16694.365
"3313",-17114.721
"3314",-16761.639
"3315",-17428.595
"3316",-16877.969
"3317",-17056.225
"3318",-16529.554
"3319",-16528.334
"3320",-16861.882
"3321",-17041.341
"3322",-16470.104
"3323",-16514.317
"3324",-16734.474
"3325",-16512.303
"3326",-17266.574
"3327",-16691.736
"3328",-16954.164
"3329",-16545.836
"3330",-16876.529
"3331",-16754.401
"3332",-16570.483
"3333",-16563.559
"3334",-16773.12
"3335",-17140.109
"3336",-16730.993
"3337",-17035.656
"3338",-16861.405
"3339",-16961.534
"3340",-16769.384
"3341",-17044.294
"3342",-16447.895
"3343",-16839.7
"3344",-16328.682
"3345",-16494.011
"3346",-17125.894
"3347",-16898.506
"3348",-16728.151
"3349",-17011.62
"3350",-16573.443
"3351",-16878.846
"3352",-17135.266
"3353",-16710.667
"3354",-17125.053
"3355",-16376.605
"3356",-16871.163
"3357",-16744.816
"3358",-16927.402
"3359",-16681.758
"3360",-17211.112
"3361",-17137.498
"3362",-17298.156
"3363",-16748.331
"3364",-16754.603
"3365",-17090.236
"3366",-16336.231
"3367",-16908.277
"3368",-16630.496
"3369",-16935.192
"3370",-16765.115
"3371",-16824.252
"3372",-16837.357
"3373",-16393.902
"3374",-16916.043
"3375",-16926.859
"3376",-17102.783
"3377",-16899.863
"3378",-17118.218
"3379",-17146.868
"3380",-16129.343
"3381",-16750.555
"3382",-17006.195
"3383",-16848.66
"3384",-16777.837
"3385",-16738.288
"3386",-17114.186
"3387",-16489.651
"3388",-16824.733
"3389",-16844.617
"3390",-16876.091
"3391",-17045.636
"3392",-17215.368
"3393",-16916.525
"3394",-16980.331
"3395",-16796.693
"3396",-17102.872
"3397",-17184.83
"3398",-17597.676
"3399",-17101.783
"3400",-16812.39
"3401",-17193.193
"3402",-16995.224
"3403",-16545.538
"3404",-16544.259
"3405",-16799.92
"3406",-16452.674
"3407",-17007.967
"3408",-17102.346
"3409",-17284.043
"3410",-17018.009
"3411",-16895.314
"3412",-16720.613
"3413",-16890.611
"3414",-16623.674
"3415",-16398.219
"3416",-16847.845
"3417",-16825.063
"3418",-16579.018
"3419",-16972.36
"3420",-17477.41
"3421",-16828.556
"3422",-16684.279
"3423",-16728.311
"3424",-17162.308
"3425",-16655.16
"3426",-17079.92
"3427",-16460.195
"3428",-17164.789
"3429",-16396.051
"3430",-16481.372
"3431",-16999.599
"3432",-16942.436
"3433",-16640.708
"3434",-17193.594
"3435",-16608.479
"3436",-16713.458
"3437",-16885.601
"3438",-16782.643
"3439",-16631.137
"3440",-17033.912
"3441",-16676.491
"3442",-16550.528
"3443",-16866.049
"3444",-16604.31
"3445",-16828.868
"3446",-16757.535
"3447",-17295.534
"3448",-17157.017
"3449",-16930.126
"3450",-16655.197
"3451",-16791.89
"3452",-17306.649
"3453",-16269.321
"3454",-16644.736
"3455",-16579.363
"3456",-16891.39
"3457",-16643.536
"3458",-17003.029
"3459",-16796.096
"3460",-16916.333
"3461",-16930.865
"3462",-17148.36
"3463",-16827.691
"3464",-16851.793
"3465",-16465.732
"3466",-16979.931
"3467",-17128.571
"3468",-16654.72
"3469",-16505.373
"3470",-17090.373
"3471",-16659.718
"3472",-16600.867
"3473",-16458.365
"3474",-16832.537
"3475",-16544.346
"3476",-16893.735
"3477",-16567.818
"3478",-16975.934
"3479",-16390.889
"3480",-16996.263
"3481",-17039.245
"3482",-16974.949
"3483",-16800.735
"3484",-17090.435
"3485",-17022.865
"3486",-17056.956
"3487",-16783.607
"3488",-17013.583
"3489",-16977.668
"3490",-16735.45
"3491",-16709.542
"3492",-16671.306
"3493",-17005.06
"3494",-16579.768
"3495",-16488.688
"3496",-16462.627
"3497",-16755.458
"3498",-16619.182
"3499",-16609.064
"3500",-16719.475
"3501",-16782.505
"3502",-16645.83
"3503",-16771.779
"3504",-16998.583
"3505",-17206.481
"3506",-17084.972
"3507",-16595.679
"3508",-16746.537
"3509",-16696.023
"3510",-16720.35
"3511",-16610.355
"3512",-16515.611
"3513",-16769.945
"3514",-16123.873
"3515",-16495.569
"3516",-16764.18
"3517",-16920.711
"3518",-17018.918
"3519",-16774.511
"3520",-16840.035
"3521",-16557.48
"3522",-16600.034
"3523",-16990.89
"3524",-16739.489
"3525",-17124.792
"3526",-16442.772
"3527",-16993.614
"3528",-16795.891
"3529",-15943.3
"3530",-16696.959
"3531",-16680.237
"3532",-16773.229
"3533",-16420.454
"3534",-17038.582
"3535",-16994.814
"3536",-16605.508
"3537",-16829.06
"3538",-16674.153
"3539",-16846.93
"3540",-16868.978
"3541",-17073.461
"3542",-16991.353
"3543",-17021.683
"3544",-17239.812
"3545",-16896.547
"3546",-16737.298
"3547",-17202.618
"3548",-16601.133
"3549",-16725.976
"3550",-16949.396
"3551",-17198.611
"3552",-17185.594
"3553",-16893.762
"3554",-16866.331
"3555",-16944.592
"3556",-16882.15
"3557",-16669.247
"3558",-16421.342
"3559",-16794.735
"3560",-16896.325
"3561",-16939.654
"3562",-16743.4
"3563",-17076.615
"3564",-16818.378
"3565",-16716.916
"3566",-17297.379
"3567",-16751.927
"3568",-16615.594
"3569",-16798.352
"3570",-16713.334
"3571",-16865.595
"3572",-17340.684
"3573",-16999.947
"3574",-16421.461
"3575",-17122.541
"3576",-16767.86
"3577",-17269.464
"3578",-17407.766
"3579",-16966.683
"3580",-16845.62
"3581",-16769.381
"3582",-17138.282
"3583",-16965.252
"3584",-16725.61
"3585",-16638.148
"3586",-16371.032
"3587",-16415.125
"3588",-16606.188
"3589",-17307.835
"3590",-16758.5
"3591",-16558.525
"3592",-16948.82
"3593",-16834.151
"3594",-16908.301
"3595",-16428.977
"3596",-16884.706
"3597",-17129.038
"3598",-16805.618
"3599",-16891.384
"3600",-16722.158
"3601",-16796.115
"3602",-17050.645
"3603",-16677.687
"3604",-17011.888
"3605",-17310.784
"3606",-16701.204
"3607",-16360.779
"3608",-16550.215
"3609",-16906.02
"3610",-16572.233
"3611",-16989.358
"3612",-16547.379
"3613",-17211.241
"3614",-17241.354
"3615",-16592.924
"3616",-16779.032
"3617",-16522.692
"3618",-16948.369
"3619",-16925.698
"3620",-17012.296
"3621",-16707.12
"3622",-16846.992
"3623",-16768.576
"3624",-17116.396
"3625",-17037.468
"3626",-16830.987
"3627",-17096.906
"3628",-16570.714
"3629",-16751.427
"3630",-16641.485
"3631",-16362.026
"3632",-16843.444
"3633",-17351.686
"3634",-17137.821
"3635",-16669.422
"3636",-16779.657
"3637",-17150.179
"3638",-17046.1
"3639",-17109.958
"3640",-16379.042
"3641",-16926.544
"3642",-16835.441
"3643",-17017.265
"3644",-16806.518
"3645",-16657.129
"3646",-16760.645
"3647",-16956.629
"3648",-16860.659
"3649",-16635.029
"3650",-16582.024
"3651",-16435.669
"3652",-16169.991
"3653",-16873.617
"3654",-17245.744
"3655",-17001.283
"3656",-17098.959
"3657",-16445.854
"3658",-16613.862
"3659",-17413.924
"3660",-16585.223
"3661",-16892.285
"3662",-16773.706
"3663",-16762.348
"3664",-16414.159
"3665",-16981.763
"3666",-16915.416
"3667",-16741.194
"3668",-16345.66
"3669",-17209.025
"3670",-16934.487
"3671",-16616.69
"3672",-16719.191
"3673",-16959.464
"3674",-16950.943
"3675",-16500.17
"3676",-16623.777
"3677",-16790.009
"3678",-16755.222
"3679",-16800.034
"3680",-16723.785
"3681",-16952.372
"3682",-16819.514
"3683",-16780.626
"3684",-16490.374
"3685",-17233.611
"3686",-16744.084
"3687",-16990.57
"3688",-16873.817
"3689",-17057.651
"3690",-16902.167
"3691",-16486.245
"3692",-17005.315
"3693",-16245.134
"3694",-16725.953
"3695",-16669.616
"3696",-16668.635
"3697",-16983.986
"3698",-16631.667
"3699",-16939.109
"3700",-16985.691
"3701",-16441.56
"3702",-16691.134
"3703",-17078.174
"3704",-16733.379
"3705",-16878.714
"3706",-16792.843
"3707",-16356.197
"3708",-16466.442
"3709",-17180.551
"3710",-16335.15
"3711",-16838.227
"3712",-17065.247
"3713",-16998.332
"3714",-16952.347
"3715",-16983.215
"3716",-17284.237
"3717",-16734.957
"3718",-17066.97
"3719",-16838.875
"3720",-16719.703
"3721",-17485.983
"3722",-16768.226
"3723",-17076.543
"3724",-17334.668
"3725",-17136.408
"3726",-16654.615
"3727",-16418.697
"3728",-17103.607
"3729",-16865.816
"3730",-16757.943
"3731",-16972.423
"3732",-16358.493
"3733",-16846.339
"3734",-16807.867
"3735",-16591.5
"3736",-16863.313
"3737",-16720.73
"3738",-16354.807
"3739",-16794.021
"3740",-16781.455
"3741",-16887.658
"3742",-16891.404
"3743",-16812.756
"3744",-16529.541
"3745",-16688.35
"3746",-16798.712
"3747",-16436.06
"3748",-16916.106
"3749",-16533.243
"3750",-16699.192
"3751",-16874.966
"3752",-16691.95
"3753",-16621.571
"3754",-16837.002
"3755",-16631.253
"3756",-16386.928
"3757",-16934.251
"3758",-16586.21
"3759",-16742.211
"3760",-16720.106
"3761",-16602.85
"3762",-17058.475
"3763",-16398.383
"3764",-16903.227
"3765",-16848.805
"3766",-16722.3
"3767",-16715.388
"3768",-16869.145
"3769",-16472.325
"3770",-16113.459
"3771",-16482.986
"3772",-16861.34
"3773",-16953.172
"3774",-16252.906
"3775",-16495.48
"3776",-16889.404
"3777",-16391.967
"3778",-16753.58
"3779",-16834.251
"3780",-17048.654
"3781",-17026.509
"3782",-16841.414
"3783",-17656.871
"3784",-17005.728
"3785",-16738.965
"3786",-17000.132
"3787",-16544.003
"3788",-16589.782
"3789",-16650.645
"3790",-17101.996
"3791",-16565.022
"3792",-16420.349
"3793",-17190.488
"3794",-16398.346
"3795",-16699.883
"3796",-16936.993
"3797",-16918.93
"3798",-16756.447
"3799",-16859.827
"3800",-16900.577
"3801",-16813.473
"3802",-16620.814
"3803",-16560.579
"3804",-16820.544
"3805",-16531.019
"3806",-16873.499
"3807",-17034.638
"3808",-16370.024
"3809",-16830.146
"3810",-16829.762
"3811",-16545.138
"3812",-16896.825
"3813",-16992.686
"3814",-17197.638
"3815",-16736.396
"3816",-16689.279
"3817",-17062.069
"3818",-17071.111
"3819",-16842.915
"3820",-17087.584
"3821",-16924.696
"3822",-16956.615
"3823",-16611.052
"3824",-16640.153
"3825",-16869.207
"3826",-16678.081
"3827",-16870.855
"3828",-16720.44
"3829",-16790.082
"3830",-16801.224
"3831",-16654.271
"3832",-16893.123
"3833",-16869.485
"3834",-16997.88
"3835",-16799.144
"3836",-16082.91
"3837",-16759.959
"3838",-16898.641
"3839",-16722.473
"3840",-16601.339
"3841",-16969.524
"3842",-16770.643
"3843",-16755.306
"3844",-16588.363
"3845",-16464.158
"3846",-16902.051
"3847",-16627.939
"3848",-16481.882
"3849",-16952.614
"3850",-16786.29
"3851",-16751.834
"3852",-16737.476
"3853",-16503.044
"3854",-17343.418
"3855",-17180.861
"3856",-16504.953
"3857",-17072.386
"3858",-17190.514
"3859",-16653.63
"3860",-17160.065
"3861",-16515.39
"3862",-16736.717
"3863",-16492.201
"3864",-16875.164
"3865",-16591.873
"3866",-17097.042
"3867",-16735.558
"3868",-17047.264
"3869",-16631.31
"3870",-16807.872
"3871",-16650.923
"3872",-17087.87
"3873",-16755.185
"3874",-17106.712
"3875",-16662.264
"3876",-16705.863
"3877",-16577.755
"3878",-16398.452
"3879",-16758.136
"3880",-17209.721
"3881",-17338.263
"3882",-17307.058
"3883",-17283.947
"3884",-16907.559
"3885",-16729.245
"3886",-16369.714
"3887",-16852.534
"3888",-16674.148
"3889",-16351.715
"3890",-17010.898
"3891",-16991.207
"3892",-16711.741
"3893",-16490.816
"3894",-17045.995
"3895",-16949.874
"3896",-17060.446
"3897",-16944.002
"3898",-16503.964
"3899",-16987.943
"3900",-16489.212
"3901",-16887.777
"3902",-16363.955
"3903",-16855.773
"3904",-17381.089
"3905",-16878.534
"3906",-16307.952
"3907",-17075.588
"3908",-16864.015
"3909",-16657.142
"3910",-16901.029
"3911",-16875.945
"3912",-16372.14
"3913",-16639.842
"3914",-16942.625
"3915",-16790.228
"3916",-16716.074
"3917",-16701.309
"3918",-16948.139
"3919",-17311.89
"3920",-16827.605
"3921",-17080.847
"3922",-16869.013
"3923",-16818.489
"3924",-17161.455
"3925",-16984.703
"3926",-17171.745
"3927",-16490.187
"3928",-17072.008
"3929",-16710.786
"3930",-17015.759
"3931",-16327.595
"3932",-16842.808
"3933",-16896.413
"3934",-16489.933
"3935",-16381.038
"3936",-16352.963
"3937",-17057.143
"3938",-16570.377
"3939",-16839.935
"3940",-16495.54
"3941",-16566.378
"3942",-16803.654
"3943",-16371.67
"3944",-16743.343
"3945",-17033.327
"3946",-16686.911
"3947",-16176.977
"3948",-16565.145
"3949",-16966.878
"3950",-17133.654
"3951",-16470.517
"3952",-16755.892
"3953",-17013.426
"3954",-17399.116
"3955",-16813.46
"3956",-16977.302
"3957",-17031.306
"3958",-16462.71
"3959",-16634.036
"3960",-17176.884
"3961",-16952.602
"3962",-17157.625
"3963",-17076.848
"3964",-17414.398
"3965",-16997.181
"3966",-16700.398
"3967",-16533.203
"3968",-17188.615
"3969",-16707.372
"3970",-16910.891
"3971",-16925.636
"3972",-17293.246
"3973",-16819.505
"3974",-16576.571
"3975",-16923.927
"3976",-16584.625
"3977",-16303.08
"3978",-17312.21
"3979",-17377.025
"3980",-16987.49
"3981",-17053.218
"3982",-16719.04
"3983",-16336.214
"3984",-16461.777
"3985",-16270.456
"3986",-16896.055
"3987",-16501.189
"3988",-16841.69
"3989",-17232.716
"3990",-16567.753
"3991",-16967.417
"3992",-17098.616
"3993",-17218.648
"3994",-16842.34
"3995",-16778.528
"3996",-16506.196
"3997",-16484.69
"3998",-17178.847
"3999",-16564.532
"4000",-17046.79
"4001",-16632.497
"4002",-16812.575
"4003",-17012.233
"4004",-16755.244
"4005",-16770.457
"4006",-17199.493
"4007",-16692.707
"4008",-16956.867
"4009",-16786.346
"4010",-16492.409
"4011",-16373.895
"4012",-16626.23
"4013",-16922.873
"4014",-16844.264
"4015",-16685.254
"4016",-16815.731
"4017",-17218.837
"4018",-16778.503
"4019",-16752.148
"4020",-16688.784
"4021",-16889.754
"4022",-16997.681
"4023",-16987.736
"4024",-16675.281
"4025",-16540.78
"4026",-17223.329
"4027",-16860.828
"4028",-17037.644
"4029",-16937.913
"4030",-17358.885
"4031",-16702.031
"4032",-16655.774
"4033",-16765.361
"4034",-17030.111
"4035",-17047.269
"4036",-17164.255
"4037",-16488.677
"4038",-16795.442
"4039",-16269.335
"4040",-16833.114
"4041",-16930.293
"4042",-16451.741
"4043",-17527.65
"4044",-16787.887
"4045",-16652.369
"4046",-17075.168
"4047",-16827.5
"4048",-16686.651
"4049",-16666.873
"4050",-16895.427
"4051",-16346.982
"4052",-16521.349
"4053",-16803.988
"4054",-16251.469
"4055",-16642.553
"4056",-17006.522
"4057",-16566.639
"4058",-16258.188
"4059",-16750.872
"4060",-16575.772
"4061",-16415.031
"4062",-16762.331
"4063",-16771.005
"4064",-16585.942
"4065",-17040.705
"4066",-16595.959
"4067",-16616.566
"4068",-17207.649
"4069",-16487.873
"4070",-16855.107
"4071",-16685.783
"4072",-16637.258
"4073",-17027.476
"4074",-16889.173
"4075",-16945.877
"4076",-17546.67
"4077",-16905.119
"4078",-17159.352
"4079",-17052.435
"4080",-16511.616
"4081",-16378.009
"4082",-17036.172
"4083",-17037.52
"4084",-17180.213
"4085",-16981.824
"4086",-16690.747
"4087",-16848.6
"4088",-16489.978
"4089",-16853.283
"4090",-16783.575
"4091",-16685.536
"4092",-16517.275
"4093",-16288.205
"4094",-16633.059
"4095",-16837.888
"4096",-16856.638
"4097",-16910.06
"4098",-17299.794
"4099",-16923.407
"4100",-17125.826
"4101",-16909.257
"4102",-16647.25
"4103",-16819.265
"4104",-16917.294
"4105",-16705.459
"4106",-16545.828
"4107",-16684.557
"4108",-17076.156
"4109",-16652.043
"4110",-16561.668
"4111",-16935.596
"4112",-17003.748
"4113",-16647.809
"4114",-16051.821
"4115",-17170.379
"4116",-16704.999
"4117",-16862.389
"4118",-16949.006
"4119",-16879.57
"4120",-16806.875
"4121",-16643.346
"4122",-16681.689
"4123",-17276.691
"4124",-16724.724
"4125",-16679.343
"4126",-16739.87
"4127",-16933.793
"4128",-16887.179
"4129",-17119.619
"4130",-16727.188
"4131",-16766.761
"4132",-16900.704
"4133",-17073.929
"4134",-16766.474
"4135",-16692.465
"4136",-16825.443
"4137",-16865.19
"4138",-16901.833
"4139",-16818.525
"4140",-16644.996
"4141",-16684.1
"4142",-16676.791
"4143",-16906.835
"4144",-16736.241
"4145",-17122.558
"4146",-16669.561
"4147",-17043.716
"4148",-17133.675
"4149",-17118.998
"4150",-16710.242
"4151",-17049.483
"4152",-16743.397
"4153",-17106.007
"4154",-17087.15
"4155",-16344.842
"4156",-16942.537
"4157",-16585.397
"4158",-16922.31
"4159",-15989.421
"4160",-16390.445
"4161",-16745.301
"4162",-16911.308
"4163",-16667.19
"4164",-16566.408
"4165",-17000.176
"4166",-17018.823
"4167",-16896.932
"4168",-16948.896
"4169",-16650.232
"4170",-16311.629
"4171",-16933.313
"4172",-16653.48
"4173",-16485.728
"4174",-16433.499
"4175",-17257.208
"4176",-16845.498
"4177",-16791.918
"4178",-16871.629
"4179",-16878.781
"4180",-16316.696
"4181",-16884.908
"4182",-16649.446
"4183",-16571.146
"4184",-16676.79
"4185",-16529.666
"4186",-16432.832
"4187",-16863.319
"4188",-16843.958
"4189",-16909.063
"4190",-16749.297
"4191",-17184.354
"4192",-16650.888
"4193",-17094.623
"4194",-17093.279
"4195",-17122.608
"4196",-16459.252
"4197",-16601.042
"4198",-16652.94
"4199",-16636.293
"4200",-16818.291
"4201",-16844.816
"4202",-16586.633
"4203",-16907.063
"4204",-16920.961
"4205",-16612.242
"4206",-17085.568
"4207",-17109.993
"4208",-17049.069
"4209",-16542.2
"4210",-16897.198
"4211",-16737.371
"4212",-16866.653
"4213",-16755.69
"4214",-17107.121
"4215",-16815.821
"4216",-16896.592
"4217",-17158.673
"4218",-16853.929
"4219",-16868.597
"4220",-16886.283
"4221",-16519.137
"4222",-16075.954
"4223",-16419.399
"4224",-16860.14
"4225",-16790.904
"4226",-16719.453
"4227",-16691.024
"4228",-16942.623
"4229",-17077.213
"4230",-16596.275
"4231",-16383.848
"4232",-16945.176
"4233",-17044.716
"4234",-16702.919
"4235",-16622.313
"4236",-16328.961
"4237",-16825.23
"4238",-17042.117
"4239",-16721.967
"4240",-16490.418
"4241",-16736.473
"4242",-16812.343
"4243",-17308.673
"4244",-16784.238
"4245",-16676.623
"4246",-16914.509
"4247",-16832.783
"4248",-16763.32
"4249",-16532.988
"4250",-16250.151
"4251",-16968.981
"4252",-16701.151
"4253",-17163.763
"4254",-16681.971
"4255",-16845.873
"4256",-16260.222
"4257",-17117.943
"4258",-16982.126
"4259",-16823.23
"4260",-16596.722
"4261",-16739.711
"4262",-16749.755
"4263",-16665.556
"4264",-17285.701
"4265",-16325.068
"4266",-16936.183
"4267",-16899.24
"4268",-16876.412
"4269",-16529.607
"4270",-16751.047
"4271",-16571.504
"4272",-16566.533
"4273",-16616.205
"4274",-16788.573
"4275",-16945.732
"4276",-16350.118
"4277",-16892.769
"4278",-16533.917
"4279",-17163.713
"4280",-16534.432
"4281",-16690.129
"4282",-16682.397
"4283",-17249.992
"4284",-16779.35
"4285",-16728.406
"4286",-16456.346
"4287",-16829.1
"4288",-16205.231
"4289",-17024.077
"4290",-17037.659
"4291",-16651.903
"4292",-16381.929
"4293",-17044.386
"4294",-16776.002
"4295",-17321.593
"4296",-16831.053
"4297",-17307.373
"4298",-16663.479
"4299",-17073.84
"4300",-16632.545
"4301",-16925.213
"4302",-16705.194
"4303",-16950.163
"4304",-16685.838
"4305",-17071.162
"4306",-17201.271
"4307",-16417.269
"4308",-16570.079
"4309",-16716.479
"4310",-16829.584
"4311",-16849.13
"4312",-17053.335
"4313",-16488.87
"4314",-16878.824
"4315",-17012.255
"4316",-16449.946
"4317",-17002.619
"4318",-16727.472
"4319",-16806.6
"4320",-16611.975
"4321",-16368.198
"4322",-16627.421
"4323",-16680.741
"4324",-16752.99
"4325",-16983.861
"4326",-16824.908
"4327",-16798.48
"4328",-16482.688
"4329",-16651.124
"4330",-16618.451
"4331",-16577.169
"4332",-16824.714
"4333",-16907.138
"4334",-17119.244
"4335",-16874.405
"4336",-16951.238
"4337",-16672.448
"4338",-17209.16
"4339",-16898.701
"4340",-17094.504
"4341",-16567.842
"4342",-16845.569
"4343",-16994.776
"4344",-17295.511
"4345",-17484.307
"4346",-16920.021
"4347",-17046.245
"4348",-16520.784
"4349",-16739.647
"4350",-16846.058
"4351",-16577.226
"4352",-17346.355
"4353",-16340.122
"4354",-16738.568
"4355",-16335.628
"4356",-16521.11
"4357",-17060.631
"4358",-16853.859
"4359",-16759.542
"4360",-16864.052
"4361",-16765.381
"4362",-16943.402
"4363",-16409.048
"4364",-16905.163
"4365",-16989.484
"4366",-17359.925
"4367",-16314.969
"4368",-16965.762
"4369",-16526.012
"4370",-16693.383
"4371",-16511.653
"4372",-16887.892
"4373",-16731.484
"4374",-16648.678
"4375",-17171.251
"4376",-17100.406
"4377",-16733.516
"4378",-16815.331
"4379",-17123.361
"4380",-16977.605
"4381",-16655.508
"4382",-16647.432
"4383",-16557.321
"4384",-16630.229
"4385",-16968.959
"4386",-16571.861
"4387",-16824.108
"4388",-16885.458
"4389",-16670.107
"4390",-17310.19
"4391",-16605.693
"4392",-16958.908
"4393",-16733.697
"4394",-17496.892
"4395",-16774.169
"4396",-16709.939
"4397",-16677.255
"4398",-16956.327
"4399",-16657.379
"4400",-16685.686
"4401",-16694.714
"4402",-17405.761
"4403",-16886.718
"4404",-16548.969
"4405",-17058.096
"4406",-16866.029
"4407",-16335.478
"4408",-16708.348
"4409",-16663.042
"4410",-16848.948
"4411",-16625.759
"4412",-17049.335
"4413",-16520.67
"4414",-16726.269
"4415",-16684.089
"4416",-16779.088
"4417",-16644.457
"4418",-16991.847
"4419",-16971.993
"4420",-16976.774
"4421",-16552.708
"4422",-16611.072
"4423",-16420.539
"4424",-16800.61
"4425",-16665.236
"4426",-16515.707
"4427",-16701.71
"4428",-16721.531
"4429",-16734.132
"4430",-17547.372
"4431",-16478.507
"4432",-16704.695
"4433",-16449.835
"4434",-17126.771
"4435",-16510.236
"4436",-17315.984
"4437",-17065.08
"4438",-17072.794
"4439",-16596.482
"4440",-17194.506
"4441",-16889.039
"4442",-16732.468
"4443",-16662.364
"4444",-16810.702
"4445",-16925.648
"4446",-16859.858
"4447",-16607.389
"4448",-16619.491
"4449",-16574.6
"4450",-16692.013
"4451",-16845.005
"4452",-16759.437
"4453",-16592.369
"4454",-16984.693
"4455",-16800.303
"4456",-16583.007
"4457",-16805.774
"4458",-16949.959
"4459",-17191.92
"4460",-16654.359
"4461",-16677.444
"4462",-16780.555
"4463",-16829.664
"4464",-16866.096
"4465",-16807.691
"4466",-17276.558
"4467",-16632.259
"4468",-17221.651
"4469",-16755.061
"4470",-16500.05
"4471",-17115.517
"4472",-16796.905
"4473",-16808.492
"4474",-16782.519
"4475",-16897.052
"4476",-16799.114
"4477",-16525.139
"4478",-17152.446
"4479",-17051.489
"4480",-16686.733
"4481",-16885.693
"4482",-16833.996
"4483",-16917.315
"4484",-16885.373
"4485",-16657.41
"4486",-16758.387
"4487",-16766.119
"4488",-16352.317
"4489",-16565.288
"4490",-16681.454
"4491",-17218.8
"4492",-17176.978
"4493",-16726.518
"4494",-16620.702
"4495",-16891.447
"4496",-16769.225
"4497",-16464.977
"4498",-17400.975
"4499",-16800.222
"4500",-16751.957
"4501",-16230.102
"4502",-16857.142
"4503",-16981.767
"4504",-16735.675
"4505",-16690.489
"4506",-17107.95
"4507",-16984.616
"4508",-16613.44
"4509",-16728.781
"4510",-16730.69
"4511",-16715.291
"4512",-16720.1
"4513",-16514.29
"4514",-17181.243
"4515",-16865.874
"4516",-17049.806
"4517",-16741.15
"4518",-17112.35
"4519",-16992.136
"4520",-16965.485
"4521",-16459.906
"4522",-16545.857
"4523",-16705.179
"4524",-16241.686
"4525",-16932.997
"4526",-16486.04
"4527",-16483.547
"4528",-16736.001
"4529",-16687.7
"4530",-16718.296
"4531",-17312.559
"4532",-16282.333
"4533",-16988.069
"4534",-16613.087
"4535",-16535.121
"4536",-16532.653
"4537",-16907.16
"4538",-16679.342
"4539",-16864.059
"4540",-16539.779
"4541",-16756.327
"4542",-16490.639
"4543",-16856.125
"4544",-16815.061
"4545",-16968.34
"4546",-17245.808
"4547",-16585.39
"4548",-16954.686
"4549",-17045.517
"4550",-16975.138
"4551",-16898.225
"4552",-16261.627
"4553",-16980.747
"4554",-17305.192
"4555",-16599.42
"4556",-16876.194
"4557",-16786.453
"4558",-16513.375
"4559",-16656.494
"4560",-16943.287
"4561",-16428.398
"4562",-16808.641
"4563",-16707.864
"4564",-16770.856
"4565",-17072.76
"4566",-17052.171
"4567",-17062.075
"4568",-16246.234
"4569",-16515.222
"4570",-16583.936
"4571",-16469.254
"4572",-16779.286
"4573",-16415.779
"4574",-17473.989
"4575",-16914.958
"4576",-16889.442
"4577",-16587.263
"4578",-16899.552
"4579",-16724.523
"4580",-16572.227
"4581",-16978.281
"4582",-17066.575
"4583",-17161.834
"4584",-16755.186
"4585",-16757.565
"4586",-16824.262
"4587",-16625.737
"4588",-17140.979
"4589",-17296.56
"4590",-16589.039
"4591",-16454.021
"4592",-16939.916
"4593",-17006.569
"4594",-16652.087
"4595",-16641.323
"4596",-16388.666
"4597",-17099.329
"4598",-16642.646
"4599",-16670.705
"4600",-17042.343
"4601",-16412.19
"4602",-17188.274
"4603",-17325.985
"4604",-16484.768
"4605",-16885.594
"4606",-16622.323
"4607",-16852.391
"4608",-16704.854
"4609",-16690.501
"4610",-16987.261
"4611",-16978.008
"4612",-16939.839
"4613",-17148.668
"4614",-16755.037
"4615",-16996.357
"4616",-16713.66
"4617",-16607.679
"4618",-17070.713
"4619",-16620.818
"4620",-16910.162
"4621",-16778.889
"4622",-16646.741
"4623",-16602.887
"4624",-16717.086
"4625",-16421.733
"4626",-16654.405
"4627",-16816.545
"4628",-16960.577
"4629",-16914.856
"4630",-16715.289
"4631",-16509.934
"4632",-17093.275
"4633",-16787.473
"4634",-16640.079
"4635",-16501.071
"4636",-16817.598
"4637",-16997.556
"4638",-17088.642
"4639",-16761.846
"4640",-16554.132
"4641",-16484.083
"4642",-17008.174
"4643",-17039.318
"4644",-16677.794
"4645",-16550.989
"4646",-16953.581
"4647",-16831.391
"4648",-17138.58
"4649",-16244.162
"4650",-16524.124
"4651",-16563.367
"4652",-16853.431
"4653",-16868.479
"4654",-16645.505
"4655",-17195.172
"4656",-16831.942
"4657",-16707.197
"4658",-17014.234
"4659",-16186.237
"4660",-17262.148
"4661",-16866.972
"4662",-16460.339
"4663",-16688.685
"4664",-16801.274
"4665",-17119.047
"4666",-16791.402
"4667",-16853.598
"4668",-16990.31
"4669",-16954.271
"4670",-16527.123
"4671",-16852.545
"4672",-16928.356
"4673",-16711.719
"4674",-16844.288
"4675",-16769.802
"4676",-16740.772
"4677",-16808.039
"4678",-16529.259
"4679",-16695.477
"4680",-17013.775
"4681",-16922.975
"4682",-16707.283
"4683",-16591.64
"4684",-16533.646
"4685",-16928.426
"4686",-17243.238
"4687",-16717.965
"4688",-16537.238
"4689",-17093.659
"4690",-16694.747
"4691",-16545.441
"4692",-16785.352
"4693",-16663.032
"4694",-16464.541
"4695",-17286.125
"4696",-17160.449
"4697",-16973.496
"4698",-16623.695
"4699",-16922.901
"4700",-16859.437
"4701",-16938.939
"4702",-15991.835
"4703",-16969.961
"4704",-17165.952
"4705",-16592.945
"4706",-16441.78
"4707",-16825.349
"4708",-16662.742
"4709",-17304.395
"4710",-16771.83
"4711",-17199.523
"4712",-17106.365
"4713",-17142.162
"4714",-16726.328
"4715",-17098.296
"4716",-16602.566
"4717",-17163.324
"4718",-16970.763
"4719",-16615.518
"4720",-17072.154
"4721",-17081.718
"4722",-16409.171
"4723",-17202.567
"4724",-17090.568
"4725",-16401.911
"4726",-17086.024
"4727",-16951.223
"4728",-16805.174
"4729",-16740.597
"4730",-16934.905
"4731",-16815.804
"4732",-16823.074
"4733",-16378.724
"4734",-16576.401
"4735",-16674.82
"4736",-17200.744
"4737",-16710.113
"4738",-16475.743
"4739",-16429.636
"4740",-16966.127
"4741",-17201.423
"4742",-16506.967
"4743",-16418.981
"4744",-16592.227
"4745",-16789.091
"4746",-16737.227
"4747",-16585.017
"4748",-16740.241
"4749",-16749.684
"4750",-16811.874
"4751",-16640.086
"4752",-17101.856
"4753",-16852.632
"4754",-16862.528
"4755",-16880.337
"4756",-16562.544
"4757",-16688.909
"4758",-16730.385
"4759",-16910.875
"4760",-17017.313
"4761",-16851.134
"4762",-16637.085
"4763",-16624.933
"4764",-16763.116
"4765",-17254.471
"4766",-16994.055
"4767",-17291.082
"4768",-16481.499
"4769",-16401.671
"4770",-16820.638
"4771",-16977.659
"4772",-16804.952
"4773",-16765.601
"4774",-16859.934
"4775",-16657.673
"4776",-16700.889
"4777",-16869.623
"4778",-16405.854
"4779",-16481.496
"4780",-16867.814
"4781",-16439.113
"4782",-16444.101
"4783",-17024.728
"4784",-16427.271
"4785",-16734.16
"4786",-16973.947
"4787",-16545.314
"4788",-16260.637
"4789",-17028.51
"4790",-16765.838
"4791",-16442.396
"4792",-16453.744
"4793",-16831.019
"4794",-16788.928
"4795",-16895.837
"4796",-16703.335
"4797",-16438.189
"4798",-17059.495
"4799",-16549.9
"4800",-17042.704
"4801",-17059.124
"4802",-16845.089
"4803",-16365.53
"4804",-16727.134
"4805",-16902.319
"4806",-16654.976
"4807",-16764.886
"4808",-17108.293
"4809",-17056.774
"4810",-16559.66
"4811",-16997.417
"4812",-17210.609
"4813",-16905.086
"4814",-16624.115
"4815",-16881.537
"4816",-16864.988
"4817",-16735.553
"4818",-17081.043
"4819",-16128.597
"4820",-16547.413
"4821",-16704.48
"4822",-16601.72
"4823",-17206.953
"4824",-17171.106
"4825",-16978.496
"4826",-17283.117
"4827",-16491.972
"4828",-16438.536
"4829",-16764.597
"4830",-16855.091
"4831",-16636.767
"4832",-16186.086
"4833",-16866.235
"4834",-16695.279
"4835",-16896.918
"4836",-16841.13
"4837",-16575.345
"4838",-16269.706
"4839",-16698.865
"4840",-16580.879
"4841",-17045.62
"4842",-16558.633
"4843",-16776.952
"4844",-16827.814
"4845",-16867.727
"4846",-16794.979
"4847",-16384.177
"4848",-16404.06
"4849",-16823.203
"4850",-16893.434
"4851",-16439.649
"4852",-16851.908
"4853",-16445.357
"4854",-16789.818
"4855",-16886.366
"4856",-17201.64
"4857",-17021.591
"4858",-16793.039
"4859",-16685.298
"4860",-16803.3
"4861",-16853.301
"4862",-16861.768
"4863",-16884.334
"4864",-16566.024
"4865",-16479.9
"4866",-16898.037
"4867",-17049.233
"4868",-17008.538
"4869",-16525.409
"4870",-16425.089
"4871",-16320.61
"4872",-17039.707
"4873",-16647.544
"4874",-16406.599
"4875",-16888.894
"4876",-16923.539
"4877",-17416.454
"4878",-16607.767
"4879",-16948.36
"4880",-16949.251
"4881",-16488.284
"4882",-17149.68
"4883",-16422.274
"4884",-16757.948
"4885",-16770.976
"4886",-16898.776
"4887",-16638.635
"4888",-16595.884
"4889",-17074.364
"4890",-16838.845
"4891",-16028.084
"4892",-16964.025
"4893",-16860.781
"4894",-16889.899
"4895",-16558.696
"4896",-16824.446
"4897",-16726.369
"4898",-17184.225
"4899",-16806.122
"4900",-17054.853
"4901",-16761.692
"4902",-16421.42
"4903",-16643.017
"4904",-16592.995
"4905",-16511.05
"4906",-16796.304
"4907",-16765.559
"4908",-16325.289
"4909",-16732.797
"4910",-17167.756
"4911",-16755.286
"4912",-16947.895
"4913",-17162.001
"4914",-16799.298
"4915",-16426.588
"4916",-16695.626
"4917",-16805.998
"4918",-17108.666
"4919",-16517.665
"4920",-17193.843
"4921",-16987.265
"4922",-17102.621
"4923",-16851.983
"4924",-16827.594
"4925",-16775.301
"4926",-16784.463
"4927",-16450.584
"4928",-16620.614
"4929",-16884.073
"4930",-16058.908
"4931",-16798.761
"4932",-16831.437
"4933",-16992.09
"4934",-16241.732
"4935",-16533.422
"4936",-16814.588
"4937",-16778.957
"4938",-16379.336
"4939",-16525.909
"4940",-17066.516
"4941",-16977.457
"4942",-17073.058
"4943",-17242.583
"4944",-17026.69
"4945",-16556.74
"4946",-16613.925
"4947",-16539.933
"4948",-16854.63
"4949",-16794.918
"4950",-16768.395
"4951",-16638.613
"4952",-16423.136
"4953",-16504.529
"4954",-16800.561
"4955",-16627.007
"4956",-16679.967
"4957",-16343.623
"4958",-16822.239
"4959",-16994.647
"4960",-16946.256
"4961",-16383.331
"4962",-16947.992
"4963",-16676.763
"4964",-16657.8
"4965",-17246.006
"4966",-16492.885
"4967",-17036.834
"4968",-16450.742
"4969",-16782.261
"4970",-17093.799
"4971",-16651.032
"4972",-16349.298
"4973",-16992.808
"4974",-16779.6
"4975",-16581.203
"4976",-16986.241
"4977",-16606.211
"4978",-16744.468
"4979",-16323.845
"4980",-17250.926
"4981",-16689.903
"4982",-16771.981
"4983",-16829.422
"4984",-17055.185
"4985",-16749.787
"4986",-16531.848
"4987",-16588.004
"4988",-17055.941
"4989",-16945.622
"4990",-16816.555
"4991",-16708.247
"4992",-16711.619
"4993",-16808.847
"4994",-16615.734
"4995",-16580.732
"4996",-16422.865
"4997",-16724.189
"4998",-17147.408
"4999",-16863.223
"5000",-16796.888
"5001",-16608.211
"5002",-17375.735
"5003",-16774.269
"5004",-16110.175
"5005",-16769.724
"5006",-16844.746
"5007",-16535.887
"5008",-16830.184
"5009",-17057.197
"5010",-17126.022
"5011",-16829.84
"5012",-16581.465
"5013",-17139.129
"5014",-16873.628
"5015",-16728.984
"5016",-17089.472
"5017",-16591.179
"5018",-16706.66
"5019",-16711.42
"5020",-16724.11
"5021",-16370.666
"5022",-16959.239
"5023",-16614.165
"5024",-16601.648
"5025",-16933.872
"5026",-16924.913
"5027",-17101.017
"5028",-16696.316
"5029",-16077.314
"5030",-16419.099
"5031",-16599.796
"5032",-16468.963
"5033",-16621.532
"5034",-16700.265
"5035",-16764.281
"5036",-16765.209
"5037",-16202.576
"5038",-16880.806
"5039",-16647.888
"5040",-16929.965
"5041",-16716.313
"5042",-16577.636
"5043",-16991.917
"5044",-16937.388
"5045",-16969.863
"5046",-17408.424
"5047",-16544.945
"5048",-16403.423
"5049",-17368.7
"5050",-16804.929
"5051",-16515.479
"5052",-17190.464
"5053",-16728.142
"5054",-16676.428
"5055",-17090.205
"5056",-16735.143
"5057",-17026.994
"5058",-16917.881
"5059",-16676.685
"5060",-17347.199
"5061",-17051.939
"5062",-16948.514
"5063",-16459.509
"5064",-17367.059
"5065",-17075.754
"5066",-16757.263
"5067",-16700.45
"5068",-16884.024
"5069",-16857.531
"5070",-17092.268
"5071",-16480.065
"5072",-16590.764
"5073",-16506.519
"5074",-16703.928
"5075",-16894.279
"5076",-16322.139
"5077",-16747.222
"5078",-16470.103
"5079",-16916.509
"5080",-16955.157
"5081",-17039.292
"5082",-16724.936
"5083",-17323.701
"5084",-16653.679
"5085",-17001.107
"5086",-16762.973
"5087",-17005.949
"5088",-16888.332
"5089",-17208.904
"5090",-16219.268
"5091",-16498.089
"5092",-16851.307
"5093",-16441.236
"5094",-16924.999
"5095",-16878.988
"5096",-16895.244
"5097",-16339.794
"5098",-16448.511
"5099",-16598.922
"5100",-17206.531
"5101",-16780.698
"5102",-17069.336
"5103",-16784.617
"5104",-16622.536
"5105",-16789.315
"5106",-16539.756
"5107",-16759.315
"5108",-16789.248
"5109",-16728.237
"5110",-16740.414
"5111",-16683.673
"5112",-16518.742
"5113",-17110.396
"5114",-16728.06
"5115",-16249.448
"5116",-16795.289
"5117",-16880.092
"5118",-16444.115
"5119",-16983.288
"5120",-17494.003
"5121",-16902.568
"5122",-17368.471
"5123",-17136.438
"5124",-16375.848
"5125",-16746.175
"5126",-17056.665
"5127",-17095.299
"5128",-16674.92
"5129",-16820.006
"5130",-16716.811
"5131",-17357.368
"5132",-17179.774
"5133",-17147.154
"5134",-16899.146
"5135",-16949.981
"5136",-17175.449
"5137",-16891.427
"5138",-16446.499
"5139",-16715.715
"5140",-16806.682
"5141",-16764.311
"5142",-16824.951
"5143",-17039.777
"5144",-17008.859
"5145",-16613.3
"5146",-16674.164
"5147",-16950.684
"5148",-16725.219
"5149",-16606.725
"5150",-16363.602
"5151",-16757.465
"5152",-17001.911
"5153",-16960.335
"5154",-16782.13
"5155",-16030.288
"5156",-16567.064
"5157",-16596.127
"5158",-17005.784
"5159",-16935.982
"5160",-16373.945
"5161",-17030.624
"5162",-17345.128
"5163",-16861.617
"5164",-16819.693
"5165",-16922.704
"5166",-16526.238
"5167",-16674.338
"5168",-16877.861
"5169",-16253.999
"5170",-16598.913
"5171",-16718.969
"5172",-16551.446
"5173",-17052.519
"5174",-16691.308
"5175",-16876.967
"5176",-16968.311
"5177",-16383.546
"5178",-16213.241
"5179",-17106.453
"5180",-16610.001
"5181",-16687.994
"5182",-16692.34
"5183",-16830.444
"5184",-16730.179
"5185",-17116.745
"5186",-16198.731
"5187",-16952.522
"5188",-16607.683
"5189",-16428.724
"5190",-17047.879
"5191",-16545.26
"5192",-17229.315
"5193",-16712.462
"5194",-16943.297
"5195",-16838.29
"5196",-16769.709
"5197",-16796.553
"5198",-16672.354
"5199",-16604.155
"5200",-16968.562
"5201",-16952.85
"5202",-16978.505
"5203",-16608.789
"5204",-16891.058
"5205",-17160.911
"5206",-16368.89
"5207",-16225.699
"5208",-16527.912
"5209",-16661.62
"5210",-17213.238
"5211",-16872.203
"5212",-16991.906
"5213",-16949.311
"5214",-16993.233
"5215",-17130.689
"5216",-16763.156
"5217",-16928.232
"5218",-17068.804
"5219",-16614.267
"5220",-16442.844
"5221",-16939.004
"5222",-16968.83
"5223",-16875.147
"5224",-16510.316
"5225",-16657.386
"5226",-16346.489
"5227",-16865.842
"5228",-16705.759
"5229",-17204.021
"5230",-16782.743
"5231",-16808.846
"5232",-16959.426
"5233",-17087.325
"5234",-16925.879
"5235",-16493.801
"5236",-16652.238
"5237",-16936.271
"5238",-17069.073
"5239",-16617.098
"5240",-16838.204
"5241",-16582.178
"5242",-16854.841
"5243",-16859.772
"5244",-16662.734
"5245",-16866.207
"5246",-17170.612
"5247",-16652.342
"5248",-16841.038
"5249",-16708.174
"5250",-16649.525
"5251",-16986.536
"5252",-16523.062
"5253",-16269.418
"5254",-16441.281
"5255",-17254.04
"5256",-16614.777
"5257",-16426.314
"5258",-16878.474
"5259",-16822.923
"5260",-16584.527
"5261",-16939.255
"5262",-16900.251
"5263",-16758.57
"5264",-16881.531
"5265",-16635.809
"5266",-17002.304
"5267",-17447.764
"5268",-16650.372
"5269",-16343.953
"5270",-16681.798
"5271",-16713.459
"5272",-16485.06
"5273",-16875.759
"5274",-17049.679
"5275",-16950.032
"5276",-16975.2
"5277",-16543.358
"5278",-17068.653
"5279",-16832.935
"5280",-16746.594
"5281",-16964.025
"5282",-17197.787
"5283",-17014.836
"5284",-16679.801
"5285",-16555.088
"5286",-17042.53
"5287",-16602.045
"5288",-17076.765
"5289",-16863.551
"5290",-16688.872
"5291",-17225.964
"5292",-17161.903
"5293",-17048.36
"5294",-17012.587
"5295",-16857.454
"5296",-16825.456
"5297",-16714.794
"5298",-17158.364
"5299",-16711.853
"5300",-16709.801
"5301",-16258.096
"5302",-16765.101
"5303",-16826.526
"5304",-16733.668
"5305",-16858.808
"5306",-17004.301
"5307",-16756.843
"5308",-17077.585
"5309",-16919.316
"5310",-17018.115
"5311",-17220.473
"5312",-16510.285
"5313",-16772.233
"5314",-16924.231
"5315",-16967.662
"5316",-17098.057
"5317",-17108.99
"5318",-16456.842
"5319",-16681.562
"5320",-16771.221
"5321",-17122.259
"5322",-16830.341
"5323",-16975.29
"5324",-16916.19
"5325",-16954.539
"5326",-16901.801
"5327",-16995.769
"5328",-17102.959
"5329",-16419.477
"5330",-16706.386
"5331",-16973.403
"5332",-16969.31
"5333",-16643.016
"5334",-16423.551
"5335",-16520.879
"5336",-16718.093
"5337",-16605.486
"5338",-16533.991
"5339",-16425.883
"5340",-16589.132
"5341",-16220.921
"5342",-16773.305
"5343",-16966.105
"5344",-16923.03
"5345",-16723.333
"5346",-17225.316
"5347",-16795.437
"5348",-16999.067
"5349",-16818.548
"5350",-16473.731
"5351",-16810.858
"5352",-16853.672
"5353",-16628.23
"5354",-16575.777
"5355",-16828.13
"5356",-17308.208
"5357",-16545.991
"5358",-16901.841
"5359",-16484.285
"5360",-17290.492
"5361",-16872.439
"5362",-16818.492
"5363",-16560.544
"5364",-16506.137
"5365",-16972.209
"5366",-16407.186
"5367",-16658.399
"5368",-17040.142
"5369",-16831.136
"5370",-17198.251
"5371",-16874.951
"5372",-16536.782
"5373",-16768.478
"5374",-16388.444
"5375",-16895.289
"5376",-16980.415
"5377",-16904.769
"5378",-16836.08
"5379",-16387.645
"5380",-17001.404
"5381",-17077.242
"5382",-16707.081
"5383",-16690.419
"5384",-17008.012
"5385",-16985.037
"5386",-16672.158
"5387",-16981.745
"5388",-16611.291
"5389",-16684.513
"5390",-16561.036
"5391",-16797.633
"5392",-16521.76
"5393",-16357.371
"5394",-16538.792
"5395",-17016.32
"5396",-17028.155
"5397",-16813.786
"5398",-16778.194
"5399",-16871.656
"5400",-16670.349
"5401",-17144.274
"5402",-17172.902
"5403",-17207.846
"5404",-16535.616
"5405",-16582.607
"5406",-16406.385
"5407",-17431.699
"5408",-17027.736
"5409",-16882.692
"5410",-16785.306
"5411",-17030.55
"5412",-17004.527
"5413",-16665.5
"5414",-16820.17
"5415",-16589.206
"5416",-17163.296
"5417",-16850.468
"5418",-16905.645
"5419",-16974.49
"5420",-16360.066
"5421",-16556.382
"5422",-16816.894
"5423",-16827.666
"5424",-16948.731
"5425",-16766.922
"5426",-16701.296
"5427",-16801.111
"5428",-16709.422
"5429",-16906.92
"5430",-16924.386
"5431",-16994.422
"5432",-17254.167
"5433",-16693.479
"5434",-17083.024
"5435",-16540.645
"5436",-17262.014
"5437",-16519.674
"5438",-16714.202
"5439",-16406.796
"5440",-16418.88
"5441",-16904.709
"5442",-17032.429
"5443",-17136.883
"5444",-17245.61
"5445",-16712.366
"5446",-16873.781
"5447",-16978.928
"5448",-16743.633
"5449",-16991.546
"5450",-16735.567
"5451",-17314.423
"5452",-17219.309
"5453",-16944.966
"5454",-16882.69
"5455",-16922.836
"5456",-16778.501
"5457",-16746.246
"5458",-16735.335
"5459",-16548.967
"5460",-16318.391
"5461",-17003.806
"5462",-17041.143
"5463",-16838.828
"5464",-16478.259
"5465",-16467.998
"5466",-16871.09
"5467",-16169.574
"5468",-16881.361
"5469",-16803.038
"5470",-16556.551
"5471",-16695.897
"5472",-16849.157
"5473",-16424.356
"5474",-16569.881
"5475",-17199.731
"5476",-16598.281
"5477",-16873.313
"5478",-16625.052
"5479",-17043.641
"5480",-16637.274
"5481",-16662.184
"5482",-16495.478
"5483",-17018.414
"5484",-16851.471
"5485",-16762.457
"5486",-16828.097
"5487",-16773.899
"5488",-16794.96
"5489",-17146.236
"5490",-17004.195
"5491",-17122.098
"5492",-16824.678
"5493",-16693.501
"5494",-16632.76
"5495",-16349.631
"5496",-16659.955
"5497",-17153.674
"5498",-16780.825
"5499",-16804.549
"5500",-16904.021
"5501",-16706.64
"5502",-16749.243
"5503",-16900.823
"5504",-16847.748
"5505",-16750.653
"5506",-16971.208
"5507",-17007.928
"5508",-16444.153
"5509",-16673.032
"5510",-16400.954
"5511",-17030.828
"5512",-16825.345
"5513",-16890.597
"5514",-17026.561
"5515",-16963.148
"5516",-16837.739
"5517",-16519.602
"5518",-16669.271
"5519",-16613.987
"5520",-16702.933
"5521",-16637.45
"5522",-16719.254
"5523",-17004.586
"5524",-16972.21
"5525",-17181.948
"5526",-16689.586
"5527",-16666.477
"5528",-16959.607
"5529",-16653.637
"5530",-16698.442
"5531",-16570.664
"5532",-17034.151
"5533",-16923.322
"5534",-16860.686
"5535",-16619.463
"5536",-16917.327
"5537",-17342.973
"5538",-16790.183
"5539",-16827.158
"5540",-16821.526
"5541",-16933.521
"5542",-16378.348
"5543",-16669.541
"5544",-17037.477
"5545",-16584.649
"5546",-16549.454
"5547",-16670.049
"5548",-16605.449
"5549",-16534.77
"5550",-16979.846
"5551",-16900.949
"5552",-16577.281
"5553",-16474.702
"5554",-17266.369
"5555",-17249.885
"5556",-16904.138
"5557",-16534.279
"5558",-17377.542
"5559",-16018.694
"5560",-17116.758
"5561",-16965.544
"5562",-16913.45
"5563",-16561.021
"5564",-16810.752
"5565",-16691.055
"5566",-16328.734
"5567",-16916.727
"5568",-16898.673
"5569",-16865.598
"5570",-16463.12
"5571",-16855.401
"5572",-17011.725
"5573",-16121.641
"5574",-16687.461
"5575",-17103.716
"5576",-16638.163
"5577",-16718.737
"5578",-16792.118
"5579",-16953.771
"5580",-16978.313
"5581",-16614.307
"5582",-16670.408
"5583",-16935.554
"5584",-16864.629
"5585",-17030.162
"5586",-16699.753
"5587",-16213.433
"5588",-16377.865
"5589",-16763.943
"5590",-17108.975
"5591",-16963.31
"5592",-16856.75
"5593",-16855.981
"5594",-16881.745
"5595",-16523.97
"5596",-17061.274
"5597",-16961.601
"5598",-17163.618
"5599",-16533.994
"5600",-17123.368
"5601",-16474.591
"5602",-16855.006
"5603",-16913.84
"5604",-16981.061
"5605",-16901.06
"5606",-16862.801
"5607",-16495.83
"5608",-16898.78
"5609",-16428.129
"5610",-16738.4
"5611",-16812.015
"5612",-16985.906
"5613",-16843.082
"5614",-16585.243
"5615",-17008.223
"5616",-16459.026
"5617",-16519.109
"5618",-16728.359
"5619",-16841.033
"5620",-17087.297
"5621",-17006.264
"5622",-16596.515
"5623",-16730.141
"5624",-16736.561
"5625",-16834.735
"5626",-16802.481
"5627",-16914.326
"5628",-17231.855
"5629",-16693.187
"5630",-16800.567
"5631",-16686.095
"5632",-16617.837
"5633",-16707.34
"5634",-16564.369
"5635",-17129.329
"5636",-16702.884
"5637",-16680.71
"5638",-16987.47
"5639",-16503.243
"5640",-16708.9
"5641",-16466.723
"5642",-16544.428
"5643",-16605.405
"5644",-17051.639
"5645",-16778.3
"5646",-16973.543
"5647",-17453.645
"5648",-16654.826
"5649",-16931.77
"5650",-16125.889
"5651",-16495.107
"5652",-16145.936
"5653",-16824.424
"5654",-17246.912
"5655",-16524.24
"5656",-17198.956
"5657",-16688.669
"5658",-17039.493
"5659",-16686.666
"5660",-16602.097
"5661",-16754.985
"5662",-16835.164
"5663",-16738.481
"5664",-16834.474
"5665",-16413.97
"5666",-16693.106
"5667",-16815.718
"5668",-16554.746
"5669",-16726.707
"5670",-16994.349
"5671",-16778.93
"5672",-17090.611
"5673",-16641.431
"5674",-16449.141
"5675",-16783.794
"5676",-16629.251
"5677",-16731.131
"5678",-16627.913
"5679",-16350.56
"5680",-17050.153
"5681",-16960.949
"5682",-16668.121
"5683",-16752.934
"5684",-16263.502
"5685",-16523.303
"5686",-17062.08
"5687",-17362.433
"5688",-17140.28
"5689",-16572.625
"5690",-16927.583
"5691",-17067.877
"5692",-17150.949
"5693",-17235.639
"5694",-16914.094
"5695",-17307.735
"5696",-17009.756
"5697",-16304.133
"5698",-16854.629
"5699",-16871.359
"5700",-16872.264
"5701",-17099.813
"5702",-16609.854
"5703",-16527.858
"5704",-16460.383
"5705",-16611.622
"5706",-16789.861
"5707",-16915.748
"5708",-16976.181
"5709",-16625.509
"5710",-16978.152
"5711",-16986.799
"5712",-16841.547
"5713",-16529.943
"5714",-16872.622
"5715",-17035.99
"5716",-16567.898
"5717",-17260.263
"5718",-16809.512
"5719",-17273.3
"5720",-16420.658
"5721",-17017.052
"5722",-16926.318
"5723",-16502.742
"5724",-16717.87
"5725",-16936.808
"5726",-16613.592
"5727",-16909.644
"5728",-16733.124
"5729",-16319.115
"5730",-16908.769
"5731",-16703.161
"5732",-17157.036
"5733",-17174.297
"5734",-16787.987
"5735",-16573.395
"5736",-16631.559
"5737",-16717.069
"5738",-17036.819
"5739",-16864.463
"5740",-16859.324
"5741",-16394.355
"5742",-16785.602
"5743",-16963.949
"5744",-16673.758
"5745",-17051.047
"5746",-17301.942
"5747",-16859.136
"5748",-17422.869
"5749",-16642.325
"5750",-17113.656
"5751",-16704.08
"5752",-16805.916
"5753",-16933.183
"5754",-17126.095
"5755",-16823.852
"5756",-16689.931
"5757",-16858.434
"5758",-16767.041
"5759",-16774.909
"5760",-16166.752
"5761",-17360.534
"5762",-16326.887
"5763",-16940.446
"5764",-16750.784
"5765",-17082.321
"5766",-16574.079
"5767",-16384.83
"5768",-16768.913
"5769",-16098.244
"5770",-17083.466
"5771",-16948.462
"5772",-17164.016
"5773",-17233.038
"5774",-16331.228
"5775",-16557.221
"5776",-17332.276
"5777",-17006.565
"5778",-16430.694
"5779",-16760.833
"5780",-16453.226
"5781",-16505.132
"5782",-16754.482
"5783",-16711.722
"5784",-16553.175
"5785",-16145.718
"5786",-16972.593
"5787",-16858.843
"5788",-17004.274
"5789",-17077.885
"5790",-17094.501
"5791",-16607.135
"5792",-16656.423
"5793",-16963.394
"5794",-17144.592
"5795",-16231.782
"5796",-16855.813
"5797",-16805.988
"5798",-16998.794
"5799",-16513.085
"5800",-16639.462
"5801",-16552.573
"5802",-16698.911
"5803",-17466.034
"5804",-16718.204
"5805",-16141.166
"5806",-16375.234
"5807",-17016.406
"5808",-16986.97
"5809",-16551.775
"5810",-16642.018
"5811",-17272.88
"5812",-16467.836
"5813",-17162.375
"5814",-16657.849
"5815",-17119.953
"5816",-17066.826
"5817",-16944.822
"5818",-17142.269
"5819",-16779.555
"5820",-16926.908
"5821",-16875.591
"5822",-16867.901
"5823",-16831.149
"5824",-16708.401
"5825",-16777.516
"5826",-16550.076
"5827",-16649.938
"5828",-16457.107
"5829",-16598.721
"5830",-16964.56
"5831",-16735.663
"5832",-16682.004
"5833",-17135.964
"5834",-16865.146
"5835",-16867.108
"5836",-16330.81
"5837",-16989.607
"5838",-16704.057
"5839",-16808.566
"5840",-16526.361
"5841",-16845.1
"5842",-16876.441
"5843",-16694.113
"5844",-16943.746
"5845",-16549.338
"5846",-16529.804
"5847",-16928.874
"5848",-17022.114
"5849",-16904.35
"5850",-16423.256
"5851",-16731.386
"5852",-16979.153
"5853",-17038.294
"5854",-16591.563
"5855",-16795.102
"5856",-17149.212
"5857",-16521.787
"5858",-17142.676
"5859",-16609.196
"5860",-16739.309
"5861",-16881.465
"5862",-16796.985
"5863",-16329.517
"5864",-17058.452
"5865",-16948.932
"5866",-16950.867
"5867",-16901.226
"5868",-16809.915
"5869",-16939.957
"5870",-16723.31
"5871",-16619.003
"5872",-16890.59
"5873",-16943.706
"5874",-16834.553
"5875",-17341.697
"5876",-16707.455
"5877",-17008.275
"5878",-16959.647
"5879",-17102.435
"5880",-16516.944
"5881",-16321.074
"5882",-17253.723
"5883",-16873.916
"5884",-16598.38
"5885",-16807.858
"5886",-17123.894
"5887",-17488.803
"5888",-17212.152
"5889",-16818.283
"5890",-16944.202
"5891",-16304.919
"5892",-17199.298
"5893",-16815.653
"5894",-16717.699
"5895",-17113.094
"5896",-16816.37
"5897",-16867.04
"5898",-17209.456
"5899",-16732.453
"5900",-16775.129
"5901",-16678.746
"5902",-16888.514
"5903",-16029.067
"5904",-16537.62
"5905",-16827.484
"5906",-16404.48
"5907",-16365.139
"5908",-16703.187
"5909",-16801.081
"5910",-16785.093
"5911",-17080.12
"5912",-16836.961
"5913",-16653.082
"5914",-16695.896
"5915",-17066.677
"5916",-16484.656
"5917",-16624.184
"5918",-16786.817
"5919",-16699.483
"5920",-16713.704
"5921",-17192.596
"5922",-17189.367
"5923",-16464.052
"5924",-16529.826
"5925",-16675.634
"5926",-16851.927
"5927",-16592.947
"5928",-16674.385
"5929",-16945.451
"5930",-16535.553
"5931",-16691.35
"5932",-16739.007
"5933",-16724.578
"5934",-16782.796
"5935",-16984.929
"5936",-17192.499
"5937",-16634.321
"5938",-16693.674
"5939",-16296.348
"5940",-16759.141
"5941",-16532.552
"5942",-16719.111
"5943",-17255.923
"5944",-16677.701
"5945",-16920.567
"5946",-16836.389
"5947",-16876.664
"5948",-16462.296
"5949",-16567.018
"5950",-16914.177
"5951",-16622.951
"5952",-16778.957
"5953",-17123.501
"5954",-16552.41
"5955",-16832.011
"5956",-16750.553
"5957",-16565.222
"5958",-16483.092
"5959",-16466.895
"5960",-16793.052
"5961",-16760.477
"5962",-16875.965
"5963",-17036.72
"5964",-17216.897
"5965",-16395.09
"5966",-16860.021
"5967",-16651.105
"5968",-16666.331
"5969",-16494.656
"5970",-16445.077
"5971",-16880.362
"5972",-16571.945
"5973",-16904.831
"5974",-16810.937
"5975",-16914.249
"5976",-17088.616
"5977",-16861.994
"5978",-17208.349
"5979",-17100.851
"5980",-17174.403
"5981",-17174.665
"5982",-16762.516
"5983",-16678.83
"5984",-16994.682
"5985",-17159.589
"5986",-17422.107
"5987",-17278.97
"5988",-16311.526
"5989",-16384.955
"5990",-16790.793
"5991",-16585.837
"5992",-16831.005
"5993",-16907.874
"5994",-16849.28
"5995",-16837.784
"5996",-16445.682
"5997",-17002.233
"5998",-16524.668
"5999",-16911.007
"6000",-16646.171
"6001",-17290.664
"6002",-17393.064
"6003",-17380.408
"6004",-16230.662
"6005",-16578.462
"6006",-16593.539
"6007",-16933.818
"6008",-16490.408
"6009",-16837.948
"6010",-16385.88
"6011",-16428.552
"6012",-17047.942
"6013",-16602.876
"6014",-16963.424
"6015",-17038.752
"6016",-16697.281
"6017",-17148.929
"6018",-17205.14
"6019",-16680.44
"6020",-16727.081
"6021",-16531.797
"6022",-16375.881
"6023",-16669.475
"6024",-17135.998
"6025",-16626.263
"6026",-16716.336
"6027",-16731.538
"6028",-16611.907
"6029",-16895.492
"6030",-17328.12
"6031",-16739.035
"6032",-16667.528
"6033",-16617.118
"6034",-16945.451
"6035",-16540.607
"6036",-16222.883
"6037",-16932.319
"6038",-16863.966
"6039",-17107.309
"6040",-17027.268
"6041",-16871.886
"6042",-16889.004
"6043",-16301.615
"6044",-16701.419
"6045",-16563.901
"6046",-17097.264
"6047",-17005.922
"6048",-17176.947
"6049",-17019.656
"6050",-17203.918
"6051",-16530.689
"6052",-17086.72
"6053",-16891.286
"6054",-16844.496
"6055",-16587.891
"6056",-17137.068
"6057",-16795.165
"6058",-16610.763
"6059",-17046.542
"6060",-17227.087
"6061",-17154.631
"6062",-16549.463
"6063",-16675.716
"6064",-17063.885
"6065",-16668.83
"6066",-16749.032
"6067",-16735.94
"6068",-16595.889
"6069",-17138.932
"6070",-16547.303
"6071",-16955.868
"6072",-17096.955
"6073",-16893.138
"6074",-17546.88
"6075",-16465.395
"6076",-16919.358
"6077",-16931.793
"6078",-16890.855
"6079",-17226.691
"6080",-16541.351
"6081",-16593.757
"6082",-17061.9
"6083",-16929.608
"6084",-16402.093
"6085",-16657.294
"6086",-16902.09
"6087",-16892.121
"6088",-16387.202
"6089",-17155.428
"6090",-17108.07
"6091",-17148.621
"6092",-17330.904
"6093",-16187.973
"6094",-16537.562
"6095",-16811.654
"6096",-16750.425
"6097",-16743.053
"6098",-16610.497
"6099",-16537.737
"6100",-16717.257
"6101",-16862.691
"6102",-16525.202
"6103",-16847.187
"6104",-16518.375
"6105",-16662.809
"6106",-16783.831
"6107",-17045.471
"6108",-17123.587
"6109",-16939.131
"6110",-16757.173
"6111",-16962.551
"6112",-17394.752
"6113",-17446.143
"6114",-17143.742
"6115",-16873.533
"6116",-17226.531
"6117",-16627.957
"6118",-17206.11
"6119",-17196.324
"6120",-17006.565
"6121",-16994.661
"6122",-16645.293
"6123",-16951.813
"6124",-17420.414
"6125",-16575.42
"6126",-16793.971
"6127",-16810.59
"6128",-16936.43
"6129",-16273.315
"6130",-17044.893
"6131",-16730.076
"6132",-16739.317
"6133",-17220.648
"6134",-16408.568
"6135",-16878.779
"6136",-16878.864
"6137",-16622.26
"6138",-16688.904
"6139",-16628.907
"6140",-16409.241
"6141",-17453.111
"6142",-16911.167
"6143",-16670.221
"6144",-17081.172
"6145",-16621.665
"6146",-16576.748
"6147",-17058.893
"6148",-16681.436
"6149",-16969.711
"6150",-16719.881
"6151",-16468.22
"6152",-16435.175
"6153",-16913.805
"6154",-16536.294
"6155",-16895.486
"6156",-16777.979
"6157",-16771.318
"6158",-16765.421
"6159",-16552.466
"6160",-16339.387
"6161",-16649.599
"6162",-17077.231
"6163",-16298.449
"6164",-16946.715
"6165",-16736.896
"6166",-16674.947
"6167",-16663.781
"6168",-16632.255
"6169",-17042.477
"6170",-16434.725
"6171",-16819.517
"6172",-16779.829
"6173",-16577.631
"6174",-16607.426
"6175",-16797.637
"6176",-16735.911
"6177",-16777.429
"6178",-16933.426
"6179",-16948.138
"6180",-17038.766
"6181",-16087.95
"6182",-16952.203
"6183",-16877.416
"6184",-16776.023
"6185",-16887.719
"6186",-15894.229
"6187",-16866.308
"6188",-16983.036
"6189",-17251.449
"6190",-16948.622
"6191",-16421.196
"6192",-16349.009
"6193",-17016.641
"6194",-17005.639
"6195",-16445.658
"6196",-16316.558
"6197",-16686.715
"6198",-16798.666
"6199",-17089.307
"6200",-16997.079
"6201",-16793.213
"6202",-16491.039
"6203",-16734.187
"6204",-17031.051
"6205",-16882.053
"6206",-16969.586
"6207",-16640.583
"6208",-16724.673
"6209",-17133.338
"6210",-16547.145
"6211",-16999.473
"6212",-16680.788
"6213",-17061.137
"6214",-16632.729
"6215",-17347.101
"6216",-16389.562
"6217",-16928.891
"6218",-16581.017
"6219",-16986.334
"6220",-16889.511
"6221",-17169.928
"6222",-16910.531
"6223",-16975.63
"6224",-16491.16
"6225",-17036.73
"6226",-16853.48
"6227",-16651.199
"6228",-16988.832
"6229",-16372.691
"6230",-16570.921
"6231",-16917.522
"6232",-16196.251
"6233",-17493.818
"6234",-16731.772
"6235",-17224.409
"6236",-17007.321
"6237",-16300.927
"6238",-16464.743
"6239",-16960.863
"6240",-16578.236
"6241",-16651.462
"6242",-16635.177
"6243",-17046.783
"6244",-16968.533
"6245",-16576.039
"6246",-17155.607
"6247",-16588.255
"6248",-16531.833
"6249",-16694.235
"6250",-16665.554
"6251",-16885.813
"6252",-16718.259
"6253",-16907.735
"6254",-16866.773
"6255",-17162.773
"6256",-17004.484
"6257",-16543.844
"6258",-17235.592
"6259",-16493.45
"6260",-16816.784
"6261",-16987.03
"6262",-17231.759
"6263",-17149.422
"6264",-16805.631
"6265",-17221.989
"6266",-17416.478
"6267",-16677.968
"6268",-17277.505
"6269",-17126.86
"6270",-16698.009
"6271",-17129.256
"6272",-16928.266
"6273",-16769.992
"6274",-16678.853
"6275",-16606.717
"6276",-17124.183
"6277",-16784.27
"6278",-16890.579
"6279",-16336.331
"6280",-16799.643
"6281",-16758.465
"6282",-16632.236
"6283",-16254.556
"6284",-16950.776
"6285",-16789.766
"6286",-16335.301
"6287",-17476.279
"6288",-16942.602
"6289",-16954.874
"6290",-16598.293
"6291",-16638.048
"6292",-16743.214
"6293",-16746.458
"6294",-16680.903
"6295",-16654.73
"6296",-17035.884
"6297",-16929.25
"6298",-16762.311
"6299",-16642.841
"6300",-16829.585
"6301",-16870.961
"6302",-16695.958
"6303",-16174.4
"6304",-16521.318
"6305",-16888.073
"6306",-16515.158
"6307",-17228.12
"6308",-16917.852
"6309",-16795.441
"6310",-16911.571
"6311",-16600.155
"6312",-16844.456
"6313",-16674.522
"6314",-16715.564
"6315",-16674.779
"6316",-17062.247
"6317",-16852.074
"6318",-16727.666
"6319",-16367.095
"6320",-16716.776
"6321",-16716.158
"6322",-16570.47
"6323",-16221.666
"6324",-16457.903
"6325",-16675.01
"6326",-16976.764
"6327",-16662.314
"6328",-17031.25
"6329",-16726.175
"6330",-16928.864
"6331",-16796.245
"6332",-16594.935
"6333",-16759.324
"6334",-16890.513
"6335",-16902.602
"6336",-16721.446
"6337",-16769.634
"6338",-17051.617
"6339",-17119.888
"6340",-16426.678
"6341",-16660.39
"6342",-16421.349
"6343",-17158.586
"6344",-16914.774
"6345",-16650.001
"6346",-17284.018
"6347",-17046.017
"6348",-16370.297
"6349",-16484.747
"6350",-16712.753
"6351",-16946.294
"6352",-16817.217
"6353",-16631.773
"6354",-17108.57
"6355",-17248.037
"6356",-16756.02
"6357",-16502.545
"6358",-16771.037
"6359",-16747.284
"6360",-16685.42
"6361",-16800.661
"6362",-16792.009
"6363",-16639.365
"6364",-16942.865
"6365",-17173.919
"6366",-16828.497
"6367",-16994.948
"6368",-17206.312
"6369",-16395.924
"6370",-17316.755
"6371",-16843.685
"6372",-16697.266
"6373",-17173.3
"6374",-16964.78
"6375",-17273.281
"6376",-16108.96
"6377",-17300.797
"6378",-16787.16
"6379",-16488.343
"6380",-16730.92
"6381",-16313.504
"6382",-16602.467
"6383",-16475.022
"6384",-16688.926
"6385",-17438.4
"6386",-16969.116
"6387",-16592.878
"6388",-17123.407
"6389",-16996.9
"6390",-16325.212
"6391",-16739.232
"6392",-16533.188
"6393",-16895.984
"6394",-17089.369
"6395",-16686.312
"6396",-16686.943
"6397",-16997.422
"6398",-17208.49
"6399",-16676.018
"6400",-16922.593
"6401",-16814.467
"6402",-17113.285
"6403",-17030.55
"6404",-16682.595
"6405",-16601.637
"6406",-16669.331
"6407",-16444.819
"6408",-16850.789
"6409",-17069.629
"6410",-17218.939
"6411",-17348.431
"6412",-16895.2
"6413",-16849.423
"6414",-16960.537
"6415",-16478.366
"6416",-16523.269
"6417",-17255.429
"6418",-16451.173
"6419",-16777.728
"6420",-16456.017
"6421",-17083.135
"6422",-17000.582
"6423",-16550.813
"6424",-16455.515
"6425",-16683.431
"6426",-17010.453
"6427",-17187.036
"6428",-16914.522
"6429",-16541.524
"6430",-16817.214
"6431",-16146.969
"6432",-16810.812
"6433",-16510.605
"6434",-16554.57
"6435",-16893.659
"6436",-16819.302
"6437",-17065.597
"6438",-16745.618
"6439",-17113.578
"6440",-17197.198
"6441",-16516.163
"6442",-16804.726
"6443",-16679.164
"6444",-16734.612
"6445",-17004.64
"6446",-17213.515
"6447",-16703.215
"6448",-17128.429
"6449",-16800.861
"6450",-17201.58
"6451",-17326.109
"6452",-16399.512
"6453",-17335.234
"6454",-16897.883
"6455",-16830.431
"6456",-16774.391
"6457",-16606.132
"6458",-17095.825
"6459",-16932.507
"6460",-17012.679
"6461",-16563.718
"6462",-17026.991
"6463",-16615.513
"6464",-17022.352
"6465",-16612.077
"6466",-17199.446
"6467",-16989.527
"6468",-16740.94
"6469",-16855.956
"6470",-16662.277
"6471",-17107.653
"6472",-16933.739
"6473",-16611.851
"6474",-16650.714
"6475",-16412.041
"6476",-16588.535
"6477",-16571.217
"6478",-16811.343
"6479",-16365.902
"6480",-16650.423
"6481",-16526.402
"6482",-16237.539
"6483",-16814.523
"6484",-16986.028
"6485",-16708.425
"6486",-17176.001
"6487",-16595.318
"6488",-17002.816
"6489",-16974.786
"6490",-16578.04
"6491",-16358.239
"6492",-16778.495
"6493",-16902.644
"6494",-16754.482
"6495",-17166.074
"6496",-16646.03
"6497",-16939.085
"6498",-17049.207
"6499",-16582.204
"6500",-16590.528
"6501",-16875.302
"6502",-16915.158
"6503",-16424.518
"6504",-16918.08
"6505",-17061.152
"6506",-16139.378
"6507",-16740.054
"6508",-16828.95
"6509",-16520.389
"6510",-16743.124
"6511",-16859.918
"6512",-16998.777
"6513",-16527.953
"6514",-16884.57
"6515",-16556.139
"6516",-16692.103
"6517",-16982.771
"6518",-16651.931
"6519",-16683.948
"6520",-16628.309
"6521",-16335.457
"6522",-16726.834
"6523",-16212.048
"6524",-16605.703
"6525",-16602.436
"6526",-16473.535
"6527",-16458.639
"6528",-16504.543
"6529",-16234.431
"6530",-17034.55
"6531",-16717.816
"6532",-16925.807
"6533",-17124.883
"6534",-16789.549
"6535",-16875.913
"6536",-16527.659
"6537",-16900.273
"6538",-17426.196
"6539",-17140.519
"6540",-16528.911
"6541",-17077.242
"6542",-17295.99
"6543",-16701.68
"6544",-16808.045
"6545",-16670.147
"6546",-16964.035
"6547",-17220.484
"6548",-16412.299
"6549",-16639.914
"6550",-16693.833
"6551",-16409.821
"6552",-16659.763
"6553",-16729.739
"6554",-16872.683
"6555",-16844.403
"6556",-16886.972
"6557",-16819.962
"6558",-16910.922
"6559",-16722.082
"6560",-16526.39
"6561",-16678.904
"6562",-16829.918
"6563",-17276.853
"6564",-16530.502
"6565",-16376.473
"6566",-17098.173
"6567",-16671.783
"6568",-16813.786
"6569",-17192.896
"6570",-16990.422
"6571",-16571.87
"6572",-16769.609
"6573",-16668.574
"6574",-16480.864
"6575",-16916.866
"6576",-17316.124
"6577",-17050.706
"6578",-16854.485
"6579",-17155.739
"6580",-17001.862
"6581",-16597.268
"6582",-16876.321
"6583",-17026.24
"6584",-16751.286
"6585",-16842.071
"6586",-16722.918
"6587",-16825.741
"6588",-16633.51
"6589",-16624.656
"6590",-16793.804
"6591",-16867.074
"6592",-16850.6
"6593",-16505.364
"6594",-16704.316
"6595",-16588.088
"6596",-16654.878
"6597",-16989.402
"6598",-16679.397
"6599",-16877.247
"6600",-16619.886
"6601",-17203.8
"6602",-16988.833
"6603",-16721.079
"6604",-17413.767
"6605",-16757.65
"6606",-17037.948
"6607",-16663.431
"6608",-16215.356
"6609",-16303.163
"6610",-17053.069
"6611",-16981.585
"6612",-16954.26
"6613",-16797.452
"6614",-17252.075
"6615",-16475.846
"6616",-16569.405
"6617",-16338.939
"6618",-16436.208
"6619",-16620.059
"6620",-16829.458
"6621",-16819.558
"6622",-16643.42
"6623",-17027.566
"6624",-17425.414
"6625",-16512.935
"6626",-17304.813
"6627",-17089.825
"6628",-16362.55
"6629",-17112.748
"6630",-16773.883
"6631",-16893.383
"6632",-16355.666
"6633",-17130.878
"6634",-16755.843
"6635",-16818.538
"6636",-17030.561
"6637",-16753.763
"6638",-16550.113
"6639",-16682.078
"6640",-16501.022
"6641",-16781.515
"6642",-16761.352
"6643",-17080.499
"6644",-16292.255
"6645",-16676.752
"6646",-16623.764
"6647",-16636.779
"6648",-16957.054
"6649",-16760.486
"6650",-17132.232
"6651",-16625.551
"6652",-16475.477
"6653",-16369.529
"6654",-17082.726
"6655",-17250.721
"6656",-17101.342
"6657",-16214.908
"6658",-16993.11
"6659",-16758.835
"6660",-17632.645
"6661",-16724.465
"6662",-16919.975
"6663",-17000.828
"6664",-16381.927
"6665",-16950.367
"6666",-16660.537
"6667",-16810.191
"6668",-16578.787
"6669",-17104.733
"6670",-16849.215
"6671",-16747.913
"6672",-17326.274
"6673",-16782.835
"6674",-16419.405
"6675",-16607.48
"6676",-17050.964
"6677",-16748.7
"6678",-16716.866
"6679",-16846.721
"6680",-16832.111
"6681",-16870.171
"6682",-16817.364
"6683",-17419.582
"6684",-16822.496
"6685",-16817.545
"6686",-16211.24
"6687",-16863.577
"6688",-16713.691
"6689",-17165.599
"6690",-16820.522
"6691",-16791.886
"6692",-16789.143
"6693",-16314.885
"6694",-16677.135
"6695",-16999.623
"6696",-16346.147
"6697",-16559.423
"6698",-17203.533
"6699",-16566.486
"6700",-16961.926
"6701",-16766.023
"6702",-16711.666
"6703",-16713.766
"6704",-16827.767
"6705",-17026.003
"6706",-17062.956
"6707",-16613.85
"6708",-16801.844
"6709",-15812.097
"6710",-16521.354
"6711",-16851.805
"6712",-16631.096
"6713",-17043.045
"6714",-16816.354
"6715",-16408.918
"6716",-16510.826
"6717",-16931.074
"6718",-16686.604
"6719",-16513.622
"6720",-16679.94
"6721",-16899.748
"6722",-16798.762
"6723",-16213.599
"6724",-16717.693
"6725",-17119.705
"6726",-16521.162
"6727",-16427.966
"6728",-17051.829
"6729",-16791.824
"6730",-17025.093
"6731",-16688.862
"6732",-16910.878
"6733",-16782.541
"6734",-17263.828
"6735",-17274.843
"6736",-16430.773
"6737",-17082.329
"6738",-17121.985
"6739",-16485.147
"6740",-17032.761
"6741",-16858.732
"6742",-16951.782
"6743",-16968.532
"6744",-16806.07
"6745",-16828.178
"6746",-17015.801
"6747",-16920.087
"6748",-16861.266
"6749",-16414.86
"6750",-16581.944
"6751",-16837.796
"6752",-16748.516
"6753",-17368.93
"6754",-16538.02
"6755",-16118.202
"6756",-16616.226
"6757",-16398.355
"6758",-16457.865
"6759",-17052.855
"6760",-16641.973
"6761",-16986.487
"6762",-16443.6
"6763",-16580.729
"6764",-17071.442
"6765",-16873.674
"6766",-16998.094
"6767",-16574.416
"6768",-16283.012
"6769",-17052.515
"6770",-16734.293
"6771",-17285.744
"6772",-16699.449
"6773",-16978.759
"6774",-17085.946
"6775",-17120.486
"6776",-17059.383
"6777",-17131.413
"6778",-16591.419
"6779",-16665.102
"6780",-17044.227
"6781",-16426.78
"6782",-16779.292
"6783",-16791.572
"6784",-17040.545
"6785",-17226.396
"6786",-16870.146
"6787",-16691.185
"6788",-16966.481
"6789",-16754.627
"6790",-16426.635
"6791",-17263.238
"6792",-16898.169
"6793",-16773.773
"6794",-16886.508
"6795",-16601.203
"6796",-16976.584
"6797",-16666.997
"6798",-17073.306
"6799",-16495.356
"6800",-16916.823
"6801",-16962.087
"6802",-16684.827
"6803",-16501.276
"6804",-16846.142
"6805",-16664.406
"6806",-17145.17
"6807",-16471.364
"6808",-17191.285
"6809",-16829.853
"6810",-16777.929
"6811",-16510.411
"6812",-16730.857
"6813",-17211.893
"6814",-16647.441
"6815",-16947.435
"6816",-17007.935
"6817",-16861.77
"6818",-16723.868
"6819",-16497.603
"6820",-16761.9
"6821",-16754.241
"6822",-17389.733
"6823",-17389.152
"6824",-17546.322
"6825",-16808.744
"6826",-16907.337
"6827",-16832.666
"6828",-16666.465
"6829",-16431.908
"6830",-16312.002
"6831",-16458.527
"6832",-16803.44
"6833",-17258.946
"6834",-17047.261
"6835",-16452.662
"6836",-16942.553
"6837",-17068.755
"6838",-16892.903
"6839",-16962.824
"6840",-16978.863
"6841",-17159.282
"6842",-16771.485
"6843",-16678.914
"6844",-17069.822
"6845",-16602.753
"6846",-16555.37
"6847",-16698.67
"6848",-16801.361
"6849",-16842.261
"6850",-17040.732
"6851",-16521.275
"6852",-16962.625
"6853",-16385.682
"6854",-17115.417
"6855",-16594.503
"6856",-17028.682
"6857",-16672.575
"6858",-16747.935
"6859",-16570.416
"6860",-16244.853
"6861",-16743.506
"6862",-17033.128
"6863",-16912.551
"6864",-17228.568
"6865",-16843.477
"6866",-17007.272
"6867",-16285.277
"6868",-16842.271
"6869",-16634.118
"6870",-16715.535
"6871",-17116.715
"6872",-16595.721
"6873",-16893.33
"6874",-16779.337
"6875",-17134.779
"6876",-16876.885
"6877",-16845.42
"6878",-17280.006
"6879",-16477.932
"6880",-16803.79
"6881",-16879.23
"6882",-16953.675
"6883",-16755.567
"6884",-16963.917
"6885",-16829.152
"6886",-16668.328
"6887",-16466.195
"6888",-16997.948
"6889",-17186.145
"6890",-16646.305
"6891",-17000.386
"6892",-17179.046
"6893",-16680.215
"6894",-17067.53
"6895",-16921.708
"6896",-17103.779
"6897",-16904.462
"6898",-16782.741
"6899",-17285.196
"6900",-16693.431
"6901",-17328.812
"6902",-16090.79
"6903",-16970.784
"6904",-16919.65
"6905",-17310.907
"6906",-17316.464
"6907",-16594.605
"6908",-16843.408
"6909",-16789.389
"6910",-16436.959
"6911",-16790.841
"6912",-16858.351
"6913",-16729.332
"6914",-16328.235
"6915",-16602.46
"6916",-17150.531
"6917",-16228.236
"6918",-16849.822
"6919",-17059.367
"6920",-16671.407
"6921",-16910.626
"6922",-17135.411
"6923",-16688.64
"6924",-16813
"6925",-17262.634
"6926",-16498.316
"6927",-16622.837
"6928",-16410.479
"6929",-16681.667
"6930",-16877.693
"6931",-16998.613
"6932",-17072.381
"6933",-17102.723
"6934",-16384.511
"6935",-16760.962
"6936",-16566.714
"6937",-17093.686
"6938",-16469.411
"6939",-16829.685
"6940",-16538.071
"6941",-16788.614
"6942",-16583.144
"6943",-17213.975
"6944",-16533.448
"6945",-16611.923
"6946",-16845.392
"6947",-16722.924
"6948",-16754.709
"6949",-16115.975
"6950",-16535.98
"6951",-16012.633
"6952",-16905.803
"6953",-16723.227
"6954",-16562.822
"6955",-16752.634
"6956",-17002.461
"6957",-16928.691
"6958",-17121.858
"6959",-17007.485
"6960",-16843.949
"6961",-16775.977
"6962",-16842.987
"6963",-16702.789
"6964",-16948.509
"6965",-16783.917
"6966",-16879.499
"6967",-16804.892
"6968",-16810.566
"6969",-16613.4
"6970",-16850.222
"6971",-17120.281
"6972",-17398.572
"6973",-16876.036
"6974",-17151.464
"6975",-16956.198
"6976",-16615.594
"6977",-16905.118
"6978",-16363.048
"6979",-17098.882
"6980",-16916.324
"6981",-16786.223
"6982",-16542.731
"6983",-17022.605
"6984",-16857.014
"6985",-16350.612
"6986",-16396.553
"6987",-16607.924
"6988",-16732.906
"6989",-16966.166
"6990",-16823.201
"6991",-16720.807
"6992",-16459.469
"6993",-16534.524
"6994",-16611.413
"6995",-16874.066
"6996",-16667.468
"6997",-16847.237
"6998",-17108.381
"6999",-17011.537
"7000",-17065.294
"7001",-17198.891
"7002",-17198.99
"7003",-16526.769
"7004",-17314.407
"7005",-17128.604
"7006",-16228.592
"7007",-17584.896
"7008",-16796.978
"7009",-16941.648
"7010",-16716.729
"7011",-16712.199
"7012",-16627.746
"7013",-17273.343
"7014",-16489.004
"7015",-16980.138
"7016",-16081.501
"7017",-17310.754
"7018",-16799.109
"7019",-16414.457
"7020",-17082.669
"7021",-16485.408
"7022",-16898.116
"7023",-17032.995
"7024",-16725.386
"7025",-16877.935
"7026",-16510.951
"7027",-17199.559
"7028",-17097.627
"7029",-16822.058
"7030",-16753.197
"7031",-16862.125
"7032",-16855.417
"7033",-16849.609
"7034",-16571.238
"7035",-17084.228
"7036",-16585.966
"7037",-16797.253
"7038",-16464.848
"7039",-17160.247
"7040",-16871.235
"7041",-16592.161
"7042",-17020.38
"7043",-16711.063
"7044",-16841.085
"7045",-16558.531
"7046",-17012.087
"7047",-16728.334
"7048",-16458.991
"7049",-16406.966
"7050",-16926.3
"7051",-16748.58
"7052",-16932.155
"7053",-16921.45
"7054",-16574.861
"7055",-17027.567
"7056",-16704.566
"7057",-16833.92
"7058",-16564.729
"7059",-16618.746
"7060",-16732.202
"7061",-16789.086
"7062",-16493.398
"7063",-16938.907
"7064",-16461.258
"7065",-16605.839
"7066",-17096.566
"7067",-17079.044
"7068",-16649.159
"7069",-17201.574
"7070",-16693.38
"7071",-17334.705
"7072",-16979.951
"7073",-16426.659
"7074",-16955.617
"7075",-16808.239
"7076",-16797.588
"7077",-17105.428
"7078",-17122.603
"7079",-16498.17
"7080",-16823.256
"7081",-16800.777
"7082",-16726.148
"7083",-17076.289
"7084",-16901.34
"7085",-16977.365
"7086",-16867.419
"7087",-17018.154
"7088",-16675.163
"7089",-16537.742
"7090",-16655.945
"7091",-16947.482
"7092",-16451.654
"7093",-17007.883
"7094",-17311.926
"7095",-16876.394
"7096",-16971.24
"7097",-16737.864
"7098",-17265.042
"7099",-16676.225
"7100",-16442.845
"7101",-16594.381
"7102",-16377.536
"7103",-17170.827
"7104",-16540.488
"7105",-16975.064
"7106",-16987.839
"7107",-16442.239
"7108",-16142.147
"7109",-16874.356
"7110",-16471.496
"7111",-16777.195
"7112",-16878.971
"7113",-16840.708
"7114",-16688.48
"7115",-16884.699
"7116",-16899.162
"7117",-16901.863
"7118",-17029.708
"7119",-16997.456
"7120",-17002.924
"7121",-16500.835
"7122",-16881.351
"7123",-16513.707
"7124",-16191.736
"7125",-17104.366
"7126",-16780.671
"7127",-17176.24
"7128",-16829.36
"7129",-16628.47
"7130",-17155.876
"7131",-16595.209
"7132",-16632.525
"7133",-16664.606
"7134",-16251.383
"7135",-16426.561
"7136",-16646.022
"7137",-16861.377
"7138",-16760.461
"7139",-16464.665
"7140",-16534.993
"7141",-16966.431
"7142",-17102.35
"7143",-16571.306
"7144",-16534.231
"7145",-17051.245
"7146",-17336.328
"7147",-17075.54
"7148",-17047.759
"7149",-16723.627
"7150",-16832.154
"7151",-16706.769
"7152",-16795.569
"7153",-16673.222
"7154",-16733.529
"7155",-17023.424
"7156",-16691.379
"7157",-16699.248
"7158",-16640.093
"7159",-17066.54
"7160",-17243.062
"7161",-16949.15
"7162",-17415.953
"7163",-17081.086
"7164",-16465.3
"7165",-16465.093
"7166",-16682.267
"7167",-16708.612
"7168",-16744.449
"7169",-17287.713
"7170",-16618.008
"7171",-17054.633
"7172",-16616.612
"7173",-16694.317
"7174",-17026.061
"7175",-16428.399
"7176",-16977.443
"7177",-17326.012
"7178",-17015.093
"7179",-16319.384
"7180",-16687.597
"7181",-16489.189
"7182",-16837.381
"7183",-17128.599
"7184",-16906.041
"7185",-17110.597
"7186",-16724.735
"7187",-16955.254
"7188",-16597.4
"7189",-16661.562
"7190",-16814.606
"7191",-16569.085
"7192",-16401.887
"7193",-16641.567
"7194",-17126.744
"7195",-17119.278
"7196",-16344.674
"7197",-16739.411
"7198",-16267.16
"7199",-16843.933
"7200",-17251.751
"7201",-16856.492
"7202",-16791.085
"7203",-17074.45
"7204",-16407.914
"7205",-17152.54
"7206",-17036.499
"7207",-16718.796
"7208",-16658.456
"7209",-16529.752
"7210",-16946.403
"7211",-16771.376
"7212",-17087.034
"7213",-16773.199
"7214",-16826.431
"7215",-16554.375
"7216",-16818.472
"7217",-17346.831
"7218",-17061.386
"7219",-17068.084
"7220",-16399.106
"7221",-17313.862
"7222",-17097.064
"7223",-16759.37
"7224",-16853.778
"7225",-16593.173
"7226",-16713.685
"7227",-16777.103
"7228",-16932.595
"7229",-16768.844
"7230",-17001.416
"7231",-17053.787
"7232",-16693.861
"7233",-16377.826
"7234",-16759.772
"7235",-16692.498
"7236",-16929.223
"7237",-16932.161
"7238",-16924.123
"7239",-16560.74
"7240",-16826.371
"7241",-16820.799
"7242",-16416.361
"7243",-16876.473
"7244",-16877.641
"7245",-16541.648
"7246",-16750.396
"7247",-16876.043
"7248",-17150.578
"7249",-16812.712
"7250",-16847.936
"7251",-16840.091
"7252",-16875.649
"7253",-16802.787
"7254",-17111.072
"7255",-16770.477
"7256",-17036.112
"7257",-16553.692
"7258",-16768.322
"7259",-16771.568
"7260",-17132.212
"7261",-16724.298
"7262",-16971.359
"7263",-16824.29
"7264",-16926.223
"7265",-16950.598
"7266",-16806.815
"7267",-16535.145
"7268",-16498.036
"7269",-16940.752
"7270",-16798.539
"7271",-16916.086
"7272",-16967.569
"7273",-16370.001
"7274",-16789.815
"7275",-16073.6
"7276",-16917.233
"7277",-16545.208
"7278",-16445.756
"7279",-16217.936
"7280",-17673.403
"7281",-17179.473
"7282",-16973.763
"7283",-16849.209
"7284",-16748.229
"7285",-16882.063
"7286",-17153.985
"7287",-16268.535
"7288",-16893.471
"7289",-17008.96
"7290",-16700.325
"7291",-16860.699
"7292",-17276.531
"7293",-16745.429
"7294",-16869.129
"7295",-16488.869
"7296",-16740.049
"7297",-16675.176
"7298",-16729.215
"7299",-16333.379
"7300",-16889.864
"7301",-16792.784
"7302",-16993.34
"7303",-16454.225
"7304",-16873.475
"7305",-16687.069
"7306",-16650.278
"7307",-16806.429
"7308",-16744.286
"7309",-16965.867
"7310",-16590.467
"7311",-16827.768
"7312",-16518.753
"7313",-16784.818
"7314",-16287.585
"7315",-16542.795
"7316",-16807.387
"7317",-16519.34
"7318",-16400.457
"7319",-17175.221
"7320",-17023.215
"7321",-16432.823
"7322",-17290.45
"7323",-16699.57
"7324",-16526.162
"7325",-16572.921
"7326",-17064.054
"7327",-16989.38
"7328",-16801.404
"7329",-16734.123
"7330",-16618.46
"7331",-16791.935
"7332",-16646.241
"7333",-16323.966
"7334",-16877.424
"7335",-16871.891
"7336",-16730.378
"7337",-16357.227
"7338",-16884.267
"7339",-16690.256
"7340",-17034.58
"7341",-16665.857
"7342",-16659.44
"7343",-16898.368
"7344",-16619.45
"7345",-16575.063
"7346",-17168.752
"7347",-16492.331
"7348",-16804.108
"7349",-17052.808
"7350",-16542.355
"7351",-17085.373
"7352",-16719.9
"7353",-16832.145
"7354",-17089.767
"7355",-17153.568
"7356",-16505.746
"7357",-17036.651
"7358",-16729.312
"7359",-16519.756
"7360",-16479.675
"7361",-16925.571
"7362",-16383.53
"7363",-17080.559
"7364",-16869.821
"7365",-16816.351
"7366",-16811.201
"7367",-16587.827
"7368",-17101.194
"7369",-17168.094
"7370",-16626.887
"7371",-16995.783
"7372",-16935.957
"7373",-17349.538
"7374",-16882.093
"7375",-17041.004
"7376",-16672.406
"7377",-16822.919
"7378",-16762.732
"7379",-16819.964
"7380",-16674.343
"7381",-16790.233
"7382",-16630.892
"7383",-16824.138
"7384",-16719.734
"7385",-16706.266
"7386",-16830.296
"7387",-16648.522
"7388",-16703.587
"7389",-16872.368
"7390",-16613.248
"7391",-16883.065
"7392",-16554.186
"7393",-16712.113
"7394",-16834.845
"7395",-17266.922
"7396",-17114.29
"7397",-17026.477
"7398",-16788.266
"7399",-16556.676
"7400",-16969.301
"7401",-16933.581
"7402",-16264.115
"7403",-16738.329
"7404",-17229.318
"7405",-17166.208
"7406",-17031.119
"7407",-16895.466
"7408",-17054.181
"7409",-16424.233
"7410",-16944.263
"7411",-16597.999
"7412",-17228.498
"7413",-16670.862
"7414",-16998.626
"7415",-16715.784
"7416",-16596.649
"7417",-16667.156
"7418",-16623.55
"7419",-16838.663
"7420",-17049.097
"7421",-17038.212
"7422",-17466.454
"7423",-17071.932
"7424",-17164.777
"7425",-16904.76
"7426",-16341.02
"7427",-16590.247
"7428",-16303.162
"7429",-16938.403
"7430",-16646.98
"7431",-16413.054
"7432",-16902.108
"7433",-16646.291
"7434",-16934.876
"7435",-17136.686
"7436",-16856.258
"7437",-16764.385
"7438",-16507.252
"7439",-17218.831
"7440",-17310.507
"7441",-16849.132
"7442",-17061.086
"7443",-16806.677
"7444",-16617.659
"7445",-16828.919
"7446",-16585.566
"7447",-16764.996
"7448",-17620.366
"7449",-16494.672
"7450",-16867.837
"7451",-16427.038
"7452",-16660.132
"7453",-16793.941
"7454",-17134.064
"7455",-17042.006
"7456",-16675.232
"7457",-17403.131
"7458",-16812.629
"7459",-16758.058
"7460",-16535.566
"7461",-16652.919
"7462",-17153.211
"7463",-16625.291
"7464",-16920.48
"7465",-17101.42
"7466",-17017.994
"7467",-16583.383
"7468",-16483.639
"7469",-16558.591
"7470",-16920.418
"7471",-17311.017
"7472",-16866.001
"7473",-16514.907
"7474",-16744.412
"7475",-16771.506
"7476",-17022.899
"7477",-16844.487
"7478",-16742.375
"7479",-16794.174
"7480",-17243.094
"7481",-16766.76
"7482",-16466.402
"7483",-16819.889
"7484",-16239.617
"7485",-16853.078
"7486",-16228.534
"7487",-16929.962
"7488",-17318.014
"7489",-17339.397
"7490",-16613.025
"7491",-16948.561
"7492",-16624.353
"7493",-16965.247
"7494",-16790.087
"7495",-16283.237
"7496",-16747.335
"7497",-17149.13
"7498",-16895.483
"7499",-16723.374
"7500",-16570.855
"7501",-16782.104
"7502",-16551.244
"7503",-16951.836
"7504",-16967.006
"7505",-16736.02
"7506",-16692.408
"7507",-17076.774
"7508",-16830.556
"7509",-16628.189
"7510",-16866.415
"7511",-17028.603
"7512",-16797.765
"7513",-16521.663
"7514",-17227.995
"7515",-16856.486
"7516",-16978.547
"7517",-16829.37
"7518",-16658.807
"7519",-16668.54
"7520",-17309.492
"7521",-16800.221
"7522",-16654.619
"7523",-16428.961
"7524",-16659.017
"7525",-17210.854
"7526",-17296.399
"7527",-16519.184
"7528",-16603.558
"7529",-16248.593
"7530",-16860.921
"7531",-16496.787
"7532",-17490.206
"7533",-16776.656
"7534",-16913.685
"7535",-17045.733
"7536",-16455.461
"7537",-17023.509
"7538",-16533.559
"7539",-16665.759
"7540",-16543.864
"7541",-16671.644
"7542",-16793.761
"7543",-16794.032
"7544",-16904.287
"7545",-16819.856
"7546",-16929.837
"7547",-16838.503
"7548",-17152.179
"7549",-16854.988
"7550",-16691.662
"7551",-16900.514
"7552",-16891.693
"7553",-17093.486
"7554",-16761.273
"7555",-17005.982
"7556",-16664.913
"7557",-16539.746
"7558",-16929.053
"7559",-16672.85
"7560",-17271.048
"7561",-16938.66
"7562",-17194.242
"7563",-16829.073
"7564",-16796.407
"7565",-17154.988
"7566",-16860.164
"7567",-16890.551
"7568",-16908.71
"7569",-16615.726
"7570",-16974.903
"7571",-16904.154
"7572",-17150.149
"7573",-16522.132
"7574",-16749.054
"7575",-17085.088
"7576",-16580.85
"7577",-16573.641
"7578",-17334.923
"7579",-16365.187
"7580",-16709.058
"7581",-17018.083
"7582",-17059.525
"7583",-16371.098
"7584",-16637.292
"7585",-17087.272
"7586",-16479.008
"7587",-17093.332
"7588",-16303.599
"7589",-16430.477
"7590",-16931.337
"7591",-16734.245
"7592",-16808.513
"7593",-16929.249
"7594",-17219.133
"7595",-16980.539
"7596",-16780.193
"7597",-17095.75
"7598",-16913.839
"7599",-16427.297
"7600",-17194.579
"7601",-16636.548
"7602",-16838.32
"7603",-16876.222
"7604",-17268.972
"7605",-17167.961
"7606",-17198.344
"7607",-16514.811
"7608",-16858.726
"7609",-16472.053
"7610",-16046.117
"7611",-16850.95
"7612",-17264.498
"7613",-17070.695
"7614",-16392.871
"7615",-17191.671
"7616",-16570.852
"7617",-16909.429
"7618",-16963.94
"7619",-17142.44
"7620",-17163.023
"7621",-16673.479
"7622",-17096.343
"7623",-16535.041
"7624",-16960.159
"7625",-16633.708
"7626",-17450.767
"7627",-16780.046
"7628",-17093.402
"7629",-16703.079
"7630",-16564.069
"7631",-17114.569
"7632",-16855.86
"7633",-17313.465
"7634",-17226.964
"7635",-16129.195
"7636",-16807.35
"7637",-16713.881
"7638",-16633.968
"7639",-17433.108
"7640",-16467.953
"7641",-16923.197
"7642",-16686.303
"7643",-16499.324
"7644",-16677.098
"7645",-16610.935
"7646",-17215.896
"7647",-17016.146
"7648",-16938.288
"7649",-16927.904
"7650",-16560.48
"7651",-16666.75
"7652",-17029.708
"7653",-17090.99
"7654",-16629.062
"7655",-17055.582
"7656",-16819.961
"7657",-17119.94
"7658",-16465.759
"7659",-17229.422
"7660",-16510.811
"7661",-16883.636
"7662",-16962.013
"7663",-16741.04
"7664",-16839.848
"7665",-17339.983
"7666",-17024.824
"7667",-16979.026
"7668",-16966.754
"7669",-16801.184
"7670",-16609.249
"7671",-16820.032
"7672",-17143.808
"7673",-16507.959
"7674",-17014.765
"7675",-16859.006
"7676",-16477.547
"7677",-17026.3
"7678",-17272.308
"7679",-17055.021
"7680",-16827.42
"7681",-16739.747
"7682",-17130.291
"7683",-16997.868
"7684",-16371.92
"7685",-17043.307
"7686",-16606.114
"7687",-16823.273
"7688",-16875.701
"7689",-17040.661
"7690",-17423.235
"7691",-16556.246
"7692",-16716.062
"7693",-16733.47
"7694",-16600.492
"7695",-16673.652
"7696",-16444.745
"7697",-16772.52
"7698",-16634.235
"7699",-17145.763
"7700",-16943.032
"7701",-16504.061
"7702",-17064.968
"7703",-16589.306
"7704",-17182.043
"7705",-16288.709
"7706",-16729.165
"7707",-17078.055
"7708",-16630.597
"7709",-16467.732
"7710",-16764.716
"7711",-16548.265
"7712",-16833.169
"7713",-17194.213
"7714",-17282.253
"7715",-16378.693
"7716",-16689.358
"7717",-17218.318
"7718",-16921.129
"7719",-16760.527
"7720",-16886.6
"7721",-16522.515
"7722",-16971.527
"7723",-16896.251
"7724",-16920.442
"7725",-16804.681
"7726",-16684.305
"7727",-16442.605
"7728",-16861.364
"7729",-17056.03
"7730",-16974.302
"7731",-17056.441
"7732",-16478.034
"7733",-16873.962
"7734",-16665.019
"7735",-17087.772
"7736",-17183.636
"7737",-16738.679
"7738",-16932.735
"7739",-16915.643
"7740",-16815.421
"7741",-16683.26
"7742",-16709.8
"7743",-16375.306
"7744",-17266.757
"7745",-16373.858
"7746",-16809.217
"7747",-17181.166
"7748",-16878.046
"7749",-16396.582
"7750",-16947.986
"7751",-17094.426
"7752",-17018.646
"7753",-16849.805
"7754",-16605.21
"7755",-16763.668
"7756",-16567.023
"7757",-16818.376
"7758",-17453.377
"7759",-16395.657
"7760",-17191.74
"7761",-16668.497
"7762",-16792.85
"7763",-16984.544
"7764",-16939.012
"7765",-16751.502
"7766",-15949.801
"7767",-16781.2
"7768",-16746.969
"7769",-16485.573
"7770",-16851.328
"7771",-16809.543
"7772",-16760.426
"7773",-17061.393
"7774",-16423.997
"7775",-16952.388
"7776",-17251.171
"7777",-17029.663
"7778",-16725.303
"7779",-16786.937
"7780",-16681.628
"7781",-16815.038
"7782",-16888.633
"7783",-16591.296
"7784",-16729.052
"7785",-17221.237
"7786",-16665.25
"7787",-16755.001
"7788",-17190.017
"7789",-17264.36
"7790",-17137.295
"7791",-17179.902
"7792",-16698.392
"7793",-16580.113
"7794",-16791.425
"7795",-16704.992
"7796",-16776.365
"7797",-16853.023
"7798",-16493.396
"7799",-17123.198
"7800",-16924.702
"7801",-16817.516
"7802",-16991.774
"7803",-16656.803
"7804",-16713.916
"7805",-17059.149
"7806",-16465.896
"7807",-16893.11
"7808",-16992.694
"7809",-16648.919
"7810",-17192.022
"7811",-16789.423
"7812",-17308.736
"7813",-16910.724
"7814",-17103.449
"7815",-17001.206
"7816",-16961.774
"7817",-17068.694
"7818",-16792.435
"7819",-16321.381
"7820",-17145.714
"7821",-16819.576
"7822",-16702.763
"7823",-17471.194
"7824",-16409.887
"7825",-16994.189
"7826",-16703.84
"7827",-16539.111
"7828",-16861.362
"7829",-16497.752
"7830",-16557.259
"7831",-16492.874
"7832",-16838.171
"7833",-16658.087
"7834",-17001.182
"7835",-17126.384
"7836",-16726.881
"7837",-16701.773
"7838",-16919.395
"7839",-16721.224
"7840",-16718.223
"7841",-16485.626
"7842",-16787.98
"7843",-16489.327
"7844",-16743.543
"7845",-17194.777
"7846",-17300.7
"7847",-16781.307
"7848",-17038.21
"7849",-16692.023
"7850",-16768.626
"7851",-17185.299
"7852",-16796.524
"7853",-17068.643
"7854",-16864.635
"7855",-17095.001
"7856",-16355.878
"7857",-16912.868
"7858",-17039.935
"7859",-16687.97
"7860",-17078.838
"7861",-16367.669
"7862",-16679.573
"7863",-16832.339
"7864",-16905.635
"7865",-16759.266
"7866",-16758.514
"7867",-16654.086
"7868",-16615.452
"7869",-16962.865
"7870",-16592.716
"7871",-17078.037
"7872",-16874.904
"7873",-16762.866
"7874",-16962.471
"7875",-17052.075
"7876",-16489.61
"7877",-16676.929
"7878",-16540.565
"7879",-16984.087
"7880",-16706.221
"7881",-17189.484
"7882",-16757.819
"7883",-16938.141
"7884",-17113.834
"7885",-16995.554
"7886",-16894.872
"7887",-16614.763
"7888",-17140.791
"7889",-16978.683
"7890",-17113.935
"7891",-16800.713
"7892",-16876.146
"7893",-16592.798
"7894",-16860.241
"7895",-16312.661
"7896",-16806.954
"7897",-16889.35
"7898",-16878.036
"7899",-16714.692
"7900",-16818.582
"7901",-16520.423
"7902",-16942.475
"7903",-16454.158
"7904",-16472.126
"7905",-16651.925
"7906",-17013.643
"7907",-16774.724
"7908",-16738.662
"7909",-16587.98
"7910",-17121.597
"7911",-16577.773
"7912",-17000.475
"7913",-16936.405
"7914",-16813.378
"7915",-16894.081
"7916",-17171.278
"7917",-16822.876
"7918",-16975.483
"7919",-16938.216
"7920",-17033.856
"7921",-16519.181
"7922",-16595.184
"7923",-16614.328
"7924",-16659.498
"7925",-17070.499
"7926",-16951.986
"7927",-16640.069
"7928",-16905.672
"7929",-17111.05
"7930",-16848.828
"7931",-16687.189
"7932",-17152.209
"7933",-16871.845
"7934",-16449.466
"7935",-17043.727
"7936",-16529.26
"7937",-16632.325
"7938",-16646.927
"7939",-16403.116
"7940",-17389.743
"7941",-17183.003
"7942",-16624.152
"7943",-17268.251
"7944",-16434.09
"7945",-16575.524
"7946",-16753.671
"7947",-16703.703
"7948",-17131.43
"7949",-16590.44
"7950",-16901.656
"7951",-16839.503
"7952",-17180.742
"7953",-17253.846
"7954",-16812.866
"7955",-16776.961
"7956",-16494.038
"7957",-16829.782
"7958",-16903.858
"7959",-16929.211
"7960",-17198.735
"7961",-16630.757
"7962",-16620.277
"7963",-16519.06
"7964",-17166.883
"7965",-16718.113
"7966",-16886.834
"7967",-16885.473
"7968",-17077.233
"7969",-16985.473
"7970",-17032.793
"7971",-16696.911
"7972",-16831.231
"7973",-17062.87
"7974",-16964.615
"7975",-16873.006
"7976",-16714.919
"7977",-15981.252
"7978",-16792.803
"7979",-16730.017
"7980",-16976.46
"7981",-16620
"7982",-16849.396
"7983",-16634.034
"7984",-16491.995
"7985",-16806.102
"7986",-16909.729
"7987",-17129.088
"7988",-16618.539
"7989",-16785.264
"7990",-16899.145
"7991",-16849.143
"7992",-16712.381
"7993",-16755.364
"7994",-16965.877
"7995",-16788.464
"7996",-16655.413
"7997",-17428.798
"7998",-16515.534
"7999",-16837.965
"8000",-16713.561
"8001",-16910.142
"8002",-17298.07
"8003",-17019.101
"8004",-16653.589
"8005",-17214.997
"8006",-17446.475
"8007",-16411.04
"8008",-17116.284
"8009",-16988.269
"8010",-16806.261
"8011",-17409.413
"8012",-16617.606
"8013",-16387.34
"8014",-16714.348
"8015",-17037.958
"8016",-16678.507
"8017",-16734.961
"8018",-16953.055
"8019",-16536.189
"8020",-16572.133
"8021",-16691.651
"8022",-16576.293
"8023",-16574.816
"8024",-16827.567
"8025",-16872.852
"8026",-16945.792
"8027",-16395.643
"8028",-16908.018
"8029",-16035.197
"8030",-17167.38
"8031",-17413.342
"8032",-16769.038
"8033",-16406.032
"8034",-16499.12
"8035",-16840.25
"8036",-16991.144
"8037",-16691.418
"8038",-17335.846
"8039",-17085.24
"8040",-17159.385
"8041",-17162.397
"8042",-17146.218
"8043",-16620.795
"8044",-17152.46
"8045",-16745.596
"8046",-16874.684
"8047",-16440.41
"8048",-16745.314
"8049",-16229.427
"8050",-16950.36
"8051",-17053.379
"8052",-16928.581
"8053",-17121.751
"8054",-16766.917
"8055",-16733.217
"8056",-16405.716
"8057",-16656.865
"8058",-16725.02
"8059",-16924.153
"8060",-16850.674
"8061",-16698.137
"8062",-16491.871
"8063",-16711.436
"8064",-16759.562
"8065",-17164.289
"8066",-16653.838
"8067",-17289.057
"8068",-17418.954
"8069",-17125.331
"8070",-16968.901
"8071",-17043.422
"8072",-16727.057
"8073",-16923.059
"8074",-17023.937
"8075",-16899.818
"8076",-16771.071
"8077",-17064.025
"8078",-16760.667
"8079",-16807.159
"8080",-16930.445
"8081",-17532.782
"8082",-17099.909
"8083",-16395.626
"8084",-16647.41
"8085",-16568.982
"8086",-16870.13
"8087",-16727.52
"8088",-16635.005
"8089",-16969.991
"8090",-17178.23
"8091",-16715.334
"8092",-16827.842
"8093",-16677.723
"8094",-17000.443
"8095",-16920.809
"8096",-16377.966
"8097",-16869.5
"8098",-17066.333
"8099",-16936.668
"8100",-16695.28
"8101",-16790.609
"8102",-16884.146
"8103",-17530.272
"8104",-16376.289
"8105",-17205.273
"8106",-17391.05
"8107",-16305.99
"8108",-16679.796
"8109",-16413.651
"8110",-16375.365
"8111",-16643.21
"8112",-16396.79
"8113",-16735.796
"8114",-16928.943
"8115",-16622.077
"8116",-16932.556
"8117",-16828.534
"8118",-16780.806
"8119",-17111.932
"8120",-17009.347
"8121",-16958.389
"8122",-16829.38
"8123",-16474.067
"8124",-16673.465
"8125",-17201.163
"8126",-16572.108
"8127",-16794.113
"8128",-17106.067
"8129",-16825.016
"8130",-17313.732
"8131",-17124.528
"8132",-16304.052
"8133",-16734.451
"8134",-16572.01
"8135",-16895.467
"8136",-16313.36
"8137",-16914.113
"8138",-16486.93
"8139",-16858.507
"8140",-17007.239
"8141",-16751.955
"8142",-17103.124
"8143",-16373.36
"8144",-16692.945
"8145",-16894.004
"8146",-17131.589
"8147",-17367.087
"8148",-16767.831
"8149",-16634.182
"8150",-16938.449
"8151",-16964.362
"8152",-16664.408
"8153",-16934.034
"8154",-16562.447
"8155",-16490.434
"8156",-17320.855
"8157",-16528.812
"8158",-16414.814
"8159",-16626.76
"8160",-17166.651
"8161",-16362.993
"8162",-16693.433
"8163",-16716.029
"8164",-16274.639
"8165",-16940.227
"8166",-16599.577
"8167",-16955.627
"8168",-17131.783
"8169",-17157.745
"8170",-16845.196
"8171",-16800.993
"8172",-16846.639
"8173",-16893.698
"8174",-17208.673
"8175",-16674.744
"8176",-16931.36
"8177",-16585.331
"8178",-16465.033
"8179",-16375.584
"8180",-17226.963
"8181",-16102.238
"8182",-16552.122
"8183",-16602.896
"8184",-16481.943
"8185",-17414.867
"8186",-16769.509
"8187",-16926.131
"8188",-16746.494
"8189",-16714.708
"8190",-16923.405
"8191",-16761.333
"8192",-16627.951
"8193",-16792.371
"8194",-16873.837
"8195",-17216.191
"8196",-16729.456
"8197",-16317.686
"8198",-16644.333
"8199",-16995.034
"8200",-16633.982
"8201",-17359.765
"8202",-16942.451
"8203",-16833.731
"8204",-17078.536
"8205",-16354.959
"8206",-17077.979
"8207",-16777.878
"8208",-16832.377
"8209",-16792.367
"8210",-16719.737
"8211",-16841.846
"8212",-16787.609
"8213",-17003.931
"8214",-16735.692
"8215",-16214.558
"8216",-16835.197
"8217",-16630.661
"8218",-16756.582
"8219",-16738.653
"8220",-16476.844
"8221",-16237.42
"8222",-16873.114
"8223",-16185.564
"8224",-17024.051
"8225",-16500.743
"8226",-16883.553
"8227",-16539.542
"8228",-16973.699
"8229",-16503.035
"8230",-16693.171
"8231",-16687.403
"8232",-17193.794
"8233",-17231.189
"8234",-16183.641
"8235",-16954.974
"8236",-16407.921
"8237",-16928.515
"8238",-16829.274
"8239",-16704.553
"8240",-17061.799
"8241",-16676.735
"8242",-16758.83
"8243",-17187.957
"8244",-16990.11
"8245",-16816.704
"8246",-16998.288
"8247",-16622.35
"8248",-17333.374
"8249",-16789.229
"8250",-17120.343
"8251",-16588.063
"8252",-17267.898
"8253",-16570.534
"8254",-16759.804
"8255",-17293.338
"8256",-16728.623
"8257",-16436.654
"8258",-16647.296
"8259",-16499.88
"8260",-16970.905
"8261",-16780.38
"8262",-16795.626
"8263",-16698.304
"8264",-16923.817
"8265",-16586.537
"8266",-16951.036
"8267",-17186.202
"8268",-15993.078
"8269",-16296.453
"8270",-16808.804
"8271",-16755.636
"8272",-16815.054
"8273",-16637.695
"8274",-16494.448
"8275",-16517.527
"8276",-17118.662
"8277",-16577.998
"8278",-17389.855
"8279",-17130.55
"8280",-17264.047
"8281",-16696.786
"8282",-16686.324
"8283",-16904.798
"8284",-16662.95
"8285",-16857.383
"8286",-16711.587
"8287",-16459.083
"8288",-16599.007
"8289",-16721.861
"8290",-16409.639
"8291",-16577.291
"8292",-16488.718
"8293",-16645.344
"8294",-16787.948
"8295",-16662.588
"8296",-16999.032
"8297",-16210.614
"8298",-16559.606
"8299",-16535.38
"8300",-16547.915
"8301",-16547.244
"8302",-16541.064
"8303",-17226.82
"8304",-16112.327
"8305",-17200.198
"8306",-17225.072
"8307",-16348.781
"8308",-16719.875
"8309",-16470.388
"8310",-16414.073
"8311",-16439.111
"8312",-16380.849
"8313",-16870.351
"8314",-16751.5
"8315",-16909.122
"8316",-16981.959
"8317",-17036.395
"8318",-16833.611
"8319",-16341.867
"8320",-16636.536
"8321",-16881.321
"8322",-16852.572
"8323",-16887.401
"8324",-17239.989
"8325",-17193.478
"8326",-16821.323
"8327",-16735.819
"8328",-16390.304
"8329",-17275.167
"8330",-17152.775
"8331",-16512.203
"8332",-16841.366
"8333",-16578.292
"8334",-16521.042
"8335",-17112.535
"8336",-17230.548
"8337",-16957.985
"8338",-17303.365
"8339",-16749.528
"8340",-16992.179
"8341",-17061.482
"8342",-16794.302
"8343",-17019.059
"8344",-16705.793
"8345",-17122.417
"8346",-17131.887
"8347",-16675.55
"8348",-16700.435
"8349",-16537.958
"8350",-17253.356
"8351",-16734.359
"8352",-16489.617
"8353",-17242.311
"8354",-16920.749
"8355",-16922.629
"8356",-17196.197
"8357",-16877.541
"8358",-16408.648
"8359",-16852.556
"8360",-16527.602
"8361",-16361.31
"8362",-16552.265
"8363",-16602.351
"8364",-16611.442
"8365",-16978.862
"8366",-16478.851
"8367",-16785.383
"8368",-16437.972
"8369",-16826.157
"8370",-16631.742
"8371",-17201.659
"8372",-16430.825
"8373",-16828.875
"8374",-16586.374
"8375",-16808.108
"8376",-16632.6
"8377",-16891.575
"8378",-16324.092
"8379",-16787.703
"8380",-16334.436
"8381",-16918.25
"8382",-16970.616
"8383",-17056.959
"8384",-16721.329
"8385",-16887.734
"8386",-16710.387
"8387",-16810.813
"8388",-16812.635
"8389",-16679.686
"8390",-17093.948
"8391",-16500.872
"8392",-16650.011
"8393",-16692.606
"8394",-16243.871
"8395",-17094.914
"8396",-16677.157
"8397",-16954.857
"8398",-17187.672
"8399",-16769.08
"8400",-16635.932
"8401",-16919.493
"8402",-16813.848
"8403",-16949.587
"8404",-16598.392
"8405",-16486.685
"8406",-16930.997
"8407",-16919.28
"8408",-17111.839
"8409",-16736
"8410",-17114.125
"8411",-16872.785
"8412",-17105.212
"8413",-16542.611
"8414",-16711.251
"8415",-17028.26
"8416",-16527.49
"8417",-16814.054
"8418",-16765.234
"8419",-16800.479
"8420",-16948.513
"8421",-16907.546
"8422",-17120.97
"8423",-16466.161
"8424",-16577.434
"8425",-16974.4
"8426",-16986.815
"8427",-16366.17
"8428",-17091.411
"8429",-16754.773
"8430",-16846.991
"8431",-17005.672
"8432",-16926.652
"8433",-16812.791
"8434",-16838.149
"8435",-16769.712
"8436",-16428.483
"8437",-16551.549
"8438",-16811.088
"8439",-16834.054
"8440",-16811.468
"8441",-16577.303
"8442",-17039.66
"8443",-17038.054
"8444",-17118.738
"8445",-16765.911
"8446",-16402.099
"8447",-17262.406
"8448",-16496.852
"8449",-17136.171
"8450",-17273.547
"8451",-16686.755
"8452",-16505.649
"8453",-16574.72
"8454",-17630.543
"8455",-16652.199
"8456",-16508.564
"8457",-16339.667
"8458",-16737.655
"8459",-17075.18
"8460",-16581.515
"8461",-16867.733
"8462",-16920.505
"8463",-16981.309
"8464",-16754.441
"8465",-17219.881
"8466",-16791.998
"8467",-16512.826
"8468",-16791.555
"8469",-16959.118
"8470",-16702.98
"8471",-16779.642
"8472",-17104.153
"8473",-16606.948
"8474",-16730.695
"8475",-16548.361
"8476",-16985.165
"8477",-16578.775
"8478",-16740.686
"8479",-16827.897
"8480",-16908.415
"8481",-16213.547
"8482",-16475.917
"8483",-16217.62
"8484",-16885.458
"8485",-16205.965
"8486",-16616.1
"8487",-16821.507
"8488",-16939.47
"8489",-16954.969
"8490",-17047.602
"8491",-17171.522
"8492",-16965.635
"8493",-17446.244
"8494",-16519.179
"8495",-16735.934
"8496",-16678.112
"8497",-16839.312
"8498",-16174.678
"8499",-17187.789
"8500",-16536.188
"8501",-16896.32
"8502",-16988.169
"8503",-16462.67
"8504",-16692.891
"8505",-16488.269
"8506",-16411.928
"8507",-16744.778
"8508",-16943.938
"8509",-16708.615
"8510",-16632.875
"8511",-16630.375
"8512",-16461.244
"8513",-16189.289
"8514",-16973.592
"8515",-16992.343
"8516",-16546.532
"8517",-16740.697
"8518",-16729.192
"8519",-16659.102
"8520",-17410.576
"8521",-17047.16
"8522",-17016.797
"8523",-16766.689
"8524",-16296.181
"8525",-17189.472
"8526",-16894.692
"8527",-16830.61
"8528",-17039.301
"8529",-17035.925
"8530",-16857.658
"8531",-16795.476
"8532",-17105.9
"8533",-17114.921
"8534",-16901.301
"8535",-16858.089
"8536",-16890.626
"8537",-17277.23
"8538",-16627.133
"8539",-16648.513
"8540",-16740.634
"8541",-16847.722
"8542",-16720.549
"8543",-16940.187
"8544",-16169.393
"8545",-16722.606
"8546",-16913.725
"8547",-16732.973
"8548",-16682.648
"8549",-16718.726
"8550",-16922.426
"8551",-16578.087
"8552",-16955.172
"8553",-16673.186
"8554",-17062.048
"8555",-16570.921
"8556",-17132.804
"8557",-16632.567
"8558",-16894.741
"8559",-17197.743
"8560",-16992.195
"8561",-16671.584
"8562",-16943.896
"8563",-16804.21
"8564",-16895.661
"8565",-16603.581
"8566",-16944.904
"8567",-16492.7
"8568",-17027.444
"8569",-16708.083
"8570",-16785.516
"8571",-16144.514
"8572",-16422.618
"8573",-17082.218
"8574",-17262.091
"8575",-16476.666
"8576",-17107.214
"8577",-16865.671
"8578",-16641.733
"8579",-16732.645
"8580",-17100.768
"8581",-16978.343
"8582",-16767.37
"8583",-16730.628
"8584",-16965.022
"8585",-17064.927
"8586",-16474.641
"8587",-16854.397
"8588",-16857.752
"8589",-16590.567
"8590",-16306.154
"8591",-16211.691
"8592",-16391.955
"8593",-16944.519
"8594",-17240.54
"8595",-17242.653
"8596",-16649.973
"8597",-16872.404
"8598",-16716.88
"8599",-16903.802
"8600",-16554.824
"8601",-16967.401
"8602",-16482.271
"8603",-16966.987
"8604",-16548.268
"8605",-17262.238
"8606",-16899.872
"8607",-16818.424
"8608",-16771.039
"8609",-16682.928
"8610",-16738.707
"8611",-17202.718
"8612",-16764.304
"8613",-16735.214
"8614",-16816.721
"8615",-16711.818
"8616",-16484.393
"8617",-16411.927
"8618",-16680.1
"8619",-16651.374
"8620",-16824.387
"8621",-16490.153
"8622",-16573.518
"8623",-16904.597
"8624",-17078.44
"8625",-16780.977
"8626",-16945.867
"8627",-17094.644
"8628",-16697.743
"8629",-16691.002
"8630",-16642.908
"8631",-16593.369
"8632",-16677.243
"8633",-16838.252
"8634",-16246.689
"8635",-16665.933
"8636",-16733.18
"8637",-16903.564
"8638",-16872.252
"8639",-16700.062
"8640",-16406.212
"8641",-16800.692
"8642",-16763.971
"8643",-16882.334
"8644",-16802.247
"8645",-16543.253
"8646",-17142.648
"8647",-16978.131
"8648",-16720.463
"8649",-16521.83
"8650",-17156.47
"8651",-17346.089
"8652",-16619.944
"8653",-16439.956
"8654",-16805.589
"8655",-16713.973
"8656",-17019.601
"8657",-16699.736
"8658",-16478.402
"8659",-16409.403
"8660",-16868.811
"8661",-16811.2
"8662",-16930.49
"8663",-16406.262
"8664",-16424.934
"8665",-16867.701
"8666",-16866.417
"8667",-16715.356
"8668",-16425.015
"8669",-16601.108
"8670",-17038.32
"8671",-16826.734
"8672",-16488.422
"8673",-16244.527
"8674",-16701.902
"8675",-16995.308
"8676",-17187.893
"8677",-16653.53
"8678",-16776.751
"8679",-16719.344
"8680",-16631.781
"8681",-16880.616
"8682",-16887.824
"8683",-16569.348
"8684",-16708.261
"8685",-16579.569
"8686",-16714.873
"8687",-16560.051
"8688",-16559.691
"8689",-16514.142
"8690",-16926.686
"8691",-17095.482
"8692",-16823.127
"8693",-16979.321
"8694",-17070.329
"8695",-16661.852
"8696",-17051.445
"8697",-16844.319
"8698",-17194.657
"8699",-16440.209
"8700",-16823.595
"8701",-16802.789
"8702",-16860.646
"8703",-16332.249
"8704",-16926.438
"8705",-16781.054
"8706",-16794.236
"8707",-16730.01
"8708",-16986.613
"8709",-16772.421
"8710",-17368.23
"8711",-16833.277
"8712",-17244.228
"8713",-16860.264
"8714",-16579.685
"8715",-16873.012
"8716",-16735.092
"8717",-16572.754
"8718",-16896.998
"8719",-16594.984
"8720",-16736.696
"8721",-16568.878
"8722",-17095.73
"8723",-16861.073
"8724",-16718.262
"8725",-16572.963
"8726",-17236.947
"8727",-16570.817
"8728",-17286.056
"8729",-16681.145
"8730",-16846.292
"8731",-17029.348
"8732",-16978.377
"8733",-16745.062
"8734",-16701.051
"8735",-16761.956
"8736",-16527.178
"8737",-16938.55
"8738",-16737.399
"8739",-16567.129
"8740",-17295.123
"8741",-16393.718
"8742",-16566.659
"8743",-16931.315
"8744",-16990.043
"8745",-16965.103
"8746",-16529.199
"8747",-16805.125
"8748",-16444.392
"8749",-16327.781
"8750",-16777.887
"8751",-16959.366
"8752",-17073.504
"8753",-16750.833
"8754",-16544.052
"8755",-16300.278
"8756",-16495.742
"8757",-16971.642
"8758",-16708.18
"8759",-16760.662
"8760",-17097.77
"8761",-16669.649
"8762",-16749.175
"8763",-16635.993
"8764",-16678.189
"8765",-17070.777
"8766",-17059.217
"8767",-17016.734
"8768",-16639.872
"8769",-17358.648
"8770",-16407.989
"8771",-16228.907
"8772",-16775.789
"8773",-16139.999
"8774",-16636.14
"8775",-16573.397
"8776",-17027.121
"8777",-16812.07
"8778",-16680.816
"8779",-16744.016
"8780",-17287.984
"8781",-16538.86
"8782",-17090.457
"8783",-17168.818
"8784",-16743.038
"8785",-17189.903
"8786",-17110.879
"8787",-16824.814
"8788",-16864.379
"8789",-16731.615
"8790",-17233.777
"8791",-16901.02
"8792",-16525.005
"8793",-16465.715
"8794",-16890.506
"8795",-16510.555
"8796",-17216.18
"8797",-16867.916
"8798",-16662.997
"8799",-16954.3
"8800",-17167.769
"8801",-16794.591
"8802",-16427.615
"8803",-16273.208
"8804",-16652.512
"8805",-17023.759
"8806",-16945.551
"8807",-16674.702
"8808",-17049.576
"8809",-16858.876
"8810",-16831.251
"8811",-16604.829
"8812",-16634.601
"8813",-16654.631
"8814",-16589.495
"8815",-16983.584
"8816",-16741.239
"8817",-17050.106
"8818",-17400.093
"8819",-16513.073
"8820",-16456.002
"8821",-16812.404
"8822",-16741.656
"8823",-16628.812
"8824",-16947.647
"8825",-16645.43
"8826",-16765.474
"8827",-17080.378
"8828",-16630.766
"8829",-17039.003
"8830",-16887.542
"8831",-16407.42
"8832",-17073.212
"8833",-16746.601
"8834",-17083.155
"8835",-17382.263
"8836",-17034.978
"8837",-17100.618
"8838",-16677.755
"8839",-16532.853
"8840",-16509.678
"8841",-17133.559
"8842",-17018.733
"8843",-16891.055
"8844",-16900.005
"8845",-16694.281
"8846",-16552.145
"8847",-17056.415
"8848",-16579.419
"8849",-17201.576
"8850",-17078.506
"8851",-16742.27
"8852",-16878.333
"8853",-16778.026
"8854",-17297.204
"8855",-16839.582
"8856",-16857.44
"8857",-17009.719
"8858",-16899.352
"8859",-16604.358
"8860",-17332.429
"8861",-16658.341
"8862",-16916.665
"8863",-16712.559
"8864",-16916.472
"8865",-16836.276
"8866",-16507.907
"8867",-16698.333
"8868",-16646.064
"8869",-17138.898
"8870",-16741.973
"8871",-16659.875
"8872",-16685.643
"8873",-16942.998
"8874",-16803.635
"8875",-16639.633
"8876",-16527.16
"8877",-16223.553
"8878",-17077.746
"8879",-16666.17
"8880",-16821.438
"8881",-16335.851
"8882",-16451.05
"8883",-16402.891
"8884",-17087.224
"8885",-16920.274
"8886",-17030.668
"8887",-17141.952
"8888",-16656.425
"8889",-16838.219
"8890",-16862.259
"8891",-17252.111
"8892",-16498.215
"8893",-16552.426
"8894",-16983.19
"8895",-16750.972
"8896",-16923.759
"8897",-16702.635
"8898",-16539.745
"8899",-17146.102
"8900",-16706.684
"8901",-16674.689
"8902",-16833.058
"8903",-16919.857
"8904",-16783.726
"8905",-16724.744
"8906",-16633.703
"8907",-16699.328
"8908",-16888.855
"8909",-17116.613
"8910",-16541.316
"8911",-16644.87
"8912",-16677.216
"8913",-17397.788
"8914",-17138.792
"8915",-16420.64
"8916",-17002.014
"8917",-16984.847
"8918",-17196.408
"8919",-16677.14
"8920",-16642.163
"8921",-16682.471
"8922",-16625.626
"8923",-16851.361
"8924",-16488.687
"8925",-17252.335
"8926",-16208.043
"8927",-16756.831
"8928",-17317.84
"8929",-17151.858
"8930",-16881.35
"8931",-16877.684
"8932",-17106.643
"8933",-16804.142
"8934",-16759.447
"8935",-16916.097
"8936",-16484.883
"8937",-16464.998
"8938",-16891.881
"8939",-16761.254
"8940",-16685.287
"8941",-16965.533
"8942",-17050.624
"8943",-17410.917
"8944",-16765.874
"8945",-16818.414
"8946",-16550.86
"8947",-16975.253
"8948",-16927.629
"8949",-16448.633
"8950",-16838.74
"8951",-16835.394
"8952",-17304.708
"8953",-16909.499
"8954",-16921.193
"8955",-16978.152
"8956",-16759.166
"8957",-16986.551
"8958",-17006.509
"8959",-16564.645
"8960",-16812.947
"8961",-17184.479
"8962",-17164.456
"8963",-16314.066
"8964",-16722.699
"8965",-17044.106
"8966",-16548.223
"8967",-17331.105
"8968",-16896.551
"8969",-16297.743
"8970",-16889.631
"8971",-16784.708
"8972",-16407.979
"8973",-16906.912
"8974",-16942.317
"8975",-16460.196
"8976",-16854.103
"8977",-16577.308
"8978",-16680.694
"8979",-16908.345
"8980",-16607.827
"8981",-17442.463
"8982",-16642.901
"8983",-16797.304
"8984",-16448.255
"8985",-16773.23
"8986",-16673.688
"8987",-16847.35
"8988",-16759.086
"8989",-16907.699
"8990",-17118.298
"8991",-17037.387
"8992",-16822.569
"8993",-16633.226
"8994",-17164.423
"8995",-16620.842
"8996",-16966.195
"8997",-17277.088
"8998",-16726.367
"8999",-17047.526
"9000",-16989.091
"9001",-16789.298
"9002",-16590.825
"9003",-17108.541
"9004",-16600.905
"9005",-16479.714
"9006",-16778.784
"9007",-16882.196
"9008",-16596.977
"9009",-16693.937
"9010",-16738.572
"9011",-16718.049
"9012",-16616.33
"9013",-16424.393
"9014",-16624.707
"9015",-16644.744
"9016",-16677.581
"9017",-16451.528
"9018",-16724.794
"9019",-16926.887
"9020",-17111.804
"9021",-16777.204
"9022",-16896.184
"9023",-16480.844
"9024",-16327.838
"9025",-16582.261
"9026",-16575.905
"9027",-16668.856
"9028",-16805.006
"9029",-16297.666
"9030",-16759.801
"9031",-16805.65
"9032",-16663.714
"9033",-16480.016
"9034",-16899.474
"9035",-16526.259
"9036",-17394.135
"9037",-16589.314
"9038",-17434.482
"9039",-16740.525
"9040",-16549.458
"9041",-16629.071
"9042",-17249.542
"9043",-17052.918
"9044",-17028.037
"9045",-17003.014
"9046",-16898.63
"9047",-16456.902
"9048",-16304.598
"9049",-16958.355
"9050",-16632.748
"9051",-17184.709
"9052",-16758.957
"9053",-17132.444
"9054",-16886.617
"9055",-16967.283
"9056",-16759.84
"9057",-16577.478
"9058",-16861.662
"9059",-16665.104
"9060",-16570.552
"9061",-17137.301
"9062",-16436.809
"9063",-16734.334
"9064",-16649.243
"9065",-16396.844
"9066",-16455.831
"9067",-17116.189
"9068",-16929.063
"9069",-16363.752
"9070",-16870.825
"9071",-16961.478
"9072",-16422.532
"9073",-17391.783
"9074",-17036.19
"9075",-17369.74
"9076",-17066.775
"9077",-16733.545
"9078",-17016.153
"9079",-16909.765
"9080",-16509.99
"9081",-17239.302
"9082",-17433.873
"9083",-16521.638
"9084",-17028.4
"9085",-16719.335
"9086",-17119.836
"9087",-16665.014
"9088",-16526.555
"9089",-16890.032
"9090",-16702.28
"9091",-16547.217
"9092",-16879.671
"9093",-17172.363
"9094",-17219.889
"9095",-16842.724
"9096",-16680.004
"9097",-17045.13
"9098",-17124.012
"9099",-16744.994
"9100",-16993.685
"9101",-16822.347
"9102",-16533.604
"9103",-16165.486
"9104",-16872.896
"9105",-16851.62
"9106",-16812.955
"9107",-17596.513
"9108",-16223.584
"9109",-16861.814
"9110",-17338.058
"9111",-16293.357
"9112",-16942.192
"9113",-17115.119
"9114",-16656.455
"9115",-17087.39
"9116",-16945.99
"9117",-16406.31
"9118",-17018.705
"9119",-16775.702
"9120",-17196.707
"9121",-16558.361
"9122",-16107.908
"9123",-16825.102
"9124",-16428.804
"9125",-16650.937
"9126",-16798.037
"9127",-16430.933
"9128",-17030.606
"9129",-16415.875
"9130",-17124.818
"9131",-16743.37
"9132",-16896.308
"9133",-16532.137
"9134",-16805.206
"9135",-16734.081
"9136",-17238.795
"9137",-16114.069
"9138",-16781.571
"9139",-16679.215
"9140",-16167.467
"9141",-17007.312
"9142",-16892.653
"9143",-16474.528
"9144",-16531.59
"9145",-16957.495
"9146",-16992.648
"9147",-16456.283
"9148",-16944.271
"9149",-16702.955
"9150",-17236.358
"9151",-16934.537
"9152",-17019.43
"9153",-16798.058
"9154",-17239.671
"9155",-16936.67
"9156",-17006.212
"9157",-16762.302
"9158",-16777.589
"9159",-16896.069
"9160",-16547.922
"9161",-16494.768
"9162",-16751.314
"9163",-16824.052
"9164",-16866.436
"9165",-16896.452
"9166",-16985.667
"9167",-16641.888
"9168",-16541.978
"9169",-16790.015
"9170",-16612.357
"9171",-16667.856
"9172",-16233.607
"9173",-16692.26
"9174",-17026.783
"9175",-16732.322
"9176",-17106.449
"9177",-17303.012
"9178",-16518.901
"9179",-16810.712
"9180",-17102.099
"9181",-16525.724
"9182",-16897.89
"9183",-16628.023
"9184",-16569.856
"9185",-16871.892
"9186",-16482.408
"9187",-16639.708
"9188",-16578.5
"9189",-17031.282
"9190",-16594.986
"9191",-16837.085
"9192",-16897.247
"9193",-16804.806
"9194",-16710.413
"9195",-16389.426
"9196",-16985.259
"9197",-16993.024
"9198",-16612.792
"9199",-17094.798
"9200",-16950.584
"9201",-16919.879
"9202",-16729.995
"9203",-16914.545
"9204",-16890.519
"9205",-16677.235
"9206",-17273.717
"9207",-17000.852
"9208",-17211.338
"9209",-16572.558
"9210",-16728.466
"9211",-16883.119
"9212",-16269.922
"9213",-17367.429
"9214",-16577.331
"9215",-16810.379
"9216",-16792.33
"9217",-16748.744
"9218",-15976.566
"9219",-16745.637
"9220",-16502.097
"9221",-17372.314
"9222",-16581.833
"9223",-17120.768
"9224",-17143.458
"9225",-17170.591
"9226",-16184.919
"9227",-16890.219
"9228",-16897.366
"9229",-16409.245
"9230",-17270.25
"9231",-16713.128
"9232",-16925.101
"9233",-16877.975
"9234",-16657.263
"9235",-16423.945
"9236",-16952.351
"9237",-16381.283
"9238",-17075.687
"9239",-16847.395
"9240",-16630.791
"9241",-16397.983
"9242",-17281.715
"9243",-16744.231
"9244",-16391.257
"9245",-17107.415
"9246",-17246.21
"9247",-16952.503
"9248",-16808.471
"9249",-16527.793
"9250",-16795.584
"9251",-16644.016
"9252",-16576.995
"9253",-17154.424
"9254",-16899.294
"9255",-16896.259
"9256",-16827.744
"9257",-17019.943
"9258",-16692.229
"9259",-16712.116
"9260",-16388.167
"9261",-16449.503
"9262",-16810.298
"9263",-16720.746
"9264",-16762.364
"9265",-16783.403
"9266",-17005.926
"9267",-16793.15
"9268",-17022.953
"9269",-16931.833
"9270",-16402.225
"9271",-17158
"9272",-16691.689
"9273",-16806.416
"9274",-16551.641
"9275",-16919.554
"9276",-16802.606
"9277",-16835.376
"9278",-16806.854
"9279",-17017.854
"9280",-16743.128
"9281",-17560.359
"9282",-16474.396
"9283",-16682.015
"9284",-17265.728
"9285",-16819.584
"9286",-16684.818
"9287",-17296.052
"9288",-16562.007
"9289",-16615.862
"9290",-16849.835
"9291",-16690.862
"9292",-16984.514
"9293",-17057.233
"9294",-16637.6
"9295",-17018.225
"9296",-16892.87
"9297",-16934.718
"9298",-16948.501
"9299",-16879.48
"9300",-17014.097
"9301",-16592.749
"9302",-16677.858
"9303",-16973.361
"9304",-17286.216
"9305",-17044.448
"9306",-16788.971
"9307",-17004.531
"9308",-17004.592
"9309",-16415.115
"9310",-16324.884
"9311",-16378.645
"9312",-16574.796
"9313",-16503.453
"9314",-16474.527
"9315",-16724.394
"9316",-16279.341
"9317",-16251.071
"9318",-16741.691
"9319",-16470.946
"9320",-16913.327
"9321",-16821.104
"9322",-16754.078
"9323",-16468.387
"9324",-16977.141
"9325",-16700.453
"9326",-16802.227
"9327",-16732.49
"9328",-16479.2
"9329",-17160.335
"9330",-16893.019
"9331",-16994.875
"9332",-17175.848
"9333",-17114.25
"9334",-16806.155
"9335",-16896.777
"9336",-17002.921
"9337",-17291.023
"9338",-16696.107
"9339",-16496.869
"9340",-16855.932
"9341",-17038.374
"9342",-16770.712
"9343",-16476.571
"9344",-17353.328
"9345",-16588.76
"9346",-17028.435
"9347",-17237.457
"9348",-16517.153
"9349",-16870.305
"9350",-16739.7
"9351",-16666.29
"9352",-17103.98
"9353",-17165.871
"9354",-16585.66
"9355",-16630.31
"9356",-16787.96
"9357",-16809.397
"9358",-16592.127
"9359",-17265.303
"9360",-16928.021
"9361",-17137.725
"9362",-17082.306
"9363",-16827.677
"9364",-17276.937
"9365",-16337.633
"9366",-16853.716
"9367",-16525.188
"9368",-16907.098
"9369",-16601.963
"9370",-17092.829
"9371",-16731.954
"9372",-16742.257
"9373",-16713.953
"9374",-16863.411
"9375",-16506.271
"9376",-16694.693
"9377",-16527.416
"9378",-17438.089
"9379",-17258.319
"9380",-16863.804
"9381",-16590.612
"9382",-16172.075
"9383",-17046.454
"9384",-17028.09
"9385",-17290.919
"9386",-16942.168
"9387",-16946.452
"9388",-16793.064
"9389",-16671.583
"9390",-16689.472
"9391",-16380.817
"9392",-16345.519
"9393",-16594.055
"9394",-16541.601
"9395",-16844.659
"9396",-17180.663
"9397",-16743.003
"9398",-16849.297
"9399",-17151.881
"9400",-16715.349
"9401",-16713.795
"9402",-16770.719
"9403",-16687.589
"9404",-17091.208
"9405",-16857.153
"9406",-16638.262
"9407",-16784.191
"9408",-16802.636
"9409",-16786.63
"9410",-16652.132
"9411",-17122.669
"9412",-16677.161
"9413",-16769.783
"9414",-16946.31
"9415",-16854.182
"9416",-16559.94
"9417",-16937.429
"9418",-16670.539
"9419",-16922.748
"9420",-16731.57
"9421",-16841.066
"9422",-16686.254
"9423",-16866.881
"9424",-17050.547
"9425",-16491.441
"9426",-16822.642
"9427",-16903.761
"9428",-16711.788
"9429",-16535.962
"9430",-16884.038
"9431",-16899.742
"9432",-16909.675
"9433",-16920.639
"9434",-16853.615
"9435",-17204.974
"9436",-16710.299
"9437",-16625.241
"9438",-16663.83
"9439",-16861.119
"9440",-16998.215
"9441",-16882.053
"9442",-17058.992
"9443",-16930.674
"9444",-16477.445
"9445",-17202.141
"9446",-16929.697
"9447",-17607.321
"9448",-16976.952
"9449",-16573.215
"9450",-16953.971
"9451",-17117.854
"9452",-16945.262
"9453",-16709.381
"9454",-16553.987
"9455",-16840.88
"9456",-16744.262
"9457",-16756.243
"9458",-16485.042
"9459",-16747.163
"9460",-17846.086
"9461",-16453.953
"9462",-17173.237
"9463",-16471.389
"9464",-15877.218
"9465",-16994.227
"9466",-16794.831
"9467",-16990.185
"9468",-16866.771
"9469",-17124.616
"9470",-16204.103
"9471",-16698.208
"9472",-16796.001
"9473",-16866.303
"9474",-16636.695
"9475",-16644.289
"9476",-16808.738
"9477",-16476.406
"9478",-16513.267
"9479",-16609.505
"9480",-16768.041
"9481",-16601.191
"9482",-16731.261
"9483",-16836.044
"9484",-16866.824
"9485",-16754.97
"9486",-16991.414
"9487",-16808.452
"9488",-16788.304
"9489",-16954.455
"9490",-16820.262
"9491",-17062.24
"9492",-16856.716
"9493",-16884.15
"9494",-17181.534
"9495",-16856.707
"9496",-16519.816
"9497",-16434.86
"9498",-16861.853
"9499",-17087.011
"9500",-16687.545
"9501",-16925.522
"9502",-16743.641
"9503",-17213.935
"9504",-16639.442
"9505",-17029.98
"9506",-17272.647
"9507",-17147.229
"9508",-16665.33
"9509",-16547.895
"9510",-16691.35
"9511",-16778.343
"9512",-17101.226
"9513",-17022.554
"9514",-16953.342
"9515",-17096.425
"9516",-16835.541
"9517",-16795.035
"9518",-16218.144
"9519",-16718.266
"9520",-16905.833
"9521",-16846.298
"9522",-16980.715
"9523",-16761.151
"9524",-16747.579
"9525",-16647.536
"9526",-16413.019
"9527",-17410.108
"9528",-17013.639
"9529",-17041.882
"9530",-16555.348
"9531",-16459.601
"9532",-16926.653
"9533",-17040.841
"9534",-16909.228
"9535",-16467.748
"9536",-17022.61
"9537",-16658.384
"9538",-16447.243
"9539",-16670.699
"9540",-17194.788
"9541",-16961.254
"9542",-16885.59
"9543",-16963.857
"9544",-17072.076
"9545",-16867.598
"9546",-16589.164
"9547",-16753.021
"9548",-16952.016
"9549",-16609.516
"9550",-16967.773
"9551",-16573.564
"9552",-16844.337
"9553",-16734.977
"9554",-16918.326
"9555",-16935.624
"9556",-17065.863
"9557",-16737.247
"9558",-17014.908
"9559",-16315.513
"9560",-16620.793
"9561",-17016.209
"9562",-16952.545
"9563",-16882.885
"9564",-16779.408
"9565",-16813.101
"9566",-16639.965
"9567",-16654.497
"9568",-16556.017
"9569",-17121.46
"9570",-17070.129
"9571",-17443.861
"9572",-16727.552
"9573",-16677.265
"9574",-16829.136
"9575",-16968.376
"9576",-16475.205
"9577",-17037.683
"9578",-17161.7
"9579",-17203.698
"9580",-16739.743
"9581",-16751.386
"9582",-16708.089
"9583",-16575.137
"9584",-17248.319
"9585",-16545.723
"9586",-17005.013
"9587",-16718.932
"9588",-16376.41
"9589",-17011.451
"9590",-17242.956
"9591",-16651.959
"9592",-16544.844
"9593",-17155.02
"9594",-16651.831
"9595",-16959.537
"9596",-16660.286
"9597",-17141.851
"9598",-17076.132
"9599",-16622.783
"9600",-16943.444
"9601",-16599.92
"9602",-16428.176
"9603",-16989.617
"9604",-16922.904
"9605",-16915.502
"9606",-16526.881
"9607",-16509.838
"9608",-16519.314
"9609",-16258.716
"9610",-16467.85
"9611",-17282
"9612",-16997.841
"9613",-16671.34
"9614",-16834.541
"9615",-16375.151
"9616",-16536.821
"9617",-16612.975
"9618",-16629.537
"9619",-16883.474
"9620",-17009.52
"9621",-16691.047
"9622",-16833.299
"9623",-16620.058
"9624",-16605.072
"9625",-16539.54
"9626",-16648.932
"9627",-16402.423
"9628",-16587.986
"9629",-17054.376
"9630",-17057.035
"9631",-16487.774
"9632",-17199.669
"9633",-16432.62
"9634",-16626.049
"9635",-17133.461
"9636",-16737.375
"9637",-16926.682
"9638",-16806.266
"9639",-16780.635
"9640",-16864.736
"9641",-16755.166
"9642",-16801.318
"9643",-16749.989
"9644",-16805.723
"9645",-16789.813
"9646",-16936.428
"9647",-16834.508
"9648",-16661.845
"9649",-16538.957
"9650",-16482.719
"9651",-17753.928
"9652",-17016.547
"9653",-16457.483
"9654",-16904.977
"9655",-16538.742
"9656",-16841.892
"9657",-16783.82
"9658",-16513.503
"9659",-16383.904
"9660",-17226.827
"9661",-17222.433
"9662",-16892.11
"9663",-16906.525
"9664",-16573.667
"9665",-16598.913
"9666",-16499.266
"9667",-16657.669
"9668",-16674.321
"9669",-17097.57
"9670",-17031.539
"9671",-16877.436
"9672",-16554.307
"9673",-16669.38
"9674",-16528.647
"9675",-17046.659
"9676",-16717.908
"9677",-16335.645
"9678",-17124.157
"9679",-16656.937
"9680",-17047.422
"9681",-16393.642
"9682",-17026.688
"9683",-17150.724
"9684",-16765.121
"9685",-16789.591
"9686",-16798.574
"9687",-16598.079
"9688",-16863.108
"9689",-16921.16
"9690",-16793.619
"9691",-17051.84
"9692",-16876.133
"9693",-16984.712
"9694",-16791.388
"9695",-17461.153
"9696",-16764.335
"9697",-16689.769
"9698",-17264.465
"9699",-16818.843
"9700",-16857.084
"9701",-17111.367
"9702",-16909.771
"9703",-17609.372
"9704",-16645.884
"9705",-16907.184
"9706",-16875.349
"9707",-17022.772
"9708",-16832.41
"9709",-16889.153
"9710",-16766.58
"9711",-16514.001
"9712",-16727.125
"9713",-16957.003
"9714",-16712.433
"9715",-16872.248
"9716",-16829.247
"9717",-16765.57
"9718",-16562.302
"9719",-17051.854
"9720",-17057.059
"9721",-16462.423
"9722",-16806.955
"9723",-16620.414
"9724",-17130.217
"9725",-16840.596
"9726",-16811.173
"9727",-17079.422
"9728",-16840.55
"9729",-17148.843
"9730",-16747.488
"9731",-16841.024
"9732",-16776.662
"9733",-16329.903
"9734",-16650.935
"9735",-16666.526
"9736",-16638.175
"9737",-16810.327
"9738",-16536.627
"9739",-16905.082
"9740",-16242.666
"9741",-16914.966
"9742",-17031.937
"9743",-16968.857
"9744",-16691.203
"9745",-16506.729
"9746",-16658.189
"9747",-16766.871
"9748",-16663.232
"9749",-16988.467
"9750",-16313.953
"9751",-16945.249
"9752",-16482.607
"9753",-16779.219
"9754",-16972.335
"9755",-16577.25
"9756",-16779.159
"9757",-16543.655
"9758",-16414.535
"9759",-16606.929
"9760",-16972.827
"9761",-17062.363
"9762",-16792.328
"9763",-16897.615
"9764",-16556.197
"9765",-16827.535
"9766",-16365.146
"9767",-16691.082
"9768",-17256.31
"9769",-16937.39
"9770",-16674.206
"9771",-16510.864
"9772",-17022.502
"9773",-17090.719
"9774",-17184.817
"9775",-16944.439
"9776",-16291.37
"9777",-16282.786
"9778",-16715.568
"9779",-16781.014
"9780",-16249.641
"9781",-16777.898
"9782",-16490.189
"9783",-17209.949
"9784",-16865.057
"9785",-17215.656
"9786",-17004.93
"9787",-16991.79
"9788",-16389.154
"9789",-16621.829
"9790",-16585.686
"9791",-16642.191
"9792",-17287.478
"9793",-16685.659
"9794",-16998.278
"9795",-16780.371
"9796",-16631.661
"9797",-16374.556
"9798",-16649.014
"9799",-16946.084
"9800",-16760.793
"9801",-17123.624
"9802",-16901.828
"9803",-16872.336
"9804",-17037.714
"9805",-16730.482
"9806",-16926.519
"9807",-16430.804
"9808",-16715.439
"9809",-16895.847
"9810",-16598.357
"9811",-16560.214
"9812",-17063.65
"9813",-16824.037
"9814",-16595.62
"9815",-16969.046
"9816",-17272.509
"9817",-17389.435
"9818",-16913.447
"9819",-16711.469
"9820",-16808.757
"9821",-17174.034
"9822",-16215.966
"9823",-17174.318
"9824",-16846.728
"9825",-16787.796
"9826",-16765.779
"9827",-16295.422
"9828",-17111.934
"9829",-16555.844
"9830",-17403.914
"9831",-16287.916
"9832",-17136.265
"9833",-17253.481
"9834",-16562.422
"9835",-16629.527
"9836",-16859.032
"9837",-17231.455
"9838",-16801.119
"9839",-16533.109
"9840",-16727.424
"9841",-16683.713
"9842",-16373.539
"9843",-16767.083
"9844",-16937.387
"9845",-17033.939
"9846",-16712.631
"9847",-16672.062
"9848",-17028.721
"9849",-16600.249
"9850",-16931.006
"9851",-17079.756
"9852",-17266.986
"9853",-17048.659
"9854",-16573.527
"9855",-16953.2
"9856",-16650.937
"9857",-17360.207
"9858",-16334.682
"9859",-16720.731
"9860",-16767.216
"9861",-16932.348
"9862",-17243.495
"9863",-16541.705
"9864",-16363.39
"9865",-16583.642
"9866",-16909.472
"9867",-16333.284
"9868",-16755.979
"9869",-16880.548
"9870",-16570.548
"9871",-17096.369
"9872",-16839.391
"9873",-17036.708
"9874",-16527.345
"9875",-16717.139
"9876",-16613.082
"9877",-16776.523
"9878",-16904.572
"9879",-16683.335
"9880",-16662.11
"9881",-16386.847
"9882",-17513.251
"9883",-17247.821
"9884",-16516.085
"9885",-16738.241
"9886",-16773.411
"9887",-16702.191
"9888",-16280.228
"9889",-17008.102
"9890",-16635.582
"9891",-16742.553
"9892",-16526.093
"9893",-16896.075
"9894",-17273.405
"9895",-16777.81
"9896",-16479.457
"9897",-16771.477
"9898",-17077.109
"9899",-16477.246
"9900",-16546.486
"9901",-16465.028
"9902",-16576.637
"9903",-16228.839
"9904",-16835.056
"9905",-17085.474
"9906",-16919.682
"9907",-16874.088
"9908",-17025.619
"9909",-16704.151
"9910",-16837.655
"9911",-16872.498
"9912",-16692.17
"9913",-17098.711
"9914",-17678.737
"9915",-16919.219
"9916",-16807.284
"9917",-17081.205
"9918",-16594.132
"9919",-17300.301
"9920",-16761.421
"9921",-16412.455
"9922",-16949.434
"9923",-16949.317
"9924",-16900.314
"9925",-17064.54
"9926",-16995.122
"9927",-16812.664
"9928",-17038.581
"9929",-16900.183
"9930",-16317.679
"9931",-17222.943
"9932",-16809.235
"9933",-16835.563
"9934",-16558.37
"9935",-16682.558
"9936",-16854.338
"9937",-17049.444
"9938",-16792.345
"9939",-16859.596
"9940",-17352.677
"9941",-16545.458
"9942",-16753.887
"9943",-16633.931
"9944",-16981.055
"9945",-16573.076
"9946",-15972.583
"9947",-16891.59
"9948",-17023.148
"9949",-17315.521
"9950",-16544.254
"9951",-16729.238
"9952",-16102.551
"9953",-16680.168
"9954",-16930.774
"9955",-16085.939
"9956",-16671.069
"9957",-16896.16
"9958",-17109.066
"9959",-17067.174
"9960",-16863.909
"9961",-16951.409
"9962",-16652.419
"9963",-16667.401
"9964",-16501.737
"9965",-16835.862
"9966",-16662.426
"9967",-16781.554
"9968",-16347.372
"9969",-16991.856
"9970",-17198.191
"9971",-16575.273
"9972",-16517.508
"9973",-16560.26
"9974",-16989.761
"9975",-16730.966
"9976",-16572.445
"9977",-16416.737
"9978",-16616.266
"9979",-16724.613
"9980",-16921.528
"9981",-16820.572
"9982",-16431.757
"9983",-16734.824
"9984",-16734.372
"9985",-16806.57
"9986",-17105.164
"9987",-16584.28
"9988",-16630.91
"9989",-16601.277
"9990",-16696.61
"9991",-16826.426
"9992",-16451.86
"9993",-17422.764
"9994",-16633.681
"9995",-16741.173
"9996",-16763.087
"9997",-16661.629
"9998",-16903.232
"9999",-16636.557
"10000",-16660.087
"10001",NA
"10002",-16665.105
