1	8	500	492	0.5136	0.295	0.269	0.276	0.342	0.300	0.244	0.274	0.285	0.269	0.280	0.285	0.294	0.375	0.234	2.119	0.475	0.251	0.219	-8837.576
2	8	500	489	0.5079	0.278	0.310	0.247	0.356	0.231	0.345	0.292	0.277	0.284	0.309	0.324	0.293	0.316	0.315	1.862	0.404	0.170	0.176	-8821.850
3	8	500	493	0.4953	0.300	0.303	0.241	0.341	0.349	0.291	0.253	0.325	0.345	0.284	0.335	0.282	0.270	0.315	1.915	0.371	0.205	0.210	-8973.403
4	8	500	494	0.5040	0.259	0.346	0.236	0.306	0.236	0.313	0.257	0.268	0.354	0.391	0.301	0.254	0.328	0.302	2.026	0.408	0.177	0.178	-8807.479
5	8	500	491	0.5062	0.298	0.355	0.270	0.279	0.302	0.284	0.280	0.316	0.322	0.332	0.334	0.284	0.339	0.305	1.909	0.483	0.224	0.179	-8923.593
6	8	500	496	0.5254	0.290	0.309	0.289	0.307	0.343	0.288	0.260	0.292	0.308	0.316	0.321	0.381	0.312	0.310	1.914	0.570	0.275	0.194	-9067.346
7	8	500	490	0.4961	0.306	0.213	0.330	0.310	0.310	0.356	0.266	0.335	0.271	0.306	0.311	0.371	0.247	0.261	2.048	0.393	0.214	0.209	-8907.831
8	8	500	491	0.5054	0.238	0.322	0.270	0.291	0.335	0.317	0.321	0.280	0.273	0.307	0.312	0.293	0.326	0.289	1.951	0.410	0.212	0.177	-8888.921
9	8	500	493	0.5155	0.316	0.267	0.286	0.317	0.337	0.290	0.263	0.253	0.270	0.321	0.240	0.296	0.314	0.358	1.806	0.526	0.266	0.198	-8880.197
10	8	500	495	0.5225	0.302	0.311	0.282	0.300	0.311	0.256	0.304	0.316	0.357	0.327	0.268	0.292	0.273	0.253	2.161	0.441	0.213	0.195	-8800.063
11	8	500	494	0.5089	0.277	0.298	0.334	0.355	0.311	0.292	0.327	0.301	0.353	0.305	0.343	0.286	0.269	0.331	1.844	0.563	0.282	0.187	-9146.340
12	8	500	495	0.5257	0.315	0.273	0.261	0.331	0.287	0.304	0.317	0.340	0.203	0.351	0.294	0.329	0.243	0.296	1.936	0.240	0.130	0.179	-8891.307
13	8	500	498	0.5091	0.237	0.342	0.203	0.301	0.283	0.298	0.307	0.290	0.386	0.296	0.367	0.301	0.324	0.281	2.083	0.367	0.207	0.198	-8977.267
14	8	500	497	0.5198	0.331	0.261	0.260	0.287	0.309	0.272	0.303	0.292	0.243	0.278	0.368	0.320	0.286	0.286	2.016	0.538	0.236	0.225	-8867.782
15	8	500	495	0.5216	0.254	0.317	0.318	0.327	0.276	0.303	0.336	0.251	0.297	0.312	0.284	0.339	0.351	0.308	2.124	0.332	0.177	0.187	-8969.292
16	8	500	496	0.5157	0.343	0.305	0.287	0.334	0.370	0.269	0.337	0.278	0.308	0.330	0.317	0.392	0.314	0.314	2.100	0.248	0.111	0.217	-9212.676
17	8	500	493	0.5107	0.282	0.240	0.251	0.296	0.254	0.272	0.276	0.275	0.361	0.315	0.291	0.317	0.243	0.311	2.145	0.401	0.195	0.195	-8689.628
18	8	500	493	0.5192	0.292	0.293	0.233	0.278	0.321	0.342	0.263	0.279	0.333	0.284	0.349	0.226	0.333	0.352	1.878	0.311	0.231	0.169	-8986.896
19	8	500	490	0.5227	0.347	0.323	0.258	0.324	0.313	0.283	0.226	0.341	0.256	0.357	0.287	0.282	0.282	0.283	2.173	0.395	0.182	0.179	-8736.788
20	8	500	495	0.5108	0.334	0.290	0.266	0.312	0.270	0.328	0.327	0.271	0.339	0.276	0.336	0.275	0.289	0.239	1.993	0.349	0.151	0.189	-8863.025
21	8	500	493	0.5068	0.365	0.294	0.270	0.318	0.299	0.332	0.313	0.331	0.316	0.333	0.240	0.342	0.303	0.309	1.849	0.212	0.112	0.207	-9099.213
22	8	500	488	0.5207	0.301	0.345	0.253	0.382	0.254	0.266	0.248	0.297	0.279	0.269	0.315	0.323	0.260	0.336	1.993	0.283	0.169	0.168	-8818.402
23	8	500	495	0.5225	0.281	0.278	0.301	0.312	0.326	0.349	0.361	0.299	0.328	0.320	0.320	0.323	0.314	0.299	2.045	0.331	0.161	0.227	-9213.219
24	8	500	494	0.5065	0.333	0.296	0.247	0.287	0.306	0.309	0.294	0.250	0.279	0.286	0.274	0.313	0.325	0.279	1.813	0.575	0.299	0.195	-8851.906
25	8	500	498	0.5278	0.323	0.343	0.313	0.352	0.310	0.279	0.269	0.281	0.314	0.260	0.294	0.377	0.375	0.243	1.917	0.390	0.205	0.172	-9023.415
26	8	500	495	0.5127	0.310	0.228	0.272	0.248	0.325	0.322	0.311	0.301	0.296	0.302	0.296	0.315	0.264	0.302	2.023	0.081	0.040	0.197	-8843.843
27	8	500	491	0.5204	0.252	0.331	0.305	0.300	0.289	0.273	0.384	0.320	0.342	0.323	0.323	0.219	0.299	0.288	2.026	0.247	0.118	0.179	-8987.347
28	8	500	495	0.5237	0.295	0.376	0.273	0.300	0.201	0.271	0.275	0.275	0.288	0.320	0.276	0.365	0.288	0.276	2.033	0.339	0.174	0.198	-8821.840
29	8	500	499	0.5217	0.357	0.338	0.304	0.280	0.225	0.254	0.297	0.397	0.302	0.355	0.297	0.270	0.297	0.357	1.875	0.481	0.183	0.216	-9000.136
30	8	500	498	0.4967	0.320	0.304	0.350	0.321	0.373	0.290	0.357	0.336	0.282	0.314	0.311	0.373	0.276	0.283	2.321	0.352	0.219	0.179	-9133.175
31	8	500	496	0.5192	0.270	0.274	0.319	0.254	0.360	0.257	0.364	0.303	0.313	0.269	0.328	0.255	0.285	0.384	1.953	0.438	0.305	0.187	-9055.799
32	8	500	494	0.4967	0.304	0.271	0.234	0.291	0.299	0.279	0.297	0.253	0.275	0.297	0.335	0.286	0.233	0.288	1.758	0.271	0.126	0.182	-8677.433
33	8	500	491	0.4974	0.227	0.308	0.234	0.298	0.383	0.327	0.287	0.276	0.303	0.287	0.262	0.315	0.288	0.312	1.897	0.407	0.231	0.179	-8816.769
34	8	500	497	0.5059	0.344	0.335	0.340	0.304	0.332	0.288	0.297	0.325	0.294	0.286	0.260	0.310	0.310	0.347	2.031	0.425	0.226	0.198	-9086.635
35	8	500	498	0.5042	0.312	0.316	0.260	0.308	0.248	0.302	0.285	0.260	0.260	0.255	0.322	0.280	0.267	0.297	1.863	0.205	0.069	0.193	-8707.274
36	8	500	496	0.5255	0.240	0.322	0.250	0.307	0.278	0.291	0.274	0.262	0.235	0.285	0.300	0.277	0.294	0.269	1.744	0.582	0.301	0.197	-8750.017
37	8	500	492	0.5106	0.294	0.374	0.331	0.270	0.267	0.292	0.297	0.308	0.315	0.386	0.312	0.259	0.312	0.317	1.984	0.354	0.212	0.232	-9185.897
38	8	500	494	0.4942	0.279	0.231	0.339	0.276	0.278	0.295	0.313	0.255	0.302	0.272	0.344	0.338	0.326	0.306	1.877	0.356	0.147	0.199	-8864.349
39	8	500	489	0.5244	0.290	0.247	0.295	0.300	0.290	0.365	0.322	0.249	0.300	0.265	0.289	0.276	0.293	0.305	2.060	0.502	0.239	0.210	-8891.930
40	8	500	492	0.5210	0.314	0.304	0.285	0.287	0.274	0.268	0.344	0.333	0.236	0.340	0.277	0.296	0.284	0.279	1.893	0.400	0.239	0.192	-8967.499
41	8	500	497	0.5008	0.302	0.318	0.293	0.323	0.313	0.322	0.275	0.297	0.317	0.358	0.285	0.284	0.269	0.267	1.987	0.352	0.164	0.209	-8946.018
42	8	500	497	0.5363	0.295	0.292	0.303	0.309	0.327	0.297	0.310	0.353	0.294	0.317	0.316	0.354	0.266	0.306	1.951	0.436	0.241	0.188	-9089.252
43	8	500	493	0.5076	0.310	0.358	0.279	0.259	0.282	0.331	0.325	0.293	0.282	0.307	0.306	0.235	0.286	0.274	2.093	0.254	0.109	0.201	-8826.157
44	8	500	495	0.4956	0.277	0.414	0.276	0.372	0.293	0.280	0.315	0.335	0.311	0.301	0.314	0.302	0.293	0.366	1.982	0.507	0.244	0.178	-9091.570
45	8	500	493	0.5199	0.241	0.353	0.250	0.299	0.315	0.308	0.253	0.249	0.297	0.247	0.334	0.291	0.307	0.313	1.899	0.398	0.194	0.196	-8838.051
46	8	500	495	0.5202	0.291	0.294	0.326	0.335	0.275	0.321	0.303	0.311	0.397	0.325	0.312	0.223	0.288	0.312	1.932	0.475	0.229	0.195	-8999.134
47	8	500	494	0.5183	0.322	0.336	0.360	0.260	0.280	0.282	0.284	0.329	0.262	0.291	0.327	0.323	0.289	0.304	1.865	0.423	0.211	0.204	-8983.677
48	8	500	498	0.5151	0.275	0.266	0.311	0.304	0.364	0.291	0.289	0.300	0.298	0.297	0.278	0.330	0.286	0.359	2.161	0.058	0.021	0.215	-8955.632
49	8	500	496	0.5289	0.338	0.297	0.295	0.281	0.299	0.350	0.252	0.335	0.266	0.273	0.305	0.272	0.322	0.316	1.985	0.155	0.090	0.202	-8977.310
50	8	500	490	0.5257	0.269	0.334	0.334	0.290	0.268	0.316	0.275	0.281	0.249	0.311	0.321	0.274	0.350	0.322	1.826	0.398	0.216	0.183	-8985.000
51	8	500	495	0.5093	0.345	0.299	0.266	0.316	0.299	0.254	0.287	0.277	0.363	0.265	0.352	0.279	0.288	0.281	2.100	0.365	0.254	0.161	-8830.803
52	8	500	496	0.5192	0.306	0.234	0.296	0.266	0.310	0.312	0.290	0.268	0.295	0.272	0.296	0.313	0.247	0.372	1.930	0.434	0.221	0.190	-8847.660
53	8	500	494	0.5332	0.341	0.308	0.370	0.227	0.247	0.283	0.308	0.370	0.323	0.357	0.246	0.272	0.332	0.293	2.135	0.321	0.189	0.177	-8964.218
54	8	500	496	0.5049	0.314	0.313	0.318	0.279	0.326	0.365	0.299	0.339	0.388	0.288	0.289	0.286	0.235	0.331	2.008	0.426	0.181	0.186	-8937.818
55	8	500	495	0.5154	0.293	0.321	0.314	0.297	0.282	0.242	0.337	0.275	0.287	0.272	0.323	0.328	0.258	0.338	2.001	0.301	0.150	0.196	-8895.462
56	8	500	495	0.5025	0.295	0.295	0.321	0.314	0.312	0.304	0.285	0.315	0.295	0.309	0.356	0.386	0.275	0.325	1.988	0.398	0.228	0.183	-9093.620
57	8	500	484	0.5118	0.320	0.252	0.289	0.300	0.340	0.278	0.256	0.294	0.256	0.214	0.289	0.250	0.259	0.250	2.055	0.460	0.206	0.201	-8537.602
58	8	500	491	0.5184	0.294	0.287	0.219	0.300	0.329	0.297	0.286	0.332	0.272	0.289	0.273	0.300	0.310	0.309	1.779	0.219	0.091	0.230	-8936.719
59	8	500	496	0.5045	0.311	0.286	0.308	0.293	0.323	0.277	0.320	0.309	0.262	0.339	0.277	0.310	0.237	0.298	1.954	0.461	0.191	0.204	-8823.608
60	8	500	494	0.5212	0.268	0.286	0.246	0.273	0.374	0.302	0.341	0.299	0.237	0.257	0.267	0.291	0.330	0.291	2.049	0.433	0.167	0.191	-8727.032
61	8	500	496	0.5186	0.336	0.305	0.306	0.353	0.272	0.251	0.305	0.282	0.356	0.275	0.284	0.276	0.274	0.279	1.914	0.389	0.194	0.200	-8930.837
62	8	500	489	0.5363	0.273	0.247	0.280	0.303	0.321	0.273	0.311	0.269	0.327	0.308	0.291	0.307	0.292	0.282	1.860	0.279	0.157	0.162	-8825.655
63	8	500	497	0.5139	0.232	0.304	0.251	0.314	0.339	0.316	0.314	0.279	0.268	0.281	0.342	0.299	0.329	0.262	1.870	0.477	0.182	0.221	-8894.891
64	8	500	493	0.5020	0.263	0.297	0.337	0.295	0.373	0.307	0.297	0.296	0.311	0.270	0.365	0.316	0.280	0.295	2.104	0.381	0.224	0.195	-9028.269
65	8	500	492	0.5028	0.303	0.265	0.360	0.270	0.226	0.277	0.254	0.274	0.277	0.280	0.288	0.339	0.303	0.261	2.139	0.402	0.191	0.184	-8638.549
66	8	500	495	0.5114	0.289	0.273	0.283	0.273	0.247	0.337	0.283	0.326	0.284	0.272	0.311	0.365	0.303	0.318	1.855	0.273	0.099	0.190	-8844.440
67	8	500	495	0.5179	0.313	0.306	0.294	0.279	0.269	0.308	0.332	0.247	0.265	0.300	0.320	0.249	0.326	0.302	1.995	0.438	0.224	0.198	-8857.454
68	8	500	493	0.5199	0.311	0.291	0.275	0.336	0.296	0.281	0.257	0.305	0.281	0.301	0.323	0.274	0.285	0.321	2.156	0.412	0.279	0.222	-8985.330
69	8	500	493	0.5323	0.279	0.311	0.258	0.362	0.370	0.288	0.348	0.322	0.270	0.348	0.312	0.244	0.279	0.309	2.018	0.367	0.195	0.184	-9010.532
70	8	500	490	0.5134	0.287	0.274	0.242	0.298	0.315	0.261	0.266	0.340	0.261	0.237	0.311	0.235	0.264	0.248	2.056	0.318	0.146	0.232	-8621.999
71	8	500	498	0.5056	0.275	0.330	0.238	0.323	0.282	0.291	0.320	0.250	0.338	0.321	0.332	0.344	0.311	0.325	1.812	0.490	0.199	0.226	-9078.097
72	8	500	488	0.5197	0.232	0.273	0.247	0.374	0.257	0.287	0.250	0.309	0.268	0.298	0.268	0.354	0.284	0.265	1.872	0.400	0.186	0.194	-8686.217
73	8	500	492	0.5152	0.356	0.250	0.280	0.277	0.277	0.277	0.290	0.309	0.287	0.276	0.325	0.263	0.267	0.292	1.949	0.397	0.178	0.213	-8761.259
74	8	500	493	0.4973	0.288	0.287	0.266	0.256	0.274	0.277	0.305	0.264	0.246	0.285	0.310	0.300	0.310	0.335	1.970	0.446	0.181	0.196	-8695.394
75	8	500	496	0.5318	0.290	0.328	0.289	0.274	0.324	0.264	0.311	0.315	0.344	0.265	0.323	0.239	0.296	0.282	1.739	0.454	0.245	0.192	-8940.127
76	8	500	498	0.5351	0.290	0.239	0.302	0.259	0.352	0.328	0.264	0.290	0.218	0.313	0.304	0.274	0.319	0.309	2.036	0.452	0.201	0.182	-8749.561
77	8	500	493	0.5108	0.305	0.278	0.325	0.296	0.330	0.289	0.291	0.350	0.285	0.317	0.374	0.387	0.305	0.260	1.756	0.568	0.314	0.201	-9124.470
78	8	500	489	0.4956	0.322	0.307	0.220	0.314	0.256	0.297	0.257	0.306	0.323	0.305	0.255	0.309	0.297	0.242	2.076	0.415	0.193	0.181	-8588.624
79	8	500	493	0.5017	0.315	0.328	0.244	0.260	0.317	0.353	0.294	0.288	0.290	0.300	0.350	0.327	0.270	0.297	2.059	0.453	0.203	0.195	-8848.052
80	8	500	495	0.5044	0.313	0.250	0.268	0.269	0.309	0.301	0.306	0.328	0.288	0.329	0.325	0.246	0.320	0.328	1.808	0.305	0.194	0.212	-9039.482
81	8	500	493	0.5047	0.331	0.334	0.233	0.299	0.357	0.292	0.298	0.303	0.258	0.312	0.392	0.334	0.294	0.337	2.036	0.412	0.235	0.185	-9039.790
82	8	500	493	0.5208	0.316	0.259	0.314	0.289	0.362	0.215	0.358	0.347	0.343	0.306	0.279	0.271	0.301	0.281	2.029	0.354	0.173	0.195	-8940.855
83	8	500	488	0.4934	0.321	0.329	0.315	0.274	0.350	0.319	0.278	0.275	0.279	0.299	0.305	0.318	0.274	0.290	1.962	0.496	0.289	0.210	-8948.212
84	8	500	496	0.5076	0.336	0.308	0.272	0.301	0.312	0.332	0.311	0.313	0.309	0.334	0.266	0.286	0.296	0.298	2.024	0.311	0.150	0.193	-8996.901
85	8	500	492	0.5125	0.262	0.228	0.295	0.292	0.305	0.335	0.309	0.287	0.281	0.325	0.341	0.185	0.318	0.378	1.843	0.416	0.246	0.222	-9078.485
86	8	500	492	0.5099	0.277	0.268	0.259	0.331	0.249	0.241	0.370	0.350	0.340	0.307	0.292	0.309	0.246	0.309	1.828	0.399	0.164	0.193	-8841.565
87	8	500	495	0.5209	0.368	0.293	0.284	0.266	0.308	0.366	0.291	0.335	0.274	0.324	0.275	0.272	0.327	0.320	2.087	0.314	0.137	0.221	-9015.909
88	8	500	494	0.5022	0.322	0.210	0.255	0.345	0.330	0.277	0.250	0.335	0.311	0.259	0.292	0.288	0.269	0.284	1.973	0.395	0.191	0.192	-8735.143
89	8	500	494	0.5237	0.316	0.273	0.289	0.282	0.278	0.301	0.314	0.316	0.328	0.318	0.279	0.332	0.281	0.326	2.029	0.243	0.094	0.204	-8970.530
90	8	500	497	0.4948	0.333	0.327	0.304	0.311	0.285	0.305	0.289	0.343	0.238	0.358	0.311	0.326	0.358	0.365	1.998	0.170	0.110	0.185	-9179.000
91	8	500	497	0.5165	0.279	0.343	0.298	0.281	0.283	0.315	0.251	0.306	0.305	0.251	0.294	0.320	0.289	0.293	2.093	0.298	0.121	0.219	-8880.643
92	8	500	494	0.5101	0.310	0.321	0.212	0.291	0.358	0.266	0.280	0.281	0.258	0.304	0.297	0.290	0.313	0.279	1.973	0.127	0.061	0.180	-8693.019
93	8	500	490	0.5168	0.336	0.257	0.289	0.316	0.289	0.308	0.301	0.309	0.321	0.342	0.260	0.250	0.357	0.277	1.917	0.418	0.174	0.203	-8923.673
94	8	500	494	0.5226	0.272	0.280	0.256	0.316	0.328	0.344	0.225	0.284	0.319	0.373	0.292	0.320	0.272	0.340	2.224	0.272	0.114	0.239	-8996.704
95	8	500	491	0.5005	0.232	0.273	0.265	0.265	0.308	0.268	0.206	0.314	0.302	0.309	0.331	0.333	0.326	0.354	1.929	0.391	0.195	0.193	-8813.503
96	8	500	491	0.5049	0.270	0.278	0.287	0.296	0.277	0.307	0.273	0.333	0.385	0.258	0.293	0.333	0.235	0.263	1.854	0.400	0.200	0.199	-8822.517
97	8	500	493	0.5252	0.383	0.252	0.254	0.269	0.327	0.236	0.317	0.332	0.327	0.268	0.261	0.263	0.303	0.278	2.027	0.133	0.062	0.192	-8764.616
98	8	500	496	0.5308	0.341	0.200	0.232	0.294	0.340	0.344	0.293	0.286	0.271	0.295	0.223	0.321	0.268	0.352	2.032	0.464	0.210	0.212	-8783.075
99	8	500	488	0.4970	0.276	0.323	0.286	0.293	0.275	0.275	0.338	0.265	0.326	0.291	0.297	0.261	0.342	0.289	1.945	0.347	0.212	0.222	-9023.715
100	8	500	493	0.5118	0.285	0.251	0.295	0.301	0.281	0.321	0.323	0.344	0.300	0.305	0.320	0.308	0.295	0.236	2.083	0.586	0.240	0.220	-8902.030
101	8	500	492	0.5131	0.327	0.218	0.243	0.315	0.377	0.339	0.259	0.285	0.260	0.369	0.212	0.333	0.262	0.333	2.004	0.260	0.133	0.193	-8858.378
102	8	500	496	0.5132	0.244	0.319	0.308	0.300	0.303	0.338	0.277	0.319	0.348	0.312	0.321	0.305	0.356	0.297	2.102	0.438	0.199	0.194	-9017.130
103	8	500	489	0.5204	0.335	0.324	0.284	0.293	0.322	0.335	0.277	0.325	0.299	0.311	0.249	0.233	0.346	0.255	2.032	0.353	0.147	0.210	-8859.095
104	8	500	497	0.5078	0.307	0.255	0.244	0.317	0.226	0.293	0.380	0.291	0.295	0.309	0.293	0.289	0.303	0.305	2.019	0.422	0.167	0.216	-8825.221
105	8	500	490	0.5015	0.285	0.357	0.280	0.291	0.333	0.293	0.340	0.346	0.305	0.233	0.318	0.275	0.284	0.358	1.998	0.248	0.111	0.195	-8951.790
106	8	500	491	0.5259	0.303	0.398	0.292	0.290	0.246	0.277	0.348	0.358	0.301	0.295	0.336	0.307	0.340	0.261	1.831	0.540	0.326	0.160	-9006.986
107	8	500	497	0.5182	0.311	0.279	0.281	0.294	0.298	0.426	0.335	0.311	0.295	0.294	0.294	0.257	0.339	0.289	1.898	0.459	0.208	0.176	-8949.635
108	8	500	490	0.5088	0.304	0.291	0.301	0.264	0.305	0.338	0.249	0.338	0.320	0.308	0.369	0.208	0.274	0.335	2.121	0.268	0.137	0.187	-8970.864
109	8	500	489	0.5211	0.355	0.245	0.289	0.311	0.349	0.273	0.284	0.302	0.351	0.344	0.310	0.286	0.391	0.310	1.930	0.350	0.182	0.193	-9113.999
110	8	500	495	0.5148	0.314	0.287	0.344	0.292	0.327	0.284	0.278	0.291	0.272	0.298	0.280	0.274	0.303	0.330	2.072	0.470	0.204	0.213	-8887.502
111	8	500	492	0.4962	0.323	0.283	0.264	0.329	0.310	0.333	0.305	0.244	0.304	0.326	0.282	0.384	0.289	0.321	1.960	0.382	0.175	0.190	-8987.084
112	8	500	498	0.5232	0.326	0.298	0.222	0.346	0.338	0.293	0.320	0.319	0.308	0.341	0.292	0.335	0.327	0.284	2.073	0.454	0.183	0.225	-9042.677
113	8	500	495	0.5194	0.281	0.241	0.296	0.305	0.263	0.310	0.352	0.251	0.303	0.278	0.279	0.288	0.325	0.360	1.992	0.494	0.187	0.201	-8854.965
114	8	500	493	0.5276	0.287	0.323	0.290	0.342	0.356	0.239	0.264	0.282	0.317	0.338	0.290	0.277	0.287	0.305	2.019	0.457	0.183	0.197	-8829.258
115	8	500	489	0.5252	0.276	0.326	0.301	0.298	0.297	0.261	0.286	0.276	0.312	0.227	0.319	0.310	0.240	0.345	2.224	0.265	0.174	0.159	-8752.369
116	8	500	495	0.5222	0.336	0.357	0.327	0.272	0.291	0.285	0.272	0.299	0.272	0.347	0.261	0.285	0.376	0.295	2.111	0.321	0.199	0.184	-9013.652
117	8	500	494	0.5146	0.318	0.335	0.270	0.316	0.292	0.330	0.303	0.332	0.351	0.346	0.318	0.289	0.322	0.277	1.916	0.340	0.189	0.185	-9088.705
118	8	500	494	0.5282	0.300	0.320	0.295	0.287	0.302	0.283	0.360	0.302	0.311	0.329	0.294	0.269	0.345	0.290	1.868	0.490	0.213	0.232	-9119.462
119	8	500	494	0.5137	0.243	0.308	0.325	0.320	0.281	0.317	0.304	0.310	0.283	0.247	0.307	0.315	0.269	0.252	2.070	0.491	0.235	0.226	-8818.468
120	8	500	495	0.5055	0.244	0.300	0.291	0.312	0.309	0.335	0.248	0.204	0.337	0.354	0.284	0.306	0.306	0.302	1.946	0.284	0.132	0.190	-8891.978
121	8	500	489	0.5050	0.278	0.340	0.317	0.304	0.325	0.318	0.267	0.322	0.305	0.382	0.294	0.280	0.297	0.296	2.029	0.540	0.318	0.175	-8998.207
122	8	500	491	0.5186	0.306	0.178	0.265	0.301	0.311	0.354	0.299	0.275	0.243	0.280	0.240	0.357	0.300	0.295	1.956	0.317	0.172	0.177	-8725.546
123	8	500	498	0.5305	0.249	0.258	0.238	0.306	0.311	0.282	0.240	0.289	0.319	0.356	0.252	0.341	0.315	0.265	2.197	0.252	0.104	0.211	-8774.865
124	8	500	498	0.5146	0.338	0.370	0.324	0.295	0.309	0.348	0.377	0.369	0.343	0.328	0.293	0.308	0.262	0.378	2.019	0.272	0.163	0.198	-9335.419
125	8	500	495	0.5145	0.330	0.297	0.353	0.244	0.347	0.311	0.348	0.342	0.332	0.338	0.331	0.268	0.285	0.281	1.831	0.404	0.233	0.199	-9170.807
126	8	500	497	0.5124	0.284	0.321	0.234	0.340	0.376	0.388	0.297	0.296	0.333	0.282	0.344	0.307	0.271	0.328	1.982	0.279	0.205	0.176	-9151.169
127	8	500	492	0.5068	0.289	0.332	0.244	0.287	0.359	0.236	0.314	0.342	0.287	0.339	0.334	0.330	0.346	0.300	2.151	0.083	0.053	0.182	-9017.532
128	8	500	494	0.5047	0.325	0.302	0.269	0.250	0.295	0.306	0.289	0.348	0.343	0.339	0.301	0.318	0.335	0.295	1.678	0.500	0.217	0.199	-9008.290
129	8	500	492	0.5331	0.275	0.336	0.247	0.372	0.314	0.320	0.287	0.273	0.279	0.278	0.338	0.319	0.321	0.312	1.959	0.492	0.273	0.199	-9026.860
130	8	500	495	0.5201	0.322	0.262	0.331	0.287	0.294	0.330	0.334	0.348	0.320	0.313	0.287	0.290	0.312	0.263	2.006	0.294	0.161	0.197	-9005.040
131	8	500	494	0.5018	0.280	0.298	0.275	0.225	0.349	0.297	0.262	0.271	0.294	0.320	0.231	0.324	0.326	0.348	2.141	0.329	0.132	0.199	-8694.465
132	8	500	493	0.5146	0.353	0.366	0.207	0.327	0.317	0.341	0.350	0.302	0.277	0.264	0.334	0.327	0.320	0.306	2.158	0.174	0.111	0.187	-9105.796
133	8	500	492	0.5028	0.353	0.327	0.252	0.316	0.280	0.348	0.285	0.383	0.312	0.294	0.309	0.380	0.306	0.262	2.064	0.463	0.218	0.186	-8965.151
134	8	500	493	0.5089	0.317	0.315	0.283	0.301	0.281	0.302	0.274	0.343	0.211	0.246	0.302	0.308	0.339	0.267	2.154	0.418	0.206	0.201	-8790.022
135	8	500	494	0.5127	0.310	0.300	0.318	0.248	0.319	0.290	0.248	0.290	0.227	0.338	0.283	0.293	0.305	0.286	1.784	0.483	0.178	0.210	-8821.657
136	8	500	492	0.5212	0.322	0.318	0.319	0.288	0.312	0.299	0.315	0.320	0.251	0.291	0.308	0.285	0.318	0.310	2.250	0.234	0.102	0.195	-8911.662
137	8	500	498	0.5197	0.360	0.337	0.335	0.312	0.333	0.299	0.299	0.347	0.402	0.325	0.317	0.219	0.290	0.351	2.172	0.364	0.170	0.209	-9216.142
138	8	500	489	0.5280	0.332	0.321	0.296	0.291	0.278	0.220	0.272	0.362	0.384	0.359	0.271	0.311	0.275	0.384	2.034	0.406	0.242	0.189	-9024.752
139	8	500	492	0.5042	0.313	0.305	0.236	0.358	0.307	0.292	0.309	0.239	0.296	0.289	0.299	0.302	0.305	0.295	2.018	0.375	0.234	0.180	-8885.744
140	8	500	495	0.5237	0.365	0.305	0.321	0.324	0.272	0.279	0.315	0.304	0.314	0.296	0.289	0.300	0.226	0.316	2.046	0.244	0.121	0.184	-8900.814
141	8	500	492	0.5260	0.265	0.366	0.250	0.309	0.270	0.251	0.299	0.280	0.218	0.375	0.299	0.270	0.373	0.268	1.890	0.433	0.207	0.179	-8815.053
142	8	500	491	0.5128	0.317	0.320	0.288	0.287	0.317	0.267	0.326	0.287	0.333	0.334	0.301	0.241	0.292	0.261	1.848	0.497	0.238	0.197	-8881.903
143	8	500	493	0.5236	0.352	0.270	0.285	0.337	0.341	0.284	0.266	0.298	0.307	0.324	0.318	0.308	0.306	0.299	1.876	0.376	0.235	0.181	-8999.642
144	8	500	495	0.4978	0.324	0.330	0.316	0.284	0.275	0.257	0.325	0.367	0.290	0.329	0.297	0.346	0.248	0.320	2.049	0.352	0.199	0.199	-8976.520
145	8	500	493	0.5253	0.269	0.357	0.295	0.264	0.200	0.266	0.304	0.335	0.269	0.370	0.346	0.339	0.289	0.274	1.910	0.249	0.107	0.207	-8947.056
146	8	500	492	0.5148	0.267	0.266	0.278	0.365	0.295	0.336	0.335	0.264	0.293	0.242	0.322	0.321	0.253	0.307	2.000	0.225	0.163	0.191	-8999.009
147	8	500	492	0.5142	0.264	0.310	0.321	0.300	0.228	0.311	0.312	0.246	0.341	0.221	0.300	0.262	0.329	0.315	2.003	0.383	0.190	0.183	-8780.596
148	8	500	491	0.5033	0.259	0.264	0.259	0.319	0.335	0.290	0.250	0.257	0.240	0.298	0.331	0.249	0.310	0.264	1.911	0.377	0.215	0.179	-8712.626
149	8	500	491	0.5210	0.321	0.303	0.233	0.326	0.326	0.287	0.370	0.302	0.279	0.260	0.390	0.446	0.352	0.319	2.198	0.576	0.344	0.194	-9155.422
150	8	500	496	0.5197	0.258	0.271	0.284	0.284	0.319	0.284	0.304	0.276	0.314	0.333	0.293	0.386	0.356	0.382	1.689	0.531	0.258	0.214	-9139.968
151	8	500	493	0.5103	0.316	0.329	0.230	0.319	0.337	0.288	0.260	0.258	0.277	0.356	0.266	0.322	0.319	0.275	1.860	0.000	0.000	0.214	-8917.321
152	8	500	492	0.5096	0.265	0.404	0.305	0.290	0.292	0.244	0.387	0.282	0.348	0.274	0.289	0.353	0.326	0.332	2.146	0.386	0.227	0.189	-9122.156
153	8	500	499	0.5320	0.273	0.313	0.261	0.238	0.285	0.276	0.363	0.309	0.290	0.290	0.272	0.306	0.317	0.376	1.993	0.382	0.245	0.197	-8978.451
154	8	500	493	0.5065	0.257	0.272	0.268	0.291	0.315	0.272	0.332	0.275	0.287	0.334	0.308	0.324	0.295	0.271	1.987	0.366	0.160	0.217	-8841.550
155	8	500	491	0.5106	0.272	0.345	0.298	0.297	0.289	0.297	0.274	0.262	0.330	0.224	0.322	0.327	0.321	0.325	1.844	0.465	0.219	0.198	-8906.146
156	8	500	490	0.5269	0.305	0.303	0.250	0.296	0.295	0.305	0.249	0.241	0.275	0.265	0.317	0.303	0.279	0.329	1.924	0.425	0.269	0.179	-8773.809
157	8	500	493	0.5207	0.283	0.326	0.252	0.287	0.270	0.299	0.329	0.262	0.338	0.300	0.274	0.254	0.264	0.341	1.954	0.387	0.208	0.199	-8847.360
158	8	500	490	0.5145	0.294	0.326	0.294	0.308	0.290	0.343	0.310	0.282	0.294	0.268	0.296	0.288	0.318	0.296	1.875	0.390	0.190	0.185	-8903.298
159	8	500	489	0.4976	0.272	0.353	0.281	0.276	0.252	0.321	0.252	0.309	0.287	0.313	0.318	0.304	0.215	0.331	1.983	0.289	0.148	0.203	-8848.013
160	8	500	492	0.5044	0.294	0.364	0.317	0.279	0.279	0.321	0.292	0.289	0.270	0.337	0.332	0.279	0.316	0.333	1.884	0.410	0.169	0.197	-9020.010
161	8	500	491	0.5036	0.274	0.235	0.250	0.346	0.348	0.361	0.286	0.326	0.295	0.298	0.307	0.360	0.308	0.329	1.811	0.492	0.249	0.194	-9015.445
162	8	500	493	0.5150	0.260	0.261	0.226	0.304	0.291	0.280	0.310	0.307	0.306	0.252	0.306	0.244	0.252	0.305	1.851	0.229	0.095	0.204	-8691.632
163	8	500	495	0.5279	0.273	0.334	0.282	0.305	0.328	0.299	0.307	0.257	0.398	0.211	0.350	0.255	0.260	0.309	1.983	0.298	0.167	0.205	-8984.995
164	8	500	493	0.5143	0.321	0.291	0.322	0.296	0.336	0.291	0.295	0.306	0.329	0.274	0.302	0.296	0.357	0.340	2.080	0.376	0.177	0.184	-9024.524
165	8	500	490	0.5242	0.304	0.326	0.306	0.304	0.263	0.282	0.279	0.258	0.333	0.299	0.221	0.255	0.267	0.364	1.966	0.443	0.221	0.181	-8761.106
166	8	500	495	0.5214	0.319	0.267	0.298	0.270	0.331	0.286	0.293	0.250	0.326	0.258	0.340	0.286	0.256	0.315	2.055	0.319	0.180	0.242	-8952.516
167	8	500	489	0.5211	0.284	0.221	0.289	0.322	0.287	0.334	0.316	0.276	0.248	0.331	0.268	0.339	0.268	0.271	2.105	0.481	0.300	0.193	-8843.205
168	8	500	491	0.5238	0.317	0.367	0.218	0.286	0.235	0.324	0.295	0.291	0.280	0.263	0.337	0.306	0.312	0.291	1.938	0.290	0.147	0.207	-8900.346
169	8	500	494	0.5036	0.329	0.297	0.294	0.291	0.242	0.287	0.275	0.348	0.249	0.298	0.348	0.314	0.298	0.331	1.998	0.342	0.155	0.212	-8948.448
170	8	500	487	0.5176	0.322	0.357	0.272	0.267	0.286	0.361	0.276	0.300	0.319	0.310	0.273	0.304	0.327	0.313	1.941	0.475	0.278	0.172	-8997.075
171	8	500	491	0.5179	0.328	0.299	0.324	0.291	0.315	0.287	0.361	0.318	0.228	0.270	0.326	0.351	0.283	0.324	1.932	0.278	0.116	0.193	-8962.590
172	8	500	495	0.5112	0.310	0.248	0.303	0.264	0.309	0.297	0.387	0.295	0.302	0.348	0.275	0.345	0.351	0.323	1.747	0.470	0.254	0.197	-9125.467
173	8	500	491	0.5102	0.319	0.251	0.330	0.320	0.260	0.318	0.277	0.392	0.246	0.320	0.289	0.268	0.308	0.326	2.005	0.412	0.178	0.194	-8881.896
174	8	500	494	0.5048	0.334	0.262	0.325	0.301	0.222	0.320	0.272	0.310	0.283	0.337	0.316	0.276	0.361	0.375	2.016	0.475	0.207	0.196	-8957.244
175	8	500	492	0.5218	0.284	0.327	0.298	0.286	0.243	0.280	0.325	0.297	0.284	0.267	0.329	0.293	0.294	0.277	2.059	0.352	0.151	0.208	-8829.149
176	8	500	490	0.5245	0.356	0.357	0.281	0.275	0.341	0.298	0.292	0.299	0.230	0.291	0.323	0.274	0.298	0.304	1.994	0.447	0.270	0.176	-8904.698
177	8	500	495	0.5009	0.287	0.294	0.285	0.312	0.269	0.212	0.299	0.340	0.361	0.278	0.335	0.241	0.361	0.244	2.165	0.543	0.385	0.207	-8902.674
178	8	500	492	0.4958	0.295	0.287	0.269	0.232	0.298	0.256	0.291	0.272	0.252	0.273	0.271	0.303	0.269	0.299	2.144	0.332	0.135	0.206	-8523.274
179	8	500	492	0.5092	0.363	0.282	0.313	0.333	0.285	0.292	0.322	0.341	0.340	0.300	0.309	0.270	0.291	0.309	2.002	0.485	0.279	0.202	-9100.534
180	8	500	491	0.4975	0.234	0.283	0.293	0.334	0.236	0.264	0.304	0.286	0.322	0.317	0.293	0.335	0.316	0.326	1.932	0.390	0.154	0.201	-8900.510
181	8	500	497	0.5071	0.300	0.328	0.262	0.319	0.333	0.317	0.297	0.326	0.301	0.343	0.280	0.279	0.297	0.320	1.960	0.461	0.269	0.196	-9093.614
182	8	500	491	0.4983	0.325	0.300	0.272	0.255	0.318	0.229	0.310	0.294	0.296	0.225	0.348	0.238	0.306	0.292	1.914	0.305	0.157	0.195	-8730.314
183	8	500	497	0.5043	0.319	0.299	0.374	0.335	0.343	0.324	0.284	0.253	0.299	0.256	0.304	0.298	0.306	0.352	2.078	0.286	0.209	0.192	-9129.480
184	8	500	491	0.5132	0.328	0.375	0.332	0.274	0.268	0.263	0.277	0.364	0.340	0.325	0.313	0.277	0.299	0.305	1.903	0.375	0.203	0.186	-8988.464
185	8	500	496	0.5185	0.283	0.273	0.280	0.286	0.282	0.229	0.300	0.305	0.216	0.341	0.298	0.335	0.332	0.254	1.959	0.464	0.181	0.192	-8703.464
186	8	500	495	0.5023	0.322	0.305	0.272	0.324	0.264	0.291	0.237	0.328	0.242	0.315	0.236	0.334	0.291	0.300	1.856	0.222	0.086	0.186	-8700.961
187	8	500	497	0.5101	0.335	0.246	0.311	0.303	0.361	0.371	0.245	0.331	0.335	0.334	0.320	0.275	0.281	0.326	1.884	0.240	0.122	0.194	-9128.292
188	8	500	499	0.5309	0.313	0.277	0.287	0.312	0.256	0.305	0.335	0.317	0.290	0.315	0.306	0.327	0.320	0.274	1.892	0.410	0.176	0.180	-8921.166
189	8	500	485	0.5183	0.289	0.253	0.264	0.300	0.344	0.286	0.269	0.290	0.322	0.265	0.291	0.311	0.271	0.258	2.029	0.408	0.216	0.190	-8710.314
190	8	500	495	0.5223	0.713	0.263	0.308	0.264	0.294	0.214	0.305	0.000	0.271	0.285	0.274	0.310	0.294	0.294	1.891	0.242	0.101	0.207	-8813.323
191	8	500	488	0.4930	0.316	0.360	0.309	0.248	0.211	0.318	0.294	0.300	0.281	0.263	0.286	0.297	0.267	0.279	2.221	0.457	0.228	0.199	-8706.782
192	8	500	495	0.5157	0.307	0.325	0.269	0.284	0.304	0.276	0.306	0.260	0.267	0.328	0.285	0.316	0.278	0.276	2.032	0.375	0.141	0.207	-8808.204
193	8	500	492	0.5288	0.281	0.244	0.327	0.280	0.291	0.285	0.304	0.342	0.268	0.318	0.257	0.262	0.245	0.287	2.044	0.263	0.121	0.204	-8754.737
194	8	500	493	0.5008	0.292	0.364	0.284	0.270	0.231	0.262	0.336	0.310	0.316	0.311	0.299	0.315	0.267	0.312	1.883	0.462	0.204	0.218	-8936.385
195	8	500	495	0.5117	0.328	0.288	0.327	0.339	0.313	0.294	0.289	0.311	0.310	0.362	0.312	0.308	0.299	0.307	1.848	0.284	0.124	0.213	-9175.697
196	8	500	491	0.5145	0.267	0.280	0.283	0.350	0.308	0.279	0.337	0.252	0.346	0.284	0.252	0.292	0.279	0.306	1.764	0.494	0.270	0.219	-8970.247
197	8	500	494	0.5315	0.325	0.328	0.290	0.299	0.392	0.320	0.275	0.264	0.300	0.261	0.305	0.322	0.304	0.305	2.022	0.460	0.253	0.209	-9013.528
198	8	500	493	0.4938	0.315	0.341	0.279	0.311	0.297	0.283	0.271	0.378	0.276	0.302	0.334	0.299	0.330	0.345	2.035	0.390	0.196	0.198	-9036.519
199	8	500	491	0.5170	0.318	0.303	0.258	0.263	0.349	0.284	0.325	0.362	0.277	0.320	0.267	0.315	0.299	0.311	2.022	0.353	0.161	0.168	-8778.449
200	8	500	491	0.5264	0.316	0.337	0.317	0.250	0.300	0.336	0.277	0.376	0.291	0.280	0.296	0.298	0.282	0.328	1.914	0.337	0.174	0.181	-8938.390
201	8	500	495	0.5157	0.344	0.294	0.241	0.338	0.320	0.233	0.299	0.307	0.316	0.268	0.326	0.263	0.259	0.315	1.992	0.281	0.130	0.182	-8810.652
202	8	500	495	0.5106	0.272	0.356	0.319	0.281	0.341	0.261	0.321	0.290	0.270	0.219	0.285	0.325	0.332	0.333	2.138	0.338	0.166	0.214	-8944.763
203	8	500	496	0.5148	0.268	0.304	0.276	0.338	0.342	0.397	0.329	0.317	0.346	0.303	0.257	0.356	0.277	0.283	1.886	0.338	0.178	0.198	-9129.134
204	8	500	494	0.5365	0.347	0.260	0.295	0.230	0.330	0.284	0.314	0.388	0.351	0.325	0.265	0.259	0.353	0.305	1.861	0.407	0.230	0.196	-9011.018
205	8	500	496	0.5279	0.266	0.277	0.340	0.317	0.300	0.317	0.338	0.326	0.278	0.295	0.310	0.373	0.327	0.318	2.024	0.383	0.175	0.194	-9103.100
206	8	500	497	0.5102	0.334	0.288	0.243	0.342	0.349	0.247	0.319	0.285	0.317	0.306	0.313	0.304	0.335	0.343	1.996	0.371	0.167	0.215	-9046.454
207	8	500	497	0.5086	0.331	0.301	0.325	0.290	0.334	0.221	0.311	0.388	0.313	0.308	0.329	0.350	0.300	0.317	2.025	0.153	0.087	0.211	-9159.650
208	8	500	493	0.5052	0.312	0.289	0.245	0.319	0.377	0.299	0.251	0.276	0.242	0.318	0.318	0.331	0.332	0.334	2.224	0.363	0.178	0.194	-8854.471
209	8	500	487	0.5022	0.325	0.285	0.315	0.341	0.324	0.305	0.271	0.265	0.334	0.313	0.283	0.257	0.287	0.228	1.899	0.402	0.197	0.193	-8875.080
210	8	500	496	0.5074	0.277	0.311	0.249	0.370	0.313	0.335	0.294	0.290	0.319	0.322	0.236	0.369	0.296	0.325	2.128	0.198	0.087	0.191	-8904.420
211	8	500	494	0.5072	0.288	0.347	0.309	0.301	0.291	0.332	0.320	0.325	0.286	0.329	0.346	0.267	0.322	0.282	2.105	0.248	0.138	0.189	-9105.652
212	8	500	493	0.5257	0.264	0.268	0.239	0.322	0.316	0.290	0.238	0.352	0.242	0.324	0.256	0.323	0.313	0.319	1.832	0.426	0.180	0.222	-8882.406
213	8	500	496	0.5154	0.327	0.288	0.280	0.263	0.333	0.275	0.321	0.296	0.331	0.252	0.287	0.272	0.302	0.282	2.013	0.256	0.100	0.206	-8799.342
214	8	500	495	0.5056	0.328	0.285	0.305	0.306	0.238	0.309	0.290	0.277	0.237	0.285	0.258	0.365	0.274	0.343	1.973	0.491	0.247	0.217	-8881.728
215	8	500	495	0.5057	0.351	0.285	0.293	0.336	0.344	0.314	0.311	0.283	0.291	0.278	0.295	0.267	0.355	0.248	2.286	0.353	0.200	0.183	-8933.376
216	8	500	494	0.5153	0.317	0.298	0.287	0.276	0.319	0.292	0.275	0.279	0.279	0.294	0.341	0.261	0.282	0.268	1.820	0.453	0.178	0.237	-8900.207
217	8	500	493	0.5186	0.301	0.326	0.232	0.341	0.317	0.368	0.264	0.269	0.265	0.353	0.275	0.268	0.305	0.343	2.025	0.239	0.110	0.183	-8903.290
218	8	500	494	0.5133	0.288	0.323	0.276	0.313	0.310	0.274	0.328	0.315	0.342	0.324	0.295	0.302	0.265	0.367	2.018	0.621	0.275	0.200	-9028.442
219	8	500	494	0.4952	0.270	0.299	0.267	0.251	0.221	0.327	0.259	0.320	0.327	0.252	0.325	0.273	0.308	0.283	1.898	0.482	0.216	0.214	-8719.285
220	8	500	491	0.5277	0.254	0.335	0.248	0.289	0.331	0.271	0.245	0.302	0.288	0.310	0.316	0.331	0.273	0.258	2.043	0.267	0.158	0.174	-8770.965
221	8	500	496	0.5107	0.338	0.253	0.253	0.298	0.298	0.352	0.283	0.366	0.242	0.308	0.244	0.307	0.298	0.355	2.187	0.476	0.252	0.209	-8937.687
222	8	500	493	0.5209	0.321	0.314	0.295	0.260	0.301	0.298	0.284	0.275	0.410	0.329	0.330	0.167	0.335	0.330	1.983	0.333	0.148	0.188	-8913.211
223	8	500	497	0.5212	0.263	0.319	0.249	0.355	0.249	0.326	0.268	0.275	0.294	0.268	0.332	0.246	0.236	0.355	1.864	0.243	0.159	0.211	-8920.954
224	8	500	493	0.5070	0.364	0.259	0.317	0.239	0.285	0.227	0.319	0.328	0.326	0.307	0.298	0.282	0.258	0.290	2.116	0.310	0.164	0.195	-8768.248
225	8	500	494	0.5107	0.293	0.241	0.271	0.274	0.341	0.309	0.292	0.290	0.254	0.324	0.261	0.323	0.257	0.270	2.162	0.332	0.200	0.174	-8737.893
226	8	500	496	0.5238	0.356	0.235	0.263	0.275	0.220	0.336	0.263	0.347	0.283	0.381	0.261	0.281	0.290	0.294	1.755	0.458	0.182	0.206	-8866.657
227	8	500	492	0.5006	0.355	0.288	0.286	0.369	0.297	0.323	0.260	0.324	0.364	0.346	0.225	0.304	0.322	0.238	1.919	0.357	0.202	0.169	-8977.253
228	8	500	493	0.4959	0.370	0.288	0.318	0.280	0.335	0.239	0.306	0.330	0.326	0.263	0.310	0.351	0.310	0.334	2.016	0.437	0.235	0.176	-8954.102
229	8	500	497	0.5118	0.372	0.335	0.336	0.270	0.243	0.344	0.281	0.384	0.269	0.306	0.315	0.249	0.266	0.293	2.079	0.373	0.170	0.195	-8874.913
230	8	500	494	0.5165	0.274	0.343	0.350	0.328	0.231	0.322	0.260	0.312	0.261	0.326	0.298	0.304	0.306	0.290	2.050	0.372	0.147	0.203	-8937.093
231	8	500	498	0.5087	0.361	0.242	0.223	0.296	0.330	0.276	0.281	0.280	0.272	0.311	0.342	0.345	0.316	0.348	1.935	0.434	0.197	0.214	-8985.980
232	8	500	496	0.5254	0.291	0.306	0.319	0.297	0.286	0.282	0.307	0.287	0.309	0.267	0.272	0.227	0.305	0.275	2.050	0.434	0.225	0.211	-8832.548
233	8	500	493	0.4968	0.288	0.257	0.272	0.310	0.303	0.332	0.276	0.332	0.324	0.314	0.277	0.272	0.270	0.303	2.025	0.521	0.214	0.220	-8812.829
234	8	500	492	0.4872	0.291	0.353	0.292	0.300	0.288	0.248	0.300	0.307	0.314	0.326	0.312	0.372	0.350	0.308	1.931	0.339	0.193	0.183	-9027.324
235	8	500	499	0.5156	0.323	0.312	0.352	0.279	0.353	0.303	0.306	0.350	0.255	0.378	0.257	0.349	0.327	0.319	1.964	0.326	0.210	0.198	-9281.192
236	8	500	489	0.5192	0.359	0.293	0.278	0.325	0.294	0.275	0.387	0.322	0.253	0.272	0.285	0.316	0.319	0.215	1.949	0.539	0.316	0.186	-8912.993
237	8	500	492	0.5108	0.340	0.290	0.254	0.338	0.311	0.316	0.308	0.374	0.338	0.350	0.272	0.292	0.277	0.266	2.143	0.310	0.188	0.188	-8976.146
238	8	500	493	0.5177	0.331	0.352	0.198	0.365	0.231	0.335	0.288	0.331	0.270	0.277	0.303	0.335	0.283	0.312	2.113	0.105	0.052	0.213	-8920.569
239	8	500	496	0.5136	0.242	0.311	0.322	0.359	0.337	0.302	0.298	0.320	0.296	0.297	0.333	0.290	0.369	0.274	1.908	0.474	0.210	0.205	-9152.996
240	8	500	496	0.5261	0.332	0.302	0.258	0.284	0.281	0.257	0.327	0.301	0.323	0.298	0.321	0.348	0.311	0.329	1.990	0.234	0.110	0.189	-8946.087
241	8	500	495	0.5123	0.236	0.282	0.305	0.295	0.322	0.282	0.318	0.295	0.257	0.297	0.288	0.340	0.285	0.308	1.891	0.255	0.128	0.215	-8925.529
242	8	500	494	0.5145	0.258	0.357	0.267	0.269	0.322	0.321	0.311	0.292	0.256	0.287	0.253	0.274	0.318	0.284	2.039	0.449	0.309	0.219	-8884.811
243	8	500	499	0.5101	0.370	0.247	0.277	0.269	0.395	0.276	0.277	0.345	0.323	0.315	0.389	0.294	0.322	0.296	2.283	0.298	0.206	0.206	-9112.808
244	8	500	495	0.5263	0.326	0.320	0.257	0.351	0.285	0.316	0.328	0.291	0.305	0.347	0.344	0.334	0.336	0.358	2.147	0.291	0.135	0.228	-9282.066
245	8	500	496	0.5154	0.256	0.215	0.369	0.305	0.325	0.310	0.344	0.304	0.270	0.283	0.266	0.337	0.329	0.307	1.770	0.371	0.164	0.211	-9045.219
246	8	500	493	0.5242	0.355	0.237	0.254	0.317	0.294	0.305	0.384	0.351	0.250	0.300	0.275	0.311	0.292	0.314	2.070	0.222	0.088	0.207	-8852.320
247	8	500	497	0.5215	0.367	0.324	0.338	0.313	0.314	0.264	0.337	0.377	0.355	0.366	0.344	0.349	0.274	0.335	2.135	0.371	0.177	0.212	-9345.944
248	8	500	490	0.5042	0.320	0.353	0.303	0.305	0.311	0.358	0.268	0.251	0.307	0.307	0.275	0.263	0.334	0.323	2.173	0.387	0.238	0.194	-9008.889
249	8	500	494	0.4845	0.371	0.212	0.279	0.286	0.303	0.318	0.309	0.330	0.245	0.299	0.268	0.330	0.283	0.351	2.148	0.412	0.219	0.192	-8849.741
250	8	500	497	0.5087	0.306	0.251	0.315	0.309	0.373	0.278	0.349	0.222	0.290	0.297	0.297	0.359	0.281	0.291	2.035	0.288	0.129	0.216	-8987.723
251	8	500	485	0.5329	0.302	0.342	0.277	0.329	0.231	0.338	0.354	0.315	0.224	0.293	0.295	0.382	0.316	0.310	1.941	0.182	0.109	0.193	-9112.834
252	8	500	497	0.5190	0.370	0.295	0.312	0.248	0.400	0.363	0.257	0.345	0.338	0.280	0.323	0.295	0.346	0.300	2.121	0.466	0.230	0.194	-9107.554
253	8	500	497	0.5134	0.280	0.291	0.252	0.304	0.315	0.248	0.326	0.309	0.273	0.334	0.274	0.338	0.326	0.362	1.972	0.456	0.207	0.222	-9024.602
254	8	500	496	0.5112	0.302	0.331	0.257	0.302	0.292	0.323	0.284	0.348	0.257	0.295	0.300	0.310	0.298	0.321	2.021	0.354	0.213	0.177	-8908.012
255	8	500	484	0.5202	0.303	0.228	0.296	0.264	0.308	0.289	0.362	0.310	0.253	0.272	0.305	0.273	0.335	0.270	1.916	0.436	0.165	0.190	-8751.741
256	8	500	497	0.5035	0.347	0.331	0.258	0.319	0.354	0.278	0.314	0.338	0.361	0.316	0.319	0.298	0.270	0.334	2.018	0.318	0.182	0.168	-9041.699
257	8	500	496	0.5101	0.339	0.287	0.255	0.315	0.310	0.269	0.291	0.287	0.348	0.316	0.335	0.359	0.301	0.317	1.913	0.246	0.160	0.174	-9051.305
258	8	500	495	0.5268	0.311	0.406	0.291	0.269	0.284	0.304	0.290	0.275	0.345	0.329	0.260	0.246	0.305	0.331	2.052	0.335	0.196	0.174	-8943.992
259	8	500	489	0.5122	0.243	0.378	0.300	0.299	0.216	0.303	0.305	0.238	0.278	0.284	0.265	0.225	0.327	0.285	1.938	0.479	0.204	0.216	-8762.658
260	8	500	489	0.4941	0.274	0.325	0.317	0.260	0.366	0.256	0.266	0.288	0.305	0.347	0.281	0.248	0.250	0.323	2.214	0.402	0.210	0.198	-8777.300
261	8	500	496	0.5086	0.312	0.348	0.347	0.336	0.318	0.288	0.323	0.235	0.324	0.276	0.327	0.342	0.380	0.305	1.869	0.324	0.172	0.182	-9190.949
262	8	500	496	0.5107	0.359	0.400	0.293	0.292	0.293	0.241	0.339	0.273	0.289	0.277	0.331	0.371	0.340	0.296	2.091	0.383	0.221	0.197	-9117.442
263	8	500	494	0.5118	0.313	0.203	0.331	0.349	0.277	0.321	0.299	0.286	0.354	0.285	0.313	0.346	0.266	0.257	1.826	0.388	0.183	0.192	-8925.978
264	8	500	493	0.4971	0.248	0.307	0.289	0.283	0.262	0.279	0.326	0.267	0.312	0.312	0.305	0.357	0.280	0.253	2.024	0.267	0.130	0.219	-8849.515
265	8	500	496	0.5366	0.320	0.283	0.285	0.253	0.222	0.281	0.263	0.329	0.255	0.270	0.283	0.350	0.304	0.264	1.988	0.316	0.130	0.194	-8678.805
266	8	500	492	0.5207	0.374	0.273	0.348	0.313	0.272	0.340	0.308	0.354	0.289	0.312	0.308	0.313	0.290	0.381	1.983	0.492	0.299	0.199	-9214.078
267	8	500	493	0.5198	0.295	0.320	0.275	0.325	0.403	0.309	0.353	0.313	0.310	0.268	0.327	0.352	0.321	0.274	1.812	0.515	0.272	0.208	-9221.789
268	8	500	493	0.5247	0.302	0.267	0.276	0.289	0.279	0.263	0.298	0.308	0.372	0.286	0.274	0.315	0.265	0.316	1.841	0.509	0.209	0.185	-8785.491
269	8	500	495	0.5257	0.230	0.338	0.355	0.272	0.238	0.309	0.266	0.302	0.297	0.322	0.303	0.278	0.277	0.280	1.952	0.336	0.158	0.206	-8879.574
270	8	500	494	0.5139	0.297	0.297	0.245	0.276	0.233	0.334	0.340	0.262	0.265	0.288	0.273	0.381	0.277	0.340	2.001	0.461	0.181	0.204	-8796.746
271	8	500	487	0.5047	0.339	0.330	0.297	0.275	0.330	0.312	0.273	0.287	0.238	0.308	0.304	0.410	0.279	0.277	2.065	0.305	0.140	0.222	-9015.978
272	8	500	498	0.5211	0.267	0.342	0.295	0.309	0.318	0.276	0.235	0.285	0.352	0.328	0.304	0.225	0.324	0.295	1.971	0.239	0.119	0.212	-8932.241
273	8	500	493	0.5340	0.269	0.314	0.240	0.306	0.289	0.335	0.342	0.327	0.283	0.330	0.350	0.244	0.327	0.362	1.831	0.383	0.208	0.199	-9111.493
274	8	500	496	0.5214	0.312	0.324	0.238	0.291	0.302	0.326	0.300	0.220	0.356	0.318	0.303	0.225	0.337	0.269	2.106	0.250	0.131	0.190	-8839.165
275	8	500	490	0.5185	0.329	0.368	0.282	0.268	0.274	0.297	0.326	0.309	0.276	0.260	0.345	0.243	0.326	0.279	2.068	0.428	0.256	0.177	-8885.631
276	8	500	498	0.5119	0.270	0.317	0.326	0.282	0.305	0.296	0.305	0.304	0.267	0.264	0.288	0.298	0.368	0.286	1.920	0.416	0.192	0.215	-8936.242
277	8	500	495	0.5238	0.264	0.361	0.275	0.276	0.319	0.287	0.307	0.285	0.294	0.307	0.293	0.307	0.288	0.295	1.847	0.394	0.172	0.223	-8969.868
278	8	500	493	0.5044	0.311	0.282	0.346	0.320	0.251	0.246	0.283	0.300	0.306	0.270	0.285	0.295	0.304	0.288	1.877	0.311	0.144	0.185	-8818.682
279	8	500	493	0.5076	0.328	0.286	0.320	0.283	0.335	0.265	0.236	0.235	0.354	0.276	0.360	0.251	0.339	0.304	2.083	0.503	0.235	0.168	-8804.392
280	8	500	495	0.5171	0.268	0.310	0.277	0.236	0.272	0.357	0.301	0.344	0.295	0.344	0.274	0.333	0.331	0.311	2.119	0.322	0.166	0.209	-9006.050
281	8	500	495	0.5095	0.335	0.391	0.347	0.281	0.293	0.325	0.320	0.333	0.374	0.329	0.330	0.258	0.305	0.309	2.263	0.324	0.174	0.180	-9104.675
282	8	500	494	0.5193	0.260	0.293	0.251	0.322	0.325	0.252	0.336	0.314	0.284	0.318	0.354	0.315	0.357	0.366	2.199	0.359	0.158	0.214	-9078.306
283	8	500	493	0.5130	0.246	0.303	0.259	0.258	0.281	0.328	0.282	0.256	0.280	0.339	0.284	0.254	0.309	0.301	1.879	0.427	0.164	0.226	-8807.080
284	8	500	493	0.5232	0.270	0.293	0.266	0.320	0.261	0.279	0.324	0.253	0.317	0.291	0.321	0.311	0.280	0.310	1.937	0.261	0.141	0.180	-8894.577
285	8	500	497	0.5208	0.292	0.270	0.313	0.324	0.350	0.300	0.286	0.284	0.358	0.331	0.257	0.208	0.282	0.298	1.806	0.375	0.194	0.231	-9060.396
286	8	500	495	0.5102	0.281	0.314	0.328	0.245	0.301	0.313	0.280	0.299	0.324	0.313	0.262	0.312	0.289	0.374	2.046	0.474	0.304	0.210	-9046.792
287	8	500	495	0.5049	0.249	0.270	0.254	0.298	0.298	0.201	0.283	0.273	0.301	0.251	0.282	0.304	0.315	0.293	2.004	0.457	0.177	0.211	-8631.447
288	8	500	488	0.5168	0.291	0.311	0.311	0.325	0.321	0.290	0.286	0.279	0.294	0.295	0.305	0.380	0.290	0.280	2.026	0.412	0.186	0.186	-8904.173
289	8	500	494	0.5211	0.382	0.376	0.290	0.290	0.277	0.271	0.273	0.306	0.336	0.259	0.305	0.304	0.250	0.312	2.081	0.516	0.223	0.209	-8925.901
290	8	500	491	0.5214	0.341	0.300	0.333	0.264	0.277	0.305	0.329	0.319	0.273	0.286	0.300	0.228	0.311	0.341	2.014	0.458	0.217	0.205	-8946.421
291	8	500	496	0.5173	0.331	0.330	0.272	0.281	0.264	0.285	0.302	0.310	0.260	0.254	0.266	0.351	0.339	0.353	2.075	0.317	0.165	0.208	-8960.130
292	8	500	495	0.5158	0.314	0.404	0.219	0.344	0.250	0.263	0.358	0.360	0.350	0.308	0.345	0.278	0.341	0.290	2.085	0.324	0.144	0.178	-8992.302
293	8	500	495	0.5124	0.239	0.364	0.265	0.278	0.365	0.317	0.326	0.277	0.327	0.308	0.332	0.316	0.332	0.357	2.191	0.327	0.196	0.189	-9158.192
294	8	500	491	0.5128	0.261	0.300	0.253	0.332	0.293	0.285	0.297	0.355	0.270	0.300	0.320	0.278	0.281	0.268	2.054	0.335	0.179	0.172	-8770.344
295	8	500	495	0.5147	0.370	0.233	0.333	0.357	0.347	0.296	0.306	0.296	0.264	0.261	0.244	0.265	0.340	0.264	1.838	0.425	0.171	0.212	-8923.363
296	8	500	493	0.5242	0.342	0.290	0.335	0.246	0.326	0.379	0.245	0.298	0.269	0.279	0.230	0.319	0.291	0.282	2.108	0.372	0.222	0.203	-8864.038
297	8	500	492	0.5197	0.249	0.318	0.323	0.253	0.348	0.239	0.287	0.265	0.269	0.327	0.281	0.332	0.305	0.279	1.883	0.487	0.235	0.190	-8820.150
298	8	500	493	0.5002	0.247	0.322	0.258	0.230	0.322	0.344	0.237	0.307	0.261	0.254	0.305	0.277	0.359	0.271	1.987	0.379	0.176	0.197	-8684.534
299	8	500	492	0.5032	0.255	0.334	0.292	0.270	0.324	0.359	0.295	0.339	0.277	0.258	0.325	0.309	0.341	0.270	1.933	0.452	0.202	0.201	-8946.445
300	8	500	493	0.5023	0.302	0.280	0.280	0.331	0.321	0.295	0.321	0.318	0.294	0.342	0.205	0.320	0.373	0.264	1.845	0.450	0.170	0.220	-8938.937
301	8	500	494	0.5302	0.304	0.297	0.303	0.380	0.337	0.297	0.308	0.276	0.349	0.373	0.266	0.315	0.271	0.317	2.203	0.188	0.091	0.216	-9125.551
302	8	500	495	0.4963	0.267	0.358	0.290	0.304	0.280	0.314	0.360	0.302	0.339	0.313	0.241	0.328	0.329	0.241	2.073	0.462	0.280	0.223	-9032.995
303	8	500	495	0.5057	0.298	0.270	0.287	0.345	0.279	0.284	0.333	0.305	0.361	0.354	0.273	0.257	0.302	0.300	2.126	0.189	0.105	0.194	-9006.004
304	8	500	498	0.5216	0.330	0.298	0.326	0.344	0.316	0.303	0.290	0.293	0.320	0.263	0.328	0.288	0.358	0.252	2.006	0.396	0.211	0.194	-9078.241
305	8	500	494	0.5262	0.303	0.263	0.285	0.296	0.306	0.319	0.250	0.306	0.365	0.292	0.310	0.205	0.244	0.312	1.924	0.333	0.202	0.174	-8818.918
306	8	500	490	0.4989	0.378	0.271	0.292	0.277	0.279	0.289	0.282	0.424	0.361	0.348	0.237	0.245	0.333	0.283	2.058	0.482	0.319	0.207	-8988.545
307	8	500	498	0.4998	0.323	0.247	0.283	0.311	0.247	0.336	0.331	0.327	0.237	0.340	0.311	0.380	0.337	0.271	1.998	0.425	0.193	0.211	-8995.409
308	8	500	496	0.5147	0.234	0.281	0.272	0.311	0.235	0.288	0.339	0.275	0.337	0.306	0.277	0.274	0.381	0.340	1.969	0.238	0.112	0.204	-8952.567
309	8	500	496	0.5053	0.341	0.271	0.265	0.258	0.361	0.373	0.309	0.304	0.326	0.371	0.253	0.248	0.293	0.350	2.040	0.564	0.320	0.224	-9062.383
310	8	500	489	0.5110	0.352	0.378	0.310	0.303	0.384	0.335	0.306	0.307	0.311	0.239	0.299	0.271	0.380	0.319	2.003	0.393	0.232	0.189	-9171.760
311	8	500	487	0.4918	0.270	0.269	0.229	0.360	0.205	0.303	0.286	0.298	0.262	0.313	0.298	0.308	0.273	0.329	2.219	0.268	0.146	0.186	-8674.197
312	8	500	495	0.5108	0.259	0.332	0.295	0.250	0.309	0.382	0.263	0.282	0.360	0.299	0.271	0.285	0.284	0.375	2.305	0.300	0.141	0.215	-8949.101
313	8	500	493	0.5221	0.244	0.405	0.297	0.289	0.256	0.308	0.362	0.251	0.268	0.305	0.304	0.315	0.283	0.219	1.982	0.278	0.173	0.193	-8950.382
314	8	500	490	0.5118	0.226	0.320	0.286	0.282	0.300	0.297	0.330	0.290	0.316	0.286	0.267	0.256	0.245	0.294	2.111	0.461	0.177	0.228	-8737.692
315	8	500	490	0.5137	0.325	0.273	0.287	0.278	0.336	0.271	0.276	0.364	0.286	0.262	0.305	0.310	0.299	0.295	2.059	0.208	0.091	0.154	-8672.837
316	8	500	492	0.5232	0.333	0.277	0.307	0.262	0.361	0.317	0.338	0.300	0.227	0.326	0.335	0.313	0.334	0.362	2.022	0.442	0.237	0.173	-9085.777
317	8	500	491	0.5112	0.287	0.342	0.252	0.308	0.285	0.268	0.265	0.307	0.241	0.337	0.306	0.329	0.281	0.313	1.950	0.488	0.281	0.220	-8912.180
318	8	500	492	0.4989	0.279	0.373	0.258	0.347	0.267	0.249	0.262	0.261	0.346	0.300	0.324	0.367	0.330	0.273	1.910	0.390	0.172	0.193	-8914.949
319	8	500	492	0.5092	0.333	0.236	0.214	0.296	0.285	0.263	0.343	0.321	0.328	0.286	0.275	0.256	0.297	0.258	2.135	0.145	0.051	0.214	-8608.459
320	8	500	494	0.5094	0.296	0.286	0.256	0.264	0.293	0.253	0.285	0.301	0.377	0.311	0.286	0.220	0.285	0.270	1.966	0.448	0.221	0.188	-8715.851
321	8	500	493	0.5068	0.298	0.349	0.328	0.314	0.382	0.303	0.332	0.347	0.287	0.331	0.248	0.263	0.329	0.304	2.053	0.361	0.175	0.187	-9060.264
322	8	500	496	0.5089	0.247	0.301	0.275	0.302	0.345	0.297	0.330	0.265	0.317	0.317	0.306	0.339	0.361	0.321	2.181	0.383	0.175	0.220	-9045.206
323	8	500	494	0.4908	0.276	0.301	0.284	0.249	0.288	0.335	0.314	0.288	0.283	0.290	0.310	0.289	0.367	0.275	1.989	0.341	0.159	0.188	-8776.300
324	8	500	494	0.5096	0.309	0.307	0.264	0.282	0.313	0.277	0.291	0.359	0.287	0.297	0.337	0.319	0.348	0.301	1.962	0.289	0.181	0.203	-9068.273
325	8	500	495	0.5174	0.260	0.243	0.284	0.309	0.354	0.296	0.325	0.303	0.286	0.368	0.285	0.322	0.285	0.273	1.977	0.314	0.127	0.205	-8891.017
326	8	500	492	0.5081	0.263	0.309	0.315	0.302	0.247	0.274	0.327	0.288	0.318	0.327	0.217	0.333	0.298	0.268	1.984	0.369	0.229	0.174	-8862.119
327	8	500	494	0.5044	0.260	0.301	0.280	0.284	0.291	0.341	0.285	0.331	0.231	0.329	0.312	0.228	0.282	0.276	2.072	0.381	0.214	0.219	-8846.614
328	8	500	490	0.5096	0.246	0.259	0.269	0.319	0.244	0.289	0.321	0.277	0.306	0.265	0.274	0.261	0.256	0.309	1.840	0.333	0.146	0.204	-8725.296
329	8	500	493	0.5151	0.284	0.256	0.256	0.340	0.274	0.319	0.323	0.332	0.302	0.260	0.318	0.280	0.312	0.250	2.066	0.396	0.189	0.159	-8687.971
330	8	500	488	0.5190	0.316	0.289	0.304	0.292	0.294	0.271	0.309	0.270	0.315	0.281	0.318	0.342	0.277	0.291	2.018	0.320	0.127	0.204	-8886.310
331	8	500	494	0.5190	0.326	0.318	0.345	0.247	0.308	0.279	0.339	0.381	0.271	0.323	0.328	0.280	0.311	0.298	1.921	0.418	0.178	0.207	-9048.294
332	8	500	494	0.5318	0.355	0.276	0.272	0.276	0.313	0.252	0.313	0.288	0.295	0.305	0.337	0.239	0.339	0.304	1.973	0.331	0.172	0.227	-9009.145
333	8	500	496	0.5157	0.223	0.279	0.299	0.303	0.298	0.339	0.295	0.270	0.323	0.293	0.270	0.296	0.364	0.333	1.872	0.383	0.177	0.212	-9024.496
334	8	500	492	0.5208	0.307	0.335	0.260	0.254	0.272	0.323	0.271	0.349	0.276	0.314	0.346	0.250	0.274	0.307	2.041	0.346	0.133	0.194	-8771.926
335	8	500	491	0.5132	0.285	0.313	0.318	0.327	0.386	0.295	0.313	0.347	0.306	0.317	0.287	0.253	0.313	0.293	1.957	0.442	0.197	0.188	-8996.444
336	8	500	491	0.5234	0.306	0.323	0.278	0.255	0.259	0.298	0.283	0.357	0.266	0.288	0.278	0.317	0.298	0.248	2.132	0.303	0.152	0.192	-8760.319
337	8	500	494	0.5138	0.311	0.271	0.291	0.279	0.381	0.272	0.328	0.294	0.302	0.365	0.321	0.301	0.308	0.302	2.011	0.440	0.240	0.184	-9020.363
338	8	500	492	0.5075	0.309	0.295	0.276	0.284	0.326	0.312	0.290	0.316	0.271	0.365	0.308	0.250	0.308	0.284	2.012	0.361	0.196	0.204	-8965.817
339	8	500	491	0.4955	0.344	0.371	0.337	0.296	0.319	0.302	0.284	0.316	0.362	0.352	0.278	0.379	0.347	0.267	2.101	0.351	0.238	0.220	-9342.888
340	8	500	492	0.5148	0.293	0.240	0.368	0.330	0.326	0.276	0.331	0.316	0.363	0.334	0.275	0.360	0.261	0.289	1.998	0.394	0.255	0.191	-9119.530
341	8	500	491	0.5097	0.364	0.298	0.265	0.297	0.307	0.326	0.273	0.332	0.359	0.282	0.284	0.237	0.264	0.320	1.930	0.401	0.171	0.222	-8965.639
342	8	500	490	0.5196	0.260	0.319	0.275	0.300	0.363	0.260	0.331	0.321	0.263	0.343	0.282	0.233	0.311	0.318	1.886	0.287	0.130	0.205	-8933.820
343	8	500	493	0.5190	0.320	0.337	0.271	0.262	0.286	0.280	0.320	0.269	0.280	0.291	0.283	0.303	0.310	0.319	2.046	0.361	0.215	0.156	-8788.506
344	8	500	487	0.5076	0.284	0.335	0.240	0.337	0.368	0.354	0.293	0.276	0.382	0.354	0.241	0.255	0.334	0.353	1.909	0.279	0.117	0.211	-9116.901
345	8	500	491	0.5109	0.246	0.234	0.257	0.341	0.276	0.304	0.266	0.272	0.342	0.311	0.303	0.255	0.270	0.301	1.936	0.414	0.189	0.201	-8757.531
346	8	500	495	0.5228	0.276	0.307	0.217	0.306	0.275	0.330	0.264	0.290	0.297	0.284	0.289	0.305	0.302	0.255	1.978	0.208	0.078	0.235	-8790.169
347	8	500	493	0.5145	0.323	0.320	0.250	0.332	0.348	0.265	0.388	0.289	0.338	0.334	0.330	0.271	0.289	0.303	2.179	0.419	0.217	0.229	-9149.277
348	8	500	493	0.5007	0.332	0.288	0.284	0.333	0.278	0.323	0.307	0.346	0.220	0.336	0.316	0.400	0.297	0.299	2.181	0.202	0.124	0.213	-9109.959
349	8	500	496	0.5365	0.247	0.252	0.320	0.271	0.325	0.336	0.272	0.286	0.265	0.304	0.324	0.294	0.291	0.379	1.910	0.409	0.200	0.198	-8917.484
350	8	500	499	0.5042	0.327	0.330	0.313	0.319	0.270	0.291	0.324	0.316	0.350	0.296	0.274	0.192	0.327	0.314	1.924	0.352	0.193	0.198	-9022.985
351	8	500	489	0.5223	0.358	0.316	0.242	0.315	0.308	0.329	0.286	0.350	0.312	0.283	0.300	0.330	0.272	0.305	1.936	0.463	0.278	0.180	-8991.142
352	8	500	495	0.5161	0.357	0.349	0.260	0.349	0.236	0.411	0.290	0.342	0.286	0.330	0.302	0.297	0.359	0.311	2.035	0.335	0.216	0.166	-9198.897
353	8	500	496	0.5047	0.356	0.353	0.298	0.322	0.223	0.249	0.314	0.326	0.273	0.316	0.310	0.267	0.280	0.321	2.019	0.385	0.188	0.208	-8914.971
354	8	500	491	0.5101	0.314	0.311	0.334	0.237	0.296	0.312	0.322	0.226	0.323	0.316	0.274	0.305	0.277	0.312	2.056	0.396	0.172	0.184	-8848.356
355	8	500	493	0.5081	0.285	0.314	0.316	0.268	0.293	0.268	0.334	0.334	0.300	0.331	0.299	0.380	0.295	0.296	2.050	0.297	0.154	0.198	-9016.826
356	8	500	494	0.4972	0.282	0.308	0.311	0.343	0.338	0.323	0.258	0.290	0.316	0.307	0.294	0.278	0.279	0.342	1.916	0.544	0.226	0.206	-8982.505
357	8	500	494	0.5170	0.326	0.297	0.294	0.297	0.333	0.323	0.320	0.266	0.391	0.279	0.292	0.236	0.300	0.347	1.944	0.436	0.243	0.201	-9070.523
358	8	500	489	0.5008	0.281	0.272	0.243	0.325	0.289	0.350	0.384	0.277	0.281	0.299	0.296	0.282	0.326	0.298	1.875	0.363	0.172	0.194	-8958.753
359	8	500	496	0.5012	0.330	0.293	0.259	0.269	0.385	0.326	0.248	0.297	0.240	0.355	0.281	0.314	0.322	0.298	2.196	0.293	0.128	0.213	-8928.184
360	8	500	494	0.5202	0.311	0.325	0.321	0.301	0.234	0.270	0.357	0.271	0.278	0.340	0.254	0.246	0.309	0.340	2.045	0.577	0.299	0.188	-8915.208
361	8	500	499	0.5173	0.324	0.282	0.298	0.222	0.275	0.335	0.297	0.332	0.316	0.343	0.341	0.254	0.302	0.272	2.133	0.342	0.168	0.187	-8895.726
362	8	500	495	0.5198	0.275	0.268	0.300	0.307	0.269	0.277	0.262	0.276	0.292	0.273	0.310	0.359	0.286	0.278	1.872	0.268	0.137	0.221	-8884.510
363	8	500	496	0.5084	0.260	0.296	0.250	0.352	0.205	0.299	0.286	0.292	0.280	0.327	0.247	0.296	0.306	0.283	1.913	0.417	0.170	0.203	-8760.533
364	8	500	496	0.5207	0.322	0.271	0.276	0.308	0.279	0.285	0.301	0.315	0.320	0.313	0.307	0.282	0.321	0.329	2.042	0.408	0.211	0.208	-9030.534
365	8	500	495	0.5169	0.288	0.237	0.264	0.347	0.369	0.326	0.299	0.221	0.292	0.271	0.252	0.341	0.274	0.260	1.998	0.473	0.236	0.212	-8833.174
366	8	500	494	0.5226	0.247	0.388	0.353	0.331	0.266	0.349	0.237	0.310	0.328	0.271	0.335	0.361	0.231	0.336	2.002	0.343	0.205	0.201	-9125.499
367	8	500	494	0.5095	0.334	0.237	0.257	0.315	0.306	0.311	0.261	0.324	0.331	0.266	0.287	0.267	0.273	0.324	1.917	0.340	0.172	0.181	-8770.251
368	8	500	493	0.5283	0.335	0.351	0.290	0.294	0.342	0.295	0.401	0.354	0.249	0.385	0.302	0.325	0.307	0.346	2.040	0.171	0.079	0.209	-9257.412
369	8	500	492	0.5248	0.292	0.267	0.247	0.315	0.293	0.291	0.311	0.291	0.359	0.301	0.291	0.232	0.327	0.262	1.935	0.446	0.239	0.203	-8883.228
370	8	500	492	0.4993	0.300	0.232	0.334	0.300	0.314	0.301	0.315	0.291	0.274	0.331	0.310	0.285	0.296	0.332	1.848	0.502	0.272	0.202	-8996.935
371	8	500	496	0.5149	0.330	0.258	0.284	0.298	0.336	0.329	0.251	0.305	0.371	0.297	0.326	0.288	0.273	0.315	2.002	0.265	0.137	0.186	-8897.807
372	8	500	496	0.5163	0.265	0.351	0.339	0.281	0.281	0.381	0.284	0.280	0.325	0.306	0.300	0.319	0.355	0.262	1.953	0.342	0.186	0.190	-9117.343
373	8	500	494	0.4967	0.284	0.257	0.232	0.318	0.280	0.329	0.314	0.336	0.324	0.224	0.310	0.341	0.308	0.308	1.908	0.330	0.161	0.205	-8870.838
374	8	500	488	0.5263	0.257	0.383	0.247	0.294	0.244	0.291	0.347	0.275	0.271	0.316	0.310	0.213	0.281	0.296	2.019	0.415	0.244	0.196	-8819.004
375	8	500	496	0.5168	0.314	0.399	0.275	0.337	0.260	0.299	0.306	0.328	0.296	0.306	0.331	0.283	0.344	0.325	2.079	0.371	0.263	0.187	-9160.012
376	8	500	491	0.5134	0.321	0.268	0.333	0.232	0.313	0.284	0.278	0.316	0.384	0.304	0.251	0.277	0.243	0.383	1.993	0.369	0.179	0.191	-8893.975
377	8	500	496	0.5244	0.255	0.346	0.284	0.278	0.345	0.322	0.310	0.272	0.288	0.317	0.295	0.321	0.325	0.323	1.934	0.230	0.113	0.223	-9089.723
378	8	500	493	0.5192	0.294	0.341	0.265	0.295	0.409	0.326	0.356	0.210	0.277	0.264	0.305	0.261	0.288	0.288	2.057	0.506	0.264	0.186	-8863.210
379	8	500	493	0.5298	0.359	0.311	0.264	0.308	0.273	0.313	0.246	0.282	0.362	0.357	0.284	0.281	0.303	0.279	1.980	0.465	0.259	0.181	-8917.732
380	8	500	495	0.5182	0.334	0.359	0.304	0.294	0.371	0.318	0.298	0.341	0.359	0.290	0.279	0.338	0.269	0.304	2.023	0.402	0.256	0.187	-9103.885
381	8	500	492	0.5253	0.277	0.293	0.320	0.275	0.304	0.257	0.283	0.268	0.326	0.247	0.270	0.329	0.308	0.331	2.027	0.289	0.158	0.198	-8901.003
382	8	500	494	0.5028	0.336	0.262	0.293	0.292	0.288	0.290	0.241	0.276	0.270	0.318	0.264	0.291	0.302	0.252	1.965	0.356	0.146	0.217	-8747.155
383	8	500	495	0.5145	0.275	0.301	0.317	0.319	0.237	0.292	0.223	0.270	0.293	0.303	0.317	0.312	0.323	0.305	1.987	0.332	0.146	0.220	-8859.450
384	8	500	488	0.5212	0.245	0.365	0.309	0.248	0.291	0.312	0.273	0.310	0.337	0.277	0.300	0.324	0.257	0.316	1.848	0.443	0.173	0.211	-8960.507
385	8	500	488	0.5142	0.303	0.303	0.314	0.267	0.307	0.276	0.286	0.355	0.318	0.264	0.295	0.230	0.300	0.290	2.001	0.309	0.121	0.196	-8720.623
386	8	500	493	0.5196	0.285	0.352	0.258	0.330	0.315	0.322	0.311	0.217	0.305	0.327	0.313	0.339	0.281	0.291	1.975	0.456	0.310	0.178	-9060.592
387	8	500	498	0.5240	0.327	0.223	0.294	0.273	0.286	0.319	0.321	0.347	0.366	0.341	0.304	0.296	0.296	0.286	1.910	0.350	0.173	0.203	-9048.666
388	8	500	496	0.5096	0.329	0.308	0.221	0.288	0.360	0.269	0.322	0.331	0.230	0.300	0.291	0.386	0.300	0.354	1.948	0.209	0.111	0.180	-8960.430
389	8	500	496	0.5148	0.288	0.244	0.280	0.331	0.311	0.312	0.388	0.343	0.330	0.329	0.345	0.243	0.296	0.296	1.925	0.273	0.172	0.182	-9164.980
390	8	500	495	0.5088	0.353	0.274	0.309	0.298	0.255	0.285	0.274	0.294	0.336	0.259	0.321	0.242	0.313	0.307	2.081	0.388	0.152	0.186	-8720.474
391	8	500	492	0.5225	0.343	0.280	0.307	0.356	0.391	0.301	0.292	0.385	0.322	0.307	0.278	0.311	0.334	0.292	2.093	0.163	0.074	0.174	-8995.181
392	8	500	492	0.5049	0.356	0.239	0.275	0.371	0.340	0.276	0.295	0.307	0.323	0.311	0.259	0.176	0.276	0.291	2.053	0.326	0.168	0.153	-8651.643
393	8	500	499	0.5302	0.240	0.332	0.351	0.273	0.252	0.278	0.325	0.251	0.271	0.296	0.350	0.298	0.289	0.272	1.964	0.385	0.156	0.218	-8885.141
394	8	500	497	0.5032	0.389	0.228	0.312	0.270	0.301	0.274	0.301	0.372	0.293	0.297	0.321	0.307	0.270	0.310	2.159	0.463	0.250	0.219	-8907.718
395	8	500	495	0.4970	0.288	0.272	0.296	0.275	0.374	0.258	0.288	0.272	0.296	0.325	0.252	0.277	0.263	0.290	2.092	0.468	0.308	0.198	-8783.765
396	8	500	490	0.5192	0.251	0.301	0.283	0.326	0.302	0.343	0.275	0.274	0.336	0.279	0.352	0.312	0.302	0.258	1.856	0.423	0.228	0.204	-9006.347
397	8	500	493	0.5159	0.308	0.344	0.259	0.304	0.312	0.264	0.267	0.288	0.261	0.312	0.238	0.289	0.338	0.243	1.939	0.438	0.201	0.212	-8781.464
398	8	500	492	0.5061	0.264	0.283	0.237	0.271	0.266	0.281	0.292	0.281	0.196	0.310	0.293	0.353	0.337	0.264	1.840	0.449	0.253	0.199	-8690.947
399	8	500	489	0.5382	0.271	0.242	0.279	0.325	0.224	0.329	0.261	0.310	0.247	0.318	0.272	0.326	0.290	0.291	2.105	0.333	0.246	0.188	-8836.267
400	8	500	495	0.5163	0.299	0.352	0.190	0.259	0.252	0.299	0.273	0.303	0.329	0.291	0.331	0.293	0.291	0.319	2.128	0.469	0.287	0.225	-8905.584
401	8	500	495	0.5032	0.258	0.302	0.282	0.292	0.338	0.292	0.251	0.336	0.240	0.323	0.325	0.350	0.302	0.292	1.993	0.405	0.194	0.198	-8901.035
402	8	500	493	0.5174	0.271	0.209	0.322	0.303	0.294	0.274	0.293	0.311	0.324	0.313	0.313	0.353	0.337	0.356	1.939	0.244	0.129	0.202	-9091.367
403	8	500	492	0.5264	0.312	0.292	0.270	0.300	0.251	0.325	0.303	0.285	0.296	0.294	0.352	0.356	0.305	0.298	1.883	0.388	0.216	0.170	-8955.546
404	8	500	494	0.5002	0.222	0.305	0.308	0.322	0.331	0.319	0.281	0.264	0.279	0.356	0.256	0.270	0.320	0.321	1.995	0.465	0.282	0.194	-8915.593
405	8	500	493	0.5250	0.588	0.243	0.248	0.301	0.338	0.355	0.258	0.000	0.281	0.281	0.272	0.439	0.321	0.232	1.906	0.017	0.008	0.186	-8842.039
406	8	500	492	0.5182	0.299	0.231	0.312	0.289	0.267	0.320	0.289	0.283	0.293	0.292	0.303	0.312	0.261	0.300	2.170	0.454	0.167	0.196	-8686.435
407	8	500	497	0.4877	0.383	0.376	0.288	0.308	0.272	0.302	0.344	0.320	0.306	0.347	0.411	0.297	0.322	0.326	1.894	0.324	0.210	0.171	-9244.274
408	8	500	494	0.5386	0.323	0.345	0.225	0.306	0.286	0.330	0.259	0.263	0.290	0.325	0.324	0.321	0.325	0.310	1.968	0.035	0.017	0.198	-8965.991
409	8	500	494	0.4994	0.298	0.290	0.274	0.276	0.249	0.381	0.289	0.253	0.341	0.334	0.293	0.307	0.382	0.303	1.984	0.375	0.184	0.213	-9066.321
410	8	500	494	0.5216	0.337	0.302	0.253	0.298	0.252	0.266	0.343	0.360	0.252	0.278	0.279	0.308	0.302	0.291	1.911	0.552	0.247	0.224	-8842.252
411	8	500	493	0.5321	0.295	0.251	0.302	0.250	0.338	0.280	0.285	0.310	0.243	0.280	0.251	0.335	0.279	0.299	1.925	0.429	0.196	0.181	-8660.846
412	8	500	490	0.5004	0.340	0.278	0.258	0.328	0.298	0.340	0.298	0.258	0.295	0.334	0.285	0.302	0.261	0.305	2.038	0.396	0.250	0.193	-8958.664
413	8	500	493	0.5220	0.277	0.319	0.247	0.331	0.263	0.349	0.298	0.316	0.296	0.277	0.306	0.309	0.280	0.287	2.021	0.413	0.220	0.183	-8869.587
414	8	500	495	0.5070	0.306	0.347	0.326	0.272	0.326	0.315	0.262	0.283	0.296	0.326	0.293	0.386	0.296	0.372	1.967	0.411	0.233	0.201	-9152.838
415	8	500	490	0.5080	0.290	0.208	0.284	0.282	0.298	0.289	0.253	0.319	0.298	0.253	0.328	0.318	0.301	0.313	2.136	0.413	0.174	0.185	-8690.504
416	8	500	491	0.5251	0.288	0.276	0.344	0.342	0.272	0.305	0.343	0.362	0.356	0.286	0.274	0.287	0.302	0.322	1.826	0.321	0.176	0.184	-9081.068
417	8	500	497	0.5178	0.317	0.331	0.295	0.286	0.271	0.269	0.316	0.392	0.210	0.293	0.357	0.372	0.312	0.337	2.143	0.467	0.250	0.186	-9005.709
418	8	500	498	0.5331	0.289	0.256	0.319	0.296	0.319	0.314	0.287	0.285	0.272	0.290	0.262	0.273	0.306	0.328	1.879	0.352	0.139	0.196	-8836.866
419	8	500	492	0.5271	0.364	0.252	0.277	0.307	0.308	0.322	0.387	0.281	0.324	0.371	0.307	0.273	0.328	0.340	1.957	0.464	0.284	0.200	-9239.233
420	8	500	496	0.5059	0.267	0.294	0.258	0.307	0.277	0.309	0.307	0.272	0.268	0.292	0.305	0.281	0.274	0.359	2.121	0.401	0.196	0.243	-8923.230
421	8	500	493	0.5111	0.332	0.294	0.242	0.265	0.242	0.296	0.252	0.259	0.323	0.251	0.322	0.258	0.325	0.242	1.972	0.442	0.204	0.177	-8522.810
422	8	500	491	0.5193	0.359	0.328	0.298	0.245	0.294	0.305	0.267	0.298	0.325	0.299	0.315	0.268	0.312	0.307	1.806	0.552	0.262	0.201	-8961.487
423	8	500	497	0.5191	0.292	0.291	0.303	0.340	0.288	0.302	0.352	0.287	0.273	0.242	0.285	0.372	0.298	0.317	2.148	0.438	0.303	0.182	-9012.413
424	8	500	493	0.4975	0.284	0.292	0.319	0.246	0.358	0.320	0.297	0.296	0.326	0.266	0.270	0.319	0.297	0.341	1.940	0.484	0.299	0.193	-8948.038
425	8	500	495	0.5192	0.376	0.306	0.361	0.306	0.317	0.320	0.314	0.282	0.329	0.287	0.275	0.281	0.344	0.378	1.963	0.571	0.429	0.202	-9271.619
426	8	500	488	0.5237	0.286	0.334	0.268	0.229	0.364	0.343	0.270	0.315	0.298	0.280	0.316	0.348	0.315	0.329	1.997	0.446	0.234	0.196	-9016.087
427	8	500	495	0.5055	0.365	0.375	0.302	0.311	0.253	0.316	0.365	0.311	0.275	0.269	0.279	0.328	0.277	0.305	1.989	0.462	0.255	0.209	-9061.288
428	8	500	493	0.5090	0.285	0.266	0.263	0.326	0.280	0.299	0.328	0.330	0.328	0.271	0.339	0.327	0.318	0.333	2.091	0.521	0.229	0.195	-8937.027
429	8	500	491	0.5021	0.000	0.239	0.215	0.309	0.294	0.302	0.333	0.568	0.338	0.238	0.366	0.322	0.247	0.286	1.902	0.239	0.115	0.209	-8818.502
430	8	500	494	0.5090	0.316	0.296	0.307	0.329	0.345	0.242	0.274	0.285	0.258	0.304	0.330	0.276	0.283	0.279	2.030	0.170	0.091	0.199	-8894.772
431	8	500	495	0.5051	0.263	0.378	0.255	0.267	0.316	0.313	0.323	0.284	0.259	0.246	0.333	0.287	0.294	0.320	1.922	0.549	0.295	0.192	-8862.203
432	8	500	496	0.5373	0.316	0.278	0.270	0.267	0.315	0.249	0.380	0.247	0.284	0.276	0.302	0.262	0.290	0.285	1.928	0.400	0.221	0.171	-8775.147
433	8	500	493	0.4989	0.286	0.281	0.239	0.296	0.268	0.251	0.347	0.246	0.259	0.277	0.361	0.309	0.343	0.311	2.168	0.219	0.103	0.233	-8913.830
434	8	500	495	0.5092	0.271	0.311	0.302	0.279	0.320	0.321	0.290	0.315	0.338	0.328	0.303	0.251	0.275	0.322	2.113	0.388	0.155	0.204	-8907.930
435	8	500	498	0.5314	0.326	0.267	0.352	0.380	0.281	0.311	0.337	0.323	0.384	0.302	0.326	0.257	0.299	0.301	1.926	0.402	0.287	0.184	-9242.433
436	8	500	493	0.5173	0.238	0.250	0.277	0.329	0.319	0.322	0.320	0.263	0.370	0.286	0.291	0.290	0.290	0.314	1.858	0.353	0.193	0.198	-9024.143
437	8	500	495	0.5154	0.279	0.263	0.311	0.313	0.285	0.268	0.287	0.277	0.318	0.354	0.219	0.269	0.325	0.310	1.949	0.391	0.211	0.202	-8915.073
438	8	500	494	0.5032	0.349	0.347	0.288	0.298	0.269	0.324	0.309	0.305	0.318	0.317	0.377	0.240	0.315	0.271	1.896	0.357	0.238	0.218	-9177.983
439	8	500	497	0.5186	0.290	0.258	0.338	0.291	0.319	0.259	0.368	0.289	0.330	0.336	0.298	0.310	0.333	0.320	2.146	0.407	0.286	0.215	-9210.702
440	8	500	496	0.5164	0.281	0.340	0.262	0.306	0.304	0.363	0.235	0.309	0.229	0.220	0.351	0.303	0.268	0.352	1.976	0.404	0.160	0.237	-8942.604
441	8	500	493	0.5336	0.368	0.311	0.346	0.281	0.257	0.329	0.315	0.306	0.289	0.271	0.297	0.368	0.274	0.314	2.115	0.505	0.190	0.198	-8985.345
442	8	500	493	0.5098	0.341	0.348	0.259	0.293	0.237	0.334	0.280	0.277	0.356	0.334	0.278	0.370	0.260	0.287	2.222	0.313	0.156	0.219	-8974.990
443	8	500	492	0.5069	0.382	0.239	0.296	0.362	0.321	0.251	0.281	0.294	0.313	0.264	0.384	0.282	0.357	0.300	1.916	0.538	0.257	0.221	-9084.083
444	8	500	497	0.5245	0.291	0.356	0.232	0.315	0.356	0.342	0.350	0.308	0.355	0.310	0.310	0.211	0.331	0.341	2.213	0.507	0.277	0.205	-9122.772
445	8	500	497	0.5131	0.299	0.286	0.310	0.258	0.268	0.297	0.322	0.363	0.317	0.283	0.247	0.251	0.289	0.286	2.267	0.332	0.172	0.207	-8806.279
446	8	500	496	0.5141	0.288	0.311	0.256	0.312	0.328	0.354	0.258	0.272	0.261	0.285	0.298	0.358	0.233	0.314	1.907	0.313	0.147	0.211	-8895.611
447	8	500	491	0.5173	0.305	0.247	0.328	0.297	0.312	0.297	0.292	0.298	0.280	0.292	0.292	0.291	0.311	0.305	2.002	0.359	0.223	0.175	-8894.021
448	8	500	498	0.5281	0.342	0.330	0.238	0.329	0.285	0.275	0.310	0.279	0.269	0.294	0.305	0.280	0.343	0.354	2.022	0.301	0.149	0.213	-9027.493
449	8	500	492	0.5122	0.314	0.352	0.263	0.290	0.276	0.273	0.350	0.258	0.256	0.274	0.348	0.333	0.309	0.299	1.952	0.481	0.202	0.207	-8877.955
450	8	500	494	0.5014	0.309	0.314	0.278	0.292	0.301	0.289	0.338	0.270	0.273	0.308	0.323	0.268	0.290	0.331	2.025	0.450	0.236	0.232	-9044.437
451	8	500	491	0.5005	0.318	0.292	0.274	0.316	0.325	0.320	0.339	0.322	0.333	0.289	0.280	0.335	0.279	0.316	1.901	0.492	0.247	0.198	-9013.912
452	8	500	493	0.5075	0.322	0.234	0.282	0.261	0.298	0.278	0.266	0.306	0.364	0.347	0.287	0.279	0.304	0.288	1.934	0.215	0.132	0.194	-8898.845
453	8	500	496	0.5228	0.347	0.345	0.314	0.286	0.262	0.378	0.300	0.263	0.320	0.311	0.274	0.340	0.342	0.260	1.978	0.341	0.214	0.223	-9216.050
454	8	500	494	0.5231	0.288	0.344	0.232	0.337	0.233	0.312	0.306	0.298	0.265	0.314	0.274	0.274	0.285	0.297	1.818	0.265	0.132	0.203	-8867.298
455	8	500	495	0.5263	0.253	0.181	0.231	0.306	0.291	0.291	0.252	0.345	0.324	0.308	0.260	0.283	0.295	0.327	1.998	0.553	0.261	0.205	-8703.735
456	8	500	497	0.5028	0.271	0.327	0.346	0.272	0.286	0.334	0.277	0.309	0.363	0.270	0.367	0.324	0.257	0.313	2.115	0.406	0.186	0.201	-8985.208
457	8	500	494	0.5112	0.415	0.293	0.289	0.323	0.271	0.339	0.291	0.335	0.309	0.294	0.317	0.263	0.259	0.359	1.981	0.396	0.193	0.207	-9062.955
458	8	500	492	0.5142	0.330	0.324	0.270	0.288	0.355	0.296	0.283	0.337	0.261	0.272	0.324	0.247	0.290	0.261	1.888	0.277	0.119	0.218	-8915.829
459	8	500	492	0.5231	0.336	0.296	0.335	0.309	0.221	0.322	0.314	0.363	0.277	0.324	0.258	0.243	0.307	0.282	2.196	0.353	0.171	0.199	-8903.005
460	8	500	490	0.4950	0.374	0.332	0.298	0.297	0.304	0.332	0.295	0.348	0.308	0.348	0.266	0.285	0.292	0.305	2.133	0.345	0.205	0.197	-9091.784
461	8	500	495	0.5138	0.268	0.331	0.338	0.295	0.304	0.287	0.291	0.334	0.358	0.383	0.314	0.370	0.282	0.327	2.088	0.420	0.262	0.187	-9226.699
462	8	500	494	0.5196	0.269	0.257	0.347	0.265	0.329	0.335	0.251	0.295	0.290	0.323	0.251	0.353	0.275	0.295	1.975	0.337	0.187	0.204	-8975.407
463	8	500	498	0.5228	0.278	0.395	0.270	0.330	0.217	0.351	0.332	0.300	0.304	0.316	0.290	0.218	0.305	0.277	1.939	0.413	0.162	0.193	-8897.595
464	8	500	490	0.5079	0.326	0.317	0.283	0.294	0.314	0.346	0.225	0.349	0.295	0.310	0.280	0.246	0.275	0.268	1.816	0.318	0.165	0.165	-8795.121
465	8	500	491	0.5083	0.298	0.341	0.257	0.285	0.178	0.308	0.308	0.305	0.255	0.298	0.250	0.265	0.279	0.245	2.001	0.534	0.242	0.202	-8663.113
466	8	500	499	0.5031	0.363	0.352	0.268	0.256	0.292	0.307	0.389	0.297	0.262	0.232	0.337	0.315	0.302	0.294	2.039	0.520	0.249	0.212	-8993.374
467	8	500	497	0.5252	0.291	0.287	0.347	0.335	0.294	0.330	0.365	0.335	0.295	0.341	0.282	0.239	0.294	0.281	1.877	0.367	0.186	0.193	-9108.425
468	8	500	494	0.5079	0.309	0.288	0.230	0.331	0.282	0.308	0.274	0.288	0.329	0.281	0.284	0.260	0.308	0.335	1.992	0.306	0.140	0.195	-8860.177
469	8	500	494	0.5176	0.312	0.318	0.323	0.287	0.315	0.299	0.308	0.293	0.330	0.343	0.222	0.274	0.318	0.321	1.867	0.355	0.156	0.193	-8976.132
470	8	500	494	0.5176	0.289	0.334	0.265	0.267	0.312	0.273	0.346	0.269	0.340	0.293	0.327	0.292	0.303	0.324	1.960	0.505	0.223	0.194	-8961.204
471	8	500	493	0.5147	0.319	0.350	0.309	0.321	0.339	0.280	0.309	0.369	0.324	0.350	0.272	0.252	0.338	0.364	1.942	0.341	0.219	0.182	-9253.949
472	8	500	497	0.5088	0.292	0.320	0.326	0.308	0.287	0.302	0.329	0.344	0.284	0.301	0.322	0.325	0.294	0.272	2.191	0.227	0.181	0.189	-9136.585
473	8	500	494	0.5123	0.309	0.281	0.255	0.264	0.302	0.339	0.305	0.293	0.300	0.320	0.281	0.385	0.272	0.255	1.879	0.618	0.255	0.222	-8903.629
474	8	500	497	0.5177	0.345	0.339	0.306	0.277	0.264	0.280	0.310	0.341	0.286	0.281	0.258	0.312	0.339	0.329	1.986	0.501	0.232	0.210	-9021.134
475	8	500	490	0.4956	0.359	0.293	0.250	0.344	0.208	0.337	0.355	0.315	0.235	0.318	0.279	0.306	0.299	0.291	2.080	0.083	0.050	0.202	-8946.947
476	8	500	493	0.5046	0.231	0.286	0.304	0.283	0.323	0.302	0.319	0.297	0.307	0.299	0.314	0.336	0.296	0.313	1.916	0.442	0.227	0.225	-9048.682
477	8	500	498	0.5094	0.293	0.320	0.356	0.278	0.252	0.310	0.323	0.356	0.333	0.319	0.318	0.346	0.278	0.319	2.116	0.473	0.234	0.207	-9130.824
478	8	500	489	0.4988	0.241	0.377	0.249	0.316	0.263	0.226	0.297	0.331	0.233	0.275	0.292	0.276	0.277	0.280	1.936	0.437	0.213	0.190	-8615.330
479	8	500	496	0.5143	0.313	0.280	0.302	0.308	0.285	0.315	0.350	0.268	0.316	0.298	0.299	0.271	0.327	0.296	1.942	0.419	0.198	0.222	-9047.957
480	8	500	492	0.5022	0.310	0.432	0.283	0.321	0.245	0.244	0.326	0.282	0.340	0.308	0.306	0.279	0.315	0.288	2.125	0.248	0.175	0.160	-8965.339
481	8	500	490	0.5204	0.286	0.270	0.353	0.267	0.263	0.292	0.307	0.264	0.289	0.302	0.298	0.339	0.342	0.307	1.733	0.474	0.194	0.217	-8988.183
482	8	500	498	0.5128	0.243	0.302	0.324	0.291	0.267	0.310	0.352	0.275	0.377	0.301	0.296	0.295	0.312	0.300	2.196	0.323	0.182	0.190	-8995.488
483	8	500	493	0.4963	0.278	0.348	0.250	0.298	0.303	0.270	0.295	0.293	0.361	0.256	0.335	0.302	0.294	0.292	2.089	0.411	0.270	0.181	-8871.581
484	8	500	492	0.5135	0.294	0.278	0.324	0.278	0.301	0.296	0.324	0.295	0.339	0.306	0.349	0.307	0.247	0.322	2.251	0.504	0.216	0.195	-8856.540
485	8	500	491	0.5078	0.299	0.357	0.349	0.265	0.294	0.248	0.368	0.302	0.327	0.317	0.288	0.313	0.379	0.267	2.038	0.405	0.256	0.190	-9131.851
486	8	500	493	0.5053	0.306	0.346	0.258	0.265	0.277	0.325	0.221	0.226	0.351	0.290	0.337	0.257	0.305	0.273	2.022	0.470	0.203	0.209	-8751.295
487	8	500	492	0.5097	0.356	0.400	0.229	0.328	0.250	0.276	0.274	0.322	0.233	0.326	0.298	0.260	0.285	0.314	1.923	0.414	0.218	0.169	-8829.600
488	8	500	497	0.5018	0.379	0.276	0.273	0.302	0.278	0.270	0.314	0.299	0.301	0.274	0.297	0.340	0.335	0.280	1.919	0.489	0.234	0.217	-8965.567
489	8	500	491	0.5042	0.327	0.289	0.276	0.298	0.292	0.330	0.254	0.285	0.260	0.276	0.271	0.353	0.260	0.328	1.990	0.433	0.163	0.223	-8832.480
490	8	500	496	0.5172	0.377	0.352	0.236	0.259	0.345	0.297	0.377	0.309	0.324	0.308	0.355	0.237	0.341	0.330	1.787	0.171	0.093	0.209	-9170.860
491	8	500	493	0.5030	0.292	0.318	0.258	0.267	0.234	0.302	0.272	0.291	0.293	0.290	0.344	0.285	0.256	0.317	2.083	0.538	0.215	0.222	-8766.250
492	8	500	493	0.5223	0.249	0.296	0.266	0.367	0.318	0.343	0.248	0.270	0.245	0.259	0.282	0.326	0.335	0.292	2.009	0.341	0.199	0.192	-8908.743
493	8	500	492	0.5027	0.295	0.280	0.269	0.277	0.304	0.249	0.340	0.298	0.308	0.301	0.260	0.315	0.371	0.266	2.005	0.403	0.190	0.209	-8882.637
494	8	500	496	0.5017	0.306	0.311	0.285	0.331	0.327	0.352	0.293	0.343	0.395	0.291	0.349	0.219	0.339	0.280	1.955	0.428	0.315	0.170	-9129.819
495	8	500	492	0.5127	0.278	0.287	0.298	0.279	0.252	0.269	0.254	0.269	0.261	0.260	0.321	0.259	0.313	0.268	2.059	0.414	0.199	0.195	-8612.879
496	8	500	492	0.5247	0.300	0.317	0.225	0.276	0.278	0.348	0.240	0.293	0.287	0.238	0.241	0.263	0.246	0.292	2.014	0.523	0.215	0.210	-8559.250
497	8	500	488	0.5111	0.275	0.272	0.310	0.299	0.338	0.308	0.317	0.275	0.327	0.260	0.293	0.300	0.318	0.301	1.886	0.367	0.181	0.199	-8947.182
498	8	500	493	0.5036	0.323	0.250	0.351	0.273	0.269	0.349	0.312	0.308	0.294	0.334	0.289	0.264	0.288	0.333	1.991	0.454	0.228	0.244	-9111.615
499	8	500	492	0.5132	0.331	0.388	0.251	0.306	0.257	0.247	0.383	0.312	0.278	0.379	0.249	0.288	0.311	0.317	1.903	0.301	0.149	0.211	-9072.246
500	8	500	489	0.5168	0.308	0.280	0.275	0.253	0.309	0.271	0.238	0.318	0.360	0.300	0.342	0.308	0.224	0.285	2.089	0.385	0.205	0.213	-8758.728
501	8	500	497	0.5036	0.363	0.333	0.301	0.321	0.281	0.283	0.264	0.346	0.258	0.241	0.274	0.311	0.322	0.341	2.063	0.450	0.207	0.199	-8920.109
502	8	500	497	0.5217	0.374	0.280	0.261	0.330	0.252	0.340	0.311	0.315	0.334	0.335	0.285	0.271	0.365	0.348	1.895	0.460	0.236	0.199	-9169.860
503	8	500	491	0.4968	0.284	0.294	0.320	0.267	0.328	0.358	0.308	0.295	0.289	0.285	0.307	0.316	0.313	0.281	2.193	0.396	0.185	0.188	-8837.477
504	8	500	492	0.5199	0.291	0.235	0.290	0.256	0.368	0.272	0.228	0.292	0.263	0.354	0.281	0.327	0.319	0.304	1.949	0.474	0.248	0.212	-8881.109
505	8	500	485	0.5238	0.270	0.264	0.256	0.319	0.334	0.347	0.315	0.295	0.328	0.298	0.287	0.260	0.233	0.311	1.913	0.454	0.216	0.191	-8833.116
506	8	500	496	0.5260	0.241	0.253	0.342	0.213	0.326	0.293	0.236	0.331	0.318	0.289	0.255	0.344	0.295	0.310	2.006	0.303	0.156	0.186	-8763.948
507	8	500	493	0.5245	0.305	0.306	0.297	0.245	0.362	0.298	0.274	0.261	0.351	0.369	0.335	0.252	0.286	0.312	2.039	0.533	0.272	0.200	-9007.491
508	8	500	495	0.5058	0.313	0.364	0.279	0.301	0.310	0.335	0.262	0.337	0.358	0.298	0.336	0.269	0.258	0.320	1.923	0.225	0.132	0.196	-9106.014
509	8	500	496	0.5229	0.295	0.259	0.283	0.257	0.361	0.256	0.288	0.252	0.267	0.259	0.271	0.324	0.270	0.304	1.994	0.565	0.286	0.170	-8616.664
510	8	500	497	0.5022	0.298	0.266	0.263	0.264	0.328	0.346	0.269	0.367	0.293	0.369	0.257	0.309	0.303	0.253	2.144	0.367	0.170	0.219	-8882.142
511	8	500	498	0.5117	0.288	0.290	0.310	0.300	0.314	0.327	0.265	0.339	0.320	0.307	0.348	0.321	0.341	0.268	2.027	0.377	0.177	0.176	-9023.620
512	8	500	492	0.5171	0.259	0.252	0.304	0.298	0.344	0.274	0.319	0.250	0.296	0.276	0.309	0.317	0.227	0.312	2.014	0.335	0.140	0.197	-8805.244
513	8	500	496	0.5052	0.283	0.304	0.245	0.359	0.406	0.295	0.324	0.298	0.311	0.294	0.307	0.310	0.316	0.281	1.925	0.378	0.162	0.209	-9067.007
514	8	500	493	0.5250	0.313	0.278	0.303	0.305	0.347	0.311	0.316	0.269	0.334	0.239	0.289	0.336	0.268	0.360	1.940	0.550	0.242	0.223	-9031.181
515	8	500	497	0.5279	0.280	0.226	0.283	0.283	0.428	0.255	0.355	0.330	0.255	0.249	0.326	0.312	0.292	0.304	1.983	0.400	0.225	0.189	-8950.206
516	8	500	497	0.5198	0.339	0.336	0.268	0.353	0.278	0.290	0.293	0.348	0.311	0.331	0.336	0.323	0.266	0.321	1.999	0.362	0.198	0.194	-9132.583
517	8	500	490	0.5226	0.265	0.279	0.292	0.233	0.317	0.285	0.270	0.249	0.291	0.243	0.298	0.296	0.304	0.242	1.764	0.480	0.200	0.183	-8569.169
518	8	500	487	0.5222	0.296	0.397	0.264	0.245	0.281	0.292	0.286	0.274	0.240	0.310	0.283	0.327	0.341	0.247	1.999	0.229	0.149	0.211	-8913.078
519	8	500	493	0.4953	0.288	0.330	0.263	0.304	0.380	0.301	0.263	0.311	0.350	0.388	0.263	0.264	0.348	0.287	1.971	0.411	0.228	0.192	-9040.227
520	8	500	496	0.5143	0.266	0.356	0.275	0.272	0.284	0.304	0.274	0.210	0.273	0.333	0.339	0.304	0.279	0.322	2.299	0.286	0.201	0.206	-8926.384
521	8	500	496	0.5358	0.346	0.254	0.260	0.263	0.377	0.352	0.243	0.249	0.363	0.372	0.289	0.240	0.312	0.265	1.906	0.327	0.135	0.186	-8824.514
522	8	500	491	0.5205	0.292	0.263	0.290	0.293	0.338	0.298	0.291	0.356	0.354	0.353	0.347	0.261	0.361	0.268	1.934	0.511	0.232	0.213	-9103.631
523	8	500	489	0.4898	0.291	0.256	0.353	0.269	0.295	0.285	0.334	0.298	0.259	0.244	0.235	0.301	0.310	0.231	1.739	0.447	0.243	0.189	-8767.609
524	8	500	494	0.5061	0.294	0.285	0.218	0.331	0.230	0.323	0.300	0.282	0.245	0.335	0.280	0.274	0.303	0.286	1.715	0.160	0.070	0.202	-8829.067
525	8	500	495	0.5042	0.257	0.239	0.259	0.305	0.335	0.334	0.271	0.257	0.332	0.319	0.294	0.302	0.302	0.278	1.842	0.530	0.175	0.207	-8828.629
526	8	500	486	0.4983	0.267	0.262	0.253	0.342	0.372	0.339	0.275	0.267	0.291	0.270	0.323	0.302	0.291	0.346	1.951	0.532	0.277	0.195	-8889.694
527	8	500	495	0.5222	0.309	0.350	0.257	0.288	0.287	0.328	0.280	0.261	0.210	0.309	0.316	0.320	0.336	0.289	2.132	0.418	0.171	0.178	-8797.326
528	8	500	497	0.5143	0.343	0.308	0.238	0.316	0.287	0.263	0.287	0.293	0.321	0.275	0.310	0.255	0.290	0.321	2.006	0.485	0.232	0.188	-8738.878
529	8	500	492	0.4867	0.278	0.334	0.277	0.273	0.253	0.302	0.287	0.313	0.275	0.320	0.268	0.362	0.311	0.244	2.057	0.496	0.278	0.190	-8801.653
530	8	500	496	0.5031	0.321	0.338	0.288	0.303	0.298	0.277	0.284	0.337	0.253	0.302	0.284	0.398	0.308	0.309	2.122	0.477	0.212	0.215	-8947.320
531	8	500	495	0.5062	0.317	0.270	0.310	0.295	0.322	0.309	0.280	0.261	0.262	0.296	0.293	0.341	0.280	0.261	1.894	0.369	0.158	0.184	-8801.750
532	8	500	490	0.5160	0.260	0.244	0.292	0.256	0.296	0.353	0.293	0.279	0.275	0.280	0.272	0.302	0.275	0.275	2.009	0.499	0.237	0.180	-8638.194
533	8	500	490	0.5062	0.326	0.340	0.275	0.294	0.235	0.302	0.289	0.337	0.296	0.236	0.319	0.253	0.292	0.251	1.906	0.488	0.233	0.215	-8779.924
534	8	500	496	0.5107	0.337	0.293	0.352	0.355	0.259	0.287	0.292	0.308	0.351	0.304	0.302	0.250	0.325	0.332	2.011	0.426	0.187	0.242	-9153.388
535	8	500	489	0.5133	0.224	0.263	0.279	0.307	0.280	0.320	0.304	0.293	0.363	0.296	0.319	0.308	0.272	0.302	1.884	0.436	0.220	0.173	-8824.850
536	8	500	493	0.5187	0.283	0.300	0.282	0.298	0.278	0.298	0.354	0.340	0.282	0.312	0.257	0.218	0.350	0.316	1.853	0.461	0.230	0.202	-8914.587
537	8	500	490	0.5242	0.325	0.322	0.301	0.360	0.297	0.304	0.348	0.341	0.241	0.293	0.313	0.282	0.269	0.322	2.076	0.397	0.264	0.181	-9075.274
538	8	500	491	0.5148	0.265	0.243	0.298	0.218	0.254	0.264	0.270	0.312	0.341	0.329	0.287	0.332	0.235	0.308	1.830	0.468	0.197	0.191	-8656.205
539	8	500	496	0.5228	0.239	0.350	0.225	0.338	0.373	0.305	0.333	0.327	0.356	0.311	0.255	0.307	0.278	0.335	2.161	0.259	0.140	0.187	-9052.742
540	8	500	497	0.5062	0.295	0.360	0.311	0.284	0.263	0.231	0.365	0.331	0.299	0.300	0.344	0.289	0.350	0.296	2.161	0.552	0.240	0.233	-9052.376
541	8	500	495	0.5058	0.343	0.351	0.336	0.294	0.237	0.250	0.358	0.324	0.294	0.302	0.319	0.282	0.276	0.336	2.044	0.548	0.288	0.238	-9105.659
542	8	500	494	0.5224	0.329	0.321	0.268	0.325	0.255	0.311	0.330	0.366	0.290	0.293	0.343	0.270	0.326	0.265	1.875	0.379	0.182	0.196	-9071.619
543	8	500	495	0.5234	0.297	0.267	0.314	0.360	0.308	0.244	0.338	0.283	0.397	0.316	0.287	0.341	0.325	0.330	2.005	0.414	0.224	0.214	-9159.484
544	8	500	498	0.5132	0.314	0.295	0.323	0.234	0.309	0.255	0.293	0.313	0.281	0.320	0.308	0.305	0.304	0.314	1.866	0.354	0.198	0.217	-9026.506
545	8	500	497	0.5111	0.292	0.367	0.313	0.271	0.298	0.306	0.268	0.308	0.313	0.243	0.340	0.331	0.320	0.237	1.870	0.352	0.166	0.193	-8937.862
546	8	500	496	0.5034	0.271	0.375	0.288	0.281	0.336	0.271	0.286	0.294	0.259	0.274	0.323	0.316	0.281	0.340	2.028	0.377	0.210	0.205	-8964.795
547	8	500	491	0.5002	0.305	0.321	0.276	0.288	0.292	0.270	0.258	0.285	0.311	0.352	0.282	0.320	0.334	0.275	2.096	0.344	0.173	0.192	-8854.079
548	8	500	494	0.4995	0.320	0.316	0.289	0.315	0.341	0.297	0.305	0.277	0.334	0.288	0.263	0.278	0.307	0.312	2.090	0.247	0.129	0.179	-8933.778
549	8	500	487	0.5175	0.294	0.278	0.283	0.352	0.286	0.286	0.313	0.272	0.280	0.329	0.275	0.341	0.307	0.315	1.921	0.478	0.257	0.166	-8867.318
550	8	500	495	0.5147	0.252	0.291	0.279	0.252	0.358	0.321	0.269	0.288	0.351	0.317	0.302	0.318	0.289	0.294	1.998	0.465	0.229	0.196	-8924.909
551	8	500	496	0.5150	0.272	0.372	0.311	0.317	0.270	0.285	0.291	0.306	0.273	0.310	0.306	0.278	0.287	0.340	2.022	0.557	0.319	0.209	-9018.125
552	8	500	494	0.5072	0.288	0.311	0.258	0.308	0.329	0.324	0.269	0.277	0.214	0.248	0.277	0.334	0.315	0.295	2.000	0.501	0.244	0.212	-8841.284
553	8	500	497	0.5124	0.331	0.326	0.294	0.309	0.395	0.284	0.282	0.299	0.317	0.266	0.316	0.288	0.301	0.338	2.130	0.206	0.108	0.200	-8996.097
554	8	500	495	0.5073	0.329	0.335	0.270	0.366	0.299	0.343	0.306	0.332	0.243	0.293	0.290	0.295	0.279	0.276	2.027	0.343	0.137	0.186	-8876.578
555	8	500	493	0.5203	0.343	0.315	0.328	0.297	0.275	0.286	0.286	0.307	0.250	0.270	0.293	0.293	0.280	0.290	1.944	0.460	0.211	0.237	-8945.041
556	8	500	496	0.5056	0.294	0.290	0.314	0.320	0.395	0.295	0.264	0.265	0.313	0.366	0.283	0.320	0.292	0.254	1.809	0.535	0.221	0.198	-8963.437
557	8	500	496	0.5001	0.266	0.373	0.396	0.222	0.259	0.351	0.314	0.269	0.250	0.290	0.303	0.302	0.280	0.316	1.903	0.297	0.170	0.201	-9070.039
558	8	500	495	0.5106	0.261	0.345	0.289	0.234	0.289	0.284	0.268	0.312	0.296	0.309	0.315	0.250	0.337	0.320	2.054	0.454	0.298	0.215	-8976.449
559	8	500	490	0.5101	0.302	0.251	0.328	0.297	0.286	0.230	0.290	0.294	0.227	0.312	0.272	0.279	0.270	0.323	1.922	0.542	0.242	0.196	-8699.201
560	8	500	490	0.5038	0.307	0.277	0.324	0.298	0.303	0.286	0.300	0.302	0.305	0.290	0.293	0.360	0.244	0.318	2.052	0.264	0.120	0.212	-8958.697
561	8	500	496	0.5072	0.322	0.273	0.275	0.266	0.302	0.261	0.323	0.354	0.373	0.346	0.288	0.356	0.276	0.278	2.121	0.349	0.195	0.200	-9003.357
562	8	500	499	0.5072	0.310	0.266	0.238	0.324	0.290	0.318	0.353	0.301	0.348	0.271	0.329	0.340	0.314	0.301	1.921	0.320	0.148	0.221	-9062.408
563	8	500	492	0.5140	0.356	0.211	0.310	0.278	0.329	0.305	0.333	0.295	0.352	0.280	0.272	0.281	0.273	0.330	1.939	0.365	0.156	0.202	-8912.171
564	8	500	495	0.5189	0.300	0.310	0.271	0.352	0.311	0.314	0.301	0.304	0.244	0.329	0.300	0.320	0.319	0.261	1.973	0.232	0.092	0.197	-8950.975
565	8	500	493	0.5172	0.287	0.386	0.233	0.321	0.307	0.308	0.299	0.277	0.269	0.263	0.360	0.288	0.300	0.300	1.909	0.303	0.126	0.187	-8853.830
566	8	500	490	0.5253	0.321	0.302	0.323	0.310	0.313	0.348	0.302	0.365	0.263	0.260	0.349	0.359	0.308	0.287	1.857	0.289	0.144	0.218	-9170.115
567	8	500	494	0.4953	0.309	0.309	0.243	0.288	0.297	0.304	0.265	0.290	0.279	0.247	0.306	0.315	0.301	0.314	1.990	0.316	0.154	0.184	-8729.373
568	8	500	493	0.5234	0.301	0.298	0.249	0.291	0.255	0.274	0.299	0.297	0.317	0.295	0.291	0.334	0.232	0.333	1.868	0.402	0.180	0.178	-8727.225
569	8	500	495	0.5217	0.265	0.282	0.276	0.275	0.281	0.367	0.271	0.292	0.277	0.315	0.253	0.353	0.291	0.300	2.015	0.177	0.082	0.194	-8833.086
570	8	500	491	0.5246	0.261	0.348	0.268	0.304	0.326	0.292	0.274	0.303	0.324	0.250	0.285	0.276	0.292	0.292	2.011	0.307	0.153	0.194	-8829.686
571	8	500	496	0.5068	0.272	0.276	0.275	0.287	0.353	0.282	0.321	0.273	0.278	0.319	0.296	0.326	0.279	0.319	1.827	0.480	0.240	0.233	-9018.704
572	8	500	494	0.5115	0.308	0.252	0.267	0.305	0.363	0.367	0.359	0.358	0.196	0.336	0.262	0.388	0.290	0.330	1.942	0.391	0.173	0.223	-9122.828
573	8	500	493	0.5063	0.293	0.269	0.297	0.256	0.283	0.312	0.343	0.285	0.361	0.295	0.324	0.315	0.245	0.272	2.107	0.374	0.199	0.172	-8771.294
574	8	500	499	0.5157	0.349	0.289	0.338	0.227	0.345	0.335	0.241	0.305	0.371	0.291	0.232	0.264	0.315	0.312	1.845	0.347	0.224	0.211	-9038.808
575	8	500	494	0.4996	0.308	0.303	0.302	0.305	0.284	0.287	0.341	0.342	0.315	0.361	0.308	0.266	0.304	0.305	1.882	0.041	0.023	0.185	-9117.419
576	8	500	496	0.5092	0.314	0.413	0.322	0.292	0.351	0.285	0.289	0.309	0.275	0.295	0.314	0.316	0.332	0.357	1.961	0.394	0.164	0.214	-9148.763
577	8	500	493	0.5053	0.293	0.250	0.285	0.279	0.325	0.297	0.292	0.348	0.280	0.276	0.293	0.329	0.238	0.336	1.908	0.521	0.300	0.182	-8865.146
578	8	500	494	0.5089	0.321	0.324	0.300	0.254	0.296	0.313	0.316	0.390	0.292	0.303	0.300	0.356	0.254	0.314	1.991	0.403	0.187	0.201	-8998.332
579	8	500	496	0.5172	0.346	0.302	0.250	0.316	0.407	0.339	0.290	0.290	0.370	0.311	0.285	0.302	0.321	0.291	2.143	0.179	0.084	0.228	-9129.989
580	8	500	493	0.5213	0.309	0.317	0.303	0.254	0.285	0.298	0.279	0.296	0.274	0.302	0.291	0.319	0.285	0.289	1.999	0.416	0.198	0.203	-8837.123
581	8	500	491	0.5151	0.293	0.290	0.292	0.284	0.331	0.269	0.352	0.311	0.363	0.269	0.307	0.287	0.341	0.279	2.101	0.273	0.136	0.198	-8978.547
582	8	500	488	0.5087	0.291	0.308	0.253	0.307	0.326	0.325	0.277	0.283	0.243	0.302	0.281	0.375	0.297	0.277	2.008	0.407	0.218	0.177	-8821.970
583	8	500	493	0.5095	0.290	0.289	0.288	0.310	0.284	0.288	0.258	0.331	0.274	0.298	0.283	0.342	0.317	0.301	2.022	0.484	0.283	0.186	-8920.327
584	8	500	492	0.5204	0.296	0.343	0.304	0.289	0.279	0.301	0.321	0.322	0.272	0.259	0.281	0.289	0.394	0.268	1.975	0.335	0.198	0.197	-8964.022
585	8	500	491	0.5107	0.311	0.306	0.278	0.233	0.376	0.293	0.325	0.297	0.388	0.305	0.321	0.292	0.240	0.382	1.854	0.481	0.264	0.190	-8999.701
586	8	500	496	0.5186	0.322	0.339	0.278	0.307	0.348	0.311	0.269	0.318	0.293	0.322	0.337	0.281	0.302	0.302	2.131	0.431	0.266	0.210	-9115.645
587	8	500	495	0.5120	0.277	0.350	0.273	0.338	0.260	0.342	0.287	0.326	0.300	0.295	0.291	0.420	0.234	0.330	1.890	0.499	0.226	0.198	-9035.511
588	8	500	494	0.5103	0.272	0.293	0.265	0.300	0.269	0.307	0.273	0.334	0.249	0.277	0.239	0.258	0.300	0.296	2.160	0.241	0.118	0.187	-8627.910
589	8	500	490	0.5138	0.227	0.340	0.285	0.290	0.332	0.266	0.298	0.303	0.276	0.303	0.280	0.320	0.317	0.340	1.909	0.418	0.276	0.186	-8963.201
590	8	500	491	0.5084	0.352	0.285	0.239	0.254	0.303	0.318	0.278	0.327	0.313	0.244	0.263	0.258	0.302	0.380	1.994	0.440	0.227	0.185	-8835.145
591	8	500	494	0.5272	0.336	0.232	0.328	0.324	0.303	0.274	0.288	0.308	0.314	0.300	0.311	0.341	0.352	0.321	1.775	0.298	0.179	0.191	-9127.106
592	8	500	488	0.5157	0.301	0.260	0.274	0.284	0.322	0.264	0.309	0.228	0.223	0.325	0.316	0.284	0.243	0.309	1.910	0.457	0.224	0.187	-8700.198
593	8	500	495	0.5047	0.278	0.282	0.245	0.283	0.398	0.214	0.306	0.203	0.291	0.335	0.258	0.309	0.350	0.303	2.056	0.412	0.230	0.181	-8754.497
594	8	500	493	0.4962	0.267	0.333	0.295	0.332	0.270	0.299	0.219	0.282	0.286	0.295	0.255	0.258	0.358	0.316	1.966	0.324	0.184	0.183	-8811.840
595	8	500	499	0.5267	0.319	0.368	0.309	0.256	0.326	0.301	0.294	0.355	0.228	0.338	0.307	0.314	0.282	0.273	2.194	0.337	0.167	0.179	-8899.652
596	8	500	491	0.5285	0.296	0.221	0.299	0.287	0.272	0.270	0.332	0.248	0.360	0.322	0.349	0.227	0.344	0.278	1.995	0.485	0.181	0.223	-8892.220
597	8	500	495	0.5273	0.273	0.318	0.221	0.307	0.296	0.293	0.288	0.340	0.239	0.286	0.286	0.326	0.257	0.327	2.206	0.236	0.130	0.182	-8760.025
598	8	500	493	0.5209	0.326	0.296	0.288	0.315	0.278	0.268	0.294	0.305	0.279	0.285	0.278	0.310	0.272	0.303	2.105	0.322	0.165	0.193	-8800.469
599	8	500	489	0.5167	0.318	0.317	0.316	0.263	0.264	0.309	0.284	0.290	0.290	0.304	0.276	0.283	0.307	0.253	1.873	0.438	0.201	0.202	-8836.088
600	8	500	489	0.5031	0.301	0.302	0.310	0.291	0.244	0.311	0.282	0.289	0.280	0.296	0.301	0.237	0.314	0.369	1.964	0.481	0.235	0.170	-8762.758
601	8	500	493	0.5081	0.288	0.305	0.305	0.342	0.281	0.311	0.278	0.238	0.340	0.276	0.298	0.378	0.295	0.261	1.785	0.520	0.219	0.218	-8964.463
602	8	500	495	0.5135	0.291	0.382	0.350	0.294	0.290	0.312	0.315	0.284	0.307	0.303	0.300	0.299	0.286	0.309	2.017	0.375	0.258	0.225	-9181.368
603	8	500	492	0.5027	0.269	0.312	0.277	0.252	0.286	0.302	0.261	0.277	0.304	0.301	0.331	0.330	0.285	0.295	2.130	0.484	0.238	0.204	-8784.056
604	8	500	496	0.5072	0.304	0.240	0.340	0.305	0.281	0.295	0.291	0.305	0.288	0.334	0.292	0.284	0.392	0.283	1.802	0.331	0.188	0.203	-9111.867
605	8	500	490	0.5082	0.314	0.308	0.296	0.322	0.336	0.245	0.304	0.275	0.234	0.303	0.360	0.387	0.278	0.242	1.858	0.319	0.124	0.209	-8858.222
606	8	500	495	0.5030	0.256	0.309	0.238	0.380	0.298	0.239	0.275	0.284	0.300	0.303	0.343	0.321	0.277	0.362	2.052	0.097	0.054	0.185	-8934.895
607	8	500	492	0.5232	0.300	0.261	0.296	0.294	0.310	0.289	0.320	0.338	0.368	0.256	0.289	0.290	0.288	0.297	1.896	0.321	0.155	0.186	-8905.050
608	8	500	496	0.5143	0.332	0.343	0.301	0.225	0.308	0.264	0.296	0.304	0.227	0.251	0.342	0.375	0.357	0.277	2.175	0.484	0.251	0.229	-8941.994
609	8	500	491	0.5158	0.278	0.319	0.264	0.286	0.226	0.284	0.296	0.306	0.300	0.278	0.297	0.293	0.367	0.286	1.918	0.366	0.169	0.193	-8809.421
610	8	500	492	0.5010	0.299	0.268	0.288	0.226	0.319	0.332	0.306	0.271	0.270	0.307	0.246	0.269	0.270	0.286	2.011	0.438	0.219	0.205	-8728.833
611	8	500	493	0.5063	0.380	0.250	0.333	0.334	0.353	0.296	0.288	0.329	0.354	0.360	0.251	0.303	0.240	0.337	2.014	0.217	0.139	0.179	-9103.257
612	8	500	496	0.5168	0.293	0.337	0.271	0.272	0.279	0.310	0.265	0.328	0.348	0.325	0.308	0.259	0.292	0.288	2.043	0.444	0.213	0.211	-8931.517
613	8	500	496	0.5066	0.322	0.347	0.269	0.358	0.317	0.321	0.371	0.280	0.407	0.388	0.266	0.369	0.335	0.311	1.943	0.414	0.263	0.186	-9368.087
614	8	500	493	0.5191	0.292	0.298	0.231	0.318	0.337	0.302	0.357	0.275	0.370	0.261	0.325	0.310	0.323	0.282	2.081	0.378	0.241	0.179	-9004.975
615	8	500	498	0.5203	0.288	0.269	0.285	0.296	0.344	0.316	0.305	0.341	0.356	0.359	0.322	0.271	0.258	0.299	2.093	0.486	0.254	0.234	-9126.833
616	8	500	495	0.5153	0.312	0.358	0.293	0.322	0.232	0.314	0.246	0.236	0.347	0.351	0.260	0.307	0.324	0.278	1.948	0.529	0.311	0.220	-9023.282
617	8	500	493	0.4971	0.343	0.280	0.329	0.301	0.335	0.295	0.260	0.348	0.249	0.290	0.354	0.283	0.332	0.275	1.969	0.405	0.175	0.207	-8962.342
618	8	500	492	0.5116	0.322	0.294	0.270	0.326	0.300	0.318	0.291	0.254	0.300	0.296	0.307	0.319	0.254	0.313	1.912	0.303	0.195	0.198	-8987.718
619	8	500	494	0.5019	0.271	0.322	0.297	0.332	0.324	0.282	0.297	0.284	0.345	0.314	0.339	0.310	0.346	0.260	2.119	0.401	0.183	0.200	-8937.850
620	8	500	496	0.5104	0.387	0.266	0.255	0.289	0.322	0.266	0.362	0.331	0.247	0.291	0.331	0.318	0.305	0.304	1.927	0.504	0.208	0.210	-8913.424
621	8	500	495	0.5188	0.341	0.302	0.310	0.322	0.291	0.299	0.259	0.346	0.300	0.265	0.276	0.326	0.350	0.294	1.877	0.370	0.205	0.208	-9024.758
622	8	500	498	0.5224	0.304	0.334	0.309	0.272	0.348	0.310	0.322	0.300	0.331	0.329	0.340	0.295	0.282	0.297	2.046	0.297	0.201	0.175	-9169.725
623	8	500	497	0.5182	0.308	0.276	0.271	0.294	0.251	0.307	0.336	0.323	0.319	0.301	0.368	0.335	0.279	0.308	1.969	0.595	0.269	0.197	-8936.392
624	8	500	488	0.5128	0.305	0.343	0.309	0.326	0.294	0.379	0.318	0.339	0.324	0.278	0.329	0.273	0.312	0.325	2.071	0.448	0.242	0.203	-9158.516
625	8	500	490	0.5228	0.248	0.315	0.265	0.240	0.250	0.292	0.290	0.318	0.266	0.277	0.271	0.346	0.267	0.314	1.970	0.358	0.185	0.193	-8732.887
626	8	500	499	0.5305	0.327	0.278	0.305	0.340	0.361	0.338	0.313	0.266	0.315	0.376	0.294	0.314	0.342	0.294	1.881	0.493	0.259	0.186	-9203.041
627	8	500	491	0.5327	0.301	0.268	0.328	0.279	0.333	0.255	0.285	0.282	0.309	0.317	0.341	0.314	0.309	0.283	2.105	0.471	0.258	0.191	-8940.440
628	8	500	499	0.5159	0.344	0.326	0.312	0.311	0.323	0.321	0.251	0.290	0.252	0.337	0.339	0.291	0.268	0.357	1.979	0.325	0.202	0.197	-9122.010
629	8	500	495	0.5104	0.318	0.306	0.301	0.286	0.287	0.266	0.305	0.321	0.301	0.249	0.315	0.344	0.308	0.303	2.112	0.198	0.129	0.189	-9008.800
630	8	500	494	0.5302	0.311	0.319	0.252	0.272	0.281	0.341	0.277	0.347	0.281	0.251	0.334	0.368	0.227	0.285	1.962	0.401	0.203	0.206	-8844.202
631	8	500	495	0.5228	0.353	0.243	0.283	0.285	0.399	0.300	0.234	0.290	0.397	0.280	0.293	0.294	0.323	0.308	1.880	0.323	0.197	0.187	-9013.900
632	8	500	494	0.5158	0.260	0.279	0.230	0.343	0.345	0.295	0.359	0.254	0.346	0.331	0.305	0.305	0.312	0.354	1.814	0.386	0.207	0.183	-9125.318
633	8	500	494	0.5093	0.308	0.265	0.301	0.300	0.248	0.228	0.289	0.403	0.335	0.258	0.301	0.261	0.301	0.261	1.924	0.191	0.092	0.197	-8772.016
634	8	500	494	0.5242	0.244	0.231	0.345	0.341	0.370	0.312	0.324	0.303	0.254	0.374	0.298	0.299	0.351	0.303	2.033	0.374	0.238	0.196	-9191.827
635	8	500	496	0.5083	0.332	0.260	0.337	0.334	0.363	0.301	0.281	0.328	0.296	0.299	0.314	0.294	0.297	0.270	2.166	0.410	0.193	0.216	-9014.328
636	8	500	497	0.5110	0.319	0.230	0.291	0.323	0.331	0.304	0.416	0.341	0.290	0.277	0.266	0.241	0.298	0.248	2.041	0.518	0.159	0.229	-8840.577
637	8	500	492	0.5108	0.301	0.291	0.345	0.318	0.293	0.284	0.213	0.287	0.276	0.263	0.380	0.329	0.269	0.324	1.874	0.396	0.187	0.204	-8944.955
638	8	500	489	0.5020	0.268	0.279	0.267	0.344	0.267	0.325	0.264	0.271	0.373	0.332	0.238	0.299	0.298	0.334	2.009	0.276	0.176	0.180	-8897.695
639	8	500	493	0.5095	0.268	0.237	0.285	0.298	0.327	0.304	0.332	0.277	0.333	0.321	0.323	0.286	0.279	0.287	1.822	0.444	0.207	0.194	-8902.021
640	8	500	492	0.4895	0.316	0.400	0.243	0.347	0.239	0.316	0.316	0.233	0.254	0.304	0.289	0.328	0.270	0.313	2.126	0.232	0.110	0.183	-8812.119
641	8	500	491	0.5016	0.336	0.338	0.331	0.306	0.254	0.310	0.262	0.287	0.240	0.322	0.301	0.281	0.264	0.300	2.045	0.340	0.183	0.198	-8900.695
642	8	500	492	0.5119	0.310	0.292	0.275	0.290	0.285	0.292	0.272	0.263	0.363	0.263	0.267	0.291	0.349	0.256	1.992	0.293	0.167	0.174	-8775.270
643	8	500	494	0.5148	0.326	0.275	0.262	0.292	0.338	0.327	0.293	0.298	0.276	0.294	0.288	0.325	0.333	0.267	1.992	0.470	0.241	0.219	-8987.275
644	8	500	492	0.5330	0.353	0.232	0.275	0.301	0.334	0.268	0.332	0.285	0.365	0.338	0.257	0.228	0.304	0.305	1.807	0.447	0.209	0.206	-8942.592
645	8	500	493	0.5172	0.258	0.258	0.302	0.278	0.258	0.316	0.353	0.231	0.259	0.284	0.285	0.385	0.269	0.263	1.829	0.443	0.252	0.197	-8881.580
646	8	500	493	0.5232	0.265	0.271	0.350	0.284	0.245	0.302	0.345	0.262	0.308	0.283	0.275	0.301	0.293	0.245	1.825	0.525	0.227	0.234	-8916.659
647	8	500	493	0.5220	0.290	0.373	0.216	0.271	0.300	0.263	0.298	0.338	0.272	0.277	0.297	0.296	0.272	0.287	1.958	0.302	0.146	0.195	-8779.956
648	8	500	493	0.5080	0.256	0.289	0.280	0.264	0.352	0.269	0.311	0.298	0.310	0.319	0.263	0.321	0.276	0.310	2.053	0.241	0.130	0.198	-8886.475
649	8	500	499	0.5192	0.331	0.261	0.278	0.309	0.339	0.274	0.353	0.326	0.356	0.277	0.335	0.260	0.286	0.298	2.253	0.343	0.156	0.191	-8916.290
650	8	500	497	0.5171	0.251	0.318	0.267	0.313	0.273	0.332	0.277	0.294	0.276	0.334	0.277	0.299	0.324	0.260	1.958	0.469	0.231	0.193	-8847.313
651	8	500	492	0.5059	0.292	0.320	0.250	0.296	0.328	0.262	0.286	0.365	0.285	0.245	0.317	0.272	0.314	0.300	2.059	0.133	0.047	0.232	-8833.811
652	8	500	496	0.5299	0.283	0.298	0.242	0.356	0.235	0.311	0.269	0.279	0.279	0.373	0.303	0.337	0.288	0.333	2.024	0.319	0.143	0.203	-8946.536
653	8	500	496	0.5035	0.308	0.324	0.258	0.317	0.276	0.314	0.333	0.298	0.341	0.342	0.253	0.294	0.269	0.332	1.785	0.403	0.174	0.229	-9119.997
654	8	500	492	0.5009	0.280	0.334	0.224	0.292	0.360	0.311	0.368	0.265	0.272	0.259	0.352	0.308	0.324	0.274	1.970	0.350	0.230	0.164	-8949.731
655	8	500	497	0.5220	0.295	0.248	0.277	0.288	0.398	0.232	0.351	0.317	0.242	0.363	0.278	0.315	0.328	0.314	1.892	0.472	0.244	0.194	-8990.980
656	8	500	495	0.4912	0.258	0.333	0.343	0.318	0.273	0.306	0.365	0.258	0.409	0.315	0.281	0.279	0.325	0.330	1.958	0.426	0.200	0.208	-9152.026
657	8	500	492	0.5178	0.339	0.225	0.236	0.291	0.315	0.275	0.307	0.279	0.277	0.297	0.286	0.369	0.230	0.293	1.967	0.417	0.186	0.195	-8697.926
658	8	500	490	0.5177	0.253	0.299	0.237	0.284	0.345	0.297	0.315	0.310	0.295	0.307	0.304	0.316	0.310	0.239	1.836	0.501	0.207	0.217	-8817.701
659	8	500	492	0.5127	0.275	0.288	0.286	0.288	0.238	0.238	0.339	0.255	0.300	0.294	0.304	0.281	0.356	0.333	2.018	0.487	0.206	0.233	-8886.097
660	8	500	493	0.5181	0.270	0.289	0.310	0.291	0.247	0.317	0.291	0.332	0.326	0.299	0.291	0.327	0.270	0.250	1.987	0.474	0.198	0.201	-8824.925
661	8	500	495	0.5127	0.361	0.319	0.241	0.312	0.336	0.282	0.270	0.342	0.376	0.287	0.350	0.346	0.359	0.254	2.093	0.362	0.200	0.199	-9062.430
662	8	500	496	0.5144	0.299	0.313	0.319	0.242	0.349	0.304	0.277	0.323	0.313	0.307	0.323	0.280	0.305	0.276	1.961	0.434	0.180	0.201	-8897.197
663	8	500	495	0.5200	0.369	0.462	0.369	0.296	0.260	0.301	0.345	0.309	0.296	0.257	0.333	0.384	0.284	0.341	1.879	0.383	0.200	0.182	-9241.104
664	8	500	491	0.5099	0.281	0.260	0.288	0.327	0.301	0.237	0.312	0.254	0.262	0.275	0.289	0.259	0.295	0.331	2.028	0.314	0.121	0.223	-8760.748
665	8	500	495	0.5058	0.262	0.278	0.258	0.280	0.360	0.286	0.294	0.251	0.265	0.302	0.253	0.313	0.296	0.303	2.073	0.459	0.207	0.196	-8734.249
666	8	500	496	0.5209	0.317	0.282	0.258	0.338	0.362	0.299	0.326	0.264	0.281	0.299	0.312	0.311	0.297	0.270	1.992	0.356	0.181	0.214	-9028.463
667	8	500	495	0.5105	0.332	0.232	0.254	0.301	0.346	0.267	0.313	0.347	0.329	0.284	0.312	0.265	0.282	0.311	2.019	0.309	0.151	0.187	-8854.802
668	8	500	487	0.5168	0.249	0.272	0.252	0.274	0.278	0.327	0.286	0.286	0.222	0.253	0.309	0.374	0.295	0.296	1.906	0.315	0.160	0.156	-8643.622
669	8	500	495	0.5195	0.275	0.259	0.262	0.279	0.290	0.288	0.337	0.251	0.243	0.323	0.248	0.319	0.236	0.294	2.147	0.506	0.159	0.251	-8674.074
670	8	500	494	0.5142	0.294	0.220	0.294	0.299	0.346	0.316	0.299	0.264	0.238	0.247	0.286	0.303	0.260	0.262	2.144	0.534	0.331	0.220	-8736.427
671	8	500	495	0.5165	0.276	0.286	0.267	0.318	0.269	0.311	0.295	0.304	0.366	0.349	0.283	0.276	0.301	0.302	1.950	0.494	0.257	0.197	-8986.055
672	8	500	498	0.5177	0.306	0.351	0.273	0.289	0.260	0.322	0.267	0.317	0.293	0.324	0.281	0.350	0.291	0.311	2.061	0.576	0.249	0.222	-8942.603
673	8	500	491	0.5161	0.309	0.326	0.311	0.276	0.310	0.283	0.314	0.363	0.296	0.288	0.304	0.313	0.239	0.331	1.997	0.401	0.201	0.180	-8933.911
674	8	500	491	0.5211	0.264	0.295	0.363	0.235	0.319	0.258	0.260	0.344	0.350	0.303	0.323	0.364	0.301	0.242	1.985	0.454	0.229	0.199	-8918.437
675	8	500	494	0.4906	0.325	0.276	0.342	0.305	0.302	0.256	0.283	0.281	0.292	0.319	0.325	0.338	0.286	0.275	1.903	0.413	0.239	0.224	-9038.071
676	8	500	498	0.5104	0.303	0.246	0.280	0.316	0.334	0.303	0.256	0.302	0.280	0.265	0.327	0.289	0.298	0.256	1.925	0.508	0.204	0.202	-8718.246
677	8	500	494	0.5105	0.270	0.280	0.249	0.299	0.305	0.283	0.365	0.322	0.313	0.259	0.334	0.334	0.313	0.320	2.086	0.266	0.197	0.162	-8976.246
678	8	500	494	0.5246	0.311	0.236	0.295	0.233	0.348	0.291	0.324	0.269	0.350	0.305	0.320	0.304	0.298	0.272	1.998	0.565	0.253	0.213	-8930.345
679	8	500	491	0.5154	0.344	0.342	0.332	0.323	0.339	0.303	0.324	0.320	0.321	0.309	0.338	0.280	0.284	0.306	2.011	0.416	0.294	0.181	-9206.294
680	8	500	490	0.5011	0.293	0.252	0.286	0.325	0.345	0.287	0.243	0.325	0.344	0.302	0.301	0.202	0.275	0.279	2.074	0.365	0.176	0.217	-8830.423
681	8	500	494	0.5071	0.285	0.343	0.260	0.323	0.344	0.264	0.245	0.328	0.278	0.272	0.278	0.297	0.280	0.304	2.046	0.292	0.154	0.183	-8803.742
682	8	500	491	0.5016	0.325	0.366	0.252	0.291	0.236	0.296	0.265	0.332	0.292	0.309	0.265	0.306	0.375	0.288	2.055	0.276	0.149	0.212	-8932.063
683	8	500	487	0.5205	0.265	0.259	0.330	0.289	0.345	0.264	0.331	0.284	0.288	0.345	0.334	0.286	0.353	0.283	2.015	0.430	0.249	0.186	-9004.826
684	8	500	489	0.5126	0.299	0.326	0.265	0.321	0.285	0.286	0.320	0.289	0.351	0.356	0.257	0.233	0.358	0.326	2.110	0.389	0.283	0.172	-9008.899
685	8	500	497	0.5212	0.000	0.275	0.249	0.280	0.288	0.285	0.296	0.686	0.278	0.321	0.288	0.323	0.310	0.336	1.882	0.229	0.109	0.206	-8993.976
686	8	500	495	0.4988	0.320	0.401	0.301	0.274	0.302	0.328	0.287	0.274	0.253	0.251	0.314	0.253	0.306	0.365	2.160	0.505	0.222	0.215	-8956.867
687	8	500	495	0.5143	0.293	0.244	0.310	0.241	0.266	0.320	0.228	0.247	0.293	0.286	0.269	0.349	0.255	0.314	1.982	0.267	0.127	0.202	-8730.008
688	8	500	490	0.5084	0.308	0.284	0.267	0.305	0.370	0.326	0.278	0.310	0.313	0.381	0.231	0.306	0.298	0.313	2.190	0.468	0.229	0.189	-8922.471
689	8	500	490	0.5078	0.273	0.310	0.323	0.342	0.290	0.257	0.311	0.301	0.332	0.290	0.301	0.246	0.321	0.283	1.929	0.504	0.260	0.195	-8907.464
690	8	500	497	0.5109	0.348	0.333	0.290	0.274	0.303	0.262	0.295	0.357	0.270	0.350	0.255	0.323	0.289	0.329	2.022	0.455	0.251	0.208	-8993.209
691	8	500	491	0.5237	0.310	0.302	0.257	0.255	0.318	0.328	0.243	0.325	0.279	0.328	0.315	0.400	0.279	0.297	1.896	0.572	0.293	0.180	-8921.989
692	8	500	495	0.5080	0.259	0.333	0.235	0.324	0.278	0.360	0.237	0.231	0.257	0.343	0.321	0.306	0.231	0.304	2.005	0.440	0.225	0.204	-8790.529
693	8	500	494	0.5072	0.000	0.298	0.251	0.274	0.274	0.316	0.221	0.588	0.278	0.277	0.264	0.289	0.237	0.291	1.981	0.000	0.000	0.215	-8618.285
694	8	500	487	0.5145	0.206	0.337	0.218	0.279	0.270	0.269	0.242	0.296	0.317	0.292	0.273	0.256	0.267	0.324	1.895	0.471	0.232	0.197	-8629.055
695	8	500	493	0.5200	0.265	0.357	0.262	0.306	0.341	0.281	0.246	0.275	0.275	0.288	0.258	0.317	0.301	0.271	1.918	0.467	0.291	0.177	-8810.302
696	8	500	499	0.5190	0.285	0.298	0.279	0.333	0.271	0.285	0.340	0.260	0.377	0.293	0.329	0.304	0.320	0.234	1.884	0.241	0.118	0.224	-9086.620
697	8	500	496	0.5107	0.304	0.317	0.234	0.280	0.287	0.336	0.327	0.284	0.289	0.328	0.278	0.304	0.281	0.347	2.127	0.394	0.197	0.176	-8858.375
698	8	500	495	0.5103	0.312	0.294	0.293	0.276	0.313	0.274	0.332	0.318	0.285	0.250	0.336	0.296	0.299	0.321	1.930	0.375	0.198	0.211	-8954.467
699	8	500	494	0.5103	0.287	0.363	0.310	0.242	0.246	0.309	0.248	0.375	0.280	0.285	0.292	0.290	0.263	0.305	2.115	0.300	0.161	0.188	-8764.943
700	8	500	495	0.5227	0.294	0.306	0.286	0.319	0.275	0.237	0.365	0.258	0.348	0.309	0.315	0.286	0.280	0.245	2.143	0.549	0.256	0.196	-8798.086
701	8	500	494	0.5083	0.228	0.263	0.310	0.301	0.354	0.236	0.322	0.290	0.310	0.280	0.296	0.332	0.290	0.285	1.856	0.406	0.177	0.220	-8835.494
702	8	500	498	0.5023	0.300	0.305	0.265	0.246	0.256	0.276	0.308	0.368	0.273	0.326	0.277	0.288	0.292	0.288	2.030	0.215	0.112	0.201	-8797.203
703	8	500	489	0.5052	0.342	0.285	0.235	0.275	0.239	0.266	0.312	0.286	0.264	0.259	0.330	0.323	0.265	0.313	1.878	0.440	0.209	0.193	-8719.340
704	8	500	491	0.5117	0.316	0.278	0.255	0.296	0.248	0.287	0.324	0.343	0.261	0.276	0.265	0.366	0.353	0.306	2.052	0.350	0.155	0.205	-8886.774
705	8	500	494	0.5182	0.255	0.307	0.263	0.288	0.315	0.311	0.286	0.246	0.287	0.269	0.255	0.261	0.301	0.306	1.870	0.381	0.136	0.204	-8672.775
706	8	500	493	0.5168	0.308	0.289	0.295	0.235	0.309	0.276	0.286	0.370	0.308	0.274	0.273	0.278	0.291	0.338	1.981	0.268	0.115	0.201	-8792.256
707	8	500	487	0.5172	0.271	0.265	0.291	0.288	0.326	0.322	0.266	0.288	0.259	0.295	0.257	0.236	0.304	0.300	1.960	0.232	0.134	0.187	-8773.363
708	8	500	493	0.5170	0.307	0.290	0.306	0.304	0.229	0.392	0.278	0.261	0.298	0.339	0.265	0.290	0.291	0.320	2.244	0.412	0.218	0.168	-8818.738
709	8	500	496	0.5056	0.326	0.378	0.286	0.331	0.350	0.315	0.264	0.233	0.302	0.353	0.296	0.293	0.327	0.283	1.970	0.392	0.227	0.202	-9135.144
710	8	500	494	0.5368	0.333	0.262	0.302	0.292	0.303	0.284	0.309	0.273	0.306	0.361	0.329	0.327	0.310	0.305	1.974	0.453	0.241	0.187	-9054.600
711	8	500	488	0.5152	0.213	0.254	0.290	0.304	0.286	0.264	0.292	0.264	0.289	0.323	0.305	0.213	0.284	0.264	2.148	0.314	0.128	0.194	-8539.150
712	8	500	498	0.4906	0.305	0.271	0.285	0.367	0.256	0.290	0.255	0.250	0.325	0.309	0.351	0.254	0.306	0.318	1.986	0.304	0.163	0.229	-9008.738
713	8	500	490	0.4968	0.263	0.334	0.300	0.330	0.287	0.294	0.304	0.219	0.355	0.336	0.251	0.267	0.318	0.294	2.056	0.343	0.180	0.198	-8947.798
714	8	500	493	0.5067	0.245	0.280	0.236	0.283	0.315	0.322	0.309	0.291	0.259	0.261	0.322	0.292	0.264	0.323	2.142	0.313	0.120	0.223	-8750.586
715	8	500	489	0.5157	0.265	0.300	0.286	0.231	0.332	0.283	0.332	0.270	0.310	0.299	0.262	0.327	0.281	0.305	1.918	0.387	0.213	0.182	-8795.743
716	8	500	495	0.5041	0.321	0.245	0.337	0.299	0.372	0.284	0.325	0.313	0.303	0.316	0.276	0.269	0.227	0.342	1.949	0.369	0.225	0.205	-9006.923
717	8	500	493	0.5040	0.351	0.337	0.263	0.323	0.285	0.295	0.270	0.288	0.278	0.245	0.317	0.251	0.345	0.276	2.036	0.515	0.310	0.206	-8854.655
718	8	500	496	0.4977	0.279	0.337	0.281	0.297	0.290	0.273	0.303	0.241	0.243	0.279	0.370	0.424	0.354	0.292	2.047	0.108	0.051	0.166	-8933.469
719	8	500	497	0.4988	0.275	0.271	0.261	0.306	0.278	0.333	0.248	0.320	0.329	0.295	0.295	0.355	0.304	0.281	2.090	0.409	0.176	0.194	-8790.735
720	8	500	489	0.5190	0.272	0.314	0.273	0.257	0.317	0.230	0.341	0.283	0.251	0.305	0.356	0.284	0.316	0.270	2.011	0.333	0.196	0.189	-8801.669
721	8	500	496	0.5267	0.304	0.281	0.240	0.338	0.352	0.284	0.372	0.348	0.403	0.298	0.306	0.241	0.305	0.264	1.939	0.341	0.205	0.185	-9058.868
722	8	500	492	0.5266	0.303	0.294	0.259	0.265	0.344	0.328	0.298	0.275	0.257	0.313	0.301	0.288	0.277	0.374	1.893	0.493	0.245	0.210	-9001.997
723	8	500	494	0.5188	0.272	0.343	0.245	0.322	0.250	0.261	0.250	0.207	0.303	0.327	0.257	0.335	0.337	0.281	2.059	0.218	0.139	0.172	-8736.180
724	8	500	495	0.5249	0.334	0.299	0.287	0.309	0.246	0.308	0.257	0.373	0.302	0.283	0.276	0.285	0.359	0.284	2.114	0.346	0.177	0.217	-8929.707
725	8	500	487	0.4973	0.333	0.275	0.322	0.265	0.289	0.306	0.295	0.318	0.247	0.297	0.272	0.276	0.285	0.251	1.970	0.468	0.279	0.180	-8711.999
726	8	500	490	0.5179	0.327	0.382	0.248	0.282	0.295	0.372	0.303	0.356	0.339	0.272	0.267	0.310	0.291	0.310	2.111	0.434	0.208	0.230	-9086.302
727	8	500	496	0.4956	0.250	0.285	0.300	0.259	0.329	0.301	0.285	0.299	0.303	0.286	0.351	0.295	0.297	0.291	1.901	0.453	0.186	0.244	-8969.117
728	8	500	490	0.5199	0.232	0.288	0.234	0.278	0.323	0.293	0.340	0.278	0.334	0.338	0.312	0.292	0.322	0.303	1.985	0.403	0.260	0.198	-9030.882
729	8	500	494	0.5047	0.342	0.283	0.291	0.342	0.309	0.336	0.315	0.276	0.361	0.292	0.304	0.269	0.284	0.349	2.254	0.427	0.180	0.223	-9023.976
730	8	500	498	0.5108	0.299	0.295	0.280	0.307	0.362	0.296	0.290	0.325	0.250	0.254	0.364	0.368	0.289	0.301	2.096	0.386	0.196	0.199	-9015.361
731	8	500	494	0.5219	0.272	0.314	0.303	0.359	0.340	0.293	0.280	0.278	0.334	0.301	0.315	0.293	0.308	0.283	2.003	0.339	0.246	0.161	-9109.331
732	8	500	495	0.5205	0.290	0.334	0.290	0.266	0.287	0.360	0.315	0.306	0.261	0.311	0.326	0.357	0.304	0.269	1.903	0.314	0.153	0.200	-9031.961
733	8	500	483	0.5194	0.265	0.320	0.241	0.280	0.284	0.346	0.265	0.258	0.330	0.288	0.276	0.250	0.294	0.294	1.894	0.314	0.192	0.188	-8801.503
734	8	500	492	0.4943	0.319	0.301	0.293	0.316	0.347	0.197	0.305	0.294	0.346	0.296	0.300	0.261	0.372	0.296	2.084	0.345	0.157	0.214	-8917.402
735	8	500	489	0.5072	0.321	0.333	0.241	0.289	0.246	0.299	0.244	0.295	0.248	0.290	0.274	0.325	0.283	0.319	1.874	0.391	0.201	0.204	-8774.208
736	8	500	497	0.5170	0.294	0.247	0.288	0.342	0.369	0.282	0.288	0.326	0.285	0.296	0.293	0.265	0.273	0.272	1.974	0.446	0.207	0.198	-8817.600
737	8	500	490	0.5011	0.346	0.262	0.257	0.329	0.327	0.306	0.284	0.278	0.310	0.363	0.344	0.278	0.276	0.253	1.853	0.167	0.077	0.185	-8914.854
738	8	500	495	0.5114	0.325	0.271	0.302	0.281	0.294	0.351	0.254	0.377	0.255	0.317	0.332	0.404	0.362	0.289	2.214	0.494	0.259	0.178	-8993.613
739	8	500	487	0.5226	0.344	0.363	0.243	0.311	0.319	0.361	0.295	0.247	0.316	0.278	0.345	0.290	0.261	0.312	1.966	0.113	0.062	0.166	-8931.622
740	8	500	495	0.5150	0.272	0.261	0.324	0.234	0.305	0.323	0.272	0.281	0.235	0.290	0.345	0.319	0.327	0.248	2.096	0.310	0.132	0.196	-8728.014
741	8	500	490	0.5069	0.259	0.281	0.319	0.281	0.297	0.316	0.298	0.325	0.290	0.258	0.266	0.257	0.309	0.329	2.224	0.362	0.183	0.169	-8710.053
742	8	500	498	0.5204	0.332	0.337	0.289	0.330	0.345	0.270	0.324	0.389	0.287	0.274	0.303	0.335	0.283	0.313	1.857	0.267	0.141	0.197	-9145.081
743	8	500	494	0.5120	0.324	0.296	0.267	0.338	0.245	0.265	0.369	0.283	0.325	0.251	0.325	0.307	0.321	0.301	1.870	0.324	0.186	0.169	-8981.658
744	8	500	493	0.5014	0.222	0.273	0.280	0.310	0.311	0.357	0.316	0.241	0.271	0.280	0.298	0.321	0.250	0.378	1.991	0.363	0.196	0.200	-8920.885
745	8	500	497	0.5158	0.273	0.297	0.253	0.278	0.342	0.299	0.320	0.332	0.251	0.325	0.289	0.358	0.247	0.355	2.082	0.189	0.101	0.195	-8952.140
746	8	500	488	0.4958	0.286	0.230	0.237	0.296	0.293	0.264	0.329	0.307	0.212	0.328	0.272	0.316	0.289	0.294	2.110	0.312	0.135	0.193	-8626.336
747	8	500	492	0.5166	0.331	0.328	0.318	0.316	0.277	0.260	0.271	0.288	0.272	0.267	0.340	0.241	0.279	0.310	2.102	0.346	0.174	0.196	-8832.464
748	8	500	494	0.5118	0.307	0.272	0.309	0.287	0.309	0.323	0.276	0.266	0.329	0.304	0.255	0.287	0.323	0.275	1.860	0.417	0.197	0.199	-8845.592
749	8	500	489	0.5052	0.324	0.369	0.314	0.286	0.295	0.314	0.247	0.321	0.258	0.283	0.280	0.250	0.302	0.274	2.009	0.397	0.216	0.162	-8737.188
750	8	500	496	0.5062	0.312	0.255	0.277	0.308	0.311	0.310	0.320	0.322	0.267	0.336	0.263	0.252	0.272	0.306	2.060	0.494	0.207	0.196	-8833.185
751	8	500	497	0.5197	0.289	0.356	0.331	0.258	0.310	0.382	0.258	0.286	0.362	0.220	0.354	0.362	0.327	0.306	2.069	0.366	0.170	0.199	-9117.722
752	8	500	491	0.4988	0.298	0.275	0.268	0.309	0.292	0.318	0.278	0.290	0.303	0.283	0.263	0.316	0.307	0.279	2.157	0.438	0.189	0.202	-8705.335
753	8	500	498	0.5047	0.327	0.286	0.286	0.341	0.259	0.370	0.308	0.345	0.386	0.252	0.315	0.279	0.337	0.315	2.130	0.342	0.197	0.202	-9140.759
754	8	500	495	0.5276	0.325	0.324	0.314	0.285	0.286	0.275	0.292	0.300	0.306	0.283	0.277	0.359	0.294	0.322	2.083	0.234	0.107	0.203	-8955.989
755	8	500	497	0.5129	0.300	0.296	0.274	0.268	0.303	0.271	0.323	0.356	0.275	0.281	0.333	0.350	0.342	0.277	2.322	0.364	0.216	0.204	-8939.388
756	8	500	489	0.5031	0.297	0.251	0.287	0.273	0.328	0.320	0.264	0.317	0.314	0.270	0.302	0.269	0.277	0.295	1.849	0.561	0.279	0.203	-8787.457
757	8	500	494	0.4921	0.329	0.292	0.276	0.272	0.282	0.271	0.288	0.298	0.271	0.269	0.333	0.225	0.345	0.348	1.913	0.330	0.154	0.174	-8832.049
758	8	500	499	0.5071	0.297	0.279	0.237	0.269	0.351	0.289	0.284	0.273	0.284	0.303	0.318	0.283	0.289	0.329	1.974	0.271	0.126	0.207	-8852.654
759	8	500	493	0.5192	0.265	0.270	0.312	0.300	0.309	0.259	0.244	0.292	0.311	0.329	0.326	0.229	0.249	0.314	1.891	0.487	0.223	0.194	-8754.735
760	8	500	486	0.5319	0.321	0.289	0.272	0.279	0.311	0.252	0.286	0.243	0.258	0.330	0.322	0.335	0.338	0.241	2.068	0.495	0.252	0.180	-8675.875
761	8	500	493	0.5148	0.322	0.281	0.318	0.296	0.325	0.335	0.278	0.357	0.290	0.338	0.283	0.320	0.305	0.281	1.948	0.496	0.297	0.225	-9096.365
762	8	500	493	0.5201	0.342	0.225	0.333	0.273	0.351	0.274	0.290	0.289	0.288	0.264	0.381	0.261	0.300	0.243	2.013	0.503	0.214	0.168	-8653.261
763	8	500	495	0.5233	0.326	0.338	0.310	0.292	0.252	0.281	0.267	0.353	0.262	0.305	0.281	0.292	0.304	0.232	1.961	0.507	0.226	0.208	-8818.544
764	8	500	495	0.5045	0.326	0.328	0.301	0.270	0.302	0.273	0.246	0.325	0.275	0.289	0.284	0.299	0.363	0.279	2.132	0.352	0.222	0.197	-8881.266
765	8	500	496	0.5180	0.265	0.309	0.268	0.298	0.322	0.291	0.252	0.303	0.241	0.369	0.288	0.329	0.310	0.248	2.079	0.375	0.213	0.180	-8810.629
766	8	500	495	0.5072	0.294	0.275	0.244	0.315	0.284	0.337	0.312	0.307	0.302	0.288	0.283	0.268	0.327	0.308	1.846	0.165	0.082	0.200	-8955.887
767	8	500	496	0.5291	0.303	0.251	0.304	0.354	0.295	0.283	0.288	0.308	0.336	0.310	0.262	0.283	0.331	0.283	1.919	0.308	0.151	0.190	-8972.481
768	8	500	492	0.5159	0.312	0.260	0.259	0.362	0.254	0.204	0.286	0.302	0.324	0.261	0.334	0.304	0.270	0.283	1.963	0.329	0.146	0.190	-8695.908
769	8	500	497	0.5053	0.270	0.255	0.280	0.343	0.277	0.238	0.323	0.336	0.282	0.257	0.360	0.262	0.306	0.337	1.859	0.338	0.143	0.191	-8860.514
770	8	500	492	0.5195	0.333	0.316	0.266	0.314	0.320	0.305	0.268	0.281	0.322	0.315	0.253	0.277	0.332	0.277	2.013	0.186	0.079	0.203	-8886.120
771	8	500	496	0.5276	0.352	0.331	0.279	0.253	0.300	0.337	0.248	0.319	0.309	0.324	0.302	0.291	0.307	0.322	2.067	0.405	0.194	0.196	-8945.973
772	8	500	494	0.5010	0.293	0.322	0.266	0.331	0.347	0.244	0.416	0.260	0.238	0.345	0.252	0.320	0.348	0.307	1.710	0.184	0.107	0.183	-9089.948
773	8	500	493	0.5271	0.297	0.301	0.325	0.316	0.296	0.320	0.379	0.275	0.338	0.318	0.310	0.295	0.281	0.296	1.919	0.282	0.162	0.195	-9166.681
774	8	500	497	0.5260	0.273	0.284	0.271	0.296	0.378	0.268	0.310	0.341	0.274	0.362	0.331	0.328	0.312	0.281	2.010	0.310	0.178	0.186	-9024.655
775	8	500	496	0.5197	0.320	0.262	0.313	0.300	0.307	0.299	0.287	0.274	0.256	0.266	0.257	0.314	0.281	0.247	1.817	0.432	0.223	0.208	-8799.806
776	8	500	496	0.5116	0.388	0.284	0.280	0.341	0.378	0.290	0.217	0.380	0.334	0.368	0.309	0.263	0.260	0.279	2.055	0.415	0.244	0.189	-9011.813
777	8	500	492	0.5163	0.277	0.292	0.215	0.328	0.282	0.268	0.291	0.273	0.302	0.229	0.271	0.299	0.225	0.297	2.039	0.449	0.187	0.200	-8532.567
778	8	500	490	0.5012	0.274	0.340	0.273	0.258	0.347	0.310	0.336	0.217	0.367	0.242	0.308	0.284	0.236	0.305	1.895	0.436	0.275	0.185	-8865.947
779	8	500	493	0.5208	0.377	0.310	0.321	0.266	0.325	0.302	0.290	0.344	0.278	0.308	0.300	0.313	0.327	0.299	1.937	0.403	0.219	0.195	-9102.135
780	8	500	496	0.5130	0.400	0.328	0.312	0.297	0.325	0.247	0.319	0.346	0.370	0.341	0.240	0.274	0.254	0.345	2.012	0.467	0.231	0.195	-9011.371
781	8	500	496	0.5064	0.287	0.348	0.276	0.271	0.275	0.241	0.335	0.299	0.296	0.345	0.331	0.280	0.305	0.317	1.880	0.339	0.162	0.188	-8951.634
782	8	500	490	0.5124	0.283	0.279	0.275	0.300	0.297	0.367	0.273	0.325	0.348	0.270	0.322	0.313	0.247	0.306	1.822	0.419	0.201	0.166	-8895.396
783	8	500	497	0.5098	0.330	0.243	0.277	0.320	0.320	0.291	0.320	0.313	0.299	0.353	0.310	0.264	0.306	0.368	1.959	0.272	0.153	0.199	-9062.003
784	8	500	492	0.5057	0.335	0.326	0.237	0.356	0.248	0.316	0.364	0.338	0.315	0.285	0.318	0.299	0.394	0.301	2.011	0.450	0.254	0.210	-9189.190
785	8	500	496	0.5180	0.315	0.314	0.261	0.277	0.264	0.317	0.257	0.316	0.338	0.261	0.282	0.319	0.257	0.349	2.024	0.555	0.311	0.215	-8882.457
786	8	500	491	0.4999	0.352	0.354	0.287	0.255	0.324	0.290	0.317	0.338	0.275	0.340	0.346	0.288	0.329	0.260	2.096	0.409	0.232	0.188	-9002.765
787	8	500	495	0.5050	0.324	0.261	0.244	0.296	0.359	0.327	0.322	0.287	0.262	0.355	0.288	0.379	0.233	0.285	1.932	0.424	0.176	0.207	-8930.393
788	8	500	495	0.5173	0.274	0.377	0.264	0.314	0.286	0.288	0.285	0.342	0.283	0.328	0.334	0.303	0.239	0.303	2.102	0.394	0.214	0.180	-8908.689
789	8	500	496	0.5126	0.323	0.386	0.291	0.292	0.263	0.354	0.292	0.336	0.239	0.273	0.285	0.339	0.368	0.253	2.027	0.294	0.205	0.184	-9074.967
790	8	500	493	0.4958	0.304	0.289	0.254	0.286	0.347	0.316	0.250	0.318	0.283	0.337	0.246	0.307	0.259	0.265	1.948	0.383	0.159	0.215	-8761.810
791	8	500	495	0.5256	0.295	0.276	0.291	0.317	0.282	0.306	0.341	0.275	0.280	0.251	0.330	0.310	0.245	0.382	2.040	0.355	0.158	0.225	-8995.441
792	8	500	493	0.5037	0.247	0.259	0.302	0.300	0.295	0.269	0.352	0.282	0.333	0.263	0.318	0.316	0.312	0.316	1.894	0.462	0.212	0.203	-8960.068
793	8	500	490	0.5193	0.288	0.278	0.314	0.310	0.285	0.301	0.269	0.374	0.337	0.325	0.322	0.253	0.272	0.309	1.863	0.452	0.289	0.164	-8956.591
794	8	500	491	0.5081	0.326	0.332	0.271	0.271	0.366	0.323	0.327	0.272	0.279	0.335	0.345	0.287	0.369	0.335	1.922	0.449	0.208	0.200	-9103.150
795	8	500	497	0.5040	0.317	0.336	0.272	0.313	0.244	0.376	0.410	0.296	0.313	0.314	0.265	0.399	0.294	0.334	1.752	0.281	0.174	0.202	-9343.464
796	8	500	494	0.5094	0.374	0.249	0.353	0.254	0.252	0.304	0.263	0.288	0.192	0.310	0.317	0.369	0.316	0.318	1.924	0.410	0.243	0.208	-8996.303
797	8	500	488	0.5284	0.312	0.259	0.274	0.310	0.343	0.347	0.294	0.296	0.294	0.320	0.256	0.304	0.309	0.287	1.973	0.309	0.167	0.188	-8941.820
798	8	500	497	0.5155	0.326	0.339	0.309	0.291	0.286	0.287	0.307	0.274	0.311	0.300	0.317	0.259	0.319	0.303	2.130	0.313	0.156	0.205	-8965.763
799	8	500	496	0.5208	0.303	0.294	0.262	0.304	0.270	0.287	0.347	0.295	0.289	0.314	0.290	0.296	0.286	0.276	2.036	0.430	0.189	0.202	-8862.727
800	8	500	487	0.5134	0.354	0.350	0.310	0.266	0.288	0.294	0.313	0.310	0.327	0.337	0.322	0.265	0.281	0.329	2.034	0.411	0.292	0.161	-9054.504
801	8	500	495	0.5243	0.288	0.307	0.301	0.279	0.338	0.307	0.225	0.288	0.320	0.299	0.253	0.301	0.305	0.319	2.171	0.473	0.209	0.235	-8906.298
802	8	500	496	0.5027	0.313	0.286	0.305	0.322	0.312	0.284	0.314	0.303	0.304	0.316	0.273	0.320	0.384	0.333	2.012	0.491	0.322	0.211	-9144.897
803	8	500	495	0.5135	0.258	0.370	0.298	0.264	0.245	0.273	0.251	0.285	0.263	0.293	0.263	0.284	0.335	0.266	1.934	0.136	0.061	0.224	-8777.175
804	8	500	493	0.5108	0.266	0.342	0.335	0.276	0.282	0.290	0.385	0.295	0.333	0.293	0.295	0.392	0.318	0.282	2.002	0.440	0.251	0.170	-9049.615
805	8	500	491	0.5316	0.325	0.282	0.256	0.338	0.278	0.285	0.326	0.333	0.234	0.306	0.311	0.412	0.370	0.238	2.015	0.296	0.180	0.192	-9049.974
806	8	500	493	0.5177	0.286	0.314	0.294	0.286	0.301	0.350	0.286	0.262	0.249	0.302	0.267	0.311	0.300	0.303	1.931	0.325	0.169	0.208	-8902.314
807	8	500	494	0.5271	0.267	0.339	0.251	0.375	0.260	0.317	0.281	0.324	0.214	0.361	0.388	0.392	0.323	0.311	1.925	0.396	0.271	0.172	-9184.267
808	8	500	491	0.4922	0.253	0.291	0.320	0.343	0.303	0.302	0.293	0.244	0.335	0.314	0.235	0.334	0.381	0.307	1.902	0.335	0.159	0.187	-8975.223
809	8	500	492	0.5141	0.313	0.363	0.322	0.255	0.316	0.332	0.228	0.342	0.253	0.335	0.292	0.306	0.280	0.274	2.041	0.407	0.237	0.203	-8928.303
810	8	500	492	0.5008	0.297	0.298	0.237	0.367	0.327	0.281	0.349	0.259	0.312	0.348	0.289	0.238	0.289	0.356	1.854	0.267	0.131	0.206	-9034.199
811	8	500	487	0.5309	0.317	0.280	0.311	0.297	0.322	0.301	0.308	0.314	0.265	0.319	0.294	0.294	0.241	0.262	2.013	0.427	0.213	0.183	-8819.184
812	8	500	495	0.5199	0.312	0.256	0.287	0.305	0.289	0.298	0.320	0.312	0.281	0.301	0.311	0.284	0.293	0.355	1.829	0.201	0.110	0.193	-8987.092
813	8	500	499	0.5237	0.365	0.285	0.257	0.318	0.403	0.303	0.325	0.341	0.420	0.358	0.212	0.313	0.283	0.348	2.142	0.363	0.177	0.208	-9160.160
814	8	500	495	0.4866	0.287	0.323	0.348	0.272	0.275	0.238	0.346	0.334	0.300	0.284	0.328	0.301	0.207	0.359	2.029	0.507	0.304	0.200	-8887.980
815	8	500	499	0.5169	0.300	0.290	0.243	0.284	0.295	0.344	0.316	0.339	0.323	0.314	0.227	0.279	0.294	0.264	2.139	0.461	0.299	0.199	-8871.098
816	8	500	487	0.5105	0.281	0.280	0.290	0.259	0.338	0.305	0.279	0.279	0.234	0.253	0.346	0.341	0.338	0.298	1.908	0.512	0.252	0.163	-8758.011
817	8	500	495	0.5168	0.295	0.363	0.274	0.284	0.227	0.322	0.326	0.252	0.394	0.276	0.401	0.315	0.287	0.331	1.967	0.426	0.208	0.200	-9079.080
818	8	500	492	0.5150	0.274	0.301	0.264	0.283	0.357	0.231	0.347	0.292	0.340	0.282	0.282	0.233	0.288	0.211	2.010	0.485	0.273	0.184	-8697.036
819	8	500	489	0.5118	0.271	0.273	0.267	0.305	0.256	0.315	0.277	0.283	0.340	0.287	0.292	0.292	0.297	0.295	2.071	0.419	0.180	0.195	-8693.829
820	8	500	493	0.5197	0.300	0.307	0.323	0.285	0.244	0.309	0.285	0.227	0.233	0.273	0.302	0.329	0.259	0.263	1.923	0.382	0.176	0.205	-8754.610
821	8	500	489	0.5303	0.364	0.300	0.313	0.270	0.346	0.273	0.324	0.353	0.241	0.268	0.289	0.324	0.269	0.326	2.101	0.370	0.237	0.183	-8936.427
822	8	500	491	0.5272	0.348	0.267	0.246	0.290	0.321	0.288	0.310	0.315	0.302	0.301	0.323	0.286	0.282	0.289	2.024	0.379	0.175	0.204	-8885.426
823	8	500	491	0.5247	0.281	0.273	0.315	0.210	0.253	0.275	0.249	0.299	0.347	0.269	0.262	0.348	0.274	0.272	1.921	0.468	0.220	0.200	-8644.103
824	8	500	495	0.5211	0.213	0.267	0.324	0.311	0.332	0.315	0.248	0.225	0.300	0.307	0.271	0.321	0.316	0.294	2.023	0.366	0.184	0.223	-8918.861
825	8	500	489	0.5303	0.286	0.281	0.290	0.277	0.305	0.289	0.307	0.295	0.333	0.267	0.329	0.311	0.276	0.314	1.813	0.300	0.128	0.231	-8968.512
826	8	500	498	0.5010	0.242	0.373	0.255	0.290	0.291	0.326	0.272	0.290	0.262	0.259	0.323	0.315	0.344	0.311	2.142	0.209	0.084	0.240	-8923.443
827	8	500	489	0.5105	0.341	0.258	0.266	0.340	0.279	0.339	0.283	0.301	0.298	0.296	0.276	0.345	0.273	0.333	2.023	0.371	0.199	0.175	-8897.160
828	8	500	492	0.5094	0.277	0.402	0.234	0.328	0.282	0.341	0.241	0.331	0.290	0.327	0.305	0.273	0.305	0.234	1.986	0.225	0.128	0.194	-8940.319
829	8	500	496	0.5089	0.316	0.270	0.307	0.332	0.249	0.314	0.288	0.252	0.338	0.234	0.286	0.313	0.281	0.283	2.019	0.419	0.181	0.205	-8806.357
830	8	500	497	0.5022	0.197	0.321	0.260	0.305	0.281	0.353	0.272	0.291	0.317	0.298	0.332	0.345	0.301	0.264	2.065	0.518	0.232	0.200	-8898.204
831	8	500	494	0.5098	0.299	0.309	0.239	0.276	0.248	0.313	0.313	0.257	0.303	0.297	0.314	0.311	0.363	0.255	2.089	0.365	0.196	0.189	-8787.471
832	8	500	488	0.5138	0.347	0.347	0.300	0.227	0.334	0.298	0.366	0.324	0.314	0.290	0.336	0.282	0.303	0.315	2.025	0.330	0.175	0.177	-8997.022
833	8	500	494	0.5144	0.305	0.378	0.240	0.318	0.236	0.301	0.309	0.267	0.337	0.326	0.280	0.297	0.275	0.327	1.935	0.325	0.188	0.193	-8963.168
834	8	500	494	0.5002	0.320	0.402	0.263	0.299	0.301	0.347	0.257	0.384	0.390	0.303	0.248	0.303	0.352	0.326	2.012	0.392	0.208	0.196	-9103.758
835	8	500	492	0.5122	0.331	0.302	0.260	0.318	0.250	0.284	0.249	0.338	0.269	0.251	0.294	0.267	0.282	0.332	1.821	0.348	0.164	0.186	-8728.311
836	8	500	497	0.4960	0.336	0.323	0.268	0.317	0.357	0.328	0.297	0.320	0.310	0.273	0.339	0.354	0.254	0.357	2.026	0.105	0.067	0.215	-9258.044
837	8	500	494	0.5101	0.262	0.247	0.294	0.306	0.328	0.305	0.301	0.305	0.309	0.278	0.303	0.340	0.291	0.311	2.120	0.556	0.236	0.201	-8905.928
838	8	500	490	0.5302	0.328	0.367	0.269	0.304	0.307	0.346	0.283	0.356	0.248	0.270	0.299	0.288	0.295	0.309	2.164	0.189	0.092	0.186	-8917.540
839	8	500	492	0.5115	0.239	0.329	0.335	0.347	0.316	0.285	0.295	0.298	0.299	0.305	0.315	0.335	0.288	0.299	1.934	0.431	0.196	0.199	-9054.537
840	8	500	499	0.5189	0.306	0.316	0.293	0.344	0.345	0.300	0.255	0.345	0.261	0.339	0.256	0.262	0.283	0.399	1.969	0.402	0.219	0.222	-9110.783
841	8	500	495	0.5137	0.306	0.323	0.217	0.263	0.326	0.322	0.265	0.347	0.244	0.297	0.293	0.282	0.289	0.268	1.728	0.400	0.181	0.209	-8763.723
842	8	500	497	0.5158	0.307	0.296	0.255	0.298	0.295	0.275	0.317	0.283	0.312	0.284	0.306	0.232	0.325	0.294	2.167	0.163	0.073	0.183	-8800.741
843	8	500	497	0.5058	0.263	0.292	0.238	0.315	0.277	0.294	0.283	0.344	0.308	0.288	0.329	0.261	0.257	0.325	1.933	0.377	0.230	0.190	-8887.549
844	8	500	495	0.5116	0.249	0.325	0.351	0.282	0.315	0.330	0.312	0.310	0.249	0.300	0.308	0.290	0.271	0.339	2.051	0.370	0.182	0.233	-9066.821
845	8	500	494	0.4848	0.296	0.314	0.280	0.291	0.283	0.327	0.327	0.303	0.288	0.295	0.299	0.286	0.307	0.296	1.906	0.447	0.236	0.206	-8970.751
846	8	500	497	0.5017	0.243	0.290	0.245	0.302	0.207	0.287	0.314	0.301	0.312	0.286	0.282	0.307	0.342	0.325	1.930	0.393	0.156	0.193	-8725.398
847	8	500	492	0.5258	0.288	0.266	0.305	0.308	0.282	0.287	0.296	0.265	0.255	0.332	0.269	0.329	0.281	0.347	2.044	0.466	0.227	0.205	-8855.139
848	8	500	498	0.5126	0.330	0.356	0.251	0.314	0.249	0.333	0.367	0.250	0.341	0.352	0.241	0.240	0.302	0.332	2.202	0.588	0.232	0.205	-8932.331
849	8	500	500	0.5013	0.306	0.304	0.324	0.295	0.292	0.245	0.343	0.280	0.365	0.355	0.292	0.324	0.312	0.232	1.869	0.180	0.097	0.222	-9107.189
850	8	500	491	0.5167	0.316	0.239	0.269	0.283	0.296	0.305	0.277	0.244	0.273	0.270	0.310	0.334	0.307	0.263	2.080	0.461	0.172	0.198	-8662.050
851	8	500	495	0.5125	0.271	0.318	0.318	0.351	0.263	0.356	0.322	0.295	0.240	0.285	0.297	0.309	0.292	0.327	2.063	0.453	0.249	0.184	-8996.761
852	8	500	490	0.5001	0.345	0.310	0.308	0.277	0.270	0.286	0.308	0.281	0.270	0.359	0.312	0.312	0.300	0.318	1.824	0.313	0.153	0.174	-8966.299
853	8	500	492	0.5115	0.322	0.246	0.290	0.300	0.301	0.284	0.260	0.317	0.318	0.304	0.286	0.331	0.287	0.260	1.934	0.467	0.261	0.192	-8803.361
854	8	500	495	0.5070	0.337	0.312	0.295	0.353	0.331	0.280	0.328	0.339	0.316	0.328	0.268	0.316	0.308	0.356	2.099	0.233	0.142	0.188	-9154.388
855	8	500	489	0.5063	0.258	0.307	0.341	0.266	0.353	0.306	0.266	0.272	0.312	0.372	0.391	0.273	0.315	0.278	1.833	0.489	0.304	0.175	-9059.892
856	8	500	494	0.5021	0.334	0.239	0.285	0.297	0.314	0.350	0.277	0.306	0.331	0.258	0.278	0.358	0.300	0.315	2.018	0.589	0.263	0.207	-8910.524
857	8	500	492	0.4993	0.305	0.328	0.272	0.267	0.270	0.306	0.191	0.250	0.299	0.255	0.346	0.274	0.265	0.320	1.800	0.361	0.152	0.229	-8734.763
858	8	500	491	0.5387	0.285	0.387	0.331	0.303	0.253	0.335	0.305	0.205	0.356	0.325	0.310	0.299	0.327	0.271	1.928	0.313	0.168	0.184	-9079.712
859	8	500	492	0.5083	0.377	0.301	0.310	0.275	0.361	0.308	0.254	0.309	0.272	0.325	0.261	0.350	0.270	0.326	2.032	0.428	0.215	0.193	-8915.951
860	8	500	496	0.5065	0.322	0.245	0.268	0.299	0.335	0.255	0.297	0.328	0.281	0.322	0.331	0.229	0.250	0.330	1.980	0.344	0.154	0.245	-8887.986
861	8	500	493	0.5157	0.290	0.277	0.263	0.253	0.284	0.300	0.290	0.308	0.355	0.297	0.272	0.284	0.249	0.285	1.901	0.424	0.188	0.219	-8792.065
862	8	500	494	0.5193	0.292	0.305	0.301	0.297	0.272	0.334	0.269	0.294	0.289	0.323	0.232	0.336	0.320	0.291	2.109	0.261	0.104	0.209	-8832.946
863	8	500	493	0.5307	0.289	0.288	0.294	0.331	0.286	0.308	0.267	0.287	0.322	0.258	0.240	0.310	0.272	0.274	1.918	0.417	0.220	0.186	-8772.746
864	8	500	489	0.5216	0.297	0.311	0.317	0.304	0.268	0.281	0.276	0.297	0.280	0.266	0.298	0.328	0.278	0.278	2.091	0.484	0.215	0.221	-8822.919
865	8	500	496	0.5317	0.271	0.253	0.286	0.291	0.299	0.317	0.363	0.269	0.327	0.301	0.296	0.294	0.351	0.328	1.949	0.430	0.196	0.202	-9025.652
866	8	500	497	0.5097	0.294	0.307	0.256	0.272	0.248	0.344	0.302	0.391	0.242	0.312	0.307	0.314	0.302	0.313	2.026	0.168	0.089	0.228	-8997.076
867	8	500	496	0.5197	0.293	0.321	0.319	0.255	0.298	0.305	0.332	0.256	0.289	0.357	0.292	0.265	0.295	0.260	2.184	0.454	0.221	0.193	-8876.727
868	8	500	497	0.5201	0.319	0.350	0.304	0.324	0.345	0.331	0.299	0.337	0.287	0.275	0.341	0.333	0.307	0.343	2.009	0.332	0.202	0.202	-9256.289
869	8	500	499	0.5162	0.291	0.363	0.242	0.284	0.320	0.197	0.334	0.277	0.256	0.330	0.303	0.278	0.276	0.334	1.955	0.474	0.159	0.196	-8688.436
870	8	500	494	0.5285	0.316	0.287	0.282	0.331	0.367	0.353	0.287	0.329	0.278	0.311	0.290	0.286	0.254	0.328	1.874	0.373	0.176	0.172	-8975.223
871	8	500	493	0.4999	0.302	0.285	0.263	0.293	0.290	0.282	0.283	0.324	0.290	0.282	0.354	0.296	0.303	0.270	1.795	0.432	0.170	0.212	-8860.868
872	8	500	493	0.5174	0.348	0.362	0.306	0.282	0.306	0.236	0.306	0.301	0.331	0.288	0.334	0.237	0.337	0.325	2.092	0.536	0.262	0.224	-9087.809
873	8	500	495	0.5114	0.330	0.338	0.260	0.287	0.357	0.305	0.298	0.359	0.392	0.288	0.298	0.324	0.301	0.321	1.961	0.354	0.205	0.190	-9146.088
874	8	500	492	0.5252	0.286	0.333	0.291	0.337	0.257	0.334	0.334	0.308	0.345	0.290	0.329	0.276	0.336	0.310	1.964	0.406	0.319	0.168	-9177.863
875	8	500	493	0.5099	0.354	0.317	0.245	0.347	0.255	0.307	0.293	0.269	0.243	0.295	0.344	0.264	0.301	0.331	2.090	0.530	0.262	0.199	-8872.539
876	8	500	489	0.5098	0.248	0.323	0.246	0.269	0.323	0.248	0.276	0.310	0.281	0.281	0.253	0.260	0.255	0.326	1.987	0.335	0.135	0.226	-8656.076
877	8	500	497	0.5190	0.389	0.263	0.301	0.334	0.303	0.286	0.297	0.328	0.283	0.344	0.319	0.297	0.299	0.261	1.938	0.385	0.200	0.193	-9064.069
878	8	500	492	0.5250	0.242	0.330	0.329	0.290	0.261	0.290	0.272	0.293	0.255	0.311	0.325	0.300	0.315	0.282	1.940	0.321	0.116	0.214	-8884.059
879	8	500	493	0.5078	0.330	0.336	0.241	0.294	0.280	0.277	0.278	0.301	0.334	0.217	0.304	0.212	0.308	0.307	1.966	0.390	0.218	0.179	-8756.458
880	8	500	492	0.5068	0.330	0.324	0.220	0.387	0.301	0.283	0.235	0.342	0.322	0.322	0.305	0.305	0.286	0.325	2.124	0.350	0.205	0.182	-8937.630
881	8	500	493	0.5162	0.298	0.333	0.336	0.339	0.253	0.324	0.278	0.355	0.279	0.254	0.337	0.295	0.294	0.305	2.136	0.351	0.187	0.185	-8994.814
882	8	500	493	0.5198	0.271	0.264	0.306	0.282	0.336	0.304	0.296	0.286	0.206	0.316	0.308	0.312	0.250	0.337	1.876	0.371	0.154	0.196	-8878.194
883	8	500	497	0.5028	0.286	0.313	0.336	0.287	0.235	0.308	0.353	0.279	0.347	0.265	0.315	0.311	0.311	0.314	1.864	0.311	0.141	0.230	-9108.344
884	8	500	490	0.5216	0.243	0.302	0.313	0.285	0.347	0.268	0.294	0.272	0.282	0.286	0.294	0.280	0.257	0.278	1.984	0.378	0.177	0.198	-8768.296
885	8	500	492	0.5197	0.312	0.329	0.309	0.330	0.336	0.267	0.289	0.356	0.273	0.289	0.344	0.195	0.265	0.278	1.909	0.400	0.217	0.184	-8897.052
886	8	500	495	0.5177	0.294	0.367	0.264	0.307	0.336	0.260	0.324	0.327	0.321	0.291	0.333	0.235	0.226	0.301	2.031	0.314	0.187	0.197	-8965.096
887	8	500	494	0.5262	0.291	0.235	0.275	0.291	0.316	0.322	0.335	0.303	0.306	0.304	0.280	0.246	0.284	0.317	1.987	0.444	0.221	0.206	-8910.778
888	8	500	498	0.5142	0.292	0.258	0.290	0.330	0.260	0.310	0.320	0.322	0.321	0.321	0.270	0.294	0.339	0.257	1.899	0.286	0.148	0.207	-8993.168
889	8	500	495	0.5272	0.407	0.392	0.308	0.280	0.261	0.290	0.316	0.361	0.373	0.275	0.270	0.224	0.317	0.272	2.213	0.404	0.197	0.211	-9011.587
890	8	500	491	0.5226	0.297	0.260	0.313	0.287	0.251	0.293	0.301	0.270	0.331	0.257	0.299	0.272	0.234	0.299	1.852	0.429	0.168	0.205	-8712.740
891	8	500	494	0.4938	0.300	0.316	0.340	0.287	0.389	0.332	0.302	0.334	0.275	0.289	0.321	0.326	0.305	0.289	1.989	0.466	0.238	0.214	-9135.752
892	8	500	496	0.4968	0.303	0.257	0.335	0.272	0.378	0.314	0.272	0.355	0.215	0.306	0.240	0.349	0.314	0.250	1.899	0.463	0.226	0.180	-8795.082
893	8	500	490	0.4891	0.242	0.374	0.281	0.292	0.284	0.263	0.321	0.315	0.341	0.294	0.291	0.322	0.352	0.286	1.980	0.441	0.293	0.192	-9024.385
894	8	500	497	0.5248	0.306	0.283	0.265	0.410	0.287	0.292	0.297	0.277	0.243	0.314	0.340	0.374	0.307	0.264	2.054	0.477	0.285	0.205	-9081.847
895	8	500	497	0.4974	0.252	0.259	0.271	0.292	0.319	0.314	0.307	0.223	0.306	0.324	0.246	0.337	0.308	0.299	2.156	0.417	0.167	0.212	-8809.386
896	8	500	492	0.5269	0.322	0.323	0.267	0.280	0.221	0.277	0.305	0.279	0.277	0.297	0.339	0.268	0.285	0.305	1.919	0.273	0.155	0.134	-8728.981
897	8	500	493	0.5224	0.219	0.273	0.240	0.301	0.302	0.324	0.277	0.289	0.321	0.247	0.255	0.230	0.329	0.322	1.915	0.424	0.181	0.200	-8703.260
898	8	500	492	0.5122	0.379	0.298	0.275	0.322	0.312	0.288	0.290	0.342	0.327	0.242	0.224	0.268	0.288	0.338	1.991	0.175	0.104	0.205	-8938.764
899	8	500	492	0.5225	0.248	0.307	0.297	0.325	0.292	0.261	0.348	0.270	0.289	0.307	0.316	0.321	0.310	0.271	1.943	0.207	0.112	0.188	-8911.734
900	8	500	492	0.5138	0.350	0.255	0.270	0.317	0.327	0.291	0.269	0.264	0.304	0.259	0.367	0.280	0.277	0.287	2.118	0.374	0.197	0.177	-8806.199
901	8	500	492	0.5192	0.323	0.328	0.294	0.236	0.328	0.315	0.269	0.283	0.306	0.337	0.284	0.344	0.286	0.270	2.081	0.521	0.226	0.183	-8835.510
902	8	500	490	0.5001	0.346	0.281	0.277	0.323	0.294	0.260	0.303	0.311	0.217	0.311	0.310	0.348	0.288	0.298	2.094	0.346	0.161	0.211	-8828.924
903	8	500	488	0.5195	0.312	0.219	0.249	0.282	0.347	0.253	0.300	0.286	0.287	0.323	0.284	0.295	0.257	0.290	1.848	0.179	0.103	0.196	-8795.877
904	8	500	490	0.5243	0.323	0.295	0.287	0.294	0.270	0.254	0.241	0.265	0.320	0.302	0.245	0.229	0.301	0.285	1.852	0.296	0.105	0.185	-8586.766
905	8	500	490	0.5228	0.366	0.318	0.320	0.264	0.293	0.320	0.345	0.281	0.282	0.288	0.320	0.275	0.261	0.369	2.143	0.448	0.190	0.189	-8959.108
906	8	500	494	0.5043	0.332	0.250	0.276	0.314	0.335	0.328	0.273	0.317	0.283	0.266	0.292	0.260	0.288	0.306	1.794	0.379	0.163	0.181	-8794.432
907	8	500	494	0.5211	0.305	0.264	0.355	0.318	0.287	0.268	0.332	0.276	0.352	0.250	0.268	0.261	0.284	0.354	2.004	0.462	0.216	0.191	-8889.359
908	8	500	494	0.5264	0.321	0.379	0.227	0.322	0.205	0.306	0.302	0.355	0.254	0.360	0.307	0.343	0.271	0.287	2.052	0.299	0.209	0.159	-8948.936
909	8	500	495	0.5132	0.322	0.295	0.212	0.295	0.239	0.322	0.225	0.244	0.324	0.332	0.250	0.265	0.338	0.263	1.920	0.430	0.195	0.194	-8663.159
910	8	500	494	0.5080	0.289	0.334	0.277	0.263	0.320	0.386	0.286	0.334	0.372	0.285	0.305	0.321	0.372	0.298	2.010	0.432	0.234	0.190	-9130.342
911	8	500	494	0.5136	0.324	0.319	0.336	0.330	0.337	0.245	0.289	0.293	0.336	0.283	0.261	0.387	0.301	0.285	1.959	0.346	0.171	0.201	-9005.099
912	8	500	495	0.5300	0.290	0.314	0.198	0.331	0.346	0.328	0.310	0.295	0.311	0.299	0.266	0.346	0.350	0.354	1.765	0.202	0.106	0.176	-9102.656
913	8	500	496	0.5196	0.285	0.370	0.277	0.360	0.253	0.291	0.298	0.312	0.373	0.312	0.332	0.350	0.342	0.291	2.033	0.346	0.230	0.197	-9191.787
914	8	500	495	0.5087	0.578	0.352	0.235	0.312	0.253	0.313	0.299	0.001	0.249	0.258	0.322	0.352	0.340	0.285	2.004	0.298	0.128	0.200	-8844.675
915	8	500	496	0.5261	0.265	0.344	0.274	0.293	0.298	0.322	0.253	0.343	0.349	0.316	0.347	0.277	0.342	0.255	2.062	0.311	0.168	0.189	-9001.655
916	8	500	493	0.5073	0.314	0.355	0.280	0.277	0.277	0.281	0.307	0.246	0.350	0.282	0.330	0.281	0.275	0.348	1.795	0.373	0.195	0.212	-9033.743
917	8	500	490	0.5076	0.349	0.317	0.286	0.308	0.310	0.268	0.310	0.315	0.326	0.239	0.277	0.262	0.333	0.290	2.005	0.472	0.228	0.203	-8850.795
918	8	500	496	0.5035	0.373	0.277	0.283	0.260	0.288	0.293	0.344	0.287	0.294	0.350	0.248	0.360	0.322	0.283	1.825	0.527	0.245	0.200	-8977.996
919	8	500	493	0.5268	0.320	0.312	0.280	0.259	0.300	0.290	0.303	0.348	0.384	0.329	0.288	0.313	0.317	0.274	1.880	0.341	0.130	0.204	-9002.436
920	8	500	492	0.4993	0.272	0.282	0.337	0.227	0.346	0.289	0.272	0.262	0.336	0.314	0.315	0.303	0.298	0.234	1.997	0.390	0.170	0.218	-8778.712
921	8	500	490	0.5247	0.285	0.324	0.252	0.344	0.340	0.297	0.297	0.299	0.257	0.307	0.287	0.347	0.327	0.365	2.039	0.230	0.130	0.167	-8999.037
922	8	500	489	0.5127	0.276	0.343	0.259	0.234	0.334	0.295	0.300	0.241	0.296	0.348	0.243	0.213	0.301	0.272	1.950	0.209	0.102	0.199	-8690.765
923	8	500	492	0.5004	0.303	0.287	0.263	0.276	0.305	0.360	0.256	0.268	0.317	0.288	0.272	0.342	0.326	0.268	1.940	0.466	0.204	0.229	-8892.717
924	8	500	492	0.5058	0.366	0.324	0.256	0.322	0.315	0.271	0.238	0.333	0.247	0.279	0.295	0.323	0.379	0.269	2.114	0.365	0.166	0.203	-8827.863
925	8	500	490	0.5145	0.295	0.325	0.302	0.267	0.294	0.281	0.331	0.359	0.377	0.304	0.263	0.259	0.352	0.283	2.123	0.454	0.228	0.176	-8894.327
926	8	500	494	0.5151	0.316	0.332	0.297	0.264	0.320	0.349	0.292	0.260	0.298	0.283	0.278	0.314	0.318	0.343	1.847	0.365	0.217	0.199	-9106.222
927	8	500	495	0.5048	0.338	0.315	0.289	0.312	0.334	0.282	0.341	0.347	0.300	0.301	0.291	0.319	0.335	0.241	2.162	0.345	0.170	0.218	-9067.748
928	8	500	492	0.5138	0.303	0.262	0.292	0.307	0.264	0.336	0.295	0.284	0.333	0.330	0.243	0.224	0.301	0.335	2.009	0.284	0.141	0.212	-8925.057
929	8	500	494	0.5279	0.331	0.313	0.330	0.294	0.287	0.324	0.337	0.294	0.366	0.304	0.214	0.277	0.263	0.349	1.851	0.478	0.269	0.181	-9049.602
930	8	500	492	0.5091	0.301	0.371	0.288	0.338	0.258	0.308	0.293	0.276	0.312	0.285	0.308	0.314	0.264	0.288	2.080	0.332	0.149	0.202	-8864.056
931	8	500	486	0.5128	0.290	0.277	0.262	0.288	0.185	0.307	0.362	0.269	0.327	0.265	0.305	0.322	0.317	0.288	1.879	0.160	0.111	0.206	-8955.372
932	8	500	495	0.5043	0.305	0.293	0.290	0.327	0.269	0.400	0.305	0.347	0.253	0.303	0.354	0.314	0.286	0.283	2.065	0.416	0.189	0.202	-9051.555
933	8	500	497	0.5152	0.257	0.285	0.295	0.286	0.309	0.289	0.324	0.263	0.239	0.271	0.309	0.310	0.330	0.253	2.147	0.539	0.248	0.199	-8787.116
934	8	500	494	0.5044	0.355	0.265	0.269	0.344	0.258	0.265	0.322	0.317	0.328	0.324	0.331	0.294	0.248	0.271	2.024	0.418	0.227	0.162	-8828.062
935	8	500	494	0.5138	0.235	0.276	0.321	0.268	0.332	0.317	0.280	0.245	0.355	0.249	0.290	0.317	0.310	0.353	1.954	0.369	0.195	0.198	-8930.070
936	8	500	494	0.5061	0.289	0.285	0.338	0.256	0.295	0.302	0.292	0.300	0.318	0.225	0.274	0.386	0.224	0.273	2.005	0.417	0.242	0.186	-8802.783
937	8	500	492	0.5138	0.296	0.342	0.279	0.302	0.302	0.285	0.297	0.331	0.354	0.296	0.298	0.279	0.304	0.391	1.880	0.436	0.266	0.184	-9083.888
938	8	500	495	0.5159	0.323	0.274	0.307	0.309	0.310	0.311	0.290	0.314	0.297	0.312	0.289	0.250	0.305	0.296	1.881	0.468	0.273	0.199	-9001.792
939	8	500	491	0.5090	0.336	0.320	0.276	0.292	0.260	0.258	0.283	0.319	0.272	0.291	0.279	0.268	0.295	0.241	1.929	0.600	0.269	0.211	-8678.266
940	8	500	493	0.5122	0.338	0.260	0.334	0.335	0.214	0.320	0.353	0.334	0.338	0.314	0.327	0.268	0.287	0.284	2.052	0.514	0.210	0.200	-8927.291
941	8	500	493	0.5040	0.278	0.334	0.368	0.310	0.307	0.290	0.259	0.306	0.311	0.351	0.303	0.256	0.307	0.255	1.790	0.459	0.247	0.188	-8923.909
942	8	500	496	0.5170	0.292	0.338	0.251	0.307	0.284	0.336	0.245	0.296	0.244	0.332	0.280	0.276	0.293	0.310	1.958	0.302	0.138	0.203	-8835.417
943	8	500	497	0.5243	0.348	0.436	0.277	0.286	0.238	0.366	0.243	0.332	0.255	0.322	0.306	0.272	0.260	0.269	2.162	0.451	0.192	0.220	-8869.203
944	8	500	495	0.5192	0.277	0.257	0.246	0.350	0.372	0.296	0.317	0.306	0.376	0.289	0.349	0.256	0.368	0.320	2.018	0.379	0.193	0.201	-9137.090
945	8	500	494	0.5249	0.268	0.330	0.301	0.276	0.241	0.313	0.304	0.298	0.267	0.257	0.309	0.242	0.308	0.297	2.069	0.327	0.133	0.221	-8816.579
946	8	500	491	0.5215	0.307	0.282	0.300	0.263	0.297	0.269	0.283	0.251	0.316	0.286	0.306	0.295	0.338	0.297	2.037	0.247	0.104	0.205	-8823.152
947	8	500	490	0.4858	0.309	0.240	0.278	0.305	0.309	0.288	0.355	0.319	0.258	0.261	0.289	0.284	0.299	0.379	1.780	0.076	0.043	0.210	-8975.686
948	8	500	494	0.5084	0.358	0.260	0.378	0.334	0.426	0.288	0.339	0.323	0.240	0.265	0.391	0.341	0.348	0.348	2.036	0.320	0.152	0.199	-9269.729
949	8	500	498	0.5113	0.263	0.295	0.275	0.314	0.230	0.299	0.384	0.277	0.347	0.280	0.249	0.304	0.317	0.350	2.013	0.416	0.226	0.226	-9008.632
950	8	500	490	0.5216	0.286	0.274	0.294	0.313	0.368	0.281	0.320	0.332	0.282	0.290	0.308	0.349	0.275	0.300	1.921	0.389	0.198	0.161	-8933.348
951	8	500	493	0.4972	0.306	0.285	0.343	0.335	0.342	0.303	0.259	0.246	0.262	0.327	0.271	0.343	0.261	0.291	1.822	0.429	0.178	0.197	-8886.502
952	8	500	493	0.5123	0.283	0.264	0.278	0.251	0.278	0.288	0.289	0.337	0.277	0.291	0.268	0.265	0.235	0.308	2.079	0.552	0.234	0.197	-8596.397
953	8	500	492	0.5292	0.323	0.312	0.214	0.334	0.352	0.288	0.349	0.345	0.299	0.370	0.336	0.314	0.322	0.302	2.025	0.505	0.203	0.194	-9071.137
954	8	500	496	0.5172	0.305	0.258	0.305	0.274	0.328	0.309	0.268	0.295	0.271	0.325	0.309	0.288	0.226	0.320	1.917	0.358	0.170	0.176	-8725.284
955	8	500	493	0.5097	0.274	0.271	0.320	0.315	0.265	0.260	0.271	0.272	0.267	0.366	0.285	0.303	0.252	0.339	2.316	0.508	0.257	0.207	-8769.250
956	8	500	496	0.5130	0.326	0.323	0.293	0.272	0.285	0.353	0.332	0.345	0.252	0.274	0.323	0.376	0.247	0.334	2.060	0.230	0.126	0.205	-9066.822
957	8	500	493	0.5007	0.213	0.269	0.257	0.334	0.334	0.334	0.290	0.284	0.265	0.340	0.313	0.394	0.265	0.336	2.136	0.340	0.245	0.185	-9014.566
958	8	500	494	0.4776	0.283	0.340	0.256	0.260	0.284	0.320	0.327	0.288	0.348	0.246	0.363	0.354	0.310	0.235	1.954	0.425	0.221	0.193	-8901.128
959	8	500	492	0.5059	0.269	0.237	0.359	0.197	0.345	0.302	0.280	0.280	0.265	0.225	0.283	0.303	0.328	0.264	1.885	0.514	0.213	0.233	-8719.204
960	8	500	488	0.5073	0.273	0.319	0.307	0.273	0.277	0.314	0.284	0.369	0.277	0.273	0.317	0.329	0.280	0.347	1.962	0.372	0.223	0.182	-8938.903
961	8	500	492	0.5148	0.370	0.365	0.274	0.338	0.285	0.286	0.294	0.348	0.270	0.268	0.315	0.314	0.292	0.351	2.062	0.529	0.236	0.196	-8968.381
962	8	500	494	0.5140	0.288	0.282	0.252	0.324	0.239	0.281	0.294	0.284	0.303	0.326	0.259	0.283	0.245	0.280	2.029	0.309	0.156	0.188	-8691.063
963	8	500	495	0.5157	0.263	0.278	0.230	0.310	0.283	0.300	0.301	0.261	0.283	0.338	0.339	0.299	0.329	0.244	2.072	0.424	0.190	0.197	-8763.649
964	8	500	497	0.5143	0.287	0.282	0.280	0.345	0.292	0.323	0.298	0.358	0.251	0.305	0.318	0.306	0.314	0.312	2.133	0.453	0.240	0.184	-8973.336
965	8	500	496	0.5026	0.298	0.310	0.250	0.341	0.345	0.299	0.296	0.283	0.365	0.331	0.292	0.310	0.377	0.263	2.090	0.213	0.120	0.202	-9100.293
966	8	500	495	0.5151	0.339	0.301	0.313	0.367	0.336	0.350	0.299	0.366	0.275	0.278	0.356	0.287	0.288	0.265	2.043	0.321	0.148	0.201	-9096.066
967	8	500	495	0.5086	0.329	0.300	0.263	0.292	0.355	0.312	0.341	0.329	0.226	0.255	0.335	0.310	0.328	0.271	2.017	0.237	0.109	0.188	-8932.630
968	8	500	489	0.5127	0.253	0.303	0.313	0.271	0.269	0.292	0.333	0.310	0.277	0.313	0.306	0.276	0.319	0.302	1.950	0.349	0.197	0.152	-8811.934
969	8	500	496	0.5133	0.327	0.292	0.291	0.221	0.367	0.324	0.268	0.274	0.288	0.345	0.299	0.272	0.305	0.287	1.903	0.475	0.275	0.217	-9016.310
970	8	500	495	0.5151	0.298	0.214	0.303	0.313	0.296	0.277	0.297	0.308	0.246	0.243	0.264	0.335	0.286	0.228	1.984	0.477	0.186	0.198	-8624.740
971	8	500	492	0.5018	0.296	0.317	0.245	0.310	0.297	0.307	0.270	0.355	0.291	0.283	0.336	0.278	0.277	0.364	2.157	0.187	0.109	0.172	-8913.033
972	8	500	496	0.5224	0.301	0.316	0.280	0.274	0.264	0.265	0.329	0.366	0.291	0.328	0.260	0.264	0.330	0.273	1.874	0.491	0.237	0.183	-8825.118
973	8	500	490	0.5070	0.254	0.299	0.217	0.302	0.304	0.271	0.251	0.302	0.279	0.276	0.314	0.303	0.314	0.333	2.015	0.404	0.165	0.222	-8760.840
974	8	500	491	0.5142	0.343	0.315	0.276	0.284	0.290	0.319	0.318	0.280	0.280	0.328	0.331	0.236	0.285	0.239	1.832	0.460	0.237	0.193	-8878.786
975	8	500	495	0.5142	0.303	0.293	0.226	0.291	0.274	0.307	0.374	0.304	0.334	0.309	0.263	0.293	0.244	0.258	1.931	0.286	0.155	0.214	-8879.309
976	8	500	492	0.5121	0.262	0.287	0.313	0.319	0.282	0.290	0.312	0.265	0.388	0.304	0.332	0.319	0.291	0.319	2.009	0.314	0.123	0.226	-9071.036
977	8	500	490	0.5227	0.304	0.293	0.303	0.261	0.256	0.306	0.337	0.229	0.261	0.272	0.325	0.297	0.253	0.287	2.121	0.525	0.282	0.182	-8729.026
978	8	500	491	0.5097	0.328	0.249	0.243	0.291	0.315	0.333	0.318	0.333	0.313	0.331	0.213	0.290	0.284	0.283	1.934	0.483	0.265	0.190	-8795.588
979	8	500	488	0.4937	0.300	0.363	0.280	0.297	0.264	0.251	0.290	0.287	0.305	0.327	0.283	0.354	0.346	0.300	2.134	0.411	0.254	0.166	-8848.288
980	8	500	495	0.5038	0.330	0.231	0.296	0.317	0.292	0.350	0.283	0.272	0.335	0.302	0.291	0.319	0.299	0.316	1.940	0.407	0.254	0.202	-9036.402
981	8	500	497	0.5230	0.352	0.316	0.304	0.294	0.287	0.259	0.284	0.309	0.308	0.284	0.359	0.259	0.292	0.247	2.110	0.413	0.264	0.208	-8932.122
982	8	500	496	0.4974	0.372	0.367	0.311	0.259	0.296	0.321	0.279	0.343	0.218	0.283	0.336	0.326	0.280	0.282	1.963	0.437	0.274	0.203	-9011.704
983	8	500	492	0.5198	0.293	0.330	0.248	0.293	0.327	0.224	0.320	0.295	0.289	0.300	0.246	0.357	0.260	0.283	1.930	0.225	0.108	0.187	-8754.847
984	8	500	495	0.5149	0.291	0.293	0.273	0.316	0.318	0.330	0.281	0.308	0.326	0.278	0.322	0.244	0.318	0.298	1.747	0.287	0.185	0.155	-8984.071
985	8	500	495	0.4950	0.292	0.307	0.281	0.278	0.326	0.295	0.322	0.285	0.277	0.247	0.321	0.326	0.308	0.268	1.965	0.177	0.082	0.213	-8907.514
986	8	500	492	0.5180	0.296	0.282	0.286	0.285	0.328	0.308	0.216	0.290	0.262	0.323	0.201	0.279	0.318	0.292	1.899	0.555	0.255	0.220	-8766.249
987	8	500	493	0.5055	0.324	0.261	0.292	0.272	0.364	0.285	0.289	0.297	0.273	0.253	0.328	0.301	0.280	0.284	2.109	0.471	0.198	0.228	-8819.775
988	8	500	491	0.5123	0.263	0.362	0.265	0.246	0.247	0.316	0.221	0.233	0.383	0.261	0.302	0.221	0.260	0.337	2.009	0.463	0.219	0.188	-8629.280
989	8	500	490	0.5163	0.307	0.364	0.291	0.337	0.257	0.289	0.293	0.300	0.352	0.307	0.289	0.342	0.318	0.283	2.074	0.419	0.265	0.189	-9045.124
990	8	500	493	0.5199	0.353	0.341	0.250	0.320	0.321	0.318	0.273	0.336	0.216	0.319	0.346	0.350	0.347	0.299	2.013	0.364	0.274	0.166	-9138.158
991	8	500	495	0.5183	0.360	0.291	0.274	0.358	0.334	0.337	0.283	0.303	0.267	0.335	0.341	0.359	0.297	0.307	2.130	0.408	0.186	0.200	-9115.196
992	8	500	493	0.5054	0.292	0.380	0.284	0.314	0.244	0.326	0.295	0.312	0.264	0.269	0.250	0.337	0.284	0.300	2.200	0.399	0.279	0.150	-8782.728
993	8	500	493	0.5138	0.282	0.233	0.341	0.291	0.247	0.296	0.289	0.317	0.350	0.264	0.316	0.287	0.326	0.295	2.010	0.302	0.213	0.178	-8998.738
994	8	500	494	0.5202	0.344	0.229	0.242	0.290	0.326	0.339	0.279	0.272	0.271	0.318	0.249	0.315	0.297	0.321	1.968	0.297	0.131	0.225	-8886.683
995	8	500	494	0.5131	0.251	0.290	0.250	0.262	0.258	0.293	0.329	0.263	0.315	0.264	0.297	0.331	0.294	0.307	1.818	0.271	0.144	0.195	-8807.134
996	8	500	496	0.5249	0.321	0.323	0.336	0.235	0.253	0.262	0.324	0.282	0.274	0.358	0.326	0.295	0.318	0.350	2.038	0.456	0.258	0.179	-9047.119
997	8	500	482	0.5038	0.326	0.267	0.297	0.296	0.278	0.281	0.278	0.303	0.275	0.262	0.258	0.286	0.287	0.254	2.138	0.411	0.170	0.191	-8538.525
998	8	500	491	0.5215	0.305	0.211	0.261	0.317	0.332	0.266	0.311	0.327	0.324	0.328	0.241	0.256	0.299	0.294	2.083	0.233	0.103	0.191	-8794.308
999	8	500	497	0.5067	0.300	0.326	0.276	0.325	0.299	0.274	0.328	0.375	0.358	0.302	0.306	0.272	0.310	0.323	2.081	0.306	0.191	0.197	-9177.393
1000	8	500	497	0.5221	0.296	0.318	0.292	0.320	0.295	0.315	0.251	0.267	0.307	0.278	0.322	0.306	0.321	0.296	1.963	0.298	0.140	0.242	-9071.691
