1	16	500	500	0.5165	0.293	0.307	0.307	0.370	0.290	0.315	0.311	0.274	0.330	0.310	0.314	0.332	0.330	0.298	0.344	0.277	0.341	0.315	0.298	0.296	0.284	0.237	0.338	0.393	0.337	0.286	0.310	0.340	0.292	0.294	2.071	0.566	0.314	0.199	4.587	-17192.117
2	16	500	500	0.4987	0.329	0.339	0.223	0.257	0.405	0.299	0.330	0.283	0.268	0.328	0.278	0.295	0.273	0.280	0.336	0.310	0.350	0.314	0.323	0.327	0.289	0.315	0.270	0.235	0.291	0.317	0.316	0.287	0.285	0.335	1.965	0.578	0.309	0.184	1.577	-16794.235
3	16	500	499	0.5113	0.314	0.328	0.261	0.430	0.263	0.320	0.277	0.270	0.288	0.322	0.325	0.315	0.257	0.281	0.348	0.297	0.294	0.295	0.390	0.334	0.284	0.312	0.305	0.298	0.301	0.361	0.296	0.337	0.267	0.303	1.943	0.646	0.330	0.198	6.060	-17005.217
4	16	500	500	0.5063	0.268	0.253	0.303	0.366	0.265	0.342	0.244	0.332	0.296	0.373	0.272	0.287	0.341	0.278	0.284	0.337	0.338	0.360	0.330	0.265	0.326	0.284	0.323	0.279	0.276	0.357	0.310	0.267	0.321	0.236	2.078	0.584	0.318	0.209	7.459	-16888.425
5	16	500	499	0.5212	0.303	0.331	0.312	0.283	0.285	0.339	0.264	0.315	0.266	0.290	0.258	0.310	0.296	0.280	0.279	0.332	0.327	0.221	0.267	0.322	0.347	0.301	0.328	0.266	0.277	0.295	0.261	0.241	0.289	0.328	1.884	0.620	0.322	0.213	1.096	-16742.557
6	16	500	500	0.5112	0.277	0.383	0.281	0.304	0.283	0.333	0.237	0.351	0.280	0.284	0.252	0.382	0.352	0.281	0.315	0.293	0.276	0.315	0.315	0.314	0.321	0.356	0.312	0.417	0.340	0.354	0.284	0.266	0.329	0.275	1.981	0.584	0.298	0.195	4.662	-17147.863
7	16	500	500	0.5076	0.245	0.330	0.333	0.320	0.309	0.291	0.325	0.270	0.334	0.330	0.303	0.281	0.295	0.273	0.299	0.303	0.301	0.293	0.343	0.250	0.281	0.243	0.330	0.265	0.369	0.236	0.256	0.306	0.284	0.296	2.045	0.498	0.248	0.191	2.828	-16548.778
8	16	500	500	0.5169	0.259	0.304	0.290	0.312	0.269	0.262	0.330	0.292	0.340	0.321	0.282	0.302	0.229	0.290	0.331	0.266	0.283	0.253	0.269	0.300	0.302	0.354	0.294	0.326	0.266	0.322	0.344	0.342	0.338	0.307	1.916	0.607	0.322	0.215	1.972	-17039.375
9	16	500	500	0.5240	0.348	0.256	0.213	0.245	0.313	0.257	0.308	0.258	0.198	0.349	0.318	0.297	0.297	0.280	0.364	0.313	0.312	0.311	0.283	0.304	0.254	0.346	0.313	0.312	0.324	0.310	0.317	0.286	0.283	0.288	1.988	0.499	0.258	0.189	2.434	-16704.059
10	16	500	498	0.5112	0.344	0.302	0.264	0.316	0.241	0.302	0.278	0.232	0.267	0.258	0.256	0.340	0.301	0.305	0.287	0.347	0.297	0.318	0.267	0.317	0.263	0.357	0.244	0.250	0.377	0.299	0.255	0.309	0.308	0.318	1.849	0.573	0.292	0.215	1.000	-16696.025
11	16	500	500	0.5067	0.240	0.296	0.313	0.262	0.302	0.287	0.288	0.260	0.280	0.229	0.294	0.322	0.303	0.245	0.280	0.304	0.361	0.258	0.303	0.249	0.319	0.247	0.303	0.276	0.315	0.237	0.311	0.276	0.286	0.246	2.085	0.491	0.188	0.201	1.803	-16253.710
12	16	500	500	0.5196	0.323	0.312	0.260	0.264	0.314	0.347	0.288	0.315	0.263	0.314	0.302	0.295	0.317	0.308	0.227	0.328	0.296	0.325	0.349	0.291	0.270	0.272	0.284	0.318	0.401	0.312	0.339	0.274	0.289	0.307	1.926	0.539	0.248	0.210	2.879	-17011.196
13	16	500	500	0.4982	0.314	0.305	0.307	0.278	0.321	0.305	0.300	0.320	0.332	0.306	0.313	0.292	0.310	0.268	0.388	0.274	0.269	0.291	0.344	0.272	0.383	0.245	0.303	0.248	0.292	0.298	0.308	0.322	0.397	0.261	2.063	0.536	0.243	0.215	1.724	-16964.480
14	16	500	499	0.5257	0.276	0.275	0.330	0.208	0.280	0.256	0.320	0.265	0.364	0.310	0.266	0.322	0.246	0.273	0.296	0.294	0.302	0.279	0.294	0.321	0.284	0.352	0.326	0.287	0.271	0.324	0.318	0.296	0.295	0.284	2.065	0.517	0.235	0.203	2.034	-16494.299
15	16	500	500	0.5264	0.319	0.349	0.292	0.298	0.348	0.306	0.330	0.300	0.251	0.293	0.324	0.326	0.294	0.299	0.356	0.331	0.249	0.288	0.289	0.349	0.321	0.261	0.329	0.334	0.352	0.318	0.313	0.344	0.330	0.370	1.896	0.604	0.370	0.200	2.582	-17323.100
16	16	500	500	0.5141	0.278	0.335	0.324	0.299	0.309	0.297	0.328	0.313	0.294	0.321	0.293	0.329	0.331	0.298	0.328	0.266	0.255	0.303	0.275	0.333	0.371	0.308	0.337	0.314	0.351	0.332	0.286	0.320	0.282	0.301	1.903	0.474	0.269	0.215	1.000	-17293.960
17	16	500	500	0.5143	0.284	0.366	0.280	0.363	0.250	0.239	0.283	0.348	0.327	0.256	0.362	0.270	0.263	0.335	0.322	0.249	0.335	0.232	0.273	0.231	0.304	0.291	0.262	0.325	0.265	0.269	0.271	0.328	0.294	0.355	2.092	0.654	0.264	0.192	6.306	-16376.756
18	16	500	500	0.5125	0.311	0.283	0.289	0.310	0.255	0.377	0.294	0.293	0.314	0.303	0.307	0.213	0.322	0.313	0.317	0.285	0.277	0.251	0.302	0.214	0.281	0.347	0.272	0.337	0.259	0.282	0.264	0.315	0.283	0.330	2.048	0.541	0.263	0.207	1.917	-16612.035
19	16	500	500	0.5169	0.313	0.299	0.350	0.297	0.289	0.297	0.259	0.293	0.308	0.242	0.278	0.315	0.317	0.293	0.266	0.327	0.340	0.315	0.307	0.300	0.339	0.332	0.253	0.327	0.349	0.277	0.353	0.268	0.355	0.269	1.985	0.631	0.303	0.183	3.300	-16694.087
20	16	500	500	0.5145	0.335	0.213	0.338	0.273	0.281	0.312	0.266	0.295	0.364	0.337	0.267	0.308	0.259	0.291	0.317	0.351	0.313	0.322	0.256	0.310	0.304	0.288	0.301	0.260	0.302	0.346	0.268	0.369	0.251	0.301	2.197	0.498	0.227	0.197	1.029	-16490.070
21	16	500	495	0.5084	0.231	0.338	0.313	0.271	0.291	0.259	0.266	0.326	0.334	0.315	0.315	0.295	0.226	0.235	0.330	0.299	0.284	0.279	0.241	0.334	0.243	0.336	0.240	0.297	0.297	0.296	0.253	0.357	0.337	0.319	2.055	0.592	0.256	0.222	1.344	-16471.151
22	16	500	500	0.5051	0.222	0.284	0.278	0.276	0.282	0.302	0.286	0.265	0.266	0.322	0.288	0.292	0.304	0.303	0.292	0.311	0.341	0.297	0.304	0.297	0.316	0.342	0.258	0.249	0.326	0.322	0.295	0.282	0.293	0.277	2.049	0.632	0.272	0.198	2.749	-16511.898
23	16	500	499	0.5217	0.333	0.299	0.304	0.290	0.318	0.321	0.289	0.291	0.240	0.384	0.340	0.265	0.228	0.310	0.254	0.417	0.307	0.418	0.307	0.314	0.280	0.294	0.261	0.326	0.260	0.295	0.280	0.357	0.306	0.325	2.090	0.628	0.314	0.203	2.843	-16964.313
24	16	500	500	0.5118	0.292	0.288	0.304	0.277	0.265	0.270	0.299	0.254	0.284	0.266	0.373	0.259	0.325	0.277	0.324	0.274	0.234	0.324	0.299	0.306	0.350	0.296	0.230	0.334	0.298	0.289	0.263	0.272	0.327	0.254	1.942	0.614	0.315	0.199	3.940	-16613.462
25	16	500	500	0.5241	0.237	0.290	0.287	0.316	0.286	0.311	0.285	0.288	0.343	0.283	0.325	0.269	0.247	0.304	0.305	0.276	0.271	0.294	0.240	0.283	0.267	0.322	0.302	0.284	0.301	0.239	0.268	0.253	0.271	0.266	1.929	0.682	0.255	0.217	5.927	-16449.008
26	16	500	499	0.5214	0.290	0.373	0.321	0.363	0.234	0.279	0.295	0.316	0.226	0.275	0.335	0.323	0.291	0.317	0.262	0.299	0.303	0.296	0.315	0.297	0.309	0.341	0.253	0.295	0.234	0.307	0.281	0.376	0.255	0.347	2.012	0.588	0.337	0.187	5.900	-16814.492
27	16	500	500	0.5017	0.326	0.330	0.289	0.314	0.258	0.308	0.250	0.277	0.256	0.300	0.289	0.258	0.280	0.280	0.312	0.339	0.181	0.290	0.317	0.284	0.261	0.360	0.250	0.267	0.275	0.258	0.250	0.315	0.387	0.320	1.976	0.469	0.206	0.196	1.185	-16426.511
28	16	500	500	0.5109	0.324	0.288	0.339	0.300	0.295	0.281	0.307	0.298	0.306	0.329	0.298	0.272	0.320	0.314	0.286	0.303	0.312	0.225	0.282	0.329	0.290	0.278	0.318	0.338	0.333	0.363	0.283	0.295	0.273	0.331	1.911	0.587	0.255	0.205	2.978	-16839.088
29	16	500	500	0.5134	0.370	0.369	0.301	0.248	0.305	0.314	0.317	0.328	0.316	0.351	0.275	0.317	0.235	0.294	0.328	0.312	0.343	0.344	0.322	0.326	0.281	0.364	0.249	0.232	0.229	0.301	0.313	0.285	0.308	0.240	2.025	0.596	0.277	0.193	1.182	-16860.489
30	16	500	500	0.5125	0.257	0.276	0.367	0.336	0.265	0.367	0.270	0.324	0.289	0.259	0.311	0.365	0.334	0.308	0.301	0.282	0.249	0.279	0.357	0.271	0.292	0.311	0.212	0.328	0.365	0.290	0.326	0.227	0.279	0.328	2.049	0.397	0.191	0.206	1.000	-16862.793
31	16	500	500	0.5057	0.245	0.325	0.307	0.309	0.296	0.327	0.314	0.280	0.286	0.324	0.312	0.345	0.263	0.278	0.280	0.267	0.316	0.298	0.367	0.234	0.261	0.304	0.286	0.354	0.309	0.295	0.321	0.287	0.321	0.265	1.901	0.602	0.297	0.181	4.892	-16591.345
32	16	500	499	0.5129	0.308	0.277	0.319	0.322	0.292	0.282	0.337	0.326	0.247	0.285	0.299	0.302	0.321	0.319	0.305	0.258	0.256	0.250	0.374	0.320	0.313	0.351	0.279	0.363	0.307	0.309	0.301	0.314	0.313	0.227	2.078	0.617	0.293	0.201	1.482	-16875.578
33	16	500	498	0.5017	0.296	0.305	0.284	0.346	0.276	0.245	0.282	0.323	0.290	0.237	0.278	0.277	0.394	0.282	0.255	0.320	0.321	0.262	0.264	0.331	0.302	0.375	0.285	0.342	0.303	0.320	0.265	0.255	0.287	0.332	2.109	0.511	0.292	0.192	1.294	-16683.022
34	16	500	500	0.5231	0.348	0.244	0.305	0.270	0.271	0.274	0.337	0.273	0.260	0.376	0.334	0.362	0.285	0.270	0.307	0.301	0.280	0.271	0.303	0.311	0.310	0.309	0.256	0.293	0.341	0.338	0.254	0.255	0.326	0.305	2.180	0.494	0.288	0.198	2.829	-16775.260
35	16	500	500	0.5032	0.293	0.298	0.325	0.254	0.360	0.209	0.270	0.332	0.255	0.347	0.326	0.267	0.298	0.281	0.283	0.285	0.236	0.343	0.307	0.304	0.294	0.241	0.303	0.287	0.299	0.265	0.324	0.278	0.311	0.278	2.105	0.567	0.240	0.223	3.349	-16622.794
36	16	500	500	0.5238	0.309	0.308	0.242	0.285	0.292	0.326	0.289	0.264	0.364	0.288	0.292	0.326	0.312	0.241	0.357	0.320	0.279	0.274	0.323	0.313	0.264	0.263	0.291	0.331	0.324	0.264	0.348	0.262	0.309	0.260	1.962	0.671	0.264	0.198	2.496	-16539.173
37	16	500	499	0.5009	0.303	0.263	0.307	0.296	0.279	0.304	0.259	0.305	0.326	0.269	0.288	0.328	0.291	0.298	0.255	0.290	0.227	0.303	0.255	0.341	0.329	0.272	0.261	0.304	0.243	0.320	0.325	0.290	0.287	0.269	2.038	0.580	0.261	0.213	2.355	-16420.907
38	16	500	500	0.5019	0.371	0.286	0.278	0.264	0.286	0.337	0.206	0.294	0.344	0.248	0.242	0.283	0.307	0.260	0.365	0.362	0.211	0.323	0.298	0.358	0.306	0.322	0.318	0.251	0.245	0.257	0.285	0.246	0.292	0.295	2.110	0.606	0.288	0.189	6.272	-16343.634
39	16	500	500	0.5098	0.281	0.260	0.216	0.256	0.294	0.326	0.300	0.258	0.279	0.282	0.322	0.272	0.294	0.279	0.280	0.343	0.307	0.336	0.304	0.316	0.342	0.258	0.331	0.346	0.310	0.280	0.262	0.246	0.280	0.284	2.053	0.679	0.295	0.201	3.200	-16403.442
40	16	500	500	0.5150	0.456	0.276	0.342	0.264	0.304	0.293	0.339	0.293	0.298	0.279	0.323	0.275	0.351	0.386	0.271	0.161	0.272	0.319	0.312	0.363	0.314	0.307	0.318	0.307	0.281	0.289	0.321	0.350	0.303	0.358	2.006	0.392	0.221	0.184	1.000	-17072.114
41	16	500	500	0.5020	0.249	0.334	0.306	0.316	0.276	0.290	0.257	0.370	0.241	0.312	0.312	0.255	0.368	0.298	0.364	0.267	0.319	0.276	0.290	0.352	0.291	0.305	0.270	0.347	0.273	0.321	0.274	0.312	0.328	0.285	1.962	0.640	0.311	0.206	5.221	-16853.714
42	16	500	499	0.5135	0.312	0.250	0.293	0.353	0.275	0.305	0.349	0.273	0.315	0.281	0.327	0.330	0.268	0.296	0.278	0.268	0.329	0.324	0.276	0.329	0.333	0.235	0.242	0.318	0.259	0.307	0.281	0.255	0.275	0.305	1.892	0.629	0.285	0.185	6.848	-16520.384
43	16	500	500	0.5255	0.283	0.248	0.214	0.269	0.229	0.352	0.299	0.273	0.314	0.284	0.311	0.316	0.285	0.282	0.304	0.294	0.300	0.271	0.307	0.260	0.239	0.294	0.245	0.206	0.341	0.230	0.291	0.341	0.288	0.296	1.879	0.639	0.280	0.205	4.243	-16417.747
44	16	500	500	0.5090	0.273	0.229	0.272	0.297	0.305	0.275	0.282	0.380	0.316	0.323	0.293	0.303	0.282	0.326	0.257	0.330	0.255	0.367	0.241	0.315	0.290	0.283	0.305	0.332	0.286	0.276	0.358	0.316	0.292	0.330	1.942	0.603	0.296	0.211	2.052	-16871.455
45	16	500	500	0.5056	0.360	0.348	0.236	0.311	0.264	0.302	0.281	0.362	0.309	0.319	0.286	0.352	0.310	0.227	0.292	0.268	0.217	0.377	0.305	0.324	0.300	0.277	0.313	0.273	0.296	0.312	0.316	0.296	0.312	0.259	1.973	0.605	0.296	0.207	2.358	-16817.949
46	16	500	500	0.5025	0.292	0.325	0.325	0.321	0.316	0.321	0.252	0.260	0.272	0.314	0.331	0.288	0.266	0.365	0.308	0.382	0.304	0.319	0.244	0.356	0.368	0.316	0.268	0.352	0.369	0.252	0.319	0.280	0.298	0.302	2.019	0.567	0.300	0.194	3.234	-16980.795
47	16	500	500	0.5125	0.288	0.345	0.302	0.359	0.278	0.297	0.351	0.320	0.225	0.269	0.358	0.339	0.337	0.347	0.261	0.294	0.368	0.305	0.324	0.375	0.298	0.237	0.304	0.330	0.281	0.324	0.250	0.308	0.330	0.285	2.036	0.583	0.288	0.208	2.966	-17098.370
48	16	500	500	0.5171	0.320	0.351	0.319	0.296	0.261	0.268	0.314	0.353	0.265	0.344	0.315	0.287	0.305	0.264	0.310	0.283	0.228	0.270	0.299	0.282	0.255	0.251	0.281	0.250	0.285	0.318	0.294	0.269	0.246	0.314	2.015	0.656	0.250	0.205	3.624	-16445.981
49	16	500	500	0.5117	0.272	0.301	0.272	0.305	0.273	0.348	0.303	0.272	0.283	0.302	0.345	0.256	0.299	0.284	0.289	0.316	0.357	0.254	0.307	0.326	0.307	0.282	0.368	0.338	0.205	0.310	0.351	0.336	0.332	0.300	2.004	0.542	0.284	0.206	1.000	-16978.348
50	16	500	500	0.5120	0.225	0.335	0.276	0.294	0.337	0.295	0.281	0.276	0.234	0.331	0.309	0.282	0.299	0.303	0.319	0.271	0.330	0.320	0.269	0.333	0.339	0.369	0.301	0.244	0.347	0.309	0.308	0.323	0.352	0.321	2.009	0.667	0.299	0.196	8.069	-16851.132
51	16	500	500	0.5086	0.351	0.335	0.220	0.316	0.314	0.376	0.257	0.309	0.285	0.334	0.350	0.320	0.322	0.313	0.296	0.281	0.245	0.298	0.316	0.277	0.298	0.317	0.282	0.297	0.225	0.348	0.314	0.367	0.251	0.286	1.989	0.526	0.283	0.173	2.070	-16687.069
52	16	500	498	0.5245	0.339	0.362	0.325	0.334	0.323	0.313	0.314	0.311	0.328	0.327	0.285	0.308	0.330	0.333	0.321	0.301	0.274	0.330	0.285	0.294	0.304	0.251	0.323	0.245	0.310	0.326	0.329	0.311	0.254	0.324	1.992	0.573	0.386	0.193	9.289	-17109.202
53	16	500	500	0.5147	0.266	0.366	0.312	0.296	0.275	0.280	0.235	0.304	0.280	0.287	0.284	0.293	0.240	0.297	0.302	0.240	0.356	0.253	0.296	0.278	0.324	0.292	0.248	0.280	0.365	0.278	0.263	0.288	0.256	0.261	2.150	0.559	0.275	0.194	2.262	-16274.984
54	16	500	500	0.5160	0.306	0.343	0.327	0.342	0.323	0.357	0.288	0.300	0.277	0.288	0.316	0.298	0.307	0.309	0.289	0.352	0.344	0.381	0.269	0.344	0.240	0.273	0.331	0.262	0.350	0.317	0.275	0.278	0.281	0.278	2.143	0.526	0.290	0.208	4.506	-16966.136
55	16	500	500	0.5079	0.351	0.302	0.286	0.292	0.289	0.257	0.280	0.275	0.228	0.277	0.243	0.329	0.266	0.281	0.318	0.341	0.286	0.269	0.279	0.335	0.309	0.269	0.310	0.268	0.264	0.262	0.264	0.278	0.275	0.203	2.212	0.620	0.256	0.193	4.234	-16063.442
56	16	500	499	0.5157	0.291	0.269	0.306	0.268	0.317	0.344	0.226	0.371	0.314	0.298	0.217	0.323	0.310	0.290	0.282	0.251	0.284	0.342	0.308	0.288	0.350	0.305	0.312	0.424	0.312	0.301	0.337	0.282	0.253	0.312	1.921	0.509	0.291	0.189	1.000	-16935.087
57	16	500	500	0.5272	0.261	0.346	0.346	0.279	0.257	0.241	0.228	0.300	0.293	0.194	0.263	0.314	0.387	0.303	0.305	0.301	0.327	0.325	0.294	0.299	0.305	0.330	0.309	0.255	0.232	0.316	0.338	0.323	0.274	0.328	2.107	0.603	0.285	0.181	3.916	-16522.486
58	16	500	498	0.5134	0.279	0.322	0.322	0.296	0.287	0.397	0.332	0.294	0.254	0.276	0.327	0.320	0.290	0.334	0.293	0.288	0.328	0.311	0.314	0.292	0.342	0.312	0.291	0.336	0.288	0.263	0.407	0.316	0.333	0.291	2.068	0.552	0.310	0.194	1.956	-17151.904
59	16	500	499	0.5276	0.333	0.253	0.382	0.358	0.360	0.372	0.319	0.302	0.266	0.300	0.275	0.361	0.297	0.317	0.270	0.318	0.400	0.275	0.371	0.300	0.312	0.345	0.303	0.285	0.333	0.341	0.261	0.297	0.256	0.301	2.130	0.613	0.359	0.222	4.855	-17383.397
60	16	500	500	0.5139	0.270	0.268	0.268	0.280	0.308	0.294	0.312	0.323	0.329	0.306	0.323	0.315	0.318	0.277	0.317	0.306	0.372	0.297	0.298	0.361	0.247	0.280	0.305	0.292	0.329	0.285	0.323	0.295	0.246	0.265	2.090	0.519	0.285	0.209	2.160	-16853.485
61	16	500	500	0.5256	0.335	0.356	0.246	0.270	0.310	0.318	0.284	0.306	0.279	0.306	0.298	0.320	0.379	0.302	0.241	0.338	0.198	0.312	0.292	0.248	0.307	0.299	0.314	0.309	0.221	0.333	0.300	0.284	0.307	0.287	1.955	0.637	0.301	0.184	3.541	-16549.577
62	16	500	500	0.5120	0.316	0.333	0.280	0.421	0.324	0.324	0.344	0.328	0.273	0.382	0.336	0.336	0.323	0.328	0.336	0.287	0.382	0.389	0.281	0.334	0.254	0.334	0.283	0.288	0.332	0.282	0.263	0.259	0.230	0.338	1.853	0.576	0.330	0.218	3.005	-17457.123
63	16	500	500	0.4997	0.285	0.308	0.306	0.321	0.300	0.262	0.348	0.280	0.252	0.314	0.312	0.323	0.309	0.284	0.289	0.353	0.348	0.327	0.282	0.339	0.305	0.278	0.301	0.240	0.322	0.264	0.274	0.269	0.273	0.336	1.982	0.644	0.283	0.192	2.550	-16660.042
64	16	500	499	0.5116	0.329	0.326	0.376	0.358	0.325	0.323	0.300	0.311	0.349	0.320	0.322	0.269	0.324	0.316	0.267	0.315	0.356	0.305	0.285	0.258	0.253	0.292	0.319	0.276	0.319	0.317	0.303	0.218	0.381	0.292	2.111	0.602	0.327	0.209	3.612	-16972.108
65	16	500	498	0.5197	0.252	0.289	0.336	0.246	0.296	0.318	0.304	0.264	0.227	0.277	0.286	0.257	0.255	0.287	0.260	0.276	0.262	0.265	0.290	0.353	0.298	0.274	0.280	0.320	0.275	0.246	0.293	0.353	0.254	0.345	2.099	0.628	0.292	0.195	2.463	-16286.867
66	16	500	500	0.5157	0.239	0.371	0.337	0.288	0.242	0.331	0.287	0.296	0.367	0.313	0.257	0.352	0.320	0.291	0.304	0.294	0.270	0.300	0.261	0.386	0.356	0.326	0.256	0.274	0.307	0.344	0.343	0.264	0.288	0.317	1.987	0.575	0.331	0.198	1.916	-17025.092
67	16	500	499	0.5130	0.272	0.248	0.364	0.276	0.264	0.325	0.302	0.318	0.241	0.289	0.329	0.297	0.302	0.298	0.362	0.335	0.319	0.246	0.296	0.309	0.321	0.316	0.279	0.407	0.257	0.271	0.326	0.255	0.279	0.292	1.909	0.488	0.247	0.188	1.071	-16711.767
68	16	500	500	0.5179	0.350	0.268	0.299	0.328	0.307	0.269	0.296	0.293	0.356	0.262	0.281	0.301	0.257	0.317	0.347	0.296	0.258	0.264	0.298	0.292	0.311	0.323	0.346	0.296	0.280	0.270	0.254	0.265	0.264	0.331	1.984	0.615	0.301	0.209	2.567	-16749.136
69	16	500	500	0.5019	0.238	0.271	0.277	0.264	0.301	0.295	0.244	0.366	0.288	0.261	0.257	0.314	0.286	0.276	0.303	0.271	0.311	0.274	0.305	0.335	0.322	0.296	0.292	0.309	0.273	0.280	0.276	0.287	0.279	0.285	1.967	0.454	0.247	0.190	1.000	-16477.593
70	16	500	497	0.5230	0.301	0.288	0.342	0.277	0.281	0.296	0.254	0.335	0.353	0.335	0.327	0.252	0.294	0.306	0.294	0.346	0.303	0.272	0.273	0.319	0.221	0.293	0.309	0.284	0.291	0.304	0.275	0.268	0.295	0.318	1.944	0.591	0.346	0.183	5.391	-16691.952
71	16	500	499	0.5158	0.314	0.377	0.268	0.313	0.361	0.264	0.270	0.317	0.261	0.242	0.292	0.316	0.325	0.279	0.309	0.292	0.246	0.395	0.291	0.312	0.256	0.271	0.332	0.353	0.239	0.300	0.267	0.288	0.248	0.311	1.931	0.552	0.286	0.211	4.087	-16748.646
72	16	500	500	0.5222	0.330	0.325	0.299	0.265	0.310	0.327	0.298	0.314	0.302	0.277	0.266	0.276	0.346	0.287	0.262	0.312	0.298	0.340	0.274	0.300	0.314	0.277	0.322	0.285	0.273	0.300	0.308	0.282	0.324	0.298	1.930	0.630	0.280	0.193	3.915	-16811.170
73	16	500	499	0.4972	0.264	0.323	0.285	0.332	0.294	0.302	0.288	0.261	0.273	0.352	0.287	0.288	0.298	0.260	0.295	0.332	0.262	0.319	0.288	0.299	0.238	0.322	0.277	0.275	0.265	0.273	0.285	0.389	0.288	0.225	2.043	0.436	0.192	0.185	1.000	-16264.414
74	16	500	499	0.5129	0.315	0.309	0.296	0.316	0.239	0.243	0.317	0.282	0.181	0.301	0.315	0.253	0.365	0.324	0.268	0.319	0.356	0.298	0.307	0.299	0.338	0.255	0.268	0.285	0.333	0.266	0.316	0.346	0.249	0.299	1.971	0.596	0.276	0.200	1.504	-16554.055
75	16	500	498	0.5125	0.297	0.247	0.258	0.283	0.232	0.341	0.272	0.325	0.310	0.287	0.271	0.243	0.365	0.251	0.412	0.374	0.261	0.341	0.284	0.270	0.249	0.271	0.376	0.257	0.320	0.281	0.269	0.298	0.289	0.342	1.936	0.476	0.232	0.195	1.516	-16630.347
76	16	500	500	0.5107	0.348	0.170	0.352	0.347	0.286	0.328	0.278	0.328	0.384	0.280	0.337	0.234	0.237	0.282	0.293	0.322	0.181	0.320	0.301	0.268	0.291	0.346	0.297	0.295	0.296	0.314	0.379	0.350	0.280	0.321	1.930	0.556	0.254	0.191	1.264	-16659.416
77	16	500	500	0.5115	0.290	0.360	0.250	0.278	0.297	0.286	0.320	0.327	0.276	0.285	0.340	0.293	0.258	0.281	0.274	0.284	0.253	0.257	0.238	0.279	0.261	0.266	0.322	0.314	0.278	0.282	0.245	0.299	0.298	0.282	1.970	0.564	0.244	0.202	2.089	-16339.032
78	16	500	499	0.5069	0.347	0.352	0.363	0.358	0.326	0.264	0.308	0.325	0.235	0.298	0.231	0.317	0.376	0.295	0.303	0.339	0.302	0.344	0.295	0.220	0.283	0.305	0.272	0.360	0.302	0.326	0.236	0.330	0.340	0.297	1.840	0.583	0.343	0.184	4.100	-16969.109
79	16	500	500	0.5240	0.307	0.333	0.287	0.358	0.297	0.241	0.294	0.329	0.257	0.312	0.303	0.293	0.270	0.271	0.279	0.336	0.315	0.329	0.308	0.268	0.317	0.356	0.256	0.295	0.354	0.284	0.305	0.295	0.267	0.307	2.059	0.473	0.247	0.189	1.000	-16771.858
80	16	500	500	0.5250	0.359	0.321	0.290	0.406	0.316	0.351	0.249	0.286	0.359	0.344	0.316	0.277	0.314	0.357	0.352	0.307	0.258	0.311	0.297	0.330	0.298	0.309	0.358	0.326	0.280	0.322	0.307	0.315	0.323	0.257	2.069	0.635	0.344	0.224	8.457	-17433.848
81	16	500	500	0.5160	0.309	0.335	0.325	0.252	0.327	0.293	0.346	0.268	0.333	0.320	0.300	0.337	0.300	0.368	0.295	0.292	0.258	0.373	0.303	0.283	0.335	0.313	0.323	0.232	0.326	0.327	0.322	0.301	0.326	0.339	1.959	0.597	0.327	0.195	7.151	-17286.623
82	16	500	500	0.5163	0.327	0.396	0.287	0.344	0.211	0.307	0.293	0.301	0.295	0.304	0.307	0.263	0.290	0.240	0.300	0.375	0.324	0.313	0.261	0.285	0.353	0.296	0.232	0.277	0.294	0.247	0.241	0.282	0.295	0.296	2.082	0.458	0.236	0.194	1.000	-16453.882
83	16	500	500	0.5239	0.339	0.320	0.338	0.279	0.258	0.293	0.292	0.325	0.298	0.266	0.294	0.271	0.282	0.260	0.283	0.281	0.324	0.275	0.355	0.280	0.334	0.352	0.263	0.310	0.286	0.329	0.289	0.250	0.322	0.360	1.995	0.575	0.259	0.209	2.059	-16868.865
84	16	500	500	0.5196	0.314	0.343	0.228	0.355	0.260	0.215	0.345	0.307	0.293	0.323	0.306	0.296	0.327	0.292	0.337	0.321	0.284	0.301	0.291	0.255	0.293	0.335	0.301	0.324	0.340	0.292	0.273	0.300	0.343	0.284	1.969	0.640	0.293	0.196	3.261	-16832.293
85	16	500	500	0.5115	0.322	0.276	0.376	0.262	0.303	0.287	0.266	0.329	0.343	0.321	0.314	0.288	0.331	0.321	0.291	0.198	0.314	0.285	0.225	0.295	0.295	0.306	0.282	0.337	0.265	0.298	0.329	0.370	0.283	0.347	2.045	0.601	0.386	0.195	1.018	-16939.581
86	16	500	499	0.5214	0.317	0.298	0.291	0.282	0.317	0.162	0.303	0.313	0.275	0.265	0.278	0.291	0.356	0.271	0.264	0.267	0.260	0.311	0.264	0.294	0.251	0.326	0.269	0.307	0.400	0.324	0.301	0.276	0.313	0.291	2.190	0.586	0.304	0.183	1.388	-16376.255
87	16	500	500	0.5191	0.232	0.328	0.240	0.279	0.301	0.311	0.278	0.286	0.432	0.288	0.327	0.330	0.222	0.242	0.333	0.294	0.324	0.213	0.299	0.235	0.316	0.323	0.303	0.311	0.299	0.333	0.293	0.400	0.279	0.261	2.112	0.550	0.325	0.191	3.022	-16717.775
88	16	500	500	0.5289	0.242	0.365	0.266	0.356	0.251	0.325	0.292	0.247	0.269	0.249	0.301	0.280	0.273	0.266	0.268	0.263	0.289	0.239	0.295	0.235	0.280	0.294	0.304	0.307	0.343	0.297	0.296	0.288	0.284	0.284	1.907	0.665	0.291	0.207	6.996	-16438.711
89	16	500	500	0.5247	0.244	0.397	0.335	0.313	0.272	0.293	0.337	0.298	0.205	0.288	0.326	0.334	0.303	0.254	0.352	0.324	0.343	0.244	0.345	0.238	0.283	0.283	0.305	0.286	0.271	0.287	0.295	0.365	0.318	0.294	1.943	0.606	0.339	0.196	7.007	-16866.256
90	16	500	500	0.5195	0.287	0.296	0.308	0.265	0.285	0.289	0.330	0.318	0.286	0.307	0.348	0.309	0.285	0.309	0.328	0.328	0.293	0.283	0.356	0.297	0.256	0.301	0.305	0.320	0.345	0.262	0.298	0.419	0.287	0.267	2.003	0.572	0.302	0.203	4.698	-16998.337
91	16	500	500	0.5030	0.321	0.269	0.283	0.297	0.357	0.326	0.264	0.239	0.198	0.216	0.262	0.256	0.357	0.281	0.274	0.370	0.290	0.281	0.350	0.282	0.268	0.288	0.323	0.258	0.282	0.303	0.336	0.322	0.311	0.293	2.044	0.645	0.260	0.197	7.734	-16343.521
92	16	500	500	0.5236	0.284	0.370	0.364	0.325	0.314	0.210	0.244	0.290	0.261	0.321	0.346	0.284	0.307	0.331	0.284	0.286	0.275	0.283	0.324	0.330	0.342	0.299	0.328	0.281	0.239	0.250	0.296	0.332	0.269	0.291	1.938	0.602	0.255	0.201	3.760	-16691.594
93	16	500	499	0.5295	0.327	0.281	0.305	0.313	0.220	0.202	0.349	0.297	0.262	0.277	0.281	0.282	0.274	0.247	0.311	0.288	0.253	0.269	0.267	0.312	0.303	0.215	0.315	0.207	0.305	0.322	0.297	0.291	0.254	0.315	2.009	0.642	0.312	0.205	3.925	-16391.010
94	16	500	500	0.5091	0.620	0.270	0.369	1.621	0.386	0.323	0.352	0.285	0.334	0.322	0.328	0.381	0.294	0.236	0.343	0.000	0.280	0.214	0.300	0.279	0.360	0.360	0.324	0.318	0.251	0.271	0.320	0.275	0.284	0.305	2.020	0.655	0.340	0.202	999.000	-17086.204
95	16	500	500	0.4969	0.254	0.401	0.416	0.318	0.282	0.268	0.314	0.313	0.296	0.250	0.337	0.232	0.278	0.340	0.304	0.286	0.296	0.264	0.336	0.288	0.265	0.291	0.284	0.370	0.297	0.352	0.283	0.259	0.312	0.285	2.098	0.545	0.225	0.186	2.185	-16662.018
96	16	500	498	0.5189	0.307	0.310	0.411	0.268	0.320	0.286	0.267	0.347	0.339	0.264	0.336	0.331	0.351	0.320	0.296	0.354	0.277	0.285	0.337	0.349	0.318	0.254	0.316	0.337	0.294	0.277	0.313	0.356	0.376	0.308	2.027	0.363	0.231	0.182	1.000	-17326.296
97	16	500	499	0.5128	0.300	0.334	0.258	0.355	0.341	0.301	0.330	0.262	0.295	0.346	0.313	0.271	0.271	0.311	0.327	0.258	0.272	0.283	0.290	0.304	0.321	0.346	0.305	0.340	0.304	0.256	0.335	0.340	0.333	0.270	1.939	0.587	0.299	0.215	2.928	-17122.415
98	16	500	500	0.5176	0.267	0.281	0.298	0.326	0.340	0.304	0.315	0.271	0.378	0.254	0.304	0.311	0.292	0.304	0.284	0.343	0.328	0.334	0.277	0.260	0.257	0.335	0.352	0.293	0.337	0.349	0.375	0.312	0.339	0.277	1.928	0.608	0.369	0.188	3.951	-17103.205
99	16	500	500	0.5063	0.356	0.274	0.287	0.301	0.231	0.287	0.320	0.223	0.280	0.270	0.304	0.278	0.316	0.346	0.261	0.296	0.313	0.349	0.288	0.299	0.246	0.353	0.251	0.195	0.307	0.276	0.301	0.306	0.286	0.368	1.966	0.576	0.315	0.202	2.252	-16610.177
100	16	500	500	0.5230	0.340	0.288	0.349	0.299	0.329	0.285	0.318	0.265	0.310	0.310	0.327	0.287	0.322	0.306	0.290	0.304	0.332	0.286	0.258	0.301	0.311	0.280	0.252	0.327	0.332	0.284	0.336	0.236	0.339	0.276	2.021	0.600	0.256	0.210	5.395	-16839.602
101	16	500	500	0.5289	0.373	0.306	0.290	0.308	0.292	0.307	0.341	0.287	0.289	0.347	0.274	0.304	0.287	0.236	0.282	0.354	0.308	0.327	0.335	0.295	0.315	0.293	0.231	0.268	0.248	0.323	0.252	0.340	0.309	0.264	1.997	0.580	0.255	0.218	1.189	-16715.642
102	16	500	500	0.5111	0.340	0.341	0.289	0.297	0.317	0.256	0.250	0.344	0.365	0.312	0.315	0.366	0.265	0.308	0.274	0.329	0.376	0.339	0.293	0.263	0.324	0.304	0.326	0.283	0.282	0.254	0.331	0.259	0.287	0.259	2.083	0.415	0.216	0.202	1.000	-16896.574
103	16	500	500	0.5297	0.344	0.278	0.313	0.331	0.294	0.308	0.252	0.306	0.359	0.222	0.290	0.286	0.321	0.301	0.351	0.334	0.324	0.316	0.302	0.318	0.374	0.350	0.278	0.291	0.319	0.247	0.284	0.272	0.312	0.338	1.994	0.507	0.249	0.195	2.639	-17078.275
104	16	500	500	0.5317	0.250	0.347	0.260	0.283	0.350	0.248	0.280	0.301	0.245	0.257	0.272	0.300	0.288	0.274	0.316	0.310	0.370	0.243	0.270	0.299	0.260	0.312	0.300	0.306	0.292	0.273	0.276	0.268	0.246	0.336	2.037	0.441	0.208	0.202	1.000	-16520.119
105	16	500	500	0.5135	0.258	0.252	0.251	0.295	0.249	0.318	0.302	0.280	0.257	0.264	0.287	0.269	0.341	0.310	0.277	0.329	0.304	0.329	0.365	0.325	0.304	0.334	0.242	0.353	0.330	0.354	0.276	0.301	0.345	0.269	1.990	0.582	0.322	0.187	1.659	-16752.984
106	16	500	499	0.5155	0.318	0.238	0.304	0.302	0.325	0.324	0.327	0.287	0.342	0.290	0.299	0.285	0.241	0.289	0.306	0.312	0.340	0.301	0.261	0.335	0.324	0.315	0.344	0.247	0.324	0.274	0.296	0.291	0.318	0.329	1.967	0.450	0.230	0.189	1.516	-16883.037
107	16	500	499	0.5088	0.339	0.337	0.259	0.305	0.286	0.314	0.291	0.298	0.240	0.265	0.272	0.356	0.293	0.290	0.288	0.321	0.412	0.301	0.265	0.303	0.348	0.307	0.305	0.266	0.282	0.266	0.314	0.309	0.335	0.290	2.003	0.646	0.320	0.198	3.566	-16813.268
108	16	500	500	0.5235	0.340	0.309	0.261	0.287	0.260	0.288	0.299	0.306	0.300	0.265	0.317	0.284	0.292	0.285	0.324	0.359	0.260	0.305	0.355	0.255	0.339	0.276	0.335	0.206	0.330	0.250	0.276	0.352	0.359	0.263	1.953	0.628	0.277	0.189	1.000	-16585.160
109	16	500	500	0.5220	0.291	0.348	0.209	0.296	0.271	0.338	0.277	0.254	0.265	0.304	0.282	0.277	0.280	0.328	0.317	0.299	0.303	0.344	0.353	0.234	0.276	0.331	0.319	0.287	0.241	0.344	0.200	0.302	0.274	0.296	2.091	0.538	0.244	0.196	2.649	-16432.003
110	16	500	500	0.5094	0.297	0.312	0.339	0.290	0.316	0.285	0.361	0.298	0.333	0.302	0.240	0.345	0.305	0.355	0.320	0.304	0.355	0.309	0.342	0.300	0.309	0.302	0.353	0.331	0.327	0.225	0.294	0.247	0.352	0.248	1.883	0.469	0.242	0.209	1.105	-17200.042
111	16	500	500	0.5165	0.287	0.267	0.291	0.357	0.283	0.308	0.287	0.300	0.332	0.321	0.321	0.299	0.258	0.298	0.271	0.326	0.270	0.321	0.290	0.272	0.278	0.235	0.310	0.288	0.329	0.263	0.277	0.234	0.334	0.331	2.000	0.633	0.307	0.203	8.101	-16597.542
112	16	500	499	0.5163	0.338	0.251	0.347	0.322	0.252	0.304	0.287	0.282	0.299	0.271	0.314	0.337	0.379	0.358	0.265	0.387	0.255	0.304	0.288	0.333	0.308	0.287	0.312	0.320	0.309	0.301	0.318	0.311	0.307	0.304	2.033	0.559	0.287	0.195	1.350	-16974.990
113	16	500	500	0.5214	0.323	0.209	0.349	0.358	0.300	0.293	0.288	0.317	0.351	0.325	0.295	0.213	0.281	0.247	0.306	0.328	0.279	0.280	0.315	0.280	0.232	0.312	0.259	0.245	0.276	0.245	0.300	0.270	0.299	0.325	2.012	0.617	0.303	0.193	3.219	-16441.403
114	16	500	499	0.5207	0.266	0.372	0.257	0.301	0.309	0.279	0.263	0.329	0.305	0.298	0.277	0.285	0.294	0.273	0.286	0.268	0.365	0.326	0.273	0.261	0.330	0.262	0.376	0.365	0.343	0.236	0.327	0.327	0.283	0.286	2.003	0.512	0.255	0.196	1.000	-16782.416
115	16	500	500	0.4960	0.210	0.291	0.304	0.302	0.304	0.337	0.304	0.309	0.321	0.275	0.328	0.287	0.344	0.283	0.289	0.255	0.247	0.338	0.313	0.298	0.284	0.217	0.275	0.295	0.265	0.305	0.284	0.289	0.279	0.324	1.979	0.561	0.300	0.224	2.920	-16751.362
116	16	500	500	0.5067	0.286	0.269	0.292	0.316	0.336	0.283	0.290	0.282	0.306	0.243	0.338	0.350	0.313	0.263	0.302	0.283	0.260	0.309	0.344	0.357	0.311	0.269	0.311	0.231	0.264	0.271	0.289	0.352	0.345	0.297	1.961	0.636	0.296	0.188	4.865	-16620.637
117	16	500	499	0.5010	0.305	0.317	0.312	0.332	0.310	0.281	0.299	0.325	0.365	0.272	0.266	0.340	0.316	0.293	0.301	0.278	0.360	0.253	0.268	0.262	0.327	0.273	0.334	0.272	0.322	0.317	0.278	0.322	0.302	0.305	2.004	0.468	0.208	0.192	1.392	-16713.767
118	16	500	500	0.5136	0.226	0.278	0.231	0.329	0.257	0.354	0.257	0.286	0.339	0.280	0.305	0.202	0.286	0.279	0.272	0.287	0.288	0.270	0.350	0.274	0.267	0.285	0.312	0.314	0.253	0.352	0.279	0.295	0.309	0.284	1.915	0.606	0.242	0.207	1.955	-16355.609
119	16	500	500	0.5178	0.317	0.326	0.289	0.297	0.288	0.302	0.334	0.285	0.345	0.251	0.384	0.319	0.282	0.324	0.337	0.348	0.305	0.335	0.373	0.357	0.297	0.291	0.280	0.313	0.266	0.335	0.277	0.254	0.313	0.354	2.117	0.590	0.326	0.197	4.517	-17109.991
120	16	500	500	0.5079	0.283	0.280	0.269	0.296	0.315	0.298	0.270	0.283	0.347	0.265	0.244	0.349	0.320	0.289	0.272	0.329	0.342	0.303	0.295	0.411	0.274	0.313	0.274	0.268	0.358	0.335	0.293	0.259	0.321	0.332	2.188	0.512	0.268	0.192	2.026	-16741.328
121	16	500	500	0.5296	0.302	0.282	0.246	0.352	0.328	0.283	0.329	0.270	0.228	0.274	0.301	0.308	0.342	0.256	0.331	0.259	0.271	0.298	0.277	0.289	0.247	0.329	0.283	0.279	0.228	0.301	0.277	0.314	0.290	0.266	2.214	0.591	0.278	0.200	6.882	-16443.413
122	16	500	500	0.5098	0.311	0.335	0.286	0.290	0.291	0.328	0.341	0.295	0.253	0.318	0.283	0.310	0.293	0.294	0.331	0.314	0.299	0.356	0.331	0.252	0.297	0.308	0.297	0.246	0.291	0.361	0.319	0.276	0.327	0.317	1.959	0.593	0.298	0.206	3.987	-16949.505
123	16	500	500	0.5024	0.303	0.294	0.354	0.315	0.238	0.361	0.318	0.336	0.317	0.344	0.272	0.340	0.266	0.326	0.335	0.277	0.383	0.296	0.298	0.307	0.310	0.318	0.297	0.278	0.302	0.317	0.363	0.293	0.346	0.324	2.032	0.485	0.284	0.187	1.388	-17209.130
124	16	500	500	0.5036	0.325	0.323	0.313	0.268	0.293	0.254	0.293	0.305	0.252	0.328	0.274	0.322	0.303	0.321	0.246	0.319	0.307	0.256	0.300	0.260	0.253	0.326	0.314	0.304	0.301	0.369	0.365	0.305	0.280	0.257	2.040	0.621	0.358	0.198	1.000	-16791.516
125	16	500	500	0.5152	0.280	0.243	0.315	0.320	0.324	0.292	0.262	0.351	0.350	0.292	0.315	0.291	0.322	0.295	0.306	0.334	0.340	0.336	0.339	0.305	0.296	0.347	0.241	0.290	0.288	0.302	0.334	0.267	0.279	0.303	1.930	0.579	0.311	0.181	1.850	-16864.117
126	16	500	500	0.5135	0.301	0.243	0.333	0.324	0.305	0.315	0.244	0.324	0.250	0.231	0.324	0.303	0.310	0.312	0.309	0.298	0.308	0.207	0.276	0.273	0.380	0.304	0.243	0.252	0.325	0.254	0.342	0.347	0.315	0.334	1.912	0.608	0.314	0.188	8.589	-16764.454
127	16	500	500	0.5195	0.345	0.281	0.290	0.321	0.316	0.331	0.302	0.327	0.289	0.240	0.313	0.328	0.381	0.347	0.290	0.273	0.378	0.375	0.346	0.246	0.391	0.308	0.328	0.297	0.283	0.237	0.291	0.320	0.336	0.212	2.033	0.372	0.195	0.201	1.000	-17102.661
128	16	500	499	0.5251	0.287	0.213	0.336	0.323	0.256	0.323	0.276	0.295	0.329	0.336	0.292	0.294	0.340	0.236	0.307	0.276	0.260	0.344	0.327	0.239	0.243	0.311	0.283	0.364	0.318	0.307	0.283	0.269	0.290	0.314	1.956	0.589	0.247	0.198	1.942	-16633.565
129	16	500	500	0.5114	0.330	0.364	0.355	0.324	0.284	0.315	0.270	0.287	0.308	0.291	0.272	0.317	0.303	0.331	0.293	0.332	0.333	0.271	0.325	0.322	0.279	0.382	0.295	0.326	0.353	0.324	0.277	0.306	0.284	0.280	1.931	0.645	0.344	0.206	21.513	-17006.023
130	16	500	500	0.5162	0.236	0.346	0.262	0.350	0.272	0.313	0.327	0.248	0.240	0.301	0.325	0.320	0.324	0.295	0.281	0.280	0.256	0.279	0.320	0.322	0.274	0.315	0.323	0.321	0.317	0.251	0.403	0.249	0.328	0.321	1.913	0.630	0.296	0.187	7.509	-16758.777
131	16	500	500	0.5053	0.316	0.327	0.356	0.271	0.342	0.300	0.327	0.315	0.316	0.345	0.251	0.326	0.343	0.348	0.252	0.281	0.272	0.314	0.275	0.281	0.405	0.324	0.320	0.426	0.249	0.369	0.343	0.286	0.301	0.313	2.039	0.478	0.257	0.187	1.069	-17172.755
132	16	500	499	0.5070	0.259	0.276	0.306	0.331	0.300	0.308	0.388	0.252	0.273	0.324	0.283	0.313	0.254	0.266	0.423	0.318	0.300	0.360	0.258	0.280	0.295	0.287	0.325	0.358	0.311	0.349	0.332	0.354	0.321	0.262	2.094	0.570	0.298	0.193	2.118	-16980.278
133	16	500	499	0.5021	0.303	0.293	0.334	0.297	0.320	0.285	0.281	0.287	0.399	0.318	0.240	0.272	0.311	0.328	0.328	0.249	0.315	0.274	0.374	0.230	0.303	0.299	0.287	0.221	0.293	0.294	0.299	0.334	0.334	0.300	1.975	0.621	0.307	0.223	1.935	-16808.565
134	16	500	500	0.5140	0.247	0.247	0.225	0.266	0.264	0.349	0.333	0.291	0.338	0.353	0.329	0.217	0.294	0.302	0.311	0.279	0.264	0.314	0.307	0.273	0.356	0.275	0.332	0.307	0.328	0.321	0.263	0.201	0.288	0.325	2.056	0.634	0.303	0.208	2.340	-16547.596
135	16	500	499	0.5218	0.396	0.285	0.298	0.285	0.288	0.252	0.298	0.296	0.314	0.282	0.302	0.247	0.268	0.267	0.282	0.373	0.263	0.301	0.283	0.281	0.354	0.293	0.309	0.387	0.277	0.322	0.279	0.335	0.290	0.342	2.048	0.524	0.251	0.187	1.182	-16597.843
136	16	500	500	0.5160	0.262	0.274	0.297	0.315	0.292	0.280	0.269	0.339	0.309	0.286	0.332	0.258	0.293	0.284	0.264	0.264	0.263	0.322	0.295	0.307	0.341	0.327	0.307	0.260	0.317	0.296	0.323	0.369	0.292	0.348	2.005	0.634	0.308	0.204	3.648	-16765.697
137	16	500	500	0.5006	0.306	0.334	0.248	0.300	0.259	0.280	0.328	0.255	0.313	0.314	0.306	0.280	0.330	0.288	0.309	0.280	0.327	0.318	0.247	0.275	0.294	0.323	0.296	0.364	0.280	0.293	0.331	0.269	0.303	0.290	1.990	0.580	0.269	0.202	2.247	-16751.354
138	16	500	500	0.5275	0.315	0.310	0.237	0.267	0.279	0.277	0.302	0.313	0.305	0.272	0.265	0.317	0.371	0.292	0.314	0.290	0.210	0.232	0.306	0.308	0.282	0.293	0.307	0.302	0.336	0.293	0.324	0.282	0.299	0.270	2.043	0.621	0.307	0.202	2.051	-16581.833
139	16	500	500	0.5292	0.264	0.365	0.217	0.253	0.281	0.456	0.287	0.289	0.286	0.325	0.302	0.294	0.270	0.338	0.261	0.308	0.322	0.357	0.332	0.297	0.269	0.273	0.300	0.220	0.292	0.317	0.332	0.255	0.298	0.272	2.111	0.618	0.272	0.199	3.169	-16510.431
140	16	500	500	0.5079	0.314	0.317	0.317	0.286	0.255	0.350	0.335	0.332	0.362	0.292	0.310	0.249	0.286	0.298	0.286	0.275	0.271	0.329	0.260	0.315	0.262	0.297	0.245	0.258	0.281	0.229	0.328	0.282	0.255	0.355	1.862	0.597	0.277	0.187	1.402	-16581.096
141	16	500	500	0.5084	0.316	0.334	0.330	0.272	0.332	0.300	0.357	0.371	0.333	0.341	0.321	0.316	0.290	0.319	0.288	0.254	0.356	0.326	0.337	0.320	0.264	0.272	0.294	0.273	0.333	0.264	0.330	0.353	0.238	0.353	2.052	0.510	0.296	0.203	4.054	-17277.430
142	16	500	500	0.5213	0.300	0.360	0.294	0.287	0.256	0.307	0.292	0.367	0.219	0.337	0.259	0.287	0.285	0.273	0.305	0.222	0.351	0.330	0.327	0.342	0.317	0.269	0.355	0.341	0.379	0.329	0.285	0.282	0.256	0.289	1.996	0.605	0.292	0.190	1.931	-16914.614
143	16	500	500	0.5181	0.357	0.267	0.261	0.333	0.326	0.262	0.297	0.298	0.250	0.388	0.320	0.294	0.332	0.294	0.234	0.352	0.344	0.224	0.279	0.266	0.274	0.268	0.306	0.315	0.264	0.300	0.301	0.294	0.283	0.242	1.907	0.649	0.305	0.206	4.541	-16642.982
144	16	500	500	0.4997	0.292	0.359	0.344	0.282	0.346	0.333	0.360	0.274	0.278	0.287	0.284	0.345	0.330	0.345	0.321	0.261	0.283	0.279	0.404	0.297	0.313	0.280	0.271	0.281	0.296	0.289	0.347	0.349	0.289	0.250	2.020	0.482	0.221	0.193	1.175	-16941.792
145	16	500	500	0.4978	0.326	0.312	0.237	0.312	0.331	0.257	0.295	0.278	0.244	0.313	0.269	0.318	0.292	0.263	0.293	0.266	0.258	0.281	0.274	0.310	0.272	0.321	0.274	0.381	0.252	0.323	0.242	0.270	0.273	0.330	2.022	0.653	0.305	0.204	4.324	-16395.331
146	16	500	500	0.5128	0.254	0.291	0.338	0.301	0.272	0.271	0.279	0.283	0.351	0.368	0.272	0.317	0.383	0.275	0.278	0.284	0.295	0.262	0.225	0.274	0.322	0.265	0.284	0.334	0.280	0.322	0.269	0.351	0.323	0.225	1.900	0.634	0.293	0.195	5.645	-16640.206
147	16	500	500	0.5048	0.378	0.348	0.259	0.325	0.318	0.387	0.274	0.336	0.302	0.284	0.320	0.251	0.318	0.361	0.313	0.310	0.281	0.346	0.298	0.339	0.329	0.296	0.297	0.173	0.352	0.312	0.336	0.281	0.316	0.322	1.943	0.588	0.311	0.182	4.297	-16982.105
148	16	500	500	0.5116	0.314	0.317	0.302	0.329	0.254	0.242	0.297	0.318	0.271	0.283	0.276	0.293	0.276	0.248	0.338	0.285	0.250	0.329	0.282	0.293	0.252	0.358	0.288	0.244	0.342	0.254	0.323	0.293	0.302	0.334	2.023	0.639	0.276	0.206	3.272	-16560.472
149	16	500	500	0.5050	0.297	0.243	0.302	0.313	0.347	0.329	0.278	0.311	0.272	0.231	0.287	0.318	0.318	0.248	0.280	0.291	0.339	0.280	0.267	0.350	0.281	0.361	0.304	0.313	0.298	0.313	0.341	0.273	0.249	0.290	1.925	0.559	0.262	0.177	2.774	-16462.591
150	16	500	499	0.5130	0.265	0.281	0.314	0.247	0.352	0.330	0.327	0.343	0.375	0.310	0.270	0.327	0.247	0.285	0.360	0.304	0.313	0.296	0.309	0.307	0.321	0.241	0.349	0.265	0.313	0.311	0.252	0.311	0.354	0.310	1.915	0.454	0.275	0.204	1.000	-17178.461
151	16	500	499	0.4960	0.313	0.312	0.302	0.283	0.355	0.273	0.291	0.307	0.341	0.307	0.287	0.369	0.343	0.299	0.302	0.246	0.300	0.373	0.305	0.308	0.286	0.291	0.387	0.248	0.281	0.286	0.267	0.377	0.285	0.268	1.968	0.563	0.314	0.197	1.000	-17023.094
152	16	500	500	0.5148	0.275	0.330	0.289	0.248	0.301	0.250	0.306	0.300	0.340	0.301	0.301	0.255	0.353	0.256	0.329	0.289	0.349	0.290	0.303	0.289	0.360	0.274	0.306	0.271	0.296	0.279	0.288	0.358	0.272	0.307	1.810	0.467	0.226	0.210	1.000	-16776.797
153	16	500	500	0.5073	0.255	0.289	0.296	0.298	0.344	0.361	0.315	0.299	0.332	0.278	0.281	0.314	0.278	0.303	0.309	0.330	0.247	0.275	0.316	0.280	0.286	0.253	0.314	0.326	0.313	0.301	0.282	0.223	0.271	0.286	2.007	0.524	0.270	0.187	2.153	-16597.041
154	16	500	500	0.4979	0.333	0.336	0.321	0.288	0.313	0.314	0.322	0.306	0.367	0.296	0.281	0.276	0.309	0.360	0.272	0.325	0.245	0.250	0.331	0.273	0.307	0.344	0.328	0.289	0.272	0.292	0.332	0.361	0.299	0.323	2.122	0.555	0.263	0.187	2.383	-16906.405
155	16	500	500	0.5115	0.300	0.292	0.328	0.286	0.296	0.266	0.341	0.269	0.291	0.320	0.260	0.258	0.307	0.285	0.355	0.329	0.246	0.301	0.299	0.307	0.283	0.284	0.289	0.291	0.356	0.328	0.286	0.285	0.285	0.286	2.079	0.541	0.232	0.211	1.000	-16656.723
156	16	500	500	0.4945	0.359	0.382	0.327	0.304	0.276	0.301	0.329	0.354	0.320	0.311	0.301	0.384	0.402	0.320	0.297	0.287	0.374	0.362	0.278	0.309	0.262	0.348	0.326	0.361	0.316	0.337	0.320	0.320	0.268	0.307	1.963	0.604	0.382	0.198	13.408	-17548.193
157	16	500	498	0.5150	0.328	0.305	0.386	0.263	0.297	0.296	0.331	0.301	0.305	0.341	0.314	0.337	0.278	0.330	0.316	0.248	0.294	0.343	0.322	0.316	0.276	0.304	0.338	0.308	0.277	0.265	0.273	0.249	0.282	0.297	1.955	0.535	0.262	0.189	1.000	-16828.289
158	16	500	500	0.5220	0.265	0.336	0.255	0.306	0.279	0.312	0.288	0.349	0.349	0.300	0.344	0.255	0.345	0.329	0.295	0.315	0.330	0.290	0.261	0.311	0.311	0.294	0.310	0.275	0.323	0.322	0.274	0.302	0.315	0.259	1.875	0.549	0.307	0.202	2.894	-17033.925
159	16	500	500	0.5183	0.265	0.369	0.303	0.285	0.360	0.295	0.263	0.309	0.240	0.277	0.309	0.322	0.355	0.326	0.305	0.323	0.298	0.312	0.294	0.341	0.296	0.288	0.297	0.327	0.250	0.344	0.260	0.295	0.294	0.305	1.986	0.473	0.254	0.207	1.485	-17052.839
160	16	500	500	0.5151	0.263	0.356	0.294	0.343	0.319	0.284	0.357	0.265	0.320	0.242	0.255	0.320	0.252	0.283	0.325	0.328	0.329	0.299	0.318	0.287	0.258	0.294	0.283	0.282	0.340	0.276	0.277	0.243	0.285	0.267	1.910	0.599	0.291	0.226	3.022	-16789.282
161	16	500	500	0.5095	0.352	0.282	0.297	0.347	0.310	0.314	0.218	0.277	0.320	0.245	0.341	0.292	0.394	0.280	0.271	0.385	0.314	0.287	0.284	0.312	0.301	0.326	0.289	0.266	0.328	0.271	0.347	0.245	0.331	0.310	2.103	0.636	0.309	0.195	4.123	-16822.678
162	16	500	500	0.5080	0.389	0.245	0.263	0.274	0.321	0.294	0.283	0.331	0.277	0.301	0.317	0.306	0.288	0.310	0.348	0.363	0.294	0.241	0.282	0.314	0.283	0.405	0.275	0.237	0.297	0.337	0.297	0.256	0.249	0.331	1.990	0.671	0.310	0.199	15.576	-16604.946
163	16	500	500	0.5115	0.319	0.305	0.359	0.273	0.303	0.329	0.332	0.315	0.280	0.311	0.316	0.286	0.312	0.300	0.354	0.307	0.280	0.283	0.329	0.282	0.234	0.337	0.295	0.338	0.366	0.321	0.364	0.338	0.306	0.251	1.982	0.406	0.222	0.199	1.000	-17180.805
164	16	500	500	0.5255	0.313	0.346	0.265	0.327	0.292	0.291	0.282	0.297	0.256	0.273	0.302	0.284	0.271	0.352	0.313	0.336	0.295	0.320	0.318	0.282	0.307	0.296	0.275	0.283	0.335	0.302	0.283	0.288	0.323	0.271	2.070	0.641	0.309	0.205	1.784	-16788.477
165	16	500	500	0.5147	0.306	0.353	0.284	0.280	0.320	0.267	0.378	0.307	0.331	0.298	0.282	0.317	0.290	0.333	0.280	0.345	0.316	0.274	0.343	0.309	0.333	0.346	0.259	0.321	0.268	0.293	0.342	0.373	0.269	0.258	1.990	0.580	0.340	0.199	1.449	-17262.843
166	16	500	500	0.5178	0.242	0.265	0.261	0.279	0.299	0.319	0.330	0.272	0.238	0.305	0.328	0.328	0.373	0.256	0.344	0.327	0.278	0.290	0.312	0.307	0.323	0.313	0.297	0.261	0.293	0.281	0.262	0.273	0.315	0.285	2.112	0.521	0.277	0.194	1.000	-16601.772
167	16	500	500	0.5069	0.288	0.282	0.313	0.379	0.336	0.263	0.282	0.343	0.304	0.281	0.272	0.292	0.302	0.267	0.280	0.313	0.286	0.254	0.341	0.283	0.294	0.248	0.313	0.252	0.254	0.259	0.321	0.344	0.253	0.325	2.054	0.620	0.299	0.196	7.619	-16569.787
168	16	500	500	0.5083	0.290	0.310	0.358	0.395	0.270	0.283	0.257	0.325	0.372	0.340	0.317	0.283	0.307	0.332	0.294	0.329	0.283	0.263	0.282	0.300	0.266	0.281	0.329	0.325	0.395	0.248	0.358	0.254	0.274	0.289	2.000	0.623	0.285	0.205	3.703	-16944.423
169	16	500	500	0.5150	0.343	0.315	0.269	0.307	0.278	0.283	0.295	0.276	0.208	0.309	0.294	0.318	0.327	0.270	0.341	0.373	0.269	0.346	0.343	0.220	0.326	0.282	0.294	0.247	0.239	0.342	0.305	0.307	0.296	0.266	2.077	0.550	0.307	0.190	3.064	-16597.425
170	16	500	500	0.5053	0.248	0.327	0.277	0.306	0.262	0.365	0.298	0.312	0.370	0.315	0.340	0.289	0.255	0.323	0.295	0.245	0.300	0.288	0.318	0.372	0.371	0.324	0.278	0.344	0.312	0.273	0.308	0.305	0.290	0.348	1.934	0.543	0.304	0.217	2.617	-17367.400
171	16	500	500	0.5072	0.317	0.275	0.367	0.283	0.304	0.341	0.318	0.306	0.366	0.323	0.286	0.294	0.270	0.333	0.307	0.302	0.374	0.261	0.299	0.342	0.292	0.283	0.298	0.282	0.346	0.313	0.345	0.344	0.338	0.193	1.983	0.516	0.271	0.195	2.049	-17028.578
172	16	500	499	0.5122	0.309	0.336	0.367	0.328	0.356	0.273	0.328	0.275	0.338	0.317	0.317	0.301	0.182	0.289	0.317	0.275	0.310	0.346	0.320	0.285	0.260	0.357	0.240	0.285	0.313	0.289	0.314	0.228	0.364	0.314	1.876	0.548	0.325	0.192	2.915	-17117.625
173	16	500	500	0.5145	0.284	0.288	0.292	0.314	0.340	0.356	0.331	0.258	0.288	0.279	0.262	0.352	0.346	0.287	0.358	0.358	0.321	0.270	0.316	0.308	0.340	0.380	0.266	0.262	0.334	0.306	0.301	0.365	0.314	0.305	1.943	0.570	0.304	0.193	2.031	-17169.696
174	16	500	498	0.5139	0.265	0.307	0.346	0.301	0.238	0.327	0.233	0.283	0.278	0.334	0.292	0.261	0.331	0.341	0.316	0.286	0.246	0.333	0.291	0.286	0.346	0.297	0.299	0.306	0.247	0.299	0.310	0.316	0.313	0.284	1.957	0.581	0.271	0.214	2.858	-16824.573
175	16	500	500	0.5161	0.336	0.285	0.320	0.261	0.302	0.264	0.298	0.338	0.251	0.255	0.282	0.313	0.349	0.286	0.275	0.288	0.259	0.304	0.285	0.312	0.328	0.254	0.327	0.330	0.296	0.250	0.317	0.307	0.299	0.342	2.092	0.650	0.290	0.203	4.824	-16578.967
176	16	500	497	0.5126	0.322	0.309	0.253	0.350	0.322	0.319	0.280	0.307	0.264	0.304	0.331	0.299	0.340	0.347	0.291	0.336	0.286	0.316	0.265	0.294	0.247	0.293	0.352	0.270	0.301	0.328	0.277	0.297	0.298	0.273	2.115	0.629	0.333	0.203	8.138	-16769.655
177	16	500	500	0.5052	0.305	0.369	0.334	0.274	0.302	0.241	0.333	0.273	0.305	0.301	0.288	0.312	0.265	0.305	0.351	0.317	0.245	0.284	0.303	0.301	0.266	0.287	0.283	0.269	0.302	0.318	0.300	0.316	0.271	0.303	1.973	0.569	0.299	0.209	2.851	-16854.408
178	16	500	499	0.5137	0.325	0.236	0.350	0.309	0.270	0.270	0.320	0.273	0.340	0.252	0.314	0.279	0.338	0.330	0.280	0.282	0.372	0.296	0.299	0.298	0.378	0.241	0.347	0.268	0.288	0.303	0.324	0.257	0.258	0.296	1.856	0.579	0.333	0.187	2.832	-16808.478
179	16	500	500	0.5138	0.253	0.274	0.295	0.315	0.299	0.292	0.273	0.338	0.332	0.301	0.288	0.281	0.298	0.333	0.252	0.252	0.248	0.352	0.302	0.255	0.359	0.302	0.356	0.311	0.290	0.275	0.327	0.342	0.257	0.370	2.058	0.601	0.296	0.201	1.000	-16862.583
180	16	500	500	0.5030	0.329	0.294	0.267	0.367	0.312	0.362	0.374	0.295	0.375	0.367	0.311	0.290	0.240	0.343	0.264	0.301	0.339	0.289	0.322	0.370	0.364	0.274	0.285	0.281	0.303	0.277	0.346	0.297	0.359	0.383	1.968	0.565	0.387	0.189	8.906	-17379.111
181	16	500	500	0.5212	0.270	0.296	0.332	0.323	0.301	0.235	0.301	0.228	0.374	0.321	0.268	0.297	0.302	0.293	0.376	0.286	0.265	0.294	0.326	0.299	0.328	0.271	0.283	0.313	0.305	0.322	0.283	0.278	0.279	0.305	1.994	0.586	0.309	0.210	4.676	-16765.845
182	16	500	500	0.5243	0.340	0.291	0.294	0.283	0.344	0.297	0.315	0.304	0.225	0.347	0.322	0.261	0.282	0.321	0.257	0.286	0.336	0.306	0.287	0.252	0.230	0.318	0.293	0.270	0.370	0.228	0.298	0.231	0.296	0.253	2.041	0.501	0.245	0.190	1.174	-16569.287
183	16	500	500	0.5111	0.276	0.336	0.270	0.276	0.340	0.313	0.240	0.302	0.307	0.317	0.239	0.296	0.315	0.340	0.297	0.273	0.309	0.344	0.271	0.297	0.306	0.295	0.343	0.298	0.252	0.269	0.318	0.249	0.317	0.276	2.036	0.642	0.276	0.187	2.761	-16577.203
184	16	500	499	0.5202	0.230	0.302	0.307	0.247	0.356	0.340	0.283	0.283	0.403	0.297	0.344	0.321	0.289	0.291	0.350	0.233	0.267	0.280	0.348	0.323	0.301	0.300	0.327	0.296	0.337	0.301	0.291	0.310	0.333	0.306	2.051	0.581	0.300	0.199	2.729	-16981.231
185	16	500	499	0.5319	0.275	0.305	0.321	0.297	0.307	0.253	0.340	0.269	0.232	0.299	0.295	0.300	0.264	0.247	0.325	0.307	0.322	0.306	0.300	0.351	0.321	0.250	0.294	0.246	0.314	0.291	0.334	0.342	0.296	0.340	1.998	0.506	0.226	0.184	1.059	-16670.551
186	16	500	500	0.5307	0.309	0.319	0.268	0.315	0.264	0.299	0.335	0.318	0.307	0.283	0.332	0.301	0.321	0.299	0.318	0.315	0.319	0.234	0.327	0.280	0.358	0.285	0.259	0.332	0.351	0.375	0.247	0.261	0.353	0.276	2.022	0.642	0.295	0.186	5.178	-16815.101
187	16	500	499	0.4986	0.330	0.308	0.269	0.267	0.314	0.336	0.335	0.317	0.317	0.267	0.250	0.347	0.291	0.291	0.315	0.316	0.278	0.308	0.325	0.378	0.267	0.298	0.278	0.336	0.350	0.311	0.343	0.335	0.292	0.317	1.983	0.531	0.241	0.202	1.614	-17011.463
188	16	500	500	0.5022	0.296	0.236	0.281	0.273	0.283	0.292	0.335	0.307	0.324	0.303	0.311	0.303	0.284	0.335	0.299	0.316	0.324	0.347	0.332	0.299	0.244	0.268	0.324	0.351	0.334	0.268	0.321	0.325	0.260	0.274	1.872	0.610	0.348	0.201	7.311	-16951.875
189	16	500	500	0.5112	0.295	0.302	0.256	0.281	0.343	0.333	0.316	0.273	0.250	0.377	0.324	0.255	0.214	0.288	0.343	0.293	0.243	0.283	0.299	0.331	0.313	0.253	0.266	0.354	0.294	0.277	0.331	0.292	0.286	0.324	2.083	0.668	0.297	0.206	7.858	-16574.584
190	16	500	500	0.4954	0.255	0.273	0.356	0.305	0.292	0.262	0.291	0.301	0.285	0.315	0.350	0.287	0.271	0.361	0.308	0.298	0.351	0.298	0.234	0.299	0.318	0.321	0.280	0.320	0.253	0.303	0.339	0.289	0.243	0.348	2.019	0.584	0.322	0.191	5.458	-16797.058
191	16	500	500	0.5152	0.334	0.308	0.325	0.224	0.303	0.295	0.281	0.404	0.264	0.249	0.341	0.290	0.359	0.261	0.332	0.265	0.289	0.300	0.307	0.260	0.246	0.253	0.316	0.292	0.250	0.262	0.311	0.319	0.283	0.316	1.882	0.554	0.264	0.192	1.000	-16599.218
192	16	500	500	0.5030	0.322	0.279	0.362	0.372	0.274	0.320	0.266	0.322	0.373	0.258	0.274	0.316	0.304	0.295	0.288	0.250	0.345	0.285	0.295	0.327	0.315	0.326	0.311	0.277	0.330	0.307	0.280	0.287	0.297	0.330	2.011	0.506	0.297	0.213	1.000	-17148.356
193	16	500	500	0.5189	0.283	0.318	0.248	0.353	0.225	0.384	0.276	0.291	0.273	0.368	0.274	0.277	0.290	0.288	0.255	0.310	0.230	0.275	0.284	0.341	0.280	0.286	0.292	0.245	0.257	0.314	0.322	0.285	0.332	0.257	2.041	0.580	0.279	0.201	3.750	-16491.978
194	16	500	500	0.5154	0.336	0.313	0.279	0.277	0.333	0.295	0.325	0.302	0.288	0.275	0.291	0.301	0.313	0.280	0.318	0.263	0.301	0.222	0.362	0.352	0.268	0.285	0.343	0.227	0.368	0.296	0.326	0.295	0.297	0.262	1.882	0.601	0.323	0.192	4.393	-16828.527
195	16	500	500	0.5145	0.255	0.364	0.313	0.261	0.325	0.250	0.308	0.256	0.277	0.379	0.349	0.251	0.315	0.379	0.288	0.305	0.208	0.285	0.283	0.312	0.290	0.304	0.272	0.227	0.236	0.292	0.232	0.312	0.297	0.268	2.073	0.641	0.264	0.198	3.994	-16357.850
196	16	500	500	0.5172	0.233	0.326	0.301	0.297	0.312	0.370	0.349	0.356	0.344	0.341	0.255	0.272	0.262	0.276	0.288	0.278	0.291	0.263	0.322	0.361	0.356	0.327	0.293	0.350	0.290	0.250	0.326	0.316	0.351	0.254	2.098	0.620	0.347	0.211	8.309	-17095.323
197	16	500	500	0.5155	0.325	0.288	0.339	0.273	0.306	0.342	0.298	0.303	0.296	0.293	0.262	0.341	0.295	0.269	0.345	0.302	0.196	0.233	0.340	0.277	0.288	0.241	0.294	0.344	0.274	0.249	0.332	0.283	0.309	0.354	2.051	0.576	0.247	0.208	3.276	-16597.638
198	16	500	500	0.4997	0.349	0.272	0.302	0.269	0.274	0.300	0.251	0.308	0.317	0.268	0.351	0.290	0.236	0.307	0.266	0.310	0.233	0.240	0.377	0.300	0.254	0.281	0.312	0.312	0.251	0.295	0.273	0.330	0.264	0.253	2.092	0.649	0.282	0.209	2.257	-16324.358
199	16	500	500	0.5225	0.335	0.227	0.290	0.284	0.315	0.343	0.275	0.298	0.347	0.311	0.238	0.303	0.265	0.292	0.303	0.348	0.302	0.260	0.308	0.294	0.360	0.263	0.258	0.337	0.310	0.273	0.236	0.311	0.259	0.283	2.060	0.569	0.254	0.210	1.231	-16636.685
200	16	500	500	0.5225	0.287	0.289	0.286	0.266	0.277	0.297	0.332	0.327	0.365	0.308	0.283	0.295	0.241	0.330	0.279	0.287	0.219	0.256	0.262	0.285	0.337	0.266	0.303	0.316	0.365	0.353	0.313	0.236	0.269	0.339	1.944	0.627	0.293	0.189	2.497	-16513.046
201	16	500	500	0.5155	0.313	0.345	0.314	0.307	0.315	0.289	0.312	0.301	0.263	0.278	0.264	0.262	0.272	0.304	0.265	0.303	0.280	0.281	0.299	0.309	0.292	0.294	0.325	0.219	0.254	0.291	0.288	0.313	0.296	0.299	1.908	0.571	0.281	0.212	2.618	-16791.726
202	16	500	500	0.4867	0.299	0.273	0.282	0.385	0.330	0.227	0.302	0.296	0.315	0.343	0.325	0.282	0.227	0.324	0.300	0.304	0.301	0.253	0.275	0.267	0.298	0.282	0.293	0.318	0.262	0.309	0.277	0.268	0.320	0.271	2.087	0.592	0.301	0.204	2.633	-16598.398
203	16	500	500	0.5151	0.272	0.325	0.408	0.277	0.284	0.254	0.308	0.319	0.318	0.316	0.299	0.346	0.287	0.283	0.319	0.296	0.284	0.272	0.335	0.254	0.342	0.304	0.349	0.253	0.288	0.253	0.311	0.278	0.233	0.328	2.083	0.603	0.315	0.203	2.999	-16815.192
204	16	500	499	0.5054	0.292	0.283	0.360	0.243	0.300	0.291	0.316	0.315	0.349	0.284	0.270	0.327	0.364	0.283	0.326	0.293	0.294	0.320	0.296	0.337	0.279	0.341	0.267	0.301	0.295	0.316	0.334	0.319	0.303	0.333	1.939	0.476	0.238	0.195	1.000	-17002.239
205	16	500	500	0.5183	0.286	0.290	0.279	0.335	0.285	0.349	0.350	0.387	0.329	0.211	0.277	0.269	0.321	0.321	0.321	0.291	0.266	0.267	0.290	0.300	0.273	0.308	0.283	0.267	0.316	0.329	0.338	0.276	0.311	0.284	1.983	0.614	0.286	0.192	4.042	-16782.979
206	16	500	500	0.4975	0.308	0.305	0.361	0.269	0.306	0.263	0.256	0.345	0.329	0.260	0.319	0.359	0.301	0.315	0.357	0.300	0.305	0.352	0.284	0.301	0.370	0.283	0.310	0.223	0.333	0.326	0.319	0.338	0.329	0.315	1.914	0.457	0.256	0.222	1.275	-17337.428
207	16	500	500	0.5096	0.272	0.280	0.304	0.263	0.293	0.272	0.292	0.329	0.296	0.248	0.275	0.281	0.276	0.291	0.292	0.241	0.320	0.260	0.316	0.283	0.293	0.332	0.313	0.295	0.273	0.310	0.256	0.306	0.346	0.305	1.921	0.565	0.273	0.175	2.817	-16470.799
208	16	500	500	0.5080	0.320	0.337	0.285	0.317	0.295	0.312	0.327	0.270	0.307	0.267	0.325	0.302	0.343	0.253	0.302	0.306	0.369	0.341	0.299	0.347	0.312	0.290	0.300	0.293	0.287	0.266	0.337	0.317	0.269	0.294	2.060	0.582	0.325	0.213	2.654	-17048.034
209	16	500	500	0.5082	0.371	0.279	0.339	0.292	0.288	0.296	0.262	0.360	0.340	0.261	0.307	0.284	0.278	0.271	0.269	0.318	0.265	0.254	0.266	0.273	0.320	0.328	0.264	0.283	0.363	0.298	0.268	0.313	0.348	0.318	1.951	0.603	0.310	0.196	3.382	-16741.930
210	16	500	500	0.5162	0.000	0.298	0.279	0.257	0.258	0.339	0.306	0.227	0.311	0.304	0.311	0.226	0.257	0.292	0.281	0.630	0.304	0.305	0.301	0.313	0.293	0.242	0.286	0.285	0.266	0.307	0.300	0.277	0.250	0.303	1.900	0.407	0.182	0.195	1.000	-16360.429
211	16	500	500	0.5216	0.305	0.343	0.287	0.311	0.296	0.319	0.307	0.276	0.255	0.345	0.291	0.291	0.343	0.293	0.358	0.347	0.219	0.366	0.275	0.319	0.320	0.319	0.285	0.344	0.302	0.279	0.310	0.349	0.291	0.314	2.089	0.570	0.315	0.181	2.142	-16875.510
212	16	500	500	0.5165	0.302	0.302	0.282	0.298	0.372	0.315	0.298	0.304	0.275	0.261	0.340	0.289	0.271	0.333	0.237	0.343	0.388	0.244	0.273	0.313	0.313	0.294	0.318	0.273	0.289	0.356	0.298	0.332	0.302	0.250	2.013	0.609	0.298	0.198	2.701	-16895.538
213	16	500	498	0.5185	0.299	0.343	0.252	0.248	0.361	0.288	0.267	0.246	0.255	0.268	0.285	0.320	0.305	0.320	0.352	0.298	0.282	0.259	0.259	0.302	0.370	0.315	0.315	0.396	0.271	0.315	0.338	0.333	0.299	0.311	2.124	0.585	0.315	0.179	1.968	-16745.004
214	16	500	500	0.5120	0.229	0.313	0.326	0.299	0.301	0.393	0.295	0.317	0.349	0.378	0.303	0.320	0.291	0.319	0.297	0.271	0.298	0.327	0.276	0.277	0.355	0.319	0.317	0.268	0.357	0.301	0.329	0.346	0.277	0.295	2.015	0.519	0.318	0.174	2.888	-17072.983
215	16	500	499	0.5074	0.305	0.317	0.287	0.279	0.317	0.309	0.305	0.260	0.267	0.377	0.274	0.288	0.294	0.381	0.253	0.261	0.309	0.323	0.239	0.341	0.296	0.234	0.297	0.315	0.321	0.339	0.312	0.251	0.303	0.285	2.058	0.571	0.253	0.210	1.061	-16704.679
216	16	500	500	0.5087	0.349	0.259	0.395	0.289	0.273	0.328	0.307	0.264	0.278	0.288	0.346	0.324	0.388	0.283	0.258	0.343	0.314	0.355	0.274	0.274	0.275	0.322	0.308	0.325	0.299	0.284	0.284	0.292	0.307	0.319	1.883	0.597	0.335	0.201	9.392	-17064.991
217	16	500	500	0.5258	0.299	0.241	0.274	0.281	0.276	0.306	0.270	0.259	0.282	0.319	0.327	0.239	0.241	0.365	0.298	0.331	0.304	0.313	0.259	0.322	0.335	0.269	0.269	0.228	0.343	0.242	0.297	0.307	0.274	0.319	2.045	0.551	0.249	0.210	1.895	-16500.928
218	16	500	500	0.4966	0.350	0.327	0.308	0.354	0.316	0.246	0.279	0.327	0.334	0.305	0.277	0.309	0.319	0.302	0.323	0.295	0.283	0.333	0.291	0.355	0.276	0.315	0.272	0.316	0.252	0.269	0.347	0.371	0.318	0.317	2.012	0.556	0.269	0.203	2.744	-17081.186
219	16	500	500	0.4868	0.334	0.275	0.265	0.247	0.316	0.276	0.277	0.299	0.372	0.353	0.292	0.277	0.282	0.285	0.305	0.347	0.353	0.264	0.299	0.346	0.306	0.334	0.325	0.268	0.318	0.305	0.242	0.271	0.362	0.354	2.062	0.640	0.346	0.209	4.811	-16903.246
220	16	500	500	0.5161	0.270	0.299	0.289	0.333	0.307	0.276	0.271	0.270	0.302	0.328	0.306	0.295	0.246	0.305	0.312	0.360	0.362	0.317	0.344	0.341	0.223	0.299	0.304	0.268	0.340	0.269	0.299	0.333	0.287	0.257	1.996	0.557	0.264	0.214	2.723	-16876.190
221	16	500	500	0.5001	0.285	0.248	0.344	0.366	0.265	0.269	0.270	0.290	0.331	0.347	0.292	0.257	0.295	0.261	0.339	0.311	0.289	0.216	0.309	0.300	0.283	0.260	0.264	0.306	0.242	0.248	0.283	0.362	0.308	0.286	1.920	0.665	0.324	0.207	2.881	-16628.056
222	16	500	500	0.5168	0.275	0.257	0.276	0.345	0.288	0.312	0.291	0.318	0.360	0.246	0.339	0.303	0.329	0.247	0.346	0.286	0.257	0.310	0.254	0.332	0.265	0.281	0.317	0.176	0.312	0.357	0.296	0.343	0.273	0.260	2.049	0.450	0.234	0.194	1.232	-16719.109
223	16	500	500	0.5130	0.335	0.283	0.333	0.250	0.284	0.299	0.310	0.285	0.216	0.292	0.260	0.348	0.321	0.291	0.294	0.290	0.289	0.312	0.302	0.308	0.314	0.270	0.342	0.306	0.312	0.213	0.301	0.365	0.286	0.251	1.962	0.625	0.297	0.197	4.094	-16561.450
224	16	500	500	0.5245	0.281	0.346	0.291	0.332	0.305	0.343	0.308	0.280	0.188	0.279	0.323	0.342	0.278	0.341	0.247	0.216	0.255	0.243	0.334	0.296	0.290	0.305	0.289	0.293	0.371	0.318	0.338	0.310	0.241	0.333	2.170	0.654	0.304	0.190	6.527	-16601.542
225	16	500	500	0.5299	0.217	0.331	0.258	0.281	0.272	0.314	0.355	0.247	0.263	0.300	0.267	0.299	0.286	0.274	0.324	0.277	0.325	0.324	0.307	0.329	0.272	0.297	0.303	0.297	0.283	0.285	0.265	0.282	0.238	0.361	1.968	0.652	0.295	0.198	3.650	-16549.016
226	16	500	498	0.5123	0.331	0.284	0.353	0.306	0.322	0.270	0.317	0.297	0.288	0.344	0.258	0.330	0.352	0.339	0.287	0.306	0.361	0.315	0.283	0.350	0.322	0.327	0.264	0.281	0.359	0.324	0.284	0.308	0.306	0.318	1.917	0.556	0.331	0.191	2.193	-17175.369
227	16	500	500	0.5088	0.317	0.250	0.348	0.302	0.253	0.281	0.270	0.269	0.344	0.234	0.323	0.286	0.302	0.328	0.302	0.314	0.410	0.307	0.257	0.290	0.277	0.270	0.355	0.286	0.328	0.293	0.323	0.273	0.300	0.343	1.964	0.637	0.305	0.198	3.926	-16724.611
228	16	500	500	0.5104	0.336	0.282	0.296	0.316	0.245	0.333	0.321	0.288	0.319	0.272	0.302	0.316	0.317	0.254	0.313	0.357	0.271	0.295	0.269	0.290	0.241	0.297	0.296	0.272	0.251	0.370	0.299	0.310	0.277	0.321	2.037	0.630	0.262	0.181	3.300	-16473.077
229	16	500	500	0.5144	0.277	0.333	0.339	0.282	0.313	0.323	0.259	0.283	0.303	0.266	0.330	0.315	0.309	0.294	0.357	0.249	0.366	0.337	0.296	0.270	0.317	0.317	0.310	0.215	0.261	0.325	0.334	0.365	0.296	0.378	1.938	0.576	0.317	0.212	5.179	-17198.764
230	16	500	500	0.5050	0.372	0.317	0.335	0.330	0.307	0.289	0.253	0.313	0.333	0.255	0.264	0.362	0.347	0.246	0.355	0.340	0.298	0.287	0.319	0.285	0.315	0.323	0.313	0.306	0.272	0.310	0.264	0.225	0.311	0.293	1.929	0.524	0.261	0.186	1.265	-16933.158
231	16	500	499	0.4978	0.282	0.298	0.351	4.127	0.287	0.305	0.308	0.266	0.374	0.233	0.314	0.303	0.284	0.329	0.295	0.205	0.296	0.292	0.342	0.297	0.321	0.290	0.311	0.214	0.364	0.297	0.344	0.322	0.281	0.290	2.132	0.667	0.317	0.214	880.636	-16687.598
232	16	500	500	0.4958	0.001	0.277	0.260	0.554	0.297	0.267	0.354	0.344	0.305	0.304	0.352	0.332	0.270	0.331	0.268	0.621	0.253	0.278	0.322	0.286	0.278	0.310	0.311	0.350	0.258	0.328	0.270	0.341	0.318	0.302	1.992	0.660	0.307	0.202	19.477	-16892.993
233	16	500	500	0.5191	0.247	0.390	0.290	0.337	0.289	0.295	0.244	0.293	0.278	0.281	0.322	0.287	0.327	0.309	0.289	0.252	0.298	0.330	0.313	0.361	0.280	0.316	0.264	0.306	0.308	0.244	0.340	0.329	0.307	0.254	2.009	0.613	0.335	0.204	3.920	-16871.691
234	16	500	500	0.5225	0.284	0.237	0.293	0.440	0.317	0.295	0.292	0.294	0.346	0.365	0.349	0.210	0.307	0.297	0.307	0.332	0.302	0.280	0.281	0.271	0.287	0.288	0.286	0.354	0.373	0.248	0.233	0.259	0.222	0.348	2.077	0.623	0.350	0.202	23.896	-16735.372
235	16	500	499	0.5037	0.291	0.275	0.313	0.288	0.260	0.294	0.344	0.292	0.344	0.320	0.321	0.340	0.302	0.302	0.266	0.273	0.327	0.256	0.294	0.303	0.274	0.318	0.266	0.241	0.291	0.329	0.316	0.355	0.300	0.294	2.066	0.625	0.346	0.194	8.618	-16792.811
236	16	500	499	0.5140	0.294	0.277	0.383	0.364	0.363	0.376	0.222	0.350	0.221	0.344	0.310	0.342	0.288	0.349	0.269	0.327	0.306	0.295	0.287	0.345	0.346	0.336	0.312	0.317	0.374	0.273	0.346	0.301	0.320	0.277	1.969	0.599	0.337	0.196	2.851	-17295.685
237	16	500	500	0.4913	0.315	0.228	0.311	0.378	0.305	0.298	0.288	0.310	0.307	0.277	0.282	0.267	0.308	0.309	0.261	0.331	0.250	0.337	0.239	0.266	0.286	0.321	0.284	0.281	0.272	0.267	0.335	0.273	0.335	0.295	2.025	0.600	0.293	0.193	2.852	-16516.837
238	16	500	500	0.5052	0.281	0.245	0.271	0.324	0.303	0.302	0.232	0.271	0.360	0.329	0.317	0.309	0.224	0.317	0.300	0.299	0.326	0.387	0.267	0.295	0.267	0.284	0.310	0.285	0.293	0.257	0.302	0.257	0.308	0.314	1.991	0.526	0.247	0.216	1.237	-16749.047
239	16	500	500	0.5076	0.351	0.405	0.334	0.406	0.300	0.275	0.300	0.331	0.269	0.250	0.325	0.355	0.321	0.317	0.215	0.352	0.358	0.319	0.248	0.293	0.321	0.342	0.308	0.350	0.311	0.316	0.288	0.261	0.293	0.366	2.186	0.640	0.319	0.216	5.252	-17212.942
240	16	500	500	0.5165	0.204	0.273	0.306	0.355	0.280	0.284	0.260	0.319	0.326	0.303	0.315	0.279	0.313	0.237	0.320	0.295	0.296	0.275	0.262	0.350	0.284	0.334	0.332	0.289	0.307	0.324	0.333	0.255	0.307	0.288	1.982	0.647	0.305	0.198	4.172	-16701.421
241	16	500	499	0.5081	0.288	0.322	0.320	0.297	0.277	0.253	0.258	0.360	0.280	0.330	0.248	0.319	0.292	0.298	0.285	0.260	0.306	0.293	0.214	0.307	0.319	0.258	0.300	0.281	0.281	0.328	0.250	0.221	0.296	0.253	1.949	0.626	0.289	0.194	2.717	-16345.079
242	16	500	500	0.5310	0.276	0.306	0.299	0.322	0.264	0.278	0.315	0.299	0.311	0.354	0.307	0.290	0.237	0.333	0.274	0.272	0.287	0.340	0.313	0.270	0.287	0.297	0.332	0.297	0.279	0.269	0.306	0.299	0.352	0.293	2.003	0.550	0.290	0.198	1.822	-16910.513
243	16	500	500	0.4995	0.334	0.324	0.362	0.248	0.367	0.232	0.320	0.232	0.296	0.346	0.311	0.323	0.302	0.289	0.291	0.289	0.269	0.241	0.311	0.291	0.307	0.273	0.298	0.317	0.381	0.329	0.262	0.299	0.316	0.295	2.071	0.512	0.293	0.192	1.850	-16840.929
244	16	500	500	0.5160	0.298	0.346	0.252	0.282	0.328	0.324	0.290	0.355	0.286	0.313	0.362	0.299	0.363	0.270	0.293	0.318	0.305	0.263	0.346	0.343	0.371	0.334	0.270	0.311	0.325	0.238	0.348	0.280	0.306	0.296	1.994	0.568	0.296	0.220	2.342	-17149.331
245	16	500	500	0.5126	0.335	0.199	0.321	0.275	0.249	0.259	0.281	0.342	0.294	0.293	0.346	0.346	0.352	0.303	0.301	0.344	0.268	0.340	0.311	0.304	0.247	0.380	0.344	0.288	0.278	0.265	0.261	0.268	0.266	0.234	1.984	0.608	0.297	0.200	3.486	-16733.984
246	16	500	499	0.5113	0.320	0.353	0.298	0.322	0.330	0.251	0.319	0.292	0.311	0.326	0.337	0.341	0.238	0.299	0.298	0.307	0.373	0.303	0.333	0.308	0.346	0.291	0.340	0.316	0.280	0.297	0.306	0.396	0.301	0.274	1.974	0.612	0.315	0.206	7.704	-17214.887
247	16	500	500	0.5073	0.296	0.354	0.285	0.320	0.217	0.286	0.318	0.257	0.280	0.326	0.304	0.309	0.251	0.361	0.285	0.340	0.325	0.367	0.307	0.290	0.246	0.281	0.325	0.219	0.393	0.260	0.360	0.270	0.281	0.289	2.223	0.584	0.284	0.196	1.330	-16703.742
248	16	500	500	0.5237	0.343	0.316	0.330	0.343	0.280	0.233	0.250	0.337	0.341	0.332	0.260	0.305	0.239	0.313	0.303	0.307	0.251	0.261	0.292	0.263	0.253	0.290	0.285	0.321	0.319	0.295	0.309	0.273	0.309	0.260	2.003	0.626	0.226	0.207	1.660	-16548.910
249	16	500	500	0.5252	0.265	0.318	0.339	0.303	0.259	0.288	0.297	0.288	0.289	0.262	0.312	0.257	0.321	0.282	0.278	0.340	0.335	0.349	0.339	0.263	0.267	0.336	0.262	0.323	0.281	0.295	0.292	0.278	0.279	0.296	2.017	0.308	0.145	0.200	1.078	-16749.523
250	16	500	500	0.5224	0.301	0.319	0.361	0.350	0.339	0.250	0.283	0.315	0.324	0.272	0.290	0.382	0.364	0.326	0.310	0.307	0.290	0.350	0.339	0.316	0.365	0.314	0.320	0.238	0.258	0.324	0.331	0.333	0.350	0.320	2.024	0.588	0.344	0.207	5.062	-17494.991
251	16	500	500	0.5238	0.263	0.210	0.321	0.275	0.287	0.330	0.299	0.327	0.312	0.233	0.296	0.301	0.301	0.360	0.256	0.344	0.326	0.273	0.291	0.265	0.291	0.300	0.294	0.260	0.305	0.283	0.322	0.332	0.280	0.266	1.980	0.662	0.313	0.218	6.361	-16769.673
252	16	500	500	0.5130	0.350	0.266	0.358	0.352	0.256	0.352	0.252	0.323	0.290	0.299	0.321	0.329	0.261	0.294	0.413	0.300	0.309	0.318	0.356	0.268	0.308	0.251	0.315	0.165	0.315	0.288	0.296	0.365	0.344	0.280	1.996	0.635	0.325	0.194	10.296	-16872.377
253	16	500	500	0.5138	0.328	0.216	0.307	0.332	0.280	0.269	0.275	0.311	0.299	0.293	0.296	0.280	0.238	0.296	0.285	0.372	0.292	0.320	0.251	0.343	0.233	0.255	0.329	0.378	0.279	0.277	0.273	0.270	0.227	0.275	1.916	0.639	0.255	0.211	3.803	-16385.216
254	16	500	500	0.5090	0.319	0.237	0.258	0.347	0.278	0.297	0.281	0.266	0.331	0.296	0.324	0.257	0.298	0.282	0.325	0.311	0.322	0.347	0.370	0.231	0.269	0.315	0.304	0.268	0.428	0.234	0.367	0.270	0.328	0.304	1.936	0.610	0.320	0.211	5.696	-17013.900
255	16	500	500	0.5220	0.335	0.249	0.300	0.357	0.289	0.306	0.289	0.331	0.288	0.265	0.292	0.281	0.260	0.283	0.321	0.272	0.272	0.246	0.254	0.284	0.353	0.320	0.300	0.232	0.313	0.268	0.285	0.280	0.263	0.313	1.992	0.599	0.268	0.200	2.316	-16511.048
256	16	500	500	0.5359	0.310	0.303	0.363	0.325	0.349	0.276	0.280	0.265	0.231	0.348	0.338	0.281	0.284	0.320	0.258	0.250	0.333	0.344	0.306	0.274	0.309	0.343	0.275	0.309	0.299	0.296	0.273	0.322	0.295	0.331	2.055	0.523	0.312	0.203	2.372	-17147.577
257	16	500	500	0.5262	0.341	0.294	0.268	0.359	0.279	0.264	0.272	0.286	0.278	0.277	0.288	0.306	0.285	0.270	0.288	0.250	0.258	0.226	0.311	0.278	0.357	0.272	0.298	0.310	0.332	0.319	0.266	0.296	0.327	0.304	1.932	0.622	0.341	0.204	3.959	-16633.832
258	16	500	500	0.5289	0.330	0.225	0.346	0.277	0.317	0.268	0.270	0.275	0.298	0.297	0.232	0.364	0.324	0.306	0.285	0.322	0.317	0.293	0.268	0.255	0.322	0.323	0.290	0.221	0.426	0.323	0.303	0.254	0.318	0.326	1.935	0.493	0.232	0.199	1.000	-16779.707
259	16	500	499	0.5115	0.321	0.298	0.414	0.252	0.330	0.277	0.324	0.380	0.315	0.369	0.309	0.293	0.308	0.324	0.293	0.295	0.216	0.269	0.314	0.254	0.357	0.354	0.307	0.287	0.303	0.350	0.294	0.277	0.279	0.371	1.918	0.462	0.257	0.188	1.510	-17054.852
260	16	500	499	0.5141	0.315	0.314	0.408	0.297	0.282	0.276	0.297	0.388	0.342	0.295	0.298	0.379	0.321	0.340	0.303	0.255	0.298	0.293	0.287	0.289	0.300	0.291	0.302	0.231	0.335	0.357	0.307	0.252	0.342	0.277	1.979	0.582	0.296	0.190	5.118	-17046.829
261	16	500	500	0.5060	0.298	0.309	0.323	0.304	0.324	0.317	0.315	0.272	0.316	0.290	0.323	0.308	0.282	0.341	0.308	0.336	0.325	0.389	0.254	0.328	0.292	0.316	0.296	0.281	0.284	0.335	0.348	0.308	0.335	0.276	1.898	0.579	0.308	0.198	4.540	-17149.709
262	16	500	500	0.5105	0.309	0.352	0.335	0.293	0.382	0.253	0.285	0.354	0.288	0.411	0.295	0.337	0.327	0.340	0.309	0.325	0.225	0.277	0.324	0.311	0.300	0.304	0.360	0.342	0.337	0.342	0.320	0.360	0.347	0.329	1.988	0.520	0.302	0.191	4.316	-17561.709
263	16	500	499	0.5020	0.326	0.323	0.372	0.386	0.289	0.212	0.285	0.253	0.247	0.312	0.314	0.256	0.297	0.290	0.274	0.273	0.295	0.326	0.307	0.297	0.220	0.243	0.333	0.244	0.291	0.243	0.251	0.317	0.248	0.273	2.034	0.658	0.272	0.213	5.031	-16293.512
264	16	500	500	0.5180	0.286	0.331	0.325	0.296	0.278	0.256	0.279	0.330	0.295	0.294	0.307	0.295	0.264	0.310	0.280	0.197	0.270	0.316	0.289	0.317	0.329	0.377	0.322	0.274	0.235	0.301	0.302	0.384	0.310	0.280	1.903	0.590	0.325	0.202	4.035	-16901.423
265	16	500	500	0.5018	0.308	0.392	0.276	0.340	0.270	0.416	0.281	0.322	0.394	0.271	0.351	0.290	0.274	0.334	0.270	0.335	0.280	0.298	0.285	0.335	0.311	0.352	0.285	0.321	0.273	0.337	0.326	0.342	0.314	0.325	2.029	0.588	0.355	0.195	3.768	-17220.596
266	16	500	500	0.5076	0.291	0.393	0.308	0.302	0.278	0.321	0.254	0.273	0.266	0.295	0.259	0.370	0.285	0.282	0.284	0.267	0.300	0.302	0.290	0.292	0.296	0.312	0.291	0.292	0.296	0.337	0.292	0.252	0.277	0.326	1.967	0.608	0.288	0.190	2.766	-16756.173
267	16	500	500	0.5041	0.275	0.300	0.363	0.341	0.265	0.356	0.350	0.311	0.392	0.309	0.301	0.328	0.282	0.276	0.340	0.352	0.260	0.309	0.312	0.276	0.442	0.328	0.280	0.305	0.295	0.323	0.300	0.311	0.312	0.280	1.937	0.634	0.311	0.200	1.175	-17150.470
268	16	500	500	0.5120	0.343	0.382	0.327	0.283	0.325	0.325	0.305	0.351	0.293	0.326	0.284	0.318	0.343	0.337	0.207	0.371	0.263	0.360	0.322	0.281	0.258	0.344	0.329	0.230	0.381	0.294	0.293	0.242	0.271	0.305	2.135	0.559	0.297	0.196	2.644	-16851.036
269	16	500	500	0.5114	0.301	0.270	0.279	0.276	0.288	0.281	0.307	0.336	0.267	0.268	0.263	0.317	0.327	0.345	0.316	0.301	0.348	0.321	0.290	0.287	0.256	0.307	0.319	0.320	0.291	0.237	0.327	0.288	0.312	0.279	1.925	0.662	0.303	0.200	4.368	-16650.215
270	16	500	500	0.5028	0.291	0.242	0.300	0.369	0.271	0.327	0.279	0.336	0.245	0.314	0.269	0.298	0.291	0.314	0.273	0.277	0.335	0.255	0.359	0.302	0.320	0.285	0.326	0.272	0.276	0.256	0.347	0.308	0.288	0.328	1.939	0.575	0.319	0.192	3.067	-16848.161
271	16	500	500	0.5005	0.249	0.295	0.283	0.404	0.302	0.335	0.334	0.297	0.377	0.367	0.347	0.282	0.321	0.311	0.293	0.258	0.358	0.245	0.343	0.267	0.304	0.251	0.331	0.254	0.318	0.294	0.280	0.343	0.287	0.262	1.883	0.633	0.353	0.183	28.380	-16746.799
272	16	500	500	0.5068	0.269	0.278	0.295	0.332	0.314	0.331	0.255	0.291	0.259	0.278	0.372	0.284	0.265	0.288	0.299	0.302	0.216	0.281	0.302	0.230	0.335	0.324	0.297	0.273	0.286	0.312	0.220	0.286	0.318	0.345	2.091	0.607	0.332	0.194	5.499	-16524.061
273	16	500	499	0.5058	0.288	0.247	0.336	0.335	0.266	0.283	0.281	0.266	0.311	0.232	0.295	0.286	0.257	0.343	0.306	0.301	0.297	0.278	0.289	0.273	0.327	0.283	0.292	0.350	0.305	0.264	0.280	0.238	0.271	0.302	2.012	0.541	0.224	0.202	2.081	-16364.919
274	16	500	500	0.5112	0.388	0.378	0.310	0.332	0.245	0.328	0.354	0.270	0.253	0.292	0.296	0.337	0.293	0.308	0.282	0.344	0.300	0.264	0.350	0.257	0.338	0.276	0.294	0.284	0.387	0.308	0.251	0.223	0.338	0.281	1.978	0.596	0.296	0.214	3.906	-16981.714
275	16	500	498	0.5042	0.251	0.223	0.242	0.272	0.258	0.320	0.272	0.336	0.363	0.343	0.268	0.328	0.221	0.280	0.278	0.284	0.275	0.367	0.227	0.306	0.254	0.321	0.297	0.298	0.288	0.264	0.329	0.274	0.290	0.305	1.931	0.653	0.276	0.207	3.348	-16393.373
276	16	500	500	0.5177	0.282	0.284	0.340	0.339	0.256	0.322	0.283	0.281	0.347	0.280	0.300	0.306	0.321	0.323	0.349	0.334	0.335	0.333	0.320	0.384	0.300	0.317	0.345	0.288	0.282	0.302	0.279	0.328	0.340	0.284	1.938	0.585	0.328	0.217	4.418	-17439.967
277	16	500	500	0.5188	0.309	0.296	0.352	0.354	0.337	0.273	0.295	0.289	0.306	0.313	0.301	0.317	0.285	0.266	0.339	0.318	0.295	0.308	0.267	0.248	0.301	0.292	0.253	0.245	0.280	0.317	0.288	0.320	0.295	0.263	2.059	0.518	0.279	0.211	2.646	-16877.907
278	16	500	500	0.4996	0.329	0.317	0.319	0.309	0.374	0.300	0.312	0.257	0.292	0.333	0.351	0.238	0.282	0.294	0.292	0.271	0.285	0.351	0.253	0.352	0.284	0.282	0.302	0.361	0.299	0.297	0.314	0.285	0.312	0.326	2.003	0.553	0.296	0.202	2.971	-16936.279
279	16	500	500	0.5202	0.295	0.295	0.322	0.333	0.262	0.313	0.315	0.368	0.243	0.327	0.295	0.368	0.252	0.321	0.323	0.287	0.274	0.357	0.261	0.272	0.332	0.311	0.324	0.332	0.263	0.321	0.320	0.290	0.277	0.322	2.062	0.562	0.322	0.203	1.804	-17048.300
280	16	500	500	0.5135	0.322	0.231	0.303	0.255	0.295	0.307	0.306	0.299	0.309	0.282	0.325	0.266	0.333	0.312	0.325	0.316	0.374	0.317	0.331	0.292	0.215	0.289	0.277	0.243	0.232	0.363	0.266	0.312	0.294	0.284	1.950	0.650	0.316	0.219	5.241	-16808.521
281	16	500	500	0.5090	0.357	0.319	0.267	0.274	0.265	0.279	0.341	0.317	0.280	0.291	0.312	0.292	0.308	0.282	0.248	0.319	0.227	0.261	0.312	0.299	0.311	0.287	0.317	0.325	0.260	0.310	0.290	0.326	0.315	0.312	2.135	0.614	0.297	0.201	3.616	-16552.446
282	16	500	500	0.5166	0.315	0.326	0.337	0.310	0.230	0.333	0.291	0.291	0.291	0.264	0.264	0.298	0.310	0.300	0.297	0.301	0.332	0.318	0.334	0.268	0.334	0.279	0.293	0.267	0.263	0.294	0.237	0.301	0.263	0.284	2.065	0.703	0.272	0.209	5.430	-16552.016
283	16	500	500	0.4956	0.302	0.254	0.375	0.308	0.211	0.269	0.236	0.314	0.309	0.239	0.270	0.262	0.327	0.292	0.350	0.362	0.308	0.266	0.252	0.322	0.311	0.285	0.325	0.322	0.291	0.317	0.286	0.254	0.299	0.285	2.016	0.626	0.319	0.202	2.375	-16482.668
284	16	500	500	0.5216	0.263	0.281	0.289	0.292	0.327	0.298	0.312	0.375	0.403	0.340	0.313	0.267	0.373	0.271	0.229	0.284	0.267	0.256	0.348	0.277	0.358	0.338	0.289	0.305	0.335	0.277	0.253	0.358	0.222	0.347	1.906	0.591	0.327	0.187	4.006	-17003.878
285	16	500	500	0.5122	0.267	0.308	0.345	0.375	0.322	0.337	0.353	0.325	0.321	0.308	0.305	0.309	0.315	0.290	0.324	0.258	0.284	0.277	0.323	0.274	0.299	0.332	0.287	0.263	0.307	0.284	0.335	0.274	0.309	0.251	2.014	0.644	0.342	0.202	33.277	-16909.810
286	16	500	498	0.5166	0.299	0.296	0.296	0.312	0.303	0.246	0.284	0.291	0.271	0.278	0.337	0.293	0.364	0.349	0.260	0.318	0.200	0.261	0.269	0.294	0.382	0.332	0.291	0.369	0.296	0.299	0.307	0.310	0.282	0.311	1.991	0.629	0.300	0.182	9.296	-16596.859
287	16	500	497	0.4976	0.309	0.298	0.303	0.320	0.316	0.299	0.270	0.252	0.293	0.261	0.249	0.325	0.244	0.279	0.283	0.293	0.293	0.341	0.275	0.315	0.255	0.284	0.245	0.242	0.303	0.281	0.286	0.250	0.293	0.311	2.030	0.637	0.250	0.196	3.501	-16220.689
288	16	500	500	0.5221	0.319	0.313	0.327	0.321	0.280	0.288	0.278	0.291	0.251	0.319	0.360	0.333	0.342	0.282	0.314	0.313	0.297	0.310	0.300	0.274	0.289	0.352	0.268	0.288	0.301	0.221	0.322	0.295	0.340	0.286	2.025	0.638	0.330	0.197	1.929	-16907.943
289	16	500	500	0.5061	0.324	0.268	0.285	0.324	0.307	0.295	0.286	0.266	0.334	0.315	0.310	0.276	0.318	0.290	0.346	0.273	0.329	0.276	0.280	0.295	0.336	0.353	0.312	0.358	0.331	0.340	0.294	0.317	0.341	0.298	1.983	0.617	0.311	0.192	5.228	-16964.692
290	16	500	500	0.5205	0.329	0.333	0.314	0.313	0.307	0.286	0.256	0.340	0.281	0.336	0.307	0.261	0.257	0.247	0.261	0.279	0.273	0.283	0.295	0.299	0.331	0.255	0.333	0.338	0.288	0.317	0.280	0.325	0.273	0.363	2.043	0.631	0.312	0.205	5.106	-16712.499
291	16	500	500	0.5153	0.284	0.311	0.257	0.279	0.305	0.297	0.281	0.326	0.341	0.318	0.321	0.319	0.259	0.300	0.357	0.310	0.256	0.293	0.252	0.295	0.315	0.248	0.308	0.322	0.249	0.286	0.273	0.322	0.283	0.296	2.091	0.617	0.263	0.203	3.052	-16607.817
292	16	500	500	0.5225	0.328	0.268	0.239	0.313	0.343	0.281	0.240	0.251	0.292	0.235	0.354	0.288	0.278	0.270	0.312	0.323	0.214	0.306	0.277	0.373	0.280	0.323	0.321	0.289	0.347	0.301	0.321	0.319	0.331	0.281	1.973	0.655	0.290	0.196	6.036	-16684.402
293	16	500	500	0.5113	0.314	0.361	0.272	0.296	0.224	0.276	0.347	0.295	0.231	0.287	0.320	0.245	0.302	0.276	0.269	0.303	0.284	0.278	0.324	0.284	0.278	0.305	0.266	0.264	0.296	0.251	0.296	0.289	0.258	0.266	1.962	0.664	0.254	0.213	2.939	-16438.697
294	16	500	500	0.5268	0.412	0.283	0.314	0.359	0.238	0.258	0.355	0.270	0.325	0.307	0.333	0.242	0.298	0.346	0.284	0.330	0.268	0.276	0.286	0.341	0.299	0.250	0.302	0.290	0.301	0.296	0.291	0.248	0.296	0.291	2.070	0.673	0.297	0.231	10.835	-16853.671
295	16	500	498	0.5061	0.279	0.244	0.360	0.212	0.342	0.259	0.315	0.292	0.316	0.316	0.243	0.249	0.278	0.250	0.302	0.236	0.374	0.263	0.300	0.312	0.304	0.303	0.303	0.322	0.263	0.310	0.277	0.319	0.291	0.247	1.900	0.530	0.244	0.192	3.321	-16487.841
296	16	500	500	0.5165	0.296	0.312	0.367	0.308	0.303	0.292	0.257	0.283	0.294	0.313	0.304	0.306	0.269	0.336	0.335	0.316	0.249	0.309	0.336	0.322	0.311	0.326	0.309	0.194	0.318	0.332	0.262	0.343	0.342	0.274	2.043	0.620	0.327	0.199	1.800	-16985.674
297	16	500	499	0.5270	0.278	0.289	0.271	0.307	0.252	0.308	0.260	0.276	0.322	0.271	0.331	0.303	0.308	0.269	0.233	0.283	0.268	0.372	0.236	0.313	0.361	0.323	0.296	0.307	0.295	0.285	0.296	0.313	0.317	0.331	2.027	0.521	0.254	0.184	1.000	-16502.164
298	16	500	500	0.5155	0.316	0.317	0.288	0.346	0.270	0.345	0.341	0.302	0.286	0.255	0.342	0.224	0.369	0.279	0.326	0.349	0.385	0.232	0.295	0.306	0.279	0.265	0.330	0.283	0.287	0.310	0.284	0.244	0.314	0.284	1.846	0.628	0.325	0.201	5.108	-16880.407
299	16	500	500	0.5102	0.252	0.282	0.280	0.244	0.338	0.268	0.300	0.325	0.328	0.253	0.369	0.328	0.330	0.397	0.322	0.283	0.386	0.294	0.261	0.274	0.305	0.343	0.290	0.291	0.260	0.342	0.376	0.292	0.355	0.298	2.055	0.579	0.326	0.198	5.360	-17171.482
300	16	500	500	0.5063	0.369	0.441	0.282	0.282	0.301	0.292	0.323	0.238	0.216	0.266	0.284	0.350	0.309	0.352	0.330	0.323	0.255	0.327	0.272	0.340	0.311	0.248	0.343	0.252	0.367	0.272	0.282	0.283	0.335	0.285	2.115	0.507	0.285	0.205	1.692	-16942.919
301	16	500	500	0.5248	0.269	0.317	0.312	0.252	0.291	0.275	0.246	0.374	0.217	0.362	0.342	0.305	0.256	0.321	0.316	0.312	0.331	0.299	0.244	0.354	0.227	0.315	0.322	0.294	0.356	0.299	0.313	0.328	0.300	0.277	2.056	0.580	0.321	0.189	2.593	-16852.869
302	16	500	500	0.5150	0.356	0.260	0.272	0.340	0.330	0.315	0.286	0.300	0.313	0.343	0.283	0.300	0.308	0.293	0.302	0.337	0.279	0.285	0.338	0.337	0.269	0.272	0.291	0.256	0.301	0.290	0.321	0.298	0.273	0.320	2.033	0.621	0.325	0.203	4.010	-16941.913
303	16	500	500	0.5153	0.340	0.411	0.272	0.303	0.306	0.347	0.273	0.348	0.229	0.329	0.278	0.275	0.305	0.263	0.301	0.287	0.178	0.293	0.333	0.280	0.263	0.267	0.344	0.340	0.260	0.325	0.300	0.328	0.308	0.322	2.122	0.551	0.313	0.198	2.780	-16846.163
304	16	500	500	0.5078	0.272	0.389	0.240	0.275	0.354	0.293	0.306	0.323	0.250	0.236	0.279	0.389	0.322	0.282	0.278	0.287	0.288	0.263	0.326	0.335	0.323	0.299	0.285	0.336	0.342	0.271	0.315	0.290	0.288	0.292	2.053	0.437	0.231	0.189	1.000	-16747.008
305	16	500	499	0.5032	0.279	0.322	0.227	0.267	0.348	0.312	0.327	0.299	0.346	0.291	0.300	0.308	0.383	0.298	0.333	0.276	0.278	0.301	0.341	0.286	0.281	0.332	0.297	0.250	0.283	0.340	0.306	0.315	0.308	0.302	2.111	0.539	0.271	0.204	2.797	-16905.249
306	16	500	500	0.4978	0.284	0.292	0.345	0.369	0.372	0.307	0.271	0.283	0.329	0.289	0.304	0.289	0.298	0.318	0.326	0.289	0.265	0.276	0.293	0.316	0.262	0.338	0.286	0.320	0.276	0.288	0.267	0.317	0.279	0.270	1.895	0.613	0.285	0.193	3.729	-16827.048
307	16	500	500	0.5248	0.308	0.293	0.322	0.213	0.340	0.345	0.348	0.282	0.329	0.286	0.271	0.280	0.318	0.272	0.295	0.279	0.412	0.215	0.247	0.348	0.323	0.346	0.306	0.286	0.303	0.291	0.298	0.349	0.330	0.294	1.946	0.668	0.274	0.202	2.465	-16902.636
308	16	500	500	0.4992	0.295	0.348	0.286	0.314	0.282	0.303	0.333	0.296	0.334	0.267	0.348	0.203	0.253	0.242	0.276	0.372	0.260	0.227	0.323	0.306	0.282	0.368	0.208	0.311	0.288	0.344	0.310	0.286	0.245	0.334	2.152	0.577	0.269	0.189	4.650	-16355.980
309	16	500	499	0.5350	0.321	0.285	0.278	0.330	0.349	0.301	0.292	0.342	0.287	0.336	0.281	0.345	0.370	0.271	0.290	0.284	0.393	0.322	0.303	0.344	0.294	0.312	0.351	0.341	0.312	0.285	0.354	0.250	0.301	0.262	2.075	0.609	0.293	0.197	6.009	-17054.214
310	16	500	500	0.5133	0.342	0.200	0.289	0.298	0.285	0.266	0.305	0.260	0.247	0.302	0.327	0.216	0.363	0.334	0.284	0.310	0.307	0.323	0.292	0.284	0.274	0.291	0.367	0.246	0.292	0.337	0.287	0.268	0.338	0.268	2.054	0.494	0.224	0.212	1.000	-16715.799
311	16	500	500	0.5194	0.395	0.290	0.253	0.353	0.268	0.325	0.323	0.337	0.314	0.266	0.285	0.316	0.328	0.253	0.286	0.329	0.248	0.289	0.325	0.278	0.270	0.255	0.340	0.314	0.255	0.320	0.372	0.281	0.291	0.307	2.004	0.610	0.305	0.203	4.230	-16897.050
312	16	500	500	0.4928	0.311	0.304	0.273	0.302	0.338	0.327	0.286	0.350	0.210	0.332	0.267	0.296	0.302	0.256	0.287	0.274	0.300	0.250	0.330	0.316	0.407	0.345	0.294	0.328	0.274	0.269	0.380	0.272	0.256	0.259	1.921	0.539	0.281	0.207	1.427	-16854.524
313	16	500	500	0.4983	0.331	0.256	0.297	0.302	0.335	0.272	0.352	0.273	0.317	0.259	0.269	0.300	0.255	0.248	0.297	0.326	0.285	0.313	0.334	0.209	0.325	0.273	0.280	0.328	0.271	0.330	0.278	0.312	0.266	0.330	1.989	0.487	0.215	0.204	1.243	-16623.906
314	16	500	500	0.5162	0.268	0.285	0.271	0.340	0.322	0.347	0.261	0.327	0.315	0.225	0.326	0.312	0.370	0.335	0.263	0.252	0.341	0.332	0.342	0.309	0.302	0.326	0.273	0.371	0.317	0.403	0.321	0.281	0.299	0.229	1.953	0.528	0.292	0.194	3.299	-17166.948
315	16	500	500	0.5184	0.370	0.164	0.277	0.327	0.298	0.275	0.309	0.366	0.382	0.269	0.295	0.287	0.249	0.329	0.280	0.288	0.284	0.330	0.289	0.278	0.282	0.293	0.241	0.361	0.219	0.296	0.354	0.298	0.292	0.298	2.131	0.598	0.278	0.192	3.113	-16644.593
316	16	500	498	0.5236	0.299	0.310	0.284	0.352	0.268	0.326	0.237	0.289	0.308	0.415	0.318	0.278	0.259	0.252	0.308	0.317	0.313	0.281	0.335	0.297	0.306	0.252	0.340	0.353	0.288	0.239	0.347	0.288	0.328	0.349	2.030	0.632	0.343	0.204	12.689	-16904.784
317	16	500	500	0.5293	0.332	0.250	0.342	0.288	0.325	0.277	0.313	0.269	0.273	0.281	0.310	0.284	0.327	0.321	0.289	0.336	0.303	0.254	0.278	0.282	0.313	0.315	0.316	0.249	0.293	0.250	0.365	0.334	0.290	0.305	2.097	0.679	0.321	0.229	20.135	-16991.099
318	16	500	500	0.5165	0.257	0.298	0.256	0.337	0.279	0.258	0.323	0.322	0.279	0.294	0.251	0.307	0.265	0.269	0.269	0.287	0.315	0.280	0.266	0.297	0.255	0.276	0.258	0.258	0.251	0.260	0.320	0.307	0.346	0.316	1.903	0.670	0.283	0.210	6.157	-16421.861
319	16	500	500	0.5022	0.334	0.323	0.313	0.313	0.327	0.321	0.323	0.280	0.344	0.244	0.361	0.306	0.256	0.279	0.344	0.338	0.308	0.279	0.323	0.302	0.322	0.310	0.340	0.298	0.285	0.299	0.277	0.281	0.282	0.302	1.975	0.610	0.306	0.213	1.599	-17049.301
320	16	500	500	0.5249	0.270	0.338	0.314	0.295	0.347	0.233	0.319	0.283	0.363	0.241	0.229	0.297	0.302	0.283	0.297	0.325	0.261	0.278	0.322	0.315	0.282	0.311	0.368	0.312	0.260	0.265	0.319	0.323	0.305	0.311	1.982	0.525	0.230	0.212	1.087	-16804.849
321	16	500	500	0.5054	0.317	0.287	0.291	0.255	0.373	0.201	0.342	0.274	0.336	0.266	0.287	0.276	0.316	0.267	0.287	0.373	0.275	0.319	0.313	0.339	0.210	0.263	0.239	0.310	0.293	0.248	0.250	0.252	0.242	0.328	2.061	0.566	0.281	0.212	1.000	-16403.870
322	16	500	500	0.5005	0.355	0.305	0.227	0.296	0.310	0.331	0.256	0.300	0.395	0.319	0.338	0.318	0.289	0.263	0.298	0.277	0.246	0.371	0.316	0.284	0.346	0.291	0.296	0.341	0.257	0.351	0.307	0.266	0.331	0.316	1.844	0.625	0.309	0.196	1.000	-16933.643
323	16	500	500	0.4986	0.265	0.323	0.300	0.309	0.295	0.319	0.338	0.318	0.217	0.299	0.314	0.339	0.398	0.327	0.277	0.264	0.319	0.276	0.258	0.351	0.283	0.304	0.321	0.263	0.284	0.293	0.349	0.284	0.272	0.358	2.077	0.577	0.275	0.203	4.149	-16913.630
324	16	500	500	0.5175	0.307	0.348	0.324	0.305	0.235	0.304	0.277	0.326	0.424	0.225	0.311	0.257	0.306	0.309	0.340	0.284	0.276	0.301	0.286	0.299	0.294	0.277	0.304	0.289	0.252	0.257	0.320	0.293	0.315	0.310	2.044	0.301	0.160	0.205	1.000	-16817.574
325	16	500	499	0.5080	0.249	0.262	0.289	0.324	0.245	0.302	0.272	0.301	0.233	0.325	0.262	0.270	0.288	0.284	0.338	0.287	0.264	0.349	0.280	0.331	0.305	0.326	0.292	0.252	0.264	0.234	0.312	0.297	0.280	0.288	1.929	0.543	0.241	0.208	1.557	-16472.986
326	16	500	500	0.5183	0.289	0.286	0.291	0.252	0.309	0.287	0.320	0.332	0.334	0.291	0.254	0.371	0.342	0.308	0.300	0.273	0.264	0.376	0.288	0.273	0.288	0.324	0.263	0.365	0.288	0.346	0.258	0.314	0.228	0.352	1.977	0.532	0.243	0.205	1.000	-16973.132
327	16	500	500	0.5100	0.387	0.271	0.292	0.358	0.306	0.282	0.343	0.261	0.262	0.277	0.324	0.270	0.285	0.274	0.231	0.324	0.315	0.346	0.283	0.282	0.283	0.354	0.274	0.317	0.289	0.287	0.255	0.283	0.324	0.262	1.946	0.609	0.331	0.210	1.765	-16866.292
328	16	500	500	0.5166	0.298	0.257	0.337	0.317	0.310	0.303	0.337	0.294	0.286	0.244	0.302	0.284	0.271	0.315	0.290	0.267	0.373	0.248	0.232	0.321	0.259	0.253	0.346	0.248	0.286	0.265	0.306	0.290	0.365	0.284	1.859	0.490	0.208	0.202	1.000	-16580.309
329	16	500	500	0.5043	0.254	0.273	0.259	0.275	0.301	0.368	0.331	0.273	0.364	0.295	0.288	0.292	0.319	0.267	0.334	0.246	0.305	0.394	0.332	0.280	0.271	0.360	0.238	0.291	0.306	0.377	0.294	0.236	0.288	0.328	2.065	0.371	0.198	0.190	1.083	-16850.948
330	16	500	500	0.5019	0.282	0.244	0.315	0.302	0.265	0.330	0.314	0.306	0.232	0.322	0.292	0.254	0.311	0.317	0.282	0.354	0.337	0.364	0.277	0.273	0.292	0.306	0.282	0.320	0.335	0.345	0.268	0.215	0.356	0.345	1.952	0.516	0.273	0.196	1.418	-16713.040
331	16	500	500	0.5083	0.328	0.294	0.298	0.370	0.332	0.328	0.348	0.348	0.268	0.377	0.295	0.334	0.297	0.270	0.329	0.291	0.330	0.320	0.320	0.319	0.345	0.381	0.306	0.248	0.266	0.333	0.304	0.333	0.319	0.301	2.120	0.565	0.333	0.182	5.385	-17159.506
332	16	500	500	0.5103	0.275	0.293	0.301	0.355	0.284	0.244	0.332	0.305	0.305	0.283	0.292	0.333	0.316	0.397	0.267	0.351	0.315	0.305	0.294	0.296	0.296	0.338	0.277	0.260	0.311	0.284	0.302	0.344	0.314	0.252	2.000	0.503	0.279	0.197	4.908	-17061.479
333	16	500	500	0.5064	0.276	0.258	0.239	0.240	0.285	0.299	0.326	0.260	0.284	0.270	0.285	0.352	0.284	0.354	0.247	0.312	0.306	0.282	0.330	0.328	0.284	0.308	0.294	0.290	0.306	0.283	0.228	0.321	0.328	0.281	1.999	0.505	0.257	0.216	2.524	-16752.703
334	16	500	500	0.4991	0.302	0.330	0.320	0.287	0.315	0.252	0.271	0.331	0.297	0.241	0.289	0.258	0.271	0.275	0.267	0.292	0.286	0.309	0.315	0.262	0.244	0.265	0.289	0.273	0.301	0.279	0.274	0.268	0.291	0.266	1.956	0.420	0.176	0.203	1.000	-16351.809
335	16	500	500	0.4918	0.287	0.355	0.340	0.318	0.291	0.213	0.301	0.354	0.405	0.288	0.290	0.325	0.282	0.334	0.313	0.363	0.324	0.271	0.277	0.359	0.324	0.315	0.340	0.282	0.343	0.248	0.304	0.307	0.325	0.319	1.908	0.523	0.291	0.195	1.970	-17065.989
336	16	500	500	0.5274	0.272	0.367	0.265	0.261	0.345	0.346	0.300	0.330	0.331	0.299	0.332	0.303	0.254	0.339	0.243	0.216	0.332	0.266	0.293	0.230	0.228	0.240	0.330	0.228	0.341	0.341	0.285	0.280	0.292	0.276	1.886	0.554	0.236	0.213	1.635	-16739.351
337	16	500	498	0.5185	0.313	0.259	0.253	0.360	0.271	0.282	0.308	0.290	0.317	0.294	0.256	0.260	0.288	0.298	0.282	0.260	0.259	0.291	0.281	0.257	0.310	0.307	0.261	0.277	0.288	0.244	0.317	0.293	0.296	0.298	2.062	0.674	0.293	0.200	8.276	-16313.974
338	16	500	498	0.5032	0.296	0.212	0.356	0.364	0.255	0.234	0.271	0.282	0.275	0.285	0.297	0.269	0.269	0.279	0.306	0.264	0.299	0.327	0.342	0.263	0.323	0.317	0.338	0.256	0.276	0.295	0.288	0.347	0.330	0.309	1.855	0.648	0.283	0.194	6.687	-16540.605
339	16	500	500	0.5016	0.230	0.260	0.348	0.321	0.235	0.289	0.282	0.292	0.279	0.283	0.272	0.319	0.258	0.345	0.331	0.294	0.310	0.336	0.292	0.344	0.379	0.341	0.279	0.282	0.257	0.297	0.290	0.344	0.282	0.301	1.958	0.585	0.297	0.217	2.434	-16952.249
340	16	500	500	0.5287	0.378	0.273	0.271	0.298	0.347	0.307	0.334	0.317	0.269	0.265	0.301	0.386	0.327	0.279	0.309	0.316	0.237	0.319	0.272	0.351	0.362	0.327	0.271	0.373	0.235	0.314	0.286	0.298	0.245	0.295	2.053	0.553	0.296	0.220	1.000	-17111.126
341	16	500	500	0.5107	0.336	0.296	0.288	0.278	0.315	0.324	0.353	0.371	0.346	0.275	0.343	0.318	0.277	0.264	0.292	0.272	0.270	0.281	0.334	0.283	0.302	0.292	0.272	0.305	0.321	0.330	0.293	0.351	0.315	0.377	2.030	0.582	0.287	0.208	2.004	-17110.726
342	16	500	500	0.5125	0.307	0.281	0.312	0.323	0.301	0.323	0.337	0.245	0.340	0.250	0.254	0.294	0.306	0.289	0.277	0.332	0.330	0.341	0.309	0.243	0.275	0.305	0.271	0.343	0.287	0.305	0.341	0.250	0.358	0.335	2.055	0.659	0.326	0.195	2.401	-16680.677
343	16	500	499	0.5103	0.259	0.294	0.344	0.320	0.256	0.313	0.270	0.338	0.263	0.314	0.237	0.285	0.316	0.331	0.341	0.259	0.235	0.316	0.318	0.330	0.294	0.337	0.244	0.364	0.275	0.308	0.267	0.297	0.300	0.262	1.972	0.666	0.321	0.204	13.119	-16676.033
344	16	500	499	0.5240	0.258	0.312	0.290	0.312	0.296	0.363	0.338	0.326	0.340	0.297	0.336	0.266	0.297	0.366	0.305	0.309	0.392	0.336	0.277	0.304	0.266	0.360	0.305	0.234	0.338	0.298	0.336	0.278	0.301	0.272	2.082	0.550	0.348	0.207	1.376	-17228.900
345	16	500	500	0.5151	0.345	0.245	0.395	0.248	0.267	0.311	0.366	0.353	0.328	0.319	0.326	0.325	0.297	0.385	0.292	0.320	0.341	0.280	0.321	0.324	0.295	0.315	0.279	0.254	0.274	0.287	0.358	0.331	0.309	0.295	2.025	0.523	0.302	0.192	1.000	-17128.396
346	16	500	500	0.5369	0.303	0.289	0.306	0.338	0.362	0.278	0.314	0.266	0.371	0.239	0.336	0.312	0.249	0.316	0.318	0.302	0.287	0.338	0.267	0.274	0.308	0.273	0.300	0.325	0.376	0.286	0.297	0.258	0.267	0.286	2.003	0.643	0.316	0.190	8.165	-16693.546
347	16	500	499	0.5166	0.317	0.318	0.298	0.300	0.313	0.256	0.310	0.298	0.286	0.241	0.293	0.352	0.283	0.346	0.358	0.345	0.323	0.294	0.329	0.328	0.340	0.341	0.286	0.263	0.374	0.292	0.255	0.277	0.260	0.250	2.134	0.610	0.295	0.202	2.653	-16798.289
348	16	500	500	0.5196	0.376	0.196	0.365	8.391	0.271	0.338	0.321	0.319	0.375	0.261	0.271	0.274	0.284	0.279	0.247	0.333	0.324	0.325	0.290	0.352	0.349	0.310	0.275	0.184	0.250	0.339	0.308	0.345	0.379	0.346	2.071	0.618	0.348	0.204	728.620	-17032.662
349	16	500	499	0.5078	0.284	0.331	0.350	0.147	0.359	0.255	0.305	0.279	0.281	0.321	0.368	0.336	0.256	0.299	0.276	0.306	0.299	0.351	0.325	0.369	0.282	0.340	0.268	0.309	0.274	0.289	0.320	0.314	0.265	0.295	1.890	0.477	0.211	0.182	727.643	-16692.765
350	16	500	500	0.5213	0.216	0.330	0.380	0.433	0.382	0.257	0.256	0.358	0.233	0.378	0.344	0.301	0.344	0.364	0.344	0.534	0.290	0.301	0.422	0.244	0.423	0.280	0.342	0.354	0.299	0.336	0.304	0.182	0.280	0.398	2.086	0.636	0.357	0.206	82.353	-17506.014
351	16	500	500	0.5143	0.330	0.379	0.334	0.330	0.341	0.273	0.343	0.293	0.331	0.317	0.269	0.364	0.317	0.346	0.371	0.334	0.286	0.286	0.339	0.297	0.282	0.355	0.296	0.269	0.258	0.278	0.362	0.326	0.257	0.398	2.055	0.454	0.278	0.183	1.000	-17267.999
352	16	500	500	0.5083	0.240	0.291	0.284	0.308	0.296	0.260	0.261	0.320	0.356	0.273	0.307	0.326	0.253	0.282	0.278	0.316	0.307	0.303	0.331	0.256	0.354	0.298	0.283	0.259	0.282	0.332	0.282	0.306	0.308	0.234	1.914	0.651	0.299	0.205	6.553	-16548.258
353	16	500	500	0.5096	0.274	0.293	0.336	9.309	0.271	0.259	0.294	0.283	0.275	0.374	0.287	0.326	0.261	0.288	0.252	0.283	0.287	0.299	0.315	0.284	0.302	0.349	0.267	0.282	0.254	0.321	0.315	0.269	0.269	0.288	1.913	0.693	0.278	0.202	998.992	-16617.817
354	16	500	500	0.5111	0.354	0.312	0.267	0.300	0.272	0.340	0.230	0.262	0.300	0.309	0.310	0.310	0.317	0.275	0.272	0.285	0.390	0.304	0.247	0.332	0.301	0.296	0.285	0.296	0.262	0.307	0.311	0.275	0.325	0.261	2.072	0.657	0.343	0.183	1.000	-16558.673
355	16	500	500	0.5088	0.277	0.312	0.312	0.284	0.405	0.235	0.319	0.245	0.329	0.269	0.294	0.290	0.291	0.349	0.245	0.312	0.338	0.268	0.319	0.279	0.256	0.239	0.344	0.288	0.298	0.290	0.295	0.285	0.317	0.270	1.996	0.623	0.278	0.204	3.589	-16674.504
356	16	500	500	0.5222	0.293	0.271	0.287	0.293	0.290	0.285	0.340	0.262	0.301	0.304	0.313	0.301	0.296	0.268	0.305	0.271	0.248	0.245	0.320	0.288	0.338	0.265	0.299	0.404	0.312	0.302	0.317	0.229	0.331	0.239	2.010	0.646	0.319	0.207	1.938	-16664.680
357	16	500	499	0.5145	0.333	0.325	0.315	0.307	0.257	0.292	0.310	0.321	0.261	0.283	0.314	0.312	0.367	0.307	0.296	0.332	0.312	0.297	0.286	0.324	0.312	0.340	0.352	0.269	0.263	0.301	0.248	0.321	0.271	0.293	1.932	0.644	0.320	0.198	5.384	-16804.842
358	16	500	500	0.5227	0.325	0.260	0.305	0.255	0.343	0.382	0.342	0.317	0.266	0.265	0.280	0.326	0.312	0.321	0.311	0.347	0.242	0.245	0.356	0.299	0.263	0.294	0.357	0.342	0.300	0.261	0.256	0.272	0.295	0.282	2.000	0.543	0.264	0.209	3.700	-16905.219
359	16	500	500	0.5056	0.254	0.303	0.314	0.332	0.257	0.291	0.354	0.252	0.293	0.286	0.307	0.243	0.302	0.291	0.330	0.326	0.330	0.292	0.316	0.367	0.247	0.322	0.289	0.273	0.338	0.261	0.276	0.235	0.268	0.282	2.089	0.623	0.300	0.204	9.504	-16608.758
360	16	500	500	0.5055	0.307	0.266	0.328	0.317	0.288	0.276	0.275	0.318	0.282	0.280	0.297	0.300	0.295	0.306	0.337	0.296	0.264	0.361	0.300	0.331	0.269	0.339	0.276	0.310	0.291	0.318	0.313	0.300	0.292	0.315	1.917	0.583	0.325	0.185	2.950	-16974.126
361	16	500	500	0.5045	0.274	0.368	0.305	0.299	0.275	0.246	0.315	0.337	0.351	0.354	0.319	0.266	0.315	0.252	0.302	0.313	0.254	0.306	0.353	0.326	0.336	0.275	0.307	0.342	0.298	0.290	0.330	0.264	0.279	0.306	1.887	0.633	0.311	0.193	3.914	-16780.438
362	16	500	500	0.5144	0.288	0.245	0.307	0.298	0.240	0.282	0.319	0.284	0.273	0.268	0.318	0.254	0.329	0.354	0.264	0.324	0.352	0.349	0.271	0.277	0.265	0.260	0.282	0.236	0.271	0.272	0.299	0.303	0.279	0.294	2.065	0.643	0.287	0.210	5.534	-16527.626
363	16	500	500	0.5184	0.280	0.383	0.282	0.242	0.303	0.323	0.326	0.309	0.352	0.279	0.378	0.340	0.309	0.286	0.287	0.273	0.301	0.392	0.287	0.323	0.232	0.345	0.259	0.325	0.277	0.321	0.292	0.288	0.294	0.303	2.008	0.506	0.266	0.194	1.695	-16943.451
364	16	500	500	0.5046	0.306	0.303	0.245	0.322	0.260	0.333	0.340	0.273	0.321	0.380	0.318	0.330	0.248	0.332	0.293	0.369	0.397	0.285	0.262	0.300	0.282	0.327	0.330	0.293	0.270	0.335	0.332	0.323	0.279	0.321	2.074	0.649	0.334	0.197	1.000	-16976.576
365	16	500	500	0.5171	0.236	0.330	0.285	0.292	0.325	0.270	0.321	0.280	0.335	0.308	0.275	0.294	0.294	0.289	0.345	0.301	0.295	0.321	0.254	0.329	0.261	0.250	0.292	0.309	0.345	0.230	0.385	0.280	0.322	0.260	2.026	0.634	0.282	0.209	4.305	-16741.450
366	16	500	500	0.5156	0.270	0.342	0.272	0.331	0.348	0.290	0.353	0.248	0.279	0.308	0.355	0.384	0.324	0.318	0.290	0.266	0.392	0.345	0.394	0.282	0.308	0.320	0.270	0.279	0.285	0.304	0.276	0.359	0.325	0.285	1.922	0.498	0.283	0.203	1.852	-17357.336
367	16	500	500	0.5158	0.241	0.360	0.262	0.325	0.327	0.284	0.302	0.270	0.278	0.328	0.312	0.288	0.330	0.262	0.356	0.291	0.250	0.299	0.276	0.314	0.304	0.338	0.261	0.327	0.273	0.277	0.367	0.335	0.284	0.390	2.020	0.554	0.276	0.200	1.387	-16909.382
368	16	500	500	0.5134	0.292	0.335	0.274	0.299	0.278	0.291	0.323	0.328	0.276	0.347	0.308	0.280	0.271	0.279	0.315	0.313	0.310	0.313	0.317	0.329	0.259	0.225	0.302	0.409	0.360	0.285	0.320	0.284	0.326	0.291	2.059	0.512	0.291	0.202	1.000	-17014.398
369	16	500	499	0.5242	0.299	0.258	0.282	0.303	0.314	0.294	0.286	0.323	0.303	0.213	0.318	0.269	0.292	0.295	0.332	0.293	0.273	0.343	0.312	0.305	0.227	0.352	0.276	0.321	0.318	0.341	0.310	0.263	0.294	0.280	2.001	0.604	0.274	0.188	3.820	-16632.610
370	16	500	500	0.5218	0.362	0.314	0.254	0.327	0.297	0.265	0.323	0.259	0.290	0.289	0.357	0.218	0.335	0.344	0.271	0.329	0.354	0.251	0.267	0.337	0.274	0.266	0.301	0.265	0.270	0.345	0.312	0.239	0.346	0.276	2.063	0.638	0.283	0.194	3.439	-16578.125
371	16	500	500	0.5009	0.273	0.332	0.298	0.298	0.290	0.318	0.295	0.268	0.245	0.273	0.274	0.285	0.317	0.366	0.269	0.279	0.252	0.335	0.316	0.371	0.281	0.300	0.313	0.323	0.271	0.294	0.311	0.343	0.275	0.332	1.843	0.658	0.324	0.207	15.116	-16781.293
372	16	500	500	0.5245	0.270	0.314	0.307	0.355	0.266	0.316	0.294	0.285	0.312	0.224	0.366	0.279	0.250	0.291	0.273	0.248	0.236	0.314	0.303	0.284	0.302	0.292	0.252	0.335	0.316	0.324	0.252	0.265	0.358	0.287	1.957	0.632	0.307	0.207	6.642	-16726.621
373	16	500	499	0.5096	0.326	0.360	0.310	0.328	0.299	0.288	0.253	0.267	0.315	0.289	0.344	0.343	0.220	0.258	0.279	0.315	0.355	0.285	0.301	0.308	0.315	0.319	0.240	0.339	0.258	0.265	0.297	0.279	0.377	0.323	2.039	0.556	0.295	0.188	4.969	-16670.054
374	16	500	500	0.5026	0.281	0.311	0.316	0.280	0.312	0.320	0.287	0.308	0.304	0.266	0.276	0.284	0.292	0.296	0.274	0.255	0.285	0.299	0.301	0.272	0.218	0.316	0.256	0.260	0.270	0.297	0.315	0.278	0.270	0.311	1.977	0.662	0.278	0.196	2.972	-16388.312
375	16	500	500	0.4992	0.258	0.397	0.309	0.252	0.301	0.281	0.314	0.279	0.360	0.364	0.333	0.286	0.297	0.320	0.298	0.282	0.245	0.340	0.297	0.335	0.313	0.295	0.332	0.371	0.330	0.276	0.275	0.209	0.311	0.279	1.973	0.520	0.303	0.205	1.000	-17124.391
376	16	500	500	0.5055	0.374	0.287	0.286	0.267	0.340	0.330	0.307	0.238	0.302	0.330	0.290	0.290	0.261	0.288	0.285	0.310	0.317	0.309	0.288	0.276	0.262	0.323	0.273	0.272	0.288	0.297	0.240	0.271	0.273	0.293	1.986	0.657	0.278	0.203	2.705	-16514.300
377	16	500	499	0.5172	0.314	0.246	0.282	0.386	0.265	0.317	0.319	0.326	0.324	0.311	0.244	0.302	0.267	0.311	0.389	0.316	0.275	0.291	0.328	0.301	0.331	0.258	0.309	0.254	0.248	0.302	0.314	0.304	0.323	0.310	1.998	0.648	0.327	0.202	4.991	-16989.058
378	16	500	500	0.5091	0.311	0.276	0.281	0.290	0.302	0.310	0.284	0.318	0.220	0.311	0.314	0.245	0.301	0.360	0.334	0.338	0.201	0.261	0.289	0.278	0.272	0.278	0.333	0.306	0.239	0.272	0.269	0.325	0.247	0.273	1.956	0.660	0.290	0.209	3.840	-16538.025
379	16	500	500	0.4988	0.344	0.350	0.310	0.254	0.323	0.319	0.293	0.364	0.369	0.342	0.288	0.283	0.276	0.339	0.359	0.301	0.298	0.284	0.328	0.339	0.309	0.415	0.326	0.348	0.325	0.349	0.288	0.318	0.258	0.353	2.118	0.590	0.362	0.207	4.739	-17428.790
380	16	500	500	0.5142	0.293	0.277	0.265	0.331	0.299	0.274	0.289	0.375	0.317	0.263	0.248	0.340	0.313	0.326	0.289	0.251	0.312	0.272	0.284	0.326	0.308	0.291	0.324	0.193	0.235	0.307	0.281	0.326	0.307	0.346	2.034	0.591	0.254	0.202	1.207	-16725.225
381	16	500	500	0.5226	0.317	0.343	0.300	0.284	0.339	0.293	0.304	0.290	0.257	0.267	0.281	0.312	0.222	0.233	0.327	0.301	0.347	0.310	0.318	0.314	0.295	0.311	0.293	0.307	0.310	0.294	0.328	0.283	0.314	0.277	1.894	0.626	0.341	0.188	3.733	-16812.139
382	16	500	499	0.4961	0.298	0.228	0.301	0.308	0.261	0.263	0.361	0.218	0.339	0.283	0.267	0.329	0.278	0.305	0.311	0.237	0.326	0.307	0.328	0.312	0.323	0.322	0.271	0.278	0.308	0.317	0.321	0.341	0.271	0.277	1.984	0.510	0.210	0.202	1.046	-16648.548
383	16	500	499	0.5150	0.294	0.315	0.373	0.263	0.276	0.229	0.288	0.300	0.342	0.338	0.331	0.283	0.260	0.286	0.367	0.287	0.349	0.307	0.334	0.263	0.331	0.288	0.317	0.298	0.285	0.268	0.289	0.309	0.309	0.367	1.877	0.523	0.283	0.188	1.000	-16923.456
384	16	500	499	0.5053	0.288	0.286	0.238	0.362	0.316	0.296	0.268	0.312	0.284	0.375	0.300	0.282	0.290	0.322	0.297	0.300	0.336	0.282	0.310	0.269	0.240	0.251	0.325	0.271	0.351	0.280	0.318	0.234	0.284	0.338	1.921	0.468	0.254	0.202	1.000	-16830.925
385	16	500	500	0.4969	0.349	0.321	0.276	0.317	0.311	0.316	0.268	0.297	0.274	0.272	0.235	0.366	0.261	0.308	0.257	0.329	0.361	0.289	0.298	0.340	0.313	0.299	0.343	0.270	0.315	0.282	0.322	0.359	0.248	0.262	1.896	0.603	0.307	0.197	3.136	-16827.803
386	16	500	500	0.5149	0.292	0.257	0.386	0.302	0.327	0.251	0.302	0.307	0.297	0.386	0.311	0.331	0.277	0.277	0.300	0.293	0.292	0.299	0.402	0.252	0.326	0.347	0.350	0.224	0.342	0.331	0.252	0.296	0.281	0.331	1.884	0.584	0.303	0.203	3.062	-17057.701
387	16	500	500	0.5170	0.252	0.293	0.350	0.280	0.288	0.271	0.276	0.342	0.320	0.331	0.313	0.255	0.278	0.338	0.313	0.234	0.322	0.375	0.282	0.245	0.346	0.298	0.270	0.317	0.256	0.340	0.318	0.345	0.303	0.282	2.104	0.590	0.307	0.209	2.597	-16927.111
388	16	500	500	0.5082	0.282	0.338	0.361	0.256	0.313	0.303	0.309	0.301	0.306	0.227	0.261	0.344	0.287	0.262	0.281	0.272	0.319	0.290	0.306	0.296	0.298	0.321	0.314	0.312	0.347	0.244	0.308	0.272	0.300	0.280	2.077	0.565	0.269	0.198	3.077	-16611.875
389	16	500	500	0.5034	0.296	0.272	0.305	0.218	0.315	0.302	0.315	0.251	0.292	0.268	0.269	0.296	0.315	0.346	0.267	0.281	0.280	0.314	0.309	0.333	0.310	0.303	0.280	0.271	0.366	0.298	0.265	0.328	0.297	0.305	2.068	0.539	0.270	0.197	1.000	-16656.920
390	16	500	500	0.5102	0.311	0.353	0.304	0.302	0.287	0.346	0.284	0.314	0.268	0.271	0.321	0.287	0.371	0.329	0.307	0.356	0.223	0.300	0.289	0.274	0.332	0.354	0.258	0.352	0.316	0.310	0.327	0.239	0.346	0.347	1.901	0.513	0.302	0.200	1.687	-17235.324
391	16	500	500	0.5015	0.423	0.301	0.389	0.293	0.307	0.270	0.276	0.294	0.257	0.307	0.293	0.261	0.332	0.312	0.288	0.367	0.280	0.327	0.255	0.334	0.238	0.307	0.291	0.372	0.298	0.314	0.285	0.376	0.240	0.263	2.071	0.583	0.271	0.202	2.138	-16692.201
392	16	500	500	0.5036	0.319	0.346	0.284	0.292	0.284	0.354	0.288	0.328	0.317	0.243	0.345	0.290	0.283	0.273	0.292	0.329	0.283	0.245	0.393	0.303	0.377	0.283	0.287	0.242	0.246	0.272	0.287	0.289	0.262	0.313	2.042	0.512	0.242	0.210	1.475	-16801.721
393	16	500	500	0.5080	0.323	0.369	0.327	0.276	0.319	0.291	0.351	0.272	0.262	0.329	0.316	0.318	0.303	0.298	0.355	0.320	0.221	0.329	0.299	0.294	0.389	0.375	0.303	0.331	0.307	0.309	0.326	0.313	0.352	0.320	2.036	0.558	0.312	0.208	2.251	-17318.487
394	16	500	500	0.5325	0.341	0.291	0.245	0.310	0.302	0.365	0.274	0.280	0.344	0.306	0.279	0.338	0.261	0.296	0.286	0.319	0.259	0.269	0.274	0.302	0.298	0.302	0.249	0.341	0.270	0.326	0.251	0.286	0.264	0.235	1.880	0.600	0.251	0.196	2.822	-16536.331
395	16	500	500	0.5023	0.284	0.296	0.262	0.388	0.296	0.325	0.335	0.389	0.290	0.337	0.300	0.301	0.312	0.302	0.342	0.224	0.352	0.318	0.304	0.317	0.285	0.317	0.337	0.288	0.273	0.326	0.290	0.298	0.287	0.290	1.871	0.599	0.359	0.200	12.241	-17241.529
396	16	500	498	0.5073	0.294	0.225	0.293	0.264	0.256	0.313	0.344	0.278	0.264	0.324	0.276	0.278	0.278	0.325	0.347	0.274	0.285	0.257	0.317	0.317	0.277	0.292	0.264	0.338	0.333	0.236	0.281	0.245	0.283	0.287	2.120	0.665	0.291	0.207	3.289	-16404.634
397	16	500	500	0.5055	0.324	0.356	0.255	0.309	0.234	0.316	0.334	0.268	0.286	0.269	0.266	0.288	0.283	0.331	0.314	0.344	0.267	0.326	0.312	0.303	0.275	0.297	0.253	0.321	0.318	0.278	0.262	0.303	0.306	0.295	1.911	0.556	0.281	0.212	2.193	-16740.108
398	16	500	500	0.5190	0.280	0.335	0.299	0.333	0.325	0.287	0.288	0.290	0.293	0.288	0.331	0.271	0.337	0.300	0.333	0.267	0.318	0.296	0.310	0.267	0.263	0.237	0.316	0.326	0.317	0.299	0.291	0.290	0.256	0.308	2.156	0.625	0.281	0.195	3.324	-16606.337
399	16	500	500	0.5353	0.266	0.335	0.330	0.299	0.281	0.354	0.346	0.240	0.344	0.244	0.301	0.301	0.271	0.324	0.347	0.295	0.209	0.298	0.276	0.365	0.308	0.256	0.321	0.357	0.402	0.282	0.287	0.315	0.311	0.296	2.004	0.628	0.316	0.179	3.950	-16910.310
400	16	500	499	0.5075	0.332	0.283	0.294	0.310	0.336	0.245	0.318	0.330	0.315	0.278	0.269	0.358	0.283	0.312	0.276	0.284	0.371	0.309	0.283	0.304	0.262	0.289	0.229	0.222	0.261	0.289	0.291	0.297	0.317	0.282	2.079	0.611	0.268	0.220	2.719	-16595.238
401	16	500	500	0.5315	0.343	0.380	0.309	0.324	0.253	0.348	0.393	0.249	0.266	0.272	0.344	0.318	0.246	0.332	0.260	0.303	0.308	0.349	0.293	0.327	0.363	0.326	0.322	0.318	0.314	0.288	0.311	0.302	0.254	0.362	2.075	0.533	0.298	0.197	2.620	-17203.521
402	16	500	499	0.5088	0.268	0.266	0.239	0.330	0.229	0.309	0.313	0.293	0.345	0.359	0.311	0.276	0.277	0.334	0.283	0.294	0.372	0.435	0.282	0.335	0.217	0.338	0.337	0.244	0.365	0.312	0.266	0.301	0.318	0.306	2.010	0.498	0.238	0.198	1.130	-16885.873
403	16	500	500	0.5200	0.320	0.291	0.302	0.366	0.324	0.348	0.317	0.313	0.309	0.316	0.321	0.280	0.309	0.279	0.336	0.313	0.275	0.297	0.359	0.296	0.351	0.317	0.245	0.328	0.274	0.311	0.310	0.353	0.301	0.298	2.018	0.542	0.320	0.201	3.354	-17354.793
404	16	500	500	0.5161	0.326	0.272	0.254	0.287	0.299	0.293	0.284	0.294	0.351	0.326	0.345	0.287	0.321	0.278	0.273	0.362	0.254	0.318	0.291	0.347	0.241	0.335	0.330	0.288	0.342	0.319	0.295	0.299	0.330	0.319	1.992	0.546	0.314	0.201	1.271	-17051.576
405	16	500	500	0.4997	0.350	0.295	0.301	0.319	0.334	0.295	0.259	0.263	0.316	0.331	0.334	0.320	0.323	0.259	0.248	0.337	0.270	0.262	0.274	0.383	0.291	0.278	0.330	0.327	0.286	0.281	0.290	0.287	0.353	0.322	1.992	0.623	0.298	0.195	4.255	-16739.869
406	16	500	500	0.5075	0.258	0.245	0.276	0.252	0.295	0.316	0.305	0.275	0.363	0.348	0.363	0.269	0.301	0.291	0.320	0.332	0.300	0.234	0.257	0.311	0.348	0.248	0.343	0.333	0.314	0.335	0.289	0.283	0.326	0.297	2.066	0.524	0.228	0.201	1.302	-16746.211
407	16	500	500	0.5107	0.305	0.362	0.244	0.402	0.281	0.369	0.297	0.254	0.210	0.290	0.329	0.310	0.351	0.277	0.324	0.344	0.231	0.332	0.250	0.307	0.353	0.248	0.301	0.280	0.307	0.290	0.358	0.305	0.323	0.299	2.113	0.651	0.342	0.210	43.101	-16846.969
408	16	500	498	0.5232	0.282	0.319	0.275	0.316	0.312	0.318	0.278	0.313	0.287	0.344	0.339	0.291	0.306	0.321	0.249	0.279	0.400	0.311	0.330	0.295	0.281	0.268	0.348	0.204	0.306	0.327	0.285	0.255	0.285	0.340	2.172	0.644	0.291	0.213	5.687	-16706.689
409	16	500	500	0.5136	0.372	0.255	0.268	0.266	0.258	0.303	0.316	0.309	0.326	0.273	0.332	0.308	0.417	0.328	0.289	0.350	0.276	0.340	0.282	0.266	0.248	0.325	0.331	0.298	0.333	0.304	0.267	0.271	0.339	0.284	2.062	0.565	0.331	0.215	2.528	-16974.452
410	16	500	500	0.4985	0.228	0.231	0.304	0.334	0.234	0.270	0.301	0.281	0.317	0.270	0.373	0.299	0.327	0.307	0.315	0.296	0.266	0.324	0.294	0.311	0.247	0.273	0.296	0.374	0.359	0.238	0.320	0.309	0.293	0.300	1.980	0.544	0.277	0.205	1.000	-16766.565
411	16	500	499	0.5089	0.295	0.306	0.289	0.338	0.359	0.340	0.272	0.338	0.243	0.336	0.287	0.278	0.349	0.264	0.225	0.272	0.277	0.286	0.313	0.262	0.293	0.292	0.295	0.353	0.333	0.310	0.299	0.256	0.287	0.251	1.926	0.609	0.328	0.196	7.275	-16650.435
412	16	500	500	0.5070	0.343	0.322	0.232	0.272	0.289	0.338	0.291	0.263	0.378	0.266	0.340	0.287	0.272	0.349	0.278	0.277	0.277	0.265	0.257	0.297	0.308	0.271	0.309	0.311	0.278	0.284	0.303	0.301	0.258	0.269	2.082	0.578	0.264	0.203	1.090	-16468.458
413	16	500	500	0.5180	0.318	0.320	0.272	0.321	0.336	0.312	0.270	0.312	0.346	0.281	0.305	0.282	0.299	0.355	0.379	0.347	0.272	0.279	0.311	0.279	0.313	0.298	0.292	0.213	0.254	0.343	0.275	0.339	0.378	0.319	2.014	0.634	0.325	0.191	8.204	-16943.517
414	16	500	500	0.5193	0.339	0.379	0.282	0.259	0.303	0.320	0.346	0.280	0.240	0.314	0.302	0.345	0.279	0.302	0.310	0.249	0.289	0.328	0.342	0.256	0.258	0.352	0.315	0.326	0.324	0.346	0.294	0.275	0.310	0.328	2.121	0.572	0.286	0.204	2.642	-16966.018
415	16	500	500	0.5153	0.348	0.265	0.287	0.299	0.317	0.278	0.330	0.239	0.340	0.252	0.315	0.330	0.270	0.322	0.248	0.324	0.405	0.259	0.360	0.298	0.251	0.276	0.292	0.267	0.314	0.314	0.291	0.295	0.273	0.267	1.984	0.559	0.269	0.210	1.967	-16766.642
416	16	500	500	0.5035	0.294	0.261	0.368	0.331	0.267	0.293	0.276	0.291	0.377	0.273	0.285	0.295	0.305	0.297	0.296	0.310	0.385	0.292	0.388	0.230	0.328	0.330	0.279	0.222	0.275	0.303	0.328	0.267	0.347	0.249	1.948	0.676	0.306	0.211	16.019	-16844.083
417	16	500	500	0.5217	0.286	0.306	0.241	0.428	0.255	0.278	0.323	0.251	0.309	0.267	0.328	0.315	0.268	0.277	0.332	0.333	0.313	0.287	0.294	0.340	0.317	0.324	0.271	0.303	0.317	0.326	0.294	0.305	0.302	0.319	1.966	0.658	0.331	0.213	35.979	-16906.864
418	16	500	500	0.5092	0.315	0.244	0.374	0.334	0.395	0.260	0.289	0.292	0.287	0.360	0.250	0.310	0.298	0.271	0.294	0.369	0.263	0.362	0.326	0.232	0.266	0.309	0.288	0.282	0.320	0.312	0.282	0.271	0.316	0.296	1.961	0.565	0.282	0.197	3.796	-16948.060
419	16	500	500	0.5092	0.298	0.287	0.286	0.302	0.346	0.257	0.285	0.290	0.344	0.289	0.303	0.297	0.262	0.289	0.295	0.281	0.342	0.307	0.276	0.302	0.272	0.304	0.219	0.268	0.288	0.367	0.311	0.339	0.326	0.257	2.033	0.585	0.263	0.184	4.574	-16471.108
420	16	500	500	0.5143	0.297	0.339	0.344	0.336	0.300	0.224	0.329	0.260	0.234	0.362	0.291	0.341	0.247	0.255	0.306	0.302	0.284	0.315	0.321	0.306	0.303	0.341	0.282	0.371	0.344	0.308	0.303	0.285	0.338	0.265	2.093	0.626	0.309	0.197	3.439	-16907.674
421	16	500	500	0.5216	0.325	0.329	0.336	0.237	0.323	0.302	0.304	0.283	0.315	0.336	0.314	0.264	0.346	0.291	0.350	0.336	0.330	0.320	0.368	0.229	0.286	0.299	0.324	0.359	0.330	0.275	0.370	0.215	0.281	0.284	1.937	0.546	0.259	0.209	1.381	-17056.925
422	16	500	500	0.5315	0.241	0.344	0.254	0.314	0.276	0.335	0.329	0.270	0.329	0.331	0.291	0.365	0.316	0.337	0.305	0.305	0.328	0.307	0.345	0.307	0.314	0.334	0.307	0.341	0.295	0.269	0.355	0.306	0.293	0.292	2.019	0.331	0.177	0.202	1.000	-17248.034
423	16	500	500	0.5176	0.292	0.368	0.335	0.381	0.229	0.345	0.315	0.330	0.254	0.306	0.245	0.303	0.324	0.282	0.296	0.226	0.351	0.296	0.289	0.338	0.309	0.262	0.268	0.270	0.290	0.276	0.243	0.327	0.361	0.277	1.924	0.548	0.283	0.205	1.000	-16871.761
424	16	500	500	0.5083	0.314	0.392	0.280	0.243	0.365	0.226	0.367	0.300	0.261	0.340	0.301	0.329	0.293	0.297	0.295	0.272	0.305	0.352	0.317	0.295	0.274	0.311	0.311	0.331	0.341	0.357	0.229	0.334	0.332	0.264	2.010	0.564	0.291	0.180	4.382	-16801.317
425	16	500	500	0.5269	0.252	0.299	0.290	0.353	0.336	0.301	0.357	0.288	0.257	0.224	0.307	0.325	0.344	0.256	0.326	0.269	0.329	0.266	0.315	0.262	0.269	0.323	0.279	0.321	0.270	0.283	0.284	0.358	0.294	0.219	1.942	0.472	0.202	0.195	1.000	-16789.563
426	16	500	500	0.5219	0.353	0.281	0.330	0.244	0.273	0.314	0.333	0.275	0.369	0.275	0.355	0.273	0.363	0.290	0.341	0.295	0.289	0.260	0.302	0.356	0.249	0.334	0.337	0.355	0.285	0.295	0.366	0.294	0.293	0.290	2.063	0.591	0.332	0.208	5.204	-17203.280
427	16	500	500	0.5016	0.290	0.310	0.320	0.262	0.294	0.303	0.252	0.344	0.359	0.265	0.333	0.277	0.354	0.264	0.283	0.315	0.294	0.293	0.347	0.309	0.299	0.329	0.291	0.296	0.331	0.258	0.272	0.362	0.292	0.318	1.938	0.590	0.321	0.193	2.079	-16856.673
428	16	500	499	0.5287	0.263	0.303	0.303	0.296	0.263	0.309	0.255	0.289	0.321	0.314	0.301	0.291	0.348	0.273	0.295	0.258	0.296	0.297	0.284	0.296	0.280	0.270	0.305	0.255	0.293	0.280	0.289	0.285	0.325	0.337	1.963	0.647	0.272	0.217	2.490	-16585.867
429	16	500	499	0.5165	0.319	0.318	0.307	0.305	0.249	0.287	0.277	0.294	0.247	0.319	0.323	0.274	0.285	0.261	0.292	0.309	0.214	0.312	0.307	0.278	0.326	0.304	0.375	0.287	0.287	0.252	0.313	0.337	0.336	0.284	1.943	0.592	0.270	0.202	1.000	-16677.704
430	16	500	498	0.5021	0.354	0.303	0.337	0.299	0.299	0.340	0.245	0.323	0.283	0.338	0.323	0.288	0.392	0.301	0.363	0.301	0.241	0.298	0.269	0.330	0.313	0.304	0.281	0.256	0.237	0.272	0.348	0.355	0.327	0.280	2.140	0.534	0.261	0.188	1.171	-16722.817
431	16	500	500	0.5280	0.282	0.293	0.312	0.275	0.343	0.255	0.352	0.227	0.302	0.302	0.290	0.299	0.274	0.339	0.334	0.251	0.384	0.349	0.265	0.289	0.261	0.302	0.305	0.356	0.342	0.289	0.275	0.336	0.291	0.280	2.060	0.549	0.271	0.210	1.537	-16961.057
432	16	500	500	0.5008	0.231	0.325	0.220	0.324	0.329	0.280	0.284	0.340	0.312	0.256	0.326	0.271	0.323	0.270	0.313	0.273	0.232	0.289	0.321	0.348	0.334	0.313	0.247	0.389	0.361	0.302	0.285	0.285	0.280	0.325	2.105	0.602	0.306	0.175	4.714	-16636.259
433	16	500	500	0.5068	0.315	0.329	0.288	0.292	0.287	0.333	0.270	0.321	0.320	0.242	0.270	0.315	0.328	0.348	0.268	0.288	0.301	0.269	0.343	0.293	0.268	0.273	0.304	0.247	0.286	0.268	0.276	0.249	0.276	0.263	2.026	0.584	0.282	0.174	2.239	-16311.139
434	16	500	500	0.5228	0.259	0.308	0.294	0.329	0.322	0.301	0.306	0.325	0.270	0.303	0.304	0.292	0.361	0.268	0.283	0.326	0.275	0.289	0.278	0.211	0.298	0.322	0.344	0.266	0.303	0.304	0.282	0.248	0.306	0.267	1.935	0.640	0.319	0.196	6.460	-16768.124
435	16	500	500	0.5234	0.270	0.286	0.298	0.288	0.250	0.307	0.293	0.290	0.294	0.285	0.308	0.335	0.368	0.256	0.307	0.290	0.244	0.294	0.366	0.303	0.301	0.255	0.280	0.297	0.301	0.237	0.325	0.294	0.283	0.316	1.793	0.603	0.248	0.202	2.286	-16663.576
436	16	500	498	0.5136	0.319	0.301	0.337	0.357	0.302	0.322	0.338	0.319	0.285	0.266	0.309	0.346	0.285	0.281	0.297	0.274	0.323	0.331	0.295	0.275	0.293	0.307	0.249	0.294	0.245	0.341	0.322	0.338	0.288	0.314	2.017	0.650	0.346	0.199	64.814	-16889.112
437	16	500	500	0.5043	0.314	0.282	0.278	0.369	0.289	0.307	0.327	0.315	0.249	0.317	0.330	0.272	0.339	0.345	0.268	0.308	0.265	0.336	0.306	0.350	0.322	0.277	0.294	0.285	0.292	0.311	0.275	0.323	0.363	0.259	1.897	0.618	0.305	0.198	2.506	-17018.709
438	16	500	500	0.5074	0.328	0.310	0.271	0.272	0.315	0.281	0.245	0.301	0.326	0.235	0.352	0.287	0.298	0.271	0.253	0.315	0.280	0.202	0.305	0.319	0.347	0.328	0.234	0.326	0.210	0.304	0.289	0.236	0.285	0.317	2.012	0.643	0.246	0.196	2.897	-16308.590
439	16	500	500	0.5237	0.286	0.295	0.323	0.292	0.287	0.263	0.243	0.300	0.322	0.294	0.304	0.319	0.251	0.373	0.265	0.262	0.252	0.283	0.310	0.309	0.326	0.282	0.248	0.399	0.256	0.280	0.356	0.342	0.266	0.359	1.990	0.647	0.301	0.204	6.377	-16726.427
440	16	500	500	0.5125	0.280	0.314	0.341	0.300	0.274	0.329	0.292	0.258	0.235	0.238	0.325	0.280	0.296	0.305	0.266	0.296	0.331	0.200	0.271	0.327	0.342	0.325	0.309	0.275	0.320	0.310	0.324	0.280	0.329	0.287	2.111	0.647	0.303	0.209	7.637	-16678.220
441	16	500	500	0.5141	0.255	0.278	0.322	0.332	0.258	0.310	0.361	0.325	0.335	0.313	0.333	0.316	0.310	0.298	0.268	0.260	0.267	0.446	0.295	0.295	0.271	0.321	0.279	0.306	0.322	0.250	0.345	0.266	0.270	0.293	1.995	0.533	0.271	0.186	1.000	-16859.071
442	16	500	500	0.5089	0.331	0.309	0.287	0.272	0.262	0.294	0.327	0.305	0.329	0.235	0.323	0.310	0.330	0.349	0.265	0.348	0.308	0.264	0.337	0.360	0.259	0.334	0.346	0.416	0.309	0.242	0.312	0.372	0.268	0.294	2.012	0.637	0.324	0.190	4.848	-16917.789
443	16	500	500	0.5217	0.326	0.334	0.327	0.250	0.308	0.333	0.268	0.342	0.268	0.296	0.367	0.243	0.271	0.207	0.310	0.284	0.313	0.243	0.315	0.290	0.317	0.295	0.296	0.296	0.241	0.323	0.261	0.278	0.320	0.311	1.976	0.640	0.273	0.215	2.355	-16779.004
444	16	500	500	0.5070	0.297	0.289	0.317	0.339	0.251	0.300	0.308	0.275	0.363	0.260	0.379	0.268	0.283	0.317	0.252	0.302	0.310	0.289	0.333	0.283	0.345	0.271	0.350	0.297	0.276	0.285	0.294	0.286	0.282	0.330	1.901	0.614	0.331	0.194	2.772	-16931.150
445	16	500	500	0.5132	0.310	0.292	0.269	0.335	0.286	0.264	0.356	0.306	0.243	0.341	0.321	0.227	0.303	0.319	0.277	0.306	0.374	0.343	0.290	0.332	0.256	0.271	0.266	0.267	0.309	0.297	0.284	0.247	0.344	0.270	1.996	0.609	0.291	0.204	5.255	-16597.171
446	16	500	500	0.5082	0.224	0.266	0.284	0.283	0.288	0.259	0.306	0.250	0.300	0.332	0.302	0.285	0.331	0.312	0.291	0.229	0.310	0.256	0.279	0.247	0.235	0.350	0.319	0.266	0.260	0.292	0.309	0.262	0.249	0.327	2.052	0.628	0.264	0.196	1.704	-16238.834
447	16	500	499	0.5267	0.218	0.326	0.303	0.331	0.305	0.307	0.271	0.272	0.287	0.279	0.290	0.281	0.306	0.278	0.286	0.280	0.294	0.225	0.334	0.372	0.336	0.308	0.278	0.398	0.231	0.268	0.279	0.317	0.336	0.328	1.977	0.575	0.306	0.187	1.967	-16675.506
448	16	500	500	0.5154	0.282	0.199	0.261	0.277	0.257	0.306	0.294	0.305	0.301	0.280	0.305	0.281	0.218	0.344	0.272	0.324	0.315	0.284	0.268	0.281	0.280	0.305	0.286	0.230	0.265	0.275	0.327	0.309	0.338	0.319	2.012	0.639	0.289	0.205	4.148	-16427.370
449	16	500	500	0.5028	0.339	0.288	0.285	0.294	0.263	0.228	0.311	0.334	0.242	0.271	0.278	0.270	0.283	0.302	0.293	0.326	0.280	0.306	0.296	0.307	0.326	0.253	0.304	0.270	0.298	0.281	0.311	0.332	0.342	0.289	2.040	0.504	0.276	0.199	1.026	-16581.428
450	16	500	500	0.5080	0.317	0.296	0.307	0.293	0.342	0.253	0.286	0.308	0.294	0.308	0.327	0.281	0.275	0.353	0.264	0.331	0.299	0.306	0.304	0.307	0.332	0.321	0.239	0.267	0.264	0.279	0.330	0.257	0.293	0.300	1.954	0.591	0.300	0.209	2.419	-16903.504
451	16	500	499	0.5170	0.305	0.246	0.270	0.332	0.291	0.264	0.257	0.346	0.229	0.319	0.278	0.311	0.275	0.296	0.308	0.289	0.190	0.287	0.339	0.229	0.277	0.244	0.311	0.301	0.243	0.293	0.261	0.329	0.309	0.304	1.906	0.625	0.257	0.202	3.681	-16341.363
452	16	500	499	0.5218	0.262	0.235	0.330	0.333	0.307	0.315	0.319	0.277	0.350	0.292	0.330	0.249	0.293	0.278	0.308	0.275	0.278	0.306	0.367	0.224	0.302	0.258	0.281	0.342	0.311	0.260	0.309	0.342	0.267	0.321	2.087	0.596	0.311	0.198	6.056	-16572.415
453	16	500	500	0.5136	0.333	0.355	0.344	0.332	0.326	0.249	0.267	0.325	0.238	0.288	0.352	0.315	0.257	0.299	0.350	0.323	0.224	0.340	0.331	0.253	0.297	0.335	0.263	0.245	0.298	0.332	0.276	0.315	0.268	0.336	1.960	0.642	0.318	0.198	10.208	-16838.958
454	16	500	500	0.5009	0.317	0.304	0.307	0.282	0.271	0.248	0.289	0.273	0.309	0.292	0.299	0.319	0.238	0.309	0.285	0.304	0.294	0.279	0.236	0.291	0.297	0.333	0.249	0.296	0.386	0.320	0.297	0.241	0.320	0.293	2.020	0.561	0.349	0.214	3.436	-16667.339
455	16	500	500	0.5058	0.356	0.293	0.328	0.390	0.312	0.304	0.318	0.314	0.310	0.375	0.275	0.414	0.270	0.282	0.277	0.281	0.291	0.293	0.361	0.310	0.316	0.265	0.305	0.339	0.352	0.279	0.303	0.313	0.335	0.304	1.896	0.531	0.351	0.178	1.845	-17243.248
456	16	500	499	0.5200	0.289	0.333	0.288	0.310	0.273	0.282	0.301	0.288	0.236	0.345	0.288	0.329	0.294	0.323	0.272	0.254	0.267	0.267	0.305	0.304	0.347	0.292	0.254	0.307	0.286	0.306	0.244	0.314	0.317	0.336	1.949	0.632	0.290	0.231	2.093	-16880.790
457	16	500	500	0.5136	0.337	0.316	0.250	0.270	0.311	0.283	0.289	0.350	0.315	0.276	0.269	0.286	0.253	0.292	0.276	0.287	0.179	0.337	0.291	0.260	0.332	0.261	0.191	0.295	0.366	0.300	0.307	0.289	0.265	0.347	1.915	0.687	0.303	0.196	16.360	-16403.902
458	16	500	497	0.5234	0.264	0.208	0.291	0.318	0.287	0.362	0.271	0.328	0.289	0.297	0.302	0.230	0.363	0.299	0.251	0.342	0.315	0.326	0.265	0.266	0.299	0.306	0.320	0.400	0.331	0.276	0.318	0.253	0.364	0.291	1.959	0.564	0.299	0.197	3.713	-16860.663
459	16	500	500	0.5078	0.240	0.343	0.307	0.333	0.246	0.266	0.326	0.282	0.291	0.303	0.291	0.325	0.338	0.302	0.290	0.308	0.280	0.349	0.342	0.337	0.284	0.270	0.338	0.280	0.290	0.279	0.264	0.342	0.304	0.270	1.954	0.593	0.323	0.206	4.734	-16954.270
460	16	500	500	0.5032	0.328	0.271	0.346	0.272	0.280	0.265	0.313	0.273	0.346	0.288	0.271	0.297	0.232	0.315	0.280	0.302	0.248	0.277	0.272	0.273	0.301	0.265	0.320	0.359	0.257	0.274	0.289	0.298	0.282	0.293	1.980	0.649	0.322	0.199	11.343	-16510.113
461	16	500	500	0.5134	0.298	0.363	0.365	0.288	0.315	0.241	0.254	0.321	0.283	0.286	0.291	0.277	0.285	0.353	0.331	0.260	0.356	0.316	0.349	0.255	0.292	0.305	0.262	0.319	0.257	0.313	0.280	0.278	0.335	0.328	2.030	0.554	0.279	0.186	2.680	-16825.179
462	16	500	500	0.5198	0.326	0.315	0.235	0.301	0.339	0.303	0.280	0.367	0.305	0.338	0.285	0.307	0.283	0.293	0.308	0.288	0.297	0.259	0.313	0.326	0.346	0.331	0.334	0.300	0.354	0.333	0.286	0.288	0.290	0.282	2.018	0.439	0.258	0.204	1.017	-17154.137
463	16	500	500	0.5034	0.312	0.312	0.293	0.279	0.337	0.340	0.293	0.262	0.315	0.341	0.331	0.258	0.338	0.305	0.349	0.340	0.298	0.344	0.283	0.311	0.284	0.320	0.290	0.340	0.325	0.276	0.319	0.331	0.300	0.334	2.002	0.533	0.298	0.192	4.542	-17072.552
464	16	500	500	0.5148	0.342	0.208	0.330	0.275	0.334	0.309	0.245	0.313	0.350	0.299	0.282	0.274	0.279	0.251	0.324	0.335	0.265	0.277	0.231	0.355	0.355	0.330	0.277	0.275	0.326	0.308	0.278	0.258	0.314	0.302	1.915	0.567	0.288	0.208	2.345	-16668.115
465	16	500	500	0.5249	0.334	0.227	0.312	0.328	0.250	0.323	0.235	0.310	0.353	0.275	0.324	0.281	0.319	0.327	0.266	0.293	0.303	0.295	0.323	0.252	0.325	0.326	0.275	0.273	0.265	0.268	0.272	0.324	0.336	0.257	1.877	0.568	0.299	0.193	3.141	-16722.512
466	16	500	498	0.5088	0.302	0.323	0.269	0.354	0.277	0.300	0.304	0.270	0.284	0.308	0.283	0.277	0.276	0.249	0.245	0.315	0.287	0.242	0.255	0.291	0.229	0.265	0.325	0.363	0.247	0.297	0.283	0.355	0.270	0.285	1.971	0.637	0.306	0.208	4.357	-16396.534
467	16	500	499	0.5035	0.362	0.364	0.298	0.277	0.308	0.298	0.322	0.314	0.287	0.264	0.358	0.240	0.320	0.326	0.326	0.343	0.293	0.333	0.376	0.286	0.368	0.351	0.321	0.257	0.330	0.339	0.286	0.327	0.279	0.286	2.020	0.569	0.317	0.201	2.357	-17174.587
468	16	500	500	0.5204	0.280	0.292	0.276	0.290	0.277	0.222	0.348	0.322	0.340	0.341	0.269	0.354	0.255	0.251	0.328	0.257	0.322	0.397	0.253	0.252	0.296	0.271	0.320	0.293	0.352	0.291	0.327	0.312	0.288	0.290	2.016	0.592	0.274	0.196	2.348	-16728.048
469	16	500	500	0.5028	0.337	0.309	0.273	0.333	0.287	0.318	0.338	0.291	0.358	0.299	0.321	0.317	0.257	0.292	0.359	0.310	0.312	0.272	0.368	0.357	0.285	0.373	0.291	0.256	0.334	0.306	0.335	0.338	0.257	0.269	2.089	0.460	0.249	0.198	2.249	-17063.499
470	16	500	499	0.5162	0.333	0.336	0.238	0.315	0.285	0.326	0.254	0.316	0.294	0.287	0.283	0.278	0.273	0.251	0.288	0.307	0.318	0.276	0.230	0.309	0.253	0.258	0.285	0.232	0.331	0.323	0.290	0.294	0.313	0.265	1.875	0.569	0.269	0.196	4.381	-16378.961
471	16	500	500	0.5185	0.335	0.301	0.332	0.265	0.293	0.281	0.292	0.311	0.340	0.301	0.278	0.311	0.299	0.297	0.332	0.302	0.318	0.317	0.307	0.365	0.297	0.296	0.338	0.367	0.351	0.354	0.303	0.295	0.328	0.290	1.961	0.611	0.332	0.212	3.426	-17210.851
472	16	500	499	0.5289	0.372	0.322	0.275	0.300	0.280	0.288	0.306	0.253	0.374	0.354	0.306	0.287	0.321	0.290	0.341	0.342	0.307	0.315	0.293	0.298	0.402	0.397	0.316	0.262	0.322	0.292	0.301	0.282	0.332	0.254	2.026	0.535	0.249	0.193	4.474	-17006.100
473	16	500	498	0.5177	0.337	0.263	0.397	0.243	0.348	0.324	0.316	0.362	0.324	0.329	0.332	0.260	0.271	0.286	0.332	0.320	0.361	0.239	0.284	0.339	0.353	0.365	0.338	0.309	0.325	0.310	0.298	0.324	0.305	0.325	1.882	0.541	0.310	0.208	2.803	-17519.952
474	16	500	500	0.5171	0.316	0.282	0.317	0.312	0.323	0.276	0.285	0.322	0.283	0.282	0.185	0.322	0.318	0.298	0.334	0.292	0.355	0.289	0.287	0.301	0.258	0.296	0.261	0.317	0.345	0.313	0.318	0.226	0.334	0.291	1.975	0.618	0.327	0.197	2.589	-16832.908
475	16	500	499	0.5282	0.331	0.289	0.310	0.333	0.231	0.238	0.209	0.332	0.335	0.279	0.351	0.299	0.236	0.324	0.290	0.299	0.302	0.280	0.315	0.314	0.324	0.328	0.307	0.259	0.311	0.338	0.300	0.250	0.294	0.279	1.964	0.617	0.279	0.187	1.577	-16617.104
476	16	500	500	0.5149	0.281	0.357	0.328	0.292	0.295	0.351	0.269	0.296	0.275	0.285	0.324	0.331	0.311	0.276	0.302	0.265	0.293	0.370	0.347	0.299	0.270	0.277	0.226	0.303	0.297	0.296	0.328	0.283	0.314	0.287	1.948	0.538	0.283	0.201	2.431	-16790.422
477	16	500	500	0.4867	0.265	0.350	0.313	0.330	0.345	0.243	0.340	0.324	0.281	0.331	0.367	0.323	0.345	0.276	0.297	0.287	0.330	0.259	0.287	0.270	0.373	0.269	0.339	0.316	0.336	0.292	0.273	0.257	0.321	0.310	2.121	0.615	0.300	0.212	2.788	-17034.806
478	16	500	500	0.5049	0.275	0.304	0.233	0.293	0.311	0.336	0.277	0.323	0.330	0.306	0.325	0.273	0.287	0.292	0.262	0.336	0.346	0.307	0.401	0.289	0.219	0.283	0.318	0.255	0.295	0.291	0.275	0.322	0.303	0.300	1.969	0.546	0.263	0.209	3.004	-16852.133
479	16	500	500	0.5151	0.325	0.283	0.301	0.321	0.253	0.338	0.326	0.288	0.224	0.341	0.310	0.356	0.320	0.329	0.309	0.283	0.228	0.374	0.366	0.273	0.321	0.290	0.311	0.270	0.327	0.247	0.289	0.296	0.312	0.326	1.915	0.634	0.349	0.217	5.837	-17241.672
480	16	500	500	0.5226	0.273	0.251	0.313	0.242	0.371	0.272	0.314	0.258	0.294	0.291	0.312	0.320	0.314	0.375	0.360	0.318	0.293	0.292	0.278	0.254	0.289	0.279	0.308	0.383	0.269	0.264	0.332	0.346	0.272	0.271	1.931	0.633	0.296	0.206	4.235	-16921.693
481	16	500	500	0.5095	0.278	0.279	0.328	0.369	0.326	0.265	0.313	0.357	0.281	0.317	0.356	0.275	0.327	0.252	0.347	0.254	0.372	0.316	0.292	0.271	0.254	0.246	0.262	0.266	0.229	0.301	0.301	0.277	0.367	0.269	1.912	0.593	0.296	0.202	7.857	-16821.520
482	16	500	500	0.5036	0.264	0.272	0.290	0.386	0.272	0.320	0.235	0.312	0.253	0.374	0.341	0.326	0.346	0.278	0.264	0.318	0.262	0.264	0.310	0.343	0.305	0.277	0.306	0.285	0.264	0.326	0.287	0.292	0.264	0.261	2.123	0.628	0.309	0.207	7.244	-16624.893
483	16	500	498	0.5133	0.257	0.284	0.256	0.361	0.272	0.288	0.303	0.245	0.307	0.230	0.318	0.341	0.234	0.262	0.308	0.287	0.269	0.250	0.257	0.247	0.290	0.280	0.264	0.344	0.327	0.263	0.332	0.233	0.251	0.307	1.915	0.683	0.245	0.202	6.241	-16199.021
484	16	500	500	0.5055	0.267	0.247	0.306	0.352	0.187	0.350	0.288	0.298	0.308	0.251	0.302	0.272	0.271	0.320	0.261	0.276	0.259	0.320	0.295	0.322	0.294	0.335	0.223	0.248	0.299	0.308	0.357	0.302	0.339	0.265	1.987	0.650	0.274	0.211	2.236	-16647.237
485	16	500	500	0.5222	0.260	0.288	0.312	0.257	0.301	0.339	0.255	0.297	0.344	0.299	0.291	0.270	0.273	0.298	0.354	0.295	0.257	0.395	0.291	0.275	0.288	0.282	0.277	0.302	0.322	0.289	0.314	0.276	0.350	0.320	2.072	0.584	0.275	0.204	1.073	-16779.437
486	16	500	500	0.5134	0.246	0.347	0.290	0.280	0.292	0.410	0.310	0.336	0.240	0.327	0.282	0.334	0.310	0.279	0.298	0.273	0.333	0.320	0.321	0.301	0.269	0.297	0.368	0.344	0.291	0.297	0.296	0.299	0.318	0.321	2.151	0.539	0.245	0.193	1.614	-16778.334
487	16	500	500	0.5252	0.308	0.271	0.259	0.267	0.348	0.299	0.326	0.310	0.339	0.308	0.281	0.299	0.287	0.263	0.292	0.308	0.309	0.335	0.292	0.281	0.333	0.354	0.312	0.362	0.229	0.338	0.340	0.270	0.405	0.356	2.047	0.515	0.277	0.204	1.415	-17163.065
488	16	500	499	0.5254	0.361	0.240	0.360	0.326	0.263	0.294	0.324	0.280	0.257	0.308	0.259	0.262	0.314	0.256	0.332	0.321	0.268	0.201	0.364	0.352	0.326	0.339	0.285	0.315	0.406	0.255	0.319	0.250	0.352	0.304	2.025	0.650	0.312	0.207	2.720	-16933.180
489	16	500	499	0.5220	0.289	0.248	0.307	0.288	0.279	0.256	0.306	0.317	0.261	0.317	0.265	0.326	0.348	0.324	0.278	0.237	0.268	0.265	0.271	0.222	0.322	0.264	0.326	0.364	0.276	0.273	0.293	0.323	0.257	0.338	1.978	0.536	0.237	0.198	1.976	-16404.667
490	16	500	500	0.5115	0.286	0.327	0.215	0.294	0.312	0.351	0.314	0.305	0.262	0.297	0.285	0.290	0.364	0.322	0.287	0.320	0.314	0.336	0.367	0.271	0.320	0.319	0.263	0.296	0.363	0.290	0.226	0.333	0.285	0.295	1.950	0.572	0.307	0.206	1.741	-17006.330
491	16	500	500	0.5117	0.343	0.346	0.264	0.285	0.327	0.305	0.277	0.292	0.248	0.367	0.338	0.327	0.336	0.363	0.330	0.331	0.291	0.303	0.317	0.284	0.263	0.293	0.350	0.345	0.312	0.349	0.319	0.263	0.367	0.291	2.080	0.561	0.336	0.190	2.695	-17253.443
492	16	500	500	0.5169	0.334	0.241	0.350	0.328	0.302	0.255	0.281	0.275	0.351	0.271	0.327	0.244	0.284	0.267	0.375	0.318	0.267	0.318	0.246	0.270	0.262	0.296	0.294	0.271	0.321	0.321	0.303	0.266	0.315	0.333	2.005	0.556	0.287	0.210	2.247	-16757.753
493	16	500	500	0.5100	0.289	0.421	0.261	0.383	0.351	0.305	0.310	0.286	0.247	0.329	0.324	0.296	0.237	0.288	0.298	0.316	0.347	0.287	0.303	0.314	0.317	0.295	0.342	0.308	0.303	0.300	0.234	0.276	0.278	0.288	2.085	0.591	0.284	0.201	2.558	-16935.143
494	16	500	499	0.5102	0.337	0.366	0.311	0.337	0.315	0.323	0.298	0.338	0.291	0.301	0.285	0.320	0.293	0.274	0.342	0.254	0.362	0.269	0.250	0.331	0.359	0.300	0.268	0.221	0.256	0.261	0.339	0.303	0.298	0.292	1.987	0.601	0.297	0.200	4.052	-16863.701
495	16	500	500	0.5195	0.384	0.290	0.301	0.273	0.332	0.311	0.340	0.333	0.336	0.351	0.303	0.341	0.241	0.285	0.293	0.346	0.312	0.268	0.292	0.304	0.272	0.340	0.329	0.305	0.247	0.308	0.296	0.286	0.270	0.304	1.942	0.603	0.310	0.205	4.432	-16951.324
496	16	500	500	0.5032	0.331	0.237	0.228	0.335	0.250	0.322	0.244	0.424	0.333	0.351	0.325	0.333	0.308	0.259	0.319	0.343	0.230	0.224	0.263	0.291	0.323	0.301	0.245	0.337	0.329	0.318	0.291	0.279	0.287	0.351	1.979	0.597	0.271	0.183	3.514	-16639.015
497	16	500	500	0.5082	0.217	0.357	0.278	0.429	0.268	0.321	0.343	0.291	0.334	0.317	0.297	0.332	0.290	0.320	0.282	0.261	0.338	0.354	0.244	0.310	0.244	0.283	0.366	0.288	0.314	0.282	0.262	0.315	0.279	0.258	2.083	0.664	0.298	0.214	13.114	-16754.633
498	16	500	500	0.5119	0.271	0.349	0.300	0.239	0.309	0.284	0.270	0.280	0.236	0.302	0.297	0.318	0.310	0.304	0.332	0.360	0.330	0.323	0.272	0.318	0.261	0.356	0.346	0.376	0.296	0.274	0.334	0.240	0.311	0.316	2.062	0.503	0.267	0.188	2.658	-16840.998
499	16	500	500	0.5143	0.000	0.263	0.260	0.225	0.297	0.264	0.323	0.265	0.297	0.296	0.275	0.259	0.266	0.325	0.266	0.569	0.277	0.239	0.298	0.266	0.298	0.266	0.268	0.263	0.241	0.274	0.369	0.335	0.202	0.319	1.962	0.565	0.251	0.211	1.000	-16217.401
500	16	500	499	0.5066	0.334	0.266	0.305	0.308	0.280	0.281	0.287	0.328	0.347	0.337	0.285	0.340	0.283	0.317	0.284	0.278	0.313	0.323	0.327	0.308	0.261	0.287	0.316	0.214	0.333	0.292	0.291	0.284	0.322	0.304	2.038	0.627	0.318	0.201	1.387	-16928.402
501	16	500	500	0.5150	0.305	0.240	0.347	0.286	0.286	0.294	0.320	0.372	0.316	0.316	0.259	0.274	0.235	0.344	0.314	0.293	0.315	0.279	0.285	0.305	0.253	0.310	0.348	0.319	0.279	0.279	0.281	0.320	0.315	0.325	1.983	0.479	0.271	0.198	2.117	-16973.468
502	16	500	500	0.5249	0.297	0.261	0.336	0.238	0.289	0.316	0.252	0.281	0.300	0.312	0.299	0.274	0.298	0.317	0.298	0.291	0.261	0.288	0.268	0.344	0.282	0.326	0.303	0.330	0.377	0.305	0.198	0.398	0.267	0.263	1.920	0.638	0.300	0.187	4.820	-16606.425
503	16	500	500	0.5054	0.267	0.306	0.298	0.320	0.300	0.333	0.328	0.264	0.286	0.207	0.288	0.299	0.314	0.305	0.297	0.313	0.322	0.217	0.332	0.313	0.293	0.268	0.284	0.288	0.321	0.355	0.315	0.283	0.266	0.307	2.013	0.608	0.285	0.193	3.145	-16544.598
504	16	500	500	0.5190	0.240	0.356	0.248	0.363	0.296	0.281	0.287	0.293	0.239	0.342	0.301	0.280	0.259	0.309	0.266	0.277	0.268	0.361	0.301	0.299	0.278	0.340	0.328	0.329	0.284	0.296	0.337	0.319	0.284	0.320	1.917	0.626	0.286	0.212	2.212	-16912.149
505	16	500	500	0.5248	0.330	0.296	0.327	0.342	0.305	0.214	0.322	0.373	0.314	0.294	0.272	0.300	0.293	0.333	0.295	0.243	0.308	0.278	0.335	0.272	0.330	0.273	0.295	0.391	0.261	0.273	0.286	0.327	0.325	0.328	1.982	0.591	0.321	0.211	2.838	-17070.070
506	16	500	500	0.5131	0.281	0.314	0.290	0.274	0.298	0.269	0.304	0.287	0.273	0.232	0.305	0.285	0.360	0.333	0.273	0.322	0.292	0.366	0.299	0.300	0.339	0.297	0.351	0.334	0.280	0.311	0.298	0.336	0.287	0.371	1.961	0.589	0.291	0.198	3.260	-16846.206
507	16	500	500	0.5130	0.357	0.219	0.364	0.261	0.344	0.342	0.309	0.337	0.325	0.282	0.314	0.271	0.329	0.281	0.324	0.336	0.258	0.348	0.332	0.278	0.418	0.298	0.328	0.238	0.334	0.313	0.292	0.305	0.325	0.320	2.112	0.511	0.273	0.204	1.922	-17105.308
508	16	500	500	0.5115	0.306	0.287	0.317	0.306	0.314	0.230	0.305	0.255	0.233	0.340	0.307	0.275	0.347	0.263	0.335	0.297	0.326	0.302	0.272	0.305	0.283	0.325	0.375	0.299	0.286	0.279	0.299	0.375	0.243	0.335	1.901	0.586	0.280	0.196	1.000	-16794.869
509	16	500	500	0.5023	0.289	0.353	0.307	0.318	0.329	0.305	0.369	0.290	0.253	0.311	0.300	0.254	0.262	0.309	0.348	0.337	0.418	0.290	0.318	0.399	0.295	0.361	0.303	0.321	0.302	0.316	0.379	0.250	0.277	0.344	2.073	0.501	0.301	0.208	1.778	-17350.777
510	16	500	500	0.5217	0.305	0.289	0.277	0.305	0.338	0.305	0.281	0.364	0.347	0.309	0.312	0.367	0.331	0.328	0.294	0.318	0.269	0.262	0.309	0.358	0.313	0.318	0.276	0.260	0.353	0.331	0.286	0.331	0.322	0.276	2.015	0.557	0.317	0.195	2.555	-17195.854
511	16	500	500	0.5120	0.346	0.273	0.305	0.327	0.282	0.307	0.281	0.326	0.262	0.297	0.263	0.353	0.309	0.306	0.307	0.316	0.350	0.438	0.259	0.269	0.217	0.306	0.337	0.307	0.338	0.300	0.279	0.277	0.251	0.263	2.019	0.544	0.299	0.192	3.927	-16840.842
512	16	500	500	0.5179	0.334	0.300	0.358	0.317	0.269	0.250	0.313	0.294	0.228	0.305	0.468	0.239	0.257	0.329	0.323	0.314	0.267	0.302	0.332	0.360	0.317	0.318	0.275	0.357	0.297	0.305	0.335	0.304	0.334	0.297	1.993	0.610	0.303	0.195	3.680	-16976.985
513	16	500	500	0.5175	0.308	0.283	0.279	0.316	0.307	0.309	0.287	0.317	0.313	0.302	0.370	0.292	0.322	0.284	0.282	0.297	0.270	0.338	0.294	0.273	0.335	0.336	0.281	0.261	0.295	0.358	0.323	0.293	0.317	0.284	1.837	0.498	0.258	0.211	1.208	-17158.832
514	16	500	500	0.5053	0.247	0.371	0.312	0.288	0.305	0.267	0.283	0.305	0.273	0.308	0.313	0.243	0.303	0.255	0.322	0.292	0.311	0.319	0.346	0.285	0.324	0.232	0.254	0.303	0.313	0.243	0.283	0.329	0.310	0.278	2.000	0.521	0.280	0.198	2.334	-16624.907
515	16	500	500	0.5152	0.320	0.305	0.288	0.305	0.316	0.344	0.264	0.300	0.346	0.313	0.273	0.220	0.319	0.231	0.272	0.284	0.269	0.302	0.287	0.322	0.277	0.266	0.282	0.246	0.289	0.318	0.321	0.264	0.291	0.286	1.984	0.544	0.271	0.187	3.867	-16454.007
516	16	500	500	0.5121	0.237	0.393	0.268	0.235	0.346	0.310	0.304	0.317	0.274	0.370	0.259	0.354	0.298	0.297	0.326	0.320	0.396	0.378	0.320	0.293	0.288	0.246	0.303	0.408	0.277	0.294	0.291	0.246	0.285	0.313	2.048	0.545	0.296	0.178	2.729	-16859.796
517	16	500	500	0.5053	0.357	0.306	0.282	0.287	0.236	0.286	0.265	0.334	0.336	0.173	0.335	0.298	0.358	0.332	0.300	0.318	0.258	0.344	0.290	0.291	0.282	0.279	0.319	0.262	0.285	0.283	0.295	0.299	0.297	0.309	1.972	0.609	0.315	0.213	2.674	-16849.400
518	16	500	499	0.5303	0.333	0.370	0.347	0.326	0.313	0.313	0.263	0.263	0.301	0.310	0.287	0.333	0.316	0.328	0.310	0.326	0.294	0.301	0.331	0.281	0.265	0.329	0.246	0.263	0.240	0.334	0.348	0.326	0.341	0.271	1.927	0.677	0.296	0.206	6.845	-16991.048
519	16	500	500	0.5131	0.268	0.325	0.308	0.312	0.310	0.272	0.322	0.289	0.250	0.267	0.283	0.247	0.341	0.251	0.303	0.310	0.281	0.272	0.273	0.237	0.295	0.327	0.293	0.311	0.243	0.311	0.323	0.330	0.268	0.281	1.975	0.627	0.237	0.212	3.992	-16472.922
520	16	500	500	0.5099	0.321	0.310	0.368	0.255	0.288	0.269	0.294	0.302	0.348	0.301	0.257	0.282	0.323	0.300	0.299	0.293	0.247	0.301	0.267	0.326	0.306	0.249	0.329	0.265	0.337	0.323	0.284	0.304	0.305	0.268	1.988	0.572	0.296	0.192	3.858	-16685.674
521	16	500	500	0.5172	0.267	0.311	0.317	0.312	0.317	0.290	0.330	0.283	0.263	0.287	0.285	0.329	0.362	0.303	0.308	0.328	0.277	0.376	0.272	0.252	0.285	0.331	0.311	0.296	0.313	0.341	0.276	0.308	0.284	0.311	2.096	0.602	0.302	0.191	4.640	-16870.241
522	16	500	500	0.5190	0.298	0.317	0.274	0.392	0.296	0.361	0.318	0.244	0.234	0.269	0.312	0.261	0.328	0.316	0.242	0.355	0.307	0.260	0.302	0.366	0.315	0.345	0.262	0.265	0.311	0.303	0.263	0.360	0.273	0.296	2.055	0.650	0.283	0.208	5.754	-16840.546
523	16	500	500	0.5298	0.369	0.280	0.293	0.246	0.307	0.210	0.308	0.293	0.236	0.214	0.331	0.300	0.287	0.287	0.282	0.275	0.334	0.308	0.333	0.341	0.323	0.266	0.296	0.256	0.292	0.283	0.313	0.328	0.263	0.292	2.017	0.401	0.200	0.196	1.000	-16572.255
524	16	500	500	0.4980	0.310	0.240	0.328	0.317	0.293	0.255	0.325	0.271	0.342	0.351	0.279	0.343	0.291	0.321	0.283	0.303	0.318	0.284	0.311	0.333	0.330	0.303	0.325	0.335	0.315	0.242	0.358	0.319	0.368	0.314	1.926	0.542	0.302	0.213	3.412	-17143.532
525	16	500	499	0.5123	0.248	0.270	0.368	0.286	0.294	0.327	0.301	0.265	0.283	0.339	0.251	0.315	0.262	0.278	0.268	0.321	0.250	0.360	0.261	0.282	0.254	0.264	0.283	0.268	0.300	0.354	0.275	0.353	0.294	0.271	1.992	0.611	0.319	0.214	3.813	-16661.500
526	16	500	500	0.5130	0.332	0.281	0.408	0.264	0.314	0.272	0.325	0.256	0.282	0.267	0.329	0.327	0.328	0.340	0.320	0.331	0.241	0.243	0.275	0.300	0.281	0.337	0.280	0.290	0.262	0.317	0.309	0.303	0.309	0.255	1.886	0.402	0.176	0.210	1.000	-16854.989
527	16	500	500	0.5007	0.272	0.265	0.275	0.298	0.290	0.322	0.252	0.299	0.332	0.363	0.318	0.319	0.296	0.328	0.280	0.302	0.245	0.343	0.321	0.289	0.256	0.278	0.290	0.315	0.247	0.270	0.308	0.352	0.296	0.332	2.035	0.593	0.292	0.198	3.657	-16772.964
528	16	500	499	0.5235	0.313	0.276	0.308	0.253	0.266	0.312	0.302	0.366	0.352	0.262	0.273	0.307	0.293	0.299	0.297	0.316	0.269	0.292	0.316	0.222	0.277	0.316	0.311	0.246	0.370	0.301	0.389	0.320	0.332	0.302	1.978	0.593	0.286	0.203	1.000	-16849.109
529	16	500	500	0.4974	0.339	0.291	0.255	0.309	0.302	0.319	0.293	0.242	0.297	0.231	0.298	0.317	0.297	0.255	0.337	0.293	0.233	0.245	0.270	0.304	0.345	0.279	0.253	0.355	0.331	0.283	0.335	0.249	0.331	0.279	1.932	0.634	0.297	0.214	8.364	-16577.879
530	16	500	500	0.5136	0.307	0.253	0.343	0.277	0.344	0.243	0.269	0.310	0.326	0.353	0.272	0.314	0.275	0.264	0.374	0.322	0.235	0.266	0.271	0.363	0.296	0.298	0.353	0.285	0.376	0.213	0.353	0.321	0.315	0.330	1.972	0.684	0.316	0.212	2.934	-16908.107
531	16	500	499	0.5245	0.318	0.280	0.282	0.311	0.265	0.345	0.278	0.313	0.280	0.323	0.303	0.305	0.300	0.272	0.305	0.304	0.288	0.340	0.310	0.269	0.281	0.301	0.368	0.314	0.336	0.295	0.358	0.304	0.325	0.329	2.181	0.654	0.336	0.188	23.878	-16711.571
532	16	500	499	0.5013	0.230	0.292	0.318	0.262	0.303	0.223	0.296	0.336	0.365	0.276	0.311	0.253	0.310	0.297	0.316	0.226	0.372	0.288	0.278	0.317	0.305	0.287	0.249	0.312	0.371	0.296	0.310	0.327	0.299	0.321	2.075	0.618	0.310	0.196	2.477	-16613.905
533	16	500	498	0.4985	0.305	0.350	0.337	0.275	0.231	0.292	0.335	0.262	0.243	0.312	0.308	0.344	0.295	0.319	0.271	0.307	0.408	0.292	0.283	0.247	0.325	0.289	0.284	0.225	0.264	0.280	0.288	0.311	0.273	0.348	1.962	0.571	0.317	0.189	2.507	-16593.681
534	16	500	500	0.5043	0.246	0.362	0.319	0.321	0.259	0.412	0.283	0.261	0.350	0.308	0.299	0.276	0.333	0.253	0.281	0.255	0.261	0.289	0.296	0.325	0.312	0.219	0.369	0.319	0.282	0.255	0.276	0.270	0.252	0.333	1.966	0.566	0.256	0.200	1.806	-16574.604
535	16	500	500	0.5020	0.316	0.249	0.302	0.331	0.310	0.312	0.257	0.317	0.299	0.330	0.299	0.296	0.361	0.301	0.291	0.262	0.304	0.300	0.283	0.294	0.326	0.308	0.320	0.371	0.280	0.341	0.305	0.393	0.277	0.296	1.908	0.493	0.305	0.195	1.632	-17168.108
536	16	500	500	0.5052	0.344	0.174	0.317	0.306	0.293	0.321	0.233	0.314	0.325	0.307	0.279	0.247	0.303	0.338	0.350	0.344	0.276	0.293	0.285	0.278	0.294	0.272	0.293	0.339	0.343	0.312	0.331	0.271	0.315	0.331	1.984	0.602	0.306	0.221	4.411	-16866.725
537	16	500	498	0.5057	0.349	0.258	0.287	0.289	0.283	0.331	0.325	0.301	0.262	0.298	0.364	0.348	0.311	0.313	0.283	0.346	0.198	0.313	0.257	0.304	0.287	0.303	0.375	0.352	0.394	0.278	0.307	0.348	0.307	0.242	1.858	0.498	0.278	0.217	1.000	-17171.284
538	16	500	500	0.5125	0.331	0.275	0.328	0.329	0.310	0.322	0.243	0.329	0.358	0.340	0.287	0.338	0.246	0.298	0.254	0.242	0.299	0.283	0.279	0.303	0.304	0.302	0.377	0.297	0.317	0.307	0.269	0.321	0.230	0.341	2.025	0.618	0.268	0.194	3.451	-16665.375
539	16	500	500	0.5130	0.288	0.334	0.283	0.355	0.311	0.262	0.299	0.309	0.273	0.281	0.281	0.254	0.266	0.296	0.280	0.247	0.276	0.308	0.349	0.260	0.304	0.282	0.241	0.276	0.307	0.330	0.249	0.242	0.319	0.319	1.891	0.596	0.281	0.194	3.774	-16563.158
540	16	500	499	0.5186	0.251	0.312	0.318	0.310	0.306	0.346	0.295	0.315	0.377	0.311	0.303	0.302	0.289	0.276	0.375	0.293	0.314	0.337	0.354	0.310	0.288	0.305	0.337	0.275	0.334	0.321	0.280	0.346	0.338	0.338	1.931	0.607	0.300	0.186	1.000	-17016.849
541	16	500	500	0.5260	0.310	0.289	0.295	0.288	0.255	0.303	0.290	0.277	0.267	0.264	0.313	0.254	0.295	0.324	0.361	0.321	0.298	0.222	0.305	0.311	0.338	0.333	0.274	0.295	0.273	0.347	0.294	0.285	0.247	0.288	2.115	0.492	0.211	0.193	1.755	-16453.250
542	16	500	498	0.5024	0.297	0.276	0.375	0.369	0.317	0.326	0.343	0.362	0.318	0.361	0.304	0.337	0.331	0.318	0.296	0.293	0.273	0.280	0.313	0.319	0.302	0.357	0.267	0.313	0.379	0.317	0.316	0.276	0.283	0.353	2.082	0.594	0.341	0.205	5.620	-17329.688
543	16	500	500	0.5109	0.287	0.295	0.270	0.296	0.252	0.323	0.306	0.334	0.218	0.287	0.338	0.317	0.292	0.288	0.304	0.296	0.305	0.312	0.311	0.298	0.271	0.312	0.322	0.258	0.300	0.308	0.305	0.330	0.282	0.384	2.046	0.529	0.268	0.203	1.254	-16917.859
544	16	500	500	0.5115	0.298	0.296	0.221	0.332	0.286	0.328	0.279	0.306	0.248	0.243	0.304	0.337	0.282	0.297	0.291	0.300	0.347	0.302	0.307	0.313	0.280	0.268	0.287	0.338	0.291	0.323	0.285	0.270	0.385	0.342	2.029	0.602	0.292	0.199	1.000	-16803.636
545	16	500	500	0.5315	0.297	0.329	0.288	0.275	0.298	0.288	0.352	0.263	0.353	0.320	0.381	0.301	0.334	0.270	0.314	0.300	0.248	0.280	0.334	0.314	0.212	0.318	0.284	0.418	0.282	0.303	0.295	0.288	0.274	0.342	2.074	0.607	0.313	0.193	3.249	-16949.537
546	16	500	500	0.5192	0.300	0.343	0.248	0.340	0.363	0.275	0.292	0.255	0.267	0.256	0.330	0.249	0.284	0.330	0.311	0.263	0.337	0.337	0.291	0.287	0.299	0.287	0.298	0.316	0.278	0.244	0.271	0.300	0.255	0.324	1.963	0.651	0.304	0.210	4.822	-16674.587
547	16	500	500	0.5141	0.316	0.268	0.251	0.323	0.315	0.295	0.320	0.276	0.320	0.247	0.266	0.307	0.316	0.255	0.320	0.349	0.246	0.333	0.326	0.257	0.282	0.362	0.280	0.361	0.257	0.380	0.255	0.288	0.320	0.361	1.956	0.641	0.295	0.203	4.561	-16846.678
548	16	500	500	0.5144	0.340	0.312	0.297	0.300	0.286	0.300	0.282	0.283	0.302	0.309	0.354	0.290	0.390	0.323	0.301	0.266	0.323	0.320	0.224	0.294	0.274	0.312	0.288	0.286	0.335	0.398	0.278	0.323	0.274	0.297	1.898	0.564	0.306	0.197	1.888	-17010.629
549	16	500	500	0.5040	0.286	0.269	0.336	0.318	0.339	0.328	0.294	0.276	0.288	0.276	0.361	0.335	0.326	0.299	0.317	0.267	0.245	0.267	0.374	0.296	0.310	0.254	0.344	0.335	0.268	0.307	0.296	0.281	0.268	0.292	1.939	0.664	0.309	0.201	11.427	-16793.488
550	16	500	500	0.5291	0.282	0.314	0.311	0.260	0.309	0.310	0.307	0.289	0.302	0.262	0.346	0.352	0.300	0.310	0.326	0.278	0.273	0.300	0.314	0.270	0.304	0.268	0.298	0.327	0.335	0.284	0.251	0.367	0.265	0.253	2.043	0.650	0.350	0.203	16.242	-16850.499
551	16	500	499	0.5281	0.324	0.325	0.287	0.341	0.275	0.287	0.261	0.248	0.324	0.362	0.297	0.265	0.313	0.263	0.286	0.255	0.283	0.338	0.297	0.258	0.248	0.307	0.324	0.318	0.264	0.274	0.309	0.270	0.272	0.322	2.093	0.665	0.309	0.188	9.278	-16469.539
552	16	500	500	0.5019	0.228	0.294	0.332	0.308	0.372	0.270	0.287	0.285	0.209	0.345	0.348	0.293	0.247	0.308	0.269	0.257	0.306	0.283	0.301	0.283	0.268	0.307	0.341	0.300	0.267	0.322	0.305	0.219	0.327	0.339	2.039	0.602	0.297	0.199	2.646	-16683.002
553	16	500	500	0.5301	0.311	0.238	0.265	0.283	0.296	0.328	0.291	0.230	0.252	0.340	0.295	0.333	0.338	0.288	0.337	0.352	0.237	0.318	0.257	0.334	0.331	0.253	0.301	0.297	0.298	0.302	0.287	0.263	0.337	0.300	1.947	0.609	0.301	0.198	4.476	-16783.490
554	16	500	500	0.4918	0.319	0.354	0.303	0.351	0.304	0.295	0.352	0.288	0.319	0.274	0.290	0.346	0.271	0.319	0.272	0.316	0.250	0.297	0.258	0.339	0.348	0.313	0.248	0.269	0.294	0.366	0.316	0.328	0.324	0.291	2.054	0.569	0.348	0.201	4.288	-17090.527
555	16	500	500	0.5039	0.326	0.320	0.293	0.372	0.322	0.288	0.272	0.289	0.315	0.316	0.269	0.294	0.274	0.304	0.306	0.367	0.254	0.325	0.269	0.309	0.293	0.253	0.330	0.319	0.397	0.359	0.279	0.236	0.319	0.347	2.087	0.615	0.312	0.200	4.563	-16900.895
556	16	500	500	0.5153	0.276	0.349	0.306	0.268	0.287	0.294	0.280	0.289	0.242	0.363	0.319	0.322	0.296	0.336	0.305	0.241	0.286	0.357	0.320	0.312	0.245	0.290	0.330	0.305	0.366	0.218	0.306	0.318	0.292	0.307	1.956	0.610	0.309	0.197	3.617	-16879.309
557	16	500	500	0.5112	0.344	0.279	0.298	0.332	0.303	0.347	0.236	0.293	0.301	0.291	0.276	0.294	0.260	0.240	0.312	0.332	0.371	0.297	0.343	0.283	0.315	0.300	0.292	0.343	0.350	0.278	0.327	0.268	0.244	0.270	1.898	0.596	0.282	0.195	4.011	-16694.722
558	16	500	498	0.5248	0.319	0.297	0.333	0.304	0.350	0.310	0.298	0.297	0.390	0.271	0.336	0.324	0.314	0.350	0.303	0.311	0.328	0.276	0.271	0.302	0.336	0.271	0.319	0.370	0.343	0.268	0.342	0.285	0.306	0.291	2.149	0.584	0.326	0.199	2.834	-17201.439
559	16	500	499	0.4969	0.230	0.320	0.344	0.250	0.310	0.277	0.298	0.283	0.295	0.269	0.279	0.365	0.245	0.337	0.299	0.220	0.308	0.303	0.283	0.292	0.342	0.311	0.272	0.357	0.228	0.319	0.357	0.303	0.260	0.324	2.033	0.611	0.292	0.190	3.489	-16536.399
560	16	500	500	0.4979	0.279	0.354	0.272	0.272	0.264	0.272	0.290	0.342	0.269	0.271	0.266	0.274	0.305	0.283	0.223	0.247	0.329	0.208	0.319	0.270	0.317	0.274	0.291	0.298	0.321	0.268	0.288	0.330	0.264	0.287	1.839	0.684	0.278	0.192	5.328	-16262.696
561	16	500	500	0.5137	0.275	0.302	0.360	0.278	0.316	0.312	0.305	0.317	0.296	0.295	0.324	0.343	0.283	0.276	0.345	0.291	0.296	0.357	0.348	0.278	0.325	0.329	0.286	0.336	0.361	0.313	0.282	0.304	0.267	0.269	1.947	0.603	0.325	0.211	1.000	-17150.269
562	16	500	500	0.5260	0.285	0.293	0.307	0.247	0.317	0.316	0.274	0.261	0.312	0.263	0.304	0.325	0.277	0.360	0.339	0.302	0.339	0.218	0.290	0.292	0.273	0.250	0.292	0.279	0.267	0.285	0.282	0.352	0.343	0.201	2.008	0.615	0.277	0.183	1.889	-16399.952
563	16	500	500	0.4989	0.314	0.278	0.292	0.291	0.361	0.311	0.326	0.363	0.372	0.304	0.315	0.269	0.295	0.286	0.323	0.334	0.345	0.320	0.244	0.316	0.285	0.281	0.296	0.345	0.284	0.292	0.304	0.263	0.327	0.315	2.004	0.492	0.267	0.214	2.500	-17047.374
564	16	500	500	0.5323	0.236	0.226	0.288	0.235	0.272	0.276	0.280	0.270	0.357	0.306	0.252	0.273	0.305	0.344	0.311	0.314	0.203	0.366	0.286	0.323	0.299	0.308	0.239	0.367	0.289	0.298	0.306	0.312	0.282	0.285	2.041	0.636	0.298	0.197	3.290	-16475.548
565	16	500	500	0.5087	0.228	0.219	0.263	0.301	0.320	0.301	0.285	0.278	0.323	0.255	0.344	0.333	0.295	0.302	0.277	0.308	0.340	0.316	0.279	0.288	0.340	0.278	0.302	0.276	0.301	0.298	0.296	0.345	0.305	0.289	1.946	0.604	0.304	0.196	2.191	-16727.135
566	16	500	500	0.4975	0.284	0.265	0.292	0.248	0.351	0.279	0.312	0.263	0.232	0.388	0.240	0.301	0.315	0.217	0.318	0.262	0.222	0.314	0.291	0.296	0.313	0.304	0.264	0.327	0.287	0.242	0.273	0.266	0.305	0.309	2.028	0.676	0.267	0.205	6.304	-16189.838
567	16	500	500	0.4947	0.336	0.352	0.308	0.273	0.260	0.167	0.304	0.299	0.229	0.342	0.318	0.256	0.277	0.269	0.307	0.333	0.271	0.312	0.315	0.235	0.305	0.293	0.339	0.290	0.302	0.284	0.329	0.305	0.263	0.309	2.036	0.623	0.285	0.193	1.000	-16309.942
568	16	500	500	0.5232	0.368	0.346	0.278	0.276	0.284	0.273	0.366	0.355	0.354	0.261	0.270	0.303	0.347	0.330	0.289	0.304	0.309	0.291	0.356	0.303	0.300	0.286	0.301	0.250	0.317	0.317	0.321	0.299	0.306	0.312	1.855	0.597	0.291	0.202	4.212	-17106.911
569	16	500	500	0.5178	0.277	0.269	0.331	0.282	0.273	0.328	0.294	0.277	0.296	0.319	0.301	0.268	0.299	0.290	0.309	0.312	0.267	0.311	0.308	0.323	0.332	0.303	0.275	0.267	0.314	0.323	0.308	0.301	0.292	0.292	2.070	0.621	0.339	0.190	5.560	-16637.879
570	16	500	500	0.4970	0.358	0.295	0.256	0.268	0.316	0.306	0.280	0.322	0.287	0.285	0.357	0.278	0.300	0.315	0.316	0.340	0.292	0.267	0.285	0.335	0.334	0.244	0.340	0.264	0.279	0.283	0.288	0.278	0.316	0.294	1.949	0.656	0.303	0.208	1.816	-16713.508
571	16	500	500	0.5115	0.295	0.331	0.257	0.281	0.256	0.267	0.351	0.268	0.307	0.376	0.296	0.300	0.306	0.320	0.309	0.275	0.310	0.257	0.295	0.347	0.271	0.334	0.282	0.302	0.288	0.314	0.346	0.318	0.266	0.298	1.892	0.481	0.254	0.192	1.000	-16920.299
572	16	500	500	0.5169	0.296	0.313	0.332	0.311	0.328	0.276	0.332	0.280	0.294	0.320	0.327	0.240	0.323	0.328	0.287	0.249	0.396	0.286	0.397	0.310	0.258	0.274	0.311	0.269	0.314	0.293	0.335	0.359	0.312	0.339	2.120	0.580	0.337	0.186	2.559	-16892.728
573	16	500	500	0.5171	0.338	0.359	0.296	0.300	0.295	0.310	0.272	0.318	0.263	0.225	0.300	0.269	0.299	0.285	0.325	0.288	0.312	0.328	0.301	0.320	0.376	0.308	0.320	0.269	0.343	0.312	0.286	0.278	0.316	0.340	1.978	0.579	0.349	0.205	7.398	-17077.225
574	16	500	499	0.5028	0.278	0.258	0.266	0.359	0.242	0.314	0.263	0.378	0.373	0.350	0.310	0.289	0.311	0.327	0.288	0.323	0.368	0.287	0.304	0.306	0.357	0.241	0.347	0.255	0.258	0.316	0.344	0.334	0.283	0.312	2.029	0.572	0.314	0.203	1.765	-17057.414
575	16	500	499	0.5165	0.242	0.362	0.330	0.308	0.295	0.347	0.311	0.276	0.230	0.273	0.294	0.325	0.314	0.283	0.298	0.320	0.304	0.266	0.276	0.322	0.270	0.352	0.254	0.381	0.272	0.332	0.286	0.293	0.265	0.276	1.869	0.558	0.287	0.182	1.792	-16734.525
576	16	500	500	0.5113	0.280	0.342	0.244	0.278	0.313	0.336	0.290	0.271	0.308	0.308	0.294	0.292	0.345	0.312	0.302	0.342	0.278	0.349	0.344	0.295	0.296	0.316	0.235	0.358	0.281	0.279	0.269	0.285	0.267	0.384	2.084	0.569	0.273	0.214	1.263	-16824.376
577	16	500	500	0.5150	0.260	0.378	0.330	0.311	0.309	0.314	0.306	0.333	0.278	0.300	0.321	0.274	0.334	0.336	0.310	0.254	0.346	0.325	0.288	0.298	0.333	0.298	0.310	0.313	0.293	0.330	0.334	0.354	0.278	0.381	2.005	0.535	0.293	0.201	2.200	-17222.931
578	16	500	500	0.5133	0.357	0.275	0.305	0.289	0.293	0.353	0.312	0.304	0.298	0.295	0.253	0.326	0.318	0.371	0.294	0.336	0.283	0.324	0.257	0.285	0.302	0.300	0.335	0.265	0.298	0.309	0.302	0.313	0.339	0.254	1.953	0.541	0.255	0.189	4.420	-16863.433
579	16	500	499	0.5157	0.327	0.303	0.300	0.337	0.311	0.298	0.330	0.296	0.292	0.303	0.308	0.346	0.297	0.329	0.308	0.309	0.342	0.304	0.270	0.328	0.277	0.292	0.300	0.273	0.235	0.293	0.292	0.269	0.303	0.334	1.938	0.584	0.318	0.208	4.698	-17058.786
580	16	500	500	0.5118	0.269	0.311	0.374	0.244	0.311	0.295	0.328	0.344	0.240	0.306	0.275	0.337	0.313	0.268	0.328	0.300	0.300	0.301	0.276	0.348	0.302	0.328	0.306	0.226	0.294	0.318	0.341	0.361	0.302	0.310	2.077	0.595	0.318	0.207	1.000	-17102.296
581	16	500	500	0.5131	0.286	0.273	0.302	0.320	0.262	0.339	0.350	0.365	0.300	0.280	0.316	0.316	0.381	0.325	0.326	0.294	0.328	0.292	0.335	0.348	0.246	0.322	0.337	0.256	0.341	0.314	0.341	0.407	0.346	0.380	2.103	0.602	0.348	0.218	6.254	-17560.578
582	16	500	500	0.5192	0.257	0.259	0.317	0.337	0.308	0.294	0.339	0.286	0.325	0.332	0.230	0.303	0.290	0.259	0.271	0.304	0.333	0.258	0.300	0.284	0.312	0.302	0.314	0.255	0.240	0.342	0.287	0.321	0.305	0.299	2.024	0.538	0.249	0.205	4.008	-16761.052
583	16	500	500	0.5102	0.356	0.272	0.346	0.296	0.309	0.255	0.294	0.292	0.318	0.307	0.294	0.329	0.265	0.311	0.294	0.308	0.303	0.264	0.302	0.258	0.314	0.335	0.194	0.280	0.304	0.280	0.320	0.309	0.326	0.300	1.974	0.635	0.275	0.194	4.786	-16591.647
584	16	500	499	0.5202	0.299	0.354	0.290	0.327	0.314	0.343	0.307	0.292	0.287	0.268	0.314	0.326	0.323	0.333	0.292	0.261	0.363	0.304	0.303	0.294	0.267	0.313	0.285	0.285	0.299	0.281	0.261	0.300	0.379	0.322	2.028	0.505	0.263	0.194	2.001	-17025.912
585	16	500	500	0.5061	0.354	0.287	0.269	0.340	0.312	0.262	0.275	0.372	0.243	0.343	0.255	0.307	0.257	0.308	0.296	0.293	0.328	0.267	0.247	0.299	0.252	0.299	0.285	0.347	0.317	0.299	0.280	0.257	0.263	0.311	2.010	0.629	0.309	0.190	5.187	-16523.940
586	16	500	500	0.5060	0.315	0.216	0.298	0.341	0.392	0.342	0.281	0.328	0.315	0.318	0.296	0.311	0.269	0.268	0.250	0.315	0.298	0.292	0.272	0.348	0.303	0.293	0.291	0.259	0.314	0.320	0.314	0.318	0.339	0.270	2.085	0.526	0.283	0.205	1.115	-16899.706
587	16	500	500	0.5181	0.281	0.284	0.266	0.259	0.300	0.298	0.363	0.330	0.255	0.259	0.301	0.274	0.267	0.290	0.306	0.296	0.289	0.337	0.230	0.313	0.293	0.286	0.383	0.308	0.300	0.341	0.309	0.260	0.284	0.299	2.009	0.579	0.267	0.205	3.431	-16745.375
588	16	500	500	0.5269	0.281	0.276	0.287	0.270	0.250	0.318	0.330	0.290	0.280	0.306	0.323	0.299	0.297	0.264	0.270	0.250	0.284	0.313	0.273	0.334	0.226	0.380	0.261	0.317	0.346	0.333	0.307	0.310	0.261	0.300	2.073	0.660	0.314	0.198	12.145	-16598.708
589	16	500	500	0.5207	0.326	0.291	0.320	0.289	0.245	0.249	0.337	0.315	0.370	0.274	0.286	0.290	0.248	0.284	0.324	0.286	0.336	0.338	0.283	0.294	0.303	0.299	0.330	0.278	0.258	0.309	0.274	0.303	0.265	0.329	2.038	0.589	0.282	0.198	3.070	-16688.877
590	16	500	499	0.5083	0.280	0.305	0.298	0.368	0.287	0.361	0.339	0.311	0.249	0.243	0.299	0.290	0.361	0.259	0.284	0.362	0.261	0.275	0.298	0.303	0.278	0.304	0.359	0.321	0.249	0.289	0.301	0.309	0.314	0.310	1.967	0.641	0.286	0.208	6.536	-16849.743
591	16	500	500	0.5041	0.378	0.245	0.357	0.330	0.283	0.251	0.273	0.359	0.261	0.306	0.295	0.222	0.314	0.321	0.259	0.376	0.153	0.310	0.304	0.333	0.335	0.262	0.282	0.311	0.241	0.318	0.289	0.383	0.239	0.325	1.972	0.559	0.269	0.195	1.589	-16504.342
592	16	500	498	0.5233	0.293	0.359	0.281	0.292	0.316	0.305	0.330	0.247	0.275	0.365	0.300	0.262	0.264	0.300	0.280	0.306	0.215	0.309	0.308	0.365	0.311	0.324	0.281	0.319	0.243	0.283	0.251	0.322	0.262	0.307	1.996	0.566	0.291	0.209	2.635	-16813.742
593	16	500	500	0.5152	0.206	0.264	0.322	0.286	0.323	0.299	0.243	0.272	0.346	0.217	0.279	0.326	0.261	0.356	0.323	0.261	0.253	0.311	0.275	0.269	0.281	0.261	0.283	0.331	0.255	0.287	0.359	0.320	0.287	0.326	2.051	0.485	0.242	0.199	1.893	-16553.868
594	16	500	500	0.5251	0.286	0.216	0.292	0.319	0.289	0.302	0.309	0.287	0.272	0.285	0.303	0.315	0.277	0.334	0.350	0.302	0.342	0.318	0.349	0.248	0.353	0.204	0.320	0.309	0.279	0.272	0.272	0.316	0.257	0.326	1.970	0.616	0.301	0.197	4.750	-16691.608
595	16	500	500	0.5275	0.329	0.302	0.330	0.290	0.319	0.321	0.313	0.274	0.325	0.280	0.297	0.300	0.288	0.286	0.273	0.298	0.288	0.297	0.306	0.317	0.279	0.318	0.315	0.401	0.361	0.297	0.321	0.203	0.363	0.308	2.080	0.614	0.296	0.196	5.077	-16899.825
596	16	500	500	0.5108	0.234	0.258	0.328	0.285	0.313	0.325	0.287	0.255	0.306	0.247	0.314	0.251	0.273	0.262	0.279	0.263	0.359	0.275	0.303	0.302	0.297	0.269	0.273	0.260	0.302	0.285	0.306	0.338	0.339	0.263	1.859	0.640	0.266	0.200	2.237	-16472.921
597	16	500	499	0.5187	0.351	0.317	0.340	0.324	0.308	0.289	0.254	0.333	0.267	0.364	0.309	0.327	0.273	0.282	0.271	0.337	0.271	0.307	0.306	0.263	0.357	0.244	0.314	0.247	0.295	0.307	0.315	0.268	0.281	0.338	2.029	0.567	0.273	0.195	1.639	-16666.928
598	16	500	500	0.5171	0.337	0.288	0.278	0.279	0.323	0.396	0.286	0.330	0.292	0.309	0.287	0.284	0.337	0.302	0.321	0.301	0.289	0.303	0.331	0.275	0.273	0.317	0.307	0.351	0.288	0.305	0.295	0.300	0.357	0.300	2.034	0.620	0.313	0.205	5.481	-17024.908
599	16	500	500	0.5229	0.295	0.379	0.300	0.298	0.267	0.247	0.272	0.315	0.320	0.286	0.310	0.299	0.268	0.313	0.275	0.227	0.293	0.242	0.308	0.241	0.292	0.263	0.263	0.285	0.302	0.329	0.291	0.264	0.302	0.244	2.020	0.634	0.300	0.221	1.706	-16565.076
600	16	500	500	0.5250	0.277	0.377	0.314	0.311	0.293	0.227	0.328	0.269	0.230	0.302	0.324	0.302	0.305	0.225	0.282	0.301	0.253	0.253	0.308	0.281	0.259	0.264	0.306	0.279	0.255	0.293	0.275	0.330	0.269	0.334	1.919	0.498	0.241	0.200	2.543	-16644.909
601	16	500	500	0.5145	0.316	0.265	0.399	0.359	0.246	0.236	0.312	0.267	0.341	0.198	0.304	0.297	0.346	0.302	0.215	0.246	0.270	0.238	0.265	0.354	0.376	0.301	0.278	0.304	0.297	0.282	0.274	0.317	0.288	0.272	1.912	0.636	0.284	0.194	3.921	-16521.997
602	16	500	500	0.5196	0.355	0.210	0.293	0.343	0.337	0.349	0.308	0.254	0.311	0.303	0.307	0.325	0.325	0.322	0.283	0.309	0.260	0.346	0.309	0.251	0.279	0.318	0.280	0.334	0.360	0.375	0.286	0.260	0.396	0.315	1.974	0.605	0.316	0.193	5.012	-17077.989
603	16	500	500	0.5178	0.247	0.373	0.263	0.358	0.244	0.338	0.323	0.264	0.253	0.414	0.282	0.309	0.325	0.289	0.285	0.257	0.272	0.240	0.279	0.326	0.325	0.266	0.300	0.244	0.222	0.263	0.260	0.320	0.267	0.347	1.924	0.634	0.296	0.199	3.212	-16613.500
604	16	500	500	0.5013	0.255	0.335	0.251	0.312	0.337	0.284	0.365	0.281	0.295	0.304	0.299	0.338	0.261	0.283	0.284	0.297	0.360	0.225	0.295	0.334	0.256	0.311	0.292	0.302	0.251	0.242	0.325	0.351	0.275	0.256	1.976	0.579	0.297	0.194	3.807	-16575.523
605	16	500	500	0.5133	0.311	0.291	0.290	0.281	0.318	0.256	0.349	0.282	0.204	0.262	0.268	0.381	0.281	0.331	0.324	0.314	0.186	0.310	0.261	0.285	0.285	0.316	0.295	0.343	0.316	0.245	0.314	0.323	0.254	0.338	1.930	0.596	0.304	0.215	10.775	-16875.820
606	16	500	500	0.5112	0.317	0.316	0.288	0.344	0.358	0.344	0.269	0.363	0.287	0.261	0.288	0.290	0.364	0.287	0.291	0.315	0.331	0.388	0.256	0.306	0.263	0.323	0.310	0.309	0.310	0.283	0.268	0.251	0.360	0.292	1.907	0.550	0.326	0.205	3.056	-17125.167
607	16	500	500	0.5272	0.321	0.280	0.281	0.321	0.288	0.243	0.323	0.337	0.295	0.246	0.315	0.260	0.299	0.301	0.257	0.310	0.217	0.288	0.260	0.325	0.293	0.285	0.237	0.315	0.339	0.308	0.302	0.278	0.313	0.323	1.875	0.613	0.292	0.191	2.348	-16659.978
608	16	500	500	0.5113	0.293	0.266	0.332	0.391	0.240	0.243	0.316	0.299	0.312	0.289	0.301	0.247	0.262	0.272	0.300	0.310	0.349	0.324	0.325	0.314	0.313	0.210	0.267	0.234	0.286	0.281	0.232	0.302	0.286	0.360	2.091	0.633	0.279	0.227	3.725	-16523.686
609	16	500	500	0.5108	0.384	0.257	0.368	0.415	0.335	0.276	0.263	0.327	0.277	0.373	0.313	0.300	0.307	0.339	0.334	0.322	0.312	0.294	0.311	0.351	0.323	0.280	0.299	0.281	0.298	0.310	0.351	0.328	0.300	0.346	2.005	0.587	0.355	0.209	11.739	-17417.060
610	16	500	500	0.5176	0.320	0.306	0.295	0.316	0.324	0.311	0.263	0.285	0.368	0.251	0.281	0.279	0.309	0.344	0.293	0.287	0.274	0.357	0.272	0.295	0.318	0.331	0.343	0.335	0.322	0.325	0.264	0.342	0.270	0.286	2.133	0.601	0.318	0.195	4.842	-16833.125
611	16	500	499	0.5116	0.279	0.249	0.244	0.273	0.331	0.332	0.260	0.339	0.314	0.261	0.350	0.296	0.289	0.336	0.360	0.332	0.267	0.270	0.306	0.323	0.344	0.312	0.298	0.328	0.362	0.267	0.286	0.279	0.308	0.297	1.931	0.619	0.280	0.206	2.854	-16898.940
612	16	500	500	0.5157	0.360	0.285	0.328	0.246	0.325	0.277	0.307	0.273	0.381	0.263	0.350	0.287	0.316	0.303	0.281	0.349	0.333	0.266	0.287	0.287	0.288	0.306	0.324	0.341	0.274	0.308	0.320	0.291	0.291	0.255	2.061	0.564	0.277	0.203	1.000	-16828.215
613	16	500	499	0.5104	0.315	0.245	0.240	0.353	0.283	0.303	0.362	0.243	0.269	0.268	0.326	0.312	0.338	0.288	0.291	0.371	0.250	0.307	0.300	0.298	0.302	0.319	0.305	0.249	0.348	0.297	0.342	0.356	0.308	0.288	2.023	0.584	0.299	0.188	4.241	-16762.219
614	16	500	499	0.5248	0.266	0.368	0.321	0.251	0.334	0.373	0.311	0.323	0.296	0.327	0.295	0.298	0.258	0.380	0.292	0.323	0.328	0.301	0.268	0.372	0.372	0.302	0.296	0.308	0.280	0.341	0.287	0.388	0.279	0.343	1.941	0.578	0.314	0.201	3.986	-17282.510
615	16	500	499	0.5064	0.266	0.371	0.350	0.251	0.313	0.306	0.288	0.318	0.256	0.285	0.287	0.284	0.292	0.276	0.379	0.253	0.311	0.274	0.353	0.281	0.313	0.299	0.315	0.281	0.294	0.289	0.287	0.321	0.298	0.317	2.007	0.538	0.312	0.189	1.244	-16784.861
616	16	500	499	0.5093	0.348	0.310	0.373	0.275	0.339	0.319	0.293	0.334	0.332	0.325	0.332	0.277	0.246	0.387	0.280	0.349	0.276	0.307	0.287	0.286	0.260	0.313	0.334	0.276	0.369	0.395	0.265	0.318	0.332	0.235	2.057	0.417	0.249	0.193	1.019	-17125.916
617	16	500	500	0.5129	0.340	0.267	0.295	0.292	0.319	0.285	0.263	0.344	0.348	0.329	0.336	0.316	0.256	0.298	0.334	0.347	0.178	0.307	0.322	0.310	0.313	0.329	0.268	0.379	0.322	0.283	0.282	0.320	0.311	0.255	2.011	0.457	0.231	0.200	1.000	-16866.970
618	16	500	500	0.5328	0.336	0.326	0.335	0.263	0.340	0.283	0.271	0.351	0.293	0.330	0.327	0.285	0.333	0.310	0.312	0.251	0.250	0.335	0.307	0.306	0.268	0.316	0.289	0.304	0.231	0.292	0.321	0.370	0.315	0.341	1.975	0.572	0.336	0.190	3.540	-17016.238
619	16	500	500	0.5160	0.324	0.338	0.282	0.358	0.256	0.312	0.266	0.330	0.280	0.364	0.294	0.285	0.266	0.277	0.274	0.269	0.267	0.309	0.329	0.352	0.336	0.338	0.255	0.279	0.282	0.333	0.263	0.324	0.283	0.295	1.846	0.584	0.326	0.198	1.895	-16932.071
620	16	500	500	0.5127	0.318	0.259	0.307	0.344	0.316	0.333	0.287	0.344	0.321	0.242	0.292	0.345	0.276	0.325	0.300	0.290	0.355	0.357	0.306	0.232	0.234	0.282	0.304	0.295	0.285	0.272	0.400	0.286	0.303	0.294	1.972	0.627	0.307	0.200	1.716	-16858.760
621	16	500	500	0.5046	0.307	0.353	0.296	0.277	0.373	0.251	0.317	0.270	0.286	0.277	0.311	0.282	0.270	0.290	0.249	0.287	0.318	0.289	0.280	0.292	0.213	0.302	0.300	0.280	0.312	0.246	0.319	0.278	0.255	0.294	1.905	0.651	0.301	0.202	2.693	-16520.310
622	16	500	500	0.5104	0.322	0.330	0.300	0.270	0.297	0.314	0.290	0.330	0.324	0.284	0.347	0.250	0.287	0.236	0.264	0.277	0.321	0.319	0.252	0.319	0.300	0.356	0.295	0.342	0.266	0.273	0.270	0.260	0.336	0.302	2.083	0.654	0.282	0.204	3.229	-16709.369
623	16	500	500	0.4991	0.282	0.259	0.318	0.236	0.300	0.307	0.373	0.347	0.407	0.306	0.344	0.301	0.282	0.310	0.273	0.293	0.245	0.283	0.307	0.312	0.304	0.316	0.294	0.288	0.318	0.295	0.381	0.300	0.276	0.288	1.938	0.486	0.247	0.199	1.000	-17073.652
624	16	500	500	0.5050	0.297	0.307	0.342	0.302	0.305	0.376	0.286	0.245	0.298	0.290	0.328	0.269	0.309	0.320	0.258	0.339	0.337	0.306	0.360	0.307	0.268	0.333	0.293	0.234	0.279	0.311	0.319	0.333	0.314	0.350	2.059	0.644	0.334	0.213	7.227	-17010.594
625	16	500	500	0.5058	0.268	0.256	0.317	0.271	0.307	0.301	0.277	0.332	0.362	0.342	0.288	0.386	0.318	0.348	0.326	0.266	0.290	0.307	0.264	0.335	0.261	0.341	0.313	0.276	0.356	0.313	0.262	0.362	0.312	0.192	2.047	0.563	0.279	0.195	2.755	-16793.515
626	16	500	499	0.5099	0.270	0.248	0.311	0.335	0.336	0.327	0.413	0.304	0.272	0.309	0.295	0.366	0.325	0.305	0.307	0.306	0.363	0.329	0.317	0.277	0.268	0.356	0.298	0.323	0.232	0.258	0.298	0.329	0.291	0.350	2.068	0.618	0.330	0.206	3.100	-17169.387
627	16	500	500	0.5196	0.344	0.368	0.282	0.242	0.256	0.332	0.307	0.280	0.308	0.250	0.311	0.330	0.334	0.298	0.284	0.270	0.259	0.319	0.268	0.320	0.247	0.317	0.274	0.320	0.332	0.311	0.348	0.323	0.337	0.304	1.887	0.453	0.226	0.192	1.000	-16850.934
628	16	500	499	0.5286	0.321	0.274	0.312	0.280	0.287	0.288	0.285	0.279	0.327	0.276	0.354	0.323	0.262	0.331	0.330	0.314	0.238	0.262	0.268	0.300	0.311	0.276	0.246	0.341	0.258	0.235	0.316	0.289	0.303	0.262	1.979	0.506	0.211	0.205	1.303	-16396.517
629	16	500	500	0.5079	0.347	0.233	0.282	0.366	0.318	0.385	0.313	0.314	0.261	0.349	0.308	0.334	0.268	0.238	0.305	0.328	0.252	0.368	0.309	0.260	0.305	0.303	0.308	0.305	0.347	0.257	0.292	0.256	0.258	0.279	1.876	0.638	0.324	0.210	8.270	-16897.588
630	16	500	500	0.5154	0.288	0.311	0.271	0.281	0.322	0.352	0.311	0.286	0.332	0.315	0.339	0.284	0.312	0.284	0.260	0.312	0.225	0.288	0.359	0.280	0.346	0.279	0.324	0.328	0.297	0.293	0.299	0.354	0.320	0.351	2.049	0.627	0.300	0.201	5.514	-16962.980
631	16	500	500	0.5156	0.336	0.294	0.307	0.293	0.299	0.354	0.342	0.259	0.206	0.309	0.324	0.257	0.293	0.250	0.283	0.321	0.331	0.308	0.334	0.304	0.303	0.324	0.282	0.293	0.301	0.338	0.333	0.289	0.331	0.354	2.042	0.584	0.270	0.207	3.018	-17004.630
632	16	500	500	0.5204	0.315	0.298	0.386	0.310	0.308	0.307	0.299	0.343	0.330	0.417	0.259	0.343	0.236	0.365	0.274	0.359	0.367	0.275	0.306	0.302	0.313	0.329	0.283	0.255	0.354	0.245	0.355	0.298	0.303	0.339	2.181	0.505	0.249	0.203	2.101	-17144.588
633	16	500	499	0.5092	0.335	0.298	0.321	0.254	0.328	0.283	0.285	0.250	0.328	0.240	0.343	0.289	0.292	0.247	0.300	0.318	0.328	0.256	0.307	0.308	0.302	0.289	0.339	0.270	0.332	0.340	0.271	0.337	0.300	0.337	2.010	0.585	0.333	0.208	2.999	-16979.063
634	16	500	500	0.5135	0.298	0.294	0.277	0.364	0.347	0.350	0.345	0.335	0.292	0.244	0.242	0.321	0.251	0.262	0.305	0.322	0.350	0.277	0.256	0.296	0.314	0.275	0.337	0.296	0.298	0.279	0.313	0.271	0.321	0.333	1.966	0.612	0.338	0.200	10.986	-16810.729
635	16	500	500	0.5352	0.271	0.359	0.331	0.356	0.283	0.343	0.275	0.318	0.339	0.401	0.274	0.283	0.278	0.293	0.285	0.291	0.357	0.282	0.321	0.326	0.314	0.252	0.302	0.326	0.347	0.286	0.351	0.349	0.297	0.379	2.038	0.669	0.321	0.188	9.168	-17030.252
636	16	500	500	0.5115	0.362	0.416	0.306	0.321	0.280	0.436	0.289	0.268	0.286	0.337	0.265	0.376	0.354	0.332	0.272	0.287	0.340	0.324	0.302	0.337	0.312	0.324	0.285	0.240	0.311	0.284	0.281	0.311	0.299	0.294	2.015	0.568	0.313	0.203	3.258	-17081.569
637	16	500	500	0.4996	0.350	0.327	0.280	0.257	0.337	0.352	0.289	0.314	0.269	0.308	0.285	0.340	0.329	0.312	0.265	0.260	0.274	0.300	0.271	0.257	0.351	0.276	0.305	0.320	0.279	0.301	0.263	0.252	0.362	0.268	2.074	0.476	0.221	0.213	1.000	-16665.835
638	16	500	500	0.5077	0.264	0.288	0.353	0.255	0.269	0.267	0.296	0.306	0.348	0.313	0.308	0.304	0.357	0.275	0.333	0.252	0.275	0.334	0.328	0.278	0.276	0.355	0.308	0.332	0.296	0.331	0.272	0.261	0.375	0.244	1.968	0.500	0.251	0.199	3.284	-17024.641
639	16	500	500	0.5133	0.264	0.284	0.332	0.267	0.309	0.362	0.330	0.280	0.305	0.249	0.334	0.308	0.291	0.315	0.328	0.310	0.339	0.340	0.281	0.293	0.258	0.330	0.265	0.265	0.330	0.300	0.251	0.301	0.264	0.325	2.019	0.579	0.300	0.207	4.778	-16942.043
640	16	500	500	0.5053	0.342	0.255	0.291	0.292	0.277	0.270	0.297	0.269	0.366	0.253	0.330	0.340	0.328	0.306	0.308	0.263	0.313	0.264	0.277	0.278	0.333	0.283	0.292	0.285	0.337	0.268	0.314	0.181	0.288	0.321	2.138	0.550	0.253	0.218	1.000	-16648.408
641	16	500	500	0.5323	0.350	0.241	0.293	0.330	0.331	0.359	0.302	0.270	0.253	0.250	0.312	0.277	0.304	0.302	0.289	0.362	0.326	0.281	0.235	0.322	0.285	0.312	0.355	0.360	0.312	0.283	0.292	0.240	0.274	0.292	1.916	0.609	0.291	0.188	1.000	-16723.773
642	16	500	500	0.5071	0.300	0.343	0.270	0.391	0.280	0.301	0.272	0.311	0.282	0.285	0.255	0.374	0.334	0.384	0.358	0.300	0.306	0.278	0.301	0.310	0.324	0.274	0.316	0.264	0.301	0.277	0.270	0.262	0.322	0.352	2.091	0.596	0.284	0.209	3.325	-17019.645
643	16	500	500	0.5176	0.255	0.263	0.366	0.247	0.315	0.343	0.271	0.271	0.325	0.275	0.300	0.288	0.298	0.277	0.290	0.250	0.315	0.279	0.235	0.262	0.286	0.315	0.297	0.284	0.327	0.284	0.280	0.322	0.322	0.264	2.027	0.664	0.266	0.198	5.764	-16359.697
644	16	500	500	0.5030	0.285	0.310	0.285	0.353	0.314	0.305	0.283	0.257	0.319	0.263	0.330	0.299	0.336	0.308	0.288	0.277	0.280	0.335	0.327	0.267	0.309	0.302	0.264	0.330	0.299	0.302	0.246	0.313	0.297	0.332	1.929	0.578	0.301	0.210	3.079	-16892.435
645	16	500	498	0.5033	0.247	0.238	0.341	0.303	0.296	0.270	0.343	0.308	0.358	0.305	0.393	0.280	0.241	0.325	0.263	0.286	0.273	0.285	0.274	0.283	0.319	0.308	0.264	0.262	0.344	0.331	0.293	0.314	0.270	0.308	1.901	0.609	0.345	0.193	2.554	-16696.073
646	16	500	500	0.5375	0.293	0.291	0.303	0.327	0.280	0.281	0.332	0.335	0.262	0.268	0.313	0.254	0.294	0.356	0.277	0.328	0.317	0.288	0.279	0.305	0.285	0.336	0.266	0.276	0.350	0.331	0.254	0.287	0.313	0.327	1.879	0.652	0.332	0.204	7.483	-16884.879
647	16	500	500	0.5185	0.246	0.265	0.309	0.316	0.283	0.309	0.265	0.283	0.259	0.240	0.279	0.302	0.256	0.274	0.274	0.263	0.303	0.316	0.329	0.334	0.303	0.275	0.364	0.317	0.273	0.300	0.258	0.251	0.295	0.300	2.075	0.628	0.247	0.201	3.021	-16326.850
648	16	500	500	0.5172	0.295	0.363	0.251	0.290	0.258	0.326	0.330	0.241	0.285	0.268	0.245	0.288	0.283	0.265	0.281	0.268	0.286	0.291	0.331	0.262	0.264	0.335	0.290	0.241	0.264	0.347	0.293	0.292	0.273	0.317	1.843	0.557	0.243	0.200	2.423	-16553.784
649	16	500	500	0.5372	0.347	0.293	0.353	0.280	0.315	0.347	0.300	0.275	0.278	0.306	0.335	0.316	0.249	0.312	0.331	0.340	0.256	0.257	0.374	0.318	0.296	0.338	0.286	0.298	0.353	0.292	0.276	0.385	0.290	0.289	1.978	0.661	0.321	0.200	7.168	-17013.310
650	16	500	500	0.5206	0.324	0.290	0.296	0.261	0.328	0.333	0.269	0.341	0.308	0.372	0.283	0.289	0.281	0.310	0.254	0.314	0.325	0.281	0.256	0.288	0.316	0.284	0.321	0.300	0.318	0.311	0.308	0.219	0.314	0.225	1.994	0.656	0.311	0.188	8.722	-16520.697
651	16	500	500	0.5231	0.288	0.269	0.275	0.337	0.289	0.327	0.256	0.284	0.386	0.323	0.323	0.297	0.240	0.348	0.303	0.340	0.271	0.283	0.271	0.360	0.318	0.286	0.292	0.331	0.314	0.283	0.299	0.325	0.302	0.279	2.070	0.576	0.311	0.205	6.237	-16966.062
652	16	500	499	0.5161	0.298	0.439	0.200	0.298	0.301	0.335	0.263	0.282	0.297	0.259	0.288	0.303	0.289	0.340	0.310	0.238	0.204	0.333	0.292	0.247	0.271	0.292	0.303	0.289	0.378	0.293	0.317	0.293	0.342	0.280	1.935	0.582	0.293	0.185	2.066	-16622.407
653	16	500	500	0.5107	0.315	0.341	0.286	0.311	0.273	0.286	0.276	0.420	0.269	0.282	0.321	0.221	0.305	0.324	0.265	0.250	0.318	0.364	0.287	0.422	0.290	0.302	0.323	0.317	0.319	0.337	0.273	0.308	0.318	0.306	2.018	0.561	0.293	0.203	1.192	-17099.776
654	16	500	499	0.5155	0.298	0.313	0.252	0.263	0.322	0.278	0.314	0.270	0.351	0.276	0.292	0.303	0.265	0.280	0.294	0.295	0.296	0.331	0.317	0.254	0.270	0.280	0.325	0.237	0.353	0.341	0.304	0.287	0.267	0.356	2.066	0.631	0.313	0.195	3.741	-16737.852
655	16	500	499	0.5115	0.322	0.292	0.307	0.313	0.348	0.347	0.318	0.296	0.285	0.234	0.314	0.296	0.347	0.303	0.299	0.311	0.176	0.352	0.239	0.350	0.312	0.378	0.331	0.294	0.289	0.305	0.268	0.260	0.316	0.293	1.978	0.563	0.268	0.185	2.032	-16805.653
656	16	500	500	0.5059	0.318	0.354	0.309	0.237	0.295	0.299	0.317	0.297	0.294	0.329	0.232	0.304	0.318	0.329	0.291	0.377	0.290	0.356	0.302	0.242	0.268	0.245	0.321	0.295	0.294	0.284	0.288	0.298	0.269	0.323	2.033	0.570	0.275	0.218	3.271	-16784.725
657	16	500	500	0.5061	0.311	0.281	0.291	0.266	0.263	0.336	0.243	0.361	0.331	0.371	0.255	0.322	0.273	0.247	0.311	0.282	0.353	0.289	0.357	0.247	0.343	0.259	0.289	0.231	0.365	0.303	0.330	0.271	0.314	0.306	2.009	0.456	0.237	0.184	1.000	-16675.255
658	16	500	500	0.5126	0.341	0.284	0.320	0.362	0.323	0.401	0.284	0.296	0.356	0.264	0.310	0.384	0.303	0.364	0.369	0.345	0.305	0.273	0.321	0.272	0.330	0.331	0.217	0.356	0.302	0.319	0.289	0.301	0.316	0.330	1.937	0.612	0.388	0.212	1.000	-17547.194
659	16	500	500	0.5210	0.308	0.407	0.293	0.311	0.289	0.265	0.286	0.304	0.259	0.288	0.287	0.254	0.295	0.296	0.285	0.296	0.320	0.330	0.299	0.272	0.295	0.305	0.286	0.271	0.294	0.285	0.272	0.327	0.319	0.288	2.115	0.602	0.291	0.208	1.328	-16706.309
660	16	500	500	0.5112	0.260	0.308	0.365	0.330	0.286	0.306	0.290	0.266	0.303	0.272	0.343	0.341	0.341	0.315	0.267	0.269	0.292	0.328	0.314	0.283	0.329	0.240	0.282	0.279	0.264	0.305	0.319	0.295	0.302	0.310	2.081	0.533	0.255	0.206	1.000	-16863.071
661	16	500	497	0.5215	0.303	0.306	0.247	0.374	0.309	0.279	0.334	0.274	0.335	0.280	0.300	0.309	0.351	0.243	0.307	0.334	0.274	0.334	0.248	0.315	0.283	0.292	0.294	0.312	0.302	0.295	0.283	0.280	0.297	0.312	1.988	0.612	0.301	0.201	2.076	-16788.331
662	16	500	500	0.5012	0.283	0.294	0.290	0.333	0.337	0.298	0.284	0.333	0.237	0.251	0.272	0.336	0.272	0.311	0.250	0.305	0.279	0.288	0.266	0.369	0.321	0.281	0.294	0.390	0.292	0.329	0.267	0.294	0.258	0.326	1.874	0.670	0.311	0.204	10.709	-16804.740
663	16	500	499	0.4913	0.357	0.311	0.346	0.338	0.297	0.268	0.309	0.327	0.285	0.294	0.314	0.244	0.313	0.340	0.248	0.345	0.296	0.290	0.327	0.286	0.295	0.350	0.302	0.287	0.254	0.293	0.277	0.354	0.259	0.221	1.940	0.587	0.268	0.206	2.477	-16648.067
664	16	500	499	0.5174	0.313	0.343	0.315	0.309	0.217	0.323	0.275	0.233	0.246	0.321	0.326	0.270	0.295	0.261	0.354	0.289	0.356	0.259	0.321	0.343	0.256	0.328	0.284	0.291	0.232	0.318	0.319	0.299	0.282	0.253	1.938	0.324	0.167	0.205	1.000	-16795.302
665	16	500	500	0.5166	0.335	0.245	0.290	0.240	0.349	0.280	0.277	0.291	0.275	0.279	0.309	0.327	0.369	0.311	0.312	0.328	0.239	0.288	0.328	0.266	0.276	0.370	0.296	0.320	0.298	0.297	0.301	0.340	0.314	0.301	1.951	0.509	0.248	0.197	2.215	-16769.439
666	16	500	500	0.5162	0.343	0.267	0.280	0.263	0.262	0.280	0.286	0.316	0.305	0.306	0.340	0.235	0.326	0.285	0.283	0.334	0.314	0.308	0.310	0.275	0.327	0.222	0.311	0.284	0.297	0.347	0.283	0.293	0.295	0.309	2.023	0.611	0.335	0.211	4.683	-16770.841
667	16	500	500	0.5104	0.313	0.289	0.290	0.280	0.322	0.366	0.279	0.241	0.264	0.339	0.282	0.319	0.250	0.282	0.251	0.292	0.293	0.310	0.318	0.294	0.300	0.296	0.220	0.267	0.288	0.257	0.314	0.232	0.298	0.290	2.007	0.599	0.296	0.193	3.790	-16400.754
668	16	500	500	0.5035	0.278	0.342	0.364	0.302	0.258	0.270	0.242	0.300	0.365	0.294	0.271	0.336	0.394	0.286	0.266	0.297	0.241	0.327	0.290	0.327	0.307	0.310	0.271	0.255	0.323	0.297	0.321	0.267	0.304	0.346	1.868	0.563	0.281	0.192	2.535	-16771.946
669	16	500	497	0.5079	0.288	0.356	0.271	0.329	0.337	0.300	0.308	0.247	0.200	0.284	0.330	0.244	0.289	0.258	0.321	0.298	0.327	0.321	0.304	0.281	0.289	0.285	0.311	0.309	0.196	0.344	0.274	0.299	0.259	0.365	1.952	0.698	0.284	0.199	8.303	-16597.472
670	16	500	500	0.4978	0.289	0.319	0.326	0.323	0.272	0.297	0.254	0.316	0.263	0.284	0.268	0.271	0.336	0.337	0.282	0.241	0.262	0.309	0.339	0.269	0.300	0.310	0.302	0.319	0.258	0.251	0.306	0.287	0.251	0.328	2.079	0.633	0.302	0.189	3.855	-16471.750
671	16	500	499	0.5070	0.256	0.295	0.285	0.336	0.256	0.344	0.296	0.342	0.314	0.285	0.285	0.269	0.346	0.311	0.327	0.213	0.296	0.265	0.267	0.283	0.272	0.361	0.274	0.229	0.324	0.265	0.356	0.293	0.345	0.269	1.839	0.633	0.323	0.217	10.319	-16860.088
672	16	500	500	0.5012	0.370	0.348	0.357	0.266	0.336	0.324	0.324	0.330	0.312	0.251	0.317	0.325	0.273	0.379	0.266	0.298	0.274	0.304	0.263	0.326	0.290	0.326	0.306	0.238	0.321	0.346	0.271	0.387	0.282	0.357	1.978	0.601	0.310	0.199	7.545	-17131.614
673	16	500	500	0.5346	0.273	0.328	0.324	0.260	0.288	0.339	0.271	0.361	0.372	0.319	0.316	0.288	0.265	0.311	0.271	0.264	0.241	0.331	0.238	0.292	0.295	0.330	0.259	0.381	0.351	0.318	0.262	0.275	0.217	0.307	2.066	0.552	0.264	0.203	1.817	-16711.072
674	16	500	499	0.5229	0.343	0.268	0.257	0.327	0.315	0.292	0.352	0.332	0.314	0.257	0.287	0.320	0.315	0.297	0.342	0.294	0.311	0.293	0.315	0.325	0.303	0.316	0.281	0.291	0.353	0.304	0.294	0.244	0.307	0.310	2.006	0.561	0.306	0.198	2.581	-16958.871
675	16	500	500	0.5219	0.255	0.278	0.285	0.273	0.293	0.253	0.311	0.260	0.256	0.283	0.298	0.332	0.375	0.274	0.273	0.306	0.290	0.361	0.229	0.311	0.264	0.257	0.281	0.368	0.288	0.319	0.304	0.207	0.309	0.364	1.893	0.653	0.288	0.182	8.425	-16431.760
676	16	500	500	0.5003	0.247	0.366	0.343	0.257	0.278	0.253	0.268	0.352	0.251	0.290	0.269	0.343	0.344	0.311	0.294	0.280	0.274	0.360	0.289	0.288	0.296	0.319	0.345	0.261	0.237	0.332	0.339	0.255	0.259	0.262	1.957	0.552	0.269	0.204	1.000	-16672.330
677	16	500	498	0.5047	0.354	0.280	0.322	0.311	0.284	0.253	0.367	0.357	0.263	0.289	0.256	0.287	0.297	0.293	0.340	0.326	0.282	0.305	0.421	0.283	0.384	0.246	0.303	0.287	0.259	0.302	0.318	0.294	0.343	0.335	2.068	0.609	0.345	0.215	3.052	-17127.295
678	16	500	497	0.5137	0.333	0.296	0.226	0.307	0.284	0.287	0.284	0.301	0.310	0.264	0.299	0.255	0.287	0.269	0.276	0.325	0.310	0.266	0.372	0.242	0.307	0.260	0.317	0.287	0.308	0.322	0.254	0.343	0.314	0.288	1.992	0.647	0.296	0.190	3.150	-16410.065
679	16	500	500	0.5320	0.265	0.321	0.276	0.302	0.312	0.341	0.330	0.312	0.329	0.310	0.328	0.347	0.260	0.282	0.286	0.291	0.199	0.302	0.326	0.298	0.402	0.330	0.330	0.396	0.317	0.325	0.324	0.307	0.283	0.316	1.984	0.414	0.235	0.185	1.000	-17118.449
680	16	500	500	0.5215	0.324	0.214	0.335	0.261	0.310	0.303	0.319	0.317	0.373	0.336	0.315	0.304	0.331	0.299	0.293	0.332	0.287	0.277	0.352	0.264	0.285	0.252	0.332	0.321	0.280	0.352	0.310	0.321	0.274	0.267	2.009	0.507	0.243	0.189	1.105	-16769.853
681	16	500	500	0.5043	0.323	0.269	0.342	0.352	0.320	0.318	0.283	0.269	0.288	0.253	0.285	0.310	0.291	0.336	0.303	0.276	0.331	0.283	0.324	0.294	0.279	0.317	0.263	0.337	0.280	0.302	0.295	0.363	0.295	0.249	1.881	0.610	0.252	0.199	3.179	-16790.095
682	16	500	500	0.5043	0.276	0.380	0.347	0.309	0.272	0.289	0.338	0.355	0.250	0.365	0.278	0.338	0.287	0.279	0.311	0.249	0.271	0.366	0.280	0.297	0.278	0.329	0.260	0.334	0.267	0.324	0.312	0.296	0.319	0.358	2.080	0.641	0.320	0.210	8.815	-17060.581
683	16	500	500	0.5131	0.349	0.251	0.341	0.380	0.305	0.289	0.292	0.319	0.373	0.360	0.284	0.349	0.282	0.305	0.309	0.305	0.326	0.352	0.335	0.323	0.268	0.330	0.303	0.223	0.310	0.291	0.296	0.318	0.378	0.246	1.962	0.622	0.327	0.214	9.571	-17235.992
684	16	500	499	0.5017	0.260	0.315	0.309	0.328	0.317	0.314	0.296	0.321	0.235	0.245	0.283	0.278	0.350	0.319	0.260	0.199	0.274	0.342	0.272	0.268	0.283	0.312	0.276	0.311	0.238	0.292	0.283	0.270	0.288	0.266	2.055	0.604	0.266	0.208	2.197	-16453.809
685	16	500	500	0.5192	0.311	0.274	0.267	0.338	0.342	0.341	0.299	0.332	0.251	0.343	0.327	0.331	0.293	0.273	0.347	0.324	0.268	0.315	0.283	0.315	0.304	0.302	0.277	0.365	0.319	0.285	0.310	0.344	0.322	0.247	1.943	0.589	0.323	0.190	3.331	-16928.222
686	16	500	500	0.5115	0.284	0.306	0.272	0.279	0.283	0.265	0.295	0.249	0.287	0.262	0.363	0.257	0.270	0.341	0.333	0.276	0.283	0.248	0.338	0.300	0.360	0.272	0.288	0.331	0.341	0.281	0.314	0.249	0.285	0.286	1.993	0.655	0.284	0.207	5.284	-16649.671
687	16	500	500	0.5148	0.278	0.302	0.259	0.357	0.295	0.326	0.315	0.288	0.306	0.252	0.326	0.313	0.282	0.261	0.306	0.265	0.261	0.310	0.255	0.344	0.269	0.327	0.240	0.299	0.338	0.351	0.264	0.222	0.245	0.297	1.917	0.653	0.306	0.202	9.873	-16587.714
688	16	500	500	0.5112	0.319	0.304	0.250	0.289	0.305	0.287	0.274	0.329	0.284	0.290	0.260	0.334	0.292	0.284	0.269	0.287	0.269	0.258	0.242	0.219	0.288	0.256	0.259	0.307	0.246	0.284	0.291	0.266	0.302	0.281	2.057	0.520	0.185	0.198	1.000	-16028.256
689	16	500	500	0.5205	0.333	0.296	0.311	0.280	0.296	0.377	0.318	0.274	0.379	0.311	0.294	0.345	0.243	0.293	0.327	0.334	0.235	0.280	0.339	0.323	0.223	0.244	0.265	0.288	0.379	0.321	0.251	0.240	0.249	0.316	2.123	0.586	0.258	0.223	1.000	-16812.082
690	16	500	500	0.5337	0.270	0.323	0.321	0.281	0.325	0.324	0.315	0.337	0.277	0.318	0.298	0.319	0.367	0.301	0.272	0.301	0.256	0.292	0.237	0.289	0.275	0.343	0.288	0.403	0.305	0.254	0.309	0.294	0.235	0.299	2.132	0.462	0.220	0.200	1.475	-16819.941
691	16	500	499	0.5295	0.338	0.221	0.264	0.348	0.255	0.291	0.386	0.232	0.331	0.335	0.336	0.276	0.269	0.313	0.299	0.287	0.304	0.292	0.308	0.268	0.295	0.296	0.272	0.258	0.252	0.305	0.274	0.265	0.343	0.277	2.047	0.537	0.278	0.201	1.265	-16636.066
692	16	500	499	0.5124	0.279	0.379	0.308	0.316	0.311	0.355	0.374	0.238	0.288	0.280	0.289	0.303	0.306	0.264	0.307	0.301	0.343	0.284	0.289	0.264	0.263	0.317	0.257	0.330	0.269	0.257	0.292	0.266	0.307	0.286	2.001	0.626	0.288	0.197	3.410	-16688.261
693	16	500	499	0.5196	0.304	0.283	0.312	0.245	0.321	0.383	0.264	0.271	0.353	0.304	0.290	0.325	0.331	0.269	0.264	0.303	0.293	0.350	0.320	0.328	0.283	0.351	0.338	0.252	0.297	0.325	0.313	0.315	0.295	0.330	1.891	0.570	0.307	0.217	3.553	-17138.450
694	16	500	499	0.4974	0.261	0.227	0.208	0.312	0.267	0.371	0.305	0.272	0.309	0.258	0.264	0.271	0.326	0.275	0.248	0.278	0.260	0.269	0.294	0.301	0.264	0.326	0.308	0.297	0.224	0.252	0.311	0.339	0.260	0.320	2.092	0.660	0.255	0.220	3.846	-16295.480
695	16	500	500	0.5159	0.276	0.301	0.355	0.330	0.282	0.283	0.325	0.279	0.273	0.309	0.296	0.379	0.275	0.281	0.319	0.248	0.354	0.320	0.291	0.276	0.277	0.288	0.269	0.307	0.308	0.270	0.318	0.294	0.299	0.305	1.889	0.663	0.300	0.201	5.393	-16946.990
696	16	500	500	0.5240	0.307	0.295	0.334	0.242	0.310	0.286	0.311	0.251	0.283	0.259	0.264	0.339	0.334	0.288	0.320	0.304	0.374	0.346	0.345	0.302	0.299	0.285	0.344	0.278	0.326	0.355	0.296	0.380	0.302	0.312	2.117	0.460	0.248	0.206	1.436	-17046.350
697	16	500	500	0.5255	0.373	0.297	0.318	0.338	0.300	0.230	0.276	0.374	0.295	0.294	0.331	0.308	0.326	0.264	0.282	0.336	0.300	0.244	0.266	0.328	0.359	0.316	0.298	0.274	0.310	0.246	0.299	0.300	0.350	0.308	2.030	0.616	0.313	0.217	3.298	-17032.242
698	16	500	500	0.4947	0.300	0.271	0.302	0.372	0.253	0.299	0.333	0.323	0.286	0.303	0.251	0.303	0.289	0.318	0.289	0.252	0.310	0.293	0.245	0.324	0.291	0.318	0.296	0.229	0.254	0.228	0.264	0.339	0.306	0.255	1.962	0.622	0.283	0.198	3.794	-16424.525
699	16	500	500	0.5152	0.283	0.373	0.295	0.292	0.262	0.302	0.326	0.295	0.354	0.320	0.296	0.231	0.275	0.327	0.313	0.242	0.384	0.319	0.301	0.338	0.358	0.347	0.328	0.319	0.339	0.317	0.303	0.293	0.289	0.307	2.049	0.561	0.294	0.200	3.202	-17123.032
700	16	500	500	0.5185	0.342	0.304	0.320	0.239	0.345	0.282	0.293	0.301	0.327	0.305	0.322	0.348	0.299	0.266	0.428	0.283	0.312	0.289	0.309	0.365	0.278	0.321	0.300	0.316	0.274	0.309	0.263	0.320	0.257	0.340	1.902	0.614	0.285	0.214	4.564	-17204.621
701	16	500	500	0.5395	0.305	0.399	0.381	0.380	0.268	0.281	0.281	0.316	0.295	0.245	0.333	0.281	0.310	0.331	0.273	0.344	0.308	0.298	0.281	0.317	0.334	0.307	0.319	0.274	0.342	0.306	0.336	0.212	0.257	0.287	2.018	0.476	0.259	0.212	1.379	-17104.389
702	16	500	500	0.5134	0.356	0.371	0.279	0.293	0.306	0.373	0.298	0.311	0.313	0.271	0.233	0.319	0.271	0.240	0.350	0.281	0.245	0.229	0.314	0.304	0.306	0.268	0.294	0.354	0.315	0.276	0.326	0.292	0.385	0.295	2.017	0.541	0.273	0.212	1.000	-16894.441
703	16	500	500	0.5176	0.335	0.285	0.316	0.281	0.333	0.322	0.275	0.317	0.316	0.302	0.326	0.285	0.248	0.300	0.388	0.365	0.292	0.299	0.303	0.279	0.344	0.318	0.328	0.272	0.217	0.290	0.267	0.303	0.324	0.251	1.871	0.519	0.268	0.199	3.081	-17003.153
704	16	500	500	0.5208	0.346	0.308	0.297	0.343	0.249	0.335	0.317	0.322	0.263	0.308	0.254	0.285	0.312	0.350	0.293	0.338	0.273	0.311	0.305	0.277	0.291	0.261	0.314	0.252	0.278	0.330	0.336	0.372	0.248	0.353	2.082	0.582	0.322	0.198	2.695	-16838.457
705	16	500	500	0.5131	0.271	0.299	0.271	0.312	0.302	0.286	0.272	0.272	0.300	0.254	0.321	0.296	0.287	0.271	0.311	0.323	0.256	0.275	0.303	0.291	0.262	0.308	0.230	0.315	0.277	0.380	0.320	0.214	0.262	0.316	1.915	0.622	0.227	0.218	2.287	-16454.824
706	16	500	500	0.5057	0.276	0.319	0.259	0.352	0.253	0.293	0.354	0.270	0.188	0.282	0.244	0.317	0.258	0.260	0.264	0.369	0.298	0.264	0.258	0.299	0.259	0.293	0.275	0.376	0.281	0.289	0.300	0.249	0.327	0.260	2.054	0.662	0.255	0.217	4.184	-16289.457
707	16	500	500	0.5105	0.300	0.325	0.384	0.298	0.267	0.345	0.274	0.314	0.337	0.347	0.283	0.295	0.257	0.303	0.344	0.366	0.271	0.348	0.257	0.331	0.327	0.335	0.226	0.302	0.274	0.320	0.310	0.246	0.284	0.324	2.088	0.572	0.313	0.186	3.873	-16769.198
708	16	500	500	0.5310	0.296	0.322	0.284	0.327	0.249	0.344	0.277	0.252	0.311	0.292	0.283	0.301	0.233	0.321	0.294	0.299	0.285	0.284	0.275	0.298	0.415	0.267	0.296	0.272	0.287	0.260	0.330	0.284	0.278	0.314	1.974	0.459	0.262	0.169	1.534	-16573.520
709	16	500	500	0.5091	0.283	0.306	0.373	0.393	0.263	0.298	0.311	0.347	0.296	0.279	0.279	0.309	0.355	0.316	0.318	0.250	0.355	0.330	0.280	0.355	0.326	0.309	0.304	0.234	0.371	0.287	0.313	0.261	0.294	0.275	1.976	0.640	0.343	0.196	32.132	-16984.929
710	16	500	500	0.5052	0.306	0.309	0.295	0.262	0.296	0.224	0.291	0.327	0.330	0.335	0.324	0.340	0.240	0.314	0.237	0.347	0.342	0.327	0.221	0.327	0.294	0.238	0.325	0.299	0.290	0.280	0.284	0.277	0.297	0.323	2.030	0.636	0.295	0.193	2.515	-16547.584
711	16	500	500	0.4993	0.306	0.240	0.258	0.281	0.264	0.271	0.326	0.321	0.325	0.310	0.283	0.339	0.363	0.279	0.299	0.300	0.289	0.336	0.358	0.338	0.314	0.276	0.272	0.269	0.305	0.314	0.286	0.282	0.324	0.283	2.050	0.633	0.315	0.205	10.980	-16713.744
712	16	500	500	0.5273	0.316	0.233	0.260	0.326	0.272	0.337	0.280	0.243	0.288	0.223	0.336	0.303	0.321	0.301	0.325	0.253	0.273	0.298	0.282	0.296	0.300	0.305	0.303	0.319	0.339	0.339	0.279	0.273	0.305	0.283	1.959	0.476	0.230	0.207	1.298	-16769.323
713	16	500	500	0.5107	0.272	0.371	0.339	0.285	0.300	0.302	0.327	0.325	0.257	0.328	0.325	0.280	0.313	0.305	0.306	0.307	0.329	0.280	0.315	0.252	0.284	0.319	0.239	0.307	0.287	0.331	0.315	0.319	0.323	0.276	1.941	0.539	0.223	0.203	1.511	-16945.599
714	16	500	499	0.5228	0.285	0.327	0.354	3.944	0.275	0.250	0.307	0.266	0.305	0.302	0.272	0.275	0.346	0.264	0.316	0.297	0.278	0.312	0.337	0.244	0.327	0.278	0.323	0.313	0.284	0.287	0.331	0.303	0.254	0.326	1.977	0.665	0.316	0.209	545.584	-16908.093
715	16	500	500	0.5065	0.312	0.252	0.359	0.283	0.338	0.406	0.363	0.308	0.278	0.297	0.315	0.311	0.278	0.266	0.348	0.310	0.302	0.262	0.262	0.358	0.325	0.300	0.305	0.344	0.363	0.284	0.304	0.329	0.313	0.338	1.923	0.532	0.335	0.200	5.171	-17307.755
716	16	500	500	0.5293	0.256	0.271	0.276	0.285	0.292	0.340	0.330	0.233	0.261	0.320	0.348	0.302	0.279	0.328	0.313	0.293	0.210	0.305	0.294	0.359	0.333	0.267	0.287	0.381	0.401	0.410	0.275	0.219	0.302	0.270	2.028	0.612	0.329	0.190	5.699	-16826.269
717	16	500	500	0.5211	0.259	0.337	0.285	0.361	0.337	0.275	0.282	0.331	0.324	0.280	0.319	0.290	0.344	0.334	0.367	0.263	0.309	0.286	0.339	0.309	0.396	0.322	0.260	0.350	0.304	0.311	0.356	0.320	0.286	0.345	2.083	0.606	0.355	0.206	4.770	-17412.817
718	16	500	500	0.5103	0.235	0.336	0.255	0.300	0.304	0.346	0.252	0.325	0.300	0.316	0.286	0.287	0.274	0.314	0.239	0.262	0.235	0.293	0.254	0.297	0.323	0.279	0.286	0.336	0.286	0.300	0.325	0.270	0.277	0.300	2.037	0.594	0.298	0.210	2.262	-16705.287
719	16	500	500	0.5003	0.271	0.371	0.265	0.242	0.322	0.287	0.281	0.273	0.274	0.345	0.334	0.274	0.300	0.314	0.299	0.333	0.235	0.282	0.244	0.355	0.275	0.292	0.350	0.286	0.327	0.292	0.270	0.317	0.322	0.308	2.006	0.611	0.324	0.196	2.631	-16872.904
720	16	500	500	0.5145	0.291	0.307	0.291	0.295	0.300	0.228	0.286	0.242	0.290	0.314	0.328	0.316	0.310	0.298	0.295	0.267	0.209	0.333	0.297	0.279	0.315	0.309	0.265	0.313	0.305	0.265	0.279	0.268	0.325	0.316	2.005	0.579	0.287	0.196	3.710	-16403.329
721	16	500	500	0.5148	0.302	0.218	0.251	0.213	0.284	0.307	0.242	0.251	0.302	0.319	0.289	0.258	0.229	0.350	0.394	0.315	0.324	0.253	0.290	0.346	0.331	0.271	0.260	0.267	0.305	0.284	0.282	0.277	0.265	0.310	1.860	0.535	0.238	0.205	1.000	-16537.126
722	16	500	500	0.5112	0.303	0.330	0.311	0.326	0.336	0.265	0.279	0.304	0.312	0.305	0.319	0.231	0.310	0.265	0.235	0.355	0.331	0.262	0.270	0.278	0.372	0.316	0.306	0.314	0.304	0.281	0.280	0.224	0.300	0.312	2.138	0.584	0.327	0.197	4.296	-16703.796
723	16	500	500	0.5024	0.312	0.272	0.252	0.332	0.273	0.357	0.262	0.300	0.258	0.319	0.283	0.296	0.315	0.305	0.271	0.315	0.321	0.344	0.300	0.308	0.310	0.266	0.269	0.313	0.197	0.307	0.286	0.310	0.332	0.287	1.866	0.571	0.249	0.193	1.523	-16643.887
724	16	500	500	0.5037	0.306	0.365	0.282	0.212	0.317	0.266	0.236	0.303	0.208	0.345	0.300	0.281	0.290	0.219	0.345	0.278	0.276	0.244	0.281	0.277	0.349	0.261	0.228	0.268	0.285	0.260	0.301	0.296	0.238	0.306	1.980	0.609	0.268	0.195	3.449	-16129.162
725	16	500	500	0.5065	0.306	0.298	0.342	0.349	0.377	0.378	0.290	0.283	0.313	0.292	0.319	0.322	0.295	0.293	0.286	0.355	0.333	0.239	0.270	0.273	0.361	0.292	0.270	0.320	0.275	0.265	0.328	0.238	0.253	0.279	1.896	0.571	0.307	0.201	4.006	-16940.097
726	16	500	500	0.5182	0.306	0.276	0.330	0.348	0.298	0.270	0.270	0.257	0.344	0.278	0.298	0.257	0.281	0.282	0.290	0.276	0.364	0.250	0.336	0.227	0.328	0.293	0.286	0.307	0.284	0.323	0.290	0.303	0.350	0.276	2.048	0.624	0.277	0.193	1.997	-16535.551
727	16	500	500	0.5109	0.313	0.262	0.287	0.316	0.292	0.297	0.262	0.309	0.337	0.342	0.327	0.259	0.285	0.283	0.281	0.284	0.289	0.344	0.251	0.335	0.332	0.318	0.244	0.295	0.274	0.298	0.279	0.333	0.289	0.276	2.078	0.624	0.318	0.213	5.474	-16780.000
728	16	500	500	0.5137	0.331	0.314	0.365	0.264	0.385	0.304	0.316	0.294	0.338	0.332	0.268	0.287	0.382	0.283	0.367	0.320	0.234	0.282	0.276	0.263	0.372	0.270	0.325	0.320	0.316	0.320	0.202	0.293	0.281	0.278	1.954	0.510	0.281	0.176	2.639	-16812.674
729	16	500	500	0.4919	0.315	0.303	0.311	0.313	0.284	0.327	0.272	0.327	0.291	0.212	0.319	0.285	0.301	0.315	0.229	0.309	0.282	0.285	0.307	0.287	0.358	0.259	0.300	0.341	0.299	0.346	0.304	0.264	0.302	0.302	2.064	0.531	0.284	0.204	3.564	-16831.487
730	16	500	497	0.5235	0.306	0.294	0.289	0.276	0.269	0.274	0.336	0.343	0.300	0.287	0.335	0.252	0.331	0.332	0.322	0.312	0.281	0.278	0.311	0.334	0.282	0.357	0.300	0.308	0.320	0.267	0.290	0.295	0.307	0.315	2.017	0.582	0.282	0.186	3.385	-16775.680
731	16	500	500	0.5225	0.249	0.264	0.329	0.399	0.243	0.263	0.294	0.307	0.278	0.313	0.294	0.326	0.326	0.288	0.280	0.276	0.326	0.279	0.297	0.286	0.335	0.307	0.259	0.267	0.309	0.295	0.324	0.258	0.307	0.340	1.987	0.661	0.305	0.204	11.861	-16728.715
732	16	500	499	0.5257	0.675	0.206	0.288	0.283	0.246	0.241	0.349	0.286	0.277	0.251	0.297	0.337	0.335	0.275	0.299	0.000	0.283	0.381	0.343	0.346	0.287	0.321	0.275	0.230	0.300	0.386	0.274	0.238	0.301	0.280	2.087	0.618	0.326	0.200	3.280	-16706.198
733	16	500	499	0.5199	0.357	0.280	0.291	0.262	0.272	0.308	0.271	0.268	0.284	0.271	0.261	0.259	0.251	0.288	0.293	0.296	0.334	0.303	0.325	0.302	0.289	0.332	0.265	0.289	0.302	0.267	0.307	0.275	0.262	0.243	2.094	0.593	0.285	0.195	2.219	-16264.403
734	16	500	499	0.5268	0.291	0.262	0.329	0.331	0.216	0.326	0.315	0.308	0.332	0.344	0.281	0.312	0.286	0.240	0.315	0.333	0.403	0.263	0.327	0.316	0.288	0.319	0.311	0.273	0.236	0.358	0.300	0.276	0.242	0.288	2.070	0.635	0.311	0.203	2.386	-16689.700
735	16	500	500	0.5278	0.292	0.440	0.341	0.284	0.297	0.229	0.339	0.304	0.293	0.325	0.265	0.295	0.255	0.282	0.239	0.365	0.366	0.251	0.291	0.280	0.317	0.289	0.296	0.332	0.346	0.271	0.300	0.277	0.301	0.259	1.997	0.624	0.274	0.190	6.007	-16547.126
736	16	500	500	0.5173	0.331	0.371	0.362	0.283	0.313	0.334	0.282	0.324	0.257	0.316	0.315	0.304	0.326	0.327	0.350	0.298	0.364	0.262	0.360	0.305	0.313	0.285	0.275	0.253	0.271	0.289	0.330	0.280	0.233	0.366	2.073	0.520	0.307	0.211	3.441	-17248.350
737	16	500	498	0.5208	0.305	0.255	0.262	0.242	0.299	0.310	0.323	0.284	0.322	0.311	0.328	0.282	0.304	0.268	0.280	0.275	0.287	0.270	0.291	0.332	0.368	0.284	0.263	0.319	0.324	0.266	0.286	0.280	0.292	0.295	2.073	0.542	0.280	0.200	2.542	-16692.778
738	16	500	498	0.5153	0.327	0.332	0.282	0.317	0.335	0.271	0.276	0.271	0.328	0.330	0.283	0.278	0.355	0.290	0.318	0.324	0.270	0.263	0.341	0.305	0.334	0.278	0.343	0.403	0.291	0.318	0.298	0.258	0.336	0.312	1.988	0.527	0.286	0.194	2.413	-17099.565
739	16	500	500	0.5141	0.310	0.271	0.281	0.295	0.293	0.261	0.290	0.240	0.416	0.293	0.334	0.274	0.303	0.280	0.254	0.294	0.334	0.281	0.282	0.289	0.231	0.287	0.292	0.217	0.322	0.248	0.323	0.265	0.278	0.247	2.036	0.616	0.256	0.201	2.513	-16235.040
740	16	500	500	0.5235	0.346	0.361	0.313	0.283	0.341	0.279	0.326	0.242	0.293	0.235	0.276	0.333	0.332	0.254	0.284	0.338	0.351	0.243	0.264	0.299	0.373	0.291	0.280	0.292	0.360	0.361	0.304	0.214	0.278	0.237	2.003	0.573	0.293	0.193	3.483	-16735.847
741	16	500	500	0.5051	0.338	0.269	0.287	0.318	0.313	0.364	0.358	0.342	0.272	0.291	0.312	0.341	0.263	0.280	0.317	0.275	0.334	0.287	0.323	0.270	0.329	0.283	0.302	0.234	0.340	0.322	0.283	0.301	0.314	0.353	1.908	0.567	0.272	0.203	1.720	-17055.541
742	16	500	499	0.5062	0.326	0.280	0.387	0.326	0.295	0.233	0.266	0.316	0.296	0.256	0.320	0.313	0.334	0.316	0.265	0.313	0.273	0.348	0.338	0.318	0.297	0.303	0.261	0.329	0.268	0.335	0.282	0.250	0.301	0.317	2.005	0.615	0.330	0.213	5.722	-17017.300
743	16	500	500	0.5112	0.289	0.306	0.313	0.342	0.335	0.340	0.314	0.329	0.330	0.299	0.278	0.244	0.291	0.266	0.358	0.295	0.334	0.214	0.354	0.314	0.260	0.273	0.317	0.248	0.297	0.225	0.309	0.297	0.266	0.320	2.092	0.624	0.376	0.186	280.777	-16591.652
744	16	500	500	0.5130	0.284	0.281	0.361	0.239	0.216	0.270	0.250	0.262	0.295	0.333	0.283	0.327	0.294	0.252	0.270	0.277	0.246	0.280	0.326	0.297	0.277	0.311	0.319	0.275	0.265	0.256	0.336	0.263	0.301	0.296	2.049	0.688	0.312	0.202	276.303	-16392.474
745	16	500	500	0.5064	0.480	0.333	0.290	0.323	0.268	0.321	0.270	0.302	0.266	0.262	0.291	0.291	0.354	0.305	0.291	0.000	0.338	0.278	0.305	0.284	0.276	0.289	0.301	0.233	0.376	0.327	0.306	0.300	0.281	0.269	2.047	0.450	0.192	0.215	1.000	-16735.487
746	16	500	500	0.5062	0.341	0.258	0.287	0.266	0.350	0.268	0.286	0.269	0.271	0.351	0.358	0.323	0.330	0.291	0.279	0.296	0.301	0.261	0.277	0.241	0.282	0.225	0.282	0.289	0.354	0.321	0.281	0.319	0.340	0.301	1.958	0.605	0.277	0.205	1.656	-16666.933
747	16	500	500	0.5153	0.294	0.242	0.238	0.282	0.279	0.318	0.271	0.308	0.358	0.338	0.278	0.229	0.244	0.272	0.269	0.331	0.377	0.305	0.332	0.254	0.303	0.290	0.323	0.228	0.337	0.293	0.298	0.341	0.295	0.295	2.063	0.647	0.291	0.191	3.439	-16501.341
748	16	500	500	0.5160	0.323	0.334	0.250	0.322	0.274	0.304	0.266	0.351	0.331	0.345	0.297	0.263	0.184	0.354	0.291	0.324	0.346	0.311	0.338	0.291	0.216	0.297	0.336	0.237	0.384	0.322	0.283	0.308	0.257	0.291	2.058	0.604	0.324	0.201	2.961	-16799.486
749	16	500	500	0.5086	0.309	0.283	0.357	0.290	0.273	0.264	0.318	0.277	0.284	0.277	0.254	0.331	0.341	0.256	0.303	0.306	0.306	0.362	0.339	0.315	0.334	0.313	0.262	0.273	0.241	0.244	0.360	0.327	0.264	0.342	2.094	0.542	0.291	0.200	1.000	-16654.078
750	16	500	500	0.5048	0.293	0.287	0.403	0.314	0.234	0.183	0.328	0.391	0.289	0.287	0.310	0.347	0.284	0.296	0.348	0.279	0.270	0.296	0.297	0.307	0.299	0.278	0.324	0.328	0.210	0.239	0.286	0.367	0.282	0.341	1.894	0.589	0.315	0.193	2.341	-16830.524
751	16	500	499	0.5165	0.292	0.304	0.246	0.358	0.287	0.306	0.312	0.293	0.258	0.297	0.319	0.254	0.267	0.338	0.304	0.266	0.279	0.350	0.344	0.279	0.316	0.286	0.265	0.231	0.298	0.287	0.315	0.329	0.339	0.333	1.931	0.598	0.309	0.201	2.162	-16823.588
752	16	500	500	0.5164	0.279	0.302	0.284	0.336	0.292	0.263	0.318	0.271	0.338	0.342	0.285	0.264	0.293	0.290	0.273	0.262	0.263	0.257	0.317	0.250	0.326	0.273	0.236	0.316	0.385	0.287	0.297	0.325	0.260	0.308	2.038	0.645	0.287	0.203	3.737	-16495.830
753	16	500	500	0.5257	0.269	0.242	0.308	0.298	0.315	0.313	0.343	0.293	0.202	0.291	0.342	0.287	0.334	0.320	0.317	0.302	0.308	0.330	0.315	0.308	0.318	0.285	0.331	0.363	0.289	0.304	0.270	0.344	0.305	0.317	1.965	0.487	0.270	0.203	1.123	-17162.414
754	16	500	499	0.5136	0.333	0.308	0.341	0.318	0.282	0.294	0.244	0.345	0.275	0.300	0.240	0.286	0.318	0.311	0.315	0.318	0.337	0.342	0.256	0.300	0.340	0.327	0.269	0.208	0.278	0.306	0.241	0.319	0.325	0.268	2.039	0.678	0.283	0.204	7.511	-16566.503
755	16	500	500	0.5094	0.287	0.201	0.321	0.327	0.260	0.317	0.277	0.294	0.328	0.292	0.300	0.287	0.300	0.304	0.310	0.334	0.292	0.310	0.332	0.307	0.272	0.351	0.305	0.376	0.302	0.289	0.288	0.346	0.293	0.287	2.068	0.616	0.316	0.204	4.758	-16821.759
756	16	500	500	0.5115	0.373	0.337	0.261	0.340	0.296	0.302	0.347	0.295	0.349	0.325	0.341	0.227	0.258	0.336	0.294	0.373	0.230	0.290	0.331	0.275	0.301	0.343	0.235	0.307	0.323	0.336	0.317	0.264	0.303	0.267	1.961	0.626	0.279	0.207	4.355	-16911.713
757	16	500	500	0.5232	0.329	0.285	0.326	0.273	0.300	0.342	0.252	0.319	0.234	0.342	0.225	0.327	0.308	0.312	0.322	0.272	0.333	0.318	0.285	0.277	0.316	0.346	0.264	0.286	0.314	0.296	0.290	0.291	0.288	0.275	1.965	0.475	0.245	0.186	1.000	-16657.403
758	16	500	499	0.5056	0.263	0.286	0.262	0.290	0.324	0.252	0.293	0.349	0.301	0.309	0.322	0.320	0.300	0.302	0.311	0.303	0.278	0.270	0.368	0.299	0.349	0.343	0.280	0.262	0.278	0.306	0.332	0.298	0.305	0.303	2.050	0.528	0.271	0.185	1.000	-16757.891
759	16	500	500	0.5225	0.325	0.288	0.259	0.290	0.328	0.290	0.253	0.300	0.286	0.276	0.284	0.288	0.292	0.295	0.284	0.342	0.276	0.230	0.308	0.297	0.308	0.314	0.279	0.302	0.344	0.302	0.254	0.264	0.304	0.269	2.016	0.576	0.253	0.193	1.465	-16329.819
760	16	500	500	0.5203	0.291	0.348	0.237	0.328	0.278	0.306	0.333	0.334	0.288	0.351	0.343	0.259	0.229	0.275	0.277	0.320	0.273	0.303	0.283	0.368	0.310	0.297	0.281	0.289	0.389	0.277	0.339	0.290	0.320	0.286	2.027	0.439	0.249	0.185	1.201	-16971.877
761	16	500	500	0.5272	0.271	0.251	0.329	0.278	0.317	0.318	0.259	0.306	0.267	0.296	0.297	0.331	0.316	0.361	0.256	0.358	0.381	0.373	0.318	0.309	0.274	0.295	0.342	0.258	0.295	0.297	0.276	0.282	0.305	0.258	2.006	0.642	0.264	0.208	1.000	-16838.156
762	16	500	500	0.4950	0.339	0.291	0.332	0.323	0.252	0.331	0.299	0.330	0.263	0.320	0.338	0.314	0.295	0.301	0.289	0.289	0.420	0.319	0.302	0.311	0.273	0.298	0.314	0.372	0.285	0.296	0.285	0.292	0.297	0.271	2.051	0.570	0.277	0.197	5.276	-16872.110
763	16	500	500	0.5145	0.301	0.352	0.259	0.312	0.354	0.267	0.319	0.306	0.264	0.300	0.291	0.310	0.288	0.315	0.384	0.355	0.303	0.314	0.323	0.223	0.322	0.326	0.285	0.365	0.300	0.261	0.350	0.285	0.349	0.261	2.019	0.621	0.298	0.222	6.051	-17101.681
764	16	500	500	0.5072	0.264	0.315	0.351	0.274	0.313	0.273	0.244	0.307	0.278	0.303	0.370	0.279	0.307	0.252	0.302	0.299	0.335	0.297	0.317	0.340	0.362	0.336	0.221	0.350	0.288	0.262	0.303	0.254	0.279	0.335	1.998	0.387	0.220	0.186	1.000	-16668.601
765	16	500	499	0.5146	0.368	0.392	0.284	0.234	0.385	0.274	0.303	0.293	0.269	0.280	0.369	0.262	0.312	0.285	0.292	0.315	0.294	0.298	0.323	0.290	0.320	0.346	0.347	0.329	0.335	0.306	0.273	0.301	0.251	0.316	2.054	0.595	0.317	0.212	2.747	-17012.584
766	16	500	500	0.5168	0.289	0.311	0.259	0.268	0.326	0.289	0.299	0.262	0.372	0.317	0.331	0.252	0.292	0.337	0.276	0.330	0.291	0.240	0.245	0.276	0.285	0.300	0.277	0.361	0.308	0.279	0.304	0.329	0.317	0.315	2.042	0.624	0.303	0.202	3.891	-16777.638
767	16	500	500	0.5100	0.279	0.329	0.222	0.310	0.308	0.387	0.359	0.263	0.268	0.306	0.301	0.311	0.343	0.321	0.331	0.271	0.349	0.342	0.294	0.287	0.266	0.251	0.303	0.236	0.310	0.327	0.242	0.405	0.293	0.312	2.076	0.494	0.282	0.209	2.210	-17012.613
768	16	500	498	0.5183	0.257	0.306	0.302	0.340	0.296	0.267	0.295	0.302	0.281	0.293	0.240	0.263	0.340	0.249	0.308	0.266	0.285	0.311	0.255	0.255	0.345	0.290	0.235	0.261	0.293	0.301	0.249	0.228	0.306	0.295	1.929	0.656	0.286	0.181	2.620	-16183.311
769	16	500	500	0.5274	0.347	0.242	0.293	0.308	0.356	0.234	0.240	0.287	0.277	0.280	0.383	0.353	0.362	0.374	0.304	0.270	0.284	0.232	0.353	0.317	0.312	0.275	0.339	0.340	0.319	0.343	0.345	0.272	0.343	0.282	1.933	0.534	0.326	0.198	2.356	-17167.101
770	16	500	500	0.5190	0.343	0.286	0.339	0.315	0.308	0.306	0.310	0.265	0.331	0.334	0.254	0.263	0.292	0.316	0.299	0.283	0.312	0.324	0.258	0.299	0.293	0.311	0.289	0.322	0.262	0.371	0.273	0.290	0.304	0.308	2.008	0.540	0.230	0.201	1.374	-16662.114
771	16	500	499	0.5067	0.241	0.296	0.255	0.328	0.336	0.270	0.287	0.297	0.341	0.329	0.211	0.336	0.330	0.328	0.282	0.292	0.270	0.272	0.310	0.307	0.285	0.288	0.327	0.390	0.306	0.225	0.295	0.286	0.299	0.302	2.032	0.610	0.282	0.195	2.333	-16574.652
772	16	500	500	0.5062	0.286	0.228	0.316	0.316	0.326	0.308	0.316	0.299	0.392	0.264	0.313	0.284	0.238	0.276	0.326	0.281	0.237	0.322	0.259	0.309	0.321	0.261	0.297	0.255	0.258	0.344	0.393	0.256	0.349	0.300	1.967	0.616	0.252	0.200	1.000	-16694.329
773	16	500	500	0.5097	0.290	0.326	0.261	0.359	0.260	0.303	0.254	0.331	0.319	0.330	0.321	0.265	0.250	0.306	0.279	0.287	0.315	0.383	0.313	0.282	0.266	0.269	0.295	0.332	0.279	0.292	0.284	0.280	0.320	0.271	2.153	0.646	0.291	0.206	4.657	-16666.564
774	16	500	500	0.5183	0.260	0.276	0.315	0.395	0.243	0.308	0.276	0.242	0.310	0.287	0.346	0.330	0.340	0.275	0.319	0.305	0.355	0.264	0.295	0.322	0.278	0.283	0.332	0.215	0.282	0.334	0.366	0.350	0.338	0.243	2.011	0.592	0.295	0.196	3.090	-16974.820
775	16	500	500	0.5127	0.250	0.304	0.244	0.323	0.250	0.254	0.267	0.267	0.287	0.341	0.308	0.256	0.289	0.278	0.254	0.294	0.257	0.257	0.314	0.292	0.257	0.271	0.293	0.286	0.254	0.339	0.309	0.297	0.278	0.319	2.029	0.619	0.271	0.212	2.798	-16341.818
776	16	500	500	0.5123	0.268	0.269	0.246	0.301	0.318	0.294	0.258	0.318	0.314	0.295	0.305	0.325	0.275	0.261	0.292	0.256	0.352	0.229	0.297	0.310	0.277	0.285	0.300	0.299	0.380	0.294	0.257	0.250	0.275	0.353	1.936	0.639	0.297	0.224	7.458	-16859.540
777	16	500	500	0.5051	0.267	0.277	0.301	0.273	0.273	0.237	0.251	0.316	0.346	0.256	0.267	0.284	0.271	0.264	0.260	0.237	0.306	0.355	0.233	0.304	0.215	0.274	0.285	0.295	0.275	0.356	0.245	0.299	0.326	0.282	1.873	0.526	0.226	0.200	1.910	-16335.988
778	16	500	499	0.5140	0.326	0.269	0.253	0.305	0.273	0.318	0.295	0.299	0.239	0.267	0.264	0.273	0.322	0.352	0.253	0.276	0.331	0.296	0.337	0.239	0.310	0.297	0.231	0.284	0.306	0.227	0.280	0.260	0.260	0.357	2.070	0.541	0.255	0.201	3.693	-16362.936
779	16	500	500	0.5115	0.295	0.304	0.340	0.275	0.325	0.220	0.273	0.326	0.257	0.348	0.340	0.296	0.286	0.323	0.290	0.246	0.269	0.244	0.293	0.286	0.342	0.294	0.272	0.281	0.333	0.335	0.300	0.344	0.233	0.298	1.932	0.501	0.229	0.207	1.000	-16785.024
780	16	500	500	0.5239	0.329	0.287	0.290	0.317	0.243	0.346	0.297	0.298	0.332	0.257	0.309	0.320	0.324	0.287	0.321	0.325	0.316	0.333	0.255	0.337	0.259	0.302	0.318	0.256	0.279	0.264	0.303	0.310	0.263	0.326	1.910	0.604	0.303	0.198	4.778	-16904.046
781	16	500	500	0.5058	0.288	0.315	0.271	0.343	0.247	0.313	0.330	0.235	0.282	0.248	0.336	0.317	0.285	0.224	0.333	0.267	0.309	0.294	0.278	0.265	0.242	0.298	0.317	0.214	0.295	0.324	0.289	0.295	0.310	0.272	1.983	0.666	0.246	0.205	3.304	-16357.247
782	16	500	499	0.5098	0.271	0.334	0.262	2.107	0.258	0.321	0.296	0.292	0.330	0.312	0.331	0.280	0.302	0.309	0.360	0.225	0.286	0.342	0.304	0.302	0.340	0.346	0.301	0.339	0.299	0.248	0.344	0.323	0.314	0.251	1.898	0.645	0.348	0.208	999.000	-17118.242
783	16	500	500	0.4989	0.519	0.305	0.339	0.301	0.305	0.208	0.301	0.311	0.282	0.347	0.298	0.285	0.310	0.277	0.284	0.066	0.223	0.306	0.261	0.296	0.287	0.288	0.313	0.383	0.206	0.296	0.321	0.258	0.308	0.304	2.075	0.573	0.304	0.184	2.982	-16604.826
784	16	500	500	0.5003	0.334	0.284	0.355	0.298	0.306	0.351	0.270	0.288	0.314	0.251	0.246	0.257	0.370	0.322	0.284	0.330	0.300	0.263	0.305	0.350	0.332	0.264	0.285	0.379	0.383	0.284	0.326	0.331	0.307	0.294	1.953	0.614	0.311	0.195	4.184	-16928.659
785	16	500	498	0.5256	0.280	0.327	0.307	0.297	0.284	0.275	0.297	0.252	0.222	0.367	0.302	0.343	0.290	0.264	0.286	0.267	0.288	0.299	0.285	0.281	0.241	0.313	0.305	0.341	0.330	0.259	0.314	0.300	0.316	0.292	2.054	0.595	0.274	0.208	2.116	-16798.475
786	16	500	500	0.5082	0.327	0.256	0.270	0.275	0.277	0.309	0.267	0.307	0.307	0.285	0.260	0.345	0.341	0.278	0.300	0.282	0.375	0.336	0.266	0.280	0.257	0.265	0.285	0.295	0.320	0.313	0.324	0.265	0.266	0.284	1.903	0.588	0.326	0.191	1.647	-16613.803
787	16	500	500	0.5267	0.324	0.215	0.302	0.331	0.283	0.406	0.268	0.312	0.264	0.300	0.348	0.340	0.338	0.295	0.292	0.298	0.406	0.255	0.301	0.259	0.281	0.348	0.229	0.254	0.285	0.304	0.301	0.309	0.279	0.337	1.921	0.487	0.277	0.204	1.000	-17044.787
788	16	500	500	0.5084	0.346	0.260	0.239	0.346	0.307	0.346	0.264	0.377	0.251	0.271	0.267	0.329	0.292	0.269	0.312	0.295	0.358	0.311	0.328	0.341	0.281	0.242	0.291	0.287	0.347	0.285	0.331	0.361	0.257	0.323	1.890	0.661	0.316	0.208	15.021	-16972.407
789	16	500	500	0.5189	0.307	0.331	0.285	0.353	0.234	0.276	0.269	0.237	0.239	0.326	0.312	0.287	0.338	0.227	0.296	0.254	0.243	0.276	0.268	0.355	0.300	0.299	0.364	0.335	0.375	0.274	0.367	0.237	0.340	0.266	2.014	0.625	0.314	0.185	3.170	-16553.869
790	16	500	500	0.5187	0.362	0.302	0.391	0.220	0.268	0.237	0.339	0.301	0.292	0.250	0.290	0.250	0.330	0.339	0.252	0.351	0.318	0.273	0.280	0.310	0.285	0.333	0.254	0.239	0.276	0.296	0.286	0.295	0.223	0.281	1.921	0.486	0.198	0.205	1.027	-16484.483
791	16	500	500	0.5183	0.337	0.288	0.263	0.348	0.336	0.295	0.311	0.371	0.288	0.286	0.285	0.289	0.315	0.372	0.324	0.279	0.276	0.319	0.323	0.330	0.334	0.345	0.309	0.330	0.378	0.257	0.328	0.279	0.306	0.274	2.005	0.567	0.313	0.191	5.887	-17223.704
792	16	500	500	0.5225	0.287	0.286	0.300	0.287	0.316	0.266	0.363	0.314	0.289	0.275	0.315	0.353	0.319	0.308	0.288	0.286	0.295	0.262	0.283	0.285	0.251	0.270	0.259	0.306	0.324	0.280	0.321	0.281	0.245	0.331	2.014	0.634	0.298	0.203	10.322	-16752.670
793	16	500	500	0.5258	0.302	0.269	0.305	0.277	0.303	0.335	0.308	0.352	0.365	0.280	0.296	0.285	0.317	0.265	0.278	0.344	0.273	0.275	0.343	0.290	0.280	0.305	0.315	0.252	0.303	0.353	0.308	0.335	0.240	0.264	2.026	0.630	0.305	0.192	3.001	-16706.382
794	16	500	500	0.4987	0.267	0.336	0.270	0.319	0.311	0.240	0.305	0.336	0.363	0.320	0.291	0.328	0.269	0.319	0.300	0.250	0.309	0.267	0.321	0.278	0.328	0.272	0.299	0.282	0.322	0.252	0.290	0.281	0.264	0.308	2.132	0.599	0.293	0.199	4.219	-16699.106
795	16	500	500	0.5228	0.262	0.406	0.363	0.272	0.310	0.281	0.290	0.340	0.282	0.300	0.286	0.250	0.241	0.332	0.265	0.275	0.245	0.285	0.310	0.297	0.303	0.350	0.284	0.345	0.255	0.276	0.388	0.309	0.323	0.301	1.971	0.551	0.314	0.193	1.333	-16960.405
796	16	500	500	0.5162	0.299	0.292	0.273	0.269	0.307	0.310	0.304	0.254	0.260	0.288	0.296	0.297	0.237	0.323	0.293	0.340	0.257	0.291	0.279	0.252	0.231	0.227	0.312	0.281	0.319	0.258	0.352	0.252	0.240	0.375	2.085	0.616	0.246	0.198	2.794	-16172.558
797	16	500	500	0.5223	0.305	0.294	0.344	0.311	0.310	0.262	0.295	0.280	0.291	0.292	0.277	0.294	0.294	0.327	0.360	0.306	0.337	0.390	0.275	0.351	0.268	0.303	0.345	0.262	0.307	0.327	0.287	0.300	0.325	0.311	1.945	0.560	0.299	0.179	2.156	-16953.648
798	16	500	500	0.5188	0.310	0.253	0.328	0.318	0.284	0.285	0.314	0.289	0.374	0.274	0.325	0.304	0.299	0.331	0.311	0.264	0.466	0.379	0.350	0.268	0.310	0.295	0.305	0.266	0.303	0.315	0.299	0.303	0.310	0.287	2.142	0.555	0.343	0.189	2.854	-17095.035
799	16	500	500	0.5206	0.319	0.299	0.322	0.292	0.260	0.296	0.272	0.333	0.305	0.339	0.301	0.338	0.272	0.260	0.295	0.315	0.266	0.269	0.300	0.345	0.252	0.245	0.313	0.282	0.312	0.314	0.310	0.242	0.310	0.322	2.134	0.521	0.261	0.188	1.438	-16615.308
800	16	500	500	0.5248	0.304	0.297	0.305	0.263	0.314	0.304	0.291	0.278	0.263	0.297	0.333	0.386	0.246	0.281	0.377	0.274	0.284	0.310	0.286	0.316	0.336	0.257	0.336	0.280	0.293	0.335	0.339	0.284	0.292	0.294	2.039	0.620	0.302	0.193	2.826	-16883.930
801	16	500	500	0.5117	0.312	0.263	0.322	0.266	0.365	0.283	0.257	0.336	0.248	0.309	0.267	0.260	0.360	0.307	0.324	0.298	0.285	0.318	0.316	0.290	0.277	0.297	0.360	0.308	0.283	0.330	0.308	0.287	0.317	0.257	2.012	0.350	0.175	0.203	1.000	-16909.582
802	16	500	500	0.5262	0.294	0.421	0.287	0.253	0.299	0.298	0.245	0.305	0.322	0.334	0.300	0.339	0.353	0.341	0.291	0.287	0.257	0.293	0.318	0.276	0.310	0.359	0.285	0.334	0.332	0.270	0.327	0.271	0.298	0.290	2.026	0.432	0.234	0.198	1.000	-17004.405
803	16	500	500	0.5052	0.358	0.259	0.295	0.312	0.259	0.336	0.398	0.371	0.342	0.250	0.299	0.283	0.304	0.326	0.316	0.370	0.385	0.317	0.279	0.322	0.287	0.335	0.309	0.342	0.266	0.349	0.331	0.339	0.298	0.330	2.140	0.608	0.346	0.202	8.203	-17298.156
804	16	500	500	0.4978	0.344	0.253	0.347	0.294	0.258	0.259	0.301	0.288	0.269	0.282	0.314	0.333	0.316	0.319	0.284	0.346	0.285	0.281	0.353	0.278	0.334	0.283	0.307	0.242	0.241	0.350	0.223	0.301	0.196	0.354	2.132	0.615	0.272	0.204	2.914	-16494.548
805	16	500	500	0.4988	0.274	0.311	0.259	0.323	0.255	0.372	0.317	0.268	0.388	0.315	0.319	0.294	0.320	0.329	0.285	0.235	0.311	0.276	0.323	0.287	0.299	0.334	0.326	0.242	0.334	0.307	0.314	0.343	0.258	0.304	1.953	0.531	0.257	0.199	2.368	-16914.883
806	16	500	500	0.5204	0.237	0.267	0.261	0.296	0.334	0.293	0.288	0.257	0.366	0.315	0.266	0.294	0.326	0.338	0.269	0.263	0.307	0.285	0.246	0.334	0.305	0.243	0.379	0.299	0.310	0.337	0.341	0.334	0.261	0.288	1.856	0.614	0.305	0.197	2.277	-16883.602
807	16	500	499	0.5170	0.287	0.311	0.302	0.274	0.318	0.272	0.266	0.287	0.293	0.337	0.294	0.293	0.212	0.276	0.303	0.275	0.294	0.355	0.323	0.294	0.287	0.335	0.310	0.313	0.332	0.319	0.261	0.268	0.255	0.344	1.980	0.536	0.284	0.210	1.000	-16853.374
808	16	500	500	0.5100	0.336	0.281	0.287	0.263	0.245	0.334	0.300	0.300	0.343	0.301	0.273	0.245	0.260	0.330	0.280	0.306	0.288	0.348	0.292	0.290	0.309	0.343	0.407	0.206	0.337	0.287	0.308	0.248	0.332	0.372	1.957	0.546	0.287	0.221	1.139	-16975.215
809	16	500	498	0.5086	0.307	0.304	0.318	0.370	0.330	0.292	0.322	0.325	0.403	0.319	0.327	0.282	0.295	0.253	0.290	0.333	0.387	0.198	0.312	0.297	0.293	0.257	0.243	0.304	0.286	0.365	0.270	0.320	0.261	0.338	1.947	0.602	0.317	0.193	3.579	-16793.779
810	16	500	500	0.5166	0.356	0.295	0.389	0.306	0.320	0.326	0.291	0.318	0.272	0.301	0.371	0.302	0.291	0.317	0.314	0.302	0.318	0.377	0.261	0.327	0.316	0.363	0.238	0.328	0.259	0.373	0.289	0.252	0.298	0.317	1.894	0.587	0.325	0.215	3.101	-17335.438
811	16	500	500	0.5182	0.291	0.338	0.371	0.363	0.288	0.286	0.317	0.332	0.198	0.319	0.300	0.297	0.318	0.275	0.344	0.334	0.304	0.314	0.301	0.274	0.316	0.281	0.358	0.329	0.300	0.295	0.262	0.304	0.318	0.279	1.937	0.582	0.330	0.212	6.228	-17094.362
812	16	500	500	0.5181	0.307	0.262	0.340	0.295	0.294	0.254	0.323	0.271	0.299	0.384	0.259	0.272	0.284	0.308	0.300	0.299	0.399	0.254	0.351	0.338	0.329	0.269	0.391	0.332	0.267	0.324	0.337	0.314	0.338	0.364	2.126	0.544	0.265	0.192	2.221	-16977.371
813	16	500	500	0.5098	0.245	0.374	0.281	0.344	0.266	0.312	0.288	0.280	0.269	0.294	0.337	0.282	0.327	0.300	0.340	0.285	0.289	0.272	0.312	0.283	0.358	0.324	0.289	0.246	0.277	0.283	0.348	0.345	0.286	0.280	2.020	0.578	0.265	0.202	4.828	-16792.604
814	16	500	500	0.5108	0.300	0.282	0.304	0.254	0.352	0.284	0.297	0.312	0.309	0.271	0.277	0.275	0.246	0.317	0.309	0.322	0.351	0.297	0.310	0.314	0.290	0.299	0.294	0.316	0.273	0.287	0.330	0.278	0.360	0.296	2.049	0.527	0.247	0.209	1.000	-16909.457
815	16	500	500	0.5124	0.297	0.332	0.281	0.307	0.315	0.265	0.292	0.328	0.319	0.320	0.302	0.299	0.257	0.376	0.281	0.330	0.386	0.306	0.326	0.304	0.310	0.324	0.317	0.308	0.366	0.296	0.352	0.276	0.354	0.323	2.036	0.567	0.339	0.196	1.000	-17238.489
816	16	500	499	0.5245	0.334	0.280	0.397	0.345	0.387	0.291	0.266	0.338	0.326	0.300	0.302	0.308	0.293	0.296	0.287	0.354	0.324	0.317	0.326	0.317	0.340	0.293	0.322	0.287	0.335	0.319	0.306	0.307	0.291	0.281	2.044	0.543	0.314	0.204	3.533	-17297.045
817	16	500	500	0.5201	0.267	0.315	0.339	0.318	0.290	0.294	0.353	0.336	0.272	0.314	0.275	0.278	0.351	0.316	0.309	0.270	0.306	0.269	0.287	0.322	0.246	0.280	0.325	0.301	0.278	0.358	0.301	0.361	0.300	0.307	2.045	0.626	0.334	0.197	6.629	-16990.845
818	16	500	500	0.5290	0.303	0.327	0.326	0.261	0.402	0.319	0.302	0.247	0.377	0.281	0.348	0.275	0.259	0.314	0.300	0.287	0.371	0.263	0.304	0.307	0.334	0.279	0.280	0.275	0.313	0.328	0.283	0.330	0.241	0.320	2.001	0.369	0.212	0.185	1.000	-17015.534
819	16	500	500	0.5236	0.254	0.250	0.302	0.277	0.338	0.269	0.291	0.234	0.339	0.290	0.356	0.311	0.300	0.315	0.241	0.334	0.334	0.372	0.289	0.280	0.337	0.293	0.267	0.304	0.248	0.335	0.321	0.287	0.294	0.284	2.045	0.634	0.297	0.188	4.264	-16567.818
820	16	500	500	0.5196	0.348	0.283	0.327	0.318	0.325	0.326	0.331	0.321	0.360	0.330	0.333	0.298	0.322	0.245	0.287	0.310	0.416	0.380	0.322	0.298	0.296	0.302	0.320	0.332	0.356	0.318	0.265	0.361	0.286	0.326	2.015	0.571	0.346	0.188	4.248	-17398.889
821	16	500	499	0.5067	0.369	0.218	0.339	0.306	0.327	0.293	0.249	0.306	0.404	0.277	0.286	0.272	0.269	0.272	0.293	0.293	0.246	0.316	0.298	0.338	0.292	0.291	0.305	0.409	0.274	0.323	0.327	0.337	0.234	0.299	1.920	0.615	0.303	0.202	3.256	-16841.056
822	16	500	500	0.5105	0.303	0.329	0.269	0.284	0.315	0.284	0.275	0.359	0.359	0.296	0.353	0.314	0.302	0.317	0.302	0.280	0.329	0.377	0.324	0.308	0.319	0.349	0.307	0.248	0.390	0.296	0.224	0.264	0.303	0.289	1.918	0.626	0.334	0.208	6.649	-17165.060
823	16	500	500	0.5101	0.314	0.320	0.342	0.270	0.368	0.287	0.306	0.260	0.294	0.261	0.301	0.322	0.331	0.284	0.278	0.293	0.328	0.268	0.311	0.308	0.304	0.304	0.294	0.303	0.255	0.325	0.308	0.266	0.295	0.287	1.943	0.441	0.202	0.212	1.000	-16912.707
824	16	500	499	0.4989	0.329	0.254	0.334	0.308	0.285	0.323	0.243	0.283	0.255	0.280	0.330	0.279	0.296	0.326	0.320	0.305	0.390	0.358	0.340	0.277	0.335	0.280	0.274	0.277	0.249	0.332	0.301	0.292	0.306	0.330	2.059	0.647	0.299	0.189	3.139	-16667.495
825	16	500	500	0.5210	0.311	0.263	0.382	0.305	0.296	0.231	0.362	0.207	0.346	0.319	0.296	0.312	0.277	0.300	0.316	0.274	0.300	0.293	0.271	0.340	0.364	0.281	0.274	0.296	0.305	0.338	0.316	0.304	0.326	0.258	1.754	0.584	0.266	0.201	2.120	-16964.971
826	16	500	500	0.5171	0.306	0.287	0.321	0.819	0.315	0.299	0.305	0.313	0.292	0.262	0.320	0.268	0.254	0.271	0.316	0.309	0.253	0.326	0.312	0.336	0.268	0.294	0.285	0.272	0.255	0.258	0.265	0.329	0.326	0.281	2.138	0.643	0.338	0.196	70.618	-16730.938
827	16	500	500	0.5206	0.289	0.353	0.387	0.302	0.317	0.323	0.316	0.300	0.303	0.225	0.387	0.301	0.335	0.330	0.393	0.358	0.375	0.315	0.280	0.344	0.294	0.271	0.282	0.281	0.339	0.355	0.314	0.317	0.253	0.269	2.097	0.584	0.331	0.197	3.191	-17211.822
828	16	500	498	0.5015	0.372	0.417	0.262	0.364	0.278	0.329	0.301	0.292	0.222	0.303	0.322	0.270	0.278	0.264	0.287	0.314	0.220	0.258	0.341	0.298	0.292	0.267	0.308	0.383	0.372	0.261	0.283	0.237	0.279	0.304	2.070	0.617	0.295	0.209	3.490	-16789.703
829	16	500	500	0.5375	0.284	0.284	0.331	0.288	0.273	0.304	0.210	0.279	0.311	0.285	0.262	0.287	0.291	0.304	0.278	0.325	0.303	0.320	0.302	0.253	0.244	0.303	0.308	0.226	0.236	0.291	0.332	0.298	0.261	0.302	1.999	0.524	0.249	0.181	1.522	-16345.896
830	16	500	500	0.5215	0.301	0.340	0.278	0.252	0.309	0.297	0.273	0.310	0.226	0.299	0.288	0.304	0.272	0.296	0.281	0.320	0.222	0.314	0.324	0.313	0.282	0.298	0.303	0.342	0.267	0.280	0.304	0.342	0.277	0.298	1.979	0.544	0.234	0.191	1.103	-16584.861
831	16	500	500	0.5245	0.325	0.206	0.366	0.271	0.298	0.362	0.225	0.353	0.247	0.288	0.278	0.288	0.254	0.265	0.274	0.317	0.217	0.219	0.301	0.245	0.281	0.317	0.287	0.325	0.297	0.346	0.328	0.346	0.315	0.324	2.095	0.364	0.166	0.192	1.125	-16536.564
832	16	500	500	0.5126	0.338	0.211	0.301	0.327	0.334	0.306	0.282	0.285	0.336	0.302	0.293	0.287	0.318	0.317	0.323	0.343	0.306	0.240	0.302	0.298	0.342	0.324	0.365	0.319	0.296	0.262	0.333	0.298	0.281	0.340	2.010	0.460	0.268	0.198	1.000	-17113.476
833	16	500	500	0.5141	0.284	0.309	0.317	0.300	0.313	0.260	0.245	0.327	0.323	0.272	0.338	0.264	0.345	0.292	0.270	0.320	0.281	0.248	0.309	0.322	0.387	0.288	0.332	0.252	0.297	0.295	0.290	0.319	0.249	0.354	2.028	0.610	0.313	0.204	1.381	-16921.555
834	16	500	500	0.5068	0.299	0.295	0.256	0.289	0.293	0.318	0.269	0.357	0.327	0.266	0.278	0.296	0.285	0.305	0.309	0.328	0.323	0.239	0.271	0.298	0.255	0.295	0.297	0.377	0.272	0.265	0.364	0.255	0.309	0.335	1.990	0.598	0.257	0.203	1.641	-16670.677
835	16	500	500	0.5192	0.309	0.265	0.258	0.288	0.350	0.265	0.372	0.327	0.380	0.234	0.288	0.310	0.291	0.362	0.311	0.320	0.205	0.334	0.323	0.278	0.302	0.298	0.264	0.422	0.226	0.309	0.284	0.323	0.335	0.314	2.060	0.592	0.297	0.194	2.305	-16901.960
836	16	500	500	0.5210	0.284	0.304	0.352	0.296	0.297	0.267	0.332	0.300	0.349	0.262	0.277	0.254	0.368	0.296	0.342	0.290	0.278	0.290	0.274	0.300	0.337	0.330	0.272	0.339	0.302	0.283	0.319	0.330	0.263	0.344	1.989	0.618	0.330	0.209	3.258	-16985.755
837	16	500	500	0.5030	0.527	0.374	0.321	0.299	0.340	0.270	0.306	0.247	0.335	0.293	0.239	0.314	0.267	0.285	0.290	0.001	0.205	0.309	0.314	0.371	0.294	0.303	0.324	0.320	0.292	0.295	0.327	0.314	0.276	0.319	1.861	0.542	0.259	0.211	1.000	-16999.127
838	16	500	499	0.5245	0.234	0.322	0.326	0.348	0.313	0.267	0.313	0.328	0.320	0.300	0.360	0.254	0.303	0.335	0.335	0.271	0.316	0.319	0.302	0.321	0.293	0.354	0.283	0.308	0.324	0.282	0.308	0.332	0.312	0.255	2.088	0.615	0.338	0.192	5.694	-17088.374
839	16	500	499	0.5078	0.279	0.221	0.243	0.308	0.266	0.306	0.244	0.355	0.369	0.251	0.305	0.265	0.345	0.230	0.324	0.303	0.359	0.303	0.279	0.349	0.266	0.252	0.297	0.299	0.275	0.280	0.293	0.326	0.346	0.282	1.926	0.622	0.248	0.205	2.949	-16522.564
840	16	500	500	0.5192	0.360	0.330	0.293	0.330	0.307	0.256	0.289	0.293	0.417	0.284	0.262	0.320	0.399	0.329	0.249	0.321	0.252	0.323	0.391	0.296	0.324	0.300	0.292	0.307	0.335	0.299	0.342	0.309	0.319	0.257	2.045	0.588	0.324	0.183	2.212	-17142.713
841	16	500	500	0.5159	0.346	0.234	0.282	0.309	0.343	0.330	0.294	0.255	0.381	0.293	0.253	0.287	0.309	0.320	0.284	0.256	0.345	0.303	0.314	0.310	0.303	0.284	0.283	0.286	0.274	0.251	0.268	0.276	0.275	0.310	2.013	0.524	0.223	0.205	1.229	-16569.210
842	16	500	499	0.5264	0.327	0.404	0.258	0.284	0.259	0.326	0.246	0.312	0.298	0.248	0.297	0.279	0.307	0.340	0.304	0.316	0.437	0.288	0.304	0.290	0.232	0.286	0.239	0.212	0.391	0.232	0.336	0.322	0.233	0.329	2.032	0.607	0.304	0.204	4.223	-16656.894
843	16	500	500	0.5311	0.299	0.365	0.322	0.273	0.351	0.231	0.266	0.327	0.257	0.294	0.350	0.296	0.287	0.296	0.282	0.331	0.265	0.323	0.283	0.303	0.317	0.323	0.307	0.354	0.328	0.348	0.253	0.284	0.303	0.306	2.027	0.601	0.313	0.200	6.425	-16998.998
844	16	500	500	0.4973	0.297	0.338	0.357	0.253	0.277	0.260	0.298	0.282	0.267	0.304	0.307	0.309	0.353	0.259	0.368	0.349	0.345	0.263	0.279	0.289	0.290	0.316	0.314	0.274	0.418	0.344	0.338	0.265	0.365	0.234	2.044	0.600	0.307	0.188	2.595	-16845.305
845	16	500	500	0.5175	0.000	0.324	0.263	0.318	0.281	0.298	0.301	0.285	0.317	0.295	0.341	0.265	0.284	0.312	0.353	0.566	0.276	0.382	0.281	0.347	0.253	0.287	0.252	0.335	0.363	0.258	0.299	0.250	0.290	0.312	2.044	0.638	0.352	0.209	11.311	-16847.075
846	16	500	499	0.5212	0.255	0.288	0.283	0.291	0.282	0.338	0.302	0.313	0.268	0.300	0.218	0.332	0.293	0.315	0.285	0.325	0.221	0.259	0.312	0.305	0.358	0.299	0.338	0.308	0.265	0.267	0.313	0.304	0.296	0.307	1.982	0.609	0.308	0.192	3.234	-16698.431
847	16	500	500	0.5172	0.350	0.355	0.290	0.221	0.344	0.289	0.327	0.287	0.275	0.276	0.306	0.317	0.385	0.255	0.292	0.345	0.254	0.320	0.275	0.271	0.258	0.311	0.269	0.344	0.298	0.294	0.306	0.327	0.244	0.319	1.994	0.404	0.212	0.178	1.524	-16614.476
848	16	500	500	0.5181	0.307	0.328	0.362	0.243	0.326	0.298	0.336	0.302	0.265	0.372	0.331	0.308	0.264	0.293	0.293	0.264	0.379	0.322	0.338	0.304	0.296	0.299	0.322	0.343	0.334	0.292	0.323	0.263	0.296	0.320	1.976	0.519	0.298	0.187	4.380	-17134.304
849	16	500	500	0.5115	0.330	0.307	0.244	0.251	0.333	0.370	0.284	0.284	0.305	0.319	0.352	0.263	0.256	0.300	0.289	0.335	0.310	0.253	0.303	0.363	0.287	0.273	0.260	0.302	0.263	0.287	0.346	0.352	0.384	0.236	1.997	0.514	0.271	0.206	2.205	-16818.315
850	16	500	500	0.5156	0.343	0.288	0.319	0.365	0.267	0.219	0.265	0.298	0.327	0.309	0.271	0.407	0.311	0.274	0.283	0.337	0.235	0.312	0.377	0.270	0.351	0.286	0.303	0.307	0.301	0.312	0.301	0.352	0.329	0.276	2.006	0.590	0.292	0.205	3.388	-16934.429
851	16	500	499	0.5130	0.306	0.334	0.240	0.274	0.293	0.332	0.240	0.279	0.335	0.346	0.269	0.349	0.278	0.238	0.280	0.265	0.297	0.335	0.239	0.309	0.263	0.323	0.284	0.297	0.303	0.334	0.310	0.236	0.329	0.346	1.939	0.699	0.274	0.207	6.059	-16515.399
852	16	500	499	0.5149	0.242	0.273	0.305	0.308	0.319	0.306	0.348	0.295	0.369	0.279	0.279	0.308	0.301	0.281	0.298	0.321	0.339	0.322	0.332	0.352	0.379	0.304	0.293	0.290	0.310	0.271	0.343	0.365	0.290	0.333	1.943	0.547	0.305	0.193	2.133	-17148.203
853	16	500	500	0.5016	0.233	0.243	0.294	0.285	0.297	0.281	0.289	0.270	0.375	0.271	0.297	0.307	0.250	0.280	0.340	0.270	0.327	0.299	0.317	0.285	0.307	0.277	0.300	0.276	0.323	0.322	0.237	0.284	0.352	0.287	2.029	0.456	0.283	0.193	2.026	-16729.496
854	16	500	500	0.5054	0.327	0.268	0.277	0.307	0.254	0.289	0.248	0.319	0.352	0.328	0.292	0.275	0.267	0.256	0.239	0.293	0.299	0.303	0.334	0.331	0.325	0.242	0.306	0.240	0.299	0.300	0.233	0.331	0.289	0.323	1.975	0.538	0.254	0.203	2.104	-16590.904
855	16	500	500	0.5139	0.313	0.331	0.306	0.281	0.287	0.310	0.261	0.348	0.343	0.299	0.291	0.379	0.328	0.298	0.305	0.272	0.260	0.279	0.317	0.280	0.334	0.312	0.325	0.300	0.328	0.370	0.268	0.287	0.348	0.294	1.917	0.636	0.334	0.195	6.753	-17026.757
856	16	500	499	0.5290	0.242	0.300	0.383	0.261	0.291	0.252	0.315	0.300	0.360	0.210	0.352	0.310	0.360	0.333	0.302	0.282	0.205	0.338	0.274	0.332	0.260	0.261	0.299	0.300	0.281	0.273	0.293	0.327	0.288	0.300	1.977	0.457	0.247	0.196	1.406	-16733.722
857	16	500	499	0.5157	0.301	0.304	0.326	0.275	0.311	0.271	0.370	0.298	0.261	0.259	0.246	0.334	0.298	0.339	0.307	0.249	0.322	0.226	0.300	0.334	0.253	0.342	0.298	0.318	0.256	0.331	0.264	0.338	0.305	0.262	1.967	0.407	0.192	0.193	1.376	-16680.348
858	16	500	500	0.5080	0.297	0.348	0.310	0.316	0.304	0.337	0.317	0.321	0.330	0.303	0.290	0.278	0.270	0.299	0.314	0.304	0.321	0.353	0.319	0.370	0.269	0.341	0.295	0.310	0.292	0.294	0.299	0.353	0.283	0.301	1.960	0.605	0.293	0.194	4.005	-16946.359
859	16	500	500	0.5132	0.276	0.321	0.270	0.305	0.277	0.333	0.327	0.281	0.380	0.245	0.294	0.273	0.366	0.281	0.373	0.271	0.291	0.346	0.253	0.314	0.312	0.302	0.278	0.259	0.284	0.273	0.272	0.306	0.282	0.270	1.901	0.598	0.318	0.203	3.925	-16815.704
860	16	500	499	0.5195	0.337	0.299	0.312	0.292	0.275	0.351	0.262	0.305	0.261	0.293	0.294	0.396	0.272	0.292	0.324	0.291	0.335	0.225	0.269	0.298	0.359	0.279	0.285	0.312	0.333	0.296	0.272	0.271	0.318	0.281	1.985	0.563	0.295	0.208	2.519	-16899.393
861	16	500	500	0.5200	0.316	0.358	0.308	0.293	0.270	0.281	0.365	0.290	0.238	0.277	0.306	0.274	0.270	0.382	0.320	0.321	0.241	0.268	0.345	0.345	0.372	0.244	0.321	0.359	0.263	0.318	0.316	0.293	0.280	0.290	1.960	0.580	0.281	0.220	3.625	-17018.298
862	16	500	499	0.5136	0.236	0.285	0.287	0.353	0.284	0.314	0.269	0.324	0.314	0.297	0.337	0.280	0.285	0.241	0.289	0.307	0.312	0.216	0.314	0.329	0.317	0.290	0.353	0.274	0.278	0.303	0.259	0.269	0.288	0.342	2.043	0.668	0.294	0.203	5.041	-16674.793
863	16	500	500	0.5167	0.309	0.260	0.329	0.335	0.253	0.270	0.290	0.278	0.318	0.247	0.285	0.313	0.322	0.307	0.336	0.294	0.342	0.289	0.370	0.281	0.273	0.310	0.378	0.390	0.323	0.333	0.315	0.283	0.287	0.303	1.913	0.561	0.370	0.188	1.985	-17128.329
864	16	500	499	0.5076	0.232	0.278	0.267	0.304	0.339	0.339	0.302	0.380	0.308	0.370	0.336	0.262	0.356	0.334	0.294	0.303	0.330	0.269	0.321	0.270	0.276	0.262	0.302	0.229	0.300	0.353	0.285	0.330	0.327	0.298	2.040	0.509	0.247	0.203	1.000	-16891.950
865	16	500	500	0.5325	0.319	0.322	0.326	0.265	0.344	0.360	0.297	0.306	0.243	0.230	0.308	0.286	0.413	0.319	0.338	0.267	0.310	0.301	0.300	0.285	0.231	0.311	0.254	0.295	0.251	0.318	0.265	0.340	0.325	0.324	2.075	0.608	0.364	0.200	4.056	-17064.842
866	16	500	500	0.5260	0.336	0.304	0.308	0.333	0.356	0.271	0.305	0.322	0.306	0.317	0.298	0.258	0.374	0.264	0.305	0.256	0.326	0.322	0.283	0.276	0.260	0.325	0.272	0.341	0.271	0.339	0.280	0.250	0.296	0.270	1.963	0.551	0.245	0.203	1.763	-16852.895
867	16	500	500	0.5125	0.319	0.336	0.299	0.245	0.349	0.344	0.315	0.288	0.309	0.287	0.272	0.292	0.246	0.293	0.308	0.314	0.261	0.242	0.301	0.295	0.325	0.359	0.396	0.287	0.370	0.307	0.277	0.311	0.315	0.333	2.023	0.577	0.316	0.202	6.678	-17005.329
868	16	500	500	0.5197	0.294	0.259	0.298	0.349	0.326	0.286	0.322	0.311	0.305	0.341	0.258	0.338	0.308	0.365	0.269	0.290	0.331	0.319	0.308	0.320	0.354	0.285	0.301	0.363	0.283	0.305	0.325	0.322	0.360	0.342	2.048	0.529	0.320	0.199	1.918	-17227.108
869	16	500	500	0.5035	0.235	0.303	0.216	0.330	0.262	0.329	0.267	0.319	0.297	0.298	0.311	0.333	0.227	0.299	0.271	0.288	0.247	0.249	0.301	0.305	0.332	0.309	0.331	0.407	0.293	0.284	0.308	0.270	0.300	0.285	1.900	0.621	0.317	0.194	3.984	-16665.977
870	16	500	499	0.5259	0.335	0.283	0.281	0.327	0.280	0.375	0.285	0.361	0.281	0.359	0.313	0.334	0.289	0.229	0.321	0.327	0.222	0.349	0.338	0.303	0.296	0.400	0.273	0.265	0.347	0.331	0.266	0.282	0.311	0.287	2.073	0.598	0.328	0.208	1.000	-17145.788
871	16	500	500	0.5277	0.277	0.303	0.333	0.314	0.300	0.328	0.314	0.316	0.296	0.265	0.253	0.302	0.300	0.300	0.239	0.310	0.385	0.355	0.383	0.234	0.246	0.305	0.356	0.250	0.335	0.305	0.328	0.298	0.341	0.306	2.039	0.538	0.279	0.198	2.471	-17119.954
872	16	500	500	0.5126	0.261	0.270	0.298	0.337	0.280	0.318	0.285	0.357	0.348	0.315	0.294	0.316	0.289	0.240	0.257	0.253	0.239	0.280	0.255	0.307	0.310	0.316	0.254	0.278	0.284	0.245	0.296	0.233	0.369	0.319	1.919	0.575	0.242	0.193	1.663	-16376.055
873	16	500	500	0.5258	0.291	0.367	0.257	0.269	0.283	0.322	0.298	0.292	0.317	0.328	0.270	0.289	0.373	0.301	0.325	0.264	0.337	0.281	0.337	0.350	0.310	0.288	0.302	0.256	0.292	0.337	0.354	0.294	0.304	0.249	2.153	0.617	0.336	0.196	5.031	-16921.643
874	16	500	499	0.5086	0.284	0.278	0.287	0.293	0.290	0.248	0.344	0.332	0.378	0.227	0.296	0.316	0.314	0.311	0.328	0.313	0.234	0.292	0.291	0.338	0.294	0.285	0.274	0.334	0.347	0.253	0.348	0.236	0.274	0.317	2.055	0.557	0.262	0.196	1.815	-16680.503
875	16	500	500	0.5279	0.321	0.297	0.254	0.304	0.320	0.362	0.272	0.293	0.250	0.292	0.280	0.288	0.223	0.248	0.345	0.258	0.234	0.261	0.344	0.222	0.366	0.297	0.291	0.327	0.261	0.279	0.277	0.252	0.323	0.237	1.994	0.638	0.309	0.219	1.000	-16607.626
876	16	500	500	0.5088	0.305	0.280	0.278	0.245	0.337	0.284	0.256	0.255	0.358	0.303	0.334	0.318	0.313	0.297	0.273	0.350	0.248	0.289	0.329	0.338	0.302	0.299	0.321	0.256	0.337	0.304	0.284	0.300	0.259	0.286	2.113	0.633	0.316	0.218	3.402	-16820.214
877	16	500	499	0.5143	0.384	0.206	0.314	0.280	0.343	0.410	0.339	0.300	0.298	0.339	0.292	0.251	0.313	0.281	0.300	0.337	0.350	0.365	0.346	0.269	0.327	0.343	0.320	0.323	0.345	0.228	0.346	0.296	0.288	0.253	2.008	0.536	0.283	0.190	1.860	-17030.944
878	16	500	500	0.5244	0.318	0.258	0.310	0.279	0.326	0.263	0.279	0.349	0.299	0.290	0.319	0.260	0.276	0.244	0.337	0.302	0.239	0.259	0.277	0.310	0.300	0.295	0.323	0.357	0.288	0.316	0.282	0.290	0.315	0.299	2.043	0.624	0.292	0.197	5.953	-16603.238
879	16	500	500	0.5205	0.363	0.298	0.277	0.293	0.295	0.304	0.309	0.213	0.259	0.247	0.287	0.294	0.315	0.235	0.279	0.286	0.335	0.249	0.310	0.335	0.328	0.277	0.312	0.324	0.260	0.364	0.247	0.343	0.268	0.368	2.050	0.530	0.260	0.211	1.342	-16747.493
880	16	500	500	0.5171	0.255	0.316	0.298	0.357	0.315	0.317	0.302	0.298	0.288	0.275	0.241	0.316	0.340	0.268	0.259	0.267	0.356	0.248	0.257	0.309	0.250	0.242	0.302	0.313	0.307	0.299	0.329	0.350	0.286	0.329	2.095	0.595	0.267	0.217	3.007	-16790.336
881	16	500	500	0.5096	0.274	0.347	0.257	0.338	0.297	0.300	0.286	0.324	0.294	0.260	0.314	0.354	0.357	0.296	0.313	0.295	0.274	0.339	0.283	0.284	0.313	0.323	0.268	0.240	0.230	0.320	0.342	0.326	0.281	0.324	1.810	0.475	0.231	0.201	1.000	-16969.342
882	16	500	500	0.5264	0.292	0.336	0.288	0.260	0.249	0.281	0.281	0.301	0.266	0.310	0.261	0.262	0.392	0.342	0.268	0.303	0.282	0.335	0.257	0.347	0.312	0.292	0.290	0.311	0.328	0.280	0.289	0.237	0.296	0.293	1.965	0.654	0.282	0.188	3.544	-16549.306
883	16	500	500	0.5147	0.312	0.390	0.245	0.331	0.284	0.258	0.304	0.277	0.278	0.290	0.261	0.304	0.304	0.284	0.299	0.319	0.332	0.295	0.314	0.231	0.290	0.261	0.278	0.400	0.369	0.283	0.255	0.271	0.305	0.295	1.799	0.619	0.271	0.184	3.210	-16397.234
884	16	500	500	0.5153	0.250	0.221	0.320	0.278	0.315	0.304	0.250	0.299	0.337	0.298	0.294	0.300	0.302	0.309	0.350	0.292	0.271	0.349	0.230	0.322	0.296	0.319	0.248	0.326	0.267	0.322	0.285	0.331	0.322	0.372	2.019	0.526	0.241	0.204	1.266	-16727.688
885	16	500	500	0.5076	0.340	0.367	0.389	0.289	0.247	0.316	0.281	0.298	0.373	0.282	0.295	0.303	0.424	0.332	0.283	0.390	0.330	0.307	0.301	0.265	0.363	0.336	0.318	0.320	0.321	0.313	0.318	0.301	0.256	0.319	2.149	0.485	0.283	0.180	1.305	-17164.309
886	16	500	499	0.5225	0.347	0.327	0.246	0.256	0.296	0.390	0.268	0.353	0.324	0.332	0.294	0.318	0.320	0.292	0.309	0.262	0.257	0.257	0.280	0.319	0.332	0.292	0.332	0.345	0.274	0.284	0.249	0.301	0.289	0.297	2.143	0.403	0.191	0.180	1.000	-16596.861
887	16	500	500	0.5011	0.318	0.329	0.327	0.264	0.286	0.337	0.239	0.277	0.262	0.250	0.255	0.336	0.312	0.283	0.298	0.334	0.220	0.313	0.310	0.321	0.366	0.304	0.289	0.282	0.301	0.281	0.267	0.315	0.283	0.339	2.102	0.518	0.213	0.203	2.236	-16553.718
888	16	500	500	0.5115	0.349	0.271	0.276	0.314	0.263	0.330	0.295	0.276	0.313	0.351	0.322	0.280	0.314	0.281	0.292	0.320	0.274	0.345	0.249	0.378	0.310	0.301	0.309	0.314	0.270	0.346	0.353	0.305	0.273	0.290	1.926	0.680	0.295	0.209	9.576	-16963.557
889	16	500	499	0.5182	0.300	0.263	0.306	0.317	0.347	0.361	0.363	0.268	0.314	0.303	0.283	0.283	0.396	0.313	0.337	0.299	0.272	0.277	0.298	0.262	0.381	0.352	0.292	0.286	0.305	0.296	0.261	0.280	0.283	0.282	2.146	0.543	0.308	0.205	2.331	-17057.682
890	16	500	500	0.5110	0.286	0.252	0.342	0.295	0.324	0.275	0.270	0.357	0.438	0.272	0.264	0.368	0.326	0.293	0.285	0.281	0.209	0.296	0.296	0.308	0.389	0.345	0.312	0.303	0.248	0.347	0.332	0.264	0.256	0.300	1.930	0.626	0.323	0.196	4.455	-16895.897
891	16	500	500	0.5174	0.278	0.316	0.296	0.336	0.291	0.370	0.344	0.334	0.339	0.320	0.263	0.300	0.270	0.334	0.291	0.338	0.335	0.343	0.332	0.287	0.283	0.259	0.299	0.211	0.303	0.304	0.302	0.311	0.314	0.256	1.947	0.577	0.309	0.201	3.743	-16990.994
892	16	500	500	0.5193	0.270	0.341	0.307	0.251	0.292	0.339	0.277	0.289	0.285	0.323	0.274	0.268	0.255	0.315	0.291	0.265	0.310	0.352	0.306	0.309	0.256	0.309	0.287	0.260	0.344	0.316	0.281	0.266	0.308	0.273	1.981	0.543	0.279	0.216	1.000	-16855.150
893	16	500	500	0.5124	0.309	0.301	0.293	0.254	0.349	0.295	0.269	0.343	0.278	0.296	0.315	0.337	0.346	0.356	0.291	0.341	0.238	0.256	0.351	0.275	0.335	0.245	0.339	0.302	0.291	0.291	0.230	0.346	0.272	0.259	1.930	0.540	0.244	0.192	2.439	-16664.448
894	16	500	500	0.5135	0.301	0.384	0.294	0.307	0.311	0.293	0.284	0.312	0.274	0.291	0.348	0.284	0.276	0.251	0.290	0.245	0.357	0.277	0.354	0.279	0.356	0.280	0.335	0.264	0.286	0.303	0.317	0.357	0.267	0.277	1.933	0.552	0.255	0.197	1.974	-16791.802
895	16	500	499	0.5034	0.298	0.324	0.319	0.303	0.291	0.327	0.287	0.277	0.355	0.316	0.251	0.312	0.342	0.339	0.256	0.284	0.345	0.377	0.294	0.323	0.224	0.300	0.317	0.255	0.385	0.263	0.376	0.348	0.285	0.304	1.938	0.652	0.329	0.203	8.996	-16944.124
896	16	500	500	0.5081	0.297	0.255	0.238	0.276	0.248	0.377	0.331	0.312	0.287	0.277	0.343	0.243	0.314	0.373	0.253	0.315	0.318	0.268	0.316	0.268	0.274	0.292	0.302	0.239	0.351	0.299	0.316	0.353	0.347	0.272	2.024	0.580	0.315	0.193	3.943	-16652.678
897	16	500	500	0.4998	0.241	0.249	0.398	0.288	0.305	0.270	0.313	0.283	0.312	0.308	0.328	0.285	0.370	0.322	0.303	0.240	0.300	0.259	0.289	0.287	0.332	0.313	0.356	0.379	0.249	0.342	0.278	0.243	0.300	0.236	2.213	0.609	0.339	0.202	1.883	-16792.581
898	16	500	500	0.5264	0.384	0.307	0.213	0.259	0.306	0.295	0.300	0.319	0.290	0.302	0.350	0.239	0.346	0.281	0.298	0.325	0.316	0.327	0.310	0.269	0.273	0.315	0.210	0.303	0.259	0.277	0.291	0.281	0.223	0.361	2.131	0.494	0.214	0.196	1.324	-16467.726
899	16	500	500	0.5219	0.276	0.314	0.256	0.293	0.288	0.330	0.296	0.292	0.280	0.217	0.264	0.303	0.379	0.258	0.287	0.282	0.303	0.280	0.311	0.240	0.323	0.323	0.286	0.313	0.268	0.293	0.296	0.320	0.273	0.295	1.995	0.566	0.259	0.191	4.062	-16423.641
900	16	500	499	0.5259	0.296	0.269	0.290	0.354	0.320	0.256	0.303	0.362	0.296	0.276	0.340	0.283	0.285	0.297	0.289	0.263	0.335	0.303	0.307	0.284	0.345	0.314	0.293	0.333	0.305	0.312	0.324	0.322	0.361	0.269	2.080	0.638	0.333	0.201	13.852	-16944.750
901	16	500	499	0.5099	0.291	0.343	0.279	0.312	0.287	0.329	0.254	0.305	0.276	0.323	0.181	0.294	0.292	0.260	0.323	0.300	0.275	0.289	0.289	0.291	0.357	0.370	0.319	0.288	0.267	0.334	0.351	0.377	0.243	0.358	2.019	0.635	0.290	0.195	2.790	-16741.047
902	16	500	500	0.5182	0.339	0.291	0.235	0.318	0.252	0.357	0.308	0.302	0.331	0.294	0.337	0.270	0.244	0.270	0.283	0.339	0.336	0.262	0.285	0.274	0.241	0.353	0.338	0.329	0.250	0.350	0.289	0.263	0.266	0.301	1.945	0.664	0.296	0.197	4.501	-16601.378
903	16	500	500	0.5064	0.319	0.337	0.349	0.324	0.282	0.359	0.316	0.295	0.314	0.381	0.387	0.221	0.248	0.285	0.298	0.315	0.291	0.272	0.363	0.273	0.306	0.297	0.279	0.272	0.339	0.298	0.245	0.284	0.372	0.240	1.872	0.655	0.316	0.207	3.425	-16965.713
904	16	500	500	0.4990	0.249	0.384	0.260	0.379	0.319	0.301	0.297	0.292	0.270	0.302	0.335	0.287	0.376	0.282	0.277	0.241	0.358	0.300	0.347	0.292	0.266	0.242	0.405	0.250	0.271	0.312	0.282	0.292	0.323	0.309	2.013	0.677	0.303	0.214	13.794	-16810.251
905	16	500	500	0.5225	0.261	0.312	0.323	0.318	0.315	0.205	0.263	0.328	0.269	0.237	0.268	0.289	0.307	0.293	0.328	0.325	0.382	0.287	0.238	0.319	0.292	0.329	0.287	0.241	0.251	0.320	0.334	0.263	0.321	0.296	2.013	0.650	0.292	0.203	8.063	-16604.296
906	16	500	500	0.5119	0.290	0.350	0.351	0.275	0.280	0.324	0.294	0.320	0.348	0.352	0.339	0.255	0.284	0.269	0.319	0.303	0.340	0.293	0.278	0.313	0.360	0.337	0.295	0.311	0.280	0.252	0.292	0.248	0.276	0.297	1.902	0.522	0.278	0.209	1.000	-17030.814
907	16	500	499	0.5066	0.349	0.320	0.323	0.273	0.332	0.294	0.329	0.328	0.385	0.255	0.304	0.280	0.320	0.317	0.309	0.329	0.342	0.241	0.354	0.314	0.312	0.309	0.304	0.292	0.345	0.318	0.289	0.357	0.344	0.247	1.916	0.469	0.305	0.212	2.518	-17454.698
908	16	500	500	0.5048	0.299	0.245	0.321	0.319	0.296	0.262	0.285	0.275	0.302	0.304	0.275	0.279	0.282	0.322	0.224	0.338	0.356	0.329	0.336	0.308	0.282	0.299	0.277	0.261	0.234	0.321	0.242	0.261	0.329	0.306	2.114	0.635	0.311	0.197	4.387	-16459.601
909	16	500	499	0.5090	0.305	0.380	0.295	0.343	0.258	0.288	0.298	0.285	0.246	0.294	0.320	0.281	0.311	0.346	0.333	0.310	0.335	0.317	0.267	0.323	0.304	0.319	0.317	0.331	0.312	0.330	0.300	0.231	0.310	0.294	1.982	0.639	0.351	0.205	6.430	-17010.951
910	16	500	500	0.5187	0.262	0.325	0.284	0.288	0.271	0.261	0.276	0.286	0.278	0.255	0.332	0.339	0.284	0.266	0.363	0.314	0.280	0.253	0.283	0.283	0.306	0.289	0.323	0.331	0.290	0.312	0.265	0.259	0.277	0.345	1.893	0.539	0.236	0.209	1.000	-16674.492
911	16	500	500	0.5112	0.318	0.284	0.338	0.275	0.312	0.320	0.310	0.356	0.337	0.319	0.248	0.324	0.304	0.263	0.298	0.292	0.341	0.259	0.279	0.326	0.284	0.298	0.326	0.266	0.329	0.328	0.304	0.264	0.351	0.268	2.066	0.609	0.311	0.210	2.044	-17014.895
912	16	500	500	0.5104	0.308	0.297	0.319	0.320	0.317	0.334	0.300	0.299	0.279	0.416	0.293	0.298	0.308	0.266	0.343	0.298	0.353	0.282	0.301	0.266	0.313	0.334	0.246	0.274	0.369	0.312	0.279	0.323	0.283	0.294	2.132	0.484	0.281	0.193	1.000	-16992.505
913	16	500	500	0.5165	0.281	0.282	0.334	0.267	0.288	0.283	0.287	0.310	0.297	0.214	0.303	0.331	0.357	0.264	0.322	0.256	0.306	0.287	0.343	0.255	0.232	0.296	0.317	0.320	0.249	0.289	0.344	0.295	0.263	0.314	1.889	0.515	0.261	0.201	1.593	-16723.533
914	16	500	500	0.5167	0.318	0.380	0.283	0.301	0.304	0.340	0.300	0.280	0.276	0.285	0.272	0.291	0.258	0.382	0.270	0.373	0.279	0.280	0.262	0.342	0.285	0.350	0.280	0.346	0.313	0.338	0.287	0.348	0.347	0.276	2.092	0.505	0.239	0.201	1.437	-16850.236
915	16	500	498	0.5089	0.202	0.292	0.320	0.285	0.283	0.269	0.292	0.333	0.249	0.299	0.275	0.321	0.272	0.271	0.298	0.221	0.322	0.298	0.290	0.258	0.324	0.271	0.298	0.339	0.302	0.317	0.291	0.298	0.299	0.317	2.040	0.602	0.282	0.207	1.000	-16533.713
916	16	500	500	0.5295	0.306	0.257	0.302	0.268	0.280	0.317	0.330	0.262	0.315	0.250	0.315	0.274	0.304	0.294	0.289	0.299	0.297	0.323	0.271	0.278	0.257	0.299	0.261	0.317	0.356	0.324	0.256	0.294	0.326	0.301	1.920	0.454	0.254	0.197	2.045	-16782.093
917	16	500	500	0.5183	0.289	0.246	0.335	0.324	0.272	0.294	0.288	0.306	0.314	0.310	0.267	0.384	0.337	0.294	0.270	0.315	0.288	0.326	0.259	0.282	0.316	0.282	0.278	0.223	0.281	0.335	0.273	0.336	0.262	0.344	2.000	0.661	0.310	0.210	4.504	-16808.230
918	16	500	500	0.5182	0.296	0.321	0.302	0.268	0.330	0.317	0.323	0.333	0.265	0.239	0.291	0.313	0.291	0.338	0.307	0.280	0.316	0.319	0.322	0.279	0.290	0.258	0.297	0.352	0.294	0.321	0.351	0.342	0.327	0.307	1.922	0.585	0.357	0.195	5.001	-17129.762
919	16	500	500	0.5151	0.270	0.318	0.271	0.311	0.288	0.315	0.310	0.312	0.308	0.300	0.291	0.308	0.197	0.309	0.338	0.352	0.314	0.316	0.320	0.303	0.305	0.237	0.320	0.271	0.231	0.290	0.337	0.304	0.261	0.299	2.077	0.631	0.266	0.199	5.710	-16533.864
920	16	500	500	0.5224	0.255	0.320	0.350	0.194	0.356	0.207	0.270	0.301	0.322	0.301	0.345	0.251	0.320	0.244	0.308	0.301	0.320	0.269	0.275	0.285	0.300	0.286	0.300	0.279	0.217	0.302	0.306	0.299	0.317	0.225	1.969	0.368	0.157	0.223	1.111	-16586.189
921	16	500	499	0.5072	0.358	0.313	0.324	0.318	0.301	0.300	0.248	0.336	0.242	0.293	0.291	0.296	0.281	0.303	0.298	0.278	0.341	0.453	0.330	0.287	0.249	0.275	0.312	0.240	0.262	0.342	0.283	0.357	0.275	0.337	1.997	0.474	0.260	0.191	1.000	-16763.275
922	16	500	500	0.4982	0.354	0.333	0.282	0.315	0.267	0.347	0.387	0.300	0.243	0.312	0.358	0.288	0.285	0.295	0.296	0.317	0.399	0.263	0.308	0.288	0.341	0.318	0.281	0.301	0.290	0.266	0.320	0.251	0.261	0.259	1.965	0.613	0.294	0.201	3.638	-16805.168
923	16	500	498	0.5387	0.328	0.391	0.217	0.302	0.311	0.310	0.252	0.277	0.254	0.363	0.318	0.321	0.335	0.262	0.295	0.262	0.345	0.320	0.359	0.270	0.279	0.280	0.343	0.316	0.302	0.314	0.298	0.315	0.367	0.306	2.019	0.588	0.296	0.191	3.197	-16984.561
924	16	500	498	0.5160	0.236	0.300	0.384	0.336	0.317	0.302	0.345	0.295	0.406	0.288	0.326	0.345	0.282	0.330	0.320	0.318	0.329	0.289	0.270	0.327	0.369	0.300	0.304	0.258	0.339	0.281	0.274	0.298	0.299	0.271	2.052	0.582	0.348	0.198	6.054	-17114.167
925	16	500	500	0.5200	0.292	0.300	0.218	0.316	0.300	0.330	0.310	0.234	0.336	0.263	0.384	0.299	0.317	0.265	0.304	0.253	0.217	0.365	0.358	0.290	0.264	0.254	0.291	0.295	0.337	0.319	0.270	0.272	0.219	0.408	2.045	0.500	0.256	0.201	1.124	-16703.839
926	16	500	500	0.5137	0.317	0.347	0.300	0.324	0.295	0.289	0.310	0.302	0.336	0.290	0.315	0.270	0.327	0.291	0.297	0.294	0.369	0.285	0.280	0.341	0.305	0.373	0.218	0.211	0.367	0.305	0.350	0.333	0.363	0.311	1.974	0.660	0.332	0.186	30.602	-16880.130
927	16	500	500	0.5115	0.338	0.448	0.294	0.356	0.234	0.363	0.254	0.258	0.194	0.261	0.299	0.297	0.350	0.317	0.287	0.339	0.307	0.325	0.332	0.300	0.274	0.289	0.340	0.266	0.321	0.306	0.304	0.320	0.308	0.259	2.117	0.571	0.311	0.213	3.621	-16953.260
928	16	500	500	0.5183	0.327	0.397	0.302	0.298	0.287	0.337	0.296	0.293	0.256	0.277	0.276	0.335	0.347	0.296	0.296	0.329	0.290	0.297	0.341	0.286	0.274	0.368	0.305	0.334	0.289	0.274	0.293	0.379	0.289	0.306	2.013	0.583	0.302	0.193	3.888	-17037.218
929	16	500	499	0.5043	0.304	0.282	0.305	0.348	0.327	0.237	0.343	0.365	0.300	0.343	0.277	0.360	0.297	0.316	0.357	0.268	0.351	0.262	0.282	0.355	0.325	0.283	0.309	0.278	0.339	0.347	0.263	0.309	0.254	0.340	2.042	0.586	0.308	0.196	3.546	-17140.803
930	16	500	500	0.5115	0.324	0.291	0.371	0.303	0.382	0.286	0.279	0.276	0.304	0.265	0.269	0.279	0.294	0.312	0.313	0.288	0.272	0.330	0.289	0.270	0.251	0.256	0.271	0.318	0.308	0.301	0.334	0.217	0.335	0.263	1.874	0.671	0.302	0.183	5.616	-16527.605
931	16	500	499	0.5152	0.323	0.236	0.306	2.599	0.285	0.327	0.289	0.241	0.332	0.278	0.292	0.332	0.261	0.324	0.301	0.310	0.313	0.292	0.354	0.252	0.302	0.323	0.258	0.307	0.337	0.287	0.293	0.303	0.296	0.312	1.941	0.660	0.331	0.198	999.000	-16635.072
932	16	500	499	0.5088	0.424	0.269	0.275	0.297	0.342	0.307	0.295	0.376	0.358	0.334	0.311	0.249	0.348	0.412	0.312	0.322	0.224	0.261	0.329	0.327	0.306	0.343	0.287	0.273	0.326	0.346	0.322	0.308	0.347	0.311	1.949	0.531	0.359	0.180	2.469	-17351.091
933	16	500	499	0.5111	0.328	0.349	0.284	0.335	0.296	0.235	0.314	0.325	0.279	0.258	0.357	0.294	0.303	0.359	0.296	0.350	0.307	0.277	0.369	0.304	0.306	0.344	0.330	0.352	0.274	0.285	0.282	0.252	0.364	0.320	2.031	0.460	0.283	0.181	1.453	-17195.720
934	16	500	500	0.5200	0.363	0.279	0.246	0.353	0.292	0.339	0.332	0.257	0.316	0.365	0.336	0.265	0.315	0.287	0.324	0.335	0.349	0.299	0.233	0.316	0.258	0.310	0.284	0.304	0.317	0.359	0.253	0.311	0.282	0.344	1.953	0.647	0.308	0.204	4.090	-16921.731
935	16	500	500	0.5081	0.315	0.307	0.303	2.896	0.270	0.359	0.279	0.301	0.358	0.271	0.319	0.334	0.306	0.272	0.365	0.312	0.333	0.326	0.303	0.286	0.259	0.273	0.297	0.317	0.272	0.307	0.259	0.382	0.370	0.307	1.996	0.670	0.322	0.201	999.000	-16966.915
936	16	500	500	0.5030	0.288	0.249	0.346	0.209	0.396	0.257	0.334	0.323	0.352	0.323	0.277	0.291	0.243	0.286	0.292	0.277	0.349	0.212	0.307	0.287	0.342	0.321	0.309	0.335	0.287	0.273	0.301	0.292	0.220	0.321	1.948	0.451	0.241	0.205	951.044	-16691.421
937	16	500	500	0.5035	0.001	0.299	0.332	0.306	0.272	0.315	0.239	0.306	0.280	0.271	0.326	0.295	0.277	0.265	0.295	0.600	0.295	0.317	0.300	0.291	0.321	0.328	0.282	0.197	0.292	0.321	0.298	0.338	0.271	0.287	1.899	0.582	0.266	0.197	1.000	-16615.404
938	16	500	500	0.5255	0.325	0.341	0.295	0.319	0.343	0.359	0.288	0.329	0.243	0.311	0.343	0.279	0.361	0.349	0.358	0.314	0.311	0.313	0.281	0.315	0.325	0.273	0.308	0.311	0.443	0.444	0.280	0.350	0.262	0.302	2.045	0.574	0.333	0.206	3.093	-17492.578
939	16	500	500	0.5196	0.243	0.290	0.279	0.316	0.296	0.244	0.313	0.376	0.298	0.302	0.302	0.372	0.346	0.283	0.271	0.321	0.375	0.362	0.233	0.373	0.296	0.269	0.326	0.265	0.276	0.288	0.308	0.266	0.301	0.279	1.920	0.555	0.296	0.192	3.979	-16902.124
940	16	500	498	0.5130	0.282	0.173	0.312	0.262	0.368	0.327	0.342	0.286	0.357	0.348	0.316	0.310	0.293	0.329	0.239	0.280	0.366	0.267	0.314	0.309	0.292	0.325	0.326	0.289	0.336	0.321	0.304	0.313	0.303	0.318	2.044	0.602	0.340	0.197	7.160	-16978.950
941	16	500	500	0.4952	0.282	0.288	0.305	0.285	0.294	0.279	0.285	0.268	0.250	0.207	0.303	0.346	0.352	0.327	0.311	0.226	0.241	0.310	0.308	0.240	0.285	0.308	0.289	0.293	0.311	0.301	0.259	0.269	0.333	0.260	1.940	0.690	0.254	0.196	4.099	-16272.835
942	16	500	499	0.5256	0.266	0.320	0.343	0.333	0.283	0.241	0.312	0.291	0.357	0.270	0.289	0.362	0.307	0.299	0.382	0.223	0.380	0.271	0.334	0.312	0.276	0.267	0.294	0.246	0.258	0.311	0.314	0.363	0.280	0.245	1.976	0.618	0.303	0.198	2.190	-16872.767
943	16	500	500	0.5105	0.300	0.244	0.321	0.265	0.343	0.298	0.344	0.274	0.216	0.302	0.295	0.254	0.317	0.285	0.263	0.303	0.317	0.293	0.361	0.246	0.309	0.237	0.306	0.242	0.267	0.299	0.304	0.306	0.246	0.300	2.042	0.645	0.293	0.199	4.764	-16414.236
944	16	500	500	0.5229	0.320	0.296	0.321	0.287	0.299	0.297	0.360	0.316	0.364	0.255	0.301	0.362	0.344	0.314	0.290	0.315	0.327	0.282	0.301	0.343	0.250	0.354	0.283	0.286	0.360	0.310	0.290	0.244	0.305	0.328	1.993	0.530	0.289	0.207	1.000	-17299.761
945	16	500	499	0.4897	0.258	0.337	0.299	0.315	0.312	0.272	0.356	0.268	0.286	0.246	0.359	0.289	0.299	0.315	0.348	0.254	0.344	0.301	0.346	0.252	0.321	0.286	0.356	0.288	0.298	0.343	0.276	0.278	0.375	0.315	1.967	0.612	0.309	0.200	3.601	-16954.046
946	16	500	500	0.5057	0.279	0.377	0.247	0.289	0.313	0.228	0.301	0.301	0.216	0.325	0.285	0.316	0.312	0.366	0.307	0.229	0.335	0.329	0.256	0.317	0.302	0.372	0.253	0.309	0.279	0.257	0.308	0.262	0.297	0.265	1.920	0.435	0.184	0.207	1.000	-16703.750
947	16	500	500	0.5079	0.312	0.411	0.305	0.339	0.311	0.319	0.320	0.313	0.287	0.353	0.304	0.305	0.321	0.312	0.368	0.300	0.272	0.322	0.365	0.293	0.364	0.272	0.296	0.279	0.322	0.309	0.300	0.322	0.334	0.358	1.887	0.514	0.336	0.189	1.000	-17487.881
948	16	500	500	0.5095	0.343	0.325	0.295	0.358	0.275	0.340	0.244	0.339	0.240	0.352	0.244	0.340	0.282	0.294	0.264	0.316	0.310	0.296	0.296	0.360	0.240	0.300	0.336	0.295	0.336	0.309	0.317	0.288	0.250	0.374	1.988	0.624	0.342	0.200	3.693	-16949.269
949	16	500	499	0.5046	0.261	0.282	0.310	0.375	0.300	0.315	0.271	0.348	0.321	0.317	0.238	0.281	0.266	0.339	0.284	0.292	0.289	0.347	0.350	0.312	0.313	0.309	0.270	0.306	0.249	0.276	0.344	0.341	0.337	0.275	1.927	0.572	0.293	0.211	4.233	-17034.110
950	16	500	500	0.5232	0.272	0.289	0.293	0.289	0.361	0.270	0.250	0.324	0.289	0.278	0.276	0.311	0.297	0.236	0.336	0.307	0.310	0.335	0.306	0.265	0.308	0.295	0.311	0.339	0.301	0.274	0.273	0.250	0.356	0.275	2.065	0.556	0.252	0.205	1.466	-16721.645
951	16	500	500	0.5140	0.287	0.290	0.298	0.244	0.262	0.254	0.353	0.308	0.326	0.234	0.369	0.243	0.367	0.268	0.245	0.276	0.233	0.272	0.289	0.281	0.252	0.275	0.288	0.311	0.262	0.244	0.291	0.286	0.309	0.282	2.096	0.658	0.277	0.216	2.768	-16387.292
952	16	500	500	0.5201	0.295	0.360	0.310	0.316	0.287	0.299	0.323	0.288	0.157	0.264	0.268	0.322	0.394	0.262	0.315	0.241	0.340	0.276	0.306	0.262	0.316	0.263	0.253	0.322	0.227	0.330	0.282	0.318	0.305	0.262	1.956	0.569	0.252	0.197	1.150	-16628.816
953	16	500	500	0.5172	0.299	0.222	0.256	0.289	0.328	0.379	0.341	0.312	0.237	0.258	0.309	0.316	0.315	0.275	0.324	0.307	0.326	0.294	0.319	0.350	0.275	0.388	0.293	0.308	0.297	0.308	0.309	0.291	0.304	0.345	2.050	0.564	0.309	0.203	1.000	-17106.146
954	16	500	500	0.5205	0.273	0.285	0.284	0.300	0.253	0.239	0.266	0.326	0.312	0.311	0.250	0.283	0.293	0.288	0.261	0.283	0.368	0.265	0.326	0.299	0.327	0.288	0.280	0.280	0.275	0.280	0.271	0.251	0.318	0.343	1.933	0.673	0.281	0.216	3.644	-16514.048
955	16	500	500	0.5026	0.286	0.344	0.294	0.325	0.326	0.233	0.299	0.248	0.287	0.259	0.328	0.330	0.332	0.271	0.305	0.273	0.299	0.285	0.356	0.348	0.303	0.273	0.267	0.317	0.311	0.280	0.368	0.248	0.242	0.279	2.081	0.518	0.264	0.202	1.000	-16705.517
956	16	500	500	0.5050	0.255	0.260	0.271	0.267	0.277	0.296	0.275	0.285	0.298	0.293	0.326	0.281	0.316	0.268	0.280	0.285	0.290	0.330	0.284	0.200	0.223	0.324	0.286	0.240	0.246	0.300	0.300	0.306	0.303	0.252	2.075	0.515	0.234	0.225	1.000	-16338.523
957	16	500	498	0.5164	0.267	0.225	0.326	0.654	0.267	0.321	0.353	0.341	0.328	0.330	0.288	0.319	0.330	0.312	0.341	0.296	0.331	0.246	0.270	0.303	0.271	0.293	0.279	0.209	0.266	0.288	0.222	0.326	0.330	0.327	1.991	0.662	0.306	0.200	42.117	-16626.116
958	16	500	500	0.5090	0.309	0.321	0.260	0.302	0.306	0.278	0.331	0.287	0.294	0.277	0.253	0.288	0.254	0.297	0.291	0.310	0.357	0.241	0.311	0.311	0.264	0.334	0.338	0.274	0.379	0.257	0.255	0.303	0.284	0.298	1.899	0.589	0.340	0.199	5.309	-16699.626
959	16	500	500	0.5116	0.308	0.261	0.301	0.279	0.310	0.330	0.311	0.246	0.279	0.252	0.298	0.310	0.310	0.279	0.344	0.345	0.331	0.347	0.251	0.272	0.254	0.298	0.282	0.350	0.278	0.326	0.289	0.294	0.258	0.309	1.959	0.532	0.241	0.188	2.260	-16595.443
960	16	500	500	0.5103	0.313	0.225	0.253	0.323	0.279	0.284	0.323	0.337	0.342	0.314	0.307	0.320	0.310	0.354	0.354	0.292	0.324	0.343	0.376	0.225	0.263	0.378	0.291	0.314	0.221	0.325	0.286	0.342	0.315	0.289	2.087	0.600	0.335	0.202	9.911	-17060.053
961	16	500	500	0.5345	0.297	0.288	0.294	0.298	0.368	0.252	0.321	0.348	0.337	0.335	0.279	0.265	0.261	0.325	0.325	0.318	0.341	0.368	0.288	0.255	0.328	0.245	0.298	0.269	0.252	0.312	0.311	0.303	0.271	0.272	1.956	0.655	0.345	0.201	2.670	-16981.856
962	16	500	500	0.5003	0.274	0.335	0.305	0.291	0.340	0.311	0.303	0.284	0.364	0.252	0.313	0.300	0.286	0.275	0.274	0.236	0.253	0.323	0.278	0.315	0.270	0.309	0.300	0.325	0.254	0.279	0.340	0.313	0.292	0.246	2.037	0.526	0.220	0.195	1.260	-16459.866
963	16	500	500	0.5075	0.296	0.290	0.302	0.592	0.311	0.281	0.258	0.332	0.307	0.267	0.241	0.280	0.399	0.320	0.321	0.290	0.271	0.289	0.299	0.333	0.251	0.255	0.312	0.293	0.352	0.294	0.320	0.290	0.267	0.320	2.098	0.688	0.305	0.194	146.731	-16566.725
964	16	500	500	0.5308	0.365	0.234	0.283	0.287	0.301	0.346	0.296	0.314	0.313	0.261	0.294	0.286	0.283	0.319	0.266	0.277	0.309	0.291	0.272	0.309	0.301	0.266	0.309	0.328	0.327	0.344	0.294	0.252	0.353	0.268	1.970	0.528	0.256	0.196	2.586	-16779.919
965	16	500	500	0.5192	0.293	0.350	0.312	0.265	0.333	0.272	0.295	0.288	0.280	0.414	0.292	0.306	0.253	0.290	0.311	0.301	0.261	0.341	0.365	0.273	0.308	0.284	0.314	0.279	0.231	0.276	0.273	0.299	0.350	0.257	1.953	0.586	0.297	0.206	1.997	-16855.359
966	16	500	500	0.5135	0.310	0.258	0.291	0.362	0.269	0.274	0.256	0.286	0.341	0.283	0.289	0.288	0.259	0.292	0.347	0.328	0.296	0.339	0.267	0.324	0.236	0.312	0.276	0.327	0.350	0.327	0.263	0.277	0.325	0.289	1.963	0.622	0.297	0.207	4.260	-16794.606
967	16	500	500	0.5066	0.250	0.323	0.339	0.279	0.357	0.279	0.360	0.326	0.314	0.289	0.224	0.360	0.296	0.311	0.339	0.269	0.325	0.338	0.226	0.379	0.289	0.282	0.303	0.310	0.299	0.233	0.308	0.344	0.303	0.284	2.095	0.556	0.310	0.193	3.117	-16843.812
968	16	500	500	0.5303	0.240	0.312	0.285	0.295	0.323	0.247	0.297	0.300	0.259	0.328	0.348	0.296	0.318	0.320	0.314	0.253	0.281	0.332	0.334	0.320	0.308	0.279	0.253	0.373	0.253	0.295	0.324	0.330	0.345	0.321	1.981	0.525	0.228	0.192	1.000	-16781.768
969	16	500	500	0.4915	0.298	0.291	0.272	0.296	0.322	0.361	0.312	0.313	0.255	0.298	0.296	0.277	0.207	0.329	0.323	0.240	0.289	0.324	0.288	0.300	0.237	0.269	0.344	0.342	0.265	0.306	0.296	0.246	0.281	0.352	2.025	0.595	0.330	0.202	3.358	-16711.940
970	16	500	500	0.5099	0.254	0.382	0.217	0.373	0.260	0.291	0.284	0.316	0.300	0.335	0.333	0.234	0.297	0.287	0.273	0.260	0.274	0.273	0.318	0.263	0.295	0.288	0.307	0.319	0.258	0.289	0.304	0.303	0.330	0.264	1.914	0.585	0.302	0.199	2.860	-16714.990
971	16	500	500	0.5032	0.289	0.285	0.337	0.258	0.292	0.320	0.291	0.357	0.267	0.298	0.316	0.283	0.259	0.243	0.380	0.242	0.267	0.306	0.300	0.284	0.307	0.269	0.332	0.378	0.249	0.271	0.308	0.289	0.296	0.278	2.078	0.574	0.320	0.206	3.138	-16616.339
972	16	500	500	0.5061	0.297	0.328	0.290	0.321	0.276	0.313	0.293	0.325	0.226	0.299	0.341	0.307	0.323	0.318	0.270	0.287	0.240	0.299	0.276	0.299	0.285	0.323	0.278	0.348	0.283	0.241	0.266	0.280	0.300	0.298	2.099	0.605	0.318	0.197	1.572	-16617.549
973	16	500	499	0.5155	0.346	0.383	0.277	0.263	0.272	0.277	0.295	0.374	0.301	0.260	0.277	0.336	0.321	0.276	0.269	0.275	0.254	0.264	0.282	0.348	0.298	0.322	0.257	0.300	0.292	0.304	0.264	0.348	0.321	0.307	1.894	0.639	0.312	0.196	4.617	-16778.731
974	16	500	499	0.5120	0.282	0.254	0.349	0.353	0.300	0.309	0.289	0.311	0.422	0.340	0.311	0.305	0.246	0.320	0.308	0.268	0.312	0.302	0.311	0.281	0.334	0.289	0.322	0.288	0.300	0.304	0.291	0.295	0.268	0.262	1.998	0.660	0.295	0.179	4.987	-16706.385
975	16	500	500	0.5256	0.278	0.322	0.299	0.252	0.341	0.266	0.311	0.248	0.342	0.290	0.352	0.300	0.309	0.224	0.250	0.250	0.356	0.268	0.278	0.283	0.297	0.290	0.254	0.220	0.317	0.272	0.343	0.315	0.298	0.315	2.065	0.473	0.221	0.202	1.000	-16552.455
976	16	500	500	0.5268	0.279	0.376	0.263	0.366	0.291	0.361	0.290	0.257	0.290	0.317	0.261	0.311	0.327	0.326	0.331	0.310	0.310	0.218	0.300	0.266	0.319	0.278	0.298	0.246	0.337	0.292	0.263	0.389	0.287	0.299	2.039	0.635	0.298	0.229	2.964	-17021.670
977	16	500	500	0.5296	0.282	0.340	0.297	0.264	0.305	0.240	0.287	0.303	0.306	0.330	0.264	0.282	0.337	0.259	0.295	0.291	0.319	0.263	0.322	0.263	0.303	0.313	0.304	0.239	0.275	0.298	0.255	0.358	0.280	0.330	1.945	0.624	0.324	0.191	4.450	-16607.841
978	16	500	499	0.5223	0.325	0.371	0.304	0.371	0.286	0.271	0.246	0.352	0.265	0.240	0.312	0.283	0.264	0.284	0.302	0.344	0.326	0.308	0.290	0.341	0.358	0.290	0.356	0.309	0.328	0.347	0.249	0.270	0.354	0.350	1.992	0.582	0.297	0.198	3.817	-17079.722
979	16	500	500	0.5138	0.383	0.255	0.303	0.268	0.327	0.348	0.315	0.288	0.309	0.345	0.336	0.255	0.257	0.363	0.300	0.294	0.191	0.332	0.287	0.316	0.355	0.295	0.315	0.338	0.208	0.246	0.356	0.325	0.314	0.330	1.954	0.618	0.242	0.202	3.805	-16845.998
980	16	500	500	0.5090	0.323	0.291	0.372	0.392	0.312	0.358	0.348	0.307	0.306	0.367	0.347	0.333	0.269	0.338	0.264	0.348	0.333	0.291	0.305	0.284	0.341	0.305	0.299	0.255	0.265	0.254	0.367	0.339	0.307	0.260	2.011	0.632	0.304	0.198	4.187	-17108.200
981	16	500	500	0.5303	0.285	0.301	0.322	0.280	0.283	0.312	0.338	0.250	0.360	0.289	0.257	0.302	0.349	0.317	0.268	0.310	0.219	0.370	0.290	0.286	0.288	0.293	0.301	0.260	0.340	0.351	0.271	0.270	0.306	0.344	1.996	0.603	0.317	0.208	3.444	-16889.169
982	16	500	500	0.4922	0.271	0.318	0.279	0.251	0.328	0.309	0.315	0.322	0.354	0.292	0.247	0.244	0.296	0.262	0.329	0.299	0.291	0.236	0.267	0.286	0.294	0.257	0.297	0.314	0.312	0.295	0.361	0.254	0.324	0.258	1.962	0.608	0.299	0.201	4.321	-16521.878
983	16	500	500	0.5108	0.307	0.260	0.346	0.312	0.254	0.342	0.336	0.282	0.376	0.244	0.320	0.335	0.321	0.356	0.291	0.277	0.251	0.338	0.341	0.208	0.325	0.285	0.266	0.236	0.278	0.358	0.300	0.245	0.336	0.312	1.967	0.595	0.289	0.202	2.305	-16872.000
984	16	500	500	0.5058	0.296	0.194	0.306	0.363	0.295	0.351	0.314	0.316	0.333	0.246	0.311	0.291	0.385	0.261	0.312	0.347	0.248	0.280	0.285	0.277	0.240	0.315	0.357	0.313	0.288	0.353	0.250	0.304	0.268	0.293	2.166	0.582	0.346	0.191	6.758	-16766.475
985	16	500	500	0.5164	0.376	0.329	0.293	0.294	0.255	0.299	0.280	0.258	0.300	0.343	0.300	0.294	0.359	0.288	0.301	0.343	0.260	0.270	0.301	0.301	0.317	0.244	0.277	0.232	0.283	0.313	0.233	0.310	0.298	0.302	2.012	0.658	0.293	0.203	3.385	-16564.698
986	16	500	500	0.5212	0.351	0.301	0.297	0.253	0.344	0.291	0.300	0.330	0.287	0.335	0.355	0.289	0.269	0.333	0.329	0.384	0.308	0.389	0.299	0.298	0.267	0.319	0.313	0.257	0.364	0.266	0.311	0.320	0.333	0.269	1.916	0.581	0.273	0.204	3.047	-17201.461
987	16	500	500	0.5215	0.303	0.344	0.255	0.322	0.319	0.340	0.316	0.304	0.249	0.346	0.294	0.320	0.294	0.311	0.361	0.292	0.301	0.227	0.288	0.339	0.309	0.319	0.365	0.295	0.279	0.303	0.321	0.329	0.305	0.369	1.915	0.569	0.319	0.193	4.127	-17218.754
988	16	500	500	0.5182	0.324	0.306	0.326	0.270	0.321	0.377	0.283	0.307	0.248	0.328	0.290	0.313	0.264	0.364	0.265	0.282	0.315	0.366	0.355	0.342	0.295	0.272	0.359	0.339	0.370	0.323	0.322	0.343	0.251	0.312	2.001	0.574	0.307	0.198	1.992	-17269.558
989	16	500	499	0.5085	0.281	0.336	0.251	0.237	0.357	0.338	0.304	0.268	0.336	0.291	0.307	0.250	0.260	0.286	0.339	0.257	0.335	0.265	0.307	0.295	0.264	0.282	0.300	0.285	0.285	0.248	0.287	0.273	0.324	0.300	2.102	0.621	0.310	0.209	4.593	-16567.490
990	16	500	499	0.5288	0.337	0.375	0.263	0.303	0.307	0.266	0.317	0.236	0.253	0.234	0.273	0.281	0.302	0.266	0.304	0.294	0.314	0.234	0.310	0.290	0.325	0.309	0.260	0.295	0.278	0.246	0.270	0.332	0.244	0.290	2.056	0.545	0.246	0.214	1.043	-16344.821
991	16	500	500	0.5241	0.291	0.295	0.301	0.301	0.227	0.300	0.275	0.289	0.307	0.227	0.292	0.331	0.328	0.319	0.281	0.293	0.314	0.303	0.273	0.338	0.335	0.346	0.241	0.270	0.338	0.337	0.317	0.237	0.379	0.284	1.962	0.633	0.296	0.198	3.391	-16834.958
992	16	500	498	0.5178	0.318	0.369	0.343	0.300	0.240	0.232	0.321	0.261	0.282	0.312	0.262	0.322	0.316	0.282	0.314	0.319	0.288	0.313	0.245	0.327	0.349	0.351	0.293	0.307	0.293	0.388	0.243	0.343	0.296	0.285	1.969	0.625	0.340	0.207	5.012	-17038.884
993	16	500	500	0.5249	0.341	0.249	0.345	0.380	0.289	0.321	0.424	0.298	0.260	0.341	0.287	0.345	0.327	0.320	0.285	0.387	0.280	0.233	0.330	0.337	0.326	0.303	0.316	0.271	0.254	0.362	0.267	0.342	0.303	0.393	2.064	0.633	0.347	0.176	3.696	-17070.240
994	16	500	500	0.5163	0.265	0.337	0.274	0.339	0.305	0.234	0.285	0.360	0.346	0.296	0.262	0.367	0.249	0.316	0.333	0.274	0.242	0.307	0.362	0.248	0.336	0.339	0.312	0.224	0.321	0.341	0.291	0.294	0.284	0.306	1.960	0.627	0.317	0.202	5.097	-17003.245
995	16	500	499	0.5212	0.339	0.274	0.262	0.255	0.311	0.330	0.292	0.275	0.327	0.271	0.304	0.271	0.324	0.294	0.267	0.299	0.275	0.285	0.264	0.346	0.259	0.307	0.294	0.360	0.321	0.313	0.290	0.359	0.246	0.321	2.085	0.532	0.279	0.205	1.000	-16723.073
996	16	500	500	0.5170	0.264	0.308	0.279	0.292	0.317	0.313	0.358	0.261	0.234	0.319	0.307	0.325	0.233	0.283	0.285	0.337	0.310	0.287	0.243	0.292	0.284	0.312	0.287	0.258	0.285	0.358	0.264	0.263	0.293	0.324	2.018	0.638	0.275	0.216	3.268	-16706.087
997	16	500	500	0.5252	0.307	0.295	0.294	0.287	0.341	0.303	0.323	0.372	0.216	0.315	0.322	0.271	0.210	0.336	0.325	0.285	0.327	0.230	0.222	0.308	0.301	0.295	0.292	0.281	0.296	0.319	0.255	0.350	0.246	0.279	1.915	0.445	0.202	0.187	1.000	-16590.430
998	16	500	500	0.5183	0.278	0.345	0.307	0.269	0.285	0.275	0.304	0.284	0.377	0.329	0.314	0.321	0.283	0.356	0.283	0.326	0.325	0.325	0.248	0.358	0.270	0.306	0.315	0.329	0.246	0.298	0.296	0.276	0.277	0.341	1.932	0.490	0.240	0.199	1.000	-16997.761
999	16	500	500	0.5179	0.280	0.351	0.277	0.286	0.343	0.260	0.297	0.308	0.231	0.214	0.277	0.234	0.310	0.241	0.351	0.323	0.266	0.303	0.328	0.277	0.341	0.274	0.329	0.384	0.277	0.316	0.261	0.267	0.274	0.311	2.185	0.642	0.308	0.197	7.671	-16532.893
1000	16	500	500	0.5123	0.311	0.294	0.402	0.299	0.358	0.349	0.293	0.337	0.345	0.259	0.265	0.320	0.345	0.267	0.347	0.305	0.326	0.292	0.355	0.314	0.308	0.300	0.308	0.302	0.337	0.293	0.303	0.328	0.336	0.318	2.065	0.594	0.360	0.209	6.473	-17313.988
