"","x"
"1",-335893.656
"2",-336767.537
"3",-337852.814
"4",-334820.975
"5",-336575.384
"6",-336591.013
"7",-335644.537
"8",-337434.273
"9",-336103.453
"10",-338249.776
"11",-338594.727
"12",-336318.875
"13",-336228.274
"14",-338823.632
"15",-336055.844
"16",-336235.888
"17",-336812.601
"18",-337312.826
"19",-336098.862
"20",-338857.062
"21",-336641.778
"22",-337356.787
"23",-335833.796
"24",-337218.043
"25",-336726.633
"26",-336145.868
"27",-337253.944
"28",-336746.393
"29",-336693.571
"30",-336637.871
"31",-336161.865
"32",-336293.494
"33",-336839.354
"34",-336253.168
"35",-335959.485
"36",-337260.174
"37",-339308.54
"38",-335887.113
"39",-338210.067
"40",-337578.229
"41",-336684.821
"42",-338200.534
"43",-336387.918
"44",-338648.579
"45",-336010.85
"46",-335713.016
"47",-335665.469
"48",-335942.323
"49",-336030.016
"50",-338931.544
"51",-335093.241
"52",-336925.931
"53",-336122.625
"54",-334783.648
"55",-337736.346
"56",-337689.722
"57",-337162.187
"58",-337605.722
"59",-336157.142
"60",-336694.23
"61",-335111.427
"62",-336030.915
"63",-336654.231
"64",-336770.599
"65",-335636.007
"66",-336414.924
"67",-337659.048
"68",-335126.611
"69",-336606.806
"70",-337046.361
"71",-335471.083
"72",-336344.799
"73",-336451.234
"74",-333454.34
"75",-335501.735
"76",-336851.723
"77",-337112.939
"78",-338065.031
"79",-334127.429
"80",-337914.459
"81",-336437.289
"82",-335928.392
"83",-336723.264
"84",-337278.677
"85",-336920.156
"86",-335326.549
"87",-336867.816
"88",-336899.801
"89",-336764.58
"90",-336361.601
"91",-336664.143
"92",-335092.597
"93",-337849.224
"94",-338018.474
"95",-338033.098
"96",-335786.088
"97",-335506.593
"98",-338149.759
"99",-335666.292
"100",-337858.251
"101",-337991.02
"102",-337341.773
"103",-336606.901
"104",-336436.567
"105",-337420.702
"106",-338619.327
"107",-336953.601
"108",-335270.101
"109",-336212.371
"110",-335586.484
"111",-336044.176
"112",-338249.783
"113",-334876.183
"114",-337508.507
"115",-337631.595
"116",-338100.95
"117",-338176.117
"118",-337726.726
"119",-335567.48
"120",-339589.612
"121",-337026.646
"122",-338362.404
"123",-335679.705
"124",-335220.22
"125",-337204.525
"126",-336552.414
"127",-334518.945
"128",-336755.144
"129",-338159.852
"130",-334247.506
"131",-335663.705
"132",-336012.362
"133",-336134.687
"134",-337218.29
"135",-337176.002
"136",-335580.048
"137",-335308.109
"138",-336560.192
"139",-333781.793
"140",-337222.992
"141",-337707.563
"142",-336178.867
"143",-335574.028
"144",-337304.136
"145",-337801.202
"146",-334976.495
"147",-336277.154
"148",-336255.763
"149",-336034.075
"150",-338724.323
"151",-337456.396
"152",-335813.943
"153",-336210.476
"154",-336206.996
"155",-337205.123
"156",-337070.158
"157",-336510.235
"158",-336804.734
"159",-337279.997
"160",-336916.101
"161",-338315.335
"162",-333656.312
"163",-338680.483
"164",-336898.251
"165",-338969.047
"166",-335667.291
"167",-336830.397
"168",-336029.514
"169",-336521.455
"170",-336624.91
"171",-335306.732
"172",-335543.148
"173",-337513.158
"174",-335958.666
"175",-337084.151
"176",-334911.813
"177",-336006.968
"178",-338201.904
"179",-336956.122
"180",-334519.721
"181",-335718.065
"182",-336194.784
"183",-334415.082
"184",-335375.931
"185",-336705.084
"186",-338355.462
"187",-337828.155
"188",-335689.489
"189",-333942.966
"190",-337021.102
"191",-334690.608
"192",-337348.587
"193",-338853.987
"194",-336935.583
"195",-336499.718
"196",-338748.2
"197",-335996.66
"198",-336192.649
"199",-337981.055
"200",-339417.973
"201",-338213.971
"202",-337986.098
"203",-336627.206
"204",-335918.476
"205",-336324.566
"206",-337072.432
"207",-338491.428
"208",-334744.623
"209",-337421.358
"210",-337068.007
"211",-334557.494
"212",-336639.671
"213",-337984.155
"214",-336544.167
"215",-335475.539
"216",-335882.839
"217",-336693.952
"218",-336435.356
"219",-336290.737
"220",-335740.561
"221",-337155.954
"222",-338670.1
"223",-337266.468
"224",-336357.537
"225",-335918.137
"226",-337714.37
"227",-337012.069
"228",-335869.597
"229",-335068.889
"230",-336085.405
"231",-337360.728
"232",-336961.249
"233",-336709.087
"234",-334872.445
"235",-336509.396
"236",-335164.422
"237",-336186.318
"238",-337587.341
"239",-337714.32
"240",-337327.81
"241",-336025.349
"242",-337785.552
"243",-335355.009
"244",-337979.495
"245",-337441.78
"246",-337250.028
"247",-337934.017
"248",-338384.876
"249",-335578.956
"250",-336156.134
"251",-336463.887
"252",-335207.604
"253",-334268.207
"254",-338038.973
"255",-337611.156
"256",-336796.183
"257",-336809.085
"258",-336456.722
"259",-337872.565
"260",-338729.503
"261",-334878.828
"262",-336887.037
"263",-337597.86
"264",-334678.064
"265",-336016.78
"266",-338180.22
"267",-337580.406
"268",-335420.008
"269",-337134.529
"270",-337150.935
"271",-334947.725
"272",-337357.376
"273",-338689.353
"274",-336824.183
"275",-335060.875
"276",-335228.623
"277",-336520.014
"278",-336644.047
"279",-336006.136
"280",-337161.7
"281",-335295.373
"282",-338350.72
"283",-336870.368
"284",-336641.928
"285",-337687.935
"286",-335612.472
"287",-336146.26
"288",-338027.282
"289",-337767.131
"290",-334749.457
"291",-334831.144
"292",-336940.213
"293",-337036.719
"294",-337489.497
"295",-338204.991
"296",-335779.462
"297",-335186.942
"298",-335895.836
"299",-335115.466
"300",-334978.021
"301",-334250.17
"302",-336059.599
"303",-336377.036
"304",-336229.842
"305",-336068.646
"306",-334846.406
"307",-335086.467
"308",-336598.212
"309",-336161.031
"310",-335134.738
"311",-335823.493
"312",-336744.816
"313",-337082.035
"314",-335431.223
"315",-335589.594
"316",-334722.616
"317",-335542.127
"318",-339027.159
"319",-337673.272
"320",-338846.935
"321",-336128.553
"322",-337226.913
"323",-336468.568
"324",-335540.696
"325",-337524.556
"326",-337459.885
"327",-335765.52
"328",-335576.84
"329",-336998.53
"330",-337076.901
"331",-337596.816
"332",-335944.609
"333",-335065.096
"334",-337038.374
"335",-336186.028
"336",-336809.563
"337",-337317.202
"338",-336133.224
"339",-336883.309
"340",-336181.426
"341",-338792.192
"342",-336532.157
"343",-335799.977
"344",-336507.511
"345",-337648.91
"346",-336785.725
"347",-336419.121
"348",-337092.991
"349",-335383.949
"350",-338172.146
"351",-336061.205
"352",-334531.875
"353",-335207.689
"354",-336457.169
"355",-338291.963
"356",-337862.503
"357",-336178.14
"358",-335260.787
"359",-336172.364
"360",-337049.619
"361",-336989.775
"362",-334868.786
"363",-337380.775
"364",-336149.249
"365",-338284.859
"366",-335787.103
"367",-337156.857
"368",-336238.5
"369",-337269.915
"370",-338911.259
"371",-339658.621
"372",-337499.324
"373",-337048.321
"374",-335082.242
"375",-335923.817
"376",-339038.266
"377",-335870.474
"378",-337093.36
"379",-337857.969
"380",-334924.279
"381",-336933.109
"382",-337633.791
"383",-337042.552
"384",-336793.622
"385",-336406.287
"386",-337771.504
"387",-337720.845
"388",-336117.004
"389",-335568.724
"390",-338245.531
"391",-337446.157
"392",-337402.77
"393",-335707.012
"394",-337467.315
"395",-336139.412
"396",-334801.709
"397",-334151.837
"398",-336036.549
"399",-333957.646
"400",-338014.386
"401",-336201.842
"402",-337276.537
"403",-335905.951
"404",-338462.475
"405",-335142.94
"406",-335116.054
"407",-334864.976
"408",-336167.445
"409",-336851.104
"410",-336036.073
"411",-336100.815
"412",-336473.708
"413",-337586.237
"414",-337266.912
"415",-334023.727
"416",-334920.475
"417",-336622.044
"418",-337343.533
"419",-338848.071
"420",-333933.014
"421",-335596.548
"422",-335245.498
"423",-335908.449
"424",-336607.997
"425",-335979.217
"426",-337618.856
"427",-335881.942
"428",-334016.176
"429",-337339.339
"430",-336637.294
"431",-336369.13
"432",-335673.499
"433",-336460.789
"434",-337815.17
"435",-336453.205
"436",-335362.451
"437",-337472.564
"438",-337444.176
"439",-336344.875
"440",-337053.068
"441",-336992.304
"442",-335137.984
"443",-337050.199
"444",-337640.442
"445",-338917.301
"446",-337262.125
"447",-336133.323
"448",-335663.88
"449",-337655.21
"450",-339607.695
"451",-337094.181
"452",-336283.842
"453",-336837.576
"454",-334825.924
"455",-337299.257
"456",-337455.384
"457",-336334.941
"458",-335803.383
"459",-334863.068
"460",-335962.557
"461",-336478.023
"462",-333600.371
"463",-336791.491
"464",-337995.566
"465",-336574.49
"466",-336572.853
"467",-335779.396
"468",-335023.644
"469",-338170.409
"470",-336948.054
"471",-336552.683
"472",-336893.938
"473",-336095.607
"474",-335429.381
"475",-336441.994
"476",-337030.896
"477",-337523.82
"478",-337910.383
"479",-336123.377
"480",-337117.194
"481",-337169.402
"482",-333718.722
"483",-335205.788
"484",-336896.51
"485",-337031.897
"486",-337354.801
"487",-333510.554
"488",-337617.964
"489",-336668.282
"490",-335347.246
"491",-334585.132
"492",-337156.142
"493",-337227.617
"494",-336200.129
"495",-338052.72
"496",-335739.424
"497",-338087.139
"498",-337043.664
"499",-337949.867
"500",-334973.179
"501",-337318.911
"502",-336026.496
"503",-336745.136
"504",-336241.896
"505",-334897.032
"506",-334713.786
"507",-335135.833
"508",-336126.854
"509",-337449.686
"510",-336913.149
"511",-336202.021
"512",-336350.214
"513",-335956.523
"514",-336345.54
"515",-336084.233
"516",-337433.707
"517",-337113.462
"518",-337399.933
"519",-336284.545
"520",-336036.047
"521",-337031.079
"522",-337221.21
"523",-334964.792
"524",-336765.65
"525",-337504.696
"526",-337064.031
"527",-335446.556
"528",-338039.857
"529",-336647.284
"530",-336413.838
"531",-336315.981
"532",-336528.047
"533",-336378.914
"534",-331979.553
"535",-337750.134
"536",-336188.641
"537",-335219.455
"538",-336747.412
"539",-337485.947
"540",-338942.5
"541",-336912.566
"542",-336229.122
"543",-334490.746
"544",-337997.762
"545",-336388.584
"546",-337141.461
"547",-336364.36
"548",-335027.127
"549",-337033.168
"550",-336122.451
"551",-334124.891
"552",-337868.056
"553",-338145.879
"554",-337018.081
"555",-336344.012
"556",-335108.956
"557",-334765.84
"558",-335483.645
"559",-335674.957
"560",-336662.902
"561",-336630.292
"562",-337545.25
"563",-335746.386
"564",-339056.66
"565",-338009.995
"566",-336649.228
"567",-336663.942
"568",-336406.396
"569",-334347.976
"570",-336060.277
"571",-336906.055
"572",-334356.422
"573",-336109.817
"574",-339126.986
"575",-336187.096
"576",-335677.773
"577",-337836.157
"578",-336441.242
"579",-337283.823
"580",-336469.513
"581",-336259.388
"582",-335494.225
"583",-336520.757
"584",-336386.668
"585",-336792.938
"586",-335421.542
"587",-336236.116
"588",-336411.867
"589",-337949.958
"590",-337668.367
"591",-337745.544
"592",-337674.076
"593",-336047.42
"594",-334311.635
"595",-337170.568
"596",-335001.636
"597",-335693.246
"598",-336397.58
"599",-336316.326
"600",-336151.549
"601",-337551.845
"602",-335747.763
"603",-335406.788
"604",-335933.641
"605",-335858.756
"606",-336071.123
"607",-337551.569
"608",-335537.363
"609",-334473.45
"610",-334869.066
"611",-337028.009
"612",-335066.238
"613",-336655.297
"614",-337433.179
"615",-334237.421
"616",-339020.165
"617",-337576.46
"618",-335640.456
"619",-338698.884
"620",-336761.322
"621",-336963.656
"622",-335911.646
"623",-337714.489
"624",-336440.677
"625",-336330.394
"626",-336774.176
"627",-336179.932
"628",-336901.528
"629",-335427.63
"630",-337477.917
"631",-338906.093
"632",-336347.273
"633",-337175.918
"634",-334919.003
"635",-336386.654
"636",-336838.877
"637",-334394.92
"638",-336994.002
"639",-337945.773
"640",-336822.127
"641",-336181.197
"642",-334481.634
"643",-337928.462
"644",-338286.352
"645",-336179.831
"646",-336631.378
"647",-334384.134
"648",-335775.55
"649",-338338.095
"650",-334728.54
"651",-338147.108
"652",-334864.008
"653",-335694.322
"654",-333934.64
"655",-336148.255
"656",-335634.376
"657",-338056.298
"658",-336726.754
"659",-337496.314
"660",-338796.227
"661",-335768.924
"662",-335835.183
"663",-339469.113
"664",-337598.813
"665",-338704.197
"666",-338017.406
"667",-338059.248
"668",-336400.714
"669",-336523.351
"670",-335745.172
"671",-335944.737
"672",-338091.188
"673",-339301.642
"674",-336283.647
"675",-337230.444
"676",-337472.401
"677",-335801.548
"678",-334913.347
"679",-337474.887
"680",-335876.412
"681",-336492.282
"682",-335890.418
"683",-336993.178
"684",-336893.222
"685",-337389.428
"686",-335688.83
"687",-335455.424
"688",-334554.133
"689",-335582.728
"690",-336716.604
"691",-335324.955
"692",-337728.695
"693",-337080.584
"694",-335867.308
"695",-338173.829
"696",-335816.179
"697",-337677.345
"698",-334781.032
"699",-337331.272
"700",-339207.137
"701",-335079.437
"702",-336800.716
"703",-335132.87
"704",-336336.381
"705",-337890.422
"706",-338762.776
"707",-337247.409
"708",-336029.469
"709",-335847.557
"710",-336709.442
"711",-335900.614
"712",-335911.531
"713",-336967.706
"714",-334752.222
"715",-333111.152
"716",-338570.841
"717",-338937.96
"718",-336278.774
"719",-336415.163
"720",-338320.354
"721",-336207.056
"722",-337066.084
"723",-336377.19
"724",-337513.524
"725",-335028.039
"726",-333049.96
"727",-338001.721
"728",-335908.814
"729",-336282.925
"730",-335661.496
"731",-337558.192
"732",-335291.673
"733",-339327.384
"734",-336579.067
"735",-335169.177
"736",-339173.987
"737",-337309.537
"738",-336603.306
"739",-335794.454
"740",-334357.374
"741",-338848.863
"742",-338190.853
"743",-338061.508
"744",-335996.879
"745",-337760.674
"746",-335180.579
"747",-335827.242
"748",-336543.117
"749",-336824.859
"750",-336019.438
"751",-336419.986
"752",-337620.595
"753",-338374.368
"754",-337864.321
"755",-336304.958
"756",-338396.872
"757",-335481.36
"758",-338851.275
"759",-337020.504
"760",-335215.745
"761",-336736.645
"762",-338142.484
"763",-335774.23
"764",-338168.492
"765",-335803.757
"766",-338893.564
"767",-336465.29
"768",-337089.172
"769",-336390.766
"770",-336613.552
"771",-337319.52
"772",-337797.274
"773",-333822.621
"774",-335672.595
"775",-337609.354
"776",-335877.827
"777",-335517.595
"778",-338131.447
"779",-337077.629
"780",-335953.797
"781",-336538.127
"782",-336981.631
"783",-335760.708
"784",-338050.461
"785",-336624.293
"786",-335843.699
"787",-335192.815
"788",-337157.495
"789",-335847.94
"790",-335743.348
"791",-334708.767
"792",-337098.174
"793",-337323.939
"794",-337922.665
"795",-335821.38
"796",-334389.488
"797",-334491.347
"798",-337588.819
"799",-335608.67
"800",-335137.364
"801",-336531.934
"802",-336955.13
"803",-335384.83
"804",-337435.355
"805",-337053.306
"806",-336610.333
"807",-334438.655
"808",-335294.137
"809",-336160.029
"810",-336563.064
"811",-334141.161
"812",-336974.14
"813",-337803.029
"814",-337239.956
"815",-335867.85
"816",-334757.916
"817",-337358.015
"818",-337588.136
"819",-337003.445
"820",-337477.939
"821",-337149.191
"822",-336292.943
"823",-338346.487
"824",-337590.647
"825",-337177.91
"826",-337093.796
"827",-338640.052
"828",-337592.976
"829",-339441.308
"830",-335489.826
"831",-335336.052
"832",-336088.092
"833",-337127.022
"834",-336104.033
"835",-336519.366
"836",-337689.562
"837",-336136.579
"838",-336339.452
"839",-337165.642
"840",-336382.459
"841",-337291.898
"842",-335923.273
"843",-337588.836
"844",-334965.392
"845",-337905.026
"846",-334231.723
"847",-336245.858
"848",-334906.114
"849",-336903.11
"850",-335202.767
"851",-335159.116
"852",-335946.529
"853",-335589.919
"854",-337184.492
"855",-336334.181
"856",-336583.595
"857",-337395.621
"858",-338153.436
"859",-337714.072
"860",-336312.993
"861",-337897.073
"862",-337568.485
"863",-336920.021
"864",-338085.144
"865",-337280.903
"866",-339715.642
"867",-337357.824
"868",-335906.272
"869",-335986.99
"870",-337642.674
"871",-336189.331
"872",-335680.676
"873",-336641.443
"874",-335828.339
"875",-336786.748
"876",-335517.755
"877",-335748.386
"878",-335602.335
"879",-336083.791
"880",-337395.438
"881",-334553.453
"882",-335548.928
"883",-335887.135
"884",-336109.706
"885",-334685.371
"886",-336268.768
"887",-337294.301
"888",-336765.345
"889",-337053.853
"890",-339200.102
"891",-335881.554
"892",-336077.995
"893",-335463.839
"894",-334584.907
"895",-336148.266
"896",-333118.675
"897",-337469.939
"898",-336190.092
"899",-335707.732
"900",-336556.865
"901",-336624.136
"902",-334475.631
"903",-338652.598
"904",-336396.108
"905",-338376.396
"906",-334094.735
"907",-337833.881
"908",-335619.88
"909",-335971.681
"910",-336323.031
"911",-335827.013
"912",-336425.934
"913",-337079.085
"914",-337111.702
"915",-337999.067
"916",-337253.377
"917",-338199.656
"918",-336623.307
"919",-337699.174
"920",-334700.187
"921",-335829.028
"922",-338027.893
"923",-337376.119
"924",-336799.803
"925",-337212.47
"926",-338141.464
"927",-338217.447
"928",-335703.642
"929",-335255.929
"930",-337674.637
"931",-335615.745
"932",-337244.673
"933",-337083.857
"934",-337148.838
"935",-335444.179
"936",-337834.677
"937",-339311.265
"938",-336767.132
"939",-336780.332
"940",-336431.954
"941",-335106.268
"942",-335449.843
"943",-335934.085
"944",-336225.317
"945",-335477.954
"946",-336389.506
"947",-338183.186
"948",-336150.493
"949",-336135.286
"950",-336437.616
"951",-336739.352
"952",-335520.747
"953",-336731.845
"954",-336296.521
"955",-334502.139
"956",-334481.863
"957",-337721.647
"958",-336633.912
"959",-337156.591
"960",-337115.084
"961",-338443.213
"962",-336682.927
"963",-338249.564
"964",-338038.863
"965",-336582.135
"966",-337195.215
"967",-337408.471
"968",-337756.2
"969",-337143.641
"970",-335417.993
"971",-335542.555
"972",-337272.5
"973",-338832.615
"974",-335504.699
"975",-335882.734
"976",-335113.971
"977",-337143.761
"978",-335156.251
"979",-336993.124
"980",-336412.661
"981",-337056.375
"982",-336585.557
"983",-338514.852
"984",-336682.194
"985",-335327.926
"986",-337037.46
"987",-336574.639
"988",-336176.658
"989",-337417.168
"990",-337855.002
"991",-336279.638
"992",-336065.466
"993",-333165.936
"994",-336564.831
"995",-336458.649
"996",-336253.619
"997",-337063.728
"998",-339158.914
"999",-335808.16
"1000",-336542.091
"1001",-336695.384
"1002",-336403.844
"1003",-335875.192
"1004",-337955.948
"1005",-339765.471
"1006",-335599.256
"1007",-337375.095
"1008",-335421.941
"1009",-335778.28
"1010",-339629.412
"1011",-336823.816
"1012",-337565.68
"1013",-336576.076
"1014",-337114.268
"1015",-337345.835
"1016",-334842.047
"1017",-336600.178
"1018",-335651.102
"1019",-338235.233
"1020",-336500.108
"1021",-336852.791
"1022",-335164.902
"1023",-335104.889
"1024",-335362.48
"1025",-337112.658
"1026",-337709.87
"1027",-338188.626
"1028",-336821.046
"1029",-335416.971
"1030",-337557.308
"1031",-336577.03
"1032",-337083.214
"1033",-336367.943
"1034",-335895.824
"1035",-335543.47
"1036",-336770.588
"1037",-334936.494
"1038",-334716.866
"1039",-336321.11
"1040",-336720.473
"1041",-334810.76
"1042",-336729.393
"1043",-333496.402
"1044",-336616.496
"1045",-337643.438
"1046",-337471.742
"1047",-335916.177
"1048",-336051.694
"1049",-336721.143
"1050",-336467.389
"1051",-334752.604
"1052",-337983.105
"1053",-335339.127
"1054",-336921.498
"1055",-337563.12
"1056",-337048.051
"1057",-337741.739
"1058",-339129.327
"1059",-334957.239
"1060",-334535.974
"1061",-337192.416
"1062",-334786.655
"1063",-335488.411
"1064",-335938.363
"1065",-334471.266
"1066",-337861.489
"1067",-336650.157
"1068",-334747.89
"1069",-336615.519
"1070",-336691.973
"1071",-336543.893
"1072",-338407.643
"1073",-338312.139
"1074",-335331.815
"1075",-337422.091
"1076",-337581.289
"1077",-337784.258
"1078",-338176.947
"1079",-337033.587
"1080",-338143.613
"1081",-335658.231
"1082",-336199.325
"1083",-335999.603
"1084",-336756.443
"1085",-338004.347
"1086",-336486.753
"1087",-332762.167
"1088",-337648.228
"1089",-337425.027
"1090",-337249.637
"1091",-338170.14
"1092",-336569.882
"1093",-336373.114
"1094",-335760.726
"1095",-336386.576
"1096",-336735.95
"1097",-336297.615
"1098",-337031.362
"1099",-336403.917
"1100",-335025.533
"1101",-336125.934
"1102",-336741.062
"1103",-338284.089
"1104",-336669.64
"1105",-337232.364
"1106",-338139.441
"1107",-336158.925
"1108",-336413.405
"1109",-337755.687
"1110",-335156.408
"1111",-337233.513
"1112",-336845.106
"1113",-337179.723
"1114",-335946.234
"1115",-335944.219
"1116",-335464.941
"1117",-336120.474
"1118",-338155.507
"1119",-335130.197
"1120",-336968.804
"1121",-334733.702
"1122",-338409.12
"1123",-336712.118
"1124",-338039.602
"1125",-335306.199
"1126",-335899.731
"1127",-336357.66
"1128",-335791.728
"1129",-338301.06
"1130",-338331.329
"1131",-337282.509
"1132",-338460.872
"1133",-336914.232
"1134",-336638.408
"1135",-336529.292
"1136",-337750.244
"1137",-338114.134
"1138",-336858.037
"1139",-336211.829
"1140",-336784.804
"1141",-336759.303
"1142",-338656.634
"1143",-336615.267
"1144",-335547.265
"1145",-336925.602
"1146",-334919.73
"1147",-337466.058
"1148",-335863.575
"1149",-334447.686
"1150",-336647.676
"1151",-334182.726
"1152",-337508.486
"1153",-336628.516
"1154",-336168.461
"1155",-337211.069
"1156",-337112.766
"1157",-337277.028
"1158",-336452.741
"1159",-336893.77
"1160",-337741.913
"1161",-337281.817
"1162",-336139.472
"1163",-335922.904
"1164",-336079.826
"1165",-337869.932
"1166",-337098.916
"1167",-337035.319
"1168",-336141.193
"1169",-335856.967
"1170",-335294.907
"1171",-337727.732
"1172",-336540.368
"1173",-337877.615
"1174",-337814.508
"1175",-335455.42
"1176",-337184.318
"1177",-336881.072
"1178",-337397.06
"1179",-337987.855
"1180",-336826.717
"1181",-336345.617
"1182",-336070.341
"1183",-336482.933
"1184",-339868.744
"1185",-335004.442
"1186",-337532.828
"1187",-336320.556
"1188",-335533.726
"1189",-334653.951
"1190",-336943.012
"1191",-335577.668
"1192",-336224.023
"1193",-336311.951
"1194",-335258.559
"1195",-336820.278
"1196",-335750.454
"1197",-340088.271
"1198",-335362.45
"1199",-338280.837
"1200",-336893.129
"1201",-336780.572
"1202",-336821.86
"1203",-338053.541
"1204",-334617.44
"1205",-336320.077
"1206",-335416.964
"1207",-336011.524
"1208",-335696.983
"1209",-335935.442
"1210",-337175.944
"1211",-337669.786
"1212",-336967.664
"1213",-337042.538
"1214",-336541.828
"1215",-335679.467
"1216",-335543.994
"1217",-336324.475
"1218",-337063.224
"1219",-338274.39
"1220",-336416.485
"1221",-335963.573
"1222",-336382.805
"1223",-335565.159
"1224",-336373.019
"1225",-334140.032
"1226",-335660.451
"1227",-337712.829
"1228",-336038.449
"1229",-337439.765
"1230",-336877.25
"1231",-335229.482
"1232",-335480.861
"1233",-336369.677
"1234",-337186.724
"1235",-337971.268
"1236",-336423.119
"1237",-334257.534
"1238",-337956.207
"1239",-336770.289
"1240",-336961.743
"1241",-334866.73
"1242",-336533.572
"1243",-333917.461
"1244",-336942.094
"1245",-335945.899
"1246",-337341.536
"1247",-335227.584
"1248",-334192.57
"1249",-336478.085
"1250",-337295.998
"1251",-337200.493
"1252",-336741.885
"1253",-336570.75
"1254",-334969.906
"1255",-336273.824
"1256",-336023.83
"1257",-337735.812
"1258",-335222.026
"1259",-336556.628
"1260",-337139.588
"1261",-334349.383
"1262",-338359.007
"1263",-336543.011
"1264",-337232.344
"1265",-336264.316
"1266",-336136.969
"1267",-335901.164
"1268",-335383.834
"1269",-334218.638
"1270",-336299.615
"1271",-335876.438
"1272",-336048.29
"1273",-333330.666
"1274",-339323.788
"1275",-334846.577
"1276",-336162.448
"1277",-335782.081
"1278",-338145.396
"1279",-337347.297
"1280",-337886.532
"1281",-338413.116
"1282",-336042.123
"1283",-336550.743
"1284",-339721.279
"1285",-335566.344
"1286",-336976.56
"1287",-336557.33
"1288",-339347.165
"1289",-338346.998
"1290",-335362.927
"1291",-334694.578
"1292",-337955.271
"1293",-336396.716
"1294",-337872.973
"1295",-336182.075
"1296",-334427.246
"1297",-337815.399
"1298",-335272.781
"1299",-337577.175
"1300",-336445.765
"1301",-334405.43
"1302",-337159.8
"1303",-336639.596
"1304",-337226.678
"1305",-335963.585
"1306",-335005.361
"1307",-335815.724
"1308",-338017.6
"1309",-337117.762
"1310",-337819.117
"1311",-335878.749
"1312",-336429.82
"1313",-337239.72
"1314",-336608.914
"1315",-336215.061
"1316",-336808.685
"1317",-336840.564
"1318",-335052.417
"1319",-336721.386
"1320",-337776.176
"1321",-334207.812
"1322",-336102.97
"1323",-336396.818
"1324",-338695.971
"1325",-337968.485
"1326",-336692.715
"1327",-336762.551
"1328",-335365.873
"1329",-337534.62
"1330",-335178.649
"1331",-336513.19
"1332",-335698.153
"1333",-336260.413
"1334",-336224.869
"1335",-336833.592
"1336",-337503.385
"1337",-338119.587
"1338",-336960.251
"1339",-336080.878
"1340",-336907.936
"1341",-337712.112
"1342",-335826.664
"1343",-334642.55
"1344",-337233.596
"1345",-338515.957
"1346",-337005.89
"1347",-337461.666
"1348",-334896.382
"1349",-336768.224
"1350",-336776.792
"1351",-337902.006
"1352",-335724.314
"1353",-336348.694
"1354",-336273.641
"1355",-338216.029
"1356",-336240.446
"1357",-337451.584
"1358",-333846.859
"1359",-336149.811
"1360",-337577.543
"1361",-335106.552
"1362",-338278.02
"1363",-336510.74
"1364",-335672.552
"1365",-337268.318
"1366",-335436.667
"1367",-336903.085
"1368",-334915.701
"1369",-336941.126
"1370",-337039.636
"1371",-336996.555
"1372",-336422.886
"1373",-336753.761
"1374",-336762.915
"1375",-336178.533
"1376",-336413.242
"1377",-337383.964
"1378",-335800.658
"1379",-336462.837
"1380",-337628.769
"1381",-335892.545
"1382",-337495.558
"1383",-335226.183
"1384",-334441.146
"1385",-337572.965
"1386",-337077.818
"1387",-337108.628
"1388",-336011.721
"1389",-338261.749
"1390",-337686.401
"1391",-337232.832
"1392",-335353.584
"1393",-337740.655
"1394",-338975.613
"1395",-334885.765
"1396",-337941.434
"1397",-336727.361
"1398",-338043.588
"1399",-334920.729
"1400",-335666.975
"1401",-335305.783
"1402",-333864.843
"1403",-336838.167
"1404",-333955.166
"1405",-337388.686
"1406",-335784.872
"1407",-337702.418
"1408",-335332.366
"1409",-338931.306
"1410",-336927.316
"1411",-336862.128
"1412",-337823.281
"1413",-337257.052
"1414",-336830.834
"1415",-335885.383
"1416",-336573.807
"1417",-335123.86
"1418",-334225.001
"1419",-335418.512
"1420",-335696.723
"1421",-335180.727
"1422",-336773.022
"1423",-335930.932
"1424",-334905.393
"1425",-336619.451
"1426",-336798.342
"1427",-336386.517
"1428",-336514.26
"1429",-335018.663
"1430",-335391.132
"1431",-336817.461
"1432",-336611.876
"1433",-335723.019
"1434",-336668.532
"1435",-335691.449
"1436",-336064.721
"1437",-335528.06
"1438",-337676.492
"1439",-335816.835
"1440",-337110.737
"1441",-337070.453
"1442",-336585.819
"1443",-335831.355
"1444",-335208.24
"1445",-334806.687
"1446",-336701.141
"1447",-334529.211
"1448",-337891.727
"1449",-335342.087
"1450",-337195.421
"1451",-337778.048
"1452",-334956.897
"1453",-337748.615
"1454",-336765.181
"1455",-339863.624
"1456",-335976.455
"1457",-337336.027
"1458",-335853.829
"1459",-337361.017
"1460",-337025.985
"1461",-335909.891
"1462",-336951.874
"1463",-336488.466
"1464",-335038.808
"1465",-335652.842
"1466",-336124.352
"1467",-336571.505
"1468",-338900.411
"1469",-336775.378
"1470",-335908.637
"1471",-336988.141
"1472",-334911.614
"1473",-336623.178
"1474",-337225.584
"1475",-334708.78
"1476",-335161.065
"1477",-338129.802
"1478",-336994.519
"1479",-336401.117
"1480",-337162.429
"1481",-337962.684
"1482",-337293.073
"1483",-336698.188
"1484",-333891.148
"1485",-336290.13
"1486",-338731.473
"1487",-338071.456
"1488",-336704.295
"1489",-336302.875
"1490",-338383.598
"1491",-336063.414
"1492",-335222.551
"1493",-337340.302
"1494",-333657.216
"1495",-337294.853
"1496",-337804.971
"1497",-336984.112
"1498",-335058.29
"1499",-336868.823
"1500",-337004.359
"1501",-338698.561
"1502",-337582.92
"1503",-337457.803
"1504",-336509.295
"1505",-338728.966
"1506",-337179.853
"1507",-336009.242
"1508",-336726.884
"1509",-336063.492
"1510",-337548.887
"1511",-336797.02
"1512",-337148.805
"1513",-339645.732
"1514",-335755.675
"1515",-334994.667
"1516",-336427.602
"1517",-337111.367
"1518",-336093.84
"1519",-336709.603
"1520",-336742.583
"1521",-336160.713
"1522",-337344.84
"1523",-334300.278
"1524",-334822.945
"1525",-336070.06
"1526",-337482.538
"1527",-338154.436
"1528",-335174.624
"1529",-336793.827
"1530",-335120.205
"1531",-335594.351
"1532",-337549.343
"1533",-335246.041
"1534",-337043.342
"1535",-335644.932
"1536",-336446.875
"1537",-337973.721
"1538",-336668.346
"1539",-334954.037
"1540",-337936.318
"1541",-337608.053
"1542",-335919.727
"1543",-336875.523
"1544",-335281.693
"1545",-335985.212
"1546",-335942.861
"1547",-337593.519
"1548",-338772.256
"1549",-336447.676
"1550",-337369.371
"1551",-338997.563
"1552",-335659.724
"1553",-337761.439
"1554",-336132.228
"1555",-338387.51
"1556",-338081.668
"1557",-336943.235
"1558",-336223.361
"1559",-336909.678
"1560",-337517.337
"1561",-335295.368
"1562",-337051.005
"1563",-337862.646
"1564",-335187.107
"1565",-334565.167
"1566",-336427.3
"1567",-335436.529
"1568",-334793.818
"1569",-338104.928
"1570",-336876.607
"1571",-334880.943
"1572",-336807.2
"1573",-337968.008
"1574",-335844.307
"1575",-336001.996
"1576",-334578.317
"1577",-336642.133
"1578",-336178.223
"1579",-336961.173
"1580",-336918.192
"1581",-336363.767
"1582",-335198.841
"1583",-335907.806
"1584",-337910.423
"1585",-337309.559
"1586",-335910.003
"1587",-336442.56
"1588",-337518.186
"1589",-336956.967
"1590",-337252.021
"1591",-335422.892
"1592",-336537.135
"1593",-334708.668
"1594",-337135.491
"1595",-336494.264
"1596",-337020.047
"1597",-336142.897
"1598",-336173.136
"1599",-337173.648
"1600",-338984.631
"1601",-334768.316
"1602",-336637.742
"1603",-335766.822
"1604",-337310.093
"1605",-336277.763
"1606",-334306.128
"1607",-337096.007
"1608",-337058.139
"1609",-335646.711
"1610",-334718.745
"1611",-339213.497
"1612",-335017.205
"1613",-335367.059
"1614",-336568.672
"1615",-335387.328
"1616",-335900.114
"1617",-334853.599
"1618",-337027.897
"1619",-337122.301
"1620",-335798.885
"1621",-337434.413
"1622",-336512.008
"1623",-334449.029
"1624",-335880.728
"1625",-336779.073
"1626",-336422.248
"1627",-334864.428
"1628",-335973.093
"1629",-335476.63
"1630",-335312.253
"1631",-338273.662
"1632",-335491.479
"1633",-337624.781
"1634",-336425.848
"1635",-335501.071
"1636",-334981.114
"1637",-338058.548
"1638",-336843.573
"1639",-335803.237
"1640",-335816.432
"1641",-338582.639
"1642",-338826.968
"1643",-335264.339
"1644",-338079.116
"1645",-336190.706
"1646",-334808.351
"1647",-335613.001
"1648",-338350.593
"1649",-336134.424
"1650",-335829.057
"1651",-337483.448
"1652",-334651.861
"1653",-336948.52
"1654",-336816.448
"1655",-336422.071
"1656",-336914.108
"1657",-337909.439
"1658",-334983.51
"1659",-336468.432
"1660",-338914.377
"1661",-336801.712
"1662",-336963.608
"1663",-333785.12
"1664",-337444.694
"1665",-335914.425
"1666",-338020.095
"1667",-337248.836
"1668",-337007.042
"1669",-338600.287
"1670",-337039.874
"1671",-338941.852
"1672",-335939.614
"1673",-339253.278
"1674",-336721.047
"1675",-336199.977
"1676",-337132.578
"1677",-337689.271
"1678",-336447.471
"1679",-335316.723
"1680",-336807.931
"1681",-335218.057
"1682",-337371.706
"1683",-337413.145
"1684",-337332.559
"1685",-337631.072
"1686",-335829.126
"1687",-336879.093
"1688",-335951.346
"1689",-338105.325
"1690",-336600.005
"1691",-337138.201
"1692",-336833.226
"1693",-334635.699
"1694",-335199.569
"1695",-336192.715
"1696",-335522.226
"1697",-336363.652
"1698",-335282.099
"1699",-336182.896
"1700",-336901.043
"1701",-336832.554
"1702",-337078.896
"1703",-338007.587
"1704",-338137.279
"1705",-338018.145
"1706",-335958.574
"1707",-337403.251
"1708",-338132.962
"1709",-337110.987
"1710",-334793.733
"1711",-335483.868
"1712",-336559.864
"1713",-334966.832
"1714",-336039.222
"1715",-337024.236
"1716",-335420.177
"1717",-338353.115
"1718",-337474.205
"1719",-336621.314
"1720",-335457.045
"1721",-336167.94
"1722",-336672.526
"1723",-337156.958
"1724",-336912.011
"1725",-336187.301
"1726",-336053.998
"1727",-336299.795
"1728",-335045.951
"1729",-338373.028
"1730",-336308.391
"1731",-338279.737
"1732",-336379.46
"1733",-337469.064
"1734",-334858.757
"1735",-334821.464
"1736",-337577.126
"1737",-337648.463
"1738",-335099.384
"1739",-335459.235
"1740",-335190.06
"1741",-335069.94
"1742",-337037.707
"1743",-337992.145
"1744",-337208.651
"1745",-336342.348
"1746",-335137.502
"1747",-336169.027
"1748",-339077.898
"1749",-334202.145
"1750",-338077.585
"1751",-338577.279
"1752",-336389.781
"1753",-335950.165
"1754",-337846.091
"1755",-336599.095
"1756",-337011.205
"1757",-336276.773
"1758",-338581.018
"1759",-336089.369
"1760",-335621.098
"1761",-336136.922
"1762",-336756.208
"1763",-338638.175
"1764",-335221.421
"1765",-336035.001
"1766",-334778.822
"1767",-337728.645
"1768",-336768.03
"1769",-338096.296
"1770",-338030.286
"1771",-335491.691
"1772",-338093.085
"1773",-335327.002
"1774",-336709.391
"1775",-334788.482
"1776",-335992.008
"1777",-335606.581
"1778",-338291.521
"1779",-337128.502
"1780",-335157.979
"1781",-335221.509
"1782",-338273.467
"1783",-338957.814
"1784",-335563.887
"1785",-336699.836
"1786",-337019.946
"1787",-337816.764
"1788",-335978.253
"1789",-338832.347
"1790",-336375.491
"1791",-335295.874
"1792",-336157.187
"1793",-334913.763
"1794",-337943.787
"1795",-337806.649
"1796",-336497.83
"1797",-336769.827
"1798",-334823.57
"1799",-337548.401
"1800",-335781.302
"1801",-335723.528
"1802",-337642.113
"1803",-337282.798
"1804",-337246.532
"1805",-336502.987
"1806",-337481.142
"1807",-336514.154
"1808",-335847.402
"1809",-337045.58
"1810",-336845.973
"1811",-335658.038
"1812",-336303.729
"1813",-336347.688
"1814",-336440.904
"1815",-336276.468
"1816",-337360.648
"1817",-339636.843
"1818",-335525.064
"1819",-337625.701
"1820",-336963.498
"1821",-336064.85
"1822",-337475.518
"1823",-336125.35
"1824",-337509.896
"1825",-336761.126
"1826",-336310.795
"1827",-335880.579
"1828",-338129.084
"1829",-336743.453
"1830",-337000.878
"1831",-335504.053
"1832",-338349.602
"1833",-335763.021
"1834",-336904.119
"1835",-335807.812
"1836",-334899.241
"1837",-336918.599
"1838",-335059.151
"1839",-337256.136
"1840",-337000.636
"1841",-335226.145
"1842",-336163.787
"1843",-335222.22
"1844",-337122.368
"1845",-337925.061
"1846",-337813.966
"1847",-334707.113
"1848",-335412.929
"1849",-336382.015
"1850",-337828.111
"1851",-335836.031
"1852",-335114.386
"1853",-337474.84
"1854",-337806.525
"1855",-338003.304
"1856",-338403.485
"1857",-336601.096
"1858",-337278.282
"1859",-337599.877
"1860",-336196.74
"1861",-336161.187
"1862",-335141.142
"1863",-338111.15
"1864",-335923.852
"1865",-338419.526
"1866",-335045.097
"1867",-337326.277
"1868",-336796.174
"1869",-337236.473
"1870",-335806.71
"1871",-336624.059
"1872",-335294.396
"1873",-337201.52
"1874",-334824.589
"1875",-336558.487
"1876",-336048.93
"1877",-335107.659
"1878",-335830.964
"1879",-335617.177
"1880",-335877.019
"1881",-336372.061
"1882",-334846.265
"1883",-336502.657
"1884",-335851.081
"1885",-334868.504
"1886",-336774.134
"1887",-336332.18
"1888",-335568.089
"1889",-336401.102
"1890",-338905.099
"1891",-336366.245
"1892",-338708.711
"1893",-337952.822
"1894",-335406.367
"1895",-335423.235
"1896",-337203.898
"1897",-336153.535
"1898",-335317.136
"1899",-336164.645
"1900",-337635.722
"1901",-337055.874
"1902",-336435.848
"1903",-335164.312
"1904",-335398.484
"1905",-336603.253
"1906",-336707.643
"1907",-335463.547
"1908",-338678.313
"1909",-332509.283
"1910",-335337.223
"1911",-335721.582
"1912",-337899.529
"1913",-334146.457
"1914",-337751.714
"1915",-334686.992
"1916",-337524.095
"1917",-338247.359
"1918",-336105.282
"1919",-335606.367
"1920",-338212.071
"1921",-337458.015
"1922",-336762.808
"1923",-337176.326
"1924",-336447.929
"1925",-338206.407
"1926",-336595.547
"1927",-336203.973
"1928",-336768.328
"1929",-335151.226
"1930",-334680.379
"1931",-337751.117
"1932",-337772.009
"1933",-337992.332
"1934",-337478.985
"1935",-338050.123
"1936",-335837.312
"1937",-336568.344
"1938",-335599.731
"1939",-337531.418
"1940",-338444.486
"1941",-337153.301
"1942",-337491.451
"1943",-337412.985
"1944",-337357.375
"1945",-336005.175
"1946",-337637.851
"1947",-337929.603
"1948",-335602.914
"1949",-335614.44
"1950",-335831.345
"1951",-335001.011
"1952",-336566.249
"1953",-337876.9
"1954",-337543.163
"1955",-336745.886
"1956",-337029.074
"1957",-336778.637
"1958",-336030.958
"1959",-336841.943
"1960",-335445.868
"1961",-337981.323
"1962",-335004.458
"1963",-337253.092
"1964",-337332.125
"1965",-338550.441
"1966",-338668.609
"1967",-335286.951
"1968",-336597.35
"1969",-337915.49
"1970",-335576.032
"1971",-336538.795
"1972",-335297.196
"1973",-337130.092
"1974",-337243.644
"1975",-339003.685
"1976",-334320.885
"1977",-336965.736
"1978",-336482.713
"1979",-336826.944
"1980",-340533.505
"1981",-336320.301
"1982",-334695.643
"1983",-336933.278
"1984",-338317.333
"1985",-336030.796
"1986",-336839.06
"1987",-336716.601
"1988",-336264.411
"1989",-335760.007
"1990",-336743.153
"1991",-334833.193
"1992",-337406.571
"1993",-336201.604
"1994",-336751.797
"1995",-335763.969
"1996",-336439.067
"1997",-336006.281
"1998",-334440.941
"1999",-336252.06
"2000",-337416.435
"2001",-338830.995
"2002",-334371.041
"2003",-336832.018
"2004",-337267.9
"2005",-338838.826
"2006",-337055.522
"2007",-334259.301
"2008",-334665.25
"2009",-336949.527
"2010",-339172.846
"2011",-338867.171
"2012",-334318.689
"2013",-335516.497
"2014",-336170.584
"2015",-335995.553
"2016",-335314.973
"2017",-339286.742
"2018",-336130.551
"2019",-336556.841
"2020",-338073.752
"2021",-337637.519
"2022",-337646.843
"2023",-335733.574
"2024",-337309.856
"2025",-336531.447
"2026",-336923.592
"2027",-336695.071
"2028",-335615.155
"2029",-337432.499
"2030",-334933.431
"2031",-337907.381
"2032",-335602.809
"2033",-335363.628
"2034",-335003.224
"2035",-337780.611
"2036",-338677.735
"2037",-337736.316
"2038",-337772.616
"2039",-337760.297
"2040",-336477.742
"2041",-334779.127
"2042",-336825.796
"2043",-336404.797
"2044",-333671.244
"2045",-335577.359
"2046",-339288.64
"2047",-336704.12
"2048",-334759.735
"2049",-337783.766
"2050",-335472.121
"2051",-337988.049
"2052",-336047.186
"2053",-334584.925
"2054",-337251.62
"2055",-337453.922
"2056",-335667.983
"2057",-337415.069
"2058",-337348.042
"2059",-337940.868
"2060",-337757.03
"2061",-337807.975
"2062",-337973.154
"2063",-334887.166
"2064",-338163.567
"2065",-336824.749
"2066",-336677.345
"2067",-336115.321
"2068",-337798.839
"2069",-336964.041
"2070",-337949.03
"2071",-336927.227
"2072",-335703.502
"2073",-336589.569
"2074",-336973.369
"2075",-335036.284
"2076",-335334.023
"2077",-335155.944
"2078",-336110.067
"2079",-335807.666
"2080",-337352.958
"2081",-337830.839
"2082",-337249.057
"2083",-335658.143
"2084",-336801.96
"2085",-337207.548
"2086",-334755.591
"2087",-336261.204
"2088",-336380.658
"2089",-334928.965
"2090",-336482.674
"2091",-335124.915
"2092",-334612.189
"2093",-336224.726
"2094",-337215.233
"2095",-336867.823
"2096",-336851.902
"2097",-335683.317
"2098",-336134.906
"2099",-336313.371
"2100",-338931.433
"2101",-337358.9
"2102",-334607.369
"2103",-336449.028
"2104",-336598.464
"2105",-337132.744
"2106",-336267.713
"2107",-336119.32
"2108",-335080.31
"2109",-337201.182
"2110",-335768.331
"2111",-335525.251
"2112",-336276.1
"2113",-336393.102
"2114",-338393.994
"2115",-336740.658
"2116",-333477.688
"2117",-338297.759
"2118",-337627.382
"2119",-335357.635
"2120",-337054.033
"2121",-338246.928
"2122",-336619.423
"2123",-335432.926
"2124",-336408.453
"2125",-337119.924
"2126",-337163.215
"2127",-337405.709
"2128",-337325.29
"2129",-335145.712
"2130",-336656.888
"2131",-336505.323
"2132",-336667.243
"2133",-336068.881
"2134",-334710.585
"2135",-338568.474
"2136",-336822.12
"2137",-337109.966
"2138",-336201.173
"2139",-336279.871
"2140",-336891.597
"2141",-338417.344
"2142",-337312.8
"2143",-336063.723
"2144",-335705.187
"2145",-336473.658
"2146",-337565.649
"2147",-336858.57
"2148",-338793.723
"2149",-335716.615
"2150",-337248.448
"2151",-336800.228
"2152",-336346.128
"2153",-338550.911
"2154",-338869.24
"2155",-339903.2
"2156",-335444.944
"2157",-336082.149
"2158",-336128.486
"2159",-336144.847
"2160",-336322.946
"2161",-335073.918
"2162",-337074.536
"2163",-335850.014
"2164",-338347.153
"2165",-336345.84
"2166",-336608.496
"2167",-336567.411
"2168",-338819.564
"2169",-338586.582
"2170",-334087.515
"2171",-335596.447
"2172",-338266.189
"2173",-337408.838
"2174",-335652.221
"2175",-336526.77
"2176",-338252.689
"2177",-336305.981
"2178",-335986.855
"2179",-337490.535
"2180",-335926.018
"2181",-338005.232
"2182",-334052.505
"2183",-336502.571
"2184",-336254.834
"2185",-334801.704
"2186",-335492.258
"2187",-334750.092
"2188",-337215.017
"2189",-338980.823
"2190",-336327.072
"2191",-336888.831
"2192",-336481.24
"2193",-336871.402
"2194",-336184.522
"2195",-336035.019
"2196",-336570.018
"2197",-335727.563
"2198",-336950.647
"2199",-338046.725
"2200",-336293.042
"2201",-337032.587
"2202",-336731.396
"2203",-335562.307
"2204",-334824.488
"2205",-335741.942
"2206",-338394.834
"2207",-335257.695
"2208",-335495.281
"2209",-335444.609
"2210",-337241.923
"2211",-335716.848
"2212",-336971.895
"2213",-336503.662
"2214",-335376.948
"2215",-336747.663
"2216",-336664.495
"2217",-335351.722
"2218",-336930.952
"2219",-337066.629
"2220",-335878.195
"2221",-337358.351
"2222",-336477.041
"2223",-335016.954
"2224",-335392.225
"2225",-336616.07
"2226",-336737.249
"2227",-338453.291
"2228",-335791.385
"2229",-336678.07
"2230",-336304.846
"2231",-336484.858
"2232",-337781.973
"2233",-338288.236
"2234",-334100.834
"2235",-337268.03
"2236",-337146.188
"2237",-338084.699
"2238",-337670.273
"2239",-337503.838
"2240",-338584.758
"2241",-335923.565
"2242",-337624.834
"2243",-335673.426
"2244",-336501.777
"2245",-335602.675
"2246",-335551.685
"2247",-336866.407
"2248",-337674.095
"2249",-335838.12
"2250",-335220.208
"2251",-338249.182
"2252",-336707.396
"2253",-336587.333
"2254",-334398.165
"2255",-338513.41
"2256",-336562.536
"2257",-337410.56
"2258",-335504.861
"2259",-336213.985
"2260",-338014.41
"2261",-337107.378
"2262",-339179.063
"2263",-335307.541
"2264",-336736.183
"2265",-335982.086
"2266",-336853.271
"2267",-337722.749
"2268",-335927.436
"2269",-335137.299
"2270",-336955.253
"2271",-337081.863
"2272",-336288.879
"2273",-338422.773
"2274",-336233.486
"2275",-335962.289
"2276",-337103.445
"2277",-336716.887
"2278",-337480.234
"2279",-334820.715
"2280",-336510.684
"2281",-336205.171
"2282",-337141.475
"2283",-337959.227
"2284",-337269.3
"2285",-337742.554
"2286",-335523.554
"2287",-337456.785
"2288",-337179.901
"2289",-335504.344
"2290",-334891.933
"2291",-335334.502
"2292",-336416.171
"2293",-334760.667
"2294",-335848.131
"2295",-336136.121
"2296",-338490.808
"2297",-335562.367
"2298",-336680.635
"2299",-337060.688
"2300",-335118.413
"2301",-335742.753
"2302",-337202.846
"2303",-334692.955
"2304",-336534.617
"2305",-336707.301
"2306",-336983.641
"2307",-336433.029
"2308",-338721.624
"2309",-335651.053
"2310",-335563.482
"2311",-338067.214
"2312",-338062.761
"2313",-336950.579
"2314",-338638.289
"2315",-337269.556
"2316",-337320.235
"2317",-336814.669
"2318",-337278.723
"2319",-335422.144
"2320",-337986.925
"2321",-335910.994
"2322",-336814.621
"2323",-334791.557
"2324",-335414.239
"2325",-336975.422
"2326",-336627.916
"2327",-336674.496
"2328",-335274.509
"2329",-336560.148
"2330",-335128.816
"2331",-336151.807
"2332",-335918.707
"2333",-336964.608
"2334",-336022.659
"2335",-337221.191
"2336",-335445.783
"2337",-336634.649
"2338",-334125.321
"2339",-336794.9
"2340",-336589.985
"2341",-334570.082
"2342",-337719.64
"2343",-337084.523
"2344",-335295.518
"2345",-335237.215
"2346",-336579.769
"2347",-336602.953
"2348",-337741.83
"2349",-338891.549
"2350",-335780.934
"2351",-337095.308
"2352",-336267.781
"2353",-337033.295
"2354",-336609.086
"2355",-334969.607
"2356",-336937.103
"2357",-337853.985
"2358",-337505.69
"2359",-336345.413
"2360",-337002.101
"2361",-335749.43
"2362",-336550.335
"2363",-337734.846
"2364",-338503.904
"2365",-338384.985
"2366",-336535.807
"2367",-336818.593
"2368",-336753.293
"2369",-334702.337
"2370",-336998.449
"2371",-337522.56
"2372",-336332.795
"2373",-336506.46
"2374",-337042.318
"2375",-338569.781
"2376",-335702.667
"2377",-337230.06
"2378",-335919.057
"2379",-336316.932
"2380",-335559.863
"2381",-336071.576
"2382",-337185.721
"2383",-337872.174
"2384",-334947.743
"2385",-337960.149
"2386",-334881.7
"2387",-335756.423
"2388",-338590.337
"2389",-335039.985
"2390",-336135.164
"2391",-337910.666
"2392",-337920.326
"2393",-336266.26
"2394",-335473.433
"2395",-336616.367
"2396",-336133.884
"2397",-336232.908
"2398",-337348.836
"2399",-337098.838
"2400",-336057.633
"2401",-336715.446
"2402",-336756.712
"2403",-338179.135
"2404",-335618.166
"2405",-337111.192
"2406",-337424.302
"2407",-337556.829
"2408",-335826.548
"2409",-335771.071
"2410",-334691.06
"2411",-334244.125
"2412",-335902.076
"2413",-336359.872
"2414",-336801.828
"2415",-336026.574
"2416",-334730.641
"2417",-335680.913
"2418",-337899.715
"2419",-336131.84
"2420",-337505.93
"2421",-335074.948
"2422",-335298.215
"2423",-336895.214
"2424",-336843.817
"2425",-336819.969
"2426",-336686.64
"2427",-336326.01
"2428",-335881.495
"2429",-337009.164
"2430",-336210.432
"2431",-338633.728
"2432",-337589.475
"2433",-337764.374
"2434",-336515.79
"2435",-337036.904
"2436",-338112.117
"2437",-335321.323
"2438",-337465.722
"2439",-335501.363
"2440",-336855.227
"2441",-337168.751
"2442",-337835.113
"2443",-336390.092
"2444",-334287.828
"2445",-337021.517
"2446",-335757.884
"2447",-337534.659
"2448",-335167.861
"2449",-337531.243
"2450",-337035.326
"2451",-335931.755
"2452",-337503.883
"2453",-336491.45
"2454",-334633.659
"2455",-337637.391
"2456",-336397.328
"2457",-336392.447
"2458",-337768.428
"2459",-337872.04
"2460",-337737.19
"2461",-335495.485
"2462",-337647.178
"2463",-336915.525
"2464",-335955.947
"2465",-335779.426
"2466",-336623.789
"2467",-335080.215
"2468",-337972.536
"2469",-337752.508
"2470",-337051.808
"2471",-336115.857
"2472",-337380.644
"2473",-337893.805
"2474",-336874.443
"2475",-335483.973
"2476",-335697.774
"2477",-337375.717
"2478",-336599.728
"2479",-335658.927
"2480",-338033.169
"2481",-335474.648
"2482",-335738.615
"2483",-336970.948
"2484",-337182.521
"2485",-336179.374
"2486",-336892.644
"2487",-337294.347
"2488",-336372.395
"2489",-336441.919
"2490",-338099.657
"2491",-339945.6
"2492",-337773.378
"2493",-336896.249
"2494",-336729.201
"2495",-336700.133
"2496",-337776.194
"2497",-338208.475
"2498",-336651.425
"2499",-338191.812
"2500",-335855.302
"2501",-336478.696
"2502",-337088.09
"2503",-334042.736
"2504",-336490.062
"2505",-336772.5
"2506",-337035.533
"2507",-334115.698
"2508",-335583.278
"2509",-334187.577
"2510",-336865.328
"2511",-337560.601
"2512",-335977.365
"2513",-335645.682
"2514",-337080.116
"2515",-337220.902
"2516",-337791.204
"2517",-336843.589
"2518",-335033.718
"2519",-335625.711
"2520",-336314.04
"2521",-337576.69
"2522",-334720.006
"2523",-335777.938
"2524",-332082.066
"2525",-336195.305
"2526",-338254.214
"2527",-335621.568
"2528",-334747.33
"2529",-336272.022
"2530",-336131.504
"2531",-339562.868
"2532",-336708.953
"2533",-334873.105
"2534",-337156.299
"2535",-336512.213
"2536",-337937.335
"2537",-337277.25
"2538",-335992.342
"2539",-334801.677
"2540",-336251.608
"2541",-337453.054
"2542",-337142.989
"2543",-335112.43
"2544",-337548.481
"2545",-337963.125
"2546",-335682.595
"2547",-337226.367
"2548",-335631.974
"2549",-336219.091
"2550",-334903.543
"2551",-338381.359
"2552",-339866.19
"2553",-338903.283
"2554",-338593.303
"2555",-337087.681
"2556",-338373.2
"2557",-336708.379
"2558",-337463.795
"2559",-336362.792
"2560",-338409.609
"2561",-334985.197
"2562",-338651.801
"2563",-337810.505
"2564",-336127.371
"2565",-337892.885
"2566",-336344.805
"2567",-336307.124
"2568",-337337.814
"2569",-336752.697
"2570",-336117.896
"2571",-337415.181
"2572",-337750.081
"2573",-335567.32
"2574",-337358.423
"2575",-336919.688
"2576",-336574.509
"2577",-337217.127
"2578",-338752.359
"2579",-334784.187
"2580",-336134.343
"2581",-336065.997
"2582",-336464.019
"2583",-337014.412
"2584",-335783.92
"2585",-338175.056
"2586",-336089.986
"2587",-336270.496
"2588",-336235.849
"2589",-338763.575
"2590",-336571.215
"2591",-337437.209
"2592",-336349.696
"2593",-336356.34
"2594",-337580.283
"2595",-336545.332
"2596",-337524.408
"2597",-336232.253
"2598",-335443.478
"2599",-335112.282
"2600",-335285.488
"2601",-337310.405
"2602",-336253.388
"2603",-337185.212
"2604",-337927.361
"2605",-336716.783
"2606",-334894.03
"2607",-336630.185
"2608",-336669.038
"2609",-336083.116
"2610",-336862.934
"2611",-335560.433
"2612",-336278.155
"2613",-335345.213
"2614",-336165.272
"2615",-337790.523
"2616",-335986.018
"2617",-335919.64
"2618",-336289.388
"2619",-336626.296
"2620",-335361.633
"2621",-337321.396
"2622",-338122.047
"2623",-335763.708
"2624",-336462.332
"2625",-336837.62
"2626",-336228.958
"2627",-334479.03
"2628",-339000.993
"2629",-338396.845
"2630",-336985.51
"2631",-339064.961
"2632",-334986.213
"2633",-338298.709
"2634",-335737.392
"2635",-335727.229
"2636",-335609.602
"2637",-338196.841
"2638",-338556.111
"2639",-338292.45
"2640",-335735.159
"2641",-336735.035
"2642",-335727.705
"2643",-335254.742
"2644",-337014.237
"2645",-337105.42
"2646",-335609.097
"2647",-336156.938
"2648",-336341.371
"2649",-336854.536
"2650",-336846.748
"2651",-337147.149
"2652",-338605.31
"2653",-335702.231
"2654",-335646.192
"2655",-337830.844
"2656",-333935.418
"2657",-335962.125
"2658",-335993.757
"2659",-335741.589
"2660",-335947.849
"2661",-335809.676
"2662",-338637.681
"2663",-336325.514
"2664",-335876.644
"2665",-336905.054
"2666",-336134.843
"2667",-336644.222
"2668",-337214.128
"2669",-337904.519
"2670",-336056.171
"2671",-338823.802
"2672",-337789.696
"2673",-337288.894
"2674",-337553.878
"2675",-336161.619
"2676",-337871.842
"2677",-337529.494
"2678",-335183.138
"2679",-335891.714
"2680",-336188.475
"2681",-334754.75
"2682",-335400.712
"2683",-337153.137
"2684",-337338.747
"2685",-337398.563
"2686",-336596.365
"2687",-336839.794
"2688",-335878.14
"2689",-335000.608
"2690",-334495.974
"2691",-335680.407
"2692",-334640.986
"2693",-335641.613
"2694",-335469.407
"2695",-336842.807
"2696",-339730.096
"2697",-335592.165
"2698",-334872.752
"2699",-334317.969
"2700",-336374.229
"2701",-336429.636
"2702",-336893.974
"2703",-335751.534
"2704",-335316.819
"2705",-337341.132
"2706",-336479.075
"2707",-335246.845
"2708",-335557.494
"2709",-335018.548
"2710",-336348.346
"2711",-336193.87
"2712",-335883.958
"2713",-338852.847
"2714",-336038.69
"2715",-337293.772
"2716",-337518.202
"2717",-335198.78
"2718",-335896.11
"2719",-337858.98
"2720",-338828.615
"2721",-334772.962
"2722",-336122.279
"2723",-337052.29
"2724",-335139.82
"2725",-338259.185
"2726",-337808.873
"2727",-336252.539
"2728",-335685.171
"2729",-337324.723
"2730",-335379.34
"2731",-336614.994
"2732",-337043.224
"2733",-335915.39
"2734",-334278.755
"2735",-337978.294
"2736",-334462.66
"2737",-337528.986
"2738",-336115.428
"2739",-337174.944
"2740",-335275.907
"2741",-335547.207
"2742",-336937.667
"2743",-336639.244
"2744",-336123.103
"2745",-336818.692
"2746",-337769.324
"2747",-338132.51
"2748",-337219.865
"2749",-335886.072
"2750",-337133.742
"2751",-338301.402
"2752",-339481.662
"2753",-336683.895
"2754",-334548.055
"2755",-336187.969
"2756",-336692.684
"2757",-337518.102
"2758",-335961.062
"2759",-337993.988
"2760",-337623.824
"2761",-337455.588
"2762",-337373.565
"2763",-335929.747
"2764",-336617.653
"2765",-337759.647
"2766",-336770.938
"2767",-334989.447
"2768",-335544.114
"2769",-336727.622
"2770",-338058.16
"2771",-335609.097
"2772",-337149.406
"2773",-336918.19
"2774",-336960.922
"2775",-336264.882
"2776",-335817.593
"2777",-337081.844
"2778",-337544.94
"2779",-336343.2
"2780",-336928.386
"2781",-337659.762
"2782",-335321.376
"2783",-336010.339
"2784",-339120.947
"2785",-338016.162
"2786",-335057.566
"2787",-337399.96
"2788",-335055.749
"2789",-337268.926
"2790",-336586.281
"2791",-336965.554
"2792",-337697.11
"2793",-337181.349
"2794",-337501.458
"2795",-335547.602
"2796",-336438.552
"2797",-337816.894
"2798",-337129.442
"2799",-336681.239
"2800",-333576.49
"2801",-336295.577
"2802",-335985.043
"2803",-336547.565
"2804",-339088.229
"2805",-338142.497
"2806",-337844.314
"2807",-335101.915
"2808",-336305.567
"2809",-337071.288
"2810",-337189.013
"2811",-336124.733
"2812",-338458.861
"2813",-335962.54
"2814",-336265.327
"2815",-335949.981
"2816",-337259.513
"2817",-336514.851
"2818",-337668.286
"2819",-335545.158
"2820",-336134.157
"2821",-337795.558
"2822",-338234.16
"2823",-336717.423
"2824",-334585.097
"2825",-337977.334
"2826",-338808.741
"2827",-338518.561
"2828",-337688.802
"2829",-335153.097
"2830",-337288.847
"2831",-337269.627
"2832",-334434.816
"2833",-334783.519
"2834",-338498.928
"2835",-335799.691
"2836",-335185.643
"2837",-337471.914
"2838",-336717.262
"2839",-334574.485
"2840",-334876.883
"2841",-337201.394
"2842",-337384.066
"2843",-334826.741
"2844",-337097.687
"2845",-336466.055
"2846",-337236.722
"2847",-337526.722
"2848",-336435.123
"2849",-337403.554
"2850",-336323.481
"2851",-337247.996
"2852",-334841.983
"2853",-337676.275
"2854",-337392.265
"2855",-336518.692
"2856",-333748.53
"2857",-334536.439
"2858",-336815.701
"2859",-336158.996
"2860",-336371.977
"2861",-336251.369
"2862",-336863.999
"2863",-335046.835
"2864",-337517.61
"2865",-334936.273
"2866",-337396.999
"2867",-337164.136
"2868",-336190.903
"2869",-336999.059
"2870",-336142.323
"2871",-334542.654
"2872",-336729.518
"2873",-336346.011
"2874",-337308.428
"2875",-334815.887
"2876",-336451.819
"2877",-336418.098
"2878",-338485.997
"2879",-336993.59
"2880",-338338.338
"2881",-336612.568
"2882",-336981.717
"2883",-337018.898
"2884",-335405.307
"2885",-336886.638
"2886",-336656.605
"2887",-337557.322
"2888",-339103.549
"2889",-335761.241
"2890",-335536.511
"2891",-336367.846
"2892",-338112.687
"2893",-337600.97
"2894",-338420.545
"2895",-337405.776
"2896",-336461.41
"2897",-336723.734
"2898",-334805.687
"2899",-334007.848
"2900",-336806.505
"2901",-336694.886
"2902",-338756.161
"2903",-335961.293
"2904",-337393.424
"2905",-334898.409
"2906",-336409.824
"2907",-336500.31
"2908",-336434.995
"2909",-336164.327
"2910",-336818.181
"2911",-337165.412
"2912",-337054.435
"2913",-335999.589
"2914",-335817.222
"2915",-334743.365
"2916",-335147.145
"2917",-336834.9
"2918",-334764.381
"2919",-336168.866
"2920",-336770.793
"2921",-336077.833
"2922",-336536.088
"2923",-336116.461
"2924",-335821.76
"2925",-338183.762
"2926",-337525.992
"2927",-337282.791
"2928",-335161.8
"2929",-337972.543
"2930",-336672.627
"2931",-338528.257
"2932",-337102.659
"2933",-338481.65
"2934",-334380.613
"2935",-336282.902
"2936",-338376.533
"2937",-337054.179
"2938",-336011.248
"2939",-337674.956
"2940",-335695.023
"2941",-335807.977
"2942",-335680.821
"2943",-337020.999
"2944",-337184.763
"2945",-337707.059
"2946",-336488.639
"2947",-335926.754
"2948",-337177.809
"2949",-337626.222
"2950",-337239.686
"2951",-335908.868
"2952",-335594.481
"2953",-335785.906
"2954",-334683.541
"2955",-335667.279
"2956",-336259.298
"2957",-336632.527
"2958",-338713.793
"2959",-337200.198
"2960",-336635.406
"2961",-336786.244
"2962",-335517.027
"2963",-335214.326
"2964",-337405.594
"2965",-336916.471
"2966",-339349.452
"2967",-335429.684
"2968",-336579.102
"2969",-335716.964
"2970",-335505.707
"2971",-335690.358
"2972",-335771.933
"2973",-337078.607
"2974",-336180.091
"2975",-335532.256
"2976",-334898.448
"2977",-338516.124
"2978",-336538.873
"2979",-335566.283
"2980",-336788.592
"2981",-336370.757
"2982",-337508.751
"2983",-335004.221
"2984",-336886.094
"2985",-337091.51
"2986",-336747.817
"2987",-337548.094
"2988",-334515.466
"2989",-336746.803
"2990",-338645.145
"2991",-335959.684
"2992",-338167.908
"2993",-335328.997
"2994",-335780.837
"2995",-335898.892
"2996",-336233.43
"2997",-335922.076
"2998",-338522.034
"2999",-337640.978
"3000",-337321.022
"3001",-336354.513
"3002",-335488.442
"3003",-336582.464
"3004",-334875.634
"3005",-337316.535
"3006",-335052.281
"3007",-335991.504
"3008",-336171.314
"3009",-335611.782
"3010",-336062.036
"3011",-336908.98
"3012",-336769.572
"3013",-336156.99
"3014",-335812.483
"3015",-336564.075
"3016",-335618.297
"3017",-337763.785
"3018",-337877.802
"3019",-336812.88
"3020",-335302.597
"3021",-337659.617
"3022",-335484.708
"3023",-336720.704
"3024",-336814.655
"3025",-337088.379
"3026",-335884.22
"3027",-336879.971
"3028",-338390.376
"3029",-334916.395
"3030",-336325.574
"3031",-335522.825
"3032",-337279.869
"3033",-336633.269
"3034",-335375.792
"3035",-335056.755
"3036",-337128.276
"3037",-334159.414
"3038",-335909.446
"3039",-336930.186
"3040",-335774.288
"3041",-336561.206
"3042",-336796.905
"3043",-336372.094
"3044",-335225.974
"3045",-335582.263
"3046",-336858.086
"3047",-337689.809
"3048",-335227.626
"3049",-336321.821
"3050",-335201.415
"3051",-338145.353
"3052",-338931.607
"3053",-336242.707
"3054",-335515.881
"3055",-335354.274
"3056",-336812.633
"3057",-339871.722
"3058",-338667.523
"3059",-336411.418
"3060",-335350.114
"3061",-337898.559
"3062",-335780.951
"3063",-337225.693
"3064",-337569.947
"3065",-335608.672
"3066",-335190.169
"3067",-336956.845
"3068",-336310.748
"3069",-335971.967
"3070",-335550.547
"3071",-334020.646
"3072",-338167.479
"3073",-335453.744
"3074",-335720.178
"3075",-335554.439
"3076",-336928.52
"3077",-338157.85
"3078",-335723.406
"3079",-336732.302
"3080",-337831.575
"3081",-338304.833
"3082",-333688.734
"3083",-335701.042
"3084",-336971.699
"3085",-333216.829
"3086",-335952.522
"3087",-337330.613
"3088",-337395.98
"3089",-335930.279
"3090",-338390.533
"3091",-337053.246
"3092",-334177.986
"3093",-337386.573
"3094",-337006.414
"3095",-336615.382
"3096",-334377.933
"3097",-337942.295
"3098",-338235.142
"3099",-339077.052
"3100",-336273.411
"3101",-338770.13
"3102",-337350.459
"3103",-336279.71
"3104",-338840.223
"3105",-335938.545
"3106",-335667.342
"3107",-335661.539
"3108",-336510.377
"3109",-336441.859
"3110",-334586.633
"3111",-335919.419
"3112",-335390.093
"3113",-338255.146
"3114",-335965.273
"3115",-336754.484
"3116",-336596.421
"3117",-337155.91
"3118",-335387.407
"3119",-337386.571
"3120",-336962.757
"3121",-336145.011
"3122",-335560.52
"3123",-337381.994
"3124",-337895.062
"3125",-335839.518
"3126",-338621.561
"3127",-336519.269
"3128",-338844.69
"3129",-337781.301
"3130",-338700.36
"3131",-335990.183
"3132",-335748.447
"3133",-335704.705
"3134",-335372.032
"3135",-335409.203
"3136",-336325.718
"3137",-338015.118
"3138",-337215.953
"3139",-336680.474
"3140",-337778.242
"3141",-336386.59
"3142",-337073.927
"3143",-337229.583
"3144",-336246.608
"3145",-335360.374
"3146",-338239.358
"3147",-337060.129
"3148",-335816.806
"3149",-338233.662
"3150",-334778.147
"3151",-336822.011
"3152",-337278.565
"3153",-337796.622
"3154",-336680.111
"3155",-338468.847
"3156",-338246.979
"3157",-337914.18
"3158",-337990.933
"3159",-335295.777
"3160",-336746.903
"3161",-338570.132
"3162",-335140.767
"3163",-338401.917
"3164",-336434.202
"3165",-336912.748
"3166",-336123.005
"3167",-337574.11
"3168",-335608.406
"3169",-336993.558
"3170",-338219.779
"3171",-336453.254
"3172",-337303.473
"3173",-335983.703
"3174",-337341.399
"3175",-337835.262
"3176",-336928.971
"3177",-335459.879
"3178",-338780.464
"3179",-336080.753
"3180",-337046.209
"3181",-336068.616
"3182",-335738.905
"3183",-334800.222
"3184",-335887.567
"3185",-337143.075
"3186",-336313.261
"3187",-338561.893
"3188",-335147.463
"3189",-336785.773
"3190",-337270.681
"3191",-337759.299
"3192",-334431.817
"3193",-334965.456
"3194",-338677.15
"3195",-336421.361
"3196",-337135.42
"3197",-334426.041
"3198",-338165.759
"3199",-336708.96
"3200",-336812.799
"3201",-335431.843
"3202",-335148.017
"3203",-336479.567
"3204",-335864.461
"3205",-338950.596
"3206",-335753.619
"3207",-334258.384
"3208",-338113.693
"3209",-335971.76
"3210",-335734.846
"3211",-336995.156
"3212",-336432.932
"3213",-336906.6
"3214",-336208.36
"3215",-337020.058
"3216",-336947.115
"3217",-336923.212
"3218",-337855.524
"3219",-335600.018
"3220",-336873.862
"3221",-338210.186
"3222",-337105.646
"3223",-337571.404
"3224",-333615.374
"3225",-335866.455
"3226",-334384.923
"3227",-338299.889
"3228",-334107.523
"3229",-338421.847
"3230",-335863.449
"3231",-338622.36
"3232",-335117.777
"3233",-335612.221
"3234",-338931.069
"3235",-334722.242
"3236",-338496.833
"3237",-337535.063
"3238",-333886.447
"3239",-334603.51
"3240",-337905.943
"3241",-338239.553
"3242",-335319.14
"3243",-335172.507
"3244",-337630.457
"3245",-336687.849
"3246",-336097.077
"3247",-337328.037
"3248",-335668.486
"3249",-337428.897
"3250",-335589.492
"3251",-335128.723
"3252",-334938.701
"3253",-336425.634
"3254",-337359.627
"3255",-335610.117
"3256",-336029.427
"3257",-337540.635
"3258",-336640.334
"3259",-337112.354
"3260",-336198.414
"3261",-338947.585
"3262",-334510.205
"3263",-336426.288
"3264",-336930.728
"3265",-337263.217
"3266",-337379.443
"3267",-335844.465
"3268",-337304.701
"3269",-335645.063
"3270",-336373.681
"3271",-337279.215
"3272",-335102.812
"3273",-335495.908
"3274",-335110.488
"3275",-336727.499
"3276",-334381.272
"3277",-337621.119
"3278",-335689.679
"3279",-335207.132
"3280",-337966.534
"3281",-333760.282
"3282",-336550.732
"3283",-335164.066
"3284",-336831.996
"3285",-337525.43
"3286",-336111.602
"3287",-337588.775
"3288",-338579.439
"3289",-338043.868
"3290",-335374.512
"3291",-335573.497
"3292",-336082.321
"3293",-336069.569
"3294",-337081.831
"3295",-337555.177
"3296",-336532.977
"3297",-338110.505
"3298",-335687.223
"3299",-336940.614
"3300",-334761.847
"3301",-335885.625
"3302",-337318.461
"3303",-336456.753
"3304",-335836.601
"3305",-337198.753
"3306",-334234.466
"3307",-338288.089
"3308",-334444.585
"3309",-336115.522
"3310",-335178.527
"3311",-337841.593
"3312",-335370.976
"3313",-336511.598
"3314",-336472.521
"3315",-336062.3
"3316",-336032.842
"3317",-336268.804
"3318",-334494.964
"3319",-338033.916
"3320",-335984.899
"3321",-336346.67
"3322",-334276.106
"3323",-336708.299
"3324",-337147.904
"3325",-337938.996
"3326",-337666.246
"3327",-337623.587
"3328",-337747.411
"3329",-336021.13
"3330",-338968.351
"3331",-336374.658
"3332",-337237.806
"3333",-336064.662
"3334",-337019.503
"3335",-336735.32
"3336",-338372.098
"3337",-337000.729
"3338",-335799.322
"3339",-335765
"3340",-336564.022
"3341",-336786.642
"3342",-337467.77
"3343",-336557.604
"3344",-335628.135
"3345",-335947.973
"3346",-336945.491
"3347",-337922.109
"3348",-336164.089
"3349",-336543.779
"3350",-335868.084
"3351",-338198.942
"3352",-335466.11
"3353",-335597.829
"3354",-336134.812
"3355",-337244.065
"3356",-335749.344
"3357",-337193.769
"3358",-334655.86
"3359",-338591.062
"3360",-334708.256
"3361",-336790.608
"3362",-336834.523
"3363",-335161.785
"3364",-334475.394
"3365",-336211.891
"3366",-336209.305
"3367",-334706.984
"3368",-337122.533
"3369",-335906.951
"3370",-336728.176
"3371",-336502.947
"3372",-337879.149
"3373",-336859.821
"3374",-336341.405
"3375",-335728.9
"3376",-337593.694
"3377",-335541.924
"3378",-336862.141
"3379",-334840.851
"3380",-336328.096
"3381",-337341.991
"3382",-336504.421
"3383",-336912.407
"3384",-339160.483
"3385",-338121.066
"3386",-337613.024
"3387",-335873.635
"3388",-336936.926
"3389",-338036.457
"3390",-336120.58
"3391",-336236.841
"3392",-337958.228
"3393",-338273.856
"3394",-334554.534
"3395",-334711.689
"3396",-336252.61
"3397",-334102.059
"3398",-336895.924
"3399",-336797.345
"3400",-337630.724
"3401",-336525.391
"3402",-335814.431
"3403",-337907.984
"3404",-337027.52
"3405",-336486.328
"3406",-335558.065
"3407",-338011.552
"3408",-334854.665
"3409",-338050.475
"3410",-336383.158
"3411",-336012.488
"3412",-335540.565
"3413",-336177.741
"3414",-337180.12
"3415",-338476.122
"3416",-335384.965
"3417",-336509.937
"3418",-336490.922
"3419",-336005.984
"3420",-337372.3
"3421",-336274.054
"3422",-338444.326
"3423",-337744.72
"3424",-337607.132
"3425",-339324.023
"3426",-338050.131
"3427",-335438.385
"3428",-337473.166
"3429",-336895.719
"3430",-338029.914
"3431",-336070.828
"3432",-335402.417
"3433",-336924.699
"3434",-336697.267
"3435",-334827.895
"3436",-335123.635
"3437",-336076.348
"3438",-336897.095
"3439",-336122.383
"3440",-336003.264
"3441",-337858.629
"3442",-337168.684
"3443",-337313.558
"3444",-336134.577
"3445",-336756.683
"3446",-338297.67
"3447",-335419.397
"3448",-337011.813
"3449",-338039.927
"3450",-337878.794
"3451",-337317.346
"3452",-334502.564
"3453",-335800.529
"3454",-336431.678
"3455",-335091.865
"3456",-338660.176
"3457",-335122.576
"3458",-336199.866
"3459",-337394.057
"3460",-337040.688
"3461",-337731.65
"3462",-334991.876
"3463",-337920.122
"3464",-338655.578
"3465",-335749.266
"3466",-338456.024
"3467",-337147.526
"3468",-334684.394
"3469",-335200.984
"3470",-335697.014
"3471",-337586.063
"3472",-337074.45
"3473",-336945.337
"3474",-335366.349
"3475",-337751.165
"3476",-336323.176
"3477",-336073.52
"3478",-336496.543
"3479",-335851.194
"3480",-335600.808
"3481",-337077.462
"3482",-336264.657
"3483",-336622.166
"3484",-336923.13
"3485",-336699.247
"3486",-336609.151
"3487",-336081.846
"3488",-337438.328
"3489",-337160.622
"3490",-334281.868
"3491",-337436.308
"3492",-337557.439
"3493",-335266.587
"3494",-338489.451
"3495",-337799.225
"3496",-333713.421
"3497",-335277.63
"3498",-337344.683
"3499",-337692.089
"3500",-336285.599
"3501",-336683.095
"3502",-336889.882
"3503",-336756.155
"3504",-336918.661
"3505",-337405.523
"3506",-336038.376
"3507",-336459.302
"3508",-336423.884
"3509",-338135.714
"3510",-337606.455
"3511",-337981.381
"3512",-335890.849
"3513",-338017.364
"3514",-336607.101
"3515",-336996.653
"3516",-337676.281
"3517",-337692.874
"3518",-333083.515
"3519",-336259.374
"3520",-334435.994
"3521",-337626.335
"3522",-338080.845
"3523",-336303.664
"3524",-339730.016
"3525",-336168.365
"3526",-336321.262
"3527",-335181.301
"3528",-334487.37
"3529",-336789.646
"3530",-335957.732
"3531",-338303.542
"3532",-335971.582
"3533",-337194.214
"3534",-337015.931
"3535",-337456.239
"3536",-335581.957
"3537",-337347.799
"3538",-335604.116
"3539",-337005.915
"3540",-337350.047
"3541",-337462.172
"3542",-336105.416
"3543",-334265.949
"3544",-336735.457
"3545",-336211.382
"3546",-338970.403
"3547",-336684.26
"3548",-335798.286
"3549",-335488.563
"3550",-336255.32
"3551",-337230.201
"3552",-336469.737
"3553",-335471.619
"3554",-336207.782
"3555",-335993.665
"3556",-336960.229
"3557",-335680.951
"3558",-336786.709
"3559",-337199.602
"3560",-336597.289
"3561",-337126.006
"3562",-334407.335
"3563",-336636.512
"3564",-334923.402
"3565",-338779.949
"3566",-337399.651
"3567",-336385.515
"3568",-337850.652
"3569",-333934.529
"3570",-334402.064
"3571",-336744.699
"3572",-336628.466
"3573",-337759.433
"3574",-337738.532
"3575",-335712.04
"3576",-335441.795
"3577",-335672.088
"3578",-335323.148
"3579",-338514.379
"3580",-334817.761
"3581",-336919.301
"3582",-335366.781
"3583",-337204.32
"3584",-336603.291
"3585",-337289.32
"3586",-337815.091
"3587",-333007.258
"3588",-335685.409
"3589",-336848.241
"3590",-334836.858
"3591",-339845.681
"3592",-336452.518
"3593",-334617.525
"3594",-335129.471
"3595",-337220.962
"3596",-336395.321
"3597",-337181.166
"3598",-337023.066
"3599",-335802.768
"3600",-334710.7
"3601",-338502.414
"3602",-337032.352
"3603",-336702.243
"3604",-335535.43
"3605",-336109.327
"3606",-338917.026
"3607",-339138.514
"3608",-337852.539
"3609",-338611.226
"3610",-336208.508
"3611",-336698.418
"3612",-335641.49
"3613",-337687.645
"3614",-336868.85
"3615",-335954.26
"3616",-338329.364
"3617",-335721.794
"3618",-336898.849
"3619",-337883.649
"3620",-335944.923
"3621",-335881.608
"3622",-340097.039
"3623",-338106.531
"3624",-336907.55
"3625",-336784.335
"3626",-337458.085
"3627",-334789.887
"3628",-335243.458
"3629",-337102.143
"3630",-336770.931
"3631",-336114.069
"3632",-336958.226
"3633",-336784.616
"3634",-336045.696
"3635",-335174.585
"3636",-337097.096
"3637",-336552.346
"3638",-338909.151
"3639",-338244.329
"3640",-338002.821
"3641",-334920.768
"3642",-335191.102
"3643",-336653.042
"3644",-338170.996
"3645",-336603.761
"3646",-336352.569
"3647",-336113.608
"3648",-333636.349
"3649",-334466.435
"3650",-336363.8
"3651",-337636.191
"3652",-337297.469
"3653",-336786.173
"3654",-336762.871
"3655",-338732.365
"3656",-335444.744
"3657",-336033.495
"3658",-339170.738
"3659",-335494.756
"3660",-337730.639
"3661",-336952.496
"3662",-339284.839
"3663",-337996.171
"3664",-336444.889
"3665",-336648.306
"3666",-336713.307
"3667",-337918.359
"3668",-337069.392
"3669",-338428.152
"3670",-336698.803
"3671",-337227.208
"3672",-337912.869
"3673",-336645.908
"3674",-337551.845
"3675",-338488.18
"3676",-336977.462
"3677",-337624.615
"3678",-337692.891
"3679",-336729.08
"3680",-335121.953
"3681",-337710.235
"3682",-335598.447
"3683",-336323.697
"3684",-337121.1
"3685",-336824.479
"3686",-334275.059
"3687",-337698.213
"3688",-337627.901
"3689",-336585.93
"3690",-336952.311
"3691",-335857.685
"3692",-336826.882
"3693",-336490.097
"3694",-335111.208
"3695",-336868.443
"3696",-336261.541
"3697",-338812.419
"3698",-336990.513
"3699",-336869.318
"3700",-337398.709
"3701",-334829.306
"3702",-338019.385
"3703",-338945.573
"3704",-338103.241
"3705",-336920.026
"3706",-337695.557
"3707",-337436.942
"3708",-337656.999
"3709",-336930.011
"3710",-336045.063
"3711",-337738.678
"3712",-338264.697
"3713",-337324.607
"3714",-336350.963
"3715",-336270.638
"3716",-336728.606
"3717",-336945.864
"3718",-336274.303
"3719",-336259.043
"3720",-337787.353
"3721",-336362.221
"3722",-336965.748
"3723",-338194.066
"3724",-338629.402
"3725",-338201.402
"3726",-334502.443
"3727",-335489.961
"3728",-338049.772
"3729",-334542.011
"3730",-339384.965
"3731",-336937.609
"3732",-337054.113
"3733",-337026.837
"3734",-335254.891
"3735",-335659.977
"3736",-336152.058
"3737",-336878.379
"3738",-336561.193
"3739",-334890.644
"3740",-337766.575
"3741",-335194.762
"3742",-335382.973
"3743",-335000.782
"3744",-336414.179
"3745",-337640.517
"3746",-338890.569
"3747",-338105.582
"3748",-336784.617
"3749",-337584.477
"3750",-336282.643
"3751",-335228.405
"3752",-336367.774
"3753",-337321.233
"3754",-336521.902
"3755",-336701.121
"3756",-336371.609
"3757",-334827.403
"3758",-335573.302
"3759",-334630.672
"3760",-336545.244
"3761",-334092.463
"3762",-336173.116
"3763",-336788.1
"3764",-336858.387
"3765",-339363.312
"3766",-338038.64
"3767",-338499.842
"3768",-337108.578
"3769",-336235.981
"3770",-337534.602
"3771",-336045.061
"3772",-334351.88
"3773",-337485.302
"3774",-338670.473
"3775",-335701.922
"3776",-336435.152
"3777",-334683.476
"3778",-335971.542
"3779",-336714.052
"3780",-337232.349
"3781",-337621.387
"3782",-335532.225
"3783",-337006.564
"3784",-336217.906
"3785",-338377.772
"3786",-335755.104
"3787",-334831.075
"3788",-338319.826
"3789",-336628.939
"3790",-336774.662
"3791",-337372.397
"3792",-338019.5
"3793",-336405.318
"3794",-337824.381
"3795",-337341.495
"3796",-334890.886
"3797",-337010.238
"3798",-335999.498
"3799",-335074.558
"3800",-335193.146
"3801",-334808.546
"3802",-337309.961
"3803",-335627.15
"3804",-334825.752
"3805",-336881.824
"3806",-336643.06
"3807",-337497.935
"3808",-337618.673
"3809",-337267.382
"3810",-336318.133
"3811",-334714.081
"3812",-334913.097
"3813",-337113.107
"3814",-333272.247
"3815",-337135.76
"3816",-336302.197
"3817",-336137.072
"3818",-336701.909
"3819",-335182.043
"3820",-334684.181
"3821",-335204.788
"3822",-337576.515
"3823",-334258.894
"3824",-336081.235
"3825",-335962.845
"3826",-336646.974
"3827",-336617.974
"3828",-334119.857
"3829",-335119.143
"3830",-336312.486
"3831",-334725.211
"3832",-335297.525
"3833",-334439.257
"3834",-336041.189
"3835",-337443.481
"3836",-336094.273
"3837",-337321.661
"3838",-338434.976
"3839",-337641.142
"3840",-336896.393
"3841",-334896.864
"3842",-336480.662
"3843",-335411.905
"3844",-335605.735
"3845",-338083.796
"3846",-335068.676
"3847",-336747.846
"3848",-337211.58
"3849",-335489.475
"3850",-337176.446
"3851",-336723.384
"3852",-337867.546
"3853",-337701.199
"3854",-338013.02
"3855",-336797.051
"3856",-335657.368
"3857",-337709.465
"3858",-336592.029
"3859",-334788.362
"3860",-337056.784
"3861",-337316.338
"3862",-335218.119
"3863",-336033.547
"3864",-335883.199
"3865",-336617.936
"3866",-335494.625
"3867",-335509.773
"3868",-337918.312
"3869",-336268.886
"3870",-337272.188
"3871",-337446.771
"3872",-336862.619
"3873",-338661.101
"3874",-335859.726
"3875",-337226.863
"3876",-335250.145
"3877",-335028.341
"3878",-336017.974
"3879",-335236.935
"3880",-335395.827
"3881",-334801.171
"3882",-337068.822
"3883",-333830.614
"3884",-337121.003
"3885",-334832.531
"3886",-336567.693
"3887",-335188.634
"3888",-338090.148
"3889",-335359.366
"3890",-337203.798
"3891",-336505.373
"3892",-336510.253
"3893",-336185.161
"3894",-338180.904
"3895",-335625.114
"3896",-337001.006
"3897",-334903.46
"3898",-334867.12
"3899",-336216.289
"3900",-336104.302
"3901",-338790.236
"3902",-336147.135
"3903",-334340.656
"3904",-337589.224
"3905",-336551.401
"3906",-336090.755
"3907",-335552.766
"3908",-336498.469
"3909",-337401.633
"3910",-335058.695
"3911",-336617.252
"3912",-336026.134
"3913",-336839.942
"3914",-336682.452
"3915",-332355.542
"3916",-336332.02
"3917",-337178.088
"3918",-333561.321
"3919",-336078.15
"3920",-335521.461
"3921",-334783.069
"3922",-337450.494
"3923",-336652.728
"3924",-335715.538
"3925",-334606.123
"3926",-336835.727
"3927",-336717.5
"3928",-337228.017
"3929",-337115.039
"3930",-336085.44
"3931",-337791.763
"3932",-333552.615
"3933",-337728.046
"3934",-336657.87
"3935",-337457.864
"3936",-337231.792
"3937",-336367.285
"3938",-336447.545
"3939",-337099.091
"3940",-334207.715
"3941",-336791.845
"3942",-336377.668
"3943",-336997.085
"3944",-338094.861
"3945",-337784.39
"3946",-335257.268
"3947",-338262.136
"3948",-334093.73
"3949",-337396.751
"3950",-338038.192
"3951",-337682.141
"3952",-337311.712
"3953",-336809.444
"3954",-334685.553
"3955",-335379.984
"3956",-335517.557
"3957",-335711.588
"3958",-336249.587
"3959",-335590.935
"3960",-336604.948
"3961",-335130.174
"3962",-337173.345
"3963",-335153.418
"3964",-336427.583
"3965",-337511.327
"3966",-336203.549
"3967",-334895.33
"3968",-334055.685
"3969",-335191.145
"3970",-334991.003
"3971",-336102.284
"3972",-336882.436
"3973",-335401.579
"3974",-334354.855
"3975",-337060.654
"3976",-335266.875
"3977",-337971.26
"3978",-335676.956
"3979",-336134.488
"3980",-338170.822
"3981",-337115.105
"3982",-338927.415
"3983",-335413.74
"3984",-338708.87
"3985",-334709.008
"3986",-336649.938
"3987",-336139.484
"3988",-335141.062
"3989",-337564.795
"3990",-336695.277
"3991",-336294.156
"3992",-336764.03
"3993",-337055.667
"3994",-338243.561
"3995",-335671.477
"3996",-336316.13
"3997",-337063.93
"3998",-338004.681
"3999",-337497.466
"4000",-336785.024
"4001",-338335.192
"4002",-336598.263
"4003",-335698.116
"4004",-336297.448
"4005",-336682.331
"4006",-337342.006
"4007",-335894.212
"4008",-336871.074
"4009",-334812.186
"4010",-335801.012
"4011",-340117.163
"4012",-337654.105
"4013",-338176.347
"4014",-337462.609
"4015",-337937.624
"4016",-337544.242
"4017",-337099.287
"4018",-336246.003
"4019",-338840.208
"4020",-336109.891
"4021",-335229.38
"4022",-334134.553
"4023",-336632.84
"4024",-336684.905
"4025",-336461.212
"4026",-337369.202
"4027",-335053.703
"4028",-336338.744
"4029",-336025.671
"4030",-336450.346
"4031",-339141.495
"4032",-337823.916
"4033",-336707.92
"4034",-336193.323
"4035",-336334.999
"4036",-338049.452
"4037",-336384.922
"4038",-338506.531
"4039",-335978.619
"4040",-335429.252
"4041",-336265.653
"4042",-334834.13
"4043",-336466.543
"4044",-337414.389
"4045",-339097.275
"4046",-336336.971
"4047",-335454.383
"4048",-336976.796
"4049",-336491.639
"4050",-336630.783
"4051",-339214.227
"4052",-336037.94
"4053",-335995.966
"4054",-336508.448
"4055",-338004.124
"4056",-335489.585
"4057",-337346.732
"4058",-337138.012
"4059",-337562.267
"4060",-336761.178
"4061",-335530.606
"4062",-336930.713
"4063",-337329.212
"4064",-338365.799
"4065",-334537.169
"4066",-337599.379
"4067",-335893.674
"4068",-334428.059
"4069",-335686.516
"4070",-337735.159
"4071",-337143.964
"4072",-335848.799
"4073",-336538.976
"4074",-335746.248
"4075",-332903.879
"4076",-336731.686
"4077",-336427.113
"4078",-336145.177
"4079",-338237.085
"4080",-336052.859
"4081",-335757.389
"4082",-337152.476
"4083",-338559.963
"4084",-338238.21
"4085",-336187.451
"4086",-336589.415
"4087",-336018.379
"4088",-336857.142
"4089",-337098.261
"4090",-336290.825
"4091",-336602.78
"4092",-335044.067
"4093",-335703.922
"4094",-336483.496
"4095",-335453.812
"4096",-335980.16
"4097",-339783.977
"4098",-336964.594
"4099",-336726.871
"4100",-336192.772
"4101",-336995.942
"4102",-338668.018
"4103",-336432.298
"4104",-334300.224
"4105",-336822.548
"4106",-337042.036
"4107",-337028.36
"4108",-336030.802
"4109",-337312.24
"4110",-337710.503
"4111",-340454.034
"4112",-335929.351
"4113",-339740.647
"4114",-338000.431
"4115",-337522.343
"4116",-336989.554
"4117",-336231.964
"4118",-338682.924
"4119",-336014.703
"4120",-337563.284
"4121",-335918.186
"4122",-336551.07
"4123",-336009.937
"4124",-337596.83
"4125",-334578.457
"4126",-336044.495
"4127",-337485.812
"4128",-336428.764
"4129",-337185.71
"4130",-337004.706
"4131",-335039.035
"4132",-338177.632
"4133",-337656.073
"4134",-338600.783
"4135",-335492.407
"4136",-335508.319
"4137",-337462.759
"4138",-334995.947
"4139",-336751.455
"4140",-337155.888
"4141",-335895.518
"4142",-336136.377
"4143",-337849.113
"4144",-336236.538
"4145",-336441.53
"4146",-336467.803
"4147",-335570.644
"4148",-335429.779
"4149",-336670.028
"4150",-335756.346
"4151",-337735.159
"4152",-336635.309
"4153",-335536.981
"4154",-337787.17
"4155",-335386.22
"4156",-337347.334
"4157",-336366.45
"4158",-336651.113
"4159",-336731.865
"4160",-335891.94
"4161",-336393.093
"4162",-335411.049
"4163",-336268.061
"4164",-334757.119
"4165",-338830.749
"4166",-338353.488
"4167",-335034.268
"4168",-337200.96
"4169",-337894.252
"4170",-336401.675
"4171",-336011.577
"4172",-336616.114
"4173",-336041.891
"4174",-338794.995
"4175",-336779.141
"4176",-338952.643
"4177",-337664.378
"4178",-335153.861
"4179",-336514.151
"4180",-335324.816
"4181",-334502.867
"4182",-335289.484
"4183",-334159.353
"4184",-335719.433
"4185",-336740.542
"4186",-335132.54
"4187",-337343.658
"4188",-336394.18
"4189",-335936.018
"4190",-336044.583
"4191",-332727.402
"4192",-336667.829
"4193",-337044.816
"4194",-334931.978
"4195",-338080.057
"4196",-336371.314
"4197",-337599.495
"4198",-338379.832
"4199",-336158.612
"4200",-337361.526
"4201",-337657.076
"4202",-336759.114
"4203",-335201.201
"4204",-337777.452
"4205",-337282.682
"4206",-337458.8
"4207",-335432.042
"4208",-336221.784
"4209",-338379.987
"4210",-336045.842
"4211",-337294.297
"4212",-336142.92
"4213",-336541.464
"4214",-336288.124
"4215",-336651.049
"4216",-337839.115
"4217",-335462.807
"4218",-337660.463
"4219",-336892.287
"4220",-338245.186
"4221",-336148.34
"4222",-336371.809
"4223",-334712.586
"4224",-337173.656
"4225",-337422.95
"4226",-336131.662
"4227",-336232.778
"4228",-337303.781
"4229",-337737.914
"4230",-337281.949
"4231",-336241.992
"4232",-336150.446
"4233",-335288.782
"4234",-336958.537
"4235",-340473.559
"4236",-337431.2
"4237",-335156.37
"4238",-335724.404
"4239",-338864.059
"4240",-337395.042
"4241",-336125.115
"4242",-337985.033
"4243",-336510.472
"4244",-336519.396
"4245",-336109.687
"4246",-337148.384
"4247",-336253.936
"4248",-337203.245
"4249",-338142.143
"4250",-336922.828
"4251",-336943.084
"4252",-336652.387
"4253",-337020.406
"4254",-335916.45
"4255",-336087.377
"4256",-338693.201
"4257",-337695.208
"4258",-335009.213
"4259",-336342.761
"4260",-338077.362
"4261",-336515.504
"4262",-338224.129
"4263",-337266.386
"4264",-336394.414
"4265",-335644.519
"4266",-334987.842
"4267",-336987.824
"4268",-337994.513
"4269",-336576.7
"4270",-337674.632
"4271",-337003.222
"4272",-336736.141
"4273",-337022.045
"4274",-337420.126
"4275",-335956.032
"4276",-337011.899
"4277",-336156.944
"4278",-337578.707
"4279",-336855.175
"4280",-337984.117
"4281",-337484.947
"4282",-339037.209
"4283",-335947.548
"4284",-338151.089
"4285",-337655.295
"4286",-335320.687
"4287",-334137.776
"4288",-337038.689
"4289",-336007.492
"4290",-337010.059
"4291",-337789.06
"4292",-337814.955
"4293",-334811.551
"4294",-335157.702
"4295",-334494.363
"4296",-335808.021
"4297",-336732.289
"4298",-335863.499
"4299",-337322.769
"4300",-335260.216
"4301",-335712.773
"4302",-337862.543
"4303",-337181.147
"4304",-336248.884
"4305",-337699.912
"4306",-335971.511
"4307",-337290.297
"4308",-335754.716
"4309",-337085.843
"4310",-335064.469
"4311",-336804.799
"4312",-335477.984
"4313",-337431.954
"4314",-338089.133
"4315",-336416.289
"4316",-336161.357
"4317",-334341.719
"4318",-337988.871
"4319",-335293.841
"4320",-336851.666
"4321",-336366.558
"4322",-335585.06
"4323",-339044.171
"4324",-336996.28
"4325",-335367.869
"4326",-336713.22
"4327",-336851.401
"4328",-336967.149
"4329",-338737.563
"4330",-335044.857
"4331",-335398.67
"4332",-335885.055
"4333",-337643.147
"4334",-338051.541
"4335",-336693.172
"4336",-337921.12
"4337",-335207.968
"4338",-338496.368
"4339",-336043.059
"4340",-334423.791
"4341",-334643.929
"4342",-335716.111
"4343",-337379.18
"4344",-336128.45
"4345",-335617.081
"4346",-334969.761
"4347",-338491.199
"4348",-337758.774
"4349",-336767.122
"4350",-334846.328
"4351",-336793.023
"4352",-335597.39
"4353",-336916.383
"4354",-336980.02
"4355",-338391.142
"4356",-335730.98
"4357",-334760.539
"4358",-337563.178
"4359",-336873.074
"4360",-335274.347
"4361",-335981.6
"4362",-337294.993
"4363",-335558.548
"4364",-336160.358
"4365",-335023.978
"4366",-335746.684
"4367",-335454.299
"4368",-335038.819
"4369",-336669.269
"4370",-335566.013
"4371",-335611.971
"4372",-334520.941
"4373",-336286.367
"4374",-336029.567
"4375",-337053.283
"4376",-336549.839
"4377",-336280.616
"4378",-336441.969
"4379",-335279.216
"4380",-335671.814
"4381",-335984.569
"4382",-336833.112
"4383",-335671.774
"4384",-335642.73
"4385",-336742.844
"4386",-336323.931
"4387",-337018.495
"4388",-335072.11
"4389",-333063.851
"4390",-339908.915
"4391",-335479.347
"4392",-337211.888
"4393",-335352.239
"4394",-334551.284
"4395",-336684.418
"4396",-336637.373
"4397",-336697.772
"4398",-336895.645
"4399",-337054.303
"4400",-336245.309
"4401",-335415.64
"4402",-335777.822
"4403",-334572.993
"4404",-336605.758
"4405",-335643.97
"4406",-335342.683
"4407",-335296.164
"4408",-336402.155
"4409",-335544.244
"4410",-335682.338
"4411",-337792.233
"4412",-337542.393
"4413",-336749.727
"4414",-335796.441
"4415",-336459.08
"4416",-337695.051
"4417",-334981.559
"4418",-336886.949
"4419",-334441.608
"4420",-336837.201
"4421",-337050.149
"4422",-335841.18
"4423",-337165.851
"4424",-336270.976
"4425",-337760.325
"4426",-337515.621
"4427",-335135.016
"4428",-334919.824
"4429",-336481.672
"4430",-337199.497
"4431",-335905.455
"4432",-336873.531
"4433",-337505.069
"4434",-336192.634
"4435",-337880.797
"4436",-338580.373
"4437",-339471.213
"4438",-336577.788
"4439",-337467.922
"4440",-335779.936
"4441",-336169.763
"4442",-337662.126
"4443",-335032.722
"4444",-337274.392
"4445",-338096.353
"4446",-337462.654
"4447",-335443.372
"4448",-336911.323
"4449",-336828.231
"4450",-336384.887
"4451",-337327.391
"4452",-337199.134
"4453",-335854.875
"4454",-335240.928
"4455",-338046.956
"4456",-335580.461
"4457",-334690.77
"4458",-337622.403
"4459",-336487.294
"4460",-337991.583
"4461",-336667.148
"4462",-335608.541
"4463",-336334.303
"4464",-336324.628
"4465",-335889.881
"4466",-334670.413
"4467",-335598.39
"4468",-337939.711
"4469",-335019.724
"4470",-337812.457
"4471",-336426.543
"4472",-340219.389
"4473",-335438.103
"4474",-337209.459
"4475",-336686.747
"4476",-338795.718
"4477",-336638.501
"4478",-336701.787
"4479",-336739.776
"4480",-337472.87
"4481",-336501.871
"4482",-337120.264
"4483",-335461.965
"4484",-337893.59
"4485",-336937.062
"4486",-335984.507
"4487",-334831.869
"4488",-335219.639
"4489",-337079.697
"4490",-337804.915
"4491",-337267.767
"4492",-336415.292
"4493",-337974.548
"4494",-337919.853
"4495",-335695.153
"4496",-336326.472
"4497",-336910.963
"4498",-335699.694
"4499",-337190.275
"4500",-335414.148
"4501",-336885.845
"4502",-338601.21
"4503",-338690.896
"4504",-336540.207
"4505",-339451.579
"4506",-338683.205
"4507",-335973.137
"4508",-334768.579
"4509",-335826.816
"4510",-336845.191
"4511",-337674.168
"4512",-336806.669
"4513",-338350.264
"4514",-336040.798
"4515",-337279.5
"4516",-336020.527
"4517",-338238.607
"4518",-337768.801
"4519",-336583.997
"4520",-334565.461
"4521",-334920.521
"4522",-334193.883
"4523",-336324.414
"4524",-337856.672
"4525",-337059.336
"4526",-337344.163
"4527",-338604.219
"4528",-338438.175
"4529",-337115.148
"4530",-337524.077
"4531",-337714.722
"4532",-338351.689
"4533",-336002.287
"4534",-336485.728
"4535",-336102.868
"4536",-336080.598
"4537",-337585.974
"4538",-336972.684
"4539",-334342.205
"4540",-335361.33
"4541",-336551.264
"4542",-334565.003
"4543",-335934.771
"4544",-336282.967
"4545",-334583.79
"4546",-335418.219
"4547",-337657.854
"4548",-337193.389
"4549",-338192.923
"4550",-336759.238
"4551",-334859.182
"4552",-335973.584
"4553",-337390.461
"4554",-338559.202
"4555",-336541.923
"4556",-338712.452
"4557",-336163.634
"4558",-337382.737
"4559",-335321.43
"4560",-337442.934
"4561",-337361.811
"4562",-335267.745
"4563",-338636.569
"4564",-336038.146
"4565",-334581.926
"4566",-338981.95
"4567",-337020.431
"4568",-335744.376
"4569",-336117.234
"4570",-336087.475
"4571",-335894.61
"4572",-335194.063
"4573",-336000.895
"4574",-337286.875
"4575",-336939.923
"4576",-336826.113
"4577",-337552.683
"4578",-334108.196
"4579",-335747.579
"4580",-336808.019
"4581",-336775.168
"4582",-336851.614
"4583",-336675.29
"4584",-335698.892
"4585",-337140.638
"4586",-335445.125
"4587",-336771.624
"4588",-335663.869
"4589",-337880.092
"4590",-335865.21
"4591",-336996.164
"4592",-336227.252
"4593",-337043.154
"4594",-335310.325
"4595",-337286.642
"4596",-337478.481
"4597",-335585.384
"4598",-336920.122
"4599",-335830.542
"4600",-336560.552
"4601",-335430.785
"4602",-336251.446
"4603",-337208.484
"4604",-337295.041
"4605",-337694.094
"4606",-335420.6
"4607",-334460.29
"4608",-335659.337
"4609",-335273.77
"4610",-335970.987
"4611",-335602.904
"4612",-337024.004
"4613",-336061.058
"4614",-337235.279
"4615",-334812.925
"4616",-334283.669
"4617",-337800.493
"4618",-337966.252
"4619",-334876.607
"4620",-335229.079
"4621",-336953.342
"4622",-336092.04
"4623",-339392.752
"4624",-334468.315
"4625",-335861.225
"4626",-337199.79
"4627",-334648.152
"4628",-333999.15
"4629",-338185.954
"4630",-335491.776
"4631",-336163.418
"4632",-336276.182
"4633",-335881.973
"4634",-336712.404
"4635",-336443.506
"4636",-337242.211
"4637",-338657.77
"4638",-336998.018
"4639",-336742.799
"4640",-334366.427
"4641",-336064.952
"4642",-335505.78
"4643",-337556.085
"4644",-337885.957
"4645",-335384.251
"4646",-337896.039
"4647",-335241.243
"4648",-337196.416
"4649",-336954.091
"4650",-334531.818
"4651",-335009.837
"4652",-334590.046
"4653",-337144.315
"4654",-336023.264
"4655",-335724.865
"4656",-339343.76
"4657",-337812.031
"4658",-336177.085
"4659",-337730.55
"4660",-337604.732
"4661",-338934.384
"4662",-335915.6
"4663",-336701.079
"4664",-336489.489
"4665",-338212.646
"4666",-336298.994
"4667",-334616.302
"4668",-336095.204
"4669",-336302.016
"4670",-338569.925
"4671",-338577.888
"4672",-335603.903
"4673",-336962.877
"4674",-336968.138
"4675",-335217.551
"4676",-336451.372
"4677",-336100.418
"4678",-339233.825
"4679",-336673.477
"4680",-334571.002
"4681",-336667.697
"4682",-337080.968
"4683",-336673.562
"4684",-337447.83
"4685",-336921.648
"4686",-335787.402
"4687",-336931.282
"4688",-336703.564
"4689",-337835.295
"4690",-336573.824
"4691",-336752.947
"4692",-336455.455
"4693",-336455.457
"4694",-335631.456
"4695",-337049.314
"4696",-335218.708
"4697",-337535.522
"4698",-336673.243
"4699",-338312.693
"4700",-334873.764
"4701",-335503.055
"4702",-337865.247
"4703",-335031.947
"4704",-338601.99
"4705",-337930.79
"4706",-338389.546
"4707",-336914.448
"4708",-336389.076
"4709",-337482.016
"4710",-336275.674
"4711",-336021.691
"4712",-335577.53
"4713",-335914.651
"4714",-336979.928
"4715",-337599.651
"4716",-337806.107
"4717",-337415.176
"4718",-336277.823
"4719",-335374.553
"4720",-336985.699
"4721",-337374.515
"4722",-338134.6
"4723",-334682.97
"4724",-334558.234
"4725",-335909.212
"4726",-335900.266
"4727",-336500.771
"4728",-336307.846
"4729",-334812.607
"4730",-335912.958
"4731",-334511.637
"4732",-335768.775
"4733",-338333.808
"4734",-337781.709
"4735",-335451.748
"4736",-335085.496
"4737",-335801.836
"4738",-336788.738
"4739",-335447.908
"4740",-337075.043
"4741",-334634.36
"4742",-338786.846
"4743",-336639.081
"4744",-337356.603
"4745",-336177.09
"4746",-337044.227
"4747",-338841.503
"4748",-335403.919
"4749",-336099.181
"4750",-334772.836
"4751",-339306.285
"4752",-337008.576
"4753",-335669.684
"4754",-336871.262
"4755",-334023.3
"4756",-337352.135
"4757",-337160.464
"4758",-336688.285
"4759",-336996.906
"4760",-335656.473
"4761",-337270.9
"4762",-338908.074
"4763",-337984.559
"4764",-335295.294
"4765",-335986.461
"4766",-337262.969
"4767",-339819.356
"4768",-337278.586
"4769",-337327.032
"4770",-338680.728
"4771",-337150.854
"4772",-336094.768
"4773",-338685.97
"4774",-336686.071
"4775",-336869.44
"4776",-338966.927
"4777",-336330.038
"4778",-335851.961
"4779",-335880.599
"4780",-336087.055
"4781",-336538.705
"4782",-336297.157
"4783",-335660.622
"4784",-338529.969
"4785",-335495.421
"4786",-337051.521
"4787",-335903.004
"4788",-335124.609
"4789",-337530.142
"4790",-335747.06
"4791",-335988.545
"4792",-339012.461
"4793",-337797.039
"4794",-336552.743
"4795",-334867.273
"4796",-336407.974
"4797",-334356.196
"4798",-337764.765
"4799",-337667.602
"4800",-335522.69
"4801",-336657.519
"4802",-335417.799
"4803",-335399.453
"4804",-337849.507
"4805",-335519.103
"4806",-335190.092
"4807",-335678.466
"4808",-336743.181
"4809",-337278.186
"4810",-334431.708
"4811",-336642.89
"4812",-337122.507
"4813",-335901.157
"4814",-336870.946
"4815",-337739.463
"4816",-335252.003
"4817",-334519.115
"4818",-338716.351
"4819",-336015.012
"4820",-337706.294
"4821",-333924.333
"4822",-336381.207
"4823",-335785.15
"4824",-336320.59
"4825",-336510.489
"4826",-336642.753
"4827",-337268.179
"4828",-335562.879
"4829",-336261.757
"4830",-335605.159
"4831",-335579.195
"4832",-336133.169
"4833",-335650.535
"4834",-337424.267
"4835",-337162.677
"4836",-338756.743
"4837",-337025.476
"4838",-334392.225
"4839",-337438.977
"4840",-337576.286
"4841",-339338.609
"4842",-337848.176
"4843",-335895.553
"4844",-336416.544
"4845",-336361.63
"4846",-336323.091
"4847",-336218.023
"4848",-335995.982
"4849",-336921.256
"4850",-337593.635
"4851",-338592.424
"4852",-336676.97
"4853",-336392.23
"4854",-336507.379
"4855",-333863.303
"4856",-336185.395
"4857",-335170.908
"4858",-335564.245
"4859",-337003.062
"4860",-333831.22
"4861",-334685.956
"4862",-337132.441
"4863",-337779.882
"4864",-337059.395
"4865",-338136.436
"4866",-336518.142
"4867",-336768.963
"4868",-336988.127
"4869",-337390.033
"4870",-335976.549
"4871",-336160.421
"4872",-337556.181
"4873",-338973.349
"4874",-337261.392
"4875",-337645.387
"4876",-335871.057
"4877",-336074.265
"4878",-338355.462
"4879",-337806.335
"4880",-336201.14
"4881",-336666.645
"4882",-334214.533
"4883",-337401.667
"4884",-334817.962
"4885",-336821.911
"4886",-337843.035
"4887",-336152.92
"4888",-337456.964
"4889",-335659.393
"4890",-337321.122
"4891",-335295.962
"4892",-338406.038
"4893",-337253.243
"4894",-336682.199
"4895",-335930.634
"4896",-336882.425
"4897",-335180.08
"4898",-337600.074
"4899",-335756.542
"4900",-335147.982
"4901",-335834.466
"4902",-336166.1
"4903",-337737.033
"4904",-334967.334
"4905",-335118.376
"4906",-335976.618
"4907",-337347.7
"4908",-338826.282
"4909",-336832.302
"4910",-337119.791
"4911",-337882.706
"4912",-335431.681
"4913",-336559.204
"4914",-335693.699
"4915",-337568.056
"4916",-336400.794
"4917",-337005.8
"4918",-336275.712
"4919",-335826.788
"4920",-333961.979
"4921",-336685.982
"4922",-334510.949
"4923",-336999.029
"4924",-336864.028
"4925",-337732.288
"4926",-337773.596
"4927",-338765.457
"4928",-337857.028
"4929",-338969.896
"4930",-337602.29
"4931",-337958.751
"4932",-338162.652
"4933",-336350.233
"4934",-336951.006
"4935",-336624.846
"4936",-337807.813
"4937",-336047.827
"4938",-336195.015
"4939",-334859.3
"4940",-337290.3
"4941",-338270.346
"4942",-337408.225
"4943",-335904.426
"4944",-337788.746
"4945",-338614.849
"4946",-335591.857
"4947",-337976.592
"4948",-336119.175
"4949",-336182.841
"4950",-335190.447
"4951",-337338.321
"4952",-336950.473
"4953",-335241.271
"4954",-335419.244
"4955",-337639.891
"4956",-337415.091
"4957",-336651.179
"4958",-337653.282
"4959",-337506.977
"4960",-334093.965
"4961",-333780.931
"4962",-336139.42
"4963",-336685.671
"4964",-335244.214
"4965",-336751.135
"4966",-335187.731
"4967",-336882.833
"4968",-335936.139
"4969",-336487.372
"4970",-334084.606
"4971",-337059.059
"4972",-336148.793
"4973",-336476.614
"4974",-337680.948
"4975",-337049.489
"4976",-336839.329
"4977",-336882.295
"4978",-336787.921
"4979",-336305.597
"4980",-335980.401
"4981",-337020.817
"4982",-336717.42
"4983",-338158.979
"4984",-339107.004
"4985",-336850.695
"4986",-335916.831
"4987",-336218.06
"4988",-337921.331
"4989",-335622.629
"4990",-338029.946
"4991",-335899.854
"4992",-336432.833
"4993",-337518.514
"4994",-336088.162
"4995",-337080.36
"4996",-336458.033
"4997",-334287.471
"4998",-338046.091
"4999",-337653.931
"5000",-339092.52
"5001",-336733.957
"5002",-336520.506
"5003",-336411.982
"5004",-336623.723
"5005",-337353.036
"5006",-337013.932
"5007",-332322.334
"5008",-334592.44
"5009",-335944.725
"5010",-338308.593
"5011",-335374.69
"5012",-336174.259
"5013",-337412.117
"5014",-336408.483
"5015",-337164.737
"5016",-336203.755
"5017",-337748.535
"5018",-338076.711
"5019",-335175.258
"5020",-334999.423
"5021",-336357.794
"5022",-338874.176
"5023",-337836.067
"5024",-335693.895
"5025",-337460.852
"5026",-333588.922
"5027",-336219.763
"5028",-337664.913
"5029",-335751.517
"5030",-337901.165
"5031",-336183.424
"5032",-338243.757
"5033",-337254.481
"5034",-335426.827
"5035",-340015.216
"5036",-336798.18
"5037",-336061.998
"5038",-338188.187
"5039",-338544.804
"5040",-337774.319
"5041",-334089.011
"5042",-337340.732
"5043",-337157.724
"5044",-338638.461
"5045",-334827.154
"5046",-337544.926
"5047",-335712.291
"5048",-336867.323
"5049",-338132.364
"5050",-337396.641
"5051",-336984.445
"5052",-334925.997
"5053",-334726.671
"5054",-335948.125
"5055",-334905.487
"5056",-336716.413
"5057",-336024.553
"5058",-335692.417
"5059",-333871.975
"5060",-336757.807
"5061",-335948.896
"5062",-334317.912
"5063",-336923.341
"5064",-339489.185
"5065",-337616.793
"5066",-335210.342
"5067",-337907.852
"5068",-337013.106
"5069",-336518.521
"5070",-335728.143
"5071",-336930.695
"5072",-335641.777
"5073",-339240.255
"5074",-335740.353
"5075",-336235.323
"5076",-336352.645
"5077",-337362.939
"5078",-334945.108
"5079",-339147.714
"5080",-337503.468
"5081",-337264.591
"5082",-337232.866
"5083",-337003.22
"5084",-335830.807
"5085",-336115.508
"5086",-334528.985
"5087",-337401.705
"5088",-337316.843
"5089",-335332.138
"5090",-335702.638
"5091",-337851.908
"5092",-337310.089
"5093",-336411.46
"5094",-335882.247
"5095",-334452.149
"5096",-338229.497
"5097",-336250.302
"5098",-337254.706
"5099",-336726.403
"5100",-337211.755
"5101",-337719.881
"5102",-336264.155
"5103",-337360.409
"5104",-337824.657
"5105",-335886.43
"5106",-334501.449
"5107",-335520.156
"5108",-338505.434
"5109",-337383.722
"5110",-337743.228
"5111",-337587.169
"5112",-336063.877
"5113",-337017.111
"5114",-336087.885
"5115",-336579.959
"5116",-336225.182
"5117",-336137.602
"5118",-337031.805
"5119",-337574.433
"5120",-337266.024
"5121",-334885.363
"5122",-335980.606
"5123",-336554.613
"5124",-334033.945
"5125",-337356.11
"5126",-335877.723
"5127",-336831.271
"5128",-334031.871
"5129",-335603.677
"5130",-335614.835
"5131",-336872.789
"5132",-336558.175
"5133",-338753.783
"5134",-335126.948
"5135",-336377.399
"5136",-337215.56
"5137",-337305.029
"5138",-335610.199
"5139",-337211.421
"5140",-340125.948
"5141",-334664.266
"5142",-339599.594
"5143",-338112.702
"5144",-335669.549
"5145",-336020.355
"5146",-337873.023
"5147",-334970.627
"5148",-337111.812
"5149",-338396.326
"5150",-336847.47
"5151",-338302.044
"5152",-336632.968
"5153",-336200.016
"5154",-336341.733
"5155",-336747.302
"5156",-335664.522
"5157",-336819.076
"5158",-334969.924
"5159",-336205.434
"5160",-337636.038
"5161",-337417.595
"5162",-338017.806
"5163",-337874.847
"5164",-337191.95
"5165",-337753.389
"5166",-336406.589
"5167",-336621.615
"5168",-334796.28
"5169",-337168.678
"5170",-336468.624
"5171",-338210.338
"5172",-337474.992
"5173",-335566.397
"5174",-337210.548
"5175",-339499.48
"5176",-334915.242
"5177",-339178.249
"5178",-336692.138
"5179",-337020.638
"5180",-339623.013
"5181",-335548.376
"5182",-336949.21
"5183",-336976.217
"5184",-336203.295
"5185",-334684.989
"5186",-333650.551
"5187",-335757.746
"5188",-337530.459
"5189",-334791.302
"5190",-338581.383
"5191",-338290.822
"5192",-334677.062
"5193",-334390.708
"5194",-337293.926
"5195",-335933.491
"5196",-336236.038
"5197",-337025.916
"5198",-337785.969
"5199",-336525.12
"5200",-336448.509
"5201",-336553.854
"5202",-335010.03
"5203",-336139.544
"5204",-337219.878
"5205",-336233.621
"5206",-336361.247
"5207",-336765.931
"5208",-335424.243
"5209",-336378.605
"5210",-337404.305
"5211",-336023.02
"5212",-336054.785
"5213",-338383.972
"5214",-337540.55
"5215",-334806.93
"5216",-339776.847
"5217",-335683.841
"5218",-335844.489
"5219",-335488.213
"5220",-336263.954
"5221",-338494.031
"5222",-335991.495
"5223",-339717.545
"5224",-336111.663
"5225",-336813.267
"5226",-339270.029
"5227",-336158.08
"5228",-337688.332
"5229",-336084.549
"5230",-334647.961
"5231",-334989.975
"5232",-337240.095
"5233",-336452.857
"5234",-337791.331
"5235",-335826.23
"5236",-338678.098
"5237",-336678.66
"5238",-337383.48
"5239",-338754.743
"5240",-335022.252
"5241",-338336.761
"5242",-335600.371
"5243",-337392.736
"5244",-337361.776
"5245",-335988.582
"5246",-336308.27
"5247",-335800.825
"5248",-336738.359
"5249",-335839.287
"5250",-334525.532
"5251",-336664.281
"5252",-336564.355
"5253",-334806.13
"5254",-337028.853
"5255",-337780.509
"5256",-338012.555
"5257",-336966.762
"5258",-337908.114
"5259",-335810.291
"5260",-335990.717
"5261",-336022.709
"5262",-337355.923
"5263",-335222.113
"5264",-334725.013
"5265",-335899.698
"5266",-334908.43
"5267",-335224.528
"5268",-337102.009
"5269",-338882.804
"5270",-336956.146
"5271",-335522.099
"5272",-334029.019
"5273",-335262.832
"5274",-337439.768
"5275",-337140.782
"5276",-337901.305
"5277",-335628.141
"5278",-335512.934
"5279",-336519.834
"5280",-336385.042
"5281",-338382.523
"5282",-337881.659
"5283",-335231.552
"5284",-336452.348
"5285",-338240.733
"5286",-334879.459
"5287",-336976.923
"5288",-338887.725
"5289",-338519.374
"5290",-339196.723
"5291",-337227.376
"5292",-337728.501
"5293",-335755.99
"5294",-334864.921
"5295",-336172.566
"5296",-336496.079
"5297",-336481.863
"5298",-336125.35
"5299",-336632.359
"5300",-336560.838
"5301",-336625.224
"5302",-337022.691
"5303",-336655.84
"5304",-336263.86
"5305",-338587.242
"5306",-337874.133
"5307",-334056.871
"5308",-336192.238
"5309",-335705.607
"5310",-336450.252
"5311",-335678.488
"5312",-338277.938
"5313",-338265.806
"5314",-335007.203
"5315",-338199.664
"5316",-337248.293
"5317",-336659.845
"5318",-336083.974
"5319",-334924.684
"5320",-338380.798
"5321",-336684.749
"5322",-337122.305
"5323",-336497.461
"5324",-337871.198
"5325",-336283.418
"5326",-336841.841
"5327",-335822.169
"5328",-337737.732
"5329",-336227.337
"5330",-338442.529
"5331",-337042.472
"5332",-336638.064
"5333",-338061.397
"5334",-336386.275
"5335",-337079.247
"5336",-336477.209
"5337",-337029.451
"5338",-338266.659
"5339",-335460.845
"5340",-336865.724
"5341",-337064.307
"5342",-337722.567
"5343",-336167.733
"5344",-337641.476
"5345",-338860.041
"5346",-335483.832
"5347",-335866.557
"5348",-335809.14
"5349",-336647.206
"5350",-335065.563
"5351",-337012.054
"5352",-336563.054
"5353",-335897.225
"5354",-336186.499
"5355",-336800.94
"5356",-336924.803
"5357",-337704.078
"5358",-337374.712
"5359",-336885.425
"5360",-336213.878
"5361",-335529.551
"5362",-339002.575
"5363",-337423.183
"5364",-334872.014
"5365",-336369.707
"5366",-334920.966
"5367",-335955.42
"5368",-335514.702
"5369",-336143.125
"5370",-336731.379
"5371",-337130.804
"5372",-336601.843
"5373",-335319.707
"5374",-336146.584
"5375",-336154.027
"5376",-333510.926
"5377",-335636.236
"5378",-337375.941
"5379",-337575.771
"5380",-335558.661
"5381",-335732.907
"5382",-337296.23
"5383",-337947.532
"5384",-336403.575
"5385",-336159.973
"5386",-336944.403
"5387",-335468.988
"5388",-336858.396
"5389",-335567.159
"5390",-337443.365
"5391",-338096.27
"5392",-338990.278
"5393",-336794.694
"5394",-337359.134
"5395",-337183.824
"5396",-337939.68
"5397",-337556.721
"5398",-335520.841
"5399",-336383.925
"5400",-337804.866
"5401",-338424.698
"5402",-335337.952
"5403",-336509.916
"5404",-335792.679
"5405",-334864.735
"5406",-335143.244
"5407",-336600.59
"5408",-335682.69
"5409",-335126.391
"5410",-337251.526
"5411",-335742.107
"5412",-337347.27
"5413",-336984.376
"5414",-336134.176
"5415",-336073.924
"5416",-336409.396
"5417",-336534.041
"5418",-335310.886
"5419",-336577.591
"5420",-336594.856
"5421",-336953.564
"5422",-333998.778
"5423",-336054.604
"5424",-337885.936
"5425",-335746.125
"5426",-337538.423
"5427",-336838.134
"5428",-337413.219
"5429",-335438.903
"5430",-338598.855
"5431",-334612.972
"5432",-336073.282
"5433",-335840.249
"5434",-335899.459
"5435",-338263.214
"5436",-336696.763
"5437",-334616.854
"5438",-335483.888
"5439",-336350.01
"5440",-338626.01
"5441",-336745.845
"5442",-337840.684
"5443",-337266.79
"5444",-335291.294
"5445",-336603.661
"5446",-338234.698
"5447",-338368.068
"5448",-335499.505
"5449",-338198.872
"5450",-336157.722
"5451",-336208.356
"5452",-335227.056
"5453",-335757.589
"5454",-336780.336
"5455",-337230.18
"5456",-338416.896
"5457",-337395.589
"5458",-334531.581
"5459",-338927.077
"5460",-336927.988
"5461",-334870.664
"5462",-336406.591
"5463",-337798.816
"5464",-335864.722
"5465",-336274.573
"5466",-335197.028
"5467",-337285.372
"5468",-335576.767
"5469",-337945.954
"5470",-336435.38
"5471",-336694.579
"5472",-337634.179
"5473",-334785.862
"5474",-335364.043
"5475",-335745.605
"5476",-335852.244
"5477",-338922.254
"5478",-338275.195
"5479",-336819.074
"5480",-337429.297
"5481",-337817.142
"5482",-337397.955
"5483",-336202.375
"5484",-336107.14
"5485",-338738.921
"5486",-338976.008
"5487",-336210.022
"5488",-337434.68
"5489",-336455.083
"5490",-335403.283
"5491",-336936.488
"5492",-335241.066
"5493",-336340.463
"5494",-333652.868
"5495",-336855.801
"5496",-336303.717
"5497",-337131.226
"5498",-336516.707
"5499",-338059.581
"5500",-336758.564
"5501",-336534.399
"5502",-336528.327
"5503",-336617.402
"5504",-336634.919
"5505",-337818.273
"5506",-335889.747
"5507",-334905.042
"5508",-335203.614
"5509",-337644.323
"5510",-336236.726
"5511",-336680.475
"5512",-337216.482
"5513",-336802.216
"5514",-335218.724
"5515",-336559.113
"5516",-334785.911
"5517",-337235.995
"5518",-335643.316
"5519",-335506.436
"5520",-337266.897
"5521",-335592.825
"5522",-336720.47
"5523",-336524.332
"5524",-335271.834
"5525",-337242.289
"5526",-336075.747
"5527",-335804.14
"5528",-334152.114
"5529",-336355.739
"5530",-337869.868
"5531",-338232.062
"5532",-336307.474
"5533",-335698.888
"5534",-335090.633
"5535",-335393.436
"5536",-335766.437
"5537",-336633.96
"5538",-339499.731
"5539",-337355.376
"5540",-337232.892
"5541",-335886.666
"5542",-335836.309
"5543",-338362.729
"5544",-335920.632
"5545",-336840.932
"5546",-336965.58
"5547",-339422.836
"5548",-337383.299
"5549",-339153.693
"5550",-336655.251
"5551",-337169.825
"5552",-337584.121
"5553",-335712.336
"5554",-336707.776
"5555",-337571.154
"5556",-337837.014
"5557",-337693.244
"5558",-335654.805
"5559",-335633.948
"5560",-337269.692
"5561",-334361.536
"5562",-335224.942
"5563",-337681.728
"5564",-335937.872
"5565",-338132.015
"5566",-335644.645
"5567",-335832.864
"5568",-336531.128
"5569",-336363.694
"5570",-336395.46
"5571",-337540.587
"5572",-336257.519
"5573",-332942.289
"5574",-336773.983
"5575",-335687.674
"5576",-336488.329
"5577",-335880.699
"5578",-337591.529
"5579",-337585.429
"5580",-337559.272
"5581",-335754.236
"5582",-337610.609
"5583",-335207.991
"5584",-337227.538
"5585",-336265.967
"5586",-334818.44
"5587",-337719.152
"5588",-337326.173
"5589",-338363.99
"5590",-336257.591
"5591",-336684.398
"5592",-337089.543
"5593",-338330.85
"5594",-336788.712
"5595",-335805.052
"5596",-337879.079
"5597",-335896.965
"5598",-336217.728
"5599",-337285.785
"5600",-337029.451
"5601",-337934.399
"5602",-338338.965
"5603",-337997.926
"5604",-336145.395
"5605",-336858.598
"5606",-335980.892
"5607",-334711.584
"5608",-335769.849
"5609",-337062.981
"5610",-336984.173
"5611",-338472.604
"5612",-336407.606
"5613",-336610.601
"5614",-336313.959
"5615",-336259.489
"5616",-337189.649
"5617",-337588.211
"5618",-335596.824
"5619",-337892.908
"5620",-336370.179
"5621",-338194.353
"5622",-336602.883
"5623",-335222.055
"5624",-335285.363
"5625",-335727.953
"5626",-336461.039
"5627",-336247.595
"5628",-336527.071
"5629",-338350.942
"5630",-335814.642
"5631",-336703.742
"5632",-336557.044
"5633",-337779.824
"5634",-336664.682
"5635",-335558.608
"5636",-338144.109
"5637",-335513.374
"5638",-335895.145
"5639",-337925.203
"5640",-336343.767
"5641",-337919.765
"5642",-336155.353
"5643",-336170.867
"5644",-336153.766
"5645",-338023.671
"5646",-336301.54
"5647",-335695.033
"5648",-336053.519
"5649",-335786.122
"5650",-335581.798
"5651",-338079.424
"5652",-338129.097
"5653",-337819.209
"5654",-337629.357
"5655",-336594.17
"5656",-335535.697
"5657",-335579.426
"5658",-336318.829
"5659",-337828.185
"5660",-337511.086
"5661",-337579.685
"5662",-338448.321
"5663",-336749.178
"5664",-336820.204
"5665",-337683.151
"5666",-336127.869
"5667",-333936.004
"5668",-334473.751
"5669",-338071.158
"5670",-335662.444
"5671",-336322.804
"5672",-337202.271
"5673",-335998.065
"5674",-336860.657
"5675",-335812.983
"5676",-336465.346
"5677",-336925.018
"5678",-338330.171
"5679",-337597.568
"5680",-335405.791
"5681",-335231.108
"5682",-336541.29
"5683",-336448.117
"5684",-336990.257
"5685",-335906.918
"5686",-337243.753
"5687",-336411.486
"5688",-335553.598
"5689",-336643.092
"5690",-336484.515
"5691",-335440.22
"5692",-336477.527
"5693",-337952.325
"5694",-336261.255
"5695",-334195.907
"5696",-337399.03
"5697",-337954.61
"5698",-337140.234
"5699",-333429.572
"5700",-336889.709
"5701",-336844.245
"5702",-336676.618
"5703",-336878.947
"5704",-336541.867
"5705",-337112.623
"5706",-335905.761
"5707",-337397.669
"5708",-335458.145
"5709",-335618.987
"5710",-337796.035
"5711",-337522.804
"5712",-335924.584
"5713",-335967.334
"5714",-335646.419
"5715",-337129.944
"5716",-334646.481
"5717",-338893.376
"5718",-336347.572
"5719",-336694.622
"5720",-336246.267
"5721",-336233.568
"5722",-336322.543
"5723",-334929.913
"5724",-336193.765
"5725",-336489.251
"5726",-336495.185
"5727",-336827.69
"5728",-336529.02
"5729",-336873.906
"5730",-338573.558
"5731",-336296.087
"5732",-337642.632
"5733",-335620.52
"5734",-336826.709
"5735",-336127.997
"5736",-335056.65
"5737",-336292.091
"5738",-336208.62
"5739",-335408.878
"5740",-336756.73
"5741",-337356.469
"5742",-336377.623
"5743",-335388.957
"5744",-336460.634
"5745",-338124.798
"5746",-338320.369
"5747",-335004.534
"5748",-336049.006
"5749",-336868.616
"5750",-337133.156
"5751",-337373.526
"5752",-338677.593
"5753",-338367.274
"5754",-335470.838
"5755",-336901.904
"5756",-334744.065
"5757",-336798.637
"5758",-336647.621
"5759",-335630.29
"5760",-335971.838
"5761",-338145.269
"5762",-335644.991
"5763",-337607.135
"5764",-339398.073
"5765",-336067.799
"5766",-335855.277
"5767",-336230.601
"5768",-336080.399
"5769",-335206.958
"5770",-335279.523
"5771",-336127.196
"5772",-340503.174
"5773",-338403.315
"5774",-337640.17
"5775",-337291.413
"5776",-336718.117
"5777",-337189.638
"5778",-337134.537
"5779",-337547.738
"5780",-335762.697
"5781",-337643.113
"5782",-337965.067
"5783",-337333.055
"5784",-337615.247
"5785",-337455.281
"5786",-337251.365
"5787",-337560.616
"5788",-334931.622
"5789",-338524.601
"5790",-337358.087
"5791",-336852.891
"5792",-333111.024
"5793",-336986.044
"5794",-337341.585
"5795",-336247.925
"5796",-338276.963
"5797",-333998.439
"5798",-337466.786
"5799",-337274.528
"5800",-337952.936
"5801",-337614.386
"5802",-336385.035
"5803",-333379.796
"5804",-336570.232
"5805",-335297.245
"5806",-338752.499
"5807",-335517.813
"5808",-336622.897
"5809",-335577.458
"5810",-338408.924
"5811",-335194.528
"5812",-336970.443
"5813",-335901.791
"5814",-335656.672
"5815",-339182.135
"5816",-334485.184
"5817",-333657.398
"5818",-337246.258
"5819",-338557.779
"5820",-334547.002
"5821",-335623.591
"5822",-337251.249
"5823",-336879.094
"5824",-338289.182
"5825",-336548.152
"5826",-334260.177
"5827",-337977.207
"5828",-338533.061
"5829",-336679.819
"5830",-336326.748
"5831",-336006.697
"5832",-337553.452
"5833",-337799.612
"5834",-335166.438
"5835",-336538.199
"5836",-335962.859
"5837",-337063.769
"5838",-335794.234
"5839",-335724.964
"5840",-335861.943
"5841",-335256.794
"5842",-338064.038
"5843",-337846.534
"5844",-338641.705
"5845",-339428.852
"5846",-334585.477
"5847",-337265.339
"5848",-336165.083
"5849",-335167.81
"5850",-335505.017
"5851",-336556.625
"5852",-336045.273
"5853",-336158.111
"5854",-338519.988
"5855",-335824.421
"5856",-336410.054
"5857",-335015.138
"5858",-335247.741
"5859",-337743.164
"5860",-337452.654
"5861",-336600.526
"5862",-337742.638
"5863",-337450.951
"5864",-339305.618
"5865",-334233.98
"5866",-333535.181
"5867",-337104.703
"5868",-337519.685
"5869",-338147.056
"5870",-338009.668
"5871",-336952.569
"5872",-335555.636
"5873",-337572.804
"5874",-334571.705
"5875",-336766.256
"5876",-335812.901
"5877",-338153.258
"5878",-336063.304
"5879",-335974.402
"5880",-336188.519
"5881",-338981.868
"5882",-337207.5
"5883",-338233.816
"5884",-337210.202
"5885",-335900.809
"5886",-338177.146
"5887",-335347.285
"5888",-335695.361
"5889",-334724.06
"5890",-337898.199
"5891",-335349.944
"5892",-334629.123
"5893",-335828.051
"5894",-337678.983
"5895",-337189.705
"5896",-337387.261
"5897",-334928.031
"5898",-335876.261
"5899",-335413.172
"5900",-337662.534
"5901",-337041.782
"5902",-337807.076
"5903",-336303.351
"5904",-335572.903
"5905",-336383.615
"5906",-337332.437
"5907",-336942.9
"5908",-337832.814
"5909",-336575.118
"5910",-335720.385
"5911",-336295.214
"5912",-338097.646
"5913",-334244.907
"5914",-337667.628
"5915",-335855.047
"5916",-336587.38
"5917",-337445.36
"5918",-335366.048
"5919",-338421.307
"5920",-336961.981
"5921",-335671.726
"5922",-337299.593
"5923",-337681.446
"5924",-338017.816
"5925",-332763.824
"5926",-336338.521
"5927",-337805.456
"5928",-338145.312
"5929",-337147.538
"5930",-338407.044
"5931",-337801.933
"5932",-337021.143
"5933",-338013.59
"5934",-337340.249
"5935",-337981.466
"5936",-338715.472
"5937",-335730.847
"5938",-334960.626
"5939",-337162.515
"5940",-337311.986
"5941",-338167.453
"5942",-335614.802
"5943",-336219.961
"5944",-335475.3
"5945",-338049.954
"5946",-337134.668
"5947",-338382.788
"5948",-336272.117
"5949",-335807.791
"5950",-336141.129
"5951",-337313.285
"5952",-337095.446
"5953",-335291.999
"5954",-335420.352
"5955",-334847.765
"5956",-335527.825
"5957",-336720.104
"5958",-334701.878
"5959",-335828.238
"5960",-337740.831
"5961",-337418.476
"5962",-336409.385
"5963",-337237.581
"5964",-335526.479
"5965",-336443.456
"5966",-339584.097
"5967",-338104.449
"5968",-336460.949
"5969",-337467.63
"5970",-333542.077
"5971",-334690.123
"5972",-335733.621
"5973",-336119.799
"5974",-334105.774
"5975",-335814.335
"5976",-336266.893
"5977",-334716.51
"5978",-336338.025
"5979",-335077.338
"5980",-335077.844
"5981",-337308.749
"5982",-334722.729
"5983",-335364.868
"5984",-337845.644
"5985",-334789.507
"5986",-336725.658
"5987",-334392.077
"5988",-336007.231
"5989",-334418.542
"5990",-336277.279
"5991",-337734.349
"5992",-337176.726
"5993",-335842.036
"5994",-336307.27
"5995",-336867.876
"5996",-336009.725
"5997",-334811.273
"5998",-337910.849
"5999",-336220.24
"6000",-337878.986
"6001",-336224.252
"6002",-337715.916
"6003",-336094.248
"6004",-337250.591
"6005",-337609.918
"6006",-336859.415
"6007",-335445.423
"6008",-336033.705
"6009",-336402.154
"6010",-337488.525
"6011",-338389.165
"6012",-338837.364
"6013",-336515.122
"6014",-336442.846
"6015",-336190.006
"6016",-339766.426
"6017",-336208.305
"6018",-335473.623
"6019",-335785.716
"6020",-336534.762
"6021",-336777.096
"6022",-336275.489
"6023",-338931.478
"6024",-335858.614
"6025",-337316.717
"6026",-337352.531
"6027",-336524.222
"6028",-339001.402
"6029",-335215.538
"6030",-337730.753
"6031",-336105.828
"6032",-336314.728
"6033",-335849.268
"6034",-336153.833
"6035",-336018.425
"6036",-335337.152
"6037",-336821.156
"6038",-336245.749
"6039",-337982.551
"6040",-336234.266
"6041",-336045.968
"6042",-336269.955
"6043",-336235.761
"6044",-336649.831
"6045",-336567.023
"6046",-337787.357
"6047",-336906.123
"6048",-336180.074
"6049",-337359.098
"6050",-338334.187
"6051",-336564.273
"6052",-337097.164
"6053",-335066.457
"6054",-335776.234
"6055",-336436.136
"6056",-336340.32
"6057",-337165.434
"6058",-335114.7
"6059",-337722.427
"6060",-337480.561
"6061",-337734.222
"6062",-335868.651
"6063",-334878.651
"6064",-334879.101
"6065",-334319.945
"6066",-338310.504
"6067",-336398.657
"6068",-337797.573
"6069",-336765.76
"6070",-335282.14
"6071",-335672.235
"6072",-337667.359
"6073",-336523.202
"6074",-337706.15
"6075",-335353.197
"6076",-334699.453
"6077",-335172.162
"6078",-336993.301
"6079",-335301.313
"6080",-335916.024
"6081",-338489.273
"6082",-335509.337
"6083",-333968.285
"6084",-336695.072
"6085",-337605.553
"6086",-334767.432
"6087",-337233.429
"6088",-336808.62
"6089",-335764.004
"6090",-334798.555
"6091",-335284.151
"6092",-335663.188
"6093",-338147.902
"6094",-339415.667
"6095",-336820.935
"6096",-336778.459
"6097",-337179.877
"6098",-335520.107
"6099",-336494.148
"6100",-336825.062
"6101",-338531.645
"6102",-336695.982
"6103",-336850.164
"6104",-337349.03
"6105",-337168.247
"6106",-336985.568
"6107",-339161.509
"6108",-337185.096
"6109",-336983.984
"6110",-337279.506
"6111",-337709.563
"6112",-337081.309
"6113",-337318.012
"6114",-337863.543
"6115",-335959.633
"6116",-336191.21
"6117",-338207.142
"6118",-337776.165
"6119",-336812.301
"6120",-338576.088
"6121",-340738.757
"6122",-337713.102
"6123",-336706.395
"6124",-336218.92
"6125",-335940.395
"6126",-337303.685
"6127",-336501.384
"6128",-335498.12
"6129",-337767.736
"6130",-338026.276
"6131",-337916.879
"6132",-336576.584
"6133",-333484.462
"6134",-336469.956
"6135",-336075.576
"6136",-334021.477
"6137",-336420.776
"6138",-337718.019
"6139",-335115.222
"6140",-335194.327
"6141",-336332.155
"6142",-335996.523
"6143",-339341.187
"6144",-336224.266
"6145",-336772.931
"6146",-336550.565
"6147",-335719.888
"6148",-336891.586
"6149",-339836.181
"6150",-336869.215
"6151",-339156.619
"6152",-335629.265
"6153",-338314.081
"6154",-335439.544
"6155",-336338.585
"6156",-336467.394
"6157",-336867.861
"6158",-337642.48
"6159",-335001.539
"6160",-335173.665
"6161",-337045.102
"6162",-336495.465
"6163",-335111.186
"6164",-337939.519
"6165",-334918.88
"6166",-334641.057
"6167",-337696.816
"6168",-340435.849
"6169",-336669.298
"6170",-338591.364
"6171",-337819.213
"6172",-333788.731
"6173",-336061.942
"6174",-337328.774
"6175",-333885.64
"6176",-337015.761
"6177",-337937.389
"6178",-340495.2
"6179",-334681.311
"6180",-337729.182
"6181",-336613.636
"6182",-338231.528
"6183",-333246.628
"6184",-337253.387
"6185",-337707.24
"6186",-336378.46
"6187",-338001.715
"6188",-337975.767
"6189",-337729.633
"6190",-337157.891
"6191",-336065.886
"6192",-336434.778
"6193",-337229.437
"6194",-335291.39
"6195",-338321.679
"6196",-337707.86
"6197",-336279.454
"6198",-337664.044
"6199",-337373.256
"6200",-334330.188
"6201",-335269.233
"6202",-336751.127
"6203",-336848.205
"6204",-335211.701
"6205",-335854.404
"6206",-337682.325
"6207",-338426.275
"6208",-336038.918
"6209",-335514.577
"6210",-337821.542
"6211",-333276.136
"6212",-335641.563
"6213",-336920.85
"6214",-337837.077
"6215",-335914.367
"6216",-337383.775
"6217",-337085.522
"6218",-337212.887
"6219",-336275.972
"6220",-336711.8
"6221",-336350.676
"6222",-338023.596
"6223",-335783.32
"6224",-336664.337
"6225",-335870.436
"6226",-338027.415
"6227",-337365.993
"6228",-336060.697
"6229",-335701.907
"6230",-339453.616
"6231",-334033.804
"6232",-336005.14
"6233",-337868.638
"6234",-334884.633
"6235",-336826.976
"6236",-336213.421
"6237",-335961.237
"6238",-335831.048
"6239",-337610.299
"6240",-340534.377
"6241",-334854.146
"6242",-338220.462
"6243",-335878.123
"6244",-334519.568
"6245",-337347.668
"6246",-337889.292
"6247",-339443.549
"6248",-337372.571
"6249",-337333.718
"6250",-335028.423
"6251",-336328.564
"6252",-336916.272
"6253",-336346.438
"6254",-337272.864
"6255",-335188.995
"6256",-336411.828
"6257",-336877.027
"6258",-337327.404
"6259",-336338.246
"6260",-336757.145
"6261",-338222.012
"6262",-336382.743
"6263",-336631.669
"6264",-336062.275
"6265",-336077.389
"6266",-336318.328
"6267",-337138.277
"6268",-337897.934
"6269",-337526.916
"6270",-336378.048
"6271",-337218.921
"6272",-334641.091
"6273",-339369.822
"6274",-336590.415
"6275",-335616.53
"6276",-336329.454
"6277",-336802.5
"6278",-335185.525
"6279",-336108.963
"6280",-334660.044
"6281",-336662.038
"6282",-337578.469
"6283",-335754.535
"6284",-335557.493
"6285",-336681.104
"6286",-337770.902
"6287",-336291.87
"6288",-337330.935
"6289",-336548.87
"6290",-335357.797
"6291",-334443.614
"6292",-337559.037
"6293",-334736.204
"6294",-337374.12
"6295",-335005.805
"6296",-338638.37
"6297",-337218.509
"6298",-336623.735
"6299",-336512.747
"6300",-336870.818
"6301",-336716.107
"6302",-337944.708
"6303",-336620.936
"6304",-335751.183
"6305",-335206.831
"6306",-336303.16
"6307",-336046.813
"6308",-335331.469
"6309",-337651.572
"6310",-335320.606
"6311",-336010.918
"6312",-336350.732
"6313",-336664.545
"6314",-336755.641
"6315",-335958.623
"6316",-338120.158
"6317",-335365.77
"6318",-339067.367
"6319",-334990.742
"6320",-336075.187
"6321",-337923.5
"6322",-336570.769
"6323",-337566.374
"6324",-335316.576
"6325",-336941.622
"6326",-336701.604
"6327",-336635.591
"6328",-335026.39
"6329",-337663.333
"6330",-335886.118
"6331",-335855.038
"6332",-336684.298
"6333",-335808.365
"6334",-336291.848
"6335",-333938.246
"6336",-337291.133
"6337",-334482.709
"6338",-334754.1
"6339",-336580.166
"6340",-334302.755
"6341",-334238.75
"6342",-335325.523
"6343",-335941.364
"6344",-335426.682
"6345",-335841.545
"6346",-337039.514
"6347",-336379.421
"6348",-337862.745
"6349",-339103.855
"6350",-337092.645
"6351",-335880.473
"6352",-337385.325
"6353",-337086.167
"6354",-335985.43
"6355",-336294.009
"6356",-334952.048
"6357",-338199.923
"6358",-336536.352
"6359",-336551.671
"6360",-336328.85
"6361",-337864.979
"6362",-336583.309
"6363",-336435.976
"6364",-338020.76
"6365",-335061.219
"6366",-338791.044
"6367",-337868.865
"6368",-335684.927
"6369",-337566.478
"6370",-338112.078
"6371",-336129.815
"6372",-336475.206
"6373",-338321.432
"6374",-337088.145
"6375",-336126.125
"6376",-336563.976
"6377",-337933.358
"6378",-335509.907
"6379",-338168.007
"6380",-335577.575
"6381",-337221.944
"6382",-336731.929
"6383",-336964.929
"6384",-335074.162
"6385",-336551.468
"6386",-336105.246
"6387",-335581.699
"6388",-337704.317
"6389",-337463.899
"6390",-335159.792
"6391",-335313.779
"6392",-337214.616
"6393",-338501.154
"6394",-338109.176
"6395",-336279.15
"6396",-337202.333
"6397",-335329.271
"6398",-336944.513
"6399",-337186.127
"6400",-335423.97
"6401",-337486.323
"6402",-337069.276
"6403",-336907.29
"6404",-335176.112
"6405",-335324.55
"6406",-337575.883
"6407",-335922.839
"6408",-337206.58
"6409",-335495.261
"6410",-336386.12
"6411",-334580.086
"6412",-335685.69
"6413",-337020.748
"6414",-334924.13
"6415",-333473.023
"6416",-335967.841
"6417",-338464.913
"6418",-338130.829
"6419",-336753.509
"6420",-337791.264
"6421",-336469.301
"6422",-336424.206
"6423",-336512.241
"6424",-336572.583
"6425",-335185.602
"6426",-336788.63
"6427",-338719.646
"6428",-335629.044
"6429",-337787.843
"6430",-336107.736
"6431",-334830.783
"6432",-336551.26
"6433",-335807.589
"6434",-336523.011
"6435",-334900.921
"6436",-336383.176
"6437",-337623.391
"6438",-336578.032
"6439",-335336.08
"6440",-334983.461
"6441",-336636.788
"6442",-335683.449
"6443",-335804.002
"6444",-335874.014
"6445",-336989.397
"6446",-335976.087
"6447",-335550.449
"6448",-337527.072
"6449",-338180.195
"6450",-337777.082
"6451",-336558.032
"6452",-335990.883
"6453",-337715.156
"6454",-336461.428
"6455",-334388.192
"6456",-336245.293
"6457",-335909.158
"6458",-336188.885
"6459",-336960.615
"6460",-334517.383
"6461",-337005.537
"6462",-339058.416
"6463",-337570.474
"6464",-335247.747
"6465",-337224.385
"6466",-336254.282
"6467",-334384.47
"6468",-337465.973
"6469",-335653.429
"6470",-339262.833
"6471",-336799.234
"6472",-337242.18
"6473",-334798.164
"6474",-336236.51
"6475",-334687.53
"6476",-335363.23
"6477",-336956.53
"6478",-337575.604
"6479",-337180.162
"6480",-337057.915
"6481",-336983.371
"6482",-338692.995
"6483",-336291.486
"6484",-336589.948
"6485",-335507.711
"6486",-334118.837
"6487",-336201.578
"6488",-337269.286
"6489",-338103.947
"6490",-337474.116
"6491",-338866.791
"6492",-335440.308
"6493",-334806.415
"6494",-336433.432
"6495",-336262.027
"6496",-335419.415
"6497",-335822.095
"6498",-336919.811
"6499",-336413.98
"6500",-336261.054
"6501",-336616.218
"6502",-337668.798
"6503",-337468.303
"6504",-338409.605
"6505",-334447.732
"6506",-336726.852
"6507",-336097.072
"6508",-335893.999
"6509",-337271.229
"6510",-334641.89
"6511",-337887.402
"6512",-337501.605
"6513",-338757.921
"6514",-336263.923
"6515",-337827.656
"6516",-339514.977
"6517",-335192.312
"6518",-338310.459
"6519",-337303.07
"6520",-336841.729
"6521",-337060.177
"6522",-335298.491
"6523",-335835.245
"6524",-337683.927
"6525",-336752.068
"6526",-335755.365
"6527",-337596.524
"6528",-335314.623
"6529",-336570.323
"6530",-337388.786
"6531",-335732.839
"6532",-336511.454
"6533",-336476.59
"6534",-337429.337
"6535",-338908.684
"6536",-337947.737
"6537",-337908.902
"6538",-335820.745
"6539",-336216.23
"6540",-337962.634
"6541",-334628.3
"6542",-337988.796
"6543",-336371.549
"6544",-338256.416
"6545",-337640.906
"6546",-338466.088
"6547",-334377.015
"6548",-337756.494
"6549",-337610.592
"6550",-337782.364
"6551",-337393.042
"6552",-335205.596
"6553",-335332.614
"6554",-333821.454
"6555",-336946.776
"6556",-334673.852
"6557",-336614.546
"6558",-338233.822
"6559",-336896.443
"6560",-336696.994
"6561",-339242.923
"6562",-337018.159
"6563",-338969.233
"6564",-335461.679
"6565",-336454.443
"6566",-337554.563
"6567",-336832.362
"6568",-335132.323
"6569",-338584.78
"6570",-337595.143
"6571",-334842.732
"6572",-338265.45
"6573",-336540.399
"6574",-337279.891
"6575",-337706.826
"6576",-338006.734
"6577",-336923.938
"6578",-335855.695
"6579",-336427.385
"6580",-334741.414
"6581",-336913.332
"6582",-336561.065
"6583",-334010.029
"6584",-337975.97
"6585",-337822.229
"6586",-337245.096
"6587",-335715.343
"6588",-338123.204
"6589",-334970.66
"6590",-339001.01
"6591",-336907.661
"6592",-336391.594
"6593",-338057.671
"6594",-336937.68
"6595",-336247.603
"6596",-336245.305
"6597",-334683.592
"6598",-334212.452
"6599",-337348.203
"6600",-335973.505
"6601",-334595.499
"6602",-337264.603
"6603",-336159.573
"6604",-335911.408
"6605",-335127.911
"6606",-336890.634
"6607",-336525.358
"6608",-335948.935
"6609",-335161.204
"6610",-335655.446
"6611",-334262.853
"6612",-335924.229
"6613",-337943.752
"6614",-336239.584
"6615",-333587.719
"6616",-336184.332
"6617",-334505.004
"6618",-338164.057
"6619",-338015.945
"6620",-336139.443
"6621",-338000.664
"6622",-335061.079
"6623",-337386.29
"6624",-333749.55
"6625",-336935.301
"6626",-336796.265
"6627",-336510.605
"6628",-336797.791
"6629",-339160.61
"6630",-335487.614
"6631",-336258.015
"6632",-337227.767
"6633",-340438.223
"6634",-337338.344
"6635",-336086.337
"6636",-337328.695
"6637",-336558.021
"6638",-336618.767
"6639",-336461.689
"6640",-337044.168
"6641",-335438.216
"6642",-335075.641
"6643",-335868.86
"6644",-336596.347
"6645",-336196.834
"6646",-335875.312
"6647",-337976.314
"6648",-334891.844
"6649",-334720.473
"6650",-336433.113
"6651",-336814.572
"6652",-336492.829
"6653",-335386.292
"6654",-336220.071
"6655",-336608.858
"6656",-336780.537
"6657",-337443.93
"6658",-336266.599
"6659",-336574.904
"6660",-337071.285
"6661",-338372.041
"6662",-337181.921
"6663",-339178.138
"6664",-337365.307
"6665",-337583.503
"6666",-337550.648
"6667",-337423.598
"6668",-336493.135
"6669",-337557.579
"6670",-335615.481
"6671",-338487.739
"6672",-335735.748
"6673",-336219.764
"6674",-337244.055
"6675",-335367.176
"6676",-336060.492
"6677",-336545.144
"6678",-336597.992
"6679",-336599.416
"6680",-337566.249
"6681",-337253.179
"6682",-335013.552
"6683",-336509.674
"6684",-334350.474
"6685",-335741.197
"6686",-338341.337
"6687",-335472.777
"6688",-335152.775
"6689",-337154.905
"6690",-337221.225
"6691",-335981.493
"6692",-336975.918
"6693",-335813.155
"6694",-336209.344
"6695",-337410.733
"6696",-337717.829
"6697",-339092.438
"6698",-338599.048
"6699",-338493.939
"6700",-335436.168
"6701",-336117.997
"6702",-338074.079
"6703",-335140.861
"6704",-337698.081
"6705",-336104.142
"6706",-335892.787
"6707",-336197.815
"6708",-336372.914
"6709",-338228.271
"6710",-336425.691
"6711",-335553.269
"6712",-339021.038
"6713",-336352.479
"6714",-334993.555
"6715",-336088.627
"6716",-337885.533
"6717",-337753.033
"6718",-335427.716
"6719",-336744.755
"6720",-336377.769
"6721",-336737.716
"6722",-335446.232
"6723",-336757.773
"6724",-335417.28
"6725",-334812.629
"6726",-338004.298
"6727",-336774.424
"6728",-336005.327
"6729",-337542.118
"6730",-336935.516
"6731",-335850.371
"6732",-336453.233
"6733",-335795.848
"6734",-336640.56
"6735",-336571.734
"6736",-335258.24
"6737",-336406.128
"6738",-335963.56
"6739",-338108.168
"6740",-337560.538
"6741",-336308.38
"6742",-335933.094
"6743",-335908.905
"6744",-336387.904
"6745",-336660.206
"6746",-335055.795
"6747",-338468.939
"6748",-337556.329
"6749",-336203.218
"6750",-337328.24
"6751",-339584.106
"6752",-337663.94
"6753",-335832.207
"6754",-336070.527
"6755",-335499.885
"6756",-334022.711
"6757",-334588.539
"6758",-337160.108
"6759",-335680.697
"6760",-335605.789
"6761",-335747.426
"6762",-337834.173
"6763",-337196.482
"6764",-338305.047
"6765",-337485.404
"6766",-337031.108
"6767",-337517.816
"6768",-336925.376
"6769",-335325.855
"6770",-338282.344
"6771",-337838.508
"6772",-337912.562
"6773",-338172.177
"6774",-336710.53
"6775",-336228.131
"6776",-337346.839
"6777",-334381.535
"6778",-336937.186
"6779",-338542.175
"6780",-335684.987
"6781",-335996.736
"6782",-335374.357
"6783",-334516.119
"6784",-337174.014
"6785",-337880.694
"6786",-335879.787
"6787",-337262.918
"6788",-336616.208
"6789",-338270.977
"6790",-335399.138
"6791",-335092.121
"6792",-335765.568
"6793",-335115.762
"6794",-336683.137
"6795",-334861.014
"6796",-336795.722
"6797",-336642.61
"6798",-338265.063
"6799",-337826.202
"6800",-335640.743
"6801",-338628.333
"6802",-335206.198
"6803",-336742.347
"6804",-335764.953
"6805",-336554.112
"6806",-334918.887
"6807",-335090.894
"6808",-335321.778
"6809",-337323.145
"6810",-338358.036
"6811",-336649.126
"6812",-336921.492
"6813",-335594.704
"6814",-337529.593
"6815",-335821.727
"6816",-335526.526
"6817",-337350.746
"6818",-337223.195
"6819",-335661.949
"6820",-337471.655
"6821",-336201.802
"6822",-337237.544
"6823",-338103.005
"6824",-338465.867
"6825",-337459.568
"6826",-335898.738
"6827",-335862.002
"6828",-337190.51
"6829",-336555.909
"6830",-336909.3
"6831",-336514.553
"6832",-337867.151
"6833",-336132.199
"6834",-336779.604
"6835",-334336.752
"6836",-335401.927
"6837",-335718.274
"6838",-336864.173
"6839",-338475.895
"6840",-336466.384
"6841",-336912.059
"6842",-334099.74
"6843",-336014.653
"6844",-336485.403
"6845",-335153.537
"6846",-336600.055
"6847",-336921.545
"6848",-334665.005
"6849",-337577.96
"6850",-337786.759
"6851",-334423.359
"6852",-337200.921
"6853",-336327.939
"6854",-338569.773
"6855",-336417.742
"6856",-334635.95
"6857",-337639.952
"6858",-335659.426
"6859",-336021.102
"6860",-334791.858
"6861",-338382.459
"6862",-337600.936
"6863",-337346.32
"6864",-335042.385
"6865",-336118.552
"6866",-339122.417
"6867",-336162.593
"6868",-336309.179
"6869",-338676.336
"6870",-335233.638
"6871",-335443.192
"6872",-336314.29
"6873",-335075.51
"6874",-338204.827
"6875",-335890.632
"6876",-337271.028
"6877",-336020.57
"6878",-338174.152
"6879",-336842.641
"6880",-335310.443
"6881",-336609.848
"6882",-337269.51
"6883",-337426.472
"6884",-334689.967
"6885",-336524.772
"6886",-334799.877
"6887",-336638.567
"6888",-336420.712
"6889",-336063.838
"6890",-337212.323
"6891",-336008.529
"6892",-337595.993
"6893",-334967.989
"6894",-334963.758
"6895",-337719.52
"6896",-337199.184
"6897",-336366.212
"6898",-336968.739
"6899",-335264.167
"6900",-335401.544
"6901",-338089.251
"6902",-333854.425
"6903",-336870.565
"6904",-337689.944
"6905",-335738.543
"6906",-336376.247
"6907",-335684.642
"6908",-336736.833
"6909",-335809.561
"6910",-337447.069
"6911",-336395.138
"6912",-337762.042
"6913",-336242.397
"6914",-337434.249
"6915",-336919.102
"6916",-335514.46
"6917",-336470.148
"6918",-339056.049
"6919",-335300.943
"6920",-335770.793
"6921",-335473.482
"6922",-336466.31
"6923",-335943.587
"6924",-337082.028
"6925",-334813.639
"6926",-336573.312
"6927",-336443.738
"6928",-336792.468
"6929",-335349.92
"6930",-335294.466
"6931",-338737.981
"6932",-336241.383
"6933",-336232.112
"6934",-335435.751
"6935",-337072.042
"6936",-335125.711
"6937",-335507.624
"6938",-337258.68
"6939",-335161.93
"6940",-336680.146
"6941",-336792.708
"6942",-336929.921
"6943",-336770.204
"6944",-336725.864
"6945",-337981.714
"6946",-336017.808
"6947",-335612.861
"6948",-337163.352
"6949",-336076.62
"6950",-335595.213
"6951",-338413.687
"6952",-336299.449
"6953",-338821.408
"6954",-338278.72
"6955",-336900.212
"6956",-337676.737
"6957",-336932.597
"6958",-336872.282
"6959",-337665.553
"6960",-336099.149
"6961",-336668.796
"6962",-334993.96
"6963",-337508.263
"6964",-337764.58
"6965",-337861.815
"6966",-336290.138
"6967",-337215.44
"6968",-339021.351
"6969",-336049.538
"6970",-336838.805
"6971",-334508.65
"6972",-336160.793
"6973",-338874.363
"6974",-338692.589
"6975",-337695.515
"6976",-335311.62
"6977",-336313.559
"6978",-336710.001
"6979",-337364.463
"6980",-334553.814
"6981",-336059.162
"6982",-338385.398
"6983",-336768.412
"6984",-338579.145
"6985",-337552.468
"6986",-337558.335
"6987",-335469.495
"6988",-334663.722
"6989",-335655.056
"6990",-336313.141
"6991",-337158.113
"6992",-336117.992
"6993",-333975.5
"6994",-337321.565
"6995",-336280.424
"6996",-335489.21
"6997",-333788.444
"6998",-334364.813
"6999",-336176.068
"7000",-338710.238
"7001",-338633.088
"7002",-337209.917
"7003",-337798.726
"7004",-336967.813
"7005",-337252.662
"7006",-334313.035
"7007",-335998.539
"7008",-336812.148
"7009",-334954.967
"7010",-337082.487
"7011",-336941.969
"7012",-336511.97
"7013",-337179.33
"7014",-337095.217
"7015",-336679.267
"7016",-336960.998
"7017",-335674.602
"7018",-337041.276
"7019",-338096.747
"7020",-337602.639
"7021",-336721.873
"7022",-338449.744
"7023",-336441.698
"7024",-335786.586
"7025",-337097.555
"7026",-336076.053
"7027",-336231.512
"7028",-338070.178
"7029",-336775.963
"7030",-337719.098
"7031",-338258.283
"7032",-336829.475
"7033",-336643.314
"7034",-338050.623
"7035",-335952.318
"7036",-337280.502
"7037",-336261.283
"7038",-335312.456
"7039",-335375.078
"7040",-337611.347
"7041",-337531.055
"7042",-335061.178
"7043",-338146.172
"7044",-335496.523
"7045",-337622.981
"7046",-334499.488
"7047",-337905.106
"7048",-338536.901
"7049",-336703.797
"7050",-338008.995
"7051",-334741.05
"7052",-338683.186
"7053",-336964.403
"7054",-334697.971
"7055",-335942.122
"7056",-334847.816
"7057",-338492.279
"7058",-336217.263
"7059",-336976.293
"7060",-337862.699
"7061",-338338.464
"7062",-338023.731
"7063",-336475.908
"7064",-337169.84
"7065",-337672.168
"7066",-337368.704
"7067",-335688.551
"7068",-336732.64
"7069",-337148.658
"7070",-336490.276
"7071",-335305.198
"7072",-335257.425
"7073",-336688.456
"7074",-335354.178
"7075",-337579.82
"7076",-335466.657
"7077",-337526.618
"7078",-336678.565
"7079",-335486.732
"7080",-335304.863
"7081",-336634.618
"7082",-335760.694
"7083",-336946.566
"7084",-335931.832
"7085",-337712.302
"7086",-336507.136
"7087",-337308.506
"7088",-335602.843
"7089",-335848.299
"7090",-338042.851
"7091",-335726.049
"7092",-337166.232
"7093",-337579.259
"7094",-337148.169
"7095",-337344.766
"7096",-334495.399
"7097",-334293.863
"7098",-336859.283
"7099",-336716.468
"7100",-336537.495
"7101",-337215.008
"7102",-336566.499
"7103",-337367.919
"7104",-335908.175
"7105",-337194.01
"7106",-337151.894
"7107",-334737.981
"7108",-337013.349
"7109",-333356.656
"7110",-337137.025
"7111",-335641.723
"7112",-335665.141
"7113",-339338.199
"7114",-338038.92
"7115",-337098.952
"7116",-336200.919
"7117",-337040.671
"7118",-336179.297
"7119",-335585.388
"7120",-335400.33
"7121",-337633.367
"7122",-338626.44
"7123",-337729.211
"7124",-335801.992
"7125",-336912.091
"7126",-335051.726
"7127",-334907.243
"7128",-338104.61
"7129",-336984.261
"7130",-337018.18
"7131",-338948.465
"7132",-339106.745
"7133",-339668.882
"7134",-337636.254
"7135",-337495.182
"7136",-336848.926
"7137",-336026.17
"7138",-336326.991
"7139",-335735.634
"7140",-337379.098
"7141",-337575.417
"7142",-338408.078
"7143",-335430.593
"7144",-338384.799
"7145",-338338.781
"7146",-337354.377
"7147",-336026.461
"7148",-337774.662
"7149",-336519.023
"7150",-336445.137
"7151",-336617.218
"7152",-338326.299
"7153",-337407.668
"7154",-335826.15
"7155",-336825.418
"7156",-338382.423
"7157",-336330.239
"7158",-334663.435
"7159",-337202.478
"7160",-337970.38
"7161",-333351.932
"7162",-335977.492
"7163",-336016.012
"7164",-336543.561
"7165",-336382.316
"7166",-338468.833
"7167",-336488.433
"7168",-335890.105
"7169",-336704.805
"7170",-336380.098
"7171",-337112.345
"7172",-337825.147
"7173",-335284.097
"7174",-337470.591
"7175",-338491.847
"7176",-335123.051
"7177",-337743.417
"7178",-336635.278
"7179",-336189.933
"7180",-339033.343
"7181",-336773.199
"7182",-338971.194
"7183",-337846.654
"7184",-336667.468
"7185",-334927.579
"7186",-337853.902
"7187",-334453.229
"7188",-336560.816
"7189",-334501.84
"7190",-335667.93
"7191",-333260.754
"7192",-337445.524
"7193",-337144.149
"7194",-339452.511
"7195",-337010.485
"7196",-337487.208
"7197",-339662.828
"7198",-334649.104
"7199",-338370.294
"7200",-336327.044
"7201",-337536.157
"7202",-338784.983
"7203",-337379.424
"7204",-336419.855
"7205",-336880.386
"7206",-337059.725
"7207",-337529.982
"7208",-335290.487
"7209",-338643.151
"7210",-336198.782
"7211",-336897.482
"7212",-338441.07
"7213",-337370.505
"7214",-335304.168
"7215",-335686.957
"7216",-335257.34
"7217",-335104.144
"7218",-337425.344
"7219",-335586.539
"7220",-336485.74
"7221",-335579.291
"7222",-336080.65
"7223",-337958.352
"7224",-337618.663
"7225",-337474.676
"7226",-335335.499
"7227",-336723.439
"7228",-334624.208
"7229",-336701.579
"7230",-337650.49
"7231",-336139.265
"7232",-336923.57
"7233",-336804.736
"7234",-337966.478
"7235",-335100.081
"7236",-334262.416
"7237",-335257.952
"7238",-336569.345
"7239",-337906.337
"7240",-337631.755
"7241",-336079.325
"7242",-336160.308
"7243",-334518.295
"7244",-336430.524
"7245",-336245.407
"7246",-336678.314
"7247",-336760.982
"7248",-335631.18
"7249",-335820.717
"7250",-337399.141
"7251",-335071.356
"7252",-336671.93
"7253",-335634.17
"7254",-337534.572
"7255",-335518.132
"7256",-336640.878
"7257",-337481.8
"7258",-337387.894
"7259",-336182.455
"7260",-337257.332
"7261",-336942.668
"7262",-336710.29
"7263",-336878.279
"7264",-336662.603
"7265",-336265.465
"7266",-334825.242
"7267",-335940.314
"7268",-337002.902
"7269",-338036.908
"7270",-336644.215
"7271",-338998.644
"7272",-334484.595
"7273",-336176.364
"7274",-335265.811
"7275",-337945.454
"7276",-336631.838
"7277",-334558.452
"7278",-336775.644
"7279",-335211.444
"7280",-338735.939
"7281",-336985.191
"7282",-336351.113
"7283",-337071.097
"7284",-336723.167
"7285",-336312.836
"7286",-337803.265
"7287",-335887.009
"7288",-336346.143
"7289",-335529.565
"7290",-334909.808
"7291",-338548.294
"7292",-336563.766
"7293",-336860.679
"7294",-337833.457
"7295",-336338.219
"7296",-336350.097
"7297",-337645.875
"7298",-336927.101
"7299",-335528.024
"7300",-334430.653
"7301",-336577.506
"7302",-336746.89
"7303",-336250.595
"7304",-335111.066
"7305",-335753.959
"7306",-335306.612
"7307",-333775.512
"7308",-337910.134
"7309",-335661.009
"7310",-335067.463
"7311",-337501.508
"7312",-337096.983
"7313",-333961.565
"7314",-335818.873
"7315",-338991.35
"7316",-335413.604
"7317",-338319.214
"7318",-334781.854
"7319",-337416.077
"7320",-336101.099
"7321",-337341.836
"7322",-336384.197
"7323",-336858.103
"7324",-336324.437
"7325",-335441.198
"7326",-336674.539
"7327",-338620.382
"7328",-337083.325
"7329",-338276.748
"7330",-336213.284
"7331",-334425.33
"7332",-338484.057
"7333",-337795.63
"7334",-336612.923
"7335",-336887.696
"7336",-334438.657
"7337",-336634.712
"7338",-337033.057
"7339",-337192.742
"7340",-337680.996
"7341",-335307.13
"7342",-337343.838
"7343",-336077.246
"7344",-335660.737
"7345",-336114.617
"7346",-336139.113
"7347",-333914.24
"7348",-335995.896
"7349",-333258.108
"7350",-338346.099
"7351",-334744.463
"7352",-336090.43
"7353",-337374.666
"7354",-338021.374
"7355",-335399.535
"7356",-336176.931
"7357",-333694.595
"7358",-336615.019
"7359",-337955.315
"7360",-334865.959
"7361",-337671.679
"7362",-333293.669
"7363",-338307.658
"7364",-335910.664
"7365",-336759.697
"7366",-335644.48
"7367",-337646.962
"7368",-336927.575
"7369",-337771.223
"7370",-337032.163
"7371",-335809.472
"7372",-335486.264
"7373",-336934.257
"7374",-336275.258
"7375",-337583.561
"7376",-337514.005
"7377",-335516.638
"7378",-335556.514
"7379",-335565.618
"7380",-336942.293
"7381",-337209.542
"7382",-337250.454
"7383",-337188.923
"7384",-335397.737
"7385",-337391.794
"7386",-336431.275
"7387",-338822.021
"7388",-336195.705
"7389",-337484.643
"7390",-338256.482
"7391",-336852.378
"7392",-335943.793
"7393",-337558.519
"7394",-337732.685
"7395",-338058.405
"7396",-336658.93
"7397",-336354.531
"7398",-335507.947
"7399",-335814.864
"7400",-336594.541
"7401",-336171.192
"7402",-335912.252
"7403",-337090.909
"7404",-336513.884
"7405",-338304.332
"7406",-336040.652
"7407",-335162.455
"7408",-338828.536
"7409",-336379.103
"7410",-335493.666
"7411",-335715.357
"7412",-336042.636
"7413",-335787.478
"7414",-337434.815
"7415",-338878.656
"7416",-336938.936
"7417",-336545.943
"7418",-337033.675
"7419",-337047.769
"7420",-335535.552
"7421",-335218.647
"7422",-336442.809
"7423",-336875.246
"7424",-334095.671
"7425",-336391.394
"7426",-335934.673
"7427",-335425.046
"7428",-337853.17
"7429",-336116.394
"7430",-337520.402
"7431",-334558.706
"7432",-336265.75
"7433",-336201.502
"7434",-336229.927
"7435",-336081.704
"7436",-335705.886
"7437",-336404.669
"7438",-336703.984
"7439",-336766.268
"7440",-335997.726
"7441",-338230.62
"7442",-336945.594
"7443",-336580.771
"7444",-335371.149
"7445",-336394.59
"7446",-335088.81
"7447",-335076.802
"7448",-336177.269
"7449",-335946.721
"7450",-336664.297
"7451",-336749.669
"7452",-335223.774
"7453",-337545.257
"7454",-338240.505
"7455",-337582.522
"7456",-336953.896
"7457",-337323.694
"7458",-337358.686
"7459",-335561.141
"7460",-336771.665
"7461",-336859.214
"7462",-337190.975
"7463",-336137.682
"7464",-339133.984
"7465",-335450.034
"7466",-336082.484
"7467",-335185.61
"7468",-337586.705
"7469",-337372.456
"7470",-336191.045
"7471",-336569.327
"7472",-337351.269
"7473",-334031.834
"7474",-336895.816
"7475",-337200.6
"7476",-336189.637
"7477",-336917.821
"7478",-335028.682
"7479",-337530.807
"7480",-337182.357
"7481",-338349.184
"7482",-335155.072
"7483",-338564.758
"7484",-335476.326
"7485",-335353.124
"7486",-335832.634
"7487",-335530.893
"7488",-336486.813
"7489",-335616.818
"7490",-336131.437
"7491",-336642.445
"7492",-335922.362
"7493",-335208.709
"7494",-336653.115
"7495",-336394.535
"7496",-337867.268
"7497",-334675.081
"7498",-336183.261
"7499",-336753.571
"7500",-337285.537
"7501",-336672.752
"7502",-335056.793
"7503",-335291.174
"7504",-335886.22
"7505",-333610.397
"7506",-336285.663
"7507",-335348.862
"7508",-337351.03
"7509",-335657.642
"7510",-335330.102
"7511",-335625.296
"7512",-336558.303
"7513",-337303.233
"7514",-336111.824
"7515",-337373.437
"7516",-338407.362
"7517",-336379.032
"7518",-336288.323
"7519",-337280.764
"7520",-336415.62
"7521",-337178.112
"7522",-337802.758
"7523",-335722.056
"7524",-336431.714
"7525",-338967.038
"7526",-335426.007
"7527",-334870.991
"7528",-337268.866
"7529",-338304.256
"7530",-336663.312
"7531",-337944.039
"7532",-336213.347
"7533",-335459.792
"7534",-337967.364
"7535",-336013.363
"7536",-337738.299
"7537",-335884.894
"7538",-335478.606
"7539",-337189.17
"7540",-335878.262
"7541",-335457.628
"7542",-336555.715
"7543",-335793.41
"7544",-336221.843
"7545",-335390.848
"7546",-335696.721
"7547",-337976.977
"7548",-336332.7
"7549",-336038.694
"7550",-337015.731
"7551",-336714.007
"7552",-335966.368
"7553",-335066.69
"7554",-338140.152
"7555",-336656.933
"7556",-336074.67
"7557",-336636.654
"7558",-339344.318
"7559",-335343.761
"7560",-336943.087
"7561",-337375.709
"7562",-336882.295
"7563",-335096.921
"7564",-335146.224
"7565",-337568.803
"7566",-336680.243
"7567",-336938.414
"7568",-336249.235
"7569",-337927.291
"7570",-333839.936
"7571",-336132.187
"7572",-336122.593
"7573",-337569.398
"7574",-337158.473
"7575",-337368.154
"7576",-336962.731
"7577",-336749.624
"7578",-336617.12
"7579",-337254.526
"7580",-336551.219
"7581",-334139.918
"7582",-336056.431
"7583",-337427.602
"7584",-336508.182
"7585",-337377.183
"7586",-336699.06
"7587",-336453.586
"7588",-336629.569
"7589",-337991.811
"7590",-336606.52
"7591",-338553.812
"7592",-334542.756
"7593",-335436.865
"7594",-335442.188
"7595",-335699.195
"7596",-336120.155
"7597",-337465.459
"7598",-334971.055
"7599",-336665.396
"7600",-335375.698
"7601",-336539.234
"7602",-337608.915
"7603",-336982.554
"7604",-336029.159
"7605",-337058.466
"7606",-334691.563
"7607",-338534.533
"7608",-335052.608
"7609",-335025.795
"7610",-336214.186
"7611",-334847.889
"7612",-338985.986
"7613",-335066.113
"7614",-336642.054
"7615",-336076.672
"7616",-336102.437
"7617",-334670.625
"7618",-335781.711
"7619",-337048.347
"7620",-335357.04
"7621",-334364.056
"7622",-336294.55
"7623",-336988.647
"7624",-335659.83
"7625",-338279.244
"7626",-334930.46
"7627",-337159.623
"7628",-335124.068
"7629",-336963.414
"7630",-337356.536
"7631",-337622.856
"7632",-338824.328
"7633",-337645.902
"7634",-338975.277
"7635",-337430.064
"7636",-337363.942
"7637",-338069.571
"7638",-338239.312
"7639",-335703.514
"7640",-335276.249
"7641",-337327.208
"7642",-335575.816
"7643",-338969.247
"7644",-337281.522
"7645",-336898.619
"7646",-336182.431
"7647",-335035.029
"7648",-335071.256
"7649",-336754.627
"7650",-338265.039
"7651",-335980.661
"7652",-334724.586
"7653",-339287.183
"7654",-335869.064
"7655",-336085.076
"7656",-336968.577
"7657",-337810.488
"7658",-336944.549
"7659",-337765.776
"7660",-336798.066
"7661",-335995.151
"7662",-335378.804
"7663",-337190.347
"7664",-337111.86
"7665",-337078.564
"7666",-335032.691
"7667",-334330.402
"7668",-337780.099
"7669",-336701.62
"7670",-334824.883
"7671",-336806.309
"7672",-334603.544
"7673",-335551.798
"7674",-336373.337
"7675",-339169.849
"7676",-335616.555
"7677",-336746.299
"7678",-336689.838
"7679",-337435.758
"7680",-336997.997
"7681",-337554.374
"7682",-334642.966
"7683",-336919.385
"7684",-338037.954
"7685",-335326.811
"7686",-336019.908
"7687",-338701.764
"7688",-337900.583
"7689",-335113.238
"7690",-336665.491
"7691",-337250.424
"7692",-335787.647
"7693",-334845.566
"7694",-335752.01
"7695",-338173.888
"7696",-338902.236
"7697",-336988.156
"7698",-337360.041
"7699",-336150.721
"7700",-336291.85
"7701",-335404.68
"7702",-335337.025
"7703",-336789.816
"7704",-338144.532
"7705",-337851.592
"7706",-335560.805
"7707",-337392.808
"7708",-336870.888
"7709",-335038.066
"7710",-337165.805
"7711",-337505.457
"7712",-336395.307
"7713",-336319.733
"7714",-337326.734
"7715",-336032.916
"7716",-335554.598
"7717",-337933.315
"7718",-336192.277
"7719",-336428.975
"7720",-336124.894
"7721",-338294.191
"7722",-336614.307
"7723",-337154.83
"7724",-335730.974
"7725",-338097.796
"7726",-335592.492
"7727",-337231.904
"7728",-334964.466
"7729",-337122.899
"7730",-336660.24
"7731",-335328.176
"7732",-335244.16
"7733",-336817.9
"7734",-336220.398
"7735",-337823.177
"7736",-335607.033
"7737",-336232.869
"7738",-336551.683
"7739",-337147.968
"7740",-338103.161
"7741",-336912.214
"7742",-334245.785
"7743",-336335.12
"7744",-336784.61
"7745",-335252.477
"7746",-335522.396
"7747",-336239.467
"7748",-337527.333
"7749",-337294.982
"7750",-335008.471
"7751",-336083.526
"7752",-334599.345
"7753",-334964.775
"7754",-336629.211
"7755",-335245.826
"7756",-333898.829
"7757",-335891.102
"7758",-337913.316
"7759",-337039.043
"7760",-335995.796
"7761",-336718.876
"7762",-336839.632
"7763",-335457.7
"7764",-337792.768
"7765",-336927.409
"7766",-339729.67
"7767",-338403.593
"7768",-339309.865
"7769",-334691.17
"7770",-336369.411
"7771",-335441.831
"7772",-338113.067
"7773",-335927.864
"7774",-337414.743
"7775",-336008.711
"7776",-338303.21
"7777",-334018.002
"7778",-336644.462
"7779",-337718.044
"7780",-337772.751
"7781",-338005.317
"7782",-337753.528
"7783",-336267.792
"7784",-335975.753
"7785",-337963.007
"7786",-338167.9
"7787",-338081.967
"7788",-336794.598
"7789",-337572.517
"7790",-337036.278
"7791",-336401.776
"7792",-336257.368
"7793",-338603.552
"7794",-337126.619
"7795",-334142.021
"7796",-334138.662
"7797",-339014.107
"7798",-335789.563
"7799",-334946.705
"7800",-336865.955
"7801",-336876.428
"7802",-337395.632
"7803",-337447.426
"7804",-335684.025
"7805",-333787.086
"7806",-336785.957
"7807",-336517.946
"7808",-337147.303
"7809",-337924.962
"7810",-336312.417
"7811",-335825.504
"7812",-339275.963
"7813",-334076.817
"7814",-339339.161
"7815",-334471.511
"7816",-336943.968
"7817",-339424.724
"7818",-335554.305
"7819",-335319.772
"7820",-337410.888
"7821",-336945.049
"7822",-338547.512
"7823",-337028.88
"7824",-335243.023
"7825",-337092.855
"7826",-337173.54
"7827",-334741.956
"7828",-337047.116
"7829",-336387.956
"7830",-337539.996
"7831",-336141.778
"7832",-336215.48
"7833",-333584.801
"7834",-334408.804
"7835",-336066.826
"7836",-335113.469
"7837",-336960.415
"7838",-336139.686
"7839",-336571.877
"7840",-338431.922
"7841",-337522.365
"7842",-337058.44
"7843",-336095.831
"7844",-339024.169
"7845",-337237.268
"7846",-336084.01
"7847",-338444.051
"7848",-337117.507
"7849",-336222.243
"7850",-338189.472
"7851",-335372.943
"7852",-334951.509
"7853",-332984.688
"7854",-335615.162
"7855",-337087.285
"7856",-334885.096
"7857",-337673.224
"7858",-337253.725
"7859",-336693.12
"7860",-336658.669
"7861",-335473.516
"7862",-336600.203
"7863",-336717.506
"7864",-335301.471
"7865",-335232.687
"7866",-336470.807
"7867",-335629.492
"7868",-335913.333
"7869",-336681.97
"7870",-338323.899
"7871",-337433.675
"7872",-335283.385
"7873",-336183.287
"7874",-335768.47
"7875",-337975.127
"7876",-337166.459
"7877",-335875.684
"7878",-338412.318
"7879",-335089.026
"7880",-335776.23
"7881",-336725.66
"7882",-336986.614
"7883",-337286.769
"7884",-335324.122
"7885",-336146.06
"7886",-336938.293
"7887",-338134.251
"7888",-336443.763
"7889",-337028.065
"7890",-336881.247
"7891",-336004.596
"7892",-337191.94
"7893",-336128.84
"7894",-338439.857
"7895",-338458.076
"7896",-335611.201
"7897",-337044.797
"7898",-336863.372
"7899",-337953.549
"7900",-335904.494
"7901",-336254.56
"7902",-338187.959
"7903",-338694.153
"7904",-336805.962
"7905",-338519.525
"7906",-336956.442
"7907",-336113.598
"7908",-337224.999
"7909",-337052.712
"7910",-336309.448
"7911",-336791.464
"7912",-336882.011
"7913",-335983.045
"7914",-337661.541
"7915",-337837.851
"7916",-338263.028
"7917",-337546.247
"7918",-336666.001
"7919",-337621.42
"7920",-336529.846
"7921",-336488.598
"7922",-336251.161
"7923",-335585.227
"7924",-336532.216
"7925",-336359.534
"7926",-336674.654
"7927",-336364.636
"7928",-337789.322
"7929",-337891.749
"7930",-336639.171
"7931",-338180.398
"7932",-337368.816
"7933",-337048.413
"7934",-336076.576
"7935",-336021.042
"7936",-335019.368
"7937",-338114.592
"7938",-335165.113
"7939",-336110.212
"7940",-337790.509
"7941",-337585.991
"7942",-336224.796
"7943",-337587.515
"7944",-336995.326
"7945",-335440.093
"7946",-335414.343
"7947",-336676.802
"7948",-336899.599
"7949",-334920.006
"7950",-337812.87
"7951",-338872.705
"7952",-334722.419
"7953",-336952.399
"7954",-337482.272
"7955",-338224.685
"7956",-335395.878
"7957",-338983.662
"7958",-334871.708
"7959",-336737.842
"7960",-337194.252
"7961",-337895.846
"7962",-335828.209
"7963",-337903.994
"7964",-335281.056
"7965",-335342.951
"7966",-337014.301
"7967",-334949.091
"7968",-340037.195
"7969",-338164.807
"7970",-336746.516
"7971",-336875.338
"7972",-338026.892
"7973",-335965.059
"7974",-337430.232
"7975",-337116.15
"7976",-335672.082
"7977",-335798.226
"7978",-336066.577
"7979",-337417.85
"7980",-336525.787
"7981",-337273.122
"7982",-336209
"7983",-336726.629
"7984",-338815.569
"7985",-337202.106
"7986",-336512.538
"7987",-334858.139
"7988",-337299.094
"7989",-337908.392
"7990",-334621.256
"7991",-337480.841
"7992",-337477.962
"7993",-337873.683
"7994",-335844.001
"7995",-337523.905
"7996",-337625.737
"7997",-338490.223
"7998",-335969.272
"7999",-336831.222
"8000",-338261.095
"8001",-337217.425
"8002",-337222.446
"8003",-337559.865
"8004",-337261.146
"8005",-335334.22
"8006",-336030.557
"8007",-337647.703
"8008",-337055.512
"8009",-336684.945
"8010",-337470.019
"8011",-338299.151
"8012",-336314.851
"8013",-335594.129
"8014",-338784.85
"8015",-336740.224
"8016",-337352.261
"8017",-336737.795
"8018",-335821.33
"8019",-336746.885
"8020",-337225.492
"8021",-334866.806
"8022",-336796.366
"8023",-337990.257
"8024",-338025.717
"8025",-336412.48
"8026",-336863.301
"8027",-336130.875
"8028",-336377.763
"8029",-334836.807
"8030",-336256.668
"8031",-335968.475
"8032",-335634.126
"8033",-336307.741
"8034",-334658.327
"8035",-336317.983
"8036",-335746.718
"8037",-335196.41
"8038",-335817.091
"8039",-334873.129
"8040",-335584.17
"8041",-336947.549
"8042",-337189.404
"8043",-337664.296
"8044",-335570.734
"8045",-335285.483
"8046",-336441.868
"8047",-338813.609
"8048",-333694.487
"8049",-334513.217
"8050",-336483.39
"8051",-336200.299
"8052",-336826.634
"8053",-336320.122
"8054",-336482.218
"8055",-337115.142
"8056",-336035.527
"8057",-337484.445
"8058",-337143.155
"8059",-335605.131
"8060",-334968.138
"8061",-336788.664
"8062",-336120.917
"8063",-335237.281
"8064",-334878.28
"8065",-336432.085
"8066",-337263.861
"8067",-334929.032
"8068",-337515.104
"8069",-334635.987
"8070",-336797.278
"8071",-339266.25
"8072",-336473.078
"8073",-339268.343
"8074",-337871.913
"8075",-335043.69
"8076",-336808.284
"8077",-337720.499
"8078",-335757.499
"8079",-336304.691
"8080",-338583.986
"8081",-335890.306
"8082",-337725.436
"8083",-337310.983
"8084",-336967.551
"8085",-337751.345
"8086",-336440.25
"8087",-336302.625
"8088",-335883.194
"8089",-338296.946
"8090",-335704.541
"8091",-335738.452
"8092",-334818.58
"8093",-338057.028
"8094",-337926.586
"8095",-338532.488
"8096",-336263.855
"8097",-336397.056
"8098",-336795.733
"8099",-335770.176
"8100",-337875.971
"8101",-336075.314
"8102",-335927.931
"8103",-337240.038
"8104",-335673.571
"8105",-334618.7
"8106",-340130.982
"8107",-338110.634
"8108",-337234.501
"8109",-335374.192
"8110",-336471.782
"8111",-337045.915
"8112",-335371.752
"8113",-338738.531
"8114",-334270.402
"8115",-336491.587
"8116",-336847.753
"8117",-337792.791
"8118",-335556.268
"8119",-336142.715
"8120",-336305.678
"8121",-338096.793
"8122",-336060.404
"8123",-335368.13
"8124",-335904.671
"8125",-337606.982
"8126",-336324.426
"8127",-336725.04
"8128",-337273.399
"8129",-336214.789
"8130",-336945.248
"8131",-334743.834
"8132",-336646.117
"8133",-335637.233
"8134",-335425.348
"8135",-337016.304
"8136",-334836.887
"8137",-337091.704
"8138",-335462.701
"8139",-336292.637
"8140",-334901.45
"8141",-337208.991
"8142",-336104.697
"8143",-335230.792
"8144",-335800.398
"8145",-336024.129
"8146",-336217.712
"8147",-336629.667
"8148",-335744.282
"8149",-337382.391
"8150",-336693.079
"8151",-336352.011
"8152",-334751.243
"8153",-335904.7
"8154",-337470.344
"8155",-336878.049
"8156",-335454.944
"8157",-336367.495
"8158",-336816.405
"8159",-339441.249
"8160",-337919.246
"8161",-336127.48
"8162",-337297.267
"8163",-338126.599
"8164",-335983.168
"8165",-337583.508
"8166",-335900.438
"8167",-336391.287
"8168",-336330.422
"8169",-336588.308
"8170",-335685.295
"8171",-335007.645
"8172",-337932.714
"8173",-337717.441
"8174",-333798.924
"8175",-335207.796
"8176",-338759.887
"8177",-335830.483
"8178",-337984.772
"8179",-338811.553
"8180",-334628.216
"8181",-335810.476
"8182",-335431.563
"8183",-337679.903
"8184",-335551.89
"8185",-335439.264
"8186",-335752.719
"8187",-336807.98
"8188",-337453.317
"8189",-337060.036
"8190",-337136.416
"8191",-335849.342
"8192",-335831.58
"8193",-337477.099
"8194",-336583.964
"8195",-336459.549
"8196",-334538.354
"8197",-337914.34
"8198",-335665.183
"8199",-335474.214
"8200",-337720.517
"8201",-338301.846
"8202",-336179.288
"8203",-336584.782
"8204",-336833.427
"8205",-335521.706
"8206",-336249.189
"8207",-337882.626
"8208",-337290.53
"8209",-337710.426
"8210",-337829.707
"8211",-335687.854
"8212",-335756.493
"8213",-333310.051
"8214",-335350.889
"8215",-337029.369
"8216",-336354.836
"8217",-333939.112
"8218",-335930.002
"8219",-336988.726
"8220",-336628.728
"8221",-336370.698
"8222",-336157.448
"8223",-336601.93
"8224",-336047.451
"8225",-336177.654
"8226",-334695.472
"8227",-338708.647
"8228",-336169.281
"8229",-335887.362
"8230",-336154.372
"8231",-336242.956
"8232",-338628.632
"8233",-337726.883
"8234",-338127.041
"8235",-337208.914
"8236",-336716.223
"8237",-334657.468
"8238",-335769.397
"8239",-335607.901
"8240",-337929.316
"8241",-334714.534
"8242",-336944.192
"8243",-339014.972
"8244",-335141.818
"8245",-336616.346
"8246",-335931.954
"8247",-337210.029
"8248",-335405.064
"8249",-336676.801
"8250",-338231.9
"8251",-336210.654
"8252",-334874.029
"8253",-336654.909
"8254",-336498.747
"8255",-334232.674
"8256",-336428.539
"8257",-336273.175
"8258",-335724.528
"8259",-336130.559
"8260",-335935.585
"8261",-335274.151
"8262",-337162.577
"8263",-336137.493
"8264",-337191.425
"8265",-336629.761
"8266",-335196.9
"8267",-337724.772
"8268",-336321.466
"8269",-337204.551
"8270",-336869.737
"8271",-336646.344
"8272",-336385.607
"8273",-336120.055
"8274",-337677.272
"8275",-337425.27
"8276",-336500.673
"8277",-336066.555
"8278",-336662.129
"8279",-334327.398
"8280",-338449.044
"8281",-336176.458
"8282",-336737.888
"8283",-336449.112
"8284",-335956.644
"8285",-337311.311
"8286",-336164.443
"8287",-336191.09
"8288",-336487.537
"8289",-337639.949
"8290",-334885.95
"8291",-337105.909
"8292",-336357
"8293",-335973.509
"8294",-337595.5
"8295",-336437.785
"8296",-335346.277
"8297",-337735.758
"8298",-335196.387
"8299",-333987.422
"8300",-335998.92
"8301",-336806.903
"8302",-335263.488
"8303",-334532.717
"8304",-336554.307
"8305",-337315.18
"8306",-335179.773
"8307",-337002.039
"8308",-336560.899
"8309",-336552.502
"8310",-336460.018
"8311",-335126.851
"8312",-334835.558
"8313",-334407.317
"8314",-337378.243
"8315",-337386.187
"8316",-337602.759
"8317",-337668.582
"8318",-336535.106
"8319",-337872.892
"8320",-336675.887
"8321",-337315.616
"8322",-338233.465
"8323",-338437.67
"8324",-337094.965
"8325",-335247.144
"8326",-335345.013
"8327",-335173.897
"8328",-335919.659
"8329",-335501.149
"8330",-336701.641
"8331",-337521.375
"8332",-336967.44
"8333",-336044.572
"8334",-338422.721
"8335",-334421.43
"8336",-334547.278
"8337",-337040.057
"8338",-336370.556
"8339",-336358.179
"8340",-337828.036
"8341",-336836.722
"8342",-338374.499
"8343",-338633.636
"8344",-336894.585
"8345",-335877.253
"8346",-336509.659
"8347",-337726.278
"8348",-334758.928
"8349",-336232.623
"8350",-336463.06
"8351",-336131.853
"8352",-337587.41
"8353",-334821.98
"8354",-334991.09
"8355",-336057.012
"8356",-337649.53
"8357",-340312.429
"8358",-335812.829
"8359",-336386.014
"8360",-335994.516
"8361",-335228.511
"8362",-336196.122
"8363",-335280.918
"8364",-334130.162
"8365",-334730.632
"8366",-337000.859
"8367",-337112.039
"8368",-337034.816
"8369",-337118.098
"8370",-335195.924
"8371",-337674.316
"8372",-337562.117
"8373",-334968.731
"8374",-336554.536
"8375",-338414.891
"8376",-336766.614
"8377",-338100.042
"8378",-335340.124
"8379",-335177.232
"8380",-336548.067
"8381",-335630.538
"8382",-338908.475
"8383",-335955.071
"8384",-335095.286
"8385",-335350.507
"8386",-336521.438
"8387",-336263.229
"8388",-336760.334
"8389",-334849.368
"8390",-337890.846
"8391",-336357.422
"8392",-337436.638
"8393",-334491.437
"8394",-336848.963
"8395",-336748.854
"8396",-336373.137
"8397",-337660.526
"8398",-338277.045
"8399",-337047.576
"8400",-338137.561
"8401",-334468.319
"8402",-336954.21
"8403",-336831.458
"8404",-336801.656
"8405",-337586.935
"8406",-337394.136
"8407",-336079.781
"8408",-338553.262
"8409",-336112.592
"8410",-336851.551
"8411",-338593.01
"8412",-335914.426
"8413",-337486.592
"8414",-337045.161
"8415",-336953.145
"8416",-338149.29
"8417",-335214.324
"8418",-336215.47
"8419",-335304.962
"8420",-338161.307
"8421",-336450.407
"8422",-336631.333
"8423",-337400.305
"8424",-337252.833
"8425",-338157.31
"8426",-336246.339
"8427",-337805.376
"8428",-338036.546
"8429",-336708.473
"8430",-338303.282
"8431",-337234.114
"8432",-337684.988
"8433",-335742.772
"8434",-339723.132
"8435",-336195.961
"8436",-337596.216
"8437",-336554.894
"8438",-335745.227
"8439",-336198.617
"8440",-336171.941
"8441",-338858.379
"8442",-336925.112
"8443",-335904.619
"8444",-336959.397
"8445",-335166.338
"8446",-336284.006
"8447",-336951.186
"8448",-336083.45
"8449",-336598.412
"8450",-336044.559
"8451",-337333.124
"8452",-337221.983
"8453",-335998.198
"8454",-336199.343
"8455",-336403.908
"8456",-337351.609
"8457",-338180.161
"8458",-336124.299
"8459",-334994.772
"8460",-336608.063
"8461",-336849.011
"8462",-335958.274
"8463",-336099.157
"8464",-336569.828
"8465",-336201.281
"8466",-334436.772
"8467",-338165.223
"8468",-337169.757
"8469",-337855.538
"8470",-338208.336
"8471",-337438.956
"8472",-336626.305
"8473",-335823.767
"8474",-334543.606
"8475",-337998.139
"8476",-336510.366
"8477",-335671.325
"8478",-334632.023
"8479",-337722.636
"8480",-336713.374
"8481",-338685.304
"8482",-336557.896
"8483",-335473.426
"8484",-336321.276
"8485",-336249.072
"8486",-336537.152
"8487",-338495.373
"8488",-336135.625
"8489",-338303.587
"8490",-336220.863
"8491",-334471.781
"8492",-335935.979
"8493",-335383.06
"8494",-335699.608
"8495",-338185.877
"8496",-335912.183
"8497",-334963.039
"8498",-336586.615
"8499",-335109.416
"8500",-336999.184
"8501",-337497.587
"8502",-336329.826
"8503",-335335.589
"8504",-336079.88
"8505",-336900.29
"8506",-337804.724
"8507",-334950.811
"8508",-336211.428
"8509",-337840.37
"8510",-335303.025
"8511",-335722.188
"8512",-337362.849
"8513",-336670.534
"8514",-336548.416
"8515",-337395.999
"8516",-336432.335
"8517",-337853.88
"8518",-336215.46
"8519",-337203.865
"8520",-336573.158
"8521",-336777.61
"8522",-335398.908
"8523",-337407.921
"8524",-336553.334
"8525",-335200.444
"8526",-337684.064
"8527",-335882.004
"8528",-335838.115
"8529",-337590.115
"8530",-335597.716
"8531",-337169.352
"8532",-337555.221
"8533",-335577.41
"8534",-338506.062
"8535",-336486.739
"8536",-335306.31
"8537",-338483.799
"8538",-336800.918
"8539",-335829.033
"8540",-336375.457
"8541",-335782.002
"8542",-337085.779
"8543",-336000.81
"8544",-335477.15
"8545",-336611.52
"8546",-336396.054
"8547",-336872.042
"8548",-336327.973
"8549",-336394.94
"8550",-338435.32
"8551",-336225.415
"8552",-336708.858
"8553",-338105.221
"8554",-337594.575
"8555",-336560.752
"8556",-334828.934
"8557",-338169.377
"8558",-339260.515
"8559",-336957.159
"8560",-336747.702
"8561",-335191.363
"8562",-335468.279
"8563",-338530.148
"8564",-339056.235
"8565",-335200.614
"8566",-336502.15
"8567",-335955.988
"8568",-336735.873
"8569",-339362.083
"8570",-336879.727
"8571",-335628.732
"8572",-335924.09
"8573",-336815.58
"8574",-338052.477
"8575",-336968.476
"8576",-337357.863
"8577",-336187.797
"8578",-336786.201
"8579",-337957.862
"8580",-334444.68
"8581",-334636.084
"8582",-335449.26
"8583",-334537.347
"8584",-335049.599
"8585",-335440.604
"8586",-338326.194
"8587",-338193.726
"8588",-335443.245
"8589",-337208.086
"8590",-336527.836
"8591",-336539.068
"8592",-337130.566
"8593",-336435.245
"8594",-337581.134
"8595",-336844.865
"8596",-337694.952
"8597",-338556.052
"8598",-336671.474
"8599",-337256.055
"8600",-338238.608
"8601",-334901.181
"8602",-338506.654
"8603",-337113.682
"8604",-336242.361
"8605",-337196.244
"8606",-334814.571
"8607",-337153.57
"8608",-338472.406
"8609",-337288.039
"8610",-339375.361
"8611",-335338.24
"8612",-336743.868
"8613",-335528.932
"8614",-334898.161
"8615",-336713.461
"8616",-335989.492
"8617",-336339.13
"8618",-336405.005
"8619",-337274.77
"8620",-336268.877
"8621",-338013.632
"8622",-338086.008
"8623",-336912.28
"8624",-336213.003
"8625",-336493.526
"8626",-337159.883
"8627",-338294.475
"8628",-336906.111
"8629",-336685.626
"8630",-336883.086
"8631",-336502.793
"8632",-337670.417
"8633",-335090.053
"8634",-334347.838
"8635",-335697.397
"8636",-338029.004
"8637",-337616.272
"8638",-336649.9
"8639",-336888.481
"8640",-336393.523
"8641",-336899.706
"8642",-335193.11
"8643",-336790.319
"8644",-337292.235
"8645",-335722.906
"8646",-336324.677
"8647",-335546.68
"8648",-335085.203
"8649",-335591.012
"8650",-335870.665
"8651",-336724.853
"8652",-336492.428
"8653",-339371.604
"8654",-336733.543
"8655",-336227.974
"8656",-338514.347
"8657",-337143.131
"8658",-337103.703
"8659",-337153.604
"8660",-336936.061
"8661",-336009.052
"8662",-337164.479
"8663",-338670.227
"8664",-338686.8
"8665",-335943.5
"8666",-336273.744
"8667",-336118.662
"8668",-337247.839
"8669",-336859.576
"8670",-336104.105
"8671",-336934.621
"8672",-337343.145
"8673",-337104.164
"8674",-338259.824
"8675",-337976.233
"8676",-335405.334
"8677",-335879.698
"8678",-336387.884
"8679",-337232.545
"8680",-338492.228
"8681",-335612.389
"8682",-336500.509
"8683",-337260.538
"8684",-335176.177
"8685",-337374.292
"8686",-336941.72
"8687",-338685.019
"8688",-337131.689
"8689",-334464.58
"8690",-336432.39
"8691",-336647.312
"8692",-335922.851
"8693",-338902.361
"8694",-337273.6
"8695",-336555.422
"8696",-337103.793
"8697",-335244.887
"8698",-339383.212
"8699",-338913.232
"8700",-337361.336
"8701",-337444.791
"8702",-336076.579
"8703",-337638.773
"8704",-337175.987
"8705",-335876.247
"8706",-336463.587
"8707",-340094.681
"8708",-336313.335
"8709",-335072.681
"8710",-338097.35
"8711",-335914.621
"8712",-336902.081
"8713",-336346.94
"8714",-336101.446
"8715",-335382.947
"8716",-336451.973
"8717",-337311.88
"8718",-337832.062
"8719",-334827.302
"8720",-336859.084
"8721",-338209.732
"8722",-337939.958
"8723",-336246.789
"8724",-337310.351
"8725",-338355.158
"8726",-337101.926
"8727",-335276.163
"8728",-336518.351
"8729",-336378.49
"8730",-334119.558
"8731",-335317.75
"8732",-337442.796
"8733",-333830.788
"8734",-336424.384
"8735",-337701.347
"8736",-338636.692
"8737",-337586.478
"8738",-337335.705
"8739",-337642.657
"8740",-335639.469
"8741",-338081.036
"8742",-338172.21
"8743",-337511.977
"8744",-338718.06
"8745",-334914.657
"8746",-337473.569
"8747",-336641.936
"8748",-335745.781
"8749",-337138.118
"8750",-335173.115
"8751",-335145.449
"8752",-335566.059
"8753",-338000.994
"8754",-335981.118
"8755",-334825.024
"8756",-336121.559
"8757",-336809.347
"8758",-336873.295
"8759",-337252.747
"8760",-338225.898
"8761",-337337.885
"8762",-336800.109
"8763",-336309.402
"8764",-335348.613
"8765",-337034.311
"8766",-337007.514
"8767",-335730.376
"8768",-337307.108
"8769",-335697.617
"8770",-337236.133
"8771",-335616.517
"8772",-338070.642
"8773",-337022.328
"8774",-336407.772
"8775",-338027.517
"8776",-337754.63
"8777",-337602.922
"8778",-337881.338
"8779",-336980.504
"8780",-335835.567
"8781",-335707.093
"8782",-337387.099
"8783",-336733.021
"8784",-337398.44
"8785",-336814.856
"8786",-334903.962
"8787",-337535.451
"8788",-336888.769
"8789",-337699.94
"8790",-336010.682
"8791",-336300.193
"8792",-338162.771
"8793",-335391.212
"8794",-337826.183
"8795",-336115.698
"8796",-336570.386
"8797",-336326.658
"8798",-337726.929
"8799",-338056.741
"8800",-336207.08
"8801",-337423.662
"8802",-336688.419
"8803",-335687.718
"8804",-336600.973
"8805",-336816.909
"8806",-336426.007
"8807",-336552.292
"8808",-337739.983
"8809",-338689.625
"8810",-335629.842
"8811",-336365.36
"8812",-337156.287
"8813",-336911.812
"8814",-336527.573
"8815",-335957.702
"8816",-336404.041
"8817",-335523.026
"8818",-336421.838
"8819",-335399.165
"8820",-336656.31
"8821",-337079.129
"8822",-336566.43
"8823",-336361.107
"8824",-335307.37
"8825",-339088.73
"8826",-334923.156
"8827",-336412.585
"8828",-337997.14
"8829",-337091.7
"8830",-338311.297
"8831",-336376.38
"8832",-337150.854
"8833",-337915.912
"8834",-335559.433
"8835",-334622.012
"8836",-337153.133
"8837",-336387.591
"8838",-338934.247
"8839",-336707.466
"8840",-334713.335
"8841",-337496.06
"8842",-335813.784
"8843",-337890.373
"8844",-336828.385
"8845",-337355.595
"8846",-338225.211
"8847",-336076.808
"8848",-337478.467
"8849",-336101.91
"8850",-336926.826
"8851",-336824.329
"8852",-336137.503
"8853",-335503.713
"8854",-339251.375
"8855",-338236.702
"8856",-337555.869
"8857",-337419.567
"8858",-337391.206
"8859",-336052.721
"8860",-335432.647
"8861",-337206.72
"8862",-337312.169
"8863",-338245.299
"8864",-335809.561
"8865",-336475.507
"8866",-336323.227
"8867",-336797.739
"8868",-335473.904
"8869",-338743.843
"8870",-336537.431
"8871",-335366.428
"8872",-335938.799
"8873",-335593.867
"8874",-336434.105
"8875",-337512.735
"8876",-336022.395
"8877",-336352.467
"8878",-335351.883
"8879",-336939.028
"8880",-335958.949
"8881",-336788.88
"8882",-339459.507
"8883",-337168.517
"8884",-338690.799
"8885",-336737.155
"8886",-336734.103
"8887",-336148.122
"8888",-336688.048
"8889",-336479.336
"8890",-336435.166
"8891",-338691.654
"8892",-335739.571
"8893",-336064.278
"8894",-336215.487
"8895",-338318.379
"8896",-338221.647
"8897",-336090.167
"8898",-337311.756
"8899",-337343.357
"8900",-335026.081
"8901",-335152.64
"8902",-336389.623
"8903",-334993.023
"8904",-338250.993
"8905",-333632.085
"8906",-336487.625
"8907",-336531.112
"8908",-335169.199
"8909",-335476.674
"8910",-334474.301
"8911",-335278.58
"8912",-337285.238
"8913",-334513.781
"8914",-335550.196
"8915",-337334.156
"8916",-334249.963
"8917",-336494.896
"8918",-337618.792
"8919",-338401.168
"8920",-336947.776
"8921",-334650.509
"8922",-338706.715
"8923",-336084.608
"8924",-336146.688
"8925",-337180.567
"8926",-336762.676
"8927",-338199.693
"8928",-337987.861
"8929",-337024.003
"8930",-336631.779
"8931",-336024.641
"8932",-337195.395
"8933",-340171.638
"8934",-338619.023
"8935",-336171.468
"8936",-335404.169
"8937",-337279.423
"8938",-336219.5
"8939",-336827.931
"8940",-336526.394
"8941",-336763.149
"8942",-336094.27
"8943",-338629.464
"8944",-335990.953
"8945",-338508.157
"8946",-337477.673
"8947",-335743.692
"8948",-336640.585
"8949",-335965.402
"8950",-337583.727
"8951",-335328.122
"8952",-336028.486
"8953",-336281.611
"8954",-337836.149
"8955",-335041.797
"8956",-336735.124
"8957",-336780.333
"8958",-337786.161
"8959",-335871.446
"8960",-336561.122
"8961",-337401.452
"8962",-335873.291
"8963",-340008.754
"8964",-336507.295
"8965",-337342.393
"8966",-336859.905
"8967",-336317.094
"8968",-337898.89
"8969",-337077.7
"8970",-338124.064
"8971",-338186.85
"8972",-337643.228
"8973",-336647.57
"8974",-338948.145
"8975",-335608.626
"8976",-337051.939
"8977",-336190.714
"8978",-336205.664
"8979",-339291.082
"8980",-337673.862
"8981",-337169
"8982",-334758.235
"8983",-337370.892
"8984",-336947.199
"8985",-335346.205
"8986",-338477.024
"8987",-336693.794
"8988",-336360.226
"8989",-338627.659
"8990",-337673.696
"8991",-335502.908
"8992",-337209.418
"8993",-335711.053
"8994",-337149.973
"8995",-338102.84
"8996",-335588.749
"8997",-335887.255
"8998",-337241.846
"8999",-336472.793
"9000",-337299.378
"9001",-337652.456
"9002",-335978.078
"9003",-337842.722
"9004",-336067.928
"9005",-336258.638
"9006",-336509.845
"9007",-335753.281
"9008",-337490.218
"9009",-338055.778
"9010",-335065.061
"9011",-337934.591
"9012",-336306.051
"9013",-335526.814
"9014",-337121.534
"9015",-338391.614
"9016",-336562.11
"9017",-336988.722
"9018",-335812.6
"9019",-335851.013
"9020",-335807.046
"9021",-334962.894
"9022",-337381.403
"9023",-337419.271
"9024",-336516.733
"9025",-336016.833
"9026",-335195.35
"9027",-338363.157
"9028",-337051.459
"9029",-339933.274
"9030",-335942.653
"9031",-337311.412
"9032",-337040.959
"9033",-337375.028
"9034",-336945.943
"9035",-335908.196
"9036",-336718.202
"9037",-337040.368
"9038",-337474.363
"9039",-334697.597
"9040",-336941.089
"9041",-336135.949
"9042",-336377.811
"9043",-337522.224
"9044",-336799.786
"9045",-336530.008
"9046",-337528.629
"9047",-337621.38
"9048",-335846.207
"9049",-335466.021
"9050",-335564.833
"9051",-335222.524
"9052",-335292.334
"9053",-334544.979
"9054",-340128.571
"9055",-336827.071
"9056",-335426.314
"9057",-336326.824
"9058",-337015.819
"9059",-337504.264
"9060",-336533.439
"9061",-338022.505
"9062",-337285.437
"9063",-338048.865
"9064",-335722.257
"9065",-334412.673
"9066",-336716.879
"9067",-338627.371
"9068",-335178.276
"9069",-335466.708
"9070",-337577.637
"9071",-337935.606
"9072",-336585.304
"9073",-337750.84
"9074",-334104.259
"9075",-338007.479
"9076",-337194.027
"9077",-337824.668
"9078",-337578.833
"9079",-335435.388
"9080",-336549.348
"9081",-336213.207
"9082",-336671.029
"9083",-336607.851
"9084",-335285.576
"9085",-335138.976
"9086",-337646.471
"9087",-335932.31
"9088",-335794.791
"9089",-336274.868
"9090",-335584.976
"9091",-337853.767
"9092",-334371.877
"9093",-338022.301
"9094",-337545.451
"9095",-337805.602
"9096",-336929.637
"9097",-337120.275
"9098",-337691.403
"9099",-335183.194
"9100",-339210.246
"9101",-336499.032
"9102",-335423.424
"9103",-334250.816
"9104",-335560.027
"9105",-338135.104
"9106",-337920.401
"9107",-336477.886
"9108",-337691.352
"9109",-335232.49
"9110",-336709.047
"9111",-337241.863
"9112",-336914.546
"9113",-334809.682
"9114",-338204.39
"9115",-337609.914
"9116",-337829.474
"9117",-337360.796
"9118",-338035.829
"9119",-337444.604
"9120",-337081.888
"9121",-337547.386
"9122",-336514.76
"9123",-337956.899
"9124",-337133.898
"9125",-334748.262
"9126",-336040.64
"9127",-334601.067
"9128",-336275.887
"9129",-335274.237
"9130",-335816.306
"9131",-337507.332
"9132",-336880.933
"9133",-337140.555
"9134",-336219.578
"9135",-336907.657
"9136",-338589.49
"9137",-337060.352
"9138",-335218.166
"9139",-337166.35
"9140",-335527.084
"9141",-339006.318
"9142",-338572.879
"9143",-337634.943
"9144",-336630.95
"9145",-337075.731
"9146",-336970.438
"9147",-336761.125
"9148",-335790.239
"9149",-336462.71
"9150",-334566.352
"9151",-335729.989
"9152",-336184.852
"9153",-335002.338
"9154",-337548.102
"9155",-335750.795
"9156",-335696.904
"9157",-335848.328
"9158",-336020.739
"9159",-337171.841
"9160",-335651.026
"9161",-336936.185
"9162",-338719.771
"9163",-338797.994
"9164",-336216.453
"9165",-336730.467
"9166",-334380.15
"9167",-335877.282
"9168",-336783.012
"9169",-333982.496
"9170",-335233.079
"9171",-335552.716
"9172",-335568.302
"9173",-337852.508
"9174",-337343.556
"9175",-337069.676
"9176",-334993.957
"9177",-336775.779
"9178",-335896.922
"9179",-337413.507
"9180",-335650.644
"9181",-334570.597
"9182",-336358.655
"9183",-335194.154
"9184",-338059.286
"9185",-338829.502
"9186",-336706.28
"9187",-335649.978
"9188",-334670.629
"9189",-336609.609
"9190",-336831.715
"9191",-335457.101
"9192",-335925.638
"9193",-335266.438
"9194",-338014.986
"9195",-337532.566
"9196",-338146.348
"9197",-336801.289
"9198",-336978.906
"9199",-335018.636
"9200",-334058.311
"9201",-339272.141
"9202",-335498.908
"9203",-337048.836
"9204",-337263.61
"9205",-337865.517
"9206",-337367.048
"9207",-335984.901
"9208",-337064.6
"9209",-337210.174
"9210",-338496.59
"9211",-338160.622
"9212",-336795.425
"9213",-335203.66
"9214",-336539.39
"9215",-336612.538
"9216",-336924.991
"9217",-338505.648
"9218",-337350.599
"9219",-335413.257
"9220",-336770.319
"9221",-336344.196
"9222",-337585.154
"9223",-336456.063
"9224",-337267.179
"9225",-336328.604
"9226",-336558.095
"9227",-335390.236
"9228",-336592.373
"9229",-337228.154
"9230",-336921.269
"9231",-334597.639
"9232",-336736.796
"9233",-337311.48
"9234",-334939.755
"9235",-335947.209
"9236",-336134.898
"9237",-336730.349
"9238",-339971.403
"9239",-337938.266
"9240",-339584.385
"9241",-336483.505
"9242",-336015.814
"9243",-334263.643
"9244",-335970.74
"9245",-338389.108
"9246",-334967.373
"9247",-337080.013
"9248",-338114.436
"9249",-337382.571
"9250",-337609.6
"9251",-337674.956
"9252",-336755.822
"9253",-337338.242
"9254",-336163.898
"9255",-337248.172
"9256",-336970.068
"9257",-336724.777
"9258",-335179.455
"9259",-333785.518
"9260",-335872.799
"9261",-337559.718
"9262",-337880.269
"9263",-335483.322
"9264",-336847.509
"9265",-337009.639
"9266",-337859.765
"9267",-336183.636
"9268",-337817.597
"9269",-336749.799
"9270",-338419.907
"9271",-335900.535
"9272",-336355.477
"9273",-337978.712
"9274",-336170.186
"9275",-335738.42
"9276",-336432.232
"9277",-337115.263
"9278",-335041.479
"9279",-335565.045
"9280",-337552.424
"9281",-336936.355
"9282",-336472.733
"9283",-338397.158
"9284",-337092.009
"9285",-337365.363
"9286",-336240.12
"9287",-333932.67
"9288",-337195.425
"9289",-335561.082
"9290",-336558.818
"9291",-337005.858
"9292",-336713.517
"9293",-335703.916
"9294",-335288.372
"9295",-338039.791
"9296",-337278.905
"9297",-336477.984
"9298",-337053.788
"9299",-337087.559
"9300",-335074.21
"9301",-336718.598
"9302",-335484.481
"9303",-337365.522
"9304",-335558.797
"9305",-335862.771
"9306",-337718.647
"9307",-333661.388
"9308",-334782.185
"9309",-335470.952
"9310",-338080.849
"9311",-337108.666
"9312",-335963.794
"9313",-337606.099
"9314",-335580.807
"9315",-335859.097
"9316",-337330.622
"9317",-337650.849
"9318",-335944.001
"9319",-335735.835
"9320",-334059.074
"9321",-336998.249
"9322",-338239.557
"9323",-337396.226
"9324",-337865.949
"9325",-334102.413
"9326",-333860.299
"9327",-336338.377
"9328",-337743.357
"9329",-337235.637
"9330",-337565.981
"9331",-334849.56
"9332",-336107.816
"9333",-335517.643
"9334",-335242.276
"9335",-336843.16
"9336",-336682.666
"9337",-335963.814
"9338",-337834.697
"9339",-337173.344
"9340",-338115.109
"9341",-335214.25
"9342",-338017.475
"9343",-334588.78
"9344",-336076.523
"9345",-337443.523
"9346",-335576.333
"9347",-336230.964
"9348",-337432.491
"9349",-335756.181
"9350",-337985.079
"9351",-338704.879
"9352",-336100.736
"9353",-336660.166
"9354",-338328.333
"9355",-336964.304
"9356",-336388.112
"9357",-336308.225
"9358",-337503.876
"9359",-337777.635
"9360",-335529.77
"9361",-337002.007
"9362",-336902.996
"9363",-336600.773
"9364",-335768.143
"9365",-335583.089
"9366",-336759.83
"9367",-334757.253
"9368",-335863.036
"9369",-339152.514
"9370",-336189.381
"9371",-338136.064
"9372",-335418.497
"9373",-334631.141
"9374",-335490.097
"9375",-336436.832
"9376",-337174.08
"9377",-337455.699
"9378",-335342.261
"9379",-339357.116
"9380",-338269.735
"9381",-334291.532
"9382",-338400.665
"9383",-337706.281
"9384",-337047.871
"9385",-337160.105
"9386",-336882.042
"9387",-335525.523
"9388",-335794.552
"9389",-336707.843
"9390",-337039.683
"9391",-336425.418
"9392",-336374.208
"9393",-336938.403
"9394",-332238.214
"9395",-337994.772
"9396",-336077.521
"9397",-337344.866
"9398",-336166.897
"9399",-336688.267
"9400",-336492.666
"9401",-337800.427
"9402",-336720.125
"9403",-337462.078
"9404",-338578.624
"9405",-337333.305
"9406",-336490.29
"9407",-335827.669
"9408",-336460.183
"9409",-336413.149
"9410",-337036.013
"9411",-334739.173
"9412",-336534.426
"9413",-336386.373
"9414",-335912.721
"9415",-337548.665
"9416",-334707.917
"9417",-337014.2
"9418",-334073.725
"9419",-336440.625
"9420",-337331.336
"9421",-334754.893
"9422",-337034.122
"9423",-336525.936
"9424",-338809.516
"9425",-335990.701
"9426",-336132.08
"9427",-338978.326
"9428",-335058.559
"9429",-337961.135
"9430",-335000.233
"9431",-336163.321
"9432",-336570.398
"9433",-335658.768
"9434",-337554.722
"9435",-337908.978
"9436",-336009.459
"9437",-338492.137
"9438",-335921.094
"9439",-338316.936
"9440",-335988.257
"9441",-336037.778
"9442",-335698.226
"9443",-335369.571
"9444",-337653.042
"9445",-336440.098
"9446",-340029.802
"9447",-335651.848
"9448",-335314.885
"9449",-337184.498
"9450",-336535.2
"9451",-335970.662
"9452",-336393.115
"9453",-335533.46
"9454",-337216.776
"9455",-336802.731
"9456",-335315.507
"9457",-337875.641
"9458",-336386.582
"9459",-336323.448
"9460",-338186.482
"9461",-337413.495
"9462",-336632.534
"9463",-336657.647
"9464",-335863.369
"9465",-338775.211
"9466",-335211.824
"9467",-337225.168
"9468",-335857.683
"9469",-336813.41
"9470",-339347.862
"9471",-336002.478
"9472",-337461.669
"9473",-337281.848
"9474",-336817.67
"9475",-335639.529
"9476",-337147.714
"9477",-336406.397
"9478",-335467.234
"9479",-336738.271
"9480",-335078.091
"9481",-337791.12
"9482",-335893.06
"9483",-338624.755
"9484",-336362.689
"9485",-337518.665
"9486",-336845.467
"9487",-336181.94
"9488",-336302.689
"9489",-336094.805
"9490",-337403.28
"9491",-337555.544
"9492",-335726.047
"9493",-336389.652
"9494",-335269.992
"9495",-337249.391
"9496",-337462.651
"9497",-336986.815
"9498",-336651.087
"9499",-338095.827
"9500",-338512.956
"9501",-337711.547
"9502",-337423.632
"9503",-336239.024
"9504",-336157.93
"9505",-337148.833
"9506",-335392.972
"9507",-338489.802
"9508",-337271.149
"9509",-336946.996
"9510",-337022.16
"9511",-337868.272
"9512",-338636.345
"9513",-337329.128
"9514",-335508.577
"9515",-338356.724
"9516",-336294.865
"9517",-336259.954
"9518",-334778.183
"9519",-338660.401
"9520",-335733.761
"9521",-337224.386
"9522",-336413.435
"9523",-336761.041
"9524",-336744.761
"9525",-336537.194
"9526",-337330.692
"9527",-334881.282
"9528",-337055.884
"9529",-336529.203
"9530",-338360.518
"9531",-335288.294
"9532",-336173.25
"9533",-337274.782
"9534",-334882.689
"9535",-338872.283
"9536",-336268.547
"9537",-336503.831
"9538",-337017.47
"9539",-337638.355
"9540",-335371.611
"9541",-336607.586
"9542",-336818.725
"9543",-335063.247
"9544",-337368.265
"9545",-337405.992
"9546",-335921.294
"9547",-336784.949
"9548",-336873.25
"9549",-335783.325
"9550",-334515.416
"9551",-336267.845
"9552",-335497.976
"9553",-336546.477
"9554",-337344.2
"9555",-337007.847
"9556",-336618.425
"9557",-337153.255
"9558",-337304.658
"9559",-337085.718
"9560",-335635.714
"9561",-338794.684
"9562",-336867.798
"9563",-334354.011
"9564",-336714.649
"9565",-336991.641
"9566",-336230.654
"9567",-337827.231
"9568",-337991.485
"9569",-337905.936
"9570",-336420.733
"9571",-337101.165
"9572",-338325.54
"9573",-337252.228
"9574",-336865.662
"9575",-335396.017
"9576",-335703.419
"9577",-338413.533
"9578",-337434.263
"9579",-336271.16
"9580",-337784.384
"9581",-337754.093
"9582",-337128.1
"9583",-335541.866
"9584",-337209.76
"9585",-337998.237
"9586",-337441.953
"9587",-336646.931
"9588",-337758.041
"9589",-335991.975
"9590",-335249.443
"9591",-336425.643
"9592",-337093.146
"9593",-335564.596
"9594",-337576.395
"9595",-336196.919
"9596",-338113.434
"9597",-336799.752
"9598",-335794.786
"9599",-335769.683
"9600",-337491.434
"9601",-337223.422
"9602",-337149.843
"9603",-337330.779
"9604",-335543.716
"9605",-339879.326
"9606",-337952.643
"9607",-337560.007
"9608",-337205.373
"9609",-336694.432
"9610",-334020.004
"9611",-337339.273
"9612",-338088.088
"9613",-337702.667
"9614",-334442.303
"9615",-338660.25
"9616",-337744.106
"9617",-333894.422
"9618",-336612.929
"9619",-337382.625
"9620",-339566.441
"9621",-335465.071
"9622",-336170.878
"9623",-336124.129
"9624",-336369.638
"9625",-334154.599
"9626",-335334.833
"9627",-336170.775
"9628",-337276.362
"9629",-335784.36
"9630",-334161.335
"9631",-336443.508
"9632",-337541.995
"9633",-337914.441
"9634",-338842.623
"9635",-336600.546
"9636",-336303.914
"9637",-334709.806
"9638",-339355.803
"9639",-337230.085
"9640",-336887.303
"9641",-333724.204
"9642",-336053.666
"9643",-335886.775
"9644",-336707.337
"9645",-335568.351
"9646",-334437.915
"9647",-336158.75
"9648",-336447.392
"9649",-338176.62
"9650",-336023.555
"9651",-338365.442
"9652",-335208.55
"9653",-336536.815
"9654",-337144.938
"9655",-337147.978
"9656",-336599.561
"9657",-337582.268
"9658",-336481.224
"9659",-336042.191
"9660",-334924.307
"9661",-336256.541
"9662",-336013.959
"9663",-335459.109
"9664",-336060.715
"9665",-336356.746
"9666",-335597.103
"9667",-336241.707
"9668",-336433.463
"9669",-335906.326
"9670",-336391.132
"9671",-337937.923
"9672",-338381.312
"9673",-337935.596
"9674",-337679.307
"9675",-336240.435
"9676",-337012.136
"9677",-335297.764
"9678",-337406.156
"9679",-339045.683
"9680",-335323.167
"9681",-336782.665
"9682",-337086.623
"9683",-336725.839
"9684",-336906.5
"9685",-338688.687
"9686",-335434.161
"9687",-336402.072
"9688",-336191.215
"9689",-337961.21
"9690",-336953.192
"9691",-337452.07
"9692",-335312.055
"9693",-337482.285
"9694",-336524.616
"9695",-335835.263
"9696",-336689.015
"9697",-338830.996
"9698",-337029.244
"9699",-334548.838
"9700",-336651.916
"9701",-337825.818
"9702",-338524.913
"9703",-335159.46
"9704",-337091.078
"9705",-338325.113
"9706",-335948.015
"9707",-336877.191
"9708",-336533.102
"9709",-335006.621
"9710",-334674.415
"9711",-337508.874
"9712",-337284.401
"9713",-336501.015
"9714",-336737.701
"9715",-335740.214
"9716",-335957.946
"9717",-335285.016
"9718",-335735.665
"9719",-337213.175
"9720",-339061.621
"9721",-337149.894
"9722",-336147.138
"9723",-338594.95
"9724",-334696.465
"9725",-337131.963
"9726",-339515.978
"9727",-337152.498
"9728",-336150.683
"9729",-336924.645
"9730",-336399.134
"9731",-336574.274
"9732",-337403.364
"9733",-336404.509
"9734",-336335.66
"9735",-337098.842
"9736",-335536.505
"9737",-338378.921
"9738",-338383.233
"9739",-338174.963
"9740",-336014.814
"9741",-336732.427
"9742",-336784.324
"9743",-335926.238
"9744",-337923.357
"9745",-337241.197
"9746",-336022.848
"9747",-333994.146
"9748",-334921.893
"9749",-336457.047
"9750",-335862.87
"9751",-336844.515
"9752",-335910.988
"9753",-336625.573
"9754",-336635.768
"9755",-336151.758
"9756",-335276.638
"9757",-336065.567
"9758",-335804.106
"9759",-336695.787
"9760",-336088.259
"9761",-335137.145
"9762",-339371.879
"9763",-336267.617
"9764",-336375.262
"9765",-337407.821
"9766",-335513.707
"9767",-338418.704
"9768",-338163.699
"9769",-337260.129
"9770",-336973.462
"9771",-338207.58
"9772",-334558.386
"9773",-338940.656
"9774",-336763.376
"9775",-336447.354
"9776",-336241.564
"9777",-336411.722
"9778",-336380.556
"9779",-336677.11
"9780",-338198.84
"9781",-333727.548
"9782",-336462.196
"9783",-337966.069
"9784",-333815.996
"9785",-336225.999
"9786",-335924.614
"9787",-336177.362
"9788",-337178.039
"9789",-335731.293
"9790",-336138.677
"9791",-337350.625
"9792",-335542.415
"9793",-336126.884
"9794",-335203.914
"9795",-340484.522
"9796",-335537.851
"9797",-336532.833
"9798",-335333.893
"9799",-336273.51
"9800",-335553.219
"9801",-335639.127
"9802",-336180.289
"9803",-335994.693
"9804",-336922.4
"9805",-337017.365
"9806",-337534.533
"9807",-335968.82
"9808",-336561.732
"9809",-335669.516
"9810",-336647.663
"9811",-336580.149
"9812",-337578.09
"9813",-337412.892
"9814",-335950.579
"9815",-336966.016
"9816",-338428.159
"9817",-338159.721
"9818",-336517.456
"9819",-338623.262
"9820",-339567.326
"9821",-336349.13
"9822",-335735.4
"9823",-336489.297
"9824",-334463.121
"9825",-336956.073
"9826",-337060.025
"9827",-336768.455
"9828",-335642.592
"9829",-336912.611
"9830",-335760.41
"9831",-338055.34
"9832",-337497.034
"9833",-336406.05
"9834",-336193.744
"9835",-334940.624
"9836",-335947.784
"9837",-334691.95
"9838",-335625.383
"9839",-337801.577
"9840",-337107.609
"9841",-338868.041
"9842",-335494.236
"9843",-337365.605
"9844",-337252.205
"9845",-336503.788
"9846",-336918.306
"9847",-337064.022
"9848",-335696.778
"9849",-336177.226
"9850",-338227.874
"9851",-335748.204
"9852",-336584.887
"9853",-339096.313
"9854",-337441.171
"9855",-334454.867
"9856",-336858.875
"9857",-336612.926
"9858",-336077.645
"9859",-337732.785
"9860",-337766.092
"9861",-336580.602
"9862",-335505.481
"9863",-337835.667
"9864",-336130.581
"9865",-337836.771
"9866",-336045.131
"9867",-336846.422
"9868",-336833.132
"9869",-337563.169
"9870",-336798.518
"9871",-335302.356
"9872",-335776.013
"9873",-337260.129
"9874",-336797.868
"9875",-334072.512
"9876",-336562.927
"9877",-338053.572
"9878",-337003.875
"9879",-336490.52
"9880",-337796.125
"9881",-339136.131
"9882",-336885.546
"9883",-337941.15
"9884",-336559.612
"9885",-335812.158
"9886",-336026.289
"9887",-335340.336
"9888",-335501.016
"9889",-336237.231
"9890",-336576.315
"9891",-338381.87
"9892",-337465.499
"9893",-338935.435
"9894",-336561.62
"9895",-338487.008
"9896",-337279.087
"9897",-335772.448
"9898",-337096.458
"9899",-336453.53
"9900",-336417.586
"9901",-334910.669
"9902",-337749.828
"9903",-337079.932
"9904",-337256.217
"9905",-337709.283
"9906",-336638.018
"9907",-336583.559
"9908",-338110.33
"9909",-335546.675
"9910",-337310.156
"9911",-337065.783
"9912",-336522.905
"9913",-336101.022
"9914",-337351.583
"9915",-336590.62
"9916",-335370.784
"9917",-337072.554
"9918",-334984.833
"9919",-337676.605
"9920",-339842.1
"9921",-336201.643
"9922",-337331.913
"9923",-335124.89
"9924",-337204.101
"9925",-336584.843
"9926",-339412.562
"9927",-336906.25
"9928",-337045.643
"9929",-336721.591
"9930",-335337.465
"9931",-336964.455
"9932",-337258.935
"9933",-335400.267
"9934",-337571.817
"9935",-336618.346
"9936",-336141.928
"9937",-337540.803
"9938",-336418.287
"9939",-335622.205
"9940",-338557.557
"9941",-337238.176
"9942",-335689.989
"9943",-336607.036
"9944",-338792.656
"9945",-335140.872
"9946",-337960
"9947",-337279.06
"9948",-334944.915
"9949",-336469.215
"9950",-337758.045
"9951",-339284.023
"9952",-338059.126
"9953",-336763.259
"9954",-336676.485
"9955",-336694.862
"9956",-334472.872
"9957",-337690.401
"9958",-336766.521
"9959",-338207.889
"9960",-334916.928
"9961",-335985.12
"9962",-336432.279
"9963",-335951.189
"9964",-336910.051
"9965",-337875.837
"9966",-336209.858
"9967",-336450.504
"9968",-336419.938
"9969",-336830.051
"9970",-336348.155
"9971",-338448.222
"9972",-336572.172
"9973",-335833.417
"9974",-337172.745
"9975",-338596.264
"9976",-336678.639
"9977",-337366.151
"9978",-337226.627
"9979",-339389.625
"9980",-334615.704
"9981",-337245.4
"9982",-336783.176
"9983",-335450.217
"9984",-338732.861
"9985",-338389.419
"9986",-336276.575
"9987",-335699.484
"9988",-335562.451
"9989",-335797.724
"9990",-335614.85
"9991",-335298.844
"9992",-335853.417
"9993",-335333.42
"9994",-335119.837
"9995",-334871.37
"9996",-337982.017
"9997",-336844.902
"9998",-335524.463
"9999",-336997.366
"10000",-336963.077
