"","x"
"1",-335825.974
"2",-336703.929
"3",-337790.195
"4",-334743.602
"5",-336508.926
"6",-336521.223
"7",-335580.583
"8",-337376.948
"9",-336041.156
"10",-338192.619
"11",-338540.314
"12",-336237.985
"13",-336172.417
"14",-338758.518
"15",-336006.668
"16",-336163.734
"17",-336769.253
"18",-337257.412
"19",-336016.949
"20",-338780.627
"21",-336586.874
"22",-337299.058
"23",-335755.68
"24",-337173.121
"25",-336660.236
"26",-336087.617
"27",-337195.331
"28",-336698.201
"29",-336634.595
"30",-336584.602
"31",-336072.601
"32",-336227.608
"33",-336766.087
"34",-336178.363
"35",-335896.048
"36",-337182.818
"37",-339251.765
"38",-335812.576
"39",-338144.932
"40",-337524.429
"41",-336627.906
"42",-338120.84
"43",-336306.321
"44",-338602.137
"45",-335945.805
"46",-335644.716
"47",-335620.903
"48",-335872.779
"49",-335963.955
"50",-338873.975
"51",-335035.865
"52",-336847.551
"53",-336058.897
"54",-334726.745
"55",-337649.856
"56",-337626.858
"57",-337101.757
"58",-337545.212
"59",-336077.07
"60",-336633.731
"61",-335042.316
"62",-335957.793
"63",-336593.554
"64",-336719.578
"65",-335573.108
"66",-336340.928
"67",-337606.371
"68",-335068.751
"69",-336561.705
"70",-336972.551
"71",-335427.245
"72",-336285.942
"73",-336397.771
"74",-333403.9
"75",-335402.251
"76",-336785.065
"77",-337026.943
"78",-337997.49
"79",-334044.07
"80",-337848.909
"81",-336392.338
"82",-335840.913
"83",-336675.542
"84",-337189.359
"85",-336861.388
"86",-335248.692
"87",-336799.205
"88",-336807.943
"89",-336696.238
"90",-336308.01
"91",-336598.337
"92",-335038.373
"93",-337767.853
"94",-337931.781
"95",-337953.15
"96",-335720.104
"97",-335432.733
"98",-338072.875
"99",-335596.224
"100",-337774.938
"101",-337931.077
"102",-337278.079
"103",-336545.64
"104",-336368.313
"105",-337371.374
"106",-338546.096
"107",-336876.504
"108",-335210.982
"109",-336171.697
"110",-335517.975
"111",-335958.502
"112",-338190.702
"113",-334827.1
"114",-337432.855
"115",-337568.862
"116",-338055.539
"117",-338126.037
"118",-337668.768
"119",-335504.908
"120",-339506.288
"121",-336950.289
"122",-338309.758
"123",-335592.059
"124",-335174.613
"125",-337146.311
"126",-336480.133
"127",-334464.633
"128",-336697.636
"129",-338082.561
"130",-334179.958
"131",-335592.541
"132",-335924.758
"133",-336080.258
"134",-337158.188
"135",-337102.172
"136",-335511.684
"137",-335254.022
"138",-336490.292
"139",-333720.778
"140",-337155.68
"141",-337644.099
"142",-336111.19
"143",-335502.859
"144",-337238.528
"145",-337724.432
"146",-334904.948
"147",-336196.725
"148",-336178.225
"149",-335966.348
"150",-338648.596
"151",-337408.282
"152",-335759.758
"153",-336159.4
"154",-336154.39
"155",-337149.536
"156",-337027.022
"157",-336458.407
"158",-336747.217
"159",-337221.609
"160",-336854.645
"161",-338250.512
"162",-333608.4
"163",-338624.977
"164",-336828.304
"165",-338889.019
"166",-335604.559
"167",-336773.722
"168",-335979.941
"169",-336456.4
"170",-336569.185
"171",-335233.027
"172",-335501.488
"173",-337456.285
"174",-335894.732
"175",-337032.453
"176",-334844.843
"177",-335946.844
"178",-338120.4
"179",-336898.919
"180",-334447.969
"181",-335646.94
"182",-336130.104
"183",-334356.28
"184",-335297.608
"185",-336655.165
"186",-338286.602
"187",-337757.727
"188",-335606.935
"189",-333889.789
"190",-336949.359
"191",-334630.765
"192",-337286.017
"193",-338794.229
"194",-336866.614
"195",-336434.71
"196",-338690.738
"197",-335924.46
"198",-336135.563
"199",-337916.397
"200",-339362.428
"201",-338147.507
"202",-337921.398
"203",-336563.062
"204",-335850.058
"205",-336275.969
"206",-337013.145
"207",-338430.527
"208",-334665.167
"209",-337358.202
"210",-336996.846
"211",-334479.324
"212",-336579.196
"213",-337899.589
"214",-336498.22
"215",-335417.22
"216",-335793.61
"217",-336623.585
"218",-336344.08
"219",-336204.638
"220",-335681.384
"221",-337095.148
"222",-338610.537
"223",-337210.869
"224",-336275.718
"225",-335845.165
"226",-337649.35
"227",-336928.61
"228",-335819.22
"229",-334983.567
"230",-336026.558
"231",-337300.426
"232",-336896.806
"233",-336631.202
"234",-334811.941
"235",-336429.392
"236",-335091.172
"237",-336109.053
"238",-337509.763
"239",-337654.715
"240",-337250.596
"241",-335965.637
"242",-337708.44
"243",-335298.816
"244",-337915.381
"245",-337371.176
"246",-337182.634
"247",-337872.415
"248",-338329.832
"249",-335519.016
"250",-336100.368
"251",-336402.534
"252",-335138.199
"253",-334192.618
"254",-337959.551
"255",-337571.018
"256",-336758.474
"257",-336722.89
"258",-336388.053
"259",-337817.186
"260",-338651.439
"261",-334824.505
"262",-336843.69
"263",-337533.324
"264",-334617.248
"265",-335976.65
"266",-338122.466
"267",-337511.365
"268",-335368.344
"269",-337063.08
"270",-337092.261
"271",-334875.186
"272",-337309.115
"273",-338624.752
"274",-336756.217
"275",-335014.555
"276",-335153.085
"277",-336469.176
"278",-336575.096
"279",-335944.654
"280",-337094.624
"281",-335230.643
"282",-338278.69
"283",-336789.564
"284",-336586.224
"285",-337612.445
"286",-335550.82
"287",-336093.171
"288",-337952.837
"289",-337693.566
"290",-334691.872
"291",-334754.583
"292",-336891.102
"293",-336989.675
"294",-337425.798
"295",-338155.376
"296",-335720.159
"297",-335121.21
"298",-335823.076
"299",-335039.285
"300",-334905.543
"301",-334193.203
"302",-336006.519
"303",-336319.199
"304",-336177.038
"305",-336015.633
"306",-334776.469
"307",-335018.947
"308",-336534.99
"309",-336093.051
"310",-335073.066
"311",-335770.569
"312",-336697.798
"313",-337010.852
"314",-335378.174
"315",-335515.362
"316",-334657.282
"317",-335483.546
"318",-338950.851
"319",-337620.862
"320",-338797.432
"321",-336090.988
"322",-337169.39
"323",-336414.462
"324",-335482.178
"325",-337453.169
"326",-337421.409
"327",-335674.562
"328",-335520.389
"329",-336948.717
"330",-337008.599
"331",-337525.907
"332",-335895.179
"333",-335003.137
"334",-336970.184
"335",-336112.973
"336",-336732.735
"337",-337261.775
"338",-336054.844
"339",-336815.527
"340",-336113.051
"341",-338718.62
"342",-336441.694
"343",-335724.112
"344",-336443.813
"345",-337555.63
"346",-336723.892
"347",-336350.127
"348",-337010.671
"349",-335324.603
"350",-338108.168
"351",-335995.872
"352",-334484.582
"353",-335146.533
"354",-336397.869
"355",-338210.051
"356",-337777.156
"357",-336130.508
"358",-335212.599
"359",-336107.276
"360",-336995.432
"361",-336921.632
"362",-334812.953
"363",-337272.455
"364",-336092.598
"365",-338222.432
"366",-335720.348
"367",-337098.12
"368",-336184.426
"369",-337205.783
"370",-338828.332
"371",-339572.024
"372",-337436.325
"373",-336982.981
"374",-335022.447
"375",-335833.402
"376",-338984.123
"377",-335794.989
"378",-337037.155
"379",-337780.339
"380",-334868.31
"381",-336866.179
"382",-337570.92
"383",-336965.565
"384",-336710.948
"385",-336347.109
"386",-337679.046
"387",-337681.552
"388",-336073.835
"389",-335474.533
"390",-338169.749
"391",-337377.397
"392",-337340.33
"393",-335647.821
"394",-337415.469
"395",-336074.234
"396",-334739.61
"397",-334085.767
"398",-335957.568
"399",-333897.661
"400",-337910.124
"401",-336134.048
"402",-337208.557
"403",-335844.133
"404",-338401.026
"405",-335081.121
"406",-335030.398
"407",-334806.796
"408",-336083.792
"409",-336794.303
"410",-335967.145
"411",-336051.893
"412",-336417.518
"413",-337505.833
"414",-337210.464
"415",-333944.511
"416",-334874.06
"417",-336549.248
"418",-337274.475
"419",-338787.533
"420",-333854.958
"421",-335531.275
"422",-335172.761
"423",-335847.883
"424",-336531.145
"425",-335892.476
"426",-337523.534
"427",-335813.879
"428",-333953.251
"429",-337261.431
"430",-336580.505
"431",-336312.661
"432",-335618.852
"433",-336381.633
"434",-337746.203
"435",-336398.16
"436",-335287.017
"437",-337389.806
"438",-337386.17
"439",-336289.309
"440",-336941.816
"441",-336927.258
"442",-335074.365
"443",-336975.108
"444",-337568.841
"445",-338856.959
"446",-337204.278
"447",-336063.819
"448",-335600.782
"449",-337594.574
"450",-339526.976
"451",-337028.964
"452",-336231.993
"453",-336783.289
"454",-334778.669
"455",-337246.678
"456",-337392.363
"457",-336256.539
"458",-335734.1
"459",-334792.182
"460",-335874.71
"461",-336394.217
"462",-333533.312
"463",-336717.893
"464",-337914.495
"465",-336507.225
"466",-336529.864
"467",-335700.236
"468",-334954.111
"469",-338120.293
"470",-336886.859
"471",-336485.957
"472",-336834.19
"473",-336056.128
"474",-335357.639
"475",-336367.479
"476",-336964.216
"477",-337464.956
"478",-337829.255
"479",-336042.272
"480",-337064.297
"481",-337108.323
"482",-333633.21
"483",-335144.104
"484",-336842.726
"485",-336974.971
"486",-337286.992
"487",-333455.394
"488",-337544.437
"489",-336611.459
"490",-335260.942
"491",-334516.224
"492",-337100.743
"493",-337173.856
"494",-336106.587
"495",-337986.253
"496",-335668.984
"497",-338020.015
"498",-336995.945
"499",-337900.185
"500",-334871.15
"501",-337265.879
"502",-335977.686
"503",-336677.926
"504",-336162.939
"505",-334847.631
"506",-334667.98
"507",-335056.547
"508",-336058.418
"509",-337374.078
"510",-336859.591
"511",-336143.556
"512",-336293.727
"513",-335891.11
"514",-336283.43
"515",-336015.604
"516",-337361.321
"517",-337077.883
"518",-337342.238
"519",-336221.914
"520",-335970.85
"521",-336989.615
"522",-337168.597
"523",-334924.637
"524",-336709.273
"525",-337438.14
"526",-336990.022
"527",-335399.838
"528",-337983.631
"529",-336559.439
"530",-336362.577
"531",-336265.164
"532",-336475.365
"533",-336311.318
"534",-331907.056
"535",-337654.154
"536",-336140.787
"537",-335166.074
"538",-336664.577
"539",-337407.988
"540",-338867.601
"541",-336845.156
"542",-336165.819
"543",-334391.819
"544",-337908.309
"545",-336313.286
"546",-337088.565
"547",-336284.359
"548",-334945.379
"549",-336966.946
"550",-336051.037
"551",-334064.562
"552",-337801.108
"553",-338070.319
"554",-336970.049
"555",-336286.454
"556",-335046.634
"557",-334705.36
"558",-335429.79
"559",-335596.916
"560",-336602.3
"561",-336565.109
"562",-337504.528
"563",-335658.01
"564",-338987.617
"565",-337935.487
"566",-336598.001
"567",-336607.338
"568",-336330.337
"569",-334272.345
"570",-336009.297
"571",-336847.701
"572",-334275.704
"573",-336050.647
"574",-339061.613
"575",-336122.74
"576",-335597.254
"577",-337781.443
"578",-336370.71
"579",-337230.855
"580",-336399.547
"581",-336203.501
"582",-335437.253
"583",-336445.932
"584",-336318.642
"585",-336731.925
"586",-335364.173
"587",-336189.327
"588",-336350.244
"589",-337875.486
"590",-337603.807
"591",-337703.004
"592",-337613.908
"593",-335991.117
"594",-334271.485
"595",-337082.898
"596",-334946.07
"597",-335636.3
"598",-336345.254
"599",-336241.348
"600",-336087.561
"601",-337494.73
"602",-335672.052
"603",-335357.9
"604",-335844.782
"605",-335820.598
"606",-335992.957
"607",-337483.437
"608",-335491.768
"609",-334404.656
"610",-334795.551
"611",-336958.373
"612",-334988.493
"613",-336605.353
"614",-337367.792
"615",-334163.714
"616",-338952.346
"617",-337524.857
"618",-335573.863
"619",-338630.946
"620",-336688.45
"621",-336911.099
"622",-335837.248
"623",-337637.661
"624",-336385.246
"625",-336256.371
"626",-336723.521
"627",-336102.538
"628",-336845.589
"629",-335359.476
"630",-337410.694
"631",-338825.528
"632",-336273.454
"633",-337113.361
"634",-334863.273
"635",-336315.856
"636",-336760.448
"637",-334319.337
"638",-336922.471
"639",-337877.847
"640",-336757.435
"641",-336132.499
"642",-334430.477
"643",-337874.44
"644",-338226.97
"645",-336087.783
"646",-336547.604
"647",-334325.652
"648",-335718.85
"649",-338277.818
"650",-334651.762
"651",-338085.515
"652",-334789.841
"653",-335633.622
"654",-333866.255
"655",-336092.853
"656",-335556.762
"657",-337988.898
"658",-336663.466
"659",-337424.433
"660",-338750.198
"661",-335691.666
"662",-335768.682
"663",-339401.546
"664",-337546.722
"665",-338638.558
"666",-337913.386
"667",-337995.637
"668",-336354.678
"669",-336440.213
"670",-335674.712
"671",-335876.081
"672",-338031.73
"673",-339239.823
"674",-336222.652
"675",-337167.417
"676",-337418.571
"677",-335743.809
"678",-334845.197
"679",-337405.719
"680",-335809.793
"681",-336428.449
"682",-335832.988
"683",-336929.58
"684",-336824.582
"685",-337341.306
"686",-335638.443
"687",-335401.295
"688",-334469.859
"689",-335512.195
"690",-336637.377
"691",-335262.454
"692",-337665.486
"693",-337017.723
"694",-335814.359
"695",-338100.832
"696",-335746.513
"697",-337625.635
"698",-334718.368
"699",-337277.938
"700",-339138.82
"701",-335001.537
"702",-336728.817
"703",-335066.848
"704",-336243.966
"705",-337817.389
"706",-338702.827
"707",-337183.456
"708",-335986.776
"709",-335802.389
"710",-336646.064
"711",-335832.77
"712",-335854.852
"713",-336895.176
"714",-334706.636
"715",-333067.265
"716",-338509.342
"717",-338885.151
"718",-336181.859
"719",-336367.652
"720",-338243.474
"721",-336145.452
"722",-336994.616
"723",-336331.551
"724",-337449.337
"725",-334971.485
"726",-332957.925
"727",-337929.259
"728",-335845.136
"729",-336205.649
"730",-335596.982
"731",-337488.18
"732",-335194.629
"733",-339273.65
"734",-336503.343
"735",-335103.187
"736",-339103.215
"737",-337245.142
"738",-336531.772
"739",-335730.291
"740",-334288.576
"741",-338789.867
"742",-338120.503
"743",-337965.289
"744",-335929.979
"745",-337684.735
"746",-335094.86
"747",-335779.949
"748",-336480.699
"749",-336735.513
"750",-335963.149
"751",-336360.682
"752",-337563.477
"753",-338292.688
"754",-337808.789
"755",-336228.533
"756",-338314.867
"757",-335417.099
"758",-338773.228
"759",-336953.323
"760",-335139.661
"761",-336674.378
"762",-338073.514
"763",-335686.687
"764",-338091.062
"765",-335723.816
"766",-338829.814
"767",-336417.476
"768",-337019.26
"769",-336325.563
"770",-336537.433
"771",-337239.514
"772",-337717.607
"773",-333739.656
"774",-335615.628
"775",-337541.351
"776",-335822.313
"777",-335465.116
"778",-338074.738
"779",-337002.422
"780",-335877.737
"781",-336475.956
"782",-336921.352
"783",-335684.702
"784",-337987.913
"785",-336555.905
"786",-335789.144
"787",-335122.523
"788",-337092.476
"789",-335781.341
"790",-335692.673
"791",-334624.496
"792",-337041.484
"793",-337263.851
"794",-337859.568
"795",-335752.658
"796",-334337.56
"797",-334418.058
"798",-337527.069
"799",-335552.472
"800",-335073.899
"801",-336465.053
"802",-336878.232
"803",-335304.921
"804",-337361.799
"805",-337005.307
"806",-336546.897
"807",-334370.717
"808",-335265.459
"809",-336105.155
"810",-336490.224
"811",-334083.309
"812",-336904.433
"813",-337748.415
"814",-337185.174
"815",-335801.337
"816",-334704.643
"817",-337282.366
"818",-337514.832
"819",-336940.363
"820",-337407.527
"821",-337074.1
"822",-336239.142
"823",-338295.513
"824",-337518.357
"825",-337133.483
"826",-337060.34
"827",-338590.728
"828",-337510.921
"829",-339383.81
"830",-335410.616
"831",-335263.93
"832",-336036.294
"833",-337070.836
"834",-336027.065
"835",-336436.887
"836",-337637.225
"837",-336092.264
"838",-336266.39
"839",-337101.02
"840",-336334.875
"841",-337230.999
"842",-335857.993
"843",-337506.966
"844",-334897.339
"845",-337845.171
"846",-334177.252
"847",-336187.649
"848",-334856.149
"849",-336836.12
"850",-335126.427
"851",-335094.218
"852",-335880.673
"853",-335523.715
"854",-337125.267
"855",-336259.736
"856",-336533.039
"857",-337325.315
"858",-338110.281
"859",-337665.336
"860",-336233.76
"861",-337840.433
"862",-337498.028
"863",-336857.132
"864",-338033.965
"865",-337211.172
"866",-339650.237
"867",-337300.589
"868",-335841.938
"869",-335910.834
"870",-337578.604
"871",-336129.197
"872",-335598.227
"873",-336563.95
"874",-335763.687
"875",-336707.75
"876",-335448.231
"877",-335671.422
"878",-335538.124
"879",-336026.827
"880",-337343.337
"881",-334503.864
"882",-335459.947
"883",-335831.806
"884",-336055.317
"885",-334618.468
"886",-336225.816
"887",-337248.819
"888",-336690.082
"889",-336978.691
"890",-339137.924
"891",-335824.994
"892",-336023.311
"893",-335381.325
"894",-334533.972
"895",-336092.435
"896",-333044.631
"897",-337403.927
"898",-336140.614
"899",-335620.909
"900",-336487.92
"901",-336566.44
"902",-334420.872
"903",-338589.422
"904",-336331.298
"905",-338303.877
"906",-334045.606
"907",-337779.778
"908",-335572.838
"909",-335914.375
"910",-336260.82
"911",-335776.412
"912",-336353.229
"913",-337027.437
"914",-337052.376
"915",-337933.211
"916",-337206.391
"917",-338126.554
"918",-336557.15
"919",-337642.007
"920",-334639.273
"921",-335745.019
"922",-337976.281
"923",-337317.408
"924",-336736.617
"925",-337131.787
"926",-338065.424
"927",-338144.309
"928",-335648.65
"929",-335184.238
"930",-337615.73
"931",-335551.248
"932",-337185.358
"933",-337032.069
"934",-337084.803
"935",-335373.786
"936",-337789.232
"937",-339249.028
"938",-336690.657
"939",-336720.55
"940",-336378.55
"941",-335035.781
"942",-335390.729
"943",-335867.865
"944",-336157.701
"945",-335419.918
"946",-336317.937
"947",-338105.384
"948",-336095.457
"949",-336064.944
"950",-336363.747
"951",-336676.412
"952",-335470.686
"953",-336650.131
"954",-336245.422
"955",-334418.328
"956",-334419.099
"957",-337661.445
"958",-336557.696
"959",-337114.929
"960",-337053.347
"961",-338386.111
"962",-336631.859
"963",-338185.16
"964",-337962.999
"965",-336520.691
"966",-337125.78
"967",-337335.595
"968",-337712.029
"969",-337093.542
"970",-335352.459
"971",-335469.827
"972",-337216.202
"973",-338759.809
"974",-335419.556
"975",-335810.711
"976",-335058.61
"977",-337082.484
"978",-335093.358
"979",-336944.175
"980",-336341.484
"981",-336982.812
"982",-336527.783
"983",-338434.584
"984",-336610.997
"985",-335259.831
"986",-336961.549
"987",-336518.462
"988",-336117.275
"989",-337340.59
"990",-337778.773
"991",-336237.656
"992",-335992.646
"993",-333110.919
"994",-336511.531
"995",-336376.537
"996",-336169.864
"997",-337005.32
"998",-339102.041
"999",-335749.083
"1000",-336481.647
"1001",-336695.384
"1002",-336403.844
"1003",-335875.192
"1004",-337955.948
"1005",-339765.471
"1006",-335599.256
"1007",-337375.095
"1008",-335421.941
"1009",-335778.276
"1010",-339629.412
"1011",-336823.773
"1012",-337565.68
"1013",-336575.881
"1014",-337114.268
"1015",-337345.835
"1016",-334842.047
"1017",-336600.169
"1018",-335651.102
"1019",-338234.948
"1020",-336499.888
"1021",-336852.791
"1022",-335162.031
"1023",-335104.889
"1024",-335362.47
"1025",-337112.658
"1026",-337709.87
"1027",-338188.354
"1028",-336820.9
"1029",-335416.721
"1030",-337556.3
"1031",-336576.641
"1032",-337083.214
"1033",-336367.943
"1034",-335894.797
"1035",-335543.47
"1036",-336769.772
"1037",-334936.494
"1038",-334716.866
"1039",-336321.11
"1040",-336720.333
"1041",-334809.871
"1042",-336727.527
"1043",-333496.402
"1044",-336616.496
"1045",-337643.438
"1046",-337470.528
"1047",-335916.065
"1048",-336051.694
"1049",-336721.143
"1050",-336467.389
"1051",-334750.376
"1052",-337982.99
"1053",-335339.127
"1054",-336921.498
"1055",-337563.12
"1056",-337048.033
"1057",-337741.665
"1058",-339129.308
"1059",-334956.217
"1060",-334535.974
"1061",-337191.737
"1062",-334786.655
"1063",-335487.979
"1064",-335938.263
"1065",-334471.266
"1066",-337861.489
"1067",-336650.157
"1068",-334746.488
"1069",-336615.519
"1070",-336691.973
"1071",-336543.881
"1072",-338407.643
"1073",-338312.114
"1074",-335331.815
"1075",-337422.014
"1076",-337581.289
"1077",-337784.077
"1078",-338176.229
"1079",-337033.587
"1080",-338143.613
"1081",-335657.837
"1082",-336199.077
"1083",-335999.551
"1084",-336756.178
"1085",-338004.347
"1086",-336486.753
"1087",-332762.167
"1088",-337646.109
"1089",-337425.021
"1090",-337249.308
"1091",-338168.068
"1092",-336569.882
"1093",-336373.092
"1094",-335759.847
"1095",-336386.576
"1096",-336735.774
"1097",-336297.615
"1098",-337030.93
"1099",-336403.917
"1100",-335025.193
"1101",-336125.785
"1102",-336740.906
"1103",-338283.862
"1104",-336669.64
"1105",-337232.364
"1106",-338139.441
"1107",-336158.925
"1108",-336413.402
"1109",-337755.687
"1110",-335155.303
"1111",-337233.192
"1112",-336844.967
"1113",-337179.723
"1114",-335946.234
"1115",-335944.219
"1116",-335464.941
"1117",-336120.474
"1118",-338155.507
"1119",-335130.197
"1120",-336968.377
"1121",-334733.702
"1122",-338409.12
"1123",-336712.042
"1124",-338038.22
"1125",-335306.199
"1126",-335899.731
"1127",-336356.41
"1128",-335791.513
"1129",-338301.06
"1130",-338331.329
"1131",-337282.509
"1132",-338459.399
"1133",-336914.232
"1134",-336638.335
"1135",-336528.418
"1136",-337750.244
"1137",-338114.134
"1138",-336858.034
"1139",-336211.815
"1140",-336784.804
"1141",-336759.303
"1142",-338656.634
"1143",-336615.267
"1144",-335546.093
"1145",-336924.668
"1146",-334919.73
"1147",-337465.392
"1148",-335863.575
"1149",-334447.492
"1150",-336647.676
"1151",-334182.726
"1152",-337508.486
"1153",-336627.558
"1154",-336168.461
"1155",-337211.069
"1156",-337112.62
"1157",-337277.028
"1158",-336452.741
"1159",-336893.77
"1160",-337741.558
"1161",-337281.697
"1162",-336139.472
"1163",-335922.904
"1164",-336079.068
"1165",-337869.932
"1166",-337098.916
"1167",-337035.319
"1168",-336141.193
"1169",-335856.957
"1170",-335294.113
"1171",-337727.73
"1172",-336540.368
"1173",-337877.287
"1174",-337814.238
"1175",-335455.42
"1176",-337184.318
"1177",-336881.072
"1178",-337396.29
"1179",-337987.635
"1180",-336826.516
"1181",-336345.592
"1182",-336070.341
"1183",-336482.814
"1184",-339868.165
"1185",-335004.442
"1186",-337530.534
"1187",-336320.556
"1188",-335533.726
"1189",-334653.951
"1190",-336942.771
"1191",-335577.241
"1192",-336223.434
"1193",-336311.797
"1194",-335258.559
"1195",-336820.278
"1196",-335750.043
"1197",-340088.271
"1198",-335362.45
"1199",-338280.837
"1200",-336893.129
"1201",-336780.212
"1202",-336821.824
"1203",-338053.541
"1204",-334617.44
"1205",-336319.408
"1206",-335416.964
"1207",-336007.469
"1208",-335695.755
"1209",-335934.533
"1210",-337175.944
"1211",-337669.786
"1212",-336966.856
"1213",-337042.538
"1214",-336541.794
"1215",-335679.467
"1216",-335543.994
"1217",-336324.475
"1218",-337063.224
"1219",-338274.368
"1220",-336416.485
"1221",-335963.573
"1222",-336382.407
"1223",-335563.496
"1224",-336372.599
"1225",-334140.032
"1226",-335660.23
"1227",-337712.829
"1228",-336038.449
"1229",-337439.765
"1230",-336877.25
"1231",-335229.337
"1232",-335480.501
"1233",-336369.677
"1234",-337186.724
"1235",-337968.268
"1236",-336420.369
"1237",-334256.508
"1238",-337956.207
"1239",-336770.112
"1240",-336961.23
"1241",-334866.727
"1242",-336529.342
"1243",-333917.43
"1244",-336942.094
"1245",-335945.054
"1246",-337341.393
"1247",-335227.584
"1248",-334192.57
"1249",-336478.085
"1250",-337295.998
"1251",-337200.376
"1252",-336741.857
"1253",-336570.729
"1254",-334969.906
"1255",-336273.824
"1256",-336023.83
"1257",-337733.563
"1258",-335222.026
"1259",-336556.622
"1260",-337139.232
"1261",-334349.311
"1262",-338359.007
"1263",-336543.011
"1264",-337232.182
"1265",-336264.316
"1266",-336136.947
"1267",-335901.164
"1268",-335383.829
"1269",-334218.638
"1270",-336298.947
"1271",-335876.438
"1272",-336047.939
"1273",-333330.425
"1274",-339323.788
"1275",-334845.905
"1276",-336162.448
"1277",-335782.081
"1278",-338145.396
"1279",-337347.297
"1280",-337886.532
"1281",-338412.524
"1282",-336042.123
"1283",-336550.717
"1284",-339719.809
"1285",-335566.344
"1286",-336976.56
"1287",-336557.33
"1288",-339347.165
"1289",-338346.219
"1290",-335360.832
"1291",-334694.578
"1292",-337954.027
"1293",-336395.736
"1294",-337872.973
"1295",-336181.118
"1296",-334427.246
"1297",-337815.166
"1298",-335272.781
"1299",-337576.63
"1300",-336445.625
"1301",-334401.312
"1302",-337159.8
"1303",-336639.596
"1304",-337226.678
"1305",-335963.585
"1306",-335005.331
"1307",-335815.705
"1308",-338017.6
"1309",-337117.762
"1310",-337819.117
"1311",-335878.654
"1312",-336429.82
"1313",-337239.72
"1314",-336608.914
"1315",-336214.687
"1316",-336807.63
"1317",-336839.94
"1318",-335050.822
"1319",-336720.284
"1320",-337776.089
"1321",-334207.812
"1322",-336102.97
"1323",-336396.582
"1324",-338695.964
"1325",-337968.485
"1326",-336692.715
"1327",-336762.551
"1328",-335365.326
"1329",-337534.62
"1330",-335178.649
"1331",-336512.975
"1332",-335698.136
"1333",-336260.327
"1334",-336224.8
"1335",-336833.56
"1336",-337503.385
"1337",-338119.583
"1338",-336960.251
"1339",-336080.553
"1340",-336907.917
"1341",-337712.112
"1342",-335825.708
"1343",-334642.371
"1344",-337233.596
"1345",-338514.524
"1346",-337005.89
"1347",-337461.653
"1348",-334896.382
"1349",-336767.907
"1350",-336776.778
"1351",-337902.006
"1352",-335724.314
"1353",-336348.694
"1354",-336273.641
"1355",-338216.002
"1356",-336240.391
"1357",-337451.465
"1358",-333845.782
"1359",-336149.811
"1360",-337577.505
"1361",-335106.481
"1362",-338278.02
"1363",-336510.74
"1364",-335672.552
"1365",-337268.318
"1366",-335436.667
"1367",-336903.085
"1368",-334915.701
"1369",-336941.04
"1370",-337039.636
"1371",-336996.555
"1372",-336422.886
"1373",-336753.76
"1374",-336762.076
"1375",-336178.533
"1376",-336413.242
"1377",-337383.964
"1378",-335800.658
"1379",-336462.738
"1380",-337628.769
"1381",-335890.468
"1382",-337492.714
"1383",-335225.443
"1384",-334439.921
"1385",-337572.965
"1386",-337076.968
"1387",-337108.361
"1388",-336009.479
"1389",-338261.749
"1390",-337685.9
"1391",-337232.772
"1392",-335353.584
"1393",-337740.644
"1394",-338975.613
"1395",-334885.765
"1396",-337939.921
"1397",-336725.793
"1398",-338043.499
"1399",-334920.729
"1400",-335666.871
"1401",-335305.783
"1402",-333864.843
"1403",-336838.167
"1404",-333955.166
"1405",-337388.686
"1406",-335784.58
"1407",-337700.855
"1408",-335332.366
"1409",-338931.306
"1410",-336926.797
"1411",-336862.128
"1412",-337823.281
"1413",-337256.963
"1414",-336829.52
"1415",-335885.383
"1416",-336573.782
"1417",-335123.86
"1418",-334225.001
"1419",-335418.512
"1420",-335696.723
"1421",-335180.727
"1422",-336773.022
"1423",-335930.932
"1424",-334905.393
"1425",-336619.451
"1426",-336796.401
"1427",-336386.49
"1428",-336514.26
"1429",-335018.663
"1430",-335391.132
"1431",-336817.21
"1432",-336610.769
"1433",-335718.553
"1434",-336668.532
"1435",-335689.565
"1436",-336064.721
"1437",-335528.06
"1438",-337676.311
"1439",-335816.835
"1440",-337110.737
"1441",-337070.453
"1442",-336585.172
"1443",-335831.355
"1444",-335208.24
"1445",-334806.687
"1446",-336701.084
"1447",-334529.211
"1448",-337891.727
"1449",-335340.704
"1450",-337194.376
"1451",-337777.694
"1452",-334956.895
"1453",-337748.615
"1454",-336764.501
"1455",-339862.66
"1456",-335976.455
"1457",-337336.027
"1458",-335853.829
"1459",-337361.008
"1460",-337023.691
"1461",-335909.891
"1462",-336951.874
"1463",-336488.466
"1464",-335038.808
"1465",-335652.842
"1466",-336124.352
"1467",-336571.505
"1468",-338900.046
"1469",-336775.308
"1470",-335908.637
"1471",-336988.141
"1472",-334911.407
"1473",-336622.964
"1474",-337224.016
"1475",-334708.705
"1476",-335159.849
"1477",-338128.142
"1478",-336994.505
"1479",-336400.15
"1480",-337162.362
"1481",-337962.623
"1482",-337292.652
"1483",-336698.188
"1484",-333890.542
"1485",-336290.13
"1486",-338731.473
"1487",-338071.456
"1488",-336703.472
"1489",-336302.875
"1490",-338381.884
"1491",-336061.985
"1492",-335222.391
"1493",-337340.18
"1494",-333656.909
"1495",-337294.853
"1496",-337801.47
"1497",-336983.987
"1498",-335056.403
"1499",-336868.823
"1500",-337004.33
"1501",-338698.175
"1502",-337582.92
"1503",-337457.803
"1504",-336509.213
"1505",-338728.011
"1506",-337179.853
"1507",-336009.053
"1508",-336724.347
"1509",-336062.869
"1510",-337548.887
"1511",-336796.373
"1512",-337148.805
"1513",-339645.732
"1514",-335754.567
"1515",-334994.667
"1516",-336427.451
"1517",-337110.316
"1518",-336093.84
"1519",-336708.789
"1520",-336742.574
"1521",-336159.601
"1522",-337344.84
"1523",-334300.278
"1524",-334819.943
"1525",-336069.385
"1526",-337482.536
"1527",-338152.947
"1528",-335174.62
"1529",-336793.76
"1530",-335120.205
"1531",-335594.351
"1532",-337549.343
"1533",-335245.496
"1534",-337043.322
"1535",-335644.932
"1536",-336446.875
"1537",-337972.991
"1538",-336668.346
"1539",-334953.34
"1540",-337936.318
"1541",-337608.053
"1542",-335919.248
"1543",-336875.523
"1544",-335281.37
"1545",-335985.179
"1546",-335942.805
"1547",-337593.519
"1548",-338771.839
"1549",-336447.676
"1550",-337368.827
"1551",-338997.554
"1552",-335659.724
"1553",-337761.439
"1554",-336132.228
"1555",-338387.51
"1556",-338081.668
"1557",-336942.9
"1558",-336223.13
"1559",-336909.678
"1560",-337517.337
"1561",-335295.368
"1562",-337051.005
"1563",-337862.102
"1564",-335187.08
"1565",-334565.138
"1566",-336426.807
"1567",-335436.529
"1568",-334793.817
"1569",-338104.928
"1570",-336876.565
"1571",-334880.943
"1572",-336806.552
"1573",-337967.675
"1574",-335844.307
"1575",-336001.996
"1576",-334576.969
"1577",-336642.133
"1578",-336178.223
"1579",-336960.997
"1580",-336918.192
"1581",-336363.767
"1582",-335197.842
"1583",-335907.806
"1584",-337908.449
"1585",-337309.559
"1586",-335910.003
"1587",-336442.56
"1588",-337518.186
"1589",-336956.967
"1590",-337252.021
"1591",-335422.876
"1592",-336537.135
"1593",-334708.668
"1594",-337135.268
"1595",-336494.008
"1596",-337018.489
"1597",-336142.703
"1598",-336173.027
"1599",-337173.648
"1600",-338984.559
"1601",-334768.316
"1602",-336637.742
"1603",-335766.817
"1604",-337308.655
"1605",-336277.763
"1606",-334306.128
"1607",-337096.007
"1608",-337058.139
"1609",-335646.711
"1610",-334718.657
"1611",-339213.497
"1612",-335017.205
"1613",-335366.242
"1614",-336568.672
"1615",-335387.328
"1616",-335899.43
"1617",-334853.599
"1618",-337027.897
"1619",-337122.301
"1620",-335798.839
"1621",-337434.413
"1622",-336511.44
"1623",-334449.029
"1624",-335880.728
"1625",-336778.417
"1626",-336421.402
"1627",-334864.428
"1628",-335973.093
"1629",-335476.169
"1630",-335311.343
"1631",-338273.586
"1632",-335491.479
"1633",-337624.781
"1634",-336424.708
"1635",-335501.071
"1636",-334981.068
"1637",-338058.548
"1638",-336841.938
"1639",-335802.552
"1640",-335816.432
"1641",-338580.114
"1642",-338826.938
"1643",-335262.238
"1644",-338076.497
"1645",-336190.363
"1646",-334808.351
"1647",-335613.001
"1648",-338350.585
"1649",-336134.424
"1650",-335829.056
"1651",-337483.264
"1652",-334651.861
"1653",-336948.106
"1654",-336816.448
"1655",-336421.687
"1656",-336914.108
"1657",-337909.439
"1658",-334983.094
"1659",-336468.432
"1660",-338914.176
"1661",-336801.712
"1662",-336963.318
"1663",-333784.891
"1664",-337444.275
"1665",-335914.425
"1666",-338019.93
"1667",-337247.892
"1668",-337007.042
"1669",-338600.284
"1670",-337039.874
"1671",-338940.473
"1672",-335939.614
"1673",-339251.51
"1674",-336720.908
"1675",-336199.817
"1676",-337132.414
"1677",-337689.271
"1678",-336447.062
"1679",-335316.723
"1680",-336807.931
"1681",-335218.057
"1682",-337371.706
"1683",-337413.145
"1684",-337332.074
"1685",-337630.78
"1686",-335829.094
"1687",-336879.009
"1688",-335951.346
"1689",-338104.886
"1690",-336600.005
"1691",-337138.197
"1692",-336833.226
"1693",-334635.699
"1694",-335199.569
"1695",-336192.715
"1696",-335522.226
"1697",-336363.619
"1698",-335282.099
"1699",-336182.896
"1700",-336901.043
"1701",-336832.554
"1702",-337078.859
"1703",-338007.527
"1704",-338136.688
"1705",-338018.145
"1706",-335958.309
"1707",-337403.096
"1708",-338132.962
"1709",-337110.987
"1710",-334793.261
"1711",-335483.868
"1712",-336559.197
"1713",-334966.009
"1714",-336039.022
"1715",-337023.991
"1716",-335419.245
"1717",-338353.08
"1718",-337474.205
"1719",-336621.279
"1720",-335457.045
"1721",-336167.932
"1722",-336672.526
"1723",-337156.958
"1724",-336911.653
"1725",-336187.301
"1726",-336053.998
"1727",-336297.059
"1728",-335045.928
"1729",-338372.606
"1730",-336308.391
"1731",-338278.579
"1732",-336379.46
"1733",-337469.064
"1734",-334858.757
"1735",-334821.464
"1736",-337577.126
"1737",-337648.463
"1738",-335099.344
"1739",-335459.161
"1740",-335190.06
"1741",-335069.927
"1742",-337036.374
"1743",-337988.007
"1744",-337208.651
"1745",-336342.219
"1746",-335137.488
"1747",-336169.027
"1748",-339077.863
"1749",-334202.145
"1750",-338077.571
"1751",-338577.26
"1752",-336389.768
"1753",-335949.921
"1754",-337846.003
"1755",-336599.095
"1756",-337011.205
"1757",-336276.661
"1758",-338579.713
"1759",-336089.369
"1760",-335621.093
"1761",-336136.922
"1762",-336755.836
"1763",-338637.866
"1764",-335221.421
"1765",-336034.885
"1766",-334778.822
"1767",-337728.349
"1768",-336767.038
"1769",-338096.15
"1770",-338030.231
"1771",-335491.691
"1772",-338093.085
"1773",-335327.002
"1774",-336709.355
"1775",-334788.482
"1776",-335991.829
"1777",-335606.335
"1778",-338291.521
"1779",-337128.502
"1780",-335157.979
"1781",-335221.461
"1782",-338273.429
"1783",-338957.776
"1784",-335563.887
"1785",-336699.534
"1786",-337019.157
"1787",-337812.289
"1788",-335978.253
"1789",-338831.751
"1790",-336374.523
"1791",-335295.627
"1792",-336157.187
"1793",-334913.763
"1794",-337941.58
"1795",-337805.267
"1796",-336497.83
"1797",-336769.736
"1798",-334822.268
"1799",-337547.979
"1800",-335781.302
"1801",-335723.034
"1802",-337640.899
"1803",-337282.798
"1804",-337246.484
"1805",-336502.957
"1806",-337481.142
"1807",-336514.154
"1808",-335847.402
"1809",-337045.58
"1810",-336845.973
"1811",-335657.974
"1812",-336303.729
"1813",-336347.688
"1814",-336440.101
"1815",-336276.329
"1816",-337360.599
"1817",-339636.841
"1818",-335524.747
"1819",-337625.701
"1820",-336963.497
"1821",-336064.85
"1822",-337475.518
"1823",-336125.35
"1824",-337509.896
"1825",-336760.602
"1826",-336310.795
"1827",-335880.511
"1828",-338129.079
"1829",-336743.453
"1830",-337000.878
"1831",-335503.451
"1832",-338349.593
"1833",-335763.015
"1834",-336903.773
"1835",-335807.18
"1836",-334899.241
"1837",-336918.599
"1838",-335059.151
"1839",-337255.985
"1840",-337000.636
"1841",-335226.145
"1842",-336163.25
"1843",-335221.767
"1844",-337122.368
"1845",-337924.752
"1846",-337813.966
"1847",-334707.113
"1848",-335412.929
"1849",-336381.714
"1850",-337827.975
"1851",-335836.031
"1852",-335114.386
"1853",-337474.84
"1854",-337806.525
"1855",-338003.304
"1856",-338403.485
"1857",-336601.096
"1858",-337278.282
"1859",-337599.615
"1860",-336196.147
"1861",-336161.187
"1862",-335140.813
"1863",-338111.15
"1864",-335922.983
"1865",-338419.526
"1866",-335045.097
"1867",-337326.213
"1868",-336795.946
"1869",-337236.473
"1870",-335806.71
"1871",-336624.059
"1872",-335293.978
"1873",-337201.52
"1874",-334824.494
"1875",-336557.69
"1876",-336048.93
"1877",-335107.659
"1878",-335830.964
"1879",-335615.695
"1880",-335876.678
"1881",-336370.661
"1882",-334846.265
"1883",-336502.312
"1884",-335850.482
"1885",-334868.504
"1886",-336774.134
"1887",-336332.18
"1888",-335567.708
"1889",-336400.914
"1890",-338905.099
"1891",-336366.245
"1892",-338708.711
"1893",-337952.186
"1894",-335406.367
"1895",-335423.235
"1896",-337203.895
"1897",-336153.067
"1898",-335317.136
"1899",-336164.645
"1900",-337633.8
"1901",-337052.619
"1902",-336435.591
"1903",-335164.312
"1904",-335398.484
"1905",-336603.253
"1906",-336707.55
"1907",-335463.547
"1908",-338677.987
"1909",-332509.06
"1910",-335337.223
"1911",-335721.336
"1912",-337899.224
"1913",-334146.457
"1914",-337750.471
"1915",-334686.992
"1916",-337521.73
"1917",-338247.291
"1918",-336105.282
"1919",-335606.367
"1920",-338212.029
"1921",-337457.96
"1922",-336762.676
"1923",-337176.326
"1924",-336447.919
"1925",-338206.407
"1926",-336595.547
"1927",-336203.973
"1928",-336768.328
"1929",-335148.509
"1930",-334679.908
"1931",-337750.341
"1932",-337771.882
"1933",-337991.883
"1934",-337478.985
"1935",-338050.123
"1936",-335837.312
"1937",-336568.315
"1938",-335599.614
"1939",-337531.093
"1940",-338444.486
"1941",-337153.301
"1942",-337491.451
"1943",-337412.985
"1944",-337357.314
"1945",-336005.175
"1946",-337637.851
"1947",-337929.57
"1948",-335602.914
"1949",-335614.415
"1950",-335831.345
"1951",-335000.957
"1952",-336566.249
"1953",-337876.814
"1954",-337543.163
"1955",-336745.886
"1956",-337028.157
"1957",-336778.586
"1958",-336030.958
"1959",-336841.943
"1960",-335445.609
"1961",-337981.323
"1962",-335004.458
"1963",-337252.956
"1964",-337332.125
"1965",-338550.441
"1966",-338668.521
"1967",-335286.951
"1968",-336597.35
"1969",-337915.49
"1970",-335576.027
"1971",-336538.795
"1972",-335296.415
"1973",-337129.632
"1974",-337242.914
"1975",-339003.685
"1976",-334320.885
"1977",-336965.704
"1978",-336479.276
"1979",-336826.944
"1980",-340533.437
"1981",-336320.301
"1982",-334694.295
"1983",-336933.255
"1984",-338317.333
"1985",-336029.2
"1986",-336834.486
"1987",-336716.601
"1988",-336264.411
"1989",-335759.961
"1990",-336741.997
"1991",-334832.852
"1992",-337406.13
"1993",-336201.604
"1994",-336751.797
"1995",-335763.969
"1996",-336438.722
"1997",-336006.193
"1998",-334440.937
"1999",-336252.06
"2000",-337416.365
"2001",-338830.633
"2002",-334369.777
"2003",-336832.018
"2004",-337267.568
"2005",-338838.24
"2006",-337054.839
"2007",-334259.298
"2008",-334665.25
"2009",-336949.527
"2010",-339172.061
"2011",-338867.171
"2012",-334318.683
"2013",-335516.203
"2014",-336169.729
"2015",-335995.506
"2016",-335314.973
"2017",-339286.61
"2018",-336130.551
"2019",-336556.253
"2020",-338073.283
"2021",-337637.519
"2022",-337646.843
"2023",-335733.574
"2024",-337309.736
"2025",-336531.447
"2026",-336923.592
"2027",-336694.98
"2028",-335615.036
"2029",-337432.499
"2030",-334933.431
"2031",-337907.096
"2032",-335602.653
"2033",-335363.166
"2034",-335003.224
"2035",-337779.959
"2036",-338677.735
"2037",-337736.249
"2038",-337772.616
"2039",-337759.295
"2040",-336477.632
"2041",-334779.127
"2042",-336824.522
"2043",-336404.797
"2044",-333671.244
"2045",-335577.359
"2046",-339288.64
"2047",-336704.12
"2048",-334759.732
"2049",-337783.761
"2050",-335472.121
"2051",-337988.049
"2052",-336046.1
"2053",-334584.925
"2054",-337251.62
"2055",-337451.151
"2056",-335667.98
"2057",-337415.069
"2058",-337348.042
"2059",-337940.865
"2060",-337756.505
"2061",-337807.825
"2062",-337973.154
"2063",-334886.988
"2064",-338163.567
"2065",-336824.749
"2066",-336677.344
"2067",-336114.45
"2068",-337798.839
"2069",-336963.927
"2070",-337948.893
"2071",-336927.227
"2072",-335703.075
"2073",-336589.255
"2074",-336973.358
"2075",-335036.284
"2076",-335333.802
"2077",-335154.614
"2078",-336110.067
"2079",-335807.666
"2080",-337352.958
"2081",-337830.814
"2082",-337248.588
"2083",-335657.522
"2084",-336800.504
"2085",-337207.173
"2086",-334755.589
"2087",-336261.193
"2088",-336380.658
"2089",-334928.917
"2090",-336482.674
"2091",-335124.662
"2092",-334611.99
"2093",-336223.782
"2094",-337215.233
"2095",-336867.823
"2096",-336851.902
"2097",-335683.317
"2098",-336134.752
"2099",-336312.182
"2100",-338931.433
"2101",-337358.9
"2102",-334607.359
"2103",-336449.028
"2104",-336598.464
"2105",-337132.744
"2106",-336266.569
"2107",-336119.32
"2108",-335080.182
"2109",-337201.182
"2110",-335768.331
"2111",-335525.251
"2112",-336276.1
"2113",-336393.102
"2114",-338393.994
"2115",-336739.779
"2116",-333477.688
"2117",-338297.236
"2118",-337627.092
"2119",-335357.573
"2120",-337054.033
"2121",-338246.928
"2122",-336617.191
"2123",-335432.773
"2124",-336408.453
"2125",-337119.667
"2126",-337163.215
"2127",-337405.709
"2128",-337325.29
"2129",-335145.283
"2130",-336656.888
"2131",-336504.779
"2132",-336667.23
"2133",-336068.881
"2134",-334710.555
"2135",-338568.434
"2136",-336822.12
"2137",-337109.181
"2138",-336200.471
"2139",-336279.871
"2140",-336890.245
"2141",-338417.298
"2142",-337312.686
"2143",-336063.549
"2144",-335703.791
"2145",-336473.658
"2146",-337565.61
"2147",-336858.57
"2148",-338793.723
"2149",-335716.519
"2150",-337248.439
"2151",-336800.228
"2152",-336346.128
"2153",-338550.456
"2154",-338869.24
"2155",-339903.2
"2156",-335444.325
"2157",-336082.149
"2158",-336128.486
"2159",-336144.494
"2160",-336322.946
"2161",-335073.918
"2162",-337074.536
"2163",-335849.89
"2164",-338347.153
"2165",-336345.84
"2166",-336608.496
"2167",-336567.411
"2168",-338819.564
"2169",-338586.582
"2170",-334087.515
"2171",-335596.447
"2172",-338265.877
"2173",-337408.838
"2174",-335650.457
"2175",-336526.639
"2176",-338252.38
"2177",-336305.981
"2178",-335986.855
"2179",-337490.535
"2180",-335926.018
"2181",-338005.232
"2182",-334052.504
"2183",-336502.264
"2184",-336254.834
"2185",-334801.704
"2186",-335491.599
"2187",-334750.092
"2188",-337215.017
"2189",-338980.823
"2190",-336327.072
"2191",-336888.831
"2192",-336481.24
"2193",-336871.402
"2194",-336183.847
"2195",-336034.946
"2196",-336570.003
"2197",-335727.563
"2198",-336950.647
"2199",-338046.605
"2200",-336293.042
"2201",-337032.587
"2202",-336731.396
"2203",-335562.307
"2204",-334824.202
"2205",-335741.942
"2206",-338394.794
"2207",-335257.695
"2208",-335492.272
"2209",-335444.305
"2210",-337241.909
"2211",-335715.758
"2212",-336970.848
"2213",-336503.662
"2214",-335376.948
"2215",-336747.663
"2216",-336663.803
"2217",-335351.722
"2218",-336930.872
"2219",-337066.105
"2220",-335878.195
"2221",-337358.333
"2222",-336477.01
"2223",-335016.953
"2224",-335392.225
"2225",-336616.07
"2226",-336737.249
"2227",-338452.989
"2228",-335790.418
"2229",-336677.664
"2230",-336304.299
"2231",-336484.858
"2232",-337781.967
"2233",-338288.236
"2234",-334100.834
"2235",-337266.411
"2236",-337146.011
"2237",-338084.699
"2238",-337669.696
"2239",-337503.456
"2240",-338584.758
"2241",-335923.565
"2242",-337624.583
"2243",-335672.81
"2244",-336501.695
"2245",-335602.675
"2246",-335551.685
"2247",-336866.407
"2248",-337673.147
"2249",-335838.12
"2250",-335219.732
"2251",-338243.802
"2252",-336707.396
"2253",-336587.333
"2254",-334398.165
"2255",-338512.491
"2256",-336562.496
"2257",-337410.462
"2258",-335504.638
"2259",-336211.67
"2260",-338014.212
"2261",-337106.931
"2262",-339179.063
"2263",-335307.541
"2264",-336736.183
"2265",-335981.033
"2266",-336853.155
"2267",-337722.566
"2268",-335927.248
"2269",-335137.288
"2270",-336954.289
"2271",-337081.863
"2272",-336285.152
"2273",-338422.73
"2274",-336232.472
"2275",-335962.285
"2276",-337103.445
"2277",-336716.887
"2278",-337480.234
"2279",-334820.48
"2280",-336510.684
"2281",-336205.164
"2282",-337141.475
"2283",-337959.227
"2284",-337269.172
"2285",-337741.588
"2286",-335523.554
"2287",-337456.785
"2288",-337179.882
"2289",-335503.586
"2290",-334891.933
"2291",-335334.502
"2292",-336416.143
"2293",-334760.499
"2294",-335847.471
"2295",-336136.121
"2296",-338490.739
"2297",-335562.367
"2298",-336680.635
"2299",-337060.688
"2300",-335118.413
"2301",-335742.753
"2302",-337202.324
"2303",-334692.905
"2304",-336534.617
"2305",-336706.241
"2306",-336983.469
"2307",-336433.029
"2308",-338721.624
"2309",-335651.053
"2310",-335563.2
"2311",-338067.214
"2312",-338062.761
"2313",-336950.579
"2314",-338637.721
"2315",-337269.556
"2316",-337320.235
"2317",-336814.633
"2318",-337278.458
"2319",-335422.144
"2320",-337986.925
"2321",-335910.994
"2322",-336814.621
"2323",-334791.557
"2324",-335410.396
"2325",-336975.385
"2326",-336627.916
"2327",-336674.496
"2328",-335274.509
"2329",-336556.857
"2330",-335127.922
"2331",-336150.209
"2332",-335918.707
"2333",-336964.608
"2334",-336022.564
"2335",-337221.191
"2336",-335445.783
"2337",-336634.649
"2338",-334125.321
"2339",-336794.844
"2340",-336589.985
"2341",-334570.082
"2342",-337719.64
"2343",-337084.118
"2344",-335295.483
"2345",-335237.213
"2346",-336579.746
"2347",-336602.774
"2348",-337741.099
"2349",-338891.549
"2350",-335780.934
"2351",-337095.224
"2352",-336267.781
"2353",-337033.295
"2354",-336609.061
"2355",-334969.478
"2356",-336936.905
"2357",-337853.645
"2358",-337505.69
"2359",-336345.307
"2360",-337002.101
"2361",-335749.43
"2362",-336550.335
"2363",-337734.846
"2364",-338503.001
"2365",-338384.985
"2366",-336535.336
"2367",-336818.53
"2368",-336753.293
"2369",-334702.337
"2370",-336998.449
"2371",-337522.56
"2372",-336332.795
"2373",-336506.453
"2374",-337042.318
"2375",-338569.596
"2376",-335702.667
"2377",-337229.337
"2378",-335916.469
"2379",-336316.932
"2380",-335559.863
"2381",-336071.576
"2382",-337185.721
"2383",-337872.174
"2384",-334947.212
"2385",-337957.872
"2386",-334879.875
"2387",-335756.423
"2388",-338590.246
"2389",-335039.985
"2390",-336134.943
"2391",-337910.666
"2392",-337920.326
"2393",-336266.26
"2394",-335473.433
"2395",-336616.169
"2396",-336133.884
"2397",-336232.908
"2398",-337348.836
"2399",-337098.72
"2400",-336057.633
"2401",-336715.446
"2402",-336756.712
"2403",-338178.33
"2404",-335618.166
"2405",-337110.938
"2406",-337424.224
"2407",-337556.829
"2408",-335824.683
"2409",-335771.07
"2410",-334691.06
"2411",-334244.071
"2412",-335902.076
"2413",-336358.885
"2414",-336801.828
"2415",-336026.345
"2416",-334730.641
"2417",-335680.913
"2418",-337899.715
"2419",-336130.984
"2420",-337505.686
"2421",-335074.948
"2422",-335298.052
"2423",-336894.971
"2424",-336842.221
"2425",-336819.969
"2426",-336686.64
"2427",-336326.01
"2428",-335881.495
"2429",-337008.248
"2430",-336210.432
"2431",-338633.728
"2432",-337589.475
"2433",-337763.691
"2434",-336515.79
"2435",-337036.895
"2436",-338112.039
"2437",-335321.323
"2438",-337465.722
"2439",-335501.363
"2440",-336853.428
"2441",-337168.751
"2442",-337835.113
"2443",-336389.754
"2444",-334287.828
"2445",-337021.175
"2446",-335757.884
"2447",-337533.789
"2448",-335167.861
"2449",-337531.243
"2450",-337033.935
"2451",-335928.577
"2452",-337499.856
"2453",-336491.45
"2454",-334633.659
"2455",-337634.894
"2456",-336397.328
"2457",-336391.419
"2458",-337768.428
"2459",-337872.04
"2460",-337737.19
"2461",-335494.667
"2462",-337647.178
"2463",-336915.525
"2464",-335955.947
"2465",-335779.426
"2466",-336623.789
"2467",-335080.215
"2468",-337971.014
"2469",-337752.305
"2470",-337051.808
"2471",-336115.857
"2472",-337380.644
"2473",-337892.206
"2474",-336874.443
"2475",-335483.705
"2476",-335697.774
"2477",-337375.717
"2478",-336599.728
"2479",-335658.927
"2480",-338033.169
"2481",-335474.648
"2482",-335738.615
"2483",-336970.899
"2484",-337181.934
"2485",-336179.374
"2486",-336891.806
"2487",-337294.347
"2488",-336371.851
"2489",-336441.919
"2490",-338099.657
"2491",-339945.259
"2492",-337773.348
"2493",-336896.249
"2494",-336729.201
"2495",-336699.115
"2496",-337776.194
"2497",-338208.475
"2498",-336651.136
"2499",-338191.132
"2500",-335855.302
"2501",-336477.573
"2502",-337088.09
"2503",-334042.715
"2504",-336489.997
"2505",-336772.442
"2506",-337035.533
"2507",-334115.394
"2508",-335583.278
"2509",-334186.866
"2510",-336865.328
"2511",-337560.601
"2512",-335977.365
"2513",-335645.682
"2514",-337080.116
"2515",-337220.902
"2516",-337791.187
"2517",-336843.147
"2518",-335033.715
"2519",-335623.615
"2520",-336314.04
"2521",-337576.69
"2522",-334719.974
"2523",-335776.871
"2524",-332081.987
"2525",-336195.21
"2526",-338253.4
"2527",-335621.568
"2528",-334747.33
"2529",-336272.022
"2530",-336131.504
"2531",-339561.597
"2532",-336708.938
"2533",-334873.105
"2534",-337156.094
"2535",-336511
"2536",-337936.456
"2537",-337277.25
"2538",-335992.342
"2539",-334801.677
"2540",-336251.608
"2541",-337453.054
"2542",-337142.648
"2543",-335112.43
"2544",-337548.454
"2545",-337963.125
"2546",-335682.514
"2547",-337226.367
"2548",-335631.974
"2549",-336219.075
"2550",-334903.543
"2551",-338380.938
"2552",-339865.534
"2553",-338902.377
"2554",-338592.763
"2555",-337087.681
"2556",-338373.2
"2557",-336708.329
"2558",-337462.219
"2559",-336362.767
"2560",-338409.609
"2561",-334985.197
"2562",-338651.5
"2563",-337810.505
"2564",-336127.371
"2565",-337892.885
"2566",-336344.805
"2567",-336305.58
"2568",-337337.814
"2569",-336752.692
"2570",-336117.873
"2571",-337415.181
"2572",-337750.081
"2573",-335567.32
"2574",-337357.215
"2575",-336919.688
"2576",-336574.509
"2577",-337216.942
"2578",-338752.357
"2579",-334783.841
"2580",-336134.343
"2581",-336065.978
"2582",-336464.019
"2583",-337014.412
"2584",-335783.866
"2585",-338174.989
"2586",-336089.986
"2587",-336270.306
"2588",-336235.849
"2589",-338762.205
"2590",-336571.215
"2591",-337437.209
"2592",-336349.696
"2593",-336356.34
"2594",-337580.283
"2595",-336545.332
"2596",-337524.408
"2597",-336232.178
"2598",-335443.411
"2599",-335112.247
"2600",-335284.111
"2601",-337310.405
"2602",-336253.111
"2603",-337185.212
"2604",-337927.361
"2605",-336716.783
"2606",-334894.03
"2607",-336629.855
"2608",-336669.038
"2609",-336083.116
"2610",-336862.616
"2611",-335560.433
"2612",-336278.155
"2613",-335343.169
"2614",-336165.272
"2615",-337790.307
"2616",-335984.685
"2617",-335919.063
"2618",-336289.384
"2619",-336625.437
"2620",-335361.633
"2621",-337319.94
"2622",-338122.045
"2623",-335763.708
"2624",-336462.331
"2625",-336837.62
"2626",-336228.958
"2627",-334479.03
"2628",-339000.383
"2629",-338396.845
"2630",-336985.51
"2631",-339064.886
"2632",-334985.844
"2633",-338298.709
"2634",-335737.392
"2635",-335727.229
"2636",-335609.601
"2637",-338196.718
"2638",-338556.111
"2639",-338292.45
"2640",-335733.439
"2641",-336735.035
"2642",-335727.705
"2643",-335254.742
"2644",-337014.012
"2645",-337105.42
"2646",-335609.097
"2647",-336156.857
"2648",-336341.172
"2649",-336854.536
"2650",-336846.748
"2651",-337146.354
"2652",-338605.31
"2653",-335702.219
"2654",-335646.181
"2655",-337830.844
"2656",-333935.418
"2657",-335961.824
"2658",-335993.743
"2659",-335741.533
"2660",-335947.849
"2661",-335809.656
"2662",-338637.681
"2663",-336323.781
"2664",-335876.164
"2665",-336904.797
"2666",-336134.699
"2667",-336644.22
"2668",-337214.128
"2669",-337904.197
"2670",-336056.171
"2671",-338823.398
"2672",-337789.696
"2673",-337288.884
"2674",-337553.878
"2675",-336161.619
"2676",-337871.842
"2677",-337529.348
"2678",-335183.138
"2679",-335891.453
"2680",-336188.465
"2681",-334754.75
"2682",-335400.593
"2683",-337153.137
"2684",-337338.747
"2685",-337398.563
"2686",-336596.365
"2687",-336839.794
"2688",-335878.14
"2689",-335000.608
"2690",-334494.84
"2691",-335677.704
"2692",-334640.883
"2693",-335641.613
"2694",-335469.312
"2695",-336842.807
"2696",-339730.096
"2697",-335592.165
"2698",-334872.752
"2699",-334317.902
"2700",-336373.925
"2701",-336429.636
"2702",-336893.974
"2703",-335751.374
"2704",-335316.819
"2705",-337339.794
"2706",-336477.781
"2707",-335246.845
"2708",-335555.853
"2709",-335017.126
"2710",-336347.923
"2711",-336192.811
"2712",-335883.3
"2713",-338849.715
"2714",-336038.69
"2715",-337293.772
"2716",-337518.202
"2717",-335198.663
"2718",-335895.991
"2719",-337858.98
"2720",-338828.615
"2721",-334772.962
"2722",-336122.279
"2723",-337052.275
"2724",-335139.475
"2725",-338259.018
"2726",-337808.831
"2727",-336252.189
"2728",-335685.171
"2729",-337324.723
"2730",-335379.066
"2731",-336614.994
"2732",-337041.169
"2733",-335915.39
"2734",-334278.755
"2735",-337978.286
"2736",-334462.66
"2737",-337528.986
"2738",-336115.428
"2739",-337174.944
"2740",-335275.907
"2741",-335546.737
"2742",-336936.459
"2743",-336639.244
"2744",-336123.086
"2745",-336815.978
"2746",-337769.324
"2747",-338132.51
"2748",-337219.865
"2749",-335886.072
"2750",-337133.742
"2751",-338301.402
"2752",-339481.527
"2753",-336683.422
"2754",-334548.055
"2755",-336187.969
"2756",-336692.044
"2757",-337518.102
"2758",-335961.062
"2759",-337993.8
"2760",-337623.824
"2761",-337455.588
"2762",-337373.56
"2763",-335929.69
"2764",-336617.653
"2765",-337759.518
"2766",-336770.606
"2767",-334989.095
"2768",-335543.756
"2769",-336727.282
"2770",-338058.16
"2771",-335608.745
"2772",-337149.406
"2773",-336918.19
"2774",-336960.922
"2775",-336264.823
"2776",-335817.59
"2777",-337081.844
"2778",-337544.94
"2779",-336343.2
"2780",-336928.372
"2781",-337659.762
"2782",-335321.376
"2783",-336010.339
"2784",-339120.932
"2785",-338015.939
"2786",-335057.566
"2787",-337399.96
"2788",-335055.749
"2789",-337268.926
"2790",-336586.281
"2791",-336965.494
"2792",-337697.065
"2793",-337180.331
"2794",-337501.399
"2795",-335546.881
"2796",-336438.552
"2797",-337816.164
"2798",-337129.442
"2799",-336681.129
"2800",-333576.49
"2801",-336295.577
"2802",-335985.043
"2803",-336547.452
"2804",-339088.229
"2805",-338141.906
"2806",-337844.314
"2807",-335101.886
"2808",-336305.567
"2809",-337071.288
"2810",-337188.453
"2811",-336123.443
"2812",-338458.84
"2813",-335962.54
"2814",-336265.327
"2815",-335949.981
"2816",-337259.341
"2817",-336514.851
"2818",-337665.727
"2819",-335545.158
"2820",-336131.974
"2821",-337795.423
"2822",-338233.973
"2823",-336717.423
"2824",-334584.335
"2825",-337977.334
"2826",-338808.74
"2827",-338518.561
"2828",-337688.802
"2829",-335153.016
"2830",-337288.847
"2831",-337268.426
"2832",-334434.087
"2833",-334783.226
"2834",-338498.788
"2835",-335799.655
"2836",-335185.643
"2837",-337471.914
"2838",-336716.014
"2839",-334571.237
"2840",-334876.883
"2841",-337201.394
"2842",-337384.066
"2843",-334826.741
"2844",-337097.687
"2845",-336466.055
"2846",-337236.722
"2847",-337526.689
"2848",-336434.463
"2849",-337403.032
"2850",-336322.956
"2851",-337247.996
"2852",-334841.565
"2853",-337676.275
"2854",-337392.247
"2855",-336518.692
"2856",-333748.53
"2857",-334536.439
"2858",-336815.617
"2859",-336158.857
"2860",-336371.73
"2861",-336251.369
"2862",-336863.127
"2863",-335046.835
"2864",-337517.603
"2865",-334936.273
"2866",-337396.999
"2867",-337164.136
"2868",-336190.85
"2869",-336999.059
"2870",-336142.323
"2871",-334542.095
"2872",-336729.518
"2873",-336345.982
"2874",-337308.428
"2875",-334815.887
"2876",-336451.819
"2877",-336418.098
"2878",-338485.997
"2879",-336993.59
"2880",-338338.097
"2881",-336612.568
"2882",-336980.546
"2883",-337018.89
"2884",-335405.138
"2885",-336886.638
"2886",-336654.087
"2887",-337556.661
"2888",-339103.549
"2889",-335760.915
"2890",-335536.052
"2891",-336367.641
"2892",-338112.475
"2893",-337600.97
"2894",-338420.42
"2895",-337405.357
"2896",-336461.41
"2897",-336723.734
"2898",-334805.643
"2899",-334007.815
"2900",-336806.358
"2901",-336694.855
"2902",-338755.965
"2903",-335961.222
"2904",-337393.424
"2905",-334897.785
"2906",-336409.824
"2907",-336500.309
"2908",-336434.995
"2909",-336163.325
"2910",-336817.946
"2911",-337165.344
"2912",-337054.435
"2913",-335999.589
"2914",-335817.222
"2915",-334743.365
"2916",-335145.189
"2917",-336834.864
"2918",-334764.197
"2919",-336168.866
"2920",-336770.793
"2921",-336077.83
"2922",-336535.793
"2923",-336116.461
"2924",-335821.76
"2925",-338183.727
"2926",-337525.403
"2927",-337282.592
"2928",-335161.556
"2929",-337972.28
"2930",-336672.498
"2931",-338528.073
"2932",-337102.098
"2933",-338481.505
"2934",-334380.613
"2935",-336282.902
"2936",-338376.533
"2937",-337053.829
"2938",-336011.248
"2939",-337673.972
"2940",-335695.023
"2941",-335807.655
"2942",-335680.776
"2943",-337019.17
"2944",-337184.763
"2945",-337707.006
"2946",-336488.639
"2947",-335926.539
"2948",-337177.809
"2949",-337626.045
"2950",-337239.686
"2951",-335908.868
"2952",-335594.407
"2953",-335785.906
"2954",-334683.541
"2955",-335667.279
"2956",-336259.298
"2957",-336632.449
"2958",-338713.786
"2959",-337200.198
"2960",-336635.406
"2961",-336786.244
"2962",-335516.818
"2963",-335210.161
"2964",-337405.453
"2965",-336916.471
"2966",-339349.452
"2967",-335426.937
"2968",-336579.052
"2969",-335716.964
"2970",-335505.279
"2971",-335689.841
"2972",-335771.933
"2973",-337078.607
"2974",-336180.091
"2975",-335532.256
"2976",-334898.448
"2977",-338516.124
"2978",-336538.873
"2979",-335566.282
"2980",-336788.592
"2981",-336370.757
"2982",-337508.627
"2983",-335004.173
"2984",-336886.094
"2985",-337091.226
"2986",-336747.817
"2987",-337546.888
"2988",-334515.415
"2989",-336746.793
"2990",-338645.145
"2991",-335959.579
"2992",-338167.892
"2993",-335328.997
"2994",-335780.312
"2995",-335898.795
"2996",-336233.43
"2997",-335922.058
"2998",-338522.034
"2999",-337640.978
"3000",-337319.828
"3001",-336354.513
"3002",-335488.344
"3003",-336582.446
"3004",-334875.634
"3005",-337316.497
"3006",-335052.054
"3007",-335991.428
"3008",-336171.313
"3009",-335611.782
"3010",-336062.036
"3011",-336908.98
"3012",-336768.84
"3013",-336156.99
"3014",-335812.483
"3015",-336564.075
"3016",-335618.297
"3017",-337763.785
"3018",-337877.802
"3019",-336812.88
"3020",-335302.597
"3021",-337659.617
"3022",-335484.548
"3023",-336719.053
"3024",-336814.655
"3025",-337085.804
"3026",-335884.22
"3027",-336879.91
"3028",-338390.206
"3029",-334915.099
"3030",-336324.537
"3031",-335522.63
"3032",-337278.456
"3033",-336632.81
"3034",-335375.792
"3035",-335056.583
"3036",-337128.276
"3037",-334159.369
"3038",-335909.446
"3039",-336929.983
"3040",-335773.25
"3041",-336561.206
"3042",-336796.905
"3043",-336372.094
"3044",-335222.514
"3045",-335582.263
"3046",-336858.086
"3047",-337689.759
"3048",-335227.569
"3049",-336321.821
"3050",-335201.415
"3051",-338145.308
"3052",-338931.232
"3053",-336242.707
"3054",-335515.497
"3055",-335354.274
"3056",-336812.633
"3057",-339871.714
"3058",-338667.498
"3059",-336411.12
"3060",-335350.11
"3061",-337898.559
"3062",-335780.951
"3063",-337225.693
"3064",-337569.947
"3065",-335608.67
"3066",-335190.113
"3067",-336956.776
"3068",-336310.53
"3069",-335971.51
"3070",-335550.102
"3071",-334020.517
"3072",-338167.479
"3073",-335453.543
"3074",-335720.178
"3075",-335554.439
"3076",-336928.465
"3077",-338157.837
"3078",-335723.406
"3079",-336732.302
"3080",-337831.482
"3081",-338304.833
"3082",-333688.734
"3083",-335700.046
"3084",-336971.669
"3085",-333215.693
"3086",-335952.253
"3087",-337330.613
"3088",-337395.654
"3089",-335930.279
"3090",-338390.533
"3091",-337053.246
"3092",-334177.986
"3093",-337386.126
"3094",-337006.283
"3095",-336615.382
"3096",-334377.933
"3097",-337942.293
"3098",-338234.981
"3099",-339077.052
"3100",-336273.411
"3101",-338770.051
"3102",-337350.459
"3103",-336279.676
"3104",-338840.223
"3105",-335938.545
"3106",-335667.342
"3107",-335661.504
"3108",-336510.369
"3109",-336441.859
"3110",-334585.597
"3111",-335919.419
"3112",-335390.093
"3113",-338254.785
"3114",-335965.269
"3115",-336754.16
"3116",-336596.263
"3117",-337155.531
"3118",-335387.407
"3119",-337386.571
"3120",-336962.757
"3121",-336144.894
"3122",-335560.52
"3123",-337381.994
"3124",-337895.062
"3125",-335839.518
"3126",-338621.531
"3127",-336518.12
"3128",-338844.687
"3129",-337781.015
"3130",-338700.36
"3131",-335990.084
"3132",-335746.789
"3133",-335704.705
"3134",-335372.032
"3135",-335409.203
"3136",-336325.429
"3137",-338014.613
"3138",-337215.953
"3139",-336679.859
"3140",-337778.242
"3141",-336386.59
"3142",-337073.903
"3143",-337228.867
"3144",-336246.608
"3145",-335360.095
"3146",-338239.358
"3147",-337059.699
"3148",-335816.565
"3149",-338233.662
"3150",-334777.894
"3151",-336821.977
"3152",-337278.565
"3153",-337795.78
"3154",-336680.111
"3155",-338468.847
"3156",-338246.979
"3157",-337914.178
"3158",-337990.933
"3159",-335295.777
"3160",-336746.848
"3161",-338570.129
"3162",-335140.767
"3163",-338401.917
"3164",-336434.202
"3165",-336912.663
"3166",-336123.005
"3167",-337574.11
"3168",-335608.406
"3169",-336993.558
"3170",-338219.779
"3171",-336453.254
"3172",-337303.473
"3173",-335983.703
"3174",-337341.399
"3175",-337835.262
"3176",-336928.958
"3177",-335459.879
"3178",-338780.395
"3179",-336080.187
"3180",-337046.209
"3181",-336068.616
"3182",-335738.905
"3183",-334799.126
"3184",-335887.567
"3185",-337140.706
"3186",-336313.261
"3187",-338561.133
"3188",-335147.344
"3189",-336785.773
"3190",-337270.681
"3191",-337759.299
"3192",-334430.889
"3193",-334964.36
"3194",-338676.878
"3195",-336421.361
"3196",-337135.123
"3197",-334426.027
"3198",-338165.759
"3199",-336708.502
"3200",-336812.785
"3201",-335431.843
"3202",-335148.017
"3203",-336479.554
"3204",-335864.393
"3205",-338950.384
"3206",-335753.619
"3207",-334258.384
"3208",-338112.956
"3209",-335971.76
"3210",-335734.619
"3211",-336995.1
"3212",-336431.626
"3213",-336906.6
"3214",-336208.36
"3215",-337019.03
"3216",-336947.048
"3217",-336922.615
"3218",-337855.524
"3219",-335600.018
"3220",-336873.862
"3221",-338210.186
"3222",-337105.646
"3223",-337571.386
"3224",-333615.374
"3225",-335866.442
"3226",-334384.923
"3227",-338299.805
"3228",-334105.024
"3229",-338421.847
"3230",-335862.788
"3231",-338622.36
"3232",-335117.777
"3233",-335612.221
"3234",-338930.66
"3235",-334722.242
"3236",-338496.833
"3237",-337535.063
"3238",-333886.447
"3239",-334603.51
"3240",-337905.943
"3241",-338235.32
"3242",-335315.778
"3243",-335171.502
"3244",-337630.457
"3245",-336687.56
"3246",-336097.077
"3247",-337328.037
"3248",-335667.906
"3249",-337428.168
"3250",-335588.885
"3251",-335128.723
"3252",-334938.701
"3253",-336425.432
"3254",-337359.448
"3255",-335610.117
"3256",-336029.427
"3257",-337540.635
"3258",-336640.334
"3259",-337111.164
"3260",-336198.414
"3261",-338947.022
"3262",-334508.566
"3263",-336426.27
"3264",-336930.728
"3265",-337262.905
"3266",-337379.443
"3267",-335844.463
"3268",-337304.596
"3269",-335644.673
"3270",-336373.681
"3271",-337279.215
"3272",-335102.812
"3273",-335495.908
"3274",-335110.488
"3275",-336726.453
"3276",-334381.272
"3277",-337621.042
"3278",-335689.679
"3279",-335207.132
"3280",-337966.534
"3281",-333760.282
"3282",-336550.732
"3283",-335163.821
"3284",-336831.996
"3285",-337523.322
"3286",-336111.602
"3287",-337588.775
"3288",-338579.424
"3289",-338043.868
"3290",-335374.512
"3291",-335573.497
"3292",-336081.476
"3293",-336069.301
"3294",-337081.359
"3295",-337552.937
"3296",-336532.977
"3297",-338110.505
"3298",-335686.396
"3299",-336940.275
"3300",-334761.847
"3301",-335885.625
"3302",-337318.461
"3303",-336456.753
"3304",-335836.601
"3305",-337198.279
"3306",-334234.466
"3307",-338288.089
"3308",-334444.585
"3309",-336115.408
"3310",-335177.944
"3311",-337840.866
"3312",-335370.976
"3313",-336511.598
"3314",-336470.665
"3315",-336062.3
"3316",-336032.842
"3317",-336268.804
"3318",-334494.103
"3319",-338033.916
"3320",-335984.899
"3321",-336346.67
"3322",-334274.969
"3323",-336708.01
"3324",-337147.416
"3325",-337938.965
"3326",-337666.246
"3327",-337622.597
"3328",-337747.41
"3329",-336021.088
"3330",-338965.5
"3331",-336374.658
"3332",-337237.586
"3333",-336064.662
"3334",-337019.503
"3335",-336735.32
"3336",-338372.095
"3337",-337000.559
"3338",-335796.511
"3339",-335763.134
"3340",-336564.022
"3341",-336786.302
"3342",-337466.964
"3343",-336557.601
"3344",-335628.131
"3345",-335947.931
"3346",-336945.491
"3347",-337921.772
"3348",-336163.592
"3349",-336543.779
"3350",-335867.816
"3351",-338198.942
"3352",-335465.658
"3353",-335597.655
"3354",-336134.667
"3355",-337244.041
"3356",-335749.343
"3357",-337193.769
"3358",-334655.86
"3359",-338591.034
"3360",-334708.256
"3361",-336790.608
"3362",-336833.91
"3363",-335161.033
"3364",-334475.187
"3365",-336211.891
"3366",-336209.305
"3367",-334706.984
"3368",-337122.533
"3369",-335906.951
"3370",-336728.176
"3371",-336502.947
"3372",-337876.481
"3373",-336859.821
"3374",-336341.311
"3375",-335728.9
"3376",-337593.68
"3377",-335541.349
"3378",-336862.141
"3379",-334840.851
"3380",-336327.203
"3381",-337341.898
"3382",-336504.421
"3383",-336911.704
"3384",-339160.429
"3385",-338121.066
"3386",-337612.771
"3387",-335873.635
"3388",-336936.926
"3389",-338035.676
"3390",-336120.107
"3391",-336236.841
"3392",-337957.087
"3393",-338273.758
"3394",-334553.648
"3395",-334711.5
"3396",-336252.402
"3397",-334101.736
"3398",-336893.856
"3399",-336797.331
"3400",-337630.724
"3401",-336525.391
"3402",-335814.365
"3403",-337907.984
"3404",-337027.41
"3405",-336485.829
"3406",-335557.841
"3407",-338011.269
"3408",-334854.07
"3409",-338050.475
"3410",-336383.158
"3411",-336012.488
"3412",-335540.563
"3413",-336177.456
"3414",-337180.12
"3415",-338476.11
"3416",-335384.909
"3417",-336509.184
"3418",-336490.922
"3419",-336005.514
"3420",-337372.225
"3421",-336274.052
"3422",-338443.961
"3423",-337744.709
"3424",-337607.132
"3425",-339324.023
"3426",-338050.131
"3427",-335438.256
"3428",-337472.604
"3429",-336894.274
"3430",-338029.808
"3431",-336070.776
"3432",-335402.417
"3433",-336924.699
"3434",-336697.267
"3435",-334827.895
"3436",-335123.635
"3437",-336076.348
"3438",-336897.095
"3439",-336122.383
"3440",-336003.264
"3441",-337857.993
"3442",-337168.684
"3443",-337313.558
"3444",-336134.545
"3445",-336756.683
"3446",-338297.634
"3447",-335418.987
"3448",-337011.813
"3449",-338039.406
"3450",-337878.794
"3451",-337317.346
"3452",-334502.564
"3453",-335800.529
"3454",-336431.678
"3455",-335091.862
"3456",-338659.692
"3457",-335121.223
"3458",-336199.593
"3459",-337394.057
"3460",-337040.627
"3461",-337731.65
"3462",-334991.786
"3463",-337920.122
"3464",-338655.139
"3465",-335749.266
"3466",-338456.024
"3467",-337147.526
"3468",-334684.371
"3469",-335198.83
"3470",-335696.544
"3471",-337586.063
"3472",-337074.45
"3473",-336945.337
"3474",-335366.14
"3475",-337749.701
"3476",-336323.176
"3477",-336073.52
"3478",-336496.43
"3479",-335851.122
"3480",-335600.808
"3481",-337075.914
"3482",-336264.657
"3483",-336620.985
"3484",-336923.09
"3485",-336697.862
"3486",-336609.151
"3487",-336081.846
"3488",-337438.328
"3489",-337160.622
"3490",-334281.868
"3491",-337436.308
"3492",-337557.439
"3493",-335266.578
"3494",-338489.45
"3495",-337799.14
"3496",-333713.42
"3497",-335277.63
"3498",-337344.651
"3499",-337692.089
"3500",-336284.804
"3501",-336683.093
"3502",-336889.882
"3503",-336755.899
"3504",-336918.661
"3505",-337405.523
"3506",-336038.376
"3507",-336459.302
"3508",-336423.884
"3509",-338135.714
"3510",-337606.455
"3511",-337978.922
"3512",-335890.849
"3513",-338016.889
"3514",-336607.101
"3515",-336996.653
"3516",-337676.281
"3517",-337692.874
"3518",-333083.116
"3519",-336259.374
"3520",-334435.994
"3521",-337626.335
"3522",-338080.845
"3523",-336303.664
"3524",-339730.016
"3525",-336166.605
"3526",-336321.262
"3527",-335181.215
"3528",-334487.349
"3529",-336789.646
"3530",-335957.726
"3531",-338303.542
"3532",-335971.582
"3533",-337194.214
"3534",-337015.384
"3535",-337456.239
"3536",-335581.957
"3537",-337346.234
"3538",-335603.696
"3539",-337004.443
"3540",-337346.17
"3541",-337462.172
"3542",-336105.416
"3543",-334265.949
"3544",-336733.764
"3545",-336211.382
"3546",-338970.403
"3547",-336684.26
"3548",-335795.865
"3549",-335488.211
"3550",-336254.893
"3551",-337230.027
"3552",-336469.737
"3553",-335471.602
"3554",-336207.782
"3555",-335993.665
"3556",-336960.229
"3557",-335680.951
"3558",-336786.45
"3559",-337199.602
"3560",-336597.193
"3561",-337125.901
"3562",-334407.335
"3563",-336636.512
"3564",-334923.402
"3565",-338779.949
"3566",-337399.585
"3567",-336385.446
"3568",-337850.652
"3569",-333934.529
"3570",-334402.045
"3571",-336744.699
"3572",-336628.38
"3573",-337759.345
"3574",-337738.111
"3575",-335712.04
"3576",-335441.43
"3577",-335672.088
"3578",-335321.716
"3579",-338514.236
"3580",-334817.761
"3581",-336918.434
"3582",-335366.781
"3583",-337204.32
"3584",-336602.889
"3585",-337288.891
"3586",-337815.091
"3587",-333007.258
"3588",-335685.409
"3589",-336847.87
"3590",-334836.665
"3591",-339845.562
"3592",-336452.49
"3593",-334617.525
"3594",-335129.457
"3595",-337218.92
"3596",-336395.321
"3597",-337181.166
"3598",-337023.066
"3599",-335802.768
"3600",-334710.7
"3601",-338500.541
"3602",-337031.768
"3603",-336701.99
"3604",-335535.277
"3605",-336109.327
"3606",-338917.026
"3607",-339138.514
"3608",-337852.539
"3609",-338611.226
"3610",-336208.508
"3611",-336696.961
"3612",-335641.474
"3613",-337687.645
"3614",-336868.453
"3615",-335954.26
"3616",-338329.364
"3617",-335721.789
"3618",-336898.849
"3619",-337883.649
"3620",-335944.265
"3621",-335881.586
"3622",-340097.039
"3623",-338105.901
"3624",-336907.545
"3625",-336784.335
"3626",-337456.883
"3627",-334789.887
"3628",-335243.025
"3629",-337099.92
"3630",-336770.519
"3631",-336114.069
"3632",-336958.226
"3633",-336784.616
"3634",-336044.863
"3635",-335174.473
"3636",-337095.421
"3637",-336552.344
"3638",-338909.151
"3639",-338243.906
"3640",-338002.821
"3641",-334920.569
"3642",-335191.049
"3643",-336651.995
"3644",-338170.996
"3645",-336603.513
"3646",-336352.569
"3647",-336110.779
"3648",-333636.349
"3649",-334466.435
"3650",-336363.8
"3651",-337636.118
"3652",-337297.469
"3653",-336784.76
"3654",-336762.871
"3655",-338732.365
"3656",-335444.692
"3657",-336032.759
"3658",-339169.304
"3659",-335494.756
"3660",-337730.184
"3661",-336952.496
"3662",-339284.839
"3663",-337996.084
"3664",-336444.889
"3665",-336648.306
"3666",-336713.251
"3667",-337918.359
"3668",-337069.392
"3669",-338428.152
"3670",-336698.75
"3671",-337224.893
"3672",-337912.464
"3673",-336645.684
"3674",-337551.845
"3675",-338488.18
"3676",-336977.462
"3677",-337624.615
"3678",-337692.891
"3679",-336728.956
"3680",-335121.953
"3681",-337708.581
"3682",-335597.649
"3683",-336323.697
"3684",-337120.713
"3685",-336824.479
"3686",-334273.768
"3687",-337693.968
"3688",-337626.603
"3689",-336585.557
"3690",-336951.584
"3691",-335857.685
"3692",-336826.882
"3693",-336490.097
"3694",-335111.205
"3695",-336867.951
"3696",-336261.422
"3697",-338811.629
"3698",-336990.475
"3699",-336866.119
"3700",-337398.709
"3701",-334827.069
"3702",-338019.303
"3703",-338943.116
"3704",-338103.193
"3705",-336919.857
"3706",-337695.557
"3707",-337436.942
"3708",-337656.999
"3709",-336929.967
"3710",-336045.063
"3711",-337738.147
"3712",-338264.697
"3713",-337324.226
"3714",-336349.304
"3715",-336268.814
"3716",-336728.606
"3717",-336945.864
"3718",-336274.303
"3719",-336257.738
"3720",-337787.322
"3721",-336360.457
"3722",-336964.845
"3723",-338193.696
"3724",-338629.312
"3725",-338201.402
"3726",-334502.442
"3727",-335488.524
"3728",-338049.767
"3729",-334542.011
"3730",-339384.965
"3731",-336937.553
"3732",-337054.113
"3733",-337026.042
"3734",-335254.891
"3735",-335659.977
"3736",-336152.058
"3737",-336878.171
"3738",-336561.193
"3739",-334890.613
"3740",-337766.575
"3741",-335194.762
"3742",-335382.92
"3743",-335000.782
"3744",-336414.179
"3745",-337640.517
"3746",-338890.569
"3747",-338105.582
"3748",-336784.602
"3749",-337584.477
"3750",-336281.731
"3751",-335228.222
"3752",-336367.774
"3753",-337321.233
"3754",-336521.694
"3755",-336701.08
"3756",-336371.609
"3757",-334827.403
"3758",-335573.282
"3759",-334630.672
"3760",-336545.244
"3761",-334092.274
"3762",-336173.116
"3763",-336788.1
"3764",-336858.387
"3765",-339363.008
"3766",-338038.633
"3767",-338499.842
"3768",-337108.427
"3769",-336235.263
"3770",-337534.261
"3771",-336045.026
"3772",-334351.88
"3773",-337485.302
"3774",-338670.473
"3775",-335701.922
"3776",-336435.095
"3777",-334683.476
"3778",-335971.542
"3779",-336710.811
"3780",-337232.164
"3781",-337621.349
"3782",-335532.225
"3783",-337006.564
"3784",-336217.906
"3785",-338377.668
"3786",-335754.182
"3787",-334830.933
"3788",-338319.803
"3789",-336628.939
"3790",-336774.441
"3791",-337372.209
"3792",-338019.246
"3793",-336405.318
"3794",-337824.313
"3795",-337341.339
"3796",-334888.293
"3797",-337010.238
"3798",-335999.498
"3799",-335074.558
"3800",-335193.146
"3801",-334808.476
"3802",-337309.959
"3803",-335627.15
"3804",-334825.752
"3805",-336881.64
"3806",-336643.06
"3807",-337497.935
"3808",-337618.673
"3809",-337267.382
"3810",-336318.133
"3811",-334714.081
"3812",-334913.061
"3813",-337112.963
"3814",-333272.247
"3815",-337135.76
"3816",-336300.318
"3817",-336136.03
"3818",-336701.909
"3819",-335182.038
"3820",-334684.181
"3821",-335204.788
"3822",-337576.515
"3823",-334258.819
"3824",-336081.235
"3825",-335962.751
"3826",-336646.973
"3827",-336617.833
"3828",-334119.857
"3829",-335119.143
"3830",-336312.486
"3831",-334725.044
"3832",-335297.516
"3833",-334438.984
"3834",-336041.155
"3835",-337443.481
"3836",-336094.273
"3837",-337321.252
"3838",-338434.976
"3839",-337641.142
"3840",-336896.192
"3841",-334896.864
"3842",-336480.4
"3843",-335411.356
"3844",-335605.735
"3845",-338083.567
"3846",-335068.676
"3847",-336747.846
"3848",-337210.032
"3849",-335489.475
"3850",-337176.44
"3851",-336723.14
"3852",-337867.373
"3853",-337701.199
"3854",-338013.02
"3855",-336797.051
"3856",-335657.368
"3857",-337709.465
"3858",-336590.003
"3859",-334788.362
"3860",-337056.681
"3861",-337316.338
"3862",-335218.119
"3863",-336032.671
"3864",-335883.199
"3865",-336617.936
"3866",-335494.624
"3867",-335509.773
"3868",-337918.312
"3869",-336268.886
"3870",-337272.188
"3871",-337445.881
"3872",-336862.619
"3873",-338661.101
"3874",-335859.726
"3875",-337226.863
"3876",-335250.046
"3877",-335028.197
"3878",-336017.974
"3879",-335236.935
"3880",-335395.827
"3881",-334801.171
"3882",-337068.822
"3883",-333828.445
"3884",-337121.003
"3885",-334832.531
"3886",-336567.693
"3887",-335188.634
"3888",-338090.148
"3889",-335358.847
"3890",-337203.798
"3891",-336505.206
"3892",-336509.575
"3893",-336184.58
"3894",-338180.877
"3895",-335625.114
"3896",-337001.006
"3897",-334903.113
"3898",-334867.12
"3899",-336216.289
"3900",-336104.302
"3901",-338790.236
"3902",-336146.383
"3903",-334340.656
"3904",-337589.224
"3905",-336550.912
"3906",-336089.578
"3907",-335552.766
"3908",-336498.417
"3909",-337401.633
"3910",-335058.154
"3911",-336617.252
"3912",-336026.13
"3913",-336839.942
"3914",-336681.466
"3915",-332355.542
"3916",-336332.02
"3917",-337177.513
"3918",-333560.248
"3919",-336078.15
"3920",-335521.447
"3921",-334782.986
"3922",-337450.43
"3923",-336652.728
"3924",-335715.538
"3925",-334606.123
"3926",-336835.53
"3927",-336717.5
"3928",-337227.837
"3929",-337115.039
"3930",-336085.44
"3931",-337790.292
"3932",-333552.615
"3933",-337728.046
"3934",-336657.848
"3935",-337457.864
"3936",-337231.792
"3937",-336365.17
"3938",-336447.545
"3939",-337099.091
"3940",-334207.377
"3941",-336789.955
"3942",-336377.557
"3943",-336997.085
"3944",-338094.861
"3945",-337784.28
"3946",-335256.092
"3947",-338262.136
"3948",-334093.729
"3949",-337396.751
"3950",-338037.876
"3951",-337682.141
"3952",-337311.712
"3953",-336809.444
"3954",-334685.553
"3955",-335379.984
"3956",-335516.528
"3957",-335711.588
"3958",-336247.787
"3959",-335590.935
"3960",-336604.718
"3961",-335127.871
"3962",-337172.588
"3963",-335153.418
"3964",-336427.583
"3965",-337511.327
"3966",-336203.549
"3967",-334895.33
"3968",-334053.529
"3969",-335191.145
"3970",-334990.977
"3971",-336102.168
"3972",-336881.931
"3973",-335400.898
"3974",-334354.709
"3975",-337060.173
"3976",-335265.831
"3977",-337971.26
"3978",-335676.956
"3979",-336134.411
"3980",-338169.299
"3981",-337113.21
"3982",-338927.415
"3983",-335413.403
"3984",-338708.87
"3985",-334708.714
"3986",-336649.881
"3987",-336139.484
"3988",-335141.062
"3989",-337564.795
"3990",-336695.277
"3991",-336293.546
"3992",-336763.878
"3993",-337054.68
"3994",-338243.561
"3995",-335671.477
"3996",-336316.13
"3997",-337063.93
"3998",-338004.681
"3999",-337497.392
"4000",-336784.665
"4001",-338335.192
"4002",-336598.263
"4003",-335695.838
"4004",-336297.124
"4005",-336682.196
"4006",-337340.807
"4007",-335894.212
"4008",-336871.074
"4009",-334812.186
"4010",-335800.152
"4011",-340117.114
"4012",-337654.105
"4013",-338176.307
"4014",-337462.489
"4015",-337937.624
"4016",-337543.875
"4017",-337099.142
"4018",-336245.966
"4019",-338839.972
"4020",-336109.823
"4021",-335229.38
"4022",-334134.553
"4023",-336632.038
"4024",-336684.905
"4025",-336461.212
"4026",-337369.202
"4027",-335053.703
"4028",-336338.744
"4029",-336025.671
"4030",-336450.346
"4031",-339141.495
"4032",-337823.916
"4033",-336706.614
"4034",-336193.323
"4035",-336334.999
"4036",-338049.451
"4037",-336384.922
"4038",-338506.531
"4039",-335978.432
"4040",-335429.252
"4041",-336265.422
"4042",-334834.13
"4043",-336466.543
"4044",-337414.389
"4045",-339097.14
"4046",-336336.963
"4047",-335451.545
"4048",-336976.796
"4049",-336491.639
"4050",-336629.581
"4051",-339214.125
"4052",-336037.707
"4053",-335995.964
"4054",-336507.359
"4055",-338004.124
"4056",-335489.472
"4057",-337346.732
"4058",-337138.012
"4059",-337562.267
"4060",-336761.178
"4061",-335530.606
"4062",-336930.713
"4063",-337329.212
"4064",-338365.783
"4065",-334537.169
"4066",-337597.139
"4067",-335893.541
"4068",-334428.059
"4069",-335686.355
"4070",-337735.159
"4071",-337143.42
"4072",-335846.713
"4073",-336538.976
"4074",-335745.808
"4075",-332902.58
"4076",-336730.168
"4077",-336427.113
"4078",-336145.177
"4079",-338237.085
"4080",-336052.859
"4081",-335757.389
"4082",-337152.476
"4083",-338559.578
"4084",-338238.21
"4085",-336187.221
"4086",-336589.256
"4087",-336018.37
"4088",-336857.13
"4089",-337098.261
"4090",-336290.825
"4091",-336602.738
"4092",-335044.067
"4093",-335703.922
"4094",-336483.496
"4095",-335453.668
"4096",-335980.044
"4097",-339783.977
"4098",-336964.594
"4099",-336725.627
"4100",-336192.772
"4101",-336995.942
"4102",-338668.018
"4103",-336432.298
"4104",-334300.224
"4105",-336822.02
"4106",-337041.997
"4107",-337028.36
"4108",-336030.795
"4109",-337312.24
"4110",-337710.503
"4111",-340454.034
"4112",-335928.301
"4113",-339740.647
"4114",-337998.162
"4115",-337522.343
"4116",-336989.554
"4117",-336231.964
"4118",-338682.392
"4119",-336014.106
"4120",-337562.87
"4121",-335918.186
"4122",-336551.07
"4123",-336009.564
"4124",-337596.804
"4125",-334578.446
"4126",-336044.297
"4127",-337485.299
"4128",-336428.764
"4129",-337185.71
"4130",-337003.21
"4131",-335038.183
"4132",-338177.632
"4133",-337655.78
"4134",-338599.769
"4135",-335492.407
"4136",-335508.269
"4137",-337462.759
"4138",-334995.947
"4139",-336751.455
"4140",-337155.351
"4141",-335895.518
"4142",-336136.377
"4143",-337848.687
"4144",-336236.538
"4145",-336440.889
"4146",-336467.803
"4147",-335570.644
"4148",-335429.779
"4149",-336669.435
"4150",-335755.691
"4151",-337735.159
"4152",-336634.237
"4153",-335536.981
"4154",-337787.126
"4155",-335386.22
"4156",-337347.312
"4157",-336366.45
"4158",-336650.973
"4159",-336731.865
"4160",-335891.861
"4161",-336393.069
"4162",-335411.049
"4163",-336268.04
"4164",-334757.119
"4165",-338830.201
"4166",-338353.488
"4167",-335033.242
"4168",-337200.955
"4169",-337894.252
"4170",-336401.675
"4171",-336011.577
"4172",-336616.114
"4173",-336041.891
"4174",-338794.995
"4175",-336779.051
"4176",-338952.643
"4177",-337664.005
"4178",-335153.861
"4179",-336514.151
"4180",-335324.816
"4181",-334502.867
"4182",-335287.82
"4183",-334159.184
"4184",-335717.377
"4185",-336739.135
"4186",-335132.54
"4187",-337343.591
"4188",-336394.019
"4189",-335936.018
"4190",-336044.583
"4191",-332726.441
"4192",-336667.829
"4193",-337044.816
"4194",-334931.978
"4195",-338080.057
"4196",-336371.314
"4197",-337599.494
"4198",-338379.832
"4199",-336158.042
"4200",-337361.526
"4201",-337656.321
"4202",-336759.114
"4203",-335200.828
"4204",-337777.452
"4205",-337280.742
"4206",-337457.564
"4207",-335432.042
"4208",-336221.784
"4209",-338379.987
"4210",-336045.842
"4211",-337293.945
"4212",-336142.897
"4213",-336541.464
"4214",-336288.124
"4215",-336650.205
"4216",-337838.229
"4217",-335462.807
"4218",-337660.392
"4219",-336892.281
"4220",-338245.072
"4221",-336148.324
"4222",-336371.52
"4223",-334712.555
"4224",-337173.656
"4225",-337422.95
"4226",-336131.604
"4227",-336232.688
"4228",-337303.781
"4229",-337735.554
"4230",-337281.949
"4231",-336241.992
"4232",-336150.183
"4233",-335288.782
"4234",-336958.434
"4235",-340473.428
"4236",-337431.07
"4237",-335156.37
"4238",-335724.167
"4239",-338864.059
"4240",-337395.042
"4241",-336125.107
"4242",-337985.033
"4243",-336510.358
"4244",-336519.393
"4245",-336109.665
"4246",-337148.384
"4247",-336253.572
"4248",-337203.245
"4249",-338139.759
"4250",-336922.828
"4251",-336943.084
"4252",-336652.387
"4253",-337020.406
"4254",-335916.45
"4255",-336087.299
"4256",-338693.184
"4257",-337695.208
"4258",-335008.792
"4259",-336342.761
"4260",-338077.362
"4261",-336515.504
"4262",-338224.028
"4263",-337266.016
"4264",-336394.336
"4265",-335644.032
"4266",-334987.828
"4267",-336987.824
"4268",-337994.077
"4269",-336576.7
"4270",-337674.624
"4271",-337003.222
"4272",-336736.141
"4273",-337021.911
"4274",-337420.126
"4275",-335956.032
"4276",-337011.899
"4277",-336156.944
"4278",-337578.707
"4279",-336855.175
"4280",-337983.441
"4281",-337484.947
"4282",-339036.402
"4283",-335947.548
"4284",-338151.089
"4285",-337655.27
"4286",-335320.687
"4287",-334137.776
"4288",-337038.688
"4289",-336007.492
"4290",-337009.431
"4291",-337789.06
"4292",-337814.953
"4293",-334811.002
"4294",-335157.12
"4295",-334494.322
"4296",-335808.021
"4297",-336731.305
"4298",-335862.795
"4299",-337322.199
"4300",-335257.734
"4301",-335712.773
"4302",-337861.262
"4303",-337181.147
"4304",-336248.884
"4305",-337697.465
"4306",-335971.511
"4307",-337290.297
"4308",-335754.542
"4309",-337085.843
"4310",-335064.469
"4311",-336804.799
"4312",-335477.984
"4313",-337431.953
"4314",-338089.133
"4315",-336415.298
"4316",-336161.357
"4317",-334341.719
"4318",-337988.871
"4319",-335293.841
"4320",-336851.666
"4321",-336366.558
"4322",-335584.516
"4323",-339041.82
"4324",-336996.28
"4325",-335367.869
"4326",-336711.41
"4327",-336851.401
"4328",-336967.149
"4329",-338737.563
"4330",-335044.773
"4331",-335398.67
"4332",-335884.939
"4333",-337643.147
"4334",-338051.331
"4335",-336693.172
"4336",-337921.12
"4337",-335207.968
"4338",-338496.299
"4339",-336043.059
"4340",-334423.398
"4341",-334643.929
"4342",-335716.111
"4343",-337378.921
"4344",-336128.121
"4345",-335616.986
"4346",-334969.757
"4347",-338491.199
"4348",-337758.774
"4349",-336767.05
"4350",-334846.312
"4351",-336793.023
"4352",-335597.253
"4353",-336916.213
"4354",-336980.02
"4355",-338391.142
"4356",-335730.98
"4357",-334759.732
"4358",-337563.178
"4359",-336873.074
"4360",-335274.347
"4361",-335981.594
"4362",-337294.509
"4363",-335558.548
"4364",-336159.609
"4365",-335023.978
"4366",-335746.478
"4367",-335454.299
"4368",-335038.819
"4369",-336668.387
"4370",-335566.013
"4371",-335611.971
"4372",-334520.941
"4373",-336285.429
"4374",-336029.567
"4375",-337053.142
"4376",-336549.839
"4377",-336280.248
"4378",-336441.8
"4379",-335278.062
"4380",-335671.649
"4381",-335984.569
"4382",-336832.315
"4383",-335671.774
"4384",-335641.7
"4385",-336741.838
"4386",-336323.927
"4387",-337018.495
"4388",-335071.985
"4389",-333063.829
"4390",-339908.915
"4391",-335479.268
"4392",-337210.988
"4393",-335352.186
"4394",-334551.284
"4395",-336684.418
"4396",-336636.466
"4397",-336696.502
"4398",-336895.645
"4399",-337054.303
"4400",-336245.309
"4401",-335415.64
"4402",-335777.822
"4403",-334572.797
"4404",-336605.758
"4405",-335643.97
"4406",-335342.683
"4407",-335293.886
"4408",-336401.192
"4409",-335544.015
"4410",-335680.908
"4411",-337792.233
"4412",-337542.393
"4413",-336748.693
"4414",-335795.635
"4415",-336459.08
"4416",-337693.736
"4417",-334981.199
"4418",-336885.106
"4419",-334438.613
"4420",-336837.201
"4421",-337049.067
"4422",-335841.154
"4423",-337165.851
"4424",-336270.976
"4425",-337760.325
"4426",-337515.188
"4427",-335134.952
"4428",-334918.734
"4429",-336480.876
"4430",-337199.417
"4431",-335905.455
"4432",-336873.531
"4433",-337504.744
"4434",-336192.258
"4435",-337880.797
"4436",-338580.29
"4437",-339471.213
"4438",-336577.786
"4439",-337467.922
"4440",-335779.935
"4441",-336169.763
"4442",-337661.777
"4443",-335032.722
"4444",-337274.392
"4445",-338096.323
"4446",-337462.13
"4447",-335443.254
"4448",-336910.465
"4449",-336828.213
"4450",-336384.578
"4451",-337327.391
"4452",-337199.134
"4453",-335854.852
"4454",-335240.928
"4455",-338046.946
"4456",-335580.461
"4457",-334690.77
"4458",-337622.403
"4459",-336486.07
"4460",-337991.583
"4461",-336667.148
"4462",-335608.541
"4463",-336334.303
"4464",-336324.496
"4465",-335887.54
"4466",-334670.413
"4467",-335598.39
"4468",-337939.711
"4469",-335018.581
"4470",-337812.457
"4471",-336426.454
"4472",-340219.389
"4473",-335438.103
"4474",-337209.459
"4475",-336686.742
"4476",-338795.718
"4477",-336638.501
"4478",-336701.781
"4479",-336738.622
"4480",-337472.746
"4481",-336501.756
"4482",-337119.727
"4483",-335460.369
"4484",-337893.59
"4485",-336937.062
"4486",-335984.4
"4487",-334829.782
"4488",-335219.545
"4489",-337079.697
"4490",-337804.915
"4491",-337267.767
"4492",-336415.068
"4493",-337974.351
"4494",-337918.978
"4495",-335695.147
"4496",-336326.472
"4497",-336910.75
"4498",-335699.694
"4499",-337190.246
"4500",-335414.148
"4501",-336885.757
"4502",-338600.342
"4503",-338690.896
"4504",-336540.204
"4505",-339451.579
"4506",-338683.205
"4507",-335972.627
"4508",-334768.579
"4509",-335826.816
"4510",-336844.636
"4511",-337673.801
"4512",-336806.659
"4513",-338350.206
"4514",-336040.798
"4515",-337279.486
"4516",-336020.527
"4517",-338238.607
"4518",-337768.801
"4519",-336583.997
"4520",-334565.42
"4521",-334920.361
"4522",-334193.774
"4523",-336324.353
"4524",-337856.672
"4525",-337059.336
"4526",-337344.13
"4527",-338604.219
"4528",-338438.175
"4529",-337115.148
"4530",-337524.077
"4531",-337714.693
"4532",-338351.662
"4533",-336002.287
"4534",-336484.256
"4535",-336102.868
"4536",-336080.598
"4537",-337585.974
"4538",-336972.099
"4539",-334342.205
"4540",-335360.42
"4541",-336551.264
"4542",-334564.95
"4543",-335930.398
"4544",-336282.967
"4545",-334583.646
"4546",-335417.581
"4547",-337657.854
"4548",-337193.131
"4549",-338192.923
"4550",-336759.106
"4551",-334857.691
"4552",-335973.34
"4553",-337390.461
"4554",-338558.446
"4555",-336541.923
"4556",-338712.452
"4557",-336163.634
"4558",-337382.65
"4559",-335321.41
"4560",-337442.934
"4561",-337361.694
"4562",-335267.745
"4563",-338636.569
"4564",-336038.09
"4565",-334581.926
"4566",-338980.288
"4567",-337020.27
"4568",-335744.376
"4569",-336117.012
"4570",-336087.475
"4571",-335894.608
"4572",-335194.015
"4573",-335999.824
"4574",-337286.662
"4575",-336939.923
"4576",-336825.566
"4577",-337552.603
"4578",-334108.196
"4579",-335747.579
"4580",-336805.483
"4581",-336773.461
"4582",-336849.267
"4583",-336675.29
"4584",-335698.892
"4585",-337140.638
"4586",-335444.935
"4587",-336771.368
"4588",-335663.72
"4589",-337880.092
"4590",-335865.21
"4591",-336995.531
"4592",-336226.322
"4593",-337042.903
"4594",-335310.254
"4595",-337286.129
"4596",-337478.481
"4597",-335585.384
"4598",-336920.122
"4599",-335830.283
"4600",-336560.552
"4601",-335430.724
"4602",-336251.445
"4603",-337208.483
"4604",-337295.015
"4605",-337694.094
"4606",-335420.6
"4607",-334459.395
"4608",-335659.326
"4609",-335272.437
"4610",-335970.884
"4611",-335602.879
"4612",-337022.401
"4613",-336061.058
"4614",-337235.248
"4615",-334812.925
"4616",-334283.669
"4617",-337800.493
"4618",-337966.252
"4619",-334876.607
"4620",-335227.966
"4621",-336952.995
"4622",-336092.04
"4623",-339392.752
"4624",-334468.223
"4625",-335860.942
"4626",-337199.502
"4627",-334648.15
"4628",-333999.15
"4629",-338185.452
"4630",-335491.776
"4631",-336163.399
"4632",-336275.481
"4633",-335881.452
"4634",-336711.705
"4635",-336443.21
"4636",-337239.1
"4637",-338657.734
"4638",-336997.673
"4639",-336742.799
"4640",-334366.418
"4641",-336064.918
"4642",-335505.78
"4643",-337556.085
"4644",-337885.957
"4645",-335384.251
"4646",-337896.039
"4647",-335240.853
"4648",-337195.723
"4649",-336954.091
"4650",-334530.262
"4651",-335009.837
"4652",-334590.046
"4653",-337144.315
"4654",-336023.264
"4655",-335724.865
"4656",-339343.196
"4657",-337811.997
"4658",-336176.882
"4659",-337730.55
"4660",-337604.573
"4661",-338934.384
"4662",-335915.6
"4663",-336701.076
"4664",-336489.489
"4665",-338212.646
"4666",-336298.994
"4667",-334616.287
"4668",-336095.176
"4669",-336301.123
"4670",-338569.925
"4671",-338577.888
"4672",-335603.44
"4673",-336962.877
"4674",-336968.138
"4675",-335217.551
"4676",-336451.255
"4677",-336100.418
"4678",-339233.825
"4679",-336673.477
"4680",-334570.977
"4681",-336667.359
"4682",-337080.967
"4683",-336673.562
"4684",-337447.821
"4685",-336921.648
"4686",-335787.402
"4687",-336930.497
"4688",-336703.564
"4689",-337835.295
"4690",-336573.541
"4691",-336752.396
"4692",-336455.455
"4693",-336455.427
"4694",-335631.456
"4695",-337049.314
"4696",-335218.514
"4697",-337534.057
"4698",-336672.945
"4699",-338312.693
"4700",-334873.764
"4701",-335503.055
"4702",-337865.156
"4703",-335031.66
"4704",-338601.99
"4705",-337930.79
"4706",-338389.546
"4707",-336914.448
"4708",-336387.33
"4709",-337482.016
"4710",-336275.674
"4711",-336021.691
"4712",-335575.97
"4713",-335914.651
"4714",-336979.928
"4715",-337599.651
"4716",-337806.107
"4717",-337413.981
"4718",-336277.823
"4719",-335374.553
"4720",-336984.935
"4721",-337373.845
"4722",-338134.6
"4723",-334682.723
"4724",-334558.234
"4725",-335908.919
"4726",-335900.266
"4727",-336500.771
"4728",-336307.639
"4729",-334812.607
"4730",-335912.958
"4731",-334511.637
"4732",-335768.775
"4733",-338333.808
"4734",-337781.178
"4735",-335451.381
"4736",-335085.478
"4737",-335801.836
"4738",-336788.738
"4739",-335447.908
"4740",-337074.762
"4741",-334634.36
"4742",-338786.846
"4743",-336639.012
"4744",-337356.49
"4745",-336177.003
"4746",-337044.112
"4747",-338841.503
"4748",-335400.439
"4749",-336099.111
"4750",-334772.731
"4751",-339306.285
"4752",-337008.062
"4753",-335669.684
"4754",-336871.262
"4755",-334022.432
"4756",-337352.004
"4757",-337160.456
"4758",-336688.285
"4759",-336996.492
"4760",-335656.417
"4761",-337270.9
"4762",-338907.75
"4763",-337984.559
"4764",-335295.294
"4765",-335986.461
"4766",-337262.969
"4767",-339819.356
"4768",-337277.995
"4769",-337326.509
"4770",-338680.402
"4771",-337150.854
"4772",-336094.688
"4773",-338685.97
"4774",-336685.025
"4775",-336868.932
"4776",-338965.916
"4777",-336330.028
"4778",-335851.961
"4779",-335880.595
"4780",-336087.055
"4781",-336538.705
"4782",-336297.157
"4783",-335660.575
"4784",-338529.969
"4785",-335486.866
"4786",-337051.391
"4787",-335903.004
"4788",-335124.497
"4789",-337530.142
"4790",-335747.059
"4791",-335988.545
"4792",-339012.461
"4793",-337796.319
"4794",-336552.743
"4795",-334867.176
"4796",-336407.863
"4797",-334356.196
"4798",-337764.765
"4799",-337667.602
"4800",-335521.911
"4801",-336657.519
"4802",-335417.096
"4803",-335398.256
"4804",-337848.761
"4805",-335518.902
"4806",-335190.092
"4807",-335678.466
"4808",-336743.181
"4809",-337278.186
"4810",-334431.708
"4811",-336640.542
"4812",-337121.598
"4813",-335901.157
"4814",-336868.712
"4815",-337739.463
"4816",-335251.992
"4817",-334517.296
"4818",-338716.351
"4819",-336015.012
"4820",-337706.294
"4821",-333924.333
"4822",-336380.394
"4823",-335785.146
"4824",-336320.59
"4825",-336510.489
"4826",-336642.747
"4827",-337267.765
"4828",-335562.879
"4829",-336260.87
"4830",-335605.112
"4831",-335579.195
"4832",-336133.161
"4833",-335650.535
"4834",-337424.267
"4835",-337162.677
"4836",-338756.743
"4837",-337024.935
"4838",-334392.225
"4839",-337432.934
"4840",-337576.286
"4841",-339338.074
"4842",-337848.176
"4843",-335895.303
"4844",-336415.358
"4845",-336360.384
"4846",-336322.99
"4847",-336217.971
"4848",-335995.982
"4849",-336921.055
"4850",-337593.598
"4851",-338592.424
"4852",-336675.197
"4853",-336391.831
"4854",-336507.279
"4855",-333861.855
"4856",-336185.395
"4857",-335169.773
"4858",-335564.245
"4859",-337003.062
"4860",-333831.206
"4861",-334685.956
"4862",-337130.871
"4863",-337779.861
"4864",-337059.395
"4865",-338136.271
"4866",-336517.823
"4867",-336768.963
"4868",-336988.127
"4869",-337389.454
"4870",-335976.547
"4871",-336159.823
"4872",-337556.181
"4873",-338973.315
"4874",-337261.392
"4875",-337645.351
"4876",-335870.897
"4877",-336074.2
"4878",-338355.462
"4879",-337806.017
"4880",-336201.14
"4881",-336666.643
"4882",-334212.561
"4883",-337401.507
"4884",-334816.571
"4885",-336821.911
"4886",-337842.935
"4887",-336152.92
"4888",-337456.962
"4889",-335659.071
"4890",-337321.004
"4891",-335295.708
"4892",-338405.901
"4893",-337253.243
"4894",-336682.199
"4895",-335930.259
"4896",-336881.641
"4897",-335180.08
"4898",-337600.074
"4899",-335755.848
"4900",-335147.982
"4901",-335834.466
"4902",-336165.997
"4903",-337736.874
"4904",-334967.28
"4905",-335117.961
"4906",-335976.518
"4907",-337347.7
"4908",-338826.282
"4909",-336832.302
"4910",-337119.791
"4911",-337882.706
"4912",-335431.462
"4913",-336559.204
"4914",-335693.699
"4915",-337566.611
"4916",-336400.794
"4917",-337005.551
"4918",-336275.712
"4919",-335826.788
"4920",-333961.978
"4921",-336685.982
"4922",-334509.764
"4923",-336999.029
"4924",-336863.621
"4925",-337732.288
"4926",-337772.442
"4927",-338765.257
"4928",-337857.028
"4929",-338969.568
"4930",-337602.29
"4931",-337958.751
"4932",-338161.887
"4933",-336350.233
"4934",-336949.789
"4935",-336624.801
"4936",-337807.813
"4937",-336047.827
"4938",-336193.937
"4939",-334856.13
"4940",-337290.3
"4941",-338270.346
"4942",-337408.207
"4943",-335904.426
"4944",-337788.497
"4945",-338614.849
"4946",-335591.857
"4947",-337976.592
"4948",-336119.175
"4949",-336182.805
"4950",-335190.423
"4951",-337337.782
"4952",-336950.213
"4953",-335241.271
"4954",-335419.02
"4955",-337639.503
"4956",-337415.091
"4957",-336651.179
"4958",-337653.146
"4959",-337506.977
"4960",-334093.965
"4961",-333780.842
"4962",-336138.527
"4963",-336685.549
"4964",-335244.187
"4965",-336750.542
"4966",-335187.731
"4967",-336882.094
"4968",-335936.138
"4969",-336487.372
"4970",-334084.576
"4971",-337059.059
"4972",-336148.793
"4973",-336476.287
"4974",-337680.679
"4975",-337049.489
"4976",-336839.329
"4977",-336882.295
"4978",-336787.876
"4979",-336305.597
"4980",-335980.401
"4981",-337020.198
"4982",-336717.42
"4983",-338158.979
"4984",-339107
"4985",-336850.695
"4986",-335916.831
"4987",-336217.884
"4988",-337920.668
"4989",-335622.505
"4990",-338029.851
"4991",-335899.541
"4992",-336432.833
"4993",-337518.514
"4994",-336088.162
"4995",-337080.36
"4996",-336458.033
"4997",-334287.471
"4998",-338046.091
"4999",-337653.899
"5000",-339092.459
"5001",-336733.957
"5002",-336520.506
"5003",-336411.976
"5004",-336623.723
"5005",-337353.036
"5006",-337013.895
"5007",-332322.334
"5008",-334592.44
"5009",-335944.557
"5010",-338308.593
"5011",-335374.69
"5012",-336174.258
"5013",-337411.712
"5014",-336408.483
"5015",-337164.673
"5016",-336203.755
"5017",-337748.535
"5018",-338076.679
"5019",-335174.609
"5020",-334999.41
"5021",-336357.794
"5022",-338874.176
"5023",-337836.067
"5024",-335692.913
"5025",-337460.852
"5026",-333587.413
"5027",-336219.314
"5028",-337664.7
"5029",-335751.45
"5030",-337901.165
"5031",-336182.365
"5032",-338243.369
"5033",-337254.373
"5034",-335426.242
"5035",-340015.09
"5036",-336798.18
"5037",-336061.547
"5038",-338188.187
"5039",-338544.804
"5040",-337774.319
"5041",-334088.787
"5042",-337340.732
"5043",-337156.976
"5044",-338638.461
"5045",-334827.154
"5046",-337544.841
"5047",-335712.291
"5048",-336867.323
"5049",-338132.364
"5050",-337396.641
"5051",-336984.445
"5052",-334925.997
"5053",-334726.671
"5054",-335948.125
"5055",-334905.308
"5056",-336716.241
"5057",-336024.153
"5058",-335692.417
"5059",-333871.717
"5060",-336757.807
"5061",-335948.877
"5062",-334317.912
"5063",-336923.341
"5064",-339489.057
"5065",-337616.495
"5066",-335210.074
"5067",-337907.852
"5068",-337013.106
"5069",-336518.521
"5070",-335727.428
"5071",-336930.695
"5072",-335641.777
"5073",-339240.088
"5074",-335740.353
"5075",-336235.009
"5076",-336352.644
"5077",-337362.939
"5078",-334945.108
"5079",-339147.214
"5080",-337503.468
"5081",-337264.502
"5082",-337232.866
"5083",-337002.941
"5084",-335830.807
"5085",-336115.42
"5086",-334528.985
"5087",-337401.705
"5088",-337315.53
"5089",-335332.094
"5090",-335702.638
"5091",-337851.908
"5092",-337309.915
"5093",-336411.46
"5094",-335882.236
"5095",-334452.149
"5096",-338229.454
"5097",-336250.302
"5098",-337254.706
"5099",-336724.126
"5100",-337210.577
"5101",-337719.864
"5102",-336262.953
"5103",-337360.011
"5104",-337821.965
"5105",-335886.43
"5106",-334501.449
"5107",-335520.156
"5108",-338505.434
"5109",-337383.549
"5110",-337743.228
"5111",-337587.169
"5112",-336063.877
"5113",-337016.589
"5114",-336087.826
"5115",-336579.959
"5116",-336225.182
"5117",-336137.602
"5118",-337031.389
"5119",-337573.629
"5120",-337265.948
"5121",-334885.363
"5122",-335980.606
"5123",-336554.613
"5124",-334033.531
"5125",-337356.11
"5126",-335877.723
"5127",-336831.271
"5128",-334031.769
"5129",-335603.551
"5130",-335614.412
"5131",-336872.789
"5132",-336557.791
"5133",-338753.783
"5134",-335126.876
"5135",-336377.399
"5136",-337215.433
"5137",-337305.029
"5138",-335610.108
"5139",-337211.301
"5140",-340125.876
"5141",-334664.266
"5142",-339599.068
"5143",-338111.54
"5144",-335669.546
"5145",-336019.807
"5146",-337873.023
"5147",-334970.627
"5148",-337111.708
"5149",-338396.053
"5150",-336847.47
"5151",-338301.475
"5152",-336632.968
"5153",-336199.71
"5154",-336341.733
"5155",-336747.04
"5156",-335664.522
"5157",-336818.854
"5158",-334969.897
"5159",-336205.434
"5160",-337636.038
"5161",-337417.595
"5162",-338017.806
"5163",-337874.847
"5164",-337191.95
"5165",-337753.062
"5166",-336406.252
"5167",-336621.615
"5168",-334796.217
"5169",-337168.678
"5170",-336467.203
"5171",-338210.338
"5172",-337474.991
"5173",-335566.397
"5174",-337210.514
"5175",-339499.177
"5176",-334915.241
"5177",-339177.874
"5178",-336692.035
"5179",-337020.635
"5180",-339623.003
"5181",-335548.376
"5182",-336949.204
"5183",-336976.217
"5184",-336202.662
"5185",-334684.825
"5186",-333650.373
"5187",-335757.239
"5188",-337530.453
"5189",-334791.302
"5190",-338580.672
"5191",-338290.781
"5192",-334676.709
"5193",-334389.947
"5194",-337293.89
"5195",-335932.935
"5196",-336236.038
"5197",-337025.916
"5198",-337785.969
"5199",-336525.12
"5200",-336448.509
"5201",-336553.854
"5202",-335010.03
"5203",-336137.058
"5204",-337219.878
"5205",-336233.621
"5206",-336361.247
"5207",-336765.931
"5208",-335424.243
"5209",-336378.528
"5210",-337404.305
"5211",-336022.395
"5212",-336054.785
"5213",-338383.946
"5214",-337538.818
"5215",-334806.434
"5216",-339776.097
"5217",-335683.625
"5218",-335844.489
"5219",-335488.213
"5220",-336263.954
"5221",-338493.332
"5222",-335991.495
"5223",-339717.273
"5224",-336111.663
"5225",-336813.267
"5226",-339270.029
"5227",-336158.08
"5228",-337687.782
"5229",-336084.549
"5230",-334647.961
"5231",-334989.528
"5232",-337239.863
"5233",-336451.184
"5234",-337791.331
"5235",-335826.158
"5236",-338678.098
"5237",-336678.535
"5238",-337383.48
"5239",-338754.743
"5240",-335022.166
"5241",-338336.305
"5242",-335600.371
"5243",-337391.926
"5244",-337359.385
"5245",-335988.563
"5246",-336308.27
"5247",-335800.621
"5248",-336738.291
"5249",-335838.674
"5250",-334525.532
"5251",-336664.281
"5252",-336562.88
"5253",-334806.13
"5254",-337028.853
"5255",-337779.736
"5256",-338012.555
"5257",-336966.762
"5258",-337907.776
"5259",-335809.024
"5260",-335990.717
"5261",-336022.709
"5262",-337355.817
"5263",-335222.113
"5264",-334725.013
"5265",-335899.698
"5266",-334908.43
"5267",-335224.528
"5268",-337102.008
"5269",-338882.804
"5270",-336956.146
"5271",-335522.099
"5272",-334029.019
"5273",-335261.976
"5274",-337439.754
"5275",-337140.782
"5276",-337899.798
"5277",-335628.141
"5278",-335512.915
"5279",-336519.834
"5280",-336385.042
"5281",-338382.444
"5282",-337880.489
"5283",-335228.327
"5284",-336452.348
"5285",-338240.732
"5286",-334879.459
"5287",-336976.852
"5288",-338887.725
"5289",-338519.374
"5290",-339196.723
"5291",-337227.376
"5292",-337728.501
"5293",-335755.811
"5294",-334864.921
"5295",-336172.566
"5296",-336495.841
"5297",-336481.863
"5298",-336125.213
"5299",-336632.359
"5300",-336560.838
"5301",-336625.224
"5302",-337022.691
"5303",-336655.751
"5304",-336263.802
"5305",-338587.242
"5306",-337873.846
"5307",-334056.871
"5308",-336191.649
"5309",-335705.607
"5310",-336449.167
"5311",-335678.488
"5312",-338277.938
"5313",-338265.29
"5314",-335007.115
"5315",-338199.631
"5316",-337248.293
"5317",-336658.181
"5318",-336083.581
"5319",-334924.684
"5320",-338380.798
"5321",-336684.749
"5322",-337122.305
"5323",-336493.795
"5324",-337871.183
"5325",-336283.418
"5326",-336841.833
"5327",-335822.147
"5328",-337737.732
"5329",-336227.325
"5330",-338442.494
"5331",-337042.472
"5332",-336635.996
"5333",-338061.397
"5334",-336386.19
"5335",-337079.247
"5336",-336477.209
"5337",-337029.451
"5338",-338266.659
"5339",-335460.845
"5340",-336865.724
"5341",-337064.307
"5342",-337722.567
"5343",-336167.733
"5344",-337641.394
"5345",-338859.654
"5346",-335483.83
"5347",-335866.48
"5348",-335809.14
"5349",-336647.206
"5350",-335065.563
"5351",-337011.744
"5352",-336563.053
"5353",-335896.697
"5354",-336186.489
"5355",-336800.884
"5356",-336924.803
"5357",-337704.042
"5358",-337374.672
"5359",-336885.34
"5360",-336213.878
"5361",-335527.989
"5362",-339002.575
"5363",-337422.987
"5364",-334872.014
"5365",-336369.707
"5366",-334920.966
"5367",-335953.091
"5368",-335514.171
"5369",-336143.125
"5370",-336731.379
"5371",-337130.804
"5372",-336601.843
"5373",-335319.707
"5374",-336146.569
"5375",-336154.027
"5376",-333510.926
"5377",-335636.236
"5378",-337375.941
"5379",-337575.771
"5380",-335558.661
"5381",-335732.907
"5382",-337296.23
"5383",-337947.51
"5384",-336403.575
"5385",-336159.973
"5386",-336944.403
"5387",-335468.988
"5388",-336858.396
"5389",-335567.159
"5390",-337443.365
"5391",-338096.074
"5392",-338990.278
"5393",-336794.694
"5394",-337359.134
"5395",-337182.982
"5396",-337939.68
"5397",-337556.544
"5398",-335520.841
"5399",-336383.925
"5400",-337804.861
"5401",-338424.698
"5402",-335337.952
"5403",-336508.791
"5404",-335792.679
"5405",-334864.735
"5406",-335143.142
"5407",-336600.59
"5408",-335682.69
"5409",-335125.018
"5410",-337251.526
"5411",-335742.107
"5412",-337347.27
"5413",-336984.376
"5414",-336134.176
"5415",-336073.909
"5416",-336409.396
"5417",-336534.039
"5418",-335309.724
"5419",-336576.715
"5420",-336594.853
"5421",-336953.442
"5422",-333998.778
"5423",-336054.604
"5424",-337885.936
"5425",-335746.116
"5426",-337538.272
"5427",-336838.12
"5428",-337413.219
"5429",-335437.298
"5430",-338598.218
"5431",-334612.972
"5432",-336073.282
"5433",-335840.249
"5434",-335899.344
"5435",-338263.214
"5436",-336696.05
"5437",-334616.218
"5438",-335483.888
"5439",-336350.01
"5440",-338626.01
"5441",-336745.845
"5442",-337840.651
"5443",-337266.515
"5444",-335291.269
"5445",-336603.661
"5446",-338234.03
"5447",-338368.047
"5448",-335499.505
"5449",-338198.872
"5450",-336157.441
"5451",-336208.232
"5452",-335226.683
"5453",-335757.589
"5454",-336780.336
"5455",-337229.744
"5456",-338416.896
"5457",-337395.589
"5458",-334531.544
"5459",-338927.077
"5460",-336927.988
"5461",-334870.664
"5462",-336406.007
"5463",-337798.482
"5464",-335864.722
"5465",-336274.173
"5466",-335196.431
"5467",-337285.372
"5468",-335576.655
"5469",-337945.576
"5470",-336433.438
"5471",-336694.275
"5472",-337634.179
"5473",-334785.862
"5474",-335364.035
"5475",-335745.605
"5476",-335852.008
"5477",-338922.254
"5478",-338275.195
"5479",-336819.074
"5480",-337429.297
"5481",-337817.142
"5482",-337396.998
"5483",-336201.79
"5484",-336106.95
"5485",-338738.921
"5486",-338973.551
"5487",-336210.022
"5488",-337434.68
"5489",-336454.912
"5490",-335403.283
"5491",-336935.617
"5492",-335241.066
"5493",-336339.565
"5494",-333652.868
"5495",-336855.791
"5496",-336303.717
"5497",-337131.226
"5498",-336515.237
"5499",-338059.581
"5500",-336758.504
"5501",-336534.399
"5502",-336528.327
"5503",-336617.402
"5504",-336634.919
"5505",-337818.273
"5506",-335888.558
"5507",-334904.995
"5508",-335203.614
"5509",-337643.614
"5510",-336236.726
"5511",-336680.04
"5512",-337216.482
"5513",-336801.778
"5514",-335218.166
"5515",-336558.839
"5516",-334784.274
"5517",-337235.995
"5518",-335643.316
"5519",-335506.436
"5520",-337266.897
"5521",-335592.825
"5522",-336720.47
"5523",-336524.239
"5524",-335270.821
"5525",-337238.124
"5526",-336075.199
"5527",-335804.14
"5528",-334152.114
"5529",-336355.282
"5530",-337869.647
"5531",-338232.062
"5532",-336307.474
"5533",-335698.888
"5534",-335090.064
"5535",-335393.436
"5536",-335765.927
"5537",-336633.96
"5538",-339499.731
"5539",-337355.376
"5540",-337232.453
"5541",-335886.666
"5542",-335835.889
"5543",-338362.729
"5544",-335920.632
"5545",-336840.552
"5546",-336965.58
"5547",-339422.582
"5548",-337383.299
"5549",-339153.521
"5550",-336655.251
"5551",-337169.825
"5552",-337584.042
"5553",-335712.336
"5554",-336707.776
"5555",-337571.154
"5556",-337836.77
"5557",-337693.244
"5558",-335654.805
"5559",-335633.948
"5560",-337269.692
"5561",-334361.536
"5562",-335224.942
"5563",-337681.611
"5564",-335937.143
"5565",-338132.015
"5566",-335643.566
"5567",-335832.844
"5568",-336531.128
"5569",-336363.694
"5570",-336395.46
"5571",-337540.159
"5572",-336257.511
"5573",-332940.575
"5574",-336773.912
"5575",-335687.674
"5576",-336488.329
"5577",-335880.668
"5578",-337591.519
"5579",-337585.429
"5580",-337559.27
"5581",-335754.236
"5582",-337610.609
"5583",-335207.991
"5584",-337227.538
"5585",-336265.732
"5586",-334818.44
"5587",-337719.152
"5588",-337326.173
"5589",-338363.518
"5590",-336257.362
"5591",-336684.398
"5592",-337087.737
"5593",-338330.85
"5594",-336788.712
"5595",-335805.052
"5596",-337879.079
"5597",-335896.623
"5598",-336217.728
"5599",-337285.785
"5600",-337028.892
"5601",-337934.399
"5602",-338338.965
"5603",-337994.956
"5604",-336145.395
"5605",-336858.122
"5606",-335980.892
"5607",-334710.878
"5608",-335769.849
"5609",-337062.314
"5610",-336984.173
"5611",-338472.212
"5612",-336407.606
"5613",-336610.601
"5614",-336313.959
"5615",-336259.027
"5616",-337189.649
"5617",-337587.18
"5618",-335596.824
"5619",-337892.908
"5620",-336370.179
"5621",-338194.351
"5622",-336602.883
"5623",-335222.055
"5624",-335284.954
"5625",-335727.79
"5626",-336461.039
"5627",-336247.595
"5628",-336527.047
"5629",-338350.767
"5630",-335814.642
"5631",-336703.742
"5632",-336556.165
"5633",-337779.824
"5634",-336664.669
"5635",-335558.608
"5636",-338142.916
"5637",-335513.374
"5638",-335895.145
"5639",-337924.888
"5640",-336343.767
"5641",-337918.324
"5642",-336155.339
"5643",-336170.867
"5644",-336153.766
"5645",-338022.253
"5646",-336301.54
"5647",-335694.423
"5648",-336053.332
"5649",-335786.122
"5650",-335580.889
"5651",-338079.424
"5652",-338129.021
"5653",-337819.209
"5654",-337629.357
"5655",-336593.965
"5656",-335535.697
"5657",-335579.426
"5658",-336318.829
"5659",-337826.597
"5660",-337511.086
"5661",-337579.685
"5662",-338448.321
"5663",-336749.178
"5664",-336820.184
"5665",-337683.151
"5666",-336127.706
"5667",-333935.971
"5668",-334473.751
"5669",-338071.158
"5670",-335662.356
"5671",-336322.804
"5672",-337200.295
"5673",-335998.065
"5674",-336860.657
"5675",-335812.947
"5676",-336465.32
"5677",-336923.119
"5678",-338329.346
"5679",-337597.568
"5680",-335405.578
"5681",-335231.108
"5682",-336541.29
"5683",-336448.113
"5684",-336990.257
"5685",-335906.893
"5686",-337243.753
"5687",-336410.253
"5688",-335553.598
"5689",-336643.092
"5690",-336483.695
"5691",-335440.195
"5692",-336476.312
"5693",-337952.18
"5694",-336261.255
"5695",-334195.648
"5696",-337399.03
"5697",-337952.302
"5698",-337140.17
"5699",-333428.96
"5700",-336889.709
"5701",-336844.245
"5702",-336676.592
"5703",-336878.51
"5704",-336541.491
"5705",-337111.986
"5706",-335905.143
"5707",-337397.098
"5708",-335458.145
"5709",-335618.674
"5710",-337796.035
"5711",-337522.804
"5712",-335924.238
"5713",-335967.334
"5714",-335645.979
"5715",-337129.944
"5716",-334646.457
"5717",-338893.25
"5718",-336347.572
"5719",-336694.547
"5720",-336246.169
"5721",-336233.568
"5722",-336322.543
"5723",-334929.913
"5724",-336193.56
"5725",-336489.182
"5726",-336495.185
"5727",-336827.682
"5728",-336528.966
"5729",-336873.695
"5730",-338573.558
"5731",-336295.711
"5732",-337642.632
"5733",-335620.52
"5734",-336826.708
"5735",-336127.997
"5736",-335056.65
"5737",-336292.091
"5738",-336208.62
"5739",-335408.769
"5740",-336755.497
"5741",-337356.368
"5742",-336376.521
"5743",-335388.842
"5744",-336460.634
"5745",-338124.483
"5746",-338320.369
"5747",-335004.301
"5748",-336049.006
"5749",-336868.58
"5750",-337133.058
"5751",-337372.944
"5752",-338677.593
"5753",-338367.274
"5754",-335469.297
"5755",-336901.904
"5756",-334743.786
"5757",-336798.637
"5758",-336647.098
"5759",-335630.29
"5760",-335971.778
"5761",-338144.299
"5762",-335644.799
"5763",-337607.114
"5764",-339397.793
"5765",-336067.674
"5766",-335855.277
"5767",-336230.601
"5768",-336080.399
"5769",-335206.954
"5770",-335278.399
"5771",-336127.022
"5772",-340503.078
"5773",-338403.315
"5774",-337640.028
"5775",-337291.271
"5776",-336718.117
"5777",-337189.638
"5778",-337134.224
"5779",-337547.592
"5780",-335762.089
"5781",-337642.704
"5782",-337962.896
"5783",-337333.055
"5784",-337615.061
"5785",-337455.069
"5786",-337251.365
"5787",-337560.616
"5788",-334930.802
"5789",-338524.601
"5790",-337358.087
"5791",-336852.891
"5792",-333111.024
"5793",-336986.044
"5794",-337341.584
"5795",-336247.925
"5796",-338276.921
"5797",-333998.439
"5798",-337466.763
"5799",-337273.62
"5800",-337950.866
"5801",-337614.367
"5802",-336385.035
"5803",-333379.796
"5804",-336570.232
"5805",-335296.174
"5806",-338752.499
"5807",-335517.813
"5808",-336622.857
"5809",-335577.458
"5810",-338408.924
"5811",-335192.719
"5812",-336969.856
"5813",-335901.791
"5814",-335656.672
"5815",-339182.135
"5816",-334485.118
"5817",-333657.398
"5818",-337246.253
"5819",-338557.503
"5820",-334546.476
"5821",-335623.591
"5822",-337251.249
"5823",-336878.668
"5824",-338289.182
"5825",-336548.088
"5826",-334260.177
"5827",-337976.331
"5828",-338532.594
"5829",-336679.819
"5830",-336326.748
"5831",-336006.695
"5832",-337553.452
"5833",-337798.942
"5834",-335166.438
"5835",-336538.199
"5836",-335962.859
"5837",-337063.75
"5838",-335794.169
"5839",-335723.568
"5840",-335861.943
"5841",-335255.7
"5842",-338064.038
"5843",-337846.316
"5844",-338641.705
"5845",-339427.78
"5846",-334585.477
"5847",-337265.339
"5848",-336165.083
"5849",-335167.755
"5850",-335505.017
"5851",-336556.361
"5852",-336045.235
"5853",-336158.111
"5854",-338519.988
"5855",-335824.419
"5856",-336410.054
"5857",-335014.919
"5858",-335247.741
"5859",-337743.164
"5860",-337452.654
"5861",-336599.587
"5862",-337742.638
"5863",-337450.951
"5864",-339305.14
"5865",-334233.98
"5866",-333535.161
"5867",-337104.703
"5868",-337519.685
"5869",-338146.848
"5870",-338009.668
"5871",-336952.568
"5872",-335555.176
"5873",-337572.804
"5874",-334571.705
"5875",-336766.256
"5876",-335812.886
"5877",-338153.258
"5878",-336063.284
"5879",-335974.393
"5880",-336188.519
"5881",-338981.868
"5882",-337207.5
"5883",-338233.093
"5884",-337209.365
"5885",-335900.809
"5886",-338177.146
"5887",-335347.281
"5888",-335695.361
"5889",-334724.06
"5890",-337898.199
"5891",-335349.944
"5892",-334629.047
"5893",-335828.051
"5894",-337678.983
"5895",-337189.705
"5896",-337387.261
"5897",-334928.031
"5898",-335876.113
"5899",-335413.172
"5900",-337661.916
"5901",-337041.781
"5902",-337807.074
"5903",-336302.882
"5904",-335572.903
"5905",-336382.948
"5906",-337332.116
"5907",-336942.036
"5908",-337832.413
"5909",-336575.118
"5910",-335719.765
"5911",-336293.303
"5912",-338097.646
"5913",-334244.907
"5914",-337667.097
"5915",-335854.848
"5916",-336587.38
"5917",-337445.319
"5918",-335365.251
"5919",-338421.307
"5920",-336961.981
"5921",-335671.672
"5922",-337299.593
"5923",-337681.446
"5924",-338017.811
"5925",-332763.754
"5926",-336338.484
"5927",-337805.173
"5928",-338144.94
"5929",-337147.538
"5930",-338407.044
"5931",-337801.797
"5932",-337021.143
"5933",-338013.59
"5934",-337339.953
"5935",-337981.404
"5936",-338715.472
"5937",-335730.846
"5938",-334960.626
"5939",-337162.515
"5940",-337311.946
"5941",-338167.106
"5942",-335613.893
"5943",-336219.961
"5944",-335475.3
"5945",-338049.954
"5946",-337134.664
"5947",-338381.54
"5948",-336272.116
"5949",-335807.782
"5950",-336138.811
"5951",-337312.467
"5952",-337095.005
"5953",-335291.636
"5954",-335420.095
"5955",-334847.765
"5956",-335527.708
"5957",-336720.104
"5958",-334701.823
"5959",-335825.359
"5960",-337740.831
"5961",-337418.476
"5962",-336409.385
"5963",-337236.915
"5964",-335526.479
"5965",-336443.456
"5966",-339584.097
"5967",-338104.449
"5968",-336460.51
"5969",-337467.527
"5970",-333539.211
"5971",-334690.123
"5972",-335732.101
"5973",-336119.799
"5974",-334101.888
"5975",-335814.335
"5976",-336266.893
"5977",-334716.51
"5978",-336337.915
"5979",-335077.338
"5980",-335077.844
"5981",-337308.749
"5982",-334722.624
"5983",-335364.868
"5984",-337845.644
"5985",-334789.507
"5986",-336724.916
"5987",-334392.077
"5988",-336007.231
"5989",-334418.542
"5990",-336277.279
"5991",-337734.349
"5992",-337176.726
"5993",-335842.036
"5994",-336307.27
"5995",-336867.876
"5996",-336009.725
"5997",-334811.273
"5998",-337910.849
"5999",-336219.208
"6000",-337878.986
"6001",-336220.857
"6002",-337715.801
"6003",-336094.077
"6004",-337250.591
"6005",-337609.918
"6006",-336859.415
"6007",-335445.423
"6008",-336033.705
"6009",-336402.154
"6010",-337488.525
"6011",-338389.165
"6012",-338837.364
"6013",-336515.122
"6014",-336442.846
"6015",-336189.5
"6016",-339766.426
"6017",-336208.305
"6018",-335473.623
"6019",-335785.643
"6020",-336534.755
"6021",-336777.096
"6022",-336275.396
"6023",-338931.321
"6024",-335858.614
"6025",-337316.173
"6026",-337350.967
"6027",-336524.211
"6028",-339001.394
"6029",-335215.538
"6030",-337730.753
"6031",-336105.82
"6032",-336314.728
"6033",-335848.133
"6034",-336153.729
"6035",-336014.978
"6036",-335337.152
"6037",-336821.156
"6038",-336245.235
"6039",-337982.551
"6040",-336234.266
"6041",-336045.955
"6042",-336269.955
"6043",-336235.761
"6044",-336649.631
"6045",-336566.689
"6046",-337787.136
"6047",-336906.123
"6048",-336180.074
"6049",-337359.009
"6050",-338334.187
"6051",-336563.683
"6052",-337097.164
"6053",-335066.322
"6054",-335776.065
"6055",-336436.136
"6056",-336340.319
"6057",-337165.207
"6058",-335114.653
"6059",-337722.427
"6060",-337480.561
"6061",-337734.081
"6062",-335868.608
"6063",-334876.921
"6064",-334878.367
"6065",-334319.945
"6066",-338309.27
"6067",-336398.412
"6068",-337797.57
"6069",-336765.76
"6070",-335281.983
"6071",-335671.639
"6072",-337666.762
"6073",-336523.202
"6074",-337706.15
"6075",-335352.912
"6076",-334699.453
"6077",-335171.798
"6078",-336991.205
"6079",-335301.313
"6080",-335915.161
"6081",-338488.853
"6082",-335509.009
"6083",-333968.258
"6084",-336695.072
"6085",-337605.548
"6086",-334767.432
"6087",-337233.429
"6088",-336808.62
"6089",-335764.004
"6090",-334798.404
"6091",-335284.151
"6092",-335663.188
"6093",-338146.383
"6094",-339415.667
"6095",-336820.427
"6096",-336778.459
"6097",-337179.703
"6098",-335520.056
"6099",-336494.148
"6100",-336825.062
"6101",-338530.444
"6102",-336695.982
"6103",-336850.164
"6104",-337349.03
"6105",-337168.189
"6106",-336985.394
"6107",-339161.509
"6108",-337185.095
"6109",-336983.984
"6110",-337279.506
"6111",-337709.517
"6112",-337081.058
"6113",-337318.012
"6114",-337863.533
"6115",-335959.633
"6116",-336190.965
"6117",-338206.777
"6118",-337776.165
"6119",-336812.19
"6120",-338576.088
"6121",-340738.757
"6122",-337712.52
"6123",-336706.395
"6124",-336218.92
"6125",-335940.395
"6126",-337303.685
"6127",-336500.659
"6128",-335495.992
"6129",-337767.736
"6130",-338026.276
"6131",-337916.879
"6132",-336576.584
"6133",-333484.457
"6134",-336469.956
"6135",-336075.434
"6136",-334021.342
"6137",-336420.776
"6138",-337717.954
"6139",-335115.222
"6140",-335193.942
"6141",-336331.505
"6142",-335996.404
"6143",-339341.187
"6144",-336224.266
"6145",-336772.655
"6146",-336550.14
"6147",-335719.888
"6148",-336890.011
"6149",-339835.119
"6150",-336869.108
"6151",-339156.483
"6152",-335629.265
"6153",-338314.081
"6154",-335439.544
"6155",-336338.58
"6156",-336467.394
"6157",-336867.065
"6158",-337642.48
"6159",-335001.075
"6160",-335173.61
"6161",-337045.102
"6162",-336494.525
"6163",-335110.658
"6164",-337939.295
"6165",-334918.877
"6166",-334641.057
"6167",-337696.63
"6168",-340435.303
"6169",-336669.298
"6170",-338589.128
"6171",-337819.213
"6172",-333788.731
"6173",-336061.942
"6174",-337328.774
"6175",-333885.64
"6176",-337015.245
"6177",-337933.929
"6178",-340495.197
"6179",-334681.311
"6180",-337728.731
"6181",-336613.636
"6182",-338231.282
"6183",-333246.628
"6184",-337253.387
"6185",-337707.24
"6186",-336378.46
"6187",-338001.71
"6188",-337975.767
"6189",-337729.633
"6190",-337157.891
"6191",-336065.886
"6192",-336434.71
"6193",-337229.214
"6194",-335290.749
"6195",-338321.679
"6196",-337707.366
"6197",-336279.454
"6198",-337664.044
"6199",-337373.216
"6200",-334330.162
"6201",-335269.233
"6202",-336751.003
"6203",-336848.071
"6204",-335211.701
"6205",-335854.404
"6206",-337682.325
"6207",-338426.263
"6208",-336038.782
"6209",-335512.469
"6210",-337821.542
"6211",-333276.136
"6212",-335641.563
"6213",-336920.848
"6214",-337836.255
"6215",-335914.367
"6216",-337381.937
"6217",-337084.697
"6218",-337212.834
"6219",-336275.972
"6220",-336711.8
"6221",-336350.676
"6222",-338023.523
"6223",-335781.843
"6224",-336663.576
"6225",-335869.924
"6226",-338027.053
"6227",-337365.577
"6228",-336060.651
"6229",-335700.99
"6230",-339452.501
"6231",-334033.781
"6232",-336005.028
"6233",-337868.599
"6234",-334884.487
"6235",-336826.976
"6236",-336212.248
"6237",-335961.106
"6238",-335831.015
"6239",-337610.299
"6240",-340534.364
"6241",-334854.031
"6242",-338220.462
"6243",-335877.276
"6244",-334519.568
"6245",-337347.668
"6246",-337889.292
"6247",-339443.549
"6248",-337372.456
"6249",-337333.718
"6250",-335028.423
"6251",-336328.564
"6252",-336916.272
"6253",-336346.317
"6254",-337272.341
"6255",-335188.854
"6256",-336411.394
"6257",-336876.902
"6258",-337327.404
"6259",-336338.183
"6260",-336757.145
"6261",-338222.007
"6262",-336381.205
"6263",-336631.669
"6264",-336062.275
"6265",-336074.906
"6266",-336318.188
"6267",-337138.277
"6268",-337897.424
"6269",-337526.489
"6270",-336377.847
"6271",-337218.856
"6272",-334641.091
"6273",-339369.822
"6274",-336590.415
"6275",-335616.53
"6276",-336329.454
"6277",-336802.5
"6278",-335183.465
"6279",-336108.963
"6280",-334659.494
"6281",-336661.85
"6282",-337578.469
"6283",-335754.535
"6284",-335556.855
"6285",-336681.104
"6286",-337769.472
"6287",-336291.722
"6288",-337330.891
"6289",-336548.87
"6290",-335356.866
"6291",-334443.614
"6292",-337558.07
"6293",-334736.204
"6294",-337373.487
"6295",-335005.805
"6296",-338638.251
"6297",-337218.509
"6298",-336623.735
"6299",-336512.453
"6300",-336870.383
"6301",-336714.48
"6302",-337944.708
"6303",-336620.692
"6304",-335751.183
"6305",-335206.831
"6306",-336303.16
"6307",-336046.556
"6308",-335330.52
"6309",-337650.877
"6310",-335320.606
"6311",-336010.438
"6312",-336350.732
"6313",-336664.545
"6314",-336755.61
"6315",-335957.67
"6316",-338120.158
"6317",-335365.013
"6318",-339066.524
"6319",-334990.742
"6320",-336073.867
"6321",-337923.442
"6322",-336570.769
"6323",-337566.34
"6324",-335316.576
"6325",-336941.622
"6326",-336699.615
"6327",-336634.707
"6328",-335026.39
"6329",-337663.172
"6330",-335886.118
"6331",-335855.037
"6332",-336684.298
"6333",-335808.365
"6334",-336291.848
"6335",-333937.076
"6336",-337290.326
"6337",-334482.695
"6338",-334753.527
"6339",-336580.166
"6340",-334302.547
"6341",-334238.253
"6342",-335325.523
"6343",-335941.261
"6344",-335426.393
"6345",-335841.544
"6346",-337039.497
"6347",-336379.384
"6348",-337862.745
"6349",-339103.855
"6350",-337092.544
"6351",-335880.473
"6352",-337384.696
"6353",-337086.167
"6354",-335985.285
"6355",-336293.42
"6356",-334952.048
"6357",-338199.445
"6358",-336536.352
"6359",-336551.671
"6360",-336328.282
"6361",-337864.979
"6362",-336583.309
"6363",-336435.769
"6364",-338020.76
"6365",-335061.164
"6366",-338791.033
"6367",-337868.737
"6368",-335684.787
"6369",-337566.478
"6370",-338112.078
"6371",-336129.815
"6372",-336474.832
"6373",-338321.432
"6374",-337088.145
"6375",-336125.843
"6376",-336563.976
"6377",-337933.358
"6378",-335509.607
"6379",-338168.007
"6380",-335577.575
"6381",-337219.65
"6382",-336731.731
"6383",-336964.862
"6384",-335074.162
"6385",-336550.093
"6386",-336105.246
"6387",-335581.595
"6388",-337704.159
"6389",-337463.021
"6390",-335159.779
"6391",-335313.779
"6392",-337214.616
"6393",-338501.154
"6394",-338108.828
"6395",-336279.15
"6396",-337202.333
"6397",-335329.271
"6398",-336943.739
"6399",-337184.612
"6400",-335423.97
"6401",-337483.703
"6402",-337069.264
"6403",-336907.29
"6404",-335176.088
"6405",-335324.368
"6406",-337575.883
"6407",-335922.163
"6408",-337206.58
"6409",-335495.261
"6410",-336385.44
"6411",-334580.086
"6412",-335685.669
"6413",-337020.748
"6414",-334923.884
"6415",-333472.911
"6416",-335967.799
"6417",-338464.656
"6418",-338129.428
"6419",-336753.499
"6420",-337791.264
"6421",-336469.301
"6422",-336424.083
"6423",-336512.241
"6424",-336572.583
"6425",-335185.324
"6426",-336788.326
"6427",-338719.576
"6428",-335629.031
"6429",-337787.769
"6430",-336107.736
"6431",-334830.783
"6432",-336551.202
"6433",-335807.589
"6434",-336523.011
"6435",-334900.729
"6436",-336382.995
"6437",-337623.391
"6438",-336578.032
"6439",-335335.955
"6440",-334983.461
"6441",-336636.747
"6442",-335683.345
"6443",-335804.002
"6444",-335874.014
"6445",-336989.362
"6446",-335975.674
"6447",-335550.403
"6448",-337525.469
"6449",-338180.195
"6450",-337777.082
"6451",-336557.876
"6452",-335985.055
"6453",-337715.156
"6454",-336461.426
"6455",-334388.132
"6456",-336245.293
"6457",-335909.126
"6458",-336188.814
"6459",-336960.559
"6460",-334517.383
"6461",-337005.503
"6462",-339058.416
"6463",-337570.474
"6464",-335247.747
"6465",-337224.226
"6466",-336254.282
"6467",-334384.464
"6468",-337465.973
"6469",-335653.309
"6470",-339262.565
"6471",-336799.179
"6472",-337240.869
"6473",-334798.164
"6474",-336236.51
"6475",-334687.372
"6476",-335363.23
"6477",-336956.53
"6478",-337575.534
"6479",-337179.94
"6480",-337057.282
"6481",-336983.371
"6482",-338692.715
"6483",-336291.486
"6484",-336589.143
"6485",-335506.104
"6486",-334118.732
"6487",-336201.578
"6488",-337269.157
"6489",-338103.235
"6490",-337474.116
"6491",-338866.748
"6492",-335440.308
"6493",-334806.415
"6494",-336433.432
"6495",-336261.71
"6496",-335418.847
"6497",-335822.095
"6498",-336919.362
"6499",-336413.49
"6500",-336261.054
"6501",-336616.218
"6502",-337668.798
"6503",-337468.303
"6504",-338409.574
"6505",-334447.732
"6506",-336726.852
"6507",-336097.072
"6508",-335893.999
"6509",-337271.229
"6510",-334641.886
"6511",-337887.4
"6512",-337501.601
"6513",-338757.237
"6514",-336263.916
"6515",-337827.656
"6516",-339514.977
"6517",-335192.312
"6518",-338310.44
"6519",-337302.778
"6520",-336841.729
"6521",-337060.177
"6522",-335298.374
"6523",-335835.245
"6524",-337683.873
"6525",-336750.97
"6526",-335755.365
"6527",-337596.524
"6528",-335314.623
"6529",-336569.419
"6530",-337386.338
"6531",-335732.839
"6532",-336509.892
"6533",-336476.59
"6534",-337429.337
"6535",-338907.953
"6536",-337944.65
"6537",-337908.902
"6538",-335820.745
"6539",-336216.23
"6540",-337962.628
"6541",-334628.264
"6542",-337988.796
"6543",-336371.549
"6544",-338256.416
"6545",-337640.906
"6546",-338466.088
"6547",-334376.248
"6548",-337756.494
"6549",-337610.592
"6550",-337782.364
"6551",-337393.042
"6552",-335204.074
"6553",-335332.312
"6554",-333820.334
"6555",-336945.35
"6556",-334673.852
"6557",-336614.546
"6558",-338231.411
"6559",-336895.88
"6560",-336696.552
"6561",-339242.923
"6562",-337018.155
"6563",-338966.9
"6564",-335458.297
"6565",-336454.418
"6566",-337554.563
"6567",-336831.597
"6568",-335132.323
"6569",-338584.764
"6570",-337595.143
"6571",-334842.732
"6572",-338265.45
"6573",-336540.223
"6574",-337279.891
"6575",-337706.821
"6576",-338006.734
"6577",-336923.938
"6578",-335853.268
"6579",-336427.385
"6580",-334741.414
"6581",-336913.332
"6582",-336561.065
"6583",-334010.029
"6584",-337975.968
"6585",-337822.055
"6586",-337243.669
"6587",-335715.343
"6588",-338123.204
"6589",-334970.571
"6590",-339001.01
"6591",-336907.658
"6592",-336390.708
"6593",-338057.671
"6594",-336937.675
"6595",-336247.603
"6596",-336245.305
"6597",-334683.565
"6598",-334212.452
"6599",-337347.884
"6600",-335973.505
"6601",-334595.499
"6602",-337263.663
"6603",-336159.416
"6604",-335911.408
"6605",-335127.865
"6606",-336890.336
"6607",-336524.652
"6608",-335948.926
"6609",-335161.204
"6610",-335655.446
"6611",-334262.729
"6612",-335923.921
"6613",-337943.208
"6614",-336239.584
"6615",-333587.6
"6616",-336183.891
"6617",-334505.004
"6618",-338163.007
"6619",-338015.703
"6620",-336139.443
"6621",-338000.646
"6622",-335061.079
"6623",-337386.29
"6624",-333749.55
"6625",-336935.3
"6626",-336796.265
"6627",-336510.605
"6628",-336797.791
"6629",-339160.57
"6630",-335487.159
"6631",-336258.015
"6632",-337227.767
"6633",-340438.223
"6634",-337338.344
"6635",-336086.155
"6636",-337328.695
"6637",-336558.021
"6638",-336618.204
"6639",-336461.689
"6640",-337044.168
"6641",-335438.216
"6642",-335074.541
"6643",-335867.168
"6644",-336596.322
"6645",-336196.834
"6646",-335875.312
"6647",-337973.1
"6648",-334891.833
"6649",-334720.445
"6650",-336433.113
"6651",-336814.572
"6652",-336492.575
"6653",-335385.092
"6654",-336220.071
"6655",-336608.582
"6656",-336780.461
"6657",-337443.93
"6658",-336266.599
"6659",-336574.904
"6660",-337071.285
"6661",-338372.041
"6662",-337181.921
"6663",-339178.138
"6664",-337365.307
"6665",-337583.155
"6666",-337550.578
"6667",-337423.598
"6668",-336493.135
"6669",-337557.579
"6670",-335615.481
"6671",-338487.739
"6672",-335735.748
"6673",-336219.764
"6674",-337244.055
"6675",-335367.176
"6676",-336060.232
"6677",-336544.894
"6678",-336597.992
"6679",-336599.374
"6680",-337566.249
"6681",-337253.179
"6682",-335013.524
"6683",-336509.673
"6684",-334349.163
"6685",-335741.197
"6686",-338338.732
"6687",-335472.767
"6688",-335150.715
"6689",-337154.905
"6690",-337220.911
"6691",-335981.339
"6692",-336975.918
"6693",-335812.073
"6694",-336209.342
"6695",-337410.733
"6696",-337717.829
"6697",-339092.438
"6698",-338598.964
"6699",-338492.378
"6700",-335435.883
"6701",-336117.997
"6702",-338074.079
"6703",-335140.459
"6704",-337698.081
"6705",-336104.142
"6706",-335892.787
"6707",-336197.815
"6708",-336372.914
"6709",-338228.271
"6710",-336425.691
"6711",-335548.229
"6712",-339020.887
"6713",-336352.228
"6714",-334993.04
"6715",-336088.3
"6716",-337885.533
"6717",-337753.031
"6718",-335427.647
"6719",-336744.755
"6720",-336377.769
"6721",-336737.716
"6722",-335443.834
"6723",-336757.745
"6724",-335416.368
"6725",-334812.511
"6726",-338004.275
"6727",-336774.414
"6728",-336003.968
"6729",-337542.118
"6730",-336935.516
"6731",-335849.973
"6732",-336453.233
"6733",-335795.416
"6734",-336640.56
"6735",-336571.734
"6736",-335258.24
"6737",-336405.143
"6738",-335963.56
"6739",-338107.93
"6740",-337560.404
"6741",-336306.889
"6742",-335933.094
"6743",-335908.905
"6744",-336387.904
"6745",-336660.023
"6746",-335052.449
"6747",-338468.936
"6748",-337556.191
"6749",-336203.203
"6750",-337328.24
"6751",-339581.48
"6752",-337663.326
"6753",-335832.207
"6754",-336070.5
"6755",-335499.885
"6756",-334022.711
"6757",-334587.761
"6758",-337159.94
"6759",-335680.108
"6760",-335605.056
"6761",-335747.426
"6762",-337834.073
"6763",-337196.46
"6764",-338305.047
"6765",-337485.122
"6766",-337031.087
"6767",-337517.788
"6768",-336925.376
"6769",-335325.281
"6770",-338282.344
"6771",-337838.508
"6772",-337912.562
"6773",-338172.146
"6774",-336710.53
"6775",-336228.131
"6776",-337346.667
"6777",-334381.338
"6778",-336937.186
"6779",-338541.49
"6780",-335684.987
"6781",-335996.472
"6782",-335374.357
"6783",-334516.119
"6784",-337174.014
"6785",-337880.694
"6786",-335879.787
"6787",-337262.918
"6788",-336616.199
"6789",-338270.834
"6790",-335399.05
"6791",-335092.121
"6792",-335765.568
"6793",-335115.754
"6794",-336683.093
"6795",-334860.005
"6796",-336795.722
"6797",-336641.16
"6798",-338265.063
"6799",-337826.189
"6800",-335640.743
"6801",-338628.333
"6802",-335206.198
"6803",-336742.347
"6804",-335764.953
"6805",-336554.112
"6806",-334918.887
"6807",-335090.771
"6808",-335321.778
"6809",-337322.582
"6810",-338358.036
"6811",-336649.126
"6812",-336921.363
"6813",-335594.704
"6814",-337529.593
"6815",-335821.57
"6816",-335526.525
"6817",-337350.461
"6818",-337223.191
"6819",-335661.949
"6820",-337471.367
"6821",-336201.802
"6822",-337237.544
"6823",-338103.005
"6824",-338465.867
"6825",-337459.567
"6826",-335897.37
"6827",-335862.002
"6828",-337190.51
"6829",-336555.869
"6830",-336909.182
"6831",-336514.553
"6832",-337867.151
"6833",-336132.199
"6834",-336779.604
"6835",-334336.752
"6836",-335401.927
"6837",-335718.274
"6838",-336863.627
"6839",-338475.895
"6840",-336466.129
"6841",-336911.999
"6842",-334099.738
"6843",-336014.653
"6844",-336485.397
"6845",-335153.115
"6846",-336597.209
"6847",-336920.033
"6848",-334665.005
"6849",-337576.808
"6850",-337784.57
"6851",-334423.359
"6852",-337200.921
"6853",-336327.92
"6854",-338569.773
"6855",-336417.742
"6856",-334635.95
"6857",-337639.95
"6858",-335658.21
"6859",-336020.744
"6860",-334791.857
"6861",-338382.456
"6862",-337600.936
"6863",-337346.32
"6864",-335041.406
"6865",-336118.517
"6866",-339122.057
"6867",-336162.45
"6868",-336309.179
"6869",-338676.336
"6870",-335233.638
"6871",-335443.192
"6872",-336314.29
"6873",-335075.51
"6874",-338204.827
"6875",-335890.448
"6876",-337271.028
"6877",-336019.575
"6878",-338174.068
"6879",-336842.641
"6880",-335310.366
"6881",-336609.848
"6882",-337269.51
"6883",-337426.472
"6884",-334689.967
"6885",-336524.772
"6886",-334799.877
"6887",-336637.767
"6888",-336420.614
"6889",-336063.838
"6890",-337212.323
"6891",-336008.529
"6892",-337595.993
"6893",-334967.831
"6894",-334963.081
"6895",-337718.966
"6896",-337198.951
"6897",-336366.21
"6898",-336967.736
"6899",-335264.167
"6900",-335401.544
"6901",-338088.687
"6902",-333854.409
"6903",-336870.466
"6904",-337689.865
"6905",-335737.489
"6906",-336376.247
"6907",-335684.642
"6908",-336736.831
"6909",-335808.745
"6910",-337446.942
"6911",-336395.138
"6912",-337762.042
"6913",-336242.396
"6914",-337434.249
"6915",-336919.102
"6916",-335514.46
"6917",-336470.148
"6918",-339056.049
"6919",-335300.943
"6920",-335770.793
"6921",-335472.205
"6922",-336466.31
"6923",-335943.587
"6924",-337081.989
"6925",-334813.578
"6926",-336573.312
"6927",-336443.738
"6928",-336792.468
"6929",-335349.796
"6930",-335294.447
"6931",-338737.981
"6932",-336241.383
"6933",-336231.682
"6934",-335435.511
"6935",-337071.229
"6936",-335125.711
"6937",-335506.283
"6938",-337257.171
"6939",-335161.849
"6940",-336680.146
"6941",-336792.562
"6942",-336929.921
"6943",-336770.204
"6944",-336725.864
"6945",-337981.714
"6946",-336017.657
"6947",-335612.861
"6948",-337163.352
"6949",-336076.109
"6950",-335594.947
"6951",-338411.504
"6952",-336299.32
"6953",-338821.408
"6954",-338278.72
"6955",-336900.193
"6956",-337676.055
"6957",-336932.182
"6958",-336872.282
"6959",-337665.551
"6960",-336099.149
"6961",-336668.796
"6962",-334993.625
"6963",-337507.114
"6964",-337762.304
"6965",-337861.815
"6966",-336290.138
"6967",-337215.44
"6968",-339021.351
"6969",-336045.254
"6970",-336838.805
"6971",-334508.65
"6972",-336160.663
"6973",-338872.785
"6974",-338692.579
"6975",-337694.67
"6976",-335311.62
"6977",-336313.559
"6978",-336709.655
"6979",-337364.177
"6980",-334553.814
"6981",-336058.673
"6982",-338385.072
"6983",-336768.381
"6984",-338578.67
"6985",-337552.468
"6986",-337558
"6987",-335469.495
"6988",-334663.722
"6989",-335654.971
"6990",-336313.141
"6991",-337158.113
"6992",-336117.992
"6993",-333974.766
"6994",-337321.189
"6995",-336280.38
"6996",-335489.058
"6997",-333788.28
"6998",-334364.813
"6999",-336174.15
"7000",-338709.785
"7001",-338633.088
"7002",-337208.742
"7003",-337798.693
"7004",-336967.648
"7005",-337252.662
"7006",-334313.035
"7007",-335998.539
"7008",-336812.148
"7009",-334954.967
"7010",-337082.487
"7011",-336939.025
"7012",-336511.97
"7013",-337179.33
"7014",-337095.217
"7015",-336679.226
"7016",-336960.998
"7017",-335674.602
"7018",-337041.276
"7019",-338096.729
"7020",-337602.639
"7021",-336721.438
"7022",-338449.744
"7023",-336441.698
"7024",-335784.706
"7025",-337097.37
"7026",-336076.053
"7027",-336231.512
"7028",-338068.398
"7029",-336775.541
"7030",-337718.819
"7031",-338257.242
"7032",-336828.956
"7033",-336643.314
"7034",-338050.623
"7035",-335952.312
"7036",-337280.458
"7037",-336261.283
"7038",-335312.456
"7039",-335374.948
"7040",-337611.33
"7041",-337531.055
"7042",-335060.68
"7043",-338146.172
"7044",-335496.523
"7045",-337622.981
"7046",-334499.437
"7047",-337905.106
"7048",-338536.759
"7049",-336703.777
"7050",-338007.934
"7051",-334741.05
"7052",-338683.186
"7053",-336964.374
"7054",-334697.148
"7055",-335939.518
"7056",-334847.602
"7057",-338492.279
"7058",-336217.127
"7059",-336976.181
"7060",-337862.699
"7061",-338338.309
"7062",-338023.703
"7063",-336475.822
"7064",-337169.84
"7065",-337672.168
"7066",-337368.704
"7067",-335688.551
"7068",-336732.64
"7069",-337148.11
"7070",-336489.376
"7071",-335304.881
"7072",-335257.425
"7073",-336687.61
"7074",-335354.178
"7075",-337579.82
"7076",-335466.657
"7077",-337526.618
"7078",-336678.565
"7079",-335486.492
"7080",-335303.795
"7081",-336634.618
"7082",-335760.694
"7083",-336945.921
"7084",-335931.832
"7085",-337712.302
"7086",-336507.136
"7087",-337307.524
"7088",-335602.843
"7089",-335848.299
"7090",-338042.074
"7091",-335726.049
"7092",-337165.63
"7093",-337579.259
"7094",-337148.169
"7095",-337344.766
"7096",-334495.39
"7097",-334293.081
"7098",-336859.189
"7099",-336716.468
"7100",-336537.495
"7101",-337214.992
"7102",-336566.499
"7103",-337367.919
"7104",-335908.175
"7105",-337193.743
"7106",-337149.977
"7107",-334737.981
"7108",-337012.31
"7109",-333356.645
"7110",-337137.025
"7111",-335641.723
"7112",-335665.141
"7113",-339338.133
"7114",-338038.92
"7115",-337098.952
"7116",-336200.905
"7117",-337040.671
"7118",-336179.297
"7119",-335585.366
"7120",-335399.367
"7121",-337633.202
"7122",-338626.44
"7123",-337729.211
"7124",-335801.92
"7125",-336911.784
"7126",-335051.726
"7127",-334907.24
"7128",-338102.667
"7129",-336984.261
"7130",-337018.18
"7131",-338948.282
"7132",-339106.571
"7133",-339668.535
"7134",-337636.254
"7135",-337493.792
"7136",-336848.926
"7137",-336026.17
"7138",-336326.991
"7139",-335735.634
"7140",-337379.091
"7141",-337575.241
"7142",-338406.831
"7143",-335430.593
"7144",-338384.33
"7145",-338338.34
"7146",-337354.377
"7147",-336026.443
"7148",-337774.234
"7149",-336519.023
"7150",-336445.137
"7151",-336615.474
"7152",-338326.299
"7153",-337406.607
"7154",-335826.15
"7155",-336825.418
"7156",-338382.423
"7157",-336329.771
"7158",-334662.133
"7159",-337202.478
"7160",-337968.857
"7161",-333351.932
"7162",-335977.492
"7163",-336015.973
"7164",-336543.561
"7165",-336382.242
"7166",-338468.163
"7167",-336488.383
"7168",-335886.921
"7169",-336704.805
"7170",-336380.098
"7171",-337112.29
"7172",-337825.096
"7173",-335283.766
"7174",-337470.561
"7175",-338489.834
"7176",-335123.051
"7177",-337738.483
"7178",-336635.193
"7179",-336189.933
"7180",-339033.343
"7181",-336772.486
"7182",-338970.972
"7183",-337846.654
"7184",-336667.316
"7185",-334924.371
"7186",-337853.714
"7187",-334453.171
"7188",-336560.306
"7189",-334501.287
"7190",-335667.93
"7191",-333260.754
"7192",-337445.357
"7193",-337144.149
"7194",-339451.878
"7195",-337009.669
"7196",-337487.052
"7197",-339662.818
"7198",-334649.104
"7199",-338370.27
"7200",-336327.044
"7201",-337536.152
"7202",-338784.846
"7203",-337379.414
"7204",-336419.855
"7205",-336879.995
"7206",-337058.193
"7207",-337527.563
"7208",-335290.487
"7209",-338643.151
"7210",-336198.782
"7211",-336897.482
"7212",-338441.07
"7213",-337369.577
"7214",-335302.536
"7215",-335686.957
"7216",-335257.34
"7217",-335103.629
"7218",-337425.186
"7219",-335586.274
"7220",-336485.63
"7221",-335579.291
"7222",-336080.633
"7223",-337958.352
"7224",-337618.663
"7225",-337474.676
"7226",-335335.499
"7227",-336723.316
"7228",-334624.122
"7229",-336701.361
"7230",-337650.49
"7231",-336139.265
"7232",-336923.57
"7233",-336804.604
"7234",-337966.478
"7235",-335100.081
"7236",-334262.416
"7237",-335257.952
"7238",-336569.345
"7239",-337903.136
"7240",-337631.291
"7241",-336077.05
"7242",-336159.346
"7243",-334518.294
"7244",-336430.328
"7245",-336245.407
"7246",-336678.314
"7247",-336760.982
"7248",-335631.028
"7249",-335820.717
"7250",-337399.065
"7251",-335071.356
"7252",-336671.882
"7253",-335634.17
"7254",-337534.572
"7255",-335517.45
"7256",-336640.878
"7257",-337481.8
"7258",-337387.894
"7259",-336181.58
"7260",-337257.332
"7261",-336942.668
"7262",-336710.29
"7263",-336878.279
"7264",-336661.948
"7265",-336265.465
"7266",-334825.242
"7267",-335940.314
"7268",-337002.902
"7269",-338036.636
"7270",-336643.872
"7271",-338998.644
"7272",-334484.595
"7273",-336176.138
"7274",-335265.811
"7275",-337945.454
"7276",-336631.838
"7277",-334556.963
"7278",-336775.644
"7279",-335211.351
"7280",-338735.935
"7281",-336985.099
"7282",-336351.113
"7283",-337071.097
"7284",-336723.167
"7285",-336311.916
"7286",-337803.265
"7287",-335886.903
"7288",-336346.143
"7289",-335529.565
"7290",-334909.808
"7291",-338547.709
"7292",-336563.766
"7293",-336860.457
"7294",-337833.457
"7295",-336338.219
"7296",-336350.058
"7297",-337645.87
"7298",-336927.101
"7299",-335528.024
"7300",-334430.653
"7301",-336577.505
"7302",-336746.871
"7303",-336250.595
"7304",-335111.066
"7305",-335753.959
"7306",-335306.612
"7307",-333775.512
"7308",-337910.134
"7309",-335661.009
"7310",-335067.463
"7311",-337501.215
"7312",-337096.27
"7313",-333961.549
"7314",-335818.505
"7315",-338990.486
"7316",-335413.073
"7317",-338319.212
"7318",-334781.854
"7319",-337416.077
"7320",-336101.099
"7321",-337341.836
"7322",-336384.122
"7323",-336858.05
"7324",-336324.392
"7325",-335439.918
"7326",-336674.539
"7327",-338620.382
"7328",-337083.325
"7329",-338276.539
"7330",-336213.284
"7331",-334425.18
"7332",-338483.878
"7333",-337795.63
"7334",-336612.923
"7335",-336887.693
"7336",-334438.657
"7337",-336634.712
"7338",-337032.448
"7339",-337192.672
"7340",-337680.996
"7341",-335306.274
"7342",-337343.838
"7343",-336077.246
"7344",-335657.847
"7345",-336114.449
"7346",-336139.113
"7347",-333914.24
"7348",-335995.896
"7349",-333256.32
"7350",-338346.099
"7351",-334742.889
"7352",-336090.156
"7353",-337374.478
"7354",-338020.885
"7355",-335399.535
"7356",-336176.838
"7357",-333694.595
"7358",-336614.995
"7359",-337955.315
"7360",-334865.959
"7361",-337671.679
"7362",-333293.669
"7363",-338304.48
"7364",-335910.664
"7365",-336759.697
"7366",-335644.48
"7367",-337646.962
"7368",-336927.575
"7369",-337771.223
"7370",-337032.163
"7371",-335809.44
"7372",-335486.264
"7373",-336934.257
"7374",-336272.489
"7375",-337583.543
"7376",-337514.005
"7377",-335515.665
"7378",-335556.514
"7379",-335565.372
"7380",-336942.293
"7381",-337208.386
"7382",-337249.886
"7383",-337188.923
"7384",-335396.27
"7385",-337391.724
"7386",-336431.275
"7387",-338822.021
"7388",-336195.705
"7389",-337484.643
"7390",-338256.482
"7391",-336852.378
"7392",-335942.265
"7393",-337558.517
"7394",-337732.685
"7395",-338058.224
"7396",-336658.93
"7397",-336354.531
"7398",-335507.947
"7399",-335814.864
"7400",-336594.541
"7401",-336171.192
"7402",-335912.252
"7403",-337090.249
"7404",-336513.884
"7405",-338304.155
"7406",-336040.571
"7407",-335162.284
"7408",-338828.37
"7409",-336378.067
"7410",-335493.663
"7411",-335715.357
"7412",-336042.636
"7413",-335787.349
"7414",-337432.791
"7415",-338878.656
"7416",-336938.936
"7417",-336545.841
"7418",-337032.696
"7419",-337047.433
"7420",-335535.552
"7421",-335218.647
"7422",-336441.713
"7423",-336875.246
"7424",-334095.671
"7425",-336391.394
"7426",-335934.542
"7427",-335424.045
"7428",-337853.112
"7429",-336116.394
"7430",-337520.398
"7431",-334558.706
"7432",-336265.368
"7433",-336201.502
"7434",-336229.528
"7435",-336081.704
"7436",-335705.863
"7437",-336404.669
"7438",-336703.486
"7439",-336765.748
"7440",-335997.726
"7441",-338230.62
"7442",-336945.508
"7443",-336580.441
"7444",-335371.149
"7445",-336394.255
"7446",-335088.807
"7447",-335075.852
"7448",-336177.184
"7449",-335946.721
"7450",-336664.279
"7451",-336749.669
"7452",-335223.774
"7453",-337545.257
"7454",-338240.505
"7455",-337582.522
"7456",-336953.503
"7457",-337322.794
"7458",-337358.519
"7459",-335561.141
"7460",-336770.953
"7461",-336859.214
"7462",-337190.975
"7463",-336137.647
"7464",-339133.984
"7465",-335450.034
"7466",-336082.484
"7467",-335185.501
"7468",-337586.672
"7469",-337372.142
"7470",-336190.843
"7471",-336569.327
"7472",-337349.529
"7473",-334031.023
"7474",-336895.816
"7475",-337200.5
"7476",-336189.264
"7477",-336917.821
"7478",-335028.682
"7479",-337530.807
"7480",-337182.019
"7481",-338349.184
"7482",-335154.922
"7483",-338564.758
"7484",-335476.326
"7485",-335352.964
"7486",-335832.634
"7487",-335530.893
"7488",-336486.565
"7489",-335616.818
"7490",-336130.659
"7491",-336642.445
"7492",-335921.508
"7493",-335208.709
"7494",-336653.115
"7495",-336394.535
"7496",-337867.202
"7497",-334674.631
"7498",-336183.261
"7499",-336753.539
"7500",-337284.915
"7501",-336671.992
"7502",-335056.707
"7503",-335291.13
"7504",-335886.11
"7505",-333610.397
"7506",-336285.663
"7507",-335348.192
"7508",-337350.859
"7509",-335656.389
"7510",-335330.102
"7511",-335625.135
"7512",-336558.303
"7513",-337303.233
"7514",-336111.282
"7515",-337373.437
"7516",-338407.171
"7517",-336379.032
"7518",-336288.323
"7519",-337280.764
"7520",-336415.619
"7521",-337178.112
"7522",-337802.758
"7523",-335722.056
"7524",-336431.714
"7525",-338966.523
"7526",-335425.808
"7527",-334870.991
"7528",-337268.866
"7529",-338304.256
"7530",-336663.312
"7531",-337943.954
"7532",-336212.782
"7533",-335459.792
"7534",-337967.333
"7535",-336013.363
"7536",-337738.299
"7537",-335884.855
"7538",-335478.606
"7539",-337188.585
"7540",-335878.259
"7541",-335457.61
"7542",-336550.736
"7543",-335793.41
"7544",-336221.204
"7545",-335390.848
"7546",-335695.552
"7547",-337976.977
"7548",-336331.511
"7549",-336038.675
"7550",-337015.731
"7551",-336712.93
"7552",-335966.368
"7553",-335066.69
"7554",-338140.152
"7555",-336656.792
"7556",-336074.67
"7557",-336635.561
"7558",-339343.932
"7559",-335343.177
"7560",-336943.087
"7561",-337375.709
"7562",-336882.243
"7563",-335096.342
"7564",-335146.224
"7565",-337568.803
"7566",-336680.105
"7567",-336938.354
"7568",-336249.235
"7569",-337927.005
"7570",-333839.911
"7571",-336132.187
"7572",-336122.593
"7573",-337569.398
"7574",-337158.473
"7575",-337368.126
"7576",-336962.731
"7577",-336749.624
"7578",-336617.12
"7579",-337254.43
"7580",-336551.219
"7581",-334138.286
"7582",-336056.431
"7583",-337427.571
"7584",-336508.139
"7585",-337375.689
"7586",-336697.356
"7587",-336453.586
"7588",-336629.569
"7589",-337991.811
"7590",-336606.205
"7591",-338553.812
"7592",-334542.756
"7593",-335436.865
"7594",-335441.962
"7595",-335694.857
"7596",-336120.149
"7597",-337464.908
"7598",-334971.055
"7599",-336665.362
"7600",-335375.475
"7601",-336539.234
"7602",-337608.888
"7603",-336982.486
"7604",-336029.159
"7605",-337058.396
"7606",-334690.121
"7607",-338534.533
"7608",-335052.205
"7609",-335025.626
"7610",-336214.186
"7611",-334847.889
"7612",-338985.986
"7613",-335066.113
"7614",-336642.054
"7615",-336074.412
"7616",-336102.437
"7617",-334670.625
"7618",-335781.711
"7619",-337048.347
"7620",-335357.04
"7621",-334364.056
"7622",-336294.55
"7623",-336987.806
"7624",-335659.375
"7625",-338279.244
"7626",-334930.46
"7627",-337159.623
"7628",-335124.068
"7629",-336963.414
"7630",-337356.112
"7631",-337622.383
"7632",-338824.328
"7633",-337645.337
"7634",-338974.492
"7635",-337430.064
"7636",-337363.942
"7637",-338069.557
"7638",-338239.312
"7639",-335703.514
"7640",-335275.598
"7641",-337327.197
"7642",-335575.816
"7643",-338969.128
"7644",-337281.214
"7645",-336898.603
"7646",-336182.431
"7647",-335035.029
"7648",-335071.256
"7649",-336754.627
"7650",-338265.039
"7651",-335980.661
"7652",-334724.586
"7653",-339286.834
"7654",-335869.051
"7655",-336082.267
"7656",-336968.577
"7657",-337810.314
"7658",-336944.336
"7659",-337765.69
"7660",-336798.066
"7661",-335994.559
"7662",-335378.796
"7663",-337190.347
"7664",-337111.86
"7665",-337078.564
"7666",-335032.639
"7667",-334330.097
"7668",-337780.098
"7669",-336700.241
"7670",-334824.883
"7671",-336806.309
"7672",-334603.544
"7673",-335551.789
"7674",-336373.337
"7675",-339169.692
"7676",-335616.235
"7677",-336746.299
"7678",-336689.836
"7679",-337435.405
"7680",-336997.997
"7681",-337552.127
"7682",-334642.966
"7683",-336918.724
"7684",-338037.954
"7685",-335326.811
"7686",-336019.884
"7687",-338701.764
"7688",-337900.583
"7689",-335113.238
"7690",-336665.491
"7691",-337250.391
"7692",-335787.647
"7693",-334845.166
"7694",-335751.526
"7695",-338173.888
"7696",-338902.216
"7697",-336987.726
"7698",-337360.041
"7699",-336149.086
"7700",-336290.223
"7701",-335404.68
"7702",-335336.947
"7703",-336789.816
"7704",-338144.532
"7705",-337851.488
"7706",-335559.717
"7707",-337392.71
"7708",-336870.3
"7709",-335038.049
"7710",-337165.365
"7711",-337505.397
"7712",-336395.307
"7713",-336319.733
"7714",-337326.716
"7715",-336032.852
"7716",-335554.094
"7717",-337932.519
"7718",-336192.277
"7719",-336428.975
"7720",-336124.894
"7721",-338292.658
"7722",-336614.307
"7723",-337154.83
"7724",-335730.974
"7725",-338095.304
"7726",-335592.492
"7727",-337231.904
"7728",-334964.464
"7729",-337122.899
"7730",-336660.24
"7731",-335328.176
"7732",-335243.616
"7733",-336817.9
"7734",-336220.355
"7735",-337823.177
"7736",-335602.046
"7737",-336232.856
"7738",-336551.683
"7739",-337147.968
"7740",-338103.161
"7741",-336912.214
"7742",-334245.743
"7743",-336335.12
"7744",-336784.584
"7745",-335252.477
"7746",-335521.275
"7747",-336238.62
"7748",-337527.333
"7749",-337294.982
"7750",-335008.256
"7751",-336083.526
"7752",-334599.139
"7753",-334964.773
"7754",-336629.211
"7755",-335245.825
"7756",-333898.733
"7757",-335891.102
"7758",-337912.966
"7759",-337039.043
"7760",-335995.796
"7761",-336718.186
"7762",-336839.632
"7763",-335455.99
"7764",-337792.765
"7765",-336926.84
"7766",-339729.67
"7767",-338403.588
"7768",-339309.865
"7769",-334691.141
"7770",-336369.411
"7771",-335441.831
"7772",-338113.067
"7773",-335927.864
"7774",-337414.106
"7775",-336008.711
"7776",-338302.734
"7777",-334018.002
"7778",-336644.456
"7779",-337718.044
"7780",-337772.751
"7781",-338005.317
"7782",-337753.528
"7783",-336267.792
"7784",-335975.753
"7785",-337960.186
"7786",-338166.962
"7787",-338081.967
"7788",-336794.407
"7789",-337571.77
"7790",-337036.278
"7791",-336401.776
"7792",-336257.368
"7793",-338603.552
"7794",-337126.619
"7795",-334139.82
"7796",-334138.662
"7797",-339012.895
"7798",-335789.53
"7799",-334946.519
"7800",-336865.95
"7801",-336876.218
"7802",-337395.518
"7803",-337447.426
"7804",-335684.025
"7805",-333785.744
"7806",-336785.255
"7807",-336517.608
"7808",-337147.303
"7809",-337924.962
"7810",-336312.268
"7811",-335825.504
"7812",-339275.963
"7813",-334076.817
"7814",-339339.161
"7815",-334470.748
"7816",-336943.968
"7817",-339423.844
"7818",-335554.301
"7819",-335319.508
"7820",-337410.888
"7821",-336944.844
"7822",-338547.512
"7823",-337026.835
"7824",-335241.764
"7825",-337092.855
"7826",-337173.54
"7827",-334741.956
"7828",-337047.116
"7829",-336387.956
"7830",-337539.993
"7831",-336141.74
"7832",-336215.48
"7833",-333584.485
"7834",-334408.804
"7835",-336066.826
"7836",-335112.767
"7837",-336960.415
"7838",-336139.686
"7839",-336571.134
"7840",-338431.92
"7841",-337521.809
"7842",-337058.34
"7843",-336095.831
"7844",-339024.026
"7845",-337237.268
"7846",-336083.767
"7847",-338443.588
"7848",-337116.266
"7849",-336222.243
"7850",-338189.472
"7851",-335372.775
"7852",-334951.509
"7853",-332984.427
"7854",-335614.838
"7855",-337087.285
"7856",-334885.096
"7857",-337673.224
"7858",-337253.256
"7859",-336693.12
"7860",-336658.669
"7861",-335473.516
"7862",-336600.199
"7863",-336717.506
"7864",-335301.471
"7865",-335232.687
"7866",-336470.807
"7867",-335629.492
"7868",-335913.333
"7869",-336681.97
"7870",-338323.899
"7871",-337433.675
"7872",-335283.237
"7873",-336183.129
"7874",-335767.983
"7875",-337974.433
"7876",-337165.523
"7877",-335875.522
"7878",-338411.805
"7879",-335088.472
"7880",-335776.23
"7881",-336725.66
"7882",-336986.614
"7883",-337286.769
"7884",-335324.081
"7885",-336146.054
"7886",-336938.293
"7887",-338134.136
"7888",-336443.763
"7889",-337026.989
"7890",-336881.247
"7891",-336004.048
"7892",-337191.94
"7893",-336128.84
"7894",-338439.857
"7895",-338458.076
"7896",-335611.074
"7897",-337044.533
"7898",-336863.372
"7899",-337953.464
"7900",-335904.062
"7901",-336254.56
"7902",-338186.16
"7903",-338694.153
"7904",-336805.937
"7905",-338519.525
"7906",-336956.442
"7907",-336112.234
"7908",-337222.514
"7909",-337052.712
"7910",-336309.448
"7911",-336791.464
"7912",-336881.286
"7913",-335982.475
"7914",-337660.084
"7915",-337837.851
"7916",-338263.028
"7917",-337546.247
"7918",-336666.001
"7919",-337621.42
"7920",-336529.832
"7921",-336488.598
"7922",-336251.161
"7923",-335585.227
"7924",-336532.216
"7925",-336359.436
"7926",-336674.654
"7927",-336364.636
"7928",-337789.322
"7929",-337890.859
"7930",-336639.171
"7931",-338178.685
"7932",-337368.814
"7933",-337048.413
"7934",-336075.497
"7935",-336021.042
"7936",-335019.368
"7937",-338114.575
"7938",-335164.791
"7939",-336110.204
"7940",-337790.509
"7941",-337585.989
"7942",-336224.796
"7943",-337586.153
"7944",-336991.703
"7945",-335440.093
"7946",-335414.343
"7947",-336676.802
"7948",-336899.32
"7949",-334919.99
"7950",-337812.87
"7951",-338872.418
"7952",-334722.419
"7953",-336952.399
"7954",-337482.272
"7955",-338223.847
"7956",-335395.851
"7957",-338983.662
"7958",-334871.708
"7959",-336737.842
"7960",-337194.252
"7961",-337895.143
"7962",-335827.999
"7963",-337902.108
"7964",-335281.056
"7965",-335342.497
"7966",-337014.09
"7967",-334948.383
"7968",-340037.195
"7969",-338164.804
"7970",-336746.391
"7971",-336875.338
"7972",-338026.892
"7973",-335965.059
"7974",-337430.232
"7975",-337116.15
"7976",-335672.082
"7977",-335798.226
"7978",-336066.351
"7979",-337417.85
"7980",-336522.326
"7981",-337272.959
"7982",-336208.999
"7983",-336726.444
"7984",-338815.567
"7985",-337202.106
"7986",-336512.479
"7987",-334858.139
"7988",-337298.624
"7989",-337908.392
"7990",-334621.256
"7991",-337480.841
"7992",-337477.962
"7993",-337873.595
"7994",-335842.723
"7995",-337523.905
"7996",-337625.737
"7997",-338490.223
"7998",-335968.925
"7999",-336831.092
"8000",-338260.854
"8001",-337217.425
"8002",-337222.398
"8003",-337559.239
"8004",-337261.146
"8005",-335334.22
"8006",-336030.557
"8007",-337647.69
"8008",-337055.512
"8009",-336684.917
"8010",-337470.016
"8011",-338299.149
"8012",-336314.851
"8013",-335594.069
"8014",-338784.85
"8015",-336739.582
"8016",-337352.261
"8017",-336737.62
"8018",-335821.33
"8019",-336746.885
"8020",-337225.386
"8021",-334866.784
"8022",-336795.271
"8023",-337986.253
"8024",-338025.103
"8025",-336412.48
"8026",-336862.027
"8027",-336129.341
"8028",-336377.27
"8029",-334836.807
"8030",-336255.634
"8031",-335968.475
"8032",-335634.126
"8033",-336307.661
"8034",-334658.327
"8035",-336317.65
"8036",-335746.675
"8037",-335195.739
"8038",-335817.091
"8039",-334872.158
"8040",-335584.124
"8041",-336946.959
"8042",-337189.404
"8043",-337664.135
"8044",-335570.734
"8045",-335285.483
"8046",-336441.868
"8047",-338813.609
"8048",-333694.487
"8049",-334513.217
"8050",-336483.374
"8051",-336199.698
"8052",-336826.634
"8053",-336320.122
"8054",-336482.218
"8055",-337115.142
"8056",-336035.504
"8057",-337484.432
"8058",-337143.155
"8059",-335605.131
"8060",-334967.934
"8061",-336788.664
"8062",-336120.917
"8063",-335235.145
"8064",-334878.28
"8065",-336432.085
"8066",-337263.158
"8067",-334928.762
"8068",-337514.985
"8069",-334635.305
"8070",-336796.859
"8071",-339266.25
"8072",-336473.068
"8073",-339268.03
"8074",-337871.913
"8075",-335043.684
"8076",-336808.097
"8077",-337716.407
"8078",-335757.498
"8079",-336304.123
"8080",-338583.986
"8081",-335890.132
"8082",-337725.435
"8083",-337309.54
"8084",-336967.551
"8085",-337749.851
"8086",-336440.25
"8087",-336302.625
"8088",-335883.194
"8089",-338296.946
"8090",-335704.541
"8091",-335738.451
"8092",-334818.234
"8093",-338056.136
"8094",-337926.502
"8095",-338531.671
"8096",-336263.202
"8097",-336397.056
"8098",-336795.733
"8099",-335770.176
"8100",-337875.971
"8101",-336074.226
"8102",-335927.881
"8103",-337239.89
"8104",-335673.57
"8105",-334618.289
"8106",-340130.982
"8107",-338109.974
"8108",-337234.501
"8109",-335372.569
"8110",-336471.782
"8111",-337045.884
"8112",-335371.752
"8113",-338738.513
"8114",-334270.381
"8115",-336491.3
"8116",-336847.511
"8117",-337792.791
"8118",-335555.811
"8119",-336142.715
"8120",-336304.308
"8121",-338096.757
"8122",-336059.828
"8123",-335368.13
"8124",-335904.307
"8125",-337606.014
"8126",-336322.973
"8127",-336725.04
"8128",-337273.024
"8129",-336214.789
"8130",-336945.248
"8131",-334743.834
"8132",-336645.909
"8133",-335637.233
"8134",-335425.074
"8135",-337016.275
"8136",-334836.887
"8137",-337091.704
"8138",-335462.596
"8139",-336292.373
"8140",-334900.746
"8141",-337208.991
"8142",-336104.697
"8143",-335230.792
"8144",-335800.398
"8145",-336024.127
"8146",-336217.712
"8147",-336628.644
"8148",-335744.282
"8149",-337382.391
"8150",-336692.729
"8151",-336352.011
"8152",-334747.45
"8153",-335904.7
"8154",-337470.104
"8155",-336878.042
"8156",-335454.944
"8157",-336367.495
"8158",-336816.405
"8159",-339441.243
"8160",-337919.246
"8161",-336126.503
"8162",-337297.02
"8163",-338126.599
"8164",-335983.168
"8165",-337583.288
"8166",-335900.118
"8167",-336391.283
"8168",-336330.422
"8169",-336588.308
"8170",-335685.295
"8171",-335007.645
"8172",-337932.635
"8173",-337716.623
"8174",-333798.854
"8175",-335207.796
"8176",-338759.847
"8177",-335830.483
"8178",-337984.743
"8179",-338810.971
"8180",-334628.216
"8181",-335810.476
"8182",-335431.443
"8183",-337679.748
"8184",-335551.89
"8185",-335439.192
"8186",-335752.39
"8187",-336806.886
"8188",-337453.317
"8189",-337055.936
"8190",-337136.416
"8191",-335849.342
"8192",-335831.544
"8193",-337477.084
"8194",-336583.964
"8195",-336459.546
"8196",-334538.354
"8197",-337914.34
"8198",-335665.183
"8199",-335474.214
"8200",-337720.517
"8201",-338301.846
"8202",-336179.288
"8203",-336584.782
"8204",-336833.424
"8205",-335521.706
"8206",-336249.189
"8207",-337882.454
"8208",-337290.493
"8209",-337710.426
"8210",-337829.707
"8211",-335687.854
"8212",-335756.493
"8213",-333309.803
"8214",-335350.889
"8215",-337029.369
"8216",-336354.351
"8217",-333939.112
"8218",-335929.829
"8219",-336988.726
"8220",-336626.849
"8221",-336370.698
"8222",-336156.914
"8223",-336600.725
"8224",-336047.447
"8225",-336174.078
"8226",-334695.472
"8227",-338708.553
"8228",-336168.447
"8229",-335886.711
"8230",-336154.366
"8231",-336242.956
"8232",-338627.727
"8233",-337726.883
"8234",-338127.041
"8235",-337208.914
"8236",-336716.223
"8237",-334656.605
"8238",-335768.897
"8239",-335607.801
"8240",-337929.316
"8241",-334713.372
"8242",-336944.192
"8243",-339014.972
"8244",-335140.609
"8245",-336616.346
"8246",-335931.837
"8247",-337210.029
"8248",-335405.064
"8249",-336675.656
"8250",-338231.619
"8251",-336210.526
"8252",-334872.066
"8253",-336654.909
"8254",-336498.738
"8255",-334232.106
"8256",-336428.342
"8257",-336273.053
"8258",-335724.524
"8259",-336130.559
"8260",-335935.505
"8261",-335274.099
"8262",-337162.577
"8263",-336136.51
"8264",-337189.43
"8265",-336629.761
"8266",-335196.9
"8267",-337724.772
"8268",-336321.402
"8269",-337204.225
"8270",-336869.41
"8271",-336646.177
"8272",-336385.473
"8273",-336120.055
"8274",-337677.272
"8275",-337425.26
"8276",-336499.859
"8277",-336066.304
"8278",-336662.129
"8279",-334327.398
"8280",-338447.846
"8281",-336176.458
"8282",-336737.888
"8283",-336449.112
"8284",-335956.644
"8285",-337311.127
"8286",-336164.408
"8287",-336191.09
"8288",-336487.537
"8289",-337639.949
"8290",-334885.95
"8291",-337105.909
"8292",-336357
"8293",-335973.202
"8294",-337595.5
"8295",-336437.785
"8296",-335345.995
"8297",-337735.73
"8298",-335196.263
"8299",-333985.672
"8300",-335997.844
"8301",-336806.903
"8302",-335262.31
"8303",-334531.028
"8304",-336554.26
"8305",-337315.18
"8306",-335179.772
"8307",-337002.035
"8308",-336560.899
"8309",-336551.377
"8310",-336459.403
"8311",-335126.646
"8312",-334835.504
"8313",-334406.892
"8314",-337376.996
"8315",-337385.988
"8316",-337602.759
"8317",-337668.582
"8318",-336535.106
"8319",-337872.881
"8320",-336675.887
"8321",-337314.897
"8322",-338233.358
"8323",-338436.999
"8324",-337094.965
"8325",-335245.737
"8326",-335344.35
"8327",-335173.897
"8328",-335919.387
"8329",-335500.944
"8330",-336701.477
"8331",-337521.375
"8332",-336967.392
"8333",-336044.572
"8334",-338422.721
"8335",-334420.803
"8336",-334547.278
"8337",-337039.266
"8338",-336370.52
"8339",-336357.802
"8340",-337828.036
"8341",-336836.722
"8342",-338374.499
"8343",-338632.741
"8344",-336894.585
"8345",-335876.819
"8346",-336509.659
"8347",-337726.278
"8348",-334758.928
"8349",-336232.623
"8350",-336463.06
"8351",-336131.826
"8352",-337587.41
"8353",-334821.714
"8354",-334990.921
"8355",-336056.906
"8356",-337649.53
"8357",-340312.405
"8358",-335812.703
"8359",-336386.014
"8360",-335993.577
"8361",-335228.511
"8362",-336195.848
"8363",-335280.918
"8364",-334130.162
"8365",-334730.576
"8366",-337000.326
"8367",-337112.039
"8368",-337034.684
"8369",-337117.851
"8370",-335195.924
"8371",-337674.316
"8372",-337562.117
"8373",-334967.861
"8374",-336554.518
"8375",-338414.891
"8376",-336766.614
"8377",-338099.967
"8378",-335339.562
"8379",-335177.232
"8380",-336548.067
"8381",-335629.721
"8382",-338908.287
"8383",-335955.071
"8384",-335095.286
"8385",-335350.156
"8386",-336521.37
"8387",-336263.229
"8388",-336760.334
"8389",-334849.368
"8390",-337890.846
"8391",-336357.272
"8392",-337436.358
"8393",-334491.423
"8394",-336848.963
"8395",-336747.562
"8396",-336373.137
"8397",-337660.526
"8398",-338277.045
"8399",-337047.576
"8400",-338137.561
"8401",-334468.077
"8402",-336954.21
"8403",-336831.109
"8404",-336799.627
"8405",-337586.935
"8406",-337394.056
"8407",-336079.781
"8408",-338553.262
"8409",-336112.592
"8410",-336851.551
"8411",-338592.538
"8412",-335914.426
"8413",-337486.592
"8414",-337045.161
"8415",-336953.145
"8416",-338149.29
"8417",-335214.176
"8418",-336215.47
"8419",-335304.528
"8420",-338161.213
"8421",-336450.407
"8422",-336631.333
"8423",-337399.942
"8424",-337252.833
"8425",-338157.31
"8426",-336246.339
"8427",-337805.376
"8428",-338036.546
"8429",-336708.473
"8430",-338303.282
"8431",-337230.813
"8432",-337684.566
"8433",-335742.772
"8434",-339722.876
"8435",-336195.961
"8436",-337596.209
"8437",-336554.894
"8438",-335745.226
"8439",-336198.617
"8440",-336171.78
"8441",-338858.026
"8442",-336924.304
"8443",-335904.043
"8444",-336959.397
"8445",-335164.98
"8446",-336284.005
"8447",-336949.715
"8448",-336083.385
"8449",-336598.403
"8450",-336044.11
"8451",-337332.931
"8452",-337221.983
"8453",-335998.198
"8454",-336199.153
"8455",-336403.908
"8456",-337351.436
"8457",-338180.161
"8458",-336123.935
"8459",-334993.99
"8460",-336608.056
"8461",-336849.011
"8462",-335958.274
"8463",-336099.157
"8464",-336569.482
"8465",-336201.281
"8466",-334436.772
"8467",-338164.973
"8468",-337169.513
"8469",-337855.538
"8470",-338208.282
"8471",-337438.931
"8472",-336626.2
"8473",-335823.67
"8474",-334543.606
"8475",-337998.139
"8476",-336510.186
"8477",-335671.314
"8478",-334631.8
"8479",-337722.498
"8480",-336712.924
"8481",-338685.304
"8482",-336557.893
"8483",-335473.409
"8484",-336321.276
"8485",-336249.072
"8486",-336537.152
"8487",-338494.912
"8488",-336135.625
"8489",-338303.587
"8490",-336220.863
"8491",-334471.521
"8492",-335935.979
"8493",-335383.045
"8494",-335699.608
"8495",-338185.877
"8496",-335911.741
"8497",-334963.039
"8498",-336586.419
"8499",-335109.348
"8500",-336998.904
"8501",-337497.413
"8502",-336329.826
"8503",-335335.589
"8504",-336079.88
"8505",-336899.643
"8506",-337804.724
"8507",-334950.553
"8508",-336210.932
"8509",-337840.368
"8510",-335300.142
"8511",-335722.188
"8512",-337362.775
"8513",-336669.847
"8514",-336547.742
"8515",-337395.999
"8516",-336432.133
"8517",-337853.88
"8518",-336215.427
"8519",-337203.865
"8520",-336573.158
"8521",-336777.593
"8522",-335398.875
"8523",-337407.883
"8524",-336553.334
"8525",-335200.265
"8526",-337684.064
"8527",-335882.004
"8528",-335836.429
"8529",-337590.115
"8530",-335597.602
"8531",-337169.352
"8532",-337555.221
"8533",-335577.15
"8534",-338505.593
"8535",-336486.707
"8536",-335302.561
"8537",-338483.537
"8538",-336800.835
"8539",-335829.033
"8540",-336375.457
"8541",-335782.002
"8542",-337085.779
"8543",-336000.81
"8544",-335477.15
"8545",-336609.651
"8546",-336395.727
"8547",-336869.569
"8548",-336327.973
"8549",-336394.94
"8550",-338435.32
"8551",-336225.415
"8552",-336708.474
"8553",-338105.221
"8554",-337594.558
"8555",-336560.67
"8556",-334828.934
"8557",-338166.56
"8558",-339260.515
"8559",-336957.156
"8560",-336747.159
"8561",-335191.302
"8562",-335468.279
"8563",-338529.933
"8564",-339055.937
"8565",-335199.83
"8566",-336502.15
"8567",-335954.816
"8568",-336735.857
"8569",-339361.899
"8570",-336879.727
"8571",-335628.732
"8572",-335924.067
"8573",-336815.514
"8574",-338052.409
"8575",-336968.421
"8576",-337357.863
"8577",-336187.797
"8578",-336786.201
"8579",-337957.862
"8580",-334444.634
"8581",-334636.084
"8582",-335449.26
"8583",-334537.347
"8584",-335049.599
"8585",-335440.604
"8586",-338326.145
"8587",-338193.726
"8588",-335442.61
"8589",-337207.963
"8590",-336527.128
"8591",-336539.064
"8592",-337129.409
"8593",-336434.983
"8594",-337580.156
"8595",-336843.203
"8596",-337694.952
"8597",-338556.051
"8598",-336671.474
"8599",-337256.055
"8600",-338238.061
"8601",-334901.181
"8602",-338506.146
"8603",-337113.682
"8604",-336242.211
"8605",-337196.021
"8606",-334814.571
"8607",-337153.57
"8608",-338472.406
"8609",-337288.039
"8610",-339375.361
"8611",-335338.24
"8612",-336743.778
"8613",-335527.576
"8614",-334898.161
"8615",-336713.461
"8616",-335989.492
"8617",-336337.299
"8618",-336405.005
"8619",-337274.516
"8620",-336268.336
"8621",-338013.632
"8622",-338085.861
"8623",-336909.604
"8624",-336212.893
"8625",-336493.526
"8626",-337159.883
"8627",-338293.791
"8628",-336906.111
"8629",-336685.439
"8630",-336883.07
"8631",-336502.793
"8632",-337669.266
"8633",-335090.053
"8634",-334347.838
"8635",-335696.835
"8636",-338027.188
"8637",-337614.736
"8638",-336648.515
"8639",-336888.481
"8640",-336393.075
"8641",-336899.706
"8642",-335192.489
"8643",-336790.319
"8644",-337291.692
"8645",-335722.606
"8646",-336323.391
"8647",-335546.68
"8648",-335085.203
"8649",-335591.012
"8650",-335870.629
"8651",-336724.801
"8652",-336492.428
"8653",-339371.555
"8654",-336733.543
"8655",-336227.879
"8656",-338512.146
"8657",-337142.907
"8658",-337103.703
"8659",-337152.561
"8660",-336936.061
"8661",-336007.456
"8662",-337163.131
"8663",-338669.525
"8664",-338686.8
"8665",-335943.5
"8666",-336273.744
"8667",-336118.662
"8668",-337247.839
"8669",-336859.576
"8670",-336103.769
"8671",-336934.621
"8672",-337343.145
"8673",-337104.13
"8674",-338257.974
"8675",-337976.233
"8676",-335405.334
"8677",-335877.255
"8678",-336384.532
"8679",-337232.545
"8680",-338492.175
"8681",-335612.389
"8682",-336497.937
"8683",-337260.538
"8684",-335175.041
"8685",-337374.292
"8686",-336941.72
"8687",-338685.019
"8688",-337129.538
"8689",-334464.58
"8690",-336432.38
"8691",-336643.134
"8692",-335921.844
"8693",-338902.285
"8694",-337273.598
"8695",-336555.31
"8696",-337103.793
"8697",-335244.887
"8698",-339383.212
"8699",-338912.802
"8700",-337361.336
"8701",-337444.791
"8702",-336076.167
"8703",-337638.773
"8704",-337175.987
"8705",-335876.243
"8706",-336463.293
"8707",-340094.326
"8708",-336313.335
"8709",-335072.547
"8710",-338097.2
"8711",-335914.284
"8712",-336901.923
"8713",-336346.94
"8714",-336101.444
"8715",-335382.947
"8716",-336451.823
"8717",-337311.325
"8718",-337831.986
"8719",-334827.259
"8720",-336859.084
"8721",-338209.732
"8722",-337939.958
"8723",-336246.789
"8724",-337310.121
"8725",-338354.725
"8726",-337101.926
"8727",-335275.488
"8728",-336518.154
"8729",-336378.49
"8730",-334119.558
"8731",-335317.75
"8732",-337442.738
"8733",-333830.788
"8734",-336424.384
"8735",-337701.347
"8736",-338636.412
"8737",-337586.478
"8738",-337334.806
"8739",-337638.233
"8740",-335639.469
"8741",-338081.036
"8742",-338172.21
"8743",-337510.267
"8744",-338717.144
"8745",-334914.656
"8746",-337473.122
"8747",-336641.936
"8748",-335745.644
"8749",-337138.118
"8750",-335172.895
"8751",-335145.449
"8752",-335566.046
"8753",-338000.684
"8754",-335981.118
"8755",-334824.704
"8756",-336121.559
"8757",-336809.347
"8758",-336873.28
"8759",-337252.747
"8760",-338225.898
"8761",-337337.855
"8762",-336800.109
"8763",-336309.402
"8764",-335348.133
"8765",-337034.311
"8766",-337005.972
"8767",-335729.664
"8768",-337307.107
"8769",-335697.617
"8770",-337236.016
"8771",-335616.517
"8772",-338069.498
"8773",-337022.328
"8774",-336406.808
"8775",-338027.287
"8776",-337754.63
"8777",-337602.767
"8778",-337881.338
"8779",-336980.314
"8780",-335835.567
"8781",-335706.567
"8782",-337387.099
"8783",-336732.436
"8784",-337398.44
"8785",-336811.438
"8786",-334903.212
"8787",-337535.451
"8788",-336888.225
"8789",-337699.354
"8790",-336010.682
"8791",-336300.193
"8792",-338161.707
"8793",-335391.212
"8794",-337825.807
"8795",-336115.693
"8796",-336570.386
"8797",-336324.899
"8798",-337726.929
"8799",-338056.693
"8800",-336207.08
"8801",-337423.398
"8802",-336688.4
"8803",-335687.718
"8804",-336600.882
"8805",-336816.909
"8806",-336426.007
"8807",-336552.292
"8808",-337739.983
"8809",-338686.506
"8810",-335628.538
"8811",-336365.36
"8812",-337154.768
"8813",-336911.81
"8814",-336527.563
"8815",-335957.702
"8816",-336404.041
"8817",-335523.026
"8818",-336421.819
"8819",-335399.155
"8820",-336656.31
"8821",-337079.129
"8822",-336566.391
"8823",-336361.107
"8824",-335307.354
"8825",-339088.322
"8826",-334922.909
"8827",-336411.431
"8828",-337995.804
"8829",-337091.7
"8830",-338311.297
"8831",-336376.38
"8832",-337150.854
"8833",-337915.912
"8834",-335559.416
"8835",-334622.012
"8836",-337152.986
"8837",-336386.906
"8838",-338934.247
"8839",-336707.431
"8840",-334713.334
"8841",-337493.855
"8842",-335813.784
"8843",-337890.159
"8844",-336828.321
"8845",-337355.595
"8846",-338225.211
"8847",-336076.716
"8848",-337475.768
"8849",-336101.91
"8850",-336926.826
"8851",-336824.329
"8852",-336137.207
"8853",-335503.539
"8854",-339251.3
"8855",-338236.49
"8856",-337555.499
"8857",-337419.567
"8858",-337391.206
"8859",-336052.584
"8860",-335432.647
"8861",-337206.718
"8862",-337312.169
"8863",-338245.299
"8864",-335809.511
"8865",-336475.507
"8866",-336322.758
"8867",-336796.92
"8868",-335473.904
"8869",-338743.843
"8870",-336537.431
"8871",-335366.428
"8872",-335937.208
"8873",-335593.835
"8874",-336434.105
"8875",-337511.997
"8876",-336022.248
"8877",-336352.467
"8878",-335351.649
"8879",-336939.028
"8880",-335958.91
"8881",-336788.88
"8882",-339459.507
"8883",-337168.517
"8884",-338690.534
"8885",-336735.721
"8886",-336733.801
"8887",-336148.122
"8888",-336688.012
"8889",-336478.952
"8890",-336435.166
"8891",-338691.654
"8892",-335737.562
"8893",-336064.193
"8894",-336215.487
"8895",-338318.362
"8896",-338221.597
"8897",-336090.167
"8898",-337311.749
"8899",-337342.751
"8900",-335025.642
"8901",-335152.64
"8902",-336389.623
"8903",-334992.958
"8904",-338249.733
"8905",-333632.085
"8906",-336487.616
"8907",-336531.112
"8908",-335169.199
"8909",-335476.022
"8910",-334473.651
"8911",-335278.58
"8912",-337284.884
"8913",-334513.781
"8914",-335550.188
"8915",-337334.156
"8916",-334249.963
"8917",-336494.688
"8918",-337618.444
"8919",-338400.832
"8920",-336947.776
"8921",-334650.433
"8922",-338706.715
"8923",-336084.607
"8924",-336145.197
"8925",-337180.473
"8926",-336762.676
"8927",-338198.472
"8928",-337987.861
"8929",-337024.003
"8930",-336630.976
"8931",-336024.488
"8932",-337195.283
"8933",-340171.638
"8934",-338618.753
"8935",-336171.468
"8936",-335404.169
"8937",-337279.423
"8938",-336219.5
"8939",-336827.931
"8940",-336526.394
"8941",-336763.149
"8942",-336093.84
"8943",-338629.464
"8944",-335990.94
"8945",-338504.96
"8946",-337477.673
"8947",-335743.101
"8948",-336638.458
"8949",-335965.401
"8950",-337583.727
"8951",-335328.11
"8952",-336028.486
"8953",-336278.936
"8954",-337836.149
"8955",-335041.797
"8956",-336734.522
"8957",-336780.252
"8958",-337786.161
"8959",-335871.246
"8960",-336560.478
"8961",-337400.659
"8962",-335873.291
"8963",-340008.754
"8964",-336507.228
"8965",-337342.393
"8966",-336859.187
"8967",-336315.755
"8968",-337898.89
"8969",-337074.393
"8970",-338123.585
"8971",-338186.85
"8972",-337640.962
"8973",-336646.877
"8974",-338948.145
"8975",-335607.5
"8976",-337051.455
"8977",-336190.714
"8978",-336205.664
"8979",-339291.082
"8980",-337673.862
"8981",-337169
"8982",-334758.11
"8983",-337370.79
"8984",-336947.127
"8985",-335346.205
"8986",-338477.024
"8987",-336693.063
"8988",-336360.226
"8989",-338627.659
"8990",-337673.604
"8991",-335502.816
"8992",-337209.339
"8993",-335710.852
"8994",-337149.973
"8995",-338102.824
"8996",-335588.725
"8997",-335887.255
"8998",-337241.846
"8999",-336472.653
"9000",-337297.697
"9001",-337652.456
"9002",-335977.944
"9003",-337842.722
"9004",-336067.928
"9005",-336258.191
"9006",-336509.705
"9007",-335753.281
"9008",-337490.218
"9009",-338055.774
"9010",-335062.555
"9011",-337934.591
"9012",-336305.51
"9013",-335526.814
"9014",-337120.93
"9015",-338391.614
"9016",-336562.11
"9017",-336988.643
"9018",-335812.6
"9019",-335851.013
"9020",-335807.046
"9021",-334962.815
"9022",-337381.389
"9023",-337418.278
"9024",-336516.634
"9025",-336016.37
"9026",-335195.35
"9027",-338363.148
"9028",-337051.458
"9029",-339933.274
"9030",-335942.452
"9031",-337311.412
"9032",-337040.959
"9033",-337375.028
"9034",-336945.943
"9035",-335908.196
"9036",-336716.834
"9037",-337040.368
"9038",-337474.363
"9039",-334697.597
"9040",-336940.942
"9041",-336135.949
"9042",-336376.991
"9043",-337522.224
"9044",-336799.786
"9045",-336529.988
"9046",-337528.629
"9047",-337621.38
"9048",-335846.207
"9049",-335465.974
"9050",-335564.787
"9051",-335222.524
"9052",-335292.334
"9053",-334544.979
"9054",-340128.571
"9055",-336827.07
"9056",-335426.314
"9057",-336326.579
"9058",-337015.785
"9059",-337504.231
"9060",-336533.439
"9061",-338022.505
"9062",-337285.351
"9063",-338048.865
"9064",-335722.257
"9065",-334412.471
"9066",-336715.828
"9067",-338627.371
"9068",-335178.229
"9069",-335466.708
"9070",-337577.146
"9071",-337935.606
"9072",-336585.191
"9073",-337749.52
"9074",-334103.989
"9075",-338007.479
"9076",-337194.027
"9077",-337824.668
"9078",-337578.682
"9079",-335435.388
"9080",-336549.348
"9081",-336212.579
"9082",-336671.029
"9083",-336607.851
"9084",-335285.532
"9085",-335132.565
"9086",-337646.471
"9087",-335931.219
"9088",-335794.791
"9089",-336274.868
"9090",-335584.976
"9091",-337853.767
"9092",-334371.877
"9093",-338022.301
"9094",-337545.141
"9095",-337805.602
"9096",-336923.613
"9097",-337120.275
"9098",-337690.643
"9099",-335183.194
"9100",-339209.739
"9101",-336498.396
"9102",-335421.802
"9103",-334250.765
"9104",-335560.027
"9105",-338135.104
"9106",-337920.401
"9107",-336477.886
"9108",-337691.138
"9109",-335232.49
"9110",-336709.047
"9111",-337241.824
"9112",-336914.546
"9113",-334808.955
"9114",-338204.39
"9115",-337609.914
"9116",-337829.474
"9117",-337358.707
"9118",-338035.829
"9119",-337444.604
"9120",-337081.888
"9121",-337547.386
"9122",-336512.506
"9123",-337956.899
"9124",-337133.758
"9125",-334747.811
"9126",-336040.64
"9127",-334599.748
"9128",-336273.967
"9129",-335274.089
"9130",-335816.306
"9131",-337506.532
"9132",-336880.933
"9133",-337140.555
"9134",-336219.578
"9135",-336907.215
"9136",-338589.49
"9137",-337060.352
"9138",-335217.987
"9139",-337166.296
"9140",-335527.084
"9141",-339006.318
"9142",-338571.96
"9143",-337634.943
"9144",-336630.95
"9145",-337075.042
"9146",-336970.423
"9147",-336761.125
"9148",-335790.225
"9149",-336461.584
"9150",-334566.352
"9151",-335729.872
"9152",-336184.852
"9153",-335002.338
"9154",-337548.102
"9155",-335750.789
"9156",-335696.904
"9157",-335848.328
"9158",-336020.739
"9159",-337171.8
"9160",-335651.026
"9161",-336936.185
"9162",-338719.771
"9163",-338797.994
"9164",-336216.453
"9165",-336730.467
"9166",-334379.6
"9167",-335877.282
"9168",-336782.328
"9169",-333982.496
"9170",-335233.079
"9171",-335552.716
"9172",-335568.215
"9173",-337849.58
"9174",-337342.864
"9175",-337069.676
"9176",-334993.123
"9177",-336775.779
"9178",-335896.717
"9179",-337413.507
"9180",-335650.04
"9181",-334570.276
"9182",-336358.655
"9183",-335193.901
"9184",-338059.286
"9185",-338829.502
"9186",-336706.191
"9187",-335649.978
"9188",-334670.629
"9189",-336609.525
"9190",-336831.715
"9191",-335457.101
"9192",-335924.348
"9193",-335266.438
"9194",-338014.986
"9195",-337532.566
"9196",-338146.348
"9197",-336801.289
"9198",-336978.906
"9199",-335018.636
"9200",-334058.311
"9201",-339271.261
"9202",-335498.199
"9203",-337048.666
"9204",-337263.61
"9205",-337865.461
"9206",-337367.048
"9207",-335984.861
"9208",-337064.501
"9209",-337210.131
"9210",-338496.53
"9211",-338159.309
"9212",-336795.425
"9213",-335203.66
"9214",-336539.366
"9215",-336612.538
"9216",-336924.768
"9217",-338505.644
"9218",-337350.599
"9219",-335413.237
"9220",-336770.318
"9221",-336344.196
"9222",-337585.154
"9223",-336454.626
"9224",-337267.162
"9225",-336326.095
"9226",-336558.095
"9227",-335390.218
"9228",-336592.369
"9229",-337227.996
"9230",-336921.269
"9231",-334597.235
"9232",-336736.796
"9233",-337311.321
"9234",-334939.755
"9235",-335947.2
"9236",-336134.898
"9237",-336730.274
"9238",-339971.247
"9239",-337938.266
"9240",-339584.385
"9241",-336483.505
"9242",-336015.346
"9243",-334263.161
"9244",-335970.74
"9245",-338389.108
"9246",-334967.373
"9247",-337079.935
"9248",-338113.824
"9249",-337381.536
"9250",-337609.6
"9251",-337674.956
"9252",-336754.842
"9253",-337338.242
"9254",-336163.898
"9255",-337248.172
"9256",-336970.068
"9257",-336724.777
"9258",-335179.455
"9259",-333785.518
"9260",-335872.733
"9261",-337559.524
"9262",-337880.264
"9263",-335482.999
"9264",-336847.509
"9265",-337009.639
"9266",-337859.765
"9267",-336183.611
"9268",-337817.5
"9269",-336749.799
"9270",-338419.62
"9271",-335900.435
"9272",-336355.477
"9273",-337978.259
"9274",-336170.023
"9275",-335738.42
"9276",-336432.232
"9277",-337114.926
"9278",-335041.479
"9279",-335564.992
"9280",-337551.381
"9281",-336936.355
"9282",-336472.707
"9283",-338397.158
"9284",-337091.254
"9285",-337365.363
"9286",-336240.12
"9287",-333932.636
"9288",-337195.405
"9289",-335561.082
"9290",-336558.127
"9291",-337005.853
"9292",-336713.517
"9293",-335703.563
"9294",-335288.372
"9295",-338037.201
"9296",-337278.886
"9297",-336477.984
"9298",-337053.728
"9299",-337087.559
"9300",-335073.687
"9301",-336718.598
"9302",-335484.481
"9303",-337363.989
"9304",-335558.797
"9305",-335860.312
"9306",-337718.647
"9307",-333659.497
"9308",-334782.185
"9309",-335470.952
"9310",-338080.527
"9311",-337108.666
"9312",-335963.794
"9313",-337606.099
"9314",-335580.807
"9315",-335858.572
"9316",-337330.554
"9317",-337650.849
"9318",-335944.001
"9319",-335735.479
"9320",-334059.001
"9321",-336997.531
"9322",-338239.512
"9323",-337395.957
"9324",-337865.949
"9325",-334101.532
"9326",-333860.299
"9327",-336338.377
"9328",-337743.293
"9329",-337235.391
"9330",-337564.638
"9331",-334849.496
"9332",-336107.816
"9333",-335517.643
"9334",-335240.682
"9335",-336843.159
"9336",-336677.868
"9337",-335963.814
"9338",-337834.697
"9339",-337173.344
"9340",-338113.325
"9341",-335214.25
"9342",-338015.878
"9343",-334588.78
"9344",-336076.523
"9345",-337443.384
"9346",-335576.116
"9347",-336230.733
"9348",-337432.491
"9349",-335756.177
"9350",-337984.645
"9351",-338704.879
"9352",-336100.736
"9353",-336660.166
"9354",-338327.154
"9355",-336964.21
"9356",-336388.112
"9357",-336308.225
"9358",-337503.875
"9359",-337777.623
"9360",-335529.731
"9361",-337001.209
"9362",-336902.996
"9363",-336598.532
"9364",-335768.143
"9365",-335583.089
"9366",-336758.872
"9367",-334757.25
"9368",-335862.463
"9369",-339152.514
"9370",-336189.381
"9371",-338136.064
"9372",-335418.497
"9373",-334631.141
"9374",-335490.016
"9375",-336436.832
"9376",-337174.08
"9377",-337454.886
"9378",-335340.707
"9379",-339357.116
"9380",-338269.735
"9381",-334291.449
"9382",-338400.665
"9383",-337706.021
"9384",-337047.871
"9385",-337160.105
"9386",-336882.042
"9387",-335525.52
"9388",-335794.552
"9389",-336707.34
"9390",-337039.683
"9391",-336425.418
"9392",-336374.208
"9393",-336938.396
"9394",-332237.697
"9395",-337994.674
"9396",-336077.283
"9397",-337344.821
"9398",-336166.897
"9399",-336688.127
"9400",-336492.666
"9401",-337799.86
"9402",-336720.125
"9403",-337462.076
"9404",-338578.623
"9405",-337333.305
"9406",-336490.168
"9407",-335827.669
"9408",-336459.339
"9409",-336413.149
"9410",-337036.013
"9411",-334739.075
"9412",-336534.426
"9413",-336386.339
"9414",-335912.721
"9415",-337548.17
"9416",-334707.917
"9417",-337014.116
"9418",-334073.725
"9419",-336440.625
"9420",-337331.336
"9421",-334754.893
"9422",-337034.122
"9423",-336523.478
"9424",-338809.516
"9425",-335989.987
"9426",-336132.08
"9427",-338977.608
"9428",-335058.559
"9429",-337961.04
"9430",-335000.233
"9431",-336163.321
"9432",-336570.398
"9433",-335656.382
"9434",-337554.577
"9435",-337908.759
"9436",-336009.459
"9437",-338491.863
"9438",-335913.89
"9439",-338316.641
"9440",-335988.257
"9441",-336037.778
"9442",-335697.963
"9443",-335367.501
"9444",-337653.042
"9445",-336439.982
"9446",-340029.707
"9447",-335651.848
"9448",-335314.885
"9449",-337180.968
"9450",-336534.141
"9451",-335970.662
"9452",-336391.336
"9453",-335533.46
"9454",-337216.776
"9455",-336802.731
"9456",-335315.507
"9457",-337875.641
"9458",-336386.581
"9459",-336323.448
"9460",-338186.002
"9461",-337413.495
"9462",-336632.432
"9463",-336657.647
"9464",-335863.369
"9465",-338772.484
"9466",-335211.658
"9467",-337225.114
"9468",-335857.683
"9469",-336813.41
"9470",-339347.818
"9471",-336001.441
"9472",-337461.638
"9473",-337281.844
"9474",-336817.67
"9475",-335639.529
"9476",-337147.714
"9477",-336406.397
"9478",-335467.234
"9479",-336737.431
"9480",-335077.807
"9481",-337791.12
"9482",-335893.06
"9483",-338624.755
"9484",-336362.689
"9485",-337518.334
"9486",-336845.227
"9487",-336181.839
"9488",-336302.533
"9489",-336094.805
"9490",-337403.28
"9491",-337554.398
"9492",-335725.845
"9493",-336389.041
"9494",-335266.809
"9495",-337249.391
"9496",-337462.651
"9497",-336986.63
"9498",-336651.078
"9499",-338095.195
"9500",-338510.592
"9501",-337711.547
"9502",-337422.654
"9503",-336239.024
"9504",-336157.899
"9505",-337148.193
"9506",-335392.958
"9507",-338489.584
"9508",-337271.149
"9509",-336946.897
"9510",-337022.037
"9511",-337868.272
"9512",-338636.345
"9513",-337329.128
"9514",-335508.577
"9515",-338356.724
"9516",-336294.751
"9517",-336259.954
"9518",-334777.923
"9519",-338660.353
"9520",-335730.667
"9521",-337224.32
"9522",-336413.435
"9523",-336761.041
"9524",-336744.684
"9525",-336536.886
"9526",-337330.692
"9527",-334880.021
"9528",-337055.884
"9529",-336528.81
"9530",-338359.164
"9531",-335288.294
"9532",-336173.25
"9533",-337274.722
"9534",-334882.689
"9535",-338871.075
"9536",-336268.385
"9537",-336503.631
"9538",-337016.551
"9539",-337638.355
"9540",-335371.291
"9541",-336607.451
"9542",-336818.725
"9543",-335063.247
"9544",-337368.265
"9545",-337405.989
"9546",-335921.169
"9547",-336784.566
"9548",-336873.25
"9549",-335782.876
"9550",-334515.416
"9551",-336266.863
"9552",-335497.976
"9553",-336546.472
"9554",-337344.155
"9555",-337007.385
"9556",-336618.352
"9557",-337153.209
"9558",-337304.658
"9559",-337084.548
"9560",-335635.175
"9561",-338794.673
"9562",-336867.798
"9563",-334353.653
"9564",-336714.649
"9565",-336991.631
"9566",-336230.654
"9567",-337827.231
"9568",-337991.468
"9569",-337904.167
"9570",-336420.733
"9571",-337100.357
"9572",-338323.824
"9573",-337252.228
"9574",-336865.039
"9575",-335396.017
"9576",-335702.344
"9577",-338413.533
"9578",-337434.263
"9579",-336271.105
"9580",-337784.163
"9581",-337754.093
"9582",-337127.709
"9583",-335539.681
"9584",-337209.76
"9585",-337997.099
"9586",-337440.817
"9587",-336646.931
"9588",-337757.83
"9589",-335991.975
"9590",-335249.443
"9591",-336425.643
"9592",-337093.064
"9593",-335564.596
"9594",-337575.322
"9595",-336196.919
"9596",-338113.397
"9597",-336799.535
"9598",-335794.69
"9599",-335769.683
"9600",-337491.434
"9601",-337223.422
"9602",-337146.412
"9603",-337330.493
"9604",-335543.487
"9605",-339879.326
"9606",-337952
"9607",-337559.412
"9608",-337204.764
"9609",-336692.187
"9610",-334020.004
"9611",-337339.273
"9612",-338087.754
"9613",-337702.513
"9614",-334442.287
"9615",-338660.019
"9616",-337744.106
"9617",-333894.422
"9618",-336612.929
"9619",-337382.625
"9620",-339566.441
"9621",-335465.071
"9622",-336170.878
"9623",-336123.825
"9624",-336369.638
"9625",-334154.34
"9626",-335334.818
"9627",-336170.375
"9628",-337274.334
"9629",-335784.36
"9630",-334161.335
"9631",-336443.508
"9632",-337541.995
"9633",-337914.441
"9634",-338842.607
"9635",-336599.217
"9636",-336303.027
"9637",-334709.806
"9638",-339354.647
"9639",-337230.085
"9640",-336887.303
"9641",-333724.204
"9642",-336053.128
"9643",-335886.775
"9644",-336707.337
"9645",-335567.676
"9646",-334437.915
"9647",-336157.005
"9648",-336446.59
"9649",-338176.62
"9650",-336023.555
"9651",-338364.571
"9652",-335208.55
"9653",-336536.815
"9654",-337144.748
"9655",-337147.978
"9656",-336599.233
"9657",-337582.268
"9658",-336481.172
"9659",-336042.13
"9660",-334924.307
"9661",-336256.033
"9662",-336013.959
"9663",-335459.109
"9664",-336060.715
"9665",-336356.746
"9666",-335596.761
"9667",-336241.668
"9668",-336433.437
"9669",-335905.754
"9670",-336391.132
"9671",-337937.141
"9672",-338381.312
"9673",-337934.221
"9674",-337679.307
"9675",-336239.324
"9676",-337011.585
"9677",-335297.764
"9678",-337406.039
"9679",-339045.676
"9680",-335322.19
"9681",-336782.586
"9682",-337086.399
"9683",-336725.839
"9684",-336905.833
"9685",-338688.252
"9686",-335434.161
"9687",-336401.955
"9688",-336190.494
"9689",-337961.21
"9690",-336953.192
"9691",-337452.07
"9692",-335311.296
"9693",-337481.878
"9694",-336524.616
"9695",-335835.263
"9696",-336689.015
"9697",-338830.996
"9698",-337029.244
"9699",-334548.702
"9700",-336651.916
"9701",-337825.314
"9702",-338524.911
"9703",-335159.46
"9704",-337091.078
"9705",-338325.059
"9706",-335948.015
"9707",-336877.191
"9708",-336533.102
"9709",-335006.073
"9710",-334674.415
"9711",-337508.874
"9712",-337284.394
"9713",-336501.015
"9714",-336737.604
"9715",-335740.181
"9716",-335957.946
"9717",-335285.016
"9718",-335735.665
"9719",-337213.16
"9720",-339061.401
"9721",-337149.893
"9722",-336146.125
"9723",-338594.122
"9724",-334696.463
"9725",-337131.678
"9726",-339515.947
"9727",-337152.498
"9728",-336150.683
"9729",-336924.645
"9730",-336397.531
"9731",-336574.274
"9732",-337403.34
"9733",-336404.485
"9734",-336335.563
"9735",-337098.842
"9736",-335535.809
"9737",-338378.627
"9738",-338382.989
"9739",-338174.963
"9740",-336014.601
"9741",-336732.427
"9742",-336784.318
"9743",-335926.238
"9744",-337923.14
"9745",-337241.197
"9746",-336022.39
"9747",-333992.307
"9748",-334921.866
"9749",-336457.047
"9750",-335862.87
"9751",-336844.445
"9752",-335910.974
"9753",-336624.542
"9754",-336635.768
"9755",-336150.851
"9756",-335275.975
"9757",-336065.567
"9758",-335804.106
"9759",-336695.781
"9760",-336088.259
"9761",-335137.145
"9762",-339371.879
"9763",-336267.54
"9764",-336375.262
"9765",-337407.82
"9766",-335513.707
"9767",-338418.704
"9768",-338163.699
"9769",-337260.129
"9770",-336973.462
"9771",-338207.58
"9772",-334558.315
"9773",-338940.656
"9774",-336763.268
"9775",-336447.354
"9776",-336239.921
"9777",-336411.597
"9778",-336380.556
"9779",-336675.512
"9780",-338198.84
"9781",-333727.119
"9782",-336462.196
"9783",-337965.097
"9784",-333815.985
"9785",-336225.999
"9786",-335924.614
"9787",-336176.692
"9788",-337178.039
"9789",-335730.936
"9790",-336138.545
"9791",-337349.063
"9792",-335541.998
"9793",-336126.884
"9794",-335203.914
"9795",-340484.451
"9796",-335537.851
"9797",-336532.469
"9798",-335333.893
"9799",-336273.364
"9800",-335553.163
"9801",-335639.102
"9802",-336180.105
"9803",-335994.693
"9804",-336921.793
"9805",-337017.365
"9806",-337534.505
"9807",-335968.808
"9808",-336561.543
"9809",-335666.755
"9810",-336647.662
"9811",-336580.149
"9812",-337578.065
"9813",-337412.892
"9814",-335950.012
"9815",-336965.216
"9816",-338428.159
"9817",-338159.173
"9818",-336517.342
"9819",-338623.262
"9820",-339567.326
"9821",-336348.537
"9822",-335735.394
"9823",-336489.297
"9824",-334463.121
"9825",-336956.073
"9826",-337060.025
"9827",-336768.455
"9828",-335642.072
"9829",-336912.343
"9830",-335760.41
"9831",-338055.129
"9832",-337497.034
"9833",-336406.05
"9834",-336193.441
"9835",-334940.623
"9836",-335947.708
"9837",-334691.95
"9838",-335625.347
"9839",-337801.415
"9840",-337107.264
"9841",-338867.286
"9842",-335493.657
"9843",-337365.605
"9844",-337251.555
"9845",-336503.261
"9846",-336918.269
"9847",-337064.013
"9848",-335696.778
"9849",-336177.21
"9850",-338227.874
"9851",-335748.204
"9852",-336584.712
"9853",-339096.313
"9854",-337441.062
"9855",-334454.798
"9856",-336858.875
"9857",-336610.554
"9858",-336076.338
"9859",-337732.759
"9860",-337765.685
"9861",-336580.602
"9862",-335505.481
"9863",-337835.645
"9864",-336130.581
"9865",-337836.771
"9866",-336044.869
"9867",-336846.422
"9868",-336833.132
"9869",-337563.169
"9870",-336798.352
"9871",-335302.331
"9872",-335776.013
"9873",-337260.129
"9874",-336797.868
"9875",-334072.157
"9876",-336562.927
"9877",-338053.572
"9878",-337003.875
"9879",-336490.52
"9880",-337796.068
"9881",-339136.111
"9882",-336885.48
"9883",-337941.15
"9884",-336559.612
"9885",-335810.605
"9886",-336025.742
"9887",-335340.207
"9888",-335501.015
"9889",-336236.815
"9890",-336576.12
"9891",-338381.87
"9892",-337465.499
"9893",-338935.435
"9894",-336561.299
"9895",-338487.008
"9896",-337279.082
"9897",-335772.448
"9898",-337096.135
"9899",-336453.53
"9900",-336417.444
"9901",-334910.669
"9902",-337747.845
"9903",-337079.932
"9904",-337256.217
"9905",-337709.25
"9906",-336638.018
"9907",-336583.53
"9908",-338110.33
"9909",-335543.644
"9910",-337310.156
"9911",-337065.783
"9912",-336522.845
"9913",-336101.022
"9914",-337351.431
"9915",-336590.555
"9916",-335370.784
"9917",-337072.554
"9918",-334984.833
"9919",-337676.178
"9920",-339842.1
"9921",-336201.611
"9922",-337331.913
"9923",-335124.787
"9924",-337201.766
"9925",-336584.843
"9926",-339412.562
"9927",-336906.249
"9928",-337045.643
"9929",-336721.591
"9930",-335336.794
"9931",-336964.455
"9932",-337258.935
"9933",-335400.088
"9934",-337571.817
"9935",-336618.346
"9936",-336140.615
"9937",-337540.803
"9938",-336418.287
"9939",-335622.199
"9940",-338557.551
"9941",-337236.149
"9942",-335689.503
"9943",-336607.036
"9944",-338792.624
"9945",-335140.822
"9946",-337959.126
"9947",-337279.06
"9948",-334944.915
"9949",-336469.215
"9950",-337758.045
"9951",-339284.023
"9952",-338058.969
"9953",-336763.259
"9954",-336676.485
"9955",-336694.862
"9956",-334472.872
"9957",-337690.401
"9958",-336766.521
"9959",-338205.311
"9960",-334916.923
"9961",-335985.12
"9962",-336432.279
"9963",-335951.189
"9964",-336910.051
"9965",-337873.765
"9966",-336209.842
"9967",-336450.504
"9968",-336419.938
"9969",-336830.047
"9970",-336347.761
"9971",-338447.732
"9972",-336572.172
"9973",-335833.341
"9974",-337172.644
"9975",-338596.264
"9976",-336678.403
"9977",-337366.151
"9978",-337226.627
"9979",-339389.625
"9980",-334615.704
"9981",-337245.4
"9982",-336783.095
"9983",-335450.217
"9984",-338730.282
"9985",-338389.23
"9986",-336276.546
"9987",-335699.484
"9988",-335562.451
"9989",-335797.724
"9990",-335614.85
"9991",-335298.844
"9992",-335853.417
"9993",-335333.417
"9994",-335119.837
"9995",-334871.073
"9996",-337982.017
"9997",-336844.902
"9998",-335524.463
"9999",-336997.366
"10000",-336963.077
