1	16	10000	9975	0.5116	0.296	0.309	0.300	0.300	0.297	0.306	0.299	0.305	0.301	0.293	0.302	0.289	0.324	0.306	0.303	0.289	0.297	0.297	0.305	0.290	0.302	0.296	0.305	0.303	0.298	0.297	0.296	0.305	0.285	0.316	1.988	0.605	0.296	0.197	4.090	-335825.974
2	16	10000	9970	0.5097	0.300	0.281	0.305	0.298	0.301	0.303	0.304	0.294	0.308	0.292	0.300	0.282	0.312	0.306	0.292	0.298	0.294	0.303	0.294	0.312	0.296	0.296	0.295	0.297	0.303	0.303	0.307	0.302	0.294	0.295	1.992	0.602	0.297	0.206	3.984	-336703.929
3	16	10000	9971	0.5134	0.279	0.300	0.296	0.295	0.305	0.315	0.299	0.298	0.309	0.305	0.293	0.308	0.309	0.301	0.302	0.319	0.303	0.296	0.295	0.303	0.282	0.329	0.293	0.309	0.316	0.298	0.304	0.297	0.307	0.304	1.982	0.597	0.308	0.197	4.009	-337790.195
4	16	10000	9962	0.5141	0.348	0.299	0.294	0.304	0.312	0.299	0.296	0.306	0.284	0.290	0.307	0.296	0.297	0.303	0.294	0.257	0.291	0.284	0.304	0.294	0.296	0.301	0.305	0.284	0.295	0.291	0.291	0.302	0.302	0.294	2.027	0.608	0.299	0.198	4.502	-334743.602
5	16	10000	9958	0.5101	0.291	0.288	0.301	0.314	0.297	0.299	0.310	0.291	0.301	0.307	0.290	0.308	0.287	0.299	0.303	0.330	0.307	0.290	0.291	0.314	0.303	0.297	0.303	0.307	0.296	0.302	0.301	0.300	0.300	0.296	2.005	0.598	0.311	0.197	4.272	-336508.926
6	16	10000	9971	0.5161	0.272	0.285	0.295	0.283	0.304	0.315	0.300	0.297	0.295	0.292	0.306	0.304	0.305	0.304	0.288	0.326	0.297	0.298	0.308	0.299	0.308	0.306	0.310	0.299	0.300	0.306	0.286	0.299	0.292	0.298	2.008	0.612	0.304	0.204	4.533	-336521.223
7	16	10000	9965	0.5121	0.302	0.304	0.292	0.297	0.298	0.317	0.298	0.292	0.301	0.304	0.312	0.309	0.288	0.289	0.288	0.294	0.293	0.290	0.294	0.293	0.317	0.295	0.304	0.301	0.291	0.305	0.284	0.308	0.303	0.288	2.002	0.606	0.303	0.201	4.132	-335580.583
8	16	10000	9972	0.5144	0.306	0.298	0.307	0.293	0.308	0.298	0.303	0.302	0.306	0.305	0.288	0.305	0.295	0.305	0.305	0.309	0.299	0.292	0.300	0.287	0.302	0.312	0.301	0.289	0.299	0.308	0.301	0.296	0.303	0.296	1.997	0.590	0.300	0.202	3.647	-337376.948
9	16	10000	9967	0.5165	0.279	0.303	0.304	0.311	0.292	0.301	0.291	0.303	0.299	0.305	0.297	0.294	0.301	0.298	0.303	0.307	0.283	0.313	0.295	0.306	0.306	0.294	0.302	0.314	0.298	0.291	0.304	0.296	0.307	0.284	2.005	0.600	0.298	0.198	3.898	-336041.156
10	16	10000	9969	0.5097	0.277	0.303	0.307	0.288	0.298	0.287	0.292	0.310	0.296	0.300	0.307	0.310	0.298	0.301	0.299	0.313	0.304	0.306	0.297	0.313	0.309	0.304	0.305	0.306	0.272	0.313	0.307	0.308	0.312	0.303	2.000	0.588	0.306	0.202	3.659	-338192.619
111	16	10000	9977	0.5151	0.304	0.294	0.294	0.300	0.322	0.309	0.313	0.302	0.313	0.308	0.302	0.300	0.317	0.295	0.309	0.305	0.302	0.301	0.295	0.310	0.303	0.307	0.298	0.299	0.288	0.304	0.297	0.303	0.287	0.300	1.990	0.598	0.311	0.201	3.871	-338540.314
2	16	10000	9970	0.5140	0.297	0.307	0.303	0.292	0.303	0.279	0.293	0.299	0.305	0.293	0.304	0.299	0.305	0.310	0.308	0.301	0.305	0.304	0.307	0.293	0.309	0.301	0.305	0.287	0.297	0.293	0.306	0.306	0.298	0.294	1.983	0.602	0.307	0.198	4.660	-336237.985
3	16	10000	9966	0.5149	0.270	0.290	0.307	0.299	0.291	0.294	0.302	0.297	0.305	0.306	0.293	0.304	0.287	0.308	0.304	0.303	0.310	0.304	0.307	0.298	0.300	0.291	0.299	0.304	0.297	0.298	0.301	0.291	0.312	0.304	1.981	0.601	0.292	0.200	3.637	-336172.417
4	16	10000	9967	0.5119	0.323	0.293	0.304	0.299	0.293	0.305	0.302	0.310	0.287	0.317	0.306	0.302	0.304	0.306	0.309	0.290	0.301	0.309	0.303	0.299	0.301	0.313	0.306	0.290	0.303	0.295	0.304	0.305	0.297	0.302	1.979	0.607	0.318	0.200	4.632	-338758.518
5	16	10000	9961	0.5121	0.272	0.288	0.296	0.303	0.305	0.303	0.296	0.314	0.301	0.301	0.300	0.295	0.286	0.298	0.287	0.320	0.310	0.298	0.295	0.292	0.303	0.312	0.300	0.294	0.302	0.297	0.297	0.306	0.308	0.298	1.986	0.599	0.300	0.198	3.556	-336006.668
6	16	10000	9970	0.5167	0.278	0.310	0.288	0.293	0.301	0.304	0.296	0.301	0.283	0.307	0.296	0.299	0.298	0.302	0.310	0.321	0.302	0.300	0.313	0.306	0.305	0.291	0.303	0.307	0.291	0.294	0.300	0.290	0.296	0.293	1.970	0.614	0.303	0.200	4.690	-336163.734
7	16	10000	9981	0.5139	0.289	0.295	0.293	0.296	0.299	0.325	0.300	0.291	0.292	0.293	0.307	0.308	0.304	0.291	0.302	0.309	0.298	0.294	0.296	0.307	0.311	0.297	0.310	0.318	0.301	0.297	0.305	0.300	0.301	0.300	2.005	0.596	0.305	0.198	3.392	-336769.253
8	16	10000	9974	0.5141	0.268	0.306	0.286	0.302	0.320	0.291	0.293	0.294	0.296	0.309	0.303	0.320	0.302	0.300	0.303	0.330	0.295	0.304	0.304	0.301	0.299	0.302	0.299	0.302	0.313	0.303	0.296	0.291	0.298	0.299	2.013	0.602	0.304	0.200	3.911	-337257.412
9	16	10000	9967	0.5130	0.312	0.298	0.308	0.299	0.307	0.310	0.306	0.302	0.305	0.305	0.304	0.300	0.304	0.299	0.298	0.294	0.293	0.308	0.314	0.300	0.292	0.301	0.301	0.288	0.295	0.292	0.294	0.301	0.295	0.297	1.977	0.589	0.297	0.195	4.172	-336016.949
10	16	10000	9967	0.5115	0.312	0.326	0.299	0.307	0.314	0.311	0.301	0.310	0.287	0.294	0.295	0.317	0.314	0.298	0.294	0.302	0.297	0.311	0.309	0.305	0.298	0.306	0.303	0.308	0.290	0.314	0.308	0.305	0.305	0.290	2.015	0.589	0.303	0.199	4.144	-338780.627
111	16	10000	9981	0.5113	0.260	0.304	0.309	0.304	0.285	0.321	0.292	0.295	0.299	0.293	0.289	0.292	0.299	0.300	0.310	0.307	0.302	0.299	0.298	0.311	0.296	0.309	0.312	0.314	0.292	0.298	0.301	0.305	0.304	0.312	2.004	0.583	0.284	0.198	3.328	-336586.874
2	16	10000	9973	0.5162	0.249	0.305	0.283	0.305	0.299	0.307	0.300	0.309	0.291	0.303	0.307	0.292	0.303	0.301	0.309	0.342	0.300	0.289	0.295	0.313	0.298	0.302	0.316	0.309	0.307	0.290	0.310	0.310	0.302	0.297	2.002	0.596	0.300	0.199	3.785	-337299.058
3	16	10000	9961	0.5124	0.268	0.297	0.286	0.304	0.301	0.311	0.304	0.296	0.299	0.293	0.284	0.301	0.296	0.306	0.310	0.321	0.314	0.289	0.314	0.299	0.294	0.298	0.295	0.280	0.291	0.313	0.292	0.305	0.293	0.303	2.003	0.596	0.293	0.199	4.095	-335755.680
4	16	10000	9968	0.5159	0.318	0.312	0.300	0.313	0.298	0.304	0.291	0.304	0.296	0.297	0.306	0.289	0.318	0.293	0.305	0.263	0.292	0.309	0.301	0.303	0.298	0.296	0.297	0.308	0.299	0.308	0.303	0.299	0.292	0.306	1.974	0.590	0.296	0.197	3.257	-337173.121
5	16	10000	9958	0.5152	0.318	0.301	0.305	0.307	0.308	0.283	0.297	0.296	0.305	0.302	0.300	0.306	0.301	0.300	0.305	0.288	0.295	0.292	0.312	0.300	0.286	0.318	0.287	0.312	0.301	0.302	0.294	0.299	0.299	0.301	1.975	0.605	0.301	0.199	4.113	-336660.236
6	16	10000	9974	0.5156	0.298	0.298	0.308	0.293	0.303	0.289	0.283	0.307	0.297	0.293	0.308	0.284	0.285	0.311	0.284	0.285	0.296	0.302	0.305	0.301	0.295	0.307	0.297	0.303	0.294	0.313	0.294	0.312	0.297	0.299	1.995	0.601	0.296	0.201	3.742	-336087.617
7	16	10000	9973	0.5142	0.271	0.305	0.295	0.297	0.307	0.298	0.293	0.296	0.317	0.294	0.305	0.304	0.302	0.302	0.301	0.312	0.302	0.308	0.301	0.293	0.301	0.311	0.292	0.310	0.296	0.312	0.294	0.308	0.304	0.298	2.021	0.597	0.303	0.201	4.053	-337195.331
8	16	10000	9964	0.5158	0.274	0.297	0.303	0.300	0.305	0.294	0.307	0.295	0.302	0.306	0.295	0.303	0.298	0.292	0.308	0.306	0.297	0.299	0.304	0.297	0.300	0.299	0.305	0.287	0.300	0.295	0.289	0.312	0.299	0.298	2.008	0.584	0.293	0.201	3.312	-336698.201
9	16	10000	9958	0.5142	0.309	0.291	0.295	0.302	0.285	0.294	0.308	0.295	0.307	0.294	0.285	0.307	0.308	0.304	0.304	0.278	0.297	0.302	0.295	0.313	0.307	0.308	0.301	0.308	0.302	0.300	0.301	0.302	0.298	0.300	1.983	0.595	0.296	0.199	3.848	-336634.595
10	16	10000	9961	0.5138	0.329	0.301	0.302	0.306	0.302	0.292	0.297	0.293	0.294	0.298	0.292	0.315	0.298	0.297	0.307	0.252	0.303	0.302	0.303	0.288	0.301	0.289	0.304	0.300	0.280	0.307	0.295	0.298	0.308	0.310	2.000	0.576	0.301	0.198	3.448	-336584.602
111	16	10000	9975	0.5129	0.300	0.286	0.302	0.296	0.297	0.307	0.292	0.301	0.310	0.317	0.287	0.304	0.299	0.294	0.294	0.312	0.307	0.295	0.291	0.303	0.308	0.305	0.295	0.299	0.303	0.303	0.307	0.295	0.305	0.299	1.993	0.601	0.297	0.198	4.434	-336072.601
2	16	10000	9965	0.5132	0.251	0.300	0.296	0.293	0.304	0.288	0.297	0.304	0.311	0.296	0.301	0.311	0.313	0.301	0.298	0.343	0.282	0.309	0.287	0.293	0.298	0.296	0.298	0.303	0.299	0.299	0.299	0.295	0.306	0.301	2.003	0.589	0.288	0.202	3.647	-336227.608
3	16	10000	9972	0.5111	0.260	0.291	0.309	0.312	0.303	0.284	0.299	0.311	0.303	0.289	0.304	0.303	0.303	0.307	0.308	0.334	0.305	0.302	0.303	0.289	0.300	0.302	0.308	0.313	0.293	0.303	0.303	0.287	0.308	0.296	2.012	0.600	0.292	0.199	4.121	-336766.087
4	16	10000	9966	0.5126	0.325	0.290	0.290	0.288	0.301	0.307	0.289	0.299	0.307	0.285	0.302	0.312	0.303	0.299	0.306	0.300	0.293	0.302	0.309	0.287	0.303	0.305	0.295	0.303	0.315	0.312	0.294	0.296	0.288	0.297	1.977	0.594	0.305	0.197	4.209	-336178.363
5	16	10000	9969	0.5158	0.307	0.298	0.311	0.286	0.300	0.297	0.291	0.297	0.298	0.277	0.309	0.302	0.300	0.299	0.312	0.277	0.302	0.290	0.301	0.288	0.309	0.297	0.306	0.293	0.304	0.291	0.308	0.303	0.291	0.310	1.980	0.598	0.289	0.202	3.727	-335896.048
6	16	10000	9967	0.5121	0.330	0.304	0.313	0.298	0.298	0.293	0.299	0.303	0.298	0.297	0.296	0.309	0.296	0.305	0.300	0.302	0.293	0.296	0.302	0.297	0.297	0.308	0.295	0.310	0.297	0.303	0.300	0.304	0.306	0.298	1.993	0.604	0.314	0.199	4.926	-337182.818
7	16	10000	9965	0.5182	0.303	0.315	0.312	0.312	0.303	0.300	0.303	0.307	0.313	0.314	0.307	0.300	0.283	0.304	0.302	0.269	0.312	0.310	0.303	0.286	0.303	0.299	0.305	0.311	0.310	0.304	0.299	0.309	0.314	0.294	1.994	0.567	0.303	0.196	3.402	-339251.765
8	16	10000	9965	0.5116	0.266	0.301	0.294	0.307	0.291	0.309	0.294	0.304	0.292	0.306	0.296	0.304	0.287	0.303	0.300	0.326	0.308	0.292	0.303	0.297	0.299	0.287	0.310	0.306	0.288	0.281	0.299	0.306	0.297	0.307	2.007	0.603	0.302	0.201	4.476	-335812.576
9	16	10000	9979	0.5093	0.280	0.292	0.315	0.298	0.303	0.297	0.301	0.302	0.292	0.312	0.302	0.307	0.300	0.294	0.293	0.318	0.306	0.296	0.300	0.305	0.306	0.303	0.306	0.300	0.308	0.302	0.303	0.300	0.296	0.305	2.018	0.601	0.307	0.204	4.303	-338144.932
10	16	10000	9982	0.5132	0.263	0.295	0.296	0.298	0.303	0.296	0.299	0.302	0.326	0.308	0.291	0.309	0.311	0.284	0.311	0.347	0.309	0.319	0.316	0.281	0.294	0.301	0.298	0.293	0.309	0.287	0.299	0.299	0.295	0.302	1.997	0.605	0.311	0.203	3.865	-337524.429
111	16	10000	9970	0.5124	0.302	0.292	0.300	0.299	0.310	0.290	0.306	0.293	0.295	0.313	0.297	0.307	0.306	0.305	0.287	0.279	0.303	0.301	0.305	0.299	0.298	0.305	0.296	0.295	0.312	0.299	0.293	0.295	0.295	0.305	1.980	0.595	0.310	0.196	3.745	-336627.906
2	16	10000	9975	0.5151	0.325	0.301	0.309	0.288	0.307	0.290	0.295	0.305	0.303	0.293	0.314	0.301	0.313	0.283	0.306	0.283	0.307	0.284	0.301	0.310	0.311	0.295	0.320	0.316	0.315	0.304	0.296	0.303	0.309	0.309	1.984	0.596	0.310	0.199	4.619	-338120.840
3	16	10000	9972	0.5109	0.315	0.314	0.294	0.303	0.316	0.309	0.299	0.300	0.303	0.298	0.295	0.286	0.299	0.299	0.304	0.308	0.311	0.293	0.296	0.297	0.304	0.291	0.318	0.297	0.283	0.308	0.289	0.293	0.296	0.299	2.000	0.614	0.302	0.202	4.987	-336306.321
4	16	10000	9978	0.5136	0.289	0.300	0.296	0.305	0.312	0.299	0.294	0.302	0.307	0.297	0.292	0.306	0.310	0.300	0.300	0.298	0.296	0.283	0.309	0.314	0.293	0.307	0.310	0.319	0.309	0.298	0.309	0.302	0.307	0.310	1.962	0.615	0.315	0.200	4.119	-338602.137
5	16	10000	9978	0.5138	0.276	0.309	0.293	0.300	0.313	0.298	0.299	0.293	0.284	0.308	0.307	0.290	0.298	0.292	0.300	0.329	0.305	0.301	0.301	0.295	0.295	0.302	0.289	0.308	0.286	0.299	0.308	0.293	0.299	0.298	1.990	0.614	0.298	0.202	4.411	-335945.805
6	16	10000	9963	0.5135	0.303	0.303	0.294	0.295	0.296	0.285	0.305	0.294	0.313	0.298	0.304	0.298	0.290	0.302	0.300	0.300	0.307	0.286	0.306	0.294	0.316	0.308	0.296	0.281	0.312	0.309	0.299	0.301	0.290	0.285	1.987	0.602	0.296	0.199	4.138	-335644.716
7	16	10000	9985	0.5119	0.268	0.301	0.295	0.308	0.297	0.307	0.295	0.313	0.304	0.295	0.300	0.282	0.306	0.301	0.300	0.323	0.297	0.300	0.303	0.292	0.291	0.312	0.294	0.297	0.305	0.302	0.296	0.301	0.303	0.283	2.013	0.607	0.303	0.200	3.585	-335620.903
8	16	10000	9972	0.5132	0.305	0.300	0.291	0.297	0.310	0.307	0.307	0.288	0.315	0.308	0.290	0.298	0.287	0.292	0.303	0.300	0.303	0.302	0.290	0.301	0.296	0.300	0.290	0.300	0.299	0.299	0.293	0.307	0.306	0.306	2.009	0.602	0.302	0.199	4.217	-335872.779
9	16	10000	9972	0.5199	0.311	0.292	0.298	0.288	0.304	0.297	0.303	0.292	0.303	0.307	0.317	0.289	0.305	0.295	0.295	0.302	0.294	0.296	0.304	0.293	0.291	0.299	0.290	0.318	0.306	0.297	0.299	0.293	0.301	0.294	2.006	0.609	0.304	0.200	4.289	-335963.955
10	16	10000	9974	0.5132	0.318	0.301	0.300	0.303	0.303	0.310	0.305	0.299	0.302	0.303	0.304	0.307	0.316	0.293	0.315	0.289	0.314	0.307	0.303	0.297	0.314	0.297	0.295	0.313	0.291	0.305	0.299	0.300	0.295	0.304	1.984	0.587	0.307	0.199	3.647	-338873.975
111	16	10000	9972	0.5158	0.323	0.283	0.288	0.292	0.306	0.310	0.299	0.288	0.286	0.286	0.301	0.296	0.302	0.302	0.287	0.289	0.302	0.304	0.293	0.300	0.291	0.299	0.309	0.288	0.303	0.295	0.292	0.304	0.304	0.294	1.956	0.612	0.291	0.201	3.771	-335035.865
2	16	10000	9974	0.5129	0.307	0.297	0.307	0.304	0.301	0.303	0.303	0.300	0.293	0.312	0.304	0.290	0.298	0.294	0.301	0.303	0.310	0.298	0.297	0.309	0.286	0.302	0.305	0.330	0.291	0.304	0.300	0.297	0.300	0.295	1.998	0.611	0.301	0.203	4.713	-336847.551
3	16	10000	9975	0.5133	0.292	0.301	0.289	0.296	0.308	0.308	0.303	0.306	0.313	0.308	0.312	0.286	0.298	0.298	0.309	0.296	0.276	0.307	0.293	0.288	0.310	0.299	0.302	0.311	0.307	0.307	0.288	0.303	0.293	0.302	1.993	0.610	0.302	0.199	4.284	-336058.897
4	16	10000	9975	0.5124	0.324	0.290	0.304	0.292	0.298	0.292	0.302	0.309	0.300	0.304	0.299	0.306	0.296	0.301	0.289	0.283	0.292	0.288	0.288	0.288	0.307	0.298	0.305	0.301	0.296	0.303	0.298	0.312	0.296	0.300	2.029	0.607	0.289	0.202	3.574	-334726.745
5	16	10000	9964	0.5147	0.322	0.299	0.291	0.296	0.303	0.290	0.291	0.309	0.302	0.309	0.307	0.298	0.297	0.316	0.298	0.294	0.304	0.316	0.296	0.304	0.297	0.309	0.305	0.315	0.295	0.296	0.308	0.290	0.287	0.303	1.981	0.595	0.308	0.200	4.782	-337649.856
6	16	10000	9971	0.5163	0.289	0.302	0.315	0.295	0.298	0.300	0.306	0.307	0.296	0.326	0.306	0.309	0.292	0.302	0.301	0.305	0.300	0.301	0.294	0.306	0.299	0.299	0.295	0.304	0.300	0.296	0.294	0.302	0.298	0.303	1.980	0.595	0.290	0.200	3.735	-337626.858
7	16	10000	9967	0.5150	0.302	0.304	0.301	0.301	0.300	0.317	0.299	0.304	0.297	0.295	0.296	0.301	0.311	0.304	0.306	0.294	0.305	0.282	0.302	0.302	0.298	0.288	0.297	0.300	0.305	0.301	0.302	0.314	0.294	0.310	1.991	0.595	0.291	0.203	3.766	-337101.757
8	16	10000	9977	0.5153	0.322	0.308	0.300	0.299	0.300	0.298	0.308	0.285	0.312	0.293	0.295	0.300	0.309	0.305	0.289	0.297	0.306	0.298	0.307	0.290	0.300	0.304	0.312	0.311	0.299	0.291	0.306	0.302	0.302	0.300	2.023	0.594	0.294	0.201	3.623	-337545.212
9	16	10000	9968	0.5171	0.308	0.291	0.295	0.296	0.295	0.301	0.291	0.293	0.311	0.290	0.303	0.304	0.299	0.299	0.306	0.336	0.295	0.274	0.295	0.311	0.303	0.305	0.299	0.307	0.306	0.293	0.307	0.300	0.302	0.298	1.994	0.619	0.301	0.199	5.312	-336077.070
10	16	10000	9969	0.5116	0.279	0.305	0.312	0.303	0.300	0.303	0.302	0.293	0.287	0.298	0.307	0.304	0.289	0.308	0.296	0.302	0.304	0.304	0.289	0.294	0.308	0.306	0.310	0.291	0.296	0.303	0.298	0.303	0.300	0.294	1.999	0.586	0.285	0.201	3.581	-336633.731
111	16	10000	9971	0.5163	0.274	0.303	0.291	0.301	0.294	0.282	0.303	0.294	0.299	0.304	0.312	0.300	0.304	0.291	0.287	0.310	0.310	0.295	0.302	0.299	0.283	0.299	0.302	0.301	0.291	0.290	0.295	0.296	0.298	0.299	2.020	0.588	0.295	0.197	3.914	-335042.316
2	16	10000	9973	0.5125	0.320	0.297	0.313	0.294	0.300	0.276	0.300	0.288	0.312	0.280	0.290	0.306	0.309	0.312	0.287	0.289	0.292	0.298	0.294	0.305	0.298	0.293	0.307	0.302	0.308	0.295	0.300	0.305	0.304	0.295	1.973	0.599	0.302	0.199	4.237	-335957.793
3	16	10000	9974	0.5124	0.328	0.307	0.296	0.303	0.304	0.293	0.300	0.304	0.302	0.300	0.306	0.295	0.309	0.290	0.307	0.280	0.297	0.298	0.301	0.295	0.280	0.304	0.305	0.306	0.287	0.298	0.300	0.299	0.296	0.302	2.007	0.604	0.296	0.202	3.904	-336593.554
4	16	10000	9974	0.5156	0.287	0.305	0.315	0.296	0.307	0.299	0.307	0.295	0.306	0.297	0.304	0.307	0.285	0.291	0.294	0.292	0.285	0.299	0.303	0.307	0.304	0.300	0.300	0.301	0.308	0.298	0.298	0.287	0.296	0.294	1.992	0.600	0.302	0.201	3.677	-336719.578
5	16	10000	9972	0.5149	0.303	0.300	0.311	0.293	0.300	0.298	0.319	0.297	0.313	0.296	0.309	0.295	0.302	0.283	0.300	0.275	0.302	0.300	0.287	0.293	0.307	0.301	0.297	0.284	0.297	0.304	0.305	0.299	0.300	0.304	1.987	0.593	0.294	0.197	3.703	-335573.108
6	16	10000	9965	0.5177	0.304	0.297	0.299	0.300	0.307	0.290	0.308	0.299	0.298	0.294	0.308	0.312	0.300	0.289	0.289	0.299	0.303	0.307	0.304	0.300	0.292	0.315	0.296	0.299	0.296	0.302	0.294	0.310	0.298	0.302	2.021	0.604	0.302	0.196	4.303	-336340.928
7	16	10000	9969	0.5167	0.335	0.305	0.303	0.291	0.293	0.304	0.301	0.303	0.299	0.305	0.307	0.314	0.301	0.311	0.303	0.244	0.301	0.305	0.289	0.312	0.282	0.301	0.299	0.306	0.286	0.292	0.310	0.308	0.295	0.302	1.990	0.572	0.289	0.200	3.207	-337606.371
8	16	10000	9975	0.5144	0.344	0.303	0.290	0.299	0.302	0.304	0.307	0.295	0.297	0.302	0.296	0.299	0.287	0.303	0.293	0.254	0.299	0.295	0.317	0.295	0.300	0.296	0.295	0.286	0.310	0.299	0.286	0.298	0.294	0.301	1.981	0.608	0.304	0.201	4.067	-335068.751
9	16	10000	9966	0.5147	0.271	0.299	0.305	0.298	0.296	0.304	0.306	0.296	0.291	0.291	0.307	0.297	0.282	0.310	0.302	0.301	0.313	0.321	0.297	0.303	0.306	0.305	0.298	0.289	0.297	0.306	0.303	0.298	0.305	0.300	2.021	0.604	0.302	0.201	3.456	-336561.705
10	16	10000	9974	0.5160	0.287	0.311	0.293	0.297	0.290	0.296	0.298	0.304	0.300	0.296	0.302	0.305	0.313	0.301	0.309	0.310	0.298	0.289	0.302	0.295	0.290	0.308	0.299	0.303	0.292	0.315	0.302	0.317	0.296	0.298	2.019	0.602	0.307	0.198	4.375	-336972.551
111	16	10000	9979	0.5131	0.317	0.293	0.296	0.291	0.310	0.294	0.302	0.294	0.304	0.303	0.308	0.303	0.290	0.302	0.301	0.274	0.283	0.306	0.305	0.294	0.290	0.294	0.300	0.299	0.316	0.301	0.299	0.299	0.306	0.299	2.034	0.597	0.297	0.197	3.210	-335427.245
2	16	10000	9974	0.5115	0.312	0.294	0.296	0.294	0.311	0.300	0.296	0.293	0.309	0.291	0.303	0.299	0.303	0.307	0.307	0.292	0.294	0.320	0.296	0.293	0.288	0.312	0.301	0.290	0.298	0.303	0.296	0.323	0.295	0.304	1.985	0.614	0.301	0.196	4.116	-336285.942
3	16	10000	9979	0.5131	0.278	0.295	0.299	0.304	0.300	0.298	0.299	0.309	0.314	0.292	0.287	0.317	0.284	0.314	0.306	0.293	0.298	0.306	0.309	0.284	0.312	0.307	0.284	0.302	0.293	0.306	0.304	0.303	0.296	0.296	2.020	0.599	0.299	0.201	3.657	-336397.771
4	16	10000	9970	0.5124	0.289	0.297	0.293	0.291	0.290	0.303	0.307	0.293	0.296	0.298	0.293	0.300	0.299	0.305	0.283	0.297	0.289	0.306	0.289	0.296	0.291	0.289	0.292	0.311	0.299	0.278	0.308	0.287	0.288	0.309	2.023	0.601	0.291	0.199	3.507	-333403.900
5	16	10000	9978	0.5123	0.270	0.293	0.305	0.301	0.285	0.297	0.308	0.294	0.304	0.309	0.298	0.289	0.286	0.296	0.294	0.361	0.306	0.324	0.288	0.304	0.291	0.312	0.304	0.319	0.302	0.293	0.291	0.285	0.304	0.280	2.010	0.613	0.300	0.201	5.240	-335402.251
6	16	10000	9971	0.5169	0.327	0.302	0.292	0.297	0.302	0.315	0.305	0.307	0.299	0.301	0.313	0.289	0.298	0.298	0.302	0.270	0.300	0.286	0.304	0.310	0.278	0.306	0.307	0.310	0.296	0.287	0.289	0.294	0.299	0.300	1.987	0.596	0.300	0.201	3.970	-336785.065
7	16	10000	9965	0.5171	0.282	0.295	0.293	0.297	0.308	0.310	0.315	0.297	0.295	0.288	0.298	0.298	0.302	0.302	0.300	0.336	0.287	0.285	0.306	0.288	0.306	0.299	0.302	0.326	0.304	0.294	0.301	0.302	0.292	0.308	1.984	0.604	0.301	0.202	4.532	-337026.943
8	16	10000	9972	0.5133	0.296	0.301	0.301	0.321	0.302	0.290	0.304	0.299	0.297	0.287	0.306	0.299	0.301	0.301	0.311	0.318	0.315	0.306	0.293	0.297	0.302	0.308	0.304	0.296	0.296	0.292	0.296	0.320	0.298	0.305	1.998	0.594	0.304	0.201	4.163	-337997.490
9	16	10000	9972	0.5126	0.310	0.289	0.291	0.299	0.291	0.298	0.290	0.298	0.298	0.314	0.313	0.293	0.298	0.303	0.299	0.306	0.312	0.303	0.293	0.291	0.313	0.297	0.294	0.298	0.277	0.313	0.295	0.288	0.296	0.293	1.993	0.615	0.295	0.198	4.812	-334044.070
10	16	10000	9976	0.5112	0.312	0.311	0.301	0.304	0.304	0.286	0.308	0.296	0.297	0.300	0.314	0.306	0.306	0.307	0.295	0.286	0.300	0.293	0.293	0.298	0.302	0.300	0.295	0.312	0.285	0.309	0.311	0.314	0.299	0.313	1.993	0.615	0.303	0.203	4.602	-337848.909
111	16	10000	9967	0.5116	0.283	0.300	0.306	0.291	0.305	0.289	0.281	0.309	0.301	0.301	0.303	0.309	0.285	0.304	0.296	0.304	0.301	0.308	0.297	0.301	0.312	0.296	0.291	0.309	0.300	0.296	0.292	0.306	0.302	0.318	2.001	0.595	0.295	0.201	3.226	-336392.338
2	16	10000	9967	0.5135	0.321	0.300	0.296	0.298	0.308	0.316	0.298	0.291	0.297	0.300	0.286	0.298	0.303	0.305	0.287	0.310	0.321	0.289	0.295	0.312	0.307	0.298	0.300	0.287	0.295	0.300	0.301	0.303	0.291	0.291	2.027	0.608	0.302	0.204	5.011	-335840.913
3	16	10000	9969	0.5119	0.258	0.294	0.298	0.307	0.307	0.291	0.293	0.306	0.318	0.293	0.301	0.308	0.290	0.312	0.297	0.333	0.308	0.312	0.299	0.301	0.298	0.294	0.294	0.303	0.276	0.320	0.291	0.303	0.303	0.296	1.996	0.608	0.295	0.203	3.478	-336675.542
4	16	10000	9977	0.5141	0.356	0.304	0.300	0.294	0.303	0.299	0.300	0.305	0.299	0.302	0.291	0.306	0.320	0.300	0.304	0.280	0.285	0.312	0.293	0.292	0.294	0.299	0.296	0.303	0.293	0.310	0.298	0.302	0.311	0.300	2.002	0.596	0.306	0.197	4.726	-337189.359
5	16	10000	9972	0.5177	0.317	0.303	0.305	0.293	0.308	0.297	0.299	0.290	0.308	0.302	0.298	0.311	0.301	0.302	0.292	0.277	0.300	0.306	0.299	0.304	0.309	0.307	0.304	0.298	0.295	0.297	0.289	0.302	0.299	0.299	1.999	0.592	0.289	0.200	3.598	-336861.388
6	16	10000	9968	0.5117	0.288	0.287	0.293	0.293	0.293	0.317	0.300	0.306	0.282	0.296	0.298	0.297	0.307	0.295	0.307	0.321	0.298	0.304	0.298	0.286	0.299	0.297	0.304	0.310	0.300	0.302	0.293	0.288	0.311	0.301	1.999	0.606	0.289	0.201	4.214	-335248.692
7	16	10000	9977	0.5119	0.311	0.314	0.292	0.310	0.302	0.293	0.299	0.302	0.302	0.298	0.291	0.307	0.302	0.298	0.299	0.281	0.306	0.318	0.307	0.292	0.300	0.300	0.303	0.295	0.294	0.290	0.300	0.307	0.299	0.294	2.017	0.612	0.305	0.203	4.902	-336799.205
8	16	10000	9980	0.5138	0.345	0.313	0.302	0.300	0.302	0.286	0.298	0.291	0.306	0.300	0.300	0.293	0.306	0.303	0.305	0.276	0.304	0.306	0.297	0.292	0.306	0.298	0.302	0.309	0.315	0.293	0.300	0.303	0.301	0.309	2.020	0.599	0.304	0.200	4.852	-336807.943
9	16	10000	9976	0.5151	0.295	0.304	0.293	0.307	0.293	0.313	0.308	0.310	0.283	0.296	0.317	0.295	0.312	0.294	0.297	0.305	0.295	0.289	0.305	0.289	0.306	0.297	0.303	0.302	0.292	0.300	0.299	0.304	0.304	0.292	2.020	0.614	0.311	0.201	4.954	-336696.238
10	16	10000	9966	0.5143	0.307	0.295	0.298	0.296	0.298	0.307	0.296	0.299	0.296	0.279	0.305	0.296	0.297	0.297	0.305	0.314	0.299	0.297	0.308	0.302	0.292	0.310	0.312	0.298	0.283	0.308	0.298	0.303	0.301	0.286	1.992	0.591	0.300	0.200	3.394	-336308.010
111	16	10000	9962	0.5129	0.259	0.312	0.296	0.306	0.292	0.318	0.305	0.296	0.305	0.290	0.315	0.292	0.298	0.296	0.301	0.316	0.298	0.315	0.286	0.307	0.290	0.300	0.295	0.324	0.287	0.293	0.301	0.298	0.297	0.302	1.973	0.596	0.292	0.200	3.868	-336598.337
2	16	10000	9967	0.5135	0.275	0.295	0.284	0.294	0.293	0.314	0.297	0.297	0.294	0.289	0.300	0.305	0.301	0.302	0.295	0.306	0.306	0.309	0.298	0.289	0.289	0.296	0.296	0.290	0.295	0.297	0.302	0.286	0.299	0.296	2.002	0.600	0.300	0.203	3.647	-335038.373
3	16	10000	9970	0.5171	0.313	0.316	0.309	0.296	0.307	0.295	0.305	0.293	0.288	0.302	0.310	0.298	0.307	0.292	0.310	0.301	0.295	0.307	0.311	0.299	0.293	0.298	0.311	0.312	0.297	0.306	0.294	0.298	0.302	0.295	2.004	0.598	0.303	0.199	4.524	-337767.853
4	16	10000	9973	0.5183	0.272	0.303	0.305	0.306	0.301	0.300	0.301	0.291	0.310	0.308	0.294	0.303	0.300	0.309	0.307	0.336	0.298	0.299	0.302	0.295	0.321	0.296	0.305	0.303	0.303	0.300	0.309	0.305	0.287	0.304	2.034	0.588	0.293	0.202	4.182	-337931.781
5	16	10000	9973	0.5178	0.285	0.308	0.306	0.304	0.295	0.308	0.314	0.282	0.290	0.322	0.291	0.295	0.290	0.313	0.290	0.311	0.294	0.302	0.308	0.299	0.305	0.296	0.314	0.300	0.296	0.309	0.310	0.298	0.311	0.299	2.031	0.589	0.304	0.201	4.368	-337953.150
6	16	10000	9971	0.5131	0.304	0.282	0.302	0.288	0.297	0.296	0.290	0.298	0.316	0.305	0.295	0.305	0.300	0.291	0.303	0.307	0.300	0.295	0.303	0.297	0.305	0.304	0.285	0.298	0.293	0.294	0.298	0.312	0.308	0.285	1.983	0.611	0.300	0.201	4.249	-335720.104
7	16	10000	9973	0.5158	0.321	0.293	0.300	0.305	0.287	0.293	0.296	0.299	0.293	0.310	0.279	0.308	0.297	0.309	0.300	0.303	0.301	0.299	0.297	0.307	0.311	0.305	0.291	0.314	0.291	0.295	0.285	0.289	0.302	0.305	2.024	0.604	0.298	0.199	4.186	-335432.733
8	16	10000	9964	0.5109	0.288	0.297	0.304	0.302	0.294	0.311	0.294	0.305	0.292	0.309	0.306	0.301	0.293	0.305	0.314	0.318	0.298	0.321	0.303	0.310	0.284	0.290	0.306	0.312	0.290	0.304	0.310	0.318	0.300	0.298	1.994	0.598	0.310	0.199	4.614	-338072.875
9	16	10000	9967	0.5144	0.318	0.284	0.304	0.302	0.298	0.290	0.300	0.305	0.311	0.288	0.295	0.299	0.307	0.310	0.297	0.273	0.303	0.304	0.301	0.290	0.293	0.303	0.299	0.307	0.294	0.309	0.297	0.289	0.291	0.300	2.013	0.599	0.283	0.201	3.866	-335596.224
10	16	10000	9964	0.5165	0.322	0.300	0.307	0.308	0.290	0.309	0.310	0.301	0.307	0.321	0.296	0.305	0.292	0.311	0.294	0.300	0.303	0.294	0.302	0.312	0.305	0.299	0.305	0.296	0.316	0.304	0.297	0.297	0.310	0.290	2.002	0.592	0.312	0.197	4.491	-337774.938
111	16	10000	9972	0.5113	0.303	0.297	0.300	0.311	0.287	0.310	0.294	0.302	0.295	0.308	0.313	0.287	0.304	0.305	0.293	0.290	0.286	0.304	0.304	0.311	0.308	0.302	0.310	0.297	0.308	0.297	0.298	0.311	0.311	0.296	2.000	0.600	0.306	0.202	3.881	-337931.077
2	16	10000	9977	0.5112	0.319	0.323	0.307	0.309	0.294	0.306	0.288	0.309	0.313	0.301	0.290	0.306	0.290	0.308	0.313	0.278	0.293	0.297	0.291	0.306	0.298	0.307	0.301	0.290	0.308	0.303	0.305	0.301	0.295	0.312	2.021	0.605	0.304	0.199	4.236	-337278.079
3	16	10000	9967	0.5145	0.305	0.307	0.298	0.294	0.301	0.298	0.295	0.293	0.282	0.288	0.297	0.300	0.298	0.313	0.305	0.299	0.288	0.296	0.287	0.304	0.298	0.299	0.315	0.312	0.307	0.301	0.302	0.304	0.299	0.310	2.000	0.601	0.305	0.201	4.047	-336545.640
4	16	10000	9971	0.5108	0.276	0.298	0.284	0.299	0.298	0.292	0.304	0.300	0.310	0.309	0.297	0.306	0.297	0.295	0.310	0.335	0.305	0.309	0.293	0.305	0.301	0.293	0.302	0.300	0.284	0.294	0.302	0.300	0.301	0.305	1.993	0.596	0.298	0.201	3.830	-336368.313
5	16	10000	9969	0.5145	0.297	0.295	0.311	0.309	0.297	0.299	0.299	0.301	0.307	0.292	0.286	0.306	0.304	0.300	0.294	0.296	0.303	0.299	0.296	0.309	0.301	0.294	0.303	0.300	0.307	0.305	0.308	0.313	0.298	0.312	1.977	0.589	0.301	0.198	3.474	-337371.374
6	16	10000	9969	0.5112	0.312	0.308	0.302	0.297	0.299	0.302	0.299	0.312	0.303	0.319	0.310	0.310	0.296	0.312	0.309	0.303	0.306	0.306	0.298	0.305	0.288	0.290	0.305	0.299	0.312	0.308	0.307	0.301	0.315	0.306	2.001	0.602	0.310	0.197	4.659	-338546.096
7	16	10000	9973	0.5111	0.296	0.307	0.304	0.315	0.295	0.317	0.292	0.299	0.298	0.314	0.302	0.296	0.292	0.301	0.298	0.296	0.293	0.290	0.310	0.297	0.297	0.303	0.305	0.320	0.298	0.298	0.299	0.298	0.305	0.289	1.974	0.602	0.298	0.204	4.402	-336876.504
8	16	10000	9970	0.5106	0.334	0.290	0.308	0.300	0.292	0.295	0.301	0.287	0.297	0.302	0.305	0.295	0.300	0.295	0.314	0.277	0.278	0.300	0.298	0.304	0.304	0.302	0.297	0.305	0.292	0.296	0.304	0.297	0.287	0.296	2.025	0.608	0.289	0.204	3.721	-335210.982
9	16	10000	9973	0.5117	0.306	0.297	0.293	0.290	0.307	0.316	0.292	0.298	0.296	0.297	0.300	0.305	0.293	0.304	0.299	0.276	0.299	0.301	0.288	0.300	0.314	0.302	0.299	0.286	0.298	0.311	0.300	0.299	0.311	0.301	1.987	0.582	0.293	0.199	3.027	-336171.697
10	16	10000	9960	0.5167	0.295	0.301	0.287	0.300	0.290	0.301	0.292	0.313	0.296	0.287	0.292	0.297	0.304	0.295	0.302	0.312	0.298	0.299	0.308	0.298	0.305	0.293	0.298	0.292	0.296	0.299	0.301	0.305	0.290	0.303	1.992	0.601	0.289	0.201	3.952	-335517.975
111	16	10000	9968	0.5133	0.330	0.293	0.294	0.293	0.295	0.298	0.308	0.292	0.307	0.301	0.300	0.309	0.294	0.307	0.288	0.256	0.319	0.307	0.287	0.307	0.291	0.312	0.301	0.309	0.301	0.307	0.281	0.295	0.288	0.306	2.027	0.597	0.306	0.199	4.668	-335958.502
2	16	10000	9969	0.5152	0.320	0.311	0.303	0.315	0.294	0.301	0.292	0.312	0.302	0.307	0.290	0.301	0.318	0.315	0.293	0.296	0.285	0.306	0.310	0.298	0.314	0.291	0.295	0.303	0.278	0.304	0.306	0.297	0.312	0.300	2.005	0.587	0.300	0.203	3.644	-338190.702
3	16	10000	9973	0.5140	0.283	0.302	0.298	0.302	0.301	0.291	0.290	0.295	0.317	0.296	0.312	0.301	0.295	0.301	0.303	0.296	0.295	0.305	0.299	0.296	0.302	0.302	0.287	0.291	0.289	0.291	0.299	0.307	0.294	0.290	1.975	0.604	0.294	0.196	3.555	-334827.100
4	16	10000	9965	0.5149	0.268	0.312	0.292	0.302	0.299	0.307	0.292	0.294	0.310	0.288	0.300	0.299	0.298	0.299	0.303	0.333	0.319	0.306	0.291	0.307	0.303	0.308	0.295	0.292	0.292	0.307	0.299	0.308	0.295	0.307	1.986	0.591	0.306	0.198	4.112	-337432.855
5	16	10000	9974	0.5137	0.341	0.296	0.304	0.310	0.305	0.304	0.306	0.304	0.305	0.307	0.307	0.307	0.305	0.291	0.300	0.273	0.281	0.298	0.297	0.311	0.308	0.289	0.305	0.310	0.310	0.291	0.301	0.303	0.313	0.293	2.015	0.604	0.302	0.199	4.048	-337568.862
6	16	10000	9968	0.5114	0.258	0.301	0.309	0.308	0.294	0.297	0.293	0.304	0.309	0.301	0.303	0.307	0.289	0.296	0.306	0.313	0.311	0.290	0.309	0.303	0.302	0.301	0.303	0.300	0.313	0.298	0.308	0.291	0.305	0.306	1.960	0.578	0.296	0.199	3.170	-338055.539
7	16	10000	9966	0.5110	0.322	0.309	0.299	0.301	0.306	0.314	0.297	0.303	0.309	0.300	0.298	0.311	0.312	0.289	0.301	0.245	0.307	0.291	0.306	0.312	0.307	0.299	0.300	0.302	0.305	0.318	0.293	0.295	0.303	0.303	2.007	0.581	0.298	0.198	3.375	-338126.037
8	16	10000	9979	0.5118	0.274	0.291	0.305	0.305	0.308	0.315	0.302	0.301	0.307	0.295	0.302	0.296	0.314	0.309	0.299	0.275	0.302	0.305	0.303	0.291	0.301	0.305	0.303	0.319	0.301	0.295	0.302	0.305	0.305	0.305	2.009	0.591	0.291	0.201	3.696	-337668.768
9	16	10000	9972	0.5127	0.303	0.287	0.299	0.296	0.301	0.302	0.302	0.311	0.305	0.300	0.301	0.302	0.309	0.301	0.294	0.297	0.288	0.296	0.284	0.309	0.284	0.296	0.304	0.295	0.312	0.286	0.301	0.296	0.291	0.308	1.995	0.615	0.298	0.200	4.063	-335504.908
10	16	10000	9974	0.5114	0.347	0.301	0.308	0.308	0.310	0.302	0.297	0.310	0.292	0.301	0.307	0.303	0.321	0.302	0.290	0.280	0.313	0.306	0.306	0.289	0.308	0.320	0.299	0.310	0.303	0.297	0.299	0.314	0.299	0.321	2.004	0.583	0.316	0.198	4.442	-339506.288
111	16	10000	9978	0.5116	0.307	0.289	0.294	0.319	0.300	0.293	0.303	0.289	0.302	0.299	0.299	0.307	0.292	0.299	0.298	0.309	0.286	0.310	0.298	0.290	0.299	0.295	0.303	0.298	0.310	0.315	0.316	0.297	0.291	0.315	2.007	0.579	0.295	0.200	3.835	-336950.289
2	16	10000	9972	0.5148	0.321	0.291	0.299	0.295	0.309	0.302	0.293	0.294	0.317	0.298	0.301	0.309	0.321	0.303	0.303	0.266	0.303	0.304	0.300	0.308	0.299	0.297	0.299	0.306	0.298	0.283	0.306	0.303	0.319	0.288	1.965	0.589	0.305	0.204	3.686	-338309.758
3	16	10000	9974	0.5132	0.313	0.295	0.299	0.288	0.295	0.304	0.307	0.296	0.300	0.298	0.290	0.299	0.302	0.303	0.294	0.299	0.308	0.305	0.291	0.296	0.275	0.298	0.305	0.303	0.287	0.295	0.295	0.307	0.294	0.305	2.012	0.606	0.300	0.204	4.640	-335592.059
4	16	10000	9972	0.5143	0.287	0.298	0.297	0.294	0.307	0.298	0.297	0.309	0.321	0.294	0.294	0.309	0.295	0.289	0.293	0.306	0.281	0.302	0.300	0.293	0.296	0.310	0.291	0.305	0.298	0.291	0.300	0.301	0.281	0.296	1.984	0.606	0.292	0.199	3.317	-335174.613
5	16	10000	9975	0.5111	0.285	0.297	0.294	0.308	0.300	0.310	0.293	0.311	0.310	0.297	0.292	0.303	0.304	0.302	0.300	0.319	0.310	0.303	0.312	0.313	0.288	0.302	0.316	0.293	0.296	0.298	0.303	0.308	0.296	0.288	2.018	0.608	0.305	0.198	4.066	-337146.311
6	16	10000	9971	0.5136	0.286	0.285	0.293	0.298	0.294	0.315	0.300	0.310	0.291	0.307	0.302	0.312	0.300	0.309	0.295	0.333	0.290	0.308	0.304	0.301	0.304	0.302	0.299	0.296	0.288	0.308	0.295	0.314	0.302	0.288	2.011	0.607	0.298	0.200	4.257	-336480.133
7	16	10000	9964	0.5127	0.274	0.297	0.303	0.284	0.310	0.299	0.299	0.289	0.305	0.288	0.290	0.310	0.295	0.299	0.304	0.291	0.303	0.291	0.305	0.298	0.286	0.306	0.297	0.297	0.299	0.290	0.305	0.296	0.294	0.283	2.006	0.599	0.293	0.199	3.774	-334464.633
8	16	10000	9973	0.5141	0.268	0.302	0.299	0.296	0.305	0.305	0.311	0.307	0.301	0.314	0.305	0.294	0.303	0.307	0.288	0.312	0.299	0.297	0.297	0.305	0.306	0.290	0.297	0.301	0.295	0.302	0.294	0.300	0.296	0.301	1.990	0.590	0.307	0.198	3.765	-336697.636
9	16	10000	9971	0.5119	0.301	0.290	0.306	0.322	0.304	0.301	0.308	0.307	0.305	0.296	0.303	0.308	0.308	0.290	0.303	0.299	0.292	0.311	0.296	0.294	0.308	0.300	0.308	0.308	0.286	0.301	0.309	0.311	0.300	0.315	1.999	0.600	0.306	0.197	4.363	-338082.561
10	16	10000	9978	0.5138	0.322	0.289	0.301	0.286	0.303	0.296	0.305	0.287	0.309	0.294	0.295	0.296	0.292	0.288	0.301	0.266	0.301	0.296	0.295	0.303	0.297	0.280	0.294	0.272	0.329	0.299	0.295	0.288	0.305	0.295	2.013	0.614	0.289	0.205	4.227	-334179.958
111	16	10000	9968	0.5106	0.340	0.286	0.297	0.293	0.292	0.312	0.302	0.302	0.289	0.315	0.297	0.292	0.301	0.296	0.307	0.286	0.294	0.306	0.308	0.288	0.298	0.289	0.301	0.291	0.315	0.308	0.289	0.308	0.307	0.288	1.984	0.609	0.303	0.195	4.231	-335592.541
2	16	10000	9961	0.5143	0.363	0.293	0.294	0.314	0.289	0.303	0.303	0.288	0.306	0.298	0.289	0.305	0.313	0.305	0.306	0.290	0.279	0.306	0.309	0.287	0.289	0.302	0.298	0.293	0.293	0.295	0.306	0.300	0.299	0.292	2.005	0.608	0.308	0.200	5.234	-335924.758
3	16	10000	9968	0.5158	0.304	0.290	0.300	0.297	0.306	0.293	0.307	0.297	0.305	0.307	0.300	0.309	0.307	0.296	0.299	0.290	0.296	0.297	0.299	0.315	0.281	0.298	0.286	0.292	0.301	0.319	0.296	0.309	0.308	0.293	2.013	0.603	0.295	0.198	3.698	-336080.258
4	16	10000	9969	0.5144	0.286	0.288	0.312	0.317	0.294	0.305	0.300	0.286	0.300	0.283	0.303	0.295	0.314	0.306	0.308	0.316	0.295	0.307	0.306	0.296	0.299	0.318	0.295	0.301	0.307	0.297	0.303	0.288	0.296	0.291	2.031	0.609	0.311	0.203	4.305	-337158.188
5	16	10000	9966	0.5131	0.327	0.306	0.285	0.297	0.311	0.310	0.297	0.298	0.304	0.298	0.299	0.304	0.287	0.308	0.306	0.292	0.299	0.291	0.293	0.314	0.311	0.308	0.297	0.307	0.293	0.311	0.288	0.314	0.308	0.287	1.995	0.609	0.309	0.202	4.525	-337102.172
6	16	10000	9978	0.5110	0.298	0.288	0.303	0.299	0.303	0.312	0.291	0.305	0.285	0.294	0.291	0.296	0.316	0.281	0.294	0.292	0.284	0.299	0.300	0.310	0.298	0.302	0.297	0.299	0.305	0.298	0.317	0.292	0.290	0.300	2.003	0.604	0.296	0.201	4.033	-335511.684
7	16	10000	9966	0.5145	0.296	0.294	0.293	0.294	0.299	0.302	0.303	0.301	0.292	0.308	0.293	0.300	0.298	0.299	0.294	0.285	0.303	0.303	0.306	0.293	0.302	0.301	0.295	0.298	0.301	0.306	0.298	0.295	0.307	0.305	2.030	0.612	0.293	0.200	3.646	-335254.022
8	16	10000	9968	0.5152	0.304	0.292	0.309	0.303	0.310	0.303	0.290	0.303	0.296	0.305	0.287	0.307	0.308	0.302	0.308	0.277	0.311	0.304	0.313	0.302	0.299	0.301	0.286	0.317	0.294	0.286	0.295	0.307	0.295	0.300	2.022	0.597	0.298	0.201	3.981	-336490.292
9	16	10000	9971	0.5118	0.324	0.287	0.311	0.277	0.295	0.298	0.303	0.295	0.307	0.309	0.289	0.291	0.286	0.289	0.290	0.261	0.290	0.297	0.300	0.300	0.308	0.287	0.312	0.317	0.296	0.302	0.305	0.293	0.288	0.295	2.001	0.611	0.302	0.200	4.171	-333720.778
10	16	10000	9972	0.5136	0.277	0.290	0.295	0.296	0.310	0.298	0.302	0.307	0.304	0.293	0.304	0.302	0.312	0.300	0.311	0.350	0.301	0.299	0.291	0.312	0.294	0.303	0.297	0.298	0.305	0.292	0.306	0.300	0.296	0.308	1.999	0.608	0.303	0.200	4.403	-337155.680
111	16	10000	9970	0.5146	0.303	0.295	0.302	0.297	0.290	0.304	0.307	0.307	0.284	0.300	0.306	0.309	0.298	0.303	0.311	0.299	0.303	0.292	0.303	0.318	0.300	0.301	0.301	0.294	0.295	0.290	0.299	0.310	0.297	0.306	2.016	0.589	0.303	0.201	3.868	-337644.099
2	16	10000	9978	0.5131	0.307	0.283	0.286	0.302	0.305	0.292	0.300	0.302	0.294	0.284	0.304	0.302	0.306	0.293	0.300	0.303	0.293	0.296	0.306	0.300	0.311	0.287	0.311	0.302	0.303	0.297	0.297	0.296	0.294	0.306	2.011	0.596	0.295	0.202	3.936	-336111.190
3	16	10000	9971	0.5114	0.280	0.320	0.308	0.301	0.294	0.291	0.302	0.288	0.300	0.300	0.296	0.302	0.298	0.302	0.297	0.298	0.297	0.296	0.314	0.307	0.296	0.301	0.301	0.290	0.303	0.301	0.291	0.298	0.301	0.297	1.999	0.595	0.300	0.199	4.139	-335502.859
4	16	10000	9961	0.5143	0.305	0.293	0.289	0.317	0.309	0.292	0.288	0.304	0.303	0.301	0.295	0.294	0.293	0.300	0.297	0.279	0.307	0.302	0.300	0.298	0.302	0.304	0.292	0.300	0.318	0.309	0.292	0.299	0.315	0.302	1.999	0.600	0.292	0.203	3.873	-337238.528
5	16	10000	9960	0.5141	0.341	0.304	0.310	0.297	0.302	0.307	0.297	0.306	0.312	0.304	0.301	0.300	0.292	0.303	0.307	0.281	0.279	0.299	0.303	0.314	0.293	0.307	0.300	0.312	0.302	0.296	0.297	0.300	0.297	0.300	1.975	0.590	0.302	0.198	4.126	-337724.432
6	16	10000	9971	0.5177	0.284	0.284	0.308	0.290	0.307	0.289	0.298	0.311	0.292	0.301	0.304	0.297	0.297	0.301	0.289	0.307	0.279	0.309	0.307	0.293	0.292	0.310	0.287	0.298	0.304	0.289	0.305	0.306	0.294	0.296	2.008	0.606	0.293	0.202	4.041	-334904.948
7	16	10000	9978	0.5135	0.322	0.301	0.305	0.285	0.314	0.304	0.290	0.294	0.297	0.286	0.292	0.313	0.307	0.301	0.309	0.305	0.304	0.288	0.306	0.304	0.306	0.293	0.294	0.294	0.296	0.298	0.316	0.282	0.302	0.308	2.002	0.608	0.305	0.198	4.641	-336196.725
8	16	10000	9973	0.5130	0.299	0.301	0.294	0.297	0.311	0.299	0.302	0.296	0.292	0.317	0.295	0.299	0.308	0.300	0.301	0.303	0.294	0.298	0.307	0.288	0.301	0.297	0.309	0.312	0.295	0.307	0.300	0.281	0.300	0.293	2.018	0.607	0.313	0.199	4.916	-336178.225
9	16	10000	9981	0.5086	0.302	0.297	0.301	0.290	0.308	0.299	0.294	0.292	0.288	0.310	0.294	0.287	0.291	0.310	0.316	0.301	0.325	0.310	0.298	0.302	0.286	0.302	0.290	0.284	0.296	0.296	0.296	0.299	0.289	0.312	1.980	0.610	0.304	0.203	4.522	-335966.348
10	16	10000	9958	0.5159	0.295	0.308	0.308	0.302	0.306	0.306	0.302	0.298	0.291	0.300	0.304	0.313	0.307	0.308	0.286	0.282	0.306	0.304	0.308	0.307	0.310	0.288	0.300	0.307	0.306	0.314	0.298	0.298	0.320	0.304	1.992	0.592	0.299	0.200	4.091	-338648.596
111	16	10000	9968	0.5119	0.277	0.301	0.315	0.291	0.304	0.313	0.306	0.311	0.286	0.295	0.296	0.311	0.315	0.301	0.312	0.318	0.305	0.292	0.299	0.304	0.314	0.302	0.309	0.314	0.291	0.305	0.290	0.295	0.299	0.307	2.017	0.607	0.310	0.199	3.880	-337408.282
2	16	10000	9961	0.5116	0.279	0.292	0.299	0.296	0.302	0.307	0.298	0.292	0.299	0.301	0.296	0.301	0.301	0.308	0.292	0.316	0.309	0.302	0.300	0.303	0.304	0.299	0.290	0.281	0.304	0.297	0.295	0.295	0.294	0.301	1.966	0.593	0.296	0.200	3.442	-335759.758
3	16	10000	9966	0.5131	0.313	0.296	0.299	0.298	0.298	0.299	0.307	0.298	0.303	0.305	0.302	0.292	0.307	0.302	0.317	0.275	0.306	0.300	0.303	0.281	0.296	0.298	0.309	0.291	0.302	0.307	0.307	0.297	0.303	0.289	1.995	0.602	0.301	0.200	3.743	-336159.400
4	16	10000	9972	0.5155	0.320	0.283	0.293	0.305	0.301	0.298	0.308	0.300	0.297	0.290	0.311	0.293	0.313	0.305	0.290	0.273	0.320	0.280	0.293	0.300	0.302	0.301	0.289	0.291	0.300	0.308	0.307	0.293	0.313	0.291	2.019	0.601	0.310	0.200	3.843	-336154.390
5	16	10000	9977	0.5122	0.294	0.313	0.294	0.305	0.295	0.312	0.302	0.302	0.280	0.297	0.286	0.306	0.309	0.315	0.295	0.314	0.287	0.310	0.298	0.304	0.303	0.301	0.292	0.323	0.286	0.300	0.300	0.303	0.300	0.294	2.035	0.603	0.300	0.204	3.986	-337149.536
6	16	10000	9971	0.5179	0.296	0.298	0.316	0.296	0.310	0.309	0.299	0.293	0.308	0.306	0.296	0.291	0.301	0.284	0.311	0.263	0.300	0.312	0.284	0.292	0.293	0.305	0.297	0.315	0.309	0.309	0.297	0.304	0.311	0.286	2.020	0.591	0.300	0.201	3.395	-337027.022
7	16	10000	9968	0.5129	0.319	0.296	0.309	0.310	0.289	0.306	0.305	0.314	0.293	0.297	0.294	0.301	0.297	0.295	0.301	0.277	0.316	0.291	0.312	0.308	0.294	0.306	0.293	0.300	0.301	0.296	0.295	0.298	0.309	0.290	1.987	0.609	0.296	0.201	3.748	-336458.407
8	16	10000	9972	0.5159	0.301	0.300	0.301	0.292	0.287	0.313	0.301	0.290	0.305	0.304	0.311	0.292	0.290	0.315	0.295	0.290	0.298	0.305	0.300	0.300	0.294	0.285	0.308	0.294	0.300	0.298	0.297	0.305	0.286	0.304	1.982	0.612	0.297	0.204	4.011	-336747.217
9	16	10000	9975	0.5131	0.274	0.293	0.314	0.305	0.291	0.306	0.302	0.293	0.312	0.313	0.289	0.305	0.300	0.318	0.300	0.318	0.312	0.287	0.306	0.305	0.301	0.299	0.289	0.298	0.294	0.305	0.296	0.310	0.299	0.295	2.009	0.590	0.298	0.201	3.639	-337221.609
10	16	10000	9969	0.5146	0.355	0.283	0.297	0.308	0.291	0.292	0.309	0.298	0.301	0.309	0.316	0.302	0.297	0.301	0.307	0.252	0.302	0.301	0.304	0.296	0.296	0.314	0.310	0.288	0.319	0.286	0.301	0.296	0.310	0.299	2.014	0.596	0.295	0.200	3.663	-336854.645
111	16	10000	9972	0.5163	0.315	0.303	0.284	0.301	0.306	0.287	0.298	0.301	0.291	0.299	0.305	0.301	0.316	0.299	0.295	0.297	0.307	0.298	0.292	0.304	0.298	0.296	0.304	0.295	0.300	0.307	0.301	0.306	0.313	0.311	1.962	0.581	0.295	0.200	3.548	-338250.512
2	16	10000	9966	0.5159	0.290	0.299	0.287	0.294	0.294	0.293	0.286	0.298	0.279	0.303	0.295	0.305	0.305	0.298	0.308	0.309	0.288	0.296	0.291	0.291	0.302	0.300	0.280	0.305	0.300	0.306	0.294	0.297	0.300	0.291	2.003	0.598	0.288	0.197	3.272	-333608.400
3	16	10000	9974	0.5174	0.288	0.300	0.296	0.292	0.318	0.301	0.313	0.300	0.306	0.317	0.295	0.299	0.299	0.306	0.291	0.316	0.289	0.309	0.304	0.295	0.304	0.310	0.280	0.305	0.314	0.312	0.305	0.283	0.307	0.302	2.018	0.605	0.305	0.205	3.843	-338624.977
4	16	10000	9972	0.5171	0.319	0.280	0.303	0.292	0.306	0.311	0.304	0.311	0.300	0.315	0.298	0.288	0.297	0.319	0.306	0.299	0.298	0.297	0.299	0.298	0.294	0.297	0.290	0.308	0.298	0.304	0.295	0.286	0.299	0.305	1.977	0.584	0.298	0.197	3.814	-336828.304
5	16	10000	9981	0.5185	0.300	0.303	0.318	0.311	0.303	0.295	0.300	0.297	0.298	0.299	0.309	0.299	0.301	0.310	0.301	0.323	0.295	0.308	0.300	0.300	0.305	0.292	0.318	0.317	0.314	0.312	0.297	0.297	0.294	0.309	1.986	0.611	0.313	0.199	5.455	-338889.019
6	16	10000	9974	0.5116	0.290	0.292	0.302	0.300	0.291	0.299	0.299	0.301	0.308	0.306	0.295	0.296	0.301	0.302	0.303	0.292	0.298	0.296	0.295	0.302	0.302	0.308	0.290	0.295	0.310	0.304	0.285	0.293	0.304	0.300	2.009	0.608	0.298	0.200	4.072	-335604.559
7	16	10000	9970	0.5121	0.337	0.292	0.306	0.290	0.289	0.313	0.296	0.297	0.306	0.298	0.291	0.307	0.289	0.307	0.297	0.271	0.299	0.298	0.296	0.302	0.308	0.293	0.319	0.308	0.291	0.298	0.298	0.312	0.305	0.310	2.026	0.593	0.314	0.197	3.980	-336773.722
8	16	10000	9963	0.5125	0.317	0.297	0.301	0.296	0.299	0.318	0.298	0.297	0.313	0.302	0.297	0.297	0.306	0.304	0.300	0.264	0.308	0.300	0.304	0.288	0.309	0.296	0.309	0.303	0.295	0.292	0.300	0.296	0.304	0.288	2.016	0.602	0.290	0.201	3.465	-335979.941
9	16	10000	9960	0.5135	0.290	0.292	0.297	0.298	0.301	0.306	0.305	0.292	0.293	0.297	0.306	0.297	0.297	0.305	0.298	0.295	0.306	0.306	0.308	0.299	0.317	0.298	0.288	0.297	0.299	0.312	0.294	0.301	0.304	0.301	1.965	0.595	0.295	0.199	3.759	-336456.400
10	16	10000	9971	0.5138	0.297	0.293	0.305	0.304	0.299	0.293	0.309	0.297	0.313	0.301	0.302	0.302	0.292	0.309	0.285	0.307	0.296	0.286	0.290	0.289	0.306	0.302	0.301	0.309	0.309	0.304	0.296	0.309	0.299	0.295	1.990	0.595	0.299	0.199	3.600	-336569.185
111	16	10000	9961	0.5126	0.300	0.292	0.310	0.302	0.285	0.308	0.295	0.296	0.311	0.291	0.307	0.301	0.290	0.294	0.291	0.311	0.305	0.293	0.304	0.289	0.287	0.287	0.303	0.289	0.292	0.308	0.299	0.314	0.296	0.300	1.999	0.605	0.301	0.201	4.284	-335233.027
2	16	10000	9974	0.5133	0.277	0.291	0.306	0.305	0.302	0.299	0.291	0.295	0.305	0.298	0.308	0.306	0.301	0.300	0.314	0.327	0.293	0.304	0.289	0.289	0.315	0.299	0.295	0.312	0.291	0.288	0.299	0.282	0.303	0.292	2.012	0.608	0.298	0.201	3.319	-335501.488
3	16	10000	9966	0.5111	0.291	0.311	0.296	0.313	0.297	0.302	0.293	0.306	0.290	0.303	0.308	0.304	0.300	0.302	0.297	0.317	0.304	0.320	0.295	0.304	0.294	0.309	0.296	0.299	0.303	0.308	0.293	0.296	0.309	0.301	2.002	0.592	0.302	0.200	3.630	-337456.285
4	16	10000	9959	0.5151	0.282	0.299	0.284	0.309	0.306	0.308	0.300	0.301	0.294	0.290	0.294	0.300	0.299	0.295	0.290	0.301	0.292	0.311	0.303	0.302	0.309	0.298	0.309	0.291	0.315	0.291	0.304	0.295	0.297	0.297	1.991	0.604	0.302	0.201	4.131	-335894.732
5	16	10000	9977	0.5185	0.288	0.296	0.298	0.291	0.313	0.325	0.295	0.309	0.291	0.294	0.295	0.295	0.299	0.294	0.297	0.282	0.310	0.291	0.294	0.304	0.291	0.298	0.305	0.310	0.321	0.297	0.299	0.292	0.303	0.305	1.991	0.582	0.295	0.198	3.306	-337032.453
6	16	10000	9962	0.5149	0.303	0.298	0.308	0.298	0.289	0.296	0.312	0.298	0.294	0.296	0.299	0.310	0.309	0.301	0.280	0.304	0.291	0.299	0.288	0.299	0.302	0.295	0.299	0.313	0.303	0.300	0.298	0.271	0.301	0.298	2.007	0.614	0.300	0.200	4.414	-334844.843
7	16	10000	9975	0.5140	0.286	0.295	0.302	0.302	0.299	0.284	0.314	0.291	0.317	0.290	0.292	0.308	0.284	0.302	0.304	0.315	0.305	0.295	0.289	0.287	0.318	0.304	0.293	0.305	0.293	0.303	0.299	0.318	0.298	0.299	1.992	0.607	0.294	0.202	3.905	-335946.844
8	16	10000	9959	0.5145	0.323	0.300	0.300	0.307	0.302	0.296	0.315	0.305	0.307	0.294	0.304	0.307	0.304	0.306	0.293	0.289	0.298	0.309	0.308	0.302	0.309	0.306	0.298	0.303	0.297	0.307	0.309	0.315	0.299	0.302	2.026	0.598	0.304	0.198	4.482	-338120.400
9	16	10000	9975	0.5130	0.293	0.302	0.285	0.304	0.288	0.298	0.307	0.301	0.289	0.280	0.305	0.302	0.304	0.300	0.295	0.321	0.298	0.305	0.286	0.307	0.305	0.312	0.302	0.314	0.306	0.304	0.295	0.291	0.309	0.306	2.007	0.605	0.303	0.201	3.908	-336898.919
10	16	10000	9969	0.5133	0.320	0.296	0.298	0.300	0.302	0.307	0.296	0.293	0.286	0.296	0.300	0.306	0.295	0.288	0.294	0.293	0.307	0.303	0.292	0.298	0.297	0.294	0.303	0.285	0.310	0.290	0.300	0.295	0.296	0.295	2.008	0.605	0.295	0.201	4.126	-334447.969
111	16	10000	9966	0.5124	0.301	0.295	0.293	0.298	0.299	0.295	0.294	0.304	0.298	0.292	0.302	0.300	0.300	0.308	0.298	0.298	0.310	0.305	0.310	0.293	0.299	0.288	0.302	0.300	0.300	0.304	0.302	0.290	0.301	0.295	1.996	0.608	0.293	0.202	4.252	-335646.940
2	16	10000	9964	0.5112	0.343	0.293	0.293	0.308	0.295	0.308	0.294	0.301	0.313	0.289	0.289	0.308	0.301	0.300	0.305	0.285	0.291	0.292	0.300	0.296	0.297	0.296	0.299	0.298	0.293	0.302	0.304	0.294	0.304	0.308	2.019	0.595	0.295	0.200	3.728	-336130.104
3	16	10000	9975	0.5117	0.335	0.296	0.300	0.295	0.285	0.291	0.283	0.300	0.302	0.278	0.286	0.307	0.297	0.298	0.288	0.268	0.306	0.303	0.299	0.294	0.294	0.296	0.302	0.293	0.300	0.297	0.287	0.306	0.307	0.297	1.991	0.601	0.288	0.198	3.631	-334356.280
4	16	10000	9978	0.5138	0.331	0.310	0.305	0.276	0.301	0.288	0.288	0.298	0.291	0.307	0.297	0.305	0.309	0.297	0.285	0.274	0.298	0.297	0.299	0.319	0.306	0.313	0.297	0.302	0.299	0.301	0.303	0.308	0.301	0.284	2.016	0.601	0.293	0.197	4.297	-335297.608
5	16	10000	9969	0.5129	0.272	0.303	0.307	0.303	0.305	0.294	0.302	0.310	0.308	0.299	0.306	0.304	0.289	0.313	0.289	0.320	0.305	0.305	0.292	0.303	0.303	0.295	0.303	0.300	0.314	0.307	0.302	0.297	0.297	0.289	2.004	0.617	0.302	0.201	4.092	-336655.165
6	16	10000	9963	0.5147	0.276	0.308	0.292	0.311	0.298	0.304	0.301	0.302	0.306	0.297	0.308	0.300	0.314	0.292	0.314	0.356	0.295	0.303	0.293	0.301	0.298	0.316	0.296	0.306	0.305	0.303	0.299	0.306	0.296	0.305	1.998	0.584	0.297	0.200	3.709	-338286.602
7	16	10000	9973	0.5120	0.300	0.299	0.306	0.305	0.303	0.295	0.295	0.304	0.313	0.294	0.290	0.305	0.309	0.309	0.306	0.304	0.292	0.302	0.299	0.302	0.300	0.311	0.306	0.303	0.303	0.309	0.304	0.295	0.303	0.306	2.004	0.597	0.301	0.200	4.223	-337757.727
8	16	10000	9969	0.5157	0.309	0.312	0.299	0.295	0.290	0.288	0.295	0.313	0.304	0.305	0.296	0.299	0.287	0.292	0.306	0.315	0.298	0.300	0.302	0.304	0.292	0.292	0.295	0.300	0.293	0.313	0.295	0.294	0.302	0.305	2.017	0.606	0.295	0.199	4.343	-335606.935
9	16	10000	9964	0.5124	0.343	0.289	0.296	0.291	0.292	0.292	0.306	0.296	0.315	0.293	0.298	0.309	0.297	0.297	0.294	0.252	0.300	0.306	0.304	0.290	0.296	0.284	0.292	0.283	0.311	0.306	0.287	0.299	0.310	0.285	1.969	0.617	0.295	0.196	3.899	-333889.789
10	16	10000	9971	0.5130	0.304	0.298	0.301	0.295	0.296	0.290	0.296	0.295	0.298	0.305	0.307	0.304	0.306	0.292	0.300	0.309	0.290	0.314	0.300	0.300	0.288	0.312	0.293	0.299	0.313	0.294	0.304	0.302	0.295	0.290	1.965	0.583	0.300	0.202	3.929	-336949.359
111	16	10000	9979	0.5103	0.259	0.308	0.292	0.296	0.301	0.314	0.301	0.293	0.307	0.304	0.303	0.290	0.308	0.305	0.296	0.319	0.305	0.302	0.291	0.297	0.300	0.297	0.302	0.301	0.308	0.302	0.295	0.293	0.294	0.296	2.005	0.609	0.293	0.197	3.943	-334630.765
2	16	10000	9970	0.5061	0.304	0.306	0.301	0.300	0.305	0.300	0.299	0.298	0.298	0.316	0.287	0.300	0.296	0.298	0.309	0.318	0.305	0.314	0.296	0.307	0.296	0.305	0.307	0.309	0.303	0.301	0.295	0.297	0.283	0.314	2.010	0.585	0.298	0.196	3.626	-337286.017
3	16	10000	9979	0.5140	0.313	0.306	0.291	0.304	0.304	0.306	0.300	0.286	0.287	0.310	0.310	0.293	0.306	0.312	0.302	0.272	0.296	0.296	0.304	0.311	0.301	0.298	0.311	0.315	0.311	0.306	0.301	0.305	0.311	0.300	2.010	0.584	0.289	0.202	3.461	-338794.229
4	16	10000	9969	0.5125	0.315	0.291	0.298	0.310	0.298	0.308	0.287	0.306	0.294	0.306	0.298	0.305	0.297	0.293	0.305	0.286	0.299	0.292	0.304	0.311	0.304	0.295	0.298	0.296	0.315	0.309	0.306	0.292	0.298	0.311	1.999	0.599	0.302	0.202	4.164	-336866.614
5	16	10000	9975	0.5108	0.335	0.293	0.301	0.299	0.292	0.306	0.303	0.298	0.292	0.307	0.317	0.298	0.307	0.300	0.303	0.288	0.298	0.288	0.286	0.303	0.296	0.292	0.312	0.302	0.298	0.288	0.293	0.309	0.293	0.306	1.997	0.597	0.301	0.201	3.907	-336434.710
6	16	10000	9973	0.5124	0.268	0.302	0.308	0.316	0.295	0.314	0.314	0.300	0.300	0.315	0.312	0.298	0.288	0.301	0.296	0.327	0.291	0.304	0.294	0.313	0.290	0.294	0.298	0.308	0.318	0.299	0.314	0.309	0.296	0.299	1.998	0.602	0.312	0.203	4.128	-338690.738
7	16	10000	9971	0.5098	0.272	0.310	0.300	0.296	0.299	0.308	0.297	0.306	0.292	0.299	0.299	0.295	0.302	0.300	0.296	0.322	0.301	0.321	0.290	0.302	0.293	0.303	0.290	0.299	0.306	0.299	0.306	0.286	0.301	0.305	1.978	0.604	0.288	0.199	4.084	-335924.460
8	16	10000	9967	0.5137	0.309	0.304	0.296	0.300	0.291	0.292	0.301	0.303	0.319	0.297	0.296	0.301	0.309	0.311	0.292	0.281	0.299	0.308	0.293	0.296	0.291	0.297	0.312	0.296	0.293	0.306	0.296	0.300	0.300	0.306	2.000	0.611	0.295	0.200	4.000	-336135.563
9	16	10000	9973	0.5149	0.286	0.306	0.316	0.304	0.308	0.280	0.301	0.309	0.296	0.297	0.306	0.294	0.298	0.315	0.305	0.294	0.310	0.303	0.294	0.302	0.279	0.306	0.311	0.287	0.297	0.313	0.301	0.293	0.310	0.296	1.973	0.597	0.305	0.200	4.097	-337916.397
10	16	10000	9987	0.5144	0.290	0.289	0.308	0.310	0.303	0.303	0.287	0.301	0.308	0.299	0.305	0.303	0.306	0.310	0.296	0.292	0.292	0.299	0.307	0.313	0.297	0.299	0.309	0.305	0.314	0.316	0.300	0.305	0.304	0.303	1.957	0.591	0.298	0.202	3.562	-339362.428
111	16	10000	9963	0.5114	0.345	0.309	0.301	0.302	0.303	0.293	0.309	0.299	0.308	0.303	0.297	0.308	0.312	0.303	0.299	0.272	0.304	0.287	0.294	0.299	0.285	0.295	0.306	0.324	0.319	0.314	0.294	0.293	0.309	0.296	2.004	0.593	0.305	0.202	4.126	-338147.507
2	16	10000	9969	0.5098	0.306	0.303	0.317	0.297	0.292	0.302	0.304	0.288	0.303	0.307	0.308	0.314	0.292	0.292	0.305	0.308	0.289	0.299	0.305	0.299	0.303	0.308	0.305	0.295	0.305	0.304	0.308	0.291	0.310	0.302	1.988	0.605	0.297	0.203	4.085	-337921.398
3	16	10000	9959	0.5191	0.320	0.299	0.293	0.304	0.308	0.304	0.299	0.290	0.306	0.295	0.304	0.297	0.294	0.303	0.294	0.293	0.298	0.304	0.305	0.298	0.300	0.302	0.290	0.305	0.315	0.305	0.299	0.298	0.313	0.296	2.024	0.595	0.305	0.196	3.841	-336563.062
4	16	10000	9973	0.5174	0.325	0.300	0.290	0.297	0.302	0.296	0.296	0.294	0.294	0.295	0.302	0.297	0.290	0.307	0.295	0.276	0.307	0.299	0.294	0.310	0.285	0.305	0.299	0.289	0.303	0.295	0.300	0.290	0.300	0.291	2.006	0.606	0.300	0.205	4.387	-335850.058
5	16	10000	9969	0.5120	0.335	0.307	0.307	0.295	0.287	0.297	0.293	0.306	0.290	0.300	0.296	0.300	0.303	0.286	0.298	0.258	0.296	0.293	0.298	0.297	0.303	0.310	0.296	0.293	0.309	0.308	0.300	0.293	0.296	0.313	1.981	0.598	0.300	0.202	3.510	-336275.969
6	16	10000	9981	0.5136	0.271	0.303	0.307	0.297	0.299	0.302	0.297	0.309	0.285	0.310	0.295	0.301	0.301	0.304	0.300	0.302	0.305	0.302	0.298	0.303	0.303	0.302	0.312	0.272	0.303	0.304	0.289	0.310	0.298	0.300	1.988	0.597	0.301	0.199	3.908	-337013.145
7	16	10000	9975	0.5166	0.259	0.306	0.290	0.311	0.305	0.308	0.305	0.301	0.309	0.291	0.295	0.300	0.299	0.315	0.299	0.326	0.294	0.299	0.306	0.298	0.300	0.315	0.290	0.311	0.285	0.300	0.301	0.317	0.301	0.311	1.994	0.583	0.306	0.198	3.722	-338430.527
8	16	10000	9965	0.5125	0.304	0.297	0.281	0.302	0.289	0.304	0.290	0.315	0.283	0.298	0.297	0.286	0.302	0.310	0.291	0.282	0.303	0.307	0.295	0.288	0.296	0.288	0.308	0.295	0.295	0.298	0.296	0.293	0.297	0.315	1.986	0.597	0.289	0.200	4.205	-334665.167
9	16	10000	9975	0.5124	0.332	0.306	0.297	0.301	0.296	0.276	0.294	0.309	0.302	0.297	0.302	0.311	0.302	0.302	0.310	0.254	0.317	0.287	0.297	0.304	0.303	0.312	0.286	0.304	0.319	0.296	0.307	0.296	0.312	0.301	2.013	0.592	0.303	0.198	3.820	-337358.202
10	16	10000	9976	0.5122	0.323	0.303	0.313	0.300	0.303	0.303	0.305	0.311	0.295	0.315	0.296	0.306	0.301	0.302	0.294	0.295	0.286	0.319	0.299	0.299	0.297	0.287	0.305	0.299	0.301	0.294	0.303	0.306	0.303	0.298	2.005	0.596	0.304	0.197	4.134	-336996.846
111	16	10000	9962	0.5148	0.268	0.302	0.299	0.293	0.307	0.281	0.294	0.288	0.290	0.295	0.302	0.306	0.291	0.310	0.299	0.346	0.279	0.294	0.302	0.301	0.303	0.307	0.300	0.287	0.292	0.307	0.293	0.305	0.292	0.290	2.003	0.607	0.302	0.200	4.501	-334479.324
2	16	10000	9972	0.5143	0.298	0.296	0.295	0.302	0.309	0.305	0.292	0.291	0.312	0.285	0.300	0.306	0.284	0.299	0.300	0.263	0.300	0.287	0.307	0.294	0.290	0.286	0.307	0.311	0.305	0.297	0.309	0.302	0.299	0.298	1.994	0.595	0.299	0.203	3.921	-336579.196
3	16	10000	9967	0.5127	0.336	0.298	0.304	0.307	0.298	0.306	0.293	0.310	0.296	0.301	0.319	0.293	0.298	0.318	0.302	0.308	0.289	0.299	0.302	0.292	0.307	0.303	0.296	0.311	0.305	0.303	0.288	0.312	0.298	0.302	1.995	0.598	0.295	0.199	4.265	-337899.589
4	16	10000	9959	0.5140	0.330	0.292	0.306	0.296	0.308	0.281	0.303	0.295	0.300	0.299	0.306	0.304	0.306	0.308	0.289	0.258	0.293	0.297	0.300	0.300	0.301	0.289	0.296	0.308	0.300	0.302	0.302	0.299	0.301	0.300	1.998	0.600	0.308	0.201	3.597	-336498.220
5	16	10000	9963	0.5162	0.342	0.297	0.287	0.290	0.304	0.314	0.296	0.301	0.294	0.311	0.299	0.293	0.278	0.288	0.312	0.253	0.319	0.277	0.296	0.287	0.312	0.301	0.296	0.296	0.319	0.297	0.291	0.300	0.302	0.288	1.999	0.592	0.294	0.200	3.617	-335417.220
6	16	10000	9972	0.5143	0.334	0.281	0.299	0.303	0.299	0.298	0.297	0.290	0.310	0.294	0.310	0.297	0.305	0.309	0.298	0.301	0.277	0.298	0.298	0.295	0.297	0.308	0.289	0.304	0.290	0.308	0.293	0.304	0.312	0.297	1.992	0.616	0.300	0.202	5.125	-335793.610
7	16	10000	9978	0.5158	0.262	0.306	0.303	0.307	0.297	0.290	0.309	0.312	0.297	0.302	0.303	0.295	0.303	0.290	0.307	0.316	0.305	0.298	0.294	0.312	0.302	0.304	0.305	0.295	0.295	0.303	0.308	0.306	0.293	0.295	2.026	0.599	0.288	0.199	3.879	-336623.585
8	16	10000	9968	0.5141	0.307	0.289	0.300	0.295	0.302	0.294	0.298	0.292	0.306	0.300	0.311	0.309	0.285	0.290	0.301	0.323	0.288	0.296	0.306	0.308	0.305	0.297	0.299	0.306	0.303	0.305	0.299	0.293	0.291	0.302	2.019	0.600	0.307	0.201	4.808	-336344.080
9	16	10000	9970	0.5151	0.295	0.298	0.297	0.306	0.295	0.320	0.302	0.303	0.301	0.304	0.301	0.292	0.307	0.294	0.300	0.329	0.289	0.302	0.296	0.310	0.310	0.293	0.295	0.304	0.303	0.299	0.290	0.292	0.302	0.292	1.976	0.608	0.298	0.200	4.709	-336204.638
10	16	10000	9968	0.5149	0.293	0.323	0.292	0.301	0.294	0.315	0.300	0.294	0.288	0.298	0.295	0.295	0.292	0.296	0.292	0.296	0.308	0.304	0.301	0.303	0.302	0.299	0.311	0.268	0.301	0.305	0.307	0.281	0.311	0.294	1.991	0.598	0.295	0.199	3.584	-335681.384
111	16	10000	9961	0.5114	0.296	0.289	0.310	0.307	0.319	0.282	0.296	0.296	0.303	0.306	0.301	0.292	0.298	0.306	0.314	0.306	0.294	0.315	0.291	0.306	0.301	0.293	0.303	0.296	0.319	0.302	0.308	0.304	0.294	0.301	1.999	0.591	0.296	0.199	3.649	-337095.148
2	16	10000	9968	0.5122	0.328	0.296	0.294	0.308	0.289	0.317	0.304	0.294	0.320	0.306	0.313	0.302	0.308	0.311	0.301	0.285	0.286	0.292	0.302	0.305	0.291	0.302	0.302	0.303	0.303	0.309	0.294	0.306	0.300	0.298	1.972	0.595	0.314	0.200	4.054	-338610.537
3	16	10000	9975	0.5132	0.305	0.290	0.305	0.303	0.309	0.299	0.308	0.297	0.294	0.299	0.307	0.296	0.317	0.308	0.297	0.302	0.285	0.301	0.303	0.303	0.302	0.298	0.288	0.297	0.288	0.297	0.300	0.305	0.294	0.318	2.032	0.605	0.313	0.201	4.311	-337210.869
4	16	10000	9972	0.5142	0.315	0.294	0.298	0.313	0.304	0.308	0.308	0.286	0.307	0.295	0.300	0.295	0.311	0.308	0.295	0.319	0.292	0.294	0.305	0.293	0.297	0.297	0.297	0.312	0.286	0.300	0.296	0.297	0.293	0.305	2.008	0.616	0.299	0.200	4.723	-336275.718
5	16	10000	9972	0.5149	0.309	0.287	0.288	0.309	0.286	0.297	0.295	0.292	0.308	0.298	0.298	0.303	0.297	0.303	0.293	0.291	0.308	0.288	0.315	0.291	0.306	0.313	0.298	0.306	0.294	0.287	0.307	0.292	0.293	0.298	2.015	0.595	0.299	0.200	4.146	-335845.165
6	16	10000	9960	0.5150	0.317	0.304	0.301	0.316	0.295	0.312	0.298	0.293	0.298	0.299	0.298	0.315	0.312	0.288	0.308	0.291	0.304	0.309	0.300	0.306	0.297	0.302	0.299	0.297	0.288	0.295	0.305	0.301	0.297	0.297	2.007	0.595	0.304	0.199	3.961	-337649.350
7	16	10000	9974	0.5149	0.298	0.291	0.302	0.306	0.302	0.285	0.309	0.292	0.311	0.307	0.295	0.318	0.286	0.302	0.299	0.325	0.304	0.307	0.313	0.299	0.299	0.307	0.286	0.310	0.305	0.302	0.293	0.290	0.301	0.301	2.018	0.609	0.302	0.199	4.891	-336928.610
8	16	10000	9978	0.5094	0.326	0.286	0.286	0.292	0.309	0.308	0.302	0.288	0.277	0.311	0.306	0.305	0.315	0.295	0.308	0.269	0.306	0.296	0.294	0.295	0.301	0.287	0.298	0.299	0.303	0.307	0.303	0.297	0.294	0.297	1.995	0.591	0.298	0.198	3.367	-335819.220
9	16	10000	9963	0.5157	0.342	0.305	0.312	0.300	0.303	0.295	0.293	0.311	0.302	0.292	0.307	0.304	0.299	0.295	0.304	0.263	0.299	0.286	0.298	0.301	0.305	0.297	0.288	0.288	0.302	0.301	0.287	0.280	0.294	0.295	2.011	0.599	0.290	0.198	4.283	-334983.567
10	16	10000	9976	0.5169	0.282	0.304	0.292	0.301	0.298	0.302	0.289	0.295	0.294	0.290	0.304	0.300	0.316	0.300	0.295	0.295	0.291	0.302	0.295	0.308	0.301	0.311	0.298	0.298	0.306	0.299	0.301	0.306	0.292	0.301	1.984	0.609	0.300	0.200	3.991	-336026.558
111	16	10000	9975	0.5148	0.309	0.296	0.303	0.291	0.308	0.303	0.297	0.309	0.291	0.302	0.300	0.297	0.291	0.302	0.300	0.302	0.301	0.290	0.299	0.311	0.297	0.297	0.312	0.303	0.321	0.293	0.292	0.296	0.311	0.309	2.003	0.614	0.301	0.201	4.222	-337300.426
2	16	10000	9973	0.5141	0.312	0.302	0.302	0.304	0.302	0.306	0.310	0.297	0.300	0.299	0.306	0.301	0.312	0.298	0.296	0.307	0.288	0.299	0.299	0.301	0.300	0.305	0.290	0.289	0.300	0.298	0.301	0.308	0.298	0.297	1.996	0.604	0.298	0.200	3.988	-336896.806
3	16	10000	9970	0.5142	0.275	0.313	0.288	0.288	0.295	0.292	0.307	0.300	0.305	0.297	0.300	0.292	0.303	0.298	0.296	0.318	0.311	0.305	0.305	0.306	0.304	0.293	0.285	0.298	0.298	0.304	0.303	0.308	0.295	0.295	1.990	0.593	0.301	0.202	4.340	-336631.202
4	16	10000	9962	0.5112	0.290	0.297	0.302	0.293	0.288	0.304	0.297	0.298	0.294	0.300	0.302	0.300	0.288	0.288	0.294	0.315	0.285	0.305	0.299	0.294	0.297	0.285	0.303	0.304	0.278	0.297	0.302	0.309	0.292	0.299	1.998	0.591	0.294	0.200	3.651	-334811.941
5	16	10000	9971	0.5127	0.326	0.290	0.295	0.310	0.309	0.296	0.290	0.301	0.291	0.297	0.294	0.292	0.300	0.295	0.301	0.298	0.287	0.311	0.300	0.306	0.305	0.311	0.290	0.315	0.299	0.299	0.290	0.295	0.296	0.299	1.988	0.610	0.304	0.202	4.616	-336429.392
6	16	10000	9972	0.5165	0.298	0.310	0.297	0.313	0.292	0.285	0.299	0.295	0.284	0.295	0.300	0.306	0.308	0.295	0.301	0.305	0.290	0.301	0.292	0.291	0.298	0.289	0.301	0.303	0.287	0.303	0.291	0.303	0.293	0.293	2.025	0.607	0.299	0.204	4.428	-335091.172
7	16	10000	9970	0.5098	0.303	0.316	0.306	0.323	0.284	0.305	0.305	0.295	0.280	0.295	0.285	0.294	0.319	0.309	0.289	0.309	0.316	0.294	0.299	0.299	0.313	0.303	0.291	0.308	0.297	0.296	0.300	0.307	0.308	0.307	1.992	0.603	0.303	0.197	4.397	-336109.053
8	16	10000	9969	0.5115	0.287	0.301	0.286	0.305	0.306	0.316	0.297	0.304	0.303	0.297	0.304	0.296	0.299	0.304	0.294	0.323	0.309	0.299	0.302	0.298	0.302	0.302	0.306	0.291	0.304	0.304	0.292	0.305	0.300	0.310	2.056	0.590	0.299	0.205	4.179	-337509.763
9	16	10000	9962	0.5160	0.296	0.309	0.291	0.290	0.303	0.299	0.306	0.300	0.310	0.297	0.299	0.287	0.295	0.298	0.313	0.291	0.295	0.307	0.302	0.303	0.320	0.313	0.300	0.299	0.287	0.299	0.303	0.305	0.310	0.294	2.014	0.601	0.310	0.203	4.238	-337654.715
10	16	10000	9972	0.5145	0.301	0.312	0.291	0.301	0.297	0.307	0.300	0.302	0.310	0.310	0.290	0.308	0.312	0.299	0.303	0.293	0.301	0.287	0.301	0.308	0.311	0.310	0.285	0.301	0.293	0.296	0.314	0.293	0.300	0.305	2.000	0.598	0.306	0.197	4.471	-337250.596
111	16	10000	9969	0.5139	0.318	0.295	0.306	0.307	0.292	0.293	0.299	0.291	0.289	0.310	0.292	0.307	0.299	0.305	0.282	0.275	0.308	0.310	0.299	0.297	0.303	0.298	0.320	0.306	0.310	0.299	0.295	0.290	0.303	0.290	2.006	0.595	0.300	0.197	3.722	-335965.637
2	16	10000	9958	0.5102	0.257	0.316	0.291	0.301	0.300	0.304	0.306	0.302	0.292	0.301	0.305	0.302	0.304	0.298	0.313	0.344	0.299	0.303	0.299	0.310	0.310	0.311	0.295	0.308	0.299	0.295	0.305	0.297	0.306	0.296	1.996	0.585	0.305	0.199	4.086	-337708.440
3	16	10000	9971	0.5150	0.280	0.308	0.296	0.305	0.289	0.297	0.307	0.301	0.299	0.297	0.306	0.288	0.328	0.289	0.297	0.273	0.298	0.299	0.300	0.289	0.297	0.298	0.302	0.298	0.322	0.292	0.298	0.301	0.292	0.299	2.014	0.606	0.291	0.202	3.713	-335298.816
4	16	10000	9969	0.5126	0.323	0.306	0.289	0.304	0.306	0.322	0.297	0.305	0.284	0.294	0.305	0.291	0.313	0.298	0.297	0.290	0.317	0.300	0.302	0.312	0.312	0.293	0.298	0.293	0.297	0.309	0.293	0.310	0.312	0.308	2.039	0.607	0.305	0.203	4.279	-337915.381
5	16	10000	9973	0.5148	0.305	0.305	0.301	0.299	0.296	0.307	0.300	0.296	0.299	0.301	0.290	0.306	0.312	0.302	0.305	0.297	0.290	0.301	0.292	0.312	0.309	0.293	0.301	0.300	0.300	0.305	0.298	0.282	0.302	0.311	1.983	0.606	0.303	0.201	4.409	-337371.176
6	16	10000	9957	0.5081	0.302	0.295	0.306	0.296	0.308	0.293	0.323	0.295	0.312	0.305	0.290	0.303	0.309	0.289	0.315	0.302	0.295	0.305	0.294	0.300	0.320	0.299	0.295	0.299	0.293	0.312	0.301	0.302	0.305	0.297	1.986	0.600	0.294	0.199	3.978	-337182.634
7	16	10000	9962	0.5164	0.320	0.304	0.302	0.283	0.297	0.298	0.298	0.307	0.296	0.308	0.288	0.308	0.302	0.294	0.314	0.291	0.303	0.299	0.296	0.305	0.311	0.321	0.306	0.291	0.305	0.302	0.306	0.301	0.292	0.298	2.007	0.600	0.302	0.204	3.946	-337872.415
8	16	10000	9970	0.5121	0.304	0.299	0.307	0.296	0.300	0.296	0.305	0.304	0.295	0.314	0.291	0.305	0.310	0.310	0.293	0.295	0.302	0.308	0.305	0.298	0.291	0.302	0.320	0.297	0.289	0.303	0.310	0.307	0.293	0.306	1.976	0.576	0.301	0.202	3.420	-338329.832
9	16	10000	9974	0.5139	0.316	0.294	0.313	0.303	0.297	0.275	0.292	0.304	0.291	0.303	0.288	0.293	0.304	0.308	0.298	0.293	0.301	0.294	0.303	0.296	0.280	0.303	0.301	0.298	0.299	0.298	0.307	0.300	0.308	0.295	2.016	0.588	0.296	0.201	3.653	-335519.016
10	16	10000	9975	0.5133	0.296	0.291	0.294	0.302	0.315	0.296	0.303	0.294	0.318	0.304	0.309	0.296	0.292	0.299	0.291	0.303	0.302	0.306	0.299	0.294	0.298	0.296	0.296	0.304	0.299	0.301	0.306	0.282	0.294	0.309	1.989	0.608	0.300	0.199	3.927	-336100.368
111	16	10000	9977	0.5157	0.332	0.314	0.305	0.301	0.294	0.321	0.309	0.293	0.303	0.288	0.305	0.300	0.277	0.304	0.312	0.259	0.286	0.315	0.310	0.280	0.315	0.291	0.294	0.291	0.309	0.295	0.298	0.298	0.293	0.305	1.982	0.589	0.290	0.198	3.651	-336402.534
2	16	10000	9967	0.5142	0.293	0.289	0.305	0.308	0.303	0.308	0.302	0.308	0.291	0.293	0.294	0.301	0.292	0.270	0.306	0.280	0.286	0.302	0.306	0.301	0.298	0.291	0.315	0.304	0.291	0.283	0.296	0.314	0.305	0.293	1.991	0.601	0.299	0.198	4.040	-335138.199
3	16	10000	9959	0.5126	0.289	0.302	0.301	0.308	0.306	0.300	0.287	0.306	0.307	0.281	0.293	0.283	0.302	0.290	0.298	0.299	0.301	0.283	0.295	0.303	0.293	0.306	0.304	0.303	0.287	0.300	0.295	0.295	0.292	0.299	2.014	0.596	0.286	0.199	3.904	-334192.618
4	16	10000	9976	0.5129	0.301	0.308	0.300	0.306	0.305	0.316	0.298	0.299	0.299	0.291	0.303	0.305	0.302	0.282	0.307	0.297	0.309	0.307	0.315	0.287	0.295	0.294	0.307	0.307	0.309	0.303	0.296	0.299	0.309	0.313	1.989	0.595	0.308	0.197	4.482	-337959.551
5	16	10000	9966	0.5148	0.307	0.293	0.308	0.305	0.300	0.295	0.303	0.298	0.293	0.299	0.309	0.293	0.293	0.308	0.295	0.277	0.288	0.306	0.307	0.313	0.313	0.302	0.305	0.299	0.308	0.293	0.309	0.295	0.294	0.300	1.986	0.598	0.310	0.201	3.536	-337571.018
6	16	10000	9969	0.5126	0.270	0.297	0.294	0.299	0.313	0.306	0.293	0.303	0.293	0.307	0.303	0.297	0.294	0.302	0.301	0.286	0.298	0.298	0.298	0.303	0.301	0.297	0.302	0.326	0.311	0.298	0.309	0.312	0.306	0.283	1.991	0.596	0.307	0.197	3.317	-336758.474
7	16	10000	9970	0.5115	0.326	0.306	0.302	0.288	0.296	0.297	0.289	0.303	0.310	0.302	0.312	0.298	0.303	0.308	0.294	0.293	0.306	0.297	0.308	0.299	0.305	0.304	0.297	0.301	0.297	0.308	0.305	0.292	0.306	0.302	2.022	0.595	0.303	0.196	4.411	-336722.890
8	16	10000	9965	0.5112	0.300	0.291	0.298	0.303	0.293	0.289	0.308	0.298	0.296	0.312	0.296	0.296	0.303	0.298	0.304	0.290	0.300	0.291	0.295	0.301	0.314	0.298	0.297	0.285	0.295	0.292	0.322	0.309	0.301	0.298	1.989	0.607	0.298	0.204	4.347	-336388.053
9	16	10000	9981	0.5156	0.275	0.296	0.300	0.305	0.297	0.303	0.316	0.300	0.319	0.297	0.301	0.293	0.308	0.305	0.290	0.316	0.308	0.284	0.298	0.300	0.296	0.304	0.309	0.311	0.302	0.304	0.301	0.300	0.304	0.305	2.014	0.601	0.309	0.201	3.824	-337817.186
10	16	10000	9971	0.5108	0.302	0.306	0.304	0.311	0.308	0.298	0.306	0.290	0.294	0.318	0.305	0.307	0.307	0.308	0.311	0.295	0.310	0.290	0.297	0.305	0.294	0.308	0.304	0.309	0.289	0.313	0.292	0.312	0.300	0.298	2.018	0.598	0.302	0.204	4.449	-338651.439
111	16	10000	9967	0.5163	0.279	0.291	0.300	0.288	0.298	0.304	0.293	0.294	0.290	0.297	0.301	0.296	0.297	0.295	0.297	0.321	0.316	0.311	0.283	0.295	0.296	0.305	0.300	0.281	0.301	0.296	0.286	0.304	0.293	0.311	2.002	0.602	0.288	0.202	3.579	-334824.505
2	16	10000	9964	0.5112	0.281	0.290	0.293	0.305	0.296	0.306	0.301	0.298	0.303	0.296	0.300	0.304	0.306	0.296	0.300	0.300	0.284	0.295	0.300	0.297	0.319	0.295	0.300	0.314	0.305	0.307	0.296	0.306	0.305	0.292	1.996	0.590	0.303	0.201	3.336	-336843.690
3	16	10000	9966	0.5132	0.272	0.302	0.295	0.308	0.317	0.281	0.310	0.310	0.290	0.287	0.305	0.292	0.317	0.304	0.314	0.331	0.300	0.297	0.313	0.297	0.298	0.287	0.304	0.302	0.295	0.302	0.301	0.307	0.295	0.290	2.001	0.592	0.299	0.203	3.818	-337533.324
4	16	10000	9959	0.5123	0.299	0.289	0.306	0.294	0.303	0.294	0.302	0.301	0.301	0.299	0.304	0.286	0.302	0.315	0.288	0.297	0.310	0.302	0.298	0.298	0.276	0.304	0.288	0.301	0.301	0.303	0.297	0.305	0.293	0.295	1.999	0.602	0.296	0.198	3.785	-334617.248
5	16	10000	9976	0.5125	0.281	0.272	0.304	0.292	0.300	0.295	0.302	0.312	0.320	0.299	0.294	0.304	0.297	0.303	0.301	0.284	0.311	0.305	0.301	0.310	0.295	0.291	0.290	0.303	0.300	0.296	0.302	0.298	0.300	0.306	1.994	0.606	0.295	0.199	3.307	-335976.650
6	16	10000	9974	0.5138	0.309	0.296	0.304	0.300	0.306	0.319	0.296	0.298	0.316	0.293	0.298	0.300	0.298	0.298	0.298	0.315	0.296	0.303	0.291	0.289	0.303	0.303	0.295	0.305	0.309	0.298	0.297	0.302	0.314	0.303	1.982	0.592	0.305	0.201	3.635	-338122.466
7	16	10000	9972	0.5138	0.306	0.333	0.290	0.295	0.310	0.287	0.300	0.299	0.299	0.308	0.294	0.296	0.279	0.301	0.312	0.306	0.302	0.298	0.312	0.283	0.298	0.299	0.311	0.300	0.300	0.312	0.300	0.300	0.313	0.296	1.986	0.594	0.313	0.200	4.353	-337511.365
8	16	10000	9964	0.5134	0.288	0.305	0.291	0.306	0.294	0.317	0.291	0.303	0.298	0.300	0.288	0.297	0.303	0.292	0.296	0.309	0.293	0.295	0.311	0.300	0.302	0.303	0.285	0.293	0.301	0.296	0.294	0.287	0.300	0.296	2.023	0.591	0.290	0.202	3.294	-335368.344
9	16	10000	9974	0.5117	0.276	0.299	0.302	0.302	0.302	0.305	0.302	0.288	0.306	0.305	0.292	0.312	0.301	0.290	0.312	0.322	0.315	0.298	0.308	0.299	0.298	0.286	0.295	0.286	0.299	0.299	0.305	0.299	0.294	0.315	1.984	0.587	0.298	0.201	3.984	-337063.080
10	16	10000	9963	0.5141	0.305	0.290	0.299	0.305	0.294	0.323	0.289	0.300	0.301	0.288	0.299	0.303	0.301	0.299	0.297	0.290	0.309	0.310	0.301	0.306	0.305	0.298	0.302	0.301	0.302	0.291	0.306	0.316	0.291	0.304	1.972	0.601	0.295	0.202	3.836	-337092.261
111	16	10000	9974	0.5140	0.302	0.291	0.316	0.293	0.306	0.288	0.305	0.292	0.296	0.306	0.292	0.288	0.294	0.301	0.296	0.300	0.318	0.301	0.297	0.311	0.284	0.304	0.299	0.306	0.297	0.292	0.304	0.293	0.292	0.309	2.008	0.600	0.291	0.196	3.967	-334875.186
2	16	10000	9955	0.5110	0.339	0.322	0.290	0.304	0.311	0.291	0.310	0.301	0.297	0.298	0.304	0.303	0.300	0.302	0.305	0.250	0.292	0.301	0.308	0.304	0.305	0.296	0.296	0.302	0.310	0.300	0.296	0.298	0.301	0.302	1.991	0.599	0.313	0.200	3.803	-337309.115
3	16	10000	9972	0.5150	0.300	0.318	0.289	0.294	0.304	0.297	0.306	0.303	0.304	0.299	0.298	0.303	0.299	0.301	0.304	0.315	0.299	0.307	0.302	0.306	0.300	0.308	0.294	0.300	0.310	0.305	0.318	0.304	0.302	0.298	1.986	0.576	0.293	0.199	3.480	-338624.752
4	16	10000	9960	0.5096	0.321	0.301	0.297	0.298	0.306	0.310	0.302	0.306	0.305	0.291	0.309	0.303	0.296	0.302	0.302	0.290	0.297	0.295	0.293	0.294	0.298	0.299	0.286	0.300	0.304	0.305	0.303	0.302	0.294	0.304	1.991	0.605	0.311	0.201	4.523	-336756.217
5	16	10000	9968	0.5126	0.291	0.275	0.301	0.299	0.285	0.306	0.295	0.299	0.303	0.297	0.303	0.283	0.306	0.298	0.298	0.300	0.294	0.290	0.296	0.298	0.298	0.290	0.302	0.302	0.303	0.297	0.299	0.306	0.304	0.306	1.998	0.597	0.296	0.197	3.326	-335014.555
6	16	10000	9963	0.5151	0.320	0.299	0.294	0.292	0.297	0.296	0.292	0.302	0.310	0.311	0.292	0.305	0.304	0.311	0.291	0.266	0.310	0.286	0.299	0.297	0.290	0.304	0.296	0.309	0.294	0.291	0.296	0.301	0.303	0.298	2.029	0.599	0.297	0.198	4.203	-335153.085
7	16	10000	9972	0.5120	0.286	0.298	0.297	0.310	0.301	0.302	0.313	0.301	0.307	0.305	0.297	0.305	0.293	0.305	0.292	0.317	0.296	0.303	0.302	0.293	0.285	0.299	0.308	0.301	0.304	0.300	0.287	0.289	0.302	0.306	2.030	0.606	0.304	0.200	3.727	-336469.176
8	16	10000	9967	0.5106	0.355	0.302	0.297	0.300	0.304	0.299	0.307	0.304	0.276	0.308	0.302	0.288	0.324	0.300	0.308	0.264	0.294	0.310	0.299	0.305	0.291	0.304	0.309	0.293	0.295	0.289	0.302	0.323	0.291	0.298	1.989	0.588	0.300	0.197	3.768	-336575.096
9	16	10000	9972	0.5169	0.306	0.307	0.293	0.299	0.299	0.295	0.298	0.302	0.291	0.304	0.314	0.290	0.298	0.298	0.295	0.313	0.297	0.313	0.293	0.302	0.300	0.297	0.284	0.315	0.291	0.300	0.293	0.299	0.301	0.297	2.003	0.622	0.299	0.200	4.241	-335944.654
10	16	10000	9974	0.5139	0.293	0.303	0.284	0.304	0.296	0.308	0.299	0.303	0.282	0.304	0.302	0.288	0.304	0.302	0.292	0.316	0.297	0.316	0.299	0.316	0.291	0.284	0.325	0.301	0.295	0.301	0.305	0.305	0.298	0.297	1.998	0.589	0.304	0.201	4.027	-337094.624
111	16	10000	9965	0.5122	0.276	0.289	0.299	0.300	0.293	0.307	0.283	0.311	0.295	0.297	0.293	0.299	0.292	0.306	0.312	0.318	0.311	0.296	0.283	0.295	0.307	0.308	0.300	0.296	0.295	0.284	0.295	0.309	0.302	0.296	1.996	0.611	0.298	0.201	4.226	-335230.643
2	16	10000	9972	0.5133	0.327	0.324	0.281	0.300	0.306	0.314	0.298	0.306	0.306	0.302	0.313	0.301	0.299	0.300	0.301	0.283	0.306	0.309	0.296	0.306	0.298	0.313	0.300	0.290	0.281	0.294	0.289	0.320	0.284	0.311	2.008	0.585	0.305	0.201	4.107	-338278.690
3	16	10000	9963	0.5190	0.286	0.301	0.304	0.290	0.285	0.303	0.297	0.297	0.325	0.290	0.305	0.303	0.306	0.305	0.288	0.347	0.308	0.303	0.299	0.295	0.299	0.301	0.285	0.302	0.302	0.301	0.298	0.295	0.301	0.301	1.974	0.603	0.303	0.200	4.555	-336789.564
4	16	10000	9976	0.5137	0.313	0.302	0.305	0.294	0.299	0.291	0.306	0.307	0.283	0.289	0.302	0.293	0.293	0.304	0.307	0.262	0.299	0.312	0.313	0.299	0.298	0.299	0.293	0.297	0.299	0.298	0.310	0.310	0.309	0.300	1.996	0.599	0.297	0.199	3.862	-336586.224
5	16	10000	9968	0.5152	0.301	0.311	0.299	0.299	0.318	0.311	0.297	0.299	0.301	0.315	0.307	0.302	0.286	0.298	0.307	0.295	0.305	0.312	0.293	0.290	0.297	0.303	0.292	0.301	0.309	0.307	0.290	0.286	0.302	0.300	1.969	0.594	0.300	0.199	4.194	-337612.445
6	16	10000	9957	0.5094	0.295	0.314	0.305	0.306	0.300	0.305	0.303	0.294	0.300	0.302	0.305	0.297	0.298	0.295	0.303	0.304	0.302	0.297	0.291	0.298	0.289	0.309	0.288	0.287	0.299	0.297	0.300	0.311	0.294	0.296	1.992	0.602	0.300	0.198	3.841	-335550.820
7	16	10000	9971	0.5113	0.313	0.299	0.285	0.295	0.304	0.305	0.303	0.300	0.317	0.299	0.305	0.295	0.296	0.301	0.305	0.284	0.293	0.284	0.285	0.306	0.302	0.310	0.291	0.307	0.299	0.292	0.300	0.286	0.288	0.313	1.980	0.601	0.292	0.202	3.570	-336093.171
8	16	10000	9969	0.5140	0.325	0.309	0.310	0.290	0.291	0.311	0.299	0.308	0.297	0.289	0.307	0.300	0.306	0.307	0.302	0.288	0.295	0.311	0.296	0.305	0.300	0.307	0.294	0.300	0.303	0.305	0.310	0.308	0.295	0.308	2.007	0.612	0.311	0.201	4.986	-337952.837
9	16	10000	9966	0.5137	0.283	0.305	0.296	0.303	0.302	0.318	0.299	0.312	0.290	0.311	0.294	0.314	0.306	0.302	0.297	0.332	0.294	0.303	0.289	0.298	0.308	0.297	0.309	0.311	0.284	0.307	0.307	0.316	0.297	0.302	2.010	0.583	0.301	0.197	3.863	-337693.566
10	16	10000	9965	0.5162	0.313	0.301	0.301	0.297	0.298	0.296	0.296	0.287	0.314	0.301	0.304	0.289	0.285	0.307	0.310	0.270	0.303	0.297	0.290	0.297	0.295	0.288	0.304	0.290	0.294	0.293	0.295	0.312	0.307	0.288	2.011	0.593	0.289	0.199	3.521	-334691.872
111	16	10000	9968	0.5132	0.289	0.304	0.285	0.311	0.281	0.299	0.300	0.293	0.291	0.317	0.292	0.296	0.289	0.272	0.302	0.329	0.290	0.295	0.288	0.292	0.303	0.301	0.291	0.322	0.302	0.307	0.289	0.292	0.300	0.307	1.961	0.612	0.297	0.200	4.566	-334754.583
2	16	10000	9966	0.5142	0.309	0.300	0.297	0.294	0.292	0.299	0.312	0.313	0.293	0.302	0.309	0.303	0.295	0.303	0.303	0.277	0.289	0.295	0.309	0.305	0.292	0.291	0.300	0.316	0.306	0.307	0.293	0.290	0.311	0.304	2.011	0.595	0.302	0.197	3.435	-336891.102
3	16	10000	9960	0.5181	0.288	0.306	0.307	0.310	0.302	0.300	0.312	0.311	0.283	0.312	0.307	0.304	0.303	0.299	0.300	0.296	0.307	0.300	0.281	0.319	0.295	0.298	0.292	0.293	0.298	0.306	0.307	0.294	0.302	0.307	2.005	0.586	0.291	0.195	3.200	-336989.675
4	16	10000	9974	0.5140	0.312	0.298	0.295	0.291	0.303	0.306	0.295	0.303	0.315	0.284	0.290	0.287	0.296	0.303	0.301	0.277	0.294	0.308	0.288	0.302	0.304	0.306	0.322	0.309	0.286	0.297	0.305	0.319	0.314	0.300	1.984	0.594	0.300	0.204	3.975	-337425.798
5	16	10000	9958	0.5145	0.294	0.299	0.296	0.288	0.308	0.304	0.304	0.313	0.314	0.314	0.301	0.297	0.299	0.299	0.309	0.306	0.307	0.299	0.301	0.303	0.297	0.303	0.304	0.296	0.287	0.303	0.307	0.293	0.301	0.314	2.024	0.595	0.308	0.200	3.646	-338155.376
6	16	10000	9969	0.5135	0.307	0.311	0.297	0.304	0.303	0.295	0.299	0.312	0.306	0.305	0.291	0.293	0.299	0.287	0.308	0.267	0.320	0.305	0.297	0.294	0.296	0.296	0.307	0.306	0.290	0.301	0.291	0.294	0.285	0.301	2.027	0.589	0.289	0.200	3.548	-335720.159
7	16	10000	9964	0.5131	0.293	0.297	0.306	0.287	0.307	0.299	0.300	0.295	0.315	0.284	0.299	0.298	0.294	0.299	0.292	0.307	0.280	0.295	0.308	0.295	0.301	0.299	0.295	0.300	0.296	0.293	0.303	0.280	0.302	0.294	1.972	0.595	0.287	0.200	3.683	-335121.210
8	16	10000	9955	0.5124	0.316	0.290	0.313	0.295	0.287	0.292	0.296	0.298	0.294	0.303	0.305	0.302	0.290	0.291	0.305	0.300	0.307	0.296	0.302	0.294	0.300	0.296	0.299	0.302	0.294	0.288	0.300	0.308	0.300	0.300	2.006	0.598	0.301	0.201	4.127	-335823.076
9	16	10000	9970	0.5145	0.290	0.317	0.300	0.306	0.292	0.292	0.299	0.290	0.294	0.305	0.295	0.298	0.283	0.299	0.291	0.311	0.301	0.309	0.307	0.302	0.308	0.297	0.297	0.298	0.297	0.286	0.290	0.298	0.300	0.294	1.975	0.604	0.299	0.199	4.353	-335039.285
10	16	10000	9968	0.5154	0.275	0.288	0.301	0.296	0.301	0.298	0.296	0.305	0.301	0.307	0.294	0.289	0.294	0.302	0.298	0.329	0.287	0.314	0.300	0.289	0.281	0.301	0.301	0.298	0.293	0.299	0.306	0.288	0.297	0.307	1.985	0.609	0.294	0.199	4.336	-334905.543
111	16	10000	9965	0.5147	0.306	0.304	0.312	0.296	0.299	0.295	0.308	0.290	0.295	0.298	0.291	0.310	0.294	0.311	0.290	0.273	0.287	0.301	0.295	0.289	0.285	0.299	0.295	0.308	0.286	0.281	0.317	0.293	0.295	0.310	2.003	0.600	0.291	0.198	3.707	-334193.203
2	16	10000	9973	0.5138	0.297	0.306	0.290	0.291	0.302	0.297	0.305	0.310	0.310	0.296	0.299	0.291	0.309	0.297	0.302	0.301	0.279	0.314	0.299	0.309	0.285	0.302	0.297	0.284	0.292	0.301	0.297	0.301	0.301	0.293	1.963	0.594	0.293	0.201	3.432	-336006.519
3	16	10000	9970	0.5100	0.297	0.297	0.286	0.313	0.294	0.305	0.300	0.299	0.311	0.313	0.310	0.301	0.286	0.305	0.289	0.313	0.305	0.291	0.306	0.296	0.301	0.305	0.298	0.316	0.304	0.304	0.305	0.273	0.303	0.303	2.032	0.601	0.292	0.201	3.686	-336319.199
4	16	10000	9966	0.5165	0.309	0.287	0.299	0.299	0.293	0.305	0.301	0.288	0.304	0.301	0.294	0.306	0.306	0.307	0.303	0.280	0.307	0.305	0.295	0.289	0.298	0.299	0.289	0.299	0.316	0.301	0.290	0.295	0.299	0.300	2.005	0.592	0.299	0.201	3.455	-336177.038
5	16	10000	9970	0.5130	0.317	0.312	0.292	0.298	0.304	0.296	0.293	0.301	0.295	0.293	0.305	0.304	0.297	0.295	0.299	0.265	0.297	0.308	0.295	0.307	0.305	0.278	0.302	0.314	0.300	0.303	0.296	0.294	0.303	0.300	2.014	0.606	0.299	0.204	3.803	-336015.633
6	16	10000	9973	0.5119	0.302	0.307	0.298	0.283	0.292	0.302	0.287	0.296	0.302	0.299	0.305	0.299	0.286	0.293	0.297	0.295	0.298	0.287	0.303	0.298	0.296	0.303	0.299	0.301	0.292	0.310	0.293	0.298	0.291	0.308	2.029	0.610	0.298	0.201	4.277	-334776.469
7	16	10000	9967	0.5119	0.340	0.289	0.306	0.299	0.298	0.303	0.299	0.300	0.302	0.305	0.293	0.313	0.295	0.318	0.296	0.244	0.293	0.310	0.298	0.299	0.302	0.301	0.286	0.296	0.291	0.294	0.313	0.301	0.290	0.305	2.018	0.592	0.296	0.196	3.902	-335018.947
8	16	10000	9976	0.5131	0.304	0.305	0.304	0.296	0.301	0.307	0.304	0.293	0.288	0.301	0.291	0.293	0.286	0.312	0.307	0.286	0.297	0.285	0.300	0.302	0.289	0.300	0.304	0.301	0.301	0.307	0.305	0.299	0.303	0.295	1.991	0.596	0.301	0.202	3.942	-336534.990
9	16	10000	9966	0.5155	0.336	0.306	0.302	0.288	0.308	0.296	0.297	0.301	0.288	0.301	0.296	0.306	0.293	0.282	0.306	0.274	0.319	0.305	0.313	0.293	0.283	0.297	0.301	0.316	0.299	0.288	0.293	0.287	0.312	0.305	1.994	0.600	0.305	0.202	4.219	-336093.051
10	16	10000	9965	0.5146	0.280	0.289	0.302	0.295	0.309	0.309	0.290	0.293	0.301	0.292	0.293	0.297	0.310	0.299	0.303	0.315	0.298	0.281	0.291	0.313	0.304	0.295	0.297	0.307	0.295	0.289	0.299	0.299	0.292	0.296	1.973	0.603	0.295	0.201	3.793	-335073.066
111	16	10000	9975	0.5143	0.311	0.303	0.294	0.303	0.302	0.304	0.283	0.293	0.296	0.294	0.300	0.304	0.298	0.304	0.300	0.279	0.311	0.295	0.312	0.278	0.289	0.306	0.305	0.300	0.306	0.301	0.292	0.299	0.309	0.309	1.998	0.604	0.298	0.200	3.642	-335770.569
2	16	10000	9969	0.5134	0.284	0.302	0.297	0.295	0.305	0.313	0.310	0.297	0.314	0.307	0.293	0.288	0.308	0.298	0.294	0.302	0.290	0.294	0.296	0.292	0.299	0.311	0.294	0.296	0.316	0.301	0.310	0.295	0.308	0.300	2.008	0.598	0.298	0.202	3.504	-336697.798
3	16	10000	9961	0.5154	0.266	0.309	0.294	0.316	0.289	0.297	0.304	0.298	0.288	0.295	0.314	0.289	0.297	0.314	0.293	0.329	0.300	0.297	0.305	0.305	0.301	0.307	0.295	0.303	0.306	0.300	0.295	0.306	0.299	0.295	1.988	0.603	0.297	0.201	4.252	-337010.852
4	16	10000	9960	0.5128	0.280	0.310	0.296	0.307	0.291	0.283	0.306	0.292	0.317	0.309	0.290	0.300	0.273	0.292	0.295	0.316	0.284	0.294	0.294	0.308	0.309	0.300	0.297	0.302	0.294	0.297	0.308	0.298	0.293	0.296	1.984	0.590	0.291	0.202	3.378	-335378.174
5	16	10000	9973	0.5145	0.298	0.302	0.299	0.297	0.293	0.300	0.294	0.307	0.307	0.297	0.298	0.291	0.303	0.286	0.304	0.313	0.306	0.313	0.298	0.307	0.289	0.296	0.290	0.288	0.299	0.302	0.298	0.299	0.295	0.300	1.997	0.605	0.300	0.198	4.427	-335515.362
6	16	10000	9967	0.5162	0.294	0.300	0.289	0.285	0.293	0.300	0.312	0.290	0.294	0.289	0.290	0.302	0.294	0.290	0.292	0.319	0.306	0.302	0.302	0.304	0.285	0.296	0.299	0.300	0.309	0.292	0.290	0.301	0.297	0.292	1.997	0.597	0.293	0.200	3.866	-334657.282
7	16	10000	9960	0.5151	0.282	0.304	0.300	0.294	0.290	0.328	0.300	0.289	0.300	0.280	0.292	0.305	0.301	0.300	0.306	0.328	0.306	0.289	0.302	0.301	0.303	0.304	0.298	0.289	0.299	0.291	0.294	0.293	0.306	0.297	1.986	0.593	0.287	0.197	3.445	-335483.546
8	16	10000	9962	0.5161	0.342	0.306	0.321	0.308	0.301	0.302	0.295	0.302	0.303	0.307	0.302	0.303	0.317	0.303	0.297	0.263	0.314	0.290	0.311	0.293	0.312	0.306	0.294	0.309	0.297	0.300	0.305	0.303	0.295	0.304	1.982	0.602	0.307	0.203	4.667	-338950.851
9	16	10000	9972	0.5144	0.319	0.311	0.303	0.312	0.285	0.301	0.298	0.298	0.298	0.297	0.302	0.306	0.307	0.308	0.285	0.274	0.301	0.297	0.309	0.295	0.306	0.299	0.305	0.307	0.292	0.307	0.318	0.307	0.308	0.296	1.989	0.580	0.300	0.196	3.367	-337620.862
10	16	10000	9980	0.5131	0.302	0.309	0.297	0.298	0.303	0.304	0.308	0.307	0.302	0.296	0.319	0.290	0.315	0.300	0.302	0.321	0.287	0.310	0.309	0.299	0.299	0.304	0.314	0.296	0.287	0.303	0.301	0.306	0.295	0.304	2.003	0.602	0.311	0.202	3.919	-338797.432
111	16	10000	9961	0.5119	0.290	0.301	0.297	0.299	0.277	0.307	0.301	0.300	0.301	0.298	0.303	0.306	0.307	0.297	0.290	0.293	0.301	0.303	0.288	0.295	0.290	0.308	0.296	0.298	0.303	0.294	0.300	0.299	0.304	0.304	1.994	0.597	0.302	0.199	3.155	-336090.988
2	16	10000	9975	0.5129	0.296	0.290	0.306	0.290	0.303	0.303	0.302	0.299	0.296	0.291	0.292	0.296	0.301	0.305	0.312	0.323	0.296	0.308	0.305	0.301	0.297	0.295	0.306	0.302	0.304	0.305	0.297	0.302	0.306	0.302	2.021	0.590	0.296	0.199	3.670	-337169.390
3	16	10000	9972	0.5142	0.317	0.302	0.299	0.298	0.302	0.295	0.295	0.304	0.304	0.299	0.293	0.302	0.322	0.286	0.289	0.313	0.300	0.294	0.302	0.288	0.300	0.309	0.314	0.300	0.298	0.301	0.289	0.302	0.294	0.308	2.011	0.608	0.304	0.200	3.878	-336414.462
4	16	10000	9960	0.5128	0.294	0.294	0.297	0.309	0.297	0.306	0.293	0.299	0.288	0.297	0.304	0.295	0.306	0.304	0.306	0.299	0.304	0.293	0.298	0.294	0.301	0.305	0.299	0.319	0.285	0.299	0.289	0.301	0.298	0.295	1.994	0.602	0.295	0.198	3.698	-335482.178
5	16	10000	9978	0.5138	0.364	0.299	0.289	0.313	0.293	0.316	0.294	0.299	0.305	0.294	0.313	0.290	0.315	0.290	0.286	0.260	0.282	0.299	0.309	0.292	0.318	0.300	0.314	0.294	0.309	0.305	0.299	0.308	0.306	0.293	2.014	0.604	0.307	0.201	4.671	-337453.169
6	16	10000	9973	0.5125	0.296	0.295	0.304	0.307	0.294	0.293	0.297	0.307	0.316	0.310	0.308	0.300	0.296	0.308	0.294	0.257	0.291	0.294	0.316	0.302	0.304	0.307	0.305	0.310	0.313	0.303	0.306	0.281	0.300	0.293	2.009	0.606	0.304	0.203	3.384	-337421.409
7	16	10000	9974	0.5173	0.273	0.308	0.296	0.300	0.276	0.298	0.300	0.302	0.300	0.288	0.306	0.294	0.290	0.308	0.301	0.350	0.292	0.296	0.298	0.297	0.311	0.310	0.291	0.298	0.297	0.311	0.300	0.286	0.310	0.297	1.981	0.614	0.289	0.199	4.590	-335674.562
8	16	10000	9967	0.5139	0.320	0.294	0.296	0.298	0.294	0.313	0.299	0.302	0.299	0.291	0.304	0.298	0.314	0.308	0.289	0.275	0.295	0.292	0.295	0.289	0.295	0.309	0.293	0.323	0.295	0.301	0.297	0.308	0.291	0.300	2.013	0.597	0.295	0.195	3.534	-335520.389
9	16	10000	9974	0.5124	0.300	0.289	0.300	0.308	0.306	0.305	0.297	0.297	0.333	0.305	0.304	0.305	0.299	0.310	0.290	0.282	0.295	0.298	0.290	0.303	0.306	0.302	0.298	0.303	0.307	0.307	0.302	0.288	0.293	0.303	2.021	0.591	0.298	0.198	3.380	-336948.717
10	16	10000	9973	0.5113	0.306	0.287	0.306	0.301	0.305	0.297	0.301	0.307	0.287	0.300	0.299	0.309	0.306	0.293	0.297	0.298	0.314	0.289	0.300	0.298	0.306	0.298	0.297	0.294	0.304	0.295	0.301	0.289	0.299	0.299	1.976	0.588	0.297	0.202	3.833	-337008.599
111	16	10000	9978	0.5115	0.328	0.296	0.301	0.295	0.300	0.306	0.295	0.311	0.298	0.319	0.298	0.300	0.302	0.292	0.303	0.284	0.313	0.299	0.292	0.298	0.303	0.294	0.317	0.293	0.303	0.300	0.310	0.305	0.308	0.303	2.010	0.607	0.308	0.200	4.628	-337525.907
2	16	10000	9961	0.5129	0.300	0.317	0.301	0.305	0.295	0.313	0.287	0.311	0.299	0.287	0.297	0.290	0.299	0.306	0.307	0.297	0.308	0.302	0.285	0.311	0.298	0.299	0.288	0.316	0.296	0.295	0.299	0.295	0.286	0.308	1.996	0.602	0.293	0.201	3.566	-335895.179
3	16	10000	9972	0.5162	0.303	0.287	0.290	0.305	0.299	0.312	0.299	0.299	0.284	0.294	0.286	0.305	0.308	0.293	0.298	0.308	0.281	0.306	0.285	0.298	0.294	0.300	0.306	0.302	0.290	0.297	0.298	0.304	0.289	0.312	1.993	0.601	0.295	0.198	3.781	-335003.137
4	16	10000	9973	0.5155	0.289	0.300	0.301	0.308	0.299	0.305	0.300	0.301	0.297	0.281	0.300	0.306	0.296	0.307	0.299	0.309	0.297	0.298	0.307	0.307	0.302	0.317	0.288	0.304	0.316	0.296	0.307	0.306	0.296	0.293	2.025	0.598	0.296	0.199	3.894	-336970.184
5	16	10000	9972	0.5146	0.266	0.293	0.294	0.307	0.291	0.292	0.300	0.290	0.302	0.290	0.296	0.304	0.302	0.299	0.309	0.313	0.322	0.294	0.297	0.300	0.296	0.296	0.307	0.294	0.315	0.306	0.295	0.317	0.298	0.292	1.997	0.594	0.292	0.200	3.954	-336112.973
6	16	10000	9980	0.5112	0.305	0.293	0.306	0.298	0.300	0.301	0.294	0.297	0.303	0.306	0.302	0.296	0.298	0.295	0.307	0.298	0.295	0.323	0.304	0.299	0.300	0.302	0.296	0.309	0.284	0.289	0.299	0.295	0.303	0.301	1.991	0.607	0.303	0.201	4.698	-336732.735
7	16	10000	9971	0.5149	0.254	0.300	0.287	0.304	0.311	0.309	0.297	0.300	0.301	0.299	0.302	0.299	0.295	0.296	0.304	0.324	0.302	0.309	0.310	0.299	0.291	0.315	0.303	0.306	0.303	0.296	0.291	0.292	0.313	0.296	1.993	0.614	0.301	0.204	4.220	-337261.775
8	16	10000	9972	0.5173	0.309	0.296	0.297	0.282	0.299	0.301	0.295	0.304	0.304	0.306	0.294	0.298	0.290	0.306	0.297	0.310	0.302	0.292	0.307	0.302	0.292	0.300	0.289	0.287	0.307	0.304	0.289	0.310	0.299	0.312	1.981	0.616	0.300	0.202	5.019	-336054.844
9	16	10000	9977	0.5126	0.273	0.300	0.305	0.297	0.285	0.307	0.309	0.306	0.302	0.286	0.306	0.300	0.295	0.301	0.302	0.326	0.308	0.294	0.323	0.288	0.300	0.302	0.296	0.309	0.308	0.301	0.304	0.287	0.291	0.297	2.000	0.596	0.299	0.202	4.068	-336815.527
10	16	10000	9973	0.5141	0.308	0.296	0.284	0.307	0.303	0.304	0.305	0.287	0.300	0.313	0.288	0.302	0.288	0.300	0.305	0.309	0.293	0.300	0.296	0.300	0.316	0.292	0.293	0.303	0.299	0.296	0.299	0.316	0.308	0.298	1.968	0.605	0.306	0.199	4.407	-336113.051
111	16	10000	9974	0.5134	0.297	0.290	0.309	0.308	0.308	0.298	0.303	0.303	0.307	0.312	0.312	0.298	0.302	0.304	0.298	0.323	0.307	0.301	0.304	0.309	0.304	0.310	0.300	0.306	0.298	0.299	0.313	0.290	0.296	0.304	2.023	0.591	0.299	0.202	3.983	-338718.620
2	16	10000	9968	0.5124	0.320	0.294	0.312	0.300	0.295	0.298	0.299	0.309	0.325	0.305	0.295	0.299	0.294	0.296	0.300	0.294	0.287	0.294	0.307	0.299	0.304	0.304	0.294	0.294	0.315	0.300	0.303	0.295	0.290	0.310	2.005	0.610	0.296	0.201	4.948	-336441.694
3	16	10000	9977	0.5121	0.277	0.296	0.301	0.293	0.310	0.304	0.298	0.300	0.296	0.314	0.293	0.304	0.304	0.311	0.301	0.310	0.295	0.308	0.292	0.300	0.277	0.297	0.286	0.295	0.291	0.295	0.299	0.300	0.297	0.308	1.982	0.595	0.291	0.199	4.080	-335724.112
4	16	10000	9966	0.5122	0.308	0.287	0.305	0.299	0.301	0.298	0.305	0.292	0.308	0.303	0.296	0.304	0.303	0.312	0.296	0.308	0.291	0.297	0.296	0.303	0.300	0.297	0.295	0.293	0.315	0.295	0.296	0.303	0.296	0.292	1.997	0.603	0.304	0.204	4.019	-336443.813
5	16	10000	9968	0.5149	0.302	0.299	0.293	0.301	0.295	0.301	0.301	0.307	0.292	0.306	0.306	0.311	0.309	0.304	0.298	0.318	0.300	0.305	0.289	0.315	0.304	0.293	0.296	0.302	0.297	0.301	0.304	0.294	0.295	0.296	1.985	0.587	0.301	0.200	4.504	-337555.630
6	16	10000	9966	0.5095	0.324	0.310	0.294	0.303	0.299	0.295	0.302	0.297	0.289	0.292	0.303	0.312	0.314	0.304	0.292	0.276	0.301	0.306	0.314	0.295	0.300	0.300	0.291	0.299	0.296	0.305	0.300	0.298	0.288	0.310	2.003	0.594	0.298	0.199	3.820	-336723.892
7	16	10000	9963	0.5102	0.285	0.303	0.299	0.303	0.304	0.306	0.302	0.296	0.289	0.312	0.298	0.303	0.299	0.291	0.309	0.345	0.290	0.305	0.301	0.294	0.314	0.294	0.293	0.300	0.299	0.305	0.294	0.297	0.301	0.301	2.004	0.603	0.304	0.200	4.238	-336350.127
8	16	10000	9969	0.5112	0.291	0.300	0.315	0.294	0.302	0.309	0.307	0.289	0.303	0.290	0.303	0.289	0.297	0.302	0.291	0.337	0.300	0.307	0.283	0.308	0.305	0.304	0.311	0.304	0.298	0.291	0.310	0.294	0.310	0.310	2.023	0.606	0.307	0.199	4.754	-337010.671
9	16	10000	9975	0.5149	0.304	0.294	0.301	0.304	0.303	0.289	0.289	0.308	0.303	0.289	0.297	0.302	0.300	0.295	0.304	0.301	0.295	0.302	0.306	0.283	0.290	0.298	0.293	0.300	0.299	0.300	0.300	0.304	0.293	0.302	1.997	0.595	0.289	0.201	3.573	-335324.603
10	16	10000	9971	0.5142	0.295	0.285	0.318	0.305	0.290	0.306	0.305	0.309	0.319	0.308	0.298	0.313	0.297	0.305	0.300	0.295	0.302	0.296	0.302	0.293	0.305	0.306	0.296	0.303	0.320	0.299	0.312	0.291	0.308	0.284	1.993	0.595	0.310	0.202	4.131	-338108.168
111	16	10000	9966	0.5120	0.323	0.298	0.302	0.304	0.290	0.297	0.295	0.287	0.307	0.301	0.295	0.304	0.301	0.307	0.299	0.276	0.301	0.304	0.305	0.293	0.290	0.301	0.313	0.303	0.309	0.294	0.292	0.298	0.300	0.297	2.005	0.595	0.299	0.199	3.836	-335995.872
2	16	10000	9960	0.5145	0.332	0.291	0.310	0.304	0.289	0.307	0.297	0.302	0.284	0.290	0.297	0.314	0.298	0.298	0.289	0.265	0.293	0.298	0.297	0.291	0.301	0.294	0.307	0.303	0.299	0.291	0.296	0.303	0.304	0.285	1.997	0.601	0.297	0.196	3.491	-334484.582
3	16	10000	9967	0.5143	0.297	0.313	0.295	0.288	0.311	0.300	0.298	0.300	0.302	0.295	0.295	0.291	0.293	0.288	0.292	0.291	0.300	0.300	0.295	0.296	0.301	0.301	0.302	0.295	0.294	0.297	0.294	0.300	0.309	0.279	1.986	0.598	0.292	0.203	3.710	-335146.533
4	16	10000	9965	0.5150	0.252	0.308	0.305	0.301	0.297	0.300	0.301	0.297	0.312	0.308	0.302	0.290	0.282	0.306	0.302	0.316	0.305	0.297	0.301	0.297	0.300	0.292	0.296	0.290	0.297	0.301	0.304	0.304	0.297	0.299	1.999	0.590	0.287	0.201	3.524	-336397.869
5	16	10000	9969	0.5138	0.311	0.300	0.311	0.301	0.317	0.310	0.295	0.308	0.303	0.298	0.309	0.302	0.286	0.304	0.297	0.289	0.294	0.299	0.298	0.324	0.310	0.301	0.299	0.307	0.303	0.306	0.292	0.314	0.303	0.302	1.995	0.591	0.300	0.198	4.313	-338210.051
6	16	10000	9963	0.5140	0.329	0.302	0.292	0.313	0.304	0.285	0.304	0.287	0.313	0.288	0.304	0.308	0.304	0.300	0.293	0.292	0.312	0.300	0.312	0.316	0.295	0.305	0.316	0.294	0.311	0.306	0.308	0.290	0.299	0.299	1.999	0.588	0.306	0.198	4.424	-337777.156
7	16	10000	9973	0.5145	0.256	0.313	0.290	0.295	0.304	0.294	0.297	0.310	0.296	0.289	0.296	0.297	0.292	0.296	0.299	0.321	0.317	0.294	0.298	0.294	0.296	0.298	0.294	0.292	0.300	0.304	0.315	0.305	0.306	0.300	1.997	0.591	0.294	0.203	3.288	-336130.508
8	16	10000	9977	0.5155	0.282	0.299	0.301	0.298	0.297	0.289	0.296	0.300	0.298	0.292	0.299	0.300	0.300	0.305	0.294	0.295	0.300	0.299	0.302	0.294	0.292	0.296	0.296	0.295	0.295	0.298	0.292	0.303	0.299	0.294	1.991	0.600	0.294	0.201	3.391	-335212.599
9	16	10000	9974	0.5091	0.310	0.301	0.301	0.292	0.299	0.299	0.308	0.290	0.287	0.304	0.303	0.292	0.312	0.310	0.305	0.303	0.292	0.291	0.305	0.309	0.302	0.301	0.292	0.310	0.299	0.289	0.302	0.301	0.294	0.295	1.997	0.605	0.296	0.202	4.123	-336107.276
10	16	10000	9975	0.5155	0.285	0.309	0.295	0.305	0.290	0.296	0.305	0.294	0.299	0.294	0.302	0.306	0.306	0.305	0.294	0.279	0.305	0.290	0.297	0.305	0.318	0.298	0.301	0.294	0.290	0.299	0.306	0.315	0.307	0.304	2.041	0.583	0.300	0.200	3.490	-336995.432
111	16	10000	9982	0.5112	0.307	0.297	0.302	0.291	0.307	0.306	0.310	0.306	0.305	0.302	0.296	0.301	0.302	0.292	0.296	0.289	0.324	0.300	0.293	0.300	0.299	0.299	0.295	0.295	0.308	0.305	0.305	0.311	0.290	0.297	2.018	0.596	0.298	0.204	4.185	-336921.632
2	16	10000	9964	0.5136	0.261	0.288	0.301	0.292	0.301	0.291	0.290	0.299	0.311	0.293	0.310	0.301	0.296	0.298	0.294	0.315	0.304	0.302	0.294	0.295	0.305	0.292	0.308	0.290	0.298	0.298	0.306	0.299	0.305	0.291	2.014	0.593	0.300	0.197	3.714	-334812.953
3	16	10000	9969	0.5119	0.303	0.290	0.309	0.310	0.295	0.307	0.299	0.304	0.298	0.290	0.309	0.293	0.313	0.290	0.301	0.370	0.317	0.314	0.287	0.294	0.292	0.300	0.307	0.282	0.309	0.291	0.300	0.326	0.302	0.298	2.025	0.600	0.313	0.201	5.664	-337272.455
4	16	10000	9974	0.5130	0.321	0.290	0.308	0.294	0.293	0.293	0.294	0.297	0.303	0.280	0.295	0.307	0.291	0.297	0.302	0.282	0.291	0.297	0.303	0.296	0.301	0.311	0.303	0.314	0.294	0.307	0.301	0.292	0.307	0.295	2.003	0.604	0.300	0.201	3.965	-336092.598
5	16	10000	9967	0.5165	0.297	0.321	0.303	0.311	0.305	0.300	0.302	0.302	0.306	0.295	0.307	0.304	0.291	0.291	0.294	0.302	0.303	0.297	0.306	0.307	0.318	0.299	0.281	0.297	0.316	0.300	0.308	0.299	0.311	0.306	2.005	0.592	0.307	0.199	3.932	-338222.432
6	16	10000	9968	0.5093	0.284	0.291	0.303	0.307	0.291	0.298	0.305	0.292	0.298	0.298	0.298	0.301	0.295	0.307	0.303	0.289	0.297	0.308	0.310	0.293	0.287	0.299	0.301	0.312	0.302	0.295	0.292	0.290	0.289	0.303	2.005	0.599	0.307	0.200	4.266	-335720.348
7	16	10000	9980	0.5116	0.292	0.300	0.286	0.310	0.307	0.301	0.310	0.298	0.305	0.305	0.303	0.297	0.295	0.308	0.295	0.310	0.305	0.312	0.299	0.299	0.309	0.305	0.290	0.284	0.307	0.306	0.292	0.303	0.309	0.303	2.037	0.601	0.309	0.200	3.992	-337098.120
8	16	10000	9978	0.5136	0.251	0.299	0.279	0.308	0.308	0.281	0.293	0.319	0.306	0.290	0.283	0.303	0.310	0.291	0.289	0.349	0.296	0.291	0.298	0.309	0.305	0.316	0.297	0.303	0.304	0.292	0.302	0.298	0.302	0.307	1.992	0.595	0.304	0.198	3.666	-336184.426
9	16	10000	9966	0.5130	0.292	0.303	0.303	0.302	0.306	0.300	0.299	0.312	0.297	0.295	0.287	0.293	0.292	0.313	0.305	0.306	0.318	0.303	0.300	0.302	0.299	0.292	0.305	0.293	0.297	0.305	0.307	0.302	0.301	0.294	2.003	0.585	0.298	0.197	3.629	-337205.783
10	16	10000	9971	0.5124	0.283	0.307	0.311	0.312	0.298	0.303	0.309	0.307	0.309	0.310	0.306	0.297	0.296	0.298	0.293	0.334	0.316	0.312	0.302	0.307	0.296	0.301	0.304	0.311	0.297	0.309	0.308	0.302	0.284	0.306	2.021	0.603	0.307	0.201	4.826	-338828.332
111	16	10000	9974	0.5166	0.267	0.303	0.300	0.314	0.306	0.307	0.299	0.309	0.292	0.304	0.308	0.294	0.310	0.299	0.309	0.356	0.315	0.295	0.298	0.303	0.308	0.310	0.309	0.303	0.311	0.311	0.309	0.300	0.298	0.307	1.971	0.585	0.311	0.198	4.656	-339572.024
2	16	10000	9975	0.5161	0.281	0.302	0.292	0.297	0.293	0.305	0.310	0.298	0.274	0.299	0.300	0.305	0.302	0.292	0.307	0.348	0.315	0.295	0.302	0.308	0.311	0.293	0.294	0.306	0.294	0.307	0.301	0.325	0.297	0.303	2.023	0.601	0.303	0.201	3.918	-337436.325
3	16	10000	9979	0.5128	0.313	0.313	0.302	0.312	0.293	0.303	0.295	0.292	0.297	0.311	0.305	0.292	0.291	0.301	0.309	0.283	0.329	0.305	0.293	0.310	0.290	0.295	0.298	0.301	0.307	0.304	0.289	0.311	0.294	0.301	2.027	0.599	0.305	0.202	4.102	-336982.981
4	16	10000	9973	0.5180	0.292	0.299	0.289	0.303	0.304	0.309	0.286	0.286	0.290	0.295	0.294	0.308	0.310	0.297	0.287	0.287	0.305	0.302	0.293	0.304	0.296	0.299	0.300	0.291	0.297	0.302	0.296	0.291	0.308	0.293	1.986	0.601	0.291	0.199	3.717	-335022.447
5	16	10000	9967	0.5103	0.312	0.302	0.296	0.305	0.303	0.294	0.296	0.287	0.309	0.294	0.300	0.307	0.302	0.310	0.296	0.319	0.298	0.308	0.299	0.288	0.281	0.293	0.305	0.292	0.289	0.290	0.301	0.299	0.316	0.301	2.011	0.606	0.299	0.201	4.664	-335833.402
6	16	10000	9976	0.5152	0.308	0.306	0.304	0.302	0.305	0.301	0.300	0.307	0.302	0.293	0.308	0.302	0.294	0.302	0.321	0.299	0.309	0.293	0.305	0.301	0.306	0.305	0.313	0.298	0.283	0.315	0.291	0.312	0.291	0.307	1.995	0.590	0.310	0.201	3.825	-338984.123
7	16	10000	9966	0.5144	0.312	0.289	0.300	0.289	0.288	0.299	0.306	0.294	0.317	0.283	0.297	0.295	0.306	0.303	0.290	0.285	0.294	0.293	0.294	0.299	0.303	0.288	0.309	0.299	0.304	0.305	0.303	0.300	0.290	0.310	2.000	0.614	0.294	0.206	4.508	-335794.989
8	16	10000	9973	0.5131	0.305	0.299	0.298	0.302	0.301	0.292	0.290	0.303	0.289	0.296	0.305	0.310	0.300	0.288	0.302	0.321	0.311	0.309	0.308	0.309	0.297	0.293	0.292	0.285	0.305	0.301	0.303	0.294	0.307	0.295	2.017	0.602	0.301	0.205	3.843	-337037.155
9	16	10000	9974	0.5156	0.319	0.286	0.311	0.294	0.310	0.313	0.316	0.290	0.314	0.290	0.303	0.300	0.295	0.300	0.297	0.304	0.304	0.312	0.299	0.294	0.310	0.294	0.302	0.302	0.306	0.311	0.288	0.304	0.306	0.296	2.025	0.588	0.308	0.201	4.444	-337780.339
10	16	10000	9964	0.5168	0.286	0.283	0.297	0.305	0.292	0.288	0.298	0.295	0.298	0.276	0.297	0.296	0.322	0.305	0.301	0.321	0.295	0.291	0.282	0.305	0.303	0.302	0.309	0.280	0.296	0.303	0.292	0.290	0.305	0.299	1.981	0.599	0.293	0.199	3.583	-334868.310
111	16	10000	9974	0.5142	0.299	0.297	0.306	0.293	0.293	0.289	0.294	0.310	0.311	0.296	0.288	0.297	0.313	0.304	0.292	0.287	0.297	0.300	0.301	0.307	0.298	0.319	0.295	0.307	0.293	0.321	0.301	0.283	0.304	0.307	2.001	0.586	0.294	0.199	3.729	-336866.179
2	16	10000	9969	0.5166	0.341	0.303	0.284	0.309	0.297	0.304	0.303	0.300	0.297	0.292	0.300	0.310	0.300	0.317	0.285	0.279	0.310	0.305	0.301	0.296	0.288	0.299	0.290	0.290	0.328	0.309	0.303	0.302	0.309	0.305	2.004	0.593	0.299	0.201	3.853	-337570.920
3	16	10000	9973	0.5135	0.323	0.295	0.296	0.297	0.311	0.306	0.289	0.310	0.302	0.305	0.309	0.301	0.315	0.291	0.302	0.288	0.298	0.306	0.302	0.301	0.296	0.298	0.288	0.306	0.303	0.311	0.311	0.302	0.307	0.300	2.010	0.604	0.299	0.201	4.428	-336965.565
4	16	10000	9975	0.5179	0.314	0.301	0.295	0.304	0.302	0.307	0.305	0.306	0.297	0.298	0.289	0.302	0.292	0.300	0.292	0.288	0.306	0.301	0.307	0.290	0.296	0.291	0.298	0.303	0.299	0.315	0.300	0.291	0.305	0.312	1.996	0.609	0.299	0.201	4.589	-336710.948
5	16	10000	9965	0.5110	0.265	0.284	0.294	0.303	0.297	0.319	0.291	0.296	0.302	0.311	0.305	0.301	0.294	0.307	0.297	0.332	0.297	0.293	0.303	0.292	0.297	0.296	0.297	0.301	0.296	0.291	0.292	0.302	0.299	0.312	2.029	0.600	0.298	0.203	3.800	-336347.109
6	16	10000	9975	0.5118	0.293	0.303	0.304	0.291	0.302	0.288	0.300	0.298	0.303	0.298	0.293	0.290	0.319	0.299	0.305	0.338	0.296	0.310	0.306	0.313	0.301	0.304	0.296	0.311	0.296	0.301	0.300	0.304	0.304	0.298	1.988	0.601	0.307	0.201	4.975	-337679.046
7	16	10000	9974	0.5133	0.313	0.302	0.301	0.312	0.294	0.290	0.309	0.295	0.296	0.305	0.308	0.290	0.302	0.317	0.289	0.272	0.289	0.305	0.297	0.310	0.299	0.300	0.302	0.316	0.296	0.296	0.298	0.313	0.298	0.309	2.003	0.588	0.302	0.201	3.169	-337681.552
8	16	10000	9957	0.5112	0.292	0.305	0.291	0.294	0.308	0.295	0.297	0.306	0.298	0.295	0.310	0.308	0.298	0.302	0.297	0.291	0.303	0.304	0.317	0.291	0.310	0.290	0.296	0.297	0.301	0.305	0.303	0.297	0.308	0.298	1.978	0.608	0.303	0.196	3.508	-336073.835
9	16	10000	9960	0.5157	0.317	0.292	0.304	0.305	0.294	0.293	0.309	0.305	0.302	0.300	0.298	0.304	0.277	0.306	0.300	0.312	0.305	0.312	0.299	0.288	0.295	0.294	0.301	0.303	0.288	0.293	0.298	0.275	0.298	0.299	1.968	0.615	0.299	0.202	5.187	-335474.533
10	16	10000	9971	0.5149	0.258	0.311	0.296	0.305	0.299	0.315	0.312	0.306	0.302	0.305	0.311	0.294	0.301	0.312	0.308	0.324	0.292	0.303	0.289	0.302	0.311	0.299	0.307	0.308	0.305	0.310	0.291	0.304	0.299	0.300	1.995	0.592	0.311	0.196	4.297	-338169.749
111	16	10000	9970	0.5130	0.333	0.320	0.305	0.298	0.301	0.304	0.303	0.298	0.295	0.303	0.297	0.312	0.314	0.302	0.302	0.277	0.287	0.297	0.303	0.298	0.306	0.308	0.299	0.325	0.311	0.301	0.293	0.285	0.295	0.305	2.002	0.596	0.303	0.198	4.033	-337377.397
2	16	10000	9973	0.5137	0.273	0.309	0.302	0.302	0.302	0.295	0.302	0.288	0.296	0.313	0.303	0.309	0.292	0.308	0.298	0.348	0.316	0.298	0.299	0.303	0.305	0.286	0.294	0.314	0.298	0.308	0.293	0.307	0.288	0.302	2.009	0.596	0.300	0.202	3.918	-337340.330
3	16	10000	9968	0.5134	0.315	0.296	0.296	0.293	0.294	0.301	0.296	0.302	0.296	0.309	0.293	0.313	0.294	0.298	0.295	0.285	0.298	0.303	0.302	0.292	0.293	0.296	0.301	0.292	0.295	0.306	0.295	0.299	0.305	0.300	1.991	0.599	0.296	0.199	3.758	-335647.821
4	16	10000	9979	0.5100	0.303	0.301	0.309	0.315	0.298	0.322	0.292	0.297	0.301	0.302	0.291	0.291	0.296	0.295	0.305	0.276	0.300	0.315	0.303	0.312	0.302	0.297	0.299	0.296	0.301	0.289	0.302	0.296	0.302	0.309	1.984	0.586	0.302	0.198	3.511	-337415.469
5	16	10000	9958	0.5151	0.284	0.315	0.297	0.301	0.297	0.297	0.310	0.291	0.281	0.292	0.297	0.305	0.306	0.315	0.297	0.329	0.279	0.313	0.298	0.311	0.303	0.292	0.286	0.300	0.306	0.303	0.304	0.306	0.305	0.308	2.031	0.611	0.299	0.199	4.106	-336074.234
6	16	10000	9970	0.5120	0.293	0.288	0.309	0.296	0.286	0.313	0.291	0.290	0.293	0.298	0.294	0.291	0.291	0.293	0.292	0.286	0.308	0.297	0.298	0.304	0.324	0.299	0.296	0.301	0.299	0.300	0.301	0.284	0.299	0.291	1.986	0.589	0.291	0.200	3.644	-334739.610
7	16	10000	9965	0.5115	0.316	0.297	0.293	0.293	0.298	0.297	0.303	0.305	0.287	0.313	0.296	0.289	0.297	0.308	0.285	0.278	0.292	0.293	0.297	0.302	0.293	0.295	0.298	0.315	0.314	0.292	0.301	0.287	0.295	0.296	2.009	0.597	0.293	0.198	3.826	-334085.767
8	16	10000	9971	0.5137	0.331	0.288	0.299	0.302	0.311	0.306	0.309	0.294	0.308	0.311	0.292	0.308	0.296	0.294	0.296	0.291	0.312	0.297	0.298	0.297	0.292	0.307	0.283	0.298	0.278	0.294	0.295	0.317	0.301	0.304	2.011	0.602	0.301	0.196	4.411	-335957.568
9	16	10000	9969	0.5136	0.301	0.279	0.296	0.298	0.284	0.305	0.285	0.306	0.282	0.296	0.300	0.289	0.300	0.297	0.296	0.296	0.314	0.286	0.305	0.296	0.297	0.292	0.297	0.293	0.298	0.298	0.289	0.292	0.298	0.298	1.984	0.609	0.291	0.200	3.817	-333897.661
10	16	10000	9972	0.5120	0.336	0.299	0.309	0.313	0.303	0.304	0.290	0.308	0.305	0.305	0.289	0.307	0.294	0.301	0.311	0.310	0.296	0.301	0.300	0.301	0.288	0.304	0.299	0.305	0.293	0.310	0.292	0.318	0.311	0.301	1.993	0.606	0.301	0.201	5.449	-337910.124
111	16	10000	9963	0.5106	0.333	0.306	0.312	0.307	0.290	0.287	0.299	0.293	0.308	0.300	0.296	0.305	0.294	0.310	0.305	0.263	0.300	0.315	0.296	0.298	0.303	0.312	0.292	0.296	0.302	0.294	0.297	0.287	0.300	0.302	2.001	0.603	0.310	0.198	4.575	-336134.048
2	16	10000	9971	0.5113	0.308	0.307	0.301	0.301	0.294	0.306	0.295	0.292	0.283	0.299	0.291	0.308	0.316	0.312	0.303	0.316	0.294	0.284	0.289	0.302	0.312	0.298	0.300	0.315	0.289	0.296	0.305	0.299	0.299	0.292	2.022	0.622	0.312	0.206	5.356	-337208.557
3	16	10000	9962	0.5100	0.306	0.302	0.288	0.288	0.293	0.296	0.291	0.293	0.301	0.300	0.295	0.298	0.290	0.299	0.301	0.292	0.303	0.305	0.308	0.305	0.303	0.310	0.290	0.298	0.318	0.295	0.300	0.305	0.303	0.291	2.003	0.601	0.293	0.202	3.858	-335844.133
4	16	10000	9971	0.5105	0.317	0.297	0.307	0.319	0.288	0.302	0.300	0.314	0.303	0.309	0.292	0.306	0.307	0.306	0.304	0.281	0.299	0.300	0.308	0.287	0.301	0.294	0.300	0.310	0.301	0.320	0.306	0.303	0.299	0.303	2.002	0.582	0.304	0.198	3.591	-338401.026
5	16	10000	9968	0.5117	0.270	0.304	0.301	0.296	0.294	0.303	0.313	0.299	0.306	0.293	0.307	0.291	0.295	0.297	0.303	0.324	0.297	0.294	0.298	0.291	0.308	0.296	0.293	0.287	0.294	0.297	0.292	0.310	0.296	0.303	1.992	0.601	0.293	0.199	3.783	-335081.121
6	16	10000	9970	0.5112	0.341	0.317	0.281	0.286	0.311	0.290	0.301	0.299	0.304	0.284	0.295	0.307	0.315	0.291	0.301	0.305	0.299	0.290	0.289	0.310	0.299	0.308	0.293	0.283	0.302	0.294	0.303	0.292	0.288	0.297	2.007	0.618	0.305	0.200	5.223	-335030.398
7	16	10000	9970	0.5152	0.272	0.297	0.295	0.302	0.299	0.298	0.293	0.293	0.308	0.297	0.288	0.292	0.295	0.306	0.303	0.305	0.291	0.306	0.304	0.298	0.300	0.286	0.304	0.308	0.283	0.288	0.309	0.295	0.300	0.307	1.998	0.602	0.287	0.201	3.511	-334806.796
8	16	10000	9971	0.5126	0.292	0.296	0.302	0.298	0.283	0.299	0.301	0.297	0.308	0.308	0.298	0.294	0.297	0.314	0.303	0.319	0.292	0.308	0.306	0.307	0.307	0.297	0.292	0.285	0.299	0.299	0.298	0.302	0.296	0.303	1.996	0.608	0.296	0.200	4.625	-336083.792
9	16	10000	9969	0.5108	0.298	0.307	0.299	0.303	0.301	0.280	0.300	0.312	0.284	0.299	0.297	0.303	0.302	0.310	0.299	0.296	0.305	0.296	0.295	0.310	0.292	0.313	0.296	0.310	0.306	0.293	0.307	0.301	0.298	0.300	2.012	0.585	0.305	0.198	3.495	-336794.303
10	16	10000	9970	0.5129	0.307	0.297	0.296	0.294	0.303	0.303	0.294	0.299	0.293	0.311	0.289	0.310	0.288	0.296	0.296	0.270	0.292	0.299	0.303	0.303	0.309	0.294	0.299	0.289	0.310	0.311	0.296	0.294	0.301	0.312	1.995	0.595	0.299	0.200	4.043	-335967.145
111	16	10000	9971	0.5132	0.289	0.313	0.294	0.300	0.286	0.302	0.297	0.295	0.290	0.308	0.302	0.302	0.309	0.305	0.294	0.302	0.296	0.299	0.304	0.287	0.304	0.305	0.307	0.298	0.297	0.304	0.308	0.294	0.303	0.297	2.021	0.596	0.297	0.200	3.381	-336051.893
2	16	10000	9967	0.5107	0.281	0.312	0.312	0.292	0.308	0.307	0.296	0.303	0.292	0.285	0.314	0.313	0.300	0.309	0.296	0.317	0.306	0.296	0.294	0.300	0.294	0.310	0.286	0.298	0.302	0.291	0.295	0.299	0.295	0.298	1.992	0.602	0.297	0.199	3.775	-336417.518
3	16	10000	9973	0.5127	0.332	0.298	0.294	0.299	0.293	0.302	0.298	0.316	0.298	0.302	0.298	0.308	0.288	0.294	0.302	0.300	0.280	0.306	0.312	0.301	0.316	0.303	0.304	0.304	0.303	0.301	0.305	0.306	0.299	0.293	1.987	0.600	0.300	0.201	4.469	-337505.833
4	16	10000	9972	0.5139	0.325	0.306	0.312	0.293	0.290	0.306	0.302	0.308	0.297	0.300	0.307	0.300	0.283	0.295	0.312	0.292	0.304	0.281	0.312	0.285	0.299	0.301	0.296	0.298	0.308	0.300	0.296	0.296	0.309	0.317	2.017	0.603	0.311	0.200	4.074	-337210.464
5	16	10000	9959	0.5112	0.324	0.278	0.286	0.306	0.288	0.289	0.294	0.309	0.334	0.292	0.287	0.294	0.291	0.291	0.297	0.275	0.297	0.294	0.290	0.299	0.302	0.291	0.300	0.300	0.292	0.295	0.295	0.322	0.305	0.288	2.009	0.602	0.298	0.195	4.399	-333944.511
6	16	10000	9975	0.5113	0.301	0.297	0.303	0.296	0.300	0.302	0.302	0.296	0.303	0.313	0.302	0.294	0.302	0.286	0.294	0.277	0.293	0.294	0.302	0.294	0.297	0.299	0.295	0.301	0.302	0.303	0.293	0.288	0.300	0.296	2.023	0.592	0.286	0.199	3.246	-334874.060
7	16	10000	9972	0.5136	0.268	0.280	0.289	0.299	0.293	0.303	0.289	0.297	0.302	0.289	0.296	0.293	0.290	0.313	0.305	0.341	0.293	0.296	0.312	0.299	0.301	0.306	0.304	0.304	0.310	0.298	0.307	0.301	0.309	0.311	1.998	0.600	0.295	0.201	4.120	-336549.248
8	16	10000	9971	0.5124	0.301	0.303	0.288	0.304	0.295	0.320	0.298	0.308	0.306	0.306	0.311	0.299	0.288	0.292	0.312	0.302	0.297	0.295	0.299	0.302	0.300	0.292	0.305	0.314	0.303	0.311	0.312	0.294	0.302	0.300	2.027	0.600	0.303	0.198	4.207	-337274.475
9	16	10000	9975	0.5144	0.306	0.308	0.296	0.294	0.308	0.306	0.312	0.298	0.295	0.311	0.294	0.311	0.307	0.296	0.309	0.309	0.290	0.313	0.304	0.299	0.290	0.301	0.305	0.300	0.296	0.312	0.310	0.308	0.319	0.295	2.006	0.586	0.298	0.203	3.602	-338787.533
10	16	10000	9970	0.5109	0.305	0.292	0.288	0.299	0.300	0.312	0.291	0.302	0.301	0.285	0.306	0.298	0.289	0.285	0.298	0.284	0.314	0.300	0.279	0.298	0.292	0.285	0.304	0.286	0.303	0.303	0.291	0.300	0.307	0.295	1.982	0.611	0.297	0.200	4.774	-333854.958
111	16	10000	9964	0.5117	0.292	0.286	0.293	0.283	0.316	0.310	0.300	0.303	0.300	0.304	0.289	0.295	0.295	0.285	0.305	0.285	0.299	0.303	0.308	0.292	0.303	0.305	0.294	0.294	0.291	0.303	0.309	0.296	0.304	0.301	2.009	0.599	0.300	0.201	3.989	-335531.275
2	16	10000	9971	0.5143	0.339	0.295	0.311	0.295	0.307	0.297	0.295	0.298	0.294	0.300	0.293	0.301	0.293	0.291	0.305	0.275	0.290	0.295	0.310	0.304	0.304	0.309	0.287	0.317	0.287	0.296	0.317	0.305	0.282	0.300	2.020	0.612	0.303	0.198	4.628	-335172.761
3	16	10000	9968	0.5182	0.321	0.295	0.305	0.306	0.301	0.302	0.296	0.305	0.289	0.303	0.301	0.307	0.309	0.297	0.288	0.274	0.299	0.291	0.278	0.301	0.290	0.309	0.291	0.317	0.286	0.296	0.304	0.301	0.309	0.306	2.001	0.612	0.297	0.199	4.072	-335847.883
4	16	10000	9968	0.5128	0.276	0.305	0.301	0.302	0.308	0.307	0.291	0.286	0.311	0.297	0.301	0.313	0.293	0.313	0.302	0.318	0.316	0.298	0.294	0.304	0.304	0.294	0.303	0.309	0.287	0.290	0.288	0.300	0.301	0.296	2.017	0.598	0.297	0.200	4.168	-336531.145
5	16	10000	9970	0.5144	0.333	0.282	0.298	0.299	0.303	0.314	0.301	0.298	0.296	0.313	0.304	0.303	0.299	0.301	0.292	0.282	0.296	0.291	0.296	0.290	0.301	0.311	0.300	0.310	0.300	0.299	0.301	0.293	0.285	0.301	2.014	0.609	0.300	0.202	4.955	-335892.476
6	16	10000	9972	0.5159	0.282	0.303	0.306	0.298	0.294	0.302	0.311	0.303	0.303	0.305	0.294	0.290	0.290	0.300	0.302	0.329	0.311	0.299	0.308	0.300	0.296	0.309	0.302	0.312	0.308	0.294	0.295	0.294	0.304	0.308	1.998	0.609	0.301	0.202	5.007	-337523.534
7	16	10000	9976	0.5119	0.299	0.281	0.291	0.304	0.292	0.316	0.302	0.294	0.299	0.287	0.307	0.304	0.309	0.302	0.303	0.297	0.295	0.308	0.297	0.286	0.302	0.303	0.301	0.306	0.298	0.297	0.295	0.297	0.303	0.292	1.997	0.602	0.290	0.203	3.976	-335813.879
8	16	10000	9973	0.5152	0.328	0.292	0.311	0.288	0.297	0.282	0.299	0.294	0.300	0.296	0.307	0.300	0.309	0.311	0.284	0.248	0.296	0.291	0.283	0.294	0.310	0.297	0.292	0.313	0.303	0.295	0.290	0.301	0.287	0.283	2.010	0.601	0.282	0.202	3.595	-333953.251
9	16	10000	9965	0.5102	0.301	0.298	0.301	0.301	0.308	0.298	0.302	0.292	0.306	0.293	0.296	0.296	0.311	0.306	0.302	0.344	0.315	0.299	0.307	0.291	0.288	0.300	0.300	0.302	0.310	0.302	0.298	0.285	0.312	0.302	1.975	0.596	0.308	0.198	4.521	-337261.431
10	16	10000	9964	0.5111	0.265	0.291	0.297	0.315	0.304	0.299	0.304	0.303	0.295	0.294	0.307	0.294	0.300	0.301	0.298	0.328	0.300	0.318	0.303	0.304	0.305	0.297	0.290	0.289	0.302	0.290	0.302	0.306	0.295	0.308	2.029	0.597	0.301	0.200	3.651	-336580.505
111	16	10000	9979	0.5126	0.316	0.311	0.315	0.296	0.294	0.301	0.295	0.302	0.279	0.294	0.285	0.312	0.305	0.297	0.306	0.281	0.309	0.301	0.311	0.305	0.299	0.297	0.299	0.301	0.291	0.295	0.300	0.306	0.307	0.297	1.992	0.603	0.294	0.200	3.701	-336312.661
2	16	10000	9968	0.5139	0.293	0.277	0.294	0.298	0.302	0.293	0.291	0.304	0.316	0.320	0.306	0.292	0.286	0.299	0.303	0.322	0.301	0.297	0.300	0.301	0.286	0.291	0.295	0.295	0.300	0.297	0.306	0.296	0.310	0.304	2.002	0.594	0.299	0.199	3.466	-335618.852
3	16	10000	9978	0.5126	0.290	0.283	0.303	0.304	0.308	0.294	0.299	0.298	0.295	0.306	0.291	0.298	0.295	0.305	0.291	0.319	0.299	0.312	0.299	0.291	0.290	0.307	0.303	0.305	0.294	0.299	0.298	0.306	0.304	0.303	2.003	0.608	0.307	0.201	4.824	-336381.633
4	16	10000	9975	0.5132	0.298	0.294	0.302	0.303	0.297	0.315	0.279	0.311	0.290	0.285	0.309	0.303	0.300	0.297	0.312	0.309	0.310	0.308	0.306	0.299	0.319	0.298	0.298	0.316	0.294	0.309	0.296	0.292	0.314	0.293	2.011	0.591	0.304	0.201	4.096	-337746.203
5	16	10000	9969	0.5151	0.325	0.301	0.309	0.300	0.301	0.302	0.303	0.291	0.299	0.312	0.300	0.289	0.300	0.317	0.304	0.285	0.308	0.290	0.302	0.297	0.296	0.293	0.309	0.300	0.290	0.299	0.289	0.304	0.310	0.298	1.997	0.606	0.303	0.199	3.753	-336398.160
6	16	10000	9974	0.5144	0.278	0.300	0.308	0.295	0.300	0.277	0.302	0.305	0.290	0.302	0.303	0.292	0.305	0.298	0.299	0.315	0.288	0.296	0.302	0.301	0.313	0.301	0.300	0.301	0.297	0.296	0.295	0.300	0.292	0.307	2.018	0.608	0.289	0.200	4.129	-335287.017
7	16	10000	9962	0.5130	0.264	0.293	0.313	0.309	0.296	0.287	0.298	0.296	0.289	0.297	0.297	0.306	0.305	0.290	0.308	0.334	0.293	0.305	0.303	0.300	0.306	0.303	0.309	0.308	0.310	0.304	0.298	0.314	0.321	0.292	1.995	0.592	0.309	0.197	4.571	-337389.806
8	16	10000	9967	0.5139	0.264	0.295	0.307	0.293	0.309	0.303	0.301	0.293	0.306	0.304	0.308	0.296	0.291	0.292	0.304	0.323	0.314	0.293	0.306	0.297	0.297	0.303	0.309	0.316	0.304	0.310	0.298	0.300	0.319	0.299	1.996	0.589	0.306	0.198	3.930	-337386.170
9	16	10000	9968	0.5123	0.262	0.289	0.297	0.302	0.301	0.304	0.298	0.288	0.309	0.300	0.299	0.306	0.294	0.302	0.305	0.322	0.310	0.290	0.306	0.300	0.316	0.286	0.296	0.316	0.305	0.291	0.291	0.301	0.291	0.296	1.970	0.604	0.295	0.201	3.792	-336289.309
10	16	10000	9961	0.5175	0.270	0.302	0.303	0.308	0.314	0.308	0.300	0.294	0.311	0.288	0.298	0.293	0.298	0.284	0.292	0.345	0.304	0.306	0.290	0.318	0.303	0.301	0.304	0.325	0.287	0.297	0.302	0.297	0.297	0.302	1.986	0.601	0.304	0.199	5.364	-336941.816
111	16	10000	9967	0.5176	0.312	0.318	0.282	0.305	0.312	0.307	0.308	0.292	0.318	0.304	0.284	0.302	0.304	0.299	0.306	0.313	0.289	0.292	0.296	0.304	0.320	0.287	0.309	0.314	0.298	0.291	0.291	0.300	0.299	0.305	2.025	0.600	0.303	0.198	4.074	-336927.258
2	16	10000	9960	0.5145	0.297	0.303	0.296	0.296	0.299	0.293	0.292	0.297	0.306	0.307	0.302	0.292	0.306	0.301	0.288	0.281	0.297	0.312	0.301	0.285	0.301	0.297	0.295	0.324	0.297	0.306	0.295	0.304	0.294	0.297	1.980	0.604	0.298	0.196	4.078	-335074.365
3	16	10000	9978	0.5125	0.291	0.295	0.301	0.305	0.301	0.308	0.303	0.299	0.302	0.315	0.294	0.294	0.290	0.311	0.294	0.304	0.294	0.294	0.313	0.297	0.305	0.298	0.290	0.292	0.288	0.287	0.298	0.305	0.301	0.317	1.994	0.597	0.302	0.205	4.361	-336975.108
4	16	10000	9976	0.5122	0.305	0.317	0.304	0.304	0.300	0.299	0.292	0.308	0.317	0.311	0.303	0.296	0.295	0.300	0.287	0.297	0.299	0.315	0.293	0.305	0.305	0.305	0.305	0.294	0.302	0.299	0.301	0.300	0.302	0.295	1.996	0.583	0.296	0.202	3.752	-337568.841
5	16	10000	9967	0.5124	0.267	0.307	0.298	0.302	0.301	0.307	0.302	0.303	0.307	0.308	0.306	0.304	0.308	0.291	0.301	0.343	0.293	0.296	0.316	0.299	0.299	0.303	0.295	0.305	0.304	0.314	0.304	0.288	0.314	0.299	2.002	0.591	0.305	0.201	3.826	-338856.959
6	16	10000	9972	0.5124	0.268	0.294	0.293	0.307	0.313	0.310	0.298	0.294	0.305	0.301	0.305	0.296	0.305	0.294	0.309	0.318	0.319	0.316	0.281	0.301	0.305	0.294	0.313	0.302	0.299	0.313	0.293	0.295	0.303	0.293	1.984	0.602	0.300	0.201	3.995	-337204.278
7	16	10000	9968	0.5122	0.269	0.280	0.294	0.304	0.300	0.304	0.300	0.309	0.290	0.300	0.317	0.294	0.302	0.292	0.304	0.339	0.302	0.298	0.296	0.292	0.302	0.309	0.303	0.302	0.306	0.291	0.302	0.312	0.310	0.284	1.986	0.600	0.289	0.198	3.777	-336063.819
8	16	10000	9963	0.5158	0.296	0.314	0.307	0.295	0.295	0.308	0.298	0.304	0.290	0.294	0.297	0.302	0.301	0.308	0.295	0.306	0.299	0.287	0.307	0.305	0.304	0.293	0.299	0.285	0.312	0.290	0.292	0.288	0.300	0.291	2.010	0.596	0.294	0.201	3.824	-335600.782
9	16	10000	9979	0.5149	0.295	0.310	0.297	0.306	0.299	0.309	0.302	0.299	0.309	0.314	0.304	0.290	0.287	0.296	0.289	0.299	0.285	0.306	0.297	0.299	0.311	0.308	0.301	0.304	0.310	0.292	0.310	0.285	0.300	0.299	1.998	0.595	0.297	0.203	3.775	-337594.574
10	16	10000	9980	0.5115	0.314	0.297	0.294	0.306	0.303	0.325	0.304	0.296	0.322	0.295	0.294	0.309	0.299	0.303	0.308	0.288	0.304	0.317	0.315	0.295	0.307	0.296	0.294	0.301	0.301	0.303	0.304	0.310	0.295	0.304	1.977	0.574	0.308	0.202	4.183	-339526.976
111	16	10000	9978	0.5121	0.287	0.306	0.296	0.300	0.289	0.302	0.310	0.304	0.312	0.296	0.296	0.305	0.298	0.301	0.295	0.319	0.317	0.288	0.304	0.305	0.317	0.298	0.293	0.300	0.307	0.281	0.312	0.298	0.311	0.295	1.998	0.598	0.301	0.202	3.995	-337028.964
2	16	10000	9968	0.5131	0.316	0.300	0.300	0.308	0.302	0.312	0.295	0.305	0.295	0.295	0.304	0.301	0.296	0.309	0.296	0.275	0.304	0.292	0.310	0.290	0.296	0.290	0.298	0.299	0.315	0.298	0.289	0.300	0.309	0.310	2.016	0.594	0.303	0.197	3.564	-336231.993
3	16	10000	9975	0.5150	0.340	0.284	0.306	0.306	0.304	0.301	0.307	0.293	0.319	0.295	0.301	0.304	0.290	0.299	0.291	0.259	0.316	0.315	0.300	0.302	0.294	0.295	0.297	0.268	0.303	0.308	0.290	0.312	0.293	0.299	2.013	0.615	0.307	0.205	4.196	-336783.289
4	16	10000	9971	0.5151	0.313	0.286	0.310	0.296	0.286	0.310	0.299	0.302	0.291	0.288	0.289	0.305	0.291	0.304	0.305	0.253	0.306	0.300	0.297	0.291	0.292	0.308	0.302	0.304	0.284	0.302	0.281	0.309	0.302	0.299	2.015	0.606	0.291	0.200	3.504	-334778.669
5	16	10000	9966	0.5140	0.260	0.291	0.316	0.306	0.305	0.292	0.305	0.297	0.299	0.292	0.310	0.313	0.304	0.302	0.295	0.336	0.288	0.305	0.299	0.303	0.304	0.289	0.308	0.300	0.306	0.289	0.310	0.304	0.301	0.315	2.026	0.593	0.297	0.199	3.432	-337246.678
6	16	10000	9976	0.5144	0.284	0.295	0.314	0.308	0.301	0.308	0.301	0.302	0.287	0.305	0.294	0.300	0.305	0.303	0.308	0.320	0.298	0.300	0.300	0.297	0.298	0.292	0.301	0.292	0.299	0.297	0.293	0.296	0.301	0.306	1.997	0.594	0.299	0.204	3.809	-337392.363
7	16	10000	9968	0.5125	0.344	0.305	0.280	0.298	0.307	0.317	0.308	0.287	0.295	0.302	0.304	0.302	0.310	0.288	0.300	0.281	0.307	0.293	0.308	0.306	0.293	0.298	0.296	0.277	0.291	0.294	0.308	0.310	0.300	0.284	2.003	0.603	0.304	0.202	4.458	-336256.539
8	16	10000	9965	0.5109	0.311	0.295	0.298	0.287	0.302	0.309	0.304	0.298	0.307	0.295	0.295	0.318	0.291	0.298	0.295	0.259	0.306	0.308	0.310	0.292	0.284	0.300	0.305	0.306	0.305	0.298	0.294	0.302	0.299	0.297	2.000	0.599	0.296	0.200	4.056	-335734.100
9	16	10000	9968	0.5134	0.304	0.301	0.292	0.299	0.307	0.303	0.290	0.295	0.297	0.305	0.294	0.288	0.302	0.292	0.307	0.310	0.310	0.296	0.301	0.294	0.305	0.287	0.306	0.281	0.303	0.300	0.297	0.288	0.291	0.294	2.002	0.612	0.295	0.200	4.287	-334792.182
10	16	10000	9979	0.5111	0.312	0.305	0.294	0.296	0.310	0.308	0.295	0.286	0.296	0.297	0.305	0.300	0.293	0.294	0.293	0.313	0.296	0.301	0.283	0.300	0.308	0.303	0.294	0.293	0.301	0.293	0.304	0.317	0.297	0.313	1.980	0.602	0.294	0.198	4.548	-335874.710
111	16	10000	9972	0.5129	0.313	0.292	0.296	0.294	0.298	0.298	0.306	0.286	0.303	0.295	0.294	0.310	0.309	0.312	0.301	0.304	0.307	0.303	0.302	0.290	0.293	0.312	0.295	0.301	0.298	0.291	0.296	0.306	0.309	0.300	1.988	0.611	0.301	0.200	4.798	-336394.217
2	16	10000	9962	0.5166	0.262	0.302	0.304	0.302	0.292	0.298	0.297	0.294	0.283	0.296	0.295	0.295	0.292	0.294	0.291	0.299	0.299	0.309	0.303	0.292	0.298	0.288	0.289	0.281	0.298	0.285	0.307	0.315	0.300	0.292	1.992	0.604	0.286	0.201	3.948	-333533.312
3	16	10000	9959	0.5118	0.274	0.312	0.304	0.307	0.299	0.299	0.314	0.290	0.287	0.314	0.293	0.300	0.298	0.305	0.306	0.340	0.291	0.307	0.305	0.294	0.302	0.303	0.297	0.300	0.305	0.308	0.288	0.295	0.298	0.307	1.994	0.590	0.301	0.197	3.975	-336717.893
4	16	10000	9980	0.5115	0.320	0.285	0.310	0.303	0.299	0.296	0.298	0.309	0.301	0.305	0.303	0.286	0.286	0.310	0.306	0.300	0.300	0.299	0.297	0.288	0.293	0.299	0.315	0.301	0.306	0.307	0.298	0.298	0.295	0.307	1.996	0.601	0.302	0.203	4.506	-337914.495
5	16	10000	9961	0.5157	0.318	0.295	0.299	0.298	0.294	0.283	0.297	0.297	0.307	0.306	0.296	0.300	0.306	0.311	0.298	0.292	0.295	0.301	0.295	0.305	0.302	0.296	0.297	0.290	0.302	0.299	0.293	0.304	0.312	0.282	1.975	0.609	0.298	0.203	4.127	-336507.225
6	16	10000	9972	0.5143	0.314	0.298	0.311	0.307	0.301	0.293	0.306	0.299	0.296	0.304	0.307	0.297	0.303	0.301	0.297	0.271	0.294	0.302	0.303	0.302	0.292	0.291	0.292	0.298	0.297	0.305	0.301	0.308	0.304	0.291	2.002	0.584	0.295	0.198	3.128	-336529.864
7	16	10000	9974	0.5157	0.311	0.300	0.298	0.292	0.284	0.301	0.300	0.293	0.303	0.323	0.308	0.290	0.292	0.292	0.286	0.299	0.275	0.304	0.312	0.300	0.298	0.295	0.310	0.297	0.287	0.306	0.312	0.304	0.293	0.292	1.976	0.608	0.304	0.198	4.805	-335700.236
8	16	10000	9967	0.5144	0.340	0.287	0.298	0.302	0.300	0.296	0.300	0.310	0.305	0.297	0.297	0.293	0.306	0.293	0.298	0.255	0.302	0.276	0.300	0.293	0.310	0.292	0.302	0.284	0.313	0.292	0.301	0.305	0.299	0.293	2.014	0.614	0.303	0.198	4.445	-334954.111
9	16	10000	9970	0.5158	0.292	0.302	0.300	0.314	0.307	0.294	0.294	0.309	0.303	0.303	0.310	0.291	0.309	0.306	0.292	0.278	0.299	0.294	0.301	0.302	0.289	0.309	0.310	0.287	0.309	0.311	0.317	0.309	0.310	0.294	2.016	0.590	0.299	0.198	3.447	-338120.293
10	16	10000	9977	0.5117	0.284	0.291	0.311	0.306	0.295	0.288	0.297	0.303	0.301	0.289	0.304	0.296	0.296	0.306	0.301	0.312	0.310	0.301	0.302	0.303	0.311	0.294	0.298	0.314	0.299	0.302	0.300	0.294	0.293	0.303	1.976	0.586	0.289	0.199	3.521	-336886.859
111	16	10000	9970	0.5132	0.306	0.287	0.298	0.297	0.306	0.309	0.311	0.298	0.311	0.285	0.297	0.297	0.307	0.302	0.302	0.286	0.305	0.300	0.302	0.299	0.299	0.298	0.298	0.295	0.296	0.304	0.300	0.292	0.304	0.303	1.986	0.612	0.302	0.203	4.471	-336485.957
2	16	10000	9976	0.5125	0.278	0.305	0.293	0.294	0.287	0.299	0.296	0.306	0.311	0.304	0.309	0.300	0.292	0.314	0.293	0.318	0.279	0.293	0.305	0.304	0.299	0.309	0.296	0.313	0.300	0.310	0.285	0.285	0.304	0.299	1.998	0.609	0.298	0.208	3.968	-336834.190
3	16	10000	9968	0.5183	0.287	0.287	0.294	0.298	0.286	0.306	0.309	0.300	0.303	0.312	0.291	0.297	0.312	0.308	0.290	0.301	0.293	0.304	0.294	0.302	0.299	0.302	0.298	0.310	0.303	0.297	0.287	0.305	0.301	0.296	2.003	0.578	0.289	0.197	2.884	-336056.128
4	16	10000	9970	0.5134	0.314	0.291	0.300	0.299	0.308	0.289	0.298	0.287	0.279	0.304	0.289	0.292	0.300	0.292	0.291	0.315	0.307	0.310	0.298	0.305	0.306	0.299	0.298	0.304	0.284	0.301	0.296	0.302	0.298	0.304	1.971	0.607	0.299	0.200	4.178	-335357.639
5	16	10000	9975	0.5099	0.321	0.281	0.296	0.305	0.301	0.304	0.305	0.306	0.296	0.296	0.306	0.290	0.298	0.298	0.296	0.296	0.308	0.312	0.306	0.295	0.289	0.310	0.300	0.295	0.295	0.310	0.289	0.311	0.311	0.301	2.038	0.599	0.296	0.201	4.055	-336367.479
6	16	10000	9972	0.5114	0.285	0.299	0.297	0.301	0.298	0.294	0.294	0.307	0.299	0.297	0.299	0.299	0.303	0.308	0.288	0.309	0.294	0.295	0.290	0.302	0.301	0.308	0.309	0.294	0.298	0.310	0.294	0.293	0.314	0.289	2.004	0.583	0.300	0.201	3.910	-336964.216
7	16	10000	9969	0.5100	0.293	0.314	0.318	0.297	0.298	0.304	0.303	0.304	0.307	0.297	0.302	0.297	0.313	0.299	0.295	0.284	0.302	0.310	0.308	0.296	0.285	0.314	0.306	0.306	0.297	0.300	0.305	0.296	0.307	0.302	2.030	0.577	0.302	0.199	3.478	-337464.956
8	16	10000	9962	0.5154	0.288	0.308	0.304	0.307	0.298	0.297	0.302	0.301	0.294	0.314	0.309	0.293	0.310	0.285	0.296	0.295	0.315	0.303	0.305	0.291	0.296	0.306	0.288	0.293	0.307	0.307	0.288	0.307	0.295	0.317	1.973	0.600	0.303	0.203	4.682	-337829.255
9	16	10000	9967	0.5160	0.269	0.309	0.282	0.298	0.303	0.302	0.303	0.295	0.303	0.313	0.295	0.296	0.293	0.292	0.305	0.347	0.302	0.302	0.298	0.295	0.309	0.302	0.293	0.311	0.328	0.277	0.303	0.298	0.297	0.304	2.025	0.589	0.295	0.197	4.090	-336042.272
10	16	10000	9970	0.5118	0.287	0.300	0.295	0.284	0.317	0.300	0.301	0.301	0.296	0.301	0.295	0.299	0.316	0.308	0.287	0.296	0.326	0.302	0.301	0.303	0.295	0.296	0.301	0.296	0.295	0.299	0.304	0.283	0.300	0.312	1.984	0.593	0.309	0.199	3.844	-337064.297
111	16	10000	9968	0.5182	0.324	0.291	0.300	0.296	0.320	0.294	0.299	0.301	0.317	0.308	0.305	0.283	0.289	0.306	0.298	0.309	0.299	0.307	0.302	0.305	0.303	0.298	0.298	0.309	0.301	0.296	0.307	0.300	0.303	0.303	2.010	0.605	0.305	0.198	4.075	-337108.323
2	16	10000	9965	0.5121	0.294	0.304	0.298	0.290	0.304	0.294	0.296	0.280	0.289	0.296	0.297	0.304	0.287	0.305	0.289	0.312	0.308	0.289	0.295	0.308	0.287	0.308	0.303	0.298	0.285	0.297	0.300	0.284	0.298	0.308	1.995	0.606	0.293	0.198	4.558	-333633.210
3	16	10000	9968	0.5149	0.285	0.307	0.302	0.310	0.300	0.313	0.283	0.297	0.294	0.292	0.288	0.308	0.305	0.283	0.304	0.320	0.303	0.292	0.295	0.302	0.296	0.289	0.304	0.289	0.314	0.288	0.297	0.287	0.295	0.293	1.992	0.606	0.297	0.199	3.896	-335144.104
4	16	10000	9965	0.5108	0.313	0.290	0.305	0.307	0.302	0.292	0.295	0.303	0.282	0.296	0.302	0.306	0.312	0.298	0.286	0.273	0.322	0.297	0.296	0.303	0.312	0.291	0.306	0.295	0.299	0.306	0.299	0.300	0.298	0.299	1.999	0.605	0.299	0.200	3.813	-336842.726
5	16	10000	9962	0.5149	0.306	0.292	0.315	0.303	0.306	0.286	0.296	0.312	0.307	0.297	0.296	0.307	0.305	0.303	0.304	0.282	0.313	0.297	0.307	0.298	0.290	0.302	0.315	0.292	0.293	0.295	0.299	0.303	0.300	0.308	2.027	0.595	0.294	0.200	3.555	-336974.971
6	16	10000	9961	0.5122	0.307	0.299	0.294	0.298	0.304	0.287	0.315	0.290	0.318	0.306	0.312	0.301	0.296	0.307	0.298	0.301	0.296	0.286	0.291	0.306	0.316	0.301	0.301	0.303	0.304	0.311	0.302	0.289	0.312	0.293	1.993	0.611	0.305	0.201	4.487	-337286.992
7	16	10000	9964	0.5145	0.294	0.295	0.313	0.291	0.293	0.284	0.299	0.282	0.284	0.287	0.291	0.302	0.287	0.302	0.293	0.291	0.315	0.295	0.313	0.299	0.296	0.297	0.295	0.284	0.292	0.305	0.296	0.298	0.290	0.300	1.991	0.597	0.295	0.199	3.726	-333455.394
8	16	10000	9963	0.5150	0.300	0.309	0.293	0.304	0.291	0.308	0.303	0.301	0.283	0.284	0.295	0.304	0.315	0.312	0.303	0.304	0.295	0.315	0.297	0.309	0.300	0.304	0.301	0.303	0.308	0.301	0.302	0.299	0.294	0.301	1.993	0.599	0.298	0.205	4.318	-337544.437
9	16	10000	9981	0.5154	0.253	0.306	0.293	0.301	0.294	0.300	0.294	0.303	0.286	0.290	0.305	0.303	0.294	0.298	0.291	0.328	0.306	0.307	0.303	0.300	0.299	0.295	0.304	0.294	0.304	0.301	0.298	0.311	0.296	0.290	2.025	0.601	0.298	0.203	3.762	-336611.459
10	16	10000	9968	0.5160	0.284	0.314	0.293	0.299	0.298	0.289	0.300	0.306	0.292	0.310	0.291	0.298	0.293	0.303	0.290	0.311	0.291	0.308	0.300	0.309	0.286	0.301	0.296	0.301	0.295	0.285	0.296	0.305	0.303	0.302	2.013	0.588	0.294	0.200	4.248	-335260.942
111	16	10000	9972	0.5157	0.341	0.303	0.307	0.300	0.312	0.291	0.297	0.291	0.301	0.290	0.304	0.293	0.302	0.293	0.288	0.258	0.283	0.299	0.298	0.284	0.303	0.299	0.290	0.312	0.296	0.291	0.292	0.298	0.293	0.304	2.017	0.605	0.295	0.201	4.114	-334516.224
2	16	10000	9961	0.5151	0.275	0.305	0.308	0.302	0.298	0.316	0.307	0.288	0.312	0.300	0.298	0.303	0.306	0.293	0.293	0.319	0.298	0.289	0.296	0.304	0.312	0.300	0.299	0.307	0.299	0.297	0.311	0.295	0.293	0.296	2.000	0.593	0.303	0.199	3.716	-337100.743
3	16	10000	9968	0.5150	0.265	0.308	0.307	0.312	0.289	0.282	0.302	0.311	0.309	0.303	0.296	0.307	0.325	0.288	0.292	0.306	0.292	0.285	0.292	0.301	0.319	0.296	0.304	0.300	0.310	0.301	0.305	0.304	0.305	0.306	2.003	0.600	0.306	0.199	3.807	-337173.856
4	16	10000	9974	0.5152	0.307	0.306	0.301	0.301	0.299	0.314	0.293	0.297	0.285	0.293	0.302	0.299	0.297	0.292	0.310	0.316	0.306	0.305	0.300	0.297	0.296	0.290	0.300	0.293	0.306	0.290	0.307	0.294	0.305	0.311	2.009	0.602	0.295	0.199	4.732	-336106.587
5	16	10000	9973	0.5150	0.329	0.304	0.287	0.312	0.304	0.302	0.298	0.296	0.311	0.296	0.315	0.305	0.289	0.300	0.313	0.283	0.294	0.297	0.298	0.304	0.312	0.299	0.295	0.304	0.293	0.296	0.318	0.305	0.298	0.306	1.988	0.595	0.301	0.203	4.057	-337986.253
6	16	10000	9970	0.5155	0.341	0.307	0.293	0.307	0.290	0.304	0.298	0.301	0.292	0.317	0.297	0.306	0.296	0.293	0.293	0.260	0.294	0.296	0.296	0.299	0.289	0.302	0.312	0.308	0.295	0.302	0.294	0.285	0.294	0.305	2.018	0.593	0.298	0.196	4.021	-335668.984
7	16	10000	9969	0.5113	0.303	0.308	0.317	0.288	0.307	0.293	0.312	0.307	0.302	0.285	0.295	0.298	0.297	0.301	0.290	0.302	0.323	0.297	0.293	0.304	0.306	0.302	0.304	0.290	0.302	0.304	0.306	0.286	0.321	0.302	2.013	0.597	0.306	0.202	4.190	-338020.015
8	16	10000	9957	0.5132	0.277	0.318	0.292	0.290	0.316	0.305	0.298	0.297	0.287	0.297	0.289	0.300	0.298	0.309	0.297	0.291	0.305	0.309	0.306	0.298	0.292	0.297	0.303	0.301	0.291	0.301	0.298	0.308	0.311	0.298	1.983	0.582	0.295	0.201	3.260	-336995.945
9	16	10000	9975	0.5145	0.302	0.305	0.299	0.295	0.298	0.325	0.306	0.292	0.301	0.317	0.299	0.317	0.290	0.304	0.307	0.262	0.290	0.309	0.294	0.292	0.294	0.308	0.301	0.289	0.298	0.310	0.307	0.302	0.295	0.301	1.989	0.583	0.299	0.202	3.307	-337900.185
10	16	10000	9962	0.5143	0.319	0.288	0.295	0.305	0.302	0.294	0.303	0.289	0.300	0.312	0.292	0.296	0.301	0.294	0.290	0.309	0.292	0.289	0.307	0.285	0.294	0.286	0.316	0.306	0.293	0.300	0.293	0.289	0.299	0.298	1.989	0.592	0.298	0.199	4.912	-334871.150
111	16	10000	9967	0.5170	0.318	0.302	0.305	0.302	0.305	0.308	0.296	0.312	0.290	0.288	0.294	0.309	0.300	0.293	0.305	0.273	0.304	0.305	0.295	0.300	0.305	0.304	0.303	0.309	0.296	0.294	0.303	0.293	0.314	0.293	2.023	0.596	0.296	0.199	3.473	-337265.879
2	16	10000	9954	0.5114	0.304	0.304	0.297	0.300	0.294	0.300	0.307	0.295	0.291	0.309	0.294	0.296	0.311	0.287	0.306	0.290	0.308	0.308	0.294	0.293	0.308	0.293	0.301	0.284	0.288	0.294	0.307	0.308	0.305	0.304	1.980	0.606	0.297	0.202	3.563	-335977.686
3	16	10000	9968	0.5136	0.293	0.297	0.309	0.295	0.310	0.292	0.302	0.293	0.292	0.309	0.298	0.301	0.299	0.306	0.295	0.320	0.296	0.300	0.298	0.297	0.313	0.300	0.299	0.289	0.320	0.309	0.291	0.295	0.304	0.303	1.998	0.591	0.300	0.197	4.005	-336677.926
4	16	10000	9975	0.5166	0.305	0.308	0.287	0.307	0.292	0.299	0.299	0.290	0.298	0.297	0.304	0.297	0.298	0.318	0.294	0.307	0.309	0.307	0.293	0.293	0.305	0.303	0.290	0.306	0.298	0.290	0.305	0.290	0.303	0.301	2.011	0.599	0.298	0.195	4.273	-336162.939
5	16	10000	9961	0.5113	0.302	0.312	0.290	0.305	0.282	0.287	0.298	0.300	0.304	0.310	0.301	0.304	0.284	0.293	0.303	0.289	0.297	0.307	0.297	0.295	0.304	0.293	0.286	0.272	0.293	0.304	0.293	0.301	0.298	0.299	2.000	0.605	0.301	0.199	3.609	-334847.631
6	16	10000	9975	0.5131	0.266	0.314	0.291	0.294	0.308	0.302	0.296	0.290	0.286	0.290	0.302	0.297	0.301	0.307	0.300	0.320	0.294	0.286	0.300	0.300	0.310	0.294	0.292	0.289	0.286	0.298	0.308	0.303	0.307	0.290	2.005	0.603	0.297	0.197	3.382	-334667.980
7	16	10000	9964	0.5141	0.281	0.300	0.300	0.302	0.298	0.308	0.307	0.298	0.297	0.297	0.289	0.306	0.301	0.292	0.293	0.329	0.298	0.290	0.295	0.298	0.288	0.306	0.298	0.290	0.312	0.299	0.296	0.278	0.297	0.297	2.000	0.598	0.302	0.198	4.302	-335056.547
8	16	10000	9963	0.5153	0.321	0.284	0.301	0.296	0.301	0.298	0.294	0.291	0.302	0.287	0.296	0.302	0.315	0.302	0.286	0.313	0.289	0.313	0.296	0.300	0.303	0.293	0.309	0.287	0.299	0.300	0.305	0.301	0.305	0.304	1.999	0.610	0.306	0.201	4.581	-336058.418
9	16	10000	9970	0.5133	0.334	0.303	0.295	0.304	0.294	0.298	0.299	0.310	0.305	0.303	0.315	0.293	0.301	0.293	0.305	0.298	0.311	0.302	0.300	0.305	0.298	0.291	0.309	0.286	0.296	0.303	0.294	0.319	0.295	0.311	2.001	0.601	0.303	0.200	4.252	-337374.078
10	16	10000	9966	0.5125	0.277	0.311	0.305	0.296	0.307	0.303	0.305	0.300	0.304	0.297	0.303	0.301	0.296	0.304	0.308	0.297	0.291	0.298	0.289	0.309	0.302	0.300	0.291	0.303	0.294	0.303	0.290	0.310	0.302	0.301	2.030	0.581	0.307	0.197	3.629	-336859.591
111	16	10000	9971	0.5143	0.321	0.294	0.305	0.301	0.305	0.299	0.301	0.285	0.289	0.301	0.295	0.299	0.305	0.309	0.305	0.310	0.289	0.296	0.305	0.294	0.285	0.288	0.310	0.299	0.281	0.309	0.291	0.303	0.309	0.299	1.983	0.613	0.299	0.200	3.982	-336143.556
2	16	10000	9976	0.5159	0.285	0.312	0.306	0.298	0.290	0.291	0.294	0.311	0.297	0.311	0.298	0.294	0.300	0.305	0.305	0.337	0.284	0.296	0.288	0.311	0.306	0.298	0.298	0.293	0.309	0.294	0.300	0.293	0.297	0.298	1.990	0.597	0.298	0.197	3.644	-336293.727
3	16	10000	9974	0.5127	0.292	0.302	0.292	0.304	0.298	0.295	0.298	0.298	0.298	0.313	0.311	0.298	0.306	0.301	0.297	0.300	0.277	0.303	0.290	0.305	0.291	0.297	0.303	0.316	0.310	0.299	0.301	0.296	0.298	0.289	2.013	0.620	0.301	0.202	4.655	-335891.110
4	16	10000	9973	0.5122	0.309	0.308	0.290	0.307	0.303	0.300	0.294	0.298	0.288	0.288	0.295	0.307	0.305	0.307	0.310	0.294	0.291	0.316	0.297	0.316	0.298	0.300	0.298	0.322	0.304	0.303	0.280	0.285	0.299	0.304	2.015	0.599	0.294	0.198	3.725	-336283.430
5	16	10000	9963	0.5147	0.314	0.309	0.288	0.293	0.282	0.276	0.293	0.300	0.292	0.290	0.305	0.312	0.296	0.307	0.313	0.301	0.299	0.296	0.300	0.296	0.289	0.286	0.296	0.289	0.299	0.304	0.311	0.301	0.302	0.305	1.987	0.583	0.301	0.197	3.824	-336015.604
6	16	10000	9981	0.5149	0.311	0.296	0.300	0.308	0.308	0.303	0.307	0.307	0.316	0.286	0.309	0.299	0.299	0.302	0.309	0.306	0.290	0.294	0.297	0.312	0.293	0.301	0.296	0.300	0.286	0.298	0.290	0.305	0.326	0.288	2.004	0.596	0.301	0.201	4.198	-337361.321
7	16	10000	9972	0.5157	0.265	0.313	0.298	0.296	0.310	0.294	0.311	0.292	0.292	0.295	0.295	0.314	0.307	0.301	0.299	0.318	0.308	0.283	0.290	0.307	0.296	0.297	0.303	0.292	0.300	0.306	0.300	0.309	0.301	0.293	2.029	0.589	0.300	0.202	2.997	-337077.883
8	16	10000	9968	0.5168	0.283	0.327	0.305	0.297	0.302	0.310	0.296	0.303	0.293	0.309	0.298	0.308	0.317	0.306	0.291	0.294	0.302	0.295	0.300	0.297	0.318	0.296	0.297	0.303	0.313	0.292	0.293	0.297	0.306	0.295	1.989	0.596	0.301	0.197	3.778	-337342.238
9	16	10000	9965	0.5122	0.294	0.283	0.296	0.300	0.301	0.294	0.292	0.302	0.312	0.311	0.298	0.309	0.303	0.290	0.297	0.304	0.300	0.292	0.306	0.306	0.296	0.297	0.290	0.299	0.291	0.281	0.310	0.318	0.298	0.297	2.005	0.603	0.305	0.203	3.952	-336221.914
10	16	10000	9962	0.5162	0.316	0.299	0.296	0.291	0.294	0.303	0.290	0.298	0.300	0.305	0.295	0.303	0.295	0.306	0.296	0.273	0.308	0.293	0.299	0.296	0.302	0.301	0.298	0.313	0.288	0.282	0.306	0.294	0.307	0.300	1.999	0.600	0.292	0.203	3.969	-335970.850
111	16	10000	9970	0.5155	0.288	0.294	0.313	0.309	0.298	0.297	0.314	0.298	0.299	0.296	0.297	0.302	0.303	0.292	0.302	0.302	0.316	0.304	0.307	0.307	0.290	0.294	0.296	0.293	0.299	0.295	0.307	0.299	0.308	0.300	1.991	0.603	0.303	0.199	3.334	-336989.615
2	16	10000	9969	0.5155	0.261	0.294	0.299	0.289	0.306	0.303	0.303	0.296	0.305	0.307	0.286	0.310	0.303	0.300	0.301	0.342	0.293	0.307	0.304	0.300	0.295	0.309	0.286	0.305	0.302	0.308	0.296	0.310	0.298	0.304	1.986	0.611	0.307	0.203	4.080	-337168.597
3	16	10000	9960	0.5171	0.260	0.294	0.306	0.297	0.301	0.302	0.305	0.283	0.300	0.292	0.303	0.291	0.295	0.305	0.303	0.283	0.309	0.290	0.308	0.289	0.307	0.296	0.309	0.305	0.315	0.289	0.290	0.296	0.293	0.307	1.987	0.589	0.281	0.199	2.994	-334924.637
4	16	10000	9969	0.5096	0.285	0.303	0.282	0.299	0.301	0.303	0.293	0.305	0.302	0.287	0.297	0.295	0.297	0.313	0.298	0.312	0.298	0.290	0.299	0.289	0.296	0.311	0.299	0.304	0.312	0.303	0.309	0.298	0.288	0.313	2.001	0.583	0.293	0.202	3.380	-336709.273
5	16	10000	9970	0.5187	0.269	0.319	0.308	0.320	0.296	0.296	0.308	0.306	0.298	0.309	0.297	0.315	0.285	0.301	0.286	0.319	0.297	0.298	0.299	0.296	0.305	0.312	0.306	0.299	0.295	0.281	0.304	0.305	0.307	0.301	2.018	0.595	0.293	0.199	3.950	-337438.140
6	16	10000	9970	0.5099	0.321	0.279	0.307	0.290	0.301	0.317	0.314	0.307	0.297	0.299	0.299	0.301	0.304	0.308	0.300	0.281	0.284	0.305	0.316	0.295	0.310	0.310	0.298	0.306	0.292	0.296	0.302	0.309	0.290	0.295	1.979	0.595	0.299	0.199	4.022	-336990.022
7	16	10000	9970	0.5159	0.266	0.304	0.310	0.307	0.303	0.285	0.290	0.307	0.307	0.289	0.302	0.291	0.294	0.302	0.291	0.303	0.295	0.288	0.312	0.298	0.298	0.304	0.283	0.298	0.294	0.291	0.304	0.293	0.305	0.299	1.991	0.603	0.292	0.201	3.358	-335399.838
8	16	10000	9969	0.5124	0.282	0.293	0.293	0.296	0.306	0.313	0.300	0.305	0.313	0.293	0.301	0.299	0.308	0.310	0.298	0.304	0.325	0.311	0.310	0.302	0.297	0.307	0.305	0.291	0.299	0.304	0.281	0.308	0.321	0.303	1.998	0.598	0.299	0.200	3.771	-337983.631
9	16	10000	9966	0.5127	0.317	0.307	0.291	0.293	0.309	0.298	0.309	0.300	0.306	0.291	0.288	0.309	0.309	0.301	0.307	0.315	0.309	0.303	0.293	0.301	0.292	0.294	0.307	0.315	0.298	0.300	0.306	0.303	0.296	0.288	2.012	0.606	0.295	0.199	4.706	-336559.439
10	16	10000	9970	0.5104	0.267	0.305	0.295	0.314	0.298	0.298	0.298	0.299	0.298	0.300	0.284	0.315	0.292	0.310	0.296	0.310	0.279	0.302	0.301	0.305	0.295	0.287	0.303	0.299	0.296	0.305	0.311	0.300	0.300	0.298	1.975	0.588	0.287	0.202	3.257	-336362.577
111	16	10000	9969	0.5153	0.323	0.299	0.302	0.294	0.294	0.312	0.301	0.297	0.297	0.285	0.295	0.295	0.306	0.296	0.295	0.273	0.277	0.307	0.310	0.287	0.301	0.296	0.294	0.320	0.320	0.302	0.305	0.287	0.301	0.305	2.009	0.600	0.298	0.203	3.514	-336265.164
2	16	10000	9966	0.5123	0.299	0.320	0.298	0.305	0.288	0.297	0.313	0.284	0.287	0.302	0.306	0.281	0.297	0.297	0.299	0.273	0.321	0.295	0.301	0.305	0.312	0.310	0.306	0.289	0.303	0.297	0.310	0.297	0.308	0.295	1.966	0.580	0.292	0.196	3.298	-336475.365
3	16	10000	9972	0.5137	0.322	0.290	0.296	0.307	0.298	0.295	0.294	0.293	0.299	0.303	0.316	0.292	0.305	0.298	0.303	0.285	0.283	0.324	0.295	0.291	0.296	0.316	0.280	0.308	0.303	0.300	0.295	0.290	0.297	0.299	2.027	0.608	0.301	0.205	4.357	-336311.318
4	16	10000	9952	0.5104	0.294	0.294	0.291	0.298	0.297	0.303	0.297	0.291	0.302	0.290	0.289	0.288	0.300	0.289	0.293	0.323	0.283	0.314	0.294	0.280	0.298	0.292	0.291	0.305	0.282	0.296	0.295	0.295	0.281	0.294	1.985	0.630	0.300	0.199	5.194	-331907.056
5	16	10000	9983	0.5141	0.345	0.284	0.310	0.296	0.302	0.297	0.315	0.299	0.306	0.292	0.315	0.297	0.310	0.305	0.299	0.333	0.291	0.310	0.298	0.288	0.314	0.303	0.294	0.315	0.301	0.303	0.313	0.286	0.311	0.289	2.011	0.606	0.307	0.198	5.099	-337654.154
6	16	10000	9976	0.5100	0.258	0.311	0.298	0.302	0.305	0.306	0.305	0.306	0.294	0.290	0.308	0.295	0.309	0.314	0.297	0.316	0.316	0.296	0.294	0.303	0.293	0.295	0.303	0.295	0.291	0.283	0.307	0.305	0.298	0.299	1.988	0.601	0.294	0.201	3.423	-336140.787
7	16	10000	9969	0.5148	0.294	0.291	0.288	0.297	0.291	0.306	0.300	0.300	0.318	0.311	0.295	0.295	0.303	0.293	0.298	0.285	0.316	0.295	0.291	0.305	0.299	0.295	0.298	0.285	0.295	0.289	0.303	0.315	0.286	0.301	2.032	0.607	0.298	0.200	3.772	-335166.074
8	16	10000	9962	0.5151	0.351	0.304	0.305	0.298	0.308	0.295	0.315	0.290	0.289	0.295	0.299	0.312	0.299	0.296	0.298	0.278	0.301	0.304	0.292	0.300	0.298	0.288	0.313	0.297	0.307	0.308	0.310	0.295	0.289	0.308	2.001	0.599	0.307	0.196	4.654	-336664.577
9	16	10000	9982	0.5168	0.299	0.298	0.303	0.314	0.288	0.296	0.288	0.314	0.296	0.305	0.299	0.313	0.301	0.302	0.306	0.308	0.304	0.300	0.295	0.303	0.293	0.309	0.287	0.312	0.296	0.307	0.287	0.307	0.303	0.309	1.997	0.613	0.298	0.205	4.600	-337407.988
10	16	10000	9978	0.5130	0.274	0.304	0.303	0.317	0.304	0.318	0.310	0.299	0.310	0.305	0.287	0.298	0.289	0.295	0.314	0.346	0.306	0.301	0.305	0.294	0.297	0.304	0.309	0.312	0.308	0.302	0.308	0.310	0.302	0.298	1.986	0.595	0.298	0.199	4.093	-338867.601
111	16	10000	9975	0.5143	0.319	0.309	0.304	0.304	0.295	0.289	0.298	0.306	0.295	0.295	0.300	0.310	0.308	0.310	0.296	0.276	0.297	0.300	0.299	0.308	0.310	0.295	0.296	0.292	0.287	0.290	0.298	0.300	0.294	0.302	1.997	0.601	0.300	0.204	4.010	-336845.156
2	16	10000	9978	0.5175	0.265	0.299	0.301	0.303	0.290	0.300	0.307	0.304	0.298	0.307	0.303	0.299	0.300	0.296	0.306	0.337	0.300	0.292	0.284	0.296	0.308	0.296	0.314	0.308	0.286	0.294	0.300	0.314	0.295	0.303	2.012	0.609	0.299	0.200	4.072	-336165.819
3	16	10000	9960	0.5104	0.339	0.297	0.297	0.286	0.310	0.293	0.306	0.285	0.289	0.291	0.299	0.307	0.297	0.283	0.293	0.281	0.309	0.302	0.291	0.299	0.288	0.294	0.304	0.300	0.303	0.297	0.305	0.299	0.291	0.285	1.968	0.614	0.298	0.199	5.189	-334391.819
4	16	10000	9973	0.5119	0.319	0.296	0.308	0.309	0.300	0.304	0.299	0.298	0.307	0.305	0.296	0.296	0.297	0.290	0.292	0.324	0.307	0.307	0.318	0.298	0.296	0.302	0.312	0.295	0.308	0.301	0.305	0.301	0.297	0.298	1.982	0.595	0.301	0.201	4.507	-337908.309
5	16	10000	9975	0.5144	0.307	0.290	0.304	0.299	0.295	0.293	0.301	0.296	0.301	0.306	0.305	0.299	0.312	0.305	0.296	0.303	0.304	0.311	0.293	0.298	0.294	0.292	0.306	0.291	0.305	0.294	0.307	0.294	0.289	0.299	2.019	0.604	0.306	0.200	4.355	-336313.286
6	16	10000	9966	0.5105	0.302	0.301	0.306	0.298	0.287	0.315	0.316	0.301	0.310	0.299	0.300	0.290	0.300	0.290	0.296	0.273	0.313	0.299	0.299	0.307	0.308	0.300	0.299	0.313	0.302	0.297	0.303	0.302	0.292	0.305	1.966	0.592	0.306	0.194	3.658	-337088.565
7	16	10000	9958	0.5133	0.288	0.301	0.298	0.301	0.305	0.284	0.293	0.304	0.302	0.308	0.288	0.306	0.295	0.314	0.299	0.326	0.291	0.277	0.296	0.312	0.304	0.309	0.296	0.299	0.311	0.299	0.288	0.301	0.305	0.295	1.997	0.592	0.302	0.198	4.334	-336284.359
8	16	10000	9958	0.5147	0.277	0.286	0.315	0.293	0.292	0.298	0.291	0.298	0.295	0.287	0.297	0.311	0.302	0.294	0.301	0.322	0.305	0.306	0.302	0.299	0.301	0.306	0.277	0.298	0.300	0.288	0.296	0.309	0.291	0.296	1.993	0.613	0.300	0.201	4.849	-334945.379
9	16	10000	9973	0.5171	0.278	0.302	0.292	0.303	0.297	0.315	0.306	0.307	0.314	0.288	0.295	0.297	0.290	0.296	0.299	0.324	0.293	0.300	0.309	0.293	0.298	0.296	0.314	0.290	0.297	0.300	0.309	0.295	0.310	0.297	2.007	0.592	0.290	0.203	3.777	-336966.946
10	16	10000	9968	0.5130	0.295	0.277	0.306	0.295	0.305	0.306	0.300	0.292	0.304	0.283	0.295	0.294	0.292	0.322	0.300	0.305	0.308	0.309	0.290	0.300	0.296	0.306	0.299	0.299	0.301	0.293	0.299	0.302	0.305	0.290	1.987	0.611	0.305	0.202	4.631	-336051.037
111	16	10000	9974	0.5188	0.271	0.295	0.297	0.298	0.305	0.285	0.312	0.294	0.294	0.315	0.289	0.299	0.296	0.307	0.292	0.324	0.300	0.293	0.291	0.293	0.288	0.304	0.287	0.298	0.292	0.300	0.296	0.298	0.300	0.295	2.021	0.617	0.297	0.199	4.197	-334064.562
2	16	10000	9972	0.5160	0.300	0.312	0.295	0.304	0.302	0.284	0.315	0.300	0.291	0.299	0.306	0.301	0.304	0.315	0.303	0.294	0.303	0.284	0.296	0.307	0.306	0.302	0.295	0.308	0.291	0.300	0.310	0.299	0.300	0.299	1.957	0.604	0.307	0.204	4.310	-337801.108
3	16	10000	9977	0.5104	0.250	0.308	0.303	0.310	0.306	0.311	0.301	0.298	0.307	0.302	0.294	0.311	0.309	0.314	0.309	0.316	0.314	0.317	0.291	0.305	0.303	0.311	0.311	0.306	0.300	0.303	0.297	0.299	0.303	0.300	1.992	0.584	0.297	0.194	3.894	-338070.319
4	16	10000	9976	0.5134	0.289	0.291	0.309	0.304	0.280	0.292	0.315	0.295	0.298	0.318	0.310	0.304	0.303	0.293	0.306	0.294	0.303	0.297	0.307	0.304	0.296	0.299	0.279	0.289	0.313	0.301	0.299	0.289	0.311	0.297	1.989	0.604	0.303	0.203	3.744	-336970.049
5	16	10000	9970	0.5153	0.342	0.314	0.290	0.299	0.308	0.311	0.303	0.298	0.293	0.298	0.298	0.296	0.293	0.300	0.293	0.276	0.301	0.309	0.296	0.281	0.302	0.301	0.298	0.309	0.291	0.301	0.288	0.279	0.303	0.303	1.983	0.594	0.300	0.199	3.708	-336286.454
6	16	10000	9969	0.5136	0.298	0.300	0.299	0.293	0.297	0.300	0.299	0.301	0.295	0.302	0.300	0.295	0.293	0.305	0.306	0.284	0.304	0.298	0.291	0.291	0.302	0.302	0.288	0.293	0.280	0.299	0.300	0.303	0.293	0.298	1.994	0.609	0.296	0.200	3.935	-335046.634
7	16	10000	9970	0.5137	0.301	0.305	0.311	0.293	0.299	0.290	0.300	0.307	0.302	0.297	0.300	0.292	0.302	0.297	0.284	0.295	0.305	0.290	0.295	0.307	0.302	0.290	0.299	0.316	0.292	0.315	0.287	0.293	0.300	0.286	1.994	0.608	0.295	0.198	3.977	-334705.360
8	16	10000	9967	0.5148	0.280	0.286	0.323	0.301	0.300	0.302	0.292	0.308	0.306	0.288	0.286	0.298	0.300	0.297	0.305	0.294	0.300	0.304	0.300	0.295	0.292	0.290	0.290	0.298	0.305	0.287	0.310	0.281	0.300	0.292	2.006	0.595	0.291	0.203	3.612	-335429.790
9	16	10000	9974	0.5140	0.313	0.296	0.303	0.294	0.306	0.296	0.290	0.300	0.305	0.307	0.296	0.299	0.308	0.296	0.303	0.263	0.299	0.289	0.304	0.302	0.305	0.290	0.297	0.315	0.303	0.298	0.300	0.300	0.303	0.284	2.023	0.592	0.292	0.200	3.959	-335596.916
10	16	10000	9977	0.5134	0.297	0.306	0.295	0.307	0.292	0.303	0.304	0.294	0.292	0.309	0.302	0.293	0.297	0.295	0.303	0.305	0.306	0.303	0.294	0.306	0.299	0.304	0.288	0.277	0.308	0.304	0.288	0.297	0.293	0.297	1.984	0.603	0.304	0.204	4.050	-336602.300
111	16	10000	9978	0.5158	0.322	0.317	0.280	0.291	0.315	0.302	0.307	0.309	0.277	0.311	0.296	0.293	0.301	0.294	0.292	0.296	0.312	0.299	0.304	0.297	0.294	0.307	0.301	0.288	0.305	0.301	0.304	0.294	0.311	0.292	2.002	0.603	0.296	0.199	3.994	-336565.109
2	16	10000	9957	0.5190	0.274	0.299	0.302	0.313	0.297	0.303	0.310	0.304	0.312	0.302	0.295	0.307	0.296	0.309	0.288	0.291	0.300	0.307	0.309	0.303	0.304	0.285	0.293	0.297	0.306	0.311	0.290	0.298	0.300	0.304	2.006	0.591	0.301	0.200	3.144	-337504.528
3	16	10000	9970	0.5132	0.287	0.295	0.302	0.304	0.290	0.305	0.288	0.294	0.311	0.301	0.287	0.310	0.303	0.300	0.306	0.319	0.287	0.305	0.304	0.293	0.302	0.280	0.303	0.295	0.303	0.292	0.306	0.299	0.312	0.296	1.991	0.605	0.302	0.201	4.795	-335658.010
4	16	10000	9972	0.5147	0.301	0.299	0.306	0.301	0.305	0.302	0.295	0.310	0.303	0.311	0.305	0.313	0.304	0.310	0.296	0.314	0.283	0.311	0.308	0.300	0.293	0.285	0.304	0.331	0.287	0.288	0.308	0.303	0.311	0.319	2.026	0.593	0.301	0.202	4.020	-338987.617
5	16	10000	9964	0.5114	0.281	0.305	0.308	0.317	0.284	0.307	0.313	0.305	0.296	0.309	0.295	0.300	0.293	0.291	0.297	0.342	0.317	0.297	0.307	0.315	0.293	0.302	0.303	0.305	0.312	0.310	0.297	0.289	0.313	0.296	2.018	0.608	0.312	0.200	4.842	-337935.487
6	16	10000	9972	0.5161	0.285	0.281	0.301	0.290	0.307	0.307	0.305	0.305	0.296	0.294	0.299	0.289	0.295	0.291	0.304	0.299	0.312	0.310	0.312	0.304	0.295	0.301	0.295	0.294	0.293	0.301	0.296	0.292	0.289	0.302	1.991	0.595	0.299	0.203	3.490	-336598.001
7	16	10000	9963	0.5121	0.326	0.289	0.300	0.305	0.308	0.309	0.312	0.303	0.316	0.298	0.302	0.303	0.288	0.296	0.297	0.266	0.300	0.293	0.295	0.305	0.295	0.303	0.299	0.302	0.300	0.287	0.305	0.303	0.306	0.296	2.016	0.581	0.303	0.196	3.523	-336607.338
8	16	10000	9977	0.5121	0.293	0.285	0.307	0.304	0.297	0.291	0.301	0.303	0.309	0.307	0.296	0.295	0.291	0.302	0.301	0.329	0.312	0.292	0.308	0.314	0.301	0.293	0.307	0.273	0.297	0.303	0.303	0.297	0.308	0.296	2.011	0.603	0.314	0.196	4.649	-336330.337
9	16	10000	9968	0.5118	0.278	0.302	0.297	0.304	0.295	0.301	0.307	0.284	0.293	0.303	0.302	0.296	0.286	0.302	0.296	0.314	0.286	0.283	0.298	0.294	0.301	0.299	0.293	0.297	0.290	0.299	0.314	0.296	0.291	0.298	1.989	0.607	0.301	0.200	4.520	-334272.345
10	16	10000	9966	0.5152	0.224	0.319	0.297	0.300	0.297	0.291	0.302	0.300	0.292	0.294	0.302	0.304	0.298	0.305	0.298	0.335	0.306	0.314	0.294	0.299	0.303	0.293	0.294	0.296	0.305	0.304	0.305	0.313	0.294	0.302	2.015	0.592	0.296	0.198	3.444	-336009.297
111	16	10000	9970	0.5143	0.280	0.303	0.280	0.310	0.289	0.311	0.299	0.307	0.296	0.297	0.298	0.299	0.292	0.307	0.300	0.319	0.306	0.303	0.294	0.297	0.314	0.314	0.299	0.293	0.295	0.301	0.296	0.310	0.308	0.300	1.989	0.600	0.306	0.198	3.801	-336847.701
2	16	10000	9966	0.5141	0.278	0.299	0.305	0.304	0.290	0.290	0.294	0.296	0.293	0.302	0.293	0.293	0.310	0.283	0.301	0.342	0.278	0.292	0.304	0.292	0.296	0.280	0.295	0.318	0.287	0.300	0.298	0.313	0.293	0.296	2.015	0.609	0.301	0.200	4.648	-334275.704
3	16	10000	9961	0.5133	0.336	0.292	0.300	0.306	0.302	0.302	0.301	0.305	0.297	0.309	0.281	0.301	0.294	0.292	0.291	0.261	0.296	0.306	0.295	0.299	0.291	0.298	0.298	0.305	0.290	0.310	0.283	0.302	0.304	0.296	1.989	0.586	0.297	0.201	3.558	-336050.647
4	16	10000	9972	0.5183	0.319	0.293	0.300	0.301	0.308	0.294	0.305	0.308	0.320	0.301	0.307	0.295	0.294	0.289	0.304	0.299	0.297	0.294	0.304	0.301	0.304	0.312	0.312	0.306	0.302	0.305	0.310	0.309	0.297	0.294	2.002	0.596	0.315	0.202	4.243	-339061.613
5	16	10000	9973	0.5167	0.322	0.301	0.310	0.299	0.296	0.297	0.305	0.304	0.301	0.309	0.292	0.297	0.293	0.308	0.299	0.258	0.311	0.293	0.303	0.315	0.304	0.296	0.291	0.302	0.299	0.307	0.291	0.295	0.303	0.289	1.993	0.610	0.298	0.200	4.099	-336122.740
6	16	10000	9970	0.5138	0.284	0.296	0.292	0.301	0.296	0.310	0.302	0.298	0.280	0.305	0.290	0.303	0.306	0.304	0.294	0.318	0.296	0.297	0.298	0.292	0.301	0.299	0.295	0.309	0.294	0.306	0.293	0.321	0.311	0.301	1.984	0.598	0.294	0.196	4.171	-335597.254
7	16	10000	9980	0.5109	0.299	0.297	0.307	0.308	0.299	0.297	0.299	0.307	0.280	0.312	0.303	0.293	0.299	0.297	0.305	0.298	0.290	0.316	0.302	0.298	0.306	0.307	0.294	0.307	0.310	0.321	0.293	0.289	0.292	0.304	1.973	0.599	0.305	0.201	3.796	-337781.443
8	16	10000	9973	0.5137	0.294	0.294	0.298	0.308	0.289	0.310	0.298	0.290	0.298	0.299	0.291	0.294	0.295	0.303	0.291	0.313	0.290	0.303	0.301	0.303	0.299	0.296	0.306	0.316	0.310	0.315	0.297	0.283	0.295	0.310	1.983	0.603	0.302	0.200	4.313	-336370.710
9	16	10000	9970	0.5116	0.264	0.304	0.299	0.313	0.309	0.287	0.311	0.294	0.293	0.297	0.315	0.298	0.293	0.307	0.293	0.302	0.317	0.300	0.293	0.289	0.303	0.300	0.303	0.301	0.292	0.319	0.310	0.294	0.310	0.297	2.001	0.590	0.302	0.199	3.595	-337230.855
10	16	10000	9972	0.5136	0.285	0.297	0.300	0.295	0.293	0.293	0.297	0.296	0.300	0.297	0.302	0.309	0.296	0.288	0.315	0.303	0.292	0.304	0.300	0.304	0.297	0.308	0.309	0.306	0.310	0.295	0.305	0.275	0.298	0.302	2.011	0.597	0.299	0.202	4.018	-336399.547
111	16	10000	9968	0.5136	0.279	0.299	0.291	0.302	0.300	0.296	0.303	0.296	0.295	0.298	0.308	0.314	0.292	0.295	0.307	0.331	0.314	0.289	0.312	0.292	0.292	0.303	0.290	0.295	0.312	0.295	0.295	0.294	0.291	0.296	2.003	0.594	0.298	0.202	3.610	-336203.501
2	16	10000	9957	0.5137	0.309	0.307	0.306	0.308	0.304	0.287	0.299	0.296	0.296	0.307	0.299	0.296	0.307	0.302	0.291	0.263	0.305	0.291	0.296	0.297	0.306	0.295	0.295	0.302	0.307	0.296	0.304	0.300	0.291	0.300	2.048	0.593	0.298	0.197	3.810	-335437.253
3	16	10000	9967	0.5135	0.331	0.289	0.296	0.300	0.310	0.294	0.303	0.297	0.291	0.315	0.301	0.308	0.303	0.287	0.313	0.299	0.278	0.300	0.306	0.290	0.307	0.304	0.299	0.298	0.294	0.298	0.310	0.303	0.299	0.298	1.988	0.606	0.306	0.198	4.523	-336445.932
4	16	10000	9961	0.5140	0.352	0.285	0.301	0.304	0.311	0.301	0.294	0.295	0.320	0.299	0.289	0.291	0.304	0.300	0.278	0.266	0.307	0.299	0.301	0.302	0.301	0.304	0.303	0.287	0.294	0.298	0.295	0.299	0.307	0.291	1.982	0.599	0.305	0.200	4.094	-336318.642
5	16	10000	9973	0.5109	0.292	0.314	0.302	0.299	0.296	0.291	0.299	0.289	0.300	0.293	0.310	0.313	0.302	0.296	0.290	0.313	0.292	0.305	0.295	0.307	0.309	0.300	0.303	0.313	0.316	0.294	0.314	0.301	0.296	0.300	2.015	0.598	0.296	0.199	3.784	-336731.925
6	16	10000	9969	0.5151	0.328	0.303	0.283	0.288	0.304	0.306	0.290	0.301	0.309	0.281	0.308	0.306	0.290	0.310	0.304	0.248	0.301	0.309	0.281	0.306	0.297	0.294	0.299	0.285	0.299	0.301	0.300	0.297	0.293	0.298	2.004	0.605	0.302	0.198	3.929	-335364.173
7	16	10000	9958	0.5138	0.292	0.308	0.307	0.305	0.309	0.295	0.301	0.295	0.284	0.309	0.299	0.299	0.293	0.297	0.296	0.265	0.306	0.303	0.304	0.293	0.305	0.293	0.299	0.303	0.294	0.291	0.299	0.299	0.296	0.302	1.966	0.583	0.294	0.197	3.298	-336189.327
8	16	10000	9974	0.5132	0.288	0.299	0.304	0.300	0.296	0.304	0.296	0.303	0.297	0.303	0.292	0.296	0.304	0.299	0.304	0.333	0.301	0.291	0.299	0.309	0.306	0.296	0.286	0.301	0.300	0.309	0.297	0.291	0.311	0.292	2.001	0.592	0.286	0.203	3.527	-336350.244
9	16	10000	9973	0.5173	0.281	0.327	0.290	0.299	0.293	0.310	0.296	0.293	0.305	0.298	0.295	0.302	0.302	0.310	0.298	0.308	0.293	0.310	0.310	0.300	0.306	0.305	0.303	0.290	0.307	0.304	0.309	0.306	0.300	0.304	2.029	0.605	0.299	0.200	4.282	-337875.486
10	16	10000	9967	0.5131	0.270	0.288	0.304	0.294	0.308	0.302	0.302	0.300	0.308	0.299	0.307	0.308	0.287	0.303	0.298	0.353	0.302	0.308	0.300	0.305	0.318	0.308	0.283	0.301	0.302	0.297	0.302	0.293	0.295	0.306	1.994	0.594	0.311	0.198	4.164	-337603.807
111	16	10000	9967	0.5150	0.278	0.315	0.294	0.300	0.301	0.313	0.302	0.315	0.307	0.305	0.300	0.309	0.308	0.291	0.300	0.284	0.302	0.295	0.300	0.299	0.306	0.300	0.301	0.315	0.294	0.304	0.303	0.306	0.296	0.305	2.011	0.594	0.297	0.201	3.355	-337703.004
2	16	10000	9977	0.5137	0.259	0.306	0.313	0.293	0.291	0.303	0.302	0.293	0.302	0.299	0.305	0.296	0.306	0.308	0.308	0.332	0.297	0.297	0.297	0.296	0.329	0.299	0.295	0.311	0.286	0.302	0.316	0.308	0.286	0.310	1.984	0.601	0.300	0.199	3.904	-337613.908
3	16	10000	9969	0.5159	0.281	0.290	0.308	0.298	0.304	0.303	0.307	0.302	0.303	0.298	0.304	0.300	0.310	0.297	0.297	0.299	0.299	0.294	0.304	0.289	0.284	0.306	0.292	0.286	0.288	0.287	0.305	0.301	0.300	0.298	2.009	0.591	0.300	0.201	3.596	-335991.117
4	16	10000	9971	0.5144	0.280	0.288	0.299	0.298	0.291	0.293	0.304	0.303	0.293	0.293	0.294	0.286	0.288	0.291	0.306	0.282	0.297	0.302	0.300	0.287	0.304	0.304	0.285	0.309	0.301	0.298	0.293	0.288	0.305	0.295	2.006	0.584	0.285	0.199	3.036	-334271.485
5	16	10000	9970	0.5114	0.324	0.295	0.296	0.304	0.299	0.299	0.298	0.292	0.290	0.305	0.307	0.293	0.298	0.299	0.295	0.278	0.300	0.302	0.299	0.307	0.299	0.307	0.304	0.293	0.303	0.305	0.312	0.291	0.322	0.315	2.018	0.595	0.300	0.201	4.430	-337082.898
6	16	10000	9976	0.5132	0.285	0.283	0.287	0.300	0.299	0.311	0.286	0.296	0.306	0.304	0.305	0.304	0.298	0.295	0.298	0.290	0.310	0.309	0.282	0.295	0.306	0.306	0.292	0.314	0.281	0.296	0.298	0.297	0.294	0.294	2.013	0.579	0.281	0.200	3.390	-334946.070
7	16	10000	9965	0.5170	0.273	0.310	0.295	0.296	0.311	0.288	0.301	0.294	0.293	0.293	0.305	0.292	0.302	0.300	0.295	0.308	0.290	0.315	0.287	0.300	0.304	0.296	0.293	0.301	0.299	0.302	0.299	0.297	0.302	0.288	1.997	0.606	0.305	0.201	4.174	-335636.300
8	16	10000	9965	0.5135	0.312	0.316	0.296	0.313	0.293	0.305	0.288	0.302	0.282	0.304	0.286	0.314	0.323	0.299	0.296	0.283	0.283	0.305	0.304	0.300	0.297	0.305	0.289	0.303	0.304	0.308	0.301	0.294	0.292	0.277	2.020	0.588	0.294	0.201	3.420	-336345.254
9	16	10000	9971	0.5152	0.308	0.292	0.292	0.298	0.299	0.308	0.294	0.296	0.307	0.293	0.286	0.307	0.309	0.298	0.309	0.313	0.290	0.290	0.306	0.298	0.298	0.293	0.305	0.298	0.305	0.294	0.305	0.298	0.300	0.295	1.957	0.596	0.298	0.198	4.013	-336241.348
10	16	10000	9972	0.5142	0.258	0.290	0.311	0.294	0.296	0.295	0.299	0.297	0.283	0.298	0.288	0.303	0.300	0.291	0.300	0.342	0.297	0.288	0.305	0.298	0.293	0.307	0.292	0.302	0.300	0.303	0.301	0.289	0.310	0.295	2.006	0.600	0.293	0.203	3.899	-336087.561
111	16	10000	9977	0.5173	0.301	0.317	0.314	0.296	0.296	0.307	0.293	0.300	0.284	0.298	0.304	0.317	0.291	0.308	0.301	0.326	0.300	0.303	0.310	0.298	0.301	0.283	0.297	0.302	0.312	0.292	0.304	0.291	0.286	0.294	1.996	0.606	0.307	0.202	4.086	-337494.730
2	16	10000	9969	0.5115	0.300	0.289	0.314	0.293	0.304	0.281	0.289	0.316	0.300	0.294	0.309	0.294	0.294	0.294	0.309	0.309	0.306	0.314	0.312	0.295	0.296	0.298	0.292	0.294	0.314	0.291	0.297	0.288	0.295	0.304	1.998	0.600	0.300	0.199	4.380	-335672.052
3	16	10000	9964	0.5116	0.245	0.321	0.289	0.314	0.285	0.308	0.294	0.303	0.277	0.300	0.295	0.298	0.299	0.296	0.298	0.326	0.322	0.292	0.305	0.301	0.311	0.281	0.296	0.293	0.296	0.293	0.301	0.290	0.304	0.299	2.007	0.599	0.291	0.206	3.510	-335357.900
4	16	10000	9976	0.5136	0.276	0.307	0.299	0.298	0.315	0.286	0.295	0.297	0.295	0.300	0.300	0.304	0.294	0.284	0.301	0.328	0.301	0.309	0.297	0.296	0.303	0.305	0.305	0.296	0.286	0.289	0.305	0.310	0.285	0.306	2.024	0.597	0.295	0.202	4.555	-335844.782
5	16	10000	9972	0.5126	0.270	0.289	0.295	0.312	0.302	0.297	0.288	0.295	0.296	0.314	0.298	0.309	0.310	0.297	0.302	0.304	0.323	0.286	0.289	0.307	0.298	0.292	0.296	0.281	0.296	0.302	0.297	0.300	0.296	0.294	2.007	0.600	0.299	0.203	3.223	-335820.598
6	16	10000	9973	0.5098	0.335	0.295	0.303	0.302	0.286	0.305	0.287	0.301	0.302	0.294	0.302	0.301	0.284	0.295	0.308	0.299	0.300	0.303	0.296	0.300	0.303	0.302	0.296	0.307	0.306	0.287	0.302	0.281	0.311	0.302	2.021	0.601	0.307	0.201	4.411	-335992.957
7	16	10000	9956	0.5142	0.322	0.303	0.307	0.300	0.311	0.299	0.294	0.311	0.283	0.305	0.311	0.299	0.305	0.303	0.298	0.291	0.302	0.300	0.296	0.318	0.307	0.298	0.291	0.300	0.295	0.315	0.303	0.297	0.306	0.317	2.023	0.603	0.306	0.198	4.357	-337483.437
8	16	10000	9962	0.5125	0.296	0.281	0.309	0.286	0.308	0.314	0.287	0.300	0.280	0.303	0.297	0.296	0.292	0.302	0.294	0.297	0.300	0.294	0.295	0.301	0.309	0.298	0.291	0.283	0.302	0.305	0.312	0.295	0.298	0.298	2.005	0.600	0.300	0.199	3.512	-335491.768
9	16	10000	9965	0.5128	0.294	0.311	0.317	0.302	0.296	0.290	0.301	0.307	0.286	0.291	0.302	0.296	0.298	0.292	0.297	0.319	0.301	0.302	0.297	0.304	0.305	0.286	0.299	0.288	0.300	0.302	0.294	0.290	0.291	0.295	2.006	0.614	0.294	0.198	4.276	-334404.656
10	16	10000	9973	0.5153	0.292	0.282	0.294	0.288	0.313	0.290	0.286	0.309	0.300	0.299	0.290	0.301	0.284	0.295	0.311	0.311	0.307	0.288	0.288	0.291	0.302	0.291	0.299	0.305	0.289	0.299	0.300	0.305	0.296	0.304	1.986	0.611	0.297	0.202	4.344	-334795.551
111	16	10000	9977	0.5108	0.299	0.295	0.299	0.288	0.291	0.300	0.292	0.304	0.299	0.306	0.304	0.294	0.326	0.299	0.307	0.284	0.322	0.299	0.312	0.301	0.301	0.298	0.296	0.305	0.297	0.287	0.308	0.312	0.299	0.294	2.015	0.593	0.299	0.202	4.107	-336958.373
2	16	10000	9968	0.5130	0.273	0.295	0.296	0.294	0.307	0.289	0.284	0.319	0.304	0.307	0.290	0.288	0.292	0.305	0.305	0.330	0.290	0.287	0.299	0.291	0.300	0.291	0.312	0.295	0.297	0.298	0.290	0.291	0.312	0.297	2.007	0.599	0.297	0.199	4.151	-334988.493
3	16	10000	9970	0.5152	0.245	0.301	0.291	0.297	0.301	0.309	0.306	0.299	0.303	0.299	0.314	0.292	0.307	0.306	0.301	0.318	0.312	0.301	0.300	0.293	0.306	0.301	0.293	0.301	0.296	0.302	0.291	0.309	0.294	0.305	2.002	0.588	0.287	0.200	3.282	-336605.353
4	16	10000	9973	0.5119	0.317	0.312	0.300	0.301	0.307	0.302	0.302	0.300	0.303	0.299	0.317	0.295	0.308	0.297	0.299	0.304	0.288	0.304	0.298	0.292	0.309	0.296	0.288	0.303	0.311	0.295	0.290	0.296	0.310	0.302	1.999	0.606	0.298	0.204	4.135	-337367.792
5	16	10000	9968	0.5168	0.317	0.290	0.291	0.298	0.307	0.305	0.301	0.307	0.312	0.291	0.298	0.292	0.302	0.301	0.308	0.300	0.282	0.293	0.293	0.303	0.296	0.297	0.289	0.286	0.292	0.290	0.298	0.290	0.297	0.299	1.995	0.619	0.292	0.200	4.440	-334163.714
6	16	10000	9966	0.5136	0.302	0.300	0.309	0.306	0.310	0.303	0.306	0.304	0.296	0.306	0.293	0.321	0.308	0.295	0.303	0.308	0.300	0.319	0.300	0.290	0.306	0.300	0.295	0.329	0.307	0.305	0.305	0.295	0.297	0.308	2.011	0.591	0.310	0.198	4.146	-338952.346
7	16	10000	9963	0.5154	0.277	0.294	0.302	0.302	0.297	0.303	0.305	0.302	0.295	0.320	0.300	0.301	0.314	0.301	0.290	0.291	0.309	0.297	0.300	0.303	0.290	0.313	0.289	0.305	0.304	0.304	0.300	0.292	0.292	0.289	1.984	0.590	0.301	0.203	3.565	-337524.857
8	16	10000	9974	0.5124	0.281	0.287	0.300	0.307	0.310	0.306	0.293	0.292	0.296	0.299	0.293	0.300	0.302	0.294	0.297	0.311	0.297	0.289	0.291	0.294	0.304	0.294	0.309	0.296	0.304	0.297	0.302	0.298	0.297	0.309	1.989	0.589	0.289	0.201	3.559	-335573.863
9	16	10000	9963	0.5100	0.324	0.299	0.290	0.299	0.305	0.311	0.302	0.312	0.297	0.297	0.302	0.300	0.327	0.293	0.307	0.294	0.308	0.295	0.297	0.314	0.315	0.306	0.305	0.294	0.323	0.301	0.302	0.291	0.309	0.305	2.004	0.595	0.304	0.200	4.033	-338630.946
10	16	10000	9962	0.5125	0.342	0.306	0.308	0.293	0.293	0.308	0.303	0.302	0.284	0.305	0.294	0.306	0.307	0.300	0.287	0.270	0.308	0.297	0.294	0.310	0.320	0.303	0.291	0.293	0.288	0.294	0.304	0.306	0.298	0.301	2.003	0.602	0.300	0.202	4.201	-336688.450
111	16	10000	9965	0.5137	0.265	0.310	0.303	0.297	0.309	0.322	0.291	0.306	0.261	0.293	0.301	0.309	0.312	0.293	0.295	0.330	0.293	0.306	0.298	0.297	0.298	0.303	0.305	0.291	0.302	0.296	0.295	0.298	0.299	0.306	1.977	0.607	0.308	0.201	4.014	-336911.099
2	16	10000	9967	0.5123	0.272	0.296	0.294	0.306	0.295	0.304	0.295	0.303	0.291	0.308	0.301	0.301	0.298	0.300	0.295	0.344	0.297	0.300	0.307	0.307	0.301	0.297	0.292	0.298	0.311	0.288	0.290	0.286	0.287	0.308	1.983	0.609	0.301	0.202	4.498	-335837.248
3	16	10000	9965	0.5148	0.301	0.315	0.299	0.300	0.301	0.304	0.293	0.293	0.299	0.299	0.302	0.310	0.292	0.297	0.296	0.314	0.303	0.298	0.306	0.297	0.308	0.301	0.311	0.300	0.299	0.297	0.302	0.315	0.304	0.293	1.986	0.599	0.304	0.201	4.410	-337637.661
4	16	10000	9966	0.5139	0.285	0.293	0.300	0.299	0.311	0.307	0.308	0.299	0.314	0.298	0.303	0.294	0.290	0.310	0.301	0.292	0.305	0.292	0.297	0.304	0.296	0.297	0.297	0.299	0.302	0.308	0.280	0.283	0.302	0.302	1.975	0.587	0.299	0.199	3.558	-336385.246
5	16	10000	9966	0.5112	0.282	0.309	0.283	0.298	0.305	0.300	0.312	0.291	0.305	0.295	0.299	0.304	0.300	0.298	0.301	0.336	0.294	0.294	0.311	0.300	0.297	0.295	0.308	0.297	0.304	0.304	0.318	0.288	0.303	0.294	2.008	0.606	0.310	0.197	4.638	-336256.371
6	16	10000	9965	0.5143	0.319	0.316	0.310	0.304	0.297	0.274	0.307	0.300	0.304	0.298	0.295	0.291	0.301	0.296	0.305	0.281	0.302	0.310	0.303	0.304	0.295	0.297	0.316	0.297	0.303	0.298	0.296	0.290	0.294	0.299	1.996	0.601	0.304	0.198	3.597	-336723.521
7	16	10000	9969	0.5126	0.321	0.296	0.300	0.320	0.298	0.288	0.300	0.305	0.295	0.289	0.300	0.282	0.299	0.298	0.300	0.286	0.301	0.288	0.304	0.303	0.296	0.298	0.306	0.296	0.305	0.306	0.296	0.293	0.299	0.296	1.998	0.615	0.302	0.202	4.734	-336102.538
8	16	10000	9976	0.5173	0.292	0.291	0.292	0.297	0.299	0.291	0.303	0.285	0.295	0.299	0.304	0.311	0.295	0.309	0.301	0.308	0.297	0.304	0.302	0.296	0.308	0.306	0.301	0.305	0.297	0.301	0.294	0.306	0.298	0.299	2.011	0.588	0.297	0.199	3.456	-336845.589
9	16	10000	9969	0.5132	0.274	0.310	0.310	0.300	0.302	0.284	0.290	0.308	0.302	0.300	0.308	0.301	0.287	0.305	0.310	0.311	0.305	0.285	0.303	0.308	0.290	0.293	0.283	0.296	0.282	0.303	0.294	0.299	0.301	0.289	1.990	0.604	0.302	0.201	4.294	-335359.476
10	16	10000	9974	0.5158	0.326	0.303	0.291	0.309	0.298	0.312	0.285	0.303	0.293	0.300	0.305	0.309	0.317	0.312	0.293	0.278	0.295	0.315	0.297	0.305	0.288	0.302	0.289	0.301	0.295	0.286	0.305	0.313	0.293	0.299	1.987	0.595	0.294	0.203	3.804	-337410.694
111	16	10000	9975	0.5166	0.322	0.316	0.289	0.305	0.298	0.315	0.310	0.312	0.303	0.299	0.301	0.301	0.304	0.312	0.293	0.307	0.298	0.303	0.286	0.295	0.296	0.302	0.304	0.295	0.292	0.308	0.307	0.300	0.303	0.303	1.978	0.589	0.307	0.199	4.298	-338825.528
2	16	10000	9971	0.5183	0.297	0.295	0.298	0.291	0.301	0.303	0.303	0.299	0.321	0.307	0.302	0.295	0.295	0.297	0.291	0.309	0.295	0.295	0.303	0.291	0.288	0.309	0.298	0.303	0.297	0.305	0.305	0.306	0.309	0.299	2.042	0.600	0.302	0.200	4.369	-336273.454
3	16	10000	9972	0.5114	0.300	0.293	0.300	0.300	0.298	0.314	0.297	0.304	0.304	0.303	0.292	0.293	0.304	0.302	0.309	0.305	0.298	0.289	0.307	0.299	0.320	0.293	0.315	0.309	0.293	0.307	0.309	0.299	0.287	0.302	2.005	0.596	0.302	0.201	3.913	-337113.361
4	16	10000	9975	0.5130	0.271	0.285	0.300	0.287	0.311	0.299	0.299	0.300	0.292	0.291	0.299	0.305	0.301	0.300	0.297	0.319	0.314	0.285	0.296	0.300	0.291	0.299	0.298	0.305	0.305	0.300	0.289	0.287	0.303	0.299	2.025	0.601	0.297	0.198	3.655	-334863.273
5	16	10000	9971	0.5115	0.339	0.310	0.298	0.298	0.308	0.287	0.301	0.290	0.293	0.300	0.288	0.308	0.280	0.308	0.305	0.284	0.301	0.292	0.295	0.301	0.307	0.307	0.298	0.290	0.314	0.306	0.300	0.307	0.297	0.303	2.037	0.605	0.301	0.202	4.221	-336315.856
6	16	10000	9964	0.5172	0.325	0.298	0.300	0.305	0.313	0.301	0.296	0.314	0.297	0.296	0.299	0.293	0.304	0.300	0.295	0.319	0.297	0.302	0.295	0.299	0.298	0.301	0.295	0.287	0.294	0.305	0.293	0.298	0.288	0.309	1.962	0.614	0.300	0.202	4.705	-336760.448
7	16	10000	9969	0.5135	0.290	0.289	0.309	0.290	0.307	0.309	0.302	0.293	0.290	0.309	0.294	0.289	0.295	0.301	0.303	0.320	0.299	0.299	0.299	0.309	0.283	0.303	0.298	0.296	0.290	0.293	0.305	0.300	0.300	0.299	2.049	0.612	0.299	0.197	4.517	-334319.337
8	16	10000	9970	0.5155	0.312	0.297	0.303	0.296	0.300	0.290	0.301	0.299	0.299	0.303	0.294	0.302	0.303	0.291	0.292	0.267	0.304	0.285	0.309	0.301	0.297	0.309	0.294	0.323	0.308	0.306	0.292	0.301	0.292	0.309	1.978	0.592	0.298	0.200	3.938	-336922.471
9	16	10000	9975	0.5155	0.318	0.297	0.305	0.303	0.302	0.299	0.315	0.301	0.315	0.295	0.306	0.299	0.301	0.310	0.304	0.289	0.305	0.289	0.302	0.311	0.298	0.298	0.306	0.299	0.307	0.299	0.298	0.300	0.301	0.314	2.018	0.600	0.301	0.200	4.159	-337877.847
10	16	10000	9974	0.5169	0.294	0.285	0.304	0.300	0.288	0.309	0.291	0.302	0.287	0.302	0.295	0.311	0.302	0.303	0.302	0.329	0.310	0.309	0.297	0.304	0.303	0.295	0.305	0.291	0.301	0.300	0.300	0.293	0.301	0.299	1.983	0.607	0.296	0.201	3.917	-336757.435
111	16	10000	9980	0.5133	0.336	0.305	0.286	0.296	0.299	0.294	0.303	0.302	0.297	0.314	0.305	0.293	0.291	0.296	0.296	0.272	0.311	0.295	0.308	0.287	0.308	0.287	0.296	0.303	0.314	0.300	0.302	0.298	0.288	0.309	2.001	0.596	0.290	0.200	3.279	-336132.499
2	16	10000	9966	0.5093	0.274	0.307	0.284	0.299	0.299	0.290	0.302	0.299	0.305	0.294	0.298	0.298	0.296	0.302	0.296	0.296	0.293	0.302	0.318	0.292	0.299	0.293	0.295	0.293	0.289	0.295	0.309	0.303	0.306	0.297	2.011	0.600	0.297	0.197	3.587	-334430.477
3	16	10000	9975	0.5117	0.279	0.306	0.308	0.305	0.297	0.291	0.290	0.310	0.289	0.320	0.297	0.300	0.311	0.304	0.293	0.324	0.321	0.297	0.305	0.301	0.308	0.298	0.300	0.292	0.311	0.306	0.304	0.298	0.306	0.307	2.000	0.596	0.307	0.200	3.846	-337874.440
4	16	10000	9966	0.5152	0.275	0.318	0.324	0.310	0.312	0.300	0.305	0.305	0.293	0.302	0.298	0.292	0.302	0.300	0.302	0.314	0.304	0.298	0.299	0.302	0.295	0.301	0.300	0.295	0.311	0.304	0.302	0.293	0.298	0.298	2.006	0.592	0.294	0.201	3.678	-338226.970
5	16	10000	9964	0.5115	0.319	0.293	0.299	0.295	0.315	0.302	0.310	0.301	0.295	0.292	0.295	0.302	0.301	0.310	0.288	0.328	0.300	0.287	0.292	0.304	0.298	0.295	0.297	0.301	0.312	0.290	0.295	0.305	0.306	0.295	1.996	0.604	0.302	0.199	4.924	-336087.783
6	16	10000	9968	0.5140	0.327	0.304	0.295	0.288	0.308	0.295	0.301	0.284	0.300	0.284	0.305	0.302	0.302	0.301	0.295	0.303	0.290	0.318	0.293	0.310	0.299	0.302	0.303	0.292	0.297	0.300	0.307	0.297	0.288	0.315	2.017	0.599	0.304	0.203	4.511	-336547.604
7	16	10000	9963	0.5142	0.256	0.288	0.295	0.288	0.304	0.311	0.311	0.301	0.288	0.316	0.289	0.292	0.290	0.295	0.289	0.340	0.295	0.300	0.301	0.303	0.297	0.294	0.298	0.286	0.288	0.295	0.303	0.286	0.297	0.299	1.980	0.614	0.293	0.201	3.949	-334325.652
8	16	10000	9969	0.5119	0.316	0.297	0.303	0.316	0.296	0.291	0.305	0.305	0.296	0.308	0.282	0.296	0.300	0.298	0.303	0.292	0.282	0.292	0.302	0.298	0.318	0.312	0.286	0.280	0.305	0.290	0.302	0.287	0.310	0.299	1.999	0.607	0.299	0.201	3.739	-335718.850
9	16	10000	9977	0.5137	0.298	0.298	0.292	0.296	0.301	0.307	0.307	0.308	0.299	0.299	0.308	0.294	0.294	0.309	0.300	0.330	0.306	0.284	0.303	0.293	0.320	0.297	0.317	0.297	0.308	0.307	0.301	0.286	0.295	0.309	2.018	0.604	0.305	0.205	4.072	-338277.818
10	16	10000	9965	0.5139	0.302	0.302	0.292	0.306	0.308	0.304	0.299	0.301	0.293	0.299	0.298	0.298	0.301	0.288	0.309	0.287	0.287	0.300	0.303	0.298	0.286	0.292	0.298	0.303	0.303	0.298	0.303	0.293	0.302	0.283	1.990	0.600	0.301	0.198	4.188	-334651.762
111	16	10000	9962	0.5141	0.319	0.293	0.310	0.297	0.300	0.303	0.306	0.296	0.294	0.286	0.305	0.287	0.303	0.306	0.299	0.290	0.305	0.302	0.309	0.293	0.312	0.309	0.309	0.306	0.316	0.314	0.306	0.297	0.304	0.301	1.991	0.597	0.302	0.201	3.844	-338085.515
2	16	10000	9966	0.5108	0.277	0.294	0.294	0.296	0.289	0.293	0.283	0.296	0.298	0.303	0.298	0.293	0.301	0.305	0.306	0.323	0.297	0.300	0.289	0.291	0.298	0.286	0.306	0.298	0.302	0.309	0.296	0.297	0.298	0.303	1.988	0.610	0.291	0.202	4.384	-334789.841
3	16	10000	9963	0.5146	0.275	0.306	0.300	0.301	0.303	0.296	0.302	0.292	0.287	0.302	0.298	0.305	0.308	0.302	0.294	0.332	0.294	0.301	0.297	0.300	0.296	0.282	0.311	0.305	0.313	0.295	0.296	0.305	0.304	0.291	1.998	0.592	0.291	0.197	3.496	-335633.622
4	16	10000	9962	0.5128	0.323	0.281	0.315	0.295	0.295	0.290	0.295	0.282	0.303	0.305	0.298	0.313	0.275	0.294	0.304	0.278	0.302	0.293	0.297	0.293	0.291	0.285	0.294	0.286	0.310	0.304	0.291	0.311	0.289	0.292	2.005	0.595	0.294	0.200	3.758	-333866.255
5	16	10000	9975	0.5139	0.274	0.322	0.297	0.313	0.302	0.303	0.304	0.306	0.311	0.292	0.294	0.290	0.293	0.293	0.303	0.306	0.312	0.302	0.291	0.296	0.300	0.291	0.299	0.292	0.305	0.292	0.295	0.287	0.295	0.304	2.015	0.583	0.292	0.200	3.365	-336092.853
6	16	10000	9968	0.5156	0.300	0.283	0.305	0.315	0.290	0.291	0.303	0.298	0.292	0.307	0.298	0.292	0.311	0.293	0.290	0.312	0.294	0.308	0.287	0.303	0.302	0.301	0.303	0.290	0.299	0.297	0.302	0.282	0.307	0.294	1.977	0.604	0.297	0.201	4.338	-335556.762
7	16	10000	9967	0.5139	0.286	0.308	0.296	0.300	0.301	0.312	0.297	0.306	0.297	0.292	0.303	0.303	0.300	0.320	0.300	0.315	0.301	0.296	0.315	0.304	0.285	0.291	0.310	0.323	0.295	0.300	0.296	0.311	0.308	0.303	2.016	0.594	0.299	0.200	3.925	-337988.898
8	16	10000	9968	0.5112	0.324	0.308	0.307	0.291	0.302	0.312	0.300	0.304	0.303	0.306	0.295	0.306	0.288	0.301	0.301	0.289	0.290	0.293	0.293	0.307	0.302	0.303	0.295	0.300	0.301	0.292	0.309	0.289	0.283	0.306	1.970	0.597	0.303	0.199	3.980	-336663.466
9	16	10000	9964	0.5144	0.314	0.312	0.294	0.308	0.299	0.306	0.295	0.300	0.313	0.293	0.292	0.311	0.298	0.301	0.298	0.285	0.301	0.308	0.286	0.302	0.310	0.298	0.309	0.294	0.302	0.304	0.307	0.300	0.302	0.305	2.019	0.605	0.314	0.202	4.813	-337424.433
10	16	10000	9963	0.5126	0.293	0.313	0.299	0.303	0.303	0.301	0.311	0.303	0.310	0.298	0.307	0.305	0.308	0.305	0.294	0.299	0.296	0.310	0.305	0.293	0.303	0.295	0.307	0.312	0.299	0.316	0.308	0.304	0.304	0.300	2.009	0.586	0.304	0.198	3.341	-338750.198
111	16	10000	9979	0.5124	0.299	0.306	0.292	0.301	0.308	0.305	0.305	0.300	0.291	0.302	0.299	0.297	0.307	0.289	0.301	0.310	0.292	0.303	0.305	0.293	0.299	0.309	0.291	0.305	0.278	0.299	0.302	0.305	0.299	0.298	2.002	0.600	0.300	0.199	4.296	-335691.666
2	16	10000	9953	0.5176	0.344	0.297	0.302	0.295	0.289	0.291	0.309	0.301	0.313	0.292	0.298	0.291	0.297	0.302	0.289	0.263	0.285	0.306	0.305	0.300	0.296	0.302	0.307	0.296	0.303	0.287	0.302	0.306	0.302	0.298	2.006	0.594	0.291	0.200	3.767	-335768.682
3	16	10000	9981	0.5143	0.264	0.300	0.303	0.299	0.312	0.300	0.302	0.306	0.316	0.312	0.303	0.304	0.309	0.307	0.307	0.342	0.309	0.301	0.315	0.308	0.301	0.313	0.287	0.312	0.310	0.295	0.306	0.302	0.303	0.308	2.016	0.585	0.308	0.198	3.958	-339401.546
4	16	10000	9978	0.5118	0.300	0.298	0.301	0.306	0.314	0.298	0.298	0.298	0.315	0.307	0.311	0.298	0.285	0.302	0.293	0.287	0.297	0.304	0.290	0.308	0.293	0.301	0.308	0.293	0.298	0.312	0.280	0.306	0.298	0.304	1.983	0.603	0.305	0.204	3.918	-337546.722
5	16	10000	9973	0.5093	0.313	0.308	0.302	0.292	0.309	0.308	0.291	0.306	0.305	0.295	0.297	0.292	0.306	0.284	0.315	0.305	0.299	0.302	0.312	0.296	0.309	0.302	0.296	0.330	0.297	0.304	0.313	0.304	0.303	0.309	1.985	0.597	0.307	0.201	4.118	-338638.558
6	16	10000	9964	0.5142	0.254	0.297	0.305	0.288	0.309	0.302	0.304	0.296	0.314	0.301	0.305	0.304	0.315	0.303	0.308	0.358	0.312	0.306	0.295	0.312	0.300	0.304	0.307	0.295	0.294	0.294	0.295	0.307	0.298	0.307	1.986	0.597	0.308	0.199	5.244	-337913.386
7	16	10000	9969	0.5138	0.286	0.296	0.297	0.317	0.304	0.305	0.303	0.299	0.318	0.293	0.304	0.290	0.296	0.306	0.301	0.302	0.303	0.302	0.308	0.297	0.296	0.306	0.304	0.315	0.277	0.304	0.304	0.314	0.295	0.304	1.993	0.583	0.307	0.198	3.983	-337995.637
8	16	10000	9956	0.5120	0.261	0.311	0.289	0.302	0.305	0.308	0.296	0.293	0.296	0.297	0.313	0.293	0.319	0.307	0.289	0.330	0.304	0.289	0.319	0.308	0.305	0.305	0.300	0.308	0.296	0.304	0.305	0.285	0.293	0.289	2.012	0.601	0.300	0.198	3.393	-336354.678
9	16	10000	9970	0.5106	0.293	0.311	0.300	0.297	0.302	0.301	0.305	0.310	0.298	0.304	0.300	0.302	0.306	0.299	0.305	0.301	0.288	0.320	0.293	0.304	0.309	0.301	0.303	0.296	0.306	0.287	0.300	0.302	0.300	0.295	2.009	0.600	0.294	0.200	4.377	-336440.213
10	16	10000	9962	0.5138	0.316	0.289	0.306	0.292	0.298	0.320	0.305	0.294	0.303	0.311	0.296	0.311	0.298	0.284	0.313	0.275	0.298	0.301	0.297	0.307	0.308	0.283	0.301	0.301	0.292	0.291	0.297	0.306	0.285	0.308	2.021	0.588	0.295	0.199	3.757	-335674.712
111	16	10000	9968	0.5179	0.294	0.312	0.308	0.293	0.311	0.287	0.304	0.302	0.293	0.309	0.300	0.304	0.294	0.304	0.287	0.261	0.317	0.297	0.293	0.302	0.305	0.300	0.287	0.283	0.291	0.306	0.300	0.319	0.295	0.288	1.999	0.593	0.291	0.199	4.006	-335876.081
2	16	10000	9961	0.5125	0.269	0.293	0.305	0.300	0.296	0.294	0.300	0.311	0.308	0.293	0.298	0.311	0.312	0.301	0.307	0.337	0.300	0.307	0.304	0.305	0.289	0.296	0.301	0.289	0.297	0.303	0.305	0.307	0.306	0.313	1.987	0.594	0.311	0.200	3.819	-338031.730
3	16	10000	9979	0.5149	0.309	0.299	0.302	0.316	0.278	0.315	0.294	0.292	0.291	0.309	0.312	0.311	0.296	0.288	0.303	0.304	0.312	0.295	0.313	0.298	0.307	0.304	0.308	0.312	0.296	0.295	0.300	0.309	0.310	0.303	1.972	0.585	0.303	0.200	3.655	-339239.823
4	16	10000	9968	0.5128	0.282	0.307	0.304	0.304	0.285	0.295	0.300	0.296	0.307	0.290	0.290	0.299	0.283	0.295	0.296	0.325	0.290	0.306	0.306	0.310	0.295	0.287	0.301	0.305	0.301	0.289	0.304	0.322	0.304	0.297	1.983	0.603	0.301	0.200	3.931	-336222.652
5	16	10000	9968	0.5156	0.253	0.284	0.304	0.299	0.309	0.284	0.305	0.302	0.317	0.296	0.311	0.305	0.301	0.295	0.297	0.330	0.299	0.300	0.300	0.298	0.296	0.295	0.311	0.307	0.317	0.305	0.297	0.302	0.295	0.291	2.015	0.575	0.289	0.201	3.417	-337167.417
6	16	10000	9964	0.5093	0.322	0.322	0.310	0.299	0.303	0.285	0.318	0.290	0.288	0.299	0.301	0.306	0.312	0.290	0.303	0.275	0.285	0.294	0.299	0.290	0.297	0.314	0.306	0.304	0.294	0.311	0.305	0.298	0.308	0.309	1.987	0.605	0.304	0.201	3.926	-337418.571
7	16	10000	9971	0.5147	0.319	0.284	0.296	0.303	0.308	0.304	0.290	0.298	0.289	0.298	0.298	0.292	0.303	0.292	0.299	0.282	0.308	0.289	0.295	0.308	0.312	0.302	0.298	0.291	0.308	0.289	0.300	0.301	0.284	0.304	2.006	0.608	0.294	0.204	3.784	-335743.809
8	16	10000	9973	0.5129	0.446	0.296	0.299	0.305	0.292	0.288	0.302	0.297	0.296	0.294	0.307	0.298	0.289	0.303	0.292	0.168	0.296	0.303	0.304	0.299	0.307	0.297	0.285	0.299	0.296	0.293	0.299	0.300	0.303	0.298	2.015	0.619	0.308	0.201	4.658	-334845.197
9	16	10000	9965	0.5160	0.324	0.309	0.294	0.299	0.307	0.294	0.306	0.298	0.301	0.308	0.302	0.296	0.302	0.305	0.290	0.309	0.313	0.292	0.301	0.294	0.300	0.290	0.295	0.289	0.288	0.298	0.312	0.307	0.313	0.304	2.024	0.597	0.299	0.204	3.986	-337405.719
10	16	10000	9968	0.5153	0.291	0.302	0.314	0.290	0.295	0.302	0.292	0.288	0.285	0.311	0.285	0.307	0.298	0.300	0.297	0.290	0.305	0.303	0.292	0.301	0.301	0.296	0.301	0.295	0.301	0.296	0.303	0.314	0.299	0.302	1.995	0.608	0.297	0.200	4.187	-335809.793
111	16	10000	9961	0.5172	0.312	0.298	0.293	0.297	0.296	0.296	0.306	0.309	0.286	0.306	0.307	0.302	0.297	0.300	0.282	0.293	0.304	0.299	0.281	0.305	0.294	0.291	0.307	0.288	0.303	0.311	0.307	0.295	0.299	0.308	1.979	0.611	0.302	0.202	4.212	-336428.449
2	16	10000	9980	0.5148	0.277	0.304	0.302	0.294	0.299	0.293	0.291	0.294	0.306	0.295	0.305	0.302	0.287	0.298	0.298	0.301	0.294	0.287	0.303	0.294	0.297	0.308	0.308	0.318	0.287	0.294	0.293	0.284	0.311	0.299	2.001	0.609	0.298	0.206	4.210	-335832.988
3	16	10000	9969	0.5142	0.332	0.302	0.293	0.302	0.308	0.298	0.290	0.304	0.306	0.299	0.292	0.311	0.294	0.308	0.312	0.277	0.292	0.295	0.296	0.296	0.307	0.302	0.294	0.319	0.300	0.311	0.301	0.278	0.309	0.295	2.011	0.591	0.297	0.200	3.825	-336929.580
4	16	10000	9966	0.5133	0.265	0.310	0.292	0.305	0.295	0.301	0.309	0.303	0.295	0.301	0.301	0.309	0.301	0.300	0.299	0.327	0.282	0.298	0.294	0.312	0.299	0.293	0.293	0.305	0.304	0.303	0.306	0.309	0.290	0.304	1.976	0.605	0.302	0.201	4.439	-336824.582
5	16	10000	9970	0.5127	0.315	0.291	0.288	0.296	0.291	0.304	0.305	0.307	0.312	0.310	0.295	0.299	0.310	0.298	0.307	0.256	0.306	0.295	0.303	0.293	0.313	0.301	0.300	0.296	0.297	0.304	0.313	0.307	0.296	0.302	2.015	0.587	0.308	0.200	3.454	-337341.306
6	16	10000	9978	0.5139	0.296	0.305	0.290	0.305	0.307	0.304	0.294	0.291	0.286	0.318	0.305	0.305	0.299	0.304	0.295	0.289	0.300	0.310	0.306	0.288	0.294	0.298	0.317	0.305	0.293	0.292	0.289	0.297	0.311	0.298	1.982	0.603	0.295	0.197	3.549	-335638.443
7	16	10000	9968	0.5095	0.309	0.292	0.308	0.301	0.301	0.295	0.294	0.309	0.299	0.304	0.306	0.293	0.286	0.284	0.306	0.263	0.300	0.301	0.306	0.300	0.306	0.300	0.296	0.291	0.299	0.297	0.302	0.300	0.299	0.299	1.976	0.591	0.298	0.197	3.476	-335401.295
8	16	10000	9963	0.5118	0.292	0.291	0.301	0.294	0.297	0.304	0.299	0.302	0.301	0.297	0.301	0.295	0.295	0.287	0.301	0.320	0.295	0.299	0.310	0.287	0.308	0.303	0.288	0.299	0.306	0.297	0.294	0.289	0.300	0.304	2.006	0.598	0.301	0.197	4.451	-334469.859
9	16	10000	9969	0.5123	0.285	0.312	0.294	0.295	0.299	0.300	0.294	0.294	0.303	0.301	0.307	0.304	0.292	0.296	0.301	0.316	0.312	0.296	0.296	0.290	0.302	0.288	0.308	0.298	0.296	0.296	0.298	0.299	0.303	0.302	2.035	0.614	0.305	0.201	4.736	-335512.195
10	16	10000	9962	0.5139	0.304	0.292	0.292	0.308	0.300	0.295	0.300	0.303	0.292	0.306	0.301	0.295	0.295	0.308	0.300	0.311	0.305	0.317	0.303	0.288	0.305	0.305	0.292	0.286	0.297	0.310	0.296	0.314	0.298	0.293	1.975	0.609	0.296	0.200	4.634	-336637.377
111	16	10000	9977	0.5104	0.306	0.304	0.292	0.289	0.307	0.301	0.298	0.294	0.277	0.311	0.296	0.301	0.285	0.296	0.299	0.308	0.313	0.296	0.281	0.306	0.295	0.307	0.305	0.282	0.313	0.287	0.299	0.303	0.299	0.299	1.998	0.614	0.296	0.200	4.114	-335262.454
2	16	10000	9965	0.5140	0.284	0.304	0.304	0.298	0.294	0.298	0.299	0.310	0.306	0.298	0.295	0.309	0.305	0.296	0.303	0.294	0.300	0.306	0.303	0.306	0.300	0.301	0.300	0.305	0.312	0.322	0.302	0.285	0.300	0.302	2.012	0.581	0.300	0.200	3.698	-337665.486
3	16	10000	9968	0.5123	0.303	0.301	0.295	0.301	0.300	0.293	0.302	0.304	0.295	0.289	0.305	0.296	0.311	0.304	0.293	0.318	0.297	0.307	0.310	0.294	0.303	0.303	0.300	0.300	0.296	0.301	0.305	0.308	0.285	0.303	1.989	0.619	0.314	0.203	5.053	-337017.723
4	16	10000	9976	0.5133	0.330	0.292	0.294	0.298	0.293	0.287	0.303	0.300	0.289	0.305	0.310	0.300	0.297	0.303	0.296	0.272	0.311	0.278	0.306	0.289	0.296	0.303	0.306	0.291	0.291	0.286	0.306	0.288	0.307	0.311	1.984	0.608	0.299	0.203	3.674	-335814.359
5	16	10000	9971	0.5156	0.274	0.297	0.303	0.301	0.295	0.293	0.298	0.301	0.302	0.306	0.290	0.300	0.310	0.313	0.307	0.345	0.302	0.285	0.313	0.302	0.298	0.319	0.290	0.315	0.306	0.298	0.313	0.317	0.302	0.303	1.997	0.606	0.307	0.198	4.415	-338100.832
6	16	10000	9980	0.5164	0.297	0.311	0.296	0.308	0.308	0.295	0.296	0.297	0.315	0.286	0.284	0.300	0.284	0.289	0.293	0.316	0.314	0.306	0.296	0.288	0.300	0.306	0.303	0.294	0.284	0.292	0.314	0.300	0.296	0.295	1.976	0.611	0.296	0.201	4.295	-335746.513
7	16	10000	9976	0.5132	0.297	0.283	0.296	0.312	0.299	0.322	0.309	0.295	0.313	0.306	0.302	0.298	0.292	0.297	0.297	0.292	0.310	0.307	0.295	0.300	0.297	0.300	0.297	0.300	0.295	0.318	0.295	0.320	0.306	0.299	2.002	0.602	0.300	0.199	3.601	-337625.635
8	16	10000	9976	0.5142	0.317	0.307	0.281	0.311	0.306	0.312	0.292	0.280	0.286	0.308	0.306	0.293	0.295	0.294	0.295	0.287	0.304	0.311	0.300	0.291	0.303	0.271	0.313	0.303	0.304	0.295	0.311	0.294	0.293	0.296	2.019	0.600	0.289	0.198	3.734	-334718.368
9	16	10000	9973	0.5130	0.348	0.295	0.309	0.302	0.305	0.306	0.295	0.297	0.288	0.298	0.310	0.298	0.296	0.295	0.307	0.247	0.315	0.302	0.312	0.321	0.319	0.305	0.295	0.299	0.314	0.298	0.296	0.308	0.299	0.295	2.017	0.593	0.298	0.196	3.593	-337277.938
10	16	10000	9976	0.5170	0.305	0.302	0.306	0.300	0.304	0.303	0.299	0.296	0.305	0.304	0.305	0.287	0.309	0.302	0.303	0.312	0.297	0.306	0.309	0.301	0.311	0.314	0.304	0.296	0.291	0.309	0.299	0.317	0.304	0.307	1.982	0.593	0.302	0.202	4.036	-339138.820
111	16	10000	9970	0.5126	0.309	0.300	0.285	0.301	0.289	0.311	0.308	0.292	0.308	0.293	0.303	0.301	0.275	0.308	0.308	0.303	0.299	0.303	0.292	0.273	0.300	0.294	0.301	0.308	0.287	0.299	0.293	0.299	0.306	0.299	1.985	0.609	0.297	0.198	4.477	-335001.537
2	16	10000	9969	0.5142	0.334	0.290	0.298	0.305	0.300	0.279	0.306	0.299	0.304	0.289	0.294	0.295	0.313	0.292	0.309	0.272	0.294	0.301	0.301	0.301	0.285	0.301	0.308	0.297	0.305	0.305	0.297	0.313	0.315	0.302	1.995	0.592	0.310	0.201	4.221	-336728.817
3	16	10000	9970	0.5110	0.287	0.299	0.307	0.298	0.290	0.291	0.305	0.296	0.305	0.295	0.293	0.294	0.293	0.295	0.316	0.321	0.307	0.291	0.300	0.299	0.295	0.289	0.291	0.295	0.302	0.296	0.302	0.309	0.288	0.306	1.989	0.615	0.299	0.200	4.344	-335066.848
4	16	10000	9963	0.5151	0.313	0.302	0.300	0.296	0.307	0.297	0.295	0.294	0.296	0.287	0.310	0.307	0.307	0.306	0.288	0.292	0.300	0.296	0.302	0.304	0.300	0.302	0.300	0.281	0.300	0.303	0.291	0.306	0.298	0.299	2.008	0.601	0.298	0.200	4.737	-336243.966
5	16	10000	9968	0.5091	0.298	0.299	0.317	0.294	0.304	0.303	0.300	0.295	0.309	0.301	0.306	0.305	0.308	0.304	0.292	0.334	0.288	0.301	0.303	0.307	0.297	0.302	0.307	0.308	0.300	0.305	0.294	0.307	0.312	0.297	1.999	0.597	0.302	0.201	4.144	-337817.389
6	16	10000	9964	0.5157	0.298	0.292	0.301	0.302	0.302	0.299	0.302	0.301	0.302	0.319	0.300	0.299	0.317	0.309	0.300	0.317	0.293	0.302	0.313	0.295	0.290	0.279	0.303	0.308	0.302	0.299	0.302	0.312	0.306	0.306	2.003	0.603	0.312	0.204	4.275	-338702.827
7	16	10000	9966	0.5136	0.314	0.300	0.291	0.298	0.302	0.301	0.294	0.313	0.306	0.306	0.307	0.298	0.300	0.290	0.288	0.269	0.310	0.308	0.293	0.309	0.284	0.293	0.309	0.296	0.296	0.326	0.299	0.309	0.304	0.294	1.978	0.591	0.299	0.199	3.836	-337183.456
8	16	10000	9968	0.5145	0.309	0.298	0.294	0.300	0.292	0.304	0.305	0.292	0.302	0.294	0.299	0.313	0.300	0.294	0.301	0.299	0.292	0.305	0.304	0.298	0.304	0.306	0.292	0.318	0.293	0.302	0.310	0.299	0.290	0.294	2.018	0.601	0.297	0.199	3.273	-335986.776
9	16	10000	9957	0.5168	0.304	0.298	0.315	0.289	0.302	0.302	0.295	0.284	0.309	0.311	0.307	0.296	0.317	0.295	0.291	0.285	0.283	0.292	0.298	0.304	0.313	0.294	0.309	0.306	0.303	0.297	0.296	0.296	0.293	0.298	2.018	0.606	0.287	0.202	3.377	-335802.389
10	16	10000	9972	0.5171	0.273	0.288	0.304	0.309	0.296	0.299	0.300	0.296	0.299	0.309	0.300	0.296	0.306	0.289	0.289	0.337	0.312	0.300	0.303	0.291	0.303	0.306	0.297	0.301	0.298	0.305	0.318	0.298	0.299	0.313	2.015	0.616	0.301	0.202	4.333	-336646.064
111	16	10000	9967	0.5110	0.309	0.306	0.322	0.294	0.299	0.297	0.294	0.305	0.296	0.297	0.297	0.314	0.294	0.304	0.287	0.307	0.278	0.291	0.309	0.294	0.306	0.310	0.298	0.319	0.297	0.282	0.294	0.277	0.307	0.304	2.010	0.612	0.308	0.202	4.545	-335832.770
2	16	10000	9961	0.5114	0.322	0.290	0.308	0.302	0.291	0.297	0.285	0.292	0.305	0.309	0.298	0.299	0.289	0.299	0.301	0.265	0.302	0.305	0.296	0.295	0.307	0.302	0.306	0.314	0.301	0.293	0.309	0.295	0.298	0.292	1.986	0.608	0.303	0.200	3.998	-335854.852
3	16	10000	9967	0.5150	0.344	0.311	0.307	0.295	0.296	0.314	0.295	0.288	0.294	0.310	0.312	0.286	0.313	0.299	0.297	0.296	0.302	0.302	0.312	0.309	0.303	0.312	0.298	0.306	0.310	0.304	0.286	0.298	0.299	0.299	2.006	0.611	0.308	0.197	4.880	-336895.176
4	16	10000	9970	0.5133	0.304	0.287	0.301	0.296	0.313	0.280	0.308	0.289	0.312	0.293	0.296	0.299	0.304	0.294	0.294	0.285	0.281	0.298	0.296	0.308	0.294	0.304	0.302	0.296	0.292	0.292	0.301	0.304	0.289	0.298	2.003	0.610	0.296	0.199	3.597	-334706.636
5	16	10000	9963	0.5164	0.261	0.292	0.301	0.297	0.300	0.306	0.289	0.296	0.288	0.295	0.290	0.294	0.279	0.288	0.293	0.319	0.287	0.315	0.303	0.301	0.286	0.300	0.299	0.292	0.294	0.295	0.294	0.293	0.304	0.295	1.981	0.603	0.283	0.197	3.101	-333067.265
6	16	10000	9968	0.5122	0.304	0.293	0.305	0.312	0.297	0.301	0.300	0.309	0.320	0.296	0.307	0.307	0.289	0.307	0.302	0.287	0.292	0.290	0.310	0.307	0.306	0.311	0.313	0.296	0.309	0.300	0.294	0.310	0.304	0.312	1.999	0.583	0.301	0.198	3.665	-338509.342
7	16	10000	9967	0.5142	0.326	0.305	0.303	0.298	0.298	0.305	0.306	0.295	0.301	0.306	0.303	0.303	0.297	0.297	0.312	0.291	0.303	0.299	0.300	0.296	0.308	0.300	0.296	0.300	0.306	0.308	0.319	0.303	0.298	0.305	1.980	0.600	0.307	0.202	3.872	-338885.151
8	16	10000	9972	0.5118	0.258	0.323	0.306	0.296	0.295	0.298	0.295	0.316	0.294	0.303	0.300	0.294	0.299	0.304	0.292	0.339	0.306	0.302	0.296	0.300	0.296	0.294	0.307	0.289	0.301	0.294	0.291	0.317	0.295	0.302	2.010	0.600	0.297	0.197	4.855	-336181.859
9	16	10000	9966	0.5140	0.318	0.267	0.304	0.315	0.305	0.288	0.298	0.290	0.301	0.300	0.305	0.310	0.295	0.288	0.312	0.243	0.311	0.302	0.310	0.278	0.307	0.308	0.292	0.292	0.293	0.306	0.315	0.298	0.308	0.308	1.987	0.583	0.297	0.200	3.343	-336367.652
10	16	10000	9971	0.5156	0.301	0.312	0.307	0.300	0.295	0.305	0.291	0.310	0.310	0.302	0.309	0.318	0.303	0.295	0.304	0.321	0.303	0.307	0.299	0.304	0.308	0.305	0.310	0.301	0.293	0.301	0.307	0.291	0.290	0.306	1.987	0.605	0.309	0.200	4.671	-338243.474
111	16	10000	9961	0.5138	0.297	0.317	0.291	0.303	0.297	0.300	0.303	0.301	0.304	0.302	0.302	0.303	0.301	0.293	0.294	0.296	0.299	0.296	0.308	0.303	0.285	0.305	0.295	0.289	0.301	0.295	0.301	0.299	0.305	0.307	1.970	0.591	0.298	0.194	3.648	-336145.452
2	16	10000	9971	0.5125	0.312	0.302	0.305	0.296	0.300	0.300	0.308	0.303	0.303	0.297	0.294	0.307	0.295	0.303	0.303	0.299	0.300	0.304	0.301	0.294	0.310	0.300	0.312	0.309	0.295	0.299	0.301	0.305	0.296	0.297	1.995	0.589	0.296	0.197	3.949	-336994.616
3	16	10000	9961	0.5146	0.321	0.302	0.303	0.306	0.299	0.295	0.308	0.306	0.292	0.290	0.300	0.290	0.302	0.292	0.301	0.260	0.319	0.291	0.299	0.298	0.309	0.297	0.306	0.310	0.302	0.295	0.303	0.291	0.293	0.313	2.004	0.593	0.303	0.198	3.444	-336331.551
4	16	10000	9972	0.5114	0.304	0.309	0.292	0.312	0.302	0.299	0.290	0.303	0.315	0.305	0.300	0.304	0.300	0.301	0.291	0.306	0.304	0.302	0.308	0.291	0.296	0.303	0.302	0.294	0.299	0.304	0.304	0.288	0.313	0.301	2.001	0.598	0.309	0.199	4.243	-337449.337
5	16	10000	9959	0.5121	0.293	0.298	0.302	0.292	0.304	0.295	0.297	0.294	0.293	0.306	0.290	0.305	0.298	0.284	0.303	0.316	0.295	0.309	0.295	0.293	0.296	0.301	0.303	0.293	0.285	0.299	0.293	0.302	0.306	0.291	2.023	0.598	0.293	0.199	3.634	-334971.485
6	16	10000	9965	0.5103	0.323	0.295	0.293	0.300	0.296	0.291	0.292	0.290	0.285	0.308	0.297	0.287	0.289	0.290	0.299	0.304	0.294	0.292	0.300	0.297	0.294	0.299	0.294	0.297	0.291	0.295	0.293	0.292	0.304	0.304	2.006	0.616	0.293	0.201	4.893	-332957.925
7	16	10000	9968	0.5149	0.313	0.303	0.298	0.295	0.301	0.300	0.304	0.304	0.313	0.317	0.304	0.307	0.284	0.299	0.298	0.311	0.303	0.304	0.307	0.304	0.303	0.291	0.305	0.307	0.307	0.311	0.292	0.295	0.298	0.310	2.000	0.594	0.308	0.198	4.270	-337929.259
8	16	10000	9976	0.5148	0.278	0.299	0.287	0.302	0.302	0.311	0.303	0.306	0.300	0.303	0.291	0.306	0.290	0.303	0.311	0.326	0.293	0.299	0.297	0.302	0.295	0.294	0.297	0.304	0.320	0.296	0.291	0.282	0.303	0.294	1.992	0.609	0.309	0.198	4.345	-335845.136
9	16	10000	9974	0.5129	0.324	0.297	0.309	0.288	0.308	0.300	0.304	0.290	0.311	0.299	0.318	0.285	0.305	0.312	0.300	0.282	0.312	0.310	0.299	0.305	0.292	0.283	0.318	0.304	0.289	0.295	0.296	0.297	0.294	0.295	1.980	0.606	0.292	0.199	4.264	-336205.649
10	16	10000	9969	0.5137	0.341	0.298	0.297	0.296	0.309	0.294	0.288	0.286	0.288	0.288	0.292	0.299	0.290	0.307	0.295	0.246	0.296	0.307	0.307	0.299	0.289	0.306	0.303	0.314	0.287	0.305	0.296	0.308	0.290	0.299	1.974	0.590	0.288	0.200	3.702	-335596.982
111	16	10000	9973	0.5146	0.276	0.315	0.300	0.295	0.311	0.298	0.306	0.296	0.285	0.304	0.295	0.302	0.298	0.300	0.315	0.332	0.289	0.299	0.307	0.297	0.298	0.307	0.297	0.316	0.296	0.314	0.302	0.305	0.311	0.290	2.035	0.596	0.304	0.200	4.091	-337488.180
2	16	10000	9976	0.5136	0.309	0.302	0.297	0.289	0.296	0.292	0.302	0.304	0.294	0.293	0.298	0.297	0.298	0.301	0.303	0.305	0.304	0.303	0.301	0.290	0.301	0.302	0.289	0.299	0.304	0.300	0.293	0.293	0.287	0.312	2.021	0.614	0.294	0.203	5.266	-335194.629
3	16	10000	9973	0.5104	0.265	0.308	0.312	0.299	0.299	0.299	0.302	0.299	0.314	0.315	0.293	0.304	0.300	0.299	0.314	0.339	0.290	0.315	0.302	0.299	0.311	0.306	0.311	0.314	0.298	0.292	0.312	0.310	0.302	0.312	2.015	0.597	0.307	0.200	3.653	-339273.650
4	16	10000	9976	0.5115	0.306	0.304	0.299	0.303	0.302	0.305	0.308	0.296	0.293	0.301	0.289	0.315	0.298	0.302	0.294	0.306	0.305	0.306	0.297	0.306	0.297	0.309	0.303	0.291	0.299	0.301	0.306	0.289	0.294	0.291	2.003	0.603	0.299	0.200	4.362	-336503.343
5	16	10000	9981	0.5146	0.298	0.299	0.295	0.297	0.287	0.313	0.301	0.295	0.299	0.302	0.298	0.295	0.299	0.283	0.308	0.300	0.285	0.310	0.298	0.293	0.298	0.295	0.289	0.303	0.303	0.298	0.302	0.295	0.300	0.295	2.015	0.603	0.297	0.201	3.928	-335103.187
6	16	10000	9976	0.5164	0.298	0.295	0.299	0.301	0.308	0.294	0.307	0.312	0.320	0.307	0.293	0.306	0.305	0.293	0.311	0.337	0.283	0.314	0.295	0.303	0.300	0.297	0.311	0.322	0.303	0.291	0.313	0.308	0.293	0.311	1.987	0.599	0.313	0.200	4.367	-339103.215
7	16	10000	9967	0.5150	0.310	0.296	0.299	0.301	0.296	0.305	0.312	0.302	0.306	0.295	0.300	0.308	0.310	0.292	0.297	0.287	0.292	0.296	0.307	0.303	0.300	0.293	0.296	0.302	0.313	0.309	0.297	0.300	0.302	0.313	1.980	0.604	0.303	0.201	4.222	-337245.142
8	16	10000	9978	0.5153	0.284	0.313	0.305	0.290	0.306	0.289	0.300	0.294	0.286	0.292	0.305	0.314	0.301	0.298	0.302	0.289	0.310	0.286	0.295	0.299	0.287	0.300	0.305	0.299	0.305	0.291	0.293	0.302	0.298	0.290	1.975	0.576	0.290	0.200	3.779	-336531.772
9	16	10000	9968	0.5116	0.294	0.292	0.296	0.300	0.299	0.295	0.294	0.304	0.295	0.301	0.303	0.297	0.309	0.302	0.303	0.300	0.295	0.317	0.297	0.294	0.287	0.291	0.305	0.305	0.290	0.301	0.301	0.292	0.311	0.309	2.018	0.614	0.302	0.200	4.401	-335730.291
10	16	10000	9968	0.5148	0.325	0.298	0.301	0.298	0.305	0.303	0.302	0.301	0.298	0.298	0.290	0.289	0.283	0.297	0.289	0.279	0.295	0.295	0.306	0.296	0.301	0.293	0.299	0.290	0.306	0.301	0.294	0.296	0.281	0.296	2.000	0.613	0.296	0.198	4.222	-334288.576
111	16	10000	9970	0.5175	0.315	0.292	0.312	0.306	0.306	0.301	0.290	0.304	0.317	0.302	0.287	0.299	0.299	0.307	0.301	0.286	0.287	0.295	0.303	0.304	0.298	0.305	0.313	0.296	0.291	0.320	0.299	0.315	0.301	0.304	2.016	0.567	0.295	0.202	3.410	-338789.867
2	16	10000	9971	0.5096	0.315	0.306	0.289	0.298	0.304	0.294	0.310	0.308	0.286	0.298	0.303	0.314	0.306	0.316	0.305	0.293	0.311	0.309	0.293	0.303	0.300	0.298	0.295	0.308	0.294	0.289	0.314	0.314	0.300	0.299	1.996	0.589	0.306	0.199	3.987	-338120.503
3	16	10000	9964	0.5150	0.299	0.297	0.291	0.301	0.294	0.304	0.309	0.307	0.300	0.296	0.299	0.302	0.307	0.291	0.311	0.313	0.286	0.300	0.303	0.296	0.311	0.292	0.304	0.309	0.303	0.307	0.310	0.295	0.303	0.292	2.001	0.594	0.304	0.204	4.917	-337965.289
4	16	10000	9968	0.5174	0.297	0.295	0.297	0.293	0.293	0.297	0.297	0.299	0.299	0.303	0.298	0.297	0.299	0.310	0.282	0.314	0.290	0.309	0.295	0.293	0.307	0.299	0.310	0.286	0.299	0.310	0.295	0.289	0.299	0.293	2.016	0.595	0.302	0.201	3.907	-335929.979
5	16	10000	9972	0.5135	0.296	0.295	0.299	0.310	0.307	0.312	0.296	0.300	0.317	0.297	0.304	0.307	0.298	0.292	0.303	0.338	0.291	0.305	0.309	0.296	0.296	0.300	0.306	0.305	0.314	0.293	0.305	0.293	0.303	0.303	2.016	0.586	0.314	0.196	4.192	-337684.735
6	16	10000	9978	0.5119	0.289	0.297	0.298	0.298	0.300	0.296	0.292	0.303	0.303	0.305	0.297	0.289	0.290	0.295	0.298	0.301	0.281	0.311	0.292	0.292	0.304	0.305	0.299	0.298	0.309	0.288	0.294	0.300	0.293	0.303	1.987	0.613	0.297	0.204	4.893	-335094.860
7	16	10000	9980	0.5156	0.328	0.299	0.304	0.309	0.302	0.295	0.308	0.290	0.281	0.312	0.285	0.300	0.314	0.297	0.293	0.278	0.295	0.302	0.296	0.300	0.293	0.298	0.283	0.304	0.308	0.299	0.309	0.314	0.290	0.304	2.011	0.591	0.296	0.199	3.292	-335779.949
8	16	10000	9975	0.5141	0.316	0.291	0.308	0.302	0.298	0.305	0.305	0.294	0.311	0.306	0.302	0.287	0.311	0.293	0.296	0.272	0.305	0.307	0.296	0.299	0.289	0.297	0.315	0.308	0.299	0.301	0.300	0.291	0.305	0.295	1.981	0.591	0.297	0.197	3.685	-336480.699
9	16	10000	9964	0.5139	0.294	0.313	0.287	0.293	0.308	0.301	0.309	0.292	0.306	0.303	0.299	0.301	0.315	0.302	0.296	0.317	0.297	0.292	0.306	0.292	0.308	0.303	0.290	0.296	0.303	0.303	0.298	0.292	0.302	0.299	1.985	0.589	0.305	0.198	4.532	-336735.513
10	16	10000	9960	0.5159	0.296	0.291	0.304	0.295	0.306	0.292	0.293	0.312	0.288	0.299	0.298	0.305	0.291	0.306	0.302	0.283	0.287	0.307	0.303	0.304	0.293	0.291	0.293	0.308	0.294	0.302	0.296	0.295	0.304	0.295	1.994	0.595	0.297	0.197	3.543	-335963.149
111	16	10000	9962	0.5163	0.281	0.296	0.300	0.299	0.296	0.299	0.298	0.296	0.302	0.297	0.305	0.305	0.302	0.300	0.307	0.310	0.279	0.303	0.296	0.292	0.300	0.302	0.287	0.298	0.307	0.303	0.299	0.310	0.296	0.300	1.966	0.589	0.293	0.198	3.636	-336360.682
2	16	10000	9973	0.5118	0.308	0.303	0.310	0.293	0.311	0.310	0.292	0.297	0.291	0.285	0.295	0.312	0.303	0.301	0.305	0.291	0.302	0.295	0.292	0.312	0.301	0.307	0.306	0.312	0.299	0.299	0.286	0.311	0.294	0.309	1.984	0.601	0.304	0.201	3.901	-337563.477
3	16	10000	9971	0.5100	0.340	0.329	0.305	0.293	0.313	0.305	0.303	0.294	0.300	0.296	0.306	0.292	0.309	0.296	0.316	0.294	0.295	0.318	0.304	0.296	0.300	0.296	0.306	0.294	0.304	0.311	0.306	0.310	0.289	0.301	1.999	0.598	0.316	0.199	4.868	-338292.688
4	16	10000	9974	0.5127	0.302	0.295	0.299	0.308	0.305	0.284	0.304	0.300	0.325	0.301	0.308	0.305	0.296	0.296	0.303	0.310	0.273	0.301	0.299	0.315	0.318	0.306	0.303	0.298	0.307	0.301	0.304	0.302	0.307	0.290	2.012	0.606	0.309	0.200	4.039	-337808.789
5	16	10000	9959	0.5152	0.319	0.302	0.307	0.298	0.302	0.287	0.301	0.291	0.312	0.308	0.311	0.305	0.303	0.299	0.301	0.284	0.303	0.308	0.304	0.302	0.286	0.303	0.288	0.302	0.285	0.304	0.294	0.309	0.294	0.287	1.983	0.611	0.292	0.203	4.374	-336228.533
6	16	10000	9974	0.5152	0.289	0.305	0.298	0.293	0.316	0.296	0.305	0.298	0.297	0.289	0.301	0.311	0.300	0.303	0.312	0.322	0.314	0.293	0.304	0.311	0.297	0.301	0.291	0.296	0.334	0.294	0.308	0.308	0.305	0.322	2.010	0.597	0.305	0.198	4.467	-338314.867
7	16	10000	9964	0.5170	0.314	0.283	0.290	0.290	0.299	0.294	0.297	0.300	0.296	0.298	0.309	0.297	0.294	0.295	0.302	0.292	0.293	0.315	0.293	0.310	0.301	0.294	0.310	0.296	0.306	0.294	0.290	0.289	0.300	0.294	1.986	0.602	0.300	0.199	4.002	-335417.099
8	16	10000	9962	0.5121	0.330	0.296	0.299	0.298	0.308	0.305	0.310	0.307	0.299	0.317	0.309	0.306	0.303	0.306	0.302	0.278	0.302	0.302	0.306	0.298	0.302	0.306	0.307	0.316	0.301	0.303	0.308	0.308	0.301	0.300	1.982	0.594	0.311	0.196	4.415	-338773.228
9	16	10000	9972	0.5141	0.298	0.278	0.298	0.304	0.296	0.300	0.298	0.296	0.321	0.306	0.301	0.302	0.296	0.301	0.295	0.286	0.297	0.300	0.308	0.290	0.308	0.305	0.301	0.315	0.307	0.291	0.303	0.295	0.300	0.295	2.005	0.597	0.304	0.200	4.135	-336953.323
10	16	10000	9976	0.5139	0.306	0.296	0.298	0.292	0.297	0.294	0.298	0.294	0.298	0.304	0.297	0.305	0.298	0.297	0.307	0.297	0.303	0.296	0.293	0.293	0.301	0.305	0.281	0.288	0.292	0.309	0.291	0.296	0.306	0.303	1.992	0.597	0.300	0.199	4.273	-335139.661
111	16	10000	9969	0.5148	0.286	0.280	0.292	0.297	0.307	0.297	0.306	0.302	0.314	0.308	0.296	0.297	0.307	0.306	0.296	0.338	0.300	0.311	0.287	0.297	0.306	0.301	0.307	0.295	0.304	0.303	0.305	0.294	0.295	0.296	1.998	0.619	0.303	0.202	4.569	-336674.378
2	16	10000	9975	0.5137	0.287	0.295	0.286	0.295	0.303	0.305	0.304	0.301	0.302	0.315	0.302	0.312	0.295	0.303	0.302	0.314	0.295	0.299	0.298	0.318	0.302	0.304	0.286	0.307	0.293	0.298	0.299	0.300	0.304	0.307	1.987	0.602	0.311	0.201	4.565	-338073.514
3	16	10000	9972	0.5107	0.307	0.301	0.291	0.297	0.304	0.290	0.298	0.297	0.325	0.298	0.299	0.294	0.302	0.297	0.312	0.319	0.289	0.318	0.294	0.299	0.289	0.302	0.301	0.303	0.293	0.300	0.292	0.295	0.290	0.305	2.006	0.604	0.295	0.200	4.549	-335686.687
4	16	10000	9975	0.5145	0.306	0.296	0.291	0.298	0.308	0.295	0.301	0.302	0.303	0.302	0.291	0.311	0.297	0.310	0.302	0.328	0.283	0.311	0.310	0.297	0.301	0.307	0.302	0.308	0.284	0.293	0.312	0.303	0.300	0.297	1.948	0.609	0.309	0.204	4.975	-338091.062
5	16	10000	9970	0.5144	0.276	0.309	0.290	0.291	0.302	0.303	0.299	0.295	0.317	0.282	0.310	0.306	0.307	0.297	0.298	0.302	0.301	0.292	0.302	0.304	0.292	0.294	0.297	0.301	0.287	0.307	0.286	0.299	0.294	0.307	1.989	0.595	0.299	0.199	4.320	-335723.816
6	16	10000	9967	0.5159	0.304	0.294	0.303	0.305	0.310	0.294	0.306	0.304	0.303	0.307	0.301	0.309	0.324	0.308	0.294	0.333	0.289	0.302	0.293	0.310	0.313	0.315	0.300	0.301	0.301	0.302	0.302	0.302	0.300	0.303	2.013	0.596	0.308	0.197	3.967	-338829.814
7	16	10000	9975	0.5140	0.263	0.306	0.297	0.294	0.294	0.315	0.308	0.298	0.297	0.303	0.300	0.292	0.311	0.292	0.297	0.329	0.302	0.318	0.297	0.301	0.298	0.309	0.291	0.288	0.309	0.294	0.302	0.288	0.305	0.304	1.992	0.611	0.297	0.198	3.587	-336417.476
8	16	10000	9968	0.5127	0.312	0.306	0.308	0.291	0.304	0.304	0.285	0.296	0.300	0.306	0.319	0.296	0.310	0.299	0.311	0.282	0.309	0.307	0.299	0.301	0.305	0.297	0.303	0.297	0.293	0.297	0.308	0.313	0.298	0.308	1.995	0.595	0.291	0.197	3.960	-337019.260
9	16	10000	9969	0.5084	0.335	0.305	0.303	0.300	0.310	0.297	0.307	0.297	0.295	0.303	0.285	0.317	0.300	0.309	0.300	0.260	0.311	0.300	0.296	0.288	0.304	0.294	0.301	0.300	0.303	0.298	0.296	0.304	0.294	0.306	2.005	0.592	0.306	0.196	3.881	-336325.563
10	16	10000	9971	0.5136	0.335	0.298	0.296	0.319	0.300	0.307	0.301	0.290	0.326	0.300	0.298	0.297	0.302	0.301	0.294	0.260	0.315	0.310	0.297	0.284	0.294	0.296	0.304	0.299	0.307	0.293	0.294	0.307	0.296	0.304	1.993	0.594	0.302	0.199	4.225	-336537.433
111	16	10000	9970	0.5126	0.280	0.320	0.298	0.307	0.303	0.293	0.314	0.302	0.294	0.294	0.299	0.295	0.300	0.298	0.294	0.334	0.304	0.305	0.302	0.297	0.297	0.294	0.298	0.311	0.302	0.301	0.293	0.299	0.294	0.294	2.000	0.598	0.307	0.203	4.513	-337239.514
2	16	10000	9971	0.5170	0.301	0.302	0.297	0.313	0.304	0.301	0.296	0.313	0.300	0.317	0.314	0.299	0.288	0.307	0.295	0.321	0.305	0.308	0.292	0.305	0.309	0.294	0.306	0.298	0.295	0.301	0.301	0.296	0.292	0.302	2.003	0.595	0.301	0.200	4.477	-337717.607
3	16	10000	9969	0.5128	0.308	0.302	0.300	0.290	0.294	0.295	0.294	0.294	0.300	0.294	0.291	0.286	0.284	0.293	0.302	0.302	0.301	0.306	0.294	0.304	0.288	0.299	0.289	0.306	0.286	0.293	0.298	0.306	0.301	0.300	2.002	0.613	0.295	0.200	4.558	-333739.656
4	16	10000	9977	0.5142	0.326	0.301	0.289	0.298	0.300	0.295	0.306	0.298	0.300	0.285	0.305	0.303	0.297	0.294	0.303	0.285	0.301	0.302	0.295	0.280	0.304	0.303	0.296	0.288	0.308	0.307	0.301	0.294	0.297	0.305	2.023	0.611	0.302	0.199	3.967	-335615.628
5	16	10000	9969	0.5141	0.321	0.314	0.301	0.299	0.291	0.301	0.304	0.304	0.286	0.300	0.305	0.296	0.295	0.305	0.299	0.285	0.302	0.299	0.310	0.302	0.304	0.293	0.316	0.299	0.308	0.306	0.303	0.303	0.298	0.293	1.992	0.598	0.300	0.201	4.082	-337541.351
6	16	10000	9962	0.5147	0.322	0.314	0.290	0.297	0.289	0.295	0.301	0.300	0.276	0.306	0.302	0.298	0.300	0.308	0.295	0.253	0.291	0.294	0.295	0.296	0.278	0.301	0.294	0.298	0.304	0.306	0.287	0.305	0.315	0.309	2.002	0.597	0.301	0.200	3.715	-335822.313
7	16	10000	9971	0.5099	0.269	0.293	0.291	0.305	0.301	0.300	0.303	0.297	0.305	0.298	0.304	0.298	0.277	0.298	0.293	0.300	0.308	0.306	0.302	0.295	0.289	0.308	0.287	0.285	0.292	0.283	0.302	0.302	0.289	0.306	1.976	0.583	0.300	0.203	3.469	-335465.116
8	16	10000	9977	0.5135	0.318	0.308	0.303	0.305	0.319	0.295	0.312	0.296	0.280	0.312	0.305	0.307	0.313	0.299	0.308	0.274	0.295	0.299	0.299	0.305	0.298	0.309	0.293	0.294	0.299	0.301	0.311	0.301	0.300	0.313	1.995	0.588	0.306	0.198	3.695	-338074.738
9	16	10000	9964	0.5141	0.307	0.316	0.306	0.286	0.304	0.285	0.299	0.301	0.286	0.289	0.293	0.309	0.310	0.300	0.310	0.298	0.304	0.302	0.303	0.311	0.293	0.293	0.291	0.308	0.316	0.299	0.303	0.296	0.312	0.291	1.958	0.594	0.297	0.199	4.210	-337002.422
10	16	10000	9975	0.5162	0.301	0.303	0.296	0.297	0.301	0.315	0.294	0.298	0.287	0.299	0.314	0.296	0.308	0.299	0.303	0.278	0.295	0.300	0.305	0.303	0.300	0.296	0.300	0.286	0.282	0.306	0.298	0.295	0.304	0.290	2.034	0.592	0.294	0.201	4.102	-335877.737
111	16	10000	9974	0.5125	0.309	0.307	0.308	0.305	0.299	0.296	0.303	0.304	0.302	0.285	0.294	0.304	0.290	0.295	0.310	0.308	0.283	0.313	0.307	0.296	0.306	0.298	0.304	0.294	0.300	0.307	0.283	0.305	0.296	0.290	2.002	0.585	0.288	0.200	3.442	-336475.956
2	16	10000	9966	0.5144	0.256	0.289	0.295	0.299	0.307	0.306	0.313	0.291	0.289	0.297	0.298	0.307	0.315	0.291	0.297	0.332	0.298	0.311	0.303	0.304	0.298	0.310	0.287	0.305	0.302	0.298	0.298	0.313	0.288	0.308	1.990	0.597	0.293	0.199	3.686	-336921.352
3	16	10000	9965	0.5109	0.336	0.303	0.302	0.313	0.283	0.302	0.302	0.303	0.284	0.309	0.294	0.311	0.311	0.293	0.287	0.301	0.282	0.299	0.300	0.302	0.288	0.296	0.299	0.283	0.321	0.295	0.304	0.309	0.310	0.300	1.975	0.608	0.304	0.196	4.567	-335684.702
4	16	10000	9979	0.5087	0.262	0.294	0.300	0.318	0.295	0.311	0.296	0.302	0.287	0.307	0.301	0.300	0.316	0.298	0.314	0.343	0.317	0.286	0.296	0.312	0.294	0.309	0.307	0.310	0.305	0.305	0.311	0.287	0.292	0.303	1.979	0.606	0.309	0.200	4.328	-337987.913
5	16	10000	9975	0.5147	0.287	0.306	0.305	0.308	0.307	0.308	0.295	0.305	0.311	0.299	0.310	0.292	0.295	0.291	0.301	0.311	0.318	0.293	0.291	0.300	0.290	0.295	0.309	0.310	0.295	0.293	0.300	0.300	0.298	0.291	1.969	0.600	0.298	0.198	4.112	-336555.905
6	16	10000	9974	0.5119	0.264	0.307	0.290	0.289	0.306	0.310	0.298	0.286	0.307	0.305	0.296	0.287	0.292	0.302	0.304	0.307	0.308	0.293	0.301	0.304	0.308	0.312	0.284	0.295	0.294	0.307	0.300	0.306	0.293	0.297	2.008	0.587	0.289	0.201	3.397	-335789.144
7	16	10000	9958	0.5185	0.313	0.287	0.299	0.293	0.300	0.304	0.301	0.301	0.298	0.290	0.288	0.311	0.303	0.303	0.292	0.296	0.300	0.299	0.295	0.303	0.286	0.302	0.299	0.290	0.280	0.299	0.308	0.310	0.307	0.291	2.016	0.599	0.294	0.196	4.076	-335122.523
8	16	10000	9974	0.5112	0.297	0.310	0.289	0.308	0.308	0.311	0.296	0.298	0.301	0.296	0.311	0.285	0.304	0.319	0.293	0.278	0.298	0.295	0.296	0.298	0.308	0.303	0.311	0.306	0.304	0.310	0.290	0.294	0.307	0.302	1.993	0.599	0.303	0.199	4.110	-337092.476
9	16	10000	9965	0.5132	0.288	0.290	0.288	0.290	0.291	0.306	0.317	0.292	0.305	0.305	0.292	0.314	0.281	0.291	0.306	0.289	0.295	0.304	0.296	0.294	0.307	0.291	0.296	0.292	0.309	0.291	0.316	0.277	0.300	0.311	1.966	0.601	0.290	0.202	3.915	-335781.341
10	16	10000	9971	0.5175	0.299	0.304	0.303	0.300	0.298	0.295	0.297	0.299	0.291	0.316	0.300	0.296	0.295	0.290	0.302	0.252	0.307	0.299	0.299	0.291	0.306	0.296	0.301	0.292	0.305	0.298	0.302	0.302	0.306	0.302	1.983	0.585	0.283	0.199	3.228	-335692.673
111	16	10000	9976	0.5127	0.300	0.293	0.298	0.304	0.310	0.302	0.283	0.293	0.288	0.299	0.293	0.303	0.294	0.308	0.294	0.305	0.291	0.304	0.296	0.299	0.294	0.305	0.289	0.288	0.300	0.305	0.287	0.304	0.295	0.299	2.003	0.614	0.292	0.200	4.777	-334624.496
2	16	10000	9964	0.5121	0.280	0.292	0.313	0.285	0.303	0.302	0.288	0.298	0.309	0.291	0.301	0.300	0.293	0.299	0.302	0.323	0.311	0.307	0.290	0.304	0.298	0.295	0.306	0.303	0.296	0.304	0.302	0.319	0.299	0.302	2.000	0.607	0.301	0.204	3.926	-337041.484
3	16	10000	9974	0.5137	0.289	0.305	0.298	0.304	0.309	0.300	0.297	0.297	0.310	0.307	0.302	0.294	0.305	0.293	0.311	0.294	0.305	0.297	0.306	0.308	0.295	0.299	0.291	0.283	0.297	0.314	0.294	0.296	0.289	0.315	2.008	0.588	0.292	0.201	3.611	-337263.851
4	16	10000	9971	0.5110	0.274	0.308	0.301	0.304	0.294	0.294	0.279	0.300	0.320	0.308	0.297	0.310	0.301	0.304	0.308	0.344	0.290	0.306	0.292	0.312	0.299	0.298	0.306	0.312	0.301	0.295	0.306	0.285	0.303	0.311	2.006	0.591	0.302	0.199	3.793	-337859.568
5	16	10000	9974	0.5130	0.277	0.305	0.302	0.292	0.301	0.275	0.300	0.299	0.296	0.305	0.302	0.308	0.288	0.295	0.302	0.299	0.313	0.299	0.321	0.280	0.309	0.299	0.288	0.314	0.304	0.298	0.294	0.286	0.304	0.300	1.995	0.595	0.292	0.199	3.986	-335752.658
6	16	10000	9967	0.5114	0.286	0.290	0.280	0.289	0.308	0.297	0.288	0.304	0.286	0.301	0.306	0.297	0.301	0.305	0.297	0.290	0.294	0.299	0.300	0.293	0.303	0.315	0.301	0.291	0.307	0.295	0.292	0.289	0.304	0.285	2.018	0.601	0.296	0.200	3.803	-334337.560
7	16	10000	9972	0.5134	0.314	0.286	0.289	0.296	0.292	0.302	0.302	0.296	0.306	0.307	0.302	0.309	0.295	0.300	0.297	0.271	0.292	0.288	0.306	0.303	0.285	0.289	0.302	0.295	0.302	0.300	0.294	0.305	0.286	0.302	1.985	0.616	0.293	0.199	4.539	-334418.058
8	16	10000	9979	0.5135	0.312	0.298	0.309	0.302	0.291	0.299	0.303	0.294	0.306	0.299	0.305	0.291	0.302	0.303	0.294	0.281	0.301	0.292	0.307	0.307	0.311	0.305	0.305	0.299	0.298	0.299	0.296	0.321	0.298	0.300	2.002	0.586	0.302	0.200	3.750	-337527.069
9	16	10000	9965	0.5156	0.313	0.300	0.305	0.294	0.305	0.298	0.303	0.299	0.307	0.302	0.297	0.313	0.284	0.303	0.297	0.271	0.304	0.301	0.300	0.293	0.297	0.303	0.306	0.303	0.295	0.306	0.291	0.314	0.286	0.298	2.021	0.600	0.295	0.194	3.592	-335552.472
10	16	10000	9983	0.5145	0.303	0.305	0.294	0.296	0.296	0.287	0.294	0.296	0.304	0.291	0.305	0.304	0.298	0.298	0.296	0.268	0.303	0.288	0.315	0.289	0.301	0.300	0.300	0.306	0.306	0.294	0.299	0.295	0.306	0.289	2.009	0.600	0.288	0.201	3.769	-335073.899
111	16	10000	9979	0.5125	0.296	0.314	0.297	0.293	0.302	0.299	0.311	0.293	0.309	0.290	0.290	0.302	0.307	0.289	0.315	0.305	0.302	0.303	0.301	0.298	0.292	0.293	0.306	0.286	0.312	0.302	0.299	0.284	0.311	0.293	1.997	0.610	0.302	0.202	4.498	-336465.053
2	16	10000	9966	0.5169	0.292	0.297	0.292	0.301	0.300	0.306	0.310	0.302	0.293	0.317	0.298	0.292	0.298	0.307	0.301	0.303	0.306	0.278	0.299	0.305	0.298	0.308	0.306	0.290	0.302	0.301	0.291	0.302	0.307	0.301	2.011	0.610	0.307	0.203	4.869	-336878.232
3	16	10000	9969	0.5149	0.309	0.281	0.306	0.305	0.300	0.308	0.307	0.302	0.302	0.301	0.287	0.305	0.311	0.292	0.313	0.284	0.300	0.296	0.306	0.285	0.291	0.300	0.295	0.309	0.294	0.304	0.290	0.293	0.295	0.299	2.010	0.621	0.301	0.199	5.027	-335304.921
4	16	10000	9976	0.5127	0.291	0.299	0.296	0.297	0.295	0.315	0.307	0.309	0.287	0.305	0.299	0.297	0.293	0.304	0.299	0.303	0.303	0.308	0.318	0.302	0.300	0.305	0.299	0.282	0.310	0.300	0.292	0.297	0.303	0.309	1.993	0.598	0.299	0.200	4.199	-337361.799
5	16	10000	9964	0.5149	0.263	0.319	0.298	0.295	0.301	0.288	0.294	0.307	0.305	0.300	0.299	0.300	0.280	0.306	0.306	0.312	0.298	0.301	0.304	0.292	0.293	0.316	0.306	0.296	0.301	0.299	0.303	0.307	0.308	0.305	1.999	0.596	0.299	0.201	3.446	-337005.307
6	16	10000	9969	0.5157	0.291	0.297	0.314	0.297	0.292	0.294	0.308	0.290	0.288	0.301	0.294	0.306	0.303	0.311	0.292	0.294	0.314	0.292	0.297	0.306	0.302	0.295	0.300	0.299	0.297	0.310	0.308	0.305	0.307	0.300	1.999	0.607	0.302	0.200	4.010	-336546.897
7	16	10000	9977	0.5144	0.361	0.296	0.308	0.304	0.301	0.293	0.283	0.297	0.290	0.293	0.282	0.298	0.291	0.292	0.305	0.248	0.290	0.300	0.302	0.284	0.299	0.300	0.299	0.298	0.299	0.298	0.289	0.295	0.290	0.300	1.996	0.609	0.292	0.204	4.237	-334370.717
8	16	10000	9965	0.5120	0.261	0.284	0.299	0.302	0.306	0.290	0.303	0.299	0.298	0.301	0.302	0.303	0.304	0.287	0.296	0.323	0.298	0.285	0.290	0.305	0.300	0.285	0.296	0.303	0.302	0.294	0.301	0.304	0.298	0.291	1.999	0.606	0.298	0.205	2.912	-335265.459
9	16	10000	9975	0.5147	0.252	0.302	0.302	0.316	0.301	0.292	0.308	0.295	0.307	0.304	0.285	0.293	0.302	0.293	0.304	0.325	0.289	0.298	0.295	0.289	0.300	0.298	0.301	0.306	0.295	0.307	0.288	0.297	0.297	0.305	1.971	0.589	0.290	0.201	3.409	-336105.155
10	16	10000	9963	0.5098	0.301	0.306	0.298	0.301	0.302	0.302	0.296	0.290	0.293	0.298	0.290	0.292	0.302	0.298	0.314	0.303	0.300	0.293	0.315	0.298	0.312	0.289	0.300	0.302	0.298	0.302	0.303	0.308	0.304	0.307	1.987	0.598	0.303	0.198	4.248	-336490.224
111	16	10000	9979	0.5140	0.294	0.307	0.295	0.292	0.298	0.293	0.291	0.304	0.307	0.300	0.294	0.295	0.298	0.295	0.286	0.298	0.299	0.309	0.299	0.303	0.288	0.296	0.289	0.294	0.296	0.289	0.288	0.290	0.296	0.287	1.991	0.606	0.285	0.201	3.626	-334083.309
2	16	10000	9971	0.5153	0.279	0.305	0.295	0.298	0.294	0.305	0.291	0.302	0.311	0.307	0.301	0.298	0.307	0.300	0.300	0.311	0.298	0.297	0.303	0.303	0.315	0.302	0.300	0.305	0.307	0.298	0.290	0.295	0.308	0.302	1.974	0.601	0.293	0.198	4.089	-336904.433
3	16	10000	9972	0.5134	0.318	0.305	0.311	0.318	0.291	0.300	0.293	0.305	0.292	0.295	0.307	0.316	0.302	0.313	0.299	0.263	0.300	0.303	0.294	0.294	0.288	0.301	0.300	0.311	0.327	0.291	0.297	0.297	0.302	0.299	1.989	0.586	0.305	0.199	3.630	-337748.415
4	16	10000	9969	0.5159	0.339	0.299	0.309	0.300	0.300	0.296	0.299	0.292	0.297	0.302	0.304	0.303	0.301	0.294	0.307	0.233	0.309	0.292	0.297	0.298	0.299	0.302	0.301	0.297	0.307	0.293	0.305	0.293	0.305	0.301	1.979	0.600	0.308	0.200	4.008	-337185.174
5	16	10000	9966	0.5155	0.307	0.307	0.303	0.303	0.283	0.302	0.289	0.296	0.298	0.306	0.290	0.305	0.298	0.290	0.299	0.296	0.301	0.307	0.310	0.304	0.291	0.291	0.319	0.294	0.294	0.307	0.296	0.303	0.288	0.307	1.969	0.596	0.300	0.198	3.964	-335801.337
6	16	10000	9962	0.5138	0.291	0.291	0.298	0.311	0.296	0.300	0.295	0.296	0.274	0.309	0.296	0.296	0.294	0.297	0.300	0.290	0.295	0.305	0.302	0.300	0.284	0.293	0.296	0.296	0.292	0.299	0.297	0.302	0.274	0.301	2.000	0.595	0.295	0.203	3.499	-334704.643
7	16	10000	9963	0.5129	0.286	0.290	0.294	0.298	0.303	0.294	0.301	0.298	0.295	0.306	0.308	0.290	0.303	0.297	0.306	0.319	0.315	0.301	0.306	0.310	0.302	0.306	0.279	0.309	0.303	0.305	0.295	0.296	0.288	0.305	1.998	0.590	0.297	0.203	4.114	-337282.366
8	16	10000	9971	0.5137	0.345	0.295	0.305	0.305	0.299	0.297	0.298	0.287	0.304	0.302	0.300	0.307	0.287	0.297	0.313	0.253	0.317	0.308	0.296	0.318	0.281	0.302	0.297	0.301	0.298	0.299	0.307	0.308	0.301	0.296	1.985	0.603	0.307	0.201	4.350	-337514.832
9	16	10000	9967	0.5163	0.304	0.306	0.304	0.307	0.296	0.303	0.310	0.291	0.288	0.294	0.276	0.309	0.308	0.305	0.307	0.282	0.309	0.284	0.305	0.298	0.298	0.303	0.303	0.293	0.294	0.291	0.309	0.298	0.306	0.318	1.971	0.598	0.306	0.197	3.975	-336940.363
10	16	10000	9961	0.5136	0.315	0.301	0.307	0.286	0.298	0.295	0.295	0.303	0.300	0.303	0.304	0.290	0.313	0.301	0.309	0.298	0.304	0.304	0.308	0.296	0.306	0.303	0.287	0.300	0.305	0.301	0.299	0.294	0.309	0.290	2.007	0.603	0.304	0.204	4.295	-337407.527
111	16	10000	9983	0.5108	0.345	0.313	0.298	0.295	0.295	0.305	0.302	0.290	0.296	0.304	0.302	0.304	0.294	0.308	0.308	0.292	0.301	0.296	0.300	0.302	0.299	0.301	0.313	0.292	0.306	0.303	0.298	0.300	0.303	0.300	2.001	0.607	0.301	0.196	4.535	-337074.100
2	16	10000	9981	0.5141	0.280	0.288	0.297	0.293	0.303	0.303	0.295	0.302	0.298	0.291	0.297	0.297	0.306	0.317	0.303	0.326	0.286	0.295	0.287	0.285	0.312	0.300	0.304	0.306	0.294	0.297	0.297	0.306	0.312	0.302	1.973	0.610	0.293	0.201	3.641	-336239.142
3	16	10000	9961	0.5117	0.322	0.301	0.290	0.294	0.305	0.310	0.300	0.309	0.303	0.300	0.294	0.298	0.306	0.304	0.306	0.248	0.293	0.305	0.301	0.296	0.294	0.318	0.316	0.317	0.299	0.304	0.296	0.302	0.306	0.295	2.028	0.587	0.302	0.204	3.613	-338295.513
4	16	10000	9975	0.5168	0.333	0.308	0.300	0.305	0.296	0.295	0.306	0.298	0.303	0.296	0.302	0.297	0.301	0.314	0.309	0.276	0.287	0.292	0.289	0.306	0.311	0.307	0.308	0.313	0.289	0.313	0.294	0.303	0.311	0.287	2.019	0.604	0.312	0.200	4.649	-337518.357
5	16	10000	9977	0.5139	0.301	0.287	0.292	0.305	0.295	0.299	0.297	0.288	0.299	0.286	0.303	0.303	0.306	0.298	0.301	0.279	0.300	0.314	0.290	0.308	0.300	0.292	0.308	0.294	0.314	0.316	0.292	0.285	0.303	0.305	2.009	0.584	0.303	0.202	3.341	-337133.483
6	16	10000	9969	0.5163	0.273	0.294	0.286	0.293	0.305	0.308	0.303	0.303	0.294	0.303	0.302	0.305	0.306	0.309	0.294	0.304	0.303	0.309	0.294	0.305	0.293	0.301	0.288	0.297	0.298	0.299	0.300	0.301	0.295	0.315	1.974	0.598	0.296	0.200	2.924	-337060.340
7	16	10000	9962	0.5126	0.283	0.291	0.319	0.297	0.305	0.300	0.300	0.315	0.307	0.307	0.298	0.309	0.309	0.317	0.310	0.313	0.289	0.316	0.299	0.299	0.313	0.306	0.310	0.305	0.299	0.301	0.307	0.297	0.307	0.300	2.020	0.602	0.314	0.198	3.842	-338590.728
8	16	10000	9975	0.5108	0.335	0.308	0.298	0.300	0.297	0.309	0.300	0.294	0.304	0.294	0.301	0.295	0.297	0.307	0.291	0.294	0.322	0.291	0.302	0.300	0.303	0.309	0.299	0.295	0.293	0.293	0.305	0.302	0.307	0.312	2.018	0.596	0.305	0.201	4.663	-337510.921
9	16	10000	9968	0.5160	0.291	0.304	0.294	0.300	0.308	0.300	0.297	0.312	0.315	0.311	0.306	0.312	0.304	0.311	0.300	0.285	0.303	0.296	0.312	0.304	0.302	0.296	0.293	0.305	0.305	0.305	0.304	0.312	0.307	0.302	2.020	0.584	0.305	0.202	3.730	-339383.810
10	16	10000	9974	0.5152	0.322	0.298	0.299	0.303	0.302	0.297	0.298	0.296	0.301	0.300	0.308	0.305	0.294	0.305	0.294	0.297	0.300	0.302	0.296	0.294	0.299	0.291	0.302	0.295	0.302	0.300	0.299	0.301	0.293	0.300	2.022	0.613	0.294	0.201	4.557	-335410.616
111	16	10000	9960	0.5153	0.276	0.326	0.294	0.303	0.298	0.300	0.291	0.306	0.293	0.294	0.300	0.305	0.302	0.293	0.294	0.308	0.286	0.292	0.300	0.306	0.292	0.299	0.298	0.305	0.312	0.301	0.298	0.300	0.299	0.301	2.011	0.607	0.297	0.196	4.331	-335263.930
2	16	10000	9968	0.5134	0.330	0.308	0.296	0.295	0.301	0.292	0.295	0.296	0.291	0.301	0.300	0.299	0.301	0.301	0.291	0.285	0.301	0.286	0.313	0.302	0.286	0.296	0.304	0.309	0.276	0.302	0.293	0.312	0.292	0.304	2.001	0.597	0.294	0.204	3.424	-336036.294
3	16	10000	9965	0.5132	0.328	0.302	0.286	0.307	0.302	0.290	0.302	0.303	0.288	0.301	0.300	0.304	0.304	0.296	0.298	0.287	0.318	0.304	0.305	0.297	0.299	0.309	0.304	0.292	0.305	0.304	0.312	0.288	0.306	0.295	1.998	0.599	0.312	0.198	3.982	-337070.836
4	16	10000	9968	0.5107	0.322	0.297	0.296	0.301	0.292	0.295	0.298	0.291	0.292	0.295	0.295	0.302	0.305	0.298	0.300	0.315	0.301	0.305	0.304	0.295	0.298	0.308	0.294	0.306	0.290	0.298	0.290	0.304	0.301	0.309	2.050	0.612	0.299	0.206	4.595	-336027.065
5	16	10000	9974	0.5138	0.275	0.321	0.295	0.314	0.303	0.295	0.297	0.297	0.307	0.299	0.298	0.302	0.307	0.304	0.299	0.343	0.304	0.323	0.288	0.311	0.280	0.297	0.301	0.298	0.298	0.296	0.309	0.289	0.298	0.301	2.036	0.598	0.301	0.197	4.455	-336436.887
6	16	10000	9968	0.5127	0.303	0.297	0.299	0.303	0.304	0.312	0.299	0.301	0.299	0.308	0.302	0.301	0.302	0.304	0.302	0.287	0.302	0.293	0.300	0.293	0.310	0.291	0.286	0.305	0.300	0.306	0.300	0.302	0.299	0.292	2.009	0.601	0.299	0.203	3.724	-337637.225
7	16	10000	9967	0.5152	0.303	0.311	0.299	0.301	0.290	0.299	0.306	0.298	0.297	0.301	0.302	0.286	0.296	0.309	0.305	0.272	0.306	0.298	0.301	0.287	0.299	0.300	0.297	0.300	0.302	0.309	0.308	0.291	0.306	0.305	1.985	0.595	0.296	0.200	3.312	-336092.264
8	16	10000	9964	0.5121	0.321	0.273	0.310	0.303	0.310	0.296	0.307	0.304	0.298	0.304	0.310	0.290	0.306	0.312	0.294	0.310	0.295	0.297	0.293	0.296	0.289	0.302	0.289	0.306	0.305	0.293	0.311	0.304	0.288	0.291	2.024	0.609	0.311	0.203	4.691	-336266.390
9	16	10000	9965	0.5118	0.310	0.293	0.294	0.301	0.303	0.305	0.298	0.306	0.290	0.318	0.286	0.291	0.317	0.295	0.311	0.313	0.323	0.289	0.287	0.305	0.299	0.305	0.311	0.294	0.307	0.301	0.308	0.299	0.290	0.300	2.000	0.595	0.308	0.198	4.048	-337101.020
10	16	10000	9969	0.5129	0.311	0.294	0.301	0.298	0.301	0.299	0.301	0.302	0.302	0.295	0.304	0.303	0.303	0.300	0.299	0.274	0.299	0.289	0.297	0.297	0.308	0.300	0.287	0.308	0.294	0.304	0.310	0.308	0.297	0.292	2.015	0.601	0.293	0.202	3.338	-336334.875
111	16	10000	9972	0.5157	0.324	0.310	0.293	0.309	0.310	0.308	0.309	0.295	0.300	0.304	0.310	0.296	0.304	0.301	0.290	0.290	0.304	0.310	0.304	0.309	0.296	0.293	0.297	0.299	0.291	0.313	0.311	0.295	0.300	0.292	2.023	0.599	0.306	0.196	3.926	-337230.999
2	16	10000	9978	0.5161	0.271	0.316	0.307	0.281	0.302	0.313	0.300	0.305	0.307	0.310	0.298	0.303	0.290	0.290	0.302	0.331	0.291	0.310	0.291	0.294	0.294	0.302	0.303	0.294	0.287	0.289	0.309	0.296	0.302	0.294	2.027	0.609	0.300	0.202	4.307	-335857.993
3	16	10000	9965	0.5128	0.328	0.302	0.311	0.299	0.298	0.306	0.270	0.315	0.302	0.306	0.292	0.314	0.308	0.295	0.290	0.308	0.300	0.308	0.312	0.294	0.311	0.306	0.300	0.299	0.296	0.298	0.306	0.305	0.306	0.294	1.980	0.603	0.305	0.199	4.659	-337506.966
4	16	10000	9970	0.5149	0.282	0.290	0.303	0.291	0.290	0.293	0.308	0.288	0.301	0.309	0.300	0.298	0.302	0.301	0.294	0.312	0.298	0.292	0.282	0.302	0.307	0.303	0.295	0.307	0.305	0.304	0.314	0.284	0.284	0.300	1.997	0.603	0.286	0.202	3.836	-334897.339
5	16	10000	9969	0.5127	0.303	0.292	0.299	0.295	0.303	0.309	0.304	0.298	0.297	0.316	0.294	0.297	0.299	0.311	0.313	0.281	0.309	0.316	0.299	0.315	0.296	0.302	0.306	0.296	0.301	0.291	0.308	0.301	0.299	0.304	1.993	0.597	0.296	0.201	3.806	-337845.171
6	16	10000	9970	0.5104	0.274	0.302	0.303	0.294	0.303	0.291	0.299	0.297	0.294	0.289	0.297	0.287	0.308	0.294	0.301	0.310	0.296	0.305	0.309	0.296	0.284	0.304	0.298	0.297	0.280	0.286	0.306	0.311	0.290	0.302	2.024	0.603	0.291	0.201	3.655	-334177.252
7	16	10000	9977	0.5107	0.268	0.309	0.314	0.296	0.292	0.309	0.310	0.295	0.294	0.289	0.293	0.292	0.305	0.292	0.304	0.293	0.306	0.308	0.290	0.302	0.309	0.298	0.302	0.302	0.292	0.298	0.304	0.297	0.283	0.310	1.967	0.594	0.297	0.202	3.691	-336187.649
8	16	10000	9968	0.5122	0.312	0.287	0.299	0.297	0.293	0.295	0.291	0.299	0.290	0.307	0.294	0.290	0.298	0.297	0.307	0.280	0.309	0.295	0.312	0.314	0.295	0.284	0.298	0.285	0.301	0.297	0.295	0.291	0.283	0.308	2.006	0.607	0.300	0.203	3.708	-334856.149
9	16	10000	9972	0.5115	0.262	0.308	0.307	0.301	0.300	0.297	0.298	0.302	0.299	0.308	0.296	0.302	0.289	0.307	0.292	0.316	0.311	0.279	0.284	0.313	0.299	0.304	0.306	0.305	0.311	0.290	0.308	0.308	0.306	0.307	2.004	0.592	0.302	0.198	4.111	-336836.120
10	16	10000	9976	0.5134	0.290	0.307	0.292	0.294	0.295	0.297	0.320	0.293	0.308	0.290	0.306	0.295	0.297	0.282	0.294	0.311	0.300	0.301	0.300	0.293	0.302	0.298	0.298	0.285	0.318	0.288	0.304	0.297	0.297	0.296	1.997	0.616	0.293	0.201	4.528	-335126.427
111	16	10000	9968	0.5160	0.309	0.292	0.295	0.303	0.297	0.294	0.297	0.295	0.296	0.279	0.296	0.305	0.293	0.317	0.295	0.338	0.307	0.302	0.308	0.284	0.299	0.297	0.298	0.284	0.300	0.291	0.291	0.300	0.293	0.303	2.024	0.610	0.305	0.200	4.249	-335094.218
2	16	10000	9967	0.5141	0.287	0.302	0.305	0.305	0.296	0.304	0.292	0.299	0.304	0.299	0.296	0.291	0.303	0.298	0.306	0.291	0.299	0.311	0.282	0.298	0.301	0.307	0.297	0.316	0.311	0.306	0.303	0.295	0.294	0.290	1.999	0.585	0.295	0.198	3.721	-335880.673
3	16	10000	9971	0.5129	0.329	0.299	0.292	0.311	0.297	0.301	0.299	0.287	0.288	0.297	0.305	0.307	0.301	0.292	0.308	0.278	0.295	0.299	0.286	0.307	0.314	0.308	0.291	0.306	0.294	0.285	0.310	0.288	0.302	0.294	2.020	0.600	0.295	0.202	3.932	-335523.715
4	16	10000	9962	0.5149	0.301	0.294	0.288	0.299	0.310	0.321	0.306	0.303	0.309	0.301	0.301	0.299	0.306	0.310	0.284	0.279	0.299	0.289	0.307	0.304	0.307	0.312	0.297	0.294	0.301	0.305	0.294	0.313	0.319	0.293	2.004	0.595	0.305	0.195	3.821	-337125.267
5	16	10000	9970	0.5143	0.274	0.330	0.304	0.289	0.295	0.299	0.294	0.304	0.294	0.286	0.302	0.309	0.301	0.301	0.298	0.304	0.286	0.300	0.304	0.301	0.303	0.308	0.304	0.324	0.299	0.292	0.300	0.291	0.311	0.287	1.985	0.605	0.291	0.202	4.160	-336259.736
6	16	10000	9972	0.5090	0.309	0.299	0.284	0.304	0.300	0.299	0.286	0.307	0.290	0.291	0.302	0.301	0.308	0.288	0.317	0.272	0.297	0.298	0.287	0.305	0.297	0.301	0.300	0.319	0.299	0.302	0.301	0.303	0.312	0.304	1.986	0.597	0.308	0.200	3.611	-336533.039
7	16	10000	9978	0.5136	0.305	0.307	0.312	0.295	0.305	0.302	0.298	0.305	0.303	0.292	0.306	0.301	0.306	0.297	0.302	0.282	0.308	0.289	0.301	0.300	0.305	0.300	0.303	0.301	0.290	0.294	0.302	0.307	0.305	0.290	2.020	0.594	0.296	0.203	4.030	-337325.315
8	16	10000	9974	0.5174	0.282	0.311	0.294	0.306	0.301	0.301	0.301	0.307	0.296	0.312	0.301	0.297	0.309	0.304	0.308	0.286	0.283	0.302	0.301	0.298	0.306	0.300	0.286	0.314	0.291	0.300	0.300	0.313	0.309	0.306	2.020	0.583	0.297	0.200	3.055	-338110.281
9	16	10000	9973	0.5130	0.300	0.311	0.302	0.297	0.287	0.296	0.308	0.301	0.299	0.307	0.304	0.291	0.299	0.317	0.302	0.268	0.297	0.301	0.296	0.303	0.304	0.300	0.299	0.296	0.316	0.308	0.290	0.310	0.297	0.318	2.002	0.595	0.302	0.201	3.586	-337665.336
10	16	10000	9971	0.5147	0.284	0.283	0.295	0.306	0.304	0.303	0.284	0.303	0.292	0.304	0.312	0.300	0.312	0.292	0.302	0.318	0.318	0.297	0.307	0.287	0.294	0.294	0.310	0.305	0.299	0.297	0.303	0.296	0.312	0.291	2.018	0.605	0.305	0.199	4.759	-336233.760
111	16	10000	9978	0.5133	0.301	0.304	0.294	0.305	0.304	0.305	0.304	0.305	0.301	0.317	0.297	0.316	0.296	0.309	0.311	0.297	0.311	0.315	0.300	0.302	0.292	0.299	0.307	0.297	0.301	0.299	0.287	0.297	0.306	0.301	2.021	0.598	0.300	0.199	3.681	-337840.433
2	16	10000	9976	0.5124	0.288	0.296	0.313	0.290	0.300	0.300	0.298	0.309	0.309	0.306	0.301	0.296	0.294	0.299	0.301	0.313	0.304	0.299	0.296	0.310	0.304	0.294	0.307	0.303	0.304	0.305	0.300	0.302	0.301	0.299	2.002	0.593	0.308	0.197	4.143	-337498.028
3	16	10000	9961	0.5147	0.279	0.305	0.295	0.303	0.303	0.301	0.301	0.311	0.291	0.288	0.313	0.292	0.302	0.302	0.297	0.319	0.302	0.305	0.292	0.302	0.295	0.289	0.297	0.294	0.302	0.296	0.301	0.312	0.299	0.314	1.968	0.590	0.299	0.199	3.686	-336857.132
4	16	10000	9973	0.5119	0.317	0.287	0.300	0.307	0.297	0.297	0.302	0.304	0.309	0.299	0.299	0.309	0.302	0.304	0.310	0.285	0.292	0.318	0.297	0.307	0.309	0.307	0.301	0.310	0.293	0.305	0.306	0.293	0.288	0.308	1.986	0.593	0.309	0.198	3.548	-338033.965
5	16	10000	9971	0.5135	0.353	0.299	0.285	0.291	0.296	0.314	0.289	0.294	0.312	0.299	0.307	0.300	0.293	0.312	0.300	0.257	0.296	0.300	0.294	0.307	0.301	0.304	0.310	0.297	0.293	0.297	0.299	0.312	0.301	0.307	2.029	0.592	0.296	0.202	3.950	-337211.172
6	16	10000	9967	0.5127	0.344	0.314	0.300	0.303	0.314	0.290	0.309	0.309	0.309	0.307	0.303	0.297	0.300	0.298	0.297	0.260	0.314	0.295	0.300	0.323	0.313	0.303	0.306	0.298	0.306	0.301	0.302	0.306	0.289	0.310	2.014	0.590	0.310	0.202	4.247	-339650.237
7	16	10000	9964	0.5131	0.286	0.307	0.303	0.305	0.285	0.310	0.288	0.306	0.314	0.304	0.304	0.309	0.300	0.296	0.291	0.302	0.313	0.297	0.303	0.293	0.295	0.293	0.311	0.313	0.311	0.301	0.290	0.294	0.311	0.298	1.997	0.585	0.297	0.198	3.594	-337300.589
8	16	10000	9952	0.5139	0.259	0.300	0.294	0.291	0.287	0.294	0.301	0.291	0.295	0.311	0.280	0.313	0.301	0.298	0.297	0.325	0.300	0.305	0.302	0.303	0.292	0.306	0.307	0.308	0.310	0.301	0.292	0.297	0.301	0.298	2.004	0.588	0.297	0.198	3.766	-335841.938
9	16	10000	9957	0.5162	0.296	0.305	0.301	0.303	0.292	0.304	0.287	0.290	0.308	0.300	0.305	0.296	0.299	0.294	0.288	0.345	0.295	0.310	0.293	0.305	0.290	0.291	0.302	0.295	0.309	0.319	0.302	0.285	0.316	0.299	2.018	0.607	0.309	0.197	4.753	-335910.834
10	16	10000	9962	0.5140	0.304	0.308	0.311	0.301	0.295	0.289	0.298	0.300	0.298	0.291	0.292	0.309	0.324	0.308	0.306	0.311	0.304	0.297	0.294	0.306	0.312	0.314	0.298	0.290	0.293	0.300	0.300	0.308	0.299	0.309	1.974	0.588	0.296	0.196	3.713	-337578.604
111	16	10000	9971	0.5159	0.300	0.310	0.300	0.284	0.298	0.307	0.296	0.301	0.305	0.295	0.308	0.296	0.300	0.308	0.299	0.310	0.285	0.314	0.301	0.292	0.314	0.289	0.307	0.304	0.286	0.313	0.306	0.300	0.295	0.299	1.970	0.602	0.294	0.197	3.869	-336129.197
2	16	10000	9964	0.5143	0.629	0.298	0.304	0.294	0.297	0.294	0.298	0.295	0.292	0.305	0.301	0.297	0.283	0.312	0.299	0.000	0.282	0.309	0.311	0.298	0.311	0.310	0.303	0.297	0.283	0.302	0.302	0.289	0.305	0.305	1.970	0.613	0.303	0.197	4.876	-335598.227
3	16	10000	9971	0.5156	0.289	0.301	0.301	0.316	0.293	0.293	0.309	0.291	0.298	0.291	0.304	0.303	0.306	0.296	0.310	0.329	0.311	0.305	0.296	0.299	0.298	0.294	0.301	0.292	0.296	0.292	0.294	0.293	0.294	0.304	2.010	0.607	0.308	0.201	4.778	-336563.950
4	16	10000	9979	0.5122	0.332	0.319	0.298	0.290	0.295	0.300	0.290	0.303	0.304	0.292	0.298	0.303	0.303	0.303	0.291	0.258	0.327	0.296	0.293	0.300	0.312	0.292	0.300	0.289	0.298	0.312	0.286	0.298	0.309	0.297	1.994	0.601	0.299	0.197	4.002	-335763.687
5	16	10000	9968	0.5162	0.320	0.305	0.304	0.300	0.296	0.301	0.301	0.302	0.308	0.299	0.294	0.291	0.298	0.303	0.302	0.301	0.291	0.299	0.296	0.301	0.305	0.309	0.289	0.301	0.291	0.298	0.296	0.311	0.313	0.291	2.002	0.601	0.299	0.201	4.310	-336707.750
6	16	10000	9969	0.5137	0.313	0.313	0.277	0.307	0.299	0.291	0.296	0.288	0.287	0.300	0.297	0.299	0.310	0.313	0.290	0.295	0.307	0.298	0.307	0.301	0.283	0.304	0.304	0.306	0.301	0.308	0.295	0.304	0.293	0.292	2.034	0.610	0.294	0.201	4.317	-335448.231
7	16	10000	9961	0.5094	0.339	0.279	0.305	0.303	0.303	0.291	0.291	0.300	0.310	0.293	0.303	0.296	0.303	0.298	0.314	0.287	0.301	0.275	0.312	0.289	0.311	0.305	0.294	0.312	0.306	0.307	0.298	0.299	0.291	0.292	1.993	0.602	0.294	0.200	4.173	-335671.422
8	16	10000	9975	0.5128	0.326	0.298	0.296	0.301	0.312	0.303	0.290	0.298	0.308	0.288	0.307	0.299	0.293	0.313	0.301	0.267	0.277	0.308	0.308	0.292	0.297	0.286	0.302	0.313	0.294	0.301	0.295	0.308	0.304	0.295	2.021	0.602	0.303	0.197	4.081	-335538.124
9	16	10000	9963	0.5133	0.259	0.305	0.288	0.312	0.281	0.312	0.309	0.291	0.292	0.289	0.295	0.291	0.293	0.295	0.297	0.309	0.277	0.301	0.304	0.290	0.293	0.309	0.311	0.312	0.303	0.302	0.300	0.310	0.304	0.311	2.004	0.609	0.296	0.203	3.861	-336026.827
10	16	10000	9967	0.5132	0.312	0.307	0.295	0.294	0.306	0.293	0.296	0.305	0.311	0.315	0.306	0.295	0.300	0.301	0.295	0.273	0.302	0.294	0.314	0.294	0.299	0.305	0.300	0.307	0.316	0.302	0.303	0.292	0.309	0.296	2.007	0.587	0.294	0.200	3.305	-337343.337
111	16	10000	9962	0.5131	0.307	0.284	0.303	0.290	0.292	0.296	0.301	0.293	0.299	0.311	0.301	0.300	0.295	0.297	0.307	0.278	0.318	0.284	0.296	0.294	0.304	0.294	0.305	0.291	0.291	0.289	0.303	0.296	0.305	0.298	1.994	0.594	0.283	0.201	3.183	-334503.864
2	16	10000	9974	0.5130	0.299	0.292	0.302	0.301	0.297	0.292	0.297	0.283	0.297	0.305	0.298	0.297	0.314	0.279	0.306	0.332	0.300	0.307	0.304	0.290	0.293	0.298	0.304	0.303	0.298	0.301	0.298	0.290	0.297	0.290	1.988	0.607	0.300	0.200	4.794	-335459.947
3	16	10000	9965	0.5148	0.312	0.316	0.299	0.299	0.303	0.298	0.312	0.288	0.304	0.290	0.308	0.302	0.298	0.308	0.286	0.305	0.291	0.286	0.310	0.290	0.301	0.284	0.308	0.307	0.293	0.303	0.306	0.292	0.295	0.300	1.989	0.617	0.309	0.198	4.281	-335831.806
4	16	10000	9977	0.5150	0.273	0.315	0.295	0.299	0.292	0.296	0.294	0.294	0.297	0.311	0.292	0.305	0.301	0.310	0.308	0.321	0.296	0.300	0.293	0.303	0.296	0.300	0.296	0.306	0.308	0.302	0.300	0.296	0.303	0.287	2.030	0.603	0.297	0.200	3.655	-336055.317
5	16	10000	9962	0.5156	0.310	0.281	0.305	0.302	0.293	0.299	0.300	0.292	0.302	0.301	0.285	0.307	0.291	0.289	0.292	0.304	0.310	0.294	0.299	0.298	0.302	0.301	0.311	0.296	0.295	0.296	0.294	0.295	0.299	0.289	1.992	0.598	0.294	0.198	3.802	-334618.468
6	16	10000	9967	0.5192	0.288	0.292	0.290	0.288	0.294	0.303	0.291	0.307	0.299	0.287	0.308	0.288	0.307	0.300	0.302	0.314	0.290	0.315	0.303	0.303	0.302	0.308	0.285	0.308	0.299	0.285	0.298	0.318	0.288	0.298	1.997	0.610	0.293	0.202	3.260	-336225.816
7	16	10000	9967	0.5138	0.251	0.299	0.277	0.304	0.301	0.295	0.313	0.309	0.291	0.295	0.304	0.296	0.310	0.315	0.305	0.323	0.290	0.297	0.305	0.296	0.299	0.305	0.307	0.293	0.310	0.303	0.295	0.305	0.297	0.313	2.002	0.599	0.302	0.200	3.443	-337248.819
8	16	10000	9965	0.5147	0.322	0.282	0.294	0.303	0.297	0.284	0.301	0.302	0.314	0.291	0.301	0.282	0.294	0.313	0.292	0.288	0.311	0.301	0.306	0.299	0.299	0.301	0.308	0.279	0.305	0.301	0.306	0.301	0.297	0.306	2.019	0.594	0.298	0.201	4.137	-336690.082
9	16	10000	9967	0.5132	0.308	0.311	0.287	0.298	0.315	0.301	0.305	0.296	0.294	0.306	0.292	0.296	0.300	0.310	0.288	0.304	0.303	0.287	0.300	0.306	0.302	0.308	0.287	0.293	0.308	0.302	0.294	0.301	0.307	0.306	1.970	0.603	0.296	0.201	4.239	-336978.691
10	16	10000	9977	0.5097	0.285	0.301	0.297	0.319	0.303	0.308	0.309	0.296	0.303	0.294	0.294	0.308	0.297	0.310	0.300	0.309	0.315	0.307	0.292	0.301	0.310	0.309	0.310	0.294	0.300	0.307	0.300	0.302	0.313	0.298	1.963	0.587	0.308	0.202	3.896	-339137.924
111	16	10000	9958	0.5150	0.325	0.291	0.297	0.303	0.294	0.300	0.289	0.300	0.296	0.306	0.314	0.297	0.291	0.294	0.304	0.268	0.302	0.298	0.311	0.294	0.296	0.309	0.294	0.292	0.297	0.292	0.301	0.303	0.300	0.304	2.000	0.608	0.297	0.198	3.855	-335824.994
2	16	10000	9961	0.5135	0.307	0.290	0.305	0.303	0.297	0.302	0.300	0.303	0.284	0.321	0.286	0.305	0.290	0.297	0.304	0.285	0.295	0.270	0.294	0.304	0.317	0.288	0.311	0.313	0.291	0.288	0.306	0.303	0.307	0.298	1.982	0.604	0.298	0.202	3.787	-336023.311
3	16	10000	9974	0.5135	0.286	0.303	0.294	0.283	0.302	0.315	0.294	0.301	0.290	0.310	0.289	0.320	0.298	0.302	0.297	0.326	0.301	0.299	0.296	0.300	0.312	0.302	0.291	0.299	0.295	0.294	0.296	0.283	0.287	0.298	2.005	0.601	0.298	0.200	4.476	-335381.325
4	16	10000	9970	0.5149	0.329	0.297	0.298	0.289	0.287	0.292	0.300	0.300	0.299	0.290	0.293	0.306	0.295	0.288	0.310	0.252	0.310	0.300	0.297	0.297	0.282	0.301	0.294	0.298	0.302	0.294	0.299	0.298	0.303	0.280	2.010	0.604	0.298	0.201	3.669	-334533.972
5	16	10000	9963	0.5150	0.292	0.295	0.305	0.293	0.300	0.302	0.304	0.298	0.292	0.306	0.290	0.291	0.296	0.297	0.304	0.302	0.290	0.300	0.294	0.301	0.302	0.310	0.294	0.312	0.301	0.295	0.288	0.311	0.299	0.308	2.020	0.597	0.299	0.198	3.683	-336092.435
6	16	10000	9967	0.5114	0.315	0.288	0.287	0.299	0.298	0.299	0.294	0.290	0.313	0.306	0.289	0.301	0.299	0.300	0.294	0.291	0.304	0.298	0.291	0.293	0.302	0.311	0.285	0.287	0.291	0.296	0.289	0.291	0.304	0.291	1.990	0.613	0.287	0.197	4.308	-333044.631
7	16	10000	9975	0.5135	0.270	0.315	0.287	0.297	0.301	0.300	0.315	0.287	0.296	0.306	0.295	0.295	0.299	0.310	0.290	0.342	0.307	0.299	0.300	0.298	0.309	0.317	0.302	0.287	0.301	0.300	0.311	0.295	0.296	0.297	1.992	0.595	0.298	0.201	3.867	-337403.927
8	16	10000	9974	0.5156	0.252	0.304	0.299	0.299	0.297	0.295	0.299	0.305	0.295	0.288	0.299	0.307	0.300	0.297	0.308	0.337	0.293	0.299	0.291	0.298	0.301	0.303	0.302	0.289	0.306	0.303	0.297	0.298	0.308	0.297	2.015	0.606	0.294	0.202	3.530	-336140.614
9	16	10000	9976	0.5151	0.300	0.300	0.305	0.293	0.291	0.289	0.294	0.297	0.303	0.302	0.309	0.283	0.305	0.293	0.297	0.316	0.313	0.303	0.297	0.290	0.292	0.305	0.290	0.283	0.306	0.295	0.293	0.296	0.293	0.310	1.960	0.609	0.301	0.202	5.146	-335620.909
10	16	10000	9973	0.5124	0.306	0.307	0.290	0.296	0.301	0.296	0.292	0.303	0.291	0.287	0.298	0.299	0.302	0.311	0.307	0.284	0.298	0.310	0.300	0.303	0.305	0.308	0.303	0.305	0.306	0.291	0.299	0.318	0.303	0.286	2.001	0.597	0.300	0.197	4.109	-336487.920
111	16	10000	9969	0.5150	0.293	0.296	0.309	0.294	0.299	0.295	0.303	0.297	0.304	0.296	0.307	0.298	0.300	0.300	0.313	0.287	0.283	0.298	0.296	0.304	0.309	0.306	0.299	0.300	0.297	0.291	0.314	0.291	0.311	0.304	2.000	0.594	0.296	0.199	3.625	-336566.440
2	16	10000	9970	0.5131	0.296	0.303	0.301	0.287	0.295	0.295	0.295	0.304	0.292	0.299	0.286	0.305	0.297	0.281	0.295	0.283	0.294	0.300	0.299	0.305	0.301	0.297	0.300	0.288	0.307	0.304	0.302	0.278	0.292	0.303	1.979	0.605	0.291	0.200	3.664	-334420.872
3	16	10000	9964	0.5144	0.272	0.289	0.296	0.308	0.300	0.300	0.307	0.306	0.312	0.302	0.321	0.295	0.309	0.298	0.311	0.312	0.299	0.311	0.291	0.301	0.300	0.296	0.316	0.317	0.296	0.307	0.291	0.309	0.300	0.320	2.017	0.582	0.311	0.198	3.952	-338589.422
4	16	10000	9973	0.5137	0.307	0.305	0.302	0.295	0.289	0.296	0.302	0.311	0.298	0.310	0.296	0.302	0.313	0.302	0.301	0.279	0.290	0.292	0.299	0.309	0.294	0.297	0.317	0.298	0.293	0.300	0.303	0.298	0.300	0.300	1.960	0.581	0.289	0.194	3.563	-336331.298
5	16	10000	9972	0.5142	0.328	0.312	0.280	0.307	0.325	0.318	0.292	0.295	0.289	0.295	0.298	0.300	0.310	0.301	0.302	0.270	0.293	0.309	0.302	0.305	0.319	0.290	0.304	0.311	0.309	0.304	0.308	0.302	0.291	0.301	2.037	0.596	0.305	0.203	4.327	-338303.877
6	16	10000	9965	0.5117	0.302	0.318	0.301	0.292	0.300	0.296	0.296	0.321	0.286	0.289	0.294	0.291	0.304	0.300	0.287	0.293	0.289	0.295	0.294	0.294	0.298	0.298	0.293	0.298	0.292	0.296	0.299	0.290	0.306	0.302	1.998	0.611	0.299	0.199	3.742	-334045.606
7	16	10000	9977	0.5173	0.268	0.296	0.305	0.298	0.290	0.308	0.307	0.304	0.304	0.302	0.306	0.303	0.306	0.301	0.306	0.330	0.302	0.299	0.317	0.308	0.288	0.305	0.295	0.302	0.285	0.306	0.299	0.308	0.297	0.298	2.006	0.590	0.303	0.201	3.658	-337779.778
8	16	10000	9971	0.5116	0.336	0.311	0.293	0.295	0.304	0.308	0.297	0.304	0.287	0.300	0.296	0.284	0.305	0.293	0.298	0.284	0.302	0.305	0.303	0.306	0.291	0.306	0.293	0.298	0.291	0.297	0.308	0.285	0.296	0.305	1.994	0.596	0.304	0.197	3.432	-335572.838
9	16	10000	9966	0.5147	0.285	0.303	0.302	0.297	0.304	0.298	0.301	0.305	0.290	0.301	0.312	0.299	0.288	0.294	0.298	0.287	0.299	0.303	0.300	0.300	0.291	0.301	0.301	0.294	0.314	0.305	0.299	0.310	0.295	0.300	2.015	0.603	0.299	0.198	3.894	-335914.375
10	16	10000	9971	0.5095	0.297	0.291	0.293	0.304	0.294	0.306	0.282	0.285	0.310	0.304	0.292	0.297	0.317	0.299	0.293	0.296	0.291	0.288	0.302	0.299	0.307	0.292	0.309	0.300	0.302	0.306	0.303	0.289	0.308	0.303	2.010	0.604	0.304	0.202	4.088	-336260.820
111	16	10000	9976	0.5139	0.279	0.285	0.273	0.294	0.305	0.309	0.304	0.298	0.313	0.304	0.301	0.293	0.289	0.303	0.305	0.336	0.295	0.300	0.303	0.304	0.294	0.311	0.276	0.300	0.291	0.301	0.293	0.301	0.308	0.306	2.010	0.619	0.302	0.202	4.017	-335776.412
2	16	10000	9960	0.5116	0.307	0.301	0.293	0.306	0.296	0.298	0.297	0.308	0.302	0.313	0.302	0.300	0.300	0.310	0.298	0.306	0.298	0.299	0.291	0.304	0.310	0.296	0.296	0.299	0.285	0.311	0.287	0.305	0.300	0.299	2.014	0.602	0.294	0.203	4.077	-336353.229
3	16	10000	9974	0.5150	0.286	0.299	0.311	0.303	0.297	0.304	0.307	0.297	0.295	0.301	0.293	0.303	0.303	0.288	0.305	0.312	0.292	0.301	0.309	0.295	0.298	0.301	0.302	0.285	0.295	0.302	0.296	0.310	0.301	0.306	2.054	0.600	0.303	0.205	3.776	-337027.437
4	16	10000	9962	0.5130	0.298	0.311	0.299	0.302	0.313	0.306	0.292	0.310	0.292	0.299	0.292	0.294	0.298	0.302	0.308	0.291	0.315	0.309	0.304	0.312	0.283	0.306	0.309	0.300	0.289	0.309	0.298	0.303	0.301	0.292	1.995	0.586	0.300	0.198	3.626	-337052.376
5	16	10000	9969	0.5145	0.342	0.312	0.289	0.305	0.291	0.320	0.309	0.291	0.293	0.296	0.301	0.303	0.311	0.303	0.293	0.276	0.286	0.296	0.294	0.311	0.310	0.303	0.307	0.315	0.317	0.302	0.298	0.295	0.297	0.309	2.008	0.609	0.302	0.201	4.226	-337933.211
6	16	10000	9964	0.5159	0.267	0.311	0.291	0.302	0.298	0.310	0.276	0.309	0.316	0.296	0.301	0.297	0.294	0.299	0.305	0.300	0.300	0.303	0.303	0.295	0.295	0.296	0.291	0.311	0.323	0.309	0.305	0.304	0.301	0.298	1.992	0.593	0.301	0.198	3.394	-337206.391
7	16	10000	9965	0.5136	0.280	0.310	0.298	0.300	0.304	0.295	0.298	0.300	0.296	0.299	0.311	0.299	0.301	0.304	0.318	0.333	0.309	0.310	0.293	0.294	0.305	0.289	0.306	0.311	0.315	0.298	0.298	0.305	0.310	0.297	2.022	0.591	0.311	0.199	4.319	-338126.554
8	16	10000	9972	0.5120	0.312	0.303	0.310	0.304	0.301	0.293	0.314	0.297	0.293	0.297	0.302	0.297	0.290	0.305	0.293	0.292	0.294	0.301	0.303	0.303	0.294	0.302	0.301	0.307	0.292	0.305	0.291	0.302	0.308	0.296	1.983	0.611	0.299	0.201	4.302	-336557.150
9	16	10000	9974	0.5144	0.327	0.300	0.299	0.301	0.305	0.308	0.310	0.294	0.290	0.323	0.291	0.299	0.286	0.308	0.305	0.282	0.316	0.299	0.295	0.307	0.300	0.299	0.308	0.290	0.303	0.297	0.300	0.304	0.305	0.303	1.986	0.600	0.303	0.198	3.845	-337642.007
10	16	10000	9968	0.5116	0.256	0.278	0.296	0.295	0.306	0.316	0.308	0.290	0.299	0.290	0.314	0.303	0.290	0.296	0.289	0.341	0.308	0.291	0.289	0.295	0.289	0.302	0.297	0.304	0.291	0.296	0.296	0.310	0.307	0.287	2.005	0.595	0.298	0.198	3.742	-334639.273
111	16	10000	9960	0.5104	0.346	0.299	0.295	0.293	0.305	0.291	0.307	0.303	0.300	0.304	0.310	0.307	0.317	0.297	0.284	0.280	0.307	0.297	0.300	0.290	0.305	0.296	0.294	0.288	0.297	0.308	0.293	0.308	0.302	0.304	2.028	0.606	0.297	0.200	4.569	-335745.019
2	16	10000	9965	0.5110	0.302	0.299	0.304	0.294	0.308	0.316	0.296	0.301	0.305	0.301	0.302	0.286	0.305	0.309	0.305	0.294	0.294	0.297	0.304	0.308	0.315	0.294	0.302	0.310	0.307	0.312	0.298	0.295	0.293	0.305	2.006	0.588	0.298	0.203	3.372	-337976.281
3	16	10000	9974	0.5128	0.296	0.300	0.289	0.299	0.305	0.298	0.301	0.300	0.290	0.308	0.314	0.288	0.300	0.309	0.307	0.302	0.306	0.305	0.307	0.310	0.291	0.309	0.313	0.282	0.302	0.315	0.301	0.297	0.301	0.298	1.980	0.601	0.309	0.197	4.011	-337317.408
4	16	10000	9979	0.5110	0.330	0.298	0.306	0.302	0.298	0.300	0.292	0.306	0.292	0.305	0.289	0.313	0.295	0.319	0.298	0.277	0.300	0.304	0.289	0.298	0.300	0.307	0.301	0.296	0.299	0.309	0.304	0.311	0.293	0.303	1.993	0.594	0.305	0.198	3.956	-336736.617
5	16	10000	9960	0.5109	0.293	0.297	0.304	0.316	0.290	0.313	0.301	0.298	0.297	0.307	0.307	0.309	0.305	0.304	0.307	0.336	0.317	0.304	0.303	0.290	0.315	0.299	0.293	0.292	0.300	0.296	0.308	0.291	0.304	0.297	1.977	0.601	0.296	0.196	4.293	-337131.787
6	16	10000	9957	0.5127	0.281	0.303	0.292	0.303	0.289	0.297	0.319	0.303	0.314	0.303	0.312	0.285	0.303	0.308	0.294	0.331	0.288	0.312	0.314	0.314	0.303	0.297	0.305	0.312	0.296	0.304	0.307	0.297	0.297	0.298	1.969	0.595	0.303	0.198	4.184	-338065.424
7	16	10000	9984	0.5136	0.311	0.297	0.293	0.309	0.311	0.310	0.300	0.307	0.316	0.302	0.303	0.312	0.309	0.298	0.307	0.315	0.291	0.294	0.292	0.298	0.301	0.301	0.303	0.308	0.304	0.310	0.293	0.309	0.292	0.313	2.013	0.586	0.301	0.197	4.045	-338144.309
8	16	10000	9972	0.5147	0.286	0.286	0.298	0.296	0.306	0.300	0.296	0.296	0.303	0.297	0.298	0.299	0.302	0.321	0.297	0.292	0.298	0.300	0.302	0.289	0.287	0.299	0.297	0.286	0.301	0.291	0.299	0.316	0.296	0.306	1.994	0.609	0.302	0.202	4.119	-335648.650
9	16	10000	9972	0.5074	0.273	0.300	0.300	0.296	0.301	0.307	0.304	0.291	0.311	0.294	0.291	0.298	0.300	0.288	0.303	0.332	0.300	0.297	0.305	0.285	0.305	0.302	0.310	0.296	0.304	0.299	0.300	0.294	0.300	0.310	2.002	0.608	0.296	0.196	4.199	-335184.238
10	16	10000	9974	0.5147	0.269	0.306	0.301	0.297	0.316	0.311	0.305	0.312	0.298	0.292	0.307	0.290	0.303	0.307	0.296	0.329	0.299	0.315	0.291	0.301	0.293	0.298	0.308	0.299	0.285	0.313	0.291	0.316	0.293	0.305	1.978	0.594	0.298	0.199	3.595	-337615.730
111	16	10000	9969	0.5154	0.270	0.304	0.279	0.310	0.296	0.298	0.304	0.300	0.295	0.287	0.304	0.299	0.305	0.284	0.309	0.322	0.317	0.305	0.294	0.313	0.298	0.287	0.295	0.295	0.301	0.296	0.305	0.302	0.303	0.300	2.009	0.601	0.287	0.200	3.688	-335551.248
2	16	10000	9978	0.5140	0.257	0.296	0.293	0.305	0.298	0.297	0.300	0.301	0.317	0.291	0.289	0.314	0.304	0.301	0.293	0.334	0.300	0.294	0.307	0.296	0.305	0.298	0.301	0.299	0.309	0.304	0.299	0.286	0.307	0.298	1.994	0.598	0.301	0.202	3.824	-337185.358
3	16	10000	9978	0.5122	0.287	0.301	0.313	0.296	0.306	0.310	0.286	0.306	0.289	0.300	0.300	0.300	0.294	0.303	0.300	0.285	0.291	0.303	0.304	0.298	0.297	0.306	0.303	0.300	0.288	0.293	0.299	0.315	0.311	0.317	2.010	0.584	0.302	0.198	3.423	-337032.069
4	16	10000	9971	0.5130	0.285	0.300	0.299	0.293	0.314	0.302	0.294	0.307	0.298	0.295	0.306	0.299	0.311	0.314	0.305	0.307	0.282	0.311	0.285	0.300	0.297	0.307	0.301	0.310	0.308	0.304	0.301	0.305	0.307	0.291	2.009	0.600	0.300	0.200	3.942	-337084.803
5	16	10000	9962	0.5157	0.343	0.300	0.306	0.300	0.291	0.301	0.290	0.302	0.290	0.306	0.304	0.294	0.303	0.302	0.298	0.307	0.291	0.299	0.295	0.296	0.292	0.295	0.293	0.310	0.294	0.291	0.305	0.289	0.298	0.302	1.987	0.616	0.301	0.201	4.568	-335373.786
6	16	10000	9964	0.5127	0.277	0.322	0.303	0.301	0.294	0.312	0.296	0.298	0.302	0.294	0.300	0.304	0.311	0.317	0.294	0.305	0.308	0.318	0.303	0.307	0.308	0.297	0.299	0.297	0.300	0.298	0.306	0.297	0.312	0.301	2.027	0.602	0.302	0.201	3.636	-337789.232
7	16	10000	9975	0.5126	0.282	0.314	0.315	0.307	0.294	0.311	0.296	0.307	0.303	0.303	0.316	0.292	0.307	0.302	0.316	0.305	0.296	0.301	0.299	0.301	0.309	0.308	0.301	0.302	0.302	0.306	0.304	0.307	0.291	0.314	1.966	0.582	0.309	0.198	3.756	-339249.028
8	16	10000	9961	0.5128	0.306	0.303	0.315	0.277	0.316	0.289	0.297	0.298	0.313	0.324	0.297	0.299	0.299	0.301	0.293	0.318	0.283	0.292	0.293	0.298	0.301	0.296	0.299	0.309	0.301	0.303	0.300	0.305	0.308	0.300	2.001	0.605	0.304	0.201	4.419	-336690.657
9	16	10000	9972	0.5125	0.283	0.298	0.307	0.296	0.297	0.318	0.298	0.314	0.295	0.290	0.319	0.305	0.302	0.300	0.287	0.317	0.281	0.310	0.301	0.293	0.300	0.288	0.311	0.314	0.304	0.303	0.299	0.302	0.311	0.286	1.988	0.615	0.305	0.200	4.375	-336720.550
10	16	10000	9974	0.5137	0.303	0.304	0.283	0.291	0.309	0.302	0.310	0.298	0.300	0.315	0.311	0.298	0.280	0.303	0.302	0.295	0.304	0.290	0.310	0.293	0.290	0.313	0.291	0.299	0.297	0.302	0.305	0.307	0.292	0.300	2.002	0.602	0.302	0.197	3.753	-336378.550
111	16	10000	9969	0.5116	0.305	0.296	0.303	0.304	0.308	0.298	0.300	0.298	0.311	0.300	0.303	0.293	0.286	0.308	0.298	0.324	0.297	0.306	0.300	0.297	0.294	0.301	0.281	0.297	0.287	0.298	0.296	0.302	0.297	0.296	1.993	0.612	0.300	0.198	4.433	-335035.781
2	16	10000	9967	0.5151	0.292	0.284	0.293	0.298	0.291	0.299	0.300	0.306	0.295	0.304	0.302	0.302	0.299	0.291	0.295	0.318	0.288	0.304	0.299	0.286	0.310	0.307	0.296	0.304	0.275	0.306	0.303	0.294	0.308	0.294	2.009	0.609	0.296	0.203	3.897	-335390.729
3	16	10000	9958	0.5159	0.285	0.314	0.301	0.301	0.303	0.306	0.295	0.303	0.298	0.294	0.290	0.291	0.294	0.298	0.304	0.297	0.298	0.304	0.303	0.299	0.297	0.300	0.299	0.298	0.289	0.301	0.292	0.309	0.309	0.288	2.014	0.592	0.295	0.203	3.814	-335867.865
4	16	10000	9972	0.5129	0.325	0.313	0.300	0.292	0.303	0.300	0.296	0.292	0.304	0.283	0.301	0.299	0.300	0.297	0.289	0.277	0.298	0.298	0.306	0.311	0.293	0.300	0.306	0.312	0.295	0.298	0.303	0.305	0.303	0.281	1.996	0.603	0.297	0.200	4.041	-336157.701
5	16	10000	9964	0.5138	0.303	0.292	0.318	0.292	0.284	0.289	0.299	0.301	0.296	0.298	0.301	0.302	0.292	0.289	0.289	0.284	0.306	0.313	0.303	0.302	0.285	0.292	0.298	0.289	0.297	0.304	0.315	0.303	0.304	0.301	2.017	0.595	0.297	0.198	3.610	-335419.918
6	16	10000	9974	0.5146	0.334	0.309	0.295	0.295	0.297	0.300	0.304	0.303	0.299	0.290	0.281	0.296	0.302	0.304	0.303	0.282	0.304	0.297	0.294	0.297	0.299	0.301	0.304	0.313	0.288	0.302	0.298	0.295	0.298	0.299	2.003	0.599	0.291	0.202	3.909	-336317.937
7	16	10000	9972	0.5139	0.328	0.301	0.305	0.309	0.304	0.298	0.303	0.314	0.300	0.299	0.296	0.310	0.307	0.300	0.292	0.270	0.317	0.303	0.312	0.302	0.295	0.303	0.299	0.299	0.305	0.311	0.302	0.290	0.295	0.311	2.006	0.595	0.306	0.201	4.427	-338105.384
8	16	10000	9974	0.5143	0.279	0.297	0.295	0.286	0.302	0.301	0.300	0.300	0.301	0.301	0.296	0.298	0.302	0.305	0.310	0.322	0.297	0.301	0.301	0.304	0.302	0.297	0.301	0.300	0.293	0.293	0.301	0.285	0.294	0.303	1.994	0.591	0.299	0.198	3.577	-336095.457
9	16	10000	9972	0.5119	0.293	0.278	0.307	0.295	0.297	0.305	0.292	0.297	0.298	0.307	0.291	0.308	0.293	0.312	0.287	0.298	0.296	0.292	0.296	0.319	0.302	0.283	0.312	0.332	0.297	0.302	0.310	0.308	0.298	0.302	1.997	0.607	0.300	0.199	4.522	-336064.944
10	16	10000	9972	0.5129	0.314	0.301	0.295	0.303	0.295	0.297	0.297	0.311	0.273	0.315	0.282	0.304	0.314	0.300	0.314	0.326	0.311	0.288	0.295	0.306	0.298	0.300	0.297	0.295	0.286	0.299	0.307	0.284	0.292	0.304	1.974	0.615	0.308	0.202	5.107	-336363.747
111	16	10000	9967	0.5128	0.316	0.291	0.299	0.295	0.313	0.304	0.292	0.297	0.298	0.310	0.309	0.295	0.284	0.313	0.290	0.294	0.309	0.301	0.315	0.285	0.297	0.304	0.303	0.291	0.296	0.297	0.301	0.308	0.295	0.295	1.993	0.603	0.310	0.200	4.263	-336676.412
2	16	10000	9973	0.5131	0.333	0.296	0.297	0.302	0.302	0.299	0.306	0.311	0.316	0.288	0.301	0.293	0.299	0.290	0.294	0.260	0.306	0.291	0.302	0.289	0.295	0.309	0.287	0.307	0.298	0.303	0.298	0.287	0.311	0.297	2.013	0.590	0.301	0.198	3.540	-335470.686
3	16	10000	9972	0.5136	0.307	0.285	0.302	0.298	0.297	0.299	0.314	0.316	0.297	0.299	0.310	0.280	0.284	0.298	0.310	0.286	0.305	0.308	0.300	0.299	0.296	0.302	0.304	0.292	0.282	0.304	0.297	0.300	0.309	0.295	2.000	0.605	0.304	0.203	4.738	-336650.131
4	16	10000	9981	0.5143	0.292	0.295	0.284	0.300	0.288	0.306	0.318	0.309	0.302	0.290	0.306	0.297	0.302	0.297	0.289	0.314	0.277	0.296	0.297	0.296	0.307	0.311	0.294	0.317	0.299	0.302	0.299	0.295	0.300	0.310	2.012	0.604	0.302	0.199	3.634	-336245.422
5	16	10000	9978	0.5124	0.329	0.295	0.293	0.302	0.295	0.302	0.309	0.302	0.296	0.294	0.295	0.294	0.286	0.293	0.309	0.269	0.286	0.285	0.299	0.292	0.305	0.291	0.295	0.296	0.307	0.292	0.296	0.281	0.294	0.304	1.989	0.608	0.292	0.201	4.534	-334418.328
6	16	10000	9969	0.5124	0.256	0.277	0.315	0.301	0.296	0.293	0.312	0.283	0.288	0.311	0.296	0.297	0.285	0.305	0.301	0.326	0.292	0.298	0.294	0.293	0.295	0.298	0.300	0.300	0.291	0.283	0.311	0.300	0.304	0.302	2.021	0.608	0.291	0.198	3.945	-334419.099
7	16	10000	9963	0.5138	0.323	0.311	0.284	0.298	0.306	0.304	0.300	0.304	0.293	0.305	0.299	0.309	0.291	0.296	0.293	0.289	0.309	0.308	0.311	0.301	0.300	0.306	0.305	0.279	0.303	0.311	0.306	0.289	0.296	0.304	1.988	0.596	0.304	0.198	3.808	-337661.445
8	16	10000	9977	0.5180	0.322	0.315	0.293	0.296	0.304	0.294	0.292	0.305	0.306	0.297	0.298	0.300	0.290	0.299	0.307	0.307	0.313	0.293	0.310	0.289	0.308	0.293	0.310	0.298	0.301	0.296	0.297	0.307	0.290	0.300	2.003	0.597	0.301	0.197	4.302	-336557.696
9	16	10000	9975	0.5177	0.285	0.305	0.302	0.295	0.300	0.307	0.297	0.317	0.315	0.303	0.305	0.311	0.284	0.297	0.301	0.305	0.303	0.299	0.302	0.303	0.312	0.293	0.296	0.306	0.305	0.311	0.299	0.279	0.303	0.296	1.996	0.591	0.297	0.196	3.107	-337114.929
10	16	10000	9970	0.5152	0.293	0.312	0.300	0.315	0.301	0.290	0.300	0.303	0.313	0.301	0.296	0.303	0.296	0.297	0.301	0.277	0.298	0.303	0.307	0.299	0.301	0.309	0.301	0.289	0.290	0.300	0.297	0.307	0.298	0.314	2.003	0.596	0.299	0.199	3.872	-337053.347
111	16	10000	9977	0.5181	0.343	0.308	0.298	0.288	0.306	0.315	0.305	0.294	0.302	0.306	0.309	0.291	0.300	0.299	0.306	0.292	0.297	0.300	0.301	0.310	0.301	0.319	0.297	0.295	0.302	0.308	0.309	0.302	0.295	0.297	2.007	0.599	0.308	0.201	3.849	-338386.111
2	16	10000	9975	0.5135	0.324	0.298	0.291	0.302	0.298	0.312	0.299	0.305	0.299	0.294	0.293	0.292	0.305	0.302	0.295	0.249	0.306	0.290	0.314	0.308	0.304	0.305	0.300	0.316	0.298	0.296	0.311	0.291	0.297	0.298	2.022	0.601	0.310	0.199	3.833	-336631.859
3	16	10000	9975	0.5100	0.310	0.308	0.316	0.295	0.302	0.309	0.301	0.306	0.310	0.307	0.298	0.307	0.296	0.304	0.306	0.279	0.298	0.303	0.314	0.306	0.307	0.283	0.294	0.301	0.301	0.310	0.302	0.296	0.294	0.302	1.995	0.595	0.310	0.200	4.178	-338185.160
4	16	10000	9969	0.5102	0.316	0.298	0.316	0.290	0.311	0.299	0.293	0.306	0.294	0.304	0.295	0.300	0.312	0.307	0.307	0.274	0.309	0.314	0.302	0.295	0.298	0.292	0.306	0.294	0.299	0.316	0.294	0.299	0.298	0.302	1.986	0.594	0.296	0.204	4.307	-337962.999
5	16	10000	9957	0.5137	0.273	0.304	0.301	0.283	0.296	0.307	0.313	0.290	0.299	0.308	0.294	0.297	0.309	0.294	0.295	0.307	0.307	0.302	0.305	0.294	0.297	0.297	0.309	0.301	0.309	0.299	0.309	0.309	0.304	0.298	2.014	0.582	0.307	0.195	3.851	-336520.691
6	16	10000	9971	0.5138	0.275	0.298	0.305	0.305	0.301	0.293	0.307	0.294	0.290	0.294	0.313	0.311	0.302	0.302	0.302	0.313	0.304	0.302	0.301	0.294	0.301	0.309	0.291	0.295	0.304	0.308	0.283	0.308	0.302	0.301	2.010	0.594	0.301	0.200	4.029	-337125.780
7	16	10000	9979	0.5152	0.353	0.292	0.301	0.300	0.313	0.288	0.308	0.300	0.298	0.307	0.294	0.300	0.300	0.307	0.298	0.271	0.304	0.293	0.311	0.277	0.314	0.302	0.297	0.299	0.289	0.302	0.306	0.306	0.299	0.290	2.005	0.595	0.293	0.203	3.915	-337335.595
8	16	10000	9962	0.5129	0.304	0.307	0.308	0.288	0.315	0.304	0.288	0.300	0.292	0.296	0.301	0.292	0.302	0.301	0.299	0.294	0.293	0.305	0.300	0.291	0.311	0.296	0.294	0.308	0.310	0.308	0.304	0.311	0.309	0.303	2.013	0.591	0.304	0.201	3.270	-337712.029
9	16	10000	9973	0.5119	0.259	0.307	0.293	0.303	0.301	0.294	0.310	0.287	0.311	0.309	0.290	0.301	0.309	0.292	0.306	0.316	0.319	0.297	0.296	0.302	0.293	0.317	0.298	0.304	0.299	0.296	0.304	0.296	0.293	0.300	2.008	0.585	0.299	0.201	3.402	-337093.542
10	16	10000	9978	0.5121	0.286	0.310	0.312	0.285	0.281	0.292	0.305	0.307	0.279	0.313	0.300	0.287	0.298	0.298	0.299	0.302	0.313	0.309	0.307	0.298	0.295	0.302	0.300	0.293	0.303	0.293	0.290	0.305	0.305	0.295	2.003	0.602	0.301	0.197	4.113	-335352.459
111	16	10000	9970	0.5158	0.325	0.290	0.307	0.303	0.290	0.302	0.297	0.308	0.310	0.299	0.298	0.297	0.292	0.298	0.303	0.287	0.284	0.297	0.304	0.293	0.295	0.307	0.299	0.301	0.294	0.308	0.287	0.307	0.304	0.300	1.988	0.604	0.291	0.198	4.213	-335469.827
2	16	10000	9967	0.5140	0.310	0.297	0.311	0.302	0.310	0.304	0.302	0.305	0.306	0.297	0.294	0.295	0.291	0.305	0.301	0.290	0.297	0.313	0.297	0.305	0.299	0.314	0.291	0.310	0.298	0.297	0.302	0.303	0.307	0.287	1.991	0.608	0.306	0.201	4.016	-337216.202
3	16	10000	9978	0.5116	0.296	0.299	0.312	0.308	0.293	0.312	0.306	0.303	0.299	0.303	0.302	0.297	0.303	0.291	0.304	0.308	0.305	0.309	0.294	0.316	0.323	0.303	0.301	0.299	0.306	0.313	0.296	0.296	0.295	0.316	1.998	0.588	0.294	0.202	3.878	-338759.809
4	16	10000	9966	0.5134	0.333	0.312	0.295	0.304	0.297	0.304	0.292	0.299	0.279	0.301	0.301	0.296	0.299	0.311	0.292	0.289	0.291	0.306	0.313	0.292	0.297	0.303	0.299	0.284	0.298	0.296	0.308	0.305	0.303	0.304	2.048	0.609	0.304	0.199	4.773	-335419.556
5	16	10000	9977	0.5134	0.293	0.297	0.291	0.302	0.306	0.301	0.296	0.296	0.313	0.290	0.300	0.299	0.289	0.306	0.294	0.298	0.307	0.306	0.302	0.307	0.304	0.296	0.295	0.303	0.310	0.292	0.296	0.296	0.298	0.296	2.015	0.596	0.299	0.199	4.244	-335810.711
6	16	10000	9959	0.5147	0.295	0.295	0.301	0.301	0.291	0.305	0.291	0.296	0.291	0.298	0.301	0.298	0.308	0.298	0.313	0.293	0.293	0.299	0.297	0.305	0.302	0.293	0.297	0.290	0.298	0.299	0.296	0.291	0.290	0.308	1.995	0.618	0.298	0.200	4.084	-335058.610
7	16	10000	9980	0.5181	0.256	0.306	0.295	0.305	0.305	0.301	0.300	0.293	0.293	0.290	0.313	0.305	0.302	0.300	0.305	0.333	0.317	0.297	0.306	0.291	0.306	0.304	0.311	0.305	0.309	0.294	0.303	0.279	0.303	0.298	2.011	0.586	0.297	0.199	3.691	-337082.484
8	16	10000	9966	0.5110	0.307	0.298	0.301	0.303	0.300	0.299	0.298	0.298	0.298	0.290	0.291	0.291	0.302	0.300	0.302	0.255	0.284	0.301	0.305	0.302	0.289	0.300	0.291	0.321	0.300	0.298	0.293	0.300	0.299	0.302	2.021	0.592	0.293	0.199	3.663	-335093.358
9	16	10000	9965	0.5138	0.318	0.312	0.288	0.301	0.310	0.298	0.298	0.307	0.307	0.299	0.305	0.305	0.305	0.296	0.296	0.255	0.301	0.303	0.301	0.309	0.279	0.299	0.311	0.290	0.293	0.292	0.302	0.302	0.299	0.309	2.019	0.580	0.297	0.200	3.235	-336944.175
10	16	10000	9970	0.5130	0.323	0.286	0.291	0.297	0.303	0.304	0.302	0.293	0.301	0.298	0.301	0.306	0.311	0.309	0.304	0.276	0.294	0.290	0.297	0.308	0.311	0.294	0.305	0.292	0.297	0.302	0.293	0.289	0.299	0.308	2.005	0.616	0.305	0.202	4.745	-336341.484
111	16	10000	9973	0.5198	0.338	0.296	0.307	0.297	0.304	0.299	0.306	0.289	0.296	0.306	0.304	0.306	0.300	0.296	0.294	0.252	0.298	0.300	0.297	0.299	0.306	0.304	0.308	0.302	0.292	0.298	0.308	0.295	0.289	0.298	2.011	0.594	0.295	0.204	4.087	-336982.812
2	16	10000	9963	0.5124	0.297	0.303	0.300	0.302	0.292	0.306	0.303	0.305	0.312	0.299	0.291	0.306	0.288	0.300	0.301	0.296	0.283	0.296	0.290	0.327	0.310	0.296	0.299	0.309	0.307	0.290	0.309	0.312	0.290	0.313	2.012	0.590	0.300	0.199	3.699	-336527.783
3	16	10000	9972	0.5097	0.326	0.293	0.302	0.310	0.299	0.295	0.300	0.306	0.332	0.303	0.302	0.311	0.306	0.297	0.311	0.299	0.287	0.308	0.305	0.300	0.307	0.292	0.296	0.297	0.304	0.294	0.306	0.305	0.295	0.306	1.982	0.605	0.308	0.201	4.768	-338434.584
4	16	10000	9975	0.5102	0.317	0.302	0.296	0.304	0.301	0.309	0.291	0.297	0.311	0.301	0.311	0.291	0.307	0.297	0.307	0.306	0.300	0.288	0.304	0.296	0.313	0.310	0.290	0.297	0.294	0.301	0.304	0.294	0.290	0.304	1.990	0.599	0.299	0.200	4.174	-336610.997
5	16	10000	9968	0.5133	0.310	0.293	0.302	0.299	0.296	0.286	0.303	0.302	0.301	0.290	0.305	0.303	0.294	0.306	0.283	0.302	0.301	0.300	0.301	0.309	0.300	0.288	0.301	0.298	0.298	0.299	0.279	0.297	0.302	0.307	1.985	0.609	0.297	0.198	4.259	-335259.831
6	16	10000	9967	0.5151	0.313	0.285	0.295	0.294	0.298	0.309	0.291	0.307	0.294	0.317	0.295	0.305	0.293	0.295	0.298	0.311	0.296	0.301	0.291	0.315	0.295	0.297	0.300	0.314	0.293	0.311	0.295	0.309	0.294	0.293	1.971	0.604	0.314	0.201	4.809	-336961.549
7	16	10000	9976	0.5111	0.247	0.300	0.303	0.302	0.309	0.285	0.298	0.287	0.299	0.300	0.291	0.315	0.292	0.302	0.308	0.307	0.332	0.290	0.306	0.299	0.300	0.293	0.293	0.304	0.308	0.307	0.315	0.301	0.294	0.304	2.022	0.588	0.299	0.199	3.689	-336518.462
8	16	10000	9985	0.5125	0.298	0.297	0.302	0.296	0.292	0.298	0.290	0.302	0.302	0.308	0.302	0.288	0.296	0.294	0.318	0.334	0.305	0.306	0.313	0.294	0.283	0.291	0.313	0.270	0.310	0.302	0.298	0.312	0.286	0.293	2.031	0.617	0.305	0.202	4.473	-336117.275
9	16	10000	9962	0.5131	0.318	0.308	0.295	0.311	0.299	0.293	0.308	0.294	0.305	0.307	0.302	0.312	0.303	0.301	0.301	0.305	0.301	0.309	0.308	0.307	0.298	0.293	0.310	0.304	0.296	0.303	0.293	0.294	0.295	0.288	2.013	0.603	0.305	0.200	4.467	-337340.590
10	16	10000	9965	0.5130	0.347	0.303	0.306	0.308	0.295	0.307	0.293	0.310	0.296	0.308	0.311	0.304	0.320	0.294	0.312	0.273	0.297	0.306	0.316	0.291	0.295	0.293	0.303	0.306	0.291	0.309	0.296	0.298	0.297	0.306	1.992	0.610	0.307	0.199	4.602	-337778.773
111	16	10000	9963	0.5098	0.272	0.300	0.302	0.307	0.293	0.303	0.305	0.298	0.292	0.305	0.283	0.316	0.319	0.308	0.290	0.321	0.286	0.292	0.299	0.302	0.297	0.308	0.289	0.307	0.309	0.292	0.300	0.297	0.308	0.295	2.009	0.595	0.301	0.202	3.227	-336237.656
2	16	10000	9969	0.5139	0.299	0.299	0.302	0.297	0.309	0.316	0.298	0.304	0.302	0.301	0.304	0.294	0.295	0.289	0.298	0.299	0.309	0.283	0.306	0.297	0.298	0.296	0.306	0.297	0.301	0.293	0.297	0.288	0.309	0.298	2.029	0.605	0.303	0.202	4.502	-335992.646
3	16	10000	9968	0.5131	0.307	0.276	0.291	0.293	0.294	0.284	0.293	0.301	0.294	0.290	0.297	0.303	0.294	0.279	0.301	0.301	0.287	0.290	0.305	0.298	0.303	0.307	0.288	0.280	0.297	0.297	0.295	0.296	0.293	0.305	1.972	0.610	0.294	0.197	3.708	-333110.919
4	16	10000	9961	0.5119	0.250	0.311	0.308	0.297	0.307	0.292	0.290	0.302	0.291	0.297	0.294	0.297	0.313	0.295	0.302	0.322	0.295	0.303	0.306	0.306	0.300	0.295	0.296	0.295	0.287	0.307	0.306	0.310	0.296	0.302	2.014	0.583	0.293	0.200	3.325	-336511.531
5	16	10000	9965	0.5151	0.308	0.291	0.309	0.290	0.310	0.298	0.300	0.305	0.297	0.306	0.308	0.299	0.295	0.303	0.307	0.309	0.301	0.299	0.294	0.315	0.296	0.294	0.306	0.307	0.314	0.311	0.292	0.290	0.292	0.301	1.993	0.599	0.292	0.199	4.371	-336376.537
6	16	10000	9957	0.5152	0.287	0.297	0.296	0.296	0.313	0.309	0.289	0.311	0.294	0.307	0.299	0.298	0.306	0.296	0.296	0.309	0.298	0.315	0.298	0.299	0.294	0.303	0.304	0.294	0.298	0.301	0.299	0.294	0.294	0.301	1.992	0.600	0.309	0.199	4.904	-336169.864
7	16	10000	9975	0.5137	0.285	0.291	0.310	0.289	0.304	0.304	0.307	0.298	0.293	0.288	0.297	0.298	0.317	0.296	0.303	0.314	0.300	0.311	0.305	0.291	0.301	0.306	0.301	0.297	0.308	0.320	0.296	0.293	0.294	0.303	2.013	0.598	0.304	0.201	3.813	-337005.320
8	16	10000	9964	0.5157	0.286	0.298	0.297	0.309	0.300	0.301	0.315	0.298	0.319	0.304	0.306	0.289	0.298	0.308	0.307	0.314	0.307	0.301	0.295	0.296	0.298	0.299	0.312	0.319	0.306	0.314	0.299	0.312	0.300	0.309	2.016	0.594	0.311	0.201	3.927	-339102.041
9	16	10000	9969	0.5145	0.293	0.291	0.302	0.302	0.284	0.297	0.292	0.310	0.296	0.301	0.301	0.295	0.301	0.316	0.284	0.301	0.298	0.298	0.288	0.306	0.295	0.305	0.301	0.296	0.294	0.297	0.300	0.301	0.304	0.290	1.992	0.600	0.307	0.201	4.188	-335749.083
10	16	10000	9965	0.5153	0.312	0.297	0.302	0.300	0.301	0.296	0.304	0.313	0.297	0.301	0.298	0.303	0.306	0.314	0.291	0.302	0.275	0.310	0.286	0.307	0.288	0.300	0.297	0.309	0.291	0.289	0.303	0.298	0.301	0.296	1.993	0.612	0.309	0.200	4.303	-336481.647
