1	8	10000	9276	0.5166	0.297	0.284	0.294	0.297	0.307	0.303	0.299	0.288	0.299	0.298	0.301	0.302	0.305	0.295	1.980	0.605	0.300	0.206	-178406.083
2	8	10000	9253	0.5097	0.305	0.280	0.306	0.289	0.303	0.287	0.316	0.286	0.290	0.302	0.301	0.299	0.302	0.296	1.981	0.607	0.298	0.195	-177715.094
3	8	10000	9255	0.5128	0.299	0.307	0.297	0.301	0.298	0.302	0.288	0.284	0.303	0.297	0.298	0.302	0.302	0.318	1.980	0.576	0.295	0.195	-178769.981
4	8	10000	9215	0.5113	0.312	0.292	0.298	0.285	0.299	0.309	0.289	0.287	0.324	0.302	0.301	0.288	0.304	0.302	1.951	0.587	0.296	0.194	-178204.326
5	8	10000	9300	0.5109	0.323	0.308	0.305	0.297	0.296	0.315	0.300	0.281	0.303	0.302	0.312	0.312	0.308	0.291	2.006	0.607	0.299	0.203	-179456.240
6	8	10000	9237	0.5165	0.291	0.303	0.296	0.290	0.305	0.299	0.291	0.315	0.294	0.301	0.303	0.309	0.283	0.309	2.011	0.620	0.305	0.200	-177987.701
7	8	10000	9297	0.5171	0.284	0.292	0.291	0.308	0.294	0.295	0.305	0.315	0.310	0.297	0.296	0.295	0.293	0.294	1.975	0.598	0.290	0.205	-178428.962
8	8	10000	9291	0.5125	0.312	0.311	0.297	0.298	0.304	0.304	0.302	0.293	0.300	0.307	0.304	0.299	0.317	0.303	2.019	0.597	0.313	0.198	-179745.110
9	8	10000	9336	0.5147	0.271	0.302	0.296	0.304	0.310	0.308	0.294	0.340	0.288	0.284	0.320	0.303	0.306	0.301	1.986	0.595	0.289	0.205	-179315.727
10	8	10000	9270	0.5118	0.295	0.307	0.304	0.292	0.298	0.305	0.296	0.306	0.306	0.319	0.301	0.283	0.304	0.298	2.035	0.616	0.306	0.196	-178517.999
11	8	10000	9272	0.5106	0.298	0.317	0.314	0.312	0.298	0.309	0.294	0.280	0.302	0.300	0.307	0.291	0.303	0.296	2.023	0.599	0.300	0.199	-179037.757
12	8	10000	9279	0.5164	0.334	0.298	0.305	0.295	0.310	0.302	0.296	0.270	0.300	0.307	0.297	0.289	0.317	0.298	2.004	0.585	0.294	0.201	-179219.188
13	8	10000	9269	0.5114	0.290	0.297	0.322	0.297	0.293	0.309	0.290	0.317	0.295	0.306	0.308	0.307	0.303	0.304	1.969	0.616	0.311	0.199	-179384.157
14	8	10000	9258	0.5132	0.317	0.295	0.290	0.324	0.302	0.315	0.309	0.307	0.296	0.303	0.304	0.298	0.295	0.299	2.058	0.580	0.305	0.198	-179535.466
15	8	10000	9288	0.5190	0.290	0.300	0.294	0.293	0.297	0.294	0.306	0.313	0.283	0.289	0.293	0.313	0.295	0.308	2.029	0.584	0.293	0.200	-178080.205
16	8	10000	9271	0.5125	0.280	0.313	0.301	0.318	0.299	0.293	0.304	0.307	0.303	0.289	0.294	0.312	0.298	0.305	1.987	0.593	0.317	0.193	-178976.442
17	8	10000	9263	0.5120	0.281	0.298	0.289	0.301	0.303	0.293	0.306	0.314	0.304	0.304	0.299	0.306	0.302	0.297	2.009	0.605	0.299	0.200	-178369.331
18	8	10000	9287	0.5162	0.291	0.304	0.299	0.307	0.304	0.295	0.299	0.294	0.304	0.289	0.295	0.298	0.320	0.296	2.011	0.625	0.303	0.204	-178871.327
19	8	10000	9258	0.5110	0.292	0.293	0.295	0.287	0.318	0.294	0.296	0.313	0.295	0.306	0.295	0.306	0.294	0.299	1.984	0.623	0.313	0.198	-178136.360
20	8	10000	9278	0.5152	0.306	0.313	0.297	0.296	0.300	0.299	0.303	0.297	0.315	0.299	0.314	0.304	0.296	0.304	1.997	0.611	0.314	0.200	-179366.500
21	8	10000	9320	0.5149	0.281	0.283	0.283	0.303	0.316	0.301	0.296	0.319	0.296	0.302	0.305	0.304	0.300	0.307	1.994	0.585	0.286	0.200	-178613.105
22	8	10000	9263	0.5150	0.301	0.304	0.294	0.302	0.287	0.293	0.287	0.308	0.299	0.297	0.298	0.298	0.306	0.295	2.037	0.637	0.308	0.200	-177444.878
23	8	10000	9270	0.5131	0.263	0.289	0.305	0.298	0.305	0.301	0.297	0.337	0.306	0.304	0.294	0.305	0.296	0.291	1.966	0.612	0.309	0.196	-178308.134
24	8	10000	9249	0.5126	0.300	0.300	0.304	0.296	0.306	0.300	0.298	0.317	0.298	0.295	0.297	0.294	0.308	0.302	2.002	0.611	0.286	0.197	-178232.198
25	8	10000	9283	0.5106	0.287	0.294	0.303	0.294	0.299	0.299	0.298	0.326	0.296	0.300	0.292	0.307	0.304	0.307	2.005	0.606	0.291	0.204	-178502.014
26	8	10000	9293	0.5133	0.313	0.305	0.295	0.298	0.286	0.317	0.288	0.272	0.303	0.305	0.289	0.292	0.301	0.304	1.984	0.578	0.288	0.201	-178375.911
27	8	10000	9311	0.5123	0.280	0.288	0.295	0.300	0.310	0.307	0.294	0.336	0.315	0.296	0.307	0.292	0.301	0.287	2.031	0.597	0.312	0.204	-178961.813
28	8	10000	9263	0.5176	0.285	0.308	0.305	0.301	0.302	0.308	0.305	0.320	0.306	0.305	0.305	0.301	0.310	0.298	2.032	0.594	0.315	0.194	-179475.264
29	8	10000	9287	0.5171	0.302	0.300	0.289	0.293	0.323	0.310	0.296	0.302	0.305	0.292	0.311	0.298	0.303	0.299	2.026	0.610	0.308	0.195	-178830.481
30	8	10000	9218	0.5156	0.343	0.312	0.295	0.295	0.292	0.297	0.299	0.255	0.303	0.293	0.302	0.293	0.298	0.305	2.042	0.595	0.297	0.197	-178105.868
31	8	10000	9271	0.5136	0.288	0.306	0.302	0.300	0.312	0.313	0.302	0.304	0.304	0.296	0.307	0.280	0.298	0.299	1.975	0.598	0.313	0.196	-178936.986
32	8	10000	9294	0.5174	0.260	0.311	0.299	0.294	0.305	0.294	0.301	0.343	0.296	0.303	0.295	0.302	0.294	0.296	2.003	0.596	0.305	0.199	-178607.154
33	8	10000	9305	0.5106	0.283	0.300	0.312	0.294	0.304	0.304	0.312	0.310	0.282	0.300	0.315	0.305	0.292	0.299	1.999	0.597	0.287	0.205	-179081.922
34	8	10000	9292	0.5151	0.288	0.313	0.307	0.302	0.307	0.292	0.297	0.308	0.284	0.292	0.310	0.306	0.297	0.309	2.015	0.566	0.294	0.198	-179259.835
35	8	10000	9245	0.5113	0.287	0.302	0.299	0.315	0.296	0.297	0.293	0.308	0.319	0.300	0.303	0.289	0.291	0.290	1.979	0.607	0.302	0.197	-178363.188
36	8	10000	9267	0.5122	0.283	0.296	0.302	0.307	0.316	0.309	0.307	0.320	0.284	0.291	0.300	0.323	0.301	0.304	2.032	0.602	0.306	0.195	-178905.469
37	8	10000	9224	0.5173	0.316	0.284	0.292	0.279	0.303	0.308	0.299	0.264	0.297	0.300	0.296	0.286	0.290	0.293	1.968	0.615	0.299	0.207	-177254.605
38	8	10000	9265	0.5111	0.290	0.304	0.297	0.300	0.297	0.292	0.308	0.298	0.293	0.302	0.304	0.295	0.294	0.302	1.963	0.586	0.297	0.198	-178482.721
39	8	10000	9283	0.5113	0.310	0.297	0.286	0.309	0.311	0.296	0.302	0.323	0.315	0.293	0.298	0.311	0.301	0.288	2.014	0.611	0.295	0.201	-178858.614
40	8	10000	9283	0.5130	0.282	0.318	0.302	0.304	0.286	0.308	0.316	0.330	0.297	0.295	0.298	0.292	0.289	0.299	2.039	0.627	0.309	0.202	-178564.246
41	8	10000	9250	0.5145	0.312	0.312	0.302	0.288	0.297	0.300	0.324	0.293	0.317	0.315	0.303	0.309	0.304	0.291	1.981	0.586	0.310	0.195	-179818.621
42	8	10000	9270	0.5137	0.319	0.295	0.297	0.306	0.298	0.312	0.314	0.274	0.299	0.303	0.297	0.294	0.294	0.308	2.003	0.599	0.301	0.202	-178987.837
43	8	10000	9289	0.5144	0.295	0.294	0.304	0.295	0.304	0.298	0.291	0.307	0.292	0.311	0.310	0.300	0.303	0.302	2.013	0.592	0.301	0.201	-178843.153
44	8	10000	9280	0.5114	0.313	0.309	0.304	0.301	0.306	0.299	0.304	0.265	0.310	0.296	0.303	0.295	0.298	0.293	1.995	0.609	0.313	0.204	-178994.723
45	8	10000	9243	0.5118	0.285	0.296	0.317	0.309	0.281	0.295	0.309	0.308	0.302	0.295	0.297	0.300	0.298	0.291	1.955	0.600	0.309	0.198	-178493.519
46	8	10000	9262	0.5127	0.287	0.299	0.312	0.301	0.295	0.302	0.313	0.297	0.301	0.292	0.295	0.308	0.294	0.306	2.017	0.572	0.300	0.191	-178552.413
47	8	10000	9265	0.5088	0.324	0.312	0.295	0.312	0.285	0.303	0.305	0.271	0.301	0.311	0.309	0.322	0.308	0.314	2.008	0.574	0.312	0.190	-179831.337
48	8	10000	9279	0.5142	0.305	0.308	0.304	0.304	0.312	0.306	0.305	0.306	0.306	0.303	0.309	0.296	0.296	0.299	1.998	0.594	0.300	0.205	-180016.962
49	8	10000	9286	0.5121	0.289	0.308	0.292	0.301	0.292	0.293	0.289	0.335	0.302	0.300	0.304	0.297	0.290	0.304	2.000	0.595	0.310	0.204	-178777.874
50	8	10000	9299	0.5166	0.286	0.295	0.301	0.304	0.299	0.300	0.288	0.297	0.299	0.297	0.296	0.322	0.303	0.297	2.011	0.608	0.304	0.198	-178404.137
51	8	10000	9284	0.5115	0.271	0.302	0.288	0.297	0.298	0.300	0.291	0.333	0.295	0.309	0.282	0.301	0.314	0.318	1.997	0.574	0.288	0.202	-178869.822
52	8	10000	9253	0.5128	0.279	0.303	0.300	0.298	0.304	0.303	0.296	0.317	0.300	0.300	0.288	0.305	0.304	0.300	1.971	0.566	0.269	0.200	-178589.354
53	8	10000	9241	0.5127	0.298	0.294	0.300	0.305	0.315	0.300	0.300	0.288	0.292	0.297	0.303	0.309	0.303	0.295	2.059	0.599	0.306	0.201	-178573.963
54	8	10000	9265	0.5110	0.291	0.287	0.309	0.307	0.311	0.305	0.294	0.323	0.315	0.286	0.300	0.297	0.306	0.296	2.017	0.615	0.303	0.200	-178746.725
55	8	10000	9279	0.5119	0.337	0.305	0.305	0.300	0.286	0.297	0.300	0.265	0.311	0.296	0.297	0.295	0.291	0.293	1.980	0.614	0.291	0.201	-177701.927
56	8	10000	9294	0.5144	0.301	0.296	0.299	0.300	0.289	0.304	0.302	0.297	0.287	0.299	0.305	0.313	0.300	0.288	1.994	0.618	0.292	0.206	-178319.200
57	8	10000	9243	0.5115	0.299	0.305	0.285	0.298	0.297	0.308	0.298	0.299	0.305	0.300	0.298	0.295	0.302	0.293	2.016	0.592	0.313	0.195	-178007.793
58	8	10000	9288	0.5120	0.272	0.299	0.322	0.298	0.305	0.290	0.300	0.311	0.306	0.293	0.310	0.299	0.304	0.311	1.993	0.563	0.302	0.204	-180036.657
59	8	10000	9257	0.5148	0.307	0.307	0.290	0.306	0.292	0.301	0.304	0.300	0.296	0.292	0.299	0.293	0.298	0.292	1.976	0.610	0.311	0.204	-178610.554
60	8	10000	9250	0.5147	0.305	0.291	0.304	0.304	0.315	0.307	0.296	0.291	0.287	0.305	0.296	0.322	0.288	0.298	2.000	0.628	0.305	0.205	-178906.222
61	8	10000	9243	0.5144	0.298	0.306	0.296	0.298	0.290	0.298	0.299	0.285	0.290	0.312	0.284	0.298	0.303	0.289	1.972	0.598	0.289	0.197	-177391.259
62	8	10000	9297	0.5128	0.261	0.311	0.306	0.302	0.290	0.308	0.311	0.316	0.303	0.294	0.302	0.308	0.300	0.296	1.961	0.590	0.296	0.205	-179360.140
63	8	10000	9295	0.5127	0.318	0.288	0.303	0.306	0.300	0.287	0.297	0.302	0.278	0.309	0.287	0.311	0.296	0.287	1.991	0.606	0.310	0.202	-178249.424
64	8	10000	9272	0.5133	0.269	0.312	0.287	0.305	0.306	0.297	0.307	0.316	0.303	0.307	0.301	0.300	0.316	0.300	2.012	0.599	0.295	0.198	-179114.296
65	8	10000	9255	0.5139	0.311	0.313	0.301	0.303	0.300	0.303	0.289	0.289	0.297	0.301	0.307	0.313	0.297	0.306	2.011	0.590	0.295	0.198	-179084.838
66	8	10000	9290	0.5165	0.303	0.302	0.302	0.303	0.299	0.321	0.301	0.324	0.288	0.311	0.296	0.286	0.297	0.290	1.996	0.612	0.304	0.196	-178704.431
67	8	10000	9286	0.5121	0.287	0.320	0.285	0.317	0.304	0.295	0.306	0.305	0.312	0.292	0.301	0.301	0.310	0.314	1.998	0.601	0.307	0.203	-179949.252
68	8	10000	9303	0.5133	0.294	0.304	0.291	0.298	0.302	0.300	0.308	0.313	0.301	0.296	0.303	0.304	0.307	0.293	1.989	0.617	0.303	0.199	-178600.418
69	8	10000	9281	0.5094	0.340	0.290	0.297	0.302	0.308	0.314	0.290	0.278	0.288	0.299	0.301	0.305	0.301	0.290	2.032	0.586	0.306	0.202	-178593.726
70	8	10000	9283	0.5152	0.337	0.305	0.299	0.298	0.291	0.310	0.294	0.262	0.302	0.302	0.297	0.292	0.300	0.306	1.992	0.622	0.296	0.206	-178562.391
71	8	10000	9229	0.5149	0.311	0.302	0.303	0.286	0.310	0.293	0.284	0.306	0.297	0.307	0.307	0.309	0.308	0.290	1.980	0.577	0.296	0.197	-178598.814
72	8	10000	9304	0.5141	0.255	0.317	0.291	0.308	0.296	0.302	0.312	0.315	0.293	0.305	0.299	0.290	0.300	0.305	2.002	0.602	0.304	0.194	-178375.367
73	8	10000	9288	0.5158	0.259	0.286	0.305	0.297	0.301	0.298	0.295	0.329	0.305	0.295	0.297	0.307	0.301	0.305	2.017	0.591	0.294	0.200	-178386.427
74	8	10000	9250	0.5186	0.278	0.292	0.296	0.296	0.296	0.296	0.307	0.324	0.304	0.288	0.306	0.295	0.314	0.293	1.991	0.602	0.300	0.197	-178256.131
75	8	10000	9287	0.5150	0.314	0.310	0.298	0.306	0.292	0.306	0.299	0.284	0.310	0.292	0.300	0.312	0.300	0.311	2.011	0.600	0.312	0.199	-179328.479
76	8	10000	9323	0.5142	0.327	0.308	0.293	0.309	0.301	0.300	0.316	0.276	0.318	0.297	0.309	0.291	0.312	0.302	2.028	0.609	0.322	0.204	-179958.450
77	8	10000	9258	0.5150	0.308	0.296	0.300	0.303	0.293	0.302	0.298	0.287	0.281	0.301	0.304	0.298	0.305	0.314	2.014	0.585	0.298	0.198	-178665.282
78	8	10000	9330	0.5159	0.339	0.310	0.308	0.303	0.290	0.307	0.299	0.263	0.315	0.292	0.297	0.278	0.300	0.304	1.998	0.588	0.289	0.205	-179230.495
79	8	10000	9326	0.5150	0.269	0.307	0.291	0.295	0.284	0.302	0.299	0.347	0.287	0.299	0.308	0.299	0.301	0.298	2.052	0.594	0.290	0.201	-178285.436
80	8	10000	9265	0.5093	0.323	0.307	0.300	0.307	0.291	0.307	0.293	0.295	0.291	0.297	0.290	0.289	0.292	0.300	1.954	0.595	0.292	0.198	-178102.051
81	8	10000	9307	0.5140	0.266	0.304	0.304	0.311	0.290	0.303	0.304	0.343	0.311	0.296	0.298	0.317	0.299	0.304	2.002	0.605	0.299	0.198	-179301.210
82	8	10000	9305	0.5119	0.291	0.302	0.299	0.310	0.312	0.295	0.300	0.306	0.292	0.312	0.301	0.298	0.301	0.297	1.998	0.605	0.301	0.200	-178966.266
83	8	10000	9231	0.5111	0.288	0.285	0.304	0.301	0.302	0.290	0.300	0.295	0.293	0.293	0.300	0.301	0.301	0.290	2.031	0.604	0.297	0.196	-177207.534
84	8	10000	9294	0.5161	0.333	0.287	0.300	0.301	0.312	0.309	0.296	0.262	0.299	0.300	0.306	0.305	0.303	0.296	2.067	0.581	0.292	0.204	-179004.403
85	8	10000	9264	0.5152	0.260	0.296	0.314	0.290	0.293	0.297	0.294	0.317	0.308	0.301	0.306	0.294	0.291	0.313	2.052	0.588	0.294	0.198	-178122.018
86	8	10000	9278	0.5124	0.256	0.309	0.298	0.304	0.300	0.302	0.308	0.336	0.303	0.302	0.295	0.314	0.291	0.304	2.006	0.593	0.314	0.198	-178915.687
87	8	10000	9290	0.5080	0.270	0.304	0.297	0.298	0.291	0.291	0.296	0.325	0.303	0.295	0.311	0.306	0.310	0.307	2.003	0.608	0.309	0.204	-178830.535
88	8	10000	9216	0.5103	0.266	0.297	0.288	0.308	0.290	0.289	0.303	0.335	0.300	0.296	0.309	0.290	0.292	0.291	1.989	0.604	0.308	0.196	-177613.447
89	8	10000	9258	0.5140	0.332	0.282	0.299	0.309	0.317	0.304	0.297	0.282	0.296	0.296	0.297	0.295	0.303	0.297	1.950	0.604	0.295	0.200	-178580.357
90	8	10000	9271	0.5169	0.341	0.296	0.304	0.293	0.297	0.296	0.307	0.267	0.297	0.298	0.301	0.298	0.301	0.300	2.048	0.624	0.305	0.204	-178428.364
91	8	10000	9249	0.5128	0.331	0.298	0.308	0.296	0.310	0.295	0.286	0.279	0.299	0.301	0.304	0.300	0.301	0.307	1.993	0.589	0.304	0.193	-178741.375
92	8	10000	9238	0.5125	0.286	0.302	0.294	0.309	0.286	0.302	0.291	0.305	0.293	0.305	0.302	0.302	0.307	0.297	2.062	0.595	0.287	0.200	-177891.021
93	8	10000	9245	0.5154	0.302	0.291	0.297	0.296	0.305	0.299	0.278	0.275	0.301	0.306	0.293	0.291	0.294	0.276	1.986	0.612	0.302	0.205	-177083.223
94	8	10000	9244	0.5138	0.337	0.309	0.298	0.313	0.288	0.317	0.281	0.276	0.297	0.306	0.304	0.301	0.300	0.309	1.994	0.605	0.308	0.193	-178831.880
95	8	10000	9284	0.5071	0.273	0.296	0.294	0.301	0.298	0.289	0.305	0.318	0.316	0.301	0.305	0.306	0.304	0.305	1.980	0.598	0.293	0.198	-178535.648
96	8	10000	9264	0.5125	0.304	0.306	0.297	0.289	0.310	0.291	0.306	0.290	0.291	0.300	0.291	0.298	0.302	0.294	2.018	0.590	0.292	0.203	-178048.023
97	8	10000	9277	0.5142	0.313	0.298	0.304	0.299	0.283	0.291	0.301	0.279	0.301	0.305	0.306	0.302	0.302	0.299	1.976	0.592	0.293	0.200	-178518.728
98	8	10000	9251	0.5154	0.301	0.283	0.292	0.303	0.297	0.298	0.295	0.311	0.303	0.297	0.300	0.288	0.301	0.304	1.997	0.596	0.290	0.199	-177701.054
99	8	10000	9328	0.5135	0.290	0.299	0.305	0.295	0.297	0.297	0.313	0.323	0.304	0.299	0.302	0.303	0.299	0.300	2.018	0.621	0.312	0.203	-179271.073
100	8	10000	9270	0.5133	0.294	0.300	0.304	0.292	0.304	0.307	0.314	0.299	0.322	0.292	0.306	0.295	0.288	0.307	2.021	0.575	0.301	0.194	-179028.646
101	8	10000	9283	0.5128	0.260	0.310	0.308	0.291	0.303	0.313	0.303	0.331	0.309	0.289	0.294	0.312	0.294	0.299	2.033	0.604	0.289	0.207	-178967.486
102	8	10000	9285	0.5134	0.269	0.307	0.298	0.306	0.306	0.308	0.298	0.335	0.306	0.302	0.295	0.303	0.313	0.298	2.003	0.560	0.287	0.192	-179247.406
103	8	10000	9257	0.5139	0.314	0.304	0.300	0.298	0.306	0.308	0.304	0.280	0.295	0.297	0.309	0.297	0.302	0.295	1.989	0.593	0.295	0.200	-179069.479
104	8	10000	9272	0.5123	0.301	0.298	0.302	0.290	0.292	0.293	0.318	0.287	0.299	0.309	0.310	0.289	0.298	0.293	2.013	0.614	0.299	0.209	-178443.009
105	8	10000	9280	0.5122	0.309	0.305	0.297	0.306	0.302	0.302	0.304	0.293	0.297	0.298	0.299	0.304	0.299	0.297	1.978	0.588	0.308	0.200	-179166.096
106	8	10000	9278	0.5104	0.306	0.302	0.294	0.297	0.317	0.304	0.294	0.291	0.295	0.297	0.301	0.294	0.306	0.305	1.999	0.610	0.291	0.205	-178505.514
107	8	10000	9324	0.5124	0.316	0.302	0.307	0.301	0.312	0.320	0.297	0.272	0.304	0.302	0.299	0.291	0.308	0.303	1.990	0.607	0.304	0.205	-179657.488
108	8	10000	9290	0.5120	0.310	0.301	0.305	0.306	0.284	0.296	0.302	0.288	0.288	0.286	0.296	0.306	0.300	0.301	1.975	0.625	0.306	0.204	-178112.632
109	8	10000	9231	0.5124	0.334	0.310	0.305	0.287	0.287	0.309	0.305	0.276	0.298	0.306	0.304	0.307	0.299	0.307	2.001	0.595	0.300	0.194	-178966.099
110	8	10000	9258	0.5106	0.343	0.299	0.300	0.295	0.304	0.313	0.296	0.255	0.299	0.309	0.306	0.305	0.303	0.299	1.970	0.612	0.306	0.202	-179192.096
111	8	10000	9294	0.5122	0.323	0.301	0.307	0.305	0.320	0.290	0.301	0.286	0.313	0.306	0.304	0.314	0.297	0.294	2.035	0.580	0.300	0.194	-179421.948
112	8	10000	9236	0.5112	0.326	0.296	0.286	0.299	0.313	0.290	0.294	0.288	0.304	0.298	0.309	0.281	0.297	0.317	1.990	0.593	0.291	0.195	-178161.494
113	8	10000	9292	0.5135	0.260	0.294	0.293	0.298	0.320	0.308	0.301	0.345	0.301	0.303	0.304	0.308	0.303	0.291	2.016	0.596	0.293	0.198	-179061.016
114	8	10000	9267	0.5168	0.317	0.288	0.314	0.293	0.314	0.305	0.291	0.276	0.281	0.291	0.290	0.305	0.296	0.321	2.043	0.579	0.285	0.201	-178391.111
115	8	10000	9286	0.5128	0.341	0.310	0.289	0.299	0.297	0.303	0.307	0.280	0.304	0.300	0.307	0.294	0.304	0.306	2.047	0.605	0.318	0.204	-179455.389
116	8	10000	9281	0.5128	0.300	0.298	0.308	0.301	0.291	0.306	0.299	0.312	0.293	0.291	0.299	0.295	0.293	0.299	2.005	0.599	0.288	0.203	-178386.760
117	8	10000	9270	0.5161	0.277	0.300	0.305	0.284	0.292	0.300	0.300	0.314	0.290	0.297	0.296	0.302	0.297	0.305	1.997	0.599	0.305	0.198	-177998.621
118	8	10000	9277	0.5128	0.293	0.307	0.296	0.297	0.296	0.295	0.295	0.286	0.307	0.318	0.291	0.302	0.295	0.316	1.992	0.588	0.295	0.200	-178689.362
119	8	10000	9254	0.5146	0.274	0.290	0.300	0.304	0.306	0.301	0.291	0.319	0.302	0.305	0.305	0.288	0.312	0.283	2.030	0.586	0.303	0.198	-178367.333
120	8	10000	9260	0.5137	0.314	0.295	0.306	0.305	0.293	0.302	0.297	0.300	0.283	0.320	0.290	0.290	0.301	0.289	2.004	0.607	0.303	0.205	-178555.691
121	8	10000	9262	0.5164	0.330	0.301	0.304	0.302	0.313	0.302	0.299	0.288	0.310	0.301	0.283	0.300	0.306	0.297	1.997	0.625	0.322	0.202	-179250.618
122	8	10000	9265	0.5172	0.284	0.300	0.306	0.296	0.305	0.306	0.292	0.305	0.287	0.310	0.313	0.307	0.294	0.300	2.037	0.594	0.292	0.207	-179257.071
123	8	10000	9249	0.5133	0.327	0.295	0.282	0.297	0.303	0.308	0.285	0.289	0.296	0.285	0.298	0.308	0.282	0.310	2.030	0.619	0.306	0.203	-177775.303
124	8	10000	9296	0.5120	0.293	0.297	0.307	0.302	0.308	0.308	0.307	0.321	0.287	0.301	0.306	0.304	0.301	0.305	2.022	0.598	0.321	0.201	-179886.051
125	8	10000	9252	0.5155	0.337	0.293	0.298	0.290	0.285	0.300	0.296	0.262	0.295	0.302	0.289	0.289	0.292	0.298	2.018	0.603	0.299	0.204	-177460.621
126	8	10000	9223	0.5157	0.307	0.307	0.295	0.297	0.304	0.296	0.299	0.312	0.317	0.309	0.289	0.290	0.306	0.290	2.001	0.607	0.309	0.194	-178381.907
127	8	10000	9255	0.5171	0.264	0.292	0.305	0.298	0.308	0.296	0.304	0.308	0.309	0.305	0.302	0.307	0.298	0.309	1.985	0.593	0.285	0.198	-178747.777
128	8	10000	9268	0.5119	0.309	0.291	0.290	0.310	0.318	0.296	0.308	0.305	0.301	0.301	0.304	0.296	0.296	0.302	1.987	0.593	0.303	0.201	-179088.982
129	8	10000	9297	0.5096	0.296	0.298	0.286	0.308	0.309	0.288	0.317	0.291	0.305	0.291	0.301	0.308	0.291	0.301	1.986	0.574	0.282	0.201	-178508.591
130	8	10000	9274	0.5109	0.297	0.304	0.298	0.296	0.299	0.309	0.284	0.304	0.299	0.314	0.294	0.284	0.295	0.302	2.018	0.615	0.306	0.200	-178365.002
131	8	10000	9291	0.5157	0.302	0.309	0.320	0.295	0.286	0.292	0.300	0.322	0.303	0.296	0.315	0.291	0.299	0.323	1.991	0.616	0.299	0.200	-179639.473
132	8	10000	9328	0.5175	0.306	0.311	0.297	0.301	0.317	0.309	0.304	0.294	0.295	0.300	0.297	0.297	0.301	0.306	2.000	0.593	0.307	0.201	-179562.261
133	8	10000	9341	0.5158	0.283	0.293	0.301	0.304	0.296	0.303	0.313	0.325	0.307	0.289	0.314	0.307	0.301	0.317	1.991	0.588	0.297	0.198	-179720.471
134	8	10000	9295	0.5132	0.293	0.309	0.305	0.296	0.296	0.302	0.295	0.327	0.287	0.306	0.291	0.311	0.301	0.296	1.961	0.610	0.296	0.197	-178424.503
135	8	10000	9251	0.5096	0.300	0.300	0.313	0.295	0.299	0.304	0.304	0.298	0.296	0.308	0.306	0.285	0.307	0.294	2.034	0.573	0.307	0.202	-179218.933
136	8	10000	9258	0.5115	0.313	0.308	0.307	0.299	0.318	0.298	0.299	0.314	0.296	0.308	0.299	0.297	0.292	0.296	1.994	0.613	0.325	0.200	-179145.800
137	8	10000	9242	0.5139	0.262	0.301	0.296	0.300	0.305	0.295	0.302	0.340	0.291	0.294	0.292	0.305	0.294	0.284	1.979	0.612	0.304	0.207	-178111.322
138	8	10000	9273	0.5133	0.285	0.299	0.291	0.297	0.299	0.290	0.306	0.318	0.274	0.303	0.306	0.314	0.318	0.309	1.987	0.589	0.291	0.199	-178971.837
139	8	10000	9257	0.5163	0.310	0.305	0.298	0.309	0.285	0.289	0.304	0.301	0.281	0.303	0.299	0.290	0.307	0.295	1.978	0.602	0.306	0.198	-178318.158
140	8	10000	9204	0.5127	0.305	0.297	0.301	0.305	0.298	0.273	0.303	0.282	0.288	0.295	0.294	0.293	0.301	0.296	1.988	0.602	0.307	0.193	-177203.031
141	8	10000	9230	0.5120	0.298	0.301	0.302	0.304	0.297	0.284	0.299	0.292	0.299	0.280	0.298	0.311	0.299	0.293	2.013	0.572	0.289	0.194	-177571.009
142	8	10000	9298	0.5125	0.287	0.313	0.299	0.294	0.278	0.298	0.312	0.306	0.307	0.290	0.304	0.306	0.300	0.291	2.028	0.564	0.286	0.200	-178349.019
143	8	10000	9274	0.5131	0.288	0.303	0.310	0.309	0.299	0.295	0.307	0.325	0.294	0.294	0.307	0.299	0.292	0.294	1.999	0.611	0.306	0.197	-178707.319
144	8	10000	9250	0.5115	0.283	0.296	0.297	0.303	0.309	0.298	0.284	0.312	0.296	0.293	0.296	0.289	0.304	0.302	1.924	0.577	0.292	0.198	-178387.052
145	8	10000	9309	0.5161	0.257	0.295	0.295	0.291	0.297	0.310	0.307	0.322	0.299	0.299	0.297	0.307	0.298	0.302	1.975	0.577	0.302	0.199	-178778.086
146	8	10000	9328	0.5176	0.288	0.298	0.297	0.309	0.304	0.297	0.302	0.320	0.294	0.305	0.303	0.304	0.311	0.300	2.028	0.632	0.311	0.204	-179030.152
147	8	10000	9277	0.5131	0.301	0.289	0.290	0.310	0.297	0.312	0.298	0.293	0.298	0.298	0.290	0.292	0.301	0.294	2.010	0.632	0.295	0.208	-177815.209
148	8	10000	9297	0.5117	0.346	0.308	0.305	0.297	0.298	0.303	0.296	0.278	0.305	0.304	0.303	0.287	0.283	0.321	2.008	0.594	0.316	0.199	-179445.001
149	8	10000	9285	0.5179	0.291	0.316	0.289	0.310	0.288	0.306	0.298	0.307	0.290	0.301	0.308	0.291	0.291	0.294	2.029	0.600	0.302	0.203	-178418.876
150	8	10000	9294	0.5151	0.316	0.300	0.304	0.300	0.308	0.308	0.302	0.291	0.295	0.310	0.290	0.293	0.289	0.303	1.968	0.604	0.311	0.204	-179406.593
151	8	10000	9251	0.5175	0.330	0.297	0.297	0.299	0.299	0.297	0.303	0.264	0.310	0.308	0.287	0.308	0.308	0.301	2.015	0.611	0.284	0.201	-178279.184
152	8	10000	9293	0.5123	0.284	0.302	0.308	0.295	0.309	0.309	0.307	0.295	0.294	0.292	0.310	0.312	0.315	0.302	2.017	0.562	0.300	0.192	-179512.252
153	8	10000	9294	0.5145	0.297	0.312	0.304	0.318	0.309	0.296	0.301	0.339	0.297	0.299	0.302	0.294	0.302	0.302	2.045	0.612	0.310	0.198	-179473.742
154	8	10000	9226	0.5088	0.318	0.298	0.297	0.303	0.298	0.290	0.293	0.289	0.295	0.302	0.303	0.288	0.305	0.302	2.010	0.609	0.306	0.194	-177840.925
155	8	10000	9240	0.5124	0.244	0.293	0.307	0.283	0.297	0.290	0.305	0.330	0.292	0.301	0.297	0.293	0.303	0.289	2.003	0.594	0.287	0.199	-177240.985
156	8	10000	9263	0.5122	0.283	0.289	0.302	0.301	0.308	0.292	0.292	0.296	0.310	0.300	0.297	0.289	0.305	0.307	1.983	0.633	0.301	0.206	-178227.798
157	8	10000	9305	0.5133	0.291	0.295	0.300	0.313	0.295	0.292	0.309	0.339	0.308	0.308	0.298	0.290	0.295	0.309	2.015	0.599	0.314	0.203	-179759.809
158	8	10000	9284	0.5150	0.288	0.290	0.301	0.296	0.281	0.294	0.287	0.327	0.292	0.305	0.294	0.294	0.288	0.295	1.989	0.615	0.291	0.206	-177495.245
159	8	10000	9315	0.5140	0.341	0.300	0.292	0.298	0.292	0.296	0.304	0.281	0.309	0.300	0.297	0.294	0.315	0.295	1.984	0.624	0.304	0.202	-178874.024
160	8	10000	9289	0.5169	0.327	0.301	0.296	0.307	0.290	0.305	0.307	0.284	0.301	0.309	0.301	0.294	0.296	0.311	2.018	0.592	0.310	0.200	-179360.058
161	8	10000	9272	0.5128	0.332	0.285	0.300	0.297	0.306	0.289	0.307	0.276	0.303	0.311	0.303	0.277	0.297	0.303	2.013	0.577	0.288	0.200	-178544.710
162	8	10000	9269	0.5140	0.296	0.303	0.301	0.306	0.301	0.302	0.292	0.300	0.295	0.304	0.292	0.310	0.292	0.297	2.004	0.584	0.283	0.198	-178286.182
163	8	10000	9251	0.5157	0.289	0.295	0.305	0.293	0.298	0.288	0.302	0.327	0.293	0.308	0.295	0.312	0.309	0.299	1.985	0.622	0.303	0.202	-178838.445
164	8	10000	9287	0.5140	0.330	0.317	0.304	0.303	0.309	0.297	0.304	0.265	0.300	0.292	0.308	0.300	0.314	0.288	1.984	0.611	0.316	0.194	-179091.143
165	8	10000	9316	0.5138	0.313	0.295	0.307	0.294	0.321	0.306	0.291	0.279	0.297	0.297	0.312	0.305	0.304	0.296	2.032	0.588	0.305	0.206	-179446.329
166	8	10000	9320	0.5119	0.277	0.298	0.309	0.293	0.285	0.306	0.311	0.320	0.301	0.294	0.289	0.295	0.293	0.302	1.998	0.593	0.293	0.202	-178523.804
167	8	10000	9302	0.5152	0.315	0.293	0.305	0.297	0.301	0.300	0.302	0.310	0.296	0.293	0.315	0.301	0.299	0.299	2.011	0.625	0.308	0.201	-178761.926
168	8	10000	9233	0.5149	0.304	0.289	0.313	0.287	0.297	0.294	0.299	0.295	0.297	0.310	0.286	0.316	0.297	0.291	2.006	0.605	0.309	0.202	-178266.469
169	8	10000	9259	0.5125	0.330	0.312	0.298	0.309	0.297	0.295	0.301	0.281	0.298	0.301	0.298	0.316	0.298	0.298	2.004	0.609	0.322	0.198	-179109.047
170	8	10000	9329	0.5111	0.272	0.298	0.300	0.293	0.303	0.300	0.306	0.326	0.305	0.300	0.309	0.309	0.307	0.300	2.012	0.610	0.302	0.206	-179396.792
171	8	10000	9296	0.5142	0.257	0.297	0.288	0.295	0.300	0.300	0.289	0.331	0.300	0.308	0.289	0.296	0.300	0.288	2.007	0.592	0.289	0.207	-177921.703
172	8	10000	9269	0.5101	0.293	0.295	0.303	0.303	0.311	0.285	0.301	0.309	0.309	0.287	0.298	0.275	0.295	0.307	2.004	0.611	0.300	0.202	-177931.331
173	8	10000	9304	0.5138	0.302	0.306	0.301	0.293	0.291	0.310	0.279	0.295	0.305	0.310	0.300	0.294	0.306	0.302	1.984	0.622	0.290	0.203	-178378.068
174	8	10000	9273	0.5138	0.327	0.293	0.291	0.297	0.283	0.295	0.300	0.278	0.309	0.288	0.301	0.287	0.295	0.302	2.041	0.616	0.283	0.203	-177005.221
175	8	10000	9280	0.5131	0.280	0.311	0.299	0.303	0.304	0.292	0.312	0.317	0.291	0.290	0.292	0.304	0.301	0.298	1.988	0.597	0.319	0.201	-178833.224
176	8	10000	9296	0.5127	0.279	0.307	0.307	0.297	0.300	0.294	0.299	0.309	0.292	0.296	0.310	0.288	0.305	0.297	2.017	0.620	0.304	0.206	-178556.703
177	8	10000	9295	0.5138	0.297	0.298	0.306	0.301	0.307	0.306	0.293	0.355	0.300	0.302	0.312	0.308	0.305	0.314	1.980	0.618	0.324	0.199	-180378.288
178	8	10000	9289	0.5100	0.337	0.298	0.305	0.303	0.299	0.296	0.283	0.260	0.310	0.302	0.296	0.300	0.302	0.302	1.984	0.598	0.282	0.200	-178223.388
179	8	10000	9321	0.5119	0.321	0.300	0.297	0.301	0.296	0.311	0.302	0.261	0.288	0.299	0.295	0.317	0.291	0.301	2.019	0.584	0.288	0.200	-178551.834
180	8	10000	9291	0.5138	0.275	0.315	0.290	0.300	0.285	0.288	0.297	0.333	0.292	0.290	0.304	0.308	0.300	0.310	1.958	0.618	0.306	0.206	-178888.821
181	8	10000	9238	0.5139	0.277	0.296	0.293	0.305	0.303	0.292	0.291	0.311	0.315	0.290	0.295	0.298	0.290	0.304	2.013	0.611	0.288	0.203	-177639.595
182	8	10000	9212	0.5126	0.280	0.297	0.295	0.313	0.299	0.298	0.303	0.321	0.308	0.307	0.300	0.310	0.301	0.290	1.985	0.583	0.311	0.189	-178659.545
183	8	10000	9308	0.5090	0.287	0.281	0.295	0.305	0.300	0.304	0.279	0.293	0.312	0.300	0.298	0.300	0.315	0.302	2.008	0.586	0.277	0.202	-178292.245
184	8	10000	9280	0.5129	0.303	0.294	0.297	0.315	0.304	0.309	0.315	0.312	0.297	0.322	0.308	0.312	0.302	0.294	1.982	0.603	0.310	0.200	-180192.149
185	8	10000	9227	0.5126	0.308	0.285	0.293	0.301	0.294	0.306	0.307	0.295	0.307	0.304	0.299	0.287	0.294	0.308	1.987	0.590	0.295	0.194	-178146.680
186	8	10000	9323	0.5129	0.303	0.308	0.293	0.305	0.305	0.306	0.299	0.307	0.292	0.302	0.294	0.284	0.302	0.306	1.991	0.610	0.291	0.205	-178804.387
187	8	10000	9300	0.5149	0.310	0.295	0.289	0.315	0.294	0.289	0.309	0.284	0.310	0.296	0.292	0.293	0.303	0.305	2.006	0.605	0.301	0.203	-178686.594
188	8	10000	9232	0.5143	0.293	0.303	0.295	0.292	0.297	0.294	0.299	0.297	0.298	0.323	0.308	0.298	0.310	0.293	1.991	0.606	0.316	0.197	-178679.619
189	8	10000	9283	0.5143	0.312	0.289	0.312	0.288	0.307	0.289	0.299	0.288	0.310	0.312	0.287	0.301	0.301	0.304	2.004	0.591	0.292	0.200	-178723.566
190	8	10000	9275	0.5131	0.316	0.307	0.305	0.302	0.299	0.307	0.294	0.297	0.303	0.302	0.310	0.306	0.295	0.309	1.975	0.587	0.320	0.193	-179739.242
191	8	10000	9234	0.5082	0.256	0.301	0.300	0.289	0.297	0.298	0.295	0.332	0.305	0.300	0.293	0.287	0.305	0.302	1.961	0.589	0.282	0.197	-177644.768
192	8	10000	9259	0.5185	0.301	0.300	0.302	0.303	0.296	0.291	0.302	0.310	0.317	0.294	0.306	0.297	0.326	0.300	2.001	0.589	0.309	0.198	-179579.276
193	8	10000	9298	0.5129	0.300	0.308	0.296	0.287	0.303	0.298	0.286	0.284	0.292	0.286	0.303	0.306	0.304	0.300	2.021	0.597	0.277	0.201	-177703.455
194	8	10000	9283	0.5180	0.254	0.296	0.295	0.310	0.319	0.287	0.308	0.347	0.315	0.297	0.296	0.299	0.306	0.292	2.004	0.617	0.306	0.200	-178867.949
195	8	10000	9293	0.5125	0.325	0.302	0.306	0.299	0.287	0.300	0.292	0.289	0.298	0.305	0.307	0.300	0.300	0.284	2.064	0.593	0.297	0.198	-178007.300
196	8	10000	9293	0.5113	0.301	0.301	0.294	0.292	0.300	0.302	0.300	0.300	0.300	0.294	0.312	0.281	0.301	0.299	2.011	0.634	0.307	0.209	-178466.486
197	8	10000	9290	0.5142	0.287	0.304	0.306	0.291	0.286	0.301	0.319	0.315	0.306	0.296	0.298	0.312	0.291	0.302	1.989	0.598	0.295	0.202	-178882.851
198	8	10000	9281	0.5143	0.304	0.294	0.301	0.301	0.307	0.297	0.303	0.311	0.305	0.297	0.305	0.311	0.299	0.298	2.011	0.597	0.296	0.202	-178945.520
199	8	10000	9280	0.5149	0.335	0.290	0.303	0.300	0.293	0.300	0.304	0.279	0.299	0.298	0.313	0.281	0.298	0.289	1.969	0.613	0.299	0.203	-178436.452
200	8	10000	9302	0.5087	0.269	0.311	0.303	0.290	0.294	0.291	0.301	0.336	0.297	0.312	0.304	0.283	0.295	0.302	1.989	0.589	0.279	0.201	-178300.269
201	8	10000	9207	0.5147	0.324	0.307	0.307	0.293	0.303	0.297	0.301	0.264	0.301	0.309	0.295	0.296	0.298	0.291	1.997	0.603	0.299	0.196	-178140.869
202	8	10000	9357	0.5177	0.288	0.316	0.301	0.309	0.298	0.310	0.299	0.335	0.304	0.313	0.319	0.295	0.311	0.300	1.994	0.572	0.292	0.202	-180981.463
203	8	10000	9241	0.5140	0.334	0.308	0.290	0.300	0.295	0.300	0.312	0.268	0.295	0.291	0.287	0.301	0.304	0.289	2.023	0.595	0.305	0.201	-178002.225
204	8	10000	9292	0.5131	0.265	0.302	0.306	0.302	0.305	0.290	0.294	0.323	0.290	0.306	0.296	0.297	0.303	0.311	1.964	0.609	0.308	0.203	-178753.826
205	8	10000	9291	0.5150	0.000	0.313	0.308	0.293	0.300	0.308	0.299	0.621	0.302	0.312	0.295	0.299	0.297	0.307	1.999	0.626	0.316	0.208	-179680.977
206	8	10000	9280	0.5127	0.282	0.291	0.290	0.299	0.305	0.298	0.304	0.331	0.292	0.301	0.298	0.311	0.303	0.296	2.057	0.606	0.307	0.203	-178575.431
207	8	10000	9272	0.5151	0.316	0.285	0.311	0.297	0.297	0.297	0.302	0.291	0.299	0.290	0.295	0.302	0.295	0.301	2.041	0.596	0.305	0.199	-178306.506
208	8	10000	9234	0.5152	0.278	0.306	0.295	0.294	0.301	0.308	0.294	0.309	0.308	0.305	0.288	0.284	0.288	0.293	1.995	0.641	0.302	0.197	-177088.472
209	8	10000	9284	0.5114	0.261	0.314	0.285	0.302	0.297	0.284	0.305	0.323	0.285	0.291	0.295	0.307	0.310	0.298	1.973	0.600	0.293	0.198	-177710.601
210	8	10000	9284	0.5143	0.285	0.295	0.299	0.305	0.287	0.309	0.308	0.301	0.307	0.305	0.294	0.292	0.308	0.303	2.025	0.597	0.306	0.202	-178766.088
211	8	10000	9310	0.5140	0.269	0.293	0.299	0.294	0.308	0.310	0.292	0.328	0.295	0.309	0.290	0.299	0.295	0.300	2.009	0.596	0.286	0.200	-178012.631
212	8	10000	9293	0.5143	0.291	0.281	0.295	0.318	0.297	0.299	0.295	0.294	0.312	0.293	0.302	0.284	0.306	0.301	1.983	0.600	0.286	0.207	-178458.294
213	8	10000	9224	0.5121	0.266	0.293	0.297	0.305	0.302	0.302	0.305	0.328	0.302	0.306	0.291	0.297	0.299	0.291	2.007	0.610	0.293	0.198	-177963.842
214	8	10000	9317	0.5129	0.287	0.309	0.311	0.305	0.322	0.297	0.313	0.296	0.301	0.298	0.295	0.299	0.307	0.297	2.035	0.602	0.303	0.202	-179264.532
215	8	10000	9247	0.5156	0.289	0.305	0.293	0.286	0.305	0.293	0.302	0.313	0.299	0.293	0.309	0.308	0.314	0.296	1.985	0.625	0.310	0.200	-178213.952
216	8	10000	9239	0.5139	0.319	0.308	0.299	0.302	0.287	0.300	0.293	0.280	0.296	0.293	0.294	0.306	0.288	0.298	2.003	0.600	0.287	0.203	-177637.556
217	8	10000	9314	0.5127	0.297	0.292	0.289	0.303	0.297	0.312	0.297	0.333	0.289	0.304	0.299	0.297	0.303	0.292	2.001	0.613	0.311	0.201	-178825.306
218	8	10000	9258	0.5143	0.295	0.300	0.298	0.302	0.293	0.300	0.299	0.309	0.295	0.290	0.293	0.298	0.296	0.311	1.975	0.615	0.304	0.203	-178562.300
219	8	10000	9267	0.5147	0.289	0.301	0.310	0.292	0.301	0.305	0.300	0.306	0.308	0.301	0.283	0.294	0.292	0.304	2.043	0.612	0.305	0.202	-178265.552
220	8	10000	9258	0.5119	0.334	0.287	0.309	0.291	0.310	0.305	0.298	0.293	0.277	0.299	0.303	0.303	0.304	0.296	1.975	0.616	0.325	0.195	-178560.824
221	8	10000	9298	0.5124	0.278	0.304	0.284	0.292	0.294	0.288	0.284	0.324	0.299	0.314	0.306	0.302	0.310	0.308	2.034	0.619	0.296	0.208	-178335.069
222	8	10000	9267	0.5144	0.296	0.303	0.303	0.296	0.307	0.298	0.298	0.333	0.296	0.303	0.293	0.303	0.294	0.299	2.031	0.597	0.301	0.195	-178294.520
223	8	10000	9261	0.5137	0.325	0.307	0.308	0.300	0.301	0.305	0.291	0.289	0.316	0.291	0.296	0.307	0.305	0.297	1.987	0.596	0.294	0.200	-179179.221
224	8	10000	9250	0.5098	0.335	0.286	0.305	0.297	0.301	0.301	0.309	0.281	0.284	0.301	0.309	0.309	0.309	0.302	1.981	0.615	0.300	0.199	-178798.352
225	8	10000	9293	0.5145	0.290	0.292	0.305	0.298	0.296	0.316	0.298	0.308	0.290	0.301	0.292	0.307	0.305	0.302	2.010	0.587	0.286	0.198	-178360.070
226	8	10000	9259	0.5170	0.309	0.308	0.299	0.296	0.301	0.301	0.295	0.276	0.304	0.309	0.285	0.301	0.306	0.296	2.014	0.614	0.303	0.196	-177968.999
227	8	10000	9255	0.5114	0.328	0.308	0.296	0.298	0.313	0.301	0.316	0.262	0.310	0.296	0.296	0.292	0.307	0.309	2.005	0.611	0.310	0.199	-178970.318
228	8	10000	9240	0.5108	0.269	0.315	0.292	0.290	0.289	0.298	0.305	0.338	0.315	0.302	0.301	0.294	0.302	0.294	2.032	0.604	0.312	0.197	-178288.135
229	8	10000	9295	0.5127	0.268	0.308	0.297	0.313	0.303	0.296	0.306	0.331	0.293	0.302	0.304	0.307	0.296	0.295	1.980	0.590	0.302	0.199	-179241.375
230	8	10000	9281	0.5110	0.273	0.288	0.295	0.308	0.291	0.298	0.299	0.326	0.311	0.279	0.311	0.303	0.305	0.297	1.972	0.585	0.291	0.201	-178595.023
231	8	10000	9233	0.5125	0.312	0.308	0.288	0.317	0.300	0.301	0.308	0.274	0.303	0.308	0.296	0.298	0.302	0.292	2.012	0.596	0.310	0.195	-178613.675
232	8	10000	9272	0.5131	0.294	0.294	0.311	0.301	0.300	0.295	0.303	0.307	0.292	0.305	0.299	0.307	0.297	0.298	2.057	0.625	0.308	0.206	-178568.469
233	8	10000	9284	0.5188	0.300	0.310	0.307	0.297	0.305	0.291	0.293	0.313	0.312	0.294	0.299	0.290	0.294	0.292	1.971	0.597	0.294	0.197	-178483.993
234	8	10000	9304	0.5176	0.342	0.286	0.300	0.302	0.295	0.294	0.304	0.278	0.298	0.312	0.297	0.300	0.286	0.291	1.995	0.614	0.300	0.206	-178620.576
235	8	10000	9275	0.5096	0.300	0.309	0.303	0.291	0.316	0.301	0.299	0.295	0.288	0.300	0.300	0.293	0.304	0.309	2.032	0.586	0.305	0.197	-178762.042
236	8	10000	9316	0.5139	0.317	0.298	0.295	0.304	0.309	0.303	0.294	0.299	0.297	0.307	0.295	0.303	0.307	0.310	1.982	0.618	0.305	0.203	-179271.318
237	8	10000	9251	0.5157	0.254	0.306	0.306	0.303	0.301	0.301	0.310	0.325	0.303	0.303	0.302	0.310	0.299	0.295	2.008	0.586	0.299	0.199	-179210.869
238	8	10000	9237	0.5148	0.308	0.299	0.307	0.290	0.297	0.293	0.306	0.280	0.308	0.292	0.305	0.304	0.289	0.309	2.050	0.575	0.309	0.195	-178504.950
239	8	10000	9229	0.5137	0.327	0.296	0.310	0.304	0.310	0.283	0.306	0.259	0.310	0.298	0.295	0.287	0.289	0.294	2.021	0.608	0.306	0.202	-177882.246
240	8	10000	9246	0.5174	0.287	0.306	0.285	0.300	0.292	0.303	0.314	0.299	0.302	0.304	0.306	0.294	0.299	0.297	1.989	0.589	0.327	0.195	-178848.081
241	8	10000	9255	0.5134	0.290	0.315	0.294	0.289	0.284	0.307	0.305	0.302	0.297	0.296	0.300	0.303	0.291	0.307	1.967	0.596	0.289	0.199	-178233.112
242	8	10000	9318	0.5137	0.294	0.293	0.293	0.301	0.289	0.289	0.303	0.312	0.297	0.303	0.302	0.309	0.307	0.309	2.020	0.604	0.294	0.208	-178918.883
243	8	10000	9279	0.5155	0.281	0.306	0.307	0.291	0.318	0.306	0.289	0.315	0.307	0.306	0.293	0.304	0.311	0.303	2.011	0.585	0.294	0.197	-179212.823
244	8	10000	9301	0.5155	0.290	0.280	0.302	0.304	0.305	0.291	0.298	0.310	0.307	0.301	0.295	0.305	0.299	0.292	1.999	0.609	0.300	0.204	-178425.700
245	8	10000	9320	0.5109	0.274	0.310	0.307	0.299	0.310	0.304	0.322	0.312	0.300	0.301	0.296	0.296	0.309	0.299	2.041	0.604	0.292	0.200	-178921.004
246	8	10000	9317	0.5122	0.311	0.295	0.297	0.309	0.320	0.313	0.299	0.292	0.298	0.302	0.306	0.301	0.289	0.306	1.975	0.622	0.309	0.204	-179474.512
247	8	10000	9337	0.5157	0.326	0.291	0.325	0.303	0.303	0.311	0.307	0.285	0.295	0.307	0.310	0.311	0.293	0.296	2.014	0.600	0.317	0.205	-180416.848
248	8	10000	9243	0.5142	0.317	0.301	0.291	0.308	0.296	0.299	0.306	0.282	0.298	0.296	0.298	0.299	0.291	0.301	2.008	0.589	0.288	0.196	-177947.961
249	8	10000	9291	0.5152	0.336	0.293	0.307	0.300	0.293	0.298	0.289	0.252	0.307	0.301	0.303	0.296	0.301	0.302	1.984	0.612	0.297	0.202	-178394.589
250	8	10000	9297	0.5140	0.342	0.306	0.293	0.296	0.295	0.299	0.297	0.262	0.294	0.303	0.302	0.293	0.302	0.298	2.009	0.600	0.300	0.203	-178391.184
251	8	10000	9287	0.5140	0.301	0.308	0.305	0.299	0.281	0.288	0.304	0.302	0.289	0.295	0.297	0.293	0.309	0.299	1.971	0.601	0.298	0.200	-178284.459
252	8	10000	9258	0.5132	0.287	0.301	0.295	0.303	0.312	0.298	0.303	0.313	0.300	0.292	0.304	0.293	0.286	0.323	2.032	0.590	0.306	0.201	-178903.976
253	8	10000	9269	0.5136	0.282	0.305	0.307	0.296	0.300	0.298	0.298	0.294	0.289	0.291	0.303	0.301	0.296	0.307	2.010	0.602	0.293	0.203	-178106.160
254	8	10000	9280	0.5114	0.298	0.293	0.301	0.300	0.289	0.307	0.300	0.302	0.285	0.306	0.306	0.320	0.293	0.287	1.968	0.588	0.309	0.203	-178960.751
255	8	10000	9303	0.5149	0.299	0.309	0.292	0.288	0.285	0.300	0.302	0.304	0.306	0.319	0.284	0.297	0.308	0.295	2.028	0.599	0.304	0.206	-178758.856
256	8	10000	9282	0.5147	0.294	0.306	0.275	0.303	0.295	0.295	0.308	0.290	0.295	0.297	0.303	0.306	0.298	0.298	2.003	0.588	0.301	0.191	-177801.001
257	8	10000	9270	0.5110	0.321	0.290	0.300	0.301	0.284	0.303	0.299	0.258	0.297	0.309	0.290	0.303	0.296	0.305	1.978	0.593	0.298	0.198	-178193.594
258	8	10000	9271	0.5151	0.292	0.297	0.290	0.313	0.313	0.298	0.307	0.297	0.282	0.298	0.305	0.325	0.304	0.303	1.994	0.599	0.301	0.197	-178930.361
259	8	10000	9309	0.5177	0.301	0.289	0.308	0.297	0.302	0.306	0.302	0.306	0.303	0.302	0.295	0.295	0.301	0.308	1.970	0.594	0.287	0.202	-179240.094
260	8	10000	9245	0.5125	0.316	0.287	0.298	0.304	0.312	0.297	0.304	0.290	0.306	0.297	0.306	0.284	0.306	0.291	2.050	0.588	0.303	0.197	-178322.814
261	8	10000	9290	0.5127	0.281	0.296	0.296	0.296	0.301	0.296	0.288	0.327	0.295	0.300	0.290	0.287	0.291	0.322	2.074	0.598	0.292	0.200	-177381.730
262	8	10000	9277	0.5139	0.272	0.300	0.303	0.300	0.305	0.305	0.302	0.310	0.285	0.292	0.311	0.309	0.311	0.304	1.979	0.588	0.301	0.202	-179172.503
263	8	10000	9232	0.5157	0.305	0.307	0.311	0.299	0.298	0.292	0.303	0.292	0.295	0.299	0.288	0.296	0.293	0.308	2.010	0.588	0.292	0.195	-178271.094
264	8	10000	9281	0.5143	0.315	0.291	0.306	0.302	0.307	0.299	0.300	0.260	0.300	0.305	0.297	0.300	0.304	0.296	2.004	0.591	0.296	0.202	-178626.595
265	8	10000	9293	0.5156	0.327	0.298	0.298	0.300	0.301	0.300	0.291	0.290	0.307	0.308	0.302	0.297	0.299	0.304	1.999	0.632	0.308	0.205	-178848.326
266	8	10000	9236	0.5157	0.293	0.294	0.282	0.306	0.290	0.303	0.302	0.314	0.297	0.294	0.294	0.306	0.303	0.291	2.023	0.593	0.298	0.200	-178087.876
267	8	10000	9312	0.5164	0.331	0.321	0.295	0.302	0.290	0.301	0.308	0.251	0.287	0.300	0.294	0.305	0.305	0.303	2.010	0.620	0.303	0.207	-179157.525
268	8	10000	9297	0.5141	0.313	0.299	0.298	0.298	0.298	0.295	0.298	0.283	0.313	0.305	0.295	0.297	0.308	0.305	1.970	0.624	0.295	0.201	-178762.925
269	8	10000	9263	0.5128	0.290	0.310	0.294	0.298	0.303	0.310	0.291	0.299	0.299	0.287	0.306	0.307	0.298	0.298	2.001	0.591	0.290	0.197	-178333.619
270	8	10000	9312	0.5170	0.310	0.291	0.306	0.291	0.301	0.295	0.314	0.280	0.291	0.294	0.287	0.299	0.303	0.290	1.978	0.608	0.303	0.205	-178345.811
271	8	10000	9281	0.5162	0.283	0.306	0.305	0.304	0.284	0.303	0.298	0.309	0.277	0.303	0.290	0.308	0.300	0.302	2.025	0.602	0.299	0.197	-177765.728
272	8	10000	9211	0.5127	0.289	0.294	0.307	0.293	0.285	0.304	0.301	0.329	0.296	0.306	0.304	0.297	0.297	0.298	2.027	0.582	0.315	0.199	-178675.210
273	8	10000	9296	0.5102	0.290	0.300	0.300	0.309	0.315	0.317	0.291	0.293	0.294	0.308	0.295	0.289	0.298	0.299	1.975	0.606	0.285	0.203	-178549.099
274	8	10000	9225	0.5083	0.301	0.310	0.297	0.295	0.295	0.311	0.308	0.300	0.301	0.297	0.302	0.300	0.281	0.294	2.033	0.598	0.292	0.197	-178034.282
275	8	10000	9247	0.5169	0.316	0.302	0.306	0.302	0.276	0.292	0.305	0.293	0.306	0.303	0.298	0.304	0.301	0.308	2.038	0.641	0.313	0.203	-178670.785
276	8	10000	9311	0.5161	0.280	0.320	0.298	0.298	0.309	0.297	0.305	0.297	0.306	0.314	0.292	0.285	0.292	0.301	1.971	0.596	0.300	0.206	-179247.099
277	8	10000	9258	0.5142	0.313	0.296	0.289	0.299	0.296	0.294	0.307	0.288	0.294	0.303	0.302	0.292	0.301	0.293	1.987	0.604	0.292	0.204	-178162.254
278	8	10000	9240	0.5123	0.319	0.309	0.292	0.299	0.312	0.290	0.300	0.271	0.293	0.316	0.306	0.312	0.293	0.317	2.012	0.592	0.299	0.195	-178576.230
279	8	10000	9274	0.5126	0.270	0.291	0.297	0.295	0.304	0.310	0.303	0.346	0.291	0.307	0.304	0.304	0.302	0.303	2.015	0.593	0.313	0.196	-179126.846
280	8	10000	9259	0.5124	0.318	0.308	0.307	0.293	0.289	0.291	0.312	0.270	0.279	0.295	0.296	0.295	0.286	0.290	2.013	0.604	0.281	0.199	-176843.435
281	8	10000	9302	0.5140	0.281	0.315	0.316	0.313	0.304	0.298	0.307	0.298	0.296	0.305	0.310	0.309	0.298	0.300	1.992	0.552	0.285	0.195	-180199.371
282	8	10000	9298	0.5144	0.348	0.307	0.302	0.297	0.303	0.301	0.294	0.270	0.294	0.312	0.308	0.298	0.294	0.308	2.034	0.595	0.297	0.199	-179046.769
283	8	10000	9244	0.5128	0.276	0.294	0.286	0.293	0.299	0.294	0.293	0.325	0.287	0.286	0.288	0.302	0.293	0.300	2.007	0.598	0.299	0.195	-176657.190
284	8	10000	9295	0.5137	0.322	0.307	0.309	0.299	0.280	0.303	0.306	0.277	0.316	0.299	0.292	0.311	0.304	0.301	1.992	0.596	0.311	0.205	-179502.559
285	8	10000	9253	0.5118	0.311	0.304	0.292	0.294	0.302	0.296	0.301	0.283	0.312	0.298	0.298	0.281	0.295	0.295	2.002	0.570	0.289	0.200	-177904.613
286	8	10000	9275	0.5158	0.303	0.319	0.300	0.296	0.305	0.299	0.301	0.281	0.290	0.298	0.305	0.311	0.294	0.307	1.977	0.579	0.304	0.198	-179003.548
287	8	10000	9244	0.5145	0.333	0.296	0.286	0.308	0.312	0.302	0.296	0.257	0.312	0.301	0.311	0.292	0.296	0.295	2.053	0.618	0.301	0.199	-178135.465
288	8	10000	9254	0.5135	0.284	0.299	0.303	0.299	0.294	0.301	0.306	0.320	0.301	0.310	0.294	0.302	0.316	0.297	2.022	0.596	0.306	0.198	-179048.163
289	8	10000	9256	0.5146	0.291	0.300	0.294	0.300	0.307	0.307	0.311	0.292	0.316	0.293	0.307	0.300	0.303	0.295	2.001	0.592	0.291	0.196	-178697.597
290	8	10000	9276	0.5158	0.304	0.316	0.295	0.306	0.289	0.288	0.312	0.288	0.286	0.301	0.304	0.306	0.293	0.309	1.997	0.590	0.285	0.199	-178613.583
291	8	10000	9236	0.5143	0.315	0.300	0.286	0.298	0.314	0.300	0.298	0.263	0.285	0.293	0.284	0.308	0.288	0.307	1.989	0.615	0.291	0.194	-176988.759
292	8	10000	9222	0.5162	0.251	0.294	0.292	0.294	0.291	0.289	0.306	0.337	0.288	0.307	0.292	0.297	0.285	0.301	1.998	0.611	0.309	0.195	-176988.803
293	8	10000	9285	0.5171	0.293	0.305	0.298	0.282	0.311	0.298	0.301	0.314	0.297	0.297	0.311	0.286	0.312	0.293	1.967	0.599	0.286	0.204	-178975.046
294	8	10000	9270	0.5132	0.293	0.311	0.305	0.297	0.311	0.292	0.300	0.300	0.304	0.296	0.305	0.284	0.301	0.308	2.008	0.612	0.310	0.197	-178529.623
295	8	10000	9306	0.5126	0.308	0.296	0.286	0.306	0.300	0.307	0.314	0.283	0.292	0.294	0.290	0.303	0.304	0.288	1.982	0.595	0.282	0.201	-178262.436
296	8	10000	9297	0.5152	0.290	0.307	0.291	0.310	0.295	0.301	0.299	0.312	0.301	0.312	0.305	0.315	0.306	0.304	1.997	0.598	0.303	0.200	-179767.686
297	8	10000	9303	0.5171	0.324	0.296	0.316	0.298	0.300	0.313	0.294	0.289	0.308	0.293	0.296	0.301	0.304	0.296	1.984	0.599	0.319	0.202	-179714.298
298	8	10000	9271	0.5152	0.293	0.292	0.309	0.307	0.303	0.290	0.291	0.296	0.312	0.297	0.298	0.288	0.293	0.293	2.025	0.600	0.297	0.200	-177846.777
299	8	10000	9265	0.5133	0.307	0.286	0.301	0.297	0.311	0.297	0.303	0.291	0.298	0.288	0.314	0.303	0.302	0.296	2.020	0.614	0.294	0.204	-178654.581
300	8	10000	9329	0.5152	0.272	0.299	0.302	0.304	0.296	0.293	0.293	0.329	0.302	0.311	0.309	0.306	0.308	0.299	2.025	0.617	0.309	0.208	-179337.330
301	8	10000	9299	0.5163	0.284	0.297	0.305	0.292	0.296	0.295	0.305	0.331	0.296	0.292	0.309	0.299	0.303	0.308	2.002	0.598	0.297	0.202	-178971.270
302	8	10000	9307	0.5138	0.305	0.301	0.294	0.299	0.298	0.312	0.292	0.286	0.295	0.303	0.292	0.307	0.312	0.292	2.023	0.592	0.295	0.205	-178900.962
303	8	10000	9267	0.5147	0.307	0.307	0.294	0.303	0.292	0.302	0.312	0.300	0.317	0.298	0.302	0.293	0.300	0.298	1.989	0.600	0.299	0.198	-178979.892
304	8	10000	9285	0.5138	0.295	0.305	0.310	0.302	0.306	0.307	0.305	0.303	0.281	0.300	0.293	0.316	0.305	0.302	2.037	0.611	0.293	0.205	-179038.842
305	8	10000	9293	0.5145	0.314	0.298	0.285	0.292	0.294	0.319	0.308	0.294	0.310	0.300	0.292	0.296	0.290	0.305	1.987	0.582	0.300	0.199	-178806.684
306	8	10000	9278	0.5168	0.278	0.313	0.317	0.293	0.296	0.302	0.300	0.309	0.295	0.296	0.305	0.297	0.310	0.303	1.978	0.609	0.271	0.210	-179245.953
307	8	10000	9273	0.5111	0.338	0.286	0.306	0.296	0.310	0.319	0.282	0.268	0.291	0.313	0.309	0.302	0.298	0.303	1.983	0.604	0.312	0.201	-179135.012
308	8	10000	9218	0.5120	0.288	0.296	0.290	0.294	0.300	0.296	0.276	0.325	0.302	0.298	0.303	0.292	0.295	0.286	2.036	0.601	0.305	0.198	-176983.347
309	8	10000	9269	0.5137	0.265	0.300	0.294	0.298	0.294	0.305	0.287	0.322	0.303	0.289	0.298	0.313	0.302	0.307	2.002	0.604	0.301	0.206	-178310.424
310	8	10000	9280	0.5125	0.294	0.302	0.320	0.288	0.293	0.319	0.295	0.309	0.312	0.289	0.302	0.302	0.301	0.306	2.001	0.584	0.289	0.199	-179251.581
311	8	10000	9203	0.5149	0.321	0.310	0.291	0.308	0.284	0.302	0.298	0.260	0.306	0.291	0.300	0.308	0.297	0.300	1.969	0.581	0.305	0.188	-177910.950
312	8	10000	9298	0.5137	0.298	0.294	0.278	0.293	0.296	0.295	0.305	0.305	0.290	0.284	0.309	0.316	0.301	0.306	2.011	0.585	0.300	0.201	-178246.134
313	8	10000	9312	0.5145	0.318	0.293	0.300	0.297	0.298	0.294	0.318	0.312	0.306	0.297	0.315	0.302	0.317	0.290	2.019	0.639	0.312	0.206	-179404.747
314	8	10000	9281	0.5109	0.290	0.276	0.294	0.306	0.302	0.303	0.303	0.308	0.305	0.297	0.301	0.300	0.302	0.303	1.971	0.598	0.308	0.204	-178994.141
315	8	10000	9272	0.5142	0.301	0.300	0.304	0.305	0.292	0.306	0.292	0.294	0.296	0.299	0.305	0.302	0.305	0.298	2.026	0.603	0.314	0.193	-178446.218
316	8	10000	9272	0.5131	0.317	0.295	0.290	0.306	0.312	0.298	0.285	0.273	0.309	0.305	0.295	0.326	0.311	0.303	1.993	0.575	0.296	0.197	-179253.908
317	8	10000	9217	0.5127	0.299	0.302	0.310	0.291	0.286	0.293	0.300	0.299	0.293	0.301	0.295	0.306	0.299	0.312	1.989	0.574	0.271	0.194	-177872.505
318	8	10000	9264	0.5129	0.330	0.297	0.308	0.277	0.304	0.299	0.295	0.279	0.283	0.295	0.306	0.294	0.290	0.300	2.038	0.602	0.290	0.199	-177437.820
319	8	10000	9268	0.5109	0.269	0.297	0.295	0.303	0.296	0.295	0.291	0.336	0.305	0.305	0.292	0.293	0.296	0.307	1.974	0.626	0.310	0.207	-178575.909
320	8	10000	9277	0.5165	0.301	0.299	0.289	0.311	0.306	0.292	0.307	0.282	0.287	0.289	0.304	0.308	0.298	0.309	1.965	0.574	0.283	0.196	-178725.618
321	8	10000	9232	0.5161	0.341	0.308	0.315	0.295	0.289	0.299	0.301	0.272	0.304	0.299	0.296	0.295	0.303	0.295	1.998	0.598	0.317	0.196	-178834.006
322	8	10000	9237	0.5164	0.309	0.301	0.282	0.300	0.307	0.298	0.293	0.281	0.293	0.304	0.306	0.301	0.301	0.312	1.985	0.604	0.300	0.205	-178694.536
323	8	10000	9295	0.5148	0.329	0.302	0.297	0.312	0.303	0.291	0.306	0.284	0.301	0.302	0.294	0.301	0.291	0.305	2.003	0.580	0.294	0.199	-178799.944
324	8	10000	9282	0.5118	0.289	0.305	0.296	0.307	0.307	0.308	0.298	0.312	0.303	0.291	0.294	0.305	0.308	0.306	1.966	0.601	0.312	0.197	-179143.666
325	8	10000	9249	0.5143	0.298	0.305	0.287	0.311	0.304	0.307	0.289	0.305	0.309	0.306	0.289	0.297	0.307	0.302	1.953	0.615	0.314	0.197	-178743.602
326	8	10000	9266	0.5164	0.308	0.294	0.294	0.306	0.303	0.311	0.292	0.304	0.309	0.297	0.289	0.303	0.294	0.295	1.995	0.601	0.306	0.195	-178610.645
327	8	10000	9258	0.5120	0.303	0.303	0.303	0.290	0.282	0.298	0.288	0.302	0.304	0.291	0.302	0.295	0.298	0.299	1.997	0.599	0.321	0.196	-177943.607
328	8	10000	9279	0.5143	0.321	0.308	0.303	0.302	0.308	0.299	0.312	0.270	0.299	0.320	0.304	0.299	0.298	0.293	2.021	0.586	0.291	0.204	-179468.072
329	8	10000	9286	0.5114	0.323	0.298	0.288	0.299	0.309	0.302	0.324	0.285	0.302	0.297	0.299	0.293	0.303	0.305	1.986	0.575	0.292	0.197	-179174.580
330	8	10000	9323	0.5135	0.316	0.289	0.305	0.308	0.290	0.302	0.313	0.289	0.294	0.309	0.285	0.301	0.308	0.294	2.035	0.620	0.297	0.205	-178601.191
331	8	10000	9240	0.5167	0.305	0.294	0.305	0.295	0.309	0.310	0.305	0.290	0.298	0.292	0.301	0.290	0.311	0.301	2.006	0.591	0.298	0.197	-178857.690
332	8	10000	9286	0.5103	0.287	0.297	0.290	0.305	0.296	0.297	0.301	0.308	0.282	0.308	0.291	0.303	0.289	0.300	2.021	0.590	0.282	0.202	-177839.752
333	8	10000	9304	0.5135	0.304	0.291	0.299	0.295	0.305	0.287	0.302	0.293	0.282	0.300	0.302	0.309	0.294	0.311	2.010	0.589	0.289	0.202	-178229.521
334	8	10000	9283	0.5115	0.284	0.308	0.309	0.289	0.289	0.299	0.308	0.329	0.319	0.285	0.305	0.308	0.296	0.311	2.040	0.565	0.294	0.194	-179187.351
335	8	10000	9335	0.5121	0.305	0.299	0.297	0.291	0.299	0.298	0.305	0.293	0.293	0.298	0.318	0.311	0.305	0.307	1.955	0.613	0.294	0.207	-179493.579
336	8	10000	9280	0.5193	0.326	0.301	0.300	0.315	0.294	0.303	0.298	0.284	0.294	0.308	0.305	0.298	0.307	0.296	1.987	0.581	0.299	0.204	-179571.974
337	8	10000	9293	0.5141	0.314	0.318	0.302	0.302	0.286	0.297	0.298	0.266	0.304	0.307	0.290	0.317	0.300	0.302	1.972	0.582	0.289	0.200	-179181.381
338	8	10000	9308	0.5114	0.304	0.312	0.309	0.303	0.304	0.314	0.290	0.283	0.294	0.306	0.296	0.302	0.297	0.308	2.015	0.643	0.302	0.207	-178989.093
339	8	10000	9289	0.5152	0.339	0.307	0.298	0.302	0.301	0.313	0.303	0.272	0.308	0.294	0.312	0.293	0.297	0.312	2.013	0.602	0.317	0.201	-179800.177
340	8	10000	9230	0.5086	0.255	0.301	0.314	0.294	0.294	0.307	0.296	0.326	0.306	0.289	0.289	0.296	0.294	0.306	1.988	0.609	0.305	0.195	-177696.469
341	8	10000	9280	0.5092	0.344	0.301	0.301	0.300	0.316	0.303	0.294	0.273	0.308	0.310	0.305	0.301	0.302	0.302	1.968	0.603	0.310	0.201	-179718.558
342	8	10000	9265	0.5158	0.329	0.316	0.299	0.316	0.302	0.295	0.306	0.280	0.291	0.288	0.312	0.299	0.281	0.321	1.981	0.604	0.303	0.199	-179327.710
343	8	10000	9280	0.5145	0.334	0.296	0.309	0.299	0.310	0.299	0.308	0.270	0.299	0.315	0.290	0.297	0.296	0.303	2.018	0.610	0.308	0.195	-178508.327
344	8	10000	9287	0.5124	0.329	0.306	0.311	0.313	0.296	0.299	0.298	0.284	0.292	0.301	0.308	0.298	0.303	0.300	1.988	0.604	0.291	0.196	-178724.172
345	8	10000	9282	0.5157	0.324	0.298	0.287	0.314	0.290	0.302	0.311	0.300	0.278	0.296	0.310	0.302	0.305	0.292	1.985	0.607	0.300	0.208	-179026.085
346	8	10000	9286	0.5121	0.296	0.288	0.297	0.299	0.315	0.306	0.298	0.293	0.299	0.312	0.301	0.307	0.300	0.299	1.970	0.571	0.302	0.197	-179273.624
347	8	10000	9197	0.5113	0.305	0.289	0.291	0.294	0.295	0.309	0.290	0.296	0.290	0.308	0.307	0.293	0.290	0.299	2.018	0.615	0.319	0.198	-177502.003
348	8	10000	9222	0.5114	0.308	0.308	0.310	0.303	0.300	0.296	0.312	0.285	0.301	0.301	0.307	0.293	0.304	0.305	2.000	0.601	0.310	0.197	-179279.907
349	8	10000	9322	0.5131	0.283	0.296	0.318	0.309	0.307	0.306	0.296	0.321	0.302	0.300	0.296	0.296	0.290	0.281	1.963	0.611	0.293	0.207	-178919.910
350	8	10000	9294	0.5145	0.303	0.309	0.298	0.287	0.309	0.287	0.301	0.302	0.302	0.302	0.297	0.307	0.300	0.299	2.001	0.631	0.327	0.201	-178738.513
351	8	10000	9265	0.5128	0.303	0.308	0.294	0.298	0.287	0.291	0.310	0.297	0.305	0.291	0.290	0.299	0.305	0.302	2.008	0.651	0.304	0.205	-177882.466
352	8	10000	9277	0.5124	0.306	0.290	0.309	0.302	0.302	0.302	0.300	0.302	0.299	0.301	0.299	0.299	0.294	0.291	1.990	0.601	0.292	0.193	-178159.642
353	8	10000	9291	0.5138	0.278	0.301	0.308	0.298	0.287	0.299	0.297	0.304	0.297	0.311	0.300	0.288	0.314	0.307	1.963	0.592	0.310	0.204	-179428.969
354	8	10000	9330	0.5173	0.278	0.294	0.296	0.300	0.306	0.302	0.293	0.312	0.295	0.303	0.304	0.316	0.299	0.299	2.025	0.613	0.307	0.204	-178990.397
355	8	10000	9290	0.5155	0.295	0.296	0.300	0.308	0.303	0.308	0.297	0.330	0.292	0.311	0.307	0.300	0.298	0.308	2.018	0.621	0.311	0.202	-179519.447
356	8	10000	9261	0.5135	0.276	0.311	0.289	0.306	0.302	0.300	0.301	0.325	0.322	0.290	0.300	0.300	0.300	0.301	1.989	0.611	0.304	0.201	-178884.721
357	8	10000	9288	0.5134	0.308	0.292	0.311	0.298	0.305	0.308	0.296	0.293	0.299	0.304	0.303	0.285	0.292	0.305	2.029	0.603	0.286	0.198	-178203.061
358	8	10000	9257	0.5132	0.289	0.304	0.310	0.305	0.303	0.298	0.301	0.326	0.293	0.292	0.307	0.303	0.303	0.304	1.986	0.606	0.315	0.203	-179440.355
359	8	10000	9228	0.5121	0.250	0.305	0.307	0.306	0.301	0.303	0.306	0.304	0.302	0.305	0.298	0.294	0.305	0.295	2.003	0.576	0.276	0.193	-178248.933
360	8	10000	9289	0.5150	0.262	0.298	0.296	0.287	0.308	0.296	0.289	0.335	0.294	0.302	0.301	0.313	0.298	0.294	2.011	0.589	0.284	0.204	-178190.829
361	8	10000	9300	0.5137	0.327	0.321	0.305	0.289	0.296	0.311	0.304	0.293	0.287	0.297	0.295	0.317	0.299	0.301	2.043	0.601	0.319	0.196	-179133.792
362	8	10000	9228	0.5123	0.290	0.299	0.299	0.298	0.309	0.297	0.300	0.310	0.322	0.298	0.295	0.314	0.301	0.300	1.942	0.591	0.315	0.196	-179312.927
363	8	10000	9245	0.5139	0.270	0.309	0.286	0.290	0.291	0.294	0.296	0.307	0.298	0.298	0.300	0.300	0.302	0.286	2.018	0.608	0.283	0.204	-177193.923
364	8	10000	9236	0.5144	0.298	0.292	0.292	0.299	0.305	0.310	0.289	0.283	0.289	0.297	0.300	0.291	0.288	0.309	1.975	0.593	0.296	0.196	-177532.886
365	8	10000	9305	0.5104	0.296	0.300	0.297	0.313	0.299	0.307	0.305	0.309	0.309	0.297	0.307	0.307	0.313	0.296	2.006	0.597	0.326	0.202	-180104.863
366	8	10000	9286	0.5141	0.309	0.317	0.306	0.300	0.304	0.306	0.296	0.297	0.309	0.304	0.297	0.300	0.289	0.317	1.998	0.594	0.288	0.195	-178951.593
367	8	10000	9259	0.5140	0.310	0.291	0.303	0.303	0.304	0.304	0.294	0.294	0.306	0.290	0.295	0.304	0.296	0.302	2.016	0.601	0.297	0.200	-178306.856
368	8	10000	9300	0.5153	0.315	0.316	0.317	0.293	0.302	0.295	0.304	0.291	0.295	0.309	0.294	0.309	0.303	0.285	1.994	0.584	0.297	0.198	-178977.146
369	8	10000	9230	0.5086	0.295	0.310	0.309	0.282	0.295	0.311	0.301	0.291	0.308	0.313	0.304	0.294	0.293	0.302	1.993	0.608	0.295	0.199	-178350.942
370	8	10000	9253	0.5092	0.299	0.296	0.283	0.299	0.306	0.290	0.303	0.305	0.295	0.307	0.302	0.284	0.299	0.293	1.986	0.595	0.295	0.198	-177727.750
371	8	10000	9242	0.5184	0.324	0.314	0.302	0.295	0.296	0.293	0.300	0.283	0.296	0.299	0.296	0.299	0.302	0.301	1.971	0.589	0.313	0.199	-178921.085
372	8	10000	9264	0.5146	0.278	0.301	0.294	0.306	0.309	0.300	0.302	0.328	0.292	0.295	0.295	0.302	0.296	0.298	1.959	0.601	0.300	0.205	-178962.228
373	8	10000	9285	0.5129	0.350	0.294	0.307	0.304	0.307	0.308	0.310	0.264	0.300	0.298	0.299	0.303	0.309	0.298	2.002	0.591	0.298	0.197	-179525.269
374	8	10000	9289	0.5154	0.334	0.297	0.292	0.294	0.304	0.291	0.302	0.274	0.291	0.301	0.302	0.299	0.279	0.311	2.002	0.613	0.297	0.200	-177768.632
375	8	10000	9258	0.5132	0.260	0.301	0.304	0.293	0.303	0.296	0.311	0.325	0.295	0.298	0.306	0.298	0.293	0.300	1.962	0.624	0.328	0.203	-178933.583
376	8	10000	9292	0.5082	0.310	0.297	0.301	0.307	0.293	0.298	0.307	0.275	0.291	0.287	0.303	0.302	0.300	0.300	1.963	0.617	0.293	0.200	-178087.590
377	8	10000	9247	0.5137	0.269	0.294	0.304	0.304	0.296	0.312	0.306	0.329	0.289	0.298	0.314	0.303	0.305	0.293	2.014	0.603	0.315	0.199	-179210.636
378	8	10000	9271	0.5134	0.277	0.293	0.321	0.285	0.286	0.294	0.311	0.320	0.301	0.297	0.310	0.300	0.303	0.302	2.000	0.586	0.311	0.199	-179137.871
379	8	10000	9267	0.5145	0.296	0.297	0.298	0.299	0.304	0.311	0.293	0.313	0.312	0.295	0.306	0.309	0.299	0.304	2.022	0.576	0.294	0.196	-179075.432
380	8	10000	9309	0.5148	0.283	0.298	0.283	0.299	0.308	0.288	0.304	0.296	0.297	0.307	0.288	0.311	0.296	0.306	2.014	0.601	0.298	0.198	-177851.619
381	8	10000	9210	0.5101	0.308	0.291	0.296	0.297	0.299	0.299	0.288	0.305	0.297	0.304	0.299	0.293	0.296	0.283	1.981	0.613	0.296	0.197	-177178.864
382	8	10000	9299	0.5160	0.347	0.311	0.307	0.293	0.297	0.308	0.282	0.251	0.313	0.306	0.304	0.294	0.310	0.303	1.980	0.601	0.312	0.200	-179465.402
383	8	10000	9279	0.5157	0.306	0.296	0.299	0.297	0.300	0.297	0.316	0.298	0.311	0.299	0.306	0.279	0.293	0.301	2.021	0.579	0.292	0.195	-178623.485
384	8	10000	9302	0.5131	0.312	0.300	0.313	0.315	0.293	0.307	0.299	0.297	0.290	0.304	0.302	0.300	0.307	0.304	1.968	0.621	0.323	0.201	-179622.717
385	8	10000	9284	0.5139	0.327	0.295	0.305	0.315	0.313	0.311	0.295	0.273	0.294	0.305	0.290	0.294	0.306	0.282	2.020	0.597	0.302	0.198	-178484.930
386	8	10000	9309	0.5104	0.284	0.304	0.293	0.303	0.321	0.297	0.288	0.311	0.309	0.302	0.304	0.314	0.307	0.310	1.985	0.573	0.287	0.198	-179492.926
387	8	10000	9241	0.5148	0.285	0.297	0.286	0.304	0.307	0.290	0.298	0.301	0.302	0.301	0.297	0.306	0.309	0.291	2.053	0.598	0.294	0.200	-177813.104
388	8	10000	9295	0.5141	0.312	0.312	0.292	0.293	0.287	0.294	0.313	0.276	0.293	0.301	0.297	0.306	0.297	0.300	1.981	0.613	0.305	0.200	-178237.221
389	8	10000	9258	0.5123	0.295	0.303	0.309	0.287	0.292	0.289	0.292	0.305	0.298	0.300	0.299	0.310	0.314	0.292	1.978	0.609	0.291	0.202	-178156.117
390	8	10000	9283	0.5132	0.266	0.292	0.303	0.297	0.305	0.309	0.297	0.320	0.310	0.306	0.307	0.287	0.304	0.288	1.995	0.619	0.305	0.208	-178937.707
391	8	10000	9279	0.5127	0.322	0.306	0.304	0.292	0.307	0.300	0.303	0.273	0.312	0.303	0.303	0.302	0.303	0.296	1.990	0.591	0.302	0.205	-179613.845
392	8	10000	9313	0.5126	0.263	0.295	0.301	0.305	0.287	0.302	0.295	0.349	0.293	0.297	0.303	0.300	0.293	0.303	2.019	0.635	0.303	0.210	-178548.996
393	8	10000	9284	0.5105	0.254	0.299	0.296	0.305	0.314	0.308	0.311	0.312	0.321	0.301	0.296	0.299	0.303	0.293	2.029	0.586	0.297	0.198	-178985.243
394	8	10000	9242	0.5114	0.282	0.293	0.312	0.286	0.318	0.309	0.307	0.304	0.302	0.305	0.308	0.299	0.291	0.326	1.946	0.598	0.295	0.195	-179134.660
395	8	10000	9312	0.5150	0.318	0.305	0.309	0.305	0.305	0.299	0.292	0.289	0.301	0.309	0.299	0.302	0.299	0.311	2.025	0.596	0.304	0.200	-179387.465
396	8	10000	9282	0.5098	0.346	0.298	0.287	0.314	0.309	0.298	0.290	0.259	0.303	0.301	0.305	0.304	0.303	0.283	1.976	0.613	0.295	0.202	-178489.641
397	8	10000	9287	0.5127	0.325	0.286	0.298	0.306	0.279	0.300	0.289	0.288	0.288	0.304	0.308	0.312	0.286	0.298	1.959	0.611	0.294	0.206	-178133.316
398	8	10000	9309	0.5111	0.280	0.306	0.289	0.294	0.312	0.290	0.304	0.316	0.307	0.305	0.296	0.295	0.296	0.302	1.962	0.586	0.297	0.199	-178678.475
399	8	10000	9269	0.5140	0.268	0.303	0.304	0.298	0.298	0.297	0.305	0.339	0.307	0.301	0.301	0.294	0.312	0.302	1.991	0.618	0.301	0.202	-179038.296
400	8	10000	9290	0.5152	0.261	0.303	0.311	0.306	0.307	0.295	0.325	0.350	0.292	0.302	0.300	0.297	0.302	0.304	2.005	0.616	0.303	0.199	-179393.041
401	8	10000	9253	0.5119	0.265	0.296	0.300	0.297	0.298	0.303	0.289	0.327	0.298	0.307	0.300	0.298	0.294	0.299	2.003	0.614	0.300	0.202	-178205.448
402	8	10000	9283	0.5099	0.275	0.285	0.317	0.306	0.315	0.314	0.286	0.339	0.302	0.300	0.302	0.303	0.299	0.314	2.000	0.620	0.312	0.210	-179782.154
403	8	10000	9281	0.5140	0.302	0.315	0.307	0.293	0.302	0.289	0.299	0.296	0.290	0.304	0.312	0.293	0.296	0.300	1.963	0.580	0.285	0.195	-178784.625
404	8	10000	9269	0.5105	0.328	0.303	0.300	0.306	0.302	0.307	0.308	0.280	0.304	0.298	0.296	0.293	0.301	0.289	1.990	0.609	0.299	0.198	-178520.760
405	8	10000	9246	0.5154	0.299	0.297	0.310	0.309	0.303	0.299	0.289	0.297	0.306	0.308	0.291	0.309	0.296	0.297	2.025	0.588	0.280	0.198	-178459.104
406	8	10000	9249	0.5136	0.265	0.313	0.302	0.299	0.299	0.306	0.299	0.319	0.295	0.290	0.304	0.314	0.300	0.301	2.015	0.586	0.302	0.192	-178580.392
407	8	10000	9283	0.5134	0.272	0.292	0.305	0.308	0.297	0.292	0.291	0.321	0.298	0.306	0.300	0.293	0.314	0.298	2.006	0.616	0.312	0.199	-178628.454
408	8	10000	9317	0.5177	0.325	0.321	0.288	0.324	0.299	0.306	0.291	0.277	0.328	0.306	0.304	0.310	0.293	0.314	1.996	0.601	0.305	0.202	-180447.007
409	8	10000	9272	0.5135	0.294	0.313	0.302	0.304	0.292	0.302	0.295	0.302	0.302	0.312	0.290	0.289	0.300	0.291	2.002	0.582	0.296	0.200	-178688.716
410	8	10000	9292	0.5142	0.290	0.305	0.292	0.302	0.289	0.301	0.298	0.323	0.290	0.302	0.307	0.301	0.305	0.299	2.003	0.612	0.312	0.199	-178652.685
411	8	10000	9282	0.5134	0.322	0.285	0.309	0.319	0.307	0.295	0.299	0.283	0.287	0.303	0.305	0.290	0.304	0.304	1.996	0.581	0.307	0.196	-179241.469
412	8	10000	9302	0.5149	0.289	0.297	0.301	0.296	0.321	0.297	0.288	0.289	0.313	0.289	0.303	0.308	0.291	0.297	1.990	0.576	0.302	0.200	-178758.301
413	8	10000	9277	0.5139	0.267	0.293	0.305	0.307	0.310	0.314	0.293	0.322	0.304	0.310	0.300	0.294	0.311	0.290	1.975	0.582	0.301	0.201	-179331.943
414	8	10000	9274	0.5125	0.336	0.306	0.303	0.303	0.299	0.309	0.299	0.272	0.313	0.293	0.303	0.306	0.304	0.280	1.977	0.609	0.301	0.204	-178996.538
415	8	10000	9280	0.5109	0.272	0.294	0.290	0.309	0.307	0.301	0.309	0.330	0.299	0.292	0.304	0.297	0.295	0.300	2.007	0.604	0.299	0.202	-178736.699
416	8	10000	9229	0.5128	0.296	0.300	0.297	0.295	0.307	0.298	0.294	0.296	0.304	0.297	0.298	0.307	0.293	0.303	1.996	0.614	0.320	0.200	-178367.309
417	8	10000	9283	0.5097	0.293	0.305	0.304	0.298	0.302	0.300	0.296	0.316	0.282	0.296	0.310	0.289	0.301	0.289	1.994	0.602	0.289	0.201	-178214.886
418	8	10000	9313	0.5130	0.303	0.318	0.287	0.311	0.300	0.295	0.296	0.303	0.294	0.303	0.296	0.296	0.308	0.309	2.032	0.611	0.298	0.201	-178964.606
419	8	10000	9294	0.5165	0.286	0.288	0.310	0.299	0.285	0.299	0.303	0.331	0.306	0.301	0.306	0.301	0.302	0.316	1.979	0.607	0.309	0.199	-179373.188
420	8	10000	9244	0.5141	0.289	0.318	0.288	0.297	0.313	0.295	0.293	0.310	0.305	0.293	0.297	0.286	0.299	0.287	1.977	0.607	0.314	0.203	-178093.105
421	8	10000	9298	0.5123	0.303	0.315	0.313	0.298	0.290	0.309	0.300	0.307	0.319	0.309	0.295	0.290	0.311	0.304	1.997	0.609	0.312	0.200	-179713.112
422	8	10000	9265	0.5169	0.310	0.298	0.302	0.302	0.283	0.312	0.294	0.278	0.310	0.289	0.290	0.290	0.295	0.307	1.998	0.602	0.291	0.200	-177913.765
423	8	10000	9270	0.5143	0.288	0.312	0.303	0.298	0.292	0.282	0.301	0.309	0.310	0.297	0.302	0.286	0.309	0.297	1.952	0.578	0.293	0.197	-178649.812
424	8	10000	9264	0.5129	0.279	0.290	0.302	0.289	0.322	0.287	0.309	0.302	0.305	0.289	0.304	0.294	0.297	0.298	1.990	0.599	0.295	0.199	-178150.328
425	8	10000	9300	0.5148	0.293	0.302	0.309	0.313	0.295	0.299	0.295	0.277	0.294	0.303	0.289	0.315	0.293	0.306	2.001	0.621	0.301	0.213	-178814.641
426	8	10000	9351	0.5148	0.326	0.288	0.310	0.287	0.310	0.291	0.293	0.280	0.292	0.292	0.307	0.296	0.308	0.304	1.986	0.604	0.296	0.206	-178776.315
427	8	10000	9258	0.5148	0.333	0.315	0.300	0.290	0.294	0.306	0.288	0.274	0.307	0.311	0.289	0.308	0.306	0.305	1.992	0.593	0.302	0.198	-179096.524
428	8	10000	9321	0.5148	0.298	0.303	0.285	0.312	0.304	0.302	0.291	0.316	0.298	0.307	0.292	0.299	0.291	0.306	2.017	0.597	0.294	0.210	-178859.007
429	8	10000	9291	0.5114	0.273	0.300	0.287	0.315	0.293	0.311	0.296	0.327	0.299	0.287	0.307	0.294	0.289	0.304	2.028	0.614	0.297	0.209	-178568.880
430	8	10000	9286	0.5143	0.297	0.302	0.310	0.306	0.297	0.310	0.298	0.302	0.293	0.292	0.293	0.304	0.297	0.298	2.014	0.604	0.306	0.202	-178862.957
431	8	10000	9256	0.5176	0.322	0.286	0.305	0.309	0.291	0.304	0.298	0.281	0.298	0.300	0.317	0.290	0.294	0.327	1.939	0.613	0.317	0.195	-179373.092
432	8	10000	9276	0.5119	0.311	0.308	0.305	0.296	0.299	0.297	0.303	0.275	0.294	0.295	0.304	0.312	0.294	0.299	2.000	0.624	0.303	0.209	-178699.748
433	8	10000	9306	0.5104	0.321	0.312	0.296	0.296	0.274	0.288	0.321	0.285	0.321	0.302	0.294	0.289	0.310	0.291	2.036	0.594	0.297	0.208	-178882.007
434	8	10000	9267	0.5126	0.308	0.308	0.291	0.294	0.304	0.300	0.292	0.310	0.309	0.288	0.308	0.310	0.296	0.311	2.008	0.576	0.298	0.196	-179029.578
435	8	10000	9294	0.5124	0.323	0.306	0.302	0.297	0.313	0.298	0.303	0.269	0.289	0.274	0.312	0.314	0.312	0.294	2.029	0.572	0.297	0.200	-179105.362
436	8	10000	9324	0.5126	0.304	0.301	0.300	0.306	0.300	0.301	0.305	0.302	0.307	0.309	0.314	0.285	0.299	0.303	1.994	0.604	0.301	0.200	-179396.194
437	8	10000	9270	0.5127	0.280	0.295	0.292	0.308	0.301	0.317	0.294	0.316	0.300	0.292	0.288	0.319	0.292	0.298	1.986	0.610	0.301	0.201	-178355.395
438	8	10000	9277	0.5143	0.268	0.296	0.303	0.310	0.320	0.306	0.297	0.325	0.301	0.306	0.301	0.307	0.295	0.311	2.029	0.610	0.321	0.199	-179407.996
439	8	10000	9248	0.5131	0.335	0.295	0.294	0.304	0.297	0.302	0.298	0.263	0.301	0.299	0.308	0.302	0.290	0.301	2.003	0.612	0.299	0.198	-178108.806
440	8	10000	9281	0.5140	0.319	0.289	0.299	0.284	0.304	0.300	0.296	0.292	0.308	0.292	0.314	0.300	0.299	0.303	1.991	0.628	0.321	0.206	-178656.539
441	8	10000	9303	0.5155	0.326	0.305	0.308	0.309	0.293	0.302	0.291	0.280	0.294	0.301	0.307	0.318	0.298	0.293	2.029	0.611	0.300	0.202	-178977.071
442	8	10000	9275	0.5131	0.328	0.304	0.289	0.288	0.302	0.307	0.299	0.265	0.303	0.318	0.297	0.287	0.300	0.312	2.011	0.622	0.308	0.198	-178484.915
443	8	10000	9274	0.5148	0.284	0.297	0.302	0.307	0.283	0.307	0.299	0.319	0.316	0.308	0.295	0.289	0.311	0.302	2.010	0.601	0.304	0.202	-179208.146
444	8	10000	9296	0.5177	0.345	0.313	0.303	0.297	0.295	0.314	0.294	0.266	0.310	0.301	0.289	0.308	0.312	0.291	2.026	0.601	0.299	0.198	-179017.971
445	8	10000	9286	0.5131	0.313	0.296	0.291	0.305	0.305	0.317	0.296	0.274	0.317	0.296	0.301	0.303	0.311	0.289	1.987	0.586	0.282	0.197	-178520.636
446	8	10000	9253	0.5096	0.304	0.317	0.303	0.281	0.319	0.303	0.289	0.261	0.312	0.300	0.312	0.287	0.293	0.294	1.982	0.588	0.295	0.196	-178011.711
447	8	10000	9264	0.5122	0.296	0.304	0.310	0.310	0.309	0.291	0.299	0.311	0.312	0.298	0.293	0.292	0.284	0.292	1.977	0.605	0.293	0.198	-178157.297
448	8	10000	9345	0.5149	0.335	0.303	0.290	0.295	0.292	0.303	0.313	0.266	0.300	0.311	0.305	0.315	0.297	0.302	2.015	0.608	0.300	0.202	-179204.767
449	8	10000	9277	0.5134	0.259	0.300	0.307	0.308	0.300	0.311	0.299	0.317	0.297	0.305	0.314	0.310	0.324	0.301	2.008	0.582	0.311	0.197	-180043.802
450	8	10000	9244	0.5107	0.303	0.286	0.288	0.312	0.296	0.304	0.294	0.301	0.283	0.303	0.296	0.292	0.302	0.295	2.005	0.598	0.289	0.203	-177702.898
451	8	10000	9267	0.5129	0.300	0.304	0.305	0.302	0.296	0.300	0.296	0.288	0.292	0.302	0.299	0.290	0.298	0.302	1.983	0.600	0.299	0.198	-178228.288
452	8	10000	9292	0.5175	0.287	0.306	0.293	0.301	0.297	0.297	0.301	0.298	0.288	0.293	0.291	0.313	0.285	0.304	2.001	0.571	0.283	0.198	-177932.543
453	8	10000	9254	0.5145	0.327	0.302	0.304	0.302	0.295	0.295	0.299	0.282	0.301	0.299	0.291	0.305	0.313	0.297	2.007	0.607	0.313	0.200	-178954.079
454	8	10000	9284	0.5107	0.299	0.307	0.297	0.306	0.295	0.307	0.295	0.288	0.294	0.310	0.301	0.298	0.309	0.295	1.985	0.591	0.302	0.200	-178896.739
455	8	10000	9307	0.5112	0.293	0.296	0.312	0.288	0.294	0.300	0.308	0.305	0.310	0.306	0.297	0.304	0.293	0.286	1.992	0.580	0.299	0.202	-178730.011
456	8	10000	9269	0.5136	0.277	0.288	0.289	0.311	0.312	0.307	0.307	0.342	0.316	0.300	0.301	0.303	0.307	0.297	2.002	0.593	0.302	0.194	-179245.793
457	8	10000	9281	0.5140	0.262	0.298	0.298	0.299	0.308	0.296	0.290	0.325	0.299	0.303	0.302	0.301	0.308	0.306	2.045	0.591	0.297	0.204	-178968.109
458	8	10000	9289	0.5132	0.317	0.295	0.299	0.296	0.308	0.292	0.308	0.302	0.304	0.299	0.308	0.298	0.293	0.311	2.039	0.600	0.304	0.200	-179001.840
459	8	10000	9267	0.5150	0.294	0.292	0.294	0.306	0.311	0.302	0.289	0.309	0.301	0.293	0.304	0.302	0.295	0.288	2.038	0.579	0.313	0.201	-178543.596
460	8	10000	9332	0.5138	0.274	0.324	0.293	0.313	0.299	0.286	0.296	0.325	0.303	0.301	0.308	0.310	0.296	0.294	1.967	0.613	0.311	0.203	-179168.809
461	8	10000	9275	0.5165	0.254	0.295	0.306	0.307	0.307	0.296	0.302	0.322	0.295	0.309	0.294	0.283	0.307	0.287	2.002	0.585	0.286	0.200	-178330.755
462	8	10000	9310	0.5121	0.305	0.306	0.304	0.307	0.280	0.292	0.302	0.309	0.312	0.312	0.287	0.304	0.303	0.303	1.993	0.597	0.307	0.201	-179484.376
463	8	10000	9275	0.5152	0.308	0.293	0.301	0.304	0.303	0.302	0.305	0.287	0.289	0.307	0.295	0.320	0.313	0.294	1.988	0.590	0.294	0.201	-179180.261
464	8	10000	9274	0.5162	0.295	0.288	0.304	0.296	0.304	0.299	0.302	0.317	0.314	0.312	0.307	0.288	0.298	0.306	1.998	0.612	0.310	0.196	-178919.628
465	8	10000	9266	0.5151	0.302	0.291	0.300	0.292	0.305	0.289	0.309	0.290	0.312	0.286	0.303	0.294	0.297	0.296	2.024	0.583	0.291	0.197	-177898.587
466	8	10000	9310	0.5156	0.335	0.296	0.303	0.292	0.293	0.287	0.305	0.294	0.313	0.294	0.300	0.297	0.290	0.294	2.006	0.613	0.297	0.208	-178526.015
467	8	10000	9323	0.5164	0.329	0.295	0.308	0.302	0.313	0.301	0.303	0.268	0.291	0.291	0.309	0.320	0.299	0.304	1.967	0.578	0.295	0.200	-179735.893
468	8	10000	9258	0.5155	0.272	0.297	0.289	0.304	0.300	0.292	0.292	0.326	0.303	0.297	0.293	0.293	0.294	0.297	1.969	0.620	0.284	0.195	-177157.882
469	8	10000	9295	0.5139	0.275	0.307	0.309	0.287	0.284	0.300	0.295	0.328	0.293	0.295	0.295	0.307	0.295	0.303	1.992	0.601	0.296	0.205	-178380.399
470	8	10000	9256	0.5142	0.294	0.294	0.300	0.302	0.297	0.309	0.302	0.303	0.296	0.301	0.313	0.297	0.289	0.303	1.982	0.586	0.307	0.197	-179143.924
471	8	10000	9291	0.5152	0.256	0.308	0.290	0.295	0.303	0.308	0.296	0.318	0.290	0.292	0.301	0.309	0.308	0.307	2.001	0.584	0.305	0.203	-178692.978
472	8	10000	9248	0.5095	0.276	0.294	0.302	0.301	0.305	0.313	0.288	0.305	0.294	0.303	0.283	0.297	0.300	0.298	2.025	0.572	0.290	0.200	-178001.757
473	8	10000	9257	0.5099	0.301	0.294	0.290	0.290	0.308	0.295	0.295	0.303	0.304	0.297	0.307	0.304	0.291	0.295	2.006	0.622	0.295	0.203	-177487.402
474	8	10000	9251	0.5149	0.310	0.303	0.294	0.301	0.293	0.310	0.315	0.332	0.305	0.295	0.302	0.308	0.304	0.304	2.023	0.598	0.317	0.192	-179413.105
475	8	10000	9317	0.5151	0.321	0.310	0.295	0.300	0.308	0.304	0.291	0.291	0.301	0.310	0.297	0.292	0.296	0.305	1.994	0.609	0.307	0.204	-179055.817
476	8	10000	9237	0.5153	0.300	0.302	0.303	0.301	0.308	0.296	0.304	0.302	0.315	0.287	0.287	0.311	0.299	0.300	2.002	0.570	0.303	0.197	-179101.387
477	8	10000	9284	0.5155	0.328	0.296	0.287	0.304	0.314	0.297	0.297	0.260	0.296	0.298	0.296	0.292	0.302	0.290	2.030	0.599	0.287	0.206	-177970.737
478	8	10000	9276	0.5163	0.327	0.288	0.306	0.298	0.318	0.293	0.300	0.252	0.312	0.289	0.292	0.303	0.292	0.288	1.969	0.601	0.275	0.204	-178109.669
479	8	10000	9301	0.5118	0.302	0.291	0.309	0.298	0.299	0.307	0.307	0.299	0.296	0.303	0.306	0.299	0.304	0.298	1.995	0.599	0.303	0.202	-179268.226
480	8	10000	9264	0.5099	0.292	0.297	0.300	0.303	0.313	0.296	0.301	0.309	0.300	0.286	0.287	0.306	0.301	0.300	1.991	0.608	0.293	0.203	-178230.026
481	8	10000	9262	0.5177	0.334	0.296	0.299	0.308	0.296	0.294	0.315	0.254	0.302	0.296	0.304	0.302	0.299	0.294	1.946	0.573	0.288	0.196	-178836.241
482	8	10000	9296	0.5174	0.320	0.298	0.292	0.294	0.314	0.291	0.292	0.280	0.289	0.298	0.297	0.299	0.296	0.294	2.013	0.605	0.282	0.201	-177462.840
483	8	10000	9254	0.5139	0.272	0.306	0.294	0.291	0.305	0.295	0.304	0.302	0.286	0.294	0.295	0.295	0.292	0.299	2.034	0.600	0.288	0.205	-177512.056
484	8	10000	9303	0.5145	0.324	0.308	0.300	0.297	0.311	0.299	0.300	0.294	0.289	0.297	0.304	0.311	0.296	0.291	2.008	0.620	0.293	0.206	-178667.892
485	8	10000	9293	0.5137	0.340	0.295	0.309	0.309	0.304	0.310	0.304	0.264	0.301	0.309	0.295	0.292	0.303	0.306	1.990	0.592	0.300	0.195	-179370.939
486	8	10000	9302	0.5127	0.288	0.305	0.302	0.305	0.282	0.313	0.288	0.313	0.303	0.306	0.313	0.299	0.306	0.294	1.991	0.599	0.301	0.195	-178670.090
487	8	10000	9299	0.5157	0.305	0.306	0.290	0.305	0.304	0.303	0.295	0.299	0.291	0.291	0.313	0.309	0.297	0.304	1.955	0.592	0.295	0.197	-178775.471
488	8	10000	9284	0.5162	0.340	0.295	0.301	0.306	0.310	0.293	0.306	0.273	0.297	0.296	0.293	0.290	0.300	0.312	1.980	0.601	0.294	0.201	-178820.921
489	8	10000	9250	0.5117	0.260	0.299	0.303	0.301	0.281	0.307	0.311	0.343	0.296	0.311	0.301	0.305	0.304	0.298	1.991	0.586	0.308	0.199	-179253.134
490	8	10000	9245	0.5140	0.267	0.296	0.296	0.296	0.308	0.293	0.304	0.341	0.302	0.291	0.299	0.285	0.295	0.297	2.038	0.568	0.289	0.197	-177788.521
491	8	10000	9304	0.5185	0.313	0.303	0.295	0.304	0.304	0.307	0.298	0.297	0.308	0.295	0.300	0.294	0.309	0.308	1.989	0.623	0.308	0.199	-179332.025
492	8	10000	9294	0.5101	0.298	0.306	0.305	0.303	0.306	0.316	0.311	0.307	0.301	0.307	0.291	0.304	0.295	0.309	2.020	0.593	0.293	0.196	-179333.092
493	8	10000	9267	0.5152	0.328	0.298	0.298	0.298	0.309	0.312	0.304	0.284	0.303	0.301	0.305	0.282	0.304	0.296	2.035	0.611	0.308	0.202	-179033.724
494	8	10000	9267	0.5139	0.279	0.304	0.318	0.303	0.293	0.295	0.290	0.321	0.292	0.307	0.301	0.310	0.292	0.292	1.975	0.618	0.300	0.198	-178339.408
495	8	10000	9230	0.5119	0.313	0.296	0.307	0.307	0.306	0.293	0.286	0.291	0.294	0.308	0.300	0.299	0.295	0.311	1.998	0.612	0.318	0.194	-178229.529
496	8	10000	9331	0.5130	0.301	0.311	0.300	0.304	0.297	0.306	0.299	0.320	0.298	0.297	0.303	0.316	0.301	0.301	2.027	0.610	0.311	0.207	-179726.335
497	8	10000	9265	0.5120	0.305	0.290	0.293	0.305	0.307	0.293	0.293	0.292	0.312	0.295	0.302	0.296	0.302	0.307	1.992	0.581	0.293	0.199	-178366.541
498	8	10000	9261	0.5151	0.301	0.288	0.302	0.298	0.309	0.304	0.298	0.272	0.290	0.294	0.296	0.289	0.296	0.308	1.987	0.584	0.303	0.192	-177763.297
499	8	10000	9265	0.5152	0.292	0.302	0.289	0.304	0.290	0.292	0.312	0.311	0.300	0.288	0.308	0.301	0.309	0.304	2.041	0.621	0.300	0.206	-178542.859
500	8	10000	9241	0.5119	0.281	0.307	0.306	0.283	0.303	0.305	0.301	0.306	0.292	0.304	0.308	0.301	0.295	0.305	2.029	0.562	0.298	0.194	-178739.886
501	8	10000	9293	0.5152	0.285	0.300	0.298	0.313	0.287	0.297	0.311	0.328	0.307	0.303	0.307	0.294	0.308	0.296	1.998	0.583	0.303	0.202	-179740.645
502	8	10000	9246	0.5137	0.324	0.300	0.290	0.303	0.296	0.303	0.291	0.289	0.304	0.301	0.298	0.301	0.295	0.311	2.024	0.590	0.303	0.194	-178411.386
503	8	10000	9281	0.5168	0.344	0.288	0.301	0.297	0.298	0.304	0.309	0.270	0.301	0.305	0.300	0.311	0.302	0.304	2.011	0.615	0.306	0.194	-178622.160
504	8	10000	9304	0.5159	0.323	0.310	0.307	0.306	0.288	0.292	0.320	0.287	0.290	0.299	0.307	0.295	0.308	0.298	2.021	0.592	0.311	0.198	-179377.899
505	8	10000	9280	0.5160	0.293	0.296	0.311	0.297	0.304	0.309	0.299	0.313	0.303	0.307	0.298	0.310	0.309	0.292	1.987	0.584	0.303	0.198	-179542.571
506	8	10000	9285	0.5096	0.269	0.297	0.302	0.317	0.311	0.300	0.308	0.314	0.306	0.298	0.295	0.303	0.310	0.306	1.981	0.582	0.303	0.198	-179473.670
507	8	10000	9324	0.5108	0.343	0.295	0.310	0.307	0.303	0.301	0.315	0.255	0.278	0.297	0.302	0.317	0.303	0.302	1.999	0.595	0.309	0.200	-179468.838
508	8	10000	9305	0.5144	0.300	0.299	0.287	0.301	0.297	0.296	0.309	0.312	0.294	0.308	0.283	0.300	0.293	0.300	2.029	0.610	0.300	0.206	-178191.062
509	8	10000	9310	0.5158	0.282	0.302	0.303	0.296	0.289	0.297	0.299	0.336	0.296	0.316	0.302	0.283	0.299	0.313	2.032	0.610	0.293	0.204	-178884.923
510	8	10000	9283	0.5178	0.303	0.302	0.298	0.298	0.284	0.293	0.303	0.296	0.305	0.292	0.296	0.307	0.292	0.295	1.958	0.602	0.294	0.204	-178253.190
511	8	10000	9304	0.5153	0.326	0.295	0.298	0.308	0.306	0.304	0.300	0.292	0.299	0.286	0.308	0.288	0.310	0.314	2.011	0.604	0.282	0.204	-179225.119
512	8	10000	9246	0.5144	0.275	0.295	0.289	0.300	0.308	0.297	0.293	0.312	0.295	0.292	0.306	0.279	0.307	0.289	1.985	0.594	0.294	0.200	-177542.152
513	8	10000	9256	0.5146	0.279	0.305	0.302	0.299	0.310	0.314	0.314	0.328	0.293	0.312	0.302	0.303	0.302	0.308	1.999	0.586	0.304	0.194	-179772.202
514	8	10000	9280	0.5150	0.294	0.294	0.296	0.287	0.295	0.298	0.304	0.313	0.289	0.308	0.287	0.298	0.294	0.301	1.990	0.621	0.297	0.211	-178128.466
515	8	10000	9285	0.5129	0.316	0.301	0.306	0.300	0.293	0.303	0.292	0.290	0.294	0.302	0.293	0.326	0.305	0.299	1.999	0.597	0.299	0.200	-178821.948
516	8	10000	9238	0.5131	0.314	0.304	0.306	0.303	0.317	0.293	0.307	0.292	0.310	0.307	0.285	0.302	0.316	0.297	2.002	0.608	0.303	0.198	-179204.799
517	8	10000	9266	0.5122	0.277	0.289	0.297	0.300	0.296	0.301	0.306	0.316	0.302	0.297	0.317	0.298	0.309	0.306	2.000	0.605	0.313	0.197	-178874.456
518	8	10000	9262	0.5120	0.304	0.298	0.302	0.304	0.303	0.306	0.293	0.277	0.298	0.290	0.300	0.307	0.315	0.300	1.985	0.574	0.287	0.195	-178469.751
519	8	10000	9259	0.5168	0.338	0.306	0.294	0.295	0.287	0.302	0.311	0.291	0.304	0.309	0.311	0.297	0.300	0.299	2.002	0.611	0.305	0.198	-179086.902
520	8	10000	9249	0.5135	0.294	0.299	0.309	0.305	0.307	0.292	0.300	0.290	0.307	0.296	0.295	0.294	0.283	0.314	1.987	0.595	0.294	0.201	-178592.435
521	8	10000	9302	0.5146	0.293	0.305	0.306	0.292	0.312	0.301	0.305	0.291	0.300	0.294	0.295	0.293	0.300	0.306	1.966	0.600	0.295	0.201	-178660.458
522	8	10000	9286	0.5136	0.298	0.313	0.295	0.303	0.295	0.299	0.287	0.278	0.294	0.301	0.299	0.300	0.305	0.307	1.958	0.570	0.293	0.196	-178751.077
523	8	10000	9279	0.5147	0.327	0.307	0.299	0.296	0.303	0.284	0.300	0.282	0.307	0.293	0.299	0.296	0.299	0.304	1.991	0.596	0.301	0.204	-178727.836
524	8	10000	9216	0.5103	0.292	0.312	0.302	0.293	0.295	0.293	0.307	0.327	0.301	0.295	0.312	0.290	0.306	0.295	2.005	0.609	0.307	0.199	-178635.225
525	8	10000	9298	0.5129	0.284	0.295	0.310	0.296	0.303	0.323	0.286	0.322	0.318	0.292	0.316	0.294	0.306	0.307	2.026	0.612	0.301	0.202	-179240.017
526	8	10000	9323	0.5147	0.295	0.303	0.311	0.308	0.294	0.302	0.298	0.309	0.297	0.308	0.296	0.289	0.304	0.309	2.007	0.616	0.300	0.204	-179270.579
527	8	10000	9281	0.5151	0.286	0.299	0.304	0.298	0.313	0.297	0.293	0.308	0.307	0.299	0.308	0.276	0.298	0.298	2.050	0.604	0.304	0.207	-178516.277
528	8	10000	9324	0.5153	0.321	0.311	0.295	0.305	0.287	0.305	0.308	0.279	0.303	0.296	0.302	0.303	0.307	0.304	2.046	0.590	0.297	0.202	-179365.752
529	8	10000	9286	0.5130	0.311	0.294	0.290	0.301	0.296	0.296	0.298	0.295	0.306	0.297	0.306	0.296	0.298	0.295	2.041	0.602	0.299	0.200	-178034.348
530	8	10000	9270	0.5167	0.307	0.304	0.299	0.300	0.297	0.307	0.293	0.275	0.299	0.305	0.289	0.306	0.299	0.288	1.985	0.612	0.295	0.204	-178153.363
531	8	10000	9266	0.5139	0.324	0.294	0.292	0.304	0.310	0.302	0.309	0.270	0.304	0.297	0.298	0.305	0.293	0.285	2.000	0.583	0.297	0.203	-178615.237
532	8	10000	9293	0.5126	0.314	0.297	0.295	0.302	0.310	0.310	0.304	0.277	0.290	0.305	0.294	0.294	0.309	0.299	1.976	0.591	0.300	0.204	-179052.812
533	8	10000	9293	0.5165	0.320	0.300	0.306	0.312	0.295	0.317	0.289	0.288	0.305	0.301	0.307	0.300	0.301	0.291	1.993	0.589	0.294	0.198	-179225.358
534	8	10000	9257	0.5156	0.264	0.296	0.293	0.305	0.295	0.305	0.306	0.334	0.286	0.305	0.292	0.292	0.306	0.310	1.994	0.629	0.301	0.208	-178676.033
535	8	10000	9284	0.5129	0.300	0.294	0.296	0.306	0.317	0.303	0.298	0.318	0.301	0.304	0.304	0.292	0.301	0.297	2.005	0.610	0.299	0.204	-179117.136
536	8	10000	9220	0.5105	0.325	0.307	0.299	0.300	0.298	0.302	0.303	0.293	0.279	0.307	0.294	0.300	0.299	0.299	1.982	0.610	0.310	0.201	-178420.968
537	8	10000	9306	0.5142	0.280	0.300	0.303	0.301	0.305	0.302	0.297	0.330	0.295	0.299	0.301	0.301	0.301	0.301	1.987	0.590	0.295	0.204	-179234.895
538	8	10000	9268	0.5147	0.268	0.315	0.297	0.302	0.304	0.293	0.294	0.326	0.305	0.289	0.304	0.295	0.302	0.307	2.023	0.608	0.295	0.199	-178192.063
539	8	10000	9254	0.5160	0.339	0.308	0.299	0.294	0.284	0.294	0.309	0.270	0.291	0.284	0.311	0.302	0.292	0.303	2.026	0.619	0.306	0.204	-178110.069
540	8	10000	9273	0.5175	0.321	0.293	0.298	0.295	0.299	0.295	0.296	0.283	0.305	0.316	0.294	0.302	0.293	0.303	2.012	0.574	0.299	0.201	-178806.268
541	8	10000	9250	0.5142	0.307	0.293	0.300	0.289	0.303	0.303	0.301	0.289	0.295	0.304	0.302	0.311	0.297	0.302	2.026	0.561	0.289	0.198	-178584.298
542	8	10000	9289	0.5137	0.286	0.306	0.296	0.295	0.307	0.302	0.281	0.291	0.302	0.313	0.286	0.294	0.309	0.297	2.006	0.602	0.290	0.203	-178086.153
543	8	10000	9268	0.5125	0.299	0.311	0.300	0.292	0.285	0.299	0.309	0.294	0.287	0.288	0.306	0.298	0.301	0.303	1.982	0.610	0.293	0.201	-178021.750
544	8	10000	9257	0.5138	0.288	0.313	0.315	0.297	0.292	0.290	0.311	0.307	0.302	0.287	0.301	0.300	0.299	0.305	2.004	0.607	0.292	0.202	-178485.777
545	8	10000	9310	0.5139	0.261	0.301	0.314	0.293	0.314	0.299	0.309	0.311	0.313	0.299	0.300	0.310	0.290	0.295	1.976	0.559	0.282	0.195	-178705.823
546	8	10000	9320	0.5175	0.257	0.301	0.311	0.301	0.292	0.295	0.293	0.356	0.305	0.313	0.290	0.293	0.299	0.294	2.016	0.614	0.304	0.197	-178448.056
547	8	10000	9308	0.5121	0.287	0.309	0.305	0.301	0.299	0.303	0.306	0.329	0.282	0.309	0.301	0.303	0.304	0.278	2.016	0.590	0.303	0.201	-178994.467
548	8	10000	9292	0.5115	0.261	0.309	0.305	0.305	0.306	0.296	0.318	0.321	0.304	0.302	0.302	0.284	0.308	0.301	1.971	0.593	0.283	0.201	-179162.981
549	8	10000	9273	0.5162	0.305	0.298	0.304	0.304	0.314	0.298	0.306	0.299	0.293	0.303	0.302	0.301	0.299	0.294	2.024	0.590	0.296	0.202	-179100.823
550	8	10000	9307	0.5110	0.344	0.299	0.295	0.303	0.307	0.289	0.311	0.246	0.292	0.297	0.297	0.327	0.285	0.312	2.008	0.634	0.324	0.209	-178945.767
551	8	10000	9262	0.5154	0.311	0.295	0.299	0.299	0.294	0.294	0.304	0.305	0.298	0.295	0.298	0.310	0.298	0.307	1.987	0.611	0.303	0.204	-178846.970
552	8	10000	9227	0.5114	0.317	0.312	0.308	0.293	0.310	0.305	0.301	0.278	0.287	0.299	0.296	0.287	0.305	0.291	1.979	0.567	0.290	0.195	-178547.114
553	8	10000	9317	0.5159	0.289	0.296	0.289	0.298	0.292	0.305	0.298	0.320	0.312	0.297	0.300	0.288	0.304	0.296	1.985	0.609	0.280	0.213	-178698.318
554	8	10000	9300	0.5110	0.290	0.290	0.303	0.299	0.283	0.308	0.318	0.340	0.292	0.301	0.293	0.298	0.301	0.309	1.986	0.600	0.306	0.199	-179085.615
555	8	10000	9267	0.5115	0.312	0.324	0.310	0.301	0.293	0.307	0.303	0.267	0.311	0.305	0.304	0.300	0.296	0.297	1.973	0.598	0.293	0.197	-179061.120
556	8	10000	9252	0.5159	0.348	0.302	0.294	0.296	0.295	0.301	0.296	0.260	0.295	0.297	0.306	0.311	0.298	0.308	2.038	0.606	0.300	0.201	-178462.515
557	8	10000	9252	0.5138	0.335	0.299	0.291	0.297	0.311	0.298	0.302	0.238	0.313	0.298	0.308	0.293	0.301	0.295	1.999	0.592	0.296	0.195	-178125.499
558	8	10000	9292	0.5136	0.344	0.306	0.298	0.315	0.268	0.291	0.308	0.257	0.302	0.304	0.306	0.289	0.306	0.313	2.024	0.596	0.296	0.199	-178848.527
559	8	10000	9332	0.5105	0.303	0.300	0.296	0.302	0.301	0.312	0.303	0.300	0.293	0.301	0.322	0.311	0.310	0.305	2.016	0.605	0.320	0.204	-180099.940
560	8	10000	9276	0.5128	0.258	0.302	0.297	0.319	0.298	0.300	0.294	0.345	0.289	0.293	0.290	0.310	0.300	0.300	2.003	0.600	0.299	0.204	-178731.358
561	8	10000	9339	0.5130	0.318	0.310	0.305	0.298	0.313	0.306	0.296	0.288	0.284	0.303	0.316	0.301	0.298	0.299	1.992	0.591	0.284	0.208	-179623.092
562	8	10000	9253	0.5167	0.307	0.285	0.294	0.293	0.289	0.309	0.296	0.280	0.293	0.297	0.299	0.312	0.301	0.312	1.985	0.588	0.307	0.195	-178137.158
563	8	10000	9280	0.5115	0.299	0.312	0.304	0.299	0.310	0.306	0.283	0.300	0.301	0.310	0.298	0.299	0.311	0.295	1.957	0.607	0.302	0.195	-178653.161
564	8	10000	9286	0.5152	0.287	0.297	0.313	0.293	0.295	0.296	0.299	0.354	0.284	0.298	0.302	0.306	0.307	0.291	1.965	0.602	0.298	0.196	-178677.004
565	8	10000	9244	0.5126	0.301	0.296	0.300	0.299	0.306	0.287	0.306	0.261	0.300	0.295	0.291	0.304	0.304	0.309	2.018	0.595	0.298	0.197	-177796.212
566	8	10000	9236	0.5130	0.323	0.305	0.298	0.301	0.303	0.303	0.289	0.287	0.296	0.299	0.297	0.299	0.297	0.296	1.990	0.617	0.306	0.198	-178121.918
567	8	10000	9280	0.5121	0.318	0.307	0.305	0.298	0.296	0.310	0.299	0.270	0.307	0.312	0.298	0.294	0.295	0.311	1.976	0.595	0.307	0.198	-179306.134
568	8	10000	9324	0.5144	0.308	0.281	0.302	0.294	0.297	0.292	0.298	0.281	0.303	0.288	0.303	0.289	0.298	0.313	1.983	0.595	0.286	0.198	-177699.554
569	8	10000	9266	0.5101	0.305	0.289	0.295	0.303	0.298	0.302	0.279	0.303	0.298	0.296	0.306	0.295	0.309	0.296	1.969	0.581	0.300	0.196	-178281.080
570	8	10000	9248	0.5123	0.290	0.295	0.300	0.305	0.296	0.294	0.296	0.297	0.302	0.297	0.283	0.285	0.287	0.302	1.978	0.613	0.288	0.204	-177348.886
571	8	10000	9278	0.5156	0.297	0.302	0.299	0.309	0.284	0.308	0.305	0.313	0.299	0.290	0.326	0.306	0.303	0.298	1.998	0.602	0.289	0.197	-179102.949
572	8	10000	9303	0.5145	0.309	0.295	0.317	0.302	0.305	0.301	0.295	0.319	0.317	0.299	0.301	0.290	0.303	0.293	1.984	0.603	0.306	0.202	-179315.074
573	8	10000	9278	0.5169	0.277	0.307	0.295	0.292	0.296	0.296	0.304	0.314	0.265	0.302	0.309	0.300	0.306	0.307	2.008	0.601	0.303	0.204	-178569.142
574	8	10000	9305	0.5175	0.296	0.292	0.308	0.299	0.312	0.304	0.299	0.296	0.280	0.309	0.304	0.307	0.295	0.300	1.990	0.605	0.296	0.194	-178432.414
575	8	10000	9320	0.5124	0.258	0.317	0.302	0.307	0.299	0.297	0.304	0.337	0.306	0.297	0.300	0.304	0.301	0.286	2.005	0.589	0.294	0.202	-178880.807
576	8	10000	9324	0.5112	0.341	0.305	0.307	0.290	0.288	0.302	0.303	0.269	0.318	0.285	0.310	0.296	0.313	0.297	2.025	0.593	0.309	0.207	-179563.180
577	8	10000	9297	0.5124	0.299	0.318	0.302	0.303	0.295	0.310	0.290	0.297	0.301	0.304	0.316	0.285	0.312	0.305	1.990	0.602	0.312	0.199	-179353.938
578	8	10000	9271	0.5143	0.290	0.292	0.306	0.307	0.311	0.309	0.288	0.309	0.299	0.304	0.286	0.290	0.290	0.301	1.988	0.623	0.310	0.203	-178342.200
579	8	10000	9255	0.5176	0.317	0.303	0.300	0.301	0.303	0.306	0.299	0.290	0.297	0.295	0.303	0.297	0.297	0.292	1.999	0.585	0.319	0.192	-178562.728
580	8	10000	9260	0.5125	0.302	0.286	0.309	0.297	0.312	0.288	0.303	0.284	0.308	0.305	0.288	0.319	0.304	0.292	2.020	0.582	0.280	0.197	-178280.965
581	8	10000	9278	0.5141	0.272	0.289	0.299	0.305	0.290	0.298	0.301	0.330	0.292	0.298	0.306	0.301	0.295	0.297	2.013	0.607	0.313	0.197	-177959.810
582	8	10000	9266	0.5126	0.305	0.311	0.281	0.304	0.296	0.303	0.299	0.288	0.303	0.296	0.306	0.286	0.295	0.307	1.981	0.595	0.293	0.196	-178037.406
583	8	10000	9252	0.5136	0.335	0.309	0.291	0.303	0.303	0.295	0.293	0.277	0.298	0.299	0.300	0.301	0.303	0.301	2.006	0.592	0.300	0.196	-178239.562
584	8	10000	9250	0.5141	0.310	0.292	0.313	0.305	0.278	0.317	0.281	0.297	0.282	0.311	0.290	0.317	0.299	0.304	2.015	0.598	0.301	0.197	-178213.326
585	8	10000	9320	0.5179	0.311	0.291	0.296	0.297	0.305	0.291	0.297	0.288	0.303	0.316	0.291	0.309	0.297	0.309	2.033	0.592	0.287	0.201	-178875.075
586	8	10000	9324	0.5128	0.290	0.292	0.305	0.306	0.307	0.297	0.317	0.318	0.307	0.300	0.310	0.299	0.300	0.303	1.967	0.601	0.292	0.202	-179769.028
587	8	10000	9265	0.5133	0.281	0.303	0.305	0.305	0.298	0.300	0.295	0.313	0.285	0.300	0.292	0.297	0.301	0.304	1.966	0.613	0.297	0.203	-178450.767
588	8	10000	9237	0.5159	0.308	0.311	0.300	0.287	0.302	0.311	0.296	0.277	0.298	0.296	0.298	0.286	0.301	0.292	1.963	0.612	0.291	0.194	-177436.321
589	8	10000	9264	0.5096	0.298	0.297	0.290	0.300	0.313	0.284	0.303	0.306	0.292	0.302	0.312	0.297	0.311	0.293	2.017	0.599	0.306	0.196	-178305.221
590	8	10000	9300	0.5144	0.281	0.297	0.306	0.285	0.294	0.297	0.297	0.306	0.301	0.291	0.306	0.294	0.309	0.289	1.998	0.609	0.300	0.204	-178031.290
591	8	10000	9257	0.5154	0.298	0.291	0.289	0.306	0.310	0.299	0.306	0.304	0.301	0.306	0.279	0.291	0.309	0.307	1.998	0.600	0.292	0.201	-178563.139
592	8	10000	9306	0.5127	0.305	0.301	0.295	0.293	0.304	0.291	0.305	0.297	0.310	0.300	0.301	0.302	0.306	0.308	2.042	0.581	0.296	0.199	-179067.067
593	8	10000	9255	0.5134	0.307	0.295	0.293	0.302	0.289	0.307	0.299	0.312	0.300	0.298	0.287	0.306	0.304	0.305	2.020	0.629	0.316	0.201	-178359.599
594	8	10000	9279	0.5175	0.444	0.305	0.302	0.296	0.296	0.298	0.310	0.161	0.291	0.303	0.298	0.303	0.302	0.304	2.001	0.622	0.306	0.200	-178948.075
595	8	10000	9251	0.5125	0.310	0.295	0.302	0.292	0.305	0.311	0.302	0.298	0.305	0.298	0.296	0.281	0.301	0.301	1.999	0.614	0.294	0.199	-178180.952
596	8	10000	9245	0.5096	0.317	0.293	0.300	0.306	0.301	0.285	0.301	0.291	0.302	0.308	0.297	0.293	0.288	0.307	1.976	0.606	0.292	0.200	-178317.543
597	8	10000	9317	0.5145	0.291	0.302	0.316	0.303	0.302	0.296	0.309	0.308	0.300	0.309	0.311	0.305	0.296	0.306	2.007	0.574	0.288	0.199	-179812.539
598	8	10000	9273	0.5108	0.306	0.294	0.300	0.322	0.298	0.292	0.301	0.288	0.311	0.295	0.297	0.300	0.295	0.299	1.975	0.604	0.300	0.202	-178859.327
599	8	10000	9314	0.5145	0.331	0.284	0.293	0.314	0.296	0.314	0.298	0.294	0.305	0.302	0.309	0.320	0.298	0.300	1.982	0.586	0.303	0.202	-180102.928
600	8	10000	9229	0.5116	0.274	0.298	0.293	0.298	0.291	0.301	0.302	0.329	0.310	0.301	0.304	0.299	0.296	0.294	1.997	0.590	0.289	0.198	-178114.053
601	8	10000	9268	0.5148	0.274	0.298	0.288	0.293	0.295	0.295	0.300	0.317	0.294	0.302	0.294	0.296	0.314	0.292	1.996	0.597	0.285	0.200	-177782.026
602	8	10000	9296	0.5155	0.288	0.297	0.299	0.294	0.312	0.296	0.287	0.321	0.303	0.301	0.299	0.295	0.299	0.297	1.995	0.620	0.310	0.198	-178116.408
603	8	10000	9251	0.5143	0.252	0.301	0.298	0.293	0.300	0.311	0.288	0.313	0.308	0.305	0.301	0.285	0.304	0.288	1.986	0.591	0.286	0.199	-177746.895
604	8	10000	9295	0.5118	0.329	0.297	0.301	0.303	0.301	0.295	0.298	0.285	0.313	0.300	0.303	0.296	0.296	0.303	1.995	0.599	0.300	0.199	-178772.943
605	8	10000	9230	0.5105	0.285	0.306	0.309	0.301	0.311	0.304	0.284	0.297	0.309	0.294	0.298	0.288	0.296	0.303	1.966	0.589	0.297	0.197	-178574.847
606	8	10000	9262	0.5111	0.333	0.291	0.299	0.305	0.308	0.315	0.293	0.244	0.291	0.308	0.298	0.305	0.305	0.300	1.995	0.582	0.297	0.196	-178668.850
607	8	10000	9238	0.5159	0.285	0.293	0.314	0.294	0.297	0.306	0.292	0.318	0.290	0.307	0.286	0.313	0.287	0.311	1.998	0.623	0.312	0.199	-178330.131
608	8	10000	9275	0.5146	0.302	0.296	0.295	0.308	0.298	0.310	0.299	0.280	0.296	0.297	0.298	0.299	0.305	0.303	1.991	0.607	0.305	0.200	-178685.044
609	8	10000	9317	0.5118	0.283	0.298	0.317	0.298	0.310	0.308	0.306	0.322	0.294	0.304	0.311	0.317	0.309	0.297	1.970	0.571	0.288	0.197	-180076.527
610	8	10000	9248	0.5160	0.307	0.307	0.306	0.289	0.283	0.295	0.309	0.300	0.308	0.294	0.309	0.290	0.314	0.288	1.985	0.610	0.307	0.200	-178453.351
611	8	10000	9274	0.5121	0.280	0.283	0.303	0.307	0.306	0.301	0.306	0.310	0.292	0.304	0.306	0.306	0.303	0.308	1.998	0.584	0.289	0.197	-179027.213
612	8	10000	9282	0.5113	0.267	0.304	0.293	0.299	0.299	0.299	0.303	0.323	0.312	0.308	0.297	0.306	0.301	0.287	1.993	0.583	0.291	0.201	-178761.594
613	8	10000	9289	0.5185	0.314	0.306	0.292	0.320	0.288	0.295	0.305	0.278	0.316	0.293	0.300	0.288	0.296	0.308	2.022	0.588	0.299	0.198	-178579.721
614	8	10000	9272	0.5121	0.303	0.295	0.308	0.304	0.298	0.292	0.310	0.315	0.292	0.305	0.299	0.291	0.295	0.301	1.979	0.591	0.287	0.197	-178650.075
615	8	10000	9239	0.5122	0.280	0.290	0.298	0.292	0.313	0.297	0.296	0.321	0.293	0.298	0.292	0.299	0.307	0.296	2.004	0.601	0.294	0.202	-177939.604
616	8	10000	9280	0.5173	0.280	0.283	0.309	0.315	0.299	0.299	0.301	0.348	0.301	0.301	0.295	0.297	0.302	0.300	1.994	0.600	0.321	0.202	-179754.051
617	8	10000	9279	0.5160	0.302	0.311	0.305	0.309	0.295	0.303	0.292	0.297	0.311	0.304	0.308	0.296	0.299	0.294	2.007	0.604	0.292	0.196	-178696.953
618	8	10000	9284	0.5144	0.278	0.293	0.292	0.292	0.305	0.299	0.299	0.326	0.292	0.302	0.304	0.300	0.299	0.300	2.006	0.594	0.295	0.198	-178137.396
619	8	10000	9301	0.5146	0.266	0.304	0.291	0.310	0.291	0.301	0.293	0.312	0.287	0.293	0.302	0.303	0.303	0.297	2.000	0.596	0.287	0.200	-177766.940
620	8	10000	9267	0.5112	0.310	0.295	0.290	0.304	0.305	0.296	0.305	0.288	0.305	0.304	0.303	0.292	0.307	0.305	2.001	0.590	0.295	0.200	-178849.524
621	8	10000	9293	0.5127	0.313	0.301	0.299	0.293	0.301	0.293	0.302	0.295	0.280	0.303	0.303	0.299	0.301	0.296	2.008	0.596	0.307	0.199	-178384.086
622	8	10000	9300	0.5120	0.336	0.297	0.307	0.302	0.288	0.288	0.302	0.266	0.297	0.306	0.301	0.295	0.309	0.300	2.028	0.597	0.279	0.207	-178536.511
623	8	10000	9274	0.5112	0.319	0.296	0.297	0.302	0.310	0.299	0.308	0.292	0.303	0.289	0.327	0.285	0.308	0.299	2.026	0.576	0.292	0.197	-178916.883
624	8	10000	9288	0.5144	0.300	0.313	0.310	0.303	0.278	0.315	0.302	0.312	0.304	0.304	0.303	0.298	0.309	0.297	2.001	0.599	0.309	0.202	-179566.265
625	8	10000	9274	0.5143	0.292	0.288	0.286	0.314	0.301	0.295	0.307	0.309	0.297	0.295	0.295	0.296	0.304	0.310	2.040	0.583	0.289	0.196	-178227.247
626	8	10000	9258	0.5121	0.323	0.302	0.302	0.311	0.312	0.295	0.303	0.284	0.294	0.312	0.289	0.292	0.299	0.298	1.984	0.611	0.308	0.205	-179279.426
627	8	10000	9289	0.5134	0.301	0.299	0.302	0.309	0.293	0.296	0.307	0.322	0.300	0.291	0.299	0.288	0.305	0.304	2.005	0.609	0.310	0.200	-178827.305
628	8	10000	9241	0.5124	0.316	0.298	0.308	0.294	0.309	0.305	0.295	0.283	0.294	0.309	0.304	0.307	0.292	0.308	1.980	0.609	0.311	0.198	-178941.194
629	8	10000	9285	0.5098	0.293	0.306	0.299	0.291	0.285	0.300	0.287	0.301	0.294	0.295	0.303	0.302	0.303	0.302	1.983	0.597	0.298	0.202	-178272.166
630	8	10000	9273	0.5105	0.269	0.320	0.285	0.305	0.306	0.313	0.301	0.322	0.300	0.305	0.313	0.306	0.312	0.303	2.009	0.580	0.291	0.198	-179866.093
631	8	10000	9238	0.5157	0.294	0.301	0.298	0.305	0.299	0.313	0.277	0.297	0.301	0.296	0.307	0.303	0.321	0.297	2.027	0.616	0.310	0.198	-178464.445
632	8	10000	9220	0.5094	0.283	0.298	0.298	0.290	0.302	0.294	0.304	0.316	0.296	0.290	0.311	0.296	0.307	0.301	2.000	0.595	0.305	0.200	-178246.094
633	8	10000	9289	0.5147	0.331	0.300	0.305	0.308	0.285	0.304	0.303	0.261	0.295	0.301	0.303	0.307	0.311	0.305	1.982	0.590	0.276	0.200	-179111.002
634	8	10000	9295	0.5140	0.308	0.312	0.301	0.301	0.299	0.299	0.299	0.278	0.302	0.292	0.300	0.309	0.303	0.299	2.008	0.616	0.290	0.209	-178808.110
635	8	10000	9288	0.5161	0.293	0.310	0.305	0.298	0.293	0.302	0.308	0.293	0.298	0.294	0.312	0.297	0.311	0.295	2.026	0.607	0.294	0.201	-178910.311
636	8	10000	9270	0.5145	0.334	0.295	0.297	0.299	0.291	0.305	0.297	0.279	0.289	0.301	0.308	0.295	0.294	0.298	1.993	0.592	0.295	0.200	-178218.086
637	8	10000	9310	0.5208	0.318	0.301	0.305	0.296	0.299	0.298	0.301	0.287	0.305	0.298	0.305	0.290	0.301	0.303	2.058	0.586	0.292	0.202	-178765.282
638	8	10000	9315	0.5147	0.312	0.302	0.321	0.302	0.302	0.301	0.295	0.278	0.304	0.305	0.299	0.305	0.301	0.305	2.016	0.605	0.301	0.203	-179450.595
639	8	10000	9295	0.5123	0.310	0.300	0.292	0.299	0.296	0.305	0.304	0.295	0.300	0.304	0.306	0.301	0.293	0.297	1.979	0.606	0.302	0.203	-178767.656
640	8	10000	9261	0.5122	0.287	0.298	0.294	0.304	0.301	0.303	0.306	0.311	0.299	0.299	0.296	0.301	0.301	0.303	1.979	0.614	0.289	0.202	-178592.841
641	8	10000	9255	0.5124	0.306	0.309	0.290	0.299	0.293	0.311	0.303	0.291	0.292	0.308	0.309	0.319	0.303	0.293	1.989	0.598	0.314	0.201	-179318.275
642	8	10000	9325	0.5172	0.292	0.302	0.305	0.298	0.291	0.307	0.303	0.322	0.294	0.303	0.310	0.313	0.298	0.309	1.967	0.601	0.308	0.208	-180162.552
643	8	10000	9216	0.5124	0.299	0.282	0.310	0.289	0.307	0.296	0.292	0.287	0.302	0.302	0.296	0.290	0.292	0.297	1.988	0.597	0.287	0.193	-177207.139
644	8	10000	9285	0.5150	0.332	0.308	0.298	0.299	0.301	0.297	0.296	0.269	0.306	0.300	0.289	0.312	0.301	0.305	2.020	0.607	0.305	0.193	-178558.417
645	8	10000	9291	0.5123	0.288	0.292	0.309	0.298	0.311	0.297	0.299	0.301	0.302	0.301	0.288	0.298	0.305	0.287	1.996	0.588	0.292	0.204	-178489.191
646	8	10000	9290	0.5144	0.302	0.296	0.300	0.300	0.300	0.305	0.304	0.294	0.305	0.302	0.291	0.306	0.300	0.302	2.056	0.564	0.286	0.194	-178450.447
647	8	10000	9252	0.5172	0.322	0.266	0.296	0.301	0.305	0.307	0.286	0.273	0.318	0.296	0.298	0.292	0.292	0.310	1.983	0.603	0.317	0.201	-178295.939
648	8	10000	9284	0.5119	0.268	0.298	0.296	0.298	0.291	0.300	0.309	0.316	0.293	0.303	0.302	0.305	0.294	0.296	1.974	0.603	0.305	0.206	-178624.677
649	8	10000	9276	0.5119	0.286	0.302	0.301	0.312	0.291	0.284	0.301	0.303	0.303	0.297	0.295	0.302	0.301	0.294	1.949	0.601	0.301	0.204	-178646.419
650	8	10000	9302	0.5135	0.280	0.304	0.298	0.294	0.300	0.305	0.292	0.325	0.304	0.300	0.301	0.276	0.314	0.298	1.966	0.597	0.301	0.199	-178518.674
651	8	10000	9241	0.5170	0.304	0.293	0.298	0.289	0.290	0.303	0.297	0.285	0.310	0.294	0.296	0.312	0.307	0.303	2.002	0.603	0.300	0.200	-178391.898
652	8	10000	9289	0.5136	0.325	0.297	0.309	0.304	0.306	0.299	0.288	0.280	0.305	0.304	0.308	0.290	0.313	0.295	2.000	0.592	0.297	0.205	-179369.940
653	8	10000	9272	0.5117	0.348	0.286	0.304	0.296	0.296	0.314	0.309	0.265	0.317	0.298	0.297	0.316	0.295	0.305	1.974	0.589	0.293	0.201	-179507.946
654	8	10000	9243	0.5198	0.301	0.304	0.301	0.294	0.292	0.295	0.299	0.301	0.300	0.308	0.289	0.292	0.297	0.302	2.057	0.598	0.284	0.195	-177441.170
655	8	10000	9215	0.5147	0.332	0.302	0.300	0.293	0.295	0.300	0.299	0.272	0.285	0.291	0.287	0.301	0.289	0.303	1.998	0.597	0.302	0.199	-177593.428
656	8	10000	9327	0.5134	0.308	0.301	0.301	0.315	0.293	0.299	0.303	0.330	0.297	0.308	0.303	0.297	0.300	0.308	2.032	0.606	0.311	0.201	-179901.096
657	8	10000	9271	0.5187	0.296	0.298	0.299	0.292	0.310	0.309	0.293	0.299	0.315	0.298	0.289	0.305	0.312	0.294	1.977	0.583	0.289	0.197	-179033.720
658	8	10000	9271	0.5177	0.311	0.291	0.302	0.294	0.314	0.296	0.298	0.271	0.283	0.291	0.302	0.321	0.311	0.299	1.997	0.590	0.290	0.199	-178559.300
659	8	10000	9288	0.5154	0.284	0.310	0.297	0.295	0.292	0.288	0.303	0.326	0.312	0.307	0.302	0.299	0.304	0.293	1.977	0.603	0.301	0.206	-179237.288
660	8	10000	9227	0.5120	0.312	0.297	0.296	0.290	0.305	0.303	0.303	0.285	0.306	0.299	0.305	0.297	0.312	0.295	2.010	0.606	0.302	0.190	-178211.628
661	8	10000	9299	0.5140	0.318	0.288	0.301	0.309	0.311	0.305	0.310	0.288	0.300	0.291	0.307	0.307	0.300	0.309	2.014	0.618	0.303	0.204	-179411.380
662	8	10000	9293	0.5147	0.312	0.297	0.296	0.300	0.295	0.315	0.298	0.309	0.301	0.302	0.299	0.302	0.302	0.307	1.985	0.588	0.295	0.201	-179359.932
663	8	10000	9263	0.5118	0.326	0.294	0.293	0.298	0.289	0.301	0.275	0.267	0.301	0.292	0.314	0.296	0.306	0.297	2.004	0.596	0.304	0.199	-177914.474
664	8	10000	9261	0.5127	0.317	0.298	0.289	0.300	0.292	0.292	0.304	0.290	0.304	0.301	0.295	0.297	0.300	0.312	1.991	0.595	0.288	0.194	-178012.582
665	8	10000	9260	0.5165	0.313	0.304	0.299	0.299	0.294	0.310	0.284	0.288	0.277	0.319	0.301	0.314	0.305	0.317	2.001	0.585	0.290	0.195	-179116.414
666	8	10000	9208	0.5111	0.346	0.295	0.299	0.292	0.294	0.301	0.295	0.289	0.294	0.305	0.306	0.297	0.305	0.295	1.990	0.606	0.309	0.197	-178528.142
667	8	10000	9270	0.5160	0.311	0.297	0.283	0.310	0.305	0.294	0.315	0.281	0.293	0.298	0.302	0.313	0.291	0.294	1.980	0.589	0.292	0.200	-178606.177
668	8	10000	9247	0.5118	0.252	0.294	0.307	0.294	0.305	0.291	0.296	0.316	0.298	0.297	0.294	0.292	0.295	0.296	1.970	0.610	0.294	0.205	-177513.384
669	8	10000	9314	0.5171	0.277	0.299	0.310	0.293	0.294	0.305	0.306	0.314	0.305	0.288	0.303	0.305	0.310	0.293	2.020	0.578	0.307	0.196	-178996.644
670	8	10000	9285	0.5174	0.303	0.306	0.296	0.304	0.296	0.307	0.303	0.286	0.316	0.301	0.297	0.297	0.299	0.298	1.938	0.635	0.298	0.210	-179162.953
671	8	10000	9255	0.5135	0.313	0.296	0.296	0.308	0.290	0.288	0.295	0.305	0.297	0.295	0.294	0.285	0.307	0.302	2.023	0.626	0.329	0.200	-177867.067
672	8	10000	9301	0.5118	0.264	0.306	0.298	0.292	0.291	0.289	0.305	0.330	0.292	0.304	0.298	0.304	0.297	0.297	2.011	0.610	0.303	0.203	-178111.386
673	8	10000	9287	0.5130	0.294	0.283	0.290	0.296	0.300	0.299	0.306	0.311	0.285	0.295	0.296	0.292	0.293	0.306	1.970	0.656	0.298	0.210	-177480.140
674	8	10000	9270	0.5171	0.340	0.281	0.297	0.292	0.298	0.297	0.320	0.267	0.285	0.310	0.301	0.310	0.298	0.304	1.963	0.610	0.315	0.206	-179229.600
675	8	10000	9288	0.5120	0.270	0.294	0.295	0.306	0.308	0.302	0.292	0.317	0.302	0.301	0.299	0.307	0.290	0.299	1.990	0.604	0.311	0.203	-178447.678
676	8	10000	9235	0.5102	0.325	0.293	0.298	0.296	0.318	0.305	0.296	0.249	0.301	0.301	0.304	0.296	0.292	0.309	1.990	0.621	0.314	0.200	-178270.214
677	8	10000	9239	0.5124	0.312	0.312	0.294	0.299	0.309	0.301	0.294	0.290	0.287	0.277	0.309	0.295	0.298	0.284	2.041	0.597	0.307	0.198	-177831.809
678	8	10000	9282	0.5118	0.301	0.304	0.299	0.299	0.309	0.309	0.292	0.293	0.303	0.284	0.321	0.306	0.301	0.293	1.973	0.602	0.310	0.200	-179135.951
679	8	10000	9309	0.5123	0.277	0.307	0.285	0.309	0.290	0.306	0.305	0.331	0.294	0.288	0.312	0.313	0.305	0.299	2.018	0.587	0.295	0.198	-179004.118
680	8	10000	9206	0.5150	0.288	0.297	0.297	0.291	0.287	0.296	0.299	0.298	0.293	0.295	0.303	0.294	0.301	0.288	2.023	0.629	0.293	0.202	-176829.933
681	8	10000	9261	0.5126	0.327	0.296	0.294	0.313	0.289	0.298	0.286	0.269	0.304	0.308	0.315	0.300	0.301	0.305	2.012	0.613	0.285	0.197	-178036.908
682	8	10000	9321	0.5147	0.280	0.316	0.291	0.309	0.295	0.305	0.313	0.318	0.298	0.299	0.318	0.313	0.308	0.302	1.961	0.619	0.313	0.213	-180823.728
683	8	10000	9300	0.5121	0.291	0.299	0.299	0.288	0.314	0.312	0.303	0.332	0.299	0.296	0.313	0.297	0.302	0.309	1.961	0.596	0.304	0.197	-179551.809
684	8	10000	9338	0.5158	0.269	0.315	0.293	0.301	0.292	0.296	0.299	0.330	0.311	0.312	0.291	0.301	0.308	0.294	1.988	0.605	0.306	0.205	-179334.590
685	8	10000	9282	0.5131	0.263	0.289	0.312	0.290	0.300	0.309	0.302	0.341	0.298	0.291	0.304	0.316	0.308	0.299	1.972	0.622	0.320	0.200	-179071.384
686	8	10000	9304	0.5131	0.299	0.290	0.304	0.295	0.302	0.285	0.306	0.304	0.310	0.300	0.298	0.302	0.303	0.305	1.984	0.602	0.290	0.204	-178743.759
687	8	10000	9270	0.5142	0.306	0.290	0.302	0.300	0.312	0.299	0.292	0.271	0.312	0.300	0.311	0.308	0.300	0.288	2.015	0.599	0.296	0.205	-178693.820
688	8	10000	9288	0.5126	0.280	0.302	0.304	0.309	0.306	0.298	0.300	0.323	0.295	0.293	0.309	0.304	0.301	0.296	2.001	0.612	0.310	0.204	-179091.205
689	8	10000	9302	0.5115	0.282	0.295	0.300	0.302	0.299	0.303	0.309	0.314	0.302	0.304	0.286	0.319	0.306	0.295	2.004	0.589	0.304	0.195	-178759.492
690	8	10000	9248	0.5105	0.298	0.300	0.305	0.296	0.302	0.305	0.302	0.291	0.302	0.300	0.305	0.302	0.303	0.294	1.962	0.578	0.306	0.194	-178764.514
691	8	10000	9294	0.5145	0.301	0.308	0.302	0.282	0.306	0.305	0.300	0.306	0.294	0.292	0.291	0.313	0.304	0.289	2.000	0.612	0.298	0.202	-178371.867
692	8	10000	9218	0.5121	0.326	0.314	0.307	0.280	0.296	0.307	0.298	0.289	0.297	0.293	0.285	0.320	0.289	0.298	2.029	0.600	0.308	0.197	-177997.236
693	8	10000	9261	0.5157	0.337	0.288	0.300	0.299	0.304	0.298	0.298	0.248	0.302	0.304	0.284	0.300	0.299	0.299	1.967	0.606	0.287	0.203	-178079.358
694	8	10000	9280	0.5170	0.332	0.292	0.303	0.300	0.305	0.280	0.298	0.264	0.307	0.300	0.307	0.310	0.287	0.294	2.004	0.625	0.310	0.203	-178255.153
695	8	10000	9260	0.5156	0.306	0.306	0.287	0.302	0.303	0.305	0.297	0.277	0.288	0.301	0.304	0.285	0.292	0.301	1.970	0.624	0.298	0.199	-177627.871
696	8	10000	9297	0.5147	0.304	0.298	0.299	0.298	0.305	0.291	0.309	0.284	0.296	0.297	0.297	0.290	0.309	0.309	2.027	0.585	0.309	0.202	-178845.119
697	8	10000	9260	0.5152	0.269	0.300	0.301	0.291	0.291	0.298	0.300	0.328	0.300	0.289	0.291	0.298	0.294	0.307	1.971	0.598	0.296	0.196	-177427.631
698	8	10000	9261	0.5145	0.321	0.282	0.299	0.312	0.306	0.306	0.289	0.296	0.287	0.298	0.292	0.295	0.309	0.307	2.001	0.621	0.309	0.202	-178398.616
699	8	10000	9241	0.5134	0.340	0.295	0.298	0.299	0.316	0.307	0.310	0.276	0.325	0.302	0.292	0.285	0.297	0.286	2.010	0.594	0.284	0.195	-178602.573
700	8	10000	9272	0.5133	0.279	0.298	0.294	0.292	0.306	0.298	0.299	0.324	0.306	0.306	0.301	0.300	0.294	0.313	2.001	0.599	0.299	0.199	-178879.433
701	8	10000	9264	0.5123	0.296	0.296	0.298	0.287	0.305	0.300	0.311	0.308	0.307	0.294	0.296	0.284	0.306	0.298	2.038	0.596	0.297	0.200	-178115.316
702	8	10000	9278	0.5120	0.265	0.304	0.295	0.310	0.286	0.289	0.303	0.342	0.300	0.302	0.289	0.298	0.297	0.300	1.985	0.601	0.301	0.199	-178201.954
703	8	10000	9269	0.5136	0.345	0.298	0.295	0.302	0.315	0.299	0.287	0.265	0.298	0.308	0.292	0.293	0.305	0.298	1.991	0.611	0.296	0.201	-178493.567
704	8	10000	9258	0.5137	0.334	0.314	0.293	0.296	0.311	0.310	0.309	0.280	0.299	0.299	0.291	0.304	0.310	0.296	2.024	0.607	0.302	0.200	-179106.037
705	8	10000	9221	0.5145	0.317	0.296	0.299	0.289	0.308	0.303	0.298	0.304	0.293	0.297	0.295	0.305	0.305	0.294	2.035	0.617	0.309	0.199	-178342.931
706	8	10000	9247	0.5152	0.302	0.284	0.300	0.305	0.290	0.293	0.300	0.284	0.301	0.300	0.301	0.292	0.295	0.301	1.979	0.595	0.310	0.194	-177863.128
707	8	10000	9283	0.5161	0.283	0.299	0.289	0.298	0.313	0.302	0.312	0.304	0.327	0.296	0.316	0.305	0.318	0.316	1.981	0.584	0.304	0.196	-180058.557
708	8	10000	9311	0.5170	0.324	0.286	0.299	0.310	0.304	0.280	0.310	0.283	0.296	0.299	0.298	0.302	0.293	0.297	2.023	0.638	0.298	0.207	-178183.262
709	8	10000	9251	0.5147	0.303	0.290	0.299	0.309	0.301	0.300	0.302	0.304	0.289	0.304	0.311	0.298	0.311	0.300	2.037	0.590	0.297	0.200	-179064.890
710	8	10000	9306	0.5103	0.312	0.303	0.302	0.296	0.302	0.295	0.296	0.287	0.294	0.311	0.302	0.303	0.304	0.298	1.986	0.611	0.291	0.201	-178565.318
711	8	10000	9298	0.5153	0.273	0.283	0.303	0.293	0.293	0.293	0.287	0.323	0.289	0.308	0.296	0.293	0.306	0.290	1.959	0.594	0.304	0.206	-178138.324
712	8	10000	9277	0.5139	0.307	0.313	0.305	0.295	0.313	0.300	0.304	0.294	0.301	0.297	0.297	0.308	0.299	0.292	1.994	0.571	0.290	0.195	-178913.916
713	8	10000	9234	0.5119	0.294	0.285	0.300	0.310	0.299	0.303	0.296	0.331	0.301	0.301	0.301	0.293	0.304	0.300	2.013	0.608	0.311	0.192	-178413.598
714	8	10000	9278	0.5114	0.275	0.300	0.304	0.308	0.301	0.292	0.310	0.325	0.294	0.301	0.307	0.302	0.294	0.315	2.002	0.596	0.296	0.210	-179670.608
715	8	10000	9280	0.5134	0.336	0.295	0.310	0.308	0.298	0.299	0.295	0.280	0.292	0.307	0.306	0.305	0.309	0.291	1.958	0.609	0.307	0.200	-179083.938
716	8	10000	9272	0.5159	0.308	0.295	0.302	0.296	0.299	0.292	0.301	0.305	0.284	0.306	0.293	0.305	0.310	0.289	1.985	0.616	0.310	0.200	-178376.863
717	8	10000	9278	0.5133	0.300	0.308	0.306	0.303	0.301	0.302	0.301	0.297	0.295	0.300	0.302	0.282	0.292	0.295	1.966	0.604	0.296	0.204	-178540.904
718	8	10000	9284	0.5141	0.307	0.300	0.301	0.288	0.301	0.299	0.292	0.310	0.302	0.307	0.292	0.300	0.308	0.300	1.980	0.625	0.305	0.205	-178724.344
719	8	10000	9284	0.5134	0.284	0.311	0.292	0.307	0.315	0.311	0.294	0.314	0.320	0.294	0.300	0.297	0.302	0.291	2.021	0.602	0.284	0.201	-178652.827
720	8	10000	9266	0.5181	0.267	0.303	0.283	0.304	0.303	0.304	0.304	0.309	0.292	0.309	0.294	0.306	0.297	0.292	2.020	0.586	0.285	0.200	-178020.086
721	8	10000	9236	0.5125	0.285	0.297	0.290	0.286	0.301	0.307	0.309	0.322	0.291	0.299	0.308	0.297	0.306	0.306	2.023	0.619	0.307	0.201	-178422.044
722	8	10000	9316	0.5122	0.329	0.306	0.301	0.305	0.300	0.301	0.303	0.282	0.300	0.309	0.290	0.311	0.310	0.309	2.002	0.597	0.301	0.198	-179401.984
723	8	10000	9282	0.5078	0.310	0.306	0.300	0.301	0.307	0.294	0.301	0.295	0.292	0.305	0.300	0.310	0.308	0.299	1.973	0.606	0.300	0.197	-178868.974
724	8	10000	9245	0.5171	0.319	0.308	0.287	0.306	0.309	0.291	0.295	0.271	0.309	0.296	0.294	0.283	0.301	0.294	2.003	0.588	0.288	0.202	-178105.730
725	8	10000	9271	0.5099	0.300	0.310	0.308	0.299	0.294	0.305	0.300	0.302	0.291	0.296	0.286	0.317	0.302	0.298	2.018	0.601	0.306	0.200	-178755.178
726	8	10000	9288	0.5125	0.315	0.295	0.297	0.303	0.302	0.290	0.298	0.279	0.299	0.282	0.307	0.292	0.298	0.307	2.016	0.597	0.295	0.200	-177784.385
727	8	10000	9273	0.5141	0.304	0.298	0.314	0.285	0.287	0.295	0.294	0.303	0.310	0.301	0.296	0.297	0.297	0.304	1.992	0.592	0.297	0.199	-178261.431
728	8	10000	9277	0.5198	0.291	0.297	0.309	0.299	0.298	0.316	0.293	0.296	0.312	0.296	0.302	0.288	0.298	0.311	2.005	0.579	0.304	0.191	-178808.545
729	8	10000	9290	0.5128	0.329	0.302	0.289	0.309	0.294	0.302	0.302	0.265	0.304	0.306	0.304	0.299	0.298	0.296	1.993	0.589	0.293	0.203	-178830.109
730	8	10000	9278	0.5125	0.315	0.303	0.300	0.305	0.300	0.294	0.303	0.294	0.293	0.313	0.292	0.296	0.297	0.299	1.976	0.595	0.283	0.199	-178423.295
731	8	10000	9266	0.5142	0.307	0.314	0.305	0.292	0.297	0.291	0.300	0.283	0.303	0.289	0.300	0.303	0.304	0.294	1.983	0.586	0.287	0.198	-178114.487
732	8	10000	9283	0.5180	0.321	0.293	0.307	0.299	0.306	0.299	0.288	0.282	0.308	0.309	0.285	0.298	0.298	0.300	1.990	0.585	0.295	0.201	-178534.065
733	8	10000	9213	0.5159	0.262	0.295	0.301	0.293	0.285	0.294	0.304	0.325	0.295	0.300	0.299	0.281	0.301	0.305	1.989	0.583	0.305	0.195	-177685.857
734	8	10000	9270	0.5075	0.321	0.297	0.298	0.304	0.303	0.306	0.289	0.277	0.282	0.297	0.294	0.304	0.299	0.298	1.993	0.617	0.299	0.200	-177681.881
735	8	10000	9263	0.5123	0.276	0.297	0.297	0.294	0.305	0.288	0.302	0.334	0.308	0.296	0.287	0.289	0.300	0.301	1.993	0.614	0.301	0.200	-177856.387
736	8	10000	9228	0.5139	0.273	0.306	0.298	0.292	0.315	0.298	0.295	0.326	0.306	0.298	0.298	0.299	0.292	0.295	2.023	0.585	0.301	0.196	-178325.637
737	8	10000	9288	0.5117	0.286	0.309	0.302	0.299	0.301	0.305	0.305	0.299	0.290	0.292	0.313	0.307	0.300	0.294	2.016	0.590	0.314	0.200	-178834.740
738	8	10000	9301	0.5141	0.312	0.298	0.309	0.312	0.311	0.308	0.294	0.292	0.295	0.294	0.298	0.307	0.300	0.294	1.973	0.573	0.286	0.201	-179279.861
739	8	10000	9245	0.5121	0.336	0.285	0.298	0.284	0.318	0.288	0.303	0.279	0.315	0.288	0.309	0.301	0.292	0.308	2.000	0.606	0.308	0.197	-178222.090
740	8	10000	9262	0.5161	0.340	0.286	0.292	0.296	0.305	0.292	0.295	0.269	0.297	0.303	0.294	0.303	0.291	0.310	2.007	0.606	0.299	0.197	-177837.102
741	8	10000	9239	0.5133	0.312	0.291	0.303	0.292	0.291	0.299	0.302	0.300	0.312	0.289	0.304	0.297	0.300	0.299	1.991	0.593	0.300	0.199	-178348.448
742	8	10000	9274	0.5099	0.298	0.311	0.290	0.292	0.284	0.302	0.289	0.295	0.302	0.291	0.296	0.283	0.291	0.300	2.010	0.580	0.295	0.205	-177404.780
743	8	10000	9283	0.5164	0.260	0.311	0.317	0.303	0.303	0.311	0.302	0.314	0.295	0.311	0.295	0.322	0.310	0.307	2.021	0.587	0.300	0.197	-179795.569
744	8	10000	9276	0.5130	0.329	0.290	0.309	0.293	0.285	0.290	0.300	0.278	0.287	0.300	0.306	0.293	0.292	0.289	1.988	0.626	0.308	0.202	-177672.810
745	8	10000	9238	0.5114	0.273	0.308	0.297	0.322	0.322	0.295	0.300	0.312	0.311	0.309	0.303	0.289	0.297	0.300	1.998	0.593	0.303	0.197	-179131.256
746	8	10000	9323	0.5137	0.307	0.297	0.317	0.296	0.310	0.311	0.296	0.295	0.291	0.312	0.308	0.320	0.299	0.301	2.024	0.619	0.297	0.202	-179420.932
747	8	10000	9278	0.5135	0.294	0.298	0.306	0.290	0.297	0.304	0.292	0.325	0.297	0.299	0.311	0.308	0.294	0.296	1.981	0.605	0.305	0.198	-178557.470
748	8	10000	9258	0.5128	0.299	0.309	0.292	0.310	0.288	0.297	0.296	0.312	0.314	0.296	0.300	0.280	0.293	0.308	1.973	0.606	0.313	0.199	-178713.936
749	8	10000	9284	0.5104	0.264	0.292	0.298	0.302	0.300	0.316	0.299	0.341	0.288	0.288	0.300	0.314	0.299	0.302	2.033	0.614	0.312	0.205	-178954.059
750	8	10000	9239	0.5127	0.326	0.287	0.295	0.287	0.304	0.306	0.295	0.276	0.289	0.297	0.289	0.294	0.302	0.296	1.995	0.613	0.324	0.197	-177789.897
751	8	10000	9256	0.5168	0.288	0.306	0.305	0.300	0.289	0.311	0.290	0.318	0.295	0.292	0.296	0.302	0.299	0.313	2.025	0.584	0.307	0.197	-178707.261
752	8	10000	9273	0.5127	0.287	0.295	0.309	0.313	0.314	0.299	0.307	0.314	0.290	0.304	0.294	0.302	0.300	0.303	1.963	0.598	0.290	0.196	-179144.796
753	8	10000	9212	0.5120	0.292	0.279	0.300	0.304	0.288	0.301	0.298	0.311	0.315	0.292	0.307	0.284	0.305	0.294	2.057	0.611	0.300	0.193	-177338.735
754	8	10000	9252	0.5161	0.285	0.301	0.289	0.293	0.288	0.313	0.306	0.308	0.299	0.295	0.316	0.285	0.300	0.303	2.016	0.605	0.317	0.197	-178334.346
755	8	10000	9211	0.5130	0.305	0.307	0.299	0.306	0.297	0.305	0.312	0.282	0.289	0.296	0.285	0.297	0.307	0.301	2.032	0.589	0.298	0.188	-177854.491
756	8	10000	9322	0.5124	0.295	0.301	0.296	0.311	0.296	0.295	0.307	0.292	0.300	0.298	0.308	0.306	0.303	0.308	1.978	0.613	0.305	0.204	-179212.164
757	8	10000	9243	0.5146	0.297	0.300	0.288	0.304	0.306	0.298	0.307	0.291	0.286	0.303	0.304	0.306	0.311	0.303	2.019	0.581	0.317	0.195	-178902.973
758	8	10000	9299	0.5148	0.293	0.290	0.305	0.306	0.295	0.298	0.304	0.293	0.304	0.310	0.297	0.310	0.299	0.302	1.982	0.591	0.282	0.202	-178788.639
759	8	10000	9308	0.5133	0.273	0.299	0.293	0.305	0.304	0.317	0.310	0.326	0.301	0.299	0.302	0.307	0.309	0.299	1.999	0.594	0.298	0.202	-179822.157
760	8	10000	9275	0.5110	0.336	0.291	0.303	0.307	0.313	0.285	0.310	0.281	0.316	0.294	0.294	0.288	0.298	0.298	2.012	0.617	0.300	0.202	-178498.023
761	8	10000	9310	0.5131	0.285	0.291	0.308	0.315	0.308	0.298	0.307	0.311	0.295	0.302	0.293	0.305	0.299	0.306	1.989	0.599	0.301	0.203	-179381.273
762	8	10000	9296	0.5187	0.321	0.310	0.303	0.288	0.307	0.299	0.310	0.288	0.287	0.316	0.295	0.314	0.304	0.297	1.999	0.608	0.301	0.200	-179312.272
763	8	10000	9285	0.5147	0.304	0.288	0.285	0.299	0.308	0.294	0.304	0.290	0.295	0.302	0.311	0.305	0.300	0.309	2.017	0.617	0.306	0.201	-178356.499
764	8	10000	9258	0.5145	0.285	0.303	0.302	0.297	0.304	0.304	0.303	0.320	0.300	0.299	0.293	0.284	0.316	0.302	2.004	0.587	0.298	0.197	-178813.794
765	8	10000	9281	0.5131	0.291	0.295	0.299	0.296	0.300	0.306	0.301	0.316	0.294	0.298	0.299	0.309	0.307	0.295	1.984	0.595	0.303	0.199	-178684.097
766	8	10000	9187	0.5110	0.331	0.314	0.298	0.288	0.294	0.296	0.298	0.251	0.301	0.292	0.295	0.297	0.302	0.291	1.993	0.591	0.287	0.193	-177153.725
767	8	10000	9297	0.5138	0.290	0.318	0.277	0.305	0.303	0.294	0.299	0.302	0.288	0.297	0.311	0.306	0.307	0.300	1.994	0.588	0.288	0.205	-178970.262
768	8	10000	9217	0.5161	0.291	0.291	0.307	0.304	0.302	0.295	0.304	0.308	0.294	0.296	0.303	0.303	0.306	0.293	1.957	0.593	0.307	0.193	-178717.413
769	8	10000	9313	0.5182	0.268	0.290	0.288	0.302	0.311	0.316	0.300	0.353	0.294	0.307	0.300	0.288	0.303	0.299	1.995	0.596	0.290	0.200	-179023.124
770	8	10000	9292	0.5158	0.298	0.297	0.307	0.293	0.282	0.311	0.317	0.303	0.279	0.289	0.307	0.319	0.294	0.308	2.018	0.603	0.304	0.205	-179123.939
771	8	10000	9255	0.5117	0.319	0.315	0.304	0.293	0.300	0.313	0.307	0.289	0.295	0.313	0.301	0.313	0.294	0.307	1.988	0.591	0.311	0.196	-179712.794
772	8	10000	9256	0.5114	0.256	0.302	0.312	0.311	0.289	0.310	0.302	0.319	0.292	0.294	0.301	0.302	0.307	0.303	1.974	0.594	0.314	0.195	-179011.680
773	8	10000	9265	0.5154	0.345	0.297	0.300	0.302	0.310	0.295	0.304	0.264	0.300	0.303	0.303	0.310	0.299	0.295	1.999	0.606	0.296	0.202	-178997.435
774	8	10000	9284	0.5134	0.304	0.300	0.306	0.300	0.291	0.301	0.306	0.312	0.321	0.309	0.302	0.293	0.281	0.304	2.035	0.607	0.297	0.201	-178886.361
775	8	10000	9280	0.5130	0.303	0.304	0.300	0.297	0.311	0.295	0.310	0.310	0.302	0.296	0.292	0.304	0.295	0.308	2.039	0.590	0.297	0.201	-179114.817
776	8	10000	9278	0.5149	0.290	0.298	0.301	0.294	0.303	0.298	0.296	0.303	0.305	0.307	0.294	0.299	0.307	0.304	1.955	0.620	0.296	0.205	-178620.874
777	8	10000	9271	0.5123	0.278	0.312	0.296	0.305	0.294	0.304	0.301	0.329	0.287	0.305	0.292	0.293	0.298	0.288	2.039	0.604	0.316	0.198	-178234.942
778	8	10000	9287	0.5144	0.281	0.294	0.296	0.311	0.296	0.309	0.297	0.342	0.298	0.302	0.285	0.301	0.294	0.300	2.018	0.596	0.307	0.201	-178757.431
779	8	10000	9264	0.5125	0.279	0.296	0.308	0.306	0.300	0.308	0.300	0.339	0.307	0.298	0.319	0.310	0.307	0.314	1.979	0.608	0.314	0.200	-180448.646
780	8	10000	9233	0.5109	0.304	0.292	0.305	0.297	0.316	0.294	0.303	0.302	0.299	0.301	0.300	0.298	0.300	0.282	1.966	0.592	0.299	0.196	-178320.369
781	8	10000	9276	0.5139	0.310	0.300	0.304	0.295	0.298	0.295	0.297	0.296	0.293	0.302	0.310	0.285	0.295	0.315	2.008	0.610	0.299	0.199	-178418.868
782	8	10000	9253	0.5121	0.319	0.299	0.298	0.304	0.296	0.296	0.292	0.313	0.289	0.301	0.299	0.305	0.303	0.301	2.000	0.605	0.303	0.201	-178532.978
783	8	10000	9303	0.5120	0.303	0.313	0.302	0.295	0.303	0.305	0.302	0.287	0.311	0.290	0.304	0.302	0.292	0.286	2.044	0.612	0.302	0.208	-178629.977
784	8	10000	9291	0.5132	0.280	0.311	0.305	0.301	0.300	0.307	0.300	0.330	0.300	0.303	0.291	0.307	0.304	0.290	1.964	0.601	0.306	0.199	-179296.666
785	8	10000	9263	0.5075	0.317	0.304	0.298	0.298	0.302	0.290	0.297	0.271	0.306	0.306	0.307	0.300	0.308	0.300	2.029	0.613	0.299	0.198	-178336.592
786	8	10000	9292	0.5149	0.265	0.305	0.293	0.298	0.294	0.308	0.296	0.350	0.299	0.295	0.295	0.301	0.293	0.298	2.009	0.607	0.310	0.199	-178457.533
787	8	10000	9306	0.5148	0.304	0.297	0.320	0.306	0.309	0.305	0.307	0.297	0.298	0.315	0.281	0.292	0.307	0.307	1.961	0.601	0.296	0.196	-179448.234
788	8	10000	9267	0.5124	0.302	0.294	0.308	0.290	0.296	0.305	0.292	0.303	0.301	0.292	0.297	0.310	0.296	0.292	2.017	0.628	0.306	0.199	-177780.953
789	8	10000	9279	0.5178	0.297	0.304	0.280	0.313	0.294	0.299	0.301	0.287	0.289	0.300	0.300	0.314	0.303	0.292	1.994	0.610	0.298	0.204	-178318.766
790	8	10000	9282	0.5142	0.290	0.288	0.292	0.295	0.327	0.299	0.293	0.324	0.297	0.311	0.300	0.298	0.305	0.292	2.019	0.590	0.291	0.202	-178889.748
791	8	10000	9294	0.5131	0.258	0.298	0.303	0.304	0.298	0.292	0.298	0.337	0.301	0.295	0.300	0.302	0.295	0.307	1.989	0.600	0.300	0.205	-178815.537
792	8	10000	9301	0.5142	0.285	0.299	0.293	0.299	0.300	0.313	0.304	0.322	0.298	0.301	0.298	0.291	0.301	0.303	1.986	0.594	0.304	0.204	-179217.601
793	8	10000	9255	0.5127	0.337	0.297	0.290	0.298	0.298	0.294	0.302	0.255	0.286	0.301	0.302	0.320	0.303	0.300	2.023	0.601	0.306	0.206	-178649.457
794	8	10000	9292	0.5134	0.326	0.290	0.301	0.319	0.297	0.296	0.296	0.263	0.304	0.302	0.304	0.305	0.301	0.295	2.050	0.601	0.293	0.198	-178560.951
795	8	10000	9253	0.5132	0.304	0.289	0.313	0.308	0.312	0.296	0.313	0.292	0.292	0.306	0.290	0.305	0.312	0.288	2.013	0.598	0.313	0.200	-179144.713
796	8	10000	9250	0.5184	0.341	0.302	0.306	0.294	0.276	0.295	0.297	0.267	0.292	0.295	0.312	0.303	0.304	0.300	2.038	0.594	0.313	0.203	-178733.534
797	8	10000	9266	0.5109	0.291	0.302	0.303	0.310	0.298	0.302	0.310	0.294	0.296	0.301	0.306	0.306	0.289	0.301	1.950	0.599	0.299	0.204	-179105.912
798	8	10000	9240	0.5094	0.257	0.299	0.290	0.295	0.304	0.317	0.300	0.323	0.300	0.300	0.298	0.302	0.296	0.284	2.016	0.619	0.302	0.199	-177676.764
799	8	10000	9279	0.5119	0.282	0.311	0.290	0.297	0.314	0.301	0.291	0.293	0.287	0.304	0.295	0.295	0.295	0.293	2.036	0.588	0.302	0.203	-177789.215
800	8	10000	9267	0.5088	0.298	0.304	0.302	0.289	0.305	0.310	0.294	0.309	0.286	0.302	0.307	0.294	0.304	0.293	1.970	0.572	0.296	0.198	-178873.739
801	8	10000	9248	0.5136	0.281	0.310	0.303	0.294	0.293	0.313	0.288	0.339	0.312	0.293	0.304	0.302	0.309	0.277	2.013	0.595	0.294	0.197	-178451.541
802	8	10000	9278	0.5106	0.279	0.305	0.297	0.294	0.309	0.289	0.301	0.311	0.296	0.299	0.296	0.311	0.305	0.296	2.011	0.603	0.304	0.204	-178728.862
803	8	10000	9236	0.5145	0.315	0.308	0.300	0.298	0.286	0.290	0.301	0.287	0.292	0.290	0.303	0.297	0.293	0.297	1.976	0.588	0.298	0.195	-177922.928
804	8	10000	9278	0.5126	0.278	0.290	0.306	0.296	0.299	0.302	0.292	0.314	0.306	0.294	0.297	0.280	0.303	0.296	1.984	0.628	0.308	0.206	-178127.780
805	8	10000	9272	0.5140	0.325	0.285	0.292	0.300	0.305	0.294	0.304	0.264	0.308	0.302	0.298	0.290	0.309	0.298	1.991	0.608	0.303	0.198	-178441.333
806	8	10000	9265	0.5092	0.326	0.289	0.298	0.307	0.302	0.298	0.289	0.276	0.306	0.298	0.302	0.288	0.301	0.297	2.065	0.577	0.288	0.200	-177828.170
807	8	10000	9259	0.5191	0.276	0.301	0.302	0.305	0.303	0.289	0.290	0.337	0.303	0.285	0.293	0.284	0.299	0.302	2.011	0.617	0.297	0.204	-177939.395
808	8	10000	9257	0.5120	0.279	0.298	0.304	0.305	0.292	0.304	0.309	0.320	0.302	0.291	0.298	0.295	0.303	0.288	2.040	0.605	0.303	0.200	-178302.807
809	8	10000	9238	0.5150	0.324	0.279	0.310	0.287	0.297	0.304	0.308	0.274	0.302	0.299	0.301	0.287	0.292	0.302	1.976	0.597	0.290	0.202	-178284.441
810	8	10000	9282	0.5149	0.323	0.287	0.293	0.298	0.307	0.287	0.293	0.288	0.313	0.301	0.305	0.300	0.310	0.312	1.985	0.598	0.307	0.199	-179027.115
811	8	10000	9254	0.5140	0.296	0.313	0.304	0.302	0.287	0.304	0.297	0.300	0.320	0.300	0.292	0.299	0.302	0.307	1.996	0.610	0.317	0.196	-179036.041
812	8	10000	9278	0.5154	0.311	0.304	0.296	0.307	0.289	0.307	0.295	0.297	0.292	0.311	0.296	0.290	0.287	0.315	1.967	0.614	0.320	0.200	-178839.950
813	8	10000	9246	0.5117	0.321	0.295	0.302	0.299	0.303	0.296	0.292	0.285	0.292	0.305	0.301	0.297	0.300	0.304	2.007	0.597	0.304	0.196	-178360.367
814	8	10000	9284	0.5127	0.318	0.311	0.309	0.305	0.319	0.295	0.309	0.295	0.293	0.298	0.304	0.302	0.310	0.299	1.995	0.605	0.299	0.195	-179371.693
815	8	10000	9293	0.5136	0.276	0.309	0.297	0.301	0.303	0.304	0.287	0.301	0.289	0.288	0.293	0.314	0.306	0.300	1.987	0.606	0.291	0.202	-178354.682
816	8	10000	9270	0.5164	0.292	0.297	0.290	0.297	0.302	0.286	0.301	0.300	0.306	0.289	0.299	0.290	0.303	0.301	2.016	0.621	0.288	0.212	-177793.791
817	8	10000	9298	0.5146	0.308	0.304	0.304	0.314	0.306	0.301	0.300	0.291	0.319	0.294	0.294	0.283	0.304	0.297	2.004	0.609	0.320	0.202	-179372.805
818	8	10000	9248	0.5122	0.301	0.296	0.292	0.289	0.316	0.299	0.296	0.310	0.302	0.309	0.290	0.293	0.303	0.303	1.991	0.595	0.293	0.201	-178304.579
819	8	10000	9276	0.5161	0.270	0.292	0.297	0.289	0.301	0.310	0.299	0.335	0.318	0.304	0.287	0.294	0.313	0.303	2.013	0.595	0.305	0.199	-178698.479
820	8	10000	9299	0.5134	0.298	0.302	0.314	0.300	0.306	0.298	0.298	0.307	0.307	0.301	0.299	0.296	0.290	0.295	1.974	0.622	0.291	0.200	-178410.908
821	8	10000	9265	0.5141	0.320	0.279	0.287	0.295	0.300	0.297	0.305	0.296	0.309	0.295	0.295	0.304	0.292	0.300	1.976	0.626	0.295	0.207	-178076.088
822	8	10000	9277	0.5119	0.323	0.297	0.313	0.295	0.308	0.305	0.298	0.281	0.296	0.321	0.301	0.299	0.293	0.285	2.025	0.613	0.323	0.204	-179077.967
823	8	10000	9280	0.5131	0.329	0.305	0.290	0.307	0.302	0.305	0.301	0.271	0.296	0.302	0.296	0.305	0.299	0.312	1.992	0.565	0.295	0.198	-179279.696
824	8	10000	9283	0.5124	0.263	0.313	0.289	0.295	0.307	0.298	0.294	0.327	0.311	0.304	0.301	0.296	0.301	0.303	2.022	0.577	0.294	0.208	-178940.649
825	8	10000	9265	0.5129	0.308	0.289	0.294	0.299	0.299	0.304	0.306	0.279	0.310	0.303	0.302	0.285	0.289	0.294	2.006	0.592	0.280	0.198	-177856.344
826	8	10000	9259	0.5149	0.307	0.298	0.301	0.297	0.288	0.283	0.290	0.294	0.282	0.307	0.306	0.304	0.293	0.311	1.983	0.577	0.297	0.195	-177970.253
827	8	10000	9294	0.5155	0.299	0.304	0.298	0.300	0.285	0.305	0.303	0.313	0.301	0.304	0.297	0.294	0.307	0.292	2.057	0.594	0.303	0.200	-178703.819
828	8	10000	9282	0.5126	0.317	0.302	0.284	0.304	0.303	0.307	0.315	0.262	0.288	0.302	0.302	0.315	0.314	0.290	1.979	0.572	0.282	0.194	-178682.100
829	8	10000	9240	0.5122	0.269	0.296	0.306	0.308	0.289	0.304	0.299	0.339	0.298	0.312	0.295	0.309	0.312	0.292	1.984	0.596	0.301	0.197	-178973.107
830	8	10000	9297	0.5148	0.302	0.301	0.302	0.293	0.296	0.303	0.309	0.285	0.303	0.302	0.306	0.307	0.304	0.304	2.022	0.596	0.294	0.205	-179320.178
831	8	10000	9276	0.5112	0.300	0.302	0.303	0.281	0.297	0.292	0.300	0.297	0.302	0.294	0.293	0.298	0.300	0.293	1.992	0.626	0.322	0.207	-178040.010
832	8	10000	9278	0.5100	0.327	0.293	0.317	0.292	0.300	0.299	0.290	0.283	0.301	0.288	0.307	0.305	0.311	0.309	2.045	0.623	0.309	0.203	-178760.876
833	8	10000	9279	0.5159	0.277	0.307	0.310	0.315	0.316	0.308	0.300	0.335	0.302	0.316	0.294	0.304	0.304	0.300	2.029	0.609	0.323	0.190	-179746.812
834	8	10000	9302	0.5162	0.283	0.309	0.303	0.295	0.295	0.294	0.295	0.315	0.306	0.293	0.306	0.299	0.287	0.316	1.987	0.622	0.303	0.209	-178960.475
835	8	10000	9242	0.5107	0.287	0.287	0.295	0.312	0.316	0.287	0.302	0.327	0.310	0.288	0.300	0.293	0.301	0.300	2.016	0.605	0.305	0.200	-178633.548
836	8	10000	9318	0.5150	0.321	0.306	0.305	0.291	0.295	0.300	0.305	0.285	0.284	0.300	0.307	0.308	0.302	0.300	1.989	0.578	0.291	0.199	-178930.542
837	8	10000	9311	0.5160	0.316	0.305	0.285	0.299	0.299	0.298	0.306	0.281	0.304	0.307	0.308	0.302	0.297	0.299	1.991	0.593	0.298	0.193	-178565.866
838	8	10000	9291	0.5134	0.326	0.312	0.292	0.308	0.280	0.297	0.302	0.289	0.298	0.294	0.300	0.300	0.288	0.296	1.990	0.609	0.293	0.209	-178512.927
839	8	10000	9292	0.5180	0.308	0.291	0.292	0.305	0.314	0.303	0.300	0.300	0.293	0.304	0.301	0.315	0.286	0.295	1.958	0.597	0.301	0.198	-178753.434
840	8	10000	9299	0.5135	0.330	0.316	0.295	0.294	0.299	0.300	0.304	0.265	0.318	0.301	0.310	0.286	0.317	0.306	1.973	0.599	0.299	0.202	-179429.098
841	8	10000	9267	0.5136	0.313	0.302	0.306	0.299	0.314	0.299	0.291	0.291	0.289	0.295	0.297	0.315	0.291	0.309	1.979	0.597	0.302	0.202	-178852.899
842	8	10000	9256	0.5159	0.293	0.308	0.306	0.293	0.310	0.298	0.295	0.289	0.321	0.302	0.300	0.308	0.313	0.315	1.974	0.584	0.306	0.197	-179838.281
843	8	10000	9243	0.5121	0.260	0.312	0.294	0.299	0.296	0.298	0.309	0.324	0.292	0.291	0.302	0.306	0.300	0.292	2.006	0.582	0.300	0.202	-178436.559
844	8	10000	9245	0.5129	0.270	0.300	0.302	0.283	0.294	0.295	0.307	0.328	0.286	0.287	0.302	0.320	0.312	0.304	1.928	0.599	0.307	0.196	-178667.255
845	8	10000	9238	0.5131	0.288	0.286	0.297	0.298	0.304	0.302	0.297	0.306	0.297	0.299	0.290	0.295	0.288	0.294	1.970	0.604	0.295	0.192	-177367.237
846	8	10000	9241	0.5092	0.328	0.293	0.300	0.301	0.301	0.294	0.303	0.263	0.304	0.300	0.291	0.303	0.301	0.276	2.030	0.624	0.288	0.206	-177588.700
847	8	10000	9268	0.5123	0.300	0.303	0.293	0.296	0.296	0.305	0.298	0.309	0.304	0.296	0.302	0.290	0.311	0.309	2.007	0.605	0.291	0.196	-178382.925
848	8	10000	9261	0.5133	0.330	0.293	0.301	0.298	0.297	0.289	0.314	0.272	0.306	0.283	0.286	0.306	0.296	0.303	1.983	0.648	0.294	0.202	-177481.510
849	8	10000	9294	0.5108	0.291	0.305	0.284	0.313	0.296	0.302	0.298	0.307	0.306	0.301	0.303	0.305	0.304	0.300	2.000	0.614	0.306	0.198	-178694.312
850	8	10000	9307	0.5153	0.322	0.293	0.308	0.299	0.308	0.313	0.303	0.283	0.299	0.292	0.309	0.301	0.299	0.299	2.027	0.565	0.295	0.194	-179251.431
851	8	10000	9287	0.5122	0.335	0.312	0.296	0.304	0.305	0.294	0.302	0.277	0.294	0.298	0.294	0.297	0.297	0.309	1.999	0.594	0.289	0.202	-178631.074
852	8	10000	9245	0.5182	0.298	0.294	0.304	0.305	0.305	0.291	0.303	0.309	0.292	0.295	0.291	0.304	0.284	0.296	2.000	0.614	0.286	0.204	-177854.010
853	8	10000	9330	0.5147	0.311	0.321	0.292	0.308	0.305	0.313	0.304	0.312	0.293	0.304	0.295	0.301	0.305	0.303	2.011	0.606	0.308	0.196	-179637.778
854	8	10000	9328	0.5102	0.324	0.302	0.307	0.283	0.290	0.297	0.304	0.278	0.308	0.308	0.293	0.295	0.289	0.282	2.026	0.632	0.301	0.202	-177469.514
855	8	10000	9308	0.5150	0.332	0.295	0.308	0.290	0.311	0.300	0.307	0.260	0.289	0.306	0.300	0.300	0.309	0.302	1.997	0.626	0.321	0.203	-179130.558
856	8	10000	9238	0.5119	0.323	0.299	0.307	0.302	0.318	0.289	0.304	0.274	0.313	0.290	0.300	0.293	0.292	0.317	2.036	0.587	0.296	0.195	-178490.580
857	8	10000	9287	0.5136	0.299	0.280	0.306	0.297	0.315	0.303	0.304	0.313	0.310	0.287	0.301	0.294	0.311	0.289	2.006	0.605	0.303	0.203	-178831.844
858	8	10000	9289	0.5154	0.340	0.300	0.299	0.308	0.292	0.298	0.316	0.248	0.293	0.292	0.304	0.302	0.304	0.299	1.998	0.625	0.307	0.201	-178673.705
859	8	10000	9286	0.5110	0.283	0.297	0.302	0.308	0.316	0.303	0.303	0.304	0.299	0.292	0.301	0.300	0.299	0.290	1.992	0.590	0.278	0.197	-178222.350
860	8	10000	9217	0.5154	0.279	0.294	0.304	0.303	0.281	0.287	0.305	0.318	0.308	0.306	0.292	0.310	0.301	0.295	2.019	0.577	0.300	0.195	-178340.994
861	8	10000	9194	0.5136	0.258	0.303	0.287	0.305	0.314	0.299	0.302	0.326	0.301	0.301	0.299	0.295	0.302	0.300	1.954	0.590	0.313	0.192	-178385.022
862	8	10000	9260	0.5150	0.266	0.302	0.309	0.305	0.310	0.305	0.291	0.319	0.309	0.297	0.308	0.307	0.305	0.286	1.995	0.601	0.304	0.200	-179052.304
863	8	10000	9303	0.5174	0.271	0.300	0.298	0.314	0.295	0.298	0.288	0.305	0.308	0.318	0.294	0.294	0.305	0.298	1.987	0.596	0.282	0.204	-178698.317
864	8	10000	9260	0.5171	0.343	0.297	0.297	0.310	0.314	0.293	0.300	0.254	0.309	0.300	0.300	0.298	0.290	0.308	1.987	0.601	0.303	0.190	-178519.117
865	8	10000	9238	0.5169	0.258	0.302	0.297	0.295	0.291	0.296	0.286	0.337	0.310	0.296	0.294	0.287	0.284	0.312	2.047	0.590	0.295	0.201	-177493.831
866	8	10000	9325	0.5119	0.274	0.285	0.295	0.304	0.300	0.301	0.303	0.340	0.314	0.305	0.295	0.281	0.293	0.296	1.992	0.633	0.299	0.208	-178444.569
867	8	10000	9240	0.5196	0.315	0.293	0.301	0.285	0.316	0.298	0.314	0.296	0.308	0.313	0.305	0.306	0.310	0.284	2.001	0.600	0.303	0.197	-179218.595
868	8	10000	9282	0.5118	0.300	0.309	0.303	0.294	0.297	0.304	0.302	0.310	0.291	0.310	0.299	0.286	0.294	0.300	1.976	0.589	0.303	0.199	-178619.332
869	8	10000	9250	0.5130	0.249	0.316	0.311	0.287	0.297	0.303	0.295	0.331	0.306	0.296	0.297	0.293	0.303	0.285	1.964	0.618	0.293	0.201	-177903.183
870	8	10000	9301	0.5154	0.306	0.306	0.296	0.292	0.289	0.302	0.313	0.283	0.305	0.307	0.285	0.308	0.295	0.300	1.976	0.624	0.297	0.204	-178396.005
871	8	10000	9236	0.5124	0.303	0.294	0.301	0.291	0.300	0.302	0.290	0.297	0.299	0.288	0.308	0.300	0.312	0.310	1.982	0.600	0.294	0.198	-178347.197
872	8	10000	9272	0.5146	0.275	0.282	0.299	0.300	0.316	0.309	0.295	0.322	0.312	0.306	0.300	0.286	0.312	0.297	1.991	0.619	0.307	0.200	-178739.623
873	8	10000	9301	0.5145	0.329	0.300	0.296	0.310	0.310	0.294	0.306	0.275	0.307	0.294	0.314	0.308	0.309	0.307	2.019	0.602	0.296	0.197	-179417.730
874	8	10000	9285	0.5168	0.290	0.289	0.314	0.301	0.316	0.311	0.293	0.330	0.284	0.310	0.290	0.305	0.310	0.295	2.029	0.601	0.319	0.197	-179344.437
875	8	10000	9326	0.5124	0.321	0.326	0.302	0.294	0.283	0.310	0.306	0.271	0.302	0.296	0.307	0.294	0.308	0.295	1.992	0.614	0.298	0.206	-179335.898
876	8	10000	9303	0.5134	0.282	0.304	0.302	0.311	0.296	0.287	0.301	0.317	0.301	0.304	0.309	0.290	0.290	0.292	1.982	0.625	0.299	0.208	-178552.299
877	8	10000	9281	0.5119	0.284	0.310	0.302	0.292	0.290	0.301	0.300	0.309	0.301	0.297	0.299	0.304	0.304	0.298	2.008	0.593	0.294	0.198	-178465.040
878	8	10000	9264	0.5138	0.302	0.291	0.307	0.308	0.319	0.303	0.310	0.301	0.296	0.299	0.296	0.308	0.292	0.303	1.984	0.601	0.299	0.192	-178683.801
879	8	10000	9274	0.5125	0.281	0.296	0.308	0.282	0.293	0.289	0.310	0.288	0.300	0.301	0.297	0.316	0.309	0.310	2.022	0.582	0.297	0.197	-178414.282
880	8	10000	9291	0.5163	0.268	0.304	0.290	0.305	0.296	0.305	0.295	0.304	0.289	0.300	0.302	0.288	0.302	0.306	2.007	0.586	0.288	0.200	-178265.980
881	8	10000	9273	0.5126	0.275	0.297	0.302	0.294	0.304	0.286	0.293	0.305	0.298	0.297	0.292	0.299	0.293	0.297	1.987	0.629	0.307	0.200	-177154.440
882	8	10000	9260	0.5114	0.291	0.306	0.304	0.304	0.310	0.301	0.286	0.294	0.298	0.303	0.300	0.296	0.301	0.309	1.970	0.614	0.312	0.202	-179097.912
883	8	10000	9297	0.5158	0.309	0.289	0.314	0.306	0.293	0.315	0.296	0.303	0.298	0.305	0.301	0.286	0.308	0.301	2.029	0.625	0.324	0.201	-179261.324
884	8	10000	9267	0.5172	0.285	0.292	0.292	0.309	0.312	0.293	0.295	0.325	0.287	0.311	0.288	0.314	0.301	0.294	1.931	0.617	0.306	0.202	-178679.361
885	8	10000	9345	0.5134	0.323	0.288	0.286	0.310	0.298	0.300	0.305	0.306	0.298	0.290	0.301	0.317	0.297	0.301	2.018	0.628	0.312	0.200	-178604.264
886	8	10000	9288	0.5168	0.304	0.296	0.302	0.293	0.309	0.294	0.314	0.308	0.319	0.303	0.300	0.294	0.305	0.293	1.987	0.597	0.312	0.201	-179613.803
887	8	10000	9250	0.5136	0.273	0.287	0.296	0.315	0.311	0.300	0.293	0.309	0.292	0.288	0.301	0.310	0.304	0.301	2.049	0.586	0.309	0.205	-178519.813
888	8	10000	9300	0.5116	0.328	0.282	0.306	0.301	0.309	0.300	0.305	0.298	0.316	0.310	0.296	0.297	0.305	0.303	2.059	0.610	0.298	0.201	-179264.469
889	8	10000	9273	0.5154	0.286	0.304	0.299	0.308	0.301	0.296	0.296	0.326	0.293	0.293	0.293	0.289	0.306	0.291	1.992	0.603	0.311	0.199	-178501.225
890	8	10000	9261	0.5150	0.307	0.300	0.295	0.306	0.312	0.292	0.303	0.288	0.315	0.305	0.293	0.290	0.311	0.313	1.998	0.591	0.285	0.196	-178984.792
891	8	10000	9273	0.5114	0.316	0.308	0.293	0.300	0.288	0.305	0.305	0.299	0.293	0.297	0.299	0.300	0.301	0.300	1.993	0.587	0.309	0.201	-178877.559
892	8	10000	9263	0.5131	0.292	0.306	0.303	0.295	0.301	0.295	0.302	0.294	0.311	0.300	0.305	0.298	0.296	0.301	1.973	0.585	0.293	0.204	-178978.690
893	8	10000	9303	0.5092	0.299	0.296	0.295	0.297	0.314	0.301	0.294	0.306	0.324	0.304	0.293	0.294	0.312	0.305	1.985	0.619	0.310	0.203	-179322.776
894	8	10000	9260	0.5164	0.268	0.316	0.297	0.289	0.291	0.305	0.292	0.321	0.305	0.298	0.301	0.308	0.302	0.298	1.987	0.599	0.295	0.203	-178774.233
895	8	10000	9257	0.5123	0.297	0.309	0.301	0.281	0.311	0.283	0.308	0.302	0.314	0.305	0.293	0.283	0.292	0.299	2.015	0.600	0.310	0.201	-178109.593
896	8	10000	9228	0.5147	0.298	0.298	0.304	0.305	0.298	0.286	0.301	0.284	0.303	0.307	0.286	0.295	0.301	0.303	1.978	0.609	0.295	0.203	-178147.653
897	8	10000	9215	0.5151	0.296	0.289	0.297	0.306	0.314	0.295	0.289	0.280	0.303	0.290	0.290	0.292	0.305	0.297	2.003	0.607	0.303	0.193	-177214.893
898	8	10000	9275	0.5166	0.306	0.297	0.296	0.301	0.305	0.293	0.295	0.298	0.301	0.293	0.302	0.281	0.306	0.302	2.016	0.607	0.299	0.201	-178191.922
899	8	10000	9294	0.5149	0.286	0.306	0.296	0.293	0.296	0.316	0.292	0.314	0.281	0.317	0.314	0.309	0.296	0.302	1.992	0.588	0.299	0.194	-178977.399
900	8	10000	9318	0.5191	0.267	0.292	0.310	0.293	0.309	0.302	0.293	0.345	0.310	0.297	0.305	0.294	0.315	0.299	1.995	0.611	0.306	0.204	-179457.762
901	8	10000	9297	0.5146	0.279	0.306	0.297	0.310	0.303	0.297	0.291	0.319	0.289	0.300	0.300	0.307	0.299	0.287	2.021	0.582	0.301	0.205	-178759.602
902	8	10000	9269	0.5153	0.331	0.299	0.309	0.293	0.300	0.303	0.307	0.247	0.303	0.310	0.296	0.308	0.314	0.299	2.046	0.605	0.313	0.199	-179175.181
903	8	10000	9290	0.5142	0.309	0.291	0.308	0.285	0.301	0.297	0.295	0.286	0.290	0.297	0.289	0.301	0.300	0.296	2.009	0.611	0.305	0.199	-177530.023
904	8	10000	9278	0.5122	0.324	0.292	0.292	0.315	0.304	0.293	0.298	0.288	0.290	0.292	0.300	0.289	0.301	0.303	1.994	0.566	0.284	0.194	-178195.859
905	8	10000	9193	0.5132	0.282	0.304	0.289	0.302	0.299	0.294	0.288	0.317	0.305	0.289	0.303	0.305	0.289	0.298	2.006	0.585	0.306	0.195	-177534.631
906	8	10000	9305	0.5119	0.312	0.302	0.296	0.307	0.300	0.298	0.306	0.287	0.310	0.312	0.291	0.290	0.300	0.299	2.012	0.578	0.302	0.205	-179102.877
907	8	10000	9243	0.5108	0.299	0.302	0.309	0.304	0.309	0.317	0.297	0.296	0.283	0.298	0.297	0.311	0.287	0.303	2.021	0.598	0.300	0.194	-178357.980
908	8	10000	9333	0.5145	0.312	0.299	0.304	0.305	0.311	0.302	0.287	0.294	0.297	0.300	0.299	0.306	0.295	0.307	1.984	0.607	0.314	0.204	-179490.821
909	8	10000	9252	0.5128	0.287	0.290	0.305	0.302	0.310	0.294	0.293	0.316	0.299	0.307	0.301	0.302	0.285	0.320	2.037	0.589	0.318	0.194	-178701.939
910	8	10000	9245	0.5141	0.249	0.296	0.296	0.294	0.295	0.284	0.302	0.339	0.303	0.298	0.286	0.302	0.305	0.298	2.024	0.592	0.292	0.205	-177776.679
911	8	10000	9329	0.5146	0.296	0.293	0.298	0.301	0.310	0.304	0.299	0.309	0.312	0.302	0.292	0.294	0.303	0.282	1.991	0.593	0.300	0.204	-178798.822
912	8	10000	9280	0.5124	0.335	0.314	0.299	0.301	0.300	0.296	0.286	0.250	0.304	0.303	0.302	0.294	0.309	0.294	1.987	0.617	0.298	0.201	-178524.435
913	8	10000	9253	0.5120	0.302	0.304	0.294	0.302	0.321	0.300	0.293	0.274	0.309	0.294	0.299	0.296	0.286	0.308	1.990	0.574	0.274	0.206	-178505.275
914	8	10000	9293	0.5184	0.311	0.297	0.307	0.303	0.289	0.288	0.309	0.299	0.278	0.298	0.293	0.309	0.298	0.294	1.990	0.574	0.280	0.201	-178301.675
915	8	10000	9262	0.5125	0.285	0.294	0.301	0.310	0.313	0.290	0.300	0.294	0.302	0.297	0.302	0.306	0.289	0.306	2.031	0.619	0.302	0.200	-178100.468
916	8	10000	9262	0.5161	0.307	0.317	0.299	0.299	0.307	0.291	0.294	0.278	0.286	0.277	0.301	0.297	0.291	0.303	1.954	0.612	0.292	0.201	-177583.185
917	8	10000	9278	0.5107	0.293	0.314	0.303	0.292	0.290	0.313	0.281	0.303	0.305	0.302	0.288	0.303	0.297	0.306	1.989	0.593	0.292	0.203	-178564.275
918	8	10000	9293	0.5143	0.317	0.307	0.287	0.299	0.301	0.304	0.303	0.293	0.305	0.297	0.297	0.301	0.307	0.299	1.981	0.598	0.293	0.202	-178860.334
919	8	10000	9285	0.5162	0.302	0.288	0.288	0.313	0.294	0.310	0.297	0.292	0.308	0.292	0.292	0.306	0.293	0.295	2.005	0.609	0.313	0.204	-178329.210
920	8	10000	9249	0.5126	0.279	0.312	0.298	0.293	0.302	0.298	0.289	0.313	0.306	0.294	0.300	0.289	0.285	0.312	1.978	0.623	0.301	0.195	-177546.515
921	8	10000	9273	0.5136	0.290	0.285	0.297	0.321	0.305	0.319	0.287	0.306	0.287	0.295	0.300	0.306	0.305	0.301	1.977	0.597	0.300	0.203	-178918.608
922	8	10000	9260	0.5127	0.257	0.297	0.299	0.289	0.297	0.305	0.305	0.343	0.293	0.291	0.308	0.290	0.289	0.298	1.982	0.642	0.299	0.202	-177664.604
923	8	10000	9329	0.5138	0.255	0.291	0.300	0.314	0.308	0.318	0.309	0.346	0.293	0.309	0.289	0.293	0.305	0.293	1.977	0.617	0.305	0.208	-179467.109
924	8	10000	9263	0.5116	0.304	0.289	0.305	0.306	0.303	0.309	0.286	0.278	0.299	0.296	0.304	0.310	0.297	0.300	2.015	0.579	0.294	0.200	-178608.266
925	8	10000	9251	0.5078	0.269	0.287	0.284	0.296	0.304	0.307	0.299	0.336	0.297	0.306	0.288	0.301	0.293	0.302	1.994	0.596	0.309	0.196	-177850.537
926	8	10000	9296	0.5108	0.329	0.298	0.311	0.294	0.314	0.304	0.296	0.281	0.298	0.301	0.296	0.301	0.308	0.288	2.004	0.617	0.307	0.201	-178695.865
927	8	10000	9241	0.5141	0.296	0.308	0.287	0.298	0.306	0.302	0.283	0.306	0.276	0.303	0.303	0.320	0.303	0.286	1.971	0.609	0.296	0.193	-177579.831
928	8	10000	9240	0.5067	0.333	0.300	0.298	0.306	0.298	0.293	0.307	0.260	0.308	0.293	0.300	0.299	0.311	0.305	1.991	0.578	0.296	0.199	-178814.529
929	8	10000	9323	0.5140	0.297	0.307	0.304	0.297	0.299	0.290	0.303	0.303	0.319	0.294	0.306	0.309	0.305	0.304	2.059	0.606	0.313	0.207	-179547.084
930	8	10000	9259	0.5128	0.265	0.303	0.298	0.298	0.301	0.297	0.317	0.327	0.300	0.297	0.282	0.303	0.296	0.306	1.979	0.598	0.319	0.195	-178568.782
931	8	10000	9265	0.5156	0.278	0.307	0.300	0.300	0.310	0.292	0.288	0.302	0.305	0.299	0.307	0.283	0.299	0.309	2.040	0.594	0.296	0.201	-178257.336
932	8	10000	9288	0.5103	0.281	0.299	0.293	0.306	0.294	0.294	0.298	0.298	0.302	0.305	0.292	0.303	0.307	0.305	2.000	0.579	0.287	0.198	-178172.794
933	8	10000	9265	0.5124	0.322	0.295	0.305	0.305	0.287	0.300	0.292	0.284	0.320	0.295	0.300	0.293	0.293	0.299	2.011	0.592	0.317	0.198	-178481.632
934	8	10000	9306	0.5144	0.298	0.295	0.299	0.302	0.300	0.305	0.292	0.299	0.311	0.296	0.307	0.297	0.306	0.292	1.969	0.578	0.301	0.197	-178996.300
935	8	10000	9334	0.5126	0.257	0.289	0.299	0.300	0.289	0.295	0.305	0.330	0.309	0.301	0.300	0.299	0.292	0.298	2.016	0.625	0.292	0.211	-178246.440
936	8	10000	9247	0.5131	0.336	0.277	0.304	0.298	0.296	0.298	0.287	0.260	0.307	0.290	0.304	0.292	0.302	0.296	1.970	0.600	0.294	0.200	-177834.250
937	8	10000	9258	0.5140	0.250	0.317	0.288	0.305	0.313	0.296	0.302	0.342	0.296	0.305	0.291	0.300	0.293	0.306	2.060	0.593	0.303	0.199	-178646.151
938	8	10000	9300	0.5121	0.318	0.308	0.308	0.301	0.304	0.295	0.303	0.296	0.301	0.311	0.316	0.302	0.277	0.310	1.986	0.625	0.310	0.203	-179389.530
939	8	10000	9283	0.5157	0.262	0.296	0.303	0.304	0.300	0.306	0.293	0.319	0.321	0.306	0.300	0.300	0.306	0.304	1.979	0.602	0.295	0.196	-179029.823
940	8	10000	9285	0.5151	0.303	0.297	0.300	0.298	0.309	0.307	0.288	0.314	0.318	0.303	0.295	0.293	0.301	0.296	2.035	0.610	0.310	0.200	-178884.032
941	8	10000	9304	0.5122	0.324	0.300	0.292	0.295	0.305	0.296	0.303	0.269	0.304	0.304	0.310	0.316	0.296	0.297	2.026	0.580	0.284	0.201	-178721.886
942	8	10000	9336	0.5125	0.292	0.301	0.309	0.295	0.298	0.304	0.324	0.319	0.316	0.294	0.297	0.291	0.299	0.309	2.032	0.597	0.305	0.209	-179947.642
943	8	10000	9301	0.5136	0.284	0.322	0.298	0.303	0.292	0.301	0.301	0.319	0.302	0.307	0.294	0.310	0.306	0.299	1.956	0.597	0.294	0.203	-179668.149
944	8	10000	9287	0.5093	0.270	0.307	0.312	0.292	0.303	0.302	0.307	0.324	0.306	0.299	0.298	0.302	0.293	0.299	2.059	0.600	0.287	0.204	-178689.749
945	8	10000	9309	0.5137	0.273	0.311	0.300	0.307	0.302	0.312	0.299	0.334	0.302	0.302	0.311	0.301	0.306	0.309	2.058	0.563	0.293	0.198	-179956.060
946	8	10000	9310	0.5146	0.313	0.294	0.310	0.296	0.302	0.297	0.306	0.277	0.298	0.305	0.300	0.299	0.305	0.299	1.992	0.593	0.293	0.201	-178899.783
947	8	10000	9311	0.5138	0.301	0.307	0.323	0.295	0.306	0.300	0.305	0.293	0.314	0.283	0.301	0.306	0.301	0.289	2.020	0.596	0.292	0.199	-178713.346
948	8	10000	9291	0.5150	0.288	0.299	0.302	0.296	0.298	0.309	0.298	0.316	0.299	0.310	0.296	0.288	0.312	0.300	2.034	0.606	0.306	0.204	-178888.530
949	8	10000	9239	0.5178	0.261	0.292	0.307	0.290	0.291	0.285	0.305	0.299	0.292	0.293	0.289	0.309	0.296	0.296	2.055	0.594	0.288	0.200	-176708.905
950	8	10000	9309	0.5127	0.276	0.306	0.302	0.296	0.295	0.305	0.307	0.315	0.312	0.293	0.304	0.299	0.299	0.301	1.956	0.612	0.285	0.201	-178666.681
951	8	10000	9274	0.5146	0.288	0.302	0.300	0.284	0.293	0.304	0.299	0.316	0.305	0.301	0.300	0.300	0.313	0.298	2.012	0.592	0.297	0.197	-178610.977
952	8	10000	9297	0.5180	0.297	0.290	0.293	0.312	0.292	0.291	0.302	0.296	0.307	0.297	0.313	0.297	0.309	0.310	1.999	0.599	0.307	0.203	-179097.699
953	8	10000	9300	0.5145	0.315	0.296	0.306	0.306	0.306	0.294	0.302	0.287	0.309	0.297	0.301	0.304	0.318	0.298	2.024	0.603	0.299	0.203	-179537.958
954	8	10000	9321	0.5170	0.308	0.310	0.307	0.304	0.300	0.302	0.303	0.299	0.306	0.284	0.312	0.306	0.309	0.301	1.992	0.583	0.301	0.198	-179731.973
955	8	10000	9233	0.5160	0.272	0.291	0.307	0.291	0.310	0.296	0.297	0.329	0.288	0.289	0.287	0.294	0.300	0.288	2.009	0.590	0.303	0.199	-177491.728
956	8	10000	9286	0.5112	0.335	0.316	0.305	0.307	0.277	0.303	0.302	0.270	0.316	0.289	0.296	0.297	0.292	0.292	2.006	0.599	0.299	0.198	-178535.986
957	8	10000	9251	0.5126	0.299	0.294	0.299	0.300	0.294	0.303	0.285	0.295	0.314	0.294	0.299	0.290	0.295	0.298	2.018	0.595	0.298	0.198	-177688.356
958	8	10000	9279	0.5149	0.291	0.323	0.294	0.301	0.302	0.311	0.303	0.307	0.303	0.303	0.287	0.280	0.296	0.302	1.987	0.607	0.303	0.206	-178994.435
959	8	10000	9250	0.5130	0.264	0.298	0.277	0.317	0.304	0.296	0.292	0.332	0.298	0.288	0.308	0.301	0.295	0.298	2.014	0.605	0.297	0.199	-177800.739
960	8	10000	9230	0.5129	0.286	0.310	0.296	0.297	0.291	0.296	0.303	0.315	0.291	0.296	0.303	0.309	0.299	0.288	2.001	0.590	0.297	0.199	-177950.673
961	8	10000	9270	0.5115	0.324	0.291	0.304	0.299	0.290	0.290	0.307	0.269	0.312	0.301	0.311	0.289	0.302	0.309	2.021	0.594	0.304	0.199	-178715.729
962	8	10000	9254	0.5102	0.293	0.294	0.296	0.299	0.309	0.298	0.310	0.311	0.289	0.283	0.290	0.304	0.298	0.313	1.995	0.598	0.292	0.198	-178114.197
963	8	10000	9252	0.5140	0.274	0.300	0.296	0.299	0.316	0.301	0.307	0.312	0.308	0.294	0.303	0.291	0.303	0.302	1.995	0.602	0.285	0.199	-178518.418
964	8	10000	9217	0.5118	0.274	0.292	0.290	0.304	0.306	0.304	0.311	0.293	0.293	0.299	0.297	0.309	0.293	0.305	1.995	0.585	0.294	0.194	-178002.410
965	8	10000	9270	0.5130	0.283	0.287	0.293	0.316	0.295	0.296	0.291	0.322	0.293	0.293	0.299	0.293	0.298	0.297	2.033	0.618	0.298	0.203	-177633.706
966	8	10000	9270	0.5166	0.322	0.312	0.300	0.301	0.303	0.300	0.306	0.265	0.294	0.307	0.301	0.298	0.299	0.303	2.006	0.592	0.305	0.201	-179259.349
967	8	10000	9259	0.5139	0.286	0.307	0.296	0.315	0.299	0.308	0.298	0.317	0.294	0.308	0.304	0.301	0.297	0.292	1.994	0.560	0.280	0.198	-179256.471
968	8	10000	9256	0.5131	0.302	0.308	0.300	0.292	0.316	0.289	0.303	0.309	0.309	0.297	0.300	0.288	0.298	0.295	2.031	0.607	0.297	0.202	-178297.918
969	8	10000	9290	0.5097	0.331	0.296	0.302	0.293	0.305	0.293	0.299	0.267	0.297	0.303	0.302	0.299	0.295	0.299	2.030	0.609	0.311	0.202	-178341.778
970	8	10000	9288	0.5145	0.291	0.304	0.294	0.292	0.302	0.300	0.302	0.306	0.316	0.296	0.301	0.284	0.301	0.294	2.034	0.599	0.299	0.203	-178273.759
971	8	10000	9239	0.5142	0.294	0.289	0.299	0.299	0.322	0.297	0.297	0.293	0.297	0.305	0.298	0.311	0.297	0.315	2.032	0.620	0.307	0.199	-178575.418
972	8	10000	9290	0.5114	0.304	0.310	0.294	0.298	0.301	0.291	0.301	0.277	0.296	0.288	0.302	0.297	0.297	0.289	1.998	0.592	0.285	0.204	-177608.973
973	8	10000	9285	0.5166	0.318	0.296	0.304	0.303	0.290	0.289	0.309	0.272	0.305	0.309	0.301	0.299	0.309	0.295	1.978	0.597	0.300	0.199	-178896.565
974	8	10000	9305	0.5141	0.285	0.306	0.292	0.309	0.297	0.301	0.294	0.304	0.303	0.308	0.312	0.298	0.290	0.300	1.960	0.602	0.290	0.203	-178791.835
975	8	10000	9252	0.5125	0.312	0.295	0.296	0.305	0.295	0.292	0.302	0.315	0.299	0.305	0.284	0.290	0.301	0.304	1.991	0.628	0.300	0.204	-178160.431
976	8	10000	9275	0.5123	0.267	0.309	0.289	0.302	0.289	0.288	0.300	0.332	0.287	0.302	0.302	0.304	0.300	0.305	2.001	0.598	0.305	0.204	-178382.911
977	8	10000	9254	0.5158	0.306	0.288	0.298	0.299	0.301	0.286	0.313	0.285	0.294	0.302	0.295	0.305	0.296	0.310	2.029	0.597	0.307	0.198	-178375.679
978	8	10000	9265	0.5113	0.312	0.308	0.302	0.291	0.292	0.303	0.294	0.285	0.306	0.309	0.300	0.292	0.315	0.306	2.015	0.568	0.287	0.196	-178429.364
979	8	10000	9284	0.5129	0.284	0.299	0.314	0.306	0.296	0.295	0.299	0.353	0.309	0.300	0.314	0.300	0.315	0.298	2.034	0.563	0.306	0.193	-179915.197
980	8	10000	9255	0.5119	0.316	0.296	0.297	0.299	0.298	0.304	0.295	0.288	0.302	0.296	0.312	0.302	0.289	0.300	2.002	0.601	0.296	0.205	-178796.668
981	8	10000	9315	0.5154	0.310	0.291	0.292	0.295	0.308	0.298	0.316	0.301	0.297	0.286	0.310	0.296	0.298	0.300	1.985	0.573	0.284	0.196	-178580.180
982	8	10000	9319	0.5144	0.267	0.273	0.298	0.300	0.319	0.299	0.302	0.316	0.307	0.297	0.297	0.311	0.307	0.293	1.939	0.605	0.291	0.204	-178972.146
983	8	10000	9199	0.5121	0.282	0.305	0.303	0.289	0.312	0.293	0.304	0.292	0.299	0.293	0.300	0.300	0.306	0.293	2.014	0.582	0.288	0.197	-177862.439
984	8	10000	9244	0.5177	0.262	0.300	0.291	0.311	0.288	0.308	0.292	0.329	0.314	0.299	0.306	0.290	0.297	0.302	1.997	0.581	0.287	0.196	-178388.140
985	8	10000	9265	0.5149	0.333	0.305	0.294	0.297	0.289	0.298	0.303	0.245	0.306	0.304	0.302	0.295	0.303	0.293	2.017	0.605	0.299	0.201	-178187.550
986	8	10000	9319	0.5165	0.333	0.312	0.305	0.287	0.287	0.302	0.309	0.290	0.305	0.301	0.290	0.291	0.307	0.294	2.017	0.627	0.309	0.203	-178690.522
987	8	10000	9324	0.5160	0.301	0.288	0.296	0.319	0.299	0.312	0.307	0.310	0.313	0.296	0.305	0.298	0.302	0.303	2.014	0.577	0.296	0.204	-180091.995
988	8	10000	9241	0.5147	0.295	0.296	0.304	0.301	0.305	0.297	0.301	0.306	0.300	0.310	0.291	0.299	0.289	0.304	2.041	0.596	0.315	0.195	-178396.662
989	8	10000	9316	0.5117	0.296	0.304	0.314	0.312	0.301	0.300	0.297	0.309	0.306	0.314	0.287	0.299	0.294	0.295	1.970	0.599	0.294	0.199	-179033.073
990	8	10000	9221	0.5163	0.293	0.297	0.297	0.296	0.300	0.294	0.302	0.294	0.305	0.300	0.284	0.290	0.295	0.296	2.019	0.613	0.314	0.198	-177572.727
991	8	10000	9284	0.5115	0.334	0.308	0.295	0.300	0.306	0.302	0.304	0.253	0.280	0.300	0.308	0.297	0.293	0.305	1.959	0.594	0.292	0.201	-178510.181
992	8	10000	9301	0.5143	0.328	0.288	0.308	0.290	0.303	0.304	0.310	0.256	0.297	0.303	0.306	0.310	0.300	0.300	1.984	0.611	0.311	0.203	-179115.355
993	8	10000	9279	0.5144	0.311	0.293	0.290	0.307	0.292	0.295	0.301	0.281	0.299	0.301	0.294	0.301	0.306	0.292	1.974	0.594	0.298	0.197	-178041.798
994	8	10000	9252	0.5108	0.292	0.292	0.295	0.305	0.305	0.300	0.305	0.291	0.305	0.290	0.301	0.294	0.302	0.296	2.011	0.593	0.284	0.202	-178068.091
995	8	10000	9259	0.5135	0.269	0.282	0.308	0.294	0.304	0.294	0.310	0.321	0.307	0.310	0.293	0.288	0.294	0.305	2.003	0.604	0.294	0.201	-178256.274
996	8	10000	9265	0.5132	0.295	0.309	0.304	0.297	0.304	0.297	0.292	0.316	0.290	0.299	0.292	0.306	0.302	0.300	1.966	0.586	0.296	0.200	-178988.975
997	8	10000	9283	0.5138	0.286	0.298	0.303	0.300	0.307	0.310	0.299	0.315	0.292	0.317	0.298	0.292	0.312	0.295	1.953	0.586	0.296	0.201	-179421.308
998	8	10000	9288	0.5138	0.333	0.311	0.292	0.309	0.286	0.316	0.307	0.281	0.311	0.294	0.299	0.315	0.301	0.315	1.975	0.583	0.301	0.203	-180251.463
999	8	10000	9268	0.5141	0.293	0.295	0.303	0.301	0.297	0.300	0.308	0.312	0.286	0.298	0.313	0.300	0.291	0.300	1.986	0.626	0.289	0.207	-178368.648
1000	8	10000	9265	0.5116	0.292	0.301	0.311	0.295	0.294	0.299	0.293	0.326	0.297	0.316	0.290	0.295	0.301	0.316	2.007	0.596	0.304	0.200	-179036.253
1001	8	10000	9277	0.5173	0.327	0.298	0.300	0.292	0.305	0.284	0.292	0.280	0.293	0.299	0.298	0.308	0.302	0.279	1.993	0.613	0.287	0.201	-177470.428
1002	8	10000	9273	0.5131	0.285	0.288	0.315	0.295	0.305	0.297	0.300	0.335	0.289	0.301	0.303	0.295	0.311	0.305	2.008	0.613	0.327	0.197	-179198.965
1003	8	10000	9257	0.5111	0.290	0.297	0.298	0.291	0.281	0.301	0.293	0.303	0.310	0.299	0.298	0.287	0.301	0.310	1.998	0.609	0.301	0.202	-177877.974
1004	8	10000	9270	0.5142	0.321	0.290	0.287	0.286	0.307	0.302	0.296	0.288	0.296	0.292	0.298	0.298	0.303	0.300	2.022	0.589	0.298	0.197	-177789.675
1005	8	10000	9244	0.5151	0.294	0.300	0.305	0.292	0.303	0.292	0.299	0.303	0.304	0.286	0.295	0.293	0.301	0.295	2.016	0.569	0.281	0.196	-177682.024
1006	8	10000	9269	0.5139	0.254	0.293	0.301	0.303	0.289	0.305	0.293	0.327	0.287	0.293	0.313	0.310	0.285	0.309	1.944	0.608	0.307	0.200	-178261.609
1007	8	10000	9307	0.5141	0.313	0.293	0.300	0.301	0.296	0.286	0.302	0.277	0.292	0.307	0.295	0.297	0.294	0.301	2.026	0.592	0.293	0.195	-177832.486
1008	8	10000	9229	0.5100	0.301	0.303	0.311	0.297	0.302	0.309	0.304	0.311	0.295	0.298	0.308	0.306	0.301	0.300	1.963	0.582	0.305	0.198	-179496.164
1009	8	10000	9248	0.5151	0.265	0.283	0.298	0.294	0.332	0.300	0.308	0.347	0.299	0.304	0.294	0.294	0.302	0.308	1.984	0.583	0.303	0.194	-178829.477
1010	8	10000	9276	0.5199	0.272	0.292	0.287	0.308	0.290	0.312	0.295	0.321	0.299	0.304	0.298	0.308	0.290	0.309	1.978	0.586	0.299	0.197	-178825.055
1011	8	10000	9241	0.5103	0.297	0.293	0.298	0.303	0.300	0.295	0.304	0.280	0.300	0.297	0.293	0.304	0.308	0.297	2.013	0.610	0.290	0.203	-178038.689
1012	8	10000	9241	0.5115	0.291	0.305	0.290	0.286	0.303	0.303	0.297	0.305	0.299	0.297	0.313	0.303	0.292	0.300	1.990	0.617	0.310	0.204	-178280.088
1013	8	10000	9300	0.5154	0.326	0.281	0.299	0.301	0.296	0.305	0.302	0.289	0.284	0.299	0.304	0.320	0.307	0.289	2.004	0.599	0.293	0.202	-178722.914
1014	8	10000	9310	0.5166	0.318	0.299	0.297	0.309	0.317	0.297	0.295	0.279	0.306	0.301	0.300	0.285	0.307	0.299	1.988	0.604	0.304	0.198	-179002.914
1015	8	10000	9302	0.5141	0.283	0.292	0.308	0.311	0.298	0.315	0.287	0.296	0.311	0.307	0.289	0.296	0.302	0.306	1.985	0.623	0.294	0.203	-178849.007
1016	8	10000	9257	0.5129	0.315	0.311	0.290	0.308	0.315	0.306	0.292	0.297	0.316	0.291	0.315	0.315	0.288	0.307	2.032	0.585	0.291	0.195	-179112.083
1017	8	10000	9286	0.5140	0.293	0.307	0.288	0.312	0.290	0.299	0.300	0.302	0.300	0.294	0.298	0.296	0.300	0.309	2.040	0.621	0.301	0.205	-178396.865
1018	8	10000	9260	0.5161	0.336	0.279	0.294	0.291	0.300	0.295	0.302	0.297	0.297	0.295	0.305	0.296	0.307	0.294	1.993	0.602	0.319	0.199	-178483.019
1019	8	10000	9299	0.5110	0.300	0.309	0.294	0.299	0.296	0.317	0.301	0.298	0.297	0.292	0.305	0.299	0.298	0.306	2.022	0.621	0.306	0.202	-178940.914
1020	8	10000	9301	0.5130	0.317	0.289	0.308	0.294	0.294	0.298	0.282	0.287	0.302	0.302	0.298	0.302	0.304	0.306	2.020	0.617	0.321	0.198	-178385.355
1021	8	10000	9252	0.5118	0.288	0.310	0.287	0.301	0.276	0.317	0.284	0.287	0.286	0.302	0.286	0.303	0.298	0.302	2.012	0.622	0.303	0.203	-177276.576
1022	8	10000	9268	0.5093	0.324	0.273	0.301	0.307	0.320	0.304	0.297	0.284	0.309	0.308	0.292	0.296	0.304	0.301	2.017	0.599	0.309	0.198	-178620.024
1023	8	10000	9285	0.5150	0.281	0.326	0.299	0.298	0.301	0.292	0.306	0.302	0.308	0.298	0.298	0.294	0.312	0.308	1.987	0.576	0.297	0.198	-179143.468
1024	8	10000	9305	0.5179	0.294	0.305	0.305	0.303	0.328	0.306	0.296	0.300	0.290	0.307	0.312	0.312	0.293	0.300	2.010	0.614	0.300	0.200	-179553.926
1025	8	10000	9289	0.5121	0.289	0.291	0.296	0.297	0.307	0.285	0.298	0.307	0.305	0.306	0.298	0.297	0.317	0.294	2.007	0.604	0.304	0.209	-178850.288
1026	8	10000	9236	0.5179	0.283	0.289	0.312	0.297	0.290	0.294	0.315	0.321	0.291	0.289	0.280	0.310	0.294	0.303	2.040	0.589	0.284	0.193	-177471.581
1027	8	10000	9278	0.5124	0.319	0.301	0.301	0.303	0.310	0.288	0.301	0.288	0.286	0.298	0.300	0.300	0.295	0.301	2.025	0.623	0.313	0.211	-178682.009
1028	8	10000	9278	0.5168	0.302	0.308	0.305	0.288	0.310	0.290	0.294	0.305	0.287	0.293	0.309	0.303	0.297	0.308	1.955	0.608	0.296	0.202	-178808.483
1029	8	10000	9264	0.5144	0.268	0.304	0.306	0.287	0.294	0.305	0.297	0.329	0.291	0.306	0.304	0.306	0.299	0.286	2.023	0.619	0.299	0.200	-178078.344
1030	8	10000	9277	0.5131	0.352	0.314	0.307	0.304	0.281	0.303	0.306	0.268	0.305	0.295	0.300	0.313	0.304	0.298	2.015	0.604	0.314	0.199	-179296.923
1031	8	10000	9274	0.5130	0.285	0.313	0.304	0.305	0.292	0.302	0.311	0.309	0.290	0.318	0.299	0.306	0.306	0.298	1.960	0.601	0.304	0.209	-179961.243
1032	8	10000	9317	0.5131	0.320	0.284	0.310	0.307	0.316	0.291	0.309	0.292	0.296	0.305	0.309	0.309	0.306	0.306	2.052	0.605	0.310	0.201	-179725.500
1033	8	10000	9260	0.5136	0.304	0.316	0.291	0.300	0.291	0.300	0.285	0.305	0.312	0.306	0.301	0.297	0.300	0.299	2.012	0.581	0.297	0.200	-178589.312
1034	8	10000	9320	0.5178	0.286	0.295	0.297	0.300	0.305	0.299	0.301	0.322	0.306	0.307	0.306	0.307	0.307	0.304	2.025	0.596	0.287	0.208	-179733.063
1035	8	10000	9310	0.5144	0.297	0.308	0.301	0.306	0.308	0.289	0.301	0.303	0.294	0.303	0.312	0.291	0.312	0.303	1.987	0.582	0.286	0.202	-179403.192
1036	8	10000	9249	0.5118	0.332	0.301	0.290	0.310	0.312	0.301	0.294	0.264	0.292	0.293	0.296	0.296	0.300	0.299	1.996	0.585	0.286	0.197	-177861.081
1037	8	10000	9312	0.5158	0.339	0.309	0.303	0.300	0.287	0.311	0.297	0.269	0.298	0.303	0.305	0.299	0.305	0.288	1.979	0.596	0.298	0.200	-178955.302
1038	8	10000	9283	0.5118	0.258	0.315	0.292	0.318	0.293	0.300	0.291	0.344	0.326	0.301	0.292	0.278	0.318	0.307	1.991	0.632	0.307	0.201	-179017.855
1039	8	10000	9291	0.5125	0.295	0.324	0.306	0.285	0.287	0.303	0.288	0.281	0.309	0.303	0.300	0.306	0.296	0.300	1.980	0.613	0.294	0.206	-178553.344
1040	8	10000	9222	0.5123	0.311	0.299	0.303	0.288	0.299	0.292	0.300	0.301	0.301	0.295	0.291	0.311	0.299	0.293	1.963	0.602	0.300	0.199	-178094.321
1041	8	10000	9303	0.5134	0.295	0.298	0.293	0.295	0.309	0.290	0.306	0.287	0.301	0.298	0.305	0.303	0.303	0.292	2.006	0.620	0.295	0.203	-178312.628
1042	8	10000	9265	0.5178	0.298	0.303	0.310	0.300	0.306	0.298	0.296	0.318	0.304	0.293	0.299	0.285	0.290	0.302	2.004	0.615	0.306	0.200	-178342.452
1043	8	10000	9282	0.5167	0.292	0.301	0.299	0.300	0.300	0.297	0.303	0.290	0.308	0.290	0.309	0.303	0.299	0.290	1.969	0.597	0.293	0.202	-178740.449
1044	8	10000	9242	0.5156	0.305	0.304	0.301	0.300	0.291	0.286	0.302	0.310	0.292	0.300	0.302	0.302	0.301	0.299	1.996	0.624	0.305	0.197	-178079.715
1045	8	10000	9295	0.5150	0.297	0.298	0.297	0.304	0.308	0.309	0.309	0.313	0.308	0.301	0.301	0.309	0.305	0.299	2.038	0.604	0.306	0.202	-179494.470
1046	8	10000	9301	0.5150	0.345	0.306	0.299	0.303	0.296	0.293	0.302	0.266	0.304	0.295	0.316	0.292	0.297	0.301	2.002	0.576	0.288	0.193	-178683.246
1047	8	10000	9253	0.5121	0.267	0.306	0.303	0.287	0.288	0.298	0.302	0.300	0.305	0.296	0.299	0.288	0.309	0.296	1.993	0.568	0.291	0.192	-177702.527
1048	8	10000	9286	0.5104	0.284	0.301	0.312	0.305	0.306	0.294	0.305	0.318	0.296	0.297	0.291	0.301	0.297	0.291	1.961	0.614	0.309	0.199	-178520.974
1049	8	10000	9294	0.5120	0.297	0.304	0.310	0.292	0.295	0.304	0.284	0.296	0.294	0.310	0.308	0.293	0.295	0.297	1.981	0.599	0.302	0.199	-178436.364
1050	8	10000	9285	0.5115	0.292	0.303	0.292	0.308	0.295	0.305	0.303	0.328	0.304	0.317	0.281	0.284	0.289	0.314	2.048	0.602	0.312	0.203	-178761.777
1051	8	10000	9304	0.5141	0.317	0.299	0.295	0.302	0.308	0.295	0.298	0.307	0.304	0.288	0.299	0.300	0.305	0.299	2.015	0.629	0.295	0.202	-178420.786
1052	8	10000	9211	0.5151	0.290	0.286	0.292	0.292	0.292	0.290	0.290	0.317	0.290	0.299	0.306	0.302	0.303	0.296	1.972	0.604	0.290	0.195	-177045.400
1053	8	10000	9243	0.5106	0.295	0.280	0.304	0.288	0.317	0.300	0.292	0.308	0.309	0.307	0.318	0.305	0.300	0.286	1.989	0.619	0.320	0.200	-178751.458
1054	8	10000	9325	0.5178	0.334	0.312	0.300	0.307	0.311	0.290	0.298	0.272	0.291	0.304	0.301	0.317	0.307	0.302	1.997	0.623	0.318	0.208	-179871.550
1055	8	10000	9272	0.5156	0.285	0.285	0.298	0.311	0.314	0.298	0.306	0.332	0.296	0.295	0.314	0.304	0.298	0.305	1.989	0.583	0.303	0.203	-179839.726
1056	8	10000	9257	0.5135	0.256	0.303	0.300	0.298	0.304	0.303	0.304	0.342	0.307	0.303	0.295	0.295	0.299	0.308	1.978	0.578	0.283	0.196	-178684.003
1057	8	10000	9279	0.5152	0.299	0.309	0.303	0.293	0.299	0.288	0.304	0.297	0.295	0.313	0.278	0.308	0.301	0.296	2.005	0.578	0.281	0.197	-178144.852
1058	8	10000	9318	0.5145	0.319	0.311	0.307	0.296	0.303	0.292	0.305	0.279	0.289	0.301	0.314	0.314	0.297	0.303	2.004	0.610	0.307	0.199	-179107.937
1059	8	10000	9294	0.5177	0.302	0.292	0.300	0.298	0.296	0.311	0.298	0.316	0.312	0.312	0.309	0.305	0.300	0.305	1.978	0.616	0.315	0.197	-179700.169
1060	8	10000	9283	0.5095	0.301	0.289	0.304	0.290	0.291	0.294	0.295	0.289	0.302	0.297	0.299	0.301	0.311	0.298	2.045	0.609	0.306	0.207	-178215.359
1061	8	10000	9225	0.5170	0.331	0.298	0.292	0.298	0.296	0.300	0.302	0.262	0.288	0.310	0.296	0.299	0.302	0.309	1.951	0.582	0.293	0.192	-178033.877
1062	8	10000	9292	0.5135	0.328	0.302	0.315	0.311	0.304	0.286	0.306	0.269	0.294	0.291	0.290	0.314	0.302	0.292	2.015	0.581	0.297	0.199	-178924.259
1063	8	10000	9278	0.5172	0.332	0.307	0.298	0.302	0.307	0.303	0.308	0.282	0.308	0.304	0.302	0.294	0.305	0.310	2.026	0.581	0.301	0.199	-179850.530
1064	8	10000	9301	0.5133	0.277	0.292	0.296	0.317	0.308	0.300	0.308	0.311	0.328	0.308	0.296	0.307	0.297	0.298	2.007	0.619	0.317	0.203	-179474.557
1065	8	10000	9274	0.5129	0.298	0.291	0.293	0.297	0.313	0.310	0.314	0.297	0.307	0.291	0.290	0.290	0.290	0.298	1.993	0.630	0.307	0.203	-178221.365
1066	8	10000	9276	0.5145	0.292	0.307	0.293	0.297	0.286	0.323	0.295	0.316	0.303	0.302	0.304	0.305	0.304	0.302	1.993	0.618	0.323	0.207	-179466.105
1067	8	10000	9308	0.5150	0.300	0.295	0.304	0.302	0.314	0.312	0.305	0.306	0.283	0.305	0.308	0.290	0.302	0.298	1.980	0.574	0.290	0.202	-179575.452
1068	8	10000	9264	0.5107	0.313	0.296	0.308	0.311	0.306	0.298	0.307	0.269	0.301	0.307	0.293	0.284	0.303	0.282	2.004	0.587	0.286	0.204	-178392.387
1069	8	10000	9268	0.5143	0.285	0.304	0.291	0.301	0.310	0.300	0.297	0.290	0.295	0.293	0.317	0.298	0.301	0.305	2.053	0.583	0.291	0.201	-178438.002
1070	8	10000	9286	0.5143	0.276	0.292	0.287	0.304	0.306	0.297	0.310	0.326	0.301	0.299	0.293	0.308	0.301	0.292	1.991	0.606	0.292	0.202	-178152.542
1071	8	10000	9303	0.5109	0.327	0.295	0.306	0.296	0.302	0.298	0.300	0.281	0.302	0.301	0.295	0.296	0.310	0.288	2.006	0.624	0.304	0.206	-178613.165
1072	8	10000	9220	0.5150	0.279	0.280	0.308	0.308	0.297	0.305	0.304	0.330	0.284	0.299	0.290	0.306	0.306	0.296	2.032	0.615	0.306	0.197	-178133.253
1073	8	10000	9260	0.5135	0.292	0.300	0.307	0.301	0.330	0.306	0.290	0.289	0.305	0.299	0.304	0.307	0.302	0.309	2.020	0.581	0.288	0.194	-179100.454
1074	8	10000	9277	0.5151	0.298	0.313	0.293	0.299	0.268	0.299	0.307	0.309	0.292	0.297	0.301	0.311	0.301	0.296	1.997	0.616	0.291	0.201	-178015.957
1075	8	10000	9251	0.5136	0.308	0.286	0.298	0.295	0.278	0.299	0.295	0.303	0.300	0.319	0.286	0.291	0.314	0.281	2.035	0.610	0.302	0.204	-177559.511
1076	8	10000	9262	0.5100	0.274	0.307	0.292	0.296	0.280	0.300	0.297	0.315	0.298	0.304	0.292	0.292	0.291	0.304	1.988	0.609	0.291	0.204	-177479.185
1077	8	10000	9281	0.5138	0.307	0.296	0.311	0.286	0.304	0.301	0.292	0.288	0.314	0.294	0.293	0.310	0.296	0.302	2.012	0.597	0.287	0.203	-178533.103
1078	8	10000	9337	0.5184	0.262	0.291	0.291	0.296	0.299	0.291	0.310	0.334	0.307	0.306	0.302	0.302	0.314	0.300	1.981	0.601	0.303	0.201	-179113.490
1079	8	10000	9265	0.5148	0.301	0.292	0.291	0.301	0.290	0.296	0.294	0.286	0.294	0.295	0.313	0.306	0.286	0.305	2.008	0.595	0.291	0.202	-177831.834
1080	8	10000	9264	0.5155	0.325	0.288	0.295	0.308	0.307	0.306	0.296	0.280	0.292	0.284	0.309	0.297	0.300	0.296	2.017	0.611	0.286	0.204	-178068.505
1081	8	10000	9298	0.5165	0.306	0.316	0.301	0.304	0.294	0.307	0.290	0.298	0.306	0.297	0.309	0.314	0.295	0.310	1.995	0.597	0.303	0.201	-179839.573
1082	8	10000	9264	0.5159	0.287	0.305	0.296	0.307	0.285	0.292	0.300	0.321	0.283	0.288	0.311	0.296	0.300	0.289	1.994	0.620	0.293	0.199	-177396.106
1083	8	10000	9285	0.5117	0.323	0.313	0.293	0.318	0.296	0.298	0.293	0.295	0.299	0.315	0.295	0.296	0.305	0.290	1.982	0.616	0.302	0.201	-178972.019
1084	8	10000	9309	0.5113	0.282	0.283	0.317	0.298	0.305	0.311	0.296	0.318	0.320	0.294	0.299	0.306	0.306	0.306	2.015	0.580	0.311	0.202	-179934.723
1085	8	10000	9248	0.5155	0.258	0.302	0.291	0.308	0.304	0.302	0.296	0.334	0.282	0.304	0.296	0.290	0.290	0.308	1.980	0.600	0.294	0.195	-177880.872
1086	8	10000	9298	0.5153	0.245	0.283	0.313	0.295	0.300	0.296	0.285	0.318	0.293	0.299	0.307	0.317	0.294	0.308	2.020	0.578	0.289	0.200	-178125.611
1087	8	10000	9287	0.5120	0.298	0.294	0.313	0.292	0.307	0.308	0.308	0.292	0.309	0.305	0.303	0.300	0.303	0.299	2.040	0.628	0.303	0.198	-178735.913
1088	8	10000	9253	0.5121	0.328	0.304	0.312	0.285	0.300	0.309	0.291	0.266	0.314	0.298	0.309	0.312	0.304	0.297	1.973	0.592	0.301	0.197	-178984.412
1089	8	10000	9246	0.5122	0.305	0.309	0.286	0.300	0.286	0.304	0.291	0.288	0.313	0.293	0.296	0.299	0.302	0.299	1.989	0.606	0.297	0.202	-178086.642
1090	8	10000	9270	0.5169	0.298	0.306	0.302	0.292	0.290	0.313	0.296	0.283	0.288	0.298	0.311	0.317	0.295	0.295	1.969	0.604	0.316	0.197	-178747.398
1091	8	10000	9287	0.5143	0.294	0.295	0.281	0.304	0.291	0.309	0.291	0.320	0.297	0.284	0.302	0.282	0.295	0.313	1.994	0.607	0.292	0.200	-177789.023
1092	8	10000	9301	0.5159	0.282	0.292	0.305	0.297	0.285	0.296	0.311	0.327	0.301	0.300	0.301	0.312	0.292	0.295	2.016	0.605	0.308	0.200	-178633.841
1093	8	10000	9324	0.5149	0.306	0.301	0.304	0.296	0.293	0.298	0.309	0.309	0.298	0.313	0.292	0.296	0.291	0.294	1.984	0.619	0.302	0.201	-178543.089
1094	8	10000	9285	0.5149	0.295	0.301	0.297	0.303	0.292	0.306	0.309	0.307	0.309	0.308	0.310	0.284	0.300	0.295	2.001	0.595	0.291	0.204	-179173.340
1095	8	10000	9237	0.5139	0.285	0.310	0.305	0.296	0.313	0.298	0.297	0.309	0.297	0.300	0.296	0.312	0.297	0.292	2.015	0.568	0.308	0.195	-178859.158
1096	8	10000	9282	0.5149	0.306	0.313	0.296	0.291	0.295	0.312	0.283	0.277	0.295	0.296	0.307	0.297	0.316	0.290	2.031	0.617	0.303	0.194	-177647.935
1097	8	10000	9272	0.5165	0.326	0.292	0.301	0.302	0.304	0.301	0.282	0.270	0.309	0.295	0.295	0.308	0.305	0.295	1.979	0.610	0.298	0.200	-178320.479
1098	8	10000	9236	0.5136	0.309	0.289	0.302	0.300	0.310	0.312	0.290	0.263	0.310	0.290	0.296	0.302	0.296	0.297	2.023	0.618	0.297	0.201	-177804.476
1099	8	10000	9277	0.5115	0.326	0.311	0.295	0.313	0.300	0.300	0.295	0.283	0.301	0.299	0.306	0.298	0.307	0.300	2.025	0.619	0.304	0.203	-179022.795
1100	8	10000	9300	0.5135	0.323	0.306	0.303	0.299	0.297	0.302	0.307	0.287	0.304	0.309	0.304	0.298	0.293	0.299	2.032	0.595	0.299	0.198	-179052.954
1101	8	10000	9234	0.5122	0.245	0.304	0.297	0.303	0.299	0.298	0.300	0.336	0.305	0.309	0.313	0.304	0.301	0.292	2.043	0.586	0.296	0.201	-178672.869
1102	8	10000	9254	0.5124	0.255	0.291	0.304	0.294	0.309	0.301	0.300	0.306	0.302	0.284	0.307	0.292	0.306	0.293	2.034	0.574	0.287	0.198	-177732.639
1103	8	10000	9307	0.5152	0.313	0.288	0.297	0.311	0.293	0.300	0.302	0.284	0.306	0.304	0.297	0.299	0.320	0.313	1.994	0.602	0.309	0.206	-179759.863
1104	8	10000	9265	0.5101	0.310	0.301	0.286	0.315	0.292	0.290	0.303	0.294	0.317	0.306	0.294	0.300	0.303	0.298	1.972	0.614	0.312	0.202	-178709.557
1105	8	10000	9288	0.5166	0.320	0.316	0.298	0.303	0.297	0.303	0.310	0.282	0.302	0.295	0.304	0.293	0.307	0.308	1.984	0.593	0.300	0.202	-179638.392
1106	8	10000	9268	0.5121	0.280	0.303	0.312	0.309	0.301	0.300	0.302	0.316	0.290	0.307	0.294	0.316	0.302	0.313	2.021	0.627	0.323	0.202	-179519.974
1107	8	10000	9277	0.5153	0.312	0.306	0.297	0.308	0.298	0.296	0.288	0.285	0.302	0.301	0.307	0.300	0.299	0.294	2.028	0.596	0.301	0.193	-178285.155
1108	8	10000	9242	0.5129	0.336	0.299	0.305	0.310	0.290	0.308	0.301	0.295	0.310	0.303	0.281	0.299	0.311	0.302	2.016	0.594	0.319	0.193	-179214.724
1109	8	10000	9260	0.5111	0.324	0.293	0.309	0.291	0.313	0.298	0.297	0.283	0.309	0.301	0.296	0.294	0.294	0.302	2.037	0.608	0.294	0.199	-177908.638
1110	8	10000	9281	0.5126	0.343	0.299	0.301	0.293	0.306	0.290	0.300	0.287	0.297	0.314	0.308	0.305	0.299	0.304	2.003	0.586	0.305	0.195	-179393.613
1111	8	10000	9222	0.5128	0.299	0.323	0.310	0.297	0.287	0.307	0.299	0.303	0.294	0.312	0.308	0.296	0.300	0.293	2.016	0.584	0.306	0.195	-179107.685
1112	8	10000	9320	0.5144	0.339	0.288	0.304	0.302	0.318	0.304	0.298	0.260	0.298	0.306	0.305	0.308	0.307	0.293	2.028	0.585	0.294	0.199	-179062.020
1113	8	10000	9322	0.5153	0.273	0.295	0.293	0.305	0.315	0.308	0.289	0.339	0.296	0.291	0.300	0.304	0.308	0.297	2.033	0.610	0.292	0.202	-178561.558
1114	8	10000	9300	0.5157	0.303	0.302	0.300	0.315	0.305	0.310	0.292	0.298	0.305	0.292	0.299	0.289	0.312	0.289	2.087	0.615	0.300	0.204	-178521.163
1115	8	10000	9305	0.5118	0.334	0.307	0.307	0.300	0.307	0.297	0.309	0.282	0.307	0.298	0.306	0.308	0.301	0.306	2.020	0.574	0.291	0.194	-179472.297
1116	8	10000	9217	0.5125	0.298	0.302	0.298	0.302	0.287	0.278	0.292	0.297	0.297	0.289	0.303	0.292	0.287	0.309	1.969	0.601	0.293	0.200	-177360.905
1117	8	10000	9289	0.5135	0.307	0.297	0.301	0.304	0.303	0.303	0.299	0.287	0.300	0.290	0.308	0.301	0.304	0.308	2.005	0.595	0.307	0.200	-179084.370
1118	8	10000	9302	0.5126	0.310	0.300	0.301	0.305	0.297	0.304	0.304	0.308	0.302	0.308	0.303	0.296	0.309	0.307	2.016	0.613	0.311	0.199	-179470.689
1119	8	10000	9319	0.5133	0.327	0.287	0.307	0.292	0.311	0.300	0.303	0.302	0.303	0.303	0.302	0.309	0.303	0.312	2.019	0.606	0.319	0.203	-179868.544
1120	8	10000	9287	0.5176	0.311	0.295	0.296	0.301	0.300	0.310	0.308	0.285	0.310	0.296	0.303	0.295	0.287	0.319	1.976	0.602	0.303	0.199	-179235.558
1121	8	10000	9278	0.5140	0.295	0.304	0.295	0.312	0.290	0.297	0.305	0.315	0.292	0.311	0.309	0.298	0.316	0.311	1.985	0.610	0.301	0.195	-179367.698
1122	8	10000	9273	0.5157	0.282	0.301	0.290	0.297	0.295	0.289	0.303	0.307	0.291	0.301	0.306	0.308	0.296	0.299	2.014	0.618	0.300	0.198	-177825.669
1123	8	10000	9283	0.5137	0.313	0.298	0.292	0.308	0.301	0.310	0.293	0.277	0.293	0.297	0.306	0.313	0.291	0.293	2.001	0.616	0.298	0.199	-178087.967
1124	8	10000	9303	0.5157	0.309	0.303	0.289	0.293	0.291	0.312	0.304	0.293	0.301	0.307	0.302	0.287	0.308	0.301	1.996	0.599	0.298	0.202	-178661.917
1125	8	10000	9250	0.5145	0.000	0.306	0.299	0.301	0.314	0.297	0.300	0.611	0.299	0.301	0.297	0.287	0.297	0.310	1.987	0.605	0.298	0.202	-179135.589
1126	8	10000	9257	0.5111	0.297	0.333	0.296	0.308	0.299	0.301	0.310	0.304	0.293	0.304	0.303	0.321	0.290	0.293	2.001	0.580	0.294	0.199	-179347.248
1127	8	10000	9247	0.5140	0.255	0.314	0.299	0.312	0.292	0.304	0.299	0.344	0.309	0.299	0.297	0.286	0.298	0.305	1.983	0.574	0.304	0.194	-179014.293
1128	8	10000	9271	0.5132	0.308	0.310	0.313	0.288	0.312	0.292	0.303	0.291	0.303	0.303	0.308	0.304	0.298	0.303	1.994	0.605	0.294	0.203	-179072.612
1129	8	10000	9296	0.5147	0.303	0.297	0.315	0.292	0.314	0.296	0.310	0.297	0.303	0.297	0.304	0.292	0.292	0.297	2.037	0.597	0.305	0.199	-178855.833
1130	8	10000	9298	0.5124	0.274	0.302	0.299	0.313	0.315	0.300	0.296	0.341	0.292	0.298	0.307	0.310	0.300	0.305	2.027	0.592	0.314	0.199	-179604.376
1131	8	10000	9303	0.5122	0.328	0.320	0.309	0.304	0.307	0.283	0.301	0.254	0.302	0.299	0.305	0.309	0.292	0.310	2.009	0.582	0.282	0.204	-179030.783
1132	8	10000	9260	0.5145	0.295	0.289	0.308	0.295	0.303	0.286	0.307	0.326	0.300	0.304	0.291	0.294	0.309	0.301	2.000	0.590	0.288	0.194	-178445.580
1133	8	10000	9295	0.5138	0.304	0.300	0.303	0.309	0.286	0.303	0.298	0.320	0.290	0.298	0.297	0.311	0.303	0.297	2.031	0.640	0.312	0.206	-178800.347
1134	8	10000	9245	0.5134	0.324	0.283	0.291	0.304	0.290	0.306	0.295	0.293	0.316	0.300	0.298	0.293	0.311	0.304	2.009	0.590	0.305	0.195	-178348.290
1135	8	10000	9264	0.5154	0.267	0.302	0.290	0.300	0.307	0.309	0.291	0.327	0.285	0.293	0.292	0.312	0.310	0.312	1.973	0.588	0.297	0.199	-178721.318
1136	8	10000	9263	0.5151	0.330	0.290	0.297	0.283	0.302	0.299	0.294	0.252	0.308	0.293	0.308	0.308	0.299	0.297	2.019	0.602	0.295	0.200	-177916.959
1137	8	10000	9314	0.5165	0.359	0.300	0.301	0.295	0.289	0.304	0.299	0.270	0.302	0.307	0.295	0.301	0.307	0.296	1.992	0.591	0.293	0.202	-179138.401
1138	8	10000	9309	0.5164	0.295	0.291	0.301	0.308	0.316	0.302	0.302	0.301	0.301	0.307	0.293	0.300	0.309	0.298	2.028	0.602	0.305	0.201	-179147.497
1139	8	10000	9280	0.5172	0.323	0.310	0.302	0.297	0.295	0.316	0.296	0.276	0.289	0.295	0.310	0.294	0.300	0.297	1.985	0.597	0.299	0.194	-178683.480
1140	8	10000	9238	0.5155	0.282	0.282	0.300	0.299	0.301	0.298	0.280	0.327	0.281	0.297	0.295	0.300	0.290	0.306	1.980	0.617	0.311	0.204	-177744.382
1141	8	10000	9263	0.5140	0.297	0.299	0.296	0.296	0.315	0.298	0.295	0.314	0.301	0.305	0.301	0.285	0.296	0.305	1.993	0.613	0.327	0.203	-178978.423
1142	8	10000	9272	0.5107	0.329	0.305	0.306	0.303	0.288	0.291	0.291	0.298	0.310	0.298	0.299	0.278	0.304	0.288	1.975	0.607	0.311	0.202	-178561.124
1143	8	10000	9267	0.5124	0.287	0.297	0.307	0.300	0.295	0.286	0.300	0.328	0.294	0.307	0.295	0.303	0.278	0.314	2.028	0.612	0.305	0.198	-177986.604
1144	8	10000	9279	0.5127	0.279	0.286	0.301	0.306	0.290	0.292	0.306	0.331	0.291	0.301	0.291	0.297	0.304	0.301	2.008	0.612	0.299	0.204	-178141.448
1145	8	10000	9266	0.5121	0.327	0.309	0.290	0.300	0.308	0.303	0.311	0.292	0.308	0.300	0.312	0.296	0.306	0.296	2.008	0.615	0.303	0.199	-179200.243
1146	8	10000	9299	0.5119	0.329	0.308	0.297	0.299	0.304	0.296	0.304	0.282	0.303	0.301	0.310	0.285	0.303	0.304	1.965	0.625	0.295	0.201	-178678.674
1147	8	10000	9268	0.5090	0.331	0.287	0.296	0.299	0.296	0.299	0.306	0.273	0.294	0.299	0.304	0.289	0.310	0.294	2.015	0.602	0.304	0.196	-177918.002
1148	8	10000	9307	0.5127	0.269	0.306	0.302	0.297	0.316	0.319	0.293	0.329	0.306	0.300	0.312	0.302	0.301	0.299	2.001	0.613	0.303	0.199	-179426.460
1149	8	10000	9234	0.5110	0.296	0.300	0.304	0.312	0.300	0.301	0.302	0.283	0.300	0.300	0.297	0.296	0.291	0.305	1.997	0.587	0.310	0.195	-178642.086
1150	8	10000	9300	0.5147	0.272	0.301	0.298	0.304	0.305	0.305	0.314	0.311	0.296	0.297	0.304	0.314	0.312	0.308	1.966	0.592	0.294	0.202	-179668.079
1151	8	10000	9273	0.5099	0.288	0.298	0.283	0.306	0.302	0.309	0.304	0.310	0.287	0.289	0.293	0.307	0.300	0.305	1.966	0.592	0.284	0.198	-178186.005
1152	8	10000	9274	0.5165	0.321	0.315	0.296	0.308	0.295	0.303	0.296	0.268	0.294	0.298	0.309	0.287	0.303	0.311	1.997	0.581	0.294	0.197	-178842.255
1153	8	10000	9267	0.5142	0.288	0.301	0.302	0.292	0.315	0.297	0.314	0.308	0.303	0.300	0.293	0.294	0.304	0.304	2.007	0.590	0.303	0.196	-178791.335
1154	8	10000	9264	0.5188	0.307	0.288	0.294	0.299	0.296	0.301	0.293	0.296	0.303	0.285	0.301	0.288	0.305	0.298	2.025	0.603	0.295	0.201	-177855.860
1155	8	10000	9280	0.5102	0.295	0.300	0.301	0.299	0.306	0.291	0.307	0.301	0.298	0.296	0.305	0.293	0.307	0.305	1.987	0.606	0.306	0.203	-178902.140
1156	8	10000	9293	0.5148	0.326	0.297	0.315	0.308	0.311	0.292	0.300	0.286	0.294	0.311	0.297	0.292	0.298	0.311	2.023	0.594	0.306	0.196	-179142.326
1157	8	10000	9215	0.5108	0.322	0.288	0.308	0.291	0.296	0.301	0.302	0.288	0.298	0.300	0.302	0.311	0.294	0.298	2.015	0.615	0.309	0.198	-178274.151
1158	8	10000	9195	0.5145	0.302	0.295	0.295	0.300	0.293	0.303	0.301	0.306	0.294	0.305	0.289	0.307	0.303	0.291	2.041	0.589	0.313	0.193	-177814.557
1159	8	10000	9290	0.5136	0.297	0.303	0.301	0.301	0.298	0.307	0.295	0.302	0.293	0.296	0.288	0.311	0.295	0.297	1.977	0.602	0.291	0.208	-178890.024
1160	8	10000	9309	0.5133	0.288	0.300	0.293	0.305	0.292	0.307	0.304	0.299	0.301	0.301	0.302	0.293	0.294	0.304	1.956	0.615	0.291	0.205	-178654.700
1161	8	10000	9245	0.5150	0.302	0.303	0.291	0.300	0.317	0.315	0.292	0.285	0.298	0.294	0.296	0.314	0.294	0.296	1.983	0.579	0.299	0.200	-178682.436
1162	8	10000	9251	0.5135	0.305	0.284	0.300	0.312	0.312	0.296	0.306	0.295	0.314	0.301	0.293	0.295	0.298	0.299	2.013	0.608	0.299	0.199	-178626.508
1163	8	10000	9241	0.5160	0.291	0.286	0.286	0.298	0.306	0.282	0.301	0.284	0.302	0.286	0.300	0.283	0.299	0.302	2.014	0.632	0.305	0.197	-176494.041
1164	8	10000	9325	0.5091	0.316	0.308	0.306	0.304	0.310	0.308	0.290	0.287	0.314	0.298	0.308	0.290	0.315	0.301	2.034	0.591	0.303	0.205	-179983.825
1165	8	10000	9277	0.5138	0.310	0.319	0.302	0.299	0.305	0.309	0.302	0.283	0.306	0.303	0.311	0.285	0.308	0.310	1.978	0.625	0.306	0.203	-179633.918
1166	8	10000	9296	0.5124	0.257	0.296	0.302	0.302	0.288	0.310	0.300	0.335	0.299	0.306	0.299	0.291	0.285	0.307	2.021	0.622	0.306	0.203	-178322.122
1167	8	10000	9233	0.5109	0.260	0.319	0.297	0.288	0.299	0.296	0.292	0.324	0.292	0.298	0.298	0.296	0.299	0.289	1.990	0.626	0.301	0.202	-177395.392
1168	8	10000	9263	0.5138	0.276	0.282	0.302	0.291	0.299	0.295	0.308	0.320	0.305	0.290	0.311	0.297	0.299	0.299	1.977	0.604	0.289	0.201	-178087.709
1169	8	10000	9276	0.5138	0.269	0.303	0.309	0.298	0.300	0.303	0.298	0.314	0.292	0.303	0.300	0.301	0.311	0.294	2.003	0.592	0.297	0.199	-178717.166
1170	8	10000	9246	0.5168	0.278	0.314	0.304	0.297	0.290	0.314	0.295	0.304	0.302	0.315	0.301	0.302	0.285	0.300	2.001	0.583	0.283	0.199	-178793.531
1171	8	10000	9237	0.5136	0.266	0.290	0.302	0.298	0.299	0.298	0.312	0.337	0.285	0.300	0.306	0.300	0.290	0.307	1.983	0.620	0.305	0.192	-177885.969
1172	8	10000	9286	0.5133	0.296	0.303	0.292	0.304	0.300	0.300	0.312	0.320	0.321	0.304	0.308	0.296	0.302	0.307	1.992	0.607	0.298	0.196	-179276.275
1173	8	10000	9314	0.5140	0.304	0.304	0.283	0.319	0.308	0.286	0.313	0.295	0.305	0.296	0.305	0.307	0.294	0.297	1.981	0.615	0.305	0.204	-178969.076
1174	8	10000	9297	0.5101	0.327	0.288	0.304	0.311	0.297	0.294	0.296	0.293	0.289	0.292	0.298	0.311	0.297	0.285	2.022	0.608	0.288	0.199	-177640.248
1175	8	10000	9232	0.5129	0.320	0.313	0.295	0.301	0.288	0.308	0.305	0.288	0.311	0.283	0.306	0.289	0.309	0.302	2.023	0.603	0.290	0.199	-178270.365
1176	8	10000	9310	0.5161	0.296	0.315	0.291	0.308	0.298	0.312	0.298	0.307	0.305	0.305	0.290	0.301	0.304	0.287	2.011	0.611	0.301	0.204	-178879.587
1177	8	10000	9265	0.5128	0.301	0.292	0.299	0.309	0.303	0.300	0.298	0.306	0.301	0.288	0.311	0.283	0.297	0.300	2.019	0.579	0.292	0.198	-178311.647
1178	8	10000	9285	0.5125	0.288	0.302	0.298	0.296	0.293	0.301	0.287	0.323	0.292	0.292	0.286	0.292	0.293	0.303	2.043	0.600	0.290	0.199	-177255.149
1179	8	10000	9274	0.5132	0.302	0.316	0.293	0.306	0.308	0.299	0.302	0.298	0.299	0.296	0.315	0.301	0.304	0.299	2.030	0.617	0.310	0.201	-178964.660
1180	8	10000	9283	0.5143	0.296	0.312	0.294	0.311	0.288	0.298	0.301	0.302	0.307	0.308	0.298	0.306	0.294	0.299	2.016	0.583	0.300	0.195	-179014.082
1181	8	10000	9280	0.5165	0.295	0.315	0.299	0.294	0.295	0.301	0.301	0.319	0.302	0.295	0.299	0.297	0.301	0.308	1.979	0.585	0.308	0.193	-178948.935
1182	8	10000	9229	0.5154	0.302	0.299	0.298	0.296	0.301	0.293	0.306	0.320	0.295	0.299	0.305	0.291	0.304	0.307	2.008	0.593	0.318	0.194	-178726.203
1183	8	10000	9305	0.5124	0.308	0.292	0.301	0.302	0.316	0.298	0.293	0.292	0.308	0.315	0.286	0.311	0.295	0.310	2.014	0.593	0.287	0.204	-179167.527
1184	8	10000	9236	0.5141	0.324	0.293	0.303	0.290	0.305	0.294	0.309	0.284	0.319	0.292	0.304	0.300	0.287	0.303	1.968	0.605	0.291	0.195	-178426.994
1185	8	10000	9259	0.5141	0.271	0.298	0.301	0.298	0.306	0.299	0.287	0.337	0.306	0.302	0.303	0.286	0.298	0.299	2.042	0.596	0.303	0.203	-178512.074
1186	8	10000	9212	0.5142	0.308	0.283	0.299	0.287	0.291	0.300	0.289	0.285	0.295	0.302	0.292	0.298	0.304	0.303	2.017	0.616	0.296	0.199	-177119.744
1187	8	10000	9275	0.5163	0.328	0.292	0.292	0.293	0.296	0.293	0.289	0.279	0.306	0.303	0.293	0.306	0.310	0.289	2.021	0.617	0.312	0.202	-178061.903
1188	8	10000	9247	0.5116	0.254	0.302	0.291	0.293	0.309	0.306	0.295	0.327	0.301	0.307	0.296	0.289	0.297	0.310	2.060	0.588	0.295	0.200	-178041.697
1189	8	10000	9293	0.5137	0.296	0.296	0.310	0.307	0.308	0.305	0.299	0.325	0.305	0.297	0.282	0.307	0.299	0.298	1.960	0.597	0.294	0.196	-178924.226
1190	8	10000	9305	0.5134	0.270	0.300	0.295	0.301	0.307	0.298	0.293	0.340	0.306	0.291	0.293	0.295	0.297	0.304	2.001	0.606	0.300	0.203	-178523.821
1191	8	10000	9276	0.5120	0.281	0.295	0.308	0.306	0.297	0.308	0.307	0.333	0.311	0.295	0.315	0.285	0.301	0.299	2.009	0.608	0.308	0.201	-179282.756
1192	8	10000	9268	0.5177	0.333	0.310	0.308	0.301	0.295	0.298	0.303	0.273	0.315	0.297	0.294	0.295	0.293	0.306	1.992	0.595	0.308	0.196	-179020.053
1193	8	10000	9255	0.5120	0.298	0.285	0.288	0.303	0.307	0.298	0.312	0.305	0.298	0.290	0.304	0.297	0.308	0.302	1.983	0.588	0.310	0.193	-178499.583
1194	8	10000	9279	0.5106	0.319	0.302	0.297	0.310	0.305	0.306	0.296	0.267	0.299	0.308	0.309	0.301	0.300	0.302	1.955	0.585	0.286	0.197	-178966.791
1195	8	10000	9259	0.5135	0.256	0.297	0.302	0.304	0.291	0.311	0.291	0.318	0.308	0.291	0.298	0.314	0.304	0.287	2.006	0.611	0.293	0.199	-177701.941
1196	8	10000	9260	0.5088	0.289	0.311	0.291	0.293	0.300	0.289	0.298	0.333	0.307	0.297	0.305	0.288	0.289	0.309	2.013	0.603	0.315	0.198	-178319.280
1197	8	10000	9267	0.5149	0.344	0.295	0.310	0.314	0.316	0.303	0.301	0.272	0.310	0.308	0.296	0.302	0.296	0.302	2.013	0.587	0.305	0.198	-179769.375
1198	8	10000	9245	0.5114	0.289	0.309	0.309	0.304	0.307	0.287	0.301	0.332	0.307	0.298	0.299	0.291	0.302	0.307	1.999	0.585	0.290	0.192	-178938.869
1199	8	10000	9287	0.5157	0.279	0.300	0.302	0.295	0.315	0.306	0.304	0.321	0.302	0.304	0.288	0.299	0.308	0.300	2.000	0.617	0.311	0.208	-179367.449
1200	8	10000	9262	0.5149	0.312	0.306	0.302	0.301	0.304	0.306	0.294	0.284	0.301	0.306	0.299	0.294	0.303	0.301	1.964	0.602	0.298	0.195	-178691.125
1201	8	10000	9273	0.5149	0.292	0.310	0.307	0.302	0.295	0.302	0.292	0.320	0.306	0.315	0.290	0.287	0.296	0.310	2.022	0.604	0.312	0.198	-179073.641
1202	8	10000	9250	0.5132	0.305	0.279	0.293	0.294	0.310	0.292	0.305	0.296	0.295	0.307	0.306	0.313	0.300	0.298	1.980	0.582	0.285	0.204	-178655.221
1203	8	10000	9275	0.5172	0.304	0.308	0.288	0.305	0.308	0.297	0.295	0.288	0.302	0.305	0.294	0.306	0.299	0.303	2.003	0.562	0.293	0.192	-178816.016
1204	8	10000	9282	0.5131	0.259	0.309	0.306	0.299	0.296	0.310	0.291	0.327	0.292	0.308	0.297	0.305	0.285	0.294	2.053	0.582	0.316	0.198	-178649.457
1205	8	10000	9292	0.5168	0.248	0.305	0.296	0.311	0.299	0.286	0.301	0.339	0.295	0.305	0.301	0.319	0.304	0.300	1.998	0.585	0.287	0.199	-178800.599
1206	8	10000	9269	0.5124	0.326	0.292	0.301	0.304	0.309	0.292	0.298	0.279	0.302	0.298	0.283	0.301	0.293	0.296	1.967	0.606	0.303	0.203	-178157.724
1207	8	10000	9305	0.5153	0.320	0.304	0.302	0.303	0.297	0.297	0.295	0.295	0.287	0.294	0.312	0.300	0.303	0.308	2.021	0.589	0.286	0.198	-178928.776
1208	8	10000	9315	0.5147	0.300	0.295	0.295	0.294	0.297	0.299	0.298	0.306	0.312	0.295	0.288	0.305	0.296	0.309	2.028	0.579	0.291	0.202	-178312.300
1209	8	10000	9232	0.5139	0.257	0.293	0.295	0.298	0.302	0.295	0.300	0.326	0.296	0.297	0.299	0.303	0.308	0.292	1.986	0.594	0.290	0.200	-177943.532
1210	8	10000	9227	0.5163	0.320	0.282	0.285	0.294	0.297	0.298	0.298	0.281	0.298	0.296	0.305	0.291	0.309	0.300	1.997	0.605	0.288	0.198	-177484.285
1211	8	10000	9283	0.5096	0.322	0.291	0.294	0.297	0.298	0.314	0.298	0.293	0.319	0.312	0.297	0.296	0.291	0.294	1.990	0.609	0.293	0.206	-178871.985
1212	8	10000	9227	0.5151	0.273	0.296	0.294	0.306	0.302	0.295	0.282	0.343	0.296	0.289	0.298	0.323	0.301	0.309	1.983	0.615	0.308	0.194	-178373.656
1213	8	10000	9305	0.5144	0.303	0.320	0.317	0.294	0.298	0.295	0.309	0.294	0.297	0.323	0.289	0.289	0.304	0.300	2.001	0.574	0.307	0.205	-179991.095
1214	8	10000	9299	0.5134	0.326	0.303	0.299	0.297	0.287	0.289	0.294	0.275	0.306	0.302	0.297	0.296	0.318	0.285	1.965	0.615	0.297	0.213	-178675.899
1215	8	10000	9285	0.5141	0.275	0.304	0.296	0.304	0.293	0.297	0.300	0.309	0.297	0.300	0.292	0.315	0.306	0.299	2.038	0.603	0.293	0.202	-178377.716
1216	8	10000	9298	0.5159	0.266	0.297	0.307	0.291	0.323	0.299	0.290	0.321	0.298	0.312	0.300	0.329	0.304	0.287	2.053	0.568	0.283	0.196	-178794.801
1217	8	10000	9210	0.5161	0.288	0.306	0.296	0.285	0.302	0.295	0.306	0.296	0.318	0.283	0.294	0.290	0.302	0.289	1.967	0.623	0.309	0.199	-177572.575
1218	8	10000	9312	0.5129	0.261	0.306	0.298	0.300	0.318	0.300	0.308	0.343	0.307	0.295	0.299	0.297	0.301	0.296	2.029	0.564	0.302	0.195	-179230.566
1219	8	10000	9214	0.5146	0.285	0.296	0.290	0.288	0.289	0.289	0.306	0.298	0.304	0.303	0.295	0.316	0.288	0.305	2.014	0.614	0.296	0.194	-177389.461
1220	8	10000	9244	0.5147	0.258	0.301	0.313	0.280	0.300	0.318	0.298	0.323	0.317	0.307	0.315	0.298	0.300	0.301	2.029	0.587	0.301	0.196	-179080.786
1221	8	10000	9259	0.5146	0.332	0.304	0.287	0.295	0.298	0.289	0.308	0.277	0.297	0.304	0.295	0.293	0.282	0.300	1.980	0.636	0.307	0.204	-177767.717
1222	8	10000	9263	0.5160	0.315	0.304	0.296	0.296	0.303	0.291	0.297	0.281	0.296	0.308	0.289	0.297	0.305	0.295	1.985	0.592	0.300	0.199	-178036.915
1223	8	10000	9323	0.5135	0.289	0.307	0.293	0.306	0.298	0.302	0.305	0.322	0.292	0.307	0.307	0.302	0.305	0.303	2.020	0.613	0.308	0.204	-179201.971
1224	8	10000	9248	0.5162	0.296	0.301	0.291	0.314	0.304	0.289	0.306	0.306	0.300	0.303	0.294	0.282	0.301	0.293	1.999	0.609	0.290	0.204	-178223.110
1225	8	10000	9288	0.5151	0.332	0.301	0.305	0.294	0.293	0.305	0.304	0.268	0.308	0.299	0.295	0.293	0.315	0.295	2.009	0.631	0.292	0.201	-178358.926
1226	8	10000	9276	0.5097	0.269	0.311	0.309	0.297	0.293	0.306	0.300	0.329	0.311	0.303	0.313	0.290	0.301	0.309	1.973	0.602	0.299	0.197	-179414.803
1227	8	10000	9270	0.5115	0.273	0.295	0.298	0.297	0.304	0.300	0.303	0.324	0.294	0.302	0.294	0.305	0.307	0.302	1.997	0.586	0.296	0.194	-178509.906
1228	8	10000	9255	0.5112	0.273	0.289	0.297	0.295	0.281	0.283	0.293	0.327	0.287	0.296	0.299	0.299	0.305	0.296	2.022	0.641	0.300	0.205	-176691.147
1229	8	10000	9274	0.5122	0.295	0.305	0.297	0.295	0.296	0.309	0.297	0.308	0.297	0.296	0.311	0.292	0.285	0.308	2.030	0.607	0.298	0.202	-178222.947
1230	8	10000	9200	0.5105	0.269	0.300	0.297	0.296	0.304	0.296	0.305	0.297	0.305	0.293	0.303	0.305	0.302	0.294	2.016	0.576	0.300	0.193	-177797.578
1231	8	10000	9279	0.5172	0.315	0.306	0.298	0.305	0.300	0.293	0.309	0.287	0.297	0.295	0.314	0.308	0.293	0.297	2.005	0.569	0.299	0.196	-179369.342
1232	8	10000	9324	0.5153	0.316	0.282	0.313	0.313	0.303	0.290	0.305	0.284	0.289	0.304	0.318	0.305	0.298	0.315	1.974	0.588	0.324	0.202	-180209.800
1233	8	10000	9270	0.5112	0.293	0.293	0.303	0.306	0.303	0.307	0.292	0.288	0.310	0.317	0.301	0.305	0.301	0.296	1.998	0.604	0.284	0.203	-178697.031
1234	8	10000	9264	0.5147	0.288	0.298	0.301	0.311	0.307	0.307	0.303	0.284	0.307	0.303	0.302	0.307	0.287	0.284	2.001	0.599	0.295	0.201	-178584.718
1235	8	10000	9300	0.5121	0.319	0.295	0.298	0.305	0.308	0.298	0.298	0.285	0.305	0.304	0.290	0.303	0.299	0.299	1.993	0.604	0.292	0.204	-178676.573
1236	8	10000	9257	0.5127	0.248	0.290	0.301	0.304	0.299	0.300	0.296	0.339	0.307	0.308	0.300	0.303	0.288	0.300	2.022	0.599	0.296	0.203	-178426.223
1237	8	10000	9284	0.5148	0.304	0.286	0.308	0.303	0.300	0.306	0.291	0.293	0.299	0.296	0.296	0.304	0.308	0.294	2.036	0.614	0.307	0.204	-178398.279
1238	8	10000	9287	0.5121	0.324	0.291	0.317	0.300	0.308	0.293	0.301	0.261	0.306	0.299	0.296	0.312	0.301	0.302	1.976	0.566	0.291	0.196	-179208.384
1239	8	10000	9240	0.5114	0.309	0.283	0.313	0.292	0.300	0.287	0.304	0.279	0.301	0.303	0.307	0.316	0.289	0.298	1.997	0.606	0.295	0.200	-178288.182
1240	8	10000	9310	0.5131	0.301	0.299	0.311	0.307	0.311	0.293	0.300	0.288	0.294	0.301	0.301	0.293	0.301	0.298	2.000	0.606	0.303	0.199	-178548.728
1241	8	10000	9254	0.5132	0.284	0.295	0.316	0.306	0.297	0.293	0.300	0.292	0.303	0.297	0.303	0.300	0.286	0.305	1.971	0.575	0.303	0.200	-178934.063
1242	8	10000	9334	0.5132	0.267	0.300	0.303	0.300	0.317	0.308	0.299	0.316	0.294	0.294	0.305	0.307	0.306	0.308	2.018	0.596	0.279	0.210	-179530.472
1243	8	10000	9254	0.5115	0.278	0.292	0.293	0.306	0.291	0.305	0.288	0.325	0.296	0.282	0.302	0.282	0.291	0.298	1.983	0.592	0.278	0.201	-177239.176
1244	8	10000	9241	0.5125	0.284	0.305	0.302	0.295	0.294	0.288	0.300	0.310	0.297	0.306	0.299	0.323	0.286	0.293	2.033	0.619	0.305	0.197	-177515.745
1245	8	10000	9232	0.5089	0.269	0.303	0.306	0.281	0.296	0.304	0.305	0.325	0.305	0.307	0.295	0.305	0.298	0.303	2.021	0.605	0.298	0.201	-178354.698
1246	8	10000	9299	0.5119	0.282	0.306	0.298	0.296	0.293	0.302	0.298	0.321	0.307	0.306	0.296	0.301	0.305	0.316	1.962	0.589	0.303	0.198	-179263.325
1247	8	10000	9273	0.5108	0.329	0.302	0.298	0.298	0.312	0.286	0.294	0.287	0.279	0.305	0.303	0.313	0.299	0.306	2.034	0.581	0.292	0.200	-178654.711
1248	8	10000	9313	0.5145	0.296	0.302	0.296	0.301	0.303	0.309	0.295	0.315	0.286	0.304	0.290	0.309	0.301	0.305	2.021	0.606	0.306	0.194	-178443.656
1249	8	10000	9274	0.5119	0.259	0.299	0.311	0.292	0.272	0.296	0.308	0.324	0.305	0.285	0.306	0.296	0.298	0.298	2.024	0.588	0.300	0.204	-178287.800
1250	8	10000	9244	0.5167	0.311	0.301	0.300	0.299	0.316	0.301	0.305	0.304	0.319	0.301	0.297	0.292	0.310	0.303	1.978	0.581	0.295	0.199	-179689.648
1251	8	10000	9305	0.5184	0.294	0.301	0.302	0.296	0.310	0.286	0.308	0.322	0.296	0.303	0.294	0.290	0.300	0.299	1.996	0.622	0.308	0.202	-178478.236
1252	8	10000	9255	0.5144	0.286	0.294	0.297	0.303	0.310	0.281	0.308	0.308	0.302	0.306	0.293	0.305	0.290	0.305	2.010	0.594	0.291	0.195	-178013.413
1253	8	10000	9304	0.5121	0.289	0.307	0.298	0.302	0.299	0.305	0.304	0.312	0.318	0.299	0.310	0.283	0.304	0.296	2.007	0.591	0.304	0.204	-179428.707
1254	8	10000	9296	0.5127	0.321	0.302	0.289	0.300	0.304	0.308	0.314	0.273	0.304	0.301	0.298	0.291	0.308	0.298	1.994	0.586	0.300	0.201	-179130.994
1255	8	10000	9260	0.5157	0.313	0.289	0.285	0.288	0.301	0.298	0.300	0.276	0.285	0.298	0.309	0.310	0.294	0.309	2.020	0.606	0.311	0.199	-177881.131
1256	8	10000	9274	0.5161	0.271	0.309	0.304	0.291	0.303	0.302	0.299	0.337	0.295	0.302	0.291	0.305	0.297	0.303	2.035	0.619	0.319	0.201	-178662.120
1257	8	10000	9244	0.5155	0.297	0.303	0.301	0.301	0.302	0.289	0.305	0.302	0.303	0.304	0.294	0.297	0.312	0.297	1.999	0.602	0.303	0.200	-178689.993
1258	8	10000	9293	0.5138	0.279	0.308	0.311	0.299	0.303	0.310	0.299	0.316	0.303	0.294	0.306	0.312	0.294	0.296	1.981	0.595	0.290	0.202	-179477.198
1259	8	10000	9256	0.5133	0.300	0.294	0.302	0.294	0.317	0.295	0.306	0.302	0.287	0.298	0.298	0.301	0.300	0.304	1.970	0.616	0.309	0.201	-178570.485
1260	8	10000	9277	0.5160	0.278	0.296	0.302	0.307	0.314	0.296	0.295	0.326	0.301	0.294	0.303	0.300	0.293	0.303	1.997	0.601	0.294	0.193	-178304.008
1261	8	10000	9237	0.5113	0.268	0.287	0.290	0.301	0.306	0.293	0.301	0.296	0.295	0.305	0.305	0.287	0.302	0.298	1.975	0.612	0.289	0.205	-177531.551
1262	8	10000	9260	0.5156	0.299	0.298	0.302	0.307	0.299	0.303	0.297	0.284	0.305	0.292	0.304	0.300	0.279	0.310	2.001	0.599	0.289	0.201	-178425.896
1263	8	10000	9296	0.5135	0.267	0.320	0.293	0.304	0.309	0.297	0.314	0.322	0.305	0.298	0.303	0.307	0.298	0.298	1.993	0.580	0.309	0.193	-179385.429
1264	8	10000	9289	0.5111	0.288	0.293	0.314	0.297	0.307	0.301	0.293	0.333	0.299	0.294	0.296	0.311	0.302	0.301	2.008	0.582	0.297	0.201	-179245.017
1265	8	10000	9240	0.5165	0.273	0.299	0.302	0.292	0.310	0.293	0.304	0.325	0.293	0.300	0.308	0.303	0.303	0.302	2.034	0.605	0.296	0.203	-178734.686
1266	8	10000	9248	0.5155	0.275	0.294	0.298	0.305	0.308	0.303	0.305	0.298	0.307	0.309	0.298	0.300	0.286	0.300	2.002	0.595	0.292	0.196	-178229.645
1267	8	10000	9272	0.5148	0.295	0.301	0.286	0.299	0.312	0.296	0.284	0.308	0.298	0.291	0.292	0.302	0.284	0.302	1.995	0.602	0.293	0.198	-177396.119
1268	8	10000	9236	0.5132	0.320	0.290	0.297	0.301	0.297	0.303	0.296	0.271	0.294	0.285	0.303	0.293	0.299	0.299	1.994	0.616	0.313	0.199	-177880.458
1269	8	10000	9285	0.5162	0.346	0.288	0.298	0.298	0.309	0.303	0.298	0.274	0.298	0.303	0.301	0.305	0.296	0.297	2.016	0.584	0.297	0.197	-178643.312
1270	8	10000	9269	0.5162	0.276	0.302	0.304	0.291	0.307	0.285	0.302	0.299	0.299	0.292	0.310	0.295	0.296	0.300	1.937	0.612	0.307	0.197	-178073.187
1271	8	10000	9288	0.5107	0.308	0.300	0.297	0.299	0.304	0.297	0.291	0.289	0.301	0.310	0.301	0.310	0.303	0.301	1.982	0.576	0.287	0.198	-178819.400
1272	8	10000	9300	0.5168	0.279	0.301	0.299	0.300	0.313	0.305	0.294	0.330	0.293	0.311	0.294	0.299	0.287	0.302	1.944	0.615	0.307	0.203	-178982.496
1273	8	10000	9262	0.5128	0.336	0.293	0.290	0.304	0.302	0.304	0.309	0.280	0.314	0.291	0.301	0.298	0.304	0.288	2.003	0.590	0.302	0.196	-178669.264
1274	8	10000	9275	0.5128	0.294	0.291	0.298	0.300	0.308	0.309	0.296	0.298	0.305	0.294	0.301	0.304	0.297	0.318	1.964	0.589	0.287	0.200	-179125.060
1275	8	10000	9275	0.5139	0.337	0.292	0.300	0.303	0.298	0.296	0.304	0.260	0.303	0.303	0.296	0.299	0.294	0.304	2.003	0.610	0.281	0.206	-178318.699
1276	8	10000	9226	0.5130	0.295	0.302	0.305	0.290	0.273	0.300	0.300	0.288	0.312	0.290	0.300	0.302	0.304	0.299	1.992	0.608	0.297	0.198	-177839.975
1277	8	10000	9271	0.5153	0.321	0.306	0.315	0.294	0.294	0.303	0.305	0.274	0.305	0.310	0.308	0.292	0.296	0.308	1.980	0.576	0.295	0.200	-179635.837
1278	8	10000	9280	0.5153	0.300	0.316	0.295	0.297	0.309	0.309	0.298	0.288	0.320	0.299	0.298	0.305	0.291	0.297	1.986	0.575	0.293	0.195	-179224.697
1279	8	10000	9255	0.5096	0.267	0.288	0.292	0.301	0.298	0.296	0.293	0.332	0.315	0.306	0.300	0.299	0.296	0.300	2.039	0.603	0.286	0.199	-177669.159
1280	8	10000	9309	0.5135	0.306	0.318	0.307	0.296	0.298	0.294	0.311	0.289	0.298	0.320	0.303	0.310	0.298	0.298	2.028	0.578	0.302	0.196	-179390.645
1281	8	10000	9309	0.5127	0.340	0.313	0.300	0.306	0.293	0.303	0.309	0.265	0.290	0.316	0.285	0.309	0.306	0.301	2.022	0.572	0.292	0.202	-179474.299
1282	8	10000	9295	0.5152	0.306	0.294	0.298	0.301	0.300	0.311	0.293	0.298	0.315	0.315	0.293	0.284	0.306	0.310	2.041	0.592	0.299	0.197	-178975.410
1283	8	10000	9313	0.5137	0.324	0.302	0.317	0.300	0.312	0.309	0.307	0.271	0.293	0.299	0.307	0.332	0.299	0.303	2.033	0.576	0.307	0.196	-180210.004
1284	8	10000	9306	0.5123	0.269	0.326	0.299	0.286	0.299	0.301	0.304	0.342	0.309	0.295	0.325	0.315	0.296	0.304	1.994	0.600	0.299	0.204	-179756.541
1285	8	10000	9257	0.5131	0.333	0.300	0.297	0.315	0.300	0.294	0.296	0.272	0.301	0.304	0.294	0.297	0.303	0.292	1.992	0.607	0.313	0.199	-178645.879
1286	8	10000	9292	0.5128	0.310	0.322	0.289	0.301	0.292	0.302	0.309	0.284	0.304	0.290	0.299	0.286	0.314	0.301	1.990	0.598	0.303	0.202	-178909.068
1287	8	10000	9264	0.5112	0.312	0.304	0.289	0.307	0.303	0.297	0.306	0.291	0.309	0.309	0.303	0.290	0.313	0.290	2.003	0.569	0.300	0.198	-179268.427
1288	8	10000	9296	0.5148	0.330	0.283	0.312	0.293	0.309	0.295	0.307	0.280	0.307	0.310	0.297	0.283	0.303	0.285	2.010	0.579	0.297	0.200	-178706.876
1289	8	10000	9253	0.5133	0.293	0.308	0.304	0.291	0.285	0.306	0.289	0.311	0.298	0.296	0.300	0.298	0.304	0.315	1.993	0.582	0.307	0.192	-178569.273
1290	8	10000	9222	0.5156	0.312	0.301	0.299	0.297	0.288	0.319	0.297	0.295	0.286	0.306	0.288	0.300	0.299	0.294	1.950	0.612	0.285	0.201	-177925.289
1291	8	10000	9263	0.5169	0.274	0.303	0.304	0.288	0.307	0.316	0.308	0.344	0.310	0.302	0.295	0.297	0.289	0.301	1.971	0.605	0.300	0.197	-179112.148
1292	8	10000	9271	0.5142	0.354	0.296	0.307	0.298	0.311	0.293	0.292	0.271	0.307	0.282	0.295	0.287	0.291	0.305	2.023	0.606	0.315	0.202	-178331.939
1293	8	10000	9259	0.5154	0.291	0.294	0.311	0.300	0.305	0.311	0.297	0.335	0.292	0.314	0.312	0.306	0.298	0.296	2.046	0.597	0.322	0.195	-179595.468
1294	8	10000	9290	0.5137	0.267	0.298	0.310	0.307	0.293	0.299	0.299	0.330	0.300	0.309	0.309	0.303	0.301	0.309	1.965	0.599	0.294	0.198	-179247.728
1295	8	10000	9322	0.5157	0.299	0.307	0.299	0.301	0.293	0.305	0.294	0.304	0.310	0.295	0.321	0.302	0.312	0.297	2.040	0.583	0.296	0.204	-179843.074
1296	8	10000	9296	0.5160	0.278	0.301	0.306	0.295	0.292	0.286	0.302	0.330	0.294	0.297	0.297	0.310	0.300	0.287	2.018	0.577	0.284	0.200	-178226.515
1297	8	10000	9318	0.5114	0.322	0.288	0.300	0.313	0.307	0.294	0.307	0.290	0.313	0.304	0.309	0.297	0.296	0.302	1.985	0.565	0.292	0.204	-179979.107
1298	8	10000	9243	0.5172	0.270	0.311	0.308	0.305	0.292	0.305	0.292	0.322	0.292	0.308	0.306	0.303	0.293	0.303	1.973	0.597	0.306	0.199	-179073.870
1299	8	10000	9269	0.5138	0.338	0.304	0.305	0.293	0.301	0.303	0.292	0.274	0.313	0.304	0.305	0.285	0.298	0.317	1.976	0.595	0.304	0.198	-179322.895
1300	8	10000	9294	0.5160	0.269	0.308	0.299	0.284	0.299	0.306	0.297	0.319	0.292	0.302	0.309	0.295	0.306	0.293	2.040	0.609	0.308	0.202	-178439.633
1301	8	10000	9284	0.5142	0.277	0.297	0.303	0.296	0.292	0.308	0.304	0.299	0.308	0.315	0.291	0.291	0.307	0.299	2.000	0.615	0.305	0.202	-178673.350
1302	8	10000	9283	0.5187	0.344	0.295	0.287	0.303	0.298	0.293	0.296	0.251	0.296	0.289	0.290	0.298	0.311	0.283	1.994	0.582	0.297	0.195	-177531.454
1303	8	10000	9290	0.5133	0.319	0.301	0.295	0.308	0.295	0.304	0.297	0.274	0.296	0.306	0.293	0.313	0.305	0.292	2.010	0.571	0.299	0.201	-179078.852
1304	8	10000	9254	0.5104	0.287	0.294	0.289	0.301	0.293	0.289	0.295	0.322	0.302	0.297	0.301	0.297	0.300	0.291	2.005	0.607	0.299	0.201	-177603.877
1305	8	10000	9281	0.5146	0.329	0.291	0.301	0.306	0.306	0.298	0.310	0.295	0.296	0.306	0.297	0.299	0.299	0.295	2.039	0.608	0.312	0.201	-178970.391
1306	8	10000	9260	0.5118	0.282	0.288	0.288	0.304	0.303	0.305	0.290	0.312	0.309	0.293	0.292	0.310	0.294	0.295	2.000	0.618	0.306	0.196	-177610.978
1307	8	10000	9288	0.5101	0.290	0.298	0.295	0.319	0.304	0.290	0.297	0.306	0.309	0.311	0.289	0.290	0.291	0.311	1.967	0.615	0.298	0.201	-178496.395
1308	8	10000	9304	0.5081	0.286	0.303	0.286	0.315	0.306	0.281	0.316	0.321	0.301	0.307	0.318	0.300	0.293	0.296	2.003	0.608	0.287	0.198	-178602.403
1309	8	10000	9279	0.5131	0.314	0.294	0.310	0.296	0.299	0.297	0.302	0.300	0.297	0.311	0.303	0.305	0.294	0.307	2.030	0.600	0.295	0.195	-178522.728
1310	8	10000	9334	0.5157	0.298	0.307	0.304	0.304	0.303	0.302	0.321	0.291	0.293	0.297	0.304	0.310	0.301	0.300	2.002	0.614	0.318	0.205	-179957.231
1311	8	10000	9259	0.5140	0.307	0.312	0.296	0.300	0.299	0.302	0.293	0.286	0.298	0.294	0.287	0.305	0.315	0.294	1.996	0.604	0.313	0.197	-178565.576
1312	8	10000	9231	0.5151	0.336	0.298	0.299	0.302	0.293	0.307	0.294	0.257	0.304	0.297	0.296	0.296	0.285	0.292	1.964	0.583	0.292	0.202	-178501.293
1313	8	10000	9275	0.5157	0.275	0.294	0.296	0.298	0.298	0.316	0.293	0.321	0.313	0.292	0.300	0.301	0.295	0.308	2.027	0.575	0.294	0.197	-178656.064
1314	8	10000	9319	0.5130	0.334	0.304	0.294	0.301	0.293	0.298	0.296	0.291	0.291	0.290	0.289	0.314	0.294	0.300	1.968	0.605	0.309	0.205	-178625.528
1315	8	10000	9273	0.5124	0.281	0.308	0.286	0.292	0.291	0.286	0.302	0.325	0.315	0.305	0.298	0.296	0.290	0.300	1.992	0.595	0.288	0.199	-177891.309
1316	8	10000	9259	0.5094	0.299	0.281	0.319	0.300	0.294	0.289	0.288	0.292	0.298	0.295	0.298	0.297	0.298	0.317	1.985	0.602	0.298	0.198	-178000.313
1317	8	10000	9307	0.5128	0.337	0.310	0.298	0.302	0.312	0.291	0.313	0.279	0.315	0.298	0.293	0.296	0.290	0.300	2.000	0.571	0.302	0.198	-179224.313
1318	8	10000	9273	0.5144	0.313	0.293	0.294	0.299	0.290	0.307	0.301	0.293	0.285	0.306	0.308	0.295	0.293	0.316	2.016	0.619	0.325	0.206	-178794.834
1319	8	10000	9256	0.5143	0.342	0.309	0.293	0.299	0.297	0.294	0.317	0.280	0.288	0.299	0.293	0.295	0.310	0.311	2.036	0.615	0.318	0.198	-178828.902
1320	8	10000	9252	0.5137	0.287	0.309	0.297	0.292	0.302	0.312	0.290	0.303	0.297	0.305	0.287	0.301	0.297	0.302	1.993	0.599	0.311	0.196	-178134.966
1321	8	10000	9271	0.5125	0.325	0.302	0.298	0.294	0.300	0.315	0.290	0.276	0.304	0.293	0.300	0.310	0.297	0.301	1.996	0.589	0.305	0.204	-178797.767
1322	8	10000	9227	0.5174	0.295	0.303	0.298	0.300	0.299	0.292	0.296	0.294	0.311	0.297	0.301	0.291	0.299	0.298	2.005	0.576	0.300	0.195	-178167.634
1323	8	10000	9267	0.5154	0.278	0.303	0.287	0.314	0.318	0.299	0.289	0.312	0.312	0.290	0.312	0.300	0.299	0.296	2.000	0.591	0.281	0.200	-178491.133
1324	8	10000	9274	0.5158	0.302	0.311	0.306	0.298	0.302	0.295	0.308	0.298	0.315	0.301	0.297	0.296	0.308	0.297	1.981	0.594	0.313	0.195	-179328.267
1325	8	10000	9297	0.5121	0.300	0.294	0.306	0.307	0.301	0.305	0.299	0.301	0.309	0.311	0.301	0.285	0.306	0.302	2.002	0.590	0.302	0.199	-179250.031
1326	8	10000	9304	0.5120	0.305	0.305	0.300	0.285	0.306	0.294	0.307	0.310	0.297	0.308	0.278	0.312	0.305	0.293	2.036	0.589	0.288	0.197	-178291.294
1327	8	10000	9271	0.5119	0.326	0.288	0.297	0.292	0.308	0.296	0.307	0.283	0.300	0.295	0.308	0.302	0.308	0.284	2.025	0.626	0.304	0.200	-178111.654
1328	8	10000	9319	0.5133	0.311	0.298	0.310	0.290	0.295	0.312	0.308	0.299	0.297	0.284	0.306	0.295	0.314	0.289	1.992	0.602	0.314	0.199	-179057.844
1329	8	10000	9262	0.5148	0.315	0.278	0.293	0.299	0.295	0.310	0.304	0.301	0.298	0.290	0.298	0.306	0.294	0.301	1.973	0.626	0.311	0.206	-178357.981
1330	8	10000	9310	0.5165	0.322	0.302	0.303	0.293	0.302	0.307	0.313	0.276	0.287	0.295	0.296	0.301	0.297	0.310	2.006	0.586	0.299	0.201	-178970.871
1331	8	10000	9273	0.5166	0.323	0.291	0.298	0.281	0.299	0.311	0.293	0.290	0.298	0.302	0.303	0.290	0.296	0.297	1.978	0.612	0.303	0.203	-178260.890
1332	8	10000	9329	0.5154	0.003	0.312	0.298	0.294	0.315	0.308	0.297	0.595	0.299	0.304	0.302	0.296	0.311	0.309	1.996	0.616	0.305	0.199	-179416.357
1333	8	10000	9284	0.5139	0.288	0.294	0.305	0.303	0.303	0.309	0.302	0.338	0.300	0.302	0.307	0.296	0.300	0.298	1.993	0.616	0.302	0.201	-179322.962
1334	8	10000	9270	0.5162	0.313	0.286	0.297	0.316	0.291	0.297	0.298	0.293	0.308	0.302	0.288	0.306	0.307	0.286	2.031	0.584	0.303	0.201	-178564.781
1335	8	10000	9365	0.5149	0.281	0.292	0.307	0.299	0.303	0.302	0.312	0.337	0.275	0.303	0.306	0.313	0.304	0.302	2.020	0.622	0.304	0.206	-179471.307
1336	8	10000	9300	0.5157	0.288	0.312	0.304	0.307	0.295	0.294	0.293	0.310	0.308	0.315	0.301	0.315	0.293	0.302	2.003	0.609	0.305	0.200	-179525.346
1337	8	10000	9259	0.5132	0.318	0.304	0.300	0.302	0.306	0.303	0.300	0.251	0.298	0.299	0.298	0.286	0.297	0.294	2.004	0.572	0.278	0.194	-177801.993
1338	8	10000	9282	0.5131	0.286	0.307	0.293	0.296	0.304	0.305	0.299	0.308	0.292	0.301	0.318	0.304	0.310	0.306	2.001	0.606	0.308	0.206	-179604.509
1339	8	10000	9293	0.5162	0.327	0.301	0.306	0.303	0.283	0.288	0.311	0.289	0.312	0.316	0.286	0.298	0.286	0.299	2.007	0.618	0.300	0.203	-178478.555
1340	8	10000	9288	0.5163	0.322	0.276	0.301	0.305	0.307	0.301	0.299	0.280	0.305	0.287	0.297	0.294	0.302	0.299	2.039	0.605	0.300	0.200	-178156.889
1341	8	10000	9240	0.5133	0.286	0.286	0.312	0.314	0.316	0.304	0.294	0.315	0.289	0.297	0.295	0.299	0.311	0.299	2.005	0.568	0.303	0.192	-178895.005
1342	8	10000	9281	0.5143	0.328	0.295	0.308	0.298	0.303	0.293	0.297	0.271	0.303	0.293	0.295	0.284	0.286	0.306	2.030	0.587	0.297	0.195	-177629.055
1343	8	10000	9269	0.5125	0.318	0.295	0.298	0.293	0.302	0.291	0.297	0.264	0.309	0.303	0.307	0.299	0.297	0.306	1.977	0.581	0.302	0.200	-178668.109
1344	8	10000	9255	0.5153	0.328	0.320	0.292	0.308	0.300	0.293	0.297	0.279	0.296	0.305	0.295	0.295	0.299	0.297	1.988	0.602	0.305	0.199	-178685.073
1345	8	10000	9310	0.5125	0.326	0.296	0.302	0.303	0.300	0.295	0.312	0.278	0.308	0.316	0.295	0.296	0.292	0.310	1.989	0.598	0.282	0.204	-179324.320
1346	8	10000	9308	0.5151	0.326	0.301	0.290	0.309	0.287	0.302	0.312	0.280	0.322	0.297	0.300	0.301	0.285	0.309	1.984	0.604	0.307	0.202	-179393.991
1347	8	10000	9291	0.5148	0.303	0.303	0.294	0.297	0.308	0.319	0.292	0.312	0.294	0.304	0.297	0.297	0.292	0.306	1.998	0.586	0.304	0.199	-178936.410
1348	8	10000	9276	0.5140	0.305	0.306	0.303	0.301	0.308	0.316	0.289	0.305	0.292	0.304	0.287	0.302	0.300	0.315	2.010	0.602	0.289	0.198	-178759.984
1349	8	10000	9232	0.5179	0.328	0.288	0.307	0.295	0.307	0.304	0.295	0.275	0.314	0.290	0.293	0.291	0.305	0.290	1.994	0.626	0.312	0.197	-178068.544
1350	8	10000	9272	0.5150	0.301	0.302	0.297	0.300	0.301	0.295	0.303	0.305	0.297	0.296	0.289	0.304	0.307	0.285	2.033	0.610	0.302	0.203	-178268.374
1351	8	10000	9262	0.5099	0.296	0.289	0.300	0.313	0.307	0.295	0.305	0.310	0.292	0.296	0.302	0.306	0.298	0.313	2.006	0.599	0.308	0.199	-179153.935
1352	8	10000	9190	0.5111	0.309	0.283	0.290	0.291	0.288	0.302	0.295	0.277	0.304	0.305	0.298	0.312	0.301	0.302	2.024	0.570	0.301	0.189	-177449.572
1353	8	10000	9271	0.5117	0.328	0.299	0.293	0.300	0.306	0.300	0.316	0.275	0.297	0.306	0.296	0.305	0.299	0.294	2.026	0.612	0.294	0.203	-178527.952
1354	8	10000	9266	0.5137	0.315	0.302	0.297	0.303	0.287	0.290	0.298	0.293	0.297	0.305	0.302	0.302	0.287	0.314	2.024	0.582	0.289	0.199	-178407.640
1355	8	10000	9250	0.5154	0.311	0.298	0.299	0.297	0.287	0.304	0.297	0.299	0.291	0.299	0.303	0.308	0.294	0.299	2.010	0.634	0.291	0.204	-178034.571
1356	8	10000	9294	0.5141	0.273	0.294	0.297	0.310	0.296	0.300	0.301	0.336	0.306	0.288	0.309	0.301	0.283	0.300	2.026	0.621	0.308	0.205	-178318.655
1357	8	10000	9273	0.5129	0.303	0.280	0.299	0.303	0.288	0.313	0.297	0.307	0.295	0.292	0.300	0.319	0.298	0.301	2.031	0.597	0.301	0.198	-178492.739
1358	8	10000	9284	0.5106	0.278	0.312	0.304	0.302	0.303	0.312	0.299	0.324	0.301	0.301	0.307	0.313	0.307	0.320	2.007	0.597	0.310	0.198	-180318.341
1359	8	10000	9304	0.5121	0.272	0.298	0.316	0.307	0.292	0.294	0.299	0.340	0.291	0.300	0.303	0.303	0.305	0.316	2.011	0.605	0.311	0.207	-179913.933
1360	8	10000	9281	0.5100	0.308	0.308	0.304	0.301	0.296	0.308	0.292	0.300	0.314	0.289	0.299	0.306	0.297	0.323	2.039	0.584	0.300	0.194	-178887.343
1361	8	10000	9302	0.5137	0.286	0.310	0.316	0.298	0.287	0.294	0.306	0.302	0.292	0.296	0.308	0.301	0.297	0.300	2.028	0.598	0.297	0.195	-178356.637
1362	8	10000	9186	0.5145	0.306	0.298	0.315	0.299	0.300	0.299	0.291	0.305	0.273	0.298	0.302	0.299	0.293	0.294	2.041	0.598	0.307	0.198	-177727.055
1363	8	10000	9250	0.5125	0.314	0.289	0.300	0.305	0.293	0.294	0.301	0.270	0.313	0.302	0.298	0.290	0.301	0.297	1.991	0.580	0.283	0.203	-178254.106
1364	8	10000	9286	0.5160	0.300	0.307	0.309	0.302	0.292	0.302	0.298	0.292	0.309	0.297	0.311	0.298	0.298	0.307	1.975	0.603	0.301	0.197	-179162.283
1365	8	10000	9291	0.5165	0.319	0.290	0.295	0.301	0.304	0.297	0.300	0.284	0.302	0.302	0.300	0.306	0.311	0.301	1.999	0.629	0.303	0.200	-178682.257
1366	8	10000	9246	0.5138	0.284	0.297	0.299	0.309	0.308	0.303	0.300	0.310	0.302	0.308	0.294	0.296	0.294	0.297	1.984	0.590	0.313	0.196	-178674.029
1367	8	10000	9249	0.5136	0.262	0.298	0.301	0.288	0.304	0.294	0.307	0.330	0.287	0.297	0.292	0.293	0.298	0.292	2.059	0.583	0.282	0.202	-177615.595
1368	8	10000	9257	0.5128	0.274	0.290	0.305	0.315	0.313	0.292	0.301	0.311	0.307	0.301	0.311	0.306	0.306	0.302	1.982	0.585	0.300	0.193	-179398.449
1369	8	10000	9261	0.5106	0.305	0.300	0.288	0.305	0.309	0.304	0.297	0.278	0.300	0.307	0.301	0.299	0.307	0.303	1.984	0.595	0.293	0.194	-178458.775
1370	8	10000	9210	0.5106	0.323	0.281	0.293	0.299	0.304	0.301	0.303	0.294	0.297	0.286	0.298	0.293	0.298	0.293	1.989	0.591	0.296	0.195	-177429.929
1371	8	10000	9305	0.5130	0.294	0.300	0.295	0.309	0.295	0.286	0.299	0.310	0.302	0.298	0.302	0.304	0.305	0.313	1.983	0.628	0.303	0.203	-178879.656
1372	8	10000	9245	0.5134	0.310	0.290	0.304	0.304	0.290	0.290	0.310	0.322	0.288	0.293	0.296	0.306	0.306	0.309	1.986	0.596	0.309	0.198	-179000.332
1373	8	10000	9266	0.5123	0.304	0.292	0.310	0.284	0.293	0.294	0.301	0.328	0.305	0.303	0.303	0.305	0.295	0.293	2.031	0.610	0.305	0.204	-178446.696
1374	8	10000	9251	0.5126	0.336	0.308	0.299	0.309	0.308	0.308	0.299	0.256	0.306	0.296	0.302	0.296	0.304	0.305	2.026	0.598	0.283	0.202	-178902.831
1375	8	10000	9293	0.5118	0.276	0.306	0.301	0.295	0.286	0.293	0.308	0.306	0.291	0.301	0.293	0.288	0.308	0.297	1.981	0.603	0.287	0.197	-177589.228
1376	8	10000	9287	0.5159	0.280	0.302	0.298	0.302	0.296	0.310	0.296	0.318	0.292	0.299	0.302	0.295	0.292	0.296	2.018	0.586	0.293	0.195	-177960.376
1377	8	10000	9293	0.5169	0.277	0.301	0.309	0.295	0.298	0.297	0.304	0.315	0.301	0.304	0.296	0.292	0.295	0.300	1.969	0.608	0.295	0.200	-178572.829
1378	8	10000	9257	0.5164	0.285	0.307	0.311	0.300	0.297	0.306	0.306	0.333	0.302	0.300	0.290	0.295	0.304	0.300	2.038	0.596	0.307	0.190	-178751.447
1379	8	10000	9290	0.5104	0.329	0.299	0.305	0.296	0.296	0.296	0.301	0.281	0.306	0.298	0.301	0.314	0.296	0.299	2.009	0.587	0.283	0.201	-178847.725
1380	8	10000	9300	0.5155	0.317	0.301	0.303	0.308	0.318	0.304	0.289	0.271	0.307	0.291	0.306	0.296	0.290	0.311	1.982	0.598	0.294	0.196	-178764.054
1381	8	10000	9248	0.5131	0.290	0.303	0.300	0.294	0.299	0.302	0.297	0.328	0.283	0.298	0.299	0.318	0.299	0.306	1.985	0.602	0.300	0.198	-178708.610
1382	8	10000	9231	0.5122	0.262	0.302	0.295	0.294	0.292	0.298	0.297	0.340	0.306	0.306	0.283	0.300	0.306	0.303	1.999	0.624	0.298	0.197	-177976.810
1383	8	10000	9303	0.5155	0.289	0.300	0.307	0.291	0.310	0.300	0.311	0.289	0.302	0.300	0.293	0.312	0.298	0.297	1.967	0.574	0.279	0.200	-178758.240
1384	8	10000	9280	0.5138	0.278	0.316	0.307	0.288	0.294	0.283	0.307	0.331	0.298	0.302	0.290	0.293	0.308	0.290	1.971	0.610	0.312	0.204	-178657.042
1385	8	10000	9289	0.5105	0.296	0.313	0.283	0.292	0.287	0.306	0.297	0.312	0.295	0.294	0.296	0.297	0.298	0.299	1.955	0.589	0.287	0.206	-178186.717
1386	8	10000	9294	0.5158	0.291	0.286	0.306	0.298	0.310	0.300	0.302	0.297	0.309	0.291	0.306	0.290	0.296	0.288	1.914	0.586	0.283	0.202	-178678.009
1387	8	10000	9308	0.5133	0.273	0.301	0.294	0.288	0.286	0.295	0.296	0.320	0.310	0.299	0.303	0.284	0.299	0.307	1.964	0.615	0.296	0.204	-177980.404
1388	8	10000	9345	0.5125	0.316	0.312	0.293	0.316	0.313	0.299	0.308	0.257	0.310	0.317	0.304	0.307	0.304	0.299	2.009	0.564	0.292	0.193	-179571.138
1389	8	10000	9272	0.5133	0.336	0.293	0.293	0.288	0.301	0.300	0.305	0.266	0.281	0.303	0.293	0.307	0.302	0.296	1.953	0.597	0.297	0.203	-178105.000
1390	8	10000	9281	0.5128	0.295	0.292	0.301	0.298	0.310	0.296	0.294	0.312	0.297	0.301	0.302	0.296	0.299	0.299	2.037	0.599	0.305	0.201	-178438.548
1391	8	10000	9271	0.5136	0.347	0.282	0.298	0.302	0.313	0.291	0.297	0.254	0.316	0.287	0.304	0.289	0.296	0.307	2.042	0.609	0.296	0.206	-178306.648
1392	8	10000	9240	0.5153	0.320	0.286	0.291	0.305	0.300	0.290	0.304	0.268	0.304	0.312	0.292	0.294	0.300	0.296	2.020	0.585	0.291	0.199	-178128.607
1393	8	10000	9289	0.5136	0.335	0.290	0.303	0.299	0.310	0.312	0.309	0.271	0.305	0.297	0.298	0.312	0.306	0.299	1.979	0.609	0.288	0.203	-179413.358
1394	8	10000	9238	0.5111	0.323	0.302	0.299	0.296	0.288	0.297	0.307	0.268	0.300	0.311	0.302	0.290	0.308	0.303	1.976	0.590	0.302	0.198	-178841.506
1395	8	10000	9233	0.5130	0.309	0.305	0.297	0.308	0.295	0.294	0.306	0.281	0.283	0.289	0.297	0.307	0.301	0.292	2.004	0.598	0.291	0.199	-177926.454
1396	8	10000	9245	0.5171	0.316	0.319	0.311	0.293	0.296	0.287	0.302	0.272	0.288	0.303	0.303	0.303	0.296	0.300	1.976	0.653	0.308	0.205	-178424.578
1397	8	10000	9258	0.5112	0.309	0.296	0.302	0.300	0.298	0.301	0.303	0.290	0.301	0.317	0.297	0.292	0.298	0.290	1.982	0.612	0.300	0.202	-178420.981
1398	8	10000	9225	0.5103	0.293	0.301	0.304	0.286	0.306	0.290	0.292	0.315	0.308	0.289	0.292	0.318	0.296	0.291	1.983	0.599	0.308	0.198	-178015.205
1399	8	10000	9301	0.5150	0.316	0.290	0.318	0.295	0.296	0.300	0.306	0.309	0.302	0.314	0.291	0.293	0.314	0.291	2.016	0.596	0.274	0.198	-178610.420
1400	8	10000	9269	0.5096	0.278	0.294	0.303	0.294	0.297	0.307	0.290	0.330	0.296	0.295	0.308	0.298	0.317	0.282	2.007	0.614	0.298	0.196	-177836.914
1401	8	10000	9250	0.5136	0.309	0.319	0.295	0.308	0.281	0.312	0.294	0.288	0.300	0.295	0.299	0.305	0.292	0.299	1.973	0.589	0.297	0.192	-178228.330
1402	8	10000	9234	0.5112	0.323	0.291	0.302	0.304	0.308	0.302	0.292	0.283	0.286	0.298	0.296	0.296	0.299	0.300	1.984	0.577	0.291	0.193	-177914.800
1403	8	10000	9239	0.5121	0.259	0.300	0.294	0.297	0.299	0.317	0.292	0.311	0.292	0.296	0.290	0.294	0.301	0.292	2.029	0.603	0.301	0.200	-177328.615
1404	8	10000	9270	0.5140	0.311	0.292	0.299	0.290	0.286	0.297	0.304	0.303	0.300	0.292	0.304	0.294	0.302	0.300	2.013	0.604	0.290	0.202	-177871.605
1405	8	10000	9235	0.5137	0.316	0.293	0.299	0.305	0.308	0.290	0.300	0.297	0.299	0.302	0.311	0.299	0.303	0.314	1.981	0.611	0.313	0.202	-179290.403
1406	8	10000	9278	0.5132	0.299	0.305	0.307	0.307	0.298	0.306	0.297	0.301	0.305	0.295	0.297	0.305	0.308	0.302	2.028	0.617	0.303	0.204	-179160.412
1407	8	10000	9256	0.5134	0.288	0.311	0.298	0.311	0.316	0.298	0.298	0.300	0.295	0.297	0.302	0.303	0.306	0.293	1.975	0.594	0.310	0.204	-179384.050
1408	8	10000	9268	0.5149	0.321	0.300	0.299	0.305	0.291	0.292	0.304	0.304	0.283	0.299	0.308	0.288	0.312	0.303	1.993	0.621	0.304	0.201	-178559.117
1409	8	10000	9293	0.5129	0.313	0.311	0.311	0.296	0.292	0.293	0.305	0.280	0.301	0.298	0.301	0.291	0.298	0.293	1.992	0.605	0.310	0.203	-178818.763
1410	8	10000	9224	0.5157	0.288	0.301	0.298	0.296	0.311	0.297	0.299	0.283	0.287	0.292	0.296	0.310	0.296	0.299	2.037	0.582	0.284	0.197	-177667.913
1411	8	10000	9309	0.5151	0.310	0.315	0.304	0.305	0.305	0.297	0.305	0.310	0.290	0.299	0.295	0.309	0.307	0.304	1.979	0.614	0.308	0.201	-179648.878
1412	8	10000	9269	0.5157	0.321	0.303	0.306	0.303	0.294	0.302	0.297	0.283	0.298	0.312	0.303	0.282	0.295	0.285	2.003	0.601	0.302	0.197	-178425.038
1413	8	10000	9300	0.5150	0.270	0.309	0.317	0.304	0.304	0.308	0.301	0.337	0.299	0.303	0.301	0.310	0.306	0.299	2.010	0.592	0.301	0.195	-179655.219
1414	8	10000	9254	0.5137	0.332	0.313	0.282	0.303	0.302	0.298	0.294	0.258	0.292	0.293	0.305	0.297	0.302	0.278	1.977	0.596	0.288	0.204	-177852.085
1415	8	10000	9294	0.5133	0.300	0.289	0.294	0.294	0.302	0.292	0.297	0.307	0.303	0.285	0.298	0.297	0.301	0.302	1.978	0.642	0.326	0.214	-178389.909
1416	8	10000	9277	0.5152	0.270	0.293	0.300	0.306	0.304	0.295	0.292	0.333	0.291	0.301	0.292	0.310	0.298	0.301	1.977	0.614	0.308	0.204	-178673.968
1417	8	10000	9294	0.5160	0.296	0.299	0.301	0.314	0.312	0.299	0.298	0.335	0.298	0.293	0.305	0.312	0.301	0.299	1.975	0.599	0.309	0.196	-179680.105
1418	8	10000	9246	0.5130	0.272	0.286	0.300	0.290	0.323	0.287	0.292	0.335	0.297	0.302	0.310	0.315	0.295	0.301	2.030	0.605	0.305	0.197	-178205.503
1419	8	10000	9268	0.5122	0.284	0.306	0.304	0.297	0.306	0.297	0.316	0.328	0.307	0.295	0.313	0.297	0.298	0.294	1.972	0.613	0.301	0.201	-179238.127
1420	8	10000	9277	0.5100	0.303	0.307	0.312	0.301	0.304	0.297	0.286	0.297	0.300	0.298	0.306	0.298	0.299	0.310	2.045	0.587	0.304	0.198	-178899.124
1421	8	10000	9270	0.5122	0.296	0.306	0.298	0.309	0.292	0.300	0.300	0.322	0.295	0.309	0.300	0.320	0.303	0.296	2.031	0.604	0.314	0.200	-179447.968
1422	8	10000	9332	0.5146	0.293	0.306	0.311	0.301	0.292	0.300	0.302	0.332	0.309	0.288	0.298	0.297	0.295	0.309	1.976	0.618	0.294	0.206	-179365.763
1423	8	10000	9232	0.5091	0.316	0.290	0.293	0.304	0.294	0.295	0.296	0.283	0.308	0.302	0.304	0.284	0.291	0.308	2.014	0.597	0.309	0.192	-177617.088
1424	8	10000	9265	0.5119	0.310	0.297	0.294	0.301	0.290	0.298	0.301	0.294	0.281	0.296	0.303	0.307	0.303	0.297	2.037	0.634	0.317	0.204	-178165.658
1425	8	10000	9261	0.5147	0.306	0.288	0.285	0.307	0.305	0.297	0.292	0.301	0.295	0.294	0.298	0.294	0.302	0.297	2.007	0.628	0.296	0.206	-177817.799
1426	8	10000	9290	0.5115	0.283	0.293	0.303	0.307	0.295	0.307	0.297	0.327	0.307	0.303	0.313	0.301	0.298	0.303	1.999	0.610	0.320	0.198	-179313.843
1427	8	10000	9204	0.5152	0.291	0.302	0.298	0.286	0.301	0.290	0.298	0.294	0.281	0.278	0.312	0.294	0.298	0.281	2.010	0.615	0.286	0.200	-176640.725
1428	8	10000	9246	0.5129	0.308	0.302	0.299	0.301	0.308	0.287	0.289	0.314	0.294	0.288	0.295	0.288	0.300	0.306	1.979	0.596	0.311	0.201	-178485.132
1429	8	10000	9273	0.5153	0.259	0.314	0.297	0.295	0.307	0.297	0.298	0.349	0.315	0.298	0.291	0.295	0.306	0.288	1.986	0.602	0.298	0.200	-178780.366
1430	8	10000	9263	0.5129	0.275	0.319	0.306	0.302	0.297	0.298	0.298	0.317	0.294	0.301	0.303	0.315	0.292	0.305	1.954	0.601	0.314	0.198	-179374.872
1431	8	10000	9276	0.5155	0.322	0.287	0.291	0.299	0.295	0.304	0.303	0.274	0.299	0.291	0.306	0.300	0.289	0.304	1.986	0.603	0.284	0.204	-177931.096
1432	8	10000	9254	0.5156	0.312	0.300	0.314	0.298	0.299	0.310	0.296	0.290	0.317	0.306	0.317	0.292	0.299	0.297	2.005	0.594	0.312	0.195	-179355.762
1433	8	10000	9258	0.5127	0.300	0.276	0.310	0.302	0.295	0.305	0.303	0.318	0.295	0.303	0.304	0.286	0.304	0.297	2.043	0.588	0.306	0.197	-178517.426
1434	8	10000	9289	0.5131	0.322	0.317	0.304	0.299	0.305	0.301	0.301	0.289	0.309	0.298	0.295	0.297	0.300	0.298	1.982	0.602	0.300	0.202	-179296.859
1435	8	10000	9274	0.5144	0.319	0.304	0.316	0.296	0.300	0.295	0.310	0.279	0.294	0.313	0.299	0.308	0.298	0.292	2.001	0.587	0.297	0.196	-179134.733
1436	8	10000	9255	0.5150	0.323	0.309	0.297	0.300	0.300	0.301	0.300	0.257	0.285	0.289	0.290	0.303	0.301	0.298	1.976	0.629	0.314	0.204	-178022.865
1437	8	10000	9257	0.5162	0.305	0.305	0.290	0.293	0.294	0.307	0.296	0.286	0.291	0.302	0.291	0.299	0.293	0.303	1.965	0.615	0.288	0.201	-177788.755
1438	8	10000	9312	0.5157	0.270	0.307	0.303	0.308	0.306	0.299	0.289	0.328	0.314	0.296	0.305	0.296	0.297	0.292	1.964	0.609	0.310	0.201	-178884.415
1439	8	10000	9278	0.5148	0.295	0.307	0.303	0.306	0.308	0.298	0.294	0.287	0.306	0.306	0.287	0.309	0.290	0.302	1.996	0.591	0.299	0.195	-178592.459
1440	8	10000	9255	0.5098	0.331	0.307	0.291	0.316	0.311	0.301	0.292	0.271	0.302	0.300	0.312	0.295	0.292	0.293	2.026	0.582	0.295	0.196	-178751.811
1441	8	10000	9313	0.5175	0.270	0.290	0.299	0.301	0.316	0.301	0.292	0.342	0.291	0.296	0.300	0.306	0.293	0.284	2.011	0.582	0.294	0.204	-178589.928
1442	8	10000	9345	0.5126	0.334	0.302	0.298	0.307	0.302	0.307	0.307	0.281	0.309	0.314	0.297	0.303	0.295	0.295	1.998	0.596	0.291	0.206	-179850.254
1443	8	10000	9284	0.5123	0.305	0.305	0.302	0.306	0.305	0.301	0.296	0.308	0.294	0.297	0.300	0.295	0.298	0.304	2.030	0.588	0.283	0.201	-178673.146
1444	8	10000	9302	0.5172	0.302	0.300	0.305	0.301	0.284	0.300	0.302	0.272	0.298	0.316	0.292	0.306	0.296	0.307	2.045	0.586	0.287	0.202	-178732.580
1445	8	10000	9304	0.5180	0.279	0.284	0.306	0.312	0.303	0.297	0.303	0.335	0.310	0.293	0.305	0.295	0.308	0.302	2.005	0.612	0.316	0.209	-179990.372
1446	8	10000	9317	0.5162	0.317	0.299	0.307	0.303	0.294	0.302	0.316	0.288	0.315	0.297	0.305	0.285	0.297	0.294	1.998	0.625	0.311	0.203	-179175.451
1447	8	10000	9244	0.5153	0.309	0.299	0.295	0.303	0.289	0.291	0.314	0.275	0.307	0.303	0.311	0.294	0.295	0.315	2.016	0.592	0.304	0.200	-178996.750
1448	8	10000	9266	0.5158	0.275	0.301	0.289	0.303	0.316	0.281	0.307	0.309	0.304	0.295	0.303	0.309	0.301	0.300	2.011	0.584	0.300	0.197	-178490.921
1449	8	10000	9276	0.5134	0.277	0.294	0.301	0.299	0.299	0.297	0.287	0.342	0.296	0.302	0.308	0.297	0.298	0.287	2.013	0.602	0.292	0.202	-178036.547
1450	8	10000	9294	0.5133	0.288	0.294	0.301	0.294	0.307	0.294	0.304	0.312	0.290	0.298	0.297	0.308	0.301	0.304	1.984	0.610	0.289	0.198	-178255.880
1451	8	10000	9289	0.5154	0.282	0.297	0.309	0.296	0.306	0.306	0.301	0.313	0.287	0.295	0.297	0.318	0.309	0.306	2.011	0.591	0.291	0.200	-179153.101
1452	8	10000	9313	0.5158	0.303	0.283	0.310	0.303	0.298	0.298	0.306	0.339	0.298	0.307	0.298	0.294	0.294	0.298	1.981	0.623	0.303	0.204	-178994.591
1453	8	10000	9299	0.5141	0.295	0.305	0.298	0.300	0.305	0.292	0.317	0.300	0.295	0.310	0.301	0.298	0.308	0.290	2.073	0.612	0.293	0.201	-178577.319
1454	8	10000	9283	0.5189	0.326	0.305	0.301	0.303	0.311	0.307	0.306	0.257	0.284	0.310	0.293	0.302	0.309	0.290	2.030	0.597	0.305	0.200	-178935.845
1455	8	10000	9302	0.5152	0.324	0.307	0.304	0.308	0.291	0.315	0.295	0.285	0.286	0.303	0.300	0.304	0.299	0.298	2.011	0.611	0.299	0.197	-178781.808
1456	8	10000	9255	0.5101	0.259	0.304	0.306	0.298	0.297	0.307	0.284	0.331	0.318	0.290	0.300	0.288	0.308	0.305	1.991	0.607	0.305	0.201	-178642.771
1457	8	10000	9244	0.5133	0.305	0.299	0.306	0.294	0.290	0.297	0.295	0.312	0.305	0.306	0.302	0.304	0.290	0.297	1.971	0.621	0.310	0.202	-178780.833
1458	8	10000	9237	0.5122	0.336	0.300	0.310	0.295	0.306	0.300	0.286	0.283	0.306	0.302	0.291	0.293	0.299	0.295	1.957	0.596	0.297	0.200	-178548.954
1459	8	10000	9290	0.5135	0.326	0.282	0.300	0.297	0.300	0.306	0.298	0.280	0.297	0.286	0.298	0.309	0.297	0.297	1.988	0.615	0.301	0.208	-178291.654
1460	8	10000	9247	0.5111	0.318	0.310	0.298	0.295	0.292	0.301	0.290	0.277	0.313	0.297	0.306	0.299	0.304	0.304	1.982	0.594	0.297	0.198	-178527.299
1461	8	10000	9227	0.5122	0.273	0.311	0.302	0.287	0.300	0.283	0.302	0.318	0.299	0.299	0.303	0.298	0.285	0.292	1.962	0.593	0.299	0.197	-177883.768
1462	8	10000	9315	0.5188	0.328	0.307	0.292	0.292	0.303	0.304	0.309	0.278	0.297	0.289	0.310	0.288	0.310	0.296	2.023	0.599	0.304	0.198	-178754.759
1463	8	10000	9269	0.5122	0.301	0.298	0.299	0.289	0.292	0.311	0.291	0.288	0.301	0.297	0.297	0.307	0.300	0.299	1.992	0.605	0.305	0.199	-178141.857
1464	8	10000	9262	0.5142	0.267	0.308	0.301	0.298	0.307	0.293	0.300	0.342	0.311	0.322	0.305	0.306	0.317	0.309	2.020	0.612	0.323	0.200	-180209.727
1465	8	10000	9283	0.5141	0.281	0.311	0.296	0.313	0.296	0.303	0.296	0.304	0.298	0.305	0.293	0.305	0.294	0.301	1.985	0.609	0.299	0.201	-178593.198
1466	8	10000	9274	0.5160	0.273	0.295	0.300	0.294	0.293	0.301	0.290	0.334	0.282	0.285	0.304	0.297	0.312	0.294	2.002	0.631	0.290	0.210	-177933.616
1467	8	10000	9254	0.5128	0.269	0.302	0.290	0.294	0.298	0.293	0.301	0.324	0.295	0.297	0.304	0.290	0.299	0.300	2.008	0.594	0.299	0.193	-177651.049
1468	8	10000	9359	0.5126	0.294	0.292	0.303	0.311	0.317	0.302	0.293	0.317	0.289	0.301	0.307	0.317	0.300	0.301	1.996	0.585	0.290	0.206	-179804.428
1469	8	10000	9296	0.5186	0.307	0.292	0.296	0.296	0.309	0.290	0.292	0.278	0.292	0.299	0.288	0.307	0.302	0.301	2.036	0.584	0.302	0.206	-178113.158
1470	8	10000	9267	0.5092	0.318	0.299	0.298	0.293	0.302	0.308	0.299	0.269	0.306	0.298	0.288	0.291	0.301	0.287	1.993	0.576	0.284	0.199	-177963.160
1471	8	10000	9285	0.5157	0.316	0.305	0.300	0.303	0.294	0.295	0.306	0.308	0.300	0.296	0.290	0.307	0.307	0.290	2.009	0.609	0.306	0.203	-178731.462
1472	8	10000	9242	0.5124	0.295	0.312	0.288	0.294	0.296	0.302	0.314	0.294	0.317	0.305	0.305	0.303	0.307	0.292	2.023	0.619	0.307	0.200	-178725.228
1473	8	10000	9273	0.5111	0.271	0.307	0.295	0.302	0.305	0.298	0.300	0.321	0.306	0.308	0.282	0.296	0.293	0.302	1.972	0.592	0.287	0.201	-178509.093
1474	8	10000	9273	0.5169	0.269	0.295	0.289	0.311	0.284	0.305	0.306	0.317	0.317	0.307	0.294	0.300	0.315	0.300	1.974	0.597	0.309	0.201	-179272.883
1475	8	10000	9304	0.5130	0.297	0.295	0.307	0.307	0.285	0.291	0.308	0.320	0.303	0.284	0.322	0.310	0.297	0.287	1.992	0.615	0.305	0.201	-178950.906
1476	8	10000	9293	0.5106	0.307	0.305	0.308	0.302	0.301	0.303	0.301	0.279	0.303	0.302	0.302	0.300	0.294	0.302	2.031	0.581	0.295	0.196	-178576.486
1477	8	10000	9279	0.5115	0.300	0.299	0.308	0.305	0.320	0.289	0.299	0.295	0.305	0.294	0.302	0.303	0.304	0.300	1.996	0.574	0.296	0.201	-179215.436
1478	8	10000	9295	0.5152	0.295	0.304	0.303	0.314	0.300	0.304	0.299	0.315	0.329	0.302	0.297	0.287	0.301	0.302	1.946	0.612	0.301	0.198	-179620.616
1479	8	10000	9243	0.5123	0.334	0.302	0.301	0.310	0.301	0.304	0.306	0.262	0.301	0.304	0.307	0.290	0.310	0.296	2.017	0.589	0.307	0.194	-179061.033
1480	8	10000	9282	0.5130	0.281	0.314	0.308	0.293	0.292	0.304	0.290	0.325	0.291	0.321	0.297	0.323	0.300	0.302	1.985	0.556	0.288	0.190	-179411.831
1481	8	10000	9232	0.5152	0.293	0.297	0.298	0.295	0.308	0.298	0.302	0.305	0.296	0.288	0.299	0.306	0.296	0.291	1.994	0.614	0.310	0.202	-177889.488
1482	8	10000	9230	0.5155	0.310	0.292	0.297	0.293	0.300	0.298	0.315	0.266	0.300	0.311	0.294	0.295	0.299	0.300	2.035	0.612	0.308	0.199	-178030.300
1483	8	10000	9300	0.5129	0.308	0.289	0.301	0.308	0.302	0.304	0.304	0.286	0.305	0.299	0.299	0.307	0.301	0.295	1.970	0.576	0.295	0.199	-179042.893
1484	8	10000	9306	0.5115	0.290	0.299	0.306	0.294	0.285	0.293	0.303	0.304	0.304	0.301	0.293	0.275	0.299	0.304	1.997	0.616	0.282	0.205	-177693.416
1485	8	10000	9287	0.5146	0.323	0.297	0.311	0.297	0.300	0.301	0.288	0.271	0.299	0.294	0.306	0.299	0.298	0.294	2.015	0.572	0.292	0.205	-178738.559
1486	8	10000	9303	0.5155	0.295	0.299	0.298	0.294	0.292	0.310	0.301	0.299	0.292	0.299	0.317	0.295	0.310	0.297	1.995	0.606	0.309	0.203	-179023.258
1487	8	10000	9252	0.5103	0.289	0.306	0.299	0.304	0.309	0.303	0.306	0.303	0.294	0.305	0.297	0.299	0.305	0.285	1.992	0.588	0.297	0.194	-178507.451
1488	8	10000	9277	0.5110	0.284	0.295	0.291	0.314	0.297	0.294	0.300	0.309	0.280	0.285	0.299	0.294	0.295	0.294	2.011	0.602	0.290	0.204	-177655.290
1489	8	10000	9295	0.5136	0.265	0.307	0.305	0.304	0.295	0.301	0.298	0.324	0.288	0.302	0.308	0.321	0.301	0.305	1.981	0.590	0.292	0.199	-179202.338
1490	8	10000	9238	0.5180	0.251	0.313	0.310	0.302	0.295	0.302	0.299	0.346	0.299	0.291	0.306	0.313	0.301	0.302	2.037	0.566	0.307	0.195	-179462.341
1491	8	10000	9297	0.5146	0.273	0.296	0.296	0.296	0.321	0.310	0.306	0.326	0.315	0.308	0.297	0.295	0.295	0.309	1.993	0.595	0.299	0.199	-179359.243
1492	8	10000	9288	0.5165	0.317	0.292	0.294	0.314	0.280	0.303	0.304	0.299	0.305	0.296	0.303	0.292	0.295	0.301	1.994	0.575	0.305	0.197	-178917.068
1493	8	10000	9251	0.5141	0.303	0.295	0.299	0.299	0.298	0.298	0.298	0.274	0.312	0.302	0.297	0.299	0.296	0.305	1.934	0.595	0.297	0.200	-178641.377
1494	8	10000	9318	0.5174	0.294	0.293	0.297	0.314	0.313	0.298	0.292	0.299	0.315	0.283	0.288	0.308	0.299	0.302	1.998	0.596	0.305	0.200	-178570.994
1495	8	10000	9294	0.5138	0.330	0.302	0.301	0.296	0.310	0.289	0.306	0.285	0.289	0.306	0.302	0.299	0.292	0.307	2.028	0.602	0.302	0.200	-178743.512
1496	8	10000	9287	0.5126	0.321	0.296	0.305	0.295	0.308	0.295	0.302	0.263	0.293	0.301	0.293	0.313	0.303	0.300	1.984	0.596	0.303	0.197	-178477.282
1497	8	10000	9234	0.5109	0.348	0.306	0.309	0.280	0.297	0.283	0.307	0.244	0.298	0.292	0.302	0.316	0.302	0.295	1.990	0.619	0.308	0.202	-178082.618
1498	8	10000	9311	0.5128	0.296	0.305	0.297	0.299	0.292	0.297	0.294	0.306	0.311	0.300	0.298	0.306	0.292	0.310	2.015	0.575	0.291	0.203	-178997.186
1499	8	10000	9292	0.5146	0.260	0.306	0.289	0.298	0.299	0.291	0.310	0.324	0.306	0.300	0.298	0.300	0.288	0.300	1.994	0.580	0.289	0.197	-178190.339
1500	8	10000	9218	0.5149	0.304	0.305	0.295	0.302	0.290	0.297	0.302	0.285	0.294	0.295	0.289	0.290	0.300	0.300	1.970	0.581	0.297	0.198	-177918.039
1501	8	10000	9282	0.5123	0.308	0.301	0.287	0.305	0.306	0.300	0.298	0.276	0.290	0.313	0.301	0.308	0.300	0.296	1.981	0.608	0.293	0.200	-178400.431
1502	8	10000	9280	0.5139	0.281	0.297	0.292	0.315	0.307	0.303	0.300	0.323	0.284	0.294	0.303	0.287	0.300	0.305	1.955	0.579	0.296	0.196	-178622.727
1503	8	10000	9274	0.5117	0.327	0.305	0.305	0.293	0.301	0.290	0.305	0.275	0.290	0.293	0.306	0.298	0.308	0.290	2.014	0.588	0.288	0.199	-178212.145
1504	8	10000	9317	0.5174	0.295	0.315	0.296	0.305	0.293	0.300	0.307	0.295	0.302	0.296	0.303	0.298	0.307	0.314	2.074	0.590	0.299	0.204	-179346.282
1505	8	10000	9237	0.5136	0.307	0.293	0.300	0.302	0.300	0.295	0.304	0.281	0.311	0.312	0.285	0.303	0.295	0.301	2.034	0.591	0.310	0.197	-178423.988
1506	8	10000	9236	0.5121	0.338	0.288	0.293	0.302	0.297	0.308	0.292	0.275	0.300	0.294	0.313	0.295	0.302	0.309	2.077	0.590	0.307	0.195	-178243.771
1507	8	10000	9296	0.5134	0.338	0.310	0.319	0.306	0.297	0.314	0.300	0.284	0.310	0.304	0.300	0.304	0.302	0.311	2.000	0.610	0.314	0.200	-180430.393
1508	8	10000	9263	0.5138	0.294	0.296	0.298	0.305	0.310	0.298	0.310	0.299	0.299	0.295	0.298	0.307	0.300	0.304	2.026	0.607	0.302	0.198	-178547.416
1509	8	10000	9277	0.5118	0.279	0.303	0.288	0.305	0.296	0.297	0.304	0.323	0.306	0.292	0.306	0.292	0.296	0.301	1.982	0.593	0.299	0.197	-178303.591
1510	8	10000	9260	0.5138	0.305	0.294	0.300	0.302	0.312	0.304	0.308	0.287	0.302	0.292	0.300	0.294	0.303	0.308	1.980	0.599	0.296	0.199	-178961.081
1511	8	10000	9278	0.5153	0.323	0.313	0.290	0.310	0.291	0.299	0.289	0.283	0.303	0.302	0.302	0.305	0.303	0.293	1.976	0.612	0.303	0.201	-178771.785
1512	8	10000	9229	0.5108	0.290	0.294	0.299	0.297	0.311	0.291	0.308	0.307	0.295	0.311	0.314	0.291	0.302	0.303	1.996	0.585	0.296	0.193	-178659.965
1513	8	10000	9269	0.5189	0.312	0.304	0.311	0.292	0.300	0.303	0.281	0.276	0.307	0.300	0.310	0.299	0.302	0.305	1.976	0.603	0.291	0.201	-178783.284
1514	8	10000	9258	0.5156	0.331	0.315	0.284	0.295	0.302	0.292	0.308	0.253	0.304	0.292	0.291	0.299	0.296	0.303	2.004	0.590	0.291	0.197	-177760.178
1515	8	10000	9261	0.5104	0.262	0.285	0.290	0.306	0.304	0.287	0.293	0.335	0.309	0.311	0.293	0.296	0.295	0.283	2.015	0.613	0.298	0.201	-177282.928
1516	8	10000	9264	0.5110	0.288	0.308	0.305	0.299	0.301	0.312	0.291	0.319	0.291	0.292	0.297	0.319	0.300	0.300	2.017	0.606	0.310	0.198	-178630.302
1517	8	10000	9282	0.5104	0.293	0.307	0.305	0.313	0.300	0.310	0.297	0.302	0.300	0.307	0.309	0.302	0.303	0.295	2.013	0.576	0.295	0.192	-179450.611
1518	8	10000	9311	0.5127	0.315	0.301	0.291	0.312	0.307	0.311	0.292	0.276	0.308	0.312	0.301	0.298	0.309	0.295	2.003	0.601	0.291	0.207	-179349.245
1519	8	10000	9283	0.5088	0.311	0.295	0.292	0.312	0.302	0.296	0.292	0.287	0.303	0.307	0.303	0.309	0.299	0.299	1.999	0.581	0.301	0.195	-178671.275
1520	8	10000	9316	0.5154	0.302	0.310	0.300	0.306	0.300	0.312	0.311	0.307	0.304	0.297	0.304	0.316	0.287	0.306	2.017	0.609	0.308	0.199	-179501.541
1521	8	10000	9300	0.5138	0.296	0.303	0.299	0.304	0.293	0.299	0.285	0.298	0.300	0.302	0.296	0.306	0.296	0.309	1.995	0.598	0.298	0.204	-178584.095
1522	8	10000	9307	0.5156	0.293	0.287	0.298	0.312	0.299	0.300	0.293	0.313	0.301	0.320	0.300	0.310	0.298	0.294	1.998	0.579	0.298	0.193	-179070.661
1523	8	10000	9310	0.5129	0.329	0.308	0.295	0.295	0.312	0.297	0.308	0.269	0.297	0.301	0.312	0.307	0.288	0.314	1.969	0.612	0.305	0.205	-179548.487
1524	8	10000	9310	0.5115	0.309	0.311	0.295	0.302	0.311	0.305	0.303	0.290	0.296	0.295	0.284	0.306	0.301	0.297	2.002	0.604	0.295	0.211	-179145.751
1525	8	10000	9323	0.5134	0.318	0.285	0.313	0.302	0.296	0.304	0.295	0.280	0.317	0.301	0.294	0.282	0.309	0.309	1.962	0.599	0.292	0.203	-178953.249
1526	8	10000	9272	0.5105	0.322	0.304	0.289	0.299	0.297	0.294	0.294	0.284	0.302	0.302	0.288	0.300	0.298	0.292	2.020	0.595	0.298	0.202	-177742.892
1527	8	10000	9238	0.5145	0.279	0.291	0.298	0.295	0.299	0.305	0.304	0.313	0.295	0.305	0.302	0.298	0.302	0.294	1.964	0.600	0.307	0.195	-178347.937
1528	8	10000	9316	0.5091	0.284	0.313	0.303	0.315	0.309	0.297	0.310	0.310	0.300	0.301	0.294	0.308	0.308	0.308	1.995	0.592	0.302	0.201	-179861.897
1529	8	10000	9217	0.5116	0.292	0.303	0.299	0.307	0.312	0.293	0.298	0.298	0.312	0.303	0.301	0.293	0.316	0.291	1.970	0.565	0.309	0.194	-179332.490
1530	8	10000	9217	0.5152	0.322	0.302	0.305	0.288	0.309	0.301	0.291	0.291	0.302	0.306	0.301	0.300	0.287	0.303	2.004	0.589	0.288	0.192	-178055.520
1531	8	10000	9322	0.5151	0.334	0.297	0.296	0.315	0.312	0.301	0.295	0.270	0.308	0.294	0.306	0.307	0.287	0.302	1.984	0.584	0.289	0.199	-178991.652
1532	8	10000	9280	0.5149	0.313	0.313	0.285	0.305	0.292	0.289	0.315	0.291	0.299	0.284	0.298	0.304	0.296	0.295	1.959	0.618	0.295	0.202	-178252.375
1533	8	10000	9252	0.5149	0.271	0.303	0.294	0.296	0.304	0.306	0.296	0.329	0.298	0.310	0.293	0.308	0.304	0.294	1.955	0.618	0.305	0.200	-178678.974
1534	8	10000	9295	0.5098	0.272	0.291	0.301	0.301	0.299	0.306	0.291	0.351	0.308	0.293	0.297	0.304	0.296	0.287	1.995	0.619	0.306	0.203	-178235.114
1535	8	10000	9270	0.5146	0.291	0.294	0.286	0.303	0.307	0.299	0.302	0.311	0.293	0.303	0.312	0.294	0.297	0.296	1.964	0.604	0.296	0.201	-178642.822
1536	8	10000	9319	0.5132	0.288	0.300	0.295	0.287	0.295	0.300	0.299	0.310	0.305	0.306	0.306	0.310	0.297	0.302	1.988	0.616	0.305	0.202	-178676.068
1537	8	10000	9284	0.5090	0.312	0.304	0.303	0.287	0.290	0.304	0.300	0.293	0.320	0.303	0.296	0.285	0.297	0.313	2.022	0.587	0.294	0.206	-179000.061
1538	8	10000	9345	0.5168	0.284	0.304	0.300	0.304	0.313	0.303	0.297	0.329	0.312	0.302	0.305	0.316	0.302	0.307	1.969	0.578	0.302	0.197	-180287.923
1539	8	10000	9285	0.5091	0.263	0.326	0.293	0.304	0.305	0.308	0.300	0.340	0.313	0.302	0.314	0.319	0.305	0.306	1.987	0.562	0.316	0.191	-180468.587
1540	8	10000	9248	0.5123	0.266	0.305	0.296	0.293	0.306	0.304	0.315	0.315	0.311	0.308	0.295	0.305	0.321	0.294	1.981	0.573	0.291	0.192	-179096.291
1541	8	10000	9256	0.5155	0.351	0.296	0.296	0.299	0.283	0.298	0.307	0.281	0.291	0.312	0.309	0.290	0.299	0.297	2.020	0.609	0.306	0.200	-178530.796
1542	8	10000	9260	0.5114	0.322	0.307	0.301	0.298	0.299	0.296	0.310	0.280	0.297	0.301	0.307	0.309	0.306	0.307	2.042	0.616	0.318	0.200	-179316.762
1543	8	10000	9269	0.5115	0.322	0.301	0.286	0.297	0.310	0.293	0.291	0.270	0.311	0.309	0.301	0.289	0.291	0.298	2.009	0.577	0.282	0.201	-178279.183
1544	8	10000	9207	0.5132	0.289	0.297	0.299	0.295	0.281	0.304	0.302	0.309	0.293	0.301	0.287	0.296	0.302	0.295	1.965	0.599	0.300	0.199	-177682.314
1545	8	10000	9317	0.5157	0.316	0.297	0.292	0.306	0.294	0.295	0.305	0.296	0.288	0.307	0.302	0.296	0.297	0.303	2.029	0.607	0.283	0.206	-178553.363
1546	8	10000	9286	0.5143	0.311	0.296	0.285	0.308	0.288	0.299	0.302	0.287	0.292	0.317	0.283	0.294	0.308	0.295	2.007	0.609	0.292	0.205	-178271.936
1547	8	10000	9274	0.5163	0.285	0.286	0.292	0.294	0.310	0.301	0.298	0.312	0.295	0.308	0.297	0.302	0.303	0.298	2.013	0.586	0.304	0.194	-178273.130
1548	8	10000	9269	0.5131	0.347	0.300	0.300	0.290	0.289	0.304	0.296	0.271	0.313	0.303	0.300	0.314	0.302	0.293	1.970	0.626	0.311	0.199	-178841.810
1549	8	10000	9249	0.5107	0.300	0.296	0.313	0.286	0.307	0.302	0.295	0.305	0.282	0.305	0.307	0.295	0.303	0.311	1.954	0.599	0.307	0.203	-179253.784
1550	8	10000	9244	0.5114	0.298	0.295	0.292	0.304	0.305	0.292	0.304	0.300	0.300	0.307	0.302	0.300	0.291	0.295	1.967	0.608	0.302	0.198	-178325.378
1551	8	10000	9278	0.5129	0.294	0.301	0.298	0.294	0.295	0.308	0.298	0.308	0.300	0.280	0.299	0.296	0.308	0.300	2.010	0.574	0.299	0.193	-178144.457
1552	8	10000	9261	0.5147	0.295	0.291	0.298	0.279	0.294	0.300	0.296	0.307	0.298	0.298	0.289	0.310	0.310	0.308	1.985	0.592	0.301	0.200	-178255.900
1553	8	10000	9278	0.5128	0.266	0.294	0.302	0.309	0.295	0.297	0.297	0.326	0.305	0.311	0.294	0.287	0.310	0.296	2.018	0.605	0.308	0.197	-178475.065
1554	8	10000	9288	0.5126	0.270	0.315	0.311	0.298	0.295	0.306	0.302	0.323	0.294	0.305	0.295	0.314	0.311	0.286	2.026	0.596	0.293	0.201	-178848.461
1555	8	10000	9310	0.5134	0.309	0.307	0.298	0.299	0.314	0.311	0.304	0.290	0.298	0.293	0.317	0.302	0.294	0.311	2.000	0.614	0.302	0.211	-179724.083
1556	8	10000	9243	0.5135	0.344	0.309	0.294	0.297	0.296	0.298	0.290	0.256	0.299	0.295	0.296	0.293	0.300	0.306	1.958	0.626	0.303	0.203	-178079.427
1557	8	10000	9279	0.5150	0.308	0.288	0.291	0.297	0.301	0.297	0.302	0.289	0.306	0.287	0.300	0.299	0.301	0.302	2.030	0.603	0.303	0.196	-177768.420
1558	8	10000	9255	0.5135	0.311	0.303	0.293	0.302	0.313	0.299	0.295	0.277	0.290	0.291	0.306	0.308	0.294	0.280	1.989	0.610	0.306	0.204	-178103.963
1559	8	10000	9298	0.5135	0.291	0.313	0.306	0.305	0.302	0.295	0.302	0.312	0.303	0.300	0.299	0.299	0.298	0.297	1.992	0.588	0.291	0.199	-178837.487
1560	8	10000	9248	0.5134	0.298	0.304	0.301	0.293	0.303	0.296	0.291	0.312	0.303	0.278	0.293	0.288	0.294	0.293	2.023	0.624	0.302	0.199	-177157.838
1561	8	10000	9255	0.5136	0.289	0.300	0.310	0.288	0.311	0.312	0.294	0.284	0.297	0.315	0.292	0.308	0.307	0.295	1.978	0.594	0.304	0.193	-178867.707
1562	8	10000	9274	0.5078	0.308	0.304	0.297	0.292	0.281	0.310	0.305	0.300	0.306	0.296	0.300	0.297	0.291	0.293	2.042	0.623	0.305	0.204	-177823.919
1563	8	10000	9282	0.5137	0.280	0.306	0.302	0.305	0.313	0.293	0.300	0.319	0.303	0.307	0.303	0.304	0.306	0.284	2.016	0.555	0.294	0.195	-179424.096
1564	8	10000	9285	0.5138	0.283	0.307	0.299	0.296	0.298	0.297	0.298	0.310	0.289	0.307	0.290	0.302	0.288	0.292	1.970	0.592	0.280	0.203	-177942.301
1565	8	10000	9305	0.5157	0.301	0.303	0.298	0.313	0.287	0.293	0.305	0.297	0.281	0.304	0.295	0.298	0.301	0.316	1.965	0.588	0.309	0.200	-179375.684
1566	8	10000	9254	0.5125	0.295	0.285	0.302	0.287	0.317	0.300	0.286	0.304	0.321	0.299	0.296	0.296	0.301	0.297	2.003	0.585	0.284	0.199	-178102.429
1567	8	10000	9265	0.5140	0.320	0.313	0.319	0.297	0.304	0.300	0.313	0.301	0.308	0.323	0.308	0.293	0.311	0.297	2.011	0.614	0.324	0.198	-180408.138
1568	8	10000	9296	0.5120	0.302	0.302	0.306	0.306	0.291	0.309	0.306	0.291	0.289	0.305	0.305	0.288	0.296	0.298	2.041	0.605	0.302	0.199	-178546.573
1569	8	10000	9262	0.5096	0.322	0.291	0.309	0.302	0.311	0.307	0.291	0.298	0.323	0.302	0.298	0.268	0.299	0.293	2.038	0.602	0.289	0.201	-178384.540
1570	8	10000	9273	0.5151	0.302	0.301	0.299	0.305	0.303	0.305	0.289	0.299	0.305	0.304	0.293	0.302	0.303	0.296	1.978	0.614	0.293	0.201	-178562.448
1571	8	10000	9311	0.5128	0.283	0.313	0.315	0.285	0.307	0.305	0.314	0.319	0.302	0.299	0.300	0.307	0.292	0.295	1.975	0.620	0.298	0.199	-179051.080
1572	8	10000	9286	0.5135	0.334	0.296	0.297	0.312	0.294	0.295	0.305	0.259	0.299	0.318	0.302	0.294	0.305	0.288	1.971	0.595	0.313	0.205	-179530.278
1573	8	10000	9263	0.5122	0.267	0.310	0.311	0.302	0.290	0.291	0.293	0.318	0.315	0.312	0.296	0.300	0.310	0.283	1.977	0.619	0.301	0.202	-178610.311
1574	8	10000	9289	0.5140	0.288	0.309	0.293	0.310	0.312	0.305	0.294	0.326	0.312	0.294	0.296	0.276	0.304	0.292	1.978	0.595	0.296	0.201	-178781.625
1575	8	10000	9284	0.5156	0.291	0.302	0.312	0.298	0.292	0.298	0.298	0.289	0.300	0.300	0.302	0.296	0.294	0.303	2.016	0.605	0.317	0.201	-178571.906
1576	8	10000	9314	0.5134	0.264	0.292	0.308	0.302	0.303	0.296	0.305	0.327	0.295	0.311	0.305	0.299	0.298	0.299	2.016	0.593	0.291	0.203	-179011.300
1577	8	10000	9358	0.5124	0.309	0.294	0.304	0.315	0.296	0.303	0.303	0.292	0.319	0.302	0.302	0.294	0.285	0.310	1.983	0.614	0.285	0.204	-179113.597
1578	8	10000	9245	0.5145	0.322	0.295	0.296	0.299	0.311	0.301	0.309	0.290	0.292	0.281	0.305	0.292	0.288	0.293	1.992	0.584	0.306	0.194	-177868.549
1579	8	10000	9287	0.5134	0.327	0.307	0.299	0.290	0.296	0.296	0.294	0.291	0.303	0.295	0.296	0.308	0.298	0.300	1.988	0.604	0.294	0.201	-178408.009
1580	8	10000	9238	0.5104	0.313	0.300	0.295	0.304	0.301	0.287	0.294	0.294	0.282	0.294	0.305	0.311	0.297	0.313	2.044	0.594	0.311	0.194	-177990.777
1581	8	10000	9293	0.5135	0.280	0.308	0.298	0.299	0.319	0.324	0.289	0.306	0.309	0.301	0.306	0.297	0.301	0.296	2.019	0.585	0.308	0.201	-179640.349
1582	8	10000	9237	0.5115	0.288	0.276	0.296	0.289	0.298	0.294	0.300	0.307	0.291	0.301	0.295	0.303	0.304	0.288	2.025	0.600	0.283	0.198	-176981.352
1583	8	10000	9288	0.5092	0.300	0.304	0.310	0.293	0.306	0.294	0.305	0.311	0.305	0.310	0.299	0.289	0.306	0.299	1.956	0.600	0.306	0.198	-179548.176
1584	8	10000	9237	0.5156	0.295	0.291	0.307	0.293	0.299	0.297	0.308	0.289	0.293	0.306	0.311	0.302	0.304	0.306	1.990	0.578	0.294	0.195	-178840.064
1585	8	10000	9292	0.5124	0.296	0.317	0.299	0.299	0.305	0.303	0.294	0.321	0.299	0.303	0.300	0.285	0.303	0.295	2.055	0.597	0.316	0.199	-178676.381
1586	8	10000	9300	0.5133	0.333	0.308	0.304	0.292	0.293	0.306	0.314	0.249	0.295	0.302	0.297	0.305	0.298	0.296	1.976	0.607	0.285	0.200	-178370.669
1587	8	10000	9275	0.5111	0.274	0.299	0.318	0.295	0.298	0.310	0.311	0.330	0.294	0.300	0.294	0.291	0.303	0.299	2.003	0.607	0.311	0.194	-178807.492
1588	8	10000	9228	0.5123	0.262	0.299	0.289	0.293	0.286	0.288	0.304	0.328	0.306	0.290	0.293	0.299	0.317	0.288	2.062	0.614	0.296	0.194	-176863.137
1589	8	10000	9248	0.5102	0.265	0.299	0.286	0.311	0.307	0.301	0.302	0.323	0.307	0.290	0.290	0.306	0.290	0.301	2.039	0.569	0.284	0.197	-178015.017
1590	8	10000	9352	0.5156	0.284	0.295	0.308	0.298	0.316	0.308	0.284	0.342	0.301	0.303	0.294	0.287	0.296	0.316	2.009	0.593	0.297	0.201	-179064.335
1591	8	10000	9241	0.5149	0.283	0.309	0.294	0.307	0.283	0.306	0.300	0.312	0.295	0.306	0.297	0.306	0.306	0.297	2.022	0.576	0.297	0.192	-178510.879
1592	8	10000	9274	0.5153	0.281	0.289	0.302	0.292	0.304	0.291	0.288	0.319	0.302	0.308	0.281	0.306	0.300	0.308	1.986	0.599	0.292	0.194	-177538.616
1593	8	10000	9303	0.5117	0.319	0.316	0.301	0.288	0.310	0.301	0.296	0.290	0.301	0.302	0.301	0.292	0.302	0.307	1.964	0.587	0.293	0.195	-179130.448
1594	8	10000	9273	0.5130	0.343	0.314	0.299	0.320	0.282	0.300	0.304	0.270	0.312	0.312	0.294	0.288	0.309	0.301	1.986	0.594	0.315	0.195	-179675.997
1595	8	10000	9300	0.5163	0.322	0.307	0.300	0.305	0.300	0.304	0.285	0.280	0.298	0.301	0.280	0.302	0.286	0.297	1.970	0.629	0.305	0.203	-177966.973
1596	8	10000	9249	0.5160	0.305	0.311	0.296	0.288	0.297	0.297	0.298	0.291	0.319	0.311	0.302	0.306	0.297	0.305	2.038	0.592	0.297	0.199	-178782.593
1597	8	10000	9255	0.5150	0.297	0.299	0.300	0.306	0.297	0.308	0.282	0.301	0.308	0.288	0.310	0.295	0.300	0.308	2.020	0.597	0.310	0.202	-179016.689
1598	8	10000	9299	0.5155	0.316	0.300	0.295	0.302	0.311	0.295	0.299	0.287	0.306	0.319	0.287	0.313	0.296	0.297	2.017	0.605	0.314	0.203	-179217.737
1599	8	10000	9229	0.5118	0.290	0.296	0.293	0.305	0.304	0.296	0.300	0.318	0.294	0.297	0.300	0.305	0.301	0.303	2.013	0.601	0.295	0.200	-178366.948
1600	8	10000	9321	0.5120	0.312	0.323	0.311	0.298	0.305	0.298	0.299	0.283	0.307	0.295	0.287	0.301	0.296	0.305	2.014	0.557	0.274	0.199	-178923.722
1601	8	10000	9264	0.5111	0.332	0.301	0.311	0.311	0.314	0.292	0.307	0.269	0.306	0.294	0.302	0.307	0.306	0.304	1.989	0.589	0.304	0.199	-179617.077
1602	8	10000	9273	0.5096	0.294	0.285	0.302	0.300	0.305	0.303	0.296	0.307	0.310	0.295	0.311	0.301	0.317	0.288	2.022	0.591	0.307	0.199	-178857.313
1603	8	10000	9246	0.5126	0.323	0.298	0.296	0.315	0.307	0.294	0.301	0.287	0.306	0.295	0.305	0.306	0.297	0.305	2.001	0.582	0.291	0.192	-178734.306
1604	8	10000	9259	0.5112	0.292	0.303	0.300	0.307	0.311	0.297	0.298	0.296	0.292	0.290	0.309	0.314	0.290	0.309	2.012	0.589	0.298	0.197	-178542.133
1605	8	10000	9267	0.5125	0.327	0.300	0.300	0.298	0.295	0.303	0.303	0.299	0.288	0.300	0.295	0.303	0.300	0.302	2.012	0.617	0.317	0.203	-178926.012
1606	8	10000	9237	0.5136	0.347	0.281	0.297	0.293	0.313	0.305	0.296	0.260	0.310	0.299	0.306	0.294	0.309	0.290	2.006	0.596	0.283	0.198	-178173.177
1607	8	10000	9281	0.5153	0.283	0.300	0.298	0.298	0.298	0.297	0.301	0.318	0.303	0.290	0.301	0.307	0.296	0.310	2.008	0.588	0.294	0.200	-178590.976
1608	8	10000	9286	0.5135	0.304	0.320	0.301	0.292	0.300	0.307	0.287	0.305	0.289	0.303	0.316	0.298	0.292	0.293	1.994	0.583	0.294	0.196	-178544.035
1609	8	10000	9256	0.5150	0.325	0.299	0.306	0.306	0.299	0.294	0.297	0.289	0.315	0.293	0.305	0.300	0.300	0.290	1.979	0.599	0.312	0.199	-178946.368
1610	8	10000	9308	0.5148	0.287	0.305	0.292	0.318	0.295	0.302	0.294	0.329	0.302	0.298	0.304	0.311	0.297	0.304	2.048	0.602	0.293	0.200	-179104.731
1611	8	10000	9272	0.5171	0.335	0.314	0.306	0.293	0.286	0.302	0.297	0.264	0.291	0.305	0.298	0.298	0.299	0.307	1.979	0.604	0.314	0.198	-178814.613
1612	8	10000	9282	0.5134	0.279	0.306	0.299	0.304	0.301	0.297	0.313	0.307	0.304	0.297	0.301	0.312	0.309	0.299	2.021	0.617	0.316	0.199	-179032.494
1613	8	10000	9273	0.5127	0.332	0.308	0.305	0.300	0.290	0.314	0.305	0.262	0.286	0.293	0.295	0.304	0.297	0.300	2.002	0.625	0.301	0.203	-178397.045
1614	8	10000	9287	0.5091	0.298	0.297	0.308	0.305	0.292	0.291	0.298	0.295	0.314	0.300	0.300	0.308	0.303	0.305	1.993	0.609	0.311	0.205	-179082.528
1615	8	10000	9209	0.5147	0.313	0.280	0.303	0.293	0.301	0.306	0.293	0.286	0.301	0.300	0.291	0.307	0.290	0.300	1.948	0.590	0.311	0.195	-178069.571
1616	8	10000	9237	0.5124	0.291	0.319	0.295	0.298	0.304	0.305	0.294	0.332	0.294	0.311	0.300	0.307	0.302	0.314	2.007	0.583	0.305	0.196	-179673.405
1617	8	10000	9294	0.5181	0.268	0.304	0.305	0.291	0.308	0.295	0.303	0.324	0.301	0.304	0.301	0.300	0.310	0.301	2.027	0.604	0.302	0.204	-179103.596
1618	8	10000	9270	0.5113	0.328	0.316	0.297	0.293	0.303	0.303	0.315	0.254	0.319	0.300	0.307	0.297	0.290	0.299	1.986	0.594	0.311	0.202	-179509.406
1619	8	10000	9304	0.5151	0.266	0.295	0.292	0.313	0.301	0.300	0.302	0.331	0.297	0.304	0.294	0.319	0.302	0.291	1.981	0.596	0.321	0.204	-179600.157
1620	8	10000	9297	0.5126	0.309	0.307	0.295	0.288	0.298	0.295	0.305	0.293	0.314	0.314	0.291	0.302	0.313	0.299	2.027	0.604	0.313	0.199	-179111.280
1621	8	10000	9252	0.5118	0.307	0.281	0.305	0.296	0.300	0.302	0.310	0.299	0.300	0.299	0.306	0.329	0.302	0.291	2.034	0.596	0.304	0.195	-178723.128
1622	8	10000	9246	0.5194	0.304	0.296	0.304	0.291	0.296	0.301	0.302	0.277	0.289	0.297	0.301	0.324	0.304	0.303	1.978	0.590	0.315	0.194	-178772.485
1623	8	10000	9254	0.5125	0.307	0.289	0.297	0.306	0.305	0.306	0.294	0.300	0.306	0.314	0.295	0.295	0.293	0.311	1.998	0.620	0.303	0.202	-178862.818
1624	8	10000	9263	0.5154	0.299	0.305	0.301	0.308	0.294	0.303	0.303	0.274	0.310	0.285	0.300	0.286	0.302	0.304	1.980	0.620	0.304	0.204	-178573.818
1625	8	10000	9284	0.5130	0.306	0.286	0.305	0.306	0.300	0.295	0.310	0.316	0.306	0.308	0.294	0.296	0.304	0.309	1.999	0.568	0.305	0.196	-179565.302
1626	8	10000	9267	0.5141	0.295	0.294	0.304	0.301	0.303	0.283	0.315	0.305	0.293	0.300	0.293	0.300	0.292	0.293	2.002	0.575	0.289	0.195	-177994.493
1627	8	10000	9258	0.5130	0.301	0.309	0.299	0.296	0.282	0.309	0.293	0.301	0.310	0.299	0.308	0.296	0.299	0.299	2.032	0.602	0.306	0.198	-178333.166
1628	8	10000	9288	0.5141	0.325	0.310	0.308	0.307	0.292	0.310	0.295	0.278	0.297	0.302	0.303	0.312	0.314	0.309	1.976	0.591	0.308	0.196	-180100.391
1629	8	10000	9281	0.5117	0.324	0.296	0.287	0.310	0.295	0.301	0.309	0.298	0.296	0.306	0.299	0.306	0.298	0.292	1.984	0.614	0.315	0.201	-178924.453
1630	8	10000	9232	0.5139	0.306	0.307	0.296	0.295	0.299	0.300	0.294	0.303	0.285	0.302	0.305	0.295	0.310	0.310	2.010	0.602	0.289	0.198	-178369.097
1631	8	10000	9301	0.5173	0.305	0.304	0.290	0.307	0.297	0.308	0.302	0.278	0.307	0.299	0.301	0.314	0.304	0.304	1.969	0.594	0.285	0.203	-179304.156
1632	8	10000	9263	0.5124	0.310	0.295	0.297	0.305	0.297	0.294	0.301	0.289	0.313	0.296	0.304	0.291	0.293	0.299	1.971	0.591	0.295	0.198	-178346.287
1633	8	10000	9275	0.5138	0.304	0.284	0.302	0.302	0.308	0.306	0.296	0.311	0.294	0.300	0.310	0.305	0.300	0.287	2.006	0.600	0.302	0.201	-178690.844
1634	8	10000	9256	0.5130	0.295	0.286	0.298	0.315	0.307	0.293	0.295	0.303	0.324	0.304	0.307	0.294	0.298	0.308	2.041	0.605	0.317	0.194	-178760.064
1635	8	10000	9248	0.5170	0.297	0.290	0.305	0.307	0.308	0.286	0.312	0.318	0.301	0.291	0.309	0.309	0.303	0.296	1.996	0.596	0.302	0.198	-178974.947
1636	8	10000	9265	0.5118	0.311	0.306	0.309	0.313	0.314	0.291	0.304	0.307	0.299	0.308	0.298	0.300	0.299	0.303	1.971	0.604	0.306	0.198	-179705.024
1637	8	10000	9323	0.5137	0.339	0.301	0.304	0.295	0.284	0.303	0.316	0.265	0.293	0.301	0.303	0.307	0.308	0.305	2.002	0.592	0.292	0.202	-179094.663
1638	8	10000	9241	0.5146	0.323	0.299	0.305	0.308	0.303	0.305	0.292	0.286	0.296	0.311	0.302	0.308	0.286	0.282	2.016	0.618	0.311	0.195	-178147.247
1639	8	10000	9278	0.5130	0.309	0.325	0.295	0.307	0.276	0.307	0.314	0.311	0.296	0.300	0.303	0.322	0.299	0.308	1.992	0.604	0.303	0.201	-179927.657
1640	8	10000	9223	0.5103	0.280	0.286	0.304	0.305	0.299	0.297	0.297	0.310	0.308	0.316	0.285	0.303	0.303	0.293	1.979	0.593	0.290	0.192	-177757.416
1641	8	10000	9297	0.5093	0.306	0.309	0.322	0.291	0.300	0.296	0.301	0.290	0.303	0.301	0.288	0.288	0.295	0.303	1.984	0.590	0.298	0.202	-178533.428
1642	8	10000	9268	0.5135	0.330	0.309	0.289	0.304	0.303	0.284	0.293	0.262	0.305	0.289	0.305	0.308	0.302	0.303	1.978	0.589	0.303	0.198	-178554.102
1643	8	10000	9279	0.5146	0.314	0.299	0.292	0.291	0.303	0.303	0.294	0.303	0.296	0.288	0.296	0.299	0.297	0.306	1.993	0.602	0.303	0.200	-178297.927
1644	8	10000	9250	0.5131	0.280	0.287	0.308	0.295	0.313	0.316	0.303	0.320	0.293	0.306	0.306	0.311	0.290	0.298	1.988	0.582	0.294	0.199	-179217.602
1645	8	10000	9264	0.5120	0.272	0.312	0.293	0.305	0.299	0.291	0.289	0.317	0.304	0.294	0.305	0.284	0.302	0.305	2.013	0.612	0.298	0.198	-177619.471
1646	8	10000	9274	0.5102	0.289	0.298	0.306	0.309	0.297	0.313	0.290	0.305	0.321	0.298	0.293	0.289	0.297	0.303	2.011	0.581	0.301	0.199	-178975.675
1647	8	10000	9291	0.5148	0.295	0.301	0.289	0.301	0.307	0.310	0.298	0.318	0.292	0.296	0.297	0.312	0.300	0.290	2.018	0.585	0.282	0.199	-178420.260
1648	8	10000	9285	0.5127	0.306	0.314	0.321	0.295	0.288	0.310	0.299	0.293	0.312	0.294	0.312	0.296	0.311	0.308	2.027	0.593	0.303	0.196	-179487.926
1649	8	10000	9282	0.5121	0.318	0.295	0.298	0.299	0.298	0.304	0.292	0.298	0.305	0.306	0.303	0.285	0.298	0.288	1.981	0.590	0.294	0.203	-178542.144
1650	8	10000	9310	0.5149	0.309	0.291	0.295	0.301	0.309	0.314	0.305	0.303	0.319	0.302	0.291	0.310	0.298	0.295	2.036	0.604	0.321	0.203	-179427.086
1651	8	10000	9252	0.5141	0.287	0.296	0.302	0.303	0.301	0.301	0.303	0.314	0.304	0.298	0.300	0.310	0.314	0.290	2.033	0.600	0.304	0.199	-178918.479
1652	8	10000	9257	0.5200	0.270	0.291	0.302	0.292	0.314	0.302	0.296	0.320	0.314	0.303	0.296	0.299	0.307	0.302	1.996	0.594	0.302	0.193	-178679.395
1653	8	10000	9264	0.5117	0.323	0.314	0.302	0.299	0.309	0.296	0.303	0.277	0.287	0.315	0.312	0.310	0.292	0.298	1.996	0.583	0.301	0.197	-179166.158
1654	8	10000	9284	0.5152	0.287	0.296	0.295	0.310	0.288	0.304	0.291	0.327	0.313	0.297	0.294	0.306	0.299	0.306	1.999	0.596	0.296	0.200	-179085.003
1655	8	10000	9236	0.5148	0.267	0.299	0.316	0.300	0.305	0.301	0.297	0.332	0.315	0.301	0.295	0.289	0.293	0.292	2.019	0.592	0.298	0.192	-178206.567
1656	8	10000	9237	0.5145	0.275	0.315	0.310	0.294	0.291	0.293	0.296	0.320	0.307	0.303	0.298	0.299	0.297	0.293	2.008	0.620	0.310	0.203	-178574.532
1657	8	10000	9246	0.5151	0.281	0.292	0.302	0.300	0.297	0.296	0.311	0.340	0.304	0.298	0.301	0.290	0.301	0.311	1.999	0.626	0.317	0.200	-178883.325
1658	8	10000	9248	0.5117	0.309	0.308	0.300	0.296	0.294	0.302	0.308	0.286	0.295	0.299	0.302	0.299	0.296	0.299	1.982	0.628	0.298	0.201	-178099.795
1659	8	10000	9270	0.5181	0.314	0.289	0.305	0.296	0.302	0.293	0.305	0.300	0.306	0.313	0.289	0.283	0.306	0.301	1.996	0.586	0.297	0.195	-178443.102
1660	8	10000	9289	0.5105	0.308	0.298	0.307	0.299	0.290	0.302	0.303	0.281	0.292	0.309	0.288	0.303	0.313	0.302	2.034	0.590	0.285	0.208	-179106.253
1661	8	10000	9293	0.5151	0.305	0.288	0.317	0.286	0.306	0.301	0.306	0.272	0.314	0.292	0.306	0.296	0.295	0.311	2.012	0.588	0.282	0.196	-178328.020
1662	8	10000	9217	0.5155	0.297	0.288	0.290	0.289	0.303	0.287	0.292	0.312	0.287	0.292	0.302	0.294	0.289	0.303	1.996	0.607	0.296	0.198	-177019.298
1663	8	10000	9296	0.5137	0.274	0.311	0.307	0.303	0.305	0.295	0.300	0.324	0.301	0.298	0.287	0.298	0.302	0.298	1.971	0.600	0.301	0.203	-178991.736
1664	8	10000	9277	0.5130	0.309	0.296	0.298	0.303	0.308	0.292	0.303	0.278	0.309	0.301	0.288	0.300	0.293	0.298	2.017	0.613	0.301	0.203	-178062.718
1665	8	10000	9274	0.5141	0.297	0.272	0.307	0.301	0.311	0.303	0.290	0.297	0.294	0.298	0.312	0.302	0.292	0.316	2.028	0.588	0.298	0.199	-178568.518
1666	8	10000	9252	0.5131	0.308	0.299	0.293	0.305	0.285	0.293	0.304	0.294	0.298	0.297	0.300	0.291	0.322	0.302	2.022	0.632	0.305	0.199	-178070.825
1667	8	10000	9315	0.5183	0.318	0.296	0.297	0.306	0.307	0.294	0.295	0.303	0.298	0.286	0.309	0.290	0.309	0.292	1.999	0.608	0.310	0.205	-179112.233
1668	8	10000	9276	0.5118	0.270	0.297	0.295	0.317	0.309	0.303	0.292	0.326	0.317	0.305	0.307	0.280	0.291	0.296	2.046	0.618	0.300	0.205	-178388.343
1669	8	10000	9238	0.5122	0.287	0.280	0.303	0.300	0.310	0.306	0.301	0.306	0.288	0.298	0.298	0.303	0.296	0.306	1.989	0.645	0.315	0.202	-178181.842
1670	8	10000	9256	0.5138	0.308	0.291	0.299	0.291	0.313	0.307	0.291	0.271	0.288	0.291	0.307	0.313	0.299	0.299	2.010	0.605	0.295	0.197	-177630.552
1671	8	10000	9257	0.5126	0.326	0.307	0.310	0.298	0.303	0.309	0.311	0.286	0.293	0.309	0.300	0.306	0.310	0.304	1.985	0.585	0.299	0.196	-179880.867
1672	8	10000	9265	0.5127	0.303	0.306	0.300	0.293	0.314	0.302	0.283	0.297	0.306	0.297	0.294	0.328	0.305	0.294	1.994	0.622	0.302	0.199	-178686.371
1673	8	10000	9262	0.5129	0.303	0.307	0.294	0.303	0.294	0.289	0.298	0.280	0.301	0.299	0.298	0.297	0.303	0.297	2.015	0.588	0.307	0.201	-178363.119
1674	8	10000	9251	0.5162	0.311	0.302	0.298	0.294	0.306	0.307	0.298	0.280	0.307	0.290	0.305	0.294	0.303	0.293	2.004	0.583	0.294	0.198	-178550.030
1675	8	10000	9269	0.5193	0.293	0.296	0.301	0.299	0.309	0.308	0.293	0.319	0.293	0.308	0.306	0.302	0.300	0.304	2.001	0.621	0.306	0.198	-178974.608
1676	8	10000	9285	0.5151	0.335	0.289	0.291	0.303	0.303	0.304	0.292	0.264	0.303	0.302	0.307	0.297	0.295	0.293	2.012	0.586	0.289	0.208	-178524.634
1677	8	10000	9254	0.5137	0.313	0.303	0.308	0.292	0.303	0.296	0.297	0.275	0.299	0.298	0.290	0.299	0.319	0.293	2.007	0.593	0.313	0.188	-178133.203
1678	8	10000	9295	0.5126	0.332	0.301	0.308	0.294	0.294	0.288	0.305	0.281	0.315	0.300	0.300	0.295	0.302	0.310	2.017	0.600	0.305	0.199	-178861.585
1679	8	10000	9278	0.5137	0.306	0.287	0.311	0.295	0.299	0.308	0.302	0.307	0.301	0.313	0.309	0.295	0.300	0.308	2.025	0.580	0.290	0.201	-179385.129
1680	8	10000	9290	0.5131	0.295	0.312	0.305	0.296	0.293	0.297	0.300	0.304	0.320	0.313	0.298	0.293	0.303	0.287	2.039	0.595	0.300	0.197	-178733.116
1681	8	10000	9257	0.5155	0.299	0.303	0.293	0.299	0.284	0.299	0.307	0.297	0.294	0.303	0.308	0.287	0.304	0.299	1.989	0.606	0.311	0.197	-178349.142
1682	8	10000	9270	0.5106	0.341	0.297	0.299	0.301	0.300	0.288	0.293	0.263	0.302	0.295	0.298	0.290	0.302	0.297	2.015	0.606	0.294	0.200	-177662.961
1683	8	10000	9308	0.5149	0.305	0.301	0.317	0.282	0.301	0.297	0.298	0.284	0.299	0.297	0.298	0.299	0.300	0.300	1.971	0.599	0.287	0.203	-178450.249
1684	8	10000	9253	0.5153	0.306	0.299	0.296	0.289	0.289	0.294	0.317	0.296	0.309	0.301	0.307	0.282	0.290	0.298	2.012	0.612	0.295	0.203	-178142.500
1685	8	10000	9262	0.5169	0.306	0.295	0.288	0.311	0.301	0.308	0.285	0.285	0.311	0.298	0.284	0.307	0.297	0.307	1.999	0.620	0.300	0.202	-178282.207
1686	8	10000	9285	0.5145	0.318	0.303	0.304	0.289	0.295	0.297	0.297	0.295	0.313	0.306	0.286	0.286	0.314	0.290	2.003	0.618	0.290	0.203	-178197.346
1687	8	10000	9222	0.5128	0.346	0.303	0.294	0.286	0.280	0.294	0.297	0.264	0.305	0.299	0.289	0.285	0.298	0.297	1.993	0.611	0.298	0.201	-177152.784
1688	8	10000	9314	0.5146	0.300	0.299	0.308	0.301	0.288	0.301	0.295	0.312	0.298	0.298	0.295	0.287	0.298	0.312	2.006	0.586	0.284	0.200	-178669.933
1689	8	10000	9244	0.5126	0.291	0.297	0.301	0.297	0.281	0.297	0.308	0.322	0.281	0.296	0.316	0.299	0.292	0.296	2.012	0.588	0.301	0.196	-178024.913
1690	8	10000	9270	0.5175	0.320	0.284	0.292	0.300	0.293	0.307	0.303	0.275	0.297	0.298	0.293	0.300	0.301	0.299	2.012	0.605	0.289	0.202	-177996.794
1691	8	10000	9247	0.5107	0.313	0.272	0.289	0.306	0.296	0.293	0.304	0.273	0.306	0.307	0.302	0.312	0.303	0.293	2.007	0.571	0.283	0.197	-178111.000
1692	8	10000	9302	0.5160	0.328	0.297	0.287	0.309	0.302	0.296	0.299	0.264	0.309	0.295	0.300	0.305	0.295	0.295	1.993	0.583	0.304	0.202	-178656.334
1693	8	10000	9304	0.5100	0.299	0.309	0.296	0.281	0.293	0.298	0.302	0.313	0.305	0.290	0.314	0.293	0.282	0.300	2.014	0.622	0.288	0.204	-177900.822
1694	8	10000	9257	0.5104	0.276	0.289	0.303	0.296	0.300	0.287	0.309	0.320	0.298	0.290	0.304	0.312	0.300	0.309	1.963	0.583	0.286	0.200	-178709.186
1695	8	10000	9258	0.5134	0.309	0.314	0.306	0.289	0.307	0.290	0.294	0.317	0.310	0.307	0.299	0.286	0.298	0.317	1.969	0.598	0.307	0.199	-179115.223
1696	8	10000	9247	0.5120	0.331	0.299	0.303	0.293	0.299	0.299	0.299	0.272	0.309	0.295	0.301	0.298	0.291	0.296	2.000	0.598	0.304	0.197	-177999.920
1697	8	10000	9218	0.5114	0.297	0.306	0.310	0.302	0.291	0.311	0.285	0.293	0.299	0.288	0.298	0.294	0.298	0.308	1.996	0.625	0.285	0.208	-177950.789
1698	8	10000	9246	0.5129	0.332	0.296	0.296	0.305	0.311	0.305	0.278	0.282	0.307	0.307	0.298	0.293	0.311	0.290	2.023	0.581	0.305	0.193	-178428.877
1699	8	10000	9259	0.5083	0.319	0.297	0.286	0.310	0.289	0.283	0.297	0.272	0.286	0.288	0.292	0.304	0.291	0.299	2.006	0.627	0.296	0.202	-176672.179
1700	8	10000	9284	0.5119	0.319	0.312	0.297	0.302	0.322	0.299	0.288	0.300	0.293	0.309	0.294	0.305	0.314	0.289	1.987	0.569	0.291	0.196	-179208.359
1701	8	10000	9313	0.5178	0.347	0.304	0.306	0.302	0.315	0.306	0.302	0.263	0.297	0.291	0.296	0.310	0.302	0.298	2.008	0.613	0.316	0.198	-179116.841
1702	8	10000	9279	0.5155	0.313	0.307	0.303	0.302	0.302	0.300	0.298	0.294	0.312	0.305	0.298	0.298	0.298	0.304	2.031	0.619	0.304	0.202	-179015.084
1703	8	10000	9319	0.5143	0.307	0.281	0.302	0.303	0.301	0.289	0.313	0.298	0.307	0.301	0.298	0.308	0.309	0.290	2.024	0.587	0.295	0.200	-178881.384
1704	8	10000	9307	0.5137	0.310	0.292	0.292	0.302	0.301	0.294	0.298	0.288	0.304	0.299	0.313	0.294	0.302	0.291	1.984	0.640	0.302	0.199	-177758.440
1705	8	10000	9309	0.5103	0.332	0.308	0.309	0.298	0.298	0.297	0.297	0.271	0.289	0.309	0.298	0.296	0.299	0.304	2.048	0.609	0.298	0.196	-178177.326
1706	8	10000	9297	0.5163	0.310	0.282	0.304	0.304	0.310	0.304	0.300	0.290	0.311	0.306	0.299	0.290	0.297	0.302	1.999	0.597	0.296	0.203	-179015.131
1707	8	10000	9240	0.5119	0.340	0.302	0.319	0.288	0.305	0.298	0.291	0.280	0.311	0.292	0.295	0.291	0.291	0.292	2.016	0.618	0.310	0.204	-178306.739
1708	8	10000	9271	0.5115	0.272	0.318	0.295	0.296	0.303	0.299	0.301	0.330	0.295	0.291	0.303	0.298	0.316	0.293	2.005	0.604	0.285	0.201	-178505.189
1709	8	10000	9254	0.5136	0.273	0.280	0.295	0.303	0.310	0.299	0.296	0.322	0.292	0.308	0.295	0.291	0.300	0.294	2.032	0.604	0.294	0.199	-177554.141
1710	8	10000	9265	0.5128	0.276	0.295	0.293	0.291	0.313	0.305	0.295	0.341	0.307	0.306	0.314	0.299	0.281	0.298	1.981	0.615	0.325	0.203	-179047.199
1711	8	10000	9233	0.5120	0.271	0.308	0.294	0.298	0.297	0.299	0.292	0.339	0.298	0.306	0.307	0.284	0.294	0.297	1.995	0.596	0.307	0.200	-178407.601
1712	8	10000	9266	0.5129	0.286	0.299	0.291	0.296	0.316	0.296	0.300	0.314	0.305	0.299	0.305	0.289	0.305	0.299	1.988	0.615	0.304	0.199	-178277.664
1713	8	10000	9300	0.5129	0.311	0.304	0.305	0.300	0.308	0.302	0.299	0.284	0.307	0.310	0.298	0.289	0.298	0.307	1.980	0.589	0.307	0.200	-179353.591
1714	8	10000	9253	0.5145	0.291	0.300	0.303	0.292	0.313	0.307	0.308	0.300	0.283	0.293	0.299	0.302	0.300	0.302	2.025	0.584	0.286	0.196	-178384.464
1715	8	10000	9290	0.5171	0.309	0.295	0.301	0.303	0.292	0.305	0.296	0.289	0.298	0.284	0.308	0.309	0.301	0.296	1.995	0.618	0.304	0.198	-178323.441
1716	8	10000	9227	0.5114	0.309	0.297	0.288	0.302	0.304	0.309	0.313	0.285	0.308	0.302	0.298	0.295	0.298	0.293	2.021	0.597	0.298	0.187	-177833.059
1717	8	10000	9252	0.5132	0.313	0.277	0.303	0.288	0.300	0.297	0.304	0.286	0.287	0.294	0.303	0.301	0.277	0.294	1.997	0.619	0.308	0.196	-176950.659
1718	8	10000	9297	0.5133	0.299	0.309	0.307	0.297	0.296	0.302	0.311	0.302	0.311	0.293	0.305	0.283	0.301	0.302	2.001	0.607	0.315	0.200	-179400.376
1719	8	10000	9282	0.5164	0.272	0.297	0.302	0.313	0.295	0.298	0.293	0.312	0.298	0.298	0.311	0.292	0.300	0.312	1.965	0.603	0.285	0.203	-178591.776
1720	8	10000	9302	0.5135	0.311	0.305	0.294	0.293	0.296	0.298	0.305	0.294	0.295	0.296	0.303	0.288	0.293	0.296	1.958	0.581	0.301	0.202	-178569.258
1721	8	10000	9294	0.5131	0.301	0.294	0.299	0.306	0.315	0.298	0.296	0.313	0.312	0.299	0.297	0.295	0.308	0.310	1.980	0.628	0.309	0.204	-179187.864
1722	8	10000	9298	0.5123	0.327	0.298	0.310	0.301	0.296	0.302	0.295	0.292	0.311	0.298	0.295	0.286	0.306	0.303	1.974	0.606	0.294	0.202	-178854.920
1723	8	10000	9280	0.5138	0.300	0.311	0.306	0.302	0.293	0.304	0.300	0.283	0.302	0.297	0.306	0.309	0.287	0.310	2.010	0.616	0.293	0.197	-178387.735
1724	8	10000	9235	0.5121	0.320	0.296	0.301	0.303	0.312	0.304	0.294	0.290	0.303	0.306	0.300	0.298	0.298	0.306	1.979	0.597	0.302	0.197	-179258.747
1725	8	10000	9291	0.5101	0.289	0.305	0.294	0.291	0.292	0.304	0.294	0.300	0.305	0.300	0.293	0.304	0.298	0.287	2.049	0.586	0.291	0.200	-177896.234
1726	8	10000	9247	0.5116	0.296	0.283	0.300	0.299	0.315	0.291	0.299	0.295	0.295	0.300	0.297	0.300	0.303	0.299	2.002	0.608	0.299	0.198	-178198.064
1727	8	10000	9249	0.5118	0.288	0.314	0.301	0.301	0.285	0.299	0.302	0.304	0.300	0.305	0.292	0.300	0.301	0.298	1.996	0.631	0.304	0.204	-178182.102
1728	8	10000	9266	0.5129	0.282	0.303	0.300	0.308	0.285	0.296	0.296	0.320	0.309	0.295	0.294	0.289	0.296	0.303	2.030	0.613	0.307	0.202	-178262.304
1729	8	10000	9270	0.5134	0.326	0.325	0.304	0.303	0.289	0.305	0.309	0.273	0.296	0.311	0.297	0.324	0.308	0.298	2.003	0.576	0.294	0.195	-179711.167
1730	8	10000	9314	0.5143	0.303	0.283	0.306	0.302	0.298	0.314	0.287	0.297	0.307	0.285	0.304	0.297	0.308	0.303	1.983	0.622	0.298	0.209	-178723.657
1731	8	10000	9297	0.5136	0.291	0.288	0.297	0.307	0.283	0.301	0.299	0.333	0.297	0.305	0.307	0.295	0.307	0.303	2.007	0.616	0.296	0.202	-178584.714
1732	8	10000	9225	0.5121	0.286	0.294	0.288	0.285	0.297	0.311	0.295	0.303	0.292	0.296	0.302	0.293	0.296	0.299	2.004	0.597	0.303	0.204	-178079.335
1733	8	10000	9252	0.5163	0.270	0.308	0.294	0.303	0.307	0.313	0.313	0.333	0.314	0.299	0.303	0.303	0.292	0.299	1.992	0.575	0.305	0.193	-179628.560
1734	8	10000	9251	0.5107	0.266	0.292	0.303	0.293	0.306	0.296	0.300	0.346	0.304	0.299	0.287	0.300	0.298	0.302	2.030	0.598	0.302	0.200	-178291.315
1735	8	10000	9264	0.5171	0.305	0.292	0.297	0.297	0.301	0.294	0.301	0.299	0.313	0.298	0.298	0.299	0.302	0.300	2.021	0.618	0.296	0.200	-178198.423
1736	8	10000	9265	0.5132	0.299	0.287	0.289	0.306	0.304	0.300	0.291	0.309	0.296	0.303	0.290	0.297	0.286	0.291	1.963	0.594	0.301	0.197	-177545.472
1737	8	10000	9267	0.5120	0.327	0.295	0.307	0.291	0.295	0.291	0.303	0.265	0.304	0.297	0.312	0.316	0.306	0.303	2.007	0.577	0.304	0.196	-179082.439
1738	8	10000	9261	0.5108	0.308	0.290	0.299	0.297	0.299	0.296	0.301	0.288	0.310	0.304	0.296	0.295	0.300	0.294	2.039	0.608	0.303	0.205	-178210.865
1739	8	10000	9227	0.5149	0.320	0.297	0.298	0.300	0.304	0.303	0.296	0.273	0.299	0.302	0.311	0.318	0.300	0.298	2.038	0.587	0.308	0.195	-178728.360
1740	8	10000	9230	0.5128	0.293	0.286	0.297	0.304	0.320	0.311	0.294	0.321	0.285	0.300	0.304	0.308	0.294	0.289	2.006	0.603	0.296	0.198	-178342.255
1741	8	10000	9259	0.5137	0.333	0.316	0.290	0.295	0.297	0.296	0.288	0.268	0.302	0.287	0.292	0.285	0.308	0.306	2.007	0.610	0.301	0.203	-177965.105
1742	8	10000	9241	0.5068	0.280	0.288	0.302	0.300	0.296	0.294	0.294	0.303	0.306	0.301	0.298	0.295	0.301	0.307	2.008	0.577	0.284	0.200	-177904.473
1743	8	10000	9298	0.5128	0.301	0.290	0.308	0.296	0.309	0.304	0.302	0.304	0.297	0.303	0.305	0.293	0.309	0.308	2.019	0.600	0.294	0.199	-179151.050
1744	8	10000	9256	0.5145	0.297	0.297	0.300	0.298	0.308	0.301	0.289	0.309	0.293	0.305	0.297	0.292	0.292	0.293	1.990	0.628	0.313	0.203	-177990.241
1745	8	10000	9274	0.5154	0.332	0.282	0.283	0.303	0.296	0.304	0.285	0.274	0.295	0.293	0.308	0.292	0.306	0.319	1.996	0.611	0.325	0.199	-178365.112
1746	8	10000	9283	0.5121	0.272	0.309	0.305	0.297	0.315	0.299	0.305	0.316	0.308	0.299	0.302	0.308	0.302	0.289	1.985	0.590	0.294	0.205	-179184.284
1747	8	10000	9295	0.5145	0.310	0.291	0.309	0.292	0.309	0.301	0.289	0.313	0.294	0.307	0.306	0.309	0.290	0.302	2.011	0.614	0.300	0.203	-178780.631
1748	8	10000	9286	0.5109	0.292	0.301	0.304	0.297	0.288	0.290	0.301	0.313	0.287	0.300	0.291	0.298	0.298	0.304	1.987	0.603	0.280	0.202	-177814.217
1749	8	10000	9205	0.5081	0.281	0.308	0.291	0.291	0.299	0.299	0.307	0.295	0.304	0.284	0.296	0.300	0.301	0.301	2.047	0.605	0.295	0.192	-176912.250
1750	8	10000	9288	0.5139	0.285	0.297	0.304	0.305	0.295	0.295	0.302	0.312	0.283	0.318	0.291	0.315	0.302	0.306	2.004	0.624	0.314	0.202	-178807.667
1751	8	10000	9278	0.5147	0.333	0.311	0.296	0.295	0.300	0.302	0.301	0.272	0.287	0.294	0.304	0.301	0.292	0.305	1.965	0.609	0.299	0.201	-178505.945
1752	8	10000	9202	0.5100	0.295	0.307	0.298	0.299	0.300	0.288	0.301	0.302	0.304	0.290	0.287	0.300	0.297	0.301	1.963	0.601	0.306	0.198	-177872.761
1753	8	10000	9237	0.5145	0.335	0.312	0.298	0.295	0.291	0.316	0.288	0.285	0.300	0.306	0.292	0.296	0.298	0.301	1.957	0.611	0.312	0.202	-178974.358
1754	8	10000	9285	0.5137	0.337	0.312	0.312	0.289	0.290	0.300	0.294	0.258	0.291	0.303	0.297	0.313	0.294	0.293	2.000	0.638	0.299	0.205	-178207.536
1755	8	10000	9237	0.5113	0.334	0.297	0.288	0.295	0.296	0.304	0.293	0.267	0.298	0.290	0.301	0.290	0.296	0.318	1.961	0.620	0.306	0.198	-177792.573
1756	8	10000	9286	0.5129	0.278	0.299	0.302	0.303	0.300	0.303	0.299	0.330	0.292	0.303	0.303	0.302	0.302	0.309	1.979	0.608	0.293	0.200	-179004.493
1757	8	10000	9284	0.5136	0.287	0.284	0.294	0.299	0.295	0.290	0.303	0.313	0.301	0.293	0.300	0.305	0.301	0.308	2.004	0.609	0.295	0.201	-177981.437
1758	8	10000	9260	0.5112	0.263	0.303	0.306	0.286	0.291	0.300	0.294	0.349	0.311	0.291	0.318	0.280	0.306	0.291	2.017	0.605	0.305	0.199	-178247.188
1759	8	10000	9248	0.5155	0.252	0.293	0.303	0.294	0.300	0.294	0.300	0.317	0.316	0.300	0.292	0.291	0.306	0.293	1.953	0.599	0.297	0.200	-178168.024
1760	8	10000	9281	0.5112	0.286	0.300	0.304	0.310	0.296	0.304	0.310	0.332	0.310	0.305	0.303	0.297	0.295	0.304	1.985	0.616	0.310	0.203	-179497.584
1761	8	10000	9282	0.5158	0.247	0.301	0.302	0.305	0.305	0.301	0.291	0.320	0.302	0.289	0.311	0.299	0.309	0.298	2.022	0.580	0.285	0.199	-178212.117
1762	8	10000	9305	0.5174	0.299	0.293	0.299	0.298	0.315	0.298	0.307	0.305	0.312	0.294	0.304	0.306	0.298	0.291	2.030	0.610	0.294	0.202	-178653.655
1763	8	10000	9223	0.5121	0.298	0.296	0.298	0.306	0.314	0.292	0.287	0.283	0.315	0.295	0.289	0.297	0.303	0.304	2.004	0.620	0.296	0.200	-177717.663
1764	8	10000	9281	0.5160	0.321	0.288	0.298	0.307	0.308	0.299	0.294	0.268	0.288	0.295	0.300	0.288	0.304	0.288	2.026	0.583	0.271	0.199	-177721.573
1765	8	10000	9263	0.5129	0.270	0.295	0.306	0.301	0.290	0.315	0.306	0.338	0.299	0.310	0.295	0.300	0.296	0.301	1.993	0.608	0.305	0.202	-179222.708
1766	8	10000	9284	0.5130	0.342	0.307	0.298	0.303	0.302	0.308	0.295	0.259	0.311	0.302	0.302	0.298	0.309	0.299	1.998	0.577	0.302	0.200	-179456.644
1767	8	10000	9250	0.5171	0.316	0.309	0.291	0.305	0.289	0.302	0.301	0.302	0.293	0.298	0.293	0.305	0.305	0.304	1.975	0.605	0.310	0.200	-178972.879
1768	8	10000	9301	0.5140	0.317	0.283	0.308	0.285	0.294	0.307	0.312	0.281	0.303	0.298	0.301	0.303	0.295	0.311	2.033	0.599	0.297	0.197	-178452.898
1769	8	10000	9297	0.5145	0.305	0.317	0.309	0.285	0.287	0.297	0.303	0.315	0.306	0.306	0.293	0.305	0.290	0.301	1.995	0.608	0.309	0.201	-178757.806
1770	8	10000	9330	0.5166	0.257	0.300	0.308	0.308	0.316	0.304	0.312	0.339	0.287	0.289	0.305	0.302	0.299	0.305	2.004	0.594	0.299	0.201	-179599.505
1771	8	10000	9247	0.5166	0.289	0.287	0.297	0.306	0.302	0.301	0.318	0.293	0.288	0.301	0.301	0.306	0.292	0.302	2.029	0.596	0.291	0.195	-178249.812
1772	8	10000	9281	0.5122	0.301	0.307	0.299	0.312	0.304	0.297	0.294	0.291	0.297	0.292	0.302	0.286	0.302	0.313	1.994	0.577	0.313	0.198	-179210.187
1773	8	10000	9273	0.5153	0.285	0.308	0.302	0.304	0.299	0.302	0.310	0.309	0.295	0.287	0.305	0.305	0.304	0.308	2.019	0.586	0.301	0.196	-179029.959
1774	8	10000	9266	0.5145	0.306	0.303	0.304	0.307	0.287	0.303	0.304	0.283	0.285	0.304	0.310	0.295	0.306	0.308	2.027	0.603	0.304	0.203	-179071.089
1775	8	10000	9253	0.5125	0.303	0.293	0.313	0.307	0.314	0.289	0.303	0.307	0.302	0.291	0.305	0.286	0.284	0.312	1.985	0.597	0.303	0.198	-178932.224
1776	8	10000	9262	0.5132	0.280	0.296	0.295	0.309	0.303	0.301	0.298	0.346	0.281	0.312	0.310	0.301	0.309	0.297	2.004	0.597	0.317	0.194	-179378.184
1777	8	10000	9227	0.5170	0.296	0.294	0.303	0.311	0.314	0.294	0.297	0.304	0.314	0.301	0.288	0.297	0.298	0.298	2.065	0.603	0.313	0.199	-178352.095
1778	8	10000	9301	0.5142	0.294	0.309	0.298	0.309	0.291	0.304	0.290	0.309	0.309	0.299	0.316	0.319	0.305	0.291	1.968	0.618	0.302	0.200	-179319.693
1779	8	10000	9325	0.5162	0.275	0.303	0.301	0.311	0.313	0.305	0.304	0.317	0.285	0.293	0.309	0.298	0.305	0.299	1.988	0.578	0.302	0.202	-179563.293
1780	8	10000	9245	0.5152	0.308	0.302	0.297	0.302	0.296	0.297	0.304	0.290	0.289	0.292	0.297	0.295	0.294	0.294	1.982	0.603	0.302	0.200	-177851.356
1781	8	10000	9300	0.5133	0.289	0.301	0.303	0.309	0.309	0.295	0.311	0.331	0.288	0.296	0.300	0.311	0.302	0.316	2.001	0.617	0.309	0.205	-179951.964
1782	8	10000	9253	0.5140	0.326	0.295	0.295	0.298	0.310	0.300	0.292	0.277	0.300	0.282	0.313	0.303	0.305	0.293	1.970	0.618	0.309	0.196	-178074.651
1783	8	10000	9285	0.5089	0.314	0.311	0.303	0.292	0.297	0.294	0.293	0.259	0.298	0.316	0.303	0.296	0.299	0.292	1.966	0.605	0.298	0.203	-178306.134
1784	8	10000	9342	0.5150	0.312	0.303	0.302	0.294	0.290	0.301	0.307	0.294	0.312	0.303	0.297	0.298	0.297	0.319	1.994	0.620	0.300	0.209	-179551.802
1785	8	10000	9265	0.5124	0.311	0.289	0.299	0.291	0.291	0.295	0.308	0.282	0.312	0.300	0.303	0.288	0.300	0.307	1.968	0.584	0.295	0.196	-178510.853
1786	8	10000	9281	0.5166	0.276	0.297	0.303	0.304	0.299	0.291	0.307	0.308	0.288	0.307	0.290	0.303	0.304	0.304	1.996	0.585	0.299	0.197	-178597.136
1787	8	10000	9242	0.5077	0.299	0.309	0.297	0.300	0.289	0.305	0.296	0.311	0.309	0.295	0.294	0.297	0.299	0.307	1.981	0.613	0.300	0.202	-178564.332
1788	8	10000	9273	0.5146	0.303	0.298	0.289	0.305	0.283	0.292	0.300	0.304	0.291	0.310	0.289	0.301	0.308	0.297	1.935	0.602	0.290	0.204	-178440.968
1789	8	10000	9265	0.5160	0.311	0.282	0.294	0.294	0.307	0.313	0.307	0.304	0.300	0.311	0.317	0.284	0.298	0.291	1.983	0.586	0.291	0.198	-178984.182
1790	8	10000	9283	0.5133	0.304	0.303	0.296	0.303	0.288	0.307	0.304	0.311	0.302	0.300	0.310	0.296	0.302	0.301	1.996	0.610	0.303	0.205	-179323.356
1791	8	10000	9282	0.5139	0.320	0.290	0.309	0.300	0.294	0.314	0.308	0.280	0.298	0.299	0.298	0.303	0.294	0.309	1.979	0.617	0.308	0.203	-179142.140
1792	8	10000	9237	0.5130	0.301	0.299	0.298	0.287	0.317	0.293	0.293	0.299	0.301	0.292	0.300	0.307	0.295	0.297	2.027	0.617	0.300	0.202	-177707.159
1793	8	10000	9307	0.5098	0.264	0.310	0.297	0.309	0.308	0.293	0.288	0.323	0.293	0.301	0.302	0.298	0.292	0.306	1.988	0.613	0.304	0.206	-178785.610
1794	8	10000	9239	0.5082	0.265	0.303	0.302	0.292	0.307	0.301	0.294	0.333	0.293	0.298	0.297	0.293	0.295	0.294	2.007	0.603	0.299	0.200	-177717.189
1795	8	10000	9277	0.5087	0.284	0.281	0.305	0.303	0.317	0.294	0.302	0.320	0.302	0.297	0.295	0.305	0.300	0.303	1.980	0.590	0.291	0.200	-178464.633
1796	8	10000	9243	0.5135	0.347	0.305	0.291	0.300	0.285	0.304	0.301	0.250	0.295	0.297	0.294	0.308	0.294	0.303	2.006	0.575	0.290	0.196	-177944.403
1797	8	10000	9302	0.5137	0.299	0.307	0.287	0.311	0.297	0.290	0.301	0.307	0.296	0.301	0.312	0.300	0.305	0.309	2.018	0.623	0.312	0.199	-178792.012
1798	8	10000	9250	0.5132	0.270	0.296	0.290	0.299	0.303	0.288	0.293	0.310	0.303	0.292	0.298	0.310	0.306	0.288	1.978	0.611	0.295	0.208	-177678.969
1799	8	10000	9289	0.5157	0.299	0.297	0.297	0.296	0.308	0.309	0.298	0.303	0.292	0.307	0.300	0.298	0.304	0.300	1.999	0.622	0.293	0.205	-178881.543
1800	8	10000	9280	0.5134	0.320	0.323	0.290	0.309	0.291	0.300	0.308	0.277	0.287	0.301	0.301	0.291	0.285	0.304	2.013	0.606	0.294	0.200	-178260.199
1801	8	10000	9254	0.5120	0.320	0.302	0.307	0.295	0.302	0.299	0.295	0.282	0.284	0.300	0.299	0.294	0.291	0.307	2.008	0.591	0.303	0.193	-177834.355
1802	8	10000	9263	0.5108	0.300	0.307	0.303	0.289	0.303	0.303	0.313	0.290	0.300	0.314	0.303	0.292	0.310	0.306	1.970	0.572	0.310	0.191	-179682.145
1803	8	10000	9295	0.5111	0.333	0.308	0.307	0.299	0.300	0.313	0.306	0.283	0.302	0.297	0.311	0.295	0.306	0.302	1.997	0.608	0.305	0.197	-179533.336
1804	8	10000	9255	0.5092	0.295	0.286	0.303	0.300	0.306	0.302	0.293	0.325	0.297	0.300	0.300	0.301	0.299	0.298	2.013	0.607	0.309	0.195	-178050.097
1805	8	10000	9234	0.5144	0.302	0.317	0.292	0.294	0.309	0.300	0.292	0.287	0.296	0.305	0.306	0.299	0.292	0.308	2.036	0.578	0.295	0.192	-178173.503
1806	8	10000	9207	0.5127	0.302	0.286	0.304	0.295	0.305	0.301	0.301	0.280	0.290	0.286	0.302	0.311	0.299	0.298	1.996	0.603	0.313	0.195	-178104.780
1807	8	10000	9280	0.5133	0.300	0.305	0.303	0.304	0.285	0.295	0.305	0.288	0.294	0.314	0.272	0.301	0.305	0.292	2.008	0.595	0.304	0.200	-178153.334
1808	8	10000	9296	0.5178	0.267	0.320	0.315	0.291	0.312	0.318	0.300	0.313	0.306	0.306	0.295	0.302	0.302	0.292	2.008	0.594	0.298	0.198	-179363.280
1809	8	10000	9236	0.5151	0.326	0.299	0.294	0.307	0.303	0.291	0.302	0.269	0.299	0.306	0.299	0.314	0.291	0.305	1.973	0.604	0.308	0.195	-178610.492
1810	8	10000	9320	0.5137	0.302	0.307	0.292	0.316	0.320	0.307	0.299	0.302	0.291	0.306	0.306	0.291	0.293	0.299	2.043	0.573	0.284	0.199	-179033.378
1811	8	10000	9299	0.5104	0.303	0.305	0.303	0.293	0.315	0.302	0.296	0.311	0.295	0.301	0.306	0.313	0.312	0.298	1.970	0.589	0.301	0.199	-179506.182
1812	8	10000	9288	0.5110	0.322	0.300	0.303	0.304	0.296	0.308	0.309	0.285	0.296	0.297	0.302	0.305	0.296	0.304	1.963	0.603	0.300	0.206	-179554.378
1813	8	10000	9258	0.5124	0.322	0.311	0.287	0.303	0.295	0.291	0.311	0.292	0.301	0.296	0.292	0.298	0.297	0.305	2.006	0.609	0.298	0.198	-178044.112
1814	8	10000	9272	0.5138	0.262	0.301	0.305	0.311	0.302	0.289	0.310	0.335	0.292	0.303	0.303	0.309	0.300	0.297	1.965	0.585	0.309	0.197	-179554.446
1815	8	10000	9283	0.5159	0.283	0.302	0.298	0.280	0.295	0.292	0.313	0.286	0.296	0.294	0.293	0.297	0.302	0.302	2.023	0.605	0.286	0.204	-177488.123
1816	8	10000	9300	0.5141	0.278	0.305	0.301	0.308	0.301	0.309	0.284	0.323	0.303	0.297	0.305	0.307	0.287	0.313	2.013	0.574	0.293	0.199	-179295.115
1817	8	10000	9262	0.5158	0.267	0.288	0.297	0.301	0.318	0.306	0.292	0.328	0.322	0.298	0.301	0.292	0.301	0.308	1.985	0.574	0.308	0.193	-179176.035
1818	8	10000	9248	0.5108	0.293	0.320	0.305	0.297	0.303	0.301	0.294	0.294	0.285	0.298	0.305	0.302	0.308	0.299	1.992	0.603	0.308	0.200	-178795.013
1819	8	10000	9284	0.5087	0.280	0.283	0.316	0.287	0.301	0.296	0.298	0.314	0.310	0.297	0.303	0.302	0.297	0.312	2.016	0.618	0.306	0.198	-178245.017
1820	8	10000	9277	0.5123	0.315	0.289	0.298	0.290	0.297	0.312	0.293	0.295	0.308	0.317	0.300	0.298	0.303	0.304	1.954	0.597	0.294	0.201	-179197.441
1821	8	10000	9260	0.5112	0.290	0.300	0.290	0.292	0.289	0.302	0.289	0.309	0.314	0.301	0.297	0.306	0.312	0.308	1.989	0.586	0.308	0.196	-178584.593
1822	8	10000	9270	0.5139	0.271	0.302	0.310	0.282	0.312	0.310	0.291	0.331	0.293	0.302	0.301	0.289	0.295	0.295	2.022	0.610	0.298	0.200	-178055.261
1823	8	10000	9267	0.5111	0.342	0.298	0.296	0.296	0.289	0.304	0.304	0.271	0.308	0.294	0.307	0.288	0.299	0.304	2.009	0.586	0.289	0.197	-178452.718
1824	8	10000	9297	0.5115	0.328	0.293	0.306	0.293	0.302	0.306	0.308	0.295	0.303	0.312	0.300	0.292	0.298	0.303	1.935	0.599	0.304	0.199	-179348.292
1825	8	10000	9298	0.5136	0.315	0.293	0.305	0.300	0.298	0.306	0.300	0.280	0.294	0.300	0.307	0.294	0.302	0.298	2.039	0.624	0.292	0.209	-178438.182
1826	8	10000	9280	0.5135	0.272	0.296	0.307	0.297	0.282	0.294	0.304	0.328	0.302	0.285	0.294	0.317	0.308	0.282	1.988	0.581	0.274	0.204	-177788.848
1827	8	10000	9263	0.5143	0.275	0.313	0.299	0.304	0.277	0.293	0.299	0.340	0.301	0.291	0.304	0.323	0.293	0.294	1.983	0.604	0.314	0.195	-178584.327
1828	8	10000	9297	0.5135	0.333	0.292	0.306	0.301	0.306	0.292	0.298	0.292	0.295	0.288	0.306	0.277	0.306	0.303	1.960	0.619	0.307	0.202	-178550.647
1829	8	10000	9247	0.5103	0.278	0.299	0.297	0.302	0.317	0.298	0.302	0.310	0.294	0.298	0.299	0.297	0.295	0.292	2.008	0.586	0.283	0.199	-177981.265
1830	8	10000	9282	0.5153	0.304	0.309	0.302	0.291	0.301	0.302	0.294	0.298	0.305	0.299	0.302	0.285	0.298	0.299	1.978	0.629	0.301	0.203	-178412.292
1831	8	10000	9278	0.5118	0.304	0.301	0.297	0.303	0.309	0.298	0.297	0.310	0.308	0.291	0.314	0.303	0.297	0.305	2.034	0.602	0.316	0.199	-179213.244
1832	8	10000	9268	0.5135	0.321	0.305	0.286	0.311	0.292	0.293	0.315	0.269	0.301	0.304	0.301	0.299	0.303	0.306	1.995	0.600	0.305	0.199	-178818.573
1833	8	10000	9262	0.5137	0.313	0.306	0.300	0.305	0.301	0.310	0.306	0.280	0.304	0.301	0.303	0.304	0.301	0.303	1.981	0.595	0.308	0.202	-179540.213
1834	8	10000	9279	0.5097	0.292	0.310	0.300	0.302	0.312	0.297	0.306	0.297	0.312	0.297	0.307	0.299	0.305	0.297	1.999	0.604	0.287	0.200	-179099.461
1835	8	10000	9287	0.5111	0.308	0.308	0.283	0.310	0.309	0.293	0.298	0.278	0.295	0.298	0.300	0.288	0.301	0.302	1.996	0.590	0.276	0.197	-177785.073
1836	8	10000	9247	0.5153	0.301	0.308	0.294	0.295	0.284	0.293	0.283	0.287	0.286	0.285	0.302	0.297	0.300	0.304	2.029	0.630	0.283	0.203	-176522.993
1837	8	10000	9301	0.5126	0.317	0.302	0.301	0.293	0.307	0.307	0.294	0.274	0.307	0.308	0.302	0.304	0.302	0.294	2.053	0.578	0.288	0.198	-178766.633
1838	8	10000	9308	0.5131	0.319	0.280	0.296	0.301	0.303	0.297	0.296	0.285	0.284	0.306	0.302	0.308	0.291	0.295	1.994	0.588	0.301	0.199	-178086.209
1839	8	10000	9267	0.5159	0.303	0.303	0.295	0.287	0.291	0.311	0.295	0.293	0.306	0.302	0.296	0.301	0.299	0.300	2.040	0.596	0.294	0.198	-178031.848
1840	8	10000	9303	0.5111	0.284	0.283	0.296	0.295	0.295	0.304	0.302	0.330	0.297	0.305	0.294	0.313	0.306	0.289	1.993	0.612	0.290	0.208	-178616.503
1841	8	10000	9269	0.5127	0.314	0.290	0.307	0.293	0.330	0.308	0.301	0.303	0.292	0.296	0.301	0.314	0.302	0.298	2.022	0.606	0.308	0.194	-179103.650
1842	8	10000	9240	0.5169	0.321	0.279	0.298	0.290	0.314	0.293	0.284	0.290	0.298	0.300	0.299	0.299	0.306	0.304	1.994	0.600	0.292	0.196	-177690.173
1843	8	10000	9295	0.5139	0.277	0.310	0.304	0.288	0.303	0.298	0.303	0.313	0.291	0.308	0.292	0.302	0.298	0.306	1.951	0.590	0.298	0.198	-178661.661
1844	8	10000	9313	0.5127	0.300	0.296	0.285	0.300	0.292	0.304	0.302	0.310	0.291	0.295	0.302	0.299	0.297	0.301	1.989	0.641	0.303	0.211	-178309.878
1845	8	10000	9277	0.5112	0.319	0.323	0.296	0.296	0.289	0.292	0.305	0.298	0.308	0.309	0.288	0.298	0.296	0.297	1.993	0.617	0.293	0.201	-178307.821
1846	8	10000	9303	0.5109	0.312	0.306	0.301	0.301	0.294	0.295	0.301	0.294	0.302	0.303	0.296	0.303	0.287	0.308	2.001	0.615	0.298	0.200	-178422.511
1847	8	10000	9223	0.5162	0.309	0.306	0.298	0.302	0.299	0.305	0.304	0.288	0.291	0.299	0.296	0.304	0.291	0.310	2.026	0.597	0.298	0.195	-178402.941
1848	8	10000	9249	0.5105	0.308	0.307	0.299	0.297	0.282	0.302	0.296	0.287	0.308	0.305	0.297	0.297	0.302	0.295	1.972	0.621	0.300	0.201	-178316.892
1849	8	10000	9326	0.5152	0.310	0.309	0.299	0.300	0.310	0.307	0.287	0.289	0.299	0.301	0.306	0.310	0.305	0.299	2.015	0.566	0.289	0.197	-179342.159
1850	8	10000	9274	0.5169	0.285	0.319	0.290	0.299	0.294	0.289	0.291	0.307	0.302	0.315	0.297	0.309	0.300	0.310	1.993	0.568	0.289	0.193	-178688.317
1851	8	10000	9237	0.5138	0.276	0.314	0.308	0.283	0.286	0.292	0.303	0.313	0.301	0.305	0.295	0.302	0.304	0.299	1.976	0.595	0.285	0.196	-178001.079
1852	8	10000	9284	0.5145	0.308	0.296	0.297	0.300	0.299	0.299	0.311	0.303	0.301	0.302	0.309	0.310	0.295	0.314	2.004	0.580	0.291	0.197	-179329.246
1853	8	10000	9285	0.5079	0.259	0.286	0.301	0.318	0.315	0.310	0.308	0.336	0.297	0.305	0.297	0.290	0.299	0.300	1.984	0.588	0.307	0.202	-179431.594
1854	8	10000	9266	0.5131	0.289	0.313	0.304	0.294	0.288	0.303	0.298	0.319	0.287	0.297	0.297	0.300	0.301	0.305	1.965	0.605	0.296	0.200	-178371.947
1855	8	10000	9292	0.5114	0.292	0.303	0.303	0.292	0.315	0.294	0.299	0.307	0.308	0.298	0.302	0.289	0.313	0.295	2.046	0.560	0.282	0.203	-178715.521
1856	8	10000	9270	0.5151	0.315	0.301	0.302	0.294	0.299	0.298	0.287	0.285	0.300	0.307	0.299	0.290	0.286	0.316	1.993	0.592	0.304	0.196	-178161.278
1857	8	10000	9271	0.5124	0.283	0.307	0.296	0.302	0.294	0.307	0.304	0.297	0.301	0.292	0.293	0.295	0.293	0.283	1.972	0.602	0.311	0.202	-178030.972
1858	8	10000	9255	0.5159	0.285	0.295	0.304	0.297	0.307	0.295	0.292	0.323	0.305	0.298	0.293	0.290	0.304	0.288	2.035	0.608	0.306	0.204	-178061.041
1859	8	10000	9326	0.5111	0.313	0.298	0.312	0.299	0.309	0.303	0.312	0.279	0.315	0.293	0.311	0.317	0.283	0.306	2.001	0.598	0.313	0.200	-179745.314
1860	8	10000	9288	0.5159	0.291	0.306	0.299	0.304	0.318	0.297	0.305	0.323	0.290	0.286	0.312	0.304	0.291	0.311	2.032	0.587	0.309	0.201	-179422.649
1861	8	10000	9265	0.5124	0.335	0.294	0.307	0.297	0.291	0.285	0.301	0.287	0.297	0.285	0.306	0.297	0.296	0.285	1.967	0.630	0.296	0.204	-177764.568
1862	8	10000	9263	0.5132	0.294	0.305	0.298	0.291	0.298	0.286	0.301	0.311	0.296	0.299	0.298	0.288	0.310	0.303	2.054	0.603	0.304	0.198	-178048.343
1863	8	10000	9326	0.5143	0.318	0.299	0.297	0.299	0.322	0.292	0.307	0.282	0.306	0.301	0.303	0.301	0.303	0.304	1.989	0.584	0.290	0.202	-179403.334
1864	8	10000	9256	0.5161	0.317	0.298	0.283	0.315	0.292	0.294	0.282	0.261	0.295	0.300	0.291	0.323	0.284	0.311	1.987	0.601	0.305	0.203	-178033.337
1865	8	10000	9301	0.5141	0.259	0.301	0.293	0.304	0.319	0.312	0.292	0.327	0.318	0.296	0.313	0.300	0.315	0.307	1.999	0.622	0.316	0.199	-179780.164
1866	8	10000	9317	0.5150	0.286	0.288	0.301	0.321	0.307	0.296	0.305	0.305	0.309	0.304	0.294	0.307	0.297	0.303	2.006	0.575	0.285	0.200	-179206.841
1867	8	10000	9343	0.5150	0.325	0.308	0.288	0.312	0.294	0.304	0.300	0.283	0.307	0.294	0.294	0.302	0.300	0.298	2.026	0.621	0.314	0.203	-178717.399
1868	8	10000	9235	0.5137	0.319	0.304	0.293	0.287	0.300	0.301	0.296	0.255	0.300	0.291	0.291	0.322	0.282	0.297	1.986	0.607	0.288	0.201	-177109.082
1869	8	10000	9307	0.5159	0.321	0.290	0.311	0.306	0.309	0.297	0.296	0.267	0.306	0.305	0.292	0.303	0.308	0.306	2.018	0.586	0.293	0.195	-178845.714
1870	8	10000	9285	0.5167	0.276	0.294	0.309	0.306	0.297	0.310	0.306	0.354	0.309	0.299	0.308	0.288	0.301	0.300	2.028	0.596	0.297	0.196	-179277.445
1871	8	10000	9271	0.5150	0.311	0.282	0.307	0.309	0.302	0.300	0.279	0.274	0.303	0.293	0.303	0.299	0.285	0.311	2.036	0.556	0.278	0.197	-178007.237
1872	8	10000	9271	0.5128	0.299	0.296	0.303	0.293	0.301	0.299	0.293	0.307	0.302	0.304	0.288	0.291	0.302	0.297	1.980	0.593	0.293	0.200	-177850.700
1873	8	10000	9255	0.5172	0.271	0.296	0.298	0.285	0.316	0.288	0.311	0.325	0.307	0.300	0.294	0.293	0.290	0.310	1.967	0.600	0.298	0.200	-178249.336
1874	8	10000	9273	0.5139	0.301	0.308	0.306	0.303	0.295	0.309	0.298	0.295	0.306	0.298	0.291	0.301	0.301	0.294	1.993	0.607	0.322	0.200	-179130.462
1875	8	10000	9253	0.5132	0.315	0.294	0.292	0.293	0.294	0.312	0.300	0.290	0.306	0.303	0.296	0.306	0.305	0.296	1.993	0.609	0.299	0.198	-178422.462
1876	8	10000	9241	0.5123	0.304	0.298	0.300	0.298	0.297	0.295	0.294	0.316	0.291	0.312	0.297	0.315	0.301	0.305	1.954	0.612	0.311	0.196	-178613.078
1877	8	10000	9273	0.5167	0.284	0.308	0.308	0.312	0.314	0.304	0.297	0.303	0.303	0.290	0.309	0.299	0.313	0.304	1.998	0.588	0.292	0.201	-179522.486
1878	8	10000	9282	0.5138	0.317	0.294	0.295	0.302	0.303	0.297	0.302	0.280	0.293	0.290	0.306	0.300	0.284	0.303	1.998	0.623	0.284	0.203	-177821.439
1879	8	10000	9317	0.5132	0.272	0.308	0.318	0.297	0.305	0.302	0.304	0.327	0.307	0.306	0.299	0.309	0.300	0.308	2.008	0.607	0.308	0.203	-180122.779
1880	8	10000	9269	0.5131	0.297	0.322	0.298	0.306	0.297	0.302	0.304	0.308	0.298	0.307	0.294	0.300	0.294	0.299	1.993	0.588	0.300	0.201	-179148.514
1881	8	10000	9297	0.5116	0.276	0.300	0.309	0.300	0.284	0.303	0.297	0.329	0.297	0.305	0.303	0.331	0.304	0.309	2.036	0.609	0.309	0.201	-179496.851
1882	8	10000	9265	0.5131	0.311	0.316	0.299	0.307	0.276	0.300	0.310	0.299	0.315	0.297	0.290	0.295	0.296	0.309	2.000	0.606	0.301	0.198	-178803.099
1883	8	10000	9290	0.5152	0.312	0.296	0.308	0.286	0.300	0.292	0.307	0.286	0.311	0.305	0.300	0.307	0.305	0.294	1.988	0.615	0.305	0.202	-178832.674
1884	8	10000	9270	0.5144	0.298	0.295	0.299	0.311	0.300	0.285	0.297	0.295	0.301	0.301	0.309	0.307	0.301	0.308	1.991	0.600	0.298	0.200	-179115.147
1885	8	10000	9272	0.5152	0.306	0.299	0.304	0.302	0.301	0.289	0.305	0.312	0.288	0.303	0.296	0.313	0.304	0.298	1.997	0.569	0.289	0.194	-178738.988
1886	8	10000	9268	0.5130	0.296	0.304	0.303	0.297	0.303	0.300	0.298	0.299	0.298	0.306	0.289	0.301	0.303	0.296	2.015	0.596	0.308	0.198	-178526.879
1887	8	10000	9275	0.5097	0.316	0.299	0.291	0.298	0.313	0.299	0.305	0.298	0.296	0.311	0.295	0.291	0.303	0.310	1.993	0.607	0.296	0.197	-178688.547
1888	8	10000	9276	0.5123	0.305	0.306	0.305	0.300	0.286	0.304	0.294	0.278	0.310	0.286	0.302	0.290	0.298	0.305	2.007	0.585	0.299	0.199	-178217.695
1889	8	10000	9284	0.5131	0.294	0.306	0.307	0.307	0.301	0.305	0.310	0.297	0.307	0.311	0.292	0.311	0.303	0.316	1.966	0.562	0.286	0.203	-180543.903
1890	8	10000	9228	0.5145	0.312	0.288	0.298	0.303	0.305	0.303	0.307	0.291	0.307	0.285	0.309	0.298	0.297	0.301	2.006	0.607	0.298	0.198	-178201.163
1891	8	10000	9262	0.5156	0.319	0.300	0.311	0.302	0.295	0.305	0.300	0.265	0.306	0.306	0.310	0.295	0.290	0.302	2.003	0.585	0.296	0.195	-178750.129
1892	8	10000	9293	0.5157	0.318	0.297	0.287	0.302	0.296	0.299	0.297	0.301	0.304	0.300	0.293	0.300	0.299	0.297	1.966	0.623	0.314	0.201	-178407.362
1893	8	10000	9317	0.5147	0.273	0.292	0.283	0.311	0.301	0.295	0.308	0.328	0.295	0.287	0.295	0.304	0.318	0.303	2.014	0.591	0.292	0.205	-178827.972
1894	8	10000	9291	0.5141	0.323	0.311	0.297	0.291	0.300	0.294	0.302	0.262	0.309	0.306	0.308	0.298	0.296	0.301	1.948	0.595	0.291	0.200	-178778.661
1895	8	10000	9277	0.5114	0.325	0.298	0.302	0.295	0.295	0.300	0.298	0.296	0.303	0.304	0.313	0.292	0.311	0.296	2.002	0.629	0.299	0.204	-178737.461
1896	8	10000	9238	0.5172	0.304	0.306	0.292	0.287	0.302	0.300	0.294	0.295	0.306	0.298	0.286	0.288	0.282	0.302	2.023	0.589	0.294	0.193	-176975.609
1897	8	10000	9313	0.5120	0.300	0.312	0.288	0.312	0.306	0.306	0.300	0.275	0.300	0.308	0.314	0.288	0.301	0.292	2.022	0.588	0.299	0.196	-178758.992
1898	8	10000	9291	0.5160	0.343	0.305	0.293	0.310	0.302	0.307	0.317	0.262	0.300	0.290	0.294	0.304	0.297	0.307	2.009	0.606	0.300	0.196	-178945.756
1899	8	10000	9246	0.5091	0.280	0.294	0.286	0.306	0.300	0.299	0.308	0.307	0.299	0.283	0.308	0.301	0.296	0.295	1.982	0.612	0.301	0.199	-177863.896
1900	8	10000	9279	0.5143	0.291	0.301	0.300	0.287	0.298	0.300	0.300	0.293	0.301	0.295	0.284	0.316	0.297	0.290	1.988	0.599	0.298	0.190	-177302.969
1901	8	10000	9253	0.5147	0.282	0.289	0.313	0.300	0.306	0.312	0.297	0.314	0.305	0.303	0.287	0.275	0.296	0.320	2.005	0.589	0.289	0.202	-178744.087
1902	8	10000	9260	0.5131	0.334	0.299	0.286	0.310	0.300	0.296	0.306	0.276	0.303	0.282	0.286	0.284	0.296	0.298	1.940	0.622	0.307	0.205	-178019.426
1903	8	10000	9251	0.5100	0.257	0.293	0.301	0.297	0.293	0.309	0.301	0.339	0.306	0.286	0.292	0.301	0.293	0.299	1.988	0.588	0.300	0.190	-177665.483
1904	8	10000	9298	0.5129	0.301	0.306	0.294	0.294	0.295	0.295	0.286	0.316	0.299	0.299	0.320	0.309	0.312	0.293	1.984	0.609	0.310	0.199	-178625.052
1905	8	10000	9260	0.5143	0.284	0.297	0.306	0.295	0.292	0.291	0.312	0.302	0.303	0.303	0.301	0.313	0.289	0.309	1.942	0.591	0.302	0.197	-178805.854
1906	8	10000	9268	0.5148	0.291	0.295	0.300	0.290	0.313	0.290	0.297	0.320	0.301	0.304	0.301	0.310	0.301	0.298	2.017	0.606	0.311	0.203	-178967.801
1907	8	10000	9253	0.5139	0.297	0.292	0.291	0.307	0.295	0.282	0.298	0.290	0.293	0.301	0.288	0.311	0.302	0.296	2.007	0.623	0.294	0.200	-177328.927
1908	8	10000	9256	0.5112	0.294	0.309	0.311	0.303	0.302	0.295	0.293	0.295	0.291	0.288	0.304	0.308	0.297	0.293	2.003	0.584	0.287	0.196	-177998.735
1909	8	10000	9263	0.5126	0.299	0.300	0.304	0.298	0.302	0.309	0.302	0.308	0.315	0.299	0.306	0.304	0.294	0.302	2.032	0.592	0.300	0.200	-179418.584
1910	8	10000	9314	0.5102	0.309	0.298	0.288	0.307	0.282	0.295	0.305	0.304	0.298	0.288	0.293	0.314	0.313	0.301	2.021	0.631	0.305	0.207	-178489.983
1911	8	10000	9250	0.5153	0.284	0.304	0.323	0.286	0.309	0.295	0.299	0.318	0.311	0.302	0.305	0.317	0.307	0.284	2.038	0.605	0.324	0.198	-179212.951
1912	8	10000	9356	0.5173	0.301	0.290	0.293	0.305	0.323	0.289	0.310	0.309	0.318	0.312	0.294	0.295	0.301	0.315	1.979	0.608	0.293	0.206	-179889.444
1913	8	10000	9236	0.5123	0.315	0.312	0.288	0.310	0.300	0.311	0.308	0.293	0.296	0.296	0.293	0.316	0.305	0.302	1.991	0.572	0.288	0.198	-179275.711
1914	8	10000	9284	0.5142	0.257	0.288	0.284	0.296	0.308	0.292	0.304	0.337	0.315	0.295	0.310	0.295	0.300	0.310	1.997	0.587	0.299	0.198	-178680.984
1915	8	10000	9279	0.5130	0.292	0.293	0.292	0.306	0.312	0.312	0.298	0.314	0.315	0.291	0.311	0.309	0.310	0.298	1.999	0.594	0.303	0.202	-179752.547
1916	8	10000	9271	0.5112	0.298	0.303	0.300	0.295	0.298	0.299	0.303	0.278	0.297	0.304	0.283	0.295	0.295	0.300	1.999	0.607	0.294	0.200	-177379.314
1917	8	10000	9266	0.5135	0.292	0.297	0.294	0.305	0.312	0.318	0.303	0.311	0.303	0.299	0.302	0.291	0.308	0.294	2.005	0.605	0.324	0.200	-179636.562
1918	8	10000	9284	0.5123	0.269	0.304	0.304	0.293	0.300	0.296	0.297	0.323	0.309	0.318	0.298	0.296	0.294	0.307	2.021	0.609	0.312	0.206	-178870.016
1919	8	10000	9213	0.5147	0.294	0.291	0.287	0.305	0.310	0.287	0.297	0.306	0.301	0.307	0.303	0.298	0.312	0.302	1.973	0.598	0.301	0.200	-178533.287
1920	8	10000	9280	0.5143	0.318	0.306	0.304	0.305	0.288	0.301	0.299	0.297	0.312	0.305	0.299	0.295	0.311	0.297	1.996	0.594	0.299	0.201	-179364.172
1921	8	10000	9308	0.5157	0.295	0.317	0.305	0.294	0.298	0.290	0.301	0.288	0.302	0.309	0.295	0.289	0.304	0.314	2.002	0.595	0.294	0.204	-179042.761
1922	8	10000	9263	0.5136	0.349	0.313	0.308	0.299	0.302	0.297	0.303	0.285	0.291	0.281	0.296	0.311	0.306	0.288	1.978	0.607	0.313	0.197	-178776.001
1923	8	10000	9215	0.5129	0.328	0.308	0.305	0.290	0.306	0.294	0.301	0.263	0.314	0.316	0.282	0.284	0.291	0.306	2.015	0.620	0.316	0.202	-178359.174
1924	8	10000	9193	0.5091	0.292	0.298	0.289	0.302	0.277	0.300	0.299	0.309	0.296	0.297	0.304	0.304	0.302	0.309	1.974	0.588	0.300	0.194	-177984.002
1925	8	10000	9262	0.5179	0.299	0.287	0.288	0.306	0.298	0.289	0.308	0.290	0.310	0.288	0.304	0.301	0.299	0.295	1.989	0.612	0.294	0.208	-178226.738
1926	8	10000	9344	0.5166	0.303	0.293	0.303	0.303	0.299	0.296	0.310	0.288	0.301	0.299	0.302	0.310	0.288	0.306	2.034	0.598	0.296	0.207	-179077.515
1927	8	10000	9266	0.5142	0.279	0.319	0.293	0.300	0.303	0.304	0.302	0.319	0.293	0.292	0.293	0.307	0.299	0.298	2.047	0.604	0.291	0.201	-178155.892
1928	8	10000	9280	0.5164	0.303	0.295	0.299	0.300	0.306	0.304	0.291	0.284	0.298	0.302	0.311	0.313	0.303	0.300	2.044	0.598	0.301	0.198	-178721.519
1929	8	10000	9234	0.5149	0.310	0.306	0.314	0.303	0.294	0.297	0.292	0.281	0.310	0.299	0.309	0.292	0.303	0.288	2.026	0.585	0.312	0.195	-178497.647
1930	8	10000	9245	0.5181	0.297	0.294	0.296	0.305	0.295	0.286	0.293	0.282	0.305	0.301	0.310	0.305	0.290	0.300	1.959	0.593	0.298	0.194	-177783.209
1931	8	10000	9305	0.5183	0.291	0.309	0.297	0.295	0.292	0.302	0.299	0.302	0.307	0.304	0.307	0.284	0.302	0.302	1.974	0.590	0.282	0.205	-178931.681
1932	8	10000	9283	0.5128	0.328	0.302	0.301	0.298	0.307	0.290	0.312	0.277	0.302	0.301	0.307	0.309	0.306	0.294	2.020	0.592	0.312	0.198	-179326.329
1933	8	10000	9325	0.5131	0.273	0.303	0.301	0.301	0.303	0.312	0.315	0.329	0.301	0.300	0.292	0.304	0.309	0.297	2.005	0.591	0.293	0.205	-179801.491
1934	8	10000	9252	0.5180	0.296	0.309	0.296	0.309	0.311	0.286	0.298	0.280	0.302	0.307	0.296	0.302	0.298	0.292	1.981	0.593	0.293	0.193	-178120.166
1935	8	10000	9275	0.5120	0.294	0.296	0.310	0.302	0.288	0.312	0.298	0.331	0.305	0.309	0.297	0.289	0.299	0.305	2.057	0.584	0.313	0.198	-179266.170
1936	8	10000	9305	0.5160	0.304	0.307	0.310	0.290	0.295	0.285	0.308	0.298	0.304	0.306	0.303	0.290	0.297	0.311	1.985	0.605	0.291	0.201	-178977.337
1937	8	10000	9264	0.5129	0.341	0.303	0.310	0.299	0.309	0.299	0.297	0.270	0.291	0.294	0.297	0.304	0.304	0.294	2.027	0.612	0.317	0.197	-178489.873
1938	8	10000	9307	0.5156	0.289	0.296	0.307	0.299	0.300	0.299	0.295	0.321	0.297	0.310	0.299	0.317	0.303	0.302	2.000	0.600	0.288	0.203	-179284.272
1939	8	10000	9266	0.5136	0.316	0.286	0.295	0.300	0.303	0.306	0.294	0.293	0.291	0.294	0.290	0.282	0.297	0.289	2.013	0.594	0.291	0.197	-177173.045
1940	8	10000	9271	0.5109	0.328	0.307	0.300	0.306	0.315	0.302	0.283	0.282	0.303	0.318	0.293	0.303	0.302	0.309	1.986	0.606	0.302	0.201	-179267.706
1941	8	10000	9255	0.5142	0.333	0.308	0.299	0.315	0.301	0.294	0.284	0.269	0.290	0.306	0.303	0.298	0.303	0.286	1.996	0.606	0.295	0.196	-177976.087
1942	8	10000	9278	0.5145	0.272	0.304	0.302	0.302	0.294	0.306	0.298	0.321	0.296	0.292	0.308	0.303	0.299	0.309	2.020	0.617	0.310	0.200	-178620.040
1943	8	10000	9292	0.5118	0.284	0.297	0.306	0.311	0.300	0.299	0.302	0.322	0.322	0.303	0.305	0.314	0.303	0.302	1.944	0.589	0.299	0.197	-180045.333
1944	8	10000	9284	0.5116	0.297	0.308	0.316	0.299	0.310	0.298	0.294	0.283	0.306	0.301	0.312	0.297	0.300	0.307	2.016	0.573	0.290	0.197	-179262.167
1945	8	10000	9286	0.5099	0.296	0.299	0.303	0.306	0.298	0.306	0.294	0.314	0.301	0.291	0.294	0.304	0.297	0.305	1.963	0.590	0.290	0.201	-178738.413
1946	8	10000	9336	0.5154	0.325	0.307	0.301	0.307	0.297	0.315	0.297	0.301	0.304	0.295	0.300	0.300	0.312	0.296	1.998	0.604	0.291	0.200	-179741.739
1947	8	10000	9268	0.5204	0.330	0.299	0.305	0.304	0.291	0.297	0.293	0.300	0.292	0.295	0.303	0.305	0.297	0.296	2.003	0.587	0.295	0.193	-178592.062
1948	8	10000	9261	0.5121	0.254	0.300	0.290	0.307	0.292	0.303	0.293	0.337	0.299	0.305	0.304	0.290	0.297	0.316	2.058	0.605	0.292	0.206	-178327.824
1949	8	10000	9276	0.5080	0.308	0.298	0.311	0.294	0.302	0.309	0.294	0.304	0.311	0.304	0.293	0.310	0.294	0.297	1.992	0.578	0.282	0.202	-178987.859
1950	8	10000	9274	0.5114	0.332	0.310	0.301	0.296	0.277	0.300	0.299	0.284	0.304	0.303	0.299	0.296	0.295	0.300	2.012	0.602	0.295	0.203	-178452.959
1951	8	10000	9225	0.5114	0.291	0.314	0.291	0.284	0.289	0.309	0.299	0.297	0.300	0.303	0.286	0.306	0.305	0.301	2.014	0.595	0.299	0.195	-177652.894
1952	8	10000	9262	0.5129	0.270	0.309	0.285	0.288	0.294	0.306	0.296	0.308	0.297	0.295	0.296	0.285	0.310	0.294	1.992	0.604	0.304	0.198	-177422.538
1953	8	10000	9308	0.5139	0.284	0.301	0.309	0.313	0.320	0.292	0.319	0.300	0.314	0.308	0.297	0.302	0.308	0.307	2.001	0.580	0.298	0.192	-180001.903
1954	8	10000	9265	0.5079	0.327	0.295	0.307	0.315	0.294	0.299	0.305	0.286	0.295	0.302	0.309	0.322	0.309	0.310	2.056	0.568	0.309	0.197	-179925.034
1955	8	10000	9250	0.5160	0.306	0.304	0.308	0.304	0.302	0.296	0.305	0.285	0.282	0.295	0.308	0.301	0.306	0.301	2.002	0.602	0.299	0.197	-178667.160
1956	8	10000	9291	0.5108	0.309	0.307	0.293	0.301	0.300	0.303	0.294	0.291	0.304	0.285	0.305	0.277	0.290	0.319	2.005	0.586	0.304	0.201	-178422.775
1957	8	10000	9301	0.5143	0.261	0.294	0.306	0.296	0.301	0.299	0.295	0.345	0.293	0.301	0.291	0.308	0.299	0.302	2.000	0.605	0.276	0.199	-178073.570
1958	8	10000	9310	0.5138	0.309	0.300	0.290	0.292	0.297	0.318	0.304	0.284	0.291	0.301	0.298	0.301	0.294	0.307	2.013	0.601	0.305	0.202	-178706.174
1959	8	10000	9302	0.5123	0.303	0.308	0.303	0.299	0.303	0.300	0.298	0.304	0.305	0.309	0.291	0.317	0.317	0.301	2.032	0.603	0.316	0.201	-179690.854
1960	8	10000	9252	0.5135	0.272	0.305	0.310	0.295	0.310	0.312	0.292	0.321	0.305	0.296	0.299	0.303	0.305	0.297	1.996	0.613	0.299	0.192	-178276.155
1961	8	10000	9259	0.5172	0.303	0.319	0.305	0.304	0.292	0.297	0.286	0.306	0.304	0.301	0.288	0.297	0.305	0.310	2.035	0.632	0.296	0.199	-178138.391
1962	8	10000	9306	0.5131	0.296	0.298	0.302	0.299	0.301	0.297	0.292	0.287	0.295	0.298	0.297	0.296	0.308	0.309	2.002	0.591	0.292	0.199	-178450.461
1963	8	10000	9284	0.5112	0.326	0.303	0.295	0.310	0.301	0.297	0.311	0.289	0.298	0.299	0.301	0.304	0.303	0.302	2.036	0.591	0.295	0.197	-178931.838
1964	8	10000	9281	0.5151	0.302	0.303	0.302	0.300	0.295	0.308	0.309	0.290	0.297	0.309	0.298	0.307	0.306	0.296	1.992	0.588	0.304	0.201	-179295.212
1965	8	10000	9272	0.5116	0.291	0.289	0.301	0.298	0.301	0.302	0.303	0.326	0.293	0.303	0.300	0.299	0.295	0.295	1.988	0.606	0.316	0.203	-178839.302
1966	8	10000	9243	0.5112	0.285	0.286	0.300	0.300	0.324	0.294	0.309	0.305	0.297	0.301	0.303	0.305	0.296	0.305	1.990	0.578	0.296	0.202	-178786.177
1967	8	10000	9226	0.5142	0.288	0.288	0.306	0.299	0.299	0.306	0.301	0.325	0.293	0.288	0.299	0.281	0.305	0.309	2.013	0.593	0.306	0.196	-178340.075
1968	8	10000	9223	0.5115	0.289	0.288	0.299	0.298	0.325	0.303	0.286	0.307	0.314	0.289	0.291	0.298	0.303	0.313	1.977	0.574	0.292	0.193	-178326.799
1969	8	10000	9287	0.5133	0.294	0.306	0.297	0.290	0.294	0.314	0.298	0.297	0.291	0.296	0.301	0.301	0.291	0.291	2.037	0.595	0.290	0.197	-177552.915
1970	8	10000	9255	0.5115	0.331	0.299	0.296	0.305	0.300	0.292	0.297	0.279	0.292	0.301	0.302	0.291	0.290	0.304	1.960	0.638	0.304	0.203	-177756.621
1971	8	10000	9278	0.5120	0.329	0.301	0.300	0.300	0.296	0.291	0.297	0.263	0.303	0.311	0.289	0.290	0.305	0.297	2.013	0.591	0.281	0.205	-178150.146
1972	8	10000	9282	0.5156	0.295	0.294	0.293	0.306	0.306	0.295	0.307	0.287	0.304	0.308	0.297	0.287	0.299	0.295	1.980	0.612	0.295	0.204	-178449.070
1973	8	10000	9250	0.5118	0.320	0.311	0.317	0.302	0.300	0.302	0.298	0.275	0.302	0.298	0.296	0.303	0.285	0.293	2.037	0.614	0.295	0.201	-178354.069
1974	8	10000	9292	0.5153	0.306	0.294	0.311	0.298	0.294	0.298	0.282	0.296	0.297	0.290	0.290	0.300	0.311	0.295	2.044	0.573	0.283	0.200	-177931.718
1975	8	10000	9247	0.5116	0.334	0.295	0.305	0.302	0.307	0.291	0.294	0.239	0.294	0.317	0.297	0.303	0.309	0.317	2.008	0.597	0.313	0.196	-178988.804
1976	8	10000	9264	0.5173	0.298	0.291	0.295	0.296	0.314	0.293	0.293	0.301	0.304	0.300	0.283	0.294	0.304	0.293	1.990	0.603	0.301	0.200	-177943.769
1977	8	10000	9250	0.5115	0.291	0.300	0.303	0.309	0.316	0.304	0.322	0.299	0.299	0.301	0.292	0.308	0.294	0.290	1.998	0.588	0.297	0.195	-178914.361
1978	8	10000	9242	0.5146	0.274	0.287	0.292	0.306	0.307	0.301	0.298	0.321	0.290	0.301	0.301	0.305	0.306	0.293	2.007	0.577	0.281	0.201	-178426.750
1979	8	10000	9288	0.5149	0.285	0.300	0.302	0.297	0.288	0.295	0.303	0.315	0.304	0.319	0.289	0.306	0.300	0.290	2.026	0.574	0.293	0.195	-178460.620
1980	8	10000	9279	0.5142	0.308	0.295	0.298	0.295	0.302	0.309	0.301	0.293	0.324	0.310	0.307	0.310	0.283	0.295	1.978	0.582	0.301	0.193	-179123.595
1981	8	10000	9301	0.5158	0.308	0.297	0.308	0.315	0.298	0.301	0.303	0.292	0.311	0.309	0.300	0.299	0.293	0.311	1.985	0.576	0.300	0.199	-180030.034
1982	8	10000	9298	0.5137	0.269	0.304	0.294	0.298	0.293	0.308	0.312	0.333	0.309	0.300	0.309	0.308	0.288	0.306	2.032	0.601	0.312	0.207	-179421.730
1983	8	10000	9286	0.5101	0.317	0.291	0.297	0.296	0.305	0.303	0.294	0.301	0.301	0.295	0.301	0.293	0.297	0.301	1.950	0.596	0.293	0.203	-178669.336
1984	8	10000	9324	0.5165	0.286	0.290	0.309	0.296	0.309	0.316	0.287	0.329	0.313	0.298	0.304	0.290	0.301	0.303	2.019	0.590	0.284	0.197	-179157.951
1985	8	10000	9316	0.5160	0.263	0.302	0.292	0.294	0.301	0.293	0.299	0.338	0.290	0.304	0.297	0.296	0.296	0.302	2.013	0.617	0.301	0.205	-178169.168
1986	8	10000	9247	0.5119	0.246	0.316	0.302	0.296	0.291	0.311	0.306	0.339	0.301	0.303	0.306	0.324	0.301	0.287	1.980	0.596	0.304	0.198	-179221.077
1987	8	10000	9236	0.5130	0.330	0.299	0.302	0.300	0.299	0.296	0.308	0.274	0.290	0.289	0.306	0.301	0.305	0.299	1.953	0.609	0.305	0.200	-178615.500
1988	8	10000	9347	0.5135	0.320	0.292	0.298	0.310	0.305	0.292	0.293	0.292	0.296	0.290	0.300	0.296	0.295	0.302	1.996	0.592	0.291	0.202	-178417.656
1989	8	10000	9315	0.5130	0.277	0.304	0.293	0.307	0.303	0.300	0.300	0.301	0.310	0.304	0.308	0.301	0.302	0.303	2.017	0.597	0.301	0.206	-179316.918
1990	8	10000	9250	0.5101	0.341	0.294	0.309	0.299	0.291	0.290	0.287	0.262	0.299	0.305	0.280	0.298	0.294	0.302	2.015	0.604	0.295	0.203	-177643.347
1991	8	10000	9283	0.5121	0.290	0.290	0.306	0.293	0.302	0.296	0.302	0.294	0.313	0.299	0.316	0.312	0.309	0.305	1.976	0.617	0.304	0.200	-179154.092
1992	8	10000	9306	0.5188	0.328	0.302	0.291	0.307	0.291	0.309	0.311	0.302	0.300	0.324	0.289	0.298	0.287	0.302	2.019	0.590	0.319	0.200	-179882.041
1993	8	10000	9337	0.5179	0.307	0.302	0.301	0.291	0.302	0.303	0.300	0.296	0.296	0.293	0.306	0.307	0.314	0.295	2.008	0.622	0.302	0.208	-179191.329
1994	8	10000	9297	0.5098	0.300	0.307	0.291	0.306	0.296	0.303	0.300	0.307	0.310	0.295	0.300	0.278	0.306	0.303	2.021	0.575	0.279	0.203	-178664.628
1995	8	10000	9309	0.5138	0.323	0.297	0.301	0.293	0.308	0.289	0.307	0.275	0.292	0.296	0.302	0.315	0.301	0.286	1.992	0.611	0.287	0.205	-178253.586
1996	8	10000	9322	0.5166	0.271	0.299	0.306	0.294	0.306	0.296	0.305	0.344	0.296	0.298	0.300	0.308	0.306	0.305	1.973	0.622	0.314	0.206	-179593.941
1997	8	10000	9270	0.5131	0.275	0.301	0.299	0.302	0.305	0.307	0.302	0.325	0.284	0.300	0.307	0.301	0.294	0.307	1.984	0.616	0.315	0.198	-178837.687
1998	8	10000	9290	0.5141	0.281	0.300	0.297	0.293	0.298	0.293	0.305	0.340	0.311	0.301	0.297	0.306	0.305	0.302	2.010	0.597	0.293	0.199	-178691.840
1999	8	10000	9228	0.5106	0.293	0.282	0.303	0.305	0.291	0.294	0.305	0.307	0.307	0.313	0.293	0.285	0.300	0.308	2.016	0.627	0.319	0.201	-178297.613
2000	8	10000	9202	0.5104	0.297	0.289	0.300	0.299	0.297	0.306	0.304	0.298	0.292	0.307	0.288	0.287	0.299	0.289	2.025	0.605	0.302	0.200	-177694.199

