"","x"
"1",-3222.792
"2",-3252.477
"3",-3346.604
"4",-3127.988
"5",-3182.443
"6",-3461.155
"7",-3376.731
"8",-3294.466
"9",-3308.36
"10",-3309.998
"11",-3419.833
"12",-3287.917
"13",-3471.14
"14",-3323.813
"15",-3334.942
"16",-3270.676
"17",-3470.584
"18",-3174.991
"19",-3405.927
"20",-3354.738
"21",-3120.077
"22",-3247.756
"23",-3262.842
"24",-3175.81
"25",-3385.649
"26",-3315.672
"27",-3379.572
"28",-3375.708
"29",-3511.665
"30",-3554.239
"31",-3282.302
"32",-3218.917
"33",-3191.322
"34",-3236.901
"35",-3337.841
"36",-3291.455
"37",-3434.91
"38",-3460.674
"39",-3517.189
"40",-3193.972
"41",-3201.189
"42",-3395.286
"43",-3253.687
"44",-3299.933
"45",-3273.321
"46",-3264.747
"47",-3215.394
"48",-3303.891
"49",-3348.799
"50",-3244.568
"51",-3296.719
"52",-3378.461
"53",-3216.938
"54",-3572.172
"55",-3242.385
"56",-3260.552
"57",-3399.776
"58",-3484.655
"59",-3257.729
"60",-3404.22
"61",-3203.58
"62",-3275.713
"63",-3520.024
"64",-3496.003
"65",-3383.303
"66",-3369.423
"67",-3248.092
"68",-3339.28
"69",-3560.958
"70",-3366.31
"71",-3352.859
"72",-3404.397
"73",-3447.613
"74",-3414.753
"75",-3483.575
"76",-3321.059
"77",-3396.522
"78",-3204.392
"79",-3352.378
"80",-3294.094
"81",-3378.251
"82",-3451.047
"83",-3324.717
"84",-3123.471
"85",-3403.791
"86",-3442.35
"87",-3037.054
"88",-3176.683
"89",-3276.627
"90",-3255.92
"91",-3259.745
"92",-3361.07
"93",-3158.305
"94",-3398.181
"95",-3247.305
"96",-3277.324
"97",-3296.687
"98",-3437.437
"99",-3484.489
"100",-3363.745
"101",-3459.948
"102",-3282.787
"103",-3573.085
"104",-3459.574
"105",-3299.489
"106",-3308.089
"107",-3427.394
"108",-3240.368
"109",-3477.773
"110",-3218.015
"111",-3470.966
"112",-3468.235
"113",-3215.374
"114",-3282.69
"115",-3301.756
"116",-3361.574
"117",-3190.342
"118",-3426.689
"119",-3173.476
"120",-3367.992
"121",-3355.622
"122",-3378.644
"123",-3410.537
"124",-3321.731
"125",-3204.58
"126",-3365.017
"127",-3645.242
"128",-3368.579
"129",-3269.531
"130",-3335.783
"131",-3482.485
"132",-3290.911
"133",-3177.44
"134",-3205.22
"135",-3373.02
"136",-3451.414
"137",-3209.919
"138",-3316.873
"139",-3367.371
"140",-3482.682
"141",-3206.948
"142",-3409.249
"143",-3239.752
"144",-3376.376
"145",-3292.895
"146",-3135.716
"147",-3221.048
"148",-3558.084
"149",-3226.585
"150",-3487.728
"151",-3309.788
"152",-3093.491
"153",-3294.322
"154",-3302.157
"155",-3300.416
"156",-3346.687
"157",-3273.068
"158",-3331.169
"159",-3402.169
"160",-3231.849
"161",-3205.379
"162",-3422.313
"163",-3434.573
"164",-2943.992
"165",-3604.185
"166",-3365.881
"167",-3305.153
"168",-3257.151
"169",-3450.809
"170",-3366.978
"171",-3356.737
"172",-3376.386
"173",-3334.38
"174",-3355.168
"175",-3491.551
"176",-3261.026
"177",-3354.533
"178",-3235.111
"179",-3533.305
"180",-3392.082
"181",-3409.172
"182",-3314.649
"183",-3407.284
"184",-3118.7
"185",-3160.328
"186",-3338.002
"187",-3356.585
"188",-3129.333
"189",-3186.639
"190",-3317.523
"191",-3505.343
"192",-3238.701
"193",-3261.793
"194",-3492.363
"195",-3442.368
"196",-3453.248
"197",-3555.113
"198",-3557.895
"199",-3369.975
"200",-3271.237
"201",-3259.448
"202",-3384.151
"203",-3442.175
"204",-3330.108
"205",-3666.813
"206",-3296.555
"207",-3271.834
"208",-3280.304
"209",-3217.723
"210",-3289.11
"211",-3206.743
"212",-3386.092
"213",-3292.356
"214",-3260.649
"215",-3346.481
"216",-3398.907
"217",-3383.697
"218",-3189.412
"219",-3262.193
"220",-3254.183
"221",-3412.886
"222",-3364.18
"223",-3287.847
"224",-3319.686
"225",-3238.157
"226",-3244.418
"227",-3467.776
"228",-3236.91
"229",-3352.189
"230",-3579.839
"231",-3329.872
"232",-3430.143
"233",-3170.303
"234",-3463.348
"235",-3320.558
"236",-3270.776
"237",-3287.454
"238",-3148.384
"239",-3399.797
"240",-3283.808
"241",-3172.137
"242",-3419.154
"243",-3347.137
"244",-3461.483
"245",-3491.935
"246",-3379.482
"247",-3087.976
"248",-3418.747
"249",-3555.679
"250",-3269.476
"251",-3244.626
"252",-3315.191
"253",-3290.724
"254",-3454.712
"255",-3338.551
"256",-3349.27
"257",-3393.309
"258",-3428.577
"259",-3568.151
"260",-3272.177
"261",-3153.034
"262",-3490.247
"263",-3452.56
"264",-3277.834
"265",-3151.681
"266",-3355.425
"267",-3264.522
"268",-3036.362
"269",-3177.621
"270",-3252.303
"271",-3163.195
"272",-3124.368
"273",-3284.944
"274",-3317.297
"275",-3389.456
"276",-3204.76
"277",-3225.869
"278",-3489.623
"279",-3586.049
"280",-3348.273
"281",-3506.232
"282",-3352.842
"283",-3502.57
"284",-3368.584
"285",-3484.968
"286",-3414.535
"287",-3218.472
"288",-3428.015
"289",-3222.953
"290",-3107.728
"291",-3238.465
"292",-3273.438
"293",-3389.276
"294",-3200.141
"295",-3289.105
"296",-3256.4
"297",-3153.867
"298",-3245.382
"299",-3331.244
"300",-3225.348
"301",-3445.617
"302",-3478.588
"303",-3319.995
"304",-3426.186
"305",-3531.798
"306",-3282.287
"307",-3495.191
"308",-3398.292
"309",-3277.712
"310",-3296.356
"311",-3359.91
"312",-3108.15
"313",-3318.695
"314",-3413.941
"315",-3306.041
"316",-3437.849
"317",-3290.805
"318",-3315.653
"319",-3199.238
"320",-3151.378
"321",-3394.802
"322",-3468.119
"323",-3518.389
"324",-3335.856
"325",-3388.617
"326",-3294.142
"327",-3392.711
"328",-3373.62
"329",-3302.223
"330",-3035.46
"331",-3345.769
"332",-3272.743
"333",-3111.131
"334",-3330.394
"335",-3393.77
"336",-3431.778
"337",-3249.436
"338",-3181.474
"339",-3428.578
"340",-3387.071
"341",-3276.32
"342",-3252.345
"343",-3279.956
"344",-3370.958
"345",-3335.132
"346",-3266.255
"347",-3232.502
"348",-3391.123
"349",-3313.422
"350",-3451.415
"351",-3411.74
"352",-3418.911
"353",-3496.384
"354",-3191.31
"355",-3415.592
"356",-3418.563
"357",-3328.903
"358",-3104.185
"359",-3261.821
"360",-3384.104
"361",-3286.202
"362",-3330.702
"363",-3248.908
"364",-3299.589
"365",-3451.316
"366",-3334.26
"367",-3275.101
"368",-3337.491
"369",-3257.383
"370",-3308.289
"371",-3331.836
"372",-3322.973
"373",-3197.681
"374",-3421.262
"375",-3429.008
"376",-3226.348
"377",-3616.155
"378",-3289.843
"379",-3048.536
"380",-3248.149
"381",-3513.16
"382",-3420.218
"383",-3358.462
"384",-3458.398
"385",-3054.619
"386",-3404.407
"387",-3150.961
"388",-3307.699
"389",-3161.31
"390",-3429.594
"391",-3325.744
"392",-3279.767
"393",-3276.558
"394",-3243.222
"395",-3363.598
"396",-3283.853
"397",-3275.993
"398",-3383.097
"399",-3129.6
"400",-3327.518
"401",-3418.766
"402",-3310.808
"403",-3101.817
"404",-3185.008
"405",-3257.647
"406",-3314.592
"407",-3347.736
"408",-3487.798
"409",-3402.837
"410",-3194.303
"411",-3296.134
"412",-3188.346
"413",-3269.965
"414",-3371.709
"415",-3170.561
"416",-3385.921
"417",-3314.87
"418",-3451.205
"419",-3291.266
"420",-3397.55
"421",-3206.988
"422",-3486.9
"423",-3582.545
"424",-3384.115
"425",-3144.236
"426",-3583.175
"427",-3100.817
"428",-3358.915
"429",-3240.292
"430",-3428.51
"431",-3327.867
"432",-3260.891
"433",-3353.868
"434",-3486.015
"435",-3332.939
"436",-3476.05
"437",-3590.218
"438",-3354.508
"439",-3519.474
"440",-3061.266
"441",-3267.477
"442",-3648.091
"443",-3342.858
"444",-3296.902
"445",-3273.936
"446",-3184.55
"447",-3464.456
"448",-3338.306
"449",-3290.669
"450",-3448.379
"451",-3340.337
"452",-3110.725
"453",-3467.933
"454",-3265.624
"455",-3256.15
"456",-3298.74
"457",-3371.953
"458",-3382.389
"459",-3628.541
"460",-3410.239
"461",-3512.604
"462",-3304.788
"463",-3249.706
"464",-3306.496
"465",-3486.083
"466",-3316.331
"467",-3168.407
"468",-3370.01
"469",-3469.896
"470",-3436.563
"471",-3168.004
"472",-3393.977
"473",-3509.833
"474",-3354.113
"475",-3296.964
"476",-3304.822
"477",-3203.535
"478",-3337.441
"479",-3620.696
"480",-3455.921
"481",-3090.109
"482",-3341.124
"483",-3453.065
"484",-3359.837
"485",-3267.357
"486",-3232.292
"487",-3174.75
"488",-3465.049
"489",-3411.856
"490",-3570.674
"491",-3294.125
"492",-3124.742
"493",-3398.581
"494",-3208.1
"495",-3229.68
"496",-3336.139
"497",-3474.084
"498",-3281.702
"499",-3482.175
"500",-3336.48
"501",-3389.963
"502",-3388.152
"503",-3285.696
"504",-3446.932
"505",-3476.664
"506",-3380.112
"507",-3580.886
"508",-3500.415
"509",-3317.862
"510",-3472.549
"511",-3506.069
"512",-2999.861
"513",-3183.24
"514",-3356.319
"515",-3283.193
"516",-3423.977
"517",-3197.365
"518",-3240.988
"519",-3183.376
"520",-3423.424
"521",-3474.284
"522",-3098.947
"523",-3570.929
"524",-3356.392
"525",-3421.31
"526",-3252.054
"527",-3322.945
"528",-3428.715
"529",-3347.212
"530",-3419.225
"531",-3291.327
"532",-3542.638
"533",-3551.727
"534",-3544.995
"535",-3358.064
"536",-3188.324
"537",-3552.508
"538",-3155.843
"539",-3170.031
"540",-3248.019
"541",-3226.191
"542",-3233.376
"543",-3414.644
"544",-3649.267
"545",-3233.758
"546",-3398.868
"547",-3260.09
"548",-3142.188
"549",-3374.141
"550",-3322.543
"551",-3369.694
"552",-3352.325
"553",-3368.211
"554",-3293.969
"555",-3545.36
"556",-3368.374
"557",-3402.553
"558",-3573.097
"559",-3351.233
"560",-3428.246
"561",-3242.556
"562",-3386.3
"563",-3327.176
"564",-3481.69
"565",-3205.559
"566",-3485.936
"567",-3207.257
"568",-3503.206
"569",-3266.098
"570",-3353.687
"571",-3383.214
"572",-3456.253
"573",-3320.487
"574",-3573.405
"575",-3492.287
"576",-3369.407
"577",-3348.056
"578",-3322.407
"579",-3510.578
"580",-3488.181
"581",-3387.687
"582",-3190.258
"583",-3321.301
"584",-3369.992
"585",-3183.095
"586",-3495.473
"587",-3358.526
"588",-3240.261
"589",-3506.486
"590",-3274.445
"591",-3463.733
"592",-3511.715
"593",-3265.444
"594",-3388.931
"595",-3453.352
"596",-3466.655
"597",-3434.385
"598",-3302.699
"599",-3197.748
"600",-3295.872
"601",-3128.598
"602",-3337.66
"603",-3440.767
"604",-3428.913
"605",-3603.305
"606",-3169.066
"607",-3296.728
"608",-3386.168
"609",-3307.736
"610",-3346.636
"611",-3387.489
"612",-3091.752
"613",-3330.933
"614",-3273.662
"615",-3258.622
"616",-3360.968
"617",-3280.461
"618",-3368.667
"619",-3291.237
"620",-3317.186
"621",-3326.481
"622",-3426.267
"623",-3558.068
"624",-3340.885
"625",-3381.294
"626",-3319.441
"627",-3685.462
"628",-3631.545
"629",-3383.529
"630",-3281.102
"631",-3296.496
"632",-3417.281
"633",-3491.661
"634",-3084.582
"635",-3310.549
"636",-3400.355
"637",-3389.595
"638",-3484.471
"639",-3329.658
"640",-3489.879
"641",-3407.041
"642",-3044.447
"643",-3438.821
"644",-3329.019
"645",-3345.706
"646",-3433.375
"647",-3265.485
"648",-3194.37
"649",-3508.705
"650",-3392.206
"651",-3289.078
"652",-3208.185
"653",-3053.499
"654",-3483.438
"655",-3328.849
"656",-3423.886
"657",-3394.504
"658",-3258.71
"659",-3303.611
"660",-3352.388
"661",-3160.89
"662",-3363.669
"663",-3355.531
"664",-3314.171
"665",-3314.998
"666",-3243.19
"667",-3278.779
"668",-3334.298
"669",-3381.037
"670",-3284.618
"671",-3273.225
"672",-3125.981
"673",-3325.266
"674",-3589.913
"675",-3512.092
"676",-3258.993
"677",-3348.083
"678",-3370.635
"679",-3211.088
"680",-3394.485
"681",-3568.681
"682",-3410.468
"683",-3404.262
"684",-3434.25
"685",-3488.043
"686",-3489.34
"687",-3263.682
"688",-3284.469
"689",-3400.291
"690",-3094.539
"691",-3345.847
"692",-3258.104
"693",-3428.08
"694",-3322.501
"695",-3375.505
"696",-3538.029
"697",-3325.344
"698",-3411.111
"699",-3390.175
"700",-3312.304
"701",-3460.493
"702",-3394.826
"703",-3301.12
"704",-3498.539
"705",-3348.27
"706",-3304.979
"707",-3484.648
"708",-3233.672
"709",-3415.928
"710",-3230.856
"711",-3456.813
"712",-3386.366
"713",-3081.34
"714",-3511.144
"715",-3420.083
"716",-3414.866
"717",-3488.853
"718",-3143.356
"719",-3099.073
"720",-3258.068
"721",-3530.631
"722",-3411.898
"723",-3566.899
"724",-3076.208
"725",-3263.897
"726",-3406.404
"727",-3174.619
"728",-3209.616
"729",-3235.439
"730",-3264.767
"731",-3467.133
"732",-3554.747
"733",-3378.521
"734",-3211.509
"735",-3486.101
"736",-3461.287
"737",-3287.373
"738",-3303.997
"739",-3343.773
"740",-3566.534
"741",-3295.873
"742",-3460.748
"743",-3337.792
"744",-3342.588
"745",-3369.39
"746",-3294.389
"747",-3304.923
"748",-3353.93
"749",-3371.974
"750",-3165.135
"751",-3342.286
"752",-3308.683
"753",-3351.125
"754",-3005
"755",-3201.24
"756",-3385.555
"757",-3253.181
"758",-3278.245
"759",-3389.575
"760",-3276.713
"761",-3423.901
"762",-3309.285
"763",-3447.499
"764",-3426.281
"765",-3303.836
"766",-3250.347
"767",-3099.751
"768",-3279.087
"769",-3508.85
"770",-3581.702
"771",-3372.968
"772",-3259.877
"773",-3105.482
"774",-3285.557
"775",-3371.29
"776",-3247.489
"777",-3379.823
"778",-3166.154
"779",-3459.867
"780",-3370.921
"781",-3309.885
"782",-3396.337
"783",-3271.921
"784",-3291.491
"785",-3436.833
"786",-3472.408
"787",-3229.583
"788",-3495.428
"789",-3432.829
"790",-3449.374
"791",-3267.2
"792",-3238.04
"793",-3253.123
"794",-3332.611
"795",-3128.828
"796",-3319.785
"797",-3508.781
"798",-3462.47
"799",-3322.389
"800",-3330.05
"801",-3282.301
"802",-3409.354
"803",-3590.514
"804",-3330.111
"805",-3393.19
"806",-3309.326
"807",-3235.917
"808",-3308.978
"809",-3288.294
"810",-3154.883
"811",-3310.057
"812",-3549.816
"813",-3458.925
"814",-3406.282
"815",-3322.076
"816",-3395.557
"817",-3252.693
"818",-3325.786
"819",-3250.352
"820",-3412.963
"821",-3413.681
"822",-3496.902
"823",-3433.282
"824",-3339.354
"825",-3578.671
"826",-3412.624
"827",-3250.154
"828",-3233.093
"829",-3337.395
"830",-3486.412
"831",-3387.93
"832",-3186.791
"833",-3463.424
"834",-3283.734
"835",-3344.516
"836",-3362.67
"837",-3372.891
"838",-3529.555
"839",-3233.703
"840",-3220.569
"841",-3363.589
"842",-3125.968
"843",-3383.63
"844",-3104.62
"845",-3347.173
"846",-3239.594
"847",-3233.368
"848",-3445.13
"849",-3381.439
"850",-3259.556
"851",-3336.151
"852",-3359.506
"853",-3352.418
"854",-3345.245
"855",-3563.264
"856",-3192.855
"857",-3212.678
"858",-3349.333
"859",-3329.734
"860",-3343.931
"861",-3280.264
"862",-3379.717
"863",-3402.888
"864",-3321.205
"865",-3129.052
"866",-3369.48
"867",-3399.242
"868",-3250.235
"869",-3530.333
"870",-3501.729
"871",-3416.694
"872",-3479.597
"873",-3295.343
"874",-3333.455
"875",-3555.639
"876",-3504.069
"877",-3553.665
"878",-3343.723
"879",-3584.429
"880",-3218.663
"881",-3229.531
"882",-3391.6
"883",-3374.026
"884",-3449.206
"885",-3234.011
"886",-3445.411
"887",-3522.513
"888",-3350.084
"889",-3396.633
"890",-3298.073
"891",-3388.698
"892",-3318.881
"893",-3463.074
"894",-3206.504
"895",-3219.007
"896",-3202.848
"897",-3481.873
"898",-3159.571
"899",-3264.316
"900",-3259.123
"901",-3211.394
"902",-3419.193
"903",-3426.608
"904",-3296.827
"905",-3426.643
"906",-3187.711
"907",-3165.155
"908",-3327.608
"909",-3204.71
"910",-3395.897
"911",-3433.724
"912",-3354.556
"913",-3321.714
"914",-3010.249
"915",-3482.834
"916",-3418.561
"917",-3118.658
"918",-3338.88
"919",-3410.788
"920",-3485.008
"921",-3325.851
"922",-3408.293
"923",-3382.083
"924",-3123.989
"925",-3404.029
"926",-3296.12
"927",-3478.943
"928",-3333.128
"929",-3325.935
"930",-3326.767
"931",-3262.943
"932",-3340.515
"933",-3013.297
"934",-3513.541
"935",-3452.8
"936",-3379.351
"937",-3513.24
"938",-3185.84
"939",-3443.583
"940",-3393.019
"941",-3299.647
"942",-3362.101
"943",-3350.472
"944",-3208.518
"945",-3271.44
"946",-3563.633
"947",-3495.44
"948",-3412.94
"949",-3192.387
"950",-3198.098
"951",-3344.898
"952",-3639.089
"953",-3373.583
"954",-3264.372
"955",-3318.784
"956",-3148.783
"957",-3347.727
"958",-3310.627
"959",-3542.968
"960",-3290.842
"961",-3342.929
"962",-3378.758
"963",-3296.778
"964",-3391.515
"965",-3382.042
"966",-3494.92
"967",-3439.915
"968",-3418.803
"969",-3425.952
"970",-3432.179
"971",-3411.266
"972",-3239.792
"973",-3327.563
"974",-3249.3
"975",-3441.169
"976",-3178.171
"977",-3306.886
"978",-3350.168
"979",-3472.422
"980",-3194.001
"981",-3500.259
"982",-3463.593
"983",-3393.926
"984",-3515.379
"985",-3232.318
"986",-3420.184
"987",-3281.804
"988",-3413.466
"989",-3042.182
"990",-3401.482
"991",-3381.377
"992",-3475.86
"993",-3214.115
"994",-3355.789
"995",-3231.471
"996",-3075.72
"997",-2993.263
"998",-3335.919
"999",-3211.712
"1000",-3186.631
"1001",-3547.106
"1002",-3666.361
"1003",-3198.033
"1004",-3382.135
"1005",-3563.86
"1006",-3588.836
"1007",-3177.832
"1008",-3281.578
"1009",-3412.262
"1010",-3557.076
"1011",-3144.391
"1012",-3328.344
"1013",-3467.135
"1014",-3226.176
"1015",-3396.666
"1016",-3259.997
"1017",-3500.245
"1018",-3413.699
"1019",-3244.832
"1020",-3338.47
"1021",-3271.363
"1022",-3272.431
"1023",-3381.266
"1024",-3433.275
"1025",-3224.198
"1026",-3266.307
"1027",-3405.482
"1028",-3329.775
"1029",-3342.213
"1030",-3463.594
"1031",-3249.812
"1032",-3613.081
"1033",-3510.254
"1034",-3354.256
"1035",-3169.645
"1036",-3413.787
"1037",-3185.782
"1038",-3226.634
"1039",-3570.2
"1040",-3063.809
"1041",-3388.81
"1042",-3123.464
"1043",-3325.597
"1044",-3437.116
"1045",-3047.187
"1046",-3385.695
"1047",-3323.159
"1048",-3316.864
"1049",-3449.944
"1050",-3356.429
"1051",-3381.35
"1052",-3405.33
"1053",-3295.183
"1054",-3358.963
"1055",-3307.836
"1056",-3097.651
"1057",-3341.292
"1058",-3115.315
"1059",-3349.801
"1060",-3211.482
"1061",-3475.737
"1062",-3358.037
"1063",-3216.339
"1064",-3326.082
"1065",-3452.229
"1066",-3327.607
"1067",-3305.077
"1068",-3391.057
"1069",-3362.944
"1070",-3154.644
"1071",-3552.364
"1072",-3377.596
"1073",-3359.201
"1074",-3323.588
"1075",-3198.853
"1076",-3598.395
"1077",-3327.833
"1078",-3330.918
"1079",-3220.712
"1080",-3441.735
"1081",-3155.869
"1082",-3147.745
"1083",-3252.531
"1084",-3426.978
"1085",-3410.558
"1086",-3131.481
"1087",-3422.887
"1088",-3393.655
"1089",-3362.469
"1090",-3198.437
"1091",-3198.192
"1092",-3416.066
"1093",-3223.882
"1094",-3231.384
"1095",-3243.709
"1096",-3385.309
"1097",-3462.22
"1098",-3333.707
"1099",-3248.288
"1100",-3103.891
"1101",-3259.328
"1102",-3242.325
"1103",-3364.35
"1104",-3519.533
"1105",-3287.835
"1106",-3203.505
"1107",-3471.32
"1108",-3295.699
"1109",-3354.823
"1110",-3344.662
"1111",-3459.902
"1112",-3509.202
"1113",-3359.074
"1114",-3323.595
"1115",-3258.839
"1116",-3459.966
"1117",-3423.561
"1118",-3367.081
"1119",-3204.54
"1120",-3361.701
"1121",-3436.648
"1122",-3124.726
"1123",-3276.528
"1124",-3610.257
"1125",-3448.7
"1126",-3397.397
"1127",-3407.473
"1128",-3211.428
"1129",-3422.638
"1130",-3536.318
"1131",-3457.741
"1132",-3458.055
"1133",-3525.998
"1134",-3406.375
"1135",-3277.213
"1136",-3184.461
"1137",-3385.003
"1138",-3350.054
"1139",-3386.838
"1140",-3202.26
"1141",-3465.792
"1142",-3374.481
"1143",-3233.094
"1144",-3456.097
"1145",-3471.656
"1146",-3291.914
"1147",-3347.037
"1148",-3272.737
"1149",-3443.947
"1150",-3251.619
"1151",-3379.232
"1152",-3444.126
"1153",-3264.747
"1154",-3518.125
"1155",-3167.461
"1156",-3256.365
"1157",-3404.613
"1158",-3265.329
"1159",-3096.326
"1160",-3415.232
"1161",-3214.121
"1162",-3348.315
"1163",-3482.046
"1164",-3488.54
"1165",-3429.705
"1166",-3450.38
"1167",-3363.085
"1168",-3106.033
"1169",-3396.324
"1170",-3255.21
"1171",-3456.236
"1172",-3250.29
"1173",-3236.58
"1174",-3342.393
"1175",-3231.407
"1176",-3251.892
"1177",-3350.278
"1178",-3317.196
"1179",-3286.172
"1180",-3395.855
"1181",-3295.007
"1182",-3244.271
"1183",-3469.904
"1184",-3397.15
"1185",-3419.444
"1186",-3232.955
"1187",-3353.855
"1188",-3306.566
"1189",-3277.336
"1190",-3498.325
"1191",-3370.745
"1192",-3226.721
"1193",-3280.139
"1194",-3497.475
"1195",-3243.895
"1196",-3376.06
"1197",-3227.212
"1198",-3448.447
"1199",-3518.857
"1200",-3133.622
"1201",-3307.157
"1202",-3305.268
"1203",-3443.745
"1204",-3333.979
"1205",-3398.953
"1206",-3300.803
"1207",-3557.319
"1208",-3212.268
"1209",-3265.384
"1210",-3328.242
"1211",-3229.361
"1212",-3255.131
"1213",-3410.617
"1214",-3515.939
"1215",-3461.365
"1216",-3281.9
"1217",-3362.123
"1218",-3505.726
"1219",-3425.577
"1220",-3540.403
"1221",-3266.554
"1222",-3099.584
"1223",-3211.886
"1224",-3425.194
"1225",-3522.421
"1226",-3388.918
"1227",-3335.33
"1228",-3564.245
"1229",-3246.717
"1230",-3296.4
"1231",-3352.37
"1232",-3467.693
"1233",-3444.071
"1234",-3538.525
"1235",-3280.767
"1236",-3387.264
"1237",-3254.41
"1238",-3377.485
"1239",-3510.565
"1240",-3387.218
"1241",-3217.349
"1242",-3483.87
"1243",-3453.582
"1244",-3233.704
"1245",-3426.06
"1246",-3353.638
"1247",-3506.314
"1248",-3504.483
"1249",-3217.361
"1250",-3433.448
"1251",-3571.75
"1252",-3116.636
"1253",-3403.106
"1254",-3325.962
"1255",-3440.967
"1256",-3364.934
"1257",-3351.734
"1258",-3298.858
"1259",-3465.608
"1260",-3213.721
"1261",-3471.32
"1262",-3227.03
"1263",-3288.631
"1264",-3532.319
"1265",-3444.215
"1266",-3438.726
"1267",-3474.08
"1268",-3399.132
"1269",-3266.001
"1270",-3137.09
"1271",-3244.192
"1272",-3496.715
"1273",-3396.404
"1274",-3449.166
"1275",-3476.787
"1276",-3246.82
"1277",-3408.957
"1278",-3640.401
"1279",-3219.961
"1280",-3281.617
"1281",-3316.74
"1282",-3228.61
"1283",-3345.283
"1284",-3276.669
"1285",-3236.608
"1286",-3355.616
"1287",-3455.376
"1288",-3406.518
"1289",-3070.903
"1290",-3063.29
"1291",-3517.485
"1292",-3567.086
"1293",-3199.509
"1294",-3428.026
"1295",-3316.412
"1296",-3247.851
"1297",-3352.355
"1298",-3338.772
"1299",-3256.246
"1300",-3474.947
"1301",-3181.973
"1302",-3309.175
"1303",-3390.789
"1304",-3327.587
"1305",-3525.265
"1306",-3401.595
"1307",-3385.799
"1308",-3357.768
"1309",-3229.496
"1310",-3661.394
"1311",-3546.03
"1312",-3253.379
"1313",-3388.776
"1314",-3242.765
"1315",-3137.915
"1316",-3350.115
"1317",-3338.553
"1318",-3530.769
"1319",-3276.941
"1320",-3306.963
"1321",-3552.25
"1322",-3527.19
"1323",-3498.528
"1324",-3264.314
"1325",-3409.727
"1326",-3236.807
"1327",-3598.146
"1328",-3392.645
"1329",-3449.833
"1330",-3030.147
"1331",-3273.499
"1332",-3346.86
"1333",-3235.021
"1334",-3566.078
"1335",-3388.647
"1336",-3442.826
"1337",-3241.008
"1338",-3495.405
"1339",-3464.217
"1340",-3247.474
"1341",-3335.698
"1342",-3370.726
"1343",-3398.565
"1344",-3533.587
"1345",-3195.371
"1346",-3297.067
"1347",-3571.796
"1348",-3210.387
"1349",-3464.447
"1350",-3348.179
"1351",-3280.318
"1352",-3349.459
"1353",-3218.947
"1354",-3256.683
"1355",-3334.309
"1356",-3373.499
"1357",-3289.836
"1358",-3461.193
"1359",-3393.938
"1360",-3593.578
"1361",-3446.393
"1362",-3295.241
"1363",-3530.969
"1364",-3347.824
"1365",-3210.469
"1366",-3116.489
"1367",-3176.975
"1368",-3312.747
"1369",-3367.905
"1370",-3225.551
"1371",-3179.95
"1372",-3353.471
"1373",-3251.321
"1374",-3298.963
"1375",-3371.466
"1376",-3300.145
"1377",-3172.117
"1378",-3257.369
"1379",-3445.044
"1380",-3708.218
"1381",-3635.055
"1382",-3579.638
"1383",-3305.313
"1384",-3261.31
"1385",-3248.315
"1386",-3276.808
"1387",-3344.892
"1388",-3286.341
"1389",-3305.367
"1390",-3202.466
"1391",-3265.854
"1392",-3366.239
"1393",-3331.436
"1394",-3340.029
"1395",-3395.391
"1396",-3404.975
"1397",-3571.427
"1398",-3260.72
"1399",-3147.333
"1400",-3248.159
"1401",-3396.944
"1402",-3485.282
"1403",-3552.408
"1404",-3344.158
"1405",-3259.689
"1406",-3668.176
"1407",-3325.97
"1408",-3287.14
"1409",-3312.223
"1410",-3375.62
"1411",-3409.85
"1412",-3288.92
"1413",-3376.111
"1414",-3469.352
"1415",-3413.692
"1416",-3497.399
"1417",-3500.27
"1418",-3342.386
"1419",-3414.65
"1420",-3298.974
"1421",-3359.933
"1422",-3409.376
"1423",-3273.563
"1424",-3416.056
"1425",-3348.43
"1426",-3436.094
"1427",-3330.458
"1428",-3260.08
"1429",-3656.301
"1430",-3322.021
"1431",-3442.91
"1432",-3206.668
"1433",-3388.487
"1434",-3241.025
"1435",-3319.887
"1436",-3327.849
"1437",-3691.676
"1438",-3273.849
"1439",-3381.214
"1440",-3334.38
"1441",-3596.832
"1442",-3223.272
"1443",-3423.956
"1444",-3492.635
"1445",-3519.501
"1446",-3317.7
"1447",-3430.923
"1448",-3233.632
"1449",-3256.175
"1450",-3180.992
"1451",-3208.656
"1452",-3525.721
"1453",-3427.059
"1454",-3368.49
"1455",-3275.187
"1456",-3231.432
"1457",-3439.282
"1458",-3341.575
"1459",-3418.292
"1460",-3248.336
"1461",-3367.552
"1462",-3612.775
"1463",-3390.37
"1464",-3284.193
"1465",-3348.562
"1466",-3191.462
"1467",-3526.207
"1468",-3512.392
"1469",-3298.046
"1470",-3284.177
"1471",-3259.897
"1472",-3276.458
"1473",-3545.68
"1474",-3230.884
"1475",-3189.306
"1476",-3367.34
"1477",-3261.741
"1478",-3454.428
"1479",-3231.835
"1480",-3383.055
"1481",-3333.737
"1482",-3178.255
"1483",-3463.297
"1484",-3358.823
"1485",-3357.324
"1486",-3330.466
"1487",-3332.473
"1488",-3406.589
"1489",-3387.645
"1490",-3345.426
"1491",-3462.911
"1492",-3461.244
"1493",-3595.249
"1494",-3535.986
"1495",-3290.068
"1496",-3419.872
"1497",-3301.742
"1498",-3177.719
"1499",-3335.017
"1500",-3518.33
"1501",-3219.127
"1502",-3354.542
"1503",-3491.88
"1504",-3216.025
"1505",-3298.536
"1506",-3248
"1507",-3400.522
"1508",-3334.505
"1509",-3314.463
"1510",-3174.052
"1511",-3351.372
"1512",-3312.33
"1513",-3267.221
"1514",-3144.794
"1515",-3396.056
"1516",-3343.722
"1517",-3344.651
"1518",-3297.266
"1519",-3455.923
"1520",-3464.155
"1521",-3431.651
"1522",-3106.62
"1523",-3384.135
"1524",-3469.954
"1525",-3361.669
"1526",-3563.486
"1527",-3190.766
"1528",-3197.829
"1529",-3439.804
"1530",-3409.56
"1531",-3139.155
"1532",-3394.005
"1533",-3452.784
"1534",-3249.16
"1535",-3545.192
"1536",-3282.72
"1537",-3384.614
"1538",-3261.751
"1539",-3356.918
"1540",-3583.832
"1541",-3360.781
"1542",-3459.299
"1543",-3046.192
"1544",-3518.575
"1545",-3610.682
"1546",-3408.87
"1547",-3344.342
"1548",-3286.858
"1549",-3421.44
"1550",-3390.613
"1551",-3396.07
"1552",-3241.18
"1553",-3312.781
"1554",-3220.293
"1555",-3550.438
"1556",-3363.585
"1557",-3192.871
"1558",-3454.545
"1559",-3414.963
"1560",-3420.464
"1561",-3470.627
"1562",-3269.641
"1563",-3334.526
"1564",-3101.946
"1565",-3420.219
"1566",-3310.846
"1567",-3276.871
"1568",-3394.003
"1569",-3277.269
"1570",-3172.45
"1571",-3388.93
"1572",-3542.406
"1573",-3294.751
"1574",-3313.704
"1575",-3500.976
"1576",-3537.275
"1577",-3345.875
"1578",-3259.176
"1579",-3478.507
"1580",-3344.579
"1581",-3080.547
"1582",-3355.732
"1583",-3265.082
"1584",-3455.11
"1585",-3344.068
"1586",-3136.171
"1587",-3307.462
"1588",-3522.363
"1589",-3397.269
"1590",-3352.301
"1591",-3597.154
"1592",-3419.539
"1593",-3347.807
"1594",-3560.198
"1595",-3185.35
"1596",-3568.942
"1597",-3168.953
"1598",-3391.927
"1599",-3293.367
"1600",-3370.301
"1601",-3261.446
"1602",-3397.345
"1603",-3217.103
"1604",-3254.58
"1605",-3365.747
"1606",-3147.265
"1607",-3522.212
"1608",-3154.202
"1609",-3197.19
"1610",-3257.069
"1611",-3334.279
"1612",-3226.559
"1613",-3225.232
"1614",-3388.663
"1615",-3323.579
"1616",-3500.279
"1617",-3160.787
"1618",-3169.012
"1619",-3467.596
"1620",-3555.636
"1621",-3461.215
"1622",-3257.084
"1623",-3261.072
"1624",-3491.842
"1625",-3405.125
"1626",-3268.232
"1627",-3400.501
"1628",-3467.632
"1629",-3411.405
"1630",-3045.029
"1631",-3407.307
"1632",-3176.668
"1633",-3281.437
"1634",-3483.657
"1635",-3256.641
"1636",-3270.529
"1637",-3333.731
"1638",-3207.714
"1639",-3404.492
"1640",-3336.452
"1641",-3452.65
"1642",-3289.361
"1643",-3101.781
"1644",-3332.007
"1645",-3373.546
"1646",-3383.688
"1647",-3337.686
"1648",-3095.762
"1649",-3233.804
"1650",-3271.734
"1651",-3149.581
"1652",-3270.74
"1653",-3558.937
"1654",-3409.73
"1655",-3227.324
"1656",-3270.447
"1657",-3359.914
"1658",-3338.085
"1659",-3454.037
"1660",-3164.795
"1661",-3224.278
"1662",-3380.597
"1663",-3499.571
"1664",-3573.692
"1665",-3160.495
"1666",-3354.587
"1667",-3411.501
"1668",-3380.371
"1669",-3220.926
"1670",-3253.524
"1671",-3366.798
"1672",-3210.259
"1673",-3367.162
"1674",-3183.286
"1675",-3385.525
"1676",-3302.754
"1677",-3555.055
"1678",-3289.632
"1679",-3130.521
"1680",-3457.535
"1681",-3300.929
"1682",-3270.964
"1683",-3059.78
"1684",-3169.078
"1685",-3291.868
"1686",-3559.046
"1687",-3397.374
"1688",-3352.333
"1689",-3319.108
"1690",-3386.615
"1691",-3678.947
"1692",-3137.839
"1693",-3214.735
"1694",-3256.91
"1695",-3416.729
"1696",-3391.55
"1697",-3437.121
"1698",-3495.962
"1699",-3369.798
"1700",-3468.394
"1701",-3580.978
"1702",-3309.7
"1703",-3321.594
"1704",-3344.737
"1705",-3372.341
"1706",-3182.877
"1707",-3192.726
"1708",-3222.287
"1709",-3432.26
"1710",-3555.865
"1711",-3417.315
"1712",-3631.474
"1713",-3372.381
"1714",-3237.706
"1715",-3346.522
"1716",-3226.519
"1717",-3259.919
"1718",-3443.24
"1719",-3352.105
"1720",-3415.891
"1721",-3267.336
"1722",-3340.703
"1723",-3431.166
"1724",-3461.496
"1725",-3271.572
"1726",-3329.981
"1727",-3327.403
"1728",-3415.818
"1729",-3263.741
"1730",-3145.017
"1731",-3243.424
"1732",-3526.187
"1733",-3253.571
"1734",-3376.812
"1735",-3455.655
"1736",-3419.447
"1737",-3556.409
"1738",-3416.911
"1739",-3235.59
"1740",-3381.167
"1741",-3452.915
"1742",-3290.095
"1743",-3138.53
"1744",-3318.141
"1745",-3327.569
"1746",-3345.269
"1747",-3225.872
"1748",-3416.653
"1749",-3395.478
"1750",-3176.603
"1751",-3300.682
"1752",-3326.178
"1753",-3463.609
"1754",-3280.755
"1755",-3295.785
"1756",-3244.129
"1757",-3401.816
"1758",-3402.571
"1759",-3440.788
"1760",-3445.644
"1761",-3407.695
"1762",-3138.569
"1763",-3455.442
"1764",-3393.003
"1765",-3358.283
"1766",-3357.995
"1767",-3379.875
"1768",-3131.207
"1769",-3454.758
"1770",-3275.321
"1771",-3539.379
"1772",-3236.686
"1773",-3287.454
"1774",-3531.286
"1775",-3362.904
"1776",-3336.066
"1777",-3240.261
"1778",-3490.229
"1779",-3471.89
"1780",-3118.926
"1781",-3250.331
"1782",-3446.062
"1783",-3329.667
"1784",-3319.816
"1785",-3332.786
"1786",-3494.044
"1787",-3345.129
"1788",-3403.862
"1789",-3307.374
"1790",-3271.301
"1791",-3130.763
"1792",-3373.577
"1793",-3472.313
"1794",-3241.367
"1795",-3275.492
"1796",-3213.057
"1797",-3255.07
"1798",-3117.971
"1799",-3461.353
"1800",-3292.58
"1801",-3360.933
"1802",-3463.887
"1803",-3413.624
"1804",-3635.529
"1805",-3293.472
"1806",-3323.866
"1807",-3493.086
"1808",-3392.345
"1809",-3418.569
"1810",-3151.113
"1811",-3582.746
"1812",-3404.148
"1813",-3551.802
"1814",-3318.426
"1815",-3459.596
"1816",-3351.907
"1817",-3427.37
"1818",-3233.846
"1819",-3399.504
"1820",-3428.037
"1821",-3073.24
"1822",-3478.557
"1823",-3322.349
"1824",-3131.922
"1825",-3225.223
"1826",-3438.688
"1827",-3464.221
"1828",-3371.566
"1829",-3207.587
"1830",-3485.738
"1831",-3458.367
"1832",-3320.978
"1833",-3209.71
"1834",-3175.017
"1835",-3477.412
"1836",-3265.524
"1837",-3250.043
"1838",-3229.271
"1839",-3300.592
"1840",-3344.76
"1841",-3171.088
"1842",-3383.617
"1843",-3260.9
"1844",-3259.808
"1845",-3389.898
"1846",-3360.797
"1847",-3208.469
"1848",-3718.349
"1849",-3442.475
"1850",-3294.044
"1851",-3289.568
"1852",-3367.308
"1853",-3181.288
"1854",-3313.298
"1855",-3322.747
"1856",-3473.914
"1857",-3529.108
"1858",-3308.661
"1859",-3099.789
"1860",-3295.529
"1861",-3301.994
"1862",-3511.263
"1863",-3433.962
"1864",-3180.673
"1865",-3516.624
"1866",-3257.494
"1867",-3577.671
"1868",-3236.836
"1869",-3244.326
"1870",-3461.085
"1871",-3334.656
"1872",-3234.251
"1873",-3312.68
"1874",-3396.398
"1875",-3191.219
"1876",-3339.641
"1877",-3477.674
"1878",-3350.18
"1879",-3508.57
"1880",-3501.002
"1881",-3250.612
"1882",-3629.718
"1883",-3243.141
"1884",-3561.286
"1885",-3294.623
"1886",-2994.754
"1887",-3306.443
"1888",-3380.127
"1889",-3331.291
"1890",-3418.374
"1891",-3165.622
"1892",-3233.001
"1893",-3036.067
"1894",-3312.263
"1895",-3431.372
"1896",-3197.534
"1897",-3426.718
"1898",-3341.589
"1899",-3459.608
"1900",-3394.218
"1901",-3452.344
"1902",-3323.979
"1903",-3308.614
"1904",-3515.935
"1905",-3489.279
"1906",-3685.199
"1907",-3404.729
"1908",-3196.798
"1909",-3320.427
"1910",-3423.898
"1911",-3421.958
"1912",-3429.46
"1913",-3274.012
"1914",-3294.21
"1915",-3620.548
"1916",-3220.489
"1917",-3308.758
"1918",-3300.231
"1919",-3273.129
"1920",-3382.328
"1921",-3523
"1922",-3439.706
"1923",-3571.052
"1924",-3173.766
"1925",-3463.054
"1926",-3278.403
"1927",-3304.466
"1928",-3295.518
"1929",-3336.258
"1930",-3453.278
"1931",-3177.913
"1932",-3426.788
"1933",-3498.134
"1934",-3376.858
"1935",-3259.243
"1936",-3249.628
"1937",-3362.371
"1938",-3372.827
"1939",-3395.624
"1940",-3210.35
"1941",-3174.88
"1942",-3245.056
"1943",-3400.407
"1944",-3344.868
"1945",-3346.333
"1946",-3387.078
"1947",-3157.328
"1948",-3332.243
"1949",-3132.996
"1950",-3415.139
"1951",-3186.393
"1952",-3398.274
"1953",-3310.277
"1954",-3329.43
"1955",-3339.84
"1956",-3483.515
"1957",-3215.364
"1958",-3446.864
"1959",-3355.271
"1960",-3344.941
"1961",-3550.179
"1962",-3275.149
"1963",-3503.899
"1964",-3407.32
"1965",-3520.076
"1966",-3483.48
"1967",-3430.62
"1968",-3398.855
"1969",-3319.103
"1970",-3132.658
"1971",-3372.34
"1972",-3218.477
"1973",-3378.788
"1974",-3353.008
"1975",-3408.005
"1976",-3161.025
"1977",-3141.194
"1978",-3485.949
"1979",-3523.429
"1980",-3212.667
"1981",-3369.357
"1982",-3313.715
"1983",-3315.31
"1984",-3557.108
"1985",-3406.792
"1986",-3233.238
"1987",-3213.585
"1988",-3085.133
"1989",-3461.121
"1990",-3289.656
"1991",-3431.158
"1992",-3514.219
"1993",-3294.759
"1994",-3415.343
"1995",-3336.451
"1996",-3177.94
"1997",-3634.789
"1998",-3246.378
"1999",-3365.867
"2000",-3309.42
"2001",-3395.682
"2002",-3472.889
"2003",-3620.843
"2004",-3237.914
"2005",-3258.646
"2006",-3490.827
"2007",-3388.441
"2008",-3288.375
"2009",-3402.232
"2010",-3288.801
"2011",-3267.461
"2012",-3055.349
"2013",-3327.967
"2014",-3183.854
"2015",-3307.339
"2016",-3396.121
"2017",-3554.952
"2018",-3493.689
"2019",-3384.154
"2020",-3270.758
"2021",-3168.476
"2022",-3553.018
"2023",-3462.956
"2024",-3446.187
"2025",-3263.382
"2026",-3341.485
"2027",-3272.778
"2028",-3446.918
"2029",-3506.572
"2030",-3438.186
"2031",-3299.201
"2032",-3173.812
"2033",-3201.561
"2034",-3281.702
"2035",-3372.937
"2036",-3361.109
"2037",-3417.745
"2038",-3513.619
"2039",-3385.79
"2040",-3423.772
"2041",-3305.617
"2042",-3381.946
"2043",-3465.391
"2044",-3510.273
"2045",-3368.454
"2046",-3310.467
"2047",-3257.253
"2048",-3309.279
"2049",-3338.089
"2050",-3327.17
"2051",-3454.719
"2052",-3377.685
"2053",-3445.939
"2054",-3255.299
"2055",-3339.336
"2056",-3490.423
"2057",-3128.902
"2058",-3302.25
"2059",-3224.408
"2060",-3472.605
"2061",-3154.954
"2062",-3251.533
"2063",-3248.941
"2064",-3333.735
"2065",-3544.94
"2066",-3254.302
"2067",-3428.774
"2068",-3351.728
"2069",-3341.062
"2070",-3459.732
"2071",-3505.702
"2072",-3305.795
"2073",-3431.309
"2074",-3277.841
"2075",-3452.787
"2076",-3511.201
"2077",-3276.757
"2078",-3366.97
"2079",-3298.009
"2080",-3445.867
"2081",-3220.547
"2082",-3326.881
"2083",-3135.544
"2084",-3319.848
"2085",-3485.745
"2086",-3209.625
"2087",-3335.526
"2088",-3447.704
"2089",-3399.029
"2090",-3204.036
"2091",-3350.57
"2092",-3440.41
"2093",-3479.697
"2094",-3482.565
"2095",-3353.394
"2096",-3465.913
"2097",-3421.199
"2098",-3290.946
"2099",-3310.08
"2100",-3195.948
"2101",-3445.142
"2102",-3184.754
"2103",-3483.527
"2104",-3372.744
"2105",-3440.384
"2106",-3096.847
"2107",-3392.34
"2108",-3554.17
"2109",-3649.298
"2110",-3175.683
"2111",-3414.503
"2112",-3412.676
"2113",-3227.027
"2114",-3346.554
"2115",-3172.038
"2116",-3385.056
"2117",-3442.503
"2118",-3001.776
"2119",-3547.061
"2120",-3197.284
"2121",-3323.739
"2122",-3348.412
"2123",-3412.464
"2124",-3236.852
"2125",-3391.723
"2126",-3337.829
"2127",-3197.377
"2128",-3461.345
"2129",-3440.401
"2130",-3384.407
"2131",-3261.715
"2132",-3215.532
"2133",-3544.171
"2134",-3343.758
"2135",-3309.93
"2136",-3245.31
"2137",-3277.991
"2138",-3447.374
"2139",-3640.96
"2140",-3361.985
"2141",-3415.846
"2142",-3268.952
"2143",-3110.582
"2144",-3456.664
"2145",-3231.024
"2146",-3197.645
"2147",-3397.591
"2148",-3508.793
"2149",-3519.134
"2150",-3289.581
"2151",-3375.879
"2152",-3442.474
"2153",-3453.623
"2154",-3309.751
"2155",-3372.381
"2156",-3418.528
"2157",-3204.315
"2158",-3452.234
"2159",-3308.433
"2160",-3402.815
"2161",-3246.086
"2162",-3518.29
"2163",-3194.437
"2164",-3518.136
"2165",-3234.522
"2166",-3384.747
"2167",-3401.215
"2168",-3144.921
"2169",-3600.06
"2170",-3340.733
"2171",-3446.046
"2172",-3461.48
"2173",-3200.683
"2174",-3356.037
"2175",-3331.925
"2176",-3381.653
"2177",-3336.446
"2178",-3173.705
"2179",-3245.028
"2180",-3328.486
"2181",-3243.594
"2182",-3194.817
"2183",-3134.075
"2184",-3376.341
"2185",-3496.287
"2186",-3217.083
"2187",-3326.089
"2188",-3431.78
"2189",-3296.816
"2190",-3245.169
"2191",-3479.147
"2192",-3373.141
"2193",-3272.787
"2194",-3452.524
"2195",-3372.616
"2196",-3362.696
"2197",-3347.168
"2198",-3217.747
"2199",-3490.546
"2200",-3249.562
"2201",-3349.155
"2202",-3387.274
"2203",-3224.273
"2204",-3263.616
"2205",-3385.723
"2206",-3246.803
"2207",-3422.651
"2208",-3528.858
"2209",-3374.408
"2210",-3283.07
"2211",-3127.258
"2212",-3534.716
"2213",-3364.107
"2214",-3358.543
"2215",-3205.659
"2216",-3323.674
"2217",-3422.043
"2218",-3428.617
"2219",-3260.823
"2220",-3322.488
"2221",-3524.076
"2222",-3370.164
"2223",-3429.175
"2224",-3363.224
"2225",-3305.967
"2226",-3279.217
"2227",-3541.937
"2228",-3275.541
"2229",-3287.314
"2230",-3178.165
"2231",-3248.779
"2232",-3473.934
"2233",-3278.182
"2234",-3233.29
"2235",-3239.381
"2236",-3260.084
"2237",-3348.025
"2238",-3454.148
"2239",-3415.791
"2240",-3383.573
"2241",-3331.89
"2242",-3272.001
"2243",-3259.656
"2244",-3310.305
"2245",-3347.74
"2246",-3311.984
"2247",-3573.511
"2248",-3375.485
"2249",-3433.202
"2250",-3468.217
"2251",-3248.004
"2252",-3249.758
"2253",-3472.227
"2254",-3225.671
"2255",-3260.073
"2256",-3338.986
"2257",-3351.802
"2258",-3322.473
"2259",-3171.143
"2260",-3300.45
"2261",-3090.914
"2262",-3373.434
"2263",-3252.719
"2264",-3326.813
"2265",-3279.616
"2266",-3353.935
"2267",-3384.895
"2268",-3293.932
"2269",-3335.873
"2270",-3262.065
"2271",-3236.106
"2272",-3317.635
"2273",-3270.901
"2274",-3332.952
"2275",-3455.208
"2276",-3403.325
"2277",-3340.675
"2278",-3347.279
"2279",-3382.834
"2280",-3545.988
"2281",-3292.579
"2282",-3286.972
"2283",-3295.735
"2284",-3320.882
"2285",-3173.915
"2286",-3374.421
"2287",-3510.043
"2288",-3456.854
"2289",-3160.208
"2290",-3443.963
"2291",-3345.529
"2292",-3399.234
"2293",-3157.795
"2294",-3491.261
"2295",-3380.214
"2296",-3218.782
"2297",-3452.531
"2298",-3320.041
"2299",-3349.57
"2300",-3278.905
"2301",-3265.974
"2302",-3368.863
"2303",-3634.813
"2304",-3224.192
"2305",-3527.531
"2306",-3333.193
"2307",-3331.696
"2308",-3457.979
"2309",-3274.842
"2310",-3460.363
"2311",-3446.327
"2312",-3398.863
"2313",-3269.294
"2314",-3348.439
"2315",-3352.874
"2316",-3312.983
"2317",-3152.754
"2318",-3429.314
"2319",-3400.049
"2320",-3301.14
"2321",-3335.812
"2322",-3608.517
"2323",-3535.563
"2324",-3307.443
"2325",-3557.221
"2326",-3326.653
"2327",-3571.737
"2328",-3351.873
"2329",-3422.891
"2330",-3404.211
"2331",-3623.535
"2332",-3394.614
"2333",-3282.109
"2334",-3404.507
"2335",-3315.926
"2336",-3427.307
"2337",-3401.085
"2338",-3320.19
"2339",-3486.436
"2340",-3425.565
"2341",-3389.215
"2342",-3342.805
"2343",-3522.359
"2344",-3361.057
"2345",-3314.533
"2346",-3289.102
"2347",-3261.656
"2348",-3344.505
"2349",-3376.711
"2350",-3313.714
"2351",-3375.767
"2352",-3391.034
"2353",-3445.383
"2354",-3425.189
"2355",-3219.817
"2356",-3268.072
"2357",-3311.662
"2358",-3290.282
"2359",-3239.782
"2360",-3229.238
"2361",-3325.815
"2362",-3396.737
"2363",-3306.246
"2364",-3249.873
"2365",-3536.078
"2366",-3211.762
"2367",-3467.307
"2368",-3351.018
"2369",-3366.136
"2370",-3136.417
"2371",-3341.447
"2372",-3335.166
"2373",-3204.117
"2374",-3408.809
"2375",-3482.337
"2376",-3415.058
"2377",-3261.082
"2378",-3514.345
"2379",-3368.35
"2380",-3486.734
"2381",-3257.505
"2382",-3375.133
"2383",-3259.146
"2384",-3354.49
"2385",-3438.672
"2386",-3113.42
"2387",-3372.532
"2388",-3218.253
"2389",-3248.977
"2390",-3200.201
"2391",-3283.782
"2392",-3129.57
"2393",-3420.69
"2394",-3598.357
"2395",-3556.649
"2396",-3444.52
"2397",-3323.493
"2398",-3402.934
"2399",-3247.86
"2400",-3295.098
"2401",-3446.156
"2402",-3441.53
"2403",-3163.886
"2404",-3687.477
"2405",-3499.572
"2406",-3280.221
"2407",-3308.12
"2408",-3372.258
"2409",-3234.018
"2410",-3412.7
"2411",-3461.487
"2412",-3248.814
"2413",-3169.03
"2414",-3271.689
"2415",-3447.085
"2416",-3226.609
"2417",-3460.548
"2418",-3540.665
"2419",-3466.292
"2420",-3205.987
"2421",-3303.733
"2422",-3384.004
"2423",-3227.522
"2424",-3408.515
"2425",-3337.983
"2426",-3466.478
"2427",-3497.546
"2428",-3446.928
"2429",-3410.561
"2430",-3411.544
"2431",-3366.556
"2432",-3499.291
"2433",-3686.107
"2434",-3283.065
"2435",-3364.009
"2436",-3410.701
"2437",-3533.461
"2438",-3108.846
"2439",-3598.435
"2440",-3539.113
"2441",-3194.753
"2442",-3303.13
"2443",-3428.213
"2444",-3281.029
"2445",-3448.964
"2446",-3185.859
"2447",-3500.184
"2448",-3159.16
"2449",-3432.743
"2450",-3339.576
"2451",-3385.556
"2452",-3449.186
"2453",-3273.005
"2454",-3357.235
"2455",-3266.776
"2456",-3363.421
"2457",-3441.244
"2458",-3332.791
"2459",-3398.908
"2460",-3527.043
"2461",-3407.17
"2462",-3364.829
"2463",-3447.29
"2464",-3234.503
"2465",-3542.311
"2466",-3265.14
"2467",-3379.533
"2468",-3336.102
"2469",-3205.316
"2470",-3425.181
"2471",-3376.645
"2472",-3306.626
"2473",-3417.422
"2474",-3375.735
"2475",-3347.833
"2476",-3323.365
"2477",-3255.004
"2478",-3445.907
"2479",-3260.304
"2480",-3197.524
"2481",-3299.804
"2482",-3386.63
"2483",-3335.534
"2484",-3412.883
"2485",-3462.365
"2486",-3302.757
"2487",-3418.494
"2488",-3545.855
"2489",-3271.338
"2490",-3463.723
"2491",-3525.25
"2492",-3250.534
"2493",-3502.043
"2494",-3281.837
"2495",-3125.747
"2496",-3224.435
"2497",-3537.75
"2498",-3375.149
"2499",-3518.387
"2500",-3388.326
"2501",-3211.792
"2502",-3328.794
"2503",-3249.61
"2504",-3165.377
"2505",-3265.024
"2506",-3433.506
"2507",-3297.525
"2508",-3305.447
"2509",-3467.366
"2510",-3213.134
"2511",-3421.457
"2512",-3385.781
"2513",-3327.374
"2514",-3335.405
"2515",-3381.517
"2516",-3203.12
"2517",-3386.127
"2518",-3461.888
"2519",-3473.341
"2520",-3370.342
"2521",-3305.559
"2522",-3253.417
"2523",-3428.432
"2524",-3275.839
"2525",-3354.986
"2526",-3181.252
"2527",-3381.934
"2528",-3293.697
"2529",-3440.006
"2530",-3339.001
"2531",-3376.248
"2532",-3378.97
"2533",-3340
"2534",-3328.066
"2535",-3353.278
"2536",-3252.682
"2537",-3432.879
"2538",-3342.957
"2539",-3150.942
"2540",-3425.488
"2541",-3402.99
"2542",-3492.339
"2543",-3282.628
"2544",-3472.061
"2545",-3555.172
"2546",-3455.617
"2547",-3160.522
"2548",-3542.7
"2549",-3207.255
"2550",-3283.443
"2551",-3496.648
"2552",-3444.283
"2553",-3300.06
"2554",-3204.031
"2555",-3232.064
"2556",-3345.254
"2557",-3351.206
"2558",-3327.481
"2559",-3489.374
"2560",-3211.5
"2561",-3258.179
"2562",-3319.813
"2563",-3462.005
"2564",-3346.111
"2565",-3288.703
"2566",-3317.451
"2567",-3269.383
"2568",-3441.706
"2569",-3395.338
"2570",-3439.187
"2571",-3257.839
"2572",-3100.952
"2573",-3194.305
"2574",-3292.315
"2575",-3409.118
"2576",-3266.726
"2577",-3491.413
"2578",-3260.571
"2579",-3229.957
"2580",-3305.969
"2581",-3071.359
"2582",-3199.933
"2583",-3145.616
"2584",-3446.399
"2585",-3276.023
"2586",-3334.251
"2587",-3313.442
"2588",-3182.969
"2589",-3326.813
"2590",-3445.989
"2591",-3204.796
"2592",-3217.248
"2593",-3355.607
"2594",-3569.607
"2595",-3232.523
"2596",-3347.166
"2597",-3377.418
"2598",-3299.5
"2599",-3469.493
"2600",-3231.635
"2601",-3299.375
"2602",-3316.152
"2603",-3341.023
"2604",-3370.199
"2605",-3340.552
"2606",-3319.573
"2607",-3329.882
"2608",-3359.296
"2609",-3238.385
"2610",-3418.545
"2611",-3430.973
"2612",-3437.981
"2613",-3343.574
"2614",-3176.264
"2615",-3386.718
"2616",-3653.774
"2617",-3416.899
"2618",-2939.129
"2619",-3171.35
"2620",-3442.971
"2621",-3276.659
"2622",-3404.956
"2623",-3294.172
"2624",-3385.321
"2625",-3343.262
"2626",-3339.55
"2627",-3282.294
"2628",-3376.353
"2629",-3167.498
"2630",-3335.218
"2631",-3370.36
"2632",-3383.325
"2633",-3303.943
"2634",-3200.119
"2635",-3354.467
"2636",-3143.737
"2637",-3370.337
"2638",-3587.941
"2639",-3232.461
"2640",-3257.345
"2641",-3294.184
"2642",-3389.696
"2643",-3533.664
"2644",-3488.825
"2645",-3437.059
"2646",-3336.782
"2647",-3531.97
"2648",-3108.641
"2649",-3255.467
"2650",-3373.286
"2651",-3554.821
"2652",-3255.069
"2653",-3423.916
"2654",-3481.311
"2655",-3362.813
"2656",-3233.35
"2657",-3345.868
"2658",-3309.891
"2659",-3311.737
"2660",-3331.896
"2661",-3028.931
"2662",-3223.863
"2663",-3405.348
"2664",-3387.671
"2665",-3342.83
"2666",-3380.014
"2667",-3303.908
"2668",-3213.318
"2669",-3304.191
"2670",-3296.273
"2671",-3353.302
"2672",-3309.615
"2673",-3409.985
"2674",-3416.523
"2675",-3409.127
"2676",-3264.543
"2677",-3424.178
"2678",-3315.308
"2679",-3333.763
"2680",-3457.361
"2681",-3408.155
"2682",-3233.825
"2683",-3253.466
"2684",-3263.524
"2685",-3356.692
"2686",-3181.441
"2687",-3499.573
"2688",-3564.068
"2689",-3696.655
"2690",-3518.867
"2691",-3360.519
"2692",-3237.077
"2693",-3503.682
"2694",-3320.266
"2695",-3319.557
"2696",-3328.263
"2697",-3260.819
"2698",-3322.297
"2699",-3353.101
"2700",-3302.125
"2701",-3261.355
"2702",-3618.016
"2703",-3401.955
"2704",-3363.058
"2705",-3272.85
"2706",-3371.433
"2707",-3395.913
"2708",-3366.562
"2709",-3244.337
"2710",-3479.501
"2711",-3460.039
"2712",-3341.144
"2713",-3376.686
"2714",-3307.336
"2715",-3167.607
"2716",-3324.595
"2717",-3478.946
"2718",-3263.849
"2719",-3179.693
"2720",-3418.092
"2721",-3364.725
"2722",-3385.28
"2723",-3432.4
"2724",-3234.578
"2725",-3400.497
"2726",-3443.719
"2727",-3208.236
"2728",-3338.674
"2729",-3164.861
"2730",-3399.519
"2731",-3449.745
"2732",-3375.819
"2733",-3523.289
"2734",-3343.636
"2735",-3136.223
"2736",-3409.214
"2737",-3446.479
"2738",-3310.045
"2739",-3499.049
"2740",-3554.315
"2741",-3461.011
"2742",-3394.213
"2743",-3276.931
"2744",-3317.14
"2745",-3269.988
"2746",-3577.441
"2747",-3247.903
"2748",-3253.351
"2749",-3544.622
"2750",-3201.551
"2751",-3129.391
"2752",-3365.771
"2753",-3324.198
"2754",-3265.736
"2755",-3340.519
"2756",-3186.471
"2757",-3353.657
"2758",-3422.196
"2759",-3132.131
"2760",-3610.507
"2761",-3378.394
"2762",-3525.457
"2763",-3269.494
"2764",-3260.295
"2765",-3318.356
"2766",-3407.962
"2767",-3404.791
"2768",-3284.492
"2769",-3037.185
"2770",-3174.161
"2771",-3494.017
"2772",-3229.242
"2773",-3180.435
"2774",-3282.091
"2775",-3518.296
"2776",-3510.501
"2777",-3606.805
"2778",-3399.882
"2779",-3383.908
"2780",-3407.363
"2781",-3412.862
"2782",-3405.515
"2783",-3317.926
"2784",-3399.206
"2785",-3394.701
"2786",-3317.2
"2787",-3147.39
"2788",-3337.736
"2789",-3265.74
"2790",-3117.914
"2791",-3140.798
"2792",-3492.182
"2793",-3476.991
"2794",-3606.492
"2795",-3277.563
"2796",-3331.96
"2797",-3342.545
"2798",-3385.783
"2799",-3266.202
"2800",-3450.816
"2801",-3277.316
"2802",-3351.05
"2803",-3208.749
"2804",-3318.69
"2805",-3586.275
"2806",-3256.855
"2807",-2949.805
"2808",-3414.704
"2809",-3312.565
"2810",-3320.343
"2811",-3458.443
"2812",-3455.453
"2813",-3308.266
"2814",-3517.29
"2815",-3483.323
"2816",-3097.456
"2817",-3102.605
"2818",-3405.577
"2819",-3416.509
"2820",-3362.039
"2821",-3284.061
"2822",-3414.227
"2823",-3209.576
"2824",-3393.02
"2825",-3519.076
"2826",-3389.304
"2827",-3531.303
"2828",-3391.546
"2829",-3256.03
"2830",-3231.509
"2831",-3265.67
"2832",-3344.304
"2833",-3099.709
"2834",-3389.846
"2835",-3276.487
"2836",-3485.626
"2837",-3349.106
"2838",-3228.18
"2839",-3149.752
"2840",-3438.983
"2841",-3516.832
"2842",-3275.782
"2843",-3418.881
"2844",-3609.252
"2845",-3322.462
"2846",-3305.969
"2847",-3087.837
"2848",-3356.034
"2849",-3329.298
"2850",-3221.741
"2851",-3406.565
"2852",-3287.841
"2853",-3317.878
"2854",-3213.887
"2855",-3434.693
"2856",-3336.632
"2857",-3363.561
"2858",-3373.169
"2859",-3123.887
"2860",-3197.233
"2861",-3193.779
"2862",-3224.614
"2863",-3422.943
"2864",-3390.509
"2865",-3451.86
"2866",-3466.384
"2867",-3309.86
"2868",-3480.828
"2869",-3297.238
"2870",-3434.465
"2871",-3364.232
"2872",-3261.136
"2873",-3513.176
"2874",-3311.55
"2875",-3225.748
"2876",-3407.771
"2877",-3334.621
"2878",-3429.806
"2879",-3314.88
"2880",-3433.498
"2881",-3359.614
"2882",-3483.004
"2883",-3429.079
"2884",-3091.272
"2885",-3292.733
"2886",-3241.324
"2887",-3085.921
"2888",-3335.481
"2889",-3308.543
"2890",-3152.781
"2891",-3324.365
"2892",-3522.082
"2893",-3305.673
"2894",-3353.167
"2895",-3289.893
"2896",-3388.932
"2897",-3127.121
"2898",-3256.32
"2899",-3457.322
"2900",-3464.272
"2901",-3344.739
"2902",-3275.109
"2903",-3304.594
"2904",-3321.566
"2905",-3600.004
"2906",-3221.666
"2907",-3448.619
"2908",-3408.284
"2909",-3265.181
"2910",-3235.014
"2911",-3695.884
"2912",-3415.327
"2913",-3651.929
"2914",-3382.996
"2915",-3286.037
"2916",-3254.214
"2917",-3204.665
"2918",-3210.372
"2919",-3412.756
"2920",-3232.669
"2921",-3383
"2922",-3139.502
"2923",-3473.816
"2924",-3349.579
"2925",-3357.645
"2926",-3310.82
"2927",-3404.505
"2928",-3331.567
"2929",-3357.939
"2930",-3558.694
"2931",-3259.574
"2932",-3462.951
"2933",-3304.745
"2934",-3302.339
"2935",-3105.809
"2936",-3289.249
"2937",-3459.488
"2938",-3340.996
"2939",-3224.97
"2940",-3263.8
"2941",-3302.098
"2942",-3584.677
"2943",-3217.768
"2944",-3298.823
"2945",-3438.49
"2946",-3439.975
"2947",-3470.376
"2948",-3609.826
"2949",-3316.817
"2950",-3337.451
"2951",-3405.259
"2952",-3257.832
"2953",-3261.875
"2954",-3140.04
"2955",-3367.602
"2956",-3193.679
"2957",-3343.638
"2958",-3359.357
"2959",-3641.136
"2960",-3359.086
"2961",-3326.232
"2962",-3439.061
"2963",-3340.418
"2964",-3448.596
"2965",-3330.684
"2966",-3465.046
"2967",-3564.284
"2968",-3411.161
"2969",-3252.931
"2970",-3275.931
"2971",-3296.276
"2972",-3660.031
"2973",-3352.167
"2974",-3584.717
"2975",-3480.726
"2976",-3292.42
"2977",-3225.95
"2978",-3473.544
"2979",-3499.946
"2980",-3537.686
"2981",-3480.451
"2982",-3226.116
"2983",-3602.918
"2984",-3542.726
"2985",-3416.591
"2986",-3330.475
"2987",-3299.655
"2988",-3397.748
"2989",-3346.008
"2990",-3449.511
"2991",-3209.618
"2992",-3208.286
"2993",-3405.459
"2994",-3187.01
"2995",-3595.033
"2996",-3487.52
"2997",-3081.988
"2998",-3247.596
"2999",-3411.468
"3000",-3375.984
"3001",-3234.177
"3002",-3512.292
"3003",-3451.097
"3004",-3527.459
"3005",-3085.849
"3006",-3495
"3007",-3420.768
"3008",-3374.256
"3009",-3253.643
"3010",-3089.361
"3011",-3485.881
"3012",-3164.925
"3013",-3413.184
"3014",-3376.346
"3015",-3341.336
"3016",-3478.74
"3017",-3240.465
"3018",-3136.591
"3019",-3404.3
"3020",-3463.111
"3021",-3271.676
"3022",-3469.096
"3023",-3368.783
"3024",-3410.794
"3025",-3218.462
"3026",-3331.106
"3027",-3410.126
"3028",-3136.549
"3029",-3311.721
"3030",-3413.191
"3031",-3295.978
"3032",-3321.268
"3033",-3370.388
"3034",-3212.034
"3035",-3414.289
"3036",-3300.371
"3037",-3335.778
"3038",-3458.291
"3039",-3310.925
"3040",-3359.445
"3041",-3538.904
"3042",-3497.248
"3043",-3452.279
"3044",-3256.512
"3045",-3380.148
"3046",-3326.982
"3047",-3252.89
"3048",-3402.192
"3049",-3547.528
"3050",-3593.52
"3051",-3342.015
"3052",-3395.677
"3053",-3306.813
"3054",-3315.92
"3055",-3315.475
"3056",-3447.169
"3057",-3360.456
"3058",-3097.531
"3059",-3292.756
"3060",-3292.168
"3061",-3293.836
"3062",-3356.492
"3063",-3542.943
"3064",-3334.362
"3065",-3310.827
"3066",-3150.109
"3067",-3477.228
"3068",-3351.594
"3069",-3354.639
"3070",-3488.077
"3071",-3451.469
"3072",-3097.983
"3073",-3159.7
"3074",-3339.519
"3075",-3324.641
"3076",-3410.849
"3077",-3327.023
"3078",-3559.375
"3079",-3353.936
"3080",-3426.433
"3081",-3442.586
"3082",-3605.887
"3083",-3158.351
"3084",-3287.048
"3085",-3311.151
"3086",-3167.161
"3087",-3279.236
"3088",-3562.316
"3089",-3266.052
"3090",-3306.558
"3091",-3401.719
"3092",-3232.026
"3093",-3524.091
"3094",-3298.796
"3095",-3482.845
"3096",-3215.649
"3097",-3242.826
"3098",-3356.508
"3099",-3265.955
"3100",-3375.29
"3101",-3281.964
"3102",-3456.402
"3103",-3292.895
"3104",-3409.425
"3105",-3385.027
"3106",-3313.752
"3107",-3556.634
"3108",-3321.085
"3109",-3433.936
"3110",-3377.998
"3111",-3296.959
"3112",-3303.487
"3113",-3246.839
"3114",-3301.452
"3115",-3285.56
"3116",-3377.432
"3117",-3247.663
"3118",-3358.569
"3119",-3469.831
"3120",-3084.997
"3121",-3244.344
"3122",-3431.644
"3123",-3208.291
"3124",-3270.887
"3125",-3068.558
"3126",-3301.543
"3127",-3357.724
"3128",-3164.746
"3129",-3351.59
"3130",-3375.683
"3131",-3336.928
"3132",-3455.061
"3133",-3441.729
"3134",-3398.295
"3135",-3517.731
"3136",-3424.248
"3137",-3294.056
"3138",-3493.431
"3139",-3411.666
"3140",-3357.099
"3141",-3266.596
"3142",-3339.571
"3143",-3263.774
"3144",-3424.858
"3145",-3447.771
"3146",-3504.512
"3147",-3407.56
"3148",-3308.172
"3149",-3341.872
"3150",-3561.074
"3151",-3460.893
"3152",-3386.538
"3153",-3322.171
"3154",-3445.31
"3155",-3550.516
"3156",-3298.33
"3157",-3462.663
"3158",-3150.045
"3159",-3286.05
"3160",-3309.218
"3161",-3385.317
"3162",-3452.064
"3163",-3323.707
"3164",-3285.759
"3165",-3132.655
"3166",-3150.203
"3167",-3386.715
"3168",-3274.421
"3169",-3548.652
"3170",-3391.402
"3171",-3220.409
"3172",-3193.854
"3173",-3335.205
"3174",-3214.745
"3175",-3564.349
"3176",-3402.453
"3177",-3389.584
"3178",-3177.636
"3179",-3412.648
"3180",-3440.645
"3181",-3434.568
"3182",-3403.138
"3183",-3214.645
"3184",-3565.919
"3185",-3202.95
"3186",-3303.336
"3187",-3343.245
"3188",-3343.451
"3189",-3308.259
"3190",-3362.45
"3191",-3503.388
"3192",-3485.621
"3193",-3327.701
"3194",-3395.86
"3195",-3225.807
"3196",-3439.004
"3197",-3429.875
"3198",-3376.439
"3199",-3194.037
"3200",-3513.445
"3201",-3551.818
"3202",-3291.651
"3203",-3335.713
"3204",-3377.85
"3205",-3517.109
"3206",-3218.575
"3207",-3052.271
"3208",-3214.166
"3209",-3334.074
"3210",-3117.298
"3211",-3382.759
"3212",-3182.71
"3213",-3307.711
"3214",-3227.981
"3215",-3399.163
"3216",-3282.73
"3217",-3395.139
"3218",-3260.165
"3219",-3311.125
"3220",-3176.42
"3221",-3443.026
"3222",-3272.142
"3223",-3391.526
"3224",-3201.933
"3225",-3277.538
"3226",-3526.164
"3227",-3485.587
"3228",-3354.642
"3229",-3300.263
"3230",-3401.527
"3231",-3403.404
"3232",-3489.853
"3233",-3204.145
"3234",-3313.591
"3235",-3099.886
"3236",-3295.228
"3237",-3424.144
"3238",-3270.872
"3239",-3459.88
"3240",-3217.992
"3241",-3308.847
"3242",-3231.861
"3243",-3465.187
"3244",-3317.226
"3245",-3571.359
"3246",-3398.7
"3247",-3369.579
"3248",-3163.589
"3249",-3359.633
"3250",-3279.043
"3251",-3336.53
"3252",-3396.415
"3253",-3386.223
"3254",-3400.958
"3255",-3346.612
"3256",-3485.78
"3257",-3345.354
"3258",-3632.672
"3259",-3419.982
"3260",-3370.254
"3261",-3422.441
"3262",-3467.032
"3263",-3405.746
"3264",-3264.197
"3265",-3388.327
"3266",-3250.922
"3267",-3345.063
"3268",-3220.225
"3269",-3276.395
"3270",-3423.735
"3271",-3303.556
"3272",-3338.885
"3273",-3514.198
"3274",-3467.418
"3275",-2992.531
"3276",-3120.68
"3277",-3339.377
"3278",-3340.905
"3279",-3213.24
"3280",-3320.314
"3281",-3391.736
"3282",-3226.311
"3283",-3383.676
"3284",-3414.576
"3285",-3464.68
"3286",-3326.45
"3287",-3573.092
"3288",-3329.777
"3289",-3212.246
"3290",-3478.583
"3291",-3174.645
"3292",-3112.535
"3293",-3184.072
"3294",-3244.702
"3295",-3262.193
"3296",-3377.621
"3297",-3430.369
"3298",-3494.717
"3299",-3433.959
"3300",-3168.703
"3301",-3291.169
"3302",-3564.635
"3303",-3527.12
"3304",-3314.804
"3305",-3466.691
"3306",-3522.848
"3307",-3254.895
"3308",-3445.779
"3309",-3525.989
"3310",-3543.031
"3311",-3457.252
"3312",-3469.857
"3313",-3100.735
"3314",-3046.688
"3315",-3065.959
"3316",-3386.825
"3317",-3500.746
"3318",-3308.923
"3319",-3403.142
"3320",-3257.569
"3321",-3154.568
"3322",-3537.005
"3323",-3316.279
"3324",-3392.01
"3325",-3372.693
"3326",-3160.662
"3327",-3262.204
"3328",-3177.281
"3329",-3332.394
"3330",-3355.851
"3331",-3417.272
"3332",-3147.322
"3333",-3230.693
"3334",-3146.829
"3335",-3524.45
"3336",-3301.189
"3337",-3396.756
"3338",-3351.283
"3339",-3290.886
"3340",-3352.31
"3341",-3535.746
"3342",-3227.967
"3343",-3327.359
"3344",-3507.049
"3345",-3514.395
"3346",-3439.852
"3347",-3314.222
"3348",-3308.334
"3349",-3507.925
"3350",-3281.193
"3351",-3439.009
"3352",-3268.797
"3353",-3238.96
"3354",-3296.242
"3355",-3313.165
"3356",-3555.915
"3357",-3399.517
"3358",-3237.777
"3359",-3163.788
"3360",-3421.082
"3361",-3376.786
"3362",-3199.806
"3363",-3219.601
"3364",-3322.2
"3365",-3318.798
"3366",-3452.393
"3367",-3162.988
"3368",-3368.155
"3369",-3570.046
"3370",-3281.27
"3371",-3343.305
"3372",-3219.529
"3373",-3327.287
"3374",-3345.79
"3375",-3286.097
"3376",-3204.117
"3377",-3349.564
"3378",-3354.952
"3379",-3333.02
"3380",-3644.632
"3381",-3356.003
"3382",-3524.197
"3383",-3524.416
"3384",-3301.843
"3385",-3512.6
"3386",-3164.247
"3387",-3279.975
"3388",-3122.329
"3389",-3240.05
"3390",-3401.056
"3391",-3323.699
"3392",-3542.479
"3393",-3062.359
"3394",-3497.715
"3395",-3548.973
"3396",-3253.085
"3397",-3346.745
"3398",-3562.141
"3399",-3418.804
"3400",-3379.416
"3401",-3230.097
"3402",-3246.04
"3403",-3350.543
"3404",-3433.429
"3405",-3484.949
"3406",-3251.535
"3407",-3427.256
"3408",-3323.178
"3409",-3181.322
"3410",-3393.89
"3411",-3309.419
"3412",-3349.005
"3413",-3227.834
"3414",-3487.877
"3415",-3159.838
"3416",-3283.906
"3417",-3255.548
"3418",-3150.747
"3419",-3491.708
"3420",-3096.609
"3421",-3140.914
"3422",-3270.135
"3423",-3126.481
"3424",-3504.863
"3425",-3192.977
"3426",-3495.023
"3427",-3283.72
"3428",-3269.215
"3429",-3460.097
"3430",-3413.919
"3431",-3390.002
"3432",-3410.3
"3433",-3302.16
"3434",-3389.877
"3435",-3321.712
"3436",-3234.951
"3437",-3197.612
"3438",-3453.6
"3439",-3054.018
"3440",-3362.601
"3441",-3234.5
"3442",-3163.264
"3443",-3383.116
"3444",-3395.471
"3445",-3484.191
"3446",-3469.973
"3447",-3233.784
"3448",-3193.658
"3449",-3393.587
"3450",-3189.191
"3451",-3505.84
"3452",-3589.708
"3453",-3101.331
"3454",-3558.919
"3455",-2986.47
"3456",-3302.736
"3457",-3388.439
"3458",-3315.036
"3459",-3120.432
"3460",-3382.126
"3461",-3407.338
"3462",-3180.513
"3463",-3200.832
"3464",-3373.086
"3465",-3199.675
"3466",-3308.228
"3467",-3249.793
"3468",-3281.818
"3469",-3266.657
"3470",-3444.256
"3471",-3290.885
"3472",-3459.529
"3473",-3133.693
"3474",-3387.91
"3475",-3457.6
"3476",-3213.972
"3477",-3235.023
"3478",-3505.675
"3479",-3630.404
"3480",-3301.33
"3481",-3170.847
"3482",-3350.314
"3483",-3363.477
"3484",-3453.926
"3485",-3213.252
"3486",-3435.547
"3487",-3522.577
"3488",-3259.587
"3489",-3303.278
"3490",-3326.613
"3491",-3420.028
"3492",-3321.248
"3493",-3381.243
"3494",-3308.322
"3495",-3111.479
"3496",-3333.159
"3497",-3419.561
"3498",-3311.181
"3499",-3371.285
"3500",-3470.711
"3501",-3171.881
"3502",-3545.948
"3503",-3440.804
"3504",-3287.431
"3505",-3467.975
"3506",-3559.916
"3507",-3518.827
"3508",-3537.157
"3509",-3338.665
"3510",-3353.876
"3511",-3563.094
"3512",-3347.891
"3513",-3419.978
"3514",-3405.703
"3515",-3566.458
"3516",-3329.292
"3517",-3274.917
"3518",-3224.855
"3519",-3214.08
"3520",-3459.92
"3521",-3522.226
"3522",-3265.412
"3523",-3491.476
"3524",-3389.699
"3525",-3262.342
"3526",-3353.919
"3527",-3392.356
"3528",-3431.326
"3529",-3404.894
"3530",-3244.883
"3531",-3329.562
"3532",-3447.628
"3533",-3333.396
"3534",-3340.677
"3535",-3332.24
"3536",-3443.754
"3537",-3505.741
"3538",-3403.293
"3539",-3588.137
"3540",-3259.643
"3541",-3425.753
"3542",-3427.602
"3543",-3588.671
"3544",-3477.322
"3545",-3311.688
"3546",-3341.24
"3547",-3224.929
"3548",-3119.158
"3549",-3370.444
"3550",-3328.698
"3551",-3198.088
"3552",-3495.941
"3553",-3158.175
"3554",-3566.616
"3555",-3268.738
"3556",-3285.002
"3557",-3335.766
"3558",-3545.726
"3559",-3157.449
"3560",-3370.471
"3561",-3251.35
"3562",-3440.69
"3563",-3146.922
"3564",-3267.517
"3565",-3405.781
"3566",-3251.229
"3567",-3324.293
"3568",-3457.792
"3569",-3282
"3570",-3406.713
"3571",-3285.304
"3572",-3232.305
"3573",-3440.084
"3574",-3338.257
"3575",-3376.845
"3576",-3451.574
"3577",-3548.515
"3578",-3208.807
"3579",-3389.493
"3580",-3129.188
"3581",-3437.009
"3582",-3435.825
"3583",-3113.003
"3584",-3285.326
"3585",-3034.726
"3586",-3247.249
"3587",-3203.261
"3588",-3145.212
"3589",-3393.228
"3590",-3265.551
"3591",-3395.128
"3592",-3390.304
"3593",-3774.192
"3594",-3506.844
"3595",-3277.722
"3596",-3215.261
"3597",-3182.639
"3598",-3403.149
"3599",-3469.124
"3600",-3268.352
"3601",-3450.607
"3602",-3325.208
"3603",-3392.513
"3604",-3253.998
"3605",-3412.462
"3606",-3341.821
"3607",-3554.738
"3608",-3421.851
"3609",-3221.767
"3610",-3305.342
"3611",-3209.91
"3612",-3381.668
"3613",-3427.916
"3614",-3474.314
"3615",-3415.319
"3616",-3160.58
"3617",-3284.34
"3618",-3333.725
"3619",-3497.293
"3620",-3237.555
"3621",-3370.956
"3622",-3249.214
"3623",-3244.168
"3624",-3251.179
"3625",-2997.693
"3626",-3337.661
"3627",-3279.616
"3628",-3448.163
"3629",-3368.472
"3630",-3369.147
"3631",-3350.813
"3632",-3244.571
"3633",-3334.159
"3634",-3347.073
"3635",-3282.484
"3636",-3438.217
"3637",-3273.797
"3638",-3216.595
"3639",-3412.061
"3640",-3238.32
"3641",-3777.861
"3642",-3405.241
"3643",-3466.186
"3644",-3230.54
"3645",-3279.264
"3646",-3337.24
"3647",-3327.727
"3648",-3219.554
"3649",-3393.975
"3650",-3339.073
"3651",-3391.948
"3652",-3356.15
"3653",-3245.613
"3654",-3267.569
"3655",-3215.61
"3656",-3475.544
"3657",-3318.419
"3658",-3307.136
"3659",-3452.506
"3660",-3166.605
"3661",-3304.043
"3662",-3399.498
"3663",-3315.209
"3664",-3395.721
"3665",-3400.944
"3666",-3438.265
"3667",-3415.936
"3668",-3290.222
"3669",-3195.365
"3670",-3406.865
"3671",-3416.881
"3672",-3371.908
"3673",-3307.554
"3674",-3205.368
"3675",-3422.114
"3676",-3449.719
"3677",-3321.483
"3678",-3335.407
"3679",-3271.05
"3680",-3338.628
"3681",-3321.158
"3682",-3094.812
"3683",-3417.361
"3684",-3374.53
"3685",-3296.776
"3686",-3235.238
"3687",-3278.846
"3688",-3367.355
"3689",-3279.427
"3690",-3420.027
"3691",-3178.639
"3692",-3455.124
"3693",-3661.926
"3694",-3332.2
"3695",-3515.418
"3696",-3347.801
"3697",-3454.806
"3698",-3425.498
"3699",-3398.577
"3700",-3391.987
"3701",-3462.957
"3702",-3220.085
"3703",-3206.333
"3704",-3327.064
"3705",-3282.632
"3706",-3455.828
"3707",-3329.955
"3708",-3217.113
"3709",-3423.902
"3710",-3267.304
"3711",-3306.721
"3712",-3276.124
"3713",-3189.168
"3714",-3314.296
"3715",-3331.545
"3716",-3256.671
"3717",-3424.722
"3718",-3551.051
"3719",-3430.688
"3720",-3466.252
"3721",-3334.421
"3722",-3392.076
"3723",-3264.259
"3724",-3327.419
"3725",-3327.62
"3726",-3182.314
"3727",-3277.737
"3728",-3476.002
"3729",-3288.371
"3730",-3205.027
"3731",-3180.648
"3732",-3082.002
"3733",-3244.965
"3734",-3467.818
"3735",-3461.368
"3736",-3212.767
"3737",-3347.296
"3738",-3340.112
"3739",-3311.719
"3740",-3447.275
"3741",-3336.866
"3742",-3272.804
"3743",-3438.072
"3744",-3361.158
"3745",-3322.681
"3746",-3432.674
"3747",-3519.609
"3748",-3321.402
"3749",-3410.957
"3750",-3360.1
"3751",-3500.469
"3752",-3168.718
"3753",-3133.812
"3754",-3216.742
"3755",-3280.087
"3756",-3447.279
"3757",-3070.234
"3758",-3224.54
"3759",-3461.236
"3760",-3306.812
"3761",-3419.404
"3762",-2967.73
"3763",-3271.393
"3764",-3454.011
"3765",-3300.406
"3766",-3314.224
"3767",-3342.203
"3768",-3486.338
"3769",-3531.608
"3770",-3453.56
"3771",-3336.83
"3772",-3394.365
"3773",-3539.57
"3774",-3363.493
"3775",-3248.262
"3776",-3143.714
"3777",-3509.401
"3778",-3261.257
"3779",-3434.687
"3780",-3347.338
"3781",-3267.709
"3782",-3276.733
"3783",-3216.791
"3784",-3311.226
"3785",-3318.363
"3786",-3276.656
"3787",-3212.537
"3788",-3181.626
"3789",-3116.928
"3790",-3381.162
"3791",-3338.946
"3792",-3170.596
"3793",-3496.704
"3794",-3331.535
"3795",-3349.787
"3796",-3411.252
"3797",-3469.344
"3798",-3325.131
"3799",-3360.121
"3800",-3428.265
"3801",-3327.968
"3802",-3478.217
"3803",-3085.111
"3804",-3247.171
"3805",-3630.22
"3806",-3415.853
"3807",-3441.344
"3808",-3309.784
"3809",-3238.887
"3810",-3264.29
"3811",-3378.99
"3812",-3386.761
"3813",-3159.919
"3814",-3415.082
"3815",-3423.234
"3816",-3191.657
"3817",-3354.945
"3818",-3561.659
"3819",-3436.579
"3820",-3249.122
"3821",-3195.465
"3822",-3513.598
"3823",-3094.959
"3824",-3429.588
"3825",-3344.894
"3826",-3545.71
"3827",-3454.258
"3828",-3382.589
"3829",-3368.256
"3830",-3413.112
"3831",-3361.506
"3832",-3284.512
"3833",-3308.269
"3834",-3416.808
"3835",-3123.934
"3836",-3075.945
"3837",-3315.769
"3838",-3296.336
"3839",-3361.748
"3840",-3392.832
"3841",-3422.036
"3842",-3533.91
"3843",-3238.273
"3844",-3301.738
"3845",-3380.653
"3846",-3170.847
"3847",-3627.311
"3848",-3490.196
"3849",-3397.602
"3850",-3295.642
"3851",-3513.632
"3852",-3165.384
"3853",-3344.2
"3854",-3532.714
"3855",-3266.503
"3856",-3412.122
"3857",-3300.374
"3858",-3449.964
"3859",-3335.963
"3860",-3274.276
"3861",-3421.992
"3862",-3246.51
"3863",-3182.721
"3864",-3633.577
"3865",-3363.614
"3866",-3370.225
"3867",-3387.961
"3868",-3282.502
"3869",-3496.157
"3870",-3238.89
"3871",-3464.725
"3872",-3363.742
"3873",-3320.658
"3874",-3457.339
"3875",-3335.218
"3876",-3552.13
"3877",-3203.392
"3878",-3356.936
"3879",-3442.193
"3880",-3371.59
"3881",-3538.512
"3882",-3334.107
"3883",-3446.418
"3884",-3460.107
"3885",-3427.807
"3886",-3456.51
"3887",-3423.952
"3888",-3220.534
"3889",-3244.993
"3890",-3307.777
"3891",-3471.073
"3892",-3084.285
"3893",-3463.439
"3894",-3222.397
"3895",-3385.703
"3896",-3570.189
"3897",-3275.493
"3898",-3305.556
"3899",-3402.724
"3900",-3266.105
"3901",-3239.766
"3902",-3340.119
"3903",-3317.664
"3904",-3542.2
"3905",-3255.566
"3906",-3393.352
"3907",-3463.687
"3908",-3365.323
"3909",-3287.049
"3910",-3226.935
"3911",-3375.391
"3912",-3230.964
"3913",-3329.728
"3914",-3222.591
"3915",-3541.124
"3916",-3419.174
"3917",-3318.662
"3918",-3204.58
"3919",-3228.482
"3920",-3417.271
"3921",-3383.134
"3922",-3413.47
"3923",-3257.514
"3924",-3234.671
"3925",-3286.399
"3926",-3550.287
"3927",-3421.606
"3928",-3228.151
"3929",-3638.043
"3930",-3147.622
"3931",-3466.401
"3932",-3614.546
"3933",-3383.415
"3934",-3281.712
"3935",-3169.877
"3936",-3362.686
"3937",-3345.101
"3938",-3274.31
"3939",-3426.414
"3940",-3294.76
"3941",-3466.952
"3942",-3328.21
"3943",-3527.312
"3944",-3463.961
"3945",-3136.061
"3946",-3539.323
"3947",-3249.258
"3948",-3425.432
"3949",-3407.576
"3950",-3447.641
"3951",-3182.957
"3952",-3203.104
"3953",-3497.421
"3954",-3507.602
"3955",-3180.976
"3956",-3220.153
"3957",-3338.854
"3958",-3541.076
"3959",-3321.559
"3960",-3271.295
"3961",-3457.182
"3962",-3430.225
"3963",-3408.59
"3964",-3239.44
"3965",-3646.69
"3966",-3072.159
"3967",-3315.068
"3968",-3397.699
"3969",-3253.898
"3970",-3287.725
"3971",-3274.877
"3972",-3315.927
"3973",-3380.781
"3974",-3313.596
"3975",-3287.261
"3976",-3523.806
"3977",-3472.258
"3978",-3234.275
"3979",-3345.713
"3980",-3194.577
"3981",-3468.058
"3982",-3306.589
"3983",-3377.281
"3984",-3254.997
"3985",-3182.534
"3986",-3491.497
"3987",-3293.298
"3988",-3305.591
"3989",-3461.597
"3990",-3386.989
"3991",-3366.808
"3992",-3421.742
"3993",-3396.929
"3994",-3398.216
"3995",-3251.217
"3996",-3152.617
"3997",-3417.263
"3998",-3480.02
"3999",-3433.187
"4000",-3279.481
"4001",-3089.805
"4002",-3400.748
"4003",-3344.231
"4004",-3306.511
"4005",-3169.301
"4006",-3275.871
"4007",-3274.67
"4008",-3544.298
"4009",-3189.523
"4010",-3538.746
"4011",-3452.742
"4012",-3247.991
"4013",-3185.051
"4014",-3389.416
"4015",-3197.837
"4016",-3474.26
"4017",-3259.25
"4018",-3437.987
"4019",-3428.07
"4020",-3466.839
"4021",-3316.177
"4022",-3314.886
"4023",-3331.602
"4024",-3287.112
"4025",-3138.413
"4026",-3240.22
"4027",-3227.28
"4028",-3255.737
"4029",-3394.852
"4030",-3531.675
"4031",-3303.465
"4032",-3456.487
"4033",-3445.462
"4034",-3415.677
"4035",-3277.869
"4036",-3367.015
"4037",-3311.601
"4038",-3318.706
"4039",-3202.037
"4040",-3334.084
"4041",-3400.353
"4042",-3284.797
"4043",-3319.476
"4044",-3179.805
"4045",-3295.574
"4046",-3400.97
"4047",-3417.539
"4048",-3403.34
"4049",-3277.037
"4050",-3031.606
"4051",-3416.61
"4052",-3306.87
"4053",-3362.374
"4054",-3375.715
"4055",-3403.031
"4056",-3218.598
"4057",-3304.289
"4058",-3421.864
"4059",-3423.558
"4060",-3276.363
"4061",-3227.61
"4062",-3423.145
"4063",-3272.39
"4064",-3467.899
"4065",-3072.605
"4066",-3376.028
"4067",-3109.599
"4068",-3360.676
"4069",-3340.13
"4070",-3168.051
"4071",-3484.222
"4072",-3348.653
"4073",-3522.813
"4074",-3330.404
"4075",-3375.469
"4076",-3187.591
"4077",-3151.286
"4078",-3235.393
"4079",-3454.07
"4080",-3372.237
"4081",-3130.861
"4082",-3219.717
"4083",-3320.848
"4084",-3141.588
"4085",-3386.105
"4086",-3351.802
"4087",-3491.664
"4088",-3360.958
"4089",-3184.541
"4090",-3407.971
"4091",-3380.45
"4092",-3316.407
"4093",-3288.529
"4094",-3483.385
"4095",-3502.788
"4096",-3357.788
"4097",-3507.479
"4098",-3573.478
"4099",-3251.408
"4100",-3346.363
"4101",-3510.514
"4102",-3313.334
"4103",-3306.424
"4104",-3285.78
"4105",-3353.368
"4106",-3287.193
"4107",-3330.969
"4108",-3178.424
"4109",-3349.11
"4110",-3489.068
"4111",-3502.997
"4112",-3495.4
"4113",-3158.854
"4114",-3406.366
"4115",-3275.429
"4116",-3232.668
"4117",-3578.307
"4118",-3299.814
"4119",-3171.505
"4120",-3271.318
"4121",-3259.006
"4122",-3419.46
"4123",-3269.447
"4124",-3506.904
"4125",-3333.645
"4126",-3311.184
"4127",-3281.088
"4128",-3292.131
"4129",-3225.416
"4130",-3145.449
"4131",-3340.431
"4132",-3395.915
"4133",-3070.771
"4134",-3270.303
"4135",-3363.116
"4136",-3347.954
"4137",-3373
"4138",-3476.628
"4139",-3357.241
"4140",-3223.682
"4141",-3289.012
"4142",-3198.513
"4143",-3400.577
"4144",-3370.237
"4145",-3364.772
"4146",-3395.487
"4147",-3540.446
"4148",-3498.771
"4149",-3342.965
"4150",-3494.695
"4151",-3139.136
"4152",-3554.481
"4153",-3322.653
"4154",-3425.999
"4155",-3334.033
"4156",-3409.673
"4157",-3435.841
"4158",-3288.342
"4159",-3382.306
"4160",-3301.243
"4161",-3245.666
"4162",-3249.375
"4163",-3297.841
"4164",-3291.798
"4165",-3256.883
"4166",-3340.039
"4167",-3337.23
"4168",-3453.417
"4169",-3670.702
"4170",-3471.391
"4171",-3233.331
"4172",-3523.844
"4173",-3218.494
"4174",-3475.765
"4175",-3274.286
"4176",-3257.358
"4177",-3220.732
"4178",-3359.515
"4179",-3458.704
"4180",-3384.704
"4181",-3027.147
"4182",-3347.491
"4183",-3255.536
"4184",-3347.555
"4185",-3337.663
"4186",-3337.908
"4187",-3452.586
"4188",-3442.139
"4189",-3375.995
"4190",-3328.459
"4191",-3196.464
"4192",-3028.108
"4193",-3129.073
"4194",-3436.715
"4195",-3254.615
"4196",-3491.789
"4197",-3269.022
"4198",-3245.236
"4199",-3239.875
"4200",-3268.301
"4201",-3418.426
"4202",-3297.081
"4203",-3230.969
"4204",-3346.866
"4205",-3374.408
"4206",-3350.363
"4207",-3376.965
"4208",-3448.529
"4209",-2981.643
"4210",-3096.646
"4211",-3334.779
"4212",-3236.627
"4213",-3353.228
"4214",-3453.598
"4215",-3383.322
"4216",-3591.823
"4217",-3103.677
"4218",-3439.115
"4219",-3418.992
"4220",-3287.034
"4221",-3429.566
"4222",-3284.605
"4223",-3454.099
"4224",-3460.139
"4225",-3360.728
"4226",-3509.12
"4227",-3423.762
"4228",-3460.028
"4229",-3388.978
"4230",-3298.136
"4231",-3420.528
"4232",-3473.094
"4233",-3289.361
"4234",-3418.304
"4235",-3546.021
"4236",-3248.338
"4237",-3311.11
"4238",-3185.638
"4239",-3408.57
"4240",-3469.327
"4241",-3293.077
"4242",-3319.698
"4243",-3225.138
"4244",-3494.62
"4245",-3270.963
"4246",-3136.157
"4247",-3417.835
"4248",-3176.531
"4249",-3321.133
"4250",-3232.702
"4251",-3300.426
"4252",-3435.02
"4253",-3308.631
"4254",-3568.508
"4255",-3288.632
"4256",-3489.806
"4257",-3314.084
"4258",-3236.355
"4259",-3434.761
"4260",-3499.431
"4261",-3313.668
"4262",-3330.684
"4263",-3328.708
"4264",-3258.408
"4265",-3332.338
"4266",-3314.985
"4267",-3158.679
"4268",-3450.407
"4269",-3429.114
"4270",-3426.053
"4271",-3377.194
"4272",-3494.732
"4273",-3408.032
"4274",-3368.213
"4275",-3483.183
"4276",-3427.971
"4277",-3452.277
"4278",-3388.401
"4279",-3443.913
"4280",-3277.092
"4281",-3334.811
"4282",-3307.852
"4283",-3208.062
"4284",-3519.824
"4285",-3455.417
"4286",-3233.188
"4287",-3438.802
"4288",-3312.964
"4289",-3376.781
"4290",-3433.257
"4291",-3374.787
"4292",-3327.588
"4293",-3311.371
"4294",-3320.979
"4295",-3467.342
"4296",-3329.552
"4297",-3428.938
"4298",-3326.124
"4299",-3313.898
"4300",-3230.093
"4301",-3514.285
"4302",-3198.111
"4303",-3369.152
"4304",-3444.44
"4305",-3315.814
"4306",-3338.981
"4307",-3291.514
"4308",-3437.678
"4309",-3473.994
"4310",-3223.386
"4311",-3285.662
"4312",-3388.903
"4313",-3276.951
"4314",-3290.679
"4315",-3312.196
"4316",-3388.601
"4317",-3331.381
"4318",-3282.553
"4319",-3444.135
"4320",-3245.25
"4321",-3447.478
"4322",-3540.454
"4323",-3406.416
"4324",-3454.3
"4325",-3367.509
"4326",-3265.591
"4327",-3096.849
"4328",-3223.071
"4329",-3281.656
"4330",-3204.687
"4331",-3263.741
"4332",-3348.61
"4333",-3317.953
"4334",-3355.229
"4335",-3347.772
"4336",-3326.203
"4337",-3249.733
"4338",-3553.842
"4339",-3524.625
"4340",-3223.878
"4341",-3532.01
"4342",-3360.292
"4343",-3315.193
"4344",-3272.27
"4345",-3092.282
"4346",-3222.291
"4347",-3235.464
"4348",-3427.176
"4349",-3143.608
"4350",-3373.663
"4351",-3364.877
"4352",-3252.768
"4353",-3349.994
"4354",-3355.33
"4355",-3147.33
"4356",-3166.823
"4357",-3435.947
"4358",-3235.077
"4359",-3286.103
"4360",-3435.535
"4361",-3293.467
"4362",-3441.589
"4363",-3667.33
"4364",-3251.012
"4365",-3425.12
"4366",-3494.932
"4367",-3304.265
"4368",-3227.319
"4369",-3323.706
"4370",-3374.673
"4371",-3446.212
"4372",-3403.297
"4373",-3281.753
"4374",-3192.295
"4375",-3317.25
"4376",-3367.509
"4377",-3462.438
"4378",-3414.188
"4379",-3460.207
"4380",-3558.012
"4381",-3176.732
"4382",-3362.934
"4383",-3357.139
"4384",-3329.759
"4385",-3113.962
"4386",-3395.585
"4387",-3333.711
"4388",-3360.202
"4389",-3277.07
"4390",-3265.575
"4391",-3157.425
"4392",-3412.003
"4393",-3459.921
"4394",-3231.964
"4395",-3459.272
"4396",-3378.4
"4397",-3358.48
"4398",-3266.245
"4399",-3518.43
"4400",-3318.727
"4401",-3648.024
"4402",-3339.091
"4403",-3411.791
"4404",-3322.711
"4405",-3170.067
"4406",-3336.757
"4407",-3353.258
"4408",-3482.911
"4409",-3260.705
"4410",-3344.756
"4411",-3244.389
"4412",-3374.971
"4413",-3336.42
"4414",-3341.85
"4415",-3310.42
"4416",-3378.08
"4417",-3393.78
"4418",-3282.962
"4419",-3458.078
"4420",-3478.101
"4421",-3544.966
"4422",-3447.474
"4423",-3293.566
"4424",-3316.921
"4425",-3300.282
"4426",-3276.899
"4427",-3373.413
"4428",-3227.052
"4429",-3290.41
"4430",-3174.825
"4431",-3202.821
"4432",-3258.876
"4433",-3606.916
"4434",-3463.571
"4435",-3417.357
"4436",-3316.466
"4437",-3372.912
"4438",-3584.06
"4439",-3348.092
"4440",-3446.318
"4441",-3452.56
"4442",-3137.521
"4443",-3241.639
"4444",-3345.304
"4445",-3377.78
"4446",-3325.856
"4447",-3218.035
"4448",-3433.835
"4449",-3321.285
"4450",-3189.06
"4451",-3384.201
"4452",-3394.912
"4453",-3507.073
"4454",-3277.067
"4455",-3271.833
"4456",-3395.85
"4457",-3360.124
"4458",-3314.03
"4459",-3340.702
"4460",-3321.746
"4461",-3388.622
"4462",-3251.623
"4463",-3385.466
"4464",-3385.663
"4465",-3161.174
"4466",-3302.477
"4467",-3353.381
"4468",-3156.64
"4469",-3296.591
"4470",-3226.582
"4471",-3310.377
"4472",-3509.17
"4473",-3367.439
"4474",-3211.242
"4475",-3315.185
"4476",-3408.841
"4477",-3206.27
"4478",-3181.698
"4479",-3553.265
"4480",-3318.127
"4481",-3395.512
"4482",-3446.678
"4483",-3468.799
"4484",-3417.212
"4485",-3340.751
"4486",-3229.448
"4487",-3279.835
"4488",-3417.914
"4489",-3332.267
"4490",-3204.556
"4491",-3481.16
"4492",-3306.991
"4493",-3192.289
"4494",-3529.091
"4495",-3232.309
"4496",-3444.641
"4497",-3357.035
"4498",-3288.848
"4499",-3149.289
"4500",-3359.772
"4501",-3198.781
"4502",-3400.066
"4503",-3444.939
"4504",-3444.748
"4505",-3438.26
"4506",-3334.969
"4507",-3283.1
"4508",-3456.134
"4509",-3580.087
"4510",-3410.106
"4511",-3579.27
"4512",-3377.823
"4513",-3156.356
"4514",-3274.258
"4515",-3427.567
"4516",-3294.853
"4517",-3243.781
"4518",-3203.035
"4519",-3346.677
"4520",-3384.111
"4521",-3065.488
"4522",-3210.456
"4523",-3528.071
"4524",-3508.677
"4525",-3162.558
"4526",-3305.469
"4527",-3325.627
"4528",-3463.473
"4529",-3337.514
"4530",-3191.955
"4531",-3501.207
"4532",-3418.853
"4533",-3425.955
"4534",-3378.291
"4535",-3255.596
"4536",-3192.849
"4537",-3130.537
"4538",-3437.852
"4539",-3371.917
"4540",-3376.611
"4541",-3269.389
"4542",-3217.54
"4543",-3492.585
"4544",-3200.766
"4545",-3449.644
"4546",-3409.104
"4547",-3337.817
"4548",-3407.574
"4549",-3263.418
"4550",-3371.368
"4551",-3295.305
"4552",-3376.148
"4553",-3313.017
"4554",-3266.147
"4555",-3326.604
"4556",-3392.779
"4557",-3246.599
"4558",-3450.214
"4559",-3152.069
"4560",-3463.933
"4561",-3317.139
"4562",-3319.963
"4563",-3395.159
"4564",-3240.808
"4565",-3462.355
"4566",-3260.299
"4567",-3406.325
"4568",-3331.033
"4569",-3198.677
"4570",-3273.57
"4571",-3404.075
"4572",-3179.987
"4573",-3365.655
"4574",-3426.875
"4575",-3545.006
"4576",-3366.577
"4577",-3382.611
"4578",-3427.941
"4579",-3343.238
"4580",-3375.755
"4581",-3330.618
"4582",-3606.412
"4583",-3279.695
"4584",-3130.303
"4585",-3624.489
"4586",-3415.796
"4587",-3329.621
"4588",-3345.794
"4589",-3420.879
"4590",-3238.452
"4591",-3177.505
"4592",-3296.347
"4593",-3372.429
"4594",-3455.259
"4595",-3546.106
"4596",-3419.918
"4597",-3314.05
"4598",-3476.16
"4599",-3204.516
"4600",-3299.196
"4601",-3206.153
"4602",-3409.003
"4603",-3479.576
"4604",-3329.993
"4605",-3404.825
"4606",-3307.623
"4607",-3429.177
"4608",-3356.989
"4609",-3343.936
"4610",-3234.457
"4611",-3370.378
"4612",-3387.945
"4613",-3446.593
"4614",-3488.836
"4615",-3340.295
"4616",-3110.5
"4617",-3179.223
"4618",-3373.05
"4619",-3547.7
"4620",-3550.509
"4621",-3270.054
"4622",-3350.2
"4623",-3573.841
"4624",-3559.566
"4625",-3392.178
"4626",-3324.452
"4627",-3462.564
"4628",-3556.569
"4629",-3532.192
"4630",-3287.807
"4631",-3253.646
"4632",-3433.656
"4633",-3435.62
"4634",-3294.226
"4635",-3398.747
"4636",-3306.345
"4637",-3515.296
"4638",-3164.61
"4639",-3261.45
"4640",-3528.865
"4641",-3495.396
"4642",-3505.107
"4643",-3309.793
"4644",-3440.613
"4645",-3306.422
"4646",-3402.19
"4647",-3316.889
"4648",-3269.99
"4649",-3132.668
"4650",-3496.393
"4651",-3490.301
"4652",-3311.011
"4653",-3199.975
"4654",-3513.337
"4655",-3221.518
"4656",-3312.662
"4657",-3423.054
"4658",-3207.615
"4659",-3355.146
"4660",-3106.597
"4661",-3171.884
"4662",-3531.186
"4663",-3199.6
"4664",-3412.041
"4665",-3371.539
"4666",-3456.906
"4667",-3470.761
"4668",-3253.696
"4669",-3289.178
"4670",-3330.338
"4671",-3268.88
"4672",-3466.134
"4673",-3231.068
"4674",-3283.27
"4675",-3425.281
"4676",-3416.46
"4677",-3318.052
"4678",-3299.134
"4679",-3443.542
"4680",-3344.382
"4681",-3345.169
"4682",-3217.238
"4683",-3564.538
"4684",-3248.003
"4685",-3309.917
"4686",-3272.99
"4687",-3383.239
"4688",-3213.6
"4689",-3536.853
"4690",-3459.73
"4691",-3407.527
"4692",-3402.898
"4693",-3315.983
"4694",-3229.363
"4695",-3275.161
"4696",-3241.761
"4697",-3205.596
"4698",-3519.685
"4699",-3362.546
"4700",-3199.273
"4701",-3478.676
"4702",-3243.392
"4703",-3131.61
"4704",-3233.535
"4705",-3500.842
"4706",-3289.893
"4707",-3123.916
"4708",-3285.102
"4709",-3237.172
"4710",-3306.404
"4711",-3305.653
"4712",-3414.205
"4713",-3384.825
"4714",-3449.286
"4715",-3578.666
"4716",-3348.483
"4717",-3320.278
"4718",-3458.637
"4719",-3449.399
"4720",-3331.777
"4721",-3211.511
"4722",-3155.55
"4723",-3356.177
"4724",-3417.081
"4725",-3391.754
"4726",-3440.859
"4727",-3242.847
"4728",-3281.615
"4729",-3116.493
"4730",-3319.31
"4731",-3280.113
"4732",-3224.642
"4733",-3513.28
"4734",-3478.292
"4735",-3282.275
"4736",-3413.683
"4737",-3435.294
"4738",-3286.456
"4739",-3254.995
"4740",-3359.539
"4741",-3405.406
"4742",-3534.286
"4743",-3293.396
"4744",-3299.269
"4745",-3165.556
"4746",-3410.664
"4747",-3398.137
"4748",-3435.518
"4749",-3383.294
"4750",-3427.346
"4751",-3325.83
"4752",-3458.204
"4753",-3417.77
"4754",-3416.436
"4755",-3393.339
"4756",-3235.131
"4757",-3372.437
"4758",-3476.083
"4759",-3433.642
"4760",-3396.789
"4761",-3460.501
"4762",-3166.01
"4763",-3510.794
"4764",-3357.121
"4765",-3440.859
"4766",-3620.898
"4767",-3407.236
"4768",-3376.562
"4769",-3319.568
"4770",-3392.391
"4771",-3401.827
"4772",-3259.495
"4773",-3357.11
"4774",-3161.341
"4775",-3323.242
"4776",-3419.369
"4777",-3331.766
"4778",-3407.204
"4779",-3325.375
"4780",-3434.929
"4781",-3366.72
"4782",-3345.579
"4783",-3372.416
"4784",-3449.741
"4785",-3548.728
"4786",-3262.279
"4787",-3435.494
"4788",-3381.623
"4789",-3256.244
"4790",-3483.009
"4791",-3271.096
"4792",-3393.093
"4793",-3096.304
"4794",-3376.249
"4795",-3219.635
"4796",-3385.687
"4797",-3456.401
"4798",-3170.135
"4799",-3316.909
"4800",-3329.934
"4801",-3249.912
"4802",-3459.614
"4803",-3555.499
"4804",-3319.395
"4805",-3384.549
"4806",-3572.908
"4807",-3366.877
"4808",-3163.743
"4809",-3336.465
"4810",-3367.076
"4811",-3205.48
"4812",-3411.082
"4813",-3327.832
"4814",-3346.857
"4815",-3451.545
"4816",-3336.511
"4817",-3339.632
"4818",-3377.59
"4819",-3631.376
"4820",-3301.792
"4821",-3121.857
"4822",-3244.571
"4823",-3443.496
"4824",-3406.624
"4825",-3375.57
"4826",-3380.682
"4827",-3352.164
"4828",-3388.465
"4829",-3379.689
"4830",-3234.581
"4831",-3474.25
"4832",-3431.318
"4833",-3359.507
"4834",-3414.797
"4835",-3221.67
"4836",-3348.512
"4837",-3376.059
"4838",-3412.8
"4839",-3509.117
"4840",-3264.949
"4841",-3198.302
"4842",-3330.649
"4843",-3104.861
"4844",-3320.164
"4845",-3088.944
"4846",-3401.228
"4847",-3512.387
"4848",-3323.611
"4849",-3450.805
"4850",-3513.413
"4851",-3416.113
"4852",-3469.962
"4853",-3221.474
"4854",-3317.023
"4855",-3282.103
"4856",-3266.253
"4857",-3141.467
"4858",-3374.552
"4859",-3465.836
"4860",-3494.172
"4861",-3291.115
"4862",-3413.445
"4863",-3339.169
"4864",-3432.314
"4865",-3545.565
"4866",-3461.344
"4867",-3237.579
"4868",-3355.896
"4869",-3434.713
"4870",-3304.227
"4871",-3352.672
"4872",-3190.755
"4873",-3204.348
"4874",-3318.228
"4875",-3245.036
"4876",-3210.285
"4877",-3329.951
"4878",-3342.865
"4879",-3479.356
"4880",-3678.096
"4881",-3447.135
"4882",-3477.198
"4883",-3407.144
"4884",-3460.622
"4885",-3365.861
"4886",-3245.393
"4887",-3407.919
"4888",-3476.408
"4889",-3625.879
"4890",-3425.791
"4891",-3575.124
"4892",-3410.41
"4893",-3339.661
"4894",-3244.362
"4895",-3087.509
"4896",-3390.155
"4897",-3241.644
"4898",-3517.313
"4899",-3347.53
"4900",-3273.8
"4901",-3311.833
"4902",-3482.928
"4903",-3345.777
"4904",-3458.756
"4905",-3273.01
"4906",-3561.767
"4907",-3215.404
"4908",-3427.304
"4909",-3291.079
"4910",-3322.069
"4911",-3466.397
"4912",-3316.981
"4913",-3004.881
"4914",-3563.735
"4915",-3359.435
"4916",-3238.78
"4917",-3247.384
"4918",-3438.572
"4919",-3613.532
"4920",-3257.577
"4921",-3450.98
"4922",-3206.702
"4923",-3360.373
"4924",-3196.624
"4925",-3404.295
"4926",-3429.917
"4927",-3127.302
"4928",-3296.392
"4929",-3312.441
"4930",-3458.293
"4931",-3212.188
"4932",-3386.343
"4933",-3080.95
"4934",-3457.671
"4935",-3278.182
"4936",-3232.204
"4937",-3386.935
"4938",-3347.302
"4939",-3492.687
"4940",-3193.897
"4941",-3334.693
"4942",-3390.806
"4943",-3237.351
"4944",-3407.565
"4945",-3113.155
"4946",-3486.87
"4947",-3570.369
"4948",-3211.502
"4949",-3593.188
"4950",-3500.286
"4951",-3323.523
"4952",-3314.443
"4953",-3368.844
"4954",-3312.747
"4955",-3270.04
"4956",-3306.195
"4957",-3441.216
"4958",-3198.879
"4959",-3491.411
"4960",-3313.796
"4961",-3172.064
"4962",-3282.944
"4963",-3420.571
"4964",-3204.061
"4965",-3442.859
"4966",-3528.773
"4967",-3342.702
"4968",-3184.206
"4969",-3325.141
"4970",-3337.785
"4971",-3324.072
"4972",-3260.132
"4973",-3226.686
"4974",-3380.559
"4975",-3331.571
"4976",-3346.66
"4977",-3492.891
"4978",-3227.994
"4979",-3328.501
"4980",-3239.583
"4981",-3409.466
"4982",-3531.004
"4983",-3473.625
"4984",-3477.134
"4985",-3315.636
"4986",-3379.544
"4987",-3432.887
"4988",-3390.447
"4989",-3327.023
"4990",-3449.348
"4991",-3369.437
"4992",-3528.486
"4993",-3412.345
"4994",-3470.45
"4995",-3561.357
"4996",-3169.936
"4997",-3406.206
"4998",-3182.837
"4999",-3277.899
"5000",-3380.883
"5001",-3459.158
"5002",-3524.775
"5003",-3489.392
"5004",-3383.729
"5005",-3256.396
"5006",-3197.067
"5007",-3412.057
"5008",-3094.362
"5009",-3143.978
"5010",-3558.006
"5011",-3308.892
"5012",-3296.56
"5013",-3617.483
"5014",-3207.653
"5015",-3367.65
"5016",-3202.242
"5017",-3371.925
"5018",-3341.722
"5019",-3287.562
"5020",-3360.079
"5021",-3372.064
"5022",-3257.025
"5023",-3450.823
"5024",-3215.926
"5025",-3368.522
"5026",-3449.646
"5027",-3291.506
"5028",-3382.076
"5029",-3210.193
"5030",-3541.316
"5031",-3273.992
"5032",-3336.394
"5033",-3417.006
"5034",-3374.389
"5035",-3318.292
"5036",-3266.516
"5037",-3272.607
"5038",-3415.058
"5039",-3250.489
"5040",-3362.27
"5041",-3486.482
"5042",-3389.456
"5043",-3426.89
"5044",-3277.876
"5045",-3380.819
"5046",-3387.541
"5047",-3296.946
"5048",-3399.981
"5049",-3335.34
"5050",-3333.629
"5051",-3391.865
"5052",-3375.792
"5053",-3197.907
"5054",-3086.308
"5055",-3371.45
"5056",-3438.011
"5057",-3428.828
"5058",-3215.968
"5059",-3398.797
"5060",-3469.546
"5061",-3401.875
"5062",-3423.628
"5063",-3267.652
"5064",-3549.496
"5065",-3548.952
"5066",-3304.515
"5067",-3329.513
"5068",-3233.816
"5069",-3261.169
"5070",-3257.938
"5071",-3323.815
"5072",-3221.857
"5073",-3334.224
"5074",-3355.057
"5075",-3583.478
"5076",-3249.583
"5077",-3507.335
"5078",-3366.546
"5079",-3542.99
"5080",-3388.832
"5081",-3297.801
"5082",-3363.056
"5083",-3384.827
"5084",-3305.834
"5085",-3523.937
"5086",-3362.193
"5087",-3284.455
"5088",-3216.94
"5089",-3369.829
"5090",-3452.165
"5091",-3207.184
"5092",-3201.251
"5093",-3177.683
"5094",-3298.567
"5095",-3458.69
"5096",-3516.099
"5097",-3404.527
"5098",-3429.049
"5099",-3315.275
"5100",-3163.393
"5101",-3348.416
"5102",-3269.258
"5103",-3240.515
"5104",-3424.626
"5105",-3511.975
"5106",-3335.143
"5107",-3293.556
"5108",-3523.726
"5109",-3246.246
"5110",-3432.558
"5111",-3218.869
"5112",-3110.135
"5113",-3267.305
"5114",-3403.737
"5115",-2979.392
"5116",-3328.595
"5117",-3330.533
"5118",-3347.712
"5119",-3413.311
"5120",-3430.991
"5121",-3176.153
"5122",-3339.521
"5123",-3281.204
"5124",-3512.425
"5125",-3422.496
"5126",-3336.373
"5127",-3211.845
"5128",-3257.468
"5129",-3107.945
"5130",-3298.096
"5131",-3312.612
"5132",-3383.016
"5133",-3303.176
"5134",-3462.185
"5135",-3315.973
"5136",-3272.699
"5137",-3403.163
"5138",-3364.401
"5139",-3644.58
"5140",-3239.101
"5141",-3212.019
"5142",-3526.819
"5143",-3454.594
"5144",-3174.065
"5145",-3181.028
"5146",-3576.263
"5147",-3361.557
"5148",-3194.668
"5149",-3314.082
"5150",-3334.018
"5151",-3290.184
"5152",-3402.482
"5153",-3407.344
"5154",-3316.863
"5155",-3641.632
"5156",-3197.293
"5157",-3308.349
"5158",-3332.64
"5159",-3240.574
"5160",-3490.784
"5161",-3308.783
"5162",-3361.313
"5163",-3421.47
"5164",-3334.927
"5165",-3454.126
"5166",-3458.12
"5167",-3508.013
"5168",-3262.638
"5169",-3591.724
"5170",-3394.791
"5171",-3270.728
"5172",-3391.12
"5173",-3416.569
"5174",-3256.543
"5175",-3490.091
"5176",-3355.925
"5177",-3400.213
"5178",-3250.863
"5179",-3360.675
"5180",-3337.214
"5181",-3226.755
"5182",-3288.554
"5183",-3358.322
"5184",-3168.895
"5185",-3223.702
"5186",-3132.055
"5187",-3185.631
"5188",-3467.946
"5189",-3355.78
"5190",-3142.282
"5191",-3347.538
"5192",-3283.613
"5193",-3500.644
"5194",-3006.455
"5195",-3227.321
"5196",-3125.703
"5197",-3422.591
"5198",-3339.077
"5199",-3484.887
"5200",-3518.227
"5201",-3266.11
"5202",-3264.759
"5203",-3394.146
"5204",-3351.648
"5205",-3319.847
"5206",-3522.531
"5207",-3397.668
"5208",-3272.771
"5209",-3450.409
"5210",-3391.085
"5211",-3367.873
"5212",-3421.936
"5213",-3165.809
"5214",-3370.933
"5215",-3373.99
"5216",-3348.929
"5217",-3591.298
"5218",-3428.867
"5219",-3334.263
"5220",-3395.787
"5221",-3340.022
"5222",-3400.155
"5223",-3282.059
"5224",-3187.312
"5225",-3415.428
"5226",-3336.025
"5227",-3301.217
"5228",-3244.518
"5229",-3350.966
"5230",-3617.871
"5231",-3629.547
"5232",-3314.424
"5233",-3546.06
"5234",-3282.243
"5235",-3355.094
"5236",-3235.413
"5237",-3442.101
"5238",-3327.798
"5239",-3528.14
"5240",-3322.279
"5241",-3327.671
"5242",-3447.361
"5243",-3377.316
"5244",-3224.463
"5245",-3249.882
"5246",-3425.335
"5247",-3391.969
"5248",-3399.701
"5249",-3358.184
"5250",-3283.118
"5251",-3410.653
"5252",-3577.428
"5253",-3486.508
"5254",-3274.31
"5255",-3192.179
"5256",-3342.124
"5257",-3414.419
"5258",-3246.266
"5259",-3079.01
"5260",-3266.081
"5261",-3267.709
"5262",-3440.258
"5263",-3586.937
"5264",-3256.698
"5265",-3264.121
"5266",-3422.801
"5267",-3503.457
"5268",-3354.615
"5269",-3321.576
"5270",-3551.005
"5271",-3443.274
"5272",-3279.532
"5273",-3526.965
"5274",-3393.552
"5275",-3305.19
"5276",-3204.803
"5277",-3211.567
"5278",-3170.971
"5279",-3299.39
"5280",-3232.275
"5281",-3492.23
"5282",-3547.769
"5283",-3279.35
"5284",-3246.015
"5285",-3472.655
"5286",-3189.345
"5287",-3246.732
"5288",-3224.19
"5289",-3258.962
"5290",-3224.686
"5291",-3415.886
"5292",-3222.588
"5293",-3250.675
"5294",-3210.136
"5295",-3367.129
"5296",-3246.731
"5297",-3329.276
"5298",-3231.638
"5299",-3032.233
"5300",-3608.836
"5301",-3399.404
"5302",-3413.823
"5303",-3377.775
"5304",-3331.682
"5305",-3111.774
"5306",-3558.859
"5307",-3325.953
"5308",-3346.845
"5309",-3190.211
"5310",-3150.279
"5311",-3397.374
"5312",-3308.728
"5313",-3464.048
"5314",-3401.406
"5315",-3272.64
"5316",-3455.546
"5317",-3414.099
"5318",-3331.547
"5319",-3496.624
"5320",-3365.506
"5321",-3277.835
"5322",-3189.836
"5323",-3552.42
"5324",-3147.475
"5325",-3181.009
"5326",-3402.437
"5327",-3276.868
"5328",-3457.005
"5329",-3454.493
"5330",-3441.694
"5331",-3278.094
"5332",-3164.631
"5333",-3241.953
"5334",-3318.503
"5335",-3249.292
"5336",-3153.766
"5337",-3276.685
"5338",-3311.596
"5339",-3469.2
"5340",-3206.088
"5341",-3425.343
"5342",-3248.571
"5343",-3375.866
"5344",-3574.595
"5345",-3269.486
"5346",-3284.212
"5347",-3389.423
"5348",-3427.837
"5349",-3504.381
"5350",-3529.256
"5351",-3476.041
"5352",-3228.504
"5353",-3364.272
"5354",-3341.655
"5355",-3432.699
"5356",-3404.563
"5357",-3285.44
"5358",-3399.332
"5359",-3317.304
"5360",-3220.977
"5361",-3305.388
"5362",-3360.074
"5363",-3320.47
"5364",-3380.342
"5365",-3087.327
"5366",-3161.965
"5367",-3351.876
"5368",-3514.349
"5369",-3641.311
"5370",-3186.58
"5371",-3367.407
"5372",-3385.296
"5373",-3235.102
"5374",-3365.416
"5375",-3343.402
"5376",-3469.35
"5377",-3290.764
"5378",-3376.704
"5379",-3414.102
"5380",-3374.906
"5381",-3287.578
"5382",-3188.977
"5383",-3327.09
"5384",-3222.201
"5385",-3538.186
"5386",-3193.233
"5387",-3513.456
"5388",-3556.985
"5389",-3385.203
"5390",-3307.335
"5391",-3264.236
"5392",-3450.559
"5393",-3375.606
"5394",-3205.264
"5395",-3289.024
"5396",-3324.043
"5397",-3496.352
"5398",-3481.966
"5399",-3226.509
"5400",-3188.968
"5401",-3350.41
"5402",-3446.665
"5403",-3340.012
"5404",-3507.063
"5405",-3328.878
"5406",-3283.114
"5407",-3211.647
"5408",-3497.881
"5409",-3303.821
"5410",-3169.877
"5411",-3324.805
"5412",-3405.432
"5413",-3303.596
"5414",-3397.34
"5415",-3440.02
"5416",-3514.725
"5417",-3327.714
"5418",-3300.143
"5419",-3398.931
"5420",-3389.155
"5421",-3390.474
"5422",-3404.46
"5423",-3428.588
"5424",-3347.367
"5425",-3228.066
"5426",-3360.28
"5427",-3390.605
"5428",-3174.484
"5429",-3398.922
"5430",-3409.938
"5431",-3338.876
"5432",-3305.432
"5433",-3241.112
"5434",-3451.499
"5435",-3383.165
"5436",-3363.711
"5437",-3265.919
"5438",-3052.755
"5439",-3280.309
"5440",-3437.978
"5441",-3179.984
"5442",-3335.719
"5443",-3376.319
"5444",-3522.068
"5445",-3542.531
"5446",-3496.301
"5447",-3470.402
"5448",-3308.007
"5449",-3089.212
"5450",-3530.027
"5451",-3323.454
"5452",-3444.503
"5453",-3202.558
"5454",-3295.281
"5455",-3372.179
"5456",-3495.104
"5457",-3317.791
"5458",-3293.801
"5459",-3057.949
"5460",-3395.279
"5461",-3420.858
"5462",-3325.826
"5463",-3479.089
"5464",-3420.472
"5465",-3531.123
"5466",-3463.393
"5467",-3451.854
"5468",-3597.68
"5469",-3633.513
"5470",-3274.113
"5471",-3388.016
"5472",-3383.215
"5473",-3325.206
"5474",-3418.674
"5475",-3268.815
"5476",-3362.01
"5477",-3216.458
"5478",-3435.812
"5479",-3402.48
"5480",-3420.137
"5481",-3514.773
"5482",-3359.155
"5483",-3412.11
"5484",-3405.542
"5485",-3380.502
"5486",-3470.737
"5487",-3405.887
"5488",-3410.318
"5489",-3489.861
"5490",-3313.212
"5491",-3529.441
"5492",-3326.892
"5493",-3349.276
"5494",-3307.163
"5495",-3504.171
"5496",-3378.016
"5497",-3277.978
"5498",-3361.98
"5499",-3369.66
"5500",-3486.314
"5501",-3272.466
"5502",-3169.345
"5503",-3356.95
"5504",-3164.017
"5505",-3531.163
"5506",-3152.053
"5507",-3518.007
"5508",-3589.896
"5509",-3373.223
"5510",-3432.67
"5511",-3387.189
"5512",-3318.621
"5513",-3436.851
"5514",-3211.876
"5515",-3375.304
"5516",-3153.975
"5517",-3403.251
"5518",-2975.39
"5519",-3345.219
"5520",-3587.204
"5521",-3475.688
"5522",-3433.469
"5523",-3439.301
"5524",-3467.515
"5525",-3230.223
"5526",-3346.176
"5527",-3282.196
"5528",-3258.682
"5529",-3158.601
"5530",-3458.173
"5531",-3349.654
"5532",-3330.602
"5533",-3165.187
"5534",-3306.9
"5535",-3126.687
"5536",-3398.424
"5537",-3470.112
"5538",-3409.765
"5539",-3518.668
"5540",-3310.2
"5541",-3332.269
"5542",-3160.839
"5543",-3439.591
"5544",-3316.905
"5545",-3474.56
"5546",-3277.669
"5547",-3261.113
"5548",-3319.049
"5549",-3398.063
"5550",-3440.538
"5551",-3276.148
"5552",-3432.922
"5553",-3382.932
"5554",-3385.581
"5555",-3420.499
"5556",-3198.707
"5557",-3100.748
"5558",-3510.569
"5559",-3104.521
"5560",-3406.078
"5561",-3534.145
"5562",-3401.186
"5563",-3203.514
"5564",-3475.799
"5565",-3156.405
"5566",-3313.897
"5567",-3550.995
"5568",-3448.517
"5569",-3291.776
"5570",-3219.406
"5571",-3412.392
"5572",-3204.597
"5573",-3275.542
"5574",-3125.614
"5575",-3510.726
"5576",-3192.731
"5577",-3343.23
"5578",-3242.901
"5579",-3416.662
"5580",-3275.888
"5581",-3451.658
"5582",-3291.151
"5583",-3379.467
"5584",-3267.321
"5585",-3294.997
"5586",-3402.439
"5587",-3383.3
"5588",-3230.241
"5589",-3497.059
"5590",-3277.267
"5591",-3429.566
"5592",-3162.581
"5593",-3345.818
"5594",-3326.313
"5595",-3134.195
"5596",-3239.152
"5597",-3247.342
"5598",-3247.596
"5599",-3485.425
"5600",-3391.846
"5601",-3345.945
"5602",-3304.802
"5603",-3287.341
"5604",-3369.848
"5605",-3587.676
"5606",-3336.509
"5607",-3443.586
"5608",-3484.745
"5609",-3538.19
"5610",-3375.902
"5611",-3170.68
"5612",-3358.992
"5613",-3400.803
"5614",-3022.341
"5615",-3417.4
"5616",-3397
"5617",-3135.771
"5618",-3275.37
"5619",-3291.939
"5620",-3309.071
"5621",-3598.045
"5622",-3220.024
"5623",-3345.918
"5624",-3369.524
"5625",-3343.072
"5626",-3467.06
"5627",-3155.393
"5628",-3383.799
"5629",-3319.205
"5630",-3481.569
"5631",-3376.941
"5632",-3383.843
"5633",-3339.9
"5634",-3545.074
"5635",-3183.678
"5636",-3519.64
"5637",-3246.677
"5638",-3543.884
"5639",-3365.496
"5640",-3591.848
"5641",-3293.216
"5642",-3446.508
"5643",-3277.212
"5644",-3394.481
"5645",-3478.044
"5646",-3206.718
"5647",-3556.924
"5648",-3162.36
"5649",-3384.63
"5650",-3524.16
"5651",-3431.603
"5652",-3078.715
"5653",-3310.951
"5654",-3207.587
"5655",-3389.751
"5656",-3367.463
"5657",-3370.712
"5658",-3251.199
"5659",-3292.192
"5660",-3412.002
"5661",-3261.078
"5662",-3282.791
"5663",-3388.21
"5664",-3466.114
"5665",-3393.922
"5666",-3534.852
"5667",-3247.161
"5668",-3271.403
"5669",-3285.161
"5670",-3324.299
"5671",-3340.142
"5672",-3470.756
"5673",-3376.018
"5674",-3454.411
"5675",-3430.655
"5676",-3247.526
"5677",-3299.795
"5678",-3332.369
"5679",-3053.571
"5680",-3330.598
"5681",-3367.427
"5682",-3485.643
"5683",-3243.753
"5684",-3267.528
"5685",-3375.52
"5686",-3178.101
"5687",-3295.904
"5688",-3369.012
"5689",-3280.452
"5690",-3331.263
"5691",-3413.916
"5692",-3297.333
"5693",-3479.442
"5694",-3363.562
"5695",-3434.662
"5696",-3396.47
"5697",-3345.89
"5698",-3319.441
"5699",-3401.858
"5700",-3335.935
"5701",-3084.764
"5702",-3321.473
"5703",-3438.369
"5704",-3498.598
"5705",-3264.727
"5706",-3598.759
"5707",-3304.273
"5708",-3333.919
"5709",-3646.257
"5710",-3240.321
"5711",-3542.323
"5712",-3262.999
"5713",-3536.485
"5714",-3349.767
"5715",-3314.017
"5716",-3460.55
"5717",-3461.727
"5718",-3268.434
"5719",-3464.74
"5720",-3160.853
"5721",-3424.263
"5722",-3448.077
"5723",-3315.982
"5724",-3215.881
"5725",-3491.23
"5726",-3289.178
"5727",-3357.235
"5728",-3266.659
"5729",-3352.569
"5730",-3345.659
"5731",-3264.33
"5732",-3271.364
"5733",-3381.366
"5734",-3258.907
"5735",-3297.173
"5736",-3163.646
"5737",-3489.651
"5738",-3304.772
"5739",-3511.394
"5740",-3321.505
"5741",-3436.5
"5742",-3358.743
"5743",-3322.402
"5744",-3258.021
"5745",-3273.34
"5746",-3430.567
"5747",-3435.372
"5748",-3224.703
"5749",-3296.409
"5750",-3332.097
"5751",-3259.625
"5752",-3430.601
"5753",-3353.499
"5754",-3281.469
"5755",-3332.088
"5756",-3356.26
"5757",-3442.111
"5758",-3203.274
"5759",-3199.877
"5760",-3355.563
"5761",-3510.25
"5762",-3485.075
"5763",-3273.387
"5764",-3278.352
"5765",-3518.992
"5766",-3543.22
"5767",-3443.965
"5768",-3167.122
"5769",-3284.544
"5770",-3302.475
"5771",-3419.318
"5772",-3288.732
"5773",-3125.306
"5774",-3249.735
"5775",-3463.215
"5776",-3264.063
"5777",-3205.289
"5778",-3385.525
"5779",-3537.981
"5780",-3453.323
"5781",-3220.571
"5782",-3295.31
"5783",-3133.033
"5784",-3444.988
"5785",-3260.386
"5786",-3425.566
"5787",-3495.918
"5788",-3292.552
"5789",-3390.428
"5790",-3261.314
"5791",-3329.791
"5792",-3534.216
"5793",-3351.846
"5794",-3383.578
"5795",-3096.091
"5796",-3166.706
"5797",-3248.143
"5798",-3439.108
"5799",-3304.327
"5800",-3383.26
"5801",-3336.883
"5802",-3476.165
"5803",-3347.819
"5804",-3244.153
"5805",-3306.361
"5806",-3459.869
"5807",-3523.422
"5808",-3202.311
"5809",-3315.432
"5810",-3211.287
"5811",-3344.892
"5812",-3383.931
"5813",-3286.054
"5814",-3231.13
"5815",-3436.247
"5816",-3561.956
"5817",-3549.534
"5818",-3382.306
"5819",-3395.359
"5820",-3464.992
"5821",-3371.124
"5822",-3235.604
"5823",-3368.398
"5824",-3177.298
"5825",-3248.784
"5826",-3256.163
"5827",-3325.917
"5828",-3523.875
"5829",-3279.737
"5830",-3346.806
"5831",-3539.566
"5832",-3326.84
"5833",-3534.218
"5834",-3224.113
"5835",-3355.026
"5836",-3433.974
"5837",-3397.84
"5838",-3188.761
"5839",-3417.297
"5840",-3409.691
"5841",-3373.936
"5842",-3433.994
"5843",-3466.316
"5844",-3210.107
"5845",-3209.333
"5846",-3298.668
"5847",-3331.887
"5848",-3259.703
"5849",-3362.152
"5850",-3338.613
"5851",-3164.982
"5852",-3301.056
"5853",-3431.586
"5854",-3294.372
"5855",-3221.529
"5856",-3502.109
"5857",-3251.88
"5858",-3301.928
"5859",-3294.754
"5860",-3288.057
"5861",-3328.699
"5862",-3360.728
"5863",-3329.319
"5864",-3539.518
"5865",-3151.295
"5866",-3236.83
"5867",-3370.631
"5868",-3259.593
"5869",-3287.724
"5870",-3295.155
"5871",-3153.515
"5872",-3391.472
"5873",-3390.599
"5874",-3392.319
"5875",-3277.662
"5876",-3323.354
"5877",-3614.178
"5878",-3464.904
"5879",-3370.595
"5880",-3363.527
"5881",-3252.184
"5882",-3272.604
"5883",-3364.538
"5884",-3298.038
"5885",-3599.778
"5886",-3402.304
"5887",-3543.592
"5888",-3379.331
"5889",-3366.862
"5890",-3183.558
"5891",-3592.225
"5892",-3561.449
"5893",-3342.686
"5894",-3251.077
"5895",-3368.888
"5896",-3444.615
"5897",-3207.242
"5898",-3367.28
"5899",-3433.573
"5900",-3285.061
"5901",-3417.886
"5902",-3283.413
"5903",-3017.646
"5904",-3331.35
"5905",-3268.381
"5906",-3295.909
"5907",-3256.467
"5908",-3107.407
"5909",-3344.691
"5910",-3543.617
"5911",-3342.264
"5912",-3444.314
"5913",-3584.416
"5914",-3335.198
"5915",-3352.245
"5916",-3287.455
"5917",-3507.861
"5918",-3336.108
"5919",-3476.475
"5920",-3392.384
"5921",-3332.047
"5922",-3410.741
"5923",-3356.866
"5924",-3447.312
"5925",-3514.226
"5926",-3605.04
"5927",-3265.141
"5928",-3356.873
"5929",-3219.914
"5930",-3335.269
"5931",-3108.582
"5932",-3171.535
"5933",-3210.465
"5934",-3431.271
"5935",-3450.332
"5936",-3332.667
"5937",-3448.218
"5938",-3346.917
"5939",-3533.885
"5940",-3141.821
"5941",-3582.198
"5942",-3384.061
"5943",-3194.964
"5944",-3295.142
"5945",-3500.283
"5946",-3407.502
"5947",-3490.831
"5948",-3422.243
"5949",-3236.009
"5950",-3366.207
"5951",-3261.116
"5952",-3255.999
"5953",-3203.324
"5954",-3234.902
"5955",-3530.553
"5956",-3537.607
"5957",-3340.801
"5958",-3295.646
"5959",-3343.189
"5960",-3344.522
"5961",-3254.398
"5962",-3470.88
"5963",-3451.41
"5964",-3300.749
"5965",-3127.239
"5966",-3378.932
"5967",-3353.4
"5968",-3424.272
"5969",-3399.693
"5970",-3214.238
"5971",-3396.021
"5972",-3403.211
"5973",-3246.548
"5974",-3452.036
"5975",-3378.273
"5976",-3457.772
"5977",-3638.942
"5978",-3200.732
"5979",-3386.265
"5980",-3307.109
"5981",-3416.864
"5982",-3268.2
"5983",-3232.832
"5984",-3421.841
"5985",-3354.447
"5986",-3358.911
"5987",-3421.028
"5988",-3405.831
"5989",-3308.669
"5990",-3359.583
"5991",-3348.131
"5992",-3237.631
"5993",-3179.034
"5994",-3313.157
"5995",-3406.991
"5996",-3363.868
"5997",-3389.979
"5998",-3361.425
"5999",-3420.335
"6000",-3257.219
"6001",-3414.371
"6002",-3278.727
"6003",-3489.227
"6004",-3413.835
"6005",-3356.693
"6006",-3405.461
"6007",-3253.825
"6008",-3423.056
"6009",-3230.706
"6010",-3364.18
"6011",-3317.255
"6012",-3244.467
"6013",-3423.168
"6014",-3282.544
"6015",-3326.157
"6016",-3334.355
"6017",-3560.631
"6018",-3392.624
"6019",-3321.527
"6020",-3179.864
"6021",-3529.817
"6022",-3372.84
"6023",-3419.725
"6024",-3208.416
"6025",-3365.261
"6026",-3181.905
"6027",-3579.874
"6028",-3333.397
"6029",-3242.343
"6030",-3461.402
"6031",-3353.621
"6032",-3218.652
"6033",-3523.456
"6034",-3125.958
"6035",-3425.657
"6036",-3244.565
"6037",-3257.298
"6038",-3165.196
"6039",-3332.505
"6040",-3431.31
"6041",-3337.102
"6042",-3333.937
"6043",-3432.8
"6044",-3491.031
"6045",-3367.204
"6046",-3151.412
"6047",-3264.224
"6048",-3376.709
"6049",-3270.918
"6050",-3360.114
"6051",-3172.764
"6052",-3199.864
"6053",-3345.741
"6054",-3384.396
"6055",-3337.471
"6056",-3110.01
"6057",-3420.225
"6058",-3539.584
"6059",-3169.653
"6060",-3411.57
"6061",-3365.683
"6062",-3364.133
"6063",-3423.928
"6064",-3497.241
"6065",-3464.822
"6066",-3450.554
"6067",-3294.295
"6068",-3313.08
"6069",-3197.513
"6070",-3308.993
"6071",-3185.816
"6072",-3521.817
"6073",-3332.598
"6074",-3284.869
"6075",-3291.844
"6076",-3406.831
"6077",-3303.025
"6078",-3325.024
"6079",-3572.811
"6080",-3570.545
"6081",-3295.723
"6082",-3298.778
"6083",-3302.886
"6084",-3444.823
"6085",-3646.726
"6086",-3329.212
"6087",-3465.32
"6088",-3514.621
"6089",-3506.878
"6090",-3269.702
"6091",-3484.562
"6092",-3251.088
"6093",-3435.506
"6094",-3172.47
"6095",-3202.731
"6096",-3408.468
"6097",-3035.663
"6098",-3238.56
"6099",-3367.86
"6100",-3315.252
"6101",-3313.122
"6102",-3351.551
"6103",-3665.257
"6104",-3464.317
"6105",-3397.344
"6106",-3167.244
"6107",-3273.431
"6108",-3343.926
"6109",-3491.176
"6110",-3273.661
"6111",-3194.285
"6112",-3467.199
"6113",-3398.833
"6114",-3534.227
"6115",-3359.1
"6116",-3414.241
"6117",-3429.904
"6118",-3480.077
"6119",-3211.425
"6120",-3315.389
"6121",-3415.229
"6122",-3378.85
"6123",-3130.664
"6124",-3461.945
"6125",-3357.719
"6126",-3308.667
"6127",-3132.976
"6128",-3402.252
"6129",-3031.621
"6130",-3473.293
"6131",-3298.423
"6132",-3149.953
"6133",-3222.755
"6134",-3242.399
"6135",-3383.414
"6136",-3359.931
"6137",-3445.028
"6138",-3201.114
"6139",-3297.275
"6140",-3484.013
"6141",-3470.39
"6142",-3319.845
"6143",-3437.822
"6144",-3427.201
"6145",-3320.727
"6146",-3368.734
"6147",-3469.449
"6148",-3427.994
"6149",-3304.334
"6150",-3350.355
"6151",-3487.837
"6152",-3354.815
"6153",-3409.703
"6154",-3172.906
"6155",-3471.334
"6156",-3426.519
"6157",-3369.157
"6158",-3198.536
"6159",-3276.253
"6160",-3317.769
"6161",-3339.721
"6162",-3359.493
"6163",-3507.851
"6164",-3313.042
"6165",-3439.188
"6166",-3439.861
"6167",-3284.305
"6168",-3327.607
"6169",-3294.385
"6170",-3243.318
"6171",-3344.368
"6172",-3317.504
"6173",-3563.84
"6174",-3227.467
"6175",-3237.357
"6176",-3408.227
"6177",-3321.663
"6178",-3549.142
"6179",-3242.218
"6180",-3553.126
"6181",-3395.794
"6182",-3259.176
"6183",-3341.362
"6184",-3518.037
"6185",-3213.732
"6186",-3540.909
"6187",-3231.213
"6188",-3362.369
"6189",-3252.743
"6190",-3268.394
"6191",-3288.735
"6192",-3349.009
"6193",-3307.964
"6194",-3306.999
"6195",-3178.797
"6196",-3430.964
"6197",-3496.876
"6198",-3452.223
"6199",-3289.858
"6200",-3440.291
"6201",-3348.633
"6202",-3342.88
"6203",-3319.67
"6204",-3304.838
"6205",-3073.542
"6206",-3434.698
"6207",-3205.758
"6208",-3400.282
"6209",-3099.595
"6210",-3331.003
"6211",-3268.181
"6212",-3330.957
"6213",-3467.103
"6214",-3246.005
"6215",-3484.319
"6216",-3415.282
"6217",-3203.588
"6218",-3304.362
"6219",-3330.863
"6220",-3386.366
"6221",-3263.216
"6222",-3237.992
"6223",-3445.366
"6224",-3464.494
"6225",-3335.489
"6226",-3365.659
"6227",-3263.379
"6228",-3290.758
"6229",-3315.506
"6230",-3408.826
"6231",-3068.677
"6232",-3488.163
"6233",-3472.169
"6234",-3341.156
"6235",-3652.181
"6236",-3296.837
"6237",-3506.721
"6238",-3410.187
"6239",-3434.335
"6240",-3272.736
"6241",-3378.673
"6242",-3445.764
"6243",-3305.473
"6244",-3450.282
"6245",-3437.21
"6246",-3185.832
"6247",-3169.269
"6248",-3475.833
"6249",-3277.815
"6250",-3436.273
"6251",-3214.499
"6252",-3356.491
"6253",-3281.8
"6254",-3510.263
"6255",-3187.819
"6256",-3204.57
"6257",-3298.691
"6258",-3457.78
"6259",-3356.782
"6260",-3421.918
"6261",-3037.823
"6262",-3286.652
"6263",-3527.442
"6264",-3446.926
"6265",-3327.822
"6266",-3362.012
"6267",-3362.456
"6268",-3232.419
"6269",-3430.673
"6270",-3238.531
"6271",-3528.419
"6272",-3382.118
"6273",-3142.217
"6274",-3385.823
"6275",-3189.22
"6276",-3240.864
"6277",-3343.636
"6278",-3419.745
"6279",-3355.097
"6280",-3425.73
"6281",-3374.644
"6282",-3363.698
"6283",-3543.62
"6284",-3100.465
"6285",-3422.981
"6286",-3395.515
"6287",-3381.475
"6288",-3524.908
"6289",-3182.545
"6290",-3236.311
"6291",-3343.157
"6292",-3519.445
"6293",-3412.329
"6294",-3246.357
"6295",-3459.311
"6296",-3334.475
"6297",-3360.535
"6298",-3362.723
"6299",-3477.166
"6300",-3447.156
"6301",-3158.607
"6302",-3403.703
"6303",-3535.226
"6304",-3211.603
"6305",-3338.671
"6306",-3233.546
"6307",-3418.132
"6308",-3350.923
"6309",-3223.796
"6310",-3260.483
"6311",-3320.335
"6312",-3386.49
"6313",-3402.904
"6314",-3450.724
"6315",-3425.427
"6316",-3485.067
"6317",-3161.09
"6318",-3327.891
"6319",-3200.362
"6320",-3448.218
"6321",-3413.502
"6322",-3367.009
"6323",-3325.384
"6324",-3471.583
"6325",-3438.076
"6326",-3494.472
"6327",-3493.472
"6328",-3427.399
"6329",-3289.963
"6330",-3268.25
"6331",-3269.611
"6332",-3470.654
"6333",-3318.37
"6334",-3332.401
"6335",-3299.428
"6336",-3233.685
"6337",-3472.202
"6338",-3378.888
"6339",-3417.356
"6340",-3278.315
"6341",-3292.005
"6342",-3228.933
"6343",-3299.822
"6344",-3242.34
"6345",-3352.983
"6346",-3458.547
"6347",-3227.435
"6348",-3451.166
"6349",-3444.708
"6350",-3445.296
"6351",-3224.84
"6352",-3575.401
"6353",-3572.537
"6354",-3456.195
"6355",-3311.797
"6356",-3290.676
"6357",-3222.699
"6358",-3346.319
"6359",-3284.091
"6360",-3186.195
"6361",-3194.905
"6362",-3304.21
"6363",-3480.875
"6364",-3288.49
"6365",-3294.504
"6366",-3223.045
"6367",-3438.838
"6368",-3549.008
"6369",-3387.278
"6370",-3442.666
"6371",-3379.495
"6372",-3323.445
"6373",-3203.04
"6374",-3208.342
"6375",-3588.419
"6376",-3372.343
"6377",-3191.311
"6378",-3293.966
"6379",-3647.721
"6380",-3168.322
"6381",-3477.18
"6382",-3168.601
"6383",-3357.776
"6384",-3615.011
"6385",-3383.282
"6386",-3380.882
"6387",-3318.093
"6388",-3364.255
"6389",-3401.218
"6390",-3645.15
"6391",-3376.527
"6392",-3332.505
"6393",-3381.339
"6394",-3271.328
"6395",-3460.553
"6396",-3292.11
"6397",-3502.34
"6398",-3339.386
"6399",-3422.018
"6400",-3298.307
"6401",-3401.328
"6402",-3228.722
"6403",-3188.69
"6404",-3328.763
"6405",-3245.597
"6406",-3537.075
"6407",-3440.323
"6408",-3232.707
"6409",-3045.434
"6410",-3349.444
"6411",-3244.971
"6412",-3272.999
"6413",-3353.302
"6414",-3372.848
"6415",-3511.613
"6416",-3590.057
"6417",-3481.29
"6418",-3406.379
"6419",-3416.636
"6420",-3248.364
"6421",-3495.536
"6422",-3350.766
"6423",-3374.928
"6424",-3185.105
"6425",-3303.627
"6426",-3385.406
"6427",-3184.843
"6428",-3244.084
"6429",-3365.987
"6430",-3629.745
"6431",-3407.062
"6432",-3465.378
"6433",-3446.452
"6434",-3153.254
"6435",-3100.879
"6436",-3399.03
"6437",-3393.558
"6438",-3564.847
"6439",-3391.061
"6440",-3469.039
"6441",-3423.461
"6442",-3318.836
"6443",-3247.398
"6444",-3403.81
"6445",-3170.58
"6446",-3228.045
"6447",-3243.234
"6448",-3454.86
"6449",-3403.829
"6450",-3345.292
"6451",-3387.301
"6452",-3500.434
"6453",-3162.386
"6454",-3380.241
"6455",-3470.713
"6456",-3426.638
"6457",-3337.374
"6458",-3057.518
"6459",-3256.937
"6460",-3320.526
"6461",-3152.425
"6462",-3285.404
"6463",-3287.941
"6464",-3472.686
"6465",-3432.27
"6466",-3235.788
"6467",-3369.455
"6468",-3178.179
"6469",-3339.719
"6470",-3093.191
"6471",-3494.727
"6472",-3353.496
"6473",-3569.677
"6474",-3368.361
"6475",-3332.13
"6476",-3383.457
"6477",-3340.675
"6478",-3309.417
"6479",-3236.697
"6480",-3275.975
"6481",-3280.221
"6482",-3160.825
"6483",-3393.986
"6484",-3211.334
"6485",-3449.621
"6486",-3346.749
"6487",-3376.924
"6488",-3493.686
"6489",-3219.824
"6490",-3373.082
"6491",-3266.228
"6492",-3360.714
"6493",-3384.412
"6494",-3490.057
"6495",-3263.949
"6496",-3312.769
"6497",-3584.339
"6498",-3150.656
"6499",-3325.686
"6500",-3545.063
"6501",-3291.29
"6502",-3413.399
"6503",-3168.985
"6504",-3183.208
"6505",-3324.104
"6506",-3324.419
"6507",-3514.323
"6508",-3370.073
"6509",-3117.032
"6510",-3307.095
"6511",-3627.592
"6512",-3478.001
"6513",-3360.741
"6514",-3529.864
"6515",-3280.215
"6516",-3647.032
"6517",-3433.381
"6518",-3451.487
"6519",-3473.074
"6520",-3213.368
"6521",-3287.222
"6522",-3448.14
"6523",-3418.267
"6524",-3302.37
"6525",-3322.52
"6526",-3238.8
"6527",-3221.343
"6528",-3412.23
"6529",-3320.824
"6530",-3204.673
"6531",-3501.852
"6532",-3252.018
"6533",-3439.91
"6534",-3394.277
"6535",-3356.2
"6536",-3342.635
"6537",-3257.056
"6538",-3676.457
"6539",-3225.948
"6540",-3356.32
"6541",-3278.346
"6542",-3086.439
"6543",-3492.56
"6544",-3292.614
"6545",-3401.882
"6546",-3439.462
"6547",-3309.106
"6548",-3192.245
"6549",-3347.665
"6550",-3437.294
"6551",-3315.832
"6552",-3441.961
"6553",-3292.44
"6554",-3346.619
"6555",-3142.315
"6556",-3188.71
"6557",-3314.911
"6558",-3263.566
"6559",-3155.579
"6560",-3416.246
"6561",-3347.425
"6562",-3329.896
"6563",-3332.89
"6564",-3210.982
"6565",-3348.08
"6566",-3733.779
"6567",-3236.191
"6568",-3269.837
"6569",-3529.326
"6570",-3309.802
"6571",-2970.321
"6572",-3491.551
"6573",-3398.683
"6574",-3272.02
"6575",-3372.662
"6576",-3312.698
"6577",-3425.239
"6578",-3537.755
"6579",-3429.959
"6580",-3364.778
"6581",-3216.135
"6582",-3570.687
"6583",-3247.398
"6584",-3116.94
"6585",-3609.94
"6586",-3379.243
"6587",-3152.951
"6588",-3255.553
"6589",-3470.063
"6590",-3353.531
"6591",-3269.808
"6592",-3289.578
"6593",-3339.437
"6594",-3252.532
"6595",-3456.255
"6596",-3429.714
"6597",-3289.238
"6598",-3435.964
"6599",-3361.912
"6600",-3406.509
"6601",-3369.861
"6602",-3352.678
"6603",-3589.762
"6604",-3399.465
"6605",-3437.632
"6606",-3377.4
"6607",-3165.76
"6608",-3194.155
"6609",-3478.176
"6610",-3299.603
"6611",-3473.271
"6612",-3507.774
"6613",-3621.997
"6614",-3472.572
"6615",-3329.539
"6616",-3335.28
"6617",-3194.474
"6618",-3387.761
"6619",-3341.218
"6620",-3248.381
"6621",-3453.348
"6622",-3495.02
"6623",-3132.273
"6624",-3253.664
"6625",-3551.798
"6626",-3240.338
"6627",-3166.965
"6628",-3352.268
"6629",-3399.994
"6630",-3423.728
"6631",-3357.495
"6632",-3286.973
"6633",-3323.647
"6634",-3308.591
"6635",-3516.371
"6636",-3334.853
"6637",-3432.292
"6638",-3290.898
"6639",-3340.227
"6640",-3379.24
"6641",-3509.881
"6642",-3560.231
"6643",-3462.1
"6644",-3347.468
"6645",-3433.629
"6646",-3202.498
"6647",-3300.429
"6648",-3309.305
"6649",-3260.352
"6650",-3308.121
"6651",-3184.598
"6652",-3477.488
"6653",-3485.009
"6654",-3203.558
"6655",-3429.419
"6656",-3230.64
"6657",-3241.777
"6658",-3379.071
"6659",-3522.152
"6660",-3295.317
"6661",-3369.038
"6662",-3392.838
"6663",-3264.655
"6664",-3450.851
"6665",-3340.55
"6666",-3306.191
"6667",-3332.956
"6668",-3492.779
"6669",-3455.956
"6670",-3200.806
"6671",-3357.843
"6672",-3490.65
"6673",-3257.107
"6674",-3507.092
"6675",-3505.921
"6676",-3273.189
"6677",-3050.841
"6678",-3404.275
"6679",-3485.828
"6680",-3389.575
"6681",-3346.491
"6682",-3258.772
"6683",-3520.459
"6684",-3060.33
"6685",-3356.185
"6686",-3296.377
"6687",-3195.631
"6688",-3294.276
"6689",-3169.808
"6690",-3474.215
"6691",-3653.051
"6692",-3294.277
"6693",-3469.159
"6694",-3490.616
"6695",-3266.178
"6696",-3414.495
"6697",-3365.01
"6698",-3404.384
"6699",-3391.82
"6700",-3421.73
"6701",-3382.554
"6702",-3391.01
"6703",-3328.743
"6704",-3319.888
"6705",-3206.291
"6706",-3462.778
"6707",-3283.361
"6708",-3547.075
"6709",-3407.75
"6710",-3202.826
"6711",-3483.6
"6712",-3166.455
"6713",-3412.638
"6714",-3386.769
"6715",-3308.757
"6716",-3239.45
"6717",-3538.932
"6718",-3204.409
"6719",-3309.021
"6720",-3304.654
"6721",-3357.149
"6722",-3447.497
"6723",-3363.572
"6724",-3412.921
"6725",-3420.393
"6726",-3583.017
"6727",-3134.335
"6728",-3288.891
"6729",-3409.857
"6730",-3393.143
"6731",-3431.531
"6732",-3233.546
"6733",-3522.718
"6734",-3241.317
"6735",-3297.264
"6736",-3293.187
"6737",-3264.353
"6738",-3264.205
"6739",-3305.884
"6740",-3316.805
"6741",-3301.513
"6742",-3166.72
"6743",-3369.109
"6744",-3164.737
"6745",-3178.941
"6746",-3229.567
"6747",-3348.501
"6748",-3467.648
"6749",-3235.158
"6750",-3278.528
"6751",-3359.874
"6752",-3293.413
"6753",-3412.732
"6754",-3424.788
"6755",-3393.892
"6756",-3228.099
"6757",-3485.484
"6758",-3184.519
"6759",-3364.62
"6760",-3411.344
"6761",-3275.271
"6762",-3449.563
"6763",-3269.485
"6764",-3312.975
"6765",-3280.796
"6766",-3502.972
"6767",-3181.959
"6768",-3399.468
"6769",-3435.46
"6770",-3403.735
"6771",-3253.898
"6772",-3315.639
"6773",-3199.23
"6774",-3147.408
"6775",-3301.78
"6776",-3514.707
"6777",-3377.503
"6778",-3340.816
"6779",-3433.237
"6780",-3342.866
"6781",-3201.194
"6782",-3514.127
"6783",-3372.735
"6784",-3331.919
"6785",-3213.825
"6786",-3541.296
"6787",-3252.236
"6788",-3409.599
"6789",-3545.414
"6790",-3236.322
"6791",-3234.588
"6792",-3495.085
"6793",-3268.274
"6794",-3491.362
"6795",-3501.235
"6796",-3259.634
"6797",-3299.003
"6798",-3253.795
"6799",-3299.758
"6800",-3294.016
"6801",-3305.837
"6802",-3321.323
"6803",-3422.378
"6804",-3532.239
"6805",-3476.819
"6806",-3411.284
"6807",-3211.953
"6808",-3292.227
"6809",-3144.536
"6810",-3245.418
"6811",-3239.801
"6812",-3263.938
"6813",-3294.608
"6814",-3108.805
"6815",-3417.018
"6816",-3222.002
"6817",-3347.903
"6818",-3368.402
"6819",-3286.967
"6820",-3344.046
"6821",-3295.62
"6822",-3312.736
"6823",-3378.039
"6824",-3117.988
"6825",-3363.407
"6826",-3263.854
"6827",-3103.531
"6828",-3325.054
"6829",-3420.286
"6830",-3337.025
"6831",-3302.961
"6832",-3228.631
"6833",-3380.863
"6834",-3575.122
"6835",-3508.518
"6836",-3459.167
"6837",-3267.446
"6838",-3151.108
"6839",-3244.004
"6840",-3298.377
"6841",-3305.741
"6842",-3413.746
"6843",-3335.469
"6844",-3575.475
"6845",-3250.785
"6846",-3241.517
"6847",-3311.186
"6848",-3397.228
"6849",-3335.646
"6850",-3195.021
"6851",-3377.654
"6852",-3242.046
"6853",-3333.308
"6854",-3184.489
"6855",-3516.824
"6856",-3126.95
"6857",-3312.36
"6858",-3323.882
"6859",-3162.102
"6860",-3458.846
"6861",-3263.93
"6862",-3433.363
"6863",-3397.595
"6864",-2950.609
"6865",-3285.032
"6866",-3394.659
"6867",-3509.525
"6868",-3306.075
"6869",-3417.044
"6870",-3380.591
"6871",-3126.471
"6872",-3545.401
"6873",-3432.366
"6874",-3395.07
"6875",-3373.154
"6876",-3194.102
"6877",-3217.304
"6878",-3219.587
"6879",-3309.193
"6880",-3312.24
"6881",-3294.707
"6882",-3125.541
"6883",-3383.905
"6884",-3479.697
"6885",-3478.845
"6886",-3278.012
"6887",-3418.291
"6888",-3381.381
"6889",-3495.926
"6890",-3308.357
"6891",-3535.796
"6892",-3424.374
"6893",-3495.543
"6894",-3480.948
"6895",-3144.833
"6896",-3320.93
"6897",-3389.068
"6898",-3458.8
"6899",-3130.967
"6900",-3454.985
"6901",-3207.534
"6902",-3301.33
"6903",-3270.759
"6904",-3162.993
"6905",-3420.775
"6906",-3513.32
"6907",-3273.394
"6908",-3218.022
"6909",-3381.635
"6910",-3418.195
"6911",-3324.953
"6912",-3328.613
"6913",-3500.881
"6914",-3385.898
"6915",-3380.949
"6916",-3420.481
"6917",-3436.44
"6918",-3347.772
"6919",-3193.763
"6920",-3278.161
"6921",-3420.169
"6922",-3142.446
"6923",-3272.043
"6924",-3389.285
"6925",-3393.148
"6926",-3319.343
"6927",-3282.624
"6928",-3516.154
"6929",-3370.026
"6930",-3358.675
"6931",-3385.8
"6932",-3140.956
"6933",-3168.896
"6934",-3502.747
"6935",-3617.012
"6936",-3337.984
"6937",-3369.708
"6938",-3310.822
"6939",-3398.917
"6940",-3241.16
"6941",-3199.043
"6942",-3311.531
"6943",-3121.59
"6944",-3196.84
"6945",-3163.244
"6946",-3161.216
"6947",-3312.055
"6948",-3367.583
"6949",-3243.291
"6950",-3301.553
"6951",-3262.769
"6952",-3352.83
"6953",-3514.53
"6954",-3334.068
"6955",-3603.251
"6956",-3243.866
"6957",-3410.353
"6958",-3476.575
"6959",-3407.881
"6960",-3342.362
"6961",-3186.015
"6962",-3406.767
"6963",-3438.992
"6964",-3195.058
"6965",-3504.979
"6966",-3375.798
"6967",-3413.414
"6968",-3253.246
"6969",-3415.063
"6970",-3073.506
"6971",-3399.756
"6972",-3412.862
"6973",-3362.129
"6974",-3201.999
"6975",-3371.445
"6976",-3447.251
"6977",-3166.335
"6978",-3302.9
"6979",-3492.839
"6980",-3437.475
"6981",-3404.297
"6982",-3432.31
"6983",-3128.026
"6984",-3472.311
"6985",-3420.26
"6986",-3291.819
"6987",-3357.158
"6988",-3336.212
"6989",-3367.071
"6990",-3132.078
"6991",-3283.71
"6992",-3541.506
"6993",-3225.291
"6994",-3298.776
"6995",-3540.956
"6996",-3225.045
"6997",-3287.066
"6998",-3444.821
"6999",-3288.719
"7000",-3598.106
"7001",-3537.68
"7002",-3486.978
"7003",-3440.703
"7004",-3466.34
"7005",-3339.421
"7006",-3265.517
"7007",-3312.776
"7008",-3210.038
"7009",-3198.229
"7010",-3247.877
"7011",-3392.963
"7012",-3453.569
"7013",-3258.203
"7014",-3206.822
"7015",-3488.998
"7016",-3203.465
"7017",-3316.516
"7018",-3308.319
"7019",-3256.555
"7020",-3501.044
"7021",-3396.312
"7022",-3212.508
"7023",-3343.797
"7024",-3291.827
"7025",-3558.931
"7026",-3473.75
"7027",-3499.584
"7028",-3376.939
"7029",-3265.471
"7030",-3326.672
"7031",-3167.054
"7032",-3316.992
"7033",-3461.317
"7034",-3424.999
"7035",-3382.462
"7036",-3338.99
"7037",-3501.21
"7038",-3466.273
"7039",-3314.402
"7040",-3193.545
"7041",-3455.529
"7042",-3124.911
"7043",-3285.845
"7044",-3364.701
"7045",-3348.239
"7046",-3158.24
"7047",-3376.608
"7048",-3503.682
"7049",-3482.395
"7050",-3334.416
"7051",-3474.762
"7052",-3437.998
"7053",-3322.108
"7054",-3313.469
"7055",-3295.571
"7056",-3426.54
"7057",-3294.02
"7058",-3327.29
"7059",-3399.164
"7060",-3162.787
"7061",-3445.712
"7062",-3373.337
"7063",-3354.723
"7064",-3408.665
"7065",-3344.525
"7066",-3257.698
"7067",-3271.713
"7068",-3462.853
"7069",-3443.451
"7070",-3296.666
"7071",-3262.991
"7072",-3280.611
"7073",-3481.437
"7074",-3341.596
"7075",-3484.685
"7076",-3145.924
"7077",-3451.018
"7078",-3336.129
"7079",-3390.118
"7080",-3282.858
"7081",-3307.087
"7082",-3468.672
"7083",-3368.636
"7084",-3271.966
"7085",-3469.895
"7086",-3408.817
"7087",-3325.838
"7088",-3166.969
"7089",-3355.862
"7090",-3438.696
"7091",-3478.883
"7092",-3203.543
"7093",-3646.586
"7094",-3430.608
"7095",-3362.65
"7096",-3340.7
"7097",-3308.278
"7098",-3450.631
"7099",-3470.216
"7100",-3527.252
"7101",-3298.942
"7102",-3376.464
"7103",-3332.663
"7104",-3283.473
"7105",-3288.104
"7106",-3244.961
"7107",-3251.153
"7108",-3546.094
"7109",-3246.515
"7110",-3361.231
"7111",-3416.446
"7112",-3537.42
"7113",-3267.448
"7114",-3112.509
"7115",-3264.969
"7116",-3206.025
"7117",-3248.467
"7118",-3230.763
"7119",-3121.823
"7120",-3367.091
"7121",-3287.012
"7122",-3388.658
"7123",-3286.382
"7124",-3315.914
"7125",-3483.26
"7126",-3402.921
"7127",-3295.705
"7128",-3274.958
"7129",-3536.584
"7130",-3447.203
"7131",-3397.349
"7132",-3305.871
"7133",-3335.058
"7134",-3376.98
"7135",-3401.051
"7136",-3392.407
"7137",-3229.426
"7138",-3303.192
"7139",-3234.526
"7140",-3311.033
"7141",-3428.305
"7142",-3350.74
"7143",-3292.32
"7144",-3526.888
"7145",-3450.739
"7146",-3402.1
"7147",-3266.803
"7148",-3507.723
"7149",-3087.334
"7150",-3309.551
"7151",-3427.932
"7152",-3318.999
"7153",-3259.582
"7154",-3244.125
"7155",-3303.432
"7156",-3165.115
"7157",-3412.177
"7158",-3321.764
"7159",-3426.491
"7160",-3430.703
"7161",-3400.288
"7162",-3635.199
"7163",-3496.062
"7164",-3369.998
"7165",-3489.219
"7166",-3443.342
"7167",-3246.326
"7168",-3195.285
"7169",-3463.266
"7170",-3496.877
"7171",-3212.437
"7172",-3305.122
"7173",-3347.261
"7174",-3493.586
"7175",-3441.189
"7176",-3494.767
"7177",-3422.648
"7178",-3552.425
"7179",-3529.744
"7180",-3444.974
"7181",-3223.162
"7182",-3309.566
"7183",-3203.33
"7184",-3462.901
"7185",-3305.642
"7186",-3058.394
"7187",-3605.399
"7188",-3320.115
"7189",-3328.64
"7190",-3317.774
"7191",-3290.536
"7192",-3357.044
"7193",-3298.346
"7194",-3436.035
"7195",-3527.745
"7196",-3397.364
"7197",-3442.302
"7198",-3159.039
"7199",-3230.758
"7200",-3316.556
"7201",-3269.387
"7202",-3053.467
"7203",-3386.827
"7204",-3382.838
"7205",-3429.921
"7206",-3387.997
"7207",-3519.504
"7208",-3396.097
"7209",-3360.469
"7210",-3377.311
"7211",-3327.802
"7212",-3333.515
"7213",-3208.179
"7214",-3139.998
"7215",-3264.83
"7216",-3353.387
"7217",-3324.555
"7218",-3331.962
"7219",-3370.022
"7220",-3328.073
"7221",-3411.432
"7222",-3386.841
"7223",-3155.659
"7224",-3406.817
"7225",-3304.479
"7226",-3320.047
"7227",-3409.786
"7228",-3383.353
"7229",-3338.117
"7230",-3276.038
"7231",-3153.526
"7232",-3587.012
"7233",-3097.399
"7234",-3651.856
"7235",-3287.628
"7236",-3491.673
"7237",-3355.471
"7238",-3411.398
"7239",-3366.146
"7240",-3515.494
"7241",-3388.871
"7242",-3443.408
"7243",-3270.283
"7244",-3206.903
"7245",-3419.062
"7246",-3283.483
"7247",-3440.18
"7248",-3598.901
"7249",-3448.422
"7250",-3271.743
"7251",-3313.103
"7252",-3498.362
"7253",-3259.112
"7254",-3336.739
"7255",-3243.509
"7256",-3310.68
"7257",-3286.151
"7258",-3339.201
"7259",-3502.265
"7260",-3341.041
"7261",-3243.682
"7262",-3268.07
"7263",-3545.617
"7264",-3552.239
"7265",-3416.661
"7266",-3304.722
"7267",-3323.287
"7268",-3420.414
"7269",-3293.13
"7270",-3235.341
"7271",-3325.733
"7272",-3435.287
"7273",-3227.756
"7274",-3332.642
"7275",-3401.013
"7276",-3541.523
"7277",-3400.157
"7278",-3032.634
"7279",-3469.857
"7280",-3411.853
"7281",-3267.467
"7282",-3401.302
"7283",-3382.514
"7284",-3611.729
"7285",-3524.531
"7286",-3304.191
"7287",-3093.199
"7288",-3526.08
"7289",-3281.714
"7290",-3573.792
"7291",-3424.142
"7292",-3500.097
"7293",-3465.276
"7294",-3400.305
"7295",-3139.454
"7296",-3275.757
"7297",-3531.901
"7298",-3276.571
"7299",-3339.192
"7300",-3313.226
"7301",-3284.58
"7302",-3194.319
"7303",-3337.178
"7304",-3490.207
"7305",-3188.609
"7306",-3285.33
"7307",-3022.073
"7308",-3447.927
"7309",-3296.261
"7310",-3304.321
"7311",-2967.776
"7312",-3336.427
"7313",-3282.961
"7314",-3369.606
"7315",-3424.806
"7316",-3268.451
"7317",-3356.869
"7318",-3313.821
"7319",-3201.518
"7320",-3278.652
"7321",-3247.654
"7322",-3336.216
"7323",-3351.427
"7324",-3366.528
"7325",-3392.802
"7326",-3166.692
"7327",-3173.589
"7328",-3239.944
"7329",-3440.552
"7330",-3196.893
"7331",-3127.122
"7332",-3397.457
"7333",-3539.887
"7334",-3370.252
"7335",-3135.683
"7336",-3286.788
"7337",-3379.637
"7338",-3335.885
"7339",-3349.435
"7340",-3266.449
"7341",-3440.825
"7342",-3435.77
"7343",-3321.661
"7344",-3258.207
"7345",-3277.82
"7346",-3215.655
"7347",-3381.012
"7348",-3492.198
"7349",-3389.766
"7350",-3158.548
"7351",-3336.969
"7352",-3372.478
"7353",-3470.579
"7354",-3222.437
"7355",-3456.896
"7356",-3471.143
"7357",-3315.824
"7358",-3204.443
"7359",-3221.325
"7360",-3450.099
"7361",-3315.619
"7362",-3246.389
"7363",-3257.667
"7364",-3346.77
"7365",-3329.339
"7366",-3392.702
"7367",-3604.329
"7368",-3397.27
"7369",-3557.552
"7370",-3418.359
"7371",-3122.226
"7372",-3040.27
"7373",-3248.72
"7374",-3245.055
"7375",-3222.084
"7376",-3153.913
"7377",-3321.058
"7378",-3338.666
"7379",-3379.436
"7380",-3263.221
"7381",-3341.623
"7382",-3216.215
"7383",-3353.3
"7384",-3227.458
"7385",-3179.064
"7386",-3321.954
"7387",-3415.831
"7388",-3275.611
"7389",-3387.417
"7390",-3403.866
"7391",-3335.926
"7392",-3446.386
"7393",-3201.987
"7394",-3341.855
"7395",-3264.927
"7396",-3423.391
"7397",-3243.771
"7398",-3307.392
"7399",-3320.736
"7400",-3254.703
"7401",-3292.627
"7402",-3123.342
"7403",-3359.214
"7404",-3411.394
"7405",-3213.073
"7406",-3345.044
"7407",-3448.55
"7408",-3132.065
"7409",-3463.379
"7410",-3353.182
"7411",-3353.343
"7412",-3387.747
"7413",-3217.296
"7414",-3242.906
"7415",-3254.172
"7416",-3409.038
"7417",-3331.526
"7418",-3357.342
"7419",-3309.317
"7420",-3414.348
"7421",-3375.613
"7422",-3343.567
"7423",-3425.263
"7424",-3221.77
"7425",-3303.521
"7426",-3202.769
"7427",-3288.196
"7428",-3341.594
"7429",-3241.373
"7430",-3353.311
"7431",-3350.431
"7432",-3353.815
"7433",-3247.306
"7434",-3392.565
"7435",-3392.321
"7436",-3239.698
"7437",-3531.671
"7438",-3364.68
"7439",-3621.228
"7440",-3162.774
"7441",-3481.897
"7442",-3363.664
"7443",-3334.348
"7444",-3257.489
"7445",-3424.864
"7446",-3157.286
"7447",-3463.495
"7448",-3341.663
"7449",-3241.777
"7450",-3429.592
"7451",-3187.394
"7452",-3257.631
"7453",-3455.704
"7454",-3436.681
"7455",-3351.099
"7456",-3200.519
"7457",-3357.88
"7458",-3212.453
"7459",-3522.605
"7460",-3129.598
"7461",-3012.331
"7462",-3076.108
"7463",-3371.613
"7464",-3484.324
"7465",-3222.083
"7466",-3412.939
"7467",-3479.592
"7468",-3263.547
"7469",-3282.699
"7470",-3346.08
"7471",-3239.019
"7472",-3254.894
"7473",-3295.205
"7474",-3500.633
"7475",-3383.945
"7476",-3516.082
"7477",-3270.826
"7478",-3236.836
"7479",-3226.352
"7480",-3298.795
"7481",-3331.016
"7482",-3472.245
"7483",-3165.127
"7484",-3332.524
"7485",-3381.949
"7486",-3264.192
"7487",-3411.271
"7488",-3236.861
"7489",-3259.652
"7490",-3436.565
"7491",-3542.753
"7492",-3462.516
"7493",-3397.072
"7494",-3452.738
"7495",-3479.852
"7496",-3044.436
"7497",-3356.352
"7498",-3398.003
"7499",-3341.296
"7500",-3406.785
"7501",-3512.395
"7502",-3355.144
"7503",-3633.844
"7504",-3478.437
"7505",-3410.769
"7506",-3531.369
"7507",-3332.818
"7508",-3335.535
"7509",-3517.09
"7510",-3343.261
"7511",-3343.432
"7512",-3368.934
"7513",-3304.403
"7514",-3489.65
"7515",-3213.931
"7516",-3401.517
"7517",-3504.271
"7518",-3309.979
"7519",-3343.921
"7520",-3263.527
"7521",-3151.455
"7522",-3303.878
"7523",-3372.634
"7524",-3385.33
"7525",-3290.397
"7526",-3501.581
"7527",-3259.238
"7528",-3264.158
"7529",-3115.68
"7530",-3323.858
"7531",-3277.393
"7532",-3366.263
"7533",-3291.254
"7534",-3525.604
"7535",-3218.654
"7536",-3267.972
"7537",-3496.424
"7538",-3251.181
"7539",-3336.044
"7540",-3195.719
"7541",-3343.544
"7542",-3226.507
"7543",-3320.5
"7544",-3373.898
"7545",-3239.371
"7546",-3473.537
"7547",-3393.9
"7548",-3692.964
"7549",-3255.139
"7550",-3473.538
"7551",-3300.458
"7552",-3444.784
"7553",-3368.598
"7554",-3174.29
"7555",-3518.077
"7556",-3373.865
"7557",-3218.295
"7558",-3462.663
"7559",-3523.747
"7560",-3404.681
"7561",-3370.639
"7562",-3425.458
"7563",-3362.831
"7564",-3466.878
"7565",-3335.857
"7566",-3410.775
"7567",-3358.441
"7568",-3449.152
"7569",-3497.975
"7570",-3403.692
"7571",-3456.663
"7572",-3295.591
"7573",-3369.627
"7574",-3437.55
"7575",-3226.604
"7576",-3305.321
"7577",-3321.592
"7578",-3334.929
"7579",-3392.306
"7580",-3520.289
"7581",-3408.512
"7582",-3421.42
"7583",-3256.71
"7584",-3141.968
"7585",-3198.932
"7586",-3367.875
"7587",-3537.845
"7588",-3356.679
"7589",-3183.069
"7590",-3403.165
"7591",-3331.741
"7592",-3344.593
"7593",-3385.936
"7594",-3363.013
"7595",-3344.495
"7596",-3263.543
"7597",-3292.706
"7598",-3610.579
"7599",-3525.063
"7600",-3472.808
"7601",-3392.322
"7602",-3260.355
"7603",-3195.348
"7604",-3412.889
"7605",-3371.81
"7606",-3342.136
"7607",-3297.549
"7608",-3288.973
"7609",-3271.638
"7610",-3311.207
"7611",-3331.697
"7612",-3339.485
"7613",-3480.257
"7614",-3420.303
"7615",-3479.771
"7616",-3300.49
"7617",-3310.831
"7618",-3364.387
"7619",-3159.383
"7620",-3175.427
"7621",-3348.043
"7622",-3431.126
"7623",-3353.043
"7624",-3153.266
"7625",-3056.371
"7626",-3501.706
"7627",-3323.473
"7628",-3625.833
"7629",-3492.527
"7630",-3343.405
"7631",-3331.592
"7632",-3157.419
"7633",-3512.884
"7634",-3141.522
"7635",-3266.032
"7636",-3352.873
"7637",-3378.17
"7638",-3466.569
"7639",-3473.773
"7640",-3193.335
"7641",-3309.501
"7642",-3285.654
"7643",-3493.689
"7644",-3265.463
"7645",-3254.711
"7646",-3278.271
"7647",-3466.533
"7648",-3274.465
"7649",-3121.063
"7650",-3185.678
"7651",-3299.985
"7652",-3171.694
"7653",-3572.245
"7654",-3348.11
"7655",-3391.978
"7656",-3076.122
"7657",-3401.348
"7658",-3556.686
"7659",-3455.676
"7660",-3222.34
"7661",-3256.532
"7662",-3221.344
"7663",-3369.941
"7664",-3298.243
"7665",-3444.109
"7666",-3403.996
"7667",-3311.2
"7668",-3539.612
"7669",-3371.997
"7670",-3214.163
"7671",-3410.53
"7672",-3295.843
"7673",-3161.603
"7674",-3334.236
"7675",-3291.843
"7676",-3374.787
"7677",-3392.992
"7678",-3340.345
"7679",-3379.534
"7680",-3344.833
"7681",-3238.564
"7682",-3686.018
"7683",-3256.572
"7684",-3558.893
"7685",-3489.997
"7686",-3471.249
"7687",-3100.158
"7688",-3308.698
"7689",-3379.96
"7690",-3018.425
"7691",-3499.941
"7692",-3514.571
"7693",-3337.205
"7694",-3469.249
"7695",-3375.837
"7696",-3217.583
"7697",-2999.222
"7698",-3198.848
"7699",-3205.545
"7700",-3370.83
"7701",-3370.835
"7702",-3252.192
"7703",-3276.08
"7704",-3631.4
"7705",-3111.098
"7706",-3235.954
"7707",-3424.741
"7708",-3139.474
"7709",-3443.255
"7710",-3297.054
"7711",-3500.345
"7712",-3304.208
"7713",-3413.521
"7714",-3318.498
"7715",-3535.129
"7716",-3351.549
"7717",-3303.213
"7718",-3302.972
"7719",-3477.783
"7720",-3249.85
"7721",-3498.121
"7722",-3153.342
"7723",-3325.777
"7724",-3364.891
"7725",-3311.11
"7726",-3372.498
"7727",-3277.256
"7728",-3419.956
"7729",-3323.29
"7730",-3431.418
"7731",-3457.693
"7732",-3221.16
"7733",-3324.892
"7734",-3443.947
"7735",-3256.426
"7736",-3228.397
"7737",-2993.159
"7738",-3276.159
"7739",-3490.071
"7740",-3496.792
"7741",-3401.533
"7742",-3214.141
"7743",-3374.961
"7744",-3168.829
"7745",-3385.464
"7746",-3380.497
"7747",-3431.67
"7748",-3238.727
"7749",-3485.939
"7750",-3344.786
"7751",-3575.518
"7752",-3397.255
"7753",-3379.836
"7754",-3476.451
"7755",-3464.448
"7756",-3449.32
"7757",-3514.343
"7758",-3527.903
"7759",-3311.995
"7760",-3365.431
"7761",-3422.677
"7762",-3261.593
"7763",-3127.704
"7764",-3107.312
"7765",-3388.696
"7766",-3347.019
"7767",-3295.208
"7768",-3275.325
"7769",-3377.122
"7770",-3342.489
"7771",-3078.483
"7772",-3417.55
"7773",-3419.166
"7774",-3344.057
"7775",-3591.151
"7776",-3319.756
"7777",-3378.357
"7778",-3377.802
"7779",-3090.41
"7780",-3561.38
"7781",-3377.225
"7782",-3336.277
"7783",-3389.859
"7784",-3351.593
"7785",-3313.747
"7786",-3170.956
"7787",-3327.327
"7788",-3269.953
"7789",-3358.493
"7790",-3259.73
"7791",-3497.587
"7792",-3262.109
"7793",-3159.829
"7794",-3314.246
"7795",-3562.663
"7796",-3313.819
"7797",-3402.991
"7798",-3289.684
"7799",-3266.737
"7800",-3256.06
"7801",-3348.937
"7802",-3620.552
"7803",-3354.062
"7804",-3368.642
"7805",-3467.615
"7806",-3301.438
"7807",-3389.839
"7808",-3364.154
"7809",-3275.588
"7810",-3320.323
"7811",-3430.529
"7812",-3391.95
"7813",-3363.354
"7814",-3359.891
"7815",-3254.944
"7816",-3386.891
"7817",-3307.587
"7818",-3172.983
"7819",-3145.076
"7820",-3269.887
"7821",-3364.741
"7822",-3330.868
"7823",-3396.907
"7824",-3420.468
"7825",-3311.019
"7826",-3419.104
"7827",-3328.034
"7828",-3266.797
"7829",-3378.461
"7830",-3481.134
"7831",-3321.947
"7832",-3175.353
"7833",-3057.782
"7834",-3404.486
"7835",-3501.462
"7836",-3337.36
"7837",-3468.659
"7838",-3245.528
"7839",-3366.008
"7840",-3487.679
"7841",-3168.982
"7842",-3356.969
"7843",-3117.318
"7844",-3317.495
"7845",-3414.022
"7846",-3278.598
"7847",-3420.425
"7848",-3678.193
"7849",-3195.401
"7850",-3137.231
"7851",-3214.893
"7852",-3270.974
"7853",-3513.488
"7854",-3371.29
"7855",-3244.641
"7856",-3259.207
"7857",-3596.511
"7858",-3370.124
"7859",-3456.856
"7860",-3219.051
"7861",-3441.463
"7862",-3439.691
"7863",-3397.71
"7864",-3247.047
"7865",-3532.223
"7866",-3320.186
"7867",-3154.823
"7868",-3382.676
"7869",-3306.639
"7870",-3266.51
"7871",-3071.111
"7872",-3144.256
"7873",-3558.208
"7874",-3431.381
"7875",-3420.903
"7876",-3454.526
"7877",-3362.786
"7878",-3298.73
"7879",-3508.204
"7880",-3371.977
"7881",-3307.549
"7882",-3763.348
"7883",-3350.789
"7884",-3190.053
"7885",-3489.77
"7886",-3428.559
"7887",-3517.748
"7888",-3396.199
"7889",-3314.06
"7890",-3174.379
"7891",-3525.553
"7892",-3353.841
"7893",-3195.541
"7894",-3385.759
"7895",-3532.44
"7896",-3165.231
"7897",-3358.554
"7898",-3254.132
"7899",-3347.909
"7900",-3155.256
"7901",-3514.945
"7902",-3446.356
"7903",-3547.604
"7904",-3440.374
"7905",-3372.936
"7906",-3680.535
"7907",-3350.668
"7908",-3212.691
"7909",-3297.818
"7910",-3575.356
"7911",-3032.036
"7912",-3342.515
"7913",-3658.568
"7914",-3467.562
"7915",-3612.863
"7916",-3313.254
"7917",-3297.431
"7918",-3380.803
"7919",-3218.406
"7920",-3445.925
"7921",-3322.462
"7922",-3273.478
"7923",-3308.552
"7924",-3121.2
"7925",-3314.503
"7926",-3470.935
"7927",-3469.579
"7928",-3395.293
"7929",-3226.378
"7930",-3472.638
"7931",-3366.096
"7932",-3137.163
"7933",-3155.959
"7934",-3264.333
"7935",-3231.143
"7936",-3238.705
"7937",-3342.433
"7938",-3399.33
"7939",-3427.792
"7940",-3363.228
"7941",-3418.038
"7942",-3613.543
"7943",-3414.778
"7944",-3158.709
"7945",-3372.97
"7946",-3331.681
"7947",-3363.115
"7948",-3354.39
"7949",-3313.964
"7950",-3449.187
"7951",-3301.317
"7952",-3360.032
"7953",-3276.554
"7954",-3411.697
"7955",-3360.129
"7956",-3404.848
"7957",-3154.104
"7958",-3188.275
"7959",-3197.424
"7960",-3059.029
"7961",-3133.719
"7962",-2999.157
"7963",-3338.032
"7964",-3225.924
"7965",-3402.319
"7966",-3681.234
"7967",-3308.818
"7968",-3278.131
"7969",-3420.45
"7970",-3225.831
"7971",-3218.744
"7972",-3462.188
"7973",-3406.806
"7974",-3278.908
"7975",-3280.614
"7976",-3405.823
"7977",-3301.933
"7978",-2996.124
"7979",-3376.321
"7980",-3405.815
"7981",-3362.186
"7982",-3432.408
"7983",-3186.901
"7984",-3298.225
"7985",-3159.279
"7986",-3488.821
"7987",-3264.282
"7988",-3248.667
"7989",-3195.344
"7990",-3301.458
"7991",-3357.348
"7992",-3322.384
"7993",-3308.458
"7994",-3223.994
"7995",-3250.561
"7996",-3400.796
"7997",-3467.809
"7998",-3119.434
"7999",-3379.893
"8000",-3277.488
"8001",-3266.577
"8002",-3508.977
"8003",-3208.865
"8004",-3244.761
"8005",-3291.498
"8006",-3584.38
"8007",-3403.87
"8008",-3413.807
"8009",-3313.828
"8010",-3356.56
"8011",-3371.442
"8012",-3310.007
"8013",-3533.229
"8014",-3153.657
"8015",-3157.276
"8016",-3229.182
"8017",-3252.346
"8018",-3421.701
"8019",-3355.328
"8020",-3201.039
"8021",-3441.715
"8022",-3381.942
"8023",-3397.103
"8024",-3238.426
"8025",-3329.541
"8026",-3179.335
"8027",-3218.152
"8028",-3320.256
"8029",-3242.555
"8030",-3210.961
"8031",-3395.315
"8032",-3398.094
"8033",-3304.868
"8034",-3467.286
"8035",-3617.645
"8036",-3082.726
"8037",-3422.745
"8038",-3284.292
"8039",-3371.296
"8040",-3101.035
"8041",-3207.848
"8042",-3384.712
"8043",-3424.955
"8044",-3323.442
"8045",-3404.427
"8046",-3419.21
"8047",-3219.419
"8048",-3455.85
"8049",-3572.122
"8050",-3403.668
"8051",-3211.852
"8052",-3291.763
"8053",-3387.902
"8054",-3500.413
"8055",-3393.192
"8056",-3142.923
"8057",-3280.249
"8058",-3642.606
"8059",-3432.009
"8060",-3176.924
"8061",-3226.282
"8062",-3327.863
"8063",-3296.688
"8064",-3490.773
"8065",-3324.516
"8066",-3293.012
"8067",-3220.04
"8068",-3300.359
"8069",-3116.883
"8070",-3425.28
"8071",-3340.093
"8072",-3299.807
"8073",-3397.938
"8074",-3464.957
"8075",-3450.903
"8076",-3263.148
"8077",-3438.525
"8078",-3450.464
"8079",-3321.651
"8080",-3560.398
"8081",-3304.099
"8082",-3409.666
"8083",-3515.693
"8084",-3463.354
"8085",-3269.383
"8086",-3304.552
"8087",-3399.865
"8088",-3385.255
"8089",-3400.282
"8090",-3325.86
"8091",-3413.228
"8092",-3340.085
"8093",-3164.544
"8094",-3290.796
"8095",-3389.83
"8096",-3370.702
"8097",-3330.87
"8098",-3173.636
"8099",-3369.541
"8100",-3331.223
"8101",-3586.144
"8102",-3227.603
"8103",-3116.12
"8104",-3420.528
"8105",-3265.382
"8106",-3290.977
"8107",-3472.669
"8108",-3595.394
"8109",-3388.799
"8110",-3310.533
"8111",-3482.41
"8112",-3488.737
"8113",-3430.363
"8114",-3199.08
"8115",-3276.772
"8116",-3214.29
"8117",-3331.165
"8118",-3349.931
"8119",-3307.348
"8120",-3204.324
"8121",-3483.845
"8122",-3390.477
"8123",-3290.849
"8124",-3249.315
"8125",-3547.164
"8126",-3463.47
"8127",-3478.014
"8128",-3477.813
"8129",-3345.176
"8130",-3266.881
"8131",-3495.476
"8132",-3310.153
"8133",-3380.52
"8134",-3500.454
"8135",-3533.526
"8136",-3478.542
"8137",-3447.228
"8138",-3318.344
"8139",-3320.698
"8140",-3455.725
"8141",-3436.222
"8142",-3246.36
"8143",-3479.023
"8144",-3294.938
"8145",-3364.213
"8146",-3233.488
"8147",-3519.943
"8148",-3178.556
"8149",-3292.617
"8150",-3340.516
"8151",-3059.553
"8152",-3462.3
"8153",-3325.801
"8154",-3418.229
"8155",-3380.904
"8156",-3323.88
"8157",-3263.951
"8158",-3303.951
"8159",-3315.303
"8160",-3293.003
"8161",-3209.145
"8162",-3360.565
"8163",-3383.41
"8164",-3289.896
"8165",-3233.161
"8166",-3501.73
"8167",-3484.837
"8168",-3202.56
"8169",-3487.026
"8170",-3487.482
"8171",-3307.521
"8172",-3345.227
"8173",-3290.377
"8174",-3284.655
"8175",-3187.407
"8176",-3260.943
"8177",-3218.06
"8178",-3153.011
"8179",-3312.879
"8180",-3214.089
"8181",-3226.274
"8182",-3305.935
"8183",-3340.645
"8184",-3336.492
"8185",-3529.526
"8186",-3323.178
"8187",-3209.48
"8188",-3160.408
"8189",-3294.239
"8190",-3261.314
"8191",-3396.492
"8192",-3475.754
"8193",-3232.616
"8194",-3545.37
"8195",-3317.069
"8196",-3289.949
"8197",-3318.929
"8198",-3179.673
"8199",-3488.888
"8200",-3196.232
"8201",-3314.392
"8202",-3355.866
"8203",-3289.444
"8204",-3355.831
"8205",-3394.271
"8206",-3412.171
"8207",-3473.625
"8208",-3516.358
"8209",-3276.265
"8210",-3383.923
"8211",-3305.739
"8212",-3224.27
"8213",-3498.308
"8214",-3201.162
"8215",-3295.846
"8216",-3241.771
"8217",-3467.452
"8218",-3367.524
"8219",-3370.986
"8220",-3325.963
"8221",-3377.408
"8222",-3312.915
"8223",-3288.783
"8224",-3373.32
"8225",-3423.018
"8226",-3390.982
"8227",-3269.344
"8228",-3367.263
"8229",-3354.566
"8230",-3443.766
"8231",-3362.76
"8232",-3340.01
"8233",-3492.047
"8234",-3269.773
"8235",-3253.213
"8236",-3405.082
"8237",-3352.034
"8238",-3184.171
"8239",-3429.787
"8240",-3345.083
"8241",-3489.705
"8242",-3286.804
"8243",-3066.304
"8244",-3489.58
"8245",-3670.632
"8246",-3254.818
"8247",-3501.151
"8248",-3509.52
"8249",-3507.537
"8250",-3411.223
"8251",-3190.893
"8252",-3395.73
"8253",-3264.017
"8254",-3312.038
"8255",-3417.102
"8256",-3309.487
"8257",-3578.828
"8258",-3368.723
"8259",-3336.172
"8260",-3382.808
"8261",-3383.009
"8262",-3525.625
"8263",-3314.842
"8264",-3334.225
"8265",-3295.022
"8266",-3521.086
"8267",-3279.14
"8268",-3459.172
"8269",-3439.786
"8270",-3315.634
"8271",-3279.598
"8272",-3289.75
"8273",-3251.3
"8274",-3324.044
"8275",-3232.61
"8276",-3451.28
"8277",-3263.85
"8278",-3326.945
"8279",-3493.675
"8280",-3422.948
"8281",-3272.086
"8282",-3460.676
"8283",-3367.595
"8284",-3317.977
"8285",-3237.692
"8286",-3250.603
"8287",-3501.106
"8288",-3372.532
"8289",-3294.992
"8290",-3352.459
"8291",-3155.299
"8292",-3419.14
"8293",-3519.769
"8294",-3249.873
"8295",-3283.094
"8296",-3478.502
"8297",-3432.599
"8298",-3370.814
"8299",-3571.635
"8300",-3239.342
"8301",-3115.534
"8302",-3405.735
"8303",-3317.223
"8304",-3309.208
"8305",-3369.482
"8306",-3370.505
"8307",-3281.77
"8308",-3260.278
"8309",-3311.344
"8310",-3423.484
"8311",-3268.181
"8312",-3347.881
"8313",-3192.951
"8314",-3430.859
"8315",-3432.408
"8316",-3372.048
"8317",-3409.774
"8318",-3372.021
"8319",-3524.557
"8320",-3304.718
"8321",-3129.801
"8322",-3305.314
"8323",-3316.983
"8324",-3213.779
"8325",-3442.666
"8326",-3396.041
"8327",-3248.671
"8328",-3482.134
"8329",-3300.382
"8330",-3364.496
"8331",-3349.892
"8332",-3224.058
"8333",-3519.95
"8334",-3359.55
"8335",-3540.496
"8336",-3288.431
"8337",-3560.015
"8338",-3410.697
"8339",-3388.987
"8340",-3431.778
"8341",-3644.723
"8342",-3470.173
"8343",-3391.587
"8344",-3390.162
"8345",-3469.723
"8346",-3269.867
"8347",-3478.794
"8348",-3262.99
"8349",-3364.148
"8350",-3296.868
"8351",-3425.7
"8352",-3447.681
"8353",-3392.889
"8354",-3252.52
"8355",-3277.024
"8356",-3102.453
"8357",-3357.773
"8358",-3457.867
"8359",-3136.46
"8360",-3253.189
"8361",-3283.458
"8362",-3462.964
"8363",-3437.96
"8364",-3273.206
"8365",-3726.074
"8366",-3345.857
"8367",-3203.585
"8368",-3210.067
"8369",-3351.675
"8370",-3481.68
"8371",-3320.094
"8372",-3215.681
"8373",-3601.923
"8374",-3357.806
"8375",-3543.378
"8376",-3532.896
"8377",-3443.746
"8378",-3408.873
"8379",-3255.53
"8380",-3210.634
"8381",-3391.496
"8382",-3252.424
"8383",-3326.722
"8384",-3323.801
"8385",-3337.575
"8386",-3223.775
"8387",-3563.812
"8388",-3281.349
"8389",-3291.157
"8390",-3355.075
"8391",-3330.064
"8392",-3315.529
"8393",-3397.096
"8394",-3109.423
"8395",-3207.768
"8396",-3540.853
"8397",-3222.163
"8398",-3286.018
"8399",-3402.995
"8400",-3449.929
"8401",-3262.053
"8402",-3526.828
"8403",-3470.07
"8404",-3406.965
"8405",-3099.312
"8406",-3256.413
"8407",-3327.823
"8408",-3333.276
"8409",-3163.409
"8410",-3610.937
"8411",-3360.86
"8412",-3340.204
"8413",-3268.967
"8414",-3340.172
"8415",-3473.395
"8416",-3311.622
"8417",-3409.088
"8418",-3396.503
"8419",-3274.029
"8420",-3242.226
"8421",-3328.547
"8422",-3356.156
"8423",-3280.658
"8424",-3275.005
"8425",-3524.545
"8426",-3031.499
"8427",-3310.112
"8428",-3437.295
"8429",-3466.426
"8430",-3443.154
"8431",-3494.921
"8432",-3460.105
"8433",-3336.852
"8434",-3385.217
"8435",-3404.451
"8436",-3228.163
"8437",-3477.282
"8438",-3403.748
"8439",-3442.11
"8440",-3401.001
"8441",-3361.947
"8442",-3268.442
"8443",-3500.444
"8444",-3547.348
"8445",-3436.314
"8446",-3228.008
"8447",-3373.631
"8448",-3161.242
"8449",-3312.179
"8450",-3458.475
"8451",-3345.938
"8452",-3061.528
"8453",-3367.961
"8454",-3460.457
"8455",-3404.94
"8456",-3398.495
"8457",-3426.25
"8458",-3475.863
"8459",-3477.362
"8460",-3125.245
"8461",-3416.744
"8462",-3096.506
"8463",-3428.696
"8464",-3535.397
"8465",-3686.773
"8466",-3508.556
"8467",-3301.933
"8468",-3552.567
"8469",-3365.588
"8470",-3404.05
"8471",-3368.928
"8472",-3404.331
"8473",-3215.146
"8474",-3203.609
"8475",-3521.094
"8476",-3276.886
"8477",-3330.447
"8478",-3269.064
"8479",-3357.224
"8480",-3306.058
"8481",-3356.388
"8482",-3349.202
"8483",-3446.797
"8484",-3319.672
"8485",-3157.663
"8486",-3392.235
"8487",-3217.28
"8488",-3141.44
"8489",-3295.068
"8490",-3497.493
"8491",-3492.036
"8492",-3285.373
"8493",-3324.598
"8494",-3469.837
"8495",-3257.036
"8496",-3509.283
"8497",-3425.35
"8498",-3273.712
"8499",-3297.514
"8500",-3300.978
"8501",-3583.305
"8502",-3329.047
"8503",-3243.898
"8504",-3378.439
"8505",-3246.544
"8506",-3423.76
"8507",-3380.844
"8508",-3265.146
"8509",-3173.578
"8510",-3542.525
"8511",-3388.57
"8512",-3312.55
"8513",-3291.383
"8514",-3455.888
"8515",-3305.105
"8516",-3212.699
"8517",-3327.685
"8518",-3292.977
"8519",-3160.67
"8520",-3097.364
"8521",-3471.826
"8522",-3193.083
"8523",-3260.284
"8524",-3415.242
"8525",-3538.066
"8526",-3513.252
"8527",-3376.837
"8528",-3348.735
"8529",-3286.428
"8530",-3316.596
"8531",-3459.653
"8532",-3469.82
"8533",-3175.56
"8534",-3335.234
"8535",-3299.673
"8536",-3485.701
"8537",-3362.509
"8538",-3173.119
"8539",-3400.289
"8540",-3447.594
"8541",-3448.245
"8542",-3483.056
"8543",-3386.256
"8544",-3223.754
"8545",-3101.688
"8546",-3352.995
"8547",-3500.352
"8548",-3435.215
"8549",-3289.223
"8550",-3288.213
"8551",-3478.509
"8552",-3433.599
"8553",-3370.311
"8554",-3377.058
"8555",-3371.989
"8556",-3297.239
"8557",-3331.741
"8558",-3250.478
"8559",-3207.311
"8560",-3298.162
"8561",-3391.983
"8562",-3348.682
"8563",-3458.396
"8564",-3485.387
"8565",-3214.175
"8566",-3272.666
"8567",-3528.468
"8568",-3191.713
"8569",-3200.101
"8570",-3348.216
"8571",-3218.691
"8572",-3359.691
"8573",-3448.569
"8574",-3226.722
"8575",-3408.285
"8576",-3553.089
"8577",-3344.675
"8578",-3512.308
"8579",-3450.315
"8580",-3423.853
"8581",-3444.936
"8582",-3256.573
"8583",-3316.671
"8584",-3236.098
"8585",-3387.519
"8586",-3426.887
"8587",-3290.127
"8588",-3430.39
"8589",-3220.524
"8590",-3284.634
"8591",-3388.64
"8592",-3222.467
"8593",-3452.356
"8594",-3151.134
"8595",-3384.02
"8596",-3176.718
"8597",-3291.956
"8598",-3444.124
"8599",-3394.472
"8600",-3347.807
"8601",-3424.902
"8602",-3422.39
"8603",-3341.689
"8604",-3406.592
"8605",-3295.66
"8606",-3303.725
"8607",-3491.378
"8608",-3573.221
"8609",-3181.583
"8610",-3245.088
"8611",-3058.637
"8612",-3418.658
"8613",-3419.441
"8614",-3357.024
"8615",-3385.22
"8616",-3458.747
"8617",-3559.079
"8618",-3278.623
"8619",-3411.691
"8620",-3583.706
"8621",-3497.377
"8622",-3536.12
"8623",-3418.695
"8624",-3406.195
"8625",-3152.422
"8626",-3378.441
"8627",-3224.459
"8628",-3171.016
"8629",-3481.564
"8630",-3294.99
"8631",-3560.768
"8632",-3373.76
"8633",-3408.899
"8634",-3350.18
"8635",-3368.239
"8636",-3542.035
"8637",-3139.672
"8638",-3420.827
"8639",-3488.079
"8640",-3216.008
"8641",-3441.903
"8642",-3509.384
"8643",-3585.889
"8644",-3387.752
"8645",-3375.927
"8646",-3462.632
"8647",-3329.395
"8648",-3312.365
"8649",-3366.457
"8650",-3344.535
"8651",-3118.617
"8652",-3398.373
"8653",-3147.569
"8654",-3204.241
"8655",-3281.297
"8656",-3300.886
"8657",-3420.814
"8658",-3321.035
"8659",-3559.132
"8660",-3454.385
"8661",-3232.799
"8662",-3393.198
"8663",-3280.984
"8664",-3435.062
"8665",-3274.751
"8666",-3318.118
"8667",-3287.431
"8668",-3338.884
"8669",-3444.143
"8670",-3282.605
"8671",-3214.182
"8672",-3385.03
"8673",-3498.711
"8674",-3332.928
"8675",-3422.439
"8676",-3599.317
"8677",-3322.999
"8678",-3303.33
"8679",-2955.477
"8680",-3169.514
"8681",-3269.951
"8682",-3244.034
"8683",-3372.102
"8684",-3326.903
"8685",-3231.258
"8686",-3398.371
"8687",-3411.64
"8688",-3207.316
"8689",-3335.768
"8690",-3364.414
"8691",-3266.798
"8692",-3192.256
"8693",-3407.104
"8694",-3503.94
"8695",-3224.429
"8696",-3538.429
"8697",-3290.084
"8698",-3434.135
"8699",-3146.407
"8700",-3429.543
"8701",-3353.461
"8702",-3230.751
"8703",-3226.775
"8704",-3395.164
"8705",-3311.399
"8706",-3347.724
"8707",-3378.911
"8708",-3436.555
"8709",-3345.865
"8710",-3350.653
"8711",-3397.886
"8712",-3045.01
"8713",-3656.663
"8714",-3503.751
"8715",-3219.636
"8716",-3395.057
"8717",-3277.831
"8718",-3480.811
"8719",-3375.301
"8720",-3344.582
"8721",-3382.731
"8722",-3318.985
"8723",-3312.087
"8724",-3289.16
"8725",-3376.713
"8726",-3240.971
"8727",-3313.25
"8728",-3417.536
"8729",-3306.929
"8730",-3288.893
"8731",-3330.533
"8732",-3445.921
"8733",-3379.177
"8734",-3340.159
"8735",-3112.765
"8736",-3276.277
"8737",-3239.701
"8738",-3422.771
"8739",-3301.919
"8740",-3431.915
"8741",-3572.749
"8742",-3394.46
"8743",-3356.114
"8744",-3259.806
"8745",-3489.026
"8746",-3192.281
"8747",-3424.247
"8748",-3389.952
"8749",-3185.148
"8750",-3360.443
"8751",-3321.311
"8752",-3387.164
"8753",-3453.015
"8754",-3324.736
"8755",-3223.566
"8756",-3312.293
"8757",-3332.327
"8758",-3358.434
"8759",-3377.673
"8760",-3148.606
"8761",-3378.326
"8762",-3485.32
"8763",-3175.414
"8764",-3318.511
"8765",-3355.492
"8766",-3425.482
"8767",-3500.835
"8768",-3166.191
"8769",-3058.872
"8770",-3237.821
"8771",-3421.311
"8772",-3337.327
"8773",-3341.757
"8774",-3300.969
"8775",-3470.498
"8776",-3228.373
"8777",-3141.665
"8778",-3192.682
"8779",-3368.337
"8780",-3351.492
"8781",-3406.525
"8782",-3441.176
"8783",-3419.065
"8784",-3261.34
"8785",-3309.722
"8786",-3131.989
"8787",-3613.995
"8788",-3367.296
"8789",-3444.036
"8790",-3467.646
"8791",-3437.6
"8792",-3222.03
"8793",-3449.121
"8794",-3481.061
"8795",-3321.432
"8796",-3163.878
"8797",-3395.239
"8798",-3325.187
"8799",-3354.147
"8800",-3281.404
"8801",-3243.801
"8802",-3585.572
"8803",-3428.211
"8804",-3416.95
"8805",-2951.627
"8806",-3530.323
"8807",-3316.726
"8808",-3165.638
"8809",-3317.946
"8810",-3129.327
"8811",-3434.942
"8812",-3159.676
"8813",-3324.775
"8814",-3374.683
"8815",-3324.672
"8816",-3283.51
"8817",-3337.686
"8818",-3160.913
"8819",-3398.712
"8820",-3211.375
"8821",-3256.742
"8822",-3622.694
"8823",-3410.278
"8824",-3488.011
"8825",-3255.31
"8826",-3392.678
"8827",-3341.028
"8828",-3237.825
"8829",-3158.036
"8830",-3233.568
"8831",-3195.549
"8832",-3222.594
"8833",-3231.242
"8834",-3404.783
"8835",-3709.323
"8836",-3413.504
"8837",-3347.895
"8838",-3364.519
"8839",-3382.974
"8840",-3171.902
"8841",-3527.512
"8842",-3246.867
"8843",-3480.336
"8844",-3374.109
"8845",-3268.17
"8846",-3409.179
"8847",-3047.868
"8848",-3314.469
"8849",-3395.035
"8850",-3234.923
"8851",-3566.841
"8852",-3264.881
"8853",-3456.075
"8854",-3377.369
"8855",-3187.829
"8856",-3398.973
"8857",-3411.627
"8858",-3272.943
"8859",-3524.629
"8860",-3238.437
"8861",-3548.378
"8862",-3362.317
"8863",-3436.54
"8864",-3215.611
"8865",-3265.239
"8866",-3322.195
"8867",-3130.401
"8868",-3223.568
"8869",-3336.665
"8870",-3282.318
"8871",-3475.149
"8872",-3363.156
"8873",-3442.336
"8874",-3417.418
"8875",-3474.003
"8876",-3189.531
"8877",-3483.746
"8878",-3341.707
"8879",-3183.137
"8880",-3190.02
"8881",-3209.823
"8882",-3191.657
"8883",-3458.233
"8884",-3445.826
"8885",-3325.321
"8886",-3334.885
"8887",-3401.269
"8888",-3189.688
"8889",-3370.684
"8890",-3153.506
"8891",-3376.669
"8892",-3578.319
"8893",-3118.617
"8894",-3274.161
"8895",-3446.628
"8896",-3501.16
"8897",-3333.924
"8898",-3380.613
"8899",-3423.544
"8900",-3264.893
"8901",-3537.34
"8902",-3228.859
"8903",-3481.026
"8904",-3253.042
"8905",-3347.109
"8906",-3459.085
"8907",-3260.344
"8908",-3267.392
"8909",-3194.743
"8910",-3044.649
"8911",-3531.036
"8912",-3682.058
"8913",-3337.511
"8914",-3272.668
"8915",-3368.602
"8916",-3450.203
"8917",-3320.974
"8918",-3374.344
"8919",-3236.734
"8920",-3169.755
"8921",-3113.97
"8922",-3581.128
"8923",-3546.943
"8924",-3510.678
"8925",-3384.105
"8926",-3314.289
"8927",-3515.26
"8928",-3308.379
"8929",-3490.775
"8930",-3383.578
"8931",-3345.95
"8932",-3289.894
"8933",-3239.161
"8934",-3359.433
"8935",-3308.424
"8936",-3329.669
"8937",-3410.518
"8938",-3290.479
"8939",-3451.069
"8940",-3403.365
"8941",-3533.521
"8942",-3574.489
"8943",-3456.269
"8944",-3540.822
"8945",-3121.64
"8946",-3343.364
"8947",-3263.316
"8948",-3386.946
"8949",-2961.819
"8950",-3646.645
"8951",-3181.815
"8952",-3316.726
"8953",-3188.068
"8954",-3286.414
"8955",-3327.65
"8956",-3326.648
"8957",-3373.051
"8958",-3417.057
"8959",-3297.921
"8960",-3291.325
"8961",-3229.9
"8962",-3391.757
"8963",-3382.873
"8964",-3390.901
"8965",-3426.772
"8966",-3327.177
"8967",-3201.345
"8968",-3471.838
"8969",-3459.106
"8970",-2928.254
"8971",-3395.806
"8972",-3425.855
"8973",-3168.916
"8974",-3379.414
"8975",-3139.784
"8976",-3493.442
"8977",-3286.702
"8978",-3293.438
"8979",-3502.404
"8980",-3200.543
"8981",-3642.883
"8982",-3222.592
"8983",-3295.864
"8984",-3227.231
"8985",-3262.418
"8986",-3159.23
"8987",-3443.217
"8988",-3514.42
"8989",-3233.1
"8990",-3254.231
"8991",-3411.499
"8992",-3411.843
"8993",-3421.408
"8994",-3239.183
"8995",-3426.184
"8996",-3186.067
"8997",-3293.544
"8998",-3460.195
"8999",-3256.56
"9000",-3363.069
"9001",-3314.216
"9002",-3290.263
"9003",-3273.112
"9004",-3339.67
"9005",-3355.211
"9006",-3134.769
"9007",-3450.146
"9008",-3366.778
"9009",-3176.452
"9010",-3227.69
"9011",-3210.067
"9012",-3327.753
"9013",-3580.515
"9014",-3349.812
"9015",-3213.18
"9016",-3365.728
"9017",-3259.889
"9018",-3308.92
"9019",-3336.374
"9020",-3508.275
"9021",-3255.354
"9022",-3302.351
"9023",-3386.328
"9024",-3537.365
"9025",-3494.363
"9026",-3334.713
"9027",-3295.324
"9028",-3337.707
"9029",-3207.147
"9030",-3231.794
"9031",-3410.833
"9032",-3418.748
"9033",-3338.663
"9034",-3643.563
"9035",-3350.899
"9036",-3379.951
"9037",-3030.6
"9038",-3294.622
"9039",-3368.704
"9040",-3601.813
"9041",-3198.679
"9042",-3360.378
"9043",-3230.839
"9044",-3152.5
"9045",-3449.838
"9046",-3285.515
"9047",-3327.103
"9048",-3459.276
"9049",-3290.807
"9050",-3624.21
"9051",-3445.742
"9052",-3449.163
"9053",-3415.653
"9054",-3178.57
"9055",-3528.106
"9056",-3187.73
"9057",-3487.971
"9058",-3242.121
"9059",-3393.637
"9060",-3543.63
"9061",-3182.467
"9062",-3197.359
"9063",-3325.952
"9064",-3453.669
"9065",-3466.222
"9066",-3343.717
"9067",-3263.031
"9068",-3434.8
"9069",-3193.441
"9070",-3038.541
"9071",-3332.945
"9072",-3325.193
"9073",-3387.839
"9074",-3166.434
"9075",-3234.212
"9076",-3559.356
"9077",-3075.717
"9078",-3421.236
"9079",-3394.289
"9080",-3502.996
"9081",-3495.428
"9082",-3414.342
"9083",-3414.256
"9084",-3406.804
"9085",-3642.636
"9086",-3357.123
"9087",-3230.595
"9088",-3328.169
"9089",-3457.559
"9090",-3474.966
"9091",-3217.578
"9092",-3327.325
"9093",-3419.1
"9094",-3523.56
"9095",-3243.404
"9096",-3317.478
"9097",-3472.967
"9098",-3081.26
"9099",-3403.72
"9100",-3498.963
"9101",-3411.439
"9102",-3305.563
"9103",-3262.96
"9104",-3495.445
"9105",-3440.221
"9106",-3109.438
"9107",-3627.542
"9108",-3319.497
"9109",-3285.423
"9110",-3257.406
"9111",-3371.803
"9112",-3311.242
"9113",-3322.967
"9114",-3311.449
"9115",-3321.773
"9116",-3208.772
"9117",-3355.174
"9118",-3471.89
"9119",-3520.192
"9120",-3341.165
"9121",-3467.962
"9122",-3450.323
"9123",-3412.134
"9124",-3336.688
"9125",-3530.62
"9126",-3354.992
"9127",-3226.838
"9128",-3486.931
"9129",-3443.841
"9130",-3177.84
"9131",-3295.821
"9132",-3183.442
"9133",-3237.656
"9134",-3457.264
"9135",-3409.469
"9136",-3274.107
"9137",-3261.952
"9138",-3414.927
"9139",-3355.685
"9140",-3396.901
"9141",-3350.574
"9142",-3294.429
"9143",-3344.408
"9144",-3111.086
"9145",-3257.186
"9146",-3225.549
"9147",-3333.915
"9148",-3312.098
"9149",-3432.219
"9150",-3488.015
"9151",-3290.225
"9152",-3437.901
"9153",-3351.318
"9154",-3331.31
"9155",-3544.623
"9156",-3447.117
"9157",-3431.113
"9158",-3320.413
"9159",-3369.569
"9160",-3293.946
"9161",-3283.522
"9162",-3319.564
"9163",-3364.042
"9164",-3460.398
"9165",-3007.399
"9166",-3366.248
"9167",-3345.542
"9168",-3388.704
"9169",-3176.318
"9170",-3367.748
"9171",-3290.668
"9172",-3143.234
"9173",-3219.724
"9174",-3319.38
"9175",-3347.243
"9176",-3593.112
"9177",-3204.358
"9178",-3485.696
"9179",-3459.499
"9180",-3152.465
"9181",-3138.199
"9182",-3321.648
"9183",-3358.151
"9184",-3255.739
"9185",-3409.088
"9186",-3395.446
"9187",-3258.047
"9188",-3591.193
"9189",-3434.501
"9190",-3327.928
"9191",-3221.579
"9192",-3468.184
"9193",-3376.715
"9194",-3271.104
"9195",-3224.71
"9196",-3370.327
"9197",-3290.395
"9198",-3756.261
"9199",-3217.577
"9200",-3362.619
"9201",-3328.362
"9202",-3292.609
"9203",-3332.759
"9204",-3248.417
"9205",-3381.35
"9206",-3414.371
"9207",-3435.911
"9208",-3332.353
"9209",-3293.38
"9210",-3442.439
"9211",-3602.536
"9212",-3353.745
"9213",-3347.94
"9214",-3395.174
"9215",-3430.776
"9216",-3443.605
"9217",-3370.68
"9218",-3595.036
"9219",-3535.099
"9220",-3316.139
"9221",-3342.359
"9222",-3294.123
"9223",-3462.858
"9224",-3463.793
"9225",-3293.074
"9226",-3445.887
"9227",-3263.735
"9228",-3213.796
"9229",-3334.129
"9230",-3469.352
"9231",-3287.81
"9232",-3269.178
"9233",-3605.275
"9234",-3444.591
"9235",-3558.001
"9236",-3272.311
"9237",-3532.082
"9238",-3382.16
"9239",-3308.324
"9240",-3237.434
"9241",-3356.691
"9242",-3397.491
"9243",-3451.707
"9244",-3305.781
"9245",-3158.732
"9246",-3594.27
"9247",-3479.691
"9248",-3405.774
"9249",-3424.452
"9250",-3441.803
"9251",-3247.464
"9252",-3211.433
"9253",-3360.121
"9254",-3462.785
"9255",-3349.879
"9256",-3308.098
"9257",-3229.792
"9258",-3367.56
"9259",-3105.163
"9260",-3152.36
"9261",-3306.523
"9262",-3443.426
"9263",-3371.939
"9264",-3309.479
"9265",-3497.459
"9266",-3475.968
"9267",-3499.593
"9268",-3357.675
"9269",-3558.402
"9270",-3387.949
"9271",-3173.112
"9272",-3251.728
"9273",-3345.874
"9274",-3580.668
"9275",-3532.716
"9276",-3397.825
"9277",-3500.176
"9278",-3410.441
"9279",-3421.975
"9280",-3556.756
"9281",-3326.571
"9282",-3235.563
"9283",-3432.481
"9284",-3583.798
"9285",-3244.228
"9286",-3492.49
"9287",-3289.986
"9288",-3471.109
"9289",-3490.234
"9290",-3387.316
"9291",-3269.749
"9292",-3175.023
"9293",-3377.785
"9294",-3348.126
"9295",-3169.452
"9296",-3248.325
"9297",-3366.843
"9298",-3339.62
"9299",-3341.6
"9300",-3328.179
"9301",-3583.093
"9302",-3396.959
"9303",-3355.059
"9304",-3416.244
"9305",-3198.2
"9306",-3486.088
"9307",-3455.609
"9308",-3247.069
"9309",-3502.933
"9310",-3349.336
"9311",-3244.137
"9312",-3302.147
"9313",-3419.61
"9314",-3571.119
"9315",-3243.623
"9316",-3296.391
"9317",-3091.328
"9318",-3481.166
"9319",-3118.854
"9320",-3298.174
"9321",-3220.194
"9322",-3328.541
"9323",-3433.872
"9324",-3384.574
"9325",-3385.148
"9326",-3253.231
"9327",-3365.167
"9328",-3221.395
"9329",-3454.031
"9330",-3574.075
"9331",-3241.702
"9332",-3374.503
"9333",-3304.656
"9334",-3221.131
"9335",-3458.765
"9336",-3230.399
"9337",-3358.758
"9338",-3278.043
"9339",-3315.004
"9340",-3337.536
"9341",-3462.41
"9342",-3338.225
"9343",-3295.188
"9344",-3586.212
"9345",-3652.428
"9346",-3600.797
"9347",-3385.072
"9348",-3279.227
"9349",-3234.959
"9350",-3305.409
"9351",-3552.145
"9352",-3046.051
"9353",-3388.583
"9354",-3210.891
"9355",-3466.852
"9356",-3250.143
"9357",-3359.43
"9358",-3372.468
"9359",-3449.342
"9360",-3208.729
"9361",-3268.202
"9362",-3196.146
"9363",-3122.756
"9364",-3053.204
"9365",-3411.009
"9366",-3297.569
"9367",-3452.877
"9368",-3518.147
"9369",-3564.019
"9370",-3378.86
"9371",-3120.767
"9372",-3226.121
"9373",-3466.976
"9374",-3506.011
"9375",-3494.551
"9376",-3499.115
"9377",-3133.073
"9378",-3413.155
"9379",-3450.944
"9380",-3548.995
"9381",-3287.789
"9382",-3145.341
"9383",-3215.905
"9384",-3354.585
"9385",-3364.844
"9386",-3411.176
"9387",-3335.681
"9388",-3372.323
"9389",-3544.305
"9390",-3415.721
"9391",-3284.315
"9392",-3483.971
"9393",-3388.182
"9394",-3251.779
"9395",-3237.893
"9396",-3435.003
"9397",-3559.68
"9398",-3234.626
"9399",-3473.927
"9400",-3433.325
"9401",-3577.109
"9402",-3215.682
"9403",-3427.485
"9404",-3062.175
"9405",-3289.798
"9406",-3431.047
"9407",-3108.137
"9408",-3295.91
"9409",-3436.454
"9410",-3368.03
"9411",-3335.941
"9412",-3231.808
"9413",-3406.421
"9414",-3421.446
"9415",-3243.807
"9416",-3362.156
"9417",-3260.008
"9418",-3193.866
"9419",-3425.098
"9420",-3371.242
"9421",-3462.602
"9422",-3429.628
"9423",-3482.129
"9424",-3260.127
"9425",-3401.555
"9426",-3195.618
"9427",-3359.354
"9428",-3376.273
"9429",-3370.326
"9430",-3052.798
"9431",-3302.977
"9432",-3418.829
"9433",-3421.466
"9434",-3506.817
"9435",-3404.341
"9436",-3277.936
"9437",-3352.196
"9438",-3368.396
"9439",-3257.336
"9440",-3430.025
"9441",-3458.624
"9442",-3394.007
"9443",-3269.647
"9444",-3256.244
"9445",-3347.944
"9446",-3323.549
"9447",-3590.498
"9448",-3264.902
"9449",-3160.374
"9450",-3490.035
"9451",-3214.718
"9452",-3151.148
"9453",-3509.287
"9454",-3367.629
"9455",-3473.153
"9456",-3027.579
"9457",-3324.888
"9458",-3496.405
"9459",-3270.069
"9460",-3294.308
"9461",-3348.621
"9462",-3359.645
"9463",-3125.342
"9464",-3338.837
"9465",-3369.649
"9466",-3359.625
"9467",-3284.328
"9468",-3412.423
"9469",-3319.054
"9470",-3175.987
"9471",-3440.148
"9472",-3446.991
"9473",-3427.817
"9474",-3486.075
"9475",-3070.604
"9476",-3231.16
"9477",-3282.815
"9478",-3396.508
"9479",-3448.049
"9480",-3471.96
"9481",-3534.973
"9482",-3189.289
"9483",-3290.269
"9484",-3098.332
"9485",-3312.023
"9486",-3070.271
"9487",-3393.35
"9488",-3514.481
"9489",-3313.386
"9490",-3507.862
"9491",-3477.172
"9492",-3550.15
"9493",-3343.239
"9494",-3511.406
"9495",-3556.164
"9496",-3376.929
"9497",-3417.275
"9498",-3439.28
"9499",-3379.987
"9500",-3375.444
"9501",-3438.067
"9502",-3367.158
"9503",-3199.373
"9504",-3289.182
"9505",-3382.048
"9506",-3477.669
"9507",-3284.211
"9508",-3482.394
"9509",-3235.12
"9510",-3292.657
"9511",-3340.692
"9512",-3278.007
"9513",-3500.54
"9514",-3352.142
"9515",-3218.866
"9516",-3351.345
"9517",-3412.154
"9518",-3225.561
"9519",-3319.5
"9520",-3390.401
"9521",-3216.559
"9522",-3567.179
"9523",-3549.192
"9524",-3312.605
"9525",-3228.201
"9526",-3251.62
"9527",-3161.725
"9528",-3285.763
"9529",-3234.834
"9530",-3385.558
"9531",-3107.334
"9532",-3193.306
"9533",-3428.191
"9534",-3510.611
"9535",-3389.734
"9536",-3292.16
"9537",-3619.115
"9538",-3407.075
"9539",-3599.606
"9540",-3318.839
"9541",-3456.446
"9542",-3279.276
"9543",-3421.631
"9544",-3440.358
"9545",-3276.879
"9546",-3485.555
"9547",-3344.008
"9548",-3316.299
"9549",-3295.596
"9550",-3331.753
"9551",-3492.63
"9552",-3409.915
"9553",-3191.973
"9554",-3327.464
"9555",-3339.686
"9556",-3353.153
"9557",-3528.87
"9558",-3397.116
"9559",-3426.419
"9560",-3143.945
"9561",-3178.185
"9562",-3380.374
"9563",-3502.634
"9564",-3196.073
"9565",-3250.184
"9566",-3584.196
"9567",-3397.536
"9568",-3327.193
"9569",-3255.556
"9570",-3599.689
"9571",-3438.46
"9572",-3326.575
"9573",-3380.147
"9574",-3341.86
"9575",-3377.366
"9576",-3499.763
"9577",-3247.587
"9578",-3305.961
"9579",-3382.154
"9580",-3353.454
"9581",-3245.441
"9582",-3224.266
"9583",-3422.814
"9584",-3341.902
"9585",-3361.839
"9586",-3438.38
"9587",-3535.645
"9588",-3242.73
"9589",-3252.605
"9590",-3333.244
"9591",-3462.515
"9592",-3290.148
"9593",-3404.365
"9594",-3312.292
"9595",-3240.505
"9596",-3375.611
"9597",-3252.675
"9598",-3484.349
"9599",-3223.892
"9600",-3243.581
"9601",-3165.419
"9602",-3222.293
"9603",-3419.932
"9604",-3449.507
"9605",-3519.804
"9606",-3409.739
"9607",-3480.699
"9608",-3350.634
"9609",-3269.193
"9610",-3484.827
"9611",-3699.455
"9612",-3116.328
"9613",-3328.487
"9614",-3308.977
"9615",-3225.259
"9616",-3257.828
"9617",-3080.738
"9618",-3507.523
"9619",-3319.369
"9620",-3450.272
"9621",-3193.138
"9622",-3287.423
"9623",-3387.353
"9624",-3492.379
"9625",-3378.973
"9626",-3516.374
"9627",-3285.212
"9628",-3439.117
"9629",-3346.445
"9630",-3389.499
"9631",-3524.021
"9632",-3358.293
"9633",-3402.389
"9634",-3425.395
"9635",-3424.579
"9636",-3390.127
"9637",-3458.905
"9638",-3327.22
"9639",-3408.378
"9640",-3266.734
"9641",-3427.647
"9642",-3143.49
"9643",-3138.347
"9644",-3395.481
"9645",-3382.988
"9646",-3208.347
"9647",-3517.062
"9648",-3260.603
"9649",-3311.819
"9650",-3528.246
"9651",-3248.998
"9652",-3161.927
"9653",-3367.167
"9654",-3303.106
"9655",-3343.802
"9656",-3271.55
"9657",-3373.261
"9658",-3256.398
"9659",-3537.862
"9660",-3419.3
"9661",-3298.116
"9662",-3454.672
"9663",-3509.365
"9664",-3407.158
"9665",-3223.04
"9666",-3287.904
"9667",-3165.227
"9668",-3395.986
"9669",-3392.728
"9670",-3400.202
"9671",-3400.582
"9672",-3426.534
"9673",-3372.08
"9674",-3194.684
"9675",-3358.788
"9676",-3415.79
"9677",-3414.739
"9678",-3333.239
"9679",-3505.656
"9680",-3260.08
"9681",-3477.455
"9682",-3243.315
"9683",-3312.586
"9684",-3198.629
"9685",-3293.983
"9686",-3430.606
"9687",-3384.477
"9688",-3277.549
"9689",-3422.883
"9690",-3368.439
"9691",-3268.55
"9692",-3557.703
"9693",-3210.538
"9694",-3426.645
"9695",-3142.865
"9696",-3441.985
"9697",-3473.206
"9698",-3372.402
"9699",-3223.014
"9700",-3243.417
"9701",-3571.589
"9702",-3311.332
"9703",-3269.08
"9704",-3260.619
"9705",-3051.565
"9706",-3363.187
"9707",-3384.035
"9708",-3433.867
"9709",-3309.186
"9710",-3326.724
"9711",-3375.048
"9712",-3312.951
"9713",-3511.879
"9714",-3071.365
"9715",-3214.069
"9716",-3481.083
"9717",-3329.607
"9718",-3294.561
"9719",-3198.929
"9720",-3409.656
"9721",-3350.327
"9722",-3256.447
"9723",-3220.779
"9724",-3543.911
"9725",-3209.694
"9726",-3263.264
"9727",-3235.073
"9728",-3441.645
"9729",-3334.747
"9730",-3387.156
"9731",-3452.749
"9732",-3169.933
"9733",-3314.034
"9734",-3130.924
"9735",-3266.425
"9736",-3463.087
"9737",-3358.602
"9738",-3415.764
"9739",-3582.817
"9740",-3343.025
"9741",-3405.409
"9742",-3171.085
"9743",-3341.889
"9744",-3269.597
"9745",-3124.739
"9746",-3412.921
"9747",-3379.856
"9748",-3365.267
"9749",-3091.566
"9750",-3418.086
"9751",-3426.798
"9752",-3407.564
"9753",-3207.468
"9754",-3118.539
"9755",-3317.241
"9756",-3236.474
"9757",-3200.14
"9758",-3363.62
"9759",-3460.041
"9760",-3245.606
"9761",-3207.546
"9762",-3462.516
"9763",-3392.399
"9764",-3425.114
"9765",-3520.999
"9766",-3273.363
"9767",-3299.867
"9768",-3439.397
"9769",-3455.779
"9770",-3286.994
"9771",-3367.275
"9772",-3221.859
"9773",-3295.059
"9774",-3171.071
"9775",-3428.533
"9776",-3378.61
"9777",-3259.146
"9778",-3388.891
"9779",-3293.653
"9780",-3147.755
"9781",-3326.889
"9782",-3292.701
"9783",-3369.13
"9784",-3210.506
"9785",-3385.817
"9786",-3329.769
"9787",-3290.651
"9788",-3234.536
"9789",-3496.539
"9790",-3533.219
"9791",-3277.784
"9792",-3528.621
"9793",-3178.805
"9794",-3456.938
"9795",-3360.233
"9796",-3205.339
"9797",-3214.075
"9798",-3348.424
"9799",-3491.319
"9800",-3391.897
"9801",-3481.702
"9802",-3679.433
"9803",-3629.073
"9804",-3256.06
"9805",-3367.265
"9806",-3277.192
"9807",-3275.067
"9808",-3317.924
"9809",-3560.702
"9810",-3335.916
"9811",-3351.216
"9812",-3335.454
"9813",-3311.73
"9814",-3508.393
"9815",-3491.417
"9816",-3267.6
"9817",-3290.383
"9818",-3464.74
"9819",-3484.403
"9820",-3054.282
"9821",-3320.764
"9822",-3317.906
"9823",-3318.607
"9824",-3422.214
"9825",-3296.928
"9826",-3314.661
"9827",-3431.008
"9828",-3202.991
"9829",-3213.647
"9830",-3286.537
"9831",-3346.809
"9832",-3312.18
"9833",-3298.167
"9834",-3444.559
"9835",-3378.733
"9836",-3097.198
"9837",-3085.117
"9838",-3346.229
"9839",-3108.56
"9840",-3540.769
"9841",-3234.82
"9842",-3312.614
"9843",-3419.89
"9844",-3248.283
"9845",-3122.388
"9846",-3338.074
"9847",-3187.049
"9848",-3526.2
"9849",-3181.149
"9850",-3443.924
"9851",-3395.054
"9852",-3390.945
"9853",-3342.273
"9854",-3266.699
"9855",-3324.772
"9856",-3519.524
"9857",-3380.606
"9858",-3192.068
"9859",-3316.109
"9860",-3410.019
"9861",-3507.217
"9862",-3518.35
"9863",-3333.227
"9864",-3212.727
"9865",-3451.369
"9866",-3227.522
"9867",-3332.37
"9868",-3492.815
"9869",-3287.321
"9870",-3465.243
"9871",-3475.213
"9872",-3355.107
"9873",-3399.526
"9874",-3186.429
"9875",-3487.041
"9876",-3503.133
"9877",-3184.689
"9878",-3447.857
"9879",-3475.725
"9880",-3388.81
"9881",-3260.068
"9882",-3413.273
"9883",-3266.697
"9884",-3409.099
"9885",-3306.035
"9886",-3362.514
"9887",-3418.26
"9888",-3335.372
"9889",-3344.282
"9890",-3332.856
"9891",-3269.027
"9892",-3304.473
"9893",-3443.42
"9894",-3330.417
"9895",-3461.74
"9896",-3218.22
"9897",-3216.884
"9898",-3399.19
"9899",-3394.525
"9900",-3138.423
"9901",-3361.247
"9902",-3295.474
"9903",-3306.155
"9904",-3388.65
"9905",-3548.245
"9906",-3411.138
"9907",-3381.255
"9908",-3384.311
"9909",-3311.529
"9910",-3575.384
"9911",-3381.38
"9912",-3239.609
"9913",-3101.96
"9914",-3288.129
"9915",-3516.004
"9916",-3518.713
"9917",-3310.837
"9918",-3545.1
"9919",-3489.931
"9920",-3478.744
"9921",-3237.59
"9922",-3528.848
"9923",-3311.939
"9924",-3412.656
"9925",-3253.564
"9926",-3079.919
"9927",-3549.212
"9928",-3369.702
"9929",-3254.224
"9930",-3468.831
"9931",-3306.966
"9932",-3289.137
"9933",-3412.547
"9934",-3327.094
"9935",-3074.931
"9936",-3261.763
"9937",-3348.366
"9938",-3393.483
"9939",-3708.604
"9940",-3271.927
"9941",-3074.853
"9942",-3442.981
"9943",-3278.261
"9944",-3420.376
"9945",-3485.369
"9946",-3373.796
"9947",-3423.923
"9948",-3599.506
"9949",-3377.871
"9950",-3301.003
"9951",-3187.498
"9952",-3625.712
"9953",-3334.72
"9954",-3389.966
"9955",-3449.75
"9956",-3254.491
"9957",-3310.33
"9958",-3394.562
"9959",-3500.33
"9960",-3530.843
"9961",-3382.578
"9962",-3226.768
"9963",-3281.333
"9964",-3163.906
"9965",-3404.269
"9966",-3687.294
"9967",-3339.068
"9968",-3557.003
"9969",-3115.935
"9970",-3064.787
"9971",-3456.931
"9972",-3287.696
"9973",-3476.594
"9974",-3319.588
"9975",-3314.009
"9976",-3255.291
"9977",-3476.784
"9978",-3578.953
"9979",-3208.384
"9980",-3416.195
"9981",-3486.392
"9982",-3366.039
"9983",-3556.77
"9984",-3454.01
"9985",-3348.861
"9986",-3285.395
"9987",-3364.269
"9988",-3268.801
"9989",-3211.485
"9990",-3489.82
"9991",-3264.208
"9992",-3373.091
"9993",-3415.952
"9994",-3191.762
"9995",-3281.939
"9996",-3397.438
"9997",-3387.396
"9998",-3311.516
"9999",-3231.534
"10000",-3459.141
