"","x"
"1",-1663.55
"2",-3256.604
"3",-547.42
"4",-2472.897
"5",-1268.531
"6",-3484.865
"7",-2521.187
"8",-626.478
"9",-1758.438
"10",-662.84
"11",-3385.08
"12",-3088.248
"13",-5502.466
"14",-6030.089
"15",-1797.39
"16",-788.774
"17",-2141.544
"18",-2406.15
"19",-897.681
"20",-5617.1
"21",-1874.994
"22",-3028.287
"23",-1169.951
"24",-2200.684
"25",-2397.793
"26",-4019.9
"27",-881.472
"28",-3294.608
"29",-928.131
"30",-4947.268
"31",-2431.387
"32",-547.233
"33",-2874.064
"34",-6877.014
"35",-3687.997
"36",-1589.15
"37",-783.51
"38",-2288.284
"39",-683.483
"40",-1442.595
"41",-2773.254
"42",-2130.24
"43",-1221.251
"44",-1896.616
"45",-1995.596
"46",-2932.293
"47",-5468.634
"48",-1347.358
"49",-2198.309
"50",-1459.48
"51",-2033.122
"52",-787.957
"53",-833.89
"54",-1362.072
"55",-2004.019
"56",-2883.797
"57",-1378.615
"58",-9997.058
"59",-1864.843
"60",-1127.037
"61",-1347.952
"62",-2803.95
"63",-2838.19
"64",-5936.024
"65",-2814.433
"66",-1717.671
"67",-640.974
"68",-1878.134
"69",-3140.171
"70",-3820.064
"71",-1535.488
"72",-1538.222
"73",-2102.173
"74",-3353.855
"75",-2585.001
"76",-2159.522
"77",-1344.466
"78",-1212.242
"79",-3130.794
"80",-6981.818
"81",-2864.01
"82",-1102.524
"83",-3336.023
"84",-2188.619
"85",-600.428
"86",-2065.805
"87",-2868.9
"88",-4768.815
"89",-4763.434
"90",-1500.396
"91",-1912.535
"92",-1212.923
"93",-1277.941
"94",-949.894
"95",-2097.422
"96",-2538.726
"97",-1888.585
"98",-2789.645
"99",-5644.288
"100",-2014.288
"101",-6649.044
"102",-2069.97
"103",-1174.941
"104",-2901.808
"105",-944.113
"106",-2827.135
"107",-2211.465
"108",-1975.33
"109",-767.185
"110",-2646.446
"111",-3556.072
"112",-5682.815
"113",-1737.775
"114",-824.67
"115",-3854.06
"116",-4573.156
"117",-996.895
"118",-3524.104
"119",-3018.909
"120",-733.189
"121",-1021.108
"122",-8748.599
"123",-965.876
"124",-1248.163
"125",-5663.413
"126",-1080.636
"127",-4892.102
"128",-3732.808
"129",-1228.59
"130",-2970.939
"131",-2260.132
"132",-9447.526
"133",-929.528
"134",-2561.863
"135",-2579.457
"136",-1965.243
"137",-2473.098
"138",-2605.641
"139",-1395.349
"140",-1860.662
"141",-1230.345
"142",-2563.262
"143",-1504.079
"144",-1094.242
"145",-571.969
"146",-1849.634
"147",-658.979
"148",-1327.396
"149",-4808.885
"150",-1627.288
"151",-3349.877
"152",-1249.436
"153",-3405.255
"154",-2831.917
"155",-1135.917
"156",-3181.941
"157",-817.243
"158",-1017.044
"159",-4244.834
"160",-1600.677
"161",-1601.832
"162",-2407.652
"163",-5388.289
"164",-2340.238
"165",-5044.299
"166",-1505.084
"167",-1057.636
"168",-2746.083
"169",-6582.186
"170",-956.543
"171",-613.338
"172",-2889.493
"173",-932.31
"174",-4986.058
"175",-2645.854
"176",-7969.032
"177",-933.668
"178",-4680.622
"179",-784.885
"180",-3414.805
"181",-1606.841
"182",-1306.077
"183",-4628.375
"184",-2034.179
"185",-2748.525
"186",-1855.338
"187",-4387.538
"188",-2152.284
"189",-1950.522
"190",-1305.7
"191",-2232.528
"192",-1199.948
"193",-4746.724
"194",-4805.56
"195",-2576.854
"196",-552.907
"197",-393.559
"198",-913.617
"199",-832.504
"200",-3535.226
"201",-3517.279
"202",-6276.447
"203",-3672.245
"204",-1954.986
"205",-1637.899
"206",-950.327
"207",-2518.186
"208",-1822.184
"209",-1327.424
"210",-1260.492
"211",-917.05
"212",-4885.887
"213",-730.827
"214",-2644.983
"215",-5311.454
"216",-3744.169
"217",-592.557
"218",-5152.128
"219",-3842.379
"220",-1391.246
"221",-1002.094
"222",-6436.3
"223",-4879.407
"224",-2625.343
"225",-3257.857
"226",-2163.212
"227",-1944.643
"228",-2471.717
"229",-4282.135
"230",-2534.356
"231",-763.994
"232",-6327.336
"233",-2894.435
"234",-1143.385
"235",-2357.207
"236",-2991.988
"237",-2990.349
"238",-3885.582
"239",-2962.468
"240",-2134.111
"241",-1804.61
"242",-1190.958
"243",-2172.898
"244",-7476.593
"245",-1535.551
"246",-2720.974
"247",-3195.689
"248",-1968.664
"249",-7467.665
"250",-5404.829
"251",-749.211
"252",-2408.253
"253",-7193.24
"254",-2500.314
"255",-3088.307
"256",-3303.079
"257",-2885.735
"258",-4755.029
"259",-1551.974
"260",-3221.339
"261",-2657.928
"262",-1799.827
"263",-895.765
"264",-1718.877
"265",-8583.728
"266",-2128.426
"267",-4158.029
"268",-1001.4
"269",-3563.913
"270",-3306.266
"271",-3895.56
"272",-3360.479
"273",-3567.675
"274",-1859.797
"275",-1175.955
"276",-691.099
"277",-2534.841
"278",-1152.727
"279",-5170.594
"280",-2975.371
"281",-2301.524
"282",-4560.921
"283",-4583.25
"284",-2005.533
"285",-1642.138
"286",-3113.056
"287",-770.662
"288",-1435.735
"289",-6448.938
"290",-2404.714
"291",-946.01
"292",-780.826
"293",-3930.751
"294",-2094.079
"295",-1503.415
"296",-1641.613
"297",-2691.517
"298",-1440.481
"299",-2174.342
"300",-2198.121
"301",-2386.056
"302",-671.307
"303",-1986.166
"304",-1196.032
"305",-2208.969
"306",-1947.061
"307",-2380.938
"308",-2303.59
"309",-3021.318
"310",-753.127
"311",-2051.308
"312",-4436.199
"313",-2567.391
"314",-4546.972
"315",-2430.356
"316",-6844.441
"317",-3227.903
"318",-2899.055
"319",-1783.815
"320",-4607.8
"321",-3858.815
"322",-1533.674
"323",-776.167
"324",-1224.802
"325",-3314.076
"326",-1613.977
"327",-377.449
"328",-1420.7
"329",-9868.166
"330",-3021.261
"331",-3408.362
"332",-954.827
"333",-3422.075
"334",-1376.511
"335",-1477.59
"336",-651.126
"337",-2051.125
"338",-2528.251
"339",-3898.088
"340",-2740.784
"341",-7274.746
"342",-3519.914
"343",-2508.912
"344",-1049.54
"345",-3190.929
"346",-6567.357
"347",-2422.736
"348",-2488.283
"349",-2110.986
"350",-3063.397
"351",-2050.2
"352",-1734.712
"353",-1725.037
"354",-2334.933
"355",-2015.983
"356",-1655.646
"357",-5897.075
"358",-2400.101
"359",-3394.044
"360",-1917.364
"361",-4519.806
"362",-744.263
"363",-2176.98
"364",-3996.192
"365",-876.136
"366",-2030.876
"367",-2487.384
"368",-8688.148
"369",-1258.524
"370",-2564.515
"371",-4458.365
"372",-3947.396
"373",-1933.637
"374",-2073.097
"375",-1259.178
"376",-4552.43
"377",-1973.244
"378",-797.587
"379",-927.432
"380",-3003.779
"381",-1032.361
"382",-2656.986
"383",-1581.351
"384",-3554.747
"385",-5430.222
"386",-2310.115
"387",-5292.356
"388",-1744.259
"389",-1538.845
"390",-794.456
"391",-644.412
"392",-1557.801
"393",-1288.597
"394",-2599.83
"395",-5178.389
"396",-4227.777
"397",-2690.981
"398",-2497.52
"399",-1117.274
"400",-1529.211
"401",-2589.766
"402",-2336.017
"403",-1253.896
"404",-2496.714
"405",-1755.355
"406",-12317.03
"407",-2846.881
"408",-3970.722
"409",-5801.406
"410",-3734.701
"411",-4895.443
"412",-2029.274
"413",-2088.578
"414",-7295.748
"415",-2397.657
"416",-3461.065
"417",-5829.096
"418",-684.765
"419",-1569.402
"420",-2277.689
"421",-1368.333
"422",-1205.275
"423",-1100.106
"424",-967.894
"425",-6322.673
"426",-1462.571
"427",-1504.469
"428",-1644.211
"429",-5394.923
"430",-1325.954
"431",-2672.026
"432",-2243.437
"433",-1568.79
"434",-1219.599
"435",-4385.181
"436",-2790.756
"437",-2654.927
"438",-2939.098
"439",-7140.496
"440",-4389.209
"441",-1574.16
"442",-755.023
"443",-2185.8
"444",-6333.901
"445",-20271.641
"446",-1667.989
"447",-2599.936
"448",-734.969
"449",-1725.882
"450",-3520.821
"451",-4654.466
"452",-1620.768
"453",-3830.942
"454",-4238.454
"455",-886.006
"456",-1110.965
"457",-1694.897
"458",-612.683
"459",-2550.432
"460",-684.416
"461",-2448.808
"462",-2940.771
"463",-2060.695
"464",-4320.712
"465",-904.708
"466",-1198.665
"467",-2129.076
"468",-1452.521
"469",-3546.902
"470",-2794.548
"471",-2575.581
"472",-2926.519
"473",-1129.367
"474",-2222.444
"475",-2657.596
"476",-940.677
"477",-3456.744
"478",-862.687
"479",-825.357
"480",-4347.952
"481",-1771.698
"482",-4958.471
"483",-2820.617
"484",-1050.457
"485",-1329.595
"486",-1318.759
"487",-5178.449
"488",-2810.975
"489",-3274.502
"490",-1274.051
"491",-2179.542
"492",-2157.112
"493",-2169.058
"494",-1042.613
"495",-846.925
"496",-1513.884
"497",-809.14
"498",-5436.143
"499",-3335.926
"500",-2896.76
"501",-768.306
"502",-2807.751
"503",-1196.083
"504",-2746.229
"505",-1905.371
"506",-2471.97
"507",-1786.432
"508",-671.263
"509",-2052.547
"510",-4384.995
"511",-11315.309
"512",-5961.126
"513",-2308.426
"514",-492.437
"515",-3292.185
"516",-1873.586
"517",-1672.167
"518",-3152.48
"519",-1083.307
"520",-2524.251
"521",-4683.164
"522",-4983.904
"523",-5761.458
"524",-895.863
"525",-2636.088
"526",-1888.719
"527",-4291.135
"528",-1789.657
"529",-6086.614
"530",-4563.838
"531",-1716.178
"532",-2377.725
"533",-6251.183
"534",-3187.97
"535",-2107.861
"536",-1935.418
"537",-5078.932
"538",-1662.564
"539",-6031.358
"540",-959.132
"541",-1176.632
"542",-1553.051
"543",-1902.61
"544",-2189.383
"545",-947.026
"546",-2753.353
"547",-2318.164
"548",-925.073
"549",-4604.496
"550",-2190.663
"551",-709.46
"552",-2756.237
"553",-3234.472
"554",-652.674
"555",-4028.15
"556",-6391.157
"557",-2702.051
"558",-11124.554
"559",-2489.964
"560",-2814.732
"561",-2194.611
"562",-2394.996
"563",-4031.741
"564",-2786.3
"565",-1244.587
"566",-2801.531
"567",-4865.359
"568",-4451.927
"569",-5321.148
"570",-3736.563
"571",-1895.196
"572",-2985.481
"573",-617.752
"574",-684.876
"575",-3510.891
"576",-2966.482
"577",-2352.376
"578",-2912.75
"579",-1014.36
"580",-1254.861
"581",-846.045
"582",-481.163
"583",-1048.644
"584",-2025.223
"585",-1089.822
"586",-2584.96
"587",-2512.542
"588",-1709.686
"589",-2843.246
"590",-3409.101
"591",-4017.253
"592",-2043.386
"593",-2734.67
"594",-2357.106
"595",-2526.949
"596",-4109.208
"597",-1253.919
"598",-2128.928
"599",-3101.484
"600",-2498.644
"601",-1002.068
"602",-1672.165
"603",-2184.374
"604",-4119.112
"605",-2917.387
"606",-1470.937
"607",-3738.539
"608",-4335.566
"609",-3206.202
"610",-2575.333
"611",-742.848
"612",-7555.73
"613",-3463.887
"614",-1329.439
"615",-3229.213
"616",-1723.125
"617",-5930.906
"618",-5740.488
"619",-1607.578
"620",-3854.372
"621",-1048.209
"622",-6128.374
"623",-1763.988
"624",-5404.355
"625",-2381.9
"626",-1641.248
"627",-1039.431
"628",-6478.742
"629",-2429.032
"630",-2232.792
"631",-7368.195
"632",-4956.53
"633",-1969.819
"634",-3586.563
"635",-2371.686
"636",-1721.856
"637",-1369.879
"638",-1943.283
"639",-1509.61
"640",-3766.875
"641",-1429.945
"642",-3416.891
"643",-1348.437
"644",-1917.496
"645",-910.646
"646",-808.394
"647",-884.639
"648",-552.438
"649",-995.979
"650",-1742.321
"651",-2805.541
"652",-2668.015
"653",-1905.522
"654",-3056.112
"655",-2893.462
"656",-2438.369
"657",-6159.548
"658",-1465.994
"659",-1467.171
"660",-7212.771
"661",-1386.048
"662",-730.191
"663",-2042.852
"664",-1394.56
"665",-1544.52
"666",-4501.46
"667",-5682.565
"668",-5654.332
"669",-1415.444
"670",-1631.172
"671",-2256.296
"672",-2227.33
"673",-1485.543
"674",-1729.137
"675",-1241.615
"676",-1507.973
"677",-1156.272
"678",-738.32
"679",-1675.36
"680",-1690.046
"681",-1376.411
"682",-5438.874
"683",-1779.447
"684",-1728.385
"685",-2292.924
"686",-2610.556
"687",-1201.384
"688",-12026.777
"689",-2805.889
"690",-2399.498
"691",-1732.485
"692",-3282.315
"693",-746.467
"694",-2789.772
"695",-2504.96
"696",-970.256
"697",-3122.578
"698",-3364.354
"699",-1744.751
"700",-706.142
"701",-3117.399
"702",-1805.499
"703",-2477.2
"704",-4835.482
"705",-4655.347
"706",-4439.926
"707",-1291.772
"708",-4726.099
"709",-7017.938
"710",-1399.964
"711",-1460.582
"712",-1639.993
"713",-2974.265
"714",-1231.442
"715",-6037.351
"716",-2318.025
"717",-1957.707
"718",-1728.816
"719",-3451.23
"720",-1190.958
"721",-3324.389
"722",-6429.743
"723",-8967.98
"724",-3119.697
"725",-1372.872
"726",-1607.259
"727",-3232.119
"728",-1665.656
"729",-3398.802
"730",-2375.036
"731",-2208.439
"732",-2761.159
"733",-912.09
"734",-2216.017
"735",-6059.648
"736",-2269.764
"737",-1876.448
"738",-1400.918
"739",-1495.844
"740",-1876.555
"741",-3220.992
"742",-3280.248
"743",-10556.843
"744",-902.632
"745",-862.396
"746",-643.712
"747",-894.592
"748",-6813.787
"749",-1050.019
"750",-2408.97
"751",-1056.387
"752",-4318.026
"753",-1099.599
"754",-6597.16
"755",-2591.61
"756",-5831.207
"757",-1712.763
"758",-1383.515
"759",-1123.701
"760",-2359.342
"761",-5359.882
"762",-4477.218
"763",-1144.094
"764",-1441.7
"765",-4143.693
"766",-4151.48
"767",-2476.099
"768",-1250.909
"769",-2905.676
"770",-4464.077
"771",-847.988
"772",-4492.302
"773",-1753.249
"774",-2492.579
"775",-1187.485
"776",-1078.325
"777",-11323.533
"778",-3026.761
"779",-2860.512
"780",-4538.848
"781",-1439.535
"782",-3567.544
"783",-9319.808
"784",-1605.926
"785",-3453.346
"786",-3928.325
"787",-2017.156
"788",-1432.149
"789",-3623.447
"790",-2369.585
"791",-4473.067
"792",-1971.399
"793",-2417.87
"794",-2510.779
"795",-702.828
"796",-4070.791
"797",-891.821
"798",-1439.698
"799",-3317.599
"800",-1836.786
"801",-1434.816
"802",-1404.224
"803",-3836.553
"804",-1131.261
"805",-1294.226
"806",-3193.935
"807",-2949.885
"808",-3169.664
"809",-3047.262
"810",-4756.808
"811",-6467.525
"812",-7342.442
"813",-4602.307
"814",-1735.835
"815",-1030.238
"816",-4157.631
"817",-3072.531
"818",-8231.666
"819",-3633.551
"820",-5168.779
"821",-2454.373
"822",-6314.946
"823",-2471.575
"824",-885.402
"825",-1707.466
"826",-2747.159
"827",-4752.845
"828",-993.84
"829",-424.285
"830",-1161.74
"831",-1603.89
"832",-1727.175
"833",-3006.146
"834",-1644.971
"835",-415.728
"836",-2370.232
"837",-1000.231
"838",-5207.036
"839",-1251.672
"840",-1759.102
"841",-705.207
"842",-3315.145
"843",-4573.373
"844",-7209.511
"845",-1696.563
"846",-1974.548
"847",-2050.894
"848",-1989.386
"849",-779.294
"850",-1880.969
"851",-1374.655
"852",-1430.456
"853",-4485.513
"854",-1660.972
"855",-6858.772
"856",-2088.884
"857",-1374.58
"858",-2348.352
"859",-1174.735
"860",-3813.875
"861",-8220.751
"862",-3014.293
"863",-4700.76
"864",-2381.914
"865",-2167.828
"866",-525.049
"867",-4440.141
"868",-1720.449
"869",-2945.757
"870",-2572.372
"871",-4161.728
"872",-2274.829
"873",-2691.689
"874",-2823.723
"875",-2413.602
"876",-2190.333
"877",-795.836
"878",-5018.872
"879",-855.355
"880",-3630.339
"881",-1110.395
"882",-3932.436
"883",-3775.363
"884",-3741.572
"885",-1127.005
"886",-8021.945
"887",-598.368
"888",-1363.757
"889",-6936.808
"890",-2254.472
"891",-1063.663
"892",-4714.373
"893",-1373.531
"894",-776.067
"895",-481.548
"896",-1068.35
"897",-1638.742
"898",-3464.922
"899",-1571.644
"900",-2195.729
"901",-1023.01
"902",-1195.274
"903",-3253.687
"904",-2121
"905",-2053.313
"906",-4514.69
"907",-917.165
"908",-2781.649
"909",-3357.392
"910",-3833.856
"911",-1911.771
"912",-5155.642
"913",-783.895
"914",-1556.194
"915",-12706.264
"916",-3039.6
"917",-6608.72
"918",-2303.319
"919",-1606.323
"920",-3928.384
"921",-3809.174
"922",-754.339
"923",-727.512
"924",-6873.041
"925",-1667.177
"926",-5340.576
"927",-3225.52
"928",-6829.563
"929",-3658.238
"930",-739.721
"931",-1689.249
"932",-1695.408
"933",-1748.456
"934",-2503.196
"935",-4177.421
"936",-2223.443
"937",-768.684
"938",-2068.937
"939",-2931.11
"940",-6570.996
"941",-1747.99
"942",-3717.578
"943",-1640.381
"944",-5643.337
"945",-3689.299
"946",-3130.3
"947",-778.209
"948",-2640.378
"949",-1311.55
"950",-2144.525
"951",-671.29
"952",-361.022
"953",-1727.601
"954",-1394.76
"955",-2924.474
"956",-782.557
"957",-1382.144
"958",-2172.347
"959",-684.04
"960",-1175.104
"961",-1107.994
"962",-1027.221
"963",-2716.177
"964",-1951.541
"965",-2719.011
"966",-4954.013
"967",-3490.52
"968",-4077.111
"969",-2665.329
"970",-4557.461
"971",-2236.568
"972",-5533.688
"973",-1142.194
"974",-3942.536
"975",-954.859
"976",-595.779
"977",-1352.844
"978",-4384.345
"979",-1326.164
"980",-3944.169
"981",-10735.157
"982",-6558.598
"983",-539.034
"984",-3076.99
"985",-1778.663
"986",-2512.728
"987",-2549.132
"988",-939.675
"989",-578.052
"990",-1627.274
"991",-1889.894
"992",-1240.66
"993",-3712.703
"994",-1389.535
"995",-3184.853
"996",-426.838
"997",-1911.568
"998",-1396.517
"999",-1615.981
"1000",-8352.618
"1001",-3079.94
"1002",-3998.053
"1003",-1468.185
"1004",-1299.076
"1005",-1946.935
"1006",-2769.828
"1007",-1431.564
"1008",-933.313
"1009",-1956.313
"1010",-1751.882
"1011",-683.651
"1012",-2465.792
"1013",-1295.668
"1014",-2754.787
"1015",-1476.658
"1016",-1728.745
"1017",-4974.463
"1018",-6633.916
"1019",-4223.642
"1020",-4925.542
"1021",-988.316
"1022",-6706.316
"1023",-2685.846
"1024",-3722.167
"1025",-1322.666
"1026",-2023.52
"1027",-2888.305
"1028",-5283.675
"1029",-14452.484
"1030",-1364.657
"1031",-581.962
"1032",-986.82
"1033",-2048.45
"1034",-614.86
"1035",-2361.985
"1036",-3569.079
"1037",-1575.638
"1038",-6639.799
"1039",-3872.743
"1040",-4723.094
"1041",-3635.53
"1042",-4085.363
"1043",-5457.343
"1044",-1285.63
"1045",-4834.27
"1046",-1932.991
"1047",-2855.549
"1048",-6261.817
"1049",-3845.141
"1050",-1840.475
"1051",-2024.96
"1052",-558.205
"1053",-595.188
"1054",-766.005
"1055",-1181.562
"1056",-684.201
"1057",-1365.266
"1058",-966.27
"1059",-3047.289
"1060",-3247.734
"1061",-750.092
"1062",-2025.674
"1063",-679.639
"1064",-1580.252
"1065",-1015.372
"1066",-2964.334
"1067",-1719.777
"1068",-2963.16
"1069",-2695.128
"1070",-1125.239
"1071",-2119.641
"1072",-1898.804
"1073",-3702.746
"1074",-1640.787
"1075",-2510.841
"1076",-1951.889
"1077",-972.113
"1078",-3960.123
"1079",-646.798
"1080",-3018.334
"1081",-2266.834
"1082",-1246.764
"1083",-1757.92
"1084",-2139.782
"1085",-2886.644
"1086",-2093.914
"1087",-2374.872
"1088",-724.769
"1089",-1845.628
"1090",-3057.868
"1091",-3681.506
"1092",-5919.401
"1093",-982.53
"1094",-3388.307
"1095",-1725.045
"1096",-3287.521
"1097",-1720.447
"1098",-878.549
"1099",-2477.364
"1100",-1479.786
"1101",-959.997
"1102",-1156.701
"1103",-1269.428
"1104",-2535.381
"1105",-1394.197
"1106",-2932.975
"1107",-1463.991
"1108",-1292.007
"1109",-1368.662
"1110",-547.999
"1111",-3175.385
"1112",-3240.056
"1113",-983.121
"1114",-3030.8
"1115",-2891.131
"1116",-1214.778
"1117",-1174.46
"1118",-2494.298
"1119",-1773.531
"1120",-3170.137
"1121",-1996.716
"1122",-1181.75
"1123",-683.026
"1124",-927.74
"1125",-413.48
"1126",-826.731
"1127",-1597.235
"1128",-1582.005
"1129",-3212.791
"1130",-1665.581
"1131",-2895.106
"1132",-2144.48
"1133",-1286.249
"1134",-803.125
"1135",-1147.511
"1136",-1763.041
"1137",-2587.881
"1138",-2576.341
"1139",-840.231
"1140",-1145.318
"1141",-3144.39
"1142",-1209.614
"1143",-5628.578
"1144",-1419.426
"1145",-716.726
"1146",-3948.235
"1147",-1979.142
"1148",-7889.515
"1149",-4524.763
"1150",-4467.403
"1151",-3604.984
"1152",-1913.899
"1153",-2238.095
"1154",-2443.655
"1155",-1346.769
"1156",-4375.714
"1157",-4155.397
"1158",-4887.629
"1159",-2014.724
"1160",-4549.666
"1161",-960.584
"1162",-7801.472
"1163",-1253.784
"1164",-3046.574
"1165",-5028.959
"1166",-3716.562
"1167",-9627.83
"1168",-2930.598
"1169",-649.685
"1170",-1433.456
"1171",-536.695
"1172",-429.976
"1173",-5559.823
"1174",-3242.632
"1175",-2697.108
"1176",-1577.337
"1177",-2832.573
"1178",-4913.261
"1179",-825.521
"1180",-1166.414
"1181",-1092.661
"1182",-4665.684
"1183",-3387.119
"1184",-1572.518
"1185",-6987.5
"1186",-3454.73
"1187",-595.908
"1188",-5791.017
"1189",-2226.077
"1190",-1802.608
"1191",-3019.314
"1192",-889.751
"1193",-771.914
"1194",-6587.471
"1195",-3795.666
"1196",-6509.94
"1197",-5396.272
"1198",-1813.418
"1199",-2148.567
"1200",-933.645
"1201",-2444.833
"1202",-2683.016
"1203",-1014.699
"1204",-4570.055
"1205",-3850.059
"1206",-5281.48
"1207",-571.582
"1208",-2830.112
"1209",-2044.878
"1210",-2861.733
"1211",-489.385
"1212",-3331.43
"1213",-4445.075
"1214",-1305.464
"1215",-1135.55
"1216",-2382.615
"1217",-2585.983
"1218",-901.613
"1219",-1590.748
"1220",-527.786
"1221",-6236.951
"1222",-1327.341
"1223",-6323.282
"1224",-3445.97
"1225",-2191.182
"1226",-2476.91
"1227",-2737.299
"1228",-835.286
"1229",-3318.5
"1230",-1607.814
"1231",-2278.109
"1232",-4071.662
"1233",-7299.196
"1234",-4788.584
"1235",-3137.319
"1236",-2236.489
"1237",-2466.873
"1238",-1520.399
"1239",-1124.649
"1240",-1593.088
"1241",-9850.882
"1242",-2153.332
"1243",-2365.235
"1244",-4542.624
"1245",-1320.448
"1246",-4100.12
"1247",-3753.055
"1248",-2262.521
"1249",-2228.606
"1250",-1665.474
"1251",-3070.768
"1252",-12802.936
"1253",-6870.087
"1254",-1453.289
"1255",-2581.407
"1256",-1128.339
"1257",-834.239
"1258",-1851.184
"1259",-2093.15
"1260",-1090.408
"1261",-6743.581
"1262",-1038.9
"1263",-967.363
"1264",-2896.319
"1265",-1252.148
"1266",-1889.706
"1267",-1405.646
"1268",-675.6
"1269",-873.824
"1270",-2584.93
"1271",-2128.438
"1272",-2567.024
"1273",-3868.345
"1274",-1613.976
"1275",-629.672
"1276",-1876.732
"1277",-2213.12
"1278",-678.495
"1279",-5487.507
"1280",-1574.972
"1281",-2337.485
"1282",-909.34
"1283",-3250.422
"1284",-2243.654
"1285",-1183.034
"1286",-2948.965
"1287",-2273.998
"1288",-1715.058
"1289",-740.415
"1290",-1584.649
"1291",-7470.616
"1292",-2340.93
"1293",-9361.311
"1294",-9963.379
"1295",-2919.206
"1296",-1216.09
"1297",-2006.961
"1298",-2710.263
"1299",-1264.141
"1300",-3093.893
"1301",-1104.794
"1302",-742.287
"1303",-3325.176
"1304",-1005.547
"1305",-3555.957
"1306",-4695.402
"1307",-3089.691
"1308",-774.894
"1309",-2561.239
"1310",-1349.724
"1311",-969.212
"1312",-1505.545
"1313",-927.104
"1314",-2847.005
"1315",-7840.956
"1316",-994.681
"1317",-563.133
"1318",-2484.022
"1319",-642.612
"1320",-3279.157
"1321",-2169.592
"1322",-4435.779
"1323",-3880.212
"1324",-1571.132
"1325",-948.382
"1326",-2812.615
"1327",-2444.824
"1328",-1407.052
"1329",-3887.893
"1330",-3071.449
"1331",-2214.593
"1332",-2645.275
"1333",-1248.695
"1334",-761.53
"1335",-1183.856
"1336",-2467.926
"1337",-781.215
"1338",-714.88
"1339",-3570.401
"1340",-2770.08
"1341",-1015.824
"1342",-4468.909
"1343",-1170.729
"1344",-1074.285
"1345",-1962.952
"1346",-1071.974
"1347",-3625.677
"1348",-3654.095
"1349",-2242.283
"1350",-1078.017
"1351",-2463.365
"1352",-1349.177
"1353",-824.71
"1354",-3159.934
"1355",-5587.994
"1356",-4511.529
"1357",-7446.527
"1358",-1968.139
"1359",-1244.802
"1360",-1150.852
"1361",-1231.364
"1362",-954.198
"1363",-894.416
"1364",-3382.23
"1365",-820.776
"1366",-683.611
"1367",-3783.331
"1368",-5455.771
"1369",-2936.062
"1370",-4736.771
"1371",-760.946
"1372",-705.003
"1373",-1079.14
"1374",-3657.534
"1375",-1025.998
"1376",-3073.893
"1377",-5218.274
"1378",-2473.642
"1379",-983.238
"1380",-1910.465
"1381",-1898.315
"1382",-559.897
"1383",-1697.342
"1384",-809.693
"1385",-1470.709
"1386",-1185.207
"1387",-2100.734
"1388",-1933.33
"1389",-419.196
"1390",-1265.197
"1391",-1652.284
"1392",-979.498
"1393",-2415.532
"1394",-3492.475
"1395",-2279.212
"1396",-898.278
"1397",-1757.734
"1398",-1543.946
"1399",-1660.377
"1400",-474.405
"1401",-1827.665
"1402",-1938.409
"1403",-1802.421
"1404",-3668.304
"1405",-1368.986
"1406",-1587.537
"1407",-2545.92
"1408",-2409.133
"1409",-4240.785
"1410",-727.563
"1411",-1325.303
"1412",-5649.484
"1413",-1801.095
"1414",-3563.607
"1415",-2283.46
"1416",-3188.537
"1417",-4327.627
"1418",-2915.059
"1419",-3975.714
"1420",-1555.066
"1421",-2074.903
"1422",-1040.812
"1423",-2363.432
"1424",-3977.574
"1425",-1005.539
"1426",-1928.028
"1427",-1075.887
"1428",-4016.434
"1429",-4694.305
"1430",-2124.978
"1431",-3855.236
"1432",-1598.329
"1433",-3699.523
"1434",-1130.423
"1435",-2215.668
"1436",-1338.165
"1437",-1232.933
"1438",-8091.059
"1439",-1968.121
"1440",-778.4
"1441",-847.833
"1442",-1876.598
"1443",-592.475
"1444",-2045.065
"1445",-3373.359
"1446",-8590.305
"1447",-2990.401
"1448",-2141.329
"1449",-2388.399
"1450",-7044.199
"1451",-2584.761
"1452",-1243.639
"1453",-2470.371
"1454",-2623.358
"1455",-1505.76
"1456",-1288.842
"1457",-5399.101
"1458",-5030.941
"1459",-3972.117
"1460",-908.707
"1461",-1334.038
"1462",-5037.644
"1463",-2940.202
"1464",-3491.504
"1465",-1778.767
"1466",-3698.829
"1467",-2670.348
"1468",-3386.284
"1469",-4557.938
"1470",-4705.688
"1471",-7619.07
"1472",-4657.944
"1473",-4342.092
"1474",-2095.421
"1475",-9497.349
"1476",-894.923
"1477",-1952.599
"1478",-5486.17
"1479",-494.75
"1480",-4120.007
"1481",-1822.696
"1482",-1339.451
"1483",-1688.345
"1484",-8456.899
"1485",-668.718
"1486",-1241.469
"1487",-6357.582
"1488",-3714.422
"1489",-1658.463
"1490",-1121.236
"1491",-1626.851
"1492",-1920.576
"1493",-7483.604
"1494",-4838.242
"1495",-2489.456
"1496",-1608.467
"1497",-2420.596
"1498",-6851.354
"1499",-1582.217
"1500",-6616.771
"1501",-437.393
"1502",-9995.627
"1503",-1857.294
"1504",-1932.967
"1505",-4155.629
"1506",-4609.586
"1507",-2395.716
"1508",-3656.947
"1509",-3811.184
"1510",-3213.383
"1511",-4862.216
"1512",-1039.859
"1513",-5009.9
"1514",-1365.808
"1515",-2395.65
"1516",-2631.711
"1517",-6531.515
"1518",-1843.501
"1519",-3591.149
"1520",-3981.602
"1521",-7160.755
"1522",-692.281
"1523",-2960.516
"1524",-2574.225
"1525",-2628.759
"1526",-3222.072
"1527",-1472.034
"1528",-4533.095
"1529",-2337.892
"1530",-5820.324
"1531",-645.078
"1532",-5070.666
"1533",-1458.667
"1534",-3472.563
"1535",-1653.812
"1536",-6724.63
"1537",-1388.38
"1538",-6156.485
"1539",-2308.88
"1540",-2783.163
"1541",-2600.43
"1542",-7163.11
"1543",-2344.894
"1544",-1411.764
"1545",-1484.773
"1546",-2579.412
"1547",-1580.896
"1548",-1770.037
"1549",-788.394
"1550",-2182.803
"1551",-517.969
"1552",-2443.329
"1553",-2867.894
"1554",-1660.317
"1555",-3621.23
"1556",-4219.367
"1557",-632.934
"1558",-1492.692
"1559",-1420.345
"1560",-5803.492
"1561",-1060.084
"1562",-2104.155
"1563",-3568.945
"1564",-1933.905
"1565",-2643.199
"1566",-2046.491
"1567",-3134.132
"1568",-2712.677
"1569",-1483.535
"1570",-4971.686
"1571",-2266.397
"1572",-4678.778
"1573",-4459.829
"1574",-3343.493
"1575",-1298.315
"1576",-974.157
"1577",-423.317
"1578",-5175.167
"1579",-5517.507
"1580",-782.231
"1581",-2000.041
"1582",-2079.821
"1583",-3680.427
"1584",-5442.006
"1585",-4197.98
"1586",-3292.978
"1587",-6445.755
"1588",-799.108
"1589",-1418.169
"1590",-798.493
"1591",-5793.586
"1592",-2790.794
"1593",-860.325
"1594",-3169.83
"1595",-1685.218
"1596",-4745.64
"1597",-1889.078
"1598",-881.502
"1599",-895.677
"1600",-1007.106
"1601",-1362.88
"1602",-1531.343
"1603",-9703.935
"1604",-961.658
"1605",-996.11
"1606",-7046.673
"1607",-2809.126
"1608",-460.543
"1609",-3122.025
"1610",-772.409
"1611",-2560.812
"1612",-921.716
"1613",-1668.334
"1614",-707.186
"1615",-1310.587
"1616",-2814.474
"1617",-5063.571
"1618",-5635.207
"1619",-3644.738
"1620",-2254.78
"1621",-686.698
"1622",-3487.648
"1623",-3980.275
"1624",-674.961
"1625",-1716.557
"1626",-471.108
"1627",-1736.276
"1628",-2512.599
"1629",-2471.792
"1630",-3051.597
"1631",-1920.393
"1632",-4570.537
"1633",-7674.522
"1634",-3955.434
"1635",-1710.329
"1636",-1353.308
"1637",-800.035
"1638",-1806.906
"1639",-5128.59
"1640",-3964.513
"1641",-6715.505
"1642",-505.391
"1643",-4242.369
"1644",-2971.108
"1645",-2316.231
"1646",-599.813
"1647",-7950.432
"1648",-4239.185
"1649",-5593.797
"1650",-1007.451
"1651",-5365.697
"1652",-1913.812
"1653",-874.385
"1654",-1686.759
"1655",-6858.895
"1656",-1496.552
"1657",-14232.715
"1658",-3279.176
"1659",-1245.267
"1660",-562.229
"1661",-5599.737
"1662",-1955.404
"1663",-579.423
"1664",-13490.051
"1665",-1050.251
"1666",-2471.416
"1667",-3339.665
"1668",-3309.344
"1669",-852.216
"1670",-2655.992
"1671",-7079.33
"1672",-6210.094
"1673",-3904.179
"1674",-3060.399
"1675",-2346.64
"1676",-1528.653
"1677",-1959.288
"1678",-3279.142
"1679",-6363.612
"1680",-2089.565
"1681",-4917.338
"1682",-910.651
"1683",-5820.261
"1684",-9524.254
"1685",-6659.042
"1686",-757.598
"1687",-2833.899
"1688",-3576.598
"1689",-4821.841
"1690",-8480.999
"1691",-17798.701
"1692",-2040.693
"1693",-2182.421
"1694",-6140.742
"1695",-6974.184
"1696",-3329.068
"1697",-3790.747
"1698",-2319.316
"1699",-16585.856
"1700",-3580.603
"1701",-1553.775
"1702",-9609.426
"1703",-9781.613
"1704",-1080.955
"1705",-3209.411
"1706",-1866.019
"1707",-1867.695
"1708",-2585.859
"1709",-1015.472
"1710",-2958.718
"1711",-1682.561
"1712",-923.394
"1713",-7215.424
"1714",-1372.274
"1715",-1770.257
"1716",-574.846
"1717",-9323.385
"1718",-1227.532
"1719",-3012.803
"1720",-1669.777
"1721",-1095.686
"1722",-5496.568
"1723",-10577.928
"1724",-1032.826
"1725",-573.119
"1726",-1618.173
"1727",-713.744
"1728",-5725.514
"1729",-4708.218
"1730",-2010.455
"1731",-3364.076
"1732",-2028.337
"1733",-3878.732
"1734",-3472.617
"1735",-3606.301
"1736",-2186.923
"1737",-1017.542
"1738",-470.281
"1739",-2436.767
"1740",-4111.786
"1741",-2671.192
"1742",-2597.181
"1743",-2803.293
"1744",-2386.161
"1745",-7308.203
"1746",-1245.576
"1747",-488.535
"1748",-2050.364
"1749",-2537.792
"1750",-2346.602
"1751",-11965.27
"1752",-1597.243
"1753",-7789.784
"1754",-2852.944
"1755",-948.35
"1756",-1486.893
"1757",-7042.137
"1758",-1662.801
"1759",-1613.295
"1760",-3307.049
"1761",-3918.152
"1762",-4672.075
"1763",-1284.896
"1764",-3633.797
"1765",-3330.347
"1766",-7254.672
"1767",-3388.117
"1768",-2618.499
"1769",-1333.391
"1770",-1090.586
"1771",-3987.804
"1772",-3646.939
"1773",-1112.736
"1774",-2219.634
"1775",-4232.636
"1776",-1118.204
"1777",-2068.787
"1778",-1320.591
"1779",-1541.949
"1780",-5044.503
"1781",-1826.865
"1782",-4356.991
"1783",-5450.173
"1784",-1685.04
"1785",-2040.467
"1786",-1427.448
"1787",-2488.817
"1788",-5251.748
"1789",-1877.909
"1790",-1974.73
"1791",-673.971
"1792",-824.292
"1793",-2678.07
"1794",-3012.957
"1795",-2103.221
"1796",-3491.257
"1797",-2447.022
"1798",-729.158
"1799",-1926.248
"1800",-2710.684
"1801",-2225.001
"1802",-1703.745
"1803",-1227.868
"1804",-1249.62
"1805",-1250.629
"1806",-2805.118
"1807",-1623.328
"1808",-4378.473
"1809",-458.475
"1810",-2634.223
"1811",-5279.055
"1812",-3312.07
"1813",-3883.958
"1814",-703.971
"1815",-2456.057
"1816",-1203.174
"1817",-1547.825
"1818",-4878.367
"1819",-1312.382
"1820",-1881.452
"1821",-1217.289
"1822",-3930.936
"1823",-3580.065
"1824",-1935.219
"1825",-3312.653
"1826",-3228.211
"1827",-2713.972
"1828",-1633.136
"1829",-1285.089
"1830",-1566.822
"1831",-800.944
"1832",-1541.817
"1833",-1660.676
"1834",-2073.582
"1835",-1914.704
"1836",-2352.338
"1837",-1919.399
"1838",-1555.321
"1839",-1788.929
"1840",-1201.756
"1841",-2584.824
"1842",-3091.441
"1843",-3834.865
"1844",-2421.083
"1845",-1577.602
"1846",-3740.638
"1847",-3304.142
"1848",-6675.386
"1849",-4196.365
"1850",-901.24
"1851",-9806.194
"1852",-640.917
"1853",-2760.248
"1854",-1808.848
"1855",-770.96
"1856",-2836.326
"1857",-2109.571
"1858",-1611.31
"1859",-3028.159
"1860",-1710.298
"1861",-2142.336
"1862",-1677.362
"1863",-785.526
"1864",-6068.404
"1865",-1421.436
"1866",-1613.779
"1867",-10749.77
"1868",-498.224
"1869",-2664.147
"1870",-6276.776
"1871",-1457.391
"1872",-5568.344
"1873",-2770.515
"1874",-2384.753
"1875",-3050.131
"1876",-2043.07
"1877",-4345.005
"1878",-740.638
"1879",-1312.085
"1880",-2012.654
"1881",-2243.507
"1882",-996.237
"1883",-2863.084
"1884",-2898.43
"1885",-2776.638
"1886",-1218.358
"1887",-1510.812
"1888",-1626.734
"1889",-22518.874
"1890",-945.91
"1891",-2764.163
"1892",-2218.848
"1893",-1323.219
"1894",-1322.362
"1895",-800.227
"1896",-2174.828
"1897",-2507.157
"1898",-2559.541
"1899",-2249.955
"1900",-1891.277
"1901",-1541.102
"1902",-1713.512
"1903",-1285.599
"1904",-2582.608
"1905",-1905.873
"1906",-3859.747
"1907",-2378.398
"1908",-492.741
"1909",-1175.141
"1910",-1010.981
"1911",-12707.105
"1912",-5332.455
"1913",-555.872
"1914",-1941.476
"1915",-2834.476
"1916",-2937.174
"1917",-2897.085
"1918",-955.604
"1919",-3533.183
"1920",-4185.442
"1921",-3124.882
"1922",-6877.132
"1923",-1065.83
"1924",-2847.63
"1925",-1757.197
"1926",-1374.619
"1927",-3452.247
"1928",-2997.588
"1929",-4504.399
"1930",-1354.153
"1931",-1541.596
"1932",-3919.131
"1933",-752.095
"1934",-1791.742
"1935",-663.955
"1936",-4143.187
"1937",-1140.762
"1938",-1988.609
"1939",-1078.704
"1940",-2589.354
"1941",-1102.074
"1942",-3482.039
"1943",-3140.628
"1944",-3345.39
"1945",-4736.485
"1946",-2869.689
"1947",-1371.684
"1948",-2818.626
"1949",-3724.322
"1950",-3112.406
"1951",-955.17
"1952",-776.996
"1953",-2349.771
"1954",-879.178
"1955",-1567.211
"1956",-2237.398
"1957",-6624.068
"1958",-2481.15
"1959",-2630.352
"1960",-1413.216
"1961",-1326.881
"1962",-2043.428
"1963",-515.069
"1964",-4214.638
"1965",-5040.218
"1966",-6445.704
"1967",-4800.301
"1968",-533.306
"1969",-1715.61
"1970",-1880.33
"1971",-2791.631
"1972",-10833.573
"1973",-2568.627
"1974",-5159.826
"1975",-7084.79
"1976",-1418.078
"1977",-2606.495
"1978",-1885.414
"1979",-3031.895
"1980",-3952.773
"1981",-4475.728
"1982",-1956.773
"1983",-1704.096
"1984",-2607.073
"1985",-1930.406
"1986",-1493.689
"1987",-1199.629
"1988",-4275.309
"1989",-1343.305
"1990",-4697.175
"1991",-4326.679
"1992",-1040.535
"1993",-8170.586
"1994",-1901.836
"1995",-1621.183
"1996",-5260.138
"1997",-2248.706
"1998",-2103.64
"1999",-946.516
"2000",-879.545
"2001",-2597.294
"2002",-3027.903
"2003",-409.236
"2004",-4273.606
"2005",-1785.391
"2006",-676.638
"2007",-1968.66
"2008",-2390.262
"2009",-2598.657
"2010",-3935.111
"2011",-1078.649
"2012",-2861.29
"2013",-1109.829
"2014",-1061.743
"2015",-2393.59
"2016",-3535.441
"2017",-841.264
"2018",-5343.129
"2019",-2541.598
"2020",-1865.752
"2021",-3093.545
"2022",-590.455
"2023",-4396.272
"2024",-921.737
"2025",-909.351
"2026",-906.811
"2027",-911.358
"2028",-927.098
"2029",-7219.832
"2030",-2272.634
"2031",-640.403
"2032",-7021.62
"2033",-2308.11
"2034",-5161.929
"2035",-2537.026
"2036",-4705.286
"2037",-2736.267
"2038",-3734.406
"2039",-604.239
"2040",-737.022
"2041",-1344.688
"2042",-3467.512
"2043",-17888.322
"2044",-5540.535
"2045",-1566.497
"2046",-663.123
"2047",-2106.098
"2048",-3762.826
"2049",-2300.546
"2050",-1542.563
"2051",-3804.868
"2052",-5589.125
"2053",-1178.452
"2054",-2013.161
"2055",-2389.69
"2056",-1772.443
"2057",-3444.081
"2058",-2642.846
"2059",-2888.328
"2060",-1751.861
"2061",-1701.474
"2062",-1118.476
"2063",-5069.405
"2064",-934.295
"2065",-1120.708
"2066",-719.7
"2067",-2697.074
"2068",-2474.226
"2069",-829.612
"2070",-1516.586
"2071",-2093.571
"2072",-3266.499
"2073",-2394.129
"2074",-1091.545
"2075",-3000.789
"2076",-4359.644
"2077",-5371.397
"2078",-5870.879
"2079",-4981.595
"2080",-2915.916
"2081",-3220.5
"2082",-2931.12
"2083",-5025.612
"2084",-2881.302
"2085",-1335.054
"2086",-832.528
"2087",-498.617
"2088",-1781.671
"2089",-554.178
"2090",-3467.674
"2091",-1123.769
"2092",-1794.875
"2093",-2550.461
"2094",-984.73
"2095",-1780.96
"2096",-696.057
"2097",-2180.311
"2098",-636.542
"2099",-7925.538
"2100",-2601.733
"2101",-4454.21
"2102",-4571.905
"2103",-4981.868
"2104",-3223.474
"2105",-959.251
"2106",-2345.252
"2107",-1814.312
"2108",-2128.387
"2109",-1125.383
"2110",-1813.663
"2111",-2510.238
"2112",-1561.639
"2113",-2515.304
"2114",-1766.173
"2115",-2382.699
"2116",-1123.337
"2117",-11382.902
"2118",-5612.51
"2119",-4797.181
"2120",-1644.778
"2121",-3722.751
"2122",-5420.374
"2123",-4171.602
"2124",-3407.944
"2125",-6059.312
"2126",-8578.97
"2127",-1442.754
"2128",-1487.003
"2129",-1433.109
"2130",-1529.976
"2131",-936.286
"2132",-1397.189
"2133",-3665.518
"2134",-3214.017
"2135",-2884.307
"2136",-4158.245
"2137",-1562.136
"2138",-2526.587
"2139",-3303.093
"2140",-2550.999
"2141",-6177.482
"2142",-2380.368
"2143",-2027.288
"2144",-2703.613
"2145",-1287.336
"2146",-2539.508
"2147",-2821.272
"2148",-1362.073
"2149",-4343.845
"2150",-3875.108
"2151",-6311.778
"2152",-1836.421
"2153",-1236
"2154",-632.623
"2155",-3869.17
"2156",-1386.348
"2157",-1692.891
"2158",-5656.893
"2159",-1823.472
"2160",-2890.339
"2161",-2835.235
"2162",-2699.71
"2163",-994.818
"2164",-2754.523
"2165",-1621.955
"2166",-6674.039
"2167",-1675.586
"2168",-1952.86
"2169",-1151.478
"2170",-2086.111
"2171",-715.464
"2172",-3207.878
"2173",-4815.057
"2174",-982.476
"2175",-746.628
"2176",-4990.405
"2177",-9432.807
"2178",-3091.662
"2179",-2087.999
"2180",-3608.051
"2181",-1976.902
"2182",-4966.464
"2183",-2274.636
"2184",-1279.399
"2185",-8282.187
"2186",-406.292
"2187",-7260.007
"2188",-1321.085
"2189",-1704.618
"2190",-2588.539
"2191",-2217.716
"2192",-1960.814
"2193",-1741.45
"2194",-1149.842
"2195",-5108.251
"2196",-1400.733
"2197",-2198.005
"2198",-2575.242
"2199",-512.993
"2200",-2509.968
"2201",-2954.584
"2202",-1612.172
"2203",-1604.131
"2204",-1229.049
"2205",-1844.422
"2206",-708.031
"2207",-2050.384
"2208",-1703.643
"2209",-1408.657
"2210",-2342.964
"2211",-924.411
"2212",-3729.727
"2213",-2818.704
"2214",-2495.812
"2215",-1151.028
"2216",-1073.405
"2217",-4133.884
"2218",-3236.851
"2219",-10447.393
"2220",-2166.827
"2221",-997.73
"2222",-2243.252
"2223",-14946.957
"2224",-1320.921
"2225",-12652.237
"2226",-1983.006
"2227",-3542.95
"2228",-4037.786
"2229",-1848.951
"2230",-1282.856
"2231",-1934.896
"2232",-543.974
"2233",-1039.727
"2234",-5027.127
"2235",-5756.34
"2236",-3669.854
"2237",-620.73
"2238",-3114.507
"2239",-1881.229
"2240",-2366.101
"2241",-8461.073
"2242",-1839.305
"2243",-2538.924
"2244",-4041.144
"2245",-4619.193
"2246",-1336.078
"2247",-1065.619
"2248",-2366.356
"2249",-4518.675
"2250",-519.833
"2251",-3836.115
"2252",-554.229
"2253",-3232.873
"2254",-2101.707
"2255",-851.153
"2256",-745.593
"2257",-826.998
"2258",-905.113
"2259",-3217.351
"2260",-3127.529
"2261",-797.671
"2262",-1822.357
"2263",-1757.714
"2264",-5788.723
"2265",-2851.604
"2266",-2027.426
"2267",-614.206
"2268",-1687.115
"2269",-4441.511
"2270",-2985.822
"2271",-1088.763
"2272",-1899.504
"2273",-3962.468
"2274",-3213.238
"2275",-4680.468
"2276",-4362.625
"2277",-845.716
"2278",-2538.565
"2279",-2379.676
"2280",-2588.487
"2281",-2551.371
"2282",-2346.532
"2283",-2398.589
"2284",-3002.882
"2285",-2491.962
"2286",-4856.427
"2287",-4137.861
"2288",-2537.122
"2289",-3331.174
"2290",-2273.721
"2291",-2776.244
"2292",-3696.291
"2293",-4130.824
"2294",-2118.28
"2295",-5412.018
"2296",-1604.592
"2297",-2125.838
"2298",-1889.134
"2299",-3055.677
"2300",-4983.197
"2301",-9171.617
"2302",-9415.988
"2303",-8467.26
"2304",-4925.385
"2305",-5156.969
"2306",-4823.155
"2307",-4081.625
"2308",-2520.247
"2309",-5914.932
"2310",-3066.236
"2311",-11244.187
"2312",-2097.945
"2313",-3871.274
"2314",-5725.977
"2315",-2638.644
"2316",-1052.954
"2317",-4116.594
"2318",-18918.913
"2319",-2543.721
"2320",-2380.856
"2321",-3644.09
"2322",-5091.71
"2323",-3223.314
"2324",-2403.388
"2325",-2706.333
"2326",-3505.735
"2327",-3346.399
"2328",-1538.535
"2329",-4877.545
"2330",-2779.316
"2331",-11420.544
"2332",-2595.51
"2333",-2031.856
"2334",-1674.589
"2335",-2558.082
"2336",-5282.705
"2337",-2384.867
"2338",-3014.828
"2339",-5068.564
"2340",-2421.248
"2341",-2574.224
"2342",-3516.594
"2343",-3122.086
"2344",-1264.231
"2345",-2841.056
"2346",-2636.03
"2347",-3042.548
"2348",-1934.062
"2349",-3990.238
"2350",-2699.165
"2351",-1181.457
"2352",-2593.07
"2353",-3288.682
"2354",-1374.355
"2355",-2285.847
"2356",-4069.29
"2357",-3651.943
"2358",-3390.045
"2359",-1541.853
"2360",-4553.312
"2361",-5530.486
"2362",-9126.111
"2363",-4593.871
"2364",-1370.238
"2365",-3437.802
"2366",-2646.752
"2367",-816.264
"2368",-999.273
"2369",-4693.56
"2370",-3154.94
"2371",-509.501
"2372",-2377.329
"2373",-2571.267
"2374",-5392.43
"2375",-1775.222
"2376",-2060.021
"2377",-2728.306
"2378",-6826.813
"2379",-4263.127
"2380",-7233.552
"2381",-1379.853
"2382",-2069.632
"2383",-2180.242
"2384",-3749.582
"2385",-2325.66
"2386",-967.681
"2387",-3974.543
"2388",-823.826
"2389",-1676.983
"2390",-4900.397
"2391",-2228.263
"2392",-1961.104
"2393",-1188.637
"2394",-4466.163
"2395",-3416.163
"2396",-2193.024
"2397",-3304.965
"2398",-3372.606
"2399",-4003.369
"2400",-6062.902
"2401",-3747.915
"2402",-5878.596
"2403",-1234.039
"2404",-1125.666
"2405",-8781.019
"2406",-5727.127
"2407",-1251.477
"2408",-4103.673
"2409",-2467.499
"2410",-3066.701
"2411",-3408.923
"2412",-2035.135
"2413",-32404.225
"2414",-2047.613
"2415",-7002.225
"2416",-1395.411
"2417",-4905.852
"2418",-3349.082
"2419",-7041.272
"2420",-2313.426
"2421",-3780.435
"2422",-3286.988
"2423",-4816.548
"2424",-2418.312
"2425",-6546.677
"2426",-7003.621
"2427",-5148.533
"2428",-4608.664
"2429",-4665.563
"2430",-3733.656
"2431",-9019.117
"2432",-2507.546
"2433",-2075.191
"2434",-1000.222
"2435",-12301.105
"2436",-2643.742
"2437",-5153.445
"2438",-5709.713
"2439",-5932.13
"2440",-7362.623
"2441",-4566.05
"2442",-3072.67
"2443",-4502.894
"2444",-2924.039
"2445",-3013.958
"2446",-2965.051
"2447",-3114.12
"2448",-2825.912
"2449",-4674.048
"2450",-10429.515
"2451",-4137.766
"2452",-996.873
"2453",-2930.885
"2454",-2817.167
"2455",-5035.017
"2456",-1288.908
"2457",-1925.241
"2458",-921.311
"2459",-11909.666
"2460",-1156.128
"2461",-3671.194
"2462",-5784.356
"2463",-3607.441
"2464",-4248.224
"2465",-2487.08
"2466",-2696.464
"2467",-1324.583
"2468",-2272.112
"2469",-3779.346
"2470",-1380.687
"2471",-3084.075
"2472",-2310.986
"2473",-2392.174
"2474",-5147.001
"2475",-818.188
"2476",-4141.188
"2477",-1917.88
"2478",-2990.692
"2479",-2841.356
"2480",-1505.357
"2481",-1933.519
"2482",-2118.682
"2483",-4215.998
"2484",-1304.561
"2485",-1610.39
"2486",-1823.266
"2487",-2619.963
"2488",-1522.84
"2489",-999.277
"2490",-1504.292
"2491",-3123.689
"2492",-7196.136
"2493",-4060.49
"2494",-2321.424
"2495",-2478.21
"2496",-2894.931
"2497",-3303.245
"2498",-2130.363
"2499",-3108.547
"2500",-2377.12
"2501",-2059.069
"2502",-3184.667
"2503",-3018.373
"2504",-2378.27
"2505",-4059.734
"2506",-3601.667
"2507",-3370.614
"2508",-2884.799
"2509",-3762.525
"2510",-3370.214
"2511",-4639.063
"2512",-4751.927
"2513",-3469.706
"2514",-2607.964
"2515",-1035.029
"2516",-1357.71
"2517",-3545.176
"2518",-2285.842
"2519",-2874.157
"2520",-1487.723
"2521",-1027.014
"2522",-2808.876
"2523",-4231.618
"2524",-3025.946
"2525",-3197.789
"2526",-2824.603
"2527",-2811.1
"2528",-3729.171
"2529",-2430.516
"2530",-1445.284
"2531",-1451.003
"2532",-4091.249
"2533",-3551.908
"2534",-3950.769
"2535",-3421.151
"2536",-3649.209
"2537",-3297.452
"2538",-3766.106
"2539",-4133.904
"2540",-1884.645
"2541",-2392.517
"2542",-2629.03
"2543",-2879.623
"2544",-3738.62
"2545",-1639.49
"2546",-977.844
"2547",-873.927
"2548",-2176
"2549",-2826.463
"2550",-3072.869
"2551",-2862.958
"2552",-2572.109
"2553",-3615.15
"2554",-3884.351
"2555",-4632.268
"2556",-5521.724
"2557",-3189.979
"2558",-3968.88
"2559",-4810.414
"2560",-5859.959
"2561",-5608.58
"2562",-9738.895
"2563",-7162.775
"2564",-4573.849
"2565",-5524.474
"2566",-1639.43
"2567",-4819.551
"2568",-5089.697
"2569",-6303.619
"2570",-1875.923
"2571",-4051.568
"2572",-2814.655
"2573",-2630.445
"2574",-3022.836
"2575",-3872.376
"2576",-1954.936
"2577",-8817.719
"2578",-17003.541
"2579",-5452.183
"2580",-4925.685
"2581",-1217.434
"2582",-1909.065
"2583",-3000.597
"2584",-2696.838
"2585",-2245.503
"2586",-4439.049
"2587",-4279.067
"2588",-1778.728
"2589",-866.097
"2590",-6227.818
"2591",-662.527
"2592",-2042.482
"2593",-1743.846
"2594",-2003.682
"2595",-877.361
"2596",-2713.513
"2597",-2381.333
"2598",-7463.734
"2599",-927.096
"2600",-953.024
"2601",-7212.419
"2602",-4266.254
"2603",-4081.48
"2604",-7059.106
"2605",-2920.316
"2606",-3644.443
"2607",-1434.24
"2608",-2932.295
"2609",-662.64
"2610",-5038.986
"2611",-1402.035
"2612",-2823.944
"2613",-1360.489
"2614",-3082.249
"2615",-3478.603
"2616",-2119.009
"2617",-2425.487
"2618",-2917.122
"2619",-4554.296
"2620",-2675.06
"2621",-2235.895
"2622",-2081.205
"2623",-952.898
"2624",-780.559
"2625",-616.396
"2626",-666.825
"2627",-2328.236
"2628",-817.635
"2629",-1488.671
"2630",-412.456
"2631",-1708.729
"2632",-1855.118
"2633",-1133.682
"2634",-2522.164
"2635",-2256.098
"2636",-2188.515
"2637",-802.291
"2638",-2757.065
"2639",-270.941
"2640",-812.906
"2641",-1270.863
"2642",-2851.045
"2643",-887.409
"2644",-2251.8
"2645",-412.762
"2646",-1027.692
"2647",-2273.965
"2648",-5685.346
"2649",-687.455
"2650",-621.617
"2651",-2728.15
"2652",-1306.736
"2653",-2743.649
"2654",-2686.399
"2655",-3422.536
"2656",-1767.656
"2657",-2321.136
"2658",-1903.351
"2659",-2734.834
"2660",-1397.823
"2661",-4256.451
"2662",-1896.966
"2663",-4983.492
"2664",-2319.549
"2665",-2401.738
"2666",-2239.602
"2667",-1080.326
"2668",-2896.412
"2669",-2789.512
"2670",-2742.029
"2671",-534.981
"2672",-1336.332
"2673",-2807.294
"2674",-1177.038
"2675",-2624.229
"2676",-7357.952
"2677",-10547.339
"2678",-2177.196
"2679",-1324.99
"2680",-1705.31
"2681",-2309.325
"2682",-1192.968
"2683",-2906.477
"2684",-2882.302
"2685",-4558.206
"2686",-2819.39
"2687",-2355.011
"2688",-5816.26
"2689",-2196.503
"2690",-2295.917
"2691",-1872.738
"2692",-4448.353
"2693",-919.077
"2694",-3210.711
"2695",-5682.997
"2696",-1504.821
"2697",-3688.077
"2698",-4003.132
"2699",-712.494
"2700",-1081.61
"2701",-2471.521
"2702",-1796.214
"2703",-1110.721
"2704",-3247.825
"2705",-1888.59
"2706",-2447.842
"2707",-3619.771
"2708",-1153.96
"2709",-542.367
"2710",-5369.736
"2711",-2124.492
"2712",-4235.533
"2713",-2992.111
"2714",-6691.215
"2715",-3443.884
"2716",-1838.569
"2717",-2010.515
"2718",-1362.288
"2719",-1865.742
"2720",-2673.103
"2721",-10573.799
"2722",-1949.54
"2723",-1730.369
"2724",-4158.506
"2725",-947.834
"2726",-2681.513
"2727",-1727.447
"2728",-1920.103
"2729",-2420.63
"2730",-2946.118
"2731",-3174.008
"2732",-1904.299
"2733",-1982.858
"2734",-1819.418
"2735",-2479.255
"2736",-2144.437
"2737",-2376.956
"2738",-3322.493
"2739",-890.857
"2740",-4522.196
"2741",-3200.928
"2742",-876.712
"2743",-5191.797
"2744",-297.249
"2745",-1574.349
"2746",-2140.84
"2747",-1065.178
"2748",-871.038
"2749",-12083.751
"2750",-1952.489
"2751",-9514.085
"2752",-3833.847
"2753",-1143.814
"2754",-1543.501
"2755",-2509.499
"2756",-546.883
"2757",-711.105
"2758",-1533.096
"2759",-1846.782
"2760",-3488.659
"2761",-936.115
"2762",-1357.36
"2763",-690.433
"2764",-1451.782
"2765",-1213.164
"2766",-2827.351
"2767",-10748.735
"2768",-4841.713
"2769",-6417.846
"2770",-3141.163
"2771",-5645.886
"2772",-2048.812
"2773",-6745.046
"2774",-835.194
"2775",-4467.228
"2776",-4919.923
"2777",-954.876
"2778",-2315.061
"2779",-1932.854
"2780",-2290.614
"2781",-2307.243
"2782",-1276.61
"2783",-1758.052
"2784",-1613.251
"2785",-6404.196
"2786",-2368.705
"2787",-16760.881
"2788",-2961.509
"2789",-1167.343
"2790",-2308.011
"2791",-2134.116
"2792",-2099.052
"2793",-1955.688
"2794",-3498.26
"2795",-13576.634
"2796",-6456.077
"2797",-2785.495
"2798",-1873.835
"2799",-5017.426
"2800",-4038.737
"2801",-4146.314
"2802",-2375.651
"2803",-1423.832
"2804",-2976.959
"2805",-973.64
"2806",-3037.75
"2807",-1521.642
"2808",-4839.631
"2809",-3719.58
"2810",-1423.795
"2811",-2333.168
"2812",-817.442
"2813",-733.548
"2814",-2549.431
"2815",-2121.693
"2816",-799.944
"2817",-1818.705
"2818",-4807.34
"2819",-2283.017
"2820",-587.985
"2821",-2286.957
"2822",-3873.915
"2823",-3145.726
"2824",-1212.522
"2825",-467.476
"2826",-4330.458
"2827",-2866.6
"2828",-1956.06
"2829",-2398.334
"2830",-1366.411
"2831",-396.318
"2832",-3671.74
"2833",-488.005
"2834",-2429.89
"2835",-2674.422
"2836",-2185.563
"2837",-1594.642
"2838",-1549.55
"2839",-1215.924
"2840",-6249.039
"2841",-2053.51
"2842",-2375.858
"2843",-1441.997
"2844",-3352.474
"2845",-1245.774
"2846",-1193.685
"2847",-1152.768
"2848",-5488.883
"2849",-3723.989
"2850",-2087.84
"2851",-1283.73
"2852",-2347.261
"2853",-1426.806
"2854",-1175.36
"2855",-3456.698
"2856",-2349.441
"2857",-1021.798
"2858",-2165.406
"2859",-1532.143
"2860",-3264.436
"2861",-2620.735
"2862",-1184.657
"2863",-2633.971
"2864",-4520.111
"2865",-1321.755
"2866",-3742.687
"2867",-2193.966
"2868",-2136.858
"2869",-5441.54
"2870",-3308.178
"2871",-1660.705
"2872",-3727.629
"2873",-2574.298
"2874",-2462.437
"2875",-3097.848
"2876",-753.817
"2877",-3908.619
"2878",-1784.521
"2879",-4821.318
"2880",-3083.722
"2881",-2267.324
"2882",-882.513
"2883",-1432.456
"2884",-1737.662
"2885",-990.178
"2886",-790.6
"2887",-1305.72
"2888",-1266.737
"2889",-611.156
"2890",-2559.459
"2891",-2066.244
"2892",-432.564
"2893",-553.318
"2894",-1296.734
"2895",-2577.305
"2896",-342.405
"2897",-5509.415
"2898",-2191.671
"2899",-1076.257
"2900",-560.48
"2901",-6514.898
"2902",-1906.936
"2903",-2374.915
"2904",-2748.838
"2905",-3423.315
"2906",-5458.128
"2907",-469.906
"2908",-1386.18
"2909",-817.569
"2910",-2269.723
"2911",-1105.481
"2912",-2021.482
"2913",-4275.875
"2914",-1311.393
"2915",-3374.818
"2916",-13380.539
"2917",-3476.853
"2918",-4148.459
"2919",-2906.162
"2920",-1663.427
"2921",-2405.901
"2922",-716.373
"2923",-7025.544
"2924",-3081.219
"2925",-2181.504
"2926",-2407.684
"2927",-4512.549
"2928",-1551.091
"2929",-1156.556
"2930",-1585.082
"2931",-895.299
"2932",-6166.683
"2933",-4063.665
"2934",-1589.065
"2935",-1526.58
"2936",-2344.34
"2937",-2689.471
"2938",-5246.658
"2939",-10629.113
"2940",-1672.766
"2941",-1554.704
"2942",-1035.81
"2943",-9297.388
"2944",-2048.783
"2945",-1533.942
"2946",-11674.887
"2947",-1773.683
"2948",-1599.29
"2949",-2305.072
"2950",-4626.662
"2951",-3879.072
"2952",-797.399
"2953",-748.13
"2954",-1582.814
"2955",-574.397
"2956",-8482.548
"2957",-674.046
"2958",-1225.782
"2959",-4968.933
"2960",-3470.832
"2961",-3208.069
"2962",-1795.028
"2963",-1772.096
"2964",-4995.629
"2965",-2536.291
"2966",-4202.48
"2967",-1703.104
"2968",-1848.3
"2969",-5013.404
"2970",-1968.027
"2971",-3223.023
"2972",-4076.236
"2973",-900.858
"2974",-2934.377
"2975",-367.027
"2976",-1661.406
"2977",-1961.831
"2978",-4262.523
"2979",-2474.424
"2980",-1995.98
"2981",-627.03
"2982",-3049.813
"2983",-3117.19
"2984",-6966.608
"2985",-451.827
"2986",-2489.717
"2987",-527.888
"2988",-6140.205
"2989",-1797.432
"2990",-973.469
"2991",-1629.075
"2992",-1230.886
"2993",-5908.672
"2994",-4149.392
"2995",-3771.961
"2996",-2745.897
"2997",-1898.45
"2998",-4323.193
"2999",-1940.601
"3000",-2417.03
"3001",-1027.79
"3002",-2040.159
"3003",-1138.937
"3004",-429.952
"3005",-663.693
"3006",-2767.351
"3007",-6049.681
"3008",-4006.186
"3009",-1882.922
"3010",-468.157
"3011",-2625.887
"3012",-1036.268
"3013",-2461.519
"3014",-4885.103
"3015",-1795.649
"3016",-2772.671
"3017",-4204.991
"3018",-2967.281
"3019",-2168.444
"3020",-2523.341
"3021",-740.266
"3022",-2197.501
"3023",-1569.554
"3024",-2079.85
"3025",-2083.676
"3026",-2046.453
"3027",-738.609
"3028",-2588.906
"3029",-2193.032
"3030",-3115.188
"3031",-6823.203
"3032",-3822.721
"3033",-1811.206
"3034",-1655.898
"3035",-3671.795
"3036",-1484.83
"3037",-4669.194
"3038",-987.686
"3039",-1333.026
"3040",-674.983
"3041",-3763.525
"3042",-4091.951
"3043",-3532.909
"3044",-1988.009
"3045",-945.574
"3046",-2114.023
"3047",-1778.611
"3048",-2736.58
"3049",-522.661
"3050",-12816.526
"3051",-2232.643
"3052",-12595.348
"3053",-2950.279
"3054",-2990.503
"3055",-1988.43
"3056",-1558.959
"3057",-2901.968
"3058",-2926.379
"3059",-1669.932
"3060",-468.716
"3061",-5661.997
"3062",-896.624
"3063",-3207.427
"3064",-1833.499
"3065",-3817.082
"3066",-996.293
"3067",-539.556
"3068",-3360.379
"3069",-6491.542
"3070",-3427.393
"3071",-3470.696
"3072",-3521.82
"3073",-2551.195
"3074",-5760.967
"3075",-4439.189
"3076",-1611.788
"3077",-5849.424
"3078",-619.784
"3079",-1861.864
"3080",-2110.606
"3081",-3317.958
"3082",-7756.865
"3083",-1285.334
"3084",-4795.356
"3085",-722.097
"3086",-6425.631
"3087",-1901.117
"3088",-3118.521
"3089",-3469.598
"3090",-4200.867
"3091",-1090.3
"3092",-1414.296
"3093",-984.374
"3094",-1814.924
"3095",-2654.06
"3096",-10687.171
"3097",-886.065
"3098",-4354.423
"3099",-968.831
"3100",-2646.109
"3101",-2479.674
"3102",-4505.513
"3103",-765.894
"3104",-2034.597
"3105",-7985.961
"3106",-1996.756
"3107",-2446.131
"3108",-676.614
"3109",-3712.103
"3110",-1198.454
"3111",-380.148
"3112",-439.411
"3113",-1360.436
"3114",-559.997
"3115",-1769.061
"3116",-2426.023
"3117",-2575.178
"3118",-3736.557
"3119",-6915.149
"3120",-2144.69
"3121",-2286.522
"3122",-517.249
"3123",-10345.228
"3124",-2433.484
"3125",-5167.658
"3126",-2616.626
"3127",-4515.397
"3128",-877.573
"3129",-3609.968
"3130",-1618.28
"3131",-5614.559
"3132",-2560.697
"3133",-4200.592
"3134",-2390.025
"3135",-1356.819
"3136",-1941.387
"3137",-2726.334
"3138",-6577.132
"3139",-1593.724
"3140",-1433.404
"3141",-1738.01
"3142",-876.332
"3143",-3894.687
"3144",-1774.069
"3145",-7395.919
"3146",-8770.088
"3147",-7807.889
"3148",-3788.063
"3149",-1686.585
"3150",-1952.614
"3151",-1649.834
"3152",-4467.55
"3153",-4736.733
"3154",-6286.625
"3155",-4359.921
"3156",-1083.984
"3157",-2995.571
"3158",-4383.949
"3159",-1357.082
"3160",-3595.452
"3161",-626.781
"3162",-6041.71
"3163",-5288.414
"3164",-3706.307
"3165",-3563.604
"3166",-2865.512
"3167",-2161.805
"3168",-1369.898
"3169",-3287.285
"3170",-1278.778
"3171",-3867.515
"3172",-1830.917
"3173",-2045.594
"3174",-2716.662
"3175",-1196.352
"3176",-1839.004
"3177",-4208.387
"3178",-1825.35
"3179",-1395.593
"3180",-701.457
"3181",-5296.193
"3182",-5249.9
"3183",-1062.686
"3184",-1962.875
"3185",-3342.476
"3186",-1388.476
"3187",-1117.762
"3188",-1806.891
"3189",-1351.218
"3190",-779.669
"3191",-573.462
"3192",-1621.79
"3193",-1194.724
"3194",-4066.577
"3195",-4639.667
"3196",-6630.539
"3197",-3276.367
"3198",-4509.047
"3199",-814.722
"3200",-1750.405
"3201",-2044.043
"3202",-2719.722
"3203",-3879.883
"3204",-839.853
"3205",-5278.747
"3206",-6853.784
"3207",-1405.839
"3208",-1846.368
"3209",-3856.811
"3210",-7067.124
"3211",-2586.477
"3212",-1775.647
"3213",-6624.527
"3214",-2905.028
"3215",-3080.552
"3216",-4016.14
"3217",-2025.524
"3218",-3217.406
"3219",-2947.041
"3220",-3598.525
"3221",-4787.143
"3222",-6267.816
"3223",-2976.268
"3224",-1186.942
"3225",-4909.116
"3226",-1889.487
"3227",-5666.192
"3228",-5436.021
"3229",-5908.88
"3230",-2929.752
"3231",-699.256
"3232",-2609.123
"3233",-4868.313
"3234",-6014.042
"3235",-2798.976
"3236",-3163.518
"3237",-1536.681
"3238",-2251.883
"3239",-2812.484
"3240",-2005.07
"3241",-2279.083
"3242",-1697.239
"3243",-2678.212
"3244",-2704.709
"3245",-2130.111
"3246",-2829.497
"3247",-2538.663
"3248",-2088.389
"3249",-4984.764
"3250",-1876.268
"3251",-4290.009
"3252",-2747.291
"3253",-4559.461
"3254",-3484.9
"3255",-4796.385
"3256",-2376.047
"3257",-2285.126
"3258",-1017.92
"3259",-2114.928
"3260",-2478.518
"3261",-2432.183
"3262",-2858.492
"3263",-4484.814
"3264",-1506.507
"3265",-1134.058
"3266",-915.53
"3267",-8138.132
"3268",-5615.87
"3269",-2154.257
"3270",-3315.191
"3271",-2647.209
"3272",-1949.377
"3273",-2627.714
"3274",-7296.334
"3275",-1548.555
"3276",-1303.293
"3277",-1479.839
"3278",-737.676
"3279",-1986.59
"3280",-5906.974
"3281",-1923.395
"3282",-1304.427
"3283",-3525.626
"3284",-4040.984
"3285",-2573.154
"3286",-1622.727
"3287",-1968.351
"3288",-2912.76
"3289",-5146.966
"3290",-3307.584
"3291",-3078.619
"3292",-2192.82
"3293",-6472.262
"3294",-4146.722
"3295",-2013.907
"3296",-3059.308
"3297",-3651.602
"3298",-2710.582
"3299",-2298.948
"3300",-3468.211
"3301",-3566.371
"3302",-2095.382
"3303",-9510.268
"3304",-4838.719
"3305",-2519.479
"3306",-2827.703
"3307",-2439.898
"3308",-830.797
"3309",-1745.864
"3310",-1845.716
"3311",-1139.499
"3312",-6079.98
"3313",-3664.995
"3314",-2585.409
"3315",-2475.887
"3316",-955.82
"3317",-894.961
"3318",-3677.633
"3319",-1695.899
"3320",-2571.929
"3321",-16242.46
"3322",-15896.487
"3323",-3691.451
"3324",-6884.097
"3325",-3990.3
"3326",-2532.57
"3327",-2506.884
"3328",-1947.077
"3329",-2466.623
"3330",-3466.716
"3331",-3300.332
"3332",-2707.686
"3333",-2395.713
"3334",-2534.883
"3335",-3020.339
"3336",-2849.761
"3337",-1904.208
"3338",-1007.787
"3339",-2903.021
"3340",-1135.425
"3341",-5338.051
"3342",-2738.399
"3343",-1616.349
"3344",-1773.576
"3345",-2554.221
"3346",-4187.295
"3347",-1407.21
"3348",-1731.269
"3349",-951.75
"3350",-8269.65
"3351",-2544.066
"3352",-4718.968
"3353",-1525.438
"3354",-2667.271
"3355",-3720.016
"3356",-2872.112
"3357",-2361.329
"3358",-2149.052
"3359",-2230.997
"3360",-5863.865
"3361",-3298.398
"3362",-1484.705
"3363",-3031.778
"3364",-3910.614
"3365",-1068.754
"3366",-3739.639
"3367",-4989.383
"3368",-1018.611
"3369",-1605.648
"3370",-2269.654
"3371",-3000.067
"3372",-3232.81
"3373",-997.016
"3374",-1342.267
"3375",-809.288
"3376",-1049.166
"3377",-887.644
"3378",-3921.53
"3379",-1154.436
"3380",-6296.602
"3381",-2162.595
"3382",-1621.332
"3383",-6528.224
"3384",-8436.554
"3385",-848.802
"3386",-766.365
"3387",-3468.636
"3388",-3237.109
"3389",-2290.132
"3390",-1229.979
"3391",-1631.294
"3392",-2509.997
"3393",-3237.005
"3394",-1174.477
"3395",-2601.761
"3396",-2955.599
"3397",-2510.51
"3398",-1435.255
"3399",-4283.742
"3400",-2856.286
"3401",-4181.157
"3402",-2144.395
"3403",-3964.755
"3404",-725.95
"3405",-2317.206
"3406",-1694.618
"3407",-6301.261
"3408",-3917.26
"3409",-4109.308
"3410",-1691.691
"3411",-1428.416
"3412",-1967.2
"3413",-2907.959
"3414",-1722.115
"3415",-2052.265
"3416",-1183.613
"3417",-1705.752
"3418",-5330.725
"3419",-5068.511
"3420",-1735.287
"3421",-996.677
"3422",-2439.1
"3423",-849.418
"3424",-1867.697
"3425",-1086.276
"3426",-4372.854
"3427",-2601.204
"3428",-796.519
"3429",-1993.189
"3430",-2706.489
"3431",-2080.458
"3432",-2313.562
"3433",-2402.576
"3434",-7157.643
"3435",-11491.299
"3436",-5082.246
"3437",-1336.497
"3438",-1174.24
"3439",-1368.566
"3440",-573.224
"3441",-636.349
"3442",-553.443
"3443",-3223.098
"3444",-2955.575
"3445",-3268.666
"3446",-7463.319
"3447",-892.581
"3448",-2510.072
"3449",-2364.956
"3450",-1045.242
"3451",-1891.854
"3452",-2859.826
"3453",-2499.854
"3454",-1491.698
"3455",-5731.414
"3456",-3543.081
"3457",-2140.424
"3458",-2653.262
"3459",-3373.204
"3460",-3162.751
"3461",-2394.657
"3462",-3516.688
"3463",-2951.276
"3464",-1295.294
"3465",-2838.246
"3466",-2598.426
"3467",-4176.239
"3468",-1025.592
"3469",-5655.175
"3470",-8224.258
"3471",-1671.731
"3472",-2280.249
"3473",-2006.967
"3474",-1169.589
"3475",-2306.939
"3476",-1593.184
"3477",-2938.322
"3478",-1251.841
"3479",-3619.738
"3480",-6142.024
"3481",-2111.404
"3482",-1654.271
"3483",-3404.989
"3484",-2641.075
"3485",-4552.746
"3486",-9551.491
"3487",-1617.323
"3488",-2910.789
"3489",-16007.534
"3490",-2628.013
"3491",-3695.88
"3492",-2824.091
"3493",-4481.035
"3494",-781.151
"3495",-1422.248
"3496",-1141.388
"3497",-1103.056
"3498",-3669.24
"3499",-2003.043
"3500",-2596.841
"3501",-2800.597
"3502",-2936.634
"3503",-2820.692
"3504",-3475.189
"3505",-1508.177
"3506",-2426.257
"3507",-1244.985
"3508",-3390.263
"3509",-2364.92
"3510",-2141.249
"3511",-2055.586
"3512",-2070.732
"3513",-2031.367
"3514",-2183.913
"3515",-2947.694
"3516",-2467.748
"3517",-2885.93
"3518",-1423.092
"3519",-2248.016
"3520",-589.612
"3521",-699.42
"3522",-684.668
"3523",-4736.928
"3524",-5810.889
"3525",-1600.628
"3526",-3423.885
"3527",-2339.887
"3528",-2082.64
"3529",-4335.927
"3530",-2356.427
"3531",-1036.2
"3532",-2218.772
"3533",-1346.519
"3534",-988.733
"3535",-2828.862
"3536",-3113.45
"3537",-3193.965
"3538",-1031.686
"3539",-652.709
"3540",-2270.409
"3541",-7582.798
"3542",-4383.028
"3543",-2017.264
"3544",-1119.381
"3545",-3141.777
"3546",-2755.704
"3547",-6452.944
"3548",-2190.889
"3549",-2313.803
"3550",-1194.58
"3551",-9433.281
"3552",-6138.489
"3553",-5399.57
"3554",-5451.591
"3555",-6960.208
"3556",-2503.332
"3557",-1959.646
"3558",-2099.86
"3559",-4263.652
"3560",-4630.818
"3561",-3052.066
"3562",-2594.757
"3563",-2844.825
"3564",-2608.414
"3565",-2481.855
"3566",-2265.433
"3567",-2600.456
"3568",-3265.737
"3569",-4734.001
"3570",-1909.39
"3571",-3098.135
"3572",-4234.982
"3573",-2743.253
"3574",-3451.88
"3575",-3222.677
"3576",-3609.594
"3577",-3386.612
"3578",-3125.773
"3579",-887.791
"3580",-13580.315
"3581",-9064.609
"3582",-3321.29
"3583",-913.127
"3584",-1546.253
"3585",-4999.223
"3586",-835.057
"3587",-3154.945
"3588",-12086.927
"3589",-2403.772
"3590",-3263.516
"3591",-5896.193
"3592",-2580.709
"3593",-939.478
"3594",-3411.589
"3595",-887.889
"3596",-2251.249
"3597",-1915.013
"3598",-4116.545
"3599",-831.506
"3600",-960.24
"3601",-7480.226
"3602",-734.852
"3603",-5112.648
"3604",-3734.592
"3605",-1550.211
"3606",-3850.231
"3607",-1932.165
"3608",-3350.099
"3609",-1585.744
"3610",-5488.641
"3611",-1843.855
"3612",-3301.263
"3613",-3503.502
"3614",-4755.282
"3615",-3178.787
"3616",-2986.101
"3617",-1611.817
"3618",-3358.913
"3619",-2619.879
"3620",-1387.374
"3621",-4335.253
"3622",-2486.748
"3623",-4410.886
"3624",-2413.059
"3625",-1648.935
"3626",-1298.458
"3627",-1233.264
"3628",-2309.71
"3629",-5884.915
"3630",-5552.428
"3631",-4871.78
"3632",-2274.163
"3633",-740.709
"3634",-1667.525
"3635",-741.756
"3636",-1255.73
"3637",-1580.218
"3638",-2994.777
"3639",-9511.548
"3640",-2869.215
"3641",-7230.197
"3642",-2013.223
"3643",-1851.025
"3644",-2991.464
"3645",-9258.3
"3646",-1473.671
"3647",-2756.825
"3648",-3005.264
"3649",-2450.013
"3650",-4873.992
"3651",-10949.194
"3652",-2589.268
"3653",-2255.719
"3654",-1078.316
"3655",-7879.82
"3656",-5939.33
"3657",-4785.032
"3658",-2410.599
"3659",-2152.74
"3660",-2821.989
"3661",-2073.249
"3662",-3096.933
"3663",-4400.278
"3664",-2875.552
"3665",-2433.65
"3666",-5051.837
"3667",-2755.117
"3668",-2805.827
"3669",-3297.446
"3670",-1331.002
"3671",-3831.976
"3672",-4131.829
"3673",-2235.307
"3674",-7066.628
"3675",-1693.275
"3676",-4118.632
"3677",-1719.179
"3678",-4807.871
"3679",-873.487
"3680",-493.463
"3681",-2077.651
"3682",-1445.808
"3683",-1714.515
"3684",-7708.826
"3685",-2964.008
"3686",-2380.405
"3687",-2747.318
"3688",-639.046
"3689",-630.1
"3690",-938.174
"3691",-2778.907
"3692",-7236.693
"3693",-2714.827
"3694",-3407.771
"3695",-1627.355
"3696",-1944.815
"3697",-8003.532
"3698",-1829.77
"3699",-3146.983
"3700",-3087.732
"3701",-6416.533
"3702",-2443.503
"3703",-343.426
"3704",-3377.949
"3705",-4265.54
"3706",-944.696
"3707",-1489.369
"3708",-4753.067
"3709",-2270.681
"3710",-4977.366
"3711",-2106.951
"3712",-6617.035
"3713",-1007.052
"3714",-3295.621
"3715",-13074.447
"3716",-2359.206
"3717",-3016.416
"3718",-1973.022
"3719",-1314.272
"3720",-1653.545
"3721",-2971.049
"3722",-1774.17
"3723",-1631.792
"3724",-3963.976
"3725",-1684.983
"3726",-1666.229
"3727",-2122.29
"3728",-2134.959
"3729",-3392.216
"3730",-3340.269
"3731",-6173.763
"3732",-1903.23
"3733",-1811.499
"3734",-2210.661
"3735",-2109.901
"3736",-1052.354
"3737",-4079.972
"3738",-2232.625
"3739",-903.442
"3740",-2309.058
"3741",-1626.702
"3742",-1263.242
"3743",-1368.614
"3744",-1741.337
"3745",-1262.47
"3746",-1915.535
"3747",-1809.257
"3748",-1526.95
"3749",-1818.258
"3750",-2715.815
"3751",-2303.897
"3752",-3333.94
"3753",-2049.808
"3754",-1310.777
"3755",-2633.502
"3756",-6320.018
"3757",-5416.741
"3758",-3652.715
"3759",-9234.198
"3760",-10079.968
"3761",-7780.283
"3762",-3762.608
"3763",-3242.096
"3764",-1904.672
"3765",-3453.411
"3766",-1340.643
"3767",-1427.337
"3768",-1174.462
"3769",-700.373
"3770",-2852.893
"3771",-2042.093
"3772",-3997.534
"3773",-1278.713
"3774",-937.458
"3775",-4205.019
"3776",-6655.409
"3777",-8158.22
"3778",-1997.123
"3779",-8070.977
"3780",-2175.201
"3781",-1402.917
"3782",-2168.598
"3783",-2830.501
"3784",-2154.343
"3785",-1095.51
"3786",-1178.223
"3787",-1139.427
"3788",-2502.02
"3789",-1095.395
"3790",-1982.257
"3791",-1132.291
"3792",-3777.549
"3793",-3487.518
"3794",-690.733
"3795",-652.987
"3796",-910.47
"3797",-975.769
"3798",-592.837
"3799",-2569.24
"3800",-10969.067
"3801",-2679.411
"3802",-733.274
"3803",-718.294
"3804",-721.151
"3805",-2691.883
"3806",-1649.772
"3807",-1690.819
"3808",-1987.665
"3809",-1353.189
"3810",-1807.828
"3811",-1383.581
"3812",-883.573
"3813",-3107.91
"3814",-542.606
"3815",-4359.477
"3816",-1735.192
"3817",-2062.791
"3818",-3282.418
"3819",-1036.334
"3820",-2409.787
"3821",-3559.984
"3822",-3889.07
"3823",-4576.074
"3824",-3632.485
"3825",-4775.538
"3826",-5376.014
"3827",-2315.101
"3828",-4716.654
"3829",-4243.878
"3830",-4024.295
"3831",-2960.257
"3832",-4055.476
"3833",-1524.638
"3834",-2291.308
"3835",-2868.542
"3836",-2987.198
"3837",-736.812
"3838",-2848.896
"3839",-3256.123
"3840",-11438.075
"3841",-1563.396
"3842",-3165.032
"3843",-4371.528
"3844",-3340.381
"3845",-4291.524
"3846",-1942.6
"3847",-723.66
"3848",-2305.912
"3849",-14417.589
"3850",-1190.981
"3851",-2728.951
"3852",-2624.968
"3853",-3865.471
"3854",-3272.672
"3855",-3466.439
"3856",-1006.863
"3857",-1872.464
"3858",-1187.281
"3859",-2906.881
"3860",-4987.745
"3861",-6130.581
"3862",-1454.321
"3863",-4151.49
"3864",-2233.733
"3865",-3559.372
"3866",-612.037
"3867",-4048.907
"3868",-2446.183
"3869",-1948.789
"3870",-740.103
"3871",-2366.921
"3872",-2802.461
"3873",-4112.176
"3874",-1835.072
"3875",-1658.939
"3876",-1939.436
"3877",-2542.589
"3878",-1302.545
"3879",-926.647
"3880",-2461.928
"3881",-1999.592
"3882",-6227.164
"3883",-7205.032
"3884",-5380.783
"3885",-1266.006
"3886",-1431.137
"3887",-1548.981
"3888",-9704.848
"3889",-1649.863
"3890",-2379.111
"3891",-5681.841
"3892",-7389.486
"3893",-7826.159
"3894",-2154.041
"3895",-1584.784
"3896",-3077.15
"3897",-2206.165
"3898",-5497.781
"3899",-1475.558
"3900",-862.552
"3901",-897.314
"3902",-917.064
"3903",-351.434
"3904",-4277.663
"3905",-12225.598
"3906",-2199.326
"3907",-5182.181
"3908",-2566.023
"3909",-2157.766
"3910",-2261.096
"3911",-2224.791
"3912",-4883.042
"3913",-2977.935
"3914",-3950.941
"3915",-839.739
"3916",-799.394
"3917",-834.557
"3918",-712.689
"3919",-920.042
"3920",-727.586
"3921",-1356.184
"3922",-709.889
"3923",-996.281
"3924",-2043.021
"3925",-1014.341
"3926",-1891.527
"3927",-3120.529
"3928",-3545.689
"3929",-5665.97
"3930",-1832.853
"3931",-6761.344
"3932",-3574.538
"3933",-4127.472
"3934",-2151.475
"3935",-2122.915
"3936",-1047.304
"3937",-4177.02
"3938",-3790.867
"3939",-2720.228
"3940",-1419.193
"3941",-2743.216
"3942",-5632.439
"3943",-3888.496
"3944",-2247.869
"3945",-2265.537
"3946",-2237.688
"3947",-2456.417
"3948",-2475.557
"3949",-1328.809
"3950",-2575.152
"3951",-4739.917
"3952",-2549.587
"3953",-903.721
"3954",-4074.263
"3955",-3837.019
"3956",-4060.611
"3957",-4017.851
"3958",-3046.629
"3959",-3097.741
"3960",-5225.223
"3961",-2829.472
"3962",-3464.618
"3963",-4745.369
"3964",-3025.431
"3965",-7499.03
"3966",-1243.762
"3967",-10094.807
"3968",-1431.248
"3969",-574.346
"3970",-520.781
"3971",-4484.201
"3972",-4054.081
"3973",-3058.501
"3974",-5476.996
"3975",-3392.978
"3976",-871.832
"3977",-834.322
"3978",-825.832
"3979",-611.216
"3980",-774.017
"3981",-775.554
"3982",-857.831
"3983",-847.913
"3984",-571.921
"3985",-3604.926
"3986",-5740.906
"3987",-2057.522
"3988",-1238.468
"3989",-10351.547
"3990",-6558.25
"3991",-1892.61
"3992",-2925.981
"3993",-1873.355
"3994",-3257.092
"3995",-2737.973
"3996",-4575.917
"3997",-4036.481
"3998",-4654.488
"3999",-4823.508
"4000",-2417.635
"4001",-2193.862
"4002",-4448.284
"4003",-2999.427
"4004",-2069
"4005",-2298.198
"4006",-3730.503
"4007",-6157.259
"4008",-1726.69
"4009",-7274.705
"4010",-1480.157
"4011",-1076.298
"4012",-3201.846
"4013",-6241.984
"4014",-6170.256
"4015",-7399.688
"4016",-2835.019
"4017",-2455.33
"4018",-3718.493
"4019",-5591.48
"4020",-8751.301
"4021",-6411.191
"4022",-2011.177
"4023",-3781.476
"4024",-2625.127
"4025",-1657.376
"4026",-2097.484
"4027",-3066.415
"4028",-1042.591
"4029",-3032.051
"4030",-1061.557
"4031",-1954.66
"4032",-1832.828
"4033",-3080.466
"4034",-7866.043
"4035",-2262.766
"4036",-1846.393
"4037",-2006.375
"4038",-1483.964
"4039",-2040.736
"4040",-4003.801
"4041",-2690.488
"4042",-1714.829
"4043",-7927.091
"4044",-2300.694
"4045",-2559.812
"4046",-2574.341
"4047",-709.129
"4048",-4890.346
"4049",-9621.446
"4050",-8599.229
"4051",-3313.105
"4052",-1877.404
"4053",-2263.074
"4054",-1775.725
"4055",-1011.256
"4056",-495.392
"4057",-780.161
"4058",-2022.84
"4059",-2151.83
"4060",-3576.91
"4061",-2615.863
"4062",-4323.361
"4063",-2774.194
"4064",-2361.982
"4065",-2668.122
"4066",-7091.379
"4067",-857.75
"4068",-2392.87
"4069",-3811.822
"4070",-2815.12
"4071",-10206.364
"4072",-1479.401
"4073",-1951.036
"4074",-4383.732
"4075",-5965.073
"4076",-4177.795
"4077",-3376.282
"4078",-1319.811
"4079",-2089.81
"4080",-1768.525
"4081",-2267.681
"4082",-3963.203
"4083",-1757.789
"4084",-1966.527
"4085",-1937.594
"4086",-2502.52
"4087",-1499.124
"4088",-2182.945
"4089",-1803.351
"4090",-6451.571
"4091",-535.221
"4092",-1319.379
"4093",-1495.109
"4094",-5627.012
"4095",-1253.002
"4096",-10778.549
"4097",-6340.898
"4098",-1054.721
"4099",-1196.973
"4100",-2619.029
"4101",-2339.939
"4102",-1626.725
"4103",-5541.149
"4104",-3213.077
"4105",-2022.979
"4106",-2581.832
"4107",-17270.836
"4108",-5110.883
"4109",-2867.444
"4110",-6324.517
"4111",-1367.709
"4112",-1736.097
"4113",-2439.129
"4114",-5478.625
"4115",-2958.678
"4116",-491.307
"4117",-1485.059
"4118",-7909.941
"4119",-3533.862
"4120",-3331.7
"4121",-2020.912
"4122",-3318.727
"4123",-2011.796
"4124",-1316.439
"4125",-1863.244
"4126",-1758.704
"4127",-2157.104
"4128",-906.732
"4129",-2217.891
"4130",-2446.832
"4131",-5024.043
"4132",-2911.523
"4133",-1822.294
"4134",-2734.332
"4135",-809.535
"4136",-6612.125
"4137",-1569.936
"4138",-4436.625
"4139",-7555.44
"4140",-4274.702
"4141",-962.302
"4142",-533.679
"4143",-1275.385
"4144",-1274.198
"4145",-2208.957
"4146",-1820.774
"4147",-644.892
"4148",-3488.274
"4149",-1974.519
"4150",-5169.029
"4151",-7420.018
"4152",-5978.538
"4153",-1330.639
"4154",-1184.028
"4155",-2997.712
"4156",-748.995
"4157",-3209.115
"4158",-632.922
"4159",-1326.186
"4160",-1205.401
"4161",-4670.284
"4162",-1183.931
"4163",-3694.762
"4164",-5934.722
"4165",-774.665
"4166",-931.222
"4167",-1581.353
"4168",-789.495
"4169",-702.804
"4170",-1309.963
"4171",-1656.535
"4172",-2597.837
"4173",-605.816
"4174",-2348.215
"4175",-1261.676
"4176",-546.248
"4177",-2682.335
"4178",-682.183
"4179",-430.866
"4180",-1204.007
"4181",-4774.661
"4182",-2775.385
"4183",-1508.094
"4184",-4092.645
"4185",-1128.598
"4186",-2166.754
"4187",-1093.499
"4188",-1979.505
"4189",-832.526
"4190",-863.789
"4191",-1135.572
"4192",-1447.354
"4193",-943.868
"4194",-3584.39
"4195",-3854.88
"4196",-3743.395
"4197",-3613.135
"4198",-5357.389
"4199",-711.58
"4200",-1070.073
"4201",-969.933
"4202",-5132.523
"4203",-9044.718
"4204",-2499.654
"4205",-1204.45
"4206",-12361.205
"4207",-4029.247
"4208",-3752.017
"4209",-2230.196
"4210",-3313.039
"4211",-3933.948
"4212",-3460.325
"4213",-1003.669
"4214",-5787.112
"4215",-2533.096
"4216",-2700.716
"4217",-1853.88
"4218",-3084.729
"4219",-615.115
"4220",-4680.772
"4221",-1961.911
"4222",-1167.156
"4223",-5073.086
"4224",-6490.355
"4225",-3896.11
"4226",-845.595
"4227",-2261.599
"4228",-3341.513
"4229",-4373.095
"4230",-1378.7
"4231",-1447.103
"4232",-1857.519
"4233",-3461.111
"4234",-14661.322
"4235",-2169.509
"4236",-1292.006
"4237",-1258.38
"4238",-1494.64
"4239",-6250.057
"4240",-1420.057
"4241",-2879.656
"4242",-3380.234
"4243",-2168.888
"4244",-2503.079
"4245",-1255.572
"4246",-1262.379
"4247",-1117.017
"4248",-1637.254
"4249",-7462.194
"4250",-8023.353
"4251",-6847.621
"4252",-2204.063
"4253",-3414.264
"4254",-1966.937
"4255",-1050.375
"4256",-2453.291
"4257",-1393.985
"4258",-7746.332
"4259",-5228.155
"4260",-911.651
"4261",-2201.756
"4262",-2499.104
"4263",-2232.922
"4264",-6402.265
"4265",-4688.725
"4266",-2328.547
"4267",-2116.786
"4268",-4605.543
"4269",-3766.336
"4270",-1759.51
"4271",-2280.023
"4272",-2456.387
"4273",-4168.016
"4274",-4319.357
"4275",-3763.1
"4276",-1474.698
"4277",-2010.543
"4278",-2842.438
"4279",-6036.983
"4280",-5916.273
"4281",-5167.192
"4282",-11017.863
"4283",-7305.053
"4284",-530.906
"4285",-3327.889
"4286",-3345.238
"4287",-5904.959
"4288",-4441.541
"4289",-4948.961
"4290",-4639.495
"4291",-3536.281
"4292",-2832.776
"4293",-5553.898
"4294",-1963.451
"4295",-1336.026
"4296",-4609.196
"4297",-1742.974
"4298",-2550.319
"4299",-720.036
"4300",-2033.657
"4301",-1487.196
"4302",-3031.85
"4303",-3510.249
"4304",-436.423
"4305",-2061.83
"4306",-7348.768
"4307",-567.111
"4308",-1758.455
"4309",-2361.254
"4310",-1290.354
"4311",-1134.32
"4312",-1821.08
"4313",-2335.539
"4314",-4384.451
"4315",-6140.306
"4316",-1947.929
"4317",-1026.71
"4318",-3496.823
"4319",-1486.974
"4320",-4186.102
"4321",-5690.127
"4322",-598.726
"4323",-3020.381
"4324",-912.521
"4325",-1119.237
"4326",-1393.177
"4327",-6175.39
"4328",-6988.449
"4329",-1509.608
"4330",-5062.3
"4331",-1818.038
"4332",-3474.376
"4333",-4489.241
"4334",-4031.047
"4335",-1258.432
"4336",-3019.92
"4337",-3116.059
"4338",-2429.619
"4339",-1351.815
"4340",-1507.763
"4341",-4109.415
"4342",-2004.473
"4343",-1245.448
"4344",-3005.646
"4345",-3116.648
"4346",-1042.318
"4347",-4366.6
"4348",-1642.094
"4349",-1588.209
"4350",-1087.187
"4351",-2389.754
"4352",-4274.255
"4353",-1436.867
"4354",-2465.149
"4355",-1537.362
"4356",-1279.052
"4357",-2351.874
"4358",-3158.45
"4359",-1963.902
"4360",-2086.022
"4361",-1247.842
"4362",-3915.671
"4363",-3031.162
"4364",-1954.422
"4365",-1099.841
"4366",-2411.06
"4367",-4075.389
"4368",-8052.82
"4369",-4859.492
"4370",-3599.078
"4371",-1093.455
"4372",-2555.4
"4373",-4368.271
"4374",-2715.663
"4375",-5462.705
"4376",-4355.114
"4377",-4426.149
"4378",-2082.182
"4379",-4797.628
"4380",-1466.43
"4381",-5182.131
"4382",-3616.408
"4383",-5833.95
"4384",-770.315
"4385",-2499.126
"4386",-3221.053
"4387",-7169.438
"4388",-4746.212
"4389",-3410.485
"4390",-2777.854
"4391",-4224.421
"4392",-4942.379
"4393",-1662.544
"4394",-1891.417
"4395",-7443.825
"4396",-2213.824
"4397",-3872.656
"4398",-3619.858
"4399",-1893.055
"4400",-2127.805
"4401",-1360.384
"4402",-2910.386
"4403",-7873.824
"4404",-2542.595
"4405",-2316.971
"4406",-1709.42
"4407",-1307.902
"4408",-523.549
"4409",-1987.591
"4410",-5315.448
"4411",-1238.42
"4412",-2324.342
"4413",-3456.482
"4414",-1354.221
"4415",-1998.875
"4416",-4247.657
"4417",-2186.702
"4418",-2664.223
"4419",-2369.632
"4420",-10156.767
"4421",-4581.905
"4422",-1434.974
"4423",-8452.37
"4424",-1801.648
"4425",-2186.253
"4426",-4990.641
"4427",-2202.345
"4428",-1494.343
"4429",-6755.007
"4430",-2573.039
"4431",-1272.19
"4432",-2853.233
"4433",-2599.052
"4434",-2913.525
"4435",-1305.977
"4436",-1567.747
"4437",-3226.381
"4438",-1188.674
"4439",-2760.831
"4440",-4586.632
"4441",-455.657
"4442",-1455.744
"4443",-2226.317
"4444",-1721.9
"4445",-4469.869
"4446",-1340.817
"4447",-5115.672
"4448",-1761.254
"4449",-846.633
"4450",-2901.362
"4451",-4610.718
"4452",-2444.83
"4453",-2182.69
"4454",-1233.974
"4455",-2498.363
"4456",-6148.121
"4457",-2562.64
"4458",-4210.599
"4459",-7525.917
"4460",-2780.225
"4461",-5178.281
"4462",-2785.803
"4463",-3559.281
"4464",-2681.01
"4465",-4861.853
"4466",-729.065
"4467",-6554.924
"4468",-5099.847
"4469",-3677.535
"4470",-2964.474
"4471",-788.939
"4472",-1343.735
"4473",-4616.122
"4474",-8264.897
"4475",-4895.989
"4476",-2572.386
"4477",-5311.969
"4478",-4075.794
"4479",-2836.58
"4480",-2577.027
"4481",-5455.789
"4482",-4339.856
"4483",-5188.912
"4484",-3733.138
"4485",-5407.103
"4486",-1891.986
"4487",-4912.516
"4488",-5653.044
"4489",-3212.2
"4490",-1420.613
"4491",-4564.482
"4492",-3185.264
"4493",-1156.623
"4494",-1195.41
"4495",-1990.776
"4496",-2465.445
"4497",-789.069
"4498",-2258.659
"4499",-3304.715
"4500",-4216.589
"4501",-5721.787
"4502",-4466.16
"4503",-1817.518
"4504",-13343.546
"4505",-2068.86
"4506",-2089.879
"4507",-2263.937
"4508",-3522.512
"4509",-9840.117
"4510",-2273.056
"4511",-2274.675
"4512",-2624.282
"4513",-2929.561
"4514",-1457.35
"4515",-1651.149
"4516",-1620.393
"4517",-2566.769
"4518",-6901.322
"4519",-1993.049
"4520",-1857.162
"4521",-1742.966
"4522",-790.991
"4523",-1185.938
"4524",-3728.938
"4525",-3123.993
"4526",-849.21
"4527",-1824.948
"4528",-1363.757
"4529",-8352.616
"4530",-1852.359
"4531",-7513.701
"4532",-1648.332
"4533",-1651.324
"4534",-2585.536
"4535",-2060.826
"4536",-1649.792
"4537",-2695.579
"4538",-7402.792
"4539",-604.706
"4540",-6505.745
"4541",-2610.244
"4542",-4348.751
"4543",-2545.991
"4544",-1891.401
"4545",-568.616
"4546",-2365.02
"4547",-2742.614
"4548",-3075.118
"4549",-2410.124
"4550",-2392.818
"4551",-2853.645
"4552",-2179.501
"4553",-2375.172
"4554",-2269.854
"4555",-1961.179
"4556",-2524.79
"4557",-2878.263
"4558",-2537.2
"4559",-2269.804
"4560",-4935.995
"4561",-2175.279
"4562",-3724.484
"4563",-2637.446
"4564",-874.485
"4565",-1552.257
"4566",-1617.738
"4567",-1571.66
"4568",-841.765
"4569",-1970.262
"4570",-2442.357
"4571",-2312.251
"4572",-3314.341
"4573",-1128.492
"4574",-2045.247
"4575",-6934.995
"4576",-7118.505
"4577",-979.752
"4578",-736.324
"4579",-4886.068
"4580",-1160.151
"4581",-3958.027
"4582",-2179.928
"4583",-3284.733
"4584",-1185.886
"4585",-5709.789
"4586",-3878.325
"4587",-4549.057
"4588",-1919.411
"4589",-2406.664
"4590",-1321.357
"4591",-3441.436
"4592",-7584.385
"4593",-1143.309
"4594",-2666.223
"4595",-3394.385
"4596",-2570.268
"4597",-834.873
"4598",-984.125
"4599",-3475.531
"4600",-3077.263
"4601",-2185.666
"4602",-2407.292
"4603",-3285.577
"4604",-1282.607
"4605",-2321.905
"4606",-4599.374
"4607",-1551.23
"4608",-2689.609
"4609",-2492.827
"4610",-4534.335
"4611",-2491.885
"4612",-1487.151
"4613",-1876.328
"4614",-1713.241
"4615",-725.442
"4616",-1944.376
"4617",-3305.807
"4618",-4964.352
"4619",-1397.946
"4620",-2217.8
"4621",-5876.008
"4622",-2995.287
"4623",-2759.31
"4624",-1032.232
"4625",-4378.294
"4626",-2734.385
"4627",-1717.368
"4628",-2247.149
"4629",-2080.31
"4630",-2204.897
"4631",-1723.019
"4632",-965.701
"4633",-2362.757
"4634",-3021.735
"4635",-2971.542
"4636",-4233.345
"4637",-3559.705
"4638",-5550.732
"4639",-3490.433
"4640",-8644.813
"4641",-904.739
"4642",-2051.265
"4643",-2939.404
"4644",-2930.516
"4645",-5797.726
"4646",-3473.117
"4647",-4442.446
"4648",-1952.382
"4649",-2154.022
"4650",-893.568
"4651",-737.883
"4652",-2377.3
"4653",-1666.69
"4654",-1372.704
"4655",-2524.083
"4656",-4315.908
"4657",-2252.274
"4658",-7828.61
"4659",-1325.223
"4660",-986.379
"4661",-3178.563
"4662",-754.976
"4663",-2809.986
"4664",-5040.262
"4665",-2531.285
"4666",-2203.591
"4667",-1424.395
"4668",-859.155
"4669",-590.275
"4670",-1668.078
"4671",-2614.117
"4672",-4112.074
"4673",-4096.07
"4674",-1039.392
"4675",-3261.187
"4676",-2191.08
"4677",-6182.726
"4678",-9679.025
"4679",-4482.23
"4680",-3098.063
"4681",-2211.112
"4682",-2320.457
"4683",-2583.58
"4684",-8751.365
"4685",-2474.151
"4686",-3418.293
"4687",-2928.756
"4688",-2505.127
"4689",-1769.724
"4690",-1470.791
"4691",-1238.645
"4692",-1228.773
"4693",-2054.27
"4694",-1618.087
"4695",-6934.336
"4696",-8066.727
"4697",-2403.348
"4698",-2274.762
"4699",-536.977
"4700",-5019.817
"4701",-3166.439
"4702",-1673.544
"4703",-828.811
"4704",-2161.635
"4705",-2825.638
"4706",-5913.587
"4707",-876.562
"4708",-3394.397
"4709",-2684.621
"4710",-2486.918
"4711",-802.249
"4712",-4786.058
"4713",-1274.337
"4714",-1696.422
"4715",-7733.313
"4716",-5339.406
"4717",-509.49
"4718",-2662.837
"4719",-1289.946
"4720",-1283.287
"4721",-2010.565
"4722",-3122.741
"4723",-1602.145
"4724",-3133.357
"4725",-1029.147
"4726",-727.756
"4727",-966.82
"4728",-2250.425
"4729",-9750.958
"4730",-1935.603
"4731",-3082.892
"4732",-3056.814
"4733",-5834.224
"4734",-1442.769
"4735",-1460.642
"4736",-4632.046
"4737",-1524.524
"4738",-705.705
"4739",-3272.544
"4740",-1281.744
"4741",-581.282
"4742",-4897.694
"4743",-2999.056
"4744",-2585.367
"4745",-4073.448
"4746",-2178.008
"4747",-3942.984
"4748",-8971.943
"4749",-2658.859
"4750",-3713.471
"4751",-2788.701
"4752",-2394.032
"4753",-2849.633
"4754",-4773.837
"4755",-6303.44
"4756",-18392.803
"4757",-2261.065
"4758",-6047.305
"4759",-2161.827
"4760",-2470.69
"4761",-1857.628
"4762",-1997.518
"4763",-4301.217
"4764",-379.947
"4765",-460.491
"4766",-5993.857
"4767",-2935.866
"4768",-3382.87
"4769",-756.385
"4770",-3163.06
"4771",-2992.555
"4772",-628.476
"4773",-1438.255
"4774",-1600.352
"4775",-3173.255
"4776",-1918.457
"4777",-3655.154
"4778",-2506.589
"4779",-2506.794
"4780",-3457.345
"4781",-1448.597
"4782",-2582.068
"4783",-945.749
"4784",-1898.369
"4785",-1300.452
"4786",-6584.14
"4787",-3103.438
"4788",-2322.792
"4789",-3228.462
"4790",-3119.915
"4791",-2493.23
"4792",-2782.772
"4793",-2369.236
"4794",-4967.335
"4795",-7367.29
"4796",-783.641
"4797",-1628.281
"4798",-2916.989
"4799",-3391.919
"4800",-1882.395
"4801",-3893.102
"4802",-1231.098
"4803",-5870.959
"4804",-2502.513
"4805",-1125.689
"4806",-2441.1
"4807",-2663.815
"4808",-2561.593
"4809",-7896.785
"4810",-5454.207
"4811",-2599.269
"4812",-1983.525
"4813",-4764.543
"4814",-3865.32
"4815",-2399.207
"4816",-1860.952
"4817",-2331.7
"4818",-3292.732
"4819",-5482.303
"4820",-4869.428
"4821",-1502.712
"4822",-1921.1
"4823",-3128.345
"4824",-2601.212
"4825",-2631.466
"4826",-3427.47
"4827",-3936.431
"4828",-2004.028
"4829",-452.722
"4830",-4045.106
"4831",-5503.344
"4832",-2097.384
"4833",-1806.862
"4834",-4685.555
"4835",-2224.91
"4836",-7244.966
"4837",-1146.655
"4838",-2227.662
"4839",-2097.221
"4840",-1230.848
"4841",-3305.368
"4842",-457.432
"4843",-1734.748
"4844",-3702.95
"4845",-3453.603
"4846",-1378.897
"4847",-3182.1
"4848",-2055.63
"4849",-344.99
"4850",-5999.407
"4851",-4612.512
"4852",-585.328
"4853",-2981.18
"4854",-5757.888
"4855",-2619.146
"4856",-2706.822
"4857",-3092.273
"4858",-6570.915
"4859",-1296.597
"4860",-3743.695
"4861",-3475.472
"4862",-654.539
"4863",-705.242
"4864",-4004.874
"4865",-2230.827
"4866",-2852.083
"4867",-2380.717
"4868",-2990.534
"4869",-2647.916
"4870",-2722.228
"4871",-1749.62
"4872",-4892.863
"4873",-2805.986
"4874",-1389.751
"4875",-4056.707
"4876",-1434.871
"4877",-580.154
"4878",-699.107
"4879",-1087.517
"4880",-3002.61
"4881",-3123.002
"4882",-1444.998
"4883",-5367.915
"4884",-4009.017
"4885",-5136.944
"4886",-421.044
"4887",-1501.684
"4888",-1396.897
"4889",-1371.736
"4890",-1969.391
"4891",-3440.573
"4892",-1594.425
"4893",-1010.746
"4894",-4817.394
"4895",-8264.154
"4896",-4765.244
"4897",-1009.154
"4898",-2677.311
"4899",-2475.854
"4900",-2011.759
"4901",-3564.623
"4902",-4529.096
"4903",-3283.089
"4904",-2914.348
"4905",-2997.225
"4906",-2113.187
"4907",-3688.808
"4908",-5661.701
"4909",-3573.9
"4910",-1124.119
"4911",-1259.541
"4912",-5724.986
"4913",-5906.475
"4914",-4814.01
"4915",-1534.73
"4916",-6415.504
"4917",-1916.514
"4918",-3649.324
"4919",-1937.615
"4920",-1281.633
"4921",-1224.696
"4922",-2047.037
"4923",-1892.71
"4924",-1904.003
"4925",-1785.889
"4926",-1240.731
"4927",-8754.257
"4928",-1230.062
"4929",-3742.1
"4930",-1476.802
"4931",-1610.015
"4932",-3498.547
"4933",-2645.837
"4934",-3085.391
"4935",-1031.613
"4936",-1990.564
"4937",-1963.962
"4938",-1315.867
"4939",-1141.459
"4940",-1014.536
"4941",-4778.762
"4942",-6129.559
"4943",-1820.463
"4944",-1325.89
"4945",-3589.261
"4946",-1985.41
"4947",-1947.897
"4948",-3698.403
"4949",-2610.356
"4950",-1321.987
"4951",-3126.753
"4952",-4125.772
"4953",-3547.996
"4954",-3740.88
"4955",-1600.254
"4956",-1213.081
"4957",-5502.411
"4958",-3079.699
"4959",-666.073
"4960",-1910.946
"4961",-2676.705
"4962",-1002.239
"4963",-8190.835
"4964",-2966.119
"4965",-1807.402
"4966",-9512.95
"4967",-2202.772
"4968",-2341.281
"4969",-3506.8
"4970",-3017.733
"4971",-1623.724
"4972",-1450.962
"4973",-2004.979
"4974",-1574.376
"4975",-3182.483
"4976",-2978.127
"4977",-1740.757
"4978",-1280.914
"4979",-2973.909
"4980",-5574.496
"4981",-2978.459
"4982",-2162.29
"4983",-3524.406
"4984",-2026.572
"4985",-3591.671
"4986",-3295.646
"4987",-5215.825
"4988",-3043.852
"4989",-4874.426
"4990",-3530.064
"4991",-1514.775
"4992",-3970.079
"4993",-3336.059
"4994",-3513.557
"4995",-2866.704
"4996",-1339.711
"4997",-611.003
"4998",-2380.333
"4999",-1326.714
"5000",-3290.138
"5001",-769.743
"5002",-3263.444
"5003",-1245.427
"5004",-5184.105
"5005",-3941.273
"5006",-916.014
"5007",-2927.451
"5008",-1077.595
"5009",-2462.655
"5010",-1440.97
"5011",-2823.038
"5012",-1192.575
"5013",-3324.372
"5014",-3297.755
"5015",-1143.04
"5016",-3002.657
"5017",-1465.078
"5018",-1090.057
"5019",-6002.325
"5020",-441.708
"5021",-3852.494
"5022",-1054.292
"5023",-980.11
"5024",-5194.569
"5025",-1243.495
"5026",-1098.098
"5027",-1412.588
"5028",-5317.037
"5029",-7259.71
"5030",-2920.891
"5031",-2102.276
"5032",-2322.01
"5033",-2718.206
"5034",-929.05
"5035",-2115.136
"5036",-3703.339
"5037",-2666.935
"5038",-7570.741
"5039",-2340.932
"5040",-3037.321
"5041",-1441.644
"5042",-2161.286
"5043",-1048.09
"5044",-3249.444
"5045",-3729.14
"5046",-841.236
"5047",-1400.681
"5048",-4441.85
"5049",-1608.517
"5050",-1850.295
"5051",-1547.658
"5052",-3471.913
"5053",-1942.836
"5054",-3110.397
"5055",-5640.169
"5056",-1216.225
"5057",-2676.634
"5058",-2833.447
"5059",-1752.674
"5060",-1191.808
"5061",-3276.973
"5062",-3866.017
"5063",-5150.027
"5064",-2479.863
"5065",-652.858
"5066",-392.858
"5067",-2291.868
"5068",-3805.415
"5069",-11683.592
"5070",-2586.665
"5071",-2293.031
"5072",-2714.365
"5073",-2727.172
"5074",-2536.005
"5075",-4873.27
"5076",-1162.496
"5077",-4152.808
"5078",-971.404
"5079",-2439.732
"5080",-967.697
"5081",-1460.402
"5082",-988.266
"5083",-1312.494
"5084",-2407.619
"5085",-6254.577
"5086",-2243.616
"5087",-2669.292
"5088",-19318.772
"5089",-830.298
"5090",-4397.16
"5091",-1450.666
"5092",-2739.028
"5093",-2523.324
"5094",-4016.55
"5095",-1681.799
"5096",-1479.186
"5097",-1888.717
"5098",-2756.022
"5099",-10035.816
"5100",-9421.615
"5101",-1243.864
"5102",-2341.178
"5103",-4654.642
"5104",-616.299
"5105",-2730.339
"5106",-3903.335
"5107",-3367.075
"5108",-4993.392
"5109",-1770.637
"5110",-1146.075
"5111",-2360.228
"5112",-3006.084
"5113",-1602.219
"5114",-1393.032
"5115",-6144.565
"5116",-1323.652
"5117",-2824.982
"5118",-3056.668
"5119",-1794.232
"5120",-1846.066
"5121",-2714.025
"5122",-954.067
"5123",-2592.389
"5124",-5903.186
"5125",-5760.685
"5126",-3851.164
"5127",-2153.665
"5128",-1557.852
"5129",-4980.524
"5130",-1773.802
"5131",-1164.17
"5132",-951.355
"5133",-1549.727
"5134",-2533.668
"5135",-1246.345
"5136",-2661.467
"5137",-1541.922
"5138",-3966.901
"5139",-951.433
"5140",-1993.111
"5141",-3775.025
"5142",-3952.088
"5143",-8219.528
"5144",-4285.993
"5145",-3171.163
"5146",-2321.434
"5147",-1082.764
"5148",-2320.758
"5149",-2780.892
"5150",-3384.907
"5151",-1585.549
"5152",-8472.594
"5153",-1464.975
"5154",-4976.793
"5155",-874.229
"5156",-1049.379
"5157",-1819.724
"5158",-3296.589
"5159",-3646.503
"5160",-6218.164
"5161",-1749.733
"5162",-2344.908
"5163",-3170.803
"5164",-3583.61
"5165",-1482.997
"5166",-4113.353
"5167",-2192.577
"5168",-887.015
"5169",-1837.082
"5170",-2534.888
"5171",-3437.845
"5172",-6125.01
"5173",-2596.133
"5174",-5025.382
"5175",-2443.839
"5176",-3801.611
"5177",-2347.357
"5178",-3507.371
"5179",-2199.001
"5180",-3568.378
"5181",-3436.529
"5182",-4964.199
"5183",-2978.62
"5184",-2143.973
"5185",-4594.882
"5186",-4616.525
"5187",-3226.807
"5188",-839.765
"5189",-2349.901
"5190",-5604.082
"5191",-3562.31
"5192",-1790.028
"5193",-1539.404
"5194",-1537.303
"5195",-1114.544
"5196",-2820.869
"5197",-8708.075
"5198",-3575.719
"5199",-1716.968
"5200",-3031.02
"5201",-2210.217
"5202",-2680.904
"5203",-3598.368
"5204",-2692.083
"5205",-1451.598
"5206",-5247.779
"5207",-603.799
"5208",-2175.7
"5209",-760.87
"5210",-568.435
"5211",-3910.906
"5212",-2860.704
"5213",-6896.306
"5214",-4731.107
"5215",-997.636
"5216",-5785.154
"5217",-4566.497
"5218",-3575.067
"5219",-4632.098
"5220",-3163.99
"5221",-3843.793
"5222",-1933.726
"5223",-2674.41
"5224",-1196.206
"5225",-2075.018
"5226",-2174.689
"5227",-4820.844
"5228",-3174.149
"5229",-1542.793
"5230",-2632.002
"5231",-5360.903
"5232",-1738.847
"5233",-3625.34
"5234",-4218.198
"5235",-5733.334
"5236",-3172.191
"5237",-4389.914
"5238",-1305.386
"5239",-4179.125
"5240",-805.127
"5241",-3145.937
"5242",-3439.853
"5243",-989.204
"5244",-1813.996
"5245",-2952.524
"5246",-1959.784
"5247",-4205.984
"5248",-2662.337
"5249",-1802.235
"5250",-13847.096
"5251",-1092.014
"5252",-4658.039
"5253",-2636.572
"5254",-2069.902
"5255",-3844.127
"5256",-6208.129
"5257",-1635.537
"5258",-1753.477
"5259",-3062.021
"5260",-2933.577
"5261",-2577.726
"5262",-1970.143
"5263",-4210.054
"5264",-4261.074
"5265",-2692.5
"5266",-4229.859
"5267",-4300.284
"5268",-2463.966
"5269",-6421.505
"5270",-3232.946
"5271",-3066.145
"5272",-2613.415
"5273",-2833.99
"5274",-1781.667
"5275",-2853.75
"5276",-3960.768
"5277",-3351.393
"5278",-6062.351
"5279",-4750.169
"5280",-2211.786
"5281",-5483.193
"5282",-1711.033
"5283",-4332.87
"5284",-3321.865
"5285",-3194.42
"5286",-5958.118
"5287",-988.419
"5288",-1674.67
"5289",-2414.302
"5290",-6200.384
"5291",-901.008
"5292",-3057.067
"5293",-2548.597
"5294",-1981.06
"5295",-3564.214
"5296",-3226.626
"5297",-2517.523
"5298",-5711.653
"5299",-3995.972
"5300",-3138.939
"5301",-1855.689
"5302",-2028.081
"5303",-2237.887
"5304",-2521.683
"5305",-3352.013
"5306",-2973.049
"5307",-1168.194
"5308",-2084.15
"5309",-2142.468
"5310",-4171.127
"5311",-1171.852
"5312",-7164.719
"5313",-1442.886
"5314",-2211.915
"5315",-3089.422
"5316",-6460.417
"5317",-2718.178
"5318",-6242.122
"5319",-2156.207
"5320",-6641.544
"5321",-2055.441
"5322",-849.691
"5323",-3065.785
"5324",-876.054
"5325",-999.213
"5326",-1351.664
"5327",-1565.692
"5328",-1419.478
"5329",-1436.878
"5330",-10438.067
"5331",-525.07
"5332",-1863.829
"5333",-1750.073
"5334",-2379.087
"5335",-5525.335
"5336",-1983.808
"5337",-1280.232
"5338",-720.82
"5339",-1259.747
"5340",-904.951
"5341",-1339.034
"5342",-1817.198
"5343",-3947.718
"5344",-2646.692
"5345",-1543.553
"5346",-2273.684
"5347",-6651.585
"5348",-2102.739
"5349",-5562.066
"5350",-1820.267
"5351",-1712.803
"5352",-7267.446
"5353",-3403.995
"5354",-864.504
"5355",-3166.429
"5356",-1518.823
"5357",-2685.667
"5358",-3069.495
"5359",-511.701
"5360",-5025.603
"5361",-2077.549
"5362",-1617.401
"5363",-3666.612
"5364",-4530.548
"5365",-4537.318
"5366",-1183.462
"5367",-3683.286
"5368",-924.585
"5369",-1527.546
"5370",-1166.025
"5371",-3016.702
"5372",-3049.4
"5373",-2238.111
"5374",-1086.036
"5375",-902.632
"5376",-4962.098
"5377",-1172.225
"5378",-1985.325
"5379",-4692.924
"5380",-2380.313
"5381",-2423.905
"5382",-4127.832
"5383",-1582.37
"5384",-4092.278
"5385",-4610.002
"5386",-1496.424
"5387",-7824.905
"5388",-4349.215
"5389",-5438.68
"5390",-1995.867
"5391",-2523.031
"5392",-2168.547
"5393",-2429.715
"5394",-2488.115
"5395",-3433.405
"5396",-1313.031
"5397",-2194.471
"5398",-2818.04
"5399",-2320.75
"5400",-6396.331
"5401",-1828.268
"5402",-821.367
"5403",-2706.817
"5404",-3853.668
"5405",-1548.087
"5406",-1981.77
"5407",-5255.24
"5408",-1499.005
"5409",-1122.488
"5410",-1608.155
"5411",-1913.437
"5412",-2159.719
"5413",-2951.458
"5414",-10449.342
"5415",-2880.675
"5416",-1669.769
"5417",-1374.017
"5418",-2821.849
"5419",-4877.927
"5420",-2298.503
"5421",-3912.22
"5422",-9803.844
"5423",-1241.356
"5424",-2559.206
"5425",-1986.476
"5426",-4256.007
"5427",-4387.401
"5428",-7941.008
"5429",-3091.43
"5430",-4473.499
"5431",-3760.857
"5432",-700.73
"5433",-1229.514
"5434",-5199.018
"5435",-6383.263
"5436",-2424.553
"5437",-510.559
"5438",-1173.509
"5439",-1699.74
"5440",-5461.739
"5441",-607.906
"5442",-3551.664
"5443",-2938.726
"5444",-1449.974
"5445",-4926.203
"5446",-12229.327
"5447",-1284.257
"5448",-3128.959
"5449",-4436.89
"5450",-2164.586
"5451",-8337.565
"5452",-1637.793
"5453",-696.702
"5454",-2239.098
"5455",-2957.521
"5456",-1476.192
"5457",-2368.32
"5458",-1306.111
"5459",-2575.535
"5460",-571.759
"5461",-1680.269
"5462",-1673.94
"5463",-1641.875
"5464",-1216.089
"5465",-780.407
"5466",-1071.609
"5467",-1150.197
"5468",-5313.014
"5469",-4863.474
"5470",-3422.093
"5471",-4096.198
"5472",-2746.83
"5473",-1679.165
"5474",-2775.965
"5475",-1293.25
"5476",-1444.198
"5477",-2822.065
"5478",-5703.581
"5479",-4144.354
"5480",-753.967
"5481",-610.274
"5482",-1062.795
"5483",-2341.497
"5484",-577.155
"5485",-599.673
"5486",-1101.061
"5487",-1032.261
"5488",-1870.948
"5489",-3886.503
"5490",-4046.099
"5491",-3277.6
"5492",-5430.673
"5493",-1390.364
"5494",-2058.646
"5495",-8177.196
"5496",-2423.582
"5497",-2416.634
"5498",-2023.317
"5499",-5184.316
"5500",-1979.415
"5501",-619.634
"5502",-1900.783
"5503",-3098.632
"5504",-1562.237
"5505",-2053.652
"5506",-1028.945
"5507",-2254.667
"5508",-1667.081
"5509",-3227.341
"5510",-3451.748
"5511",-3012.146
"5512",-2290.949
"5513",-2647.802
"5514",-658.561
"5515",-1355.602
"5516",-1434.597
"5517",-1599.368
"5518",-3022.279
"5519",-2974.33
"5520",-29997.303
"5521",-1372.617
"5522",-1212.631
"5523",-2441.657
"5524",-3177.574
"5525",-3234.813
"5526",-2242.039
"5527",-5781.269
"5528",-5274.86
"5529",-2263.389
"5530",-2410.612
"5531",-4234.734
"5532",-2055.005
"5533",-1144.812
"5534",-726.222
"5535",-1071.622
"5536",-1709.267
"5537",-1468.959
"5538",-1750.683
"5539",-4614.604
"5540",-7381.851
"5541",-1184.611
"5542",-1304.46
"5543",-4102.787
"5544",-1705.463
"5545",-1411.243
"5546",-3656.107
"5547",-1906.673
"5548",-2964.034
"5549",-602.699
"5550",-2716.257
"5551",-2559.07
"5552",-2100.709
"5553",-2516.161
"5554",-3268.122
"5555",-3181.746
"5556",-1890.932
"5557",-1117.437
"5558",-8881.967
"5559",-4920.661
"5560",-2567.005
"5561",-3110.117
"5562",-15695.621
"5563",-3447.874
"5564",-6898.067
"5565",-2403.613
"5566",-2254.536
"5567",-6082.268
"5568",-3431.537
"5569",-2364.479
"5570",-2088.73
"5571",-2709.055
"5572",-1454.437
"5573",-3239.219
"5574",-3617.728
"5575",-2507.65
"5576",-3248.85
"5577",-4062.113
"5578",-5092.939
"5579",-2620.781
"5580",-4037.445
"5581",-1064.085
"5582",-3933.758
"5583",-3346.487
"5584",-9241.651
"5585",-3051.687
"5586",-692.241
"5587",-6604.302
"5588",-2903.357
"5589",-2696.84
"5590",-4329.15
"5591",-1244.435
"5592",-956.89
"5593",-419.794
"5594",-2318.292
"5595",-7194.911
"5596",-3808.185
"5597",-2232.808
"5598",-6540.639
"5599",-4376.889
"5600",-2018.217
"5601",-3145.862
"5602",-3580.275
"5603",-2003.244
"5604",-5163.188
"5605",-1704.366
"5606",-3665.597
"5607",-2874.134
"5608",-8094.896
"5609",-2127.957
"5610",-7363.076
"5611",-9366.982
"5612",-9261.134
"5613",-5103.302
"5614",-9280.585
"5615",-1405.34
"5616",-4360.313
"5617",-1967.967
"5618",-746.618
"5619",-4411.278
"5620",-7930.122
"5621",-1901.078
"5622",-2404.785
"5623",-7639.917
"5624",-8347.486
"5625",-1848.404
"5626",-2932.802
"5627",-883.499
"5628",-2237.075
"5629",-4339.287
"5630",-5531.471
"5631",-10468.522
"5632",-5115.822
"5633",-3516.653
"5634",-4478.897
"5635",-5982.569
"5636",-7260.255
"5637",-4336.64
"5638",-4377.995
"5639",-3326.469
"5640",-10016.601
"5641",-4910.971
"5642",-8766.717
"5643",-5682.358
"5644",-4871.876
"5645",-5598.619
"5646",-3905.39
"5647",-3920.604
"5648",-6394.585
"5649",-4806.708
"5650",-8959.85
"5651",-6178.764
"5652",-5868.738
"5653",-6342.361
"5654",-3723.45
"5655",-7312.151
"5656",-6560.801
"5657",-5229.943
"5658",-3646.168
"5659",-2602.588
"5660",-10748.556
"5661",-5178.148
"5662",-4552.842
"5663",-2422.538
"5664",-1134.383
"5665",-10349.632
"5666",-4298.854
"5667",-2913.248
"5668",-1058.942
"5669",-5075.749
"5670",-7045.157
"5671",-1102.528
"5672",-6392.281
"5673",-3952.919
"5674",-3488.137
"5675",-2846.813
"5676",-3668.214
"5677",-2443.934
"5678",-7538.695
"5679",-9767.476
"5680",-5409.816
"5681",-3460.869
"5682",-6250.013
"5683",-4859.746
"5684",-8636.801
"5685",-3545.046
"5686",-6445.682
"5687",-5555.968
"5688",-3260.674
"5689",-6754.235
"5690",-3045.831
"5691",-4247.952
"5692",-3001.438
"5693",-3696.81
"5694",-5523.211
"5695",-6770.564
"5696",-2543.667
"5697",-2965.346
"5698",-4714.209
"5699",-7685.578
"5700",-9593.172
"5701",-6521.518
"5702",-3713.748
"5703",-13343.96
"5704",-6746.455
"5705",-2076.155
"5706",-1311.539
"5707",-1955.704
"5708",-1807.857
"5709",-8581.821
"5710",-4149.25
"5711",-4713.534
"5712",-7021.224
"5713",-7748.153
"5714",-1774.297
"5715",-13833.382
"5716",-7299.629
"5717",-5739.478
"5718",-8970.47
"5719",-3416.939
"5720",-4350.165
"5721",-4949.217
"5722",-5030.253
"5723",-6081.348
"5724",-6758.294
"5725",-3557.251
"5726",-4536.778
"5727",-4332.757
"5728",-3754.264
"5729",-7161.695
"5730",-9228.298
"5731",-4237.721
"5732",-8457.001
"5733",-4046.117
"5734",-22022.973
"5735",-3448.526
"5736",-2068.548
"5737",-4826.729
"5738",-2220.062
"5739",-7495.776
"5740",-5324.445
"5741",-7719.813
"5742",-3076.126
"5743",-4331.889
"5744",-2552.799
"5745",-4835.255
"5746",-6810.751
"5747",-2502.172
"5748",-6406.869
"5749",-7116.019
"5750",-4852.602
"5751",-5854.841
"5752",-7673.54
"5753",-7045.002
"5754",-7830.099
"5755",-8988.967
"5756",-5663.715
"5757",-7739.331
"5758",-8299.487
"5759",-1966.857
"5760",-4246.418
"5761",-11173.765
"5762",-7773.799
"5763",-10905.958
"5764",-6535.517
"5765",-3707.456
"5766",-5573.356
"5767",-7433.002
"5768",-4278.613
"5769",-2629.181
"5770",-5438.9
"5771",-4413.62
"5772",-4050.133
"5773",-1112.751
"5774",-805.795
"5775",-8252.744
"5776",-7634.387
"5777",-5553.217
"5778",-1572.878
"5779",-3706.055
"5780",-6975.827
"5781",-1365.569
"5782",-2753.151
"5783",-733.831
"5784",-3344.121
"5785",-5049.816
"5786",-1122.656
"5787",-2215.688
"5788",-459.6
"5789",-5689.062
"5790",-1741.785
"5791",-2793.601
"5792",-1697.095
"5793",-10313.046
"5794",-1784.734
"5795",-4349.871
"5796",-1466.387
"5797",-3130.463
"5798",-3391.254
"5799",-2941.704
"5800",-3284.562
"5801",-5184.177
"5802",-6781.208
"5803",-5369.382
"5804",-1206.569
"5805",-2274.136
"5806",-2576.045
"5807",-3136.138
"5808",-1510.598
"5809",-2734.788
"5810",-3431.425
"5811",-6278.957
"5812",-5361.058
"5813",-2108.07
"5814",-4089.776
"5815",-1846.05
"5816",-2186.776
"5817",-2657.414
"5818",-2917.654
"5819",-3576.732
"5820",-2875.066
"5821",-3448.801
"5822",-4881.342
"5823",-3337.278
"5824",-3584.854
"5825",-2771.453
"5826",-6876.864
"5827",-1436.949
"5828",-3713.799
"5829",-10116.441
"5830",-2731.072
"5831",-5978.441
"5832",-7692.777
"5833",-7708.04
"5834",-2643.834
"5835",-4330.518
"5836",-4174.942
"5837",-2766.211
"5838",-2677.12
"5839",-2175.427
"5840",-3208.414
"5841",-1537.279
"5842",-3844.191
"5843",-3753.871
"5844",-2807.184
"5845",-8446.693
"5846",-1033.262
"5847",-1968.387
"5848",-3150.828
"5849",-1273.496
"5850",-3364.118
"5851",-6930.892
"5852",-2986.177
"5853",-1604.693
"5854",-1029.21
"5855",-2043.624
"5856",-4827.702
"5857",-7996.426
"5858",-1327.197
"5859",-5943.404
"5860",-2561.318
"5861",-3355.664
"5862",-2853.287
"5863",-2068.529
"5864",-3618.973
"5865",-2457.88
"5866",-3480.825
"5867",-2189.962
"5868",-2945.18
"5869",-1753.714
"5870",-4791.134
"5871",-4939.659
"5872",-3215.003
"5873",-1775.155
"5874",-3220.002
"5875",-2588.626
"5876",-5289.301
"5877",-2110.583
"5878",-5870.015
"5879",-1261.836
"5880",-472.143
"5881",-2195.868
"5882",-2347.107
"5883",-947.297
"5884",-4120.595
"5885",-3573.619
"5886",-3429.493
"5887",-1857.7
"5888",-2193.95
"5889",-1357.851
"5890",-1769.539
"5891",-1651.361
"5892",-1583.162
"5893",-1868.418
"5894",-1885.435
"5895",-1138.733
"5896",-7058.979
"5897",-1989.241
"5898",-2677.957
"5899",-1011.497
"5900",-2044.034
"5901",-2328.022
"5902",-1877.719
"5903",-3683.596
"5904",-2131.38
"5905",-1459.008
"5906",-3451.235
"5907",-2335.317
"5908",-1474.564
"5909",-2765.974
"5910",-2252.046
"5911",-3292.336
"5912",-2331.319
"5913",-2300.58
"5914",-2130.486
"5915",-6751.892
"5916",-2717.263
"5917",-1645.479
"5918",-2144.071
"5919",-1450.775
"5920",-2619.253
"5921",-2245.102
"5922",-2159.726
"5923",-1839.775
"5924",-2013.589
"5925",-1371.986
"5926",-1534.752
"5927",-1323.25
"5928",-1194.663
"5929",-1214.961
"5930",-640.106
"5931",-1385.73
"5932",-1425.779
"5933",-1884.437
"5934",-942.377
"5935",-606.727
"5936",-933.758
"5937",-1553.638
"5938",-812.727
"5939",-1166.426
"5940",-2487.477
"5941",-866.583
"5942",-1343.084
"5943",-1934.078
"5944",-8313.651
"5945",-2898.497
"5946",-1607.489
"5947",-1306.38
"5948",-1981.641
"5949",-3454.05
"5950",-1451.497
"5951",-1328.302
"5952",-737.402
"5953",-1151.746
"5954",-3784.62
"5955",-1528.998
"5956",-4203.375
"5957",-4200.6
"5958",-4284.656
"5959",-3635.766
"5960",-2487.479
"5961",-2983.847
"5962",-2417.633
"5963",-2670.663
"5964",-1469.652
"5965",-2828.214
"5966",-1142.352
"5967",-1206.485
"5968",-562.997
"5969",-2326.783
"5970",-8399.755
"5971",-1945.154
"5972",-1025.65
"5973",-3194.741
"5974",-3794.849
"5975",-2769.67
"5976",-1957.902
"5977",-2741.461
"5978",-6360.247
"5979",-4391.588
"5980",-1996.708
"5981",-2219.276
"5982",-948.122
"5983",-1867.364
"5984",-1435.121
"5985",-1186.998
"5986",-3393.626
"5987",-2209.327
"5988",-5863.526
"5989",-2918.729
"5990",-3615.367
"5991",-2842.995
"5992",-3149.346
"5993",-1755.624
"5994",-3832.404
"5995",-2559.114
"5996",-5036.751
"5997",-4468.966
"5998",-2986.801
"5999",-4386.795
"6000",-1949.648
"6001",-1971.363
"6002",-7444.487
"6003",-4308.664
"6004",-996.154
"6005",-2386.001
"6006",-2756.829
"6007",-3217.171
"6008",-5232.039
"6009",-2408.314
"6010",-1020.105
"6011",-2465.542
"6012",-2419.041
"6013",-5497.701
"6014",-1420.062
"6015",-1934.349
"6016",-3490.165
"6017",-5595.465
"6018",-1883.299
"6019",-2781.792
"6020",-943.537
"6021",-3372.752
"6022",-1969.031
"6023",-9623.914
"6024",-1711.842
"6025",-1124.312
"6026",-2721.286
"6027",-5532.469
"6028",-2718.631
"6029",-5584.798
"6030",-2682.673
"6031",-3016.52
"6032",-3091.532
"6033",-3040.2
"6034",-5249.789
"6035",-2868.401
"6036",-927.736
"6037",-4171.436
"6038",-1807.063
"6039",-903.481
"6040",-8477.072
"6041",-1696.318
"6042",-1132.166
"6043",-2533.297
"6044",-603.68
"6045",-1089.559
"6046",-2353.176
"6047",-1268.82
"6048",-2426.779
"6049",-835.867
"6050",-4248.97
"6051",-5773.786
"6052",-1920.249
"6053",-3003.624
"6054",-5061.178
"6055",-1009.939
"6056",-1610.783
"6057",-1055.697
"6058",-801.194
"6059",-1977.778
"6060",-3107.559
"6061",-1990.173
"6062",-3777.058
"6063",-2570.934
"6064",-2104.931
"6065",-2043.053
"6066",-3572.554
"6067",-461.313
"6068",-900.034
"6069",-1382.221
"6070",-1945.333
"6071",-3300.745
"6072",-1830.882
"6073",-3180.649
"6074",-2446.132
"6075",-2409.322
"6076",-3082.574
"6077",-398.415
"6078",-2401.224
"6079",-1798.456
"6080",-3627.54
"6081",-4797.372
"6082",-4476.2
"6083",-1534.965
"6084",-4015.482
"6085",-2967.568
"6086",-8470.253
"6087",-637.722
"6088",-3885.527
"6089",-2165.969
"6090",-4232.519
"6091",-6251.323
"6092",-3254.791
"6093",-7532.175
"6094",-1253.814
"6095",-685.08
"6096",-2682.118
"6097",-3871.823
"6098",-1479.324
"6099",-1950.393
"6100",-2703.943
"6101",-8389.227
"6102",-2352.519
"6103",-3499.677
"6104",-3208.105
"6105",-2267.294
"6106",-4235.751
"6107",-511.543
"6108",-889.172
"6109",-552.635
"6110",-1745.903
"6111",-2116.216
"6112",-2010.197
"6113",-5855.385
"6114",-997.698
"6115",-2958.843
"6116",-2145.551
"6117",-1188.581
"6118",-6589.557
"6119",-4094.705
"6120",-2060.425
"6121",-4448.241
"6122",-1518.884
"6123",-4979.546
"6124",-1194.46
"6125",-1642.684
"6126",-8485.42
"6127",-2937.837
"6128",-3055.982
"6129",-2746.327
"6130",-1157.275
"6131",-8134.798
"6132",-1776.072
"6133",-3665.348
"6134",-626.96
"6135",-3810.806
"6136",-4314.449
"6137",-3393.22
"6138",-5089.552
"6139",-1331.428
"6140",-3540.581
"6141",-2135.007
"6142",-5422.049
"6143",-2602.01
"6144",-3883.142
"6145",-3919.288
"6146",-2581.321
"6147",-2476.753
"6148",-1850.652
"6149",-5197.576
"6150",-1093.885
"6151",-5612.816
"6152",-3246.203
"6153",-1953.786
"6154",-2238.359
"6155",-1589.53
"6156",-9930.447
"6157",-2261.612
"6158",-2447.231
"6159",-1288.236
"6160",-4370.909
"6161",-4310.992
"6162",-2242.557
"6163",-3330.018
"6164",-6847.885
"6165",-2830.955
"6166",-3315.286
"6167",-2440.7
"6168",-9157.776
"6169",-4132.432
"6170",-3832.734
"6171",-3409.298
"6172",-2268.399
"6173",-3222.918
"6174",-1509.539
"6175",-1154.849
"6176",-3202.647
"6177",-3422.466
"6178",-4524.572
"6179",-2594.712
"6180",-1941.519
"6181",-1635.7
"6182",-4176.925
"6183",-4303.406
"6184",-1186.384
"6185",-3420.124
"6186",-2952.346
"6187",-2674.163
"6188",-2504.01
"6189",-1137.537
"6190",-1887.373
"6191",-3507.123
"6192",-2514.368
"6193",-4834.301
"6194",-1128.058
"6195",-3549.28
"6196",-6122.234
"6197",-1657.892
"6198",-1821.156
"6199",-1357.181
"6200",-2377.43
"6201",-2926.706
"6202",-2503.186
"6203",-1154.483
"6204",-2629.608
"6205",-3402.274
"6206",-3605.82
"6207",-2665.217
"6208",-3982.28
"6209",-2103.646
"6210",-6422.991
"6211",-5999.394
"6212",-2519.081
"6213",-4013.985
"6214",-2016.062
"6215",-8135.049
"6216",-4740.305
"6217",-4552.198
"6218",-7304.907
"6219",-5610.715
"6220",-5108.061
"6221",-3348.21
"6222",-1557.365
"6223",-2255.526
"6224",-3044.058
"6225",-4093.97
"6226",-5167.963
"6227",-5394.705
"6228",-4225.85
"6229",-3663.867
"6230",-1423.562
"6231",-3117.447
"6232",-1684.917
"6233",-3497.428
"6234",-1603.727
"6235",-2587.611
"6236",-2766.637
"6237",-1516.552
"6238",-1742.656
"6239",-1275.964
"6240",-2580.378
"6241",-3770.981
"6242",-4120.169
"6243",-1540.963
"6244",-862.853
"6245",-1437.073
"6246",-6515.309
"6247",-1477.626
"6248",-958.522
"6249",-1327.243
"6250",-2690.369
"6251",-1802.98
"6252",-3920.315
"6253",-2298.008
"6254",-2699.506
"6255",-2195.824
"6256",-2357.883
"6257",-1028.188
"6258",-3770.851
"6259",-1398.521
"6260",-3505.57
"6261",-5315.92
"6262",-2091.911
"6263",-4432.793
"6264",-1752.402
"6265",-1878.561
"6266",-1978.477
"6267",-7302.285
"6268",-902.493
"6269",-3462.427
"6270",-2678.061
"6271",-3180.864
"6272",-1350.277
"6273",-6285.074
"6274",-2348.17
"6275",-6091.689
"6276",-4095.671
"6277",-2942.074
"6278",-4731.888
"6279",-2345.712
"6280",-3243.152
"6281",-6010.02
"6282",-4146.086
"6283",-1924.18
"6284",-1119.614
"6285",-2686.523
"6286",-2660.211
"6287",-3534.948
"6288",-2910.975
"6289",-4187.963
"6290",-893.972
"6291",-1978.558
"6292",-8840.123
"6293",-1420.587
"6294",-5859.47
"6295",-4568.484
"6296",-3287.79
"6297",-6909.185
"6298",-4457.368
"6299",-2538.048
"6300",-13796.475
"6301",-4000.945
"6302",-2658.119
"6303",-891.823
"6304",-4566.812
"6305",-5109.061
"6306",-2930.899
"6307",-3559.44
"6308",-3340.506
"6309",-2402.468
"6310",-1217.468
"6311",-2047.989
"6312",-3555.702
"6313",-3892.415
"6314",-3433.702
"6315",-5250.065
"6316",-4928.337
"6317",-4713.747
"6318",-1911.512
"6319",-3617.675
"6320",-3207.542
"6321",-2828.915
"6322",-3737.77
"6323",-5689.645
"6324",-1437.768
"6325",-2236.342
"6326",-5202.128
"6327",-2007.982
"6328",-2391.189
"6329",-1754.537
"6330",-8071.802
"6331",-1561.995
"6332",-4934.662
"6333",-1683.584
"6334",-3180.905
"6335",-1663.223
"6336",-3424.566
"6337",-5144.444
"6338",-4783.931
"6339",-4520.096
"6340",-2370.685
"6341",-3135.78
"6342",-6530.781
"6343",-1397.71
"6344",-4564.992
"6345",-2007.414
"6346",-3474.664
"6347",-15245.782
"6348",-1819.751
"6349",-5617.096
"6350",-988.097
"6351",-3612.606
"6352",-3464.782
"6353",-4145.036
"6354",-1905.944
"6355",-4864.086
"6356",-2106.814
"6357",-2492.073
"6358",-2255.659
"6359",-2802.127
"6360",-2915.426
"6361",-5472.534
"6362",-2971.313
"6363",-1163.678
"6364",-3036.852
"6365",-2875.642
"6366",-3723.685
"6367",-9131.638
"6368",-3132.548
"6369",-4259.423
"6370",-3013.865
"6371",-3567.149
"6372",-1910.868
"6373",-6978.915
"6374",-1211.68
"6375",-2433.121
"6376",-2557.315
"6377",-2606.481
"6378",-5820.493
"6379",-8418.467
"6380",-2476.556
"6381",-1162.593
"6382",-1021.059
"6383",-5580.928
"6384",-2466.707
"6385",-3608.779
"6386",-1917.791
"6387",-3979.534
"6388",-3992.586
"6389",-2673.493
"6390",-6714.82
"6391",-3238.677
"6392",-2394.013
"6393",-3389.924
"6394",-4462.117
"6395",-2432.256
"6396",-1904.587
"6397",-1295.461
"6398",-2985.531
"6399",-2685.554
"6400",-2309.233
"6401",-2653.117
"6402",-2703.431
"6403",-2575.131
"6404",-1575.477
"6405",-5045.855
"6406",-1531.403
"6407",-3585.737
"6408",-4254.585
"6409",-3639.429
"6410",-3536.8
"6411",-3100.252
"6412",-1850.584
"6413",-1770.8
"6414",-1492.472
"6415",-915.746
"6416",-1790.359
"6417",-2058.684
"6418",-3378.094
"6419",-3793.068
"6420",-8299.619
"6421",-2240.415
"6422",-2629.266
"6423",-2742.746
"6424",-2611.635
"6425",-3683.629
"6426",-4967.779
"6427",-1386.958
"6428",-2622.655
"6429",-2031.41
"6430",-4073.169
"6431",-13584.669
"6432",-3365.045
"6433",-5427.049
"6434",-1424.912
"6435",-1884.379
"6436",-2708.809
"6437",-2008.241
"6438",-5968.195
"6439",-2065.68
"6440",-3278.267
"6441",-1072.952
"6442",-1095.979
"6443",-1932.347
"6444",-1815.914
"6445",-1115.96
"6446",-2352.506
"6447",-2046.817
"6448",-7190.796
"6449",-3063.625
"6450",-2269.75
"6451",-3781.812
"6452",-1727.674
"6453",-3856.03
"6454",-2304.253
"6455",-1917.729
"6456",-2032.188
"6457",-3468.919
"6458",-2539.28
"6459",-1456.247
"6460",-2416.76
"6461",-4004.004
"6462",-2296.465
"6463",-490.923
"6464",-4032.42
"6465",-888.331
"6466",-2970.545
"6467",-3894.714
"6468",-4688.415
"6469",-9350.377
"6470",-1456.652
"6471",-1296.245
"6472",-2827.246
"6473",-1697.446
"6474",-2097.821
"6475",-4004.804
"6476",-4770.473
"6477",-1508.482
"6478",-7580.799
"6479",-2780.674
"6480",-1320.769
"6481",-4325.772
"6482",-3025.249
"6483",-455.376
"6484",-1741.425
"6485",-1612.198
"6486",-3751.733
"6487",-4716.361
"6488",-6675.53
"6489",-5459.574
"6490",-4974.794
"6491",-2364.813
"6492",-2814.425
"6493",-674.106
"6494",-3733.827
"6495",-1251.401
"6496",-840.683
"6497",-1170.649
"6498",-5512.181
"6499",-1983.517
"6500",-2096.68
"6501",-1910.569
"6502",-1911.779
"6503",-2260.731
"6504",-2884.723
"6505",-5378.205
"6506",-1745.073
"6507",-2531.681
"6508",-4671.3
"6509",-6047.877
"6510",-2459.149
"6511",-5192.589
"6512",-1163.767
"6513",-2661.786
"6514",-2867.533
"6515",-1908.179
"6516",-4807.21
"6517",-2053.297
"6518",-5661.714
"6519",-1249.562
"6520",-2850.219
"6521",-4414.296
"6522",-1137.211
"6523",-4200.805
"6524",-8868.949
"6525",-8971.768
"6526",-8409.772
"6527",-1685.979
"6528",-3172.399
"6529",-3514.38
"6530",-4443.023
"6531",-2557.989
"6532",-1376.349
"6533",-5514.088
"6534",-1503.678
"6535",-347.878
"6536",-822.96
"6537",-1677.073
"6538",-6764.911
"6539",-12124.237
"6540",-3004.759
"6541",-2636.933
"6542",-2896.851
"6543",-4997.774
"6544",-2748.319
"6545",-1025.767
"6546",-1536.844
"6547",-1352.398
"6548",-1011.877
"6549",-3090.645
"6550",-4577.526
"6551",-1828.685
"6552",-966.851
"6553",-1910.74
"6554",-6051.657
"6555",-4721.779
"6556",-3623.968
"6557",-2436.608
"6558",-4372.451
"6559",-1717.926
"6560",-3325.277
"6561",-2219.13
"6562",-5909.567
"6563",-3614.934
"6564",-1100.161
"6565",-904.16
"6566",-1228.765
"6567",-2369.075
"6568",-3550.835
"6569",-1233.963
"6570",-2015.108
"6571",-4258.788
"6572",-2982.892
"6573",-823.686
"6574",-2564.009
"6575",-1834.133
"6576",-2557.262
"6577",-5910.482
"6578",-2632.854
"6579",-2796.268
"6580",-690.897
"6581",-3447.552
"6582",-591.999
"6583",-1866.709
"6584",-1959.671
"6585",-1538.951
"6586",-1933.378
"6587",-969.117
"6588",-1941.324
"6589",-3337.562
"6590",-4500.696
"6591",-2704.438
"6592",-3746.169
"6593",-1786.223
"6594",-3580.982
"6595",-344.147
"6596",-1052.725
"6597",-448.68
"6598",-2824.766
"6599",-2261.855
"6600",-1425.403
"6601",-1589.599
"6602",-6076.798
"6603",-2285.164
"6604",-3350.139
"6605",-4923.508
"6606",-5064.806
"6607",-2835.471
"6608",-2087.354
"6609",-526.552
"6610",-8277.754
"6611",-6204.484
"6612",-3877.192
"6613",-2444.118
"6614",-9910.651
"6615",-6293.062
"6616",-4728.757
"6617",-4660.28
"6618",-1306.144
"6619",-3697.533
"6620",-3879.246
"6621",-1336.118
"6622",-2653.669
"6623",-3767.909
"6624",-968.553
"6625",-3343.352
"6626",-1239.95
"6627",-2305.208
"6628",-2109.597
"6629",-3727.467
"6630",-4037.434
"6631",-3278.545
"6632",-3747.477
"6633",-2498.411
"6634",-1187.534
"6635",-4128.98
"6636",-1611.342
"6637",-1416.353
"6638",-837.109
"6639",-3167.821
"6640",-2389.63
"6641",-5318.696
"6642",-4854.806
"6643",-2712.774
"6644",-2684.146
"6645",-1842.766
"6646",-1179.315
"6647",-1054.488
"6648",-828.122
"6649",-784.018
"6650",-8063.684
"6651",-2252.797
"6652",-5286.496
"6653",-2705.543
"6654",-2702.419
"6655",-6335.197
"6656",-2072.317
"6657",-6130.053
"6658",-2377.732
"6659",-2010.672
"6660",-1297.996
"6661",-2033.309
"6662",-3053.049
"6663",-4055.927
"6664",-1709.309
"6665",-4418.461
"6666",-1006.267
"6667",-1610.886
"6668",-1597.797
"6669",-2449.38
"6670",-6916.177
"6671",-1412.017
"6672",-1441.992
"6673",-1669.243
"6674",-2914.582
"6675",-592.126
"6676",-972.759
"6677",-2299.569
"6678",-1939.369
"6679",-3259.762
"6680",-868.504
"6681",-3057.32
"6682",-3704.258
"6683",-2345.421
"6684",-3643.837
"6685",-3331.537
"6686",-3840.149
"6687",-7757.624
"6688",-2800.964
"6689",-5486.91
"6690",-2652.157
"6691",-4524.25
"6692",-7499.891
"6693",-2329.725
"6694",-4992.451
"6695",-8234.44
"6696",-2809.816
"6697",-5258.646
"6698",-8438.861
"6699",-4562.157
"6700",-12264.224
"6701",-2679.026
"6702",-8938.092
"6703",-5520.355
"6704",-8625.358
"6705",-2703.149
"6706",-12473.023
"6707",-9339.771
"6708",-5783.481
"6709",-3130.893
"6710",-4887.787
"6711",-4662.474
"6712",-2394.531
"6713",-4839.981
"6714",-4278.61
"6715",-2813.281
"6716",-4665.69
"6717",-3066.556
"6718",-3609.114
"6719",-4308.703
"6720",-2721.609
"6721",-4009.43
"6722",-3842.076
"6723",-3190.742
"6724",-3920.364
"6725",-2755.425
"6726",-2982.687
"6727",-9357.648
"6728",-4123.04
"6729",-4035.356
"6730",-4084.441
"6731",-7698.487
"6732",-3737.715
"6733",-5171.724
"6734",-4712.854
"6735",-7698.827
"6736",-6677.959
"6737",-3266.572
"6738",-7582.077
"6739",-6567.845
"6740",-3971.444
"6741",-5311.551
"6742",-6783.732
"6743",-4853.595
"6744",-5585.937
"6745",-5211.799
"6746",-2506.191
"6747",-6022.878
"6748",-11427.464
"6749",-2255.541
"6750",-2145.212
"6751",-3578.068
"6752",-5222.134
"6753",-4420.692
"6754",-3745.307
"6755",-4491.808
"6756",-5307.236
"6757",-3442.998
"6758",-4543.657
"6759",-952.801
"6760",-2791.201
"6761",-6512.822
"6762",-7011.142
"6763",-3712.774
"6764",-8789.732
"6765",-2485.989
"6766",-1982.496
"6767",-1467.66
"6768",-1176.289
"6769",-1914.587
"6770",-1312.957
"6771",-1381.758
"6772",-2099.645
"6773",-2075.478
"6774",-2720.626
"6775",-785.608
"6776",-3660.463
"6777",-1415.201
"6778",-548.988
"6779",-1299.547
"6780",-770.767
"6781",-10959.499
"6782",-4350.415
"6783",-1346.302
"6784",-2508.398
"6785",-4824.993
"6786",-2904.811
"6787",-3009.813
"6788",-821.734
"6789",-5642.912
"6790",-2426.065
"6791",-8564.032
"6792",-5053.834
"6793",-3954.451
"6794",-5003.959
"6795",-1436.099
"6796",-1862.086
"6797",-6788.554
"6798",-886.396
"6799",-3860.852
"6800",-466.749
"6801",-1519.053
"6802",-6047.72
"6803",-1982.512
"6804",-6931.578
"6805",-5755.619
"6806",-4606.462
"6807",-2444.691
"6808",-2839.592
"6809",-3202.084
"6810",-4764.609
"6811",-770.597
"6812",-6443.563
"6813",-1968.131
"6814",-3027.394
"6815",-2334.27
"6816",-1707.768
"6817",-1623.69
"6818",-1661.215
"6819",-1818.792
"6820",-1592.863
"6821",-828.751
"6822",-1821.251
"6823",-1516.575
"6824",-15335.866
"6825",-4121.777
"6826",-3414.401
"6827",-1182.943
"6828",-4456.492
"6829",-3710.347
"6830",-1114.339
"6831",-1978.188
"6832",-2037.683
"6833",-723.278
"6834",-1160.866
"6835",-2180.562
"6836",-4080.127
"6837",-3755.204
"6838",-1002.989
"6839",-535.97
"6840",-3126.136
"6841",-4631.038
"6842",-2843.374
"6843",-4193.797
"6844",-2123.302
"6845",-3437.481
"6846",-4318.067
"6847",-1681.511
"6848",-2930.595
"6849",-2353.968
"6850",-1225.221
"6851",-4395.12
"6852",-2763.178
"6853",-1163.835
"6854",-1567.73
"6855",-2474.349
"6856",-1536.317
"6857",-1443.092
"6858",-5855.787
"6859",-2460.28
"6860",-817.217
"6861",-3063.923
"6862",-4792.376
"6863",-5637.577
"6864",-4207.425
"6865",-4198.746
"6866",-6414.174
"6867",-1055.206
"6868",-3622.194
"6869",-2605.502
"6870",-1969.915
"6871",-4460.448
"6872",-2378.983
"6873",-2669.666
"6874",-4647.188
"6875",-2560.125
"6876",-614.108
"6877",-2189.907
"6878",-726.931
"6879",-2249.358
"6880",-773.19
"6881",-4110.457
"6882",-5592.39
"6883",-7757.285
"6884",-2070.668
"6885",-3255.527
"6886",-641.016
"6887",-3842.508
"6888",-3618.466
"6889",-2712.534
"6890",-3917.775
"6891",-6278.089
"6892",-1592.345
"6893",-2405.824
"6894",-2812.575
"6895",-2135.95
"6896",-2008.824
"6897",-6890.587
"6898",-2987.479
"6899",-1961.868
"6900",-1382.899
"6901",-2460.083
"6902",-4104.17
"6903",-6267.14
"6904",-1722.538
"6905",-3671.416
"6906",-10417.092
"6907",-6298.586
"6908",-931.397
"6909",-4247.378
"6910",-5745.308
"6911",-3286.393
"6912",-1654.098
"6913",-2494.952
"6914",-2929.923
"6915",-3709.723
"6916",-1902.728
"6917",-1883.71
"6918",-7255.092
"6919",-1832.927
"6920",-1289.316
"6921",-5665.819
"6922",-743.38
"6923",-2263.393
"6924",-2728.48
"6925",-2620.415
"6926",-1322.707
"6927",-4389.374
"6928",-1596.454
"6929",-844.524
"6930",-2198.26
"6931",-5371.235
"6932",-777.798
"6933",-1836.467
"6934",-5359.741
"6935",-2440.116
"6936",-3301.769
"6937",-8335.04
"6938",-2092.63
"6939",-1956.428
"6940",-1784.462
"6941",-5468.43
"6942",-4784.961
"6943",-1404.642
"6944",-5763.146
"6945",-5698.624
"6946",-3172.735
"6947",-2937.238
"6948",-3472.697
"6949",-2335.643
"6950",-3183.939
"6951",-960.45
"6952",-1877.914
"6953",-4036.314
"6954",-4748.629
"6955",-3525.777
"6956",-3942.929
"6957",-5856.142
"6958",-3640.429
"6959",-1408.498
"6960",-4057.88
"6961",-2363.408
"6962",-966.902
"6963",-2077.774
"6964",-5724.798
"6965",-1653.241
"6966",-1256.625
"6967",-3581.444
"6968",-1351.168
"6969",-3406.793
"6970",-3605.136
"6971",-2142.713
"6972",-1787.408
"6973",-1532.306
"6974",-1341.22
"6975",-2452.428
"6976",-3511.711
"6977",-1753.682
"6978",-2859.127
"6979",-2533.515
"6980",-8418.877
"6981",-1593.36
"6982",-2335.577
"6983",-5596.7
"6984",-2416.144
"6985",-1634.094
"6986",-1711.112
"6987",-3833.356
"6988",-1020.522
"6989",-1825.535
"6990",-4068.353
"6991",-5368.039
"6992",-3628.822
"6993",-3935.115
"6994",-2804.706
"6995",-7067.671
"6996",-7048.185
"6997",-2245.132
"6998",-7095.891
"6999",-4104.232
"7000",-4581.43
"7001",-2845.08
"7002",-3209.091
"7003",-1531.262
"7004",-946.13
"7005",-2653.518
"7006",-3719.663
"7007",-3103.957
"7008",-4374.918
"7009",-2118.892
"7010",-855.807
"7011",-3190.008
"7012",-7374.133
"7013",-9677.142
"7014",-3579.295
"7015",-5744.554
"7016",-1833.842
"7017",-12599.7
"7018",-1798.667
"7019",-3199.881
"7020",-1488.025
"7021",-2575.691
"7022",-2018.408
"7023",-4199.658
"7024",-2578.471
"7025",-4000.082
"7026",-2686.264
"7027",-2357.491
"7028",-1362.661
"7029",-2713.23
"7030",-3244.757
"7031",-1590.637
"7032",-2734.317
"7033",-1233.616
"7034",-1258.176
"7035",-1860.612
"7036",-1237.632
"7037",-795.151
"7038",-3398.018
"7039",-2022.342
"7040",-1067.198
"7041",-2152.497
"7042",-2837.054
"7043",-1029.436
"7044",-1679.686
"7045",-4300.97
"7046",-3316.474
"7047",-533.685
"7048",-978.056
"7049",-1443.9
"7050",-2908.56
"7051",-1912.461
"7052",-2210.685
"7053",-1928.909
"7054",-5680.862
"7055",-1711.878
"7056",-1220.537
"7057",-1633.254
"7058",-7639.493
"7059",-3831.155
"7060",-1659.464
"7061",-3542.361
"7062",-1508.994
"7063",-5165.436
"7064",-1690.929
"7065",-2269.239
"7066",-1873.484
"7067",-1329.856
"7068",-2278.365
"7069",-3250.895
"7070",-1610.054
"7071",-2195.892
"7072",-1816.878
"7073",-5823.562
"7074",-1889.199
"7075",-3590.282
"7076",-1625.436
"7077",-1491.679
"7078",-1193.072
"7079",-2611.348
"7080",-2871.16
"7081",-1688.425
"7082",-2011.901
"7083",-2815.618
"7084",-1579.755
"7085",-553.945
"7086",-3026.19
"7087",-1870.55
"7088",-1562.251
"7089",-2959.176
"7090",-3870.802
"7091",-2391.683
"7092",-3801.896
"7093",-804.298
"7094",-1856.395
"7095",-4475.056
"7096",-3804.24
"7097",-4129.941
"7098",-7251.951
"7099",-3826.813
"7100",-4621.281
"7101",-3855.267
"7102",-3562.684
"7103",-1872.536
"7104",-1873.017
"7105",-5468.231
"7106",-2988.696
"7107",-3175.45
"7108",-5363.211
"7109",-2491.563
"7110",-2534.905
"7111",-1566.525
"7112",-1979.435
"7113",-1229.952
"7114",-862.902
"7115",-3802.195
"7116",-3734.638
"7117",-3896.149
"7118",-1285.927
"7119",-7688.798
"7120",-2089.93
"7121",-1921.713
"7122",-3072.136
"7123",-2578.024
"7124",-2701.334
"7125",-1338.227
"7126",-4662.41
"7127",-2181.529
"7128",-3280.455
"7129",-1541.022
"7130",-4475.992
"7131",-5297.435
"7132",-3406.201
"7133",-6576.828
"7134",-2062.844
"7135",-789.387
"7136",-4529.994
"7137",-4025.721
"7138",-3151.288
"7139",-3065.923
"7140",-2605.286
"7141",-11726.493
"7142",-2661.41
"7143",-5548.29
"7144",-2352.935
"7145",-2455.057
"7146",-2190.762
"7147",-2195.41
"7148",-3616.074
"7149",-6223.885
"7150",-3701.494
"7151",-795.025
"7152",-5580.097
"7153",-4018.421
"7154",-1799.06
"7155",-2372.793
"7156",-1846.018
"7157",-2821.54
"7158",-1594.759
"7159",-4540.109
"7160",-1949.412
"7161",-4195.799
"7162",-1109.563
"7163",-5083.54
"7164",-8877.605
"7165",-1264.298
"7166",-2401.056
"7167",-1288.824
"7168",-1994.42
"7169",-1146.986
"7170",-3652.915
"7171",-882.187
"7172",-2324.508
"7173",-3436.301
"7174",-744.23
"7175",-2104.458
"7176",-3709.148
"7177",-2688.451
"7178",-2764.203
"7179",-3053.332
"7180",-1596.065
"7181",-3538.793
"7182",-1811.23
"7183",-3628.534
"7184",-5441.624
"7185",-4534.048
"7186",-4456.325
"7187",-2690.973
"7188",-1951.963
"7189",-4081.373
"7190",-2496.673
"7191",-2280.466
"7192",-1376.104
"7193",-8692.449
"7194",-3697.133
"7195",-2243.829
"7196",-1740.484
"7197",-5489.617
"7198",-3470.168
"7199",-3167.934
"7200",-2567.738
"7201",-2212.886
"7202",-4057
"7203",-3158.531
"7204",-5424.043
"7205",-3187.466
"7206",-1974.136
"7207",-4937.132
"7208",-2304.971
"7209",-1913.045
"7210",-4911.22
"7211",-2098.794
"7212",-1019.777
"7213",-1820.505
"7214",-4332.062
"7215",-14877.24
"7216",-4420.658
"7217",-1456.089
"7218",-4458.06
"7219",-7233.321
"7220",-4753.252
"7221",-4711.509
"7222",-2344.488
"7223",-2164.107
"7224",-1389.833
"7225",-945.555
"7226",-5139.145
"7227",-2117.585
"7228",-3088.005
"7229",-4115.712
"7230",-1735.138
"7231",-3655.775
"7232",-2598.666
"7233",-6007.754
"7234",-7656.844
"7235",-3636.585
"7236",-1017.285
"7237",-3444.304
"7238",-724.528
"7239",-1901.51
"7240",-2234.291
"7241",-2442.884
"7242",-3234.73
"7243",-1985.05
"7244",-5392.463
"7245",-3402.393
"7246",-3284.916
"7247",-4495.985
"7248",-2558.601
"7249",-4156.644
"7250",-2605.164
"7251",-2484.775
"7252",-3326.236
"7253",-2965.848
"7254",-2630.35
"7255",-1268.496
"7256",-2601.479
"7257",-1553.209
"7258",-3345.111
"7259",-1746.939
"7260",-1440.598
"7261",-2010.889
"7262",-2311.791
"7263",-2695.092
"7264",-4287.527
"7265",-3716.812
"7266",-1581.673
"7267",-6000.56
"7268",-1047.678
"7269",-850.01
"7270",-2121.162
"7271",-2637.459
"7272",-979.705
"7273",-3527.694
"7274",-12523.802
"7275",-3585.155
"7276",-4707.753
"7277",-4197.409
"7278",-6795.832
"7279",-2034.127
"7280",-2370.867
"7281",-4752.618
"7282",-2584.849
"7283",-4535.475
"7284",-1994.312
"7285",-2860.731
"7286",-2762.548
"7287",-2728.134
"7288",-3521.505
"7289",-2076.864
"7290",-2234.895
"7291",-1908.633
"7292",-2495.482
"7293",-2573.423
"7294",-1804.501
"7295",-3278.803
"7296",-2290.905
"7297",-1913.985
"7298",-1658.739
"7299",-2446.737
"7300",-2962.13
"7301",-1072.192
"7302",-4289.414
"7303",-3846.742
"7304",-2622.04
"7305",-4178.59
"7306",-1948.175
"7307",-3217.389
"7308",-4151.185
"7309",-652.203
"7310",-2034.142
"7311",-3842.349
"7312",-1405.128
"7313",-929.642
"7314",-2625.495
"7315",-1412.703
"7316",-3557.528
"7317",-833.866
"7318",-7721.886
"7319",-2028.641
"7320",-4923.487
"7321",-4040.438
"7322",-1923.518
"7323",-3023.3
"7324",-659.159
"7325",-665.76
"7326",-1477.019
"7327",-1656.347
"7328",-1706.299
"7329",-3281.87
"7330",-2544.021
"7331",-1100.141
"7332",-4602.007
"7333",-1203.764
"7334",-3550.945
"7335",-6279.233
"7336",-2253.591
"7337",-5701.335
"7338",-1195.745
"7339",-3135.638
"7340",-2158.422
"7341",-2822.717
"7342",-1419.726
"7343",-1095.339
"7344",-5773.558
"7345",-1808.323
"7346",-5307.526
"7347",-1887.305
"7348",-858.066
"7349",-2745.844
"7350",-531.07
"7351",-465.681
"7352",-2544.839
"7353",-1371.863
"7354",-2302.138
"7355",-603.423
"7356",-2286.242
"7357",-1573.449
"7358",-2242.926
"7359",-3520.372
"7360",-1964.665
"7361",-3668.327
"7362",-3368.03
"7363",-1827.69
"7364",-2445.402
"7365",-2634.45
"7366",-641.86
"7367",-6165.311
"7368",-2992.741
"7369",-943.78
"7370",-5394.317
"7371",-1697.404
"7372",-1105.508
"7373",-3032.531
"7374",-994.819
"7375",-1066.598
"7376",-1603.427
"7377",-769.844
"7378",-2614.054
"7379",-1373.528
"7380",-2429.231
"7381",-3329.322
"7382",-2564.398
"7383",-4147.748
"7384",-637.86
"7385",-1435.433
"7386",-2935.89
"7387",-4836.013
"7388",-2178.867
"7389",-509.259
"7390",-4186.545
"7391",-5258.511
"7392",-4292.976
"7393",-1500.773
"7394",-3939.473
"7395",-3470.293
"7396",-3232.355
"7397",-3550.097
"7398",-2046.005
"7399",-1872.702
"7400",-4776.301
"7401",-1701.569
"7402",-2965.619
"7403",-1903.327
"7404",-1640.323
"7405",-836.122
"7406",-2830.49
"7407",-1653.306
"7408",-4804.024
"7409",-2992.632
"7410",-1496.499
"7411",-4934.773
"7412",-2556.53
"7413",-3805.162
"7414",-1419.868
"7415",-2009.426
"7416",-8291.389
"7417",-3278.851
"7418",-1168.03
"7419",-2467.124
"7420",-6200.597
"7421",-807.634
"7422",-4507.824
"7423",-5230.883
"7424",-3129.035
"7425",-2242.556
"7426",-4993.088
"7427",-1848.266
"7428",-2937.618
"7429",-2125.817
"7430",-1157.618
"7431",-5580.614
"7432",-2205.435
"7433",-3450.256
"7434",-1514.104
"7435",-6521.098
"7436",-3243.632
"7437",-6865.685
"7438",-2311.833
"7439",-12213.136
"7440",-2554.999
"7441",-2270.508
"7442",-6834.096
"7443",-5223.522
"7444",-1786.009
"7445",-1323.035
"7446",-2066.952
"7447",-7160.545
"7448",-2091.218
"7449",-765.708
"7450",-628.127
"7451",-1829.301
"7452",-5796.389
"7453",-5167.327
"7454",-6338.414
"7455",-3913.287
"7456",-1314.532
"7457",-947.921
"7458",-2012.774
"7459",-1360.009
"7460",-1700.237
"7461",-765.487
"7462",-1418.268
"7463",-2957.635
"7464",-1326.294
"7465",-1361.315
"7466",-1948.021
"7467",-1021.253
"7468",-2829.192
"7469",-3243.057
"7470",-1319.975
"7471",-1089.366
"7472",-1666.701
"7473",-952.132
"7474",-1894.178
"7475",-1880.945
"7476",-1756.911
"7477",-1379.33
"7478",-1321.314
"7479",-1635.799
"7480",-779.35
"7481",-763.908
"7482",-2550.391
"7483",-2623.252
"7484",-1884.859
"7485",-2745.703
"7486",-1998.859
"7487",-1773.902
"7488",-990.011
"7489",-2921.087
"7490",-1385.106
"7491",-2129.131
"7492",-1216.009
"7493",-2024.918
"7494",-1544.308
"7495",-477.534
"7496",-6154.174
"7497",-5036.963
"7498",-8358.635
"7499",-1199.716
"7500",-644.111
"7501",-827.79
"7502",-6299.409
"7503",-2421.213
"7504",-4018.37
"7505",-6612.093
"7506",-4113.649
"7507",-2212.125
"7508",-2111.212
"7509",-4047.273
"7510",-7928.645
"7511",-2994.742
"7512",-2012.378
"7513",-826.481
"7514",-2641.714
"7515",-5964.481
"7516",-3169.103
"7517",-642.062
"7518",-995.803
"7519",-2543.903
"7520",-2053.139
"7521",-2548.565
"7522",-2241.26
"7523",-613.867
"7524",-2629.477
"7525",-2519.424
"7526",-4316.914
"7527",-769.811
"7528",-2403.389
"7529",-1194.06
"7530",-2363.577
"7531",-2255.664
"7532",-7669.247
"7533",-1386.96
"7534",-1426.485
"7535",-753.207
"7536",-3207.027
"7537",-563.07
"7538",-3439.585
"7539",-1913.407
"7540",-1248.918
"7541",-2165.577
"7542",-3111.35
"7543",-5210.244
"7544",-3194.603
"7545",-3347.184
"7546",-1443.321
"7547",-862.165
"7548",-1711.491
"7549",-3999.372
"7550",-1308.687
"7551",-3034.665
"7552",-3418.523
"7553",-3462.012
"7554",-3652.118
"7555",-3475.633
"7556",-2545.316
"7557",-4050.647
"7558",-1277.941
"7559",-3767.984
"7560",-1575.257
"7561",-2913.3
"7562",-5574.228
"7563",-2205.402
"7564",-1640.281
"7565",-3229.393
"7566",-513.233
"7567",-3261.537
"7568",-3367.863
"7569",-1604.059
"7570",-2780.247
"7571",-1971.729
"7572",-3473.628
"7573",-3271.042
"7574",-2777.9
"7575",-4715.422
"7576",-1802.635
"7577",-6671.48
"7578",-2720.007
"7579",-3430.996
"7580",-2974.85
"7581",-4486.919
"7582",-2002.869
"7583",-3118.576
"7584",-2310.461
"7585",-3259.88
"7586",-1498.068
"7587",-2466.592
"7588",-7347.81
"7589",-1026.822
"7590",-3289.266
"7591",-2002.319
"7592",-2994.877
"7593",-2883.348
"7594",-2142.786
"7595",-3799.254
"7596",-3931.031
"7597",-4863.508
"7598",-3148.17
"7599",-2925.94
"7600",-898.495
"7601",-3114.732
"7602",-2509.935
"7603",-3070.127
"7604",-3319.806
"7605",-1202.215
"7606",-3243.843
"7607",-436.17
"7608",-4203.41
"7609",-2513.39
"7610",-1273.233
"7611",-416.104
"7612",-679.45
"7613",-1549.027
"7614",-5234.81
"7615",-2089.495
"7616",-4929.05
"7617",-2379.086
"7618",-1662.817
"7619",-3019.462
"7620",-2842.263
"7621",-2201.902
"7622",-3942.583
"7623",-1710.664
"7624",-2618.264
"7625",-4845.203
"7626",-3948.951
"7627",-1364.452
"7628",-2052.187
"7629",-2117.689
"7630",-1134.425
"7631",-3439.993
"7632",-3875.262
"7633",-3866.211
"7634",-1332.045
"7635",-2264.899
"7636",-3011.766
"7637",-3538.837
"7638",-1056.032
"7639",-1172.984
"7640",-1469.103
"7641",-2686.969
"7642",-4492.684
"7643",-3059.388
"7644",-3058.549
"7645",-2379.497
"7646",-376.189
"7647",-2243.591
"7648",-2191.143
"7649",-1581.505
"7650",-1190.654
"7651",-1722.417
"7652",-3655.261
"7653",-839.128
"7654",-2603.504
"7655",-2100.439
"7656",-2260.949
"7657",-946.31
"7658",-2311.179
"7659",-2049.67
"7660",-1887.86
"7661",-1123.503
"7662",-5139.656
"7663",-1692.494
"7664",-4544.838
"7665",-9167.427
"7666",-3687.615
"7667",-4036.681
"7668",-3224.143
"7669",-2031.912
"7670",-2055.487
"7671",-3056.041
"7672",-735.359
"7673",-1000.031
"7674",-6163.127
"7675",-1355.361
"7676",-2010.795
"7677",-1048.483
"7678",-5533.395
"7679",-1996.214
"7680",-3573.339
"7681",-3375.787
"7682",-2888.281
"7683",-5258.064
"7684",-960.349
"7685",-3750.83
"7686",-4078.543
"7687",-2935.11
"7688",-4784.971
"7689",-1531.355
"7690",-1423.129
"7691",-6140.143
"7692",-2637.37
"7693",-1316.203
"7694",-6352.618
"7695",-2833.427
"7696",-4119.962
"7697",-1186.18
"7698",-1319
"7699",-1547.128
"7700",-1941.687
"7701",-3887.091
"7702",-4212.842
"7703",-3997.37
"7704",-6494.947
"7705",-3843.515
"7706",-2478.513
"7707",-5717.798
"7708",-1494.012
"7709",-3084.475
"7710",-2845.275
"7711",-2055.699
"7712",-1485.04
"7713",-4631.211
"7714",-2936.777
"7715",-1131.235
"7716",-2621.599
"7717",-4706.809
"7718",-593.425
"7719",-6468.683
"7720",-11389.259
"7721",-2139.565
"7722",-2471.762
"7723",-939.282
"7724",-2426.527
"7725",-815.979
"7726",-2748.482
"7727",-1626.136
"7728",-929.754
"7729",-379.767
"7730",-3469.811
"7731",-1765.743
"7732",-3443.044
"7733",-3542.081
"7734",-1966.733
"7735",-2397.25
"7736",-3548.939
"7737",-3115.377
"7738",-1340.462
"7739",-1308.974
"7740",-2200.166
"7741",-2313.899
"7742",-4120.047
"7743",-2449.433
"7744",-1075.727
"7745",-1286.107
"7746",-2787.908
"7747",-2571.896
"7748",-1296.271
"7749",-2639.962
"7750",-1250.207
"7751",-2084.165
"7752",-2213.785
"7753",-2132.364
"7754",-1676.154
"7755",-4715.137
"7756",-2111.654
"7757",-1992.481
"7758",-1492.394
"7759",-1461.469
"7760",-3391.521
"7761",-3461.952
"7762",-3609.642
"7763",-613.271
"7764",-1764.008
"7765",-1638.98
"7766",-3145.919
"7767",-2359.474
"7768",-2581.015
"7769",-3023.708
"7770",-3011.046
"7771",-2232.072
"7772",-7088.602
"7773",-3031.415
"7774",-1113.508
"7775",-1783.617
"7776",-1291.159
"7777",-1601.66
"7778",-2296.184
"7779",-1722.266
"7780",-1087.51
"7781",-1812.064
"7782",-1862.465
"7783",-732.972
"7784",-1256.535
"7785",-2138.972
"7786",-1351.025
"7787",-3143.399
"7788",-1206.187
"7789",-2416.942
"7790",-1072.586
"7791",-1492.052
"7792",-1475.942
"7793",-2090.47
"7794",-5495.155
"7795",-1652.493
"7796",-4045.736
"7797",-2013.846
"7798",-2647.384
"7799",-1379.452
"7800",-1413.352
"7801",-1915.77
"7802",-8032.788
"7803",-2471.795
"7804",-2343.166
"7805",-1770.715
"7806",-2375.67
"7807",-5763.729
"7808",-1384.934
"7809",-2350.386
"7810",-4445.082
"7811",-6005.838
"7812",-5151.258
"7813",-2977.595
"7814",-3017.076
"7815",-4667.757
"7816",-1014.207
"7817",-1702.821
"7818",-1702.738
"7819",-2022.844
"7820",-1501.045
"7821",-4693.897
"7822",-2380.286
"7823",-1840.765
"7824",-588.435
"7825",-825.294
"7826",-949.592
"7827",-4409.699
"7828",-3382.243
"7829",-8647.751
"7830",-2143.861
"7831",-925.662
"7832",-2512.841
"7833",-7706.549
"7834",-2383.134
"7835",-2054.857
"7836",-1536.381
"7837",-7492.709
"7838",-3550.945
"7839",-4109.007
"7840",-3594.411
"7841",-3389.868
"7842",-3473.392
"7843",-2835.275
"7844",-7809.675
"7845",-2595.561
"7846",-731.251
"7847",-1350.702
"7848",-2190.632
"7849",-8555.611
"7850",-1804.563
"7851",-2359.284
"7852",-4544.994
"7853",-2361.626
"7854",-1204.009
"7855",-1318.16
"7856",-3671.036
"7857",-2432.249
"7858",-1124.059
"7859",-4382.286
"7860",-1826.51
"7861",-2193.294
"7862",-1939.694
"7863",-1038.612
"7864",-1660.667
"7865",-2651.257
"7866",-3557.336
"7867",-2577.402
"7868",-1730.154
"7869",-1708.88
"7870",-2573.162
"7871",-4081.49
"7872",-3319.907
"7873",-2151.172
"7874",-4930.864
"7875",-3927.777
"7876",-1372.256
"7877",-2622.768
"7878",-1112.594
"7879",-4584.513
"7880",-1393.535
"7881",-1148.856
"7882",-1843.97
"7883",-1775.744
"7884",-2773.416
"7885",-2951.162
"7886",-827.686
"7887",-3682.651
"7888",-2156.75
"7889",-2895.282
"7890",-1696.806
"7891",-2283.626
"7892",-1636.274
"7893",-3181.236
"7894",-500.08
"7895",-2774.517
"7896",-1398.506
"7897",-2434.635
"7898",-2013.521
"7899",-1122.121
"7900",-1919.951
"7901",-2361.519
"7902",-3769.847
"7903",-1110.135
"7904",-777.631
"7905",-508.705
"7906",-967.999
"7907",-2810.139
"7908",-2065.716
"7909",-1285.02
"7910",-2286.084
"7911",-1929.434
"7912",-5618.964
"7913",-1340.224
"7914",-3891.942
"7915",-2202.41
"7916",-7578.805
"7917",-1090.973
"7918",-3990.003
"7919",-2381
"7920",-3647.539
"7921",-993.457
"7922",-3816.938
"7923",-2399.798
"7924",-2814.736
"7925",-1307.455
"7926",-3160.808
"7927",-1996.962
"7928",-2658.037
"7929",-1949.216
"7930",-1736.946
"7931",-5157.037
"7932",-4293.272
"7933",-3451.777
"7934",-3285.778
"7935",-1261.773
"7936",-2062.371
"7937",-2664.247
"7938",-1714.235
"7939",-1911.048
"7940",-2366.326
"7941",-7362.13
"7942",-3075.437
"7943",-5915.369
"7944",-5030.568
"7945",-4135.301
"7946",-3034.401
"7947",-3292.75
"7948",-9907.344
"7949",-1809.417
"7950",-1543.859
"7951",-2750.894
"7952",-1712.781
"7953",-3537.471
"7954",-1748.107
"7955",-3219.268
"7956",-3607.572
"7957",-3857.734
"7958",-2127.185
"7959",-6065.954
"7960",-3303.345
"7961",-858.739
"7962",-824.862
"7963",-1951.219
"7964",-4456.44
"7965",-7286.444
"7966",-1498.567
"7967",-1715.73
"7968",-2901.792
"7969",-1905.673
"7970",-3113.744
"7971",-1479.182
"7972",-1748.049
"7973",-1621.75
"7974",-2007.938
"7975",-3514.535
"7976",-2139.051
"7977",-3727.675
"7978",-3073.796
"7979",-1556.589
"7980",-1289.753
"7981",-1705.66
"7982",-3393.636
"7983",-921.502
"7984",-2476.736
"7985",-1605.765
"7986",-1851.876
"7987",-1581.689
"7988",-1654.498
"7989",-1187.457
"7990",-2403.485
"7991",-4918.055
"7992",-1658.215
"7993",-3164.312
"7994",-1698.159
"7995",-6967.701
"7996",-1223.744
"7997",-4574.798
"7998",-5204.907
"7999",-4075.942
"8000",-1206.746
"8001",-2544.338
"8002",-2270.4
"8003",-7536.459
"8004",-3198.173
"8005",-1130.477
"8006",-1957.276
"8007",-2335.634
"8008",-1818.829
"8009",-4597.27
"8010",-3727.987
"8011",-2060.572
"8012",-2470.03
"8013",-5933.682
"8014",-3880.825
"8015",-3560.333
"8016",-2980.85
"8017",-5563.566
"8018",-1100.762
"8019",-1986.848
"8020",-6522.365
"8021",-1130.2
"8022",-3028.765
"8023",-1068.908
"8024",-2262.152
"8025",-3438.583
"8026",-1680.172
"8027",-2195.218
"8028",-5768.517
"8029",-3607.375
"8030",-2560.15
"8031",-4115.968
"8032",-1225.516
"8033",-1479.521
"8034",-2475.328
"8035",-5380.387
"8036",-2455.751
"8037",-3301.04
"8038",-4793.112
"8039",-734.016
"8040",-2344.635
"8041",-2580.2
"8042",-3474.314
"8043",-1938.923
"8044",-3214.913
"8045",-4647.348
"8046",-4355.376
"8047",-3298.216
"8048",-1663.264
"8049",-5486.492
"8050",-2261.17
"8051",-1756.498
"8052",-1747.483
"8053",-2225.82
"8054",-4179.124
"8055",-2562.848
"8056",-6831.15
"8057",-3392.615
"8058",-939.749
"8059",-1760.829
"8060",-1884.08
"8061",-1558.867
"8062",-5703.495
"8063",-2150.231
"8064",-2971.989
"8065",-1051.039
"8066",-6361.879
"8067",-2295.263
"8068",-1670.535
"8069",-857.495
"8070",-2955.098
"8071",-1933.97
"8072",-1112.952
"8073",-1131.869
"8074",-971.023
"8075",-5089.737
"8076",-1595.363
"8077",-451.559
"8078",-1066.899
"8079",-3039.6
"8080",-4757.167
"8081",-1346.141
"8082",-2169.076
"8083",-2233.046
"8084",-2200.528
"8085",-2210.475
"8086",-2647.964
"8087",-2191.652
"8088",-2141.6
"8089",-1513.089
"8090",-2137.476
"8091",-8026.955
"8092",-6903.481
"8093",-869.52
"8094",-1343.362
"8095",-3194.134
"8096",-996.275
"8097",-1600.141
"8098",-3933.984
"8099",-3790.836
"8100",-1925.076
"8101",-1266.778
"8102",-5477.516
"8103",-584.601
"8104",-2767.771
"8105",-1561.462
"8106",-2446.445
"8107",-4546.365
"8108",-1780.812
"8109",-2663.229
"8110",-1059.451
"8111",-2960.007
"8112",-2550.671
"8113",-3104.103
"8114",-3933.914
"8115",-4662.585
"8116",-736.308
"8117",-7361.557
"8118",-2577.496
"8119",-7013.895
"8120",-3932.726
"8121",-2871.482
"8122",-699.164
"8123",-726.754
"8124",-5714.687
"8125",-2806.378
"8126",-2250.922
"8127",-2282.026
"8128",-2419.158
"8129",-6683.72
"8130",-2355.823
"8131",-5838.574
"8132",-617.33
"8133",-1539.363
"8134",-2483.655
"8135",-3866.708
"8136",-4457.935
"8137",-1366.792
"8138",-695.49
"8139",-2629.045
"8140",-2717.727
"8141",-3509.716
"8142",-2058.817
"8143",-3213.306
"8144",-2024.825
"8145",-861.82
"8146",-4829.864
"8147",-1704.793
"8148",-2185.576
"8149",-1739.969
"8150",-2617.784
"8151",-1662.177
"8152",-2020.182
"8153",-5887.025
"8154",-3575.557
"8155",-3279.122
"8156",-3566.808
"8157",-2727.411
"8158",-2054.698
"8159",-1232.328
"8160",-2255.635
"8161",-1440.043
"8162",-2871.089
"8163",-1559.077
"8164",-7415.511
"8165",-1877.957
"8166",-2790.71
"8167",-5271.383
"8168",-2106.67
"8169",-1089.918
"8170",-1611.922
"8171",-1006.876
"8172",-1587.544
"8173",-927.628
"8174",-2727.059
"8175",-2311.41
"8176",-6990.048
"8177",-7334.898
"8178",-2284.411
"8179",-6672.023
"8180",-1461.881
"8181",-2829.459
"8182",-1658.93
"8183",-2019.556
"8184",-2569.205
"8185",-3966.018
"8186",-4371.335
"8187",-1758.032
"8188",-2453.487
"8189",-2510.642
"8190",-4828.79
"8191",-1607.081
"8192",-5352.251
"8193",-1557.998
"8194",-2907.18
"8195",-1851.858
"8196",-2222.506
"8197",-3429.18
"8198",-3214.733
"8199",-1824.664
"8200",-1519.432
"8201",-1468.968
"8202",-4967.354
"8203",-7123.575
"8204",-7145.656
"8205",-5425.272
"8206",-2572.081
"8207",-2841.191
"8208",-2442.839
"8209",-1933.059
"8210",-24383.997
"8211",-2414.514
"8212",-3516.297
"8213",-4243.171
"8214",-3654.675
"8215",-2137.699
"8216",-3576.624
"8217",-4038.127
"8218",-5184.963
"8219",-5287.574
"8220",-6253.816
"8221",-2488.904
"8222",-2149.397
"8223",-3060.602
"8224",-3646.562
"8225",-1477.025
"8226",-10132.228
"8227",-3612.616
"8228",-1124.382
"8229",-1666.807
"8230",-3645.851
"8231",-1613.476
"8232",-1613.262
"8233",-1712.035
"8234",-2197.354
"8235",-2944.146
"8236",-2288.609
"8237",-1359.946
"8238",-3421.914
"8239",-5097.326
"8240",-13889.034
"8241",-932.981
"8242",-2420.909
"8243",-4094.561
"8244",-2655.242
"8245",-3714.079
"8246",-1960.232
"8247",-2590.526
"8248",-2396.055
"8249",-1422.178
"8250",-3320.262
"8251",-1147.839
"8252",-2739.263
"8253",-3170.291
"8254",-1674.306
"8255",-1618.347
"8256",-2080.122
"8257",-5275.954
"8258",-1674.257
"8259",-2873.344
"8260",-1692.892
"8261",-623.859
"8262",-1664.049
"8263",-3940.7
"8264",-699.535
"8265",-6250.933
"8266",-3946.935
"8267",-1457.712
"8268",-5134.888
"8269",-2487.171
"8270",-1864.108
"8271",-2562.39
"8272",-1691.352
"8273",-3008.886
"8274",-1549.373
"8275",-2191.542
"8276",-6720.791
"8277",-5485.561
"8278",-1634.528
"8279",-5036.405
"8280",-4933.112
"8281",-489.733
"8282",-4353.583
"8283",-798.32
"8284",-3462.104
"8285",-2034.642
"8286",-1020.851
"8287",-5903.035
"8288",-6192.533
"8289",-2887.114
"8290",-2672.323
"8291",-2863.832
"8292",-2109.766
"8293",-3339.907
"8294",-2086.119
"8295",-3634.466
"8296",-2069.075
"8297",-4100.549
"8298",-3402.796
"8299",-2506.238
"8300",-1300.056
"8301",-8270.085
"8302",-2201.913
"8303",-1578.478
"8304",-2964.663
"8305",-4539.518
"8306",-2050.849
"8307",-5211.484
"8308",-3809.825
"8309",-2700.675
"8310",-2533.043
"8311",-809.047
"8312",-1156.783
"8313",-1892.086
"8314",-1438.196
"8315",-883.553
"8316",-4813.817
"8317",-3430.993
"8318",-1744.95
"8319",-2896.824
"8320",-2424.338
"8321",-3210.236
"8322",-3491.102
"8323",-3429.144
"8324",-8534.824
"8325",-1853.308
"8326",-1118.388
"8327",-1814.928
"8328",-4903.209
"8329",-2076.216
"8330",-7086.963
"8331",-2878.598
"8332",-4232.559
"8333",-794.903
"8334",-1652.638
"8335",-2324.717
"8336",-5895.988
"8337",-1647.033
"8338",-1907.873
"8339",-3326.675
"8340",-3812.819
"8341",-1776.09
"8342",-2480.263
"8343",-506.114
"8344",-7024.627
"8345",-592.227
"8346",-840.921
"8347",-1002.634
"8348",-3463.297
"8349",-2052.212
"8350",-4046.081
"8351",-4728.95
"8352",-3639.962
"8353",-1832.803
"8354",-2489.181
"8355",-782.055
"8356",-7676.098
"8357",-2529.498
"8358",-4074.162
"8359",-7233.884
"8360",-2432.85
"8361",-1498.826
"8362",-2573.567
"8363",-3048.194
"8364",-5899.247
"8365",-3062.127
"8366",-2791.592
"8367",-2298.905
"8368",-1333.269
"8369",-3713.97
"8370",-2320.617
"8371",-2036.179
"8372",-1971.09
"8373",-4823.03
"8374",-5407.596
"8375",-2863.375
"8376",-2416.363
"8377",-1370.628
"8378",-2719.636
"8379",-3991.87
"8380",-969.362
"8381",-3201.296
"8382",-1757.068
"8383",-1479.979
"8384",-982.871
"8385",-2488.124
"8386",-1476.047
"8387",-559.075
"8388",-2198.868
"8389",-4495.77
"8390",-4011.419
"8391",-2810.476
"8392",-1648.615
"8393",-4222.31
"8394",-4057.143
"8395",-2865.816
"8396",-5175.457
"8397",-3590.178
"8398",-6691.48
"8399",-1412.863
"8400",-2390.39
"8401",-3201.665
"8402",-4273.411
"8403",-710.796
"8404",-1119.554
"8405",-2655.111
"8406",-800.25
"8407",-1260.65
"8408",-656.363
"8409",-1551.166
"8410",-1757.626
"8411",-2531.595
"8412",-4128.085
"8413",-7129.172
"8414",-1238.075
"8415",-10316.1
"8416",-1791.241
"8417",-4347.379
"8418",-2662.523
"8419",-2269.274
"8420",-1165.714
"8421",-2216.863
"8422",-2199.087
"8423",-3859.181
"8424",-768.023
"8425",-2047.628
"8426",-1893.042
"8427",-2431.064
"8428",-3723.769
"8429",-2319.818
"8430",-5434.352
"8431",-2342.364
"8432",-1837.447
"8433",-3951.987
"8434",-2504.539
"8435",-4177.889
"8436",-3114.906
"8437",-2581.461
"8438",-3701.633
"8439",-1992.521
"8440",-2762.518
"8441",-2528.894
"8442",-1624.837
"8443",-1365.154
"8444",-3812.563
"8445",-1522.179
"8446",-1731.542
"8447",-1388.218
"8448",-1859.438
"8449",-3257.168
"8450",-1141.775
"8451",-1649.399
"8452",-1925.235
"8453",-2726.118
"8454",-1482.483
"8455",-5627.178
"8456",-2905.913
"8457",-8124.342
"8458",-1535.301
"8459",-2067.144
"8460",-1166.342
"8461",-2457.21
"8462",-4034.82
"8463",-3172.092
"8464",-1488.222
"8465",-3032.785
"8466",-2167.599
"8467",-697.43
"8468",-1674.524
"8469",-1196.103
"8470",-1034.094
"8471",-1127.845
"8472",-3343.768
"8473",-838.736
"8474",-1758.155
"8475",-3546.348
"8476",-1663.059
"8477",-1180.329
"8478",-1104.188
"8479",-1782.221
"8480",-1752.107
"8481",-1819.821
"8482",-2638.005
"8483",-1424.078
"8484",-5133.189
"8485",-8627.89
"8486",-4070.756
"8487",-1335.421
"8488",-1803.816
"8489",-2520.173
"8490",-1552.466
"8491",-1069.101
"8492",-702.078
"8493",-3792.569
"8494",-1125.124
"8495",-762.107
"8496",-3381.073
"8497",-6672.307
"8498",-3192.457
"8499",-3631.212
"8500",-3169.509
"8501",-2519.294
"8502",-1475.123
"8503",-6147.631
"8504",-1674.985
"8505",-3100.186
"8506",-3848.837
"8507",-1108.188
"8508",-4745.258
"8509",-454.318
"8510",-5746.96
"8511",-2258.991
"8512",-2088.746
"8513",-2479.105
"8514",-604.792
"8515",-1285.905
"8516",-4205.174
"8517",-3280.749
"8518",-978.923
"8519",-3660.179
"8520",-2459.271
"8521",-1999.039
"8522",-873.663
"8523",-3095.002
"8524",-1674.276
"8525",-2314.609
"8526",-1961.977
"8527",-3420.759
"8528",-1318.823
"8529",-5136.163
"8530",-1627.582
"8531",-2816.17
"8532",-4039.972
"8533",-1897.79
"8534",-2565.705
"8535",-3461.097
"8536",-2810.332
"8537",-4510.856
"8538",-2969.405
"8539",-1063.865
"8540",-6745.959
"8541",-2191.975
"8542",-1851.177
"8543",-3404.36
"8544",-2460.347
"8545",-2676.145
"8546",-6313.212
"8547",-6586.565
"8548",-6167.654
"8549",-1391.693
"8550",-3370.235
"8551",-3766.261
"8552",-2412.248
"8553",-2171.932
"8554",-3419.585
"8555",-4934.055
"8556",-1372.638
"8557",-3091.82
"8558",-2059.581
"8559",-2808.517
"8560",-1926.013
"8561",-742.792
"8562",-3415.552
"8563",-4138.884
"8564",-1649.719
"8565",-730.202
"8566",-1438.237
"8567",-849.084
"8568",-1250.524
"8569",-1919.747
"8570",-1162.833
"8571",-1304.314
"8572",-1419.316
"8573",-2359.822
"8574",-3261.414
"8575",-2950.222
"8576",-1696.531
"8577",-3435.953
"8578",-5163.597
"8579",-4152.74
"8580",-3488.878
"8581",-3686.959
"8582",-2252.358
"8583",-791.079
"8584",-2830.893
"8585",-901.661
"8586",-3951.303
"8587",-779.722
"8588",-1383.179
"8589",-1439.63
"8590",-560.783
"8591",-2521.173
"8592",-1822.204
"8593",-2851.769
"8594",-1053.464
"8595",-2371.563
"8596",-1608.692
"8597",-910.077
"8598",-4382.728
"8599",-3028.356
"8600",-2952.128
"8601",-1536.851
"8602",-3077.212
"8603",-2335.124
"8604",-5147.569
"8605",-3431.407
"8606",-1121.007
"8607",-984.797
"8608",-3257.976
"8609",-2672.717
"8610",-2094.517
"8611",-533.77
"8612",-414.491
"8613",-1682.346
"8614",-5707.157
"8615",-1550.466
"8616",-2015.803
"8617",-6448.5
"8618",-1247.98
"8619",-2496.9
"8620",-2312.763
"8621",-2242.182
"8622",-6849.393
"8623",-1805.305
"8624",-2160.677
"8625",-1780.184
"8626",-4912.518
"8627",-2025.354
"8628",-3287.063
"8629",-3661.518
"8630",-3304.682
"8631",-3775.089
"8632",-2605.957
"8633",-2663.296
"8634",-1700.104
"8635",-3608.73
"8636",-4730.207
"8637",-1049.49
"8638",-700.838
"8639",-2395.996
"8640",-2461.506
"8641",-1138.017
"8642",-1815.795
"8643",-2787.863
"8644",-666.384
"8645",-1123.381
"8646",-1229.65
"8647",-1727.037
"8648",-851.316
"8649",-5602.44
"8650",-2257.861
"8651",-3224.911
"8652",-2950.017
"8653",-1737.591
"8654",-2572.287
"8655",-1952.717
"8656",-7520.542
"8657",-4970.409
"8658",-2075.453
"8659",-3880.003
"8660",-2339.018
"8661",-2760.767
"8662",-327.279
"8663",-507.496
"8664",-938.416
"8665",-1475.438
"8666",-3487.109
"8667",-4305.777
"8668",-4058.511
"8669",-2553.231
"8670",-1689.112
"8671",-2521.56
"8672",-2252.194
"8673",-5409.046
"8674",-2242.014
"8675",-1235.873
"8676",-791.956
"8677",-3352.33
"8678",-4510.683
"8679",-967.026
"8680",-905.859
"8681",-977.269
"8682",-1922.645
"8683",-1778.622
"8684",-5288.38
"8685",-3435.023
"8686",-1228.501
"8687",-1141.771
"8688",-1092.961
"8689",-2234.648
"8690",-7952.332
"8691",-1426.685
"8692",-1571.016
"8693",-1040.638
"8694",-2914.977
"8695",-4130.398
"8696",-1739.023
"8697",-3478.152
"8698",-2822.014
"8699",-1786.533
"8700",-2440.727
"8701",-5406.907
"8702",-886.569
"8703",-4477.713
"8704",-2516.814
"8705",-2207.974
"8706",-5623.97
"8707",-5894.673
"8708",-4588.007
"8709",-2544.614
"8710",-3953.494
"8711",-2176.409
"8712",-1937.483
"8713",-2207.257
"8714",-14026.699
"8715",-538.854
"8716",-4052.856
"8717",-2602.409
"8718",-2878.194
"8719",-3818.358
"8720",-2726.983
"8721",-3935.644
"8722",-5932.275
"8723",-5843.412
"8724",-1706.495
"8725",-5694.874
"8726",-969.584
"8727",-3092.749
"8728",-1631.361
"8729",-4623.616
"8730",-1908.393
"8731",-1630.139
"8732",-1745.571
"8733",-1912.509
"8734",-973.018
"8735",-2234.855
"8736",-6404.265
"8737",-2530.399
"8738",-7900.376
"8739",-1586.701
"8740",-2079.193
"8741",-2888.486
"8742",-906.603
"8743",-1069.81
"8744",-7974.312
"8745",-1050.216
"8746",-1331.017
"8747",-4154.809
"8748",-4056.022
"8749",-3460.32
"8750",-1377.538
"8751",-3518.757
"8752",-12038.224
"8753",-1023.471
"8754",-3029.687
"8755",-1195.033
"8756",-2450.498
"8757",-1650.651
"8758",-1225.807
"8759",-3098.471
"8760",-2741.88
"8761",-6569.053
"8762",-671.661
"8763",-2020.608
"8764",-1031.353
"8765",-772.174
"8766",-733.973
"8767",-6083.409
"8768",-1186.328
"8769",-986.652
"8770",-1302.991
"8771",-2401.832
"8772",-727.077
"8773",-1917.629
"8774",-920.735
"8775",-7068.888
"8776",-2846.988
"8777",-3277.961
"8778",-3493.362
"8779",-1087.985
"8780",-1727.177
"8781",-3285.901
"8782",-4130.631
"8783",-794.947
"8784",-1487.137
"8785",-1520.337
"8786",-1909.058
"8787",-1438.866
"8788",-7400.452
"8789",-1771.296
"8790",-1815.979
"8791",-1204.408
"8792",-3160.627
"8793",-3878.734
"8794",-4023.769
"8795",-6832.168
"8796",-4057.664
"8797",-1074.856
"8798",-2361.74
"8799",-1498.965
"8800",-1512.369
"8801",-1345.852
"8802",-2215.077
"8803",-3380.895
"8804",-2572.045
"8805",-2128.97
"8806",-2333.821
"8807",-1703.817
"8808",-1088.504
"8809",-2190.859
"8810",-2112.425
"8811",-2676.023
"8812",-2895.695
"8813",-5120.109
"8814",-1540.667
"8815",-3659.073
"8816",-3402.232
"8817",-3126.79
"8818",-6286.715
"8819",-4212.741
"8820",-6450.518
"8821",-1500.706
"8822",-1298.32
"8823",-1792.138
"8824",-440.514
"8825",-4221.565
"8826",-1384.853
"8827",-2499.563
"8828",-2311.731
"8829",-1124.567
"8830",-1634.944
"8831",-8596.411
"8832",-1527.261
"8833",-5611.317
"8834",-2255.979
"8835",-1600.019
"8836",-2156.85
"8837",-1541.438
"8838",-1245.865
"8839",-8357.273
"8840",-1174.071
"8841",-6446.199
"8842",-1505.979
"8843",-3737.803
"8844",-1147.173
"8845",-2905.172
"8846",-4692.044
"8847",-1641.38
"8848",-2041.589
"8849",-1627.28
"8850",-2380.319
"8851",-1266.971
"8852",-3787.33
"8853",-2344.345
"8854",-2364.945
"8855",-1722.928
"8856",-1256.398
"8857",-6297.735
"8858",-2250.554
"8859",-3250.178
"8860",-2293.382
"8861",-1800.318
"8862",-2315.346
"8863",-2105.153
"8864",-1736.938
"8865",-390.189
"8866",-789.924
"8867",-2599.835
"8868",-2067.195
"8869",-5371.197
"8870",-607.691
"8871",-6294.712
"8872",-3565.136
"8873",-3880.505
"8874",-2686.462
"8875",-3618.854
"8876",-2530.341
"8877",-4678.882
"8878",-601.668
"8879",-5479.797
"8880",-1852.98
"8881",-4239.717
"8882",-5788.008
"8883",-1926.598
"8884",-1673.773
"8885",-1817.123
"8886",-3470.14
"8887",-3702.627
"8888",-1645.916
"8889",-2924.432
"8890",-5986.371
"8891",-2626.441
"8892",-1530.299
"8893",-4457.66
"8894",-2211.8
"8895",-2918.907
"8896",-3750.365
"8897",-1169.541
"8898",-2149.337
"8899",-7282.196
"8900",-3173.641
"8901",-972.759
"8902",-3629.366
"8903",-3180.231
"8904",-1609.776
"8905",-2669.669
"8906",-4226.157
"8907",-1201.957
"8908",-5034.277
"8909",-1791.932
"8910",-2343.383
"8911",-1137.42
"8912",-2036.451
"8913",-1926.273
"8914",-1247.785
"8915",-7930.267
"8916",-2316.608
"8917",-1899.332
"8918",-1569.058
"8919",-1736.077
"8920",-1151.444
"8921",-1178.403
"8922",-6652.47
"8923",-1820.548
"8924",-5140.553
"8925",-722.72
"8926",-1669.65
"8927",-3542.348
"8928",-2561.943
"8929",-7134.084
"8930",-632.868
"8931",-2752.862
"8932",-927.714
"8933",-1723.317
"8934",-732.841
"8935",-2901.563
"8936",-1327.163
"8937",-6147.028
"8938",-613.083
"8939",-1125.259
"8940",-2800.664
"8941",-1674.946
"8942",-637.741
"8943",-1439.672
"8944",-2105.19
"8945",-1788.815
"8946",-2334.358
"8947",-430.238
"8948",-6177.791
"8949",-1755.78
"8950",-3748.335
"8951",-785.384
"8952",-1419.295
"8953",-2416.01
"8954",-37676.984
"8955",-1907.763
"8956",-2557.392
"8957",-1369.862
"8958",-637.024
"8959",-7185.597
"8960",-1421.796
"8961",-1701.647
"8962",-3299.525
"8963",-1147.599
"8964",-438.378
"8965",-1175.494
"8966",-4313.467
"8967",-2772.927
"8968",-810.873
"8969",-2004.019
"8970",-6665.272
"8971",-1377.704
"8972",-2756.509
"8973",-2089.444
"8974",-2690.4
"8975",-2352.715
"8976",-4041.665
"8977",-1870.386
"8978",-4256.115
"8979",-1477.432
"8980",-2383.966
"8981",-4312.695
"8982",-2314.02
"8983",-7002.87
"8984",-3175.51
"8985",-2100.875
"8986",-25058.746
"8987",-3312.936
"8988",-4560.825
"8989",-1199.471
"8990",-2492.397
"8991",-1861.669
"8992",-3252.291
"8993",-13564.18
"8994",-2259.023
"8995",-7591.018
"8996",-2964.278
"8997",-2821.205
"8998",-1388.992
"8999",-3108.402
"9000",-1469.652
"9001",-1606.65
"9002",-830.749
"9003",-1108.635
"9004",-1607.768
"9005",-1617.913
"9006",-1689.319
"9007",-2998.49
"9008",-1980.277
"9009",-3121.03
"9010",-2800.083
"9011",-2020.239
"9012",-749.16
"9013",-7548.726
"9014",-3255.813
"9015",-2840.815
"9016",-2592.002
"9017",-957.935
"9018",-2197.636
"9019",-1650.062
"9020",-1322.656
"9021",-778.036
"9022",-5237.675
"9023",-1016.121
"9024",-558.635
"9025",-1701.498
"9026",-1164.64
"9027",-1468.097
"9028",-222.309
"9029",-1215.953
"9030",-326.178
"9031",-5841.58
"9032",-1408.57
"9033",-872.37
"9034",-6596.731
"9035",-2052.888
"9036",-4841.167
"9037",-2633.253
"9038",-556.441
"9039",-631.598
"9040",-426.934
"9041",-1009.903
"9042",-1353.664
"9043",-1399.87
"9044",-1194.716
"9045",-3246.768
"9046",-2044.192
"9047",-4005.565
"9048",-1077.551
"9049",-613.378
"9050",-4006.486
"9051",-1622.877
"9052",-2885.14
"9053",-3084.422
"9054",-489.009
"9055",-1240.834
"9056",-3772.128
"9057",-2652.115
"9058",-1013.245
"9059",-770.068
"9060",-649.883
"9061",-1315.725
"9062",-4097.014
"9063",-3446.997
"9064",-4083.509
"9065",-3184.651
"9066",-4451.355
"9067",-836.414
"9068",-3433.742
"9069",-2418.694
"9070",-3743.41
"9071",-1787.051
"9072",-3047.626
"9073",-8762.017
"9074",-2844.541
"9075",-3066.812
"9076",-757.957
"9077",-683.098
"9078",-2026.987
"9079",-3662.244
"9080",-652.105
"9081",-2682.106
"9082",-3014.452
"9083",-979.178
"9084",-2913.624
"9085",-2447.83
"9086",-407.239
"9087",-795.286
"9088",-948.15
"9089",-2983.593
"9090",-921.565
"9091",-15435.376
"9092",-970.057
"9093",-506.718
"9094",-1601.527
"9095",-6723.411
"9096",-1470.486
"9097",-3476.312
"9098",-4505.353
"9099",-1936.142
"9100",-243.877
"9101",-3722.601
"9102",-529.941
"9103",-18833.451
"9104",-1768.638
"9105",-357.129
"9106",-1131.277
"9107",-702.868
"9108",-2619.039
"9109",-641.976
"9110",-1071.918
"9111",-793.517
"9112",-839.907
"9113",-711.85
"9114",-832.613
"9115",-4318.388
"9116",-150.553
"9117",-2217.452
"9118",-10778.122
"9119",-2912.385
"9120",-6672.966
"9121",-533.553
"9122",-709.016
"9123",-8949.595
"9124",-2596.431
"9125",-2318.384
"9126",-785.371
"9127",-420.653
"9128",-1877.026
"9129",-659.974
"9130",-2066.55
"9131",-3568.098
"9132",-802.957
"9133",-5557.481
"9134",-8767.489
"9135",-4458.2
"9136",-1286.385
"9137",-1002.515
"9138",-2473.255
"9139",-4567.335
"9140",-864.396
"9141",-793.661
"9142",-2447.948
"9143",-10988.157
"9144",-1602.321
"9145",-1305.235
"9146",-2516.121
"9147",-1418.033
"9148",-1624.568
"9149",-2907.387
"9150",-2526.429
"9151",-4844.147
"9152",-500.827
"9153",-6292.841
"9154",-11292.905
"9155",-1478.637
"9156",-7851.965
"9157",-1035.94
"9158",-4775.758
"9159",-911.154
"9160",-1560.113
"9161",-313.565
"9162",-1083.479
"9163",-1137.025
"9164",-2761.05
"9165",-7310.582
"9166",-530.862
"9167",-672.515
"9168",-2724.305
"9169",-1204.696
"9170",-319.069
"9171",-1374.644
"9172",-3960.177
"9173",-1605.934
"9174",-1476.244
"9175",-2475.48
"9176",-1324.704
"9177",-577.197
"9178",-1821.04
"9179",-871.4
"9180",-3742.001
"9181",-4528.306
"9182",-586.109
"9183",-1287.257
"9184",-1457.802
"9185",-3262.376
"9186",-1500.452
"9187",-5513.606
"9188",-530.813
"9189",-2790.719
"9190",-6024.803
"9191",-2368.2
"9192",-316.629
"9193",-885.574
"9194",-998.715
"9195",-3274.632
"9196",-2537.924
"9197",-854.511
"9198",-1076.222
"9199",-1301.579
"9200",-5769.27
"9201",-3329.571
"9202",-4544.898
"9203",-2029.49
"9204",-1678.697
"9205",-2795.85
"9206",-837.354
"9207",-4020.001
"9208",-983.433
"9209",-10068.148
"9210",-1765.095
"9211",-5988.126
"9212",-2052.306
"9213",-1085.819
"9214",-1308.847
"9215",-6959.068
"9216",-1150.278
"9217",-1705.338
"9218",-2563.519
"9219",-5615.393
"9220",-2642.252
"9221",-667.89
"9222",-2450.578
"9223",-948.381
"9224",-1987.865
"9225",-670.474
"9226",-7151.046
"9227",-1033.582
"9228",-4949.263
"9229",-1001.85
"9230",-616.992
"9231",-1101.487
"9232",-3678.389
"9233",-298.555
"9234",-1340.388
"9235",-7182.34
"9236",-770.262
"9237",-2453.684
"9238",-356.275
"9239",-8615.7
"9240",-618.162
"9241",-1369.037
"9242",-721.229
"9243",-2539.089
"9244",-3047.94
"9245",-1452.176
"9246",-828.796
"9247",-4650.866
"9248",-3059.608
"9249",-2215.719
"9250",-11785.019
"9251",-1401.437
"9252",-955.642
"9253",-3323.107
"9254",-2823.596
"9255",-4641.181
"9256",-1296.768
"9257",-1757.313
"9258",-758.112
"9259",-1736.014
"9260",-1575.243
"9261",-274.235
"9262",-6906.756
"9263",-7465.181
"9264",-641.308
"9265",-380.52
"9266",-3063.14
"9267",-3793.272
"9268",-744.713
"9269",-4259.767
"9270",-781.931
"9271",-7220.553
"9272",-556.956
"9273",-1248.903
"9274",-4188.189
"9275",-532.812
"9276",-1141.545
"9277",-2761.114
"9278",-1131.888
"9279",-9185.171
"9280",-1356.388
"9281",-3561.014
"9282",-1242.123
"9283",-6142.946
"9284",-622.462
"9285",-739.188
"9286",-1786.797
"9287",-2996.071
"9288",-606.052
"9289",-3222.093
"9290",-2072.489
"9291",-2400.274
"9292",-1060.177
"9293",-4681.607
"9294",-914.772
"9295",-918.73
"9296",-1280.394
"9297",-4470.637
"9298",-803.627
"9299",-3152.224
"9300",-378.138
"9301",-813.495
"9302",-2431.11
"9303",-344.797
"9304",-558.241
"9305",-2893.819
"9306",-1834.641
"9307",-495.341
"9308",-1066.541
"9309",-2968.335
"9310",-2567.067
"9311",-279.211
"9312",-271.053
"9313",-1268.761
"9314",-1153.006
"9315",-1286.665
"9316",-1727.439
"9317",-689.353
"9318",-3228.289
"9319",-2363.013
"9320",-3508.743
"9321",-1384.556
"9322",-3676.966
"9323",-1462.923
"9324",-3900.5
"9325",-1742.992
"9326",-2769.707
"9327",-1173.647
"9328",-19078.46
"9329",-1436.925
"9330",-1215.815
"9331",-395.544
"9332",-3268.432
"9333",-896.959
"9334",-2544.308
"9335",-1882.419
"9336",-960.04
"9337",-10710.516
"9338",-5142.477
"9339",-791.338
"9340",-3925.583
"9341",-2053.797
"9342",-2325.37
"9343",-1498.617
"9344",-12360.955
"9345",-10611.825
"9346",-1671.86
"9347",-3454.942
"9348",-8893.813
"9349",-2318.907
"9350",-3314.793
"9351",-3746.699
"9352",-5174.011
"9353",-1432.342
"9354",-1420.087
"9355",-4393.705
"9356",-5986.763
"9357",-3868.185
"9358",-3321.338
"9359",-927.129
"9360",-830.705
"9361",-313.358
"9362",-2069.888
"9363",-6776.425
"9364",-1029.264
"9365",-1957.542
"9366",-1739.327
"9367",-2306.885
"9368",-3287.207
"9369",-1488.907
"9370",-749.089
"9371",-4392.376
"9372",-642.211
"9373",-570.926
"9374",-6091.303
"9375",-7962.437
"9376",-1883.444
"9377",-1531.595
"9378",-391.945
"9379",-1397.448
"9380",-1047.899
"9381",-2792.038
"9382",-3449.562
"9383",-6664.362
"9384",-796.219
"9385",-2718.612
"9386",-912.984
"9387",-1130.745
"9388",-2458.046
"9389",-7026.11
"9390",-6311.134
"9391",-643.141
"9392",-1201.873
"9393",-6039.218
"9394",-1610.465
"9395",-1796.438
"9396",-353.94
"9397",-1166.46
"9398",-4561.557
"9399",-2993.632
"9400",-1274.969
"9401",-2423.136
"9402",-2559.945
"9403",-6605.634
"9404",-809.915
"9405",-922.993
"9406",-645.868
"9407",-8812.078
"9408",-2145.692
"9409",-3332.555
"9410",-801.769
"9411",-8945.438
"9412",-4583.199
"9413",-786.548
"9414",-784.016
"9415",-1198.343
"9416",-593.094
"9417",-2975.518
"9418",-4498.797
"9419",-960.969
"9420",-1114.851
"9421",-1050.711
"9422",-1784.924
"9423",-729.306
"9424",-3501.052
"9425",-442.259
"9426",-818.165
"9427",-1246.328
"9428",-861.128
"9429",-300.387
"9430",-2436.749
"9431",-1918.827
"9432",-1330.086
"9433",-994.587
"9434",-471.94
"9435",-329.818
"9436",-3599.323
"9437",-9127.856
"9438",-630.795
"9439",-648.349
"9440",-1736.543
"9441",-4082.214
"9442",-6649.233
"9443",-1373.58
"9444",-1272.615
"9445",-1401.47
"9446",-2709.748
"9447",-578.668
"9448",-1196.697
"9449",-799.429
"9450",-782.784
"9451",-294.247
"9452",-286.007
"9453",-775.649
"9454",-4661.575
"9455",-396.63
"9456",-1142.039
"9457",-427.337
"9458",-1134.214
"9459",-580.905
"9460",-2164.005
"9461",-492.534
"9462",-1279.413
"9463",-1483.047
"9464",-459.277
"9465",-972.367
"9466",-3455.357
"9467",-1426.982
"9468",-1367.919
"9469",-404.634
"9470",-833.927
"9471",-976.723
"9472",-189.368
"9473",-1072.953
"9474",-536.389
"9475",-579.978
"9476",-1386.522
"9477",-1467.403
"9478",-809.097
"9479",-365.677
"9480",-696.099
"9481",-2207.31
"9482",-1012.208
"9483",-1015.664
"9484",-2066.213
"9485",-649.413
"9486",-489.181
"9487",-7306.044
"9488",-914.923
"9489",-1904.015
"9490",-443.021
"9491",-5662.28
"9492",-4031.432
"9493",-1203.87
"9494",-5500.618
"9495",-473.176
"9496",-858.956
"9497",-1596.607
"9498",-328.501
"9499",-799.866
"9500",-1632.467
"9501",-3496.367
"9502",-2372.401
"9503",-3391.159
"9504",-1279.012
"9505",-6323.168
"9506",-2389.788
"9507",-1017.566
"9508",-2367.823
"9509",-1999.074
"9510",-711.255
"9511",-2101.202
"9512",-3265.431
"9513",-943.632
"9514",-593.493
"9515",-2231.987
"9516",-7572.599
"9517",-3132.537
"9518",-1789.411
"9519",-2130.646
"9520",-1395.258
"9521",-1283.726
"9522",-3042.355
"9523",-639.166
"9524",-2003.581
"9525",-2933.102
"9526",-2437.298
"9527",-2534.389
"9528",-3058.032
"9529",-2171.174
"9530",-2732.115
"9531",-5033.348
"9532",-4086.352
"9533",-1015.031
"9534",-5015.438
"9535",-3297.178
"9536",-8648.498
"9537",-1023.522
"9538",-1228.204
"9539",-839.099
"9540",-1278.432
"9541",-3610.741
"9542",-2668.924
"9543",-1304.369
"9544",-3554.478
"9545",-3120.504
"9546",-916.397
"9547",-1167.693
"9548",-2147.585
"9549",-1874.523
"9550",-1132.752
"9551",-5085.832
"9552",-945.279
"9553",-1241.004
"9554",-1864.622
"9555",-3434.135
"9556",-2209.674
"9557",-330.547
"9558",-3499.222
"9559",-6522.222
"9560",-2156.203
"9561",-2471.659
"9562",-14833.476
"9563",-1863.8
"9564",-1250.772
"9565",-3750.115
"9566",-6450.209
