"","x"
"1",-547.648
"2",-1268.531
"3",-3484.865
"4",-2521.187
"5",-626.478
"6",-662.84
"7",-3385.08
"8",-3089.981
"9",-5502.466
"10",-6030.089
"11",-788.774
"12",-2141.544
"13",-2406.15
"14",-897.681
"15",-5617.1
"16",-1874.994
"17",-3028.287
"18",-1170.193
"19",-2200.684
"20",-4019.9
"21",-881.481
"22",-3294.619
"23",-2432.676
"24",-547.233
"25",-6878.854
"26",-3687.997
"27",-2288.284
"28",-1442.681
"29",-2130.24
"30",-1221.251
"31",-1896.616
"32",-2932.293
"33",-5469.166
"34",-1347.358
"35",-2198.309
"36",-1460.237
"37",-787.957
"38",-834.26
"39",-1362.072
"40",-1378.615
"41",-1127.037
"42",-1347.952
"43",-2803.95
"44",-2814.433
"45",-1717.671
"46",-1878.886
"47",-3142.378
"48",-1535.488
"49",-1538.467
"50",-3353.855
"51",-2585.001
"52",-2159.522
"53",-1344.466
"54",-1212.246
"55",-3131.418
"56",-6981.818
"57",-2864.01
"58",-3336.023
"59",-600.428
"60",-2066.607
"61",-4768.815
"62",-4763.434
"63",-1913.147
"64",-1212.923
"65",-1277.941
"66",-2097.422
"67",-2538.726
"68",-1888.585
"69",-2789.645
"70",-5644.288
"71",-6649.044
"72",-2069.97
"73",-1174.941
"74",-2901.808
"75",-944.113
"76",-2827.135
"77",-2212.461
"78",-1975.33
"79",-767.185
"80",-2646.446
"81",-3556.072
"82",-1739.376
"83",-824.67
"84",-3854.06
"85",-4573.156
"86",-996.895
"87",-3524.104
"88",-3018.909
"89",-733.189
"90",-1021.108
"91",-8749.311
"92",-1248.163
"93",-1080.636
"94",-2970.939
"95",-2260.132
"96",-929.637
"97",-2562.894
"98",-2579.457
"99",-1965.243
"100",-2473.098
"101",-1395.349
"102",-1230.391
"103",-2564.436
"104",-1504.079
"105",-1094.242
"106",-1849.807
"107",-1327.396
"108",-4808.885
"109",-3349.908
"110",-1249.436
"111",-3406.293
"112",-2831.917
"113",-1141.341
"114",-3182.301
"115",-817.243
"116",-1019.195
"117",-4245.809
"118",-1601.72
"119",-1601.832
"120",-5388.359
"121",-2340.238
"122",-1505.084
"123",-1057.636
"124",-6582.216
"125",-956.543
"126",-613.554
"127",-932.31
"128",-4986.058
"129",-2646.973
"130",-7969.032
"131",-933.668
"132",-4680.622
"133",-784.885
"134",-3415.054
"135",-1606.841
"136",-4632.423
"137",-2748.525
"138",-1855.338
"139",-2152.284
"140",-2232.528
"141",-1199.948
"142",-4746.769
"143",-4805.708
"144",-393.933
"145",-832.504
"146",-3535.226
"147",-3517.279
"148",-6276.47
"149",-3672.31
"150",-1954.986
"151",-1637.899
"152",-950.327
"153",-2518.186
"154",-1327.424
"155",-917.05
"156",-4888.409
"157",-730.827
"158",-2646.037
"159",-3744.169
"160",-592.557
"161",-5152.128
"162",-3843.193
"163",-1391.246
"164",-1002.22
"165",-6436.3
"166",-2625.45
"167",-3257.857
"168",-2163.212
"169",-1944.643
"170",-2471.717
"171",-4282.135
"172",-763.994
"173",-6327.336
"174",-2894.435
"175",-1143.385
"176",-2357.246
"177",-2992.048
"178",-2990.349
"179",-3885.582
"180",-2962.468
"181",-1191.061
"182",-2172.898
"183",-7476.593
"184",-1535.551
"185",-2720.974
"186",-3195.719
"187",-2408.253
"188",-2500.314
"189",-3088.307
"190",-3303.079
"191",-2885.735
"192",-4755.927
"193",-1551.974
"194",-3221.339
"195",-2657.928
"196",-895.765
"197",-1718.877
"198",-8583.728
"199",-2128.43
"200",-1001.4
"201",-3895.604
"202",-3360.479
"203",-3571.105
"204",-1175.955
"205",-691.099
"206",-2534.841
"207",-1152.996
"208",-2975.371
"209",-4560.921
"210",-4583.25
"211",-2005.884
"212",-1642.199
"213",-3113.056
"214",-770.662
"215",-1435.847
"216",-6448.938
"217",-2404.714
"218",-946.01
"219",-780.826
"220",-3930.752
"221",-2094.092
"222",-1503.445
"223",-2174.342
"224",-2386.056
"225",-2303.59
"226",-3021.318
"227",-753.127
"228",-2051.308
"229",-4437.775
"230",-2567.9
"231",-4546.982
"232",-4607.8
"233",-3859.959
"234",-776.167
"235",-1224.802
"236",-3314.076
"237",-1613.977
"238",-377.449
"239",-1420.7
"240",-3021.314
"241",-3408.362
"242",-1376.511
"243",-1478.008
"244",-651.126
"245",-2051.125
"246",-2528.251
"247",-3898.088
"248",-3519.914
"249",-2508.912
"250",-3190.929
"251",-6567.357
"252",-2488.283
"253",-2112.461
"254",-5897.075
"255",-1917.364
"256",-744.454
"257",-3996.192
"258",-877.34
"259",-2030.876
"260",-2487.941
"261",-1258.524
"262",-2564.515
"263",-3947.396
"264",-1933.637
"265",-2073.097
"266",-4552.43
"267",-1973.244
"268",-797.587
"269",-3003.779
"270",-1032.361
"271",-2656.986
"272",-1581.351
"273",-5430.222
"274",-2311.767
"275",-1538.845
"276",-794.456
"277",-1557.801
"278",-1288.597
"279",-4228.995
"280",-2694.064
"281",-1117.274
"282",-1529.211
"283",-2336.017
"284",-2496.714
"285",-1759.257
"286",-12317.03
"287",-2846.881
"288",-3971.451
"289",-5802.097
"290",-2032.545
"291",-2088.578
"292",-7296.966
"293",-2397.657
"294",-3461.065
"295",-684.765
"296",-2277.689
"297",-1368.333
"298",-1205.275
"299",-1100.106
"300",-967.894
"301",-6322.673
"302",-1464.99
"303",-5394.923
"304",-1325.954
"305",-2672.724
"306",-2243.85
"307",-1569.109
"308",-4385.181
"309",-2790.756
"310",-2654.927
"311",-2939.098
"312",-4389.209
"313",-1574.16
"314",-755.777
"315",-6333.901
"316",-1667.989
"317",-2599.936
"318",-734.969
"319",-3520.821
"320",-4654.466
"321",-1620.768
"322",-4238.583
"323",-886.006
"324",-1110.965
"325",-1694.904
"326",-612.683
"327",-2551.501
"328",-684.416
"329",-2940.771
"330",-2060.695
"331",-904.708
"332",-2129.076
"333",-1452.521
"334",-3546.902
"335",-2794.548
"336",-2926.519
"337",-2657.599
"338",-940.677
"339",-862.687
"340",-4348.084
"341",-1771.698
"342",-1050.457
"343",-1329.595
"344",-1318.759
"345",-2810.975
"346",-3274.502
"347",-1274.051
"348",-2179.55
"349",-2172.842
"350",-1042.613
"351",-846.925
"352",-1513.884
"353",-809.14
"354",-5436.143
"355",-3335.926
"356",-2807.751
"357",-1786.432
"358",-671.263
"359",-2052.638
"360",-4384.996
"361",-11315.309
"362",-5961.372
"363",-492.437
"364",-3292.188
"365",-1672.167
"366",-1083.307
"367",-2524.251
"368",-5761.458
"369",-895.977
"370",-2636.088
"371",-1888.719
"372",-4292.003
"373",-1789.657
"374",-6086.849
"375",-4563.838
"376",-1716.178
"377",-6251.26
"378",-2107.861
"379",-1662.564
"380",-1177.328
"381",-1553.051
"382",-1902.61
"383",-2190.106
"384",-947.026
"385",-2318.164
"386",-925.073
"387",-4604.733
"388",-2191.17
"389",-709.46
"390",-4028.15
"391",-6393.031
"392",-2702.056
"393",-11124.554
"394",-2814.732
"395",-2194.611
"396",-4031.741
"397",-2786.3
"398",-1244.588
"399",-2801.531
"400",-4865.359
"401",-3736.563
"402",-617.752
"403",-684.887
"404",-3510.891
"405",-2966.482
"406",-1014.36
"407",-1254.861
"408",-481.163
"409",-1048.731
"410",-1089.822
"411",-2584.96
"412",-2513.433
"413",-4017.253
"414",-2734.67
"415",-4109.208
"416",-2128.928
"417",-3102.085
"418",-2498.644
"419",-1003.023
"420",-1672.165
"421",-2186.398
"422",-4119.112
"423",-2919.266
"424",-1470.937
"425",-3738.564
"426",-4335.566
"427",-3206.202
"428",-2575.333
"429",-7556.191
"430",-1329.439
"431",-3229.213
"432",-1723.125
"433",-5932.752
"434",-3854.385
"435",-1048.209
"436",-6128.374
"437",-1763.988
"438",-5404.44
"439",-2381.9
"440",-1641.248
"441",-1042.334
"442",-6478.742
"443",-2232.792
"444",-4956.531
"445",-1969.819
"446",-3586.563
"447",-1722.911
"448",-1370.825
"449",-1943.283
"450",-1509.61
"451",-3767.321
"452",-1429.945
"453",-3416.891
"454",-1348.437
"455",-1917.496
"456",-910.646
"457",-808.484
"458",-552.438
"459",-995.979
"460",-1742.321
"461",-2805.541
"462",-2668.015
"463",-1905.522
"464",-3056.112
"465",-2893.462
"466",-2438.602
"467",-6159.548
"468",-1465.994
"469",-1467.171
"470",-7212.771
"471",-1386.048
"472",-730.191
"473",-2042.852
"474",-1394.56
"475",-1544.526
"476",-5683.887
"477",-5654.332
"478",-1631.172
"479",-1485.543
"480",-1241.615
"481",-1507.973
"482",-1156.272
"483",-738.32
"484",-1690.046
"485",-1376.411
"486",-5438.874
"487",-1779.447
"488",-1728.385
"489",-2292.924
"490",-2610.556
"491",-1201.384
"492",-12026.777
"493",-1732.485
"494",-3282.315
"495",-746.467
"496",-2789.772
"497",-3122.578
"498",-3364.354
"499",-1744.751
"500",-706.142
"501",-3117.399
"502",-1805.621
"503",-2477.2
"504",-4835.482
"505",-4655.347
"506",-4441.921
"507",-1292.047
"508",-4726.099
"509",-7017.938
"510",-1399.964
"511",-1460.582
"512",-1641.746
"513",-2974.265
"514",-1231.442
"515",-2318.025
"516",-1728.816
"517",-3451.23
"518",-3324.422
"519",-3121.464
"520",-1372.872
"521",-1607.259
"522",-1665.659
"523",-3398.802
"524",-2375.036
"525",-2208.739
"526",-2761.159
"527",-912.134
"528",-2216.017
"529",-6059.648
"530",-2269.764
"531",-1402.307
"532",-1495.844
"533",-1876.555
"534",-3220.992
"535",-3280.248
"536",-902.747
"537",-862.396
"538",-643.712
"539",-894.592
"540",-1050.058
"541",-1056.387
"542",-4318.026
"543",-1099.599
"544",-6597.16
"545",-2591.61
"546",-5831.207
"547",-1712.763
"548",-1383.515
"549",-1123.701
"550",-2360.147
"551",-4477.218
"552",-1441.7
"553",-4143.693
"554",-2476.099
"555",-1250.978
"556",-2905.676
"557",-847.988
"558",-4492.314
"559",-1753.249
"560",-2492.579
"561",-1078.325
"562",-11323.586
"563",-3027.856
"564",-2860.512
"565",-4538.848
"566",-1439.535
"567",-3568.183
"568",-9320.106
"569",-3453.346
"570",-2017.156
"571",-4473.067
"572",-1971.399
"573",-4074.43
"574",-891.821
"575",-1439.698
"576",-3318.836
"577",-1836.786
"578",-1435.324
"579",-1404.224
"580",-3836.553
"581",-1131.261
"582",-1294.226
"583",-3193.935
"584",-2950.449
"585",-3047.262
"586",-6469.857
"587",-7342.956
"588",-1735.835
"589",-4157.631
"590",-5169.829
"591",-2456.824
"592",-2472.223
"593",-885.941
"594",-1707.466
"595",-994.818
"596",-1163.202
"597",-1603.89
"598",-1727.567
"599",-3006.16
"600",-1644.971
"601",-415.729
"602",-2370.232
"603",-1251.672
"604",-1759.102
"605",-705.207
"606",-4573.393
"607",-7209.511
"608",-2050.894
"609",-1989.386
"610",-779.294
"611",-1880.969
"612",-1374.655
"613",-1430.456
"614",-4485.513
"615",-1660.972
"616",-6858.772
"617",-2088.884
"618",-1374.58
"619",-2348.352
"620",-3813.875
"621",-8220.751
"622",-3014.293
"623",-4700.76
"624",-2167.828
"625",-525.049
"626",-4440.189
"627",-1720.449
"628",-2945.757
"629",-2572.372
"630",-4161.728
"631",-2274.829
"632",-2691.689
"633",-2190.333
"634",-5019.756
"635",-855.357
"636",-3630.339
"637",-1110.395
"638",-1127.005
"639",-598.368
"640",-1363.757
"641",-2254.472
"642",-1063.663
"643",-4714.373
"644",-776.067
"645",-481.548
"646",-1068.35
"647",-3466.105
"648",-1571.714
"649",-2195.729
"650",-1023.883
"651",-1195.274
"652",-3253.687
"653",-2053.313
"654",-4514.69
"655",-917.165
"656",-2781.649
"657",-3357.392
"658",-3833.856
"659",-5155.642
"660",-1556.267
"661",-3039.6
"662",-2303.319
"663",-3933.272
"664",-3809.174
"665",-754.339
"666",-727.512
"667",-6873.041
"668",-3225.554
"669",-3658.283
"670",-739.721
"671",-1695.683
"672",-1748.485
"673",-4179.916
"674",-768.684
"675",-2068.937
"676",-2931.113
"677",-1748.489
"678",-1640.381
"679",-5643.337
"680",-3690.259
"681",-3130.3
"682",-778.209
"683",-2640.385
"684",-1311.55
"685",-2144.525
"686",-361.022
"687",-1727.601
"688",-1394.76
"689",-2924.474
"690",-782.588
"691",-2173.514
"692",-684.04
"693",-1175.873
"694",-1027.221
"695",-2716.726
"696",-2719.128
"697",-4955.119
"698",-3490.52
"699",-4077.111
"700",-4557.461
"701",-2236.568
"702",-5533.688
"703",-1142.194
"704",-3943.411
"705",-595.779
"706",-1352.844
"707",-4384.345
"708",-1326.164
"709",-3945.302
"710",-10736.442
"711",-6558.598
"712",-3076.99
"713",-2549.132
"714",-578.052
"715",-1889.894
"716",-1241.322
"717",-1389.535
"718",-1396.517
"719",-8352.633
"720",-3079.94
"721",-3998.443
"722",-1468.185
"723",-1299.076
"724",-933.313
"725",-2468.929
"726",-2754.787
"727",-1728.745
"728",-4974.463
"729",-6634.492
"730",-4223.848
"731",-988.316
"732",-6708.201
"733",-1322.666
"734",-2023.52
"735",-2888.305
"736",-1364.657
"737",-581.962
"738",-986.82
"739",-2048.45
"740",-614.86
"741",-2361.985
"742",-3569.079
"743",-1575.638
"744",-6639.858
"745",-4723.094
"746",-3635.53
"747",-4085.363
"748",-5459.154
"749",-4834.27
"750",-1932.991
"751",-2856.281
"752",-6261.817
"753",-2024.96
"754",-766.005
"755",-684.201
"756",-1365.266
"757",-966.851
"758",-3047.289
"759",-750.092
"760",-1580.252
"761",-1015.372
"762",-2964.334
"763",-2963.16
"764",-1125.239
"765",-1899.143
"766",-3702.746
"767",-1640.787
"768",-2510.841
"769",-1951.895
"770",-3960.531
"771",-646.798
"772",-2266.834
"773",-1246.764
"774",-1757.92
"775",-2139.782
"776",-724.769
"777",-3057.95
"778",-3681.506
"779",-983.696
"780",-3388.307
"781",-1725.045
"782",-1720.447
"783",-878.549
"784",-2477.364
"785",-1479.828
"786",-1156.701
"787",-2535.381
"788",-1394.197
"789",-1463.991
"790",-1295.723
"791",-1368.662
"792",-3240.056
"793",-3030.8
"794",-1214.778
"795",-1174.857
"796",-1773.531
"797",-1996.716
"798",-685.159
"799",-927.74
"800",-826.731
"801",-1597.235
"802",-1582.005
"803",-2895.267
"804",-1286.249
"805",-1148.465
"806",-1766.144
"807",-2590.35
"808",-2576.696
"809",-840.231
"810",-1145.318
"811",-5628.578
"812",-1981.756
"813",-7889.515
"814",-4524.763
"815",-4467.403
"816",-3604.984
"817",-1913.899
"818",-2238.095
"819",-2443.655
"820",-1346.769
"821",-4375.714
"822",-4155.397
"823",-2014.724
"824",-960.756
"825",-7801.74
"826",-1253.805
"827",-3046.574
"828",-3717.466
"829",-9627.83
"830",-649.686
"831",-1433.456
"832",-536.695
"833",-5559.936
"834",-2697.167
"835",-1577.337
"836",-2832.573
"837",-825.521
"838",-1166.782
"839",-1092.661
"840",-4665.684
"841",-1572.693
"842",-6987.5
"843",-3457.354
"844",-595.908
"845",-5791.017
"846",-2226.077
"847",-1802.608
"848",-3019.558
"849",-771.992
"850",-6590.197
"851",-6510.17
"852",-5397.114
"853",-1813.418
"854",-2148.567
"855",-2444.833
"856",-2683.016
"857",-1014.699
"858",-3850.059
"859",-571.582
"860",-2864.85
"861",-489.385
"862",-3334.179
"863",-4445.075
"864",-1308.359
"865",-2384.728
"866",-2587.023
"867",-901.613
"868",-1590.748
"869",-527.786
"870",-1327.341
"871",-3445.97
"872",-2737.299
"873",-837.032
"874",-3319.549
"875",-1607.814
"876",-2278.109
"877",-4071.662
"878",-2236.489
"879",-2466.873
"880",-1520.399
"881",-1124.649
"882",-9850.884
"883",-2365.235
"884",-4542.624
"885",-1320.448
"886",-4100.12
"887",-3753.055
"888",-2262.521
"889",-2228.606
"890",-3070.768
"891",-12808.353
"892",-6870.087
"893",-2581.407
"894",-1128.339
"895",-834.239
"896",-2093.384
"897",-6743.581
"898",-1040.088
"899",-967.364
"900",-1252.851
"901",-1889.706
"902",-1409.011
"903",-675.6
"904",-873.824
"905",-2568.126
"906",-1613.976
"907",-1876.732
"908",-2337.485
"909",-1183.034
"910",-2948.965
"911",-2274.097
"912",-1715.058
"913",-740.431
"914",-1584.649
"915",-7470.616
"916",-2340.93
"917",-9361.311
"918",-9963.883
"919",-2919.206
"920",-1216.513
"921",-2006.961
"922",-2710.263
"923",-1264.453
"924",-1106.032
"925",-742.298
"926",-3326.43
"927",-3555.957
"928",-3089.691
"929",-774.894
"930",-1349.724
"931",-969.212
"932",-1505.545
"933",-931.595
"934",-7840.956
"935",-563.133
"936",-2485.178
"937",-3279.71
"938",-4435.779
"939",-3881.167
"940",-1571.132
"941",-948.382
"942",-2444.824
"943",-1407.052
"944",-3071.449
"945",-2645.275
"946",-1248.794
"947",-762.464
"948",-1183.856
"949",-782.762
"950",-714.88
"951",-3570.401
"952",-2770.674
"953",-4469.374
"954",-1170.729
"955",-1074.285
"956",-1962.952
"957",-3625.677
"958",-2242.724
"959",-2463.365
"960",-1349.177
"961",-3159.934
"962",-5587.994
"963",-4513.228
"964",-7446.527
"965",-1968.139
"966",-1150.852
"967",-1231.364
"968",-894.416
"969",-3382.23
"970",-683.611
"971",-3785.006
"972",-4736.771
"973",-760.946
"974",-705.003
"975",-1081.917
"976",-3658.14
"977",-3073.893
"978",-2476.073
"979",-983.238
"980",-1910.465
"981",-1187.758
"982",-1933.33
"983",-419.196
"984",-1652.284
"985",-979.501
"986",-2415.758
"987",-3492.49
"988",-2279.212
"989",-898.285
"990",-1757.734
"991",-1660.774
"992",-474.445
"993",-1827.665
"994",-1939.003
"995",-1587.537
"996",-2545.92
"997",-2409.133
"998",-727.563
"999",-1325.303
"1000",-1801.095
"1001",-3563.607
"1002",-2283.46
"1003",-3188.537
"1004",-4328.316
"1005",-1555.246
"1006",-2367.627
"1007",-3977.574
"1008",-1005.539
"1009",-1928.028
"1010",-1075.887
"1011",-2125.606
"1012",-1338.165
"1013",-8091.059
"1014",-778.575
"1015",-848.028
"1016",-592.561
"1017",-2045.065
"1018",-3373.359
"1019",-8590.305
"1020",-2990.401
"1021",-2584.761
"1022",-2473.3
"1023",-2623.358
"1024",-1505.76
"1025",-1288.842
"1026",-5399.101
"1027",-3974.423
"1028",-1334.038
"1029",-5037.644
"1030",-2940.202
"1031",-3491.504
"1032",-1778.767
"1033",-3698.861
"1034",-4705.688
"1035",-7619.07
"1036",-4657.944
"1037",-4342.092
"1038",-2095.421
"1039",-9497.349
"1040",-894.923
"1041",-1952.805
"1042",-5486.17
"1043",-494.75
"1044",-4120.007
"1045",-1822.696
"1046",-1688.345
"1047",-8458.657
"1048",-668.718
"1049",-1241.469
"1050",-1658.463
"1051",-1121.236
"1052",-1626.938
"1053",-1920.576
"1054",-7483.604
"1055",-1608.467
"1056",-437.393
"1057",-9995.627
"1058",-1857.294
"1059",-1932.967
"1060",-4155.629
"1061",-4609.586
"1062",-3811.184
"1063",-3213.383
"1064",-1039.859
"1065",-5009.901
"1066",-1367.577
"1067",-2631.829
"1068",-6531.515
"1069",-1843.502
"1070",-3981.602
"1071",-7160.755
"1072",-692.281
"1073",-2960.517
"1074",-2574.225
"1075",-3222.072
"1076",-1472.034
"1077",-4533.095
"1078",-2340.903
"1079",-648.407
"1080",-5072.228
"1081",-1458.672
"1082",-1653.812
"1083",-6156.485
"1084",-2600.43
"1085",-7163.114
"1086",-2344.906
"1087",-2579.412
"1088",-1581.375
"1089",-1770.037
"1090",-2182.803
"1091",-517.969
"1092",-2443.329
"1093",-2867.894
"1094",-1660.317
"1095",-3621.238
"1096",-4219.367
"1097",-632.934
"1098",-1492.692
"1099",-1422.65
"1100",-5803.492
"1101",-2104.155
"1102",-3568.945
"1103",-2046.491
"1104",-3134.765
"1105",-2712.677
"1106",-1483.535
"1107",-4971.686
"1108",-4678.778
"1109",-4459.829
"1110",-974.157
"1111",-423.317
"1112",-5175.167
"1113",-5517.507
"1114",-786.798
"1115",-2000.041
"1116",-2079.919
"1117",-3680.695
"1118",-5445.78
"1119",-3292.99
"1120",-6445.755
"1121",-1418.169
"1122",-798.493
"1123",-2790.794
"1124",-860.325
"1125",-1685.218
"1126",-1889.078
"1127",-895.677
"1128",-1531.343
"1129",-961.658
"1130",-996.11
"1131",-460.543
"1132",-3122.025
"1133",-772.409
"1134",-707.186
"1135",-1311.272
"1136",-5063.571
"1137",-5635.207
"1138",-3645.853
"1139",-2254.78
"1140",-686.698
"1141",-3980.612
"1142",-674.961
"1143",-1716.815
"1144",-3051.603
"1145",-7674.522
"1146",-1710.329
"1147",-800.035
"1148",-1806.906
"1149",-5128.59
"1150",-6715.505
"1151",-507.079
"1152",-4244.125
"1153",-2971.412
"1154",-2316.231
"1155",-599.813
"1156",-7950.432
"1157",-4239.185
"1158",-5594.407
"1159",-1007.451
"1160",-5367.597
"1161",-1915.008
"1162",-874.385
"1163",-1686.759
"1164",-6858.895
"1165",-1496.552
"1166",-14232.715
"1167",-3283.152
"1168",-1245.267
"1169",-567.233
"1170",-5604.937
"1171",-1955.479
"1172",-579.423
"1173",-13490.37
"1174",-1053.482
"1175",-3309.347
"1176",-852.56
"1177",-2656.756
"1178",-7079.33
"1179",-6210.094
"1180",-3904.179
"1181",-3060.399
"1182",-1528.653
"1183",-1962.856
"1184",-6363.612
"1185",-2089.565
"1186",-4917.338
"1187",-910.651
"1188",-5820.261
"1189",-9524.254
"1190",-6659.042
"1191",-757.703
"1192",-4821.841
"1193",-8480.999
"1194",-17799.579
"1195",-2040.693
"1196",-2182.494
"1197",-6140.742
"1198",-3329.07
"1199",-3790.747
"1200",-2319.316
"1201",-16585.856
"1202",-3580.845
"1203",-9609.442
"1204",-9782.143
"1205",-1080.955
"1206",-1866.019
"1207",-1867.695
"1208",-2585.859
"1209",-2960.767
"1210",-1682.561
"1211",-923.394
"1212",-7215.424
"1213",-1372.274
"1214",-1770.257
"1215",-9323.385
"1216",-1227.532
"1217",-3012.803
"1218",-1669.777
"1219",-1095.686
"1220",-5497.592
"1221",-1032.826
"1222",-573.119
"1223",-1618.173
"1224",-5725.514
"1225",-4708.218
"1226",-2010.455
"1227",-2028.337
"1228",-3878.732
"1229",-3606.301
"1230",-2186.923
"1231",-1017.542
"1232",-470.281
"1233",-2437.677
"1234",-4111.786
"1235",-2671.192
"1236",-2597.181
"1237",-2388.514
"1238",-1245.576
"1239",-488.799
"1240",-2050.364
"1241",-2538.298
"1242",-7789.784
"1243",-948.35
"1244",-1486.893
"1245",-1662.801
"1246",-1613.415
"1247",-3307.049
"1248",-3918.152
"1249",-4672.075
"1250",-1284.896
"1251",-3633.797
"1252",-3330.393
"1253",-7255.102
"1254",-2618.499
"1255",-1333.391
"1256",-1092.035
"1257",-3646.939
"1258",-1113.37
"1259",-4232.636
"1260",-1118.204
"1261",-2068.787
"1262",-1320.591
"1263",-1541.949
"1264",-5044.503
"1265",-4356.991
"1266",-5450.277
"1267",-2040.467
"1268",-2488.817
"1269",-5251.748
"1270",-1877.909
"1271",-1974.837
"1272",-673.971
"1273",-824.998
"1274",-3012.957
"1275",-2103.221
"1276",-2447.022
"1277",-729.432
"1278",-2710.684
"1279",-2225.001
"1280",-1227.868
"1281",-1249.62
"1282",-2805.118
"1283",-1623.328
"1284",-458.475
"1285",-2634.223
"1286",-5279.055
"1287",-3883.958
"1288",-703.971
"1289",-2456.057
"1290",-4878.367
"1291",-1881.452
"1292",-1217.289
"1293",-3580.065
"1294",-3228.211
"1295",-2713.972
"1296",-1633.136
"1297",-1285.089
"1298",-1566.822
"1299",-800.944
"1300",-1541.817
"1301",-1660.735
"1302",-1914.731
"1303",-1919.399
"1304",-1555.321
"1305",-1201.756
"1306",-3834.865
"1307",-2421.083
"1308",-3304.142
"1309",-901.24
"1310",-2760.248
"1311",-770.96
"1312",-2836.859
"1313",-1611.31
"1314",-3028.159
"1315",-1677.362
"1316",-785.526
"1317",-6068.422
"1318",-1421.436
"1319",-10750.034
"1320",-2664.147
"1321",-6276.776
"1322",-1457.391
"1323",-5568.344
"1324",-2770.701
"1325",-3050.131
"1326",-2043.07
"1327",-4345.005
"1328",-740.638
"1329",-1312.085
"1330",-2012.654
"1331",-2243.507
"1332",-996.237
"1333",-2863.084
"1334",-2776.689
"1335",-1218.358
"1336",-1512.026
"1337",-945.91
"1338",-2764.185
"1339",-2218.848
"1340",-1323.219
"1341",-1322.607
"1342",-800.227
"1343",-2507.157
"1344",-2559.541
"1345",-2251.385
"1346",-1891.277
"1347",-1541.102
"1348",-1714.612
"1349",-1285.599
"1350",-2582.608
"1351",-1905.873
"1352",-3859.747
"1353",-1175.141
"1354",-12709.439
"1355",-555.872
"1356",-1941.476
"1357",-2834.476
"1358",-2940.599
"1359",-2897.085
"1360",-955.604
"1361",-3533.183
"1362",-4185.533
"1363",-3124.882
"1364",-6877.132
"1365",-1066.109
"1366",-2847.63
"1367",-1757.197
"1368",-1374.619
"1369",-1541.596
"1370",-1791.742
"1371",-664.6
"1372",-4143.187
"1373",-1140.762
"1374",-1988.609
"1375",-1078.704
"1376",-2589.354
"1377",-1102.345
"1378",-3482.039
"1379",-3140.628
"1380",-3345.39
"1381",-2869.689
"1382",-3724.322
"1383",-880.182
"1384",-1567.682
"1385",-2237.398
"1386",-2481.75
"1387",-1328.998
"1388",-2044.054
"1389",-6445.704
"1390",-533.306
"1391",-1715.61
"1392",-2791.637
"1393",-10835.088
"1394",-5160.403
"1395",-1419.017
"1396",-3031.895
"1397",-3952.773
"1398",-4475.728
"1399",-1704.142
"1400",-1930.406
"1401",-1493.689
"1402",-1199.71
"1403",-4275.309
"1404",-1343.305
"1405",-8170.586
"1406",-1621.183
"1407",-2248.706
"1408",-2103.64
"1409",-946.516
"1410",-879.545
"1411",-2597.294
"1412",-3027.903
"1413",-409.236
"1414",-4273.606
"1415",-1785.391
"1416",-676.638
"1417",-2390.262
"1418",-2598.657
"1419",-3937.056
"1420",-1079.01
"1421",-2861.29
"1422",-1109.829
"1423",-1061.743
"1424",-2393.59
"1425",-3535.441
"1426",-841.264
"1427",-2541.598
"1428",-1865.752
"1429",-591.351
"1430",-4397.84
"1431",-922.466
"1432",-912.379
"1433",-927.098
"1434",-2273.193
"1435",-640.403
"1436",-7021.62
"1437",-2308.11
"1438",-5162.585
"1439",-2540.852
"1440",-4705.286
"1441",-2736.267
"1442",-604.324
"1443",-737.022
"1444",-1344.688
"1445",-3467.512
"1446",-5541.845
"1447",-1566.497
"1448",-2106.098
"1449",-2300.546
"1450",-1542.563
"1451",-3804.874
"1452",-5589.125
"1453",-1178.452
"1454",-1772.443
"1455",-3444.081
"1456",-2642.846
"1457",-1701.474
"1458",-5069.405
"1459",-934.295
"1460",-1120.708
"1461",-829.612
"1462",-1516.586
"1463",-2093.571
"1464",-3266.621
"1465",-2394.618
"1466",-1091.676
"1467",-4359.644
"1468",-5870.879
"1469",-4984.369
"1470",-2915.916
"1471",-2931.12
"1472",-5025.612
"1473",-2881.302
"1474",-498.617
"1475",-1781.818
"1476",-554.178
"1477",-3467.674
"1478",-1123.897
"1479",-1794.875
"1480",-2180.311
"1481",-636.661
"1482",-7925.538
"1483",-2601.733
"1484",-4455.75
"1485",-4571.905
"1486",-4982.917
"1487",-959.251
"1488",-2345.252
"1489",-1814.312
"1490",-1125.612
"1491",-1813.663
"1492",-2510.238
"1493",-1561.639
"1494",-2515.304
"1495",-1768.161
"1496",-2382.719
"1497",-1123.337
"1498",-5613.139
"1499",-4797.289
"1500",-1644.778
"1501",-3722.751
"1502",-5420.374
"1503",-3408.258
"1504",-1442.754
"1505",-1487.028
"1506",-1529.976
"1507",-936.286
"1508",-1397.189
"1509",-3665.518
"1510",-2885.204
"1511",-4158.299
"1512",-1562.136
"1513",-2526.587
"1514",-3303.093
"1515",-2550.999
"1516",-6180.025
"1517",-2027.288
"1518",-2703.613
"1519",-1287.336
"1520",-2539.508
"1521",-2821.272
"1522",-1362.073
"1523",-4343.845
"1524",-3875.108
"1525",-6311.778
"1526",-1836.421
"1527",-1236.007
"1528",-632.623
"1529",-3870.118
"1530",-1386.348
"1531",-1692.891
"1532",-5656.893
"1533",-1825.247
"1534",-2835.235
"1535",-2699.71
"1536",-994.818
"1537",-2754.872
"1538",-1621.955
"1539",-6676.59
"1540",-1675.586
"1541",-1953.339
"1542",-1151.478
"1543",-2086.13
"1544",-3207.878
"1545",-4815.057
"1546",-982.476
"1547",-746.948
"1548",-4991.008
"1549",-3091.662
"1550",-3608.051
"1551",-1976.902
"1552",-4966.464
"1553",-2274.636
"1554",-1279.399
"1555",-8282.691
"1556",-7260.007
"1557",-1321.085
"1558",-1704.997
"1559",-2588.539
"1560",-2217.716
"1561",-1960.814
"1562",-1149.842
"1563",-5108.251
"1564",-1400.733
"1565",-2198.005
"1566",-2509.968
"1567",-2954.584
"1568",-1612.172
"1569",-1604.131
"1570",-1229.049
"1571",-708.031
"1572",-2050.548
"1573",-1703.643
"1574",-1408.657
"1575",-2342.964
"1576",-3729.727
"1577",-1151.028
"1578",-1073.405
"1579",-4133.884
"1580",-10447.393
"1581",-2167.108
"1582",-2243.252
"1583",-14946.957
"1584",-1320.971
"1585",-12652.237
"1586",-1983.006
"1587",-3542.95
"1588",-4037.786
"1589",-1848.951
"1590",-1282.856
"1591",-5027.127
"1592",-3669.854
"1593",-1881.229
"1594",-2366.101
"1595",-1839.305
"1596",-4041.294
"1597",-4619.391
"1598",-1336.723
"1599",-519.833
"1600",-554.229
"1601",-3233.055
"1602",-746.177
"1603",-826.998
"1604",-905.113
"1605",-3217.351
"1606",-797.812
"1607",-1822.434
"1608",-1757.714
"1609",-2851.604
"1610",-2028.07
"1611",-4442.668
"1612",-2985.84
"1613",-1088.763
"1614",-1899.635
"1615",-3962.468
"1616",-3213.238
"1617",-4680.752
"1618",-4362.664
"1619",-2538.565
"1620",-2379.676
"1621",-2588.487
"1622",-2551.371
"1623",-2346.532
"1624",-2402.708
"1625",-3003.922
"1626",-2491.962
"1627",-4137.861
"1628",-2537.267
"1629",-3331.664
"1630",-2273.721
"1631",-4130.824
"1632",-2118.779
"1633",-5412.018
"1634",-3059.897
"1635",-4984.964
"1636",-9417.947
"1637",-8472.983
"1638",-2520.527
"1639",-5915.655
"1640",-11247.787
"1641",-2097.945
"1642",-3871.274
"1643",-1056.227
"1644",-18919.048
"1645",-2380.856
"1646",-3644.403
"1647",-5091.71
"1648",-3223.314
"1649",-2707.167
"1650",-3346.399
"1651",-2779.316
"1652",-2031.856
"1653",-1674.589
"1654",-3014.828
"1655",-5069.102
"1656",-2574.919
"1657",-3516.594
"1658",-3122.086
"1659",-1264.231
"1660",-2841.17
"1661",-1181.457
"1662",-2593.07
"1663",-3288.682
"1664",-1374.355
"1665",-2285.847
"1666",-3651.943
"1667",-3390.506
"1668",-1541.853
"1669",-4560.77
"1670",-5531.135
"1671",-1370.238
"1672",-3437.802
"1673",-2646.752
"1674",-4694.049
"1675",-3155.631
"1676",-509.501
"1677",-2571.947
"1678",-1775.222
"1679",-4264.843
"1680",-7233.552
"1681",-1379.853
"1682",-2069.632
"1683",-3750.498
"1684",-2325.66
"1685",-967.681
"1686",-3974.543
"1687",-823.826
"1688",-1676.983
"1689",-4900.397
"1690",-1961.104
"1691",-3416.163
"1692",-2193.218
"1693",-3304.965
"1694",-4003.524
"1695",-6062.902
"1696",-5878.644
"1697",-1234.039
"1698",-1126.233
"1699",-8781.019
"1700",-5727.331
"1701",-1251.477
"1702",-4103.68
"1703",-2467.499
"1704",-3408.923
"1705",-2035.135
"1706",-32404.348
"1707",-2047.613
"1708",-1397.62
"1709",-4907.451
"1710",-3349.082
"1711",-2313.426
"1712",-3288.648
"1713",-4816.548
"1714",-2418.312
"1715",-6546.805
"1716",-7003.622
"1717",-4609.486
"1718",-4665.961
"1719",-9019.292
"1720",-2507.546
"1721",-5153.445
"1722",-5711.975
"1723",-5932.13
"1724",-3072.67
"1725",-4503.408
"1726",-2924.039
"1727",-3014.12
"1728",-2825.912
"1729",-10429.515
"1730",-4138.915
"1731",-2930.885
"1732",-5035.017
"1733",-11910.048
"1734",-3672.607
"1735",-5784.356
"1736",-3608.322
"1737",-4250.249
"1738",-2487.08
"1739",-1324.583
"1740",-3779.666
"1741",-1380.687
"1742",-3084.075
"1743",-2310.986
"1744",-2392.174
"1745",-5147.001
"1746",-818.188
"1747",-4143.216
"1748",-2841.742
"1749",-1505.357
"1750",-2121.338
"1751",-4215.998
"1752",-1304.715
"1753",-1610.715
"1754",-1824.853
"1755",-2620.27
"1756",-1522.84
"1757",-999.277
"1758",-1506.476
"1759",-3123.689
"1760",-7196.136
"1761",-4060.49
"1762",-2321.424
"1763",-3308.473
"1764",-2130.363
"1765",-3108.547
"1766",-2377.13
"1767",-2059.069
"1768",-3018.373
"1769",-2378.27
"1770",-3370.943
"1771",-2884.799
"1772",-3762.525
"1773",-2607.964
"1774",-2285.842
"1775",-1027.014
"1776",-2814.491
"1777",-3199.977
"1778",-2824.603
"1779",-2431.889
"1780",-1445.284
"1781",-1451.451
"1782",-3551.908
"1783",-3297.452
"1784",-3766.106
"1785",-1884.645
"1786",-2392.517
"1787",-2630.732
"1788",-3738.637
"1789",-1639.522
"1790",-977.844
"1791",-2176
"1792",-3615.15
"1793",-5521.724
"1794",-3189.979
"1795",-3968.88
"1796",-5859.959
"1797",-5608.58
"1798",-9738.916
"1799",-4573.849
"1800",-5524.616
"1801",-1639.858
"1802",-5089.697
"1803",-6303.619
"1804",-4051.878
"1805",-2818.304
"1806",-2630.445
"1807",-3873.142
"1808",-1954.936
"1809",-8820.997
"1810",-1217.452
"1811",-2245.566
"1812",-4279.234
"1813",-866.097
"1814",-2042.482
"1815",-1743.846
"1816",-2003.682
"1817",-877.361
"1818",-2713.513
"1819",-2381.333
"1820",-7463.734
"1821",-953.024
"1822",-7212.419
"1823",-4082.26
"1824",-7059.106
"1825",-2923.583
"1826",-3644.451
"1827",-1434.24
"1828",-2932.295
"1829",-1402.035
"1830",-2823.944
"1831",-3478.606
"1832",-2119.009
"1833",-2235.895
"1834",-817.635
"1835",-1488.671
"1836",-1708.729
"1837",-1855.118
"1838",-1133.682
"1839",-2522.164
"1840",-2256.098
"1841",-2188.515
"1842",-802.291
"1843",-270.941
"1844",-812.907
"1845",-1270.879
"1846",-2251.8
"1847",-412.835
"1848",-1027.692
"1849",-2273.965
"1850",-5685.907
"1851",-2728.15
"1852",-1306.736
"1853",-2686.399
"1854",-3422.536
"1855",-1767.656
"1856",-2322.252
"1857",-1903.351
"1858",-1398.695
"1859",-4256.957
"1860",-1896.966
"1861",-2319.549
"1862",-2401.738
"1863",-2239.602
"1864",-2896.855
"1865",-2791.335
"1866",-2743.335
"1867",-534.981
"1868",-1336.332
"1869",-2807.294
"1870",-1177.038
"1871",-7358.388
"1872",-10547.339
"1873",-2177.196
"1874",-1324.99
"1875",-1705.31
"1876",-1192.968
"1877",-2906.477
"1878",-2885.382
"1879",-4558.209
"1880",-2196.503
"1881",-1872.765
"1882",-4449.207
"1883",-919.344
"1884",-3210.711
"1885",-5682.997
"1886",-1504.821
"1887",-3688.077
"1888",-712.494
"1889",-1081.61
"1890",-1110.721
"1891",-3247.825
"1892",-1888.59
"1893",-3619.771
"1894",-542.367
"1895",-2124.492
"1896",-4235.533
"1897",-2992.111
"1898",-2014.782
"1899",-1865.783
"1900",-10573.799
"1901",-1949.54
"1902",-2681.513
"1903",-1727.447
"1904",-1920.103
"1905",-2420.746
"1906",-2946.118
"1907",-2479.255
"1908",-2144.485
"1909",-3322.493
"1910",-891.481
"1911",-297.249
"1912",-1574.349
"1913",-2140.84
"1914",-1065.178
"1915",-871.053
"1916",-1952.489
"1917",-9514.791
"1918",-3834.784
"1919",-1143.814
"1920",-1543.501
"1921",-2509.499
"1922",-551.668
"1923",-1533.096
"1924",-1846.782
"1925",-3488.953
"1926",-936.115
"1927",-1357.36
"1928",-1451.782
"1929",-1213.164
"1930",-2828.207
"1931",-4841.752
"1932",-6417.846
"1933",-3141.163
"1934",-5645.886
"1935",-2049.582
"1936",-4920.087
"1937",-956.688
"1938",-1932.855
"1939",-2291.153
"1940",-2307.243
"1941",-1276.61
"1942",-1758.052
"1943",-6404.196
"1944",-2368.705
"1945",-2308.306
"1946",-2135.916
"1947",-2099.052
"1948",-1955.688
"1949",-13577.012
"1950",-6456.149
"1951",-2786.443
"1952",-1873.835
"1953",-5017.426
"1954",-4040.553
"1955",-1423.832
"1956",-2976.959
"1957",-973.64
"1958",-3037.75
"1959",-1521.882
"1960",-3719.58
"1961",-1425.967
"1962",-2333.203
"1963",-817.442
"1964",-2121.693
"1965",-4807.34
"1966",-2286.957
"1967",-3146.017
"1968",-1212.723
"1969",-467.609
"1970",-4330.458
"1971",-2866.602
"1972",-1956.06
"1973",-2398.334
"1974",-1366.411
"1975",-396.318
"1976",-3671.74
"1977",-2431.606
"1978",-2674.588
"1979",-2185.563
"1980",-1594.642
"1981",-1549.886
"1982",-1215.924
"1983",-2054.499
"1984",-2376.356
"1985",-1441.997
"1986",-3352.474
"1987",-1245.774
"1988",-1193.685
"1989",-5488.883
"1990",-2087.84
"1991",-1283.73
"1992",-1430.944
"1993",-1175.36
"1994",-3456.886
"1995",-1023.598
"1996",-3264.436
"1997",-2620.735
"1998",-2633.971
"1999",-4520.111
"2000",-1321.755
"2001",-3742.687
"2002",-2193.966
"2003",-2136.858
"2004",-5442.462
"2005",-3309.675
"2006",-3727.683
"2007",-2574.298
"2008",-2462.437
"2009",-3097.848
"2010",-753.817
"2011",-3908.619
"2012",-3083.722
"2013",-2267.325
"2014",-882.624
"2015",-1432.458
"2016",-1737.662
"2017",-990.178
"2018",-790.6
"2019",-1305.72
"2020",-2559.459
"2021",-2066.322
"2022",-1296.737
"2023",-2577.305
"2024",-342.405
"2025",-5509.415
"2026",-1076.258
"2027",-560.48
"2028",-2376.184
"2029",-2748.838
"2030",-3423.316
"2031",-5458.362
"2032",-1386.18
"2033",-2269.723
"2034",-1105.481
"2035",-4277.34
"2036",-1311.393
"2037",-13382.736
"2038",-3476.853
"2039",-1663.427
"2040",-2406.303
"2041",-7026.033
"2042",-3081.277
"2043",-2181.504
"2044",-2407.684
"2045",-4516.858
"2046",-1156.556
"2047",-1585.082
"2048",-6166.683
"2049",-4063.665
"2050",-1589.065
"2051",-1526.58
"2052",-2344.34
"2053",-5246.658
"2054",-10630.07
"2055",-1672.766
"2056",-1554.704
"2057",-1037.291
"2058",-9297.388
"2059",-2048.783
"2060",-1533.942
"2061",-1773.804
"2062",-1599.293
"2063",-3879.072
"2064",-797.399
"2065",-748.13
"2066",-1582.814
"2067",-575.772
"2068",-4968.933
"2069",-3471.011
"2070",-1796.182
"2071",-1772.096
"2072",-4995.973
"2073",-2536.291
"2074",-4203.083
"2075",-1706.618
"2076",-1848.3
"2077",-5013.404
"2078",-1968.029
"2079",-3223.718
"2080",-4076.236
"2081",-900.858
"2082",-2934.377
"2083",-1661.406
"2084",-1961.831
"2085",-4262.523
"2086",-2474.424
"2087",-1995.98
"2088",-3117.661
"2089",-2489.717
"2090",-527.888
"2091",-1797.432
"2092",-973.469
"2093",-1629.075
"2094",-1232.435
"2095",-4149.392
"2096",-3771.961
"2097",-2745.897
"2098",-1898.45
"2099",-4323.193
"2100",-1027.872
"2101",-663.693
"2102",-2767.351
"2103",-468.157
"2104",-2625.887
"2105",-1038.291
"2106",-2461.519
"2107",-1795.66
"2108",-2967.581
"2109",-2168.7
"2110",-2523.341
"2111",-1569.554
"2112",-2083.691
"2113",-2046.453
"2114",-738.609
"2115",-2588.906
"2116",-2195.443
"2117",-3115.188
"2118",-6824.511
"2119",-3822.721
"2120",-1655.898
"2121",-1484.83
"2122",-4670.325
"2123",-1333.026
"2124",-674.983
"2125",-1988.009
"2126",-1778.611
"2127",-522.661
"2128",-12816.526
"2129",-12595.439
"2130",-2990.563
"2131",-1988.43
"2132",-1558.966
"2133",-2904.126
"2134",-2926.379
"2135",-468.716
"2136",-5661.997
"2137",-896.628
"2138",-3207.427
"2139",-1834.003
"2140",-3817.082
"2141",-539.556
"2142",-3360.379
"2143",-3470.696
"2144",-1611.788
"2145",-5849.424
"2146",-619.784
"2147",-1861.864
"2148",-2112.7
"2149",-3317.958
"2150",-7756.865
"2151",-4795.545
"2152",-722.097
"2153",-6425.631
"2154",-3118.521
"2155",-4200.867
"2156",-1091.044
"2157",-1415.464
"2158",-984.374
"2159",-1817.488
"2160",-10687.192
"2161",-886.54
"2162",-4354.547
"2163",-968.831
"2164",-2646.109
"2165",-2479.674
"2166",-4505.513
"2167",-765.894
"2168",-1997.058
"2169",-2446.131
"2170",-676.614
"2171",-1198.462
"2172",-439.411
"2173",-1361.314
"2174",-559.997
"2175",-1769.061
"2176",-2426.025
"2177",-2575.178
"2178",-3736.557
"2179",-2145.181
"2180",-2286.522
"2181",-517.249
"2182",-10345.228
"2183",-2616.626
"2184",-4515.397
"2185",-3611.148
"2186",-2560.697
"2187",-2390.025
"2188",-1941.387
"2189",-1593.724
"2190",-876.332
"2191",-8770.648
"2192",-1686.585
"2193",-1952.614
"2194",-1649.834
"2195",-4736.966
"2196",-6286.625
"2197",-1084.783
"2198",-4385.353
"2199",-3595.452
"2200",-628.345
"2201",-3707.131
"2202",-3563.604
"2203",-2161.904
"2204",-1369.898
"2205",-3288.677
"2206",-1281.006
"2207",-3867.559
"2208",-1830.917
"2209",-2045.594
"2210",-1196.352
"2211",-1839.004
"2212",-4208.387
"2213",-1395.593
"2214",-5250.191
"2215",-1963.101
"2216",-3342.476
"2217",-1393.931
"2218",-1117.807
"2219",-1807.102
"2220",-779.729
"2221",-1621.79
"2222",-4066.577
"2223",-4640.133
"2224",-6630.539
"2225",-3276.558
"2226",-1750.405
"2227",-2044.043
"2228",-2719.722
"2229",-3879.951
"2230",-839.853
"2231",-6853.784
"2232",-1846.368
"2233",-7067.124
"2234",-1775.647
"2235",-6625.541
"2236",-2905.028
"2237",-3080.552
"2238",-4018.753
"2239",-2025.524
"2240",-3217.406
"2241",-2947.041
"2242",-3598.525
"2243",-4787.544
"2244",-6267.816
"2245",-2976.268
"2246",-4909.116
"2247",-1889.638
"2248",-5666.192
"2249",-2929.752
"2250",-2609.123
"2251",-4868.398
"2252",-6014.426
"2253",-2798.976
"2254",-1536.681
"2255",-2251.883
"2256",-2005.07
"2257",-2282.7
"2258",-1697.239
"2259",-2704.709
"2260",-2130.958
"2261",-2538.663
"2262",-2088.389
"2263",-4290.184
"2264",-3484.9
"2265",-4800.405
"2266",-2285.126
"2267",-1019.711
"2268",-2478.518
"2269",-2432.183
"2270",-2858.526
"2271",-4484.814
"2272",-1506.507
"2273",-8138.495
"2274",-2154.257
"2275",-3315.191
"2276",-2647.209
"2277",-1548.555
"2278",-1480.988
"2279",-737.676
"2280",-5906.974
"2281",-1304.427
"2282",-4040.984
"2283",-1623.803
"2284",-2913.255
"2285",-3307.584
"2286",-3078.619
"2287",-2193.648
"2288",-6472.269
"2289",-2013.907
"2290",-3059.308
"2291",-3651.602
"2292",-2711.783
"2293",-3468.211
"2294",-3566.371
"2295",-4838.719
"2296",-2519.479
"2297",-2439.898
"2298",-1139.499
"2299",-6080.701
"2300",-2585.409
"2301",-2475.986
"2302",-955.82
"2303",-897.235
"2304",-15896.487
"2305",-6884.101
"2306",-3990.3
"2307",-2533.406
"2308",-3300.332
"2309",-2707.686
"2310",-2395.713
"2311",-2534.883
"2312",-2849.761
"2313",-1904.208
"2314",-1007.787
"2315",-2903.021
"2316",-1136.778
"2317",-5338.051
"2318",-1616.919
"2319",-2554.221
"2320",-4187.295
"2321",-1407.629
"2322",-1731.269
"2323",-951.75
"2324",-8269.65
"2325",-4718.968
"2326",-1525.438
"2327",-2667.271
"2328",-2361.419
"2329",-3299.849
"2330",-1484.813
"2331",-3031.778
"2332",-3912.472
"2333",-3740.202
"2334",-4989.383
"2335",-1018.611
"2336",-2269.654
"2337",-3000.067
"2338",-1342.267
"2339",-809.288
"2340",-3921.53
"2341",-6297.699
"2342",-848.802
"2343",-766.365
"2344",-3471.267
"2345",-3237.109
"2346",-2290.132
"2347",-2603.394
"2348",-2956.825
"2349",-2510.51
"2350",-1435.255
"2351",-2856.35
"2352",-3964.755
"2353",-2317.206
"2354",-3917.26
"2355",-4109.791
"2356",-1428.416
"2357",-1967.2
"2358",-2052.265
"2359",-1184.837
"2360",-5331.352
"2361",-5068.511
"2362",-1735.92
"2363",-849.418
"2364",-1868.201
"2365",-1090.492
"2366",-4372.969
"2367",-2706.489
"2368",-2081.302
"2369",-2313.562
"2370",-7157.643
"2371",-5087.768
"2372",-1336.497
"2373",-1175.663
"2374",-1368.566
"2375",-573.231
"2376",-3223.098
"2377",-7463.321
"2378",-2510.298
"2379",-2364.956
"2380",-1045.286
"2381",-2859.826
"2382",-2499.854
"2383",-1491.698
"2384",-5731.414
"2385",-2140.424
"2386",-3165.995
"2387",-2394.657
"2388",-2952.579
"2389",-1295.294
"2390",-2838.712
"2391",-4176.239
"2392",-1025.592
"2393",-8224.258
"2394",-1671.731
"2395",-2280.249
"2396",-2006.967
"2397",-2306.939
"2398",-2938.322
"2399",-1251.841
"2400",-6142.024
"2401",-2111.404
"2402",-1654.271
"2403",-3405.467
"2404",-9551.592
"2405",-2910.789
"2406",-2628.013
"2407",-3695.88
"2408",-2824.091
"2409",-4481.035
"2410",-1422.252
"2411",-1141.388
"2412",-1103.056
"2413",-3670.275
"2414",-2003.043
"2415",-2820.692
"2416",-3475.189
"2417",-1508.177
"2418",-3390.263
"2419",-2364.92
"2420",-2055.586
"2421",-2070.732
"2422",-2885.93
"2423",-1423.092
"2424",-589.612
"2425",-699.42
"2426",-684.668
"2427",-4736.928
"2428",-5810.972
"2429",-3423.885
"2430",-2341.645
"2431",-1036.2
"2432",-1346.519
"2433",-3113.45
"2434",-1031.686
"2435",-652.709
"2436",-2270.409
"2437",-7584.03
"2438",-4383.901
"2439",-1119.381
"2440",-3141.777
"2441",-2755.704
"2442",-6452.944
"2443",-2314.353
"2444",-1194.58
"2445",-9433.281
"2446",-5452.995
"2447",-2503.332
"2448",-2099.86
"2449",-4630.818
"2450",-3052.066
"2451",-2594.757
"2452",-2844.864
"2453",-2608.414
"2454",-2265.433
"2455",-2600.456
"2456",-3265.737
"2457",-1909.39
"2458",-3098.135
"2459",-4234.982
"2460",-2743.444
"2461",-3452.439
"2462",-3222.677
"2463",-3610.353
"2464",-3387.42
"2465",-13581.026
"2466",-9064.609
"2467",-3321.29
"2468",-913.153
"2469",-1546.253
"2470",-4999.223
"2471",-3154.945
"2472",-12086.927
"2473",-3263.516
"2474",-5896.232
"2475",-2580.709
"2476",-939.478
"2477",-3411.589
"2478",-887.889
"2479",-2253.209
"2480",-1915.013
"2481",-831.506
"2482",-960.24
"2483",-7481.234
"2484",-3350.105
"2485",-1585.976
"2486",-3301.263
"2487",-3503.516
"2488",-2619.879
"2489",-4335.253
"2490",-2486.748
"2491",-2413.059
"2492",-2309.71
"2493",-4871.78
"2494",-1670.45
"2495",-741.756
"2496",-2869.215
"2497",-2013.223
"2498",-2991.464
"2499",-1473.671
"2500",-3005.264
"2501",-2450.013
"2502",-4873.992
"2503",-2589.48
"2504",-5939.33
"2505",-2152.74
"2506",-2821.989
"2507",-2073.455
"2508",-3096.933
"2509",-4400.536
"2510",-2875.552
"2511",-5051.837
"2512",-2755.117
"2513",-2805.827
"2514",-1331.002
"2515",-3831.976
"2516",-2235.307
"2517",-7066.628
"2518",-1693.275
"2519",-4118.632
"2520",-1719.179
"2521",-4808.421
"2522",-873.487
"2523",-2077.651
"2524",-1714.515
"2525",-2964.291
"2526",-2380.405
"2527",-2747.318
"2528",-938.174
"2529",-2715.338
"2530",-3408.031
"2531",-1627.355
"2532",-1944.815
"2533",-8003.532
"2534",-1829.77
"2535",-3146.983
"2536",-6416.533
"2537",-343.426
"2538",-3378.834
"2539",-4265.928
"2540",-944.696
"2541",-4753.303
"2542",-2270.681
"2543",-4977.366
"2544",-2107.949
"2545",-1007.052
"2546",-2359.206
"2547",-1973.022
"2548",-1653.545
"2549",-1774.17
"2550",-1631.792
"2551",-1684.983
"2552",-1666.229
"2553",-2122.29
"2554",-2134.959
"2555",-3392.216
"2556",-3340.269
"2557",-2109.901
"2558",-1056.648
"2559",-4079.972
"2560",-2232.93
"2561",-2309.073
"2562",-1626.702
"2563",-1368.614
"2564",-1741.641
"2565",-1915.535
"2566",-1818.258
"2567",-2715.815
"2568",-6320.018
"2569",-5416.741
"2570",-9234.198
"2571",-10079.968
"2572",-7780.283
"2573",-3762.608
"2574",-3453.411
"2575",-1340.689
"2576",-2855.904
"2577",-2042.093
"2578",-3997.534
"2579",-937.458
"2580",-1997.123
"2581",-8070.977
"2582",-2175.333
"2583",-1403.223
"2584",-2830.501
"2585",-1178.223
"2586",-1139.448
"2587",-2502.024
"2588",-1095.395
"2589",-1982.257
"2590",-3777.549
"2591",-692.273
"2592",-652.987
"2593",-910.47
"2594",-975.769
"2595",-2569.24
"2596",-10969.715
"2597",-2679.411
"2598",-733.533
"2599",-718.453
"2600",-721.151
"2601",-1649.772
"2602",-1691.089
"2603",-1987.665
"2604",-1807.828
"2605",-1383.581
"2606",-542.606
"2607",-1735.192
"2608",-2063.992
"2609",-3282.418
"2610",-1036.334
"2611",-2409.787
"2612",-3889.662
"2613",-3632.485
"2614",-4776.47
"2615",-4716.654
"2616",-4244.837
"2617",-4024.295
"2618",-2291.308
"2619",-2868.822
"2620",-2988.075
"2621",-737.757
"2622",-3256.123
"2623",-1563.396
"2624",-4371.528
"2625",-3340.381
"2626",-4291.576
"2627",-1942.6
"2628",-725.98
"2629",-2307.454
"2630",-14417.589
"2631",-2729.038
"2632",-3272.672
"2633",-3466.895
"2634",-1006.866
"2635",-1872.464
"2636",-1187.281
"2637",-2906.881
"2638",-4987.745
"2639",-1454.321
"2640",-4151.49
"2641",-2233.733
"2642",-740.103
"2643",-2366.921
"2644",-4112.288
"2645",-1835.072
"2646",-1658.999
"2647",-2542.589
"2648",-1304.302
"2649",-2461.928
"2650",-1999.592
"2651",-1266.006
"2652",-1548.981
"2653",-9705.137
"2654",-2379.111
"2655",-5682.559
"2656",-7389.761
"2657",-7826.883
"2658",-1584.784
"2659",-2206.165
"2660",-5500.777
"2661",-1480.345
"2662",-862.552
"2663",-897.314
"2664",-351.434
"2665",-2199.326
"2666",-5182.181
"2667",-2566.424
"2668",-2158.733
"2669",-2261.096
"2670",-2224.791
"2671",-799.394
"2672",-834.557
"2673",-712.689
"2674",-727.586
"2675",-1356.184
"2676",-996.953
"2677",-2043.021
"2678",-1014.341
"2679",-1891.752
"2680",-3120.529
"2681",-3547.096
"2682",-5665.97
"2683",-6761.344
"2684",-3574.608
"2685",-4127.472
"2686",-4177.02
"2687",-3790.867
"2688",-2743.216
"2689",-5632.439
"2690",-3891.216
"2691",-2247.869
"2692",-2237.688
"2693",-4739.917
"2694",-903.721
"2695",-4074.263
"2696",-3837.019
"2697",-4060.611
"2698",-4017.851
"2699",-3046.629
"2700",-3097.741
"2701",-5225.223
"2702",-2829.472
"2703",-4745.369
"2704",-3025.621
"2705",-1243.762
"2706",-10094.807
"2707",-520.781
"2708",-4485.212
"2709",-4054.273
"2710",-3058.501
"2711",-3392.978
"2712",-871.832
"2713",-857.831
"2714",-3604.926
"2715",-2057.522
"2716",-1238.468
"2717",-10351.547
"2718",-1892.61
"2719",-3257.092
"2720",-4575.917
"2721",-4036.542
"2722",-4654.488
"2723",-4823.508
"2724",-2417.635
"2725",-4448.284
"2726",-3733.451
"2727",-1480.157
"2728",-3201.846
"2729",-6241.984
"2730",-6170.256
"2731",-7399.688
"2732",-2835.019
"2733",-2455.71
"2734",-5591.48
"2735",-8751.301
"2736",-6411.197
"2737",-2011.177
"2738",-3781.651
"2739",-2097.484
"2740",-3066.415
"2741",-1042.591
"2742",-3035.04
"2743",-3081.415
"2744",-1846.393
"2745",-2006.375
"2746",-1483.964
"2747",-2040.736
"2748",-2690.488
"2749",-1714.829
"2750",-7927.091
"2751",-2300.694
"2752",-2574.552
"2753",-709.129
"2754",-4891.151
"2755",-8599.229
"2756",-3313.105
"2757",-2263.074
"2758",-495.392
"2759",-780.161
"2760",-2026.205
"2761",-2151.83
"2762",-3581.091
"2763",-4323.545
"2764",-2774.194
"2765",-2361.982
"2766",-2668.122
"2767",-7091.379
"2768",-3811.822
"2769",-2815.12
"2770",-10206.865
"2771",-1479.401
"2772",-1951.224
"2773",-4383.732
"2774",-4177.795
"2775",-3376.282
"2776",-1768.525
"2777",-2267.681
"2778",-3963.246
"2779",-1757.789
"2780",-1966.527
"2781",-1937.594
"2782",-2502.52
"2783",-1499.124
"2784",-2183.522
"2785",-1804.758
"2786",-6451.571
"2787",-1495.113
"2788",-5627.012
"2789",-1253.002
"2790",-10778.549
"2791",-6340.9
"2792",-2340.281
"2793",-5541.149
"2794",-2023.317
"2795",-2581.832
"2796",-17271.065
"2797",-5110.936
"2798",-2867.444
"2799",-6324.517
"2800",-1367.796
"2801",-2439.129
"2802",-491.307
"2803",-7909.941
"2804",-3332.331
"2805",-3318.727
"2806",-2011.796
"2807",-1316.439
"2808",-1863.244
"2809",-1758.755
"2810",-2157.104
"2811",-2217.891
"2812",-2446.832
"2813",-5024.043
"2814",-1822.294
"2815",-2734.332
"2816",-1569.936
"2817",-7555.44
"2818",-962.302
"2819",-533.679
"2820",-1276.081
"2821",-1274.198
"2822",-1820.774
"2823",-644.892
"2824",-3488.274
"2825",-1974.519
"2826",-5169.029
"2827",-7420.018
"2828",-5979.402
"2829",-1330.639
"2830",-2997.712
"2831",-3209.125
"2832",-633.054
"2833",-1205.401
"2834",-1183.931
"2835",-3694.762
"2836",-5934.722
"2837",-931.222
"2838",-1581.353
"2839",-789.495
"2840",-702.804
"2841",-1309.963
"2842",-1656.535
"2843",-2598.299
"2844",-605.816
"2845",-2348.215
"2846",-1261.676
"2847",-2683.921
"2848",-682.183
"2849",-430.866
"2850",-4775.265
"2851",-1508.094
"2852",-2166.754
"2853",-1093.499
"2854",-863.789
"2855",-1447.354
"2856",-943.868
"2857",-3587.671
"2858",-3854.88
"2859",-3743.395
"2860",-3613.135
"2861",-5359.247
"2862",-2499.654
"2863",-1204.45
"2864",-12361.423
"2865",-4029.31
"2866",-3752.017
"2867",-2232.529
"2868",-1003.669
"2869",-5787.112
"2870",-2533.096
"2871",-1855.158
"2872",-3084.729
"2873",-615.115
"2874",-4680.772
"2875",-1961.911
"2876",-5073.317
"2877",-6490.355
"2878",-3902.721
"2879",-845.595
"2880",-4373.095
"2881",-1378.7
"2882",-3462.54
"2883",-14661.57
"2884",-2169.509
"2885",-1292.006
"2886",-1494.64
"2887",-1421.91
"2888",-3380.234
"2889",-2503.079
"2890",-1255.572
"2891",-1262.379
"2892",-6847.621
"2893",-2204.063
"2894",-3414.264
"2895",-1050.387
"2896",-2453.291
"2897",-1393.985
"2898",-7746.337
"2899",-5228.155
"2900",-911.651
"2901",-2499.104
"2902",-2232.922
"2903",-6402.265
"2904",-2328.547
"2905",-1759.51
"2906",-2280.023
"2907",-4168.016
"2908",-3764.6
"2909",-1474.698
"2910",-2842.438
"2911",-5916.273
"2912",-5167.192
"2913",-11017.98
"2914",-7305.053
"2915",-3327.889
"2916",-3345.238
"2917",-5905.331
"2918",-4441.541
"2919",-4948.961
"2920",-3536.281
"2921",-1963.451
"2922",-1336.026
"2923",-4609.196
"2924",-1744.834
"2925",-720.036
"2926",-2033.845
"2927",-3031.85
"2928",-2061.888
"2929",-7348.768
"2930",-567.111
"2931",-2361.963
"2932",-1290.363
"2933",-1134.32
"2934",-2335.539
"2935",-6140.306
"2936",-1947.929
"2937",-3498.09
"2938",-1486.974
"2939",-4186.155
"2940",-5690.127
"2941",-598.77
"2942",-1119.431
"2943",-1393.177
"2944",-6988.449
"2945",-5062.3
"2946",-1818.038
"2947",-4489.241
"2948",-1258.432
"2949",-3116.059
"2950",-2429.619
"2951",-1507.785
"2952",-4109.415
"2953",-1245.454
"2954",-3116.648
"2955",-1042.804
"2956",-2389.754
"2957",-4276.581
"2958",-1436.867
"2959",-2469.404
"2960",-2351.874
"2961",-2086.451
"2962",-1247.845
"2963",-3031.185
"2964",-1954.422
"2965",-2411.06
"2966",-8052.82
"2967",-4859.73
"2968",-2716.088
"2969",-4358.297
"2970",-2082.182
"2971",-4797.628
"2972",-3616.408
"2973",-5833.95
"2974",-2500.865
"2975",-3221.053
"2976",-7173.574
"2977",-4746.212
"2978",-3410.485
"2979",-2777.854
"2980",-4224.421
"2981",-4942.379
"2982",-1662.544
"2983",-1891.417
"2984",-7443.871
"2985",-2213.824
"2986",-3872.864
"2987",-3619.858
"2988",-1893.302
"2989",-1360.384
"2990",-2910.386
"2991",-7873.824
"2992",-2542.595
"2993",-1709.42
"2994",-1307.902
"2995",-523.549
"2996",-1987.591
"2997",-3457.369
"2998",-1354.221
"2999",-1999.28
"3000",-2186.702
"3001",-2369.809
"3002",-1434.974
"3003",-8452.37
"3004",-2187.707
"3005",-6755.007
"3006",-2573.039
"3007",-1272.216
"3008",-2853.233
"3009",-2599.052
"3010",-2913.525
"3011",-1567.747
"3012",-1188.674
"3013",-2760.831
"3014",-4586.895
"3015",-1455.744
"3016",-2226.317
"3017",-4469.87
"3018",-5115.672
"3019",-1762.454
"3020",-847.568
"3021",-4610.718
"3022",-2444.83
"3023",-2182.69
"3024",-2498.363
"3025",-7525.917
"3026",-2780.225
"3027",-2785.803
"3028",-3559.281
"3029",-2681.01
"3030",-4861.853
"3031",-729.065
"3032",-6555.004
"3033",-5101.602
"3034",-3677.535
"3035",-2966.117
"3036",-1343.845
"3037",-8265.089
"3038",-4895.989
"3039",-2572.672
"3040",-5311.969
"3041",-4076.277
"3042",-5456.003
"3043",-4339.856
"3044",-1892.011
"3045",-4912.516
"3046",-5653.044
"3047",-3212.694
"3048",-1420.876
"3049",-4564.482
"3050",-3185.264
"3051",-1156.623
"3052",-1990.776
"3053",-2258.662
"3054",-4466.16
"3055",-1817.518
"3056",-2089.879
"3057",-3522.512
"3058",-9842.368
"3059",-2273.056
"3060",-2274.675
"3061",-1457.35
"3062",-1651.804
"3063",-2566.769
"3064",-1742.966
"3065",-790.991
"3066",-1185.938
"3067",-3729.638
"3068",-3124.773
"3069",-853.219
"3070",-1824.948
"3071",-1363.757
"3072",-1852.359
"3073",-7513.701
"3074",-1648.332
"3075",-1651.324
"3076",-2585.536
"3077",-2060.826
"3078",-1649.802
"3079",-2695.579
"3080",-7402.792
"3081",-604.706
"3082",-6505.745
"3083",-2610.244
"3084",-4348.751
"3085",-2545.991
"3086",-568.616
"3087",-2365.02
"3088",-2392.818
"3089",-2853.645
"3090",-2179.501
"3091",-2375.172
"3092",-2525.304
"3093",-2269.951
"3094",-4935.995
"3095",-2181.894
"3096",-2638.527
"3097",-874.485
"3098",-841.765
"3099",-1970.262
"3100",-2442.357
"3101",-2313.595
"3102",-3314.341
"3103",-1128.492
"3104",-979.752
"3105",-4886.068
"3106",-3958.027
"3107",-3284.733
"3108",-1185.886
"3109",-3878.325
"3110",-4549.057
"3111",-2406.664
"3112",-1321.357
"3113",-1143.309
"3114",-2667.414
"3115",-2570.268
"3116",-834.873
"3117",-984.125
"3118",-3077.283
"3119",-2185.666
"3120",-2407.561
"3121",-3285.577
"3122",-1282.607
"3123",-2323.337
"3124",-1551.338
"3125",-2689.609
"3126",-2493.783
"3127",-1487.151
"3128",-1398.048
"3129",-2995.287
"3130",-2759.31
"3131",-1032.232
"3132",-4378.294
"3133",-1717.368
"3134",-2247.149
"3135",-2080.31
"3136",-2204.897
"3137",-1723.021
"3138",-966.689
"3139",-2362.757
"3140",-3021.781
"3141",-4233.345
"3142",-3559.705
"3143",-5552.512
"3144",-3490.433
"3145",-2051.265
"3146",-2939.404
"3147",-3473.117
"3148",-1952.382
"3149",-2155.353
"3150",-893.568
"3151",-737.883
"3152",-2377.596
"3153",-4315.908
"3154",-7828.61
"3155",-1325.223
"3156",-754.976
"3157",-2809.986
"3158",-2533.723
"3159",-2203.963
"3160",-1668.078
"3161",-2614.117
"3162",-4112.074
"3163",-1039.392
"3164",-2192.041
"3165",-9679.025
"3166",-3098.138
"3167",-2320.457
"3168",-2474.151
"3169",-2505.127
"3170",-1470.791
"3171",-1238.645
"3172",-1228.773
"3173",-2054.293
"3174",-6934.341
"3175",-8067.19
"3176",-2403.348
"3177",-2274.762
"3178",-5019.817
"3179",-3171.032
"3180",-2161.635
"3181",-5915.788
"3182",-3394.397
"3183",-2684.621
"3184",-2486.918
"3185",-802.249
"3186",-4786.058
"3187",-1274.337
"3188",-7733.67
"3189",-5339.446
"3190",-509.49
"3191",-1289.946
"3192",-2010.864
"3193",-3122.77
"3194",-1602.145
"3195",-966.82
"3196",-2250.425
"3197",-3083.069
"3198",-3056.814
"3199",-1460.642
"3200",-4632.046
"3201",-1524.524
"3202",-705.705
"3203",-3272.544
"3204",-581.282
"3205",-4897.694
"3206",-3943.148
"3207",-2660.07
"3208",-3713.471
"3209",-2788.701
"3210",-2394.032
"3211",-2849.633
"3212",-4773.837
"3213",-6304.106
"3214",-18392.803
"3215",-2261.065
"3216",-6047.305
"3217",-2161.827
"3218",-2470.69
"3219",-1857.628
"3220",-1997.81
"3221",-379.947
"3222",-460.813
"3223",-2935.866
"3224",-3382.87
"3225",-756.385
"3226",-2992.555
"3227",-1438.255
"3228",-1600.352
"3229",-3175.024
"3230",-2507.209
"3231",-2506.893
"3232",-2588.301
"3233",-945.749
"3234",-1898.369
"3235",-1300.452
"3236",-6586.752
"3237",-3103.438
"3238",-2322.792
"3239",-3119.939
"3240",-2493.821
"3241",-2782.83
"3242",-2369.236
"3243",-7367.29
"3244",-783.641
"3245",-2917.811
"3246",-3391.919
"3247",-3893.102
"3248",-5871.441
"3249",-2502.513
"3250",-1126.461
"3251",-2441.1
"3252",-2663.815
"3253",-7897.748
"3254",-1986.984
"3255",-4764.543
"3256",-3865.32
"3257",-1860.952
"3258",-3292.732
"3259",-5487.071
"3260",-4871.12
"3261",-1921.154
"3262",-2601.212
"3263",-452.722
"3264",-5503.344
"3265",-2097.384
"3266",-1806.862
"3267",-2224.91
"3268",-2097.221
"3269",-1230.848
"3270",-3305.372
"3271",-458.299
"3272",-1734.865
"3273",-3453.669
"3274",-1379.737
"3275",-3182.1
"3276",-344.99
"3277",-585.328
"3278",-2981.18
"3279",-2619.146
"3280",-6570.915
"3281",-3475.472
"3282",-709.059
"3283",-2852.083
"3284",-2380.717
"3285",-2647.916
"3286",-2722.228
"3287",-4892.863
"3288",-2805.986
"3289",-4056.707
"3290",-1435.478
"3291",-580.154
"3292",-3002.61
"3293",-3123.342
"3294",-1444.998
"3295",-4009.017
"3296",-5136.944
"3297",-421.044
"3298",-1396.897
"3299",-1594.425
"3300",-4817.394
"3301",-8264.154
"3302",-4765.244
"3303",-1009.154
"3304",-2677.311
"3305",-2011.759
"3306",-3564.623
"3307",-4529.096
"3308",-2914.944
"3309",-2997.225
"3310",-2113.187
"3311",-5661.701
"3312",-1124.265
"3313",-1259.541
"3314",-5906.475
"3315",-4814.552
"3316",-1916.535
"3317",-3649.324
"3318",-1281.929
"3319",-1892.963
"3320",-1904.003
"3321",-1785.889
"3322",-1240.872
"3323",-3498.547
"3324",-2645.837
"3325",-1032.551
"3326",-1990.721
"3327",-1963.962
"3328",-1315.867
"3329",-1142.098
"3330",-6129.586
"3331",-1820.495
"3332",-3589.261
"3333",-1985.41
"3334",-1947.897
"3335",-3698.403
"3336",-1321.987
"3337",-3126.753
"3338",-1600.254
"3339",-1213.116
"3340",-666.073
"3341",-1002.239
"3342",-8192.626
"3343",-9512.95
"3344",-2202.772
"3345",-2341.281
"3346",-3017.733
"3347",-1623.724
"3348",-1450.962
"3349",-1574.376
"3350",-3182.483
"3351",-2978.127
"3352",-1740.757
"3353",-1280.914
"3354",-2983.808
"3355",-2162.29
"3356",-3525.649
"3357",-3591.671
"3358",-5215.825
"3359",-3043.889
"3360",-4874.426
"3361",-3970.079
"3362",-3336.059
"3363",-3513.557
"3364",-2866.704
"3365",-1339.711
"3366",-2381.826
"3367",-1326.724
"3368",-3263.444
"3369",-1245.427
"3370",-2928.255
"3371",-2823.038
"3372",-1192.575
"3373",-3327.916
"3374",-3298.276
"3375",-1143.04
"3376",-6002.325
"3377",-1054.292
"3378",-980.112
"3379",-5194.569
"3380",-1098.098
"3381",-7259.71
"3382",-2102.276
"3383",-2322.04
"3384",-2718.206
"3385",-2115.136
"3386",-2668.213
"3387",-3037.321
"3388",-2161.286
"3389",-1048.09
"3390",-3249.79
"3391",-841.236
"3392",-1400.681
"3393",-4443.11
"3394",-1608.517
"3395",-1547.658
"3396",-3471.913
"3397",-1942.836
"3398",-5640.169
"3399",-1216.225
"3400",-2676.634
"3401",-1752.674
"3402",-3868.021
"3403",-5150.027
"3404",-2481.304
"3405",-652.865
"3406",-392.858
"3407",-11684.083
"3408",-2293.049
"3409",-4873.368
"3410",-1163.426
"3411",-4154.204
"3412",-2439.732
"3413",-967.697
"3414",-1460.402
"3415",-1312.494
"3416",-6255.719
"3417",-2243.616
"3418",-2669.292
"3419",-19321.637
"3420",-830.298
"3421",-1450.666
"3422",-2739.028
"3423",-2523.324
"3424",-4016.55
"3425",-1479.186
"3426",-1888.717
"3427",-10035.816
"3428",-1243.864
"3429",-4654.642
"3430",-3367.075
"3431",-4993.392
"3432",-1774.829
"3433",-2360.228
"3434",-3006.084
"3435",-6146.627
"3436",-2824.982
"3437",-3056.668
"3438",-2592.524
"3439",-5903.186
"3440",-5760.685
"3441",-3852.184
"3442",-2153.955
"3443",-1557.852
"3444",-4980.524
"3445",-1773.802
"3446",-951.355
"3447",-1549.727
"3448",-2661.931
"3449",-1544.864
"3450",-3967.449
"3451",-952.074
"3452",-3775.025
"3453",-1082.764
"3454",-3384.907
"3455",-1585.549
"3456",-8474.397
"3457",-1464.975
"3458",-874.229
"3459",-6218.93
"3460",-2344.908
"3461",-3170.803
"3462",-3583.61
"3463",-4113.481
"3464",-2192.577
"3465",-887.184
"3466",-1837.849
"3467",-6125.01
"3468",-2596.133
"3469",-5025.382
"3470",-2446.981
"3471",-2349.35
"3472",-3507.471
"3473",-2199.001
"3474",-4964.199
"3475",-2978.62
"3476",-4595.187
"3477",-3226.807
"3478",-839.765
"3479",-2349.901
"3480",-5604.099
"3481",-1790.028
"3482",-1537.303
"3483",-2820.869
"3484",-3577.029
"3485",-3031.558
"3486",-2210.217
"3487",-2692.083
"3488",-1451.598
"3489",-5247.779
"3490",-603.799
"3491",-760.87
"3492",-3910.906
"3493",-2860.821
"3494",-5785.24
"3495",-3576.116
"3496",-4633.187
"3497",-3163.99
"3498",-3843.793
"3499",-2674.41
"3500",-1196.206
"3501",-4820.844
"3502",-1542.793
"3503",-2632.155
"3504",-1740.452
"3505",-3625.34
"3506",-4218.198
"3507",-5733.5
"3508",-4390.169
"3509",-4179.125
"3510",-3145.937
"3511",-3439.853
"3512",-1813.996
"3513",-2956.502
"3514",-13849.944
"3515",-1092.014
"3516",-4658.816
"3517",-2069.902
"3518",-3844.127
"3519",-1635.537
"3520",-3062.767
"3521",-2933.609
"3522",-2577.726
"3523",-1970.143
"3524",-4210.054
"3525",-4261.074
"3526",-2692.5
"3527",-4230.742
"3528",-4300.457
"3529",-2463.966
"3530",-6421.505
"3531",-3232.946
"3532",-2833.99
"3533",-1781.667
"3534",-2854.257
"3535",-3351.393
"3536",-6062.351
"3537",-4750.169
"3538",-4332.87
"3539",-3194.42
"3540",-5958.118
"3541",-988.419
"3542",-1674.67
"3543",-2414.302
"3544",-3057.067
"3545",-2548.597
"3546",-1981.06
"3547",-3564.572
"3548",-3226.626
"3549",-2517.523
"3550",-5711.962
"3551",-3995.972
"3552",-3138.939
"3553",-2028.081
"3554",-2237.887
"3555",-2973.625
"3556",-1168.194
"3557",-2084.9
"3558",-2142.468
"3559",-4171.127
"3560",-7164.719
"3561",-1442.886
"3562",-2718.179
"3563",-6643.946
"3564",-3065.785
"3565",-1351.664
"3566",-1419.478
"3567",-1436.878
"3568",-525.07
"3569",-5525.335
"3570",-1983.808
"3571",-720.82
"3572",-1259.747
"3573",-1339.034
"3574",-2646.697
"3575",-1543.553
"3576",-2273.684
"3577",-6651.585
"3578",-2102.739
"3579",-1820.267
"3580",-7267.446
"3581",-3166.979
"3582",-1518.823
"3583",-2685.667
"3584",-511.701
"3585",-2077.549
"3586",-3666.616
"3587",-4530.548
"3588",-4537.318
"3589",-925.067
"3590",-1166.269
"3591",-3017.211
"3592",-3049.4
"3593",-2238.111
"3594",-902.772
"3595",-4962.098
"3596",-1172.225
"3597",-1985.325
"3598",-4692.924
"3599",-2386.176
"3600",-2423.905
"3601",-4092.278
"3602",-4610.002
"3603",-1496.424
"3604",-1995.867
"3605",-2523.031
"3606",-2168.547
"3607",-2429.715
"3608",-2488.115
"3609",-3433.405
"3610",-1313.031
"3611",-2194.471
"3612",-2321.192
"3613",-6396.331
"3614",-1828.269
"3615",-3853.668
"3616",-1548.087
"3617",-1981.77
"3618",-1608.155
"3619",-1913.437
"3620",-2159.719
"3621",-2951.458
"3622",-10449.342
"3623",-1671.353
"3624",-1374.017
"3625",-2821.936
"3626",-4877.927
"3627",-2299.355
"3628",-2559.206
"3629",-4258.358
"3630",-7941.008
"3631",-3091.43
"3632",-5201.495
"3633",-6389.491
"3634",-2424.553
"3635",-510.559
"3636",-1699.74
"3637",-5461.739
"3638",-3551.664
"3639",-1449.974
"3640",-1284.719
"3641",-4437.028
"3642",-2164.586
"3643",-8337.813
"3644",-2957.521
"3645",-2368.32
"3646",-1306.111
"3647",-2575.536
"3648",-571.759
"3649",-1680.269
"3650",-1673.94
"3651",-1216.089
"3652",-1071.675
"3653",-1150.197
"3654",-5313.336
"3655",-3422.093
"3656",-1679.165
"3657",-1293.25
"3658",-2822.066
"3659",-5703.581
"3660",-4147.35
"3661",-753.967
"3662",-610.274
"3663",-2341.497
"3664",-599.673
"3665",-1101.061
"3666",-3886.503
"3667",-4046.099
"3668",-3278.353
"3669",-5434.547
"3670",-2058.646
"3671",-2423.796
"3672",-2416.634
"3673",-2023.317
"3674",-5184.316
"3675",-1900.783
"3676",-3098.632
"3677",-1562.237
"3678",-2053.652
"3679",-1667.081
"3680",-3227.341
"3681",-3452.241
"3682",-3012.146
"3683",-2291.005
"3684",-2649.435
"3685",-658.933
"3686",-1355.602
"3687",-1599.808
"3688",-2975.401
"3689",-29999.647
"3690",-1372.617
"3691",-2441.657
"3692",-3177.574
"3693",-3234.813
"3694",-5781.405
"3695",-2263.389
"3696",-2410.612
"3697",-2055.005
"3698",-1144.812
"3699",-727.288
"3700",-1071.622
"3701",-1709.925
"3702",-1750.683
"3703",-7381.851
"3704",-1184.611
"3705",-1304.46
"3706",-4102.787
"3707",-1705.463
"3708",-1411.243
"3709",-3656.107
"3710",-1907.537
"3711",-2964.034
"3712",-602.699
"3713",-2716.257
"3714",-2559.096
"3715",-3268.122
"3716",-3182.707
"3717",-1117.437
"3718",-8884.071
"3719",-4920.661
"3720",-3110.117
"3721",-3447.874
"3722",-6898.067
"3723",-2403.613
"3724",-2254.536
"3725",-6083.52
"3726",-2709.055
"3727",-1455.385
"3728",-3239.219
"3729",-3617.729
"3730",-2507.998
"3731",-3248.85
"3732",-4062.113
"3733",-5092.939
"3734",-2620.781
"3735",-3346.487
"3736",-9241.651
"3737",-3051.687
"3738",-2903.357
"3739",-2696.84
"3740",-4329.803
"3741",-1244.435
"3742",-956.931
"3743",-7194.911
"3744",-3808.528
"3745",-2232.808
"3746",-6540.639
"3747",-2018.217
"3748",-3145.862
"3749",-1704.366
"3750",-3665.597
"3751",-2874.134
"3752",-8094.896
"3753",-2127.963
"3754",-7363.084
"3755",-9366.982
"3756",-9261.714
"3757",-5103.302
"3758",-9280.593
"3759",-1405.34
"3760",-4360.313
"3761",-4411.278
"3762",-7930.122
"3763",-2406.348
"3764",-8349.983
"3765",-1848.404
"3766",-2237.075
"3767",-4339.287
"3768",-10468.522
"3769",-5116.077
"3770",-3516.653
"3771",-5982.569
"3772",-4377.995
"3773",-4910.977
"3774",-5682.358
"3775",-4871.876
"3776",-5598.619
"3777",-3905.39
"3778",-6394.585
"3779",-6178.764
"3780",-6342.361
"3781",-5229.943
"3782",-3646.168
"3783",-2602.588
"3784",-10751.183
"3785",-5180.388
"3786",-4552.842
"3787",-2422.555
"3788",-10349.632
"3789",-2913.349
"3790",-1058.942
"3791",-5076.515
"3792",-7045.172
"3793",-3952.919
"3794",-3668.214
"3795",-7538.695
"3796",-9767.476
"3797",-3460.869
"3798",-4859.746
"3799",-8636.801
"3800",-3545.046
"3801",-6445.682
"3802",-3260.674
"3803",-6754.235
"3804",-3045.831
"3805",-4247.952
"3806",-3002.669
"3807",-3696.81
"3808",-6770.723
"3809",-4714.209
"3810",-7685.879
"3811",-9595.537
"3812",-6747.074
"3813",-2076.155
"3814",-1311.539
"3815",-1955.704
"3816",-4149.25
"3817",-7022.597
"3818",-7748.153
"3819",-1774.297
"3820",-13833.382
"3821",-5739.478
"3822",-8971.893
"3823",-4949.217
"3824",-6081.551
"3825",-6758.294
"3826",-3557.515
"3827",-4332.757
"3828",-3754.264
"3829",-7161.695
"3830",-9229.972
"3831",-4238.019
"3832",-8457.909
"3833",-22023.322
"3834",-3448.526
"3835",-2068.548
"3836",-4827.38
"3837",-5326.038
"3838",-7719.813
"3839",-4331.889
"3840",-4835.255
"3841",-6810.751
"3842",-2504.411
"3843",-6406.869
"3844",-7116.019
"3845",-7673.54
"3846",-7045.002
"3847",-7830.099
"3848",-7739.331
"3849",-8299.487
"3850",-4246.418
"3851",-11174.637
"3852",-7773.799
"3853",-10907.98
"3854",-6535.517
"3855",-5574.405
"3856",-4279.235
"3857",-5439.674
"3858",-4413.84
"3859",-1112.751
"3860",-805.977
"3861",-7634.387
"3862",-5553.217
"3863",-3706.197
"3864",-6975.827
"3865",-2753.176
"3866",-5049.816
"3867",-1122.656
"3868",-2215.688
"3869",-459.6
"3870",-5689.605
"3871",-1741.785
"3872",-2793.602
"3873",-1697.095
"3874",-10313.046
"3875",-1785.232
"3876",-2941.704
"3877",-6781.208
"3878",-1206.569
"3879",-3136.138
"3880",-2734.788
"3881",-5361.058
"3882",-4089.776
"3883",-1846.05
"3884",-2187.365
"3885",-2657.414
"3886",-2917.654
"3887",-3576.732
"3888",-2875.066
"3889",-4881.342
"3890",-3337.499
"3891",-1436.949
"3892",-3713.799
"3893",-10116.441
"3894",-5978.441
"3895",-7708.04
"3896",-4175.092
"3897",-2677.12
"3898",-1539.003
"3899",-3844.191
"3900",-3753.871
"3901",-2807.184
"3902",-8446.693
"3903",-3150.828
"3904",-6930.892
"3905",-2986.177
"3906",-1604.693
"3907",-1029.21
"3908",-4827.702
"3909",-1327.7
"3910",-5943.404
"3911",-2561.318
"3912",-2853.287
"3913",-3618.973
"3914",-2457.88
"3915",-2189.962
"3916",-1753.714
"3917",-4791.134
"3918",-4939.659
"3919",-1775.165
"3920",-5289.301
"3921",-2111.158
"3922",-1261.836
"3923",-948.708
"3924",-4120.595
"3925",-3573.619
"3926",-3429.493
"3927",-1857.7
"3928",-2193.95
"3929",-1769.587
"3930",-1583.162
"3931",-1885.435
"3932",-7061.104
"3933",-1989.241
"3934",-2677.957
"3935",-1011.497
"3936",-2329.248
"3937",-1877.719
"3938",-3684.641
"3939",-1459.386
"3940",-3451.859
"3941",-2335.317
"3942",-1474.564
"3943",-2252.046
"3944",-2331.65
"3945",-2300.58
"3946",-6751.892
"3947",-2717.263
"3948",-2144.071
"3949",-2245.102
"3950",-1839.775
"3951",-1534.752
"3952",-1385.73
"3953",-1884.437
"3954",-942.377
"3955",-606.727
"3956",-933.758
"3957",-812.727
"3958",-1166.426
"3959",-2487.477
"3960",-1343.301
"3961",-2898.497
"3962",-1607.489
"3963",-1306.38
"3964",-1983.138
"3965",-1451.497
"3966",-1328.302
"3967",-1151.746
"3968",-3784.62
"3969",-1529.426
"3970",-4202.457
"3971",-3635.766
"3972",-2986.22
"3973",-2417.633
"3974",-1469.652
"3975",-2828.214
"3976",-2326.783
"3977",-8399.755
"3978",-3194.837
"3979",-3794.849
"3980",-1957.904
"3981",-6360.247
"3982",-4391.66
"3983",-2219.276
"3984",-948.122
"3985",-1867.364
"3986",-1186.998
"3987",-3393.626
"3988",-2209.327
"3989",-5863.526
"3990",-2918.729
"3991",-2843.344
"3992",-1755.624
"3993",-3834.042
"3994",-5041.027
"3995",-2986.801
"3996",-4386.795
"3997",-1971.678
"3998",-4309.034
"3999",-996.154
"4000",-2386.001
"4001",-2756.829
"4002",-2408.314
"4003",-5497.701
"4004",-3490.165
"4005",-5596.171
"4006",-2781.792
"4007",-943.562
"4008",-3372.752
"4009",-1969.056
"4010",-9623.914
"4011",-1711.842
"4012",-1124.312
"4013",-2719.531
"4014",-3091.532
"4015",-5249.789
"4016",-2868.401
"4017",-927.736
"4018",-903.481
"4019",-8477.072
"4020",-2533.297
"4021",-1089.559
"4022",-2426.78
"4023",-835.867
"4024",-4248.97
"4025",-5773.81
"4026",-1920.249
"4027",-1610.783
"4028",-1055.697
"4029",-801.205
"4030",-1977.778
"4031",-1990.173
"4032",-3777.058
"4033",-2573.114
"4034",-2104.931
"4035",-2043.053
"4036",-3572.554
"4037",-461.396
"4038",-1948.519
"4039",-1832.024
"4040",-3180.649
"4041",-2446.132
"4042",-3082.574
"4043",-398.415
"4044",-1798.456
"4045",-3627.54
"4046",-4797.372
"4047",-4476.2
"4048",-1534.965
"4049",-4015.485
"4050",-8472.145
"4051",-637.722
"4052",-3886.427
"4053",-4232.531
"4054",-6251.323
"4055",-3254.791
"4056",-7532.514
"4057",-1253.814
"4058",-2682.441
"4059",-1479.324
"4060",-1950.393
"4061",-2706.302
"4062",-3499.677
"4063",-3208.105
"4064",-2269.04
"4065",-4235.751
"4066",-511.543
"4067",-889.172
"4068",-552.635
"4069",-1745.903
"4070",-2010.197
"4071",-5855.385
"4072",-998.397
"4073",-2958.901
"4074",-1188.581
"4075",-6589.835
"4076",-4448.241
"4077",-4979.589
"4078",-1194.46
"4079",-1644.587
"4080",-8485.42
"4081",-2937.837
"4082",-3056.283
"4083",-1157.402
"4084",-8135.416
"4085",-1776.072
"4086",-3810.806
"4087",-4314.449
"4088",-1331.772
"4089",-2135.007
"4090",-5422.049
"4091",-3883.142
"4092",-3919.291
"4093",-2581.391
"4094",-3246.203
"4095",-2239.418
"4096",-1589.53
"4097",-9930.447
"4098",-2262.132
"4099",-2447.231
"4100",-1288.236
"4101",-4370.909
"4102",-4310.992
"4103",-2242.745
"4104",-6850.724
"4105",-2831.222
"4106",-9157.777
"4107",-4132.432
"4108",-3409.298
"4109",-3224.265
"4110",-1512.568
"4111",-1154.849
"4112",-3202.647
"4113",-3422.496
"4114",-1635.7
"4115",-4176.925
"4116",-4303.406
"4117",-2674.163
"4118",-2514.368
"4119",-4834.301
"4120",-1128.058
"4121",-3549.28
"4122",-1657.892
"4123",-1821.16
"4124",-1357.181
"4125",-2377.43
"4126",-2926.706
"4127",-2503.186
"4128",-1154.483
"4129",-2629.608
"4130",-3605.82
"4131",-2665.705
"4132",-3982.28
"4133",-2104.379
"4134",-6422.991
"4135",-5999.394
"4136",-2519.092
"4137",-4013.985
"4138",-2016.062
"4139",-4740.305
"4140",-4552.198
"4141",-7305.186
"4142",-5113.993
"4143",-3044.058
"4144",-5167.963
"4145",-5394.705
"4146",-3663.867
"4147",-1423.562
"4148",-3117.447
"4149",-1684.917
"4150",-3497.428
"4151",-1604.508
"4152",-2766.92
"4153",-1516.552
"4154",-1742.656
"4155",-1278.993
"4156",-2580.379
"4157",-1540.963
"4158",-862.853
"4159",-1437.861
"4160",-1477.626
"4161",-958.522
"4162",-2690.369
"4163",-2298.008
"4164",-2357.883
"4165",-1028.188
"4166",-3770.851
"4167",-1399.174
"4168",-3505.57
"4169",-2091.911
"4170",-4432.883
"4171",-1753.216
"4172",-1978.477
"4173",-7302.966
"4174",-902.493
"4175",-3463.065
"4176",-3180.864
"4177",-1350.277
"4178",-6285.94
"4179",-2348.17
"4180",-6091.943
"4181",-4097.036
"4182",-2345.712
"4183",-3243.17
"4184",-6011.071
"4185",-4147.942
"4186",-2689.514
"4187",-2660.211
"4188",-3536.541
"4189",-2911.443
"4190",-4187.963
"4191",-893.972
"4192",-1978.558
"4193",-8840.123
"4194",-1421.299
"4195",-5863.623
"4196",-3287.79
"4197",-4457.374
"4198",-4000.945
"4199",-2658.119
"4200",-891.823
"4201",-4566.812
"4202",-5109.183
"4203",-2930.899
"4204",-3559.44
"4205",-3340.506
"4206",-2402.468
"4207",-1217.468
"4208",-2047.989
"4209",-3892.415
"4210",-4714.902
"4211",-1911.512
"4212",-3617.675
"4213",-3207.542
"4214",-3738.774
"4215",-5689.645
"4216",-5202.17
"4217",-2007.982
"4218",-2391.324
"4219",-1754.684
"4220",-3180.905
"4221",-1663.223
"4222",-3424.566
"4223",-5145.682
"4224",-4783.931
"4225",-2370.685
"4226",-6530.781
"4227",-1397.71
"4228",-3474.664
"4229",-15245.782
"4230",-1824.166
"4231",-5617.096
"4232",-988.097
"4233",-3464.782
"4234",-4864.086
"4235",-2106.814
"4236",-2492.073
"4237",-2255.659
"4238",-2802.127
"4239",-2915.426
"4240",-2971.313
"4241",-1163.678
"4242",-3036.852
"4243",-3723.768
"4244",-9131.916
"4245",-3132.548
"4246",-4260.412
"4247",-3013.982
"4248",-1211.68
"4249",-2433.121
"4250",-2606.968
"4251",-5821.449
"4252",-2476.556
"4253",-1162.593
"4254",-1021.059
"4255",-5581.703
"4256",-2466.707
"4257",-1917.908
"4258",-3979.87
"4259",-3992.586
"4260",-6715.336
"4261",-3238.677
"4262",-3389.924
"4263",-4462.117
"4264",-2432.256
"4265",-1904.587
"4266",-1295.461
"4267",-2985.531
"4268",-2685.554
"4269",-2703.431
"4270",-1575.477
"4271",-5046.101
"4272",-1531.403
"4273",-3586.32
"4274",-3639.43
"4275",-3538.044
"4276",-3102.188
"4277",-1850.749
"4278",-1770.8
"4279",-1790.359
"4280",-2058.684
"4281",-3379.364
"4282",-3793.206
"4283",-8299.619
"4284",-2629.266
"4285",-2612.993
"4286",-3683.631
"4287",-1386.958
"4288",-2032.491
"4289",-4073.55
"4290",-13587.548
"4291",-5427.086
"4292",-2709.244
"4293",-2012.216
"4294",-5968.195
"4295",-2065.68
"4296",-3278.267
"4297",-1072.952
"4298",-1935.695
"4299",-2352.676
"4300",-2050.313
"4301",-7190.796
"4302",-3063.625
"4303",-2269.75
"4304",-3781.867
"4305",-1727.674
"4306",-3857.429
"4307",-2304.253
"4308",-1917.729
"4309",-2032.188
"4310",-3468.919
"4311",-2539.707
"4312",-4004.004
"4313",-2296.465
"4314",-490.923
"4315",-4033.969
"4316",-4689.395
"4317",-9350.377
"4318",-1456.652
"4319",-1296.245
"4320",-2827.246
"4321",-1697.446
"4322",-2098.314
"4323",-7581.665
"4324",-2780.674
"4325",-455.376
"4326",-3752.341
"4327",-6676.001
"4328",-2365.612
"4329",-2814.425
"4330",-674.782
"4331",-3733.827
"4332",-1251.401
"4333",-1983.517
"4334",-2096.68
"4335",-1911.779
"4336",-2260.731
"4337",-2887.798
"4338",-5379.924
"4339",-1745.073
"4340",-2531.681
"4341",-4671.3
"4342",-6048.049
"4343",-2459.149
"4344",-5192.589
"4345",-1163.767
"4346",-2867.533
"4347",-5662.005
"4348",-1254.843
"4349",-4414.296
"4350",-1137.211
"4351",-4201.556
"4352",-8971.915
"4353",-1685.979
"4354",-3173.958
"4355",-3514.62
"4356",-4443.842
"4357",-1376.349
"4358",-1503.678
"4359",-822.96
"4360",-1678.879
"4361",-6765.98
"4362",-2637.203
"4363",-4997.774
"4364",-2751.42
"4365",-1536.844
"4366",-1352.398
"4367",-3098.283
"4368",-1828.685
"4369",-1910.74
"4370",-6051.657
"4371",-4721.779
"4372",-3623.968
"4373",-4373.503
"4374",-5909.567
"4375",-1100.161
"4376",-904.16
"4377",-2369.075
"4378",-2018.782
"4379",-2982.892
"4380",-823.686
"4381",-2564.009
"4382",-1834.133
"4383",-5910.482
"4384",-2632.854
"4385",-2796.268
"4386",-1959.671
"4387",-1538.951
"4388",-1933.378
"4389",-975.168
"4390",-1941.324
"4391",-3337.659
"4392",-4500.752
"4393",-2704.902
"4394",-1786.223
"4395",-3580.982
"4396",-344.147
"4397",-448.68
"4398",-2824.794
"4399",-1589.599
"4400",-2285.243
"4401",-3350.139
"4402",-4926.497
"4403",-5064.806
"4404",-2835.471
"4405",-2087.354
"4406",-526.552
"4407",-8279.114
"4408",-3877.192
"4409",-2444.841
"4410",-9913.976
"4411",-6293.062
"4412",-4728.757
"4413",-4660.28
"4414",-1306.144
"4415",-3697.533
"4416",-1336.132
"4417",-2653.669
"4418",-968.621
"4419",-3343.352
"4420",-1239.95
"4421",-2110.317
"4422",-4040.892
"4423",-3747.477
"4424",-2498.411
"4425",-1187.534
"4426",-4128.98
"4427",-1416.353
"4428",-837.109
"4429",-2389.63
"4430",-5318.696
"4431",-2684.146
"4432",-1179.315
"4433",-828.122
"4434",-5286.496
"4435",-2705.543
"4436",-2702.419
"4437",-6335.197
"4438",-2072.317
"4439",-2010.672
"4440",-2033.309
"4441",-3053.049
"4442",-4055.927
"4443",-1710.739
"4444",-1610.886
"4445",-1598.322
"4446",-2449.38
"4447",-6916.809
"4448",-1412.017
"4449",-2916.628
"4450",-972.759
"4451",-2299.569
"4452",-1939.369
"4453",-868.504
"4454",-3704.258
"4455",-3643.837
"4456",-3331.537
"4457",-3840.149
"4458",-5486.91
"4459",-2652.157
"4460",-7499.891
"4461",-2329.725
"4462",-4992.505
"4463",-8234.44
"4464",-2809.816
"4465",-8438.861
"4466",-4562.262
"4467",-12264.267
"4468",-8938.092
"4469",-5520.355
"4470",-8625.473
"4471",-2703.149
"4472",-12476.977
"4473",-9339.771
"4474",-5783.481
"4475",-4887.787
"4476",-4662.474
"4477",-2394.531
"4478",-2813.281
"4479",-4665.69
"4480",-4308.703
"4481",-3190.742
"4482",-2755.425
"4483",-2987.441
"4484",-9357.686
"4485",-4123.04
"4486",-4084.442
"4487",-3737.715
"4488",-7698.827
"4489",-6677.959
"4490",-7582.301
"4491",-6568.228
"4492",-3971.444
"4493",-5311.659
"4494",-4853.595
"4495",-5213.283
"4496",-2507.499
"4497",-6023.096
"4498",-11427.464
"4499",-2255.541
"4500",-2145.212
"4501",-3578.068
"4502",-5223.222
"4503",-4421.475
"4504",-3745.307
"4505",-4491.808
"4506",-5307.236
"4507",-3443.306
"4508",-952.801
"4509",-2791.201
"4510",-7011.142
"4511",-3713.72
"4512",-8789.912
"4513",-1982.496
"4514",-1914.587
"4515",-1313.601
"4516",-2101.561
"4517",-2075.478
"4518",-3660.463
"4519",-1299.547
"4520",-770.767
"4521",-1346.342
"4522",-2508.398
"4523",-4830.231
"4524",-2904.811
"4525",-3009.813
"4526",-5644.026
"4527",-8564.394
"4528",-3954.451
"4529",-5003.959
"4530",-1862.086
"4531",-6788.554
"4532",-886.641
"4533",-3860.852
"4534",-466.749
"4535",-1519.086
"4536",-6053.381
"4537",-1982.512
"4538",-6931.578
"4539",-4606.462
"4540",-2445.618
"4541",-2839.592
"4542",-771.032
"4543",-6443.563
"4544",-1968.131
"4545",-3027.394
"4546",-1707.768
"4547",-1623.69
"4548",-1663.525
"4549",-1592.863
"4550",-828.751
"4551",-1516.575
"4552",-3414.401
"4553",-3710.347
"4554",-1114.339
"4555",-1978.188
"4556",-2037.683
"4557",-724.798
"4558",-1160.866
"4559",-2180.562
"4560",-4080.127
"4561",-3755.204
"4562",-1002.989
"4563",-536.185
"4564",-4631.038
"4565",-2843.374
"4566",-4194.101
"4567",-3437.481
"4568",-4318.067
"4569",-1681.511
"4570",-2930.595
"4571",-2353.968
"4572",-1225.221
"4573",-4395.738
"4574",-1163.898
"4575",-2474.349
"4576",-1443.092
"4577",-2460.28
"4578",-817.217
"4579",-3066.122
"4580",-4792.376
"4581",-5637.577
"4582",-4200.276
"4583",-6414.174
"4584",-2606.372
"4585",-1969.962
"4586",-2378.983
"4587",-2669.666
"4588",-4647.188
"4589",-2189.907
"4590",-2249.732
"4591",-773.19
"4592",-4110.531
"4593",-5593.97
"4594",-7757.285
"4595",-3255.527
"4596",-641.016
"4597",-3618.466
"4598",-2712.534
"4599",-6278.089
"4600",-1592.345
"4601",-2812.575
"4602",-2135.95
"4603",-2008.824
"4604",-6890.587
"4605",-1382.899
"4606",-2460.083
"4607",-4104.467
"4608",-6267.14
"4609",-1722.538
"4610",-3671.416
"4611",-10417.092
"4612",-6298.818
"4613",-932.163
"4614",-4247.379
"4615",-5746.669
"4616",-3288.578
"4617",-1654.098
"4618",-2495.863
"4619",-2929.923
"4620",-3709.723
"4621",-1902.728
"4622",-1885.815
"4623",-7255.291
"4624",-1289.316
"4625",-5665.819
"4626",-743.38
"4627",-2263.393
"4628",-2728.48
"4629",-2620.415
"4630",-1322.707
"4631",-844.524
"4632",-2199.276
"4633",-777.798
"4634",-2440.338
"4635",-3306.178
"4636",-2092.63
"4637",-1784.462
"4638",-4785.039
"4639",-5763.146
"4640",-5698.939
"4641",-3172.946
"4642",-3186.108
"4643",-960.45
"4644",-4036.314
"4645",-4748.629
"4646",-3942.929
"4647",-5856.142
"4648",-3640.429
"4649",-2077.774
"4650",-5724.798
"4651",-1653.241
"4652",-1256.625
"4653",-3581.445
"4654",-1351.168
"4655",-3406.793
"4656",-2142.713
"4657",-1787.408
"4658",-1532.306
"4659",-1753.795
"4660",-2859.128
"4661",-2533.515
"4662",-8418.877
"4663",-1593.36
"4664",-2337.745
"4665",-5597.463
"4666",-1825.535
"4667",-4068.353
"4668",-5368.83
"4669",-3628.979
"4670",-7048.185
"4671",-2246.208
"4672",-7096.435
"4673",-4104.232
"4674",-3209.091
"4675",-946.13
"4676",-2653.986
"4677",-3103.957
"4678",-4374.918
"4679",-3190.008
"4680",-7374.133
"4681",-9677.142
"4682",-3579.295
"4683",-5746.537
"4684",-12604.865
"4685",-1798.667
"4686",-1488.025
"4687",-2575.691
"4688",-2579.405
"4689",-2686.827
"4690",-2358.828
"4691",-3244.757
"4692",-2737.028
"4693",-1260.944
"4694",-797.83
"4695",-3399.802
"4696",-2022.352
"4697",-1067.241
"4698",-2152.497
"4699",-2837.553
"4700",-1029.436
"4701",-1684.426
"4702",-4300.97
"4703",-3316.474
"4704",-1446.263
"4705",-2908.56
"4706",-1912.461
"4707",-2210.685
"4708",-1928.909
"4709",-1633.254
"4710",-7639.493
"4711",-3833.493
"4712",-1659.464
"4713",-3542.361
"4714",-1508.994
"4715",-5168.178
"4716",-1690.929
"4717",-1873.484
"4718",-3250.895
"4719",-1610.054
"4720",-5823.562
"4721",-1889.199
"4722",-1491.679
"4723",-2611.348
"4724",-2011.901
"4725",-1580.456
"4726",-3026.204
"4727",-1870.55
"4728",-1564.381
"4729",-2959.176
"4730",-3870.802
"4731",-2391.683
"4732",-3801.906
"4733",-804.777
"4734",-1857.297
"4735",-4475.056
"4736",-3804.24
"4737",-4129.941
"4738",-3828.945
"4739",-4621.91
"4740",-3855.267
"4741",-3565.379
"4742",-1872.536
"4743",-5468.247
"4744",-2988.698
"4745",-3175.45
"4746",-2491.563
"4747",-2534.905
"4748",-1566.525
"4749",-1229.952
"4750",-862.902
"4751",-3736.547
"4752",-1285.927
"4753",-7688.798
"4754",-2090.631
"4755",-1921.713
"4756",-3072.136
"4757",-2578.024
"4758",-1338.227
"4759",-2181.529
"4760",-3280.819
"4761",-1541.022
"4762",-4475.992
"4763",-3406.201
"4764",-6576.828
"4765",-2062.844
"4766",-789.387
"4767",-4529.994
"4768",-4025.721
"4769",-3151.288
"4770",-2605.286
"4771",-2661.41
"4772",-5548.778
"4773",-2455.057
"4774",-3616.074
"4775",-3701.494
"4776",-795.66
"4777",-5580.097
"4778",-1594.759
"4779",-1949.412
"4780",-4195.799
"4781",-1109.563
"4782",-5083.649
"4783",-1264.865
"4784",-2401.109
"4785",-1994.42
"4786",-1146.986
"4787",-3652.915
"4788",-3436.302
"4789",-2105.06
"4790",-3709.148
"4791",-2688.484
"4792",-1596.065
"4793",-3628.534
"4794",-4534.048
"4795",-4456.325
"4796",-2691.009
"4797",-1955.28
"4798",-4081.373
"4799",-2282.349
"4800",-1376.104
"4801",-8692.449
"4802",-3697.133
"4803",-2243.829
"4804",-1740.484
"4805",-5489.617
"4806",-3470.168
"4807",-3167.934
"4808",-2567.738
"4809",-2212.886
"4810",-5424.232
"4811",-3190.564
"4812",-1974.902
"4813",-4937.135
"4814",-2305.038
"4815",-1913.045
"4816",-2098.794
"4817",-1820.505
"4818",-4332.062
"4819",-4420.658
"4820",-7233.321
"4821",-4753.252
"4822",-4711.717
"4823",-2344.488
"4824",-2164.107
"4825",-1389.833
"4826",-945.555
"4827",-5139.307
"4828",-1735.138
"4829",-3656.174
"4830",-7657.412
"4831",-3636.654
"4832",-1017.285
"4833",-724.626
"4834",-1901.51
"4835",-2234.291
"4836",-2442.884
"4837",-1985.05
"4838",-5393.165
"4839",-3402.393
"4840",-3285.578
"4841",-4495.985
"4842",-2558.601
"4843",-4157.568
"4844",-2484.775
"4845",-3327.629
"4846",-2967.335
"4847",-2630.35
"4848",-1268.496
"4849",-1553.209
"4850",-3345.111
"4851",-1440.957
"4852",-2012.072
"4853",-2311.791
"4854",-4287.527
"4855",-1047.678
"4856",-850.148
"4857",-2637.459
"4858",-979.705
"4859",-3527.694
"4860",-12523.802
"4861",-3585.155
"4862",-4707.753
"4863",-4197.409
"4864",-6795.98
"4865",-4752.618
"4866",-1994.312
"4867",-2764.609
"4868",-2728.134
"4869",-3521.505
"4870",-2077.067
"4871",-2235.074
"4872",-2496.683
"4873",-2573.423
"4874",-1804.501
"4875",-2290.905
"4876",-1914.007
"4877",-1658.739
"4878",-2446.737
"4879",-2962.13
"4880",-4289.414
"4881",-2622.781
"4882",-1948.175
"4883",-3217.389
"4884",-652.21
"4885",-2034.142
"4886",-3842.349
"4887",-1405.415
"4888",-2625.495
"4889",-1412.703
"4890",-3557.528
"4891",-833.869
"4892",-7722.223
"4893",-2028.641
"4894",-4926.311
"4895",-1923.518
"4896",-659.159
"4897",-1706.299
"4898",-3281.87
"4899",-2544.021
"4900",-1203.764
"4901",-2255.01
"4902",-1195.745
"4903",-3136.179
"4904",-2158.422
"4905",-2822.717
"4906",-1419.734
"4907",-5775.057
"4908",-1808.642
"4909",-1887.305
"4910",-858.066
"4911",-531.07
"4912",-465.681
"4913",-2544.839
"4914",-1372.418
"4915",-2302.138
"4916",-603.423
"4917",-2286.242
"4918",-3520.372
"4919",-1964.665
"4920",-3668.327
"4921",-3368.03
"4922",-2445.402
"4923",-2634.45
"4924",-641.86
"4925",-6165.311
"4926",-2992.741
"4927",-948.383
"4928",-1701.286
"4929",-1603.427
"4930",-2614.32
"4931",-1373.528
"4932",-3329.322
"4933",-4148.684
"4934",-637.86
"4935",-1435.452
"4936",-4836.013
"4937",-2178.867
"4938",-509.265
"4939",-4187.769
"4940",-5258.511
"4941",-3939.473
"4942",-3232.355
"4943",-2046.005
"4944",-4778.731
"4945",-1701.569
"4946",-2965.69
"4947",-1903.327
"4948",-1641.974
"4949",-836.122
"4950",-4804.567
"4951",-1496.499
"4952",-4934.773
"4953",-2556.53
"4954",-3805.162
"4955",-2009.426
"4956",-3278.851
"4957",-1168.56
"4958",-2467.928
"4959",-807.641
"4960",-4507.828
"4961",-5230.883
"4962",-3132.062
"4963",-2242.556
"4964",-4994.657
"4965",-1848.731
"4966",-2125.817
"4967",-1158.159
"4968",-5581.925
"4969",-2205.697
"4970",-6521.098
"4971",-3243.632
"4972",-6865.685
"4973",-2311.833
"4974",-2554.999
"4975",-2270.508
"4976",-5223.98
"4977",-1786.009
"4978",-1323.035
"4979",-2067.449
"4980",-7160.61
"4981",-2091.218
"4982",-765.708
"4983",-1829.301
"4984",-5797.022
"4985",-5169.442
"4986",-3913.287
"4987",-1314.532
"4988",-947.921
"4989",-1360.009
"4990",-1700.237
"4991",-1418.268
"4992",-2957.635
"4993",-2829.192
"4994",-3243.057
"4995",-1319.975
"4996",-1089.366
"4997",-952.136
"4998",-1894.178
"4999",-1756.911
"5000",-1381.036
"5001",-1635.799
"5002",-779.35
"5003",-2550.391
"5004",-1885.888
"5005",-2745.703
"5006",-1773.902
"5007",-990.021
"5008",-2921.087
"5009",-2133.162
"5010",-2028.482
"5011",-1544.308
"5012",-6154.174
"5013",-5036.963
"5014",-8358.635
"5015",-1199.716
"5016",-644.111
"5017",-827.79
"5018",-2421.213
"5019",-6612.093
"5020",-2212.125
"5021",-2111.212
"5022",-4047.871
"5023",-7928.645
"5024",-827.754
"5025",-2641.714
"5026",-5964.481
"5027",-3169.103
"5028",-2549.783
"5029",-2053.139
"5030",-2548.565
"5031",-613.867
"5032",-2519.424
"5033",-4316.914
"5034",-2404.087
"5035",-1194.06
"5036",-2255.664
"5037",-7669.247
"5038",-1386.96
"5039",-1426.485
"5040",-753.207
"5041",-3207.027
"5042",-563.07
"5043",-1913.407
"5044",-1248.918
"5045",-2165.577
"5046",-3111.536
"5047",-5210.244
"5048",-3347.184
"5049",-1444.856
"5050",-862.165
"5051",-3999.372
"5052",-3034.665
"5053",-3418.523
"5054",-3463.147
"5055",-3652.118
"5056",-4050.647
"5057",-1277.941
"5058",-1575.257
"5059",-5574.277
"5060",-2205.402
"5061",-1642.663
"5062",-3230.823
"5063",-513.233
"5064",-3261.537
"5065",-3367.863
"5066",-2780.247
"5067",-3271.466
"5068",-2778.022
"5069",-6673.218
"5070",-2720.007
"5071",-3430.996
"5072",-2974.85
"5073",-4486.919
"5074",-2003.119
"5075",-3120.039
"5076",-2310.461
"5077",-3259.88
"5078",-7348.163
"5079",-1026.822
"5080",-3291.399
"5081",-2002.319
"5082",-2994.877
"5083",-2883.348
"5084",-2142.787
"5085",-3931.031
"5086",-4863.508
"5087",-898.495
"5088",-3114.732
"5089",-3070.127
"5090",-3319.806
"5091",-1202.215
"5092",-436.17
"5093",-2513.582
"5094",-1273.233
"5095",-416.952
"5096",-5234.81
"5097",-2379.086
"5098",-3019.462
"5099",-2842.263
"5100",-3942.583
"5101",-1710.747
"5102",-2618.264
"5103",-3948.951
"5104",-1364.452
"5105",-2117.689
"5106",-1134.425
"5107",-3439.993
"5108",-3877.087
"5109",-3866.211
"5110",-1332.045
"5111",-2264.899
"5112",-3011.766
"5113",-3059.388
"5114",-2380.489
"5115",-1581.517
"5116",-1722.417
"5117",-3655.261
"5118",-839.128
"5119",-2603.504
"5120",-2100.439
"5121",-2260.949
"5122",-946.31
"5123",-2311.238
"5124",-1887.86
"5125",-1123.503
"5126",-5139.656
"5127",-1692.494
"5128",-4544.84
"5129",-9167.427
"5130",-3688.45
"5131",-4042.541
"5132",-2055.487
"5133",-1355.361
"5134",-1049.022
"5135",-5533.395
"5136",-1996.445
"5137",-2888.537
"5138",-5258.143
"5139",-960.349
"5140",-4078.543
"5141",-2935.11
"5142",-1531.355
"5143",-6140.143
"5144",-2637.37
"5145",-1316.218
"5146",-6352.618
"5147",-2833.427
"5148",-4119.962
"5149",-1186.18
"5150",-1319
"5151",-3887.091
"5152",-4212.842
"5153",-3997.37
"5154",-6495.366
"5155",-3843.515
"5156",-2479.046
"5157",-5717.798
"5158",-3084.475
"5159",-1485.04
"5160",-4631.211
"5161",-2937.087
"5162",-2621.599
"5163",-4706.809
"5164",-593.425
"5165",-6468.683
"5166",-11389.259
"5167",-2141.861
"5168",-2471.778
"5169",-939.282
"5170",-2749.392
"5171",-1626.911
"5172",-929.754
"5173",-3469.811
"5174",-3542.081
"5175",-3548.939
"5176",-1340.462
"5177",-2200.912
"5178",-2313.899
"5179",-4120.047
"5180",-2449.803
"5181",-1075.727
"5182",-2787.908
"5183",-2571.903
"5184",-1250.23
"5185",-2084.165
"5186",-2213.785
"5187",-2132.364
"5188",-4715.137
"5189",-2111.654
"5190",-1994.04
"5191",-1494.177
"5192",-1461.469
"5193",-3391.539
"5194",-3461.952
"5195",-1764.008
"5196",-1638.98
"5197",-3146.098
"5198",-2581.097
"5199",-3011.046
"5200",-2232.072
"5201",-3031.415
"5202",-2296.184
"5203",-1087.677
"5204",-1862.465
"5205",-732.972
"5206",-1256.535
"5207",-2139.74
"5208",-1351.025
"5209",-1206.187
"5210",-2416.942
"5211",-1492.052
"5212",-2090.47
"5213",-5495.155
"5214",-1652.493
"5215",-4045.907
"5216",-2013.846
"5217",-2647.384
"5218",-1379.469
"5219",-1413.352
"5220",-8032.788
"5221",-2471.795
"5222",-2343.166
"5223",-1770.715
"5224",-2350.786
"5225",-4445.082
"5226",-6005.838
"5227",-5151.258
"5228",-2977.595
"5229",-4667.759
"5230",-1014.207
"5231",-1704.447
"5232",-1702.881
"5233",-2023.558
"5234",-1502.897
"5235",-4695.931
"5236",-2380.286
"5237",-1841.291
"5238",-588.435
"5239",-825.294
"5240",-949.592
"5241",-4409.699
"5242",-3382.243
"5243",-926.335
"5244",-2514.535
"5245",-7706.549
"5246",-2383.134
"5247",-1536.381
"5248",-7492.709
"5249",-4109.007
"5250",-3394.111
"5251",-7809.675
"5252",-2596.233
"5253",-731.742
"5254",-1350.736
"5255",-2190.632
"5256",-1804.563
"5257",-2359.284
"5258",-4547.821
"5259",-1204.009
"5260",-1318.16
"5261",-2432.249
"5262",-4382.286
"5263",-1826.51
"5264",-2193.294
"5265",-1939.694
"5266",-1039.215
"5267",-1660.667
"5268",-2651.257
"5269",-3557.336
"5270",-1730.154
"5271",-2573.162
"5272",-2151.172
"5273",-4930.911
"5274",-3928.863
"5275",-2622.768
"5276",-4584.513
"5277",-1393.628
"5278",-1148.856
"5279",-1843.97
"5280",-1775.744
"5281",-2951.737
"5282",-827.918
"5283",-3684.278
"5284",-2157.566
"5285",-2897.671
"5286",-1636.274
"5287",-1398.506
"5288",-2434.635
"5289",-2013.521
"5290",-1122.121
"5291",-1919.951
"5292",-2361.519
"5293",-778.125
"5294",-508.705
"5295",-967.999
"5296",-2810.139
"5297",-2065.716
"5298",-1285.02
"5299",-2286.084
"5300",-1929.434
"5301",-5619.339
"5302",-1340.224
"5303",-7580.133
"5304",-1090.973
"5305",-2381
"5306",-3647.539
"5307",-993.457
"5308",-2399.798
"5309",-3163.182
"5310",-1998.031
"5311",-2658.037
"5312",-1736.946
"5313",-5157.251
"5314",-3451.777
"5315",-3285.902
"5316",-2062.371
"5317",-2664.247
"5318",-1714.235
"5319",-1911.048
"5320",-2366.326
"5321",-5915.369
"5322",-4135.301
"5323",-3034.401
"5324",-9908.402
"5325",-1544.164
"5326",-2750.917
"5327",-1712.781
"5328",-3537.725
"5329",-1748.107
"5330",-3607.572
"5331",-3861.945
"5332",-2127.185
"5333",-6065.954
"5334",-3303.345
"5335",-859.077
"5336",-1951.219
"5337",-7286.868
"5338",-1498.567
"5339",-1716.654
"5340",-2901.792
"5341",-3115.492
"5342",-1621.75
"5343",-2007.938
"5344",-3514.83
"5345",-3727.683
"5346",-3075.468
"5347",-1556.589
"5348",-1289.929
"5349",-3394.173
"5350",-2476.736
"5351",-1851.876
"5352",-1581.689
"5353",-1654.498
"5354",-1187.904
"5355",-2403.485
"5356",-1658.219
"5357",-1698.159
"5358",-5205.21
"5359",-4075.95
"5360",-1207.146
"5361",-2544.338
"5362",-2270.621
"5363",-7536.459
"5364",-3198.331
"5365",-1130.477
"5366",-1957.276
"5367",-2335.634
"5368",-4597.27
"5369",-2470.03
"5370",-3560.333
"5371",-2981.656
"5372",-5565.395
"5373",-1100.762
"5374",-1986.848
"5375",-3029.518
"5376",-1068.908
"5377",-3438.583
"5378",-1680.927
"5379",-2195.218
"5380",-5768.517
"5381",-3607.83
"5382",-2560.15
"5383",-4115.969
"5384",-2455.751
"5385",-734.016
"5386",-2344.635
"5387",-2580.777
"5388",-3477.156
"5389",-1938.923
"5390",-3214.913
"5391",-4355.827
"5392",-3298.216
"5393",-1663.264
"5394",-1757.311
"5395",-2228.813
"5396",-2562.848
"5397",-939.749
"5398",-1760.829
"5399",-1884.08
"5400",-1558.867
"5401",-5703.495
"5402",-2150.245
"5403",-2296.488
"5404",-857.495
"5405",-2955.098
"5406",-1933.97
"5407",-1112.952
"5408",-5092.586
"5409",-1595.616
"5410",-451.559
"5411",-1067.703
"5412",-1346.141
"5413",-2169.076
"5414",-2234.395
"5415",-2200.624
"5416",-2210.475
"5417",-2191.652
"5418",-1513.092
"5419",-2137.476
"5420",-6903.481
"5421",-869.52
"5422",-3194.134
"5423",-996.275
"5424",-1600.141
"5425",-3790.836
"5426",-1925.076
"5427",-1267.038
"5428",-5478.2
"5429",-584.601
"5430",-2767.771
"5431",-4546.383
"5432",-1781.566
"5433",-2663.229
"5434",-1059.451
"5435",-737.303
"5436",-2577.496
"5437",-2871.482
"5438",-726.863
"5439",-2808.242
"5440",-2250.922
"5441",-2419.174
"5442",-5838.574
"5443",-617.331
"5444",-1539.363
"5445",-3866.708
"5446",-4459.914
"5447",-695.49
"5448",-2718.371
"5449",-2185.576
"5450",-1739.969
"5451",-1662.177
"5452",-5887.236
"5453",-3575.705
"5454",-1232.349
"5455",-2255.894
"5456",-1440.045
"5457",-2871.089
"5458",-1559.201
"5459",-2790.71
"5460",-5271.383
"5461",-2106.679
"5462",-1089.918
"5463",-1611.922
"5464",-1006.876
"5465",-1587.544
"5466",-927.628
"5467",-2727.954
"5468",-6990.446
"5469",-2284.411
"5470",-1461.881
"5471",-2829.459
"5472",-2569.205
"5473",-4371.335
"5474",-1758.032
"5475",-1607.081
"5476",-5353.227
"5477",-1557.998
"5478",-2907.243
"5479",-1851.858
"5480",-2223.021
"5481",-3429.18
"5482",-1468.968
"5483",-4968.105
"5484",-7127.027
"5485",-7145.656
"5486",-5425.272
"5487",-2572.081
"5488",-2443.418
"5489",-1933.059
"5490",-24384.794
"5491",-2414.767
"5492",-4244.816
"5493",-3654.675
"5494",-2137.752
"5495",-3576.624
"5496",-4038.127
"5497",-5184.97
"5498",-5287.574
"5499",-6260.169
"5500",-2489.738
"5501",-2149.417
"5502",-3063.334
"5503",-1477.025
"5504",-10132.946
"5505",-3612.616
"5506",-1124.382
"5507",-3645.851
"5508",-1613.977
"5509",-1712.17
"5510",-2197.354
"5511",-2944.146
"5512",-1360.062
"5513",-2420.909
"5514",-4094.561
"5515",-2655.242
"5516",-1960.232
"5517",-1422.178
"5518",-1147.839
"5519",-2743.073
"5520",-1618.347
"5521",-5275.954
"5522",-2873.344
"5523",-1694.722
"5524",-623.859
"5525",-3940.7
"5526",-699.535
"5527",-6251.923
"5528",-5135.573
"5529",-1864.115
"5530",-2562.39
"5531",-3008.886
"5532",-5486.27
"5533",-1635.3
"5534",-5036.405
"5535",-4934.669
"5536",-491.166
"5537",-4353.583
"5538",-799.782
"5539",-2034.642
"5540",-1020.851
"5541",-5903.035
"5542",-2672.964
"5543",-2863.832
"5544",-2109.769
"5545",-3339.907
"5546",-3634.466
"5547",-2069.075
"5548",-4102.655
"5549",-3402.796
"5550",-2506.238
"5551",-1300.056
"5552",-2201.913
"5553",-1578.878
"5554",-2050.849
"5555",-3809.825
"5556",-2700.675
"5557",-809.047
"5558",-1156.783
"5559",-1892.086
"5560",-1438.196
"5561",-883.553
"5562",-4813.817
"5563",-1744.95
"5564",-2896.824
"5565",-2425.541
"5566",-3210.236
"5567",-3491.121
"5568",-8535.026
"5569",-1118.388
"5570",-2081.319
"5571",-7086.963
"5572",-2878.598
"5573",-2324.717
"5574",-5895.988
"5575",-1649.276
"5576",-3812.819
"5577",-1779.033
"5578",-506.114
"5579",-840.921
"5580",-1003.643
"5581",-3464.45
"5582",-2052.212
"5583",-4046.081
"5584",-4728.95
"5585",-1832.803
"5586",-2489.181
"5587",-7676.098
"5588",-2433.964
"5589",-1498.826
"5590",-2573.567
"5591",-3048.194
"5592",-3062.127
"5593",-2298.905
"5594",-1333.269
"5595",-3713.97
"5596",-2036.179
"5597",-2863.375
"5598",-1370.628
"5599",-3991.901
"5600",-969.362
"5601",-1757.068
"5602",-1480.009
"5603",-982.871
"5604",-1476.077
"5605",-2199.342
"5606",-4495.77
"5607",-2810.476
"5608",-1648.626
"5609",-6691.48
"5610",-1414.755
"5611",-2390.39
"5612",-3201.704
"5613",-710.796
"5614",-1119.554
"5615",-800.25
"5616",-1260.65
"5617",-1757.626
"5618",-2532.196
"5619",-4128.085
"5620",-1238.075
"5621",-10320.36
"5622",-1791.7
"5623",-4347.379
"5624",-1167.014
"5625",-2216.863
"5626",-2199.087
"5627",-3860.547
"5628",-1893.042
"5629",-2431.064
"5630",-3723.769
"5631",-2342.364
"5632",-1837.447
"5633",-3951.987
"5634",-2504.645
"5635",-4178.484
"5636",-2581.461
"5637",-2763.237
"5638",-2529.143
"5639",-1624.837
"5640",-1365.154
"5641",-3812.597
"5642",-1731.542
"5643",-1859.438
"5644",-3257.168
"5645",-1649.399
"5646",-1925.235
"5647",-2726.118
"5648",-2905.913
"5649",-1535.301
"5650",-1166.342
"5651",-2457.21
"5652",-4034.82
"5653",-3172.092
"5654",-1489.59
"5655",-2167.599
"5656",-1674.997
"5657",-1196.103
"5658",-1035.129
"5659",-1128.896
"5660",-3344.461
"5661",-1663.059
"5662",-1180.329
"5663",-1104.188
"5664",-1820.222
"5665",-5133.434
"5666",-4070.756
"5667",-2520.173
"5668",-1071.759
"5669",-702.078
"5670",-3792.569
"5671",-1125.124
"5672",-3381.073
"5673",-6672.307
"5674",-3192.457
"5675",-3631.212
"5676",-3171.897
"5677",-2519.294
"5678",-1477.01
"5679",-1674.985
"5680",-3100.186
"5681",-1108.188
"5682",-4745.258
"5683",-454.318
"5684",-5746.96
"5685",-2479.105
"5686",-4205.174
"5687",-3660.179
"5688",-2464.308
"5689",-1999.039
"5690",-873.663
"5691",-1676.031
"5692",-2314.609
"5693",-1318.823
"5694",-5137.539
"5695",-1627.582
"5696",-2816.193
"5697",-4040.359
"5698",-1897.79
"5699",-2565.705
"5700",-2810.332
"5701",-4510.997
"5702",-6745.959
"5703",-1851.177
"5704",-3404.36
"5705",-2461.313
"5706",-2676.145
"5707",-6313.212
"5708",-6167.654
"5709",-1391.693
"5710",-3766.261
"5711",-2412.248
"5712",-2171.932
"5713",-3419.585
"5714",-2059.581
"5715",-2808.607
"5716",-1926.013
"5717",-3415.804
"5718",-4138.902
"5719",-1649.719
"5720",-1438.237
"5721",-849.084
"5722",-1250.524
"5723",-1162.833
"5724",-1304.314
"5725",-2359.822
"5726",-3266.532
"5727",-3435.953
"5728",-5164.185
"5729",-4152.751
"5730",-3488.953
"5731",-3689.883
"5732",-2252.358
"5733",-791.079
"5734",-2831.767
"5735",-901.661
"5736",-1384.092
"5737",-1439.63
"5738",-2521.173
"5739",-1053.464
"5740",-2371.563
"5741",-910.077
"5742",-4382.921
"5743",-3028.361
"5744",-2952.128
"5745",-1536.851
"5746",-3080.001
"5747",-2335.124
"5748",-3431.407
"5749",-1121.007
"5750",-984.797
"5751",-3257.976
"5752",-2094.517
"5753",-533.77
"5754",-414.492
"5755",-1685.122
"5756",-5707.852
"5757",-1550.466
"5758",-2015.926
"5759",-1247.98
"5760",-2496.9
"5761",-2242.182
"5762",-6849.405
"5763",-1805.305
"5764",-2164.617
"5765",-1780.185
"5766",-4912.518
"5767",-3287.063
"5768",-3661.518
"5769",-3304.991
"5770",-2606.584
"5771",-2663.296
"5772",-1700.104
"5773",-3612.22
"5774",-4730.593
"5775",-1049.49
"5776",-700.838
"5777",-2396.019
"5778",-2461.506
"5779",-2788.396
"5780",-1229.65
"5781",-851.325
"5782",-5602.44
"5783",-2257.861
"5784",-2950.017
"5785",-1737.591
"5786",-2574.661
"5787",-7521.028
"5788",-4970.518
"5789",-938.416
"5790",-1475.438
"5791",-4305.777
"5792",-4058.511
"5793",-2554.877
"5794",-1689.112
"5795",-5409.291
"5796",-2242.014
"5797",-1235.874
"5798",-3352.738
"5799",-4510.825
"5800",-967.026
"5801",-905.933
"5802",-1922.645
"5803",-1141.771
"5804",-2234.648
"5805",-7952.332
"5806",-1571.016
"5807",-2914.977
"5808",-4131.12
"5809",-1739.023
"5810",-3479.197
"5811",-2822.014
"5812",-886.569
"5813",-4477.713
"5814",-2517.36
"5815",-5623.97
"5816",-4588.007
"5817",-2544.614
"5818",-2176.409
"5819",-1937.483
"5820",-2207.257
"5821",-14026.746
"5822",-540.599
"5823",-4052.856
"5824",-2602.409
"5825",-2879.206
"5826",-3819.044
"5827",-3936.419
"5828",-5932.275
"5829",-5843.412
"5830",-969.584
"5831",-3096.289
"5832",-1631.362
"5833",-1910.383
"5834",-1634.323
"5835",-1745.571
"5836",-973.805
"5837",-7900.376
"5838",-1586.701
"5839",-7974.312
"5840",-1331.017
"5841",-3460.32
"5842",-1377.543
"5843",-3029.687
"5844",-1195.033
"5845",-2450.498
"5846",-1225.807
"5847",-3098.471
"5848",-6569.053
"5849",-1031.355
"5850",-772.174
"5851",-734.172
"5852",-6083.439
"5853",-1302.991
"5854",-2401.832
"5855",-727.077
"5856",-1917.629
"5857",-7068.905
"5858",-2846.988
"5859",-3277.961
"5860",-3493.362
"5861",-1728.321
"5862",-3287.843
"5863",-794.947
"5864",-1487.137
"5865",-1520.337
"5866",-1909.058
"5867",-7400.452
"5868",-1771.614
"5869",-1816.603
"5870",-1204.408
"5871",-3878.734
"5872",-6832.473
"5873",-4057.664
"5874",-1074.856
"5875",-1498.965
"5876",-1512.369
"5877",-1345.852
"5878",-3380.895
"5879",-2573.156
"5880",-2128.97
"5881",-1703.861
"5882",-1088.504
"5883",-2190.859
"5884",-2676.46
"5885",-3659.073
"5886",-3402.232
"5887",-3128.1
"5888",-4212.741
"5889",-6450.518
"5890",-1500.706
"5891",-1298.894
"5892",-440.514
"5893",-2499.563
"5894",-1124.567
"5895",-1634.944
"5896",-8596.411
"5897",-1527.261
"5898",-5611.317
"5899",-2255.979
"5900",-1600.019
"5901",-2156.85
"5902",-1541.599
"5903",-1248.412
"5904",-8357.527
"5905",-6446.328
"5906",-1505.979
"5907",-3738.8
"5908",-1147.173
"5909",-2905.362
"5910",-4692.044
"5911",-1641.38
"5912",-2041.589
"5913",-1627.28
"5914",-2382.578
"5915",-2344.375
"5916",-2368.625
"5917",-1722.928
"5918",-1256.456
"5919",-6299.109
"5920",-2250.554
"5921",-3250.178
"5922",-2293.382
"5923",-1800.318
"5924",-1736.938
"5925",-390.862
"5926",-789.924
"5927",-2601.864
"5928",-2067.711
"5929",-5371.944
"5930",-607.786
"5931",-6294.712
"5932",-3565.136
"5933",-3880.505
"5934",-2686.462
"5935",-3618.854
"5936",-4678.882
"5937",-601.668
"5938",-4239.717
"5939",-5788.008
"5940",-1673.773
"5941",-1645.916
"5942",-2926.142
"5943",-5986.371
"5944",-2626.441
"5945",-1530.299
"5946",-4458.223
"5947",-2212.906
"5948",-2918.907
"5949",-3173.641
"5950",-972.759
"5951",-3629.366
"5952",-3180.231
"5953",-4226.157
"5954",-1201.957
"5955",-5037.973
"5956",-1791.932
"5957",-2343.383
"5958",-1137.42
"5959",-2036.451
"5960",-1926.273
"5961",-1247.99
"5962",-7930.267
"5963",-2316.608
"5964",-1899.332
"5965",-1569.072
"5966",-1736.077
"5967",-1820.548
"5968",-5142.88
"5969",-722.72
"5970",-3542.714
"5971",-7134.085
"5972",-632.868
"5973",-2752.862
"5974",-1723.317
"5975",-732.841
"5976",-2901.563
"5977",-1329.483
"5978",-6147.028
"5979",-613.083
"5980",-2800.664
"5981",-1675.46
"5982",-637.741
"5983",-1440.158
"5984",-2105.236
"5985",-1788.815
"5986",-6179.046
"5987",-3748.335
"5988",-785.384
"5989",-1419.295
"5990",-2416.01
"5991",-37679.315
"5992",-1907.763
"5993",-1370.488
"5994",-637.024
"5995",-7185.597
"5996",-1701.647
"5997",-438.378
"5998",-4313.467
"5999",-2774.035
"6000",-812.394
"6001",-2004.019
"6002",-2756.739
"6003",-2352.715
"6004",-4256.115
"6005",-1477.432
"6006",-2383.966
"6007",-4312.994
"6008",-2314.02
"6009",-7002.87
"6010",-25058.746
"6011",-4562.565
"6012",-1199.471
"6013",-1865.883
"6014",-3252.291
"6015",-13564.18
"6016",-2259.023
"6017",-7591.018
"6018",-1388.992
"6019",-1469.652
"6020",-830.749
"6021",-1109.2
"6022",-1607.768
"6023",-1618.712
"6024",-2998.49
"6025",-2800.083
"6026",-2020.239
"6027",-7548.726
"6028",-3255.813
"6029",-2592.002
"6030",-957.935
"6031",-1650.062
"6032",-1322.656
"6033",-778.036
"6034",-5237.675
"6035",-558.635
"6036",-1701.498
"6037",-1468.097
"6038",-222.309
"6039",-1215.953
"6040",-326.178
"6041",-5841.58
"6042",-1409.275
"6043",-6596.731
"6044",-4841.53
"6045",-2633.253
"6046",-426.934
"6047",-1010.172
"6048",-1399.87
"6049",-1194.716
"6050",-3246.768
"6051",-2044.192
"6052",-4005.565
"6053",-1077.551
"6054",-613.378
"6055",-2885.14
"6056",-489.009
"6057",-1240.834
"6058",-3772.128
"6059",-1013.64
"6060",-770.068
"6061",-649.883
"6062",-1317.155
"6063",-4097.014
"6064",-3447.813
"6065",-3184.651
"6066",-3743.41
"6067",-1787.051
"6068",-8762.017
"6069",-2844.541
"6070",-3066.812
"6071",-683.098
"6072",-2026.987
"6073",-3662.244
"6074",-2682.106
"6075",-3015.8
"6076",-979.178
"6077",-2913.624
"6078",-795.286
"6079",-948.15
"6080",-2984.132
"6081",-921.565
"6082",-15436.007
"6083",-970.057
"6084",-506.718
"6085",-1604.208
"6086",-6723.411
"6087",-1470.523
"6088",-3476.312
"6089",-4506.496
"6090",-1936.142
"6091",-529.941
"6092",-18833.451
"6093",-1771.355
"6094",-357.129
"6095",-1133.057
"6096",-2619.091
"6097",-1071.918
"6098",-839.907
"6099",-711.863
"6100",-832.613
"6101",-150.553
"6102",-2217.452
"6103",-10778.221
"6104",-2912.385
"6105",-6672.966
"6106",-533.553
"6107",-709.016
"6108",-8953.277
"6109",-2318.402
"6110",-785.715
"6111",-659.974
"6112",-2067.047
"6113",-3568.098
"6114",-802.957
"6115",-5557.481
"6116",-8767.53
"6117",-1288.202
"6118",-1002.515
"6119",-4567.335
"6120",-864.396
"6121",-793.661
"6122",-10988.157
"6123",-2516.121
"6124",-1421.34
"6125",-1624.758
"6126",-2526.566
"6127",-4844.147
"6128",-500.827
"6129",-11293.138
"6130",-7851.965
"6131",-1035.94
"6132",-4775.758
"6133",-911.154
"6134",-313.565
"6135",-1085.588
"6136",-2764.202
"6137",-2724.305
"6138",-1204.696
"6139",-319.069
"6140",-1605.934
"6141",-2475.48
"6142",-1324.807
"6143",-577.197
"6144",-1821.04
"6145",-871.4
"6146",-4528.615
"6147",-586.109
"6148",-1287.257
"6149",-1457.802
"6150",-3262.376
"6151",-5513.606
"6152",-530.813
"6153",-316.629
"6154",-885.574
"6155",-3274.632
"6156",-2537.924
"6157",-1301.579
"6158",-3329.571
"6159",-2029.49
"6160",-2795.85
"6161",-4020.35
"6162",-983.433
"6163",-1765.095
"6164",-5988.126
"6165",-2052.306
"6166",-1308.847
"6167",-1150.278
"6168",-1705.338
"6169",-5615.393
"6170",-2643.471
"6171",-667.89
"6172",-2451.393
"6173",-949.081
"6174",-1987.865
"6175",-670.892
"6176",-7152.251
"6177",-4951.658
"6178",-1001.85
"6179",-617.03
"6180",-1101.487
"6181",-3678.827
"6182",-298.555
"6183",-1340.388
"6184",-7184.293
"6185",-770.262
"6186",-2453.926
"6187",-356.275
"6188",-8615.7
"6189",-619.047
"6190",-1369.179
"6191",-721.229
"6192",-3047.94
"6193",-1452.176
"6194",-828.796
"6195",-4650.866
"6196",-3059.608
"6197",-11785.019
"6198",-1401.437
"6199",-956.09
"6200",-3323.107
"6201",-2823.596
"6202",-4641.494
"6203",-1296.768
"6204",-1757.313
"6205",-758.118
"6206",-1736.014
"6207",-1576.911
"6208",-7465.181
"6209",-641.308
"6210",-380.52
"6211",-3063.14
"6212",-746.167
"6213",-781.931
"6214",-556.956
"6215",-1249.058
"6216",-1141.545
"6217",-2761.114
"6218",-3561.014
"6219",-740.655
"6220",-1786.797
"6221",-2996.071
"6222",-607.985
"6223",-914.772
"6224",-918.73
"6225",-1280.394
"6226",-4470.943
"6227",-3152.224
"6228",-378.138
"6229",-813.495
"6230",-344.797
"6231",-558.241
"6232",-2968.335
"6233",-2567.067
"6234",-279.321
"6235",-271.053
"6236",-1286.665
"6237",-1727.439
"6238",-689.545
"6239",-3229.471
"6240",-2363.207
"6241",-3508.743
"6242",-1388.955
"6243",-3676.966
"6244",-3900.5
"6245",-1742.992
"6246",-2770.215
"6247",-1173.647
"6248",-1436.925
"6249",-1215.815
"6250",-1882.419
"6251",-10710.516
"6252",-2325.37
"6253",-1498.629
"6254",-10611.825
"6255",-3454.942
"6256",-8893.813
"6257",-2318.992
"6258",-3747.308
"6259",-5174.011
"6260",-4393.705
"6261",-5986.763
"6262",-3868.185
"6263",-3321.338
"6264",-927.714
"6265",-313.358
"6266",-1030.438
"6267",-1739.327
"6268",-2306.885
"6269",-3287.207
"6270",-1490.45
"6271",-749.089
"6272",-642.211
"6273",-570.926
"6274",-6091.303
"6275",-7962.456
"6276",-1885.204
"6277",-1531.595
"6278",-391.945
"6279",-1397.448
"6280",-3449.562
"6281",-2718.612
"6282",-912.984
"6283",-1131.101
"6284",-2458.046
"6285",-7026.11
"6286",-6311.134
"6287",-643.141
"6288",-1201.873
"6289",-6039.218
"6290",-1796.438
"6291",-353.94
"6292",-1166.46
"6293",-4561.557
"6294",-1275.056
"6295",-2423.136
"6296",-2561.711
"6297",-809.915
"6298",-922.993
"6299",-8812.078
"6300",-2147.594
"6301",-801.769
"6302",-8945.438
"6303",-4583.199
"6304",-784.016
"6305",-1198.343
"6306",-594.21
"6307",-960.969
"6308",-1114.851
"6309",-1050.711
"6310",-1784.924
"6311",-729.306
"6312",-442.259
"6313",-1246.328
"6314",-861.128
"6315",-2436.749
"6316",-1918.827
"6317",-1330.086
"6318",-994.587
"6319",-3599.323
"6320",-9129.806
"6321",-630.795
"6322",-648.349
"6323",-1736.543
"6324",-4082.357
"6325",-6650.44
"6326",-1373.58
"6327",-1274.214
"6328",-1401.47
"6329",-2710.546
"6330",-578.668
"6331",-1196.697
"6332",-782.784
"6333",-775.649
"6334",-4661.932
"6335",-396.691
"6336",-427.337
"6337",-1134.214
"6338",-580.905
"6339",-2164.572
"6340",-1279.416
"6341",-1483.047
"6342",-461.317
"6343",-972.367
"6344",-3455.357
"6345",-833.927
"6346",-976.723
"6347",-189.407
"6348",-1072.953
"6349",-536.389
"6350",-579.978
"6351",-1386.522
"6352",-1467.403
"6353",-811.272
"6354",-365.677
"6355",-696.103
"6356",-1012.208
"6357",-2066.213
"6358",-914.923
"6359",-1904.015
"6360",-443.021
"6361",-4031.432
"6362",-1203.87
"6363",-5500.618
"6364",-473.176
"6365",-858.956
"6366",-1596.607
"6367",-330.101
"6368",-1634.19
"6369",-3496.59
"6370",-2372.401
"6371",-3391.159
"6372",-6323.168
"6373",-2367.823
"6374",-711.255
"6375",-943.632
"6376",-594.444
"6377",-2232.801
"6378",-7572.967
"6379",-1283.726
"6380",-3044.287
"6381",-639.303
"6382",-2003.581
"6383",-2439.061
"6384",-2732.115
"6385",-5034.925
"6386",-4086.883
"6387",-3297.793
"6388",-1023.522
"6389",-1228.204
"6390",-839.099
"6391",-917.536
"6392",-1167.693
"6393",-2147.585
"6394",-1132.752
"6395",-945.279
"6396",-1241.006
"6397",-1864.891
"6398",-3434.236
"6399",-3499.222
"6400",-2156.203
"6401",-14833.846
"6402",-1251.932
"6403",-6450.209
