1	8	500	497	0.5084	0.344	0.340	0.300	0.306	0.255	0.273	0.347	0.361	0.290	0.265	0.277	0.330	0.267	0.312	2.171	0.413	0.222	0.200	-8935.480
2	8	500	493	0.5102	0.335	0.226	0.305	0.309	0.352	0.293	0.344	0.333	0.322	0.269	0.278	0.249	0.299	0.312	2.033	0.436	0.237	0.192	-8958.433
3	8	500	497	0.5239	0.246	0.314	0.261	0.249	0.267	0.319	0.288	0.306	0.291	0.259	0.316	0.302	0.264	0.332	1.641	0.563	0.284	0.183	-8836.498
4	8	500	491	0.5247	0.353	0.331	0.272	0.308	0.312	0.306	0.329	0.354	0.294	0.270	0.311	0.281	0.343	0.238	2.054	0.439	0.257	0.169	-8895.176
5	8	500	488	0.5155	0.303	0.321	0.267	0.316	0.259	0.302	0.289	0.300	0.336	0.374	0.301	0.322	0.286	0.269	1.929	0.472	0.264	0.193	-8986.678
6	8	500	496	0.5108	0.297	0.292	0.316	0.370	0.254	0.359	0.276	0.256	0.287	0.332	0.291	0.351	0.283	0.356	1.902	0.549	0.312	0.194	-9087.760
7	8	500	490	0.5196	0.323	0.330	0.335	0.329	0.324	0.301	0.285	0.343	0.274	0.282	0.251	0.286	0.299	0.339	1.939	0.496	0.238	0.189	-8955.741
8	8	500	495	0.5192	0.333	0.255	0.278	0.305	0.369	0.315	0.335	0.307	0.332	0.287	0.268	0.301	0.358	0.304	2.014	0.566	0.279	0.156	-8888.359
9	8	500	487	0.5068	0.354	0.253	0.311	0.312	0.235	0.322	0.284	0.290	0.261	0.329	0.272	0.307	0.251	0.252	1.951	0.549	0.301	0.206	-8801.534
10	8	500	498	0.5080	0.331	0.339	0.349	0.288	0.379	0.262	0.302	0.349	0.272	0.312	0.237	0.377	0.233	0.328	2.125	0.608	0.286	0.204	-8996.937
11	8	500	495	0.5143	0.282	0.229	0.327	0.261	0.381	0.319	0.279	0.258	0.289	0.358	0.332	0.245	0.298	0.316	2.150	0.485	0.235	0.192	-8903.279
12	8	500	489	0.5167	0.294	0.277	0.256	0.328	0.309	0.325	0.291	0.210	0.295	0.304	0.318	0.274	0.298	0.303	1.889	0.496	0.240	0.193	-8865.553
13	8	500	492	0.5254	0.256	0.383	0.261	0.342	0.310	0.295	0.256	0.342	0.289	0.343	0.275	0.245	0.286	0.306	1.972	0.587	0.331	0.201	-8937.877
14	8	500	493	0.5194	0.301	0.345	0.289	0.309	0.306	0.321	0.346	0.297	0.218	0.305	0.322	0.337	0.337	0.261	2.022	0.379	0.168	0.213	-9023.577
15	8	500	493	0.5072	0.303	0.298	0.281	0.316	0.310	0.322	0.292	0.329	0.259	0.299	0.310	0.297	0.308	0.239	1.985	0.452	0.210	0.189	-8835.956
16	8	500	494	0.5202	0.317	0.322	0.306	0.341	0.236	0.228	0.315	0.288	0.254	0.360	0.268	0.253	0.367	0.270	1.960	0.601	0.262	0.190	-8856.102
17	8	500	494	0.5008	0.333	0.347	0.221	0.321	0.281	0.263	0.334	0.302	0.243	0.273	0.357	0.291	0.294	0.295	1.860	0.546	0.268	0.232	-8920.446
18	8	500	493	0.5123	0.277	0.352	0.338	0.260	0.338	0.393	0.332	0.253	0.257	0.286	0.317	0.352	0.269	0.270	1.671	0.532	0.269	0.204	-9081.677
19	8	500	491	0.5245	0.292	0.369	0.300	0.294	0.277	0.308	0.293	0.289	0.267	0.362	0.296	0.307	0.261	0.324	1.944	0.350	0.147	0.200	-8952.512
20	8	500	496	0.5241	0.357	0.302	0.273	0.382	0.363	0.285	0.300	0.373	0.277	0.274	0.351	0.245	0.299	0.246	1.853	0.375	0.171	0.232	-9095.421
21	8	500	489	0.5236	0.267	0.255	0.250	0.246	0.236	0.244	0.302	0.253	0.252	0.290	0.259	0.341	0.271	0.338	1.902	0.531	0.224	0.219	-8587.125
22	8	500	490	0.5239	0.242	0.338	0.290	0.291	0.348	0.345	0.274	0.319	0.380	0.315	0.302	0.283	0.274	0.328	2.067	0.587	0.264	0.176	-8932.706
23	8	500	493	0.5089	0.308	0.256	0.245	0.349	0.305	0.265	0.309	0.327	0.314	0.298	0.257	0.260	0.326	0.270	1.944	0.423	0.224	0.185	-8819.638
24	8	500	489	0.5129	0.258	0.300	0.283	0.355	0.330	0.262	0.305	0.226	0.283	0.279	0.281	0.333	0.354	0.277	1.932	0.361	0.165	0.207	-8883.590
25	8	500	492	0.5129	0.308	0.277	0.299	0.373	0.264	0.245	0.280	0.297	0.303	0.349	0.340	0.317	0.296	0.281	1.871	0.442	0.217	0.164	-8868.877
26	8	500	490	0.5088	0.268	0.358	0.272	0.300	0.216	0.301	0.297	0.296	0.300	0.290	0.313	0.263	0.321	0.276	1.955	0.461	0.234	0.175	-8756.308
27	8	500	496	0.4893	0.289	0.269	0.321	0.297	0.273	0.329	0.291	0.279	0.278	0.362	0.235	0.353	0.305	0.331	2.005	0.554	0.273	0.230	-8995.676
28	8	500	497	0.5251	0.285	0.349	0.276	0.278	0.356	0.272	0.287	0.280	0.329	0.293	0.281	0.338	0.313	0.296	1.935	0.464	0.251	0.195	-8974.518
29	8	500	498	0.5160	0.290	0.313	0.300	0.267	0.315	0.233	0.327	0.304	0.299	0.350	0.272	0.288	0.304	0.306	1.821	0.485	0.206	0.214	-8950.674
30	8	500	495	0.4999	0.314	0.321	0.274	0.276	0.236	0.319	0.286	0.317	0.350	0.336	0.259	0.217	0.255	0.326	1.973	0.413	0.309	0.188	-8923.040
31	8	500	498	0.5057	0.331	0.258	0.316	0.295	0.284	0.317	0.308	0.302	0.257	0.287	0.286	0.365	0.274	0.347	2.025	0.381	0.194	0.203	-8971.622
32	8	500	493	0.5202	0.276	0.313	0.296	0.293	0.273	0.266	0.281	0.274	0.375	0.294	0.316	0.394	0.262	0.316	1.920	0.677	0.323	0.219	-8989.305
33	8	500	494	0.5127	0.274	0.296	0.262	0.306	0.364	0.298	0.248	0.291	0.280	0.305	0.258	0.234	0.264	0.290	1.996	0.500	0.233	0.201	-8707.073
34	8	500	495	0.4997	0.280	0.258	0.303	0.290	0.304	0.255	0.297	0.314	0.322	0.303	0.333	0.267	0.314	0.299	2.007	0.621	0.316	0.185	-8788.216
35	8	500	497	0.5102	0.303	0.201	0.296	0.306	0.316	0.323	0.308	0.310	0.266	0.301	0.288	0.303	0.294	0.347	1.991	0.492	0.263	0.198	-8932.919
36	8	500	493	0.5181	0.292	0.338	0.293	0.274	0.268	0.280	0.321	0.259	0.287	0.290	0.268	0.287	0.239	0.265	1.941	0.495	0.256	0.194	-8706.505
37	8	500	496	0.4998	0.309	0.309	0.288	0.312	0.279	0.340	0.301	0.322	0.276	0.306	0.260	0.373	0.297	0.266	1.938	0.409	0.226	0.190	-8963.125
38	8	500	495	0.5362	0.358	0.297	0.297	0.299	0.255	0.262	0.374	0.333	0.320	0.300	0.277	0.251	0.259	0.360	1.886	0.486	0.235	0.192	-9000.504
39	8	500	495	0.5233	0.312	0.380	0.255	0.288	0.236	0.218	0.340	0.330	0.352	0.322	0.339	0.324	0.268	0.331	2.021	0.579	0.259	0.193	-8865.799
40	8	500	491	0.5188	0.341	0.279	0.258	0.284	0.230	0.288	0.280	0.290	0.255	0.314	0.331	0.331	0.270	0.302	2.442	0.457	0.222	0.158	-8567.509
41	8	500	495	0.5013	0.286	0.339	0.282	0.335	0.265	0.315	0.277	0.333	0.285	0.261	0.312	0.287	0.350	0.334	2.024	0.370	0.215	0.178	-8967.673
42	8	500	490	0.4870	0.341	0.229	0.282	0.296	0.327	0.268	0.272	0.279	0.321	0.303	0.315	0.316	0.260	0.380	1.947	0.527	0.309	0.181	-8891.931
43	8	500	497	0.5228	0.319	0.298	0.316	0.400	0.279	0.338	0.303	0.370	0.283	0.304	0.340	0.371	0.259	0.382	2.196	0.375	0.260	0.171	-9209.955
44	8	500	495	0.5241	0.312	0.292	0.254	0.286	0.268	0.289	0.307	0.326	0.256	0.270	0.316	0.264	0.287	0.346	2.152	0.518	0.210	0.232	-8897.179
45	8	500	487	0.5148	0.334	0.382	0.300	0.317	0.302	0.287	0.282	0.345	0.284	0.295	0.297	0.361	0.294	0.264	2.151	0.432	0.229	0.202	-8944.691
46	8	500	492	0.5262	0.225	0.262	0.307	0.326	0.388	0.251	0.309	0.280	0.303	0.273	0.249	0.286	0.311	0.269	1.965	0.473	0.257	0.200	-8849.846
47	8	500	492	0.5042	0.309	0.306	0.339	0.302	0.260	0.341	0.248	0.360	0.338	0.254	0.328	0.374	0.264	0.277	2.099	0.405	0.215	0.181	-8912.827
48	8	500	493	0.5109	0.247	0.252	0.311	0.312	0.288	0.281	0.300	0.280	0.330	0.345	0.315	0.289	0.289	0.307	1.964	0.427	0.217	0.192	-8894.400
49	8	500	494	0.5306	0.314	0.282	0.347	0.244	0.288	0.372	0.289	0.349	0.360	0.291	0.306	0.273	0.270	0.267	2.059	0.481	0.221	0.208	-8958.001
50	8	500	494	0.5223	0.292	0.340	0.266	0.293	0.287	0.327	0.390	0.304	0.316	0.253	0.305	0.281	0.291	0.245	1.899	0.589	0.237	0.232	-8953.443
51	8	500	496	0.5222	0.318	0.319	0.324	0.246	0.298	0.305	0.302	0.331	0.246	0.295	0.339	0.309	0.342	0.263	2.024	0.350	0.163	0.199	-9007.384
52	8	500	495	0.5207	0.300	0.290	0.259	0.303	0.314	0.259	0.374	0.296	0.336	0.246	0.319	0.332	0.306	0.309	1.994	0.398	0.224	0.175	-8932.308
53	8	500	487	0.5108	0.326	0.267	0.308	0.351	0.355	0.304	0.296	0.279	0.324	0.327	0.309	0.374	0.336	0.271	1.842	0.340	0.219	0.175	-9127.675
54	8	500	496	0.5111	0.288	0.342	0.246	0.334	0.311	0.302	0.286	0.282	0.209	0.326	0.328	0.291	0.289	0.299	2.010	0.236	0.101	0.219	-8927.260
55	8	500	494	0.5204	0.320	0.366	0.312	0.348	0.312	0.267	0.305	0.322	0.280	0.295	0.393	0.322	0.329	0.300	2.018	0.447	0.279	0.188	-9209.901
56	8	500	492	0.4982	0.272	0.297	0.329	0.225	0.307	0.271	0.275	0.330	0.260	0.287	0.275	0.229	0.260	0.266	1.913	0.577	0.296	0.184	-8577.475
57	8	500	489	0.5104	0.308	0.209	0.293	0.356	0.340	0.265	0.311	0.287	0.287	0.313	0.363	0.334	0.298	0.306	2.068	0.539	0.293	0.201	-8986.772
58	8	500	495	0.5178	0.266	0.304	0.246	0.306	0.339	0.351	0.345	0.351	0.285	0.307	0.241	0.383	0.292	0.336	2.091	0.602	0.308	0.218	-9066.409
59	8	500	490	0.5075	0.361	0.271	0.310	0.291	0.359	0.209	0.318	0.349	0.358	0.306	0.254	0.291	0.251	0.280	1.919	0.529	0.266	0.170	-8799.526
60	8	500	495	0.5208	0.341	0.324	0.296	0.297	0.277	0.299	0.326	0.293	0.296	0.324	0.269	0.270	0.227	0.277	2.005	0.533	0.282	0.204	-8857.981
61	8	500	498	0.5050	0.392	0.320	0.331	0.340	0.290	0.311	0.274	0.401	0.249	0.330	0.314	0.301	0.288	0.326	2.012	0.402	0.203	0.191	-9093.817
62	8	500	487	0.5152	0.250	0.281	0.262	0.260	0.237	0.241	0.328	0.309	0.326	0.310	0.327	0.301	0.274	0.310	2.029	0.564	0.225	0.175	-8621.868
63	8	500	497	0.5166	0.262	0.376	0.249	0.369	0.352	0.281	0.323	0.352	0.332	0.274	0.372	0.327	0.324	0.323	2.117	0.179	0.116	0.181	-9215.577
64	8	500	489	0.5175	0.251	0.360	0.317	0.237	0.213	0.290	0.317	0.269	0.300	0.336	0.287	0.284	0.271	0.280	1.818	0.406	0.204	0.201	-8802.181
65	8	500	492	0.5318	0.305	0.341	0.282	0.238	0.280	0.373	0.259	0.261	0.342	0.300	0.272	0.324	0.343	0.295	2.055	0.395	0.171	0.207	-8924.333
66	8	500	485	0.4978	0.304	0.242	0.282	0.316	0.333	0.343	0.286	0.341	0.332	0.211	0.343	0.284	0.333	0.316	1.946	0.529	0.300	0.200	-9002.987
67	8	500	491	0.5003	0.290	0.340	0.262	0.280	0.264	0.331	0.306	0.256	0.288	0.281	0.263	0.298	0.297	0.344	2.087	0.347	0.165	0.174	-8776.207
68	8	500	494	0.5057	0.306	0.274	0.314	0.339	0.365	0.334	0.326	0.270	0.244	0.322	0.256	0.301	0.253	0.344	1.866	0.522	0.281	0.195	-8995.253
69	8	500	492	0.5268	0.311	0.256	0.251	0.283	0.256	0.277	0.310	0.270	0.339	0.310	0.296	0.249	0.314	0.255	1.893	0.584	0.285	0.185	-8718.965
70	8	500	494	0.5193	0.338	0.335	0.308	0.310	0.239	0.314	0.311	0.343	0.246	0.236	0.301	0.304	0.325	0.305	1.925	0.543	0.197	0.204	-8876.910
71	8	500	491	0.5174	0.255	0.370	0.222	0.313	0.318	0.319	0.253	0.309	0.268	0.324	0.327	0.294	0.280	0.269	2.065	0.505	0.171	0.209	-8755.814
72	8	500	499	0.5082	0.305	0.238	0.333	0.336	0.322	0.314	0.307	0.359	0.380	0.264	0.332	0.290	0.322	0.281	1.963	0.475	0.265	0.198	-9131.906
73	8	500	496	0.4985	0.330	0.343	0.278	0.288	0.276	0.332	0.307	0.282	0.312	0.316	0.295	0.289	0.350	0.300	1.956	0.552	0.261	0.208	-9007.513
74	8	500	496	0.5136	0.261	0.369	0.297	0.272	0.272	0.306	0.279	0.240	0.252	0.308	0.305	0.312	0.299	0.309	1.881	0.468	0.255	0.183	-8833.660
75	8	500	492	0.5110	0.311	0.266	0.266	0.337	0.280	0.296	0.262	0.307	0.269	0.314	0.289	0.403	0.352	0.288	1.955	0.476	0.240	0.187	-8958.087
76	8	500	497	0.5085	0.334	0.356	0.288	0.274	0.279	0.310	0.285	0.334	0.288	0.295	0.280	0.278	0.288	0.295	1.928	0.641	0.359	0.211	-8909.521
77	8	500	492	0.5166	0.301	0.285	0.307	0.310	0.256	0.290	0.246	0.354	0.304	0.249	0.329	0.278	0.241	0.307	2.049	0.607	0.321	0.185	-8714.260
78	8	500	495	0.5063	0.310	0.244	0.290	0.265	0.357	0.261	0.297	0.353	0.305	0.302	0.300	0.369	0.278	0.329	1.828	0.505	0.317	0.175	-8978.238
79	8	500	495	0.5181	0.366	0.330	0.282	0.297	0.297	0.329	0.318	0.317	0.358	0.336	0.277	0.240	0.319	0.327	2.026	0.490	0.252	0.188	-9054.619
80	8	500	498	0.5051	0.360	0.333	0.308	0.255	0.292	0.305	0.304	0.338	0.286	0.350	0.249	0.295	0.235	0.339	1.957	0.534	0.242	0.206	-8929.260
81	8	500	490	0.5171	0.262	0.321	0.217	0.301	0.264	0.270	0.326	0.312	0.314	0.380	0.242	0.294	0.299	0.290	1.998	0.383	0.269	0.190	-8892.767
82	8	500	495	0.5040	0.217	0.289	0.297	0.348	0.279	0.292	0.317	0.316	0.376	0.306	0.290	0.366	0.257	0.349	1.887	0.386	0.206	0.186	-9028.130
83	8	500	493	0.5152	0.277	0.349	0.295	0.299	0.268	0.273	0.302	0.303	0.352	0.370	0.227	0.261	0.366	0.233	1.999	0.469	0.263	0.181	-8884.199
84	8	500	492	0.5126	0.478	0.303	0.264	0.312	0.262	0.299	0.364	0.203	0.336	0.312	0.275	0.227	0.363	0.314	1.900	0.611	0.346	0.204	-9064.158
85	8	500	492	0.4990	0.271	0.296	0.272	0.294	0.261	0.308	0.301	0.311	0.317	0.293	0.250	0.345	0.273	0.310	2.005	0.467	0.212	0.192	-8734.166
86	8	500	491	0.5018	0.321	0.204	0.264	0.322	0.316	0.291	0.245	0.302	0.271	0.350	0.333	0.291	0.283	0.244	2.055	0.494	0.195	0.184	-8645.956
87	8	500	496	0.5143	0.295	0.403	0.252	0.310	0.298	0.300	0.277	0.330	0.349	0.366	0.281	0.270	0.370	0.236	2.209	0.358	0.238	0.147	-8935.705
88	8	500	493	0.5137	0.302	0.317	0.334	0.297	0.310	0.260	0.295	0.286	0.352	0.269	0.297	0.279	0.304	0.294	1.952	0.364	0.236	0.169	-8916.324
89	8	500	489	0.5078	0.285	0.287	0.303	0.299	0.292	0.306	0.325	0.291	0.267	0.365	0.272	0.272	0.339	0.278	2.094	0.402	0.199	0.180	-8879.695
90	8	500	491	0.5084	0.303	0.257	0.270	0.319	0.316	0.254	0.367	0.286	0.301	0.293	0.277	0.314	0.271	0.279	1.915	0.617	0.240	0.212	-8747.791
91	8	500	490	0.5100	0.316	0.279	0.296	0.296	0.337	0.326	0.332	0.334	0.243	0.306	0.301	0.463	0.309	0.343	2.019	0.722	0.278	0.232	-9112.942
92	8	500	488	0.5201	0.282	0.299	0.284	0.327	0.208	0.300	0.308	0.313	0.368	0.288	0.267	0.309	0.318	0.263	2.028	0.506	0.333	0.162	-8846.908
93	8	500	494	0.5088	0.318	0.306	0.306	0.270	0.301	0.260	0.313	0.300	0.285	0.339	0.304	0.267	0.275	0.317	2.027	0.473	0.219	0.213	-8886.243
94	8	500	494	0.5138	0.355	0.368	0.327	0.294	0.303	0.300	0.310	0.282	0.325	0.292	0.275	0.329	0.317	0.273	1.967	0.481	0.289	0.191	-9079.942
95	8	500	490	0.5168	0.296	0.344	0.334	0.299	0.297	0.300	0.213	0.308	0.284	0.361	0.293	0.387	0.270	0.308	1.999	0.444	0.248	0.201	-8962.906
96	8	500	491	0.5149	0.255	0.210	0.250	0.282	0.326	0.327	0.326	0.279	0.297	0.339	0.321	0.301	0.261	0.254	1.936	0.599	0.275	0.201	-8772.330
97	8	500	495	0.5039	0.239	0.254	0.285	0.304	0.265	0.330	0.277	0.334	0.348	0.302	0.287	0.325	0.286	0.298	1.975	0.524	0.294	0.209	-8878.848
98	8	500	497	0.5179	0.297	0.268	0.320	0.299	0.354	0.258	0.313	0.321	0.279	0.240	0.299	0.277	0.313	0.271	1.929	0.505	0.219	0.184	-8754.031
99	8	500	493	0.5381	0.290	0.368	0.310	0.254	0.320	0.290	0.316	0.326	0.312	0.325	0.265	0.324	0.325	0.287	2.103	0.503	0.220	0.208	-9009.000
100	8	500	490	0.5195	0.292	0.363	0.282	0.290	0.313	0.235	0.290	0.323	0.312	0.303	0.278	0.332	0.279	0.325	1.946	0.479	0.220	0.210	-8968.795
101	8	500	496	0.5185	0.458	0.287	0.269	0.283	0.296	0.335	0.344	0.177	0.286	0.354	0.276	0.318	0.284	0.289	2.094	0.689	0.281	0.208	-8830.432
102	8	500	495	0.5268	0.254	0.283	0.368	0.302	0.291	0.302	0.286	0.235	0.219	0.356	0.338	0.307	0.323	0.280	1.927	0.542	0.263	0.194	-8947.179
103	8	500	494	0.5262	0.362	0.234	0.266	0.290	0.323	0.290	0.293	0.321	0.297	0.295	0.296	0.245	0.225	0.296	1.769	0.644	0.299	0.217	-8812.425
104	8	500	494	0.5288	0.228	0.298	0.308	0.269	0.372	0.289	0.295	0.292	0.379	0.240	0.319	0.261	0.320	0.331	1.913	0.516	0.251	0.199	-8929.429
105	8	500	494	0.4988	0.333	0.285	0.352	0.291	0.311	0.312	0.302	0.363	0.265	0.296	0.304	0.333	0.307	0.287	1.902	0.523	0.278	0.206	-9074.153
106	8	500	493	0.5122	0.324	0.373	0.327	0.301	0.294	0.324	0.359	0.307	0.306	0.271	0.357	0.338	0.344	0.272	2.026	0.429	0.238	0.195	-9185.118
107	8	500	490	0.5159	0.290	0.337	0.304	0.281	0.191	0.282	0.260	0.305	0.395	0.316	0.294	0.284	0.293	0.288	1.915	0.322	0.153	0.222	-8901.484
108	8	500	495	0.5165	0.302	0.328	0.308	0.286	0.289	0.297	0.386	0.279	0.373	0.294	0.332	0.337	0.312	0.288	2.178	0.480	0.264	0.192	-9105.408
109	8	500	492	0.5134	0.316	0.332	0.277	0.287	0.223	0.298	0.328	0.319	0.271	0.311	0.312	0.339	0.288	0.336	2.102	0.593	0.386	0.183	-8910.786
110	8	500	495	0.5126	0.305	0.314	0.257	0.274	0.276	0.292	0.253	0.301	0.319	0.285	0.232	0.344	0.250	0.300	2.061	0.617	0.264	0.188	-8632.938
111	8	500	494	0.4997	0.284	0.346	0.234	0.312	0.376	0.259	0.372	0.322	0.257	0.328	0.324	0.261	0.251	0.291	2.111	0.329	0.118	0.194	-8807.433
112	8	500	497	0.5012	0.367	0.325	0.261	0.327	0.339	0.301	0.366	0.284	0.230	0.323	0.340	0.374	0.318	0.275	2.155	0.468	0.220	0.198	-9108.575
113	8	500	486	0.5218	0.212	0.280	0.276	0.321	0.381	0.326	0.264	0.270	0.251	0.310	0.318	0.264	0.325	0.305	1.982	0.324	0.178	0.213	-8912.954
114	8	500	498	0.5171	0.302	0.257	0.244	0.271	0.286	0.273	0.358	0.252	0.318	0.298	0.319	0.292	0.259	0.330	1.967	0.496	0.196	0.217	-8787.970
115	8	500	492	0.5245	0.355	0.215	0.294	0.310	0.323	0.332	0.314	0.350	0.340	0.291	0.322	0.296	0.289	0.322	2.044	0.458	0.274	0.164	-9070.416
116	8	500	491	0.5140	0.325	0.312	0.258	0.327	0.338	0.309	0.335	0.262	0.278	0.358	0.312	0.273	0.285	0.301	2.126	0.519	0.232	0.216	-9001.478
117	8	500	490	0.5077	0.289	0.264	0.342	0.308	0.252	0.271	0.368	0.271	0.248	0.331	0.287	0.405	0.248	0.306	2.241	0.510	0.210	0.195	-8818.599
118	8	500	491	0.5172	0.257	0.287	0.292	0.243	0.294	0.295	0.304	0.273	0.391	0.319	0.272	0.313	0.273	0.294	2.033	0.504	0.214	0.216	-8869.613
119	8	500	488	0.5222	0.323	0.301	0.284	0.262	0.262	0.283	0.300	0.287	0.317	0.262	0.296	0.348	0.335	0.252	1.967	0.437	0.250	0.214	-8908.351
120	8	500	494	0.5027	0.274	0.372	0.322	0.236	0.275	0.292	0.303	0.320	0.301	0.221	0.293	0.252	0.288	0.297	1.858	0.479	0.187	0.188	-8733.223
121	8	500	494	0.5137	0.253	0.257	0.310	0.307	0.265	0.307	0.308	0.287	0.321	0.308	0.290	0.277	0.264	0.337	1.980	0.582	0.261	0.179	-8792.400
122	8	500	494	0.5179	0.287	0.301	0.286	0.342	0.242	0.262	0.318	0.249	0.292	0.271	0.232	0.307	0.319	0.304	2.002	0.405	0.159	0.208	-8778.669
123	8	500	495	0.5102	0.299	0.307	0.343	0.266	0.360	0.304	0.271	0.242	0.260	0.312	0.228	0.297	0.337	0.267	1.993	0.504	0.168	0.221	-8806.662
124	8	500	496	0.5236	0.267	0.209	0.263	0.263	0.295	0.252	0.383	0.271	0.314	0.331	0.292	0.233	0.281	0.291	2.004	0.359	0.140	0.190	-8644.300
125	8	500	494	0.5203	0.332	0.295	0.243	0.322	0.247	0.335	0.285	0.293	0.321	0.265	0.270	0.251	0.306	0.293	1.806	0.344	0.177	0.206	-8870.756
126	8	500	495	0.5114	0.310	0.223	0.248	0.305	0.362	0.321	0.317	0.295	0.288	0.281	0.274	0.270	0.336	0.310	1.956	0.607	0.278	0.204	-8858.458
127	8	500	492	0.5031	0.284	0.284	0.271	0.270	0.324	0.251	0.322	0.345	0.331	0.296	0.312	0.261	0.309	0.258	1.977	0.594	0.277	0.206	-8866.730
128	8	500	496	0.5440	0.262	0.321	0.329	0.280	0.317	0.382	0.305	0.309	0.317	0.281	0.315	0.265	0.301	0.350	1.984	0.563	0.261	0.220	-9115.015
129	8	500	493	0.5071	0.279	0.315	0.308	0.296	0.280	0.308	0.320	0.342	0.383	0.284	0.298	0.278	0.296	0.325	1.961	0.415	0.237	0.186	-8992.290
130	8	500	493	0.5128	0.290	0.256	0.325	0.291	0.385	0.312	0.307	0.293	0.302	0.331	0.315	0.315	0.337	0.300	1.972	0.490	0.260	0.173	-9051.483
131	8	500	492	0.5115	0.270	0.302	0.345	0.300	0.300	0.255	0.255	0.307	0.296	0.293	0.313	0.250	0.280	0.321	2.138	0.396	0.200	0.189	-8776.089
132	8	500	496	0.4993	0.354	0.343	0.297	0.320	0.273	0.301	0.339	0.305	0.271	0.344	0.308	0.368	0.356	0.297	1.954	0.628	0.314	0.217	-9236.389
133	8	500	493	0.5090	0.274	0.266	0.283	0.288	0.292	0.261	0.308	0.281	0.262	0.299	0.328	0.286	0.236	0.340	1.829	0.558	0.224	0.217	-8771.602
134	8	500	488	0.5137	0.256	0.307	0.325	0.380	0.351	0.338	0.261	0.287	0.387	0.290	0.299	0.282	0.298	0.322	1.836	0.512	0.280	0.184	-9130.833
135	8	500	490	0.5110	0.270	0.260	0.278	0.264	0.309	0.268	0.287	0.258	0.288	0.285	0.298	0.333	0.302	0.258	2.022	0.412	0.227	0.211	-8758.306
136	8	500	495	0.4962	0.261	0.328	0.322	0.299	0.354	0.316	0.252	0.262	0.260	0.299	0.291	0.409	0.271	0.280	2.177	0.425	0.225	0.215	-8961.483
137	8	500	496	0.5130	0.422	0.330	0.228	0.373	0.260	0.244	0.312	0.348	0.255	0.291	0.333	0.358	0.290	0.260	1.943	0.468	0.195	0.197	-8895.522
138	8	500	495	0.5137	0.332	0.282	0.315	0.360	0.309	0.245	0.337	0.312	0.325	0.385	0.299	0.305	0.299	0.250	1.895	0.457	0.238	0.196	-9112.023
139	8	500	494	0.5045	0.298	0.249	0.305	0.357	0.307	0.278	0.276	0.329	0.349	0.246	0.325	0.304	0.276	0.325	2.020	0.497	0.197	0.208	-8895.075
140	8	500	492	0.5072	0.278	0.273	0.288	0.276	0.281	0.292	0.260	0.265	0.329	0.288	0.269	0.310	0.329	0.305	2.059	0.552	0.262	0.193	-8732.517
141	8	500	491	0.5131	0.286	0.321	0.277	0.298	0.246	0.267	0.361	0.274	0.338	0.301	0.305	0.301	0.282	0.283	1.857	0.292	0.144	0.204	-8906.787
142	8	500	488	0.5055	0.279	0.307	0.308	0.338	0.342	0.346	0.235	0.318	0.326	0.301	0.318	0.154	0.280	0.357	1.931	0.376	0.189	0.204	-8985.741
143	8	500	495	0.5049	0.290	0.379	0.353	0.255	0.293	0.309	0.337	0.337	0.280	0.293	0.301	0.320	0.323	0.258	1.975	0.529	0.248	0.204	-9030.131
144	8	500	491	0.4946	0.269	0.266	0.258	0.291	0.325	0.222	0.311	0.276	0.302	0.289	0.285	0.241	0.273	0.316	1.858	0.524	0.290	0.193	-8695.199
145	8	500	494	0.5324	0.269	0.264	0.296	0.287	0.347	0.293	0.365	0.341	0.309	0.291	0.326	0.316	0.284	0.323	1.905	0.483	0.242	0.206	-9114.032
146	8	500	489	0.5133	0.291	0.271	0.324	0.322	0.295	0.329	0.259	0.363	0.296	0.309	0.297	0.301	0.273	0.317	2.191	0.393	0.208	0.203	-8942.103
147	8	500	493	0.5223	0.324	0.263	0.312	0.308	0.275	0.318	0.267	0.323	0.329	0.323	0.247	0.363	0.277	0.284	2.156	0.351	0.219	0.204	-8987.600
148	8	500	490	0.5146	0.342	0.328	0.325	0.274	0.246	0.307	0.280	0.308	0.291	0.315	0.317	0.307	0.257	0.347	1.949	0.577	0.261	0.192	-8881.580
149	8	500	495	0.5024	0.333	0.308	0.290	0.294	0.322	0.328	0.256	0.315	0.272	0.308	0.251	0.245	0.286	0.342	2.144	0.514	0.225	0.197	-8808.048
150	8	500	496	0.5193	0.292	0.207	0.288	0.288	0.382	0.327	0.359	0.368	0.218	0.310	0.325	0.290	0.342	0.375	1.969	0.486	0.267	0.197	-9135.145
151	8	500	498	0.5027	0.319	0.262	0.278	0.305	0.319	0.269	0.284	0.267	0.310	0.324	0.306	0.348	0.305	0.282	2.059	0.541	0.265	0.218	-8983.451
152	8	500	493	0.5152	0.261	0.355	0.291	0.296	0.315	0.373	0.246	0.247	0.308	0.275	0.287	0.255	0.299	0.352	2.125	0.486	0.214	0.200	-8849.343
153	8	500	493	0.5141	0.287	0.310	0.340	0.306	0.295	0.308	0.305	0.276	0.254	0.276	0.310	0.351	0.358	0.282	2.039	0.509	0.287	0.212	-9018.783
154	8	500	492	0.4999	0.283	0.304	0.244	0.289	0.332	0.307	0.236	0.332	0.373	0.319	0.296	0.328	0.277	0.302	2.059	0.335	0.195	0.176	-8859.673
155	8	500	492	0.5036	0.285	0.288	0.294	0.267	0.294	0.271	0.294	0.333	0.327	0.398	0.235	0.289	0.239	0.291	2.051	0.549	0.224	0.219	-8765.034
156	8	500	491	0.5220	0.270	0.280	0.353	0.306	0.314	0.280	0.254	0.255	0.280	0.356	0.321	0.266	0.343	0.386	2.002	0.475	0.316	0.173	-9057.406
157	8	500	493	0.5264	0.369	0.350	0.298	0.292	0.263	0.338	0.293	0.308	0.324	0.327	0.286	0.358	0.268	0.372	2.087	0.634	0.366	0.208	-9113.402
158	8	500	499	0.5070	0.317	0.268	0.238	0.285	0.311	0.334	0.251	0.323	0.311	0.305	0.307	0.289	0.339	0.306	1.894	0.382	0.164	0.216	-8951.135
159	8	500	491	0.5201	0.305	0.272	0.290	0.332	0.256	0.357	0.312	0.283	0.239	0.306	0.267	0.308	0.287	0.320	1.856	0.613	0.387	0.186	-8943.879
160	8	500	495	0.5238	0.312	0.281	0.353	0.323	0.294	0.284	0.266	0.276	0.257	0.355	0.294	0.302	0.317	0.264	2.040	0.378	0.182	0.181	-8852.472
161	8	500	496	0.5159	0.357	0.293	0.261	0.275	0.285	0.317	0.258	0.313	0.290	0.365	0.329	0.223	0.322	0.302	1.969	0.588	0.242	0.214	-8885.940
162	8	500	491	0.5027	0.399	0.357	0.286	0.327	0.318	0.342	0.343	0.149	0.308	0.295	0.285	0.332	0.278	0.310	2.260	0.633	0.363	0.200	-8964.295
163	8	500	496	0.5347	0.257	0.332	0.294	0.296	0.319	0.324	0.365	0.262	0.296	0.339	0.300	0.307	0.366	0.285	1.885	0.492	0.273	0.191	-9177.290
164	8	500	491	0.5160	0.262	0.308	0.262	0.308	0.322	0.252	0.303	0.313	0.310	0.317	0.320	0.248	0.244	0.304	1.983	0.399	0.180	0.197	-8784.516
165	8	500	492	0.5117	0.390	0.289	0.340	0.265	0.257	0.197	0.324	0.303	0.292	0.285	0.322	0.275	0.311	0.298	2.044	0.607	0.298	0.215	-8874.541
166	8	500	489	0.5193	0.294	0.347	0.360	0.312	0.268	0.324	0.348	0.274	0.344	0.307	0.300	0.273	0.328	0.287	1.993	0.406	0.343	0.177	-9233.273
167	8	500	494	0.5148	0.290	0.334	0.372	0.260	0.309	0.244	0.364	0.302	0.388	0.295	0.266	0.272	0.304	0.300	1.661	0.541	0.277	0.216	-9144.600
168	8	500	492	0.5171	0.375	0.303	0.290	0.330	0.291	0.300	0.253	0.302	0.321	0.329	0.275	0.255	0.307	0.239	2.153	0.424	0.221	0.207	-8892.163
169	8	500	484	0.5309	0.260	0.285	0.287	0.329	0.346	0.300	0.239	0.314	0.295	0.285	0.276	0.292	0.312	0.269	2.041	0.454	0.195	0.213	-8778.901
170	8	500	495	0.5137	0.320	0.212	0.235	0.335	0.397	0.286	0.252	0.322	0.289	0.301	0.283	0.323	0.327	0.257	1.879	0.389	0.144	0.220	-8847.214
171	8	500	491	0.5048	0.303	0.318	0.352	0.335	0.249	0.270	0.307	0.289	0.267	0.289	0.278	0.340	0.265	0.348	2.122	0.429	0.168	0.232	-8961.943
172	8	500	493	0.5267	0.316	0.233	0.288	0.301	0.319	0.323	0.286	0.235	0.283	0.288	0.327	0.341	0.284	0.244	2.050	0.358	0.161	0.203	-8849.461
173	8	500	495	0.5088	0.370	0.344	0.279	0.278	0.294	0.259	0.332	0.310	0.322	0.316	0.269	0.318	0.303	0.294	2.001	0.481	0.252	0.194	-8950.594
174	8	500	492	0.5298	0.322	0.282	0.257	0.304	0.296	0.257	0.266	0.315	0.277	0.299	0.316	0.320	0.299	0.298	2.051	0.481	0.269	0.203	-8866.907
175	8	500	493	0.4993	0.357	0.279	0.300	0.362	0.383	0.268	0.262	0.383	0.234	0.365	0.301	0.281	0.304	0.309	2.096	0.439	0.258	0.192	-9039.176
176	8	500	492	0.5268	0.274	0.227	0.269	0.231	0.260	0.310	0.300	0.319	0.275	0.351	0.311	0.353	0.260	0.302	2.183	0.452	0.220	0.185	-8707.597
177	8	500	491	0.5038	0.234	0.314	0.293	0.300	0.276	0.276	0.282	0.307	0.244	0.329	0.275	0.286	0.323	0.234	1.893	0.522	0.270	0.206	-8760.482
178	8	500	494	0.5101	0.328	0.254	0.295	0.303	0.347	0.312	0.340	0.295	0.284	0.290	0.307	0.307	0.307	0.369	2.003	0.501	0.265	0.201	-9030.656
179	8	500	488	0.5120	0.324	0.292	0.273	0.300	0.292	0.365	0.319	0.259	0.264	0.285	0.366	0.294	0.247	0.286	2.025	0.432	0.213	0.182	-8885.244
180	8	500	494	0.5089	0.336	0.170	0.282	0.298	0.404	0.337	0.273	0.253	0.282	0.297	0.271	0.311	0.298	0.264	2.152	0.579	0.226	0.202	-8706.336
181	8	500	490	0.5172	0.260	0.303	0.345	0.316	0.238	0.272	0.294	0.270	0.317	0.280	0.277	0.282	0.294	0.229	2.044	0.571	0.180	0.207	-8689.359
182	8	500	489	0.5122	0.286	0.353	0.326	0.270	0.286	0.270	0.309	0.314	0.368	0.307	0.294	0.291	0.271	0.271	2.046	0.628	0.310	0.210	-8891.109
183	8	500	491	0.5147	0.285	0.296	0.316	0.295	0.264	0.224	0.293	0.356	0.236	0.270	0.280	0.314	0.237	0.305	2.044	0.526	0.259	0.203	-8673.124
184	8	500	489	0.5120	0.342	0.289	0.271	0.277	0.349	0.243	0.263	0.330	0.296	0.292	0.277	0.297	0.364	0.304	1.982	0.559	0.214	0.204	-8809.479
185	8	500	498	0.5132	0.324	0.284	0.352	0.241	0.296	0.328	0.300	0.298	0.296	0.315	0.312	0.409	0.409	0.303	1.925	0.478	0.277	0.232	-9297.110
186	8	500	498	0.5292	0.252	0.308	0.276	0.308	0.300	0.277	0.268	0.323	0.324	0.305	0.370	0.296	0.286	0.284	2.005	0.390	0.152	0.200	-8850.584
187	8	500	493	0.5152	0.249	0.340	0.257	0.300	0.334	0.254	0.325	0.282	0.285	0.255	0.289	0.256	0.321	0.264	1.949	0.506	0.247	0.197	-8743.140
188	8	500	493	0.5168	0.273	0.353	0.373	0.285	0.339	0.280	0.284	0.310	0.290	0.377	0.284	0.282	0.283	0.339	1.970	0.447	0.211	0.212	-9100.559
189	8	500	489	0.5170	0.323	0.314	0.300	0.327	0.349	0.344	0.255	0.307	0.308	0.301	0.349	0.269	0.265	0.360	1.781	0.521	0.296	0.223	-9212.888
190	8	500	495	0.5317	0.267	0.352	0.235	0.280	0.306	0.302	0.354	0.325	0.350	0.281	0.393	0.236	0.275	0.319	2.089	0.615	0.266	0.207	-9006.794
191	8	500	496	0.5348	0.264	0.391	0.308	0.361	0.282	0.337	0.299	0.289	0.342	0.338	0.292	0.343	0.300	0.319	1.967	0.458	0.276	0.177	-9256.825
192	8	500	495	0.5156	0.306	0.355	0.265	0.292	0.309	0.252	0.307	0.304	0.313	0.338	0.319	0.259	0.310	0.288	1.935	0.536	0.233	0.214	-8931.437
193	8	500	496	0.5279	0.346	0.321	0.278	0.302	0.289	0.222	0.365	0.286	0.303	0.302	0.284	0.325	0.268	0.301	2.075	0.581	0.341	0.199	-8926.385
194	8	500	493	0.5190	0.267	0.295	0.329	0.250	0.250	0.306	0.286	0.320	0.380	0.290	0.281	0.295	0.293	0.274	1.878	0.498	0.202	0.205	-8825.095
195	8	500	497	0.5058	0.327	0.316	0.284	0.333	0.324	0.286	0.311	0.325	0.355	0.330	0.300	0.296	0.269	0.220	2.068	0.491	0.257	0.206	-8986.352
196	8	500	494	0.4930	0.292	0.324	0.269	0.237	0.250	0.333	0.303	0.293	0.354	0.257	0.353	0.326	0.247	0.270	2.014	0.414	0.230	0.193	-8816.219
197	8	500	498	0.5061	0.304	0.333	0.317	0.324	0.298	0.316	0.281	0.366	0.259	0.254	0.287	0.351	0.335	0.246	1.908	0.517	0.275	0.218	-9063.048
198	8	500	499	0.5157	0.269	0.358	0.298	0.307	0.268	0.323	0.261	0.308	0.303	0.324	0.263	0.287	0.340	0.314	2.054	0.521	0.282	0.197	-8979.030
199	8	500	493	0.4998	0.289	0.260	0.290	0.313	0.261	0.331	0.311	0.309	0.257	0.304	0.232	0.282	0.297	0.295	2.059	0.550	0.284	0.211	-8807.824
200	8	500	489	0.5108	0.306	0.308	0.268	0.298	0.292	0.341	0.327	0.255	0.335	0.220	0.276	0.261	0.262	0.263	1.951	0.355	0.197	0.190	-8763.169
201	8	500	492	0.5081	0.293	0.291	0.312	0.301	0.286	0.308	0.364	0.292	0.338	0.333	0.280	0.315	0.302	0.347	1.835	0.351	0.185	0.155	-9062.763
202	8	500	495	0.4949	0.335	0.320	0.323	0.301	0.224	0.316	0.272	0.301	0.257	0.322	0.242	0.310	0.303	0.323	2.027	0.516	0.200	0.212	-8825.824
203	8	500	491	0.5222	0.318	0.308	0.294	0.323	0.326	0.288	0.316	0.361	0.322	0.301	0.355	0.219	0.299	0.279	2.221	0.433	0.200	0.195	-8906.040
204	8	500	492	0.5142	0.328	0.338	0.272	0.253	0.217	0.298	0.325	0.331	0.294	0.291	0.358	0.314	0.362	0.282	2.043	0.437	0.220	0.210	-8986.002
205	8	500	495	0.5081	0.248	0.324	0.255	0.291	0.303	0.229	0.343	0.302	0.277	0.286	0.298	0.302	0.328	0.295	1.964	0.490	0.191	0.199	-8809.051
206	8	500	496	0.5109	0.294	0.328	0.278	0.396	0.276	0.309	0.349	0.266	0.367	0.295	0.280	0.328	0.378	0.282	2.005	0.344	0.156	0.202	-9176.274
207	8	500	494	0.5118	0.288	0.356	0.296	0.259	0.281	0.258	0.351	0.235	0.417	0.327	0.296	0.214	0.287	0.334	2.051	0.625	0.272	0.209	-8921.069
208	8	500	495	0.5014	0.307	0.310	0.306	0.276	0.302	0.270	0.300	0.283	0.306	0.305	0.321	0.303	0.268	0.310	2.170	0.491	0.264	0.188	-8836.595
209	8	500	495	0.4891	0.296	0.274	0.321	0.270	0.333	0.272	0.318	0.309	0.291	0.342	0.276	0.267	0.298	0.304	2.049	0.444	0.267	0.216	-8982.498
210	8	500	491	0.5226	0.329	0.268	0.306	0.268	0.292	0.305	0.239	0.256	0.244	0.291	0.272	0.298	0.310	0.265	2.098	0.298	0.167	0.167	-8684.591
211	8	500	491	0.5213	0.315	0.242	0.250	0.284	0.272	0.288	0.280	0.331	0.274	0.286	0.289	0.230	0.306	0.330	1.983	0.342	0.183	0.206	-8792.349
212	8	500	495	0.5111	0.260	0.275	0.260	0.374	0.327	0.313	0.278	0.292	0.280	0.347	0.293	0.331	0.348	0.302	2.017	0.340	0.220	0.195	-9127.597
213	8	500	495	0.5148	0.296	0.309	0.295	0.323	0.271	0.377	0.309	0.306	0.314	0.359	0.326	0.320	0.276	0.273	1.940	0.635	0.236	0.221	-9074.646
214	8	500	497	0.5240	0.315	0.361	0.253	0.270	0.232	0.363	0.302	0.351	0.264	0.289	0.318	0.293	0.349	0.294	2.032	0.454	0.219	0.193	-8976.469
215	8	500	490	0.5157	0.322	0.212	0.288	0.346	0.346	0.283	0.304	0.252	0.282	0.292	0.297	0.341	0.274	0.307	1.973	0.646	0.312	0.196	-8856.109
216	8	500	495	0.5032	0.224	0.336	0.288	0.292	0.321	0.315	0.291	0.306	0.243	0.339	0.355	0.326	0.348	0.289	1.935	0.615	0.345	0.202	-8987.614
217	8	500	493	0.5177	0.350	0.269	0.342	0.314	0.257	0.335	0.255	0.304	0.194	0.304	0.308	0.343	0.233	0.316	2.146	0.516	0.268	0.182	-8780.462
218	8	500	487	0.5068	0.302	0.341	0.379	0.326	0.368	0.359	0.299	0.246	0.298	0.366	0.287	0.261	0.334	0.324	2.076	0.472	0.295	0.171	-9116.948
219	8	500	494	0.5068	0.281	0.331	0.308	0.290	0.315	0.259	0.300	0.300	0.225	0.310	0.294	0.278	0.328	0.262	2.011	0.565	0.238	0.170	-8642.521
220	8	500	494	0.4983	0.352	0.361	0.293	0.259	0.290	0.299	0.301	0.313	0.362	0.265	0.249	0.340	0.269	0.388	2.016	0.487	0.263	0.190	-8973.653
221	8	500	494	0.5312	0.351	0.275	0.290	0.255	0.306	0.275	0.253	0.275	0.255	0.288	0.263	0.234	0.268	0.345	2.100	0.633	0.269	0.208	-8655.835
222	8	500	492	0.5072	0.247	0.264	0.313	0.271	0.311	0.325	0.365	0.248	0.241	0.314	0.306	0.349	0.280	0.289	1.968	0.497	0.295	0.183	-8892.390
223	8	500	489	0.5066	0.258	0.334	0.246	0.326	0.257	0.293	0.252	0.237	0.381	0.321	0.241	0.341	0.320	0.306	1.851	0.483	0.257	0.192	-8824.332
224	8	500	485	0.4997	0.296	0.284	0.314	0.322	0.353	0.311	0.332	0.307	0.308	0.284	0.299	0.291	0.347	0.278	1.917	0.502	0.261	0.207	-9090.704
225	8	500	494	0.5295	0.311	0.276	0.286	0.306	0.297	0.320	0.271	0.363	0.267	0.266	0.278	0.282	0.301	0.330	1.989	0.536	0.232	0.210	-8895.282
226	8	500	490	0.5078	0.270	0.281	0.309	0.281	0.287	0.311	0.306	0.282	0.277	0.332	0.280	0.310	0.333	0.257	1.936	0.547	0.297	0.201	-8862.340
227	8	500	492	0.5113	0.295	0.271	0.275	0.291	0.342	0.268	0.345	0.287	0.306	0.295	0.229	0.298	0.293	0.291	1.991	0.361	0.145	0.247	-8888.030
228	8	500	496	0.5324	0.281	0.282	0.307	0.325	0.283	0.313	0.285	0.296	0.326	0.357	0.363	0.286	0.280	0.315	2.020	0.479	0.344	0.199	-9135.965
229	8	500	487	0.4933	0.289	0.276	0.304	0.343	0.330	0.304	0.303	0.314	0.364	0.250	0.338	0.303	0.252	0.298	2.049	0.372	0.262	0.181	-8981.366
230	8	500	493	0.5132	0.281	0.330	0.271	0.315	0.355	0.233	0.264	0.302	0.304	0.321	0.334	0.337	0.298	0.338	2.055	0.497	0.275	0.218	-9040.144
231	8	500	490	0.5238	0.320	0.237	0.260	0.305	0.287	0.278	0.314	0.342	0.245	0.277	0.289	0.260	0.296	0.284	2.101	0.489	0.196	0.208	-8668.230
232	8	500	492	0.5183	0.322	0.272	0.344	0.308	0.295	0.330	0.238	0.341	0.286	0.290	0.323	0.309	0.269	0.315	2.018	0.513	0.268	0.176	-8933.504
233	8	500	491	0.5162	0.321	0.279	0.289	0.310	0.353	0.294	0.262	0.333	0.251	0.326	0.204	0.351	0.316	0.264	2.030	0.631	0.281	0.210	-8818.085
234	8	500	495	0.5196	0.232	0.288	0.296	0.329	0.246	0.324	0.290	0.321	0.372	0.310	0.337	0.296	0.380	0.225	1.759	0.499	0.277	0.198	-9073.266
235	8	500	492	0.5239	0.334	0.320	0.378	0.272	0.260	0.373	0.260	0.315	0.292	0.321	0.313	0.323	0.313	0.275	1.810	0.487	0.294	0.169	-9051.558
236	8	500	499	0.5108	0.314	0.298	0.288	0.284	0.288	0.341	0.330	0.330	0.349	0.304	0.308	0.275	0.332	0.267	2.238	0.515	0.298	0.200	-9030.958
237	8	500	489	0.5172	0.259	0.306	0.379	0.248	0.302	0.266	0.220	0.291	0.297	0.353	0.275	0.331	0.243	0.253	2.103	0.538	0.335	0.191	-8753.253
238	8	500	495	0.5058	0.286	0.271	0.299	0.301	0.330	0.281	0.275	0.369	0.283	0.264	0.303	0.302	0.322	0.314	2.038	0.495	0.237	0.213	-8942.436
239	8	500	490	0.5186	0.279	0.310	0.295	0.291	0.269	0.301	0.281	0.276	0.302	0.239	0.295	0.283	0.334	0.291	1.858	0.508	0.241	0.203	-8829.454
240	8	500	491	0.5257	0.234	0.231	0.296	0.256	0.285	0.304	0.343	0.321	0.322	0.337	0.306	0.269	0.317	0.299	2.036	0.429	0.216	0.195	-8891.697
241	8	500	499	0.5147	0.351	0.210	0.311	0.339	0.394	0.329	0.294	0.360	0.314	0.294	0.270	0.309	0.279	0.295	2.105	0.435	0.258	0.188	-9055.055
242	8	500	493	0.5149	0.368	0.266	0.306	0.317	0.270	0.325	0.288	0.311	0.252	0.222	0.288	0.347	0.314	0.302	1.973	0.529	0.298	0.168	-8799.330
243	8	500	497	0.5109	0.263	0.290	0.269	0.332	0.301	0.276	0.315	0.244	0.295	0.267	0.342	0.308	0.257	0.345	1.935	0.469	0.207	0.192	-8819.451
244	8	500	495	0.4998	0.313	0.234	0.315	0.270	0.262	0.288	0.327	0.312	0.305	0.307	0.301	0.261	0.313	0.308	1.902	0.594	0.313	0.221	-8914.321
245	8	500	495	0.5098	0.315	0.308	0.258	0.247	0.327	0.301	0.319	0.296	0.362	0.244	0.269	0.283	0.276	0.300	1.954	0.688	0.312	0.222	-8837.028
246	8	500	495	0.5041	0.289	0.333	0.302	0.292	0.285	0.329	0.307	0.244	0.323	0.271	0.313	0.194	0.326	0.337	1.926	0.397	0.201	0.213	-9003.576
247	8	500	497	0.5144	0.316	0.276	0.281	0.294	0.290	0.287	0.313	0.259	0.306	0.266	0.362	0.364	0.275	0.250	2.056	0.314	0.192	0.197	-8918.711
248	8	500	493	0.5090	0.306	0.366	0.278	0.309	0.209	0.285	0.384	0.346	0.354	0.303	0.297	0.330	0.303	0.311	1.773	0.523	0.276	0.199	-9138.321
249	8	500	491	0.5121	0.336	0.237	0.335	0.313	0.289	0.285	0.282	0.302	0.277	0.301	0.290	0.297	0.327	0.328	2.118	0.506	0.299	0.193	-8948.113
250	8	500	495	0.5167	0.277	0.299	0.273	0.300	0.308	0.345	0.281	0.258	0.285	0.241	0.350	0.328	0.233	0.253	1.829	0.421	0.168	0.229	-8875.079
251	8	500	491	0.5128	0.283	0.255	0.212	0.289	0.326	0.335	0.273	0.228	0.229	0.274	0.309	0.309	0.308	0.277	2.040	0.274	0.156	0.169	-8628.817
252	8	500	495	0.5056	0.302	0.263	0.239	0.286	0.298	0.265	0.279	0.308	0.321	0.288	0.274	0.244	0.295	0.270	1.924	0.425	0.274	0.187	-8721.344
253	8	500	489	0.5081	0.230	0.321	0.238	0.357	0.269	0.343	0.249	0.292	0.285	0.332	0.262	0.326	0.368	0.286	2.026	0.541	0.272	0.203	-8874.170
254	8	500	491	0.5058	0.310	0.271	0.296	0.286	0.311	0.288	0.342	0.303	0.350	0.301	0.314	0.341	0.293	0.318	2.114	0.480	0.326	0.209	-9106.210
255	8	500	491	0.5213	0.298	0.330	0.299	0.219	0.341	0.356	0.297	0.338	0.241	0.329	0.279	0.310	0.325	0.258	1.972	0.504	0.281	0.189	-8932.462
256	8	500	496	0.5379	0.263	0.302	0.306	0.221	0.243	0.278	0.339	0.279	0.259	0.328	0.312	0.329	0.297	0.292	1.825	0.483	0.202	0.178	-8791.408
257	8	500	493	0.5270	0.303	0.258	0.318	0.229	0.240	0.348	0.320	0.297	0.259	0.285	0.237	0.314	0.293	0.325	1.986	0.565	0.274	0.208	-8783.085
258	8	500	494	0.5208	0.246	0.266	0.306	0.258	0.206	0.338	0.283	0.289	0.349	0.300	0.321	0.330	0.262	0.311	1.908	0.680	0.304	0.217	-8845.119
259	8	500	494	0.5132	0.500	0.261	0.343	0.278	0.285	0.346	0.336	0.128	0.316	0.267	0.306	0.299	0.245	0.293	1.903	0.633	0.297	0.221	-8922.111
260	8	500	497	0.5427	0.342	0.298	0.293	0.334	0.234	0.300	0.317	0.295	0.337	0.301	0.259	0.275	0.302	0.252	1.953	0.511	0.267	0.220	-8933.543
261	8	500	491	0.5162	0.301	0.286	0.214	0.320	0.281	0.267	0.341	0.250	0.236	0.297	0.287	0.318	0.327	0.289	1.993	0.395	0.162	0.195	-8690.493
262	8	500	495	0.5088	0.283	0.382	0.296	0.214	0.253	0.286	0.248	0.310	0.214	0.323	0.281	0.373	0.297	0.244	2.114	0.481	0.220	0.219	-8735.551
263	8	500	490	0.5291	0.319	0.280	0.352	0.286	0.367	0.317	0.308	0.263	0.380	0.276	0.313	0.228	0.320	0.301	2.030	0.457	0.211	0.196	-9008.587
264	8	500	495	0.5112	0.318	0.291	0.255	0.316	0.265	0.303	0.327	0.250	0.317	0.329	0.278	0.282	0.291	0.329	1.926	0.273	0.155	0.192	-8953.633
265	8	500	495	0.5270	0.301	0.308	0.275	0.390	0.244	0.284	0.300	0.314	0.320	0.300	0.371	0.305	0.303	0.314	2.027	0.525	0.239	0.197	-9049.341
266	8	500	495	0.5322	0.335	0.280	0.277	0.334	0.262	0.297	0.351	0.313	0.301	0.302	0.282	0.278	0.295	0.341	2.029	0.449	0.244	0.195	-9008.724
267	8	500	490	0.5129	0.338	0.333	0.246	0.310	0.385	0.303	0.309	0.336	0.324	0.345	0.304	0.272	0.242	0.268	1.974	0.416	0.219	0.203	-8990.931
268	8	500	493	0.5024	0.301	0.326	0.294	0.283	0.280	0.235	0.296	0.277	0.270	0.302	0.328	0.324	0.309	0.271	1.875	0.446	0.171	0.207	-8795.279
269	8	500	491	0.5348	0.325	0.335	0.267	0.258	0.269	0.315	0.307	0.336	0.265	0.323	0.281	0.246	0.317	0.349	1.959	0.511	0.278	0.172	-8917.540
270	8	500	496	0.5338	0.299	0.286	0.298	0.255	0.297	0.270	0.355	0.326	0.301	0.287	0.301	0.258	0.250	0.316	1.930	0.497	0.246	0.191	-8874.005
271	8	500	493	0.5187	0.279	0.304	0.302	0.301	0.278	0.287	0.276	0.264	0.297	0.280	0.321	0.259	0.253	0.310	1.977	0.409	0.207	0.216	-8833.852
272	8	500	490	0.5438	0.281	0.308	0.290	0.290	0.328	0.329	0.326	0.291	0.286	0.301	0.329	0.301	0.259	0.322	1.919	0.551	0.371	0.179	-9000.769
273	8	500	493	0.5122	0.295	0.402	0.225	0.314	0.247	0.312	0.295	0.247	0.335	0.271	0.224	0.301	0.301	0.298	2.072	0.282	0.111	0.210	-8778.405
274	8	500	492	0.5182	0.273	0.272	0.309	0.241	0.295	0.267	0.321	0.268	0.281	0.242	0.266	0.307	0.259	0.307	1.939	0.494	0.235	0.206	-8691.273
275	8	500	494	0.5335	0.231	0.211	0.282	0.305	0.241	0.346	0.315	0.311	0.269	0.317	0.303	0.288	0.327	0.273	1.923	0.583	0.287	0.184	-8802.343
276	8	500	497	0.5318	0.312	0.245	0.333	0.315	0.311	0.322	0.362	0.358	0.333	0.352	0.245	0.273	0.301	0.286	2.116	0.527	0.309	0.179	-9024.010
277	8	500	486	0.5349	0.272	0.315	0.252	0.308	0.333	0.315	0.285	0.293	0.222	0.281	0.308	0.351	0.308	0.325	1.967	0.421	0.232	0.187	-8917.802
278	8	500	496	0.5220	0.294	0.255	0.288	0.296	0.293	0.319	0.324	0.329	0.234	0.314	0.312	0.252	0.256	0.320	1.792	0.591	0.236	0.227	-8904.372
279	8	500	497	0.5149	0.335	0.304	0.285	0.341	0.240	0.372	0.301	0.283	0.243	0.309	0.408	0.284	0.281	0.270	2.020	0.491	0.221	0.191	-8967.011
280	8	500	497	0.5173	0.353	0.217	0.284	0.313	0.302	0.328	0.277	0.332	0.248	0.260	0.319	0.373	0.271	0.395	2.146	0.488	0.257	0.203	-8966.097
281	8	500	491	0.5130	0.305	0.230	0.297	0.335	0.318	0.301	0.290	0.322	0.239	0.332	0.321	0.421	0.343	0.301	2.099	0.500	0.393	0.184	-9105.363
282	8	500	492	0.5142	0.277	0.243	0.247	0.302	0.307	0.255	0.297	0.263	0.290	0.299	0.345	0.287	0.211	0.273	2.009	0.552	0.248	0.189	-8631.845
283	8	500	498	0.4925	0.312	0.335	0.243	0.326	0.270	0.298	0.322	0.381	0.297	0.319	0.315	0.356	0.269	0.270	1.929	0.497	0.286	0.172	-8949.457
284	8	500	491	0.5326	0.295	0.307	0.325	0.280	0.347	0.352	0.298	0.355	0.246	0.222	0.323	0.311	0.314	0.298	2.025	0.428	0.328	0.150	-8975.840
285	8	500	497	0.5295	0.311	0.326	0.278	0.301	0.348	0.294	0.316	0.279	0.289	0.260	0.304	0.288	0.279	0.342	2.052	0.533	0.290	0.189	-8965.453
286	8	500	490	0.5141	0.000	0.272	0.327	0.279	0.306	0.351	0.258	0.595	0.266	0.271	0.290	0.255	0.328	0.324	2.087	0.654	0.345	0.179	-8797.033
287	8	500	490	0.5149	0.314	0.206	0.271	0.299	0.285	0.301	0.331	0.237	0.341	0.259	0.326	0.237	0.291	0.314	1.907	0.587	0.293	0.229	-8887.803
288	8	500	493	0.5186	0.309	0.257	0.338	0.370	0.268	0.306	0.271	0.271	0.318	0.341	0.276	0.228	0.320	0.260	1.971	0.639	0.221	0.191	-8800.959
289	8	500	493	0.5228	0.338	0.256	0.282	0.269	0.245	0.318	0.308	0.377	0.291	0.230	0.285	0.286	0.307	0.254	2.050	0.606	0.282	0.216	-8795.725
290	8	500	494	0.5038	0.304	0.329	0.337	0.301	0.360	0.304	0.299	0.327	0.299	0.346	0.278	0.322	0.265	0.345	2.047	0.532	0.289	0.181	-9065.367
291	8	500	493	0.4940	0.345	0.303	0.259	0.341	0.332	0.274	0.259	0.316	0.248	0.318	0.222	0.290	0.353	0.251	2.037	0.454	0.189	0.201	-8752.844
292	8	500	492	0.5070	0.325	0.354	0.277	0.294	0.237	0.321	0.309	0.241	0.303	0.289	0.292	0.303	0.321	0.307	2.020	0.550	0.280	0.191	-8895.677
293	8	500	489	0.5043	0.590	0.318	0.318	0.273	0.309	0.304	0.295	0.005	0.322	0.282	0.341	0.246	0.270	0.284	1.997	0.550	0.346	0.172	-8863.945
294	8	500	499	0.5148	0.312	0.230	0.319	0.308	0.325	0.342	0.291	0.267	0.328	0.312	0.312	0.280	0.276	0.381	2.112	0.485	0.242	0.215	-9098.572
295	8	500	496	0.5239	0.362	0.281	0.236	0.293	0.300	0.361	0.221	0.295	0.330	0.247	0.350	0.253	0.291	0.293	1.910	0.412	0.276	0.187	-8903.391
296	8	500	489	0.5185	0.289	0.281	0.242	0.351	0.297	0.314	0.235	0.316	0.242	0.275	0.327	0.350	0.303	0.292	2.173	0.596	0.323	0.184	-8772.780
297	8	500	494	0.5370	0.318	0.347	0.269	0.294	0.275	0.315	0.231	0.311	0.281	0.259	0.283	0.314	0.281	0.271	2.014	0.494	0.242	0.200	-8765.180
298	8	500	489	0.5145	0.311	0.294	0.300	0.305	0.312	0.272	0.332	0.347	0.265	0.321	0.273	0.329	0.298	0.323	2.000	0.366	0.184	0.194	-8970.944
299	8	500	497	0.5025	0.303	0.272	0.274	0.395	0.297	0.246	0.252	0.315	0.341	0.347	0.309	0.339	0.217	0.333	1.977	0.417	0.177	0.207	-8929.923
300	8	500	496	0.5134	0.388	0.311	0.334	0.283	0.258	0.258	0.262	0.336	0.358	0.360	0.294	0.292	0.335	0.297	1.995	0.488	0.237	0.217	-9107.524
301	8	500	494	0.5230	0.325	0.371	0.285	0.303	0.270	0.317	0.279	0.317	0.234	0.314	0.366	0.348	0.305	0.277	2.013	0.321	0.161	0.194	-9032.618
302	8	500	495	0.4954	0.351	0.290	0.389	0.286	0.291	0.326	0.263	0.352	0.301	0.257	0.279	0.277	0.373	0.337	2.136	0.471	0.262	0.197	-9011.246
303	8	500	490	0.5065	0.316	0.356	0.340	0.288	0.232	0.284	0.347	0.350	0.292	0.280	0.359	0.296	0.298	0.273	2.073	0.400	0.205	0.203	-9054.702
304	8	500	488	0.5312	0.233	0.210	0.284	0.291	0.287	0.276	0.289	0.254	0.257	0.290	0.269	0.324	0.276	0.279	1.909	0.702	0.298	0.224	-8604.776
305	8	500	494	0.5166	0.273	0.317	0.280	0.294	0.367	0.270	0.267	0.270	0.261	0.306	0.337	0.354	0.321	0.238	2.049	0.502	0.246	0.182	-8834.951
306	8	500	496	0.5264	0.280	0.334	0.299	0.295	0.273	0.302	0.325	0.340	0.251	0.305	0.311	0.274	0.287	0.294	2.051	0.532	0.278	0.194	-8935.052
307	8	500	490	0.5212	0.269	0.325	0.245	0.269	0.266	0.362	0.336	0.256	0.362	0.231	0.291	0.277	0.311	0.309	2.024	0.454	0.181	0.183	-8713.182
308	8	500	494	0.5007	0.268	0.316	0.251	0.347	0.241	0.326	0.247	0.316	0.315	0.228	0.274	0.301	0.297	0.315	2.062	0.608	0.260	0.207	-8709.289
309	8	500	495	0.5123	0.254	0.261	0.353	0.318	0.365	0.247	0.321	0.312	0.391	0.284	0.330	0.308	0.326	0.335	2.275	0.463	0.255	0.192	-9124.620
310	8	500	492	0.5118	0.327	0.238	0.340	0.256	0.397	0.259	0.322	0.347	0.218	0.327	0.288	0.272	0.303	0.350	1.871	0.611	0.346	0.191	-8967.341
311	8	500	491	0.5217	0.290	0.324	0.312	0.274	0.307	0.357	0.281	0.290	0.275	0.264	0.332	0.376	0.338	0.291	1.968	0.541	0.352	0.185	-9053.838
312	8	500	492	0.4978	0.349	0.305	0.321	0.251	0.348	0.244	0.325	0.311	0.357	0.339	0.271	0.291	0.280	0.323	2.092	0.481	0.307	0.184	-8987.478
313	8	500	488	0.5063	0.292	0.286	0.292	0.246	0.294	0.273	0.276	0.271	0.278	0.286	0.285	0.301	0.257	0.269	2.042	0.491	0.294	0.182	-8670.409
314	8	500	492	0.5032	0.272	0.270	0.269	0.327	0.334	0.284	0.284	0.331	0.256	0.292	0.288	0.337	0.315	0.282	2.222	0.530	0.212	0.191	-8701.468
315	8	500	495	0.5337	0.321	0.314	0.341	0.237	0.320	0.298	0.329	0.290	0.293	0.313	0.292	0.244	0.332	0.292	1.953	0.577	0.266	0.186	-8921.551
316	8	500	494	0.5032	0.348	0.310	0.275	0.321	0.248	0.268	0.325	0.310	0.229	0.303	0.333	0.301	0.323	0.261	1.927	0.522	0.187	0.210	-8814.953
317	8	500	493	0.5087	0.312	0.250	0.324	0.295	0.253	0.256	0.277	0.294	0.276	0.244	0.239	0.313	0.265	0.321	1.743	0.570	0.295	0.191	-8688.305
318	8	500	495	0.5172	0.260	0.295	0.265	0.300	0.302	0.292	0.287	0.259	0.319	0.292	0.332	0.280	0.305	0.293	1.949	0.270	0.136	0.198	-8904.815
319	8	500	492	0.5055	0.244	0.268	0.311	0.311	0.280	0.332	0.302	0.208	0.317	0.316	0.295	0.295	0.345	0.284	2.020	0.481	0.234	0.195	-8857.884
320	8	500	489	0.5164	0.311	0.282	0.320	0.284	0.337	0.337	0.266	0.359	0.280	0.351	0.288	0.347	0.301	0.284	2.046	0.621	0.367	0.200	-9027.390
321	8	500	491	0.5037	0.275	0.243	0.304	0.240	0.357	0.296	0.293	0.303	0.348	0.345	0.312	0.297	0.302	0.294	1.836	0.565	0.303	0.196	-8936.602
322	8	500	497	0.5042	0.272	0.280	0.372	0.265	0.281	0.274	0.307	0.299	0.278	0.271	0.363	0.318	0.322	0.280	2.124	0.535	0.267	0.195	-8875.312
323	8	500	497	0.5131	0.265	0.334	0.328	0.275	0.319	0.248	0.350	0.266	0.262	0.301	0.241	0.305	0.296	0.267	2.060	0.423	0.220	0.217	-8863.665
324	8	500	486	0.5083	0.258	0.246	0.310	0.342	0.328	0.318	0.307	0.308	0.305	0.242	0.302	0.314	0.328	0.296	2.105	0.511	0.327	0.174	-8927.345
325	8	500	494	0.5246	0.307	0.344	0.281	0.353	0.271	0.266	0.321	0.298	0.306	0.288	0.305	0.281	0.302	0.353	2.094	0.530	0.291	0.204	-9016.143
326	8	500	490	0.5249	0.267	0.313	0.295	0.248	0.351	0.327	0.256	0.262	0.234	0.221	0.310	0.386	0.332	0.275	1.839	0.518	0.307	0.185	-8839.440
327	8	500	494	0.5123	0.294	0.283	0.260	0.295	0.328	0.265	0.304	0.247	0.298	0.321	0.270	0.303	0.349	0.303	2.047	0.542	0.258	0.217	-8889.302
328	8	500	496	0.5119	0.264	0.319	0.247	0.306	0.302	0.273	0.337	0.349	0.382	0.362	0.285	0.249	0.301	0.259	1.929	0.482	0.207	0.193	-8899.817
329	8	500	488	0.5164	0.263	0.258	0.302	0.283	0.324	0.301	0.265	0.273	0.279	0.254	0.346	0.261	0.307	0.261	2.077	0.569	0.281	0.203	-8709.563
330	8	500	494	0.5071	0.209	0.307	0.293	0.264	0.296	0.325	0.295	0.269	0.287	0.295	0.269	0.338	0.314	0.256	1.813	0.469	0.248	0.200	-8872.373
331	8	500	491	0.5045	0.345	0.313	0.261	0.267	0.306	0.319	0.212	0.303	0.280	0.364	0.301	0.327	0.263	0.298	2.129	0.451	0.229	0.225	-8906.188
332	8	500	499	0.5081	0.329	0.292	0.354	0.284	0.281	0.365	0.320	0.265	0.307	0.283	0.326	0.249	0.331	0.336	1.897	0.528	0.242	0.225	-9177.520
333	8	500	493	0.5182	0.237	0.280	0.263	0.334	0.252	0.274	0.286	0.288	0.255	0.334	0.304	0.317	0.337	0.285	2.209	0.525	0.309	0.185	-8792.620
334	8	500	490	0.5178	0.241	0.386	0.273	0.267	0.271	0.263	0.336	0.233	0.271	0.290	0.316	0.300	0.313	0.249	1.930	0.603	0.254	0.221	-8786.775
335	8	500	490	0.5012	0.261	0.241	0.242	0.285	0.416	0.304	0.276	0.353	0.312	0.376	0.278	0.333	0.296	0.305	1.799	0.639	0.250	0.203	-8853.959
336	8	500	496	0.5152	0.328	0.337	0.295	0.287	0.267	0.286	0.277	0.256	0.342	0.318	0.310	0.358	0.334	0.285	1.955	0.425	0.212	0.192	-8995.450
337	8	500	493	0.5164	0.314	0.339	0.345	0.280	0.313	0.275	0.324	0.283	0.333	0.276	0.293	0.298	0.330	0.357	2.052	0.456	0.231	0.177	-9015.777
338	8	500	496	0.5068	0.279	0.320	0.302	0.269	0.239	0.318	0.299	0.285	0.302	0.332	0.283	0.346	0.287	0.255	2.121	0.384	0.268	0.172	-8914.656
339	8	500	492	0.5132	0.270	0.296	0.307	0.341	0.284	0.280	0.278	0.261	0.297	0.332	0.239	0.286	0.305	0.298	1.980	0.455	0.168	0.183	-8723.102
340	8	500	493	0.5132	0.313	0.312	0.256	0.314	0.323	0.282	0.292	0.336	0.288	0.312	0.349	0.309	0.268	0.301	1.906	0.417	0.226	0.179	-8946.265
341	8	500	495	0.5313	0.274	0.395	0.337	0.263	0.251	0.332	0.334	0.289	0.308	0.281	0.354	0.344	0.300	0.294	1.871	0.582	0.271	0.179	-9017.956
342	8	500	493	0.4967	0.281	0.302	0.268	0.278	0.350	0.310	0.324	0.329	0.263	0.300	0.307	0.379	0.297	0.294	1.989	0.505	0.272	0.205	-9012.043
343	8	500	498	0.4981	0.309	0.293	0.318	0.335	0.313	0.276	0.341	0.282	0.309	0.274	0.276	0.293	0.263	0.326	1.909	0.535	0.225	0.215	-8947.345
344	8	500	496	0.5277	0.285	0.345	0.311	0.274	0.286	0.324	0.276	0.275	0.328	0.279	0.289	0.362	0.302	0.312	2.118	0.437	0.213	0.199	-9002.237
345	8	500	492	0.5146	0.257	0.237	0.230	0.330	0.306	0.260	0.280	0.352	0.274	0.315	0.324	0.309	0.263	0.279	1.992	0.411	0.238	0.179	-8727.593
346	8	500	492	0.5125	0.076	0.229	0.331	0.274	0.310	0.301	0.323	0.450	0.322	0.326	0.270	0.290	0.303	0.300	2.036	0.616	0.326	0.212	-8921.796
347	8	500	490	0.5203	0.302	0.379	0.233	0.321	0.264	0.324	0.306	0.241	0.349	0.324	0.248	0.289	0.231	0.374	1.882	0.489	0.235	0.174	-8869.156
348	8	500	491	0.4983	0.319	0.236	0.282	0.304	0.285	0.286	0.293	0.305	0.316	0.223	0.280	0.257	0.308	0.298	2.189	0.621	0.249	0.223	-8658.230
349	8	500	493	0.5316	0.338	0.334	0.291	0.264	0.254	0.292	0.297	0.348	0.349	0.218	0.292	0.284	0.267	0.332	1.900	0.463	0.297	0.179	-8877.000
350	8	500	496	0.5256	0.331	0.244	0.314	0.230	0.344	0.298	0.280	0.325	0.224	0.298	0.309	0.391	0.322	0.277	1.860	0.392	0.200	0.192	-8941.658
351	8	500	496	0.5107	0.000	0.263	0.290	0.295	0.299	0.308	0.243	0.556	0.248	0.272	0.319	0.325	0.337	0.309	1.950	0.651	0.276	0.228	-8893.422
352	8	500	494	0.5106	0.289	0.302	0.322	0.294	0.337	0.302	0.334	0.302	0.359	0.303	0.261	0.292	0.338	0.252	2.052	0.391	0.187	0.168	-8870.283
353	8	500	495	0.5281	0.371	0.322	0.288	0.350	0.278	0.364	0.288	0.341	0.291	0.356	0.272	0.319	0.285	0.337	2.054	0.560	0.264	0.196	-9077.002
354	8	500	495	0.5288	0.243	0.327	0.303	0.325	0.228	0.289	0.305	0.262	0.379	0.331	0.243	0.321	0.327	0.300	2.085	0.482	0.301	0.204	-9022.962
355	8	500	489	0.5197	0.309	0.312	0.291	0.314	0.301	0.261	0.319	0.328	0.288	0.304	0.336	0.276	0.275	0.270	1.847	0.453	0.228	0.183	-8907.065
356	8	500	489	0.5048	0.258	0.338	0.270	0.289	0.347	0.309	0.281	0.301	0.358	0.286	0.317	0.310	0.293	0.319	2.230	0.490	0.291	0.204	-8979.144
357	8	500	495	0.5081	0.308	0.301	0.283	0.308	0.274	0.267	0.277	0.346	0.299	0.348	0.377	0.310	0.286	0.313	2.048	0.317	0.155	0.198	-8986.524
358	8	500	491	0.5128	0.365	0.293	0.285	0.342	0.358	0.285	0.276	0.296	0.328	0.267	0.299	0.293	0.263	0.408	1.965	0.449	0.235	0.206	-9113.754
359	8	500	495	0.5243	0.264	0.314	0.282	0.295	0.216	0.252	0.311	0.354	0.247	0.304	0.308	0.250	0.279	0.294	2.108	0.516	0.269	0.189	-8719.450
360	8	500	496	0.4957	0.317	0.241	0.317	0.368	0.354	0.289	0.275	0.350	0.281	0.272	0.293	0.324	0.307	0.329	1.889	0.474	0.214	0.192	-8974.785
361	8	500	487	0.5181	0.297	0.330	0.269	0.313	0.288	0.330	0.319	0.289	0.342	0.278	0.261	0.303	0.283	0.298	1.910	0.475	0.269	0.174	-8905.649
362	8	500	495	0.5153	0.260	0.374	0.343	0.291	0.367	0.245	0.316	0.298	0.310	0.311	0.330	0.330	0.302	0.320	2.052	0.553	0.238	0.214	-9096.211
363	8	500	492	0.5083	0.320	0.270	0.256	0.324	0.300	0.284	0.263	0.312	0.260	0.313	0.259	0.266	0.306	0.288	2.045	0.523	0.201	0.199	-8670.063
364	8	500	498	0.5192	0.280	0.266	0.327	0.257	0.282	0.324	0.267	0.270	0.287	0.327	0.268	0.301	0.324	0.317	2.075	0.611	0.294	0.224	-8912.624
365	8	500	499	0.5001	0.288	0.334	0.364	0.288	0.332	0.250	0.281	0.318	0.260	0.283	0.284	0.293	0.230	0.313	2.046	0.573	0.224	0.207	-8773.328
366	8	500	489	0.5006	0.348	0.300	0.272	0.299	0.286	0.298	0.420	0.333	0.255	0.260	0.327	0.340	0.261	0.364	1.960	0.537	0.302	0.176	-8977.059
367	8	500	495	0.5096	0.287	0.324	0.310	0.330	0.335	0.261	0.262	0.307	0.302	0.276	0.297	0.328	0.266	0.298	2.097	0.485	0.287	0.173	-8816.267
368	8	500	494	0.5070	0.325	0.245	0.309	0.286	0.296	0.300	0.273	0.331	0.350	0.316	0.310	0.248	0.298	0.264	2.181	0.466	0.223	0.188	-8790.981
369	8	500	493	0.5155	0.304	0.289	0.267	0.301	0.300	0.228	0.339	0.268	0.310	0.340	0.246	0.289	0.343	0.278	1.926	0.409	0.213	0.178	-8825.692
370	8	500	494	0.5116	0.276	0.305	0.254	0.315	0.387	0.331	0.247	0.274	0.258	0.259	0.289	0.350	0.314	0.275	1.996	0.423	0.191	0.186	-8841.571
371	8	500	494	0.5403	0.354	0.261	0.305	0.334	0.286	0.269	0.352	0.356	0.293	0.300	0.251	0.339	0.272	0.345	1.863	0.472	0.245	0.184	-8988.727
372	8	500	488	0.5120	0.240	0.284	0.295	0.292	0.304	0.348	0.248	0.271	0.273	0.321	0.287	0.263	0.294	0.267	2.135	0.375	0.231	0.164	-8756.204
373	8	500	490	0.5035	0.251	0.318	0.270	0.317	0.321	0.268	0.338	0.325	0.331	0.338	0.247	0.312	0.282	0.335	1.879	0.518	0.325	0.174	-8961.167
374	8	500	492	0.5269	0.367	0.261	0.267	0.271	0.290	0.261	0.309	0.316	0.321	0.266	0.354	0.263	0.310	0.320	1.797	0.441	0.199	0.223	-8989.713
375	8	500	494	0.4985	0.331	0.269	0.331	0.251	0.296	0.277	0.289	0.292	0.290	0.329	0.273	0.322	0.253	0.318	1.720	0.616	0.322	0.201	-8916.950
376	8	500	496	0.5330	0.341	0.248	0.299	0.303	0.354	0.282	0.296	0.354	0.309	0.268	0.248	0.329	0.263	0.332	2.023	0.523	0.202	0.195	-8845.265
377	8	500	495	0.5211	0.340	0.305	0.302	0.264	0.316	0.273	0.278	0.317	0.314	0.271	0.294	0.258	0.314	0.323	2.119	0.431	0.203	0.198	-8834.910
378	8	500	487	0.5309	0.274	0.278	0.251	0.312	0.262	0.276	0.306	0.248	0.281	0.293	0.252	0.227	0.281	0.285	2.055	0.607	0.244	0.205	-8547.168
379	8	500	498	0.5130	0.249	0.362	0.273	0.277	0.318	0.260	0.301	0.242	0.357	0.315	0.348	0.429	0.260	0.369	2.102	0.571	0.295	0.212	-9113.496
380	8	500	494	0.5032	0.321	0.334	0.316	0.305	0.272	0.337	0.258	0.278	0.278	0.264	0.303	0.289	0.321	0.350	1.997	0.554	0.316	0.227	-9047.736
381	8	500	493	0.5317	0.234	0.249	0.279	0.273	0.337	0.317	0.300	0.263	0.262	0.294	0.278	0.277	0.250	0.268	1.892	0.580	0.191	0.228	-8646.339
382	8	500	492	0.5129	0.326	0.289	0.295	0.270	0.309	0.299	0.283	0.317	0.256	0.311	0.299	0.312	0.304	0.308	2.057	0.561	0.292	0.192	-8834.487
383	8	500	493	0.5177	0.234	0.318	0.289	0.309	0.313	0.317	0.263	0.287	0.230	0.287	0.300	0.371	0.340	0.288	1.861	0.593	0.298	0.214	-8941.384
384	8	500	494	0.5228	0.234	0.294	0.322	0.264	0.345	0.241	0.303	0.275	0.262	0.323	0.252	0.301	0.301	0.287	1.878	0.485	0.231	0.192	-8774.766
385	8	500	494	0.5179	0.352	0.337	0.313	0.276	0.304	0.279	0.303	0.298	0.225	0.298	0.276	0.368	0.243	0.308	1.829	0.573	0.262	0.214	-8873.252
386	8	500	486	0.5027	0.312	0.340	0.344	0.337	0.239	0.311	0.285	0.274	0.267	0.309	0.297	0.243	0.277	0.283	1.868	0.593	0.309	0.174	-8795.324
387	8	500	496	0.4942	0.338	0.327	0.320	0.250	0.286	0.312	0.374	0.332	0.284	0.303	0.342	0.326	0.383	0.286	1.923	0.439	0.228	0.195	-9193.550
388	8	500	490	0.5090	0.248	0.308	0.286	0.312	0.322	0.282	0.277	0.277	0.290	0.264	0.336	0.291	0.336	0.215	1.954	0.447	0.247	0.187	-8780.480
389	8	500	491	0.5007	0.314	0.262	0.290	0.367	0.266	0.282	0.291	0.322	0.287	0.326	0.335	0.355	0.261	0.351	2.094	0.485	0.297	0.176	-9003.499
390	8	500	492	0.4978	0.314	0.331	0.236	0.314	0.313	0.253	0.321	0.256	0.291	0.299	0.267	0.328	0.338	0.312	2.071	0.616	0.349	0.179	-8793.449
391	8	500	495	0.5035	0.307	0.334	0.287	0.303	0.307	0.254	0.355	0.352	0.305	0.325	0.349	0.293	0.281	0.283	1.808	0.443	0.282	0.204	-9155.439
392	8	500	489	0.5048	0.360	0.305	0.276	0.282	0.279	0.301	0.317	0.300	0.246	0.248	0.283	0.356	0.334	0.224	2.012	0.343	0.163	0.231	-8867.839
393	8	500	495	0.5159	0.289	0.337	0.335	0.353	0.309	0.291	0.268	0.321	0.244	0.262	0.256	0.298	0.314	0.343	2.171	0.533	0.340	0.190	-8974.271
394	8	500	496	0.5197	0.299	0.273	0.340	0.334	0.348	0.306	0.273	0.254	0.232	0.314	0.258	0.346	0.366	0.341	1.873	0.566	0.279	0.179	-9024.323
395	8	500	492	0.5172	0.297	0.294	0.271	0.286	0.315	0.302	0.334	0.285	0.246	0.318	0.339	0.305	0.317	0.293	2.009	0.490	0.311	0.171	-8923.147
396	8	500	492	0.5249	0.325	0.325	0.257	0.314	0.248	0.314	0.249	0.332	0.359	0.367	0.266	0.282	0.291	0.320	1.925	0.431	0.241	0.183	-8952.305
397	8	500	493	0.5116	0.266	0.267	0.282	0.266	0.345	0.305	0.289	0.305	0.290	0.358	0.312	0.312	0.284	0.353	1.962	0.362	0.214	0.197	-9074.785
398	8	500	493	0.5230	0.271	0.276	0.356	0.339	0.306	0.334	0.316	0.326	0.358	0.296	0.320	0.312	0.316	0.331	2.105	0.492	0.190	0.230	-9209.819
399	8	500	497	0.5091	0.289	0.334	0.322	0.304	0.334	0.282	0.316	0.290	0.307	0.357	0.284	0.301	0.328	0.251	1.988	0.575	0.255	0.221	-9059.027
400	8	500	490	0.5105	0.341	0.315	0.267	0.418	0.287	0.288	0.331	0.295	0.289	0.295	0.292	0.276	0.332	0.292	2.030	0.402	0.246	0.163	-8988.512
401	8	500	491	0.5148	0.333	0.232	0.288	0.348	0.279	0.306	0.283	0.277	0.316	0.263	0.341	0.369	0.346	0.298	1.962	0.557	0.295	0.167	-8891.129
402	8	500	492	0.5201	0.293	0.317	0.314	0.228	0.273	0.247	0.348	0.285	0.299	0.301	0.295	0.344	0.262	0.285	1.937	0.490	0.268	0.199	-8852.713
403	8	500	495	0.5165	0.247	0.272	0.298	0.373	0.291	0.341	0.336	0.297	0.281	0.320	0.337	0.316	0.269	0.313	2.057	0.532	0.274	0.194	-9030.324
404	8	500	494	0.4964	0.317	0.313	0.302	0.300	0.277	0.270	0.251	0.294	0.290	0.326	0.301	0.230	0.312	0.287	1.920	0.582	0.343	0.230	-8943.148
405	8	500	493	0.5096	0.321	0.329	0.261	0.347	0.281	0.335	0.281	0.309	0.333	0.275	0.333	0.331	0.309	0.276	2.123	0.435	0.239	0.201	-8998.955
406	8	500	496	0.5038	0.309	0.330	0.272	0.290	0.311	0.376	0.274	0.258	0.353	0.298	0.294	0.280	0.261	0.320	2.090	0.248	0.156	0.167	-8937.190
407	8	500	493	0.5116	0.262	0.341	0.344	0.269	0.271	0.309	0.295	0.383	0.324	0.308	0.275	0.247	0.319	0.349	1.986	0.687	0.313	0.202	-8942.776
408	8	500	495	0.5160	0.277	0.302	0.267	0.325	0.374	0.285	0.387	0.297	0.250	0.299	0.310	0.275	0.293	0.299	2.040	0.575	0.266	0.207	-8973.387
409	8	500	490	0.5156	0.291	0.309	0.324	0.324	0.229	0.373	0.232	0.297	0.272	0.284	0.293	0.348	0.290	0.314	1.665	0.554	0.310	0.175	-8946.904
410	8	500	497	0.5162	0.356	0.286	0.334	0.302	0.293	0.288	0.307	0.339	0.284	0.319	0.263	0.259	0.288	0.254	1.975	0.472	0.292	0.200	-8966.188
411	8	500	492	0.5136	0.285	0.244	0.235	0.352	0.269	0.295	0.254	0.350	0.316	0.299	0.251	0.360	0.308	0.256	1.975	0.396	0.242	0.206	-8862.494
412	8	500	497	0.5011	0.337	0.225	0.280	0.321	0.324	0.314	0.313	0.278	0.269	0.325	0.217	0.237	0.315	0.283	1.803	0.532	0.199	0.201	-8791.194
413	8	500	492	0.5028	0.350	0.266	0.276	0.385	0.307	0.315	0.294	0.333	0.231	0.333	0.291	0.271	0.326	0.281	1.993	0.465	0.297	0.216	-9077.131
414	8	500	497	0.5205	0.289	0.370	0.329	0.324	0.356	0.357	0.314	0.303	0.311	0.348	0.285	0.325	0.351	0.278	2.052	0.419	0.330	0.206	-9390.538
415	8	500	493	0.5215	0.299	0.306	0.318	0.280	0.283	0.282	0.322	0.265	0.297	0.311	0.306	0.262	0.319	0.238	1.775	0.538	0.230	0.173	-8782.188
416	8	500	498	0.5238	0.350	0.251	0.302	0.324	0.427	0.302	0.344	0.310	0.300	0.288	0.401	0.315	0.407	0.343	2.118	0.502	0.290	0.188	-9309.965
417	8	500	492	0.5108	0.349	0.343	0.328	0.262	0.415	0.356	0.400	0.350	0.315	0.338	0.314	0.318	0.252	0.352	2.111	0.560	0.340	0.174	-9235.651
418	8	500	498	0.5309	0.345	0.302	0.312	0.284	0.298	0.320	0.335	0.353	0.259	0.309	0.335	0.350	0.329	0.241	1.802	0.494	0.231	0.228	-9173.456
419	8	500	492	0.5248	0.271	0.277	0.269	0.349	0.280	0.328	0.314	0.284	0.318	0.280	0.350	0.218	0.336	0.269	2.051	0.573	0.335	0.191	-8946.994
420	8	500	492	0.5169	0.326	0.295	0.221	0.363	0.314	0.271	0.358	0.312	0.297	0.307	0.301	0.295	0.335	0.289	1.835	0.374	0.238	0.186	-9070.523
421	8	500	495	0.5178	0.254	0.291	0.295	0.265	0.386	0.317	0.239	0.240	0.302	0.299	0.286	0.301	0.318	0.255	2.067	0.560	0.233	0.222	-8831.419
422	8	500	496	0.5127	0.292	0.345	0.300	0.318	0.297	0.340	0.283	0.290	0.229	0.331	0.307	0.291	0.304	0.300	2.075	0.510	0.234	0.243	-9037.120
423	8	500	495	0.5152	0.323	0.251	0.283	0.313	0.268	0.317	0.340	0.262	0.329	0.294	0.323	0.243	0.293	0.279	2.063	0.568	0.227	0.207	-8835.192
424	8	500	495	0.5152	0.295	0.288	0.268	0.300	0.297	0.333	0.342	0.317	0.279	0.308	0.309	0.392	0.348	0.264	1.899	0.541	0.264	0.225	-9091.827
425	8	500	489	0.5033	0.258	0.321	0.304	0.247	0.357	0.275	0.305	0.256	0.282	0.273	0.278	0.355	0.352	0.292	1.918	0.567	0.292	0.172	-8835.045
426	8	500	491	0.5369	0.287	0.293	0.306	0.304	0.330	0.259	0.303	0.275	0.353	0.300	0.319	0.305	0.379	0.278	1.935	0.490	0.257	0.196	-9059.074
427	8	500	490	0.5127	0.319	0.227	0.295	0.241	0.336	0.295	0.217	0.355	0.321	0.341	0.271	0.213	0.308	0.257	1.972	0.621	0.280	0.197	-8695.911
428	8	500	496	0.5219	0.333	0.270	0.301	0.281	0.297	0.377	0.287	0.356	0.283	0.268	0.308	0.333	0.289	0.249	1.937	0.507	0.289	0.182	-8896.653
429	8	500	495	0.5143	0.271	0.289	0.303	0.292	0.240	0.357	0.329	0.327	0.269	0.308	0.362	0.303	0.272	0.277	2.102	0.440	0.270	0.167	-8905.227
430	8	500	492	0.5044	0.349	0.274	0.295	0.274	0.278	0.364	0.347	0.321	0.263	0.294	0.303	0.298	0.299	0.322	1.872	0.518	0.240	0.205	-9051.875
431	8	500	488	0.5010	0.286	0.303	0.329	0.256	0.275	0.322	0.314	0.321	0.352	0.312	0.239	0.286	0.332	0.329	1.985	0.640	0.272	0.218	-8922.832
432	8	500	497	0.5047	0.319	0.263	0.272	0.309	0.350	0.270	0.304	0.342	0.278	0.326	0.262	0.398	0.294	0.274	1.961	0.444	0.200	0.214	-8958.683
433	8	500	497	0.4993	0.310	0.277	0.316	0.337	0.308	0.317	0.287	0.352	0.348	0.285	0.314	0.259	0.292	0.308	2.007	0.540	0.269	0.165	-8917.216
434	8	500	492	0.5076	0.336	0.346	0.255	0.268	0.302	0.239	0.359	0.275	0.297	0.246	0.404	0.319	0.277	0.343	2.052	0.551	0.302	0.170	-8898.990
435	8	500	495	0.5128	0.309	0.326	0.267	0.303	0.261	0.335	0.340	0.289	0.359	0.393	0.324	0.277	0.316	0.350	2.119	0.517	0.292	0.206	-9212.935
436	8	500	493	0.5030	0.259	0.321	0.345	0.284	0.272	0.274	0.265	0.270	0.291	0.301	0.267	0.313	0.247	0.288	1.990	0.514	0.212	0.198	-8707.179
437	8	500	491	0.5108	0.304	0.324	0.289	0.307	0.317	0.284	0.307	0.384	0.292	0.254	0.303	0.355	0.253	0.351	2.059	0.541	0.232	0.191	-8876.163
438	8	500	494	0.5207	0.233	0.314	0.282	0.299	0.336	0.260	0.327	0.301	0.296	0.296	0.252	0.325	0.310	0.330	1.930	0.423	0.149	0.197	-8823.088
439	8	500	496	0.5245	0.359	0.306	0.295	0.265	0.259	0.329	0.337	0.305	0.243	0.288	0.250	0.303	0.299	0.319	1.922	0.610	0.289	0.187	-8857.406
440	8	500	490	0.5162	0.305	0.336	0.261	0.242	0.300	0.295	0.245	0.256	0.291	0.321	0.283	0.315	0.318	0.327	1.815	0.502	0.267	0.167	-8779.947
441	8	500	496	0.5154	0.241	0.281	0.306	0.294	0.300	0.352	0.226	0.270	0.290	0.277	0.306	0.297	0.323	0.281	2.124	0.273	0.131	0.234	-8898.081
442	8	500	494	0.5241	0.297	0.273	0.285	0.314	0.340	0.291	0.336	0.292	0.276	0.347	0.300	0.313	0.276	0.283	2.063	0.503	0.245	0.184	-8871.862
443	8	500	492	0.5045	0.316	0.363	0.216	0.296	0.361	0.238	0.334	0.322	0.354	0.291	0.306	0.311	0.337	0.273	2.009	0.385	0.229	0.169	-8958.562
444	8	500	492	0.4993	0.241	0.320	0.306	0.280	0.298	0.216	0.330	0.188	0.347	0.313	0.268	0.237	0.354	0.287	1.791	0.485	0.228	0.199	-8780.826
445	8	500	494	0.5139	0.282	0.280	0.346	0.241	0.277	0.297	0.267	0.270	0.351	0.320	0.232	0.333	0.316	0.293	1.938	0.542	0.274	0.202	-8872.955
446	8	500	486	0.5066	0.278	0.306	0.284	0.314	0.288	0.305	0.340	0.358	0.295	0.263	0.330	0.227	0.283	0.304	1.996	0.513	0.335	0.193	-8940.522
447	8	500	497	0.5208	0.260	0.282	0.304	0.333	0.276	0.310	0.302	0.325	0.284	0.321	0.291	0.338	0.264	0.350	1.925	0.497	0.232	0.215	-9029.641
448	8	500	494	0.5041	0.312	0.406	0.266	0.309	0.210	0.286	0.336	0.352	0.304	0.330	0.284	0.271	0.297	0.315	1.980	0.500	0.257	0.204	-8987.305
449	8	500	490	0.5233	0.213	0.250	0.282	0.298	0.351	0.298	0.311	0.265	0.289	0.315	0.342	0.320	0.258	0.322	2.023	0.489	0.326	0.188	-8959.243
450	8	500	497	0.5145	0.297	0.284	0.323	0.338	0.299	0.325	0.291	0.302	0.290	0.333	0.306	0.342	0.245	0.299	1.728	0.499	0.298	0.190	-9073.027
451	8	500	494	0.5116	0.307	0.254	0.244	0.320	0.304	0.313	0.292	0.290	0.442	0.264	0.280	0.302	0.299	0.293	1.708	0.524	0.252	0.214	-8971.189
452	8	500	498	0.5148	0.329	0.262	0.294	0.318	0.277	0.330	0.256	0.262	0.224	0.282	0.357	0.450	0.329	0.292	1.990	0.453	0.234	0.204	-8955.708
453	8	500	495	0.4990	0.282	0.386	0.287	0.315	0.352	0.238	0.288	0.309	0.353	0.284	0.253	0.333	0.330	0.288	1.991	0.607	0.393	0.184	-8965.279
454	8	500	488	0.5091	0.305	0.278	0.253	0.321	0.279	0.247	0.309	0.272	0.310	0.308	0.242	0.300	0.272	0.250	2.129	0.549	0.284	0.174	-8635.218
455	8	500	486	0.5200	0.246	0.303	0.290	0.268	0.274	0.309	0.230	0.258	0.255	0.322	0.281	0.297	0.301	0.294	1.713	0.517	0.277	0.194	-8736.271
456	8	500	492	0.5148	0.249	0.266	0.323	0.305	0.276	0.338	0.292	0.282	0.335	0.275	0.308	0.286	0.291	0.286	2.043	0.566	0.231	0.208	-8833.680
457	8	500	485	0.5377	0.295	0.226	0.272	0.363	0.247	0.315	0.251	0.212	0.285	0.310	0.256	0.315	0.299	0.248	1.835	0.438	0.161	0.218	-8639.281
458	8	500	487	0.5198	0.325	0.210	0.245	0.299	0.333	0.239	0.329	0.333	0.211	0.332	0.291	0.304	0.275	0.289	2.147	0.483	0.218	0.182	-8649.261
459	8	500	492	0.5233	0.285	0.316	0.285	0.287	0.312	0.367	0.311	0.335	0.284	0.296	0.265	0.286	0.314	0.269	2.144	0.465	0.223	0.187	-8892.616
460	8	500	492	0.5130	0.290	0.340	0.370	0.267	0.318	0.298	0.293	0.309	0.301	0.329	0.307	0.435	0.346	0.232	2.196	0.358	0.252	0.201	-9179.675
461	8	500	492	0.5168	0.350	0.335	0.293	0.363	0.242	0.321	0.275	0.280	0.315	0.297	0.310	0.308	0.313	0.329	2.079	0.577	0.268	0.198	-8988.086
462	8	500	494	0.4998	0.312	0.349	0.287	0.327	0.238	0.323	0.273	0.314	0.314	0.322	0.294	0.321	0.321	0.302	2.076	0.394	0.184	0.217	-9025.734
463	8	500	498	0.5048	0.261	0.297	0.329	0.286	0.237	0.252	0.281	0.341	0.309	0.301	0.247	0.332	0.310	0.315	1.854	0.679	0.321	0.215	-8830.672
464	8	500	489	0.4930	0.330	0.363	0.311	0.303	0.227	0.327	0.273	0.237	0.252	0.297	0.323	0.350	0.366	0.290	1.958	0.543	0.303	0.178	-8955.815
465	8	500	494	0.5086	0.271	0.272	0.360	0.331	0.325	0.283	0.328	0.226	0.335	0.317	0.284	0.346	0.296	0.359	1.908	0.560	0.268	0.217	-9141.387
466	8	500	493	0.5134	0.275	0.282	0.319	0.285	0.290	0.308	0.367	0.358	0.286	0.294	0.347	0.340	0.336	0.262	2.022	0.544	0.305	0.182	-9007.116
467	8	500	492	0.5039	0.329	0.281	0.299	0.283	0.259	0.304	0.314	0.287	0.342	0.233	0.267	0.246	0.339	0.283	1.967	0.461	0.231	0.201	-8790.018
468	8	500	496	0.5110	0.261	0.371	0.336	0.310	0.260	0.306	0.337	0.286	0.341	0.255	0.310	0.286	0.278	0.281	2.049	0.449	0.183	0.185	-8810.894
469	8	500	494	0.5252	0.340	0.279	0.273	0.372	0.260	0.248	0.328	0.280	0.278	0.321	0.294	0.343	0.314	0.297	2.134	0.410	0.214	0.181	-8959.528
470	8	500	495	0.5090	0.345	0.384	0.308	0.316	0.325	0.257	0.350	0.260	0.348	0.345	0.290	0.335	0.300	0.326	2.145	0.437	0.271	0.175	-9128.936
471	8	500	497	0.5095	0.307	0.340	0.237	0.359	0.243	0.305	0.327	0.332	0.350	0.263	0.331	0.302	0.277	0.313	2.053	0.414	0.235	0.183	-8976.922
472	8	500	491	0.5315	0.330	0.316	0.302	0.343	0.309	0.267	0.291	0.312	0.301	0.309	0.289	0.267	0.302	0.307	2.016	0.552	0.296	0.214	-9023.968
473	8	500	496	0.5180	0.265	0.339	0.295	0.304	0.297	0.281	0.323	0.230	0.263	0.229	0.306	0.313	0.306	0.303	2.032	0.565	0.243	0.218	-8813.338
474	8	500	493	0.5253	0.488	0.367	0.271	0.301	0.294	0.295	0.296	0.000	0.282	0.275	0.334	0.232	0.265	0.344	2.029	0.616	0.328	0.238	-8903.189
475	8	500	494	0.5157	0.280	0.295	0.240	0.265	0.381	0.309	0.285	0.267	0.298	0.311	0.300	0.259	0.323	0.340	2.032	0.553	0.289	0.186	-8840.201
476	8	500	494	0.5108	0.293	0.274	0.318	0.307	0.298	0.278	0.276	0.322	0.213	0.278	0.313	0.285	0.301	0.339	2.080	0.562	0.300	0.195	-8835.178
477	8	500	497	0.5017	0.397	0.319	0.266	0.318	0.378	0.327	0.388	0.322	0.337	0.367	0.284	0.346	0.321	0.311	2.024	0.335	0.161	0.218	-9363.286
478	8	500	495	0.5103	0.299	0.364	0.293	0.310	0.331	0.300	0.357	0.299	0.208	0.251	0.317	0.347	0.351	0.267	2.069	0.292	0.127	0.182	-8897.874
479	8	500	491	0.5141	0.276	0.295	0.261	0.253	0.278	0.323	0.296	0.255	0.316	0.307	0.315	0.367	0.290	0.312	2.010	0.533	0.255	0.211	-8880.055
480	8	500	495	0.5245	0.298	0.277	0.334	0.294	0.258	0.303	0.371	0.297	0.322	0.296	0.259	0.258	0.315	0.279	1.954	0.539	0.250	0.201	-8974.940
481	8	500	490	0.5149	0.288	0.305	0.283	0.273	0.329	0.363	0.320	0.273	0.316	0.323	0.280	0.393	0.332	0.255	1.905	0.445	0.270	0.179	-9049.705
482	8	500	491	0.5206	0.309	0.268	0.304	0.338	0.311	0.249	0.279	0.302	0.276	0.287	0.300	0.267	0.302	0.288	1.936	0.611	0.304	0.190	-8827.723
483	8	500	493	0.5181	0.280	0.253	0.314	0.262	0.326	0.314	0.240	0.308	0.187	0.282	0.288	0.330	0.269	0.312	1.898	0.562	0.267	0.196	-8696.372
484	8	500	494	0.5138	0.255	0.352	0.298	0.324	0.295	0.277	0.297	0.290	0.316	0.323	0.215	0.273	0.296	0.297	2.107	0.447	0.177	0.184	-8706.952
485	8	500	492	0.5249	0.338	0.287	0.268	0.334	0.316	0.293	0.318	0.296	0.220	0.308	0.357	0.301	0.304	0.299	2.247	0.601	0.263	0.205	-8887.547
486	8	500	497	0.5319	0.332	0.360	0.270	0.291	0.365	0.310	0.269	0.339	0.258	0.341	0.253	0.328	0.347	0.339	2.103	0.408	0.199	0.205	-9115.563
487	8	500	496	0.5025	0.327	0.294	0.340	0.308	0.234	0.277	0.359	0.251	0.308	0.247	0.293	0.347	0.342	0.333	1.881	0.576	0.263	0.241	-9087.049
488	8	500	497	0.5269	0.340	0.309	0.296	0.281	0.306	0.301	0.302	0.317	0.280	0.288	0.321	0.309	0.309	0.352	2.054	0.508	0.342	0.192	-9080.335
489	8	500	492	0.5132	0.268	0.294	0.286	0.282	0.382	0.340	0.246	0.271	0.227	0.276	0.274	0.311	0.326	0.286	1.750	0.450	0.234	0.172	-8817.911
490	8	500	495	0.5005	0.348	0.262	0.298	0.297	0.308	0.288	0.326	0.326	0.290	0.311	0.258	0.339	0.311	0.325	2.134	0.462	0.268	0.201	-8983.795
491	8	500	496	0.5221	0.338	0.279	0.283	0.301	0.310	0.298	0.299	0.295	0.247	0.335	0.362	0.309	0.270	0.348	2.017	0.469	0.246	0.189	-9054.772
492	8	500	494	0.5003	0.309	0.170	0.236	0.321	0.369	0.306	0.314	0.331	0.341	0.292	0.305	0.319	0.287	0.313	1.976	0.337	0.150	0.196	-8880.562
493	8	500	491	0.5117	0.281	0.315	0.314	0.326	0.292	0.309	0.284	0.261	0.281	0.271	0.344	0.302	0.324	0.298	1.930	0.497	0.307	0.191	-9051.868
494	8	500	493	0.5227	0.299	0.301	0.296	0.299	0.316	0.295	0.314	0.300	0.364	0.282	0.352	0.344	0.362	0.280	1.788	0.536	0.313	0.190	-9190.703
495	8	500	487	0.5062	0.314	0.240	0.263	0.287	0.307	0.260	0.356	0.397	0.336	0.227	0.282	0.296	0.315	0.290	1.946	0.616	0.384	0.185	-8868.184
496	8	500	493	0.5037	0.338	0.370	0.312	0.269	0.277	0.308	0.298	0.280	0.277	0.329	0.351	0.295	0.339	0.323	1.927	0.551	0.355	0.197	-9147.372
497	8	500	495	0.5119	0.322	0.289	0.313	0.310	0.384	0.325	0.329	0.380	0.303	0.263	0.292	0.277	0.313	0.281	1.969	0.567	0.319	0.208	-9115.784
498	8	500	495	0.5110	0.359	0.237	0.304	0.304	0.309	0.296	0.248	0.322	0.301	0.282	0.242	0.398	0.311	0.305	1.680	0.538	0.246	0.194	-8894.036
499	8	500	497	0.5076	0.351	0.316	0.251	0.353	0.361	0.316	0.319	0.320	0.320	0.322	0.309	0.254	0.271	0.255	1.851	0.582	0.265	0.182	-8922.659
500	8	500	497	0.4984	0.001	0.351	0.198	0.407	0.321	0.263	0.307	0.532	0.245	0.376	0.367	0.307	0.239	0.332	2.080	0.000	0.000	0.204	-8950.686
501	8	500	495	0.5097	0.289	0.358	0.305	0.321	0.286	0.280	0.352	0.316	0.314	0.336	0.270	0.306	0.305	0.286	1.952	0.523	0.287	0.193	-9052.286
502	8	500	491	0.5128	0.230	0.381	0.343	0.319	0.277	0.322	0.264	0.228	0.274	0.328	0.298	0.337	0.319	0.288	1.854	0.503	0.290	0.174	-8988.879
503	8	500	490	0.5088	0.339	0.298	0.264	0.324	0.249	0.255	0.267	0.316	0.286	0.304	0.266	0.325	0.333	0.286	2.016	0.570	0.259	0.230	-8826.948
504	8	500	497	0.5300	0.287	0.310	0.297	0.286	0.177	0.301	0.276	0.324	0.315	0.286	0.272	0.318	0.288	0.284	1.900	0.510	0.251	0.202	-8826.774
505	8	500	494	0.5019	0.338	0.237	0.270	0.317	0.349	0.257	0.279	0.338	0.347	0.331	0.271	0.292	0.325	0.299	1.894	0.490	0.230	0.188	-8913.948
506	8	500	494	0.5171	0.276	0.244	0.271	0.264	0.343	0.251	0.390	0.266	0.298	0.276	0.324	0.267	0.331	0.308	1.730	0.488	0.285	0.181	-8912.369
507	8	500	497	0.5013	0.318	0.300	0.334	0.348	0.338	0.298	0.319	0.314	0.270	0.316	0.323	0.322	0.364	0.320	1.994	0.465	0.276	0.210	-9250.045
508	8	500	494	0.5002	0.305	0.303	0.269	0.288	0.376	0.312	0.290	0.287	0.277	0.266	0.299	0.342	0.228	0.354	2.012	0.542	0.263	0.187	-8839.459
509	8	500	493	0.5013	0.325	0.378	0.322	0.248	0.355	0.322	0.275	0.269	0.322	0.281	0.277	0.306	0.322	0.317	2.018	0.446	0.265	0.225	-9115.521
510	8	500	491	0.5177	0.327	0.328	0.305	0.249	0.193	0.326	0.305	0.305	0.327	0.315	0.319	0.265	0.275	0.326	2.187	0.498	0.318	0.183	-8868.154
511	8	500	496	0.5189	0.329	0.369	0.301	0.298	0.246	0.315	0.311	0.286	0.299	0.248	0.343	0.379	0.277	0.250	2.149	0.548	0.248	0.192	-8912.548
512	8	500	493	0.5047	0.282	0.333	0.256	0.271	0.261	0.326	0.269	0.276	0.295	0.281	0.296	0.286	0.277	0.315	1.928	0.494	0.221	0.204	-8779.026
513	8	500	493	0.5200	0.309	0.295	0.261	0.319	0.305	0.326	0.352	0.261	0.352	0.294	0.281	0.314	0.270	0.297	1.949	0.524	0.258	0.198	-8933.105
514	8	500	492	0.5184	0.305	0.264	0.293	0.253	0.283	0.288	0.292	0.314	0.283	0.332	0.284	0.332	0.270	0.314	2.176	0.456	0.289	0.183	-8852.190
515	8	500	495	0.5142	0.347	0.269	0.326	0.322	0.313	0.280	0.345	0.340	0.343	0.328	0.300	0.257	0.259	0.253	1.879	0.623	0.263	0.205	-8948.733
516	8	500	487	0.5143	0.328	0.174	0.285	0.279	0.330	0.317	0.330	0.328	0.280	0.278	0.249	0.376	0.303	0.293	2.323	0.383	0.216	0.162	-8675.201
517	8	500	494	0.5110	0.307	0.307	0.244	0.274	0.248	0.236	0.270	0.278	0.338	0.317	0.302	0.298	0.327	0.359	1.974	0.544	0.294	0.213	-8874.090
518	8	500	493	0.5284	0.322	0.360	0.331	0.311	0.337	0.332	0.323	0.294	0.270	0.277	0.330	0.276	0.379	0.353	1.989	0.491	0.301	0.175	-9213.730
519	8	500	492	0.5207	0.286	0.364	0.290	0.284	0.293	0.303	0.298	0.337	0.191	0.330	0.305	0.465	0.326	0.348	1.993	0.571	0.306	0.173	-9050.446
520	8	500	490	0.5234	0.296	0.339	0.300	0.278	0.294	0.332	0.252	0.293	0.310	0.310	0.342	0.379	0.335	0.280	2.124	0.567	0.333	0.208	-9050.675
521	8	500	495	0.5180	0.280	0.275	0.303	0.260	0.308	0.303	0.288	0.297	0.299	0.309	0.321	0.335	0.278	0.282	1.832	0.335	0.176	0.194	-8938.539
522	8	500	490	0.4988	0.327	0.292	0.277	0.270	0.344	0.302	0.286	0.287	0.385	0.257	0.296	0.292	0.330	0.328	2.029	0.584	0.332	0.192	-8930.127
523	8	500	489	0.5162	0.314	0.324	0.251	0.287	0.264	0.269	0.318	0.321	0.287	0.308	0.318	0.367	0.290	0.263	2.212	0.580	0.239	0.213	-8808.247
524	8	500	497	0.5147	0.610	0.289	0.300	0.279	0.297	0.280	0.330	0.000	0.348	0.273	0.303	0.357	0.315	0.258	1.808	0.608	0.351	0.206	-9051.972
525	8	500	491	0.5074	0.325	0.321	0.298	0.344	0.256	0.308	0.299	0.313	0.271	0.284	0.366	0.316	0.243	0.308	1.841	0.490	0.244	0.209	-9034.414
526	8	500	493	0.5199	0.316	0.336	0.283	0.297	0.313	0.275	0.321	0.337	0.338	0.303	0.316	0.328	0.287	0.290	1.878	0.527	0.308	0.193	-9059.221
527	8	500	493	0.5083	0.390	0.275	0.331	0.263	0.312	0.285	0.304	0.344	0.260	0.314	0.261	0.306	0.294	0.351	2.009	0.460	0.176	0.227	-8987.525
528	8	500	490	0.5159	0.248	0.303	0.271	0.322	0.288	0.338	0.323	0.259	0.346	0.314	0.283	0.333	0.331	0.253	2.027	0.510	0.257	0.199	-8960.374
529	8	500	496	0.5205	0.319	0.321	0.225	0.407	0.306	0.321	0.329	0.302	0.295	0.261	0.267	0.311	0.342	0.279	1.958	0.432	0.222	0.191	-9022.345
530	8	500	493	0.5196	0.261	0.263	0.294	0.294	0.318	0.368	0.308	0.272	0.313	0.371	0.273	0.292	0.322	0.279	1.867	0.462	0.246	0.192	-9031.449
531	8	500	493	0.4922	0.285	0.271	0.315	0.326	0.295	0.274	0.331	0.302	0.289	0.267	0.316	0.318	0.261	0.259	1.888	0.533	0.222	0.209	-8826.649
532	8	500	494	0.5068	0.286	0.285	0.262	0.328	0.248	0.301	0.294	0.268	0.322	0.338	0.248	0.315	0.317	0.334	1.922	0.478	0.167	0.237	-8950.718
533	8	500	499	0.5004	0.275	0.245	0.342	0.313	0.409	0.234	0.249	0.343	0.328	0.297	0.295	0.305	0.282	0.299	1.946	0.509	0.203	0.206	-8927.218
534	8	500	487	0.5089	0.278	0.297	0.312	0.362	0.340	0.275	0.337	0.295	0.317	0.325	0.297	0.269	0.304	0.264	1.976	0.563	0.309	0.215	-9065.757
535	8	500	498	0.5161	0.323	0.446	0.239	0.342	0.344	0.328	0.300	0.313	0.336	0.268	0.301	0.330	0.280	0.336	1.962	0.411	0.206	0.198	-9168.960
536	8	500	489	0.5242	0.325	0.304	0.300	0.282	0.284	0.286	0.277	0.307	0.263	0.307	0.302	0.258	0.263	0.297	2.214	0.456	0.252	0.161	-8674.635
537	8	500	494	0.5271	0.307	0.312	0.288	0.297	0.286	0.389	0.244	0.297	0.324	0.330	0.401	0.323	0.366	0.247	1.950	0.520	0.330	0.179	-9149.474
538	8	500	494	0.5127	0.361	0.369	0.330	0.278	0.289	0.271	0.250	0.350	0.391	0.267	0.308	0.296	0.271	0.308	1.813	0.565	0.266	0.197	-8954.136
539	8	500	494	0.5045	0.286	0.346	0.340	0.302	0.212	0.364	0.284	0.329	0.295	0.288	0.278	0.323	0.369	0.309	2.025	0.425	0.216	0.184	-9061.396
540	8	500	497	0.5233	0.296	0.254	0.267	0.313	0.316	0.272	0.327	0.246	0.290	0.334	0.304	0.356	0.334	0.245	1.960	0.504	0.211	0.222	-8969.924
541	8	500	494	0.5127	0.205	0.354	0.272	0.294	0.260	0.270	0.280	0.274	0.367	0.267	0.256	0.283	0.286	0.351	1.894	0.623	0.259	0.206	-8733.877
542	8	500	494	0.5237	0.291	0.306	0.268	0.307	0.342	0.339	0.290	0.304	0.315	0.275	0.325	0.326	0.318	0.278	1.999	0.465	0.226	0.183	-8966.976
543	8	500	494	0.5107	0.308	0.258	0.291	0.326	0.311	0.311	0.377	0.373	0.330	0.304	0.287	0.321	0.285	0.302	1.991	0.445	0.242	0.203	-9068.938
544	8	500	494	0.5182	0.303	0.281	0.292	0.295	0.330	0.280	0.323	0.331	0.363	0.235	0.345	0.334	0.254	0.325	1.924	0.574	0.292	0.197	-9022.423
545	8	500	493	0.5164	0.345	0.252	0.251	0.299	0.396	0.330	0.362	0.321	0.407	0.315	0.286	0.323	0.311	0.288	2.059	0.372	0.186	0.191	-9062.113
546	8	500	496	0.5094	0.309	0.366	0.305	0.301	0.286	0.348	0.263	0.292	0.240	0.275	0.370	0.289	0.263	0.307	2.046	0.507	0.234	0.213	-8944.046
547	8	500	499	0.4933	0.311	0.279	0.361	0.312	0.325	0.308	0.282	0.252	0.273	0.329	0.342	0.279	0.357	0.308	1.949	0.551	0.307	0.227	-9168.373
548	8	500	495	0.4981	0.250	0.344	0.288	0.252	0.297	0.321	0.308	0.331	0.338	0.300	0.336	0.275	0.316	0.312	2.114	0.496	0.193	0.200	-8933.060
549	8	500	489	0.5122	0.431	0.340	0.282	0.246	0.310	0.273	0.291	0.204	0.330	0.344	0.239	0.346	0.243	0.256	2.115	0.602	0.318	0.208	-8785.145
550	8	500	490	0.5141	0.262	0.293	0.211	0.276	0.351	0.306	0.265	0.269	0.307	0.284	0.320	0.263	0.343	0.242	1.938	0.330	0.180	0.182	-8715.143
551	8	500	494	0.5018	0.318	0.299	0.297	0.254	0.314	0.290	0.297	0.308	0.283	0.319	0.257	0.254	0.342	0.356	1.837	0.494	0.296	0.188	-8939.459
552	8	500	492	0.5273	0.286	0.244	0.291	0.239	0.385	0.228	0.318	0.268	0.270	0.285	0.243	0.259	0.303	0.326	1.959	0.655	0.341	0.210	-8686.087
553	8	500	493	0.5240	0.307	0.277	0.263	0.343	0.378	0.275	0.308	0.308	0.251	0.275	0.300	0.308	0.250	0.336	2.054	0.598	0.240	0.220	-8885.477
554	8	500	493	0.5183	0.275	0.289	0.340	0.251	0.278	0.309	0.301	0.279	0.268	0.311	0.341	0.328	0.334	0.277	2.125	0.494	0.303	0.210	-8972.414
555	8	500	496	0.5110	0.309	0.277	0.295	0.271	0.293	0.290	0.257	0.278	0.341	0.266	0.279	0.236	0.290	0.261	1.855	0.611	0.336	0.205	-8757.523
556	8	500	495	0.5164	0.274	0.329	0.297	0.324	0.254	0.274	0.322	0.340	0.259	0.306	0.310	0.234	0.274	0.280	2.102	0.598	0.326	0.191	-8801.716
557	8	500	496	0.5216	0.285	0.250	0.277	0.311	0.353	0.368	0.265	0.297	0.379	0.262	0.337	0.207	0.280	0.282	2.083	0.515	0.215	0.198	-8834.959
558	8	500	496	0.5437	0.261	0.308	0.271	0.332	0.285	0.291	0.264	0.268	0.314	0.283	0.286	0.252	0.288	0.267	1.970	0.533	0.195	0.222	-8739.533
559	8	500	492	0.5094	0.296	0.295	0.298	0.324	0.322	0.271	0.268	0.285	0.297	0.315	0.291	0.289	0.318	0.277	2.045	0.593	0.263	0.245	-8925.609
560	8	500	483	0.5051	0.301	0.340	0.251	0.276	0.267	0.342	0.266	0.236	0.245	0.295	0.348	0.338	0.284	0.280	2.121	0.279	0.165	0.172	-8751.638
561	8	500	492	0.4935	0.292	0.304	0.326	0.256	0.297	0.252	0.330	0.333	0.336	0.281	0.231	0.264	0.284	0.297	2.123	0.532	0.315	0.189	-8781.266
562	8	500	493	0.5097	0.350	0.358	0.245	0.332	0.290	0.284	0.304	0.302	0.328	0.285	0.322	0.248	0.247	0.279	2.041	0.341	0.166	0.170	-8767.713
563	8	500	493	0.5172	0.305	0.343	0.357	0.243	0.241	0.300	0.316	0.328	0.274	0.283	0.250	0.362	0.309	0.323	2.242	0.511	0.273	0.171	-8842.332
564	8	500	494	0.5128	0.243	0.338	0.229	0.322	0.272	0.289	0.289	0.271	0.264	0.319	0.213	0.347	0.267	0.351	1.947	0.458	0.199	0.206	-8760.144
565	8	500	497	0.5140	0.326	0.346	0.249	0.306	0.250	0.278	0.317	0.286	0.280	0.312	0.313	0.352	0.309	0.394	2.040	0.525	0.260	0.197	-9055.402
566	8	500	497	0.5199	0.291	0.294	0.235	0.355	0.275	0.281	0.288	0.258	0.282	0.275	0.354	0.302	0.250	0.359	2.216	0.521	0.170	0.248	-8865.959
567	8	500	487	0.5238	0.307	0.331	0.288	0.278	0.227	0.226	0.284	0.278	0.348	0.289	0.333	0.266	0.289	0.254	1.825	0.527	0.264	0.201	-8799.539
568	8	500	494	0.5307	0.291	0.287	0.343	0.302	0.299	0.234	0.315	0.319	0.345	0.338	0.301	0.315	0.318	0.329	1.927	0.515	0.272	0.206	-9090.093
569	8	500	490	0.5182	0.204	0.258	0.241	0.271	0.230	0.261	0.320	0.262	0.334	0.322	0.236	0.318	0.351	0.323	1.934	0.539	0.324	0.166	-8691.463
570	8	500	493	0.5119	0.272	0.308	0.269	0.280	0.282	0.256	0.317	0.298	0.350	0.270	0.270	0.248	0.339	0.308	2.180	0.468	0.254	0.199	-8820.138
571	8	500	498	0.5176	0.364	0.337	0.262	0.326	0.281	0.342	0.352	0.316	0.329	0.301	0.270	0.272	0.312	0.302	2.033	0.498	0.262	0.211	-9111.459
572	8	500	494	0.5198	0.401	0.243	0.300	0.305	0.361	0.283	0.293	0.417	0.289	0.318	0.200	0.281	0.330	0.313	2.114	0.503	0.230	0.207	-8916.088
573	8	500	498	0.5275	0.365	0.349	0.277	0.319	0.290	0.295	0.306	0.350	0.250	0.267	0.306	0.303	0.306	0.289	1.983	0.628	0.326	0.204	-9004.913
574	8	500	495	0.4959	0.358	0.319	0.237	0.240	0.367	0.276	0.374	0.355	0.315	0.361	0.272	0.298	0.241	0.383	1.963	0.378	0.218	0.166	-8984.529
575	8	500	495	0.5278	0.343	0.305	0.308	0.313	0.254	0.284	0.319	0.330	0.349	0.264	0.282	0.265	0.260	0.297	1.899	0.326	0.148	0.201	-8907.421
576	8	500	492	0.4966	0.293	0.320	0.297	0.254	0.282	0.267	0.272	0.341	0.307	0.324	0.327	0.245	0.293	0.286	1.887	0.336	0.143	0.202	-8820.954
577	8	500	495	0.5159	0.220	0.303	0.254	0.315	0.254	0.266	0.292	0.269	0.257	0.351	0.306	0.355	0.240	0.233	1.984	0.571	0.224	0.213	-8670.341
578	8	500	499	0.5108	0.384	0.296	0.267	0.300	0.252	0.300	0.290	0.317	0.284	0.264	0.339	0.246	0.292	0.273	1.907	0.456	0.268	0.180	-8865.424
579	8	500	491	0.5093	0.239	0.322	0.272	0.271	0.303	0.294	0.282	0.292	0.251	0.310	0.264	0.267	0.265	0.256	2.071	0.534	0.225	0.193	-8588.348
580	8	500	491	0.5128	0.331	0.264	0.278	0.321	0.300	0.273	0.357	0.304	0.384	0.262	0.279	0.239	0.303	0.312	1.983	0.587	0.239	0.201	-8837.752
581	8	500	493	0.5072	0.351	0.407	0.304	0.287	0.276	0.338	0.297	0.310	0.307	0.290	0.304	0.288	0.248	0.307	2.128	0.492	0.262	0.216	-9031.786
582	8	500	491	0.5122	0.260	0.400	0.328	0.284	0.265	0.334	0.381	0.314	0.347	0.274	0.300	0.317	0.330	0.314	2.031	0.487	0.262	0.187	-9098.902
583	8	500	498	0.5207	0.076	0.330	0.342	0.233	0.273	0.317	0.305	0.407	0.343	0.214	0.311	0.378	0.322	0.314	2.021	0.619	0.380	0.220	-9025.741
584	8	500	493	0.4979	0.292	0.282	0.287	0.333	0.306	0.311	0.244	0.259	0.302	0.352	0.254	0.369	0.304	0.357	1.950	0.557	0.248	0.206	-8952.421
585	8	500	496	0.5185	0.288	0.349	0.312	0.285	0.254	0.286	0.273	0.352	0.255	0.304	0.269	0.327	0.301	0.324	1.988	0.529	0.206	0.197	-8832.290
586	8	500	495	0.5128	0.319	0.338	0.333	0.272	0.335	0.320	0.289	0.275	0.359	0.339	0.257	0.260	0.313	0.309	2.095	0.544	0.285	0.191	-8977.129
587	8	500	491	0.5108	0.311	0.331	0.279	0.299	0.316	0.272	0.344	0.338	0.304	0.247	0.385	0.311	0.355	0.271	1.894	0.519	0.345	0.189	-9063.237
588	8	500	494	0.5116	0.274	0.210	0.266	0.355	0.289	0.283	0.348	0.351	0.302	0.337	0.292	0.295	0.251	0.330	1.972	0.552	0.325	0.222	-9032.752
589	8	500	494	0.5173	0.266	0.263	0.302	0.243	0.363	0.253	0.297	0.239	0.262	0.257	0.330	0.316	0.282	0.298	2.054	0.394	0.200	0.193	-8723.802
590	8	500	494	0.5072	0.296	0.341	0.336	0.290	0.270	0.325	0.335	0.294	0.322	0.277	0.291	0.310	0.334	0.287	1.915	0.479	0.290	0.196	-9102.299
591	8	500	492	0.5115	0.262	0.269	0.310	0.279	0.302	0.211	0.360	0.325	0.299	0.298	0.242	0.303	0.291	0.301	1.942	0.625	0.285	0.185	-8717.540
592	8	500	489	0.5143	0.307	0.280	0.264	0.340	0.281	0.271	0.331	0.292	0.274	0.311	0.235	0.290	0.354	0.269	2.148	0.361	0.199	0.176	-8806.083
593	8	500	493	0.5144	0.307	0.277	0.350	0.249	0.357	0.306	0.328	0.313	0.339	0.349	0.363	0.291	0.354	0.302	2.010	0.477	0.304	0.184	-9180.135
594	8	500	495	0.5096	0.330	0.309	0.270	0.319	0.361	0.290	0.340	0.334	0.258	0.253	0.341	0.326	0.285	0.315	1.897	0.537	0.280	0.170	-8965.443
595	8	500	497	0.5292	0.337	0.289	0.327	0.289	0.347	0.287	0.258	0.365	0.298	0.258	0.322	0.247	0.292	0.325	1.950	0.397	0.198	0.231	-9059.459
596	8	500	493	0.5078	0.266	0.307	0.309	0.327	0.294	0.255	0.331	0.228	0.329	0.250	0.306	0.245	0.295	0.364	1.824	0.437	0.232	0.180	-8939.963
597	8	500	495	0.5158	0.306	0.261	0.277	0.337	0.322	0.323	0.298	0.375	0.345	0.286	0.266	0.308	0.284	0.314	1.942	0.404	0.223	0.197	-8988.019
598	8	500	496	0.5199	0.317	0.344	0.330	0.357	0.333	0.265	0.302	0.350	0.316	0.319	0.331	0.377	0.339	0.300	1.979	0.483	0.256	0.214	-9327.066
599	8	500	496	0.5111	0.318	0.349	0.310	0.345	0.307	0.300	0.280	0.262	0.332	0.312	0.337	0.368	0.291	0.329	1.913	0.365	0.236	0.175	-9181.329
600	8	500	495	0.5058	0.350	0.299	0.242	0.294	0.314	0.283	0.349	0.281	0.309	0.330	0.338	0.301	0.241	0.316	1.883	0.470	0.167	0.200	-8874.509
601	8	500	491	0.5160	0.267	0.239	0.294	0.308	0.310	0.303	0.291	0.264	0.307	0.310	0.295	0.242	0.272	0.294	1.955	0.258	0.114	0.180	-8718.705
602	8	500	494	0.4972	0.263	0.321	0.302	0.237	0.300	0.341	0.306	0.305	0.302	0.255	0.334	0.321	0.236	0.269	1.867	0.579	0.195	0.218	-8747.273
603	8	500	493	0.5237	0.339	0.258	0.328	0.343	0.297	0.273	0.319	0.310	0.325	0.272	0.297	0.226	0.271	0.278	1.959	0.491	0.210	0.195	-8830.589
604	8	500	495	0.5206	0.264	0.360	0.299	0.307	0.295	0.228	0.294	0.272	0.306	0.356	0.307	0.311	0.278	0.339	1.937	0.450	0.235	0.205	-8980.712
605	8	500	493	0.5138	0.369	0.348	0.242	0.300	0.310	0.274	0.395	0.321	0.312	0.333	0.291	0.399	0.296	0.301	2.119	0.530	0.320	0.221	-9199.303
606	8	500	491	0.5262	0.359	0.320	0.295	0.289	0.339	0.250	0.240	0.275	0.349	0.331	0.300	0.294	0.290	0.280	1.968	0.411	0.217	0.206	-8909.599
607	8	500	494	0.5080	0.283	0.330	0.305	0.255	0.225	0.307	0.362	0.312	0.288	0.325	0.196	0.343	0.330	0.305	2.072	0.519	0.219	0.206	-8842.668
608	8	500	493	0.4984	0.355	0.242	0.318	0.279	0.375	0.249	0.314	0.298	0.289	0.300	0.341	0.359	0.321	0.296	2.022	0.400	0.246	0.187	-9053.528
609	8	500	488	0.5142	0.328	0.276	0.291	0.262	0.316	0.308	0.276	0.358	0.274	0.288	0.324	0.255	0.256	0.322	2.011	0.566	0.305	0.188	-8780.285
610	8	500	490	0.5178	0.324	0.285	0.309	0.270	0.333	0.340	0.292	0.304	0.274	0.273	0.287	0.288	0.314	0.303	1.998	0.495	0.250	0.196	-8938.679
611	8	500	494	0.5130	0.326	0.322	0.314	0.315	0.333	0.257	0.333	0.354	0.328	0.293	0.281	0.337	0.327	0.320	2.060	0.543	0.293	0.241	-9233.616
612	8	500	491	0.5001	0.346	0.281	0.307	0.217	0.340	0.254	0.293	0.360	0.301	0.302	0.288	0.327	0.275	0.358	1.965	0.378	0.238	0.192	-8964.434
613	8	500	493	0.5070	0.239	0.251	0.279	0.275	0.334	0.312	0.234	0.306	0.296	0.327	0.264	0.292	0.292	0.227	1.759	0.516	0.159	0.238	-8655.854
614	8	500	493	0.5104	0.307	0.292	0.268	0.309	0.297	0.278	0.302	0.354	0.320	0.322	0.371	0.296	0.319	0.236	1.893	0.545	0.298	0.208	-9059.009
615	8	500	494	0.5092	0.244	0.280	0.298	0.253	0.303	0.280	0.289	0.326	0.256	0.327	0.296	0.303	0.289	0.296	2.055	0.457	0.245	0.186	-8779.984
616	8	500	495	0.4992	0.300	0.256	0.297	0.287	0.325	0.325	0.289	0.323	0.304	0.340	0.299	0.275	0.296	0.277	1.752	0.558	0.313	0.196	-9003.677
617	8	500	491	0.5064	0.329	0.331	0.290	0.243	0.289	0.333	0.280	0.311	0.295	0.320	0.295	0.214	0.277	0.288	2.200	0.582	0.244	0.200	-8714.532
618	8	500	493	0.5082	0.285	0.345	0.267	0.294	0.291	0.273	0.291	0.242	0.304	0.260	0.295	0.299	0.282	0.276	1.983	0.383	0.208	0.198	-8807.276
619	8	500	491	0.5105	0.287	0.235	0.342	0.304	0.323	0.301	0.289	0.272	0.301	0.311	0.280	0.304	0.351	0.293	2.142	0.474	0.259	0.184	-8894.585
620	8	500	494	0.5088	0.286	0.261	0.315	0.297	0.306	0.343	0.278	0.318	0.301	0.308	0.259	0.327	0.318	0.308	1.964	0.416	0.212	0.181	-8911.334
621	8	500	490	0.5171	0.326	0.311	0.263	0.347	0.272	0.345	0.320	0.291	0.252	0.282	0.353	0.369	0.265	0.268	2.025	0.418	0.224	0.191	-8941.851
622	8	500	493	0.5219	0.290	0.360	0.248	0.367	0.263	0.370	0.297	0.318	0.340	0.289	0.333	0.291	0.316	0.324	1.881	0.431	0.267	0.169	-9141.366
623	8	500	489	0.5361	0.297	0.301	0.242	0.330	0.302	0.304	0.273	0.288	0.354	0.341	0.303	0.275	0.254	0.348	1.789	0.405	0.214	0.184	-9005.010
624	8	500	497	0.4960	0.283	0.284	0.293	0.293	0.357	0.266	0.267	0.255	0.385	0.289	0.362	0.395	0.246	0.330	1.899	0.512	0.328	0.161	-8930.161
625	8	500	496	0.5085	0.286	0.328	0.255	0.305	0.282	0.307	0.310	0.308	0.325	0.261	0.328	0.308	0.316	0.331	2.281	0.536	0.229	0.223	-8936.088
626	8	500	499	0.5260	0.300	0.283	0.270	0.273	0.269	0.305	0.303	0.284	0.361	0.303	0.398	0.285	0.300	0.295	1.743	0.308	0.129	0.196	-9030.963
627	8	500	496	0.4980	0.318	0.323	0.275	0.307	0.315	0.252	0.320	0.309	0.302	0.322	0.323	0.306	0.282	0.323	2.046	0.348	0.173	0.175	-8940.284
628	8	500	494	0.5188	0.240	0.303	0.285	0.282	0.335	0.299	0.274	0.335	0.334	0.210	0.327	0.279	0.349	0.286	2.015	0.490	0.227	0.199	-8828.155
629	8	500	496	0.5152	0.321	0.290	0.298	0.343	0.245	0.293	0.248	0.251	0.334	0.279	0.301	0.331	0.332	0.271	2.170	0.434	0.181	0.223	-8872.289
630	8	500	498	0.5078	0.305	0.377	0.291	0.339	0.305	0.268	0.309	0.302	0.246	0.300	0.254	0.331	0.263	0.367	2.051	0.565	0.302	0.199	-8956.904
631	8	500	498	0.5198	0.268	0.225	0.308	0.332	0.383	0.282	0.309	0.317	0.269	0.301	0.285	0.329	0.333	0.316	2.036	0.473	0.236	0.206	-9033.098
632	8	500	495	0.5238	0.262	0.292	0.274	0.262	0.315	0.306	0.266	0.348	0.227	0.316	0.290	0.342	0.299	0.290	2.038	0.442	0.203	0.231	-8879.823
633	8	500	495	0.5225	0.248	0.257	0.324	0.278	0.337	0.280	0.325	0.317	0.237	0.284	0.423	0.255	0.292	0.302	1.890	0.482	0.223	0.206	-8948.842
634	8	500	494	0.5110	0.386	0.306	0.248	0.310	0.365	0.297	0.305	0.359	0.290	0.306	0.349	0.337	0.331	0.307	1.927	0.306	0.146	0.195	-9134.901
635	8	500	492	0.5284	0.239	0.319	0.319	0.309	0.258	0.267	0.336	0.236	0.292	0.294	0.367	0.289	0.358	0.338	2.109	0.601	0.332	0.204	-9008.495
636	8	500	493	0.5340	0.279	0.260	0.279	0.290	0.351	0.290	0.301	0.280	0.254	0.281	0.301	0.295	0.296	0.312	2.068	0.530	0.295	0.180	-8784.460
637	8	500	489	0.5223	0.287	0.239	0.322	0.289	0.310	0.246	0.286	0.282	0.373	0.217	0.368	0.237	0.264	0.217	1.901	0.463	0.212	0.186	-8648.038
638	8	500	492	0.5105	0.274	0.255	0.302	0.343	0.385	0.267	0.314	0.324	0.307	0.338	0.319	0.260	0.338	0.264	2.068	0.619	0.284	0.208	-8994.292
639	8	500	496	0.5250	0.305	0.265	0.305	0.243	0.328	0.294	0.360	0.318	0.244	0.292	0.239	0.241	0.353	0.334	2.012	0.593	0.281	0.205	-8838.144
640	8	500	495	0.5097	0.342	0.327	0.294	0.282	0.283	0.332	0.250	0.290	0.327	0.291	0.326	0.309	0.319	0.302	2.030	0.528	0.219	0.194	-8864.650
641	8	500	491	0.5178	0.350	0.295	0.205	0.318	0.266	0.290	0.298	0.297	0.310	0.369	0.308	0.349	0.227	0.313	2.087	0.479	0.250	0.177	-8835.661
642	8	500	491	0.5256	0.315	0.320	0.296	0.314	0.256	0.286	0.317	0.347	0.294	0.300	0.309	0.313	0.300	0.247	1.900	0.393	0.191	0.202	-9002.596
643	8	500	492	0.5101	0.289	0.294	0.340	0.337	0.246	0.259	0.302	0.275	0.290	0.285	0.319	0.250	0.245	0.326	1.832	0.650	0.278	0.213	-8822.550
644	8	500	489	0.4932	0.297	0.257	0.271	0.302	0.319	0.265	0.287	0.286	0.257	0.326	0.338	0.311	0.312	0.322	1.987	0.522	0.234	0.189	-8860.505
645	8	500	489	0.5209	0.344	0.320	0.291	0.302	0.327	0.338	0.305	0.262	0.287	0.230	0.308	0.329	0.292	0.242	2.134	0.319	0.188	0.204	-8917.192
646	8	500	490	0.5026	0.342	0.293	0.292	0.265	0.277	0.286	0.319	0.357	0.294	0.284	0.289	0.271	0.292	0.310	2.028	0.335	0.169	0.183	-8841.230
647	8	500	495	0.5127	0.276	0.317	0.339	0.262	0.296	0.281	0.271	0.298	0.365	0.290	0.342	0.248	0.293	0.279	1.982	0.493	0.301	0.203	-8945.473
648	8	500	492	0.5192	0.221	0.315	0.296	0.315	0.297	0.258	0.299	0.295	0.320	0.300	0.275	0.354	0.325	0.301	1.988	0.591	0.218	0.187	-8789.324
649	8	500	496	0.5223	0.330	0.283	0.360	0.271	0.314	0.294	0.268	0.338	0.279	0.292	0.318	0.249	0.296	0.284	1.978	0.601	0.399	0.192	-8934.072
650	8	500	491	0.5077	0.275	0.312	0.288	0.312	0.278	0.258	0.352	0.314	0.348	0.312	0.309	0.297	0.336	0.254	1.980	0.430	0.208	0.198	-8939.012
651	8	500	488	0.5184	0.248	0.283	0.285	0.301	0.321	0.378	0.269	0.218	0.298	0.279	0.277	0.309	0.175	0.362	1.996	0.478	0.281	0.171	-8717.665
652	8	500	492	0.5047	0.270	0.322	0.225	0.330	0.324	0.273	0.278	0.347	0.315	0.296	0.298	0.227	0.281	0.275	2.018	0.245	0.133	0.211	-8808.812
653	8	500	484	0.4934	0.241	0.300	0.276	0.320	0.376	0.260	0.256	0.286	0.286	0.281	0.292	0.290	0.233	0.306	2.112	0.391	0.221	0.178	-8686.774
654	8	500	497	0.5143	0.267	0.285	0.250	0.401	0.377	0.278	0.350	0.289	0.374	0.279	0.309	0.270	0.350	0.286	2.124	0.017	0.006	0.213	-9054.890
655	8	500	487	0.5362	0.289	0.320	0.347	0.286	0.219	0.350	0.305	0.293	0.269	0.252	0.310	0.318	0.332	0.290	1.950	0.506	0.183	0.222	-8940.742
656	8	500	497	0.5146	0.325	0.315	0.259	0.329	0.354	0.346	0.294	0.276	0.296	0.315	0.293	0.342	0.329	0.303	2.003	0.472	0.226	0.215	-9136.863
657	8	500	488	0.5044	0.299	0.356	0.276	0.295	0.229	0.263	0.367	0.302	0.294	0.297	0.276	0.326	0.338	0.302	2.083	0.518	0.240	0.175	-8794.366
658	8	500	488	0.5224	0.259	0.344	0.242	0.310	0.281	0.273	0.277	0.256	0.242	0.285	0.262	0.328	0.362	0.321	2.103	0.567	0.220	0.173	-8604.120
659	8	500	490	0.5074	0.273	0.271	0.286	0.317	0.330	0.301	0.268	0.264	0.352	0.255	0.335	0.241	0.340	0.243	1.999	0.437	0.189	0.178	-8738.345
660	8	500	500	0.5258	0.271	0.256	0.283	0.294	0.340	0.307	0.396	0.352	0.290	0.319	0.316	0.355	0.375	0.347	2.006	0.554	0.349	0.175	-9261.964
661	8	500	493	0.5250	0.398	0.280	0.245	0.342	0.230	0.251	0.270	0.342	0.264	0.279	0.252	0.292	0.289	0.244	1.989	0.550	0.237	0.181	-8583.789
662	8	500	492	0.5010	0.262	0.365	0.262	0.285	0.331	0.265	0.363	0.297	0.228	0.269	0.354	0.341	0.274	0.313	1.856	0.515	0.246	0.201	-8956.804
663	8	500	494	0.5113	0.321	0.263	0.268	0.316	0.259	0.274	0.259	0.273	0.340	0.326	0.263	0.311	0.314	0.328	2.138	0.476	0.258	0.188	-8802.420
664	8	500	492	0.5098	0.331	0.313	0.255	0.310	0.279	0.278	0.312	0.267	0.352	0.288	0.270	0.286	0.288	0.302	1.790	0.395	0.160	0.221	-8896.751
665	8	500	494	0.5179	0.319	0.344	0.326	0.278	0.274	0.285	0.277	0.323	0.364	0.320	0.301	0.334	0.267	0.324	1.993	0.456	0.289	0.169	-9025.875
666	8	500	494	0.5204	0.350	0.357	0.237	0.307	0.243	0.367	0.315	0.301	0.307	0.327	0.380	0.287	0.345	0.295	1.924	0.189	0.091	0.168	-9061.765
667	8	500	492	0.5034	0.305	0.255	0.296	0.335	0.308	0.288	0.250	0.317	0.255	0.305	0.275	0.239	0.284	0.287	2.073	0.437	0.193	0.231	-8789.108
668	8	500	494	0.5180	0.352	0.309	0.234	0.291	0.375	0.299	0.318	0.260	0.336	0.306	0.366	0.318	0.307	0.263	1.987	0.403	0.219	0.195	-9076.589
669	8	500	492	0.4991	0.310	0.309	0.304	0.307	0.344	0.358	0.335	0.319	0.270	0.336	0.310	0.334	0.270	0.353	2.118	0.526	0.309	0.211	-9187.946
670	8	500	494	0.5061	0.323	0.332	0.291	0.268	0.240	0.276	0.245	0.294	0.237	0.284	0.269	0.354	0.361	0.252	2.031	0.492	0.263	0.208	-8787.499
671	8	500	489	0.5128	0.223	0.298	0.268	0.278	0.410	0.330	0.309	0.303	0.297	0.277	0.344	0.343	0.262	0.366	2.092	0.489	0.251	0.209	-9032.008
672	8	500	486	0.5208	0.266	0.309	0.266	0.262	0.305	0.283	0.309	0.306	0.254	0.309	0.283	0.263	0.332	0.296	1.914	0.654	0.288	0.211	-8781.141
673	8	500	487	0.5057	0.278	0.302	0.312	0.282	0.298	0.342	0.313	0.277	0.278	0.252	0.338	0.333	0.269	0.281	1.867	0.571	0.294	0.203	-8919.192
674	8	500	494	0.5157	0.333	0.296	0.251	0.284	0.254	0.300	0.285	0.326	0.261	0.356	0.270	0.234	0.331	0.347	2.076	0.529	0.242	0.185	-8805.707
675	8	500	497	0.5379	0.311	0.295	0.286	0.246	0.286	0.263	0.330	0.276	0.357	0.299	0.276	0.258	0.298	0.310	1.932	0.598	0.204	0.257	-8958.050
676	8	500	496	0.5183	0.274	0.333	0.279	0.285	0.312	0.361	0.291	0.298	0.285	0.274	0.329	0.325	0.352	0.263	1.943	0.576	0.278	0.204	-8981.377
677	8	500	490	0.5021	0.275	0.246	0.296	0.294	0.310	0.298	0.298	0.325	0.333	0.295	0.274	0.271	0.301	0.307	1.990	0.532	0.299	0.200	-8866.668
678	8	500	495	0.5038	0.259	0.271	0.296	0.328	0.304	0.285	0.293	0.337	0.250	0.317	0.257	0.324	0.298	0.310	1.824	0.547	0.213	0.207	-8861.440
679	8	500	498	0.5053	0.327	0.323	0.331	0.291	0.295	0.319	0.302	0.273	0.275	0.299	0.294	0.380	0.310	0.265	2.055	0.485	0.241	0.203	-8982.756
680	8	500	493	0.4936	0.316	0.318	0.226	0.315	0.374	0.266	0.259	0.291	0.311	0.226	0.303	0.290	0.299	0.400	1.948	0.620	0.323	0.228	-8953.757
681	8	500	491	0.5165	0.352	0.246	0.316	0.299	0.275	0.343	0.279	0.291	0.317	0.280	0.329	0.293	0.321	0.272	1.881	0.484	0.253	0.198	-8975.485
682	8	500	489	0.5058	0.332	0.326	0.249	0.324	0.304	0.338	0.242	0.263	0.319	0.335	0.327	0.338	0.321	0.253	1.884	0.339	0.168	0.192	-8951.711
683	8	500	489	0.4841	0.268	0.300	0.279	0.326	0.253	0.279	0.317	0.288	0.269	0.352	0.285	0.292	0.269	0.306	1.792	0.526	0.259	0.193	-8818.046
684	8	500	491	0.5183	0.302	0.267	0.279	0.353	0.295	0.278	0.265	0.301	0.289	0.338	0.305	0.290	0.316	0.259	2.008	0.442	0.222	0.196	-8883.932
685	8	500	494	0.5006	0.293	0.255	0.290	0.288	0.348	0.311	0.307	0.340	0.223	0.268	0.345	0.316	0.272	0.323	1.890	0.453	0.243	0.204	-9000.489
686	8	500	493	0.5128	0.288	0.323	0.291	0.322	0.283	0.292	0.307	0.287	0.313	0.312	0.300	0.326	0.326	0.342	2.300	0.507	0.267	0.205	-8995.809
687	8	500	494	0.5394	0.320	0.310	0.278	0.281	0.288	0.381	0.272	0.273	0.298	0.360	0.275	0.275	0.294	0.304	1.953	0.337	0.139	0.194	-8926.407
688	8	500	491	0.5088	0.270	0.241	0.287	0.289	0.290	0.311	0.287	0.293	0.275	0.326	0.292	0.313	0.279	0.273	2.013	0.464	0.245	0.179	-8756.979
689	8	500	493	0.5123	0.366	0.267	0.304	0.297	0.273	0.303	0.223	0.296	0.279	0.311	0.329	0.241	0.320	0.330	2.203	0.574	0.216	0.227	-8840.916
690	8	500	490	0.5304	0.288	0.387	0.320	0.262	0.255	0.364	0.299	0.332	0.279	0.301	0.310	0.210	0.286	0.315	2.003	0.506	0.253	0.211	-9008.306
691	8	500	492	0.5096	0.327	0.298	0.308	0.265	0.273	0.337	0.260	0.352	0.238	0.329	0.301	0.299	0.344	0.336	1.918	0.479	0.209	0.229	-9016.759
692	8	500	491	0.5179	0.327	0.280	0.320	0.312	0.324	0.293	0.291	0.347	0.295	0.272	0.357	0.262	0.279	0.317	2.007	0.493	0.293	0.190	-8984.543
693	8	500	499	0.4946	0.343	0.346	0.284	0.318	0.288	0.277	0.295	0.326	0.400	0.331	0.334	0.361	0.322	0.389	2.095	0.502	0.227	0.213	-9210.137
694	8	500	493	0.5071	0.294	0.357	0.329	0.303	0.314	0.312	0.340	0.309	0.250	0.355	0.337	0.357	0.328	0.305	1.829	0.466	0.330	0.202	-9272.751
695	8	500	497	0.5141	0.354	0.283	0.311	0.285	0.278	0.344	0.310	0.286	0.306	0.366	0.283	0.249	0.305	0.334	2.343	0.485	0.289	0.221	-9023.207
696	8	500	491	0.5318	0.310	0.207	0.252	0.317	0.289	0.317	0.277	0.277	0.350	0.296	0.241	0.242	0.281	0.241	1.932	0.509	0.214	0.210	-8663.048
697	8	500	490	0.5058	0.335	0.328	0.196	0.388	0.264	0.291	0.291	0.335	0.278	0.295	0.292	0.304	0.338	0.249	2.038	0.531	0.255	0.197	-8829.844
698	8	500	496	0.5232	0.274	0.281	0.317	0.301	0.311	0.263	0.283	0.274	0.345	0.330	0.314	0.301	0.351	0.316	2.097	0.314	0.207	0.192	-9097.375
699	8	500	493	0.5079	0.312	0.308	0.334	0.305	0.300	0.276	0.294	0.231	0.281	0.276	0.276	0.271	0.320	0.251	1.927	0.404	0.249	0.206	-8903.181
700	8	500	492	0.5271	0.295	0.254	0.294	0.292	0.328	0.311	0.331	0.285	0.376	0.296	0.309	0.324	0.309	0.332	1.927	0.530	0.316	0.183	-9064.573
701	8	500	493	0.5288	0.269	0.312	0.304	0.312	0.259	0.325	0.321	0.328	0.310	0.312	0.331	0.348	0.291	0.323	1.932	0.544	0.375	0.177	-9133.402
702	8	500	495	0.5142	0.337	0.279	0.357	0.303	0.296	0.338	0.271	0.285	0.300	0.304	0.323	0.380	0.280	0.314	2.053	0.577	0.347	0.182	-9028.544
703	8	500	491	0.5108	0.307	0.284	0.283	0.302	0.248	0.267	0.285	0.299	0.271	0.357	0.304	0.406	0.341	0.332	2.035	0.508	0.281	0.191	-9009.578
704	8	500	489	0.5098	0.237	0.326	0.241	0.286	0.287	0.278	0.281	0.277	0.297	0.287	0.300	0.367	0.253	0.322	1.905	0.407	0.226	0.163	-8724.041
705	8	500	495	0.5169	0.272	0.274	0.272	0.361	0.284	0.291	0.302	0.324	0.306	0.391	0.244	0.314	0.337	0.290	1.883	0.533	0.304	0.195	-9064.970
706	8	500	494	0.5297	0.246	0.288	0.321	0.280	0.299	0.271	0.320	0.306	0.373	0.302	0.312	0.260	0.371	0.279	2.134	0.604	0.321	0.204	-8970.297
707	8	500	494	0.5115	0.307	0.319	0.337	0.250	0.318	0.264	0.342	0.328	0.339	0.276	0.301	0.261	0.223	0.299	1.932	0.438	0.217	0.198	-8857.674
708	8	500	497	0.5077	0.319	0.306	0.285	0.290	0.362	0.310	0.316	0.310	0.390	0.288	0.365	0.299	0.330	0.294	1.942	0.300	0.180	0.176	-9105.327
709	8	500	495	0.4984	0.301	0.323	0.270	0.284	0.271	0.294	0.248	0.371	0.239	0.262	0.291	0.316	0.334	0.261	2.002	0.538	0.245	0.201	-8690.111
710	8	500	490	0.5033	0.300	0.301	0.283	0.341	0.249	0.269	0.294	0.253	0.298	0.282	0.299	0.252	0.321	0.311	2.229	0.522	0.208	0.174	-8584.442
711	8	500	498	0.5271	0.279	0.308	0.280	0.325	0.290	0.294	0.284	0.324	0.257	0.218	0.367	0.305	0.322	0.273	1.954	0.395	0.215	0.198	-8941.674
712	8	500	493	0.5172	0.312	0.268	0.335	0.237	0.323	0.304	0.272	0.268	0.249	0.246	0.303	0.309	0.293	0.316	1.758	0.629	0.286	0.210	-8805.918
713	8	500	491	0.5190	0.259	0.242	0.258	0.333	0.240	0.268	0.265	0.334	0.274	0.285	0.315	0.264	0.315	0.306	1.822	0.444	0.228	0.210	-8789.466
714	8	500	497	0.5169	0.287	0.270	0.292	0.272	0.316	0.271	0.299	0.239	0.373	0.279	0.283	0.314	0.308	0.230	2.082	0.507	0.248	0.222	-8823.896
715	8	500	493	0.5098	0.273	0.327	0.359	0.270	0.304	0.300	0.280	0.272	0.346	0.323	0.321	0.296	0.306	0.296	1.840	0.451	0.200	0.192	-9040.999
716	8	500	491	0.5152	0.324	0.272	0.245	0.325	0.366	0.353	0.316	0.353	0.345	0.294	0.304	0.355	0.258	0.310	2.317	0.454	0.277	0.200	-9069.160
717	8	500	495	0.5182	0.299	0.296	0.311	0.265	0.226	0.281	0.302	0.265	0.237	0.289	0.336	0.316	0.315	0.257	2.092	0.503	0.273	0.221	-8801.953
718	8	500	494	0.5037	0.299	0.302	0.317	0.275	0.279	0.278	0.262	0.276	0.250	0.288	0.340	0.335	0.332	0.311	2.021	0.503	0.224	0.228	-8949.856
719	8	500	493	0.5157	0.221	0.299	0.304	0.281	0.323	0.311	0.300	0.229	0.286	0.293	0.318	0.328	0.393	0.255	2.040	0.596	0.244	0.206	-8879.025
720	8	500	494	0.5138	0.267	0.278	0.382	0.312	0.300	0.298	0.277	0.298	0.287	0.251	0.280	0.311	0.329	0.261	1.965	0.526	0.222	0.198	-8868.354
721	8	500	488	0.5185	0.325	0.394	0.295	0.286	0.259	0.214	0.349	0.279	0.310	0.255	0.345	0.327	0.355	0.329	1.749	0.541	0.304	0.174	-8991.127
722	8	500	491	0.5158	0.331	0.302	0.325	0.299	0.267	0.304	0.310	0.249	0.270	0.333	0.306	0.299	0.303	0.323	1.926	0.583	0.259	0.210	-8937.951
723	8	500	493	0.5247	0.275	0.218	0.283	0.307	0.264	0.372	0.241	0.284	0.279	0.278	0.243	0.346	0.259	0.264	1.991	0.515	0.239	0.240	-8759.542
724	8	500	492	0.5008	0.311	0.231	0.291	0.287	0.342	0.255	0.319	0.266	0.301	0.253	0.284	0.295	0.285	0.280	1.805	0.453	0.236	0.177	-8689.372
725	8	500	496	0.5048	0.428	0.312	0.219	0.352	0.283	0.325	0.368	0.416	0.212	0.263	0.270	0.262	0.304	0.214	2.120	0.561	0.241	0.210	-8815.022
726	8	500	492	0.5282	0.271	0.281	0.280	0.358	0.339	0.291	0.307	0.271	0.284	0.279	0.337	0.303	0.297	0.298	1.947	0.396	0.287	0.163	-9023.377
727	8	500	493	0.5221	0.355	0.358	0.292	0.323	0.335	0.283	0.334	0.344	0.247	0.272	0.259	0.369	0.326	0.322	1.986	0.508	0.243	0.222	-9168.247
728	8	500	491	0.5068	0.292	0.264	0.271	0.265	0.260	0.256	0.268	0.299	0.300	0.275	0.309	0.250	0.343	0.317	2.014	0.533	0.209	0.229	-8702.875
729	8	500	493	0.5156	0.262	0.257	0.346	0.271	0.334	0.317	0.340	0.289	0.316	0.296	0.267	0.257	0.312	0.305	1.828	0.377	0.192	0.177	-8932.089
730	8	500	497	0.5042	0.315	0.253	0.247	0.346	0.323	0.279	0.281	0.351	0.263	0.333	0.332	0.355	0.305	0.288	1.993	0.411	0.170	0.213	-8962.349
731	8	500	495	0.5127	0.344	0.298	0.256	0.334	0.247	0.283	0.252	0.346	0.293	0.280	0.249	0.356	0.295	0.260	2.007	0.557	0.260	0.193	-8723.262
732	8	500	499	0.5139	0.361	0.320	0.303	0.365	0.337	0.345	0.301	0.311	0.321	0.287	0.379	0.270	0.375	0.316	1.932	0.481	0.257	0.206	-9366.472
733	8	500	495	0.5215	0.310	0.286	0.271	0.302	0.294	0.344	0.325	0.287	0.250	0.391	0.290	0.305	0.264	0.246	2.034	0.333	0.182	0.174	-8887.007
734	8	500	494	0.5059	0.280	0.329	0.349	0.330	0.277	0.341	0.292	0.320	0.250	0.247	0.342	0.367	0.370	0.279	2.135	0.585	0.310	0.211	-9108.180
735	8	500	494	0.5082	0.295	0.305	0.277	0.251	0.242	0.248	0.372	0.322	0.289	0.344	0.236	0.261	0.339	0.274	2.163	0.512	0.224	0.208	-8756.628
736	8	500	492	0.5076	0.399	0.282	0.329	0.309	0.277	0.281	0.252	0.314	0.322	0.263	0.321	0.311	0.280	0.289	1.936	0.474	0.207	0.180	-8846.213
737	8	500	499	0.5117	0.341	0.228	0.315	0.324	0.372	0.320	0.292	0.380	0.202	0.250	0.319	0.347	0.277	0.309	1.999	0.458	0.200	0.212	-8935.106
738	8	500	492	0.5167	0.291	0.276	0.302	0.335	0.327	0.282	0.299	0.317	0.324	0.287	0.233	0.283	0.340	0.286	2.066	0.721	0.279	0.225	-8877.452
739	8	500	490	0.5148	0.249	0.234	0.266	0.298	0.320	0.290	0.311	0.277	0.353	0.327	0.257	0.306	0.306	0.236	1.896	0.509	0.180	0.198	-8720.705
740	8	500	491	0.5192	0.332	0.255	0.324	0.288	0.266	0.344	0.332	0.334	0.232	0.342	0.280	0.410	0.327	0.341	1.866	0.506	0.294	0.183	-9117.313
741	8	500	495	0.5146	0.326	0.236	0.359	0.334	0.338	0.340	0.266	0.276	0.388	0.277	0.248	0.258	0.279	0.342	2.116	0.495	0.279	0.175	-8922.805
742	8	500	490	0.5198	0.000	0.320	0.261	0.323	0.344	0.281	0.319	0.585	0.307	0.285	0.341	0.236	0.291	0.358	2.132	0.003	0.002	0.188	-8990.736
743	8	500	490	0.5068	0.314	0.287	0.328	0.318	0.257	0.285	0.315	0.339	0.256	0.317	0.313	0.348	0.269	0.299	1.912	0.480	0.250	0.185	-8963.076
744	8	500	497	0.5064	0.247	0.342	0.311	0.266	0.352	0.283	0.305	0.291	0.336	0.274	0.318	0.379	0.282	0.281	2.031	0.534	0.243	0.180	-8920.557
745	8	500	489	0.5251	0.317	0.285	0.281	0.255	0.292	0.322	0.276	0.280	0.235	0.282	0.240	0.238	0.263	0.290	1.927	0.568	0.237	0.201	-8584.851
746	8	500	491	0.5040	0.286	0.296	0.263	0.263	0.334	0.290	0.293	0.305	0.270	0.239	0.366	0.271	0.298	0.256	1.779	0.506	0.261	0.180	-8749.407
747	8	500	493	0.5114	0.338	0.284	0.292	0.259	0.270	0.353	0.295	0.325	0.323	0.289	0.294	0.334	0.242	0.305	1.967	0.540	0.322	0.192	-8975.142
748	8	500	495	0.5170	0.341	0.271	0.284	0.305	0.305	0.224	0.269	0.284	0.304	0.310	0.279	0.277	0.257	0.272	1.918	0.511	0.203	0.209	-8705.807
749	8	500	496	0.5012	0.278	0.293	0.312	0.258	0.308	0.295	0.313	0.348	0.346	0.295	0.279	0.302	0.328	0.350	2.184	0.469	0.266	0.202	-9020.957
750	8	500	492	0.5145	0.274	0.334	0.306	0.265	0.274	0.287	0.338	0.235	0.300	0.297	0.371	0.295	0.325	0.325	1.849	0.508	0.304	0.195	-9084.761
751	8	500	495	0.5351	0.245	0.216	0.300	0.279	0.302	0.267	0.277	0.303	0.301	0.294	0.297	0.257	0.320	0.288	2.213	0.386	0.103	0.221	-8583.646
752	8	500	495	0.5227	0.335	0.293	0.215	0.291	0.335	0.272	0.312	0.298	0.365	0.308	0.273	0.228	0.347	0.315	2.138	0.379	0.216	0.194	-8875.023
753	8	500	492	0.5094	0.263	0.324	0.306	0.295	0.304	0.282	0.287	0.257	0.293	0.328	0.292	0.249	0.258	0.334	2.128	0.506	0.265	0.180	-8798.756
754	8	500	490	0.5052	0.344	0.295	0.298	0.325	0.266	0.267	0.289	0.353	0.283	0.258	0.268	0.285	0.321	0.279	2.096	0.504	0.243	0.184	-8747.027
755	8	500	490	0.5116	0.336	0.319	0.279	0.296	0.247	0.253	0.211	0.312	0.272	0.246	0.260	0.311	0.305	0.322	2.034	0.428	0.248	0.173	-8640.362
756	8	500	493	0.5152	0.348	0.268	0.313	0.289	0.330	0.316	0.237	0.318	0.310	0.274	0.275	0.292	0.262	0.360	2.083	0.513	0.221	0.204	-8828.353
757	8	500	497	0.5225	0.343	0.379	0.241	0.316	0.281	0.317	0.303	0.312	0.267	0.308	0.337	0.252	0.255	0.331	1.991	0.317	0.171	0.189	-8963.063
758	8	500	490	0.5284	0.216	0.280	0.232	0.319	0.311	0.283	0.284	0.260	0.263	0.305	0.244	0.241	0.326	0.308	2.061	0.494	0.254	0.191	-8644.085
759	8	500	496	0.5113	0.316	0.221	0.256	0.274	0.255	0.336	0.315	0.356	0.298	0.334	0.323	0.281	0.299	0.263	1.932	0.533	0.215	0.196	-8866.042
760	8	500	492	0.5088	0.302	0.309	0.263	0.327	0.304	0.298	0.265	0.332	0.276	0.324	0.326	0.318	0.246	0.332	1.979	0.387	0.178	0.217	-8960.740
761	8	500	492	0.5229	0.392	0.243	0.326	0.306	0.309	0.292	0.352	0.311	0.263	0.260	0.322	0.233	0.271	0.316	1.890	0.485	0.303	0.183	-8990.394
762	8	500	493	0.5269	0.329	0.280	0.294	0.300	0.310	0.292	0.336	0.301	0.256	0.262	0.333	0.313	0.289	0.247	1.980	0.526	0.244	0.217	-8924.092
763	8	500	493	0.5124	0.262	0.367	0.265	0.324	0.336	0.291	0.322	0.267	0.284	0.223	0.305	0.313	0.327	0.235	1.909	0.442	0.208	0.183	-8820.349
764	8	500	496	0.5233	0.286	0.313	0.256	0.291	0.229	0.310	0.350	0.321	0.296	0.321	0.311	0.333	0.297	0.254	2.107	0.472	0.238	0.202	-8916.419
765	8	500	496	0.5224	0.267	0.337	0.306	0.304	0.298	0.350	0.298	0.331	0.360	0.282	0.343	0.276	0.278	0.284	2.066	0.400	0.212	0.212	-9107.784
766	8	500	492	0.4904	0.297	0.310	0.326	0.266	0.320	0.299	0.288	0.301	0.260	0.340	0.305	0.322	0.298	0.194	2.027	0.550	0.280	0.206	-8815.492
767	8	500	493	0.5089	0.309	0.279	0.271	0.283	0.288	0.342	0.294	0.290	0.254	0.288	0.277	0.287	0.268	0.292	2.060	0.494	0.202	0.204	-8717.062
768	8	500	492	0.5088	0.227	0.345	0.295	0.249	0.287	0.276	0.300	0.300	0.288	0.264	0.320	0.264	0.321	0.345	2.313	0.329	0.201	0.172	-8783.150
769	8	500	495	0.5181	0.341	0.275	0.254	0.343	0.362	0.269	0.231	0.307	0.262	0.289	0.282	0.328	0.271	0.280	1.875	0.480	0.217	0.181	-8738.999
770	8	500	494	0.5145	0.321	0.269	0.274	0.351	0.367	0.264	0.351	0.296	0.336	0.331	0.279	0.334	0.268	0.332	1.991	0.430	0.241	0.221	-9171.109
771	8	500	496	0.5178	0.312	0.294	0.335	0.325	0.337	0.330	0.278	0.293	0.341	0.278	0.279	0.375	0.276	0.343	1.802	0.441	0.279	0.209	-9258.706
772	8	500	494	0.5134	0.290	0.313	0.258	0.334	0.311	0.266	0.344	0.307	0.235	0.288	0.295	0.303	0.252	0.305	2.028	0.622	0.258	0.216	-8781.237
773	8	500	491	0.5166	0.321	0.271	0.262	0.321	0.314	0.287	0.286	0.258	0.228	0.312	0.271	0.324	0.232	0.315	1.919	0.619	0.237	0.212	-8736.098
774	8	500	496	0.5099	0.300	0.373	0.324	0.257	0.308	0.312	0.277	0.267	0.325	0.316	0.280	0.326	0.295	0.312	2.206	0.443	0.233	0.191	-8956.234
775	8	500	491	0.4958	0.244	0.315	0.275	0.243	0.259	0.294	0.232	0.291	0.341	0.270	0.293	0.289	0.310	0.254	2.139	0.671	0.329	0.197	-8551.742
776	8	500	492	0.4959	0.243	0.292	0.260	0.286	0.223	0.350	0.232	0.286	0.317	0.283	0.249	0.292	0.321	0.289	1.981	0.339	0.198	0.178	-8696.502
777	8	500	491	0.5078	0.298	0.335	0.288	0.282	0.287	0.322	0.304	0.321	0.300	0.324	0.338	0.260	0.323	0.317	1.985	0.488	0.261	0.220	-9078.865
778	8	500	497	0.5147	0.260	0.248	0.334	0.290	0.357	0.310	0.327	0.318	0.343	0.343	0.315	0.306	0.309	0.287	1.889	0.589	0.324	0.195	-9111.883
779	8	500	492	0.5138	0.304	0.341	0.267	0.353	0.365	0.351	0.295	0.284	0.214	0.333	0.316	0.291	0.338	0.275	1.930	0.565	0.245	0.211	-9071.730
780	8	500	490	0.5136	0.285	0.278	0.277	0.340	0.365	0.288	0.353	0.345	0.274	0.278	0.342	0.301	0.264	0.314	1.903	0.518	0.279	0.174	-8923.219
781	8	500	496	0.5252	0.295	0.315	0.290	0.294	0.261	0.272	0.353	0.289	0.276	0.295	0.258	0.360	0.268	0.329	2.038	0.481	0.288	0.201	-8988.510
782	8	500	490	0.5402	0.241	0.322	0.295	0.259	0.287	0.310	0.296	0.294	0.371	0.286	0.308	0.237	0.301	0.227	2.053	0.498	0.285	0.198	-8793.542
783	8	500	488	0.5137	0.294	0.300	0.235	0.329	0.276	0.311	0.295	0.303	0.270	0.264	0.259	0.293	0.295	0.333	2.044	0.506	0.206	0.211	-8759.028
784	8	500	496	0.5187	0.574	0.272	0.240	0.264	0.329	0.308	0.271	0.001	0.391	0.247	0.305	0.273	0.286	0.204	2.066	0.603	0.257	0.205	-8650.785
785	8	500	493	0.5019	0.299	0.239	0.307	0.306	0.343	0.341	0.347	0.237	0.284	0.302	0.315	0.327	0.323	0.303	1.917	0.501	0.296	0.193	-9055.476
786	8	500	494	0.5123	0.294	0.309	0.324	0.296	0.314	0.285	0.299	0.292	0.267	0.326	0.236	0.364	0.254	0.297	2.105	0.472	0.257	0.178	-8857.759
787	8	500	495	0.5078	0.320	0.328	0.250	0.314	0.276	0.358	0.284	0.301	0.204	0.314	0.297	0.366	0.327	0.321	1.956	0.501	0.207	0.199	-8880.506
788	8	500	490	0.5146	0.284	0.331	0.336	0.247	0.284	0.331	0.295	0.281	0.242	0.297	0.323	0.338	0.284	0.300	1.895	0.533	0.244	0.193	-8851.041
789	8	500	491	0.5045	0.282	0.283	0.342	0.264	0.311	0.321	0.277	0.283	0.329	0.299	0.239	0.292	0.272	0.287	1.896	0.595	0.258	0.205	-8782.372
790	8	500	498	0.5257	0.301	0.319	0.284	0.290	0.243	0.315	0.297	0.301	0.248	0.364	0.249	0.297	0.339	0.234	2.005	0.532	0.205	0.184	-8763.000
791	8	500	492	0.5246	0.356	0.354	0.316	0.305	0.248	0.303	0.337	0.277	0.322	0.260	0.275	0.296	0.349	0.305	2.027	0.453	0.204	0.218	-9087.930
792	8	500	498	0.5114	0.360	0.306	0.309	0.324	0.240	0.314	0.327	0.313	0.260	0.324	0.348	0.311	0.308	0.309	1.867	0.514	0.322	0.215	-9174.094
793	8	500	494	0.5121	0.330	0.275	0.299	0.354	0.325	0.278	0.324	0.312	0.307	0.390	0.313	0.285	0.249	0.361	1.890	0.471	0.206	0.229	-9195.610
794	8	500	496	0.5088	0.232	0.309	0.289	0.286	0.238	0.307	0.288	0.246	0.319	0.290	0.359	0.298	0.301	0.296	1.832	0.344	0.200	0.201	-8905.293
795	8	500	493	0.5077	0.265	0.320	0.287	0.303	0.315	0.257	0.329	0.348	0.332	0.304	0.302	0.233	0.338	0.298	2.040	0.502	0.303	0.201	-9017.805
796	8	500	493	0.5113	0.304	0.285	0.351	0.246	0.395	0.303	0.320	0.342	0.342	0.371	0.327	0.307	0.240	0.304	2.062	0.543	0.318	0.183	-9093.900
797	8	500	496	0.5072	0.345	0.282	0.355	0.292	0.418	0.281	0.334	0.335	0.285	0.347	0.326	0.304	0.315	0.283	1.993	0.345	0.186	0.201	-9236.142
798	8	500	496	0.5188	0.390	0.329	0.271	0.231	0.307	0.309	0.301	0.375	0.315	0.302	0.346	0.233	0.307	0.266	2.025	0.586	0.230	0.222	-8944.127
799	8	500	494	0.5157	0.249	0.302	0.367	0.232	0.277	0.311	0.310	0.322	0.297	0.253	0.242	0.353	0.304	0.260	2.016	0.472	0.209	0.200	-8756.514
800	8	500	492	0.5097	0.301	0.238	0.263	0.268	0.396	0.275	0.249	0.368	0.238	0.312	0.294	0.252	0.292	0.295	2.190	0.444	0.232	0.186	-8676.488
801	8	500	494	0.5042	0.310	0.288	0.307	0.311	0.271	0.259	0.340	0.314	0.390	0.268	0.275	0.297	0.318	0.268	1.924	0.525	0.256	0.199	-8966.457
802	8	500	494	0.5079	0.323	0.281	0.320	0.339	0.295	0.259	0.334	0.309	0.328	0.295	0.321	0.298	0.318	0.305	1.990	0.443	0.245	0.193	-9070.722
803	8	500	497	0.5205	0.364	0.369	0.306	0.258	0.308	0.326	0.304	0.358	0.247	0.333	0.261	0.322	0.320	0.284	2.013	0.567	0.351	0.214	-9110.907
804	8	500	491	0.5191	0.314	0.332	0.288	0.267	0.310	0.263	0.314	0.252	0.320	0.286	0.315	0.338	0.224	0.372	2.070	0.533	0.274	0.204	-8888.690
805	8	500	492	0.5152	0.325	0.304	0.287	0.303	0.296	0.287	0.346	0.265	0.291	0.299	0.243	0.311	0.294	0.236	2.043	0.446	0.207	0.221	-8830.775
806	8	500	492	0.5192	0.294	0.337	0.321	0.324	0.308	0.309	0.344	0.301	0.323	0.314	0.284	0.272	0.295	0.293	1.969	0.446	0.199	0.194	-9020.496
807	8	500	492	0.5064	0.267	0.303	0.299	0.323	0.315	0.325	0.313	0.233	0.323	0.325	0.298	0.288	0.269	0.262	1.954	0.503	0.307	0.197	-8924.510
808	8	500	493	0.4959	0.294	0.369	0.304	0.275	0.245	0.368	0.304	0.286	0.212	0.287	0.332	0.296	0.281	0.307	2.082	0.558	0.307	0.181	-8872.550
809	8	500	491	0.5032	0.296	0.288	0.315	0.288	0.339	0.286	0.331	0.342	0.226	0.294	0.335	0.282	0.367	0.267	2.191	0.433	0.258	0.189	-8928.304
810	8	500	496	0.5203	0.292	0.264	0.258	0.308	0.347	0.255	0.355	0.308	0.323	0.346	0.276	0.309	0.274	0.287	1.974	0.272	0.128	0.208	-8997.051
811	8	500	492	0.5398	0.348	0.384	0.352	0.307	0.340	0.290	0.297	0.347	0.296	0.293	0.290	0.254	0.335	0.314	1.843	0.398	0.265	0.171	-9170.393
812	8	500	496	0.5048	0.313	0.294	0.279	0.300	0.316	0.344	0.295	0.357	0.273	0.288	0.296	0.242	0.281	0.290	2.146	0.349	0.220	0.180	-8872.401
813	8	500	496	0.5165	0.287	0.321	0.319	0.380	0.269	0.338	0.376	0.331	0.261	0.317	0.287	0.297	0.268	0.340	2.200	0.457	0.304	0.175	-9099.832
814	8	500	497	0.5282	0.293	0.405	0.297	0.305	0.229	0.302	0.333	0.341	0.314	0.325	0.341	0.292	0.328	0.259	2.066	0.456	0.222	0.187	-9062.934
815	8	500	493	0.5039	0.349	0.255	0.327	0.305	0.323	0.375	0.231	0.337	0.340	0.351	0.312	0.295	0.271	0.304	1.921	0.325	0.217	0.179	-9121.108
816	8	500	496	0.5198	0.351	0.286	0.308	0.255	0.325	0.313	0.289	0.312	0.319	0.297	0.328	0.319	0.278	0.339	1.915	0.386	0.211	0.202	-9073.442
817	8	500	495	0.5070	0.328	0.265	0.291	0.339	0.266	0.295	0.315	0.271	0.281	0.322	0.348	0.282	0.333	0.263	1.887	0.319	0.164	0.194	-9039.732
818	8	500	491	0.5292	0.328	0.339	0.253	0.301	0.347	0.329	0.317	0.290	0.343	0.316	0.303	0.351	0.390	0.300	1.972	0.483	0.338	0.166	-9206.054
819	8	500	488	0.5321	0.313	0.306	0.319	0.235	0.294	0.256	0.328	0.309	0.291	0.273	0.283	0.291	0.317	0.268	2.013	0.522	0.254	0.215	-8834.278
820	8	500	496	0.4931	0.259	0.268	0.282	0.314	0.277	0.278	0.282	0.269	0.291	0.349	0.263	0.287	0.322	0.287	1.865	0.468	0.230	0.214	-8873.451
821	8	500	492	0.5142	0.310	0.339	0.267	0.253	0.260	0.291	0.334	0.244	0.310	0.331	0.248	0.383	0.227	0.354	2.204	0.443	0.257	0.183	-8797.031
822	8	500	497	0.5241	0.323	0.348	0.321	0.340	0.295	0.312	0.287	0.333	0.313	0.316	0.383	0.287	0.312	0.284	1.858	0.466	0.299	0.198	-9241.485
823	8	500	487	0.5172	0.252	0.279	0.290	0.301	0.311	0.339	0.323	0.227	0.272	0.270	0.322	0.288	0.303	0.307	1.935	0.631	0.369	0.179	-8852.451
824	8	500	489	0.5065	0.309	0.314	0.297	0.276	0.362	0.294	0.306	0.245	0.308	0.368	0.266	0.253	0.258	0.303	1.974	0.482	0.267	0.206	-8940.688
825	8	500	494	0.5147	0.316	0.316	0.253	0.319	0.334	0.290	0.293	0.306	0.285	0.313	0.277	0.310	0.265	0.315	2.047	0.519	0.258	0.180	-8821.011
826	8	500	492	0.5129	0.320	0.301	0.286	0.307	0.347	0.328	0.257	0.282	0.293	0.292	0.258	0.361	0.325	0.313	2.055	0.521	0.263	0.162	-8829.144
827	8	500	488	0.5042	0.280	0.293	0.269	0.269	0.275	0.249	0.289	0.292	0.301	0.333	0.279	0.363	0.278	0.316	1.958	0.571	0.224	0.188	-8640.009
828	8	500	494	0.5174	0.283	0.258	0.289	0.352	0.293	0.313	0.301	0.274	0.373	0.297	0.317	0.250	0.293	0.310	1.902	0.391	0.205	0.217	-9048.218
829	8	500	494	0.5093	0.323	0.284	0.323	0.326	0.281	0.333	0.316	0.316	0.320	0.315	0.307	0.365	0.311	0.291	2.188	0.576	0.332	0.173	-9038.347
830	8	500	495	0.5237	0.350	0.265	0.279	0.260	0.311	0.295	0.332	0.278	0.313	0.328	0.261	0.401	0.369	0.330	1.995	0.615	0.301	0.181	-9006.352
831	8	500	491	0.5065	0.316	0.329	0.344	0.290	0.259	0.258	0.318	0.254	0.231	0.251	0.313	0.355	0.253	0.241	2.205	0.552	0.224	0.198	-8666.023
832	8	500	493	0.5026	0.330	0.327	0.274	0.319	0.200	0.349	0.302	0.322	0.266	0.261	0.344	0.356	0.302	0.335	1.963	0.579	0.348	0.216	-9091.156
833	8	500	499	0.5134	0.322	0.242	0.253	0.355	0.260	0.330	0.295	0.316	0.361	0.315	0.303	0.254	0.332	0.281	1.975	0.544	0.250	0.210	-8940.806
834	8	500	490	0.5026	0.305	0.315	0.296	0.317	0.311	0.325	0.277	0.338	0.341	0.359	0.372	0.314	0.303	0.276	1.993	0.309	0.139	0.195	-9071.486
835	8	500	493	0.5082	0.276	0.384	0.237	0.298	0.357	0.326	0.279	0.271	0.280	0.352	0.270	0.307	0.321	0.314	1.871	0.504	0.289	0.191	-9007.544
836	8	500	495	0.5053	0.298	0.263	0.288	0.330	0.304	0.310	0.289	0.306	0.269	0.261	0.296	0.391	0.295	0.269	1.749	0.676	0.271	0.216	-8886.083
837	8	500	495	0.5249	0.263	0.376	0.253	0.342	0.358	0.303	0.255	0.305	0.327	0.252	0.340	0.185	0.249	0.364	1.863	0.430	0.216	0.185	-8925.095
838	8	500	489	0.5274	0.006	0.322	0.225	0.269	0.262	0.306	0.345	0.676	0.281	0.301	0.300	0.244	0.288	0.286	2.039	0.606	0.310	0.229	-8826.309
839	8	500	493	0.5063	0.365	0.289	0.266	0.306	0.296	0.236	0.350	0.301	0.202	0.314	0.326	0.337	0.272	0.334	1.831	0.491	0.201	0.199	-8869.670
840	8	500	493	0.5104	0.289	0.369	0.297	0.334	0.220	0.305	0.286	0.262	0.310	0.306	0.339	0.302	0.255	0.346	1.862	0.360	0.188	0.158	-8866.874
841	8	500	492	0.5225	0.336	0.255	0.282	0.315	0.288	0.279	0.322	0.325	0.299	0.278	0.281	0.307	0.294	0.275	1.903	0.592	0.234	0.225	-8894.477
842	8	500	490	0.5277	0.320	0.337	0.255	0.329	0.417	0.214	0.283	0.264	0.343	0.297	0.266	0.350	0.269	0.298	2.080	0.460	0.221	0.172	-8827.029
843	8	500	489	0.5035	0.310	0.303	0.272	0.272	0.338	0.322	0.272	0.387	0.276	0.275	0.252	0.391	0.313	0.323	1.842	0.487	0.290	0.152	-8839.906
844	8	500	493	0.5178	0.260	0.312	0.294	0.263	0.299	0.290	0.333	0.259	0.301	0.337	0.212	0.329	0.322	0.278	2.042	0.520	0.225	0.203	-8843.646
845	8	500	494	0.5247	0.272	0.306	0.246	0.328	0.326	0.327	0.283	0.264	0.265	0.321	0.286	0.347	0.264	0.322	1.811	0.406	0.200	0.192	-8896.273
846	8	500	491	0.5068	0.309	0.249	0.295	0.294	0.297	0.314	0.259	0.344	0.295	0.300	0.312	0.297	0.277	0.275	1.910	0.504	0.229	0.197	-8845.611
847	8	500	494	0.5082	0.293	0.331	0.279	0.334	0.290	0.304	0.360	0.332	0.309	0.276	0.285	0.301	0.339	0.302	2.024	0.466	0.250	0.199	-9084.904
848	8	500	491	0.5061	0.341	0.287	0.310	0.358	0.308	0.305	0.296	0.262	0.263	0.273	0.274	0.276	0.248	0.326	2.095	0.595	0.266	0.204	-8779.700
849	8	500	493	0.5235	0.286	0.269	0.236	0.304	0.307	0.272	0.280	0.320	0.385	0.285	0.244	0.307	0.303	0.315	1.938	0.296	0.161	0.174	-8792.278
850	8	500	494	0.5004	0.340	0.285	0.276	0.316	0.287	0.369	0.320	0.309	0.384	0.338	0.326	0.254	0.310	0.329	2.001	0.413	0.310	0.194	-9235.892
851	8	500	490	0.5176	0.298	0.333	0.249	0.350	0.306	0.342	0.331	0.309	0.261	0.388	0.321	0.343	0.290	0.294	2.014	0.340	0.193	0.186	-9099.224
852	8	500	490	0.5209	0.272	0.301	0.301	0.304	0.242	0.322	0.240	0.297	0.300	0.281	0.373	0.250	0.335	0.315	1.981	0.540	0.282	0.209	-8951.551
853	8	500	491	0.4920	0.310	0.293	0.287	0.273	0.294	0.256	0.293	0.290	0.299	0.310	0.266	0.288	0.309	0.320	2.053	0.286	0.121	0.197	-8780.254
854	8	500	496	0.5245	0.305	0.355	0.343	0.255	0.308	0.286	0.300	0.317	0.290	0.299	0.233	0.245	0.281	0.267	1.964	0.483	0.160	0.231	-8842.642
855	8	500	491	0.5329	0.279	0.328	0.197	0.337	0.293	0.279	0.311	0.300	0.254	0.280	0.303	0.322	0.280	0.313	1.955	0.443	0.236	0.207	-8875.667
856	8	500	496	0.5091	0.340	0.308	0.267	0.327	0.280	0.258	0.293	0.323	0.334	0.303	0.279	0.224	0.303	0.339	2.039	0.575	0.261	0.194	-8847.561
857	8	500	496	0.5138	0.324	0.288	0.288	0.267	0.310	0.298	0.281	0.311	0.305	0.265	0.300	0.330	0.279	0.285	1.862	0.595	0.313	0.187	-8864.643
858	8	500	495	0.5096	0.252	0.306	0.271	0.271	0.259	0.257	0.297	0.258	0.295	0.257	0.310	0.243	0.289	0.284	1.861	0.399	0.213	0.159	-8585.468
859	8	500	493	0.5103	0.275	0.273	0.323	0.331	0.316	0.293	0.279	0.365	0.306	0.293	0.249	0.288	0.288	0.327	2.048	0.283	0.170	0.209	-8998.167
860	8	500	496	0.5071	0.280	0.330	0.280	0.324	0.235	0.321	0.328	0.353	0.307	0.304	0.328	0.216	0.271	0.329	2.038	0.558	0.290	0.195	-8925.887
861	8	500	498	0.5125	0.284	0.319	0.276	0.374	0.239	0.368	0.261	0.367	0.272	0.253	0.283	0.354	0.302	0.403	2.273	0.495	0.259	0.199	-9040.773
862	8	500	493	0.5337	0.306	0.367	0.226	0.320	0.328	0.340	0.257	0.375	0.291	0.330	0.271	0.323	0.302	0.342	2.040	0.453	0.221	0.206	-9057.366
863	8	500	494	0.5168	0.258	0.292	0.234	0.337	0.252	0.303	0.301	0.286	0.287	0.335	0.285	0.294	0.271	0.329	2.039	0.495	0.259	0.181	-8795.438
864	8	500	496	0.5115	0.302	0.317	0.285	0.237	0.275	0.346	0.320	0.291	0.254	0.314	0.293	0.370	0.267	0.340	1.918	0.614	0.341	0.212	-8990.677
865	8	500	496	0.5090	0.357	0.342	0.264	0.334	0.286	0.300	0.345	0.305	0.341	0.284	0.309	0.223	0.288	0.282	1.998	0.557	0.231	0.238	-9020.088
866	8	500	491	0.5157	0.292	0.300	0.313	0.272	0.234	0.308	0.292	0.271	0.284	0.325	0.284	0.219	0.280	0.279	1.667	0.591	0.289	0.187	-8764.187
867	8	500	493	0.5314	0.318	0.216	0.262	0.324	0.333	0.404	0.297	0.356	0.371	0.263	0.297	0.303	0.366	0.349	2.050	0.319	0.198	0.185	-9187.642
868	8	500	491	0.5239	0.270	0.326	0.248	0.303	0.213	0.317	0.282	0.290	0.372	0.287	0.286	0.282	0.321	0.302	1.947	0.530	0.331	0.205	-8891.428
869	8	500	496	0.5169	0.296	0.342	0.291	0.312	0.303	0.316	0.327	0.289	0.366	0.291	0.243	0.324	0.263	0.334	1.754	0.522	0.335	0.188	-9070.889
870	8	500	490	0.5120	0.251	0.308	0.325	0.292	0.363	0.307	0.338	0.257	0.333	0.343	0.340	0.269	0.339	0.292	1.980	0.516	0.248	0.197	-9066.985
871	8	500	493	0.5167	0.284	0.309	0.288	0.336	0.258	0.279	0.270	0.296	0.359	0.300	0.298	0.317	0.281	0.358	1.918	0.458	0.323	0.175	-9014.615
872	8	500	494	0.5138	0.292	0.270	0.330	0.258	0.239	0.274	0.327	0.303	0.419	0.320	0.268	0.288	0.350	0.258	2.050	0.655	0.254	0.220	-8878.833
873	8	500	496	0.5266	0.212	0.300	0.342	0.338	0.287	0.304	0.252	0.291	0.346	0.301	0.334	0.284	0.350	0.280	1.975	0.539	0.279	0.209	-8996.553
874	8	500	496	0.5029	0.291	0.306	0.275	0.264	0.281	0.352	0.297	0.304	0.348	0.303	0.296	0.280	0.293	0.252	2.023	0.337	0.151	0.201	-8851.645
875	8	500	493	0.5267	0.327	0.271	0.286	0.345	0.294	0.281	0.266	0.297	0.254	0.328	0.321	0.346	0.298	0.363	1.962	0.485	0.266	0.197	-9048.214
876	8	500	491	0.5311	0.355	0.271	0.253	0.298	0.372	0.275	0.287	0.332	0.247	0.287	0.342	0.348	0.278	0.324	1.952	0.461	0.235	0.201	-8967.569
877	8	500	491	0.5129	0.322	0.348	0.244	0.310	0.275	0.332	0.358	0.302	0.312	0.302	0.301	0.266	0.299	0.287	2.035	0.614	0.313	0.195	-8889.341
878	8	500	492	0.5297	0.293	0.256	0.339	0.274	0.294	0.320	0.336	0.291	0.270	0.313	0.311	0.257	0.302	0.323	1.794	0.368	0.176	0.201	-9008.221
879	8	500	489	0.5198	0.315	0.309	0.268	0.306	0.366	0.308	0.310	0.240	0.331	0.249	0.341	0.304	0.324	0.342	1.975	0.398	0.247	0.166	-9037.134
880	8	500	497	0.5048	0.306	0.320	0.281	0.304	0.299	0.368	0.300	0.296	0.346	0.275	0.340	0.299	0.258	0.333	1.858	0.270	0.110	0.211	-9062.637
881	8	500	487	0.5008	0.302	0.297	0.260	0.291	0.293	0.285	0.247	0.308	0.355	0.307	0.320	0.276	0.300	0.280	1.998	0.608	0.277	0.199	-8785.680
882	8	500	493	0.5114	0.298	0.336	0.320	0.272	0.268	0.295	0.306	0.282	0.225	0.343	0.323	0.316	0.332	0.272	2.075	0.470	0.235	0.189	-8854.833
883	8	500	497	0.5177	0.306	0.283	0.265	0.340	0.280	0.280	0.309	0.241	0.276	0.361	0.245	0.298	0.366	0.286	2.021	0.379	0.188	0.178	-8797.012
884	8	500	497	0.5093	0.310	0.264	0.322	0.325	0.320	0.267	0.388	0.314	0.322	0.275	0.277	0.392	0.279	0.339	2.049	0.507	0.264	0.185	-9073.794
885	8	500	492	0.5188	0.298	0.292	0.334	0.345	0.306	0.284	0.276	0.324	0.293	0.330	0.293	0.272	0.283	0.322	1.948	0.468	0.248	0.195	-8982.750
886	8	500	495	0.5317	0.334	0.312	0.258	0.346	0.345	0.329	0.302	0.270	0.291	0.292	0.312	0.350	0.303	0.348	2.115	0.478	0.216	0.203	-9060.050
887	8	500	497	0.5159	0.333	0.341	0.344	0.293	0.277	0.319	0.290	0.338	0.286	0.348	0.342	0.317	0.313	0.284	1.994	0.461	0.282	0.191	-9171.353
888	8	500	494	0.5260	0.358	0.289	0.295	0.282	0.277	0.258	0.286	0.300	0.259	0.276	0.321	0.291	0.334	0.295	2.155	0.582	0.313	0.190	-8847.856
889	8	500	489	0.5217	0.257	0.347	0.296	0.274	0.276	0.327	0.372	0.340	0.333	0.338	0.299	0.219	0.281	0.332	2.195	0.535	0.254	0.201	-8980.754
890	8	500	493	0.5160	0.296	0.293	0.288	0.367	0.293	0.296	0.341	0.330	0.345	0.281	0.334	0.301	0.331	0.330	1.922	0.505	0.256	0.208	-9134.718
891	8	500	497	0.5166	0.249	0.355	0.229	0.315	0.263	0.294	0.316	0.279	0.272	0.258	0.296	0.291	0.341	0.234	2.145	0.624	0.263	0.204	-8679.735
892	8	500	494	0.5168	0.298	0.379	0.279	0.256	0.218	0.277	0.246	0.306	0.334	0.254	0.303	0.333	0.307	0.296	2.050	0.400	0.172	0.171	-8691.651
893	8	500	494	0.5155	0.317	0.285	0.290	0.277	0.345	0.323	0.251	0.252	0.347	0.247	0.299	0.275	0.312	0.327	1.972	0.338	0.130	0.225	-8936.056
894	8	500	499	0.5186	0.281	0.302	0.249	0.264	0.294	0.345	0.270	0.317	0.284	0.383	0.376	0.313	0.317	0.268	2.075	0.511	0.298	0.249	-9133.246
895	8	500	497	0.5149	0.311	0.259	0.372	0.321	0.239	0.299	0.328	0.230	0.281	0.300	0.339	0.289	0.311	0.309	2.109	0.544	0.298	0.205	-8991.746
896	8	500	493	0.5203	0.352	0.359	0.262	0.286	0.324	0.387	0.295	0.295	0.319	0.329	0.242	0.270	0.293	0.299	1.871	0.401	0.233	0.212	-9053.705
897	8	500	494	0.5239	0.313	0.258	0.306	0.297	0.259	0.380	0.290	0.255	0.297	0.249	0.326	0.258	0.316	0.291	2.000	0.570	0.278	0.179	-8803.986
898	8	500	497	0.5206	0.373	0.342	0.289	0.321	0.266	0.349	0.269	0.360	0.309	0.341	0.304	0.324	0.283	0.257	1.955	0.353	0.242	0.188	-9120.559
899	8	500	491	0.4977	0.254	0.283	0.344	0.274	0.354	0.321	0.270	0.243	0.243	0.300	0.256	0.294	0.294	0.320	2.136	0.563	0.316	0.208	-8818.886
900	8	500	495	0.5135	0.277	0.290	0.324	0.357	0.274	0.299	0.271	0.283	0.324	0.320	0.327	0.357	0.280	0.289	1.978	0.464	0.253	0.208	-9071.224
901	8	500	488	0.5194	0.312	0.311	0.267	0.284	0.303	0.273	0.322	0.322	0.233	0.300	0.306	0.371	0.327	0.327	2.060	0.659	0.341	0.192	-8893.143
902	8	500	490	0.5123	0.267	0.272	0.299	0.339	0.283	0.284	0.295	0.294	0.269	0.260	0.282	0.340	0.330	0.273	1.718	0.437	0.214	0.186	-8865.892
903	8	500	493	0.5213	0.295	0.299	0.359	0.274	0.350	0.309	0.325	0.290	0.244	0.357	0.288	0.271	0.320	0.326	2.026	0.552	0.260	0.205	-9061.327
904	8	500	494	0.5323	0.350	0.287	0.331	0.330	0.278	0.234	0.402	0.327	0.254	0.268	0.307	0.368	0.283	0.285	2.164	0.559	0.294	0.196	-8970.791
905	8	500	489	0.5123	0.319	0.246	0.286	0.296	0.367	0.323	0.307	0.233	0.260	0.315	0.325	0.326	0.319	0.336	1.949	0.541	0.280	0.184	-8962.894
906	8	500	495	0.5204	0.351	0.295	0.287	0.295	0.256	0.372	0.256	0.360	0.282	0.361	0.303	0.376	0.327	0.315	2.068	0.497	0.279	0.184	-9070.190
907	8	500	495	0.5206	0.332	0.307	0.285	0.288	0.294	0.289	0.300	0.383	0.303	0.279	0.348	0.250	0.331	0.318	1.977	0.486	0.220	0.207	-9030.174
908	8	500	496	0.5115	0.296	0.352	0.260	0.401	0.322	0.321	0.267	0.368	0.294	0.241	0.323	0.294	0.303	0.286	2.045	0.510	0.284	0.216	-9036.223
909	8	500	493	0.4953	0.260	0.288	0.315	0.276	0.286	0.336	0.254	0.279	0.292	0.277	0.339	0.294	0.292	0.246	1.945	0.553	0.206	0.190	-8745.299
910	8	500	492	0.5104	0.252	0.290	0.273	0.301	0.302	0.268	0.264	0.264	0.304	0.279	0.290	0.269	0.351	0.293	1.978	0.316	0.149	0.191	-8733.259
911	8	500	495	0.5131	0.301	0.288	0.328	0.251	0.304	0.306	0.356	0.331	0.301	0.272	0.350	0.255	0.275	0.278	1.841	0.543	0.258	0.195	-8906.554
912	8	500	494	0.5157	0.369	0.294	0.251	0.377	0.266	0.287	0.354	0.341	0.316	0.252	0.304	0.300	0.339	0.284	2.010	0.454	0.200	0.191	-8964.766
913	8	500	491	0.5111	0.348	0.372	0.278	0.355	0.364	0.304	0.298	0.270	0.312	0.318	0.271	0.266	0.362	0.350	1.978	0.565	0.278	0.199	-9107.608
914	8	500	494	0.5105	0.242	0.328	0.304	0.346	0.373	0.316	0.287	0.303	0.360	0.325	0.296	0.309	0.282	0.243	2.056	0.433	0.188	0.218	-9061.558
915	8	500	494	0.5082	0.322	0.315	0.341	0.309	0.246	0.363	0.302	0.319	0.272	0.298	0.307	0.363	0.265	0.321	2.027	0.422	0.271	0.181	-9052.693
916	8	500	497	0.4954	0.299	0.386	0.328	0.307	0.250	0.269	0.302	0.352	0.304	0.305	0.332	0.318	0.336	0.334	1.834	0.435	0.216	0.197	-9150.406
917	8	500	496	0.5155	0.376	0.304	0.239	0.407	0.326	0.299	0.302	0.300	0.295	0.353	0.243	0.254	0.292	0.337	1.940	0.369	0.217	0.196	-9066.753
918	8	500	495	0.5209	0.313	0.319	0.259	0.386	0.238	0.323	0.276	0.321	0.254	0.322	0.287	0.367	0.254	0.310	1.811	0.387	0.244	0.205	-9072.259
919	8	500	492	0.5083	0.323	0.287	0.309	0.322	0.284	0.231	0.382	0.279	0.241	0.299	0.330	0.317	0.230	0.299	1.998	0.561	0.260	0.179	-8807.437
920	8	500	494	0.5200	0.257	0.256	0.258	0.384	0.273	0.313	0.272	0.262	0.224	0.300	0.369	0.293	0.299	0.296	2.031	0.607	0.206	0.207	-8783.713
921	8	500	497	0.4987	0.272	0.311	0.335	0.262	0.304	0.391	0.333	0.331	0.305	0.304	0.336	0.228	0.310	0.280	1.755	0.430	0.247	0.215	-9151.674
922	8	500	488	0.5027	0.340	0.287	0.316	0.333	0.254	0.265	0.300	0.267	0.273	0.243	0.309	0.300	0.242	0.307	1.893	0.521	0.314	0.179	-8773.638
923	8	500	492	0.5073	0.329	0.299	0.340	0.269	0.256	0.330	0.317	0.293	0.302	0.299	0.358	0.278	0.317	0.343	2.090	0.494	0.253	0.186	-9003.314
924	8	500	492	0.5157	0.293	0.266	0.323	0.262	0.206	0.279	0.285	0.353	0.327	0.353	0.290	0.279	0.301	0.258	1.946	0.575	0.283	0.214	-8808.398
925	8	500	493	0.5145	0.309	0.357	0.299	0.211	0.339	0.319	0.335	0.303	0.371	0.243	0.410	0.303	0.324	0.279	1.946	0.427	0.225	0.185	-9058.373
926	8	500	495	0.5134	0.245	0.287	0.282	0.304	0.298	0.292	0.342	0.298	0.356	0.302	0.264	0.302	0.325	0.270	1.921	0.513	0.273	0.213	-8968.274
927	8	500	493	0.5106	0.325	0.199	0.293	0.243	0.357	0.284	0.320	0.325	0.282	0.214	0.281	0.287	0.337	0.318	2.013	0.428	0.177	0.205	-8705.699
928	8	500	494	0.5097	0.317	0.321	0.286	0.328	0.333	0.241	0.270	0.298	0.304	0.297	0.328	0.325	0.278	0.259	1.954	0.564	0.258	0.213	-8888.949
929	8	500	492	0.5222	0.331	0.232	0.293	0.267	0.258	0.310	0.311	0.256	0.292	0.255	0.228	0.226	0.280	0.328	2.113	0.548	0.214	0.174	-8506.313
930	8	500	493	0.5152	0.292	0.277	0.266	0.309	0.302	0.263	0.313	0.302	0.394	0.303	0.335	0.308	0.274	0.373	2.015	0.485	0.233	0.186	-8997.119
931	8	500	490	0.5101	0.327	0.311	0.220	0.294	0.213	0.291	0.228	0.265	0.391	0.319	0.287	0.263	0.306	0.263	2.033	0.609	0.315	0.213	-8702.794
932	8	500	490	0.5152	0.274	0.307	0.335	0.314	0.245	0.278	0.318	0.316	0.257	0.303	0.288	0.451	0.305	0.277	1.791	0.510	0.237	0.191	-8933.280
933	8	500	494	0.4901	0.312	0.345	0.335	0.331	0.280	0.332	0.320	0.293	0.276	0.349	0.252	0.286	0.281	0.284	1.888	0.382	0.239	0.200	-9075.121
934	8	500	496	0.5100	0.330	0.244	0.314	0.241	0.386	0.319	0.264	0.323	0.354	0.319	0.312	0.301	0.300	0.291	2.073	0.478	0.206	0.203	-8906.722
935	8	500	485	0.5039	0.315	0.309	0.298	0.273	0.281	0.280	0.305	0.324	0.271	0.273	0.282	0.271	0.301	0.315	2.174	0.468	0.233	0.178	-8721.129
936	8	500	494	0.5162	0.254	0.292	0.266	0.294	0.305	0.317	0.275	0.338	0.251	0.272	0.312	0.291	0.301	0.312	2.027	0.498	0.252	0.208	-8855.943
937	8	500	495	0.5186	0.290	0.264	0.252	0.272	0.347	0.255	0.323	0.345	0.371	0.344	0.315	0.250	0.351	0.271	2.094	0.416	0.222	0.186	-8915.811
938	8	500	487	0.5191	0.287	0.326	0.286	0.260	0.332	0.245	0.313	0.293	0.279	0.275	0.287	0.343	0.229	0.268	1.917	0.603	0.317	0.196	-8760.900
939	8	500	491	0.5077	0.295	0.363	0.282	0.324	0.313	0.253	0.302	0.310	0.277	0.317	0.296	0.343	0.312	0.333	1.842	0.451	0.309	0.181	-9078.263
940	8	500	494	0.5087	0.321	0.268	0.263	0.299	0.327	0.340	0.319	0.343	0.347	0.283	0.309	0.270	0.219	0.320	2.246	0.471	0.323	0.195	-8939.926
941	8	500	492	0.5126	0.318	0.369	0.287	0.339	0.258	0.313	0.247	0.307	0.256	0.322	0.275	0.332	0.315	0.280	1.983	0.613	0.334	0.187	-8887.576
942	8	500	490	0.5215	0.299	0.301	0.315	0.263	0.234	0.281	0.294	0.248	0.319	0.250	0.310	0.317	0.277	0.296	2.149	0.614	0.293	0.187	-8653.066
943	8	500	492	0.5285	0.289	0.323	0.244	0.261	0.272	0.301	0.313	0.342	0.301	0.302	0.329	0.268	0.329	0.312	1.953	0.370	0.155	0.197	-8877.040
944	8	500	489	0.5180	0.275	0.305	0.237	0.291	0.364	0.356	0.257	0.295	0.277	0.312	0.305	0.299	0.323	0.277	1.990	0.567	0.333	0.191	-8933.953
945	8	500	495	0.5085	0.308	0.242	0.347	0.265	0.318	0.280	0.352	0.321	0.310	0.247	0.369	0.267	0.267	0.298	2.036	0.529	0.375	0.204	-9000.176
946	8	500	493	0.5299	0.285	0.411	0.243	0.276	0.336	0.263	0.299	0.338	0.378	0.334	0.309	0.236	0.306	0.317	2.037	0.422	0.202	0.190	-8963.093
947	8	500	495	0.5141	0.310	0.300	0.228	0.306	0.266	0.246	0.367	0.355	0.285	0.299	0.308	0.260	0.298	0.325	1.954	0.561	0.265	0.197	-8804.782
948	8	500	494	0.5117	0.278	0.319	0.249	0.288	0.311	0.268	0.335	0.297	0.307	0.310	0.355	0.273	0.292	0.327	1.926	0.573	0.332	0.195	-8979.622
949	8	500	494	0.5122	0.326	0.262	0.283	0.327	0.322	0.281	0.337	0.322	0.321	0.360	0.247	0.210	0.253	0.312	2.006	0.556	0.271	0.201	-8909.825
950	8	500	497	0.4972	0.291	0.305	0.287	0.257	0.260	0.341	0.307	0.338	0.317	0.229	0.350	0.328	0.273	0.353	1.888	0.535	0.211	0.183	-8879.047
951	8	500	492	0.5102	0.340	0.279	0.311	0.318	0.343	0.296	0.241	0.344	0.371	0.309	0.306	0.270	0.312	0.345	1.816	0.292	0.170	0.179	-9104.348
952	8	500	490	0.5117	0.315	0.235	0.288	0.289	0.228	0.269	0.249	0.223	0.339	0.325	0.251	0.264	0.285	0.273	1.908	0.540	0.264	0.185	-8618.685
953	8	500	493	0.5054	0.306	0.273	0.287	0.244	0.280	0.300	0.294	0.269	0.272	0.249	0.370	0.283	0.287	0.307	1.916	0.536	0.192	0.209	-8733.623
954	8	500	490	0.5030	0.330	0.322	0.317	0.289	0.301	0.292	0.351	0.290	0.304	0.318	0.235	0.281	0.238	0.352	1.940	0.452	0.272	0.180	-8958.251
955	8	500	493	0.5170	0.269	0.191	0.388	0.308	0.314	0.209	0.342	0.314	0.323	0.258	0.294	0.315	0.242	0.279	1.937	0.521	0.204	0.205	-8767.269
956	8	500	495	0.5157	0.272	0.312	0.302	0.302	0.250	0.318	0.259	0.312	0.320	0.307	0.357	0.349	0.280	0.344	2.040	0.544	0.246	0.220	-9017.557
957	8	500	489	0.5069	0.282	0.292	0.344	0.286	0.279	0.286	0.278	0.355	0.341	0.258	0.294	0.314	0.341	0.314	2.084	0.472	0.296	0.193	-8971.337
958	8	500	493	0.5132	0.288	0.309	0.248	0.323	0.300	0.386	0.326	0.324	0.373	0.314	0.298	0.327	0.253	0.317	2.004	0.286	0.180	0.188	-9119.546
959	8	500	493	0.5249	0.362	0.253	0.331	0.331	0.298	0.294	0.283	0.344	0.236	0.305	0.261	0.274	0.356	0.316	2.054	0.450	0.223	0.206	-8942.158
960	8	500	492	0.5263	0.287	0.263	0.341	0.314	0.302	0.277	0.341	0.360	0.283	0.286	0.296	0.276	0.304	0.266	2.011	0.583	0.302	0.191	-8909.054
961	8	500	493	0.5128	0.287	0.241	0.209	0.302	0.266	0.300	0.325	0.300	0.270	0.289	0.298	0.286	0.243	0.286	2.019	0.574	0.216	0.212	-8612.639
962	8	500	486	0.5249	0.288	0.296	0.313	0.318	0.316	0.289	0.248	0.284	0.301	0.249	0.300	0.285	0.304	0.294	2.048	0.543	0.267	0.184	-8781.373
963	8	500	494	0.5113	0.278	0.275	0.282	0.305	0.269	0.327	0.269	0.366	0.269	0.320	0.263	0.289	0.264	0.298	2.240	0.539	0.250	0.168	-8677.436
964	8	500	491	0.5025	0.317	0.280	0.336	0.281	0.255	0.315	0.320	0.366	0.332	0.271	0.323	0.262	0.296	0.314	2.013	0.535	0.318	0.187	-8963.223
965	8	500	495	0.5319	0.283	0.331	0.316	0.322	0.227	0.336	0.326	0.346	0.338	0.346	0.399	0.259	0.306	0.256	1.993	0.430	0.254	0.179	-9120.947
966	8	500	496	0.5108	0.299	0.305	0.299	0.358	0.330	0.259	0.309	0.269	0.293	0.310	0.271	0.337	0.267	0.305	2.019	0.557	0.277	0.204	-8950.107
967	8	500	491	0.5061	0.256	0.263	0.286	0.299	0.331	0.285	0.311	0.247	0.401	0.332	0.262	0.273	0.289	0.288	2.052	0.347	0.176	0.185	-8824.481
968	8	500	498	0.5006	0.322	0.341	0.330	0.333	0.203	0.336	0.309	0.312	0.282	0.348	0.289	0.332	0.324	0.271	2.013	0.574	0.339	0.201	-9040.557
969	8	500	495	0.5126	0.310	0.337	0.275	0.351	0.329	0.344	0.324	0.349	0.285	0.374	0.313	0.292	0.299	0.309	2.089	0.420	0.225	0.191	-9148.225
970	8	500	493	0.4939	0.358	0.269	0.258	0.315	0.314	0.267	0.315	0.335	0.294	0.335	0.266	0.289	0.320	0.321	1.853	0.543	0.309	0.190	-8925.072
971	8	500	494	0.5052	0.332	0.284	0.337	0.296	0.288	0.354	0.284	0.301	0.439	0.334	0.275	0.286	0.321	0.283	1.982	0.459	0.242	0.185	-9144.904
972	8	500	495	0.5368	0.281	0.409	0.332	0.286	0.234	0.299	0.278	0.288	0.287	0.311	0.306	0.324	0.273	0.322	2.010	0.510	0.248	0.216	-9034.173
973	8	500	495	0.5114	0.282	0.321	0.316	0.313	0.292	0.313	0.285	0.318	0.269	0.323	0.305	0.374	0.269	0.332	1.955	0.459	0.243	0.203	-9085.989
974	8	500	493	0.5141	0.345	0.281	0.292	0.307	0.321	0.387	0.293	0.315	0.238	0.354	0.355	0.367	0.262	0.351	1.937	0.522	0.336	0.180	-9200.929
975	8	500	493	0.5138	0.372	0.343	0.302	0.328	0.240	0.337	0.325	0.387	0.260	0.344	0.278	0.356	0.263	0.314	2.011	0.487	0.235	0.199	-9054.484
976	8	500	489	0.5146	0.327	0.259	0.334	0.331	0.304	0.249	0.273	0.251	0.251	0.368	0.270	0.326	0.276	0.316	2.153	0.376	0.199	0.197	-8884.334
977	8	500	493	0.5122	0.334	0.246	0.265	0.266	0.331	0.276	0.335	0.315	0.215	0.261	0.289	0.299	0.258	0.301	1.899	0.500	0.221	0.205	-8677.791
978	8	500	493	0.5193	0.329	0.274	0.265	0.345	0.317	0.208	0.380	0.334	0.276	0.291	0.286	0.343	0.313	0.301	2.055	0.517	0.321	0.204	-8985.393
979	8	500	489	0.5245	0.260	0.254	0.320	0.323	0.272	0.287	0.302	0.303	0.263	0.349	0.273	0.274	0.352	0.288	2.232	0.548	0.347	0.184	-8851.583
980	8	500	489	0.5135	0.263	0.286	0.334	0.325	0.326	0.300	0.329	0.258	0.255	0.313	0.301	0.365	0.305	0.268	1.983	0.600	0.288	0.209	-8984.044
981	8	500	493	0.5055	0.284	0.326	0.321	0.270	0.304	0.303	0.313	0.314	0.343	0.247	0.298	0.267	0.270	0.330	1.812	0.507	0.224	0.217	-8957.222
982	8	500	488	0.5043	0.260	0.325	0.271	0.267	0.259	0.292	0.228	0.325	0.305	0.305	0.303	0.265	0.283	0.235	1.985	0.622	0.281	0.199	-8654.099
983	8	500	493	0.5103	0.314	0.279	0.343	0.308	0.334	0.318	0.338	0.312	0.323	0.322	0.322	0.254	0.332	0.328	1.848	0.603	0.337	0.205	-9210.961
984	8	500	496	0.5127	0.311	0.306	0.325	0.353	0.311	0.319	0.303	0.341	0.389	0.291	0.254	0.301	0.352	0.378	2.029	0.469	0.244	0.197	-9185.589
985	8	500	490	0.5137	0.240	0.387	0.301	0.301	0.266	0.312	0.307	0.254	0.275	0.304	0.276	0.279	0.330	0.314	1.935	0.474	0.197	0.171	-8772.884
986	8	500	484	0.5155	0.297	0.254	0.303	0.291	0.274	0.261	0.331	0.295	0.230	0.315	0.315	0.292	0.274	0.306	1.901	0.462	0.173	0.219	-8788.116
987	8	500	494	0.5157	0.262	0.271	0.296	0.332	0.382	0.273	0.286	0.305	0.338	0.358	0.259	0.268	0.298	0.384	1.822	0.456	0.285	0.177	-9102.571
988	8	500	489	0.5079	0.231	0.261	0.371	0.257	0.320	0.283	0.298	0.232	0.324	0.309	0.246	0.239	0.268	0.277	1.904	0.585	0.273	0.206	-8670.541
989	8	500	492	0.5165	0.293	0.292	0.326	0.333	0.316	0.309	0.303	0.349	0.285	0.328	0.295	0.318	0.295	0.304	1.755	0.460	0.168	0.208	-9079.960
990	8	500	489	0.5212	0.349	0.267	0.272	0.285	0.255	0.304	0.285	0.348	0.300	0.288	0.313	0.239	0.287	0.306	1.962	0.519	0.274	0.163	-8701.103
991	8	500	496	0.5107	0.292	0.311	0.303	0.287	0.313	0.297	0.255	0.287	0.298	0.271	0.338	0.282	0.318	0.297	1.928	0.521	0.319	0.224	-8989.423
992	8	500	495	0.5045	0.316	0.353	0.327	0.329	0.315	0.279	0.321	0.252	0.343	0.277	0.322	0.315	0.296	0.263	1.912	0.552	0.266	0.215	-9083.954
993	8	500	494	0.5036	0.248	0.287	0.249	0.328	0.297	0.280	0.333	0.305	0.243	0.334	0.342	0.297	0.325	0.280	1.844	0.680	0.276	0.204	-8859.994
994	8	500	494	0.5119	0.334	0.263	0.331	0.304	0.292	0.302	0.390	0.320	0.294	0.327	0.331	0.295	0.300	0.337	2.142	0.347	0.221	0.182	-9136.366
995	8	500	497	0.5078	0.319	0.288	0.326	0.294	0.275	0.274	0.367	0.286	0.266	0.312	0.271	0.347	0.262	0.346	2.097	0.526	0.169	0.220	-8895.689
996	8	500	488	0.5288	0.278	0.260	0.306	0.277	0.336	0.281	0.297	0.269	0.335	0.329	0.316	0.210	0.326	0.298	1.953	0.640	0.309	0.211	-8884.395
997	8	500	496	0.5167	0.296	0.321	0.294	0.302	0.380	0.285	0.301	0.275	0.308	0.361	0.318	0.322	0.253	0.279	1.816	0.482	0.194	0.216	-9024.802
998	8	500	495	0.5023	0.257	0.288	0.291	0.305	0.308	0.279	0.231	0.275	0.346	0.336	0.270	0.207	0.295	0.300	2.080	0.601	0.345	0.214	-8776.600
999	8	500	496	0.5168	0.328	0.228	0.298	0.278	0.272	0.271	0.273	0.329	0.302	0.307	0.280	0.316	0.292	0.263	1.971	0.634	0.281	0.221	-8725.748
1000	8	500	495	0.5214	0.311	0.360	0.316	0.254	0.213	0.297	0.315	0.307	0.205	0.299	0.239	0.319	0.263	0.299	1.975	0.534	0.265	0.191	-8716.499
