"","x"
"1",-8846.568
"2",-9024.105
"3",-9101.495
"4",-8867.642
"5",-8859.517
"6",-8649.77
"7",-8879.665
"8",-8800.118
"9",-9108.48
"10",-8996.989
"11",-8836.148
"12",-9084.937
"13",-8983.326
"14",-9170.315
"15",-8867.739
"16",-8683.811
"17",-9048.546
"18",-8978.686
"19",-9035.389
"20",-8902.359
"21",-8941.523
"22",-8960.504
"23",-8893.935
"24",-8865.335
"25",-8834.892
"26",-8771.823
"27",-8898.186
"28",-9005.549
"29",-9024.895
"30",-8702.819
"31",-9166.628
"32",-8699.276
"33",-9142.778
"34",-9030.551
"35",-8898.807
"36",-8936.686
"37",-8689.426
"38",-9004.368
"39",-8989.409
"40",-9009.091
"41",-9171.898
"42",-9030.553
"43",-8719.821
"44",-8673.517
"45",-9110.75
"46",-8936.709
"47",-9001.227
"48",-8802.519
"49",-8985.744
"50",-8919.177
"51",-8842.226
"52",-9112.757
"53",-8736.147
"54",-8919.578
"55",-8912.731
"56",-8986
"57",-8965.539
"58",-8846.302
"59",-8912.087
"60",-8612.492
"61",-9009.603
"62",-8798.439
"63",-9116.965
"64",-8920.785
"65",-9092.387
"66",-9082.366
"67",-8597.401
"68",-8790.443
"69",-8789.344
"70",-9095.316
"71",-8895.31
"72",-8724.021
"73",-8766.204
"74",-8901.329
"75",-9014.162
"76",-9209.287
"77",-8996.975
"78",-8717.168
"79",-8783.028
"80",-9006.693
"81",-8831.186
"82",-8901.904
"83",-8880.751
"84",-8700.616
"85",-8906.34
"86",-8797.276
"87",-8821.347
"88",-8937.09
"89",-9080.172
"90",-8818.232
"91",-9167.132
"92",-8886.96
"93",-8868.096
"94",-8606.018
"95",-8910.098
"96",-9044.854
"97",-9087.172
"98",-8861.268
"99",-8605.466
"100",-8966.077
"101",-8768.833
"102",-8881
"103",-9126.571
"104",-9069.687
"105",-8843.933
"106",-8744.665
"107",-8939.987
"108",-8858.703
"109",-9036.753
"110",-8959.642
"111",-9001.683
"112",-8838.696
"113",-9097.539
"114",-8864.097
"115",-8916.519
"116",-9029.401
"117",-8892.117
"118",-8987.746
"119",-9213.329
"120",-8879.416
"121",-9156.787
"122",-8706.553
"123",-8911.986
"124",-8816.751
"125",-8753.211
"126",-8936.359
"127",-8758.5
"128",-8679.912
"129",-8945.561
"130",-9011.967
"131",-9047.301
"132",-8608.724
"133",-8827.461
"134",-9028.228
"135",-9103.41
"136",-8671.124
"137",-8951.903
"138",-8977.478
"139",-8902.709
"140",-8803.71
"141",-8855.535
"142",-8906.086
"143",-8924.51
"144",-8855.117
"145",-9158.505
"146",-9081.963
"147",-8818.711
"148",-8809.178
"149",-8917.558
"150",-8736.636
"151",-9024.82
"152",-8827.648
"153",-9155.345
"154",-8847.771
"155",-8920.124
"156",-8848.497
"157",-8873.037
"158",-8872.691
"159",-8612.681
"160",-9069.415
"161",-8603.013
"162",-9161.971
"163",-8729.084
"164",-8715.993
"165",-9046.41
"166",-9173.701
"167",-8890.586
"168",-8648.839
"169",-8937.629
"170",-8696.199
"171",-9138.779
"172",-9002.306
"173",-8886.076
"174",-8929.632
"175",-8923.159
"176",-8845.146
"177",-9046.635
"178",-8757.757
"179",-9095.971
"180",-9203.626
"181",-8789.915
"182",-8831.468
"183",-8686.443
"184",-9109.164
"185",-8987.73
"186",-9018.297
"187",-9034.721
"188",-8897.713
"189",-9176.31
"190",-9007.568
"191",-8987.794
"192",-8928.933
"193",-8778.463
"194",-9052.088
"195",-9181.754
"196",-8762.789
"197",-8913.718
"198",-8727.531
"199",-8882.536
"200",-8786.157
"201",-8955.889
"202",-8744.755
"203",-8906.165
"204",-9004.927
"205",-9059.506
"206",-8610.925
"207",-8794.318
"208",-8851.477
"209",-9070.355
"210",-8719.078
"211",-9177.026
"212",-8952.597
"213",-8905.885
"214",-8711.993
"215",-8980.331
"216",-8819.877
"217",-9106.457
"218",-9001.559
"219",-8833.18
"220",-8976.515
"221",-8887.75
"222",-9047.8
"223",-8945.141
"224",-8879.708
"225",-9128.628
"226",-8722.476
"227",-9168.135
"228",-8640.799
"229",-9032.544
"230",-8743.722
"231",-9022.822
"232",-8921.089
"233",-9129.162
"234",-8755.214
"235",-8931.144
"236",-8625.794
"237",-8927.105
"238",-8880.583
"239",-9017.253
"240",-8787.15
"241",-8934.953
"242",-8928.671
"243",-8693.472
"244",-8774.543
"245",-8998.696
"246",-9166.622
"247",-8652.563
"248",-8989.013
"249",-8999.604
"250",-8799.029
"251",-8943.816
"252",-8933.428
"253",-8815.577
"254",-8637.783
"255",-8958.218
"256",-9106.074
"257",-8794.551
"258",-9182.86
"259",-8949.378
"260",-8954.485
"261",-8943.159
"262",-8798.029
"263",-8672.194
"264",-8668.56
"265",-8822.634
"266",-8679.072
"267",-8909.604
"268",-8949.483
"269",-9055.077
"270",-8907.792
"271",-8939.946
"272",-9207.888
"273",-9021.951
"274",-9163.163
"275",-8847.818
"276",-9158.259
"277",-8776.461
"278",-9020.377
"279",-8882.05
"280",-9089.447
"281",-8622.101
"282",-8893.577
"283",-8775.308
"284",-8859.443
"285",-9122.715
"286",-8792.926
"287",-8636.601
"288",-8492.498
"289",-8719.286
"290",-9102.945
"291",-8914.504
"292",-8587.532
"293",-9054.708
"294",-9049.134
"295",-9065.827
"296",-9063.552
"297",-8557.192
"298",-8830.998
"299",-8846.763
"300",-8741.332
"301",-8628.014
"302",-8760.733
"303",-9114.491
"304",-8836.065
"305",-8898.961
"306",-8921.318
"307",-8881.382
"308",-9102.619
"309",-8719.587
"310",-8846.609
"311",-8780.203
"312",-8768.839
"313",-8993.258
"314",-8972.706
"315",-8878.975
"316",-9082.851
"317",-8932.718
"318",-8858.511
"319",-9090.978
"320",-9015.765
"321",-8690.963
"322",-8747.333
"323",-8906.564
"324",-8892.667
"325",-8927.838
"326",-8847.623
"327",-9010.031
"328",-9022.964
"329",-8819.959
"330",-8906.501
"331",-8959.438
"332",-8835.674
"333",-8838.921
"334",-8937.114
"335",-8955.745
"336",-8905.155
"337",-9100.551
"338",-8895.62
"339",-8750.875
"340",-9160.92
"341",-8927.955
"342",-8695.368
"343",-8816.328
"344",-8765.058
"345",-8814.988
"346",-8890.861
"347",-9029.633
"348",-9095.354
"349",-9247.667
"350",-9064.542
"351",-8848.554
"352",-8892.368
"353",-8996.341
"354",-8899.365
"355",-9022.968
"356",-8947.24
"357",-8820.272
"358",-8592.983
"359",-8910.973
"360",-8993.233
"361",-8736.413
"362",-8862.667
"363",-8989.066
"364",-9155.845
"365",-8861.414
"366",-8918.459
"367",-9132.9
"368",-8625.352
"369",-8884.648
"370",-8835.73
"371",-8824.731
"372",-8918.594
"373",-8862.495
"374",-8817.795
"375",-8865.866
"376",-8736.601
"377",-9054.89
"378",-9231.337
"379",-9144.107
"380",-8824.964
"381",-8835.338
"382",-8704.543
"383",-8916.549
"384",-8805.027
"385",-8927.59
"386",-8961.114
"387",-8955.232
"388",-8749.575
"389",-9043.721
"390",-9028.715
"391",-9167.913
"392",-9181.549
"393",-8859.825
"394",-8867.026
"395",-8944.942
"396",-9006.375
"397",-9097.992
"398",-8889.489
"399",-8998.777
"400",-8900.53
"401",-9116.396
"402",-9152.664
"403",-9041.621
"404",-9033.704
"405",-8720.211
"406",-8980.278
"407",-9132.937
"408",-9086.386
"409",-8582.499
"410",-9112.173
"411",-9010.38
"412",-9099.278
"413",-8727.614
"414",-8913.394
"415",-9019.56
"416",-8835.149
"417",-8665.672
"418",-9083.327
"419",-9016.796
"420",-8877.311
"421",-8937.759
"422",-9031.839
"423",-8843.112
"424",-8745.328
"425",-8904.299
"426",-9035.387
"427",-8681.629
"428",-9061.645
"429",-8890.657
"430",-9190.782
"431",-8853.799
"432",-8964.011
"433",-9155.932
"434",-9040.614
"435",-9025.932
"436",-8808.27
"437",-8823.56
"438",-8922.485
"439",-8704.444
"440",-8885.03
"441",-9095.303
"442",-8766.931
"443",-9040.386
"444",-9012.092
"445",-8819.206
"446",-8740.947
"447",-8604.036
"448",-8701.494
"449",-8817.215
"450",-8873.654
"451",-9047.563
"452",-8744.388
"453",-9178.157
"454",-8880.398
"455",-8956.487
"456",-8949.915
"457",-8957.409
"458",-9217.815
"459",-8767.144
"460",-9028.211
"461",-8904.643
"462",-8848.733
"463",-9212.77
"464",-8880.673
"465",-8968.407
"466",-9168.66
"467",-8883.429
"468",-8962.504
"469",-9107.464
"470",-8934.623
"471",-8922.197
"472",-8804.116
"473",-8973.903
"474",-8706.573
"475",-9030.671
"476",-8820.125
"477",-8829.716
"478",-9029.622
"479",-8854.442
"480",-9311.756
"481",-8994.57
"482",-8975.117
"483",-8939.386
"484",-8843.562
"485",-8760.053
"486",-9006.771
"487",-9042.954
"488",-8900.187
"489",-8800.694
"490",-8787.142
"491",-8826.827
"492",-8716.449
"493",-8937.016
"494",-8827.371
"495",-8852.385
"496",-9164.288
"497",-8834.338
"498",-8875.077
"499",-9026.25
"500",-8814.997
"501",-8982.687
"502",-9150.718
"503",-8783.026
"504",-8817.096
"505",-8764.745
"506",-8928.982
"507",-9034.19
"508",-8963.845
"509",-8718.858
"510",-9112.42
"511",-8918.198
"512",-8787.211
"513",-8850.628
"514",-8858.184
"515",-8790.012
"516",-8809.687
"517",-8663.062
"518",-9107.735
"519",-8973.395
"520",-8815.116
"521",-9003.205
"522",-9031.513
"523",-8778.07
"524",-8792.941
"525",-8878.639
"526",-9130.197
"527",-8844.601
"528",-8971.333
"529",-9064.001
"530",-9088.879
"531",-8980.998
"532",-8936.017
"533",-8872.295
"534",-8985
"535",-8826.094
"536",-8877.913
"537",-8794.469
"538",-9066.233
"539",-8656.099
"540",-8879.099
"541",-8588.033
"542",-9057.941
"543",-8977.056
"544",-9030.331
"545",-8811.41
"546",-8594.955
"547",-8869.206
"548",-8840.602
"549",-9038.734
"550",-8997.489
"551",-8902.797
"552",-8733.219
"553",-8751.929
"554",-9028.224
"555",-8846.121
"556",-8820.103
"557",-8984.409
"558",-8876.937
"559",-8729.636
"560",-8835.91
"561",-8959.712
"562",-8803.724
"563",-9095.165
"564",-8679.676
"565",-8969.085
"566",-8663.405
"567",-8930.425
"568",-8727.292
"569",-9101.238
"570",-8996.517
"571",-8979.51
"572",-9030.992
"573",-9101.189
"574",-8991.269
"575",-8872.116
"576",-9000.895
"577",-8789.831
"578",-8861.15
"579",-8778.063
"580",-8882.095
"581",-8910.691
"582",-8920.213
"583",-9080.743
"584",-8962.79
"585",-8901.3
"586",-8970.15
"587",-9089.379
"588",-9238.532
"589",-8965.652
"590",-8713.024
"591",-9117.647
"592",-8767.163
"593",-8914.595
"594",-9037.331
"595",-8917.437
"596",-8954.159
"597",-8839.476
"598",-8872.373
"599",-8814.585
"600",-9028.855
"601",-9078.178
"602",-8880.287
"603",-8772.554
"604",-8833.438
"605",-8738.465
"606",-8860.434
"607",-9098.617
"608",-8870.885
"609",-8871.93
"610",-8759.036
"611",-9087.383
"612",-9049.104
"613",-8874.758
"614",-8844.133
"615",-8849.463
"616",-8993.296
"617",-8917.108
"618",-8699.885
"619",-8923.851
"620",-8877.422
"621",-9030.591
"622",-8888.379
"623",-8923.275
"624",-9175.442
"625",-9032.02
"626",-9169.625
"627",-8950.616
"628",-8980.401
"629",-9024.802
"630",-8899.161
"631",-8600.12
"632",-8909.07
"633",-8682.752
"634",-8775.339
"635",-8762.404
"636",-8982.967
"637",-8962.112
"638",-8843.784
"639",-8872.082
"640",-8816.707
"641",-8939.413
"642",-8783.119
"643",-9109.823
"644",-8860.293
"645",-8906.729
"646",-9098.425
"647",-8926.652
"648",-8929.014
"649",-9193.116
"650",-8559.828
"651",-8908.816
"652",-8750.914
"653",-8537.485
"654",-9132.704
"655",-8918.07
"656",-9201.303
"657",-8982.142
"658",-9136.701
"659",-8703.79
"660",-8947.988
"661",-9093.824
"662",-8767.577
"663",-8924.82
"664",-8790.609
"665",-8968.305
"666",-8684.539
"667",-9117.763
"668",-8886.71
"669",-8978.143
"670",-9130.311
"671",-8948.417
"672",-8781.674
"673",-8750.73
"674",-9088.752
"675",-9094.037
"676",-8586.801
"677",-8941.399
"678",-8843.688
"679",-8689.348
"680",-9112.993
"681",-8830.833
"682",-8955.223
"683",-9014.596
"684",-9039.373
"685",-9021.471
"686",-9182.021
"687",-8879.393
"688",-8977.894
"689",-8788.79
"690",-9051.628
"691",-8756.502
"692",-8868.589
"693",-9052.201
"694",-8951.89
"695",-9005.143
"696",-9043.592
"697",-8728.716
"698",-9019.798
"699",-9019.705
"700",-8997.269
"701",-9092.577
"702",-9155.481
"703",-9047.802
"704",-9008.546
"705",-8902.941
"706",-8780.051
"707",-8946.185
"708",-8940.169
"709",-8897.669
"710",-8737.255
"711",-9034.364
"712",-8769.275
"713",-8965.69
"714",-8980.812
"715",-8905.818
"716",-8776.112
"717",-8953.578
"718",-9053.246
"719",-8924.091
"720",-8953.624
"721",-9092.643
"722",-8912.763
"723",-8635.454
"724",-9030.273
"725",-8876.524
"726",-9015.296
"727",-8690.042
"728",-8895.659
"729",-9084.511
"730",-9064.392
"731",-8645.918
"732",-8631.718
"733",-8772.593
"734",-8966.751
"735",-9038.852
"736",-9051.799
"737",-8860.447
"738",-8880.714
"739",-9034.494
"740",-8628.607
"741",-8960.152
"742",-8919.081
"743",-8966.791
"744",-8602.787
"745",-9134.189
"746",-8808.533
"747",-9195.164
"748",-8679.355
"749",-8643.043
"750",-9066.6
"751",-8828.912
"752",-8786.85
"753",-8700.288
"754",-8755.196
"755",-8981.649
"756",-8901.095
"757",-8626.731
"758",-8871.89
"759",-8831.492
"760",-8948.646
"761",-8998.398
"762",-9140.231
"763",-9029.146
"764",-9046.156
"765",-8981.368
"766",-8635.229
"767",-8992.006
"768",-8976.329
"769",-8882.768
"770",-8851.073
"771",-8880.416
"772",-8932.371
"773",-8935.226
"774",-8869.481
"775",-8918.53
"776",-9096.049
"777",-8877.32
"778",-9103.718
"779",-8907.118
"780",-8809.726
"781",-8652.696
"782",-8942.036
"783",-8915.884
"784",-8693.757
"785",-8865.137
"786",-8857.692
"787",-8818.594
"788",-8714.236
"789",-9022.397
"790",-8953.625
"791",-8844.575
"792",-8764.903
"793",-8660.859
"794",-9002.574
"795",-8594.686
"796",-8898.688
"797",-9073.072
"798",-8902.001
"799",-9000.624
"800",-8962.228
"801",-8965.585
"802",-8817.801
"803",-8967.266
"804",-8938.868
"805",-9186.314
"806",-8962.277
"807",-9167.539
"808",-8879.558
"809",-8804.926
"810",-9050.27
"811",-9084.884
"812",-8968.5
"813",-8947.337
"814",-8943.11
"815",-8794.908
"816",-9070.672
"817",-8584.684
"818",-9184.411
"819",-8935.21
"820",-9323.91
"821",-9249.196
"822",-8994.553
"823",-8850.651
"824",-8777.212
"825",-8843.798
"826",-8840.619
"827",-9086.574
"828",-8672.725
"829",-8826.789
"830",-8752.996
"831",-8805.176
"832",-8851.683
"833",-9072.845
"834",-8758.313
"835",-8990.359
"836",-9059.098
"837",-8872.74
"838",-8994.129
"839",-9057.24
"840",-8950.804
"841",-9023.932
"842",-8718.545
"843",-9005.862
"844",-9248.31
"845",-8835.739
"846",-8918.202
"847",-8743.536
"848",-8826.659
"849",-9074.475
"850",-8888.93
"851",-8927.883
"852",-8978.376
"853",-9114.186
"854",-8942.823
"855",-9103.247
"856",-8959.768
"857",-8742.849
"858",-8935.15
"859",-8613.666
"860",-9079.162
"861",-8847.423
"862",-8793.657
"863",-8918.336
"864",-8815.305
"865",-8986.963
"866",-8966.178
"867",-8955.819
"868",-8814.591
"869",-8948.13
"870",-8934.508
"871",-9037.292
"872",-8961.709
"873",-8863.882
"874",-8887.376
"875",-9038.526
"876",-8963.761
"877",-8765.008
"878",-9057.445
"879",-8839.643
"880",-8514.273
"881",-9110.588
"882",-8971.215
"883",-9103.307
"884",-8998.47
"885",-8691.995
"886",-9134.987
"887",-9079.156
"888",-8730.176
"889",-9025.63
"890",-8930.726
"891",-9025.837
"892",-8983.155
"893",-8829.546
"894",-9037.37
"895",-8999.488
"896",-8894.302
"897",-8901.165
"898",-8572.317
"899",-9000.577
"900",-9043.671
"901",-8841.359
"902",-8825.438
"903",-8883.708
"904",-8798.572
"905",-8889.587
"906",-9059.91
"907",-9055.93
"908",-9068.419
"909",-8948.253
"910",-8633.128
"911",-9105.391
"912",-8842.91
"913",-8927.138
"914",-9368.275
"915",-9024.806
"916",-9178.552
"917",-8717.197
"918",-9003.588
"919",-8865.107
"920",-8922.417
"921",-8874.512
"922",-8949.047
"923",-8875.007
"924",-9088.125
"925",-8960.903
"926",-8876.282
"927",-8767.065
"928",-8788.904
"929",-8733.78
"930",-9174.402
"931",-8581.608
"932",-9037.617
"933",-8921.89
"934",-9070.029
"935",-8875.07
"936",-8628.617
"937",-9266.38
"938",-8703.729
"939",-8892.362
"940",-8864.497
"941",-9149.375
"942",-9278.336
"943",-8949.185
"944",-9141.77
"945",-8879.85
"946",-8822.714
"947",-8842.848
"948",-8982.219
"949",-9014.601
"950",-8910.424
"951",-8837.538
"952",-8991.476
"953",-8766.478
"954",-9132.328
"955",-9204.213
"956",-8860.265
"957",-8667.204
"958",-8691.384
"959",-8835.817
"960",-9013.211
"961",-9252.285
"962",-9054.039
"963",-8819.03
"964",-8741.073
"965",-8913.75
"966",-8491.544
"967",-8656.519
"968",-8887.707
"969",-8610.204
"970",-9154.621
"971",-8907.536
"972",-8790.279
"973",-8829.787
"974",-8886.546
"975",-8716.312
"976",-8983.569
"977",-9034.593
"978",-8935.882
"979",-8698.245
"980",-8878.597
"981",-8583.983
"982",-8952.657
"983",-8867.522
"984",-8693.302
"985",-8748.142
"986",-9202.001
"987",-8838.44
"988",-9022.712
"989",-8842.008
"990",-8857.703
"991",-8743.912
"992",-9061.796
"993",-9000.476
"994",-8922.659
"995",-8835.5
"996",-9015.827
"997",-9120.909
"998",-8976.972
"999",-8886.085
"1000",-8699.531
"1001",-7824.56
"1002",-7628.564
"1003",-7639.193
"1004",-7700.05
"1005",-7596.279
"1006",-7634.79
"1007",-7641.597
"1008",-7560.221
"1009",-7493.925
"1010",-7606.704
"1011",-7623.77
"1012",-7590.101
"1013",-7662.849
"1014",-7517.656
"1015",-7628.903
"1016",-7428.429
"1017",-7832.94
"1018",-7664.864
"1019",-7561.239
"1020",-7610.451
"1021",-7800.75
"1022",-7634.707
"1023",-7535.018
"1024",-7711.914
"1025",-7737.272
"1026",-7542.473
"1027",-7841.711
"1028",-7758.815
"1029",-7712.817
"1030",-7613.495
"1031",-7793.692
"1032",-7795.709
"1033",-7765.23
"1034",-7786.393
"1035",-7533.69
"1036",-7646.849
"1037",-7636.606
"1038",-7671.675
"1039",-7549.992
"1040",-7550.794
"1041",-7503.58
"1042",-7780.441
"1043",-7498.836
"1044",-7656.911
"1045",-7681.568
"1046",-7619.993
"1047",-7639.922
"1048",-7833.851
"1049",-7634.407
"1050",-7714.729
"1051",-7679.891
"1052",-7619.737
"1053",-7671.624
"1054",-7577.968
"1055",-7608.496
"1056",-7672.398
"1057",-7627.546
"1058",-7738.612
"1059",-7681.075
"1060",-7474.284
"1061",-7635.379
"1062",-7696.035
"1063",-7698.011
"1064",-7630.259
"1065",-7564.531
"1066",-7698.956
"1067",-7720.003
"1068",-7652.383
"1069",-7779.87
"1070",-7737.951
"1071",-7640.899
"1072",-7699.394
"1073",-7539.538
"1074",-7767.337
"1075",-7742.253
"1076",-7692.668
"1077",-7756.446
"1078",-7421.362
"1079",-7598.393
"1080",-7816.846
"1081",-7607.179
"1082",-7764.095
"1083",-7575.565
"1084",-7692.976
"1085",-7755.853
"1086",-7693.6
"1087",-7584.019
"1088",-7608.677
"1089",-7635.786
"1090",-7637.691
"1091",-7544.123
"1092",-7712.17
"1093",-7730.157
"1094",-7550.822
"1095",-7759.412
"1096",-7588.847
"1097",-7669.879
"1098",-7734.079
"1099",-7531.311
"1100",-7641.534
"1101",-7678.461
"1102",-7586.016
"1103",-7628.947
"1104",-7621.76
"1105",-7519.706
"1106",-7593.371
"1107",-7631.09
"1108",-7653.227
"1109",-7713.758
"1110",-7695.927
"1111",-7601.746
"1112",-7723.121
"1113",-7485.379
"1114",-7647.609
"1115",-7556.98
"1116",-7622.477
"1117",-7667.82
"1118",-7552.548
"1119",-7649.151
"1120",-7642.781
"1121",-7580.098
"1122",-7525.816
"1123",-7761.606
"1124",-7652.191
"1125",-7736.688
"1126",-7701.758
"1127",-7904.883
"1128",-7687.235
"1129",-7581.762
"1130",-7646.876
"1131",-7886.253
"1132",-7639.16
"1133",-7726.448
"1134",-7542.036
"1135",-7465.793
"1136",-7512.963
"1137",-7635.294
"1138",-7652.344
"1139",-7610.522
"1140",-7677.472
"1141",-7566.519
"1142",-7417.697
"1143",-7649.364
"1144",-7711.042
"1145",-7694.958
"1146",-7668.207
"1147",-7514.323
"1148",-7547.75
"1149",-7514.124
"1150",-7634.997
"1151",-7574.989
"1152",-7618.608
"1153",-7586.943
"1154",-7750.581
"1155",-7733.75
"1156",-7646.425
"1157",-7675.805
"1158",-7788.986
"1159",-7756.346
"1160",-7685.786
"1161",-7746.246
"1162",-7675.821
"1163",-7414.229
"1164",-7522.403
"1165",-7826.519
"1166",-7722.182
"1167",-7592.018
"1168",-7645.707
"1169",-7637.429
"1170",-7702.648
"1171",-7670.717
"1172",-7583.074
"1173",-7538.197
"1174",-7552.033
"1175",-7582.234
"1176",-7528.21
"1177",-7688.851
"1178",-7637.716
"1179",-7599.05
"1180",-7558.304
"1181",-7543.736
"1182",-7649.06
"1183",-7656.521
"1184",-7769.443
"1185",-7674.736
"1186",-7785.092
"1187",-7671.816
"1188",-7653.514
"1189",-7483.116
"1190",-7746.572
"1191",-7681.114
"1192",-7693.026
"1193",-7542.475
"1194",-7717.763
"1195",-7732.617
"1196",-7657.085
"1197",-7720.051
"1198",-7686.759
"1199",-7645.158
"1200",-7640.994
"1201",-7608.815
"1202",-7618.57
"1203",-7554.432
"1204",-7599.749
"1205",-7623.064
"1206",-7596.568
"1207",-7702.761
"1208",-7570.958
"1209",-7788.182
"1210",-7737.128
"1211",-7666.674
"1212",-7521.83
"1213",-7667.478
"1214",-7742.981
"1215",-7677.768
"1216",-7649.632
"1217",-7662.845
"1218",-7805.024
"1219",-7677.27
"1220",-7646.982
"1221",-7656.319
"1222",-7629.698
"1223",-7463.578
"1224",-7602.905
"1225",-7585.468
"1226",-7824.412
"1227",-7776.835
"1228",-7836.697
"1229",-7664.066
"1230",-7673.348
"1231",-7812.978
"1232",-7699.603
"1233",-7827.406
"1234",-7510.826
"1235",-7766.749
"1236",-7642.523
"1237",-7609.262
"1238",-7581.546
"1239",-7612.837
"1240",-7616.67
"1241",-7575.177
"1242",-7673.62
"1243",-7656.685
"1244",-7770.598
"1245",-7600.375
"1246",-7583.737
"1247",-7629.404
"1248",-7582.953
"1249",-7573.508
"1250",-7591.015
"1251",-7686.438
"1252",-7625.867
"1253",-7546.724
"1254",-7555.974
"1255",-7633.339
"1256",-7556.524
"1257",-7719.922
"1258",-7591.262
"1259",-7621.711
"1260",-7640.137
"1261",-7629.871
"1262",-7729.964
"1263",-7605.359
"1264",-7636.194
"1265",-7728.005
"1266",-7701.105
"1267",-7707.242
"1268",-7673.419
"1269",-7764.694
"1270",-7855.473
"1271",-7576.44
"1272",-7715.066
"1273",-7648.39
"1274",-7662.644
"1275",-7740.49
"1276",-7353.416
"1277",-7650.34
"1278",-7580.676
"1279",-7737.614
"1280",-7539.843
"1281",-7581.636
"1282",-7852.09
"1283",-7777.226
"1284",-7752.499
"1285",-7833.733
"1286",-7426.252
"1287",-7521.759
"1288",-7712.557
"1289",-7724.419
"1290",-7678.406
"1291",-7743.58
"1292",-7671.505
"1293",-7671.238
"1294",-7653.842
"1295",-7679.906
"1296",-7580.483
"1297",-7610.634
"1298",-7783.733
"1299",-7511.606
"1300",-7510.367
"1301",-7649.418
"1302",-7555.797
"1303",-7691.958
"1304",-7662.838
"1305",-7540.552
"1306",-7542.848
"1307",-7508.014
"1308",-7512.145
"1309",-7617.211
"1310",-7679.057
"1311",-7855.492
"1312",-7729.029
"1313",-7539.841
"1314",-7663.948
"1315",-7625.62
"1316",-7779.315
"1317",-7675.692
"1318",-7773.042
"1319",-7620.321
"1320",-7588.254
"1321",-7644.63
"1322",-7548.759
"1323",-7605.299
"1324",-7604.25
"1325",-7688.638
"1326",-7681.106
"1327",-7682.12
"1328",-7752.916
"1329",-7673.284
"1330",-7754.005
"1331",-7528.046
"1332",-7705.799
"1333",-7618.934
"1334",-7715.815
"1335",-7637.274
"1336",-7784.887
"1337",-7590.753
"1338",-7733.286
"1339",-7593.887
"1340",-7830.048
"1341",-7662.717
"1342",-7536.85
"1343",-7592.965
"1344",-7712.534
"1345",-7765.743
"1346",-7619.242
"1347",-7678.369
"1348",-7655.008
"1349",-7479.715
"1350",-7592.02
"1351",-7668.257
"1352",-7666.631
"1353",-7635.12
"1354",-7771.724
"1355",-7630.035
"1356",-7718.694
"1357",-7642.602
"1358",-7604.131
"1359",-7766.23
"1360",-7646.225
"1361",-7633.694
"1362",-7800.189
"1363",-7722.37
"1364",-7627.803
"1365",-7676.483
"1366",-7653.697
"1367",-7704.049
"1368",-7566.967
"1369",-7746.016
"1370",-7599.058
"1371",-7742.629
"1372",-7725.224
"1373",-7738.086
"1374",-7617.639
"1375",-7711.789
"1376",-7501.889
"1377",-7730.268
"1378",-7672.467
"1379",-7633.842
"1380",-7721.814
"1381",-7720.065
"1382",-7596.376
"1383",-7665.322
"1384",-7720.329
"1385",-7761.961
"1386",-7703.178
"1387",-7664.519
"1388",-7610.707
"1389",-7621.611
"1390",-7782.863
"1391",-7550.166
"1392",-7520.354
"1393",-7559.514
"1394",-7595.893
"1395",-7648.093
"1396",-7771.688
"1397",-7728.525
"1398",-7738.821
"1399",-7714.634
"1400",-7568.647
"1401",-7685.612
"1402",-7713.897
"1403",-7813.094
"1404",-7600.101
"1405",-7687.795
"1406",-7542.375
"1407",-7717.353
"1408",-7556.053
"1409",-7762.824
"1410",-7612.911
"1411",-7674.772
"1412",-7737.251
"1413",-7446.859
"1414",-7647.241
"1415",-7583.803
"1416",-7682.158
"1417",-7574.027
"1418",-7655.393
"1419",-7706.081
"1420",-7788.055
"1421",-7481.062
"1422",-7673.537
"1423",-7570.907
"1424",-7706.017
"1425",-7748.65
"1426",-7736.646
"1427",-7702.17
"1428",-7674.321
"1429",-7446.619
"1430",-7627.033
"1431",-7754.271
"1432",-7560.32
"1433",-7789.817
"1434",-7619.394
"1435",-7625.694
"1436",-7579.988
"1437",-7460.145
"1438",-7829.494
"1439",-7748.401
"1440",-7682.916
"1441",-7786.438
"1442",-7644.535
"1443",-7412.392
"1444",-7734.188
"1445",-7643.092
"1446",-7697.654
"1447",-7624.785
"1448",-7707.792
"1449",-7585.244
"1450",-7656.076
"1451",-7549.834
"1452",-7836.595
"1453",-7584.123
"1454",-7680.104
"1455",-7565.478
"1456",-7765.744
"1457",-7709.238
"1458",-7796.834
"1459",-7466.343
"1460",-7607.242
"1461",-7565.721
"1462",-7637.932
"1463",-7571.005
"1464",-7586.714
"1465",-7769.344
"1466",-7781.249
"1467",-7513.864
"1468",-7800.692
"1469",-7481.077
"1470",-7622.006
"1471",-7623.448
"1472",-7612.328
"1473",-7728.758
"1474",-7652.815
"1475",-7801.782
"1476",-7517.354
"1477",-7792.547
"1478",-7842.015
"1479",-7861.331
"1480",-7563.259
"1481",-7757.511
"1482",-7381.832
"1483",-7596.746
"1484",-7579.672
"1485",-7741.945
"1486",-7448.105
"1487",-7649.831
"1488",-7397.987
"1489",-7686.901
"1490",-7761.921
"1491",-7883.262
"1492",-7644.282
"1493",-7347.61
"1494",-7588.782
"1495",-7750.461
"1496",-7550.943
"1497",-7682.101
"1498",-7663.495
"1499",-7671.998
"1500",-7730.836
"1501",-7499.856
"1502",-7875.53
"1503",-7680.368
"1504",-7691.569
"1505",-7573.853
"1506",-7645.208
"1507",-7546.815
"1508",-7832.492
"1509",-7676.871
"1510",-7787.614
"1511",-7585.282
"1512",-7628.605
"1513",-7727.483
"1514",-7590.553
"1515",-7606.11
"1516",-7441.481
"1517",-7742.617
"1518",-7803.634
"1519",-7692.383
"1520",-7658.142
"1521",-7679.511
"1522",-7531.614
"1523",-7632.288
"1524",-7971.297
"1525",-7675.364
"1526",-7550.879
"1527",-7547.203
"1528",-7526.084
"1529",-7642.311
"1530",-7573.752
"1531",-7753.07
"1532",-7655.532
"1533",-7797.919
"1534",-7640.804
"1535",-7569.597
"1536",-7663.349
"1537",-7515.75
"1538",-7586.483
"1539",-7576.736
"1540",-7712.457
"1541",-7666.516
"1542",-7675.037
"1543",-7719.451
"1544",-7662.543
"1545",-7664.491
"1546",-7645.937
"1547",-7604.112
"1548",-7401.719
"1549",-7677.399
"1550",-7541.635
"1551",-7765.899
"1552",-7798.724
"1553",-7714.268
"1554",-7548.9
"1555",-7632.715
"1556",-7682.692
"1557",-7527.318
"1558",-7609.916
"1559",-7844.147
"1560",-7660.636
"1561",-7379.285
"1562",-7606.312
"1563",-7518.082
"1564",-7468.758
"1565",-7767.563
"1566",-7743.455
"1567",-7630.181
"1568",-7625.674
"1569",-7759.104
"1570",-7516.916
"1571",-7610.481
"1572",-7545.786
"1573",-7600.962
"1574",-7698.068
"1575",-7738.354
"1576",-7541.91
"1577",-7569.92
"1578",-7669.922
"1579",-7568.591
"1580",-7692.445
"1581",-7637.583
"1582",-7642.185
"1583",-7661.823
"1584",-7738.132
"1585",-7671.69
"1586",-7574.063
"1587",-7535.977
"1588",-7648.116
"1589",-7561.683
"1590",-7756.018
"1591",-7865.495
"1592",-7552.772
"1593",-7824.615
"1594",-7814.728
"1595",-7749.471
"1596",-7817.92
"1597",-7588.162
"1598",-7599.441
"1599",-7802.386
"1600",-7475.259
"1601",-7619.35
"1602",-7695.997
"1603",-7653.154
"1604",-7708.083
"1605",-7489.568
"1606",-7480.243
"1607",-7794.905
"1608",-7718.499
"1609",-7855.238
"1610",-7602.713
"1611",-7570.507
"1612",-7534.316
"1613",-7552.001
"1614",-7605.05
"1615",-7630.116
"1616",-7885.771
"1617",-7599.174
"1618",-7504.179
"1619",-7656.884
"1620",-7750.673
"1621",-7572.752
"1622",-7736.511
"1623",-7758.083
"1624",-7587.384
"1625",-7688.068
"1626",-7977.408
"1627",-7536.777
"1628",-7748.104
"1629",-7808.88
"1630",-7574.672
"1631",-7583.198
"1632",-7565.172
"1633",-7493.582
"1634",-7750.423
"1635",-7669.959
"1636",-7806.526
"1637",-7611.259
"1638",-7588.568
"1639",-7588.355
"1640",-7705.614
"1641",-7680.488
"1642",-7816.067
"1643",-7658.736
"1644",-7496.396
"1645",-7603.944
"1646",-7632.977
"1647",-7577.39
"1648",-7456.268
"1649",-7465.144
"1650",-7660.63
"1651",-7558.821
"1652",-7701.665
"1653",-7792.266
"1654",-7599.61
"1655",-7624.391
"1656",-7782.508
"1657",-7736.232
"1658",-7751.005
"1659",-7794.034
"1660",-7686.695
"1661",-7766.14
"1662",-7524.476
"1663",-7639.854
"1664",-7604.687
"1665",-7699.308
"1666",-7677.251
"1667",-7713.968
"1668",-7566.741
"1669",-7468.731
"1670",-7647.942
"1671",-7454.321
"1672",-7582.907
"1673",-7764.326
"1674",-7767.863
"1675",-7450.139
"1676",-7626.973
"1677",-7732.772
"1678",-7277.903
"1679",-7551.757
"1680",-7717.193
"1681",-7481.15
"1682",-7632.713
"1683",-7440.376
"1684",-7665.047
"1685",-7568.949
"1686",-7468.581
"1687",-7555.253
"1688",-7642.992
"1689",-7569.1
"1690",-7680.196
"1691",-7730.198
"1692",-7649.503
"1693",-7542.234
"1694",-7543.386
"1695",-7460.031
"1696",-7628.749
"1697",-7721.064
"1698",-7720.96
"1699",-7616.835
"1700",-7553.845
"1701",-7724.274
"1702",-7840.89
"1703",-7565.694
"1704",-7812.802
"1705",-7926.246
"1706",-7503.756
"1707",-7454.088
"1708",-7485.761
"1709",-7697.561
"1710",-7610.194
"1711",-7598.277
"1712",-7714.114
"1713",-7479.777
"1714",-7603.55
"1715",-7767.381
"1716",-7759.783
"1717",-7683.208
"1718",-7625.568
"1719",-7489.255
"1720",-7686.353
"1721",-7595.366
"1722",-7528.776
"1723",-7610.953
"1724",-7652.488
"1725",-7600.971
"1726",-7570.997
"1727",-7493.693
"1728",-7648.447
"1729",-7688.682
"1730",-7673.829
"1731",-7575.652
"1732",-7478.063
"1733",-7283.514
"1734",-7614.229
"1735",-7750.512
"1736",-7792.345
"1737",-7553.272
"1738",-7712.036
"1739",-7667.729
"1740",-7964.286
"1741",-7558.252
"1742",-7573.306
"1743",-7779.426
"1744",-7644.279
"1745",-7692.427
"1746",-7775.639
"1747",-7700.88
"1748",-7700.466
"1749",-7831.104
"1750",-7549.34
"1751",-7652.691
"1752",-7620.69
"1753",-7694.377
"1754",-7618.311
"1755",-7792.766
"1756",-7662.138
"1757",-7543.772
"1758",-7835.734
"1759",-7719.404
"1760",-7436.424
"1761",-7450.174
"1762",-7773.214
"1763",-7559.312
"1764",-7631.973
"1765",-7880.241
"1766",-7617.275
"1767",-7670.565
"1768",-7842.98
"1769",-7735.999
"1770",-7539.586
"1771",-7571.768
"1772",-7511.484
"1773",-7672.933
"1774",-7648.899
"1775",-7681.612
"1776",-7682.796
"1777",-7722.216
"1778",-7634.936
"1779",-7523.556
"1780",-7641.359
"1781",-7615.535
"1782",-7420.665
"1783",-7735.036
"1784",-7738.805
"1785",-7485.074
"1786",-7590.958
"1787",-7831.607
"1788",-7626.872
"1789",-7575.173
"1790",-7713.517
"1791",-7761.721
"1792",-7555.753
"1793",-7677.57
"1794",-7687.88
"1795",-7764.688
"1796",-7638.16
"1797",-7561.285
"1798",-7644.51
"1799",-7556.217
"1800",-7682.615
"1801",-7848.471
"1802",-7621.768
"1803",-7718.893
"1804",-7733.392
"1805",-7781.173
"1806",-7576.865
"1807",-7792.254
"1808",-7617.889
"1809",-7576.881
"1810",-7591.145
"1811",-7806.149
"1812",-7818.682
"1813",-7748.58
"1814",-7525.59
"1815",-7680.781
"1816",-7600.665
"1817",-7572.265
"1818",-7571.154
"1819",-7502.77
"1820",-7634.49
"1821",-7757.85
"1822",-7659.789
"1823",-7614.492
"1824",-7679.719
"1825",-7697.216
"1826",-7663.473
"1827",-7704.93
"1828",-7639.232
"1829",-7677.455
"1830",-7489.508
"1831",-7771.515
"1832",-7707.338
"1833",-7612.804
"1834",-7718.196
"1835",-7531.825
"1836",-7597.839
"1837",-7783.463
"1838",-7409.074
"1839",-7729.414
"1840",-7712.125
"1841",-7659.918
"1842",-7792.715
"1843",-7704.504
"1844",-7724.379
"1845",-7446.182
"1846",-7680.523
"1847",-7578.262
"1848",-7661.652
"1849",-7605.059
"1850",-7652.3
"1851",-7572.1
"1852",-7672.425
"1853",-7545.721
"1854",-7440.585
"1855",-7474.519
"1856",-7710.332
"1857",-7533.88
"1858",-7529.215
"1859",-7637.717
"1860",-7806.695
"1861",-7581.987
"1862",-7787.515
"1863",-7817.444
"1864",-7733.599
"1865",-7617.7
"1866",-7699.867
"1867",-7738.731
"1868",-7750.994
"1869",-7634.09
"1870",-7723.437
"1871",-7623.689
"1872",-7679.402
"1873",-7674.605
"1874",-7502.013
"1875",-7765.624
"1876",-7826.088
"1877",-7800.057
"1878",-7634.585
"1879",-7608.175
"1880",-7573.526
"1881",-7884.237
"1882",-7518.018
"1883",-7675.451
"1884",-7714.818
"1885",-7738.311
"1886",-7617.718
"1887",-7752.141
"1888",-7543.199
"1889",-7455.222
"1890",-7507.893
"1891",-7682.957
"1892",-7654.13
"1893",-7549.073
"1894",-7634.667
"1895",-7576.699
"1896",-7719.719
"1897",-7485.305
"1898",-7539.883
"1899",-7640.717
"1900",-7707.153
"1901",-7761.657
"1902",-7623.927
"1903",-7567.571
"1904",-7454.771
"1905",-7772.489
"1906",-7795.629
"1907",-7695.545
"1908",-7622.726
"1909",-7812.295
"1910",-7735.277
"1911",-7681.652
"1912",-7723.588
"1913",-7674.856
"1914",-7641.327
"1915",-7686.447
"1916",-7662.525
"1917",-7657.456
"1918",-7755.147
"1919",-7648.691
"1920",-7716.122
"1921",-7652.39
"1922",-7499.399
"1923",-7424.157
"1924",-7602.043
"1925",-7774.273
"1926",-7478.465
"1927",-7596.256
"1928",-7672.55
"1929",-7638.09
"1930",-7469.246
"1931",-7739.196
"1932",-7634.989
"1933",-7672.241
"1934",-7633.513
"1935",-7444.656
"1936",-7653.929
"1937",-7698.216
"1938",-7517.565
"1939",-7724.384
"1940",-7603.137
"1941",-7563.834
"1942",-7674.445
"1943",-7753.956
"1944",-7628.666
"1945",-7515.951
"1946",-7610.886
"1947",-7625.723
"1948",-7769.904
"1949",-7741.991
"1950",-7756.709
"1951",-7691.302
"1952",-7597.116
"1953",-7725.6
"1954",-7613.774
"1955",-7653.081
"1956",-7679.325
"1957",-7452.036
"1958",-7461.519
"1959",-7599.255
"1960",-7738.938
"1961",-7595.288
"1962",-7588.479
"1963",-7495.689
"1964",-7723.358
"1965",-7720.222
"1966",-7764.479
"1967",-7749.949
"1968",-7636.451
"1969",-7561.342
"1970",-7593.82
"1971",-7636.073
"1972",-7679.143
"1973",-7601.552
"1974",-7677.557
"1975",-7788.905
"1976",-7487.074
"1977",-7701.037
"1978",-7530.664
"1979",-7720.155
"1980",-7681.367
"1981",-7630.524
"1982",-7782.992
"1983",-7746.648
"1984",-7592.581
"1985",-7642.648
"1986",-7712.389
"1987",-7700.279
"1988",-7682.742
"1989",-7538.553
"1990",-7622.761
"1991",-7640.195
"1992",-7523.942
"1993",-7741.304
"1994",-7689.339
"1995",-7500.633
"1996",-7772.946
"1997",-7749.675
"1998",-7690.007
"1999",-7635.569
"2000",-7717.972
"2001",-7665.012
"2002",-7718.562
"2003",-7632.612
"2004",-7746.632
"2005",-7756.618
"2006",-7680.592
"2007",-7637.908
"2008",-7528.545
"2009",-7659.421
"2010",-7524.546
"2011",-7636.77
"2012",-7534.843
"2013",-7517.101
"2014",-7566.897
"2015",-7722.476
"2016",-7780.829
"2017",-7513.793
"2018",-7765.359
"2019",-7750.161
"2020",-7457.298
"2021",-7781.439
"2022",-7619.265
"2023",-7670.564
"2024",-7665.517
"2025",-7707.543
"2026",-7627.262
"2027",-7593.806
"2028",-7625.542
"2029",-7567.44
"2030",-7557.261
"2031",-7705.024
"2032",-7607.244
"2033",-7491.586
"2034",-7565.579
"2035",-7534.096
"2036",-7772.605
"2037",-7701.46
"2038",-7697.218
"2039",-7484.479
"2040",-7646.638
"2041",-7896.483
"2042",-7601.892
"2043",-7496.36
"2044",-7698.37
"2045",-7763.012
"2046",-7611.146
"2047",-7553.109
"2048",-7609.012
"2049",-7634.839
"2050",-7680.855
"2051",-7506.635
"2052",-7746.973
"2053",-7625.974
"2054",-7547.904
"2055",-7745.219
"2056",-7545.846
"2057",-7672.042
"2058",-7543.685
"2059",-7550.847
"2060",-7766.463
"2061",-7731.383
"2062",-7365.996
"2063",-7524.294
"2064",-7553.054
"2065",-7644.706
"2066",-7606.889
"2067",-7527.846
"2068",-7668.19
"2069",-7728.944
"2070",-7870.266
"2071",-7753.493
"2072",-7737.44
"2073",-7644.959
"2074",-7643.2
"2075",-7748.591
"2076",-7640.481
"2077",-7599.122
"2078",-7652.74
"2079",-7726.296
"2080",-7624.896
"2081",-7698.123
"2082",-7703.605
"2083",-7781.487
"2084",-7697.795
"2085",-7654.177
"2086",-7716.628
"2087",-7732.254
"2088",-7725.924
"2089",-7605.933
"2090",-7438.525
"2091",-7670.371
"2092",-7641.784
"2093",-7614.681
"2094",-7522.082
"2095",-7558.459
"2096",-7655.589
"2097",-7719.899
"2098",-7638.079
"2099",-7607.568
"2100",-7699.973
"2101",-7676.226
"2102",-7750.166
"2103",-7871.989
"2104",-7680.446
"2105",-7810.016
"2106",-7728.728
"2107",-7648.621
"2108",-7469.651
"2109",-7609.924
"2110",-7865.357
"2111",-7512.431
"2112",-7740.757
"2113",-7783.828
"2114",-7589.447
"2115",-7663.458
"2116",-7659.487
"2117",-7691.192
"2118",-7627.333
"2119",-7746.865
"2120",-7624.643
"2121",-7707.773
"2122",-7717.697
"2123",-7798.037
"2124",-7585.459
"2125",-7477.33
"2126",-7609.479
"2127",-7418.334
"2128",-7730.937
"2129",-7652.631
"2130",-7619.55
"2131",-7642.121
"2132",-7701.241
"2133",-7392.031
"2134",-7513.413
"2135",-7666.34
"2136",-7720.554
"2137",-7641.272
"2138",-7564.025
"2139",-7727.374
"2140",-7613.912
"2141",-7550.305
"2142",-7759.557
"2143",-7592.211
"2144",-7599.747
"2145",-7649.911
"2146",-7604.02
"2147",-7570.523
"2148",-7634.584
"2149",-7642.265
"2150",-7526.432
"2151",-7618.147
"2152",-7635.018
"2153",-7639.025
"2154",-7551.885
"2155",-7557.377
"2156",-7625.482
"2157",-7616.033
"2158",-7610.524
"2159",-7597.342
"2160",-7730.38
"2161",-7604.847
"2162",-7614.645
"2163",-7615.941
"2164",-7453.364
"2165",-7947.851
"2166",-7749.181
"2167",-7748.901
"2168",-7631.267
"2169",-7534.851
"2170",-7677.72
"2171",-7544.963
"2172",-7528.53
"2173",-7783.854
"2174",-7802.979
"2175",-7587.132
"2176",-7846.586
"2177",-7591.01
"2178",-7542.114
"2179",-7729.402
"2180",-7650.426
"2181",-7777.512
"2182",-7692.168
"2183",-7654.26
"2184",-7623.1
"2185",-7479.174
"2186",-7564.91
"2187",-7605.223
"2188",-7494.745
"2189",-7617.154
"2190",-7792.566
"2191",-7453.751
"2192",-7734.453
"2193",-7514.445
"2194",-7694.46
"2195",-7707.273
"2196",-7667.396
"2197",-7578.923
"2198",-7861.752
"2199",-7507.566
"2200",-7628.701
"2201",-7608.098
"2202",-7673.094
"2203",-7861.151
"2204",-7676.896
"2205",-7595.142
"2206",-7634.788
"2207",-7695.617
"2208",-7690.268
"2209",-7660.27
"2210",-7739.49
"2211",-7757.254
"2212",-7780.652
"2213",-7613.731
"2214",-7595.468
"2215",-7686.349
"2216",-7644.798
"2217",-7691.27
"2218",-7553.637
"2219",-7603.775
"2220",-7557.295
"2221",-7550.004
"2222",-7805.917
"2223",-7634.687
"2224",-7637.142
"2225",-7675.615
"2226",-7724.901
"2227",-7573.201
"2228",-7594.387
"2229",-7647.331
"2230",-7460.726
"2231",-7574.326
"2232",-7584.254
"2233",-7562.47
"2234",-7567.446
"2235",-7511.959
"2236",-7553.07
"2237",-7728.008
"2238",-7447.924
"2239",-7718.711
"2240",-7692.593
"2241",-7698.952
"2242",-7382.708
"2243",-7725.821
"2244",-7717.809
"2245",-7718.436
"2246",-7832.328
"2247",-7698.441
"2248",-7515.159
"2249",-7611.342
"2250",-7912.292
"2251",-7680.565
"2252",-7589.341
"2253",-7619.052
"2254",-7561.951
"2255",-7572.136
"2256",-7902.629
"2257",-7785.412
"2258",-7682.265
"2259",-7664.762
"2260",-7597.12
"2261",-7629.821
"2262",-7701.828
"2263",-7672.215
"2264",-7693.949
"2265",-7740.777
"2266",-7639.785
"2267",-7464.945
"2268",-7707.298
"2269",-7770.574
"2270",-7693.983
"2271",-7635.435
"2272",-7604.625
"2273",-7597.729
"2274",-7513.999
"2275",-7793.165
"2276",-7580.645
"2277",-7564.313
"2278",-7591.795
"2279",-7489.473
"2280",-7717.412
"2281",-7547.436
"2282",-7582.553
"2283",-7536.142
"2284",-7668.712
"2285",-7624.004
"2286",-7454.52
"2287",-7524.822
"2288",-7781.153
"2289",-7649.947
"2290",-7840.933
"2291",-7657.228
"2292",-7947.735
"2293",-7621.115
"2294",-7574.516
"2295",-7704.801
"2296",-7701.494
"2297",-7523.81
"2298",-7534.236
"2299",-7720.141
"2300",-7746.184
"2301",-7651.146
"2302",-7366.507
"2303",-7639.003
"2304",-7599.645
"2305",-7819.947
"2306",-7660.849
"2307",-7644.732
"2308",-7703.921
"2309",-7703.609
"2310",-7590.142
"2311",-7643.107
"2312",-7539.024
"2313",-7737.803
"2314",-7615.078
"2315",-7531.006
"2316",-7610.879
"2317",-7770.379
"2318",-7656.91
"2319",-7525.055
"2320",-7533.26
"2321",-7642.248
"2322",-7569.226
"2323",-7606.102
"2324",-7666.935
"2325",-7535.942
"2326",-7664.206
"2327",-7500.066
"2328",-7671.232
"2329",-7625.032
"2330",-7518.796
"2331",-7722.617
"2332",-7570.624
"2333",-7515.989
"2334",-7667.902
"2335",-7543.606
"2336",-7599.855
"2337",-7635.311
"2338",-7570.887
"2339",-7620.633
"2340",-7680.076
"2341",-7769.883
"2342",-7499.119
"2343",-7564.6
"2344",-7709.074
"2345",-7709.786
"2346",-7487.105
"2347",-7693.807
"2348",-7707.311
"2349",-7566.841
"2350",-7627.767
"2351",-7719.405
"2352",-7648.106
"2353",-7744.66
"2354",-7689.914
"2355",-7752.172
"2356",-7647.653
"2357",-7567.113
"2358",-7631.982
"2359",-7542.565
"2360",-7552.859
"2361",-7738.382
"2362",-7640.351
"2363",-7733.397
"2364",-7432.18
"2365",-7744.148
"2366",-7598.499
"2367",-7650.051
"2368",-7567.451
"2369",-7554.584
"2370",-7531.13
"2371",-7653.756
"2372",-7668.506
"2373",-7460.786
"2374",-7662.924
"2375",-7602.054
"2376",-7571.464
"2377",-7577.134
"2378",-7697.234
"2379",-7874.051
"2380",-7734.117
"2381",-7612.42
"2382",-7637.124
"2383",-7531.378
"2384",-7707.186
"2385",-7676.795
"2386",-7716.143
"2387",-7618.157
"2388",-7591.592
"2389",-7598.135
"2390",-7593.903
"2391",-7961.687
"2392",-7830.042
"2393",-7712.94
"2394",-7650.644
"2395",-7571.905
"2396",-7620.92
"2397",-7645.338
"2398",-7563.996
"2399",-7672.161
"2400",-7746.081
"2401",-7495.65
"2402",-7825.352
"2403",-7478.583
"2404",-7652.628
"2405",-7611.265
"2406",-7893.673
"2407",-7619.115
"2408",-7351.773
"2409",-7580.593
"2410",-7667.207
"2411",-7685.858
"2412",-7733.756
"2413",-7656.719
"2414",-7571.275
"2415",-7757.414
"2416",-7671.059
"2417",-7627.673
"2418",-7474.986
"2419",-7866.484
"2420",-7749.487
"2421",-7811.004
"2422",-7594.074
"2423",-7569.396
"2424",-7492.064
"2425",-7612.286
"2426",-7581.842
"2427",-7822.516
"2428",-7651.793
"2429",-7719.745
"2430",-7626.706
"2431",-7605.402
"2432",-7533.424
"2433",-7668.346
"2434",-7560.978
"2435",-7689.024
"2436",-7574.922
"2437",-7489.955
"2438",-7699.549
"2439",-7715.558
"2440",-7766.405
"2441",-7500.039
"2442",-7695.412
"2443",-7558.858
"2444",-7466.495
"2445",-7723.449
"2446",-7692.164
"2447",-7801.786
"2448",-7479.575
"2449",-7692.133
"2450",-7617.922
"2451",-7636.598
"2452",-7531.19
"2453",-7659.31
"2454",-7518.773
"2455",-7531.323
"2456",-7860.967
"2457",-7749.212
"2458",-7635.195
"2459",-7537.976
"2460",-7565.387
"2461",-7786.485
"2462",-7757.138
"2463",-7563.963
"2464",-7818.197
"2465",-7665.573
"2466",-7739.125
"2467",-7694.246
"2468",-7856.775
"2469",-7868.485
"2470",-7749.637
"2471",-7676.134
"2472",-7479.621
"2473",-7726.846
"2474",-7538.791
"2475",-7748.321
"2476",-7769.292
"2477",-7443.02
"2478",-7632.384
"2479",-7733.387
"2480",-7667.404
"2481",-7533.731
"2482",-7765.721
"2483",-7565.092
"2484",-7622.822
"2485",-7643.111
"2486",-7778.16
"2487",-7732.385
"2488",-7919.572
"2489",-7672.425
"2490",-7755.963
"2491",-7718.765
"2492",-7673.778
"2493",-7885.272
"2494",-7500.862
"2495",-7404.843
"2496",-7811.74
"2497",-7460.527
"2498",-7651.14
"2499",-7742.884
"2500",-7507.187
"2501",-7673.088
"2502",-7604.846
"2503",-7725.824
"2504",-7581.317
"2505",-7814.17
"2506",-7283.632
"2507",-7596.575
"2508",-7680.148
"2509",-7505.557
"2510",-7366.903
"2511",-7518.759
"2512",-7702.136
"2513",-7644.648
"2514",-7619.695
"2515",-7558.152
"2516",-7695.081
"2517",-7638.068
"2518",-7707.281
"2519",-7776.884
"2520",-7584.502
"2521",-7585.472
"2522",-7821.605
"2523",-7623.549
"2524",-7678.496
"2525",-7501.91
"2526",-7671.968
"2527",-7821.075
"2528",-7464.788
"2529",-7660.16
"2530",-7828.716
"2531",-7726.13
"2532",-7736.415
"2533",-7743.962
"2534",-7731.176
"2535",-7775.26
"2536",-7829.886
"2537",-7643.18
"2538",-7611.083
"2539",-7538.323
"2540",-7614.241
"2541",-7592.255
"2542",-7546.433
"2543",-7627.058
"2544",-7541.996
"2545",-7782.677
"2546",-7554.934
"2547",-7698.475
"2548",-7773.648
"2549",-7732.723
"2550",-7540.792
"2551",-7629.56
"2552",-7697.326
"2553",-7687.909
"2554",-7647.292
"2555",-7584.483
"2556",-7790.485
"2557",-7667.576
"2558",-7817.325
"2559",-7647.657
"2560",-7583.568
"2561",-7574.009
"2562",-7758.506
"2563",-7586.69
"2564",-7776.478
"2565",-7510.234
"2566",-7692.336
"2567",-7694.922
"2568",-7777.205
"2569",-7572.685
"2570",-7837.126
"2571",-7630.684
"2572",-7501.903
"2573",-7745.245
"2574",-7567.549
"2575",-7912.576
"2576",-7536.238
"2577",-7520.99
"2578",-7623.707
"2579",-7648.393
"2580",-7716.487
"2581",-7808.077
"2582",-7577.705
"2583",-7773.56
"2584",-7424.172
"2585",-7579.478
"2586",-7503.394
"2587",-7665.848
"2588",-7638.828
"2589",-7608.857
"2590",-7787.522
"2591",-7653.805
"2592",-7654.484
"2593",-7583.04
"2594",-7465.54
"2595",-7652.267
"2596",-7672.413
"2597",-7600.422
"2598",-7666.848
"2599",-7601.025
"2600",-7702.161
"2601",-7793.599
"2602",-7473.34
"2603",-7508.37
"2604",-7866.732
"2605",-7619.541
"2606",-7621.947
"2607",-7641.661
"2608",-7541.373
"2609",-7625.12
"2610",-7698.653
"2611",-7844.221
"2612",-7626.301
"2613",-7483.281
"2614",-7814.435
"2615",-7582.166
"2616",-7693.231
"2617",-7803.571
"2618",-7665.602
"2619",-7546.741
"2620",-7701.424
"2621",-7547.466
"2622",-7748.279
"2623",-7522.279
"2624",-7704.185
"2625",-7578.803
"2626",-7646.298
"2627",-7545.439
"2628",-7701.56
"2629",-7455.453
"2630",-7590.716
"2631",-7753.717
"2632",-7598.114
"2633",-7891.721
"2634",-7666.236
"2635",-7690.549
"2636",-7702.987
"2637",-7487.669
"2638",-7760.354
"2639",-7560.454
"2640",-7575.239
"2641",-7582.027
"2642",-7514.998
"2643",-7704.44
"2644",-7639.337
"2645",-7688.561
"2646",-7758.565
"2647",-7817.389
"2648",-7656.34
"2649",-7636.186
"2650",-7829.334
"2651",-7746.726
"2652",-7588.003
"2653",-7763.371
"2654",-7602.151
"2655",-7587.411
"2656",-7718.579
"2657",-7614.876
"2658",-7686.719
"2659",-7602.291
"2660",-7681.711
"2661",-7625.389
"2662",-7590.331
"2663",-7552.769
"2664",-7671.28
"2665",-7526.08
"2666",-7904.791
"2667",-7684.855
"2668",-7717.994
"2669",-7525.307
"2670",-7618.316
"2671",-7673.058
"2672",-7531.399
"2673",-7677.914
"2674",-7660.512
"2675",-7669.1
"2676",-7459.751
"2677",-7514.118
"2678",-7611.343
"2679",-7526.285
"2680",-7579.221
"2681",-7484.03
"2682",-7759.44
"2683",-7477.986
"2684",-7564.049
"2685",-7575.577
"2686",-7528.318
"2687",-7752.217
"2688",-7710.396
"2689",-7571.031
"2690",-7674.492
"2691",-7814.809
"2692",-7578.604
"2693",-7553.124
"2694",-7630.998
"2695",-7492.737
"2696",-7706.177
"2697",-7682.16
"2698",-7656.096
"2699",-7787.12
"2700",-7727.074
"2701",-7649.957
"2702",-7761.912
"2703",-7829.01
"2704",-7603.698
"2705",-7732.626
"2706",-7454.201
"2707",-7658.164
"2708",-7851.902
"2709",-7559.882
"2710",-7783.563
"2711",-7535.527
"2712",-7601.849
"2713",-7609.112
"2714",-7605.612
"2715",-7502.089
"2716",-7699.535
"2717",-7765.705
"2718",-7667.702
"2719",-7700.44
"2720",-7708.366
"2721",-7526.405
"2722",-7867.946
"2723",-7448.259
"2724",-7867.603
"2725",-7649.4
"2726",-7844.759
"2727",-7798.074
"2728",-7737.62
"2729",-7730.735
"2730",-7658.756
"2731",-7652.726
"2732",-7520.496
"2733",-7829.477
"2734",-7557.314
"2735",-7714.997
"2736",-7653.99
"2737",-7529.86
"2738",-7717.229
"2739",-7616.7
"2740",-7596.479
"2741",-7788.045
"2742",-7571.315
"2743",-7511.391
"2744",-7525.328
"2745",-7787.424
"2746",-7514.722
"2747",-7644.056
"2748",-7623.481
"2749",-7489.121
"2750",-7515.626
"2751",-7889.23
"2752",-7790.279
"2753",-7602.172
"2754",-7804.698
"2755",-7442.985
"2756",-7634.613
"2757",-7731.4
"2758",-7618.642
"2759",-7759.781
"2760",-7734.165
"2761",-7792.873
"2762",-7600.134
"2763",-7690.273
"2764",-7728.091
"2765",-7552.732
"2766",-7859.447
"2767",-7689.368
"2768",-7659.585
"2769",-7726.356
"2770",-7652.477
"2771",-7728.939
"2772",-7530.658
"2773",-7541.584
"2774",-7484.392
"2775",-7606.576
"2776",-7607.161
"2777",-7698.975
"2778",-7720.313
"2779",-7652.578
"2780",-7719.319
"2781",-7465.567
"2782",-7636.43
"2783",-7576.776
"2784",-7641.553
"2785",-7697.817
"2786",-7552.225
"2787",-7699.742
"2788",-7556.458
"2789",-7595.354
"2790",-7630.929
"2791",-7528.955
"2792",-7543.417
"2793",-7728.555
"2794",-7706.342
"2795",-7692.495
"2796",-7772.15
"2797",-7677.364
"2798",-7701.561
"2799",-7704.238
"2800",-7619.836
"2801",-7577.445
"2802",-7499.301
"2803",-7759.788
"2804",-7525.066
"2805",-7742.589
"2806",-7742.517
"2807",-7553.144
"2808",-7603.504
"2809",-7697.611
"2810",-7420.439
"2811",-7491.749
"2812",-7644.808
"2813",-7517.689
"2814",-7747.756
"2815",-7569.57
"2816",-7687.637
"2817",-7682.289
"2818",-7560.367
"2819",-7657.557
"2820",-7560.088
"2821",-7526.375
"2822",-7744.684
"2823",-7506.899
"2824",-7718.3
"2825",-7653.709
"2826",-7805.293
"2827",-7667.296
"2828",-7642.155
"2829",-7571.352
"2830",-7766.662
"2831",-7742.591
"2832",-7553.521
"2833",-7637.004
"2834",-7392.591
"2835",-7716.778
"2836",-7776.452
"2837",-7527.95
"2838",-7400.267
"2839",-7627.923
"2840",-7652.079
"2841",-7826.325
"2842",-7944.071
"2843",-7801.175
"2844",-7719.589
"2845",-7486.268
"2846",-7639.387
"2847",-7779.441
"2848",-7699.697
"2849",-7738.654
"2850",-7780.874
"2851",-7603.498
"2852",-7729.789
"2853",-7593.68
"2854",-7827.357
"2855",-7663.822
"2856",-7917.4
"2857",-7554.22
"2858",-7588.072
"2859",-7729.267
"2860",-7709.678
"2861",-7616.14
"2862",-7737.387
"2863",-7431.001
"2864",-7661.845
"2865",-7683.795
"2866",-7623.521
"2867",-7895.189
"2868",-7807.785
"2869",-7648.417
"2870",-7551.81
"2871",-7797.174
"2872",-7631.543
"2873",-7931.119
"2874",-7675.9
"2875",-7632.593
"2876",-7763.225
"2877",-7590.962
"2878",-7710.529
"2879",-7468.04
"2880",-7674.825
"2881",-7847.478
"2882",-7492.222
"2883",-7509.24
"2884",-7664.583
"2885",-7600.576
"2886",-7689.36
"2887",-7761.16
"2888",-7598.04
"2889",-7763.097
"2890",-7693.635
"2891",-7570.673
"2892",-7761.299
"2893",-7657.249
"2894",-7691.852
"2895",-7628.844
"2896",-7690.15
"2897",-7419.19
"2898",-7574.503
"2899",-7644.883
"2900",-7684.766
"2901",-7628.539
"2902",-7533.555
"2903",-7502.929
"2904",-7612.024
"2905",-7621.365
"2906",-7599.011
"2907",-7561.447
"2908",-7733.035
"2909",-7680.096
"2910",-7623.174
"2911",-7684.146
"2912",-7550.157
"2913",-7723.532
"2914",-7434.215
"2915",-7669.655
"2916",-7514.967
"2917",-7672.684
"2918",-7645.671
"2919",-7536.421
"2920",-7671.502
"2921",-7705.722
"2922",-7681.651
"2923",-7822.947
"2924",-7519.549
"2925",-7687.626
"2926",-7684.951
"2927",-7451.023
"2928",-7597.75
"2929",-7516.52
"2930",-7503.597
"2931",-7780.517
"2932",-7725.84
"2933",-7614.764
"2934",-7567.187
"2935",-7758.833
"2936",-7472.033
"2937",-7713.353
"2938",-7671.503
"2939",-7407.734
"2940",-7805.348
"2941",-7531.065
"2942",-7847.534
"2943",-7747.77
"2944",-7745.277
"2945",-7469.264
"2946",-7560.236
"2947",-7544.44
"2948",-7576.494
"2949",-7718.557
"2950",-7763.31
"2951",-7306.888
"2952",-7706.864
"2953",-7497.387
"2954",-7744.561
"2955",-7621.097
"2956",-7523.019
"2957",-7531.343
"2958",-7710.7
"2959",-7540.447
"2960",-7740.587
"2961",-7729.946
"2962",-7685.633
"2963",-7833.994
"2964",-7617.771
"2965",-7797.758
"2966",-7556.141
"2967",-7710.147
"2968",-7384.921
"2969",-7733.819
"2970",-7558.958
"2971",-7429.807
"2972",-7536.961
"2973",-7796.799
"2974",-7626.693
"2975",-7825.983
"2976",-7620.097
"2977",-7687.606
"2978",-7670.244
"2979",-7660.327
"2980",-7524.89
"2981",-7805.285
"2982",-7870.594
"2983",-7400.329
"2984",-7670.534
"2985",-7822.483
"2986",-7618.749
"2987",-7440.352
"2988",-7871.935
"2989",-7514.462
"2990",-7634.679
"2991",-7604.401
"2992",-7629.891
"2993",-7684.228
"2994",-7612.05
"2995",-7669.202
"2996",-7641.511
"2997",-7776.66
"2998",-7607.816
"2999",-7701.124
"3000",-7652.719
"3001",-7474.926
"3002",-7680.1
"3003",-7688.814
"3004",-7832.532
"3005",-7682.647
"3006",-7476.22
"3007",-7690.138
"3008",-7670.628
"3009",-7787.117
"3010",-7506.594
"3011",-7598.914
"3012",-7776.382
"3013",-7640.432
"3014",-7676.512
"3015",-7757.074
"3016",-7596.888
"3017",-7785.608
"3018",-7524.04
"3019",-7710.644
"3020",-7688.876
"3021",-7632.139
"3022",-7680.821
"3023",-7813.018
"3024",-7629.705
"3025",-7694.57
"3026",-7663.343
"3027",-7644.778
"3028",-7472.809
"3029",-7931.05
"3030",-7644.907
"3031",-7533.148
"3032",-7581.713
"3033",-7606.115
"3034",-7609.017
"3035",-7779.338
"3036",-7524.458
"3037",-7648.708
"3038",-7587.852
"3039",-7652.196
"3040",-7568.215
"3041",-7629.13
"3042",-7696.511
"3043",-7510.108
"3044",-7625.138
"3045",-7670.408
"3046",-7628.247
"3047",-7678.296
"3048",-7832.944
"3049",-7606.18
"3050",-7834.441
"3051",-7660.094
"3052",-7583.769
"3053",-7730.803
"3054",-7654.121
"3055",-7746.591
"3056",-7836.904
"3057",-7592.667
"3058",-7718.141
"3059",-7712.527
"3060",-7757.457
"3061",-7597.43
"3062",-7644.839
"3063",-7702.997
"3064",-7690.684
"3065",-7750.404
"3066",-7746.516
"3067",-7819.144
"3068",-7518.005
"3069",-7591.822
"3070",-7821.269
"3071",-7543.476
"3072",-7420.564
"3073",-7612.995
"3074",-7650.791
"3075",-7833.067
"3076",-7815.86
"3077",-7688.343
"3078",-7680.137
"3079",-7696.831
"3080",-7589.224
"3081",-7658.15
"3082",-7658.552
"3083",-7745.147
"3084",-7585.801
"3085",-7639.206
"3086",-7830.11
"3087",-7754.547
"3088",-7609.56
"3089",-7532.047
"3090",-7555.513
"3091",-7523.433
"3092",-7511.452
"3093",-7590.75
"3094",-7702.529
"3095",-7497.322
"3096",-7584.77
"3097",-7541.808
"3098",-7587.871
"3099",-7563.484
"3100",-7656.581
"3101",-7574.282
"3102",-7609.098
"3103",-7611.399
"3104",-7569.563
"3105",-7442.775
"3106",-7615.477
"3107",-7594.458
"3108",-7723.179
"3109",-7577.331
"3110",-7730.49
"3111",-7641.272
"3112",-7476.723
"3113",-7666.663
"3114",-7564.304
"3115",-7737.867
"3116",-7359.458
"3117",-7642.335
"3118",-7668.318
"3119",-7450.725
"3120",-7579.37
"3121",-7602.323
"3122",-7625.374
"3123",-7569.747
"3124",-7625.986
"3125",-7678.749
"3126",-7747.109
"3127",-7567.776
"3128",-7527.686
"3129",-7674.061
"3130",-7620.969
"3131",-7739.051
"3132",-7599.405
"3133",-7735.484
"3134",-7598.389
"3135",-7708.55
"3136",-7666.707
"3137",-7766.249
"3138",-7800.005
"3139",-7784.46
"3140",-7715.665
"3141",-7898.717
"3142",-7603.01
"3143",-7772.055
"3144",-7705.694
"3145",-7752.719
"3146",-7553.126
"3147",-7628.27
"3148",-7690.575
"3149",-7643.949
"3150",-7828.341
"3151",-7512.144
"3152",-7838.023
"3153",-7723.546
"3154",-7678.656
"3155",-7467.482
"3156",-7670.807
"3157",-7634.341
"3158",-7569.662
"3159",-7602.925
"3160",-7450.365
"3161",-7831.617
"3162",-7584.698
"3163",-7489.899
"3164",-7710.475
"3165",-7749.508
"3166",-7853.67
"3167",-7531.392
"3168",-7714.297
"3169",-7775.203
"3170",-7551.982
"3171",-7739.727
"3172",-7643.898
"3173",-7563.191
"3174",-7778.327
"3175",-7799.036
"3176",-7602.162
"3177",-7606.279
"3178",-7526.043
"3179",-7728.539
"3180",-7788.897
"3181",-7667.148
"3182",-7544.045
"3183",-7637.612
"3184",-7737.609
"3185",-7691.674
"3186",-7730.167
"3187",-7704.664
"3188",-7594.823
"3189",-7657.244
"3190",-7697.796
"3191",-7754.452
"3192",-7686.55
"3193",-7616.079
"3194",-7679.069
"3195",-7588.315
"3196",-7895.79
"3197",-7672.075
"3198",-7618.742
"3199",-7782.748
"3200",-7408.668
"3201",-7683.14
"3202",-7854.007
"3203",-7791.467
"3204",-7734.068
"3205",-7537.856
"3206",-7843.461
"3207",-7641.489
"3208",-7556.651
"3209",-7619.464
"3210",-7566.238
"3211",-7517.687
"3212",-7806.672
"3213",-7590.323
"3214",-7549.431
"3215",-7687.423
"3216",-7524.496
"3217",-7713.545
"3218",-7814.62
"3219",-7659.587
"3220",-7733.035
"3221",-7654.186
"3222",-7537.123
"3223",-7719.367
"3224",-7727.26
"3225",-7660.767
"3226",-7545
"3227",-7569.322
"3228",-7475.428
"3229",-7563.562
"3230",-7454.09
"3231",-7468.817
"3232",-7470.421
"3233",-7638.871
"3234",-7511.818
"3235",-7548.275
"3236",-7599.151
"3237",-7566.781
"3238",-7607.67
"3239",-7627.098
"3240",-7726.526
"3241",-7632.923
"3242",-7821.74
"3243",-7782.639
"3244",-7530.189
"3245",-7754.298
"3246",-7618.913
"3247",-7698.567
"3248",-7938.918
"3249",-7695.774
"3250",-7643.542
"3251",-7847.008
"3252",-7586.753
"3253",-7826.868
"3254",-7427.463
"3255",-7590.369
"3256",-7632.989
"3257",-7749.779
"3258",-7734.13
"3259",-7679.935
"3260",-7530.626
"3261",-7680.349
"3262",-7695.793
"3263",-7673.262
"3264",-7626.917
"3265",-7680.794
"3266",-7592.692
"3267",-7671.008
"3268",-7745.76
"3269",-7770.614
"3270",-7511.87
"3271",-7730.843
"3272",-7503.719
"3273",-7633.824
"3274",-7697.284
"3275",-7572.607
"3276",-7565.551
"3277",-7687.118
"3278",-7663.414
"3279",-7573.249
"3280",-7562.779
"3281",-7566.119
"3282",-7700.336
"3283",-7772.841
"3284",-7763.262
"3285",-7948.407
"3286",-7473.931
"3287",-7774.211
"3288",-7699.049
"3289",-7513.55
"3290",-7580.421
"3291",-7623.123
"3292",-7531.989
"3293",-7723.787
"3294",-7702.069
"3295",-7539.97
"3296",-7650.152
"3297",-7628.948
"3298",-7682.528
"3299",-7607.604
"3300",-7648.945
"3301",-7701.276
"3302",-7261.308
"3303",-7709.2
"3304",-7775.298
"3305",-7694.695
"3306",-7676.175
"3307",-7578.355
"3308",-7629.426
"3309",-7622.276
"3310",-7718.92
"3311",-7625.277
"3312",-7694.783
"3313",-7772.184
"3314",-7652.102
"3315",-7728.185
"3316",-7683.96
"3317",-7438.01
"3318",-7672.721
"3319",-7511.222
"3320",-7520.668
"3321",-7703.016
"3322",-7723.315
"3323",-7844.998
"3324",-7588.992
"3325",-7666.843
"3326",-7664.917
"3327",-7665.768
"3328",-7628.679
"3329",-7588.644
"3330",-7501.098
"3331",-7648.274
"3332",-7967.677
"3333",-7632.377
"3334",-7420.997
"3335",-7609.579
"3336",-7729.11
"3337",-7594.399
"3338",-7575.964
"3339",-7582.059
"3340",-7559.176
"3341",-7758.042
"3342",-7839.839
"3343",-7731.287
"3344",-7787.739
"3345",-7639.596
"3346",-7411.686
"3347",-7764.024
"3348",-7509.286
"3349",-7614.888
"3350",-7604.001
"3351",-7680.018
"3352",-7600.574
"3353",-7503.585
"3354",-7618.053
"3355",-7847.535
"3356",-7798.741
"3357",-7617.258
"3358",-7733.086
"3359",-7647.231
"3360",-7576.838
"3361",-7756.409
"3362",-7597.079
"3363",-7664.813
"3364",-7723.526
"3365",-7792.747
"3366",-7636.359
"3367",-7667.442
"3368",-7797.35
"3369",-7609.29
"3370",-7804.71
"3371",-7633.543
"3372",-7658.381
"3373",-7646.924
"3374",-7648.535
"3375",-7731.385
"3376",-7683.506
"3377",-7537.916
"3378",-7576.544
"3379",-7745.674
"3380",-7655.084
"3381",-7551.38
"3382",-7692.686
"3383",-7729.518
"3384",-7527.716
"3385",-7634.765
"3386",-7661.715
"3387",-7593.397
"3388",-7684.352
"3389",-7570.882
"3390",-7630.692
"3391",-7611.238
"3392",-7639.029
"3393",-7810.574
"3394",-7615.251
"3395",-7817.582
"3396",-7694.994
"3397",-7671.189
"3398",-7612.014
"3399",-7767.672
"3400",-7713.089
"3401",-7686.408
"3402",-7816.422
"3403",-7550.129
"3404",-7584.319
"3405",-7823.613
"3406",-7543.775
"3407",-7761.534
"3408",-7585.35
"3409",-7702.522
"3410",-7645.657
"3411",-7783.679
"3412",-7498.628
"3413",-7637.283
"3414",-7681.066
"3415",-7755.781
"3416",-7747.747
"3417",-7515.888
"3418",-7754.428
"3419",-7538.839
"3420",-7503.247
"3421",-7792.747
"3422",-7483.158
"3423",-7664.376
"3424",-7690.114
"3425",-7793.09
"3426",-7666.146
"3427",-7769.305
"3428",-7720.147
"3429",-7638.249
"3430",-7662.925
"3431",-7722.421
"3432",-7594.638
"3433",-7752.259
"3434",-7701.349
"3435",-7719.94
"3436",-7674.378
"3437",-7417.86
"3438",-7569.395
"3439",-7778.264
"3440",-7784.321
"3441",-7525.36
"3442",-7734.093
"3443",-7499.192
"3444",-7581.252
"3445",-7806.712
"3446",-7598.168
"3447",-7593.008
"3448",-7615.017
"3449",-7653.856
"3450",-7594.709
"3451",-7762.547
"3452",-7694.586
"3453",-7765.134
"3454",-7644.173
"3455",-7510.013
"3456",-7553.018
"3457",-7467.834
"3458",-7562.651
"3459",-7712.231
"3460",-7737.591
"3461",-7651.483
"3462",-7626.351
"3463",-7756.286
"3464",-7529.434
"3465",-7642.878
"3466",-7634.129
"3467",-7637.718
"3468",-7605.177
"3469",-7589.106
"3470",-7654.841
"3471",-7741.177
"3472",-7577.604
"3473",-7720.903
"3474",-7384.343
"3475",-7685.299
"3476",-7777.718
"3477",-7670.424
"3478",-7738.856
"3479",-7731.274
"3480",-7684.875
"3481",-7644.065
"3482",-7761.591
"3483",-7552.581
"3484",-7676.645
"3485",-7780.509
"3486",-7778.283
"3487",-7621.182
"3488",-7676.443
"3489",-7691.451
"3490",-7697.108
"3491",-7608.879
"3492",-7607.666
"3493",-7567.294
"3494",-7805.904
"3495",-7529.791
"3496",-7409.105
"3497",-7633.615
"3498",-7598.229
"3499",-7598.527
"3500",-7565.329
"3501",-7700.361
"3502",-7569.086
"3503",-7568.167
"3504",-7604.134
"3505",-7691.697
"3506",-7672.802
"3507",-7580.025
"3508",-7797.714
"3509",-7468.408
"3510",-7448.205
"3511",-7702.552
"3512",-7694.926
"3513",-7650.91
"3514",-7516.013
"3515",-7521.249
"3516",-7539.637
"3517",-7540.777
"3518",-7565.908
"3519",-7740.775
"3520",-7652
"3521",-7792.464
"3522",-7780.138
"3523",-7680.909
"3524",-7897.457
"3525",-7857.511
"3526",-7515.018
"3527",-7437.458
"3528",-7613.25
"3529",-7753.595
"3530",-7626.37
"3531",-7750.142
"3532",-7564.946
"3533",-7698.946
"3534",-7537.109
"3535",-7799.4
"3536",-7486.419
"3537",-7714.896
"3538",-7499.429
"3539",-7659.511
"3540",-7788.618
"3541",-7820.311
"3542",-7547.314
"3543",-7492.971
"3544",-7672.968
"3545",-7821.676
"3546",-7556.903
"3547",-7656.907
"3548",-7677.405
"3549",-7609.469
"3550",-7760.076
"3551",-7640.1
"3552",-7705.523
"3553",-7600.534
"3554",-7783.724
"3555",-7704.166
"3556",-7802.849
"3557",-7682.254
"3558",-7673.83
"3559",-7417.163
"3560",-7601.481
"3561",-7485.387
"3562",-7618.317
"3563",-7781.637
"3564",-7615.825
"3565",-7727.49
"3566",-7819.134
"3567",-7795.718
"3568",-7527.646
"3569",-7270.432
"3570",-7754.328
"3571",-7694.304
"3572",-7618.35
"3573",-7611.139
"3574",-7640.9
"3575",-7642.829
"3576",-7878.739
"3577",-7632.543
"3578",-7678.863
"3579",-7805.383
"3580",-7554.363
"3581",-7670.707
"3582",-7454.129
"3583",-7661.288
"3584",-7494.385
"3585",-7586.008
"3586",-7691.738
"3587",-7606.836
"3588",-7637.185
"3589",-7657.771
"3590",-7634.587
"3591",-7623.201
"3592",-7616.625
"3593",-7590.962
"3594",-7630.173
"3595",-7703.046
"3596",-7748.593
"3597",-7762.717
"3598",-7584.585
"3599",-7540.355
"3600",-7721.545
"3601",-7671.331
"3602",-7541.772
"3603",-7770.651
"3604",-7498.963
"3605",-7703.357
"3606",-7647.695
"3607",-7545.995
"3608",-7806.494
"3609",-7651.407
"3610",-7554.574
"3611",-7637.905
"3612",-7609.168
"3613",-7849.779
"3614",-7689.973
"3615",-7709.32
"3616",-7609.266
"3617",-7547.787
"3618",-7492.774
"3619",-7674.038
"3620",-7717.406
"3621",-7679.676
"3622",-7613.11
"3623",-7615.633
"3624",-7571.995
"3625",-7742.547
"3626",-7676.793
"3627",-7658.641
"3628",-7787.3
"3629",-7670.913
"3630",-7559.798
"3631",-7583.612
"3632",-7632.091
"3633",-7701.551
"3634",-7727.365
"3635",-7742.065
"3636",-7547.363
"3637",-7802.422
"3638",-7617.523
"3639",-7624.977
"3640",-7524.857
"3641",-7372.288
"3642",-7552.328
"3643",-7745.026
"3644",-7645.412
"3645",-7633.322
"3646",-7780.379
"3647",-7727.676
"3648",-7749.634
"3649",-7584.466
"3650",-7733.977
"3651",-7711.675
"3652",-7719.241
"3653",-7732.417
"3654",-7785.714
"3655",-7642.102
"3656",-7588.904
"3657",-7630.379
"3658",-7592.874
"3659",-7694.904
"3660",-7742.691
"3661",-7747.339
"3662",-7620.983
"3663",-7626.155
"3664",-7370.221
"3665",-7640.066
"3666",-7639.013
"3667",-7663.66
"3668",-7589.062
"3669",-7536.627
"3670",-7517.937
"3671",-7641.108
"3672",-7435.571
"3673",-7544.131
"3674",-7658.034
"3675",-7700.707
"3676",-7695.799
"3677",-7811.123
"3678",-7513.974
"3679",-7699.007
"3680",-7795.051
"3681",-7775.874
"3682",-7516.873
"3683",-7825.305
"3684",-7739.863
"3685",-7759.735
"3686",-7487.67
"3687",-7637.728
"3688",-7709.499
"3689",-7579.596
"3690",-7763.508
"3691",-7655.172
"3692",-7694.038
"3693",-7470.328
"3694",-7849.644
"3695",-7663.684
"3696",-7546.741
"3697",-7808.064
"3698",-7465.107
"3699",-7560.208
"3700",-7565.951
"3701",-7845.892
"3702",-7672.981
"3703",-7756.205
"3704",-7718.446
"3705",-7563.752
"3706",-7700.285
"3707",-7554.593
"3708",-7583.288
"3709",-7655.343
"3710",-7764.344
"3711",-7652.914
"3712",-7612.774
"3713",-7598.115
"3714",-7813.491
"3715",-7686.573
"3716",-7787.463
"3717",-7605.337
"3718",-7736.035
"3719",-7625.871
"3720",-7609.271
"3721",-7572.53
"3722",-7672.048
"3723",-7573.273
"3724",-7733.066
"3725",-7671.77
"3726",-7772.863
"3727",-7537.297
"3728",-7619.039
"3729",-7588.164
"3730",-7590.082
"3731",-7653.758
"3732",-7738.944
"3733",-7516.377
"3734",-7521.51
"3735",-7829.706
"3736",-7506.041
"3737",-7797.624
"3738",-7579.549
"3739",-7549.578
"3740",-7547.361
"3741",-7518.684
"3742",-7758.894
"3743",-7631.081
"3744",-7573.489
"3745",-7750.327
"3746",-7837.888
"3747",-7572.781
"3748",-7587.767
"3749",-7647.088
"3750",-7702.619
"3751",-7627.27
"3752",-7487.703
"3753",-7658.003
"3754",-7749.143
"3755",-7679.134
"3756",-7506.425
"3757",-7678.084
"3758",-7698.063
"3759",-7615.693
"3760",-7635.94
"3761",-7671.076
"3762",-7746.946
"3763",-7582.902
"3764",-7595.117
"3765",-7657.504
"3766",-7755.932
"3767",-7705.814
"3768",-7595.641
"3769",-7764.472
"3770",-7562.111
"3771",-7732.707
"3772",-7809.566
"3773",-7640.354
"3774",-7701.715
"3775",-7508.457
"3776",-7735.899
"3777",-7645.276
"3778",-7772.155
"3779",-7491.116
"3780",-7651.164
"3781",-7574.488
"3782",-7644.51
"3783",-7555.418
"3784",-7582.378
"3785",-7487.593
"3786",-7758.589
"3787",-7738.687
"3788",-7664.546
"3789",-7787.644
"3790",-7590.282
"3791",-7723.19
"3792",-7533.478
"3793",-7774.709
"3794",-7726.545
"3795",-7584.831
"3796",-7484.595
"3797",-7667.634
"3798",-7642.359
"3799",-7681.17
"3800",-7742.795
"3801",-7676.905
"3802",-7728.207
"3803",-7514.175
"3804",-7515.733
"3805",-7549.345
"3806",-7793.438
"3807",-7570.991
"3808",-7619.339
"3809",-7768.725
"3810",-7875.88
"3811",-7564.614
"3812",-7735.355
"3813",-7588.659
"3814",-7554.867
"3815",-7613.642
"3816",-7578.557
"3817",-7742.646
"3818",-7652.963
"3819",-7631.301
"3820",-7881.497
"3821",-7573.052
"3822",-7618.058
"3823",-7626.076
"3824",-7456.835
"3825",-7595.544
"3826",-7773.243
"3827",-7460.135
"3828",-7782.505
"3829",-7785.974
"3830",-7665.753
"3831",-7563.629
"3832",-7536.962
"3833",-7663.958
"3834",-7529.59
"3835",-7652.875
"3836",-7695.856
"3837",-7612.532
"3838",-7609.525
"3839",-7666.585
"3840",-7577.984
"3841",-7737.729
"3842",-7815.444
"3843",-7416.12
"3844",-7696.437
"3845",-7624.264
"3846",-7576.818
"3847",-7540.206
"3848",-7680.738
"3849",-7593.502
"3850",-7482.217
"3851",-7684.198
"3852",-7793.506
"3853",-7598.206
"3854",-7653.656
"3855",-7654.007
"3856",-7737.665
"3857",-7697.648
"3858",-7707.264
"3859",-7642.299
"3860",-7393.213
"3861",-7940.762
"3862",-7645.872
"3863",-7546.684
"3864",-7535.173
"3865",-7832.6
"3866",-7570.008
"3867",-7611.681
"3868",-7710.922
"3869",-7765.831
"3870",-7473.55
"3871",-7633.642
"3872",-7548.178
"3873",-7774.143
"3874",-7649.6
"3875",-7725.742
"3876",-7624.425
"3877",-7690.201
"3878",-7637.886
"3879",-7473.467
"3880",-7545.285
"3881",-7606.229
"3882",-7746.935
"3883",-7606.52
"3884",-7713.187
"3885",-7731.139
"3886",-7594.658
"3887",-7790.746
"3888",-7616.383
"3889",-7751.06
"3890",-7783.513
"3891",-7677.237
"3892",-7748.056
"3893",-7752.688
"3894",-7618.536
"3895",-7741.972
"3896",-7670.693
"3897",-7854.615
"3898",-7511.916
"3899",-7320.558
"3900",-7539.327
"3901",-7654.83
"3902",-7644.66
"3903",-7595.252
"3904",-7643.009
"3905",-7630.057
"3906",-7669.564
"3907",-7590.406
"3908",-7689.189
"3909",-7683.809
"3910",-7648.125
"3911",-7633.83
"3912",-7681.768
"3913",-7665.844
"3914",-7533.89
"3915",-7752.795
"3916",-7574.7
"3917",-7634.411
"3918",-7638.976
"3919",-7826.472
"3920",-7676.262
"3921",-7643.19
"3922",-7685.614
"3923",-7689.421
"3924",-7492.253
"3925",-7604.977
"3926",-7672.752
"3927",-7709.746
"3928",-7644.307
"3929",-7545.581
"3930",-7924.04
"3931",-7669.754
"3932",-7529.114
"3933",-7489.809
"3934",-7681.175
"3935",-7644.317
"3936",-7562.378
"3937",-7656.033
"3938",-7890.951
"3939",-7535.652
"3940",-7768.442
"3941",-7689.463
"3942",-7568.87
"3943",-7668.692
"3944",-7661.868
"3945",-7534.051
"3946",-7543.392
"3947",-7760.267
"3948",-7609.964
"3949",-7752.989
"3950",-7665.401
"3951",-7554.899
"3952",-7715.649
"3953",-7576.889
"3954",-7893.667
"3955",-7567.36
"3956",-7428.047
"3957",-7472.598
"3958",-7667.85
"3959",-7599.108
"3960",-7732.708
"3961",-7749.75
"3962",-7634.035
"3963",-7655.094
"3964",-7671.493
"3965",-7746.057
"3966",-7662.941
"3967",-7586.946
"3968",-7582.994
"3969",-7584.705
"3970",-7557.793
"3971",-7586.52
"3972",-7576.8
"3973",-7536.343
"3974",-7619.734
"3975",-7551.258
"3976",-7653.948
"3977",-7519.967
"3978",-7686.125
"3979",-7653.71
"3980",-7627.701
"3981",-7472.12
"3982",-7511.837
"3983",-7635.782
"3984",-7633.976
"3985",-7796.724
"3986",-7465.793
"3987",-7678.488
"3988",-7614.336
"3989",-7649.19
"3990",-7783.16
"3991",-7707.883
"3992",-7755.616
"3993",-7523.019
"3994",-7690.27
"3995",-7592.682
"3996",-7732.289
"3997",-7667.049
"3998",-7760.803
"3999",-7603.24
"4000",-7593.973
"4001",-7613.086
"4002",-7652.572
"4003",-7592.066
"4004",-7832.194
"4005",-7582.492
"4006",-7718.55
"4007",-7653.871
"4008",-7684.044
"4009",-7591.821
"4010",-7445.579
"4011",-7797.182
"4012",-7644.807
"4013",-7648.972
"4014",-7700.192
"4015",-7347.174
"4016",-7591.622
"4017",-7640.814
"4018",-7653.123
"4019",-7757.314
"4020",-7637.58
"4021",-7667.069
"4022",-7785.53
"4023",-7619.457
"4024",-7652.624
"4025",-7552.136
"4026",-7629.217
"4027",-7504.885
"4028",-7609.416
"4029",-7666.159
"4030",-7668.877
"4031",-7542.701
"4032",-7754.346
"4033",-7662.582
"4034",-7702.397
"4035",-7627.881
"4036",-7666.294
"4037",-7779.387
"4038",-7834.591
"4039",-7726.337
"4040",-7722.661
"4041",-7791.241
"4042",-7666.957
"4043",-7655.618
"4044",-7442.032
"4045",-7721.232
"4046",-7549.546
"4047",-7656.666
"4048",-7746.205
"4049",-7726.236
"4050",-7516.21
"4051",-7794.047
"4052",-7494.362
"4053",-7806.397
"4054",-7690.551
"4055",-7660.444
"4056",-7834.037
"4057",-7426.805
"4058",-7691.406
"4059",-7679.312
"4060",-7663.102
"4061",-7667.22
"4062",-7405.358
"4063",-7569.128
"4064",-7800.384
"4065",-7682.681
"4066",-7522.849
"4067",-7716.665
"4068",-7807.841
"4069",-7646.522
"4070",-7765.699
"4071",-7751.614
"4072",-7694.672
"4073",-7671.728
"4074",-7742.401
"4075",-7743
"4076",-7667.415
"4077",-7754.227
"4078",-7697.166
"4079",-7448.456
"4080",-7729.28
"4081",-7592.195
"4082",-7594.33
"4083",-7755.007
"4084",-7619.996
"4085",-7560.311
"4086",-7616.636
"4087",-7659.759
"4088",-7634.497
"4089",-7891.678
"4090",-7458.024
"4091",-7699.198
"4092",-7742.88
"4093",-7629.511
"4094",-7766.346
"4095",-7707.742
"4096",-7635.544
"4097",-7637.409
"4098",-7590.327
"4099",-7659.086
"4100",-7414.384
"4101",-7650.727
"4102",-7699.273
"4103",-7615.105
"4104",-7566.974
"4105",-7774.152
"4106",-7481.615
"4107",-7545.865
"4108",-7600.333
"4109",-7609.76
"4110",-7650.372
"4111",-7557.216
"4112",-7626.345
"4113",-7571.266
"4114",-7715.636
"4115",-7576.498
"4116",-7637.91
"4117",-7818.376
"4118",-7666.966
"4119",-7734.574
"4120",-7539.142
"4121",-7722.218
"4122",-7566.801
"4123",-7725.024
"4124",-7581.11
"4125",-7651.049
"4126",-7694.384
"4127",-7768.407
"4128",-7671.096
"4129",-7644.507
"4130",-7547.28
"4131",-7749.286
"4132",-7742.064
"4133",-7652.656
"4134",-7701.135
"4135",-7664.847
"4136",-7662.059
"4137",-7637.323
"4138",-7682.828
"4139",-7634.966
"4140",-7647.744
"4141",-7634.977
"4142",-7532.028
"4143",-7563.344
"4144",-7813.611
"4145",-7790.418
"4146",-7801.36
"4147",-7493.273
"4148",-7639.161
"4149",-7458.381
"4150",-7741.425
"4151",-7653.319
"4152",-7584.03
"4153",-7632.783
"4154",-7756.916
"4155",-7843.307
"4156",-7586.786
"4157",-7575.837
"4158",-7848.728
"4159",-7571.986
"4160",-7611.723
"4161",-7675.973
"4162",-7512.515
"4163",-7627.407
"4164",-7705.388
"4165",-7624.556
"4166",-7650.431
"4167",-7638.219
"4168",-7632.608
"4169",-7626.557
"4170",-7879.18
"4171",-7753.609
"4172",-7750.517
"4173",-7649.678
"4174",-7677.725
"4175",-7517.214
"4176",-7543.682
"4177",-7743.618
"4178",-7672.419
"4179",-7730.478
"4180",-7557.915
"4181",-7854.503
"4182",-7715.077
"4183",-7524.033
"4184",-7596.121
"4185",-7541.175
"4186",-7451.337
"4187",-7490.025
"4188",-7712.558
"4189",-7752.816
"4190",-7333.293
"4191",-7721.225
"4192",-7602.872
"4193",-7632.802
"4194",-7576.227
"4195",-7897.812
"4196",-7582.811
"4197",-7547.839
"4198",-7575.146
"4199",-7617.632
"4200",-7783.179
"4201",-7691.284
"4202",-7644.503
"4203",-7588.289
"4204",-7691.289
"4205",-7673.008
"4206",-7792.009
"4207",-7652.15
"4208",-7573.65
"4209",-7798.193
"4210",-7696.569
"4211",-7665.324
"4212",-7985.713
"4213",-7619.252
"4214",-7644.609
"4215",-7820.141
"4216",-7564.082
"4217",-7554.452
"4218",-7775.519
"4219",-7686.805
"4220",-7896.654
"4221",-7575.196
"4222",-7499.359
"4223",-7675.329
"4224",-7588.965
"4225",-7692.214
"4226",-7484.639
"4227",-7840.995
"4228",-7803.171
"4229",-7601.003
"4230",-7722.472
"4231",-7497.011
"4232",-7503.327
"4233",-7527.309
"4234",-7684.796
"4235",-7666.858
"4236",-7836.173
"4237",-7633.571
"4238",-7628.502
"4239",-7580.875
"4240",-7777.279
"4241",-7700.719
"4242",-7646.806
"4243",-7764.689
"4244",-7620.819
"4245",-7827.936
"4246",-7757.167
"4247",-7550.804
"4248",-7599.06
"4249",-7726.707
"4250",-7731.91
"4251",-7691.737
"4252",-7876.688
"4253",-7626.217
"4254",-7852.136
"4255",-7773.154
"4256",-7564.588
"4257",-7576.589
"4258",-7650.883
"4259",-7721.728
"4260",-7654.095
"4261",-7796.562
"4262",-7587.089
"4263",-7543.441
"4264",-7702.303
"4265",-7657.812
"4266",-7513.804
"4267",-7691.621
"4268",-7411.999
"4269",-7652.816
"4270",-7586.455
"4271",-7698.341
"4272",-7542.75
"4273",-7801.329
"4274",-7443.059
"4275",-7561.666
"4276",-7564.614
"4277",-7591.012
"4278",-7837.274
"4279",-7637.285
"4280",-7633.726
"4281",-7640.636
"4282",-7589.412
"4283",-7742.788
"4284",-7717.389
"4285",-7560.969
"4286",-7666.714
"4287",-7897.323
"4288",-7572.709
"4289",-7438.499
"4290",-7698.911
"4291",-7594.603
"4292",-7785.605
"4293",-7734.855
"4294",-7517.87
"4295",-7703.239
"4296",-7526.806
"4297",-7587.102
"4298",-7514.555
"4299",-7534.284
"4300",-7833.557
"4301",-7583.059
"4302",-7550.312
"4303",-7650.161
"4304",-7707.948
"4305",-7430.085
"4306",-7689.538
"4307",-7765.884
"4308",-7673.55
"4309",-7551.045
"4310",-7709.163
"4311",-7668.984
"4312",-7643.552
"4313",-7682.564
"4314",-7877.662
"4315",-7707.54
"4316",-7523.128
"4317",-7664.784
"4318",-7767.05
"4319",-7441.912
"4320",-7534.982
"4321",-7614.438
"4322",-7655.578
"4323",-7613.203
"4324",-7606.813
"4325",-7754.355
"4326",-7748.729
"4327",-7672.896
"4328",-7598.301
"4329",-7589.258
"4330",-7732.279
"4331",-7554.224
"4332",-7631.128
"4333",-7589.069
"4334",-7629.518
"4335",-7583.554
"4336",-7648.601
"4337",-7514.335
"4338",-7433.123
"4339",-7893.181
"4340",-7548.572
"4341",-7542.601
"4342",-7499.7
"4343",-7551.429
"4344",-7670.296
"4345",-7758.452
"4346",-7679.948
"4347",-7726.621
"4348",-7648.673
"4349",-7489.258
"4350",-7542.119
"4351",-7585.165
"4352",-7610.757
"4353",-7440.935
"4354",-7705.058
"4355",-7583.461
"4356",-7426.772
"4357",-7717.333
"4358",-7667.098
"4359",-7567.04
"4360",-7569.472
"4361",-7615.895
"4362",-7842.566
"4363",-7693.426
"4364",-7964.462
"4365",-7646.14
"4366",-7624.112
"4367",-7738.374
"4368",-7524.907
"4369",-7672.476
"4370",-7740.986
"4371",-7885.646
"4372",-7636.184
"4373",-7796.11
"4374",-7459.83
"4375",-7601.957
"4376",-7775.981
"4377",-7563.385
"4378",-7612.897
"4379",-7555.714
"4380",-7709.625
"4381",-7728.59
"4382",-7896.663
"4383",-7865.815
"4384",-7665.88
"4385",-7654.478
"4386",-7656.699
"4387",-7550.201
"4388",-7681.748
"4389",-7688.813
"4390",-7744.261
"4391",-7614.518
"4392",-7581.75
"4393",-7626.964
"4394",-7800.276
"4395",-7628.121
"4396",-7556.325
"4397",-7628.821
"4398",-7615.018
"4399",-7707.612
"4400",-7843.928
"4401",-7626.889
"4402",-7693.331
"4403",-7582.859
"4404",-7503.996
"4405",-7581.805
"4406",-7597.164
"4407",-7699.955
"4408",-7765.193
"4409",-7677.395
"4410",-7483.194
"4411",-7520.902
"4412",-7683.516
"4413",-7650.631
"4414",-7783.738
"4415",-7595.602
"4416",-7589.295
"4417",-7677.89
"4418",-7818.719
"4419",-7692.182
"4420",-7786.566
"4421",-7740.324
"4422",-7851.505
"4423",-7605.282
"4424",-7720.081
"4425",-7688.071
"4426",-7752.877
"4427",-7723.248
"4428",-7626.198
"4429",-7751.444
"4430",-7630.753
"4431",-7610.529
"4432",-7813.288
"4433",-7602.885
"4434",-7807.829
"4435",-7750.221
"4436",-7547.404
"4437",-7788.972
"4438",-7700.104
"4439",-7732.503
"4440",-7642.041
"4441",-7566.611
"4442",-7715.615
"4443",-7639.621
"4444",-7691.64
"4445",-7710.992
"4446",-7660.372
"4447",-7768.147
"4448",-7703.507
"4449",-7521.058
"4450",-7753.652
"4451",-7594.322
"4452",-7588.785
"4453",-7868.192
"4454",-7764.429
"4455",-7946.339
"4456",-7795.622
"4457",-7740.914
"4458",-7738.045
"4459",-7827.782
"4460",-7707.157
"4461",-7580.528
"4462",-7652.037
"4463",-7772.052
"4464",-7593.815
"4465",-7523.7
"4466",-7572.019
"4467",-7623.827
"4468",-7795.812
"4469",-7493.082
"4470",-7612.015
"4471",-7789.386
"4472",-7657.272
"4473",-7527.895
"4474",-7558.17
"4475",-7726.938
"4476",-7674.909
"4477",-7618.858
"4478",-7691.641
"4479",-7577.794
"4480",-7747.978
"4481",-7661.651
"4482",-7529.941
"4483",-7660.631
"4484",-7707.921
"4485",-7697.403
"4486",-7581.241
"4487",-7762.93
"4488",-7501.27
"4489",-7658.343
"4490",-7462.019
"4491",-7528.264
"4492",-7468.835
"4493",-7685.451
"4494",-7688.252
"4495",-7845.475
"4496",-7756.87
"4497",-7685.124
"4498",-7511.716
"4499",-7637.756
"4500",-7638.307
"4501",-7659.479
"4502",-7629.989
"4503",-7697.501
"4504",-7644.683
"4505",-7607.265
"4506",-7733.414
"4507",-7684.12
"4508",-7643.496
"4509",-7552.957
"4510",-7605.193
"4511",-7706.493
"4512",-7839.715
"4513",-7752.747
"4514",-7654.917
"4515",-7776.508
"4516",-7736.5
"4517",-7648.097
"4518",-7717.95
"4519",-7810.833
"4520",-7778.246
"4521",-7552.62
"4522",-7582.697
"4523",-7575.412
"4524",-7782.725
"4525",-7567.309
"4526",-7490.515
"4527",-7521.453
"4528",-7598.405
"4529",-7725.402
"4530",-7586.306
"4531",-7623.401
"4532",-7554.642
"4533",-7433.042
"4534",-7553.648
"4535",-7785.166
"4536",-7646.522
"4537",-7601.201
"4538",-7502.232
"4539",-7536.333
"4540",-7780.216
"4541",-7534.035
"4542",-7768.905
"4543",-7584.001
"4544",-7694.202
"4545",-7553.542
"4546",-7577.489
"4547",-7696.327
"4548",-7623.125
"4549",-7692.604
"4550",-7634.448
"4551",-7574.645
"4552",-7769.134
"4553",-7619.995
"4554",-7833.252
"4555",-7444.201
"4556",-7716.761
"4557",-7633.218
"4558",-7623.309
"4559",-7534.277
"4560",-7584.224
"4561",-7647.367
"4562",-7749.758
"4563",-7573.127
"4564",-7529.837
"4565",-7546.146
"4566",-7681.189
"4567",-7728.194
"4568",-7799.551
"4569",-7500.601
"4570",-7660.702
"4571",-7687.271
"4572",-7653.582
"4573",-7626.919
"4574",-7600.96
"4575",-7619.764
"4576",-7641.089
"4577",-7465.281
"4578",-7615.313
"4579",-7670.581
"4580",-7557.04
"4581",-7639.97
"4582",-7658.831
"4583",-7617.547
"4584",-7731.566
"4585",-7646.661
"4586",-7603.198
"4587",-7749.167
"4588",-7453.032
"4589",-7861.293
"4590",-7607.01
"4591",-7621.224
"4592",-7629.528
"4593",-7802.058
"4594",-7867.658
"4595",-7743.441
"4596",-7656.195
"4597",-7768.405
"4598",-7707.416
"4599",-7685.615
"4600",-7459.217
"4601",-7590.794
"4602",-7802.051
"4603",-7522.821
"4604",-7589.618
"4605",-7739.446
"4606",-7869.027
"4607",-7774.513
"4608",-7607.056
"4609",-7910.265
"4610",-7784.178
"4611",-7711.392
"4612",-7350.38
"4613",-7554.313
"4614",-7874.389
"4615",-7607.775
"4616",-7793.086
"4617",-7631.335
"4618",-7747.284
"4619",-7677.486
"4620",-7744.693
"4621",-7470.289
"4622",-7688.917
"4623",-7636.196
"4624",-7762.821
"4625",-7630.643
"4626",-7673.17
"4627",-7724.476
"4628",-7659.751
"4629",-7723.698
"4630",-7427.414
"4631",-7732.869
"4632",-7669.86
"4633",-7709.516
"4634",-7603.85
"4635",-7585.943
"4636",-7729.419
"4637",-7598.643
"4638",-7688.488
"4639",-7563.203
"4640",-7368.214
"4641",-7522.921
"4642",-7664.771
"4643",-7594.6
"4644",-7676.312
"4645",-7575.11
"4646",-7705.12
"4647",-7507.537
"4648",-7663.118
"4649",-7585.058
"4650",-7659.586
"4651",-7626.32
"4652",-7504.88
"4653",-7798.693
"4654",-7498.778
"4655",-7675.39
"4656",-7623.29
"4657",-7666.182
"4658",-7601.447
"4659",-7735.083
"4660",-7581.635
"4661",-7621.068
"4662",-7692.043
"4663",-7828.353
"4664",-7649.804
"4665",-7378.306
"4666",-7581.861
"4667",-7567.586
"4668",-7769.403
"4669",-7691.907
"4670",-7740.835
"4671",-7729.61
"4672",-7760.471
"4673",-7580.99
"4674",-7665.442
"4675",-7629.041
"4676",-7656.8
"4677",-7590.599
"4678",-7554.709
"4679",-7691.402
"4680",-7878.479
"4681",-7583.909
"4682",-7738.927
"4683",-7508.302
"4684",-7534.002
"4685",-7538.19
"4686",-7615.976
"4687",-7765.768
"4688",-7495.024
"4689",-7786.818
"4690",-7613.109
"4691",-7618.74
"4692",-7630.182
"4693",-7759.709
"4694",-7812.971
"4695",-7488.549
"4696",-7652.202
"4697",-7640.584
"4698",-7789.166
"4699",-7769.722
"4700",-7563.617
"4701",-7606.188
"4702",-7643.898
"4703",-7672.718
"4704",-7799.224
"4705",-7568.87
"4706",-7720.247
"4707",-7787.986
"4708",-7664.952
"4709",-7642.132
"4710",-7727.16
"4711",-7806.263
"4712",-7773.907
"4713",-7559.87
"4714",-7590.736
"4715",-7590.577
"4716",-7711.758
"4717",-7694.918
"4718",-7471.295
"4719",-7434.131
"4720",-7501.732
"4721",-7692.604
"4722",-7661.973
"4723",-7684.014
"4724",-7770.438
"4725",-7663.984
"4726",-7634.208
"4727",-7551.929
"4728",-7646.869
"4729",-7513.709
"4730",-7493.806
"4731",-7608.469
"4732",-7736.745
"4733",-7736.02
"4734",-7704.274
"4735",-7756.94
"4736",-7692.449
"4737",-7553.448
"4738",-7629.114
"4739",-7736.831
"4740",-7522.819
"4741",-7777.579
"4742",-7650.588
"4743",-7361.357
"4744",-7698.122
"4745",-7699.287
"4746",-7493.431
"4747",-7541.559
"4748",-7815.595
"4749",-7741.192
"4750",-7670.042
"4751",-7533.649
"4752",-7760.07
"4753",-7471.28
"4754",-7491.598
"4755",-7890.79
"4756",-7545.791
"4757",-7512.627
"4758",-7680.317
"4759",-7965.629
"4760",-7644.487
"4761",-7486.847
"4762",-7654.106
"4763",-7696.459
"4764",-7601.703
"4765",-7555.069
"4766",-7648.21
"4767",-7374.897
"4768",-7835.739
"4769",-7797.907
"4770",-7654.171
"4771",-7414.743
"4772",-7729.626
"4773",-7635.711
"4774",-7641.479
"4775",-7692.333
"4776",-7736.406
"4777",-7495.62
"4778",-7658.142
"4779",-7790.112
"4780",-7732.316
"4781",-7432.255
"4782",-7582.222
"4783",-7798.935
"4784",-7484.634
"4785",-7822.479
"4786",-7667.285
"4787",-7532.172
"4788",-7739.485
"4789",-7743.076
"4790",-7605.645
"4791",-7714.898
"4792",-7569.567
"4793",-7812.186
"4794",-7607.353
"4795",-7585.195
"4796",-7575.045
"4797",-7656.934
"4798",-7785.641
"4799",-7749.949
"4800",-7641.057
"4801",-7591.915
"4802",-7759.345
"4803",-7669.91
"4804",-7589.723
"4805",-7620.128
"4806",-7500.877
"4807",-7620.313
"4808",-7745.256
"4809",-7650.002
"4810",-7647.319
"4811",-7716.269
"4812",-7722.829
"4813",-7608.886
"4814",-7389.675
"4815",-7620.169
"4816",-7678.869
"4817",-7636.848
"4818",-7768.688
"4819",-7629.085
"4820",-7520.168
"4821",-7740.035
"4822",-7641.85
"4823",-7718.081
"4824",-7679.507
"4825",-7588.187
"4826",-7595.243
"4827",-7476.07
"4828",-7583.062
"4829",-7577.232
"4830",-7462.659
"4831",-7636.888
"4832",-7784.564
"4833",-7662.191
"4834",-7728.071
"4835",-7568.653
"4836",-7526.578
"4837",-7710.928
"4838",-7743.284
"4839",-7692.64
"4840",-7551.6
"4841",-7545.358
"4842",-7627.885
"4843",-7758.77
"4844",-7695.198
"4845",-7716.687
"4846",-7690.933
"4847",-7549.792
"4848",-7652.284
"4849",-7586.375
"4850",-7677.688
"4851",-7705.077
"4852",-7605.413
"4853",-7638.368
"4854",-7601.837
"4855",-7763.28
"4856",-7665.397
"4857",-7725.894
"4858",-7806.875
"4859",-7584.418
"4860",-7627.904
"4861",-7710.995
"4862",-7847.013
"4863",-7755.617
"4864",-7635.423
"4865",-7584.266
"4866",-7655.156
"4867",-7726.515
"4868",-7687.74
"4869",-7738.202
"4870",-7774.519
"4871",-7819.856
"4872",-7662.503
"4873",-7638.621
"4874",-7571.957
"4875",-7917.454
"4876",-7565.337
"4877",-7534.776
"4878",-7554.827
"4879",-7750.784
"4880",-7725.696
"4881",-7874.915
"4882",-7639.23
"4883",-7928.112
"4884",-7639.437
"4885",-7810.485
"4886",-7742.243
"4887",-7519.808
"4888",-7557.333
"4889",-7529.131
"4890",-7647.401
"4891",-7781.383
"4892",-7621.131
"4893",-7500.95
"4894",-7471.205
"4895",-7740.102
"4896",-7654.163
"4897",-7513.506
"4898",-7741.04
"4899",-7715.249
"4900",-7742.733
"4901",-7740.42
"4902",-7788.185
"4903",-7596.004
"4904",-7565.607
"4905",-7435.613
"4906",-7751.429
"4907",-7721.585
"4908",-7659.126
"4909",-7859.341
"4910",-7620.619
"4911",-7763.451
"4912",-7655.003
"4913",-7674.35
"4914",-7680.499
"4915",-7643.244
"4916",-7576.504
"4917",-7732.175
"4918",-7617.447
"4919",-7552.224
"4920",-7630.107
"4921",-7498.294
"4922",-7603.973
"4923",-7652.116
"4924",-7743.346
"4925",-7546.599
"4926",-7659.924
"4927",-7619.063
"4928",-7506.393
"4929",-7628.04
"4930",-7726.766
"4931",-7743.522
"4932",-7598.005
"4933",-7694.533
"4934",-7695.842
"4935",-7611.686
"4936",-7759.12
"4937",-7556.987
"4938",-7830.428
"4939",-7805.749
"4940",-7494.377
"4941",-7636.495
"4942",-7789.134
"4943",-7650.077
"4944",-7473.109
"4945",-7705.15
"4946",-7595.043
"4947",-7498.894
"4948",-7463.352
"4949",-7664.769
"4950",-7606.93
"4951",-7581.224
"4952",-7613.159
"4953",-7872.754
"4954",-7638.234
"4955",-7653.328
"4956",-7571.669
"4957",-7601.033
"4958",-7638.206
"4959",-7728.633
"4960",-7698.649
"4961",-7395.276
"4962",-7732.812
"4963",-7609.654
"4964",-7514.521
"4965",-7815.182
"4966",-7559.68
"4967",-7815.213
"4968",-7560.091
"4969",-7704.167
"4970",-7772.704
"4971",-7559.288
"4972",-7727.969
"4973",-7495.505
"4974",-7507.453
"4975",-7634.819
"4976",-7659.249
"4977",-7790.959
"4978",-7676.21
"4979",-7633.747
"4980",-7664.618
"4981",-7729.404
"4982",-7769.957
"4983",-7635.12
"4984",-7671.21
"4985",-7618.639
"4986",-7498.335
"4987",-7724.986
"4988",-7512.518
"4989",-7625.678
"4990",-7665.158
"4991",-7666.979
"4992",-7638
"4993",-7859.498
"4994",-7767.233
"4995",-7638.381
"4996",-7546.266
"4997",-7620.721
"4998",-7782.539
"4999",-7672.625
"5000",-7784.491
"5001",-7682.73
"5002",-7718.13
"5003",-7539.453
"5004",-7516.51
"5005",-7786.68
"5006",-7510.759
"5007",-7637.888
"5008",-7873.631
"5009",-7569.289
"5010",-7477.535
"5011",-7730.548
"5012",-7507.003
"5013",-7739.345
"5014",-7569.078
"5015",-7739.889
"5016",-7603.036
"5017",-7444.914
"5018",-7648.694
"5019",-7846.473
"5020",-7722.277
"5021",-7910.359
"5022",-7663.688
"5023",-7641.685
"5024",-7720.35
"5025",-7690.108
"5026",-7567.858
"5027",-7564.866
"5028",-7513.181
"5029",-7729.346
"5030",-7548.136
"5031",-7419.405
"5032",-7781.03
"5033",-7601.611
"5034",-7657.014
"5035",-7772.169
"5036",-7664.75
"5037",-7624.781
"5038",-7498.854
"5039",-7622.251
"5040",-7644.983
"5041",-7775.069
"5042",-7730.59
"5043",-7682.441
"5044",-7691.932
"5045",-7684.198
"5046",-7758.463
"5047",-7744.922
"5048",-7610.713
"5049",-7645.995
"5050",-7687.449
"5051",-7764.601
"5052",-7670.362
"5053",-7698.275
"5054",-7704.797
"5055",-7591.611
"5056",-7562.714
"5057",-7697.669
"5058",-7681.118
"5059",-7762.844
"5060",-7583.744
"5061",-7844.768
"5062",-7484.534
"5063",-7487.235
"5064",-7775.295
"5065",-7665.826
"5066",-7846.333
"5067",-7638.314
"5068",-7720.054
"5069",-7600.881
"5070",-7638.363
"5071",-7662.343
"5072",-7537.232
"5073",-7681.62
"5074",-7653.723
"5075",-7726.555
"5076",-7801.899
"5077",-7352.082
"5078",-7608.897
"5079",-7776.086
"5080",-7686.952
"5081",-7633.811
"5082",-7587.9
"5083",-7849.359
"5084",-7660.727
"5085",-7488.698
"5086",-7618.336
"5087",-7615.815
"5088",-7615.668
"5089",-7648.138
"5090",-7469.543
"5091",-7643.061
"5092",-7565.009
"5093",-7641.038
"5094",-7573.603
"5095",-7476.794
"5096",-7678.715
"5097",-7726.307
"5098",-7731.181
"5099",-7747.699
"5100",-7515.958
"5101",-7534.075
"5102",-7613.885
"5103",-7698.834
"5104",-7574.139
"5105",-7614.513
"5106",-7595.397
"5107",-7597.01
"5108",-7608.891
"5109",-7547.813
"5110",-7569.273
"5111",-7540.407
"5112",-7461.276
"5113",-7484.832
"5114",-7662.344
"5115",-7561.061
"5116",-7643.935
"5117",-7539.52
"5118",-7604.448
"5119",-7427.753
"5120",-7627.342
"5121",-7512.494
"5122",-7634.964
"5123",-7855.086
"5124",-7663.996
"5125",-7677.031
"5126",-7803.233
"5127",-7586.083
"5128",-7629.899
"5129",-7552.961
"5130",-7753.036
"5131",-7558.601
"5132",-7540.265
"5133",-7744.046
"5134",-7715.462
"5135",-7665.342
"5136",-7533.6
"5137",-7678.081
"5138",-7811.01
"5139",-7565.98
"5140",-7635.998
"5141",-7677.152
"5142",-7454.071
"5143",-7726.526
"5144",-7758.819
"5145",-7544.679
"5146",-7798.757
"5147",-7547.439
"5148",-7614.622
"5149",-7745.976
"5150",-7748.315
"5151",-7449.833
"5152",-7773.844
"5153",-7342.023
"5154",-7763.543
"5155",-7577.162
"5156",-7623.802
"5157",-7631.007
"5158",-7661.72
"5159",-7527.708
"5160",-7869.18
"5161",-7728.175
"5162",-7421.788
"5163",-7701.708
"5164",-7543.357
"5165",-7785.05
"5166",-7710.225
"5167",-7688.655
"5168",-7482.223
"5169",-7540.804
"5170",-7604.879
"5171",-7619.75
"5172",-7611.587
"5173",-7775.949
"5174",-7717.58
"5175",-7518.705
"5176",-7571.732
"5177",-7559.4
"5178",-7837.653
"5179",-7611.967
"5180",-7590.525
"5181",-7567.182
"5182",-7711.664
"5183",-7880.57
"5184",-7647.736
"5185",-7764.015
"5186",-7698.244
"5187",-7835.512
"5188",-7631.125
"5189",-7496.843
"5190",-7514.838
"5191",-7789.656
"5192",-7608.62
"5193",-7671.336
"5194",-7539.67
"5195",-7537.126
"5196",-7497.661
"5197",-7825.638
"5198",-7658.655
"5199",-7675.692
"5200",-7744.496
"5201",-7899.697
"5202",-7747.774
"5203",-7875.976
"5204",-7688.83
"5205",-7723.454
"5206",-7690.084
"5207",-7674.679
"5208",-7701.005
"5209",-7748.51
"5210",-7555.597
"5211",-7651.689
"5212",-7663.743
"5213",-7713.581
"5214",-7794.362
"5215",-7512.226
"5216",-7595.235
"5217",-7584.137
"5218",-7760.019
"5219",-7675.159
"5220",-7513.284
"5221",-7702.083
"5222",-7597.829
"5223",-7847.395
"5224",-7748.795
"5225",-7807.561
"5226",-7662.898
"5227",-7657.416
"5228",-7789.381
"5229",-7469.328
"5230",-7667.398
"5231",-7647.143
"5232",-7404.074
"5233",-7620.407
"5234",-7609.009
"5235",-7565.657
"5236",-7787.61
"5237",-7629.462
"5238",-7752.051
"5239",-7618.942
"5240",-7641.946
"5241",-7605.94
"5242",-7596.617
"5243",-7687.842
"5244",-7509.055
"5245",-7357.804
"5246",-7526.013
"5247",-7542.321
"5248",-7510.529
"5249",-7649.48
"5250",-7528.18
"5251",-7720.35
"5252",-7585.543
"5253",-7757.712
"5254",-7801.908
"5255",-7684.211
"5256",-7601.84
"5257",-7722.485
"5258",-7729.633
"5259",-7649.815
"5260",-7579.469
"5261",-7709.632
"5262",-7632.444
"5263",-7582.697
"5264",-7900.609
"5265",-7547.523
"5266",-7717.292
"5267",-7621.034
"5268",-7630.212
"5269",-7601.244
"5270",-7806.999
"5271",-7458.254
"5272",-7696.532
"5273",-7577.836
"5274",-7678.398
"5275",-7491.887
"5276",-7662.605
"5277",-7614.815
"5278",-7595.461
"5279",-7757.22
"5280",-7547.31
"5281",-7591.446
"5282",-7378.52
"5283",-7598.81
"5284",-7597.591
"5285",-7682.606
"5286",-7640.919
"5287",-7726.98
"5288",-7570.507
"5289",-7758.23
"5290",-7630.996
"5291",-7574.544
"5292",-7699.751
"5293",-7868.307
"5294",-7740.176
"5295",-7794.721
"5296",-7568.442
"5297",-7587.076
"5298",-7806.671
"5299",-7593.147
"5300",-7732.639
"5301",-7572.558
"5302",-7616.234
"5303",-7600.836
"5304",-7812.436
"5305",-7716.953
"5306",-7477.357
"5307",-7819.322
"5308",-7604.704
"5309",-7508.227
"5310",-7665.417
"5311",-7540.662
"5312",-7479.333
"5313",-7695.469
"5314",-7550.549
"5315",-7746.545
"5316",-7580.056
"5317",-7697.281
"5318",-7592.319
"5319",-7761.233
"5320",-7779.928
"5321",-7718.857
"5322",-7723.476
"5323",-7708.91
"5324",-7693.089
"5325",-7712.419
"5326",-7706.449
"5327",-7546.739
"5328",-7661.538
"5329",-7683.355
"5330",-7614.239
"5331",-7573.801
"5332",-7469.932
"5333",-7644.074
"5334",-7644.58
"5335",-7696.16
"5336",-7564.432
"5337",-7665.079
"5338",-7573.543
"5339",-7604.83
"5340",-7636.733
"5341",-7567.604
"5342",-7686.6
"5343",-7598.819
"5344",-7777.452
"5345",-7795.61
"5346",-7611.633
"5347",-7709.156
"5348",-7702.594
"5349",-7754.525
"5350",-7413.138
"5351",-7522.358
"5352",-7674.379
"5353",-7818.587
"5354",-7682.666
"5355",-7604.33
"5356",-7541.793
"5357",-7629.288
"5358",-7659.727
"5359",-7534.304
"5360",-7752.764
"5361",-7618.953
"5362",-7481.09
"5363",-7547.325
"5364",-7625.88
"5365",-7768.243
"5366",-7637.615
"5367",-7642.498
"5368",-7626.215
"5369",-7699.705
"5370",-7834.844
"5371",-7656.729
"5372",-7451.158
"5373",-7700.346
"5374",-7596.105
"5375",-7617.268
"5376",-7650.201
"5377",-7632.028
"5378",-7727.423
"5379",-7700.793
"5380",-7572.098
"5381",-7885.922
"5382",-7559.728
"5383",-7763.694
"5384",-7483.331
"5385",-7676.877
"5386",-7541.527
"5387",-7643.351
"5388",-7671.317
"5389",-7659.378
"5390",-7632.598
"5391",-7756.461
"5392",-7764.106
"5393",-7564.075
"5394",-7662.185
"5395",-7834.141
"5396",-7491.673
"5397",-7779.817
"5398",-7636.857
"5399",-7666.408
"5400",-7672.702
"5401",-7702.288
"5402",-7711.694
"5403",-7403.678
"5404",-7556.336
"5405",-7593.526
"5406",-7808.221
"5407",-7527.289
"5408",-7669.785
"5409",-7518.935
"5410",-7748.303
"5411",-7590.455
"5412",-7642.725
"5413",-7574.231
"5414",-7659.865
"5415",-7534.653
"5416",-7629.913
"5417",-7693.422
"5418",-7572.65
"5419",-7567.463
"5420",-7741.235
"5421",-7633.3
"5422",-7628.011
"5423",-7528.287
"5424",-7696.336
"5425",-7584.342
"5426",-7666.086
"5427",-7702.75
"5428",-7617.858
"5429",-7842.332
"5430",-7503.209
"5431",-7742.78
"5432",-7470.2
"5433",-7723.284
"5434",-7776.795
"5435",-7702.148
"5436",-7648.355
"5437",-7585.514
"5438",-7587.647
"5439",-7757.55
"5440",-7679.275
"5441",-7803.174
"5442",-7611.607
"5443",-7732.137
"5444",-7462.06
"5445",-7637.766
"5446",-7517.077
"5447",-7712.044
"5448",-7753.416
"5449",-7545.804
"5450",-7580.935
"5451",-7599.35
"5452",-7457.844
"5453",-7494.79
"5454",-7643.461
"5455",-7533.91
"5456",-7476.592
"5457",-7514.557
"5458",-7808.269
"5459",-7771.427
"5460",-7732.439
"5461",-7403.516
"5462",-7647.53
"5463",-7673.746
"5464",-7591.542
"5465",-7691.431
"5466",-7668.454
"5467",-7422.954
"5468",-7681.647
"5469",-7638.601
"5470",-7606.819
"5471",-7585.188
"5472",-7620.171
"5473",-7666.358
"5474",-7577.734
"5475",-7618.134
"5476",-7884.19
"5477",-7769.396
"5478",-7639.881
"5479",-7617.124
"5480",-7589.526
"5481",-7749.252
"5482",-7707.54
"5483",-7782.461
"5484",-7487.982
"5485",-7717.579
"5486",-7638.897
"5487",-7542.812
"5488",-7487.843
"5489",-7614.141
"5490",-7756.609
"5491",-7721.092
"5492",-7571.873
"5493",-7611.924
"5494",-7895.068
"5495",-7591.762
"5496",-7877.897
"5497",-7578.35
"5498",-7601.165
"5499",-7574.461
"5500",-7651.378
"5501",-7669.697
"5502",-7440.676
"5503",-7756.536
"5504",-7640.903
"5505",-7771.745
"5506",-7576.564
"5507",-7721.649
"5508",-7640.919
"5509",-7634.749
"5510",-7601.72
"5511",-7688.23
"5512",-7559.211
"5513",-7691.848
"5514",-7567.784
"5515",-7476.588
"5516",-7513.815
"5517",-7605.101
"5518",-7512.328
"5519",-7615.309
"5520",-7701.668
"5521",-7728.056
"5522",-7537.99
"5523",-7378.627
"5524",-7626.942
"5525",-7580.704
"5526",-7683.997
"5527",-7659.996
"5528",-7613.461
"5529",-7587.991
"5530",-7666.956
"5531",-7484.443
"5532",-7695.03
"5533",-7680.897
"5534",-7902.694
"5535",-7626.305
"5536",-7729.01
"5537",-7462.795
"5538",-7424.3
"5539",-7649.303
"5540",-7603.534
"5541",-7708.086
"5542",-7613.933
"5543",-7522.528
"5544",-7616.47
"5545",-7580.452
"5546",-7635.103
"5547",-7642.199
"5548",-7715.617
"5549",-7751.53
"5550",-7626.999
"5551",-7552.682
"5552",-7634.476
"5553",-7711.531
"5554",-7611.338
"5555",-7745.44
"5556",-7549.108
"5557",-7621.195
"5558",-7606.61
"5559",-7611.766
"5560",-7862.544
"5561",-7526.06
"5562",-7808.402
"5563",-7696.492
"5564",-7717.993
"5565",-7666.119
"5566",-7813.947
"5567",-7588.232
"5568",-7589.638
"5569",-7481.353
"5570",-7691.41
"5571",-7609.375
"5572",-7483.638
"5573",-7695.6
"5574",-7711.948
"5575",-7630.522
"5576",-7609.077
"5577",-7546.219
"5578",-7752.313
"5579",-7702.011
"5580",-7451.072
"5581",-7734.68
"5582",-7727.452
"5583",-7471.132
"5584",-7509.752
"5585",-7605.549
"5586",-7643.295
"5587",-7458.906
"5588",-7629.371
"5589",-7691.319
"5590",-7692.283
"5591",-7698.078
"5592",-7715.954
"5593",-7715.796
"5594",-7620.342
"5595",-7814.952
"5596",-7753.503
"5597",-7547.906
"5598",-7807.164
"5599",-7601.035
"5600",-7762.625
"5601",-7336.788
"5602",-7823.153
"5603",-7597.435
"5604",-7794.775
"5605",-7572.142
"5606",-7718.92
"5607",-7656.615
"5608",-7490.726
"5609",-7477.935
"5610",-7755.814
"5611",-7822.051
"5612",-7535.719
"5613",-7332.29
"5614",-7545.411
"5615",-7533.925
"5616",-7808.02
"5617",-7454.819
"5618",-7568.269
"5619",-7586.503
"5620",-7657.967
"5621",-7651.758
"5622",-7782.407
"5623",-7570.684
"5624",-7549.129
"5625",-7742.406
"5626",-7775.378
"5627",-7695.57
"5628",-7708.315
"5629",-7665.727
"5630",-7655.401
"5631",-7713.268
"5632",-7507.678
"5633",-7670.625
"5634",-7467.942
"5635",-7528.123
"5636",-7575.273
"5637",-7565.945
"5638",-7614.827
"5639",-7684.109
"5640",-7593.619
"5641",-7889.071
"5642",-7624.584
"5643",-7558.488
"5644",-7542.622
"5645",-7592.854
"5646",-7883.192
"5647",-7692.982
"5648",-7819.772
"5649",-7610.544
"5650",-7687.963
"5651",-7755.834
"5652",-7507.815
"5653",-7688.75
"5654",-7589.024
"5655",-7673.305
"5656",-7786.169
"5657",-7638.97
"5658",-7729.627
"5659",-7536.106
"5660",-7712.516
"5661",-7694.405
"5662",-7742.244
"5663",-7576.957
"5664",-7631.932
"5665",-7561.251
"5666",-7621.842
"5667",-7531.369
"5668",-7691.866
"5669",-7640.184
"5670",-7690.958
"5671",-7650.663
"5672",-7690.863
"5673",-7494.852
"5674",-7800.848
"5675",-7508.767
"5676",-7859.981
"5677",-7606.395
"5678",-7690.769
"5679",-7480.573
"5680",-7624.137
"5681",-7663.52
"5682",-7604.199
"5683",-7665.517
"5684",-7604.108
"5685",-7678.986
"5686",-7730.309
"5687",-7666.349
"5688",-7763.246
"5689",-7634.889
"5690",-7811.334
"5691",-7826.852
"5692",-7682.906
"5693",-7910.804
"5694",-7531.38
"5695",-7714.679
"5696",-7448.855
"5697",-7248.411
"5698",-7702.454
"5699",-7760.3
"5700",-7545.193
"5701",-7533.713
"5702",-7634.486
"5703",-7464.984
"5704",-7730.269
"5705",-7434.04
"5706",-7559.389
"5707",-7646.692
"5708",-7505.561
"5709",-7719.99
"5710",-7579.295
"5711",-7683.425
"5712",-7640.27
"5713",-7833.825
"5714",-7682.412
"5715",-7546.071
"5716",-7749.214
"5717",-7520.665
"5718",-7679.107
"5719",-7591.069
"5720",-7682.895
"5721",-7675.95
"5722",-7709.055
"5723",-7599.725
"5724",-7676.442
"5725",-7689.872
"5726",-7534.848
"5727",-7790.176
"5728",-7741.666
"5729",-7684.659
"5730",-7642.741
"5731",-7546.223
"5732",-7617.308
"5733",-7619.395
"5734",-7676.069
"5735",-7704.087
"5736",-7654.863
"5737",-7640.821
"5738",-7731.389
"5739",-7768.472
"5740",-7868.616
"5741",-7422.977
"5742",-7738.878
"5743",-7716.282
"5744",-7509.943
"5745",-7529.01
"5746",-7916.206
"5747",-7528.867
"5748",-7693.042
"5749",-7703.507
"5750",-7780.638
"5751",-7798.565
"5752",-7503.531
"5753",-7677.653
"5754",-7701.897
"5755",-7678.302
"5756",-7669.631
"5757",-7741.642
"5758",-7877.156
"5759",-7853.036
"5760",-7603.864
"5761",-7676.401
"5762",-7573.001
"5763",-7616.148
"5764",-7508.716
"5765",-7680.882
"5766",-7725.295
"5767",-7571.147
"5768",-7634.015
"5769",-7610.792
"5770",-7842.707
"5771",-7556.821
"5772",-7739.605
"5773",-7478.046
"5774",-7787.315
"5775",-7584.594
"5776",-7771.801
"5777",-7737.821
"5778",-7765.865
"5779",-7791.425
"5780",-7580.373
"5781",-7486.135
"5782",-7771.342
"5783",-7587.751
"5784",-7603.173
"5785",-7791.741
"5786",-7686.487
"5787",-7720.158
"5788",-7588.827
"5789",-7649.359
"5790",-7642.836
"5791",-7583.523
"5792",-7749.764
"5793",-7544.744
"5794",-7557.321
"5795",-7641.126
"5796",-7679.358
"5797",-7837.022
"5798",-7849.019
"5799",-7656.329
"5800",-7593.438
"5801",-7637.386
"5802",-7448.74
"5803",-7678.224
"5804",-7366.953
"5805",-7741.796
"5806",-7469.368
"5807",-7641.987
"5808",-7609.658
"5809",-7840.92
"5810",-7724.725
"5811",-7460.825
"5812",-7685.352
"5813",-7640.53
"5814",-7625.53
"5815",-7489.266
"5816",-7548.565
"5817",-7607.295
"5818",-7526.718
"5819",-7636.475
"5820",-7722.411
"5821",-7675.688
"5822",-7747.878
"5823",-7609.585
"5824",-7554.683
"5825",-7701.993
"5826",-7603.716
"5827",-7670.819
"5828",-7757.538
"5829",-7614.095
"5830",-7509.467
"5831",-7690.922
"5832",-7604.471
"5833",-7676.941
"5834",-7664.132
"5835",-7517.379
"5836",-7732.315
"5837",-7616.659
"5838",-7691.751
"5839",-7541.609
"5840",-7592.253
"5841",-7699.76
"5842",-7609.158
"5843",-7713.567
"5844",-7689.85
"5845",-7781.999
"5846",-7589.455
"5847",-7739.958
"5848",-7614.307
"5849",-7501.154
"5850",-7897.668
"5851",-7426.005
"5852",-7603.68
"5853",-7822.552
"5854",-7693.981
"5855",-7573.452
"5856",-7583.438
"5857",-7664.437
"5858",-7709.494
"5859",-7720.321
"5860",-7550.123
"5861",-7590.927
"5862",-7428.489
"5863",-7551.029
"5864",-7723.498
"5865",-7572.969
"5866",-7659.085
"5867",-7631.241
"5868",-7580.841
"5869",-7588.878
"5870",-7621.798
"5871",-7532.73
"5872",-7558.537
"5873",-7525.508
"5874",-7552.648
"5875",-7783.812
"5876",-7739.154
"5877",-7793.678
"5878",-7729.272
"5879",-7655.677
"5880",-7614.473
"5881",-7622.029
"5882",-7867.619
"5883",-7586.153
"5884",-7542.909
"5885",-7608.882
"5886",-7454.573
"5887",-7848.404
"5888",-7517.493
"5889",-7607.027
"5890",-7616.23
"5891",-7811.236
"5892",-7644.246
"5893",-7766.172
"5894",-7619.185
"5895",-7542.038
"5896",-7665.395
"5897",-7621.052
"5898",-7570.845
"5899",-7864.932
"5900",-7686.486
"5901",-7675.17
"5902",-7609.88
"5903",-7520.949
"5904",-7640.256
"5905",-7651.235
"5906",-7436.977
"5907",-7702.487
"5908",-7657.194
"5909",-7480.537
"5910",-7753.844
"5911",-7459.749
"5912",-7696.074
"5913",-7541.566
"5914",-7593.663
"5915",-7582.009
"5916",-7833.816
"5917",-7765.095
"5918",-7574.844
"5919",-7508.019
"5920",-7699.759
"5921",-7605.419
"5922",-7570.9
"5923",-7687.784
"5924",-7669.616
"5925",-7660.686
"5926",-7651.244
"5927",-7863.898
"5928",-7602.956
"5929",-7842.915
"5930",-7681.548
"5931",-7706.278
"5932",-7799.772
"5933",-7707.039
"5934",-7601.847
"5935",-7756.748
"5936",-7545.954
"5937",-7447.297
"5938",-7640.881
"5939",-7688.69
"5940",-7791.032
"5941",-7553.247
"5942",-7671.349
"5943",-7521.751
"5944",-7536.436
"5945",-7881.772
"5946",-7561.522
"5947",-7686.89
"5948",-7613.008
"5949",-7568.938
"5950",-7672.255
"5951",-7745.159
"5952",-7677.814
"5953",-7719.894
"5954",-7556.804
"5955",-7635.66
"5956",-7602.278
"5957",-7711.64
"5958",-7550.135
"5959",-7853.03
"5960",-7642.233
"5961",-7665.746
"5962",-7734.048
"5963",-7742.668
"5964",-7651.793
"5965",-7775.716
"5966",-7608.525
"5967",-7702.388
"5968",-7407.996
"5969",-7738.311
"5970",-7680.487
"5971",-7719.176
"5972",-7523.32
"5973",-7521.708
"5974",-7728.414
"5975",-7720.853
"5976",-7723.334
"5977",-7741.949
"5978",-7578.622
"5979",-7616.098
"5980",-7561.904
"5981",-7589.568
"5982",-7519.833
"5983",-7419.512
"5984",-7864.149
"5985",-7642.906
"5986",-7625.4
"5987",-7627.495
"5988",-7493.777
"5989",-7611.414
"5990",-7797.097
"5991",-7691.568
"5992",-7687.003
"5993",-7554.547
"5994",-7586.86
"5995",-7797.127
"5996",-7815.038
"5997",-7529.902
"5998",-7436.846
"5999",-7520.885
"6000",-7667.687
"6001",-8885.056
"6002",-9065.642
"6003",-9037.295
"6004",-8969.818
"6005",-8993.482
"6006",-8990.019
"6007",-8801.875
"6008",-8817.273
"6009",-8620.031
"6010",-8943.391
"6011",-9018.051
"6012",-9028.645
"6013",-8855.683
"6014",-8785.134
"6015",-8926.145
"6016",-8785.645
"6017",-8925.521
"6018",-9073.021
"6019",-9004.166
"6020",-8831.309
"6021",-8895.323
"6022",-8979.005
"6023",-8692.361
"6024",-8825.146
"6025",-8788.153
"6026",-9001.049
"6027",-8968.53
"6028",-8995.801
"6029",-8812.57
"6030",-9000.421
"6031",-8888.728
"6032",-8869.757
"6033",-8974.68
"6034",-9127.096
"6035",-8670.08
"6036",-8843.516
"6037",-9076.909
"6038",-8893.508
"6039",-8997.469
"6040",-9058.468
"6041",-8959.91
"6042",-8922.641
"6043",-8740.823
"6044",-9058.449
"6045",-9076.469
"6046",-8773.679
"6047",-8774.095
"6048",-9144.195
"6049",-8791.623
"6050",-8889.543
"6051",-8833.044
"6052",-9094.876
"6053",-9218.847
"6054",-8793.583
"6055",-8776.061
"6056",-8942.214
"6057",-9133.362
"6058",-8883.791
"6059",-8766.455
"6060",-8625.327
"6061",-8812.373
"6062",-8730.26
"6063",-9013.636
"6064",-8712.496
"6065",-8911.78
"6066",-9080.862
"6067",-8919.179
"6068",-8895.653
"6069",-9104.675
"6070",-8951.049
"6071",-8907.582
"6072",-8891.249
"6073",-8860.147
"6074",-8752.721
"6075",-9008.808
"6076",-8902.723
"6077",-9111.629
"6078",-8840.739
"6079",-9134.885
"6080",-9017.491
"6081",-8904.859
"6082",-8902.888
"6083",-8844.235
"6084",-8863.579
"6085",-8825.259
"6086",-8967.835
"6087",-9074.687
"6088",-8863.555
"6089",-8930.294
"6090",-8973.422
"6091",-9220.588
"6092",-8841.723
"6093",-8847.624
"6094",-8853.873
"6095",-8668.491
"6096",-8945.173
"6097",-9088.929
"6098",-8796.536
"6099",-9220.293
"6100",-8946.134
"6101",-9070.429
"6102",-9001.191
"6103",-8931.14
"6104",-9026.325
"6105",-9011.814
"6106",-8906.967
"6107",-9076.84
"6108",-8719.228
"6109",-9129.794
"6110",-9010.792
"6111",-8922.774
"6112",-9150.03
"6113",-8781.565
"6114",-8808.822
"6115",-9176.659
"6116",-8882.894
"6117",-8727.553
"6118",-9204.813
"6119",-8947.109
"6120",-8926.352
"6121",-9030.778
"6122",-8891.142
"6123",-8884.519
"6124",-8733.128
"6125",-8944.867
"6126",-9127.575
"6127",-8838.952
"6128",-9098.272
"6129",-8982.319
"6130",-8981.563
"6131",-9082.863
"6132",-8915.452
"6133",-9127.716
"6134",-9112.771
"6135",-9218.633
"6136",-8815.226
"6137",-8681.418
"6138",-8789.818
"6139",-8800.783
"6140",-8730.442
"6141",-9044.692
"6142",-8768.269
"6143",-8858.541
"6144",-8914.435
"6145",-8971.406
"6146",-9160.946
"6147",-9056.838
"6148",-8935.754
"6149",-8832.41
"6150",-8742.34
"6151",-9016.327
"6152",-9223.048
"6153",-9014.256
"6154",-8904.371
"6155",-8952.745
"6156",-8941.817
"6157",-9049.351
"6158",-8980.963
"6159",-9086.73
"6160",-8694.993
"6161",-8821.212
"6162",-8882.01
"6163",-9017.875
"6164",-8870.458
"6165",-8767.881
"6166",-8811.313
"6167",-8802.939
"6168",-9056.912
"6169",-9039.419
"6170",-8936.15
"6171",-8838.953
"6172",-8862.598
"6173",-9093.041
"6174",-8923.99
"6175",-8667.615
"6176",-8820.704
"6177",-8839.683
"6178",-9048.164
"6179",-8893.79
"6180",-8962.133
"6181",-8848.582
"6182",-8946.894
"6183",-8744.091
"6184",-9016.069
"6185",-8640.762
"6186",-9108.931
"6187",-8684.744
"6188",-8934.159
"6189",-8694.739
"6190",-8874.707
"6191",-8656.255
"6192",-8978.608
"6193",-8821.858
"6194",-8918.749
"6195",-8871.087
"6196",-8793.234
"6197",-9167.126
"6198",-8909.766
"6199",-8916.401
"6200",-8830.354
"6201",-8936.465
"6202",-9159.942
"6203",-9011.481
"6204",-9144.712
"6205",-8945.8
"6206",-9057.571
"6207",-9120.579
"6208",-9007.23
"6209",-8687.752
"6210",-8785.433
"6211",-8765.842
"6212",-8973.711
"6213",-9032.88
"6214",-8883.508
"6215",-8677.2
"6216",-8883.24
"6217",-8679.559
"6218",-8847.359
"6219",-8678.915
"6220",-8996.196
"6221",-8728.264
"6222",-9006.793
"6223",-9008.833
"6224",-9227.042
"6225",-9045.424
"6226",-8717.365
"6227",-9015.678
"6228",-8862.206
"6229",-8801.717
"6230",-8872.967
"6231",-8874.346
"6232",-9135.759
"6233",-8952.257
"6234",-8928.699
"6235",-8714.037
"6236",-8900.848
"6237",-8871.922
"6238",-8956.274
"6239",-8939.789
"6240",-8835.565
"6241",-8740.819
"6242",-8728.895
"6243",-8803.264
"6244",-9069.185
"6245",-8754.297
"6246",-8654.59
"6247",-9042.116
"6248",-8970.711
"6249",-8993.44
"6250",-8989.787
"6251",-8733.994
"6252",-8978.486
"6253",-8863.808
"6254",-8820.525
"6255",-8975.42
"6256",-8791.179
"6257",-9068.884
"6258",-8902.762
"6259",-8927.627
"6260",-8773.201
"6261",-8765.089
"6262",-8951.873
"6263",-9000.681
"6264",-8849.65
"6265",-8809.711
"6266",-8733.89
"6267",-8772.989
"6268",-8882.373
"6269",-8946.981
"6270",-9040.343
"6271",-8603.885
"6272",-9099.262
"6273",-9031.959
"6274",-8900.485
"6275",-8927.882
"6276",-8909.974
"6277",-8816.21
"6278",-9048.67
"6279",-9219.258
"6280",-8706.478
"6281",-8837.268
"6282",-8913.223
"6283",-8774.137
"6284",-8781.552
"6285",-9160.96
"6286",-8909.821
"6287",-9016.911
"6288",-9061.917
"6289",-8582.407
"6290",-8725.874
"6291",-9099.357
"6292",-8872.216
"6293",-8763.548
"6294",-8869.001
"6295",-9081.841
"6296",-8768.303
"6297",-9184.425
"6298",-9121.832
"6299",-8731.03
"6300",-8767.334
"6301",-8674.649
"6302",-8727.255
"6303",-8881.901
"6304",-8593.559
"6305",-8863.751
"6306",-8974.169
"6307",-8985.544
"6308",-8980.33
"6309",-9067.909
"6310",-8879.112
"6311",-8588.507
"6312",-9145.399
"6313",-8523.242
"6314",-8878.5
"6315",-8915.353
"6316",-9015.483
"6317",-9137.359
"6318",-8883.803
"6319",-9248.603
"6320",-8764.591
"6321",-9003.203
"6322",-8997.282
"6323",-8835.999
"6324",-9166.045
"6325",-8927.145
"6326",-8802.022
"6327",-8685.259
"6328",-8997.487
"6329",-8845.456
"6330",-8727.997
"6331",-8859.09
"6332",-8808.638
"6333",-8819.556
"6334",-9130.987
"6335",-9049.861
"6336",-9017.683
"6337",-8725.414
"6338",-8914.744
"6339",-8833.262
"6340",-9035.432
"6341",-9002.596
"6342",-8766.716
"6343",-9064.837
"6344",-8781.329
"6345",-8972.043
"6346",-8977.072
"6347",-9160.028
"6348",-9011.55
"6349",-8719.942
"6350",-8925.993
"6351",-8909.831
"6352",-8888.28
"6353",-9062.614
"6354",-9249.874
"6355",-8935.365
"6356",-8766.039
"6357",-8851.931
"6358",-9114.226
"6359",-8889.366
"6360",-8825.118
"6361",-8633.405
"6362",-8882.887
"6363",-8750.217
"6364",-8729.465
"6365",-9008.702
"6366",-8832.959
"6367",-8939.23
"6368",-8938.66
"6369",-9082.734
"6370",-8831.44
"6371",-9002.852
"6372",-8780.28
"6373",-8713.878
"6374",-8938.424
"6375",-8688.96
"6376",-8989.249
"6377",-9001.604
"6378",-8947.646
"6379",-8615.193
"6380",-8749.747
"6381",-8738.228
"6382",-8862.735
"6383",-8962.155
"6384",-8985.665
"6385",-9203.959
"6386",-8691.687
"6387",-8836.844
"6388",-8738.196
"6389",-8901.785
"6390",-9026.859
"6391",-8906.677
"6392",-8993.41
"6393",-8836.864
"6394",-8789.257
"6395",-8854.547
"6396",-8915.131
"6397",-8561.192
"6398",-8957.811
"6399",-8922.581
"6400",-8857.905
"6401",-9057.388
"6402",-9128.565
"6403",-8955.763
"6404",-8819.365
"6405",-8956.814
"6406",-9167.605
"6407",-8881.592
"6408",-9070.521
"6409",-8821.682
"6410",-8793.108
"6411",-9109.662
"6412",-9004.011
"6413",-8802.086
"6414",-8790.725
"6415",-8865.551
"6416",-8930.731
"6417",-8859.941
"6418",-9119.226
"6419",-8719.197
"6420",-9119.258
"6421",-9089.809
"6422",-8920.536
"6423",-8553.946
"6424",-8857.425
"6425",-9001.657
"6426",-9044.717
"6427",-8908.668
"6428",-8933.421
"6429",-9165.827
"6430",-9071.783
"6431",-8943.774
"6432",-8793.97
"6433",-8908.038
"6434",-9401.74
"6435",-8945.33
"6436",-8901.807
"6437",-8803.397
"6438",-9056.043
"6439",-9056.598
"6440",-8840.085
"6441",-8891.552
"6442",-8966.093
"6443",-9112.212
"6444",-8979.146
"6445",-8844.185
"6446",-8923.434
"6447",-8684.059
"6448",-8830.713
"6449",-8973.683
"6450",-8990.928
"6451",-9163.637
"6452",-8947.744
"6453",-9154.208
"6454",-8921.758
"6455",-8915.126
"6456",-9050.377
"6457",-8891.247
"6458",-8915.189
"6459",-8993.611
"6460",-8957.159
"6461",-8981.588
"6462",-8967.854
"6463",-8784.383
"6464",-9034.484
"6465",-8894.353
"6466",-8913.104
"6467",-9017.9
"6468",-8773.899
"6469",-8894.571
"6470",-9109.057
"6471",-9222.366
"6472",-9019.409
"6473",-8799.192
"6474",-8629.73
"6475",-8910.492
"6476",-9009.826
"6477",-8641.641
"6478",-9176.264
"6479",-8890.159
"6480",-9022.076
"6481",-8969.626
"6482",-9004.388
"6483",-9006.455
"6484",-8760
"6485",-8987.372
"6486",-8887.449
"6487",-9043.225
"6488",-8986.097
"6489",-9039.765
"6490",-8787.186
"6491",-8914.694
"6492",-9128.251
"6493",-9125.5
"6494",-9120.833
"6495",-9065.119
"6496",-9038.673
"6497",-8750.2
"6498",-8965.543
"6499",-8863.855
"6500",-9149.568
"6501",-9023.69
"6502",-8828.784
"6503",-9169.368
"6504",-8920.493
"6505",-8707.272
"6506",-8664.536
"6507",-8972.648
"6508",-8761.663
"6509",-9026.001
"6510",-8860.814
"6511",-8823.553
"6512",-8760.852
"6513",-8876.972
"6514",-8921.878
"6515",-8831.526
"6516",-8964.169
"6517",-8915.855
"6518",-8776.86
"6519",-8844.604
"6520",-8714.394
"6521",-8895.501
"6522",-8995.406
"6523",-8944.857
"6524",-8961.853
"6525",-8780.645
"6526",-8836.221
"6527",-9160.809
"6528",-8951.244
"6529",-8650.272
"6530",-9115.648
"6531",-8909.957
"6532",-8999.482
"6533",-8823.781
"6534",-9239.201
"6535",-8954.807
"6536",-8864.513
"6537",-8901.129
"6538",-8983.383
"6539",-8876.747
"6540",-8846.43
"6541",-9122.698
"6542",-8893.458
"6543",-8753.884
"6544",-9006.253
"6545",-8690.784
"6546",-8796.926
"6547",-8657.887
"6548",-8780.732
"6549",-9069.106
"6550",-8909.178
"6551",-8869.415
"6552",-9136.232
"6553",-9203.579
"6554",-8957.154
"6555",-9195.227
"6556",-8759.984
"6557",-8798.769
"6558",-8983.352
"6559",-8657.008
"6560",-8775.02
"6561",-8931.89
"6562",-9040.311
"6563",-8928.094
"6564",-8670.33
"6565",-8811.522
"6566",-8956.79
"6567",-8832.99
"6568",-8795.758
"6569",-8792.24
"6570",-8943.372
"6571",-8944.149
"6572",-9042.589
"6573",-9080.786
"6574",-8880.544
"6575",-8652.32
"6576",-9036.117
"6577",-8968.442
"6578",-9078.22
"6579",-9014.588
"6580",-8995.296
"6581",-8852.779
"6582",-8994.375
"6583",-8970.075
"6584",-8783.699
"6585",-8958.902
"6586",-8836.894
"6587",-8818.902
"6588",-9077.481
"6589",-8820.362
"6590",-8979.091
"6591",-8913.976
"6592",-9054.392
"6593",-8936.69
"6594",-8788.535
"6595",-9058.635
"6596",-9109.634
"6597",-8975.85
"6598",-8684.066
"6599",-8876.426
"6600",-8850.953
"6601",-8937.191
"6602",-9179.405
"6603",-9005.814
"6604",-8696.03
"6605",-9258.583
"6606",-9174.077
"6607",-9014.262
"6608",-8707.533
"6609",-9279.494
"6610",-8900.216
"6611",-8736.95
"6612",-8949.618
"6613",-8889.936
"6614",-8881.615
"6615",-8962.345
"6616",-8967.598
"6617",-8631.385
"6618",-9049.95
"6619",-8796.376
"6620",-9172.661
"6621",-8948.761
"6622",-8636.881
"6623",-8845.889
"6624",-8940.634
"6625",-8892.261
"6626",-9111.928
"6627",-9034.081
"6628",-8890.528
"6629",-8899.819
"6630",-8878.001
"6631",-8846.319
"6632",-8866.572
"6633",-9079.962
"6634",-8841.813
"6635",-8765.216
"6636",-8944.873
"6637",-9176.694
"6638",-8767.317
"6639",-8806.759
"6640",-8965.691
"6641",-9107.548
"6642",-8840.63
"6643",-8637.101
"6644",-8918.462
"6645",-8940.009
"6646",-8905.233
"6647",-8814.601
"6648",-8871.731
"6649",-8917.769
"6650",-8922.96
"6651",-8831.79
"6652",-8632.675
"6653",-8742.006
"6654",-8920.758
"6655",-8989.307
"6656",-8775.903
"6657",-8829.822
"6658",-8874.353
"6659",-8845.684
"6660",-9080.263
"6661",-8932.624
"6662",-8840.786
"6663",-8974.367
"6664",-8611.087
"6665",-8662.969
"6666",-9212.078
"6667",-9031.589
"6668",-9067.154
"6669",-8871.703
"6670",-9109.145
"6671",-8826.532
"6672",-8978.211
"6673",-8864.719
"6674",-8861.26
"6675",-8993.117
"6676",-8688.657
"6677",-8950.592
"6678",-8997.856
"6679",-8708.324
"6680",-8981.989
"6681",-8853.101
"6682",-8913.208
"6683",-8985.843
"6684",-8919.797
"6685",-9071.296
"6686",-8568.458
"6687",-8896.005
"6688",-8697.688
"6689",-8895.371
"6690",-9006.814
"6691",-9097.895
"6692",-8865.126
"6693",-8743.81
"6694",-8948.032
"6695",-9098.225
"6696",-8889.874
"6697",-8857.339
"6698",-8818.636
"6699",-8990.352
"6700",-8978.36
"6701",-8722.225
"6702",-8868.261
"6703",-8986.206
"6704",-9063.998
"6705",-9040.5
"6706",-8896.801
"6707",-8867.709
"6708",-8763.07
"6709",-8645.151
"6710",-9034.307
"6711",-8718.423
"6712",-8678.288
"6713",-8609.342
"6714",-8868.474
"6715",-9022.557
"6716",-9046.599
"6717",-8737.257
"6718",-8953.398
"6719",-9109.567
"6720",-8924.714
"6721",-9093.416
"6722",-8653.461
"6723",-9191.161
"6724",-8747.289
"6725",-8932.188
"6726",-9241.886
"6727",-8867.307
"6728",-9143.094
"6729",-8879.829
"6730",-8808.533
"6731",-9043.943
"6732",-8697.324
"6733",-8993.38
"6734",-8934.77
"6735",-9050.584
"6736",-8896.034
"6737",-9170.222
"6738",-8917.268
"6739",-8724.198
"6740",-9186.343
"6741",-8903.796
"6742",-8774.316
"6743",-8876.705
"6744",-9015.867
"6745",-8736.406
"6746",-8774.901
"6747",-8846.632
"6748",-8957.723
"6749",-8871.433
"6750",-8910.534
"6751",-8697.813
"6752",-9229.446
"6753",-8681.665
"6754",-9096.369
"6755",-8923.305
"6756",-9003.626
"6757",-9212.459
"6758",-8932.931
"6759",-8836.709
"6760",-8932.926
"6761",-8867.734
"6762",-8834.38
"6763",-9308.894
"6764",-9181.785
"6765",-8803.447
"6766",-8880.633
"6767",-9042.231
"6768",-8482.314
"6769",-8890.296
"6770",-8722.618
"6771",-8932.564
"6772",-8895.685
"6773",-9068.14
"6774",-9140.177
"6775",-8707.517
"6776",-8811.936
"6777",-8908.447
"6778",-9209.207
"6779",-8936.308
"6780",-8984.486
"6781",-9008.324
"6782",-8923.525
"6783",-8835.474
"6784",-9197.458
"6785",-8802.361
"6786",-8778.064
"6787",-8825.185
"6788",-9136.177
"6789",-9154.398
"6790",-8779.747
"6791",-9030.072
"6792",-8517.825
"6793",-8873.678
"6794",-8997.91
"6795",-8658.159
"6796",-8815.026
"6797",-8801.242
"6798",-8862.072
"6799",-8678.777
"6800",-9000.354
"6801",-8904.884
"6802",-9008.395
"6803",-8974.002
"6804",-9055.781
"6805",-8886.813
"6806",-9047.298
"6807",-8940.067
"6808",-8865.244
"6809",-9179.219
"6810",-9001.388
"6811",-8726.061
"6812",-8874.508
"6813",-8898.515
"6814",-8847.421
"6815",-9024.076
"6816",-8847.02
"6817",-8613.289
"6818",-9088.91
"6819",-9014.345
"6820",-9013.888
"6821",-8775.704
"6822",-9016.15
"6823",-9143.934
"6824",-8807.018
"6825",-8788.65
"6826",-8812.883
"6827",-8846.69
"6828",-8984.254
"6829",-8960.847
"6830",-8765.601
"6831",-8821.776
"6832",-8785.543
"6833",-8898.164
"6834",-8780.172
"6835",-8808.752
"6836",-8861.153
"6837",-9042.924
"6838",-8844.722
"6839",-8830.819
"6840",-8955.799
"6841",-9051.048
"6842",-8670.44
"6843",-8818.948
"6844",-8926.538
"6845",-8688.447
"6846",-9129.66
"6847",-8870.685
"6848",-8887.392
"6849",-8926.137
"6850",-8882.771
"6851",-9062.709
"6852",-8958.812
"6853",-8871.695
"6854",-8658.65
"6855",-8936.441
"6856",-9129.63
"6857",-8558.363
"6858",-8843.907
"6859",-9007.238
"6860",-8591.036
"6861",-9113.191
"6862",-8945.397
"6863",-8998.196
"6864",-8651.925
"6865",-9023.415
"6866",-8901.122
"6867",-8974.599
"6868",-8916.88
"6869",-9048.244
"6870",-9107.933
"6871",-9008.599
"6872",-9172.885
"6873",-8693.256
"6874",-8934.363
"6875",-8903.192
"6876",-8938.712
"6877",-8906.541
"6878",-8988.567
"6879",-8814.894
"6880",-8974.413
"6881",-8686.305
"6882",-9070.771
"6883",-8927.48
"6884",-9045.693
"6885",-8936.792
"6886",-8762.566
"6887",-8748.374
"6888",-8642.26
"6889",-8950.304
"6890",-8849.077
"6891",-8875.465
"6892",-8894.73
"6893",-8544.405
"6894",-9017.371
"6895",-8669.606
"6896",-8907.791
"6897",-8755.935
"6898",-9011.893
"6899",-8926.23
"6900",-8659.382
"6901",-8803.587
"6902",-8901.709
"6903",-8845.394
"6904",-9066.581
"6905",-8850.047
"6906",-8740.022
"6907",-9214.713
"6908",-8844.41
"6909",-8840.676
"6910",-8706.906
"6911",-8919.612
"6912",-9051.705
"6913",-8750.531
"6914",-8828.095
"6915",-8950.655
"6916",-8968.848
"6917",-9012.449
"6918",-9052.734
"6919",-9323.211
"6920",-9002.238
"6921",-8978.482
"6922",-8788.632
"6923",-8884.789
"6924",-8829.493
"6925",-8988.235
"6926",-8921.312
"6927",-8902.461
"6928",-8872.891
"6929",-8669.61
"6930",-8684.547
"6931",-8944.289
"6932",-9063.601
"6933",-8891.969
"6934",-9024.572
"6935",-8966.06
"6936",-8926.862
"6937",-9268.236
"6938",-8982.357
"6939",-8884.021
"6940",-8728.966
"6941",-9084.921
"6942",-8875.181
"6943",-9118.765
"6944",-8898.338
"6945",-8746.49
"6946",-8903.214
"6947",-9043.27
"6948",-9259.706
"6949",-8959.404
"6950",-8786.259
"6951",-9117.911
"6952",-9027.853
"6953",-8887.579
"6954",-9201.12
"6955",-9157.861
"6956",-9000.469
"6957",-8947.563
"6958",-8776.135
"6959",-9112.493
"6960",-8991.008
"6961",-8896.246
"6962",-8956.254
"6963",-8751.191
"6964",-8813.726
"6965",-8780.436
"6966",-9067.357
"6967",-8955.962
"6968",-9013.597
"6969",-8970.584
"6970",-9056.894
"6971",-8974.504
"6972",-8943.191
"6973",-8721.514
"6974",-8897.101
"6975",-8955.444
"6976",-8894.08
"6977",-8718.676
"6978",-8760.544
"6979",-8886.809
"6980",-9085.139
"6981",-8876.678
"6982",-8574.841
"6983",-9167.758
"6984",-8773.451
"6985",-9064.154
"6986",-8892.388
"6987",-9082.39
"6988",-8979.367
"6989",-9139.391
"6990",-8935.066
"6991",-8837.565
"6992",-8833.521
"6993",-8909.882
"6994",-9067.926
"6995",-8855.746
"6996",-8695.858
"6997",-9081.47
"6998",-9043.709
"6999",-8898.992
"7000",-8897
"7001",-8880.713
"7002",-8977.012
"7003",-9008.32
"7004",-8817.746
"7005",-8997.426
"7006",-9185.367
"7007",-8969.709
"7008",-8917.07
"7009",-8774.679
"7010",-9121.209
"7011",-8772.164
"7012",-9011.709
"7013",-9075.39
"7014",-8891.107
"7015",-8841.483
"7016",-8947.082
"7017",-8834.864
"7018",-9015.296
"7019",-8952.036
"7020",-8681.693
"7021",-8647.883
"7022",-8779.052
"7023",-9029.401
"7024",-8957.679
"7025",-8853.413
"7026",-8902.357
"7027",-9088.841
"7028",-8982
"7029",-8947.678
"7030",-9105.793
"7031",-8904.517
"7032",-8649.809
"7033",-8888.414
"7034",-9028.249
"7035",-8978.377
"7036",-8757.786
"7037",-8938.661
"7038",-8966.129
"7039",-9060.592
"7040",-8658.361
"7041",-8848.155
"7042",-9048.622
"7043",-8803.046
"7044",-8991.029
"7045",-8865.544
"7046",-8928.701
"7047",-8766.948
"7048",-9119.034
"7049",-8814.945
"7050",-8958.462
"7051",-9195.3
"7052",-8892.35
"7053",-8995.029
"7054",-8933.516
"7055",-8836.761
"7056",-8832.444
"7057",-8711.257
"7058",-8809.823
"7059",-9009.712
"7060",-9097.987
"7061",-9072.722
"7062",-9081.838
"7063",-8735.457
"7064",-8732.583
"7065",-8891.677
"7066",-8642.003
"7067",-8846.45
"7068",-8840.602
"7069",-8885.899
"7070",-8894.595
"7071",-8564.215
"7072",-8925.958
"7073",-9006.764
"7074",-8883.894
"7075",-8865.589
"7076",-8973.784
"7077",-8766.357
"7078",-8994.509
"7079",-8911.984
"7080",-8907.239
"7081",-8884.312
"7082",-9147.653
"7083",-8837.3
"7084",-9055.638
"7085",-8964.272
"7086",-9322.108
"7087",-8970.662
"7088",-8849.566
"7089",-9120.071
"7090",-9243.246
"7091",-8999.381
"7092",-8856.523
"7093",-9018.98
"7094",-9041.76
"7095",-8833.882
"7096",-8765.493
"7097",-8784.391
"7098",-9108.727
"7099",-8942.059
"7100",-8912.084
"7101",-8733.088
"7102",-9029.942
"7103",-8697.273
"7104",-9113.371
"7105",-8938.659
"7106",-8896.352
"7107",-9103.541
"7108",-8823.905
"7109",-9008.124
"7110",-8814.848
"7111",-8967.312
"7112",-9048.708
"7113",-8813.49
"7114",-8767.193
"7115",-8772.201
"7116",-9091.902
"7117",-8789.866
"7118",-8870.613
"7119",-8795.527
"7120",-8737.601
"7121",-8620.694
"7122",-8902.873
"7123",-9275.671
"7124",-8953.225
"7125",-8965.955
"7126",-8834.481
"7127",-8842.687
"7128",-8761.899
"7129",-9012.483
"7130",-9074.464
"7131",-8982.934
"7132",-8991.384
"7133",-9035.786
"7134",-9037.285
"7135",-9254.311
"7136",-8988.148
"7137",-8793.468
"7138",-9101.789
"7139",-9119.915
"7140",-8771.446
"7141",-9075.579
"7142",-8823.083
"7143",-8825.589
"7144",-8756.99
"7145",-8906.531
"7146",-8788.385
"7147",-8989.401
"7148",-8894.259
"7149",-9068.428
"7150",-8980.031
"7151",-8913.799
"7152",-8983.727
"7153",-8876.655
"7154",-8885.257
"7155",-8880.391
"7156",-8924.621
"7157",-8752.16
"7158",-8967.361
"7159",-8841.398
"7160",-8993.345
"7161",-8823.315
"7162",-8711.238
"7163",-9018.551
"7164",-9088.992
"7165",-9243.926
"7166",-8676.55
"7167",-9244.631
"7168",-8959.411
"7169",-8924.183
"7170",-9016.587
"7171",-8968.637
"7172",-8845.555
"7173",-9003.156
"7174",-8861.395
"7175",-9111.955
"7176",-8890.03
"7177",-9040.785
"7178",-9042.017
"7179",-8830.675
"7180",-8765.624
"7181",-8951.399
"7182",-9010.024
"7183",-8907.712
"7184",-8866.288
"7185",-8864.738
"7186",-9143.728
"7187",-9069.509
"7188",-8789.281
"7189",-9029.404
"7190",-9108.696
"7191",-8786.604
"7192",-8799.246
"7193",-9096.763
"7194",-8896.315
"7195",-8690.52
"7196",-8828.208
"7197",-8954.166
"7198",-8894.788
"7199",-8894.186
"7200",-8939.393
"7201",-9068.163
"7202",-8869.061
"7203",-8929.618
"7204",-8876.093
"7205",-8983.446
"7206",-8985.604
"7207",-8898.16
"7208",-8975.406
"7209",-8902.401
"7210",-8856.482
"7211",-8763.884
"7212",-8774.573
"7213",-9010.08
"7214",-8772.263
"7215",-8713.704
"7216",-8863.063
"7217",-8893.875
"7218",-8915.895
"7219",-8942.307
"7220",-8718.33
"7221",-8801.066
"7222",-9000.138
"7223",-8847.925
"7224",-9035.56
"7225",-8756.835
"7226",-8735.622
"7227",-8679.022
"7228",-8949.033
"7229",-8895.517
"7230",-8992.088
"7231",-9117.687
"7232",-9126.134
"7233",-8707.073
"7234",-8950.747
"7235",-8928.038
"7236",-9095.008
"7237",-9129.176
"7238",-8915.984
"7239",-9113.211
"7240",-8903.765
"7241",-8918.932
"7242",-8801.274
"7243",-8966.315
"7244",-8976.672
"7245",-8802.242
"7246",-8871.868
"7247",-9019.473
"7248",-8804.859
"7249",-8947.511
"7250",-8898.201
"7251",-8916.423
"7252",-8877.96
"7253",-9141.44
"7254",-8841.763
"7255",-9061.785
"7256",-8959.399
"7257",-9221.281
"7258",-9052.373
"7259",-8905.294
"7260",-8952.905
"7261",-8951.916
"7262",-8755.463
"7263",-8857.825
"7264",-8686.712
"7265",-8718.613
"7266",-8797.899
"7267",-8823.465
"7268",-8967.536
"7269",-9017.42
"7270",-8724.302
"7271",-9017.788
"7272",-9036.622
"7273",-8725.033
"7274",-8970.579
"7275",-8679.216
"7276",-9051.16
"7277",-8898.708
"7278",-9013.483
"7279",-8867.929
"7280",-9221.175
"7281",-8857.758
"7282",-8937.967
"7283",-8770.506
"7284",-8913.607
"7285",-8833.767
"7286",-9097.982
"7287",-8807.171
"7288",-8995.218
"7289",-9144.749
"7290",-9056.044
"7291",-8756.8
"7292",-8911.824
"7293",-8829.959
"7294",-8915.461
"7295",-9011.072
"7296",-8562.639
"7297",-9015.718
"7298",-8891.215
"7299",-8913.832
"7300",-9039.864
"7301",-9013.94
"7302",-8980.689
"7303",-8893.539
"7304",-8947.568
"7305",-9213.887
"7306",-9050.447
"7307",-8795.565
"7308",-9142.572
"7309",-8999.018
"7310",-9010.852
"7311",-8830.152
"7312",-8648.941
"7313",-9112.552
"7314",-9131.211
"7315",-8843.943
"7316",-9032.917
"7317",-8671.345
"7318",-9090.7
"7319",-8859.256
"7320",-8771.735
"7321",-8998.659
"7322",-8981.011
"7323",-9044.856
"7324",-9174.41
"7325",-8906.619
"7326",-8864.809
"7327",-8893.094
"7328",-8739.546
"7329",-8905.983
"7330",-8951.875
"7331",-8727.199
"7332",-9056.836
"7333",-8943.148
"7334",-9077.768
"7335",-8729.874
"7336",-8822.945
"7337",-8903.788
"7338",-8811.593
"7339",-9122.039
"7340",-8943.835
"7341",-8966.801
"7342",-9051.542
"7343",-8733.791
"7344",-9049.586
"7345",-8973.716
"7346",-8825.903
"7347",-9130.871
"7348",-9101.414
"7349",-8876.566
"7350",-9060.203
"7351",-8839.763
"7352",-8998.767
"7353",-8899.066
"7354",-8894.286
"7355",-9048.583
"7356",-8677.487
"7357",-8854.673
"7358",-8995.495
"7359",-8868.578
"7360",-8792.008
"7361",-8894.674
"7362",-8941.038
"7363",-8869.024
"7364",-8881.267
"7365",-8680.921
"7366",-8728.341
"7367",-8973.696
"7368",-8957.717
"7369",-9073.302
"7370",-9072.945
"7371",-8924.873
"7372",-9044.367
"7373",-8805.409
"7374",-9145.508
"7375",-8980.838
"7376",-9078.886
"7377",-8878.6
"7378",-8974.921
"7379",-8850.058
"7380",-9027.582
"7381",-8850.83
"7382",-8925.076
"7383",-8823.66
"7384",-8746.795
"7385",-8836.119
"7386",-9093.839
"7387",-8760.279
"7388",-9034.798
"7389",-8782.045
"7390",-8733.592
"7391",-8861.336
"7392",-8732.687
"7393",-8885.504
"7394",-8901.565
"7395",-9143.928
"7396",-8840.099
"7397",-9045.666
"7398",-8845.844
"7399",-9000.415
"7400",-8849.282
"7401",-9087.203
"7402",-8980.662
"7403",-8938.391
"7404",-8923.632
"7405",-9094.716
"7406",-8980.692
"7407",-8777.715
"7408",-8756.973
"7409",-8950.517
"7410",-9016.15
"7411",-9000.244
"7412",-8740.366
"7413",-9065.678
"7414",-8942.501
"7415",-8879.007
"7416",-8980.304
"7417",-8540.522
"7418",-9019.134
"7419",-8758.675
"7420",-8988.05
"7421",-8948.063
"7422",-8928.617
"7423",-8798.457
"7424",-9018.168
"7425",-9089.819
"7426",-9072.397
"7427",-8910.728
"7428",-8632.751
"7429",-8839.449
"7430",-9002.549
"7431",-8781.527
"7432",-9042.107
"7433",-8898.978
"7434",-8967.262
"7435",-8986.152
"7436",-8997.941
"7437",-8856.064
"7438",-8924.618
"7439",-8561.253
"7440",-9054.613
"7441",-8951.901
"7442",-9142.468
"7443",-8883.045
"7444",-8897.5
"7445",-8492.463
"7446",-8993.566
"7447",-8894.052
"7448",-8786.188
"7449",-9075.888
"7450",-8801.388
"7451",-9041.966
"7452",-8949.755
"7453",-8788.191
"7454",-9196.335
"7455",-8938.679
"7456",-8944.862
"7457",-8882.491
"7458",-8819.244
"7459",-8849.379
"7460",-8604.315
"7461",-8958.342
"7462",-8976.064
"7463",-8804.215
"7464",-9078.648
"7465",-9118.579
"7466",-8770.141
"7467",-9030.779
"7468",-9126.69
"7469",-9251.568
"7470",-8894.467
"7471",-9017.601
"7472",-8770.46
"7473",-8815.463
"7474",-8668.185
"7475",-8968.385
"7476",-8901.865
"7477",-8870.104
"7478",-8708.878
"7479",-8836.042
"7480",-8970.341
"7481",-9263.017
"7482",-9049.591
"7483",-8883.322
"7484",-9068.094
"7485",-9062.57
"7486",-8927.079
"7487",-8902.917
"7488",-8973.207
"7489",-8869.129
"7490",-8810.824
"7491",-8989.342
"7492",-8818.786
"7493",-8950.353
"7494",-8805.798
"7495",-8990.669
"7496",-8829.69
"7497",-8764.909
"7498",-8884.7
"7499",-8770.504
"7500",-8871.638
"7501",-8913.082
"7502",-8916.009
"7503",-8752.145
"7504",-9165.108
"7505",-8808.625
"7506",-8473.333
"7507",-8866.567
"7508",-8884.779
"7509",-8832.62
"7510",-8968.657
"7511",-8811.082
"7512",-8858.37
"7513",-8776.337
"7514",-9120.146
"7515",-8923.505
"7516",-8711.046
"7517",-8967.286
"7518",-9019.003
"7519",-9166.498
"7520",-9124.84
"7521",-9123.111
"7522",-8681.248
"7523",-8787.902
"7524",-8939.768
"7525",-8769.974
"7526",-8950.885
"7527",-9078.259
"7528",-8860.298
"7529",-8846.185
"7530",-9078.763
"7531",-9034.259
"7532",-8754.259
"7533",-9043.259
"7534",-8842.458
"7535",-9140.409
"7536",-9063.237
"7537",-8886.114
"7538",-8883.483
"7539",-9035.573
"7540",-8943.543
"7541",-8813.988
"7542",-8984.268
"7543",-9281.016
"7544",-9038.799
"7545",-8743.494
"7546",-8946.203
"7547",-8980.996
"7548",-8727.569
"7549",-9284.269
"7550",-8650.576
"7551",-8883.226
"7552",-8928.68
"7553",-9162.9
"7554",-8974.969
"7555",-8959.977
"7556",-8966.419
"7557",-9136.653
"7558",-8987.698
"7559",-9205.192
"7560",-9022.413
"7561",-8800.433
"7562",-8854.752
"7563",-8813.121
"7564",-9036.601
"7565",-8707.212
"7566",-9069.04
"7567",-8735.73
"7568",-8735.008
"7569",-8840.307
"7570",-9034.791
"7571",-8971.068
"7572",-8989.905
"7573",-8810.372
"7574",-9172.46
"7575",-8955.651
"7576",-8802.22
"7577",-8762.052
"7578",-8910.477
"7579",-8907.709
"7580",-9112.687
"7581",-8941.648
"7582",-8924.635
"7583",-8879.135
"7584",-8911.382
"7585",-8927.502
"7586",-8968.889
"7587",-8908.342
"7588",-9026.647
"7589",-8771.039
"7590",-8845.513
"7591",-8799.424
"7592",-9080.546
"7593",-8737.857
"7594",-8932.431
"7595",-8905.46
"7596",-8702.507
"7597",-8989.624
"7598",-8802.589
"7599",-9027.852
"7600",-9133.694
"7601",-8874.161
"7602",-8964.678
"7603",-8623.924
"7604",-8796.353
"7605",-8715.709
"7606",-8751.351
"7607",-8767.368
"7608",-8947.928
"7609",-8917.338
"7610",-8941.918
"7611",-9034.618
"7612",-9373.627
"7613",-8893.569
"7614",-9135.762
"7615",-9126.865
"7616",-8744.284
"7617",-8808.667
"7618",-9065.115
"7619",-9142.195
"7620",-9115.764
"7621",-9110.874
"7622",-8967.913
"7623",-8996.647
"7624",-9204.691
"7625",-8813.024
"7626",-8977.772
"7627",-8630.529
"7628",-9139.661
"7629",-9120.538
"7630",-9089.88
"7631",-9211.09
"7632",-8966.769
"7633",-8912.557
"7634",-8968.65
"7635",-9030.552
"7636",-8970.038
"7637",-8765.826
"7638",-8947.414
"7639",-8925.758
"7640",-8909.788
"7641",-8845.906
"7642",-8770.89
"7643",-8774.124
"7644",-9055.763
"7645",-8827.055
"7646",-8940.331
"7647",-9135.53
"7648",-8774.092
"7649",-8579.465
"7650",-9111.89
"7651",-8997.738
"7652",-9061.42
"7653",-9068.024
"7654",-8806.703
"7655",-8497.414
"7656",-9139.877
"7657",-8748.053
"7658",-9143.953
"7659",-8832.545
"7660",-8762.705
"7661",-8949.755
"7662",-9040.718
"7663",-8992.879
"7664",-8967.721
"7665",-8838.047
"7666",-8745.242
"7667",-8588.194
"7668",-8794.151
"7669",-8639.388
"7670",-8875.189
"7671",-8787.899
"7672",-8866.1
"7673",-8806.754
"7674",-8917.593
"7675",-8830.314
"7676",-8790.549
"7677",-9144.756
"7678",-8851.099
"7679",-8948.274
"7680",-8730.546
"7681",-8729.914
"7682",-8692.516
"7683",-8933.545
"7684",-9087.192
"7685",-8963.88
"7686",-8886.636
"7687",-9056.564
"7688",-9006.524
"7689",-8860.737
"7690",-8945.613
"7691",-8860.429
"7692",-8891.654
"7693",-8850.877
"7694",-8920.693
"7695",-9004.314
"7696",-9111.418
"7697",-8929.911
"7698",-9134.067
"7699",-8930.596
"7700",-8896.779
"7701",-9135.336
"7702",-8920.608
"7703",-8780.906
"7704",-8916.724
"7705",-8890.525
"7706",-8963.552
"7707",-8809.759
"7708",-8798.154
"7709",-8902.363
"7710",-8879.021
"7711",-8687.293
"7712",-9134.383
"7713",-8914.328
"7714",-8752.257
"7715",-8805.453
"7716",-8890.23
"7717",-8790.314
"7718",-8934.043
"7719",-9039.667
"7720",-8818.974
"7721",-9258.804
"7722",-8935.147
"7723",-8839.912
"7724",-8873.039
"7725",-8934.958
"7726",-9071.378
"7727",-9054.77
"7728",-8962.286
"7729",-8768.018
"7730",-8805.029
"7731",-8829.233
"7732",-9031.977
"7733",-8921.5
"7734",-9001.359
"7735",-8947.936
"7736",-8866.096
"7737",-9249.821
"7738",-9071.317
"7739",-8887.451
"7740",-8665.61
"7741",-8702.334
"7742",-8781.712
"7743",-9011.042
"7744",-8899.14
"7745",-8993.732
"7746",-8722.141
"7747",-9048.049
"7748",-8701.609
"7749",-8759.729
"7750",-8947.49
"7751",-9099.554
"7752",-9021.904
"7753",-9013.064
"7754",-8688.707
"7755",-8840.402
"7756",-8762.254
"7757",-8833.618
"7758",-8776.135
"7759",-9020.876
"7760",-8902.204
"7761",-8605.553
"7762",-8976.23
"7763",-8897.339
"7764",-8672.604
"7765",-9233.336
"7766",-8656.259
"7767",-9098.991
"7768",-9228.029
"7769",-9007.421
"7770",-9040.392
"7771",-9019.147
"7772",-9073.442
"7773",-8942.118
"7774",-8768.232
"7775",-8938.722
"7776",-8824.06
"7777",-8877.072
"7778",-8870.351
"7779",-9037.351
"7780",-8955.586
"7781",-9146.876
"7782",-8776.003
"7783",-8863.912
"7784",-8912.624
"7785",-8967.763
"7786",-9240.792
"7787",-9043.999
"7788",-8741.605
"7789",-8797.352
"7790",-8808.746
"7791",-8958.582
"7792",-9029.956
"7793",-8988.369
"7794",-8848.725
"7795",-8605.102
"7796",-8774.845
"7797",-8977.915
"7798",-9036.731
"7799",-8908.495
"7800",-8942.59
"7801",-8820.221
"7802",-8625.434
"7803",-9102.471
"7804",-8553.696
"7805",-8797.147
"7806",-8850.667
"7807",-8893.784
"7808",-8710.484
"7809",-9193.983
"7810",-8983.62
"7811",-8940.785
"7812",-8935.974
"7813",-8770.775
"7814",-9009.867
"7815",-8956.234
"7816",-9135.154
"7817",-8835.866
"7818",-8838.021
"7819",-8990.476
"7820",-8953.429
"7821",-8991.055
"7822",-8884.355
"7823",-8968.427
"7824",-9004.075
"7825",-9018.376
"7826",-8935.731
"7827",-8812.316
"7828",-9117.385
"7829",-8894.854
"7830",-8857.39
"7831",-9223.536
"7832",-9010.343
"7833",-8901.995
"7834",-8850.881
"7835",-9000.401
"7836",-8895.612
"7837",-9156.643
"7838",-9101.519
"7839",-9077.581
"7840",-8633.401
"7841",-9183.789
"7842",-9147.553
"7843",-8907.532
"7844",-8833.241
"7845",-9011.346
"7846",-8633.96
"7847",-8818.302
"7848",-9081.701
"7849",-8692.62
"7850",-8655.564
"7851",-8989.109
"7852",-9115.322
"7853",-8716.075
"7854",-8727.997
"7855",-8798.31
"7856",-8840.019
"7857",-8843.205
"7858",-8976.821
"7859",-8821.142
"7860",-9038.053
"7861",-8898.125
"7862",-9054.913
"7863",-8941.558
"7864",-8840.373
"7865",-9126.05
"7866",-8835.026
"7867",-8726.896
"7868",-8881.265
"7869",-8673.607
"7870",-8788.095
"7871",-8930.598
"7872",-9057.929
"7873",-9183.442
"7874",-8851.81
"7875",-8789.537
"7876",-9052.506
"7877",-8938.419
"7878",-8758.52
"7879",-9015.445
"7880",-9088.892
"7881",-8909.525
"7882",-9160.761
"7883",-8856.983
"7884",-8775.64
"7885",-9031.758
"7886",-9033.567
"7887",-8904.789
"7888",-8474.552
"7889",-8773.903
"7890",-8954.392
"7891",-8779.717
"7892",-8444.048
"7893",-8876.435
"7894",-8904.334
"7895",-8866.549
"7896",-8917.767
"7897",-8842.43
"7898",-8592.961
"7899",-8988.493
"7900",-9033.667
"7901",-8800.407
"7902",-8979.952
"7903",-8909.809
"7904",-8956.497
"7905",-8702.009
"7906",-8928.575
"7907",-8911.715
"7908",-8881.889
"7909",-8894.234
"7910",-9123.252
"7911",-8997.499
"7912",-8946.492
"7913",-8972.354
"7914",-8821.826
"7915",-9007.377
"7916",-8848.382
"7917",-9016.772
"7918",-8672.147
"7919",-8927.016
"7920",-8968.225
"7921",-8649.641
"7922",-9033.232
"7923",-9039.118
"7924",-8868.061
"7925",-8762.748
"7926",-8813.68
"7927",-8659.393
"7928",-8860.31
"7929",-8814.679
"7930",-9096.906
"7931",-8883.77
"7932",-8939.032
"7933",-9001.853
"7934",-8884.945
"7935",-8691.254
"7936",-8736.726
"7937",-8848.881
"7938",-8796.93
"7939",-9153.896
"7940",-8751.641
"7941",-8779.637
"7942",-9141.42
"7943",-9085.935
"7944",-8901.825
"7945",-8784.743
"7946",-8812.383
"7947",-8643.52
"7948",-8981.797
"7949",-8936.458
"7950",-9143.741
"7951",-8880.533
"7952",-8691.586
"7953",-9072.63
"7954",-8468.485
"7955",-8861.328
"7956",-8918.338
"7957",-8934.498
"7958",-9097.879
"7959",-8932.678
"7960",-8850.726
"7961",-9082.007
"7962",-8948.026
"7963",-8944.3
"7964",-8643.228
"7965",-8735.987
"7966",-8809.997
"7967",-9055.355
"7968",-8926.688
"7969",-8794.751
"7970",-8873.921
"7971",-8943.462
"7972",-8951.358
"7973",-8871.847
"7974",-8856.307
"7975",-9038.438
"7976",-8691.212
"7977",-8762.52
"7978",-8993.872
"7979",-8846.755
"7980",-8781.893
"7981",-9050.693
"7982",-9067.959
"7983",-8873.298
"7984",-8910.261
"7985",-8757.37
"7986",-8870.848
"7987",-9025.523
"7988",-8839.602
"7989",-9030.893
"7990",-8880.964
"7991",-8644.057
"7992",-8735.189
"7993",-9074.31
"7994",-8798.334
"7995",-9240.612
"7996",-8817.684
"7997",-8823.168
"7998",-8949.766
"7999",-8777.374
"8000",-8867.952
"8001",-8693.752
"8002",-9254.987
"8003",-8752.502
"8004",-8817.611
"8005",-9083.078
"8006",-8585.666
"8007",-8924.418
"8008",-8822.224
"8009",-9250.595
"8010",-9038.515
"8011",-8822.433
"8012",-9007.793
"8013",-9027.393
"8014",-8794.228
"8015",-9106.431
"8016",-8901.731
"8017",-8872.122
"8018",-8751.58
"8019",-8737.867
"8020",-8974.341
"8021",-9151.553
"8022",-8936.522
"8023",-8807.038
"8024",-8951.948
"8025",-8895.841
"8026",-8853.943
"8027",-8980.79
"8028",-8794.82
"8029",-8848.457
"8030",-8777.969
"8031",-8882.85
"8032",-9126.497
"8033",-8932.686
"8034",-8716.49
"8035",-8883.899
"8036",-8692.66
"8037",-8667.577
"8038",-9017.053
"8039",-9049.406
"8040",-8961.557
"8041",-8753.928
"8042",-8829.344
"8043",-9006.664
"8044",-9018.84
"8045",-8912.94
"8046",-9161.254
"8047",-8964.102
"8048",-8935.723
"8049",-8815.234
"8050",-9017.169
"8051",-9024.016
"8052",-8996.255
"8053",-8733.106
"8054",-8717.916
"8055",-9008.17
"8056",-8818.713
"8057",-9022.322
"8058",-8805.576
"8059",-8794.655
"8060",-8863.681
"8061",-8985.639
"8062",-8729.773
"8063",-8936.922
"8064",-9066.918
"8065",-8713.637
"8066",-8902.604
"8067",-9081.721
"8068",-8969.628
"8069",-8936.486
"8070",-8917.664
"8071",-8934.883
"8072",-9002.908
"8073",-8755.657
"8074",-9165.104
"8075",-8881.39
"8076",-8828.952
"8077",-8794.906
"8078",-8972.503
"8079",-9034.495
"8080",-8899.914
"8081",-8596.495
"8082",-8951.758
"8083",-8793.748
"8084",-8723.056
"8085",-9013.53
"8086",-8974.328
"8087",-8922.873
"8088",-9083.626
"8089",-8952.629
"8090",-8816.198
"8091",-8795.233
"8092",-8820.033
"8093",-8751.602
"8094",-8978.878
"8095",-9145.543
"8096",-8955.342
"8097",-8731.681
"8098",-9078.592
"8099",-8883.759
"8100",-8877.337
"8101",-8914.915
"8102",-8887.084
"8103",-8917.085
"8104",-9009.502
"8105",-8611.882
"8106",-8976.839
"8107",-9030.511
"8108",-9053.094
"8109",-8859.37
"8110",-8886.768
"8111",-8788.674
"8112",-8951.117
"8113",-9168.863
"8114",-9073.224
"8115",-9151.365
"8116",-9010.926
"8117",-8815.355
"8118",-9182.161
"8119",-8772.263
"8120",-9027.95
"8121",-8897.262
"8122",-8890.013
"8123",-8982.927
"8124",-8749.991
"8125",-8902.503
"8126",-8701.146
"8127",-8677.473
"8128",-8819.064
"8129",-9026.079
"8130",-8791.071
"8131",-8930.359
"8132",-8690.012
"8133",-8876.57
"8134",-9000.72
"8135",-8850.461
"8136",-8974.032
"8137",-8943.968
"8138",-9191.821
"8139",-9020.781
"8140",-8866.617
"8141",-8664.821
"8142",-8997.167
"8143",-8909.364
"8144",-9153.511
"8145",-8947.1
"8146",-9188.984
"8147",-8750.321
"8148",-9047.919
"8149",-8857.495
"8150",-8905.363
"8151",-8943.717
"8152",-8707.838
"8153",-8916.535
"8154",-9310.434
"8155",-8770.558
"8156",-8908.615
"8157",-8877.89
"8158",-8922.871
"8159",-8638.597
"8160",-8913.889
"8161",-9015.328
"8162",-8881.22
"8163",-8993.785
"8164",-8857.653
"8165",-9107.039
"8166",-9024.552
"8167",-9186.716
"8168",-9077.175
"8169",-8888.729
"8170",-8755.933
"8171",-8924.627
"8172",-8788.097
"8173",-9126.609
"8174",-8904.127
"8175",-9175.719
"8176",-8542.477
"8177",-8997.632
"8178",-8744.672
"8179",-8971.648
"8180",-8852.739
"8181",-8704.552
"8182",-9017.369
"8183",-8873.039
"8184",-8797.969
"8185",-8770.398
"8186",-8871.95
"8187",-8850.077
"8188",-9160.357
"8189",-8857.819
"8190",-9083.793
"8191",-8852.605
"8192",-8491.346
"8193",-8696.05
"8194",-8641.949
"8195",-8922.321
"8196",-8782.204
"8197",-8848.422
"8198",-8983.282
"8199",-8745.338
"8200",-8851.54
"8201",-9039.38
"8202",-9149.841
"8203",-8937.899
"8204",-8918.176
"8205",-8806.304
"8206",-8964.462
"8207",-8866.818
"8208",-8883.224
"8209",-9069.732
"8210",-8943.592
"8211",-8775.238
"8212",-8888.928
"8213",-8837.057
"8214",-8931.358
"8215",-8747.753
"8216",-8868.955
"8217",-8931.996
"8218",-8858.412
"8219",-9022.056
"8220",-9060.695
"8221",-9165.539
"8222",-9029.711
"8223",-8875.764
"8224",-8972.501
"8225",-8967.477
"8226",-8576.838
"8227",-9023.512
"8228",-8896.691
"8229",-8829.08
"8230",-8775.392
"8231",-8713.101
"8232",-8617.209
"8233",-8957.685
"8234",-8900.393
"8235",-8875.999
"8236",-8871.747
"8237",-8623.912
"8238",-8739.756
"8239",-8932.576
"8240",-8808.591
"8241",-8740.681
"8242",-9038.287
"8243",-9026.383
"8244",-8697.305
"8245",-9043.058
"8246",-8986.817
"8247",-9030.901
"8248",-9000.77
"8249",-8958.949
"8250",-9122.574
"8251",-8909.062
"8252",-8927.426
"8253",-8783.834
"8254",-8713.588
"8255",-8870.54
"8256",-8513.448
"8257",-9036.13
"8258",-8807.896
"8259",-8755.391
"8260",-8937.778
"8261",-8837.835
"8262",-8938.985
"8263",-8991.49
"8264",-8924.61
"8265",-9068.688
"8266",-9015.135
"8267",-8785.675
"8268",-8694.531
"8269",-8804.16
"8270",-9148.888
"8271",-8880.354
"8272",-8823.997
"8273",-9025.758
"8274",-8833.215
"8275",-8996.248
"8276",-8816.397
"8277",-8773.342
"8278",-9022.565
"8279",-8808.197
"8280",-8820.389
"8281",-8845.202
"8282",-8806.979
"8283",-9123.431
"8284",-8946.997
"8285",-9002.662
"8286",-8932.143
"8287",-8817.634
"8288",-8937.33
"8289",-8832.53
"8290",-8987.109
"8291",-8938.647
"8292",-9036.906
"8293",-8820.118
"8294",-8936.387
"8295",-8845.047
"8296",-8620.406
"8297",-8838.146
"8298",-8880.552
"8299",-8836.78
"8300",-8939.562
"8301",-9056.358
"8302",-8656.125
"8303",-8989.659
"8304",-9121.561
"8305",-8755.073
"8306",-9087.147
"8307",-8997.273
"8308",-8995.059
"8309",-8928.966
"8310",-9186.991
"8311",-8913.437
"8312",-8854.125
"8313",-8786.473
"8314",-9138.042
"8315",-8804.009
"8316",-8804.812
"8317",-8970.249
"8318",-8946.2
"8319",-8992.942
"8320",-8917.974
"8321",-8619.385
"8322",-9051.801
"8323",-9067.908
"8324",-8645.072
"8325",-8832.079
"8326",-8839.205
"8327",-9085.812
"8328",-8997.129
"8329",-8918.058
"8330",-8982.665
"8331",-8929.163
"8332",-8860.21
"8333",-8894.801
"8334",-8605.243
"8335",-8927.967
"8336",-9031.502
"8337",-8991.754
"8338",-8860.91
"8339",-9216.399
"8340",-8625.98
"8341",-8883.761
"8342",-9170.682
"8343",-8705.158
"8344",-8584.424
"8345",-9070.045
"8346",-9104.44
"8347",-8858.458
"8348",-8854.931
"8349",-8932.777
"8350",-8997.278
"8351",-8962.749
"8352",-9071.528
"8353",-8903.669
"8354",-9116.101
"8355",-8780.712
"8356",-8867.595
"8357",-8794.12
"8358",-8846.918
"8359",-8744.534
"8360",-8826.803
"8361",-9024.931
"8362",-8896.546
"8363",-9023.888
"8364",-8872.728
"8365",-8904.968
"8366",-8890.805
"8367",-8965.534
"8368",-8914.936
"8369",-9083.885
"8370",-8903.427
"8371",-9069.073
"8372",-9022.347
"8373",-9064.973
"8374",-8781.519
"8375",-8898.226
"8376",-8885.627
"8377",-8905.748
"8378",-9054.071
"8379",-8706.966
"8380",-8982.7
"8381",-8763.594
"8382",-9098.379
"8383",-8915.348
"8384",-8970.346
"8385",-8743.749
"8386",-9096.813
"8387",-8763.033
"8388",-8766.671
"8389",-8771.949
"8390",-8894.25
"8391",-8980.136
"8392",-8922.345
"8393",-8975.446
"8394",-8762.557
"8395",-8920.508
"8396",-9090.599
"8397",-8854.143
"8398",-9251.197
"8399",-8887.983
"8400",-9028.666
"8401",-8815.451
"8402",-9104.854
"8403",-9002.353
"8404",-9200.272
"8405",-8747.337
"8406",-8801.43
"8407",-8906.749
"8408",-8635.27
"8409",-8868.67
"8410",-8897.062
"8411",-8951.615
"8412",-8894.19
"8413",-9057.657
"8414",-8958.41
"8415",-8901.313
"8416",-9058.412
"8417",-9156.939
"8418",-8964.74
"8419",-9063.589
"8420",-8752.226
"8421",-8986.943
"8422",-8680.386
"8423",-9098.965
"8424",-8783.412
"8425",-8916.976
"8426",-8831.164
"8427",-8962.487
"8428",-8933.69
"8429",-9064.889
"8430",-8749.945
"8431",-8802.272
"8432",-8741.585
"8433",-9077.556
"8434",-8867.336
"8435",-9065.734
"8436",-8920.205
"8437",-8894.303
"8438",-9062.992
"8439",-8883.321
"8440",-9383.375
"8441",-8769.844
"8442",-9109.422
"8443",-9038.707
"8444",-9046.099
"8445",-8856.206
"8446",-8947.707
"8447",-8751.709
"8448",-9016.706
"8449",-8852.7
"8450",-9026.561
"8451",-8694.118
"8452",-8926.088
"8453",-8902.386
"8454",-8833.172
"8455",-8666.625
"8456",-8716.104
"8457",-8797.309
"8458",-8949.183
"8459",-8867.09
"8460",-8801.784
"8461",-8810.361
"8462",-8864.22
"8463",-8842.274
"8464",-9037.589
"8465",-9018.94
"8466",-8700.204
"8467",-8971.303
"8468",-9020.774
"8469",-9062.676
"8470",-8863.327
"8471",-9013.078
"8472",-8995.804
"8473",-9039.714
"8474",-8805.585
"8475",-9000.21
"8476",-9096.621
"8477",-8886.149
"8478",-8837.45
"8479",-8718.788
"8480",-8936.481
"8481",-8917.884
"8482",-8789.254
"8483",-9019.937
"8484",-8817.739
"8485",-8727.576
"8486",-8768.063
"8487",-8943.209
"8488",-8914.735
"8489",-9003.795
"8490",-8903.419
"8491",-8973.429
"8492",-8785.6
"8493",-8878.43
"8494",-8621.528
"8495",-8892.344
"8496",-8933.8
"8497",-8880.926
"8498",-9051.329
"8499",-8999.78
"8500",-8974.751
"8501",-8561.934
"8502",-8924.52
"8503",-9094.18
"8504",-8879.494
"8505",-8772.107
"8506",-8838.912
"8507",-8637.061
"8508",-8887.256
"8509",-8870.598
"8510",-8922.436
"8511",-8982.66
"8512",-8829.787
"8513",-8806.77
"8514",-8635.355
"8515",-8822.975
"8516",-9034.578
"8517",-8874.184
"8518",-8900.008
"8519",-9020.369
"8520",-9036.997
"8521",-8777.385
"8522",-8842.684
"8523",-8893.314
"8524",-9147.044
"8525",-9117.746
"8526",-8834.458
"8527",-9060.901
"8528",-8976.126
"8529",-8670.416
"8530",-8743.119
"8531",-9023.849
"8532",-8937.674
"8533",-8782.398
"8534",-8913.035
"8535",-9047.419
"8536",-8900.249
"8537",-8721.931
"8538",-8823.112
"8539",-8986.396
"8540",-8782.287
"8541",-9049.129
"8542",-9030.749
"8543",-8891.029
"8544",-8977.269
"8545",-8894.262
"8546",-8787.97
"8547",-9085.579
"8548",-8613.718
"8549",-9060.656
"8550",-8930.257
"8551",-8691.05
"8552",-8844.665
"8553",-8851.294
"8554",-9036.489
"8555",-8935.968
"8556",-8938.948
"8557",-8819.951
"8558",-9027.848
"8559",-8925.516
"8560",-9118.811
"8561",-8938.777
"8562",-8754.695
"8563",-9091.386
"8564",-8843.183
"8565",-9231.766
"8566",-8771.728
"8567",-8933.37
"8568",-8970.312
"8569",-8987.167
"8570",-8863.538
"8571",-8750.738
"8572",-8634.944
"8573",-9163.744
"8574",-8624.157
"8575",-9015.265
"8576",-8994.297
"8577",-8897.589
"8578",-8791.688
"8579",-8885.493
"8580",-9149.106
"8581",-8932.867
"8582",-9033.872
"8583",-9111.455
"8584",-8810.87
"8585",-8926.577
"8586",-8712.754
"8587",-9091.771
"8588",-9074.358
"8589",-9016.25
"8590",-8879.371
"8591",-9100.582
"8592",-8665.33
"8593",-9036.569
"8594",-8735.666
"8595",-8859.333
"8596",-9131.494
"8597",-9038.31
"8598",-8639.07
"8599",-8829.603
"8600",-9052.744
"8601",-9271.795
"8602",-9067.711
"8603",-9051.573
"8604",-8795.639
"8605",-9006.396
"8606",-8969.697
"8607",-8871.288
"8608",-8977.219
"8609",-8843.017
"8610",-8926.37
"8611",-8977.35
"8612",-8725.462
"8613",-8877.108
"8614",-8828.269
"8615",-9004.72
"8616",-9119.043
"8617",-9138.436
"8618",-8968.947
"8619",-8829.222
"8620",-8995.22
"8621",-9002.027
"8622",-9210.156
"8623",-8993.852
"8624",-9078.02
"8625",-8939.778
"8626",-8798.789
"8627",-9111.48
"8628",-8830.893
"8629",-8859.578
"8630",-8699.103
"8631",-8907.684
"8632",-8891.716
"8633",-8883.969
"8634",-8810.154
"8635",-8888.252
"8636",-8865.392
"8637",-8960.762
"8638",-8846.407
"8639",-9123.299
"8640",-9295.962
"8641",-8983.76
"8642",-8723.684
"8643",-9038.649
"8644",-9035.017
"8645",-9011.512
"8646",-8940.108
"8647",-9041.854
"8648",-9006.525
"8649",-8937.302
"8650",-8795.638
"8651",-9013.452
"8652",-8839.542
"8653",-8840.947
"8654",-8777.393
"8655",-8987.516
"8656",-8913.114
"8657",-9045.351
"8658",-8948.078
"8659",-9098.464
"8660",-8884.132
"8661",-8764.981
"8662",-9013.946
"8663",-8800.263
"8664",-8963.746
"8665",-9093.846
"8666",-8808.96
"8667",-8915.022
"8668",-9029.913
"8669",-8855.811
"8670",-8719.133
"8671",-9140.624
"8672",-8722.264
"8673",-9022.224
"8674",-8733.032
"8675",-8955.665
"8676",-8998.294
"8677",-8811.598
"8678",-9210.694
"8679",-8922.043
"8680",-8989.223
"8681",-8742.704
"8682",-9068.123
"8683",-8894.625
"8684",-8923.707
"8685",-8693.053
"8686",-8840.469
"8687",-9029.534
"8688",-8834.024
"8689",-9009.984
"8690",-8607.595
"8691",-8748.965
"8692",-8733.208
"8693",-9127.26
"8694",-8751.424
"8695",-8896.54
"8696",-8881.564
"8697",-8989.772
"8698",-8832.084
"8699",-8942.661
"8700",-9285.158
"8701",-9067.585
"8702",-9110.098
"8703",-9156.37
"8704",-8970.244
"8705",-9067.364
"8706",-9049.278
"8707",-9016.062
"8708",-8874.61
"8709",-9022.722
"8710",-8887.02
"8711",-8779.58
"8712",-8972.707
"8713",-9201.172
"8714",-8964.142
"8715",-8727.969
"8716",-8829.445
"8717",-8596.968
"8718",-9025.182
"8719",-9018.973
"8720",-9151.252
"8721",-9073.395
"8722",-8705.741
"8723",-8822.061
"8724",-9025.51
"8725",-8981.588
"8726",-8759.623
"8727",-9046.94
"8728",-9043.658
"8729",-9087.003
"8730",-9039.829
"8731",-8849.207
"8732",-8840.619
"8733",-8934.282
"8734",-9086.838
"8735",-8868.675
"8736",-8707.349
"8737",-8901.275
"8738",-8872.255
"8739",-8941.146
"8740",-9104.562
"8741",-8822.101
"8742",-8682.533
"8743",-9032.544
"8744",-8734.061
"8745",-8955.266
"8746",-8753.221
"8747",-8796.474
"8748",-8761.372
"8749",-8898.216
"8750",-8886.538
"8751",-8755.747
"8752",-8820.827
"8753",-8720.379
"8754",-8858.948
"8755",-8982.129
"8756",-9113.201
"8757",-9069.554
"8758",-9067.315
"8759",-9096.017
"8760",-9106.462
"8761",-8733.247
"8762",-8945.767
"8763",-9018.056
"8764",-8469.998
"8765",-8905.323
"8766",-9024.875
"8767",-8848.607
"8768",-8921.473
"8769",-8930.876
"8770",-8943.952
"8771",-9170.099
"8772",-8945.895
"8773",-8989.691
"8774",-8968.684
"8775",-8765.166
"8776",-8862.608
"8777",-8957.184
"8778",-8929.395
"8779",-8816.876
"8780",-8870.943
"8781",-8976.768
"8782",-9006.554
"8783",-9052.903
"8784",-8794.12
"8785",-8700.111
"8786",-8849.763
"8787",-8987.524
"8788",-8866.679
"8789",-9067.768
"8790",-8806.191
"8791",-8855.676
"8792",-9076.283
"8793",-9043.883
"8794",-9056.142
"8795",-8726.624
"8796",-9000.124
"8797",-9049.547
"8798",-8954.745
"8799",-8796.01
"8800",-9254.887
"8801",-8849.842
"8802",-9002.284
"8803",-8906.676
"8804",-8982.233
"8805",-9208.732
"8806",-8926.539
"8807",-8811.727
"8808",-8911.607
"8809",-9053.278
"8810",-8822.397
"8811",-8901.649
"8812",-9073.938
"8813",-8959.186
"8814",-9206.3
"8815",-9253.853
"8816",-8681.482
"8817",-8942.416
"8818",-9043.497
"8819",-8641.096
"8820",-8993.449
"8821",-9143.027
"8822",-9101.74
"8823",-8829.731
"8824",-8931.48
"8825",-8912.585
"8826",-8821.279
"8827",-9063.801
"8828",-8934.52
"8829",-9162.976
"8830",-8912.21
"8831",-8947.234
"8832",-8831.581
"8833",-8962.76
"8834",-9150.589
"8835",-9113.215
"8836",-8658.757
"8837",-8997.372
"8838",-8938.961
"8839",-8764.572
"8840",-9092.046
"8841",-8915.59
"8842",-8855.323
"8843",-9155.999
"8844",-8782.425
"8845",-8890.373
"8846",-8814.612
"8847",-8620.716
"8848",-8845.289
"8849",-8974.374
"8850",-9113.544
"8851",-8743.62
"8852",-9126.875
"8853",-8951.666
"8854",-8965.769
"8855",-9165.457
"8856",-9134.727
"8857",-8679.618
"8858",-8935.8
"8859",-8952.455
"8860",-8791.178
"8861",-9006.848
"8862",-8941.918
"8863",-8850.475
"8864",-8883.483
"8865",-9034.007
"8866",-8941.136
"8867",-8958.161
"8868",-8801.211
"8869",-8825.399
"8870",-9000.281
"8871",-8950.529
"8872",-8953.307
"8873",-8873.716
"8874",-8955.888
"8875",-8827.417
"8876",-8969.67
"8877",-8859.046
"8878",-8878.078
"8879",-8580.717
"8880",-8952.742
"8881",-8952.764
"8882",-9056.032
"8883",-8957.703
"8884",-9037.974
"8885",-9007.193
"8886",-8834.531
"8887",-9114.252
"8888",-8899.091
"8889",-8931.28
"8890",-8928.615
"8891",-9017.079
"8892",-8702.616
"8893",-9059.945
"8894",-8951.043
"8895",-8888.207
"8896",-8993.64
"8897",-8792.777
"8898",-8832.673
"8899",-9165.595
"8900",-8811.862
"8901",-8974.168
"8902",-8915.431
"8903",-8999.542
"8904",-8770.69
"8905",-8938.315
"8906",-8727.607
"8907",-8926.911
"8908",-8953.193
"8909",-8907.178
"8910",-8880.221
"8911",-8768.838
"8912",-8846.462
"8913",-9011.754
"8914",-9132.814
"8915",-9019.304
"8916",-8768.281
"8917",-9076.435
"8918",-8706.701
"8919",-9083.865
"8920",-8840.118
"8921",-8614.726
"8922",-8894.799
"8923",-8807.608
"8924",-9036.663
"8925",-8663.547
"8926",-8823.349
"8927",-8999.43
"8928",-8801.454
"8929",-8687.611
"8930",-8929.55
"8931",-8876.876
"8932",-8853.499
"8933",-8662.788
"8934",-8899.205
"8935",-9069.854
"8936",-8951.677
"8937",-9172.802
"8938",-9037.312
"8939",-8811.447
"8940",-8976.881
"8941",-9132.717
"8942",-8920.253
"8943",-8847.391
"8944",-8935.9
"8945",-9078.619
"8946",-8944.165
"8947",-8652.104
"8948",-9067.118
"8949",-8843.838
"8950",-8770.489
"8951",-8942.994
"8952",-8902.699
"8953",-8962.627
"8954",-8970.315
"8955",-9111.948
"8956",-9124.376
"8957",-8910.359
"8958",-8936.383
"8959",-8722.522
"8960",-8868.098
"8961",-8670.437
"8962",-8775.079
"8963",-8532.815
"8964",-9052.742
"8965",-8736.178
"8966",-8959.178
"8967",-8932.554
"8968",-8941.155
"8969",-8924.844
"8970",-8994.043
"8971",-9176.045
"8972",-8610.466
"8973",-8833.66
"8974",-9030.633
"8975",-9082.919
"8976",-8940.724
"8977",-8884.4
"8978",-8824.496
"8979",-8761.19
"8980",-8977.682
"8981",-8770.975
"8982",-8901.979
"8983",-8806.306
"8984",-8857.588
"8985",-8853.367
"8986",-9004.149
"8987",-8824.947
"8988",-9029.147
"8989",-9018.227
"8990",-8607.324
"8991",-8803.524
"8992",-8914.547
"8993",-8913.087
"8994",-8878.176
"8995",-8783.877
"8996",-8833.908
"8997",-8980.143
"8998",-9164.088
"8999",-8974.772
"9000",-8867.787
"9001",-8857.047
"9002",-8770.146
"9003",-8901.674
"9004",-8887.509
"9005",-9080.544
"9006",-8957.65
"9007",-8826.577
"9008",-8767.763
"9009",-8957.486
"9010",-9023.702
"9011",-9170.558
"9012",-8776.819
"9013",-8810.005
"9014",-8772.282
"9015",-8937.356
"9016",-8782.242
"9017",-8870.451
"9018",-8973.748
"9019",-8947.143
"9020",-9036.529
"9021",-9047.075
"9022",-9045.367
"9023",-8724.263
"9024",-8945.929
"9025",-9012.267
"9026",-9045.67
"9027",-8949.224
"9028",-8816.679
"9029",-8965.186
"9030",-8790.234
"9031",-9122.897
"9032",-8730.83
"9033",-8878.169
"9034",-8741.208
"9035",-8797.047
"9036",-8876.915
"9037",-9001.254
"9038",-8854.326
"9039",-9181.458
"9040",-9006.97
"9041",-9022.327
"9042",-9181.656
"9043",-8773.293
"9044",-8716.874
"9045",-9032.925
"9046",-8727.685
"9047",-8916.978
"9048",-8847.209
"9049",-8760.388
"9050",-8817.17
"9051",-8814.994
"9052",-9032.248
"9053",-8770.417
"9054",-8808.466
"9055",-8595.638
"9056",-8919.643
"9057",-9139.219
"9058",-8688.111
"9059",-8927.492
"9060",-8877.802
"9061",-8801.807
"9062",-8903.853
"9063",-8970.776
"9064",-8815.494
"9065",-9012.916
"9066",-9028.625
"9067",-9101.013
"9068",-8655.487
"9069",-8790.796
"9070",-9043.153
"9071",-8686.915
"9072",-8813.29
"9073",-8749.922
"9074",-8812.637
"9075",-8995.646
"9076",-8705.618
"9077",-9107.967
"9078",-9096.654
"9079",-8965.508
"9080",-9001.144
"9081",-9003.067
"9082",-8928.198
"9083",-8792.361
"9084",-8916.564
"9085",-8944.975
"9086",-9140.243
"9087",-8897.334
"9088",-8992.137
"9089",-8970.008
"9090",-8919.617
"9091",-9071.038
"9092",-8806.582
"9093",-8922.827
"9094",-8918.552
"9095",-8780.519
"9096",-9072.978
"9097",-8967.985
"9098",-8900.122
"9099",-8995.046
"9100",-8799.136
"9101",-8860.819
"9102",-9189.86
"9103",-9047.104
"9104",-8925.713
"9105",-8925.082
"9106",-9141.098
"9107",-8879.08
"9108",-8895.351
"9109",-8987.717
"9110",-9071.212
"9111",-8910.524
"9112",-8794.938
"9113",-8825.466
"9114",-8986.762
"9115",-8968.206
"9116",-9120.521
"9117",-8973.188
"9118",-8997.238
"9119",-8955.95
"9120",-8976.569
"9121",-9055.423
"9122",-9119.801
"9123",-8648.791
"9124",-9104.453
"9125",-8908.9
"9126",-8848.069
"9127",-8817.715
"9128",-8809.892
"9129",-8999.416
"9130",-8497.392
"9131",-8973.097
"9132",-8859.745
"9133",-9088.882
"9134",-9055.769
"9135",-8799.994
"9136",-8878.408
"9137",-8927.432
"9138",-9165.022
"9139",-8633.551
"9140",-8826.571
"9141",-8989.359
"9142",-8772.431
"9143",-8734.781
"9144",-8852.309
"9145",-8895.02
"9146",-8880.379
"9147",-8895.767
"9148",-8856.202
"9149",-8609.001
"9150",-8929.986
"9151",-8803.026
"9152",-8940.481
"9153",-8945.484
"9154",-8777.215
"9155",-8672.097
"9156",-8803.977
"9157",-8836.329
"9158",-8771.792
"9159",-8958.428
"9160",-8775.691
"9161",-8967.379
"9162",-8938.302
"9163",-8998.813
"9164",-8868.463
"9165",-8952.37
"9166",-8775.826
"9167",-9101.22
"9168",-9071.286
"9169",-9139.402
"9170",-8833.505
"9171",-8859.531
"9172",-8876.579
"9173",-8972.16
"9174",-8943.87
"9175",-8607.922
"9176",-8984.128
"9177",-9041.116
"9178",-9014.721
"9179",-8839.176
"9180",-9234.646
"9181",-8873.163
"9182",-9102.228
"9183",-8711.213
"9184",-8899.294
"9185",-8796.188
"9186",-8892.338
"9187",-9083.044
"9188",-8746.031
"9189",-8846.66
"9190",-8990.371
"9191",-9058.451
"9192",-8781.261
"9193",-9018.714
"9194",-8921.612
"9195",-8985.955
"9196",-8839.911
"9197",-8696.66
"9198",-9206.388
"9199",-8989.075
"9200",-8925.983
"9201",-8849.043
"9202",-8893.161
"9203",-8822.543
"9204",-8822.13
"9205",-8826.419
"9206",-8772.559
"9207",-9103.484
"9208",-8836.262
"9209",-9070.452
"9210",-8585.863
"9211",-8662.868
"9212",-9059.701
"9213",-9015.991
"9214",-9048.096
"9215",-9034.352
"9216",-8906.867
"9217",-9006.197
"9218",-8968.438
"9219",-9215.425
"9220",-8882.143
"9221",-8969.364
"9222",-9005.957
"9223",-9087.478
"9224",-8920.527
"9225",-8873.036
"9226",-8941.626
"9227",-8949.573
"9228",-9003.289
"9229",-8776.658
"9230",-8947.942
"9231",-8884.187
"9232",-8999.431
"9233",-8728.216
"9234",-8796.164
"9235",-8789.896
"9236",-8974.909
"9237",-8959.069
"9238",-9179.297
"9239",-9079.419
"9240",-8890.065
"9241",-8992.056
"9242",-8723.661
"9243",-8986.646
"9244",-8841.974
"9245",-8824.688
"9246",-9002.778
"9247",-9001.184
"9248",-8735.401
"9249",-9012.031
"9250",-8884.547
"9251",-8920.831
"9252",-9076.956
"9253",-8891.054
"9254",-9004.003
"9255",-8830.963
"9256",-9021.006
"9257",-8831.349
"9258",-9053.449
"9259",-9194.199
"9260",-8879.031
"9261",-8689.126
"9262",-8999.43
"9263",-8769.608
"9264",-8960.455
"9265",-8889.812
"9266",-9059.423
"9267",-8805.116
"9268",-8897.344
"9269",-9025.061
"9270",-8809.06
"9271",-8861.694
"9272",-8950.967
"9273",-9054.112
"9274",-8973.996
"9275",-8723.272
"9276",-9060.499
"9277",-9280.949
"9278",-9050.262
"9279",-9147.955
"9280",-9087.364
"9281",-8689.522
"9282",-9100.827
"9283",-8867.562
"9284",-8857.107
"9285",-8878.195
"9286",-8869.069
"9287",-9007.533
"9288",-9053.115
"9289",-9029.113
"9290",-8876.675
"9291",-8632.23
"9292",-8916.634
"9293",-8814.407
"9294",-8841.748
"9295",-9150.434
"9296",-8787.615
"9297",-9106.771
"9298",-8873.77
"9299",-8689.116
"9300",-8990.58
"9301",-8880.685
"9302",-8974.405
"9303",-8877.625
"9304",-9033.689
"9305",-8826.644
"9306",-8995.982
"9307",-8782.346
"9308",-8902.767
"9309",-9013.282
"9310",-8888.035
"9311",-8884.49
"9312",-8996.932
"9313",-8827.317
"9314",-8858.916
"9315",-8819.564
"9316",-8789.954
"9317",-8856.197
"9318",-9070.391
"9319",-8754.485
"9320",-8954.428
"9321",-9134.85
"9322",-8810.64
"9323",-8775.055
"9324",-8621.523
"9325",-9023.45
"9326",-8966.202
"9327",-8691.654
"9328",-8786.206
"9329",-8806.844
"9330",-8804.662
"9331",-9228.647
"9332",-8959.251
"9333",-9002.74
"9334",-8872.573
"9335",-8803.25
"9336",-9149.313
"9337",-8998.033
"9338",-8818.164
"9339",-8987.642
"9340",-8802.638
"9341",-9072.271
"9342",-9019.475
"9343",-9113.395
"9344",-9092.409
"9345",-9080.601
"9346",-9002.801
"9347",-8813.879
"9348",-8719.27
"9349",-9131.774
"9350",-8793.287
"9351",-8790.595
"9352",-8977.887
"9353",-8999.688
"9354",-8855.505
"9355",-8958.268
"9356",-8749.822
"9357",-9194.225
"9358",-8953.596
"9359",-9114.36
"9360",-8783.247
"9361",-8908.904
"9362",-8875.086
"9363",-8946.43
"9364",-8819.249
"9365",-8805.973
"9366",-8819.826
"9367",-8811.727
"9368",-8790.866
"9369",-8783.459
"9370",-8907.696
"9371",-8930.125
"9372",-8874.625
"9373",-8798.811
"9374",-9177.292
"9375",-9000.643
"9376",-8982.464
"9377",-8819.837
"9378",-8809.885
"9379",-9074.81
"9380",-9083.349
"9381",-9114.468
"9382",-8992.305
"9383",-8788.771
"9384",-8802.018
"9385",-8857.918
"9386",-9026.617
"9387",-9187.995
"9388",-8851.122
"9389",-8979.969
"9390",-8830.863
"9391",-8774.424
"9392",-9097.995
"9393",-8978.809
"9394",-8813.311
"9395",-8877.32
"9396",-8686.655
"9397",-8960.911
"9398",-8872.55
"9399",-8851.82
"9400",-8684.306
"9401",-9009.246
"9402",-8898.866
"9403",-8798.549
"9404",-8984.38
"9405",-8888.912
"9406",-8552.417
"9407",-8872.189
"9408",-8901.907
"9409",-9046.933
"9410",-8976.959
"9411",-8775.093
"9412",-8991.271
"9413",-8778.671
"9414",-8929.865
"9415",-8820.431
"9416",-8847.969
"9417",-8877.419
"9418",-8869.264
"9419",-9008.963
"9420",-8896.66
"9421",-8809.686
"9422",-8976.51
"9423",-8910.841
"9424",-8931.541
"9425",-8571.457
"9426",-8701.215
"9427",-8644.446
"9428",-9215.439
"9429",-9045.356
"9430",-9040.243
"9431",-8939.792
"9432",-8847.914
"9433",-8740.428
"9434",-9140.695
"9435",-9110.997
"9436",-8973.69
"9437",-8868.773
"9438",-8897.576
"9439",-8834.289
"9440",-8866.031
"9441",-9111.241
"9442",-8963.538
"9443",-8989.958
"9444",-8625.371
"9445",-8888.3
"9446",-8856.64
"9447",-8887.4
"9448",-8913.781
"9449",-8972.072
"9450",-9081.749
"9451",-8724.414
"9452",-8978.255
"9453",-8848.711
"9454",-8707.23
"9455",-8898.962
"9456",-9097.839
"9457",-8891.874
"9458",-9012.502
"9459",-9025.567
"9460",-8747.802
"9461",-8855.031
"9462",-8793.396
"9463",-8649.922
"9464",-8835.714
"9465",-8923.579
"9466",-8892.008
"9467",-9010.391
"9468",-8993.907
"9469",-8994.726
"9470",-8640.435
"9471",-8595.13
"9472",-9011.972
"9473",-8997.171
"9474",-8776.356
"9475",-8873.995
"9476",-9048.465
"9477",-8813.09
"9478",-8943.91
"9479",-8964.706
"9480",-8676.229
"9481",-8811.309
"9482",-8793.835
"9483",-8987.293
"9484",-9307.819
"9485",-9015.38
"9486",-8936.685
"9487",-8742.268
"9488",-8806.033
"9489",-9092.053
"9490",-9065.36
"9491",-8765.996
"9492",-9026.197
"9493",-8720.044
"9494",-8949.316
"9495",-8877.259
"9496",-8907.425
"9497",-8822.114
"9498",-9055.231
"9499",-9008.082
"9500",-8599.152
"9501",-8851.394
"9502",-8812.753
"9503",-8995.727
"9504",-8909.994
"9505",-9081.985
"9506",-8892.055
"9507",-8892.749
"9508",-8855.193
"9509",-9132.866
"9510",-9131.219
"9511",-9161.584
"9512",-8879.539
"9513",-8934.227
"9514",-8820.796
"9515",-8800.67
"9516",-9089.332
"9517",-8732.286
"9518",-8899.378
"9519",-8705.542
"9520",-8794.752
"9521",-8987.975
"9522",-8684.986
"9523",-8798.753
"9524",-8705.59
"9525",-8910.356
"9526",-8974.738
"9527",-8676.854
"9528",-8922.741
"9529",-8921.963
"9530",-8954.474
"9531",-8908.764
"9532",-8773.431
"9533",-8898.935
"9534",-8946.777
"9535",-8768.185
"9536",-8859.198
"9537",-9352.693
"9538",-9090.687
"9539",-8827.404
"9540",-9107.388
"9541",-9043.399
"9542",-9169.104
"9543",-8623.105
"9544",-8621.408
"9545",-8997.462
"9546",-9128.194
"9547",-8755.643
"9548",-8900.326
"9549",-9149.464
"9550",-9019.281
"9551",-8940.6
"9552",-8915.947
"9553",-8892.748
"9554",-8761.569
"9555",-8947.051
"9556",-8824.878
"9557",-8672.721
"9558",-9018.139
"9559",-9052.155
"9560",-8798.959
"9561",-8945.362
"9562",-8669.344
"9563",-8799.657
"9564",-8768.057
"9565",-9186.1
"9566",-9089.931
"9567",-8827.523
"9568",-8746.656
"9569",-8808.869
"9570",-8782.497
"9571",-8717.169
"9572",-8707.794
"9573",-8893.921
"9574",-8801.054
"9575",-8743.324
"9576",-9085.032
"9577",-8832.243
"9578",-9014.662
"9579",-8804.578
"9580",-9079.912
"9581",-8846.924
"9582",-8923.513
"9583",-8674.975
"9584",-8785.228
"9585",-8928.935
"9586",-8966.511
"9587",-9219.718
"9588",-8846.487
"9589",-8669.27
"9590",-9124.408
"9591",-8758.135
"9592",-8649.002
"9593",-9068.072
"9594",-8713.083
"9595",-8924.98
"9596",-8900.342
"9597",-9070.106
"9598",-8856.223
"9599",-8856.178
"9600",-8881.546
"9601",-9071.444
"9602",-8828
"9603",-8956.904
"9604",-9145.256
"9605",-8985.422
"9606",-8816.697
"9607",-9035.331
"9608",-8665.903
"9609",-8801.666
"9610",-8866.737
"9611",-8557.757
"9612",-9140.715
"9613",-9007.606
"9614",-8742.123
"9615",-9139.237
"9616",-8958.983
"9617",-8961
"9618",-9081.87
"9619",-9099.202
"9620",-9002.378
"9621",-9243.188
"9622",-8942.2
"9623",-9007.175
"9624",-8917.487
"9625",-8787.625
"9626",-8777.296
"9627",-8958.558
"9628",-8577.904
"9629",-8966.395
"9630",-8929.525
"9631",-9058.064
"9632",-8577.493
"9633",-9041.072
"9634",-9006.754
"9635",-9161.584
"9636",-9012.37
"9637",-9035.3
"9638",-8954.865
"9639",-8965.317
"9640",-8958.179
"9641",-8842.615
"9642",-8838.237
"9643",-9017.585
"9644",-8801.302
"9645",-8935.698
"9646",-8956.822
"9647",-8974.448
"9648",-8873.216
"9649",-8678.671
"9650",-9132.93
"9651",-9019.05
"9652",-8816.801
"9653",-8842.268
"9654",-8592.796
"9655",-8902.497
"9656",-8700.691
"9657",-8789.925
"9658",-8994.486
"9659",-8977.924
"9660",-8863.078
"9661",-8890.719
"9662",-8877.216
"9663",-9106.406
"9664",-8744.625
"9665",-8883.394
"9666",-8877.89
"9667",-9026.28
"9668",-8830.052
"9669",-8850.29
"9670",-8834.523
"9671",-8725.508
"9672",-8623.044
"9673",-8791.277
"9674",-8946.392
"9675",-9284.413
"9676",-9031.413
"9677",-8841.398
"9678",-9128.899
"9679",-8951.342
"9680",-8955.892
"9681",-8898.215
"9682",-9003.506
"9683",-8983.201
"9684",-8994.335
"9685",-9059.599
"9686",-8893.459
"9687",-8881.147
"9688",-8824.169
"9689",-8907.87
"9690",-9088.988
"9691",-8864.068
"9692",-8877.082
"9693",-8730.261
"9694",-8861.559
"9695",-9032.198
"9696",-8950.144
"9697",-9148.59
"9698",-8659.943
"9699",-8985.608
"9700",-8918.077
"9701",-8894.254
"9702",-8836.249
"9703",-8957.516
"9704",-8754.809
"9705",-8842.342
"9706",-8811.83
"9707",-9244.391
"9708",-8975.302
"9709",-8983.892
"9710",-8697.844
"9711",-9060.061
"9712",-8956.31
"9713",-8910.828
"9714",-8975.25
"9715",-9073.435
"9716",-9105.787
"9717",-8825.872
"9718",-8898.45
"9719",-8911.154
"9720",-8782.537
"9721",-8544.999
"9722",-8683.088
"9723",-8656.929
"9724",-8836.261
"9725",-8956.549
"9726",-8706.922
"9727",-8945.99
"9728",-9189.504
"9729",-8965.916
"9730",-8710.947
"9731",-8784.166
"9732",-8786.549
"9733",-9049.786
"9734",-8849.244
"9735",-9037.1
"9736",-8568.916
"9737",-8939.763
"9738",-8963.467
"9739",-8701.188
"9740",-8829.221
"9741",-8871.923
"9742",-8995.221
"9743",-8606.954
"9744",-8905.951
"9745",-8973.049
"9746",-8986.084
"9747",-9021.373
"9748",-8798.043
"9749",-9106.005
"9750",-8857.185
"9751",-8924.928
"9752",-8814.249
"9753",-8775.966
"9754",-8892.364
"9755",-8949.339
"9756",-8962.888
"9757",-8898.072
"9758",-8878.665
"9759",-8839.929
"9760",-8980.161
"9761",-8788.822
"9762",-9101.762
"9763",-9037.452
"9764",-8890.147
"9765",-8931.088
"9766",-8890.769
"9767",-9032.924
"9768",-8830.209
"9769",-8877.654
"9770",-8724.796
"9771",-8997.604
"9772",-8755.08
"9773",-8991.814
"9774",-8924.218
"9775",-8984.344
"9776",-9111.421
"9777",-8648.55
"9778",-8796.224
"9779",-8873.173
"9780",-8927.504
"9781",-8823.054
"9782",-8768.03
"9783",-8743.3
"9784",-8868.3
"9785",-9247.596
"9786",-8988.56
"9787",-9158.269
"9788",-9201.882
"9789",-9101.332
"9790",-8753.886
"9791",-8776.419
"9792",-8672.165
"9793",-9068.399
"9794",-9159.018
"9795",-8759.983
"9796",-8953.664
"9797",-9015.549
"9798",-8597.949
"9799",-8898.085
"9800",-9153.254
"9801",-8916.286
"9802",-9067.469
"9803",-8656.7
"9804",-8774.572
"9805",-9160.111
"9806",-9044.605
"9807",-8959.134
"9808",-9126.377
"9809",-8793.751
"9810",-8770.137
"9811",-8651.305
"9812",-9253.8
"9813",-8828.373
"9814",-8846
"9815",-8703.697
"9816",-9044.795
"9817",-8700.227
"9818",-8859.046
"9819",-9067.866
"9820",-8875.367
"9821",-9180.039
"9822",-9115.376
"9823",-9152.756
"9824",-9080.172
"9825",-8976.696
"9826",-8744.861
"9827",-8804.614
"9828",-9099.387
"9829",-8701.932
"9830",-8746.361
"9831",-8836.072
"9832",-8761.795
"9833",-8951.517
"9834",-8920.551
"9835",-8757.698
"9836",-8961.311
"9837",-8955.948
"9838",-8754.652
"9839",-9113.669
"9840",-8788.063
"9841",-8986.461
"9842",-9076.632
"9843",-8759.692
"9844",-9058.244
"9845",-9034.77
"9846",-8953.233
"9847",-8812.651
"9848",-8935.754
"9849",-8903.176
"9850",-8904.966
"9851",-9282.258
"9852",-9063.549
"9853",-8795.243
"9854",-8927.919
"9855",-9086.885
"9856",-8637.579
"9857",-8739.345
"9858",-8816.398
"9859",-8818.362
"9860",-9074.636
"9861",-8786.85
"9862",-8871.308
"9863",-8883.298
"9864",-8748.72
"9865",-8814.548
"9866",-8960.298
"9867",-8622.071
"9868",-8981.168
"9869",-8930.726
"9870",-9019.035
"9871",-8803.197
"9872",-8906.909
"9873",-8853.79
"9874",-9103.022
"9875",-8774.155
"9876",-8851.973
"9877",-9068.899
"9878",-8843.791
"9879",-8959.934
"9880",-8936.546
"9881",-9024.427
"9882",-8997.709
"9883",-8714.14
"9884",-8830.837
"9885",-8881.536
"9886",-8790.223
"9887",-9004.372
"9888",-9125.194
"9889",-8814.254
"9890",-8834.015
"9891",-8761.669
"9892",-9006.524
"9893",-8938.968
"9894",-8945.838
"9895",-8678.846
"9896",-8745.593
"9897",-9079.8
"9898",-8995.509
"9899",-8882.397
"9900",-9037.399
"9901",-8637.601
"9902",-8925.42
"9903",-8876.857
"9904",-8863.067
"9905",-8755.099
"9906",-9043.992
"9907",-8994.031
"9908",-9152.028
"9909",-8699.546
"9910",-8887.794
"9911",-9146.48
"9912",-8803.504
"9913",-8995.993
"9914",-9125.315
"9915",-8721.171
"9916",-8760.016
"9917",-8984.641
"9918",-9205.038
"9919",-8967.797
"9920",-8837.571
"9921",-8861.863
"9922",-9078.221
"9923",-9022.464
"9924",-8958.443
"9925",-8751.088
"9926",-9066.542
"9927",-8904.608
"9928",-8757.469
"9929",-9011.989
"9930",-8871.806
"9931",-9181.732
"9932",-9036.002
"9933",-8945.788
"9934",-8914.385
"9935",-9109.707
"9936",-8722.516
"9937",-8874.914
"9938",-8922.809
"9939",-8759.208
"9940",-8888.881
"9941",-8948.091
"9942",-8722.161
"9943",-9098.215
"9944",-9080.995
"9945",-8799.78
"9946",-8710.169
"9947",-8663.621
"9948",-8990.657
"9949",-8817.596
"9950",-8957.722
"9951",-8805.779
"9952",-9233.693
"9953",-8972.061
"9954",-8941.401
"9955",-8820.24
"9956",-9059.536
"9957",-8912.126
"9958",-9007.489
"9959",-8645.2
"9960",-9032.42
"9961",-9049.018
"9962",-9056.938
"9963",-9119.197
"9964",-9179.085
"9965",-9063.061
"9966",-8980.595
"9967",-8838.704
"9968",-8945.467
"9969",-8713.918
"9970",-8786.482
"9971",-8789.214
"9972",-9108.3
"9973",-9027.867
"9974",-9075.473
"9975",-8904.582
"9976",-8826.314
"9977",-8863.232
"9978",-8860.231
"9979",-8920.338
"9980",-8916.895
"9981",-9034.752
"9982",-8882.402
"9983",-9167.822
"9984",-8952.943
"9985",-9015.284
"9986",-9024.349
"9987",-8960.384
"9988",-8854.987
"9989",-8722.845
"9990",-9064.763
"9991",-9006.275
"9992",-8955.08
"9993",-8732.361
"9994",-8760.682
"9995",-8701.43
"9996",-8861.514
"9997",-9103.271
"9998",-8919.227
"9999",-8654.679
"10000",-8785.577
