1	8	500	492	0.5143	0.270	0.275	0.333	0.275	0.302	0.252	0.269	0.284	0.261	0.345	0.321	0.323	0.253	0.350	2.080	0.625	0.251	0.210	-8811.551
2	8	500	488	0.5000	0.310	0.318	0.224	0.300	0.197	0.294	0.256	0.297	0.294	0.288	0.311	0.295	0.328	0.238	2.005	0.346	0.165	0.190	-8621.445
3	8	500	494	0.5119	0.308	0.315	0.302	0.287	0.328	0.345	0.233	0.303	0.273	0.265	0.267	0.347	0.314	0.366	2.005	0.659	0.341	0.200	-8909.514
4	8	500	489	0.5349	0.276	0.256	0.309	0.278	0.365	0.306	0.309	0.279	0.275	0.274	0.315	0.340	0.325	0.279	2.105	0.543	0.303	0.174	-8852.782
5	8	500	488	0.5188	0.316	0.342	0.273	0.304	0.318	0.294	0.259	0.221	0.277	0.315	0.326	0.278	0.255	0.292	2.012	0.448	0.237	0.175	-8782.591
6	8	500	493	0.5049	0.392	0.305	0.322	0.357	0.271	0.240	0.289	0.273	0.264	0.307	0.228	0.327	0.277	0.259	2.089	0.683	0.317	0.195	-8761.833
7	8	500	491	0.5117	0.293	0.281	0.334	0.308	0.264	0.284	0.321	0.225	0.278	0.318	0.268	0.328	0.366	0.341	1.886	0.618	0.314	0.218	-9029.324
8	8	500	494	0.5224	0.302	0.348	0.321	0.265	0.339	0.276	0.309	0.272	0.305	0.306	0.307	0.339	0.252	0.294	2.090	0.632	0.312	0.222	-8960.386
9	8	500	495	0.5152	0.625	0.264	0.349	0.240	0.199	0.312	0.325	0.002	0.333	0.269	0.335	0.320	0.316	0.257	2.052	0.643	0.268	0.203	-8801.989
10	8	500	495	0.5018	0.300	0.278	0.272	0.285	0.320	0.337	0.291	0.306	0.305	0.379	0.252	0.305	0.306	0.357	2.098	0.624	0.298	0.208	-8966.669
11	8	500	490	0.5070	0.277	0.288	0.226	0.295	0.328	0.345	0.209	0.271	0.257	0.323	0.311	0.317	0.388	0.323	2.172	0.540	0.252	0.203	-8809.200
12	8	500	490	0.5259	0.332	0.294	0.255	0.298	0.324	0.305	0.274	0.301	0.319	0.284	0.342	0.357	0.306	0.273	1.916	0.549	0.257	0.209	-8964.797
13	8	500	492	0.5113	0.225	0.276	0.299	0.246	0.274	0.285	0.259	0.272	0.278	0.281	0.352	0.257	0.310	0.273	1.828	0.541	0.212	0.213	-8672.226
14	8	500	487	0.5086	0.301	0.290	0.241	0.305	0.316	0.329	0.268	0.236	0.175	0.248	0.253	0.382	0.318	0.302	2.035	0.546	0.261	0.172	-8566.851
15	8	500	491	0.5012	0.384	0.269	0.296	0.319	0.294	0.321	0.306	0.172	0.293	0.320	0.297	0.294	0.296	0.310	1.931	0.621	0.379	0.221	-9004.861
16	8	500	493	0.5077	0.323	0.401	0.231	0.281	0.293	0.265	0.327	0.316	0.262	0.259	0.332	0.348	0.293	0.308	2.125	0.494	0.256	0.180	-8858.986
17	8	500	498	0.5263	0.247	0.280	0.332	0.293	0.312	0.275	0.318	0.300	0.345	0.326	0.305	0.258	0.347	0.313	2.045	0.667	0.333	0.224	-9098.213
18	8	500	494	0.5239	0.348	0.294	0.286	0.281	0.265	0.332	0.298	0.337	0.311	0.282	0.281	0.301	0.266	0.292	1.851	0.607	0.310	0.210	-8932.844
19	8	500	494	0.5031	0.316	0.335	0.393	0.258	0.268	0.356	0.225	0.304	0.324	0.250	0.339	0.275	0.245	0.327	2.118	0.541	0.276	0.199	-8896.401
20	8	500	491	0.5088	0.279	0.321	0.263	0.259	0.396	0.325	0.254	0.257	0.315	0.281	0.258	0.314	0.311	0.292	1.940	0.674	0.326	0.219	-8852.607
21	8	500	490	0.5280	0.283	0.248	0.296	0.297	0.291	0.268	0.308	0.239	0.267	0.263	0.272	0.298	0.255	0.304	2.022	0.697	0.303	0.199	-8597.912
22	8	500	495	0.5144	0.298	0.314	0.302	0.280	0.309	0.274	0.290	0.255	0.207	0.354	0.300	0.340	0.321	0.350	1.693	0.456	0.183	0.217	-9037.832
23	8	500	494	0.5143	0.278	0.321	0.303	0.265	0.278	0.320	0.304	0.278	0.308	0.296	0.304	0.259	0.272	0.352	2.064	0.566	0.317	0.182	-8837.876
24	8	500	497	0.5089	0.538	0.309	0.313	0.304	0.271	0.294	0.299	0.001	0.317	0.307	0.298	0.253	0.320	0.311	1.970	0.586	0.279	0.193	-8861.471
25	8	500	497	0.5241	0.245	0.337	0.298	0.256	0.304	0.330	0.289	0.407	0.296	0.276	0.273	0.284	0.266	0.259	1.968	0.704	0.296	0.193	-8759.149
26	8	500	492	0.5066	0.294	0.289	0.307	0.309	0.326	0.273	0.251	0.296	0.267	0.271	0.275	0.251	0.324	0.287	1.862	0.561	0.259	0.180	-8710.169
27	8	500	497	0.5038	0.298	0.277	0.311	0.327	0.328	0.293	0.297	0.336	0.288	0.330	0.259	0.293	0.292	0.263	2.068	0.604	0.309	0.210	-8916.244
28	8	500	493	0.5130	0.282	0.242	0.311	0.307	0.268	0.275	0.274	0.255	0.280	0.333	0.284	0.251	0.302	0.272	2.038	0.678	0.273	0.220	-8708.168
29	8	500	494	0.5089	0.363	0.247	0.331	0.267	0.357	0.398	0.278	0.355	0.344	0.248	0.311	0.384	0.374	0.310	2.010	0.600	0.344	0.208	-9210.579
30	8	500	487	0.5090	0.340	0.317	0.301	0.267	0.363	0.266	0.292	0.297	0.303	0.262	0.339	0.249	0.312	0.315	1.992	0.557	0.316	0.184	-8871.555
31	8	500	491	0.5095	0.312	0.283	0.338	0.279	0.329	0.232	0.300	0.282	0.308	0.338	0.290	0.288	0.272	0.325	1.913	0.664	0.336	0.207	-8914.768
32	8	500	491	0.5277	0.241	0.320	0.330	0.275	0.306	0.376	0.312	0.291	0.311	0.290	0.349	0.318	0.247	0.345	2.133	0.491	0.300	0.194	-9110.589
33	8	500	493	0.5094	0.334	0.323	0.295	0.337	0.312	0.311	0.346	0.289	0.244	0.370	0.273	0.310	0.337	0.310	2.012	0.605	0.279	0.189	-9001.592
34	8	500	492	0.5204	0.284	0.252	0.315	0.348	0.299	0.312	0.316	0.321	0.344	0.268	0.305	0.288	0.249	0.328	2.019	0.514	0.268	0.201	-8973.573
35	8	500	497	0.5185	0.302	0.300	0.279	0.274	0.288	0.331	0.322	0.360	0.306	0.266	0.300	0.314	0.287	0.297	2.033	0.643	0.305	0.207	-8899.801
36	8	500	496	0.5300	0.341	0.309	0.330	0.313	0.284	0.338	0.360	0.296	0.221	0.346	0.255	0.356	0.271	0.293	2.152	0.506	0.221	0.217	-9017.890
37	8	500	494	0.5263	0.381	0.351	0.247	0.279	0.350	0.308	0.257	0.364	0.248	0.301	0.305	0.276	0.330	0.328	1.901	0.526	0.275	0.229	-9073.748
38	8	500	493	0.5206	0.261	0.262	0.269	0.386	0.298	0.394	0.300	0.332	0.301	0.298	0.320	0.264	0.332	0.307	2.047	0.514	0.307	0.172	-9016.793
39	8	500	498	0.5029	0.295	0.301	0.361	0.269	0.350	0.272	0.304	0.332	0.310	0.254	0.300	0.333	0.303	0.324	2.090	0.660	0.289	0.217	-8995.508
40	8	500	498	0.5012	0.314	0.233	0.262	0.293	0.314	0.325	0.347	0.276	0.292	0.321	0.300	0.314	0.313	0.281	1.926	0.489	0.212	0.182	-8878.737
41	8	500	490	0.4975	0.323	0.343	0.337	0.318	0.275	0.286	0.295	0.317	0.356	0.367	0.302	0.266	0.304	0.310	2.245	0.474	0.231	0.191	-9035.373
42	8	500	492	0.5074	0.279	0.331	0.244	0.297	0.354	0.259	0.250	0.320	0.271	0.265	0.300	0.278	0.301	0.253	1.943	0.419	0.185	0.199	-8685.886
43	8	500	498	0.5157	0.340	0.282	0.284	0.312	0.278	0.315	0.262	0.263	0.278	0.311	0.290	0.278	0.259	0.295	1.793	0.606	0.223	0.212	-8807.369
44	8	500	494	0.5322	0.315	0.307	0.338	0.322	0.259	0.241	0.265	0.308	0.308	0.270	0.327	0.299	0.344	0.302	1.952	0.620	0.244	0.213	-8899.596
45	8	500	494	0.5061	0.388	0.349	0.311	0.266	0.318	0.291	0.283	0.348	0.322	0.353	0.287	0.314	0.287	0.357	1.929	0.503	0.283	0.188	-9073.374
46	8	500	494	0.5086	0.435	0.346	0.338	0.282	0.239	0.360	0.352	0.266	0.239	0.281	0.363	0.354	0.338	0.330	1.958	0.614	0.385	0.221	-9286.341
47	8	500	494	0.5215	0.287	0.394	0.367	0.295	0.260	0.382	0.291	0.331	0.308	0.299	0.360	0.327	0.305	0.305	2.039	0.569	0.278	0.175	-9115.649
48	8	500	495	0.5090	0.262	0.316	0.216	0.320	0.291	0.272	0.331	0.293	0.371	0.258	0.308	0.275	0.310	0.286	2.000	0.621	0.297	0.209	-8858.738
49	8	500	490	0.5252	0.355	0.249	0.314	0.293	0.343	0.259	0.322	0.337	0.316	0.243	0.343	0.286	0.279	0.270	2.121	0.639	0.361	0.195	-8836.576
50	8	500	492	0.5057	0.269	0.291	0.237	0.375	0.277	0.306	0.274	0.292	0.326	0.345	0.244	0.323	0.257	0.268	1.952	0.581	0.262	0.212	-8807.612
51	8	500	495	0.4971	0.314	0.276	0.280	0.379	0.375	0.317	0.291	0.348	0.272	0.326	0.312	0.252	0.345	0.295	2.138	0.533	0.251	0.204	-9021.125
52	8	500	494	0.5268	0.342	0.297	0.287	0.263	0.260	0.270	0.324	0.270	0.345	0.321	0.276	0.271	0.357	0.252	1.919	0.597	0.249	0.215	-8880.459
53	8	500	496	0.5028	0.320	0.285	0.263	0.278	0.219	0.300	0.310	0.299	0.240	0.316	0.290	0.313	0.314	0.284	2.091	0.446	0.196	0.198	-8725.113
54	8	500	494	0.4994	0.309	0.300	0.288	0.315	0.322	0.339	0.355	0.320	0.293	0.395	0.307	0.283	0.288	0.326	1.944	0.536	0.319	0.164	-9052.034
55	8	500	496	0.5148	0.300	0.323	0.324	0.287	0.331	0.320	0.309	0.299	0.288	0.279	0.368	0.327	0.288	0.268	2.050	0.584	0.326	0.191	-9021.055
56	8	500	496	0.5260	0.224	0.291	0.335	0.315	0.240	0.295	0.263	0.272	0.258	0.257	0.307	0.333	0.308	0.292	1.872	0.486	0.220	0.207	-8822.420
57	8	500	495	0.5241	0.318	0.271	0.391	0.221	0.307	0.338	0.354	0.323	0.330	0.336	0.332	0.310	0.285	0.307	1.882	0.604	0.280	0.198	-9136.744
58	8	500	492	0.5256	0.312	0.342	0.309	0.319	0.250	0.310	0.298	0.342	0.283	0.320	0.262	0.335	0.310	0.306	2.075	0.646	0.354	0.204	-9000.062
59	8	500	491	0.4996	0.348	0.244	0.289	0.368	0.359	0.286	0.308	0.316	0.306	0.284	0.297	0.271	0.302	0.293	1.776	0.662	0.338	0.212	-9022.780
60	8	500	496	0.5121	0.207	0.344	0.280	0.342	0.300	0.316	0.352	0.359	0.355	0.281	0.238	0.286	0.308	0.380	1.969	0.601	0.349	0.194	-9070.020
61	8	500	498	0.5051	0.286	0.243	0.372	0.227	0.319	0.312	0.325	0.286	0.241	0.331	0.315	0.256	0.302	0.290	2.047	0.627	0.326	0.181	-8810.055
62	8	500	496	0.5168	0.316	0.274	0.324	0.274	0.387	0.277	0.290	0.301	0.308	0.307	0.261	0.302	0.322	0.262	1.800	0.453	0.247	0.198	-8943.557
63	8	500	494	0.5186	0.311	0.298	0.241	0.341	0.261	0.274	0.296	0.274	0.335	0.270	0.332	0.292	0.300	0.309	1.887	0.589	0.361	0.183	-8933.432
64	8	500	489	0.5114	0.322	0.267	0.311	0.291	0.275	0.265	0.255	0.349	0.291	0.298	0.311	0.263	0.323	0.271	2.268	0.516	0.244	0.198	-8750.987
65	8	500	492	0.5205	0.314	0.292	0.297	0.286	0.273	0.305	0.231	0.319	0.264	0.327	0.297	0.317	0.324	0.278	2.064	0.530	0.185	0.214	-8814.290
66	8	500	494	0.5079	0.284	0.308	0.354	0.249	0.233	0.230	0.329	0.290	0.388	0.267	0.302	0.310	0.228	0.337	1.956	0.678	0.278	0.204	-8771.285
67	8	500	491	0.5202	0.338	0.298	0.305	0.210	0.302	0.333	0.298	0.333	0.295	0.306	0.279	0.292	0.259	0.301	1.959	0.688	0.312	0.209	-8841.041
68	8	500	492	0.5222	0.325	0.322	0.362	0.314	0.321	0.357	0.249	0.371	0.228	0.244	0.270	0.367	0.326	0.328	1.883	0.484	0.324	0.175	-9094.889
69	8	500	495	0.5118	0.308	0.265	0.253	0.335	0.337	0.372	0.307	0.268	0.257	0.315	0.293	0.315	0.320	0.280	2.092	0.554	0.315	0.210	-9011.186
70	8	500	495	0.5259	0.286	0.365	0.335	0.368	0.238	0.300	0.362	0.265	0.345	0.336	0.286	0.307	0.284	0.288	2.128	0.467	0.348	0.175	-9169.619
71	8	500	495	0.5207	0.293	0.283	0.365	0.278	0.283	0.295	0.298	0.298	0.347	0.304	0.309	0.334	0.284	0.282	1.911	0.633	0.278	0.241	-9039.837
72	8	500	490	0.5028	0.259	0.277	0.297	0.292	0.290	0.290	0.285	0.325	0.271	0.323	0.357	0.281	0.304	0.294	2.031	0.483	0.281	0.174	-8864.537
73	8	500	495	0.5209	0.246	0.363	0.274	0.304	0.321	0.322	0.325	0.239	0.272	0.298	0.319	0.326	0.247	0.378	1.982	0.391	0.199	0.191	-9013.821
74	8	500	495	0.5148	0.298	0.336	0.293	0.358	0.329	0.373	0.308	0.323	0.252	0.266	0.297	0.315	0.369	0.316	2.234	0.577	0.326	0.197	-9073.337
75	8	500	497	0.5195	0.302	0.336	0.323	0.248	0.263	0.272	0.348	0.380	0.302	0.336	0.304	0.340	0.279	0.320	2.033	0.516	0.359	0.203	-9126.504
76	8	500	486	0.5303	0.266	0.275	0.256	0.302	0.332	0.279	0.307	0.290	0.311	0.309	0.306	0.305	0.304	0.225	2.116	0.466	0.244	0.194	-8746.378
77	8	500	494	0.5142	0.358	0.326	0.278	0.295	0.283	0.286	0.292	0.368	0.291	0.303	0.271	0.285	0.298	0.294	1.898	0.611	0.277	0.205	-8916.393
78	8	500	488	0.5116	0.337	0.313	0.297	0.250	0.310	0.319	0.253	0.267	0.216	0.233	0.264	0.280	0.284	0.285	1.935	0.591	0.339	0.196	-8664.177
79	8	500	494	0.5110	0.295	0.323	0.301	0.318	0.282	0.298	0.281	0.330	0.300	0.266	0.346	0.330	0.329	0.309	1.968	0.424	0.244	0.186	-9023.146
80	8	500	498	0.5328	0.326	0.254	0.330	0.308	0.289	0.340	0.334	0.308	0.233	0.331	0.330	0.380	0.319	0.293	2.162	0.458	0.249	0.199	-9153.999
81	8	500	487	0.4867	0.274	0.237	0.292	0.260	0.280	0.248	0.276	0.298	0.263	0.295	0.284	0.311	0.311	0.271	1.885	0.517	0.185	0.187	-8578.351
82	8	500	496	0.5199	0.338	0.229	0.349	0.316	0.333	0.310	0.289	0.325	0.369	0.317	0.355	0.258	0.337	0.273	2.169	0.633	0.273	0.216	-9058.453
83	8	500	486	0.5111	0.283	0.320	0.340	0.292	0.302	0.322	0.292	0.322	0.251	0.317	0.266	0.321	0.320	0.298	1.959	0.607	0.347	0.200	-9018.017
84	8	500	497	0.5210	0.282	0.330	0.314	0.296	0.342	0.307	0.275	0.238	0.278	0.352	0.320	0.259	0.341	0.247	1.979	0.625	0.375	0.209	-9009.161
85	8	500	486	0.5030	0.269	0.266	0.330	0.285	0.290	0.259	0.332	0.301	0.312	0.297	0.250	0.321	0.301	0.278	1.972	0.482	0.293	0.187	-8822.229
86	8	500	498	0.5119	0.303	0.264	0.333	0.321	0.289	0.281	0.286	0.315	0.324	0.358	0.243	0.293	0.315	0.357	2.020	0.502	0.217	0.209	-9015.985
87	8	500	488	0.5123	0.283	0.306	0.329	0.305	0.270	0.322	0.315	0.298	0.311	0.303	0.310	0.304	0.363	0.312	1.998	0.426	0.259	0.202	-9142.073
88	8	500	495	0.4953	0.354	0.286	0.267	0.326	0.366	0.299	0.312	0.382	0.265	0.308	0.287	0.329	0.293	0.310	2.144	0.535	0.215	0.200	-8934.070
89	8	500	499	0.5252	0.334	0.297	0.320	0.320	0.229	0.311	0.365	0.300	0.232	0.248	0.285	0.351	0.275	0.281	2.119	0.469	0.219	0.230	-8947.105
90	8	500	497	0.5268	0.298	0.212	0.285	0.273	0.375	0.337	0.349	0.308	0.292	0.323	0.317	0.301	0.325	0.335	1.933	0.545	0.254	0.184	-9047.454
91	8	500	492	0.5158	0.326	0.317	0.364	0.290	0.265	0.326	0.352	0.342	0.277	0.314	0.331	0.289	0.313	0.281	1.837	0.636	0.319	0.207	-9129.361
92	8	500	494	0.5134	0.298	0.259	0.271	0.340	0.263	0.284	0.373	0.325	0.325	0.304	0.284	0.317	0.273	0.333	1.981	0.457	0.285	0.170	-8955.754
93	8	500	491	0.5142	0.286	0.289	0.302	0.332	0.260	0.326	0.278	0.311	0.391	0.310	0.355	0.229	0.286	0.288	1.888	0.520	0.274	0.168	-8955.442
94	8	500	495	0.5127	0.352	0.327	0.285	0.321	0.312	0.365	0.245	0.361	0.298	0.289	0.322	0.318	0.322	0.317	2.059	0.576	0.279	0.192	-9036.313
95	8	500	495	0.5254	0.279	0.274	0.242	0.307	0.317	0.306	0.260	0.222	0.282	0.268	0.292	0.221	0.257	0.283	1.856	0.441	0.187	0.172	-8498.836
96	8	500	496	0.5164	0.345	0.330	0.270	0.287	0.309	0.287	0.291	0.319	0.349	0.301	0.281	0.343	0.266	0.361	2.115	0.501	0.221	0.218	-9026.989
97	8	500	491	0.5064	0.311	0.274	0.344	0.326	0.279	0.286	0.259	0.340	0.326	0.275	0.288	0.320	0.282	0.284	1.828	0.672	0.222	0.216	-8787.065
98	8	500	498	0.5326	0.277	0.351	0.333	0.329	0.297	0.323	0.224	0.256	0.319	0.336	0.295	0.316	0.331	0.307	2.019	0.547	0.270	0.222	-9050.711
99	8	500	488	0.5017	0.302	0.288	0.251	0.314	0.310	0.328	0.259	0.268	0.248	0.312	0.289	0.292	0.279	0.291	2.036	0.650	0.292	0.207	-8758.915
100	8	500	498	0.5278	0.339	0.311	0.361	0.325	0.276	0.295	0.289	0.312	0.343	0.323	0.339	0.365	0.281	0.323	2.051	0.495	0.203	0.206	-9167.660
101	8	500	495	0.5030	0.331	0.307	0.311	0.248	0.268	0.287	0.290	0.305	0.333	0.289	0.269	0.273	0.302	0.360	1.953	0.581	0.254	0.234	-8925.785
102	8	500	495	0.5201	0.295	0.370	0.276	0.289	0.235	0.286	0.279	0.250	0.286	0.284	0.252	0.297	0.334	0.325	1.940	0.602	0.312	0.204	-8827.166
103	8	500	491	0.5106	0.285	0.334	0.321	0.356	0.245	0.267	0.329	0.295	0.302	0.339	0.288	0.299	0.312	0.294	2.067	0.319	0.186	0.195	-9024.304
104	8	500	493	0.5196	0.332	0.274	0.354	0.266	0.300	0.323	0.303	0.301	0.306	0.280	0.274	0.319	0.313	0.291	1.940	0.542	0.249	0.190	-8902.647
105	8	500	490	0.5138	0.301	0.339	0.299	0.288	0.283	0.285	0.292	0.235	0.283	0.304	0.282	0.326	0.321	0.269	2.034	0.657	0.343	0.200	-8868.195
106	8	500	494	0.5141	0.309	0.241	0.292	0.340	0.345	0.229	0.274	0.284	0.279	0.322	0.287	0.323	0.265	0.303	1.856	0.535	0.263	0.202	-8816.184
107	8	500	491	0.5136	0.287	0.299	0.323	0.356	0.312	0.287	0.281	0.269	0.344	0.308	0.262	0.280	0.289	0.345	1.911	0.625	0.296	0.180	-8896.349
108	8	500	492	0.5115	0.001	0.325	0.305	0.333	0.311	0.278	0.297	0.568	0.307	0.305	0.286	0.291	0.325	0.298	1.976	0.617	0.358	0.196	-8983.614
109	8	500	490	0.5171	0.299	0.287	0.294	0.252	0.292	0.289	0.285	0.285	0.298	0.294	0.272	0.282	0.319	0.309	1.862	0.601	0.264	0.229	-8851.713
110	8	500	493	0.5011	0.307	0.272	0.300	0.368	0.334	0.311	0.297	0.313	0.307	0.343	0.300	0.303	0.292	0.298	1.817	0.415	0.235	0.184	-9087.609
111	8	500	495	0.5168	0.260	0.301	0.290	0.314	0.314	0.299	0.347	0.290	0.259	0.280	0.264	0.347	0.274	0.325	2.003	0.650	0.350	0.216	-8947.104
112	8	500	493	0.5304	0.227	0.307	0.312	0.266	0.391	0.254	0.344	0.310	0.288	0.331	0.311	0.334	0.308	0.332	1.985	0.629	0.289	0.242	-9130.328
113	8	500	491	0.4992	0.260	0.369	0.314	0.283	0.357	0.287	0.279	0.318	0.319	0.281	0.335	0.332	0.309	0.294	1.967	0.581	0.386	0.193	-9049.605
114	8	500	492	0.5106	0.295	0.331	0.250	0.303	0.289	0.287	0.298	0.281	0.331	0.308	0.308	0.270	0.279	0.273	1.934	0.550	0.281	0.188	-8780.024
115	8	500	497	0.5260	0.316	0.306	0.321	0.327	0.278	0.329	0.307	0.259	0.316	0.288	0.286	0.335	0.275	0.368	1.825	0.633	0.367	0.198	-9145.720
116	8	500	496	0.5193	0.324	0.277	0.293	0.305	0.297	0.311	0.308	0.288	0.246	0.259	0.330	0.364	0.286	0.310	1.941	0.574	0.279	0.203	-8929.972
117	8	500	495	0.5205	0.330	0.297	0.252	0.304	0.324	0.284	0.276	0.238	0.265	0.298	0.302	0.276	0.287	0.330	2.023	0.665	0.308	0.193	-8779.272
118	8	500	495	0.5127	0.275	0.327	0.316	0.303	0.373	0.290	0.286	0.213	0.290	0.290	0.362	0.309	0.229	0.319	1.981	0.528	0.245	0.193	-8870.142
119	8	500	494	0.5275	0.160	0.295	0.330	0.256	0.290	0.328	0.303	0.478	0.281	0.266	0.365	0.267	0.345	0.253	1.935	0.744	0.254	0.216	-8905.290
120	8	500	497	0.4961	0.337	0.296	0.297	0.324	0.274	0.295	0.392	0.350	0.302	0.294	0.323	0.221	0.240	0.291	2.045	0.501	0.296	0.205	-8999.782
121	8	500	491	0.5057	0.250	0.275	0.296	0.354	0.299	0.334	0.237	0.305	0.322	0.279	0.300	0.364	0.248	0.303	1.906	0.564	0.314	0.184	-8895.918
122	8	500	492	0.5158	0.321	0.270	0.269	0.302	0.282	0.288	0.298	0.304	0.294	0.259	0.351	0.264	0.281	0.297	1.828	0.555	0.254	0.193	-8790.058
123	8	500	494	0.5052	0.311	0.266	0.261	0.335	0.276	0.326	0.323	0.300	0.345	0.275	0.401	0.304	0.294	0.337	1.907	0.538	0.280	0.213	-9158.560
124	8	500	497	0.5211	0.305	0.270	0.282	0.373	0.273	0.280	0.318	0.268	0.316	0.328	0.258	0.296	0.376	0.284	2.097	0.630	0.285	0.224	-8981.043
125	8	500	496	0.5040	0.265	0.301	0.268	0.308	0.360	0.340	0.316	0.282	0.328	0.285	0.284	0.304	0.288	0.316	1.989	0.576	0.303	0.207	-8977.135
126	8	500	498	0.5123	0.316	0.241	0.295	0.296	0.325	0.319	0.256	0.342	0.302	0.289	0.287	0.319	0.293	0.288	2.083	0.700	0.300	0.212	-8866.794
127	8	500	496	0.5348	0.250	0.317	0.323	0.337	0.394	0.311	0.278	0.338	0.293	0.362	0.316	0.338	0.336	0.329	2.091	0.649	0.351	0.197	-9194.198
128	8	500	495	0.5194	0.298	0.342	0.276	0.321	0.317	0.302	0.316	0.272	0.322	0.291	0.276	0.261	0.237	0.306	1.731	0.461	0.294	0.182	-8926.976
129	8	500	491	0.5123	0.334	0.270	0.345	0.311	0.384	0.275	0.298	0.243	0.287	0.310	0.272	0.386	0.259	0.357	2.095	0.606	0.266	0.177	-8902.354
130	8	500	497	0.4969	0.295	0.260	0.267	0.311	0.371	0.333	0.289	0.274	0.350	0.275	0.328	0.238	0.325	0.245	2.036	0.625	0.239	0.229	-8899.490
131	8	500	492	0.5190	0.286	0.349	0.331	0.265	0.271	0.284	0.289	0.286	0.320	0.300	0.286	0.384	0.334	0.268	2.017	0.609	0.391	0.202	-9000.626
132	8	500	497	0.5203	0.316	0.304	0.342	0.308	0.228	0.319	0.297	0.338	0.336	0.311	0.275	0.270	0.303	0.345	1.956	0.584	0.266	0.229	-9095.988
133	8	500	497	0.5298	0.272	0.261	0.306	0.257	0.288	0.278	0.277	0.251	0.318	0.387	0.340	0.312	0.300	0.286	2.006	0.675	0.315	0.234	-8992.200
134	8	500	496	0.5254	0.561	0.335	0.288	0.296	0.376	0.289	0.386	0.040	0.335	0.358	0.304	0.355	0.297	0.308	2.091	0.551	0.323	0.205	-9231.128
135	8	500	497	0.4960	0.332	0.290	0.317	0.335	0.282	0.292	0.324	0.326	0.292	0.362	0.269	0.314	0.295	0.356	2.087	0.608	0.344	0.214	-9139.740
136	8	500	492	0.5033	0.303	0.286	0.305	0.327	0.295	0.360	0.312	0.359	0.272	0.315	0.294	0.270	0.297	0.355	1.900	0.583	0.257	0.199	-8997.495
137	8	500	493	0.5067	0.294	0.213	0.346	0.278	0.281	0.275	0.248	0.271	0.312	0.343	0.262	0.276	0.238	0.331	1.864	0.611	0.247	0.213	-8722.632
138	8	500	493	0.5000	0.290	0.334	0.284	0.280	0.261	0.322	0.333	0.244	0.308	0.274	0.301	0.316	0.287	0.303	1.851	0.468	0.190	0.219	-8884.378
139	8	500	497	0.5146	0.313	0.296	0.260	0.331	0.319	0.325	0.310	0.344	0.271	0.333	0.281	0.285	0.302	0.295	1.880	0.637	0.314	0.212	-9032.224
140	8	500	491	0.5262	0.279	0.407	0.268	0.255	0.250	0.313	0.293	0.357	0.286	0.325	0.248	0.321	0.289	0.249	1.965	0.621	0.360	0.165	-8750.933
141	8	500	495	0.5029	0.322	0.324	0.301	0.307	0.356	0.411	0.293	0.320	0.278	0.280	0.339	0.277	0.310	0.283	1.871	0.324	0.172	0.184	-9089.725
142	8	500	492	0.5278	0.283	0.273	0.274	0.305	0.301	0.259	0.317	0.365	0.231	0.308	0.289	0.310	0.345	0.289	1.985	0.651	0.334	0.238	-8979.858
143	8	500	494	0.5277	0.274	0.344	0.206	0.269	0.272	0.301	0.327	0.287	0.333	0.288	0.294	0.260	0.293	0.315	1.782	0.526	0.271	0.201	-8852.879
144	8	500	499	0.4977	0.311	0.252	0.319	0.298	0.242	0.359	0.318	0.275	0.235	0.239	0.346	0.319	0.316	0.279	1.933	0.483	0.270	0.205	-8924.612
145	8	500	496	0.5018	0.276	0.322	0.387	0.312	0.341	0.305	0.308	0.275	0.275	0.311	0.351	0.319	0.327	0.322	1.991	0.589	0.305	0.225	-9204.408
146	8	500	496	0.5207	0.320	0.312	0.340	0.332	0.321	0.293	0.317	0.287	0.308	0.302	0.317	0.265	0.307	0.314	1.915	0.646	0.322	0.237	-9149.039
147	8	500	494	0.5055	0.294	0.346	0.346	0.268	0.252	0.267	0.322	0.261	0.251	0.343	0.333	0.312	0.272	0.306	1.977	0.640	0.360	0.201	-8899.636
148	8	500	495	0.5044	0.297	0.313	0.371	0.257	0.285	0.200	0.333	0.336	0.304	0.361	0.313	0.367	0.320	0.287	2.107	0.580	0.316	0.230	-9107.594
149	8	500	494	0.5113	0.365	0.354	0.306	0.279	0.330	0.253	0.238	0.389	0.330	0.327	0.265	0.346	0.234	0.323	1.788	0.602	0.267	0.178	-8834.970
150	8	500	490	0.5232	0.313	0.273	0.280	0.287	0.279	0.287	0.284	0.322	0.328	0.304	0.263	0.283	0.329	0.262	1.862	0.699	0.301	0.197	-8747.830
151	8	500	493	0.5040	0.260	0.272	0.256	0.303	0.324	0.328	0.334	0.259	0.305	0.329	0.268	0.307	0.281	0.294	2.030	0.599	0.337	0.209	-8895.314
152	8	500	494	0.5264	0.339	0.293	0.263	0.311	0.298	0.274	0.317	0.271	0.206	0.289	0.296	0.260	0.254	0.315	1.863	0.585	0.339	0.205	-8812.836
153	8	500	496	0.5237	0.275	0.306	0.265	0.281	0.297	0.362	0.316	0.319	0.306	0.345	0.301	0.257	0.337	0.228	1.965	0.670	0.330	0.194	-8906.543
154	8	500	493	0.5110	0.409	0.287	0.253	0.280	0.262	0.352	0.248	0.342	0.337	0.272	0.299	0.210	0.320	0.334	2.119	0.549	0.248	0.206	-8869.571
155	8	500	493	0.5151	0.260	0.314	0.285	0.330	0.276	0.274	0.349	0.328	0.250	0.261	0.268	0.345	0.302	0.333	1.993	0.465	0.262	0.166	-8859.899
156	8	500	493	0.5041	0.320	0.374	0.283	0.344	0.339	0.282	0.292	0.297	0.264	0.281	0.310	0.321	0.241	0.344	1.902	0.677	0.323	0.189	-8905.039
157	8	500	493	0.5168	0.325	0.302	0.280	0.242	0.239	0.318	0.279	0.269	0.236	0.265	0.329	0.292	0.323	0.306	1.841	0.683	0.230	0.205	-8740.700
158	8	500	497	0.4965	0.358	0.259	0.244	0.347	0.356	0.302	0.333	0.306	0.327	0.318	0.361	0.287	0.332	0.259	1.987	0.433	0.237	0.194	-9067.930
159	8	500	496	0.5156	0.277	0.323	0.371	0.302	0.311	0.328	0.331	0.313	0.353	0.288	0.345	0.387	0.318	0.320	2.024	0.522	0.296	0.191	-9261.835
160	8	500	496	0.5171	0.289	0.334	0.272	0.288	0.329	0.301	0.329	0.294	0.332	0.266	0.316	0.294	0.296	0.270	1.983	0.579	0.250	0.196	-8910.020
161	8	500	490	0.5322	0.256	0.265	0.293	0.328	0.362	0.303	0.289	0.305	0.283	0.333	0.291	0.359	0.297	0.308	1.929	0.562	0.340	0.190	-9017.306
162	8	500	489	0.5266	0.352	0.343	0.301	0.283	0.347	0.281	0.294	0.328	0.343	0.335	0.262	0.329	0.332	0.310	2.019	0.488	0.272	0.189	-9081.791
163	8	500	494	0.5143	0.329	0.320	0.276	0.364	0.317	0.254	0.341	0.319	0.389	0.263	0.312	0.272	0.283	0.253	1.983	0.362	0.207	0.201	-9037.937
164	8	500	494	0.5213	0.323	0.332	0.259	0.316	0.217	0.344	0.289	0.304	0.314	0.285	0.363	0.303	0.269	0.213	1.947	0.486	0.259	0.189	-8836.198
165	8	500	495	0.5202	0.325	0.401	0.280	0.278	0.276	0.331	0.331	0.276	0.287	0.311	0.308	0.285	0.289	0.270	2.124	0.510	0.338	0.180	-8954.213
166	8	500	483	0.4874	0.529	0.318	0.294	0.304	0.318	0.330	0.275	0.000	0.297	0.291	0.282	0.360	0.324	0.272	1.952	0.697	0.303	0.176	-8704.699
167	8	500	490	0.5147	0.313	0.315	0.254	0.339	0.261	0.353	0.345	0.280	0.264	0.297	0.326	0.272	0.352	0.315	2.030	0.388	0.201	0.216	-9029.318
168	8	500	496	0.5228	0.306	0.252	0.306	0.325	0.275	0.313	0.289	0.307	0.304	0.357	0.278	0.363	0.298	0.368	1.985	0.607	0.272	0.221	-9117.341
169	8	500	496	0.5033	0.343	0.288	0.263	0.320	0.323	0.295	0.293	0.249	0.354	0.342	0.309	0.285	0.353	0.240	1.892	0.671	0.329	0.209	-8995.077
170	8	500	494	0.5148	0.275	0.328	0.253	0.294	0.294	0.255	0.300	0.343	0.299	0.303	0.316	0.332	0.313	0.286	1.963	0.492	0.267	0.198	-8929.087
171	8	500	485	0.5093	0.300	0.270	0.231	0.310	0.190	0.271	0.292	0.289	0.295	0.324	0.297	0.285	0.318	0.301	2.052	0.488	0.225	0.183	-8617.835
172	8	500	495	0.5164	0.321	0.294	0.305	0.319	0.250	0.243	0.317	0.241	0.259	0.304	0.242	0.293	0.283	0.261	2.197	0.422	0.183	0.192	-8628.963
173	8	500	486	0.5026	0.356	0.261	0.307	0.300	0.257	0.293	0.297	0.331	0.283	0.248	0.286	0.252	0.298	0.237	2.114	0.591	0.275	0.185	-8581.232
174	8	500	496	0.5012	0.228	0.271	0.290	0.306	0.305	0.326	0.293	0.214	0.290	0.293	0.253	0.320	0.323	0.269	2.040	0.659	0.327	0.213	-8785.833
175	8	500	494	0.5049	0.222	0.373	0.311	0.310	0.269	0.342	0.288	0.341	0.279	0.292	0.326	0.278	0.364	0.295	2.109	0.599	0.401	0.202	-9061.207
176	8	500	495	0.5125	0.345	0.281	0.374	0.370	0.364	0.297	0.255	0.297	0.238	0.291	0.329	0.359	0.317	0.331	2.180	0.602	0.333	0.202	-9085.233
177	8	500	491	0.5044	0.277	0.271	0.266	0.240	0.273	0.372	0.295	0.333	0.246	0.270	0.297	0.224	0.294	0.288	1.955	0.513	0.285	0.201	-8719.248
178	8	500	494	0.5077	0.303	0.233	0.281	0.306	0.318	0.291	0.305	0.326	0.358	0.298	0.272	0.279	0.286	0.310	2.031	0.569	0.309	0.179	-8812.080
179	8	500	493	0.5163	0.304	0.316	0.326	0.319	0.257	0.265	0.275	0.285	0.274	0.275	0.319	0.301	0.246	0.303	2.070	0.682	0.229	0.201	-8683.253
180	8	500	490	0.5194	0.266	0.343	0.319	0.340	0.323	0.272	0.288	0.329	0.282	0.325	0.289	0.342	0.311	0.295	2.039	0.569	0.268	0.220	-9068.340
181	8	500	496	0.5129	0.272	0.267	0.290	0.260	0.269	0.233	0.292	0.283	0.291	0.317	0.311	0.228	0.329	0.295	1.891	0.671	0.289	0.209	-8705.697
182	8	500	492	0.5018	0.317	0.302	0.259	0.307	0.337	0.306	0.269	0.314	0.292	0.285	0.325	0.243	0.227	0.335	2.061	0.601	0.238	0.204	-8727.236
183	8	500	497	0.5044	0.308	0.197	0.309	0.315	0.310	0.271	0.311	0.294	0.308	0.314	0.277	0.263	0.274	0.348	2.010	0.616	0.329	0.209	-8904.200
184	8	500	494	0.4988	0.333	0.324	0.333	0.291	0.245	0.372	0.281	0.343	0.288	0.268	0.369	0.312	0.362	0.344	2.078	0.552	0.339	0.191	-9120.114
185	8	500	487	0.5162	0.287	0.360	0.301	0.266	0.317	0.332	0.299	0.313	0.350	0.298	0.300	0.289	0.336	0.293	2.111	0.360	0.227	0.183	-9023.009
186	8	500	496	0.5048	0.322	0.365	0.261	0.331	0.261	0.287	0.334	0.308	0.329	0.237	0.317	0.296	0.279	0.300	1.902	0.621	0.271	0.197	-8848.315
187	8	500	497	0.5193	0.274	0.274	0.356	0.185	0.273	0.291	0.272	0.272	0.243	0.252	0.299	0.316	0.303	0.355	2.136	0.662	0.286	0.201	-8682.337
188	8	500	495	0.5086	0.365	0.337	0.294	0.334	0.326	0.351	0.217	0.342	0.267	0.375	0.336	0.278	0.265	0.327	2.073	0.513	0.317	0.200	-9082.537
189	8	500	494	0.5153	0.249	0.304	0.358	0.307	0.318	0.341	0.288	0.244	0.261	0.325	0.310	0.301	0.330	0.328	2.038	0.614	0.261	0.202	-9006.664
190	8	500	494	0.5029	0.678	0.250	0.270	0.347	0.306	0.259	0.316	0.021	0.273	0.263	0.264	0.279	0.292	0.274	2.037	0.677	0.303	0.187	-8683.766
191	8	500	490	0.5034	0.297	0.297	0.284	0.316	0.311	0.288	0.343	0.349	0.290	0.295	0.279	0.247	0.330	0.279	1.990	0.409	0.183	0.207	-8920.476
192	8	500	493	0.5063	0.255	0.274	0.309	0.281	0.325	0.306	0.277	0.295	0.276	0.287	0.277	0.261	0.287	0.269	1.872	0.605	0.312	0.195	-8730.329
193	8	500	490	0.5095	0.281	0.285	0.292	0.318	0.333	0.266	0.303	0.250	0.299	0.300	0.264	0.320	0.298	0.277	1.950	0.560	0.291	0.201	-8841.059
194	8	500	490	0.5190	0.318	0.340	0.352	0.267	0.383	0.311	0.354	0.304	0.232	0.359	0.298	0.329	0.311	0.293	1.936	0.548	0.284	0.192	-9136.749
195	8	500	493	0.5262	0.282	0.210	0.267	0.256	0.327	0.267	0.310	0.284	0.267	0.277	0.281	0.312	0.314	0.271	1.959	0.601	0.208	0.183	-8588.168
196	8	500	493	0.5221	0.269	0.334	0.277	0.297	0.293	0.292	0.324	0.294	0.264	0.309	0.287	0.324	0.318	0.358	2.116	0.608	0.300	0.219	-8987.003
197	8	500	492	0.5083	0.301	0.331	0.256	0.342	0.338	0.276	0.319	0.275	0.256	0.304	0.282	0.284	0.346	0.318	1.936	0.655	0.345	0.204	-8958.305
198	8	500	492	0.5014	0.322	0.263	0.324	0.282	0.315	0.339	0.301	0.233	0.248	0.355	0.290	0.322	0.326	0.272	1.900	0.478	0.273	0.196	-8994.885
199	8	500	497	0.5061	0.369	0.281	0.255	0.304	0.271	0.332	0.310	0.279	0.227	0.352	0.259	0.341	0.321	0.375	1.878	0.429	0.218	0.199	-9005.659
200	8	500	495	0.5055	0.306	0.271	0.265	0.307	0.326	0.314	0.313	0.283	0.330	0.278	0.305	0.246	0.256	0.299	2.095	0.500	0.208	0.187	-8767.004
201	8	500	495	0.5395	0.252	0.306	0.302	0.269	0.298	0.299	0.279	0.308	0.305	0.288	0.247	0.223	0.324	0.252	2.032	0.630	0.186	0.198	-8645.877
202	8	500	494	0.5168	0.307	0.298	0.291	0.317	0.293	0.270	0.301	0.373	0.226	0.295	0.262	0.257	0.294	0.263	2.051	0.585	0.332	0.190	-8753.247
203	8	500	492	0.5151	0.243	0.246	0.304	0.376	0.344	0.308	0.330	0.328	0.288	0.294	0.317	0.305	0.345	0.311	1.876	0.586	0.284	0.185	-9033.593
204	8	500	493	0.5038	0.612	0.262	0.284	0.274	0.310	0.338	0.236	0.000	0.349	0.294	0.293	0.240	0.302	0.334	1.946	0.688	0.312	0.206	-8820.675
205	8	500	490	0.5295	0.283	0.320	0.330	0.275	0.311	0.352	0.294	0.346	0.296	0.341	0.305	0.306	0.306	0.309	2.105	0.567	0.261	0.209	-9060.073
206	8	500	496	0.5017	0.073	0.316	0.335	0.246	0.281	0.282	0.341	0.528	0.352	0.261	0.295	0.281	0.259	0.294	1.916	0.645	0.352	0.170	-8772.217
207	8	500	495	0.5091	0.298	0.238	0.309	0.274	0.364	0.347	0.337	0.321	0.320	0.296	0.309	0.285	0.239	0.346	2.029	0.669	0.331	0.209	-8990.134
208	8	500	496	0.5091	0.223	0.314	0.288	0.317	0.242	0.228	0.323	0.286	0.264	0.291	0.241	0.357	0.274	0.318	1.961	0.554	0.218	0.201	-8663.855
209	8	500	498	0.5288	0.311	0.273	0.318	0.299	0.304	0.295	0.261	0.273	0.252	0.321	0.258	0.377	0.295	0.313	1.899	0.490	0.203	0.203	-8841.111
210	8	500	493	0.5172	0.204	0.254	0.277	0.320	0.298	0.270	0.280	0.292	0.287	0.278	0.330	0.328	0.266	0.272	2.152	0.600	0.337	0.189	-8703.521
211	8	500	489	0.5246	0.345	0.271	0.276	0.275	0.393	0.263	0.285	0.276	0.279	0.345	0.312	0.359	0.256	0.289	2.078	0.673	0.327	0.182	-8806.534
212	8	500	492	0.5024	0.283	0.365	0.318	0.346	0.351	0.342	0.296	0.289	0.394	0.316	0.318	0.287	0.275	0.313	1.961	0.481	0.288	0.199	-9235.945
213	8	500	493	0.5029	0.314	0.301	0.335	0.254	0.281	0.293	0.324	0.335	0.339	0.320	0.329	0.242	0.317	0.250	1.920	0.538	0.257	0.182	-8860.399
214	8	500	492	0.5172	0.292	0.335	0.303	0.305	0.315	0.247	0.255	0.298	0.292	0.327	0.313	0.309	0.309	0.299	2.327	0.614	0.304	0.196	-8809.024
215	8	500	491	0.5021	0.296	0.326	0.266	0.296	0.340	0.331	0.310	0.230	0.249	0.238	0.302	0.344	0.288	0.292	1.938	0.583	0.225	0.186	-8746.536
216	8	500	492	0.5067	0.564	0.335	0.269	0.284	0.275	0.278	0.320	0.001	0.281	0.271	0.326	0.250	0.298	0.298	2.004	0.576	0.298	0.217	-8811.485
217	8	500	488	0.5024	0.319	0.233	0.296	0.290	0.312	0.292	0.281	0.331	0.306	0.346	0.270	0.313	0.297	0.310	2.083	0.487	0.251	0.189	-8827.900
218	8	500	492	0.5305	0.355	0.278	0.296	0.336	0.310	0.246	0.293	0.269	0.325	0.348	0.273	0.279	0.321	0.274	1.934	0.652	0.348	0.215	-9027.856
219	8	500	497	0.5049	0.302	0.316	0.278	0.284	0.310	0.315	0.330	0.301	0.307	0.311	0.312	0.355	0.274	0.278	1.928	0.494	0.306	0.208	-9060.064
220	8	500	494	0.5137	0.334	0.279	0.307	0.314	0.340	0.322	0.268	0.286	0.248	0.279	0.324	0.298	0.274	0.310	1.839	0.504	0.226	0.209	-8959.474
221	8	500	488	0.5086	0.300	0.284	0.318	0.288	0.261	0.294	0.323	0.275	0.193	0.341	0.277	0.316	0.286	0.268	1.984	0.651	0.281	0.201	-8750.612
222	8	500	493	0.5088	0.288	0.334	0.319	0.286	0.305	0.312	0.279	0.302	0.274	0.385	0.261	0.313	0.263	0.320	1.865	0.470	0.232	0.201	-9006.730
223	8	500	494	0.5147	0.356	0.346	0.268	0.335	0.318	0.272	0.289	0.324	0.308	0.309	0.314	0.198	0.287	0.304	2.020	0.582	0.254	0.199	-8852.893
224	8	500	488	0.5093	0.291	0.259	0.262	0.316	0.309	0.292	0.241	0.335	0.342	0.310	0.233	0.295	0.299	0.251	1.875	0.576	0.281	0.233	-8763.788
225	8	500	493	0.5183	0.290	0.316	0.255	0.284	0.268	0.289	0.314	0.300	0.264	0.333	0.282	0.297	0.298	0.285	2.132	0.429	0.170	0.233	-8853.421
226	8	500	497	0.5157	0.265	0.299	0.308	0.283	0.259	0.284	0.292	0.329	0.302	0.267	0.305	0.301	0.307	0.337	1.952	0.583	0.282	0.207	-8928.415
227	8	500	495	0.5068	0.278	0.352	0.289	0.283	0.329	0.231	0.334	0.248	0.272	0.305	0.331	0.332	0.333	0.309	2.040	0.655	0.345	0.219	-9005.778
228	8	500	493	0.5182	0.000	0.350	0.332	0.275	0.261	0.292	0.326	0.564	0.307	0.300	0.314	0.279	0.305	0.369	1.974	0.596	0.322	0.201	-9033.451
229	8	500	494	0.5129	0.297	0.329	0.295	0.249	0.230	0.256	0.341	0.272	0.298	0.309	0.304	0.318	0.275	0.320	2.101	0.532	0.276	0.227	-8869.625
230	8	500	491	0.5244	0.269	0.312	0.370	0.322	0.279	0.227	0.355	0.268	0.271	0.282	0.256	0.343	0.282	0.229	1.772	0.550	0.274	0.178	-8798.623
231	8	500	493	0.4988	0.300	0.277	0.314	0.262	0.261	0.331	0.277	0.272	0.363	0.339	0.337	0.272	0.284	0.309	1.843	0.469	0.294	0.179	-8957.195
232	8	500	489	0.4998	0.272	0.311	0.295	0.231	0.342	0.248	0.266	0.318	0.336	0.300	0.336	0.315	0.277	0.344	1.902	0.491	0.334	0.171	-8911.726
233	8	500	492	0.4878	0.282	0.290	0.272	0.336	0.295	0.294	0.311	0.329	0.257	0.352	0.277	0.381	0.330	0.304	2.008	0.525	0.288	0.201	-8985.479
234	8	500	496	0.5098	0.238	0.311	0.317	0.299	0.258	0.367	0.310	0.279	0.283	0.341	0.260	0.282	0.306	0.282	1.939	0.589	0.254	0.230	-8967.314
235	8	500	495	0.4946	0.305	0.261	0.327	0.298	0.345	0.306	0.320	0.328	0.261	0.317	0.266	0.256	0.306	0.305	2.176	0.510	0.307	0.198	-8918.304
236	8	500	492	0.5118	0.297	0.341	0.259	0.301	0.337	0.344	0.277	0.290	0.287	0.299	0.325	0.354	0.303	0.302	2.005	0.583	0.318	0.211	-9047.265
237	8	500	492	0.5241	0.327	0.239	0.317	0.266	0.248	0.311	0.283	0.257	0.337	0.254	0.307	0.339	0.252	0.324	2.048	0.610	0.305	0.204	-8828.329
238	8	500	491	0.5362	0.295	0.309	0.317	0.249	0.335	0.314	0.318	0.327	0.293	0.304	0.282	0.353	0.280	0.318	1.943	0.601	0.315	0.217	-9038.537
239	8	500	489	0.5162	0.283	0.277	0.271	0.294	0.270	0.287	0.289	0.245	0.302	0.279	0.257	0.287	0.271	0.229	2.181	0.619	0.244	0.216	-8512.201
240	8	500	492	0.5156	0.318	0.297	0.260	0.299	0.287	0.302	0.351	0.329	0.259	0.323	0.347	0.333	0.210	0.288	2.051	0.588	0.257	0.197	-8839.483
241	8	500	496	0.5334	0.330	0.274	0.307	0.314	0.264	0.353	0.280	0.396	0.338	0.267	0.333	0.300	0.365	0.253	2.194	0.668	0.257	0.215	-8991.574
242	8	500	497	0.5061	0.324	0.332	0.245	0.301	0.274	0.268	0.344	0.366	0.350	0.267	0.341	0.265	0.293	0.319	1.928	0.554	0.240	0.186	-8900.640
243	8	500	490	0.4984	0.281	0.281	0.318	0.271	0.326	0.320	0.298	0.337	0.190	0.332	0.338	0.325	0.296	0.294	1.982	0.618	0.295	0.190	-8887.684
244	8	500	491	0.5036	0.261	0.328	0.318	0.305	0.254	0.261	0.338	0.302	0.293	0.316	0.329	0.275	0.254	0.287	1.995	0.571	0.288	0.219	-8896.873
245	8	500	497	0.5134	0.350	0.324	0.334	0.208	0.314	0.329	0.296	0.274	0.250	0.298	0.291	0.321	0.258	0.312	1.874	0.504	0.285	0.200	-8944.680
246	8	500	497	0.5204	0.312	0.241	0.342	0.329	0.263	0.306	0.299	0.303	0.236	0.292	0.322	0.361	0.339	0.258	1.799	0.670	0.296	0.229	-9013.814
247	8	500	493	0.5070	0.346	0.291	0.262	0.287	0.300	0.254	0.277	0.269	0.285	0.299	0.325	0.371	0.322	0.296	1.973	0.585	0.332	0.191	-8867.021
248	8	500	493	0.5030	0.256	0.323	0.268	0.339	0.294	0.291	0.315	0.256	0.352	0.269	0.252	0.275	0.323	0.305	2.063	0.585	0.282	0.200	-8850.653
249	8	500	491	0.5107	0.344	0.298	0.335	0.222	0.316	0.382	0.282	0.233	0.266	0.304	0.292	0.264	0.264	0.311	2.035	0.609	0.331	0.194	-8810.958
250	8	500	497	0.5109	0.400	0.264	0.268	0.303	0.332	0.334	0.314	0.334	0.306	0.279	0.357	0.281	0.306	0.292	1.873	0.462	0.265	0.179	-9047.868
251	8	500	493	0.5162	0.302	0.336	0.255	0.312	0.286	0.332	0.301	0.355	0.402	0.295	0.323	0.293	0.321	0.332	2.098	0.498	0.272	0.204	-9157.886
252	8	500	493	0.4974	0.328	0.256	0.342	0.269	0.250	0.283	0.253	0.292	0.327	0.299	0.338	0.314	0.300	0.275	2.018	0.607	0.292	0.219	-8870.038
253	8	500	497	0.5227	0.302	0.277	0.315	0.304	0.315	0.336	0.268	0.312	0.311	0.290	0.318	0.317	0.305	0.347	2.098	0.493	0.205	0.223	-9099.915
254	8	500	490	0.5108	0.000	0.341	0.310	0.323	0.260	0.331	0.329	0.521	0.358	0.337	0.248	0.286	0.332	0.293	1.997	0.673	0.319	0.210	-8987.554
255	8	500	490	0.5090	0.250	0.381	0.292	0.258	0.253	0.276	0.316	0.257	0.330	0.306	0.260	0.350	0.301	0.282	1.952	0.673	0.327	0.190	-8775.548
256	8	500	489	0.5003	0.278	0.308	0.258	0.305	0.267	0.282	0.285	0.359	0.337	0.281	0.336	0.294	0.291	0.390	2.122	0.636	0.290	0.199	-8858.409
257	8	500	495	0.5143	0.324	0.271	0.281	0.353	0.268	0.359	0.260	0.256	0.314	0.306	0.329	0.279	0.347	0.255	1.939	0.521	0.266	0.236	-9053.357
258	8	500	496	0.5154	0.335	0.352	0.292	0.310	0.245	0.305	0.300	0.348	0.255	0.312	0.359	0.281	0.326	0.299	1.995	0.557	0.313	0.201	-9123.072
259	8	500	496	0.5081	0.325	0.353	0.289	0.322	0.323	0.292	0.306	0.321	0.335	0.241	0.299	0.350	0.367	0.285	1.791	0.466	0.287	0.203	-9226.403
260	8	500	495	0.5323	0.220	0.291	0.329	0.284	0.333	0.292	0.267	0.265	0.331	0.340	0.300	0.247	0.255	0.261	1.901	0.638	0.266	0.214	-8800.258
261	8	500	493	0.5137	0.325	0.255	0.343	0.363	0.302	0.316	0.349	0.295	0.327	0.254	0.294	0.291	0.288	0.264	1.924	0.514	0.254	0.187	-8993.326
262	8	500	496	0.5099	0.256	0.270	0.288	0.257	0.366	0.244	0.346	0.300	0.303	0.358	0.354	0.338	0.287	0.275	1.907	0.419	0.241	0.206	-9065.380
263	8	500	498	0.5263	0.267	0.291	0.385	0.275	0.309	0.371	0.270	0.334	0.256	0.354	0.354	0.321	0.275	0.323	1.995	0.568	0.311	0.213	-9209.450
264	8	500	496	0.5141	0.318	0.321	0.294	0.246	0.235	0.291	0.340	0.284	0.318	0.355	0.252	0.379	0.293	0.258	1.862	0.709	0.255	0.231	-8967.233
265	8	500	497	0.5330	0.342	0.284	0.305	0.322	0.340	0.331	0.274	0.356	0.311	0.314	0.306	0.305	0.322	0.270	1.887	0.551	0.265	0.182	-9045.946
266	8	500	496	0.5151	0.325	0.301	0.305	0.307	0.297	0.354	0.264	0.258	0.317	0.315	0.305	0.319	0.353	0.254	2.186	0.559	0.266	0.226	-9066.944
267	8	500	496	0.5255	0.257	0.290	0.289	0.298	0.230	0.237	0.290	0.326	0.218	0.275	0.278	0.334	0.324	0.298	1.988	0.584	0.310	0.203	-8686.797
268	8	500	494	0.5161	0.386	0.300	0.375	0.292	0.215	0.335	0.296	0.291	0.308	0.312	0.296	0.288	0.330	0.304	1.876	0.555	0.309	0.178	-9006.050
269	8	500	496	0.5019	0.327	0.385	0.275	0.272	0.298	0.257	0.340	0.384	0.284	0.325	0.372	0.271	0.319	0.294	1.838	0.543	0.289	0.222	-9184.567
270	8	500	496	0.5212	0.284	0.332	0.297	0.278	0.308	0.265	0.294	0.316	0.377	0.292	0.297	0.296	0.282	0.352	1.957	0.490	0.216	0.207	-8970.589
271	8	500	499	0.5278	0.316	0.303	0.297	0.289	0.331	0.227	0.313	0.328	0.304	0.312	0.323	0.312	0.269	0.283	1.990	0.586	0.271	0.222	-8913.409
272	8	500	492	0.4966	0.305	0.259	0.349	0.313	0.268	0.311	0.325	0.301	0.207	0.345	0.301	0.371	0.279	0.334	1.892	0.674	0.326	0.207	-8989.892
273	8	500	493	0.5233	0.291	0.224	0.378	0.307	0.380	0.266	0.233	0.327	0.293	0.306	0.327	0.307	0.320	0.297	2.193	0.446	0.256	0.179	-8916.975
274	8	500	493	0.5138	0.451	0.355	0.354	0.281	0.291	0.261	0.277	0.246	0.318	0.335	0.299	0.274	0.299	0.308	1.955	0.617	0.383	0.218	-9137.633
275	8	500	493	0.4980	0.264	0.247	0.288	0.340	0.353	0.284	0.281	0.284	0.333	0.320	0.297	0.321	0.263	0.318	2.015	0.535	0.304	0.205	-8960.029
276	8	500	493	0.5157	0.255	0.272	0.256	0.317	0.266	0.351	0.284	0.281	0.323	0.234	0.327	0.338	0.327	0.263	2.168	0.579	0.416	0.183	-8855.134
277	8	500	492	0.5166	0.320	0.386	0.330	0.319	0.244	0.272	0.308	0.230	0.240	0.262	0.325	0.312	0.295	0.283	1.874	0.616	0.288	0.195	-8840.683
278	8	500	492	0.5259	0.240	0.342	0.307	0.310	0.263	0.295	0.303	0.291	0.317	0.261	0.265	0.262	0.265	0.363	2.064	0.626	0.374	0.189	-8818.141
279	8	500	494	0.5129	0.322	0.292	0.326	0.253	0.342	0.256	0.310	0.357	0.347	0.339	0.314	0.277	0.298	0.353	2.085	0.669	0.331	0.201	-9040.927
280	8	500	490	0.5033	0.316	0.306	0.260	0.304	0.299	0.349	0.253	0.345	0.241	0.274	0.292	0.336	0.351	0.245	1.976	0.524	0.248	0.197	-8827.001
281	8	500	490	0.5089	0.256	0.325	0.292	0.337	0.292	0.320	0.321	0.282	0.288	0.253	0.294	0.321	0.309	0.352	2.056	0.663	0.337	0.206	-8967.407
282	8	500	498	0.5108	0.322	0.318	0.239	0.246	0.341	0.280	0.334	0.325	0.276	0.252	0.316	0.320	0.241	0.327	2.162	0.381	0.183	0.218	-8845.494
283	8	500	495	0.5272	0.255	0.264	0.315	0.324	0.341	0.230	0.348	0.269	0.279	0.350	0.311	0.301	0.371	0.298	2.008	0.492	0.286	0.176	-9000.860
284	8	500	496	0.5040	0.349	0.295	0.291	0.317	0.362	0.305	0.308	0.297	0.342	0.243	0.300	0.239	0.372	0.263	2.144	0.430	0.188	0.196	-8912.730
285	8	500	496	0.5173	0.353	0.284	0.252	0.316	0.334	0.330	0.274	0.396	0.316	0.312	0.321	0.232	0.292	0.303	1.870	0.467	0.236	0.227	-9075.568
286	8	500	498	0.5218	0.351	0.338	0.280	0.301	0.241	0.308	0.303	0.298	0.275	0.328	0.337	0.296	0.286	0.284	2.038	0.618	0.283	0.231	-9013.749
287	8	500	493	0.5148	0.317	0.281	0.283	0.296	0.277	0.270	0.294	0.281	0.294	0.321	0.291	0.354	0.278	0.313	1.898	0.508	0.213	0.185	-8804.697
288	8	500	492	0.5062	0.305	0.339	0.297	0.247	0.272	0.280	0.326	0.294	0.244	0.283	0.319	0.319	0.253	0.341	2.021	0.625	0.286	0.225	-8925.582
289	8	500	497	0.5064	0.339	0.325	0.276	0.329	0.242	0.342	0.289	0.349	0.338	0.330	0.271	0.294	0.314	0.245	2.050	0.504	0.265	0.198	-8970.741
290	8	500	498	0.5088	0.275	0.235	0.357	0.273	0.277	0.324	0.343	0.252	0.361	0.324	0.301	0.287	0.343	0.341	1.976	0.551	0.298	0.194	-9025.624
291	8	500	495	0.5013	0.301	0.308	0.262	0.342	0.293	0.326	0.280	0.251	0.276	0.327	0.334	0.280	0.346	0.307	2.043	0.634	0.304	0.206	-8932.293
292	8	500	495	0.5222	0.257	0.285	0.313	0.282	0.343	0.352	0.306	0.304	0.290	0.295	0.273	0.292	0.289	0.284	2.101	0.511	0.259	0.182	-8854.717
293	8	500	495	0.5149	0.383	0.349	0.300	0.298	0.226	0.288	0.280	0.295	0.293	0.307	0.329	0.332	0.260	0.311	2.048	0.617	0.265	0.213	-8934.171
294	8	500	495	0.5227	0.307	0.271	0.271	0.256	0.284	0.299	0.319	0.321	0.260	0.267	0.272	0.290	0.359	0.243	1.930	0.576	0.348	0.212	-8841.297
295	8	500	493	0.5232	0.336	0.363	0.260	0.343	0.271	0.265	0.278	0.318	0.347	0.263	0.291	0.324	0.257	0.347	1.899	0.551	0.307	0.190	-8951.375
296	8	500	494	0.5052	0.295	0.263	0.332	0.305	0.326	0.319	0.314	0.285	0.307	0.323	0.343	0.275	0.285	0.334	1.975	0.599	0.299	0.190	-8981.371
297	8	500	494	0.5222	0.256	0.297	0.287	0.295	0.320	0.327	0.244	0.274	0.261	0.321	0.335	0.348	0.262	0.302	2.106	0.417	0.207	0.207	-8924.114
298	8	500	492	0.5015	0.272	0.301	0.389	0.262	0.248	0.351	0.306	0.291	0.277	0.313	0.230	0.278	0.266	0.277	2.020	0.619	0.241	0.173	-8642.927
299	8	500	492	0.5140	0.273	0.244	0.291	0.336	0.274	0.324	0.314	0.336	0.370	0.240	0.373	0.269	0.295	0.337	2.123	0.434	0.234	0.186	-8980.438
300	8	500	488	0.5185	0.291	0.238	0.256	0.287	0.310	0.336	0.251	0.272	0.312	0.298	0.256	0.284	0.301	0.238	2.018	0.586	0.254	0.184	-8588.964
301	8	500	491	0.5223	0.292	0.340	0.269	0.269	0.278	0.290	0.293	0.342	0.377	0.256	0.285	0.282	0.289	0.251	2.082	0.554	0.294	0.196	-8799.521
302	8	500	496	0.4945	0.299	0.301	0.277	0.227	0.237	0.247	0.296	0.303	0.315	0.264	0.292	0.291	0.319	0.272	1.809	0.556	0.208	0.224	-8665.055
303	8	500	495	0.5058	0.308	0.336	0.384	0.274	0.330	0.252	0.298	0.311	0.354	0.257	0.282	0.338	0.315	0.282	1.992	0.663	0.260	0.214	-8957.715
304	8	500	489	0.5232	0.337	0.300	0.266	0.315	0.229	0.288	0.292	0.253	0.329	0.252	0.263	0.351	0.323	0.353	2.018	0.485	0.268	0.179	-8801.074
305	8	500	494	0.5117	0.000	0.364	0.280	0.256	0.254	0.299	0.264	0.554	0.296	0.253	0.311	0.289	0.266	0.303	2.278	0.720	0.280	0.177	-8520.321
306	8	500	494	0.5152	0.310	0.289	0.307	0.246	0.303	0.284	0.283	0.264	0.295	0.293	0.286	0.374	0.326	0.234	1.952	0.585	0.288	0.183	-8796.788
307	8	500	491	0.5112	0.322	0.370	0.326	0.283	0.227	0.335	0.271	0.308	0.256	0.363	0.297	0.366	0.342	0.257	2.044	0.465	0.297	0.188	-9052.555
308	8	500	496	0.5232	0.255	0.293	0.254	0.364	0.303	0.260	0.284	0.273	0.391	0.346	0.291	0.267	0.320	0.336	2.093	0.464	0.241	0.192	-8959.317
309	8	500	494	0.5142	0.276	0.294	0.277	0.292	0.330	0.331	0.272	0.363	0.276	0.374	0.282	0.277	0.270	0.303	2.065	0.451	0.245	0.168	-8850.878
310	8	500	492	0.5167	0.568	0.283	0.333	0.284	0.309	0.279	0.355	0.000	0.279	0.306	0.323	0.288	0.329	0.308	2.044	0.651	0.305	0.202	-8971.440
311	8	500	495	0.5014	0.327	0.224	0.294	0.391	0.315	0.299	0.326	0.334	0.416	0.283	0.287	0.256	0.341	0.317	1.854	0.684	0.307	0.214	-9062.325
312	8	500	496	0.5099	0.335	0.262	0.274	0.339	0.302	0.287	0.251	0.282	0.260	0.272	0.322	0.373	0.307	0.276	2.158	0.294	0.168	0.183	-8829.826
313	8	500	494	0.5112	0.265	0.310	0.300	0.267	0.213	0.334	0.266	0.333	0.333	0.236	0.365	0.269	0.266	0.314	1.967	0.616	0.243	0.193	-8668.907
314	8	500	496	0.5164	0.315	0.344	0.293	0.264	0.316	0.329	0.313	0.340	0.299	0.350	0.273	0.324	0.285	0.273	1.959	0.540	0.210	0.254	-9107.076
315	8	500	488	0.5092	0.312	0.323	0.260	0.321	0.246	0.257	0.288	0.316	0.301	0.289	0.341	0.320	0.259	0.305	2.235	0.565	0.264	0.192	-8744.683
316	8	500	491	0.5002	0.300	0.341	0.256	0.360	0.311	0.318	0.268	0.333	0.261	0.282	0.303	0.305	0.341	0.348	2.103	0.537	0.245	0.188	-8930.813
317	8	500	490	0.5046	0.278	0.242	0.336	0.261	0.338	0.232	0.322	0.316	0.305	0.300	0.321	0.332	0.261	0.293	1.956	0.606	0.256	0.218	-8888.575
318	8	500	489	0.5108	0.246	0.240	0.268	0.353	0.357	0.271	0.257	0.245	0.358	0.319	0.287	0.380	0.319	0.235	2.243	0.417	0.270	0.184	-8830.391
319	8	500	492	0.5407	0.345	0.267	0.226	0.331	0.291	0.254	0.374	0.345	0.312	0.268	0.317	0.279	0.229	0.321	1.734	0.467	0.278	0.168	-8868.406
320	8	500	497	0.5176	0.340	0.293	0.338	0.311	0.311	0.308	0.286	0.271	0.331	0.343	0.280	0.277	0.327	0.279	2.001	0.455	0.215	0.191	-9029.572
321	8	500	492	0.5123	0.285	0.311	0.341	0.299	0.281	0.320	0.335	0.326	0.302	0.332	0.267	0.357	0.259	0.286	2.144	0.486	0.242	0.186	-8935.975
322	8	500	497	0.5106	0.292	0.301	0.346	0.330	0.313	0.329	0.328	0.336	0.352	0.275	0.277	0.280	0.324	0.313	1.997	0.474	0.290	0.187	-9093.400
323	8	500	495	0.5276	0.338	0.306	0.296	0.326	0.335	0.342	0.283	0.310	0.301	0.352	0.304	0.417	0.310	0.258	2.041	0.383	0.236	0.173	-9132.518
324	8	500	497	0.5019	0.325	0.284	0.311	0.417	0.268	0.314	0.325	0.304	0.308	0.316	0.322	0.321	0.338	0.306	2.042	0.517	0.272	0.227	-9225.386
325	8	500	490	0.5094	0.339	0.229	0.289	0.304	0.337	0.310	0.320	0.307	0.243	0.281	0.264	0.355	0.262	0.316	1.953	0.524	0.294	0.206	-8914.520
326	8	500	496	0.5093	0.328	0.286	0.351	0.328	0.325	0.294	0.374	0.353	0.303	0.382	0.317	0.306	0.290	0.332	2.231	0.533	0.297	0.199	-9250.885
327	8	500	489	0.5112	0.364	0.253	0.285	0.300	0.327	0.307	0.282	0.336	0.272	0.358	0.310	0.327	0.261	0.340	2.124	0.568	0.241	0.194	-8925.346
328	8	500	492	0.5052	0.351	0.282	0.293	0.316	0.237	0.324	0.318	0.209	0.305	0.334	0.343	0.288	0.298	0.322	1.990	0.619	0.381	0.196	-9028.869
329	8	500	491	0.5068	0.262	0.268	0.248	0.371	0.356	0.359	0.298	0.296	0.308	0.354	0.273	0.290	0.287	0.340	2.096	0.408	0.229	0.174	-8995.173
330	8	500	496	0.5150	0.288	0.294	0.294	0.291	0.271	0.316	0.246	0.313	0.270	0.288	0.300	0.220	0.236	0.325	2.007	0.547	0.237	0.193	-8629.011
331	8	500	484	0.5221	0.304	0.271	0.246	0.314	0.277	0.358	0.221	0.215	0.241	0.291	0.243	0.340	0.306	0.293	1.786	0.597	0.291	0.179	-8638.193
332	8	500	493	0.5146	0.329	0.303	0.249	0.304	0.256	0.272	0.323	0.372	0.302	0.313	0.311	0.253	0.235	0.341	1.964	0.596	0.255	0.188	-8764.016
333	8	500	495	0.5018	0.250	0.321	0.343	0.297	0.350	0.270	0.327	0.328	0.275	0.287	0.331	0.346	0.336	0.293	2.028	0.675	0.325	0.201	-9016.699
334	8	500	495	0.5138	0.344	0.398	0.331	0.321	0.247	0.363	0.256	0.317	0.324	0.313	0.259	0.263	0.294	0.336	2.042	0.484	0.228	0.209	-9090.018
335	8	500	494	0.5125	0.257	0.359	0.252	0.298	0.281	0.305	0.264	0.287	0.333	0.279	0.305	0.284	0.312	0.297	2.114	0.539	0.283	0.194	-8817.997
336	8	500	496	0.5300	0.358	0.316	0.268	0.312	0.295	0.292	0.256	0.266	0.221	0.275	0.347	0.332	0.305	0.330	1.953	0.478	0.197	0.209	-8905.917
337	8	500	496	0.5172	0.364	0.276	0.324	0.257	0.325	0.315	0.340	0.303	0.253	0.271	0.309	0.282	0.271	0.265	2.074	0.706	0.294	0.208	-8830.939
338	8	500	496	0.5112	0.334	0.273	0.313	0.310	0.328	0.329	0.338	0.323	0.305	0.297	0.294	0.220	0.313	0.342	2.056	0.506	0.275	0.192	-9023.407
339	8	500	495	0.5168	0.315	0.283	0.252	0.359	0.272	0.350	0.286	0.292	0.244	0.233	0.335	0.294	0.295	0.284	2.022	0.606	0.394	0.171	-8826.687
340	8	500	490	0.5107	0.321	0.282	0.309	0.249	0.334	0.332	0.259	0.286	0.276	0.366	0.260	0.325	0.292	0.273	1.957	0.646	0.354	0.245	-8998.955
341	8	500	495	0.5152	0.290	0.245	0.261	0.300	0.315	0.270	0.302	0.272	0.291	0.335	0.266	0.253	0.304	0.275	1.968	0.588	0.227	0.229	-8747.078
342	8	500	495	0.5012	0.299	0.227	0.358	0.294	0.328	0.264	0.326	0.294	0.266	0.340	0.331	0.322	0.252	0.316	2.215	0.362	0.155	0.194	-8916.345
343	8	500	491	0.5155	0.279	0.338	0.272	0.337	0.331	0.284	0.262	0.287	0.175	0.260	0.308	0.276	0.294	0.264	1.806	0.403	0.174	0.183	-8655.118
344	8	500	492	0.5285	0.294	0.298	0.305	0.329	0.261	0.298	0.318	0.239	0.229	0.321	0.287	0.271	0.251	0.285	1.937	0.566	0.222	0.193	-8718.963
345	8	500	496	0.5181	0.355	0.355	0.307	0.294	0.335	0.302	0.285	0.297	0.269	0.362	0.311	0.305	0.242	0.296	1.884	0.567	0.335	0.199	-9094.799
346	8	500	490	0.5047	0.344	0.295	0.272	0.324	0.341	0.291	0.287	0.290	0.307	0.362	0.349	0.401	0.301	0.299	1.931	0.461	0.266	0.210	-9214.969
347	8	500	488	0.5398	0.247	0.278	0.310	0.310	0.336	0.263	0.354	0.264	0.228	0.308	0.317	0.381	0.285	0.260	1.963	0.676	0.294	0.205	-8872.052
348	8	500	498	0.5149	0.350	0.195	0.271	0.324	0.312	0.293	0.256	0.290	0.295	0.407	0.254	0.318	0.266	0.288	2.073	0.634	0.312	0.210	-8899.321
349	8	500	493	0.5039	0.324	0.295	0.265	0.308	0.297	0.334	0.326	0.300	0.331	0.287	0.311	0.299	0.318	0.265	2.021	0.680	0.265	0.194	-8838.225
350	8	500	487	0.5093	0.383	0.246	0.360	0.260	0.311	0.296	0.318	0.370	0.234	0.295	0.345	0.319	0.319	0.327	1.980	0.583	0.349	0.188	-9035.871
351	8	500	496	0.5319	0.350	0.281	0.303	0.306	0.330	0.321	0.236	0.297	0.288	0.316	0.276	0.222	0.302	0.336	1.898	0.396	0.212	0.219	-9025.966
352	8	500	494	0.5327	0.000	0.193	0.278	0.286	0.347	0.281	0.284	0.589	0.297	0.328	0.320	0.370	0.268	0.337	2.162	0.631	0.298	0.181	-8792.121
353	8	500	496	0.5085	0.290	0.331	0.290	0.258	0.360	0.341	0.262	0.331	0.297	0.239	0.315	0.247	0.250	0.284	1.901	0.569	0.242	0.209	-8785.331
354	8	500	494	0.5043	0.367	0.325	0.352	0.340	0.261	0.357	0.327	0.315	0.258	0.321	0.334	0.262	0.333	0.296	2.084	0.578	0.292	0.196	-9145.246
355	8	500	493	0.5121	0.262	0.318	0.244	0.285	0.227	0.261	0.353	0.333	0.257	0.264	0.249	0.254	0.333	0.308	1.829	0.473	0.223	0.183	-8682.013
356	8	500	489	0.5059	0.308	0.256	0.361	0.313	0.339	0.386	0.354	0.313	0.310	0.337	0.314	0.323	0.299	0.334	1.888	0.617	0.383	0.184	-9244.660
357	8	500	493	0.5023	0.343	0.291	0.252	0.312	0.325	0.272	0.309	0.368	0.292	0.350	0.289	0.296	0.287	0.299	1.969	0.535	0.257	0.191	-8904.980
358	8	500	495	0.5078	0.293	0.386	0.213	0.324	0.233	0.297	0.381	0.322	0.411	0.280	0.392	0.311	0.310	0.375	2.173	0.405	0.174	0.213	-9107.416
359	8	500	489	0.5176	0.341	0.280	0.274	0.233	0.258	0.331	0.306	0.301	0.267	0.364	0.283	0.290	0.276	0.310	2.060	0.617	0.345	0.202	-8806.548
360	8	500	490	0.5056	0.295	0.295	0.259	0.287	0.325	0.288	0.291	0.316	0.273	0.230	0.387	0.332	0.254	0.315	1.872	0.591	0.330	0.187	-8875.229
361	8	500	490	0.5054	0.305	0.375	0.309	0.283	0.272	0.320	0.256	0.260	0.323	0.355	0.279	0.276	0.412	0.219	2.190	0.532	0.226	0.212	-8891.435
362	8	500	492	0.5267	0.349	0.277	0.353	0.369	0.327	0.322	0.343	0.269	0.309	0.352	0.284	0.278	0.254	0.313	1.958	0.517	0.333	0.187	-9177.299
363	8	500	492	0.5171	0.291	0.290	0.335	0.263	0.373	0.327	0.280	0.350	0.267	0.343	0.283	0.323	0.318	0.277	2.032	0.567	0.404	0.195	-9050.413
364	8	500	494	0.5291	0.300	0.365	0.332	0.280	0.179	0.355	0.351	0.314	0.286	0.301	0.314	0.301	0.312	0.343	1.966	0.540	0.347	0.191	-9133.178
365	8	500	492	0.5011	0.287	0.279	0.281	0.295	0.346	0.296	0.295	0.324	0.305	0.311	0.345	0.269	0.308	0.296	1.961	0.533	0.286	0.187	-8971.720
366	8	500	488	0.5148	0.313	0.284	0.310	0.319	0.338	0.269	0.301	0.317	0.196	0.280	0.277	0.368	0.282	0.267	1.944	0.669	0.331	0.191	-8783.963
367	8	500	490	0.5194	0.272	0.258	0.318	0.291	0.360	0.355	0.305	0.332	0.313	0.319	0.323	0.277	0.286	0.270	1.837	0.528	0.266	0.228	-9109.983
368	8	500	497	0.5128	0.301	0.239	0.295	0.302	0.392	0.280	0.284	0.304	0.286	0.349	0.302	0.378	0.389	0.323	2.061	0.415	0.232	0.188	-9101.148
369	8	500	489	0.5240	0.284	0.297	0.311	0.247	0.260	0.275	0.295	0.288	0.232	0.237	0.259	0.353	0.325	0.279	2.013	0.546	0.245	0.193	-8609.287
370	8	500	493	0.5168	0.314	0.255	0.274	0.293	0.303	0.277	0.331	0.281	0.293	0.319	0.303	0.319	0.277	0.262	1.901	0.618	0.219	0.235	-8855.972
371	8	500	495	0.5092	0.284	0.325	0.306	0.361	0.258	0.326	0.320	0.273	0.308	0.303	0.308	0.315	0.316	0.289	2.036	0.547	0.248	0.187	-8966.123
372	8	500	491	0.5052	0.330	0.306	0.286	0.337	0.249	0.271	0.288	0.241	0.347	0.297	0.294	0.294	0.303	0.340	2.191	0.649	0.351	0.209	-8871.181
373	8	500	497	0.5152	0.393	0.361	0.357	0.322	0.271	0.333	0.327	0.333	0.269	0.306	0.231	0.320	0.314	0.302	1.827	0.472	0.225	0.191	-9066.367
374	8	500	491	0.5084	0.303	0.307	0.329	0.305	0.259	0.354	0.324	0.298	0.336	0.298	0.333	0.274	0.301	0.313	2.073	0.549	0.260	0.184	-8953.185
375	8	500	494	0.5052	0.360	0.273	0.235	0.296	0.281	0.273	0.216	0.329	0.257	0.324	0.321	0.275	0.303	0.288	1.968	0.454	0.204	0.187	-8701.323
376	8	500	494	0.5218	0.345	0.353	0.336	0.320	0.257	0.284	0.302	0.355	0.317	0.296	0.304	0.250	0.260	0.327	1.968	0.649	0.313	0.195	-8966.197
377	8	500	491	0.5088	0.237	0.321	0.309	0.304	0.288	0.312	0.319	0.289	0.382	0.334	0.245	0.279	0.332	0.367	2.172	0.504	0.263	0.210	-9044.163
378	8	500	494	0.5104	0.320	0.284	0.290	0.310	0.269	0.289	0.325	0.275	0.255	0.302	0.259	0.389	0.329	0.307	1.979	0.577	0.304	0.215	-8937.034
379	8	500	492	0.5213	0.301	0.382	0.341	0.265	0.309	0.293	0.254	0.310	0.251	0.354	0.298	0.310	0.340	0.310	1.832	0.736	0.264	0.202	-8946.281
380	8	500	491	0.5023	0.348	0.336	0.323	0.339	0.266	0.296	0.370	0.336	0.351	0.301	0.328	0.250	0.336	0.275	2.039	0.588	0.343	0.160	-9031.057
381	8	500	491	0.4966	0.302	0.349	0.243	0.354	0.246	0.326	0.362	0.259	0.284	0.281	0.268	0.329	0.299	0.250	1.944	0.385	0.202	0.205	-8934.927
382	8	500	488	0.4904	0.278	0.264	0.279	0.319	0.336	0.294	0.327	0.330	0.261	0.321	0.279	0.329	0.322	0.288	2.041	0.319	0.154	0.205	-8927.765
383	8	500	493	0.5240	0.323	0.269	0.317	0.335	0.339	0.372	0.272	0.328	0.298	0.285	0.345	0.350	0.284	0.268	1.830	0.594	0.318	0.189	-9097.860
384	8	500	494	0.5068	0.147	0.292	0.319	0.307	0.277	0.266	0.260	0.572	0.183	0.357	0.271	0.266	0.304	0.339	1.974	0.637	0.363	0.216	-8935.402
385	8	500	499	0.5275	0.367	0.287	0.286	0.287	0.369	0.248	0.352	0.309	0.289	0.389	0.310	0.352	0.316	0.256	1.858	0.548	0.316	0.199	-9179.364
386	8	500	494	0.5118	0.035	0.308	0.310	0.248	0.354	0.257	0.293	0.457	0.286	0.289	0.344	0.313	0.302	0.245	2.133	0.729	0.266	0.221	-8717.900
387	8	500	497	0.5200	0.270	0.321	0.249	0.359	0.280	0.370	0.225	0.293	0.299	0.307	0.279	0.310	0.262	0.264	2.014	0.444	0.205	0.188	-8797.269
388	8	500	496	0.5114	0.279	0.341	0.291	0.249	0.265	0.280	0.269	0.297	0.301	0.285	0.328	0.359	0.330	0.270	2.377	0.557	0.227	0.240	-8855.879
389	8	500	492	0.4880	0.286	0.302	0.342	0.284	0.234	0.320	0.255	0.273	0.291	0.349	0.259	0.269	0.312	0.263	1.987	0.656	0.271	0.206	-8708.311
390	8	500	494	0.5215	0.289	0.402	0.299	0.377	0.256	0.280	0.322	0.319	0.370	0.270	0.344	0.233	0.386	0.306	2.108	0.489	0.382	0.223	-9261.938
391	8	500	494	0.5231	0.334	0.307	0.275	0.303	0.297	0.377	0.269	0.272	0.314	0.293	0.295	0.306	0.279	0.292	1.954	0.575	0.328	0.172	-8935.534
392	8	500	492	0.5158	0.291	0.316	0.289	0.299	0.282	0.285	0.291	0.292	0.262	0.322	0.320	0.273	0.284	0.262	2.008	0.621	0.336	0.195	-8804.691
393	8	500	496	0.4994	0.342	0.302	0.289	0.298	0.283	0.325	0.236	0.339	0.371	0.277	0.264	0.269	0.240	0.376	1.924	0.433	0.237	0.166	-8846.208
394	8	500	498	0.5032	0.304	0.296	0.281	0.309	0.263	0.358	0.296	0.319	0.328	0.287	0.335	0.367	0.362	0.295	2.004	0.583	0.352	0.199	-9147.623
395	8	500	495	0.5032	0.287	0.310	0.306	0.314	0.322	0.259	0.348	0.328	0.285	0.315	0.308	0.257	0.322	0.358	1.922	0.609	0.357	0.183	-9037.906
396	8	500	490	0.5152	0.252	0.307	0.328	0.249	0.326	0.232	0.286	0.305	0.259	0.307	0.266	0.267	0.313	0.397	1.970	0.628	0.372	0.191	-8851.884
397	8	500	493	0.5098	0.332	0.283	0.326	0.218	0.182	0.308	0.329	0.265	0.303	0.281	0.312	0.325	0.280	0.281	1.985	0.625	0.247	0.213	-8735.896
398	8	500	487	0.4998	0.268	0.276	0.316	0.284	0.315	0.247	0.300	0.277	0.266	0.273	0.273	0.324	0.299	0.268	1.869	0.631	0.285	0.183	-8608.383
399	8	500	496	0.5104	0.253	0.281	0.326	0.290	0.210	0.289	0.224	0.278	0.264	0.377	0.276	0.288	0.303	0.296	2.016	0.661	0.229	0.245	-8729.695
400	8	500	491	0.5261	0.312	0.339	0.300	0.267	0.215	0.341	0.335	0.317	0.275	0.314	0.338	0.315	0.289	0.309	1.891	0.564	0.295	0.195	-9001.243
401	8	500	496	0.5142	0.266	0.298	0.314	0.323	0.361	0.313	0.313	0.259	0.313	0.302	0.317	0.280	0.301	0.314	1.918	0.398	0.223	0.199	-9119.865
402	8	500	495	0.5252	0.305	0.212	0.254	0.366	0.356	0.294	0.357	0.292	0.317	0.264	0.335	0.262	0.277	0.277	1.990	0.350	0.173	0.191	-8915.090
403	8	500	496	0.5150	0.234	0.364	0.276	0.277	0.287	0.309	0.320	0.315	0.381	0.271	0.302	0.308	0.328	0.246	1.698	0.595	0.258	0.216	-9003.038
404	8	500	495	0.5197	0.268	0.257	0.339	0.289	0.226	0.279	0.311	0.261	0.336	0.312	0.297	0.357	0.216	0.312	2.158	0.634	0.297	0.221	-8780.057
405	8	500	495	0.5333	0.288	0.319	0.289	0.325	0.358	0.265	0.292	0.311	0.354	0.294	0.326	0.348	0.314	0.324	1.859	0.456	0.359	0.220	-9324.014
406	8	500	496	0.5190	0.268	0.309	0.225	0.326	0.357	0.293	0.326	0.263	0.265	0.292	0.343	0.253	0.322	0.316	2.144	0.407	0.147	0.222	-8868.628
407	8	500	494	0.5096	0.290	0.267	0.289	0.336	0.283	0.372	0.292	0.307	0.348	0.281	0.302	0.309	0.259	0.340	1.931	0.686	0.300	0.231	-9023.536
408	8	500	496	0.5115	0.292	0.375	0.266	0.314	0.289	0.289	0.281	0.314	0.272	0.294	0.304	0.298	0.292	0.290	2.027	0.513	0.242	0.216	-8920.009
409	8	500	494	0.5112	0.367	0.293	0.328	0.240	0.266	0.298	0.240	0.286	0.301	0.271	0.279	0.308	0.293	0.334	2.182	0.582	0.203	0.218	-8714.317
410	8	500	492	0.5028	0.000	0.244	0.269	0.300	0.229	0.286	0.282	0.607	0.237	0.277	0.266	0.328	0.265	0.355	1.828	0.621	0.330	0.216	-8774.159
411	8	500	493	0.5206	0.279	0.237	0.293	0.279	0.315	0.247	0.321	0.290	0.284	0.303	0.328	0.284	0.306	0.284	2.043	0.477	0.268	0.193	-8808.066
412	8	500	492	0.5115	0.324	0.316	0.294	0.249	0.264	0.306	0.308	0.310	0.277	0.338	0.277	0.324	0.317	0.288	1.982	0.468	0.240	0.212	-8964.338
413	8	500	492	0.5292	0.271	0.406	0.335	0.274	0.283	0.333	0.334	0.270	0.392	0.365	0.290	0.330	0.265	0.309	2.139	0.588	0.355	0.183	-9137.771
414	8	500	494	0.5250	0.292	0.275	0.283	0.301	0.328	0.284	0.308	0.268	0.291	0.274	0.309	0.326	0.295	0.387	2.127	0.536	0.296	0.203	-8965.906
415	8	500	489	0.5198	0.295	0.277	0.305	0.257	0.272	0.309	0.320	0.237	0.262	0.304	0.352	0.247	0.323	0.381	1.845	0.572	0.348	0.184	-8914.432
416	8	500	495	0.5207	0.291	0.336	0.338	0.320	0.354	0.258	0.310	0.269	0.358	0.257	0.282	0.280	0.326	0.297	2.247	0.621	0.331	0.187	-8912.139
417	8	500	494	0.5060	0.270	0.300	0.334	0.281	0.338	0.318	0.304	0.268	0.337	0.354	0.338	0.319	0.333	0.306	2.084	0.487	0.296	0.176	-9125.154
418	8	500	492	0.5107	0.367	0.298	0.322	0.254	0.243	0.279	0.341	0.272	0.258	0.289	0.314	0.246	0.261	0.306	2.352	0.634	0.316	0.198	-8712.257
419	8	500	490	0.5122	0.328	0.302	0.318	0.297	0.351	0.334	0.220	0.302	0.276	0.318	0.320	0.381	0.280	0.340	2.005	0.381	0.207	0.227	-9159.802
420	8	500	497	0.5162	0.323	0.327	0.332	0.280	0.288	0.308	0.297	0.321	0.306	0.313	0.302	0.242	0.296	0.260	1.988	0.665	0.335	0.187	-8844.872
421	8	500	496	0.5397	0.221	0.250	0.323	0.271	0.275	0.311	0.271	0.298	0.318	0.292	0.234	0.312	0.259	0.288	1.937	0.518	0.310	0.205	-8761.054
422	8	500	496	0.5223	0.297	0.299	0.326	0.249	0.277	0.281	0.363	0.267	0.360	0.251	0.332	0.176	0.304	0.314	1.969	0.578	0.248	0.204	-8838.852
423	8	500	491	0.5003	0.311	0.313	0.306	0.309	0.287	0.346	0.278	0.278	0.351	0.350	0.255	0.267	0.279	0.287	1.904	0.579	0.236	0.213	-8860.511
424	8	500	495	0.5038	0.369	0.410	0.280	0.302	0.297	0.283	0.310	0.395	0.237	0.282	0.325	0.358	0.313	0.294	2.161	0.524	0.273	0.187	-9036.457
425	8	500	488	0.5083	0.264	0.196	0.335	0.290	0.337	0.276	0.275	0.253	0.260	0.344	0.323	0.290	0.307	0.297	1.963	0.535	0.283	0.173	-8718.142
426	8	500	492	0.5078	0.263	0.348	0.291	0.312	0.258	0.253	0.346	0.329	0.390	0.302	0.298	0.287	0.244	0.309	1.995	0.423	0.248	0.175	-8930.294
427	8	500	491	0.5230	0.372	0.353	0.289	0.301	0.244	0.309	0.305	0.353	0.277	0.380	0.318	0.243	0.267	0.289	2.100	0.712	0.254	0.234	-8931.040
428	8	500	497	0.5227	0.280	0.276	0.315	0.268	0.299	0.326	0.328	0.301	0.338	0.284	0.318	0.350	0.320	0.313	1.897	0.470	0.213	0.195	-9010.012
429	8	500	494	0.5181	0.313	0.258	0.275	0.254	0.270	0.336	0.271	0.307	0.325	0.269	0.281	0.307	0.324	0.362	2.067	0.558	0.275	0.175	-8792.419
430	8	500	492	0.5126	0.269	0.277	0.308	0.294	0.341	0.277	0.342	0.314	0.338	0.258	0.328	0.292	0.338	0.255	1.943	0.602	0.232	0.232	-8954.339
431	8	500	495	0.5064	0.294	0.263	0.356	0.303	0.315	0.307	0.292	0.223	0.282	0.324	0.264	0.324	0.262	0.341	2.002	0.544	0.275	0.210	-8900.291
432	8	500	496	0.5197	0.301	0.315	0.283	0.365	0.230	0.290	0.312	0.286	0.262	0.305	0.331	0.275	0.261	0.334	2.099	0.532	0.267	0.201	-8875.773
433	8	500	493	0.4913	0.348	0.287	0.252	0.305	0.329	0.320	0.255	0.319	0.373	0.336	0.279	0.354	0.247	0.235	1.876	0.398	0.157	0.194	-8814.460
434	8	500	494	0.5177	0.277	0.323	0.309	0.272	0.276	0.375	0.251	0.268	0.214	0.331	0.335	0.284	0.311	0.303	1.787	0.606	0.256	0.196	-8880.284
435	8	500	497	0.4991	0.316	0.321	0.299	0.276	0.247	0.281	0.303	0.299	0.289	0.329	0.325	0.298	0.334	0.252	1.954	0.536	0.224	0.220	-8875.913
436	8	500	497	0.5147	0.317	0.341	0.345	0.290	0.290	0.327	0.269	0.258	0.248	0.340	0.323	0.309	0.324	0.225	1.858	0.596	0.271	0.212	-9001.293
437	8	500	496	0.5192	0.274	0.308	0.269	0.317	0.301	0.312	0.331	0.292	0.297	0.276	0.303	0.312	0.262	0.309	1.953	0.517	0.301	0.189	-8917.023
438	8	500	497	0.5325	0.344	0.260	0.292	0.285	0.321	0.296	0.271	0.355	0.299	0.295	0.226	0.339	0.256	0.340	1.978	0.485	0.282	0.192	-8927.361
439	8	500	495	0.5159	0.212	0.285	0.326	0.321	0.222	0.325	0.304	0.414	0.311	0.330	0.282	0.330	0.276	0.281	2.164	0.620	0.250	0.198	-8885.056
440	8	500	494	0.5318	0.429	0.260	0.356	0.246	0.332	0.263	0.302	0.245	0.263	0.279	0.314	0.304	0.280	0.279	2.167	0.648	0.292	0.227	-8884.475
441	8	500	495	0.5115	0.276	0.248	0.247	0.285	0.284	0.331	0.319	0.364	0.316	0.305	0.316	0.230	0.285	0.225	2.003	0.549	0.238	0.210	-8779.290
442	8	500	494	0.5275	0.306	0.326	0.328	0.298	0.288	0.331	0.250	0.327	0.343	0.274	0.278	0.222	0.335	0.334	1.886	0.630	0.287	0.202	-8994.144
443	8	500	494	0.5086	0.352	0.270	0.311	0.266	0.298	0.303	0.292	0.272	0.279	0.326	0.378	0.336	0.316	0.278	2.169	0.610	0.304	0.202	-8928.421
444	8	500	492	0.5464	0.289	0.314	0.227	0.271	0.324	0.311	0.324	0.226	0.302	0.243	0.296	0.251	0.267	0.297	2.015	0.260	0.111	0.196	-8683.486
445	8	500	496	0.5282	0.252	0.252	0.242	0.338	0.361	0.347	0.270	0.293	0.275	0.313	0.323	0.318	0.333	0.380	2.000	0.492	0.236	0.201	-9059.103
446	8	500	489	0.5057	0.344	0.326	0.310	0.287	0.280	0.310	0.337	0.330	0.308	0.332	0.271	0.213	0.294	0.340	1.962	0.624	0.243	0.224	-8969.728
447	8	500	491	0.4962	0.294	0.251	0.233	0.367	0.321	0.308	0.281	0.288	0.300	0.342	0.267	0.337	0.251	0.282	2.054	0.561	0.271	0.205	-8826.769
448	8	500	491	0.5174	0.317	0.338	0.267	0.301	0.251	0.323	0.273	0.312	0.335	0.304	0.282	0.307	0.320	0.284	1.988	0.695	0.305	0.226	-8955.185
449	8	500	495	0.5064	0.310	0.297	0.317	0.292	0.310	0.263	0.276	0.289	0.304	0.351	0.267	0.286	0.348	0.290	2.022	0.461	0.244	0.191	-8924.979
450	8	500	491	0.4969	0.226	0.314	0.255	0.268	0.250	0.230	0.299	0.279	0.263	0.337	0.253	0.301	0.293	0.317	1.954	0.606	0.250	0.186	-8546.158
451	8	500	492	0.5209	0.318	0.340	0.285	0.318	0.193	0.335	0.302	0.357	0.282	0.254	0.291	0.300	0.347	0.307	2.271	0.543	0.314	0.172	-8869.129
452	8	500	492	0.5077	0.225	0.297	0.260	0.298	0.275	0.296	0.305	0.282	0.317	0.317	0.245	0.307	0.276	0.228	1.879	0.649	0.236	0.178	-8523.719
453	8	500	494	0.5314	0.299	0.238	0.316	0.242	0.284	0.305	0.285	0.338	0.248	0.370	0.318	0.303	0.323	0.285	1.780	0.624	0.311	0.208	-8943.588
454	8	500	492	0.5157	0.321	0.304	0.241	0.373	0.278	0.319	0.264	0.359	0.273	0.329	0.306	0.242	0.284	0.309	1.988	0.483	0.287	0.187	-8883.892
455	8	500	497	0.5337	0.247	0.258	0.297	0.272	0.279	0.292	0.233	0.322	0.347	0.273	0.265	0.252	0.291	0.340	2.179	0.539	0.295	0.196	-8748.520
456	8	500	493	0.5002	0.000	0.297	0.316	0.254	0.284	0.314	0.303	0.582	0.384	0.264	0.247	0.244	0.275	0.279	1.948	0.674	0.307	0.213	-8750.310
457	8	500	489	0.5022	0.284	0.281	0.351	0.285	0.241	0.316	0.302	0.370	0.324	0.251	0.312	0.278	0.294	0.273	2.050	0.606	0.264	0.215	-8874.795
458	8	500	491	0.5020	0.327	0.303	0.289	0.321	0.302	0.288	0.269	0.300	0.329	0.273	0.384	0.257	0.287	0.286	2.134	0.473	0.262	0.198	-8884.689
459	8	500	495	0.5028	0.328	0.349	0.297	0.337	0.251	0.343	0.263	0.317	0.348	0.365	0.301	0.298	0.298	0.263	2.069	0.623	0.284	0.236	-9077.842
460	8	500	492	0.5174	0.223	0.353	0.325	0.297	0.325	0.346	0.281	0.301	0.306	0.322	0.312	0.339	0.234	0.333	2.140	0.697	0.303	0.206	-8937.501
461	8	500	490	0.5129	0.357	0.333	0.297	0.328	0.256	0.365	0.293	0.274	0.309	0.258	0.259	0.300	0.263	0.259	1.990	0.486	0.176	0.183	-8760.972
462	8	500	492	0.5181	0.303	0.248	0.251	0.308	0.385	0.329	0.243	0.312	0.277	0.259	0.294	0.324	0.266	0.284	1.724	0.453	0.236	0.198	-8858.042
463	8	500	490	0.5233	0.241	0.277	0.298	0.262	0.376	0.268	0.312	0.285	0.158	0.310	0.300	0.353	0.296	0.249	2.154	0.582	0.332	0.198	-8721.189
464	8	500	499	0.5022	0.275	0.239	0.304	0.291	0.323	0.281	0.305	0.363	0.330	0.325	0.288	0.286	0.389	0.319	2.167	0.606	0.393	0.210	-9058.160
465	8	500	494	0.5164	0.339	0.309	0.282	0.295	0.256	0.306	0.284	0.356	0.336	0.284	0.220	0.309	0.291	0.287	1.932	0.532	0.283	0.172	-8779.430
466	8	500	495	0.5180	0.315	0.235	0.269	0.294	0.309	0.321	0.302	0.278	0.323	0.349	0.247	0.313	0.323	0.279	2.056	0.540	0.218	0.193	-8822.227
467	8	500	491	0.5132	0.302	0.324	0.305	0.337	0.215	0.351	0.327	0.297	0.341	0.270	0.272	0.316	0.348	0.240	2.028	0.606	0.271	0.210	-8944.645
468	8	500	496	0.5028	0.272	0.320	0.330	0.275	0.263	0.280	0.295	0.351	0.309	0.301	0.318	0.336	0.323	0.284	2.010	0.601	0.344	0.195	-8992.348
469	8	500	494	0.5318	0.308	0.260	0.336	0.264	0.310	0.294	0.314	0.332	0.326	0.316	0.345	0.347	0.311	0.351	2.136	0.557	0.238	0.195	-9079.850
470	8	500	490	0.5147	0.344	0.281	0.333	0.332	0.314	0.289	0.341	0.347	0.273	0.332	0.240	0.289	0.223	0.306	1.933	0.507	0.197	0.191	-8829.791
471	8	500	492	0.5219	0.302	0.330	0.234	0.329	0.328	0.226	0.349	0.322	0.307	0.359	0.324	0.361	0.352	0.322	1.950	0.538	0.200	0.214	-9107.448
472	8	500	495	0.5192	0.256	0.260	0.288	0.339	0.300	0.336	0.325	0.329	0.310	0.356	0.292	0.342	0.295	0.307	2.128	0.440	0.231	0.196	-9066.795
473	8	500	492	0.5232	0.293	0.195	0.317	0.248	0.397	0.243	0.328	0.309	0.350	0.316	0.330	0.265	0.342	0.316	2.008	0.575	0.305	0.177	-8923.789
474	8	500	494	0.5164	0.320	0.287	0.297	0.288	0.312	0.299	0.282	0.296	0.263	0.268	0.324	0.334	0.281	0.306	1.939	0.426	0.251	0.179	-8835.921
475	8	500	496	0.4934	0.321	0.321	0.315	0.352	0.298	0.348	0.301	0.324	0.324	0.323	0.361	0.357	0.267	0.269	2.136	0.433	0.245	0.178	-9095.706
476	8	500	494	0.4978	0.266	0.350	0.278	0.274	0.280	0.233	0.291	0.306	0.286	0.323	0.276	0.309	0.278	0.306	1.861	0.562	0.246	0.225	-8803.163
477	8	500	493	0.4778	0.278	0.291	0.292	0.328	0.339	0.268	0.346	0.320	0.311	0.305	0.293	0.266	0.306	0.311	1.954	0.653	0.347	0.179	-8880.356
478	8	500	495	0.5283	0.302	0.288	0.251	0.299	0.355	0.295	0.279	0.354	0.309	0.358	0.308	0.338	0.382	0.248	1.872	0.495	0.255	0.193	-9053.732
479	8	500	492	0.4879	0.368	0.289	0.333	0.245	0.337	0.296	0.326	0.337	0.326	0.328	0.262	0.238	0.281	0.244	2.068	0.572	0.228	0.200	-8829.760
480	8	500	494	0.5100	0.329	0.297	0.317	0.252	0.342	0.304	0.313	0.291	0.334	0.345	0.294	0.320	0.299	0.280	2.102	0.597	0.288	0.209	-8996.551
481	8	500	494	0.5215	0.295	0.292	0.282	0.298	0.336	0.265	0.317	0.272	0.298	0.310	0.242	0.297	0.262	0.290	2.083	0.571	0.253	0.191	-8713.257
482	8	500	498	0.5117	0.361	0.249	0.344	0.320	0.328	0.286	0.265	0.360	0.269	0.315	0.328	0.300	0.285	0.320	1.893	0.524	0.246	0.219	-9054.589
483	8	500	493	0.5244	0.271	0.275	0.263	0.299	0.323	0.247	0.314	0.322	0.297	0.312	0.251	0.308	0.226	0.231	2.108	0.663	0.337	0.217	-8662.988
484	8	500	496	0.5226	0.303	0.315	0.303	0.310	0.280	0.314	0.287	0.319	0.387	0.296	0.319	0.277	0.326	0.313	1.931	0.575	0.284	0.182	-8993.450
485	8	500	492	0.5092	0.249	0.264	0.276	0.328	0.420	0.299	0.285	0.281	0.313	0.374	0.304	0.310	0.344	0.259	2.094	0.368	0.174	0.171	-8904.479
486	8	500	486	0.5052	0.269	0.291	0.298	0.327	0.393	0.257	0.313	0.235	0.277	0.329	0.368	0.349	0.294	0.320	1.887	0.622	0.291	0.195	-8984.050
487	8	500	492	0.5201	0.222	0.335	0.254	0.327	0.309	0.247	0.366	0.366	0.283	0.332	0.309	0.246	0.356	0.281	2.056	0.651	0.349	0.190	-8901.718
488	8	500	490	0.5276	0.345	0.324	0.288	0.367	0.280	0.357	0.242	0.337	0.299	0.264	0.318	0.315	0.327	0.320	1.758	0.555	0.306	0.214	-9197.922
489	8	500	495	0.5137	0.260	0.331	0.308	0.262	0.250	0.229	0.313	0.313	0.245	0.336	0.340	0.327	0.240	0.334	2.222	0.645	0.268	0.208	-8741.572
490	8	500	496	0.5119	0.253	0.278	0.305	0.232	0.381	0.289	0.322	0.233	0.212	0.264	0.380	0.342	0.257	0.296	1.843	0.704	0.287	0.223	-8821.913
491	8	500	490	0.5183	0.312	0.341	0.278	0.346	0.287	0.302	0.218	0.229	0.398	0.281	0.292	0.224	0.326	0.320	1.950	0.435	0.316	0.175	-8972.300
492	8	500	497	0.5107	0.284	0.305	0.237	0.273	0.299	0.312	0.238	0.321	0.237	0.296	0.312	0.291	0.232	0.350	1.984	0.578	0.276	0.216	-8749.299
493	8	500	496	0.5182	0.257	0.301	0.348	0.332	0.341	0.310	0.259	0.277	0.307	0.204	0.378	0.268	0.324	0.349	1.989	0.557	0.272	0.219	-9049.351
494	8	500	492	0.5108	0.264	0.237	0.312	0.294	0.239	0.244	0.311	0.309	0.302	0.273	0.352	0.279	0.317	0.293	1.932	0.754	0.246	0.216	-8756.145
495	8	500	494	0.5090	0.288	0.345	0.328	0.289	0.238	0.303	0.291	0.298	0.333	0.270	0.320	0.292	0.275	0.316	2.027	0.473	0.273	0.195	-8956.050
496	8	500	495	0.5051	0.269	0.226	0.351	0.311	0.352	0.346	0.284	0.326	0.299	0.297	0.295	0.304	0.261	0.258	2.048	0.573	0.296	0.209	-8934.933
497	8	500	496	0.5077	0.331	0.286	0.305	0.328	0.255	0.354	0.308	0.262	0.245	0.315	0.341	0.401	0.276	0.289	1.942	0.514	0.245	0.216	-9066.539
498	8	500	495	0.5112	0.340	0.263	0.314	0.324	0.275	0.333	0.319	0.273	0.326	0.293	0.265	0.324	0.295	0.269	2.168	0.398	0.202	0.177	-8910.214
499	8	500	490	0.5003	0.235	0.273	0.313	0.337	0.347	0.244	0.323	0.318	0.284	0.340	0.272	0.263	0.303	0.314	1.935	0.539	0.390	0.179	-8992.988
500	8	500	498	0.5119	0.283	0.338	0.331	0.297	0.263	0.302	0.306	0.307	0.305	0.336	0.293	0.339	0.314	0.275	1.946	0.487	0.247	0.196	-8997.961
501	8	500	494	0.5282	0.331	0.273	0.315	0.379	0.355	0.319	0.316	0.294	0.313	0.321	0.309	0.349	0.286	0.315	2.009	0.554	0.337	0.191	-9237.839
502	8	500	494	0.5191	0.319	0.370	0.277	0.293	0.258	0.336	0.330	0.292	0.305	0.306	0.317	0.294	0.244	0.372	1.897	0.590	0.292	0.202	-9088.253
503	8	500	495	0.5173	0.294	0.309	0.249	0.371	0.290	0.301	0.248	0.267	0.307	0.277	0.287	0.231	0.263	0.336	1.933	0.611	0.258	0.218	-8835.659
504	8	500	492	0.5094	0.312	0.255	0.299	0.323	0.336	0.283	0.310	0.353	0.391	0.341	0.343	0.238	0.357	0.277	1.946	0.511	0.230	0.206	-9046.526
505	8	500	494	0.5078	0.324	0.350	0.299	0.283	0.311	0.304	0.304	0.307	0.311	0.295	0.285	0.286	0.324	0.284	2.085	0.530	0.294	0.216	-9037.098
506	8	500	491	0.5143	0.262	0.304	0.279	0.303	0.270	0.291	0.261	0.280	0.276	0.287	0.310	0.332	0.320	0.298	1.792	0.529	0.276	0.204	-8875.908
507	8	500	494	0.5104	0.317	0.255	0.272	0.334	0.246	0.326	0.322	0.310	0.303	0.322	0.319	0.247	0.315	0.250	1.995	0.634	0.365	0.211	-8918.575
508	8	500	496	0.5266	0.357	0.331	0.276	0.297	0.283	0.351	0.328	0.341	0.340	0.302	0.300	0.307	0.325	0.342	1.784	0.529	0.289	0.182	-9126.978
509	8	500	499	0.5135	0.290	0.277	0.283	0.254	0.335	0.324	0.318	0.257	0.309	0.287	0.350	0.323	0.342	0.301	2.066	0.525	0.259	0.202	-9043.061
510	8	500	489	0.5123	0.277	0.272	0.314	0.266	0.304	0.322	0.267	0.267	0.352	0.275	0.306	0.356	0.299	0.248	1.912	0.643	0.283	0.231	-8885.579
511	8	500	492	0.5153	0.291	0.257	0.290	0.283	0.369	0.337	0.279	0.331	0.355	0.297	0.357	0.316	0.365	0.286	1.941	0.473	0.311	0.195	-9173.067
512	8	500	495	0.5237	0.286	0.335	0.308	0.321	0.306	0.319	0.281	0.292	0.394	0.297	0.309	0.332	0.308	0.307	1.999	0.659	0.341	0.184	-9027.988
513	8	500	497	0.5242	0.295	0.313	0.286	0.313	0.228	0.339	0.245	0.295	0.311	0.294	0.326	0.311	0.325	0.288	2.150	0.397	0.187	0.234	-9007.714
514	8	500	494	0.5142	0.002	0.319	0.271	0.302	0.258	0.313	0.276	0.546	0.239	0.343	0.262	0.310	0.320	0.305	1.994	0.658	0.300	0.205	-8836.715
515	8	500	488	0.5102	0.380	0.272	0.260	0.325	0.344	0.292	0.265	0.293	0.233	0.312	0.251	0.302	0.286	0.320	1.969	0.508	0.245	0.182	-8777.601
516	8	500	490	0.5192	0.370	0.212	0.268	0.353	0.372	0.285	0.318	0.359	0.301	0.272	0.300	0.400	0.305	0.305	2.181	0.451	0.233	0.176	-8984.613
517	8	500	492	0.5205	0.293	0.262	0.340	0.316	0.303	0.296	0.316	0.331	0.266	0.330	0.286	0.376	0.366	0.348	2.014	0.585	0.246	0.213	-9120.292
518	8	500	496	0.5229	0.295	0.195	0.321	0.325	0.320	0.267	0.337	0.323	0.316	0.344	0.288	0.338	0.286	0.320	1.896	0.549	0.278	0.201	-9011.169
519	8	500	490	0.5143	0.339	0.315	0.322	0.261	0.238	0.277	0.285	0.332	0.290	0.312	0.324	0.295	0.392	0.241	1.936	0.623	0.345	0.202	-8951.781
520	8	500	495	0.5066	0.329	0.240	0.288	0.311	0.326	0.302	0.330	0.283	0.317	0.281	0.320	0.329	0.309	0.302	1.937	0.559	0.246	0.191	-8937.856
521	8	500	491	0.5081	0.328	0.255	0.255	0.321	0.258	0.300	0.328	0.310	0.303	0.284	0.316	0.330	0.252	0.268	1.814	0.335	0.183	0.203	-8898.536
522	8	500	497	0.5221	0.301	0.378	0.295	0.339	0.324	0.366	0.259	0.390	0.356	0.265	0.287	0.273	0.316	0.296	2.083	0.557	0.338	0.212	-9177.900
523	8	500	495	0.5014	0.000	0.291	0.319	0.289	0.316	0.260	0.299	0.589	0.250	0.280	0.247	0.292	0.302	0.246	2.021	0.672	0.328	0.210	-8671.187
524	8	500	490	0.5256	0.367	0.350	0.283	0.315	0.314	0.267	0.310	0.284	0.288	0.324	0.318	0.332	0.364	0.313	1.980	0.608	0.329	0.191	-9141.777
525	8	500	494	0.5041	0.263	0.324	0.364	0.274	0.280	0.304	0.360	0.298	0.300	0.268	0.294	0.210	0.282	0.357	1.979	0.659	0.267	0.239	-8992.960
526	8	500	494	0.4947	0.303	0.288	0.311	0.259	0.351	0.312	0.344	0.340	0.250	0.301	0.258	0.338	0.300	0.261	1.964	0.433	0.206	0.180	-8868.474
527	8	500	493	0.5217	0.353	0.277	0.345	0.281	0.379	0.302	0.298	0.288	0.261	0.317	0.252	0.351	0.341	0.251	1.797	0.484	0.284	0.164	-8968.151
528	8	500	498	0.5054	0.322	0.328	0.320	0.329	0.296	0.321	0.332	0.288	0.269	0.290	0.290	0.371	0.332	0.291	1.964	0.418	0.212	0.186	-9096.725
529	8	500	490	0.5041	0.271	0.287	0.240	0.330	0.361	0.266	0.334	0.302	0.376	0.313	0.273	0.280	0.307	0.278	2.034	0.512	0.292	0.192	-8919.771
530	8	500	493	0.5181	0.282	0.372	0.255	0.301	0.329	0.313	0.305	0.356	0.336	0.273	0.292	0.328	0.321	0.323	2.242	0.599	0.334	0.205	-9022.150
531	8	500	491	0.5244	0.300	0.278	0.295	0.332	0.273	0.263	0.312	0.286	0.283	0.248	0.301	0.335	0.331	0.283	2.001	0.554	0.357	0.176	-8882.850
532	8	500	491	0.5148	0.327	0.259	0.301	0.282	0.333	0.263	0.309	0.316	0.313	0.283	0.262	0.273	0.255	0.312	1.951	0.523	0.258	0.195	-8730.538
533	8	500	492	0.5314	0.335	0.367	0.318	0.333	0.243	0.261	0.323	0.308	0.349	0.291	0.306	0.261	0.328	0.340	2.147	0.477	0.334	0.209	-9102.837
534	8	500	493	0.5117	0.288	0.257	0.323	0.241	0.392	0.245	0.286	0.258	0.301	0.306	0.373	0.299	0.234	0.329	2.035	0.520	0.262	0.185	-8828.376
535	8	500	488	0.5072	0.338	0.251	0.271	0.236	0.283	0.294	0.273	0.342	0.381	0.340	0.321	0.285	0.205	0.389	2.112	0.427	0.218	0.153	-8706.058
536	8	500	498	0.5094	0.267	0.346	0.313	0.279	0.304	0.263	0.290	0.278	0.340	0.331	0.314	0.273	0.281	0.292	1.972	0.375	0.207	0.202	-9019.758
537	8	500	496	0.5097	0.312	0.326	0.285	0.299	0.333	0.291	0.310	0.300	0.305	0.373	0.254	0.297	0.302	0.260	1.701	0.457	0.227	0.196	-8971.810
538	8	500	489	0.5256	0.326	0.242	0.305	0.266	0.362	0.268	0.318	0.283	0.286	0.274	0.283	0.311	0.279	0.295	1.938	0.403	0.222	0.196	-8869.761
539	8	500	494	0.5019	0.156	0.300	0.277	0.309	0.272	0.333	0.302	0.530	0.297	0.274	0.299	0.321	0.289	0.259	2.054	0.620	0.380	0.205	-8958.089
540	8	500	489	0.5246	0.295	0.303	0.275	0.270	0.239	0.327	0.253	0.352	0.238	0.309	0.285	0.342	0.319	0.341	1.994	0.631	0.289	0.207	-8880.231
541	8	500	490	0.5301	0.268	0.221	0.302	0.280	0.256	0.381	0.254	0.287	0.282	0.228	0.314	0.302	0.285	0.331	1.797	0.681	0.263	0.201	-8751.116
542	8	500	492	0.5260	0.251	0.291	0.339	0.357	0.338	0.311	0.272	0.307	0.387	0.337	0.287	0.213	0.310	0.311	2.037	0.508	0.267	0.189	-9055.816
543	8	500	493	0.5116	0.247	0.351	0.319	0.306	0.346	0.315	0.272	0.299	0.361	0.275	0.227	0.241	0.290	0.290	1.978	0.565	0.255	0.188	-8807.353
544	8	500	491	0.5172	0.260	0.264	0.276	0.289	0.258	0.298	0.272	0.290	0.302	0.290	0.328	0.308	0.312	0.291	2.087	0.546	0.250	0.230	-8860.951
545	8	500	495	0.5013	0.271	0.356	0.259	0.282	0.300	0.281	0.363	0.244	0.273	0.323	0.330	0.268	0.291	0.377	1.873	0.557	0.271	0.197	-9008.174
546	8	500	491	0.5062	0.320	0.300	0.290	0.306	0.263	0.334	0.307	0.368	0.230	0.319	0.292	0.301	0.280	0.299	2.006	0.491	0.240	0.216	-8964.044
547	8	500	491	0.5063	0.288	0.316	0.344	0.322	0.388	0.256	0.366	0.282	0.333	0.284	0.271	0.340	0.303	0.294	2.064	0.558	0.298	0.191	-9024.133
548	8	500	494	0.5056	0.289	0.336	0.301	0.274	0.238	0.234	0.269	0.273	0.250	0.321	0.270	0.255	0.311	0.319	2.069	0.556	0.294	0.200	-8716.574
549	8	500	495	0.4970	0.302	0.237	0.290	0.289	0.229	0.361	0.305	0.257	0.340	0.285	0.301	0.227	0.330	0.300	1.915	0.499	0.254	0.205	-8839.809
550	8	500	492	0.5202	0.304	0.226	0.398	0.267	0.321	0.332	0.286	0.348	0.254	0.340	0.403	0.282	0.299	0.341	1.908	0.515	0.356	0.173	-9104.188
551	8	500	490	0.5002	0.251	0.278	0.310	0.300	0.259	0.307	0.320	0.257	0.321	0.349	0.274	0.267	0.276	0.287	1.934	0.582	0.327	0.162	-8747.798
552	8	500	495	0.5303	0.270	0.286	0.318	0.330	0.339	0.285	0.230	0.276	0.300	0.304	0.243	0.215	0.339	0.321	2.053	0.661	0.277	0.206	-8770.088
553	8	500	489	0.5148	0.001	0.270	0.330	0.275	0.363	0.268	0.284	0.648	0.289	0.357	0.320	0.288	0.270	0.294	1.943	0.572	0.330	0.210	-9014.411
554	8	500	489	0.4968	0.269	0.242	0.276	0.319	0.257	0.281	0.328	0.251	0.319	0.332	0.271	0.316	0.320	0.290	2.007	0.650	0.314	0.190	-8771.351
555	8	500	494	0.5237	0.327	0.303	0.294	0.258	0.289	0.282	0.265	0.303	0.381	0.307	0.291	0.312	0.296	0.333	2.224	0.593	0.225	0.177	-8756.247
556	8	500	499	0.5248	0.319	0.339	0.351	0.317	0.317	0.310	0.269	0.308	0.339	0.267	0.322	0.367	0.334	0.276	2.113	0.689	0.311	0.230	-9168.199
557	8	500	495	0.5054	0.321	0.339	0.264	0.286	0.286	0.368	0.334	0.338	0.274	0.298	0.250	0.262	0.337	0.273	1.985	0.624	0.350	0.212	-8962.380
558	8	500	493	0.5024	0.278	0.291	0.357	0.270	0.263	0.307	0.318	0.294	0.350	0.336	0.264	0.224	0.309	0.342	2.078	0.616	0.316	0.190	-8901.883
559	8	500	497	0.5122	0.284	0.253	0.281	0.373	0.375	0.416	0.242	0.283	0.243	0.340	0.322	0.273	0.273	0.287	1.910	0.507	0.247	0.208	-9055.149
560	8	500	493	0.5251	0.262	0.299	0.321	0.277	0.329	0.248	0.314	0.355	0.293	0.330	0.258	0.252	0.350	0.266	1.998	0.571	0.354	0.188	-8907.244
561	8	500	490	0.5121	0.313	0.328	0.306	0.380	0.280	0.280	0.299	0.266	0.257	0.332	0.308	0.290	0.323	0.324	1.954	0.427	0.274	0.178	-9057.206
562	8	500	492	0.5157	0.313	0.254	0.357	0.322	0.290	0.263	0.336	0.316	0.311	0.291	0.271	0.331	0.290	0.297	2.045	0.543	0.233	0.199	-8922.092
563	8	500	494	0.5206	0.390	0.326	0.261	0.263	0.326	0.350	0.296	0.297	0.306	0.315	0.272	0.263	0.307	0.363	1.679	0.535	0.252	0.186	-9061.666
564	8	500	493	0.5308	0.252	0.367	0.310	0.331	0.268	0.254	0.266	0.331	0.265	0.287	0.295	0.256	0.319	0.290	1.855	0.629	0.289	0.198	-8833.383
565	8	500	495	0.5091	0.237	0.263	0.292	0.319	0.317	0.313	0.334	0.250	0.278	0.339	0.302	0.290	0.287	0.261	1.968	0.573	0.234	0.193	-8778.747
566	8	500	493	0.5260	0.325	0.331	0.272	0.363	0.278	0.324	0.286	0.309	0.300	0.239	0.302	0.278	0.324	0.323	1.936	0.513	0.284	0.189	-8999.664
567	8	500	493	0.5141	0.249	0.342	0.307	0.296	0.354	0.232	0.353	0.335	0.298	0.349	0.275	0.334	0.267	0.323	2.140	0.633	0.235	0.199	-8923.079
568	8	500	499	0.5239	0.342	0.439	0.295	0.338	0.319	0.351	0.253	0.272	0.348	0.351	0.278	0.289	0.273	0.322	1.882	0.554	0.323	0.215	-9290.613
569	8	500	493	0.5141	0.251	0.299	0.286	0.278	0.212	0.304	0.296	0.338	0.297	0.338	0.311	0.271	0.319	0.275	2.085	0.722	0.278	0.225	-8812.649
570	8	500	495	0.5242	0.292	0.318	0.230	0.263	0.280	0.294	0.372	0.339	0.271	0.323	0.284	0.261	0.278	0.258	1.867	0.748	0.252	0.216	-8778.468
571	8	500	489	0.5276	0.266	0.316	0.258	0.334	0.285	0.299	0.308	0.247	0.368	0.313	0.369	0.327	0.336	0.312	2.040	0.447	0.296	0.211	-9120.507
572	8	500	494	0.5066	0.001	0.218	0.372	0.309	0.337	0.311	0.330	0.560	0.292	0.295	0.343	0.282	0.292	0.336	1.755	0.592	0.368	0.212	-9174.920
573	8	500	491	0.5028	0.355	0.350	0.305	0.334	0.311	0.362	0.348	0.264	0.268	0.283	0.287	0.281	0.275	0.313	1.838	0.416	0.294	0.180	-9109.298
574	8	500	491	0.5146	0.291	0.307	0.332	0.281	0.287	0.282	0.328	0.245	0.310	0.354	0.330	0.276	0.309	0.249	2.005	0.666	0.284	0.214	-8932.927
575	8	500	489	0.5243	0.311	0.310	0.301	0.307	0.336	0.295	0.300	0.328	0.253	0.239	0.314	0.389	0.279	0.283	1.952	0.620	0.359	0.193	-8956.461
576	8	500	495	0.5180	0.296	0.287	0.317	0.315	0.318	0.289	0.286	0.328	0.298	0.273	0.301	0.297	0.296	0.325	1.872	0.642	0.270	0.213	-8965.637
577	8	500	494	0.5101	0.313	0.305	0.308	0.407	0.315	0.294	0.355	0.258	0.348	0.276	0.310	0.278	0.293	0.300	2.191	0.641	0.330	0.187	-9003.036
578	8	500	494	0.5250	0.323	0.374	0.341	0.319	0.286	0.327	0.256	0.308	0.275	0.276	0.324	0.298	0.266	0.302	1.830	0.655	0.263	0.193	-8963.024
579	8	500	498	0.5199	0.321	0.325	0.269	0.330	0.303	0.314	0.306	0.257	0.302	0.339	0.288	0.319	0.330	0.299	1.912	0.629	0.318	0.219	-9068.333
580	8	500	486	0.5058	0.300	0.340	0.292	0.300	0.311	0.293	0.312	0.306	0.286	0.257	0.292	0.279	0.300	0.351	1.920	0.527	0.309	0.200	-9003.657
581	8	500	493	0.4995	0.264	0.350	0.301	0.320	0.279	0.258	0.272	0.263	0.304	0.275	0.269	0.288	0.322	0.262	1.773	0.643	0.248	0.191	-8713.210
582	8	500	491	0.5052	0.299	0.267	0.291	0.327	0.309	0.313	0.300	0.276	0.257	0.268	0.295	0.299	0.287	0.314	2.005	0.556	0.248	0.189	-8746.989
583	8	500	493	0.5048	0.319	0.250	0.305	0.301	0.262	0.320	0.289	0.322	0.310	0.269	0.310	0.313	0.309	0.264	2.001	0.602	0.265	0.227	-8899.226
584	8	500	495	0.5128	0.311	0.429	0.267	0.346	0.269	0.305	0.351	0.254	0.256	0.281	0.316	0.289	0.312	0.310	2.118	0.608	0.344	0.193	-9022.120
585	8	500	496	0.5172	0.353	0.290	0.345	0.289	0.331	0.295	0.342	0.323	0.315	0.299	0.283	0.287	0.320	0.348	2.027	0.610	0.345	0.185	-9071.573
586	8	500	498	0.5187	0.328	0.359	0.338	0.302	0.259	0.261	0.337	0.412	0.275	0.313	0.342	0.308	0.331	0.304	2.148	0.527	0.365	0.206	-9144.363
587	8	500	497	0.5137	0.266	0.359	0.316	0.370	0.234	0.328	0.292	0.318	0.356	0.272	0.298	0.394	0.295	0.277	1.895	0.489	0.236	0.183	-9032.406
588	8	500	492	0.5162	0.221	0.297	0.346	0.282	0.375	0.257	0.311	0.253	0.329	0.298	0.319	0.257	0.287	0.276	2.011	0.573	0.314	0.168	-8826.707
589	8	500	492	0.5177	0.000	0.345	0.248	0.356	0.218	0.308	0.336	0.673	0.233	0.247	0.318	0.279	0.300	0.309	1.937	0.697	0.303	0.232	-8927.372
590	8	500	497	0.5203	0.269	0.365	0.294	0.333	0.259	0.327	0.288	0.325	0.266	0.282	0.289	0.261	0.239	0.320	2.079	0.537	0.236	0.200	-8814.122
591	8	500	490	0.4948	0.327	0.290	0.279	0.298	0.256	0.263	0.318	0.274	0.348	0.338	0.347	0.291	0.298	0.296	1.969	0.467	0.271	0.189	-8918.306
592	8	500	495	0.5183	0.172	0.267	0.234	0.271	0.385	0.232	0.353	0.386	0.269	0.278	0.297	0.408	0.263	0.342	2.246	0.600	0.355	0.196	-8839.717
593	8	500	493	0.5101	0.250	0.291	0.318	0.335	0.367	0.283	0.254	0.303	0.242	0.282	0.289	0.325	0.277	0.279	2.049	0.500	0.237	0.193	-8751.226
594	8	500	494	0.5174	0.328	0.251	0.317	0.282	0.324	0.279	0.316	0.308	0.370	0.337	0.276	0.291	0.254	0.387	2.002	0.543	0.323	0.166	-8997.164
595	8	500	492	0.5192	0.289	0.296	0.278	0.287	0.308	0.301	0.242	0.310	0.243	0.272	0.303	0.338	0.346	0.285	2.047	0.557	0.307	0.202	-8809.289
596	8	500	495	0.5067	0.311	0.338	0.360	0.301	0.300	0.249	0.292	0.305	0.317	0.319	0.282	0.318	0.286	0.316	2.085	0.507	0.289	0.200	-9013.420
597	8	500	499	0.5189	0.335	0.259	0.300	0.327	0.300	0.341	0.301	0.294	0.271	0.298	0.290	0.295	0.285	0.272	2.014	0.550	0.252	0.221	-8940.405
598	8	500	494	0.5196	0.294	0.322	0.262	0.290	0.293	0.322	0.327	0.243	0.390	0.271	0.312	0.302	0.354	0.273	2.067	0.565	0.268	0.224	-9020.873
599	8	500	496	0.5301	0.333	0.269	0.341	0.288	0.304	0.311	0.332	0.288	0.317	0.366	0.331	0.362	0.350	0.266	1.979	0.613	0.387	0.191	-9276.416
600	8	500	492	0.5240	0.347	0.295	0.256	0.304	0.337	0.286	0.330	0.291	0.276	0.292	0.315	0.294	0.285	0.280	1.977	0.400	0.187	0.206	-8928.773
601	8	500	495	0.4987	0.276	0.283	0.366	0.285	0.318	0.284	0.271	0.269	0.280	0.326	0.274	0.353	0.297	0.287	2.323	0.566	0.331	0.168	-8772.895
602	8	500	494	0.5097	0.314	0.255	0.310	0.311	0.260	0.318	0.317	0.290	0.303	0.266	0.315	0.249	0.245	0.255	1.942	0.593	0.276	0.206	-8774.833
603	8	500	493	0.5062	0.315	0.272	0.358	0.294	0.274	0.302	0.321	0.307	0.283	0.276	0.265	0.270	0.400	0.287	2.006	0.533	0.236	0.176	-8886.166
604	8	500	495	0.5089	0.355	0.305	0.324	0.290	0.331	0.300	0.294	0.351	0.209	0.329	0.243	0.306	0.305	0.309	2.191	0.521	0.284	0.210	-8959.289
605	8	500	495	0.5020	0.269	0.319	0.325	0.287	0.301	0.319	0.301	0.339	0.258	0.322	0.338	0.289	0.262	0.316	2.014	0.546	0.257	0.203	-8976.486
606	8	500	493	0.5046	0.296	0.273	0.281	0.294	0.292	0.311	0.263	0.325	0.316	0.297	0.293	0.332	0.284	0.292	2.088	0.533	0.242	0.197	-8830.131
607	8	500	490	0.5151	0.273	0.367	0.251	0.275	0.212	0.281	0.322	0.288	0.297	0.291	0.314	0.271	0.308	0.306	1.972	0.481	0.269	0.189	-8821.152
608	8	500	488	0.4914	0.322	0.297	0.296	0.346	0.287	0.307	0.283	0.325	0.307	0.344	0.284	0.312	0.319	0.257	1.949	0.540	0.262	0.181	-8892.050
609	8	500	496	0.5116	0.270	0.382	0.365	0.277	0.295	0.270	0.315	0.249	0.288	0.311	0.350	0.351	0.283	0.290	2.196	0.619	0.381	0.187	-8992.261
610	8	500	492	0.5157	0.358	0.308	0.310	0.320	0.259	0.261	0.338	0.350	0.352	0.279	0.336	0.264	0.264	0.325	2.077	0.596	0.338	0.209	-9035.422
611	8	500	496	0.5062	0.296	0.315	0.225	0.390	0.349	0.328	0.283	0.292	0.296	0.286	0.345	0.292	0.335	0.303	2.070	0.370	0.214	0.193	-9081.432
612	8	500	490	0.5134	0.339	0.277	0.276	0.322	0.259	0.336	0.303	0.288	0.241	0.347	0.247	0.321	0.315	0.293	1.938	0.461	0.230	0.181	-8901.878
613	8	500	495	0.5102	0.269	0.316	0.308	0.333	0.329	0.325	0.302	0.277	0.355	0.355	0.299	0.379	0.294	0.410	2.220	0.452	0.217	0.183	-9148.718
614	8	500	496	0.5032	0.244	0.319	0.285	0.266	0.352	0.370	0.272	0.277	0.346	0.345	0.297	0.342	0.268	0.309	2.100	0.562	0.316	0.190	-8963.696
615	8	500	489	0.5072	0.288	0.306	0.271	0.296	0.304	0.247	0.247	0.347	0.290	0.373	0.221	0.347	0.330	0.315	2.016	0.494	0.220	0.200	-8779.758
616	8	500	497	0.5273	0.311	0.317	0.319	0.265	0.277	0.274	0.312	0.266	0.304	0.284	0.291	0.323	0.254	0.289	1.902	0.560	0.222	0.207	-8834.625
617	8	500	488	0.5102	0.300	0.262	0.299	0.289	0.224	0.268	0.342	0.299	0.360	0.213	0.325	0.272	0.277	0.294	2.055	0.683	0.281	0.217	-8712.333
618	8	500	496	0.5267	0.261	0.358	0.313	0.325	0.329	0.260	0.343	0.303	0.304	0.319	0.337	0.298	0.346	0.240	1.789	0.692	0.308	0.214	-9117.181
619	8	500	494	0.5140	0.288	0.370	0.357	0.263	0.276	0.297	0.262	0.327	0.336	0.322	0.317	0.237	0.272	0.295	1.880	0.559	0.281	0.216	-9002.118
620	8	500	492	0.5029	0.289	0.306	0.380	0.332	0.343	0.300	0.311	0.301	0.280	0.353	0.292	0.243	0.303	0.336	1.926	0.604	0.350	0.178	-9052.792
621	8	500	494	0.5058	0.310	0.277	0.301	0.355	0.301	0.333	0.311	0.296	0.342	0.238	0.352	0.207	0.317	0.349	1.989	0.536	0.391	0.186	-9078.674
622	8	500	488	0.5137	0.293	0.303	0.268	0.369	0.294	0.313	0.228	0.268	0.250	0.276	0.277	0.315	0.306	0.262	2.088	0.421	0.237	0.190	-8771.017
623	8	500	493	0.5131	0.293	0.291	0.313	0.255	0.281	0.288	0.277	0.288	0.282	0.260	0.327	0.293	0.309	0.251	2.050	0.520	0.245	0.193	-8731.207
624	8	500	497	0.5030	0.342	0.252	0.353	0.295	0.359	0.335	0.286	0.309	0.331	0.329	0.344	0.307	0.362	0.305	2.084	0.564	0.328	0.243	-9320.444
625	8	500	497	0.5168	0.302	0.343	0.319	0.316	0.350	0.343	0.359	0.308	0.311	0.292	0.304	0.345	0.320	0.277	1.815	0.671	0.329	0.225	-9287.041
626	8	500	489	0.5045	0.513	0.298	0.287	0.343	0.241	0.310	0.301	0.001	0.353	0.272	0.309	0.252	0.279	0.282	2.081	0.652	0.270	0.196	-8689.723
627	8	500	488	0.5172	0.249	0.223	0.266	0.271	0.272	0.351	0.366	0.389	0.290	0.305	0.286	0.284	0.321	0.281	2.138	0.623	0.377	0.201	-8879.059
628	8	500	489	0.5071	0.253	0.332	0.271	0.335	0.330	0.351	0.341	0.278	0.300	0.330	0.261	0.286	0.354	0.298	2.097	0.475	0.270	0.169	-9013.528
629	8	500	494	0.5094	0.301	0.287	0.280	0.293	0.386	0.301	0.322	0.307	0.302	0.274	0.333	0.334	0.323	0.279	2.157	0.528	0.285	0.209	-9054.592
630	8	500	491	0.5194	0.275	0.279	0.293	0.264	0.355	0.265	0.234	0.320	0.297	0.260	0.329	0.308	0.300	0.264	1.875	0.633	0.295	0.201	-8767.871
631	8	500	493	0.4995	0.317	0.324	0.292	0.295	0.336	0.312	0.282	0.337	0.264	0.273	0.320	0.335	0.290	0.304	2.059	0.393	0.328	0.181	-9079.776
632	8	500	493	0.5208	0.283	0.301	0.309	0.273	0.311	0.276	0.287	0.270	0.335	0.342	0.235	0.287	0.275	0.302	2.170	0.585	0.316	0.201	-8803.142
633	8	500	490	0.5129	0.325	0.315	0.250	0.304	0.321	0.261	0.326	0.308	0.308	0.295	0.242	0.304	0.363	0.333	1.836	0.579	0.309	0.207	-9003.751
634	8	500	496	0.4954	0.322	0.324	0.276	0.284	0.363	0.268	0.309	0.316	0.280	0.285	0.341	0.360	0.327	0.301	2.272	0.520	0.342	0.209	-9015.739
635	8	500	495	0.5095	0.000	0.321	0.316	0.226	0.330	0.242	0.313	0.607	0.266	0.245	0.332	0.359	0.304	0.286	2.127	0.662	0.301	0.197	-8790.523
636	8	500	492	0.5293	0.282	0.296	0.258	0.310	0.287	0.242	0.296	0.282	0.290	0.264	0.295	0.275	0.263	0.342	2.161	0.518	0.244	0.182	-8680.519
637	8	500	495	0.5142	0.297	0.259	0.318	0.306	0.359	0.309	0.300	0.345	0.348	0.271	0.265	0.295	0.298	0.310	2.128	0.589	0.339	0.181	-8948.321
638	8	500	494	0.5230	0.383	0.354	0.308	0.296	0.339	0.250	0.345	0.354	0.298	0.232	0.318	0.385	0.327	0.290	2.125	0.549	0.348	0.201	-9131.056
639	8	500	495	0.5146	0.001	0.322	0.254	0.347	0.358	0.257	0.312	0.570	0.325	0.325	0.281	0.273	0.283	0.282	1.878	0.545	0.317	0.189	-8926.797
640	8	500	494	0.5009	0.274	0.337	0.281	0.347	0.310	0.319	0.302	0.301	0.283	0.327	0.254	0.371	0.346	0.279	1.938	0.516	0.316	0.186	-9090.447
641	8	500	491	0.5095	0.304	0.296	0.266	0.319	0.256	0.270	0.263	0.267	0.326	0.286	0.322	0.363	0.360	0.302	2.142	0.646	0.354	0.205	-8887.829
642	8	500	496	0.5243	0.301	0.327	0.308	0.347	0.298	0.361	0.345	0.295	0.275	0.248	0.289	0.376	0.252	0.338	2.051	0.465	0.307	0.196	-9156.529
643	8	500	495	0.5028	0.264	0.242	0.298	0.284	0.356	0.291	0.381	0.266	0.297	0.340	0.244	0.261	0.241	0.302	1.944	0.519	0.205	0.183	-8725.737
644	8	500	495	0.5414	0.227	0.294	0.316	0.277	0.231	0.345	0.292	0.335	0.284	0.265	0.337	0.207	0.357	0.323	2.089	0.664	0.266	0.223	-8891.422
645	8	500	494	0.5088	0.380	0.247	0.344	0.319	0.299	0.288	0.298	0.314	0.244	0.280	0.332	0.304	0.297	0.284	1.991	0.485	0.281	0.196	-8935.208
646	8	500	492	0.5042	0.351	0.218	0.314	0.284	0.418	0.267	0.298	0.313	0.285	0.298	0.340	0.220	0.261	0.315	2.196	0.564	0.334	0.189	-8833.567
647	8	500	494	0.5231	0.333	0.420	0.297	0.342	0.325	0.286	0.346	0.248	0.311	0.246	0.302	0.260	0.298	0.278	2.102	0.531	0.260	0.183	-8939.322
648	8	500	497	0.5134	0.385	0.303	0.267	0.338	0.375	0.380	0.222	0.309	0.335	0.382	0.240	0.294	0.298	0.300	1.952	0.657	0.267	0.214	-9080.808
649	8	500	488	0.5260	0.331	0.318	0.332	0.317	0.274	0.274	0.329	0.361	0.235	0.269	0.274	0.360	0.309	0.301	1.941	0.474	0.267	0.167	-8886.512
650	8	500	498	0.5154	0.248	0.307	0.336	0.294	0.313	0.374	0.307	0.326	0.322	0.322	0.361	0.308	0.320	0.335	2.001	0.488	0.295	0.184	-9197.301
651	8	500	492	0.5069	0.309	0.240	0.381	0.297	0.313	0.275	0.290	0.337	0.214	0.303	0.307	0.329	0.275	0.273	1.876	0.611	0.268	0.225	-8897.478
652	8	500	494	0.5160	0.289	0.225	0.257	0.346	0.252	0.300	0.290	0.283	0.259	0.293	0.287	0.315	0.298	0.297	1.891	0.619	0.251	0.216	-8777.413
653	8	500	497	0.5067	0.249	0.273	0.314	0.318	0.322	0.366	0.228	0.323	0.246	0.284	0.346	0.344	0.335	0.288	2.035	0.455	0.254	0.187	-8978.312
654	8	500	492	0.5158	0.331	0.309	0.274	0.362	0.281	0.317	0.265	0.365	0.257	0.283	0.280	0.335	0.296	0.306	1.974	0.497	0.229	0.223	-9005.142
655	8	500	492	0.5051	0.234	0.315	0.248	0.311	0.285	0.241	0.329	0.262	0.330	0.345	0.283	0.364	0.280	0.285	1.913	0.603	0.291	0.190	-8795.816
656	8	500	492	0.5158	0.272	0.290	0.280	0.331	0.292	0.319	0.325	0.257	0.318	0.232	0.321	0.412	0.299	0.344	1.958	0.545	0.366	0.193	-9054.102
657	8	500	494	0.5101	0.303	0.261	0.272	0.296	0.261	0.300	0.263	0.308	0.282	0.315	0.330	0.275	0.294	0.254	2.011	0.575	0.234	0.188	-8667.871
658	8	500	494	0.5012	0.344	0.337	0.273	0.309	0.326	0.264	0.295	0.285	0.241	0.349	0.354	0.300	0.252	0.353	2.162	0.447	0.211	0.198	-8960.922
659	8	500	489	0.4975	0.304	0.299	0.251	0.308	0.265	0.231	0.327	0.272	0.262	0.274	0.325	0.303	0.230	0.249	1.952	0.524	0.287	0.182	-8592.252
660	8	500	494	0.5088	0.001	0.297	0.301	0.283	0.266	0.310	0.324	0.643	0.292	0.341	0.309	0.278	0.284	0.307	1.837	0.666	0.322	0.205	-9015.158
661	8	500	498	0.5161	0.329	0.233	0.313	0.312	0.355	0.364	0.232	0.298	0.309	0.335	0.246	0.373	0.289	0.311	2.154	0.520	0.301	0.192	-9013.238
662	8	500	493	0.5200	0.348	0.241	0.304	0.321	0.303	0.309	0.258	0.341	0.347	0.258	0.281	0.267	0.276	0.240	2.137	0.573	0.286	0.201	-8764.423
663	8	500	490	0.5178	0.318	0.296	0.257	0.316	0.284	0.306	0.277	0.375	0.247	0.283	0.281	0.356	0.282	0.293	1.971	0.554	0.331	0.184	-8832.849
664	8	500	492	0.5077	0.239	0.346	0.358	0.315	0.318	0.287	0.298	0.228	0.270	0.338	0.346	0.286	0.289	0.348	1.869	0.591	0.314	0.156	-8906.749
665	8	500	490	0.5014	0.337	0.349	0.246	0.349	0.367	0.254	0.323	0.326	0.274	0.349	0.241	0.442	0.275	0.375	1.943	0.312	0.169	0.188	-9096.810
666	8	500	492	0.5287	0.345	0.299	0.323	0.239	0.287	0.290	0.302	0.326	0.265	0.319	0.318	0.329	0.289	0.308	1.967	0.485	0.289	0.188	-8975.935
667	8	500	495	0.5060	0.323	0.308	0.293	0.292	0.334	0.343	0.312	0.323	0.285	0.306	0.294	0.249	0.313	0.284	1.791	0.596	0.208	0.207	-8941.116
668	8	500	492	0.5072	0.290	0.303	0.304	0.325	0.244	0.357	0.316	0.300	0.425	0.314	0.276	0.283	0.238	0.339	1.915	0.645	0.355	0.185	-8979.818
669	8	500	493	0.5256	0.318	0.282	0.296	0.298	0.360	0.318	0.333	0.332	0.301	0.328	0.280	0.324	0.309	0.298	2.147	0.594	0.301	0.219	-9107.493
670	8	500	493	0.5036	0.276	0.265	0.291	0.274	0.301	0.256	0.291	0.286	0.391	0.311	0.303	0.241	0.291	0.355	2.024	0.631	0.278	0.212	-8846.235
671	8	500	494	0.5026	0.282	0.357	0.305	0.289	0.223	0.248	0.289	0.262	0.292	0.269	0.316	0.322	0.287	0.272	2.195	0.604	0.265	0.214	-8733.478
672	8	500	495	0.5162	0.243	0.272	0.398	0.343	0.305	0.258	0.321	0.323	0.338	0.357	0.295	0.338	0.298	0.274	2.025	0.596	0.288	0.206	-9114.117
673	8	500	493	0.5212	0.325	0.331	0.319	0.352	0.290	0.282	0.349	0.319	0.258	0.259	0.337	0.330	0.351	0.329	2.105	0.623	0.294	0.204	-9099.547
674	8	500	492	0.5010	0.308	0.349	0.303	0.276	0.308	0.303	0.246	0.270	0.305	0.264	0.247	0.267	0.248	0.313	1.938	0.543	0.234	0.227	-8761.262
675	8	500	493	0.5222	0.312	0.321	0.281	0.307	0.258	0.305	0.294	0.260	0.287	0.329	0.320	0.274	0.293	0.310	1.850	0.571	0.325	0.201	-9006.414
676	8	500	492	0.5224	0.303	0.298	0.274	0.376	0.351	0.296	0.333	0.354	0.243	0.354	0.340	0.309	0.313	0.238	2.073	0.630	0.300	0.199	-9038.185
677	8	500	495	0.5272	0.281	0.306	0.260	0.267	0.298	0.295	0.297	0.336	0.367	0.250	0.292	0.244	0.276	0.286	1.814	0.602	0.268	0.194	-8746.248
678	8	500	496	0.5063	0.307	0.363	0.313	0.339	0.265	0.331	0.356	0.373	0.345	0.280	0.299	0.290	0.289	0.293	1.946	0.694	0.306	0.200	-9088.708
679	8	500	495	0.5112	0.336	0.317	0.308	0.283	0.300	0.322	0.256	0.318	0.339	0.343	0.314	0.309	0.341	0.337	1.944	0.488	0.290	0.184	-9110.051
680	8	500	484	0.5047	0.000	0.316	0.286	0.277	0.321	0.218	0.261	0.615	0.292	0.335	0.308	0.330	0.314	0.270	2.093	0.658	0.332	0.186	-8739.647
681	8	500	491	0.5229	0.337	0.233	0.343	0.264	0.348	0.328	0.321	0.283	0.287	0.361	0.245	0.295	0.249	0.269	2.198	0.571	0.331	0.186	-8838.198
682	8	500	491	0.5092	0.298	0.266	0.263	0.290	0.332	0.271	0.323	0.337	0.242	0.289	0.245	0.353	0.320	0.284	1.946	0.529	0.227	0.205	-8768.012
683	8	500	487	0.5153	0.312	0.370	0.289	0.242	0.330	0.231	0.350	0.295	0.323	0.290	0.332	0.179	0.257	0.266	2.078	0.554	0.262	0.203	-8710.151
684	8	500	492	0.5168	0.241	0.280	0.401	0.296	0.285	0.298	0.259	0.274	0.266	0.329	0.307	0.276	0.259	0.351	1.940	0.637	0.263	0.188	-8813.173
685	8	500	490	0.5092	0.366	0.273	0.263	0.274	0.265	0.299	0.280	0.255	0.348	0.313	0.359	0.357	0.225	0.266	1.985	0.692	0.308	0.186	-8685.600
686	8	500	494	0.5032	0.293	0.289	0.330	0.379	0.280	0.350	0.329	0.231	0.358	0.383	0.323	0.360	0.341	0.305	2.049	0.515	0.346	0.176	-9248.799
687	8	500	492	0.5036	0.294	0.319	0.275	0.261	0.312	0.295	0.243	0.291	0.258	0.318	0.235	0.234	0.261	0.245	1.870	0.559	0.259	0.198	-8540.012
688	8	500	489	0.5199	0.276	0.312	0.263	0.233	0.331	0.289	0.284	0.335	0.347	0.333	0.277	0.313	0.314	0.287	1.913	0.659	0.337	0.199	-8894.171
689	8	500	493	0.5022	0.293	0.327	0.314	0.342	0.286	0.343	0.305	0.255	0.298	0.275	0.317	0.327	0.289	0.340	1.974	0.563	0.302	0.198	-9068.279
690	8	500	491	0.5284	0.313	0.301	0.273	0.295	0.279	0.271	0.314	0.276	0.256	0.303	0.276	0.341	0.299	0.337	2.018	0.571	0.295	0.186	-8801.333
691	8	500	496	0.5192	0.293	0.310	0.302	0.370	0.339	0.318	0.299	0.285	0.339	0.407	0.352	0.326	0.298	0.325	2.279	0.591	0.316	0.183	-9175.624
692	8	500	492	0.5171	0.328	0.314	0.297	0.320	0.361	0.259	0.355	0.307	0.336	0.333	0.247	0.258	0.277	0.333	1.901	0.488	0.291	0.204	-9052.151
693	8	500	493	0.5123	0.267	0.307	0.294	0.294	0.261	0.302	0.285	0.348	0.306	0.242	0.276	0.293	0.309	0.260	1.990	0.556	0.263	0.220	-8815.083
694	8	500	494	0.5340	0.331	0.310	0.282	0.320	0.214	0.330	0.257	0.392	0.249	0.321	0.297	0.275	0.277	0.346	2.062	0.579	0.301	0.202	-8897.572
695	8	500	489	0.5205	0.264	0.271	0.308	0.300	0.350	0.301	0.287	0.277	0.299	0.265	0.320	0.330	0.322	0.323	1.971	0.675	0.325	0.205	-8969.127
696	8	500	497	0.5016	0.348	0.306	0.262	0.293	0.338	0.289	0.323	0.320	0.360	0.277	0.355	0.265	0.311	0.344	2.148	0.484	0.230	0.205	-9065.320
697	8	500	495	0.5022	0.276	0.355	0.256	0.289	0.287	0.297	0.237	0.278	0.329	0.349	0.332	0.296	0.297	0.288	2.129	0.275	0.132	0.185	-8829.079
698	8	500	491	0.5157	0.336	0.242	0.369	0.285	0.350	0.325	0.294	0.301	0.264	0.253	0.294	0.306	0.338	0.299	1.983	0.487	0.273	0.179	-8965.170
699	8	500	496	0.5212	0.336	0.315	0.276	0.306	0.246	0.276	0.280	0.256	0.261	0.297	0.307	0.258	0.292	0.323	1.921	0.504	0.227	0.213	-8828.490
700	8	500	489	0.5275	0.334	0.318	0.342	0.309	0.255	0.293	0.286	0.314	0.300	0.272	0.273	0.310	0.290	0.295	2.043	0.654	0.276	0.187	-8778.291
701	8	500	494	0.5124	0.274	0.232	0.293	0.332	0.355	0.303	0.246	0.329	0.315	0.298	0.324	0.315	0.257	0.336	1.843	0.687	0.313	0.212	-8972.150
702	8	500	494	0.5104	0.283	0.302	0.287	0.283	0.305	0.299	0.290	0.311	0.316	0.306	0.344	0.270	0.283	0.330	2.027	0.557	0.273	0.208	-8902.095
703	8	500	494	0.5093	0.315	0.335	0.282	0.328	0.288	0.294	0.291	0.267	0.254	0.336	0.275	0.354	0.332	0.256	1.920	0.568	0.323	0.217	-9002.403
704	8	500	491	0.5152	0.286	0.351	0.266	0.257	0.296	0.313	0.281	0.323	0.344	0.290	0.383	0.222	0.306	0.327	1.907	0.619	0.294	0.210	-8998.176
705	8	500	489	0.5106	0.294	0.242	0.328	0.324	0.327	0.339	0.304	0.290	0.307	0.262	0.270	0.348	0.315	0.337	1.969	0.538	0.314	0.163	-8938.060
706	8	500	494	0.4969	0.374	0.334	0.255	0.285	0.251	0.230	0.373	0.285	0.266	0.267	0.305	0.304	0.328	0.310	2.115	0.557	0.330	0.173	-8844.639
707	8	500	497	0.5178	0.332	0.318	0.296	0.304	0.235	0.252	0.247	0.331	0.236	0.291	0.319	0.349	0.302	0.322	1.996	0.584	0.243	0.211	-8813.861
708	8	500	494	0.5131	0.321	0.274	0.237	0.361	0.269	0.260	0.309	0.293	0.308	0.334	0.288	0.296	0.226	0.315	2.013	0.459	0.276	0.208	-8874.744
709	8	500	488	0.5171	0.334	0.314	0.277	0.283	0.218	0.240	0.368	0.292	0.301	0.345	0.241	0.353	0.240	0.310	1.950	0.565	0.267	0.180	-8776.478
710	8	500	488	0.5198	0.236	0.280	0.262	0.254	0.323	0.292	0.285	0.297	0.282	0.285	0.336	0.299	0.354	0.238	2.023	0.604	0.276	0.192	-8733.040
711	8	500	490	0.5172	0.309	0.309	0.275	0.296	0.276	0.262	0.285	0.351	0.323	0.334	0.315	0.255	0.282	0.317	1.920	0.650	0.350	0.219	-8946.290
712	8	500	495	0.5257	0.311	0.272	0.290	0.278	0.277	0.306	0.262	0.344	0.270	0.334	0.328	0.287	0.308	0.317	2.031	0.510	0.208	0.195	-8865.060
713	8	500	497	0.5229	0.297	0.362	0.307	0.299	0.296	0.333	0.274	0.244	0.392	0.301	0.290	0.271	0.282	0.308	1.836	0.602	0.333	0.198	-9021.772
714	8	500	489	0.5151	0.301	0.330	0.281	0.295	0.277	0.265	0.321	0.328	0.356	0.297	0.337	0.325	0.266	0.341	1.971	0.603	0.320	0.175	-8884.364
715	8	500	485	0.4958	0.274	0.340	0.274	0.298	0.262	0.295	0.290	0.312	0.266	0.293	0.287	0.321	0.266	0.318	1.786	0.579	0.297	0.191	-8816.864
716	8	500	496	0.5272	0.291	0.294	0.305	0.251	0.273	0.327	0.326	0.273	0.282	0.274	0.356	0.298	0.265	0.314	1.859	0.547	0.270	0.164	-8839.498
717	8	500	492	0.5164	0.328	0.327	0.317	0.309	0.308	0.263	0.311	0.324	0.310	0.302	0.275	0.244	0.313	0.284	1.955	0.631	0.264	0.171	-8794.768
718	8	500	496	0.5102	0.378	0.302	0.337	0.255	0.363	0.226	0.321	0.313	0.326	0.338	0.280	0.320	0.306	0.331	2.037	0.488	0.325	0.214	-9169.467
719	8	500	491	0.5156	0.332	0.293	0.295	0.278	0.305	0.260	0.336	0.357	0.286	0.303	0.339	0.303	0.260	0.321	1.945	0.537	0.281	0.187	-8913.459
720	8	500	492	0.5207	0.338	0.271	0.303	0.281	0.254	0.305	0.298	0.340	0.287	0.311	0.230	0.324	0.291	0.284	1.967	0.547	0.294	0.174	-8786.587
721	8	500	496	0.5198	0.263	0.383	0.304	0.347	0.250	0.353	0.323	0.270	0.180	0.272	0.313	0.349	0.256	0.286	1.910	0.587	0.309	0.172	-8872.573
722	8	500	493	0.4979	0.268	0.292	0.332	0.303	0.293	0.286	0.333	0.282	0.330	0.344	0.291	0.297	0.330	0.294	2.044	0.661	0.296	0.232	-9018.209
723	8	500	491	0.5132	0.302	0.401	0.339	0.268	0.286	0.341	0.302	0.294	0.366	0.383	0.213	0.311	0.279	0.293	2.040	0.593	0.382	0.193	-9091.428
724	8	500	489	0.5092	0.344	0.348	0.212	0.332	0.262	0.330	0.241	0.301	0.309	0.297	0.334	0.274	0.300	0.325	2.010	0.359	0.209	0.182	-8884.596
725	8	500	496	0.5202	0.309	0.355	0.274	0.284	0.370	0.308	0.311	0.303	0.284	0.281	0.307	0.368	0.272	0.290	1.953	0.561	0.272	0.197	-8969.612
726	8	500	493	0.5399	0.261	0.321	0.269	0.295	0.297	0.332	0.329	0.318	0.326	0.269	0.329	0.357	0.286	0.236	2.076	0.641	0.300	0.164	-8754.074
727	8	500	491	0.5131	0.224	0.282	0.296	0.268	0.312	0.248	0.277	0.222	0.357	0.256	0.300	0.291	0.319	0.316	2.082	0.634	0.332	0.171	-8636.291
728	8	500	491	0.4962	0.228	0.299	0.210	0.328	0.295	0.367	0.288	0.283	0.334	0.268	0.282	0.344	0.291	0.266	1.878	0.598	0.232	0.223	-8843.533
729	8	500	488	0.4968	0.313	0.247	0.261	0.269	0.222	0.286	0.282	0.346	0.322	0.328	0.274	0.295	0.325	0.276	1.952	0.545	0.302	0.178	-8732.359
730	8	500	493	0.5171	0.257	0.319	0.239	0.311	0.320	0.286	0.317	0.276	0.234	0.243	0.350	0.338	0.325	0.276	2.183	0.459	0.220	0.228	-8871.529
731	8	500	491	0.5291	0.289	0.316	0.320	0.298	0.300	0.257	0.280	0.309	0.323	0.330	0.255	0.240	0.308	0.269	1.941	0.504	0.315	0.207	-8909.571
732	8	500	492	0.5067	0.345	0.340	0.325	0.369	0.306	0.263	0.298	0.302	0.289	0.320	0.265	0.292	0.357	0.282	2.045	0.456	0.245	0.193	-9059.040
733	8	500	491	0.5199	0.115	0.323	0.292	0.252	0.251	0.306	0.316	0.466	0.284	0.343	0.251	0.341	0.347	0.279	1.855	0.648	0.352	0.233	-8988.504
734	8	500	496	0.5177	0.261	0.298	0.299	0.337	0.306	0.316	0.307	0.302	0.330	0.290	0.310	0.277	0.270	0.283	2.166	0.518	0.162	0.216	-8834.244
735	8	500	496	0.5102	0.315	0.373	0.306	0.272	0.239	0.239	0.326	0.286	0.261	0.248	0.306	0.371	0.293	0.289	2.007	0.596	0.253	0.222	-8852.976
736	8	500	497	0.5260	0.284	0.274	0.321	0.257	0.264	0.381	0.259	0.346	0.280	0.296	0.264	0.285	0.308	0.252	1.906	0.541	0.298	0.176	-8849.246
737	8	500	487	0.5088	0.255	0.323	0.305	0.248	0.304	0.309	0.307	0.264	0.231	0.301	0.280	0.309	0.300	0.236	2.185	0.614	0.310	0.201	-8683.707
738	8	500	492	0.5170	0.291	0.262	0.249	0.265	0.333	0.286	0.301	0.288	0.235	0.311	0.366	0.381	0.309	0.264	1.976	0.616	0.384	0.188	-8883.222
739	8	500	495	0.5217	0.293	0.278	0.334	0.300	0.298	0.353	0.280	0.283	0.264	0.308	0.268	0.297	0.346	0.326	2.038	0.635	0.266	0.219	-8953.439
740	8	500	495	0.5163	0.238	0.263	0.273	0.296	0.298	0.284	0.287	0.274	0.304	0.271	0.341	0.331	0.309	0.334	2.019	0.568	0.269	0.218	-8874.303
741	8	500	491	0.5054	0.294	0.354	0.290	0.274	0.325	0.263	0.260	0.253	0.325	0.363	0.343	0.259	0.357	0.271	2.017	0.595	0.364	0.201	-8988.341
742	8	500	494	0.5106	0.283	0.294	0.283	0.332	0.292	0.329	0.236	0.334	0.342	0.265	0.305	0.278	0.314	0.303	2.042	0.493	0.313	0.198	-8987.632
743	8	500	491	0.5003	0.302	0.305	0.357	0.276	0.278	0.265	0.349	0.338	0.293	0.284	0.382	0.345	0.309	0.271	2.042	0.650	0.335	0.168	-8849.582
744	8	500	488	0.5243	0.224	0.261	0.334	0.365	0.290	0.277	0.285	0.231	0.315	0.300	0.286	0.293	0.231	0.386	1.777	0.589	0.245	0.191	-8798.806
745	8	500	493	0.5062	0.281	0.288	0.306	0.274	0.336	0.268	0.336	0.264	0.324	0.321	0.286	0.243	0.329	0.311	1.942	0.583	0.386	0.184	-8913.209
746	8	500	493	0.5185	0.288	0.279	0.293	0.306	0.368	0.261	0.353	0.325	0.282	0.321	0.272	0.257	0.285	0.331	2.131	0.578	0.229	0.222	-8915.410
747	8	500	496	0.5087	0.340	0.323	0.283	0.321	0.355	0.257	0.310	0.330	0.323	0.274	0.263	0.297	0.254	0.330	1.901	0.437	0.234	0.179	-8920.883
748	8	500	494	0.5182	0.303	0.335	0.247	0.323	0.304	0.278	0.366	0.288	0.228	0.299	0.303	0.283	0.244	0.283	1.933	0.641	0.316	0.185	-8766.074
749	8	500	496	0.5093	0.319	0.339	0.269	0.318	0.247	0.296	0.302	0.264	0.321	0.310	0.306	0.276	0.259	0.358	2.105	0.536	0.274	0.196	-8900.270
750	8	500	492	0.5171	0.344	0.309	0.294	0.320	0.302	0.294	0.340	0.363	0.330	0.266	0.330	0.313	0.293	0.305	1.752	0.604	0.370	0.193	-9138.931
751	8	500	490	0.5177	0.301	0.346	0.302	0.247	0.302	0.281	0.303	0.303	0.316	0.263	0.301	0.320	0.253	0.285	1.990	0.508	0.226	0.216	-8800.080
752	8	500	496	0.5074	0.249	0.304	0.291	0.331	0.282	0.260	0.330	0.283	0.258	0.325	0.311	0.341	0.267	0.314	1.878	0.574	0.225	0.221	-8899.778
753	8	500	489	0.5054	0.306	0.266	0.293	0.285	0.266	0.258	0.318	0.295	0.195	0.354	0.315	0.288	0.229	0.326	1.988	0.641	0.257	0.188	-8650.306
754	8	500	500	0.5271	0.333	0.290	0.288	0.284	0.279	0.384	0.341	0.304	0.313	0.307	0.295	0.326	0.304	0.285	1.965	0.651	0.302	0.246	-9175.315
755	8	500	496	0.5263	0.254	0.333	0.313	0.342	0.268	0.364	0.295	0.341	0.244	0.300	0.302	0.384	0.298	0.285	2.026	0.607	0.342	0.260	-9198.608
756	8	500	495	0.5198	0.289	0.337	0.232	0.286	0.277	0.285	0.278	0.249	0.256	0.246	0.279	0.292	0.270	0.331	1.935	0.531	0.189	0.205	-8573.223
757	8	500	491	0.5083	0.359	0.320	0.325	0.261	0.337	0.289	0.346	0.335	0.234	0.287	0.289	0.350	0.303	0.287	2.141	0.649	0.283	0.218	-8970.166
758	8	500	490	0.5188	0.310	0.324	0.332	0.282	0.343	0.278	0.357	0.344	0.301	0.289	0.252	0.323	0.371	0.263	1.910	0.473	0.296	0.193	-9122.945
759	8	500	489	0.5028	0.357	0.245	0.350	0.278	0.281	0.260	0.272	0.353	0.239	0.238	0.280	0.264	0.248	0.315	1.945	0.585	0.283	0.212	-8687.632
760	8	500	497	0.5103	0.266	0.279	0.307	0.302	0.336	0.283	0.277	0.315	0.392	0.301	0.255	0.252	0.329	0.234	2.181	0.679	0.321	0.222	-8807.936
761	8	500	491	0.5348	0.290	0.272	0.304	0.293	0.383	0.276	0.322	0.301	0.282	0.337	0.294	0.336	0.304	0.231	2.038	0.693	0.307	0.224	-8989.579
762	8	500	494	0.5109	0.317	0.329	0.256	0.263	0.263	0.278	0.321	0.272	0.303	0.330	0.303	0.278	0.294	0.338	2.073	0.418	0.190	0.204	-8880.917
763	8	500	492	0.5077	0.325	0.296	0.305	0.315	0.328	0.264	0.272	0.305	0.311	0.256	0.364	0.294	0.330	0.255	2.017	0.596	0.286	0.219	-8988.877
764	8	500	491	0.5192	0.355	0.318	0.274	0.259	0.258	0.294	0.292	0.337	0.286	0.267	0.306	0.283	0.288	0.353	1.996	0.608	0.282	0.205	-8857.584
765	8	500	488	0.5221	0.335	0.241	0.326	0.258	0.249	0.224	0.300	0.346	0.244	0.301	0.264	0.267	0.265	0.259	1.865	0.633	0.358	0.214	-8674.708
766	8	500	490	0.5187	0.318	0.262	0.321	0.272	0.266	0.256	0.343	0.334	0.299	0.315	0.287	0.277	0.310	0.280	1.915	0.686	0.314	0.225	-8894.232
767	8	500	498	0.5141	0.287	0.315	0.338	0.251	0.275	0.253	0.320	0.345	0.290	0.274	0.298	0.291	0.340	0.377	2.127	0.585	0.324	0.184	-8954.847
768	8	500	492	0.5055	0.269	0.322	0.292	0.251	0.378	0.276	0.309	0.284	0.299	0.267	0.246	0.332	0.262	0.331	1.944	0.649	0.351	0.202	-8827.351
769	8	500	493	0.4882	0.291	0.259	0.282	0.309	0.299	0.237	0.341	0.282	0.224	0.308	0.312	0.295	0.247	0.249	1.821	0.667	0.225	0.206	-8595.230
770	8	500	494	0.5234	0.305	0.257	0.339	0.271	0.295	0.317	0.288	0.324	0.342	0.270	0.283	0.371	0.248	0.278	2.014	0.586	0.283	0.193	-8846.749
771	8	500	484	0.5043	0.313	0.246	0.246	0.312	0.260	0.257	0.324	0.339	0.327	0.254	0.283	0.228	0.320	0.283	2.062	0.688	0.312	0.181	-8581.442
772	8	500	495	0.5078	0.300	0.242	0.269	0.335	0.371	0.320	0.266	0.307	0.340	0.353	0.308	0.311	0.268	0.274	2.118	0.654	0.289	0.188	-8859.521
773	8	500	492	0.5028	0.299	0.290	0.303	0.295	0.238	0.312	0.296	0.285	0.298	0.297	0.298	0.253	0.250	0.319	2.060	0.611	0.241	0.218	-8749.073
774	8	500	497	0.5022	0.281	0.249	0.334	0.312	0.300	0.332	0.247	0.234	0.259	0.285	0.273	0.267	0.309	0.336	1.847	0.443	0.240	0.180	-8849.080
775	8	500	494	0.5090	0.259	0.316	0.309	0.285	0.317	0.404	0.363	0.347	0.327	0.330	0.281	0.285	0.316	0.328	2.169	0.584	0.284	0.199	-9134.902
776	8	500	494	0.5203	0.277	0.324	0.277	0.322	0.374	0.343	0.283	0.284	0.337	0.313	0.347	0.338	0.326	0.281	2.151	0.488	0.285	0.187	-9173.931
777	8	500	492	0.5166	0.320	0.225	0.269	0.272	0.324	0.317	0.334	0.320	0.324	0.228	0.376	0.336	0.298	0.256	2.256	0.408	0.233	0.185	-8870.558
778	8	500	493	0.5069	0.296	0.282	0.380	0.343	0.307	0.321	0.301	0.299	0.311	0.263	0.297	0.335	0.329	0.353	2.006	0.495	0.325	0.192	-9189.363
779	8	500	492	0.5170	0.270	0.275	0.182	0.296	0.273	0.337	0.255	0.281	0.276	0.285	0.280	0.287	0.288	0.262	1.981	0.608	0.297	0.229	-8613.721
780	8	500	499	0.5178	0.304	0.312	0.309	0.282	0.321	0.277	0.386	0.278	0.385	0.317	0.303	0.265	0.278	0.330	2.069	0.671	0.329	0.220	-9096.298
781	8	500	493	0.5083	0.297	0.269	0.231	0.277	0.287	0.344	0.348	0.354	0.342	0.287	0.330	0.307	0.306	0.336	2.195	0.599	0.401	0.183	-8975.482
782	8	500	491	0.5265	0.264	0.336	0.235	0.327	0.285	0.346	0.252	0.289	0.297	0.292	0.380	0.269	0.309	0.282	2.166	0.596	0.316	0.187	-8857.710
783	8	500	496	0.5191	0.299	0.355	0.305	0.361	0.240	0.297	0.259	0.286	0.274	0.310	0.343	0.319	0.277	0.309	1.856	0.594	0.251	0.212	-8990.051
784	8	500	497	0.5232	0.327	0.323	0.277	0.303	0.297	0.287	0.308	0.284	0.247	0.308	0.263	0.375	0.308	0.348	1.840	0.480	0.219	0.214	-9028.472
785	8	500	495	0.5204	0.300	0.323	0.285	0.313	0.296	0.335	0.270	0.278	0.347	0.347	0.275	0.304	0.300	0.240	2.078	0.538	0.302	0.186	-8888.464
786	8	500	490	0.5082	0.223	0.338	0.290	0.304	0.239	0.376	0.218	0.283	0.219	0.317	0.288	0.299	0.318	0.309	2.179	0.617	0.383	0.196	-8759.177
787	8	500	494	0.5090	0.315	0.287	0.292	0.272	0.283	0.317	0.312	0.277	0.389	0.248	0.306	0.279	0.312	0.309	1.931	0.478	0.210	0.202	-8939.968
788	8	500	489	0.5074	0.314	0.285	0.294	0.264	0.262	0.301	0.268	0.266	0.283	0.278	0.277	0.285	0.363	0.242	1.934	0.508	0.259	0.181	-8672.190
789	8	500	494	0.5017	0.306	0.289	0.311	0.340	0.288	0.312	0.356	0.326	0.293	0.326	0.324	0.336	0.317	0.319	2.164	0.565	0.324	0.174	-9043.595
790	8	500	495	0.5212	0.311	0.303	0.320	0.280	0.307	0.261	0.345	0.301	0.248	0.293	0.243	0.295	0.355	0.345	1.860	0.584	0.335	0.196	-9007.566
791	8	500	496	0.5256	0.271	0.307	0.304	0.246	0.254	0.337	0.337	0.332	0.228	0.289	0.294	0.237	0.287	0.284	2.009	0.564	0.265	0.227	-8860.830
792	8	500	496	0.5252	0.320	0.325	0.310	0.313	0.224	0.293	0.265	0.267	0.285	0.289	0.291	0.385	0.289	0.316	2.036	0.657	0.343	0.187	-8906.454
793	8	500	496	0.5123	0.271	0.323	0.310	0.232	0.276	0.358	0.313	0.353	0.369	0.405	0.343	0.214	0.276	0.316	2.184	0.589	0.317	0.206	-9003.243
794	8	500	496	0.5314	0.280	0.289	0.302	0.360	0.305	0.276	0.264	0.315	0.319	0.320	0.304	0.322	0.279	0.266	1.863	0.640	0.272	0.213	-8956.740
795	8	500	495	0.5039	0.316	0.334	0.297	0.279	0.231	0.281	0.315	0.274	0.390	0.314	0.310	0.305	0.324	0.270	2.080	0.590	0.246	0.243	-8986.827
796	8	500	493	0.5058	0.304	0.272	0.312	0.293	0.296	0.322	0.267	0.295	0.302	0.272	0.328	0.335	0.275	0.341	1.891	0.598	0.262	0.216	-8918.757
797	8	500	495	0.5227	0.347	0.331	0.306	0.316	0.352	0.335	0.263	0.339	0.290	0.300	0.333	0.312	0.283	0.316	2.306	0.542	0.299	0.207	-9073.453
798	8	500	499	0.5216	0.258	0.354	0.244	0.309	0.347	0.369	0.324	0.319	0.307	0.301	0.284	0.325	0.242	0.353	2.053	0.665	0.314	0.190	-9018.522
799	8	500	491	0.5250	0.341	0.278	0.323	0.305	0.294	0.241	0.316	0.351	0.314	0.312	0.232	0.347	0.243	0.331	2.113	0.597	0.296	0.180	-8814.930
800	8	500	487	0.5140	0.264	0.251	0.314	0.327	0.288	0.275	0.319	0.311	0.302	0.322	0.348	0.244	0.300	0.316	2.072	0.562	0.277	0.217	-8938.467
801	8	500	493	0.5191	0.258	0.305	0.238	0.341	0.315	0.350	0.280	0.278	0.302	0.275	0.343	0.269	0.334	0.317	1.890	0.514	0.288	0.197	-9003.445
802	8	500	491	0.5099	0.329	0.323	0.254	0.277	0.302	0.327	0.299	0.254	0.281	0.317	0.331	0.286	0.350	0.334	1.976	0.607	0.356	0.183	-8976.581
803	8	500	494	0.5178	0.247	0.271	0.265	0.310	0.356	0.383	0.264	0.214	0.301	0.290	0.309	0.324	0.318	0.307	2.046	0.475	0.324	0.178	-8991.050
804	8	500	494	0.5008	0.250	0.280	0.269	0.326	0.350	0.288	0.325	0.295	0.293	0.282	0.295	0.298	0.293	0.314	1.919	0.606	0.301	0.216	-8926.917
805	8	500	489	0.5177	0.336	0.251	0.257	0.304	0.304	0.251	0.264	0.322	0.350	0.278	0.329	0.217	0.293	0.273	2.144	0.622	0.286	0.196	-8684.457
806	8	500	487	0.5232	0.225	0.287	0.257	0.301	0.207	0.301	0.368	0.269	0.328	0.310	0.287	0.356	0.283	0.339	1.820	0.673	0.327	0.205	-8881.852
807	8	500	495	0.5268	0.293	0.374	0.272	0.265	0.331	0.301	0.287	0.275	0.305	0.271	0.297	0.295	0.309	0.339	2.040	0.518	0.278	0.181	-8902.763
808	8	500	493	0.5184	0.351	0.278	0.271	0.289	0.333	0.329	0.284	0.336	0.226	0.302	0.331	0.349	0.381	0.269	2.004	0.447	0.233	0.183	-9002.538
809	8	500	495	0.5039	0.289	0.322	0.334	0.320	0.274	0.328	0.378	0.239	0.388	0.327	0.341	0.263	0.308	0.340	2.103	0.552	0.312	0.165	-9106.934
810	8	500	492	0.5053	0.272	0.380	0.296	0.286	0.282	0.288	0.306	0.280	0.315	0.296	0.307	0.277	0.326	0.268	1.988	0.514	0.222	0.222	-8982.073
811	8	500	495	0.5168	0.321	0.287	0.334	0.327	0.287	0.305	0.310	0.258	0.282	0.357	0.333	0.309	0.300	0.255	1.969	0.585	0.295	0.201	-9029.852
812	8	500	493	0.5190	0.299	0.271	0.295	0.319	0.297	0.265	0.347	0.296	0.264	0.272	0.399	0.334	0.248	0.323	2.277	0.484	0.276	0.191	-8914.373
813	8	500	498	0.5113	0.334	0.354	0.352	0.365	0.330	0.271	0.294	0.371	0.331	0.344	0.320	0.271	0.388	0.316	2.146	0.611	0.389	0.237	-9394.203
814	8	500	495	0.5194	0.276	0.265	0.231	0.361	0.297	0.315	0.233	0.310	0.327	0.295	0.262	0.295	0.280	0.324	2.064	0.466	0.229	0.229	-8876.802
815	8	500	490	0.5010	0.272	0.277	0.253	0.294	0.325	0.288	0.340	0.298	0.306	0.272	0.355	0.321	0.273	0.326	2.106	0.686	0.314	0.192	-8832.870
816	8	500	493	0.5106	0.293	0.255	0.257	0.294	0.332	0.356	0.299	0.366	0.298	0.264	0.317	0.322	0.321	0.318	2.047	0.528	0.370	0.145	-8951.591
817	8	500	486	0.5100	0.306	0.312	0.298	0.287	0.333	0.380	0.279	0.266	0.248	0.326	0.304	0.303	0.287	0.331	2.049	0.532	0.315	0.167	-8924.579
818	8	500	491	0.4983	0.268	0.342	0.298	0.306	0.295	0.349	0.298	0.212	0.261	0.298	0.259	0.300	0.329	0.277	2.138	0.548	0.194	0.217	-8794.907
819	8	500	495	0.5224	0.264	0.267	0.272	0.281	0.366	0.319	0.270	0.337	0.293	0.333	0.275	0.338	0.264	0.303	2.039	0.479	0.259	0.197	-8886.311
820	8	500	496	0.5176	0.307	0.314	0.299	0.294	0.261	0.292	0.334	0.294	0.370	0.298	0.236	0.314	0.248	0.290	2.020	0.594	0.256	0.237	-8944.385
821	8	500	491	0.5194	0.310	0.226	0.311	0.339	0.276	0.297	0.337	0.341	0.344	0.303	0.258	0.287	0.331	0.286	1.854	0.574	0.301	0.190	-8977.594
822	8	500	495	0.4989	0.346	0.287	0.238	0.329	0.287	0.276	0.320	0.312	0.311	0.311	0.279	0.246	0.277	0.330	2.026	0.474	0.231	0.216	-8857.631
823	8	500	489	0.5129	0.252	0.292	0.280	0.248	0.245	0.347	0.275	0.262	0.320	0.293	0.252	0.222	0.370	0.284	1.962	0.571	0.258	0.190	-8677.781
824	8	500	492	0.5057	0.282	0.319	0.298	0.273	0.343	0.347	0.305	0.258	0.360	0.261	0.227	0.364	0.290	0.277	2.059	0.463	0.247	0.188	-8825.365
825	8	500	496	0.5197	0.312	0.264	0.349	0.337	0.313	0.327	0.289	0.327	0.337	0.347	0.302	0.310	0.282	0.273	1.919	0.537	0.241	0.166	-9010.869
826	8	500	492	0.5048	0.276	0.305	0.255	0.327	0.305	0.269	0.237	0.235	0.281	0.313	0.291	0.246	0.263	0.290	2.041	0.596	0.311	0.184	-8602.845
827	8	500	493	0.5205	0.350	0.362	0.292	0.317	0.268	0.285	0.294	0.323	0.324	0.303	0.302	0.326	0.308	0.341	1.943	0.574	0.361	0.187	-9112.715
828	8	500	496	0.5152	0.258	0.313	0.335	0.298	0.333	0.338	0.253	0.270	0.335	0.300	0.345	0.291	0.313	0.281	1.964	0.580	0.291	0.204	-9011.292
829	8	500	493	0.5284	0.332	0.285	0.319	0.287	0.355	0.301	0.276	0.320	0.278	0.293	0.318	0.319	0.277	0.259	2.039	0.424	0.244	0.182	-8914.432
830	8	500	493	0.5110	0.275	0.322	0.250	0.320	0.293	0.259	0.347	0.301	0.284	0.276	0.298	0.318	0.282	0.283	2.099	0.495	0.181	0.197	-8734.497
831	8	500	494	0.5197	0.297	0.274	0.316	0.335	0.308	0.248	0.280	0.284	0.308	0.319	0.228	0.262	0.297	0.288	1.948	0.524	0.265	0.187	-8786.481
832	8	500	490	0.5236	0.028	0.354	0.268	0.278	0.322	0.324	0.300	0.497	0.272	0.302	0.333	0.306	0.355	0.259	2.007	0.587	0.340	0.218	-8965.615
833	8	500	492	0.5218	0.303	0.261	0.326	0.290	0.318	0.314	0.261	0.295	0.270	0.285	0.330	0.261	0.243	0.320	1.944	0.639	0.274	0.223	-8845.550
834	8	500	496	0.4997	0.239	0.276	0.272	0.376	0.351	0.278	0.278	0.242	0.293	0.280	0.322	0.239	0.300	0.288	1.916	0.629	0.302	0.228	-8866.053
835	8	500	492	0.5110	0.335	0.281	0.311	0.310	0.256	0.258	0.307	0.297	0.280	0.269	0.260	0.320	0.333	0.255	1.961	0.516	0.213	0.192	-8714.792
836	8	500	490	0.5067	0.321	0.325	0.295	0.321	0.249	0.297	0.251	0.319	0.229	0.274	0.286	0.319	0.251	0.317	1.864	0.715	0.285	0.198	-8711.755
837	8	500	495	0.5019	0.259	0.304	0.351	0.337	0.310	0.279	0.330	0.286	0.271	0.319	0.281	0.306	0.379	0.270	1.962	0.635	0.328	0.198	-9026.565
838	8	500	497	0.5052	0.276	0.318	0.348	0.310	0.267	0.328	0.338	0.290	0.357	0.322	0.327	0.283	0.343	0.268	1.908	0.508	0.298	0.216	-9182.345
839	8	500	495	0.5082	0.278	0.337	0.367	0.273	0.279	0.236	0.265	0.349	0.311	0.293	0.300	0.247	0.258	0.352	2.093	0.701	0.260	0.232	-8851.012
840	8	500	492	0.5194	0.360	0.348	0.328	0.330	0.341	0.243	0.359	0.344	0.243	0.278	0.353	0.362	0.351	0.315	1.986	0.487	0.311	0.167	-9160.418
841	8	500	497	0.5238	0.264	0.281	0.321	0.338	0.339	0.318	0.303	0.340	0.294	0.294	0.382	0.278	0.310	0.299	1.925	0.419	0.247	0.209	-9203.506
842	8	500	493	0.5218	0.294	0.257	0.265	0.279	0.242	0.313	0.294	0.270	0.333	0.255	0.284	0.340	0.348	0.306	1.850	0.571	0.326	0.186	-8844.058
843	8	500	494	0.5141	0.353	0.310	0.244	0.284	0.255	0.311	0.311	0.330	0.299	0.355	0.266	0.301	0.333	0.291	1.974	0.534	0.261	0.194	-8945.769
844	8	500	494	0.5038	0.295	0.237	0.314	0.294	0.303	0.323	0.282	0.260	0.294	0.256	0.318	0.274	0.299	0.282	1.970	0.678	0.316	0.230	-8811.378
845	8	500	491	0.5035	0.374	0.299	0.240	0.318	0.325	0.360	0.276	0.280	0.266	0.289	0.368	0.265	0.327	0.254	1.978	0.630	0.246	0.191	-8827.124
846	8	500	489	0.5336	0.289	0.316	0.319	0.260	0.310	0.282	0.353	0.256	0.331	0.286	0.340	0.325	0.255	0.278	1.904	0.617	0.369	0.204	-8979.836
847	8	500	497	0.5123	0.296	0.274	0.323	0.266	0.347	0.344	0.246	0.357	0.268	0.335	0.264	0.269	0.276	0.285	2.090	0.577	0.325	0.208	-8911.299
848	8	500	487	0.5101	0.256	0.243	0.271	0.291	0.338	0.329	0.289	0.331	0.328	0.292	0.287	0.229	0.280	0.258	1.987	0.620	0.322	0.180	-8665.599
849	8	500	489	0.5169	0.001	0.375	0.283	0.258	0.256	0.318	0.367	0.654	0.257	0.288	0.320	0.324	0.272	0.262	2.054	0.603	0.332	0.191	-8893.030
850	8	500	495	0.5250	0.300	0.291	0.347	0.274	0.317	0.299	0.248	0.336	0.302	0.322	0.313	0.347	0.296	0.308	1.969	0.601	0.306	0.188	-8974.865
851	8	500	497	0.4938	0.346	0.350	0.287	0.302	0.317	0.319	0.284	0.288	0.259	0.334	0.331	0.389	0.327	0.301	2.006	0.508	0.257	0.239	-9233.036
852	8	500	496	0.5287	0.271	0.297	0.230	0.265	0.330	0.339	0.286	0.286	0.316	0.312	0.274	0.345	0.353	0.330	1.804	0.541	0.251	0.203	-8987.708
853	8	500	487	0.5095	0.389	0.347	0.280	0.333	0.294	0.294	0.334	0.327	0.226	0.342	0.357	0.290	0.251	0.328	2.187	0.615	0.226	0.195	-8945.168
854	8	500	493	0.5054	0.357	0.415	0.313	0.300	0.277	0.251	0.306	0.298	0.268	0.304	0.328	0.273	0.283	0.302	1.910	0.682	0.318	0.225	-9012.502
855	8	500	493	0.5000	0.332	0.244	0.301	0.223	0.312	0.284	0.309	0.264	0.253	0.324	0.334	0.276	0.269	0.252	1.915	0.561	0.257	0.200	-8674.400
856	8	500	492	0.5111	0.224	0.281	0.275	0.308	0.281	0.261	0.279	0.226	0.302	0.235	0.293	0.253	0.280	0.288	2.189	0.447	0.200	0.192	-8517.717
857	8	500	492	0.5049	0.303	0.271	0.306	0.351	0.306	0.299	0.326	0.297	0.340	0.277	0.348	0.360	0.277	0.263	2.026	0.479	0.230	0.206	-9048.348
858	8	500	494	0.5104	0.301	0.362	0.349	0.228	0.311	0.301	0.349	0.277	0.349	0.336	0.272	0.299	0.281	0.289	2.101	0.553	0.229	0.183	-8855.131
859	8	500	495	0.5148	0.218	0.279	0.278	0.295	0.268	0.334	0.353	0.236	0.293	0.337	0.331	0.378	0.326	0.251	2.060	0.589	0.308	0.209	-8989.195
860	8	500	493	0.5171	0.292	0.224	0.266	0.361	0.294	0.344	0.344	0.361	0.311	0.313	0.299	0.339	0.335	0.306	2.150	0.495	0.247	0.208	-9100.262
861	8	500	495	0.5083	0.312	0.305	0.293	0.297	0.271	0.281	0.341	0.291	0.305	0.343	0.285	0.348	0.304	0.290	2.139	0.576	0.275	0.196	-8946.895
862	8	500	496	0.5231	0.273	0.304	0.308	0.328	0.327	0.259	0.355	0.282	0.274	0.338	0.344	0.360	0.344	0.343	2.183	0.644	0.337	0.229	-9222.026
863	8	500	492	0.5024	0.318	0.263	0.280	0.317	0.383	0.244	0.293	0.339	0.284	0.257	0.278	0.357	0.335	0.288	1.977	0.590	0.224	0.213	-8875.560
864	8	500	494	0.5188	0.269	0.295	0.316	0.247	0.280	0.287	0.346	0.304	0.324	0.269	0.325	0.213	0.265	0.341	1.922	0.647	0.297	0.200	-8788.753
865	8	500	490	0.5028	0.346	0.259	0.345	0.252	0.259	0.345	0.260	0.267	0.314	0.293	0.284	0.250	0.336	0.373	2.048	0.593	0.305	0.188	-8859.544
866	8	500	496	0.5198	0.258	0.300	0.322	0.349	0.319	0.313	0.286	0.343	0.329	0.329	0.288	0.237	0.342	0.310	1.888	0.539	0.288	0.202	-9102.497
867	8	500	494	0.5113	0.288	0.287	0.301	0.342	0.338	0.294	0.268	0.306	0.345	0.272	0.313	0.273	0.305	0.360	1.965	0.596	0.244	0.217	-9048.384
868	8	500	493	0.5151	0.311	0.292	0.339	0.300	0.344	0.313	0.354	0.234	0.261	0.296	0.364	0.300	0.342	0.255	1.947	0.596	0.388	0.197	-9102.424
869	8	500	494	0.5058	0.266	0.374	0.301	0.253	0.300	0.322	0.200	0.263	0.365	0.284	0.304	0.353	0.325	0.278	2.160	0.444	0.197	0.199	-8794.435
870	8	500	487	0.4948	0.308	0.372	0.284	0.265	0.271	0.328	0.317	0.352	0.299	0.277	0.287	0.316	0.304	0.317	1.993	0.561	0.282	0.166	-8896.214
871	8	500	494	0.5205	0.232	0.288	0.303	0.335	0.312	0.335	0.332	0.311	0.369	0.303	0.310	0.413	0.255	0.305	2.051	0.598	0.344	0.193	-9104.693
872	8	500	495	0.5059	0.266	0.280	0.315	0.328	0.355	0.306	0.305	0.311	0.314	0.296	0.337	0.324	0.290	0.271	2.106	0.468	0.260	0.186	-9004.537
873	8	500	495	0.5062	0.285	0.231	0.303	0.322	0.280	0.297	0.282	0.357	0.334	0.277	0.321	0.299	0.283	0.261	1.967	0.516	0.261	0.174	-8799.714
874	8	500	495	0.5015	0.281	0.318	0.300	0.347	0.252	0.357	0.294	0.357	0.295	0.360	0.293	0.275	0.304	0.368	2.065	0.450	0.271	0.199	-9157.820
875	8	500	497	0.5242	0.264	0.278	0.309	0.247	0.374	0.377	0.228	0.269	0.372	0.259	0.311	0.315	0.263	0.307	1.968	0.604	0.283	0.197	-8861.553
876	8	500	494	0.5114	0.302	0.247	0.308	0.292	0.308	0.245	0.343	0.304	0.282	0.338	0.315	0.266	0.292	0.294	2.204	0.554	0.373	0.195	-8912.157
877	8	500	489	0.5122	0.268	0.309	0.283	0.268	0.291	0.288	0.317	0.274	0.295	0.298	0.347	0.298	0.301	0.307	2.019	0.629	0.313	0.188	-8826.841
878	8	500	491	0.4989	0.280	0.274	0.285	0.264	0.297	0.326	0.352	0.274	0.335	0.311	0.288	0.293	0.277	0.318	1.969	0.675	0.325	0.198	-8848.756
879	8	500	491	0.5136	0.301	0.301	0.250	0.345	0.250	0.297	0.305	0.313	0.268	0.279	0.268	0.285	0.243	0.319	1.908	0.453	0.252	0.185	-8778.721
880	8	500	495	0.5048	0.363	0.221	0.277	0.349	0.354	0.270	0.312	0.313	0.311	0.308	0.312	0.251	0.278	0.294	1.854	0.585	0.343	0.197	-8979.088
881	8	500	492	0.5058	0.242	0.303	0.240	0.316	0.248	0.299	0.249	0.284	0.311	0.280	0.281	0.278	0.257	0.259	1.999	0.742	0.258	0.205	-8519.423
882	8	500	492	0.5082	0.248	0.290	0.308	0.298	0.306	0.305	0.280	0.337	0.313	0.253	0.387	0.298	0.286	0.274	1.888	0.594	0.313	0.203	-8930.921
883	8	500	493	0.5174	0.362	0.306	0.386	0.291	0.265	0.327	0.320	0.328	0.337	0.329	0.330	0.294	0.306	0.243	1.957	0.565	0.357	0.175	-9141.076
884	8	500	489	0.5029	0.328	0.271	0.328	0.295	0.311	0.312	0.268	0.306	0.314	0.302	0.322	0.335	0.285	0.307	2.050	0.505	0.228	0.189	-8905.124
885	8	500	490	0.5139	0.281	0.336	0.276	0.304	0.264	0.356	0.319	0.265	0.302	0.352	0.301	0.264	0.273	0.281	1.968	0.575	0.292	0.180	-8833.723
886	8	500	496	0.5209	0.219	0.221	0.249	0.284	0.322	0.304	0.294	0.280	0.289	0.265	0.312	0.224	0.319	0.313	2.053	0.593	0.263	0.201	-8661.099
887	8	500	494	0.5124	0.332	0.253	0.290	0.291	0.273	0.302	0.295	0.319	0.255	0.240	0.247	0.271	0.360	0.315	1.982	0.480	0.224	0.178	-8716.590
888	8	500	494	0.5141	0.244	0.280	0.307	0.243	0.246	0.275	0.308	0.263	0.287	0.271	0.312	0.320	0.297	0.375	2.116	0.673	0.327	0.195	-8762.532
889	8	500	493	0.5334	0.646	0.296	0.330	0.294	0.355	0.303	0.309	0.003	0.318	0.296	0.274	0.291	0.289	0.279	1.922	0.656	0.344	0.200	-9038.681
890	8	500	495	0.5153	0.318	0.284	0.362	0.258	0.303	0.306	0.275	0.273	0.288	0.266	0.233	0.309	0.302	0.264	1.795	0.705	0.259	0.213	-8736.758
891	8	500	493	0.5192	0.237	0.204	0.285	0.239	0.379	0.266	0.357	0.298	0.293	0.314	0.300	0.365	0.278	0.260	1.786	0.667	0.333	0.182	-8764.797
892	8	500	489	0.5092	0.326	0.360	0.305	0.290	0.317	0.272	0.346	0.303	0.275	0.396	0.330	0.337	0.312	0.258	1.865	0.451	0.251	0.200	-9168.492
893	8	500	493	0.5193	0.339	0.233	0.295	0.283	0.311	0.309	0.333	0.304	0.205	0.310	0.306	0.343	0.339	0.353	1.940	0.428	0.242	0.161	-8911.021
894	8	500	498	0.5088	0.313	0.243	0.264	0.444	0.331	0.288	0.318	0.261	0.239	0.325	0.264	0.368	0.334	0.347	1.968	0.397	0.188	0.205	-9098.468
895	8	500	495	0.5261	0.320	0.307	0.268	0.283	0.343	0.269	0.327	0.331	0.250	0.278	0.308	0.339	0.300	0.318	2.107	0.383	0.228	0.197	-9001.011
896	8	500	494	0.5148	0.319	0.291	0.296	0.361	0.313	0.336	0.287	0.384	0.359	0.327	0.344	0.259	0.243	0.364	1.856	0.425	0.247	0.177	-9195.088
897	8	500	491	0.5128	0.272	0.319	0.237	0.354	0.284	0.280	0.353	0.316	0.367	0.268	0.276	0.295	0.334	0.341	2.033	0.593	0.248	0.181	-8913.399
898	8	500	491	0.5192	0.318	0.392	0.268	0.229	0.331	0.279	0.293	0.365	0.304	0.318	0.261	0.351	0.267	0.328	1.973	0.530	0.248	0.173	-8852.330
899	8	500	495	0.5137	0.308	0.304	0.310	0.380	0.237	0.299	0.343	0.319	0.365	0.265	0.333	0.334	0.312	0.259	2.136	0.496	0.305	0.189	-9031.444
900	8	500	499	0.5190	0.298	0.243	0.311	0.275	0.318	0.283	0.299	0.248	0.297	0.286	0.284	0.327	0.241	0.278	2.188	0.364	0.194	0.196	-8754.585
901	8	500	497	0.5218	0.295	0.289	0.320	0.289	0.373	0.349	0.358	0.293	0.289	0.279	0.295	0.351	0.336	0.323	1.903	0.565	0.242	0.205	-9194.896
902	8	500	491	0.5168	0.326	0.330	0.257	0.363	0.264	0.315	0.331	0.350	0.263	0.309	0.273	0.315	0.294	0.298	2.028	0.412	0.210	0.194	-8963.541
903	8	500	495	0.5284	0.290	0.281	0.304	0.277	0.337	0.242	0.323	0.288	0.345	0.349	0.275	0.262	0.270	0.280	1.985	0.557	0.239	0.224	-8879.424
904	8	500	496	0.5119	0.333	0.268	0.289	0.316	0.361	0.280	0.288	0.333	0.309	0.246	0.337	0.252	0.251	0.289	1.866	0.547	0.308	0.170	-8815.455
905	8	500	486	0.5140	0.361	0.324	0.350	0.259	0.309	0.313	0.282	0.314	0.273	0.243	0.299	0.333	0.313	0.306	1.939	0.558	0.259	0.189	-8884.763
906	8	500	494	0.5052	0.326	0.346	0.286	0.342	0.295	0.315	0.332	0.346	0.272	0.289	0.288	0.293	0.326	0.341	2.180	0.481	0.325	0.186	-9092.439
907	8	500	493	0.5045	0.314	0.306	0.378	0.272	0.248	0.325	0.276	0.279	0.272	0.236	0.361	0.395	0.287	0.253	2.000	0.664	0.336	0.230	-8969.028
908	8	500	495	0.5145	0.517	0.263	0.358	0.274	0.285	0.326	0.321	0.083	0.279	0.324	0.335	0.296	0.273	0.287	1.923	0.691	0.309	0.209	-8951.190
909	8	500	493	0.5049	0.324	0.315	0.298	0.326	0.327	0.309	0.285	0.319	0.275	0.327	0.272	0.310	0.324	0.318	1.935	0.638	0.353	0.184	-8989.147
910	8	500	497	0.5032	0.209	0.265	0.311	0.315	0.265	0.296	0.339	0.492	0.292	0.335	0.328	0.308	0.327	0.278	1.860	0.534	0.293	0.186	-9051.043
911	8	500	496	0.5133	0.255	0.340	0.271	0.327	0.298	0.318	0.271	0.250	0.310	0.314	0.325	0.326	0.264	0.346	2.208	0.473	0.280	0.185	-8957.875
912	8	500	492	0.5122	0.264	0.299	0.284	0.286	0.256	0.273	0.262	0.244	0.328	0.293	0.289	0.299	0.277	0.292	2.169	0.696	0.270	0.213	-8637.513
913	8	500	497	0.5155	0.327	0.296	0.322	0.327	0.290	0.329	0.223	0.335	0.278	0.350	0.292	0.261	0.307	0.238	1.930	0.675	0.268	0.228	-8935.729
914	8	500	493	0.5247	0.310	0.217	0.302	0.290	0.321	0.289	0.328	0.312	0.231	0.302	0.289	0.297	0.278	0.344	1.908	0.568	0.238	0.190	-8772.320
915	8	500	490	0.5274	0.276	0.322	0.317	0.287	0.305	0.321	0.304	0.278	0.374	0.262	0.334	0.211	0.250	0.313	2.015	0.505	0.204	0.219	-8901.984
916	8	500	490	0.5064	0.340	0.319	0.308	0.268	0.274	0.273	0.294	0.353	0.260	0.351	0.382	0.373	0.345	0.313	2.116	0.503	0.309	0.200	-9124.565
917	8	500	495	0.5352	0.289	0.277	0.280	0.344	0.337	0.308	0.303	0.324	0.245	0.284	0.367	0.378	0.260	0.331	1.839	0.552	0.261	0.197	-9044.975
918	8	500	496	0.5151	0.300	0.318	0.269	0.277	0.323	0.285	0.327	0.281	0.322	0.308	0.335	0.350	0.299	0.343	2.143	0.536	0.331	0.182	-9062.621
919	8	500	488	0.5295	0.259	0.324	0.329	0.328	0.246	0.284	0.324	0.256	0.324	0.318	0.270	0.321	0.348	0.250	1.953	0.511	0.341	0.172	-8969.131
920	8	500	495	0.5178	0.272	0.346	0.310	0.339	0.305	0.299	0.282	0.279	0.309	0.280	0.321	0.315	0.329	0.292	2.119	0.544	0.229	0.174	-8884.646
921	8	500	495	0.5102	0.281	0.329	0.329	0.240	0.323	0.274	0.318	0.308	0.357	0.308	0.323	0.329	0.299	0.245	1.851	0.471	0.255	0.207	-9054.265
922	8	500	490	0.5089	0.317	0.299	0.348	0.327	0.237	0.263	0.309	0.305	0.354	0.270	0.300	0.261	0.288	0.309	2.054	0.531	0.267	0.215	-8955.158
923	8	500	495	0.4991	0.288	0.327	0.313	0.378	0.317	0.310	0.322	0.294	0.301	0.316	0.354	0.325	0.247	0.365	1.994	0.675	0.321	0.213	-9198.327
924	8	500	497	0.5023	0.353	0.314	0.282	0.267	0.372	0.258	0.345	0.299	0.338	0.271	0.306	0.276	0.308	0.383	2.002	0.564	0.405	0.194	-9131.386
925	8	500	491	0.4971	0.342	0.305	0.297	0.322	0.333	0.272	0.290	0.307	0.264	0.290	0.297	0.397	0.228	0.332	1.960	0.596	0.306	0.200	-8928.688
926	8	500	490	0.5102	0.317	0.294	0.352	0.344	0.275	0.366	0.273	0.244	0.297	0.313	0.301	0.291	0.317	0.221	2.134	0.492	0.310	0.191	-8957.281
927	8	500	491	0.5080	0.346	0.333	0.288	0.299	0.270	0.244	0.314	0.374	0.375	0.309	0.304	0.323	0.263	0.295	2.023	0.690	0.285	0.206	-8924.448
928	8	500	493	0.5198	0.305	0.243	0.384	0.257	0.264	0.253	0.280	0.331	0.345	0.299	0.298	0.302	0.291	0.300	1.929	0.651	0.318	0.210	-8889.575
929	8	500	494	0.5102	0.303	0.347	0.316	0.342	0.315	0.261	0.293	0.313	0.270	0.338	0.304	0.310	0.251	0.312	2.019	0.369	0.211	0.172	-8967.910
930	8	500	493	0.5218	0.173	0.353	0.349	0.321	0.329	0.311	0.281	0.502	0.355	0.376	0.296	0.218	0.317	0.294	2.002	0.640	0.318	0.209	-9157.405
931	8	500	493	0.5105	0.289	0.266	0.274	0.300	0.315	0.239	0.284	0.276	0.226	0.288	0.264	0.231	0.287	0.299	2.026	0.733	0.217	0.216	-8445.427
932	8	500	489	0.5046	0.271	0.317	0.268	0.293	0.291	0.320	0.275	0.285	0.255	0.253	0.294	0.286	0.244	0.299	1.826	0.537	0.292	0.194	-8700.433
933	8	500	493	0.5128	0.308	0.289	0.290	0.280	0.276	0.312	0.340	0.265	0.323	0.247	0.347	0.352	0.316	0.321	2.024	0.455	0.303	0.190	-9007.636
934	8	500	491	0.5060	0.289	0.349	0.244	0.343	0.303	0.326	0.343	0.287	0.335	0.323	0.265	0.329	0.265	0.266	2.057	0.500	0.287	0.163	-8896.097
935	8	500	494	0.5285	0.280	0.312	0.276	0.305	0.323	0.329	0.253	0.268	0.220	0.360	0.232	0.280	0.317	0.330	2.024	0.481	0.231	0.198	-8838.185
936	8	500	493	0.5163	0.248	0.196	0.328	0.267	0.352	0.312	0.351	0.325	0.245	0.260	0.292	0.378	0.353	0.357	1.988	0.451	0.242	0.182	-9007.023
937	8	500	496	0.5114	0.243	0.294	0.293	0.334	0.334	0.282	0.344	0.294	0.314	0.324	0.325	0.379	0.314	0.305	2.144	0.628	0.299	0.221	-9117.048
938	8	500	497	0.5303	0.301	0.344	0.323	0.262	0.293	0.291	0.337	0.263	0.322	0.331	0.286	0.320	0.279	0.345	1.958	0.567	0.294	0.212	-9141.445
939	8	500	492	0.5170	0.223	0.350	0.265	0.309	0.278	0.292	0.312	0.295	0.266	0.303	0.370	0.384	0.304	0.350	2.333	0.589	0.327	0.194	-8997.148
940	8	500	494	0.5091	0.292	0.379	0.293	0.321	0.265	0.268	0.295	0.321	0.307	0.335	0.250	0.270	0.305	0.270	2.097	0.530	0.284	0.182	-8776.025
941	8	500	490	0.4992	0.278	0.273	0.295	0.310	0.330	0.314	0.267	0.330	0.325	0.323	0.337	0.338	0.269	0.315	2.120	0.458	0.254	0.184	-8986.203
942	8	500	495	0.5102	0.630	0.323	0.264	0.279	0.392	0.267	0.317	0.002	0.270	0.289	0.341	0.326	0.337	0.299	2.192	0.545	0.330	0.181	-8955.398
943	8	500	490	0.5251	0.001	0.310	0.307	0.296	0.260	0.337	0.280	0.614	0.208	0.361	0.313	0.330	0.278	0.268	1.979	0.581	0.348	0.184	-8922.995
944	8	500	492	0.5028	0.340	0.268	0.345	0.301	0.309	0.323	0.317	0.279	0.331	0.308	0.330	0.233	0.276	0.323	2.044	0.514	0.248	0.232	-9072.179
945	8	500	495	0.5167	0.286	0.318	0.248	0.275	0.308	0.331	0.279	0.290	0.277	0.284	0.259	0.316	0.324	0.234	1.977	0.578	0.275	0.208	-8778.367
946	8	500	497	0.5253	0.305	0.294	0.266	0.302	0.203	0.278	0.313	0.321	0.391	0.290	0.350	0.304	0.280	0.273	1.799	0.546	0.206	0.219	-8930.086
947	8	500	495	0.5192	0.320	0.252	0.320	0.315	0.334	0.312	0.330	0.303	0.336	0.265	0.245	0.314	0.264	0.313	1.991	0.463	0.301	0.223	-9026.381
948	8	500	493	0.5038	0.307	0.277	0.299	0.318	0.259	0.333	0.314	0.257	0.287	0.317	0.270	0.335	0.273	0.329	1.911	0.619	0.311	0.193	-8912.299
949	8	500	498	0.5248	0.425	0.277	0.333	0.278	0.338	0.271	0.317	0.225	0.295	0.300	0.310	0.333	0.283	0.319	2.133	0.530	0.272	0.176	-8936.325
950	8	500	488	0.5108	0.275	0.386	0.350	0.297	0.244	0.301	0.280	0.297	0.228	0.318	0.318	0.305	0.296	0.280	1.877	0.479	0.234	0.213	-8977.137
951	8	500	496	0.5126	0.363	0.298	0.347	0.311	0.265	0.288	0.339	0.325	0.315	0.268	0.310	0.317	0.271	0.337	2.035	0.603	0.272	0.214	-9065.525
952	8	500	498	0.4931	0.309	0.318	0.230	0.306	0.242	0.252	0.312	0.349	0.279	0.245	0.365	0.256	0.327	0.292	2.006	0.574	0.208	0.221	-8791.194
953	8	500	492	0.5232	0.368	0.281	0.266	0.300	0.304	0.312	0.287	0.250	0.405	0.357	0.270	0.222	0.261	0.306	2.060	0.640	0.301	0.203	-8891.038
954	8	500	494	0.5136	0.291	0.249	0.347	0.303	0.270	0.261	0.395	0.287	0.362	0.312	0.252	0.340	0.309	0.311	1.863	0.485	0.257	0.193	-9064.105
955	8	500	494	0.5086	0.243	0.385	0.310	0.244	0.274	0.293	0.297	0.317	0.339	0.282	0.286	0.253	0.308	0.251	2.277	0.490	0.219	0.197	-8717.355
956	8	500	487	0.4936	0.296	0.297	0.345	0.262	0.296	0.261	0.308	0.277	0.329	0.296	0.283	0.260	0.266	0.292	2.115	0.646	0.327	0.204	-8796.528
957	8	500	496	0.5124	0.277	0.373	0.275	0.341	0.298	0.303	0.299	0.293	0.361	0.310	0.334	0.283	0.324	0.282	1.989	0.562	0.255	0.196	-9032.966
958	8	500	491	0.5319	0.314	0.299	0.335	0.277	0.268	0.284	0.271	0.274	0.224	0.286	0.323	0.316	0.306	0.288	1.908	0.641	0.359	0.191	-8855.141
959	8	500	492	0.5106	0.335	0.298	0.352	0.258	0.310	0.321	0.234	0.338	0.270	0.287	0.309	0.327	0.269	0.278	2.090	0.588	0.315	0.185	-8822.894
960	8	500	494	0.5103	0.299	0.235	0.286	0.384	0.319	0.313	0.229	0.237	0.267	0.275	0.243	0.306	0.253	0.310	2.002	0.531	0.218	0.216	-8721.274
961	8	500	494	0.5181	0.314	0.354	0.343	0.262	0.275	0.326	0.234	0.306	0.339	0.261	0.287	0.269	0.277	0.355	2.083	0.461	0.290	0.183	-8914.673
962	8	500	489	0.5150	0.241	0.291	0.287	0.277	0.268	0.280	0.287	0.275	0.281	0.316	0.327	0.296	0.280	0.287	1.901	0.561	0.331	0.184	-8830.275
963	8	500	493	0.5259	0.330	0.345	0.310	0.323	0.344	0.308	0.298	0.294	0.289	0.302	0.376	0.301	0.224	0.333	1.878	0.616	0.316	0.214	-9150.416
964	8	500	487	0.5363	0.309	0.295	0.267	0.329	0.344	0.224	0.298	0.252	0.268	0.304	0.307	0.252	0.311	0.214	2.084	0.534	0.269	0.194	-8651.190
965	8	500	493	0.5228	0.289	0.283	0.292	0.316	0.298	0.336	0.313	0.303	0.321	0.278	0.310	0.247	0.303	0.274	2.180	0.597	0.317	0.176	-8818.241
966	8	500	492	0.5158	0.279	0.226	0.289	0.291	0.291	0.249	0.255	0.336	0.284	0.315	0.219	0.328	0.277	0.273	2.124	0.587	0.264	0.213	-8593.859
967	8	500	496	0.5353	0.284	0.382	0.263	0.319	0.339	0.266	0.296	0.264	0.274	0.267	0.352	0.255	0.322	0.333	2.011	0.469	0.210	0.174	-8923.365
968	8	500	495	0.5277	0.254	0.285	0.327	0.372	0.345	0.300	0.292	0.248	0.252	0.285	0.343	0.335	0.275	0.285	1.795	0.450	0.207	0.207	-9005.169
969	8	500	497	0.5101	0.328	0.306	0.289	0.362	0.328	0.302	0.326	0.344	0.277	0.250	0.317	0.278	0.324	0.287	1.849	0.414	0.220	0.218	-9143.552
970	8	500	493	0.5044	0.553	0.288	0.296	0.273	0.212	0.251	0.235	0.031	0.309	0.300	0.344	0.295	0.306	0.284	2.082	0.690	0.293	0.208	-8657.059
971	8	500	495	0.5231	0.316	0.354	0.288	0.329	0.307	0.296	0.325	0.222	0.333	0.282	0.289	0.329	0.311	0.256	1.937	0.584	0.387	0.199	-9033.309
972	8	500	495	0.5101	0.356	0.288	0.305	0.310	0.297	0.335	0.303	0.283	0.279	0.281	0.272	0.287	0.312	0.281	1.947	0.498	0.242	0.181	-8871.496
973	8	500	494	0.5129	0.305	0.251	0.314	0.241	0.370	0.279	0.338	0.279	0.255	0.362	0.283	0.370	0.286	0.375	1.977	0.607	0.303	0.194	-8981.654
974	8	500	495	0.5179	0.285	0.321	0.281	0.300	0.291	0.299	0.344	0.261	0.313	0.324	0.328	0.392	0.272	0.284	2.228	0.556	0.317	0.191	-8988.841
975	8	500	492	0.5102	0.302	0.330	0.306	0.298	0.288	0.243	0.315	0.341	0.359	0.328	0.315	0.247	0.286	0.275	2.049	0.587	0.271	0.212	-8895.791
976	8	500	493	0.5118	0.342	0.336	0.339	0.314	0.296	0.375	0.300	0.339	0.251	0.320	0.297	0.318	0.267	0.322	2.008	0.511	0.238	0.225	-9149.473
977	8	500	497	0.5148	0.274	0.359	0.258	0.308	0.225	0.333	0.338	0.281	0.284	0.291	0.319	0.293	0.325	0.360	2.000	0.523	0.252	0.212	-9056.206
978	8	500	496	0.5017	0.379	0.341	0.278	0.266	0.307	0.278	0.303	0.296	0.352	0.288	0.302	0.240	0.340	0.308	2.103	0.432	0.232	0.180	-8942.151
979	8	500	494	0.5147	0.287	0.355	0.347	0.270	0.299	0.346	0.287	0.294	0.340	0.354	0.279	0.277	0.343	0.268	2.090	0.707	0.293	0.215	-9020.243
980	8	500	495	0.5225	0.361	0.351	0.299	0.402	0.227	0.368	0.302	0.375	0.277	0.258	0.312	0.264	0.345	0.293	1.993	0.624	0.331	0.198	-9128.893
981	8	500	491	0.5163	0.289	0.331	0.332	0.261	0.278	0.341	0.305	0.290	0.285	0.369	0.343	0.285	0.292	0.316	1.902	0.645	0.282	0.205	-9021.555
982	8	500	496	0.5151	0.309	0.238	0.259	0.272	0.315	0.279	0.280	0.353	0.287	0.256	0.302	0.237	0.225	0.269	1.809	0.647	0.221	0.239	-8633.030
983	8	500	495	0.5029	0.269	0.246	0.316	0.267	0.316	0.332	0.326	0.313	0.327	0.284	0.238	0.298	0.238	0.300	1.940	0.625	0.284	0.215	-8789.802
984	8	500	490	0.5014	0.281	0.341	0.337	0.255	0.246	0.336	0.304	0.265	0.288	0.312	0.260	0.321	0.289	0.309	1.977	0.663	0.313	0.199	-8818.443
985	8	500	500	0.5048	0.269	0.292	0.286	0.318	0.244	0.342	0.258	0.306	0.280	0.257	0.333	0.345	0.300	0.273	2.024	0.496	0.250	0.212	-8875.455
986	8	500	497	0.5107	0.364	0.262	0.285	0.293	0.317	0.286	0.308	0.283	0.263	0.338	0.283	0.373	0.306	0.293	1.885	0.598	0.226	0.195	-8849.456
987	8	500	495	0.5288	0.304	0.287	0.277	0.256	0.344	0.262	0.291	0.328	0.279	0.316	0.290	0.229	0.319	0.275	1.907	0.617	0.329	0.215	-8844.370
988	8	500	495	0.5068	0.272	0.272	0.337	0.246	0.327	0.359	0.208	0.251	0.302	0.339	0.330	0.282	0.329	0.244	2.072	0.570	0.332	0.216	-8896.239
989	8	500	492	0.5097	0.357	0.245	0.294	0.236	0.284	0.233	0.321	0.334	0.314	0.334	0.237	0.252	0.251	0.265	1.912	0.735	0.265	0.209	-8531.573
990	8	500	493	0.5137	0.315	0.346	0.300	0.247	0.312	0.320	0.350	0.271	0.285	0.297	0.304	0.301	0.286	0.286	1.913	0.538	0.228	0.206	-8963.423
991	8	500	491	0.5192	0.395	0.322	0.259	0.357	0.295	0.330	0.325	0.221	0.286	0.399	0.293	0.302	0.349	0.268	2.018	0.654	0.345	0.204	-9125.577
992	8	500	495	0.5046	0.305	0.275	0.356	0.300	0.206	0.274	0.303	0.325	0.300	0.329	0.266	0.292	0.294	0.303	1.899	0.572	0.297	0.182	-8838.740
993	8	500	495	0.5022	0.305	0.300	0.316	0.288	0.332	0.295	0.238	0.285	0.320	0.406	0.295	0.349	0.292	0.282	2.035	0.588	0.279	0.186	-8928.708
994	8	500	493	0.4934	0.267	0.299	0.283	0.268	0.287	0.302	0.259	0.298	0.221	0.400	0.227	0.285	0.277	0.310	1.917	0.542	0.336	0.185	-8705.371
995	8	500	495	0.5056	0.277	0.317	0.266	0.319	0.269	0.314	0.265	0.290	0.301	0.330	0.311	0.333	0.294	0.287	2.320	0.399	0.172	0.199	-8808.910
996	8	500	494	0.5018	0.301	0.248	0.291	0.285	0.380	0.298	0.295	0.260	0.280	0.292	0.284	0.327	0.293	0.314	2.149	0.529	0.280	0.182	-8788.443
997	8	500	494	0.5243	0.245	0.304	0.314	0.308	0.365	0.307	0.309	0.275	0.258	0.242	0.304	0.284	0.295	0.258	2.060	0.603	0.242	0.256	-8903.867
998	8	500	494	0.5145	0.219	0.315	0.290	0.260	0.224	0.366	0.296	0.249	0.290	0.292	0.314	0.357	0.293	0.264	1.779	0.580	0.297	0.183	-8797.706
999	8	500	494	0.5036	0.347	0.242	0.270	0.337	0.313	0.252	0.290	0.318	0.317	0.301	0.311	0.298	0.314	0.324	2.085	0.320	0.169	0.199	-8949.306
1000	8	500	496	0.5046	0.000	0.285	0.264	0.309	0.281	0.304	0.255	0.629	0.255	0.302	0.297	0.291	0.341	0.266	2.027	0.617	0.346	0.192	-8808.768
