"","x"
"1",-8833.895
"2",-9025.636
"3",-9127.314
"4",-8866.749
"5",-8857.754
"6",-8648.039
"7",-8878.753
"8",-8798.763
"9",-9105.526
"10",-8994.308
"11",-8835.297
"12",-9079.671
"13",-8976.847
"14",-9163.296
"15",-8860.961
"16",-8680.436
"17",-9047.155
"18",-8970.261
"19",-9035.298
"20",-8896.282
"21",-8941.523
"22",-8956.938
"23",-8892.096
"24",-8856.602
"25",-8834.17
"26",-8761.671
"27",-8894.584
"28",-9004.02
"29",-9021.123
"30",-8696.979
"31",-9161.368
"32",-8698.178
"33",-9141.857
"34",-9023.325
"35",-8897.108
"36",-8932.508
"37",-8686.446
"38",-9003.47
"39",-8986.495
"40",-9001.659
"41",-9169.338
"42",-9033.673
"43",-8721.981
"44",-8672.451
"45",-9105.798
"46",-8933.208
"47",-9000.219
"48",-8800.058
"49",-8985.232
"50",-8917.278
"51",-8837.415
"52",-9108.327
"53",-8731.579
"54",-8918.338
"55",-8909.33
"56",-8983.779
"57",-8960.159
"58",-8845.598
"59",-8908.863
"60",-8606.517
"61",-9005.437
"62",-8794.819
"63",-9108.778
"64",-8917.84
"65",-9088.24
"66",-9077.109
"67",-8595.875
"68",-8782.348
"69",-8786.961
"70",-9093.889
"71",-8889.817
"72",-8722.492
"73",-8760.234
"74",-8901.212
"75",-9007.532
"76",-9207.281
"77",-8994.469
"78",-8713.364
"79",-8782.656
"80",-9004.428
"81",-8829.622
"82",-8899.964
"83",-8877.937
"84",-8698.051
"85",-8904.892
"86",-8793.131
"87",-8819.714
"88",-8932.421
"89",-9076.68
"90",-8812.139
"91",-9161.786
"92",-8882.657
"93",-8863.423
"94",-8603.547
"95",-8908.658
"96",-9038.124
"97",-9076.737
"98",-8859.81
"99",-8601.697
"100",-8963.275
"101",-8768.833
"102",-8876.913
"103",-9125.704
"104",-9068.083
"105",-8843.059
"106",-8735.317
"107",-8931.039
"108",-8856.34
"109",-9034.859
"110",-8959.642
"111",-8997.845
"112",-8835.039
"113",-9091.54
"114",-8854.167
"115",-8916.435
"116",-9028.153
"117",-8891.872
"118",-8986.811
"119",-9211.964
"120",-8876.845
"121",-9154.76
"122",-8701.506
"123",-8905.835
"124",-8815.033
"125",-8748.822
"126",-8930.001
"127",-8756.955
"128",-8676.666
"129",-8945.299
"130",-9007.962
"131",-9045.44
"132",-8599.416
"133",-8821.886
"134",-9024.833
"135",-9089.24
"136",-8663.912
"137",-8946.826
"138",-8972.571
"139",-8899.504
"140",-8802.108
"141",-8853.469
"142",-8904.497
"143",-8920.705
"144",-8854.222
"145",-9154.213
"146",-9079.415
"147",-8817.021
"148",-8802.696
"149",-8916.414
"150",-8734.788
"151",-9024.485
"152",-8821.373
"153",-9142.544
"154",-8843.986
"155",-8916.477
"156",-8848.01
"157",-8868.038
"158",-8868.007
"159",-8606.287
"160",-9067.905
"161",-8601.872
"162",-9156.247
"163",-8724.22
"164",-8706.758
"165",-9038.44
"166",-9169.506
"167",-8884.472
"168",-8647.026
"169",-8935.529
"170",-8690.876
"171",-9137.858
"172",-9000.799
"173",-8881.359
"174",-8924.945
"175",-8920.462
"176",-8844.773
"177",-9041.327
"178",-8755.246
"179",-9093.923
"180",-9203.626
"181",-8780.618
"182",-8827.939
"183",-8681.848
"184",-9108.075
"185",-8982.173
"186",-9012.471
"187",-9022.756
"188",-8889.974
"189",-9173.947
"190",-9003.961
"191",-8987.794
"192",-8922.125
"193",-8774.889
"194",-9042.891
"195",-9179.746
"196",-8762.228
"197",-8911.585
"198",-8718.647
"199",-8879.632
"200",-8783.921
"201",-8951.907
"202",-8740.97
"203",-8902.342
"204",-9001.019
"205",-9051.255
"206",-8606.43
"207",-8794.274
"208",-8845.708
"209",-9065.582
"210",-8715.153
"211",-9174.357
"212",-8943.166
"213",-8905.367
"214",-8707.931
"215",-8974.545
"216",-8815.81
"217",-9101.616
"218",-8998.243
"219",-8828.994
"220",-8973.356
"221",-8882.85
"222",-9040.223
"223",-8942.917
"224",-8878.235
"225",-9124.445
"226",-8721.936
"227",-9163.475
"228",-8633.17
"229",-9032.544
"230",-8736.85
"231",-9022.064
"232",-8918.188
"233",-9123.794
"234",-8755.186
"235",-8928.115
"236",-8624.44
"237",-8920.709
"238",-8878.73
"239",-9014.122
"240",-8783.999
"241",-8931.793
"242",-8927.357
"243",-8690.932
"244",-8769.409
"245",-8999.328
"246",-9163.734
"247",-8650.609
"248",-8982.274
"249",-8999.048
"250",-8798.128
"251",-8940.272
"252",-8929.693
"253",-8813.256
"254",-8631.906
"255",-8953.153
"256",-9105.312
"257",-8794.551
"258",-9180.477
"259",-8949.378
"260",-8952.61
"261",-8942.902
"262",-8789.281
"263",-8671.546
"264",-8665.312
"265",-8819.843
"266",-8670.655
"267",-8908.322
"268",-8949.364
"269",-9051.84
"270",-8905.19
"271",-8939.936
"272",-9203.405
"273",-9018.101
"274",-9161.62
"275",-8844.068
"276",-9150.103
"277",-8770.65
"278",-9019.91
"279",-8881.718
"280",-9086.351
"281",-8620.428
"282",-8891.686
"283",-8771.528
"284",-8857.548
"285",-9122.604
"286",-8791.678
"287",-8627.692
"288",-8490.445
"289",-8718.769
"290",-9100.075
"291",-8914.347
"292",-8587.532
"293",-9051.885
"294",-9041.779
"295",-9063.108
"296",-9058.215
"297",-8557.192
"298",-8830.45
"299",-8845.048
"300",-8736.979
"301",-8624.821
"302",-8757.544
"303",-9114.479
"304",-8835.834
"305",-8898.822
"306",-8913.805
"307",-8880.372
"308",-9099.835
"309",-8717.737
"310",-8845.099
"311",-8780.203
"312",-8766.972
"313",-8990.466
"314",-8972.706
"315",-8876.376
"316",-9081.783
"317",-8921.48
"318",-8850.487
"319",-9085.089
"320",-9011.686
"321",-8688.908
"322",-8744.514
"323",-8906.564
"324",-8890.206
"325",-8923.967
"326",-8843.287
"327",-9008.326
"328",-9020.28
"329",-8817.067
"330",-8906.468
"331",-8957.669
"332",-8832.308
"333",-8836.138
"334",-8933.718
"335",-8949.909
"336",-8901.173
"337",-9100.491
"338",-8891.245
"339",-8743.944
"340",-9160.144
"341",-8922.759
"342",-8688.928
"343",-8814.848
"344",-8762.886
"345",-8813.78
"346",-8887.66
"347",-9029.054
"348",-9095.195
"349",-9241.117
"350",-9058.177
"351",-8846.599
"352",-8887.463
"353",-8985.553
"354",-8895.31
"355",-9020.89
"356",-8941.698
"357",-8816.82
"358",-8590.979
"359",-8907.778
"360",-8992.009
"361",-8732.23
"362",-8860.601
"363",-8985.695
"364",-9143.392
"365",-8861.291
"366",-8913.425
"367",-9131.583
"368",-8623.532
"369",-8883.329
"370",-8833.803
"371",-8824.452
"372",-8915.785
"373",-8848.256
"374",-8816.6
"375",-8860.809
"376",-8731.506
"377",-9051.63
"378",-9229.744
"379",-9137.76
"380",-8823.993
"381",-8833.711
"382",-8702.299
"383",-8916.097
"384",-8803.732
"385",-8925.419
"386",-8952.656
"387",-8955.232
"388",-8742.892
"389",-9041.182
"390",-9019.781
"391",-9164.379
"392",-9176.363
"393",-8849.722
"394",-8859.115
"395",-8938.356
"396",-8997.772
"397",-9094.319
"398",-8887.071
"399",-8994.474
"400",-8899.515
"401",-9112.302
"402",-9152.043
"403",-9036.205
"404",-9030.758
"405",-8716.101
"406",-8970.749
"407",-9129.323
"408",-9082.002
"409",-8578.034
"410",-9108.396
"411",-9009.132
"412",-9098.536
"413",-8720.85
"414",-8911.917
"415",-9016.73
"416",-8834.847
"417",-8662.319
"418",-9078.243
"419",-9015.576
"420",-8876.577
"421",-8934.354
"422",-9029.767
"423",-8833.051
"424",-8743.224
"425",-8897.266
"426",-9025.112
"427",-8681.694
"428",-9054.55
"429",-8886.802
"430",-9189.029
"431",-8853.799
"432",-8957.168
"433",-9152.963
"434",-9033.44
"435",-9022.124
"436",-8802.955
"437",-8814.333
"438",-8918.376
"439",-8704.294
"440",-8880.238
"441",-9093.839
"442",-8759.699
"443",-9032.896
"444",-9003.362
"445",-8819.134
"446",-8739.741
"447",-8603.258
"448",-8700.834
"449",-8815.892
"450",-8872.178
"451",-9045.349
"452",-8738.626
"453",-9174.14
"454",-8880.398
"455",-8952.409
"456",-8978.053
"457",-8985.431
"458",-9217.815
"459",-8764.827
"460",-9024.057
"461",-8903.5
"462",-8846.9
"463",-9201.952
"464",-8878.394
"465",-8965.858
"466",-9167.423
"467",-8872.881
"468",-8961.425
"469",-9105.606
"470",-8933.111
"471",-8915.858
"472",-8803.85
"473",-8971.704
"474",-8706.359
"475",-9029.904
"476",-8816.065
"477",-8825.84
"478",-9028.256
"479",-8852.046
"480",-9308.725
"481",-8988.216
"482",-8971.753
"483",-8935.554
"484",-8840.986
"485",-8753.282
"486",-9005.97
"487",-9038.359
"488",-8896.738
"489",-8796.202
"490",-8783.917
"491",-8819.868
"492",-8714.874
"493",-8934.698
"494",-8826.11
"495",-8852.311
"496",-9159.355
"497",-8833.489
"498",-8870.846
"499",-9024.936
"500",-8813.024
"501",-8975.634
"502",-9147.688
"503",-8774.736
"504",-8812.855
"505",-8759.217
"506",-8926.307
"507",-9028.788
"508",-8960.267
"509",-8717.534
"510",-9106.258
"511",-8916.401
"512",-8780.885
"513",-8846.135
"514",-8851.521
"515",-8782.525
"516",-8809.253
"517",-8663.033
"518",-9106.979
"519",-8970.854
"520",-8808.882
"521",-9003.146
"522",-9023.458
"523",-8777.421
"524",-8788.029
"525",-8877.143
"526",-9125.809
"527",-8843.347
"528",-8958.979
"529",-9062.568
"530",-9080.79
"531",-8978.111
"532",-8930.711
"533",-8868.293
"534",-8984.216
"535",-8821.858
"536",-8877.289
"537",-8793.172
"538",-9058.996
"539",-8652.224
"540",-8875.612
"541",-8587.994
"542",-9046.875
"543",-8975.062
"544",-9029.248
"545",-8810.394
"546",-8593.592
"547",-8867.518
"548",-8836.158
"549",-9036.307
"550",-8996.259
"551",-8901.764
"552",-8726.615
"553",-8748.428
"554",-9024.941
"555",-8843.043
"556",-8816.144
"557",-8981.496
"558",-8870.821
"559",-8726.81
"560",-8830.373
"561",-8953.727
"562",-8803.571
"563",-9094.567
"564",-8678.433
"565",-8968.327
"566",-8659.886
"567",-8925.171
"568",-8722.303
"569",-9101.238
"570",-8988.713
"571",-8976.041
"572",-9029.074
"573",-9096.837
"574",-8985.659
"575",-8870.927
"576",-8993.344
"577",-8789.087
"578",-8859.719
"579",-8771.018
"580",-8880.757
"581",-8898.316
"582",-8919.507
"583",-9074.814
"584",-8961.707
"585",-8899.099
"586",-8968.693
"587",-9084.883
"588",-9233.878
"589",-8963.874
"590",-8716.709
"591",-9117.213
"592",-8767.035
"593",-8914.599
"594",-9035.821
"595",-8913.813
"596",-8949.849
"597",-8831.941
"598",-8865.45
"599",-8813.885
"600",-9027.577
"601",-9072.288
"602",-8873.188
"603",-8773.328
"604",-8830.747
"605",-8735.954
"606",-8858.76
"607",-9089.151
"608",-8864.38
"609",-8869.77
"610",-8754.325
"611",-9087.334
"612",-9041.544
"613",-8874.13
"614",-8842.185
"615",-8845.104
"616",-8989.35
"617",-8916.623
"618",-8685.704
"619",-8921.791
"620",-8875.601
"621",-9027.31
"622",-8881.44
"623",-8916.898
"624",-9173.514
"625",-9030.503
"626",-9163.519
"627",-8944.319
"628",-8975.826
"629",-9024.558
"630",-8895.022
"631",-8597.335
"632",-8908.88
"633",-8679.716
"634",-8774.334
"635",-8759.088
"636",-8974.437
"637",-8957.775
"638",-8843.75
"639",-8869.916
"640",-8810.42
"641",-8939.2
"642",-8780.519
"643",-9106.853
"644",-8855.298
"645",-8901.639
"646",-9096.519
"647",-8922.724
"648",-8928.69
"649",-9190.939
"650",-8555.965
"651",-8907.032
"652",-8743.775
"653",-8536.128
"654",-9131.217
"655",-8917.591
"656",-9200.824
"657",-8980.71
"658",-9132.3
"659",-8702.977
"660",-8947.686
"661",-9090.151
"662",-8764.434
"663",-8923.16
"664",-8790.609
"665",-8966.95
"666",-8679.906
"667",-9116.651
"668",-8884.807
"669",-8975.147
"670",-9129.858
"671",-8947.34
"672",-8777.116
"673",-8744.254
"674",-9079.266
"675",-9087.903
"676",-8584.996
"677",-8937.574
"678",-8842.808
"679",-8685.146
"680",-9111.992
"681",-8853.374
"682",-8955.16
"683",-9010.445
"684",-9036.315
"685",-9018.133
"686",-9180.81
"687",-8879.26
"688",-9008.542
"689",-8781.558
"690",-9048.167
"691",-8754.351
"692",-8864.869
"693",-9049.92
"694",-8951.737
"695",-9002.426
"696",-9038.684
"697",-8723.539
"698",-9017.673
"699",-9015.982
"700",-8992.249
"701",-9085.799
"702",-9152.057
"703",-9042.923
"704",-9006.516
"705",-8902.941
"706",-8774.497
"707",-8946.117
"708",-8936.369
"709",-8892.115
"710",-8733.502
"711",-9031.677
"712",-8768.976
"713",-8965.261
"714",-8978.511
"715",-8905.818
"716",-8768.995
"717",-8945.727
"718",-9048.084
"719",-8923.053
"720",-8946.741
"721",-9091.426
"722",-8909.741
"723",-8632.662
"724",-9024.152
"725",-8873.403
"726",-9013.979
"727",-8684.776
"728",-8891.177
"729",-9081.427
"730",-9062.669
"731",-8645.06
"732",-8629.195
"733",-8768.294
"734",-8960.147
"735",-9032.851
"736",-9048.754
"737",-8858.844
"738",-8876.861
"739",-9033.402
"740",-8628.607
"741",-8955.661
"742",-8917.552
"743",-8967.266
"744",-8602.722
"745",-9129.228
"746",-8808.162
"747",-9187.384
"748",-8677.677
"749",-8640.093
"750",-9064.947
"751",-8826.957
"752",-8779.746
"753",-8696.933
"754",-8752.785
"755",-8980.786
"756",-8894.683
"757",-8623.752
"758",-8870.005
"759",-8823.577
"760",-8945.471
"761",-8994.043
"762",-9137.051
"763",-9027.209
"764",-9045.034
"765",-8980.656
"766",-8629.098
"767",-8991.333
"768",-8975.061
"769",-8881.086
"770",-8850.563
"771",-8880.028
"772",-8931.618
"773",-8930.916
"774",-8869.472
"775",-8915.915
"776",-9093.035
"777",-8870.717
"778",-9102.891
"779",-8905.963
"780",-8809.404
"781",-8651.808
"782",-8938.246
"783",-8912.462
"784",-8692.162
"785",-8861.685
"786",-8856.449
"787",-8816.781
"788",-8712.676
"789",-9017.914
"790",-8952.907
"791",-8841.115
"792",-8763.7
"793",-8657.973
"794",-8991.82
"795",-8593.083
"796",-8892.936
"797",-9068.42
"798",-8901.445
"799",-8999.878
"800",-8962.228
"801",-8955.745
"802",-8815.756
"803",-8966.917
"804",-8937.464
"805",-9183.224
"806",-8958.576
"807",-9161.183
"808",-8872.084
"809",-8793.598
"810",-9046.94
"811",-9084.588
"812",-8966.221
"813",-8938.677
"814",-8943.11
"815",-8793.343
"816",-9068.317
"817",-8581.874
"818",-9170.677
"819",-8932.95
"820",-9315.617
"821",-9243.922
"822",-8987.434
"823",-8845.614
"824",-8773.546
"825",-8838.62
"826",-8833.854
"827",-9083.339
"828",-8668.511
"829",-8821.339
"830",-8749.482
"831",-8804.936
"832",-8846.213
"833",-9071.371
"834",-8758.153
"835",-8989.446
"836",-9051.532
"837",-8869.962
"838",-8991.773
"839",-9057.24
"840",-8946.235
"841",-9018.247
"842",-8716.422
"843",-9002.775
"844",-9242.342
"845",-8825.445
"846",-8915.643
"847",-8743.206
"848",-8820.2
"849",-9068.908
"850",-8888.126
"851",-8927.821
"852",-8975.129
"853",-9112.085
"854",-8927.943
"855",-9101.587
"856",-8957.655
"857",-8739.536
"858",-8934.311
"859",-8607.723
"860",-9077.069
"861",-8845.417
"862",-8790.293
"863",-8918.21
"864",-8808.368
"865",-8982.12
"866",-8954.434
"867",-8955.781
"868",-8813.11
"869",-8942.858
"870",-8933.187
"871",-9036.707
"872",-8960.11
"873",-8860.076
"874",-8885.523
"875",-9038.526
"876",-8961.649
"877",-8761.183
"878",-9056.2
"879",-8837.167
"880",-8506.112
"881",-9105.02
"882",-8964.162
"883",-9103.235
"884",-8992.294
"885",-8690.953
"886",-9134.987
"887",-9072.126
"888",-8720.66
"889",-9024.821
"890",-8924.193
"891",-9024.533
"892",-8982.551
"893",-8822.351
"894",-9032.836
"895",-8996.931
"896",-8892.287
"897",-8897.173
"898",-8570.659
"899",-8996.047
"900",-9041.964
"901",-8841.359
"902",-8820.438
"903",-8879.352
"904",-8797.966
"905",-8888.268
"906",-9057.622
"907",-9045.996
"908",-9063.35
"909",-8947.31
"910",-8631.114
"911",-9102.135
"912",-8842.633
"913",-8925.104
"914",-9362.264
"915",-9019.464
"916",-9176.177
"917",-8714.023
"918",-9003.211
"919",-8856.843
"920",-8915.434
"921",-8870.939
"922",-8946.121
"923",-8873.636
"924",-9087.67
"925",-8949.989
"926",-8874.229
"927",-8762.413
"928",-8783.951
"929",-8731.427
"930",-9166.011
"931",-8576.427
"932",-9035.606
"933",-8915.436
"934",-9066.906
"935",-8874.528
"936",-8626.174
"937",-9258.958
"938",-8700.07
"939",-8884.93
"940",-8860.606
"941",-9146.446
"942",-9277.448
"943",-8944.142
"944",-9141.77
"945",-8878.383
"946",-8822.655
"947",-8841.202
"948",-8976.481
"949",-9010.47
"950",-8906.383
"951",-8837.245
"952",-8990.451
"953",-8766.064
"954",-9123.913
"955",-9196.163
"956",-8860.265
"957",-8661.26
"958",-8690.49
"959",-8825.825
"960",-9010.604
"961",-9251.139
"962",-9053.942
"963",-8817.825
"964",-8738.562
"965",-8912.593
"966",-8489.418
"967",-8655.51
"968",-8887.103
"969",-8608.553
"970",-9153.573
"971",-8901.431
"972",-8779.459
"973",-8827.828
"974",-8884.419
"975",-8714.148
"976",-8976.115
"977",-9031.142
"978",-8935.098
"979",-8697.635
"980",-8877.528
"981",-8575.56
"982",-8950.186
"983",-8866.2
"984",-8693.302
"985",-8747.053
"986",-9194.987
"987",-8836.223
"988",-9019.641
"989",-8836.99
"990",-8855.468
"991",-8743.327
"992",-9061.173
"993",-8998.212
"994",-8919.639
"995",-8833.762
"996",-9014.296
"997",-9117.73
"998",-8974.245
"999",-8884.838
"1000",-8698.68
"1001",-5861.597
"1002",-5974.853
"1003",-6046.213
"1004",-5887.828
"1005",-5967.678
"1006",-6192.583
"1007",-6006.4
"1008",-5906.889
"1009",-5825.088
"1010",-5990.507
"1011",-5697.013
"1012",-6038.596
"1013",-5986.218
"1014",-6105.706
"1015",-5993.357
"1016",-5933.796
"1017",-5990.185
"1018",-6054.672
"1019",-6020.154
"1020",-5892.127
"1021",-6117.552
"1022",-5990.387
"1023",-5952.87
"1024",-5967.325
"1025",-5992.39
"1026",-5921.091
"1027",-6024.126
"1028",-6060
"1029",-6033.871
"1030",-6201.507
"1031",-5926.961
"1032",-5922.194
"1033",-5894.019
"1034",-6151.533
"1035",-5920.737
"1036",-6057.854
"1037",-5831.072
"1038",-6093.905
"1039",-5880.564
"1040",-5958.284
"1041",-6067.843
"1042",-6066.127
"1043",-5949.379
"1044",-6056.092
"1045",-5917.651
"1046",-5967.758
"1047",-5999.368
"1048",-5990.471
"1049",-6229.527
"1050",-6033.667
"1051",-5993.124
"1052",-6002.909
"1053",-6086.249
"1054",-5952.45
"1055",-6093.678
"1056",-6064.701
"1057",-5920.971
"1058",-6052.23
"1059",-5980.28
"1060",-6006.149
"1061",-5996.882
"1062",-6038.106
"1063",-5965.546
"1064",-6028.261
"1065",-6061.224
"1066",-5944.641
"1067",-5962.529
"1068",-6195.453
"1069",-5805.415
"1070",-5962.071
"1071",-5954.238
"1072",-6055.326
"1073",-6091.89
"1074",-6061.814
"1075",-5997.027
"1076",-5928.863
"1077",-6023.085
"1078",-5901.189
"1079",-5891.763
"1080",-5828.341
"1081",-5940.949
"1082",-5937.116
"1083",-5961.609
"1084",-6053.501
"1085",-5942.113
"1086",-5962.118
"1087",-6041.98
"1088",-5899.686
"1089",-5886.329
"1090",-5892.532
"1091",-6058.16
"1092",-6023.886
"1093",-6081.6
"1094",-6026.519
"1095",-5894.273
"1096",-6063.979
"1097",-5922.548
"1098",-6068.189
"1099",-5921.839
"1100",-6009.579
"1101",-6005.792
"1102",-5989.844
"1103",-6058.925
"1104",-6112.557
"1105",-5892.778
"1106",-6018.609
"1107",-5984.432
"1108",-6027.793
"1109",-6097.273
"1110",-5891.309
"1111",-5923.526
"1112",-6018.078
"1113",-5877.645
"1114",-5998.249
"1115",-6117.582
"1116",-5929.961
"1117",-5910.16
"1118",-6069.589
"1119",-5949.847
"1120",-6021.477
"1121",-5905.3
"1122",-5972.413
"1123",-5964.898
"1124",-5925.072
"1125",-5973.038
"1126",-6003.236
"1127",-6148.167
"1128",-5941.499
"1129",-6142.331
"1130",-6057.761
"1131",-5925.8
"1132",-5801.981
"1133",-6015.19
"1134",-5992.315
"1135",-5939.672
"1136",-6025.559
"1137",-5993.522
"1138",-6010.04
"1139",-6110.694
"1140",-6124.504
"1141",-5945.718
"1142",-6158.407
"1143",-6086.982
"1144",-5941.668
"1145",-6077.48
"1146",-6070.133
"1147",-6041.573
"1148",-6061.386
"1149",-6070.885
"1150",-5951.359
"1151",-5932.479
"1152",-6024.486
"1153",-6001.783
"1154",-5880.215
"1155",-6084.595
"1156",-5953.967
"1157",-6059.679
"1158",-5967.393
"1159",-6008.548
"1160",-5924.61
"1161",-5995.568
"1162",-6068.531
"1163",-6101.488
"1164",-6003.664
"1165",-5943.535
"1166",-6109.147
"1167",-6056.596
"1168",-5973.505
"1169",-6076.23
"1170",-6063.007
"1171",-5932.16
"1172",-6157.345
"1173",-6161.708
"1174",-5850.244
"1175",-5928.053
"1176",-6077.865
"1177",-5988.526
"1178",-5979.089
"1179",-5870.406
"1180",-6158.345
"1181",-5941.016
"1182",-6008.583
"1183",-6137.279
"1184",-6030.151
"1185",-6029.726
"1186",-6061.368
"1187",-5891.286
"1188",-6006.191
"1189",-5943.473
"1190",-5927.318
"1191",-6080.229
"1192",-6085.775
"1193",-6017.724
"1194",-5937.178
"1195",-6063.955
"1196",-5917.841
"1197",-5993.073
"1198",-5901.604
"1199",-5969.989
"1200",-6078.695
"1201",-6034.546
"1202",-5942.166
"1203",-5966.883
"1204",-6065.978
"1205",-5951.451
"1206",-5997.184
"1207",-5903.595
"1208",-6017.702
"1209",-6094.322
"1210",-5940.036
"1211",-6009.846
"1212",-6011.135
"1213",-5989.222
"1214",-5988.881
"1215",-6025.884
"1216",-5966.073
"1217",-5998.746
"1218",-5984.688
"1219",-5906.02
"1220",-5947.709
"1221",-5914.001
"1222",-5915.766
"1223",-5990.362
"1224",-5948.063
"1225",-5951.63
"1226",-5962.964
"1227",-5857.939
"1228",-6046.157
"1229",-5970.572
"1230",-6070.798
"1231",-5966.467
"1232",-5975.687
"1233",-5999.963
"1234",-6156.909
"1235",-5909.212
"1236",-6011.75
"1237",-6124.358
"1238",-6034.524
"1239",-6057.355
"1240",-5959.93
"1241",-6005.641
"1242",-6034.869
"1243",-6048.332
"1244",-5939.201
"1245",-5954.88
"1246",-5965.708
"1247",-5914.484
"1248",-5971.474
"1249",-5945.011
"1250",-5893.988
"1251",-5967.157
"1252",-5937.871
"1253",-5959.403
"1254",-5982.54
"1255",-5884.101
"1256",-5996.879
"1257",-5953.737
"1258",-6058.018
"1259",-5970.738
"1260",-6039.488
"1261",-6124.682
"1262",-5906.242
"1263",-5906.896
"1264",-5920.069
"1265",-5822.729
"1266",-6031.219
"1267",-5911.568
"1268",-5867.93
"1269",-6022.101
"1270",-5961.515
"1271",-6016.711
"1272",-6135.117
"1273",-5912.583
"1274",-6102.66
"1275",-5943.856
"1276",-6068.333
"1277",-5817.414
"1278",-6056.991
"1279",-5969.007
"1280",-6045.871
"1281",-5851.954
"1282",-6030.193
"1283",-6014.05
"1284",-6077.805
"1285",-5999.351
"1286",-5938.996
"1287",-6101.218
"1288",-5800.898
"1289",-6052.645
"1290",-6041.642
"1291",-5904.41
"1292",-5873.614
"1293",-5981.527
"1294",-6053.867
"1295",-5891.888
"1296",-5860.945
"1297",-6050.04
"1298",-5908.08
"1299",-6013.733
"1300",-5975.03
"1301",-6013.448
"1302",-6008.089
"1303",-5922.566
"1304",-5975.659
"1305",-5897.833
"1306",-5891.744
"1307",-5915.535
"1308",-6161.477
"1309",-5959.181
"1310",-5979.265
"1311",-5904.43
"1312",-6186.134
"1313",-6133.659
"1314",-6068.337
"1315",-5991.567
"1316",-6073.923
"1317",-6087.703
"1318",-5920.405
"1319",-5969.002
"1320",-6166.056
"1321",-6071.59
"1322",-6035.507
"1323",-5828.473
"1324",-6064.697
"1325",-5961.566
"1326",-5883.773
"1327",-5938.472
"1328",-6140.681
"1329",-5918.177
"1330",-5892.77
"1331",-5903.495
"1332",-5984.116
"1333",-6053.038
"1334",-5884.229
"1335",-6024.383
"1336",-6007.416
"1337",-5921.001
"1338",-5938.185
"1339",-6030.489
"1340",-5947.933
"1341",-5927.928
"1342",-5983.145
"1343",-6128.031
"1344",-5956.643
"1345",-6068.834
"1346",-6032.153
"1347",-6047.333
"1348",-6022.901
"1349",-5996.044
"1350",-5923.024
"1351",-6063.088
"1352",-6080.015
"1353",-5905.662
"1354",-5927.221
"1355",-6002.012
"1356",-6040.35
"1357",-6142.456
"1358",-5901.621
"1359",-6024.314
"1360",-6135.73
"1361",-5905.833
"1362",-6053.996
"1363",-6036.534
"1364",-5932.517
"1365",-5910.922
"1366",-6044.074
"1367",-5901.46
"1368",-5894.348
"1369",-6149.642
"1370",-5934.441
"1371",-6092.812
"1372",-6020.212
"1373",-6040.953
"1374",-6046.668
"1375",-5833.488
"1376",-5891.365
"1377",-5904.97
"1378",-6074.357
"1379",-5906.631
"1380",-5868.218
"1381",-6086.949
"1382",-6011.94
"1383",-6078.631
"1384",-5879.399
"1385",-6098.062
"1386",-6076.364
"1387",-6053.601
"1388",-5941.968
"1389",-5995.3
"1390",-5921.434
"1391",-5846.274
"1392",-5991.865
"1393",-6059.358
"1394",-5949.194
"1395",-6045.107
"1396",-5974.329
"1397",-6019.89
"1398",-5908.713
"1399",-6119.461
"1400",-6042.936
"1401",-5962.305
"1402",-5976.691
"1403",-6001.71
"1404",-5967.313
"1405",-5907.988
"1406",-5962.391
"1407",-5962.033
"1408",-5941.866
"1409",-6119.526
"1410",-6090.535
"1411",-5934.142
"1412",-5896.299
"1413",-6094.501
"1414",-6020.708
"1415",-5940.282
"1416",-5983.981
"1417",-6051.5
"1418",-5927.004
"1419",-5940.61
"1420",-5939.841
"1421",-6001.752
"1422",-6112.407
"1423",-6018.061
"1424",-6028.141
"1425",-5881.303
"1426",-5933.352
"1427",-6119.019
"1428",-5839.52
"1429",-5997.892
"1430",-5966.016
"1431",-5969.411
"1432",-6024.624
"1433",-6036.898
"1434",-5995.865
"1435",-6003.116
"1436",-5763.354
"1437",-6077.426
"1438",-5996.131
"1439",-6051.636
"1440",-5943.344
"1441",-6063.833
"1442",-6157.572
"1443",-5895.463
"1444",-5995.076
"1445",-6062.161
"1446",-5981.21
"1447",-6080.997
"1448",-5966.77
"1449",-5957.677
"1450",-6025.799
"1451",-5963.896
"1452",-5857.188
"1453",-5825.209
"1454",-5878.672
"1455",-5953.723
"1456",-5964.063
"1457",-6135.22
"1458",-5825.566
"1459",-6037.615
"1460",-6048.152
"1461",-6054.851
"1462",-6093.173
"1463",-5941.645
"1464",-6032.208
"1465",-6043.766
"1466",-6007.737
"1467",-5876.757
"1468",-5879.227
"1469",-5986.107
"1470",-6070.93
"1471",-6105.962
"1472",-6063.946
"1473",-5938.792
"1474",-5904.818
"1475",-6033.375
"1476",-5998.467
"1477",-5972.712
"1478",-6045.805
"1479",-6139.05
"1480",-5964.811
"1481",-5826.02
"1482",-5917.058
"1483",-5899.3
"1484",-5909.261
"1485",-5964.588
"1486",-6059.118
"1487",-5978.956
"1488",-6081.061
"1489",-5999.998
"1490",-5910.756
"1491",-6004.186
"1492",-6019.425
"1493",-6115.602
"1494",-5905.646
"1495",-6061.969
"1496",-6028.427
"1497",-5899.742
"1498",-6031.274
"1499",-6071.122
"1500",-6090.541
"1501",-6026.666
"1502",-6038.832
"1503",-6116.92
"1504",-5858.492
"1505",-5954.043
"1506",-5881.377
"1507",-5930.216
"1508",-5991.191
"1509",-6041.388
"1510",-5984.625
"1511",-6240.075
"1512",-5940.663
"1513",-6042.81
"1514",-5950.019
"1515",-6045.836
"1516",-5994.237
"1517",-6106.195
"1518",-6064.191
"1519",-5895.049
"1520",-6100.46
"1521",-6010.119
"1522",-5968.998
"1523",-5983.371
"1524",-6028.835
"1525",-6007.292
"1526",-6111.631
"1527",-5914.38
"1528",-6042.917
"1529",-5868.465
"1530",-6019.697
"1531",-5941
"1532",-5870.268
"1533",-6001.368
"1534",-5960.997
"1535",-5970.137
"1536",-5772.814
"1537",-6004.749
"1538",-5984.754
"1539",-5932.972
"1540",-5905.123
"1541",-5881.685
"1542",-6178.934
"1543",-6094.624
"1544",-5908.709
"1545",-6028.993
"1546",-5898.211
"1547",-5982.029
"1548",-6006.318
"1549",-6024.442
"1550",-5950.796
"1551",-5993.012
"1552",-6050.302
"1553",-5865.351
"1554",-6154.419
"1555",-5906.41
"1556",-5955.513
"1557",-6022.384
"1558",-5745.095
"1559",-6075.204
"1560",-5992.593
"1561",-6105.685
"1562",-5968.726
"1563",-5892.511
"1564",-5884.63
"1565",-5996.208
"1566",-5966.571
"1567",-5904.649
"1568",-6096.402
"1569",-6063.759
"1570",-5930.302
"1571",-6134.449
"1572",-5930.754
"1573",-5980.803
"1574",-5871.521
"1575",-6165.669
"1576",-6006.88
"1577",-6029.75
"1578",-6046.302
"1579",-5977.229
"1580",-5947.202
"1581",-6166.468
"1582",-5980.462
"1583",-5978.015
"1584",-5978.096
"1585",-6011.355
"1586",-5999.479
"1587",-6129.947
"1588",-6062.108
"1589",-5987.784
"1590",-5823.659
"1591",-5974.862
"1592",-5916.756
"1593",-6002.397
"1594",-5973.108
"1595",-5903.988
"1596",-5928.32
"1597",-6003.477
"1598",-6040.861
"1599",-5892.912
"1600",-6008.803
"1601",-5920.162
"1602",-6085.943
"1603",-6033.607
"1604",-5845.034
"1605",-6004.024
"1606",-6077.341
"1607",-5960.981
"1608",-5977.454
"1609",-6055.299
"1610",-6116.567
"1611",-5837.841
"1612",-5970.857
"1613",-5958.414
"1614",-6074.014
"1615",-6138.487
"1616",-5833.475
"1617",-6222.309
"1618",-6028.453
"1619",-5900.204
"1620",-5885.842
"1621",-6109.945
"1622",-5938.191
"1623",-6034.58
"1624",-6022.384
"1625",-5940.265
"1626",-5967.471
"1627",-6145.522
"1628",-6032.792
"1629",-6085.107
"1630",-6059.614
"1631",-5896.757
"1632",-5905.314
"1633",-5953.131
"1634",-6154.012
"1635",-5949.585
"1636",-5966.432
"1637",-6101.418
"1638",-5915.126
"1639",-5998.684
"1640",-5904.701
"1641",-5961.087
"1642",-6093.696
"1643",-5858.083
"1644",-5927.783
"1645",-5887.764
"1646",-5977.87
"1647",-5987.19
"1648",-5925.951
"1649",-6116.817
"1650",-6017.824
"1651",-5910.592
"1652",-5933.654
"1653",-6016.089
"1654",-6045.725
"1655",-5942.67
"1656",-5994.077
"1657",-6120.35
"1658",-5997.882
"1659",-6051.144
"1660",-5957.765
"1661",-5911.572
"1662",-6111.881
"1663",-6046.459
"1664",-5932.193
"1665",-5920.539
"1666",-6096.854
"1667",-6071.307
"1668",-6050.298
"1669",-5848.482
"1670",-6081.066
"1671",-6035.236
"1672",-5998.398
"1673",-6157.243
"1674",-5960.365
"1675",-6033.611
"1676",-6064.068
"1677",-5997.353
"1678",-6074.419
"1679",-5880.194
"1680",-5996.243
"1681",-6134.126
"1682",-5891.747
"1683",-5881.616
"1684",-5897.745
"1685",-6001.988
"1686",-6241.907
"1687",-6066.783
"1688",-5931.751
"1689",-6120.448
"1690",-5921.224
"1691",-5996.62
"1692",-5996.395
"1693",-5967.18
"1694",-6086.058
"1695",-5974.579
"1696",-6115.154
"1697",-5884.722
"1698",-5927.722
"1699",-5912.126
"1700",-6062.39
"1701",-5908.105
"1702",-5846.847
"1703",-5956.795
"1704",-6143.023
"1705",-5977.26
"1706",-6013.353
"1707",-6026.477
"1708",-6061.836
"1709",-5964.743
"1710",-5982.469
"1711",-5892.026
"1712",-5989.898
"1713",-5927.819
"1714",-6050.258
"1715",-6001.294
"1716",-5980.001
"1717",-6071.886
"1718",-5943.25
"1719",-6069.929
"1720",-5905.368
"1721",-6131.501
"1722",-6002.901
"1723",-6066.063
"1724",-5995.558
"1725",-5989.283
"1726",-6056.721
"1727",-6015.409
"1728",-6103.043
"1729",-5932.893
"1730",-6042.924
"1731",-5998.717
"1732",-5845.436
"1733",-6006.641
"1734",-6032.894
"1735",-6017.965
"1736",-5953.494
"1737",-5937.097
"1738",-5928.208
"1739",-5994.394
"1740",-5960.688
"1741",-5976.098
"1742",-5995.252
"1743",-6089.885
"1744",-5868.045
"1745",-6025.466
"1746",-6081.482
"1747",-5949.349
"1748",-6102.264
"1749",-5962.042
"1750",-5967.625
"1751",-5978.143
"1752",-5840.604
"1753",-5960.772
"1754",-5966.363
"1755",-5867.361
"1756",-6192.403
"1757",-6185.118
"1758",-6044.869
"1759",-5930.198
"1760",-5946.543
"1761",-6145.709
"1762",-5915.806
"1763",-6016.649
"1764",-5989.738
"1765",-5852.114
"1766",-6022.432
"1767",-5953.018
"1768",-5898.38
"1769",-5967.047
"1770",-5936.764
"1771",-6040.054
"1772",-6151.244
"1773",-6015.405
"1774",-5999.49
"1775",-6084.694
"1776",-6027.482
"1777",-6107.417
"1778",-6013.821
"1779",-5960.942
"1780",-6042.419
"1781",-5982.26
"1782",-6102.1
"1783",-6052.379
"1784",-5870.297
"1785",-6034.878
"1786",-6029.403
"1787",-6004.382
"1788",-5941.793
"1789",-6009.524
"1790",-6043.411
"1791",-6007.673
"1792",-5962.841
"1793",-6077.25
"1794",-5972.916
"1795",-5818.364
"1796",-5841.512
"1797",-6010.721
"1798",-6105.926
"1799",-6106.343
"1800",-6009.068
"1801",-5888.287
"1802",-6123.937
"1803",-5998.343
"1804",-5928.968
"1805",-5920.958
"1806",-5976.815
"1807",-6006.707
"1808",-6024.403
"1809",-5984.336
"1810",-5946.659
"1811",-6000.105
"1812",-6164.312
"1813",-5957.052
"1814",-6074.586
"1815",-5906.056
"1816",-5853.17
"1817",-5956.692
"1818",-6076.851
"1819",-5953.532
"1820",-6039.759
"1821",-6041.621
"1822",-5985.39
"1823",-5962.834
"1824",-6056.644
"1825",-5989.228
"1826",-6008.423
"1827",-6046.92
"1828",-5899.549
"1829",-6073.545
"1830",-5908.287
"1831",-5936.213
"1832",-5990.777
"1833",-5935.187
"1834",-5904.356
"1835",-6095.146
"1836",-5897.598
"1837",-5982.795
"1838",-5989.479
"1839",-5973.555
"1840",-5889.482
"1841",-6116.522
"1842",-5992.523
"1843",-6077.837
"1844",-5947.172
"1845",-5960.929
"1846",-5975.38
"1847",-5995.419
"1848",-5860.232
"1849",-6123.388
"1850",-6039.079
"1851",-5892.523
"1852",-6049.281
"1853",-6075.571
"1854",-6080.511
"1855",-6077.926
"1856",-5997.476
"1857",-5949.516
"1858",-5986.986
"1859",-5903.109
"1860",-5929.326
"1861",-6149.095
"1862",-6038.573
"1863",-6125.891
"1864",-6023.859
"1865",-5984.911
"1866",-5965.179
"1867",-5858.923
"1868",-5937.839
"1869",-5969.998
"1870",-6014.31
"1871",-5958.411
"1872",-6113.996
"1873",-5921.133
"1874",-5879.424
"1875",-6018.951
"1876",-5941.059
"1877",-5940.723
"1878",-6114.007
"1879",-6052.316
"1880",-5921.764
"1881",-5965.063
"1882",-5946.238
"1883",-6071.018
"1884",-6048.554
"1885",-5899.609
"1886",-6036.167
"1887",-5978.479
"1888",-6056.991
"1889",-6049.016
"1890",-5928
"1891",-5931.73
"1892",-6011.901
"1893",-5913.769
"1894",-5958.939
"1895",-6112.094
"1896",-6055.73
"1897",-5842.156
"1898",-5912.789
"1899",-5897.086
"1900",-5957.848
"1901",-6021.335
"1902",-6053.612
"1903",-6077.886
"1904",-6056.569
"1905",-6077.188
"1906",-5921.036
"1907",-6090.845
"1908",-5907.47
"1909",-5952.709
"1910",-6108.112
"1911",-5927.889
"1912",-6064.309
"1913",-6072.858
"1914",-6014.513
"1915",-5999.047
"1916",-5914.197
"1917",-5944.871
"1918",-5936.577
"1919",-6072.309
"1920",-6004.635
"1921",-6054.694
"1922",-5911.054
"1923",-6028.537
"1924",-6091.7
"1925",-6048.753
"1926",-5948.612
"1927",-5981.113
"1928",-5864.061
"1929",-5919.765
"1930",-6063.021
"1931",-6111.956
"1932",-5906.417
"1933",-6014.279
"1934",-5996.381
"1935",-5984.61
"1936",-6024.589
"1937",-5980.643
"1938",-5971.799
"1939",-6100.78
"1940",-6130.658
"1941",-5917.176
"1942",-6104.879
"1943",-6058.056
"1944",-6031.41
"1945",-6013.697
"1946",-6011.984
"1947",-5908.131
"1948",-5967.667
"1949",-5975.098
"1950",-5936.383
"1951",-6010.797
"1952",-6010.899
"1953",-5983.758
"1954",-6054.87
"1955",-6015.409
"1956",-6118.172
"1957",-6019.35
"1958",-5978.096
"1959",-6080.429
"1960",-5916.358
"1961",-5882.054
"1962",-5955.524
"1963",-5990.787
"1964",-5870.176
"1965",-6080.35
"1966",-6073.945
"1967",-6103.095
"1968",-6090.937
"1969",-5962.9
"1970",-5929.994
"1971",-6012.742
"1972",-5893.064
"1973",-6095.618
"1974",-5986.97
"1975",-6016.962
"1976",-6010.223
"1977",-5999.037
"1978",-6044.201
"1979",-6036.993
"1980",-6051.621
"1981",-6058.024
"1982",-5868.477
"1983",-6078.192
"1984",-5918.871
"1985",-6084.093
"1986",-5870.913
"1987",-6072.814
"1988",-6033.612
"1989",-6035.717
"1990",-6044.855
"1991",-5994.254
"1992",-5796.16
"1993",-5847.614
"1994",-5909.336
"1995",-6036.92
"1996",-5958.015
"1997",-6086.296
"1998",-6145.233
"1999",-6122.775
"2000",-5976.963
"2001",-8723.981
"2002",-8947.958
"2003",-9028.103
"2004",-8654.169
"2005",-8612.796
"2006",-8748.299
"2007",-8926.509
"2008",-9052.757
"2009",-8901.366
"2010",-8917.494
"2011",-8955.512
"2012",-8910.602
"2013",-8751.555
"2014",-8815.772
"2015",-8917.814
"2016",-8907.521
"2017",-8825.035
"2018",-8954.911
"2019",-9019.91
"2020",-8953.284
"2021",-8719.564
"2022",-8695.55
"2023",-8926.192
"2024",-8807.321
"2025",-9120.218
"2026",-8858.699
"2027",-8852.128
"2028",-8785.785
"2029",-9059.828
"2030",-8745.276
"2031",-8877.189
"2032",-8986.592
"2033",-8757.173
"2034",-8918.399
"2035",-8964.451
"2036",-8781.801
"2037",-9150.523
"2038",-9055.583
"2039",-8882.196
"2040",-9161.569
"2041",-8899.968
"2042",-8923.331
"2043",-8692.685
"2044",-8583.126
"2045",-9007.474
"2046",-9012.185
"2047",-8864.509
"2048",-8798.539
"2049",-8758.353
"2050",-8826.059
"2051",-8793.314
"2052",-8910.028
"2053",-9042.246
"2054",-8792.103
"2055",-8974.705
"2056",-8857.594
"2057",-8781.847
"2058",-8839.421
"2059",-8931.035
"2060",-8851.349
"2061",-8871.905
"2062",-9142.844
"2063",-8941.396
"2064",-8620.227
"2065",-8819.083
"2066",-9038.773
"2067",-8828.551
"2068",-8777.15
"2069",-8823.062
"2070",-9019.177
"2071",-9110.65
"2072",-8983.562
"2073",-9230.802
"2074",-8841.078
"2075",-8970.489
"2076",-8897.037
"2077",-8999.82
"2078",-8980.716
"2079",-8847.803
"2080",-9000.398
"2081",-8742.174
"2082",-9082.627
"2083",-8845.392
"2084",-8902.902
"2085",-8875.163
"2086",-8813.734
"2087",-9109.943
"2088",-8531.93
"2089",-9047.55
"2090",-9080.296
"2091",-8798.964
"2092",-9289.71
"2093",-8987.406
"2094",-9131.667
"2095",-8926.462
"2096",-8886.174
"2097",-8795.377
"2098",-8924.131
"2099",-8847.243
"2100",-8942.817
"2101",-8795.49
"2102",-8635.282
"2103",-8879.542
"2104",-9024.416
"2105",-9099.251
"2106",-8616.804
"2107",-8973.095
"2108",-8866.355
"2109",-8794.399
"2110",-9090.602
"2111",-8862.37
"2112",-8982.8
"2113",-9060.61
"2114",-8485.374
"2115",-8973.973
"2116",-8916.515
"2117",-8835.421
"2118",-8821.691
"2119",-9001.689
"2120",-9052.942
"2121",-8572.599
"2122",-9031.879
"2123",-8875.396
"2124",-8890.067
"2125",-8813.336
"2126",-9002.109
"2127",-8847.368
"2128",-8843.837
"2129",-8835.114
"2130",-9191.906
"2131",-8691.954
"2132",-9128.292
"2133",-8758.698
"2134",-8766.507
"2135",-8895.605
"2136",-8742.299
"2137",-8743.748
"2138",-9088.399
"2139",-9249.022
"2140",-8964.386
"2141",-8825.495
"2142",-8695.417
"2143",-8876.17
"2144",-9102.815
"2145",-8804.427
"2146",-8637.273
"2147",-9018.38
"2148",-8925.47
"2149",-8937.953
"2150",-8997.567
"2151",-9118.713
"2152",-8867.147
"2153",-9003.008
"2154",-8740.382
"2155",-9020.587
"2156",-9185.886
"2157",-8942.123
"2158",-8820.002
"2159",-8877.523
"2160",-8653.603
"2161",-8694.349
"2162",-8704.281
"2163",-8942.039
"2164",-8919.646
"2165",-8843.687
"2166",-8748.781
"2167",-8897.862
"2168",-9068.3
"2169",-9090.912
"2170",-8931.676
"2171",-9006.416
"2172",-8908.937
"2173",-8929.256
"2174",-8873.703
"2175",-8593.882
"2176",-8826.59
"2177",-8989.009
"2178",-8916.2
"2179",-8980.017
"2180",-8702.326
"2181",-9017.756
"2182",-9013.842
"2183",-9078.833
"2184",-9011.018
"2185",-8959.858
"2186",-8825.223
"2187",-8879.498
"2188",-8975.06
"2189",-8800.762
"2190",-9032.545
"2191",-8873.965
"2192",-8879.514
"2193",-9018.765
"2194",-8739.572
"2195",-8809.233
"2196",-8960.161
"2197",-8814.154
"2198",-8776.685
"2199",-9051.27
"2200",-8995.262
"2201",-8938.967
"2202",-8772.928
"2203",-8894.873
"2204",-8718.537
"2205",-9028.979
"2206",-8709.887
"2207",-8928.26
"2208",-8723.58
"2209",-9080.544
"2210",-8821.532
"2211",-8878.932
"2212",-9177.007
"2213",-8832.118
"2214",-9054.435
"2215",-8814.008
"2216",-8868.255
"2217",-8877.103
"2218",-8904.864
"2219",-8953.691
"2220",-8843.44
"2221",-9191.922
"2222",-8717.138
"2223",-9023.641
"2224",-8759.726
"2225",-8865.158
"2226",-9020.333
"2227",-9116.597
"2228",-9082.551
"2229",-9016.98
"2230",-8855.858
"2231",-8920.607
"2232",-8931.305
"2233",-9067.945
"2234",-8718.975
"2235",-8912.871
"2236",-8857.836
"2237",-9063.887
"2238",-8877.066
"2239",-8920.888
"2240",-8998.508
"2241",-8858.26
"2242",-8972.955
"2243",-9003.296
"2244",-8826.556
"2245",-8904.299
"2246",-8889.4
"2247",-8584.835
"2248",-8653.884
"2249",-9081.96
"2250",-8608.866
"2251",-8961.032
"2252",-9108.722
"2253",-9103.589
"2254",-8781.679
"2255",-9005.524
"2256",-8854.048
"2257",-8824.696
"2258",-9216.395
"2259",-8956.133
"2260",-8809.07
"2261",-8688.312
"2262",-8784.46
"2263",-8933.087
"2264",-8865.642
"2265",-9108.741
"2266",-8844.495
"2267",-8941.822
"2268",-8957.015
"2269",-9049.912
"2270",-8813.836
"2271",-8802.535
"2272",-8991.429
"2273",-8811.364
"2274",-8650.468
"2275",-8757.36
"2276",-8770.086
"2277",-8767.258
"2278",-8988.568
"2279",-8971.052
"2280",-8819.618
"2281",-8938.252
"2282",-8890.423
"2283",-8820.584
"2284",-8952.258
"2285",-8963.666
"2286",-9036.062
"2287",-8889.385
"2288",-8853.425
"2289",-9138.299
"2290",-9006.165
"2291",-8823.08
"2292",-8756.695
"2293",-8887.68
"2294",-8778.841
"2295",-8838.668
"2296",-8912.272
"2297",-8900.608
"2298",-8855.533
"2299",-8907.926
"2300",-8916.087
"2301",-8926.133
"2302",-9135.941
"2303",-9027.367
"2304",-9013.802
"2305",-8670.141
"2306",-8937.038
"2307",-9100.81
"2308",-9254.093
"2309",-8978.723
"2310",-8706.628
"2311",-8925.601
"2312",-9256.822
"2313",-8793.322
"2314",-8993.137
"2315",-9209.743
"2316",-8828.039
"2317",-8532.369
"2318",-8789.941
"2319",-8670.356
"2320",-8692.467
"2321",-8614.973
"2322",-8962.719
"2323",-8854.11
"2324",-9014.683
"2325",-9029.915
"2326",-9111.799
"2327",-9158.311
"2328",-8932.863
"2329",-8867.804
"2330",-8948.175
"2331",-8831.362
"2332",-8903.749
"2333",-8824.439
"2334",-8838.083
"2335",-9297.065
"2336",-9005.901
"2337",-8942.015
"2338",-8761.802
"2339",-8952.144
"2340",-8715.085
"2341",-8920.406
"2342",-8731.815
"2343",-9015.302
"2344",-8848.606
"2345",-8547.802
"2346",-8946.557
"2347",-8829.251
"2348",-8749.313
"2349",-9061.274
"2350",-9075.479
"2351",-8754.402
"2352",-9089.324
"2353",-9023.311
"2354",-8891.913
"2355",-9004.744
"2356",-8924.687
"2357",-8957.647
"2358",-8947.29
"2359",-8887.56
"2360",-9195.016
"2361",-8799.941
"2362",-9062.494
"2363",-9055.687
"2364",-8672.362
"2365",-9039.394
"2366",-9204.299
"2367",-8869.238
"2368",-8853.892
"2369",-8659.041
"2370",-8813.624
"2371",-8726.463
"2372",-8600.92
"2373",-8836.205
"2374",-8831.621
"2375",-8718.791
"2376",-8780.074
"2377",-8725.004
"2378",-8940.14
"2379",-8935.356
"2380",-8949.38
"2381",-9218.711
"2382",-8764.593
"2383",-8687.76
"2384",-8758.143
"2385",-8776.398
"2386",-8762.17
"2387",-9276.371
"2388",-9045.341
"2389",-8824.64
"2390",-8592.36
"2391",-8735.065
"2392",-8996.609
"2393",-8908.644
"2394",-9020.595
"2395",-8815.198
"2396",-9094.044
"2397",-8906.508
"2398",-8653.263
"2399",-8919.184
"2400",-8893.425
"2401",-8976.025
"2402",-9083.4
"2403",-9132.511
"2404",-8907.94
"2405",-8744.454
"2406",-8770.24
"2407",-8948.237
"2408",-8858.384
"2409",-8550.873
"2410",-9005.08
"2411",-8905.167
"2412",-8763.696
"2413",-8860.017
"2414",-9035.627
"2415",-8653.017
"2416",-8993.339
"2417",-8883.693
"2418",-8630.41
"2419",-8797.422
"2420",-8925.637
"2421",-8976.136
"2422",-8844.494
"2423",-9008.736
"2424",-8900.031
"2425",-8730.675
"2426",-8631.088
"2427",-8691.195
"2428",-8823.813
"2429",-8840.868
"2430",-8652.865
"2431",-9159.482
"2432",-9052.868
"2433",-8631.096
"2434",-8925.194
"2435",-8890.99
"2436",-8824.531
"2437",-8903.843
"2438",-8953.891
"2439",-8966.154
"2440",-8880.041
"2441",-9048.946
"2442",-8637.194
"2443",-9035.868
"2444",-9019.448
"2445",-8755.65
"2446",-8871.064
"2447",-8763.049
"2448",-9082.008
"2449",-8761.282
"2450",-8926.058
"2451",-8791.14
"2452",-8701.078
"2453",-8832.489
"2454",-8702.66
"2455",-8800.295
"2456",-9014.625
"2457",-8879.143
"2458",-8743.317
"2459",-8812.289
"2460",-9020.687
"2461",-8985.615
"2462",-8902.961
"2463",-8810.667
"2464",-9042.902
"2465",-8847.722
"2466",-9031.097
"2467",-8859.979
"2468",-8786.898
"2469",-8830.855
"2470",-8831.996
"2471",-8979.462
"2472",-9006.204
"2473",-8849.555
"2474",-8831.919
"2475",-8867.918
"2476",-8766.956
"2477",-8968.25
"2478",-8923.388
"2479",-8993.087
"2480",-8815.313
"2481",-8771.825
"2482",-8840.073
"2483",-8706.261
"2484",-8944.665
"2485",-9122.698
"2486",-8807.544
"2487",-8903.855
"2488",-8620.211
"2489",-8803.23
"2490",-8928.321
"2491",-8684.916
"2492",-8998.888
"2493",-8981.152
"2494",-9230.43
"2495",-8800.143
"2496",-8869.171
"2497",-8851.61
"2498",-8842.74
"2499",-8946.75
"2500",-9005.332
"2501",-8906.726
"2502",-9118.381
"2503",-9017.019
"2504",-9152.961
"2505",-8579.36
"2506",-8870.272
"2507",-8822.576
"2508",-9024.886
"2509",-8937.122
"2510",-8858.631
"2511",-9162.692
"2512",-8824.546
"2513",-8688.046
"2514",-9150.178
"2515",-9108.395
"2516",-9106.856
"2517",-8879.206
"2518",-8787.297
"2519",-8977.085
"2520",-9091.902
"2521",-9072.454
"2522",-8818.157
"2523",-8742.239
"2524",-8978.345
"2525",-9136.586
"2526",-8737.716
"2527",-8885.184
"2528",-9142.748
"2529",-9128.776
"2530",-8657.421
"2531",-8995.174
"2532",-8969.658
"2533",-8713.756
"2534",-8502.136
"2535",-9009.565
"2536",-9130.002
"2537",-8924.982
"2538",-8765.121
"2539",-8868.045
"2540",-8974.052
"2541",-8886.631
"2542",-8870.004
"2543",-9196.341
"2544",-8955.735
"2545",-8860.3
"2546",-8915.225
"2547",-8682.321
"2548",-8903.581
"2549",-9215.399
"2550",-9070.466
"2551",-8844.962
"2552",-9090.709
"2553",-8995.759
"2554",-9112.67
"2555",-9098.094
"2556",-8970.165
"2557",-8963.916
"2558",-8715.108
"2559",-8988.012
"2560",-8842.296
"2561",-8689.268
"2562",-9313.626
"2563",-8575.446
"2564",-8672.802
"2565",-8695.571
"2566",-8826.78
"2567",-8952.364
"2568",-8726.893
"2569",-9051.575
"2570",-8881.237
"2571",-8464.931
"2572",-8704.67
"2573",-9178.804
"2574",-9058.891
"2575",-8882.882
"2576",-8668.093
"2577",-8827.715
"2578",-8774.882
"2579",-8932.661
"2580",-8617.283
"2581",-8909.342
"2582",-8940.023
"2583",-8684.038
"2584",-8751.609
"2585",-8905.358
"2586",-8823.467
"2587",-8888.164
"2588",-9061.05
"2589",-9053.661
"2590",-8769.24
"2591",-8833.305
"2592",-8969.612
"2593",-8625.83
"2594",-8790.256
"2595",-8917.927
"2596",-8577.438
"2597",-9208.176
"2598",-8720.827
"2599",-8965.233
"2600",-8962.276
"2601",-8914.148
"2602",-9136.434
"2603",-8914.213
"2604",-8936.274
"2605",-9007.328
"2606",-8910.719
"2607",-8916.574
"2608",-8798.358
"2609",-8922.164
"2610",-8889.633
"2611",-8917.048
"2612",-8832.23
"2613",-8981.187
"2614",-8995.172
"2615",-9000.648
"2616",-9148.716
"2617",-8897.958
"2618",-8935.361
"2619",-9037.289
"2620",-9015.496
"2621",-9028.207
"2622",-8793.442
"2623",-8900.992
"2624",-8776.089
"2625",-8947.311
"2626",-8832.567
"2627",-8909.106
"2628",-8977.805
"2629",-8628.208
"2630",-8923.422
"2631",-8881.731
"2632",-8809.987
"2633",-8831.605
"2634",-8971.324
"2635",-8734.311
"2636",-8861.288
"2637",-8998.236
"2638",-8774.069
"2639",-8699.819
"2640",-8996.754
"2641",-8884.156
"2642",-8905.228
"2643",-8798.367
"2644",-8936.087
"2645",-8724.668
"2646",-8902.281
"2647",-8887.339
"2648",-8840.293
"2649",-8960.486
"2650",-8978.093
"2651",-9205.173
"2652",-9042.098
"2653",-8930.756
"2654",-9008.631
"2655",-9006.886
"2656",-8906.857
"2657",-8985.789
"2658",-9015.487
"2659",-8591.841
"2660",-8989.777
"2661",-8930.786
"2662",-8788.874
"2663",-8711.216
"2664",-8695.229
"2665",-9090.169
"2666",-9036.485
"2667",-9094.571
"2668",-8817.15
"2669",-8959.799
"2670",-8975.095
"2671",-8708.547
"2672",-8981.746
"2673",-8906.541
"2674",-8936.66
"2675",-8925.884
"2676",-8635.056
"2677",-8982.316
"2678",-8932.061
"2679",-8783.112
"2680",-8939.1
"2681",-8897.533
"2682",-8907.206
"2683",-9105.942
"2684",-9184.366
"2685",-8775.8
"2686",-8882.418
"2687",-9105.687
"2688",-8939.462
"2689",-8991.554
"2690",-9090.7
"2691",-9074.868
"2692",-9016.386
"2693",-8782.769
"2694",-9210.382
"2695",-8869.001
"2696",-9046.371
"2697",-8778.801
"2698",-9036.034
"2699",-8703.947
"2700",-9145.013
"2701",-8976.522
"2702",-9164.072
"2703",-8809.558
"2704",-8724.8
"2705",-9110.548
"2706",-8881.233
"2707",-9284.724
"2708",-8991.812
"2709",-9044.149
"2710",-8886.319
"2711",-8985.055
"2712",-8718.287
"2713",-8805.021
"2714",-8906.314
"2715",-8930.603
"2716",-8919.604
"2717",-8962.551
"2718",-8851.111
"2719",-9054.066
"2720",-8839.052
"2721",-8873.826
"2722",-8831.461
"2723",-8795.47
"2724",-8713.732
"2725",-9136.556
"2726",-8861.295
"2727",-8747.14
"2728",-8780.721
"2729",-9325.695
"2730",-8948.571
"2731",-8733.722
"2732",-9027.836
"2733",-8864.06
"2734",-9157.23
"2735",-8729.972
"2736",-8970.911
"2737",-9066.755
"2738",-8773.958
"2739",-8770.322
"2740",-8997.248
"2741",-9077.208
"2742",-9022.13
"2743",-8989.362
"2744",-8693.624
"2745",-8842.959
"2746",-9099.333
"2747",-8975.562
"2748",-8601.804
"2749",-8747.477
"2750",-8995.225
"2751",-8831.837
"2752",-8890.313
"2753",-8914.147
"2754",-8940.705
"2755",-9003.86
"2756",-8821.554
"2757",-8780.466
"2758",-9064.617
"2759",-9042.72
"2760",-8687.667
"2761",-8835.06
"2762",-9159.25
"2763",-8869.182
"2764",-9022.858
"2765",-8939.791
"2766",-8941.516
"2767",-8788.164
"2768",-8961.896
"2769",-9044.798
"2770",-9093.898
"2771",-8711.986
"2772",-8822.566
"2773",-9001.423
"2774",-9053.591
"2775",-8993.907
"2776",-9086.957
"2777",-8871.441
"2778",-9066.996
"2779",-8933.245
"2780",-8957.104
"2781",-8901.424
"2782",-8872.903
"2783",-8662.829
"2784",-8824.342
"2785",-8859.299
"2786",-9166.377
"2787",-8969.628
"2788",-9110.054
"2789",-8629.739
"2790",-9085.528
"2791",-8751.907
"2792",-9239.82
"2793",-8779.034
"2794",-8688.801
"2795",-9081.528
"2796",-8706.713
"2797",-8874.194
"2798",-8942.828
"2799",-8916.542
"2800",-8758.562
"2801",-8995.31
"2802",-8752.845
"2803",-8836.454
"2804",-8824.273
"2805",-8943.3
"2806",-8916.571
"2807",-8779.069
"2808",-8856.943
"2809",-8990.196
"2810",-8860.878
"2811",-8886.862
"2812",-9158.599
"2813",-9168.589
"2814",-8931.492
"2815",-8872.99
"2816",-8783.303
"2817",-9023.596
"2818",-8983.632
"2819",-8639.905
"2820",-9065.871
"2821",-9061.528
"2822",-8772.725
"2823",-8906.247
"2824",-8833.108
"2825",-8663.898
"2826",-8761.33
"2827",-9163.52
"2828",-9122.09
"2829",-9121.721
"2830",-8792.825
"2831",-8913.355
"2832",-8804.043
"2833",-9085.117
"2834",-9113.52
"2835",-9047.069
"2836",-8849.106
"2837",-8956.595
"2838",-9175.293
"2839",-8999.062
"2840",-8876.457
"2841",-9075.69
"2842",-8808.194
"2843",-8883.87
"2844",-8910.439
"2845",-9050.253
"2846",-8932.891
"2847",-8950.975
"2848",-8947.645
"2849",-8876.066
"2850",-8852.963
"2851",-9172.709
"2852",-8951.395
"2853",-9103.192
"2854",-8764.94
"2855",-9037.75
"2856",-8793.711
"2857",-9068.142
"2858",-8862.066
"2859",-9015.686
"2860",-8757.289
"2861",-8985.177
"2862",-8992.882
"2863",-9019.054
"2864",-9037.864
"2865",-8761.985
"2866",-8862.225
"2867",-8953.63
"2868",-8713.078
"2869",-8903.889
"2870",-8987.853
"2871",-8882.032
"2872",-8857.579
"2873",-8783.819
"2874",-8770.951
"2875",-8821.634
"2876",-8874.024
"2877",-8762.928
"2878",-8961.326
"2879",-8738.342
"2880",-9048.842
"2881",-9307.964
"2882",-9062.632
"2883",-8893.187
"2884",-8939.852
"2885",-8944.116
"2886",-9040.924
"2887",-8972.274
"2888",-8861.725
"2889",-8675.299
"2890",-8889.596
"2891",-9048.506
"2892",-8847.729
"2893",-8632.354
"2894",-8788.822
"2895",-8817.051
"2896",-8725.692
"2897",-8805.247
"2898",-9179.737
"2899",-8728.299
"2900",-8932.335
"2901",-8867.542
"2902",-8983.989
"2903",-9001.891
"2904",-8840.652
"2905",-8760.179
"2906",-8833.66
"2907",-8866.487
"2908",-8900.169
"2909",-8698.697
"2910",-9015.284
"2911",-8847.52
"2912",-9203.28
"2913",-8869.275
"2914",-8909.383
"2915",-8963.779
"2916",-8853.661
"2917",-8965.604
"2918",-9117.74
"2919",-8801.757
"2920",-8698.804
"2921",-8699.019
"2922",-8861.095
"2923",-9031.479
"2924",-8941.167
"2925",-9082.37
"2926",-8993.147
"2927",-9178.464
"2928",-8763.997
"2929",-9035.701
"2930",-9245.26
"2931",-8805.233
"2932",-8853.118
"2933",-9236.326
"2934",-8973.389
"2935",-8938.336
"2936",-9012.677
"2937",-8788.408
"2938",-9115.272
"2939",-8782.565
"2940",-8931.581
"2941",-8865.688
"2942",-8885.315
"2943",-8844.136
"2944",-8883.416
"2945",-8962.615
"2946",-9032.612
"2947",-8970.244
"2948",-8998.967
"2949",-9160.715
"2950",-8605.942
"2951",-9027.305
"2952",-8752.522
"2953",-8578.167
"2954",-8750.408
"2955",-8860.073
"2956",-9150.546
"2957",-8714.399
"2958",-8968.281
"2959",-8774.421
"2960",-8912.209
"2961",-9065.233
"2962",-9156.921
"2963",-8992.264
"2964",-8804.294
"2965",-8758.439
"2966",-8822.981
"2967",-9122.518
"2968",-8841.536
"2969",-9036.618
"2970",-9120.492
"2971",-8670.113
"2972",-8855.304
"2973",-8722.218
"2974",-8876.685
"2975",-8737.632
"2976",-8719.895
"2977",-8937.777
"2978",-8656.503
"2979",-8866.312
"2980",-8933.052
"2981",-8707.347
"2982",-8910.102
"2983",-9050.523
"2984",-9059.703
"2985",-8812.205
"2986",-8864.838
"2987",-8850.386
"2988",-8956.107
"2989",-8838.17
"2990",-8820.172
"2991",-9120.11
"2992",-9071.989
"2993",-8975.279
"2994",-8964.446
"2995",-8782.248
"2996",-9085.32
"2997",-8917.725
"2998",-8684.798
"2999",-8880.73
"3000",-8502.864
"3001",-9129.534
"3002",-9062.167
"3003",-8987.099
"3004",-8786.729
"3005",-9073.755
"3006",-8446.027
"3007",-8877.988
"3008",-8711.442
"3009",-8931.879
"3010",-8740.059
"3011",-8965.519
"3012",-8871.27
"3013",-8542.57
"3014",-8770.911
"3015",-8892.735
"3016",-8970.569
"3017",-8838.823
"3018",-8843.942
"3019",-8714.017
"3020",-9026.031
"3021",-9099.847
"3022",-8894.024
"3023",-8657.771
"3024",-9051.988
"3025",-8731.153
"3026",-8785.479
"3027",-8872.552
"3028",-8814.928
"3029",-9281.406
"3030",-8891.831
"3031",-9028.839
"3032",-9017.085
"3033",-8941.542
"3034",-9129.922
"3035",-8870.535
"3036",-8829.444
"3037",-8910.727
"3038",-8926.877
"3039",-8920.599
"3040",-8807.029
"3041",-9118.234
"3042",-8912.975
"3043",-9090.559
"3044",-9104.73
"3045",-8809.097
"3046",-9042.813
"3047",-8823.193
"3048",-8985.832
"3049",-8726.882
"3050",-8669.537
"3051",-8875.166
"3052",-8905.385
"3053",-9060.988
"3054",-8811.342
"3055",-9003.724
"3056",-8931.947
"3057",-8915.035
"3058",-9051.571
"3059",-9089.846
"3060",-9028.381
"3061",-8900.889
"3062",-8851.442
"3063",-8635.795
"3064",-8817.464
"3065",-8815.035
"3066",-8948.073
"3067",-8822.753
"3068",-8835.625
"3069",-9010.067
"3070",-8716.662
"3071",-8881.123
"3072",-9225.907
"3073",-9081.238
"3074",-8836.934
"3075",-8860.372
"3076",-8856.111
"3077",-8598.261
"3078",-8785.523
"3079",-8898.586
"3080",-8793.99
"3081",-9233.865
"3082",-8802.126
"3083",-9253.519
"3084",-8927.007
"3085",-8945.958
"3086",-9008.553
"3087",-8999.908
"3088",-8663.703
"3089",-8900.127
"3090",-8786.651
"3091",-9198.322
"3092",-8910.399
"3093",-8741.438
"3094",-9244.715
"3095",-8895.593
"3096",-9195.023
"3097",-9136.305
"3098",-8875.803
"3099",-8788.648
"3100",-8792.061
"3101",-8969.63
"3102",-9066.79
"3103",-8915.537
"3104",-8899.434
"3105",-8881.387
"3106",-8808.517
"3107",-8929.082
"3108",-9078.158
"3109",-8698.012
"3110",-9013.638
"3111",-8886.022
"3112",-8886.356
"3113",-8864.422
"3114",-8737.287
"3115",-8919.494
"3116",-8916.661
"3117",-9121.243
"3118",-9114.795
"3119",-9046.356
"3120",-8913.423
"3121",-9078.094
"3122",-8894.661
"3123",-8662.289
"3124",-8824.842
"3125",-8958.768
"3126",-8821.108
"3127",-8999.559
"3128",-9201.023
"3129",-8801.213
"3130",-8964.838
"3131",-8919.785
"3132",-8829.618
"3133",-8889.42
"3134",-9047.771
"3135",-8858.523
"3136",-9000.769
"3137",-8972.015
"3138",-8824.713
"3139",-8921.161
"3140",-9009.826
"3141",-8819.603
"3142",-9232.708
"3143",-9043.413
"3144",-8835.471
"3145",-8845.68
"3146",-8949.995
"3147",-8822.06
"3148",-8902.524
"3149",-8854.286
"3150",-8745.485
"3151",-9065.758
"3152",-8726.328
"3153",-8913.992
"3154",-8818.463
"3155",-8896.249
"3156",-9094.025
"3157",-9077.631
"3158",-8811.823
"3159",-9181.749
"3160",-9035.272
"3161",-9283.729
"3162",-9140.671
"3163",-8825.676
"3164",-9089.777
"3165",-8677.122
"3166",-8985.301
"3167",-8973.697
"3168",-8859.168
"3169",-8957.143
"3170",-9092.14
"3171",-8814.582
"3172",-8926.879
"3173",-9043.45
"3174",-8961.177
"3175",-8992.601
"3176",-8945.016
"3177",-9002.521
"3178",-8825.039
"3179",-8909.888
"3180",-9039.296
"3181",-8695.379
"3182",-8824.418
"3183",-8846.918
"3184",-8908.437
"3185",-9141.537
"3186",-8698.629
"3187",-8885.182
"3188",-9202.732
"3189",-8692.193
"3190",-8723.282
"3191",-8996.276
"3192",-8764.232
"3193",-9061.746
"3194",-9048.382
"3195",-8666.638
"3196",-9001.716
"3197",-8892.725
"3198",-9004.725
"3199",-9084.199
"3200",-8930.204
"3201",-8763.749
"3202",-8884.657
"3203",-8978.289
"3204",-8850.29
"3205",-9131.242
"3206",-9038.005
"3207",-8862.254
"3208",-8916.217
"3209",-8754.833
"3210",-8662.176
"3211",-9043.334
"3212",-8777.737
"3213",-8987.185
"3214",-8936.141
"3215",-8677.996
"3216",-8823.602
"3217",-8873.072
"3218",-8865.262
"3219",-9190.086
"3220",-9005.326
"3221",-9025.777
"3222",-9145.749
"3223",-8737.478
"3224",-9079.819
"3225",-9147.591
"3226",-9054.838
"3227",-8984.583
"3228",-8796.07
"3229",-8974.949
"3230",-9026.962
"3231",-9077.227
"3232",-9015.356
"3233",-9087.288
"3234",-9052.236
"3235",-8726.543
"3236",-8858.796
"3237",-8816.441
"3238",-8896.375
"3239",-8822.677
"3240",-8739.593
"3241",-8593.321
"3242",-8854.428
"3243",-9147.99
"3244",-8932.925
"3245",-8759.536
"3246",-8967.785
"3247",-8633.404
"3248",-9183.576
"3249",-8834.193
"3250",-8842.092
"3251",-8791.071
"3252",-8927.15
"3253",-9053.007
"3254",-8948.205
"3255",-9075.701
"3256",-8868.723
"3257",-8841.149
"3258",-8970.191
"3259",-8936.294
"3260",-8972.181
"3261",-9143.464
"3262",-9129.418
"3263",-9103.487
"3264",-9318.287
"3265",-8834.691
"3266",-8833.381
"3267",-8952.371
"3268",-9045.353
"3269",-8922.916
"3270",-9095.938
"3271",-8815.82
"3272",-8926.157
"3273",-8735.553
"3274",-9172.587
"3275",-8868.108
"3276",-8711.599
"3277",-8763.532
"3278",-8947.025
"3279",-8875.681
"3280",-9016.03
"3281",-8751.748
"3282",-9044.955
"3283",-8899.09
"3284",-8698.062
"3285",-8859.564
"3286",-9206.038
"3287",-8739.165
"3288",-8837.075
"3289",-8988.207
"3290",-9197.366
"3291",-8990.514
"3292",-8942.87
"3293",-8994.682
"3294",-8977.993
"3295",-8967.878
"3296",-9173.32
"3297",-9011.631
"3298",-8814.897
"3299",-8943.311
"3300",-8966.242
"3301",-9024.219
"3302",-8930.387
"3303",-8908.592
"3304",-8957.556
"3305",-8946.465
"3306",-8888.343
"3307",-9192.259
"3308",-9112.736
"3309",-8933.523
"3310",-8830.922
"3311",-9100.343
"3312",-8735.21
"3313",-9027.243
"3314",-8809.155
"3315",-9029.998
"3316",-8750.766
"3317",-8851.326
"3318",-9200.046
"3319",-9329.726
"3320",-9068.199
"3321",-8766.307
"3322",-9048.353
"3323",-8635.121
"3324",-8867.831
"3325",-8937.217
"3326",-9077.382
"3327",-8726.405
"3328",-8967.003
"3329",-9066.282
"3330",-9038.926
"3331",-8817.698
"3332",-8798.981
"3333",-9105.538
"3334",-9188.233
"3335",-9036.672
"3336",-8654.813
"3337",-8706.558
"3338",-9181.757
"3339",-8993.055
"3340",-9003.471
"3341",-8933.454
"3342",-9012.852
"3343",-8893.392
"3344",-9014.494
"3345",-8803.343
"3346",-8823.003
"3347",-8868.94
"3348",-8864.133
"3349",-8918.073
"3350",-9133.43
"3351",-9039.337
"3352",-8693.998
"3353",-8976.984
"3354",-8952.632
"3355",-8934.92
"3356",-9093.266
"3357",-9181.505
"3358",-8840.196
"3359",-8544.005
"3360",-9064.213
"3361",-8860.629
"3362",-8751.331
"3363",-8945.216
"3364",-8847.563
"3365",-9153.941
"3366",-8855.729
"3367",-9024.325
"3368",-8781.45
"3369",-8934.56
"3370",-8812.783
"3371",-8786.76
"3372",-9077.094
"3373",-8760.393
"3374",-9058.09
"3375",-9043.062
"3376",-8842.368
"3377",-8810.58
"3378",-8973.628
"3379",-8567.609
"3380",-8876.5
"3381",-8870.068
"3382",-8912.276
"3383",-8705.627
"3384",-8721.397
"3385",-9005.831
"3386",-8897.583
"3387",-8904.591
"3388",-8847.8
"3389",-9012.87
"3390",-8836.634
"3391",-8941.662
"3392",-8583.262
"3393",-8862.187
"3394",-8682.121
"3395",-9056.938
"3396",-8873.283
"3397",-8904
"3398",-9007.311
"3399",-8927.346
"3400",-8849.167
"3401",-8969.044
"3402",-8751.7
"3403",-8928.014
"3404",-8810.136
"3405",-8745.642
"3406",-8664.7
"3407",-9268.257
"3408",-8771.264
"3409",-8989.805
"3410",-8883.652
"3411",-9044.062
"3412",-8949.301
"3413",-9240.765
"3414",-8745.835
"3415",-8840.201
"3416",-9071.04
"3417",-9084.419
"3418",-8757.248
"3419",-8873.158
"3420",-9097.932
"3421",-9111.995
"3422",-9022.053
"3423",-9028.018
"3424",-8880.481
"3425",-8811.791
"3426",-8711.183
"3427",-9081.551
"3428",-8985.53
"3429",-8810.687
"3430",-9008.261
"3431",-8866.173
"3432",-8813.298
"3433",-9131.762
"3434",-8674.536
"3435",-9010.907
"3436",-9152.532
"3437",-8924.362
"3438",-8941.632
"3439",-9079.248
"3440",-8873.159
"3441",-8674.892
"3442",-8783.353
"3443",-8993.726
"3444",-8898.518
"3445",-9210.625
"3446",-8936.161
"3447",-9180.807
"3448",-9103.386
"3449",-8832.86
"3450",-8970.273
"3451",-8856.772
"3452",-8799.338
"3453",-8991.795
"3454",-8854.126
"3455",-9056.113
"3456",-8920.738
"3457",-9044.941
"3458",-8849.975
"3459",-8701.779
"3460",-8832.597
"3461",-8846.871
"3462",-9152.65
"3463",-8796.168
"3464",-8855.333
"3465",-8826.973
"3466",-8823.507
"3467",-8817.142
"3468",-9068.894
"3469",-8853.623
"3470",-9121.573
"3471",-8932.393
"3472",-8863.374
"3473",-8761.066
"3474",-9095.906
"3475",-9206.022
"3476",-8975.511
"3477",-9110.007
"3478",-8934.967
"3479",-8952.08
"3480",-8790.699
"3481",-8906.394
"3482",-9015.595
"3483",-9214.016
"3484",-8754.177
"3485",-8869.935
"3486",-8894.663
"3487",-9294.851
"3488",-8882.409
"3489",-8687.623
"3490",-8946.819
"3491",-8722.696
"3492",-9168.071
"3493",-9066.78
"3494",-8709.807
"3495",-8943.333
"3496",-9039.619
"3497",-8754.016
"3498",-8864.127
"3499",-9067.279
"3500",-8792.759
"3501",-8759.893
"3502",-8928.704
"3503",-8791.318
"3504",-8993.285
"3505",-9014.156
"3506",-8804.259
"3507",-9051.733
"3508",-9084.401
"3509",-8916.235
"3510",-8707.075
"3511",-9023.966
"3512",-8829.326
"3513",-8924.6
"3514",-8960.44
"3515",-8904.488
"3516",-9134.69
"3517",-8679.447
"3518",-8714.373
"3519",-9056.489
"3520",-9150.811
"3521",-8688.495
"3522",-9254.135
"3523",-9070.946
"3524",-8932.667
"3525",-8836.073
"3526",-9006.189
"3527",-9168.745
"3528",-8561.698
"3529",-8914.102
"3530",-8818.252
"3531",-8738.671
"3532",-8898.44
"3533",-8842.101
"3534",-8709.037
"3535",-8919.537
"3536",-9010.03
"3537",-8886.141
"3538",-8910.248
"3539",-8949.49
"3540",-8705.404
"3541",-8976.73
"3542",-8806.685
"3543",-8933.061
"3544",-8726.046
"3545",-8916.297
"3546",-9000.172
"3547",-8852.229
"3548",-8847.823
"3549",-9129.536
"3550",-9047.023
"3551",-8697.031
"3552",-8932.24
"3553",-8945.709
"3554",-9056.227
"3555",-8885.576
"3556",-8899.454
"3557",-9234.845
"3558",-8804.301
"3559",-8667.864
"3560",-9036.689
"3561",-8709.59
"3562",-8824.004
"3563",-8829.27
"3564",-8916.301
"3565",-8609.18
"3566",-9042.701
"3567",-8838.182
"3568",-8868.24
"3569",-8928.587
"3570",-8885.887
"3571",-8866.225
"3572",-9055.614
"3573",-9027.008
"3574",-9278.472
"3575",-9010.39
"3576",-9135.187
"3577",-8855.833
"3578",-8765.641
"3579",-9160.551
"3580",-9022.358
"3581",-8985.273
"3582",-8861.788
"3583",-8695.204
"3584",-9122.146
"3585",-9085.474
"3586",-8974.766
"3587",-8830.242
"3588",-8729.616
"3589",-8573.084
"3590",-8947.46
"3591",-8783.411
"3592",-9106.983
"3593",-8721.115
"3594",-8992.357
"3595",-8976.591
"3596",-8867.02
"3597",-9087.7
"3598",-8769.416
"3599",-8761.249
"3600",-8923.894
"3601",-8739.481
"3602",-8665.579
"3603",-8914.573
"3604",-8789.29
"3605",-9090.988
"3606",-8965.698
"3607",-8907.996
"3608",-8985.439
"3609",-9001.183
"3610",-8893.581
"3611",-9220.416
"3612",-8761.81
"3613",-8630.615
"3614",-8898.013
"3615",-8823.126
"3616",-8928.475
"3617",-9058.102
"3618",-9183.482
"3619",-8823.85
"3620",-9095.615
"3621",-8883.262
"3622",-9177.183
"3623",-8960.786
"3624",-9159.1
"3625",-8648.125
"3626",-8983.44
"3627",-9074.146
"3628",-8945.689
"3629",-9056.151
"3630",-9276.576
"3631",-8768.68
"3632",-8877.505
"3633",-8630.041
"3634",-8889.045
"3635",-8899.562
"3636",-9096.21
"3637",-8782.313
"3638",-8896.634
"3639",-8730.783
"3640",-8921.959
"3641",-9140.771
"3642",-8793.44
"3643",-8794.423
"3644",-8968.568
"3645",-8985.922
"3646",-9078.296
"3647",-9100.137
"3648",-9012.774
"3649",-8827.247
"3650",-8833.459
"3651",-8948.052
"3652",-8837.308
"3653",-9039.132
"3654",-8809.829
"3655",-8793.449
"3656",-8970.453
"3657",-8989.819
"3658",-8623.817
"3659",-8967.603
"3660",-8874.746
"3661",-9015.219
"3662",-9008.72
"3663",-8983.127
"3664",-8816.613
"3665",-9362.379
"3666",-8637.838
"3667",-8879.169
"3668",-9039.899
"3669",-8849.14
"3670",-8780.71
"3671",-8934.235
"3672",-8776.45
"3673",-8843.968
"3674",-8873.211
"3675",-8871.2
"3676",-8807.064
"3677",-8977.977
"3678",-8769.377
"3679",-8888.424
"3680",-8990.215
"3681",-8815.843
"3682",-9068.821
"3683",-8808.114
"3684",-8787.011
"3685",-8951.995
"3686",-9132.487
"3687",-8657.209
"3688",-9070.1
"3689",-9072.824
"3690",-8966.006
"3691",-8822.945
"3692",-8993.321
"3693",-8964.25
"3694",-9019.274
"3695",-8812.307
"3696",-8912.656
"3697",-8506.841
"3698",-8494.944
"3699",-8681.859
"3700",-8945.82
"3701",-8950.617
"3702",-8797.05
"3703",-8860.345
"3704",-8825.671
"3705",-8891.806
"3706",-8895.913
"3707",-8819.981
"3708",-8945.7
"3709",-9006.374
"3710",-8986.896
"3711",-8786.785
"3712",-9067.783
"3713",-9024.563
"3714",-8988.743
"3715",-8844.491
"3716",-9131.38
"3717",-8738.708
"3718",-8551.161
"3719",-8859.353
"3720",-9203.361
"3721",-8941.033
"3722",-8795.621
"3723",-8843.432
"3724",-9267.825
"3725",-8794.517
"3726",-8830.712
"3727",-8805.306
"3728",-8885.482
"3729",-8824
"3730",-8807.311
"3731",-8683.025
"3732",-8784.414
"3733",-8979.004
"3734",-8764.037
"3735",-8648.978
"3736",-9177.204
"3737",-8974.404
"3738",-8906.2
"3739",-8997.496
"3740",-8925.577
"3741",-8927.816
"3742",-8686.818
"3743",-9048.722
"3744",-8797.882
"3745",-9196.301
"3746",-8788.937
"3747",-8773.074
"3748",-9171.713
"3749",-9214.033
"3750",-8794.123
"3751",-8736.722
"3752",-9015.621
"3753",-9007.692
"3754",-8877.298
"3755",-8786.637
"3756",-9033.915
"3757",-8819.284
"3758",-8789.51
"3759",-8804.078
"3760",-8791.962
"3761",-8644.427
"3762",-8896.539
"3763",-8925.476
"3764",-9163.484
"3765",-8941.299
"3766",-8992.586
"3767",-8772.36
"3768",-8882.528
"3769",-8985.07
"3770",-9276.97
"3771",-8577.14
"3772",-9090.8
"3773",-9133.072
"3774",-9148.73
"3775",-8969.565
"3776",-9312.503
"3777",-8890.715
"3778",-8955.434
"3779",-9188.384
"3780",-8930.778
"3781",-8787.809
"3782",-8979.877
"3783",-8743.869
"3784",-8893.883
"3785",-8823.003
"3786",-8683.417
"3787",-8810.791
"3788",-8857.029
"3789",-8888.118
"3790",-9135.714
"3791",-8912.724
"3792",-9051.399
"3793",-8993.714
"3794",-9274.785
"3795",-8718.182
"3796",-8611.915
"3797",-8869.386
"3798",-9010.295
"3799",-9146.382
"3800",-9056.726
"3801",-8947.513
"3802",-8977.779
"3803",-8737.042
"3804",-9063.921
"3805",-8934.209
"3806",-9046.79
"3807",-8723.643
"3808",-8896.65
"3809",-8758.327
"3810",-8743.434
"3811",-9025.301
"3812",-8824.13
"3813",-8793.077
"3814",-8849.71
"3815",-8771.538
"3816",-8800.26
"3817",-9024.522
"3818",-8791.902
"3819",-8822.232
"3820",-8930.349
"3821",-8947.986
"3822",-8449.32
"3823",-8722.999
"3824",-8851.969
"3825",-8794.654
"3826",-9209.914
"3827",-8842.656
"3828",-8858.337
"3829",-8836.329
"3830",-9004.506
"3831",-9122.266
"3832",-9034.788
"3833",-8840.191
"3834",-8816.563
"3835",-8909.316
"3836",-8862.272
"3837",-8710.165
"3838",-8993.959
"3839",-8838.433
"3840",-8828.779
"3841",-8644.453
"3842",-8938.756
"3843",-8815.818
"3844",-8852.184
"3845",-9067.545
"3846",-9084.917
"3847",-8860.73
"3848",-8812.954
"3849",-8934.647
"3850",-9032.498
"3851",-8906.179
"3852",-8864.408
"3853",-9053.922
"3854",-8740.155
"3855",-9060.931
"3856",-8814.58
"3857",-8897.719
"3858",-9043.16
"3859",-8954.368
"3860",-8848.031
"3861",-8787.113
"3862",-8995.458
"3863",-8952.803
"3864",-9162.335
"3865",-8715.56
"3866",-8673.81
"3867",-8962.247
"3868",-8990.076
"3869",-8987.886
"3870",-9058.054
"3871",-8909.074
"3872",-8821.708
"3873",-8875.542
"3874",-9002.109
"3875",-8992.104
"3876",-8990.48
"3877",-8739.795
"3878",-9029.446
"3879",-9143.402
"3880",-9045.25
"3881",-8930.069
"3882",-8855.179
"3883",-8784.456
"3884",-9135.797
"3885",-8894.181
"3886",-8899.673
"3887",-9040.407
"3888",-8569.395
"3889",-8882.961
"3890",-8909.441
"3891",-8800.732
"3892",-8855.426
"3893",-8876.693
"3894",-9115.758
"3895",-9023.263
"3896",-9035.604
"3897",-8974.67
"3898",-8998.318
"3899",-8925.001
"3900",-9009.967
"3901",-8991.782
"3902",-8978.732
"3903",-9331.35
"3904",-8974.311
"3905",-8920.106
"3906",-8808.382
"3907",-8883.593
"3908",-9006.988
"3909",-8683.871
"3910",-8830.313
"3911",-9306.296
"3912",-8710.045
"3913",-8945.861
"3914",-8692.069
"3915",-9019.25
"3916",-8924.563
"3917",-8863.032
"3918",-9005.869
"3919",-8773.504
"3920",-9037.517
"3921",-8748.461
"3922",-8599.168
"3923",-9017.671
"3924",-8726.064
"3925",-8894.362
"3926",-8916.243
"3927",-8990.77
"3928",-9151.973
"3929",-8956.995
"3930",-8905.787
"3931",-8751.99
"3932",-9026.992
"3933",-9195.75
"3934",-9079.269
"3935",-9066.531
"3936",-8806.804
"3937",-8984.644
"3938",-9058.844
"3939",-8898.105
"3940",-9143.231
"3941",-9157.454
"3942",-9201.661
"3943",-9043.887
"3944",-8634.153
"3945",-8808.451
"3946",-9162.179
"3947",-8628.777
"3948",-9204.272
"3949",-8747.934
"3950",-8532.451
"3951",-8795.763
"3952",-8786.157
"3953",-8932.721
"3954",-9149.379
"3955",-8844.82
"3956",-8952.521
"3957",-8937.124
"3958",-8702.748
"3959",-8826.4
"3960",-8851.654
"3961",-8965.39
"3962",-8672.097
"3963",-9015.846
"3964",-8766.798
"3965",-9019.372
"3966",-8966.696
"3967",-8892.557
"3968",-9127.533
"3969",-8720.967
"3970",-8853.389
"3971",-8898.458
"3972",-8947.21
"3973",-9023.894
"3974",-9037.65
"3975",-9217.622
"3976",-9022.562
"3977",-8985.337
"3978",-9045.564
"3979",-8541.67
"3980",-9211.551
"3981",-8767.773
"3982",-8872.159
"3983",-8994.297
"3984",-8930.583
"3985",-9200.416
"3986",-9194.096
"3987",-9008.371
"3988",-8586.59
"3989",-8807.788
"3990",-8940.432
"3991",-9055.395
"3992",-8827.57
"3993",-8948.284
"3994",-9086.103
"3995",-9206.6
"3996",-8828.551
"3997",-9125.76
"3998",-9022.873
"3999",-9238.315
"4000",-8865.331
"4001",-9033.689
"4002",-9009.958
"4003",-9085.335
"4004",-8954.979
"4005",-8712.357
"4006",-8819.589
"4007",-8763.735
"4008",-8696.629
"4009",-8868.354
"4010",-9115.111
"4011",-9085.78
"4012",-8648.548
"4013",-8747.326
"4014",-9051.825
"4015",-9043.969
"4016",-8802.247
"4017",-8886.859
"4018",-8866.578
"4019",-8724.51
"4020",-8819.374
"4021",-8989.956
"4022",-8885.459
"4023",-9253.286
"4024",-9120.361
"4025",-8708.34
"4026",-8855.659
"4027",-8968.271
"4028",-9074.404
"4029",-8844.601
"4030",-8758.718
"4031",-9167.72
"4032",-8820.01
"4033",-9011.281
"4034",-8929.902
"4035",-9047.853
"4036",-9140.018
"4037",-8887.981
"4038",-8868.435
"4039",-9201.139
"4040",-8802.489
"4041",-8989.528
"4042",-9132.351
"4043",-8874.126
"4044",-9094.527
"4045",-8810.868
"4046",-9010.954
"4047",-9181.957
"4048",-8976.982
"4049",-8831.385
"4050",-8643.29
"4051",-9133.505
"4052",-9004.045
"4053",-9095.978
"4054",-8974.131
"4055",-8868.222
"4056",-8631.873
"4057",-8965.049
"4058",-8859.775
"4059",-8973.339
"4060",-9163.729
"4061",-8902.742
"4062",-8630.135
"4063",-8863.417
"4064",-8856.896
"4065",-8989.512
"4066",-8749.979
"4067",-8978.926
"4068",-9012.839
"4069",-9095.724
"4070",-8772.818
"4071",-8902.265
"4072",-9148.26
"4073",-8951.621
"4074",-8659.042
"4075",-8756.889
"4076",-8887.068
"4077",-8851.497
"4078",-9047.646
"4079",-9030.983
"4080",-9045.897
"4081",-8969.854
"4082",-9162.298
"4083",-8826.773
"4084",-8931.598
"4085",-8716.084
"4086",-8806.643
"4087",-8961.306
"4088",-8979.433
"4089",-8991.327
"4090",-9116.91
"4091",-8889.566
"4092",-8957.476
"4093",-8894.082
"4094",-8981.345
"4095",-8990.197
"4096",-8775.437
"4097",-9148.141
"4098",-9088.087
"4099",-9000.663
"4100",-8978.458
"4101",-8807.792
"4102",-9150.764
"4103",-8910.06
"4104",-8741.878
"4105",-8724.885
"4106",-9158.406
"4107",-8955.867
"4108",-9004.348
"4109",-8602.631
"4110",-9028.121
"4111",-8842.551
"4112",-8809.367
"4113",-8747.105
"4114",-8631.313
"4115",-8979.354
"4116",-8895.605
"4117",-8904.08
"4118",-9001.349
"4119",-8935.985
"4120",-8906.727
"4121",-8893.528
"4122",-8459.569
"4123",-8940.944
"4124",-8958.878
"4125",-8881.222
"4126",-8876.164
"4127",-9041.969
"4128",-8961.939
"4129",-9082.325
"4130",-9043.222
"4131",-8900.178
"4132",-8839.757
"4133",-8942.159
"4134",-8807.243
"4135",-8730.271
"4136",-8885.545
"4137",-8984.119
"4138",-8470.77
"4139",-8836.919
"4140",-8889.011
"4141",-8988.572
"4142",-8987.584
"4143",-8879.658
"4144",-8885.951
"4145",-8765.902
"4146",-8865.83
"4147",-9029.429
"4148",-8923.266
"4149",-8895.528
"4150",-8730.162
"4151",-9088.134
"4152",-9047.508
"4153",-8966.875
"4154",-8904.128
"4155",-9216.203
"4156",-8571.457
"4157",-8852.312
"4158",-8875.136
"4159",-8996.395
"4160",-8825.345
"4161",-8827.946
"4162",-9166.225
"4163",-8924.493
"4164",-8760.721
"4165",-8727.505
"4166",-8919.578
"4167",-8608.983
"4168",-8699.713
"4169",-9065.065
"4170",-8996.138
"4171",-8718.531
"4172",-8842.583
"4173",-8764.738
"4174",-8828.98
"4175",-8999.724
"4176",-8775.657
"4177",-9132.26
"4178",-9164.308
"4179",-9067.473
"4180",-8880.483
"4181",-8783.27
"4182",-8798.448
"4183",-8982.115
"4184",-9075.688
"4185",-8827.029
"4186",-8958.105
"4187",-8974.005
"4188",-8706.33
"4189",-8728.636
"4190",-8788.351
"4191",-8779.019
"4192",-8694.981
"4193",-8900.3
"4194",-8893.136
"4195",-9129.977
"4196",-8793.596
"4197",-8836.406
"4198",-9001.903
"4199",-9127.484
"4200",-8991.721
"4201",-8734.713
"4202",-8884.922
"4203",-8835.903
"4204",-9035.198
"4205",-8787.03
"4206",-8775.624
"4207",-8735.272
"4208",-8893.385
"4209",-8827.781
"4210",-8930.752
"4211",-8849.396
"4212",-8953.497
"4213",-9151.246
"4214",-8862.119
"4215",-8852.357
"4216",-8980.373
"4217",-8916.784
"4218",-8931.235
"4219",-8868.522
"4220",-9163.798
"4221",-9109.758
"4222",-8807.346
"4223",-9038.511
"4224",-8933.883
"4225",-8779.695
"4226",-8936.104
"4227",-8896.599
"4228",-9016.351
"4229",-8999.796
"4230",-9033.78
"4231",-9111.754
"4232",-9002.913
"4233",-8567.769
"4234",-8948.432
"4235",-8860.426
"4236",-9264.808
"4237",-8515.998
"4238",-8868.89
"4239",-8791.749
"4240",-9040.517
"4241",-8940.515
"4242",-8922.146
"4243",-8887.112
"4244",-8828.916
"4245",-9018.385
"4246",-8911.343
"4247",-9043.49
"4248",-8681.718
"4249",-8636.868
"4250",-9300.134
"4251",-9109.222
"4252",-9060.515
"4253",-9093.398
"4254",-9118.021
"4255",-8757.664
"4256",-8849.392
"4257",-8811.656
"4258",-8793.602
"4259",-9098
"4260",-9053.336
"4261",-9109.305
"4262",-9038.672
"4263",-8929.277
"4264",-8841.138
"4265",-8869.737
"4266",-8708.244
"4267",-8761.408
"4268",-8854.428
"4269",-8948.494
"4270",-8879.758
"4271",-8849.6
"4272",-8899.397
"4273",-8940.444
"4274",-8952.427
"4275",-8907.512
"4276",-9207.997
"4277",-8730.705
"4278",-8970.431
"4279",-8933.06
"4280",-8890.852
"4281",-8763.954
"4282",-9092.38
"4283",-8592.491
"4284",-8917.857
"4285",-9101.698
"4286",-8888.954
"4287",-8902.414
"4288",-8787.927
"4289",-8958.536
"4290",-8788.159
"4291",-8980.149
"4292",-8921.863
"4293",-9057.996
"4294",-8742.816
"4295",-9020.449
"4296",-9231.498
"4297",-8844.745
"4298",-8916.958
"4299",-9075.363
"4300",-9087.882
"4301",-8943.829
"4302",-8874.454
"4303",-8880.515
"4304",-8984.831
"4305",-9071.853
"4306",-8948.855
"4307",-8781.318
"4308",-8632.664
"4309",-8904.385
"4310",-8988.79
"4311",-9045.687
"4312",-8954.182
"4313",-9135.71
"4314",-8877.371
"4315",-8725.517
"4316",-8633.196
"4317",-8891.645
"4318",-8943.981
"4319",-8887.196
"4320",-8768.865
"4321",-8952.769
"4322",-8988.545
"4323",-9101.809
"4324",-8760.461
"4325",-8944.557
"4326",-8770.305
"4327",-8830.699
"4328",-8750.532
"4329",-8717.716
"4330",-8909.495
"4331",-8761.938
"4332",-8874.847
"4333",-8710.496
"4334",-9144.053
"4335",-8955.661
"4336",-8889.246
"4337",-8992.939
"4338",-8917.289
"4339",-9034.528
"4340",-9034.166
"4341",-8791.84
"4342",-9078.055
"4343",-9071.734
"4344",-8612.019
"4345",-9146
"4346",-8851.511
"4347",-8659.665
"4348",-8906.983
"4349",-8846.071
"4350",-8776.41
"4351",-9074.149
"4352",-8640.07
"4353",-9017.417
"4354",-8872.363
"4355",-8673.568
"4356",-8450.399
"4357",-8688.849
"4358",-8782.916
"4359",-8574.158
"4360",-8859.962
"4361",-9172.38
"4362",-9062.412
"4363",-9031.644
"4364",-9019.458
"4365",-8881.587
"4366",-8975.463
"4367",-8809.125
"4368",-8879.679
"4369",-9118.906
"4370",-8631.026
"4371",-8727.326
"4372",-9061.691
"4373",-8771.088
"4374",-8827.198
"4375",-8554.272
"4376",-9032.17
"4377",-9064.352
"4378",-8908.863
"4379",-8760.566
"4380",-8832.84
"4381",-9094.442
"4382",-9042.971
"4383",-8732.709
"4384",-9009.587
"4385",-8795.094
"4386",-8975.188
"4387",-8738.672
"4388",-8866.281
"4389",-8897.219
"4390",-8723.9
"4391",-8917.997
"4392",-8929.239
"4393",-9021.43
"4394",-8935.832
"4395",-8782.445
"4396",-8830.274
"4397",-9077.134
"4398",-8927.635
"4399",-8921.039
"4400",-8925.235
"4401",-8963.488
"4402",-8911.766
"4403",-9063.789
"4404",-8928.38
"4405",-8841.922
"4406",-8766.761
"4407",-8901.644
"4408",-8888.888
"4409",-9016.464
"4410",-8865.773
"4411",-9039.765
"4412",-8872.049
"4413",-8958.863
"4414",-8733.142
"4415",-9115.396
"4416",-8782.299
"4417",-8931.993
"4418",-8609.194
"4419",-8743.453
"4420",-8799.767
"4421",-8841.609
"4422",-8874.147
"4423",-8820.327
"4424",-8858.694
"4425",-8950.89
"4426",-8984.245
"4427",-8857.817
"4428",-9000.697
"4429",-8953.666
"4430",-9195.282
"4431",-9003.599
"4432",-8832.497
"4433",-8658.627
"4434",-8919.839
"4435",-9022.592
"4436",-8655.491
"4437",-9029.938
"4438",-9115.599
"4439",-8968.4
"4440",-8939.658
"4441",-9102.271
"4442",-8959.356
"4443",-8981.413
"4444",-8706.349
"4445",-8969.781
"4446",-8828.756
"4447",-8662.727
"4448",-8850.718
"4449",-8998.692
"4450",-8832.009
"4451",-8687.013
"4452",-9077.64
"4453",-9023.406
"4454",-8855.402
"4455",-9012.145
"4456",-9020.826
"4457",-8906.915
"4458",-8936.724
"4459",-8957.497
"4460",-8930.078
"4461",-9013.38
"4462",-8885.777
"4463",-8970.712
"4464",-8931.94
"4465",-8872.202
"4466",-8923.256
"4467",-8892.633
"4468",-8891.065
"4469",-8989.253
"4470",-8860.982
"4471",-8744.645
"4472",-8796.183
"4473",-9055.629
"4474",-8940.193
"4475",-8981.647
"4476",-8917.703
"4477",-9151.936
"4478",-8799.362
"4479",-8929.095
"4480",-8919.69
"4481",-8806.593
"4482",-8793.071
"4483",-8751.789
"4484",-8892.794
"4485",-9038.598
"4486",-8976.756
"4487",-9016.218
"4488",-8907.077
"4489",-8633.049
"4490",-8705.504
"4491",-9119.859
"4492",-8951.515
"4493",-8891.314
"4494",-8817.98
"4495",-8936.109
"4496",-8611.291
"4497",-9019.385
"4498",-9128.464
"4499",-8908.306
"4500",-8718.566
"4501",-8918.23
"4502",-8980.582
"4503",-8493.87
"4504",-8838.376
"4505",-9204.401
"4506",-8858.484
"4507",-8919.925
"4508",-9129.799
"4509",-8939.534
"4510",-8968.118
"4511",-8953.713
"4512",-9006.004
"4513",-8745.247
"4514",-8982.334
"4515",-8724.424
"4516",-8947.743
"4517",-8926.068
"4518",-9079.848
"4519",-8980.88
"4520",-8750.561
"4521",-9107.451
"4522",-8888.169
"4523",-9100.348
"4524",-8805.624
"4525",-9160.939
"4526",-8838.047
"4527",-9011.852
"4528",-8568.153
"4529",-8763.925
"4530",-8774.506
"4531",-8573.641
"4532",-8902.716
"4533",-8858.467
"4534",-8735.018
"4535",-8810.22
"4536",-8854.583
"4537",-9021.346
"4538",-9000.074
"4539",-9003.736
"4540",-9037.044
"4541",-8807.689
"4542",-8831.412
"4543",-8697.139
"4544",-8825.587
"4545",-9069.642
"4546",-8957.418
"4547",-9096.525
"4548",-8806.78
"4549",-9181.073
"4550",-8585.344
"4551",-8630.357
"4552",-8808.665
"4553",-9109.412
"4554",-8880.671
"4555",-8696.566
"4556",-9146.964
"4557",-8670.025
"4558",-8485.604
"4559",-8638.333
"4560",-9003.521
"4561",-9007.595
"4562",-8822.788
"4563",-9173.84
"4564",-9111.706
"4565",-8840.299
"4566",-9153.145
"4567",-9009.233
"4568",-8858.54
"4569",-8938.726
"4570",-8722.04
"4571",-8754.534
"4572",-8996.374
"4573",-9135.597
"4574",-8889.664
"4575",-8949.02
"4576",-8836.973
"4577",-8682.294
"4578",-8939.268
"4579",-9137.258
"4580",-8808.135
"4581",-8945.364
"4582",-8654.648
"4583",-9054.237
"4584",-8752.316
"4585",-8875.084
"4586",-8707.17
"4587",-8825.963
"4588",-8842.642
"4589",-8872.133
"4590",-8633.95
"4591",-8927.147
"4592",-8820.668
"4593",-8698.262
"4594",-9108.981
"4595",-8986.665
"4596",-8938.555
"4597",-8922.633
"4598",-9142.641
"4599",-8645.625
"4600",-8991.844
"4601",-9069.272
"4602",-8466.45
"4603",-8595.251
"4604",-8914.341
"4605",-8770.195
"4606",-8975.897
"4607",-9104.761
"4608",-8837.896
"4609",-8928.007
"4610",-8741.474
"4611",-9220.652
"4612",-9040.893
"4613",-8836.341
"4614",-8951.504
"4615",-8684.922
"4616",-9146.051
"4617",-9066.163
"4618",-8919.925
"4619",-8937.242
"4620",-8697.929
"4621",-9090.49
"4622",-8744.415
"4623",-8886.523
"4624",-8691.615
"4625",-8935.227
"4626",-8894.563
"4627",-8926.288
"4628",-8973.545
"4629",-8875.369
"4630",-9079.392
"4631",-9101.759
"4632",-8997.34
"4633",-8517.987
"4634",-8955.311
"4635",-8838.535
"4636",-8960.285
"4637",-9083.229
"4638",-8811.156
"4639",-8961.828
"4640",-8894.295
"4641",-8589.981
"4642",-9055.307
"4643",-8952.779
"4644",-8995.394
"4645",-9006.587
"4646",-8873.268
"4647",-9071.385
"4648",-8943.022
"4649",-8740.01
"4650",-8987.687
"4651",-8763.281
"4652",-8808.744
"4653",-9208.43
"4654",-8853.938
"4655",-8887.548
"4656",-9045.428
"4657",-8905.3
"4658",-8786.002
"4659",-8972.179
"4660",-8975.606
"4661",-9030.075
"4662",-8849.384
"4663",-9030.46
"4664",-8835.073
"4665",-8618.772
"4666",-8914.261
"4667",-8912.69
"4668",-8929.82
"4669",-8780.266
"4670",-8977.125
"4671",-8939.9
"4672",-9059.41
"4673",-8796.86
"4674",-9135.623
"4675",-9188.918
"4676",-8863.012
"4677",-9043.83
"4678",-9057.298
"4679",-8829.548
"4680",-8790.988
"4681",-9164.044
"4682",-9120.574
"4683",-9077.294
"4684",-9003.685
"4685",-8677.095
"4686",-9205.791
"4687",-8824.664
"4688",-8930.835
"4689",-8696.767
"4690",-8670.726
"4691",-8953.947
"4692",-8708.388
"4693",-8964.655
"4694",-9119.318
"4695",-8974.296
"4696",-8851.624
"4697",-8934.728
"4698",-8981.857
"4699",-8991.038
"4700",-8889.122
"4701",-8713.471
"4702",-9219.575
"4703",-8969.395
"4704",-8674.622
"4705",-8972.591
"4706",-8882.808
"4707",-8776.409
"4708",-8770.592
"4709",-9092.181
"4710",-8976.637
"4711",-8734.153
"4712",-9188.434
"4713",-9022.74
"4714",-9019.488
"4715",-8989.028
"4716",-9020.938
"4717",-9065.392
"4718",-8792.573
"4719",-9000.79
"4720",-9059.552
"4721",-8774.73
"4722",-8682.728
"4723",-8985.518
"4724",-8773.571
"4725",-8811.98
"4726",-8840.94
"4727",-9167.169
"4728",-8853.815
"4729",-8829.519
"4730",-8885.328
"4731",-9040.652
"4732",-8944.96
"4733",-8531.088
"4734",-9034.618
"4735",-9020.017
"4736",-8765.961
"4737",-8994.968
"4738",-8673.739
"4739",-8567.357
"4740",-8886.154
"4741",-8911.034
"4742",-8647.365
"4743",-8919.587
"4744",-8771.487
"4745",-8930.152
"4746",-8911.187
"4747",-8913.601
"4748",-9033.541
"4749",-8885.009
"4750",-9112.805
"4751",-8801.659
"4752",-8962.872
"4753",-8651.195
"4754",-8534.394
"4755",-8806.731
"4756",-8721.926
"4757",-8874.509
"4758",-8917.315
"4759",-8823.955
"4760",-8657.529
"4761",-8812.666
"4762",-8861.923
"4763",-8783.711
"4764",-9029.769
"4765",-8980.714
"4766",-8607.129
"4767",-9007.199
"4768",-8891.396
"4769",-8913.054
"4770",-8808.174
"4771",-8914.789
"4772",-8697.546
"4773",-8691.852
"4774",-8959.225
"4775",-8763.253
"4776",-9285.769
"4777",-8952.602
"4778",-8906.304
"4779",-8861.978
"4780",-8810.103
"4781",-9071.577
"4782",-8846.302
"4783",-8868.923
"4784",-8952.891
"4785",-8832.38
"4786",-8971.945
"4787",-8758.228
"4788",-8857.487
"4789",-8799.493
"4790",-9025.901
"4791",-8725.768
"4792",-9134.346
"4793",-8780.933
"4794",-9071.627
"4795",-8989.666
"4796",-8961.303
"4797",-8815.143
"4798",-8795.59
"4799",-8982.836
"4800",-9047.88
"4801",-8911.105
"4802",-8977.825
"4803",-8990.002
"4804",-8956.517
"4805",-8910.581
"4806",-8945.135
"4807",-8900.354
"4808",-9096.034
"4809",-9006.028
"4810",-8831.931
"4811",-9048.635
"4812",-8983.035
"4813",-9152.375
"4814",-8911.831
"4815",-9319.559
"4816",-8805.588
"4817",-8814.396
"4818",-8760.675
"4819",-9127.053
"4820",-8871.142
"4821",-9189.818
"4822",-8779.74
"4823",-9159.193
"4824",-9077.189
"4825",-8808.458
"4826",-9074.74
"4827",-8752.05
"4828",-9125.523
"4829",-8926.144
"4830",-8958.446
"4831",-8919.799
"4832",-9050.902
"4833",-9273.093
"4834",-8825.073
"4835",-8888.287
"4836",-8922.311
"4837",-8885.435
"4838",-9004.422
"4839",-9008.322
"4840",-8713.692
"4841",-8628.283
"4842",-9059.871
"4843",-8911.948
"4844",-9113.936
"4845",-8944.39
"4846",-8916.775
"4847",-8992.607
"4848",-8907.525
"4849",-8833.229
"4850",-8760.496
"4851",-8864.248
"4852",-8820.464
"4853",-8464.463
"4854",-8906.456
"4855",-9032.812
"4856",-8990.842
"4857",-8887.57
"4858",-9075.365
"4859",-8898.778
"4860",-8868.349
"4861",-9004.226
"4862",-9146.245
"4863",-8898.429
"4864",-8598.301
"4865",-8909.441
"4866",-8933.212
"4867",-8666.867
"4868",-8801.373
"4869",-9088.63
"4870",-8854.509
"4871",-8898.181
"4872",-8923.827
"4873",-8667.589
"4874",-9236.513
"4875",-9002.691
"4876",-8995.384
"4877",-8983.999
"4878",-8953.122
"4879",-8848.622
"4880",-8962.178
"4881",-8951.664
"4882",-8903.818
"4883",-8978.584
"4884",-8953.905
"4885",-9024.692
"4886",-8921.536
"4887",-8847.879
"4888",-8829.143
"4889",-8696.462
"4890",-8744.952
"4891",-9017.121
"4892",-8923.554
"4893",-8779.524
"4894",-8849.623
"4895",-8790.761
"4896",-8915.937
"4897",-8871.452
"4898",-9023.471
"4899",-8864.161
"4900",-8954.456
"4901",-9032.159
"4902",-8633.555
"4903",-8882.181
"4904",-9095.561
"4905",-9072.849
"4906",-8873.996
"4907",-8954.046
"4908",-9007.009
"4909",-8770.822
"4910",-8700.063
"4911",-8874.364
"4912",-8591.182
"4913",-8840.733
"4914",-8665.18
"4915",-8993.194
"4916",-8946.834
"4917",-8704.796
"4918",-9106.668
"4919",-8991.863
"4920",-8946.851
"4921",-8697.268
"4922",-8933.75
"4923",-8985.762
"4924",-9229.836
"4925",-8801.045
"4926",-8825.965
"4927",-9072.085
"4928",-8952.212
"4929",-8780.617
"4930",-8875.055
"4931",-9033.055
"4932",-8949.641
"4933",-9179.976
"4934",-8959.733
"4935",-8880.618
"4936",-8884.409
"4937",-8913.126
"4938",-8737.6
"4939",-8788.728
"4940",-8956.76
"4941",-8940.854
"4942",-9196.711
"4943",-8913.694
"4944",-8952.186
"4945",-9144.846
"4946",-8929.148
"4947",-8997.94
"4948",-8891.517
"4949",-8724.186
"4950",-8910.508
"4951",-8826.391
"4952",-9017.188
"4953",-8722.484
"4954",-9251.842
"4955",-8807.917
"4956",-8764.152
"4957",-8961.496
"4958",-8816.954
"4959",-9133.087
"4960",-8880.425
"4961",-9035.249
"4962",-8900.322
"4963",-9126.891
"4964",-8928.11
"4965",-9023.016
"4966",-8789.69
"4967",-9121.168
"4968",-8954.686
"4969",-8820.349
"4970",-9027.928
"4971",-8776.011
"4972",-8838.259
"4973",-8736.044
"4974",-8905.29
"4975",-9154.806
"4976",-9025.055
"4977",-8973.149
"4978",-8853.268
"4979",-9056.379
"4980",-8752.732
"4981",-9175.704
"4982",-9032.02
"4983",-8898.527
"4984",-9185.517
"4985",-9076.17
"4986",-8875.543
"4987",-9021.701
"4988",-8920.971
"4989",-8708.777
"4990",-8941.784
"4991",-8891.609
"4992",-8929.712
"4993",-8994.333
"4994",-9150.364
"4995",-9058.472
"4996",-9112.671
"4997",-8900.089
"4998",-8906.242
"4999",-8619.165
"5000",-8894.786
"5001",-8661.794
"5002",-9110.356
"5003",-8724.448
"5004",-8775.675
"5005",-8865.413
"5006",-8835.718
"5007",-8867.495
"5008",-8732.041
"5009",-8982.397
"5010",-9098.135
"5011",-8655.209
"5012",-8775.183
"5013",-8869.5
"5014",-8984.712
"5015",-8990.586
"5016",-8962.813
"5017",-8789.64
"5018",-8944.044
"5019",-8715.429
"5020",-8861.268
"5021",-8811.27
"5022",-8938.507
"5023",-8987.244
"5024",-8613.347
"5025",-8892.388
"5026",-8929.028
"5027",-8965.032
"5028",-8973.223
"5029",-8958.985
"5030",-8928.793
"5031",-8687.9
"5032",-8556.764
"5033",-8860.305
"5034",-8804.314
"5035",-8966.312
"5036",-8821.131
"5037",-9036.894
"5038",-9161.605
"5039",-8860.177
"5040",-8914.356
"5041",-8868.973
"5042",-8657.354
"5043",-8830.338
"5044",-9143.166
"5045",-9088.508
"5046",-9077.711
"5047",-8778.057
"5048",-8882.147
"5049",-8637.42
"5050",-9016.462
"5051",-9065.411
"5052",-8999.231
"5053",-8809.12
"5054",-8932.873
"5055",-9054.525
"5056",-8977.036
"5057",-8906.565
"5058",-9050.796
"5059",-8777.861
"5060",-8996.446
"5061",-8974.357
"5062",-8756.101
"5063",-9017.87
"5064",-9242.956
"5065",-8857.161
"5066",-8768.245
"5067",-8908.014
"5068",-9100.876
"5069",-9058.901
"5070",-8865.976
"5071",-9138.741
"5072",-8970.916
"5073",-8691.472
"5074",-8812.38
"5075",-8856.022
"5076",-8465.878
"5077",-8696.248
"5078",-8737.308
"5079",-8927.263
"5080",-8848.232
"5081",-8886.583
"5082",-9105.278
"5083",-8842.301
"5084",-8798.397
"5085",-8972.758
"5086",-8993.445
"5087",-8933.453
"5088",-8740.242
"5089",-8694.905
"5090",-8807.198
"5091",-8878.269
"5092",-8775.344
"5093",-8882.473
"5094",-8737.574
"5095",-8746.582
"5096",-8839.162
"5097",-9076.002
"5098",-9024.053
"5099",-8989.47
"5100",-8925.162
"5101",-8913.909
"5102",-8808.777
"5103",-8864.72
"5104",-8770.71
"5105",-9115.114
"5106",-8977.705
"5107",-9028.753
"5108",-8846.873
"5109",-8908.136
"5110",-8986.984
"5111",-8740.292
"5112",-8711.491
"5113",-8525.013
"5114",-8904.433
"5115",-8978.989
"5116",-8826.748
"5117",-8878.668
"5118",-8952.289
"5119",-8900.728
"5120",-9135.316
"5121",-8968.864
"5122",-9241.427
"5123",-9037.024
"5124",-8977.18
"5125",-9099.644
"5126",-8726.621
"5127",-9086.647
"5128",-8892.559
"5129",-8612.536
"5130",-9009.741
"5131",-8867.209
"5132",-8756.809
"5133",-9203.801
"5134",-9064.323
"5135",-8765.817
"5136",-8856.295
"5137",-8955.942
"5138",-8629.102
"5139",-8891.758
"5140",-9155.107
"5141",-9011.54
"5142",-8786.395
"5143",-8997.139
"5144",-9078.587
"5145",-9059.334
"5146",-9066.648
"5147",-9115.47
"5148",-8959.914
"5149",-8845.958
"5150",-8944.626
"5151",-8916.119
"5152",-8854.991
"5153",-8680.737
"5154",-8984.951
"5155",-8824.674
"5156",-8875.997
"5157",-8820.244
"5158",-8884.499
"5159",-8744.551
"5160",-8859.817
"5161",-8724.942
"5162",-8728.868
"5163",-8807.648
"5164",-9129.71
"5165",-9023.965
"5166",-8960.194
"5167",-8817.508
"5168",-9102.116
"5169",-8790.03
"5170",-8966.158
"5171",-8873.082
"5172",-8887.702
"5173",-8978.121
"5174",-8623.208
"5175",-8951.519
"5176",-9144.619
"5177",-9204.93
"5178",-9148.541
"5179",-9008.066
"5180",-8927.555
"5181",-9109.963
"5182",-9197.767
"5183",-8775.536
"5184",-8953.502
"5185",-8768.437
"5186",-9008.683
"5187",-8776.17
"5188",-8601.412
"5189",-8912.982
"5190",-9172.772
"5191",-8981.388
"5192",-8837.951
"5193",-8742.695
"5194",-9181.444
"5195",-8836.856
"5196",-9025.021
"5197",-8963.051
"5198",-9062.965
"5199",-9018.507
"5200",-9093.074
"5201",-8936.157
"5202",-8488.514
"5203",-9055.96
"5204",-8838.447
"5205",-8954.529
"5206",-8779.324
"5207",-8554.518
"5208",-8836.278
"5209",-8826.488
"5210",-9153.197
"5211",-8957.739
"5212",-8751.439
"5213",-8889.894
"5214",-8880.653
"5215",-8931.774
"5216",-8980.644
"5217",-9043.041
"5218",-9089.458
"5219",-9022.606
"5220",-9070.835
"5221",-9259.786
"5222",-8852.568
"5223",-8832.636
"5224",-9231.031
"5225",-9094.905
"5226",-8796.318
"5227",-8829.019
"5228",-8890.366
"5229",-8630.698
"5230",-9043.296
"5231",-8734.269
"5232",-8727.718
"5233",-8973.305
"5234",-8800.079
"5235",-8937.937
"5236",-9008.555
"5237",-8816.286
"5238",-9140.999
"5239",-8829.663
"5240",-8863.487
"5241",-8927.363
"5242",-8960.784
"5243",-8657.123
"5244",-9031.18
"5245",-8869.847
"5246",-8774.772
"5247",-8781.487
"5248",-8736.1
"5249",-8769.791
"5250",-8927.448
"5251",-8758.513
"5252",-9065.989
"5253",-8849.692
"5254",-8949.417
"5255",-8781.96
"5256",-9098.912
"5257",-8812.993
"5258",-8911.555
"5259",-9256.879
"5260",-8808.796
"5261",-9056.926
"5262",-8872.696
"5263",-8807.794
"5264",-8984.592
"5265",-8924.471
"5266",-8901.039
"5267",-9071.482
"5268",-8938.135
"5269",-8914.941
"5270",-8986.928
"5271",-8924.716
"5272",-8958.318
"5273",-8846.368
"5274",-8981.844
"5275",-9092.495
"5276",-9047.522
"5277",-8879.601
"5278",-9062.547
"5279",-8930.463
"5280",-9114.77
"5281",-8848.93
"5282",-8990.112
"5283",-9038.784
"5284",-8673.155
"5285",-8871.51
"5286",-8895.897
"5287",-9105.631
"5288",-8979.237
"5289",-8864.934
"5290",-8968.637
"5291",-9030.975
"5292",-8839.68
"5293",-8878.86
"5294",-9146.082
"5295",-9086.941
"5296",-8894.819
"5297",-9118.773
"5298",-8779.268
"5299",-9000.662
"5300",-8926.838
"5301",-8793.984
"5302",-8785.136
"5303",-8772.796
"5304",-8928.792
"5305",-8805.285
"5306",-8892.044
"5307",-8945.878
"5308",-8748.095
"5309",-8755.181
"5310",-8933.263
"5311",-8993.283
"5312",-8611.685
"5313",-8912.066
"5314",-8769.773
"5315",-9052.74
"5316",-8644.081
"5317",-8679.535
"5318",-8887.233
"5319",-8866.487
"5320",-8802.554
"5321",-8851.095
"5322",-9141.621
"5323",-8810.071
"5324",-8941.691
"5325",-8788.219
"5326",-8877.299
"5327",-8902.024
"5328",-8945.384
"5329",-8949.186
"5330",-8949.063
"5331",-8809.181
"5332",-8826.858
"5333",-8893.41
"5334",-8874.907
"5335",-9168.893
"5336",-8826.12
"5337",-8785.64
"5338",-8901.657
"5339",-8885.698
"5340",-8718.601
"5341",-8723.09
"5342",-8899.711
"5343",-9120.594
"5344",-9314.47
"5345",-8947.515
"5346",-8864.656
"5347",-8638.215
"5348",-8821.427
"5349",-9035.057
"5350",-9078.622
"5351",-8950.396
"5352",-8619.947
"5353",-8737.073
"5354",-9288.29
"5355",-9045.648
"5356",-9046.416
"5357",-8965.892
"5358",-9021.219
"5359",-9048.284
"5360",-8773.727
"5361",-9009.308
"5362",-9018.722
"5363",-8913.983
"5364",-8772.56
"5365",-8896.781
"5366",-8820.313
"5367",-8876.708
"5368",-8748.777
"5369",-8933.602
"5370",-8945.91
"5371",-8660.043
"5372",-9075.386
"5373",-8914.874
"5374",-8968.981
"5375",-9077.229
"5376",-8780.835
"5377",-8944.347
"5378",-9046.156
"5379",-8570.599
"5380",-8980.384
"5381",-8697.137
"5382",-8979.684
"5383",-9121.99
"5384",-8912.116
"5385",-8884.912
"5386",-8983.668
"5387",-9112.647
"5388",-8532.274
"5389",-9030.882
"5390",-8891.03
"5391",-9036.287
"5392",-9089.896
"5393",-9067.198
"5394",-9060.787
"5395",-9181.877
"5396",-8962.592
"5397",-8943.624
"5398",-9145.381
"5399",-9350.645
"5400",-8988.951
"5401",-8655.191
"5402",-8911.885
"5403",-8681.247
"5404",-8653.678
"5405",-8789.1
"5406",-8802.75
"5407",-8801.555
"5408",-8936.973
"5409",-8711.483
"5410",-8771.092
"5411",-8699.108
"5412",-8904.487
"5413",-8711.279
"5414",-8631.547
"5415",-8730.563
"5416",-8903.658
"5417",-8924.074
"5418",-8939.734
"5419",-9060.51
"5420",-8748.94
"5421",-8975.672
"5422",-8931.879
"5423",-8671
"5424",-8734.539
"5425",-8717.476
"5426",-8917.13
"5427",-9015.012
"5428",-9007.815
"5429",-8910.817
"5430",-9050.627
"5431",-8880.837
"5432",-8975.309
"5433",-8707.436
"5434",-8932.497
"5435",-8807.572
"5436",-8762.694
"5437",-9034.869
"5438",-8832.944
"5439",-8899.587
"5440",-8689.814
"5441",-8930.728
"5442",-8687.723
"5443",-8825.044
"5444",-8917.906
"5445",-9000.215
"5446",-9057.858
"5447",-9182.194
"5448",-8998.717
"5449",-8616.095
"5450",-8837.055
"5451",-8955.16
"5452",-9123.238
"5453",-9045.545
"5454",-9037.529
"5455",-8828.99
"5456",-9013.434
"5457",-8748.91
"5458",-9063.82
"5459",-8980.068
"5460",-8761.957
"5461",-8891.594
"5462",-8944.112
"5463",-8767.276
"5464",-8827.25
"5465",-8619.17
"5466",-9010.474
"5467",-8894.406
"5468",-8798.214
"5469",-8852.794
"5470",-9136.168
"5471",-8744.052
"5472",-8811.737
"5473",-8917.266
"5474",-8696.318
"5475",-9258.618
"5476",-9096.827
"5477",-8963.679
"5478",-8995.813
"5479",-8802.085
"5480",-9084.521
"5481",-8668.404
"5482",-8709.992
"5483",-8754.822
"5484",-8977.78
"5485",-8961.278
"5486",-8859.027
"5487",-8880.875
"5488",-8756.419
"5489",-8868.065
"5490",-8873.641
"5491",-8989.112
"5492",-8814.599
"5493",-8852.878
"5494",-8912.886
"5495",-8714.4
"5496",-9054.815
"5497",-8935.691
"5498",-9164.805
"5499",-8939.683
"5500",-8817.076
"5501",-8843.759
"5502",-8865.537
"5503",-8634.742
"5504",-8875.686
"5505",-8829.457
"5506",-8888.313
"5507",-8967.548
"5508",-8920
"5509",-9087.841
"5510",-8852.849
"5511",-9015.727
"5512",-8880.898
"5513",-8831.074
"5514",-8767.595
"5515",-8919.872
"5516",-8877.233
"5517",-8705.178
"5518",-8823.794
"5519",-9220.172
"5520",-8844.362
"5521",-8722.41
"5522",-8939.468
"5523",-8740.818
"5524",-8875.54
"5525",-8816.325
"5526",-9143.081
"5527",-9156.648
"5528",-9104.803
"5529",-9072.782
"5530",-9091.744
"5531",-8869.737
"5532",-9052.515
"5533",-9027.192
"5534",-8954.454
"5535",-8967.674
"5536",-8909.063
"5537",-9017.642
"5538",-8678.194
"5539",-8852.556
"5540",-9101.967
"5541",-8941.619
"5542",-8543.914
"5543",-8963.89
"5544",-8921.937
"5545",-9082.978
"5546",-8776.545
"5547",-9028.477
"5548",-8987.611
"5549",-8645.849
"5550",-8887.751
"5551",-8860.557
"5552",-8798.633
"5553",-8897.294
"5554",-9131.736
"5555",-8689.558
"5556",-8785.426
"5557",-9224.591
"5558",-9214.058
"5559",-8916.817
"5560",-9025.566
"5561",-9060.658
"5562",-8918.743
"5563",-8664.314
"5564",-8996.524
"5565",-8817.274
"5566",-8786.256
"5567",-8709.977
"5568",-9038.613
"5569",-8902.698
"5570",-8617.66
"5571",-8873.974
"5572",-8960.982
"5573",-8811.757
"5574",-8884.911
"5575",-9008.327
"5576",-8683.905
"5577",-8813.71
"5578",-8978.907
"5579",-8748.849
"5580",-8886.216
"5581",-8996.693
"5582",-8720.115
"5583",-8911.479
"5584",-9083.772
"5585",-8850.482
"5586",-8781.976
"5587",-9079.509
"5588",-8715.215
"5589",-8556.085
"5590",-8747.108
"5591",-8912.026
"5592",-9154.461
"5593",-9012.91
"5594",-8945.059
"5595",-8846.879
"5596",-9159.82
"5597",-8828.731
"5598",-8804.569
"5599",-9037.271
"5600",-8555.837
"5601",-8858.287
"5602",-8971.134
"5603",-8896.546
"5604",-8886.071
"5605",-9054.288
"5606",-8945.163
"5607",-9130.443
"5608",-8815.039
"5609",-8912.628
"5610",-8954.232
"5611",-8954.21
"5612",-8765.717
"5613",-8939.121
"5614",-8840.775
"5615",-9043.699
"5616",-8786.927
"5617",-8842.361
"5618",-9024.902
"5619",-8792.679
"5620",-8871.444
"5621",-8738.746
"5622",-8953.889
"5623",-9015.096
"5624",-8708.286
"5625",-8731.021
"5626",-8703.5
"5627",-8795.116
"5628",-8994.896
"5629",-9227.607
"5630",-8925.717
"5631",-9046.392
"5632",-8821.049
"5633",-9120.392
"5634",-9073.338
"5635",-8946.397
"5636",-8638.463
"5637",-9006.451
"5638",-8679.757
"5639",-8658.223
"5640",-8768.25
"5641",-8873.766
"5642",-8609.068
"5643",-9137.694
"5644",-9109.795
"5645",-8856.488
"5646",-8799.48
"5647",-9044.943
"5648",-8715.823
"5649",-8728.373
"5650",-8947.761
"5651",-8855.772
"5652",-8901.885
"5653",-9158.068
"5654",-8697.207
"5655",-8793.31
"5656",-8837.963
"5657",-9034.695
"5658",-8892.337
"5659",-8934.398
"5660",-9015.217
"5661",-9151.311
"5662",-9048.807
"5663",-8992.79
"5664",-8655.387
"5665",-9022.209
"5666",-8959.222
"5667",-8687.609
"5668",-8876.485
"5669",-8984.654
"5670",-8940.743
"5671",-8999.414
"5672",-8717.306
"5673",-8826.618
"5674",-8946.826
"5675",-8971.73
"5676",-8908.409
"5677",-8981.635
"5678",-8847.989
"5679",-9087.011
"5680",-9233.228
"5681",-8825.298
"5682",-8881.935
"5683",-9042.306
"5684",-8688.754
"5685",-8905.589
"5686",-8895.097
"5687",-8836.152
"5688",-8993.043
"5689",-8803.842
"5690",-9090.219
"5691",-8948.123
"5692",-8766.12
"5693",-8909.938
"5694",-8948.584
"5695",-8851.488
"5696",-9367.197
"5697",-8830.798
"5698",-8944.397
"5699",-8882.745
"5700",-9119.817
"5701",-8683.642
"5702",-8866.078
"5703",-8879.896
"5704",-8846.034
"5705",-9027.292
"5706",-8959.35
"5707",-8738.346
"5708",-8916.682
"5709",-8961.479
"5710",-9118.726
"5711",-9261.812
"5712",-8914.011
"5713",-8935.03
"5714",-8897.136
"5715",-8709.037
"5716",-8822.904
"5717",-8847.717
"5718",-8823.618
"5719",-8847.817
"5720",-8912.328
"5721",-8914.164
"5722",-8976.193
"5723",-9044.893
"5724",-8737.873
"5725",-8827.499
"5726",-8869.003
"5727",-8970.287
"5728",-8834.526
"5729",-8819.644
"5730",-8873.29
"5731",-8610.861
"5732",-8612.271
"5733",-9004.395
"5734",-9074.048
"5735",-8911.625
"5736",-8845.739
"5737",-8846.109
"5738",-8740.608
"5739",-9000.598
"5740",-8833.531
"5741",-8730.43
"5742",-8870.031
"5743",-8850.936
"5744",-8989.785
"5745",-9033.949
"5746",-8817.993
"5747",-9261.236
"5748",-8857.136
"5749",-8746.609
"5750",-8984.812
"5751",-8883.05
"5752",-8918.379
"5753",-8720.239
"5754",-8948.702
"5755",-8812.672
"5756",-9072.079
"5757",-9002.568
"5758",-8760.268
"5759",-8958.623
"5760",-8976.011
"5761",-8990.488
"5762",-8868.432
"5763",-8893.83
"5764",-9279.958
"5765",-9220.843
"5766",-8995.885
"5767",-8848.046
"5768",-9110.87
"5769",-8870.12
"5770",-8918.069
"5771",-8510.615
"5772",-8890.082
"5773",-8858.362
"5774",-8889.012
"5775",-8857.917
"5776",-9009.36
"5777",-9279.68
"5778",-8542.759
"5779",-8794.621
"5780",-8849.672
"5781",-9081.404
"5782",-9053.14
"5783",-8856.952
"5784",-8896.786
"5785",-8865.383
"5786",-8713.296
"5787",-9010.853
"5788",-8809.163
"5789",-8723.241
"5790",-9141.477
"5791",-8961.189
"5792",-8859.032
"5793",-8916.868
"5794",-8809.726
"5795",-8723.41
"5796",-8925.25
"5797",-9120.357
"5798",-8935.21
"5799",-9071.174
"5800",-8759.357
"5801",-8806.053
"5802",-8754.807
"5803",-8972.819
"5804",-8884.173
"5805",-8742.744
"5806",-8687.94
"5807",-8703.563
"5808",-9068.469
"5809",-8770.865
"5810",-8958.588
"5811",-8985.531
"5812",-8917.567
"5813",-9009.656
"5814",-8542.249
"5815",-8827.409
"5816",-8922.688
"5817",-8653.642
"5818",-8620.412
"5819",-9039.4
"5820",-8945.655
"5821",-8760.18
"5822",-8897.273
"5823",-8832.091
"5824",-8891.818
"5825",-9252.897
"5826",-8834.858
"5827",-8826.262
"5828",-8804.151
"5829",-8617.067
"5830",-8887.673
"5831",-9016.533
"5832",-9057.337
"5833",-9164.654
"5834",-8898.635
"5835",-8818.137
"5836",-8973.818
"5837",-9083.2
"5838",-8957.199
"5839",-9082.25
"5840",-8998.535
"5841",-8784.412
"5842",-9029.8
"5843",-8922.596
"5844",-8885.194
"5845",-8824.486
"5846",-8659.202
"5847",-9071.317
"5848",-8819.352
"5849",-8844.417
"5850",-8839.065
"5851",-9276.89
"5852",-9145.181
"5853",-9008.967
"5854",-8797.928
"5855",-9001.026
"5856",-8814.514
"5857",-9077.337
"5858",-8848.211
"5859",-8952.597
"5860",-9090.087
"5861",-8906.285
"5862",-8772.928
"5863",-8669.981
"5864",-9114.519
"5865",-8969.665
"5866",-9005.958
"5867",-9016.211
"5868",-8930.947
"5869",-8947.197
"5870",-9095.056
"5871",-8982.516
"5872",-8840.193
"5873",-9090.486
"5874",-9073.673
"5875",-8839.078
"5876",-8849.369
"5877",-8898.833
"5878",-8966.245
"5879",-8860.789
"5880",-8774.053
"5881",-9045.422
"5882",-9047.168
"5883",-8802.267
"5884",-8911.057
"5885",-9267.888
"5886",-8972.895
"5887",-8926.656
"5888",-9122.556
"5889",-9227.639
"5890",-8954.789
"5891",-8857.781
"5892",-8836.513
"5893",-8981.415
"5894",-8977.967
"5895",-8953.882
"5896",-8725.614
"5897",-8820.643
"5898",-8965.476
"5899",-8974.115
"5900",-8861.922
"5901",-8898.982
"5902",-8871.498
"5903",-8965.906
"5904",-8982.897
"5905",-8708.242
"5906",-8901.347
"5907",-9109.838
"5908",-9126.908
"5909",-9074.952
"5910",-8703.294
"5911",-8868.804
"5912",-8781.025
"5913",-9059.038
"5914",-8982.016
"5915",-8797.307
"5916",-9028.15
"5917",-9258.463
"5918",-8996.379
"5919",-8989.233
"5920",-8877.171
"5921",-8849.941
"5922",-8792.306
"5923",-8993.393
"5924",-8907.323
"5925",-8931.653
"5926",-9122.348
"5927",-8867.664
"5928",-8937.797
"5929",-8975.464
"5930",-8891.771
"5931",-9009.634
"5932",-8975.191
"5933",-9171.785
"5934",-8881.007
"5935",-9023.842
"5936",-9004.841
"5937",-9077.507
"5938",-8986.68
"5939",-8920.89
"5940",-8887.434
"5941",-8952.079
"5942",-8883.202
"5943",-8992.743
"5944",-8953.355
"5945",-8996.425
"5946",-8969.102
"5947",-8819.838
"5948",-8930.789
"5949",-8813.932
"5950",-8945.654
"5951",-8885.55
"5952",-8787.967
"5953",-9028.927
"5954",-9053.114
"5955",-8999.396
"5956",-8973.271
"5957",-8746.725
"5958",-8786.647
"5959",-9008.385
"5960",-8886.283
"5961",-8973.453
"5962",-8840.316
"5963",-8619.472
"5964",-8924.388
"5965",-8785.355
"5966",-8942.753
"5967",-9045.428
"5968",-9086.474
"5969",-8704.817
"5970",-8656.714
"5971",-8840.25
"5972",-9040.832
"5973",-8804.829
"5974",-8836.265
"5975",-8794.492
"5976",-9080.284
"5977",-8836.64
"5978",-9064.707
"5979",-9129.841
"5980",-8838.893
"5981",-9133.556
"5982",-8824.946
"5983",-8804.862
"5984",-8868.634
"5985",-8898.26
"5986",-8862.173
"5987",-8617.719
"5988",-8690.44
"5989",-8843.695
"5990",-8917.984
"5991",-8764.595
"5992",-8976.873
"5993",-8844.308
"5994",-8896.889
"5995",-8923.377
"5996",-8697.478
"5997",-9025.764
"5998",-8751.537
"5999",-8876.311
"6000",-8804.479
"6001",-8885.056
"6002",-9063.401
"6003",-9037.435
"6004",-8969.77
"6005",-8993.482
"6006",-8990.019
"6007",-8801.875
"6008",-8817.273
"6009",-8619.629
"6010",-8943.39
"6011",-9017.02
"6012",-9029.285
"6013",-8855.683
"6014",-8785.134
"6015",-8926.137
"6016",-8785.335
"6017",-8925.521
"6018",-9072.993
"6019",-9004.166
"6020",-8831.309
"6021",-8895.323
"6022",-8979.005
"6023",-8692.361
"6024",-8825.146
"6025",-8788.153
"6026",-9001.02
"6027",-8968.53
"6028",-8995.801
"6029",-8812.524
"6030",-9000.395
"6031",-8888.721
"6032",-8869.757
"6033",-8972.993
"6034",-9126.587
"6035",-8670.08
"6036",-8843.437
"6037",-9076.909
"6038",-8893.508
"6039",-8997.469
"6040",-9056.689
"6041",-8960.058
"6042",-8922.876
"6043",-8740.823
"6044",-9058.449
"6045",-9076.469
"6046",-8773.679
"6047",-8774.095
"6048",-9144.11
"6049",-8789.606
"6050",-8889.271
"6051",-8833.044
"6052",-9094.876
"6053",-9218.847
"6054",-8793.583
"6055",-8775.992
"6056",-8942.214
"6057",-9133.362
"6058",-8883.708
"6059",-8765.594
"6060",-8625.327
"6061",-8811.258
"6062",-8730.26
"6063",-9013.636
"6064",-8711.95
"6065",-8915.789
"6066",-9087.424
"6067",-8919.179
"6068",-8894.189
"6069",-9104.675
"6070",-8951.049
"6071",-8907.582
"6072",-8891.249
"6073",-8860.05
"6074",-8752.721
"6075",-9008.808
"6076",-8902.723
"6077",-9111.48
"6078",-8838.844
"6079",-9134.829
"6080",-9017.491
"6081",-8904.689
"6082",-8902.888
"6083",-8844.235
"6084",-8863.579
"6085",-8825.259
"6086",-8967.571
"6087",-9074.688
"6088",-8863.555
"6089",-8931.085
"6090",-8973.168
"6091",-9220.574
"6092",-8841.723
"6093",-8847.617
"6094",-8853.873
"6095",-8668.491
"6096",-8945.173
"6097",-9088.929
"6098",-8795.411
"6099",-9220.711
"6100",-8945.524
"6101",-9070.155
"6102",-9000.665
"6103",-8931.912
"6104",-9027.569
"6105",-9012.79
"6106",-8907.093
"6107",-9076.509
"6108",-8719.246
"6109",-9129.794
"6110",-9010.792
"6111",-8922.774
"6112",-9150.03
"6113",-8781.565
"6114",-8808.822
"6115",-9176.646
"6116",-8882.711
"6117",-8727.553
"6118",-9204.813
"6119",-8947.109
"6120",-8926.352
"6121",-9030.178
"6122",-8891.029
"6123",-8884.519
"6124",-8733.128
"6125",-8944.812
"6126",-9126.835
"6127",-8838.952
"6128",-9098.272
"6129",-8982.319
"6130",-8981.563
"6131",-9082.513
"6132",-8915.341
"6133",-9127.695
"6134",-9112.509
"6135",-9218.631
"6136",-8814.373
"6137",-8679.854
"6138",-8788.968
"6139",-8800.778
"6140",-8730.442
"6141",-9044.016
"6142",-8768.079
"6143",-8858.541
"6144",-8914.327
"6145",-8971.406
"6146",-9160.946
"6147",-9056.159
"6148",-8935.422
"6149",-8832.41
"6150",-8742.34
"6151",-9016.327
"6152",-9222.507
"6153",-9014.171
"6154",-8904.237
"6155",-8952.534
"6156",-8941.817
"6157",-9049.351
"6158",-8980.963
"6159",-9086.577
"6160",-8694.984
"6161",-8820.057
"6162",-8880.789
"6163",-9016.78
"6164",-8870.468
"6165",-8767.881
"6166",-8811.313
"6167",-8802.924
"6168",-9056.912
"6169",-9039.419
"6170",-8936.15
"6171",-8838.953
"6172",-8862.598
"6173",-9093.041
"6174",-8923.99
"6175",-8666.495
"6176",-8819.252
"6177",-8839.618
"6178",-9048.164
"6179",-8890.532
"6180",-8963.602
"6181",-8848.582
"6182",-8946.879
"6183",-8744.091
"6184",-9016.069
"6185",-8640.762
"6186",-9108.931
"6187",-8684.744
"6188",-8934.159
"6189",-8694.739
"6190",-8874.707
"6191",-8656.254
"6192",-8978.608
"6193",-8821.855
"6194",-8917.033
"6195",-8870.87
"6196",-8793.216
"6197",-9167.126
"6198",-8909.766
"6199",-8916.401
"6200",-8830.354
"6201",-8936.465
"6202",-9159.939
"6203",-9011.481
"6204",-9144.44
"6205",-8945.8
"6206",-9056.407
"6207",-9120.156
"6208",-9007.175
"6209",-8687.752
"6210",-8785.433
"6211",-8765.164
"6212",-8973.052
"6213",-9032.88
"6214",-8883.499
"6215",-8677.2
"6216",-8883.24
"6217",-8679.559
"6218",-8847.359
"6219",-8678.909
"6220",-8996.196
"6221",-8728.264
"6222",-9006.793
"6223",-9008.833
"6224",-9227.042
"6225",-9045.217
"6226",-8717.322
"6227",-9015.646
"6228",-8862.206
"6229",-8801.717
"6230",-8872.967
"6231",-8874.342
"6232",-9134.696
"6233",-8952.257
"6234",-8928.699
"6235",-8713.334
"6236",-8900.837
"6237",-8871.922
"6238",-8955.052
"6239",-8941.519
"6240",-8835.717
"6241",-8740.034
"6242",-8728.895
"6243",-8803.264
"6244",-9069.185
"6245",-8754.297
"6246",-8654.455
"6247",-9042.116
"6248",-8970.711
"6249",-8992.326
"6250",-8989.787
"6251",-8733.766
"6252",-8978.486
"6253",-8863.808
"6254",-8820.525
"6255",-8975.414
"6256",-8791.144
"6257",-9068.787
"6258",-8902.762
"6259",-8927.627
"6260",-8772.949
"6261",-8765.089
"6262",-8951.873
"6263",-9000.681
"6264",-8849.65
"6265",-8808.539
"6266",-8733.89
"6267",-8776.103
"6268",-8882.373
"6269",-8946.981
"6270",-9040.154
"6271",-8603.786
"6272",-9098.206
"6273",-9078.792
"6274",-8898.708
"6275",-8927.882
"6276",-8909.974
"6277",-8815.856
"6278",-9048.67
"6279",-9219.258
"6280",-8704.821
"6281",-8835.843
"6282",-8913.223
"6283",-8773.446
"6284",-8781.344
"6285",-9160.915
"6286",-8910.292
"6287",-9016.75
"6288",-9061.915
"6289",-8582.407
"6290",-8725.874
"6291",-9099.357
"6292",-8870.976
"6293",-8763.548
"6294",-8867.176
"6295",-9114.44
"6296",-8808.559
"6297",-9182.441
"6298",-9121.832
"6299",-8731.03
"6300",-8767.334
"6301",-8670.742
"6302",-8727.255
"6303",-8881.901
"6304",-8593.559
"6305",-8863.116
"6306",-8974.169
"6307",-8985.544
"6308",-8980.33
"6309",-9067.909
"6310",-8879.112
"6311",-8588.192
"6312",-9145.208
"6313",-8522.693
"6314",-8878.5
"6315",-8915.353
"6316",-9015.483
"6317",-9137.359
"6318",-8880.671
"6319",-9247.488
"6320",-8799.703
"6321",-9003.203
"6322",-8997.282
"6323",-8835.999
"6324",-9164.883
"6325",-8927.145
"6326",-8801.634
"6327",-8685.232
"6328",-8996.852
"6329",-8845.456
"6330",-8727.997
"6331",-8858.771
"6332",-8808.638
"6333",-8819.556
"6334",-9130.986
"6335",-9047.408
"6336",-9055.908
"6337",-8723.942
"6338",-8914.744
"6339",-8833.262
"6340",-9035.431
"6341",-9002.596
"6342",-8766.036
"6343",-9064.837
"6344",-8781.329
"6345",-8972.043
"6346",-8977.072
"6347",-9159.063
"6348",-9011.556
"6349",-8719.42
"6350",-8949.642
"6351",-8909.91
"6352",-8888.2
"6353",-9062.614
"6354",-9249.533
"6355",-8935.365
"6356",-8766.022
"6357",-8851.931
"6358",-9113.255
"6359",-8889.366
"6360",-8825.028
"6361",-8633.404
"6362",-8882.887
"6363",-8750.217
"6364",-8729.458
"6365",-9008.699
"6366",-8832.959
"6367",-8939.23
"6368",-8938.039
"6369",-9082.856
"6370",-8833.721
"6371",-9002.886
"6372",-8780.28
"6373",-8713.878
"6374",-8938.424
"6375",-8690.528
"6376",-8989.235
"6377",-9001.604
"6378",-8947.148
"6379",-8615.141
"6380",-8749.727
"6381",-8738.228
"6382",-8862.459
"6383",-8962.155
"6384",-8985.389
"6385",-9205.761
"6386",-8692.038
"6387",-8892.196
"6388",-8774.087
"6389",-8902.298
"6390",-9026.859
"6391",-8906.677
"6392",-8993.41
"6393",-8836.753
"6394",-8789.822
"6395",-8852.923
"6396",-8915.131
"6397",-8561.192
"6398",-8957.984
"6399",-8922.565
"6400",-8857.591
"6401",-9057.388
"6402",-9128.142
"6403",-8955.722
"6404",-8819.365
"6405",-8955.517
"6406",-9167.606
"6407",-8881.592
"6408",-9070.521
"6409",-8819.84
"6410",-8793.108
"6411",-9109.662
"6412",-9003.369
"6413",-8802.086
"6414",-8790.725
"6415",-8865.551
"6416",-8930.613
"6417",-8860.499
"6418",-9119.452
"6419",-8719.197
"6420",-9119.258
"6421",-9089.842
"6422",-8920.532
"6423",-8553.946
"6424",-8857.425
"6425",-9001.589
"6426",-9044.717
"6427",-8908.668
"6428",-8933.421
"6429",-9165.073
"6430",-9071.261
"6431",-8943.774
"6432",-8793.97
"6433",-8907.054
"6434",-9401.729
"6435",-8939.88
"6436",-8902.841
"6437",-8803.397
"6438",-9056.586
"6439",-9056.596
"6440",-8840.085
"6441",-8891.552
"6442",-8966.052
"6443",-9112.212
"6444",-8979.146
"6445",-8844.185
"6446",-8923.434
"6447",-8683.572
"6448",-8830.713
"6449",-8974.006
"6450",-8991.059
"6451",-9166.516
"6452",-8947.482
"6453",-9154.208
"6454",-8921.717
"6455",-8915.126
"6456",-9050.101
"6457",-8890.713
"6458",-8913.395
"6459",-8993.611
"6460",-8957.131
"6461",-8981.504
"6462",-8967.854
"6463",-8784.177
"6464",-9034.484
"6465",-8894.353
"6466",-8913.104
"6467",-9017.9
"6468",-8773.885
"6469",-8894.571
"6470",-9109.019
"6471",-9222.165
"6472",-9019.409
"6473",-8799.102
"6474",-8629.732
"6475",-8910.492
"6476",-9009.634
"6477",-8641.641
"6478",-9175.943
"6479",-8888.538
"6480",-9022.076
"6481",-8969.626
"6482",-9003.846
"6483",-9006.455
"6484",-8760
"6485",-8987.372
"6486",-8886.735
"6487",-9043.225
"6488",-8985.045
"6489",-9039.765
"6490",-8787.13
"6491",-8914.694
"6492",-9128.207
"6493",-9125.426
"6494",-9120.833
"6495",-9065.044
"6496",-9038.654
"6497",-8750.2
"6498",-8965.543
"6499",-8863.555
"6500",-9149.568
"6501",-9023.12
"6502",-8828.784
"6503",-9169.368
"6504",-8920.493
"6505",-8705.261
"6506",-8664.536
"6507",-8972.281
"6508",-8761.663
"6509",-9026.001
"6510",-8860.814
"6511",-8823.553
"6512",-8760.449
"6513",-8876.84
"6514",-8921.878
"6515",-8831.517
"6516",-8964.169
"6517",-8915.751
"6518",-8776.86
"6519",-8844.355
"6520",-8714.216
"6521",-8895.501
"6522",-8994.954
"6523",-8944.694
"6524",-8962.126
"6525",-8784.123
"6526",-8836.641
"6527",-9160.809
"6528",-8951.244
"6529",-8649.7
"6530",-9115.647
"6531",-8909.957
"6532",-8997.446
"6533",-8874.232
"6534",-9267.728
"6535",-8954.807
"6536",-8860.752
"6537",-8901.129
"6538",-8983.383
"6539",-8876.747
"6540",-8846.42
"6541",-9122.693
"6542",-8893.458
"6543",-8753.884
"6544",-9006.211
"6545",-8690.516
"6546",-8796.926
"6547",-8657.377
"6548",-8778.533
"6549",-9069.088
"6550",-8909.052
"6551",-8869.175
"6552",-9136.232
"6553",-9203.579
"6554",-8956.988
"6555",-9195.227
"6556",-8759.539
"6557",-8795.503
"6558",-8983.352
"6559",-8657.008
"6560",-8775.035
"6561",-8930.506
"6562",-9040.311
"6563",-8928.094
"6564",-8670.299
"6565",-8811.522
"6566",-8956.79
"6567",-8832.99
"6568",-8795.518
"6569",-8789.233
"6570",-8943.372
"6571",-8944.149
"6572",-9042.235
"6573",-9080.786
"6574",-8880.544
"6575",-8652.006
"6576",-9036.117
"6577",-8968.442
"6578",-9078.22
"6579",-9014.588
"6580",-8995.296
"6581",-8852.779
"6582",-8994.375
"6583",-8971.068
"6584",-8783.665
"6585",-8958.893
"6586",-8836.894
"6587",-8818.902
"6588",-9077.458
"6589",-8820.165
"6590",-8979.091
"6591",-8913.976
"6592",-9053.599
"6593",-8936.69
"6594",-8788.535
"6595",-9058.635
"6596",-9109.634
"6597",-8975.85
"6598",-8684.066
"6599",-8875.959
"6600",-8850.953
"6601",-8937.009
"6602",-9179.339
"6603",-9003.82
"6604",-8696.03
"6605",-9258.583
"6606",-9174.077
"6607",-9014.262
"6608",-8707.373
"6609",-9279.439
"6610",-8900.175
"6611",-8736.759
"6612",-8949.618
"6613",-8889.936
"6614",-8883.703
"6615",-8962.043
"6616",-8967.87
"6617",-8666.544
"6618",-9084.432
"6619",-8796.115
"6620",-9172.653
"6621",-8948.761
"6622",-8636.881
"6623",-8843.847
"6624",-8940.634
"6625",-8892.261
"6626",-9111.928
"6627",-9034.822
"6628",-8890.528
"6629",-8899.819
"6630",-8878.001
"6631",-8846.319
"6632",-8866.562
"6633",-9079.916
"6634",-8841.762
"6635",-8765.216
"6636",-8944.873
"6637",-9176.8
"6638",-8767.317
"6639",-8806.361
"6640",-8965.691
"6641",-9107.526
"6642",-8840.63
"6643",-8637.101
"6644",-8918.462
"6645",-8940.209
"6646",-8905.324
"6647",-8814.625
"6648",-8871.351
"6649",-8917.142
"6650",-8922.96
"6651",-8831.79
"6652",-8632.675
"6653",-8742.006
"6654",-8920.719
"6655",-8989.257
"6656",-8775.897
"6657",-8829.618
"6658",-8872.783
"6659",-8847.585
"6660",-9081.105
"6661",-8932.624
"6662",-8840.784
"6663",-8973.965
"6664",-8611.087
"6665",-8662.201
"6666",-9212.224
"6667",-9030.34
"6668",-9067.154
"6669",-8871.703
"6670",-9109.145
"6671",-8826.532
"6672",-8978.211
"6673",-8862.591
"6674",-8861.26
"6675",-8992.686
"6676",-8688.094
"6677",-8950.592
"6678",-8997.856
"6679",-8708.324
"6680",-8981.408
"6681",-8852.713
"6682",-8913.208
"6683",-8983.754
"6684",-8916.116
"6685",-9071.14
"6686",-8568.284
"6687",-8896.004
"6688",-8697.688
"6689",-8894.652
"6690",-9007.358
"6691",-9097.895
"6692",-8865.126
"6693",-8743.684
"6694",-8947.939
"6695",-9098.588
"6696",-8889.874
"6697",-8857.152
"6698",-8818.724
"6699",-8990.283
"6700",-8978.561
"6701",-8722.325
"6702",-8868.261
"6703",-8987.402
"6704",-9063.558
"6705",-9040.049
"6706",-8896.648
"6707",-8867.709
"6708",-8763.07
"6709",-8645.151
"6710",-9034.307
"6711",-8718.395
"6712",-8678.288
"6713",-8609.183
"6714",-8868.474
"6715",-9022.557
"6716",-9046.599
"6717",-8737.257
"6718",-8953.154
"6719",-9107.192
"6720",-8924.738
"6721",-9093.416
"6722",-8653.461
"6723",-9191.161
"6724",-8747.154
"6725",-8932.922
"6726",-9241.945
"6727",-8866.292
"6728",-9142.845
"6729",-8918.824
"6730",-8807.96
"6731",-9043.943
"6732",-8697.324
"6733",-8993.38
"6734",-8934.668
"6735",-9050.584
"6736",-8896.034
"6737",-9170.222
"6738",-8917.238
"6739",-8723.682
"6740",-9186.343
"6741",-8903.796
"6742",-8774.278
"6743",-8874.393
"6744",-9015.867
"6745",-8736.406
"6746",-8774.633
"6747",-8846.632
"6748",-8957.723
"6749",-8869.194
"6750",-8952.474
"6751",-8698.421
"6752",-9229.399
"6753",-8681.304
"6754",-9096.265
"6755",-8923.305
"6756",-9003.59
"6757",-9212.459
"6758",-8932.931
"6759",-8836.709
"6760",-8932.926
"6761",-8867.732
"6762",-8834.38
"6763",-9307.835
"6764",-9181.655
"6765",-8803.447
"6766",-8880.633
"6767",-9042.231
"6768",-8481.522
"6769",-8890.296
"6770",-8721.604
"6771",-8932.564
"6772",-8895.527
"6773",-9068.137
"6774",-9139.807
"6775",-8706.423
"6776",-8812.249
"6777",-8908.563
"6778",-9209.42
"6779",-8936.297
"6780",-8984.486
"6781",-9007.81
"6782",-8923.525
"6783",-8835.199
"6784",-9197.458
"6785",-8802.361
"6786",-8777.837
"6787",-8825.185
"6788",-9136.177
"6789",-9154.398
"6790",-8779.14
"6791",-9029.614
"6792",-8517.825
"6793",-8873.678
"6794",-8997.91
"6795",-8658.128
"6796",-8815.026
"6797",-8801.242
"6798",-8862.072
"6799",-8678.777
"6800",-8998.365
"6801",-8904.884
"6802",-9008.395
"6803",-8974.002
"6804",-9055.781
"6805",-8886.813
"6806",-9047.076
"6807",-8940.067
"6808",-8865.244
"6809",-9179.694
"6810",-8999.981
"6811",-8726.061
"6812",-8874.463
"6813",-8898.381
"6814",-8847.421
"6815",-9024.076
"6816",-8846.819
"6817",-8613.277
"6818",-9088.906
"6819",-9014.071
"6820",-9012.325
"6821",-8775.261
"6822",-9016.427
"6823",-9143.934
"6824",-8807.018
"6825",-8788.65
"6826",-8812.883
"6827",-8846.69
"6828",-8984.254
"6829",-8960.307
"6830",-8764.986
"6831",-8821.776
"6832",-8784.857
"6833",-8898.164
"6834",-8780.172
"6835",-8808.752
"6836",-8861.153
"6837",-9042.924
"6838",-8844.663
"6839",-8830.656
"6840",-8955.636
"6841",-9051.048
"6842",-8670.112
"6843",-8818.948
"6844",-8925.201
"6845",-8688.447
"6846",-9129.05
"6847",-8870.683
"6848",-8887.334
"6849",-8925.974
"6850",-8882.098
"6851",-9062.249
"6852",-8957.538
"6853",-8871.695
"6854",-8658.65
"6855",-8936.339
"6856",-9129.305
"6857",-8558.363
"6858",-8843.907
"6859",-9007.238
"6860",-8591.036
"6861",-9113.141
"6862",-8945.397
"6863",-8998.196
"6864",-8650.956
"6865",-9021.731
"6866",-8901.122
"6867",-8974.599
"6868",-8916.88
"6869",-9048.244
"6870",-9107.933
"6871",-9008.599
"6872",-9172.723
"6873",-8693.256
"6874",-8934.15
"6875",-8902.802
"6876",-8938.703
"6877",-8904.954
"6878",-8988.567
"6879",-8816.502
"6880",-8975.399
"6881",-8686.305
"6882",-9071.805
"6883",-8927.48
"6884",-9044.923
"6885",-8936.792
"6886",-8762.552
"6887",-8748.374
"6888",-8642.26
"6889",-8950.296
"6890",-8849.077
"6891",-8875.351
"6892",-8894.73
"6893",-8544.405
"6894",-9017.361
"6895",-8669.442
"6896",-8907.69
"6897",-8755.935
"6898",-9012.028
"6899",-8926.23
"6900",-8659.192
"6901",-8803.595
"6902",-8901.366
"6903",-8845.256
"6904",-9066.581
"6905",-8850.047
"6906",-8740.022
"6907",-9213.106
"6908",-8837.245
"6909",-8840.676
"6910",-8706.906
"6911",-8918.225
"6912",-9051.682
"6913",-8750.531
"6914",-8828.095
"6915",-8950.655
"6916",-8968.848
"6917",-9012.323
"6918",-9052.734
"6919",-9327.587
"6920",-9001.95
"6921",-8978.482
"6922",-8786.552
"6923",-8884.789
"6924",-8827.281
"6925",-8988.235
"6926",-8921.312
"6927",-8901.071
"6928",-8872.891
"6929",-8669.383
"6930",-8684.12
"6931",-8944.289
"6932",-9063.601
"6933",-8891.962
"6934",-9024.572
"6935",-8964.646
"6936",-8926.862
"6937",-9267.959
"6938",-8980.538
"6939",-8883.967
"6940",-8728.825
"6941",-9084.921
"6942",-8874.752
"6943",-9118.689
"6944",-8898.338
"6945",-8746.587
"6946",-8902.771
"6947",-9043.269
"6948",-9259.706
"6949",-8959.404
"6950",-8786.232
"6951",-9117.588
"6952",-9027.853
"6953",-8887.293
"6954",-9200.099
"6955",-9157.861
"6956",-9000.469
"6957",-8947.563
"6958",-8776.135
"6959",-9112.493
"6960",-8990.933
"6961",-8895.993
"6962",-8956.254
"6963",-8749.836
"6964",-8811.698
"6965",-8785.322
"6966",-9067.357
"6967",-8957.282
"6968",-9013.533
"6969",-8970.444
"6970",-9056.894
"6971",-8974.504
"6972",-8943.191
"6973",-8721.514
"6974",-8897.102
"6975",-8955.444
"6976",-8894.08
"6977",-8718.676
"6978",-8759.996
"6979",-8886.809
"6980",-9084.174
"6981",-8876.678
"6982",-8574.841
"6983",-9167.758
"6984",-8773.451
"6985",-9064.046
"6986",-8892.388
"6987",-9082.033
"6988",-8978.81
"6989",-9139.326
"6990",-8934.998
"6991",-8836.345
"6992",-8833.521
"6993",-8909.882
"6994",-9067.867
"6995",-8855.64
"6996",-8693.345
"6997",-9081.47
"6998",-9043.709
"6999",-8898.971
"7000",-8897
"7001",-8875.693
"7002",-8977.012
"7003",-9008.32
"7004",-8817.727
"7005",-8996.845
"7006",-9185.312
"7007",-8969.709
"7008",-8916.187
"7009",-8774.968
"7010",-9120.743
"7011",-8772.164
"7012",-9011.709
"7013",-9075.39
"7014",-8890.936
"7015",-8841.483
"7016",-8947.004
"7017",-8834.864
"7018",-9014.98
"7019",-8952.035
"7020",-8681.692
"7021",-8647.911
"7022",-8776.412
"7023",-9029.039
"7024",-8957.679
"7025",-8853.413
"7026",-8902.116
"7027",-9088.841
"7028",-8981.738
"7029",-8947.678
"7030",-9105.793
"7031",-8904.298
"7032",-8649.809
"7033",-8888.414
"7034",-9028.249
"7035",-8977.938
"7036",-8757.786
"7037",-8938.661
"7038",-8965.751
"7039",-9060.592
"7040",-8658.36
"7041",-8847.959
"7042",-9047.936
"7043",-8803.046
"7044",-8991.029
"7045",-8865.339
"7046",-8928.701
"7047",-8766.948
"7048",-9118.981
"7049",-8814.945
"7050",-8958.44
"7051",-9195.3
"7052",-8891.844
"7053",-8995.029
"7054",-8933.516
"7055",-8836.761
"7056",-8832.444
"7057",-8711.241
"7058",-8809.738
"7059",-9009.712
"7060",-9097.987
"7061",-9072.722
"7062",-9081.838
"7063",-8735.457
"7064",-8732.583
"7065",-8890.381
"7066",-8642.003
"7067",-8846.45
"7068",-8840.573
"7069",-8885.899
"7070",-8894.478
"7071",-8564.077
"7072",-8925.951
"7073",-9006.698
"7074",-8883.894
"7075",-8865.384
"7076",-8973.784
"7077",-8766.274
"7078",-8994.509
"7079",-8911.977
"7080",-8906.017
"7081",-8883.105
"7082",-9147.653
"7083",-8837.3
"7084",-9055.59
"7085",-8964.111
"7086",-9322.108
"7087",-8970.662
"7088",-8849.083
"7089",-9120.071
"7090",-9243.246
"7091",-8999.381
"7092",-8854.777
"7093",-9018.968
"7094",-9041.76
"7095",-8833.882
"7096",-8765.173
"7097",-8784.391
"7098",-9108.709
"7099",-8942.059
"7100",-8911.859
"7101",-8733.008
"7102",-9028.382
"7103",-8697.268
"7104",-9113.177
"7105",-8938.168
"7106",-8896.453
"7107",-9103.345
"7108",-8823.905
"7109",-9007.169
"7110",-8814.884
"7111",-8964.035
"7112",-9047.125
"7113",-8813.853
"7114",-8767.222
"7115",-8772.201
"7116",-9091.709
"7117",-8789.866
"7118",-8870.611
"7119",-8795.527
"7120",-8737.589
"7121",-8618.227
"7122",-8903.381
"7123",-9275.671
"7124",-8955.138
"7125",-8965.955
"7126",-8834.442
"7127",-8842.687
"7128",-8761.899
"7129",-9012.451
"7130",-9074.464
"7131",-8982.931
"7132",-8991.384
"7133",-9035.786
"7134",-9037.278
"7135",-9254.311
"7136",-8988.148
"7137",-8793.468
"7138",-9101.762
"7139",-9119.879
"7140",-8771.446
"7141",-9075.579
"7142",-8823.088
"7143",-8826.772
"7144",-8755.724
"7145",-8906.425
"7146",-8788.327
"7147",-8989.356
"7148",-8894.259
"7149",-9068.428
"7150",-8980.031
"7151",-8913.799
"7152",-8983.727
"7153",-8876.655
"7154",-8885.255
"7155",-8880.391
"7156",-8924.621
"7157",-8752.16
"7158",-8966.626
"7159",-8841.398
"7160",-8992.69
"7161",-8823.315
"7162",-8710.837
"7163",-9018.551
"7164",-9088.992
"7165",-9243.304
"7166",-8676.339
"7167",-9244.631
"7168",-8959.411
"7169",-8924.183
"7170",-9016.544
"7171",-8968.637
"7172",-8845.555
"7173",-9003.156
"7174",-8861.224
"7175",-9111.639
"7176",-8890.03
"7177",-9040.785
"7178",-9041.492
"7179",-8830.675
"7180",-8765.624
"7181",-8951.108
"7182",-9009.902
"7183",-8907.712
"7184",-8867.578
"7185",-8865.652
"7186",-9143.728
"7187",-9069.509
"7188",-8789.22
"7189",-9029.404
"7190",-9108.696
"7191",-8787.49
"7192",-8798.37
"7193",-9096.763
"7194",-8896.315
"7195",-8690.52
"7196",-8827.673
"7197",-8954.147
"7198",-8894.907
"7199",-8894.186
"7200",-8938.772
"7201",-9067.914
"7202",-8869.061
"7203",-8929.618
"7204",-8876.093
"7205",-8983.446
"7206",-8985.604
"7207",-8898.091
"7208",-8975.406
"7209",-8901.989
"7210",-8856.601
"7211",-8762.891
"7212",-8774.573
"7213",-9009.59
"7214",-8770.257
"7215",-8713.704
"7216",-8863.063
"7217",-8893.875
"7218",-8915.895
"7219",-8942.184
"7220",-8717.708
"7221",-8798.726
"7222",-8998.406
"7223",-8848.006
"7224",-9036.283
"7225",-8756.835
"7226",-8734.934
"7227",-8678.936
"7228",-8949.033
"7229",-8895.463
"7230",-8992.086
"7231",-9117.687
"7232",-9124.893
"7233",-8706.987
"7234",-8950.002
"7235",-8927.983
"7236",-9095.008
"7237",-9129.176
"7238",-8915.984
"7239",-9113.211
"7240",-8903.765
"7241",-8918.696
"7242",-8801.228
"7243",-8966.315
"7244",-8976.621
"7245",-8802.24
"7246",-8871.868
"7247",-9019.473
"7248",-8804.854
"7249",-8947.511
"7250",-8898.201
"7251",-8914.11
"7252",-8877.96
"7253",-9141.064
"7254",-8841.393
"7255",-9060.701
"7256",-8959.723
"7257",-9221.275
"7258",-9052.373
"7259",-8904.265
"7260",-8952.38
"7261",-8951.271
"7262",-8755.385
"7263",-8864.456
"7264",-8686.712
"7265",-8718.192
"7266",-8794.29
"7267",-8822.963
"7268",-8967.253
"7269",-9017.42
"7270",-8724.302
"7271",-9017.788
"7272",-9036.503
"7273",-8760.203
"7274",-8970.579
"7275",-8678.881
"7276",-9049.671
"7277",-8898.724
"7278",-9013.483
"7279",-8867.893
"7280",-9220.968
"7281",-8857.758
"7282",-8937.878
"7283",-8770.506
"7284",-8913.607
"7285",-8833.767
"7286",-9097.982
"7287",-8807.171
"7288",-8995.218
"7289",-9144.629
"7290",-9055.208
"7291",-8756.8
"7292",-8910.801
"7293",-8829.959
"7294",-8915.442
"7295",-9010.559
"7296",-8561.571
"7297",-9015.718
"7298",-8891.047
"7299",-8913.896
"7300",-9039.716
"7301",-9013.918
"7302",-8980.665
"7303",-8893.539
"7304",-8947.489
"7305",-9213.887
"7306",-9050.447
"7307",-8795.245
"7308",-9142.572
"7309",-8999.018
"7310",-9010.852
"7311",-8830.152
"7312",-8648.941
"7313",-9112.55
"7314",-9131.211
"7315",-8842.969
"7316",-9032.863
"7317",-8671.345
"7318",-9090.55
"7319",-8859.256
"7320",-8771.451
"7321",-9000.959
"7322",-8980.426
"7323",-9044.555
"7324",-9176.481
"7325",-8905.281
"7326",-8864.809
"7327",-8893.07
"7328",-8739.546
"7329",-8905.983
"7330",-8951.862
"7331",-8727.121
"7332",-9056.836
"7333",-8943.148
"7334",-9077.355
"7335",-8729.874
"7336",-8823.236
"7337",-8903.672
"7338",-8811.593
"7339",-9122.039
"7340",-8943.835
"7341",-8966.801
"7342",-9051.542
"7343",-8733.722
"7344",-9049.586
"7345",-8973.711
"7346",-8825.127
"7347",-9130.405
"7348",-9100.781
"7349",-8876.566
"7350",-9060.203
"7351",-8837.937
"7352",-8998.534
"7353",-8899.066
"7354",-8894.286
"7355",-9047.918
"7356",-8677.206
"7357",-8854.474
"7358",-8995.486
"7359",-8867.976
"7360",-8791.773
"7361",-8893.592
"7362",-8940.728
"7363",-8869.024
"7364",-8881.267
"7365",-8680.921
"7366",-8728.341
"7367",-8973.696
"7368",-8957.717
"7369",-9073.302
"7370",-9072.938
"7371",-8924.842
"7372",-9044.367
"7373",-8805.409
"7374",-9145.446
"7375",-8980.692
"7376",-9078.886
"7377",-8878.329
"7378",-8974.921
"7379",-8850.058
"7380",-9027.582
"7381",-8850.83
"7382",-8925.076
"7383",-8823.66
"7384",-8746.795
"7385",-8835.888
"7386",-9093.839
"7387",-8760.279
"7388",-9034.798
"7389",-8781.734
"7390",-8733.434
"7391",-8861.336
"7392",-8732.456
"7393",-8885.311
"7394",-8901.565
"7395",-9143.735
"7396",-8839.843
"7397",-9045.692
"7398",-8845.791
"7399",-9000.415
"7400",-8848.404
"7401",-9087.203
"7402",-8979.11
"7403",-8939.004
"7404",-8923.461
"7405",-9093.209
"7406",-8980.48
"7407",-8777.715
"7408",-8756.973
"7409",-8950.517
"7410",-9015.902
"7411",-8998.842
"7412",-8740.366
"7413",-9065.678
"7414",-8942.501
"7415",-8878.919
"7416",-8980.304
"7417",-8540.514
"7418",-9019.134
"7419",-8758.675
"7420",-8988.05
"7421",-8948.063
"7422",-8928.617
"7423",-8798.457
"7424",-9018.05
"7425",-9089.577
"7426",-9071.224
"7427",-8910.728
"7428",-8632.751
"7429",-8839.449
"7430",-9002.549
"7431",-8781.527
"7432",-9040.89
"7433",-8898.978
"7434",-8967.262
"7435",-8986.152
"7436",-8997.941
"7437",-8856.064
"7438",-8924.618
"7439",-8561.183
"7440",-9054.613
"7441",-8951.901
"7442",-9142.193
"7443",-8883.045
"7444",-8895.79
"7445",-8526.306
"7446",-9039.429
"7447",-8926.054
"7448",-8786.188
"7449",-9075.888
"7450",-8800.586
"7451",-9040.252
"7452",-8949.755
"7453",-8787.333
"7454",-9196.334
"7455",-8938.679
"7456",-8944.862
"7457",-8882.491
"7458",-8819.175
"7459",-8848.468
"7460",-8604.03
"7461",-8955.685
"7462",-8976.332
"7463",-8803.845
"7464",-9078.648
"7465",-9118.579
"7466",-8770.141
"7467",-9030.779
"7468",-9125.624
"7469",-9249.706
"7470",-8893.303
"7471",-9017.601
"7472",-8770.437
"7473",-8815.463
"7474",-8668.115
"7475",-8964.449
"7476",-8901.712
"7477",-8869.249
"7478",-8708.878
"7479",-8835.933
"7480",-8969.893
"7481",-9263.017
"7482",-9049.591
"7483",-8882.98
"7484",-9067.984
"7485",-9062.57
"7486",-8927.079
"7487",-8902.885
"7488",-8972.883
"7489",-8869.129
"7490",-8810.824
"7491",-8989.342
"7492",-8816.792
"7493",-8951.259
"7494",-8805.798
"7495",-8990.928
"7496",-8829.748
"7497",-8764.909
"7498",-8884.7
"7499",-8770.489
"7500",-8871.638
"7501",-8913.082
"7502",-8916.009
"7503",-8752.145
"7504",-9164.1
"7505",-8808.317
"7506",-8473.333
"7507",-8866.567
"7508",-8882.186
"7509",-8832.385
"7510",-9020.583
"7511",-8819.208
"7512",-8858.37
"7513",-8775.987
"7514",-9120.13
"7515",-8923.505
"7516",-8711.025
"7517",-8965.967
"7518",-9018.371
"7519",-9166.498
"7520",-9124.84
"7521",-9123.111
"7522",-8681.248
"7523",-8787.902
"7524",-8939.768
"7525",-8769.974
"7526",-8950.885
"7527",-9077.997
"7528",-8860.298
"7529",-8846.185
"7530",-9078.763
"7531",-9034.259
"7532",-8754.259
"7533",-9043.259
"7534",-8842.458
"7535",-9140.375
"7536",-9062.825
"7537",-8886.114
"7538",-8883.483
"7539",-9035.573
"7540",-8943.543
"7541",-8813.988
"7542",-8984.108
"7543",-9281.016
"7544",-9038.799
"7545",-8743.494
"7546",-8946.192
"7547",-8980.996
"7548",-8727.569
"7549",-9284.062
"7550",-8650.576
"7551",-8883.071
"7552",-8928.68
"7553",-9162.9
"7554",-8974.969
"7555",-8959.977
"7556",-8966.419
"7557",-9135.992
"7558",-8987.698
"7559",-9205.192
"7560",-9022.413
"7561",-8800.433
"7562",-8854.752
"7563",-8812.876
"7564",-9036.283
"7565",-8707.321
"7566",-9069.04
"7567",-8741.444
"7568",-8735.008
"7569",-8840.186
"7570",-9034.791
"7571",-8969.567
"7572",-8989.905
"7573",-8810.372
"7574",-9172.46
"7575",-8955.651
"7576",-8802.22
"7577",-8762.052
"7578",-8910.471
"7579",-8907.709
"7580",-9112.66
"7581",-8941.648
"7582",-8924.619
"7583",-8878.978
"7584",-8911.194
"7585",-8927.502
"7586",-8968.889
"7587",-8908.342
"7588",-9024.7
"7589",-8770.593
"7590",-8882.144
"7591",-8799.424
"7592",-9080.111
"7593",-8737.857
"7594",-8932.431
"7595",-8905.46
"7596",-8702.445
"7597",-8989.624
"7598",-8802.589
"7599",-9027.852
"7600",-9133.637
"7601",-8873.216
"7602",-8968.632
"7603",-8623.924
"7604",-8796.131
"7605",-8715.709
"7606",-8751.351
"7607",-8767.368
"7608",-8947.338
"7609",-8917.338
"7610",-8941.787
"7611",-9034.618
"7612",-9373.627
"7613",-8893.712
"7614",-9135.762
"7615",-9126.383
"7616",-8744.386
"7617",-8808.667
"7618",-9065.115
"7619",-9142.027
"7620",-9115.764
"7621",-9110.028
"7622",-8967.419
"7623",-8995.467
"7624",-9212.661
"7625",-8813.024
"7626",-8977.623
"7627",-8630.529
"7628",-9139.661
"7629",-9120.538
"7630",-9089.469
"7631",-9211.09
"7632",-8966.755
"7633",-8912.037
"7634",-8969
"7635",-9030.552
"7636",-8969.964
"7637",-8765.826
"7638",-8947.221
"7639",-8925.758
"7640",-8909.788
"7641",-8845.906
"7642",-8770.89
"7643",-8774.124
"7644",-9055.763
"7645",-8827.055
"7646",-8940.331
"7647",-9135.818
"7648",-8774.006
"7649",-8579.333
"7650",-9111.89
"7651",-8997.738
"7652",-9058.603
"7653",-9067.997
"7654",-8806.323
"7655",-8497.414
"7656",-9138.122
"7657",-8778.491
"7658",-9187.933
"7659",-8832.545
"7660",-8761.983
"7661",-8949.494
"7662",-9040.718
"7663",-8992.855
"7664",-8967.543
"7665",-8838.047
"7666",-8745.242
"7667",-8588.184
"7668",-8793.501
"7669",-8639.388
"7670",-8875.151
"7671",-8787.894
"7672",-8866.1
"7673",-8806.754
"7674",-8917.535
"7675",-8830.314
"7676",-8790.549
"7677",-9144.756
"7678",-8851.044
"7679",-8948.274
"7680",-8730.232
"7681",-8729.914
"7682",-8692.516
"7683",-8933.545
"7684",-9087.192
"7685",-8963.88
"7686",-8886.636
"7687",-9056.533
"7688",-9005.63
"7689",-8860.737
"7690",-8945.465
"7691",-8860.29
"7692",-8891.654
"7693",-8850.772
"7694",-8920.685
"7695",-9004.293
"7696",-9108.827
"7697",-8930.021
"7698",-9182.303
"7699",-8988.58
"7700",-8951.584
"7701",-9135.336
"7702",-8920.608
"7703",-8780.906
"7704",-8916.724
"7705",-8890.417
"7706",-8963.104
"7707",-8809.759
"7708",-8798.05
"7709",-8902.363
"7710",-8879.021
"7711",-8687.293
"7712",-9134.217
"7713",-8914.328
"7714",-8752.257
"7715",-8805.453
"7716",-8890.116
"7717",-8790.468
"7718",-8934.043
"7719",-9038.909
"7720",-8817.818
"7721",-9258.804
"7722",-8935.01
"7723",-8837.622
"7724",-8925.862
"7725",-8975.432
"7726",-9103.832
"7727",-9054.104
"7728",-8962.285
"7729",-8767.224
"7730",-8804.098
"7731",-8826.712
"7732",-9034.011
"7733",-8921.5
"7734",-9000.966
"7735",-8993.904
"7736",-8865.853
"7737",-9249.821
"7738",-9070.597
"7739",-8887.451
"7740",-8665.61
"7741",-8702.334
"7742",-8781.712
"7743",-9010.142
"7744",-8898.721
"7745",-8994.35
"7746",-8721.25
"7747",-9047.931
"7748",-8701.554
"7749",-8759.729
"7750",-8944.327
"7751",-9099.653
"7752",-9021.904
"7753",-9012.913
"7754",-8688.707
"7755",-8840.403
"7756",-8762.254
"7757",-8833.618
"7758",-8776.042
"7759",-9020.798
"7760",-8901.987
"7761",-8605.553
"7762",-8976.23
"7763",-8897.339
"7764",-8670.873
"7765",-9232.714
"7766",-8694.616
"7767",-9139.337
"7768",-9228.029
"7769",-9007.418
"7770",-9040.392
"7771",-9019.147
"7772",-9073.442
"7773",-8942.118
"7774",-8767.723
"7775",-8938.147
"7776",-8824.06
"7777",-8877.072
"7778",-8870.351
"7779",-9036.942
"7780",-8955.586
"7781",-9146.871
"7782",-8776.046
"7783",-8863.572
"7784",-8912.289
"7785",-8967.763
"7786",-9240.789
"7787",-9043.942
"7788",-8741.605
"7789",-8797.352
"7790",-8808.746
"7791",-8958.582
"7792",-9029.956
"7793",-8988.369
"7794",-8848.644
"7795",-8605.102
"7796",-8773.889
"7797",-8977.915
"7798",-9036.731
"7799",-8908.211
"7800",-8943.499
"7801",-8820.221
"7802",-8625.434
"7803",-9101.699
"7804",-8553.696
"7805",-8797.147
"7806",-8850.667
"7807",-8893.738
"7808",-8710.484
"7809",-9193.982
"7810",-8983.342
"7811",-8940.785
"7812",-8935.974
"7813",-8770.676
"7814",-9008.414
"7815",-8956.219
"7816",-9135.142
"7817",-8835.866
"7818",-8838.021
"7819",-8990.476
"7820",-8953.404
"7821",-8991.053
"7822",-8884.355
"7823",-8968.315
"7824",-9004.075
"7825",-9017.659
"7826",-8935.73
"7827",-8812.316
"7828",-9116.143
"7829",-8894.854
"7830",-8857.39
"7831",-9223.527
"7832",-9009.261
"7833",-8901.982
"7834",-8849.788
"7835",-8998.579
"7836",-8895.612
"7837",-9156.491
"7838",-9101.519
"7839",-9077.393
"7840",-8633.401
"7841",-9183.647
"7842",-9146.823
"7843",-8906.258
"7844",-8833.241
"7845",-9011.346
"7846",-8633.226
"7847",-8817.94
"7848",-9079.706
"7849",-8692.511
"7850",-8655.1
"7851",-8989.109
"7852",-9115.236
"7853",-8716.075
"7854",-8727.649
"7855",-8798.31
"7856",-8839.986
"7857",-8843.205
"7858",-8976.821
"7859",-8821.142
"7860",-9038.053
"7861",-8898.125
"7862",-9054.913
"7863",-8941.558
"7864",-8840.311
"7865",-9126.05
"7866",-8835.026
"7867",-8726.896
"7868",-8878.762
"7869",-8673.455
"7870",-8788.161
"7871",-8930.189
"7872",-9057.929
"7873",-9183.442
"7874",-8851.81
"7875",-8789.537
"7876",-9052.532
"7877",-8938.738
"7878",-8754.752
"7879",-9015.05
"7880",-9088.426
"7881",-8909.106
"7882",-9160.148
"7883",-8857.059
"7884",-8775.64
"7885",-9032.456
"7886",-9032.891
"7887",-8905.262
"7888",-8516.099
"7889",-8773.903
"7890",-8954.389
"7891",-8779.717
"7892",-8444.048
"7893",-8876.435
"7894",-8904.334
"7895",-8866.549
"7896",-8917.664
"7897",-8842.429
"7898",-8592.961
"7899",-8988.493
"7900",-9033.235
"7901",-8800.407
"7902",-8979.952
"7903",-8909.705
"7904",-8955.734
"7905",-8702.009
"7906",-8928.575
"7907",-8911.006
"7908",-8881.889
"7909",-8894.212
"7910",-9123.252
"7911",-8997.466
"7912",-8946.167
"7913",-8972.354
"7914",-8821.826
"7915",-9007.377
"7916",-8848.382
"7917",-9016.708
"7918",-8672.147
"7919",-8927.002
"7920",-8968.225
"7921",-8649.641
"7922",-9033.232
"7923",-9039.118
"7924",-8868.034
"7925",-8762.489
"7926",-8813.68
"7927",-8659.393
"7928",-8860.302
"7929",-8814.679
"7930",-9095.888
"7931",-8883.77
"7932",-8935.805
"7933",-9002.034
"7934",-8884.945
"7935",-8691.454
"7936",-8736.726
"7937",-8849.32
"7938",-8796.93
"7939",-9153.896
"7940",-8751.384
"7941",-8779.636
"7942",-9140.158
"7943",-9084.201
"7944",-8901.825
"7945",-8783.526
"7946",-8814.063
"7947",-8673.82
"7948",-9019.984
"7949",-8935.965
"7950",-9143.741
"7951",-8880.107
"7952",-8691.58
"7953",-9072.424
"7954",-8468.485
"7955",-8861.328
"7956",-8918.29
"7957",-8934.498
"7958",-9097.879
"7959",-8932.35
"7960",-8850.085
"7961",-9081.834
"7962",-8948.003
"7963",-8944.182
"7964",-8643.087
"7965",-8735.987
"7966",-8809.447
"7967",-9055.355
"7968",-8926.688
"7969",-8794.643
"7970",-8873.24
"7971",-8941.923
"7972",-8951.358
"7973",-8871.847
"7974",-8856.307
"7975",-9038.124
"7976",-8691.042
"7977",-8762.52
"7978",-8993.766
"7979",-8846.755
"7980",-8781.893
"7981",-9050.693
"7982",-9067.959
"7983",-8873.298
"7984",-8909.448
"7985",-8757.789
"7986",-8871.028
"7987",-9026.234
"7988",-8839.11
"7989",-9030.893
"7990",-8881.144
"7991",-8643.656
"7992",-8735.189
"7993",-9074.287
"7994",-8798.334
"7995",-9240.612
"7996",-8817.684
"7997",-8823.168
"7998",-8949.662
"7999",-8777.374
"8000",-8867.952
"8001",-8693.23
"8002",-9254.987
"8003",-8752.338
"8004",-8817.531
"8005",-9083.078
"8006",-8585.666
"8007",-8924.418
"8008",-8822.224
"8009",-9249.542
"8010",-9038.271
"8011",-8822.382
"8012",-9007.771
"8013",-9026.098
"8014",-8837.232
"8015",-9106.382
"8016",-8900.767
"8017",-8872.122
"8018",-8751.58
"8019",-8737.867
"8020",-8974.341
"8021",-9151.416
"8022",-8936.522
"8023",-8807.034
"8024",-8951.948
"8025",-8895.834
"8026",-8853.496
"8027",-8980.79
"8028",-8794.82
"8029",-8848.457
"8030",-8777.969
"8031",-8882.85
"8032",-9126.376
"8033",-8932.362
"8034",-8716.49
"8035",-8883.899
"8036",-8692.66
"8037",-8667.577
"8038",-9017.053
"8039",-9049.406
"8040",-8961.464
"8041",-8753.925
"8042",-8828.007
"8043",-9006.415
"8044",-9018.201
"8045",-8913.934
"8046",-9161.254
"8047",-8962.799
"8048",-8935.7
"8049",-8815.234
"8050",-9016.835
"8051",-9023.458
"8052",-8996.255
"8053",-8733.106
"8054",-8717.916
"8055",-9008.17
"8056",-8818.713
"8057",-9022.322
"8058",-8805.461
"8059",-8794.61
"8060",-8863.681
"8061",-8985.639
"8062",-8729.772
"8063",-8936.922
"8064",-9066.396
"8065",-8713.593
"8066",-8899.728
"8067",-9081.721
"8068",-8969.323
"8069",-8937.133
"8070",-8917.664
"8071",-8934.883
"8072",-9002.908
"8073",-8755.657
"8074",-9165.104
"8075",-8881.259
"8076",-8828.945
"8077",-8794.906
"8078",-8972.503
"8079",-9034.495
"8080",-8898.152
"8081",-8596.777
"8082",-8951.736
"8083",-8793.748
"8084",-8722.991
"8085",-9013.53
"8086",-8974.328
"8087",-8922.872
"8088",-9081.463
"8089",-8952.318
"8090",-8817.888
"8091",-8794.894
"8092",-8855.878
"8093",-8765.492
"8094",-9039.344
"8095",-9145.543
"8096",-8955.103
"8097",-8731.681
"8098",-9078.592
"8099",-8883.415
"8100",-8877.337
"8101",-8912.867
"8102",-8886.887
"8103",-8917.428
"8104",-9010.125
"8105",-8610.861
"8106",-8976.839
"8107",-9030.511
"8108",-9052.772
"8109",-8859.37
"8110",-8886.447
"8111",-8788.674
"8112",-8951.117
"8113",-9168.478
"8114",-9073.224
"8115",-9151.365
"8116",-9010.926
"8117",-8813.654
"8118",-9182.175
"8119",-8772.263
"8120",-9027.95
"8121",-8897.262
"8122",-8889.902
"8123",-8982.927
"8124",-8749.949
"8125",-8902.007
"8126",-8700.137
"8127",-8677.473
"8128",-8819.064
"8129",-9026.079
"8130",-8791.071
"8131",-8930.359
"8132",-8689.432
"8133",-8876.57
"8134",-9000.539
"8135",-8849.835
"8136",-8973.841
"8137",-8943.968
"8138",-9191.347
"8139",-9021.903
"8140",-8866.617
"8141",-8664.821
"8142",-8997.167
"8143",-8909.272
"8144",-9153.511
"8145",-8947.1
"8146",-9188.984
"8147",-8750.321
"8148",-9047.919
"8149",-8857.378
"8150",-8905.354
"8151",-8942.973
"8152",-8706.621
"8153",-8916.526
"8154",-9310.356
"8155",-8770.558
"8156",-8909.468
"8157",-8877.89
"8158",-8920.793
"8159",-8638.029
"8160",-8913.889
"8161",-9015.328
"8162",-8881.22
"8163",-8993.785
"8164",-8857.653
"8165",-9107.039
"8166",-9024.152
"8167",-9185.91
"8168",-9076.739
"8169",-8888.729
"8170",-8755.903
"8171",-8924.627
"8172",-8788.097
"8173",-9126.609
"8174",-8904.1
"8175",-9175.666
"8176",-8542.476
"8177",-8997.593
"8178",-8744.672
"8179",-8971.648
"8180",-8850.514
"8181",-8765.961
"8182",-9017.369
"8183",-8873.039
"8184",-8797.528
"8185",-8770.398
"8186",-8871.95
"8187",-8850.071
"8188",-9160.152
"8189",-8857.819
"8190",-9083.218
"8191",-8852.605
"8192",-8491.346
"8193",-8696.05
"8194",-8641.949
"8195",-8922.321
"8196",-8782.204
"8197",-8848.422
"8198",-8980.778
"8199",-8745.338
"8200",-8851.54
"8201",-9040.322
"8202",-9149.841
"8203",-8937.18
"8204",-8918.185
"8205",-8806.154
"8206",-8964.462
"8207",-8866.595
"8208",-8884.685
"8209",-9069.732
"8210",-8944.773
"8211",-8772.097
"8212",-8888.928
"8213",-8837.164
"8214",-8931.358
"8215",-8746.805
"8216",-8868.954
"8217",-8931.888
"8218",-8857.929
"8219",-9022.056
"8220",-9059.13
"8221",-9165.378
"8222",-9029.711
"8223",-8875.764
"8224",-8972.501
"8225",-8967.477
"8226",-8576.838
"8227",-9023.506
"8228",-8896.691
"8229",-8828.906
"8230",-8775.392
"8231",-8712.988
"8232",-8617.208
"8233",-8956.914
"8234",-8901.22
"8235",-8876.271
"8236",-8919.143
"8237",-8674.287
"8238",-8802.343
"8239",-8930.042
"8240",-8809.808
"8241",-8740.681
"8242",-9038.287
"8243",-9026.112
"8244",-8696.551
"8245",-9043.017
"8246",-8986.817
"8247",-9030.678
"8248",-9000.77
"8249",-8957.83
"8250",-9123.46
"8251",-8909.062
"8252",-8926.956
"8253",-8783.834
"8254",-8713.148
"8255",-8870.173
"8256",-8513.448
"8257",-9036.115
"8258",-8807.895
"8259",-8755.391
"8260",-8937.535
"8261",-8837.822
"8262",-8938.742
"8263",-8989.91
"8264",-8966.301
"8265",-9068.887
"8266",-9015.141
"8267",-8785.337
"8268",-8693.478
"8269",-8803.933
"8270",-9148.888
"8271",-8880.354
"8272",-8823.904
"8273",-9024.978
"8274",-8833.215
"8275",-8996.231
"8276",-8816.397
"8277",-8773.342
"8278",-9022.565
"8279",-8808.197
"8280",-8820.389
"8281",-8845.202
"8282",-8806.97
"8283",-9119.984
"8284",-8946.865
"8285",-9002.39
"8286",-8932.143
"8287",-8817.248
"8288",-8936.886
"8289",-8832.53
"8290",-8986.276
"8291",-8938.647
"8292",-9036.885
"8293",-8820.118
"8294",-8936.359
"8295",-8845.047
"8296",-8620.406
"8297",-8838.146
"8298",-8880.552
"8299",-8836.73
"8300",-8939.562
"8301",-9056.358
"8302",-8656.125
"8303",-8989.659
"8304",-9121.561
"8305",-8755.073
"8306",-9087.147
"8307",-8995.892
"8308",-8993.623
"8309",-8928.966
"8310",-9186.849
"8311",-8913.166
"8312",-8854.125
"8313",-8785.813
"8314",-9138.042
"8315",-8804.009
"8316",-8804.685
"8317",-8970.249
"8318",-8945.267
"8319",-8992.718
"8320",-8917.937
"8321",-8619.385
"8322",-9051.688
"8323",-9065.973
"8324",-8645.037
"8325",-8832.079
"8326",-8839.124
"8327",-9085.812
"8328",-8997.115
"8329",-8918.058
"8330",-8982.665
"8331",-8929.031
"8332",-8860.21
"8333",-8894.801
"8334",-8605.243
"8335",-8928.254
"8336",-9031.37
"8337",-8991.754
"8338",-8860.91
"8339",-9216.399
"8340",-8625.98
"8341",-8883.456
"8342",-9170.678
"8343",-8705.141
"8344",-8584.425
"8345",-9069.964
"8346",-9104.406
"8347",-8858.458
"8348",-8854.931
"8349",-8932.777
"8350",-8997.245
"8351",-8962.735
"8352",-9071.528
"8353",-8903.669
"8354",-9116.101
"8355",-8780.712
"8356",-8866.928
"8357",-8794.119
"8358",-8846.505
"8359",-8798.866
"8360",-8826.803
"8361",-9023.931
"8362",-8896.24
"8363",-9023.658
"8364",-8872.728
"8365",-8904.968
"8366",-8890.805
"8367",-8965.534
"8368",-8914.936
"8369",-9083.885
"8370",-8903.427
"8371",-9068.895
"8372",-9021.519
"8373",-9064.973
"8374",-8781.405
"8375",-8898.189
"8376",-8885.627
"8377",-8905.748
"8378",-9054.025
"8379",-8706.966
"8380",-8982.7
"8381",-8763.581
"8382",-9098.175
"8383",-8915.348
"8384",-8970.141
"8385",-8742.681
"8386",-9096.342
"8387",-8763.033
"8388",-8766.133
"8389",-8771.872
"8390",-8893.533
"8391",-8976.14
"8392",-8921.095
"8393",-8971.834
"8394",-8762.557
"8395",-8919.686
"8396",-9090.32
"8397",-8854.143
"8398",-9251.197
"8399",-8887.983
"8400",-9028.666
"8401",-8815.438
"8402",-9103.745
"8403",-9006.512
"8404",-9200.272
"8405",-8746.309
"8406",-8801.103
"8407",-8906.749
"8408",-8635.27
"8409",-8868.38
"8410",-8896.318
"8411",-8951.605
"8412",-8894.075
"8413",-9057.083
"8414",-8958.408
"8415",-8900.76
"8416",-9058.242
"8417",-9156.939
"8418",-8964.715
"8419",-9060.845
"8420",-8752.681
"8421",-8986.943
"8422",-8680.209
"8423",-9098.955
"8424",-8783.411
"8425",-8916.976
"8426",-8831.164
"8427",-8959.074
"8428",-8933.69
"8429",-9064.89
"8430",-8749.944
"8431",-8802.272
"8432",-8741.585
"8433",-9077.548
"8434",-8867.032
"8435",-9065.734
"8436",-8919.984
"8437",-8894.303
"8438",-9062.992
"8439",-8883.321
"8440",-9383.369
"8441",-8769.844
"8442",-9109.422
"8443",-9038.527
"8444",-9046.099
"8445",-8856.206
"8446",-8947.707
"8447",-8751.447
"8448",-9016.32
"8449",-8852.7
"8450",-9026.561
"8451",-8694.118
"8452",-8925.99
"8453",-8902.363
"8454",-8832.927
"8455",-8666.647
"8456",-8716.104
"8457",-8795.772
"8458",-8949.418
"8459",-8867.531
"8460",-8801.784
"8461",-8810.361
"8462",-8864.22
"8463",-8842.274
"8464",-9037.589
"8465",-9018.94
"8466",-8700.052
"8467",-8971.303
"8468",-9020.762
"8469",-9062.676
"8470",-8863.327
"8471",-9013.078
"8472",-8995.768
"8473",-9039.577
"8474",-8805.576
"8475",-9000.21
"8476",-9096.441
"8477",-8886.149
"8478",-8837.45
"8479",-8718.763
"8480",-8936.481
"8481",-8917.884
"8482",-8789.209
"8483",-9019.937
"8484",-8817.739
"8485",-8727.576
"8486",-8767.983
"8487",-8943.209
"8488",-8914.705
"8489",-9003.795
"8490",-8903.385
"8491",-8972.909
"8492",-8785.6
"8493",-8878.129
"8494",-8621.528
"8495",-8892.344
"8496",-8933.8
"8497",-8880.926
"8498",-9051.329
"8499",-8999.062
"8500",-8974.565
"8501",-8561.874
"8502",-8924.509
"8503",-9094.18
"8504",-8879.494
"8505",-8772.107
"8506",-8838.806
"8507",-8636.731
"8508",-8887.256
"8509",-8870.598
"8510",-8922.436
"8511",-8982.66
"8512",-8829.599
"8513",-8806.379
"8514",-8635.355
"8515",-8822.975
"8516",-9032.724
"8517",-8873.652
"8518",-8900.05
"8519",-9020.307
"8520",-9036.742
"8521",-8777.367
"8522",-8842.684
"8523",-8893.314
"8524",-9146.94
"8525",-9117.746
"8526",-8834.444
"8527",-9060.901
"8528",-8976.126
"8529",-8670.416
"8530",-8743.119
"8531",-9023.849
"8532",-8937.674
"8533",-8782.398
"8534",-8912.089
"8535",-9047.419
"8536",-8899.576
"8537",-8721.931
"8538",-8822.721
"8539",-8986.436
"8540",-8782.287
"8541",-9048.057
"8542",-9030.343
"8543",-8890.449
"8544",-8978.36
"8545",-8894.262
"8546",-8787.754
"8547",-9085.547
"8548",-8615.112
"8549",-9060.637
"8550",-8930.257
"8551",-8691.05
"8552",-8844.258
"8553",-8851.294
"8554",-9036.489
"8555",-8935.926
"8556",-8938.907
"8557",-8819.752
"8558",-9027.848
"8559",-8925.516
"8560",-9118.607
"8561",-8938.777
"8562",-8754.695
"8563",-9091.283
"8564",-8843.183
"8565",-9231.656
"8566",-8769.971
"8567",-8933.37
"8568",-8970.312
"8569",-8987.167
"8570",-8863.538
"8571",-8750.738
"8572",-8634.787
"8573",-9163.744
"8574",-8624.157
"8575",-9013.502
"8576",-8994.297
"8577",-8897.589
"8578",-8791.688
"8579",-8884.708
"8580",-9149.106
"8581",-8932.867
"8582",-9033.745
"8583",-9111.455
"8584",-8810.87
"8585",-8926.577
"8586",-8712.754
"8587",-9090.992
"8588",-9074.476
"8589",-9016.288
"8590",-8879.613
"8591",-9100.582
"8592",-8665.146
"8593",-9036.569
"8594",-8735.735
"8595",-8869.728
"8596",-9131.108
"8597",-9038.31
"8598",-8639.07
"8599",-8829.487
"8600",-9052.744
"8601",-9271.795
"8602",-9067.272
"8603",-9050.377
"8604",-8795.709
"8605",-9006.396
"8606",-8969.697
"8607",-8871.288
"8608",-8977.219
"8609",-8843.017
"8610",-8926.37
"8611",-8977.242
"8612",-8725.46
"8613",-8877.108
"8614",-8828.11
"8615",-9004.72
"8616",-9119.043
"8617",-9138.356
"8618",-8968.927
"8619",-8829.222
"8620",-8995.22
"8621",-9002.027
"8622",-9210.156
"8623",-8992.598
"8624",-9077.8
"8625",-8939.722
"8626",-8798.549
"8627",-9111.48
"8628",-8830.892
"8629",-8859.578
"8630",-8699.103
"8631",-8907.387
"8632",-8891.476
"8633",-8884.066
"8634",-8808.811
"8635",-8888.398
"8636",-8895.665
"8637",-8960.762
"8638",-8846.407
"8639",-9123.151
"8640",-9295.962
"8641",-8983.743
"8642",-8723.684
"8643",-9038.637
"8644",-9034.892
"8645",-9011.512
"8646",-8940.108
"8647",-9041.365
"8648",-9006.521
"8649",-8937.302
"8650",-8795.638
"8651",-9010.669
"8652",-8841.137
"8653",-8840.947
"8654",-8777.618
"8655",-8987.218
"8656",-8912.995
"8657",-9044.227
"8658",-8947.821
"8659",-9098.446
"8660",-8884.132
"8661",-8764.877
"8662",-9013.946
"8663",-8800.263
"8664",-8963.462
"8665",-9093.846
"8666",-8808.959
"8667",-8912.536
"8668",-9028.82
"8669",-8855.811
"8670",-8721.013
"8671",-9141.075
"8672",-8722.846
"8673",-9053.445
"8674",-8729.953
"8675",-8955.665
"8676",-8997.462
"8677",-8811.598
"8678",-9210.694
"8679",-8921.057
"8680",-8989.08
"8681",-8742.704
"8682",-9066.482
"8683",-8894.429
"8684",-8923.707
"8685",-8692.365
"8686",-8840.472
"8687",-9028.492
"8688",-8833.811
"8689",-9008.962
"8690",-8607.595
"8691",-8748.627
"8692",-8733.208
"8693",-9127.26
"8694",-8751.154
"8695",-8896.54
"8696",-8881.564
"8697",-8989.548
"8698",-8831.922
"8699",-8942.661
"8700",-9285.158
"8701",-9067.585
"8702",-9110.098
"8703",-9156.37
"8704",-8968.976
"8705",-9067.364
"8706",-9048.173
"8707",-9015.829
"8708",-8873.831
"8709",-9068.146
"8710",-8934.051
"8711",-8779.536
"8712",-8972.451
"8713",-9201.149
"8714",-8964.154
"8715",-8727.951
"8716",-8828.896
"8717",-8596.716
"8718",-9025.102
"8719",-9018.973
"8720",-9151.105
"8721",-9073.161
"8722",-8706.268
"8723",-8822.322
"8724",-9025.51
"8725",-8981.796
"8726",-8759.015
"8727",-9046.404
"8728",-9043.658
"8729",-9087.003
"8730",-9041.407
"8731",-8848.904
"8732",-8839.802
"8733",-8934.186
"8734",-9087.252
"8735",-8869.741
"8736",-8706.889
"8737",-8897.069
"8738",-8871.501
"8739",-8941.146
"8740",-9104.561
"8741",-8822.101
"8742",-8682.533
"8743",-9032.544
"8744",-8734.061
"8745",-8955.266
"8746",-8753.221
"8747",-8796.474
"8748",-8761.372
"8749",-8898.127
"8750",-8886.314
"8751",-8755.747
"8752",-8820.827
"8753",-8720.379
"8754",-8858.948
"8755",-8982.129
"8756",-9111.763
"8757",-9069.274
"8758",-9067.315
"8759",-9096.017
"8760",-9106.462
"8761",-8732.887
"8762",-8945.621
"8763",-9018.056
"8764",-8469.998
"8765",-8903.681
"8766",-9024.856
"8767",-8848.607
"8768",-8921.473
"8769",-8930.732
"8770",-8943.789
"8771",-9169.985
"8772",-8945.915
"8773",-8989.702
"8774",-8969.764
"8775",-8809.49
"8776",-8862.608
"8777",-8956.745
"8778",-8929.03
"8779",-8816.648
"8780",-8870.627
"8781",-8976.731
"8782",-9005.252
"8783",-9052.168
"8784",-8794.12
"8785",-8700.111
"8786",-8849.763
"8787",-8987.5
"8788",-8866.679
"8789",-9067.752
"8790",-8806.181
"8791",-8855.567
"8792",-9076.095
"8793",-9043.674
"8794",-9056.142
"8795",-8725.449
"8796",-9000.124
"8797",-9049.547
"8798",-8951.388
"8799",-8795.533
"8800",-9254.887
"8801",-8849.73
"8802",-9002.284
"8803",-8906.676
"8804",-8982.228
"8805",-9208.732
"8806",-8926.539
"8807",-8811.727
"8808",-8909.915
"8809",-9054.87
"8810",-8822.247
"8811",-8901.649
"8812",-9073.938
"8813",-8959.181
"8814",-9206.3
"8815",-9253.806
"8816",-8681.224
"8817",-8942.416
"8818",-9043.195
"8819",-8641.075
"8820",-8993.347
"8821",-9143.027
"8822",-9101.739
"8823",-8829.731
"8824",-8931.48
"8825",-8912.585
"8826",-8821.279
"8827",-9063.801
"8828",-8933.597
"8829",-9162.455
"8830",-8912.21
"8831",-8947.234
"8832",-8831.438
"8833",-8962.76
"8834",-9150.589
"8835",-9112.91
"8836",-8658.757
"8837",-8993.681
"8838",-8939.475
"8839",-8764.482
"8840",-9092.046
"8841",-8915.574
"8842",-8855.323
"8843",-9155.316
"8844",-8782.425
"8845",-8890.373
"8846",-8814.374
"8847",-8620.716
"8848",-8845.289
"8849",-8974.374
"8850",-9113.544
"8851",-8744.965
"8852",-9128.89
"8853",-8951.164
"8854",-8965.769
"8855",-9165.457
"8856",-9134.099
"8857",-8679.04
"8858",-8934.417
"8859",-8952.09
"8860",-8791.053
"8861",-9008.509
"8862",-8943.638
"8863",-8850.464
"8864",-8883.483
"8865",-9034.007
"8866",-8941.136
"8867",-8958.161
"8868",-8800.986
"8869",-8825.399
"8870",-9000.281
"8871",-8950.529
"8872",-8951.976
"8873",-8873.716
"8874",-8955.888
"8875",-8827.416
"8876",-8969.483
"8877",-8857.729
"8878",-8877.573
"8879",-8580.471
"8880",-8951.867
"8881",-8952.764
"8882",-9056.032
"8883",-8956.221
"8884",-9037.974
"8885",-9007.193
"8886",-8834.531
"8887",-9114.252
"8888",-8899.091
"8889",-8931.253
"8890",-8928.6
"8891",-9017.079
"8892",-8702.619
"8893",-9060.919
"8894",-8952.123
"8895",-8889.959
"8896",-8993.64
"8897",-8796.757
"8898",-8832.673
"8899",-9165.595
"8900",-8811.862
"8901",-8974.168
"8902",-8915.431
"8903",-8999.542
"8904",-8770.69
"8905",-8938.315
"8906",-8727.607
"8907",-8925.02
"8908",-9003.894
"8909",-8955.275
"8910",-8928.806
"8911",-8768.776
"8912",-8846.314
"8913",-9011.753
"8914",-9132.814
"8915",-9019.293
"8916",-8767.756
"8917",-9104.905
"8918",-8706.701
"8919",-9082.563
"8920",-8840.118
"8921",-8614.726
"8922",-8894.799
"8923",-8807.608
"8924",-9036.663
"8925",-8663.547
"8926",-8823.19
"8927",-8999.002
"8928",-8801.454
"8929",-8687.611
"8930",-8929.55
"8931",-8875.905
"8932",-8853.499
"8933",-8662.788
"8934",-8899.205
"8935",-9069.854
"8936",-8951.677
"8937",-9172.802
"8938",-9037.312
"8939",-8810.416
"8940",-8976.881
"8941",-9132.463
"8942",-8920.253
"8943",-8847.391
"8944",-8935.9
"8945",-9078.619
"8946",-8943.107
"8947",-8652.067
"8948",-9067.118
"8949",-8843.838
"8950",-8769.763
"8951",-8943.033
"8952",-8902.007
"8953",-8962.627
"8954",-8969.409
"8955",-9122.402
"8956",-9124.376
"8957",-8910.359
"8958",-8935.394
"8959",-8721.346
"8960",-8867.286
"8961",-8670.437
"8962",-8775.079
"8963",-8532.815
"8964",-9050.981
"8965",-8736.129
"8966",-8959.178
"8967",-8932.554
"8968",-8940.744
"8969",-8924.723
"8970",-8993.962
"8971",-9176.017
"8972",-8610.466
"8973",-8833.263
"8974",-9030.633
"8975",-9081.474
"8976",-8940.563
"8977",-8884.553
"8978",-8823.374
"8979",-8761.19
"8980",-8976.474
"8981",-8770.928
"8982",-8901.931
"8983",-8805.862
"8984",-8857.588
"8985",-8853.347
"8986",-9004.116
"8987",-8824.88
"8988",-9029.143
"8989",-9018.227
"8990",-8606.855
"8991",-8803.524
"8992",-8914.547
"8993",-8913.087
"8994",-8878.173
"8995",-8783.877
"8996",-8833.908
"8997",-8979.794
"8998",-9164.088
"8999",-8974.259
"9000",-8868.027
"9001",-8856.568
"9002",-8770.146
"9003",-8902.965
"9004",-8888.159
"9005",-9080.544
"9006",-8957.65
"9007",-8826.577
"9008",-8766.962
"9009",-8957.439
"9010",-9022.742
"9011",-9169.752
"9012",-8776.819
"9013",-8811.271
"9014",-8772.282
"9015",-8937.356
"9016",-8782.242
"9017",-8870.384
"9018",-8973.733
"9019",-8947.133
"9020",-9036.425
"9021",-9047.075
"9022",-9045.367
"9023",-8724.004
"9024",-8944.887
"9025",-9012.111
"9026",-9045.67
"9027",-8948.613
"9028",-8816.679
"9029",-8965.186
"9030",-8790.234
"9031",-9122.335
"9032",-8729.843
"9033",-8877.402
"9034",-8741.185
"9035",-8797.047
"9036",-8876.904
"9037",-9001.254
"9038",-8854.326
"9039",-9181.458
"9040",-9006.03
"9041",-9022.327
"9042",-9181.656
"9043",-8773.293
"9044",-8716.14
"9045",-9032.394
"9046",-8727.684
"9047",-8916.859
"9048",-8847.209
"9049",-8760.284
"9050",-8817.334
"9051",-8814.718
"9052",-9032.248
"9053",-8770.665
"9054",-8808.955
"9055",-8595.602
"9056",-8919.507
"9057",-9137.651
"9058",-8687.855
"9059",-8927.492
"9060",-8877.802
"9061",-8801.807
"9062",-8903.853
"9063",-8970.626
"9064",-8815.494
"9065",-9012.916
"9066",-9028.625
"9067",-9101.012
"9068",-8655.487
"9069",-8790.384
"9070",-9044.111
"9071",-8686.915
"9072",-8811.011
"9073",-8749.922
"9074",-8812.637
"9075",-8995.623
"9076",-8705.618
"9077",-9107.787
"9078",-9096.654
"9079",-8965.508
"9080",-9001.144
"9081",-9003.067
"9082",-8928.198
"9083",-8791.027
"9084",-8916.564
"9085",-8944.975
"9086",-9139.26
"9087",-8897.334
"9088",-8992.137
"9089",-8970.008
"9090",-8919.29
"9091",-9070.984
"9092",-8806.582
"9093",-8922.827
"9094",-8918.552
"9095",-8780.519
"9096",-9072.925
"9097",-8967.985
"9098",-8900.122
"9099",-8994.742
"9100",-8799.082
"9101",-8860.74
"9102",-9189.86
"9103",-9046.627
"9104",-8921.891
"9105",-8925.082
"9106",-9141.098
"9107",-8879.07
"9108",-8895.351
"9109",-8987.717
"9110",-9071.212
"9111",-8910.524
"9112",-8794.938
"9113",-8825.397
"9114",-8986.733
"9115",-8968.206
"9116",-9120.314
"9117",-8973.188
"9118",-8997.581
"9119",-8955.066
"9120",-8976.569
"9121",-9056.223
"9122",-9119.826
"9123",-8648.791
"9124",-9104.453
"9125",-8908.158
"9126",-8848.069
"9127",-8817.335
"9128",-8809.174
"9129",-8999.187
"9130",-8497.389
"9131",-8973.075
"9132",-8859.745
"9133",-9088.882
"9134",-9055.408
"9135",-8799.992
"9136",-8878.408
"9137",-8927.432
"9138",-9164.359
"9139",-8633.551
"9140",-8826.571
"9141",-8989.359
"9142",-8772.431
"9143",-8732.204
"9144",-8851.462
"9145",-8894.206
"9146",-8880.379
"9147",-8895.767
"9148",-8856.202
"9149",-8608.862
"9150",-8929.999
"9151",-8803.026
"9152",-8940.298
"9153",-8945.484
"9154",-8777.215
"9155",-8672.097
"9156",-8803.321
"9157",-8836.304
"9158",-8771.699
"9159",-8958.428
"9160",-8775.691
"9161",-8967.379
"9162",-8938.302
"9163",-8998.813
"9164",-8863.783
"9165",-8952.37
"9166",-8774.307
"9167",-9101.213
"9168",-9071.148
"9169",-9139.402
"9170",-8833.505
"9171",-8858.09
"9172",-8876.157
"9173",-8972.05
"9174",-8943.791
"9175",-8607.922
"9176",-8983.979
"9177",-9041.116
"9178",-9014.721
"9179",-8839.176
"9180",-9234.549
"9181",-8873.163
"9182",-9102.228
"9183",-8710.51
"9184",-8899.294
"9185",-8795.952
"9186",-8892.338
"9187",-9082.539
"9188",-8745.128
"9189",-8846.299
"9190",-8989.112
"9191",-9058.451
"9192",-8781.261
"9193",-9018.714
"9194",-8921.231
"9195",-8985.877
"9196",-8839.911
"9197",-8696.617
"9198",-9206.388
"9199",-8989.075
"9200",-8925.982
"9201",-8849.043
"9202",-8893.161
"9203",-8822.543
"9204",-8820.891
"9205",-8826.387
"9206",-8771.993
"9207",-9103.484
"9208",-8836.255
"9209",-9070.452
"9210",-8585.863
"9211",-8662.68
"9212",-9059.212
"9213",-9013.607
"9214",-9074.07
"9215",-9034.351
"9216",-8906.867
"9217",-9006.174
"9218",-8968.438
"9219",-9215.443
"9220",-8882.143
"9221",-8969.364
"9222",-9005.957
"9223",-9087.478
"9224",-8920.527
"9225",-8873.109
"9226",-8941.655
"9227",-8949.832
"9228",-9003.289
"9229",-8776.651
"9230",-8947.942
"9231",-8884.177
"9232",-8999.407
"9233",-8726.866
"9234",-8797.424
"9235",-8789.896
"9236",-8974.909
"9237",-8959.069
"9238",-9179.109
"9239",-9079.419
"9240",-8890.065
"9241",-8992.056
"9242",-8723.304
"9243",-8986.646
"9244",-8841.904
"9245",-8824.686
"9246",-9002.778
"9247",-9001.184
"9248",-8735.357
"9249",-9012.031
"9250",-8884.547
"9251",-8920.831
"9252",-9076.956
"9253",-8891.054
"9254",-9004.003
"9255",-8830.963
"9256",-9019.666
"9257",-8831.349
"9258",-9053.2
"9259",-9194.199
"9260",-8879.023
"9261",-8689.126
"9262",-8999.011
"9263",-8769.594
"9264",-8959.807
"9265",-8889.72
"9266",-9059.423
"9267",-8802.877
"9268",-8900.12
"9269",-9025.488
"9270",-8809.06
"9271",-8860.158
"9272",-8950.967
"9273",-9052.561
"9274",-8973.996
"9275",-8721.536
"9276",-9060.494
"9277",-9280.526
"9278",-9048.972
"9279",-9148.756
"9280",-9087.355
"9281",-8689.498
"9282",-9100.827
"9283",-8867.562
"9284",-8857.107
"9285",-8878.195
"9286",-8867.711
"9287",-9006.946
"9288",-9053.115
"9289",-9028.499
"9290",-8876.675
"9291",-8631.624
"9292",-8917.51
"9293",-8814.319
"9294",-8841.748
"9295",-9150.434
"9296",-8787.615
"9297",-9106.486
"9298",-8874.016
"9299",-8688.267
"9300",-8990.58
"9301",-8880.685
"9302",-8974.405
"9303",-8877.595
"9304",-9029.216
"9305",-8823.496
"9306",-8995.982
"9307",-8782.335
"9308",-8902.575
"9309",-9013.105
"9310",-8887.809
"9311",-8884.336
"9312",-8996.909
"9313",-8827.269
"9314",-8858.849
"9315",-8819.564
"9316",-8789.954
"9317",-8856.197
"9318",-9070.381
"9319",-8754.485
"9320",-8954.391
"9321",-9134.064
"9322",-8856.24
"9323",-8775.058
"9324",-8660.147
"9325",-9057.542
"9326",-9006.471
"9327",-8691.654
"9328",-8786.206
"9329",-8806.821
"9330",-8802.978
"9331",-9227.389
"9332",-8959.251
"9333",-9002.74
"9334",-8872.573
"9335",-8803.25
"9336",-9149.31
"9337",-8998.025
"9338",-8818.164
"9339",-8987.642
"9340",-8802.611
"9341",-9072.271
"9342",-9019.467
"9343",-9113.395
"9344",-9092.409
"9345",-9079.983
"9346",-9002.801
"9347",-8813.915
"9348",-8718.198
"9349",-9131.208
"9350",-8793.202
"9351",-8790.249
"9352",-8977.887
"9353",-8999.428
"9354",-8855.505
"9355",-8958.268
"9356",-8749.794
"9357",-9194.225
"9358",-8953.596
"9359",-9114.36
"9360",-8781.141
"9361",-8908.904
"9362",-8875.74
"9363",-8946.456
"9364",-8819.003
"9365",-8806.229
"9366",-8819.826
"9367",-8811.727
"9368",-8790.866
"9369",-8784.644
"9370",-8907.196
"9371",-8930.125
"9372",-8874.625
"9373",-8798.811
"9374",-9177.292
"9375",-9000.643
"9376",-8982.464
"9377",-8819.837
"9378",-8807.867
"9379",-9074.81
"9380",-9083.349
"9381",-9114.429
"9382",-8991.797
"9383",-8787.725
"9384",-8801.79
"9385",-8857.911
"9386",-9026.617
"9387",-9187.588
"9388",-8851.122
"9389",-8979.969
"9390",-8830.863
"9391",-8774.424
"9392",-9097.798
"9393",-8978.693
"9394",-8813.311
"9395",-8877.32
"9396",-8686.655
"9397",-8960.749
"9398",-8872.55
"9399",-8851.82
"9400",-8684.306
"9401",-9008.473
"9402",-8898.866
"9403",-8798.549
"9404",-8984.38
"9405",-8888.912
"9406",-8552.295
"9407",-8872.189
"9408",-8901.474
"9409",-9047.015
"9410",-8976.959
"9411",-8775.093
"9412",-8991.264
"9413",-8778.671
"9414",-8929.865
"9415",-8820.431
"9416",-8847.439
"9417",-8877.419
"9418",-8868.563
"9419",-9009.158
"9420",-8896.66
"9421",-8809.625
"9422",-8976.51
"9423",-8910.841
"9424",-8931.347
"9425",-8571.457
"9426",-8701.319
"9427",-8644.446
"9428",-9215.439
"9429",-9045.356
"9430",-9040.243
"9431",-8939.784
"9432",-8847.914
"9433",-8739.897
"9434",-9140.695
"9435",-9110.582
"9436",-8973.69
"9437",-8868.773
"9438",-8897.213
"9439",-8834.206
"9440",-8866.031
"9441",-9111.14
"9442",-8963.538
"9443",-8989.958
"9444",-8625.371
"9445",-8888.3
"9446",-8856.64
"9447",-8887.4
"9448",-8913.781
"9449",-8972.072
"9450",-9081.749
"9451",-8724.414
"9452",-8978.192
"9453",-8848.328
"9454",-8707.23
"9455",-8898.962
"9456",-9097.619
"9457",-8891.874
"9458",-9012.502
"9459",-9025.526
"9460",-8747.802
"9461",-8855.031
"9462",-8794.961
"9463",-8650.709
"9464",-8836.458
"9465",-8923.562
"9466",-8892.146
"9467",-9010.761
"9468",-8993.964
"9469",-8994.726
"9470",-8639.008
"9471",-8595.13
"9472",-9011.219
"9473",-8997.456
"9474",-8776.356
"9475",-8873.995
"9476",-9048.445
"9477",-8812.955
"9478",-8943.91
"9479",-8964.706
"9480",-8675.878
"9481",-8811.309
"9482",-8793.835
"9483",-8987.293
"9484",-9307.819
"9485",-9015.38
"9486",-8936.496
"9487",-8742.268
"9488",-8804.75
"9489",-9092.034
"9490",-9065.36
"9491",-8765.996
"9492",-9025.633
"9493",-8720.042
"9494",-8948.991
"9495",-8877.259
"9496",-8907.425
"9497",-8822.114
"9498",-9054.685
"9499",-9008.082
"9500",-8599.152
"9501",-8850.75
"9502",-8812.753
"9503",-8995.727
"9504",-8909.994
"9505",-9081.985
"9506",-8891.972
"9507",-8892.749
"9508",-8852.87
"9509",-9132.866
"9510",-9131.219
"9511",-9161.584
"9512",-8879.416
"9513",-8934.197
"9514",-8820.796
"9515",-8798.738
"9516",-9089.338
"9517",-8731.324
"9518",-8899.378
"9519",-8703.848
"9520",-8793.44
"9521",-8987.329
"9522",-8685.063
"9523",-8798.753
"9524",-8705.389
"9525",-8909.676
"9526",-8974.739
"9527",-8676.854
"9528",-8922.741
"9529",-8921.801
"9530",-8954.474
"9531",-8905.899
"9532",-8773.438
"9533",-8896.821
"9534",-8995.637
"9535",-8813.144
"9536",-8857.831
"9537",-9352.674
"9538",-9088.553
"9539",-8825.471
"9540",-9107.388
"9541",-9043.399
"9542",-9169.104
"9543",-8623.105
"9544",-8621.408
"9545",-8997.462
"9546",-9128.194
"9547",-8755.102
"9548",-8900.284
"9549",-9149.464
"9550",-9018.971
"9551",-8940.6
"9552",-8912.613
"9553",-8892.748
"9554",-8761.569
"9555",-8947.051
"9556",-8824.878
"9557",-8672.721
"9558",-9017.278
"9559",-9052.155
"9560",-8798.959
"9561",-8945.362
"9562",-8669.344
"9563",-8798.574
"9564",-8768.057
"9565",-9185.807
"9566",-9088.902
"9567",-8827.485
"9568",-8745.18
"9569",-8807.451
"9570",-8828.56
"9571",-8716.232
"9572",-8707.794
"9573",-8893.921
"9574",-8801.016
"9575",-8743.191
"9576",-9081.882
"9577",-8831.758
"9578",-9014.886
"9579",-8803.741
"9580",-9078.613
"9581",-8895.84
"9582",-8923.326
"9583",-8674.514
"9584",-8785.05
"9585",-8928.839
"9586",-8966.51
"9587",-9219.44
"9588",-8846.283
"9589",-8669.27
"9590",-9124.408
"9591",-8758.135
"9592",-8648.632
"9593",-9067.049
"9594",-8713.083
"9595",-8925.912
"9596",-8900.117
"9597",-9068.65
"9598",-8856.223
"9599",-8856.178
"9600",-8881.546
"9601",-9071.444
"9602",-8826.985
"9603",-8956.825
"9604",-9144.384
"9605",-8985.422
"9606",-8816.674
"9607",-9035.331
"9608",-8665.903
"9609",-8800.04
"9610",-8866.737
"9611",-8557.757
"9612",-9140.715
"9613",-9007.606
"9614",-8742.123
"9615",-9139.237
"9616",-8958.983
"9617",-8957.72
"9618",-9080.733
"9619",-9099.122
"9620",-9002.378
"9621",-9243.188
"9622",-8942.2
"9623",-9007.175
"9624",-8917.485
"9625",-8787.394
"9626",-8778.657
"9627",-8958.558
"9628",-8577.809
"9629",-8962.769
"9630",-8929.525
"9631",-9057.673
"9632",-8577.493
"9633",-9040.758
"9634",-9006.718
"9635",-9161.584
"9636",-9012.363
"9637",-9034.01
"9638",-8954.865
"9639",-8965.317
"9640",-8958.179
"9641",-8842.612
"9642",-8838.237
"9643",-9017.585
"9644",-8801.302
"9645",-8935.561
"9646",-8956.822
"9647",-8974.447
"9648",-8873.075
"9649",-8678.671
"9650",-9132.904
"9651",-9019.05
"9652",-8816.801
"9653",-8842.268
"9654",-8592.796
"9655",-8902.497
"9656",-8700.691
"9657",-8789.925
"9658",-8994.128
"9659",-8977.924
"9660",-8863.078
"9661",-8890.719
"9662",-8877.212
"9663",-9106.017
"9664",-8744.625
"9665",-8882.442
"9666",-8877.89
"9667",-9026.28
"9668",-8829.936
"9669",-8850.29
"9670",-8834.523
"9671",-8725.508
"9672",-8623.044
"9673",-8791.277
"9674",-8946.047
"9675",-9283.53
"9676",-9032.628
"9677",-8841.398
"9678",-9127.486
"9679",-8951.292
"9680",-8955.319
"9681",-8898.197
"9682",-9003.168
"9683",-8983.201
"9684",-8993.926
"9685",-9059.599
"9686",-8893.459
"9687",-8881.147
"9688",-8824.169
"9689",-8907.87
"9690",-9088.988
"9691",-8863.746
"9692",-8877.082
"9693",-8730.261
"9694",-8861.559
"9695",-9030.102
"9696",-8950.144
"9697",-9147.209
"9698",-8658.396
"9699",-8985.55
"9700",-8918.077
"9701",-8894.254
"9702",-8836.249
"9703",-8957.103
"9704",-8753.956
"9705",-8841.773
"9706",-8811.715
"9707",-9241.676
"9708",-8975.302
"9709",-8983.892
"9710",-8697.614
"9711",-9060.061
"9712",-8956.31
"9713",-8910.828
"9714",-8975.152
"9715",-9073.435
"9716",-9105.787
"9717",-8825.872
"9718",-8898.45
"9719",-8911.154
"9720",-8781.561
"9721",-8544.923
"9722",-8683.088
"9723",-8656.929
"9724",-8834.894
"9725",-9010.238
"9726",-8706.922
"9727",-8945.876
"9728",-9189.504
"9729",-8965.916
"9730",-8710.947
"9731",-8784.166
"9732",-8786.492
"9733",-9050.485
"9734",-8851.593
"9735",-9036.599
"9736",-8568.916
"9737",-8939.763
"9738",-8963.467
"9739",-8701.188
"9740",-8829.221
"9741",-8870.964
"9742",-8995.256
"9743",-8605.116
"9744",-8905.2
"9745",-8972.844
"9746",-8986.084
"9747",-9021.373
"9748",-8797.625
"9749",-9106.005
"9750",-8856.886
"9751",-8924.922
"9752",-8814.249
"9753",-8775.966
"9754",-8892.364
"9755",-8948.663
"9756",-8962.595
"9757",-8897.665
"9758",-8878.848
"9759",-8840.242
"9760",-8979.509
"9761",-8788.822
"9762",-9101.827
"9763",-9037.118
"9764",-8889.278
"9765",-8931.088
"9766",-8890.374
"9767",-9032.924
"9768",-8830.209
"9769",-8874.487
"9770",-8724.597
"9771",-8997.058
"9772",-8755.08
"9773",-8991.303
"9774",-8924.063
"9775",-8983.647
"9776",-9111.146
"9777",-8648.472
"9778",-8796.028
"9779",-8871.397
"9780",-8927.494
"9781",-8823.319
"9782",-8768.003
"9783",-8740.99
"9784",-8869.407
"9785",-9245.424
"9786",-8984.759
"9787",-9219.274
"9788",-9256.243
"9789",-9101.304
"9790",-8753.193
"9791",-8776.505
"9792",-8672.009
"9793",-9068.432
"9794",-9159.486
"9795",-8760.017
"9796",-8951.87
"9797",-9015.549
"9798",-8597.546
"9799",-8898.085
"9800",-9153.254
"9801",-8916.286
"9802",-9066.73
"9803",-8656.7
"9804",-8773.356
"9805",-9159.51
"9806",-9044.368
"9807",-8958.959
"9808",-9126.377
"9809",-8793.751
"9810",-8770.073
"9811",-8651.305
"9812",-9253.8
"9813",-8828.152
"9814",-8846
"9815",-8703.474
"9816",-9044.795
"9817",-8700.227
"9818",-8859.046
"9819",-9067.417
"9820",-8875.367
"9821",-9178.696
"9822",-9115.376
"9823",-9152.756
"9824",-9080.172
"9825",-8975.435
"9826",-8744.861
"9827",-8804.614
"9828",-9099.378
"9829",-8701.121
"9830",-8746.361
"9831",-8836.072
"9832",-8761.569
"9833",-8949.71
"9834",-8920.551
"9835",-8757.698
"9836",-8961.311
"9837",-8955.948
"9838",-8754.652
"9839",-9113.466
"9840",-8788.063
"9841",-8986.461
"9842",-9075.975
"9843",-8758.059
"9844",-9058.199
"9845",-9034.77
"9846",-8952.451
"9847",-8812.651
"9848",-8935.754
"9849",-8903.176
"9850",-8904.966
"9851",-9281.736
"9852",-9063.549
"9853",-8794.609
"9854",-8927.885
"9855",-9087.022
"9856",-8661.343
"9857",-8739.332
"9858",-8816.398
"9859",-8818.324
"9860",-9074.628
"9861",-8786.827
"9862",-8871.177
"9863",-8883.31
"9864",-8748.72
"9865",-8812.997
"9866",-8960.721
"9867",-8621.651
"9868",-8980.234
"9869",-8930.377
"9870",-9017.89
"9871",-8803.13
"9872",-8906.551
"9873",-8898.303
"9874",-9101.859
"9875",-8774.276
"9876",-8853.147
"9877",-9068.86
"9878",-8843.791
"9879",-8959.934
"9880",-8936.546
"9881",-9024.427
"9882",-8997.421
"9883",-8714.053
"9884",-8830.837
"9885",-8881.536
"9886",-8790.223
"9887",-9003.238
"9888",-9125.194
"9889",-8814.254
"9890",-8833.821
"9891",-8761.552
"9892",-9006.524
"9893",-8938.731
"9894",-8945.838
"9895",-8678.462
"9896",-8745.593
"9897",-9079.724
"9898",-8995.158
"9899",-8882.132
"9900",-9037.399
"9901",-8636.545
"9902",-8925.42
"9903",-8876.857
"9904",-8863.067
"9905",-8754.954
"9906",-9043.401
"9907",-8994.031
"9908",-9152.027
"9909",-8699.454
"9910",-8887.678
"9911",-9146.48
"9912",-8803.504
"9913",-8995.985
"9914",-9125.315
"9915",-8721.171
"9916",-8760.016
"9917",-8984.632
"9918",-9205.038
"9919",-8967.797
"9920",-8837.571
"9921",-8861.863
"9922",-9078.221
"9923",-9022.436
"9924",-8958.443
"9925",-8750.962
"9926",-9066.542
"9927",-8904.608
"9928",-8757.469
"9929",-9010.478
"9930",-8871.806
"9931",-9181.903
"9932",-9036.002
"9933",-8945.053
"9934",-8941.784
"9935",-9109.857
"9936",-8722.516
"9937",-8874.914
"9938",-8922.599
"9939",-8759.208
"9940",-8888.881
"9941",-8948.091
"9942",-8721.987
"9943",-9098.195
"9944",-9080.965
"9945",-8798.81
"9946",-8708.478
"9947",-8663.62
"9948",-8990.657
"9949",-8816.077
"9950",-8956.891
"9951",-8805.779
"9952",-9233.693
"9953",-8972.061
"9954",-8941.401
"9955",-8820.239
"9956",-9059.536
"9957",-8912.099
"9958",-9007.474
"9959",-8644.986
"9960",-9032.42
"9961",-9049.018
"9962",-9056.938
"9963",-9119.197
"9964",-9179.085
"9965",-9062.445
"9966",-8980.595
"9967",-8838.643
"9968",-8945.467
"9969",-8713.918
"9970",-8786.267
"9971",-8788.698
"9972",-9108.3
"9973",-9027.867
"9974",-9075.473
"9975",-8904.582
"9976",-8826.19
"9977",-8863.222
"9978",-8860.231
"9979",-8920.333
"9980",-8915.01
"9981",-9034.597
"9982",-8882.402
"9983",-9167.661
"9984",-8952.968
"9985",-9015.284
"9986",-9024.346
"9987",-8960.384
"9988",-8854.987
"9989",-8722.845
"9990",-9064.746
"9991",-9006.275
"9992",-8954.176
"9993",-8788.687
"9994",-8809.573
"9995",-8700.439
"9996",-8861.514
"9997",-9100.844
"9998",-8919.227
"9999",-8654.715
"10000",-8787.057
