"","x"
"1",-9398.138
"2",-9295.189
"3",-9335.29
"4",-9137.694
"5",-9211.226
"6",-9201.139
"7",-9183.209
"8",-9105.769
"9",-9227.511
"10",-9193.026
"11",-9138.292
"12",-9390.207
"13",-9077.797
"14",-9286.829
"15",-9097.206
"16",-9222.759
"17",-9068.046
"18",-9126.213
"19",-9051.022
"20",-9322.297
"21",-9049.061
"22",-8998.272
"23",-9101.971
"24",-9241.946
"25",-9162.567
"26",-8897.217
"27",-9402.085
"28",-9314.578
"29",-9174.12
"30",-9235.942
"31",-8981.292
"32",-9193.871
"33",-9318.535
"34",-9160.615
"35",-9096.338
"36",-9265.636
"37",-9048.628
"38",-9012.104
"39",-9122.984
"40",-9165.76
"41",-8930.695
"42",-9119.311
"43",-9325.117
"44",-9189.017
"45",-9211.529
"46",-9168.755
"47",-9185.13
"48",-9080.785
"49",-9233.533
"50",-9000.991
"51",-9344.579
"52",-9215.834
"53",-9064.733
"54",-9043.082
"55",-9433.818
"56",-9177.365
"57",-9101.094
"58",-9456.079
"59",-9295.908
"60",-9355.632
"61",-9196.017
"62",-8989.073
"63",-9375.106
"64",-9414.342
"65",-9356.969
"66",-8908.523
"67",-8822.962
"68",-9122.607
"69",-9095.394
"70",-9250.639
"71",-9220.368
"72",-8934.983
"73",-9108.717
"74",-9142.157
"75",-9185.92
"76",-9064.603
"77",-9030.052
"78",-9159.963
"79",-9039.833
"80",-9132.809
"81",-8970.303
"82",-9167.692
"83",-9202.801
"84",-9279.683
"85",-9040.223
"86",-9193.762
"87",-9055.269
"88",-8912.471
"89",-9236.574
"90",-9123.577
"91",-8981.925
"92",-9132.555
"93",-9318.689
"94",-9024.458
"95",-8872.355
"96",-8968.557
"97",-9374.489
"98",-8999.907
"99",-9186.23
"100",-9220.995
"101",-9211.35
"102",-9099.365
"103",-9125.125
"104",-8920.037
"105",-9133.971
"106",-9014.498
"107",-9216.713
"108",-9185.096
"109",-9257.797
"110",-9055.9
"111",-9336.779
"112",-9453.103
"113",-9328.002
"114",-9301.578
"115",-9216.804
"116",-9157.36
"117",-9029.726
"118",-9292.503
"119",-9062.164
"120",-9107.481
"121",-9567.354
"122",-8987.631
"123",-9052.574
"124",-9045.38
"125",-9193.696
"126",-8996.285
"127",-9221.154
"128",-8931.197
"129",-9371.554
"130",-9263.625
"131",-8906.968
"132",-9255.048
"133",-9259.033
"134",-9205.033
"135",-9179.805
"136",-9271.051
"137",-8928.264
"138",-8953.506
"139",-8985.05
"140",-9181.114
"141",-9061.744
"142",-8943.44
"143",-9408.358
"144",-9311.334
"145",-9304.499
"146",-9193.356
"147",-9322.27
"148",-9186.857
"149",-8979.524
"150",-8896.305
"151",-9175.986
"152",-8980.873
"153",-9339.152
"154",-9153.688
"155",-9191.538
"156",-9327.123
"157",-8847.158
"158",-9213.513
"159",-8999.464
"160",-8993.129
"161",-9285.618
"162",-9122.626
"163",-9223.218
"164",-9061.221
"165",-9235.603
"166",-9481.139
"167",-9086.205
"168",-9101.824
"169",-9036.228
"170",-9067.63
"171",-8820.024
"172",-9128.628
"173",-9329.4
"174",-9356.679
"175",-9039.318
"176",-9238.528
"177",-9126.942
"178",-9153.805
"179",-9213.156
"180",-9027.27
"181",-9132.694
"182",-9341.999
"183",-9350.74
"184",-9212.967
"185",-9157.025
"186",-9179.574
"187",-9441.866
"188",-9040.294
"189",-8978.449
"190",-9064.884
"191",-9134.256
"192",-9151.577
"193",-9004.097
"194",-9296.019
"195",-9224.066
"196",-9086.395
"197",-9001.213
"198",-9402.599
"199",-8936.978
"200",-9252.127
"201",-9540.064
"202",-9133.193
"203",-9372.49
"204",-8915.54
"205",-8956.941
"206",-9080.453
"207",-9263.881
"208",-9248.824
"209",-9220.485
"210",-9059.61
"211",-9024.34
"212",-9006.862
"213",-9261.707
"214",-8990.521
"215",-9101.313
"216",-9332.735
"217",-9150.207
"218",-9086.824
"219",-8966.948
"220",-9312.502
"221",-9365.185
"222",-9145.859
"223",-9306.164
"224",-9149.254
"225",-9001.474
"226",-8944.369
"227",-9012.859
"228",-9268.467
"229",-9153.759
"230",-9169.46
"231",-9243.466
"232",-9209.474
"233",-9362.912
"234",-9049.244
"235",-9075.212
"236",-9132.914
"237",-9463.137
"238",-9226.237
"239",-9139.646
"240",-9013.928
"241",-9073.954
"242",-9015.11
"243",-9254.228
"244",-9352.648
"245",-8998.504
"246",-9206.854
"247",-9120.605
"248",-9110.335
"249",-9122.544
"250",-9146.333
"251",-9007.422
"252",-9226.713
"253",-9068.625
"254",-9102.765
"255",-8903.276
"256",-8965.126
"257",-8892.185
"258",-9415.913
"259",-9190.32
"260",-9207.67
"261",-9040.447
"262",-9133.215
"263",-9011.314
"264",-9355.812
"265",-9226.084
"266",-9099.307
"267",-9014.224
"268",-9356.558
"269",-9299.836
"270",-9262.729
"271",-9100.126
"272",-9110.205
"273",-9072.047
"274",-8995.376
"275",-9054.64
"276",-9254.493
"277",-9274.311
"278",-9197.063
"279",-8987.23
"280",-9045.176
"281",-9086.641
"282",-9304.594
"283",-9223.413
"284",-9058.696
"285",-9055.799
"286",-9159.48
"287",-9014.222
"288",-9039.517
"289",-9217.959
"290",-9566.86
"291",-9037.086
"292",-9095.802
"293",-8920.709
"294",-9287.963
"295",-9120.999
"296",-9237.543
"297",-9162.985
"298",-9166.932
"299",-9133.476
"300",-9114.252
"301",-9196.602
"302",-9398.775
"303",-8925.442
"304",-9206.286
"305",-9024.884
"306",-9119.944
"307",-9341.076
"308",-9251.866
"309",-9451.779
"310",-9094.21
"311",-9068.524
"312",-8932.342
"313",-9410.771
"314",-9144.411
"315",-9166.873
"316",-9136.114
"317",-9176.688
"318",-9052.126
"319",-8930.265
"320",-8880.7
"321",-9205.229
"322",-9330.256
"323",-9184.88
"324",-9206.921
"325",-9174.019
"326",-9033.966
"327",-9319.834
"328",-9294.638
"329",-9272.623
"330",-9014.992
"331",-9184.621
"332",-8926.564
"333",-9175.886
"334",-9171.942
"335",-9239.633
"336",-9185.586
"337",-9102.667
"338",-9243.97
"339",-9021.372
"340",-9166.942
"341",-9246.883
"342",-8838.213
"343",-9040.915
"344",-9335.947
"345",-8939.311
"346",-9223.781
"347",-9111.416
"348",-9242.927
"349",-9197.515
"350",-9269.154
"351",-9121.899
"352",-9162.043
"353",-9163.602
"354",-9038.866
"355",-9152.504
"356",-9220.325
"357",-9319.825
"358",-9040.938
"359",-9398.69
"360",-9197.503
"361",-9206.626
"362",-8959.583
"363",-8999.759
"364",-9092.632
"365",-9289.385
"366",-9279.142
"367",-9406.463
"368",-9297.968
"369",-8957.124
"370",-9341.344
"371",-9003.926
"372",-9448.456
"373",-9222.056
"374",-9265.117
"375",-9180.541
"376",-9307.458
"377",-9155.386
"378",-9107.911
"379",-9182.577
"380",-9283.548
"381",-9151.456
"382",-9354.165
"383",-9000.631
"384",-9176.033
"385",-9358.157
"386",-9203.792
"387",-9333.321
"388",-9006.951
"389",-8901.372
"390",-9214.125
"391",-9242.286
"392",-8885.945
"393",-9264.63
"394",-9237.64
"395",-9051.393
"396",-9179.607
"397",-9241.776
"398",-9323.298
"399",-9329.329
"400",-9245.888
"401",-9216.717
"402",-9096.479
"403",-9184.019
"404",-8951.739
"405",-9026.721
"406",-9250.889
"407",-8974.116
"408",-8838.645
"409",-9137.633
"410",-9088.573
"411",-9195.385
"412",-9059.444
"413",-9002.096
"414",-8985.997
"415",-8952.849
"416",-9306.751
"417",-9322.474
"418",-9053.05
"419",-9104.366
"420",-9300.144
"421",-8993.985
"422",-9267.958
"423",-9338.59
"424",-9125.606
"425",-9006.762
"426",-9122.305
"427",-9234.467
"428",-9154.662
"429",-9007.991
"430",-9544.339
"431",-8863.493
"432",-9292.233
"433",-8925.674
"434",-9323.804
"435",-9166.074
"436",-9173.917
"437",-9249.21
"438",-9165.926
"439",-9257.604
"440",-9061.709
"441",-9149.314
"442",-9172.233
"443",-9193.924
"444",-9361.991
"445",-9029.33
"446",-9336.294
"447",-9107.317
"448",-8820.07
"449",-9436.132
"450",-9039.399
"451",-9385.791
"452",-9328.016
"453",-9240.063
"454",-8997.753
"455",-9158.528
"456",-9152.766
"457",-9352.459
"458",-9206.441
"459",-9146.386
"460",-8746.75
"461",-8942.34
"462",-9153.849
"463",-9104.817
"464",-9239.141
"465",-8914.109
"466",-9102.739
"467",-9181.723
"468",-9381.352
"469",-9225.864
"470",-9144.386
"471",-9197.046
"472",-9187.234
"473",-9198.814
"474",-9050.275
"475",-9087.791
"476",-9060.656
"477",-9411.657
"478",-9265.722
"479",-9335.221
"480",-8983.398
"481",-9123.508
"482",-9222.705
"483",-9173.324
"484",-9019.722
"485",-9490.014
"486",-9295.323
"487",-9287.324
"488",-8874.379
"489",-9071.537
"490",-9124.711
"491",-9265.558
"492",-9051.779
"493",-9260.743
"494",-9033.933
"495",-8960.896
"496",-9125.96
"497",-9003.546
"498",-9552.647
"499",-9288.534
"500",-9011.819
"501",-8884.727
"502",-9364.915
"503",-9096.422
"504",-9205.615
"505",-8910.724
"506",-9075.416
"507",-9232.855
"508",-9128.782
"509",-9099.014
"510",-9204.524
"511",-9072.34
"512",-9220.483
"513",-8977.971
"514",-9044.782
"515",-9029.101
"516",-9197.439
"517",-8960.81
"518",-9212.632
"519",-9278.405
"520",-9206.849
"521",-8928.892
"522",-9329.471
"523",-8857.556
"524",-9248.361
"525",-8794.542
"526",-9338.767
"527",-9301.753
"528",-9274.252
"529",-9186.555
"530",-9096.944
"531",-9204.491
"532",-9168.464
"533",-9336.822
"534",-9127.529
"535",-9282.474
"536",-9009.74
"537",-9183.254
"538",-8955.625
"539",-9412.177
"540",-9138.43
"541",-9109.238
"542",-9126.35
"543",-9295.82
"544",-9350.218
"545",-9187.31
"546",-9185.676
"547",-9143.751
"548",-9019.248
"549",-9157.117
"550",-9120.278
"551",-9224.201
"552",-9080.18
"553",-8910.892
"554",-9057.699
"555",-8946.272
"556",-9249.355
"557",-9251.798
"558",-9139.968
"559",-9108.781
"560",-8965.335
"561",-9133.229
"562",-8912.302
"563",-8848.509
"564",-9297.368
"565",-9101.273
"566",-8859.409
"567",-9065.614
"568",-9349.849
"569",-9155.152
"570",-9095.048
"571",-9428.464
"572",-9122.108
"573",-9048.944
"574",-9359.78
"575",-9172.385
"576",-9186.591
"577",-9042.375
"578",-9089.216
"579",-9033.533
"580",-9056.241
"581",-9360.123
"582",-9204.776
"583",-9317.584
"584",-9064.214
"585",-9060.424
"586",-9077.402
"587",-9018.223
"588",-9169.834
"589",-9236.988
"590",-9342.868
"591",-8906.19
"592",-9056.735
"593",-8996.716
"594",-9074.364
"595",-9108.89
"596",-9057.72
"597",-9237.286
"598",-9093.246
"599",-8963.011
"600",-9161.161
"601",-9263.177
"602",-9169.262
"603",-9119.834
"604",-8904.944
"605",-9183.18
"606",-8976.082
"607",-9495.242
"608",-9198.317
"609",-9157.417
"610",-9411.937
"611",-9205.442
"612",-9065.665
"613",-9007.265
"614",-9095.56
"615",-9191.206
"616",-9185.516
"617",-9217.453
"618",-8921.568
"619",-9065.882
"620",-9011.784
"621",-9159.927
"622",-8927.034
"623",-9251.742
"624",-9206.998
"625",-8994.273
"626",-9227.486
"627",-9062.699
"628",-9406.27
"629",-8964.417
"630",-9004.521
"631",-9295.16
"632",-9198.468
"633",-9122.648
"634",-9290.562
"635",-9255.617
"636",-8964.904
"637",-8982.111
"638",-9289.412
"639",-9183.757
"640",-9195.332
"641",-9237.129
"642",-9279.303
"643",-9286.897
"644",-9333.438
"645",-9042.253
"646",-9171.345
"647",-9230.776
"648",-9191.925
"649",-8992.586
"650",-9100.54
"651",-9146.564
"652",-9186.648
"653",-8985.458
"654",-9073.94
"655",-9050.71
"656",-9076.898
"657",-9220.575
"658",-9363.85
"659",-9086.644
"660",-9190.233
"661",-9003.807
"662",-8992.965
"663",-9185.031
"664",-9077.024
"665",-9068.841
"666",-9068.234
"667",-9041.199
"668",-9037.415
"669",-9142.307
"670",-9138.623
"671",-9070.09
"672",-9209.658
"673",-9295.887
"674",-9346.995
"675",-9216.154
"676",-9227.807
"677",-9089.723
"678",-9111.621
"679",-8935.686
"680",-9075.366
"681",-9239.493
"682",-9467.718
"683",-9304.962
"684",-9070.351
"685",-9175.772
"686",-9119.165
"687",-9131.495
"688",-9238.131
"689",-9239.994
"690",-8991.315
"691",-9317.674
"692",-9163.654
"693",-9222.096
"694",-9057.994
"695",-9044.511
"696",-9156.195
"697",-9318.695
"698",-9020.452
"699",-9223.71
"700",-9110.438
"701",-9158.474
"702",-9090.87
"703",-8878.908
"704",-9305.286
"705",-9355.488
"706",-9163.872
"707",-9169.396
"708",-9264.992
"709",-9084.136
"710",-9020.613
"711",-9247.66
"712",-9500.055
"713",-9263.1
"714",-9278.71
"715",-9205.104
"716",-9000.622
"717",-9136.37
"718",-9123.591
"719",-9166.398
"720",-9257.511
"721",-9319.129
"722",-9113.508
"723",-9151.111
"724",-9132.296
"725",-9179.149
"726",-9168.448
"727",-9251.496
"728",-9063.45
"729",-9091.42
"730",-9283.637
"731",-8944.439
"732",-9181.926
"733",-9267.525
"734",-9294.759
"735",-8941.544
"736",-9094.347
"737",-9090.721
"738",-9266.241
"739",-8972.299
"740",-9237.45
"741",-9014.35
"742",-9474.95
"743",-9148.119
"744",-9478.135
"745",-9076.325
"746",-9107.794
"747",-9060.705
"748",-8835.789
"749",-9225.073
"750",-9231.654
"751",-9092.581
"752",-9107.304
"753",-9203.988
"754",-9296.343
"755",-9035.95
"756",-9197.316
"757",-9157.075
"758",-9353.094
"759",-9007.426
"760",-9156.565
"761",-9128.538
"762",-9040.087
"763",-9198.339
"764",-9080.44
"765",-9360.091
"766",-9269.654
"767",-9247.143
"768",-9100.556
"769",-9000.886
"770",-8912.595
"771",-9155.665
"772",-9430.374
"773",-9228.307
"774",-8954.042
"775",-9325.285
"776",-8988.057
"777",-9417.134
"778",-9175.991
"779",-9101.428
"780",-9126.221
"781",-9380.079
"782",-9208.013
"783",-9156.878
"784",-9065.734
"785",-9261.487
"786",-9068.707
"787",-9171.27
"788",-9222.552
"789",-9255.317
"790",-9193.784
"791",-9424.29
"792",-9145.92
"793",-9146.788
"794",-9037
"795",-9289.836
"796",-8963.527
"797",-9044.61
"798",-9116.799
"799",-9014.445
"800",-9417.666
"801",-8964.036
"802",-9198.306
"803",-9279.547
"804",-9379.883
"805",-8926.34
"806",-9137.24
"807",-9096.059
"808",-9199.885
"809",-9143.801
"810",-9113.669
"811",-9215.013
"812",-9144.461
"813",-8996.306
"814",-9405.037
"815",-9179.867
"816",-9086.082
"817",-9167.96
"818",-9189.467
"819",-8927.093
"820",-9142.942
"821",-9217.073
"822",-8935.653
"823",-9131.176
"824",-9362.04
"825",-9006.942
"826",-9367.54
"827",-9279.869
"828",-9243.293
"829",-9371.108
"830",-9042.572
"831",-9208.844
"832",-9038.578
"833",-9102.684
"834",-9217.929
"835",-9300.949
"836",-9347.251
"837",-9109.151
"838",-9140.801
"839",-8837.367
"840",-9564.701
"841",-9008.643
"842",-9194.521
"843",-9116.468
"844",-9580.136
"845",-9079.348
"846",-9104.723
"847",-9367.958
"848",-8994.682
"849",-9202.367
"850",-9277.931
"851",-9489.654
"852",-9360.415
"853",-9305.888
"854",-8813.9
"855",-9283.695
"856",-9123.26
"857",-9122.108
"858",-9136.36
"859",-8944.701
"860",-9046.13
"861",-9275.486
"862",-9297.359
"863",-9104.687
"864",-9005.493
"865",-9012.313
"866",-9156.038
"867",-9365.744
"868",-9250.656
"869",-9005.122
"870",-9108.172
"871",-9302.916
"872",-8848.814
"873",-9208.601
"874",-9161.085
"875",-9261.428
"876",-9068.71
"877",-9229.222
"878",-9137.1
"879",-9106.427
"880",-9111.755
"881",-9198.978
"882",-9211.063
"883",-9284.061
"884",-9098.103
"885",-8980.91
"886",-9412.672
"887",-8951.492
"888",-9177.76
"889",-8960.045
"890",-9315.248
"891",-9177.534
"892",-9090.27
"893",-9098.62
"894",-9366.504
"895",-9212.714
"896",-9040.525
"897",-9150.699
"898",-9379.927
"899",-9239.327
"900",-9302.11
"901",-8879.228
"902",-9111.39
"903",-9121.017
"904",-9448.563
"905",-9197.214
"906",-9344.884
"907",-9008.998
"908",-9154.899
"909",-9191.685
"910",-9092.168
"911",-9164.22
"912",-9215.962
"913",-9083.957
"914",-9283.59
"915",-9099.262
"916",-9240.189
"917",-9189.789
"918",-9066.94
"919",-9145.628
"920",-9146.43
"921",-8958.465
"922",-8960.513
"923",-9259.012
"924",-9182.778
"925",-9263.151
"926",-9177.407
"927",-9055.544
"928",-9274.299
"929",-9269.397
"930",-9324.55
"931",-9287.006
"932",-9146.263
"933",-9061.368
"934",-9194.945
"935",-9108.895
"936",-9120.702
"937",-9134.788
"938",-9254.613
"939",-9229.609
"940",-9099.134
"941",-9174.528
"942",-9206.6
"943",-8988.52
"944",-9200.286
"945",-8966.183
"946",-9394.891
"947",-9241.637
"948",-8888.762
"949",-9036.987
"950",-9097.126
"951",-9140.983
"952",-8892.618
"953",-9087.934
"954",-8942.374
"955",-9349.718
"956",-9278.013
"957",-9278.01
"958",-9194.586
"959",-9108.499
"960",-9054.034
"961",-9214.134
"962",-9108.244
"963",-9192.722
"964",-9186.243
"965",-9095.516
"966",-9212.413
"967",-9284.009
"968",-9189.01
"969",-9002.169
"970",-9043.675
"971",-9100.576
"972",-9077.86
"973",-9158.497
"974",-8969.717
"975",-9305.529
"976",-9104.223
"977",-9464.712
"978",-9232.66
"979",-9355.156
"980",-9455.754
"981",-9102.145
"982",-9246.894
"983",-9233.44
"984",-9058.527
"985",-9126.273
"986",-9211.041
"987",-9104.819
"988",-9085.715
"989",-9044.778
"990",-9044.08
"991",-9204.462
"992",-9229.369
"993",-9114.014
"994",-8975.323
"995",-9050.424
"996",-9025.076
"997",-9125.215
"998",-9560.835
"999",-8920.39
"1000",-9258.065
"1001",-8882.566
"1002",-8865.963
"1003",-8934.902
"1004",-8983.621
"1005",-8838.693
"1006",-9156.652
"1007",-9064.111
"1008",-8629.575
"1009",-8721.054
"1010",-9054.428
"1011",-8926.468
"1012",-8971.044
"1013",-8776.329
"1014",-8864.911
"1015",-9095.88
"1016",-9157.985
"1017",-9007.015
"1018",-8955.154
"1019",-8864.605
"1020",-8652.477
"1021",-9175.013
"1022",-9214.725
"1023",-8793.963
"1024",-9108.203
"1025",-9009.253
"1026",-9115.871
"1027",-8928.11
"1028",-8658.777
"1029",-8777.74
"1030",-8701.121
"1031",-8975.58
"1032",-8656.084
"1033",-8623.034
"1034",-8822.471
"1035",-8960.23
"1036",-8772.415
"1037",-9075.592
"1038",-8733.411
"1039",-8938.767
"1040",-8748.313
"1041",-8532.523
"1042",-9072.663
"1043",-9080.73
"1044",-8770.063
"1045",-8651.289
"1046",-8679.825
"1047",-8887.341
"1048",-8691.18
"1049",-8976.681
"1050",-8497.194
"1051",-8885.647
"1052",-8728.21
"1053",-8907.014
"1054",-9081.306
"1055",-8728.507
"1056",-8748.237
"1057",-8829.801
"1058",-9041.738
"1059",-9060.606
"1060",-8859.024
"1061",-9022.1
"1062",-8975.229
"1063",-8956.954
"1064",-8719.25
"1065",-8825.587
"1066",-8992.837
"1067",-8810.612
"1068",-8896.614
"1069",-9008.941
"1070",-8754.047
"1071",-8936.33
"1072",-8869.89
"1073",-9065.376
"1074",-8990.021
"1075",-8918.713
"1076",-8555.652
"1077",-8774.268
"1078",-8961.001
"1079",-9180.592
"1080",-8900.925
"1081",-9076.928
"1082",-8679.395
"1083",-8901.852
"1084",-9087.309
"1085",-8697.154
"1086",-8604.776
"1087",-9059.278
"1088",-8887.504
"1089",-9097.748
"1090",-8938.407
"1091",-8914.035
"1092",-8981.716
"1093",-9126.068
"1094",-8841.596
"1095",-8813.233
"1096",-8928.653
"1097",-8805.598
"1098",-8865.945
"1099",-8813.222
"1100",-8969.435
"1101",-9354.88
"1102",-8897.063
"1103",-8706.719
"1104",-8931.039
"1105",-8616.772
"1106",-8891.98
"1107",-9089.955
"1108",-8972.943
"1109",-9196.617
"1110",-8990.941
"1111",-8965.343
"1112",-8935.426
"1113",-9120.957
"1114",-8962.495
"1115",-8965.453
"1116",-8792.451
"1117",-8759.324
"1118",-8744.118
"1119",-8799.566
"1120",-8872.038
"1121",-9317.404
"1122",-8863.787
"1123",-8875.969
"1124",-8719.722
"1125",-9159.317
"1126",-8901.182
"1127",-8897.23
"1128",-8894.572
"1129",-8709.033
"1130",-8905.724
"1131",-9010.994
"1132",-9138.33
"1133",-8977.166
"1134",-9006.448
"1135",-8782.647
"1136",-8961.312
"1137",-9055.401
"1138",-8782.034
"1139",-8786.215
"1140",-8749.057
"1141",-8656.415
"1142",-8870.407
"1143",-8850.675
"1144",-8919.06
"1145",-8575.91
"1146",-8936.361
"1147",-8720.39
"1148",-8787.47
"1149",-8609.595
"1150",-8860.044
"1151",-9031.113
"1152",-9096.123
"1153",-8790.714
"1154",-8964.786
"1155",-8622.472
"1156",-9041.415
"1157",-9015.826
"1158",-8712.597
"1159",-9101.649
"1160",-8799.694
"1161",-8876.341
"1162",-9106.482
"1163",-8978.585
"1164",-8936.079
"1165",-8932.131
"1166",-9106.196
"1167",-8633.022
"1168",-9182.071
"1169",-9060.597
"1170",-8879.611
"1171",-8865.954
"1172",-9041.418
"1173",-8856.055
"1174",-8875.717
"1175",-9041.887
"1176",-8790.415
"1177",-8943.828
"1178",-8700.71
"1179",-8918.337
"1180",-8846.096
"1181",-8983.298
"1182",-9252.778
"1183",-8759.569
"1184",-8768.917
"1185",-8651.585
"1186",-8855.989
"1187",-8912.005
"1188",-8815.967
"1189",-8852.916
"1190",-8955.422
"1191",-8795.247
"1192",-8896.511
"1193",-8886.378
"1194",-8782.078
"1195",-8934.366
"1196",-8828.805
"1197",-8981.3
"1198",-8990.279
"1199",-9054.799
"1200",-8935.995
"1201",-8800.965
"1202",-8892.293
"1203",-8780.385
"1204",-8848.202
"1205",-8883.47
"1206",-8967.394
"1207",-8897.261
"1208",-8830.328
"1209",-8991.231
"1210",-8921.513
"1211",-8665.848
"1212",-8657.792
"1213",-8931.155
"1214",-8961.919
"1215",-8888.698
"1216",-8945.336
"1217",-8939.667
"1218",-8744.667
"1219",-8764.487
"1220",-8845.013
"1221",-9105.693
"1222",-9027.095
"1223",-8984.675
"1224",-8734.078
"1225",-8839.504
"1226",-8792.156
"1227",-9027.835
"1228",-8971.021
"1229",-9025.546
"1230",-8944.27
"1231",-8956.496
"1232",-8867.361
"1233",-8864.48
"1234",-9029.38
"1235",-8913.238
"1236",-9045.994
"1237",-9009.528
"1238",-8663.241
"1239",-9027.816
"1240",-9186.695
"1241",-8839.877
"1242",-8938.306
"1243",-8840.836
"1244",-9012.069
"1245",-8982.046
"1246",-8985.994
"1247",-9133.884
"1248",-9103.788
"1249",-9039.663
"1250",-8935.93
"1251",-9099.216
"1252",-8822.088
"1253",-8676.658
"1254",-8968.209
"1255",-8898.215
"1256",-8813.784
"1257",-8759.131
"1258",-8962.978
"1259",-8948.178
"1260",-9031.757
"1261",-8833.52
"1262",-9080.849
"1263",-8870.259
"1264",-8868.038
"1265",-9007.138
"1266",-8934.232
"1267",-8978.466
"1268",-9343.71
"1269",-9071.232
"1270",-8969.947
"1271",-8762.238
"1272",-9013.229
"1273",-8789.308
"1274",-8893.72
"1275",-8857.355
"1276",-8813.873
"1277",-8981.44
"1278",-9053.908
"1279",-9025.616
"1280",-8983.132
"1281",-9019.902
"1282",-9084.991
"1283",-8978.374
"1284",-9094.861
"1285",-8690.258
"1286",-8818.462
"1287",-8752.317
"1288",-8936.535
"1289",-8829.285
"1290",-9174.501
"1291",-9054.915
"1292",-9018.264
"1293",-8633.297
"1294",-9017.459
"1295",-9074.703
"1296",-9134.223
"1297",-8922.59
"1298",-8708.334
"1299",-9173.115
"1300",-8821.53
"1301",-8789.306
"1302",-8883.022
"1303",-9075.393
"1304",-8933.886
"1305",-8841.642
"1306",-9148.587
"1307",-8660.361
"1308",-9034.784
"1309",-9142.166
"1310",-8943.97
"1311",-8711.716
"1312",-9001.83
"1313",-8714.788
"1314",-8911.569
"1315",-9012.02
"1316",-8875.604
"1317",-8968.118
"1318",-8836.007
"1319",-9201.302
"1320",-9093.944
"1321",-8739.622
"1322",-8968.399
"1323",-8656.809
"1324",-8691.156
"1325",-8804.17
"1326",-8907.263
"1327",-8807.197
"1328",-8624.734
"1329",-8797.811
"1330",-8947.015
"1331",-8767.888
"1332",-8984.827
"1333",-8857.331
"1334",-8822.863
"1335",-8896.016
"1336",-9101.564
"1337",-9338.756
"1338",-8729.834
"1339",-8815.01
"1340",-8923.611
"1341",-8948.502
"1342",-9192.579
"1343",-8796.033
"1344",-8740.371
"1345",-8846.177
"1346",-8850.477
"1347",-8730.715
"1348",-8915.027
"1349",-8653.322
"1350",-8881.59
"1351",-9037.104
"1352",-8949.823
"1353",-8818.182
"1354",-8986.949
"1355",-8831.796
"1356",-9088.216
"1357",-8770.363
"1358",-9079.281
"1359",-8840.971
"1360",-8852.071
"1361",-8866.054
"1362",-9037.601
"1363",-9093.568
"1364",-8759.232
"1365",-8832.167
"1366",-8819.085
"1367",-8807.609
"1368",-9131.017
"1369",-9204.477
"1370",-9081.88
"1371",-9159.254
"1372",-8894.208
"1373",-8810.505
"1374",-8869.5
"1375",-8981.52
"1376",-8873.575
"1377",-9035.536
"1378",-8800.998
"1379",-9091.165
"1380",-8949.38
"1381",-8792.133
"1382",-8880.106
"1383",-9212.433
"1384",-8889.259
"1385",-9004.322
"1386",-8995.597
"1387",-8933.089
"1388",-8819.89
"1389",-8814.334
"1390",-8722.698
"1391",-8900.57
"1392",-8867.45
"1393",-8724.87
"1394",-9175.533
"1395",-9033.714
"1396",-8829.882
"1397",-8692.482
"1398",-8734.681
"1399",-8518.111
"1400",-8916.155
"1401",-8940.591
"1402",-9082.309
"1403",-8764.935
"1404",-9180.662
"1405",-9135.602
"1406",-8826.4
"1407",-9044.767
"1408",-9005.43
"1409",-8945.671
"1410",-8676.262
"1411",-8681.91
"1412",-8762.92
"1413",-8755.202
"1414",-8694.339
"1415",-8805.211
"1416",-9058.851
"1417",-8989.422
"1418",-8988.712
"1419",-8842.572
"1420",-9169.144
"1421",-8900.194
"1422",-8983.443
"1423",-9103.506
"1424",-8743.01
"1425",-8820.176
"1426",-8770.504
"1427",-8913.235
"1428",-8832.231
"1429",-8808.318
"1430",-8812.412
"1431",-8816.847
"1432",-8767.273
"1433",-8966.403
"1434",-8750.06
"1435",-8789.639
"1436",-8937.584
"1437",-9179.572
"1438",-8980.543
"1439",-8885.844
"1440",-8989.764
"1441",-8982.758
"1442",-8898.479
"1443",-8725.581
"1444",-8948.733
"1445",-9191.604
"1446",-8746.282
"1447",-9046.258
"1448",-8854.771
"1449",-8934.821
"1450",-8800.289
"1451",-8861.488
"1452",-8904.103
"1453",-8631.443
"1454",-8831.966
"1455",-8860.838
"1456",-8732.622
"1457",-8969.483
"1458",-8718.003
"1459",-8594.976
"1460",-8669.367
"1461",-9161.639
"1462",-8843.927
"1463",-8920.18
"1464",-8794.675
"1465",-8899.66
"1466",-8617.172
"1467",-8802.191
"1468",-9041.823
"1469",-8781.87
"1470",-8963.64
"1471",-9032.581
"1472",-8937.022
"1473",-8535.287
"1474",-8934.147
"1475",-8775.419
"1476",-8962.774
"1477",-8914.577
"1478",-9041.847
"1479",-8781.782
"1480",-8813.766
"1481",-8801.643
"1482",-8848.137
"1483",-8906.732
"1484",-9130.077
"1485",-9090.878
"1486",-8878.167
"1487",-8873.901
"1488",-8948.334
"1489",-8756.439
"1490",-8752.867
"1491",-9221.377
"1492",-9143.016
"1493",-9070.912
"1494",-8673.384
"1495",-8875.725
"1496",-8928.383
"1497",-8995.912
"1498",-8853.467
"1499",-8716.739
"1500",-8886.715
"1501",-9142.683
"1502",-8671.471
"1503",-9090.439
"1504",-8897.509
"1505",-8915.833
"1506",-8821.444
"1507",-8935.242
"1508",-8842.226
"1509",-8861.308
"1510",-8845.177
"1511",-8902.758
"1512",-9041.482
"1513",-9128.802
"1514",-9140.931
"1515",-9033.292
"1516",-9195.044
"1517",-9018.507
"1518",-9143.683
"1519",-9049.908
"1520",-8967.708
"1521",-9373.628
"1522",-8673.708
"1523",-8898.767
"1524",-8981.997
"1525",-9213.543
"1526",-8899.969
"1527",-8859.789
"1528",-9175.354
"1529",-9039.165
"1530",-9092.809
"1531",-9012.749
"1532",-9004.451
"1533",-8760.129
"1534",-8735.005
"1535",-8739.745
"1536",-9095.728
"1537",-8843.841
"1538",-8712.375
"1539",-8523.432
"1540",-8956.546
"1541",-8689.347
"1542",-9075.089
"1543",-8869.62
"1544",-8803.878
"1545",-9087.54
"1546",-8872.077
"1547",-9007.577
"1548",-8647.979
"1549",-8967.569
"1550",-8871.4
"1551",-8712.645
"1552",-9101.792
"1553",-8945.896
"1554",-8863.107
"1555",-8678.611
"1556",-8745.434
"1557",-8969.026
"1558",-8889.279
"1559",-8762.464
"1560",-8801.695
"1561",-8575.809
"1562",-8895.406
"1563",-8934.191
"1564",-8757.531
"1565",-8792.742
"1566",-8986.964
"1567",-8951.502
"1568",-8901.535
"1569",-9141.409
"1570",-8917.725
"1571",-8993.307
"1572",-8940.277
"1573",-9204.784
"1574",-9010.877
"1575",-9030.2
"1576",-8673.883
"1577",-8975.379
"1578",-9048.078
"1579",-8511.094
"1580",-8892.963
"1581",-8806.433
"1582",-8624.274
"1583",-8841.682
"1584",-8919.772
"1585",-9015.726
"1586",-9054.315
"1587",-8947.261
"1588",-8819.531
"1589",-8729.486
"1590",-8896.908
"1591",-8914.038
"1592",-8682.419
"1593",-8907.933
"1594",-9054.439
"1595",-8910.08
"1596",-8811.084
"1597",-8968.28
"1598",-8865.413
"1599",-8704.379
"1600",-9055.793
"1601",-8963.052
"1602",-8568.749
"1603",-8660.426
"1604",-8902.38
"1605",-8701.397
"1606",-8889.374
"1607",-8858.903
"1608",-9227.583
"1609",-8899.527
"1610",-9026.938
"1611",-8927.09
"1612",-9046.578
"1613",-8921.611
"1614",-9027.648
"1615",-8836.197
"1616",-8843.283
"1617",-9160.057
"1618",-8897.28
"1619",-8708.656
"1620",-8675.698
"1621",-8749.681
"1622",-8742.149
"1623",-8973.421
"1624",-8824.669
"1625",-9006.194
"1626",-8730
"1627",-8861.961
"1628",-8760.655
"1629",-8627.05
"1630",-8784.256
"1631",-8822.903
"1632",-8826.044
"1633",-8809.344
"1634",-9003.151
"1635",-9050.483
"1636",-8953.118
"1637",-8537.451
"1638",-8664.21
"1639",-9023.873
"1640",-8871.462
"1641",-8807.127
"1642",-9045.768
"1643",-8866.066
"1644",-9275.026
"1645",-8698.699
"1646",-9049.772
"1647",-8710.968
"1648",-8618.828
"1649",-9043.132
"1650",-9062.084
"1651",-8972.069
"1652",-8775.123
"1653",-8822.388
"1654",-8944.224
"1655",-8910.228
"1656",-8959.337
"1657",-8878.759
"1658",-8796.516
"1659",-8786.631
"1660",-8890.095
"1661",-8868.057
"1662",-8853.719
"1663",-8753.922
"1664",-8857.04
"1665",-8614.079
"1666",-8838.349
"1667",-9085.28
"1668",-8746.287
"1669",-8875.178
"1670",-9164.724
"1671",-8915.456
"1672",-8819.618
"1673",-9067.652
"1674",-9055.101
"1675",-8768.466
"1676",-8877.819
"1677",-8881.54
"1678",-8869.74
"1679",-9064.436
"1680",-8705.321
"1681",-9092.578
"1682",-8748.348
"1683",-8974.981
"1684",-9227.733
"1685",-8914.982
"1686",-8852.421
"1687",-8946.944
"1688",-8900.272
"1689",-8807.329
"1690",-8769.561
"1691",-8802.508
"1692",-8805.164
"1693",-8671.539
"1694",-8886.306
"1695",-9024.1
"1696",-8740.555
"1697",-8755.843
"1698",-8810.16
"1699",-8819.22
"1700",-9013.199
"1701",-8951.438
"1702",-9056.59
"1703",-8825.27
"1704",-8870.69
"1705",-8922.045
"1706",-8781.398
"1707",-8889.217
"1708",-8817.523
"1709",-8738.992
"1710",-8811.418
"1711",-8935.189
"1712",-9079.827
"1713",-9027.441
"1714",-8907.492
"1715",-8974.394
"1716",-8610.26
"1717",-8937.031
"1718",-8917.521
"1719",-9079.649
"1720",-8922.681
"1721",-8827.655
"1722",-8867.337
"1723",-9014.576
"1724",-8808.735
"1725",-8912.733
"1726",-8558.382
"1727",-8974.768
"1728",-8791.935
"1729",-8808.313
"1730",-9006.265
"1731",-8844.72
"1732",-8730.929
"1733",-8726.501
"1734",-8766.032
"1735",-8633.966
"1736",-8843.327
"1737",-8742.809
"1738",-9015.364
"1739",-8850.064
"1740",-9130.418
"1741",-8919.057
"1742",-9120.647
"1743",-8771.459
"1744",-9070.241
"1745",-9174.838
"1746",-9198.618
"1747",-8882.433
"1748",-8683.822
"1749",-8874.058
"1750",-8902.991
"1751",-9140.409
"1752",-9140.281
"1753",-9069.876
"1754",-8948.369
"1755",-8706.72
"1756",-8891.448
"1757",-8914.86
"1758",-8897.545
"1759",-8695.026
"1760",-8753.403
"1761",-8919.852
"1762",-9006.625
"1763",-8844.316
"1764",-8726.339
"1765",-9074.084
"1766",-8734.086
"1767",-8736.431
"1768",-8772.826
"1769",-8742.525
"1770",-8666.611
"1771",-8949.423
"1772",-8858.31
"1773",-9064.144
"1774",-8884.023
"1775",-9040.567
"1776",-9295.305
"1777",-8917.8
"1778",-8991.208
"1779",-8769.457
"1780",-8867.549
"1781",-8701.823
"1782",-8836.256
"1783",-9011.994
"1784",-8965.517
"1785",-9078.508
"1786",-8867.122
"1787",-8960.063
"1788",-9143.718
"1789",-9009.051
"1790",-9061.738
"1791",-8974.751
"1792",-8889.916
"1793",-8851.786
"1794",-8939.047
"1795",-8479.714
"1796",-8822.791
"1797",-8994.285
"1798",-8869.178
"1799",-9039.673
"1800",-8874.219
"1801",-8893.002
"1802",-8868.705
"1803",-8897.293
"1804",-8845.785
"1805",-8865.386
"1806",-8758.347
"1807",-9083.978
"1808",-8791.127
"1809",-8759.515
"1810",-8879.633
"1811",-9182.136
"1812",-8922.279
"1813",-8862.857
"1814",-9050.89
"1815",-8967.83
"1816",-8957.18
"1817",-8822.034
"1818",-9067.209
"1819",-8945.653
"1820",-8779.858
"1821",-8788.756
"1822",-8875.079
"1823",-8829.648
"1824",-8987.181
"1825",-8934.859
"1826",-8895.988
"1827",-9080.609
"1828",-8477.309
"1829",-8935.726
"1830",-8863.6
"1831",-9006.545
"1832",-8961.087
"1833",-8833.401
"1834",-8822.299
"1835",-8843.965
"1836",-8965.869
"1837",-8857.811
"1838",-9107.646
"1839",-8640.787
"1840",-8831.393
"1841",-8720.784
"1842",-8849.797
"1843",-8836.462
"1844",-8722.753
"1845",-8938.623
"1846",-8687.013
"1847",-8792.442
"1848",-8777.483
"1849",-8930.756
"1850",-8734.575
"1851",-8997.13
"1852",-8645.356
"1853",-8887.987
"1854",-8996.645
"1855",-8717.082
"1856",-8743.749
"1857",-8987.281
"1858",-8990.012
"1859",-8750.991
"1860",-9159.554
"1861",-8680.349
"1862",-8990.174
"1863",-8783.11
"1864",-8817.912
"1865",-9111.456
"1866",-9043.65
"1867",-8864.979
"1868",-8876.943
"1869",-8921.629
"1870",-8933.723
"1871",-8719.242
"1872",-8861.643
"1873",-9040.14
"1874",-9127.213
"1875",-8621.989
"1876",-9205.449
"1877",-9111.526
"1878",-8836.145
"1879",-8864.942
"1880",-8886.688
"1881",-9168.603
"1882",-8813.716
"1883",-8757.063
"1884",-8874.475
"1885",-9087.012
"1886",-9066.491
"1887",-8815.626
"1888",-8949.686
"1889",-8948.477
"1890",-9047.643
"1891",-8993.899
"1892",-8664.312
"1893",-8987.255
"1894",-9084.47
"1895",-9000.499
"1896",-8949.882
"1897",-8951.429
"1898",-8877.842
"1899",-9020.775
"1900",-8884.886
"1901",-9020.902
"1902",-8715.766
"1903",-8756.497
"1904",-8921.231
"1905",-8923.597
"1906",-8969.23
"1907",-8922.401
"1908",-8941.781
"1909",-9035.295
"1910",-8849.539
"1911",-8847.274
"1912",-9253.255
"1913",-9021.066
"1914",-8870.571
"1915",-8745.554
"1916",-8779.532
"1917",-8974.992
"1918",-8744.496
"1919",-9033.647
"1920",-8965.14
"1921",-8837.737
"1922",-9239.342
"1923",-8966.507
"1924",-8920.974
"1925",-8975.009
"1926",-8699.196
"1927",-8915.548
"1928",-8884.212
"1929",-8862.697
"1930",-9018.19
"1931",-8907.852
"1932",-8733.781
"1933",-8764.036
"1934",-8966.531
"1935",-8697.993
"1936",-8602.624
"1937",-8783.158
"1938",-9120.04
"1939",-9173.034
"1940",-9072.78
"1941",-8854.391
"1942",-8713.794
"1943",-9123.91
"1944",-8990.724
"1945",-9134.172
"1946",-9009.926
"1947",-8945.833
"1948",-8946.95
"1949",-8718.852
"1950",-9152.077
"1951",-8776.556
"1952",-8812.328
"1953",-8776.975
"1954",-9014.615
"1955",-8911.601
"1956",-8936.797
"1957",-9010.128
"1958",-8867.505
"1959",-8665.429
"1960",-8927.844
"1961",-8896.242
"1962",-8702.482
"1963",-8948.188
"1964",-8947.66
"1965",-9083.34
"1966",-8698.463
"1967",-8605.302
"1968",-8909.171
"1969",-8700.371
"1970",-9102.622
"1971",-9026.458
"1972",-9085.271
"1973",-8931.224
"1974",-8761.357
"1975",-8839.779
"1976",-8896.067
"1977",-9125.922
"1978",-8793.786
"1979",-8948.448
"1980",-8709.753
"1981",-9073.714
"1982",-8785.939
"1983",-8888.541
"1984",-8867.472
"1985",-8984.871
"1986",-8692.572
"1987",-8868.699
"1988",-9059.921
"1989",-9113.28
"1990",-8735.535
"1991",-8628.421
"1992",-8813.264
"1993",-8803.684
"1994",-8870.003
"1995",-8844.722
"1996",-9053.403
"1997",-8888.386
"1998",-9109.978
"1999",-8812.488
"2000",-8881.053
"2001",-8938.253
"2002",-8907.527
"2003",-9267.461
"2004",-8843.697
"2005",-8904.348
"2006",-8857.348
"2007",-8877.825
"2008",-8877.587
"2009",-8945.475
"2010",-8594.461
"2011",-8700.488
"2012",-8891.445
"2013",-9024.992
"2014",-8832.942
"2015",-8712.809
"2016",-9037.44
"2017",-8991.493
"2018",-8930.177
"2019",-9128.774
"2020",-8964.443
"2021",-8780.282
"2022",-8836.019
"2023",-8903.965
"2024",-8908.12
"2025",-8967.669
"2026",-9026.349
"2027",-9001.269
"2028",-8878.981
"2029",-8726.777
"2030",-8986.108
"2031",-8844.03
"2032",-8672.445
"2033",-8940.189
"2034",-9178.386
"2035",-8997.355
"2036",-8691.033
"2037",-9010.607
"2038",-9013.196
"2039",-8994.962
"2040",-8845.156
"2041",-8844.521
"2042",-8925.921
"2043",-8826.424
"2044",-8647.217
"2045",-9321.37
"2046",-8716.517
"2047",-9006.404
"2048",-8925.789
"2049",-9032.666
"2050",-9136.141
"2051",-9235.51
"2052",-8720.089
"2053",-8960.093
"2054",-8866.286
"2055",-8829.119
"2056",-9004.77
"2057",-8796.365
"2058",-8950.338
"2059",-8800.946
"2060",-8743.209
"2061",-8897.746
"2062",-8936.307
"2063",-8794.453
"2064",-8838.491
"2065",-8913.666
"2066",-9064.309
"2067",-9088.345
"2068",-8902.207
"2069",-8771.167
"2070",-8866.504
"2071",-8960.802
"2072",-9208.662
"2073",-8900.649
"2074",-9020.816
"2075",-8866.574
"2076",-9106.756
"2077",-8924.702
"2078",-8929.477
"2079",-9039.782
"2080",-8737.932
"2081",-8795.975
"2082",-9214.644
"2083",-8885.973
"2084",-9014.578
"2085",-8938.098
"2086",-8903.343
"2087",-8756.191
"2088",-8913.744
"2089",-8523.671
"2090",-8871.568
"2091",-9102.655
"2092",-8757.396
"2093",-9045.155
"2094",-8763.701
"2095",-8854.811
"2096",-8870.579
"2097",-8897.772
"2098",-8926.809
"2099",-8708.583
"2100",-8802.474
"2101",-9035.696
"2102",-8904.749
"2103",-8964.114
"2104",-8760.458
"2105",-9097.781
"2106",-8685.994
"2107",-8514.161
"2108",-8944.715
"2109",-8902.753
"2110",-9130.116
"2111",-8913.756
"2112",-8833.497
"2113",-8950.285
"2114",-8871.272
"2115",-8940.946
"2116",-8985.631
"2117",-9015.648
"2118",-8780.624
"2119",-8598.222
"2120",-9034.167
"2121",-9263.776
"2122",-8741.136
"2123",-8541.826
"2124",-8822.741
"2125",-9014.386
"2126",-8870.202
"2127",-9035.175
"2128",-8857.736
"2129",-8913.704
"2130",-9127.393
"2131",-8867.192
"2132",-8770.844
"2133",-9141.139
"2134",-8914.077
"2135",-8765.38
"2136",-8801.791
"2137",-9065.635
"2138",-8919.691
"2139",-8752.852
"2140",-8903.93
"2141",-9000.537
"2142",-8911.103
"2143",-9024.79
"2144",-8947.11
"2145",-9075.844
"2146",-8793.388
"2147",-8645.509
"2148",-9011.878
"2149",-8610.127
"2150",-8907.842
"2151",-8922.138
"2152",-9118.707
"2153",-8906.002
"2154",-9011.125
"2155",-8674.729
"2156",-8810.339
"2157",-8764.674
"2158",-8919.418
"2159",-8733.383
"2160",-8732.212
"2161",-8767.148
"2162",-8888.357
"2163",-8998.836
"2164",-8879.887
"2165",-9060.248
"2166",-9081.559
"2167",-9046.22
"2168",-8738.761
"2169",-8998.819
"2170",-8696.97
"2171",-8729.78
"2172",-9102.268
"2173",-9044.831
"2174",-8784.869
"2175",-8863.872
"2176",-8595.198
"2177",-8842.052
"2178",-9040.142
"2179",-8897.836
"2180",-8657.637
"2181",-8720.039
"2182",-8959.192
"2183",-8982.433
"2184",-9051.171
"2185",-8818.228
"2186",-8722.879
"2187",-8947.228
"2188",-8925.171
"2189",-9110.399
"2190",-8843.193
"2191",-8919.464
"2192",-8877.289
"2193",-8856.485
"2194",-8818.98
"2195",-9247.214
"2196",-8717.217
"2197",-8564.447
"2198",-8970.007
"2199",-9254.404
"2200",-8963.208
"2201",-8913.348
"2202",-9044.949
"2203",-8901.078
"2204",-8812.437
"2205",-8891.042
"2206",-8988.124
"2207",-8969.18
"2208",-8820.912
"2209",-8703.898
"2210",-9022.384
"2211",-8629.47
"2212",-8919.865
"2213",-9046.678
"2214",-8904.428
"2215",-8795.127
"2216",-8877.525
"2217",-8845.561
"2218",-8750.649
"2219",-8861.673
"2220",-8899.844
"2221",-8800.508
"2222",-8919.628
"2223",-9078.976
"2224",-8661.545
"2225",-8585.23
"2226",-9012.652
"2227",-9003.665
"2228",-9006.47
"2229",-8729.607
"2230",-8776.646
"2231",-9036.308
"2232",-8797.232
"2233",-8850.624
"2234",-8973.458
"2235",-8816.252
"2236",-9212.324
"2237",-8808.882
"2238",-8869.849
"2239",-8765.003
"2240",-9193.752
"2241",-8825.26
"2242",-8811.602
"2243",-8682.757
"2244",-9042.185
"2245",-8776.358
"2246",-8943.752
"2247",-8859.642
"2248",-8789.874
"2249",-8807.834
"2250",-8756.632
"2251",-9152.88
"2252",-8893.524
"2253",-9002.102
"2254",-8701.639
"2255",-8842.614
"2256",-9074.49
"2257",-9024.148
"2258",-8763.13
"2259",-8758.704
"2260",-9100.326
"2261",-8901.426
"2262",-8932.315
"2263",-8499.261
"2264",-8724.278
"2265",-8970.199
"2266",-8892.946
"2267",-8717.66
"2268",-8710.873
"2269",-9131.765
"2270",-8910.938
"2271",-8670.227
"2272",-8812.084
"2273",-8865.336
"2274",-8952.085
"2275",-8978.784
"2276",-8691.296
"2277",-9196.64
"2278",-8720.219
"2279",-8696.628
"2280",-8596.401
"2281",-8735.291
"2282",-9292.047
"2283",-8736.457
"2284",-8844.027
"2285",-8784.519
"2286",-8887.699
"2287",-8930.423
"2288",-9232.405
"2289",-8939.72
"2290",-8913.141
"2291",-9015.974
"2292",-8832.452
"2293",-9035.438
"2294",-8888.917
"2295",-8915.994
"2296",-8896.735
"2297",-8869.953
"2298",-8780.431
"2299",-8816.361
"2300",-8877.605
"2301",-8833.599
"2302",-8831.843
"2303",-9055.162
"2304",-8907.563
"2305",-9198.096
"2306",-8899.145
"2307",-8864.907
"2308",-9003.686
"2309",-8781.148
"2310",-9073.305
"2311",-8821.318
"2312",-9021.218
"2313",-8754.928
"2314",-8857.586
"2315",-8862.316
"2316",-8741.924
"2317",-8664.844
"2318",-8871.602
"2319",-9033.993
"2320",-8733.704
"2321",-9138.433
"2322",-8940.738
"2323",-8859.447
"2324",-8876.863
"2325",-9049.723
"2326",-8702.777
"2327",-8908.714
"2328",-8873.363
"2329",-9112.283
"2330",-8790.349
"2331",-8665.651
"2332",-8888.909
"2333",-8826.939
"2334",-8863.695
"2335",-8775.528
"2336",-8983.158
"2337",-8766.401
"2338",-8842.318
"2339",-8776.816
"2340",-8768.39
"2341",-8887.397
"2342",-8910.834
"2343",-8809.571
"2344",-8797.015
"2345",-8736.345
"2346",-8821.413
"2347",-8940.927
"2348",-9033.357
"2349",-8862.428
"2350",-8736.96
"2351",-8675.527
"2352",-8963.299
"2353",-8829.501
"2354",-9017.266
"2355",-8912.96
"2356",-8915.067
"2357",-8908.312
"2358",-8824.631
"2359",-9013.651
"2360",-9151.957
"2361",-8789.659
"2362",-8990.167
"2363",-8722.716
"2364",-8916.928
"2365",-8630.273
"2366",-9083.441
"2367",-9008.316
"2368",-8868.509
"2369",-9019.679
"2370",-8827.291
"2371",-8620.842
"2372",-8920.536
"2373",-9151.673
"2374",-9019.517
"2375",-8717.589
"2376",-8785.287
"2377",-8936.627
"2378",-9121.715
"2379",-9173.959
"2380",-8631.169
"2381",-8789.691
"2382",-8812.969
"2383",-9028.877
"2384",-9035.87
"2385",-8694.927
"2386",-8928.809
"2387",-8917.661
"2388",-8858.83
"2389",-9149.702
"2390",-9051.408
"2391",-8833.282
"2392",-8690.544
"2393",-8797.079
"2394",-8848.222
"2395",-8936.013
"2396",-8930.344
"2397",-9169.318
"2398",-9182.375
"2399",-8821.527
"2400",-8772.892
"2401",-8988.133
"2402",-9036.006
"2403",-9135.79
"2404",-9112.078
"2405",-8972.568
"2406",-8615.572
"2407",-8695.994
"2408",-8861.156
"2409",-8806.288
"2410",-8750.209
"2411",-8851.294
"2412",-9072.196
"2413",-8723.27
"2414",-8680.631
"2415",-9027.611
"2416",-8803.365
"2417",-8914.997
"2418",-8980.365
"2419",-9044.382
"2420",-8890.382
"2421",-9041.214
"2422",-8995.026
"2423",-8967.168
"2424",-8871.463
"2425",-9037.265
"2426",-8831.193
"2427",-8852.749
"2428",-8641.711
"2429",-9066.002
"2430",-9186.826
"2431",-8842.027
"2432",-8939.772
"2433",-9115.081
"2434",-8871.295
"2435",-8766.12
"2436",-8944.611
"2437",-9028.96
"2438",-9052.794
"2439",-8820.655
"2440",-9042.579
"2441",-9097.962
"2442",-9241.36
"2443",-8882.969
"2444",-9070.086
"2445",-8900.771
"2446",-8965.748
"2447",-8952.97
"2448",-8929.224
"2449",-8900.168
"2450",-9058.194
"2451",-8954.201
"2452",-9089.076
"2453",-8725.952
"2454",-9184.988
"2455",-8897.016
"2456",-9024.392
"2457",-9092.837
"2458",-9065.71
"2459",-9126.644
"2460",-8810.301
"2461",-9028.161
"2462",-8913.277
"2463",-8928.519
"2464",-8689.877
"2465",-9065.468
"2466",-8829.902
"2467",-8782.556
"2468",-8985.396
"2469",-8946.666
"2470",-8920.095
"2471",-8696.163
"2472",-8897.013
"2473",-8854.208
"2474",-8905.487
"2475",-9004.064
"2476",-8956.271
"2477",-8864.242
"2478",-9158.658
"2479",-9003.355
"2480",-8850.933
"2481",-8913.61
"2482",-8769.485
"2483",-9015.183
"2484",-8673.115
"2485",-8985.546
"2486",-8971.134
"2487",-8960.343
"2488",-8972.841
"2489",-9056.587
"2490",-8987.392
"2491",-8890.909
"2492",-8824.795
"2493",-8768.204
"2494",-9081.433
"2495",-9024.097
"2496",-8901.588
"2497",-8954.448
"2498",-8946.546
"2499",-8681.491
"2500",-8870.854
"2501",-9104.363
"2502",-9133.793
"2503",-8633.52
"2504",-8913.178
"2505",-8969.81
"2506",-8647.734
"2507",-9081.932
"2508",-9021.579
"2509",-8793.788
"2510",-8798.919
"2511",-9185.676
"2512",-8827.409
"2513",-8828.237
"2514",-8973.79
"2515",-8938.182
"2516",-9036.295
"2517",-8842.665
"2518",-8865.658
"2519",-8740.227
"2520",-9089.79
"2521",-9047.727
"2522",-8904.486
"2523",-8880.631
"2524",-8995.418
"2525",-8779.963
"2526",-9152.254
"2527",-8784.39
"2528",-8898.255
"2529",-9026.575
"2530",-8975.98
"2531",-9027.934
"2532",-9069.61
"2533",-8778.596
"2534",-8965.088
"2535",-8715.799
"2536",-8983.539
"2537",-8813.008
"2538",-8825.068
"2539",-9211.649
"2540",-8853.887
"2541",-8891.603
"2542",-8700.602
"2543",-8679.692
"2544",-9034.931
"2545",-8963.243
"2546",-8954.547
"2547",-8981.77
"2548",-8710.6
"2549",-9006.575
"2550",-8816.75
"2551",-8961.913
"2552",-8846.518
"2553",-8968.165
"2554",-8854.103
"2555",-9056.18
"2556",-8978.211
"2557",-9097.122
"2558",-8606.558
"2559",-9008.336
"2560",-8740.856
"2561",-8769.637
"2562",-8839.647
"2563",-8925.145
"2564",-8967.294
"2565",-9242.469
"2566",-8930.213
"2567",-9059.332
"2568",-8826.787
"2569",-8998.237
"2570",-8892.63
"2571",-8868.9
"2572",-8937.693
"2573",-8922.35
"2574",-8981.335
"2575",-9174.857
"2576",-9140.218
"2577",-9066.514
"2578",-8845.143
"2579",-8817.146
"2580",-9039.814
"2581",-9118.924
"2582",-8971.838
"2583",-8989.072
"2584",-8972.159
"2585",-8696.183
"2586",-9016.458
"2587",-9071.324
"2588",-8826.647
"2589",-8764.592
"2590",-9046.831
"2591",-9104.393
"2592",-8967.5
"2593",-9040.998
"2594",-8690.828
"2595",-8919.749
"2596",-8811.672
"2597",-9361.171
"2598",-8884.734
"2599",-9006.929
"2600",-8725.622
"2601",-9157.746
"2602",-8742.266
"2603",-8923.607
"2604",-8813.737
"2605",-8838.133
"2606",-8947.575
"2607",-8984.466
"2608",-8790.872
"2609",-8807.859
"2610",-8981.323
"2611",-8816.272
"2612",-9058.939
"2613",-8884.931
"2614",-8675.796
"2615",-9113.797
"2616",-8889.696
"2617",-9115.784
"2618",-8799.712
"2619",-8767.823
"2620",-8763.242
"2621",-8898.953
"2622",-8774.784
"2623",-8810.447
"2624",-8973.476
"2625",-8996.512
"2626",-9119.22
"2627",-9118.208
"2628",-8732.571
"2629",-8776.302
"2630",-8867.473
"2631",-9057.853
"2632",-8388.044
"2633",-8879.671
"2634",-9050.809
"2635",-9059.528
"2636",-8730.011
"2637",-8781.439
"2638",-8757.038
"2639",-9029.251
"2640",-8579.634
"2641",-8603.228
"2642",-8876.732
"2643",-8769.704
"2644",-8628.422
"2645",-9088.695
"2646",-9179.523
"2647",-8539.857
"2648",-8748.342
"2649",-9109.36
"2650",-8532.479
"2651",-8707.948
"2652",-8872.238
"2653",-8812.245
"2654",-9028.188
"2655",-8821.212
"2656",-9024.722
"2657",-9020.193
"2658",-8746.302
"2659",-8713.445
"2660",-8995.042
"2661",-8943.444
"2662",-9057.578
"2663",-9060.371
"2664",-8895.106
"2665",-8920.081
"2666",-8778.157
"2667",-8918.522
"2668",-8770.608
"2669",-8946.637
"2670",-8709.482
"2671",-8791.713
"2672",-9149.019
"2673",-9078.361
"2674",-8730.585
"2675",-8880.8
"2676",-9039.303
"2677",-8845.162
"2678",-9156.296
"2679",-8952.644
"2680",-8733.729
"2681",-8773.073
"2682",-8902.412
"2683",-9053.476
"2684",-8863.863
"2685",-8719.319
"2686",-8690.844
"2687",-8990.563
"2688",-8717.359
"2689",-9005.755
"2690",-8982.913
"2691",-8812.255
"2692",-8989.125
"2693",-8920.614
"2694",-8802.187
"2695",-9225.976
"2696",-8981.752
"2697",-8835.121
"2698",-9021.666
"2699",-8813.788
"2700",-8933.778
"2701",-8971.454
"2702",-8790.592
"2703",-8987.895
"2704",-8966.365
"2705",-8879.188
"2706",-9007.404
"2707",-8940.997
"2708",-8741.632
"2709",-9033.378
"2710",-8821.471
"2711",-8647.215
"2712",-8899.794
"2713",-8901.654
"2714",-9105.772
"2715",-8775.479
"2716",-8873.362
"2717",-9008.36
"2718",-8902.25
"2719",-9008.986
"2720",-9090.765
"2721",-8939.007
"2722",-8814.253
"2723",-9136.482
"2724",-8865.162
"2725",-9003.179
"2726",-8696.86
"2727",-8709.734
"2728",-8890.025
"2729",-8813.968
"2730",-9089.974
"2731",-8968.552
"2732",-9090.553
"2733",-8865.523
"2734",-8950.232
"2735",-8888.2
"2736",-8825.41
"2737",-8943.814
"2738",-8835.39
"2739",-8962.896
"2740",-8742.958
"2741",-8875.307
"2742",-8653.287
"2743",-9087.838
"2744",-8785.482
"2745",-9088.848
"2746",-8939.683
"2747",-8871.172
"2748",-8810.998
"2749",-8837.945
"2750",-8906.693
"2751",-8789.013
"2752",-9072.174
"2753",-9010.441
"2754",-9119.256
"2755",-8942.05
"2756",-8862.922
"2757",-8989.54
"2758",-9342.055
"2759",-8927.398
"2760",-8821.612
"2761",-9027.734
"2762",-9046.684
"2763",-8638.846
"2764",-8803.344
"2765",-8843.208
"2766",-8805.826
"2767",-8785.584
"2768",-8705.604
"2769",-8835.608
"2770",-8931.772
"2771",-9047.647
"2772",-8661.692
"2773",-8918.801
"2774",-8736.3
"2775",-8992.43
"2776",-8736.313
"2777",-9204.432
"2778",-8926.575
"2779",-8735.081
"2780",-8926.163
"2781",-8856.401
"2782",-9131.598
"2783",-9178.348
"2784",-9077.768
"2785",-8652.094
"2786",-8991.044
"2787",-9051.624
"2788",-8788.049
"2789",-9083.948
"2790",-8706.95
"2791",-9057.536
"2792",-8747.366
"2793",-8946.862
"2794",-8946.581
"2795",-8862.983
"2796",-8966.9
"2797",-8957.657
"2798",-8798.098
"2799",-8742.868
"2800",-8947.328
"2801",-9040.721
"2802",-8715.052
"2803",-8806.509
"2804",-8901.941
"2805",-8815.864
"2806",-8743.424
"2807",-9082.065
"2808",-8786.053
"2809",-9210.578
"2810",-8785.68
"2811",-8911.345
"2812",-8681.522
"2813",-9045.701
"2814",-9120.144
"2815",-9030.542
"2816",-8878.015
"2817",-8993.209
"2818",-8870.316
"2819",-8728.387
"2820",-8734.842
"2821",-9073.144
"2822",-9106.354
"2823",-9005.816
"2824",-8916.619
"2825",-8667.471
"2826",-8824.379
"2827",-9111.431
"2828",-8987.451
"2829",-9053.294
"2830",-9050.892
"2831",-8917.798
"2832",-8878.302
"2833",-9011.767
"2834",-8962.834
"2835",-9038.693
"2836",-8940.723
"2837",-9020.313
"2838",-9011.174
"2839",-9186.129
"2840",-8827.823
"2841",-8958.945
"2842",-9038.597
"2843",-9022.023
"2844",-8748.616
"2845",-9031.578
"2846",-8908.197
"2847",-8799.705
"2848",-9145.084
"2849",-8606.61
"2850",-9141.986
"2851",-9214.547
"2852",-8832.632
"2853",-8623.629
"2854",-8811.921
"2855",-9029.166
"2856",-8897.995
"2857",-8950.645
"2858",-9011.382
"2859",-8832.017
"2860",-8661.705
"2861",-8778.521
"2862",-9179.126
"2863",-8825.968
"2864",-8773.7
"2865",-8779.11
"2866",-8897.615
"2867",-8752.287
"2868",-8668.865
"2869",-8648.973
"2870",-8850.357
"2871",-9051.904
"2872",-8851.34
"2873",-8911.187
"2874",-8720.303
"2875",-9189.155
"2876",-8804.175
"2877",-8850.549
"2878",-8982.242
"2879",-8893.008
"2880",-8738.141
"2881",-8871.587
"2882",-8567.941
"2883",-8983.566
"2884",-8992.422
"2885",-8971.378
"2886",-9164.015
"2887",-9107.482
"2888",-8408.315
"2889",-8750.21
"2890",-8972.845
"2891",-8650.008
"2892",-8968.845
"2893",-9012.895
"2894",-8805.21
"2895",-8881.223
"2896",-8783.732
"2897",-8943.354
"2898",-8659.493
"2899",-8942.813
"2900",-8866.432
"2901",-8834.452
"2902",-8953.234
"2903",-8899.737
"2904",-8942.741
"2905",-9217.714
"2906",-8960.234
"2907",-9027.989
"2908",-8892.037
"2909",-8867.087
"2910",-8876.408
"2911",-8971.569
"2912",-9162.574
"2913",-9008.33
"2914",-8817.549
"2915",-8962.816
"2916",-9131.813
"2917",-8984.526
"2918",-8656.793
"2919",-8909.69
"2920",-8873.643
"2921",-9137.371
"2922",-8839.485
"2923",-8846.779
"2924",-8753.968
"2925",-8949.676
"2926",-8705.206
"2927",-8939.438
"2928",-8832.428
"2929",-8993.448
"2930",-9037.619
"2931",-8760.103
"2932",-8844.993
"2933",-9049.093
"2934",-8949.183
"2935",-8996.963
"2936",-9168.31
"2937",-9061.318
"2938",-8845.851
"2939",-8935.283
"2940",-8792.238
"2941",-8603.968
"2942",-8918.485
"2943",-9295.232
"2944",-8964.355
"2945",-8996.369
"2946",-9065.063
"2947",-8691.176
"2948",-8726.063
"2949",-9174.959
"2950",-8830.199
"2951",-8933.314
"2952",-8559.837
"2953",-8954.9
"2954",-9075.258
"2955",-8898.404
"2956",-8897.127
"2957",-8911.983
"2958",-8794.898
"2959",-8791.777
"2960",-9004.274
"2961",-8892.904
"2962",-8800.709
"2963",-8696.43
"2964",-8829.822
"2965",-8782.907
"2966",-9060.834
"2967",-8933.057
"2968",-8805.821
"2969",-9150.434
"2970",-8848.859
"2971",-8986.57
"2972",-8913.886
"2973",-8725.501
"2974",-8788.88
"2975",-8791.275
"2976",-8773.966
"2977",-8747.841
"2978",-9026.655
"2979",-9091.119
"2980",-8779.14
"2981",-9109.833
"2982",-8963.239
"2983",-8677.917
"2984",-8967.64
"2985",-9040.369
"2986",-8845.821
"2987",-8953.255
"2988",-8611.085
"2989",-8759.072
"2990",-8962.216
"2991",-8882.973
"2992",-8958.302
"2993",-8791.026
"2994",-8820.251
"2995",-9060.59
"2996",-9011.939
"2997",-9027.82
"2998",-9097.345
"2999",-8952.016
"3000",-9026.554
"3001",-9012.487
"3002",-8993.361
"3003",-8960.314
"3004",-8916.575
"3005",-8645.635
"3006",-9024.925
"3007",-9010.541
"3008",-9199.829
"3009",-9069.037
"3010",-8937.736
"3011",-8970.524
"3012",-8811.769
"3013",-8934.232
"3014",-8942.445
"3015",-8991.191
"3016",-8768.314
"3017",-9032.702
"3018",-9176.427
"3019",-8965.163
"3020",-9004.177
"3021",-8999.15
"3022",-8841.545
"3023",-9052.74
"3024",-8959.22
"3025",-8839.374
"3026",-8891.358
"3027",-8824.357
"3028",-8756.064
"3029",-8774.015
"3030",-8836.977
"3031",-8895.08
"3032",-8731.515
"3033",-9107.339
"3034",-8963.384
"3035",-9076.617
"3036",-8785.456
"3037",-8857.018
"3038",-8913.635
"3039",-8841.154
"3040",-8966.759
"3041",-8824.254
"3042",-8803.458
"3043",-8928.695
"3044",-9040.11
"3045",-8914.115
"3046",-8863.123
"3047",-8985.628
"3048",-8780.564
"3049",-9128.661
"3050",-8900.796
"3051",-8902.398
"3052",-8715.251
"3053",-9059.662
"3054",-9008.812
"3055",-8948.731
"3056",-8846.07
"3057",-8824.69
"3058",-8712.039
"3059",-8512.669
"3060",-9014.788
"3061",-8959.684
"3062",-8861.789
"3063",-9021.926
"3064",-8984.729
"3065",-8760.061
"3066",-8889.91
"3067",-8779.873
"3068",-9094.323
"3069",-8804.655
"3070",-8801.838
"3071",-8949.566
"3072",-8837.975
"3073",-8921.439
"3074",-8757.045
"3075",-8926.588
"3076",-8744.967
"3077",-8824.242
"3078",-8979.223
"3079",-8852.264
"3080",-8889.754
"3081",-8745.851
"3082",-9136.517
"3083",-8822.162
"3084",-8785.188
"3085",-8850.296
"3086",-9056.083
"3087",-8989.251
"3088",-8849.695
"3089",-8904.623
"3090",-8943.529
"3091",-8965.53
"3092",-8890.33
"3093",-8880.674
"3094",-8729.372
"3095",-8771.841
"3096",-8833.628
"3097",-8618.252
"3098",-8961.444
"3099",-8965.628
"3100",-8916.022
"3101",-8978.853
"3102",-8933.741
"3103",-9028.05
"3104",-8986.605
"3105",-8769.763
"3106",-8709.65
"3107",-8743.438
"3108",-8862.409
"3109",-8975.462
"3110",-8939.329
"3111",-9173.85
"3112",-8792.908
"3113",-8759.249
"3114",-8970.946
"3115",-9026.834
"3116",-8896.385
"3117",-8852.624
"3118",-8991.949
"3119",-8816.322
"3120",-8860.264
"3121",-8802.647
"3122",-9040.283
"3123",-8838.42
"3124",-8973.564
"3125",-8756.219
"3126",-8776.577
"3127",-9061.237
"3128",-9178.47
"3129",-8950.265
"3130",-9003.332
"3131",-8815.08
"3132",-8751.768
"3133",-8980.572
"3134",-9247.607
"3135",-8841.887
"3136",-8837.057
"3137",-8914.445
"3138",-8847.869
"3139",-8853.93
"3140",-8757.97
"3141",-8946.177
"3142",-8863.886
"3143",-8900.004
"3144",-8830.023
"3145",-8794.431
"3146",-8752.775
"3147",-8964.833
"3148",-8781.64
"3149",-9084.323
"3150",-8759.819
"3151",-9054.095
"3152",-8913.482
"3153",-8799.13
"3154",-8999.18
"3155",-8920.105
"3156",-8779.259
"3157",-8969.766
"3158",-9052.545
"3159",-9044.607
"3160",-8939.546
"3161",-8726.911
"3162",-8819.118
"3163",-9031.478
"3164",-9195.447
"3165",-8776.281
"3166",-8994.06
"3167",-8886.307
"3168",-9011.818
"3169",-9048.585
"3170",-8842.518
"3171",-8734.692
"3172",-9026.634
"3173",-9035.845
"3174",-8910.762
"3175",-8972.055
"3176",-8955.981
"3177",-8885.051
"3178",-8792.463
"3179",-8946.229
"3180",-9006.168
"3181",-9114.155
"3182",-8716.469
"3183",-8907.782
"3184",-8799.677
"3185",-9115.18
"3186",-9149.21
"3187",-9105.038
"3188",-8757.756
"3189",-9114.181
"3190",-9028.657
"3191",-8832.222
"3192",-8852.901
"3193",-8810.546
"3194",-9112.963
"3195",-8731.499
"3196",-8709.678
"3197",-8731.491
"3198",-9013.224
"3199",-8601.628
"3200",-8884.26
"3201",-8841.957
"3202",-8733.528
"3203",-8797.525
"3204",-8573.823
"3205",-8871.725
"3206",-9242.918
"3207",-8841.614
"3208",-8807.234
"3209",-8796.855
"3210",-9055.375
"3211",-9253.729
"3212",-9048.5
"3213",-9128.786
"3214",-8718.097
"3215",-8862.738
"3216",-8916.778
"3217",-8824.926
"3218",-9078.107
"3219",-8934.41
"3220",-8794.317
"3221",-8794.944
"3222",-9195.493
"3223",-8718.152
"3224",-9007.116
"3225",-8839.479
"3226",-8808.021
"3227",-8842.648
"3228",-8868.767
"3229",-8914.622
"3230",-8858.475
"3231",-9104.698
"3232",-8803.943
"3233",-9032.401
"3234",-8732.744
"3235",-8777.358
"3236",-8837.989
"3237",-9117.121
"3238",-8792.849
"3239",-8689.104
"3240",-8868.931
"3241",-8767.406
"3242",-8845.946
"3243",-9015.401
"3244",-8987.235
"3245",-8855.122
"3246",-8814.018
"3247",-8935.752
"3248",-8903.727
"3249",-8833.133
"3250",-8692.59
"3251",-9126.903
"3252",-9033.389
"3253",-8835.14
"3254",-9198.293
"3255",-9040.647
"3256",-8965.225
"3257",-8968.91
"3258",-8843.018
"3259",-8886.278
"3260",-8977.293
"3261",-9053.424
"3262",-8648.671
"3263",-9021.965
"3264",-8832.144
"3265",-9100.564
"3266",-8858.834
"3267",-8840.227
"3268",-8968.052
"3269",-9031.472
"3270",-8928.491
"3271",-8822.488
"3272",-8915.395
"3273",-8694.623
"3274",-9098.318
"3275",-9115.453
"3276",-9090.33
"3277",-8756.655
"3278",-8965.07
"3279",-8985.04
"3280",-8942.871
"3281",-8920.458
"3282",-8592.147
"3283",-9046.357
"3284",-9010.218
"3285",-8723.926
"3286",-8972.534
"3287",-8838.375
"3288",-8852.822
"3289",-9102.162
"3290",-8825.908
"3291",-8700.797
"3292",-9022.728
"3293",-8762.549
"3294",-8821.422
"3295",-9019.552
"3296",-8946.324
"3297",-9021.187
"3298",-8798.069
"3299",-8880.229
"3300",-8838.423
"3301",-8979.678
"3302",-8769.148
"3303",-8935.174
"3304",-8898.699
"3305",-8783.318
"3306",-8821.005
"3307",-8930.996
"3308",-8635.939
"3309",-8878.446
"3310",-8939.086
"3311",-8781.374
"3312",-8872.662
"3313",-8813.183
"3314",-9107.673
"3315",-9088.314
"3316",-8918.408
"3317",-9049.334
"3318",-8980.82
"3319",-8666.31
"3320",-8848.563
"3321",-9092.443
"3322",-8695.295
"3323",-8777.751
"3324",-8775.145
"3325",-9204.646
"3326",-9012.501
"3327",-8804.681
"3328",-8880.151
"3329",-8823.531
"3330",-8781.214
"3331",-8731.804
"3332",-8869.394
"3333",-8987.218
"3334",-9064.395
"3335",-9093.859
"3336",-8988.691
"3337",-8660.501
"3338",-8909.895
"3339",-8623.727
"3340",-8790.789
"3341",-8902.033
"3342",-8670.26
"3343",-8846.317
"3344",-8992.511
"3345",-8678.27
"3346",-8833.958
"3347",-8953.323
"3348",-8749.774
"3349",-8992.317
"3350",-8778.011
"3351",-8884.387
"3352",-8901.151
"3353",-8907.962
"3354",-9028.241
"3355",-8887.212
"3356",-8892.271
"3357",-8820.58
"3358",-8794.021
"3359",-8831.866
"3360",-8783.28
"3361",-8743.15
"3362",-8827.364
"3363",-9084.121
"3364",-8811.05
"3365",-8802.935
"3366",-8998.587
"3367",-8833.636
"3368",-9175.92
"3369",-8712.886
"3370",-8834.977
"3371",-8897.294
"3372",-8889.879
"3373",-8918.704
"3374",-8836.567
"3375",-8871.601
"3376",-8874.833
"3377",-8550.803
"3378",-8945.126
"3379",-9036.433
"3380",-8905.47
"3381",-8813.659
"3382",-8851.66
"3383",-9061.357
"3384",-9045.444
"3385",-8714.721
"3386",-8736.086
"3387",-9080.629
"3388",-8806.866
"3389",-9049.983
"3390",-8818.841
"3391",-9069.807
"3392",-8855.853
"3393",-8759.452
"3394",-8909.72
"3395",-9202.201
"3396",-8871.838
"3397",-8926.096
"3398",-8873.476
"3399",-8793.779
"3400",-8906.82
"3401",-8810.247
"3402",-8775.432
"3403",-8737.102
"3404",-8900.109
"3405",-8554.671
"3406",-8769.078
"3407",-8747.435
"3408",-8940.155
"3409",-8785.466
"3410",-8879.502
"3411",-8981.835
"3412",-8980.348
"3413",-8562.926
"3414",-9031.589
"3415",-8661.272
"3416",-8939.877
"3417",-8709.675
"3418",-8837.373
"3419",-9068.93
"3420",-9083.893
"3421",-8686.921
"3422",-8945.412
"3423",-8936.883
"3424",-9032.296
"3425",-8909.981
"3426",-8767.366
"3427",-8791.049
"3428",-8966.631
"3429",-8812.173
"3430",-8845.784
"3431",-8940.983
"3432",-8846.692
"3433",-8871.368
"3434",-8707.343
"3435",-8735.919
"3436",-8841.87
"3437",-8985.348
"3438",-8858.804
"3439",-9192.814
"3440",-9168.587
"3441",-8774.461
"3442",-9024.354
"3443",-8879.099
"3444",-8841.227
"3445",-9143.707
"3446",-9196.61
"3447",-8869.947
"3448",-9219.462
"3449",-8928.154
"3450",-8897.759
"3451",-8725.536
"3452",-8912.788
"3453",-8884.313
"3454",-8939.697
"3455",-8836.864
"3456",-8978.634
"3457",-8999.415
"3458",-8857.621
"3459",-9111.406
"3460",-8993.952
"3461",-8926.015
"3462",-8988.372
"3463",-8881.751
"3464",-9011.423
"3465",-9020.801
"3466",-8681.644
"3467",-9022.568
"3468",-8949.07
"3469",-8954.378
"3470",-8827.241
"3471",-9146.138
"3472",-8849.549
"3473",-8789.26
"3474",-8917.158
"3475",-8907.919
"3476",-8878.334
"3477",-8710.854
"3478",-8819.674
"3479",-8916.106
"3480",-8701.532
"3481",-9188.596
"3482",-8654.9
"3483",-8722.79
"3484",-8880.774
"3485",-8892.381
"3486",-8690.564
"3487",-8986.453
"3488",-9050.349
"3489",-9103.074
"3490",-9097.611
"3491",-9072.089
"3492",-8839.214
"3493",-9181.615
"3494",-9039.44
"3495",-8982.326
"3496",-9052.061
"3497",-8909.796
"3498",-8841.283
"3499",-8879.525
"3500",-8769.832
"3501",-8794.128
"3502",-8592.119
"3503",-8781.128
"3504",-8909.027
"3505",-8945.697
"3506",-8825.946
"3507",-9001.084
"3508",-8840.025
"3509",-8989.748
"3510",-8898.172
"3511",-8984.194
"3512",-8858.656
"3513",-9037.133
"3514",-9013.885
"3515",-8850.916
"3516",-8795.076
"3517",-8822.644
"3518",-8968.266
"3519",-8888.35
"3520",-8921.377
"3521",-8845.803
"3522",-8873.263
"3523",-8879.2
"3524",-8997.174
"3525",-8897.676
"3526",-8885.881
"3527",-9000.211
"3528",-9116.754
"3529",-8840.36
"3530",-8742.57
"3531",-8900.09
"3532",-9109.172
"3533",-8793.947
"3534",-8902.577
"3535",-8884.795
"3536",-9111.639
"3537",-8887.806
"3538",-9008.167
"3539",-8927.83
"3540",-8913.815
"3541",-8890.616
"3542",-8824.862
"3543",-8948.237
"3544",-9036.615
"3545",-8819.022
"3546",-8908.447
"3547",-8889.759
"3548",-9078.694
"3549",-8905.109
"3550",-8802.495
"3551",-8881.047
"3552",-8725.804
"3553",-8958.044
"3554",-8797.51
"3555",-8663.117
"3556",-8824.58
"3557",-8773.592
"3558",-8856.092
"3559",-8618.413
"3560",-9083.492
"3561",-8975.522
"3562",-8882.243
"3563",-8997.592
"3564",-8989.165
"3565",-9047.924
"3566",-8948.757
"3567",-9041.948
"3568",-9026.178
"3569",-8807.052
"3570",-8844.589
"3571",-8995.266
"3572",-8981.769
"3573",-8925.311
"3574",-8795.528
"3575",-8843.442
"3576",-8618.922
"3577",-8710.37
"3578",-9275.495
"3579",-8957.919
"3580",-8574.563
"3581",-8943.745
"3582",-9033.212
"3583",-8599.372
"3584",-8786.686
"3585",-9126.29
"3586",-8942.304
"3587",-9002.06
"3588",-8837.552
"3589",-9038.393
"3590",-9150.946
"3591",-8894.713
"3592",-9015.16
"3593",-8869.559
"3594",-8689.074
"3595",-8945.981
"3596",-8980.106
"3597",-8820.557
"3598",-8885.494
"3599",-8820.722
"3600",-8822.926
"3601",-9139.931
"3602",-8801.512
"3603",-8965.078
"3604",-9131.257
"3605",-8846.327
"3606",-9114.395
"3607",-9031.644
"3608",-9008.895
"3609",-8741.12
"3610",-8989.01
"3611",-8664.774
"3612",-8812.098
"3613",-8970.398
"3614",-8910.081
"3615",-9069.98
"3616",-8963.185
"3617",-8896.71
"3618",-9153.05
"3619",-8785.437
"3620",-8810.744
"3621",-8969.225
"3622",-8718.075
"3623",-9109.792
"3624",-8947.919
"3625",-8885.981
"3626",-8915.593
"3627",-8752.616
"3628",-8955.15
"3629",-8870.707
"3630",-9058.698
"3631",-8836.955
"3632",-9096.691
"3633",-8865.786
"3634",-8751.314
"3635",-8999.563
"3636",-9124.834
"3637",-8997.66
"3638",-8991.765
"3639",-8818.842
"3640",-9068.554
"3641",-8908.841
"3642",-8878.787
"3643",-8904.182
"3644",-8904.607
"3645",-8936.179
"3646",-8889.106
"3647",-9107.166
"3648",-8759.051
"3649",-8998.686
"3650",-9251.485
"3651",-8878.602
"3652",-8823.999
"3653",-8705.797
"3654",-8666.138
"3655",-8937.637
"3656",-8723.388
"3657",-8953.513
"3658",-8778.212
"3659",-8580.124
"3660",-8795.323
"3661",-8751.696
"3662",-9092.38
"3663",-8961.556
"3664",-8626.964
"3665",-8902.304
"3666",-8737.752
"3667",-9060.537
"3668",-8678.876
"3669",-9021.304
"3670",-9013.042
"3671",-8631.008
"3672",-8995.535
"3673",-8672.358
"3674",-9013.121
"3675",-8966.368
"3676",-9119.16
"3677",-8630.184
"3678",-8811.091
"3679",-8827.98
"3680",-8712.367
"3681",-8941.283
"3682",-8842.95
"3683",-8824.529
"3684",-8954.287
"3685",-8936.488
"3686",-8971.569
"3687",-8672.2
"3688",-8705.171
"3689",-8789.757
"3690",-8753.776
"3691",-8721.164
"3692",-8769.458
"3693",-8995.605
"3694",-8849.794
"3695",-8974.963
"3696",-8887.909
"3697",-9075.926
"3698",-8773.738
"3699",-8955.605
"3700",-8914.173
"3701",-8699.21
"3702",-9136.033
"3703",-8696.813
"3704",-8975.544
"3705",-8782.937
"3706",-8874.536
"3707",-8931.583
"3708",-8916.154
"3709",-8967.066
"3710",-8760.69
"3711",-9065.778
"3712",-8964.492
"3713",-8758.432
"3714",-9102.676
"3715",-8865.292
"3716",-8988.967
"3717",-8926.549
"3718",-8967.246
"3719",-8940.078
"3720",-8912.19
"3721",-9111.614
"3722",-8866.236
"3723",-8863.555
"3724",-9086.019
"3725",-9063.459
"3726",-8774.094
"3727",-8786.44
"3728",-8990.484
"3729",-8846.79
"3730",-8836.37
"3731",-8740.802
"3732",-8700.15
"3733",-8663.575
"3734",-9058.597
"3735",-8909.913
"3736",-8854.788
"3737",-8939.274
"3738",-8782.061
"3739",-9081.662
"3740",-8835.201
"3741",-8707.378
"3742",-8756.372
"3743",-8864.847
"3744",-8641.095
"3745",-8985.959
"3746",-9145.946
"3747",-9152.319
"3748",-8681.562
"3749",-9023.999
"3750",-8987.081
"3751",-8966.858
"3752",-8945.764
"3753",-9171.24
"3754",-8684.632
"3755",-8779.755
"3756",-8858.335
"3757",-8826.974
"3758",-8944.696
"3759",-8826.091
"3760",-8569.517
"3761",-8623.864
"3762",-8577.087
"3763",-9005.757
"3764",-9039.831
"3765",-8840.179
"3766",-8953.962
"3767",-9013.825
"3768",-8739.896
"3769",-8807.128
"3770",-8757.869
"3771",-8797.273
"3772",-9106.743
"3773",-8877.548
"3774",-8890.892
"3775",-8772.754
"3776",-9000.504
"3777",-8871.446
"3778",-8949.017
"3779",-8858.417
"3780",-9005.422
"3781",-8879.581
"3782",-8942.652
"3783",-8812.088
"3784",-8888.071
"3785",-8815.718
"3786",-9052.645
"3787",-8840.309
"3788",-9001.264
"3789",-8747.901
"3790",-8857.49
"3791",-8784.33
"3792",-8772.767
"3793",-9058.609
"3794",-8894.417
"3795",-8795.89
"3796",-8973.255
"3797",-8930.163
"3798",-9273.616
"3799",-9011.816
"3800",-8854.498
"3801",-8853.211
"3802",-8613.077
"3803",-8783.971
"3804",-8814.038
"3805",-9002.415
"3806",-8936.697
"3807",-8902.113
"3808",-9024.786
"3809",-8851.079
"3810",-8664.746
"3811",-8985.969
"3812",-9104.247
"3813",-8907.788
"3814",-9041.365
"3815",-9020.992
"3816",-9005.179
"3817",-9077.736
"3818",-8985.336
"3819",-8883.305
"3820",-9180.849
"3821",-8765.996
"3822",-9107.596
"3823",-8878.653
"3824",-8835.845
"3825",-8785.846
"3826",-8936.972
"3827",-8834.977
"3828",-8946.611
"3829",-9289.606
"3830",-8908.298
"3831",-8962.519
"3832",-8948.534
"3833",-9070.754
"3834",-9070.907
"3835",-8762.926
"3836",-9028.138
"3837",-8828.317
"3838",-8966.583
"3839",-8917.257
"3840",-8784.18
"3841",-8872.796
"3842",-8893.525
"3843",-8919.768
"3844",-8812.547
"3845",-8758.437
"3846",-8923.728
"3847",-8791.715
"3848",-8754.139
"3849",-8692.33
"3850",-9146.967
"3851",-8961.097
"3852",-8870.538
"3853",-8999.759
"3854",-8853.07
"3855",-8935.937
"3856",-8888.238
"3857",-8863.198
"3858",-9279.47
"3859",-9015.941
"3860",-8707.262
"3861",-8803.881
"3862",-8890.367
"3863",-8981.879
"3864",-8835.577
"3865",-8800.82
"3866",-9142.743
"3867",-9101.747
"3868",-8896.311
"3869",-9002.518
"3870",-8899.192
"3871",-8901.238
"3872",-8979.457
"3873",-9053.148
"3874",-9069.825
"3875",-8899.566
"3876",-8941.231
"3877",-9207.28
"3878",-8746.789
"3879",-8694.489
"3880",-8946.366
"3881",-8890.046
"3882",-8838.581
"3883",-8984.714
"3884",-8770.213
"3885",-8826.328
"3886",-8946.105
"3887",-8755.151
"3888",-8906.09
"3889",-8777.861
"3890",-9083.687
"3891",-8913.62
"3892",-8720.582
"3893",-8924.047
"3894",-8974.807
"3895",-9034.343
"3896",-8863.287
"3897",-9269.579
"3898",-8813.315
"3899",-8932.946
"3900",-8662.222
"3901",-8861.562
"3902",-8754.626
"3903",-8945.974
"3904",-9128.396
"3905",-8813.647
"3906",-8838.811
"3907",-8999.262
"3908",-8902.24
"3909",-8722.099
"3910",-8848.349
"3911",-8716.863
"3912",-8798.399
"3913",-9079.916
"3914",-8778.882
"3915",-8633.039
"3916",-9099.614
"3917",-8789.252
"3918",-8730.09
"3919",-8774.807
"3920",-8974.706
"3921",-9016.9
"3922",-8930.439
"3923",-8883.234
"3924",-9088.82
"3925",-8839.776
"3926",-8781.821
"3927",-8763.785
"3928",-9092.967
"3929",-8692.585
"3930",-8819.587
"3931",-9219.877
"3932",-8895.852
"3933",-8636.902
"3934",-8986.814
"3935",-9153.68
"3936",-9128.339
"3937",-8952.209
"3938",-9010.934
"3939",-9463.429
"3940",-9103.547
"3941",-9030.066
"3942",-8835.865
"3943",-9063.841
"3944",-8725.925
"3945",-8725.381
"3946",-8919.159
"3947",-8954.217
"3948",-9040.804
"3949",-8861.035
"3950",-9223.797
"3951",-8895.222
"3952",-8730.621
"3953",-8987.55
"3954",-8972.734
"3955",-8886.222
"3956",-8907.274
"3957",-8870.442
"3958",-8876.329
"3959",-9066.123
"3960",-8981.278
"3961",-9045.264
"3962",-9044.619
"3963",-9040.286
"3964",-8959.246
"3965",-8980.972
"3966",-8957.882
"3967",-8489.667
"3968",-9053.785
"3969",-8723.04
"3970",-8724.339
"3971",-8963.566
"3972",-8736.965
"3973",-8976.109
"3974",-8834.157
"3975",-9091.821
"3976",-8893.723
"3977",-8936.277
"3978",-9039.46
"3979",-8834.085
"3980",-8758.179
"3981",-8994.351
"3982",-8883.834
"3983",-8790.68
"3984",-8824.326
"3985",-8714.022
"3986",-8959.794
"3987",-9107.613
"3988",-8990.127
"3989",-9074.06
"3990",-8527.259
"3991",-8812.099
"3992",-9036.527
"3993",-9122.646
"3994",-9096.452
"3995",-8814.334
"3996",-8907.962
"3997",-8544.438
"3998",-8905.476
"3999",-9191.36
"4000",-8848.103
"4001",-9018.431
"4002",-8849.545
"4003",-8786.527
"4004",-8943.966
"4005",-8757.128
"4006",-8766.106
"4007",-9002.846
"4008",-8811.883
"4009",-8776.447
"4010",-9025.891
"4011",-8796.27
"4012",-8868.574
"4013",-8754.799
"4014",-8766.854
"4015",-8938.744
"4016",-8738.362
"4017",-8828.391
"4018",-8769.643
"4019",-8623.715
"4020",-9068.549
"4021",-8966.571
"4022",-9002.092
"4023",-8768.013
"4024",-9098.753
"4025",-8745.265
"4026",-9009.887
"4027",-8733.906
"4028",-8845.353
"4029",-8823.699
"4030",-9182.204
"4031",-8876.031
"4032",-8847.138
"4033",-8758.396
"4034",-8719.886
"4035",-8869.338
"4036",-8991.91
"4037",-8626.223
"4038",-8912.683
"4039",-8959.134
"4040",-8843.859
"4041",-9009.709
"4042",-8844.938
"4043",-8892.149
"4044",-9139.841
"4045",-8978.458
"4046",-8838.186
"4047",-8857.031
"4048",-8820.488
"4049",-8665.47
"4050",-8969.475
"4051",-8861.902
"4052",-8901.589
"4053",-8890.13
"4054",-8876.617
"4055",-8984.767
"4056",-8943.061
"4057",-9003.86
"4058",-8740.985
"4059",-9119.443
"4060",-9018.02
"4061",-8779.125
"4062",-8845.285
"4063",-9025.874
"4064",-8901.386
"4065",-8971.968
"4066",-8672.371
"4067",-8948.099
"4068",-8960.734
"4069",-8767.024
"4070",-8837.898
"4071",-8906.048
"4072",-8862.314
"4073",-8921.066
"4074",-8930.264
"4075",-9072.432
"4076",-8769.759
"4077",-9000.614
"4078",-8914.356
"4079",-8659.906
"4080",-8847.156
"4081",-8943.121
"4082",-8880.251
"4083",-8908.382
"4084",-8974.411
"4085",-9007.238
"4086",-8959.229
"4087",-8865.876
"4088",-9215.487
"4089",-8832.127
"4090",-9282.917
"4091",-8917.778
"4092",-8837.575
"4093",-8730.759
"4094",-8755.132
"4095",-8816.544
"4096",-8967.083
"4097",-8666.022
"4098",-8972.996
"4099",-9129.88
"4100",-8984.485
"4101",-8533.065
"4102",-8944.493
"4103",-9034.889
"4104",-8940.584
"4105",-9096.114
"4106",-8912.16
"4107",-8898.6
"4108",-8939.763
"4109",-8717.618
"4110",-8745.475
"4111",-9103.014
"4112",-8839.046
"4113",-8613.751
"4114",-9146.536
"4115",-8557.335
"4116",-8845.034
"4117",-8940.137
"4118",-9112.838
"4119",-9073.54
"4120",-8870.722
"4121",-8835.924
"4122",-8850.887
"4123",-9032.152
"4124",-9153.279
"4125",-8828.107
"4126",-8939.446
"4127",-9120.92
"4128",-8875.259
"4129",-8776.178
"4130",-8837.744
"4131",-8967.859
"4132",-8817.418
"4133",-8860.323
"4134",-8990.154
"4135",-9138.151
"4136",-9060.488
"4137",-9076.093
"4138",-8963.758
"4139",-9110.92
"4140",-8915.691
"4141",-9023.177
"4142",-8780.598
"4143",-8865.324
"4144",-9010.949
"4145",-8791.226
"4146",-8923.703
"4147",-9140.344
"4148",-9069.012
"4149",-8797.888
"4150",-8813.916
"4151",-8946.494
"4152",-8942.184
"4153",-9122.694
"4154",-8631.988
"4155",-8999.284
"4156",-8891.051
"4157",-8984.985
"4158",-9054.605
"4159",-8847.344
"4160",-9087.136
"4161",-8940.423
"4162",-8976.947
"4163",-8734.726
"4164",-8945.368
"4165",-8670.272
"4166",-8796.783
"4167",-8865.881
"4168",-9147.6
"4169",-8807.378
"4170",-8987.431
"4171",-8889.002
"4172",-8991.006
"4173",-8831.823
"4174",-8925.153
"4175",-8802.499
"4176",-8941.867
"4177",-9023.096
"4178",-8815.8
"4179",-9251.859
"4180",-8958.274
"4181",-9179.158
"4182",-8952.29
"4183",-8863.312
"4184",-8717.938
"4185",-9105.846
"4186",-8639.861
"4187",-9053.532
"4188",-9029.064
"4189",-9000.336
"4190",-8811.99
"4191",-8744.552
"4192",-8940.572
"4193",-9072.595
"4194",-8837.339
"4195",-8569.653
"4196",-8844.085
"4197",-8903.242
"4198",-9032.062
"4199",-9014.599
"4200",-8856.871
"4201",-8909.868
"4202",-8926.885
"4203",-8874.386
"4204",-8870.064
"4205",-8830.545
"4206",-8773.62
"4207",-8659.74
"4208",-8715.617
"4209",-8847.706
"4210",-8931.759
"4211",-8988.055
"4212",-8954.895
"4213",-9077.248
"4214",-8880.913
"4215",-8820.27
"4216",-9231.182
"4217",-8958.144
"4218",-9126.265
"4219",-8695.902
"4220",-8943.435
"4221",-9020.888
"4222",-8951.188
"4223",-8939.913
"4224",-8910.41
"4225",-8874.018
"4226",-8576.863
"4227",-9005.474
"4228",-8836.764
"4229",-8930.364
"4230",-8924.503
"4231",-8709.117
"4232",-8973.703
"4233",-8903.926
"4234",-8918.38
"4235",-8780.226
"4236",-8765.29
"4237",-8656.175
"4238",-8770.538
"4239",-8934.656
"4240",-9070.087
"4241",-8840.017
"4242",-8847.988
"4243",-9094.651
"4244",-8990.112
"4245",-8908.7
"4246",-9106.07
"4247",-8986.419
"4248",-8799.257
"4249",-9012.034
"4250",-9018.488
"4251",-8686.625
"4252",-8861.06
"4253",-9139.016
"4254",-8908.948
"4255",-9060.881
"4256",-9031.538
"4257",-8904.196
"4258",-8688.421
"4259",-8888.659
"4260",-8770.156
"4261",-9008.811
"4262",-8848.043
"4263",-9097.738
"4264",-8796.972
"4265",-8916.035
"4266",-8998.226
"4267",-8717.393
"4268",-9007.878
"4269",-9005.224
"4270",-8936.545
"4271",-8950.575
"4272",-9157.923
"4273",-8998.473
"4274",-8788.372
"4275",-8795.096
"4276",-8894.155
"4277",-9044.745
"4278",-9197.726
"4279",-8806.606
"4280",-8931.27
"4281",-8824.219
"4282",-8947.292
"4283",-8978.221
"4284",-9206.888
"4285",-8792.734
"4286",-8772.996
"4287",-8708.276
"4288",-8945.121
"4289",-9037.956
"4290",-8644.441
"4291",-8949.012
"4292",-9162.059
"4293",-8846.673
"4294",-8990.666
"4295",-8973.523
"4296",-8786.169
"4297",-8924.403
"4298",-9035.974
"4299",-9041.434
"4300",-8947.395
"4301",-8905.735
"4302",-9063.738
"4303",-9148.996
"4304",-8993.185
"4305",-8725.897
"4306",-8844.276
"4307",-8782.65
"4308",-8892.19
"4309",-8982.913
"4310",-8701.943
"4311",-9001.336
"4312",-8865.788
"4313",-8763.271
"4314",-8974.13
"4315",-8748.75
"4316",-8944.2
"4317",-8914.219
"4318",-8977.979
"4319",-8859.89
"4320",-9160.167
"4321",-8669.564
"4322",-9200.81
"4323",-8619.828
"4324",-8932.157
"4325",-8989.362
"4326",-8859.152
"4327",-8938.111
"4328",-8903.729
"4329",-8687.375
"4330",-8667.082
"4331",-8933.93
"4332",-8690.24
"4333",-8824.871
"4334",-9113.858
"4335",-8938.553
"4336",-8778.884
"4337",-8656.218
"4338",-8905.486
"4339",-8890.201
"4340",-8730.506
"4341",-8955.356
"4342",-8782.185
"4343",-9085.002
"4344",-8894.071
"4345",-8995.87
"4346",-8795.782
"4347",-8881.703
"4348",-8625.425
"4349",-8757.371
"4350",-8775.652
"4351",-8872.381
"4352",-9137.528
"4353",-8857.391
"4354",-8755.987
"4355",-9021.304
"4356",-8871.916
"4357",-8955.345
"4358",-8731.477
"4359",-8968.514
"4360",-9004.555
"4361",-8822.222
"4362",-9006.555
"4363",-8993.091
"4364",-9016.207
"4365",-8769.97
"4366",-8945.88
"4367",-8745.682
"4368",-8857.208
"4369",-8954.666
"4370",-8477.594
"4371",-8782.594
"4372",-8760.871
"4373",-8833.475
"4374",-8816.671
"4375",-9038.73
"4376",-9024.557
"4377",-9070.96
"4378",-9041.598
"4379",-8825.673
"4380",-8660.612
"4381",-8948.45
"4382",-8755.482
"4383",-8985.957
"4384",-8840.227
"4385",-8736.814
"4386",-9004.836
"4387",-8839.135
"4388",-8952.599
"4389",-8837.038
"4390",-8961.701
"4391",-9021.28
"4392",-8798.196
"4393",-8916.09
"4394",-8969.898
"4395",-8353.024
"4396",-8606.936
"4397",-9025.848
"4398",-8654.041
"4399",-9111.433
"4400",-8846.826
"4401",-9003.96
"4402",-8972.726
"4403",-8796.88
"4404",-9091.697
"4405",-8829.476
"4406",-8860.259
"4407",-8723.114
"4408",-8768.496
"4409",-9093.568
"4410",-8994.96
"4411",-9068.434
"4412",-8773.844
"4413",-8902.47
"4414",-8892.584
"4415",-8633.559
"4416",-9018.352
"4417",-8979.186
"4418",-8898.65
"4419",-9223.807
"4420",-8883.005
"4421",-8856.468
"4422",-8806.248
"4423",-8836.332
"4424",-8837.467
"4425",-9097.473
"4426",-9022.812
"4427",-8904.039
"4428",-8757.857
"4429",-8998.104
"4430",-8782.858
"4431",-9013.53
"4432",-8842.947
"4433",-9150.143
"4434",-8757.445
"4435",-8860.827
"4436",-8902.65
"4437",-8906.413
"4438",-8794.787
"4439",-9000.721
"4440",-9009.261
"4441",-8945.373
"4442",-8910.325
"4443",-8885.67
"4444",-9056.738
"4445",-8731.129
"4446",-8970.273
"4447",-8894.842
"4448",-8934.164
"4449",-9020.053
"4450",-8840.736
"4451",-8976.484
"4452",-8887.749
"4453",-8855.459
"4454",-8718.047
"4455",-9006.791
"4456",-9222.265
"4457",-8620.368
"4458",-9011.653
"4459",-8978.466
"4460",-8800.402
"4461",-8969.694
"4462",-8957.972
"4463",-9019.293
"4464",-8990.695
"4465",-8915.18
"4466",-8876.004
"4467",-8910.119
"4468",-9015.967
"4469",-8924.178
"4470",-8860.254
"4471",-8736.32
"4472",-8782.443
"4473",-8797.706
"4474",-8988.491
"4475",-8782.692
"4476",-8890.12
"4477",-8921.353
"4478",-9111.748
"4479",-8863.565
"4480",-8922.318
"4481",-8636.217
"4482",-8897.197
"4483",-8895.003
"4484",-8679.282
"4485",-8754.624
"4486",-8799.309
"4487",-9046.554
"4488",-8749.198
"4489",-8506.904
"4490",-8966.416
"4491",-8961.446
"4492",-9023.404
"4493",-8712.084
"4494",-8699.364
"4495",-8736.163
"4496",-9044.02
"4497",-8664.624
"4498",-8985.603
"4499",-8951.345
"4500",-8934.108
"4501",-8602.25
"4502",-8728.547
"4503",-9089.168
"4504",-8865.286
"4505",-8762.042
"4506",-8761.652
"4507",-8838.596
"4508",-9076.881
"4509",-8967.3
"4510",-8928.053
"4511",-9041.28
"4512",-8876.714
"4513",-9039.436
"4514",-9033.592
"4515",-8830.719
"4516",-8819.529
"4517",-8831.096
"4518",-8819.559
"4519",-8860.586
"4520",-9113.714
"4521",-8965.252
"4522",-8858.419
"4523",-8813.362
"4524",-8927.541
"4525",-9205.105
"4526",-8746.801
"4527",-9043.492
"4528",-8902.962
"4529",-8956.925
"4530",-8659.593
"4531",-8551.358
"4532",-8746.66
"4533",-8926.272
"4534",-8945.624
"4535",-8811.019
"4536",-9118.544
"4537",-9129.121
"4538",-8608.538
"4539",-9198.954
"4540",-8795.825
"4541",-8963.269
"4542",-9110.172
"4543",-8602.183
"4544",-8701.732
"4545",-9197.306
"4546",-8860.363
"4547",-8662.18
"4548",-8891.581
"4549",-9048.029
"4550",-8889.661
"4551",-9110.187
"4552",-8763.365
"4553",-8975.083
"4554",-8874.923
"4555",-8800.218
"4556",-8830.528
"4557",-8712.103
"4558",-8694.951
"4559",-8813.649
"4560",-8939.954
"4561",-8959.532
"4562",-8766.493
"4563",-8967.906
"4564",-8951.29
"4565",-8769.617
"4566",-8966.208
"4567",-9323.889
"4568",-8909.123
"4569",-8882.83
"4570",-8906.166
"4571",-8806.76
"4572",-8760.928
"4573",-8681.444
"4574",-9302.009
"4575",-9043.483
"4576",-8969.332
"4577",-9005.624
"4578",-8782.888
"4579",-8848.751
"4580",-9139.153
"4581",-9177.083
"4582",-8782.667
"4583",-9005.831
"4584",-9041.678
"4585",-8716.156
"4586",-8812.644
"4587",-8732.484
"4588",-8797.099
"4589",-8937.376
"4590",-9027.442
"4591",-8685.253
"4592",-8865.108
"4593",-8789.772
"4594",-8679.315
"4595",-8859.94
"4596",-8924.239
"4597",-8786.75
"4598",-9149.59
"4599",-8969.128
"4600",-8845.422
"4601",-8908.585
"4602",-8828.965
"4603",-8939.927
"4604",-8941.603
"4605",-9045.318
"4606",-8835.229
"4607",-8835.284
"4608",-9179.39
"4609",-8874.656
"4610",-9150.001
"4611",-8819.505
"4612",-9064.207
"4613",-8837.317
"4614",-8737.792
"4615",-8615.641
"4616",-8940.193
"4617",-9048.155
"4618",-8821.165
"4619",-8702.843
"4620",-8876.138
"4621",-8920.8
"4622",-8965.963
"4623",-9110.313
"4624",-8788.111
"4625",-8857.499
"4626",-8883.01
"4627",-9080.509
"4628",-8996.365
"4629",-9136.38
"4630",-9164.52
"4631",-8901.845
"4632",-9028.317
"4633",-8968.794
"4634",-9066.888
"4635",-9166.476
"4636",-8842.731
"4637",-8897.491
"4638",-8828.466
"4639",-8927.442
"4640",-9027.014
"4641",-9146.471
"4642",-8851.985
"4643",-8817.991
"4644",-8847.18
"4645",-8934.343
"4646",-8695.345
"4647",-8946.167
"4648",-8789.02
"4649",-8837.574
"4650",-8893.79
"4651",-9074.874
"4652",-8782.624
"4653",-8860.35
"4654",-9011.072
"4655",-9026.666
"4656",-8726.521
"4657",-8952.236
"4658",-8931.488
"4659",-8867.172
"4660",-8764.142
"4661",-8797.4
"4662",-8647.937
"4663",-8806.424
"4664",-8768.477
"4665",-8915.387
"4666",-9094.288
"4667",-8900.71
"4668",-9023.95
"4669",-9004.44
"4670",-9015.437
"4671",-8501.774
"4672",-8780.783
"4673",-8941.958
"4674",-8899.757
"4675",-8831.317
"4676",-9096.384
"4677",-8749.172
"4678",-8818.858
"4679",-9339.713
"4680",-9039.677
"4681",-8884.594
"4682",-9075.207
"4683",-8900.632
"4684",-8976.442
"4685",-8803.195
"4686",-8731.169
"4687",-8912.069
"4688",-8993.454
"4689",-8963.45
"4690",-8579.992
"4691",-8989.818
"4692",-8874.975
"4693",-8870.706
"4694",-8714.059
"4695",-8815.939
"4696",-8918.764
"4697",-8786.027
"4698",-8876.915
"4699",-8837.722
"4700",-8693.101
"4701",-9105.767
"4702",-8789.291
"4703",-8668.008
"4704",-9072.17
"4705",-9083.407
"4706",-8894.621
"4707",-9040.635
"4708",-8868.471
"4709",-9112.853
"4710",-8956.815
"4711",-9209.513
"4712",-8488.891
"4713",-8859.774
"4714",-8751.602
"4715",-8965.118
"4716",-8772.946
"4717",-9013.303
"4718",-8895.36
"4719",-8883.075
"4720",-8727.091
"4721",-8949.666
"4722",-8860.449
"4723",-8768.205
"4724",-8648.527
"4725",-8930.994
"4726",-9083.237
"4727",-8791.185
"4728",-8978.016
"4729",-8852.323
"4730",-8876.496
"4731",-8885.949
"4732",-8947.662
"4733",-8781.444
"4734",-9030.501
"4735",-8737.756
"4736",-8807.603
"4737",-8834.964
"4738",-8688.732
"4739",-9196.235
"4740",-8716.409
"4741",-8803.12
"4742",-8624.659
"4743",-8900.212
"4744",-8904.938
"4745",-9347.876
"4746",-8865.547
"4747",-9038.228
"4748",-8821.403
"4749",-8797.41
"4750",-8853.766
"4751",-9151.905
"4752",-8745.948
"4753",-8950.378
"4754",-8808.755
"4755",-8771.896
"4756",-8915.78
"4757",-9068.488
"4758",-8802.888
"4759",-8708.566
"4760",-8772.844
"4761",-8904.602
"4762",-8843.636
"4763",-8863.008
"4764",-9067.818
"4765",-8772.231
"4766",-8564.69
"4767",-8828.732
"4768",-8572.954
"4769",-9016.368
"4770",-8822.033
"4771",-8776.572
"4772",-9032.664
"4773",-8657.116
"4774",-9038.849
"4775",-8800.774
"4776",-8832.008
"4777",-9030.623
"4778",-8751.714
"4779",-8988.931
"4780",-8687.826
"4781",-9075.029
"4782",-9136.879
"4783",-8927.098
"4784",-8896.703
"4785",-8852.111
"4786",-8848.837
"4787",-8908.26
"4788",-9058.185
"4789",-9061.58
"4790",-8804.192
"4791",-9115.693
"4792",-9070.135
"4793",-8645.915
"4794",-8692.104
"4795",-8813.188
"4796",-9113.529
"4797",-8815.216
"4798",-8816.974
"4799",-8855.079
"4800",-8979.658
"4801",-8712.059
"4802",-8629.869
"4803",-8906.074
"4804",-8834.716
"4805",-8893.707
"4806",-8851.863
"4807",-8843.632
"4808",-9008.455
"4809",-9017.82
"4810",-9050.918
"4811",-9164.958
"4812",-9221.245
"4813",-8941.863
"4814",-8737.23
"4815",-8871.681
"4816",-9062.444
"4817",-8776.631
"4818",-8791.339
"4819",-9008.317
"4820",-8948.399
"4821",-8796.824
"4822",-8919.513
"4823",-9006.868
"4824",-8946.436
"4825",-8858.691
"4826",-9229.813
"4827",-8890.016
"4828",-8726.166
"4829",-8905.595
"4830",-8903.772
"4831",-9079.584
"4832",-8713.053
"4833",-8860.948
"4834",-9002.712
"4835",-8924.931
"4836",-8998.51
"4837",-8918.242
"4838",-8842.583
"4839",-9122.601
"4840",-9173.257
"4841",-8765.06
"4842",-8996.66
"4843",-8897.159
"4844",-8937.793
"4845",-8857.003
"4846",-9212.526
"4847",-8949.45
"4848",-8922.361
"4849",-8842.213
"4850",-8913.568
"4851",-9060.907
"4852",-8858.44
"4853",-8817.966
"4854",-8899.487
"4855",-8729.971
"4856",-8713.474
"4857",-9194.021
"4858",-8844.203
"4859",-8854.105
"4860",-9000.093
"4861",-8844.714
"4862",-8797.568
"4863",-8815.022
"4864",-8946.49
"4865",-9033.786
"4866",-8529.899
"4867",-9067.633
"4868",-8784.828
"4869",-8789.369
"4870",-8937.931
"4871",-8841.554
"4872",-8843.406
"4873",-8970.499
"4874",-8817.717
"4875",-8668.63
"4876",-8982.635
"4877",-8732.281
"4878",-8899.236
"4879",-8758.359
"4880",-9052.003
"4881",-8898.242
"4882",-8904.023
"4883",-8787.177
"4884",-8791.668
"4885",-9003.082
"4886",-9074.594
"4887",-8763.404
"4888",-8820.524
"4889",-8958.64
"4890",-8442.757
"4891",-8764.724
"4892",-8926.943
"4893",-8812.454
"4894",-8847.314
"4895",-8898.99
"4896",-8799.923
"4897",-8941.277
"4898",-8868.567
"4899",-8799.266
"4900",-8854.875
"4901",-9184.875
"4902",-8575.39
"4903",-8678.293
"4904",-9027.728
"4905",-9026.845
"4906",-8853.8
"4907",-8994.771
"4908",-8792.744
"4909",-8976.793
"4910",-8852.653
"4911",-8736.201
"4912",-9122.041
"4913",-8991.532
"4914",-8943.329
"4915",-8980.412
"4916",-9026.477
"4917",-9273.309
"4918",-8999.334
"4919",-9019.742
"4920",-8817.144
"4921",-8771.897
"4922",-8929.213
"4923",-8816.43
"4924",-8828.479
"4925",-8817.7
"4926",-9046.027
"4927",-9216.808
"4928",-8992.847
"4929",-8887.342
"4930",-8984.944
"4931",-8620.917
"4932",-8802.229
"4933",-9012.598
"4934",-9100.3
"4935",-8880.955
"4936",-8974.571
"4937",-8849.626
"4938",-8701.121
"4939",-8911.256
"4940",-8948.02
"4941",-9147.32
"4942",-8716.049
"4943",-8761.675
"4944",-8962.819
"4945",-9051.95
"4946",-9091.924
"4947",-9113.967
"4948",-8815.401
"4949",-8806.469
"4950",-9027.225
"4951",-9058.389
"4952",-8833.985
"4953",-8838.835
"4954",-8789.708
"4955",-8954.73
"4956",-8761.44
"4957",-8790.917
"4958",-8834.215
"4959",-8726.683
"4960",-8776.662
"4961",-8794.75
"4962",-8612.227
"4963",-8785.124
"4964",-8924.18
"4965",-8897.865
"4966",-9029.252
"4967",-9040.391
"4968",-9048.315
"4969",-9119.228
"4970",-9051.006
"4971",-9035.764
"4972",-8789.206
"4973",-8526.567
"4974",-8751.489
"4975",-9092.276
"4976",-9162.814
"4977",-9092.187
"4978",-8593.665
"4979",-9152.646
"4980",-9012.425
"4981",-9015.983
"4982",-8909.446
"4983",-8789.05
"4984",-8760.415
"4985",-8894.744
"4986",-8704.057
"4987",-8768.552
"4988",-9084.958
"4989",-8850.769
"4990",-8956.618
"4991",-8888.062
"4992",-8892.612
"4993",-8790.118
"4994",-8954.405
"4995",-8996.214
"4996",-8764.084
"4997",-8651.653
"4998",-8809.573
"4999",-8971.189
"5000",-8788.636
"5001",-9049.061
"5002",-8850.78
"5003",-8821.453
"5004",-8916.902
"5005",-8724.125
"5006",-8927.834
"5007",-8661.944
"5008",-8831.71
"5009",-8735.387
"5010",-9019.25
"5011",-8919.796
"5012",-9062.206
"5013",-8773.272
"5014",-9249.965
"5015",-8898.422
"5016",-9032.257
"5017",-8641.058
"5018",-9019.573
"5019",-9351.349
"5020",-8927.674
"5021",-9033.938
"5022",-8859.939
"5023",-9041.822
"5024",-8728.844
"5025",-8796.91
"5026",-8912.704
"5027",-8902.343
"5028",-8957.341
"5029",-8723.487
"5030",-8609.845
"5031",-8865.424
"5032",-9142.129
"5033",-8967.043
"5034",-8980.641
"5035",-8889.82
"5036",-8794.156
"5037",-8839.621
"5038",-9083.577
"5039",-8920.83
"5040",-8972.186
"5041",-8961.506
"5042",-8950.209
"5043",-8989.642
"5044",-9233.44
"5045",-9009.849
"5046",-8770.673
"5047",-8866.699
"5048",-8911.016
"5049",-9002.703
"5050",-8823.017
"5051",-8659.249
"5052",-9022.613
"5053",-9239.601
"5054",-8609.685
"5055",-9040.766
"5056",-9001.31
"5057",-8763.141
"5058",-9011.1
"5059",-9041.092
"5060",-8902.923
"5061",-8584.808
"5062",-8886.937
"5063",-9195.816
"5064",-9038.807
"5065",-8811.524
"5066",-8978.196
"5067",-8854.651
"5068",-8809.032
"5069",-8576.599
"5070",-8786.355
"5071",-9025.857
"5072",-8777.917
"5073",-9120.321
"5074",-8936.66
"5075",-8828.345
"5076",-8925.295
"5077",-8921.492
"5078",-8880.857
"5079",-8974.346
"5080",-9127.147
"5081",-8957.363
"5082",-8775.899
"5083",-9103.891
"5084",-8784.568
"5085",-8631.664
"5086",-8918.765
"5087",-8642.836
"5088",-8866.753
"5089",-8805.641
"5090",-9015.36
"5091",-8761.095
"5092",-8892.307
"5093",-8911.037
"5094",-9060.746
"5095",-8556.187
"5096",-8728.664
"5097",-9128.21
"5098",-8803.133
"5099",-8990.561
"5100",-9009.913
"5101",-8692.221
"5102",-9063.734
"5103",-9069.945
"5104",-9174.485
"5105",-9159.437
"5106",-9200.127
"5107",-9111.071
"5108",-9368.917
"5109",-9072.75
"5110",-8951.998
"5111",-8936.448
"5112",-8984.303
"5113",-8781.994
"5114",-8941.446
"5115",-9002.667
"5116",-8733.925
"5117",-8750.32
"5118",-8974.577
"5119",-8832.126
"5120",-9177.756
"5121",-8844.307
"5122",-8903.488
"5123",-8894.836
"5124",-9026.366
"5125",-8635.791
"5126",-8878.906
"5127",-8829.206
"5128",-8689.566
"5129",-8765.126
"5130",-8926.028
"5131",-8735.095
"5132",-8801.766
"5133",-8763.307
"5134",-8923.634
"5135",-8822.232
"5136",-8975.721
"5137",-8902.581
"5138",-8745.851
"5139",-8934.452
"5140",-8970.956
"5141",-8745.654
"5142",-8695.45
"5143",-8762.341
"5144",-8885.393
"5145",-8847.392
"5146",-8884.993
"5147",-8821.915
"5148",-8896.498
"5149",-8991.379
"5150",-8931.38
"5151",-8790.41
"5152",-8843.992
"5153",-9077.398
"5154",-8760.661
"5155",-8720.96
"5156",-8947.889
"5157",-9130.182
"5158",-8948.921
"5159",-8763.146
"5160",-9026.61
"5161",-8879.53
"5162",-8973.639
"5163",-8802.662
"5164",-8905.877
"5165",-8986.925
"5166",-8724.651
"5167",-9003.539
"5168",-9058.006
"5169",-8922.14
"5170",-8818.716
"5171",-8846.608
"5172",-8883.124
"5173",-9011.886
"5174",-8843.941
"5175",-8915.258
"5176",-9163.695
"5177",-9114.129
"5178",-8772.108
"5179",-9010.414
"5180",-8997.245
"5181",-8873.619
"5182",-8872.264
"5183",-8942.385
"5184",-8789.558
"5185",-8883.927
"5186",-8698.208
"5187",-9032.437
"5188",-9041.029
"5189",-8745.308
"5190",-8952.035
"5191",-8489.036
"5192",-8703.819
"5193",-8603.353
"5194",-9241.571
"5195",-8934.483
"5196",-8718.03
"5197",-8765.194
"5198",-9060.682
"5199",-8980.591
"5200",-8796.541
"5201",-8843.821
"5202",-8671.88
"5203",-8984.022
"5204",-8830.213
"5205",-8843.146
"5206",-8761.504
"5207",-8688.078
"5208",-8627.242
"5209",-8736.066
"5210",-9111.598
"5211",-8973.079
"5212",-8594.716
"5213",-9175.036
"5214",-8887.948
"5215",-8763.687
"5216",-8835.452
"5217",-9002.502
"5218",-8817.689
"5219",-8830.58
"5220",-8644.886
"5221",-8828.302
"5222",-9062.643
"5223",-8969.671
"5224",-8892.181
"5225",-9082.105
"5226",-8817.923
"5227",-8558.657
"5228",-9028.333
"5229",-8953.392
"5230",-8865.719
"5231",-8744.387
"5232",-8704.775
"5233",-8868.297
"5234",-9166.719
"5235",-8938.319
"5236",-9105.49
"5237",-9036.724
"5238",-8881.855
"5239",-8963.852
"5240",-8845.318
"5241",-8908.588
"5242",-8836.083
"5243",-9095.264
"5244",-8986.204
"5245",-8657.075
"5246",-8826.052
"5247",-8674.048
"5248",-8743.363
"5249",-8737.287
"5250",-8751.732
"5251",-8999.881
"5252",-8789.092
"5253",-9074.624
"5254",-9047.594
"5255",-9133.089
"5256",-8993.969
"5257",-8937.996
"5258",-8494.428
"5259",-8839.266
"5260",-8732.361
"5261",-8810.497
"5262",-8594.317
"5263",-8827.453
"5264",-8916.693
"5265",-8742.706
"5266",-8826.872
"5267",-8944.967
"5268",-9045.664
"5269",-8659.59
"5270",-8972.189
"5271",-9194.953
"5272",-9152.182
"5273",-9013.619
"5274",-8882.248
"5275",-8969.447
"5276",-9016.595
"5277",-9033.391
"5278",-8995.915
"5279",-8779.867
"5280",-8957.866
"5281",-8703.452
"5282",-9002.661
"5283",-8535.411
"5284",-9127.903
"5285",-8905.956
"5286",-9026.259
"5287",-8955.303
"5288",-8714.83
"5289",-8902.671
"5290",-9043.653
"5291",-8880.8
"5292",-9025.582
"5293",-8879.906
"5294",-8871.225
"5295",-8796.247
"5296",-9131.019
"5297",-9010.352
"5298",-9067.327
"5299",-8644.514
"5300",-8879.1
"5301",-8842.743
"5302",-8932.095
"5303",-8758.667
"5304",-8892.042
"5305",-8738.498
"5306",-9155.086
"5307",-9010.673
"5308",-9001.214
"5309",-8794.771
"5310",-8891.059
"5311",-8984.631
"5312",-8948.076
"5313",-8961.495
"5314",-8917.287
"5315",-8920.255
"5316",-8702.584
"5317",-8812.203
"5318",-8850.245
"5319",-8850.842
"5320",-8665.015
"5321",-9034.81
"5322",-9048.613
"5323",-8901.517
"5324",-9203.501
"5325",-9118.469
"5326",-9142.069
"5327",-8766.537
"5328",-8574.252
"5329",-8828.395
"5330",-9037.586
"5331",-8783.007
"5332",-8774.745
"5333",-8869.706
"5334",-9277.555
"5335",-8893.777
"5336",-8863.397
"5337",-9166.807
"5338",-8916.42
"5339",-8769.351
"5340",-8845.303
"5341",-9027.355
"5342",-8775.313
"5343",-9039.638
"5344",-8890.023
"5345",-8820.539
"5346",-8956.634
"5347",-8803.672
"5348",-8781.179
"5349",-8808.222
"5350",-9012.356
"5351",-8807.071
"5352",-8927.981
"5353",-8938.86
"5354",-8908.25
"5355",-8908.137
"5356",-8912.253
"5357",-8720.426
"5358",-8855.142
"5359",-8754.836
"5360",-8865.121
"5361",-8980.276
"5362",-9033.482
"5363",-8977.178
"5364",-8775.708
"5365",-8792.805
"5366",-8962.92
"5367",-8751.262
"5368",-8870.112
"5369",-9086.389
"5370",-8791.691
"5371",-8791.023
"5372",-9004.204
"5373",-9038.294
"5374",-9041.424
"5375",-8882.216
"5376",-8985.771
"5377",-8863.908
"5378",-8874.806
"5379",-9049.508
"5380",-8897.549
"5381",-8919.755
"5382",-8886.361
"5383",-8854.797
"5384",-9068.522
"5385",-9086.763
"5386",-8748.898
"5387",-9015.362
"5388",-8960.744
"5389",-8757.911
"5390",-8912.71
"5391",-8904.11
"5392",-8862.463
"5393",-8747.962
"5394",-8924.589
"5395",-8746.769
"5396",-9061.686
"5397",-8828.215
"5398",-8879.267
"5399",-8915.498
"5400",-8893.133
"5401",-8862.051
"5402",-9017.085
"5403",-9137.876
"5404",-8957.153
"5405",-8816.563
"5406",-8628.316
"5407",-8860.215
"5408",-8923.483
"5409",-9019.807
"5410",-8848.933
"5411",-8889.587
"5412",-9048.716
"5413",-8926.277
"5414",-9049.52
"5415",-8571.199
"5416",-9129.522
"5417",-8770.113
"5418",-8824.111
"5419",-8794.406
"5420",-8838.463
"5421",-8699.055
"5422",-8959.156
"5423",-8822.452
"5424",-8705.337
"5425",-8820.233
"5426",-8957.96
"5427",-8916.967
"5428",-8627.261
"5429",-8792.265
"5430",-8916.924
"5431",-8629.982
"5432",-8877.243
"5433",-8887.956
"5434",-8828.761
"5435",-8736.082
"5436",-8905.015
"5437",-8806.657
"5438",-8874.948
"5439",-8910.119
"5440",-8922.061
"5441",-9038.59
"5442",-8863.824
"5443",-8931.272
"5444",-8895.413
"5445",-8720.798
"5446",-9170.607
"5447",-8811.355
"5448",-9021
"5449",-9153.963
"5450",-9070.32
"5451",-9058.942
"5452",-9099.717
"5453",-9057.798
"5454",-8758.305
"5455",-9014.111
"5456",-9068.705
"5457",-8656.041
"5458",-8960.886
"5459",-8705.951
"5460",-8803.328
"5461",-9208.539
"5462",-9028.633
"5463",-9085.437
"5464",-9074.09
"5465",-9090.562
"5466",-8607.049
"5467",-9147.523
"5468",-8809.292
"5469",-9077.004
"5470",-8563.194
"5471",-9152.09
"5472",-8773.054
"5473",-8637.176
"5474",-8951.534
"5475",-8745.534
"5476",-8882.009
"5477",-8777.744
"5478",-8701.282
"5479",-8727.805
"5480",-8795.944
"5481",-8971.08
"5482",-8767.674
"5483",-8787.464
"5484",-8928.117
"5485",-8775.757
"5486",-8727.964
"5487",-8816.246
"5488",-8624.062
"5489",-8970.968
"5490",-8950.715
"5491",-8959.218
"5492",-8942.791
"5493",-9030.562
"5494",-9023.358
"5495",-8981.671
"5496",-8618.24
"5497",-9129.375
"5498",-8864.803
"5499",-8895.209
"5500",-8787.671
"5501",-9237.44
"5502",-8639.025
"5503",-9118.111
"5504",-8809.281
"5505",-9088.834
"5506",-9073.951
"5507",-9034.762
"5508",-8620.148
"5509",-9246.38
"5510",-9144.078
"5511",-9180.87
"5512",-8932.356
"5513",-9126.325
"5514",-8668.239
"5515",-8781.406
"5516",-8871.78
"5517",-8910.569
"5518",-9044.267
"5519",-8949.242
"5520",-8784.5
"5521",-8864.841
"5522",-8943.694
"5523",-8807.664
"5524",-8728.451
"5525",-8842.036
"5526",-8956.567
"5527",-8823.064
"5528",-8936.752
"5529",-8989.402
"5530",-9164.51
"5531",-9076.728
"5532",-8603.356
"5533",-8901.239
"5534",-8753.435
"5535",-8930.988
"5536",-8941.44
"5537",-9050.164
"5538",-8819.625
"5539",-9028.88
"5540",-8872.573
"5541",-8803.597
"5542",-8965.352
"5543",-9032.468
"5544",-8813.565
"5545",-8951.183
"5546",-8979.944
"5547",-8891.41
"5548",-8816.48
"5549",-8891.696
"5550",-8750.937
"5551",-9019.484
"5552",-8896.37
"5553",-8935.519
"5554",-8886.898
"5555",-8880.868
"5556",-8789.103
"5557",-9024.541
"5558",-8957.692
"5559",-8853.701
"5560",-9048.851
"5561",-8893.039
"5562",-8693.677
"5563",-9048.669
"5564",-8969.862
"5565",-8807.431
"5566",-8917.289
"5567",-8779.557
"5568",-8940.946
"5569",-8790.977
"5570",-8791.471
"5571",-8983.27
"5572",-8898.513
"5573",-8852.84
"5574",-8963.088
"5575",-8787.087
"5576",-8807.295
"5577",-8966.059
"5578",-8982.383
"5579",-8774.289
"5580",-8846.058
"5581",-8872.435
"5582",-8901.475
"5583",-9276.707
"5584",-8476.109
"5585",-8834.544
"5586",-9111.381
"5587",-9119.602
"5588",-8983.607
"5589",-8819.197
"5590",-9002.095
"5591",-9125.791
"5592",-8759.944
"5593",-8901.745
"5594",-8950.389
"5595",-9167.73
"5596",-9003.432
"5597",-8785.507
"5598",-8876.229
"5599",-9025.426
"5600",-8932.743
"5601",-9106.049
"5602",-8729.232
"5603",-9078.545
"5604",-8747.165
"5605",-8938.93
"5606",-9001.795
"5607",-8852.45
"5608",-8820.047
"5609",-9036.539
"5610",-8863.389
"5611",-8998.85
"5612",-8696.45
"5613",-8922.675
"5614",-8705.756
"5615",-8979.607
"5616",-8652.533
"5617",-8670.57
"5618",-8920.672
"5619",-8975.474
"5620",-9029.092
"5621",-9267.776
"5622",-8828.823
"5623",-8878.352
"5624",-8788.282
"5625",-8823.91
"5626",-8737.68
"5627",-8812.67
"5628",-8871.72
"5629",-8879.175
"5630",-8833.488
"5631",-8615.738
"5632",-8979.056
"5633",-8954.926
"5634",-9062.154
"5635",-8890.589
"5636",-8922.858
"5637",-9002.457
"5638",-8778.437
"5639",-8977.308
"5640",-8748.689
"5641",-8936.064
"5642",-9063.079
"5643",-8774.118
"5644",-8921.069
"5645",-8721.92
"5646",-9305.695
"5647",-8860.765
"5648",-8983.433
"5649",-9079.9
"5650",-9162.656
"5651",-8950.102
"5652",-9181.278
"5653",-8721.429
"5654",-8892.063
"5655",-8876.111
"5656",-8841.61
"5657",-8638.068
"5658",-8797.842
"5659",-8799.494
"5660",-9032.637
"5661",-8709.803
"5662",-8791.02
"5663",-8632.159
"5664",-8879.78
"5665",-9022.476
"5666",-9144.138
"5667",-8936.881
"5668",-8775.266
"5669",-8990.25
"5670",-8937.404
"5671",-9006.478
"5672",-8965.949
"5673",-8863.905
"5674",-8734.954
"5675",-9083.192
"5676",-8810.97
"5677",-9036.296
"5678",-8776.801
"5679",-8932.307
"5680",-8835.547
"5681",-8615.881
"5682",-8937.341
"5683",-8548.516
"5684",-8806.748
"5685",-9081.418
"5686",-8788.479
"5687",-9018.57
"5688",-9075.541
"5689",-8949.657
"5690",-8672.938
"5691",-8704.24
"5692",-8878.478
"5693",-8995.416
"5694",-8960.642
"5695",-8877.426
"5696",-8956.955
"5697",-8804.111
"5698",-8854.198
"5699",-8910.576
"5700",-9074.828
"5701",-9047.805
"5702",-8801.005
"5703",-8970.418
"5704",-8863.581
"5705",-9229.428
"5706",-8907.798
"5707",-9116.175
"5708",-9049.569
"5709",-8972.266
"5710",-8842.765
"5711",-8899.204
"5712",-9135.336
"5713",-8711.285
"5714",-8673.819
"5715",-8591.327
"5716",-9090.307
"5717",-8998.838
"5718",-8812.723
"5719",-8597.058
"5720",-9083.301
"5721",-8646.453
"5722",-8797.071
"5723",-8948.527
"5724",-8935.306
"5725",-9060.029
"5726",-8755.776
"5727",-8647.613
"5728",-8843.556
"5729",-8824.634
"5730",-8768.522
"5731",-8699.589
"5732",-9125.564
"5733",-8963.768
"5734",-8662.384
"5735",-8987.574
"5736",-8664.478
"5737",-8994.028
"5738",-9086.957
"5739",-8904.746
"5740",-8807.02
"5741",-9159.9
"5742",-8979.901
"5743",-9004.711
"5744",-8921.534
"5745",-8801.376
"5746",-8961.775
"5747",-8719.799
"5748",-9025.275
"5749",-8780.307
"5750",-8729.802
"5751",-8657.272
"5752",-8816.008
"5753",-9060.832
"5754",-8668.376
"5755",-9103.069
"5756",-8984.553
"5757",-8981.458
"5758",-8842.118
"5759",-8801.399
"5760",-8889.97
"5761",-8845.639
"5762",-8979.003
"5763",-8517.724
"5764",-8978.733
"5765",-8657.234
"5766",-8883.638
"5767",-9116.427
"5768",-8857.461
"5769",-8762.511
"5770",-8812.95
"5771",-9106.873
"5772",-9102.711
"5773",-8901.063
"5774",-8602.212
"5775",-8794.18
"5776",-8814.98
"5777",-9069.048
"5778",-8928.978
"5779",-8722.175
"5780",-9133.131
"5781",-8669.63
"5782",-8835.87
"5783",-8849.115
"5784",-8862.41
"5785",-8927.957
"5786",-8821.253
"5787",-8868.802
"5788",-8713.383
"5789",-9087.494
"5790",-9072.373
"5791",-9099.111
"5792",-8873.968
"5793",-8935.227
"5794",-9009.35
"5795",-9132.652
"5796",-8878.839
"5797",-8959.72
"5798",-9087.211
"5799",-8903.07
"5800",-8896.855
"5801",-9284.554
"5802",-8636.929
"5803",-8826.368
"5804",-8912.855
"5805",-9085.941
"5806",-8972.281
"5807",-8895.069
"5808",-8877.239
"5809",-9046.355
"5810",-8745.421
"5811",-8949.635
"5812",-8591.349
"5813",-9181.924
"5814",-8839.612
"5815",-8778.604
"5816",-8882.98
"5817",-8855.723
"5818",-8930.182
"5819",-8777.397
"5820",-8972.154
"5821",-8816.594
"5822",-8881.069
"5823",-8459.393
"5824",-8888.859
"5825",-8851.459
"5826",-9073.202
"5827",-8604.46
"5828",-8925.447
"5829",-8861.1
"5830",-8749.785
"5831",-9166.666
"5832",-8794.61
"5833",-8741.564
"5834",-8888.845
"5835",-8839.831
"5836",-9060.229
"5837",-8871.503
"5838",-8886.359
"5839",-9034.529
"5840",-8843.634
"5841",-8767.488
"5842",-9071.08
"5843",-8903.041
"5844",-9107.947
"5845",-8553.249
"5846",-8818.471
"5847",-8764.71
"5848",-8563.222
"5849",-9028.043
"5850",-9051.262
"5851",-8913.106
"5852",-8729.253
"5853",-8951.403
"5854",-8954.944
"5855",-8894.262
"5856",-9036.362
"5857",-8658.719
"5858",-8909.382
"5859",-8721.631
"5860",-8792.833
"5861",-8990.242
"5862",-8815.735
"5863",-8608.716
"5864",-8918.145
"5865",-9090.001
"5866",-9023.361
"5867",-9066.029
"5868",-8891.358
"5869",-8716.259
"5870",-8910.565
"5871",-8853.012
"5872",-8661.029
"5873",-8944.911
"5874",-8980.284
"5875",-9003.758
"5876",-8791.196
"5877",-8841.843
"5878",-8756.625
"5879",-8885.93
"5880",-8762.198
"5881",-8786.754
"5882",-9036.43
"5883",-8866.438
"5884",-8643.55
"5885",-8852.475
"5886",-8812.397
"5887",-9081.165
"5888",-8667.796
"5889",-8773.784
"5890",-8866.778
"5891",-9095.893
"5892",-8972.666
"5893",-8963.553
"5894",-8838.211
"5895",-9085.796
"5896",-9141.513
"5897",-8726.005
"5898",-8954.355
"5899",-8601.508
"5900",-8969.227
"5901",-8966.798
"5902",-8728.375
"5903",-8918.54
"5904",-8834.544
"5905",-8879.571
"5906",-9021.557
"5907",-8811.174
"5908",-8946.872
"5909",-9003.561
"5910",-8709.016
"5911",-8778.16
"5912",-9168.179
"5913",-8904.103
"5914",-8990.532
"5915",-8915.445
"5916",-9091.519
"5917",-8869.655
"5918",-8982.021
"5919",-8883.872
"5920",-8990.369
"5921",-8777.311
"5922",-9117.596
"5923",-8530.036
"5924",-9085.871
"5925",-8908.237
"5926",-8970.989
"5927",-8676.865
"5928",-8904.621
"5929",-9096.284
"5930",-8847.633
"5931",-8827.965
"5932",-8809.156
"5933",-9006.033
"5934",-8912.42
"5935",-8755.043
"5936",-9182.637
"5937",-8904
"5938",-8838.032
"5939",-8692.113
"5940",-9199.152
"5941",-9284.206
"5942",-8673.75
"5943",-8895.202
"5944",-9049.63
"5945",-8920.459
"5946",-8825.123
"5947",-8761.843
"5948",-9300.754
"5949",-8850.78
"5950",-8872.61
"5951",-8466.378
"5952",-8810.187
"5953",-8837.856
"5954",-9051.727
"5955",-9074.256
"5956",-8995.055
"5957",-8843.225
"5958",-9153.131
"5959",-9004.566
"5960",-8815.31
"5961",-8867.136
"5962",-8709.526
"5963",-9173.368
"5964",-8636.032
"5965",-8750.096
"5966",-8856.918
"5967",-8942.892
"5968",-8665.271
"5969",-8987.464
"5970",-8804.822
"5971",-8915.703
"5972",-8902.437
"5973",-8897.393
"5974",-9084.553
"5975",-8838.597
"5976",-8955.946
"5977",-8882.516
"5978",-8794.171
"5979",-8716.144
"5980",-8999.269
"5981",-8908.804
"5982",-8681.913
"5983",-8759.905
"5984",-8739.904
"5985",-9212.895
"5986",-8709.477
"5987",-9033.857
"5988",-9000.28
"5989",-8703.142
"5990",-8869.697
"5991",-8702.055
"5992",-8780.984
"5993",-9076.246
"5994",-8699.62
"5995",-8828.068
"5996",-8754.346
"5997",-8764.884
"5998",-8975.727
"5999",-9059.944
"6000",-8886.116
"6001",-8886.333
"6002",-8864.802
"6003",-8864.7
"6004",-8913.269
"6005",-8781.1
"6006",-9121.448
"6007",-8956.523
"6008",-8850.275
"6009",-9082.803
"6010",-9149.125
"6011",-8887.211
"6012",-8778.341
"6013",-8780.013
"6014",-8895.849
"6015",-8763.791
"6016",-8713.661
"6017",-8823.612
"6018",-8840.669
"6019",-8693.791
"6020",-8833.765
"6021",-8885.458
"6022",-8679.848
"6023",-8852.602
"6024",-9101.221
"6025",-8805.643
"6026",-8831.701
"6027",-8926.406
"6028",-9057.992
"6029",-8888.456
"6030",-8935.908
"6031",-8845.873
"6032",-9054.289
"6033",-8604.866
"6034",-8733.956
"6035",-8775.523
"6036",-9036.025
"6037",-8836.06
"6038",-8844.663
"6039",-8759.044
"6040",-9041.783
"6041",-9043.401
"6042",-8838.344
"6043",-8662.415
"6044",-8837.08
"6045",-9035.561
"6046",-8921.55
"6047",-8968.985
"6048",-8969.792
"6049",-8909.461
"6050",-8859.709
"6051",-8768.418
"6052",-8766.683
"6053",-9205.958
"6054",-9010.385
"6055",-9180.609
"6056",-8882.238
"6057",-8896.726
"6058",-8660.576
"6059",-8754.777
"6060",-8635.507
"6061",-8861.542
"6062",-8991.359
"6063",-8860.687
"6064",-8802.131
"6065",-9000.528
"6066",-8974.152
"6067",-9034.058
"6068",-8833.256
"6069",-8972.858
"6070",-8803.485
"6071",-9031.738
"6072",-8922.677
"6073",-8843.89
"6074",-9048.082
"6075",-9073.351
"6076",-8967.928
"6077",-8766.216
"6078",-8780.329
"6079",-8796.827
"6080",-8707.25
"6081",-9069.078
"6082",-8788.099
"6083",-8859.598
"6084",-9112.868
"6085",-8728.005
"6086",-8747.172
"6087",-9138.15
"6088",-9209.415
"6089",-8893.427
"6090",-8655.876
"6091",-8848.608
"6092",-8944.515
"6093",-8902.376
"6094",-8866.917
"6095",-8903.091
"6096",-9024.258
"6097",-9140.683
"6098",-8574.56
"6099",-8789.78
"6100",-9081.162
"6101",-9081.831
"6102",-9088.124
"6103",-8751.041
"6104",-8885.412
"6105",-8909.419
"6106",-8979.42
"6107",-8890.004
"6108",-8800.18
"6109",-8652.873
"6110",-9112.094
"6111",-8867.149
"6112",-8939.934
"6113",-8833.886
"6114",-9034.765
"6115",-8514.839
"6116",-8887.367
"6117",-8691.333
"6118",-8997.672
"6119",-8873.406
"6120",-8648.987
"6121",-8948.947
"6122",-8758.696
"6123",-9043.017
"6124",-9105.36
"6125",-8748.227
"6126",-8922.584
"6127",-8827.352
"6128",-9060.994
"6129",-8826.821
"6130",-8751.55
"6131",-9073.298
"6132",-9051.94
"6133",-8948.324
"6134",-8915.99
"6135",-8972.434
"6136",-8839.49
"6137",-8983.557
"6138",-8952.217
"6139",-8943.617
"6140",-9064.837
"6141",-8826.921
"6142",-8921.166
"6143",-8882.952
"6144",-8842.559
"6145",-8760.986
"6146",-8943.042
"6147",-8968.595
"6148",-8720.489
"6149",-9042.847
"6150",-9049.272
"6151",-8636.446
"6152",-9013.008
"6153",-8927.243
"6154",-8881.152
"6155",-9264.714
"6156",-9034.998
"6157",-8944.676
"6158",-9130.465
"6159",-8865.931
"6160",-8967.26
"6161",-8668.876
"6162",-8839.884
"6163",-8893.096
"6164",-8842.801
"6165",-8962.285
"6166",-8793.944
"6167",-8937.665
"6168",-9023.916
"6169",-8738.107
"6170",-8611.729
"6171",-8915.593
"6172",-8997.418
"6173",-8856.346
"6174",-8933.979
"6175",-8907.196
"6176",-8784.969
"6177",-9095.135
"6178",-8808.612
"6179",-8883.699
"6180",-8921.849
"6181",-8910.417
"6182",-8822.34
"6183",-8969.578
"6184",-8673.548
"6185",-9001.088
"6186",-8691.368
"6187",-8646.508
"6188",-8718.859
"6189",-8758.322
"6190",-8948.766
"6191",-8955.371
"6192",-8613.73
"6193",-8857.047
"6194",-8966.881
"6195",-8641.089
"6196",-9033.013
"6197",-9134.791
"6198",-8834.342
"6199",-8633.98
"6200",-8890.15
"6201",-9113.751
"6202",-8884.785
"6203",-8724.619
"6204",-8974.248
"6205",-8919.085
"6206",-9019.375
"6207",-8741.835
"6208",-8968.524
"6209",-8835.904
"6210",-8969.126
"6211",-8948.887
"6212",-8792.628
"6213",-8783.838
"6214",-8801.648
"6215",-9152.797
"6216",-8779.508
"6217",-8932.31
"6218",-9042.67
"6219",-8862.592
"6220",-8953.647
"6221",-8875.123
"6222",-8852.586
"6223",-9081.142
"6224",-9062.592
"6225",-8768.371
"6226",-8800.587
"6227",-8877.515
"6228",-9008.584
"6229",-8955.63
"6230",-9096.452
"6231",-8968.725
"6232",-9045.12
"6233",-8956.358
"6234",-8891.727
"6235",-8849.018
"6236",-9200.536
"6237",-8657.795
"6238",-9067.251
"6239",-8789.569
"6240",-9008.322
"6241",-9107.939
"6242",-9016.768
"6243",-8904.701
"6244",-8903.217
"6245",-8918.67
"6246",-9206.12
"6247",-9040.225
"6248",-9037.85
"6249",-8847.388
"6250",-8874.586
"6251",-9015.266
"6252",-9121.715
"6253",-8842.311
"6254",-8811.567
"6255",-8960.48
"6256",-8927.309
"6257",-8680.272
"6258",-9149.2
"6259",-8994.158
"6260",-8839.125
"6261",-8837.806
"6262",-9098.301
"6263",-8929.659
"6264",-8698.526
"6265",-8993.139
"6266",-8963.683
"6267",-8830.172
"6268",-8738.691
"6269",-8887.617
"6270",-8958.854
"6271",-8777.28
"6272",-8838.264
"6273",-8722.669
"6274",-8950.696
"6275",-8831.246
"6276",-9063.446
"6277",-8931.742
"6278",-8764.142
"6279",-8905.209
"6280",-8959.42
"6281",-8955.222
"6282",-8824.86
"6283",-8927.948
"6284",-8867.924
"6285",-8955.463
"6286",-8807.277
"6287",-8841.274
"6288",-8889.582
"6289",-8903.844
"6290",-8560.078
"6291",-9004.564
"6292",-8795.191
"6293",-8831.277
"6294",-9113.512
"6295",-9017.717
"6296",-9171.03
"6297",-8892.012
"6298",-8832.511
"6299",-8757.538
"6300",-8872.299
"6301",-8684.768
"6302",-8749.043
"6303",-9007.112
"6304",-8935.897
"6305",-8750.302
"6306",-8639.07
"6307",-8897.882
"6308",-8868.07
"6309",-8577.736
"6310",-8657.389
"6311",-8953.746
"6312",-8657.129
"6313",-8798.552
"6314",-8818.395
"6315",-9271.095
"6316",-8987.86
"6317",-8938.086
"6318",-8919.558
"6319",-9143.14
"6320",-9046.222
"6321",-9001.638
"6322",-9120.977
"6323",-8994.088
"6324",-9201.897
"6325",-8743.526
"6326",-8778.577
"6327",-8838.295
"6328",-8748.329
"6329",-8910.81
"6330",-8793.265
"6331",-8970.338
"6332",-9133.331
"6333",-9041.32
"6334",-8866.955
"6335",-8816.501
"6336",-8700.975
"6337",-9048.872
"6338",-8677.064
"6339",-9081.878
"6340",-8815.212
"6341",-8864.518
"6342",-8916.633
"6343",-8954.353
"6344",-8821.767
"6345",-9216.429
"6346",-8991.311
"6347",-8803.405
"6348",-8696.622
"6349",-8674.624
"6350",-9110.078
"6351",-8652.13
"6352",-8866.236
"6353",-9001.658
"6354",-9117.522
"6355",-8936.261
"6356",-8816.407
"6357",-8790.673
"6358",-9066.926
"6359",-8983.462
"6360",-8753.626
"6361",-9093.376
"6362",-8733.16
"6363",-8927.525
"6364",-8931.561
"6365",-8895.502
"6366",-8997.423
"6367",-8979.697
"6368",-9042.386
"6369",-9146.399
"6370",-8945.404
"6371",-9123.563
"6372",-8855.846
"6373",-8563.884
"6374",-8860.316
"6375",-8789.779
"6376",-8781.227
"6377",-8989.612
"6378",-9028.069
"6379",-8914.532
"6380",-8725.838
"6381",-8804.383
"6382",-8807.858
"6383",-9141.441
"6384",-9216.457
"6385",-8727.528
"6386",-8921.075
"6387",-8881.248
"6388",-8424.806
"6389",-8880.127
"6390",-8754.631
"6391",-9083.64
"6392",-8823.312
"6393",-9031.104
"6394",-9070.907
"6395",-8630.733
"6396",-8883.654
"6397",-8606.749
"6398",-8965.126
"6399",-8810.559
"6400",-8783.735
"6401",-8884.506
"6402",-8775.713
"6403",-8829.961
"6404",-8916.079
"6405",-8733.892
"6406",-8802.798
"6407",-8763.959
"6408",-8930.665
"6409",-9004.87
"6410",-9110.156
"6411",-9014.794
"6412",-8884.84
"6413",-9253.274
"6414",-8951.266
"6415",-8845.524
"6416",-9068.326
"6417",-8859.836
"6418",-8987.442
"6419",-8699.321
"6420",-8899.487
"6421",-9003.353
"6422",-8836.527
"6423",-8675.214
"6424",-9046.655
"6425",-8728.229
"6426",-8947.396
"6427",-8898.595
"6428",-9170.001
"6429",-8914.195
"6430",-8808.796
"6431",-8637.648
"6432",-8945.646
"6433",-8786.661
"6434",-8996.137
"6435",-9053.165
"6436",-8880.976
"6437",-8933.313
"6438",-8866.86
"6439",-8718.832
"6440",-9120.166
"6441",-8996.777
"6442",-8846.988
"6443",-8766.771
"6444",-8646.951
"6445",-8600.458
"6446",-8814.502
"6447",-9149.134
"6448",-8828.06
"6449",-8830.246
"6450",-9087.34
"6451",-9009.881
"6452",-8869.179
"6453",-8760.186
"6454",-9008.559
"6455",-8913.388
"6456",-8725.532
"6457",-8853.024
"6458",-8778.371
"6459",-8887.538
"6460",-9098.615
"6461",-8912.497
"6462",-9096.649
"6463",-9054.048
"6464",-9023.116
"6465",-9077.378
"6466",-8943.635
"6467",-8671.059
"6468",-8886.8
"6469",-8948.48
"6470",-8958.857
"6471",-9078.74
"6472",-8797.66
"6473",-8699.958
"6474",-8935.804
"6475",-8666.032
"6476",-9040.581
"6477",-8977.237
"6478",-9001.215
"6479",-8864.101
"6480",-8710.689
"6481",-8705.505
"6482",-8893.508
"6483",-8915.692
"6484",-8920.424
"6485",-8801.337
"6486",-8876.506
"6487",-8779.509
"6488",-8818.806
"6489",-8970.836
"6490",-8945.399
"6491",-8851.32
"6492",-9055.075
"6493",-8978.997
"6494",-9075.041
"6495",-9007.884
"6496",-8812.059
"6497",-8823.782
"6498",-8815.937
"6499",-8920.442
"6500",-8921.769
"6501",-9215.004
"6502",-8792.414
"6503",-8930.257
"6504",-9079.594
"6505",-8701.567
"6506",-8740.776
"6507",-8906.007
"6508",-8949.172
"6509",-9009.45
"6510",-8730.786
"6511",-8937.042
"6512",-9090.19
"6513",-8731.894
"6514",-8676.037
"6515",-8821.649
"6516",-8949.99
"6517",-8614.945
"6518",-8919.132
"6519",-8883.87
"6520",-8833.383
"6521",-8820.16
"6522",-8737.595
"6523",-8948.428
"6524",-8856.452
"6525",-9079.439
"6526",-8868.565
"6527",-8805.177
"6528",-9111.877
"6529",-8880.999
"6530",-8990.142
"6531",-8992.713
"6532",-8622.173
"6533",-8781.662
"6534",-8767.396
"6535",-9133.353
"6536",-8915.732
"6537",-8888.745
"6538",-8881.55
"6539",-8890.129
"6540",-8918.449
"6541",-8948.502
"6542",-8802.523
"6543",-9062.208
"6544",-8634.046
"6545",-8923.199
"6546",-8956.035
"6547",-8879.78
"6548",-9046.088
"6549",-8952.547
"6550",-8797.919
"6551",-8901.647
"6552",-8924.989
"6553",-9069.054
"6554",-8877.922
"6555",-8856.823
"6556",-9039.171
"6557",-8813.928
"6558",-8978.611
"6559",-8737.098
"6560",-8902.837
"6561",-8815.392
"6562",-8974.179
"6563",-8893.04
"6564",-8845.656
"6565",-8715.068
"6566",-8685.753
"6567",-8750.753
"6568",-8867.274
"6569",-9171.364
"6570",-8853.99
"6571",-8873.356
"6572",-8528.806
"6573",-8677.579
"6574",-8850.685
"6575",-9025.51
"6576",-8925.293
"6577",-8895.799
"6578",-8687.354
"6579",-8924.285
"6580",-8970.154
"6581",-8917.635
"6582",-8865.333
"6583",-8826.269
"6584",-8896.253
"6585",-8578.676
"6586",-9004.829
"6587",-8854.957
"6588",-8781.852
"6589",-8624.378
"6590",-8859.003
"6591",-9032.55
"6592",-8938.362
"6593",-8935.636
"6594",-9099.218
"6595",-8931.34
"6596",-8970.53
"6597",-8810.891
"6598",-8819.026
"6599",-8925.104
"6600",-9111.345
"6601",-8935.444
"6602",-9098.035
"6603",-8986.251
"6604",-8717.714
"6605",-8944.337
"6606",-8609.244
"6607",-8894.851
"6608",-8864.354
"6609",-8714.531
"6610",-8917.287
"6611",-8550.136
"6612",-8942.916
"6613",-8958.792
"6614",-8718.872
"6615",-9027.686
"6616",-9096.935
"6617",-9031.279
"6618",-8973.49
"6619",-8982.401
"6620",-8939.694
"6621",-9069.806
"6622",-8697.828
"6623",-9060.746
"6624",-8774.696
"6625",-9009.89
"6626",-8909.259
"6627",-8916.489
"6628",-8925.738
"6629",-9039.092
"6630",-8823.175
"6631",-8885.156
"6632",-8997.982
"6633",-8830.996
"6634",-8864.655
"6635",-8977.168
"6636",-8944.317
"6637",-8936.864
"6638",-9277.934
"6639",-8797.073
"6640",-8986.986
"6641",-8942.696
"6642",-9103.982
"6643",-8821.773
"6644",-8761.367
"6645",-9135.091
"6646",-8910.997
"6647",-8813.441
"6648",-9040.118
"6649",-8922.854
"6650",-9225.143
"6651",-8711.59
"6652",-8980.637
"6653",-8860.022
"6654",-8874.341
"6655",-8785.006
"6656",-8872.895
"6657",-8920.293
"6658",-8832.917
"6659",-9058.112
"6660",-9060.821
"6661",-8746.271
"6662",-9080.415
"6663",-9025.111
"6664",-8932.406
"6665",-8980.556
"6666",-8746.812
"6667",-8939.989
"6668",-8837.293
"6669",-8871.923
"6670",-9049.124
"6671",-8734.703
"6672",-9002.034
"6673",-9222.242
"6674",-9219.593
"6675",-9069.358
"6676",-8989.445
"6677",-8859.72
"6678",-8870.541
"6679",-8801.228
"6680",-9071.198
"6681",-8847.066
"6682",-8841.443
"6683",-9040.163
"6684",-8762.443
"6685",-8981.245
"6686",-8932.083
"6687",-8970.65
"6688",-9036.185
"6689",-9035.666
"6690",-8753.678
"6691",-8919.654
"6692",-8961.501
"6693",-9067.034
"6694",-9020.36
"6695",-8942.396
"6696",-8951.345
"6697",-8949.911
"6698",-8988.771
"6699",-9126.868
"6700",-8711.732
"6701",-8727.564
"6702",-8946.383
"6703",-8685.56
"6704",-8911.924
"6705",-8803.667
"6706",-8782.97
"6707",-9010.126
"6708",-8908.319
"6709",-8932.895
"6710",-8978.03
"6711",-8842.698
"6712",-9029.428
"6713",-8829.846
"6714",-9080.803
"6715",-8904.227
"6716",-8647.888
"6717",-8836.347
"6718",-8876.385
"6719",-8942.638
"6720",-9020.799
"6721",-8751.409
"6722",-8988.17
"6723",-8872.829
"6724",-9018.958
"6725",-8901.932
"6726",-8786.211
"6727",-8950.649
"6728",-8455.155
"6729",-8778.456
"6730",-8881.586
"6731",-8821.602
"6732",-8984.785
"6733",-8988.52
"6734",-8867.759
"6735",-8906.351
"6736",-8989.79
"6737",-8734.123
"6738",-8630.909
"6739",-8999.745
"6740",-8836.158
"6741",-8915.586
"6742",-8971.233
"6743",-8610.914
"6744",-8698.325
"6745",-8737.447
"6746",-8767.645
"6747",-8789.348
"6748",-8869.876
"6749",-9051.047
"6750",-8840.137
"6751",-9175.457
"6752",-8918.062
"6753",-8916.782
"6754",-8928.367
"6755",-9041.105
"6756",-8836.229
"6757",-8807.242
"6758",-9193.961
"6759",-8913.548
"6760",-8967.076
"6761",-8935.827
"6762",-8987.613
"6763",-8919.378
"6764",-8692.513
"6765",-8935.147
"6766",-8625.426
"6767",-8922.921
"6768",-8933.496
"6769",-8948.796
"6770",-8881.331
"6771",-9008.51
"6772",-8860.159
"6773",-8980.333
"6774",-8998.101
"6775",-8800.056
"6776",-8865.811
"6777",-9048.182
"6778",-8985.295
"6779",-8883.097
"6780",-8866.596
"6781",-8682.611
"6782",-8609.8
"6783",-8500.127
"6784",-8883.255
"6785",-8997.764
"6786",-8802.428
"6787",-8801.294
"6788",-8770.453
"6789",-8589.426
"6790",-9020.184
"6791",-8862.988
"6792",-9044.177
"6793",-9049.628
"6794",-8992.942
"6795",-9013.815
"6796",-8960.384
"6797",-8594.419
"6798",-9125.247
"6799",-8936.219
"6800",-9060.392
"6801",-8783.58
"6802",-8738.227
"6803",-8763.806
"6804",-8910.04
"6805",-8794.89
"6806",-9070.072
"6807",-8791.983
"6808",-9029.918
"6809",-8755.135
"6810",-8932.272
"6811",-8799.478
"6812",-8969.611
"6813",-8893.437
"6814",-8942.12
"6815",-9082.648
"6816",-8648.399
"6817",-9001.797
"6818",-9122.697
"6819",-9114.738
"6820",-8973.452
"6821",-8965.335
"6822",-9079.477
"6823",-9095.817
"6824",-9074.925
"6825",-8980.402
"6826",-8743.765
"6827",-9014.912
"6828",-8855.697
"6829",-9026.371
"6830",-8835.629
"6831",-8711.71
"6832",-8975.447
"6833",-9177.104
"6834",-8677.281
"6835",-8833.749
"6836",-8920.56
"6837",-8967.172
"6838",-8977.208
"6839",-9036.876
"6840",-8949.23
"6841",-8970.085
"6842",-9006.896
"6843",-8614.403
"6844",-8802.317
"6845",-9370.055
"6846",-9102.474
"6847",-8707.688
"6848",-8698.688
"6849",-8924.123
"6850",-8766.535
"6851",-8709.312
"6852",-9153.825
"6853",-8853.452
"6854",-8895.134
"6855",-9130.204
"6856",-8948.753
"6857",-8800.774
"6858",-8839.703
"6859",-8909.608
"6860",-8893.991
"6861",-9079.73
"6862",-8762.523
"6863",-8915.32
"6864",-8971.945
"6865",-8965.859
"6866",-9041.926
"6867",-8754.264
"6868",-9057.303
"6869",-9194.05
"6870",-8996.303
"6871",-8966.32
"6872",-8892.569
"6873",-8999.792
"6874",-9048.697
"6875",-8920.432
"6876",-8767.893
"6877",-8816.349
"6878",-8915.992
"6879",-8923.025
"6880",-8935.788
"6881",-8926.239
"6882",-8743.974
"6883",-8708.316
"6884",-8945.478
"6885",-9195.563
"6886",-8975.582
"6887",-9069.405
"6888",-8855.165
"6889",-8987.665
"6890",-8637.667
"6891",-8945.606
"6892",-8849.27
"6893",-8915.914
"6894",-8815.572
"6895",-8991.163
"6896",-9060.116
"6897",-8859.584
"6898",-8956.533
"6899",-8627.931
"6900",-8841.865
"6901",-9135.3
"6902",-8685.828
"6903",-8598.358
"6904",-8699.593
"6905",-8970.025
"6906",-9042.119
"6907",-8969.087
"6908",-8909.053
"6909",-8990.33
"6910",-8672.096
"6911",-9013.005
"6912",-8850.412
"6913",-8722.611
"6914",-8889.627
"6915",-8923.352
"6916",-8905.25
"6917",-9107.092
"6918",-8770.208
"6919",-9000.65
"6920",-8871.677
"6921",-8646.654
"6922",-8942.779
"6923",-8811.056
"6924",-8979.278
"6925",-8755.022
"6926",-8955.53
"6927",-8602.98
"6928",-8844.462
"6929",-8746.009
"6930",-8520.261
"6931",-9080.767
"6932",-9183.952
"6933",-8958.716
"6934",-8944.063
"6935",-8804.462
"6936",-8807.529
"6937",-9042.649
"6938",-8801.58
"6939",-8874.048
"6940",-8900.616
"6941",-8883.648
"6942",-9002.295
"6943",-8781.684
"6944",-8787.442
"6945",-8924.197
"6946",-9037.8
"6947",-9000.154
"6948",-9013.812
"6949",-8672.084
"6950",-8835.386
"6951",-8763.268
"6952",-8989.681
"6953",-8731.316
"6954",-8676.662
"6955",-8715.015
"6956",-8799.922
"6957",-8646.031
"6958",-9110.327
"6959",-8610.364
"6960",-8812.606
"6961",-9051.541
"6962",-8708.256
"6963",-8880.013
"6964",-8799.61
"6965",-9023.883
"6966",-8872.491
"6967",-8799.597
"6968",-8894.07
"6969",-9106.225
"6970",-8808.026
"6971",-8687.506
"6972",-9050.072
"6973",-9005.982
"6974",-8691.397
"6975",-8854.441
"6976",-8940.075
"6977",-8926.541
"6978",-9089.224
"6979",-9112.521
"6980",-8991.98
"6981",-8955
"6982",-8827.383
"6983",-8825.426
"6984",-8939.166
"6985",-8852.309
"6986",-8928.734
"6987",-8943.879
"6988",-8896.972
"6989",-8907.702
"6990",-9076.123
"6991",-8890.196
"6992",-8795.122
"6993",-8869.654
"6994",-8761.892
"6995",-9028.153
"6996",-9092.841
"6997",-9076.044
"6998",-8964.586
"6999",-9045.457
"7000",-8898.076
"7001",-8646.947
"7002",-8965.774
"7003",-8895.877
"7004",-8873.257
"7005",-8933.26
"7006",-9206.201
"7007",-8893.126
"7008",-8780.688
"7009",-9081.706
"7010",-8863.755
"7011",-8759.503
"7012",-8986.616
"7013",-8864.528
"7014",-8959.887
"7015",-8985.321
"7016",-8987.308
"7017",-9182.422
"7018",-9066.408
"7019",-9029.339
"7020",-8943.546
"7021",-8981.467
"7022",-9003.338
"7023",-8851.596
"7024",-9308.558
"7025",-8806.885
"7026",-8841.351
"7027",-9002.75
"7028",-9176.878
"7029",-8945.816
"7030",-8898.965
"7031",-8710.96
"7032",-9045.602
"7033",-8541.974
"7034",-9079.159
"7035",-8711.596
"7036",-9056.732
"7037",-8831.992
"7038",-8802.488
"7039",-8934.835
"7040",-8856.216
"7041",-9065.116
"7042",-8806.665
"7043",-8855.648
"7044",-8889.272
"7045",-8832.57
"7046",-8747.695
"7047",-9033.996
"7048",-8595.855
"7049",-8886.355
"7050",-8567.778
"7051",-8957.281
"7052",-9010.788
"7053",-8659.403
"7054",-8581.126
"7055",-9030.021
"7056",-8905.176
"7057",-8820.04
"7058",-8915.007
"7059",-9048.053
"7060",-8890.537
"7061",-9007.663
"7062",-9145.511
"7063",-8521.772
"7064",-8814.062
"7065",-8918.247
"7066",-9018.799
"7067",-9057.909
"7068",-8680.86
"7069",-8629.687
"7070",-8734.403
"7071",-8892.953
"7072",-8894.632
"7073",-8820.387
"7074",-8598.177
"7075",-8770.306
"7076",-8919.117
"7077",-8986.952
"7078",-8856.155
"7079",-8866.378
"7080",-9093.399
"7081",-9028.569
"7082",-9007.359
"7083",-8932.758
"7084",-9025.193
"7085",-9152.506
"7086",-9120.515
"7087",-9114.635
"7088",-8819.509
"7089",-8925.266
"7090",-9143.655
"7091",-8700.379
"7092",-8724.535
"7093",-8871.379
"7094",-8773.828
"7095",-8872.714
"7096",-8852.941
"7097",-8968.431
"7098",-8785.911
"7099",-8830.612
"7100",-8910.869
"7101",-8933.264
"7102",-8869.167
"7103",-8993.002
"7104",-8931.138
"7105",-9026.884
"7106",-9112.716
"7107",-8923.327
"7108",-8760.676
"7109",-8997.005
"7110",-8825.08
"7111",-8996.499
"7112",-8775.447
"7113",-8847.353
"7114",-8853.282
"7115",-8753.095
"7116",-9147.912
"7117",-8723.45
"7118",-8504.371
"7119",-8934.923
"7120",-8947.954
"7121",-8830.521
"7122",-8712.491
"7123",-8868.547
"7124",-9103.37
"7125",-8680.456
"7126",-8828.298
"7127",-9082.438
"7128",-8772.947
"7129",-8978.92
"7130",-9171.608
"7131",-8887.07
"7132",-8838.764
"7133",-9300.622
"7134",-8935.395
"7135",-8798.503
"7136",-8913.072
"7137",-8806.679
"7138",-8841.756
"7139",-8880.443
"7140",-8986.581
"7141",-8890.053
"7142",-8714.494
"7143",-8606.419
"7144",-9083.738
"7145",-9052.896
"7146",-8766.364
"7147",-8984.197
"7148",-9131.697
"7149",-8812.549
"7150",-8788.537
"7151",-8821.773
"7152",-9165.296
"7153",-8690.167
"7154",-8886.896
"7155",-8744.203
"7156",-8636.507
"7157",-8998.129
"7158",-8957.18
"7159",-8722.3
"7160",-9031.013
"7161",-8750.736
"7162",-9109.52
"7163",-9025.268
"7164",-8776.282
"7165",-8728.215
"7166",-9027.663
"7167",-9039.038
"7168",-8996.763
"7169",-8764.644
"7170",-8616.889
"7171",-8854.478
"7172",-9062.044
"7173",-8935.978
"7174",-8805.683
"7175",-8980.704
"7176",-9078.586
"7177",-9215.327
"7178",-8759.24
"7179",-9136.882
"7180",-8922.229
"7181",-9071.18
"7182",-8995.826
"7183",-9002.971
"7184",-9097.389
"7185",-8614.137
"7186",-8742.546
"7187",-9032.081
"7188",-8755.95
"7189",-9299.586
"7190",-8751.093
"7191",-9118.435
"7192",-8812.277
"7193",-8776.141
"7194",-8880.334
"7195",-8886.667
"7196",-8783.247
"7197",-8917.01
"7198",-8578.717
"7199",-8943.374
"7200",-8745.782
"7201",-8942.726
"7202",-8912.523
"7203",-8921.508
"7204",-8910.06
"7205",-8882.859
"7206",-9075.145
"7207",-8956.084
"7208",-8749.508
"7209",-8977.82
"7210",-8925.162
"7211",-8852.076
"7212",-8946.824
"7213",-9053.827
"7214",-8892.632
"7215",-8929.609
"7216",-8984.602
"7217",-9052.344
"7218",-8843.069
"7219",-8930.802
"7220",-8796.521
"7221",-8853.725
"7222",-8856.242
"7223",-9133.178
"7224",-8775.493
"7225",-8565.404
"7226",-8939.415
"7227",-8903.087
"7228",-9328.519
"7229",-8840.21
"7230",-8785.323
"7231",-9209.922
"7232",-8903.868
"7233",-9067.858
"7234",-9083.619
"7235",-9024.103
"7236",-8889.733
"7237",-8944.557
"7238",-9108.493
"7239",-8839.351
"7240",-8927.989
"7241",-8840.365
"7242",-9215.912
"7243",-8800.979
"7244",-9087.074
"7245",-8881.772
"7246",-8786.659
"7247",-8782.255
"7248",-8926.201
"7249",-8853.146
"7250",-8902.293
"7251",-8948.866
"7252",-8998.143
"7253",-9056.009
"7254",-8868.681
"7255",-9084.524
"7256",-9026.738
"7257",-8906.636
"7258",-8986.251
"7259",-8921.541
"7260",-8981.255
"7261",-8944.73
"7262",-8929.774
"7263",-8644.068
"7264",-8642.673
"7265",-8876.247
"7266",-9016.12
"7267",-8937.576
"7268",-8863.255
"7269",-9138.67
"7270",-9040.833
"7271",-8649.678
"7272",-9113.952
"7273",-9059.105
"7274",-8707.376
"7275",-8966.259
"7276",-9109.148
"7277",-8849.496
"7278",-9061.138
"7279",-8972.175
"7280",-9048.98
"7281",-8855.769
"7282",-8789.967
"7283",-9145.365
"7284",-9057.851
"7285",-8806.126
"7286",-9082.932
"7287",-8689.355
"7288",-8726.389
"7289",-8892.227
"7290",-8957.252
"7291",-8897.684
"7292",-8869.1
"7293",-8821.169
"7294",-8739.27
"7295",-8912.375
"7296",-8935.911
"7297",-8717.377
"7298",-9067.073
"7299",-8944.883
"7300",-9053.516
"7301",-9040.563
"7302",-8882.158
"7303",-8679.15
"7304",-9103.763
"7305",-9077.888
"7306",-8706.732
"7307",-9003.759
"7308",-8913.396
"7309",-8608.772
"7310",-9011.196
"7311",-8919.282
"7312",-8765.96
"7313",-8950.288
"7314",-9105.211
"7315",-8919.044
"7316",-8672.677
"7317",-8956.408
"7318",-8985.429
"7319",-9027.863
"7320",-9008.144
"7321",-8790.252
"7322",-8845.469
"7323",-9073.925
"7324",-8859.194
"7325",-8996.953
"7326",-8887.925
"7327",-9012.857
"7328",-8966.845
"7329",-9074.349
"7330",-8921.451
"7331",-8984.485
"7332",-9072.107
"7333",-9044.503
"7334",-8843.422
"7335",-8991.427
"7336",-9087.009
"7337",-8900.387
"7338",-9290.539
"7339",-8800.728
"7340",-8877.057
"7341",-8729.441
"7342",-8974.488
"7343",-8708.422
"7344",-8905.039
"7345",-8727.045
"7346",-8789.333
"7347",-8943.924
"7348",-8890.791
"7349",-8985.866
"7350",-8899.742
"7351",-8964.659
"7352",-8799.362
"7353",-8890.824
"7354",-8803.292
"7355",-8519.966
"7356",-8645.928
"7357",-8853.469
"7358",-9070.333
"7359",-8920.51
"7360",-9008.579
"7361",-9062.057
"7362",-8861.079
"7363",-8815.836
"7364",-9037.256
"7365",-8885.853
"7366",-8761.926
"7367",-8968.858
"7368",-8804.377
"7369",-8737.036
"7370",-8818.665
"7371",-8735.777
"7372",-8745.616
"7373",-9033.919
"7374",-9262.744
"7375",-8873.349
"7376",-8685.423
"7377",-9097.676
"7378",-9106.224
"7379",-8762.079
"7380",-8924.927
"7381",-8871.293
"7382",-8895.343
"7383",-8889.699
"7384",-9110.79
"7385",-8719.403
"7386",-8953.008
"7387",-8917.091
"7388",-8875.992
"7389",-8791.941
"7390",-8967.969
"7391",-9119.163
"7392",-8711.667
"7393",-9035.566
"7394",-8884.189
"7395",-8685.776
"7396",-8766.015
"7397",-8994.565
"7398",-9073.505
"7399",-9252.994
"7400",-9038.605
"7401",-9096.208
"7402",-9052.263
"7403",-9052.319
"7404",-8969.369
"7405",-9183.771
"7406",-8605.096
"7407",-8914.109
"7408",-8791.794
"7409",-8554.128
"7410",-8891.893
"7411",-8959.085
"7412",-8764.707
"7413",-9205.564
"7414",-8946.826
"7415",-8944.213
"7416",-9094.763
"7417",-8979.35
"7418",-8907.856
"7419",-9108.641
"7420",-9029.573
"7421",-8659.965
"7422",-8988.029
"7423",-8805.087
"7424",-8855.622
"7425",-8894.891
"7426",-8937.228
"7427",-8830.28
"7428",-8890.175
"7429",-8889.079
"7430",-8943.189
"7431",-8851.261
"7432",-8805.717
"7433",-8876.992
"7434",-9058.391
"7435",-8961.412
"7436",-8916.952
"7437",-8905.804
"7438",-8941.529
"7439",-8946.69
"7440",-9236.066
"7441",-8994.424
"7442",-8845.863
"7443",-9063.003
"7444",-8972.794
"7445",-9110.053
"7446",-9045.446
"7447",-8701.874
"7448",-9069.768
"7449",-8949.73
"7450",-9106.144
"7451",-8835.848
"7452",-9027.363
"7453",-8806.821
"7454",-8644.925
"7455",-8790.537
"7456",-9173.887
"7457",-8941.276
"7458",-8763.04
"7459",-9119.37
"7460",-8726.104
"7461",-8908.662
"7462",-8872.541
"7463",-9155.919
"7464",-8950.944
"7465",-9085.129
"7466",-8787.617
"7467",-8812.894
"7468",-9097.864
"7469",-8924
"7470",-8928.025
"7471",-8786.435
"7472",-8673.179
"7473",-8899.438
"7474",-9217.654
"7475",-8843.162
"7476",-9155.667
"7477",-8793.054
"7478",-8884.494
"7479",-9028.58
"7480",-9041.599
"7481",-8709.014
"7482",-8945.065
"7483",-8924.168
"7484",-8796.814
"7485",-9238.892
"7486",-8661.529
"7487",-8865.553
"7488",-8840.638
"7489",-8961.401
"7490",-8681.624
"7491",-9122.739
"7492",-8959.368
"7493",-9002.122
"7494",-9038.92
"7495",-8578.705
"7496",-8930.177
"7497",-8853.158
"7498",-8694.109
"7499",-9036.956
"7500",-8872.114
"7501",-8861.592
"7502",-9159.996
"7503",-8655.322
"7504",-9097.896
"7505",-8740.621
"7506",-8837.493
"7507",-9063.267
"7508",-8873.272
"7509",-8688.231
"7510",-8730.812
"7511",-8665.633
"7512",-8635.08
"7513",-8881.83
"7514",-8819.285
"7515",-9069.254
"7516",-9102.779
"7517",-9065.496
"7518",-8766.001
"7519",-9170.24
"7520",-8837.691
"7521",-8642.607
"7522",-9286.554
"7523",-9011.314
"7524",-8758.162
"7525",-8975.639
"7526",-8627.283
"7527",-8995.902
"7528",-8762.361
"7529",-8836.791
"7530",-8832.411
"7531",-8719.572
"7532",-8840.429
"7533",-8799.407
"7534",-8937.737
"7535",-8660.872
"7536",-9003.271
"7537",-8936.632
"7538",-8909.781
"7539",-8949.981
"7540",-8831.057
"7541",-8806.889
"7542",-9017.331
"7543",-8987.38
"7544",-8903.736
"7545",-8787.125
"7546",-8843.557
"7547",-9198.984
"7548",-8819.752
"7549",-8868.853
"7550",-8857.76
"7551",-9057.166
"7552",-8889.47
"7553",-8827.91
"7554",-8998.912
"7555",-9308.645
"7556",-8707.449
"7557",-8802.194
"7558",-8888.778
"7559",-9013.399
"7560",-8966.816
"7561",-8799.539
"7562",-8902.576
"7563",-8949.598
"7564",-8747.095
"7565",-8848.53
"7566",-8885.142
"7567",-8874.912
"7568",-8671.141
"7569",-9131.303
"7570",-9150.54
"7571",-8835.576
"7572",-9104.289
"7573",-8782.696
"7574",-8771.855
"7575",-9070.609
"7576",-8673.571
"7577",-8640.624
"7578",-9002.214
"7579",-8877.589
"7580",-8881.562
"7581",-8693.716
"7582",-8781.746
"7583",-8882.579
"7584",-9137.766
"7585",-8814.598
"7586",-8813.973
"7587",-8878.993
"7588",-8943.885
"7589",-8764.166
"7590",-8973.373
"7591",-8951.675
"7592",-8495.029
"7593",-8805.44
"7594",-8996.177
"7595",-8703.325
"7596",-9177.291
"7597",-8852.376
"7598",-9224.576
"7599",-9000.396
"7600",-8902.19
"7601",-8940.244
"7602",-9112.928
"7603",-8954.479
"7604",-8948.503
"7605",-8891.899
"7606",-8971.348
"7607",-8657.475
"7608",-8853.934
"7609",-9103.761
"7610",-9251.22
"7611",-8878.001
"7612",-8781.386
"7613",-8766.127
"7614",-9293.627
"7615",-8981.905
"7616",-8763.94
"7617",-8895.804
"7618",-8776.09
"7619",-8919.472
"7620",-8853.935
"7621",-9130.887
"7622",-8871.457
"7623",-8992.699
"7624",-9185.199
"7625",-8758.392
"7626",-8761.15
"7627",-9062.748
"7628",-9079.769
"7629",-9053.18
"7630",-8696.388
"7631",-8704.622
"7632",-9117.891
"7633",-8751.604
"7634",-8900.576
"7635",-9057.332
"7636",-9253.388
"7637",-9058.074
"7638",-8964.904
"7639",-9019.134
"7640",-9122.034
"7641",-8698.479
"7642",-8650.97
"7643",-8931.336
"7644",-8849.352
"7645",-8898.537
"7646",-8735.951
"7647",-9067.616
"7648",-9026.927
"7649",-8949.941
"7650",-9137.871
"7651",-9106.682
"7652",-8736.245
"7653",-9036.056
"7654",-8815.487
"7655",-8797.158
"7656",-9106.784
"7657",-8988.141
"7658",-8809.075
"7659",-8610.31
"7660",-8957.928
"7661",-8865.617
"7662",-9112.56
"7663",-8832.668
"7664",-8970.306
"7665",-8776.29
"7666",-8729.208
"7667",-8809.21
"7668",-9015.344
"7669",-9031.188
"7670",-8406.887
"7671",-8842.706
"7672",-9116.432
"7673",-9082.872
"7674",-9004.874
"7675",-8821.945
"7676",-8675.931
"7677",-8967.801
"7678",-8744.337
"7679",-8932.938
"7680",-8703.433
"7681",-9020.804
"7682",-8755.695
"7683",-8612.741
"7684",-8545.569
"7685",-8824.744
"7686",-9012.89
"7687",-8991.24
"7688",-8797.973
"7689",-9077.882
"7690",-8951.164
"7691",-8925.167
"7692",-8678.214
"7693",-8690.672
"7694",-8753.353
"7695",-8843.974
"7696",-8984.256
"7697",-8867.865
"7698",-8998.853
"7699",-8788.13
"7700",-8794.304
"7701",-8828.186
"7702",-8875.547
"7703",-9177.444
"7704",-8850.762
"7705",-8984.213
"7706",-8977.231
"7707",-9011.335
"7708",-8943.458
"7709",-8974.907
"7710",-8986.707
"7711",-8816.967
"7712",-8784.038
"7713",-8784.929
"7714",-8801.057
"7715",-8932.027
"7716",-9071.527
"7717",-8648.901
"7718",-8970.409
"7719",-9069.846
"7720",-9037.387
"7721",-8830.479
"7722",-8811.996
"7723",-8954.25
"7724",-9072.853
"7725",-8921.372
"7726",-9123.485
"7727",-8632.576
"7728",-9014.702
"7729",-8864.263
"7730",-9056.314
"7731",-9104.902
"7732",-8585.516
"7733",-9040.83
"7734",-8696.915
"7735",-9070.025
"7736",-8797.421
"7737",-9041.78
"7738",-8757.572
"7739",-8978.673
"7740",-9132.383
"7741",-9020.535
"7742",-8664.397
"7743",-9034.423
"7744",-8778.578
"7745",-9098.824
"7746",-8709.913
"7747",-8924.583
"7748",-9061.477
"7749",-8914.587
"7750",-8853.532
"7751",-8871.605
"7752",-8793.365
"7753",-8720.644
"7754",-8962.127
"7755",-8794.597
"7756",-8786.879
"7757",-8900.007
"7758",-8759.732
"7759",-8748.839
"7760",-9040.692
"7761",-8924.112
"7762",-8850.612
"7763",-9164.425
"7764",-8899.734
"7765",-8802.508
"7766",-8831.85
"7767",-8849.873
"7768",-9229.734
"7769",-9009.915
"7770",-9065.482
"7771",-8626.633
"7772",-8560.998
"7773",-8889.074
"7774",-8963.765
"7775",-8951.357
"7776",-8843.536
"7777",-8904.87
"7778",-8913.121
"7779",-8815.539
"7780",-9059.414
"7781",-8673.413
"7782",-8970.948
"7783",-8938.678
"7784",-9118.583
"7785",-9048.258
"7786",-9012.496
"7787",-8854.837
"7788",-8647.327
"7789",-8800.026
"7790",-8938.668
"7791",-8779.232
"7792",-9192.997
"7793",-8959.42
"7794",-9063.966
"7795",-9000.437
"7796",-8943.341
"7797",-8859.046
"7798",-9117.776
"7799",-8826.93
"7800",-9014.88
"7801",-9022.051
"7802",-8819.93
"7803",-8930.272
"7804",-8795.635
"7805",-8810.251
"7806",-8669.761
"7807",-9109.33
"7808",-8854.393
"7809",-8874.752
"7810",-8766.332
"7811",-8980.641
"7812",-9045.418
"7813",-8918.961
"7814",-8859.841
"7815",-9002.547
"7816",-8871.663
"7817",-8693.48
"7818",-8870.948
"7819",-8810.303
"7820",-8734.804
"7821",-8813.815
"7822",-9032.755
"7823",-8801.16
"7824",-8734.517
"7825",-8946.957
"7826",-8641.677
"7827",-9058.117
"7828",-8870.641
"7829",-9009.343
"7830",-8880.607
"7831",-8937.192
"7832",-8723.212
"7833",-8809.399
"7834",-8923.579
"7835",-8951.956
"7836",-8599.424
"7837",-8568.658
"7838",-9116.15
"7839",-9280.934
"7840",-8877.82
"7841",-8750.839
"7842",-8714.585
"7843",-8852.642
"7844",-8740.497
"7845",-8949.627
"7846",-9198.567
"7847",-8965.095
"7848",-8589.35
"7849",-9189.872
"7850",-8927.923
"7851",-8915.843
"7852",-8832.07
"7853",-8888.064
"7854",-8817
"7855",-8626.276
"7856",-8995.319
"7857",-8987.722
"7858",-8709.837
"7859",-8940.602
"7860",-8714.047
"7861",-8967.746
"7862",-8647.964
"7863",-8768.599
"7864",-9015.802
"7865",-8901.341
"7866",-8899.242
"7867",-9065.066
"7868",-8910.163
"7869",-8802.298
"7870",-8849.518
"7871",-8736.914
"7872",-9020.942
"7873",-9001.847
"7874",-9098.589
"7875",-8688.748
"7876",-8495.662
"7877",-8648.411
"7878",-8837.643
"7879",-9057.657
"7880",-8819.178
"7881",-8774.752
"7882",-9039.767
"7883",-8624.365
"7884",-8875.348
"7885",-8865.117
"7886",-8741.986
"7887",-8788.997
"7888",-8951.356
"7889",-8947.719
"7890",-8657.882
"7891",-8988.511
"7892",-8862.847
"7893",-8882.591
"7894",-8769.545
"7895",-8844.263
"7896",-8930.974
"7897",-8605.859
"7898",-8989.145
"7899",-8748.509
"7900",-9038.996
"7901",-9156.706
"7902",-8913.805
"7903",-8655.679
"7904",-8828.867
"7905",-8996.944
"7906",-8834.326
"7907",-8691.801
"7908",-8820.574
"7909",-8819.471
"7910",-9075.342
"7911",-8982.143
"7912",-8815.144
"7913",-8811.04
"7914",-8576.936
"7915",-9037.816
"7916",-8880.81
"7917",-8922.905
"7918",-8838.037
"7919",-8872.131
"7920",-9107.403
"7921",-8873.951
"7922",-8831.747
"7923",-8771.299
"7924",-8735.754
"7925",-8950.662
"7926",-8786.564
"7927",-8904.848
"7928",-8753.981
"7929",-8798.35
"7930",-8652.932
"7931",-8913.922
"7932",-9313.201
"7933",-8954.48
"7934",-8867.153
"7935",-8776.47
"7936",-9100.368
"7937",-8846.529
"7938",-8837.035
"7939",-8783.004
"7940",-8829.932
"7941",-8713.126
"7942",-8789.195
"7943",-8921.685
"7944",-8661.746
"7945",-8888.178
"7946",-8944.673
"7947",-8937.098
"7948",-8852.988
"7949",-9014.079
"7950",-8783.503
"7951",-8786.179
"7952",-8847.867
"7953",-8917.426
"7954",-8816.142
"7955",-8969.509
"7956",-9059.077
"7957",-9103.6
"7958",-8962.291
"7959",-8843.067
"7960",-9129.238
"7961",-8766.325
"7962",-9000.91
"7963",-8766.019
"7964",-8504.549
"7965",-8917.316
"7966",-9030.158
"7967",-8827.571
"7968",-8944.65
"7969",-8897.244
"7970",-8904.719
"7971",-8755.922
"7972",-8980.752
"7973",-8923.785
"7974",-8878.829
"7975",-8846.509
"7976",-9045.788
"7977",-9077.734
"7978",-8830.702
"7979",-9004.551
"7980",-8892.635
"7981",-8844.693
"7982",-9155.454
"7983",-8857.809
"7984",-8855.694
"7985",-8807.317
"7986",-8913.815
"7987",-8814.663
"7988",-8544.317
"7989",-9122.632
"7990",-8778.805
"7991",-8926.03
"7992",-8853.719
"7993",-8677.15
"7994",-8884.836
"7995",-9033.474
"7996",-8844.69
"7997",-8882.519
"7998",-8692.068
"7999",-8696.619
"8000",-8716.973
"8001",-9004.575
"8002",-8889.383
"8003",-9070.213
"8004",-8775.116
"8005",-8743.512
"8006",-8987.581
"8007",-9048.459
"8008",-8771.634
"8009",-8870.435
"8010",-8797.396
"8011",-9028.06
"8012",-8820.579
"8013",-8722.676
"8014",-8930.435
"8015",-8802.423
"8016",-8951.941
"8017",-8616.174
"8018",-8902.49
"8019",-8903.615
"8020",-8939.314
"8021",-8991.675
"8022",-8664.052
"8023",-9062.796
"8024",-8925.001
"8025",-8894.227
"8026",-9039.875
"8027",-8856.94
"8028",-8703.105
"8029",-8834.152
"8030",-9179.885
"8031",-9012.057
"8032",-8774.317
"8033",-8733.088
"8034",-9148.233
"8035",-8916.139
"8036",-8703.962
"8037",-8702.559
"8038",-9018.546
"8039",-8949.083
"8040",-9038.756
"8041",-9128.787
"8042",-8834.352
"8043",-8683.067
"8044",-8734.835
"8045",-9133.411
"8046",-8973.571
"8047",-8990.346
"8048",-8882.512
"8049",-8661.556
"8050",-8982.651
"8051",-8919.477
"8052",-8918.394
"8053",-8823.806
"8054",-8939.742
"8055",-9177.719
"8056",-8750.001
"8057",-8953.294
"8058",-8914.05
"8059",-8675.335
"8060",-8788.173
"8061",-8925.087
"8062",-9067.482
"8063",-8943.524
"8064",-8927.266
"8065",-8648.454
"8066",-8969.024
"8067",-8871.333
"8068",-8813.113
"8069",-8842.91
"8070",-8954.445
"8071",-9037.548
"8072",-8732.72
"8073",-8955.827
"8074",-8906.897
"8075",-8914.93
"8076",-8938.681
"8077",-8906.327
"8078",-9256.408
"8079",-8938.003
"8080",-8973.085
"8081",-8937.316
"8082",-8841.928
"8083",-9035.491
"8084",-9051.728
"8085",-8939.745
"8086",-8902.844
"8087",-8933.587
"8088",-8961.111
"8089",-8905.38
"8090",-9061.074
"8091",-8800.922
"8092",-8905.192
"8093",-8882.979
"8094",-9003.862
"8095",-8674.331
"8096",-9145.859
"8097",-9044.348
"8098",-8952.42
"8099",-8909.447
"8100",-8714.053
"8101",-8935.325
"8102",-8793.055
"8103",-9043.046
"8104",-8956.897
"8105",-9004.826
"8106",-8933.194
"8107",-8856.656
"8108",-9262.866
"8109",-8900.375
"8110",-8749.166
"8111",-8874.078
"8112",-8836.643
"8113",-8854.026
"8114",-8674.321
"8115",-8856.415
"8116",-8958.621
"8117",-8884.392
"8118",-9006.625
"8119",-9016.289
"8120",-8926.358
"8121",-8823.667
"8122",-8847.333
"8123",-8808.294
"8124",-8766.295
"8125",-8893.038
"8126",-8987.069
"8127",-9021.506
"8128",-9100.344
"8129",-9084.821
"8130",-9054.853
"8131",-8963.309
"8132",-9136.092
"8133",-9001.551
"8134",-9059.892
"8135",-8773.389
"8136",-8829.4
"8137",-9172.056
"8138",-8930.251
"8139",-8829.915
"8140",-8859.903
"8141",-8810.573
"8142",-9095.742
"8143",-8750.263
"8144",-8850.601
"8145",-8755.709
"8146",-8771.887
"8147",-9048.947
"8148",-9071.864
"8149",-8736.739
"8150",-8871.184
"8151",-9099.7
"8152",-8831.295
"8153",-9024.769
"8154",-8893.49
"8155",-8629.874
"8156",-8813.954
"8157",-8943.982
"8158",-9014.659
"8159",-9110.746
"8160",-8862.58
"8161",-9003.236
"8162",-8835.586
"8163",-8953.993
"8164",-8801.706
"8165",-9063.173
"8166",-8826.108
"8167",-8678.007
"8168",-9024.007
"8169",-8925.072
"8170",-8880.95
"8171",-8840.037
"8172",-8776.943
"8173",-9023.315
"8174",-8629.026
"8175",-9107.533
"8176",-8874.006
"8177",-8736.617
"8178",-8775.8
"8179",-8853.48
"8180",-9088.862
"8181",-8945.19
"8182",-8860.471
"8183",-8873.716
"8184",-9025.564
"8185",-8785.342
"8186",-8756.397
"8187",-8927.715
"8188",-9133.689
"8189",-8902.831
"8190",-8804.475
"8191",-9185.921
"8192",-8968.783
"8193",-8811.673
"8194",-8892.343
"8195",-8980.659
"8196",-9086.209
"8197",-8857.88
"8198",-9040.921
"8199",-8841.081
"8200",-9040.578
"8201",-8870.509
"8202",-8781.804
"8203",-8827.551
"8204",-9103.26
"8205",-8667.176
"8206",-8967.835
"8207",-8753.015
"8208",-8913.115
"8209",-8870.764
"8210",-8989.284
"8211",-8460.34
"8212",-8847.432
"8213",-8934.381
"8214",-8655.71
"8215",-9118.633
"8216",-9066.839
"8217",-8934.052
"8218",-8878.091
"8219",-8811.996
"8220",-9062.507
"8221",-8955.831
"8222",-8973.913
"8223",-8615.475
"8224",-8881.233
"8225",-8658.146
"8226",-8793.984
"8227",-8901.7
"8228",-8700.833
"8229",-9056.392
"8230",-8741.033
"8231",-8855.906
"8232",-8764.66
"8233",-8801.554
"8234",-9015.65
"8235",-9150.908
"8236",-8815.842
"8237",-9091.174
"8238",-8680.037
"8239",-8965.552
"8240",-9297.492
"8241",-9239.972
"8242",-8964.656
"8243",-8984.314
"8244",-8820.469
"8245",-8697.384
"8246",-8955.842
"8247",-8818.724
"8248",-9070.673
"8249",-8828.114
"8250",-8957.841
"8251",-8828.702
"8252",-8994.612
"8253",-8801.772
"8254",-8959.707
"8255",-9164.677
"8256",-9039.68
"8257",-8771.88
"8258",-8791.015
"8259",-9020.432
"8260",-8682.108
"8261",-9081.84
"8262",-9001.228
"8263",-8612.944
"8264",-8932.989
"8265",-8980.055
"8266",-8719.722
"8267",-9148.372
"8268",-9340.092
"8269",-9131.984
"8270",-9180.874
"8271",-9032.191
"8272",-8912.81
"8273",-8978.42
"8274",-9209.579
"8275",-9101.769
"8276",-8974.157
"8277",-8837.974
"8278",-8879.123
"8279",-8971.14
"8280",-8844.699
"8281",-8887.904
"8282",-8938.963
"8283",-8917.3
"8284",-8985.439
"8285",-8979.291
"8286",-8997.053
"8287",-8596.893
"8288",-8791.717
"8289",-9053.233
"8290",-8597.04
"8291",-8751.556
"8292",-9363.597
"8293",-8934.583
"8294",-8918.258
"8295",-8838.143
"8296",-8920.799
"8297",-8918.495
"8298",-8692.295
"8299",-8887.555
"8300",-9036.999
"8301",-9108.744
"8302",-8820.177
"8303",-8637.949
"8304",-8880.524
"8305",-8931.674
"8306",-8875.358
"8307",-8716.825
"8308",-8758.486
"8309",-9180.327
"8310",-9175.78
"8311",-8786.362
"8312",-8911.234
"8313",-9042.699
"8314",-8565.346
"8315",-8873.914
"8316",-8883.179
"8317",-9125.343
"8318",-9158.982
"8319",-8652.058
"8320",-8809.095
"8321",-8937.349
"8322",-9078.125
"8323",-8848.094
"8324",-8962.085
"8325",-8965.125
"8326",-8868.084
"8327",-9129.528
"8328",-9034.162
"8329",-8912.589
"8330",-9039.26
"8331",-8782.096
"8332",-9058.997
"8333",-8689.565
"8334",-9168.465
"8335",-8712.087
"8336",-9032.58
"8337",-8810.671
"8338",-9048.457
"8339",-9076.806
"8340",-8760.399
"8341",-9063.572
"8342",-9127.441
"8343",-9060.757
"8344",-8844.501
"8345",-8918.03
"8346",-8941.167
"8347",-9135.924
"8348",-8922.837
"8349",-8782.741
"8350",-8971.719
"8351",-8576.736
"8352",-8908.638
"8353",-8679.424
"8354",-8953.722
"8355",-8820.609
"8356",-8865.658
"8357",-9102.527
"8358",-9079.078
"8359",-9174.34
"8360",-8717.371
"8361",-8741.233
"8362",-8878.91
"8363",-8735.778
"8364",-8763.937
"8365",-8816.092
"8366",-8857.391
"8367",-8889.886
"8368",-8719.238
"8369",-8954.299
"8370",-9155.811
"8371",-8681.335
"8372",-8697.189
"8373",-9054.846
"8374",-8958.323
"8375",-8937.445
"8376",-8789.945
"8377",-8770.718
"8378",-9073.603
"8379",-8676.715
"8380",-8932.929
"8381",-8568.386
"8382",-8939.748
"8383",-8764.124
"8384",-8945.22
"8385",-8655.959
"8386",-8927.167
"8387",-8911.854
"8388",-8734.082
"8389",-8858.637
"8390",-8941.459
"8391",-9035.987
"8392",-8878.208
"8393",-8858.422
"8394",-8873.387
"8395",-8738.567
"8396",-9041.795
"8397",-9013.568
"8398",-8992.979
"8399",-9081.91
"8400",-9022.746
"8401",-8918.516
"8402",-9076.942
"8403",-8770.623
"8404",-8669.828
"8405",-9002.361
"8406",-8862.012
"8407",-8918.868
"8408",-8851.049
"8409",-8720.855
"8410",-9197.427
"8411",-8972.443
"8412",-8696.674
"8413",-8853.486
"8414",-8829.945
"8415",-9173.647
"8416",-8962.777
"8417",-8731.996
"8418",-8826.262
"8419",-8755.637
"8420",-8777.848
"8421",-8741.475
"8422",-9061.088
"8423",-9142.721
"8424",-8690.912
"8425",-8745.227
"8426",-9003.918
"8427",-9400.887
"8428",-9151.415
"8429",-8738.321
"8430",-8735.619
"8431",-8795.489
"8432",-9195.131
"8433",-9155.823
"8434",-8899.737
"8435",-8806.762
"8436",-9111.93
"8437",-9027.807
"8438",-8923.022
"8439",-8924.071
"8440",-8931.076
"8441",-8590.324
"8442",-8885.34
"8443",-9035.875
"8444",-8858.19
"8445",-9018.538
"8446",-9213.773
"8447",-9099.705
"8448",-8715.732
"8449",-8913.561
"8450",-8957.597
"8451",-8850.218
"8452",-9107.147
"8453",-8866.13
"8454",-9198.908
"8455",-8895.154
"8456",-9012.466
"8457",-8926.874
"8458",-8875.621
"8459",-8931.39
"8460",-8994.981
"8461",-8612.428
"8462",-8937.096
"8463",-8830.046
"8464",-8954.984
"8465",-9018.594
"8466",-8815.245
"8467",-8824.57
"8468",-8635.073
"8469",-8839.438
"8470",-8828.317
"8471",-8984.608
"8472",-9063.622
"8473",-9099.716
"8474",-8872.065
"8475",-9065.353
"8476",-8818.335
"8477",-8776.76
"8478",-8799.738
"8479",-8783.896
"8480",-9163.425
"8481",-8761.195
"8482",-8523.744
"8483",-8920.717
"8484",-8847.556
"8485",-9127.168
"8486",-8932.575
"8487",-8972.736
"8488",-8831.05
"8489",-8894.904
"8490",-8833.611
"8491",-8737.772
"8492",-9047.682
"8493",-8876.871
"8494",-9009.785
"8495",-9112.685
"8496",-8743.284
"8497",-8907.244
"8498",-8914.972
"8499",-8897.334
"8500",-8907.408
"8501",-9012.66
"8502",-9099.697
"8503",-8902.524
"8504",-8979.561
"8505",-8814.836
"8506",-8671.697
"8507",-8784.989
"8508",-8867.115
"8509",-8986.238
"8510",-9127.938
"8511",-8766.912
"8512",-9003.531
"8513",-9181.576
"8514",-8948.835
"8515",-8861.048
"8516",-8642.824
"8517",-8867.342
"8518",-8939.572
"8519",-9056.684
"8520",-8705.047
"8521",-9129.449
"8522",-8789.878
"8523",-9140.103
"8524",-8940.319
"8525",-8799.932
"8526",-8729.647
"8527",-8987.337
"8528",-9102.797
"8529",-8929.829
"8530",-8628.206
"8531",-9034.396
"8532",-8608.922
"8533",-9067.395
"8534",-8987.877
"8535",-8692.029
"8536",-9042.568
"8537",-8809.318
"8538",-9021.201
"8539",-8892.688
"8540",-8972.83
"8541",-8803.511
"8542",-8887.573
"8543",-8906.094
"8544",-8810.242
"8545",-9023.452
"8546",-8857.202
"8547",-8655.522
"8548",-8920.203
"8549",-9080.037
"8550",-9014.274
"8551",-9002.859
"8552",-8871.881
"8553",-8940.735
"8554",-8884.426
"8555",-8808.762
"8556",-8836.253
"8557",-9020.077
"8558",-8862.735
"8559",-9078.446
"8560",-8864.604
"8561",-8879.143
"8562",-8777.033
"8563",-8844.384
"8564",-8958.143
"8565",-9103.707
"8566",-8842.207
"8567",-8712.419
"8568",-8641.959
"8569",-8881.552
"8570",-8684.421
"8571",-8885.159
"8572",-8915.909
"8573",-8795.423
"8574",-9245.245
"8575",-8717.768
"8576",-9101.885
"8577",-9230.092
"8578",-9188.781
"8579",-8933.043
"8580",-9154.593
"8581",-8799.358
"8582",-8740.504
"8583",-8825.478
"8584",-8895.82
"8585",-9052.796
"8586",-8824.196
"8587",-8833.505
"8588",-9197.873
"8589",-9170.829
"8590",-9025.86
"8591",-8894.105
"8592",-8940.559
"8593",-8893.921
"8594",-9143.735
"8595",-8902.435
"8596",-9067.2
"8597",-8719.183
"8598",-8668.986
"8599",-9014.411
"8600",-9013.481
"8601",-9039.057
"8602",-9139.682
"8603",-8991.047
"8604",-9162.069
"8605",-8907.947
"8606",-8957.062
"8607",-9125.956
"8608",-8552.162
"8609",-8855.994
"8610",-8993.363
"8611",-8790.543
"8612",-8999.455
"8613",-8987.301
"8614",-8903.902
"8615",-8915.852
"8616",-8843.418
"8617",-8793.354
"8618",-8911.944
"8619",-8558.723
"8620",-8997.332
"8621",-9094.825
"8622",-8967.231
"8623",-8773.967
"8624",-8639.741
"8625",-9107.185
"8626",-8985.198
"8627",-8842.842
"8628",-8913.355
"8629",-8838.019
"8630",-8995.834
"8631",-9218.404
"8632",-9105.04
"8633",-8905.566
"8634",-8621.39
"8635",-8940.774
"8636",-8906.629
"8637",-8904.387
"8638",-8743.577
"8639",-8912.771
"8640",-8967.222
"8641",-8813.443
"8642",-8881.528
"8643",-8687.58
"8644",-9127.617
"8645",-8974.271
"8646",-9199.57
"8647",-8802.135
"8648",-9001.645
"8649",-8923.813
"8650",-8921.074
"8651",-9021.036
"8652",-8855.057
"8653",-8886.59
"8654",-8977.507
"8655",-8990.501
"8656",-8554.547
"8657",-8841.179
"8658",-8872.019
"8659",-8831.193
"8660",-8587.626
"8661",-8745.951
"8662",-9078.916
"8663",-8782.444
"8664",-8809.336
"8665",-8822.981
"8666",-8879.175
"8667",-8868.793
"8668",-8901.108
"8669",-8895.684
"8670",-9034.46
"8671",-8956.655
"8672",-8837.292
"8673",-8897.649
"8674",-8403.306
"8675",-8728.496
"8676",-8719.656
"8677",-8718.695
"8678",-9112.072
"8679",-8760.357
"8680",-8949.736
"8681",-8888.32
"8682",-8888.77
"8683",-8878.635
"8684",-8925.909
"8685",-8829.351
"8686",-9006.951
"8687",-9197.242
"8688",-8758.385
"8689",-8952.088
"8690",-8941.245
"8691",-8794.77
"8692",-8801.392
"8693",-8818.636
"8694",-9237.847
"8695",-8869.424
"8696",-8888.579
"8697",-8899.675
"8698",-8837.931
"8699",-9169.205
"8700",-8872.353
"8701",-8964.97
"8702",-8925.28
"8703",-8862.05
"8704",-8737.379
"8705",-8814.018
"8706",-8659.936
"8707",-8550.476
"8708",-8749.83
"8709",-8860.061
"8710",-8826.674
"8711",-9041.654
"8712",-8921.457
"8713",-8906.282
"8714",-8951.758
"8715",-8852.354
"8716",-9012.218
"8717",-9048.07
"8718",-8702.562
"8719",-8668.137
"8720",-8768.85
"8721",-9222.192
"8722",-8913.416
"8723",-9096.909
"8724",-8941.241
"8725",-8893.788
"8726",-8910.263
"8727",-9177.038
"8728",-8608.539
"8729",-8765.818
"8730",-8976.501
"8731",-9060.891
"8732",-8856.468
"8733",-8942.805
"8734",-9327.844
"8735",-8797.265
"8736",-8739.063
"8737",-8849.759
"8738",-8973.938
"8739",-8793.512
"8740",-8834.265
"8741",-8704.748
"8742",-8980.023
"8743",-8721.387
"8744",-8918.408
"8745",-9037.849
"8746",-8760.951
"8747",-8769.867
"8748",-9004.874
"8749",-8716.263
"8750",-8683.824
"8751",-9013.758
"8752",-8973.681
"8753",-8810.183
"8754",-8933.344
"8755",-8961.73
"8756",-8919.918
"8757",-8856.577
"8758",-8763.206
"8759",-8842.258
"8760",-8991.149
"8761",-9061.918
"8762",-8802.677
"8763",-8896.917
"8764",-8877.196
"8765",-8845.574
"8766",-8729.382
"8767",-8901.8
"8768",-8707.641
"8769",-9111.853
"8770",-8794.435
"8771",-9071.08
"8772",-8981.063
"8773",-8893.102
"8774",-9071.234
"8775",-8928.467
"8776",-8772.5
"8777",-8819.787
"8778",-8932.146
"8779",-9093.2
"8780",-9088.497
"8781",-8832.334
"8782",-8723.166
"8783",-8991.203
"8784",-8832.185
"8785",-8781.906
"8786",-9021.046
"8787",-8934.08
"8788",-9096.582
"8789",-8961.811
"8790",-8924.08
"8791",-8983.676
"8792",-8762.41
"8793",-8819.71
"8794",-8956.97
"8795",-8847.956
"8796",-8918.522
"8797",-8903.576
"8798",-8812.655
"8799",-9183.461
"8800",-8996.316
"8801",-8866.353
"8802",-8967.553
"8803",-8942.596
"8804",-8945.24
"8805",-8940.313
"8806",-9014.514
"8807",-8819.693
"8808",-9026.711
"8809",-8860.838
"8810",-8959.318
"8811",-8977.671
"8812",-8880.038
"8813",-9127.854
"8814",-9099.943
"8815",-8851.407
"8816",-8913.917
"8817",-8993.689
"8818",-8451.277
"8819",-8962.486
"8820",-9134.481
"8821",-8942.685
"8822",-9007.813
"8823",-8751.706
"8824",-8822.208
"8825",-9047.383
"8826",-9039.765
"8827",-9370.211
"8828",-8969.172
"8829",-9068.979
"8830",-8953.962
"8831",-8546.391
"8832",-9125.023
"8833",-8868.294
"8834",-8822.712
"8835",-9043.838
"8836",-9060.342
"8837",-8827.816
"8838",-8921.665
"8839",-8985.999
"8840",-8894.936
"8841",-8951.904
"8842",-8952.583
"8843",-8851.144
"8844",-8875.85
"8845",-8821.974
"8846",-8926.038
"8847",-8948.209
"8848",-9037.237
"8849",-8711.485
"8850",-8798.628
"8851",-9092.927
"8852",-8759.749
"8853",-8958.262
"8854",-8835.918
"8855",-8884.885
"8856",-8885.923
"8857",-8738.985
"8858",-8918.473
"8859",-8750.527
"8860",-8854.051
"8861",-8870.912
"8862",-8705.506
"8863",-9100.326
"8864",-9272.38
"8865",-8835.857
"8866",-8915.958
"8867",-9023.313
"8868",-9072.262
"8869",-8696.791
"8870",-8967.841
"8871",-8884.851
"8872",-9029.04
"8873",-9001.102
"8874",-9027.89
"8875",-8960.269
"8876",-8913.845
"8877",-8867.316
"8878",-8756.61
"8879",-8673.849
"8880",-8949.772
"8881",-9133.081
"8882",-8807.789
"8883",-8648.176
"8884",-8773.174
"8885",-9070.637
"8886",-9095.165
"8887",-8873.742
"8888",-8693.979
"8889",-8621.538
"8890",-8797.967
"8891",-8708.46
"8892",-8804.656
"8893",-8958.942
"8894",-8820.721
"8895",-8705.436
"8896",-8649.267
"8897",-8848.407
"8898",-8896.161
"8899",-8836.498
"8900",-9163.217
"8901",-9039.278
"8902",-8915.741
"8903",-8847.403
"8904",-8873.601
"8905",-8913.858
"8906",-8931.079
"8907",-8823.669
"8908",-8689.867
"8909",-8995.246
"8910",-8848.186
"8911",-8837.054
"8912",-8884.978
"8913",-8820.802
"8914",-8902.191
"8915",-9126.378
"8916",-8986.112
"8917",-8906.781
"8918",-8986.251
"8919",-8886.276
"8920",-8892.383
"8921",-8950.532
"8922",-9249.271
"8923",-8985.736
"8924",-8856.777
"8925",-8810.778
"8926",-8909.095
"8927",-8834.83
"8928",-8894.927
"8929",-8739.193
"8930",-8779.229
"8931",-8993.563
"8932",-9038.125
"8933",-8805.462
"8934",-8807.732
"8935",-8818.766
"8936",-9101.03
"8937",-8901.972
"8938",-8639.008
"8939",-8955.497
"8940",-9088.713
"8941",-8815.284
"8942",-8826.737
"8943",-8630.862
"8944",-8833.82
"8945",-8862.607
"8946",-9133.609
"8947",-8690.67
"8948",-8912.54
"8949",-8834.933
"8950",-8613.959
"8951",-9086.643
"8952",-8802.256
"8953",-9044.131
"8954",-8746.462
"8955",-8931.577
"8956",-8757.927
"8957",-8910.613
"8958",-8881.291
"8959",-8987.864
"8960",-9058.808
"8961",-8879.03
"8962",-8831.56
"8963",-8806.152
"8964",-8822.289
"8965",-8838.99
"8966",-8700.481
"8967",-8641.37
"8968",-8943.051
"8969",-8842.636
"8970",-9068.728
"8971",-8887.633
"8972",-9055.14
"8973",-8749.51
"8974",-8794.693
"8975",-8915.593
"8976",-9234.291
"8977",-8920.774
"8978",-8837.013
"8979",-8784.657
"8980",-8808
"8981",-8778.088
"8982",-9064.736
"8983",-9012.661
"8984",-8776.319
"8985",-9049.256
"8986",-8729.584
"8987",-9080.547
"8988",-9191.485
"8989",-8565.371
"8990",-9029.737
"8991",-8936.478
"8992",-8950.998
"8993",-8700.083
"8994",-8736.905
"8995",-8797.607
"8996",-8989.871
"8997",-8834.803
"8998",-8892.001
"8999",-8806.068
"9000",-9133.564
"9001",-8934
"9002",-9288.84
"9003",-8874.581
"9004",-8919.951
"9005",-8809.344
"9006",-9039.588
"9007",-8779.273
"9008",-8942.307
"9009",-8849.178
"9010",-9140.084
"9011",-8880.94
"9012",-8834.142
"9013",-9034.388
"9014",-8792.38
"9015",-8813.463
"9016",-8904.667
"9017",-8815.514
"9018",-9011.069
"9019",-8848.906
"9020",-8618.885
"9021",-8801.247
"9022",-8774.479
"9023",-9087.663
"9024",-8781.067
"9025",-8770.42
"9026",-8846.417
"9027",-8746.549
"9028",-8974.743
"9029",-8894.295
"9030",-8973.179
"9031",-8876.361
"9032",-9110.676
"9033",-8618.622
"9034",-8633.686
"9035",-8927.302
"9036",-9180.976
"9037",-8745.412
"9038",-8743.807
"9039",-8803.404
"9040",-9075.086
"9041",-8802.781
"9042",-8917.717
"9043",-8913.681
"9044",-9077.177
"9045",-8757.272
"9046",-8741.351
"9047",-9028.691
"9048",-8829.229
"9049",-8986.727
"9050",-9246.839
"9051",-8878.503
"9052",-8875.389
"9053",-8834.7
"9054",-8850.332
"9055",-8808.322
"9056",-8906.926
"9057",-8935.299
"9058",-8805.535
"9059",-8784.654
"9060",-8888.67
"9061",-9143.862
"9062",-8769.132
"9063",-8845.684
"9064",-9036.687
"9065",-8668.247
"9066",-8947.648
"9067",-9059.155
"9068",-8895.718
"9069",-8851.502
"9070",-8844.203
"9071",-8798.791
"9072",-8981.674
"9073",-8889.048
"9074",-8712.871
"9075",-8971.429
"9076",-8808.377
"9077",-8964.386
"9078",-8988.21
"9079",-8884.796
"9080",-8802.24
"9081",-8969.972
"9082",-8923.137
"9083",-8958.889
"9084",-9040.136
"9085",-8981.739
"9086",-8908.05
"9087",-8937.621
"9088",-8889.528
"9089",-9046.852
"9090",-8988.925
"9091",-9091.073
"9092",-9061.395
"9093",-9036.292
"9094",-8906.753
"9095",-9074.294
"9096",-8951.644
"9097",-8761.735
"9098",-8825.948
"9099",-8942.552
"9100",-8869.589
"9101",-8888.552
"9102",-8922.6
"9103",-9014.985
"9104",-8948.202
"9105",-8908.4
"9106",-8656.58
"9107",-8774.801
"9108",-9034.699
"9109",-9212.568
"9110",-8853.497
"9111",-8587.18
"9112",-9127.496
"9113",-8941.213
"9114",-8958.411
"9115",-8914.908
"9116",-8802.373
"9117",-8716.997
"9118",-8896.542
"9119",-8810.653
"9120",-9015.124
"9121",-8721.948
"9122",-9022.735
"9123",-8640.023
"9124",-8969.886
"9125",-9256.008
"9126",-8886.182
"9127",-8635.032
"9128",-8894.375
"9129",-8929.388
"9130",-8691.135
"9131",-8619.906
"9132",-9149.095
"9133",-8970.824
"9134",-8937.161
"9135",-8915.745
"9136",-8974.418
"9137",-8846.957
"9138",-9091.656
"9139",-8592.605
"9140",-8804.285
"9141",-8862.442
"9142",-8672.53
"9143",-8986.608
"9144",-8856.441
"9145",-8954.889
"9146",-8906.313
"9147",-8965.655
"9148",-8791.7
"9149",-8918.279
"9150",-9020.157
"9151",-9142.483
"9152",-9012.448
"9153",-8843.734
"9154",-9019.374
"9155",-9011.707
"9156",-9041.934
"9157",-8856.514
"9158",-9056.321
"9159",-9028.014
"9160",-9064.464
"9161",-8738.501
"9162",-8926.692
"9163",-8668.747
"9164",-8682.063
"9165",-8808.844
"9166",-9277.948
"9167",-9098.909
"9168",-8880.316
"9169",-9055.775
"9170",-8923.707
"9171",-8891.011
"9172",-8895.845
"9173",-8782.263
"9174",-8915.397
"9175",-8959.347
"9176",-8847.107
"9177",-8827.039
"9178",-9062.237
"9179",-8911.413
"9180",-9029.313
"9181",-8927.795
"9182",-9057.743
"9183",-8853.413
"9184",-8957.7
"9185",-8995.27
"9186",-8845.397
"9187",-8825.849
"9188",-8962.944
"9189",-8873.732
"9190",-8775.202
"9191",-8887.697
"9192",-8947.686
"9193",-9050.191
"9194",-8833.878
"9195",-8997.98
"9196",-8864.777
"9197",-8757.318
"9198",-8869.143
"9199",-8552.134
"9200",-9064.335
"9201",-8835.95
"9202",-8739.633
"9203",-8914.489
"9204",-9056.802
"9205",-9018.294
"9206",-9060.345
"9207",-8693.493
"9208",-8660.274
"9209",-8758.549
"9210",-8940.329
"9211",-9082.83
"9212",-9137.896
"9213",-9323.965
"9214",-8942.264
"9215",-8987.675
"9216",-8971.248
"9217",-8855.684
"9218",-8866.33
"9219",-9094.839
"9220",-8954.127
"9221",-9185.876
"9222",-8867.563
"9223",-8913.561
"9224",-8982.521
"9225",-9136.28
"9226",-8935.621
"9227",-8882.007
"9228",-8916.356
"9229",-8959.085
"9230",-8400.735
"9231",-8547.424
"9232",-8597.046
"9233",-8745.126
"9234",-8934.413
"9235",-8816.856
"9236",-8445.668
"9237",-8855.991
"9238",-8820.807
"9239",-8940.854
"9240",-8825.236
"9241",-8854.084
"9242",-8666.686
"9243",-8673.518
"9244",-8788.856
"9245",-8796.228
"9246",-8920.232
"9247",-8955.804
"9248",-8953.516
"9249",-8965.369
"9250",-8956.101
"9251",-8853.615
"9252",-8712.722
"9253",-9080.648
"9254",-8905.294
"9255",-8551.776
"9256",-8868.451
"9257",-8633.955
"9258",-8895.354
"9259",-8984.305
"9260",-8800.489
"9261",-8992.778
"9262",-9011.396
"9263",-8634.956
"9264",-8959.309
"9265",-8864.175
"9266",-8926.268
"9267",-9007.481
"9268",-8941.91
"9269",-9029.708
"9270",-9061.641
"9271",-8937.846
"9272",-8998.599
"9273",-8598.979
"9274",-8786.151
"9275",-8768.996
"9276",-8794.747
"9277",-8876.612
"9278",-8778.682
"9279",-9001.646
"9280",-9292.648
"9281",-8681.733
"9282",-8851.565
"9283",-8874.743
"9284",-8801.213
"9285",-8855.417
"9286",-8848.142
"9287",-8954.25
"9288",-8702.922
"9289",-9044.451
"9290",-8897.689
"9291",-9005.804
"9292",-9288.236
"9293",-8792.024
"9294",-8638.874
"9295",-9044.847
"9296",-9036.877
"9297",-8823.853
"9298",-9126.727
"9299",-8999.555
"9300",-8752.555
"9301",-8815.354
"9302",-8830.916
"9303",-8980.757
"9304",-8760.355
"9305",-8914.408
"9306",-8834.399
"9307",-8709.656
"9308",-8793.793
"9309",-8909.396
"9310",-8872.031
"9311",-8797.979
"9312",-9019.276
"9313",-8901.74
"9314",-8722.032
"9315",-8915.461
"9316",-8853.146
"9317",-9118.963
"9318",-9027.141
"9319",-8890.155
"9320",-8899.829
"9321",-8990.245
"9322",-8859.88
"9323",-8848.133
"9324",-9157.92
"9325",-8692.474
"9326",-9103.215
"9327",-8811.019
"9328",-8984.843
"9329",-8927.735
"9330",-8938.648
"9331",-8996.802
"9332",-9005.205
"9333",-8944.878
"9334",-8887.91
"9335",-9128.376
"9336",-8571.692
"9337",-9053.941
"9338",-8959.636
"9339",-9028.808
"9340",-8828.913
"9341",-8935.164
"9342",-8838.092
"9343",-8921.527
"9344",-9050.575
"9345",-8774.476
"9346",-9109.333
"9347",-9296.066
"9348",-8702.823
"9349",-8916.279
"9350",-8841.032
"9351",-8946.236
"9352",-9007.964
"9353",-8664.142
"9354",-8610.332
"9355",-8890.005
"9356",-9114.156
"9357",-9000.2
"9358",-8947.832
"9359",-9062.753
"9360",-8788.096
"9361",-8923.146
"9362",-8863.058
"9363",-8927.79
"9364",-8751.321
"9365",-9141.216
"9366",-9039.232
"9367",-8847.27
"9368",-8808.693
"9369",-8930.544
"9370",-8684.357
"9371",-9088.614
"9372",-8789.918
"9373",-8993.764
"9374",-8788.246
"9375",-8873.512
"9376",-8989.601
"9377",-8885.314
"9378",-9159.034
"9379",-8805.769
"9380",-9228.526
"9381",-9192.619
"9382",-8694.626
"9383",-9004.034
"9384",-9054.183
"9385",-8816.261
"9386",-8889.142
"9387",-8892.551
"9388",-8975.805
"9389",-9025.861
"9390",-8840.708
"9391",-8857.634
"9392",-8928.698
"9393",-8853.628
"9394",-8955.865
"9395",-9075.673
"9396",-8796.635
"9397",-8648.392
"9398",-9042.26
"9399",-8937.981
"9400",-8689.939
"9401",-9005.835
"9402",-8744.978
"9403",-8845.734
"9404",-8698.974
"9405",-8689.263
"9406",-8803.462
"9407",-9049.605
"9408",-8869.192
"9409",-8872.228
"9410",-8860.53
"9411",-8737.666
"9412",-9104.119
"9413",-8799.018
"9414",-8949.63
"9415",-8866.354
"9416",-8711.526
"9417",-8749.662
"9418",-8952.57
"9419",-8730.798
"9420",-8838.015
"9421",-9080.882
"9422",-8640.845
"9423",-9219.576
"9424",-8565.888
"9425",-8925.749
"9426",-9134.265
"9427",-8857.555
"9428",-9096.553
"9429",-9164.228
"9430",-8706.18
"9431",-8756.294
"9432",-8464.458
"9433",-8914.57
"9434",-8880.469
"9435",-8995.569
"9436",-8731.216
"9437",-8655.874
"9438",-8909.742
"9439",-8821.24
"9440",-9041.368
"9441",-8621.772
"9442",-8771.281
"9443",-8921.123
"9444",-8827.182
"9445",-8915.016
"9446",-8830.027
"9447",-8921.664
"9448",-8784.847
"9449",-8899.94
"9450",-8774.485
"9451",-9063.913
"9452",-8998.527
"9453",-8879.403
"9454",-9009.982
"9455",-8699.583
"9456",-8875.161
"9457",-8954.022
"9458",-9088.868
"9459",-8668.838
"9460",-8947.967
"9461",-9126.573
"9462",-9334.834
"9463",-8825.436
"9464",-8688.414
"9465",-8961.339
"9466",-9065.194
"9467",-8879.997
"9468",-9142.306
"9469",-8746.928
"9470",-8655.034
"9471",-9041.699
"9472",-8856.235
"9473",-8883.407
"9474",-9299.639
"9475",-8906.385
"9476",-8978.938
"9477",-8987.08
"9478",-9120.437
"9479",-8765.025
"9480",-9015.613
"9481",-8773.347
"9482",-8909.385
"9483",-8886.538
"9484",-8770.673
"9485",-8859.221
"9486",-8882.584
"9487",-8650.845
"9488",-8870.231
"9489",-8788.758
"9490",-8781.769
"9491",-8752.874
"9492",-8773.411
"9493",-8876.535
"9494",-8999.243
"9495",-8890.281
"9496",-8791.305
"9497",-8739.781
"9498",-8645.456
"9499",-8825
"9500",-8814.727
"9501",-8949.36
"9502",-8546.708
"9503",-8998.698
"9504",-9053.436
"9505",-9106.724
"9506",-9160.334
"9507",-8657.96
"9508",-8827.943
"9509",-9138.046
"9510",-8849.593
"9511",-8546.974
"9512",-9087.636
"9513",-8963.706
"9514",-8965.218
"9515",-8944.219
"9516",-9188.923
"9517",-8728.93
"9518",-8713.004
"9519",-8930.86
"9520",-8897.618
"9521",-9117.011
"9522",-8788.567
"9523",-8938.02
"9524",-8990.325
"9525",-8727.251
"9526",-9167.159
"9527",-8667.728
"9528",-8912.123
"9529",-9131.111
"9530",-9122.556
"9531",-8942.011
"9532",-9139.862
"9533",-9205.685
"9534",-8844.027
"9535",-8678.732
"9536",-8984.665
"9537",-8830.638
"9538",-8782.92
"9539",-8768.129
"9540",-8851.423
"9541",-8683.132
"9542",-9010.824
"9543",-8884.277
"9544",-8999.055
"9545",-8596.244
"9546",-8903.185
"9547",-8743.569
"9548",-8805.646
"9549",-9104.421
"9550",-8855.823
"9551",-8952.005
"9552",-9130.136
"9553",-8760.144
"9554",-8686.279
"9555",-8860.281
"9556",-9232.563
"9557",-8972.618
"9558",-8781.662
"9559",-8799.686
"9560",-8903.939
"9561",-9076.434
"9562",-8838.889
"9563",-8807.853
"9564",-8853.17
"9565",-8735.966
"9566",-9025.766
"9567",-9049.351
"9568",-9009.013
"9569",-8689.828
"9570",-8740.71
"9571",-9113.275
"9572",-8701.281
"9573",-8945.574
"9574",-8735.962
"9575",-8799.79
"9576",-8797.058
"9577",-9016.386
"9578",-8805.474
"9579",-8828.425
"9580",-8780.284
"9581",-8875.039
"9582",-8651.634
"9583",-8581.068
"9584",-8715.742
"9585",-9030.866
"9586",-8723.308
"9587",-8720.877
"9588",-8852.021
"9589",-9070.61
"9590",-9044.078
"9591",-8645.614
"9592",-8946.166
"9593",-8978.208
"9594",-8738.128
"9595",-8905.312
"9596",-8907.72
"9597",-8799.076
"9598",-9008.893
"9599",-8801.849
"9600",-9065.018
"9601",-8915.664
"9602",-9027.857
"9603",-8863.998
"9604",-8803.162
"9605",-8921.374
"9606",-8932.952
"9607",-8784.271
"9608",-9010.718
"9609",-8981.972
"9610",-8857.517
"9611",-8837.216
"9612",-9035.509
"9613",-8940.927
"9614",-9047.925
"9615",-8716.505
"9616",-8923.095
"9617",-8813.474
"9618",-8978.636
"9619",-8934.019
"9620",-8931.064
"9621",-8914.296
"9622",-8998.964
"9623",-8935.607
"9624",-9265.703
"9625",-9190.263
"9626",-8727.922
"9627",-8843.388
"9628",-8866.298
"9629",-8920.928
"9630",-8852.377
"9631",-8707.607
"9632",-8774.767
"9633",-9032.882
"9634",-8883.986
"9635",-8825.369
"9636",-9016.905
"9637",-8930.959
"9638",-8823.453
"9639",-9036.162
"9640",-8670.396
"9641",-8938.698
"9642",-9048.427
"9643",-8849.382
"9644",-8785.401
"9645",-9011.981
"9646",-8909.437
"9647",-8823.139
"9648",-8706.779
"9649",-8796.717
"9650",-8929.952
"9651",-8917.133
"9652",-8763.007
"9653",-8973.604
"9654",-8949.216
"9655",-8817.2
"9656",-9151.801
"9657",-8943.037
"9658",-8674.91
"9659",-8975.341
"9660",-8866.451
"9661",-8662.262
"9662",-8779.686
"9663",-9090.003
"9664",-8722.244
"9665",-9112.17
"9666",-8671.608
"9667",-9079.424
"9668",-8616.061
"9669",-8883.563
"9670",-8621.634
"9671",-9240.905
"9672",-8801.666
"9673",-8981.61
"9674",-9061.588
"9675",-8901.748
"9676",-8751.332
"9677",-8966.942
"9678",-8844.607
"9679",-8934.477
"9680",-8478.434
"9681",-8928.116
"9682",-8924.376
"9683",-9029.285
"9684",-8907.949
"9685",-9011.102
"9686",-8928.826
"9687",-8691.158
"9688",-8988.439
"9689",-8795.097
"9690",-9054.923
"9691",-8791.257
"9692",-9144.817
"9693",-8651.434
"9694",-8880.473
"9695",-9025.073
"9696",-9016.695
"9697",-8893.965
"9698",-9208.372
"9699",-8931.757
"9700",-9150.579
"9701",-8772.214
"9702",-8967.93
"9703",-8866.958
"9704",-8735.576
"9705",-8953.071
"9706",-8755.189
"9707",-8682.055
"9708",-9009.697
"9709",-8985.922
"9710",-8883.955
"9711",-8746.305
"9712",-8757.963
"9713",-9108.297
"9714",-8980.991
"9715",-8880.153
"9716",-9082.295
"9717",-8942.1
"9718",-8928.056
"9719",-8854.299
"9720",-9066.439
"9721",-9177.472
"9722",-8955.876
"9723",-8911.086
"9724",-8886.831
"9725",-9272.411
"9726",-8923.161
"9727",-8653.278
"9728",-9108.262
"9729",-8788.445
"9730",-9009.832
"9731",-8637.86
"9732",-9210.611
"9733",-8816.416
"9734",-9261.753
"9735",-8960.362
"9736",-8759.655
"9737",-8737.417
"9738",-8908.852
"9739",-8993.252
"9740",-8923.442
"9741",-9075.005
"9742",-8913.401
"9743",-9182.006
"9744",-9105.565
"9745",-8846.614
"9746",-8822.348
"9747",-9035.948
"9748",-8912.355
"9749",-8812.118
"9750",-8976.758
"9751",-8770.013
"9752",-9159.349
"9753",-8807.167
"9754",-8794.293
"9755",-8786.056
"9756",-8830.157
"9757",-8753.76
"9758",-9142.664
"9759",-8622.809
"9760",-9008.331
"9761",-9058.893
"9762",-9001.14
"9763",-8974.398
"9764",-9110.943
"9765",-8760.144
"9766",-8951.443
"9767",-8931.647
"9768",-8726.1
"9769",-8853.368
"9770",-8736.27
"9771",-9048.594
"9772",-8743.685
"9773",-8911.097
"9774",-8615.543
"9775",-8841.772
"9776",-8526.482
"9777",-8762.321
"9778",-8848.419
"9779",-8884.285
"9780",-9006.396
"9781",-8883.227
"9782",-8954.371
"9783",-8966.961
"9784",-8987.323
"9785",-8879.818
"9786",-8801.949
"9787",-9125.219
"9788",-9032.659
"9789",-8970.125
"9790",-9023.473
"9791",-9215.418
"9792",-8959.548
"9793",-9014.325
"9794",-9145.167
"9795",-8745.968
"9796",-8824.222
"9797",-8641.506
"9798",-8915.688
"9799",-9006.648
"9800",-8999.207
"9801",-9037.911
"9802",-9251.161
"9803",-8977.243
"9804",-9086.582
"9805",-9008.746
"9806",-9089.456
"9807",-8851.659
"9808",-8754.516
"9809",-8958.337
"9810",-8817.116
"9811",-9201.853
"9812",-9026.768
"9813",-8818.393
"9814",-8803.981
"9815",-8830.367
"9816",-8795.129
"9817",-9044.058
"9818",-8855.641
"9819",-8829.152
"9820",-8868.355
"9821",-8563.146
"9822",-9089.053
"9823",-8985.164
"9824",-8962.299
"9825",-9010.893
"9826",-8942.291
"9827",-8856.558
"9828",-8792.179
"9829",-8996.672
"9830",-9032.651
"9831",-9137.418
"9832",-9100.879
"9833",-9070.079
"9834",-8969.719
"9835",-9001.135
"9836",-9044.695
"9837",-9164.455
"9838",-8916.898
"9839",-8876.069
"9840",-8875.263
"9841",-8713.452
"9842",-8906.374
"9843",-9131.917
"9844",-8950.788
"9845",-8952.734
"9846",-9139.74
"9847",-9024.134
"9848",-8980.905
"9849",-8933.304
"9850",-9071.164
"9851",-8697.469
"9852",-8783.702
"9853",-8768.435
"9854",-8835.346
"9855",-8668.284
"9856",-8905.326
"9857",-9087.465
"9858",-9038.29
"9859",-8844.248
"9860",-8850.963
"9861",-8901.083
"9862",-8979.548
"9863",-8818.873
"9864",-8912.663
"9865",-8815.121
"9866",-8786.208
"9867",-9252.858
"9868",-8915.929
"9869",-8828.237
"9870",-9024.96
"9871",-8972.764
"9872",-9087.553
"9873",-8687.938
"9874",-8882.2
"9875",-8879.005
"9876",-9028.684
"9877",-9057.096
"9878",-9230.137
"9879",-8926.965
"9880",-8773.947
"9881",-8713.014
"9882",-8881.782
"9883",-8775.055
"9884",-9005.808
"9885",-8913.963
"9886",-8553.942
"9887",-8797.286
"9888",-9082.555
"9889",-8972.646
"9890",-8969.062
"9891",-8932.297
"9892",-9083.891
"9893",-9166.718
"9894",-8862.192
"9895",-9218.271
"9896",-8864.773
"9897",-8879.09
"9898",-8933.784
"9899",-9030.086
"9900",-8999.772
"9901",-8856.841
"9902",-8912.362
"9903",-9043.757
"9904",-9060.34
"9905",-8678.694
"9906",-9084.175
"9907",-8771.638
"9908",-9045.06
"9909",-9081.481
"9910",-8758.691
"9911",-8731.16
"9912",-9221.347
"9913",-8809.911
"9914",-8812.416
"9915",-8822.085
"9916",-8772.667
"9917",-8799.902
"9918",-9074.541
"9919",-9004.571
"9920",-8703.099
"9921",-8826.07
"9922",-8845.548
"9923",-9083.122
"9924",-8964.144
"9925",-8813.518
"9926",-8857.297
"9927",-8702.881
"9928",-8893.951
"9929",-9022.384
"9930",-8989.956
"9931",-8945.313
"9932",-9004.392
"9933",-8863.244
"9934",-8858.657
"9935",-9261.617
"9936",-8817.48
"9937",-9060.518
"9938",-8624.055
"9939",-8855.556
"9940",-9010.536
"9941",-8820.541
"9942",-8686.054
"9943",-8815.938
"9944",-8976.047
"9945",-8732.656
"9946",-8892.69
"9947",-8946.14
"9948",-8919.701
"9949",-8878.298
"9950",-8848.009
"9951",-9159.684
"9952",-8712.12
"9953",-8994.054
"9954",-9041.344
"9955",-8833.055
"9956",-8669.802
"9957",-8557.017
"9958",-8708.076
"9959",-9019.199
"9960",-8795.426
"9961",-8928.156
"9962",-8833.63
"9963",-8750.186
"9964",-9147.682
"9965",-9228.695
"9966",-8849.414
"9967",-8949.882
"9968",-8696.053
"9969",-8711.056
"9970",-9259.708
"9971",-8760.829
"9972",-8984.066
"9973",-8787.962
"9974",-9028.259
"9975",-8715.976
"9976",-9184.343
"9977",-8984.512
"9978",-8885.599
"9979",-9069.154
"9980",-8749.311
"9981",-8838.788
"9982",-8833.492
"9983",-9047.954
"9984",-8922.807
"9985",-9050.191
"9986",-9020.093
"9987",-8775.637
"9988",-8917.015
"9989",-8816.974
"9990",-8968.955
"9991",-9150.323
"9992",-8924.175
"9993",-8984.15
"9994",-8977.112
"9995",-9032.833
"9996",-8788.616
"9997",-8963.153
"9998",-9085.649
"9999",-8805.161
"10000",-9000.385
