"","x"
"1",-8846.568
"2",-9024.105
"3",-9101.495
"4",-8867.642
"5",-8859.517
"6",-8649.77
"7",-8879.665
"8",-8800.118
"9",-9108.48
"10",-8996.989
"11",-8836.148
"12",-9084.937
"13",-8983.326
"14",-9170.315
"15",-8867.739
"16",-8683.811
"17",-9048.546
"18",-8978.686
"19",-9035.389
"20",-8902.359
"21",-8941.523
"22",-8960.504
"23",-8893.935
"24",-8865.335
"25",-8834.892
"26",-8771.823
"27",-8898.186
"28",-9005.549
"29",-9024.895
"30",-8702.819
"31",-9166.628
"32",-8699.276
"33",-9142.778
"34",-9030.551
"35",-8898.807
"36",-8936.686
"37",-8689.426
"38",-9004.368
"39",-8989.409
"40",-9009.091
"41",-9171.898
"42",-9030.553
"43",-8719.821
"44",-8673.517
"45",-9110.75
"46",-8936.709
"47",-9001.227
"48",-8802.519
"49",-8985.744
"50",-8919.177
"51",-8842.226
"52",-9112.757
"53",-8736.147
"54",-8919.578
"55",-8912.731
"56",-8986
"57",-8965.539
"58",-8846.302
"59",-8912.087
"60",-8612.492
"61",-9009.603
"62",-8798.439
"63",-9116.965
"64",-8920.785
"65",-9092.387
"66",-9082.366
"67",-8597.401
"68",-8790.443
"69",-8789.344
"70",-9095.316
"71",-8895.31
"72",-8724.021
"73",-8766.204
"74",-8901.329
"75",-9014.162
"76",-9209.287
"77",-8996.975
"78",-8717.168
"79",-8783.028
"80",-9006.693
"81",-8831.186
"82",-8901.904
"83",-8880.751
"84",-8700.616
"85",-8906.34
"86",-8797.276
"87",-8821.347
"88",-8937.09
"89",-9080.172
"90",-8818.232
"91",-9167.132
"92",-8886.96
"93",-8868.096
"94",-8606.018
"95",-8910.098
"96",-9044.854
"97",-9087.172
"98",-8861.268
"99",-8605.466
"100",-8966.077
"101",-8768.833
"102",-8881
"103",-9126.571
"104",-9069.687
"105",-8843.933
"106",-8744.665
"107",-8939.987
"108",-8858.703
"109",-9036.753
"110",-8959.642
"111",-9001.683
"112",-8838.696
"113",-9097.539
"114",-8864.097
"115",-8916.519
"116",-9029.401
"117",-8892.117
"118",-8987.746
"119",-9213.329
"120",-8879.416
"121",-9156.787
"122",-8706.553
"123",-8911.986
"124",-8816.751
"125",-8753.211
"126",-8936.359
"127",-8758.5
"128",-8679.912
"129",-8945.561
"130",-9011.967
"131",-9047.301
"132",-8608.724
"133",-8827.461
"134",-9028.228
"135",-9103.41
"136",-8671.124
"137",-8951.903
"138",-8977.478
"139",-8902.709
"140",-8803.71
"141",-8855.535
"142",-8906.086
"143",-8924.51
"144",-8855.117
"145",-9158.505
"146",-9081.963
"147",-8818.711
"148",-8809.178
"149",-8917.558
"150",-8736.636
"151",-9024.82
"152",-8827.648
"153",-9155.345
"154",-8847.771
"155",-8920.124
"156",-8848.497
"157",-8873.037
"158",-8872.691
"159",-8612.681
"160",-9069.415
"161",-8603.013
"162",-9161.971
"163",-8729.084
"164",-8715.993
"165",-9046.41
"166",-9173.701
"167",-8890.586
"168",-8648.839
"169",-8937.629
"170",-8696.199
"171",-9138.779
"172",-9002.306
"173",-8886.076
"174",-8929.632
"175",-8923.159
"176",-8845.146
"177",-9046.635
"178",-8757.757
"179",-9095.971
"180",-9203.626
"181",-8789.915
"182",-8831.468
"183",-8686.443
"184",-9109.164
"185",-8987.73
"186",-9018.297
"187",-9034.721
"188",-8897.713
"189",-9176.31
"190",-9007.568
"191",-8987.794
"192",-8928.933
"193",-8778.463
"194",-9052.088
"195",-9181.754
"196",-8762.789
"197",-8913.718
"198",-8727.531
"199",-8882.536
"200",-8786.157
"201",-8955.889
"202",-8744.755
"203",-8906.165
"204",-9004.927
"205",-9059.506
"206",-8610.925
"207",-8794.318
"208",-8851.477
"209",-9070.355
"210",-8719.078
"211",-9177.026
"212",-8952.597
"213",-8905.885
"214",-8711.993
"215",-8980.331
"216",-8819.877
"217",-9106.457
"218",-9001.559
"219",-8833.18
"220",-8976.515
"221",-8887.75
"222",-9047.8
"223",-8945.141
"224",-8879.708
"225",-9128.628
"226",-8722.476
"227",-9168.135
"228",-8640.799
"229",-9032.544
"230",-8743.722
"231",-9022.822
"232",-8921.089
"233",-9129.162
"234",-8755.214
"235",-8931.144
"236",-8625.794
"237",-8927.105
"238",-8880.583
"239",-9017.253
"240",-8787.15
"241",-8934.953
"242",-8928.671
"243",-8693.472
"244",-8774.543
"245",-8998.696
"246",-9166.622
"247",-8652.563
"248",-8989.013
"249",-8999.604
"250",-8799.029
"251",-8943.816
"252",-8933.428
"253",-8815.577
"254",-8637.783
"255",-8958.218
"256",-9106.074
"257",-8794.551
"258",-9182.86
"259",-8949.378
"260",-8954.485
"261",-8943.159
"262",-8798.029
"263",-8672.194
"264",-8668.56
"265",-8822.634
"266",-8679.072
"267",-8909.604
"268",-8949.483
"269",-9055.077
"270",-8907.792
"271",-8939.946
"272",-9207.888
"273",-9021.951
"274",-9163.163
"275",-8847.818
"276",-9158.259
"277",-8776.461
"278",-9020.377
"279",-8882.05
"280",-9089.447
"281",-8622.101
"282",-8893.577
"283",-8775.308
"284",-8859.443
"285",-9122.715
"286",-8792.926
"287",-8636.601
"288",-8492.498
"289",-8719.286
"290",-9102.945
"291",-8914.504
"292",-8587.532
"293",-9054.708
"294",-9049.134
"295",-9065.827
"296",-9063.552
"297",-8557.192
"298",-8830.998
"299",-8846.763
"300",-8741.332
"301",-8628.014
"302",-8760.733
"303",-9114.491
"304",-8836.065
"305",-8898.961
"306",-8921.318
"307",-8881.382
"308",-9102.619
"309",-8719.587
"310",-8846.609
"311",-8780.203
"312",-8768.839
"313",-8993.258
"314",-8972.706
"315",-8878.975
"316",-9082.851
"317",-8932.718
"318",-8858.511
"319",-9090.978
"320",-9015.765
"321",-8690.963
"322",-8747.333
"323",-8906.564
"324",-8892.667
"325",-8927.838
"326",-8847.623
"327",-9010.031
"328",-9022.964
"329",-8819.959
"330",-8906.501
"331",-8959.438
"332",-8835.674
"333",-8838.921
"334",-8937.114
"335",-8955.745
"336",-8905.155
"337",-9100.551
"338",-8895.62
"339",-8750.875
"340",-9160.92
"341",-8927.955
"342",-8695.368
"343",-8816.328
"344",-8765.058
"345",-8814.988
"346",-8890.861
"347",-9029.633
"348",-9095.354
"349",-9247.667
"350",-9064.542
"351",-8848.554
"352",-8892.368
"353",-8996.341
"354",-8899.365
"355",-9022.968
"356",-8947.24
"357",-8820.272
"358",-8592.983
"359",-8910.973
"360",-8993.233
"361",-8736.413
"362",-8862.667
"363",-8989.066
"364",-9155.845
"365",-8861.414
"366",-8918.459
"367",-9132.9
"368",-8625.352
"369",-8884.648
"370",-8835.73
"371",-8824.731
"372",-8918.594
"373",-8862.495
"374",-8817.795
"375",-8865.866
"376",-8736.601
"377",-9054.89
"378",-9231.337
"379",-9144.107
"380",-8824.964
"381",-8835.338
"382",-8704.543
"383",-8916.549
"384",-8805.027
"385",-8927.59
"386",-8961.114
"387",-8955.232
"388",-8749.575
"389",-9043.721
"390",-9028.715
"391",-9167.913
"392",-9181.549
"393",-8859.825
"394",-8867.026
"395",-8944.942
"396",-9006.375
"397",-9097.992
"398",-8889.489
"399",-8998.777
"400",-8900.53
"401",-9116.396
"402",-9152.664
"403",-9041.621
"404",-9033.704
"405",-8720.211
"406",-8980.278
"407",-9132.937
"408",-9086.386
"409",-8582.499
"410",-9112.173
"411",-9010.38
"412",-9099.278
"413",-8727.614
"414",-8913.394
"415",-9019.56
"416",-8835.149
"417",-8665.672
"418",-9083.327
"419",-9016.796
"420",-8877.311
"421",-8937.759
"422",-9031.839
"423",-8843.112
"424",-8745.328
"425",-8904.299
"426",-9035.387
"427",-8681.629
"428",-9061.645
"429",-8890.657
"430",-9190.782
"431",-8853.799
"432",-8964.011
"433",-9155.932
"434",-9040.614
"435",-9025.932
"436",-8808.27
"437",-8823.56
"438",-8922.485
"439",-8704.444
"440",-8885.03
"441",-9095.303
"442",-8766.931
"443",-9040.386
"444",-9012.092
"445",-8819.206
"446",-8740.947
"447",-8604.036
"448",-8701.494
"449",-8817.215
"450",-8873.654
"451",-9047.563
"452",-8744.388
"453",-9178.157
"454",-8880.398
"455",-8956.487
"456",-8949.915
"457",-8957.409
"458",-9217.815
"459",-8767.144
"460",-9028.211
"461",-8904.643
"462",-8848.733
"463",-9212.77
"464",-8880.673
"465",-8968.407
"466",-9168.66
"467",-8883.429
"468",-8962.504
"469",-9107.464
"470",-8934.623
"471",-8922.197
"472",-8804.116
"473",-8973.903
"474",-8706.573
"475",-9030.671
"476",-8820.125
"477",-8829.716
"478",-9029.622
"479",-8854.442
"480",-9311.756
"481",-8994.57
"482",-8975.117
"483",-8939.386
"484",-8843.562
"485",-8760.053
"486",-9006.771
"487",-9042.954
"488",-8900.187
"489",-8800.694
"490",-8787.142
"491",-8826.827
"492",-8716.449
"493",-8937.016
"494",-8827.371
"495",-8852.385
"496",-9164.288
"497",-8834.338
"498",-8875.077
"499",-9026.25
"500",-8814.997
"501",-8982.687
"502",-9150.718
"503",-8783.026
"504",-8817.096
"505",-8764.745
"506",-8928.982
"507",-9034.19
"508",-8963.845
"509",-8718.858
"510",-9112.42
"511",-8918.198
"512",-8787.211
"513",-8850.628
"514",-8858.184
"515",-8790.012
"516",-8809.687
"517",-8663.062
"518",-9107.735
"519",-8973.395
"520",-8815.116
"521",-9003.205
"522",-9031.513
"523",-8778.07
"524",-8792.941
"525",-8878.639
"526",-9130.197
"527",-8844.601
"528",-8971.333
"529",-9064.001
"530",-9088.879
"531",-8980.998
"532",-8936.017
"533",-8872.295
"534",-8985
"535",-8826.094
"536",-8877.913
"537",-8794.469
"538",-9066.233
"539",-8656.099
"540",-8879.099
"541",-8588.033
"542",-9057.941
"543",-8977.056
"544",-9030.331
"545",-8811.41
"546",-8594.955
"547",-8869.206
"548",-8840.602
"549",-9038.734
"550",-8997.489
"551",-8902.797
"552",-8733.219
"553",-8751.929
"554",-9028.224
"555",-8846.121
"556",-8820.103
"557",-8984.409
"558",-8876.937
"559",-8729.636
"560",-8835.91
"561",-8959.712
"562",-8803.724
"563",-9095.165
"564",-8679.676
"565",-8969.085
"566",-8663.405
"567",-8930.425
"568",-8727.292
"569",-9101.238
"570",-8996.517
"571",-8979.51
"572",-9030.992
"573",-9101.189
"574",-8991.269
"575",-8872.116
"576",-9000.895
"577",-8789.831
"578",-8861.15
"579",-8778.063
"580",-8882.095
"581",-8910.691
"582",-8920.213
"583",-9080.743
"584",-8962.79
"585",-8901.3
"586",-8970.15
"587",-9089.379
"588",-9238.532
"589",-8965.652
"590",-8713.024
"591",-9117.647
"592",-8767.163
"593",-8914.595
"594",-9037.331
"595",-8917.437
"596",-8954.159
"597",-8839.476
"598",-8872.373
"599",-8814.585
"600",-9028.855
"601",-9078.178
"602",-8880.287
"603",-8772.554
"604",-8833.438
"605",-8738.465
"606",-8860.434
"607",-9098.617
"608",-8870.885
"609",-8871.93
"610",-8759.036
"611",-9087.383
"612",-9049.104
"613",-8874.758
"614",-8844.133
"615",-8849.463
"616",-8993.296
"617",-8917.108
"618",-8699.885
"619",-8923.851
"620",-8877.422
"621",-9030.591
"622",-8888.379
"623",-8923.275
"624",-9175.442
"625",-9032.02
"626",-9169.625
"627",-8950.616
"628",-8980.401
"629",-9024.802
"630",-8899.161
"631",-8600.12
"632",-8909.07
"633",-8682.752
"634",-8775.339
"635",-8762.404
"636",-8982.967
"637",-8962.112
"638",-8843.784
"639",-8872.082
"640",-8816.707
"641",-8939.413
"642",-8783.119
"643",-9109.823
"644",-8860.293
"645",-8906.729
"646",-9098.425
"647",-8926.652
"648",-8929.014
"649",-9193.116
"650",-8559.828
"651",-8908.816
"652",-8750.914
"653",-8537.485
"654",-9132.704
"655",-8918.07
"656",-9201.303
"657",-8982.142
"658",-9136.701
"659",-8703.79
"660",-8947.988
"661",-9093.824
"662",-8767.577
"663",-8924.82
"664",-8790.609
"665",-8968.305
"666",-8684.539
"667",-9117.763
"668",-8886.71
"669",-8978.143
"670",-9130.311
"671",-8948.417
"672",-8781.674
"673",-8750.73
"674",-9088.752
"675",-9094.037
"676",-8586.801
"677",-8941.399
"678",-8843.688
"679",-8689.348
"680",-9112.993
"681",-8830.833
"682",-8955.223
"683",-9014.596
"684",-9039.373
"685",-9021.471
"686",-9182.021
"687",-8879.393
"688",-8977.894
"689",-8788.79
"690",-9051.628
"691",-8756.502
"692",-8868.589
"693",-9052.201
"694",-8951.89
"695",-9005.143
"696",-9043.592
"697",-8728.716
"698",-9019.798
"699",-9019.705
"700",-8997.269
"701",-9092.577
"702",-9155.481
"703",-9047.802
"704",-9008.546
"705",-8902.941
"706",-8780.051
"707",-8946.185
"708",-8940.169
"709",-8897.669
"710",-8737.255
"711",-9034.364
"712",-8769.275
"713",-8965.69
"714",-8980.812
"715",-8905.818
"716",-8776.112
"717",-8953.578
"718",-9053.246
"719",-8924.091
"720",-8953.624
"721",-9092.643
"722",-8912.763
"723",-8635.454
"724",-9030.273
"725",-8876.524
"726",-9015.296
"727",-8690.042
"728",-8895.659
"729",-9084.511
"730",-9064.392
"731",-8645.918
"732",-8631.718
"733",-8772.593
"734",-8966.751
"735",-9038.852
"736",-9051.799
"737",-8860.447
"738",-8880.714
"739",-9034.494
"740",-8628.607
"741",-8960.152
"742",-8919.081
"743",-8966.791
"744",-8602.787
"745",-9134.189
"746",-8808.533
"747",-9195.164
"748",-8679.355
"749",-8643.043
"750",-9066.6
"751",-8828.912
"752",-8786.85
"753",-8700.288
"754",-8755.196
"755",-8981.649
"756",-8901.095
"757",-8626.731
"758",-8871.89
"759",-8831.492
"760",-8948.646
"761",-8998.398
"762",-9140.231
"763",-9029.146
"764",-9046.156
"765",-8981.368
"766",-8635.229
"767",-8992.006
"768",-8976.329
"769",-8882.768
"770",-8851.073
"771",-8880.416
"772",-8932.371
"773",-8935.226
"774",-8869.481
"775",-8918.53
"776",-9096.049
"777",-8877.32
"778",-9103.718
"779",-8907.118
"780",-8809.726
"781",-8652.696
"782",-8942.036
"783",-8915.884
"784",-8693.757
"785",-8865.137
"786",-8857.692
"787",-8818.594
"788",-8714.236
"789",-9022.397
"790",-8953.625
"791",-8844.575
"792",-8764.903
"793",-8660.859
"794",-9002.574
"795",-8594.686
"796",-8898.688
"797",-9073.072
"798",-8902.001
"799",-9000.624
"800",-8962.228
"801",-8965.585
"802",-8817.801
"803",-8967.266
"804",-8938.868
"805",-9186.314
"806",-8962.277
"807",-9167.539
"808",-8879.558
"809",-8804.926
"810",-9050.27
"811",-9084.884
"812",-8968.5
"813",-8947.337
"814",-8943.11
"815",-8794.908
"816",-9070.672
"817",-8584.684
"818",-9184.411
"819",-8935.21
"820",-9323.91
"821",-9249.196
"822",-8994.553
"823",-8850.651
"824",-8777.212
"825",-8843.798
"826",-8840.619
"827",-9086.574
"828",-8672.725
"829",-8826.789
"830",-8752.996
"831",-8805.176
"832",-8851.683
"833",-9072.845
"834",-8758.313
"835",-8990.359
"836",-9059.098
"837",-8872.74
"838",-8994.129
"839",-9057.24
"840",-8950.804
"841",-9023.932
"842",-8718.545
"843",-9005.862
"844",-9248.31
"845",-8835.739
"846",-8918.202
"847",-8743.536
"848",-8826.659
"849",-9074.475
"850",-8888.93
"851",-8927.883
"852",-8978.376
"853",-9114.186
"854",-8942.823
"855",-9103.247
"856",-8959.768
"857",-8742.849
"858",-8935.15
"859",-8613.666
"860",-9079.162
"861",-8847.423
"862",-8793.657
"863",-8918.336
"864",-8815.305
"865",-8986.963
"866",-8966.178
"867",-8955.819
"868",-8814.591
"869",-8948.13
"870",-8934.508
"871",-9037.292
"872",-8961.709
"873",-8863.882
"874",-8887.376
"875",-9038.526
"876",-8963.761
"877",-8765.008
"878",-9057.445
"879",-8839.643
"880",-8514.273
"881",-9110.588
"882",-8971.215
"883",-9103.307
"884",-8998.47
"885",-8691.995
"886",-9134.987
"887",-9079.156
"888",-8730.176
"889",-9025.63
"890",-8930.726
"891",-9025.837
"892",-8983.155
"893",-8829.546
"894",-9037.37
"895",-8999.488
"896",-8894.302
"897",-8901.165
"898",-8572.317
"899",-9000.577
"900",-9043.671
"901",-8841.359
"902",-8825.438
"903",-8883.708
"904",-8798.572
"905",-8889.587
"906",-9059.91
"907",-9055.93
"908",-9068.419
"909",-8948.253
"910",-8633.128
"911",-9105.391
"912",-8842.91
"913",-8927.138
"914",-9368.275
"915",-9024.806
"916",-9178.552
"917",-8717.197
"918",-9003.588
"919",-8865.107
"920",-8922.417
"921",-8874.512
"922",-8949.047
"923",-8875.007
"924",-9088.125
"925",-8960.903
"926",-8876.282
"927",-8767.065
"928",-8788.904
"929",-8733.78
"930",-9174.402
"931",-8581.608
"932",-9037.617
"933",-8921.89
"934",-9070.029
"935",-8875.07
"936",-8628.617
"937",-9266.38
"938",-8703.729
"939",-8892.362
"940",-8864.497
"941",-9149.375
"942",-9278.336
"943",-8949.185
"944",-9141.77
"945",-8879.85
"946",-8822.714
"947",-8842.848
"948",-8982.219
"949",-9014.601
"950",-8910.424
"951",-8837.538
"952",-8991.476
"953",-8766.478
"954",-9132.328
"955",-9204.213
"956",-8860.265
"957",-8667.204
"958",-8691.384
"959",-8835.817
"960",-9013.211
"961",-9252.285
"962",-9054.039
"963",-8819.03
"964",-8741.073
"965",-8913.75
"966",-8491.544
"967",-8656.519
"968",-8887.707
"969",-8610.204
"970",-9154.621
"971",-8907.536
"972",-8790.279
"973",-8829.787
"974",-8886.546
"975",-8716.312
"976",-8983.569
"977",-9034.593
"978",-8935.882
"979",-8698.245
"980",-8878.597
"981",-8583.983
"982",-8952.657
"983",-8867.522
"984",-8693.302
"985",-8748.142
"986",-9202.001
"987",-8838.44
"988",-9022.712
"989",-8842.008
"990",-8857.703
"991",-8743.912
"992",-9061.796
"993",-9000.476
"994",-8922.659
"995",-8835.5
"996",-9015.827
"997",-9120.909
"998",-8976.972
"999",-8886.085
"1000",-8699.531
"1001",-7824.56
"1002",-7628.564
"1003",-7639.193
"1004",-7700.05
"1005",-7596.279
"1006",-7634.79
"1007",-7641.597
"1008",-7560.221
"1009",-7493.925
"1010",-7606.704
"1011",-7623.77
"1012",-7590.101
"1013",-7662.849
"1014",-7517.656
"1015",-7628.903
"1016",-7428.429
"1017",-7832.94
"1018",-7664.864
"1019",-7561.239
"1020",-7610.451
"1021",-7800.75
"1022",-7634.707
"1023",-7535.018
"1024",-7711.914
"1025",-7737.272
"1026",-7542.473
"1027",-7841.711
"1028",-7758.815
"1029",-7712.817
"1030",-7613.495
"1031",-7793.692
"1032",-7795.709
"1033",-7765.23
"1034",-7786.393
"1035",-7533.69
"1036",-7646.849
"1037",-7636.606
"1038",-7671.675
"1039",-7549.992
"1040",-7550.794
"1041",-7503.58
"1042",-7780.441
"1043",-7498.836
"1044",-7656.911
"1045",-7681.568
"1046",-7619.993
"1047",-7639.922
"1048",-7833.851
"1049",-7634.407
"1050",-7714.729
"1051",-7679.891
"1052",-7619.737
"1053",-7671.624
"1054",-7577.968
"1055",-7608.496
"1056",-7672.398
"1057",-7627.546
"1058",-7738.612
"1059",-7681.075
"1060",-7474.284
"1061",-7635.379
"1062",-7696.035
"1063",-7698.011
"1064",-7630.259
"1065",-7564.531
"1066",-7698.956
"1067",-7720.003
"1068",-7652.383
"1069",-7779.87
"1070",-7737.951
"1071",-7640.899
"1072",-7699.394
"1073",-7539.538
"1074",-7767.337
"1075",-7742.253
"1076",-7692.668
"1077",-7756.446
"1078",-7421.362
"1079",-7598.393
"1080",-7816.846
"1081",-7607.179
"1082",-7764.095
"1083",-7575.565
"1084",-7692.976
"1085",-7755.853
"1086",-7693.6
"1087",-7584.019
"1088",-7608.677
"1089",-7635.786
"1090",-7637.691
"1091",-7544.123
"1092",-7712.17
"1093",-7730.157
"1094",-7550.822
"1095",-7759.412
"1096",-7588.847
"1097",-7669.879
"1098",-7734.079
"1099",-7531.311
"1100",-7641.534
"1101",-7678.461
"1102",-7586.016
"1103",-7628.947
"1104",-7621.76
"1105",-7519.706
"1106",-7593.371
"1107",-7631.09
"1108",-7653.227
"1109",-7713.758
"1110",-7695.927
"1111",-7601.746
"1112",-7723.121
"1113",-7485.379
"1114",-7647.609
"1115",-7556.98
"1116",-7622.477
"1117",-7667.82
"1118",-7552.548
"1119",-7649.151
"1120",-7642.781
"1121",-7580.098
"1122",-7525.816
"1123",-7761.606
"1124",-7652.191
"1125",-7736.688
"1126",-7701.758
"1127",-7904.883
"1128",-7687.235
"1129",-7581.762
"1130",-7646.876
"1131",-7886.253
"1132",-7639.16
"1133",-7726.448
"1134",-7542.036
"1135",-7465.793
"1136",-7512.963
"1137",-7635.294
"1138",-7652.344
"1139",-7610.522
"1140",-7677.472
"1141",-7566.519
"1142",-7417.697
"1143",-7649.364
"1144",-7711.042
"1145",-7694.958
"1146",-7668.207
"1147",-7514.323
"1148",-7547.75
"1149",-7514.124
"1150",-7634.997
"1151",-7574.989
"1152",-7618.608
"1153",-7586.943
"1154",-7750.581
"1155",-7733.75
"1156",-7646.425
"1157",-7675.805
"1158",-7788.986
"1159",-7756.346
"1160",-7685.786
"1161",-7746.246
"1162",-7675.821
"1163",-7414.229
"1164",-7522.403
"1165",-7826.519
"1166",-7722.182
"1167",-7592.018
"1168",-7645.707
"1169",-7637.429
"1170",-7702.648
"1171",-7670.717
"1172",-7583.074
"1173",-7538.197
"1174",-7552.033
"1175",-7582.234
"1176",-7528.21
"1177",-7688.851
"1178",-7637.716
"1179",-7599.05
"1180",-7558.304
"1181",-7543.736
"1182",-7649.06
"1183",-7656.521
"1184",-7769.443
"1185",-7674.736
"1186",-7785.092
"1187",-7671.816
"1188",-7653.514
"1189",-7483.116
"1190",-7746.572
"1191",-7681.114
"1192",-7693.026
"1193",-7542.475
"1194",-7717.763
"1195",-7732.617
"1196",-7657.085
"1197",-7720.051
"1198",-7686.759
"1199",-7645.158
"1200",-7640.994
"1201",-7608.815
"1202",-7618.57
"1203",-7554.432
"1204",-7599.749
"1205",-7623.064
"1206",-7596.568
"1207",-7702.761
"1208",-7570.958
"1209",-7788.182
"1210",-7737.128
"1211",-7666.674
"1212",-7521.83
"1213",-7667.478
"1214",-7742.981
"1215",-7677.768
"1216",-7649.632
"1217",-7662.845
"1218",-7805.024
"1219",-7677.27
"1220",-7646.982
"1221",-7656.319
"1222",-7629.698
"1223",-7463.578
"1224",-7602.905
"1225",-7585.468
"1226",-7824.412
"1227",-7776.835
"1228",-7836.697
"1229",-7664.066
"1230",-7673.348
"1231",-7812.978
"1232",-7699.603
"1233",-7827.406
"1234",-7510.826
"1235",-7766.749
"1236",-7642.523
"1237",-7609.262
"1238",-7581.546
"1239",-7612.837
"1240",-7616.67
"1241",-7575.177
"1242",-7673.62
"1243",-7656.685
"1244",-7770.598
"1245",-7600.375
"1246",-7583.737
"1247",-7629.404
"1248",-7582.953
"1249",-7573.508
"1250",-7591.015
"1251",-7686.438
"1252",-7625.867
"1253",-7546.724
"1254",-7555.974
"1255",-7633.339
"1256",-7556.524
"1257",-7719.922
"1258",-7591.262
"1259",-7621.711
"1260",-7640.137
"1261",-7629.871
"1262",-7729.964
"1263",-7605.359
"1264",-7636.194
"1265",-7728.005
"1266",-7701.105
"1267",-7707.242
"1268",-7673.419
"1269",-7764.694
"1270",-7855.473
"1271",-7576.44
"1272",-7715.066
"1273",-7648.39
"1274",-7662.644
"1275",-7740.49
"1276",-7353.416
"1277",-7650.34
"1278",-7580.676
"1279",-7737.614
"1280",-7539.843
"1281",-7581.636
"1282",-7852.09
"1283",-7777.226
"1284",-7752.499
"1285",-7833.733
"1286",-7426.252
"1287",-7521.759
"1288",-7712.557
"1289",-7724.419
"1290",-7678.406
"1291",-7743.58
"1292",-7671.505
"1293",-7671.238
"1294",-7653.842
"1295",-7679.906
"1296",-7580.483
"1297",-7610.634
"1298",-7783.733
"1299",-7511.606
"1300",-7510.367
"1301",-7649.418
"1302",-7555.797
"1303",-7691.958
"1304",-7662.838
"1305",-7540.552
"1306",-7542.848
"1307",-7508.014
"1308",-7512.145
"1309",-7617.211
"1310",-7679.057
"1311",-7855.492
"1312",-7729.029
"1313",-7539.841
"1314",-7663.948
"1315",-7625.62
"1316",-7779.315
"1317",-7675.692
"1318",-7773.042
"1319",-7620.321
"1320",-7588.254
"1321",-7644.63
"1322",-7548.759
"1323",-7605.299
"1324",-7604.25
"1325",-7688.638
"1326",-7681.106
"1327",-7682.12
"1328",-7752.916
"1329",-7673.284
"1330",-7754.005
"1331",-7528.046
"1332",-7705.799
"1333",-7618.934
"1334",-7715.815
"1335",-7637.274
"1336",-7784.887
"1337",-7590.753
"1338",-7733.286
"1339",-7593.887
"1340",-7830.048
"1341",-7662.717
"1342",-7536.85
"1343",-7592.965
"1344",-7712.534
"1345",-7765.743
"1346",-7619.242
"1347",-7678.369
"1348",-7655.008
"1349",-7479.715
"1350",-7592.02
"1351",-7668.257
"1352",-7666.631
"1353",-7635.12
"1354",-7771.724
"1355",-7630.035
"1356",-7718.694
"1357",-7642.602
"1358",-7604.131
"1359",-7766.23
"1360",-7646.225
"1361",-7633.694
"1362",-7800.189
"1363",-7722.37
"1364",-7627.803
"1365",-7676.483
"1366",-7653.697
"1367",-7704.049
"1368",-7566.967
"1369",-7746.016
"1370",-7599.058
"1371",-7742.629
"1372",-7725.224
"1373",-7738.086
"1374",-7617.639
"1375",-7711.789
"1376",-7501.889
"1377",-7730.268
"1378",-7672.467
"1379",-7633.842
"1380",-7721.814
"1381",-7720.065
"1382",-7596.376
"1383",-7665.322
"1384",-7720.329
"1385",-7761.961
"1386",-7703.178
"1387",-7664.519
"1388",-7610.707
"1389",-7621.611
"1390",-7782.863
"1391",-7550.166
"1392",-7520.354
"1393",-7559.514
"1394",-7595.893
"1395",-7648.093
"1396",-7771.688
"1397",-7728.525
"1398",-7738.821
"1399",-7714.634
"1400",-7568.647
"1401",-7685.612
"1402",-7713.897
"1403",-7813.094
"1404",-7600.101
"1405",-7687.795
"1406",-7542.375
"1407",-7717.353
"1408",-7556.053
"1409",-7762.824
"1410",-7612.911
"1411",-7674.772
"1412",-7737.251
"1413",-7446.859
"1414",-7647.241
"1415",-7583.803
"1416",-7682.158
"1417",-7574.027
"1418",-7655.393
"1419",-7706.081
"1420",-7788.055
"1421",-7481.062
"1422",-7673.537
"1423",-7570.907
"1424",-7706.017
"1425",-7748.65
"1426",-7736.646
"1427",-7702.17
"1428",-7674.321
"1429",-7446.619
"1430",-7627.033
"1431",-7754.271
"1432",-7560.32
"1433",-7789.817
"1434",-7619.394
"1435",-7625.694
"1436",-7579.988
"1437",-7460.145
"1438",-7829.494
"1439",-7748.401
"1440",-7682.916
"1441",-7786.438
"1442",-7644.535
"1443",-7412.392
"1444",-7734.188
"1445",-7643.092
"1446",-7697.654
"1447",-7624.785
"1448",-7707.792
"1449",-7585.244
"1450",-7656.076
"1451",-7549.834
"1452",-7836.595
"1453",-7584.123
"1454",-7680.104
"1455",-7565.478
"1456",-7765.744
"1457",-7709.238
"1458",-7796.834
"1459",-7466.343
"1460",-7607.242
"1461",-7565.721
"1462",-7637.932
"1463",-7571.005
"1464",-7586.714
"1465",-7769.344
"1466",-7781.249
"1467",-7513.864
"1468",-7800.692
"1469",-7481.077
"1470",-7622.006
"1471",-7623.448
"1472",-7612.328
"1473",-7728.758
"1474",-7652.815
"1475",-7801.782
"1476",-7517.354
"1477",-7792.547
"1478",-7842.015
"1479",-7861.331
"1480",-7563.259
"1481",-7757.511
"1482",-7381.832
"1483",-7596.746
"1484",-7579.672
"1485",-7741.945
"1486",-7448.105
"1487",-7649.831
"1488",-7397.987
"1489",-7686.901
"1490",-7761.921
"1491",-7883.262
"1492",-7644.282
"1493",-7347.61
"1494",-7588.782
"1495",-7750.461
"1496",-7550.943
"1497",-7682.101
"1498",-7663.495
"1499",-7671.998
"1500",-7730.836
"1501",-7499.856
"1502",-7875.53
"1503",-7680.368
"1504",-7691.569
"1505",-7573.853
"1506",-7645.208
"1507",-7546.815
"1508",-7832.492
"1509",-7676.871
"1510",-7787.614
"1511",-7585.282
"1512",-7628.605
"1513",-7727.483
"1514",-7590.553
"1515",-7606.11
"1516",-7441.481
"1517",-7742.617
"1518",-7803.634
"1519",-7692.383
"1520",-7658.142
"1521",-7679.511
"1522",-7531.614
"1523",-7632.288
"1524",-7971.297
"1525",-7675.364
"1526",-7550.879
"1527",-7547.203
"1528",-7526.084
"1529",-7642.311
"1530",-7573.752
"1531",-7753.07
"1532",-7655.532
"1533",-7797.919
"1534",-7640.804
"1535",-7569.597
"1536",-7663.349
"1537",-7515.75
"1538",-7586.483
"1539",-7576.736
"1540",-7712.457
"1541",-7666.516
"1542",-7675.037
"1543",-7719.451
"1544",-7662.543
"1545",-7664.491
"1546",-7645.937
"1547",-7604.112
"1548",-7401.719
"1549",-7677.399
"1550",-7541.635
"1551",-7765.899
"1552",-7798.724
"1553",-7714.268
"1554",-7548.9
"1555",-7632.715
"1556",-7682.692
"1557",-7527.318
"1558",-7609.916
"1559",-7844.147
"1560",-7660.636
"1561",-7379.285
"1562",-7606.312
"1563",-7518.082
"1564",-7468.758
"1565",-7767.563
"1566",-7743.455
"1567",-7630.181
"1568",-7625.674
"1569",-7759.104
"1570",-7516.916
"1571",-7610.481
"1572",-7545.786
"1573",-7600.962
"1574",-7698.068
"1575",-7738.354
"1576",-7541.91
"1577",-7569.92
"1578",-7669.922
"1579",-7568.591
"1580",-7692.445
"1581",-7637.583
"1582",-7642.185
"1583",-7661.823
"1584",-7738.132
"1585",-7671.69
"1586",-7574.063
"1587",-7535.977
"1588",-7648.116
"1589",-7561.683
"1590",-7756.018
"1591",-7865.495
"1592",-7552.772
"1593",-7824.615
"1594",-7814.728
"1595",-7749.471
"1596",-7817.92
"1597",-7588.162
"1598",-7599.441
"1599",-7802.386
"1600",-7475.259
"1601",-7619.35
"1602",-7695.997
"1603",-7653.154
"1604",-7708.083
"1605",-7489.568
"1606",-7480.243
"1607",-7794.905
"1608",-7718.499
"1609",-7855.238
"1610",-7602.713
"1611",-7570.507
"1612",-7534.316
"1613",-7552.001
"1614",-7605.05
"1615",-7630.116
"1616",-7885.771
"1617",-7599.174
"1618",-7504.179
"1619",-7656.884
"1620",-7750.673
"1621",-7572.752
"1622",-7736.511
"1623",-7758.083
"1624",-7587.384
"1625",-7688.068
"1626",-7977.408
"1627",-7536.777
"1628",-7748.104
"1629",-7808.88
"1630",-7574.672
"1631",-7583.198
"1632",-7565.172
"1633",-7493.582
"1634",-7750.423
"1635",-7669.959
"1636",-7806.526
"1637",-7611.259
"1638",-7588.568
"1639",-7588.355
"1640",-7705.614
"1641",-7680.488
"1642",-7816.067
"1643",-7658.736
"1644",-7496.396
"1645",-7603.944
"1646",-7632.977
"1647",-7577.39
"1648",-7456.268
"1649",-7465.144
"1650",-7660.63
"1651",-7558.821
"1652",-7701.665
"1653",-7792.266
"1654",-7599.61
"1655",-7624.391
"1656",-7782.508
"1657",-7736.232
"1658",-7751.005
"1659",-7794.034
"1660",-7686.695
"1661",-7766.14
"1662",-7524.476
"1663",-7639.854
"1664",-7604.687
"1665",-7699.308
"1666",-7677.251
"1667",-7713.968
"1668",-7566.741
"1669",-7468.731
"1670",-7647.942
"1671",-7454.321
"1672",-7582.907
"1673",-7764.326
"1674",-7767.863
"1675",-7450.139
"1676",-7626.973
"1677",-7732.772
"1678",-7277.903
"1679",-7551.757
"1680",-7717.193
"1681",-7481.15
"1682",-7632.713
"1683",-7440.376
"1684",-7665.047
"1685",-7568.949
"1686",-7468.581
"1687",-7555.253
"1688",-7642.992
"1689",-7569.1
"1690",-7680.196
"1691",-7730.198
"1692",-7649.503
"1693",-7542.234
"1694",-7543.386
"1695",-7460.031
"1696",-7628.749
"1697",-7721.064
"1698",-7720.96
"1699",-7616.835
"1700",-7553.845
"1701",-7724.274
"1702",-7840.89
"1703",-7565.694
"1704",-7812.802
"1705",-7926.246
"1706",-7503.756
"1707",-7454.088
"1708",-7485.761
"1709",-7697.561
"1710",-7610.194
"1711",-7598.277
"1712",-7714.114
"1713",-7479.777
"1714",-7603.55
"1715",-7767.381
"1716",-7759.783
"1717",-7683.208
"1718",-7625.568
"1719",-7489.255
"1720",-7686.353
"1721",-7595.366
"1722",-7528.776
"1723",-7610.953
"1724",-7652.488
"1725",-7600.971
"1726",-7570.997
"1727",-7493.693
"1728",-7648.447
"1729",-7688.682
"1730",-7673.829
"1731",-7575.652
"1732",-7478.063
"1733",-7283.514
"1734",-7614.229
"1735",-7750.512
"1736",-7792.345
"1737",-7553.272
"1738",-7712.036
"1739",-7667.729
"1740",-7964.286
"1741",-7558.252
"1742",-7573.306
"1743",-7779.426
"1744",-7644.279
"1745",-7692.427
"1746",-7775.639
"1747",-7700.88
"1748",-7700.466
"1749",-7831.104
"1750",-7549.34
"1751",-7652.691
"1752",-7620.69
"1753",-7694.377
"1754",-7618.311
"1755",-7792.766
"1756",-7662.138
"1757",-7543.772
"1758",-7835.734
"1759",-7719.404
"1760",-7436.424
"1761",-7450.174
"1762",-7773.214
"1763",-7559.312
"1764",-7631.973
"1765",-7880.241
"1766",-7617.275
"1767",-7670.565
"1768",-7842.98
"1769",-7735.999
"1770",-7539.586
"1771",-7571.768
"1772",-7511.484
"1773",-7672.933
"1774",-7648.899
"1775",-7681.612
"1776",-7682.796
"1777",-7722.216
"1778",-7634.936
"1779",-7523.556
"1780",-7641.359
"1781",-7615.535
"1782",-7420.665
"1783",-7735.036
"1784",-7738.805
"1785",-7485.074
"1786",-7590.958
"1787",-7831.607
"1788",-7626.872
"1789",-7575.173
"1790",-7713.517
"1791",-7761.721
"1792",-7555.753
"1793",-7677.57
"1794",-7687.88
"1795",-7764.688
"1796",-7638.16
"1797",-7561.285
"1798",-7644.51
"1799",-7556.217
"1800",-7682.615
"1801",-7848.471
"1802",-7621.768
"1803",-7718.893
"1804",-7733.392
"1805",-7781.173
"1806",-7576.865
"1807",-7792.254
"1808",-7617.889
"1809",-7576.881
"1810",-7591.145
"1811",-7806.149
"1812",-7818.682
"1813",-7748.58
"1814",-7525.59
"1815",-7680.781
"1816",-7600.665
"1817",-7572.265
"1818",-7571.154
"1819",-7502.77
"1820",-7634.49
"1821",-7757.85
"1822",-7659.789
"1823",-7614.492
"1824",-7679.719
"1825",-7697.216
"1826",-7663.473
"1827",-7704.93
"1828",-7639.232
"1829",-7677.455
"1830",-7489.508
"1831",-7771.515
"1832",-7707.338
"1833",-7612.804
"1834",-7718.196
"1835",-7531.825
"1836",-7597.839
"1837",-7783.463
"1838",-7409.074
"1839",-7729.414
"1840",-7712.125
"1841",-7659.918
"1842",-7792.715
"1843",-7704.504
"1844",-7724.379
"1845",-7446.182
"1846",-7680.523
"1847",-7578.262
"1848",-7661.652
"1849",-7605.059
"1850",-7652.3
"1851",-7572.1
"1852",-7672.425
"1853",-7545.721
"1854",-7440.585
"1855",-7474.519
"1856",-7710.332
"1857",-7533.88
"1858",-7529.215
"1859",-7637.717
"1860",-7806.695
"1861",-7581.987
"1862",-7787.515
"1863",-7817.444
"1864",-7733.599
"1865",-7617.7
"1866",-7699.867
"1867",-7738.731
"1868",-7750.994
"1869",-7634.09
"1870",-7723.437
"1871",-7623.689
"1872",-7679.402
"1873",-7674.605
"1874",-7502.013
"1875",-7765.624
"1876",-7826.088
"1877",-7800.057
"1878",-7634.585
"1879",-7608.175
"1880",-7573.526
"1881",-7884.237
"1882",-7518.018
"1883",-7675.451
"1884",-7714.818
"1885",-7738.311
"1886",-7617.718
"1887",-7752.141
"1888",-7543.199
"1889",-7455.222
"1890",-7507.893
"1891",-7682.957
"1892",-7654.13
"1893",-7549.073
"1894",-7634.667
"1895",-7576.699
"1896",-7719.719
"1897",-7485.305
"1898",-7539.883
"1899",-7640.717
"1900",-7707.153
"1901",-7761.657
"1902",-7623.927
"1903",-7567.571
"1904",-7454.771
"1905",-7772.489
"1906",-7795.629
"1907",-7695.545
"1908",-7622.726
"1909",-7812.295
"1910",-7735.277
"1911",-7681.652
"1912",-7723.588
"1913",-7674.856
"1914",-7641.327
"1915",-7686.447
"1916",-7662.525
"1917",-7657.456
"1918",-7755.147
"1919",-7648.691
"1920",-7716.122
"1921",-7652.39
"1922",-7499.399
"1923",-7424.157
"1924",-7602.043
"1925",-7774.273
"1926",-7478.465
"1927",-7596.256
"1928",-7672.55
"1929",-7638.09
"1930",-7469.246
"1931",-7739.196
"1932",-7634.989
"1933",-7672.241
"1934",-7633.513
"1935",-7444.656
"1936",-7653.929
"1937",-7698.216
"1938",-7517.565
"1939",-7724.384
"1940",-7603.137
"1941",-7563.834
"1942",-7674.445
"1943",-7753.956
"1944",-7628.666
"1945",-7515.951
"1946",-7610.886
"1947",-7625.723
"1948",-7769.904
"1949",-7741.991
"1950",-7756.709
"1951",-7691.302
"1952",-7597.116
"1953",-7725.6
"1954",-7613.774
"1955",-7653.081
"1956",-7679.325
"1957",-7452.036
"1958",-7461.519
"1959",-7599.255
"1960",-7738.938
"1961",-7595.288
"1962",-7588.479
"1963",-7495.689
"1964",-7723.358
"1965",-7720.222
"1966",-7764.479
"1967",-7749.949
"1968",-7636.451
"1969",-7561.342
"1970",-7593.82
"1971",-7636.073
"1972",-7679.143
"1973",-7601.552
"1974",-7677.557
"1975",-7788.905
"1976",-7487.074
"1977",-7701.037
"1978",-7530.664
"1979",-7720.155
"1980",-7681.367
"1981",-7630.524
"1982",-7782.992
"1983",-7746.648
"1984",-7592.581
"1985",-7642.648
"1986",-7712.389
"1987",-7700.279
"1988",-7682.742
"1989",-7538.553
"1990",-7622.761
"1991",-7640.195
"1992",-7523.942
"1993",-7741.304
"1994",-7689.339
"1995",-7500.633
"1996",-7772.946
"1997",-7749.675
"1998",-7690.007
"1999",-7635.569
"2000",-7717.972
"2001",-7665.012
"2002",-7718.562
"2003",-7632.612
"2004",-7746.632
"2005",-7756.618
"2006",-7680.592
"2007",-7637.908
"2008",-7528.545
"2009",-7659.421
"2010",-7524.546
"2011",-7636.77
"2012",-7534.843
"2013",-7517.101
"2014",-7566.897
"2015",-7722.476
"2016",-7780.829
"2017",-7513.793
"2018",-7765.359
"2019",-7750.161
"2020",-7457.298
"2021",-7781.439
"2022",-7619.265
"2023",-7670.564
"2024",-7665.517
"2025",-7707.543
"2026",-7627.262
"2027",-7593.806
"2028",-7625.542
"2029",-7567.44
"2030",-7557.261
"2031",-7705.024
"2032",-7607.244
"2033",-7491.586
"2034",-7565.579
"2035",-7534.096
"2036",-7772.605
"2037",-7701.46
"2038",-7697.218
"2039",-7484.479
"2040",-7646.638
"2041",-7896.483
"2042",-7601.892
"2043",-7496.36
"2044",-7698.37
"2045",-7763.012
"2046",-7611.146
"2047",-7553.109
"2048",-7609.012
"2049",-7634.839
"2050",-7680.855
"2051",-7506.635
"2052",-7746.973
"2053",-7625.974
"2054",-7547.904
"2055",-7745.219
"2056",-7545.846
"2057",-7672.042
"2058",-7543.685
"2059",-7550.847
"2060",-7766.463
"2061",-7731.383
"2062",-7365.996
"2063",-7524.294
"2064",-7553.054
"2065",-7644.706
"2066",-7606.889
"2067",-7527.846
"2068",-7668.19
"2069",-7728.944
"2070",-7870.266
"2071",-7753.493
"2072",-7737.44
"2073",-7644.959
"2074",-7643.2
"2075",-7748.591
"2076",-7640.481
"2077",-7599.122
"2078",-7652.74
"2079",-7726.296
"2080",-7624.896
"2081",-7698.123
"2082",-7703.605
"2083",-7781.487
"2084",-7697.795
"2085",-7654.177
"2086",-7716.628
"2087",-7732.254
"2088",-7725.924
"2089",-7605.933
"2090",-7438.525
"2091",-7670.371
"2092",-7641.784
"2093",-7614.681
"2094",-7522.082
"2095",-7558.459
"2096",-7655.589
"2097",-7719.899
"2098",-7638.079
"2099",-7607.568
"2100",-7699.973
"2101",-7676.226
"2102",-7750.166
"2103",-7871.989
"2104",-7680.446
"2105",-7810.016
"2106",-7728.728
"2107",-7648.621
"2108",-7469.651
"2109",-7609.924
"2110",-7865.357
"2111",-7512.431
"2112",-7740.757
"2113",-7783.828
"2114",-7589.447
"2115",-7663.458
"2116",-7659.487
"2117",-7691.192
"2118",-7627.333
"2119",-7746.865
"2120",-7624.643
"2121",-7707.773
"2122",-7717.697
"2123",-7798.037
"2124",-7585.459
"2125",-7477.33
"2126",-7609.479
"2127",-7418.334
"2128",-7730.937
"2129",-7652.631
"2130",-7619.55
"2131",-7642.121
"2132",-7701.241
"2133",-7392.031
"2134",-7513.413
"2135",-7666.34
"2136",-7720.554
"2137",-7641.272
"2138",-7564.025
"2139",-7727.374
"2140",-7613.912
"2141",-7550.305
"2142",-7759.557
"2143",-7592.211
"2144",-7599.747
"2145",-7649.911
"2146",-7604.02
"2147",-7570.523
"2148",-7634.584
"2149",-7642.265
"2150",-7526.432
"2151",-7618.147
"2152",-7635.018
"2153",-7639.025
"2154",-7551.885
"2155",-7557.377
"2156",-7625.482
"2157",-7616.033
"2158",-7610.524
"2159",-7597.342
"2160",-7730.38
"2161",-7604.847
"2162",-7614.645
"2163",-7615.941
"2164",-7453.364
"2165",-7947.851
"2166",-7749.181
"2167",-7748.901
"2168",-7631.267
"2169",-7534.851
"2170",-7677.72
"2171",-7544.963
"2172",-7528.53
"2173",-7783.854
"2174",-7802.979
"2175",-7587.132
"2176",-7846.586
"2177",-7591.01
"2178",-7542.114
"2179",-7729.402
"2180",-7650.426
"2181",-7777.512
"2182",-7692.168
"2183",-7654.26
"2184",-7623.1
"2185",-7479.174
"2186",-7564.91
"2187",-7605.223
"2188",-7494.745
"2189",-7617.154
"2190",-7792.566
"2191",-7453.751
"2192",-7734.453
"2193",-7514.445
"2194",-7694.46
"2195",-7707.273
"2196",-7667.396
"2197",-7578.923
"2198",-7861.752
"2199",-7507.566
"2200",-7628.701
"2201",-7608.098
"2202",-7673.094
"2203",-7861.151
"2204",-7676.896
"2205",-7595.142
"2206",-7634.788
"2207",-7695.617
"2208",-7690.268
"2209",-7660.27
"2210",-7739.49
"2211",-7757.254
"2212",-7780.652
"2213",-7613.731
"2214",-7595.468
"2215",-7686.349
"2216",-7644.798
"2217",-7691.27
"2218",-7553.637
"2219",-7603.775
"2220",-7557.295
"2221",-7550.004
"2222",-7805.917
"2223",-7634.687
"2224",-7637.142
"2225",-7675.615
"2226",-7724.901
"2227",-7573.201
"2228",-7594.387
"2229",-7647.331
"2230",-7460.726
"2231",-7574.326
"2232",-7584.254
"2233",-7562.47
"2234",-7567.446
"2235",-7511.959
"2236",-7553.07
"2237",-7728.008
"2238",-7447.924
"2239",-7718.711
"2240",-7692.593
"2241",-7698.952
"2242",-7382.708
"2243",-7725.821
"2244",-7717.809
"2245",-7718.436
"2246",-7832.328
"2247",-7698.441
"2248",-7515.159
"2249",-7611.342
"2250",-7912.292
"2251",-7680.565
"2252",-7589.341
"2253",-7619.052
"2254",-7561.951
"2255",-7572.136
"2256",-7902.629
"2257",-7785.412
"2258",-7682.265
"2259",-7664.762
"2260",-7597.12
"2261",-7629.821
"2262",-7701.828
"2263",-7672.215
"2264",-7693.949
"2265",-7740.777
"2266",-7639.785
"2267",-7464.945
"2268",-7707.298
"2269",-7770.574
"2270",-7693.983
"2271",-7635.435
"2272",-7604.625
"2273",-7597.729
"2274",-7513.999
"2275",-7793.165
"2276",-7580.645
"2277",-7564.313
"2278",-7591.795
"2279",-7489.473
"2280",-7717.412
"2281",-7547.436
"2282",-7582.553
"2283",-7536.142
"2284",-7668.712
"2285",-7624.004
"2286",-7454.52
"2287",-7524.822
"2288",-7781.153
"2289",-7649.947
"2290",-7840.933
"2291",-7657.228
"2292",-7947.735
"2293",-7621.115
"2294",-7574.516
"2295",-7704.801
"2296",-7701.494
"2297",-7523.81
"2298",-7534.236
"2299",-7720.141
"2300",-7746.184
"2301",-7651.146
"2302",-7366.507
"2303",-7639.003
"2304",-7599.645
"2305",-7819.947
"2306",-7660.849
"2307",-7644.732
"2308",-7703.921
"2309",-7703.609
"2310",-7590.142
"2311",-7643.107
"2312",-7539.024
"2313",-7737.803
"2314",-7615.078
"2315",-7531.006
"2316",-7610.879
"2317",-7770.379
"2318",-7656.91
"2319",-7525.055
"2320",-7533.26
"2321",-7642.248
"2322",-7569.226
"2323",-7606.102
"2324",-7666.935
"2325",-7535.942
"2326",-7664.206
"2327",-7500.066
"2328",-7671.232
"2329",-7625.032
"2330",-7518.796
"2331",-7722.617
"2332",-7570.624
"2333",-7515.989
"2334",-7667.902
"2335",-7543.606
"2336",-7599.855
"2337",-7635.311
"2338",-7570.887
"2339",-7620.633
"2340",-7680.076
"2341",-7769.883
"2342",-7499.119
"2343",-7564.6
"2344",-7709.074
"2345",-7709.786
"2346",-7487.105
"2347",-7693.807
"2348",-7707.311
"2349",-7566.841
"2350",-7627.767
"2351",-7719.405
"2352",-7648.106
"2353",-7744.66
"2354",-7689.914
"2355",-7752.172
"2356",-7647.653
"2357",-7567.113
"2358",-7631.982
"2359",-7542.565
"2360",-7552.859
"2361",-7738.382
"2362",-7640.351
"2363",-7733.397
"2364",-7432.18
"2365",-7744.148
"2366",-7598.499
"2367",-7650.051
"2368",-7567.451
"2369",-7554.584
"2370",-7531.13
"2371",-7653.756
"2372",-7668.506
"2373",-7460.786
"2374",-7662.924
"2375",-7602.054
"2376",-7571.464
"2377",-7577.134
"2378",-7697.234
"2379",-7874.051
"2380",-7734.117
"2381",-7612.42
"2382",-7637.124
"2383",-7531.378
"2384",-7707.186
"2385",-7676.795
"2386",-7716.143
"2387",-7618.157
"2388",-7591.592
"2389",-7598.135
"2390",-7593.903
"2391",-7961.687
"2392",-7830.042
"2393",-7712.94
"2394",-7650.644
"2395",-7571.905
"2396",-7620.92
"2397",-7645.338
"2398",-7563.996
"2399",-7672.161
"2400",-7746.081
"2401",-7495.65
"2402",-7825.352
"2403",-7478.583
"2404",-7652.628
"2405",-7611.265
"2406",-7893.673
"2407",-7619.115
"2408",-7351.773
"2409",-7580.593
"2410",-7667.207
"2411",-7685.858
"2412",-7733.756
"2413",-7656.719
"2414",-7571.275
"2415",-7757.414
"2416",-7671.059
"2417",-7627.673
"2418",-7474.986
"2419",-7866.484
"2420",-7749.487
"2421",-7811.004
"2422",-7594.074
"2423",-7569.396
"2424",-7492.064
"2425",-7612.286
"2426",-7581.842
"2427",-7822.516
"2428",-7651.793
"2429",-7719.745
"2430",-7626.706
"2431",-7605.402
"2432",-7533.424
"2433",-7668.346
"2434",-7560.978
"2435",-7689.024
"2436",-7574.922
"2437",-7489.955
"2438",-7699.549
"2439",-7715.558
"2440",-7766.405
"2441",-7500.039
"2442",-7695.412
"2443",-7558.858
"2444",-7466.495
"2445",-7723.449
"2446",-7692.164
"2447",-7801.786
"2448",-7479.575
"2449",-7692.133
"2450",-7617.922
"2451",-7636.598
"2452",-7531.19
"2453",-7659.31
"2454",-7518.773
"2455",-7531.323
"2456",-7860.967
"2457",-7749.212
"2458",-7635.195
"2459",-7537.976
"2460",-7565.387
"2461",-7786.485
"2462",-7757.138
"2463",-7563.963
"2464",-7818.197
"2465",-7665.573
"2466",-7739.125
"2467",-7694.246
"2468",-7856.775
"2469",-7868.485
"2470",-7749.637
"2471",-7676.134
"2472",-7479.621
"2473",-7726.846
"2474",-7538.791
"2475",-7748.321
"2476",-7769.292
"2477",-7443.02
"2478",-7632.384
"2479",-7733.387
"2480",-7667.404
"2481",-7533.731
"2482",-7765.721
"2483",-7565.092
"2484",-7622.822
"2485",-7643.111
"2486",-7778.16
"2487",-7732.385
"2488",-7919.572
"2489",-7672.425
"2490",-7755.963
"2491",-7718.765
"2492",-7673.778
"2493",-7885.272
"2494",-7500.862
"2495",-7404.843
"2496",-7811.74
"2497",-7460.527
"2498",-7651.14
"2499",-7742.884
"2500",-7507.187
"2501",-7673.088
"2502",-7604.846
"2503",-7725.824
"2504",-7581.317
"2505",-7814.17
"2506",-7283.632
"2507",-7596.575
"2508",-7680.148
"2509",-7505.557
"2510",-7366.903
"2511",-7518.759
"2512",-7702.136
"2513",-7644.648
"2514",-7619.695
"2515",-7558.152
"2516",-7695.081
"2517",-7638.068
"2518",-7707.281
"2519",-7776.884
"2520",-7584.502
"2521",-7585.472
"2522",-7821.605
"2523",-7623.549
"2524",-7678.496
"2525",-7501.91
"2526",-7671.968
"2527",-7821.075
"2528",-7464.788
"2529",-7660.16
"2530",-7828.716
"2531",-7726.13
"2532",-7736.415
"2533",-7743.962
"2534",-7731.176
"2535",-7775.26
"2536",-7829.886
"2537",-7643.18
"2538",-7611.083
"2539",-7538.323
"2540",-7614.241
"2541",-7592.255
"2542",-7546.433
"2543",-7627.058
"2544",-7541.996
"2545",-7782.677
"2546",-7554.934
"2547",-7698.475
"2548",-7773.648
"2549",-7732.723
"2550",-7540.792
"2551",-7629.56
"2552",-7697.326
"2553",-7687.909
"2554",-7647.292
"2555",-7584.483
"2556",-7790.485
"2557",-7667.576
"2558",-7817.325
"2559",-7647.657
"2560",-7583.568
"2561",-7574.009
"2562",-7758.506
"2563",-7586.69
"2564",-7776.478
"2565",-7510.234
"2566",-7692.336
"2567",-7694.922
"2568",-7777.205
"2569",-7572.685
"2570",-7837.126
"2571",-7630.684
"2572",-7501.903
"2573",-7745.245
"2574",-7567.549
"2575",-7912.576
"2576",-7536.238
"2577",-7520.99
"2578",-7623.707
"2579",-7648.393
"2580",-7716.487
"2581",-7808.077
"2582",-7577.705
"2583",-7773.56
"2584",-7424.172
"2585",-7579.478
"2586",-7503.394
"2587",-7665.848
"2588",-7638.828
"2589",-7608.857
"2590",-7787.522
"2591",-7653.805
"2592",-7654.484
"2593",-7583.04
"2594",-7465.54
"2595",-7652.267
"2596",-7672.413
"2597",-7600.422
"2598",-7666.848
"2599",-7601.025
"2600",-7702.161
"2601",-7793.599
"2602",-7473.34
"2603",-7508.37
"2604",-7866.732
"2605",-7619.541
"2606",-7621.947
"2607",-7641.661
"2608",-7541.373
"2609",-7625.12
"2610",-7698.653
"2611",-7844.221
"2612",-7626.301
"2613",-7483.281
"2614",-7814.435
"2615",-7582.166
"2616",-7693.231
"2617",-7803.571
"2618",-7665.602
"2619",-7546.741
"2620",-7701.424
"2621",-7547.466
"2622",-7748.279
"2623",-7522.279
"2624",-7704.185
"2625",-7578.803
"2626",-7646.298
"2627",-7545.439
"2628",-7701.56
"2629",-7455.453
"2630",-7590.716
"2631",-7753.717
"2632",-7598.114
"2633",-7891.721
"2634",-7666.236
"2635",-7690.549
"2636",-7702.987
"2637",-7487.669
"2638",-7760.354
"2639",-7560.454
"2640",-7575.239
"2641",-7582.027
"2642",-7514.998
"2643",-7704.44
"2644",-7639.337
"2645",-7688.561
"2646",-7758.565
"2647",-7817.389
"2648",-7656.34
"2649",-7636.186
"2650",-7829.334
"2651",-7746.726
"2652",-7588.003
"2653",-7763.371
"2654",-7602.151
"2655",-7587.411
"2656",-7718.579
"2657",-7614.876
"2658",-7686.719
"2659",-7602.291
"2660",-7681.711
"2661",-7625.389
"2662",-7590.331
"2663",-7552.769
"2664",-7671.28
"2665",-7526.08
"2666",-7904.791
"2667",-7684.855
"2668",-7717.994
"2669",-7525.307
"2670",-7618.316
"2671",-7673.058
"2672",-7531.399
"2673",-7677.914
"2674",-7660.512
"2675",-7669.1
"2676",-7459.751
"2677",-7514.118
"2678",-7611.343
"2679",-7526.285
"2680",-7579.221
"2681",-7484.03
"2682",-7759.44
"2683",-7477.986
"2684",-7564.049
"2685",-7575.577
"2686",-7528.318
"2687",-7752.217
"2688",-7710.396
"2689",-7571.031
"2690",-7674.492
"2691",-7814.809
"2692",-7578.604
"2693",-7553.124
"2694",-7630.998
"2695",-7492.737
"2696",-7706.177
"2697",-7682.16
"2698",-7656.096
"2699",-7787.12
"2700",-7727.074
"2701",-7649.957
"2702",-7761.912
"2703",-7829.01
"2704",-7603.698
"2705",-7732.626
"2706",-7454.201
"2707",-7658.164
"2708",-7851.902
"2709",-7559.882
"2710",-7783.563
"2711",-7535.527
"2712",-7601.849
"2713",-7609.112
"2714",-7605.612
"2715",-7502.089
"2716",-7699.535
"2717",-7765.705
"2718",-7667.702
"2719",-7700.44
"2720",-7708.366
"2721",-7526.405
"2722",-7867.946
"2723",-7448.259
"2724",-7867.603
"2725",-7649.4
"2726",-7844.759
"2727",-7798.074
"2728",-7737.62
"2729",-7730.735
"2730",-7658.756
"2731",-7652.726
"2732",-7520.496
"2733",-7829.477
"2734",-7557.314
"2735",-7714.997
"2736",-7653.99
"2737",-7529.86
"2738",-7717.229
"2739",-7616.7
"2740",-7596.479
"2741",-7788.045
"2742",-7571.315
"2743",-7511.391
"2744",-7525.328
"2745",-7787.424
"2746",-7514.722
"2747",-7644.056
"2748",-7623.481
"2749",-7489.121
"2750",-7515.626
"2751",-7889.23
"2752",-7790.279
"2753",-7602.172
"2754",-7804.698
"2755",-7442.985
"2756",-7634.613
"2757",-7731.4
"2758",-7618.642
"2759",-7759.781
"2760",-7734.165
"2761",-7792.873
"2762",-7600.134
"2763",-7690.273
"2764",-7728.091
"2765",-7552.732
"2766",-7859.447
"2767",-7689.368
"2768",-7659.585
"2769",-7726.356
"2770",-7652.477
"2771",-7728.939
"2772",-7530.658
"2773",-7541.584
"2774",-7484.392
"2775",-7606.576
"2776",-7607.161
"2777",-7698.975
"2778",-7720.313
"2779",-7652.578
"2780",-7719.319
"2781",-7465.567
"2782",-7636.43
"2783",-7576.776
"2784",-7641.553
"2785",-7697.817
"2786",-7552.225
"2787",-7699.742
"2788",-7556.458
"2789",-7595.354
"2790",-7630.929
"2791",-7528.955
"2792",-7543.417
"2793",-7728.555
"2794",-7706.342
"2795",-7692.495
"2796",-7772.15
"2797",-7677.364
"2798",-7701.561
"2799",-7704.238
"2800",-7619.836
"2801",-7577.445
"2802",-7499.301
"2803",-7759.788
"2804",-7525.066
"2805",-7742.589
"2806",-7742.517
"2807",-7553.144
"2808",-7603.504
"2809",-7697.611
"2810",-7420.439
"2811",-7491.749
"2812",-7644.808
"2813",-7517.689
"2814",-7747.756
"2815",-7569.57
"2816",-7687.637
"2817",-7682.289
"2818",-7560.367
"2819",-7657.557
"2820",-7560.088
"2821",-7526.375
"2822",-7744.684
"2823",-7506.899
"2824",-7718.3
"2825",-7653.709
"2826",-7805.293
"2827",-7667.296
"2828",-7642.155
"2829",-7571.352
"2830",-7766.662
"2831",-7742.591
"2832",-7553.521
"2833",-7637.004
"2834",-7392.591
"2835",-7716.778
"2836",-7776.452
"2837",-7527.95
"2838",-7400.267
"2839",-7627.923
"2840",-7652.079
"2841",-7826.325
"2842",-7944.071
"2843",-7801.175
"2844",-7719.589
"2845",-7486.268
"2846",-7639.387
"2847",-7779.441
"2848",-7699.697
"2849",-7738.654
"2850",-7780.874
"2851",-7603.498
"2852",-7729.789
"2853",-7593.68
"2854",-7827.357
"2855",-7663.822
"2856",-7917.4
"2857",-7554.22
"2858",-7588.072
"2859",-7729.267
"2860",-7709.678
"2861",-7616.14
"2862",-7737.387
"2863",-7431.001
"2864",-7661.845
"2865",-7683.795
"2866",-7623.521
"2867",-7895.189
"2868",-7807.785
"2869",-7648.417
"2870",-7551.81
"2871",-7797.174
"2872",-7631.543
"2873",-7931.119
"2874",-7675.9
"2875",-7632.593
"2876",-7763.225
"2877",-7590.962
"2878",-7710.529
"2879",-7468.04
"2880",-7674.825
"2881",-7847.478
"2882",-7492.222
"2883",-7509.24
"2884",-7664.583
"2885",-7600.576
"2886",-7689.36
"2887",-7761.16
"2888",-7598.04
"2889",-7763.097
"2890",-7693.635
"2891",-7570.673
"2892",-7761.299
"2893",-7657.249
"2894",-7691.852
"2895",-7628.844
"2896",-7690.15
"2897",-7419.19
"2898",-7574.503
"2899",-7644.883
"2900",-7684.766
"2901",-7628.539
"2902",-7533.555
"2903",-7502.929
"2904",-7612.024
"2905",-7621.365
"2906",-7599.011
"2907",-7561.447
"2908",-7733.035
"2909",-7680.096
"2910",-7623.174
"2911",-7684.146
"2912",-7550.157
"2913",-7723.532
"2914",-7434.215
"2915",-7669.655
"2916",-7514.967
"2917",-7672.684
"2918",-7645.671
"2919",-7536.421
"2920",-7671.502
"2921",-7705.722
"2922",-7681.651
"2923",-7822.947
"2924",-7519.549
"2925",-7687.626
"2926",-7684.951
"2927",-7451.023
"2928",-7597.75
"2929",-7516.52
"2930",-7503.597
"2931",-7780.517
"2932",-7725.84
"2933",-7614.764
"2934",-7567.187
"2935",-7758.833
"2936",-7472.033
"2937",-7713.353
"2938",-7671.503
"2939",-7407.734
"2940",-7805.348
"2941",-7531.065
"2942",-7847.534
"2943",-7747.77
"2944",-7745.277
"2945",-7469.264
"2946",-7560.236
"2947",-7544.44
"2948",-7576.494
"2949",-7718.557
"2950",-7763.31
"2951",-7306.888
"2952",-7706.864
"2953",-7497.387
"2954",-7744.561
"2955",-7621.097
"2956",-7523.019
"2957",-7531.343
"2958",-7710.7
"2959",-7540.447
"2960",-7740.587
"2961",-7729.946
"2962",-7685.633
"2963",-7833.994
"2964",-7617.771
"2965",-7797.758
"2966",-7556.141
"2967",-7710.147
"2968",-7384.921
"2969",-7733.819
"2970",-7558.958
"2971",-7429.807
"2972",-7536.961
"2973",-7796.799
"2974",-7626.693
"2975",-7825.983
"2976",-7620.097
"2977",-7687.606
"2978",-7670.244
"2979",-7660.327
"2980",-7524.89
"2981",-7805.285
"2982",-7870.594
"2983",-7400.329
"2984",-7670.534
"2985",-7822.483
"2986",-7618.749
"2987",-7440.352
"2988",-7871.935
"2989",-7514.462
"2990",-7634.679
"2991",-7604.401
"2992",-7629.891
"2993",-7684.228
"2994",-7612.05
"2995",-7669.202
"2996",-7641.511
"2997",-7776.66
"2998",-7607.816
"2999",-7701.124
"3000",-7652.719
"3001",-7474.926
"3002",-7680.1
"3003",-7688.814
"3004",-7832.532
"3005",-7682.647
"3006",-7476.22
"3007",-7690.138
"3008",-7670.628
"3009",-7787.117
"3010",-7506.594
"3011",-7598.914
"3012",-7776.382
"3013",-7640.432
"3014",-7676.512
"3015",-7757.074
"3016",-7596.888
"3017",-7785.608
"3018",-7524.04
"3019",-7710.644
"3020",-7688.876
"3021",-7632.139
"3022",-7680.821
"3023",-7813.018
"3024",-7629.705
"3025",-7694.57
"3026",-7663.343
"3027",-7644.778
"3028",-7472.809
"3029",-7931.05
"3030",-7644.907
"3031",-7533.148
"3032",-7581.713
"3033",-7606.115
"3034",-7609.017
"3035",-7779.338
"3036",-7524.458
"3037",-7648.708
"3038",-7587.852
"3039",-7652.196
"3040",-7568.215
"3041",-7629.13
"3042",-7696.511
"3043",-7510.108
"3044",-7625.138
"3045",-7670.408
"3046",-7628.247
"3047",-7678.296
"3048",-7832.944
"3049",-7606.18
"3050",-7834.441
"3051",-7660.094
"3052",-7583.769
"3053",-7730.803
"3054",-7654.121
"3055",-7746.591
"3056",-7836.904
"3057",-7592.667
"3058",-7718.141
"3059",-7712.527
"3060",-7757.457
"3061",-7597.43
"3062",-7644.839
"3063",-7702.997
"3064",-7690.684
"3065",-7750.404
"3066",-7746.516
"3067",-7819.144
"3068",-7518.005
"3069",-7591.822
"3070",-7821.269
"3071",-7543.476
"3072",-7420.564
"3073",-7612.995
"3074",-7650.791
"3075",-7833.067
"3076",-7815.86
"3077",-7688.343
"3078",-7680.137
"3079",-7696.831
"3080",-7589.224
"3081",-7658.15
"3082",-7658.552
"3083",-7745.147
"3084",-7585.801
"3085",-7639.206
"3086",-7830.11
"3087",-7754.547
"3088",-7609.56
"3089",-7532.047
"3090",-7555.513
"3091",-7523.433
"3092",-7511.452
"3093",-7590.75
"3094",-7702.529
"3095",-7497.322
"3096",-7584.77
"3097",-7541.808
"3098",-7587.871
"3099",-7563.484
"3100",-7656.581
"3101",-7574.282
"3102",-7609.098
"3103",-7611.399
"3104",-7569.563
"3105",-7442.775
"3106",-7615.477
"3107",-7594.458
"3108",-7723.179
"3109",-7577.331
"3110",-7730.49
"3111",-7641.272
"3112",-7476.723
"3113",-7666.663
"3114",-7564.304
"3115",-7737.867
"3116",-7359.458
"3117",-7642.335
"3118",-7668.318
"3119",-7450.725
"3120",-7579.37
"3121",-7602.323
"3122",-7625.374
"3123",-7569.747
"3124",-7625.986
"3125",-7678.749
"3126",-7747.109
"3127",-7567.776
"3128",-7527.686
"3129",-7674.061
"3130",-7620.969
"3131",-7739.051
"3132",-7599.405
"3133",-7735.484
"3134",-7598.389
"3135",-7708.55
"3136",-7666.707
"3137",-7766.249
"3138",-7800.005
"3139",-7784.46
"3140",-7715.665
"3141",-7898.717
"3142",-7603.01
"3143",-7772.055
"3144",-7705.694
"3145",-7752.719
"3146",-7553.126
"3147",-7628.27
"3148",-7690.575
"3149",-7643.949
"3150",-7828.341
"3151",-7512.144
"3152",-7838.023
"3153",-7723.546
"3154",-7678.656
"3155",-7467.482
"3156",-7670.807
"3157",-7634.341
"3158",-7569.662
"3159",-7602.925
"3160",-7450.365
"3161",-7831.617
"3162",-7584.698
"3163",-7489.899
"3164",-7710.475
"3165",-7749.508
"3166",-7853.67
"3167",-7531.392
"3168",-7714.297
"3169",-7775.203
"3170",-7551.982
"3171",-7739.727
"3172",-7643.898
"3173",-7563.191
"3174",-7778.327
"3175",-7799.036
"3176",-7602.162
"3177",-7606.279
"3178",-7526.043
"3179",-7728.539
"3180",-7788.897
"3181",-7667.148
"3182",-7544.045
"3183",-7637.612
"3184",-7737.609
"3185",-7691.674
"3186",-7730.167
"3187",-7704.664
"3188",-7594.823
"3189",-7657.244
"3190",-7697.796
"3191",-7754.452
"3192",-7686.55
"3193",-7616.079
"3194",-7679.069
"3195",-7588.315
"3196",-7895.79
"3197",-7672.075
"3198",-7618.742
"3199",-7782.748
"3200",-7408.668
"3201",-7683.14
"3202",-7854.007
"3203",-7791.467
"3204",-7734.068
"3205",-7537.856
"3206",-7843.461
"3207",-7641.489
"3208",-7556.651
"3209",-7619.464
"3210",-7566.238
"3211",-7517.687
"3212",-7806.672
"3213",-7590.323
"3214",-7549.431
"3215",-7687.423
"3216",-7524.496
"3217",-7713.545
"3218",-7814.62
"3219",-7659.587
"3220",-7733.035
"3221",-7654.186
"3222",-7537.123
"3223",-7719.367
"3224",-7727.26
"3225",-7660.767
"3226",-7545
"3227",-7569.322
"3228",-7475.428
"3229",-7563.562
"3230",-7454.09
"3231",-7468.817
"3232",-7470.421
"3233",-7638.871
"3234",-7511.818
"3235",-7548.275
"3236",-7599.151
"3237",-7566.781
"3238",-7607.67
"3239",-7627.098
"3240",-7726.526
"3241",-7632.923
"3242",-7821.74
"3243",-7782.639
"3244",-7530.189
"3245",-7754.298
"3246",-7618.913
"3247",-7698.567
"3248",-7938.918
"3249",-7695.774
"3250",-7643.542
"3251",-7847.008
"3252",-7586.753
"3253",-7826.868
"3254",-7427.463
"3255",-7590.369
"3256",-7632.989
"3257",-7749.779
"3258",-7734.13
"3259",-7679.935
"3260",-7530.626
"3261",-7680.349
"3262",-7695.793
"3263",-7673.262
"3264",-7626.917
"3265",-7680.794
"3266",-7592.692
"3267",-7671.008
"3268",-7745.76
"3269",-7770.614
"3270",-7511.87
"3271",-7730.843
"3272",-7503.719
"3273",-7633.824
"3274",-7697.284
"3275",-7572.607
"3276",-7565.551
"3277",-7687.118
"3278",-7663.414
"3279",-7573.249
"3280",-7562.779
"3281",-7566.119
"3282",-7700.336
"3283",-7772.841
"3284",-7763.262
"3285",-7948.407
"3286",-7473.931
"3287",-7774.211
"3288",-7699.049
"3289",-7513.55
"3290",-7580.421
"3291",-7623.123
"3292",-7531.989
"3293",-7723.787
"3294",-7702.069
"3295",-7539.97
"3296",-7650.152
"3297",-7628.948
"3298",-7682.528
"3299",-7607.604
"3300",-7648.945
"3301",-7701.276
"3302",-7261.308
"3303",-7709.2
"3304",-7775.298
"3305",-7694.695
"3306",-7676.175
"3307",-7578.355
"3308",-7629.426
"3309",-7622.276
"3310",-7718.92
"3311",-7625.277
"3312",-7694.783
"3313",-7772.184
"3314",-7652.102
"3315",-7728.185
"3316",-7683.96
"3317",-7438.01
"3318",-7672.721
"3319",-7511.222
"3320",-7520.668
"3321",-7703.016
"3322",-7723.315
"3323",-7844.998
"3324",-7588.992
"3325",-7666.843
"3326",-7664.917
"3327",-7665.768
"3328",-7628.679
"3329",-7588.644
"3330",-7501.098
"3331",-7648.274
"3332",-7967.677
"3333",-7632.377
"3334",-7420.997
"3335",-7609.579
"3336",-7729.11
"3337",-7594.399
"3338",-7575.964
"3339",-7582.059
"3340",-7559.176
"3341",-7758.042
"3342",-7839.839
"3343",-7731.287
"3344",-7787.739
"3345",-7639.596
"3346",-7411.686
"3347",-7764.024
"3348",-7509.286
"3349",-7614.888
"3350",-7604.001
"3351",-7680.018
"3352",-7600.574
"3353",-7503.585
"3354",-7618.053
"3355",-7847.535
"3356",-7798.741
"3357",-7617.258
"3358",-7733.086
"3359",-7647.231
"3360",-7576.838
"3361",-7756.409
"3362",-7597.079
"3363",-7664.813
"3364",-7723.526
"3365",-7792.747
"3366",-7636.359
"3367",-7667.442
"3368",-7797.35
"3369",-7609.29
"3370",-7804.71
"3371",-7633.543
"3372",-7658.381
"3373",-7646.924
"3374",-7648.535
"3375",-7731.385
"3376",-7683.506
"3377",-7537.916
"3378",-7576.544
"3379",-7745.674
"3380",-7655.084
"3381",-7551.38
"3382",-7692.686
"3383",-7729.518
"3384",-7527.716
"3385",-7634.765
"3386",-7661.715
"3387",-7593.397
"3388",-7684.352
"3389",-7570.882
"3390",-7630.692
"3391",-7611.238
"3392",-7639.029
"3393",-7810.574
"3394",-7615.251
"3395",-7817.582
"3396",-7694.994
"3397",-7671.189
"3398",-7612.014
"3399",-7767.672
"3400",-7713.089
"3401",-7686.408
"3402",-7816.422
"3403",-7550.129
"3404",-7584.319
"3405",-7823.613
"3406",-7543.775
"3407",-7761.534
"3408",-7585.35
"3409",-7702.522
"3410",-7645.657
"3411",-7783.679
"3412",-7498.628
"3413",-7637.283
"3414",-7681.066
"3415",-7755.781
"3416",-7747.747
"3417",-7515.888
"3418",-7754.428
"3419",-7538.839
"3420",-7503.247
"3421",-7792.747
"3422",-7483.158
"3423",-7664.376
"3424",-7690.114
"3425",-7793.09
"3426",-7666.146
"3427",-7769.305
"3428",-7720.147
"3429",-7638.249
"3430",-7662.925
"3431",-7722.421
"3432",-7594.638
"3433",-7752.259
"3434",-7701.349
"3435",-7719.94
"3436",-7674.378
"3437",-7417.86
"3438",-7569.395
"3439",-7778.264
"3440",-7784.321
"3441",-7525.36
"3442",-7734.093
"3443",-7499.192
"3444",-7581.252
"3445",-7806.712
"3446",-7598.168
"3447",-7593.008
"3448",-7615.017
"3449",-7653.856
"3450",-7594.709
"3451",-7762.547
"3452",-7694.586
"3453",-7765.134
"3454",-7644.173
"3455",-7510.013
"3456",-7553.018
"3457",-7467.834
"3458",-7562.651
"3459",-7712.231
"3460",-7737.591
"3461",-7651.483
"3462",-7626.351
"3463",-7756.286
"3464",-7529.434
"3465",-7642.878
"3466",-7634.129
"3467",-7637.718
"3468",-7605.177
"3469",-7589.106
"3470",-7654.841
"3471",-7741.177
"3472",-7577.604
"3473",-7720.903
"3474",-7384.343
"3475",-7685.299
"3476",-7777.718
"3477",-7670.424
"3478",-7738.856
"3479",-7731.274
"3480",-7684.875
"3481",-7644.065
"3482",-7761.591
"3483",-7552.581
"3484",-7676.645
"3485",-7780.509
"3486",-7778.283
"3487",-7621.182
"3488",-7676.443
"3489",-7691.451
"3490",-7697.108
"3491",-7608.879
"3492",-7607.666
"3493",-7567.294
"3494",-7805.904
"3495",-7529.791
"3496",-7409.105
"3497",-7633.615
"3498",-7598.229
"3499",-7598.527
"3500",-7565.329
"3501",-7700.361
"3502",-7569.086
"3503",-7568.167
"3504",-7604.134
"3505",-7691.697
"3506",-7672.802
"3507",-7580.025
"3508",-7797.714
"3509",-7468.408
"3510",-7448.205
"3511",-7702.552
"3512",-7694.926
"3513",-7650.91
"3514",-7516.013
"3515",-7521.249
"3516",-7539.637
"3517",-7540.777
"3518",-7565.908
"3519",-7740.775
"3520",-7652
"3521",-7792.464
"3522",-7780.138
"3523",-7680.909
"3524",-7897.457
"3525",-7857.511
"3526",-7515.018
"3527",-7437.458
"3528",-7613.25
"3529",-7753.595
"3530",-7626.37
"3531",-7750.142
"3532",-7564.946
"3533",-7698.946
"3534",-7537.109
"3535",-7799.4
"3536",-7486.419
"3537",-7714.896
"3538",-7499.429
"3539",-7659.511
"3540",-7788.618
"3541",-7820.311
"3542",-7547.314
"3543",-7492.971
"3544",-7672.968
"3545",-7821.676
"3546",-7556.903
"3547",-7656.907
"3548",-7677.405
"3549",-7609.469
"3550",-7760.076
"3551",-7640.1
"3552",-7705.523
"3553",-7600.534
"3554",-7783.724
"3555",-7704.166
"3556",-7802.849
"3557",-7682.254
"3558",-7673.83
"3559",-7417.163
"3560",-7601.481
"3561",-7485.387
"3562",-7618.317
"3563",-7781.637
"3564",-7615.825
"3565",-7727.49
"3566",-7819.134
"3567",-7795.718
"3568",-7527.646
"3569",-7270.432
"3570",-7754.328
"3571",-7694.304
"3572",-7618.35
"3573",-7611.139
"3574",-7640.9
"3575",-7642.829
"3576",-7878.739
"3577",-7632.543
"3578",-7678.863
"3579",-7805.383
"3580",-7554.363
"3581",-7670.707
"3582",-7454.129
"3583",-7661.288
"3584",-7494.385
"3585",-7586.008
"3586",-7691.738
"3587",-7606.836
"3588",-7637.185
"3589",-7657.771
"3590",-7634.587
"3591",-7623.201
"3592",-7616.625
"3593",-7590.962
"3594",-7630.173
"3595",-7703.046
"3596",-7748.593
"3597",-7762.717
"3598",-7584.585
"3599",-7540.355
"3600",-7721.545
"3601",-7671.331
"3602",-7541.772
"3603",-7770.651
"3604",-7498.963
"3605",-7703.357
"3606",-7647.695
"3607",-7545.995
"3608",-7806.494
"3609",-7651.407
"3610",-7554.574
"3611",-7637.905
"3612",-7609.168
"3613",-7849.779
"3614",-7689.973
"3615",-7709.32
"3616",-7609.266
"3617",-7547.787
"3618",-7492.774
"3619",-7674.038
"3620",-7717.406
"3621",-7679.676
"3622",-7613.11
"3623",-7615.633
"3624",-7571.995
"3625",-7742.547
"3626",-7676.793
"3627",-7658.641
"3628",-7787.3
"3629",-7670.913
"3630",-7559.798
"3631",-7583.612
"3632",-7632.091
"3633",-7701.551
"3634",-7727.365
"3635",-7742.065
"3636",-7547.363
"3637",-7802.422
"3638",-7617.523
"3639",-7624.977
"3640",-7524.857
"3641",-7372.288
"3642",-7552.328
"3643",-7745.026
"3644",-7645.412
"3645",-7633.322
"3646",-7780.379
"3647",-7727.676
"3648",-7749.634
"3649",-7584.466
"3650",-7733.977
"3651",-7711.675
"3652",-7719.241
"3653",-7732.417
"3654",-7785.714
"3655",-7642.102
"3656",-7588.904
"3657",-7630.379
"3658",-7592.874
"3659",-7694.904
"3660",-7742.691
"3661",-7747.339
"3662",-7620.983
"3663",-7626.155
"3664",-7370.221
"3665",-7640.066
"3666",-7639.013
"3667",-7663.66
"3668",-7589.062
"3669",-7536.627
"3670",-7517.937
"3671",-7641.108
"3672",-7435.571
"3673",-7544.131
"3674",-7658.034
"3675",-7700.707
"3676",-7695.799
"3677",-7811.123
"3678",-7513.974
"3679",-7699.007
"3680",-7795.051
"3681",-7775.874
"3682",-7516.873
"3683",-7825.305
"3684",-7739.863
"3685",-7759.735
"3686",-7487.67
"3687",-7637.728
"3688",-7709.499
"3689",-7579.596
"3690",-7763.508
"3691",-7655.172
"3692",-7694.038
"3693",-7470.328
"3694",-7849.644
"3695",-7663.684
"3696",-7546.741
"3697",-7808.064
"3698",-7465.107
"3699",-7560.208
"3700",-7565.951
"3701",-7845.892
"3702",-7672.981
"3703",-7756.205
"3704",-7718.446
"3705",-7563.752
"3706",-7700.285
"3707",-7554.593
"3708",-7583.288
"3709",-7655.343
"3710",-7764.344
"3711",-7652.914
"3712",-7612.774
"3713",-7598.115
"3714",-7813.491
"3715",-7686.573
"3716",-7787.463
"3717",-7605.337
"3718",-7736.035
"3719",-7625.871
"3720",-7609.271
"3721",-7572.53
"3722",-7672.048
"3723",-7573.273
"3724",-7733.066
"3725",-7671.77
"3726",-7772.863
"3727",-7537.297
"3728",-7619.039
"3729",-7588.164
"3730",-7590.082
"3731",-7653.758
"3732",-7738.944
"3733",-7516.377
"3734",-7521.51
"3735",-7829.706
"3736",-7506.041
"3737",-7797.624
"3738",-7579.549
"3739",-7549.578
"3740",-7547.361
"3741",-7518.684
"3742",-7758.894
"3743",-7631.081
"3744",-7573.489
"3745",-7750.327
"3746",-7837.888
"3747",-7572.781
"3748",-7587.767
"3749",-7647.088
"3750",-7702.619
"3751",-7627.27
"3752",-7487.703
"3753",-7658.003
"3754",-7749.143
"3755",-7679.134
"3756",-7506.425
"3757",-7678.084
"3758",-7698.063
"3759",-7615.693
"3760",-7635.94
"3761",-7671.076
"3762",-7746.946
"3763",-7582.902
"3764",-7595.117
"3765",-7657.504
"3766",-7755.932
"3767",-7705.814
"3768",-7595.641
"3769",-7764.472
"3770",-7562.111
"3771",-7732.707
"3772",-7809.566
"3773",-7640.354
"3774",-7701.715
"3775",-7508.457
"3776",-7735.899
"3777",-7645.276
"3778",-7772.155
"3779",-7491.116
"3780",-7651.164
"3781",-7574.488
"3782",-7644.51
"3783",-7555.418
"3784",-7582.378
"3785",-7487.593
"3786",-7758.589
"3787",-7738.687
"3788",-7664.546
"3789",-7787.644
"3790",-7590.282
"3791",-7723.19
"3792",-7533.478
"3793",-7774.709
"3794",-7726.545
"3795",-7584.831
"3796",-7484.595
"3797",-7667.634
"3798",-7642.359
"3799",-7681.17
"3800",-7742.795
"3801",-7676.905
"3802",-7728.207
"3803",-7514.175
"3804",-7515.733
"3805",-7549.345
"3806",-7793.438
"3807",-7570.991
"3808",-7619.339
"3809",-7768.725
"3810",-7875.88
"3811",-7564.614
"3812",-7735.355
"3813",-7588.659
"3814",-7554.867
"3815",-7613.642
"3816",-7578.557
"3817",-7742.646
"3818",-7652.963
"3819",-7631.301
"3820",-7881.497
"3821",-7573.052
"3822",-7618.058
"3823",-7626.076
"3824",-7456.835
"3825",-7595.544
"3826",-7773.243
"3827",-7460.135
"3828",-7782.505
"3829",-7785.974
"3830",-7665.753
"3831",-7563.629
"3832",-7536.962
"3833",-7663.958
"3834",-7529.59
"3835",-7652.875
"3836",-7695.856
"3837",-7612.532
"3838",-7609.525
"3839",-7666.585
"3840",-7577.984
"3841",-7737.729
"3842",-7815.444
"3843",-7416.12
"3844",-7696.437
"3845",-7624.264
"3846",-7576.818
"3847",-7540.206
"3848",-7680.738
"3849",-7593.502
"3850",-7482.217
"3851",-7684.198
"3852",-7793.506
"3853",-7598.206
"3854",-7653.656
"3855",-7654.007
"3856",-7737.665
"3857",-7697.648
"3858",-7707.264
"3859",-7642.299
"3860",-7393.213
"3861",-7940.762
"3862",-7645.872
"3863",-7546.684
"3864",-7535.173
"3865",-7832.6
"3866",-7570.008
"3867",-7611.681
"3868",-7710.922
"3869",-7765.831
"3870",-7473.55
"3871",-7633.642
"3872",-7548.178
"3873",-7774.143
"3874",-7649.6
"3875",-7725.742
"3876",-7624.425
"3877",-7690.201
"3878",-7637.886
"3879",-7473.467
"3880",-7545.285
"3881",-7606.229
"3882",-7746.935
"3883",-7606.52
"3884",-7713.187
"3885",-7731.139
"3886",-7594.658
"3887",-7790.746
"3888",-7616.383
"3889",-7751.06
"3890",-7783.513
"3891",-7677.237
"3892",-7748.056
"3893",-7752.688
"3894",-7618.536
"3895",-7741.972
"3896",-7670.693
"3897",-7854.615
"3898",-7511.916
"3899",-7320.558
"3900",-7539.327
"3901",-7654.83
"3902",-7644.66
"3903",-7595.252
"3904",-7643.009
"3905",-7630.057
"3906",-7669.564
"3907",-7590.406
"3908",-7689.189
"3909",-7683.809
"3910",-7648.125
"3911",-7633.83
"3912",-7681.768
"3913",-7665.844
"3914",-7533.89
"3915",-7752.795
"3916",-7574.7
"3917",-7634.411
"3918",-7638.976
"3919",-7826.472
"3920",-7676.262
"3921",-7643.19
"3922",-7685.614
"3923",-7689.421
"3924",-7492.253
"3925",-7604.977
"3926",-7672.752
"3927",-7709.746
"3928",-7644.307
"3929",-7545.581
"3930",-7924.04
"3931",-7669.754
"3932",-7529.114
"3933",-7489.809
"3934",-7681.175
"3935",-7644.317
"3936",-7562.378
"3937",-7656.033
"3938",-7890.951
"3939",-7535.652
"3940",-7768.442
"3941",-7689.463
"3942",-7568.87
"3943",-7668.692
"3944",-7661.868
"3945",-7534.051
"3946",-7543.392
"3947",-7760.267
"3948",-7609.964
"3949",-7752.989
"3950",-7665.401
"3951",-7554.899
"3952",-7715.649
"3953",-7576.889
"3954",-7893.667
"3955",-7567.36
"3956",-7428.047
"3957",-7472.598
"3958",-7667.85
"3959",-7599.108
"3960",-7732.708
"3961",-7749.75
"3962",-7634.035
"3963",-7655.094
"3964",-7671.493
"3965",-7746.057
"3966",-7662.941
"3967",-7586.946
"3968",-7582.994
"3969",-7584.705
"3970",-7557.793
"3971",-7586.52
"3972",-7576.8
"3973",-7536.343
"3974",-7619.734
"3975",-7551.258
"3976",-7653.948
"3977",-7519.967
"3978",-7686.125
"3979",-7653.71
"3980",-7627.701
"3981",-7472.12
"3982",-7511.837
"3983",-7635.782
"3984",-7633.976
"3985",-7796.724
"3986",-7465.793
"3987",-7678.488
"3988",-7614.336
"3989",-7649.19
"3990",-7783.16
"3991",-7707.883
"3992",-7755.616
"3993",-7523.019
"3994",-7690.27
"3995",-7592.682
"3996",-7732.289
"3997",-7667.049
"3998",-7760.803
"3999",-7603.24
"4000",-7593.973
"4001",-7613.086
"4002",-7652.572
"4003",-7592.066
"4004",-7832.194
"4005",-7582.492
"4006",-7718.55
"4007",-7653.871
"4008",-7684.044
"4009",-7591.821
"4010",-7445.579
"4011",-7797.182
"4012",-7644.807
"4013",-7648.972
"4014",-7700.192
"4015",-7347.174
"4016",-7591.622
"4017",-7640.814
"4018",-7653.123
"4019",-7757.314
"4020",-7637.58
"4021",-7667.069
"4022",-7785.53
"4023",-7619.457
"4024",-7652.624
"4025",-7552.136
"4026",-7629.217
"4027",-7504.885
"4028",-7609.416
"4029",-7666.159
"4030",-7668.877
"4031",-7542.701
"4032",-7754.346
"4033",-7662.582
"4034",-7702.397
"4035",-7627.881
"4036",-7666.294
"4037",-7779.387
"4038",-7834.591
"4039",-7726.337
"4040",-7722.661
"4041",-7791.241
"4042",-7666.957
"4043",-7655.618
"4044",-7442.032
"4045",-7721.232
"4046",-7549.546
"4047",-7656.666
"4048",-7746.205
"4049",-7726.236
"4050",-7516.21
"4051",-7794.047
"4052",-7494.362
"4053",-7806.397
"4054",-7690.551
"4055",-7660.444
"4056",-7834.037
"4057",-7426.805
"4058",-7691.406
"4059",-7679.312
"4060",-7663.102
"4061",-7667.22
"4062",-7405.358
"4063",-7569.128
"4064",-7800.384
"4065",-7682.681
"4066",-7522.849
"4067",-7716.665
"4068",-7807.841
"4069",-7646.522
"4070",-7765.699
"4071",-7751.614
"4072",-7694.672
"4073",-7671.728
"4074",-7742.401
"4075",-7743
"4076",-7667.415
"4077",-7754.227
"4078",-7697.166
"4079",-7448.456
"4080",-7729.28
"4081",-7592.195
"4082",-7594.33
"4083",-7755.007
"4084",-7619.996
"4085",-7560.311
"4086",-7616.636
"4087",-7659.759
"4088",-7634.497
"4089",-7891.678
"4090",-7458.024
"4091",-7699.198
"4092",-7742.88
"4093",-7629.511
"4094",-7766.346
"4095",-7707.742
"4096",-7635.544
"4097",-7637.409
"4098",-7590.327
"4099",-7659.086
"4100",-7414.384
"4101",-7650.727
"4102",-7699.273
"4103",-7615.105
"4104",-7566.974
"4105",-7774.152
"4106",-7481.615
"4107",-7545.865
"4108",-7600.333
"4109",-7609.76
"4110",-7650.372
"4111",-7557.216
"4112",-7626.345
"4113",-7571.266
"4114",-7715.636
"4115",-7576.498
"4116",-7637.91
"4117",-7818.376
"4118",-7666.966
"4119",-7734.574
"4120",-7539.142
"4121",-7722.218
"4122",-7566.801
"4123",-7725.024
"4124",-7581.11
"4125",-7651.049
"4126",-7694.384
"4127",-7768.407
"4128",-7671.096
"4129",-7644.507
"4130",-7547.28
"4131",-7749.286
"4132",-7742.064
"4133",-7652.656
"4134",-7701.135
"4135",-7664.847
"4136",-7662.059
"4137",-7637.323
"4138",-7682.828
"4139",-7634.966
"4140",-7647.744
"4141",-7634.977
"4142",-7532.028
"4143",-7563.344
"4144",-7813.611
"4145",-7790.418
"4146",-7801.36
"4147",-7493.273
"4148",-7639.161
"4149",-7458.381
"4150",-7741.425
"4151",-7653.319
"4152",-7584.03
"4153",-7632.783
"4154",-7756.916
"4155",-7843.307
"4156",-7586.786
"4157",-7575.837
"4158",-7848.728
"4159",-7571.986
"4160",-7611.723
"4161",-7675.973
"4162",-7512.515
"4163",-7627.407
"4164",-7705.388
"4165",-7624.556
"4166",-7650.431
"4167",-7638.219
"4168",-7632.608
"4169",-7626.557
"4170",-7879.18
"4171",-7753.609
"4172",-7750.517
"4173",-7649.678
"4174",-7677.725
"4175",-7517.214
"4176",-7543.682
"4177",-7743.618
"4178",-7672.419
"4179",-7730.478
"4180",-7557.915
"4181",-7854.503
"4182",-7715.077
"4183",-7524.033
"4184",-7596.121
"4185",-7541.175
"4186",-7451.337
"4187",-7490.025
"4188",-7712.558
"4189",-7752.816
"4190",-7333.293
"4191",-7721.225
"4192",-7602.872
"4193",-7632.802
"4194",-7576.227
"4195",-7897.812
"4196",-7582.811
"4197",-7547.839
"4198",-7575.146
"4199",-7617.632
"4200",-7783.179
"4201",-7691.284
"4202",-7644.503
"4203",-7588.289
"4204",-7691.289
"4205",-7673.008
"4206",-7792.009
"4207",-7652.15
"4208",-7573.65
"4209",-7798.193
"4210",-7696.569
"4211",-7665.324
"4212",-7985.713
"4213",-7619.252
"4214",-7644.609
"4215",-7820.141
"4216",-7564.082
"4217",-7554.452
"4218",-7775.519
"4219",-7686.805
"4220",-7896.654
"4221",-7575.196
"4222",-7499.359
"4223",-7675.329
"4224",-7588.965
"4225",-7692.214
"4226",-7484.639
"4227",-7840.995
"4228",-7803.171
"4229",-7601.003
"4230",-7722.472
"4231",-7497.011
"4232",-7503.327
"4233",-7527.309
"4234",-7684.796
"4235",-7666.858
"4236",-7836.173
"4237",-7633.571
"4238",-7628.502
"4239",-7580.875
"4240",-7777.279
"4241",-7700.719
"4242",-7646.806
"4243",-7764.689
"4244",-7620.819
"4245",-7827.936
"4246",-7757.167
"4247",-7550.804
"4248",-7599.06
"4249",-7726.707
"4250",-7731.91
"4251",-7691.737
"4252",-7876.688
"4253",-7626.217
"4254",-7852.136
"4255",-7773.154
"4256",-7564.588
"4257",-7576.589
"4258",-7650.883
"4259",-7721.728
"4260",-7654.095
"4261",-7796.562
"4262",-7587.089
"4263",-7543.441
"4264",-7702.303
"4265",-7657.812
"4266",-7513.804
"4267",-7691.621
"4268",-7411.999
"4269",-7652.816
"4270",-7586.455
"4271",-7698.341
"4272",-7542.75
"4273",-7801.329
"4274",-7443.059
"4275",-7561.666
"4276",-7564.614
"4277",-7591.012
"4278",-7837.274
"4279",-7637.285
"4280",-7633.726
"4281",-7640.636
"4282",-7589.412
"4283",-7742.788
"4284",-7717.389
"4285",-7560.969
"4286",-7666.714
"4287",-7897.323
"4288",-7572.709
"4289",-7438.499
"4290",-7698.911
"4291",-7594.603
"4292",-7785.605
"4293",-7734.855
"4294",-7517.87
"4295",-7703.239
"4296",-7526.806
"4297",-7587.102
"4298",-7514.555
"4299",-7534.284
"4300",-7833.557
"4301",-7583.059
"4302",-7550.312
"4303",-7650.161
"4304",-7707.948
"4305",-7430.085
"4306",-7689.538
"4307",-7765.884
"4308",-7673.55
"4309",-7551.045
"4310",-7709.163
"4311",-7668.984
"4312",-7643.552
"4313",-7682.564
"4314",-7877.662
"4315",-7707.54
"4316",-7523.128
"4317",-7664.784
"4318",-7767.05
"4319",-7441.912
"4320",-7534.982
"4321",-7614.438
"4322",-7655.578
"4323",-7613.203
"4324",-7606.813
"4325",-7754.355
"4326",-7748.729
"4327",-7672.896
"4328",-7598.301
"4329",-7589.258
"4330",-7732.279
"4331",-7554.224
"4332",-7631.128
"4333",-7589.069
"4334",-7629.518
"4335",-7583.554
"4336",-7648.601
"4337",-7514.335
"4338",-7433.123
"4339",-7893.181
"4340",-7548.572
"4341",-7542.601
"4342",-7499.7
"4343",-7551.429
"4344",-7670.296
"4345",-7758.452
"4346",-7679.948
"4347",-7726.621
"4348",-7648.673
"4349",-7489.258
"4350",-7542.119
"4351",-7585.165
"4352",-7610.757
"4353",-7440.935
"4354",-7705.058
"4355",-7583.461
"4356",-7426.772
"4357",-7717.333
"4358",-7667.098
"4359",-7567.04
"4360",-7569.472
"4361",-7615.895
"4362",-7842.566
"4363",-7693.426
"4364",-7964.462
"4365",-7646.14
"4366",-7624.112
"4367",-7738.374
"4368",-7524.907
"4369",-7672.476
"4370",-7740.986
"4371",-7885.646
"4372",-7636.184
"4373",-7796.11
"4374",-7459.83
"4375",-7601.957
"4376",-7775.981
"4377",-7563.385
"4378",-7612.897
"4379",-7555.714
"4380",-7709.625
"4381",-7728.59
"4382",-7896.663
"4383",-7865.815
"4384",-7665.88
"4385",-7654.478
"4386",-7656.699
"4387",-7550.201
"4388",-7681.748
"4389",-7688.813
"4390",-7744.261
"4391",-7614.518
"4392",-7581.75
"4393",-7626.964
"4394",-7800.276
"4395",-7628.121
"4396",-7556.325
"4397",-7628.821
"4398",-7615.018
"4399",-7707.612
"4400",-7843.928
"4401",-7626.889
"4402",-7693.331
"4403",-7582.859
"4404",-7503.996
"4405",-7581.805
"4406",-7597.164
"4407",-7699.955
"4408",-7765.193
"4409",-7677.395
"4410",-7483.194
"4411",-7520.902
"4412",-7683.516
"4413",-7650.631
"4414",-7783.738
"4415",-7595.602
"4416",-7589.295
"4417",-7677.89
"4418",-7818.719
"4419",-7692.182
"4420",-7786.566
"4421",-7740.324
"4422",-7851.505
"4423",-7605.282
"4424",-7720.081
"4425",-7688.071
"4426",-7752.877
"4427",-7723.248
"4428",-7626.198
"4429",-7751.444
"4430",-7630.753
"4431",-7610.529
"4432",-7813.288
"4433",-7602.885
"4434",-7807.829
"4435",-7750.221
"4436",-7547.404
"4437",-7788.972
"4438",-7700.104
"4439",-7732.503
"4440",-7642.041
"4441",-7566.611
"4442",-7715.615
"4443",-7639.621
"4444",-7691.64
"4445",-7710.992
"4446",-7660.372
"4447",-7768.147
"4448",-7703.507
"4449",-7521.058
"4450",-7753.652
"4451",-7594.322
"4452",-7588.785
"4453",-7868.192
"4454",-7764.429
"4455",-7946.339
"4456",-7795.622
"4457",-7740.914
"4458",-7738.045
"4459",-7827.782
"4460",-7707.157
"4461",-7580.528
"4462",-7652.037
"4463",-7772.052
"4464",-7593.815
"4465",-7523.7
"4466",-7572.019
"4467",-7623.827
"4468",-7795.812
"4469",-7493.082
"4470",-7612.015
"4471",-7789.386
"4472",-7657.272
"4473",-7527.895
"4474",-7558.17
"4475",-7726.938
"4476",-7674.909
"4477",-7618.858
"4478",-7691.641
"4479",-7577.794
"4480",-7747.978
"4481",-7661.651
"4482",-7529.941
"4483",-7660.631
"4484",-7707.921
"4485",-7697.403
"4486",-7581.241
"4487",-7762.93
"4488",-7501.27
"4489",-7658.343
"4490",-7462.019
"4491",-7528.264
"4492",-7468.835
"4493",-7685.451
"4494",-7688.252
"4495",-7845.475
"4496",-7756.87
"4497",-7685.124
"4498",-7511.716
"4499",-7637.756
"4500",-7638.307
"4501",-7659.479
"4502",-7629.989
"4503",-7697.501
"4504",-7644.683
"4505",-7607.265
"4506",-7733.414
"4507",-7684.12
"4508",-7643.496
"4509",-7552.957
"4510",-7605.193
"4511",-7706.493
"4512",-7839.715
"4513",-7752.747
"4514",-7654.917
"4515",-7776.508
"4516",-7736.5
"4517",-7648.097
"4518",-7717.95
"4519",-7810.833
"4520",-7778.246
"4521",-7552.62
"4522",-7582.697
"4523",-7575.412
"4524",-7782.725
"4525",-7567.309
"4526",-7490.515
"4527",-7521.453
"4528",-7598.405
"4529",-7725.402
"4530",-7586.306
"4531",-7623.401
"4532",-7554.642
"4533",-7433.042
"4534",-7553.648
"4535",-7785.166
"4536",-7646.522
"4537",-7601.201
"4538",-7502.232
"4539",-7536.333
"4540",-7780.216
"4541",-7534.035
"4542",-7768.905
"4543",-7584.001
"4544",-7694.202
"4545",-7553.542
"4546",-7577.489
"4547",-7696.327
"4548",-7623.125
"4549",-7692.604
"4550",-7634.448
"4551",-7574.645
"4552",-7769.134
"4553",-7619.995
"4554",-7833.252
"4555",-7444.201
"4556",-7716.761
"4557",-7633.218
"4558",-7623.309
"4559",-7534.277
"4560",-7584.224
"4561",-7647.367
"4562",-7749.758
"4563",-7573.127
"4564",-7529.837
"4565",-7546.146
"4566",-7681.189
"4567",-7728.194
"4568",-7799.551
"4569",-7500.601
"4570",-7660.702
"4571",-7687.271
"4572",-7653.582
"4573",-7626.919
"4574",-7600.96
"4575",-7619.764
"4576",-7641.089
"4577",-7465.281
"4578",-7615.313
"4579",-7670.581
"4580",-7557.04
"4581",-7639.97
"4582",-7658.831
"4583",-7617.547
"4584",-7731.566
"4585",-7646.661
"4586",-7603.198
"4587",-7749.167
"4588",-7453.032
"4589",-7861.293
"4590",-7607.01
"4591",-7621.224
"4592",-7629.528
"4593",-7802.058
"4594",-7867.658
"4595",-7743.441
"4596",-7656.195
"4597",-7768.405
"4598",-7707.416
"4599",-7685.615
"4600",-7459.217
"4601",-7590.794
"4602",-7802.051
"4603",-7522.821
"4604",-7589.618
"4605",-7739.446
"4606",-7869.027
"4607",-7774.513
"4608",-7607.056
"4609",-7910.265
"4610",-7784.178
"4611",-7711.392
"4612",-7350.38
"4613",-7554.313
"4614",-7874.389
"4615",-7607.775
"4616",-7793.086
"4617",-7631.335
"4618",-7747.284
"4619",-7677.486
"4620",-7744.693
"4621",-7470.289
"4622",-7688.917
"4623",-7636.196
"4624",-7762.821
"4625",-7630.643
"4626",-7673.17
"4627",-7724.476
"4628",-7659.751
"4629",-7723.698
"4630",-7427.414
"4631",-7732.869
"4632",-7669.86
"4633",-7709.516
"4634",-7603.85
"4635",-7585.943
"4636",-7729.419
"4637",-7598.643
"4638",-7688.488
"4639",-7563.203
"4640",-7368.214
"4641",-7522.921
"4642",-7664.771
"4643",-7594.6
"4644",-7676.312
"4645",-7575.11
"4646",-7705.12
"4647",-7507.537
"4648",-7663.118
"4649",-7585.058
"4650",-7659.586
"4651",-7626.32
"4652",-7504.88
"4653",-7798.693
"4654",-7498.778
"4655",-7675.39
"4656",-7623.29
"4657",-7666.182
"4658",-7601.447
"4659",-7735.083
"4660",-7581.635
"4661",-7621.068
"4662",-7692.043
"4663",-7828.353
"4664",-7649.804
"4665",-7378.306
"4666",-7581.861
"4667",-7567.586
"4668",-7769.403
"4669",-7691.907
"4670",-7740.835
"4671",-7729.61
"4672",-7760.471
"4673",-7580.99
"4674",-7665.442
"4675",-7629.041
"4676",-7656.8
"4677",-7590.599
"4678",-7554.709
"4679",-7691.402
"4680",-7878.479
"4681",-7583.909
"4682",-7738.927
"4683",-7508.302
"4684",-7534.002
"4685",-7538.19
"4686",-7615.976
"4687",-7765.768
"4688",-7495.024
"4689",-7786.818
"4690",-7613.109
"4691",-7618.74
"4692",-7630.182
"4693",-7759.709
"4694",-7812.971
"4695",-7488.549
"4696",-7652.202
"4697",-7640.584
"4698",-7789.166
"4699",-7769.722
"4700",-7563.617
"4701",-7606.188
"4702",-7643.898
"4703",-7672.718
"4704",-7799.224
"4705",-7568.87
"4706",-7720.247
"4707",-7787.986
"4708",-7664.952
"4709",-7642.132
"4710",-7727.16
"4711",-7806.263
"4712",-7773.907
"4713",-7559.87
"4714",-7590.736
"4715",-7590.577
"4716",-7711.758
"4717",-7694.918
"4718",-7471.295
"4719",-7434.131
"4720",-7501.732
"4721",-7692.604
"4722",-7661.973
"4723",-7684.014
"4724",-7770.438
"4725",-7663.984
"4726",-7634.208
"4727",-7551.929
"4728",-7646.869
"4729",-7513.709
"4730",-7493.806
"4731",-7608.469
"4732",-7736.745
"4733",-7736.02
"4734",-7704.274
"4735",-7756.94
"4736",-7692.449
"4737",-7553.448
"4738",-7629.114
"4739",-7736.831
"4740",-7522.819
"4741",-7777.579
"4742",-7650.588
"4743",-7361.357
"4744",-7698.122
"4745",-7699.287
"4746",-7493.431
"4747",-7541.559
"4748",-7815.595
"4749",-7741.192
"4750",-7670.042
"4751",-7533.649
"4752",-7760.07
"4753",-7471.28
"4754",-7491.598
"4755",-7890.79
"4756",-7545.791
"4757",-7512.627
"4758",-7680.317
"4759",-7965.629
"4760",-7644.487
"4761",-7486.847
"4762",-7654.106
"4763",-7696.459
"4764",-7601.703
"4765",-7555.069
"4766",-7648.21
"4767",-7374.897
"4768",-7835.739
"4769",-7797.907
"4770",-7654.171
"4771",-7414.743
"4772",-7729.626
"4773",-7635.711
"4774",-7641.479
"4775",-7692.333
"4776",-7736.406
"4777",-7495.62
"4778",-7658.142
"4779",-7790.112
"4780",-7732.316
"4781",-7432.255
"4782",-7582.222
"4783",-7798.935
"4784",-7484.634
"4785",-7822.479
"4786",-7667.285
"4787",-7532.172
"4788",-7739.485
"4789",-7743.076
"4790",-7605.645
"4791",-7714.898
"4792",-7569.567
"4793",-7812.186
"4794",-7607.353
"4795",-7585.195
"4796",-7575.045
"4797",-7656.934
"4798",-7785.641
"4799",-7749.949
"4800",-7641.057
"4801",-7591.915
"4802",-7759.345
"4803",-7669.91
"4804",-7589.723
"4805",-7620.128
"4806",-7500.877
"4807",-7620.313
"4808",-7745.256
"4809",-7650.002
"4810",-7647.319
"4811",-7716.269
"4812",-7722.829
"4813",-7608.886
"4814",-7389.675
"4815",-7620.169
"4816",-7678.869
"4817",-7636.848
"4818",-7768.688
"4819",-7629.085
"4820",-7520.168
"4821",-7740.035
"4822",-7641.85
"4823",-7718.081
"4824",-7679.507
"4825",-7588.187
"4826",-7595.243
"4827",-7476.07
"4828",-7583.062
"4829",-7577.232
"4830",-7462.659
"4831",-7636.888
"4832",-7784.564
"4833",-7662.191
"4834",-7728.071
"4835",-7568.653
"4836",-7526.578
"4837",-7710.928
"4838",-7743.284
"4839",-7692.64
"4840",-7551.6
"4841",-7545.358
"4842",-7627.885
"4843",-7758.77
"4844",-7695.198
"4845",-7716.687
"4846",-7690.933
"4847",-7549.792
"4848",-7652.284
"4849",-7586.375
"4850",-7677.688
"4851",-7705.077
"4852",-7605.413
"4853",-7638.368
"4854",-7601.837
"4855",-7763.28
"4856",-7665.397
"4857",-7725.894
"4858",-7806.875
"4859",-7584.418
"4860",-7627.904
"4861",-7710.995
"4862",-7847.013
"4863",-7755.617
"4864",-7635.423
"4865",-7584.266
"4866",-7655.156
"4867",-7726.515
"4868",-7687.74
"4869",-7738.202
"4870",-7774.519
"4871",-7819.856
"4872",-7662.503
"4873",-7638.621
"4874",-7571.957
"4875",-7917.454
"4876",-7565.337
"4877",-7534.776
"4878",-7554.827
"4879",-7750.784
"4880",-7725.696
"4881",-7874.915
"4882",-7639.23
"4883",-7928.112
"4884",-7639.437
"4885",-7810.485
"4886",-7742.243
"4887",-7519.808
"4888",-7557.333
"4889",-7529.131
"4890",-7647.401
"4891",-7781.383
"4892",-7621.131
"4893",-7500.95
"4894",-7471.205
"4895",-7740.102
"4896",-7654.163
"4897",-7513.506
"4898",-7741.04
"4899",-7715.249
"4900",-7742.733
"4901",-7740.42
"4902",-7788.185
"4903",-7596.004
"4904",-7565.607
"4905",-7435.613
"4906",-7751.429
"4907",-7721.585
"4908",-7659.126
"4909",-7859.341
"4910",-7620.619
"4911",-7763.451
"4912",-7655.003
"4913",-7674.35
"4914",-7680.499
"4915",-7643.244
"4916",-7576.504
"4917",-7732.175
"4918",-7617.447
"4919",-7552.224
"4920",-7630.107
"4921",-7498.294
"4922",-7603.973
"4923",-7652.116
"4924",-7743.346
"4925",-7546.599
"4926",-7659.924
"4927",-7619.063
"4928",-7506.393
"4929",-7628.04
"4930",-7726.766
"4931",-7743.522
"4932",-7598.005
"4933",-7694.533
"4934",-7695.842
"4935",-7611.686
"4936",-7759.12
"4937",-7556.987
"4938",-7830.428
"4939",-7805.749
"4940",-7494.377
"4941",-7636.495
"4942",-7789.134
"4943",-7650.077
"4944",-7473.109
"4945",-7705.15
"4946",-7595.043
"4947",-7498.894
"4948",-7463.352
"4949",-7664.769
"4950",-7606.93
"4951",-7581.224
"4952",-7613.159
"4953",-7872.754
"4954",-7638.234
"4955",-7653.328
"4956",-7571.669
"4957",-7601.033
"4958",-7638.206
"4959",-7728.633
"4960",-7698.649
"4961",-7395.276
"4962",-7732.812
"4963",-7609.654
"4964",-7514.521
"4965",-7815.182
"4966",-7559.68
"4967",-7815.213
"4968",-7560.091
"4969",-7704.167
"4970",-7772.704
"4971",-7559.288
"4972",-7727.969
"4973",-7495.505
"4974",-7507.453
"4975",-7634.819
"4976",-7659.249
"4977",-7790.959
"4978",-7676.21
"4979",-7633.747
"4980",-7664.618
"4981",-7729.404
"4982",-7769.957
"4983",-7635.12
"4984",-7671.21
"4985",-7618.639
"4986",-7498.335
"4987",-7724.986
"4988",-7512.518
"4989",-7625.678
"4990",-7665.158
"4991",-7666.979
"4992",-7638
"4993",-7859.498
"4994",-7767.233
"4995",-7638.381
"4996",-7546.266
"4997",-7620.721
"4998",-7782.539
"4999",-7672.625
"5000",-7784.491
"5001",-7682.73
"5002",-7718.13
"5003",-7539.453
"5004",-7516.51
"5005",-7786.68
"5006",-7510.759
"5007",-7637.888
"5008",-7873.631
"5009",-7569.289
"5010",-7477.535
"5011",-7730.548
"5012",-7507.003
"5013",-7739.345
"5014",-7569.078
"5015",-7739.889
"5016",-7603.036
"5017",-7444.914
"5018",-7648.694
"5019",-7846.473
"5020",-7722.277
"5021",-7910.359
"5022",-7663.688
"5023",-7641.685
"5024",-7720.35
"5025",-7690.108
"5026",-7567.858
"5027",-7564.866
"5028",-7513.181
"5029",-7729.346
"5030",-7548.136
"5031",-7419.405
"5032",-7781.03
"5033",-7601.611
"5034",-7657.014
"5035",-7772.169
"5036",-7664.75
"5037",-7624.781
"5038",-7498.854
"5039",-7622.251
"5040",-7644.983
"5041",-7775.069
"5042",-7730.59
"5043",-7682.441
"5044",-7691.932
"5045",-7684.198
"5046",-7758.463
"5047",-7744.922
"5048",-7610.713
"5049",-7645.995
"5050",-7687.449
"5051",-7764.601
"5052",-7670.362
"5053",-7698.275
"5054",-7704.797
"5055",-7591.611
"5056",-7562.714
"5057",-7697.669
"5058",-7681.118
"5059",-7762.844
"5060",-7583.744
"5061",-7844.768
"5062",-7484.534
"5063",-7487.235
"5064",-7775.295
"5065",-7665.826
"5066",-7846.333
"5067",-7638.314
"5068",-7720.054
"5069",-7600.881
"5070",-7638.363
"5071",-7662.343
"5072",-7537.232
"5073",-7681.62
"5074",-7653.723
"5075",-7726.555
"5076",-7801.899
"5077",-7352.082
"5078",-7608.897
"5079",-7776.086
"5080",-7686.952
"5081",-7633.811
"5082",-7587.9
"5083",-7849.359
"5084",-7660.727
"5085",-7488.698
"5086",-7618.336
"5087",-7615.815
"5088",-7615.668
"5089",-7648.138
"5090",-7469.543
"5091",-7643.061
"5092",-7565.009
"5093",-7641.038
"5094",-7573.603
"5095",-7476.794
"5096",-7678.715
"5097",-7726.307
"5098",-7731.181
"5099",-7747.699
"5100",-7515.958
"5101",-7534.075
"5102",-7613.885
"5103",-7698.834
"5104",-7574.139
"5105",-7614.513
"5106",-7595.397
"5107",-7597.01
"5108",-7608.891
"5109",-7547.813
"5110",-7569.273
"5111",-7540.407
"5112",-7461.276
"5113",-7484.832
"5114",-7662.344
"5115",-7561.061
"5116",-7643.935
"5117",-7539.52
"5118",-7604.448
"5119",-7427.753
"5120",-7627.342
"5121",-7512.494
"5122",-7634.964
"5123",-7855.086
"5124",-7663.996
"5125",-7677.031
"5126",-7803.233
"5127",-7586.083
"5128",-7629.899
"5129",-7552.961
"5130",-7753.036
"5131",-7558.601
"5132",-7540.265
"5133",-7744.046
"5134",-7715.462
"5135",-7665.342
"5136",-7533.6
"5137",-7678.081
"5138",-7811.01
"5139",-7565.98
"5140",-7635.998
"5141",-7677.152
"5142",-7454.071
"5143",-7726.526
"5144",-7758.819
"5145",-7544.679
"5146",-7798.757
"5147",-7547.439
"5148",-7614.622
"5149",-7745.976
"5150",-7748.315
"5151",-7449.833
"5152",-7773.844
"5153",-7342.023
"5154",-7763.543
"5155",-7577.162
"5156",-7623.802
"5157",-7631.007
"5158",-7661.72
"5159",-7527.708
"5160",-7869.18
"5161",-7728.175
"5162",-7421.788
"5163",-7701.708
"5164",-7543.357
"5165",-7785.05
"5166",-7710.225
"5167",-7688.655
"5168",-7482.223
"5169",-7540.804
"5170",-7604.879
"5171",-7619.75
"5172",-7611.587
"5173",-7775.949
"5174",-7717.58
"5175",-7518.705
"5176",-7571.732
"5177",-7559.4
"5178",-7837.653
"5179",-7611.967
"5180",-7590.525
"5181",-7567.182
"5182",-7711.664
"5183",-7880.57
"5184",-7647.736
"5185",-7764.015
"5186",-7698.244
"5187",-7835.512
"5188",-7631.125
"5189",-7496.843
"5190",-7514.838
"5191",-7789.656
"5192",-7608.62
"5193",-7671.336
"5194",-7539.67
"5195",-7537.126
"5196",-7497.661
"5197",-7825.638
"5198",-7658.655
"5199",-7675.692
"5200",-7744.496
"5201",-7899.697
"5202",-7747.774
"5203",-7875.976
"5204",-7688.83
"5205",-7723.454
"5206",-7690.084
"5207",-7674.679
"5208",-7701.005
"5209",-7748.51
"5210",-7555.597
"5211",-7651.689
"5212",-7663.743
"5213",-7713.581
"5214",-7794.362
"5215",-7512.226
"5216",-7595.235
"5217",-7584.137
"5218",-7760.019
"5219",-7675.159
"5220",-7513.284
"5221",-7702.083
"5222",-7597.829
"5223",-7847.395
"5224",-7748.795
"5225",-7807.561
"5226",-7662.898
"5227",-7657.416
"5228",-7789.381
"5229",-7469.328
"5230",-7667.398
"5231",-7647.143
"5232",-7404.074
"5233",-7620.407
"5234",-7609.009
"5235",-7565.657
"5236",-7787.61
"5237",-7629.462
"5238",-7752.051
"5239",-7618.942
"5240",-7641.946
"5241",-7605.94
"5242",-7596.617
"5243",-7687.842
"5244",-7509.055
"5245",-7357.804
"5246",-7526.013
"5247",-7542.321
"5248",-7510.529
"5249",-7649.48
"5250",-7528.18
"5251",-7720.35
"5252",-7585.543
"5253",-7757.712
"5254",-7801.908
"5255",-7684.211
"5256",-7601.84
"5257",-7722.485
"5258",-7729.633
"5259",-7649.815
"5260",-7579.469
"5261",-7709.632
"5262",-7632.444
"5263",-7582.697
"5264",-7900.609
"5265",-7547.523
"5266",-7717.292
"5267",-7621.034
"5268",-7630.212
"5269",-7601.244
"5270",-7806.999
"5271",-7458.254
"5272",-7696.532
"5273",-7577.836
"5274",-7678.398
"5275",-7491.887
"5276",-7662.605
"5277",-7614.815
"5278",-7595.461
"5279",-7757.22
"5280",-7547.31
"5281",-7591.446
"5282",-7378.52
"5283",-7598.81
"5284",-7597.591
"5285",-7682.606
"5286",-7640.919
"5287",-7726.98
"5288",-7570.507
"5289",-7758.23
"5290",-7630.996
"5291",-7574.544
"5292",-7699.751
"5293",-7868.307
"5294",-7740.176
"5295",-7794.721
"5296",-7568.442
"5297",-7587.076
"5298",-7806.671
"5299",-7593.147
"5300",-7732.639
"5301",-7572.558
"5302",-7616.234
"5303",-7600.836
"5304",-7812.436
"5305",-7716.953
"5306",-7477.357
"5307",-7819.322
"5308",-7604.704
"5309",-7508.227
"5310",-7665.417
"5311",-7540.662
"5312",-7479.333
"5313",-7695.469
"5314",-7550.549
"5315",-7746.545
"5316",-7580.056
"5317",-7697.281
"5318",-7592.319
"5319",-7761.233
"5320",-7779.928
"5321",-7718.857
"5322",-7723.476
"5323",-7708.91
"5324",-7693.089
"5325",-7712.419
"5326",-7706.449
"5327",-7546.739
"5328",-7661.538
"5329",-7683.355
"5330",-7614.239
"5331",-7573.801
"5332",-7469.932
"5333",-7644.074
"5334",-7644.58
"5335",-7696.16
"5336",-7564.432
"5337",-7665.079
"5338",-7573.543
"5339",-7604.83
"5340",-7636.733
"5341",-7567.604
"5342",-7686.6
"5343",-7598.819
"5344",-7777.452
"5345",-7795.61
"5346",-7611.633
"5347",-7709.156
"5348",-7702.594
"5349",-7754.525
"5350",-7413.138
"5351",-7522.358
"5352",-7674.379
"5353",-7818.587
"5354",-7682.666
"5355",-7604.33
"5356",-7541.793
"5357",-7629.288
"5358",-7659.727
"5359",-7534.304
"5360",-7752.764
"5361",-7618.953
"5362",-7481.09
"5363",-7547.325
"5364",-7625.88
"5365",-7768.243
"5366",-7637.615
"5367",-7642.498
"5368",-7626.215
"5369",-7699.705
"5370",-7834.844
"5371",-7656.729
"5372",-7451.158
"5373",-7700.346
"5374",-7596.105
"5375",-7617.268
"5376",-7650.201
"5377",-7632.028
"5378",-7727.423
"5379",-7700.793
"5380",-7572.098
"5381",-7885.922
"5382",-7559.728
"5383",-7763.694
"5384",-7483.331
"5385",-7676.877
"5386",-7541.527
"5387",-7643.351
"5388",-7671.317
"5389",-7659.378
"5390",-7632.598
"5391",-7756.461
"5392",-7764.106
"5393",-7564.075
"5394",-7662.185
"5395",-7834.141
"5396",-7491.673
"5397",-7779.817
"5398",-7636.857
"5399",-7666.408
"5400",-7672.702
"5401",-7702.288
"5402",-7711.694
"5403",-7403.678
"5404",-7556.336
"5405",-7593.526
"5406",-7808.221
"5407",-7527.289
"5408",-7669.785
"5409",-7518.935
"5410",-7748.303
"5411",-7590.455
"5412",-7642.725
"5413",-7574.231
"5414",-7659.865
"5415",-7534.653
"5416",-7629.913
"5417",-7693.422
"5418",-7572.65
"5419",-7567.463
"5420",-7741.235
"5421",-7633.3
"5422",-7628.011
"5423",-7528.287
"5424",-7696.336
"5425",-7584.342
"5426",-7666.086
"5427",-7702.75
"5428",-7617.858
"5429",-7842.332
"5430",-7503.209
"5431",-7742.78
"5432",-7470.2
"5433",-7723.284
"5434",-7776.795
"5435",-7702.148
"5436",-7648.355
"5437",-7585.514
"5438",-7587.647
"5439",-7757.55
"5440",-7679.275
"5441",-7803.174
"5442",-7611.607
"5443",-7732.137
"5444",-7462.06
"5445",-7637.766
"5446",-7517.077
"5447",-7712.044
"5448",-7753.416
"5449",-7545.804
"5450",-7580.935
"5451",-7599.35
"5452",-7457.844
"5453",-7494.79
"5454",-7643.461
"5455",-7533.91
"5456",-7476.592
"5457",-7514.557
"5458",-7808.269
"5459",-7771.427
"5460",-7732.439
"5461",-7403.516
"5462",-7647.53
"5463",-7673.746
"5464",-7591.542
"5465",-7691.431
"5466",-7668.454
"5467",-7422.954
"5468",-7681.647
"5469",-7638.601
"5470",-7606.819
"5471",-7585.188
"5472",-7620.171
"5473",-7666.358
"5474",-7577.734
"5475",-7618.134
"5476",-7884.19
"5477",-7769.396
"5478",-7639.881
"5479",-7617.124
"5480",-7589.526
"5481",-7749.252
"5482",-7707.54
"5483",-7782.461
"5484",-7487.982
"5485",-7717.579
"5486",-7638.897
"5487",-7542.812
"5488",-7487.843
"5489",-7614.141
"5490",-7756.609
"5491",-7721.092
"5492",-7571.873
"5493",-7611.924
"5494",-7895.068
"5495",-7591.762
"5496",-7877.897
"5497",-7578.35
"5498",-7601.165
"5499",-7574.461
"5500",-7651.378
"5501",-7669.697
"5502",-7440.676
"5503",-7756.536
"5504",-7640.903
"5505",-7771.745
"5506",-7576.564
"5507",-7721.649
"5508",-7640.919
"5509",-7634.749
"5510",-7601.72
"5511",-7688.23
"5512",-7559.211
"5513",-7691.848
"5514",-7567.784
"5515",-7476.588
"5516",-7513.815
"5517",-7605.101
"5518",-7512.328
"5519",-7615.309
"5520",-7701.668
"5521",-7728.056
"5522",-7537.99
"5523",-7378.627
"5524",-7626.942
"5525",-7580.704
"5526",-7683.997
"5527",-7659.996
"5528",-7613.461
"5529",-7587.991
"5530",-7666.956
"5531",-7484.443
"5532",-7695.03
"5533",-7680.897
"5534",-7902.694
"5535",-7626.305
"5536",-7729.01
"5537",-7462.795
"5538",-7424.3
"5539",-7649.303
"5540",-7603.534
"5541",-7708.086
"5542",-7613.933
"5543",-7522.528
"5544",-7616.47
"5545",-7580.452
"5546",-7635.103
"5547",-7642.199
"5548",-7715.617
"5549",-7751.53
"5550",-7626.999
"5551",-7552.682
"5552",-7634.476
"5553",-7711.531
"5554",-7611.338
"5555",-7745.44
"5556",-7549.108
"5557",-7621.195
"5558",-7606.61
"5559",-7611.766
"5560",-7862.544
"5561",-7526.06
"5562",-7808.402
"5563",-7696.492
"5564",-7717.993
"5565",-7666.119
"5566",-7813.947
"5567",-7588.232
"5568",-7589.638
"5569",-7481.353
"5570",-7691.41
"5571",-7609.375
"5572",-7483.638
"5573",-7695.6
"5574",-7711.948
"5575",-7630.522
"5576",-7609.077
"5577",-7546.219
"5578",-7752.313
"5579",-7702.011
"5580",-7451.072
"5581",-7734.68
"5582",-7727.452
"5583",-7471.132
"5584",-7509.752
"5585",-7605.549
"5586",-7643.295
"5587",-7458.906
"5588",-7629.371
"5589",-7691.319
"5590",-7692.283
"5591",-7698.078
"5592",-7715.954
"5593",-7715.796
"5594",-7620.342
"5595",-7814.952
"5596",-7753.503
"5597",-7547.906
"5598",-7807.164
"5599",-7601.035
"5600",-7762.625
"5601",-7336.788
"5602",-7823.153
"5603",-7597.435
"5604",-7794.775
"5605",-7572.142
"5606",-7718.92
"5607",-7656.615
"5608",-7490.726
"5609",-7477.935
"5610",-7755.814
"5611",-7822.051
"5612",-7535.719
"5613",-7332.29
"5614",-7545.411
"5615",-7533.925
"5616",-7808.02
"5617",-7454.819
"5618",-7568.269
"5619",-7586.503
"5620",-7657.967
"5621",-7651.758
"5622",-7782.407
"5623",-7570.684
"5624",-7549.129
"5625",-7742.406
"5626",-7775.378
"5627",-7695.57
"5628",-7708.315
"5629",-7665.727
"5630",-7655.401
"5631",-7713.268
"5632",-7507.678
"5633",-7670.625
"5634",-7467.942
"5635",-7528.123
"5636",-7575.273
"5637",-7565.945
"5638",-7614.827
"5639",-7684.109
"5640",-7593.619
"5641",-7889.071
"5642",-7624.584
"5643",-7558.488
"5644",-7542.622
"5645",-7592.854
"5646",-7883.192
"5647",-7692.982
"5648",-7819.772
"5649",-7610.544
"5650",-7687.963
"5651",-7755.834
"5652",-7507.815
"5653",-7688.75
"5654",-7589.024
"5655",-7673.305
"5656",-7786.169
"5657",-7638.97
"5658",-7729.627
"5659",-7536.106
"5660",-7712.516
"5661",-7694.405
"5662",-7742.244
"5663",-7576.957
"5664",-7631.932
"5665",-7561.251
"5666",-7621.842
"5667",-7531.369
"5668",-7691.866
"5669",-7640.184
"5670",-7690.958
"5671",-7650.663
"5672",-7690.863
"5673",-7494.852
"5674",-7800.848
"5675",-7508.767
"5676",-7859.981
"5677",-7606.395
"5678",-7690.769
"5679",-7480.573
"5680",-7624.137
"5681",-7663.52
"5682",-7604.199
"5683",-7665.517
"5684",-7604.108
"5685",-7678.986
"5686",-7730.309
"5687",-7666.349
"5688",-7763.246
"5689",-7634.889
"5690",-7811.334
"5691",-7826.852
"5692",-7682.906
"5693",-7910.804
"5694",-7531.38
"5695",-7714.679
"5696",-7448.855
"5697",-7248.411
"5698",-7702.454
"5699",-7760.3
"5700",-7545.193
"5701",-7533.713
"5702",-7634.486
"5703",-7464.984
"5704",-7730.269
"5705",-7434.04
"5706",-7559.389
"5707",-7646.692
"5708",-7505.561
"5709",-7719.99
"5710",-7579.295
"5711",-7683.425
"5712",-7640.27
"5713",-7833.825
"5714",-7682.412
"5715",-7546.071
"5716",-7749.214
"5717",-7520.665
"5718",-7679.107
"5719",-7591.069
"5720",-7682.895
"5721",-7675.95
"5722",-7709.055
"5723",-7599.725
"5724",-7676.442
"5725",-7689.872
"5726",-7534.848
"5727",-7790.176
"5728",-7741.666
"5729",-7684.659
"5730",-7642.741
"5731",-7546.223
"5732",-7617.308
"5733",-7619.395
"5734",-7676.069
"5735",-7704.087
"5736",-7654.863
"5737",-7640.821
"5738",-7731.389
"5739",-7768.472
"5740",-7868.616
"5741",-7422.977
"5742",-7738.878
"5743",-7716.282
"5744",-7509.943
"5745",-7529.01
"5746",-7916.206
"5747",-7528.867
"5748",-7693.042
"5749",-7703.507
"5750",-7780.638
"5751",-7798.565
"5752",-7503.531
"5753",-7677.653
"5754",-7701.897
"5755",-7678.302
"5756",-7669.631
"5757",-7741.642
"5758",-7877.156
"5759",-7853.036
"5760",-7603.864
"5761",-7676.401
"5762",-7573.001
"5763",-7616.148
"5764",-7508.716
"5765",-7680.882
"5766",-7725.295
"5767",-7571.147
"5768",-7634.015
"5769",-7610.792
"5770",-7842.707
"5771",-7556.821
"5772",-7739.605
"5773",-7478.046
"5774",-7787.315
"5775",-7584.594
"5776",-7771.801
"5777",-7737.821
"5778",-7765.865
"5779",-7791.425
"5780",-7580.373
"5781",-7486.135
"5782",-7771.342
"5783",-7587.751
"5784",-7603.173
"5785",-7791.741
"5786",-7686.487
"5787",-7720.158
"5788",-7588.827
"5789",-7649.359
"5790",-7642.836
"5791",-7583.523
"5792",-7749.764
"5793",-7544.744
"5794",-7557.321
"5795",-7641.126
"5796",-7679.358
"5797",-7837.022
"5798",-7849.019
"5799",-7656.329
"5800",-7593.438
"5801",-7637.386
"5802",-7448.74
"5803",-7678.224
"5804",-7366.953
"5805",-7741.796
"5806",-7469.368
"5807",-7641.987
"5808",-7609.658
"5809",-7840.92
"5810",-7724.725
"5811",-7460.825
"5812",-7685.352
"5813",-7640.53
"5814",-7625.53
"5815",-7489.266
"5816",-7548.565
"5817",-7607.295
"5818",-7526.718
"5819",-7636.475
"5820",-7722.411
"5821",-7675.688
"5822",-7747.878
"5823",-7609.585
"5824",-7554.683
"5825",-7701.993
"5826",-7603.716
"5827",-7670.819
"5828",-7757.538
"5829",-7614.095
"5830",-7509.467
"5831",-7690.922
"5832",-7604.471
"5833",-7676.941
"5834",-7664.132
"5835",-7517.379
"5836",-7732.315
"5837",-7616.659
"5838",-7691.751
"5839",-7541.609
"5840",-7592.253
"5841",-7699.76
"5842",-7609.158
"5843",-7713.567
"5844",-7689.85
"5845",-7781.999
"5846",-7589.455
"5847",-7739.958
"5848",-7614.307
"5849",-7501.154
"5850",-7897.668
"5851",-7426.005
"5852",-7603.68
"5853",-7822.552
"5854",-7693.981
"5855",-7573.452
"5856",-7583.438
"5857",-7664.437
"5858",-7709.494
"5859",-7720.321
"5860",-7550.123
"5861",-7590.927
"5862",-7428.489
"5863",-7551.029
"5864",-7723.498
"5865",-7572.969
"5866",-7659.085
"5867",-7631.241
"5868",-7580.841
"5869",-7588.878
"5870",-7621.798
"5871",-7532.73
"5872",-7558.537
"5873",-7525.508
"5874",-7552.648
"5875",-7783.812
"5876",-7739.154
"5877",-7793.678
"5878",-7729.272
"5879",-7655.677
"5880",-7614.473
"5881",-7622.029
"5882",-7867.619
"5883",-7586.153
"5884",-7542.909
"5885",-7608.882
"5886",-7454.573
"5887",-7848.404
"5888",-7517.493
"5889",-7607.027
"5890",-7616.23
"5891",-7811.236
"5892",-7644.246
"5893",-7766.172
"5894",-7619.185
"5895",-7542.038
"5896",-7665.395
"5897",-7621.052
"5898",-7570.845
"5899",-7864.932
"5900",-7686.486
"5901",-7675.17
"5902",-7609.88
"5903",-7520.949
"5904",-7640.256
"5905",-7651.235
"5906",-7436.977
"5907",-7702.487
"5908",-7657.194
"5909",-7480.537
"5910",-7753.844
"5911",-7459.749
"5912",-7696.074
"5913",-7541.566
"5914",-7593.663
"5915",-7582.009
"5916",-7833.816
"5917",-7765.095
"5918",-7574.844
"5919",-7508.019
"5920",-7699.759
"5921",-7605.419
"5922",-7570.9
"5923",-7687.784
"5924",-7669.616
"5925",-7660.686
"5926",-7651.244
"5927",-7863.898
"5928",-7602.956
"5929",-7842.915
"5930",-7681.548
"5931",-7706.278
"5932",-7799.772
"5933",-7707.039
"5934",-7601.847
"5935",-7756.748
"5936",-7545.954
"5937",-7447.297
"5938",-7640.881
"5939",-7688.69
"5940",-7791.032
"5941",-7553.247
"5942",-7671.349
"5943",-7521.751
"5944",-7536.436
"5945",-7881.772
"5946",-7561.522
"5947",-7686.89
"5948",-7613.008
"5949",-7568.938
"5950",-7672.255
"5951",-7745.159
"5952",-7677.814
"5953",-7719.894
"5954",-7556.804
"5955",-7635.66
"5956",-7602.278
"5957",-7711.64
"5958",-7550.135
"5959",-7853.03
"5960",-7642.233
"5961",-7665.746
"5962",-7734.048
"5963",-7742.668
"5964",-7651.793
"5965",-7775.716
"5966",-7608.525
"5967",-7702.388
"5968",-7407.996
"5969",-7738.311
"5970",-7680.487
"5971",-7719.176
"5972",-7523.32
"5973",-7521.708
"5974",-7728.414
"5975",-7720.853
"5976",-7723.334
"5977",-7741.949
"5978",-7578.622
"5979",-7616.098
"5980",-7561.904
"5981",-7589.568
"5982",-7519.833
"5983",-7419.512
"5984",-7864.149
"5985",-7642.906
"5986",-7625.4
"5987",-7627.495
"5988",-7493.777
"5989",-7611.414
"5990",-7797.097
"5991",-7691.568
"5992",-7687.003
"5993",-7554.547
"5994",-7586.86
"5995",-7797.127
"5996",-7815.038
"5997",-7529.902
"5998",-7436.846
"5999",-7520.885
"6000",-7667.687
"6001",-7585.328
"6002",-7708.503
"6003",-7603.714
"6004",-7760.974
"6005",-7654.2
"6006",-7777.814
"6007",-7632.563
"6008",-7725.334
"6009",-7665.413
"6010",-7620.327
"6011",-7588.415
"6012",-7637.463
"6013",-7606.801
"6014",-7678.597
"6015",-7815.92
"6016",-7521.86
"6017",-7747.26
"6018",-7701.156
"6019",-7659.101
"6020",-7816.723
"6021",-7691.988
"6022",-7883.328
"6023",-7655.774
"6024",-7597.453
"6025",-7690.766
"6026",-7687.592
"6027",-7650.191
"6028",-7698.909
"6029",-7782.653
"6030",-7675.081
"6031",-7541.82
"6032",-7759.583
"6033",-7647.8
"6034",-7701.359
"6035",-7667.486
"6036",-7630.946
"6037",-7660.418
"6038",-7529.175
"6039",-7815.342
"6040",-7636.794
"6041",-7799.705
"6042",-7633.055
"6043",-7593.879
"6044",-7676.468
"6045",-7528.682
"6046",-7753.504
"6047",-7679.051
"6048",-7569.066
"6049",-7676.673
"6050",-7703.808
"6051",-7697.389
"6052",-7671.405
"6053",-7733.672
"6054",-7715.982
"6055",-7535.517
"6056",-7535.953
"6057",-7832.569
"6058",-7767.743
"6059",-7519.335
"6060",-7580.598
"6061",-7478.651
"6062",-7445.636
"6063",-7793.936
"6064",-7604.336
"6065",-7588.934
"6066",-7735.185
"6067",-7788.135
"6068",-7813.478
"6069",-7641.93
"6070",-7647.482
"6071",-7659.115
"6072",-7778.568
"6073",-7689.964
"6074",-7547.478
"6075",-7717.864
"6076",-7703.881
"6077",-7679.955
"6078",-7611.468
"6079",-7758.384
"6080",-7656.381
"6081",-7543.658
"6082",-7740.819
"6083",-7559.273
"6084",-7690.737
"6085",-7802.158
"6086",-7459.862
"6087",-7634.785
"6088",-7692.468
"6089",-7509.409
"6090",-7700.376
"6091",-7690.071
"6092",-7566.377
"6093",-7525.636
"6094",-7619.629
"6095",-7811.734
"6096",-7646.545
"6097",-7456.353
"6098",-7809.617
"6099",-7528.614
"6100",-7594.37
"6101",-7712.143
"6102",-7536.424
"6103",-7703.326
"6104",-7464.87
"6105",-7654.608
"6106",-7614.206
"6107",-7786.248
"6108",-7730.433
"6109",-7509.518
"6110",-7827.15
"6111",-7655.463
"6112",-7700.902
"6113",-7709.425
"6114",-7617.284
"6115",-7544.161
"6116",-7441.674
"6117",-7753.367
"6118",-7633.697
"6119",-7773.888
"6120",-7725.04
"6121",-7588.76
"6122",-7485.938
"6123",-7716.954
"6124",-7643.654
"6125",-7666.54
"6126",-7501.025
"6127",-7702.919
"6128",-7842.74
"6129",-7459.288
"6130",-7613.799
"6131",-7547.164
"6132",-7683.899
"6133",-7580.004
"6134",-7669.853
"6135",-7816.257
"6136",-7775.255
"6137",-7675.727
"6138",-7565.586
"6139",-7598.713
"6140",-7724.867
"6141",-7680.492
"6142",-7703.272
"6143",-7697.787
"6144",-7563.988
"6145",-7743.174
"6146",-7722.261
"6147",-7831.842
"6148",-7630.119
"6149",-7766.382
"6150",-7718.269
"6151",-7559.906
"6152",-7709.34
"6153",-7820.328
"6154",-7560.159
"6155",-7542.858
"6156",-7757.073
"6157",-7683.408
"6158",-7468.558
"6159",-7679.88
"6160",-7628.13
"6161",-7785.196
"6162",-7457.289
"6163",-7584.036
"6164",-7577.986
"6165",-7719.753
"6166",-7650.102
"6167",-7660.763
"6168",-7726.923
"6169",-7652.91
"6170",-7608.627
"6171",-7641.55
"6172",-7551.563
"6173",-7549.875
"6174",-7765.085
"6175",-7540.673
"6176",-7739.002
"6177",-7635.878
"6178",-7629.994
"6179",-7518.34
"6180",-7469.049
"6181",-7607.006
"6182",-7712.645
"6183",-7714.276
"6184",-7524.642
"6185",-7661.086
"6186",-7465.247
"6187",-7701.271
"6188",-7604.066
"6189",-7699.703
"6190",-7550.693
"6191",-7432.32
"6192",-7677.425
"6193",-7418.064
"6194",-7640.368
"6195",-7790.92
"6196",-7806.993
"6197",-7481.94
"6198",-7615.63
"6199",-7603.435
"6200",-7538.425
"6201",-7747.678
"6202",-7694.675
"6203",-7648.154
"6204",-7642.789
"6205",-7648.251
"6206",-7760.71
"6207",-7672.853
"6208",-7617.502
"6209",-7750.23
"6210",-7639.993
"6211",-7739.89
"6212",-7700.03
"6213",-7528.974
"6214",-7594.248
"6215",-7555.117
"6216",-7732.001
"6217",-7734.532
"6218",-7690.931
"6219",-7778.288
"6220",-7489.964
"6221",-7605.333
"6222",-7586.503
"6223",-7561.593
"6224",-7640.35
"6225",-7568.248
"6226",-7608.207
"6227",-7761.835
"6228",-7684.28
"6229",-7410.95
"6230",-7632.281
"6231",-7672.723
"6232",-7658.514
"6233",-7685.866
"6234",-7839.525
"6235",-7564.053
"6236",-7695.057
"6237",-7626.191
"6238",-7644.982
"6239",-7708.007
"6240",-7626.888
"6241",-7539.056
"6242",-7714.008
"6243",-7723.74
"6244",-7514.565
"6245",-7821.24
"6246",-7664.682
"6247",-7703.824
"6248",-7620.682
"6249",-7603.624
"6250",-7724.677
"6251",-7753.971
"6252",-7561.482
"6253",-7611.026
"6254",-7664.935
"6255",-7575.706
"6256",-7357.194
"6257",-7584.253
"6258",-7718.081
"6259",-7699.555
"6260",-7729.845
"6261",-7665.992
"6262",-7753.188
"6263",-7541.134
"6264",-7588.539
"6265",-7481.877
"6266",-7697.724
"6267",-7745.749
"6268",-7544.521
"6269",-7854.823
"6270",-7580.114
"6271",-7435.58
"6272",-7673.065
"6273",-7430.715
"6274",-7571.863
"6275",-7658.76
"6276",-7549.365
"6277",-7575.605
"6278",-7675.969
"6279",-7580.22
"6280",-7645.086
"6281",-7822.446
"6282",-7754.711
"6283",-7621.493
"6284",-7701.499
"6285",-7804.087
"6286",-7415.278
"6287",-7563.925
"6288",-7578.507
"6289",-7515.243
"6290",-7644.038
"6291",-7806.023
"6292",-7486.803
"6293",-7542.952
"6294",-7556.11
"6295",-7623.957
"6296",-7676.054
"6297",-7609.335
"6298",-7683.622
"6299",-7649.991
"6300",-7670.838
"6301",-7626.234
"6302",-7685.269
"6303",-7782.337
"6304",-7699.566
"6305",-7710.205
"6306",-7856.224
"6307",-7664.906
"6308",-7556.548
"6309",-7581.344
"6310",-7766.039
"6311",-7854.084
"6312",-7587.058
"6313",-7752.26
"6314",-7535.209
"6315",-7645.81
"6316",-7716.876
"6317",-7583.643
"6318",-7679.257
"6319",-7692.504
"6320",-7759.031
"6321",-7906.225
"6322",-7684.697
"6323",-7673.194
"6324",-7646.24
"6325",-7715.095
"6326",-7685.525
"6327",-7633.353
"6328",-7766.221
"6329",-7678.926
"6330",-7686.827
"6331",-7667.306
"6332",-7565.753
"6333",-7645.313
"6334",-7660.556
"6335",-7702.59
"6336",-7570.327
"6337",-7657.461
"6338",-7560.087
"6339",-7433.225
"6340",-7717.807
"6341",-7532.737
"6342",-7809.7
"6343",-7607.629
"6344",-7546.075
"6345",-7733.456
"6346",-7626.531
"6347",-7618.635
"6348",-7894.914
"6349",-7437.082
"6350",-7485.682
"6351",-7439.352
"6352",-7666.415
"6353",-7576.717
"6354",-7703.115
"6355",-7454.681
"6356",-7679.06
"6357",-7513.655
"6358",-7611.489
"6359",-7482.734
"6360",-7510.206
"6361",-7565.461
"6362",-7755.264
"6363",-7652.517
"6364",-7705.485
"6365",-7816.669
"6366",-7616.831
"6367",-7595.179
"6368",-7640.723
"6369",-7751.999
"6370",-7653.741
"6371",-7776.917
"6372",-7683.864
"6373",-7715.395
"6374",-7479.429
"6375",-7606.589
"6376",-7683.69
"6377",-7632.191
"6378",-7587.739
"6379",-7532.648
"6380",-7561.923
"6381",-7681.279
"6382",-7742.84
"6383",-7738.046
"6384",-7679.754
"6385",-7615.329
"6386",-7685.871
"6387",-7567.057
"6388",-7624.74
"6389",-7639.523
"6390",-7673.712
"6391",-7355.998
"6392",-7562.338
"6393",-7680.014
"6394",-7414.914
"6395",-7653.523
"6396",-7670.192
"6397",-7705.717
"6398",-7570.13
"6399",-7648.354
"6400",-7769.819
"6401",-7636.845
"6402",-7570.957
"6403",-7541.938
"6404",-7746.647
"6405",-7859.196
"6406",-7489.639
"6407",-7789.104
"6408",-7577.393
"6409",-7697.778
"6410",-7654.729
"6411",-7608.705
"6412",-7718.492
"6413",-7798.258
"6414",-7718.231
"6415",-7602.287
"6416",-7585.155
"6417",-7704.223
"6418",-7510.329
"6419",-7561.277
"6420",-7489.38
"6421",-7681.265
"6422",-7590.383
"6423",-7694.287
"6424",-7699.954
"6425",-7606.964
"6426",-7547.659
"6427",-7768.158
"6428",-7330.323
"6429",-7539.529
"6430",-7780.537
"6431",-7693.46
"6432",-7692.302
"6433",-7486.538
"6434",-7728.939
"6435",-7635.785
"6436",-7525.084
"6437",-7821.542
"6438",-7604.532
"6439",-7734.836
"6440",-7514.017
"6441",-7574.752
"6442",-7691.97
"6443",-7821.255
"6444",-7522.439
"6445",-7501.694
"6446",-7569.535
"6447",-7525.418
"6448",-7667.066
"6449",-7634.065
"6450",-7723.495
"6451",-7725.316
"6452",-7654.433
"6453",-7657.562
"6454",-7560.104
"6455",-7682.801
"6456",-7591.433
"6457",-7640.812
"6458",-7507.568
"6459",-7624.854
"6460",-7634.65
"6461",-7668.483
"6462",-7681.208
"6463",-7655.533
"6464",-7602.244
"6465",-7579.121
"6466",-7708.382
"6467",-7622.384
"6468",-7633.281
"6469",-7842.655
"6470",-7641.767
"6471",-7695.687
"6472",-7696.171
"6473",-7796.846
"6474",-7632.393
"6475",-7311.099
"6476",-7572.657
"6477",-7772.287
"6478",-7768.902
"6479",-7698.297
"6480",-7534.764
"6481",-7751.908
"6482",-7720.865
"6483",-7596.058
"6484",-7474.302
"6485",-7613.588
"6486",-7730.579
"6487",-7606.052
"6488",-7598.453
"6489",-7635.249
"6490",-7594.863
"6491",-7768.385
"6492",-7607.217
"6493",-7690.197
"6494",-7761.392
"6495",-7572.181
"6496",-7781.069
"6497",-7785.589
"6498",-7626.18
"6499",-7537.898
"6500",-7480.344
"6501",-7578.952
"6502",-7651.157
"6503",-7769.194
"6504",-7632.394
"6505",-7622.995
"6506",-7608.008
"6507",-7637.199
"6508",-7547.508
"6509",-7667.276
"6510",-7706.852
"6511",-7511.678
"6512",-7674.683
"6513",-7770.81
"6514",-7645.911
"6515",-7663.241
"6516",-7645.02
"6517",-7578.036
"6518",-7490.775
"6519",-7641.043
"6520",-7484.607
"6521",-7452.237
"6522",-7551.395
"6523",-7545.293
"6524",-7707.174
"6525",-7837.155
"6526",-7731.52
"6527",-7645.56
"6528",-7737.7
"6529",-7592.165
"6530",-7623.23
"6531",-7675.025
"6532",-7538.114
"6533",-7380.823
"6534",-7764.252
"6535",-7704.955
"6536",-7843.914
"6537",-7569.556
"6538",-7744.619
"6539",-7831.92
"6540",-7556.442
"6541",-7473.256
"6542",-7544.244
"6543",-7684.991
"6544",-7532.162
"6545",-7726.106
"6546",-7633.016
"6547",-7660.553
"6548",-7586.607
"6549",-7708.284
"6550",-7591.712
"6551",-7580.45
"6552",-7689.981
"6553",-7584.636
"6554",-7714.533
"6555",-7589.563
"6556",-7532.805
"6557",-7527.505
"6558",-7693.064
"6559",-7784.134
"6560",-7554.231
"6561",-7759.024
"6562",-7668.954
"6563",-7645.328
"6564",-7826.214
"6565",-7722.914
"6566",-7593.587
"6567",-7573.125
"6568",-7621.763
"6569",-7671.676
"6570",-7702.494
"6571",-7807.518
"6572",-7600.406
"6573",-7712.196
"6574",-7719.235
"6575",-7629.364
"6576",-7651.981
"6577",-7706.321
"6578",-7707.849
"6579",-7620.872
"6580",-7693.968
"6581",-7617.671
"6582",-7601.29
"6583",-7694.979
"6584",-7668.088
"6585",-7333.313
"6586",-7526.696
"6587",-7913.629
"6588",-7677.729
"6589",-7505.018
"6590",-7661.642
"6591",-7664.837
"6592",-7780.762
"6593",-7760.303
"6594",-7692.182
"6595",-7600.781
"6596",-7646.512
"6597",-7821.393
"6598",-7360.232
"6599",-7594.315
"6600",-7704.354
"6601",-7500.774
"6602",-7583.238
"6603",-7490.876
"6604",-7564.455
"6605",-7759.477
"6606",-7508.723
"6607",-7513.333
"6608",-7652.312
"6609",-7611.744
"6610",-7639.528
"6611",-7632.547
"6612",-7798.473
"6613",-7605.321
"6614",-7828.681
"6615",-7659.879
"6616",-7773.347
"6617",-7593.361
"6618",-7650.214
"6619",-7660.012
"6620",-7722.867
"6621",-7611.047
"6622",-7464.071
"6623",-7458.297
"6624",-7605.897
"6625",-7673.682
"6626",-7812.776
"6627",-7734.32
"6628",-7434.683
"6629",-7481.583
"6630",-7662.725
"6631",-7744.738
"6632",-7574.217
"6633",-7856.615
"6634",-7756.647
"6635",-7638.732
"6636",-7676.4
"6637",-7644.631
"6638",-7752.713
"6639",-7785.481
"6640",-7632.554
"6641",-7578.64
"6642",-7699.908
"6643",-7687.859
"6644",-7485.067
"6645",-7537.223
"6646",-7693.894
"6647",-7644.503
"6648",-7516.886
"6649",-7708.979
"6650",-7679.211
"6651",-7516.617
"6652",-7541.533
"6653",-7700.051
"6654",-7764.963
"6655",-7891.025
"6656",-7563.402
"6657",-7679.914
"6658",-7796.437
"6659",-7542.467
"6660",-7913.677
"6661",-7623.355
"6662",-7610.984
"6663",-7485.895
"6664",-7586.546
"6665",-7685.06
"6666",-7769.176
"6667",-7662.177
"6668",-7625.005
"6669",-7722.972
"6670",-7645.599
"6671",-7800.652
"6672",-7429.152
"6673",-7766.476
"6674",-7785.535
"6675",-7662.298
"6676",-7736.418
"6677",-7698.132
"6678",-7500.652
"6679",-7578.055
"6680",-7587.308
"6681",-7870.542
"6682",-7594.646
"6683",-7590.945
"6684",-7778.837
"6685",-7569.29
"6686",-7689.133
"6687",-7472.593
"6688",-7582.702
"6689",-7524.15
"6690",-7460.566
"6691",-7515.799
"6692",-7655.503
"6693",-7572.572
"6694",-7902.388
"6695",-7705.187
"6696",-7798.681
"6697",-7643.226
"6698",-7900.037
"6699",-7771.662
"6700",-7703.913
"6701",-7715.406
"6702",-7828.039
"6703",-7759.533
"6704",-7715.95
"6705",-7762.892
"6706",-7414.976
"6707",-7779.671
"6708",-7742.449
"6709",-7791.516
"6710",-7505.07
"6711",-7672.42
"6712",-7597.051
"6713",-7541.643
"6714",-7716.649
"6715",-7685.416
"6716",-7690.004
"6717",-7867.665
"6718",-7719.012
"6719",-7710.585
"6720",-7367.364
"6721",-7689.462
"6722",-7862.191
"6723",-7665.97
"6724",-7645.495
"6725",-7835.017
"6726",-7576.088
"6727",-7664.6
"6728",-7553.405
"6729",-7581.667
"6730",-7754.301
"6731",-7711.041
"6732",-7452.93
"6733",-7687.43
"6734",-7734.257
"6735",-7727.751
"6736",-7633.596
"6737",-7513.388
"6738",-7886.703
"6739",-7803.231
"6740",-7722.313
"6741",-7661.792
"6742",-7640.292
"6743",-7672.29
"6744",-7505.055
"6745",-7600.425
"6746",-7542.458
"6747",-7539.593
"6748",-7715.667
"6749",-7511.079
"6750",-7604.566
"6751",-7588.935
"6752",-7576.853
"6753",-7689.828
"6754",-7554.323
"6755",-7740.284
"6756",-7776.271
"6757",-7599.698
"6758",-7667.631
"6759",-7765.156
"6760",-7609.881
"6761",-7704.813
"6762",-7576.872
"6763",-7653.929
"6764",-7423.354
"6765",-7746.505
"6766",-7427.098
"6767",-7755.303
"6768",-7667.286
"6769",-7540.984
"6770",-7505.359
"6771",-7701.893
"6772",-7554.342
"6773",-7626.876
"6774",-7663.797
"6775",-7843.037
"6776",-7613.139
"6777",-7625.233
"6778",-7753.602
"6779",-7935.527
"6780",-7537.419
"6781",-7454.571
"6782",-7650.678
"6783",-7584.854
"6784",-7616.418
"6785",-7774.47
"6786",-7715.814
"6787",-7707.21
"6788",-7574.659
"6789",-7721.784
"6790",-7508.945
"6791",-7616.479
"6792",-7544.658
"6793",-7643.773
"6794",-7742.436
"6795",-7697.115
"6796",-7650.906
"6797",-7532.137
"6798",-7762.19
"6799",-7561.746
"6800",-7606.577
"6801",-7598.798
"6802",-7577.348
"6803",-7970.049
"6804",-7595.925
"6805",-7894.189
"6806",-7594.615
"6807",-7484.748
"6808",-7644.666
"6809",-7600.188
"6810",-7637.939
"6811",-7539.843
"6812",-7558.353
"6813",-7717.543
"6814",-7768.441
"6815",-7765.018
"6816",-7660.23
"6817",-7715.908
"6818",-7747.101
"6819",-7738.267
"6820",-7650.888
"6821",-7351.957
"6822",-7737.638
"6823",-7808.38
"6824",-7670.206
"6825",-7511.763
"6826",-7722.994
"6827",-7769.717
"6828",-7643.539
"6829",-7648.228
"6830",-7640.489
"6831",-7662.286
"6832",-7578.35
"6833",-7513.591
"6834",-7853.984
"6835",-7604.133
"6836",-7720.871
"6837",-7687.188
"6838",-7592.589
"6839",-7646.863
"6840",-7531.913
"6841",-7655.148
"6842",-7622.146
"6843",-7770.957
"6844",-7674.717
"6845",-7824.944
"6846",-7350.01
"6847",-7679.541
"6848",-7592.266
"6849",-7754.906
"6850",-7540.802
"6851",-7751.914
"6852",-7506.873
"6853",-7688.486
"6854",-7585.283
"6855",-7758.782
"6856",-7739.76
"6857",-7597.999
"6858",-7599.016
"6859",-7648.012
"6860",-7695.471
"6861",-7809.363
"6862",-7712.997
"6863",-7594.345
"6864",-7382.839
"6865",-7794.306
"6866",-7532.507
"6867",-7643.114
"6868",-7614.212
"6869",-7654.698
"6870",-7492.765
"6871",-7667.41
"6872",-7755.964
"6873",-7795.126
"6874",-7533.685
"6875",-7650.605
"6876",-7841.249
"6877",-7684.606
"6878",-7743.249
"6879",-7595.069
"6880",-7703.269
"6881",-7470.105
"6882",-7665.556
"6883",-7512.383
"6884",-7699.465
"6885",-7515.055
"6886",-7739.863
"6887",-7630.973
"6888",-7618.176
"6889",-7704.703
"6890",-7645.97
"6891",-7517.802
"6892",-7576.907
"6893",-7630.582
"6894",-7678.318
"6895",-7669.794
"6896",-7609.423
"6897",-7625.606
"6898",-7795.313
"6899",-7659.045
"6900",-7594.754
"6901",-7344.339
"6902",-7534.46
"6903",-7610.642
"6904",-7654.313
"6905",-7820.619
"6906",-7720.874
"6907",-7742.583
"6908",-7898.966
"6909",-7597.774
"6910",-7708.296
"6911",-7767.03
"6912",-7600.963
"6913",-7683.792
"6914",-7785.721
"6915",-7629.254
"6916",-7673.682
"6917",-7744.142
"6918",-7614.893
"6919",-7798.36
"6920",-7502.455
"6921",-7624.948
"6922",-7698.29
"6923",-7624.23
"6924",-7706.396
"6925",-7785.898
"6926",-7627.725
"6927",-7576.721
"6928",-7533.542
"6929",-7813.835
"6930",-7534.25
"6931",-7954.225
"6932",-7428.609
"6933",-7693.946
"6934",-7501.318
"6935",-7624.62
"6936",-7536.796
"6937",-7507.808
"6938",-7810.939
"6939",-7707.184
"6940",-7886.088
"6941",-7757.521
"6942",-7655.189
"6943",-7554.188
"6944",-7495.031
"6945",-7508.186
"6946",-7574.001
"6947",-7766.171
"6948",-7685.099
"6949",-7657.192
"6950",-7563.475
"6951",-7766.563
"6952",-7764.499
"6953",-7729.352
"6954",-7653.975
"6955",-7755.518
"6956",-7699.429
"6957",-7686.566
"6958",-7726.463
"6959",-7621.51
"6960",-7668.488
"6961",-7518.564
"6962",-7799.468
"6963",-7655.998
"6964",-7609.237
"6965",-7630.576
"6966",-7488.482
"6967",-7734.458
"6968",-7725.253
"6969",-7520.767
"6970",-7684.45
"6971",-7697.264
"6972",-7883.936
"6973",-7707.265
"6974",-7624.338
"6975",-7643.925
"6976",-7700.525
"6977",-7697.83
"6978",-7750.96
"6979",-7551.646
"6980",-7674.825
"6981",-7623.245
"6982",-7557.786
"6983",-7628.681
"6984",-7800.459
"6985",-7559.461
"6986",-7537.072
"6987",-7637.351
"6988",-7654.027
"6989",-7785.774
"6990",-7581.459
"6991",-7708.403
"6992",-7755.669
"6993",-7640.167
"6994",-7693.674
"6995",-7531.866
"6996",-7692.416
"6997",-7592.589
"6998",-7655.385
"6999",-7616.814
"7000",-7466.839
"7001",-7688.623
"7002",-7765.467
"7003",-7585.162
"7004",-7771.012
"7005",-7631.198
"7006",-7708.89
"7007",-7514.066
"7008",-7605.5
"7009",-7619.767
"7010",-7425.558
"7011",-7704.562
"7012",-7473.566
"7013",-7582.163
"7014",-7645.795
"7015",-7486.288
"7016",-7662.298
"7017",-7696.409
"7018",-7586.66
"7019",-7775.794
"7020",-7567.254
"7021",-7563.683
"7022",-7665.651
"7023",-7568.573
"7024",-7488.538
"7025",-7714.864
"7026",-7650.88
"7027",-7587.278
"7028",-7736.649
"7029",-7541.85
"7030",-7671.59
"7031",-7603.442
"7032",-7724.508
"7033",-7584.118
"7034",-7585.264
"7035",-7383.577
"7036",-7466.836
"7037",-7816.462
"7038",-7648.45
"7039",-7723.046
"7040",-7630.555
"7041",-7639.608
"7042",-7746.017
"7043",-7762.504
"7044",-7687.202
"7045",-7643.586
"7046",-7642.219
"7047",-7506.44
"7048",-7666.264
"7049",-7755.492
"7050",-7701.717
"7051",-7986.588
"7052",-7573.772
"7053",-7798.213
"7054",-7595.592
"7055",-7702.66
"7056",-7629.791
"7057",-7651.685
"7058",-7584.268
"7059",-7663.695
"7060",-7662.027
"7061",-7626.681
"7062",-7539.498
"7063",-7506.547
"7064",-7472.035
"7065",-7708.347
"7066",-7660.789
"7067",-7570.284
"7068",-7792.921
"7069",-7672.593
"7070",-7650.624
"7071",-7790.388
"7072",-7565.644
"7073",-7751.097
"7074",-7496.727
"7075",-7817.678
"7076",-7636.767
"7077",-7748.542
"7078",-7640.667
"7079",-7739.991
"7080",-7621.433
"7081",-7567.889
"7082",-7577.716
"7083",-7892.282
"7084",-7617.572
"7085",-7591.383
"7086",-7655.774
"7087",-7689.132
"7088",-7736.752
"7089",-7815.164
"7090",-7715.645
"7091",-7709.585
"7092",-7738.808
"7093",-7754.093
"7094",-7655.996
"7095",-7434.22
"7096",-7573.801
"7097",-7722.772
"7098",-7653.683
"7099",-7737.077
"7100",-7533.596
"7101",-7544.008
"7102",-7629.984
"7103",-7603.914
"7104",-7466.065
"7105",-7594.37
"7106",-7562.494
"7107",-7536.799
"7108",-7666.198
"7109",-7718.036
"7110",-7736.986
"7111",-7573.042
"7112",-7583.598
"7113",-7637.178
"7114",-7558.209
"7115",-7731.779
"7116",-7454.21
"7117",-7886.906
"7118",-7659.697
"7119",-7346.745
"7120",-7712.746
"7121",-7520.311
"7122",-7547.259
"7123",-7750.276
"7124",-7492.44
"7125",-7717.589
"7126",-7695.074
"7127",-7883.709
"7128",-7653.413
"7129",-7734.919
"7130",-7562.881
"7131",-7622.84
"7132",-7707.541
"7133",-7526.468
"7134",-7759.071
"7135",-7674.361
"7136",-7592.057
"7137",-7813.1
"7138",-7760.051
"7139",-7521.768
"7140",-7392.985
"7141",-7700.365
"7142",-7608.953
"7143",-7624.892
"7144",-7659.085
"7145",-7529.457
"7146",-7717.669
"7147",-7656.117
"7148",-7645.462
"7149",-7622.816
"7150",-7894.025
"7151",-7500.057
"7152",-7703.089
"7153",-7588.503
"7154",-7574.369
"7155",-7765.148
"7156",-7654.3
"7157",-7757.161
"7158",-7332.747
"7159",-7498.174
"7160",-7728.487
"7161",-7697.706
"7162",-7549.25
"7163",-7563.544
"7164",-7832.538
"7165",-7695.712
"7166",-7820.701
"7167",-7600.831
"7168",-7680.845
"7169",-7664.507
"7170",-7576.935
"7171",-7580.711
"7172",-7634.508
"7173",-7762.182
"7174",-7743.592
"7175",-7691.254
"7176",-7748.265
"7177",-7502.701
"7178",-7706.252
"7179",-7552.614
"7180",-7589.125
"7181",-7580.541
"7182",-7669.055
"7183",-7724.915
"7184",-7817.181
"7185",-7628.219
"7186",-7636.365
"7187",-7661.119
"7188",-7631.337
"7189",-7761.099
"7190",-7620.955
"7191",-7767.453
"7192",-7689.152
"7193",-7654.344
"7194",-7589.395
"7195",-7691.276
"7196",-7648.087
"7197",-7694.438
"7198",-7724.813
"7199",-7518.391
"7200",-7600.096
"7201",-7456.23
"7202",-7588.57
"7203",-7596.442
"7204",-7546.492
"7205",-7642.845
"7206",-7853.761
"7207",-7640.03
"7208",-7640.829
"7209",-7704.673
"7210",-7636.4
"7211",-7582.967
"7212",-7720.463
"7213",-7879.015
"7214",-7813.823
"7215",-7700.889
"7216",-7541.504
"7217",-7559.748
"7218",-7804.442
"7219",-7663.099
"7220",-7694.896
"7221",-7711.593
"7222",-7686.378
"7223",-7581.723
"7224",-7664.442
"7225",-7504.584
"7226",-7680.157
"7227",-7720.344
"7228",-7703.555
"7229",-7657.931
"7230",-7615.263
"7231",-7712.477
"7232",-7624.611
"7233",-7698.608
"7234",-7582.212
"7235",-7725.036
"7236",-7686.411
"7237",-7460.859
"7238",-7651.827
"7239",-7621.49
"7240",-7682.531
"7241",-7425.665
"7242",-7450.699
"7243",-7777.54
"7244",-7797.572
"7245",-7606.395
"7246",-7676.724
"7247",-7561.599
"7248",-7579.418
"7249",-7883.975
"7250",-7669.68
"7251",-7645.182
"7252",-7744.563
"7253",-7748.49
"7254",-7704.014
"7255",-7645.534
"7256",-7597.215
"7257",-7675.165
"7258",-7657.723
"7259",-7740.51
"7260",-7639.317
"7261",-7692.573
"7262",-7771.347
"7263",-7615.729
"7264",-7648.533
"7265",-7457.549
"7266",-7664.101
"7267",-7678.604
"7268",-7506.694
"7269",-7595.928
"7270",-7586.076
"7271",-7622.095
"7272",-7577.087
"7273",-7388.472
"7274",-7611.976
"7275",-7501.712
"7276",-7682.875
"7277",-7739.101
"7278",-7692.199
"7279",-7696.822
"7280",-7538.946
"7281",-7563.256
"7282",-7811.472
"7283",-7613.617
"7284",-7636.909
"7285",-7609.463
"7286",-7723.745
"7287",-7585.501
"7288",-7484.202
"7289",-7723.879
"7290",-7471.13
"7291",-7900.78
"7292",-7749.547
"7293",-7907.755
"7294",-7808.237
"7295",-7606.564
"7296",-7833.324
"7297",-7708.428
"7298",-7726.101
"7299",-7582.463
"7300",-7731.953
"7301",-7614.81
"7302",-7674.486
"7303",-7784.868
"7304",-7704.663
"7305",-7639.228
"7306",-7537.13
"7307",-7604.799
"7308",-7783.349
"7309",-7758.275
"7310",-7428.413
"7311",-7766.893
"7312",-7721.797
"7313",-7537.916
"7314",-7677.117
"7315",-7702.672
"7316",-7600.303
"7317",-7692.336
"7318",-7675.741
"7319",-7499.581
"7320",-7728.861
"7321",-7643.965
"7322",-7548.23
"7323",-7608.512
"7324",-7657.358
"7325",-7607.478
"7326",-7656.499
"7327",-7618.728
"7328",-7797.589
"7329",-7657.729
"7330",-7716.727
"7331",-7576.718
"7332",-7487.336
"7333",-7716.52
"7334",-7795.108
"7335",-7660.325
"7336",-7649.001
"7337",-7722.574
"7338",-7500.356
"7339",-7757.785
"7340",-7950.489
"7341",-7582.752
"7342",-7802.736
"7343",-7546.997
"7344",-7768.929
"7345",-7754.272
"7346",-7723.648
"7347",-7764.709
"7348",-7690.66
"7349",-7755.365
"7350",-7684.234
"7351",-7838.147
"7352",-7641.041
"7353",-7756.223
"7354",-7765.079
"7355",-7563.464
"7356",-7613.255
"7357",-7754.819
"7358",-7672.602
"7359",-7698.341
"7360",-7703.635
"7361",-7726.025
"7362",-7694.539
"7363",-7590.559
"7364",-7603.586
"7365",-7578.949
"7366",-7601.481
"7367",-7676.455
"7368",-7569.023
"7369",-7395.882
"7370",-7575.325
"7371",-7793.895
"7372",-7633.02
"7373",-7676.433
"7374",-7711.901
"7375",-7667.118
"7376",-7642.368
"7377",-7463.797
"7378",-7554.417
"7379",-7715.014
"7380",-7458.853
"7381",-7513.893
"7382",-7761.849
"7383",-7686.987
"7384",-7595.043
"7385",-7687.654
"7386",-7717.435
"7387",-7580.514
"7388",-7799.826
"7389",-7799.006
"7390",-7409.898
"7391",-7558.878
"7392",-7515.636
"7393",-7650.015
"7394",-7512.717
"7395",-7769.503
"7396",-7461.862
"7397",-7755.768
"7398",-7551.534
"7399",-7678.139
"7400",-7579.203
"7401",-7833.416
"7402",-7679.51
"7403",-7794.482
"7404",-7704.916
"7405",-7505.836
"7406",-7696.144
"7407",-7651.239
"7408",-7625.695
"7409",-7770.201
"7410",-7612.014
"7411",-7546.512
"7412",-7707.566
"7413",-7739.327
"7414",-7802.472
"7415",-7780.565
"7416",-7649.128
"7417",-7766.757
"7418",-7626.805
"7419",-7735.815
"7420",-7561.01
"7421",-7783.973
"7422",-7753.841
"7423",-7579.151
"7424",-7629.035
"7425",-7557.58
"7426",-7718.978
"7427",-7714.258
"7428",-7649.074
"7429",-7637.035
"7430",-7679.813
"7431",-7921.842
"7432",-7733.026
"7433",-7691.212
"7434",-7557.254
"7435",-7523.403
"7436",-7670.939
"7437",-7769.705
"7438",-7703.526
"7439",-7772.784
"7440",-7699.317
"7441",-7502.77
"7442",-7742.302
"7443",-7635.566
"7444",-7542.956
"7445",-7712.757
"7446",-7672.749
"7447",-7694.136
"7448",-7605.726
"7449",-7618.637
"7450",-7710.502
"7451",-7581.853
"7452",-7611.043
"7453",-7572.933
"7454",-7602.005
"7455",-7595.17
"7456",-7743.021
"7457",-7852.703
"7458",-7744.578
"7459",-7548.878
"7460",-7671.491
"7461",-7465.455
"7462",-7644.759
"7463",-7900.213
"7464",-7551.462
"7465",-7596.499
"7466",-7695.736
"7467",-7641.825
"7468",-7621.091
"7469",-7768.007
"7470",-7551.139
"7471",-7732.62
"7472",-7785.886
"7473",-7816.694
"7474",-7633.825
"7475",-7769.241
"7476",-7655.322
"7477",-7753.584
"7478",-7679.633
"7479",-7774.683
"7480",-7535.805
"7481",-7733.717
"7482",-7630.085
"7483",-7613.824
"7484",-7449.308
"7485",-7663.726
"7486",-7603.845
"7487",-7565.133
"7488",-7633.001
"7489",-7769.375
"7490",-7662.243
"7491",-7621.254
"7492",-7601.697
"7493",-7729.306
"7494",-7702.292
"7495",-7756.907
"7496",-7762.856
"7497",-7537.674
"7498",-7532.234
"7499",-7686.112
"7500",-7708.101
"7501",-7612.659
"7502",-7549.173
"7503",-7677.212
"7504",-7735.469
"7505",-7558.132
"7506",-7713.971
"7507",-7633.732
"7508",-7536.351
"7509",-7700.954
"7510",-7664.357
"7511",-7603.658
"7512",-7640.087
"7513",-7864.749
"7514",-7831.896
"7515",-7587.929
"7516",-7712.446
"7517",-7723.687
"7518",-7596.159
"7519",-7729.857
"7520",-7699.55
"7521",-7737.292
"7522",-7714.247
"7523",-7515.017
"7524",-7686.939
"7525",-7502.145
"7526",-7705.196
"7527",-7666.452
"7528",-7800.202
"7529",-7604.289
"7530",-7611.032
"7531",-7621.523
"7532",-7513.742
"7533",-7816.197
"7534",-7579.434
"7535",-7491.363
"7536",-7621.357
"7537",-7655.018
"7538",-7720.144
"7539",-7723.734
"7540",-7589.511
"7541",-7516.432
"7542",-7646.012
"7543",-7677.891
"7544",-7744.307
"7545",-7696.55
"7546",-7721.073
"7547",-7717.497
"7548",-7663.338
"7549",-7674.689
"7550",-7623.362
"7551",-7635.498
"7552",-7488.964
"7553",-7700.271
"7554",-7680
"7555",-7471.478
"7556",-7510.967
"7557",-7593.828
"7558",-7540.528
"7559",-7603.439
"7560",-7706.934
"7561",-7643.928
"7562",-7761.785
"7563",-7467.888
"7564",-7731.289
"7565",-7715.59
"7566",-7456.935
"7567",-7715.43
"7568",-7646.988
"7569",-7618.189
"7570",-7677.985
"7571",-7548.897
"7572",-7778.195
"7573",-7602.036
"7574",-7651.992
"7575",-7674.072
"7576",-7788.45
"7577",-7533.776
"7578",-7594.677
"7579",-7537.283
"7580",-7506.041
"7581",-7536.082
"7582",-7622.574
"7583",-7680.989
"7584",-7694.884
"7585",-7652.9
"7586",-7603.657
"7587",-7781.585
"7588",-7506.71
"7589",-7603.559
"7590",-7609.535
"7591",-7699.263
"7592",-7711.984
"7593",-7591.378
"7594",-7852.348
"7595",-7814.203
"7596",-7635.991
"7597",-7711.865
"7598",-7705.685
"7599",-7677.094
"7600",-7617.257
"7601",-7594.121
"7602",-7718.129
"7603",-7588.801
"7604",-7691.051
"7605",-7641.655
"7606",-7682.689
"7607",-7715.421
"7608",-7444.744
"7609",-7527.076
"7610",-7605.498
"7611",-7647.857
"7612",-7644.626
"7613",-7708.26
"7614",-7681.722
"7615",-7364.493
"7616",-7803.083
"7617",-7546.302
"7618",-7871.7
"7619",-7639.468
"7620",-7602.529
"7621",-7533.501
"7622",-7758.436
"7623",-7426.65
"7624",-7593.318
"7625",-7626.947
"7626",-7616.401
"7627",-7514.354
"7628",-7764.173
"7629",-7903.242
"7630",-7577.056
"7631",-7514.926
"7632",-7754.245
"7633",-7732.718
"7634",-7445.9
"7635",-7666.931
"7636",-7454.704
"7637",-7687.341
"7638",-7771.437
"7639",-7705.89
"7640",-7670.007
"7641",-7686.029
"7642",-7629.113
"7643",-7714.353
"7644",-7452.785
"7645",-7821.648
"7646",-7705.376
"7647",-7569.581
"7648",-7490.41
"7649",-7501.931
"7650",-7666.155
"7651",-7650.783
"7652",-7568.568
"7653",-7708.084
"7654",-7737.818
"7655",-7794.016
"7656",-7762.37
"7657",-7585.226
"7658",-7553.369
"7659",-7619.096
"7660",-7624.403
"7661",-7680.618
"7662",-7741.708
"7663",-7712.078
"7664",-7535.96
"7665",-7704.628
"7666",-7611.519
"7667",-7726.274
"7668",-7760.917
"7669",-7470.508
"7670",-7548.613
"7671",-7461.001
"7672",-7714.415
"7673",-7656.422
"7674",-7698.411
"7675",-7631.508
"7676",-7533.16
"7677",-7672.897
"7678",-7897.592
"7679",-7717.302
"7680",-7448.79
"7681",-7617.398
"7682",-7564.526
"7683",-7631.239
"7684",-7614.039
"7685",-7601.62
"7686",-7542.194
"7687",-7784.841
"7688",-7694.556
"7689",-7567.793
"7690",-7660.878
"7691",-7687.192
"7692",-7612.175
"7693",-7496.391
"7694",-7738.378
"7695",-7619.334
"7696",-7774.083
"7697",-7544.709
"7698",-7519.306
"7699",-7711.286
"7700",-7742.086
"7701",-7675.17
"7702",-7706.371
"7703",-7666.679
"7704",-7582.913
"7705",-7611.39
"7706",-7555.648
"7707",-7511.681
"7708",-7570.779
"7709",-7641.172
"7710",-7812.965
"7711",-7661.648
"7712",-7645.686
"7713",-7672.477
"7714",-7616.928
"7715",-7567.787
"7716",-7626
"7717",-7527.909
"7718",-7807.777
"7719",-7705.262
"7720",-7655.949
"7721",-7579.781
"7722",-7527.356
"7723",-7685.042
"7724",-7773.635
"7725",-7700.053
"7726",-7602.22
"7727",-7504.733
"7728",-7793.568
"7729",-7720.948
"7730",-7611.613
"7731",-7541.2
"7732",-7498.997
"7733",-7663.337
"7734",-7713.781
"7735",-7460.446
"7736",-7458.842
"7737",-7914.674
"7738",-7767.303
"7739",-7751.452
"7740",-7594.305
"7741",-7842.088
"7742",-7624.434
"7743",-7828.827
"7744",-7775.681
"7745",-7663.896
"7746",-7690.944
"7747",-7746
"7748",-7579.179
"7749",-7667.707
"7750",-7663.196
"7751",-7783.148
"7752",-7665.675
"7753",-7801.527
"7754",-7687.553
"7755",-7616.846
"7756",-7555.058
"7757",-7717.494
"7758",-7629.657
"7759",-7663.445
"7760",-7633.288
"7761",-7600.595
"7762",-7644.168
"7763",-7663.669
"7764",-7562.081
"7765",-7725.468
"7766",-7798.066
"7767",-7608.557
"7768",-7722.868
"7769",-7723.987
"7770",-7717.415
"7771",-7515.618
"7772",-7669.797
"7773",-7843.588
"7774",-7769.095
"7775",-7744.5
"7776",-7648.49
"7777",-7535.866
"7778",-7655.141
"7779",-7821.498
"7780",-7817.262
"7781",-7730.845
"7782",-7567.63
"7783",-7690.839
"7784",-7494.147
"7785",-7640.356
"7786",-7707.103
"7787",-7648.63
"7788",-7784.897
"7789",-7756.064
"7790",-7764.733
"7791",-7520.897
"7792",-7674.18
"7793",-7460.754
"7794",-7602.952
"7795",-7584.336
"7796",-7613.44
"7797",-7537.105
"7798",-7597.685
"7799",-7601.477
"7800",-7534.504
"7801",-7624.309
"7802",-7452.116
"7803",-7869.984
"7804",-7430.164
"7805",-7517.208
"7806",-7590.072
"7807",-7646.171
"7808",-7485.022
"7809",-7726.65
"7810",-7634.064
"7811",-7575.296
"7812",-7697.164
"7813",-7604.073
"7814",-7573.059
"7815",-7529.711
"7816",-7674.969
"7817",-7669.069
"7818",-7446.415
"7819",-7786.734
"7820",-7867.338
"7821",-7740.062
"7822",-7807.001
"7823",-7755.882
"7824",-7750.359
"7825",-7550.404
"7826",-7709.03
"7827",-7575.504
"7828",-7755.541
"7829",-7775.462
"7830",-7641.612
"7831",-7722.282
"7832",-7797.888
"7833",-7545.608
"7834",-7684.814
"7835",-7785.946
"7836",-7523.307
"7837",-7790.397
"7838",-7652.753
"7839",-7568.606
"7840",-7545.754
"7841",-7384.598
"7842",-7653.77
"7843",-7412.373
"7844",-7774.156
"7845",-7684.934
"7846",-7642.251
"7847",-7568.496
"7848",-7639.023
"7849",-7593.447
"7850",-7595.107
"7851",-7768.247
"7852",-7850.265
"7853",-7761.498
"7854",-7671.791
"7855",-7749.704
"7856",-7698.448
"7857",-7782.733
"7858",-7582.413
"7859",-7517.028
"7860",-7611.15
"7861",-7582.102
"7862",-7655.296
"7863",-7472.274
"7864",-7663.975
"7865",-7665.302
"7866",-7809.723
"7867",-7651.374
"7868",-7603.247
"7869",-7499.414
"7870",-7638.398
"7871",-7675.856
"7872",-7650.625
"7873",-7480.322
"7874",-7773.385
"7875",-7522.624
"7876",-7759.465
"7877",-7796.002
"7878",-7580.927
"7879",-7707.378
"7880",-7643.753
"7881",-7747.409
"7882",-7621.385
"7883",-7574.078
"7884",-7632.499
"7885",-7623.036
"7886",-7666.685
"7887",-7730.981
"7888",-7568.909
"7889",-7462.566
"7890",-7622.353
"7891",-7705.269
"7892",-7762.889
"7893",-7525.357
"7894",-7709.526
"7895",-7891.743
"7896",-7713.372
"7897",-7611.159
"7898",-7642.23
"7899",-7737.057
"7900",-7744.115
"7901",-7573.181
"7902",-7501.383
"7903",-7725.404
"7904",-7600.903
"7905",-7674.627
"7906",-7387.003
"7907",-7784.871
"7908",-7743.699
"7909",-7791.374
"7910",-7650.603
"7911",-7603.906
"7912",-7791.012
"7913",-7493.602
"7914",-7572.887
"7915",-7582.8
"7916",-7719.847
"7917",-7753.736
"7918",-7654.921
"7919",-7549.423
"7920",-7592.719
"7921",-7930.433
"7922",-7505.157
"7923",-7637.656
"7924",-7490.946
"7925",-7714.825
"7926",-7419.884
"7927",-7619.642
"7928",-7658.456
"7929",-7453.57
"7930",-7608.59
"7931",-7629.613
"7932",-7636.954
"7933",-7772.978
"7934",-7590.081
"7935",-7642.661
"7936",-7823.404
"7937",-7613.379
"7938",-7614.211
"7939",-7727.355
"7940",-7758.177
"7941",-7749.452
"7942",-7500.73
"7943",-7602.498
"7944",-7700.949
"7945",-7604.033
"7946",-7770.808
"7947",-7626.131
"7948",-7786.317
"7949",-7530.561
"7950",-7712.136
"7951",-7668.446
"7952",-7610.713
"7953",-7835.848
"7954",-7561.53
"7955",-7635.854
"7956",-7743.375
"7957",-7809.418
"7958",-7772.235
"7959",-7644.658
"7960",-7659.372
"7961",-7670.818
"7962",-7559.381
"7963",-7378.709
"7964",-7483.872
"7965",-7741.02
"7966",-7723.723
"7967",-7671.429
"7968",-7808.062
"7969",-7608.491
"7970",-7734.882
"7971",-7807.83
"7972",-7776.604
"7973",-7653.248
"7974",-7587.369
"7975",-7460.541
"7976",-7590.142
"7977",-7436.984
"7978",-7539.091
"7979",-7768.257
"7980",-7670.528
"7981",-7726.853
"7982",-7738.784
"7983",-7741.542
"7984",-7646.952
"7985",-7530.086
"7986",-7603.22
"7987",-7612.501
"7988",-7551.723
"7989",-7611.416
"7990",-7677.446
"7991",-7669.052
"7992",-7956.063
"7993",-7756.711
"7994",-7638.286
"7995",-7763.685
"7996",-7734.592
"7997",-7497.507
"7998",-7678.354
"7999",-7738.684
"8000",-7550.319
"8001",-7691.57
"8002",-7493.395
"8003",-7596.394
"8004",-7677.416
"8005",-7779.768
"8006",-7620.173
"8007",-7750.061
"8008",-7840.277
"8009",-7331.853
"8010",-7808.947
"8011",-7793.388
"8012",-7575.256
"8013",-7597.162
"8014",-7561.687
"8015",-7446.013
"8016",-7584.11
"8017",-7790.396
"8018",-7778.396
"8019",-7623.538
"8020",-7556.35
"8021",-7767.106
"8022",-7684.615
"8023",-7668.675
"8024",-7462.154
"8025",-7659.157
"8026",-7690.609
"8027",-7788.827
"8028",-7568.566
"8029",-7712.459
"8030",-7687.415
"8031",-7727.489
"8032",-7482.751
"8033",-7536.431
"8034",-7753.396
"8035",-7678.043
"8036",-7567.49
"8037",-7471.217
"8038",-7772.264
"8039",-7666.054
"8040",-7749.759
"8041",-7649.662
"8042",-7709.174
"8043",-7697.109
"8044",-7639.575
"8045",-7736.146
"8046",-7756.293
"8047",-7715.113
"8048",-7695.832
"8049",-7722.478
"8050",-7537.601
"8051",-7808.054
"8052",-7647.19
"8053",-7500.129
"8054",-7659.202
"8055",-7697.126
"8056",-7687.123
"8057",-7548.552
"8058",-7649.018
"8059",-7542.687
"8060",-7593.819
"8061",-7605.298
"8062",-7487.431
"8063",-7808.904
"8064",-7715.898
"8065",-7779.618
"8066",-7653.579
"8067",-7805.033
"8068",-7586.27
"8069",-7632.778
"8070",-7464.874
"8071",-7599.16
"8072",-7897.598
"8073",-7819.414
"8074",-7787.667
"8075",-7552.892
"8076",-7904.914
"8077",-7740.006
"8078",-7645.424
"8079",-7775.096
"8080",-7716.612
"8081",-7885.651
"8082",-7623.197
"8083",-7555.424
"8084",-7772.195
"8085",-7722.622
"8086",-7745.555
"8087",-7807.59
"8088",-7725.27
"8089",-7703.142
"8090",-7856.46
"8091",-7588.676
"8092",-7675.858
"8093",-7666.09
"8094",-7614.705
"8095",-7618.537
"8096",-7629.014
"8097",-7667.876
"8098",-7751.651
"8099",-7689.089
"8100",-7782.949
"8101",-7544.173
"8102",-7497.093
"8103",-7551.314
"8104",-7672.416
"8105",-7554.496
"8106",-7561.084
"8107",-7676.054
"8108",-7668.58
"8109",-7621.972
"8110",-7505.258
"8111",-7682.528
"8112",-7481.355
"8113",-7627.552
"8114",-7609.699
"8115",-7622.169
"8116",-7574.979
"8117",-7723.411
"8118",-7757.206
"8119",-7688.124
"8120",-7844.193
"8121",-7694.837
"8122",-7652.018
"8123",-7740.221
"8124",-7671.687
"8125",-7530.327
"8126",-7710.468
"8127",-7649.528
"8128",-7744.865
"8129",-7716.455
"8130",-7398.747
"8131",-7673.083
"8132",-7573.301
"8133",-7608.177
"8134",-7567.158
"8135",-7784.229
"8136",-7640.166
"8137",-7640.556
"8138",-7674.271
"8139",-7865.194
"8140",-7699.859
"8141",-7400.278
"8142",-7621.369
"8143",-7601.509
"8144",-7717.596
"8145",-7682.125
"8146",-7702.758
"8147",-7562.22
"8148",-7686.529
"8149",-7658.639
"8150",-7801.047
"8151",-7797.145
"8152",-7713.563
"8153",-7707.937
"8154",-7422.299
"8155",-7641.776
"8156",-7573.095
"8157",-7708.932
"8158",-7608.514
"8159",-7625.053
"8160",-7612.545
"8161",-7670.027
"8162",-7778.175
"8163",-7594.105
"8164",-7688.894
"8165",-7403.716
"8166",-7713.907
"8167",-7663.975
"8168",-7532.799
"8169",-7710.907
"8170",-7417.082
"8171",-7461.288
"8172",-7743.122
"8173",-7673.367
"8174",-7644.511
"8175",-7651.41
"8176",-7878.736
"8177",-7800.122
"8178",-7606.824
"8179",-7627.754
"8180",-7522.358
"8181",-7723.906
"8182",-7684.684
"8183",-7631.787
"8184",-7826.621
"8185",-7721.181
"8186",-7563.804
"8187",-7504.995
"8188",-7777.415
"8189",-7696.374
"8190",-7528.248
"8191",-7690.471
"8192",-7484.494
"8193",-7440.487
"8194",-7669.648
"8195",-7550.233
"8196",-7619.173
"8197",-7724.175
"8198",-7641.641
"8199",-7568.256
"8200",-7680.532
"8201",-7559.519
"8202",-7609.548
"8203",-7514.045
"8204",-7510.985
"8205",-7548.678
"8206",-7767.536
"8207",-7564.568
"8208",-7726.688
"8209",-7641.187
"8210",-7547.831
"8211",-7796.638
"8212",-7684.212
"8213",-7648.87
"8214",-7692.87
"8215",-7698.665
"8216",-7609.403
"8217",-7742.791
"8218",-7489.023
"8219",-7532.301
"8220",-7542.271
"8221",-7777.015
"8222",-7520.199
"8223",-7674.405
"8224",-7738.171
"8225",-7626.782
"8226",-7591.78
"8227",-7827.202
"8228",-7653.914
"8229",-7638.348
"8230",-7590.091
"8231",-7630.589
"8232",-7630.45
"8233",-7728.381
"8234",-7552.857
"8235",-7474.162
"8236",-7804.627
"8237",-7491.308
"8238",-7746.933
"8239",-7527.688
"8240",-7526.321
"8241",-7674.053
"8242",-7647.34
"8243",-7663.35
"8244",-7755.197
"8245",-7667.333
"8246",-7576.085
"8247",-7608.327
"8248",-7506.14
"8249",-7852.989
"8250",-7680.723
"8251",-7673.441
"8252",-7741.824
"8253",-7829.141
"8254",-7714.584
"8255",-7614.498
"8256",-7636.545
"8257",-7904.42
"8258",-7686.035
"8259",-7535.232
"8260",-7695.525
"8261",-7574.181
"8262",-7611.776
"8263",-7661.949
"8264",-7493.631
"8265",-7768.515
"8266",-7665.48
"8267",-7731.642
"8268",-7588.039
"8269",-7647.694
"8270",-7700.263
"8271",-7681.693
"8272",-7696.849
"8273",-7705.172
"8274",-7571.03
"8275",-7804.716
"8276",-7608.663
"8277",-7727.094
"8278",-7774.277
"8279",-7655.828
"8280",-7848.561
"8281",-7512.148
"8282",-7615.297
"8283",-7613.641
"8284",-7796.157
"8285",-7569.611
"8286",-7420.174
"8287",-7776.971
"8288",-7631.126
"8289",-7532.52
"8290",-7743.175
"8291",-7729.394
"8292",-7628.66
"8293",-7514.853
"8294",-7591.043
"8295",-7795.281
"8296",-7730.606
"8297",-7530.615
"8298",-7679.123
"8299",-7758.017
"8300",-7459.855
"8301",-7916.883
"8302",-7436.138
"8303",-7530.811
"8304",-7701.152
"8305",-7758.482
"8306",-7657.822
"8307",-7709.467
"8308",-7586.445
"8309",-7664.199
"8310",-7644.197
"8311",-7611.595
"8312",-7557.024
"8313",-7695.197
"8314",-7715.759
"8315",-7766.005
"8316",-7549.303
"8317",-7700.851
"8318",-7819.641
"8319",-7641.494
"8320",-7644.448
"8321",-7568.54
"8322",-7675.56
"8323",-7686.639
"8324",-7558.862
"8325",-7677.447
"8326",-7700.378
"8327",-7622.19
"8328",-7687.461
"8329",-7482.407
"8330",-7776.646
"8331",-7676.795
"8332",-8026.701
"8333",-7475.918
"8334",-7702.298
"8335",-7760.721
"8336",-7886.481
"8337",-7632.935
"8338",-7694.962
"8339",-7718.363
"8340",-7650.099
"8341",-7662.097
"8342",-7524.751
"8343",-7696.366
"8344",-7630.758
"8345",-7682.579
"8346",-7841.985
"8347",-7726.96
"8348",-7578.452
"8349",-7590.682
"8350",-7563.673
"8351",-7684.517
"8352",-7720.587
"8353",-7833.031
"8354",-7489.22
"8355",-7621.495
"8356",-7540.904
"8357",-7687.489
"8358",-7503.567
"8359",-7630.781
"8360",-7716.065
"8361",-7787.233
"8362",-7569.946
"8363",-7754.428
"8364",-7742.056
"8365",-7545.405
"8366",-7829.027
"8367",-7707.979
"8368",-7560.625
"8369",-7797.368
"8370",-7764.916
"8371",-7691.856
"8372",-7635.241
"8373",-7639.421
"8374",-7642.03
"8375",-7761.741
"8376",-7581.821
"8377",-7609.098
"8378",-7734.873
"8379",-7729.576
"8380",-7682.961
"8381",-7688.069
"8382",-7705.367
"8383",-7673.049
"8384",-7759.999
"8385",-7531.212
"8386",-7621.289
"8387",-7471.024
"8388",-7648.62
"8389",-7631.876
"8390",-7652.828
"8391",-7645.916
"8392",-7636.787
"8393",-7568.243
"8394",-7486.87
"8395",-7517.048
"8396",-7968.439
"8397",-7581.542
"8398",-7660.575
"8399",-7806.724
"8400",-7539.619
"8401",-7833.567
"8402",-7671.761
"8403",-7758.025
"8404",-7566.155
"8405",-7712.882
"8406",-7810.194
"8407",-7637.822
"8408",-7552.725
"8409",-7593.225
"8410",-7785.167
"8411",-7666.431
"8412",-7638.383
"8413",-7722.264
"8414",-7694.026
"8415",-7532.534
"8416",-7547.133
"8417",-7682.554
"8418",-7725.005
"8419",-7609.12
"8420",-7666.327
"8421",-7546.313
"8422",-7813.331
"8423",-7728.104
"8424",-7542.155
"8425",-7514.338
"8426",-7750.019
"8427",-7695.993
"8428",-7623.793
"8429",-7619.959
"8430",-7650.048
"8431",-7729.404
"8432",-7633.987
"8433",-7856.648
"8434",-7740.261
"8435",-7662.836
"8436",-7613.669
"8437",-7731.893
"8438",-7691.694
"8439",-7551.029
"8440",-7584.052
"8441",-7644.874
"8442",-7548.048
"8443",-7643.295
"8444",-7439.471
"8445",-7444.431
"8446",-7721.416
"8447",-7814.008
"8448",-7609.714
"8449",-7647.432
"8450",-7579.533
"8451",-7534.154
"8452",-7662.387
"8453",-7634.309
"8454",-7639.012
"8455",-7643.759
"8456",-7755.114
"8457",-7699.522
"8458",-7809.095
"8459",-7696.969
"8460",-7633.708
"8461",-7691.972
"8462",-7727.898
"8463",-7670.839
"8464",-7553.416
"8465",-7596.859
"8466",-7612.491
"8467",-7729.723
"8468",-7570.862
"8469",-7863.237
"8470",-7501.22
"8471",-7874.297
"8472",-7729.926
"8473",-7752.557
"8474",-7698.841
"8475",-7519.766
"8476",-7628.59
"8477",-7583.158
"8478",-7714.643
"8479",-7716.101
"8480",-7640.176
"8481",-7719.586
"8482",-7713.98
"8483",-7572.325
"8484",-7748.62
"8485",-7647.486
"8486",-7652.21
"8487",-7532.181
"8488",-7562
"8489",-7735.999
"8490",-7681.27
"8491",-7769.414
"8492",-7541.976
"8493",-7638.3
"8494",-7633.365
"8495",-7625.286
"8496",-7705.915
"8497",-7462.564
"8498",-7786.021
"8499",-7677.984
"8500",-7415.398
"8501",-7747.09
"8502",-7629.167
"8503",-7571.599
"8504",-7676.732
"8505",-7497.155
"8506",-7657.135
"8507",-7531.492
"8508",-7528.126
"8509",-7692.883
"8510",-7669.332
"8511",-7580.399
"8512",-7853.683
"8513",-7375.985
"8514",-7695.605
"8515",-7741.141
"8516",-7679.892
"8517",-7528.229
"8518",-7738.148
"8519",-7718.397
"8520",-7700.881
"8521",-7480.314
"8522",-7646.603
"8523",-7507.884
"8524",-7601.856
"8525",-7763.703
"8526",-7717.241
"8527",-7525.73
"8528",-7769.527
"8529",-7455.655
"8530",-7814.31
"8531",-7540.903
"8532",-7736.08
"8533",-7849.33
"8534",-7648.406
"8535",-7576.988
"8536",-7703.317
"8537",-7775.962
"8538",-7730.68
"8539",-7577.978
"8540",-7734.118
"8541",-7794.493
"8542",-7735.631
"8543",-7655.755
"8544",-7784.593
"8545",-7642.064
"8546",-7852.381
"8547",-7762.599
"8548",-7709.045
"8549",-7774.585
"8550",-7476.564
"8551",-7530.731
"8552",-7708.053
"8553",-7781.387
"8554",-7572.223
"8555",-7763.943
"8556",-7547.252
"8557",-7632.705
"8558",-7656.774
"8559",-7621.284
"8560",-7522.58
"8561",-7754.575
"8562",-7659.847
"8563",-7631.866
"8564",-7639.255
"8565",-7564.821
"8566",-7561.67
"8567",-7649.148
"8568",-7662.115
"8569",-7525.269
"8570",-7471.239
"8571",-7504.702
"8572",-7476.476
"8573",-7806.461
"8574",-7628.264
"8575",-7608.882
"8576",-7759.188
"8577",-7580.576
"8578",-7572.631
"8579",-7530.772
"8580",-7550.465
"8581",-7552.316
"8582",-7576.443
"8583",-7648.387
"8584",-7815.669
"8585",-7673.076
"8586",-7701.52
"8587",-7672.717
"8588",-7764.774
"8589",-7524.169
"8590",-7703.223
"8591",-7502.637
"8592",-7631.769
"8593",-7563.835
"8594",-7508.583
"8595",-7656.329
"8596",-7692.98
"8597",-7797.505
"8598",-7589.088
"8599",-7699.858
"8600",-7692.191
"8601",-7760.006
"8602",-7645.309
"8603",-7757.04
"8604",-7742.754
"8605",-7503.55
"8606",-7542.61
"8607",-7720.398
"8608",-7534.923
"8609",-7421.196
"8610",-7553.929
"8611",-7601.048
"8612",-7655.583
"8613",-7599.099
"8614",-7530.545
"8615",-7650.73
"8616",-7493.562
"8617",-7547.346
"8618",-7516.972
"8619",-7782.836
"8620",-7631.509
"8621",-7414.108
"8622",-7580.688
"8623",-7567.787
"8624",-7622.355
"8625",-7785.008
"8626",-7479.105
"8627",-7694.266
"8628",-7611.609
"8629",-7571.237
"8630",-7473.852
"8631",-7819.916
"8632",-7537.569
"8633",-7566.293
"8634",-7773.461
"8635",-7537.753
"8636",-7523.013
"8637",-7668.493
"8638",-7553.517
"8639",-7837.368
"8640",-7723.991
"8641",-7811.999
"8642",-7605.986
"8643",-7486.363
"8644",-7577.503
"8645",-7610.996
"8646",-7581.853
"8647",-7567.945
"8648",-7660.826
"8649",-7461.717
"8650",-7769.179
"8651",-7608.416
"8652",-7639.051
"8653",-7821.046
"8654",-7550.94
"8655",-7731.976
"8656",-7867.508
"8657",-7873.601
"8658",-7792.4
"8659",-7484.09
"8660",-7759.288
"8661",-7500.707
"8662",-7713.389
"8663",-7792.048
"8664",-7689.695
"8665",-7679.57
"8666",-7750.994
"8667",-7434.679
"8668",-7774.026
"8669",-7647.573
"8670",-7635.446
"8671",-7663.403
"8672",-7579.461
"8673",-7798.583
"8674",-7592.733
"8675",-7550.004
"8676",-7649.816
"8677",-7601.505
"8678",-7751.092
"8679",-7551.921
"8680",-7716.242
"8681",-7919.863
"8682",-7749.563
"8683",-7812.969
"8684",-7562.385
"8685",-7433.796
"8686",-7900.213
"8687",-7686.655
"8688",-7859.46
"8689",-7418.042
"8690",-7546.591
"8691",-7691.613
"8692",-7556.765
"8693",-7579.073
"8694",-7909.204
"8695",-7586.945
"8696",-7620.338
"8697",-7494.421
"8698",-7695.5
"8699",-7663.38
"8700",-7673.25
"8701",-7472.275
"8702",-7563.323
"8703",-7829.721
"8704",-7468.926
"8705",-7605.115
"8706",-7710.493
"8707",-7663.707
"8708",-7689.668
"8709",-7589.507
"8710",-7624.532
"8711",-7775.458
"8712",-7871.613
"8713",-7723.999
"8714",-7757.896
"8715",-7765.834
"8716",-7706.059
"8717",-7375.889
"8718",-7410.253
"8719",-7796.934
"8720",-7801.378
"8721",-7600.163
"8722",-7362.881
"8723",-7760.315
"8724",-7682.568
"8725",-7706.692
"8726",-7714.062
"8727",-7467.908
"8728",-7830.396
"8729",-7674.429
"8730",-7729.262
"8731",-7627.065
"8732",-7474.859
"8733",-7497.349
"8734",-7567.147
"8735",-7523.77
"8736",-7829.596
"8737",-7731.524
"8738",-7756.334
"8739",-7539.216
"8740",-7455.869
"8741",-7571.906
"8742",-7798.868
"8743",-7735.83
"8744",-7745.396
"8745",-7630.873
"8746",-7548.649
"8747",-7431.765
"8748",-7553.299
"8749",-7730.806
"8750",-7676.211
"8751",-7581.785
"8752",-7516.741
"8753",-7719.015
"8754",-7765.374
"8755",-7773.644
"8756",-7649.851
"8757",-7638.872
"8758",-7887.969
"8759",-7644.573
"8760",-7625.085
"8761",-7720.519
"8762",-7824.575
"8763",-7517.416
"8764",-7742.907
"8765",-7732.622
"8766",-7847.86
"8767",-7597.465
"8768",-7607.473
"8769",-7644.537
"8770",-7591.252
"8771",-7569.262
"8772",-7694.462
"8773",-7678.396
"8774",-7704.129
"8775",-7492.842
"8776",-7680.329
"8777",-7559.376
"8778",-7715.315
"8779",-7666.885
"8780",-7709.065
"8781",-7592.648
"8782",-7515.268
"8783",-7702.334
"8784",-7657.423
"8785",-7667.788
"8786",-7712.756
"8787",-7775.193
"8788",-7732.796
"8789",-7771.9
"8790",-7640.576
"8791",-7445.198
"8792",-7644.89
"8793",-7676.271
"8794",-7750.997
"8795",-7676.648
"8796",-7700.437
"8797",-7477.89
"8798",-7621.286
"8799",-7617.841
"8800",-7623.546
"8801",-7716.515
"8802",-7867.908
"8803",-7665.941
"8804",-7666.036
"8805",-7633.76
"8806",-7644.35
"8807",-7657.016
"8808",-7755.488
"8809",-7684.541
"8810",-7563.754
"8811",-7724.287
"8812",-7697.183
"8813",-7726.993
"8814",-7561.661
"8815",-7556.77
"8816",-7591.284
"8817",-7691.078
"8818",-7764.168
"8819",-7774.506
"8820",-7724.547
"8821",-7753.79
"8822",-7516.116
"8823",-7597.401
"8824",-7654.119
"8825",-7570.627
"8826",-7516.033
"8827",-7656.412
"8828",-7466.897
"8829",-7593.893
"8830",-7532.016
"8831",-7675.237
"8832",-7606.59
"8833",-7616.729
"8834",-7626.955
"8835",-7616.181
"8836",-7684.087
"8837",-7650.604
"8838",-7867.628
"8839",-7689.349
"8840",-7738.289
"8841",-7687.637
"8842",-7677.959
"8843",-7714.756
"8844",-7630.826
"8845",-7513.746
"8846",-7806.953
"8847",-7524.701
"8848",-7600.133
"8849",-7529.765
"8850",-7361.179
"8851",-7636.494
"8852",-7719.93
"8853",-7746.923
"8854",-7542.028
"8855",-7744.838
"8856",-7558.427
"8857",-7720.839
"8858",-7731.946
"8859",-7442.052
"8860",-7680.469
"8861",-7766.73
"8862",-7627.533
"8863",-7491.071
"8864",-7951.91
"8865",-7773.758
"8866",-7505.148
"8867",-7683.068
"8868",-7810.11
"8869",-7638.507
"8870",-7628.201
"8871",-7510.811
"8872",-7778.922
"8873",-7544.051
"8874",-7720.206
"8875",-7879.222
"8876",-7712.955
"8877",-7687.68
"8878",-7577.045
"8879",-7761.989
"8880",-7751.783
"8881",-7806.978
"8882",-7693.612
"8883",-7589.425
"8884",-7652.344
"8885",-7790.301
"8886",-7447.193
"8887",-7658.655
"8888",-7572.539
"8889",-7754.731
"8890",-7576.058
"8891",-7772.156
"8892",-7588.219
"8893",-7586.337
"8894",-7624.28
"8895",-7760.297
"8896",-7739.756
"8897",-7703.162
"8898",-7752.593
"8899",-7629.737
"8900",-7661.236
"8901",-7703.813
"8902",-7745.216
"8903",-7522.368
"8904",-7600.417
"8905",-7712.561
"8906",-7638.94
"8907",-7918.829
"8908",-7791.17
"8909",-7617.812
"8910",-7692.186
"8911",-7482.885
"8912",-7720.629
"8913",-7761.593
"8914",-7617.516
"8915",-7699.897
"8916",-7780.323
"8917",-7590.501
"8918",-7581.176
"8919",-7636.624
"8920",-7557.299
"8921",-7711.154
"8922",-7583.897
"8923",-7675.321
"8924",-7541.598
"8925",-7726.449
"8926",-7643.132
"8927",-7728.555
"8928",-7788.193
"8929",-7696.118
"8930",-7668.005
"8931",-7838.165
"8932",-7515.446
"8933",-7652.427
"8934",-7589.797
"8935",-7491.636
"8936",-7663.807
"8937",-7652.87
"8938",-7547.972
"8939",-7550.947
"8940",-7729.503
"8941",-7553.081
"8942",-7593.255
"8943",-7551.64
"8944",-7630.796
"8945",-7767.03
"8946",-7536.731
"8947",-7620.482
"8948",-7608.198
"8949",-7784.697
"8950",-7623.984
"8951",-7586.304
"8952",-7719.046
"8953",-7836.422
"8954",-7640.5
"8955",-7580.708
"8956",-7846.835
"8957",-7537.448
"8958",-7526.673
"8959",-7568.927
"8960",-7665.251
"8961",-7637.695
"8962",-7760.934
"8963",-7724.865
"8964",-7591.163
"8965",-7513.396
"8966",-7764.292
"8967",-7606.369
"8968",-7523.681
"8969",-7782.127
"8970",-7634.731
"8971",-7682.031
"8972",-7855.703
"8973",-7548.179
"8974",-7511.81
"8975",-7641.988
"8976",-7675.732
"8977",-7463.522
"8978",-7584.301
"8979",-7523.461
"8980",-7730.834
"8981",-7617.407
"8982",-7693.382
"8983",-7598.173
"8984",-7780.296
"8985",-7705.864
"8986",-7623.967
"8987",-7507.731
"8988",-7726.939
"8989",-7686.117
"8990",-7489.041
"8991",-7709.399
"8992",-7538.815
"8993",-7600.384
"8994",-7635.095
"8995",-7633.216
"8996",-7706.961
"8997",-7710.766
"8998",-7574.145
"8999",-7770.564
"9000",-7676.496
"9001",-7720.911
"9002",-7646.104
"9003",-7637.796
"9004",-7700.413
"9005",-7880.674
"9006",-7627.541
"9007",-7634.911
"9008",-7592.619
"9009",-7905.705
"9010",-7832.26
"9011",-7778.961
"9012",-7711.481
"9013",-7753.994
"9014",-7548.068
"9015",-7850.58
"9016",-7781.468
"9017",-7693.477
"9018",-7604.947
"9019",-7624.42
"9020",-7831.044
"9021",-7496.893
"9022",-7623.562
"9023",-7664.214
"9024",-7702.573
"9025",-7631.097
"9026",-7755.164
"9027",-7680.994
"9028",-7493.224
"9029",-7341.927
"9030",-7763.433
"9031",-7567.942
"9032",-7506.265
"9033",-7780.331
"9034",-7714.726
"9035",-7799.657
"9036",-7514.18
"9037",-7740.885
"9038",-7758.96
"9039",-7512.802
"9040",-7478.007
"9041",-7746.746
"9042",-7660.045
"9043",-7696.165
"9044",-7680.249
"9045",-7505.456
"9046",-7748.23
"9047",-7650.733
"9048",-7723.731
"9049",-7447.36
"9050",-7651.485
"9051",-7667.849
"9052",-7614.997
"9053",-7681.821
"9054",-7652.912
"9055",-7638.302
"9056",-7685.832
"9057",-7667.197
"9058",-7767.809
"9059",-7771.437
"9060",-7750.792
"9061",-7605.592
"9062",-7583.063
"9063",-7531.32
"9064",-7486.931
"9065",-7570.492
"9066",-7756.27
"9067",-7741.83
"9068",-7481.535
"9069",-7621.255
"9070",-7356.546
"9071",-7617.561
"9072",-7515.067
"9073",-7739.779
"9074",-7545.717
"9075",-7669.333
"9076",-7466.332
"9077",-7719.875
"9078",-7659.571
"9079",-7509.34
"9080",-7806.997
"9081",-7568.418
"9082",-7637.882
"9083",-7722.032
"9084",-7543.388
"9085",-7729.584
"9086",-7616.908
"9087",-7546.269
"9088",-7776.314
"9089",-7527.096
"9090",-7529.157
"9091",-7611.478
"9092",-7641.705
"9093",-7622.274
"9094",-7739.317
"9095",-7588.274
"9096",-7625.947
"9097",-7649.466
"9098",-7584.637
"9099",-7578.011
"9100",-7694.471
"9101",-7773.83
"9102",-7617.231
"9103",-7762.078
"9104",-7751.156
"9105",-7536.647
"9106",-7469.633
"9107",-7634.232
"9108",-7580.241
"9109",-7539.615
"9110",-7698.724
"9111",-7655.815
"9112",-7609.606
"9113",-7828.834
"9114",-7693.825
"9115",-7473.376
"9116",-7740.924
"9117",-7682.845
"9118",-7508.312
"9119",-7750.089
"9120",-7554.35
"9121",-7571.482
"9122",-7758.601
"9123",-7717.868
"9124",-7639.017
"9125",-7508.669
"9126",-7587.255
"9127",-7691.545
"9128",-7819.63
"9129",-7650.518
"9130",-7669.719
"9131",-7799.084
"9132",-7723.339
"9133",-7874.728
"9134",-7787.155
"9135",-7587.993
"9136",-7845.346
"9137",-7789.867
"9138",-7748.934
"9139",-7732.415
"9140",-7621.479
"9141",-7595.191
"9142",-7888.767
"9143",-7598.154
"9144",-7525.922
"9145",-7654.995
"9146",-7579.211
"9147",-7582.339
"9148",-7642.798
"9149",-7497.539
"9150",-7597.084
"9151",-7792.37
"9152",-7628.064
"9153",-7750.598
"9154",-7731.993
"9155",-7506.537
"9156",-7633.287
"9157",-7844.282
"9158",-7836.912
"9159",-7490.812
"9160",-7808.211
"9161",-7495.951
"9162",-7638.202
"9163",-7733.158
"9164",-7673.411
"9165",-7563.448
"9166",-7647.676
"9167",-7628.761
"9168",-7578.884
"9169",-7664.106
"9170",-7655.752
"9171",-7693.716
"9172",-7618.691
"9173",-7558.907
"9174",-7688.923
"9175",-7749.102
"9176",-7603.016
"9177",-7708.325
"9178",-7615.336
"9179",-7650.379
"9180",-7681.298
"9181",-7657.385
"9182",-7708.502
"9183",-7689.877
"9184",-7495.109
"9185",-7628.408
"9186",-7733.098
"9187",-7507.601
"9188",-7659.921
"9189",-7684.711
"9190",-7716.781
"9191",-7427.236
"9192",-7715.513
"9193",-7802.437
"9194",-7726.597
"9195",-7551.13
"9196",-7533.115
"9197",-7798.947
"9198",-7890.878
"9199",-7724.355
"9200",-7592.968
"9201",-7695.611
"9202",-7430.141
"9203",-7645.771
"9204",-7630.476
"9205",-7652.513
"9206",-7470.915
"9207",-7657.666
"9208",-7641.906
"9209",-7672.11
"9210",-7448.112
"9211",-7537.027
"9212",-7750.421
"9213",-7659.9
"9214",-7528.11
"9215",-7658.06
"9216",-7685.968
"9217",-7782.268
"9218",-7615.82
"9219",-7820.939
"9220",-7475.418
"9221",-7663.081
"9222",-7590.027
"9223",-7554.738
"9224",-7873.722
"9225",-7604.745
"9226",-7625.618
"9227",-7699.579
"9228",-7513.564
"9229",-7607.105
"9230",-7618.37
"9231",-7549.429
"9232",-7914.962
"9233",-7573.2
"9234",-7616.86
"9235",-7529.769
"9236",-7520.455
"9237",-7591.399
"9238",-7508.221
"9239",-7675.854
"9240",-7590.249
"9241",-7601.041
"9242",-7665.789
"9243",-7744.092
"9244",-7818.79
"9245",-7693.94
"9246",-7648.587
"9247",-7526.259
"9248",-7463.102
"9249",-7756.359
"9250",-7734.835
"9251",-7577.516
"9252",-7608.092
"9253",-7772.622
"9254",-7644.128
"9255",-7593.432
"9256",-7449.777
"9257",-7519.339
"9258",-7624.387
"9259",-7591.561
"9260",-7406.148
"9261",-7593.192
"9262",-7500.945
"9263",-7524.928
"9264",-7539.611
"9265",-7697.085
"9266",-7576.704
"9267",-7751.492
"9268",-7698.332
"9269",-7605.681
"9270",-7643.744
"9271",-7623.856
"9272",-7700.662
"9273",-7691.267
"9274",-7584.962
"9275",-7688.714
"9276",-7757.33
"9277",-7465.782
"9278",-7748.552
"9279",-7649.553
"9280",-7573.819
"9281",-7422.942
"9282",-7802.512
"9283",-7649.728
"9284",-7532.242
"9285",-7722.808
"9286",-7757.889
"9287",-7732.217
"9288",-7714.479
"9289",-7557.35
"9290",-7689.99
"9291",-7725.345
"9292",-7747.5
"9293",-7588.658
"9294",-7594.724
"9295",-7642.223
"9296",-7633.657
"9297",-7733.157
"9298",-7591.889
"9299",-7788.422
"9300",-7604.827
"9301",-7454.755
"9302",-7349.313
"9303",-7594.929
"9304",-7671.737
"9305",-7609.963
"9306",-7797.504
"9307",-7547.072
"9308",-7622.506
"9309",-7735.224
"9310",-7580.185
"9311",-7524.935
"9312",-7776.479
"9313",-7552.336
"9314",-7575.983
"9315",-7632.614
"9316",-7702.503
"9317",-7687.199
"9318",-7655.745
"9319",-7823.489
"9320",-7672.519
"9321",-7505.902
"9322",-7572.219
"9323",-7647.111
"9324",-7624.166
"9325",-7879.883
"9326",-7567.891
"9327",-7625.066
"9328",-7677.855
"9329",-7913.198
"9330",-7716.184
"9331",-7802.81
"9332",-7803.56
"9333",-7505.153
"9334",-7615.861
"9335",-7574.247
"9336",-7671.69
"9337",-7645.059
"9338",-7908.81
"9339",-7628.609
"9340",-7746.855
"9341",-7712.14
"9342",-7641.272
"9343",-7579.177
"9344",-7687.36
"9345",-7578.966
"9346",-7674.346
"9347",-7744.017
"9348",-7670.567
"9349",-7734.781
"9350",-7503.863
"9351",-7529.131
"9352",-7509.666
"9353",-7633.598
"9354",-7580.13
"9355",-7795.223
"9356",-7902.408
"9357",-7778.913
"9358",-7540.904
"9359",-7826.803
"9360",-7650.3
"9361",-7880.061
"9362",-7571.143
"9363",-7798.064
"9364",-7558.023
"9365",-7594.979
"9366",-7568.676
"9367",-7374.887
"9368",-7823.58
"9369",-7717.256
"9370",-7633.025
"9371",-7725.697
"9372",-7547.298
"9373",-7774.199
"9374",-7461.002
"9375",-7714.164
"9376",-7679.263
"9377",-7681.532
"9378",-7631.982
"9379",-7796.35
"9380",-7711.902
"9381",-7659.703
"9382",-7725.334
"9383",-7803.348
"9384",-7711.735
"9385",-7732.221
"9386",-7645.2
"9387",-7675.804
"9388",-7515.064
"9389",-7557.046
"9390",-7509.133
"9391",-7573.924
"9392",-7804.025
"9393",-7610.411
"9394",-7649.373
"9395",-7731.094
"9396",-7740.173
"9397",-7694.523
"9398",-7494.329
"9399",-7773.47
"9400",-7706.868
"9401",-7661.53
"9402",-7457.605
"9403",-7831.625
"9404",-7671.309
"9405",-7549.763
"9406",-7677.336
"9407",-7626.79
"9408",-7566.052
"9409",-7677.39
"9410",-7609.124
"9411",-7662.177
"9412",-7573.668
"9413",-7590.319
"9414",-7518.589
"9415",-7560.284
"9416",-7709.725
"9417",-7702.583
"9418",-7565.784
"9419",-7478.909
"9420",-7602.999
"9421",-7725.702
"9422",-7874.62
"9423",-7742.988
"9424",-7601.355
"9425",-7615.813
"9426",-7598.356
"9427",-7768.299
"9428",-7720.052
"9429",-7604.344
"9430",-7641.123
"9431",-7766.034
"9432",-7614.484
"9433",-7712.783
"9434",-7612.09
"9435",-7486.761
"9436",-7498.027
"9437",-7485.908
"9438",-7818.618
"9439",-7779.319
"9440",-7730.971
"9441",-7701.979
"9442",-7563.585
"9443",-7799.167
"9444",-7707.462
"9445",-7663.863
"9446",-7575.836
"9447",-7596.01
"9448",-7717.202
"9449",-7582.383
"9450",-7632.731
"9451",-7665.573
"9452",-7724.123
"9453",-7848.543
"9454",-7691.741
"9455",-7855.733
"9456",-7526.362
"9457",-7531.666
"9458",-7661.27
"9459",-7754.121
"9460",-7688.182
"9461",-7687.763
"9462",-7657.945
"9463",-7459.107
"9464",-7548.898
"9465",-7553.518
"9466",-7743.557
"9467",-7684.592
"9468",-7850.583
"9469",-7554.927
"9470",-7553.439
"9471",-7615.912
"9472",-7688.513
"9473",-7705.934
"9474",-7580.146
"9475",-7560.75
"9476",-7723.946
"9477",-7495.476
"9478",-7436.748
"9479",-7499.308
"9480",-7850.544
"9481",-7639.449
"9482",-7649.175
"9483",-7819.723
"9484",-7741.573
"9485",-7753.233
"9486",-7710.851
"9487",-7676.335
"9488",-7742.645
"9489",-7747.001
"9490",-7581.467
"9491",-7674.674
"9492",-7596.666
"9493",-7676.074
"9494",-7841.333
"9495",-7701.575
"9496",-7630.219
"9497",-7685.827
"9498",-7422.508
"9499",-7763.875
"9500",-7599.454
"9501",-7597.545
"9502",-7644.887
"9503",-7680.712
"9504",-7621.866
"9505",-7551.496
"9506",-7675.19
"9507",-7710.249
"9508",-7712.177
"9509",-7794.995
"9510",-7608.666
"9511",-7939.589
"9512",-7626.289
"9513",-7615.144
"9514",-7458.471
"9515",-7715.497
"9516",-7698.513
"9517",-7550.039
"9518",-7628.32
"9519",-7560.328
"9520",-7704.978
"9521",-7513.529
"9522",-7733.926
"9523",-7663.137
"9524",-7628.858
"9525",-7641.985
"9526",-7449.516
"9527",-7701.937
"9528",-7649.657
"9529",-7670.632
"9530",-7535.91
"9531",-7695.459
"9532",-7741.66
"9533",-7603.027
"9534",-7807.23
"9535",-7813.231
"9536",-7575.009
"9537",-7594.253
"9538",-7407.547
"9539",-7784.476
"9540",-7541.066
"9541",-7566.089
"9542",-7528.384
"9543",-7676.62
"9544",-7760.985
"9545",-7593.738
"9546",-7832.484
"9547",-7670.916
"9548",-7684.567
"9549",-7645.113
"9550",-7525.347
"9551",-7782.674
"9552",-7560.016
"9553",-7741.332
"9554",-7621.783
"9555",-7635.74
"9556",-7700.261
"9557",-7682.504
"9558",-7676.375
"9559",-7668.216
"9560",-7753.421
"9561",-7733.813
"9562",-7647.838
"9563",-7730.427
"9564",-7446.056
"9565",-7681.163
"9566",-7611.16
"9567",-7677.669
"9568",-7714.924
"9569",-7740.297
"9570",-7834.143
"9571",-7605.117
"9572",-7522.88
"9573",-7690.751
"9574",-7681.952
"9575",-7560.267
"9576",-7638.742
"9577",-7774.546
"9578",-7673.852
"9579",-7650.265
"9580",-7676.744
"9581",-7604.796
"9582",-7656.178
"9583",-7539.195
"9584",-7562.59
"9585",-7791.692
"9586",-7716.722
"9587",-7833.244
"9588",-7346.223
"9589",-7653.484
"9590",-7794.229
"9591",-7842.716
"9592",-7432.963
"9593",-7460.313
"9594",-7698.96
"9595",-7632.64
"9596",-7706.084
"9597",-7511.083
"9598",-7822.416
"9599",-7757.603
"9600",-7739.848
"9601",-7588.789
"9602",-7693.756
"9603",-7864.328
"9604",-7619.239
"9605",-7653.932
"9606",-7714.005
"9607",-7507.391
"9608",-7699.066
"9609",-7730.649
"9610",-7687.089
"9611",-7524.824
"9612",-7591.649
"9613",-7621.196
"9614",-7667.411
"9615",-7660.528
"9616",-7725.792
"9617",-7638.045
"9618",-7705.938
"9619",-7655.868
"9620",-7752.559
"9621",-7552.697
"9622",-7761.366
"9623",-7661.653
"9624",-7882.444
"9625",-7739.006
"9626",-7643.83
"9627",-7635.557
"9628",-7666.561
"9629",-7579.28
"9630",-7598.983
"9631",-7519.878
"9632",-7547.545
"9633",-7625.954
"9634",-7847.968
"9635",-7698.455
"9636",-7651.495
"9637",-7648.166
"9638",-7648.58
"9639",-7824.215
"9640",-7684.42
"9641",-7538.83
"9642",-7375.539
"9643",-7569.492
"9644",-7885.966
"9645",-7797.789
"9646",-7692.837
"9647",-7434.449
"9648",-7685.168
"9649",-7487.816
"9650",-7580.607
"9651",-7806.068
"9652",-7654.49
"9653",-7770.728
"9654",-7607.81
"9655",-7726.219
"9656",-7845.207
"9657",-7542.717
"9658",-7663.035
"9659",-7494.404
"9660",-7725.935
"9661",-7633.046
"9662",-7526.195
"9663",-7613.1
"9664",-7652.878
"9665",-7568.643
"9666",-7712.4
"9667",-7470.215
"9668",-7631.492
"9669",-7662.684
"9670",-7730.847
"9671",-7805.174
"9672",-7680.536
"9673",-7500.878
"9674",-7687.12
"9675",-7511.478
"9676",-7495.599
"9677",-7778.047
"9678",-7749.642
"9679",-7434.495
"9680",-7665.968
"9681",-7532.355
"9682",-7881.595
"9683",-7494.409
"9684",-7694.032
"9685",-7822.437
"9686",-7667.822
"9687",-7705.138
"9688",-7823.032
"9689",-7841.865
"9690",-7729.229
"9691",-7715.442
"9692",-7592.168
"9693",-7503.749
"9694",-7605.302
"9695",-7594.444
"9696",-7776.662
"9697",-7553.747
"9698",-7569.884
"9699",-7502.412
"9700",-7528.864
"9701",-7610.309
"9702",-7694.777
"9703",-7504.04
"9704",-7792.732
"9705",-7775.295
"9706",-7627.135
"9707",-7680.436
"9708",-7860.399
"9709",-7710.264
"9710",-7695.403
"9711",-7855.425
"9712",-7626.282
"9713",-7647.454
"9714",-7712.678
"9715",-7652.895
"9716",-7683.772
"9717",-7556.502
"9718",-7645.419
"9719",-7713.899
"9720",-7540.38
"9721",-7739.129
"9722",-7787.79
"9723",-7757.612
"9724",-7780.223
"9725",-7669.034
"9726",-7773.983
"9727",-7838.242
"9728",-7593.612
"9729",-7463.909
"9730",-7610.629
"9731",-7797.803
"9732",-7530.936
"9733",-7903.618
"9734",-7711.402
"9735",-7798.709
"9736",-7818.517
"9737",-7675.574
"9738",-7523.671
"9739",-7580.377
"9740",-7748.407
"9741",-7532.184
"9742",-7563.789
"9743",-7563.446
"9744",-7753.23
"9745",-7509.483
"9746",-7706.226
"9747",-7613.726
"9748",-7669.049
"9749",-7643.526
"9750",-7713.413
"9751",-7737.14
"9752",-7494.699
"9753",-7531.189
"9754",-7688.21
"9755",-7606.776
"9756",-7731.075
"9757",-7663.285
"9758",-7709.243
"9759",-7799.666
"9760",-7282.4
"9761",-7570.749
"9762",-7850.119
"9763",-7521.571
"9764",-7725.432
"9765",-7838.696
"9766",-7684.614
"9767",-7711.691
"9768",-7556.561
"9769",-7588.993
"9770",-7566.887
"9771",-7480.41
"9772",-7606.758
"9773",-7628.054
"9774",-7546.36
"9775",-7513.271
"9776",-7605.993
"9777",-7759.715
"9778",-7656.629
"9779",-7751.145
"9780",-7577.293
"9781",-7605.239
"9782",-7722.959
"9783",-7478.384
"9784",-7540.126
"9785",-7777.741
"9786",-7892.114
"9787",-7670.373
"9788",-7579.79
"9789",-7544.394
"9790",-7613.344
"9791",-7637.927
"9792",-7701.472
"9793",-7670.567
"9794",-7734.565
"9795",-7589.731
"9796",-7742.368
"9797",-7566.943
"9798",-7778.256
"9799",-7658.723
"9800",-7827.371
"9801",-7558.306
"9802",-7705.233
"9803",-7644.89
"9804",-7554.722
"9805",-7628.13
"9806",-7777.287
"9807",-7689.667
"9808",-7711.613
"9809",-7352.668
"9810",-7691.498
"9811",-7538.299
"9812",-7588.684
"9813",-7701.44
"9814",-7802.034
"9815",-7767.003
"9816",-7623.126
"9817",-7914.675
"9818",-7717.83
"9819",-7698.02
"9820",-7674.735
"9821",-7649.816
"9822",-7625.49
"9823",-7583.186
"9824",-7473.309
"9825",-7678.847
"9826",-7700.452
"9827",-7728.219
"9828",-7601.513
"9829",-7882.755
"9830",-7481.854
"9831",-7630.881
"9832",-7517.153
"9833",-7482.527
"9834",-7535.715
"9835",-7666.98
"9836",-7550.154
"9837",-7818.305
"9838",-7607.488
"9839",-7744.265
"9840",-7616.439
"9841",-7758.111
"9842",-7606.562
"9843",-7450.401
"9844",-7690.378
"9845",-7665.833
"9846",-7471.726
"9847",-7600.257
"9848",-7580.362
"9849",-7572.601
"9850",-7691.637
"9851",-7651.066
"9852",-7632.15
"9853",-7897.712
"9854",-7729.377
"9855",-7673.513
"9856",-7716.06
"9857",-7496.732
"9858",-7681.977
"9859",-7678.881
"9860",-7687.698
"9861",-7446.421
"9862",-7600.06
"9863",-7731.839
"9864",-7800.636
"9865",-7753.866
"9866",-7551.073
"9867",-7601.608
"9868",-7630.106
"9869",-7785.678
"9870",-7526.753
"9871",-7680.475
"9872",-7665.527
"9873",-7644.526
"9874",-7826.206
"9875",-7560.996
"9876",-7619.257
"9877",-7610.57
"9878",-7380.012
"9879",-7607.884
"9880",-7571.705
"9881",-7722.485
"9882",-7500.882
"9883",-7703.186
"9884",-7388.389
"9885",-7612.512
"9886",-7575.723
"9887",-7626.683
"9888",-7683.283
"9889",-7561.833
"9890",-7532.12
"9891",-7511.184
"9892",-7750.215
"9893",-7561.537
"9894",-7709.414
"9895",-7696.15
"9896",-7600.563
"9897",-7636.53
"9898",-7656.727
"9899",-7706.932
"9900",-7589.868
"9901",-7634.451
"9902",-7670.745
"9903",-7633.253
"9904",-7466.608
"9905",-7662.153
"9906",-7552.887
"9907",-7524.698
"9908",-7534.991
"9909",-7686.199
"9910",-7672.04
"9911",-7638.854
"9912",-7671.847
"9913",-7707.13
"9914",-7696.077
"9915",-7598.083
"9916",-7585.975
"9917",-7642.361
"9918",-7657.321
"9919",-7629.35
"9920",-7564.85
"9921",-7959.82
"9922",-7805.684
"9923",-7911.388
"9924",-7604.751
"9925",-7610.753
"9926",-7775.05
"9927",-7579.18
"9928",-7604.98
"9929",-7749.714
"9930",-7669.744
"9931",-7744.934
"9932",-7673.653
"9933",-7444.669
"9934",-7511.785
"9935",-7783.936
"9936",-7591.174
"9937",-7444.704
"9938",-7725.056
"9939",-7624.921
"9940",-7684.614
"9941",-7737.69
"9942",-7703.535
"9943",-7515.421
"9944",-7620.678
"9945",-7690.128
"9946",-7766.038
"9947",-7786.162
"9948",-7801.705
"9949",-7656.308
"9950",-7544.778
"9951",-7708.906
"9952",-7753.534
"9953",-7717.498
"9954",-7697.389
"9955",-7656.964
"9956",-7787.142
"9957",-7646.635
"9958",-7674.4
"9959",-7601.106
"9960",-7643.759
"9961",-7600.765
"9962",-7546.066
"9963",-7596.594
"9964",-7541.974
"9965",-7645.729
"9966",-7693.817
"9967",-7683.156
"9968",-7675.775
"9969",-7652.983
"9970",-7576.892
"9971",-7984.109
"9972",-7654.466
"9973",-7947.795
"9974",-7669.833
"9975",-7827.64
"9976",-7543.504
"9977",-7547.219
"9978",-7513.644
"9979",-7614.209
"9980",-7640.049
"9981",-7778.617
"9982",-7666.779
"9983",-7627.077
"9984",-7645.272
"9985",-7680.981
"9986",-7419.607
"9987",-7561.841
"9988",-7633.045
"9989",-7634.084
"9990",-7736.463
"9991",-7598.141
"9992",-7442.158
"9993",-7553.832
"9994",-7424.055
"9995",-7625.426
"9996",-7707.487
"9997",-7514.037
"9998",-7659.107
"9999",-7789.225
"10000",-7716.959
