1	16	500	500	0.4963	0.377	0.339	0.301	0.256	0.310	0.351	0.335	0.254	0.280	0.293	0.315	0.348	0.307	0.315	0.245	0.391	0.327	0.328	0.295	0.337	0.334	0.284	0.291	0.291	0.245	0.271	0.304	0.270	0.292	0.354	1.904	0.583	0.332	0.197	9.888	-17021.779
2	16	500	500	0.5209	0.214	0.335	0.358	0.275	0.333	0.293	0.247	0.311	0.273	0.365	0.310	0.260	0.294	0.279	0.297	0.329	0.256	0.336	0.328	0.279	0.303	0.272	0.273	0.313	0.355	0.341	0.277	0.252	0.350	0.298	2.115	0.545	0.268	0.210	1.000	-16818.837
3	16	500	500	0.5175	0.296	0.354	0.321	0.303	0.322	0.354	0.299	0.330	0.333	0.331	0.306	0.297	0.285	0.286	0.300	0.253	0.300	0.374	0.322	0.327	0.315	0.253	0.289	0.401	0.270	0.278	0.290	0.273	0.304	0.284	2.059	0.536	0.329	0.210	3.476	-17213.109
4	16	500	500	0.5092	0.249	0.345	0.335	0.294	0.287	0.263	0.268	0.358	0.306	0.240	0.347	0.238	0.338	0.325	0.230	0.321	0.423	0.346	0.318	0.309	0.300	0.360	0.289	0.259	0.347	0.314	0.297	0.243	0.345	0.321	1.886	0.595	0.320	0.194	5.404	-16951.992
5	16	500	500	0.5006	0.285	0.402	0.298	0.292	0.286	0.327	0.276	0.303	0.290	0.316	0.290	0.296	0.279	0.337	0.348	0.342	0.375	0.359	0.322	0.289	0.230	0.338	0.296	0.276	0.325	0.273	0.299	0.265	0.240	0.325	2.123	0.614	0.336	0.200	4.757	-16901.713
6	16	500	500	0.5162	0.292	0.227	0.284	0.262	0.293	0.349	0.331	0.277	0.304	0.309	0.296	0.301	0.263	0.301	0.274	0.301	0.242	0.315	0.332	0.299	0.265	0.272	0.302	0.314	0.271	0.293	0.269	0.335	0.305	0.324	2.017	0.584	0.277	0.197	1.998	-16552.141
7	16	500	500	0.5081	0.389	0.360	0.217	0.317	0.215	0.308	0.302	0.294	0.305	0.364	0.325	0.323	0.236	0.260	0.219	0.395	0.279	0.207	0.264	0.326	0.331	0.251	0.303	0.317	0.341	0.297	0.316	0.228	0.357	0.276	2.101	0.620	0.325	0.203	12.511	-16537.086
8	16	500	500	0.5305	1.907	0.264	0.244	0.323	0.312	0.288	0.330	0.297	0.291	0.294	0.280	0.279	0.258	0.298	0.285	1.885	0.416	0.290	0.253	0.275	0.258	0.315	0.308	0.200	0.311	0.302	0.307	0.285	0.290	0.346	2.039	0.672	0.275	0.209	104.993	-16691.990
9	16	500	500	0.5059	0.598	0.221	0.309	0.344	0.325	0.253	0.286	0.305	0.336	0.311	0.307	0.301	0.311	0.274	0.294	0.000	0.286	0.313	0.328	0.274	0.307	0.265	0.301	0.242	0.318	0.347	0.291	0.307	0.263	0.324	2.073	0.644	0.336	0.216	4.942	-16859.324
10	16	500	500	0.5154	0.288	0.313	0.286	0.303	0.241	0.369	0.298	0.340	0.333	0.366	0.347	0.323	0.317	0.274	0.342	0.282	0.319	0.318	0.268	0.273	0.287	0.370	0.298	0.262	0.263	0.362	0.280	0.307	0.327	0.308	1.819	0.561	0.270	0.187	3.426	-17028.709
11	16	500	500	0.5195	0.319	0.305	0.279	0.334	0.295	0.316	0.336	0.311	0.289	0.331	0.301	0.257	0.288	0.295	0.326	0.309	0.252	0.224	0.314	0.236	0.329	0.302	0.298	0.321	0.268	0.395	0.286	0.235	0.283	0.279	2.065	0.654	0.314	0.208	7.405	-16731.339
12	16	500	499	0.5057	0.230	0.255	0.340	0.311	0.198	0.305	0.295	0.292	0.309	0.244	0.233	0.276	0.282	0.290	0.296	0.241	0.314	0.322	0.285	0.296	0.351	0.267	0.333	0.219	0.304	0.357	0.254	0.311	0.308	0.315	2.029	0.559	0.228	0.175	1.000	-16212.973
13	16	500	498	0.5030	0.624	0.268	0.280	0.311	0.343	0.310	0.307	0.312	0.323	0.264	0.290	0.318	0.272	0.330	0.293	0.002	0.257	0.342	0.255	0.243	0.288	0.320	0.323	0.254	0.267	0.323	0.283	0.274	0.304	0.300	1.905	0.623	0.301	0.200	4.261	-16709.132
14	16	500	500	0.5095	0.272	0.288	0.315	0.236	0.319	0.316	0.306	0.281	0.278	0.303	0.339	0.308	0.271	0.305	0.284	0.260	0.301	0.297	0.303	0.283	0.301	0.280	0.285	0.250	0.278	0.279	0.315	0.245	0.285	0.300	2.006	0.631	0.300	0.195	3.323	-16585.054
15	16	500	500	0.5217	0.279	0.285	0.381	0.352	0.252	0.380	0.315	0.288	0.336	0.257	0.279	0.312	0.292	0.300	0.318	0.251	0.255	0.284	0.282	0.270	0.265	0.312	0.320	0.388	0.238	0.247	0.343	0.269	0.300	0.312	1.942	0.611	0.251	0.203	2.881	-16794.937
16	16	500	499	0.5282	0.254	0.327	0.289	0.320	0.316	0.263	0.309	0.273	0.288	0.335	0.354	0.306	0.266	0.330	0.344	0.234	0.305	0.254	0.299	0.318	0.322	0.273	0.292	0.308	0.282	0.260	0.291	0.311	0.293	0.331	1.923	0.575	0.276	0.186	1.670	-16741.236
17	16	500	499	0.5021	0.317	0.266	0.269	0.310	0.339	0.366	0.276	0.328	0.336	0.256	0.288	0.336	0.304	0.341	0.265	0.296	0.315	0.285	0.333	0.309	0.293	0.287	0.337	0.325	0.313	0.276	0.361	0.333	0.249	0.277	1.919	0.592	0.338	0.185	4.117	-16897.519
18	16	500	500	0.5097	0.327	0.319	0.273	0.308	0.279	0.249	0.297	0.266	0.299	0.319	0.298	0.297	0.323	0.275	0.322	0.289	0.305	0.293	0.295	0.251	0.251	0.288	0.257	0.334	0.266	0.279	0.308	0.276	0.293	0.292	1.919	0.594	0.318	0.195	2.505	-16487.020
19	16	500	500	0.5087	0.287	0.364	0.318	0.356	0.274	0.310	0.280	0.364	0.264	0.348	0.339	0.263	0.344	0.364	0.295	0.294	0.340	0.293	0.325	0.275	0.281	0.310	0.307	0.318	0.343	0.290	0.361	0.326	0.320	0.340	1.947	0.486	0.268	0.199	1.108	-17325.157
20	16	500	500	0.5177	0.381	0.276	0.382	0.274	0.300	0.231	0.288	0.305	0.334	0.317	0.303	0.282	0.379	0.259	0.357	0.389	0.295	0.327	0.259	0.382	0.274	0.333	0.316	0.324	0.271	0.319	0.265	0.345	0.271	0.311	2.020	0.585	0.285	0.190	3.491	-17023.452
21	16	500	500	0.5144	0.384	0.337	0.318	0.263	0.291	0.299	0.350	0.243	0.315	0.288	0.346	0.308	0.275	0.294	0.239	0.367	0.351	0.250	0.297	0.299	0.312	0.311	0.264	0.333	0.363	0.281	0.353	0.281	0.249	0.228	2.016	0.608	0.307	0.203	6.727	-16719.257
22	16	500	500	0.5054	0.291	0.289	0.270	0.271	0.322	0.305	0.279	0.276	0.284	0.359	0.328	0.239	0.330	0.318	0.267	0.331	0.249	0.309	0.288	0.295	0.249	0.278	0.265	0.311	0.273	0.284	0.294	0.287	0.265	0.290	1.942	0.599	0.302	0.213	2.162	-16617.840
23	16	500	500	0.5139	0.290	0.259	0.252	0.256	0.303	0.268	0.301	0.330	0.257	0.255	0.283	0.297	0.244	0.300	0.257	0.282	0.344	0.259	0.348	0.331	0.403	0.268	0.283	0.304	0.312	0.326	0.347	0.313	0.286	0.278	2.052	0.652	0.297	0.197	4.231	-16570.993
24	16	500	499	0.5272	0.314	0.267	0.400	0.261	0.261	0.340	0.238	0.295	0.287	0.301	0.331	0.292	0.316	0.242	0.284	0.291	0.415	0.246	0.264	0.315	0.338	0.267	0.274	0.311	0.301	0.282	0.293	0.274	0.287	0.262	1.920	0.540	0.279	0.197	4.133	-16687.929
25	16	500	499	0.5099	0.313	0.230	0.298	0.341	0.274	0.261	0.355	0.288	0.352	0.316	0.313	0.352	0.287	0.257	0.304	0.319	0.273	0.334	0.244	0.302	0.249	0.267	0.345	0.261	0.287	0.275	0.273	0.301	0.317	0.276	1.983	0.679	0.279	0.199	9.434	-16410.208
26	16	500	500	0.5190	0.281	0.230	0.279	0.330	0.270	0.337	0.297	0.312	0.289	0.257	0.272	0.305	0.257	0.320	0.289	0.266	0.420	0.277	0.274	0.290	0.319	0.286	0.264	0.295	0.304	0.260	0.367	0.229	0.345	0.294	1.972	0.609	0.275	0.191	6.455	-16525.987
27	16	500	500	0.4964	0.245	0.316	0.251	0.299	0.307	0.265	0.323	0.310	0.268	0.297	0.317	0.231	0.311	0.282	0.288	0.240	0.338	0.264	0.314	0.339	0.270	0.307	0.313	0.228	0.345	0.262	0.372	0.270	0.326	0.260	1.940	0.583	0.262	0.208	2.723	-16663.935
28	16	500	500	0.5149	0.351	0.311	0.289	0.294	0.283	0.332	0.325	0.255	0.282	0.298	0.304	0.313	0.256	0.292	0.298	0.310	0.297	0.328	0.298	0.282	0.290	0.314	0.333	0.307	0.295	0.268	0.317	0.324	0.281	0.292	2.042	0.522	0.256	0.202	2.248	-16839.076
29	16	500	500	0.5157	0.330	0.293	0.316	0.296	0.281	0.277	0.279	0.308	0.313	0.269	0.263	0.291	0.264	0.346	0.333	0.318	0.309	0.303	0.310	0.268	0.224	0.321	0.296	0.273	0.277	0.325	0.248	0.256	0.298	0.270	2.061	0.561	0.281	0.210	3.283	-16678.761
30	16	500	500	0.5280	0.248	0.312	0.271	0.283	0.309	0.288	0.352	0.323	0.263	0.340	0.341	0.318	0.302	0.310	0.285	0.305	0.250	0.357	0.289	0.269	0.361	0.300	0.336	0.297	0.304	0.323	0.287	0.270	0.281	0.374	1.944	0.608	0.309	0.199	3.278	-16947.912
31	16	500	500	0.5238	0.280	0.325	0.212	0.296	0.270	0.329	0.267	0.279	0.327	0.203	0.296	0.332	0.309	0.310	0.270	0.235	0.250	0.259	0.316	0.267	0.333	0.317	0.292	0.316	0.357	0.268	0.343	0.251	0.260	0.343	1.970	0.605	0.276	0.217	3.141	-16735.150
32	16	500	500	0.5229	0.358	0.288	0.271	0.311	0.305	0.323	0.313	0.270	0.331	0.297	0.315	0.289	0.286	0.298	0.258	0.355	0.263	0.365	0.288	0.371	0.317	0.291	0.284	0.283	0.301	0.380	0.292	0.364	0.278	0.273	1.959	0.613	0.329	0.204	5.870	-17049.045
33	16	500	500	0.5149	0.003	0.346	0.232	0.287	0.326	0.337	0.279	0.279	0.270	0.302	0.361	0.334	0.334	0.230	0.280	0.473	0.216	0.288	0.319	0.245	0.303	0.358	0.278	0.262	0.341	0.320	0.344	0.296	0.270	0.318	1.991	0.627	0.299	0.209	1.000	-16711.969
34	16	500	500	0.5125	0.331	0.272	0.312	0.279	0.279	0.286	0.238	0.322	0.268	0.308	0.274	0.293	0.338	0.269	0.317	0.374	0.346	0.288	0.300	0.229	0.268	0.319	0.220	0.251	0.309	0.260	0.285	0.247	0.284	0.265	2.025	0.646	0.271	0.204	4.802	-16350.306
35	16	500	500	0.5030	0.393	0.310	0.268	0.267	0.305	0.317	0.323	0.333	0.246	0.334	0.360	0.278	0.307	0.311	0.313	0.357	0.304	0.280	0.314	0.307	0.339	0.332	0.344	0.260	0.344	0.267	0.351	0.296	0.310	0.286	1.877	0.591	0.321	0.216	4.697	-17214.750
36	16	500	500	0.4985	0.369	0.276	0.252	0.310	0.324	0.371	0.333	0.263	0.226	0.328	0.310	0.259	0.313	0.354	0.265	0.357	0.246	0.317	0.298	0.306	0.337	0.314	0.266	0.226	0.325	0.292	0.327	0.215	0.283	0.383	2.085	0.620	0.341	0.187	5.105	-16751.989
37	16	500	500	0.5022	0.267	0.296	0.336	0.305	0.305	0.301	0.226	0.351	0.246	0.298	0.244	0.305	0.345	0.258	0.266	0.296	0.348	0.312	0.246	0.327	0.217	0.317	0.342	0.317	0.319	0.290	0.305	0.299	0.286	0.279	2.103	0.623	0.289	0.203	2.900	-16556.537
38	16	500	500	0.5101	0.301	0.355	0.268	0.354	0.331	0.349	0.288	0.291	0.300	0.251	0.320	0.260	0.313	0.321	0.300	0.271	0.287	0.250	0.323	0.333	0.371	0.317	0.270	0.357	0.278	0.397	0.343	0.343	0.263	0.293	1.963	0.517	0.264	0.197	2.386	-17070.183
39	16	500	500	0.4971	0.347	0.373	0.367	0.312	0.317	0.391	0.335	0.350	0.307	0.324	0.305	0.297	0.265	0.258	0.331	0.361	0.352	0.328	0.305	0.339	0.286	0.331	0.284	0.223	0.333	0.394	0.324	0.305	0.376	0.279	2.014	0.579	0.345	0.200	5.776	-17462.844
40	16	500	497	0.5193	0.373	0.325	0.294	0.269	0.358	0.264	0.247	0.310	0.287	0.262	0.342	0.314	0.275	0.361	0.320	0.297	0.289	0.255	0.298	0.300	0.324	0.297	0.271	0.267	0.292	0.326	0.364	0.322	0.328	0.368	1.988	0.599	0.319	0.201	5.292	-17106.867
41	16	500	499	0.5112	0.276	0.280	0.278	0.308	0.310	0.279	0.277	0.244	0.308	0.344	0.278	0.283	0.264	0.345	0.296	0.293	0.327	0.314	0.309	0.341	0.285	0.283	0.306	0.283	0.235	0.325	0.284	0.375	0.258	0.292	2.091	0.655	0.290	0.201	2.576	-16652.039
42	16	500	500	0.5208	0.319	0.342	0.301	0.359	0.278	0.267	0.341	0.302	0.311	0.266	0.301	0.324	0.285	0.291	0.307	0.309	0.262	0.279	0.359	0.306	0.317	0.335	0.330	0.339	0.281	0.325	0.285	0.282	0.351	0.283	2.128	0.629	0.289	0.223	1.963	-17062.276
43	16	500	500	0.5225	0.300	0.326	0.315	0.275	0.275	0.307	0.331	0.240	0.180	0.286	0.290	0.274	0.285	0.330	0.259	0.328	0.283	0.245	0.273	0.329	0.303	0.267	0.302	0.278	0.324	0.264	0.294	0.251	0.268	0.276	2.067	0.496	0.205	0.181	1.894	-16148.453
44	16	500	500	0.5252	0.305	0.340	0.300	0.364	0.292	0.312	0.302	0.309	0.331	0.327	0.331	0.282	0.312	0.323	0.309	0.319	0.283	0.341	0.283	0.305	0.357	0.350	0.215	0.318	0.298	0.341	0.221	0.291	0.283	0.347	2.017	0.589	0.322	0.213	2.141	-17304.929
45	16	500	500	0.4953	5.269	0.237	0.271	0.300	0.281	0.277	0.260	0.316	0.279	0.303	0.283	0.310	0.226	0.302	0.310	4.396	0.279	0.255	0.224	0.343	0.297	0.281	0.279	0.291	0.343	0.324	0.290	0.295	0.252	0.332	2.090	0.655	0.303	0.210	413.020	-16434.866
46	16	500	500	0.5114	0.238	0.312	0.248	0.313	0.276	0.287	0.268	0.266	0.279	0.261	0.281	0.331	0.292	0.284	0.355	0.333	0.271	0.316	0.315	0.344	0.273	0.316	0.297	0.310	0.341	0.352	0.302	0.303	0.232	0.266	1.940	0.582	0.281	0.207	2.476	-16680.889
47	16	500	499	0.5100	0.307	0.296	0.312	0.284	0.292	0.333	0.296	0.328	0.270	0.306	0.314	0.286	0.364	0.298	0.312	0.369	0.351	0.360	0.238	0.330	0.272	0.274	0.296	0.274	0.272	0.283	0.273	0.323	0.280	0.238	2.001	0.566	0.348	0.195	4.041	-16822.872
48	16	500	500	0.5083	0.328	0.262	0.291	0.296	0.334	0.308	0.332	0.319	0.317	0.252	0.288	0.263	0.364	0.261	0.314	0.309	0.354	0.339	0.300	0.315	0.281	0.285	0.304	0.266	0.290	0.216	0.301	0.338	0.329	0.324	1.963	0.592	0.313	0.180	3.069	-16776.366
49	16	500	500	0.5116	0.280	0.330	0.376	0.250	0.347	0.337	0.314	0.342	0.323	0.281	0.295	0.293	0.297	0.313	0.326	0.350	0.337	0.259	0.306	0.354	0.345	0.238	0.349	0.294	0.255	0.295	0.316	0.304	0.301	0.282	1.971	0.529	0.273	0.210	1.516	-17085.344
50	16	500	500	0.5065	0.249	0.336	0.261	0.306	0.324	0.333	0.309	0.236	0.298	0.257	0.327	0.248	0.242	0.280	0.271	0.289	0.303	0.341	0.229	0.305	0.295	0.315	0.266	0.298	0.323	0.302	0.282	0.293	0.341	0.298	2.111	0.628	0.326	0.219	3.591	-16662.552
51	16	500	500	0.5034	0.489	0.279	0.344	0.286	0.228	0.226	0.256	0.327	0.267	0.264	0.314	0.266	0.320	0.286	0.291	0.565	0.272	0.302	0.318	0.288	0.260	0.295	0.277	0.298	0.222	0.300	0.250	0.318	0.282	0.331	2.106	0.671	0.310	0.216	33.550	-16460.692
52	16	500	498	0.4988	0.322	0.314	0.251	0.241	0.321	0.216	0.313	0.295	0.394	0.254	0.272	0.345	0.321	0.283	0.300	0.353	0.166	0.290	0.311	0.280	0.337	0.290	0.263	0.342	0.302	0.291	0.245	0.313	0.234	0.272	2.121	0.621	0.255	0.208	2.140	-16407.883
53	16	500	500	0.4979	0.290	0.251	0.310	0.322	0.225	0.282	0.303	0.293	0.264	0.314	0.287	0.309	0.279	0.206	0.355	0.354	0.321	0.328	0.282	0.301	0.222	0.328	0.300	0.335	0.288	0.269	0.318	0.297	0.321	0.271	1.908	0.631	0.269	0.227	1.144	-16720.659
54	16	500	499	0.5172	0.340	0.281	0.248	0.344	0.295	0.305	0.291	0.247	0.289	0.327	0.318	0.260	0.249	0.281	0.290	0.323	0.383	0.340	0.274	0.281	0.325	0.314	0.238	0.294	0.264	0.269	0.308	0.377	0.279	0.252	2.148	0.629	0.310	0.199	4.075	-16570.893
55	16	500	500	0.5093	0.416	0.297	0.309	0.272	0.318	0.250	0.290	0.303	0.310	0.370	0.367	0.270	0.265	0.308	0.310	0.418	0.314	0.273	0.325	0.279	0.351	0.274	0.345	0.329	0.288	0.352	0.316	0.320	0.279	0.301	2.037	0.628	0.346	0.209	11.332	-17205.046
56	16	500	499	0.5291	0.308	0.278	0.298	0.320	0.283	0.307	0.267	0.310	0.376	0.282	0.283	0.311	0.301	0.292	0.323	0.309	0.306	0.301	0.339	0.295	0.377	0.298	0.258	0.278	0.350	0.256	0.293	0.263	0.331	0.324	2.066	0.557	0.330	0.189	2.600	-17005.951
57	16	500	499	0.5287	0.271	0.236	0.323	0.323	0.255	0.281	0.306	0.294	0.334	0.288	0.296	0.340	0.268	0.310	0.273	0.325	0.241	0.326	0.322	0.253	0.275	0.333	0.250	0.329	0.211	0.290	0.314	0.325	0.257	0.281	2.123	0.689	0.247	0.210	3.386	-16439.156
58	16	500	500	0.5220	0.334	0.265	0.297	0.305	0.239	0.309	0.320	0.322	0.274	0.249	0.323	0.312	0.232	0.349	0.259	0.368	0.287	0.329	0.221	0.320	0.301	0.245	0.272	0.278	0.317	0.284	0.333	0.268	0.249	0.310	2.027	0.640	0.274	0.206	3.122	-16595.424
59	16	500	499	0.5055	0.265	0.268	0.280	0.335	0.251	0.268	0.315	0.368	0.319	0.280	0.318	0.254	0.248	0.311	0.269	0.316	0.262	0.296	0.339	0.286	0.341	0.335	0.236	0.351	0.274	0.234	0.354	0.295	0.308	0.328	1.898	0.596	0.263	0.206	1.571	-16701.215
60	16	500	500	0.5022	0.269	0.312	0.281	0.300	0.307	0.315	0.304	0.311	0.267	0.273	0.334	0.355	0.273	0.278	0.284	0.249	0.273	0.321	0.286	0.280	0.272	0.253	0.312	0.352	0.355	0.303	0.287	0.303	0.313	0.300	2.020	0.567	0.256	0.197	1.079	-16695.253
61	16	500	500	0.5085	0.241	0.277	0.309	0.244	0.359	0.324	0.278	0.267	0.343	0.275	0.309	0.318	0.312	0.311	0.274	0.258	0.304	0.304	0.280	0.308	0.312	0.360	0.262	0.315	0.234	0.280	0.266	0.274	0.312	0.372	1.939	0.560	0.275	0.198	2.121	-16769.539
62	16	500	500	0.5037	0.378	0.267	0.344	0.268	0.334	0.279	0.320	0.225	0.304	0.261	0.311	0.302	0.273	0.305	0.274	0.411	0.314	0.259	0.300	0.310	0.236	0.288	0.336	0.301	0.310	0.295	0.254	0.265	0.327	0.285	2.053	0.644	0.308	0.198	6.591	-16534.156
63	16	500	500	0.5128	0.268	0.349	0.312	0.221	0.372	0.284	0.298	0.299	0.292	0.335	0.347	0.310	0.301	0.315	0.243	0.298	0.281	0.332	0.337	0.247	0.272	0.285	0.296	0.249	0.319	0.300	0.262	0.227	0.319	0.275	2.004	0.659	0.308	0.196	4.345	-16631.758
64	16	500	500	0.5110	0.283	0.289	0.335	0.256	0.303	0.367	0.335	0.289	0.339	0.307	0.273	0.302	0.237	0.282	0.310	0.285	0.324	0.318	0.324	0.245	0.320	0.289	0.308	0.368	0.308	0.273	0.259	0.300	0.342	0.276	2.020	0.580	0.285	0.191	1.842	-16617.804
65	16	500	500	0.5065	0.553	0.195	0.294	0.345	0.383	0.334	0.319	0.321	0.309	0.333	0.284	0.251	0.250	0.280	0.278	0.601	0.255	0.292	0.301	0.249	0.297	0.214	0.304	0.274	0.278	0.291	0.333	0.325	0.281	0.259	2.032	0.669	0.286	0.196	24.571	-16425.272
66	16	500	500	0.5105	0.304	0.376	0.280	0.306	0.290	0.292	0.275	0.294	0.258	0.251	0.239	0.316	0.286	0.356	0.354	0.221	0.319	0.291	0.282	0.247	0.205	0.231	0.303	0.257	0.225	0.275	0.326	0.292	0.279	0.314	2.093	0.593	0.233	0.213	2.535	-16380.682
67	16	500	500	0.5255	0.314	0.263	0.312	0.295	0.283	0.286	0.258	0.322	0.313	0.347	0.356	0.294	0.318	0.249	0.279	0.329	0.302	0.358	0.347	0.239	0.264	0.286	0.262	0.334	0.253	0.269	0.315	0.241	0.333	0.267	2.094	0.672	0.302	0.190	3.883	-16420.728
68	16	500	500	0.5326	0.249	0.253	0.293	0.299	0.292	0.309	0.273	0.291	0.294	0.297	0.273	0.293	0.315	0.230	0.308	0.273	0.286	0.226	0.241	0.305	0.357	0.256	0.252	0.285	0.266	0.290	0.281	0.384	0.271	0.272	2.032	0.566	0.272	0.205	1.890	-16436.929
69	16	500	500	0.5124	0.355	0.363	0.285	0.287	0.311	0.323	0.284	0.301	0.259	0.291	0.325	0.307	0.271	0.321	0.307	0.333	0.278	0.294	0.290	0.276	0.314	0.346	0.282	0.305	0.307	0.265	0.257	0.336	0.282	0.347	1.982	0.577	0.304	0.198	2.719	-16879.021
70	16	500	500	0.5175	0.335	0.325	0.346	0.309	0.344	0.283	0.286	0.386	0.306	0.339	0.323	0.282	0.327	0.310	0.365	0.265	0.307	0.262	0.275	0.318	0.263	0.303	0.341	0.356	0.251	0.273	0.315	0.256	0.323	0.326	2.023	0.527	0.282	0.201	2.289	-17078.766
71	16	500	500	0.5123	0.288	0.380	0.219	0.379	0.301	0.347	0.285	0.345	0.259	0.263	0.327	0.316	0.353	0.337	0.295	0.291	0.303	0.318	0.337	0.270	0.258	0.264	0.296	0.325	0.326	0.295	0.208	0.321	0.296	0.330	2.010	0.569	0.300	0.192	2.308	-16828.494
72	16	500	500	0.5221	0.297	0.324	0.303	0.333	0.312	0.348	0.266	0.278	0.297	0.276	0.322	0.277	0.364	0.314	0.306	0.260	0.285	0.304	0.268	0.302	0.252	0.342	0.303	0.311	0.333	0.283	0.332	0.318	0.330	0.346	1.971	0.504	0.286	0.191	1.000	-17093.164
73	16	500	499	0.5073	0.315	0.357	0.289	0.309	0.316	0.256	0.280	0.292	0.226	0.343	0.280	0.360	0.285	0.311	0.361	0.277	0.346	0.258	0.281	0.318	0.259	0.263	0.291	0.243	0.348	0.306	0.312	0.267	0.361	0.268	1.921	0.521	0.274	0.183	1.971	-16715.205
74	16	500	500	0.5171	0.308	0.324	0.319	0.404	0.274	0.293	0.310	0.332	0.288	0.307	0.345	0.339	0.318	0.322	0.308	0.318	0.328	0.316	0.266	0.347	0.285	0.315	0.317	0.319	0.264	0.321	0.324	0.285	0.335	0.286	1.942	0.555	0.289	0.208	1.054	-17444.254
75	16	500	499	0.5212	0.277	0.275	0.265	0.284	0.290	0.301	0.271	0.292	0.303	0.335	0.280	0.287	0.296	0.281	0.344	0.216	0.316	0.267	0.260	0.293	0.281	0.291	0.301	0.309	0.324	0.278	0.319	0.239	0.237	0.343	1.970	0.573	0.220	0.199	1.476	-16410.422
76	16	500	498	0.5085	0.291	0.339	0.293	0.332	0.268	0.378	0.254	0.326	0.259	0.281	0.271	0.358	0.298	0.320	0.269	0.317	0.337	0.250	0.276	0.363	0.322	0.307	0.371	0.256	0.228	0.281	0.306	0.387	0.273	0.300	2.007	0.579	0.308	0.193	4.034	-16846.296
77	16	500	499	0.5160	0.330	0.235	0.312	0.270	0.302	0.288	0.303	0.299	0.298	0.353	0.331	0.343	0.282	0.259	0.279	0.278	0.278	0.260	0.329	0.299	0.344	0.260	0.279	0.362	0.341	0.305	0.273	0.336	0.286	0.252	1.952	0.454	0.236	0.203	1.000	-16891.673
78	16	500	500	0.5263	0.297	0.320	0.296	0.250	0.355	0.319	0.265	0.304	0.332	0.291	0.295	0.310	0.274	0.304	0.281	0.240	0.387	0.259	0.288	0.277	0.342	0.301	0.310	0.331	0.267	0.293	0.277	0.296	0.315	0.320	2.121	0.557	0.307	0.195	2.226	-16792.404
79	16	500	500	0.5199	0.290	0.331	0.304	0.298	0.313	0.281	0.281	0.316	0.334	0.280	0.297	0.271	0.222	0.265	0.299	0.308	0.279	0.303	0.245	0.248	0.284	0.322	0.286	0.270	0.311	0.271	0.352	0.273	0.296	0.337	2.034	0.610	0.279	0.202	2.525	-16542.253
80	16	500	500	0.5130	0.313	0.269	0.314	0.247	0.285	0.256	0.251	0.304	0.330	0.289	0.327	0.287	0.327	0.335	0.319	0.312	0.297	0.270	0.250	0.338	0.313	0.320	0.355	0.306	0.331	0.310	0.283	0.280	0.322	0.339	1.943	0.601	0.317	0.194	2.802	-16941.533
81	16	500	500	0.4982	0.322	0.284	0.316	0.297	0.375	0.349	0.315	0.325	0.236	0.320	0.291	0.305	0.310	0.305	0.328	0.335	0.287	0.281	0.312	0.355	0.321	0.315	0.284	0.414	0.376	0.308	0.313	0.337	0.294	0.300	2.055	0.526	0.300	0.195	1.889	-17316.957
82	16	500	497	0.5115	0.271	0.294	0.265	0.290	0.303	0.362	0.262	0.330	0.274	0.290	0.286	0.263	0.336	0.287	0.310	0.267	0.298	0.251	0.304	0.307	0.316	0.271	0.346	0.332	0.298	0.283	0.282	0.340	0.305	0.280	2.066	0.496	0.262	0.200	1.346	-16747.772
83	16	500	500	0.5053	0.233	0.317	0.290	0.318	0.232	0.335	0.264	0.342	0.290	0.250	0.349	0.306	0.307	0.361	0.321	0.297	0.258	0.351	0.309	0.283	0.175	0.301	0.349	0.292	0.343	0.280	0.362	0.326	0.282	0.351	1.938	0.510	0.277	0.197	1.790	-16940.496
84	16	500	500	0.5035	0.295	0.284	0.278	0.324	0.231	0.278	0.267	0.364	0.351	0.281	0.326	0.293	0.305	0.283	0.309	0.316	0.274	0.327	0.333	0.274	0.284	0.276	0.297	0.324	0.330	0.304	0.262	0.338	0.321	0.324	2.120	0.654	0.296	0.196	2.697	-16607.526
85	16	500	500	0.5235	0.336	0.372	0.231	0.350	0.318	0.314	0.331	0.296	0.368	0.325	0.294	0.270	0.319	0.342	0.312	0.314	0.267	0.303	0.296	0.284	0.343	0.250	0.297	0.320	0.336	0.299	0.274	0.321	0.287	0.327	1.872	0.654	0.263	0.211	4.033	-16935.098
86	16	500	500	0.5226	0.407	0.320	0.278	0.270	0.336	0.320	0.274	0.350	0.317	0.322	0.276	0.261	0.257	0.317	0.254	0.437	0.262	0.244	0.319	0.323	0.265	0.269	0.349	0.374	0.362	0.326	0.313	0.287	0.345	0.301	1.999	0.612	0.307	0.195	3.546	-16921.333
87	16	500	500	0.5058	0.318	0.287	0.308	0.316	0.305	0.241	0.296	0.322	0.309	0.313	0.262	0.266	0.306	0.308	0.323	0.302	0.241	0.269	0.277	0.308	0.291	0.302	0.227	0.371	0.233	0.255	0.357	0.300	0.342	0.298	1.963	0.601	0.317	0.203	3.870	-16797.033
88	16	500	500	0.5070	0.281	0.236	0.316	0.334	0.283	0.365	0.255	0.342	0.312	0.269	0.331	0.304	0.301	0.290	0.298	0.314	0.295	0.294	0.316	0.373	0.289	0.302	0.298	0.275	0.273	0.309	0.266	0.359	0.307	0.287	1.961	0.623	0.294	0.208	1.000	-16910.346
89	16	500	499	0.5052	0.355	0.319	0.296	0.267	0.370	0.314	0.305	0.318	0.310	0.287	0.255	0.290	0.310	0.291	0.289	0.356	0.252	0.212	0.351	0.271	0.334	0.242	0.351	0.354	0.266	0.292	0.316	0.232	0.305	0.302	1.982	0.659	0.313	0.197	5.717	-16722.813
90	16	500	500	0.5080	0.295	0.232	0.240	0.280	0.299	0.320	0.306	0.321	0.336	0.302	0.342	0.286	0.308	0.323	0.348	0.276	0.269	0.278	0.311	0.213	0.336	0.295	0.321	0.317	0.348	0.304	0.323	0.308	0.325	0.280	1.982	0.624	0.287	0.199	3.077	-16800.483
91	16	500	500	0.4947	0.295	0.206	0.366	0.327	0.306	0.311	0.279	0.277	0.312	0.287	0.284	0.334	0.345	0.274	0.254	0.283	0.310	0.254	0.293	0.242	0.310	0.327	0.308	0.304	0.303	0.313	0.284	0.332	0.239	0.290	2.024	0.598	0.327	0.198	2.635	-16669.654
92	16	500	500	0.5250	0.234	0.313	0.274	0.302	0.312	0.272	0.261	0.266	0.354	0.341	0.296	0.278	0.306	0.333	0.259	0.226	0.266	0.328	0.284	0.313	0.219	0.295	0.347	0.378	0.304	0.304	0.324	0.291	0.301	0.322	2.049	0.574	0.266	0.215	3.065	-16805.556
93	16	500	499	0.5080	0.445	0.257	0.279	0.298	0.331	0.292	0.275	0.370	0.292	0.307	0.311	0.309	0.314	0.308	0.284	0.383	0.291	0.268	0.337	0.308	0.371	0.309	0.273	0.279	0.330	0.302	0.325	0.280	0.289	0.305	1.922	0.584	0.352	0.199	8.079	-17087.474
94	16	500	500	0.5070	0.330	0.340	0.288	0.286	0.294	0.280	0.259	0.374	0.287	0.290	0.340	0.300	0.293	0.281	0.307	0.248	0.314	0.308	0.279	0.292	0.317	0.245	0.323	0.234	0.311	0.289	0.271	0.370	0.278	0.270	2.054	0.589	0.296	0.195	1.430	-16638.751
95	16	500	500	0.5190	0.364	0.318	0.368	0.312	0.232	0.309	0.311	0.267	0.222	0.258	0.298	0.296	0.308	0.309	0.375	0.365	0.319	0.308	0.305	0.290	0.304	0.291	0.262	0.260	0.312	0.267	0.346	0.283	0.333	0.280	2.032	0.607	0.284	0.208	5.650	-16823.723
96	16	500	500	0.5031	0.285	0.280	0.277	0.246	0.289	0.223	0.313	0.335	0.325	0.242	0.280	0.286	0.317	0.331	0.297	0.261	0.273	0.326	0.271	0.319	0.257	0.337	0.252	0.315	0.359	0.308	0.280	0.331	0.257	0.292	2.058	0.522	0.288	0.184	1.541	-16567.358
97	16	500	500	0.5241	0.303	0.296	0.317	0.247	0.255	0.315	0.320	0.295	0.230	0.267	0.300	0.327	0.298	0.280	0.299	0.289	0.237	0.328	0.307	0.279	0.331	0.303	0.300	0.301	0.246	0.292	0.300	0.256	0.270	0.325	2.030	0.611	0.292	0.198	1.227	-16555.242
98	16	500	500	0.5140	0.236	0.293	0.292	0.339	0.307	0.243	0.260	0.316	0.333	0.302	0.306	0.292	0.314	0.236	0.290	0.313	0.256	0.209	0.293	0.302	0.275	0.309	0.252	0.348	0.333	0.260	0.333	0.311	0.321	0.365	1.921	0.519	0.248	0.198	1.000	-16781.323
99	16	500	500	0.5146	0.284	0.298	0.268	0.340	0.338	0.313	0.305	0.278	0.310	0.248	0.262	0.274	0.326	0.346	0.380	0.314	0.286	0.326	0.333	0.322	0.295	0.291	0.330	0.370	0.288	0.331	0.324	0.238	0.264	0.360	2.132	0.603	0.331	0.200	4.100	-16990.656
100	16	500	500	0.5265	0.349	0.278	0.319	0.337	0.336	0.242	0.322	0.295	0.285	0.223	0.339	0.335	0.308	0.304	0.307	0.296	0.327	0.343	0.310	0.347	0.315	0.313	0.287	0.248	0.270	0.295	0.297	0.329	0.311	0.265	1.949	0.622	0.308	0.195	2.368	-16876.115
101	16	500	500	0.5049	0.313	0.294	0.357	0.300	0.290	0.440	0.282	0.310	0.267	0.310	0.250	0.291	0.339	0.324	0.283	0.305	0.256	0.272	0.290	0.297	0.287	0.303	0.310	0.378	0.270	0.280	0.313	0.295	0.279	0.271	2.223	0.584	0.293	0.210	4.131	-16747.622
102	16	500	499	0.5145	0.403	0.308	0.332	0.256	0.281	0.328	0.319	0.293	0.305	0.247	0.287	0.296	0.259	0.279	0.323	0.376	0.303	0.330	0.355	0.281	0.370	0.300	0.315	0.278	0.297	0.353	0.264	0.322	0.304	0.317	2.045	0.629	0.316	0.191	8.653	-16872.981
103	16	500	500	0.5253	0.362	0.425	0.315	0.361	0.314	0.312	0.347	0.283	0.232	0.321	0.295	0.305	0.298	0.288	0.337	0.292	0.257	0.335	0.275	0.291	0.337	0.297	0.300	0.289	0.300	0.300	0.299	0.265	0.315	0.271	2.049	0.615	0.300	0.185	3.343	-16844.582
104	16	500	500	0.5111	0.354	0.328	0.363	0.293	0.376	0.236	0.299	0.292	0.280	0.321	0.317	0.299	0.303	0.309	0.305	0.354	0.309	0.325	0.321	0.272	0.275	0.360	0.288	0.309	0.313	0.336	0.349	0.324	0.302	0.318	1.868	0.600	0.366	0.198	16.145	-17284.526
105	16	500	500	0.5158	0.222	0.326	0.211	0.320	0.323	0.290	0.239	0.321	0.324	0.303	0.279	0.315	0.334	0.305	0.326	0.276	0.299	0.298	0.294	0.308	0.253	0.295	0.306	0.306	0.319	0.277	0.331	0.285	0.229	0.310	2.106	0.583	0.284	0.206	3.229	-16717.500
106	16	500	500	0.5067	0.323	0.405	0.322	0.281	0.320	0.311	0.287	0.308	0.215	0.249	0.302	0.309	0.326	0.292	0.319	0.299	0.279	0.218	0.261	0.278	0.357	0.256	0.305	0.267	0.370	0.311	0.296	0.300	0.303	0.269	2.000	0.574	0.270	0.204	2.901	-16713.011
107	16	500	500	0.5231	0.307	0.302	0.294	0.311	0.303	0.299	0.340	0.255	0.343	0.264	0.282	0.324	0.259	0.324	0.338	0.321	0.273	0.349	0.278	0.310	0.328	0.265	0.288	0.293	0.330	0.261	0.347	0.285	0.302	0.266	1.985	0.574	0.330	0.203	2.702	-16895.179
108	16	500	500	0.5389	0.306	0.290	0.264	0.275	0.327	0.320	0.358	0.297	0.236	0.275	0.274	0.284	0.275	0.278	0.351	0.294	0.302	0.263	0.278	0.275	0.277	0.286	0.284	0.234	0.303	0.262	0.323	0.298	0.296	0.345	1.910	0.631	0.272	0.196	2.493	-16603.863
109	16	500	500	0.5189	0.239	0.256	0.368	0.269	0.279	0.267	0.207	0.328	0.324	0.372	0.309	0.313	0.235	0.311	0.281	0.314	0.325	0.364	0.224	0.328	0.308	0.280	0.310	0.358	0.281	0.279	0.307	0.278	0.310	0.240	1.896	0.530	0.247	0.207	1.807	-16769.795
110	16	500	499	0.5205	0.239	0.300	0.243	0.290	0.271	0.352	0.317	0.335	0.242	0.351	0.275	0.284	0.317	0.333	0.228	0.319	0.331	0.316	0.272	0.287	0.263	0.318	0.303	0.272	0.221	0.335	0.345	0.281	0.301	0.240	1.879	0.639	0.297	0.212	6.234	-16703.885
111	16	500	500	0.5125	0.318	0.304	0.277	0.281	0.266	0.279	0.289	0.268	0.255	0.295	0.291	0.304	0.327	0.343	0.273	0.291	0.248	0.313	0.329	0.360	0.339	0.277	0.241	0.349	0.248	0.329	0.235	0.332	0.347	0.302	2.053	0.567	0.282	0.191	2.228	-16609.058
112	16	500	500	0.5047	0.362	0.234	0.318	0.270	0.248	0.373	0.246	0.370	0.286	0.349	0.275	0.326	0.292	0.298	0.288	0.373	0.233	0.354	0.296	0.281	0.321	0.315	0.340	0.305	0.301	0.267	0.287	0.383	0.318	0.267	1.875	0.591	0.330	0.205	3.440	-16942.454
113	16	500	500	0.5205	8.268	0.246	0.263	0.268	0.305	0.275	0.336	0.262	0.265	0.291	0.289	0.265	0.273	0.306	0.289	8.283	0.298	0.265	0.286	0.337	0.215	0.324	0.241	0.287	0.283	0.305	0.201	0.318	0.309	0.255	2.021	0.660	0.314	0.204	999.000	-16363.813
114	16	500	500	0.5061	0.216	0.418	0.270	0.364	0.374	0.316	0.298	0.292	0.322	0.321	0.340	0.278	0.344	0.324	0.321	0.241	0.318	0.348	0.271	0.313	0.353	0.303	0.300	0.374	0.263	0.317	0.335	0.274	0.267	0.354	2.096	0.404	0.214	0.199	950.671	-17235.227
115	16	500	500	0.4997	0.017	0.324	0.315	0.295	0.355	0.232	0.301	0.283	0.281	0.313	0.328	0.330	0.328	0.334	0.277	0.560	0.362	0.304	0.251	0.365	0.358	0.327	0.285	0.317	0.298	0.321	0.348	0.297	0.345	0.242	2.024	0.530	0.282	0.201	2.705	-17044.259
116	16	500	500	0.5075	0.297	0.274	0.318	0.300	0.304	0.384	0.317	0.328	0.302	0.330	0.251	0.274	0.264	0.279	0.307	0.290	0.342	0.308	0.301	0.310	0.258	0.277	0.314	0.310	0.215	0.327	0.287	0.287	0.357	0.307	1.993	0.573	0.309	0.201	2.431	-16935.376
117	16	500	499	0.5028	0.315	0.287	0.280	0.325	0.282	0.333	0.356	0.305	0.304	0.308	0.318	0.269	0.249	0.305	0.307	0.280	0.353	0.209	0.394	0.309	0.318	0.286	0.330	0.313	0.301	0.323	0.323	0.392	0.314	0.330	1.961	0.539	0.262	0.192	1.414	-17076.783
118	16	500	500	0.5023	0.342	0.380	0.323	0.314	0.327	0.296	0.340	0.292	0.318	0.238	0.341	0.324	0.354	0.331	0.201	0.357	0.269	0.273	0.351	0.277	0.270	0.275	0.293	0.288	0.272	0.281	0.281	0.293	0.266	0.309	2.165	0.607	0.269	0.195	5.132	-16616.029
119	16	500	498	0.4949	0.357	0.230	0.375	0.323	0.258	0.264	0.279	0.306	0.373	0.306	0.317	0.245	0.301	0.346	0.303	0.302	0.303	0.302	0.314	0.255	0.314	0.307	0.283	0.339	0.283	0.295	0.317	0.314	0.295	0.343	2.012	0.605	0.311	0.191	5.472	-16776.150
120	16	500	500	0.5176	0.310	0.283	0.299	0.251	0.276	0.293	0.292	0.256	0.310	0.221	0.301	0.297	0.349	0.246	0.265	0.236	0.220	0.276	0.231	0.306	0.303	0.294	0.257	0.333	0.264	0.281	0.293	0.366	0.265	0.276	1.967	0.604	0.270	0.185	3.450	-16252.056
121	16	500	500	0.5000	0.309	0.266	0.252	0.316	0.338	0.262	0.311	0.277	0.336	0.336	0.283	0.366	0.277	0.271	0.247	0.331	0.345	0.299	0.263	0.309	0.281	0.337	0.370	0.259	0.344	0.294	0.292	0.259	0.304	0.345	1.966	0.566	0.292	0.198	3.117	-16909.864
122	16	500	500	0.5197	0.344	0.310	0.324	0.273	0.292	0.307	0.276	0.309	0.357	0.258	0.278	0.317	0.287	0.258	0.306	0.342	0.391	0.303	0.314	0.306	0.290	0.291	0.362	0.276	0.368	0.274	0.309	0.258	0.297	0.227	1.990	0.544	0.296	0.201	2.226	-16959.067
123	16	500	499	0.5122	0.348	0.345	0.266	0.329	0.278	0.274	0.330	0.299	0.296	0.283	0.350	0.278	0.257	0.252	0.276	0.299	0.302	0.349	0.307	0.320	0.308	0.298	0.326	0.242	0.354	0.343	0.226	0.329	0.346	0.292	1.944	0.594	0.285	0.183	4.215	-16710.513
124	16	500	500	0.5051	0.344	0.295	0.275	0.323	0.361	0.315	0.341	0.328	0.254	0.416	0.287	0.272	0.263	0.380	0.272	0.333	0.291	0.278	0.353	0.255	0.310	0.262	0.269	0.297	0.297	0.321	0.309	0.341	0.270	0.305	1.949	0.544	0.258	0.204	3.635	-17075.111
125	16	500	500	0.5140	0.379	0.247	0.245	0.330	0.305	0.263	0.368	0.259	0.329	0.299	0.342	0.275	0.345	0.259	0.320	0.343	0.308	0.315	0.309	0.295	0.234	0.277	0.309	0.383	0.299	0.272	0.333	0.303	0.358	0.290	2.039	0.597	0.313	0.204	3.617	-16936.690
126	16	500	500	0.5004	0.374	0.304	0.326	0.323	0.313	0.323	0.313	0.285	0.323	0.343	0.289	0.233	0.411	0.266	0.322	0.297	0.260	0.288	0.300	0.279	0.256	0.359	0.320	0.296	0.323	0.288	0.300	0.253	0.324	0.322	2.051	0.632	0.296	0.202	2.114	-16863.179
127	16	500	500	0.5140	0.271	0.313	0.364	0.311	0.298	0.245	0.306	0.329	0.319	0.293	0.325	0.263	0.295	0.325	0.308	0.319	0.392	0.292	0.303	0.292	0.239	0.290	0.299	0.199	0.391	0.242	0.251	0.245	0.285	0.283	1.921	0.545	0.298	0.203	2.509	-16815.414
128	16	500	500	0.5080	0.202	0.294	0.246	0.259	0.239	0.266	0.320	0.297	0.337	0.271	0.304	0.297	0.295	0.313	0.320	0.249	0.282	0.232	0.314	0.375	0.291	0.226	0.340	0.291	0.323	0.306	0.286	0.345	0.332	0.289	1.910	0.598	0.219	0.218	2.300	-16685.886
129	16	500	500	0.5084	7.398	0.344	0.275	0.324	0.331	0.302	0.295	0.295	0.248	0.247	0.278	0.319	0.254	0.326	0.297	7.339	0.254	0.363	0.365	0.201	0.257	0.301	0.379	0.294	0.215	0.356	0.305	0.309	0.239	0.271	2.059	0.660	0.320	0.180	998.998	-16470.673
130	16	500	500	0.5021	0.470	0.307	0.283	0.310	0.265	0.252	0.305	0.313	0.410	0.291	0.256	0.250	0.283	0.313	0.282	0.099	0.316	0.326	0.327	0.285	0.329	0.225	0.271	0.273	0.319	0.289	0.272	0.293	0.368	0.265	2.058	0.532	0.266	0.194	2.123	-16609.506
131	16	500	500	0.5193	0.333	0.233	0.297	0.341	0.312	0.254	0.300	0.307	0.308	0.355	0.307	0.352	0.314	0.353	0.354	0.364	0.334	0.308	0.359	0.322	0.351	0.311	0.324	0.269	0.275	0.312	0.294	0.333	0.359	0.269	1.928	0.608	0.342	0.199	3.304	-17336.502
132	16	500	500	0.5170	0.296	0.269	0.274	0.280	0.270	0.288	0.278	0.286	0.258	0.300	0.277	0.296	0.287	0.260	0.371	0.318	0.236	0.268	0.287	0.313	0.333	0.316	0.317	0.309	0.290	0.351	0.282	0.263	0.332	0.298	1.977	0.599	0.308	0.211	6.883	-16719.848
133	16	500	500	0.5059	0.243	0.341	0.293	0.308	0.283	0.312	0.244	0.341	0.278	0.269	0.315	0.280	0.316	0.307	0.303	0.305	0.297	0.310	0.306	0.282	0.279	0.296	0.278	0.341	0.253	0.281	0.275	0.287	0.352	0.281	2.002	0.623	0.295	0.204	2.521	-16655.536
134	16	500	500	0.5139	0.282	0.362	0.339	0.374	0.346	0.262	0.274	0.309	0.300	0.360	0.321	0.308	0.268	0.292	0.314	0.266	0.226	0.343	0.349	0.259	0.328	0.306	0.260	0.369	0.278	0.307	0.290	0.324	0.255	0.263	2.043	0.533	0.249	0.186	2.470	-16813.707
135	16	500	500	0.4983	0.404	0.273	0.384	0.313	0.302	0.285	0.333	0.336	0.316	0.339	0.243	0.265	0.272	0.294	0.357	0.356	0.306	0.279	0.271	0.282	0.272	0.304	0.332	0.262	0.290	0.260	0.283	0.329	0.273	0.319	2.001	0.606	0.315	0.196	5.151	-16805.344
136	16	500	499	0.5083	0.315	0.282	0.288	0.314	0.245	0.281	0.326	0.309	0.313	0.334	0.296	0.315	0.326	0.276	0.349	0.253	0.229	0.273	0.313	0.286	0.291	0.249	0.326	0.279	0.313	0.374	0.274	0.338	0.325	0.278	2.034	0.571	0.288	0.195	1.431	-16722.921
137	16	500	500	0.5048	0.293	0.289	0.322	0.333	0.293	0.279	0.285	0.304	0.316	0.273	0.271	0.321	0.323	0.287	0.272	0.314	0.288	0.342	0.295	0.333	0.288	0.299	0.317	0.268	0.329	0.275	0.304	0.343	0.301	0.328	1.988	0.576	0.309	0.195	2.511	-16864.429
138	16	500	500	0.5049	0.262	0.348	0.321	0.311	0.315	0.302	0.341	0.329	0.323	0.273	0.328	0.319	0.369	0.303	0.358	0.275	0.229	0.329	0.313	0.305	0.290	0.249	0.323	0.335	0.235	0.342	0.363	0.323	0.281	0.328	2.041	0.574	0.281	0.209	1.807	-17218.950
139	16	500	499	0.5009	0.261	0.279	0.307	0.271	0.342	0.307	0.299	0.291	0.259	0.334	0.246	0.347	0.327	0.292	0.329	0.312	0.326	0.341	0.282	0.313	0.271	0.315	0.328	0.300	0.315	0.345	0.314	0.308	0.319	0.324	1.975	0.550	0.318	0.196	1.486	-17115.374
140	16	500	500	0.5093	0.339	0.216	0.365	0.362	0.239	0.271	0.296	0.299	0.337	0.326	0.259	0.325	0.336	0.273	0.305	0.280	0.261	0.267	0.300	0.330	0.295	0.242	0.305	0.319	0.326	0.309	0.275	0.303	0.284	0.312	2.057	0.619	0.290	0.178	3.377	-16550.841
141	16	500	500	0.5145	0.310	0.306	0.263	0.258	0.314	0.351	0.286	0.331	0.277	0.321	0.269	0.311	0.290	0.246	0.321	0.337	0.349	0.368	0.285	0.274	0.278	0.319	0.320	0.244	0.389	0.301	0.254	0.183	0.356	0.273	1.991	0.614	0.277	0.202	4.459	-16737.183
142	16	500	500	0.5272	0.235	0.273	0.312	0.306	0.369	0.310	0.285	0.362	0.316	0.331	0.261	0.311	0.331	0.319	0.338	0.240	0.290	0.256	0.247	0.326	0.381	0.337	0.251	0.260	0.301	0.261	0.320	0.330	0.282	0.319	1.946	0.605	0.316	0.194	2.935	-17041.592
143	16	500	500	0.5172	0.326	0.247	0.297	0.297	0.274	0.335	0.323	0.336	0.307	0.245	0.305	0.293	0.262	0.257	0.261	0.285	0.358	0.190	0.307	0.333	0.306	0.270	0.319	0.234	0.350	0.294	0.237	0.287	0.333	0.331	1.989	0.604	0.292	0.209	2.355	-16625.167
144	16	500	500	0.5170	0.258	0.244	0.258	0.302	0.317	0.346	0.297	0.250	0.304	0.272	0.255	0.280	0.304	0.318	0.305	0.256	0.311	0.315	0.336	0.298	0.259	0.311	0.351	0.275	0.302	0.341	0.297	0.319	0.289	0.304	1.981	0.499	0.225	0.208	1.277	-16879.047
145	16	500	500	0.5119	0.389	0.214	0.299	0.308	0.269	0.286	0.357	0.302	0.290	0.312	0.359	0.323	0.369	0.263	0.317	0.343	0.305	0.257	0.298	0.298	0.360	0.253	0.282	0.271	0.348	0.354	0.278	0.281	0.282	0.273	2.037	0.614	0.321	0.210	6.727	-16841.476
146	16	500	500	0.5114	0.280	0.230	0.232	0.283	0.342	0.312	0.309	0.286	0.346	0.304	0.283	0.302	0.342	0.240	0.343	0.207	0.242	0.274	0.286	0.361	0.358	0.337	0.266	0.294	0.346	0.248	0.324	0.305	0.294	0.310	1.939	0.609	0.309	0.178	2.630	-16562.589
147	16	500	499	0.5136	0.288	0.249	0.281	0.311	0.264	0.284	0.273	0.268	0.316	0.272	0.293	0.299	0.307	0.290	0.313	0.257	0.299	0.245	0.246	0.327	0.301	0.286	0.260	0.295	0.318	0.315	0.294	0.326	0.285	0.299	2.017	0.601	0.278	0.203	2.395	-16472.800
148	16	500	500	0.5178	0.339	0.273	0.299	0.269	0.332	0.344	0.258	0.312	0.293	0.286	0.282	0.268	0.311	0.404	0.246	0.303	0.236	0.280	0.315	0.254	0.311	0.248	0.304	0.316	0.336	0.288	0.306	0.233	0.230	0.402	2.032	0.667	0.282	0.205	6.263	-16655.391
149	16	500	499	0.5044	0.305	0.265	0.263	0.297	0.290	0.338	0.329	0.363	0.201	0.308	0.327	0.269	0.324	0.311	0.221	0.270	0.257	0.326	0.275	0.325	0.287	0.379	0.277	0.325	0.281	0.323	0.279	0.295	0.254	0.307	1.984	0.588	0.264	0.203	2.078	-16631.929
150	16	500	500	0.5254	0.311	0.293	0.277	0.286	0.293	0.397	0.290	0.244	0.364	0.295	0.286	0.307	0.361	0.266	0.354	0.286	0.295	0.311	0.272	0.313	0.284	0.259	0.351	0.375	0.323	0.332	0.321	0.335	0.285	0.324	1.929	0.632	0.322	0.202	4.318	-17119.176
151	16	500	499	0.5222	0.279	0.323	0.383	0.307	0.309	0.263	0.283	0.290	0.309	0.258	0.339	0.281	0.332	0.287	0.265	0.271	0.281	0.336	0.303	0.296	0.277	0.301	0.299	0.355	0.304	0.318	0.226	0.348	0.258	0.370	2.130	0.616	0.330	0.194	11.798	-16675.632
152	16	500	499	0.5239	0.224	0.250	0.298	0.301	0.245	0.290	0.277	0.323	0.177	0.283	0.278	0.260	0.262	0.323	0.286	0.259	0.291	0.316	0.236	0.284	0.274	0.295	0.249	0.274	0.300	0.312	0.270	0.249	0.301	0.339	1.979	0.639	0.235	0.204	2.787	-16078.861
153	16	500	500	0.5102	0.328	0.380	0.266	0.282	0.252	0.314	0.298	0.313	0.280	0.277	0.256	0.323	0.320	0.320	0.309	0.321	0.341	0.320	0.324	0.291	0.299	0.257	0.312	0.268	0.285	0.334	0.319	0.299	0.311	0.310	1.995	0.623	0.344	0.195	6.783	-16861.205
154	16	500	500	0.5301	0.307	0.333	0.240	0.361	0.270	0.341	0.305	0.313	0.309	0.265	0.363	0.308	0.299	0.308	0.274	0.266	0.289	0.343	0.308	0.263	0.366	0.316	0.257	0.373	0.293	0.336	0.337	0.326	0.267	0.298	2.092	0.566	0.352	0.209	4.737	-17135.185
155	16	500	500	0.5096	0.297	0.236	0.351	0.332	0.251	0.265	0.351	0.266	0.272	0.339	0.238	0.357	0.339	0.335	0.293	0.283	0.282	0.347	0.339	0.288	0.231	0.303	0.313	0.332	0.236	0.342	0.331	0.273	0.286	0.299	1.949	0.554	0.292	0.210	1.177	-16937.999
156	16	500	500	0.5228	0.323	0.293	0.286	0.279	0.289	0.353	0.272	0.298	0.230	0.280	0.306	0.271	0.268	0.334	0.303	0.284	0.254	0.273	0.306	0.341	0.322	0.307	0.313	0.307	0.337	0.315	0.301	0.251	0.231	0.267	2.077	0.672	0.300	0.207	4.207	-16554.299
157	16	500	500	0.5096	0.294	0.267	0.275	0.284	0.310	0.291	0.291	0.321	0.290	0.311	0.279	0.295	0.295	0.290	0.299	0.301	0.296	0.234	0.289	0.387	0.355	0.352	0.273	0.354	0.303	0.239	0.365	0.329	0.305	0.305	1.926	0.604	0.306	0.197	1.996	-16825.754
158	16	500	500	0.5211	0.294	0.338	0.299	0.297	0.284	0.307	0.323	0.305	0.361	0.231	0.297	0.306	0.359	0.263	0.274	0.351	0.294	0.248	0.302	0.275	0.296	0.337	0.263	0.306	0.277	0.306	0.266	0.318	0.314	0.286	2.035	0.556	0.282	0.193	1.682	-16687.288
159	16	500	500	0.5122	0.207	0.368	0.294	0.297	0.320	0.287	0.218	0.351	0.304	0.267	0.275	0.357	0.311	0.323	0.314	0.264	0.316	0.315	0.260	0.289	0.309	0.279	0.316	0.295	0.341	0.317	0.287	0.319	0.285	0.299	2.000	0.560	0.317	0.195	1.935	-16899.913
160	16	500	500	0.5094	0.345	0.378	0.285	0.261	0.266	0.350	0.272	0.291	0.329	0.345	0.334	0.324	0.296	0.239	0.291	0.389	0.285	0.249	0.332	0.259	0.219	0.316	0.322	0.381	0.273	0.281	0.327	0.282	0.362	0.275	2.065	0.595	0.280	0.184	7.162	-16619.893
161	16	500	500	0.5041	0.390	0.373	0.345	0.269	0.329	0.378	0.264	0.286	0.287	0.259	0.304	0.306	0.368	0.300	0.300	0.345	0.310	0.338	0.295	0.270	0.325	0.364	0.269	0.358	0.352	0.288	0.283	0.261	0.355	0.297	2.014	0.621	0.308	0.208	3.868	-17172.499
162	16	500	500	0.5297	0.301	0.267	0.315	0.282	0.310	0.281	0.279	0.283	0.224	0.321	0.293	0.254	0.256	0.320	0.280	0.256	0.316	0.256	0.341	0.259	0.279	0.294	0.255	0.352	0.338	0.300	0.266	0.250	0.267	0.281	2.088	0.624	0.273	0.191	2.773	-16346.639
163	16	500	500	0.5125	0.275	0.232	0.283	0.295	0.322	0.310	0.331	0.275	0.397	0.287	0.344	0.326	0.271	0.331	0.282	0.309	0.254	0.417	0.317	0.300	0.244	0.287	0.284	0.303	0.370	0.323	0.295	0.369	0.301	0.310	1.926	0.485	0.286	0.190	2.086	-17179.614
164	16	500	500	0.5383	0.256	0.284	0.364	0.292	0.306	0.263	0.300	0.281	0.258	0.283	0.380	0.286	0.320	0.273	0.283	0.275	0.311	0.346	0.308	0.340	0.323	0.261	0.310	0.271	0.306	0.381	0.250	0.289	0.296	0.307	1.965	0.501	0.284	0.209	2.495	-17177.406
165	16	500	500	0.5187	0.306	0.219	0.258	0.247	0.257	0.331	0.249	0.257	0.267	0.284	0.271	0.295	0.362	0.327	0.275	0.281	0.292	0.336	0.270	0.289	0.246	0.330	0.285	0.241	0.347	0.321	0.281	0.312	0.312	0.288	2.114	0.627	0.284	0.198	3.909	-16317.316
166	16	500	500	0.4942	0.324	0.334	0.314	0.329	0.327	0.315	0.263	0.310	0.287	0.321	0.310	0.344	0.296	0.335	0.279	0.275	0.257	0.218	0.315	0.250	0.319	0.330	0.327	0.321	0.295	0.286	0.266	0.309	0.337	0.309	1.872	0.547	0.292	0.216	2.085	-17130.477
167	16	500	499	0.4977	0.266	0.303	0.347	0.396	0.320	0.260	0.262	0.375	0.318	0.371	0.330	0.364	0.353	0.284	0.313	0.292	0.321	0.327	0.326	0.314	0.315	0.299	0.332	0.371	0.363	0.332	0.280	0.283	0.315	0.266	2.005	0.550	0.330	0.202	3.712	-17445.637
168	16	500	500	0.5143	0.420	0.352	0.270	0.331	0.280	0.415	0.313	0.246	0.321	0.300	0.337	0.236	0.286	0.265	0.320	0.403	0.334	0.266	0.293	0.298	0.342	0.262	0.311	0.229	0.274	0.257	0.290	0.279	0.288	0.258	2.021	0.608	0.302	0.206	7.509	-16732.174
169	16	500	500	0.5114	11.187	0.241	0.264	0.328	0.270	0.373	0.295	0.309	0.315	0.256	0.276	0.322	0.365	0.260	0.291	11.225	0.264	0.314	0.321	0.316	0.387	0.301	0.273	0.310	0.253	0.287	0.309	0.371	0.258	0.298	2.036	0.643	0.316	0.210	998.990	-16810.051
170	16	500	499	0.5095	0.246	0.243	0.411	0.302	0.285	0.336	0.328	0.276	0.267	0.354	0.292	0.292	0.258	0.262	0.334	0.455	0.306	0.266	0.259	0.309	0.329	0.337	0.262	0.309	0.286	0.278	0.323	0.282	0.278	0.281	1.906	0.583	0.272	0.184	3.232	-16548.927
171	16	500	500	0.5088	0.225	0.302	0.280	0.309	0.303	0.339	0.313	0.324	0.294	0.314	0.281	0.255	0.319	0.332	0.293	0.270	0.305	0.290	0.304	0.294	0.348	0.298	0.287	0.383	0.278	0.270	0.305	0.295	0.303	0.281	2.010	0.595	0.322	0.203	2.769	-16876.018
172	16	500	500	0.5125	0.282	0.282	0.275	0.276	0.281	0.313	0.323	0.297	0.337	0.319	0.285	0.301	0.303	0.299	0.300	0.211	0.363	0.298	0.267	0.259	0.243	0.324	0.290	0.305	0.250	0.254	0.306	0.310	0.240	0.301	2.063	0.657	0.291	0.214	4.971	-16568.021
173	16	500	500	0.5199	0.366	0.283	0.239	0.345	0.251	0.272	0.336	0.279	0.335	0.253	0.279	0.256	0.297	0.293	0.300	0.331	0.315	0.368	0.331	0.314	0.312	0.288	0.252	0.288	0.317	0.299	0.289	0.234	0.352	0.287	2.070	0.593	0.265	0.203	1.767	-16717.143
174	16	500	498	0.5176	0.324	0.343	0.306	0.292	0.281	0.290	0.362	0.287	0.326	0.312	0.285	0.307	0.388	0.292	0.365	0.301	0.354	0.355	0.366	0.283	0.273	0.357	0.277	0.343	0.307	0.345	0.276	0.334	0.346	0.287	2.193	0.588	0.383	0.200	12.641	-17221.797
175	16	500	500	0.5231	0.367	0.325	0.296	0.299	0.350	0.351	0.293	0.318	0.220	0.290	0.286	0.324	0.319	0.243	0.315	0.377	0.299	0.322	0.274	0.267	0.350	0.293	0.309	0.296	0.306	0.266	0.297	0.358	0.340	0.328	1.898	0.593	0.310	0.198	5.311	-17021.713
176	16	500	499	0.5078	0.365	0.222	0.304	0.340	0.283	0.336	0.290	0.324	0.399	0.280	0.353	0.278	0.302	0.306	0.314	0.304	0.354	0.268	0.287	0.285	0.288	0.305	0.303	0.291	0.275	0.300	0.322	0.254	0.275	0.269	2.041	0.552	0.291	0.197	1.000	-16857.881
177	16	500	500	0.5265	0.261	0.294	0.324	0.317	0.347	0.335	0.365	0.236	0.330	0.302	0.263	0.281	0.200	0.326	0.299	0.316	0.338	0.335	0.292	0.275	0.250	0.342	0.325	0.246	0.303	0.326	0.280	0.188	0.300	0.314	2.070	0.633	0.281	0.209	1.000	-16751.940
178	16	500	500	0.5127	0.303	0.240	0.341	0.339	0.290	0.241	0.258	0.328	0.291	0.322	0.246	0.336	0.229	0.308	0.281	0.302	0.288	0.365	0.279	0.323	0.288	0.349	0.286	0.269	0.333	0.243	0.344	0.275	0.279	0.304	2.005	0.564	0.289	0.195	2.196	-16805.991
179	16	500	500	0.5273	0.362	0.362	0.216	0.305	0.296	0.380	0.305	0.333	0.316	0.284	0.273	0.339	0.302	0.285	0.348	0.388	0.268	0.253	0.330	0.321	0.312	0.298	0.344	0.341	0.294	0.317	0.372	0.288	0.335	0.298	1.971	0.586	0.315	0.195	4.038	-17194.096
180	16	500	500	0.5130	0.315	0.246	0.251	0.256	0.349	0.335	0.359	0.304	0.264	0.293	0.307	0.237	0.294	0.328	0.349	0.268	0.256	0.318	0.308	0.313	0.297	0.274	0.313	0.326	0.256	0.299	0.214	0.311	0.342	0.251	2.052	0.640	0.322	0.207	6.488	-16708.871
181	16	500	500	0.5058	0.270	0.375	0.287	0.325	0.371	0.307	0.343	0.331	0.343	0.383	0.258	0.334	0.249	0.276	0.359	0.284	0.319	0.306	0.265	0.367	0.288	0.284	0.344	0.263	0.349	0.331	0.341	0.287	0.340	0.270	2.141	0.558	0.343	0.185	3.022	-17203.987
182	16	500	500	0.5185	0.329	0.255	0.284	0.315	0.290	0.359	0.254	0.318	0.294	0.320	0.273	0.327	0.285	0.326	0.303	0.275	0.294	0.258	0.319	0.326	0.349	0.335	0.306	0.349	0.363	0.301	0.325	0.249	0.321	0.320	2.093	0.623	0.319	0.203	3.515	-16999.740
183	16	500	500	0.5192	0.310	0.222	0.337	0.314	0.258	0.309	0.307	0.345	0.375	0.332	0.264	0.277	0.317	0.325	0.264	0.343	0.304	0.312	0.318	0.371	0.272	0.331	0.343	0.313	0.257	0.309	0.288	0.347	0.335	0.232	2.106	0.617	0.306	0.212	5.319	-16998.388
184	16	500	500	0.5238	0.264	0.333	0.318	0.317	0.313	0.244	0.350	0.274	0.281	0.255	0.315	0.315	0.312	0.296	0.333	0.279	0.292	0.334	0.266	0.331	0.332	0.305	0.300	0.262	0.302	0.246	0.324	0.298	0.275	0.333	1.900	0.569	0.314	0.209	2.527	-17032.016
185	16	500	498	0.5028	0.297	0.325	0.279	0.400	0.359	0.267	0.334	0.270	0.281	0.298	0.396	0.259	0.232	0.269	0.318	0.286	0.304	0.294	0.338	0.244	0.380	0.286	0.321	0.334	0.263	0.314	0.308	0.342	0.314	0.306	1.956	0.543	0.264	0.185	1.215	-16930.011
186	16	500	500	0.5070	0.309	0.385	0.355	0.302	0.288	0.261	0.298	0.274	0.322	0.272	0.290	0.303	0.222	0.335	0.322	0.345	0.341	0.306	0.273	0.278	0.251	0.303	0.319	0.261	0.336	0.269	0.319	0.259	0.362	0.277	2.005	0.618	0.299	0.187	3.229	-16587.003
187	16	500	498	0.5125	2.970	0.243	0.314	0.304	0.279	0.280	0.326	0.296	0.366	0.327	0.306	0.250	0.251	0.337	0.284	2.953	0.217	0.302	0.267	0.337	0.272	0.298	0.272	0.375	0.333	0.360	0.283	0.257	0.292	0.278	2.006	0.629	0.331	0.216	241.473	-16804.103
188	16	500	500	0.5073	0.329	0.342	0.280	0.298	0.290	0.412	0.321	0.321	0.307	0.247	0.318	0.302	0.309	0.328	0.322	0.329	0.315	0.285	0.293	0.332	0.311	0.292	0.304	0.306	0.310	0.304	0.329	0.301	0.288	0.304	2.046	0.565	0.300	0.202	2.567	-17127.363
189	16	500	500	0.5080	0.393	0.253	0.326	0.250	0.278	0.315	0.292	0.277	0.305	0.284	0.258	0.218	0.240	0.290	0.273	0.375	0.336	0.213	0.300	0.302	0.326	0.294	0.289	0.245	0.221	0.264	0.314	0.291	0.253	0.274	1.891	0.640	0.268	0.209	4.465	-16319.750
190	16	500	499	0.5009	1.719	0.250	0.341	0.301	0.263	0.304	0.274	0.285	0.362	0.302	0.302	0.315	0.326	0.289	0.313	1.749	0.316	0.239	0.277	0.328	0.307	0.350	0.297	0.267	0.319	0.285	0.340	0.306	0.319	0.330	2.038	0.635	0.338	0.202	200.307	-16880.572
191	16	500	500	0.5132	0.237	0.267	0.303	0.331	0.219	0.272	0.307	0.263	0.385	0.254	0.334	0.247	0.352	0.266	0.270	0.241	0.309	0.297	0.247	0.344	0.291	0.312	0.287	0.295	0.307	0.346	0.237	0.340	0.215	0.296	2.018	0.556	0.267	0.215	2.298	-16512.683
192	16	500	500	0.5373	0.299	0.343	0.312	0.286	0.266	0.328	0.268	0.287	0.273	0.285	0.279	0.273	0.295	0.283	0.296	0.297	0.205	0.289	0.300	0.260	0.299	0.302	0.276	0.363	0.213	0.275	0.304	0.365	0.287	0.278	1.922	0.639	0.288	0.193	3.299	-16489.055
193	16	500	498	0.5122	0.266	0.299	0.312	0.299	0.286	0.347	0.334	0.272	0.313	0.330	0.288	0.267	0.253	0.362	0.303	0.256	0.223	0.243	0.319	0.332	0.324	0.301	0.258	0.347	0.269	0.287	0.300	0.253	0.240	0.332	1.946	0.572	0.353	0.191	3.595	-16791.693
194	16	500	500	0.5143	0.225	0.367	0.279	0.313	0.301	0.326	0.272	0.306	0.239	0.317	0.302	0.264	0.368	0.284	0.369	0.293	0.303	0.287	0.308	0.256	0.301	0.235	0.291	0.298	0.264	0.258	0.299	0.348	0.256	0.310	1.982	0.554	0.247	0.208	1.745	-16654.250
195	16	500	500	0.4998	0.279	0.229	0.266	0.303	0.272	0.320	0.327	0.336	0.310	0.243	0.295	0.305	0.295	0.261	0.360	0.241	0.240	0.342	0.211	0.358	0.331	0.316	0.337	0.306	0.332	0.306	0.341	0.289	0.263	0.294	1.926	0.547	0.276	0.213	1.902	-16855.462
196	16	500	500	0.5263	0.256	0.364	0.419	0.327	0.322	0.348	0.353	0.311	0.355	0.255	0.338	0.296	0.309	0.358	0.256	0.257	0.323	0.403	0.267	0.332	0.331	0.337	0.289	0.217	0.373	0.317	0.276	0.317	0.361	0.270	1.934	0.478	0.285	0.201	2.165	-17534.772
197	16	500	500	0.5116	0.418	0.304	0.348	0.286	0.300	0.289	0.321	0.316	0.259	0.354	0.282	0.317	0.369	0.248	0.347	0.340	0.302	0.293	0.312	0.301	0.274	0.287	0.294	0.228	0.282	0.263	0.292	0.305	0.259	0.318	1.946	0.656	0.319	0.199	13.595	-16824.009
198	16	500	500	0.5315	0.253	0.416	0.239	0.332	0.306	0.314	0.348	0.260	0.340	0.258	0.274	0.366	0.280	0.328	0.351	0.311	0.302	0.305	0.314	0.297	0.297	0.312	0.323	0.273	0.328	0.309	0.326	0.280	0.276	0.334	1.946	0.572	0.330	0.190	2.987	-17157.891
199	16	500	500	0.5018	0.269	0.314	0.329	0.253	0.293	0.344	0.311	0.268	0.229	0.320	0.231	0.264	0.249	0.322	0.279	0.280	0.324	0.279	0.304	0.296	0.305	0.289	0.283	0.237	0.382	0.317	0.278	0.259	0.322	0.348	2.021	0.467	0.226	0.196	1.661	-16603.764
200	16	500	499	0.5131	0.329	0.373	0.312	0.310	0.295	0.301	0.313	0.253	0.339	0.270	0.330	0.326	0.283	0.379	0.284	0.365	0.265	0.300	0.296	0.261	0.322	0.294	0.347	0.278	0.350	0.341	0.265	0.273	0.292	0.305	1.966	0.594	0.346	0.193	3.405	-17005.092
201	16	500	499	0.5065	0.305	0.309	0.358	0.332	0.288	0.200	0.328	0.339	0.352	0.294	0.273	0.317	0.295	0.309	0.314	0.290	0.355	0.281	0.237	0.361	0.301	0.278	0.317	0.262	0.309	0.279	0.317	0.255	0.361	0.232	2.013	0.605	0.328	0.193	4.888	-16772.698
202	16	500	498	0.5097	0.341	0.374	0.336	0.305	0.246	0.267	0.274	0.372	0.221	0.304	0.284	0.250	0.365	0.281	0.303	0.327	0.290	0.255	0.337	0.278	0.341	0.278	0.314	0.346	0.282	0.312	0.330	0.280	0.322	0.304	2.145	0.635	0.294	0.205	8.478	-16666.350
203	16	500	499	0.5147	0.234	0.353	0.246	0.313	0.274	0.356	0.292	0.330	0.257	0.342	0.313	0.272	0.335	0.268	0.306	0.323	0.373	0.229	0.290	0.298	0.330	0.307	0.310	0.332	0.321	0.302	0.300	0.299	0.298	0.277	2.039	0.583	0.328	0.208	4.782	-16898.585
204	16	500	499	0.5097	0.257	0.300	0.321	0.308	0.285	0.278	0.336	0.255	0.366	0.266	0.250	0.289	0.335	0.268	0.371	0.248	0.238	0.365	0.251	0.335	0.305	0.325	0.279	0.358	0.295	0.268	0.308	0.349	0.261	0.360	1.899	0.578	0.282	0.188	3.188	-16786.293
205	16	500	500	0.5100	0.327	0.307	0.292	0.244	0.308	0.303	0.292	0.283	0.357	0.268	0.317	0.330	0.313	0.381	0.324	0.283	0.304	0.317	0.247	0.257	0.260	0.305	0.339	0.328	0.313	0.244	0.263	0.311	0.340	0.322	2.040	0.629	0.286	0.221	1.877	-16970.750
206	16	500	500	0.5187	0.298	0.303	0.250	0.303	0.267	0.325	0.292	0.255	0.303	0.322	0.288	0.332	0.231	0.351	0.249	0.256	0.273	0.246	0.363	0.280	0.311	0.300	0.360	0.321	0.323	0.289	0.336	0.293	0.268	0.352	2.055	0.625	0.265	0.202	3.716	-16696.016
207	16	500	500	0.5064	0.243	0.243	0.343	0.289	0.265	0.257	0.288	0.342	0.343	0.324	0.270	0.343	0.315	0.316	0.278	0.300	0.340	0.240	0.344	0.281	0.292	0.317	0.304	0.328	0.326	0.341	0.250	0.290	0.351	0.230	1.918	0.567	0.286	0.197	1.000	-16780.563
208	16	500	500	0.5070	0.270	0.295	0.351	0.278	0.312	0.344	0.305	0.299	0.289	0.330	0.310	0.268	0.274	0.320	0.312	0.282	0.264	0.276	0.297	0.356	0.377	0.279	0.244	0.332	0.335	0.283	0.334	0.265	0.353	0.325	2.064	0.603	0.328	0.195	5.698	-16849.064
209	16	500	500	0.5082	6.264	0.230	0.359	0.285	0.253	0.390	0.282	0.381	0.303	0.345	0.285	0.272	0.297	0.263	0.290	6.275	0.329	0.290	0.316	0.222	0.359	0.275	0.318	0.313	0.309	0.251	0.265	0.314	0.326	0.303	2.036	0.653	0.305	0.191	489.885	-16693.278
210	16	500	500	0.5058	0.182	0.297	0.241	0.294	0.272	0.280	0.292	0.304	0.303	0.296	0.313	0.312	0.304	0.247	0.355	0.381	0.260	0.287	0.225	0.339	0.256	0.275	0.360	0.319	0.224	0.297	0.257	0.304	0.288	0.235	1.967	0.609	0.243	0.189	1.499	-16336.514
211	16	500	499	0.5247	0.296	0.321	0.274	0.303	0.252	0.288	0.338	0.276	0.294	0.274	0.243	0.333	0.336	0.260	0.267	0.376	0.312	0.326	0.296	0.202	0.247	0.298	0.339	0.263	0.304	0.257	0.317	0.304	0.264	0.282	2.137	0.662	0.283	0.207	3.357	-16404.716
212	16	500	500	0.5010	0.264	0.305	0.343	0.309	0.296	0.340	0.306	0.317	0.335	0.327	0.240	0.328	0.246	0.301	0.334	0.237	0.265	0.352	0.343	0.322	0.311	0.346	0.275	0.318	0.305	0.350	0.280	0.334	0.297	0.324	1.989	0.503	0.266	0.212	3.745	-17172.915
213	16	500	500	0.5215	0.354	0.273	0.289	0.285	0.330	0.396	0.355	0.284	0.326	0.409	0.313	0.318	0.297	0.286	0.288	0.307	0.367	0.302	0.312	0.333	0.308	0.325	0.290	0.346	0.304	0.313	0.342	0.304	0.282	0.289	1.994	0.600	0.340	0.192	8.134	-17272.467
214	16	500	500	0.5214	0.365	0.331	0.262	0.294	0.303	0.290	0.307	0.285	0.267	0.245	0.248	0.326	0.373	0.273	0.289	0.325	0.308	0.302	0.228	0.336	0.265	0.380	0.224	0.246	0.284	0.245	0.332	0.269	0.280	0.302	1.979	0.657	0.251	0.198	2.420	-16517.405
215	16	500	498	0.5076	12.343	0.274	0.279	0.333	0.323	0.286	0.310	0.313	0.310	0.289	0.321	0.332	0.265	0.283	0.254	12.550	0.320	0.274	0.251	0.362	0.289	0.286	0.334	0.303	0.264	0.283	0.292	0.330	0.279	0.251	2.001	0.631	0.330	0.197	999.000	-16733.225
216	16	500	500	0.5101	0.147	0.337	0.320	0.320	0.268	0.268	0.318	0.270	0.354	0.319	0.318	0.353	0.301	0.302	0.277	0.170	0.365	0.328	0.283	0.353	0.245	0.327	0.317	0.323	0.261	0.272	0.332	0.312	0.358	0.246	2.169	0.459	0.212	0.191	949.840	-16594.859
217	16	500	500	0.5038	0.230	0.345	0.348	0.383	0.271	0.296	0.273	0.299	0.328	0.275	0.311	0.323	0.322	0.324	0.298	0.218	0.405	0.286	0.304	0.318	0.334	0.307	0.306	0.354	0.356	0.339	0.260	0.284	0.263	0.294	2.041	0.482	0.247	0.182	947.159	-16952.688
218	16	500	500	0.5140	0.362	0.190	0.304	0.305	0.310	0.372	0.388	0.299	0.416	0.315	0.286	0.315	0.213	0.309	0.264	0.148	0.387	0.281	0.227	0.381	0.291	0.309	0.320	0.281	0.265	0.290	0.281	0.270	0.315	0.275	2.092	0.587	0.303	0.187	2.663	-16691.994
219	16	500	500	0.5026	7.339	0.288	0.278	0.294	0.261	0.355	0.325	0.290	0.331	0.354	0.290	0.286	0.247	0.234	0.303	7.365	0.323	0.316	0.372	0.234	0.384	0.320	0.352	0.316	0.318	0.289	0.356	0.247	0.327	0.310	2.115	0.716	0.262	0.211	998.999	-16865.850
220	16	500	499	0.4939	0.000	0.331	0.219	0.258	0.307	0.375	0.317	0.264	0.378	0.290	0.284	0.270	0.315	0.282	0.295	0.334	0.406	0.334	0.354	0.262	0.296	0.234	0.321	0.300	0.212	0.278	0.305	0.322	0.288	0.404	2.070	0.418	0.167	0.180	703.662	-16414.220
221	16	500	499	0.5135	0.209	0.291	0.334	0.314	0.291	0.251	0.295	0.328	0.315	0.255	0.259	0.308	0.261	0.282	0.359	0.337	0.301	0.333	0.336	0.237	0.305	0.340	0.247	0.265	0.249	0.378	0.318	0.313	0.274	0.354	1.965	0.618	0.343	0.213	2.960	-17079.475
222	16	500	498	0.5155	0.270	0.301	0.293	0.314	0.315	0.269	0.339	0.312	0.319	0.284	0.264	0.300	0.296	0.290	0.257	0.229	0.305	0.305	0.324	0.225	0.312	0.273	0.356	0.324	0.304	0.256	0.313	0.354	0.294	0.296	1.960	0.546	0.249	0.210	1.000	-16700.524
223	16	500	499	0.4995	0.342	0.274	0.312	0.263	0.320	0.320	0.253	0.352	0.355	0.256	0.260	0.316	0.323	0.308	0.341	0.326	0.247	0.302	0.318	0.300	0.314	0.248	0.273	0.334	0.333	0.280	0.321	0.256	0.306	0.305	2.052	0.622	0.325	0.191	7.328	-16709.288
224	16	500	500	0.5091	0.375	0.369	0.291	0.347	0.320	0.293	0.322	0.300	0.254	0.330	0.314	0.331	0.243	0.379	0.271	0.312	0.285	0.301	0.350	0.281	0.336	0.357	0.278	0.253	0.257	0.328	0.276	0.334	0.331	0.333	1.952	0.573	0.347	0.191	3.698	-17083.764
225	16	500	500	0.5015	0.317	0.337	0.335	0.280	0.361	0.297	0.313	0.329	0.284	0.310	0.305	0.317	0.251	0.329	0.356	0.310	0.365	0.340	0.291	0.300	0.360	0.265	0.296	0.248	0.290	0.327	0.292	0.266	0.304	0.297	2.057	0.614	0.323	0.183	3.278	-16825.327
226	16	500	500	0.5141	0.210	0.359	0.303	0.326	0.281	0.202	0.329	0.325	0.335	0.351	0.299	0.284	0.271	0.338	0.312	0.270	0.302	0.282	0.260	0.260	0.268	0.302	0.371	0.251	0.323	0.354	0.359	0.387	0.274	0.279	1.844	0.581	0.358	0.212	5.569	-17173.233
227	16	500	500	0.5212	0.268	0.245	0.325	0.374	0.241	0.305	0.319	0.289	0.344	0.290	0.334	0.318	0.331	0.314	0.324	0.301	0.326	0.223	0.305	0.301	0.301	0.321	0.300	0.330	0.298	0.288	0.327	0.301	0.282	0.305	2.041	0.592	0.274	0.195	2.642	-16952.669
228	16	500	500	0.5090	0.318	0.258	0.322	0.281	0.243	0.309	0.334	0.261	0.308	0.332	0.245	0.359	0.282	0.292	0.311	0.357	0.252	0.321	0.268	0.288	0.348	0.270	0.308	0.315	0.326	0.312	0.344	0.229	0.334	0.334	2.063	0.608	0.289	0.214	2.519	-16894.320
229	16	500	500	0.5158	0.299	0.361	0.288	0.313	0.321	0.302	0.308	0.304	0.278	0.350	0.320	0.342	0.310	0.262	0.269	0.286	0.360	0.354	0.252	0.271	0.294	0.320	0.269	0.246	0.287	0.367	0.242	0.301	0.306	0.319	1.989	0.568	0.316	0.206	4.113	-17031.066
230	16	500	500	0.5205	0.290	0.313	0.227	0.249	0.284	0.334	0.309	0.291	0.330	0.299	0.237	0.276	0.268	0.294	0.274	0.281	0.241	0.305	0.245	0.295	0.268	0.343	0.299	0.340	0.277	0.312	0.238	0.311	0.291	0.234	2.056	0.594	0.230	0.190	2.060	-16217.008
231	16	500	500	0.5210	0.812	0.294	0.294	0.274	0.346	0.251	0.325	0.268	0.296	0.304	0.327	0.242	0.375	0.275	0.288	0.775	0.244	0.297	0.299	0.277	0.297	0.304	0.350	0.340	0.256	0.288	0.289	0.357	0.377	0.235	1.916	0.621	0.320	0.201	29.129	-16873.711
232	16	500	500	0.4957	0.248	0.291	0.288	0.272	0.363	0.367	0.268	0.269	0.270	0.288	0.302	0.304	0.325	0.200	0.292	0.253	0.347	0.335	0.304	0.317	0.280	0.282	0.298	0.322	0.312	0.291	0.303	0.251	0.319	0.314	2.105	0.547	0.262	0.178	1.412	-16450.493
233	16	500	500	0.5101	0.356	0.297	0.277	0.287	0.331	0.250	0.307	0.329	0.276	0.249	0.253	0.315	0.334	0.320	0.277	0.289	0.303	0.253	0.308	0.303	0.291	0.260	0.300	0.331	0.255	0.222	0.291	0.253	0.309	0.351	2.015	0.626	0.294	0.201	4.143	-16444.331
234	16	500	500	0.5242	0.320	0.282	0.285	0.324	0.311	0.294	0.250	0.317	0.246	0.331	0.344	0.263	0.334	0.328	0.331	0.289	0.276	0.295	0.303	0.373	0.317	0.288	0.334	0.321	0.360	0.292	0.297	0.294	0.256	0.266	1.848	0.622	0.263	0.207	3.408	-16946.257
235	16	500	500	0.5126	0.283	0.256	0.305	0.323	0.282	0.240	0.302	0.314	0.306	0.272	0.249	0.333	0.278	0.286	0.314	0.262	0.274	0.255	0.306	0.297	0.301	0.336	0.295	0.280	0.296	0.306	0.313	0.313	0.260	0.284	2.094	0.602	0.259	0.201	2.350	-16540.305
236	16	500	500	0.5150	10.069	0.346	0.282	0.355	0.309	0.285	0.279	0.309	0.310	0.326	0.264	0.294	0.269	0.282	0.356	10.108	0.265	0.366	0.236	0.314	0.295	0.292	0.256	0.307	0.301	0.312	0.279	0.324	0.320	0.264	1.951	0.643	0.330	0.204	998.992	-16974.906
237	16	500	500	0.5127	0.309	0.416	0.223	0.352	0.281	0.355	0.292	0.218	0.411	0.341	0.307	0.323	0.328	0.346	0.293	0.057	0.388	0.235	0.326	0.343	0.298	0.275	0.331	0.363	0.289	0.280	0.292	0.277	0.317	0.302	1.869	0.399	0.186	0.193	839.923	-16930.000
238	16	500	500	0.5129	0.141	0.368	0.273	0.233	0.349	0.319	0.281	0.289	0.301	0.316	0.268	0.359	0.302	0.254	0.287	0.371	0.312	0.300	0.264	0.281	0.338	0.300	0.313	0.312	0.345	0.320	0.290	0.198	0.321	0.345	1.913	0.543	0.281	0.189	1.800	-16848.602
239	16	500	500	0.5043	0.289	0.312	0.313	0.277	0.320	0.299	0.255	0.306	0.286	0.269	0.293	0.321	0.374	0.315	0.302	0.322	0.276	0.271	0.321	0.258	0.314	0.292	0.307	0.337	0.291	0.291	0.280	0.222	0.362	0.262	1.973	0.588	0.344	0.198	2.852	-16823.215
240	16	500	500	0.5092	0.320	0.284	0.376	0.266	0.293	0.236	0.270	0.315	0.332	0.266	0.310	0.298	0.263	0.300	0.351	0.318	0.281	0.340	0.319	0.333	0.308	0.300	0.294	0.269	0.309	0.282	0.254	0.302	0.328	0.289	1.893	0.636	0.307	0.206	2.640	-16811.974
241	16	500	500	0.5197	0.316	0.300	0.224	0.333	0.303	0.275	0.320	0.263	0.220	0.309	0.267	0.297	0.330	0.286	0.336	0.340	0.281	0.278	0.305	0.315	0.398	0.349	0.332	0.314	0.355	0.240	0.307	0.316	0.280	0.285	1.969	0.606	0.285	0.192	4.302	-16738.760
242	16	500	500	0.5159	0.325	0.292	0.353	0.329	0.255	0.302	0.309	0.297	0.303	0.287	0.262	0.323	0.291	0.310	0.294	0.370	0.306	0.326	0.263	0.294	0.311	0.311	0.291	0.336	0.248	0.325	0.304	0.372	0.308	0.250	2.051	0.650	0.325	0.197	6.187	-16837.035
243	16	500	500	0.5176	0.291	0.346	0.366	0.250	0.270	0.334	0.328	0.336	0.292	0.330	0.365	0.259	0.383	0.278	0.276	0.290	0.305	0.291	0.320	0.286	0.291	0.299	0.279	0.346	0.271	0.336	0.293	0.239	0.314	0.278	1.998	0.625	0.325	0.184	4.401	-16744.029
244	16	500	500	0.5150	0.378	0.232	0.233	0.278	0.306	0.267	0.319	0.368	0.238	0.335	0.309	0.286	0.253	0.254	0.282	0.320	0.302	0.273	0.271	0.283	0.290	0.322	0.290	0.282	0.253	0.327	0.352	0.279	0.287	0.313	1.915	0.551	0.291	0.203	3.761	-16738.446
245	16	500	500	0.5166	0.260	0.348	0.311	0.309	0.351	0.245	0.294	0.241	0.315	0.279	0.279	0.296	0.288	0.306	0.278	0.279	0.283	0.290	0.315	0.269	0.324	0.281	0.303	0.353	0.234	0.290	0.289	0.356	0.226	0.328	1.979	0.642	0.277	0.209	3.609	-16634.548
246	16	500	499	0.5016	0.353	0.263	0.356	0.311	0.283	0.367	0.287	0.344	0.284	0.323	0.294	0.310	0.313	0.250	0.280	0.410	0.308	0.348	0.291	0.336	0.379	0.317	0.309	0.359	0.287	0.340	0.319	0.375	0.332	0.277	2.114	0.584	0.331	0.187	8.623	-17077.641
247	16	500	500	0.5177	0.253	0.278	0.326	0.324	0.260	0.319	0.353	0.277	0.323	0.275	0.296	0.307	0.271	0.307	0.302	0.280	0.241	0.316	0.340	0.273	0.235	0.311	0.331	0.277	0.274	0.316	0.278	0.351	0.275	0.316	1.994	0.545	0.240	0.187	2.015	-16727.414
248	16	500	500	0.5250	0.293	0.252	0.259	0.258	0.271	0.351	0.232	0.340	0.353	0.305	0.264	0.345	0.269	0.277	0.290	0.296	0.290	0.258	0.283	0.317	0.283	0.268	0.343	0.379	0.297	0.270	0.336	0.280	0.262	0.349	1.899	0.620	0.272	0.188	2.037	-16717.056
249	16	500	500	0.5049	0.320	0.420	0.333	0.254	0.321	0.292	0.336	0.331	0.315	0.352	0.333	0.311	0.257	0.345	0.292	0.386	0.331	0.372	0.314	0.387	0.296	0.302	0.293	0.282	0.338	0.281	0.316	0.302	0.307	0.288	2.089	0.603	0.336	0.198	5.092	-17241.440
250	16	500	500	0.5074	0.213	0.353	0.311	0.252	0.280	0.280	0.351	0.315	0.258	0.256	0.339	0.276	0.315	0.265	0.295	0.246	0.375	0.235	0.267	0.275	0.314	0.298	0.269	0.254	0.346	0.330	0.252	0.307	0.342	0.277	2.006	0.542	0.251	0.202	3.059	-16568.235
251	16	500	499	0.5022	0.355	0.283	0.269	0.273	0.273	0.296	0.266	0.293	0.239	0.275	0.285	0.293	0.258	0.302	0.331	0.320	0.333	0.265	0.251	0.288	0.305	0.332	0.334	0.315	0.262	0.300	0.269	0.286	0.269	0.316	2.155	0.633	0.286	0.214	2.795	-16462.941
252	16	500	500	0.5074	0.270	0.312	0.256	0.311	0.258	0.368	0.284	0.335	0.298	0.329	0.269	0.319	0.325	0.319	0.343	0.314	0.282	0.305	0.366	0.298	0.331	0.285	0.326	0.410	0.268	0.346	0.279	0.242	0.317	0.271	1.962	0.388	0.219	0.177	1.000	-16902.447
253	16	500	500	0.5146	0.247	0.329	0.255	0.313	0.297	0.354	0.321	0.282	0.303	0.313	0.266	0.324	0.368	0.330	0.263	0.230	0.333	0.269	0.337	0.288	0.309	0.283	0.294	0.274	0.261	0.301	0.348	0.336	0.309	0.314	1.980	0.544	0.221	0.183	1.912	-16814.509
254	16	500	500	0.5209	0.306	0.337	0.305	0.317	0.314	0.244	0.333	0.279	0.357	0.353	0.259	0.332	0.231	0.288	0.280	0.253	0.259	0.263	0.405	0.272	0.342	0.273	0.276	0.335	0.276	0.323	0.276	0.266	0.281	0.374	1.840	0.585	0.273	0.196	3.818	-16818.898
255	16	500	500	0.5159	0.272	0.303	0.310	0.372	0.319	0.222	0.226	0.343	0.331	0.234	0.339	0.242	0.328	0.339	0.271	0.340	0.352	0.274	0.280	0.259	0.317	0.274	0.261	0.294	0.323	0.272	0.350	0.284	0.344	0.261	1.979	0.638	0.342	0.211	3.823	-16862.950
256	16	500	499	0.4950	0.220	0.327	0.311	0.290	0.365	0.288	0.300	0.290	0.333	0.390	0.331	0.287	0.269	0.257	0.292	0.310	0.290	0.369	0.316	0.323	0.318	0.329	0.309	0.278	0.306	0.291	0.303	0.345	0.333	0.300	2.027	0.559	0.305	0.185	3.098	-16986.394
257	16	500	498	0.5142	0.269	0.320	0.311	0.307	0.253	0.255	0.281	0.317	0.318	0.247	0.341	0.309	0.321	0.260	0.288	0.285	0.279	0.306	0.332	0.313	0.301	0.322	0.292	0.262	0.272	0.302	0.298	0.291	0.280	0.311	2.032	0.600	0.279	0.192	1.215	-16651.195
258	16	500	499	0.5179	9.539	0.235	0.418	0.293	0.345	0.271	0.305	0.301	0.364	0.350	0.298	0.292	0.241	0.292	0.335	9.540	0.317	0.388	0.339	0.284	0.285	0.261	0.275	0.333	0.210	0.325	0.334	0.301	0.251	0.343	2.068	0.630	0.332	0.191	999.000	-16746.612
259	16	500	500	0.5050	0.220	0.320	0.306	0.323	0.319	0.254	0.215	0.312	0.362	0.279	0.295	0.331	0.341	0.322	0.357	0.190	0.409	0.296	0.300	0.321	0.341	0.289	0.304	0.478	0.188	0.268	0.331	0.379	0.345	0.306	1.963	0.394	0.191	0.205	950.926	-17307.041
260	16	500	500	0.5271	0.444	0.272	0.269	0.384	0.269	0.325	0.294	0.317	0.356	0.331	0.315	0.242	0.280	0.295	0.238	0.172	0.333	0.264	0.294	0.253	0.278	0.275	0.367	0.303	0.296	0.256	0.293	0.295	0.351	0.312	1.860	0.600	0.279	0.194	1.931	-16781.822
261	16	500	498	0.5070	0.270	0.269	0.308	0.269	0.299	0.301	0.308	0.287	0.320	0.232	0.321	0.335	0.273	0.297	0.329	0.233	0.380	0.261	0.267	0.332	0.292	0.339	0.295	0.394	0.301	0.269	0.341	0.332	0.252	0.284	1.980	0.505	0.238	0.204	2.370	-16710.628
262	16	500	500	0.5169	0.391	0.290	0.302	0.344	0.284	0.277	0.355	0.277	0.349	0.332	0.320	0.349	0.301	0.280	0.333	0.426	0.367	0.310	0.323	0.255	0.361	0.329	0.263	0.388	0.244	0.281	0.301	0.396	0.321	0.290	2.088	0.580	0.337	0.200	6.210	-17230.823
263	16	500	497	0.5067	0.424	0.363	0.356	0.269	0.300	0.347	0.299	0.304	0.203	0.284	0.299	0.285	0.303	0.251	0.338	0.365	0.333	0.322	0.293	0.334	0.299	0.315	0.290	0.295	0.306	0.329	0.296	0.253	0.290	0.333	2.054	0.611	0.292	0.196	3.594	-16780.671
264	16	500	499	0.5116	0.258	0.302	0.305	0.272	0.352	0.329	0.312	0.371	0.380	0.322	0.345	0.252	0.286	0.308	0.379	0.251	0.413	0.335	0.295	0.292	0.284	0.312	0.324	0.304	0.280	0.285	0.309	0.360	0.251	0.341	1.960	0.495	0.277	0.208	2.324	-17357.023
265	16	500	499	0.5021	0.237	0.306	0.303	0.386	0.313	0.369	0.360	0.322	0.315	0.295	0.358	0.216	0.273	0.313	0.318	0.296	0.370	0.285	0.347	0.331	0.291	0.280	0.274	0.172	0.398	0.314	0.302	0.292	0.318	0.262	2.046	0.572	0.330	0.195	3.332	-16946.385
266	16	500	500	0.5142	0.403	0.359	0.259	0.323	0.271	0.339	0.309	0.238	0.254	0.302	0.282	0.376	0.329	0.311	0.301	0.418	0.247	0.339	0.302	0.334	0.289	0.284	0.269	0.300	0.273	0.276	0.310	0.372	0.289	0.325	1.983	0.596	0.330	0.199	2.098	-17075.515
267	16	500	499	0.5102	0.237	0.333	0.252	0.347	0.247	0.351	0.280	0.291	0.323	0.315	0.305	0.311	0.381	0.309	0.256	0.247	0.280	0.355	0.285	0.268	0.297	0.325	0.276	0.347	0.287	0.335	0.322	0.333	0.367	0.331	2.010	0.585	0.292	0.198	2.481	-16996.448
268	16	500	500	0.5285	0.383	0.401	0.265	0.265	0.276	0.277	0.295	0.248	0.326	0.238	0.313	0.349	0.300	0.300	0.256	0.295	0.249	0.255	0.267	0.282	0.311	0.279	0.250	0.217	0.272	0.393	0.292	0.280	0.259	0.294	1.873	0.672	0.293	0.218	10.261	-16513.349
269	16	500	500	0.5087	0.263	0.330	0.318	0.306	0.253	0.282	0.326	0.296	0.322	0.290	0.271	0.270	0.279	0.323	0.281	0.306	0.331	0.385	0.315	0.323	0.221	0.286	0.281	0.277	0.343	0.247	0.368	0.278	0.294	0.238	2.009	0.595	0.280	0.189	1.661	-16613.337
270	16	500	500	0.5324	0.335	0.347	0.233	0.243	0.341	0.312	0.301	0.305	0.269	0.296	0.279	0.264	0.236	0.239	0.344	0.322	0.302	0.310	0.290	0.304	0.288	0.307	0.323	0.160	0.260	0.271	0.305	0.340	0.250	0.279	1.972	0.623	0.286	0.214	3.091	-16666.438
271	16	500	500	0.5119	0.276	0.239	0.329	0.329	0.281	0.254	0.253	0.254	0.354	0.306	0.309	0.335	0.310	0.309	0.261	0.246	0.212	0.317	0.311	0.252	0.378	0.346	0.325	0.348	0.309	0.292	0.360	0.307	0.335	0.351	1.984	0.592	0.278	0.197	1.972	-16846.336
272	16	500	500	0.4986	0.258	0.373	0.286	0.331	0.330	0.305	0.304	0.290	0.301	0.277	0.303	0.343	0.328	0.247	0.334	0.235	0.362	0.275	0.290	0.371	0.334	0.331	0.316	0.295	0.348	0.294	0.293	0.358	0.336	0.256	2.027	0.534	0.313	0.178	2.788	-17041.740
273	16	500	500	0.5182	0.336	0.366	0.320	0.342	0.312	0.411	0.262	0.299	0.255	0.319	0.340	0.278	0.313	0.329	0.300	0.330	0.276	0.299	0.301	0.329	0.250	0.266	0.332	0.299	0.301	0.291	0.306	0.322	0.319	0.255	1.969	0.536	0.333	0.190	2.317	-17052.567
274	16	500	500	0.5134	0.322	0.235	0.297	0.335	0.298	0.294	0.343	0.288	0.256	0.316	0.279	0.320	0.199	0.283	0.285	0.338	0.296	0.370	0.310	0.283	0.277	0.278	0.269	0.275	0.198	0.291	0.360	0.274	0.304	0.243	2.054	0.661	0.301	0.198	15.546	-16329.878
275	16	500	500	0.5163	0.341	0.222	0.286	0.308	0.288	0.355	0.296	0.286	0.283	0.307	0.316	0.276	0.289	0.324	0.340	0.298	0.300	0.246	0.316	0.261	0.232	0.299	0.354	0.275	0.333	0.258	0.326	0.302	0.326	0.306	2.100	0.512	0.228	0.191	2.189	-16634.963
276	16	500	499	0.5197	0.302	0.355	0.348	0.302	0.326	0.247	0.243	0.277	0.314	0.305	0.272	0.262	0.324	0.269	0.377	0.281	0.249	0.309	0.334	0.328	0.334	0.323	0.312	0.279	0.284	0.360	0.281	0.290	0.323	0.296	1.934	0.605	0.343	0.213	4.136	-17111.948
277	16	500	500	0.5025	0.347	0.259	0.278	0.379	0.279	0.342	0.248	0.248	0.342	0.331	0.308	0.277	0.278	0.283	0.322	0.298	0.281	0.291	0.300	0.304	0.303	0.315	0.291	0.269	0.310	0.299	0.333	0.260	0.303	0.247	2.013	0.570	0.274	0.208	1.049	-16789.809
278	16	500	499	0.5255	0.294	0.271	0.305	0.288	0.307	0.255	0.327	0.236	0.286	0.236	0.269	0.344	0.328	0.339	0.293	0.263	0.309	0.350	0.293	0.262	0.347	0.330	0.284	0.301	0.350	0.281	0.352	0.291	0.328	0.304	2.047	0.597	0.261	0.207	2.797	-16784.196
279	16	500	500	0.5174	0.312	0.323	0.346	0.292	0.316	0.305	0.321	0.236	0.334	0.330	0.277	0.285	0.319	0.331	0.261	0.307	0.353	0.255	0.319	0.337	0.285	0.335	0.301	0.250	0.261	0.312	0.298	0.324	0.288	0.351	1.959	0.597	0.279	0.211	2.253	-17101.982
280	16	500	500	0.5055	0.361	0.351	0.349	0.353	0.363	0.310	0.287	0.298	0.259	0.247	0.265	0.338	0.344	0.311	0.312	0.382	0.292	0.333	0.296	0.310	0.260	0.321	0.294	0.378	0.333	0.344	0.325	0.329	0.313	0.306	2.090	0.552	0.350	0.193	3.567	-17321.795
281	16	500	500	0.5176	0.339	0.294	0.243	0.346	0.297	0.287	0.260	0.308	0.333	0.361	0.301	0.300	0.287	0.276	0.369	0.338	0.294	0.340	0.334	0.332	0.294	0.275	0.298	0.283	0.254	0.331	0.303	0.314	0.335	0.269	1.830	0.550	0.273	0.198	3.597	-17046.222
282	16	500	499	0.5039	0.272	0.272	0.267	0.327	0.270	0.337	0.315	0.319	0.262	0.275	0.329	0.350	0.238	0.371	0.252	0.271	0.339	0.225	0.285	0.258	0.335	0.303	0.258	0.307	0.375	0.305	0.301	0.288	0.303	0.318	2.141	0.609	0.298	0.187	4.627	-16500.441
283	16	500	500	0.5070	0.213	0.333	0.293	0.361	0.255	0.294	0.285	0.305	0.323	0.269	0.303	0.342	0.346	0.248	0.262	0.246	0.328	0.249	0.268	0.337	0.263	0.290	0.255	0.340	0.295	0.278	0.257	0.313	0.328	0.295	2.071	0.492	0.269	0.199	1.020	-16509.911
284	16	500	500	0.5158	0.259	0.331	0.324	0.249	0.337	0.244	0.326	0.312	0.264	0.367	0.304	0.256	0.329	0.266	0.289	0.294	0.287	0.338	0.301	0.305	0.275	0.237	0.326	0.483	0.398	0.343	0.311	0.225	0.298	0.249	2.001	0.480	0.218	0.196	1.978	-16889.498
285	16	500	500	0.5127	0.621	0.295	0.255	0.316	0.260	0.290	0.292	0.321	0.258	0.337	0.322	0.300	0.287	0.290	0.266	0.556	0.318	0.232	0.284	0.296	0.294	0.227	0.294	0.262	0.313	0.270	0.267	0.236	0.306	0.298	1.965	0.677	0.289	0.188	28.479	-16342.916
286	16	500	500	0.5150	0.000	0.295	0.318	0.248	0.320	0.333	0.287	0.359	0.323	0.282	0.350	0.271	0.302	0.330	0.277	0.616	0.289	0.308	0.352	0.298	0.304	0.355	0.364	0.257	0.333	0.326	0.284	0.286	0.310	0.303	2.064	0.599	0.327	0.218	1.306	-17207.101
287	16	500	500	0.5218	0.261	0.341	0.296	0.290	0.297	0.293	0.245	0.333	0.298	0.355	0.253	0.287	0.325	0.290	0.382	0.302	0.306	0.244	0.275	0.350	0.312	0.263	0.334	0.380	0.319	0.283	0.264	0.365	0.313	0.303	1.886	0.578	0.305	0.189	2.663	-16977.350
288	16	500	500	0.5075	0.330	0.300	0.291	0.292	0.303	0.293	0.281	0.290	0.349	0.269	0.286	0.345	0.341	0.295	0.264	0.318	0.362	0.327	0.305	0.321	0.313	0.269	0.344	0.257	0.251	0.354	0.314	0.358	0.373	0.270	1.959	0.589	0.299	0.198	5.117	-16948.806
289	16	500	499	0.5104	0.227	0.333	0.274	0.293	0.307	0.236	0.321	0.347	0.229	0.285	0.294	0.280	0.250	0.285	0.340	0.235	0.222	0.341	0.259	0.254	0.325	0.255	0.313	0.274	0.228	0.294	0.365	0.424	0.263	0.262	2.093	0.634	0.296	0.188	3.347	-16393.375
290	16	500	500	0.5087	0.265	0.317	0.306	0.308	0.314	0.252	0.332	0.317	0.335	0.349	0.243	0.314	0.274	0.311	0.287	0.341	0.288	0.295	0.281	0.272	0.334	0.341	0.265	0.271	0.318	0.309	0.276	0.305	0.295	0.324	1.952	0.577	0.302	0.202	2.322	-16936.024
291	16	500	500	0.5046	0.265	0.318	0.322	0.251	0.295	0.274	0.311	0.233	0.343	0.262	0.294	0.241	0.220	0.340	0.288	0.255	0.313	0.295	0.280	0.277	0.256	0.306	0.303	0.236	0.305	0.303	0.281	0.271	0.303	0.271	2.000	0.621	0.309	0.182	2.714	-16084.940
292	16	500	500	0.5116	0.489	0.324	0.282	0.292	0.348	0.207	0.321	0.238	0.340	0.236	0.280	0.318	0.256	0.266	0.306	0.530	0.275	0.368	0.292	0.253	0.320	0.304	0.262	0.293	0.271	0.343	0.326	0.291	0.270	0.328	2.071	0.657	0.289	0.206	18.895	-16569.811
293	16	500	500	0.5127	0.468	0.234	0.349	0.350	0.321	0.293	0.324	0.329	0.322	0.308	0.273	0.331	0.298	0.292	0.320	0.504	0.275	0.299	0.264	0.279	0.392	0.324	0.307	0.286	0.305	0.250	0.319	0.279	0.298	0.314	1.943	0.612	0.357	0.220	22.473	-17247.673
294	16	500	500	0.5309	0.475	0.323	0.291	0.301	0.289	0.296	0.289	0.302	0.340	0.291	0.290	0.256	0.330	0.261	0.340	0.450	0.340	0.294	0.317	0.292	0.349	0.310	0.276	0.193	0.286	0.288	0.311	0.315	0.282	0.303	1.856	0.673	0.313	0.188	45.486	-16687.460
295	16	500	500	0.5096	0.331	0.359	0.307	0.259	0.331	0.261	0.311	0.310	0.311	0.325	0.276	0.238	0.276	0.340	0.355	0.332	0.247	0.293	0.266	0.315	0.338	0.285	0.317	0.311	0.328	0.340	0.278	0.302	0.276	0.262	2.000	0.585	0.242	0.220	3.447	-16892.999
296	16	500	500	0.5104	0.315	0.359	0.386	0.301	0.311	0.244	0.291	0.325	0.334	0.280	0.281	0.322	0.393	0.301	0.341	0.318	0.370	0.280	0.317	0.313	0.377	0.255	0.325	0.260	0.270	0.341	0.329	0.294	0.326	0.267	2.121	0.516	0.327	0.205	2.938	-17267.061
297	16	500	500	0.5115	0.323	0.255	0.289	0.293	0.260	0.345	0.244	0.353	0.359	0.245	0.322	0.276	0.377	0.268	0.305	0.315	0.350	0.279	0.339	0.313	0.309	0.279	0.305	0.263	0.259	0.313	0.279	0.255	0.279	0.287	2.060	0.609	0.323	0.193	4.573	-16667.152
298	16	500	500	0.5096	0.299	0.292	0.388	0.311	0.263	0.235	0.330	0.301	0.341	0.293	0.306	0.285	0.317	0.305	0.319	0.243	0.426	0.291	0.339	0.268	0.299	0.342	0.304	0.232	0.367	0.302	0.287	0.289	0.290	0.343	2.046	0.544	0.332	0.195	2.857	-17056.848
299	16	500	500	0.5067	0.304	0.312	0.348	0.303	0.301	0.271	0.289	0.300	0.318	0.340	0.290	0.274	0.310	0.379	0.296	0.280	0.350	0.278	0.319	0.271	0.294	0.277	0.322	0.291	0.372	0.252	0.330	0.338	0.314	0.272	2.143	0.583	0.323	0.186	2.187	-16853.971
300	16	500	500	0.5044	0.282	0.198	0.278	0.279	0.374	0.319	0.312	0.293	0.337	0.319	0.336	0.298	0.284	0.234	0.320	0.333	0.263	0.243	0.301	0.314	0.314	0.275	0.287	0.237	0.302	0.322	0.329	0.309	0.318	0.307	1.946	0.588	0.290	0.181	3.242	-16540.011
301	16	500	500	0.5077	0.339	0.254	0.356	0.315	0.302	0.306	0.335	0.348	0.304	0.333	0.320	0.364	0.232	0.368	0.341	0.308	0.302	0.279	0.263	0.268	0.295	0.315	0.343	0.394	0.281	0.363	0.261	0.266	0.290	0.373	2.038	0.557	0.312	0.196	1.972	-17131.700
302	16	500	500	0.5233	0.378	0.319	0.324	0.305	0.242	0.280	0.249	0.295	0.316	0.293	0.282	0.323	0.254	0.321	0.304	0.334	0.227	0.365	0.248	0.308	0.238	0.233	0.327	0.344	0.274	0.297	0.305	0.311	0.338	0.268	2.026	0.562	0.296	0.197	4.781	-16655.620
303	16	500	500	0.5107	0.291	0.389	0.364	0.329	0.269	0.306	0.282	0.342	0.187	0.307	0.262	0.309	0.314	0.356	0.258	0.292	0.298	0.302	0.326	0.305	0.371	0.278	0.359	0.377	0.274	0.295	0.304	0.261	0.295	0.277	2.029	0.478	0.266	0.187	1.095	-16920.900
304	16	500	500	0.5133	0.300	0.308	0.364	0.368	0.282	0.347	0.273	0.341	0.278	0.316	0.346	0.310	0.399	0.281	0.298	0.325	0.297	0.313	0.267	0.320	0.293	0.296	0.328	0.318	0.337	0.302	0.334	0.322	0.303	0.306	1.994	0.348	0.175	0.194	1.000	-17285.206
305	16	500	500	0.5219	0.348	0.237	0.340	0.278	0.337	0.268	0.297	0.296	0.296	0.288	0.314	0.333	0.234	0.373	0.273	0.372	0.282	0.369	0.342	0.220	0.258	0.298	0.330	0.306	0.340	0.368	0.263	0.318	0.290	0.286	2.039	0.610	0.307	0.200	4.003	-16893.605
306	16	500	500	0.5071	0.274	0.410	0.261	0.432	0.287	0.351	0.326	0.304	0.274	0.350	0.294	0.278	0.275	0.317	0.288	0.324	0.336	0.357	0.287	0.344	0.291	0.266	0.330	0.286	0.273	0.327	0.321	0.389	0.271	0.268	2.058	0.530	0.297	0.191	2.034	-17137.771
307	16	500	500	0.5222	0.368	0.254	0.277	0.306	0.313	0.318	0.275	0.318	0.314	0.296	0.305	0.352	0.290	0.348	0.352	0.287	0.275	0.307	0.345	0.299	0.392	0.369	0.220	0.322	0.368	0.269	0.303	0.250	0.309	0.318	1.889	0.636	0.351	0.202	3.232	-17187.827
308	16	500	499	0.5164	0.307	0.308	0.283	0.260	0.267	0.341	0.321	0.239	0.300	0.310	0.305	0.255	0.370	0.278	0.268	0.305	0.345	0.206	0.222	0.334	0.299	0.322	0.251	0.300	0.329	0.293	0.284	0.316	0.280	0.293	1.891	0.563	0.317	0.210	2.572	-16729.773
309	16	500	498	0.5070	0.344	0.273	0.314	0.323	0.294	0.306	0.330	0.246	0.312	0.292	0.219	0.350	0.307	0.318	0.340	0.333	0.244	0.359	0.253	0.363	0.286	0.314	0.330	0.217	0.305	0.291	0.323	0.323	0.345	0.313	2.042	0.542	0.277	0.178	1.019	-16898.606
310	16	500	499	0.5246	0.396	0.294	0.260	0.245	0.313	0.308	0.310	0.295	0.293	0.291	0.289	0.250	0.272	0.260	0.268	0.330	0.233	0.333	0.322	0.296	0.284	0.314	0.249	0.280	0.295	0.306	0.295	0.276	0.306	0.248	1.930	0.586	0.284	0.204	4.995	-16503.095
311	16	500	500	0.5066	0.284	0.314	0.302	0.275	0.297	0.201	0.332	0.317	0.357	0.254	0.248	0.267	0.362	0.260	0.413	0.370	0.415	0.236	0.230	0.346	0.312	0.274	0.289	0.251	0.307	0.299	0.314	0.261	0.237	0.330	2.043	0.631	0.270	0.198	3.243	-16572.793
312	16	500	500	0.5102	0.409	0.276	0.339	0.307	0.305	0.263	0.308	0.257	0.318	0.357	0.276	0.319	0.332	0.328	0.320	0.434	0.282	0.274	0.281	0.299	0.314	0.341	0.257	0.306	0.239	0.304	0.335	0.304	0.272	0.356	2.014	0.644	0.280	0.222	3.569	-17113.724
313	16	500	500	0.5070	0.328	0.388	0.282	0.339	0.323	0.293	0.382	0.303	0.250	0.252	0.262	0.258	0.344	0.216	0.306	0.291	0.323	0.305	0.296	0.284	0.317	0.323	0.340	0.286	0.359	0.265	0.312	0.262	0.291	0.247	1.951	0.580	0.240	0.208	2.518	-16760.431
314	16	500	500	0.5226	0.235	0.256	0.261	0.295	0.282	0.268	0.244	0.289	0.305	0.298	0.315	0.337	0.241	0.310	0.334	0.308	0.232	0.261	0.245	0.253	0.236	0.309	0.273	0.326	0.311	0.318	0.340	0.230	0.269	0.258	1.961	0.675	0.258	0.205	4.531	-16239.474
315	16	500	500	0.5006	0.325	0.262	0.255	0.355	0.317	0.340	0.344	0.273	0.339	0.373	0.300	0.232	0.368	0.352	0.331	0.322	0.351	0.267	0.257	0.306	0.306	0.313	0.323	0.325	0.278	0.323	0.304	0.331	0.310	0.297	1.928	0.587	0.356	0.202	6.490	-17228.165
316	16	500	500	0.5175	0.300	0.312	0.247	0.336	0.278	0.317	0.316	0.283	0.330	0.343	0.268	0.292	0.294	0.334	0.249	0.262	0.233	0.267	0.311	0.273	0.359	0.307	0.238	0.309	0.309	0.266	0.315	0.261	0.310	0.246	1.971	0.528	0.270	0.203	1.424	-16808.970
317	16	500	499	0.4871	0.268	0.284	0.287	0.313	0.304	0.358	0.321	0.298	0.316	0.329	0.263	0.317	0.307	0.304	0.365	0.242	0.312	0.303	0.306	0.337	0.318	0.260	0.276	0.299	0.339	0.271	0.326	0.316	0.260	0.331	2.090	0.491	0.266	0.200	1.325	-16922.778
318	16	500	500	0.5056	0.469	0.316	0.293	0.275	0.309	0.262	0.301	0.262	0.270	0.298	0.302	0.291	0.335	0.275	0.340	0.520	0.336	0.385	0.288	0.303	0.245	0.285	0.291	0.360	0.300	0.351	0.275	0.286	0.263	0.360	2.141	0.638	0.323	0.197	19.400	-16828.576
319	16	500	500	0.5143	0.328	0.209	0.357	0.275	0.380	0.314	0.352	0.350	0.327	0.331	0.313	0.297	0.336	0.305	0.300	0.315	0.318	0.293	0.311	0.337	0.266	0.293	0.278	0.237	0.265	0.370	0.319	0.268	0.262	0.341	1.976	0.620	0.320	0.202	2.014	-17058.663
320	16	500	500	0.5110	0.203	0.384	0.303	0.275	0.306	0.271	0.270	0.270	0.374	0.262	0.295	0.294	0.302	0.303	0.304	0.260	0.369	0.346	0.306	0.272	0.308	0.308	0.275	0.284	0.368	0.310	0.303	0.229	0.234	0.367	1.928	0.426	0.217	0.190	1.480	-16812.463
321	16	500	499	0.5042	0.379	0.340	0.349	0.273	0.293	0.241	0.301	0.284	0.236	0.296	0.328	0.313	0.282	0.309	0.346	0.404	0.313	0.377	0.318	0.272	0.309	0.301	0.313	0.294	0.315	0.317	0.308	0.306	0.320	0.246	1.880	0.642	0.342	0.196	27.275	-16957.175
322	16	500	500	0.5105	0.333	0.309	0.293	0.260	0.277	0.314	0.287	0.326	0.286	0.246	0.275	0.325	0.341	0.322	0.279	0.330	0.313	0.324	0.280	0.269	0.336	0.305	0.322	0.245	0.316	0.276	0.311	0.293	0.280	0.295	2.058	0.559	0.331	0.210	1.000	-16896.608
323	16	500	500	0.5302	0.310	0.249	0.348	0.313	0.322	0.339	0.291	0.302	0.231	0.360	0.315	0.271	0.287	0.312	0.251	0.223	0.351	0.328	0.311	0.292	0.303	0.283	0.295	0.276	0.350	0.309	0.303	0.271	0.337	0.292	1.974	0.624	0.332	0.186	1.000	-16943.402
324	16	500	499	0.5109	3.900	0.282	0.276	0.256	0.325	0.287	0.281	0.244	0.361	0.293	0.301	0.242	0.302	0.365	0.230	3.941	0.330	0.281	0.360	0.300	0.311	0.286	0.307	0.229	0.323	0.310	0.343	0.351	0.283	0.263	2.010	0.675	0.311	0.208	998.997	-16684.097
325	16	500	500	0.5164	0.226	0.362	0.393	0.298	0.358	0.329	0.272	0.302	0.446	0.323	0.249	0.311	0.271	0.299	0.300	0.223	0.349	0.288	0.308	0.324	0.371	0.290	0.303	0.436	0.246	0.312	0.305	0.347	0.346	0.221	2.000	0.420	0.227	0.190	950.881	-17160.190
326	16	500	500	0.5215	0.182	0.419	0.291	0.320	0.302	0.350	0.298	0.313	0.371	0.214	0.286	0.291	0.333	0.287	0.340	0.180	0.344	0.302	0.304	0.332	0.381	0.302	0.293	0.297	0.307	0.304	0.260	0.313	0.296	0.311	2.074	0.489	0.248	0.205	950.055	-16969.450
327	16	500	499	0.5249	0.079	0.371	0.286	0.302	0.307	0.344	0.315	0.301	0.392	0.323	0.318	0.295	0.296	0.266	0.345	0.178	0.419	0.299	0.292	0.266	0.376	0.295	0.264	0.368	0.362	0.281	0.352	0.301	0.314	0.336	2.147	0.445	0.217	0.207	787.042	-17009.662
328	16	500	500	0.5202	0.158	0.367	0.310	0.334	0.354	0.300	0.315	0.337	0.451	0.343	0.285	0.303	0.400	0.294	0.284	0.099	0.324	0.303	0.351	0.292	0.307	0.352	0.348	0.370	0.321	0.380	0.222	0.314	0.337	0.300	2.073	0.000	0.000	0.203	788.006	-17313.859
329	16	500	500	0.5006	0.124	0.403	0.269	0.285	0.308	0.316	0.276	0.289	0.412	0.326	0.353	0.262	0.259	0.327	0.334	0.192	0.349	0.269	0.352	0.305	0.344	0.264	0.268	0.416	0.302	0.302	0.305	0.347	0.310	0.304	1.985	0.455	0.236	0.189	776.895	-16959.531
330	16	500	500	0.5172	0.409	0.286	0.328	0.318	0.282	0.282	0.310	0.299	0.295	0.320	0.288	0.293	0.269	0.271	0.316	0.238	0.269	0.315	0.320	0.338	0.373	0.251	0.268	0.311	0.343	0.273	0.305	0.302	0.280	0.369	1.986	0.658	0.285	0.210	4.002	-16807.620
331	16	500	500	0.5078	0.305	0.280	0.278	0.266	0.277	0.216	0.319	0.283	0.333	0.274	0.269	0.269	0.323	0.276	0.267	0.278	0.259	0.340	0.285	0.285	0.278	0.262	0.277	0.332	0.305	0.267	0.357	0.366	0.327	0.286	1.985	0.549	0.247	0.189	2.449	-16475.984
332	16	500	499	0.5046	0.261	0.203	0.278	0.308	0.261	0.255	0.341	0.309	0.310	0.241	0.275	0.306	0.295	0.257	0.271	0.295	0.328	0.283	0.282	0.279	0.217	0.298	0.272	0.272	0.299	0.330	0.242	0.245	0.317	0.336	1.998	0.635	0.280	0.187	3.610	-16183.275
333	16	500	500	0.5197	0.329	0.290	0.331	0.249	0.302	0.303	0.252	0.282	0.248	0.329	0.240	0.343	0.320	0.318	0.311	0.329	0.271	0.288	0.299	0.257	0.343	0.278	0.300	0.233	0.306	0.256	0.330	0.315	0.313	0.265	2.050	0.598	0.271	0.221	3.346	-16707.452
334	16	500	499	0.5228	0.325	0.333	0.278	0.342	0.384	0.242	0.275	0.272	0.231	0.250	0.285	0.305	0.360	0.267	0.311	0.302	0.267	0.283	0.269	0.263	0.336	0.273	0.284	0.311	0.294	0.252	0.266	0.339	0.312	0.294	1.962	0.630	0.285	0.209	2.372	-16660.296
335	16	500	500	0.5062	0.320	0.236	0.329	0.356	0.255	0.307	0.336	0.211	0.317	0.304	0.269	0.249	0.278	0.339	0.273	0.277	0.263	0.315	0.308	0.285	0.281	0.308	0.334	0.261	0.357	0.215	0.343	0.317	0.354	0.274	2.001	0.492	0.269	0.216	1.873	-16915.597
336	16	500	500	0.5235	0.315	0.286	0.325	0.294	0.291	0.245	0.285	0.324	0.295	0.282	0.352	0.296	0.327	0.347	0.282	0.340	0.304	0.358	0.291	0.301	0.275	0.337	0.337	0.227	0.320	0.320	0.313	0.299	0.291	0.341	2.092	0.602	0.313	0.210	3.371	-16996.030
337	16	500	499	0.5120	0.395	0.356	0.300	0.335	0.265	0.329	0.248	0.327	0.302	0.290	0.301	0.304	0.278	0.275	0.329	0.408	0.293	0.320	0.329	0.291	0.269	0.309	0.321	0.285	0.291	0.342	0.286	0.246	0.275	0.270	1.859	0.644	0.310	0.195	6.692	-16807.015
338	16	500	500	0.5208	0.260	0.334	0.265	0.303	0.346	0.355	0.348	0.298	0.330	0.313	0.318	0.321	0.300	0.380	0.288	0.304	0.281	0.305	0.347	0.292	0.294	0.349	0.346	0.365	0.324	0.366	0.303	0.282	0.296	0.342	1.945	0.577	0.366	0.196	6.101	-17536.529
339	16	500	500	0.5186	0.259	0.250	0.271	0.336	0.259	0.334	0.309	0.280	0.241	0.345	0.267	0.325	0.355	0.352	0.282	0.317	0.270	0.317	0.295	0.329	0.283	0.307	0.280	0.308	0.291	0.285	0.306	0.235	0.289	0.320	2.011	0.585	0.269	0.197	3.907	-16726.894
340	16	500	500	0.5390	0.269	0.283	0.314	0.329	0.296	0.341	0.272	0.295	0.308	0.274	0.319	0.254	0.310	0.295	0.293	0.287	0.311	0.323	0.308	0.304	0.312	0.273	0.360	0.279	0.284	0.301	0.239	0.332	0.342	0.261	2.020	0.528	0.292	0.198	3.860	-16966.746
341	16	500	500	0.5132	0.265	0.246	0.386	0.322	0.310	0.300	0.286	0.342	0.328	0.298	0.283	0.307	0.312	0.331	0.318	0.335	0.360	0.285	0.290	0.309	0.342	0.311	0.342	0.323	0.324	0.259	0.264	0.267	0.289	0.387	2.058	0.570	0.298	0.189	2.738	-17031.241
342	16	500	500	0.5113	0.315	0.204	0.324	0.254	0.328	0.289	0.326	0.315	0.413	0.337	0.315	0.337	0.313	0.322	0.331	0.301	0.311	0.278	0.288	0.361	0.272	0.344	0.327	0.307	0.377	0.307	0.331	0.299	0.343	0.346	2.071	0.555	0.324	0.190	2.756	-17350.325
343	16	500	500	0.5162	0.339	0.323	0.305	0.253	0.306	0.301	0.309	0.376	0.280	0.280	0.271	0.329	0.228	0.255	0.312	0.347	0.283	0.259	0.289	0.286	0.314	0.263	0.322	0.275	0.318	0.286	0.270	0.303	0.364	0.327	1.892	0.603	0.310	0.203	1.979	-16932.873
344	16	500	500	0.5211	0.293	0.370	0.277	0.308	0.346	0.304	0.352	0.290	0.277	0.316	0.389	0.242	0.280	0.322	0.380	0.265	0.274	0.363	0.309	0.282	0.335	0.350	0.287	0.289	0.308	0.322	0.354	0.259	0.344	0.317	2.193	0.610	0.349	0.206	2.642	-17269.230
345	16	500	500	0.5214	0.273	0.304	0.265	0.292	0.329	0.308	0.321	0.331	0.271	0.371	0.258	0.342	0.346	0.282	0.319	0.207	0.335	0.280	0.332	0.306	0.347	0.282	0.289	0.356	0.352	0.282	0.295	0.322	0.320	0.347	1.961	0.585	0.361	0.195	4.275	-17230.544
346	16	500	500	0.5215	0.326	0.252	0.269	0.321	0.322	0.262	0.321	0.333	0.335	0.279	0.291	0.285	0.281	0.316	0.351	0.256	0.415	0.264	0.306	0.371	0.364	0.312	0.290	0.269	0.326	0.267	0.316	0.334	0.317	0.282	2.061	0.581	0.348	0.203	3.448	-17171.504
347	16	500	500	0.5177	0.291	0.331	0.316	0.345	0.278	0.339	0.408	0.237	0.279	0.290	0.255	0.314	0.300	0.295	0.267	0.292	0.272	0.349	0.294	0.259	0.307	0.276	0.298	0.271	0.287	0.293	0.306	0.265	0.324	0.305	2.033	0.642	0.346	0.196	8.799	-16690.944
348	16	500	500	0.5092	0.294	0.249	0.336	0.289	0.287	0.290	0.266	0.283	0.303	0.341	0.334	0.239	0.352	0.273	0.287	0.306	0.247	0.272	0.293	0.328	0.222	0.316	0.243	0.295	0.254	0.301	0.291	0.327	0.255	0.296	1.973	0.569	0.278	0.198	2.247	-16546.414
349	16	500	500	0.5157	0.305	0.349	0.251	0.365	0.258	0.319	0.230	0.290	0.242	0.275	0.307	0.325	0.322	0.258	0.320	0.319	0.334	0.297	0.265	0.303	0.322	0.340	0.251	0.338	0.230	0.289	0.303	0.272	0.299	0.286	1.944	0.503	0.221	0.201	1.336	-16664.604
350	16	500	500	0.5218	0.631	0.241	0.278	0.223	0.324	0.298	0.269	0.309	0.337	0.322	0.246	0.301	0.290	0.217	0.344	0.718	0.268	0.277	0.324	0.258	0.309	0.307	0.284	0.227	0.330	0.286	0.316	0.372	0.262	0.334	1.919	0.651	0.296	0.208	36.524	-16681.483
351	16	500	500	0.4995	0.247	0.325	0.416	0.358	0.280	0.267	0.297	0.250	0.315	0.318	0.320	0.264	0.333	0.288	0.306	0.235	0.328	0.332	0.320	0.272	0.272	0.324	0.345	0.256	0.289	0.302	0.266	0.270	0.294	0.311	1.889	0.612	0.307	0.223	1.449	-17008.482
352	16	500	500	0.5068	0.335	0.335	0.304	0.272	0.288	0.331	0.274	0.290	0.293	0.341	0.287	0.331	0.301	0.260	0.282	0.267	0.311	0.335	0.265	0.330	0.316	0.329	0.237	0.260	0.322	0.250	0.342	0.282	0.298	0.299	1.829	0.647	0.278	0.198	2.814	-16707.475
353	16	500	500	0.5114	0.413	0.298	0.316	0.240	0.357	0.222	0.356	0.321	0.260	0.316	0.320	0.315	0.256	0.281	0.282	0.425	0.269	0.266	0.327	0.259	0.373	0.349	0.264	0.296	0.242	0.298	0.300	0.273	0.284	0.288	2.044	0.665	0.298	0.204	13.982	-16630.640
354	16	500	500	0.5256	0.359	0.335	0.273	0.300	0.359	0.336	0.332	0.321	0.273	0.316	0.309	0.272	0.293	0.320	0.357	0.348	0.240	0.398	0.251	0.338	0.383	0.281	0.326	0.290	0.308	0.310	0.313	0.334	0.312	0.327	1.997	0.570	0.355	0.214	7.794	-17439.743
355	16	500	500	0.5038	0.311	0.334	0.297	0.306	0.301	0.318	0.302	0.356	0.291	0.308	0.255	0.307	0.288	0.346	0.346	0.372	0.360	0.361	0.279	0.328	0.300	0.304	0.295	0.279	0.338	0.376	0.281	0.281	0.283	0.319	1.932	0.601	0.317	0.197	4.843	-17129.579
356	16	500	500	0.5110	0.339	0.223	0.335	0.321	0.270	0.292	0.301	0.288	0.309	0.308	0.270	0.291	0.333	0.235	0.296	0.398	0.270	0.306	0.319	0.310	0.376	0.300	0.266	0.255	0.274	0.259	0.309	0.315	0.234	0.348	1.985	0.604	0.302	0.195	7.045	-16579.307
357	16	500	500	0.4994	0.247	0.343	0.385	0.278	0.300	0.299	0.227	0.295	0.314	0.274	0.301	0.258	0.352	0.316	0.258	0.281	0.302	0.346	0.304	0.326	0.301	0.324	0.317	0.266	0.291	0.292	0.275	0.303	0.365	0.267	1.987	0.571	0.292	0.196	2.244	-16795.904
358	16	500	500	0.5264	0.368	0.255	0.353	0.284	0.270	0.276	0.299	0.334	0.299	0.306	0.308	0.274	0.311	0.276	0.285	0.356	0.316	0.304	0.304	0.278	0.338	0.281	0.261	0.346	0.380	0.281	0.339	0.247	0.283	0.285	2.057	0.613	0.301	0.204	5.660	-16806.253
359	16	500	499	0.5118	0.325	0.279	0.360	0.333	0.277	0.304	0.282	0.367	0.297	0.346	0.285	0.278	0.277	0.283	0.374	0.322	0.285	0.327	0.317	0.283	0.267	0.316	0.317	0.357	0.370	0.361	0.280	0.292	0.299	0.330	2.069	0.589	0.340	0.210	5.190	-17150.690
360	16	500	500	0.5175	0.312	0.303	0.268	0.293	0.308	0.299	0.292	0.298	0.355	0.248	0.311	0.319	0.285	0.385	0.290	0.323	0.294	0.336	0.303	0.285	0.323	0.259	0.310	0.329	0.254	0.310	0.319	0.284	0.284	0.306	2.016	0.576	0.323	0.190	2.712	-16968.436
361	16	500	499	0.5132	0.269	0.357	0.339	0.322	0.231	0.289	0.288	0.305	0.287	0.242	0.312	0.314	0.281	0.295	0.314	0.345	0.246	0.378	0.344	0.291	0.292	0.224	0.301	0.345	0.287	0.242	0.329	0.246	0.297	0.248	2.042	0.583	0.268	0.216	2.040	-16664.359
362	16	500	499	0.5083	0.251	0.291	0.333	0.281	0.305	0.341	0.318	0.258	0.298	0.241	0.283	0.356	0.288	0.336	0.325	0.301	0.267	0.274	0.265	0.335	0.241	0.256	0.342	0.379	0.233	0.281	0.334	0.292	0.263	0.327	2.024	0.606	0.329	0.201	3.699	-16761.706
363	16	500	500	0.5302	0.302	0.277	0.265	0.340	0.239	0.336	0.315	0.306	0.322	0.297	0.310	0.284	0.321	0.299	0.273	0.298	0.340	0.328	0.275	0.295	0.288	0.300	0.347	0.323	0.348	0.309	0.295	0.210	0.294	0.284	2.070	0.565	0.301	0.170	2.496	-16683.257
364	16	500	500	0.5007	0.367	0.311	0.313	0.293	0.311	0.243	0.308	0.337	0.285	0.392	0.303	0.291	0.211	0.279	0.265	0.369	0.210	0.281	0.363	0.310	0.267	0.293	0.262	0.324	0.220	0.364	0.269	0.327	0.262	0.313	1.984	0.558	0.322	0.193	4.920	-16638.261
365	16	500	500	0.5255	0.285	0.318	0.336	0.325	0.295	0.308	0.326	0.253	0.289	0.345	0.296	0.296	0.275	0.350	0.244	0.286	0.242	0.336	0.311	0.297	0.276	0.270	0.319	0.259	0.232	0.338	0.214	0.371	0.297	0.255	1.989	0.493	0.277	0.203	1.812	-16817.787
366	16	500	499	0.5202	0.354	0.365	0.302	0.340	0.313	0.270	0.316	0.241	0.279	0.267	0.298	0.315	0.287	0.307	0.302	0.362	0.272	0.232	0.378	0.341	0.362	0.285	0.350	0.347	0.300	0.272	0.242	0.321	0.290	0.327	1.914	0.559	0.311	0.198	2.243	-17111.618
367	16	500	500	0.5275	0.363	0.349	0.294	0.334	0.299	0.289	0.286	0.301	0.275	0.356	0.366	0.271	0.261	0.345	0.321	0.337	0.274	0.294	0.306	0.314	0.309	0.366	0.337	0.276	0.355	0.346	0.251	0.245	0.283	0.325	2.146	0.574	0.355	0.200	2.943	-17204.097
368	16	500	500	0.5163	0.350	0.260	0.308	0.275	0.289	0.323	0.292	0.248	0.291	0.255	0.330	0.304	0.277	0.335	0.305	0.304	0.298	0.241	0.280	0.230	0.321	0.285	0.322	0.279	0.230	0.358	0.315	0.334	0.351	0.328	1.976	0.533	0.263	0.201	1.267	-16863.823
369	16	500	500	0.5209	0.249	0.300	0.305	0.294	0.330	0.293	0.303	0.332	0.337	0.311	0.368	0.272	0.270	0.338	0.273	0.312	0.344	0.306	0.327	0.278	0.286	0.299	0.327	0.289	0.234	0.329	0.270	0.398	0.350	0.274	2.025	0.607	0.318	0.205	3.296	-17013.743
370	16	500	500	0.5107	0.443	0.387	0.296	0.339	0.293	0.379	0.283	0.319	0.273	0.344	0.318	0.358	0.264	0.297	0.288	0.440	0.293	0.377	0.302	0.315	0.303	0.310	0.322	0.391	0.313	0.315	0.285	0.320	0.314	0.252	2.133	0.626	0.321	0.195	11.539	-17143.462
371	16	500	500	0.5003	0.341	0.388	0.310	0.319	0.314	0.321	0.336	0.272	0.234	0.308	0.315	0.287	0.281	0.366	0.289	0.384	0.302	0.350	0.375	0.282	0.242	0.332	0.304	0.337	0.310	0.291	0.331	0.266	0.320	0.299	1.966	0.547	0.331	0.179	4.234	-17078.903
372	16	500	500	0.5098	0.238	0.364	0.252	0.303	0.311	0.367	0.347	0.283	0.322	0.259	0.287	0.311	0.301	0.294	0.290	0.293	0.198	0.332	0.250	0.329	0.275	0.248	0.292	0.390	0.317	0.285	0.297	0.269	0.266	0.292	2.100	0.415	0.207	0.193	1.294	-16663.203
373	16	500	500	0.5226	0.275	0.298	0.241	0.312	0.329	0.298	0.254	0.264	0.337	0.382	0.263	0.266	0.290	0.272	0.326	0.308	0.284	0.328	0.283	0.320	0.259	0.344	0.261	0.336	0.283	0.321	0.246	0.272	0.308	0.288	2.015	0.577	0.273	0.207	2.968	-16664.512
374	16	500	500	0.5240	0.219	0.251	0.268	0.282	0.280	0.349	0.305	0.291	0.312	0.270	0.311	0.333	0.324	0.264	0.302	0.281	0.336	0.304	0.300	0.272	0.223	0.315	0.282	0.328	0.303	0.324	0.325	0.300	0.339	0.249	2.093	0.643	0.276	0.194	4.661	-16530.547
375	16	500	499	0.5175	0.289	0.307	0.322	0.270	0.293	0.309	0.311	0.334	0.349	0.326	0.340	0.278	0.313	0.285	0.287	0.258	0.374	0.296	0.259	0.270	0.310	0.306	0.312	0.266	0.257	0.285	0.297	0.317	0.263	0.291	2.180	0.620	0.268	0.203	3.143	-16658.266
376	16	500	499	0.4966	0.284	0.237	0.314	0.300	0.332	0.437	0.340	0.264	0.265	0.251	0.315	0.334	0.306	0.266	0.304	0.299	0.283	0.290	0.246	0.294	0.369	0.358	0.351	0.282	0.264	0.283	0.273	0.224	0.278	0.343	1.929	0.583	0.320	0.180	4.214	-16682.384
377	16	500	500	0.5149	0.283	0.238	0.285	0.267	0.257	0.283	0.314	0.313	0.278	0.278	0.266	0.302	0.270	0.263	0.344	0.270	0.326	0.311	0.311	0.267	0.352	0.290	0.319	0.246	0.348	0.310	0.306	0.220	0.321	0.323	2.042	0.683	0.259	0.216	2.911	-16618.471
378	16	500	500	0.5040	0.233	0.358	0.305	0.239	0.357	0.209	0.296	0.316	0.344	0.257	0.298	0.274	0.301	0.308	0.340	0.275	0.316	0.263	0.298	0.331	0.305	0.285	0.299	0.285	0.331	0.246	0.307	0.244	0.309	0.304	2.003	0.566	0.254	0.193	1.902	-16538.570
379	16	500	500	0.5123	0.341	0.274	0.284	0.330	0.322	0.234	0.300	0.271	0.347	0.276	0.224	0.296	0.282	0.324	0.267	0.331	0.320	0.281	0.332	0.345	0.259	0.277	0.274	0.309	0.302	0.298	0.300	0.339	0.285	0.280	1.964	0.652	0.288	0.207	4.213	-16672.409
380	16	500	500	0.5240	0.278	0.283	0.268	0.259	0.268	0.368	0.293	0.319	0.293	0.262	0.284	0.311	0.245	0.263	0.346	0.260	0.302	0.257	0.350	0.317	0.288	0.284	0.279	0.348	0.314	0.273	0.311	0.283	0.278	0.284	1.941	0.615	0.266	0.195	2.958	-16651.991
381	16	500	500	0.5159	0.255	0.357	0.270	0.321	0.319	0.251	0.261	0.244	0.354	0.402	0.276	0.304	0.298	0.346	0.317	0.322	0.277	0.317	0.304	0.312	0.402	0.244	0.314	0.339	0.326	0.292	0.258	0.319	0.299	0.287	1.943	0.487	0.293	0.205	3.707	-17138.923
382	16	500	500	0.5082	0.375	0.328	0.296	0.296	0.278	0.382	0.290	0.339	0.291	0.350	0.304	0.280	0.262	0.304	0.297	0.304	0.353	0.300	0.291	0.311	0.252	0.286	0.325	0.307	0.277	0.230	0.321	0.295	0.320	0.245	1.940	0.583	0.269	0.212	2.783	-16933.498
383	16	500	499	0.5256	0.372	0.294	0.285	0.342	0.260	0.329	0.328	0.266	0.357	0.332	0.271	0.386	0.265	0.292	0.202	0.298	0.275	0.280	0.315	0.259	0.338	0.291	0.308	0.308	0.365	0.292	0.318	0.289	0.292	0.291	1.927	0.486	0.251	0.198	1.829	-16906.288
384	16	500	499	0.5079	0.312	0.338	0.263	0.255	0.359	0.316	0.294	0.305	0.218	0.320	0.319	0.307	0.342	0.297	0.295	0.248	0.268	0.361	0.341	0.297	0.273	0.327	0.309	0.309	0.225	0.326	0.246	0.289	0.282	0.303	2.069	0.501	0.266	0.203	1.000	-16805.190
385	16	500	500	0.5025	0.267	0.310	0.292	0.280	0.338	0.238	0.320	0.294	0.355	0.276	0.287	0.391	0.254	0.308	0.322	0.291	0.316	0.246	0.323	0.355	0.348	0.279	0.347	0.278	0.263	0.339	0.281	0.316	0.261	0.271	2.034	0.634	0.323	0.209	3.971	-16938.906
386	16	500	500	0.5170	0.280	0.377	0.320	0.297	0.308	0.294	0.337	0.332	0.291	0.311	0.330	0.306	0.291	0.334	0.243	0.282	0.215	0.284	0.316	0.310	0.348	0.246	0.295	0.380	0.274	0.237	0.371	0.271	0.275	0.304	1.949	0.585	0.304	0.190	3.670	-16850.269
387	16	500	500	0.5102	0.715	0.303	0.343	0.266	0.307	0.305	0.316	0.324	0.306	0.346	0.306	0.330	0.296	0.325	0.308	0.666	0.276	0.265	0.277	0.298	0.285	0.332	0.280	0.283	0.278	0.341	0.273	0.262	0.320	0.258	2.105	0.623	0.315	0.210	26.919	-16892.801
388	16	500	500	0.5182	0.241	0.192	0.300	0.267	0.314	0.298	0.332	0.295	0.368	0.291	0.327	0.353	0.312	0.274	0.285	0.307	0.364	0.284	0.379	0.264	0.309	0.264	0.354	0.335	0.280	0.327	0.350	0.266	0.321	0.333	2.032	0.542	0.315	0.201	2.224	-17147.832
389	16	500	500	0.5159	0.305	0.283	0.371	0.316	0.259	0.305	0.348	0.292	0.295	0.296	0.342	0.297	0.284	0.246	0.314	0.339	0.295	0.259	0.251	0.324	0.295	0.325	0.298	0.351	0.367	0.272	0.302	0.291	0.339	0.293	1.973	0.566	0.324	0.197	3.282	-17005.148
390	16	500	500	0.5161	0.256	0.275	0.219	0.331	0.268	0.393	0.270	0.308	0.364	0.223	0.292	0.293	0.304	0.298	0.292	0.288	0.283	0.293	0.311	0.299	0.267	0.282	0.280	0.321	0.308	0.308	0.283	0.259	0.382	0.304	1.962	0.593	0.291	0.196	3.481	-16746.067
391	16	500	500	0.5244	0.337	0.309	0.274	0.306	0.291	0.324	0.289	0.236	0.303	0.301	0.309	0.307	0.297	0.301	0.268	0.286	0.331	0.184	0.297	0.362	0.336	0.250	0.316	0.209	0.275	0.321	0.273	0.272	0.273	0.260	2.051	0.620	0.263	0.193	3.207	-16455.119
392	16	500	500	0.5257	0.386	0.254	0.295	0.295	0.314	0.311	0.288	0.328	0.290	0.300	0.296	0.328	0.343	0.242	0.270	0.401	0.396	0.293	0.306	0.271	0.284	0.328	0.284	0.251	0.358	0.243	0.351	0.293	0.319	0.278	2.064	0.652	0.290	0.194	6.408	-16638.578
393	16	500	500	0.5175	0.284	0.276	0.290	0.225	0.309	0.291	0.289	0.291	0.299	0.263	0.265	0.301	0.282	0.279	0.248	0.267	0.281	0.371	0.250	0.261	0.264	0.311	0.302	0.235	0.258	0.273	0.298	0.266	0.337	0.333	2.073	0.657	0.271	0.202	1.835	-16305.223
394	16	500	500	0.5081	0.341	0.278	0.267	0.319	0.277	0.256	0.262	0.285	0.246	0.309	0.261	0.359	0.294	0.315	0.354	0.314	0.330	0.328	0.307	0.288	0.292	0.280	0.295	0.323	0.330	0.278	0.286	0.336	0.294	0.294	2.003	0.664	0.291	0.215	1.548	-16901.044
395	16	500	500	0.5142	0.367	0.310	0.318	0.335	0.336	0.295	0.298	0.294	0.377	0.298	0.298	0.329	0.383	0.288	0.273	0.406	0.325	0.295	0.296	0.337	0.259	0.300	0.296	0.282	0.292	0.385	0.287	0.303	0.296	0.301	1.970	0.634	0.327	0.208	11.996	-17175.102
396	16	500	500	0.5154	0.315	0.347	0.321	0.229	0.292	0.184	0.378	0.290	0.234	0.330	0.319	0.302	0.311	0.311	0.323	0.311	0.308	0.257	0.308	0.311	0.298	0.266	0.296	0.279	0.365	0.315	0.314	0.374	0.275	0.257	1.943	0.621	0.350	0.208	8.130	-16922.858
397	16	500	500	0.5213	0.305	0.308	0.301	0.290	0.261	0.304	0.285	0.328	0.315	0.247	0.320	0.252	0.339	0.287	0.318	0.241	0.330	0.323	0.313	0.280	0.275	0.310	0.268	0.268	0.314	0.245	0.313	0.264	0.310	0.292	1.910	0.633	0.291	0.212	3.072	-16635.278
398	16	500	500	0.5042	0.286	0.342	0.327	0.287	0.339	0.251	0.334	0.340	0.338	0.313	0.306	0.365	0.287	0.252	0.325	0.297	0.292	0.256	0.296	0.276	0.317	0.270	0.318	0.229	0.323	0.306	0.280	0.356	0.301	0.310	2.016	0.533	0.271	0.183	3.044	-16827.126
399	16	500	500	0.5067	0.277	0.335	0.250	0.344	0.287	0.274	0.332	0.285	0.310	0.328	0.250	0.316	0.308	0.239	0.300	0.256	0.273	0.277	0.295	0.300	0.244	0.325	0.239	0.316	0.276	0.320	0.313	0.296	0.335	0.270	2.139	0.635	0.264	0.191	4.344	-16447.238
400	16	500	500	0.5212	0.357	0.293	0.238	0.254	0.315	0.355	0.288	0.296	0.253	0.288	0.315	0.309	0.273	0.289	0.319	0.348	0.335	0.265	0.281	0.309	0.337	0.276	0.264	0.217	0.312	0.297	0.259	0.265	0.308	0.264	1.926	0.614	0.308	0.202	6.777	-16618.362
401	16	500	500	0.5057	0.315	0.280	0.261	0.331	0.284	0.389	0.289	0.294	0.236	0.303	0.253	0.250	0.290	0.281	0.306	0.291	0.293	0.226	0.351	0.297	0.298	0.269	0.274	0.318	0.308	0.265	0.302	0.281	0.299	0.313	2.069	0.574	0.272	0.208	1.625	-16591.295
402	16	500	500	0.5126	0.278	0.420	0.295	0.264	0.268	0.212	0.300	0.290	0.311	0.284	0.252	0.325	0.321	0.276	0.292	0.284	0.370	0.336	0.277	0.293	0.243	0.274	0.267	0.295	0.320	0.287	0.306	0.290	0.268	0.251	2.065	0.538	0.270	0.195	1.309	-16488.568
403	16	500	500	0.5108	0.307	0.249	0.322	0.326	0.258	0.270	0.304	0.360	0.315	0.339	0.280	0.336	0.334	0.329	0.262	0.252	0.299	0.307	0.285	0.322	0.320	0.275	0.277	0.248	0.296	0.308	0.222	0.348	0.324	0.262	1.981	0.596	0.318	0.191	4.291	-16811.991
404	16	500	500	0.5047	0.353	0.309	0.289	0.280	0.290	0.322	0.320	0.286	0.302	0.356	0.356	0.251	0.313	0.292	0.311	0.378	0.266	0.342	0.244	0.257	0.343	0.226	0.339	0.313	0.284	0.315	0.339	0.312	0.299	0.295	2.125	0.605	0.309	0.201	4.667	-16880.564
405	16	500	500	0.5225	0.290	0.279	0.389	0.282	0.298	0.312	0.329	0.366	0.285	0.288	0.271	0.302	0.288	0.347	0.314	0.308	0.317	0.333	0.246	0.325	0.322	0.316	0.313	0.224	0.354	0.273	0.361	0.292	0.308	0.317	2.015	0.586	0.320	0.202	2.939	-17106.435
406	16	500	499	0.5135	0.280	0.259	0.286	0.293	0.239	0.277	0.255	0.291	0.267	0.338	0.319	0.259	0.256	0.262	0.317	0.276	0.311	0.251	0.265	0.307	0.281	0.282	0.295	0.249	0.285	0.297	0.293	0.222	0.317	0.245	2.052	0.628	0.300	0.197	3.501	-16212.961
407	16	500	500	0.5177	0.289	0.261	0.329	0.380	0.261	0.252	0.291	0.264	0.275	0.347	0.316	0.275	0.269	0.272	0.317	0.265	0.342	0.338	0.293	0.292	0.289	0.347	0.302	0.272	0.310	0.301	0.279	0.310	0.342	0.316	1.937	0.380	0.188	0.193	1.359	-16905.268
408	16	500	498	0.5129	0.326	0.281	0.322	0.353	0.362	0.309	0.301	0.302	0.270	0.306	0.281	0.310	0.359	0.337	0.290	0.335	0.286	0.377	0.309	0.264	0.309	0.341	0.282	0.310	0.290	0.285	0.347	0.317	0.317	0.256	2.144	0.532	0.285	0.202	2.960	-17113.501
409	16	500	500	0.5086	0.337	0.347	0.227	0.258	0.329	0.300	0.334	0.310	0.299	0.276	0.237	0.343	0.302	0.304	0.284	0.238	0.338	0.255	0.283	0.275	0.338	0.289	0.325	0.321	0.336	0.321	0.303	0.300	0.328	0.327	1.931	0.590	0.283	0.180	1.780	-16623.961
410	16	500	500	0.5212	0.266	0.273	0.299	0.288	0.294	0.322	0.316	0.342	0.290	0.325	0.309	0.326	0.267	0.343	0.295	0.247	0.325	0.321	0.315	0.300	0.270	0.281	0.305	0.271	0.361	0.343	0.267	0.311	0.284	0.329	2.145	0.554	0.260	0.195	1.939	-16811.915
411	16	500	500	0.5083	0.362	0.245	0.274	0.307	0.325	0.247	0.291	0.315	0.357	0.290	0.281	0.357	0.305	0.274	0.292	0.273	0.233	0.338	0.292	0.307	0.276	0.295	0.293	0.336	0.242	0.236	0.304	0.310	0.275	0.327	2.035	0.550	0.261	0.191	1.570	-16631.540
412	16	500	499	0.5123	0.315	0.286	0.265	0.301	0.296	0.283	0.337	0.335	0.261	0.284	0.288	0.334	0.309	0.303	0.310	0.276	0.295	0.211	0.311	0.285	0.361	0.252	0.282	0.263	0.332	0.262	0.311	0.297	0.280	0.333	2.012	0.543	0.273	0.187	1.924	-16677.983
413	16	500	500	0.5069	0.338	0.351	0.321	0.370	0.318	0.248	0.303	0.316	0.317	0.327	0.299	0.286	0.264	0.312	0.268	0.286	0.297	0.329	0.338	0.272	0.276	0.330	0.321	0.264	0.321	0.352	0.241	0.319	0.298	0.332	2.128	0.567	0.313	0.221	3.439	-17056.159
414	16	500	499	0.5069	0.330	0.412	0.267	0.308	0.264	0.319	0.268	0.260	0.337	0.357	0.330	0.316	0.334	0.402	0.313	0.314	0.218	0.290	0.286	0.326	0.331	0.322	0.329	0.373	0.378	0.316	0.292	0.280	0.297	0.313	1.896	0.581	0.308	0.175	3.130	-17029.305
415	16	500	500	0.5149	0.306	0.291	0.280	0.276	0.324	0.353	0.294	0.327	0.274	0.245	0.324	0.283	0.317	0.317	0.311	0.290	0.331	0.269	0.310	0.326	0.381	0.283	0.301	0.319	0.294	0.331	0.314	0.334	0.263	0.324	1.953	0.580	0.285	0.205	2.529	-17155.642
416	16	500	500	0.5192	0.318	0.228	0.235	0.360	0.301	0.347	0.325	0.271	0.303	0.292	0.252	0.315	0.286	0.300	0.301	0.319	0.257	0.398	0.330	0.302	0.312	0.329	0.281	0.262	0.329	0.339	0.287	0.294	0.295	0.278	2.108	0.602	0.323	0.189	3.161	-16800.584
417	16	500	500	0.5082	0.307	0.305	0.392	0.331	0.246	0.362	0.310	0.253	0.294	0.299	0.295	0.294	0.291	0.272	0.428	0.319	0.333	0.275	0.334	0.295	0.345	0.278	0.285	0.210	0.322	0.297	0.366	0.258	0.288	0.289	1.999	0.544	0.307	0.197	1.521	-17047.911
418	16	500	500	0.5165	0.358	0.308	0.323	0.263	0.287	0.337	0.254	0.282	0.290	0.309	0.311	0.286	0.311	0.286	0.238	0.340	0.266	0.273	0.307	0.291	0.297	0.319	0.271	0.351	0.300	0.307	0.311	0.322	0.345	0.327	1.989	0.500	0.263	0.186	1.264	-16724.948
419	16	500	500	0.5143	0.289	0.334	0.257	0.285	0.247	0.285	0.293	0.252	0.324	0.376	0.362	0.334	0.352	0.318	0.251	0.294	0.278	0.345	0.275	0.235	0.314	0.296	0.327	0.312	0.348	0.273	0.284	0.253	0.289	0.316	2.055	0.601	0.306	0.194	3.273	-16685.165
420	16	500	500	0.5165	0.316	0.248	0.330	0.307	0.313	0.299	0.368	0.318	0.294	0.358	0.314	0.331	0.268	0.289	0.299	0.345	0.349	0.300	0.289	0.327	0.227	0.265	0.284	0.274	0.284	0.336	0.335	0.276	0.323	0.326	1.938	0.621	0.328	0.195	4.175	-16952.199
421	16	500	500	0.4986	0.290	0.294	0.238	0.278	0.281	0.282	0.255	0.246	0.269	0.318	0.267	0.282	0.286	0.326	0.334	0.378	0.306	0.296	0.265	0.291	0.258	0.303	0.273	0.248	0.312	0.250	0.292	0.338	0.295	0.261	1.962	0.620	0.258	0.191	3.234	-16173.067
422	16	500	500	0.5172	0.232	0.232	0.285	0.273	0.282	0.298	0.278	0.321	0.241	0.309	0.293	0.286	0.385	0.302	0.273	0.247	0.335	0.268	0.354	0.327	0.267	0.283	0.264	0.269	0.227	0.275	0.306	0.350	0.257	0.349	1.874	0.592	0.230	0.190	1.610	-16350.139
423	16	500	499	0.5087	0.287	0.331	0.273	0.299	0.271	0.278	0.290	0.310	0.386	0.280	0.360	0.315	0.317	0.335	0.338	0.299	0.365	0.206	0.340	0.351	0.274	0.300	0.320	0.324	0.288	0.357	0.301	0.328	0.287	0.253	1.992	0.598	0.331	0.202	3.431	-17008.468
424	16	500	500	0.5217	0.202	0.294	0.270	0.344	0.245	0.294	0.270	0.321	0.250	0.310	0.323	0.299	0.293	0.243	0.328	0.263	0.283	0.286	0.320	0.260	0.309	0.290	0.302	0.270	0.265	0.270	0.279	0.345	0.254	0.346	1.991	0.614	0.237	0.209	3.662	-16560.131
425	16	500	500	0.5118	0.340	0.324	0.342	0.303	0.342	0.370	0.278	0.316	0.308	0.334	0.351	0.270	0.299	0.308	0.319	0.338	0.361	0.311	0.316	0.304	0.377	0.300	0.344	0.367	0.323	0.348	0.350	0.260	0.290	0.373	2.156	0.579	0.336	0.203	3.612	-17573.094
426	16	500	500	0.5197	0.282	0.282	0.270	0.310	0.313	0.267	0.256	0.275	0.315	0.367	0.235	0.319	0.245	0.258	0.292	0.354	0.272	0.298	0.313	0.273	0.332	0.329	0.345	0.254	0.230	0.297	0.322	0.334	0.311	0.289	2.135	0.648	0.302	0.198	2.978	-16628.379
427	16	500	498	0.5115	0.340	0.249	0.256	0.223	0.348	0.272	0.273	0.300	0.314	0.216	0.320	0.246	0.369	0.344	0.264	0.338	0.291	0.291	0.238	0.273	0.303	0.284	0.258	0.316	0.282	0.357	0.242	0.281	0.265	0.247	2.182	0.607	0.332	0.203	3.577	-16244.644
428	16	500	497	0.5137	0.275	0.307	0.300	0.336	0.292	0.262	0.287	0.263	0.307	0.306	0.298	0.343	0.269	0.313	0.283	0.333	0.374	0.315	0.294	0.309	0.301	0.322	0.275	0.249	0.258	0.239	0.304	0.326	0.306	0.259	1.918	0.612	0.301	0.185	3.539	-16568.222
429	16	500	498	0.5118	0.282	0.242	0.330	0.298	0.325	0.253	0.309	0.329	0.399	0.290	0.307	0.288	0.234	0.327	0.305	0.248	0.295	0.346	0.341	0.341	0.356	0.298	0.270	0.296	0.327	0.309	0.310	0.337	0.336	0.340	1.992	0.480	0.249	0.214	1.321	-17176.955
430	16	500	499	0.5225	0.259	0.229	0.343	0.295	0.285	0.340	0.321	0.358	0.292	0.320	0.317	0.304	0.392	0.360	0.265	0.305	0.269	0.316	0.281	0.333	0.344	0.350	0.328	0.375	0.363	0.318	0.280	0.316	0.308	0.355	1.934	0.563	0.297	0.195	1.884	-17246.353
431	16	500	499	0.5118	0.341	0.264	0.288	0.343	0.299	0.274	0.240	0.301	0.287	0.325	0.314	0.277	0.222	0.283	0.320	0.350	0.300	0.262	0.344	0.248	0.350	0.269	0.277	0.299	0.307	0.290	0.317	0.331	0.312	0.262	2.259	0.621	0.319	0.190	5.613	-16524.446
432	16	500	500	0.5143	0.316	0.315	0.254	0.316	0.337	0.278	0.374	0.304	0.355	0.280	0.374	0.278	0.330	0.356	0.350	0.333	0.394	0.392	0.364	0.346	0.281	0.286	0.338	0.367	0.247	0.283	0.275	0.329	0.290	0.296	1.972	0.587	0.360	0.195	2.377	-17431.107
433	16	500	500	0.5138	0.326	0.282	0.319	0.357	0.270	0.361	0.252	0.316	0.352	0.259	0.323	0.327	0.313	0.308	0.318	0.278	0.346	0.383	0.273	0.343	0.198	0.284	0.272	0.275	0.365	0.328	0.288	0.310	0.263	0.295	2.129	0.599	0.298	0.203	2.462	-16984.478
434	16	500	500	0.5156	0.261	0.278	0.271	0.326	0.306	0.336	0.288	0.291	0.263	0.347	0.248	0.297	0.297	0.253	0.348	0.330	0.307	0.305	0.283	0.314	0.349	0.300	0.232	0.368	0.306	0.307	0.297	0.293	0.339	0.271	2.040	0.636	0.270	0.199	2.803	-16635.219
435	16	500	500	0.5212	9.361	0.293	0.285	0.317	0.308	0.312	0.278	0.292	0.314	0.263	0.274	0.276	0.331	0.295	0.312	9.393	0.249	0.300	0.331	0.302	0.341	0.282	0.316	0.350	0.253	0.263	0.339	0.319	0.295	0.286	2.166	0.657	0.317	0.188	998.997	-16770.910
436	16	500	500	0.5027	0.342	0.319	0.248	0.319	0.271	0.277	0.296	0.265	0.260	0.314	0.284	0.326	0.283	0.300	0.279	0.000	0.390	0.280	0.348	0.296	0.332	0.262	0.299	0.424	0.260	0.286	0.323	0.264	0.282	0.329	2.004	0.410	0.191	0.193	845.621	-16586.468
437	16	500	498	0.5271	0.548	0.225	0.353	0.293	0.315	0.276	0.300	0.275	0.379	0.218	0.307	0.314	0.310	0.360	0.288	0.287	0.321	0.226	0.377	0.273	0.288	0.304	0.272	0.291	0.280	0.285	0.282	0.311	0.236	0.297	2.089	0.617	0.288	0.202	4.441	-16788.703
438	16	500	500	0.5087	0.329	0.289	0.253	0.299	0.268	0.309	0.293	0.328	0.280	0.262	0.320	0.305	0.298	0.382	0.296	0.353	0.344	0.292	0.308	0.377	0.286	0.309	0.265	0.252	0.257	0.279	0.284	0.265	0.301	0.297	2.084	0.561	0.331	0.197	4.849	-16723.239
439	16	500	500	0.5168	0.279	0.308	0.248	0.274	0.275	0.319	0.298	0.336	0.307	0.281	0.315	0.303	0.275	0.338	0.271	0.315	0.293	0.261	0.350	0.286	0.264	0.329	0.336	0.361	0.299	0.290	0.285	0.297	0.245	0.336	1.859	0.641	0.299	0.189	2.858	-16661.057
440	16	500	500	0.5130	0.338	0.248	0.322	0.348	0.301	0.265	0.285	0.306	0.278	0.258	0.327	0.308	0.300	0.347	0.338	0.346	0.251	0.279	0.292	0.307	0.344	0.305	0.260	0.264	0.272	0.256	0.363	0.301	0.263	0.318	2.074	0.578	0.289	0.198	4.784	-16760.260
441	16	500	500	0.5066	8.457	0.304	0.274	0.278	0.305	0.289	0.350	0.269	0.398	0.264	0.314	0.268	0.352	0.326	0.291	8.406	0.313	0.264	0.285	0.309	0.318	0.256	0.288	0.289	0.272	0.249	0.312	0.277	0.252	0.260	2.025	0.650	0.312	0.191	998.995	-16428.209
442	16	500	500	0.5120	0.112	0.391	0.296	0.265	0.334	0.282	0.324	0.322	0.399	0.338	0.269	0.342	0.256	0.323	0.294	0.134	0.355	0.336	0.304	0.308	0.289	0.329	0.292	0.383	0.262	0.370	0.321	0.374	0.288	0.272	2.041	0.464	0.222	0.190	951.149	-16837.132
443	16	500	500	0.5243	0.243	0.417	0.298	0.308	0.337	0.397	0.292	0.247	0.419	0.298	0.310	0.334	0.377	0.317	0.305	0.250	0.353	0.265	0.295	0.352	0.323	0.304	0.308	0.278	0.395	0.315	0.294	0.303	0.287	0.258	1.963	0.441	0.236	0.212	948.916	-17382.480
444	16	500	500	0.5053	0.159	0.397	0.329	0.282	0.296	0.259	0.321	0.346	0.376	0.299	0.277	0.366	0.299	0.269	0.311	0.200	0.375	0.271	0.275	0.291	0.308	0.235	0.303	0.373	0.340	0.259	0.289	0.327	0.356	0.318	2.025	0.466	0.223	0.202	949.798	-16949.725
445	16	500	500	0.5092	0.343	0.316	0.323	0.255	0.293	0.288	0.299	0.293	0.311	0.259	0.296	0.256	0.263	0.254	0.381	0.009	0.380	0.343	0.288	0.273	0.319	0.276	0.276	0.251	0.315	0.234	0.276	0.353	0.271	0.306	2.022	0.439	0.164	0.213	593.629	-16429.970
446	16	500	500	0.5157	0.386	0.196	0.364	0.301	0.344	0.305	0.362	0.261	0.362	0.384	0.322	0.330	0.255	0.251	0.348	0.158	0.313	0.322	0.296	0.323	0.281	0.265	0.291	0.291	0.368	0.336	0.279	0.357	0.322	0.335	1.987	0.520	0.300	0.190	1.250	-17215.608
447	16	500	500	0.5048	0.349	0.259	0.328	0.281	0.276	0.249	0.255	0.302	0.291	0.323	0.265	0.295	0.382	0.334	0.257	0.293	0.356	0.281	0.283	0.337	0.271	0.261	0.306	0.218	0.275	0.283	0.334	0.312	0.260	0.303	2.077	0.558	0.298	0.195	2.260	-16647.123
448	16	500	500	0.5196	0.284	0.242	0.337	0.327	0.271	0.238	0.314	0.290	0.271	0.214	0.271	0.358	0.370	0.296	0.309	0.341	0.313	0.336	0.376	0.344	0.270	0.334	0.251	0.338	0.290	0.298	0.366	0.336	0.294	0.272	1.929	0.636	0.304	0.190	3.813	-16862.595
449	16	500	500	0.5001	0.357	0.325	0.339	0.348	0.315	0.236	0.298	0.335	0.268	0.320	0.290	0.272	0.304	0.305	0.279	0.284	0.302	0.287	0.275	0.266	0.338	0.282	0.310	0.326	0.257	0.271	0.316	0.312	0.290	0.323	2.156	0.561	0.265	0.187	1.703	-16563.647
450	16	500	500	0.4898	0.692	0.311	0.245	0.284	0.283	0.279	0.354	0.323	0.273	0.311	0.258	0.293	0.324	0.317	0.301	0.670	0.332	0.264	0.289	0.313	0.265	0.346	0.312	0.304	0.339	0.295	0.318	0.326	0.253	0.278	2.110	0.635	0.323	0.202	35.194	-16731.378
451	16	500	500	0.5155	0.271	0.295	0.312	0.256	0.303	0.337	0.315	0.305	0.308	0.240	0.306	0.302	0.348	0.259	0.347	0.314	0.285	0.276	0.306	0.304	0.310	0.295	0.291	0.321	0.300	0.311	0.254	0.253	0.302	0.344	1.968	0.612	0.304	0.193	7.772	-16705.993
452	16	500	500	0.4939	0.307	0.280	0.277	0.315	0.304	0.324	0.330	0.265	0.346	0.310	0.248	0.313	0.323	0.289	0.286	0.319	0.296	0.291	0.305	0.319	0.339	0.285	0.316	0.278	0.294	0.278	0.323	0.288	0.324	0.302	1.964	0.604	0.308	0.206	4.173	-16950.872
453	16	500	500	0.5100	0.266	0.284	0.311	0.333	0.335	0.265	0.376	0.290	0.325	0.319	0.351	0.281	0.252	0.327	0.307	0.248	0.270	0.254	0.304	0.257	0.293	0.299	0.380	0.384	0.243	0.288	0.293	0.290	0.291	0.275	1.976	0.517	0.305	0.210	3.889	-17041.882
454	16	500	500	0.5071	0.297	0.241	0.297	0.322	0.295	0.333	0.295	0.285	0.276	0.292	0.254	0.319	0.297	0.296	0.277	0.320	0.274	0.321	0.297	0.308	0.294	0.305	0.269	0.277	0.272	0.287	0.336	0.319	0.285	0.298	2.034	0.583	0.295	0.202	2.776	-16619.106
455	16	500	500	0.5005	0.337	0.326	0.232	0.297	0.326	0.367	0.265	0.286	0.282	0.252	0.332	0.293	0.305	0.269	0.405	0.283	0.253	0.371	0.260	0.286	0.320	0.377	0.248	0.320	0.281	0.303	0.288	0.287	0.281	0.309	1.915	0.556	0.271	0.202	1.928	-16880.103
456	16	500	500	0.5094	0.300	0.351	0.250	0.321	0.307	0.366	0.292	0.248	0.238	0.354	0.306	0.327	0.281	0.308	0.270	0.351	0.343	0.253	0.383	0.271	0.249	0.385	0.331	0.305	0.325	0.274	0.270	0.295	0.247	0.385	2.052	0.615	0.308	0.192	4.947	-16875.402
457	16	500	500	0.5078	0.306	0.367	0.308	0.263	0.323	0.274	0.326	0.265	0.280	0.306	0.305	0.247	0.225	0.265	0.352	0.356	0.326	0.298	0.321	0.328	0.244	0.341	0.260	0.324	0.245	0.279	0.305	0.241	0.285	0.283	2.042	0.679	0.292	0.205	21.095	-16481.075
458	16	500	500	0.5213	0.233	0.344	0.296	0.331	0.292	0.280	0.305	0.317	0.256	0.225	0.307	0.266	0.286	0.305	0.310	0.304	0.240	0.259	0.298	0.300	0.347	0.272	0.314	0.269	0.337	0.298	0.308	0.190	0.347	0.324	2.061	0.570	0.285	0.193	1.903	-16584.485
459	16	500	500	0.5180	0.304	0.308	0.313	0.326	0.302	0.336	0.290	0.304	0.338	0.360	0.328	0.292	0.275	0.298	0.364	0.270	0.286	0.318	0.289	0.328	0.288	0.338	0.277	0.274	0.308	0.327	0.313	0.286	0.283	0.323	1.908	0.464	0.245	0.193	1.838	-17158.921
460	16	500	500	0.5129	0.265	0.265	0.288	0.273	0.349	0.267	0.269	0.335	0.414	0.383	0.276	0.313	0.384	0.321	0.288	0.295	0.323	0.318	0.350	0.292	0.335	0.283	0.282	0.232	0.253	0.289	0.311	0.344	0.274	0.357	2.025	0.567	0.293	0.200	1.568	-16956.591
461	16	500	499	0.5028	0.371	0.338	0.347	0.332	0.309	0.288	0.324	0.272	0.285	0.199	0.354	0.270	0.299	0.330	0.293	0.429	0.313	0.319	0.301	0.317	0.242	0.281	0.307	0.237	0.291	0.282	0.341	0.342	0.293	0.260	1.977	0.658	0.299	0.211	6.656	-16759.581
462	16	500	500	0.5033	0.337	0.269	0.232	0.307	0.264	0.304	0.329	0.269	0.336	0.287	0.304	0.363	0.291	0.281	0.312	0.311	0.325	0.291	0.359	0.251	0.305	0.237	0.282	0.264	0.342	0.329	0.318	0.247	0.237	0.376	2.133	0.609	0.325	0.202	2.827	-16729.163
463	16	500	499	0.5175	0.294	0.324	0.294	0.272	0.280	0.298	0.282	0.260	0.340	0.252	0.318	0.287	0.305	0.289	0.305	0.289	0.266	0.324	0.311	0.315	0.283	0.256	0.312	0.316	0.263	0.335	0.293	0.335	0.268	0.305	2.004	0.603	0.268	0.200	3.528	-16613.131
464	16	500	499	0.5100	0.282	0.306	0.251	0.312	0.275	0.339	0.371	0.239	0.359	0.292	0.344	0.283	0.360	0.370	0.287	0.292	0.362	0.312	0.303	0.276	0.328	0.310	0.307	0.331	0.285	0.277	0.325	0.271	0.312	0.288	2.003	0.552	0.308	0.197	2.372	-17031.923
465	16	500	500	0.5122	0.321	0.334	0.359	0.216	0.333	0.295	0.324	0.249	0.289	0.305	0.303	0.341	0.378	0.293	0.336	0.313	0.308	0.306	0.292	0.338	0.280	0.306	0.300	0.368	0.263	0.333	0.174	0.342	0.352	0.305	2.029	0.666	0.307	0.196	5.010	-16904.566
466	16	500	500	0.5230	0.267	0.390	0.323	0.297	0.304	0.293	0.289	0.232	0.301	0.311	0.333	0.302	0.332	0.271	0.346	0.353	0.316	0.291	0.309	0.304	0.347	0.304	0.292	0.278	0.234	0.305	0.315	0.330	0.285	0.277	2.008	0.572	0.296	0.201	1.600	-17091.497
467	16	500	500	0.5228	0.326	0.312	0.321	0.279	0.345	0.333	0.330	0.248	0.341	0.296	0.346	0.272	0.253	0.340	0.271	0.301	0.242	0.311	0.326	0.259	0.338	0.306	0.306	0.335	0.305	0.355	0.301	0.362	0.336	0.280	1.993	0.544	0.296	0.217	3.107	-17143.816
468	16	500	500	0.5205	0.310	0.342	0.365	0.286	0.302	0.264	0.282	0.363	0.240	0.221	0.282	0.285	0.321	0.307	0.310	0.344	0.255	0.305	0.258	0.311	0.345	0.329	0.259	0.351	0.312	0.301	0.257	0.280	0.323	0.298	2.040	0.640	0.320	0.192	7.540	-16659.106
469	16	500	499	0.5074	0.307	0.302	0.325	0.329	0.282	0.348	0.307	0.325	0.329	0.329	0.286	0.329	0.327	0.279	0.325	0.312	0.257	0.341	0.308	0.252	0.311	0.310	0.309	0.299	0.311	0.373	0.299	0.382	0.312	0.344	1.991	0.622	0.350	0.201	12.138	-17175.676
470	16	500	500	0.5291	0.230	0.355	0.259	0.292	0.317	0.325	0.325	0.282	0.316	0.299	0.279	0.316	0.367	0.302	0.298	0.212	0.328	0.275	0.278	0.274	0.329	0.257	0.314	0.280	0.334	0.342	0.288	0.293	0.281	0.240	1.942	0.584	0.273	0.180	2.771	-16695.209
471	16	500	498	0.5132	0.283	0.313	0.321	0.305	0.337	0.310	0.282	0.311	0.354	0.277	0.279	0.315	0.377	0.353	0.272	0.240	0.338	0.319	0.310	0.364	0.268	0.315	0.285	0.379	0.326	0.245	0.301	0.241	0.332	0.307	1.907	0.542	0.327	0.183	1.973	-16994.407
472	16	500	500	0.5143	0.308	0.404	0.307	0.302	0.257	0.219	0.350	0.304	0.243	0.243	0.328	0.280	0.297	0.281	0.306	0.373	0.285	0.313	0.250	0.293	0.322	0.305	0.323	0.288	0.263	0.348	0.352	0.263	0.242	0.276	1.881	0.599	0.303	0.183	2.147	-16594.768
473	16	500	500	0.5183	0.264	0.268	0.280	0.287	0.340	0.274	0.289	0.330	0.315	0.295	0.267	0.249	0.258	0.308	0.276	0.275	0.291	0.358	0.298	0.269	0.274	0.325	0.308	0.260	0.262	0.261	0.287	0.334	0.282	0.337	2.030	0.431	0.232	0.196	1.680	-16754.437
474	16	500	500	0.5144	0.408	0.273	0.290	0.297	0.292	0.327	0.292	0.326	0.283	0.342	0.310	0.245	0.336	0.358	0.248	0.444	0.306	0.326	0.267	0.294	0.255	0.275	0.274	0.293	0.287	0.331	0.272	0.316	0.260	0.350	1.889	0.639	0.309	0.203	10.573	-16882.495
475	16	500	500	0.5090	0.275	0.279	0.294	0.292	0.310	0.325	0.286	0.278	0.306	0.354	0.327	0.280	0.272	0.282	0.297	0.297	0.286	0.263	0.256	0.340	0.317	0.277	0.327	0.313	0.297	0.263	0.322	0.348	0.244	0.330	1.992	0.535	0.305	0.193	1.867	-16862.156
476	16	500	500	0.5096	0.357	0.226	0.323	0.298	0.349	0.291	0.342	0.320	0.363	0.268	0.255	0.295	0.313	0.281	0.263	0.371	0.295	0.252	0.270	0.326	0.330	0.296	0.325	0.342	0.289	0.250	0.271	0.290	0.346	0.306	1.969	0.636	0.301	0.208	2.356	-16947.194
477	16	500	500	0.5165	0.277	0.294	0.286	0.279	0.308	0.321	0.318	0.298	0.203	0.305	0.256	0.330	0.219	0.294	0.319	0.325	0.308	0.283	0.314	0.267	0.263	0.246	0.268	0.229	0.284	0.278	0.307	0.294	0.285	0.241	1.925	0.540	0.236	0.213	1.822	-16446.821
478	16	500	500	0.5090	0.308	0.246	0.285	0.214	0.373	0.337	0.291	0.354	0.318	0.284	0.302	0.327	0.256	0.320	0.343	0.287	0.312	0.329	0.345	0.291	0.260	0.330	0.243	0.218	0.337	0.356	0.314	0.291	0.247	0.315	1.926	0.578	0.285	0.206	3.008	-17016.471
479	16	500	500	0.5353	0.275	0.241	0.346	0.342	0.300	0.293	0.275	0.294	0.302	0.344	0.330	0.297	0.310	0.283	0.308	0.263	0.327	0.318	0.318	0.305	0.343	0.301	0.353	0.312	0.303	0.287	0.293	0.245	0.302	0.264	2.027	0.546	0.278	0.186	3.882	-16867.416
480	16	500	500	0.5266	0.373	0.294	0.278	0.310	0.307	0.253	0.344	0.285	0.217	0.315	0.264	0.296	0.324	0.255	0.234	0.306	0.226	0.248	0.291	0.320	0.354	0.263	0.337	0.246	0.366	0.315	0.253	0.340	0.306	0.327	1.976	0.602	0.293	0.203	1.043	-16764.454
481	16	500	500	0.5179	0.304	0.344	0.239	0.296	0.287	0.237	0.289	0.278	0.257	0.327	0.326	0.284	0.282	0.274	0.325	0.324	0.355	0.341	0.357	0.263	0.323	0.300	0.316	0.333	0.390	0.297	0.340	0.299	0.316	0.298	2.025	0.580	0.306	0.204	3.640	-17048.193
482	16	500	499	0.5135	0.269	0.370	0.308	0.270	0.268	0.360	0.288	0.318	0.204	0.305	0.264	0.305	0.282	0.310	0.282	0.309	0.227	0.327	0.285	0.300	0.288	0.362	0.299	0.342	0.335	0.223	0.319	0.350	0.250	0.291	1.899	0.637	0.288	0.205	4.793	-16700.112
483	16	500	500	0.5088	0.307	0.318	0.298	0.269	0.248	0.272	0.319	0.287	0.301	0.304	0.315	0.330	0.304	0.274	0.294	0.291	0.401	0.296	0.294	0.249	0.287	0.301	0.339	0.371	0.340	0.278	0.334	0.254	0.374	0.316	1.967	0.565	0.345	0.196	3.970	-16967.024
484	16	500	500	0.5018	0.215	0.328	0.284	0.283	0.320	0.330	0.307	0.230	0.298	0.216	0.275	0.285	0.351	0.281	0.296	0.299	0.269	0.289	0.326	0.360	0.293	0.287	0.276	0.357	0.269	0.290	0.281	0.326	0.317	0.330	1.954	0.504	0.284	0.185	3.821	-16668.892
485	16	500	499	0.5225	0.297	0.384	0.365	0.293	0.326	0.254	0.299	0.291	0.310	0.319	0.307	0.299	0.289	0.299	0.338	0.305	0.213	0.366	0.263	0.297	0.234	0.332	0.335	0.321	0.346	0.321	0.367	0.283	0.348	0.291	1.987	0.523	0.274	0.189	1.567	-17114.936
486	16	500	500	0.5091	0.371	0.337	0.270	0.314	0.341	0.290	0.257	0.361	0.378	0.258	0.339	0.338	0.267	0.248	0.280	0.312	0.247	0.370	0.288	0.310	0.287	0.317	0.315	0.338	0.313	0.322	0.303	0.209	0.327	0.358	2.092	0.621	0.333	0.215	3.404	-17081.776
487	16	500	500	0.5236	0.244	0.338	0.270	0.307	0.320	0.350	0.256	0.302	0.233	0.348	0.311	0.294	0.274	0.265	0.273	0.250	0.335	0.274	0.276	0.293	0.304	0.300	0.264	0.259	0.267	0.281	0.266	0.323	0.325	0.267	2.053	0.642	0.287	0.199	3.298	-16442.541
488	16	500	500	0.5209	0.297	0.285	0.241	0.273	0.331	0.326	0.306	0.343	0.296	0.247	0.286	0.287	0.358	0.243	0.259	0.287	0.295	0.272	0.332	0.295	0.276	0.259	0.341	0.212	0.251	0.270	0.262	0.347	0.310	0.303	2.011	0.435	0.204	0.186	1.154	-16457.462
489	16	500	500	0.5122	0.274	0.299	0.325	0.384	0.316	0.284	0.280	0.284	0.272	0.257	0.284	0.271	0.310	0.329	0.271	0.238	0.272	0.338	0.256	0.254	0.373	0.310	0.294	0.291	0.364	0.279	0.232	0.282	0.280	0.281	1.940	0.632	0.264	0.193	1.000	-16571.067
490	16	500	500	0.5190	0.309	0.245	0.245	0.314	0.311	0.289	0.289	0.246	0.246	0.265	0.280	0.298	0.323	0.268	0.249	0.303	0.378	0.322	0.229	0.304	0.267	0.264	0.316	0.279	0.261	0.253	0.285	0.330	0.313	0.224	1.958	0.587	0.283	0.207	1.546	-16393.575
491	16	500	499	0.5197	0.359	0.301	0.360	0.329	0.342	0.306	0.289	0.287	0.281	0.303	0.291	0.304	0.318	0.400	0.255	0.399	0.309	0.290	0.325	0.303	0.399	0.327	0.282	0.303	0.258	0.349	0.237	0.238	0.283	0.320	2.066	0.603	0.333	0.203	5.947	-17080.814
492	16	500	500	0.5028	0.260	0.374	0.280	0.287	0.310	0.290	0.297	0.306	0.315	0.361	0.318	0.347	0.285	0.355	0.306	0.314	0.275	0.261	0.329	0.260	0.384	0.272	0.308	0.274	0.326	0.334	0.329	0.357	0.298	0.276	1.998	0.557	0.304	0.198	2.245	-17149.234
493	16	500	500	0.5163	0.240	0.326	0.264	0.323	0.389	0.318	0.306	0.323	0.291	0.288	0.299	0.318	0.321	0.300	0.316	0.215	0.261	0.218	0.280	0.324	0.340	0.321	0.393	0.411	0.295	0.332	0.293	0.252	0.318	0.351	2.051	0.578	0.276	0.213	2.092	-17152.962
494	16	500	500	0.5180	0.351	0.296	0.334	0.355	0.294	0.308	0.325	0.338	0.308	0.347	0.309	0.323	0.316	0.323	0.314	0.306	0.269	0.280	0.312	0.334	0.310	0.242	0.262	0.307	0.305	0.301	0.275	0.305	0.319	0.314	1.969	0.634	0.277	0.201	2.467	-17099.755
495	16	500	500	0.5085	0.291	0.303	0.292	0.383	0.332	0.265	0.322	0.264	0.304	0.273	0.238	0.318	0.310	0.271	0.304	0.259	0.270	0.343	0.305	0.335	0.321	0.304	0.291	0.257	0.300	0.330	0.280	0.328	0.288	0.383	1.981	0.493	0.263	0.200	1.206	-16945.386
496	16	500	500	0.5081	0.394	0.296	0.266	0.272	0.307	0.365	0.324	0.279	0.348	0.283	0.344	0.292	0.308	0.304	0.253	0.344	0.300	0.353	0.286	0.299	0.247	0.261	0.229	0.329	0.268	0.274	0.313	0.337	0.308	0.338	2.064	0.646	0.340	0.189	22.548	-16632.391
497	16	500	500	0.5122	0.308	0.307	0.284	0.308	0.309	0.303	0.306	0.323	0.322	0.274	0.293	0.331	0.332	0.236	0.371	0.307	0.290	0.371	0.293	0.340	0.344	0.304	0.323	0.279	0.248	0.307	0.266	0.278	0.249	0.314	1.974	0.566	0.328	0.198	2.947	-16995.294
498	16	500	500	0.5196	0.240	0.273	0.242	0.355	0.299	0.290	0.257	0.306	0.371	0.273	0.311	0.322	0.280	0.249	0.278	0.293	0.305	0.279	0.301	0.244	0.263	0.258	0.354	0.342	0.325	0.281	0.330	0.313	0.311	0.363	2.022	0.478	0.224	0.188	1.043	-16592.880
499	16	500	500	0.5235	0.260	0.355	0.289	0.281	0.295	0.320	0.375	0.313	0.359	0.301	0.262	0.321	0.358	0.297	0.280	0.304	0.289	0.348	0.271	0.401	0.258	0.328	0.333	0.335	0.330	0.295	0.320	0.338	0.309	0.275	2.078	0.616	0.328	0.211	4.406	-17239.317
500	16	500	500	0.5100	0.383	0.294	0.266	0.317	0.303	0.345	0.298	0.306	0.290	0.315	0.368	0.274	0.273	0.311	0.302	0.389	0.241	0.296	0.297	0.303	0.321	0.305	0.334	0.329	0.319	0.264	0.306	0.300	0.279	0.316	2.063	0.595	0.320	0.208	6.433	-16996.647
501	16	500	499	0.5088	0.276	0.308	0.329	0.341	0.340	0.322	0.297	0.298	0.322	0.305	0.363	0.294	0.369	0.281	0.317	0.361	0.371	0.281	0.302	0.274	0.383	0.278	0.345	0.340	0.331	0.281	0.268	0.266	0.258	0.296	2.004	0.553	0.325	0.215	1.818	-17334.870
502	16	500	500	0.5052	0.263	0.295	0.264	0.378	0.286	0.287	0.253	0.320	0.285	0.275	0.257	0.272	0.287	0.321	0.290	0.269	0.323	0.311	0.299	0.297	0.267	0.298	0.331	0.216	0.307	0.249	0.343	0.302	0.223	0.326	2.022	0.650	0.276	0.183	3.684	-16345.261
503	16	500	500	0.5177	0.236	0.303	0.357	0.301	0.371	0.272	0.267	0.333	0.335	0.218	0.304	0.290	0.360	0.290	0.361	0.282	0.236	0.291	0.300	0.327	0.304	0.305	0.283	0.357	0.371	0.319	0.264	0.293	0.314	0.300	2.027	0.558	0.302	0.189	2.131	-16989.305
504	16	500	500	0.5061	0.286	0.273	0.318	0.272	0.291	0.293	0.310	0.324	0.362	0.265	0.336	0.301	0.332	0.324	0.242	0.322	0.281	0.397	0.299	0.308	0.264	0.271	0.265	0.280	0.289	0.261	0.272	0.304	0.318	0.216	1.990	0.545	0.247	0.192	2.210	-16560.810
505	16	500	500	0.5251	0.270	0.281	0.256	0.302	0.354	0.274	0.366	0.291	0.283	0.335	0.332	0.344	0.325	0.307	0.308	0.330	0.297	0.290	0.294	0.281	0.325	0.288	0.307	0.359	0.305	0.300	0.286	0.346	0.357	0.336	1.943	0.563	0.315	0.188	4.717	-17218.187
506	16	500	500	0.5168	0.285	0.226	0.314	0.313	0.255	0.285	0.277	0.293	0.282	0.310	0.341	0.259	0.268	0.260	0.257	0.283	0.279	0.290	0.323	0.337	0.281	0.308	0.305	0.309	0.241	0.255	0.249	0.281	0.294	0.270	1.907	0.604	0.273	0.205	2.938	-16401.580
507	16	500	500	0.5226	0.415	0.277	0.316	0.335	0.281	0.286	0.302	0.271	0.296	0.311	0.337	0.271	0.259	0.243	0.305	0.418	0.255	0.281	0.320	0.346	0.264	0.296	0.306	0.226	0.311	0.290	0.282	0.312	0.249	0.266	1.968	0.668	0.295	0.204	15.693	-16556.024
508	16	500	499	0.5123	0.293	0.350	0.286	0.329	0.266	0.335	0.271	0.300	0.335	0.268	0.276	0.318	0.312	0.365	0.305	0.366	0.347	0.287	0.331	0.309	0.272	0.353	0.332	0.271	0.337	0.298	0.309	0.242	0.301	0.313	2.045	0.560	0.355	0.193	3.081	-17115.662
509	16	500	500	0.5160	0.325	0.362	0.332	0.340	0.287	0.297	0.294	0.325	0.270	0.256	0.288	0.283	0.310	0.314	0.282	0.319	0.227	0.354	0.325	0.286	0.322	0.275	0.289	0.332	0.312	0.278	0.286	0.300	0.340	0.311	2.180	0.595	0.297	0.195	3.465	-16914.591
510	16	500	500	0.5124	0.258	0.312	0.292	0.283	0.297	0.378	0.289	0.306	0.290	0.310	0.321	0.252	0.254	0.289	0.298	0.300	0.334	0.332	0.293	0.273	0.284	0.338	0.332	0.287	0.322	0.365	0.213	0.247	0.311	0.286	2.039	0.440	0.221	0.203	1.000	-16837.250
511	16	500	500	0.5135	0.333	0.294	0.288	0.321	0.305	0.290	0.293	0.267	0.230	0.285	0.298	0.310	0.324	0.347	0.273	0.332	0.263	0.326	0.372	0.280	0.275	0.372	0.327	0.316	0.298	0.279	0.320	0.318	0.342	0.327	2.037	0.643	0.309	0.199	3.470	-16973.841
512	16	500	499	0.5094	0.283	0.259	0.346	0.267	0.283	0.307	0.350	0.258	0.296	0.313	0.274	0.337	0.268	0.246	0.270	0.241	0.230	0.323	0.347	0.338	0.328	0.343	0.314	0.385	0.287	0.308	0.306	0.267	0.302	0.307	1.960	0.616	0.254	0.206	1.662	-16701.718
513	16	500	500	0.5215	0.265	0.294	0.339	0.324	0.316	0.325	0.283	0.323	0.249	0.289	0.290	0.326	0.338	0.329	0.249	0.305	0.355	0.359	0.330	0.331	0.286	0.353	0.291	0.310	0.338	0.321	0.313	0.271	0.374	0.351	1.948	0.537	0.331	0.185	1.312	-17342.650
514	16	500	500	0.5156	0.317	0.244	0.337	0.280	0.268	0.271	0.330	0.313	0.279	0.295	0.336	0.272	0.264	0.319	0.299	0.330	0.264	0.274	0.239	0.301	0.288	0.289	0.303	0.262	0.338	0.361	0.367	0.408	0.277	0.279	2.104	0.596	0.255	0.195	3.989	-16670.087
515	16	500	500	0.5113	0.311	0.333	0.246	0.307	0.316	0.299	0.336	0.345	0.340	0.327	0.359	0.335	0.294	0.357	0.338	0.359	0.313	0.301	0.335	0.293	0.268	0.283	0.362	0.390	0.303	0.283	0.281	0.280	0.334	0.270	2.065	0.594	0.333	0.206	2.744	-17285.993
516	16	500	500	0.5178	0.279	0.255	0.336	0.314	0.309	0.330	0.351	0.266	0.335	0.368	0.312	0.311	0.307	0.306	0.333	0.290	0.297	0.239	0.275	0.262	0.300	0.266	0.267	0.303	0.316	0.294	0.270	0.246	0.230	0.277	2.035	0.534	0.228	0.205	1.000	-16639.186
517	16	500	500	0.5194	0.240	0.368	0.245	0.320	0.310	0.288	0.276	0.315	0.324	0.288	0.313	0.271	0.274	0.275	0.314	0.291	0.341	0.351	0.318	0.321	0.285	0.297	0.320	0.339	0.282	0.285	0.327	0.324	0.294	0.354	2.019	0.594	0.328	0.198	2.495	-17052.720
518	16	500	500	0.5035	0.296	0.210	0.314	0.307	0.317	0.311	0.272	0.319	0.297	0.255	0.290	0.286	0.286	0.295	0.308	0.250	0.306	0.279	0.294	0.268	0.214	0.283	0.290	0.301	0.247	0.265	0.265	0.310	0.249	0.328	2.041	0.596	0.302	0.187	2.957	-16230.150
519	16	500	499	0.5192	0.299	0.264	0.255	0.264	0.266	0.373	0.280	0.265	0.231	0.328	0.273	0.281	0.313	0.255	0.291	0.250	0.422	0.229	0.310	0.307	0.269	0.288	0.294	0.289	0.320	0.297	0.297	0.265	0.270	0.336	2.054	0.567	0.254	0.199	1.464	-16468.664
520	16	500	500	0.5038	0.327	0.299	0.229	0.309	0.275	0.319	0.310	0.317	0.324	0.335	0.307	0.263	0.339	0.237	0.321	0.309	0.248	0.332	0.282	0.294	0.284	0.293	0.294	0.337	0.317	0.296	0.273	0.306	0.253	0.327	2.000	0.604	0.315	0.199	5.031	-16710.028
521	16	500	500	0.5006	0.266	0.323	0.229	0.316	0.252	0.315	0.293	0.316	0.305	0.370	0.334	0.258	0.218	0.280	0.300	0.233	0.301	0.287	0.288	0.281	0.282	0.274	0.310	0.354	0.320	0.289	0.338	0.251	0.277	0.308	2.029	0.580	0.269	0.199	1.537	-16536.639
522	16	500	500	0.5098	0.340	0.202	0.375	0.295	0.305	0.318	0.237	0.280	0.347	0.313	0.349	0.306	0.333	0.320	0.355	0.404	0.240	0.278	0.338	0.286	0.368	0.334	0.303	0.302	0.295	0.296	0.289	0.331	0.301	0.357	1.985	0.557	0.308	0.204	3.540	-17225.780
523	16	500	500	0.5029	0.274	0.249	0.326	0.328	0.306	0.298	0.298	0.280	0.351	0.307	0.341	0.311	0.313	0.289	0.300	0.288	0.268	0.290	0.336	0.321	0.268	0.329	0.287	0.338	0.290	0.311	0.319	0.302	0.343	0.288	1.918	0.603	0.326	0.188	6.982	-16915.269
524	16	500	500	0.5111	0.233	0.351	0.309	0.305	0.296	0.372	0.320	0.315	0.284	0.284	0.377	0.333	0.299	0.342	0.280	0.303	0.343	0.241	0.334	0.364	0.347	0.232	0.271	0.280	0.247	0.359	0.257	0.292	0.310	0.299	1.797	0.548	0.292	0.223	1.962	-17294.147
525	16	500	500	0.5159	0.342	0.316	0.274	0.291	0.313	0.265	0.305	0.317	0.262	0.302	0.318	0.270	0.339	0.334	0.374	0.420	0.353	0.329	0.345	0.303	0.224	0.336	0.278	0.273	0.347	0.315	0.274	0.338	0.315	0.238	1.879	0.622	0.303	0.195	4.863	-17067.249
526	16	500	500	0.5074	0.356	0.365	0.284	0.261	0.335	0.242	0.334	0.267	0.277	0.281	0.302	0.322	0.315	0.348	0.279	0.306	0.266	0.274	0.284	0.288	0.271	0.339	0.342	0.337	0.347	0.310	0.317	0.271	0.318	0.324	1.940	0.625	0.352	0.200	10.512	-17008.123
527	16	500	499	0.5098	0.300	0.280	0.279	0.305	0.325	0.318	0.316	0.282	0.242	0.371	0.361	0.353	0.250	0.270	0.341	0.262	0.360	0.352	0.275	0.290	0.221	0.309	0.299	0.241	0.313	0.311	0.327	0.330	0.300	0.267	1.940	0.578	0.303	0.187	1.761	-16810.424
528	16	500	500	0.5079	0.252	0.273	0.337	0.237	0.324	0.248	0.289	0.289	0.320	0.244	0.225	0.282	0.262	0.345	0.242	0.269	0.280	0.294	0.292	0.263	0.282	0.307	0.280	0.323	0.280	0.252	0.283	0.249	0.366	0.292	1.965	0.612	0.229	0.206	1.127	-16264.482
529	16	500	500	0.5093	0.338	0.388	0.299	0.333	0.315	0.294	0.308	0.296	0.184	0.267	0.336	0.282	0.251	0.329	0.306	0.310	0.255	0.296	0.276	0.304	0.320	0.288	0.345	0.318	0.284	0.379	0.234	0.303	0.326	0.292	1.987	0.608	0.304	0.202	2.749	-16807.979
530	16	500	500	0.5135	0.351	0.222	0.256	0.255	0.311	0.256	0.275	0.279	0.323	0.344	0.319	0.277	0.330	0.271	0.316	0.321	0.269	0.269	0.247	0.286	0.325	0.249	0.288	0.297	0.317	0.278	0.249	0.295	0.351	0.314	1.964	0.623	0.282	0.204	3.092	-16513.152
531	16	500	500	0.5047	0.260	0.366	0.316	0.320	0.308	0.289	0.347	0.255	0.292	0.295	0.324	0.267	0.320	0.307	0.362	0.269	0.310	0.358	0.307	0.227	0.393	0.377	0.255	0.376	0.263	0.326	0.313	0.306	0.298	0.300	2.034	0.480	0.269	0.193	2.175	-17019.902
532	16	500	500	0.5375	0.259	0.413	0.317	0.325	0.305	0.279	0.327	0.273	0.288	0.304	0.258	0.308	0.298	0.404	0.325	0.237	0.268	0.259	0.381	0.292	0.273	0.294	0.296	0.370	0.288	0.308	0.285	0.235	0.248	0.304	2.085	0.575	0.321	0.211	3.505	-16982.204
533	16	500	500	0.5108	0.279	0.270	0.322	0.313	0.290	0.332	0.336	0.318	0.327	0.373	0.304	0.267	0.285	0.334	0.239	0.319	0.297	0.339	0.269	0.342	0.323	0.302	0.264	0.298	0.261	0.284	0.355	0.348	0.322	0.287	1.962	0.571	0.316	0.214	3.167	-17191.817
534	16	500	498	0.5083	0.290	0.316	0.277	0.367	0.291	0.292	0.329	0.266	0.397	0.343	0.289	0.286	0.284	0.310	0.291	0.320	0.323	0.349	0.339	0.303	0.405	0.262	0.269	0.267	0.286	0.318	0.275	0.293	0.292	0.310	2.007	0.593	0.329	0.183	1.384	-16924.267
535	16	500	500	0.5176	0.370	0.288	0.355	0.329	0.253	0.276	0.278	0.293	0.330	0.301	0.333	0.252	0.261	0.286	0.297	0.381	0.304	0.297	0.339	0.316	0.331	0.290	0.318	0.255	0.342	0.281	0.294	0.266	0.261	0.327	1.970	0.595	0.296	0.189	5.502	-16790.181
536	16	500	500	0.5045	0.324	0.264	0.253	0.287	0.237	0.295	0.282	0.278	0.213	0.279	0.262	0.275	0.278	0.332	0.293	0.300	0.369	0.263	0.282	0.342	0.311	0.276	0.250	0.207	0.245	0.283	0.303	0.332	0.243	0.313	1.966	0.589	0.239	0.198	1.598	-16220.576
537	16	500	499	0.5080	0.363	0.335	0.262	0.333	0.250	0.327	0.356	0.303	0.248	0.329	0.300	0.238	0.305	0.288	0.302	0.335	0.297	0.275	0.310	0.302	0.311	0.309	0.277	0.273	0.270	0.394	0.289	0.266	0.318	0.288	1.992	0.620	0.313	0.213	3.591	-16956.089
538	16	500	500	0.5074	0.248	0.237	0.376	0.359	0.269	0.295	0.243	0.277	0.280	0.251	0.273	0.278	0.297	0.310	0.248	0.327	0.307	0.231	0.313	0.283	0.311	0.320	0.274	0.227	0.323	0.292	0.268	0.341	0.310	0.278	2.086	0.604	0.262	0.205	1.457	-16458.387
539	16	500	499	0.4975	0.340	0.275	0.291	0.278	0.311	0.274	0.317	0.270	0.350	0.315	0.285	0.295	0.319	0.271	0.308	0.334	0.304	0.283	0.246	0.308	0.401	0.259	0.323	0.339	0.261	0.264	0.300	0.343	0.223	0.309	1.928	0.640	0.311	0.193	6.784	-16548.943
540	16	500	500	0.5239	0.368	0.272	0.276	0.355	0.256	0.339	0.225	0.331	0.324	0.271	0.286	0.340	0.301	0.282	0.265	0.377	0.319	0.289	0.373	0.341	0.243	0.287	0.338	0.289	0.312	0.316	0.357	0.336	0.304	0.349	2.025	0.566	0.310	0.198	7.103	-17122.490
541	16	500	499	0.5202	0.528	0.244	0.326	0.309	0.304	0.206	0.249	0.329	0.226	0.305	0.331	0.283	0.313	0.314	0.275	0.449	0.212	0.311	0.315	0.310	0.303	0.325	0.334	0.295	0.329	0.306	0.332	0.229	0.300	0.367	2.043	0.648	0.292	0.224	11.532	-16902.904
542	16	500	500	0.5114	0.235	0.283	0.324	0.324	0.291	0.305	0.308	0.292	0.261	0.257	0.296	0.326	0.322	0.283	0.267	0.296	0.340	0.312	0.296	0.254	0.262	0.313	0.340	0.271	0.304	0.290	0.290	0.250	0.321	0.285	2.045	0.655	0.293	0.202	6.481	-16536.387
543	16	500	500	0.4959	0.241	0.214	0.315	0.244	0.282	0.312	0.225	0.333	0.296	0.328	0.287	0.300	0.344	0.239	0.274	0.300	0.286	0.328	0.267	0.313	0.340	0.246	0.319	0.297	0.286	0.249	0.319	0.314	0.311	0.326	1.995	0.610	0.290	0.213	2.023	-16547.251
544	16	500	500	0.5292	0.278	0.280	0.281	0.255	0.326	0.267	0.287	0.314	0.329	0.279	0.249	0.267	0.275	0.268	0.296	0.238	0.312	0.302	0.293	0.325	0.319	0.301	0.311	0.321	0.302	0.322	0.302	0.298	0.281	0.325	1.884	0.612	0.264	0.215	1.574	-16848.004
545	16	500	499	0.5092	0.252	0.320	0.303	0.294	0.298	0.311	0.297	0.267	0.266	0.256	0.301	0.310	0.309	0.306	0.331	0.293	0.283	0.337	0.333	0.326	0.366	0.259	0.307	0.339	0.290	0.254	0.309	0.264	0.302	0.278	1.988	0.504	0.273	0.172	2.978	-16645.978
546	16	500	500	0.5119	6.288	0.333	0.323	0.316	0.307	0.331	0.268	0.295	0.255	0.293	0.350	0.294	0.283	0.325	0.249	6.658	0.406	0.359	0.268	0.299	0.286	0.333	0.320	0.291	0.219	0.336	0.316	0.285	0.329	0.324	1.994	0.659	0.322	0.199	998.994	-16891.932
547	16	500	500	0.5033	0.269	0.370	0.262	0.310	0.318	0.297	0.271	0.334	0.288	0.269	0.251	0.351	0.302	0.322	0.301	0.001	0.367	0.277	0.336	0.324	0.252	0.300	0.284	0.273	0.274	0.283	0.272	0.328	0.296	0.271	1.892	0.567	0.212	0.221	730.052	-16562.523
548	16	500	500	0.5131	0.192	0.350	0.321	0.254	0.294	0.303	0.292	0.308	0.292	0.268	0.311	0.276	0.305	0.285	0.237	0.146	0.468	0.345	0.314	0.316	0.288	0.303	0.296	0.391	0.319	0.340	0.298	0.255	0.321	0.343	2.115	0.460	0.188	0.201	725.682	-16717.418
549	16	500	500	0.5153	0.151	0.335	0.273	0.329	0.330	0.270	0.295	0.310	0.475	0.241	0.288	0.224	0.389	0.275	0.308	0.154	0.408	0.252	0.334	0.285	0.313	0.279	0.365	0.286	0.276	0.292	0.326	0.329	0.321	0.285	1.952	0.429	0.203	0.185	727.015	-16805.426
550	16	500	500	0.5074	0.120	0.307	0.343	0.255	0.267	0.361	0.326	0.283	0.402	0.342	0.254	0.354	0.318	0.357	0.307	0.170	0.392	0.371	0.265	0.247	0.352	0.280	0.272	0.404	0.300	0.277	0.304	0.232	0.323	0.269	1.988	0.410	0.202	0.205	728.329	-16939.887
551	16	500	499	0.5168	0.300	0.266	0.295	0.273	0.234	0.342	0.316	0.273	0.271	0.345	0.306	0.309	0.311	0.293	0.312	0.372	0.309	0.285	0.266	0.385	0.395	0.288	0.338	0.296	0.309	0.341	0.317	0.280	0.334	0.315	2.014	0.615	0.326	0.203	5.077	-17043.160
552	16	500	500	0.5037	10.403	0.266	0.266	0.243	0.279	0.350	0.309	0.285	0.353	0.309	0.387	0.257	0.328	0.307	0.288	10.435	0.347	0.319	0.329	0.252	0.336	0.270	0.311	0.262	0.293	0.326	0.277	0.306	0.309	0.332	2.148	0.604	0.363	0.187	998.994	-16786.047
553	16	500	500	0.5089	0.179	0.391	0.290	0.354	0.331	0.366	0.347	0.268	0.317	0.260	0.292	0.267	0.278	0.315	0.325	0.163	0.343	0.255	0.245	0.290	0.289	0.277	0.285	0.396	0.338	0.306	0.268	0.329	0.271	0.317	1.941	0.394	0.190	0.204	951.237	-16785.361
554	16	500	500	0.5028	0.229	0.386	0.267	0.308	0.329	0.310	0.320	0.280	0.300	0.375	0.246	0.300	0.285	0.334	0.344	0.213	0.351	0.289	0.306	0.291	0.236	0.293	0.303	0.367	0.294	0.284	0.279	0.298	0.275	0.265	2.024	0.544	0.226	0.202	860.924	-16634.750
555	16	500	500	0.5030	0.194	0.374	0.265	0.273	0.352	0.268	0.320	0.300	0.359	0.348	0.272	0.272	0.281	0.329	0.248	0.277	0.284	0.278	0.321	0.307	0.280	0.286	0.340	0.286	0.334	0.292	0.340	0.352	0.277	0.356	2.102	0.502	0.222	0.196	861.475	-16669.091
556	16	500	500	0.5080	0.124	0.179	0.331	0.287	0.305	0.274	0.300	0.303	0.363	0.328	0.308	0.391	0.324	0.284	0.280	0.426	0.261	0.261	0.263	0.303	0.354	0.220	0.315	0.278	0.341	0.318	0.301	0.313	0.298	0.255	1.883	0.610	0.310	0.201	2.673	-16826.480
557	16	500	500	0.5183	0.302	0.276	0.285	0.327	0.289	0.233	0.259	0.297	0.315	0.241	0.263	0.285	0.347	0.249	0.295	0.236	0.306	0.253	0.315	0.260	0.208	0.277	0.333	0.294	0.315	0.353	0.301	0.310	0.277	0.312	1.977	0.556	0.247	0.203	2.373	-16601.828
558	16	500	500	0.5066	0.261	0.272	0.279	0.249	0.298	0.320	0.289	0.301	0.274	0.304	0.281	0.304	0.310	0.241	0.364	0.303	0.345	0.268	0.258	0.304	0.266	0.370	0.301	0.342	0.291	0.251	0.299	0.229	0.349	0.297	1.946	0.442	0.246	0.205	1.000	-16800.925
559	16	500	499	0.5168	0.332	0.321	0.234	0.270	0.312	0.305	0.262	0.281	0.291	0.283	0.317	0.347	0.248	0.265	0.295	0.342	0.279	0.300	0.307	0.278	0.289	0.278	0.299	0.330	0.358	0.291	0.368	0.275	0.246	0.299	1.972	0.540	0.346	0.181	2.118	-16781.345
560	16	500	500	0.5258	0.376	0.223	0.266	0.238	0.290	0.344	0.309	0.392	0.244	0.242	0.315	0.292	0.295	0.255	0.274	0.364	0.268	0.302	0.302	0.309	0.272	0.305	0.263	0.289	0.279	0.310	0.256	0.333	0.262	0.243	1.920	0.649	0.306	0.187	4.442	-16246.097
561	16	500	500	0.5243	0.374	0.344	0.323	0.349	0.279	0.326	0.249	0.281	0.303	0.260	0.323	0.258	0.327	0.277	0.280	0.388	0.300	0.385	0.272	0.335	0.296	0.328	0.252	0.372	0.337	0.248	0.350	0.291	0.277	0.332	2.055	0.607	0.332	0.206	5.394	-16979.161
562	16	500	500	0.5163	0.252	0.351	0.293	0.330	0.288	0.285	0.320	0.273	0.329	0.219	0.300	0.317	0.342	0.271	0.308	0.285	0.347	0.221	0.303	0.292	0.302	0.303	0.286	0.237	0.289	0.318	0.263	0.271	0.272	0.364	1.961	0.593	0.254	0.224	2.030	-16818.727
563	16	500	499	0.5122	0.326	0.293	0.293	0.267	0.361	0.355	0.286	0.322	0.276	0.341	0.341	0.252	0.346	0.321	0.302	0.265	0.335	0.286	0.309	0.266	0.260	0.313	0.300	0.286	0.246	0.284	0.307	0.399	0.297	0.288	1.982	0.532	0.293	0.206	1.289	-17114.666
564	16	500	500	0.5068	0.346	0.288	0.259	0.307	0.316	0.304	0.359	0.303	0.347	0.252	0.364	0.330	0.371	0.352	0.294	0.314	0.375	0.315	0.265	0.303	0.280	0.301	0.272	0.358	0.342	0.321	0.270	0.280	0.320	0.338	2.255	0.573	0.311	0.183	3.514	-17021.863
565	16	500	500	0.5370	0.380	0.289	0.236	0.287	0.291	0.296	0.276	0.292	0.187	0.287	0.301	0.281	0.255	0.269	0.288	0.390	0.251	0.269	0.299	0.336	0.299	0.252	0.268	0.302	0.197	0.359	0.274	0.313	0.322	0.246	1.921	0.687	0.302	0.212	23.888	-16367.557
566	16	500	500	0.4980	0.278	0.313	0.260	0.303	0.311	0.343	0.271	0.279	0.262	0.230	0.335	0.257	0.316	0.316	0.337	0.269	0.333	0.300	0.290	0.272	0.256	0.287	0.258	0.204	0.371	0.292	0.297	0.340	0.258	0.248	2.071	0.600	0.258	0.207	3.772	-16433.623
567	16	500	500	0.5208	0.337	0.312	0.370	0.324	0.299	0.215	0.345	0.269	0.281	0.256	0.293	0.228	0.336	0.284	0.306	0.295	0.305	0.336	0.248	0.326	0.226	0.284	0.225	0.316	0.288	0.316	0.331	0.291	0.269	0.320	1.903	0.635	0.293	0.200	4.199	-16688.501
568	16	500	498	0.5150	0.294	0.336	0.386	0.283	0.315	0.274	0.320	0.376	0.245	0.306	0.322	0.309	0.378	0.310	0.344	0.230	0.324	0.321	0.373	0.236	0.236	0.324	0.331	0.290	0.345	0.289	0.306	0.309	0.321	0.324	1.986	0.571	0.294	0.198	4.134	-17113.712
569	16	500	500	0.5035	0.358	0.333	0.300	0.269	0.334	0.270	0.312	0.296	0.318	0.279	0.269	0.279	0.283	0.290	0.279	0.284	0.365	0.350	0.330	0.354	0.270	0.254	0.265	0.356	0.262	0.280	0.279	0.304	0.303	0.246	2.047	0.621	0.310	0.217	6.246	-16756.684
570	16	500	499	0.5275	0.692	0.340	0.237	0.324	0.345	0.269	0.332	0.348	0.297	0.255	0.344	0.283	0.311	0.290	0.299	0.746	0.274	0.291	0.329	0.301	0.350	0.328	0.302	0.311	0.276	0.302	0.328	0.242	0.333	0.297	2.172	0.640	0.318	0.196	40.551	-16939.670
571	16	500	499	0.4976	0.288	0.290	0.297	0.358	0.306	0.306	0.269	0.349	0.272	0.310	0.342	0.294	0.305	0.343	0.299	0.328	0.322	0.269	0.331	0.317	0.324	0.328	0.300	0.277	0.321	0.294	0.242	0.280	0.330	0.258	2.021	0.593	0.302	0.193	2.986	-16853.205
572	16	500	499	0.5085	0.295	0.299	0.417	0.305	0.300	0.292	0.311	0.263	0.344	0.357	0.363	0.276	0.251	0.260	0.330	0.308	0.353	0.343	0.342	0.329	0.307	0.266	0.296	0.364	0.344	0.273	0.265	0.322	0.290	0.369	1.942	0.622	0.284	0.189	2.757	-16989.069
573	16	500	500	0.5150	0.358	0.325	0.248	0.271	0.352	0.262	0.286	0.316	0.255	0.290	0.284	0.262	0.295	0.396	0.237	0.303	0.365	0.348	0.257	0.339	0.337	0.302	0.326	0.278	0.401	0.248	0.331	0.306	0.259	0.293	1.930	0.627	0.322	0.200	6.046	-16842.733
574	16	500	500	0.5030	0.325	0.288	0.254	0.363	0.276	0.365	0.298	0.314	0.296	0.279	0.299	0.270	0.275	0.312	0.320	0.271	0.284	0.250	0.306	0.241	0.285	0.248	0.376	0.315	0.262	0.338	0.300	0.282	0.298	0.282	2.066	0.593	0.270	0.211	2.114	-16717.750
575	16	500	499	0.5319	0.541	0.234	0.298	0.305	0.322	0.353	0.313	0.265	0.341	0.302	0.267	0.300	0.322	0.300	0.252	0.493	0.330	0.271	0.314	0.322	0.292	0.322	0.344	0.346	0.278	0.293	0.312	0.272	0.334	0.264	1.969	0.635	0.329	0.204	27.071	-16842.216
576	16	500	499	0.5270	0.349	0.318	0.277	0.307	0.287	0.244	0.320	0.277	0.275	0.319	0.279	0.358	0.322	0.270	0.327	0.319	0.247	0.269	0.270	0.366	0.338	0.302	0.316	0.324	0.325	0.319	0.343	0.265	0.317	0.298	1.975	0.610	0.301	0.218	3.532	-17013.637
577	16	500	498	0.5123	0.274	0.300	0.277	0.267	0.282	0.324	0.285	0.270	0.310	0.258	0.312	0.316	0.279	0.287	0.361	0.347	0.239	0.228	0.307	0.254	0.309	0.324	0.278	0.331	0.250	0.300	0.297	0.273	0.245	0.297	2.028	0.626	0.307	0.211	8.498	-16465.694
578	16	500	500	0.5110	0.254	0.293	0.254	0.289	0.279	0.214	0.338	0.308	0.297	0.329	0.318	0.248	0.307	0.317	0.276	0.342	0.290	0.284	0.307	0.399	0.186	0.316	0.326	0.325	0.333	0.286	0.300	0.292	0.305	0.285	2.111	0.598	0.283	0.194	5.371	-16529.065
579	16	500	500	0.5161	0.251	0.311	0.253	0.279	0.266	0.311	0.321	0.298	0.246	0.306	0.318	0.240	0.293	0.302	0.297	0.278	0.273	0.274	0.315	0.295	0.371	0.307	0.267	0.242	0.266	0.343	0.299	0.280	0.326	0.342	1.919	0.396	0.176	0.215	1.361	-16777.847
580	16	500	500	0.5090	0.295	0.275	0.328	0.341	0.305	0.263	0.312	0.289	0.275	0.270	0.337	0.293	0.266	0.265	0.315	0.390	0.251	0.303	0.298	0.341	0.256	0.281	0.324	0.272	0.280	0.284	0.299	0.370	0.331	0.313	2.101	0.645	0.317	0.201	6.677	-16798.132
581	16	500	500	0.5231	0.247	0.286	0.259	0.362	0.275	0.267	0.352	0.281	0.271	0.313	0.312	0.321	0.327	0.281	0.325	0.297	0.274	0.219	0.262	0.262	0.339	0.325	0.290	0.280	0.251	0.266	0.294	0.345	0.251	0.343	1.870	0.599	0.313	0.187	2.544	-16738.230
582	16	500	500	0.5187	0.274	0.362	0.341	0.345	0.334	0.296	0.347	0.341	0.266	0.337	0.302	0.334	0.274	0.271	0.320	0.284	0.308	0.325	0.307	0.323	0.289	0.309	0.288	0.280	0.269	0.319	0.293	0.341	0.286	0.289	1.912	0.569	0.327	0.211	2.478	-17231.675
583	16	500	498	0.5066	0.292	0.258	0.289	0.349	0.304	0.363	0.258	0.300	0.237	0.299	0.301	0.345	0.309	0.307	0.340	0.314	0.269	0.326	0.278	0.291	0.282	0.291	0.286	0.282	0.304	0.274	0.252	0.293	0.276	0.280	1.969	0.548	0.263	0.207	1.298	-16664.690
584	16	500	500	0.5205	0.321	0.307	0.334	0.308	0.307	0.303	0.288	0.339	0.300	0.328	0.289	0.356	0.314	0.295	0.285	0.263	0.357	0.339	0.374	0.327	0.256	0.355	0.268	0.263	0.283	0.280	0.303	0.378	0.279	0.294	1.975	0.549	0.318	0.204	2.169	-17240.680
585	16	500	500	0.5195	0.347	0.256	0.334	0.269	0.287	0.327	0.272	0.312	0.294	0.345	0.318	0.295	0.313	0.283	0.309	0.389	0.285	0.284	0.329	0.287	0.313	0.282	0.268	0.318	0.271	0.289	0.294	0.259	0.283	0.301	2.082	0.650	0.292	0.218	6.317	-16757.556
586	16	500	499	0.5258	0.337	0.384	0.308	0.275	0.283	0.276	0.306	0.269	0.331	0.309	0.269	0.305	0.306	0.342	0.332	0.269	0.247	0.324	0.272	0.329	0.306	0.372	0.298	0.269	0.311	0.315	0.296	0.347	0.316	0.296	2.011	0.619	0.297	0.192	2.743	-16976.496
587	16	500	500	0.4985	0.316	0.303	0.376	0.304	0.305	0.220	0.327	0.263	0.340	0.313	0.270	0.308	0.347	0.307	0.293	0.359	0.362	0.379	0.325	0.266	0.243	0.251	0.318	0.284	0.277	0.307	0.337	0.355	0.366	0.296	1.993	0.580	0.301	0.197	4.539	-16985.863
588	16	500	500	0.5225	0.384	0.287	0.273	0.249	0.331	0.330	0.242	0.309	0.246	0.245	0.322	0.275	0.342	0.297	0.295	0.336	0.318	0.330	0.277	0.326	0.367	0.276	0.352	0.330	0.283	0.293	0.305	0.307	0.327	0.313	2.017	0.661	0.297	0.200	7.026	-16807.908
589	16	500	500	0.5102	0.393	0.291	0.332	0.328	0.342	0.252	0.339	0.349	0.304	0.258	0.305	0.323	0.389	0.326	0.271	0.298	0.342	0.335	0.367	0.314	0.281	0.334	0.305	0.338	0.280	0.285	0.276	0.305	0.293	0.285	1.935	0.532	0.270	0.205	2.055	-17233.763
590	16	500	500	0.5049	0.334	0.305	0.336	0.277	0.297	0.299	0.263	0.315	0.315	0.365	0.294	0.335	0.289	0.307	0.312	0.259	0.304	0.326	0.231	0.350	0.258	0.359	0.260	0.256	0.258	0.310	0.288	0.295	0.259	0.298	2.049	0.600	0.313	0.222	4.587	-16763.515
591	16	500	499	0.5150	0.259	0.284	0.327	0.306	0.334	0.304	0.307	0.302	0.300	0.296	0.324	0.315	0.228	0.326	0.350	0.301	0.363	0.259	0.307	0.266	0.318	0.261	0.334	0.272	0.268	0.320	0.322	0.352	0.276	0.298	1.922	0.577	0.347	0.202	2.355	-17025.248
592	16	500	498	0.5034	0.321	0.331	0.367	0.335	0.284	0.271	0.371	0.356	0.232	0.302	0.276	0.312	0.276	0.298	0.378	0.365	0.255	0.300	0.321	0.297	0.301	0.276	0.300	0.343	0.253	0.293	0.287	0.286	0.306	0.281	2.048	0.625	0.315	0.190	6.269	-16704.795
593	16	500	499	0.5042	0.385	0.309	0.335	0.264	0.309	0.281	0.316	0.363	0.344	0.311	0.294	0.357	0.292	0.311	0.299	0.410	0.369	0.309	0.323	0.298	0.304	0.418	0.264	0.301	0.285	0.304	0.339	0.291	0.338	0.335	2.009	0.593	0.306	0.197	3.051	-17301.598
594	16	500	499	0.5138	0.264	0.266	0.294	0.275	0.322	0.364	0.286	0.281	0.242	0.325	0.342	0.335	0.364	0.314	0.301	0.305	0.235	0.319	0.287	0.334	0.275	0.345	0.314	0.284	0.296	0.312	0.299	0.323	0.262	0.338	1.929	0.656	0.328	0.212	19.719	-16946.689
595	16	500	500	0.5138	0.391	0.321	0.286	0.317	0.250	0.318	0.278	0.345	0.336	0.299	0.296	0.273	0.322	0.305	0.280	0.396	0.259	0.265	0.247	0.319	0.319	0.279	0.264	0.315	0.310	0.291	0.307	0.304	0.280	0.286	2.054	0.640	0.289	0.197	6.863	-16597.019
596	16	500	500	0.5118	0.292	0.347	0.345	0.259	0.325	0.338	0.349	0.327	0.333	0.249	0.299	0.355	0.282	0.314	0.275	0.286	0.328	0.322	0.303	0.329	0.298	0.292	0.302	0.227	0.340	0.219	0.273	0.288	0.243	0.361	1.978	0.545	0.294	0.205	1.259	-16973.033
597	16	500	500	0.5001	0.329	0.317	0.272	0.350	0.369	0.341	0.301	0.282	0.232	0.273	0.288	0.258	0.321	0.322	0.332	0.362	0.326	0.331	0.309	0.298	0.336	0.341	0.299	0.338	0.287	0.291	0.315	0.249	0.320	0.294	2.087	0.577	0.316	0.183	1.985	-16943.860
598	16	500	499	0.5182	0.216	0.324	0.347	0.290	0.311	0.300	0.310	0.311	0.264	0.246	0.341	0.315	0.372	0.314	0.304	0.240	0.244	0.292	0.296	0.304	0.248	0.297	0.324	0.385	0.348	0.264	0.294	0.261	0.278	0.309	1.969	0.603	0.316	0.216	2.683	-16992.924
599	16	500	500	0.5166	0.265	0.298	0.228	0.305	0.298	0.375	0.303	0.281	0.344	0.282	0.289	0.300	0.337	0.299	0.270	0.261	0.296	0.280	0.264	0.283	0.364	0.339	0.289	0.235	0.321	0.334	0.313	0.315	0.346	0.284	2.146	0.579	0.305	0.195	3.766	-16808.939
600	16	500	500	0.5181	0.288	0.235	0.286	0.244	0.343	0.338	0.308	0.268	0.337	0.365	0.365	0.298	0.307	0.306	0.290	0.261	0.274	0.340	0.295	0.286	0.263	0.302	0.333	0.347	0.248	0.236	0.286	0.288	0.310	0.304	2.080	0.619	0.298	0.191	4.140	-16695.380
601	16	500	500	0.5125	0.313	0.354	0.311	0.298	0.292	0.341	0.271	0.343	0.253	0.238	0.275	0.310	0.295	0.279	0.371	0.309	0.243	0.308	0.269	0.273	0.309	0.258	0.269	0.344	0.293	0.272	0.288	0.273	0.288	0.286	2.178	0.612	0.313	0.214	2.579	-16665.889
602	16	500	500	0.5070	0.298	0.231	0.331	0.239	0.327	0.341	0.330	0.292	0.230	0.320	0.275	0.298	0.329	0.309	0.278	0.294	0.209	0.295	0.342	0.300	0.285	0.305	0.289	0.317	0.296	0.305	0.308	0.240	0.268	0.269	1.907	0.587	0.287	0.193	3.203	-16542.409
603	16	500	500	0.5231	0.310	0.310	0.333	0.306	0.262	0.303	0.272	0.286	0.269	0.320	0.297	0.306	0.249	0.243	0.288	0.296	0.317	0.308	0.246	0.314	0.279	0.270	0.300	0.331	0.272	0.296	0.329	0.327	0.258	0.288	2.060	0.541	0.228	0.204	1.892	-16590.742
604	16	500	500	0.5160	0.329	0.288	0.316	0.353	0.305	0.398	0.348	0.337	0.292	0.273	0.267	0.324	0.343	0.292	0.271	0.307	0.229	0.271	0.329	0.316	0.300	0.231	0.268	0.353	0.294	0.292	0.316	0.281	0.309	0.305	2.098	0.579	0.292	0.207	1.799	-16872.831
605	16	500	500	0.5244	0.317	0.327	0.336	0.301	0.296	0.314	0.286	0.310	0.377	0.243	0.308	0.314	0.345	0.281	0.339	0.296	0.283	0.283	0.303	0.278	0.277	0.346	0.345	0.310	0.347	0.268	0.299	0.323	0.304	0.300	2.071	0.566	0.356	0.203	4.417	-17193.349
606	16	500	500	0.5195	0.281	0.276	0.317	0.277	0.294	0.332	0.244	0.321	0.319	0.216	0.288	0.341	0.343	0.309	0.246	0.290	0.327	0.271	0.306	0.298	0.306	0.276	0.271	0.239	0.319	0.282	0.283	0.302	0.347	0.305	1.969	0.526	0.251	0.191	1.928	-16737.701
607	16	500	500	0.5079	0.284	0.384	0.305	0.260	0.351	0.364	0.238	0.278	0.374	0.317	0.295	0.306	0.335	0.265	0.292	0.242	0.356	0.280	0.348	0.363	0.289	0.323	0.337	0.296	0.277	0.265	0.275	0.320	0.242	0.366	2.014	0.586	0.295	0.204	2.397	-16968.473
608	16	500	500	0.5096	0.282	0.334	0.372	0.303	0.299	0.315	0.291	0.287	0.204	0.291	0.339	0.339	0.259	0.252	0.347	0.299	0.299	0.334	0.340	0.294	0.317	0.270	0.291	0.298	0.282	0.307	0.296	0.251	0.319	0.304	2.107	0.593	0.269	0.207	1.432	-16822.774
609	16	500	500	0.5214	0.283	0.411	0.292	0.326	0.312	0.298	0.274	0.272	0.223	0.316	0.262	0.283	0.314	0.331	0.306	0.271	0.357	0.332	0.284	0.341	0.292	0.310	0.295	0.282	0.286	0.319	0.316	0.288	0.303	0.261	2.000	0.541	0.304	0.203	1.164	-16919.906
610	16	500	499	0.5129	0.296	0.304	0.352	0.291	0.372	0.260	0.262	0.257	0.287	0.302	0.279	0.249	0.307	0.267	0.300	0.283	0.307	0.379	0.308	0.284	0.258	0.328	0.257	0.305	0.293	0.297	0.320	0.284	0.355	0.276	2.017	0.525	0.266	0.182	1.292	-16728.591
611	16	500	499	0.5217	0.263	0.319	0.366	0.229	0.303	0.259	0.322	0.315	0.326	0.369	0.295	0.279	0.288	0.318	0.339	0.244	0.314	0.318	0.356	0.280	0.345	0.292	0.284	0.348	0.271	0.327	0.276	0.329	0.343	0.342	2.030	0.479	0.289	0.194	1.581	-17231.826
612	16	500	499	0.5129	0.308	0.293	0.321	0.317	0.269	0.350	0.277	0.370	0.302	0.275	0.333	0.318	0.289	0.318	0.297	0.295	0.306	0.336	0.289	0.283	0.245	0.302	0.314	0.253	0.284	0.249	0.275	0.285	0.280	0.289	1.989	0.555	0.298	0.187	1.756	-16665.185
613	16	500	500	0.4985	0.342	0.283	0.263	0.304	0.276	0.280	0.308	0.266	0.389	0.277	0.291	0.277	0.250	0.302	0.277	0.325	0.384	0.292	0.326	0.311	0.288	0.318	0.283	0.306	0.256	0.293	0.276	0.326	0.264	0.317	2.093	0.647	0.272	0.191	3.938	-16534.914
614	16	500	500	0.5147	0.267	0.233	0.291	0.338	0.290	0.308	0.270	0.325	0.291	0.308	0.262	0.321	0.294	0.337	0.276	0.290	0.292	0.276	0.252	0.335	0.324	0.246	0.350	0.331	0.330	0.264	0.338	0.305	0.298	0.326	1.987	0.510	0.265	0.235	1.582	-17112.693
615	16	500	500	0.5155	0.303	0.312	0.329	0.285	0.263	0.365	0.291	0.255	0.262	0.354	0.251	0.367	0.330	0.298	0.294	0.268	0.288	0.307	0.315	0.270	0.256	0.286	0.292	0.296	0.270	0.282	0.289	0.329	0.317	0.322	1.923	0.607	0.303	0.203	3.517	-16812.999
616	16	500	500	0.5057	0.250	0.331	0.270	0.361	0.294	0.334	0.272	0.298	0.369	0.252	0.385	0.307	0.368	0.314	0.271	0.270	0.313	0.316	0.336	0.274	0.207	0.326	0.283	0.309	0.319	0.317	0.285	0.229	0.318	0.322	1.976	0.498	0.243	0.197	1.000	-16885.476
617	16	500	500	0.5264	0.287	0.305	0.292	0.321	0.298	0.283	0.370	0.295	0.312	0.320	0.316	0.358	0.278	0.315	0.317	0.255	0.284	0.255	0.229	0.325	0.363	0.314	0.244	0.363	0.247	0.316	0.345	0.297	0.376	0.262	2.009	0.558	0.284	0.190	2.651	-16998.134
618	16	500	500	0.5072	0.301	0.254	0.253	0.278	0.319	0.313	0.332	0.337	0.312	0.308	0.273	0.281	0.278	0.291	0.272	0.279	0.321	0.338	0.321	0.317	0.302	0.302	0.320	0.231	0.331	0.323	0.339	0.325	0.323	0.305	2.033	0.580	0.298	0.207	4.324	-16912.329
619	16	500	500	0.5463	0.306	0.340	0.253	0.363	0.234	0.296	0.263	0.325	0.277	0.264	0.325	0.296	0.327	0.366	0.295	0.293	0.271	0.275	0.327	0.291	0.324	0.336	0.291	0.264	0.315	0.306	0.336	0.292	0.296	0.354	2.027	0.632	0.318	0.221	2.131	-17162.048
620	16	500	500	0.5050	0.330	0.285	0.288	0.287	0.280	0.256	0.321	0.271	0.277	0.276	0.307	0.246	0.261	0.244	0.366	0.330	0.254	0.292	0.289	0.253	0.320	0.297	0.354	0.286	0.219	0.320	0.216	0.265	0.237	0.256	1.994	0.632	0.260	0.201	5.162	-16300.446
621	16	500	499	0.5076	0.301	0.275	0.353	0.322	0.349	0.277	0.292	0.325	0.303	0.313	0.304	0.264	0.253	0.285	0.353	0.356	0.294	0.326	0.274	0.247	0.328	0.303	0.370	0.341	0.346	0.380	0.221	0.330	0.281	0.280	2.084	0.539	0.296	0.206	2.398	-17120.692
622	16	500	500	0.5062	0.338	0.290	0.295	0.308	0.290	0.247	0.294	0.290	0.360	0.231	0.243	0.298	0.310	0.308	0.348	0.263	0.239	0.336	0.287	0.320	0.288	0.303	0.275	0.343	0.336	0.265	0.354	0.266	0.283	0.296	1.958	0.601	0.322	0.210	3.525	-16854.479
623	16	500	499	0.5005	0.289	0.295	0.369	0.285	0.290	0.274	0.350	0.323	0.364	0.287	0.316	0.294	0.283	0.299	0.325	0.282	0.233	0.294	0.320	0.327	0.343	0.289	0.267	0.379	0.328	0.315	0.368	0.302	0.318	0.290	1.980	0.567	0.287	0.195	4.282	-16906.184
624	16	500	500	0.5129	0.217	0.278	0.295	0.273	0.231	0.292	0.257	0.336	0.376	0.296	0.280	0.298	0.303	0.262	0.304	0.282	0.319	0.287	0.301	0.303	0.350	0.280	0.321	0.278	0.331	0.279	0.287	0.288	0.248	0.319	1.964	0.586	0.303	0.198	5.165	-16671.776
625	16	500	500	0.5150	0.318	0.289	0.297	0.293	0.321	0.290	0.315	0.304	0.246	0.323	0.332	0.259	0.289	0.330	0.395	0.323	0.271	0.271	0.302	0.275	0.297	0.300	0.354	0.301	0.305	0.299	0.347	0.295	0.319	0.276	1.987	0.587	0.308	0.190	2.892	-16895.775
626	16	500	500	0.5066	0.271	0.347	0.297	0.373	0.265	0.275	0.262	0.360	0.315	0.310	0.279	0.312	0.345	0.327	0.299	0.262	0.348	0.339	0.279	0.340	0.380	0.262	0.302	0.285	0.272	0.340	0.330	0.350	0.339	0.300	1.877	0.566	0.305	0.186	2.374	-17095.936
627	16	500	500	0.4965	0.345	0.278	0.238	0.350	0.284	0.375	0.277	0.334	0.292	0.288	0.333	0.297	0.278	0.289	0.276	0.322	0.310	0.272	0.291	0.358	0.380	0.304	0.286	0.325	0.317	0.309	0.265	0.268	0.305	0.291	1.952	0.549	0.270	0.192	2.893	-16979.299
628	16	500	500	0.5076	0.288	0.353	0.289	0.293	0.281	0.315	0.281	0.293	0.315	0.263	0.325	0.324	0.328	0.290	0.259	0.257	0.257	0.303	0.264	0.306	0.256	0.251	0.352	0.337	0.302	0.308	0.282	0.307	0.259	0.318	2.152	0.441	0.201	0.205	1.597	-16710.643
629	16	500	499	0.5105	0.368	0.281	0.358	0.315	0.320	0.231	0.356	0.378	0.221	0.355	0.305	0.267	0.315	0.330	0.289	0.315	0.331	0.287	0.349	0.285	0.256	0.315	0.248	0.322	0.300	0.351	0.301	0.289	0.366	0.322	1.918	0.624	0.304	0.221	2.950	-17243.716
630	16	500	500	0.5145	0.244	0.303	0.313	0.264	0.244	0.264	0.247	0.319	0.327	0.301	0.352	0.220	0.228	0.306	0.269	0.308	0.333	0.273	0.272	0.254	0.281	0.314	0.278	0.346	0.293	0.246	0.315	0.244	0.295	0.319	1.950	0.440	0.187	0.201	1.756	-16413.615
631	16	500	500	0.5022	0.311	0.360	0.304	0.342	0.324	0.331	0.258	0.335	0.215	0.297	0.285	0.302	0.343	0.315	0.281	0.344	0.262	0.293	0.248	0.342	0.297	0.301	0.251	0.275	0.314	0.293	0.266	0.291	0.297	0.257	2.045	0.585	0.309	0.230	5.180	-16831.336
632	16	500	500	0.5180	0.171	0.343	0.307	0.273	0.331	0.298	0.294	0.277	0.330	0.261	0.303	0.248	0.316	0.282	0.325	0.337	0.302	0.314	0.314	0.289	0.291	0.291	0.274	0.311	0.351	0.309	0.339	0.291	0.305	0.283	1.981	0.552	0.247	0.212	1.000	-16826.129
633	16	500	500	0.5018	0.284	0.238	0.251	0.334	0.337	0.285	0.281	0.332	0.287	0.260	0.281	0.256	0.351	0.300	0.317	0.342	0.407	0.371	0.297	0.250	0.303	0.258	0.315	0.263	0.368	0.274	0.262	0.327	0.322	0.292	1.946	0.620	0.267	0.201	3.262	-16709.887
634	16	500	500	0.5216	0.337	0.291	0.365	0.298	0.281	0.301	0.365	0.308	0.265	0.239	0.303	0.364	0.293	0.240	0.326	0.314	0.257	0.246	0.295	0.295	0.284	0.259	0.282	0.368	0.311	0.362	0.300	0.295	0.302	0.376	2.065	0.605	0.309	0.209	6.695	-16983.734
635	16	500	499	0.5125	0.387	0.301	0.266	0.307	0.279	0.315	0.304	0.303	0.275	0.300	0.221	0.325	0.344	0.265	0.322	0.364	0.311	0.259	0.294	0.302	0.221	0.378	0.286	0.356	0.325	0.326	0.279	0.330	0.307	0.283	2.076	0.666	0.317	0.197	5.324	-16863.194
636	16	500	500	0.5039	0.347	0.410	0.308	0.340	0.324	0.294	0.281	0.251	0.290	0.275	0.272	0.352	0.318	0.331	0.268	0.343	0.469	0.226	0.366	0.280	0.304	0.274	0.292	0.254	0.282	0.301	0.300	0.302	0.331	0.324	2.039	0.631	0.303	0.200	3.838	-16918.855
637	16	500	500	0.5042	0.325	0.229	0.330	0.300	0.281	0.296	0.336	0.251	0.300	0.293	0.320	0.335	0.256	0.239	0.331	0.261	0.283	0.332	0.345	0.267	0.298	0.297	0.321	0.357	0.257	0.235	0.308	0.348	0.304	0.319	1.991	0.664	0.287	0.203	3.313	-16698.856
638	16	500	500	0.5137	0.365	0.301	0.307	0.297	0.313	0.332	0.308	0.309	0.256	0.293	0.270	0.276	0.254	0.309	0.263	0.326	0.226	0.277	0.349	0.224	0.279	0.299	0.293	0.296	0.194	0.298	0.305	0.291	0.296	0.275	1.880	0.673	0.228	0.212	1.710	-16488.895
639	16	500	499	0.5191	0.322	0.231	0.328	0.256	0.300	0.347	0.237	0.335	0.291	0.339	0.286	0.294	0.310	0.340	0.272	0.283	0.337	0.314	0.302	0.247	0.351	0.269	0.340	0.257	0.390	0.269	0.288	0.267	0.263	0.310	2.144	0.528	0.272	0.210	2.277	-16761.971
640	16	500	499	0.4973	0.242	0.338	0.253	0.260	0.361	0.291	0.354	0.351	0.327	0.264	0.267	0.343	0.259	0.273	0.308	0.272	0.256	0.348	0.282	0.319	0.230	0.307	0.316	0.282	0.272	0.286	0.356	0.313	0.307	0.265	2.132	0.571	0.283	0.184	3.531	-16641.234
641	16	500	500	0.5124	0.322	0.374	0.284	0.279	0.334	0.268	0.276	0.287	0.227	0.291	0.342	0.273	0.400	0.246	0.299	0.359	0.331	0.230	0.260	0.292	0.309	0.279	0.267	0.291	0.263	0.276	0.301	0.293	0.312	0.320	1.958	0.645	0.274	0.216	6.038	-16576.300
642	16	500	500	0.5219	0.341	0.330	0.323	0.263	0.361	0.293	0.267	0.284	0.247	0.382	0.315	0.256	0.333	0.290	0.313	0.330	0.243	0.336	0.257	0.326	0.277	0.383	0.314	0.352	0.283	0.331	0.283	0.325	0.305	0.331	2.048	0.594	0.296	0.202	4.076	-16985.140
643	16	500	500	0.5035	0.338	0.314	0.289	0.269	0.301	0.306	0.277	0.365	0.399	0.304	0.335	0.243	0.312	0.307	0.320	0.376	0.329	0.292	0.329	0.294	0.370	0.307	0.290	0.363	0.287	0.310	0.315	0.336	0.324	0.324	2.037	0.601	0.303	0.205	3.718	-17201.014
644	16	500	500	0.4986	0.290	0.301	0.290	0.316	0.320	0.346	0.287	0.288	0.273	0.287	0.278	0.292	0.245	0.331	0.315	0.292	0.321	0.277	0.272	0.277	0.330	0.233	0.333	0.206	0.263	0.245	0.313	0.261	0.318	0.271	2.000	0.626	0.272	0.205	3.378	-16419.465
645	16	500	500	0.5155	0.318	0.259	0.221	0.276	0.294	0.302	0.300	0.263	0.299	0.314	0.302	0.234	0.238	0.234	0.327	0.307	0.334	0.292	0.271	0.264	0.262	0.356	0.270	0.236	0.333	0.310	0.223	0.288	0.269	0.381	2.000	0.622	0.273	0.207	2.564	-16418.960
646	16	500	500	0.5118	0.312	0.349	0.374	0.295	0.311	0.255	0.336	0.251	0.298	0.281	0.295	0.281	0.276	0.266	0.335	0.287	0.246	0.311	0.279	0.282	0.342	0.282	0.276	0.260	0.283	0.239	0.309	0.278	0.268	0.304	1.955	0.606	0.290	0.209	5.385	-16704.301
647	16	500	500	0.5302	0.000	0.285	0.324	0.263	0.353	0.271	0.223	0.342	0.346	0.349	0.321	0.267	0.214	0.303	0.265	0.544	0.334	0.340	0.242	0.372	0.274	0.306	0.275	0.218	0.268	0.270	0.322	0.316	0.326	0.278	2.048	0.660	0.328	0.190	1.681	-16653.969
648	16	500	500	0.5171	0.296	0.229	0.318	0.264	0.279	0.338	0.320	0.255	0.406	0.317	0.338	0.316	0.309	0.250	0.276	0.264	0.319	0.311	0.305	0.267	0.314	0.241	0.342	0.249	0.266	0.255	0.305	0.252	0.331	0.314	1.954	0.624	0.296	0.202	2.924	-16696.084
649	16	500	500	0.5239	0.292	0.298	0.355	0.343	0.302	0.232	0.281	0.317	0.359	0.326	0.290	0.287	0.276	0.286	0.260	0.278	0.213	0.318	0.311	0.310	0.318	0.324	0.304	0.330	0.262	0.359	0.266	0.300	0.305	0.354	1.982	0.563	0.271	0.192	1.957	-16762.041
650	16	500	500	0.5199	0.281	0.322	0.324	0.330	0.293	0.368	0.301	0.300	0.298	0.294	0.265	0.284	0.323	0.266	0.319	0.342	0.292	0.307	0.341	0.296	0.279	0.332	0.306	0.280	0.336	0.305	0.285	0.337	0.313	0.340	1.968	0.599	0.295	0.182	3.866	-16955.598
651	16	500	500	0.5055	0.333	0.260	0.295	0.243	0.344	0.294	0.250	0.291	0.310	0.273	0.263	0.370	0.277	0.250	0.302	0.388	0.348	0.248	0.298	0.271	0.272	0.307	0.293	0.272	0.281	0.274	0.339	0.344	0.258	0.288	1.939	0.660	0.305	0.207	7.296	-16548.849
652	16	500	500	0.5097	0.318	0.329	0.225	0.317	0.243	0.381	0.284	0.328	0.269	0.368	0.321	0.279	0.321	0.241	0.330	0.328	0.323	0.298	0.363	0.271	0.229	0.353	0.308	0.383	0.292	0.280	0.303	0.309	0.333	0.292	1.960	0.645	0.316	0.223	13.560	-17005.742
653	16	500	500	0.5074	0.319	0.346	0.316	0.309	0.290	0.390	0.310	0.324	0.318	0.306	0.288	0.337	0.351	0.315	0.314	0.265	0.278	0.332	0.289	0.330	0.369	0.256	0.338	0.367	0.297	0.301	0.282	0.337	0.302	0.292	1.898	0.565	0.323	0.183	3.014	-17108.100
654	16	500	500	0.5262	0.353	0.301	0.345	0.322	0.283	0.221	0.313	0.298	0.340	0.239	0.306	0.276	0.394	0.316	0.246	0.334	0.287	0.301	0.283	0.268	0.275	0.303	0.315	0.365	0.276	0.294	0.388	0.356	0.260	0.323	1.980	0.598	0.343	0.215	7.242	-17103.325
655	16	500	500	0.5059	0.335	0.288	0.302	0.330	0.331	0.282	0.266	0.317	0.252	0.368	0.301	0.315	0.319	0.355	0.322	0.329	0.352	0.300	0.328	0.290	0.276	0.322	0.333	0.377	0.259	0.305	0.295	0.314	0.337	0.284	2.020	0.543	0.301	0.204	1.565	-17216.297
656	16	500	500	0.5108	0.312	0.248	0.270	0.288	0.316	0.293	0.292	0.229	0.314	0.340	0.271	0.273	0.258	0.296	0.267	0.340	0.369	0.209	0.280	0.265	0.301	0.327	0.300	0.299	0.309	0.248	0.363	0.264	0.312	0.320	1.806	0.672	0.282	0.202	7.220	-16560.911
657	16	500	500	0.5126	0.320	0.352	0.296	0.322	0.300	0.318	0.312	0.270	0.336	0.282	0.256	0.359	0.254	0.288	0.359	0.279	0.291	0.289	0.274	0.339	0.362	0.320	0.281	0.260	0.330	0.354	0.276	0.299	0.276	0.304	2.057	0.616	0.307	0.195	5.177	-16808.811
658	16	500	499	0.5069	0.254	0.234	0.249	0.269	0.271	0.351	0.359	0.242	0.283	0.333	0.271	0.277	0.284	0.262	0.352	0.337	0.242	0.296	0.279	0.325	0.254	0.231	0.282	0.288	0.307	0.329	0.328	0.349	0.310	0.297	2.107	0.609	0.289	0.211	2.913	-16580.786
659	16	500	500	0.5206	0.332	0.342	0.328	0.293	0.359	0.250	0.351	0.320	0.277	0.332	0.313	0.283	0.246	0.316	0.295	0.356	0.315	0.267	0.285	0.288	0.340	0.241	0.324	0.261	0.252	0.304	0.277	0.305	0.270	0.327	2.191	0.639	0.315	0.206	9.508	-16822.515
660	16	500	500	0.5297	0.351	0.416	0.321	0.313	0.260	0.271	0.403	0.291	0.298	0.288	0.310	0.314	0.356	0.375	0.237	0.364	0.287	0.319	0.294	0.307	0.304	0.341	0.290	0.241	0.327	0.277	0.310	0.292	0.312	0.303	2.073	0.597	0.333	0.210	4.090	-17188.602
661	16	500	500	0.5274	0.266	0.270	0.273	0.332	0.268	0.393	0.274	0.268	0.294	0.282	0.288	0.270	0.283	0.279	0.333	0.258	0.301	0.304	0.282	0.345	0.330	0.322	0.270	0.342	0.272	0.304	0.325	0.406	0.214	0.354	2.173	0.587	0.277	0.191	2.590	-16749.108
662	16	500	500	0.5293	0.290	0.235	0.347	0.312	0.316	0.264	0.311	0.340	0.317	0.280	0.356	0.301	0.321	0.283	0.329	0.338	0.242	0.340	0.335	0.339	0.298	0.318	0.295	0.310	0.311	0.324	0.337	0.279	0.313	0.283	1.972	0.627	0.325	0.217	5.115	-17237.805
663	16	500	500	0.5022	0.317	0.297	0.306	0.237	0.301	0.240	0.336	0.307	0.293	0.332	0.271	0.319	0.301	0.306	0.309	0.291	0.240	0.303	0.263	0.277	0.325	0.264	0.286	0.330	0.319	0.282	0.314	0.321	0.251	0.307	2.023	0.618	0.308	0.191	2.638	-16622.242
664	16	500	500	0.5196	0.336	0.386	0.314	0.309	0.242	0.271	0.263	0.359	0.309	0.259	0.295	0.316	0.299	0.277	0.276	0.331	0.301	0.282	0.258	0.373	0.318	0.308	0.285	0.364	0.280	0.280	0.345	0.329	0.256	0.302	2.035	0.576	0.301	0.191	5.822	-16839.028
665	16	500	500	0.5069	0.352	0.357	0.310	0.305	0.315	0.325	0.269	0.344	0.284	0.384	0.284	0.327	0.261	0.263	0.289	0.341	0.265	0.360	0.265	0.266	0.235	0.313	0.264	0.273	0.300	0.291	0.266	0.382	0.277	0.306	2.246	0.603	0.324	0.190	4.371	-16610.260
666	16	500	500	0.4989	0.320	0.256	0.316	0.316	0.330	0.357	0.284	0.272	0.346	0.301	0.296	0.259	0.421	0.292	0.385	0.389	0.339	0.305	0.298	0.334	0.264	0.329	0.353	0.315	0.315	0.291	0.264	0.293	0.329	0.283	1.893	0.584	0.329	0.219	4.734	-17430.018
667	16	500	500	0.5066	0.351	0.283	0.248	0.272	0.323	0.300	0.370	0.293	0.393	0.281	0.278	0.307	0.350	0.251	0.289	0.308	0.334	0.353	0.361	0.301	0.208	0.305	0.303	0.365	0.315	0.337	0.347	0.283	0.279	0.290	1.990	0.638	0.263	0.206	5.914	-16908.863
668	16	500	500	0.5066	0.271	0.298	0.414	0.269	0.251	0.210	0.297	0.293	0.351	0.294	0.292	0.278	0.305	0.269	0.319	0.227	0.288	0.277	0.305	0.300	0.310	0.288	0.263	0.314	0.299	0.273	0.369	0.317	0.326	0.326	1.979	0.535	0.276	0.191	1.660	-16652.804
669	16	500	500	0.5067	0.238	0.252	0.281	0.389	0.315	0.330	0.328	0.316	0.376	0.317	0.260	0.293	0.369	0.290	0.316	0.268	0.327	0.255	0.338	0.348	0.251	0.298	0.340	0.369	0.298	0.249	0.376	0.280	0.260	0.314	1.925	0.503	0.294	0.194	1.275	-17153.833
670	16	500	500	0.5073	0.331	0.267	0.288	0.300	0.333	0.334	0.316	0.212	0.349	0.348	0.286	0.290	0.262	0.345	0.286	0.343	0.292	0.268	0.329	0.312	0.316	0.275	0.277	0.261	0.239	0.242	0.389	0.358	0.324	0.297	1.907	0.641	0.273	0.205	1.000	-16802.456
671	16	500	500	0.5061	0.277	0.307	0.343	0.321	0.310	0.313	0.282	0.351	0.240	0.347	0.286	0.267	0.362	0.313	0.279	0.320	0.291	0.294	0.300	0.309	0.327	0.289	0.314	0.354	0.286	0.307	0.273	0.237	0.285	0.286	2.071	0.664	0.296	0.207	5.358	-16715.036
672	16	500	500	0.5105	0.465	0.272	0.285	0.338	0.305	0.247	0.277	0.308	0.327	0.368	0.310	0.302	0.293	0.359	0.279	0.404	0.257	0.321	0.275	0.353	0.302	0.236	0.354	0.309	0.371	0.298	0.327	0.284	0.301	0.299	2.016	0.614	0.348	0.186	12.002	-16945.795
673	16	500	500	0.5050	0.282	0.274	0.242	0.319	0.344	0.365	0.270	0.289	0.242	0.276	0.263	0.324	0.277	0.318	0.315	0.251	0.228	0.243	0.270	0.361	0.293	0.314	0.337	0.289	0.292	0.286	0.275	0.339	0.310	0.323	1.985	0.586	0.301	0.199	2.926	-16780.191
674	16	500	500	0.5116	0.263	0.341	0.262	0.311	0.261	0.364	0.232	0.325	0.273	0.221	0.324	0.269	0.321	0.316	0.263	0.308	0.336	0.294	0.252	0.253	0.262	0.300	0.365	0.293	0.316	0.272	0.349	0.319	0.288	0.362	1.942	0.580	0.272	0.203	3.019	-16768.786
675	16	500	500	0.5290	0.317	0.216	0.270	0.336	0.310	0.302	0.291	0.325	0.306	0.278	0.390	0.324	0.320	0.315	0.273	0.335	0.253	0.276	0.300	0.339	0.269	0.307	0.291	0.326	0.327	0.274	0.322	0.272	0.299	0.329	1.894	0.610	0.356	0.214	3.398	-17202.400
676	16	500	499	0.5046	0.301	0.334	0.314	0.311	0.320	0.251	0.324	0.277	0.290	0.282	0.306	0.278	0.290	0.354	0.259	0.306	0.285	0.282	0.290	0.275	0.295	0.301	0.275	0.223	0.356	0.275	0.264	0.325	0.286	0.281	1.864	0.643	0.297	0.208	3.502	-16632.399
677	16	500	497	0.5167	8.177	0.381	0.323	0.356	0.292	0.371	0.331	0.306	0.321	0.317	0.326	0.363	0.274	0.354	0.307	8.134	0.269	0.325	0.280	0.378	0.320	0.336	0.362	0.252	0.303	0.285	0.345	0.300	0.288	0.289	1.991	0.627	0.349	0.191	998.996	-17229.354
678	16	500	500	0.5060	0.177	0.389	0.224	0.312	0.336	0.337	0.395	0.274	0.381	0.259	0.289	0.308	0.290	0.315	0.267	0.231	0.409	0.303	0.337	0.307	0.346	0.284	0.282	0.337	0.371	0.337	0.338	0.266	0.326	0.283	1.985	0.498	0.242	0.178	943.228	-16870.909
679	16	500	499	0.5122	0.566	0.332	0.343	0.348	0.346	0.312	0.249	0.340	0.335	0.245	0.302	0.296	0.260	0.385	0.242	0.090	0.268	0.359	0.290	0.324	0.328	0.309	0.303	0.301	0.326	0.330	0.332	0.273	0.298	0.295	2.138	0.574	0.296	0.187	4.849	-17033.748
680	16	500	500	0.5058	0.313	0.334	0.351	0.267	0.336	0.321	0.325	0.261	0.242	0.299	0.206	0.281	0.296	0.307	0.301	0.302	0.390	0.362	0.303	0.291	0.286	0.329	0.291	0.275	0.253	0.408	0.258	0.273	0.296	0.305	2.050	0.633	0.289	0.185	4.068	-16549.033
681	16	500	500	0.4982	0.273	0.299	0.318	0.275	0.319	0.328	0.242	0.350	0.308	0.251	0.321	0.232	0.309	0.367	0.314	0.297	0.350	0.324	0.264	0.280	0.314	0.245	0.284	0.281	0.294	0.350	0.250	0.302	0.284	0.331	1.966	0.539	0.232	0.210	1.821	-16810.080
682	16	500	499	0.5100	0.274	0.295	0.262	0.335	0.307	0.254	0.353	0.268	0.278	0.354	0.379	0.304	0.274	0.304	0.314	0.281	0.298	0.288	0.263	0.387	0.304	0.320	0.310	0.349	0.293	0.319	0.345	0.257	0.264	0.339	1.989	0.477	0.275	0.199	1.000	-17053.541
683	16	500	500	0.5264	0.338	0.370	0.257	0.284	0.273	0.303	0.348	0.291	0.276	0.327	0.282	0.305	0.226	0.311	0.325	0.247	0.318	0.268	0.268	0.310	0.307	0.250	0.259	0.244	0.331	0.294	0.288	0.271	0.324	0.329	2.013	0.565	0.287	0.195	1.783	-16722.392
684	16	500	500	0.5032	0.315	0.277	0.318	0.301	0.351	0.321	0.302	0.352	0.305	0.246	0.310	0.311	0.316	0.303	0.335	0.336	0.340	0.330	0.347	0.261	0.269	0.324	0.275	0.343	0.269	0.279	0.271	0.231	0.303	0.308	1.897	0.595	0.315	0.205	1.743	-17032.347
685	16	500	500	0.5084	0.322	0.316	0.340	0.335	0.254	0.301	0.359	0.330	0.275	0.328	0.275	0.302	0.265	0.317	0.320	0.268	0.344	0.317	0.320	0.303	0.311	0.314	0.285	0.308	0.301	0.260	0.254	0.247	0.319	0.299	2.045	0.578	0.325	0.190	2.851	-16912.083
686	16	500	500	0.5161	0.247	0.334	0.262	0.315	0.318	0.337	0.289	0.281	0.283	0.354	0.295	0.321	0.273	0.273	0.312	0.300	0.358	0.307	0.353	0.234	0.285	0.306	0.314	0.315	0.307	0.325	0.264	0.242	0.351	0.317	1.917	0.615	0.314	0.190	3.276	-16883.893
687	16	500	500	0.5070	0.291	0.284	0.302	0.242	0.311	0.249	0.315	0.317	0.296	0.255	0.352	0.285	0.277	0.268	0.327	0.268	0.278	0.315	0.286	0.296	0.273	0.339	0.300	0.234	0.274	0.289	0.266	0.311	0.315	0.299	2.122	0.494	0.221	0.208	1.000	-16572.106
688	16	500	500	0.5181	0.282	0.279	0.338	0.247	0.290	0.275	0.276	0.342	0.343	0.357	0.299	0.300	0.264	0.316	0.325	0.295	0.330	0.304	0.216	0.353	0.358	0.316	0.285	0.352	0.323	0.298	0.268	0.262	0.351	0.283	2.072	0.552	0.318	0.186	4.983	-16853.665
689	16	500	500	0.5271	0.325	0.319	0.343	0.337	0.320	0.280	0.271	0.268	0.266	0.271	0.303	0.261	0.315	0.323	0.290	0.309	0.275	0.225	0.336	0.282	0.274	0.305	0.310	0.298	0.300	0.290	0.334	0.242	0.270	0.302	2.011	0.631	0.261	0.198	3.322	-16688.126
690	16	500	500	0.5242	0.289	0.292	0.298	0.307	0.272	0.312	0.242	0.301	0.227	0.342	0.292	0.312	0.285	0.313	0.278	0.303	0.285	0.229	0.316	0.311	0.294	0.298	0.283	0.425	0.274	0.241	0.288	0.305	0.296	0.322	1.847	0.597	0.331	0.195	4.354	-16764.086
691	16	500	500	0.5009	0.278	0.381	0.285	0.324	0.289	0.304	0.354	0.279	0.248	0.284	0.303	0.283	0.335	0.348	0.281	0.294	0.287	0.212	0.253	0.290	0.392	0.224	0.326	0.337	0.275	0.294	0.311	0.328	0.255	0.274	1.983	0.604	0.280	0.202	1.563	-16680.286
692	16	500	499	0.5185	0.202	0.307	0.257	0.344	0.309	0.307	0.366	0.306	0.283	0.317	0.282	0.295	0.313	0.275	0.267	0.245	0.341	0.329	0.277	0.300	0.283	0.314	0.316	0.295	0.296	0.228	0.315	0.262	0.321	0.274	2.113	0.562	0.277	0.197	5.275	-16641.305
693	16	500	500	0.5181	8.051	0.237	0.349	0.250	0.295	0.207	0.320	0.280	0.322	0.277	0.272	0.266	0.296	0.247	0.288	8.064	0.370	0.363	0.295	0.334	0.331	0.336	0.323	0.220	0.267	0.256	0.298	0.277	0.281	0.284	2.036	0.679	0.296	0.218	999.000	-16609.465
694	16	500	500	0.4912	0.172	0.356	0.303	0.257	0.303	0.270	0.268	0.316	0.390	0.331	0.318	0.335	0.237	0.331	0.263	0.182	0.414	0.298	0.359	0.283	0.356	0.275	0.288	0.461	0.302	0.288	0.359	0.270	0.269	0.317	1.858	0.486	0.228	0.189	951.146	-16785.743
695	16	500	500	0.4835	0.161	0.306	0.344	0.305	0.305	0.323	0.334	0.316	0.357	0.314	0.292	0.296	0.303	0.358	0.341	0.473	0.272	0.292	0.331	0.308	0.310	0.220	0.354	0.342	0.244	0.373	0.281	0.333	0.365	0.270	2.123	0.542	0.312	0.187	2.451	-17064.070
696	16	500	500	0.5152	0.254	0.278	0.285	0.298	0.354	0.356	0.297	0.266	0.303	0.271	0.266	0.298	0.315	0.301	0.310	0.342	0.345	0.323	0.255	0.333	0.265	0.292	0.283	0.303	0.269	0.262	0.310	0.296	0.341	0.313	2.118	0.654	0.286	0.205	9.276	-16641.007
697	16	500	500	0.5091	0.237	0.284	0.277	0.261	0.253	0.309	0.325	0.320	0.304	0.283	0.272	0.303	0.294	0.366	0.285	0.202	0.303	0.299	0.324	0.253	0.305	0.339	0.311	0.348	0.306	0.297	0.341	0.297	0.288	0.323	1.831	0.558	0.267	0.199	5.006	-16880.087
698	16	500	500	0.5123	0.364	0.334	0.242	0.325	0.273	0.286	0.307	0.287	0.317	0.316	0.325	0.334	0.293	0.361	0.308	0.312	0.262	0.228	0.332	0.268	0.335	0.362	0.313	0.297	0.321	0.348	0.322	0.266	0.332	0.304	1.920	0.647	0.321	0.199	3.692	-17117.624
699	16	500	500	0.5145	0.685	0.283	0.339	0.282	0.293	0.239	0.308	0.265	0.297	0.322	0.276	0.316	0.294	0.301	0.290	0.658	0.281	0.312	0.294	0.291	0.278	0.301	0.308	0.283	0.337	0.349	0.294	0.261	0.276	0.316	2.047	0.678	0.302	0.219	58.319	-16848.891
700	16	500	500	0.5148	0.279	0.313	0.283	0.306	0.301	0.351	0.291	0.328	0.294	0.243	0.293	0.308	0.327	0.237	0.291	0.232	0.342	0.285	0.297	0.312	0.257	0.279	0.312	0.285	0.310	0.297	0.306	0.296	0.258	0.331	1.929	0.555	0.240	0.219	1.691	-16866.383
701	16	500	500	0.5104	0.320	0.310	0.305	0.300	0.326	0.310	0.255	0.260	0.250	0.228	0.281	0.334	0.311	0.365	0.250	0.294	0.317	0.296	0.282	0.330	0.274	0.354	0.262	0.366	0.270	0.316	0.277	0.337	0.292	0.298	1.968	0.585	0.264	0.175	1.613	-16576.509
702	16	500	500	0.5091	0.332	0.317	0.350	0.264	0.264	0.308	0.288	0.276	0.294	0.335	0.363	0.275	0.349	0.301	0.302	0.304	0.307	0.227	0.318	0.280	0.364	0.308	0.277	0.256	0.303	0.300	0.301	0.335	0.278	0.275	1.965	0.608	0.284	0.190	1.988	-16661.207
703	16	500	500	0.5154	0.336	0.284	0.270	0.304	0.221	0.257	0.259	0.326	0.366	0.272	0.294	0.302	0.279	0.342	0.343	0.322	0.260	0.292	0.293	0.303	0.250	0.341	0.246	0.298	0.386	0.355	0.276	0.277	0.305	0.313	2.048	0.627	0.277	0.176	2.735	-16530.751
704	16	500	500	0.5076	0.299	0.250	0.354	0.298	0.379	0.286	0.254	0.292	0.331	0.229	0.315	0.231	0.331	0.340	0.251	0.271	0.326	0.296	0.313	0.345	0.324	0.290	0.306	0.318	0.344	0.307	0.257	0.286	0.232	0.287	1.977	0.621	0.313	0.202	6.824	-16710.336
705	16	500	500	0.5085	0.247	0.314	0.309	0.244	0.260	0.268	0.234	0.327	0.310	0.278	0.270	0.300	0.314	0.293	0.310	0.286	0.248	0.297	0.328	0.348	0.209	0.303	0.295	0.260	0.329	0.364	0.297	0.288	0.343	0.292	1.999	0.545	0.263	0.200	1.525	-16674.659
706	16	500	500	0.5179	0.347	0.286	0.296	0.301	0.309	0.285	0.287	0.343	0.193	0.325	0.294	0.294	0.259	0.289	0.308	0.347	0.372	0.315	0.315	0.278	0.306	0.314	0.261	0.173	0.343	0.332	0.324	0.360	0.342	0.275	1.966	0.593	0.323	0.204	4.330	-16906.038
707	16	500	499	0.5142	0.627	0.248	0.256	0.218	0.347	0.322	0.309	0.343	0.173	0.302	0.324	0.281	0.340	0.270	0.323	0.567	0.339	0.288	0.244	0.311	0.306	0.324	0.272	0.223	0.259	0.325	0.247	0.308	0.221	0.341	1.991	0.642	0.318	0.204	27.998	-16534.013
708	16	500	500	0.5230	0.261	0.274	0.358	0.306	0.374	0.323	0.271	0.271	0.352	0.221	0.293	0.310	0.405	0.315	0.255	0.324	0.292	0.357	0.286	0.359	0.321	0.340	0.360	0.353	0.340	0.321	0.331	0.285	0.292	0.328	2.063	0.646	0.303	0.192	4.674	-17059.915
709	16	500	500	0.5024	0.273	0.228	0.306	0.315	0.297	0.296	0.294	0.225	0.282	0.275	0.353	0.273	0.270	0.300	0.336	0.350	0.260	0.245	0.298	0.308	0.314	0.296	0.302	0.301	0.243	0.329	0.297	0.325	0.280	0.390	2.127	0.560	0.277	0.206	2.021	-16598.921
710	16	500	500	0.5033	0.207	0.309	0.304	0.315	0.250	0.238	0.279	0.344	0.234	0.321	0.292	0.340	0.296	0.288	0.281	0.240	0.344	0.286	0.345	0.251	0.320	0.365	0.251	0.248	0.238	0.315	0.312	0.316	0.298	0.262	1.979	0.643	0.316	0.208	3.021	-16658.036
711	16	500	500	0.5070	0.145	0.223	0.270	0.244	0.345	0.404	0.252	0.245	0.324	0.208	0.268	0.282	0.296	0.296	0.286	0.260	0.299	0.260	0.287	0.277	0.344	0.292	0.335	0.297	0.231	0.309	0.303	0.223	0.283	0.265	2.072	0.403	0.155	0.200	1.000	-16171.343
712	16	500	499	0.5155	0.366	0.333	0.357	0.283	0.287	0.248	0.337	0.338	0.276	0.311	0.331	0.297	0.295	0.344	0.285	0.356	0.307	0.352	0.350	0.265	0.225	0.275	0.252	0.314	0.287	0.261	0.277	0.296	0.334	0.217	2.166	0.668	0.297	0.209	10.293	-16603.586
713	16	500	500	0.5171	0.372	0.244	0.324	0.240	0.339	0.296	0.285	0.293	0.348	0.349	0.312	0.315	0.269	0.349	0.352	0.380	0.333	0.314	0.355	0.252	0.380	0.324	0.301	0.253	0.207	0.320	0.293	0.246	0.349	0.290	2.019	0.626	0.309	0.200	5.276	-17031.503
714	16	500	499	0.5320	0.329	0.354	0.338	0.296	0.305	0.250	0.280	0.302	0.279	0.290	0.334	0.282	0.295	0.311	0.286	0.366	0.307	0.240	0.260	0.344	0.368	0.286	0.327	0.278	0.213	0.334	0.296	0.253	0.358	0.309	1.995	0.616	0.314	0.205	2.065	-16837.059
715	16	500	500	0.5199	0.301	0.320	0.328	0.264	0.326	0.335	0.304	0.337	0.305	0.383	0.276	0.234	0.352	0.287	0.309	0.279	0.362	0.282	0.324	0.323	0.399	0.226	0.334	0.282	0.342	0.344	0.269	0.265	0.309	0.261	2.045	0.571	0.307	0.195	6.397	-17032.222
716	16	500	500	0.5180	10.221	0.350	0.297	0.309	0.361	0.286	0.341	0.293	0.284	0.366	0.273	0.361	0.205	0.305	0.344	10.196	0.204	0.330	0.291	0.295	0.348	0.293	0.246	0.335	0.254	0.291	0.335	0.362	0.337	0.343	1.988	0.612	0.354	0.208	998.992	-17209.665
717	16	500	500	0.5313	0.172	0.376	0.345	0.293	0.291	0.329	0.328	0.316	0.403	0.351	0.316	0.330	0.335	0.285	0.310	0.200	0.364	0.376	0.354	0.241	0.305	0.353	0.291	0.311	0.351	0.289	0.299	0.248	0.313	0.291	2.124	0.433	0.231	0.191	909.227	-17244.540
718	16	500	500	0.5055	0.191	0.372	0.319	0.321	0.304	0.320	0.253	0.307	0.432	0.291	0.288	0.255	0.233	0.298	0.292	0.195	0.356	0.296	0.270	0.253	0.237	0.288	0.242	0.409	0.263	0.321	0.249	0.353	0.280	0.346	2.046	0.503	0.223	0.208	908.729	-16662.391
719	16	500	500	0.5116	0.195	0.316	0.344	0.292	0.273	0.316	0.288	0.326	0.342	0.296	0.261	0.308	0.281	0.259	0.346	0.170	0.392	0.303	0.321	0.264	0.270	0.329	0.265	0.340	0.258	0.293	0.309	0.274	0.309	0.270	2.008	0.370	0.167	0.189	908.599	-16613.524
720	16	500	500	0.5082	0.212	0.425	0.257	0.324	0.336	0.252	0.282	0.355	0.341	0.290	0.280	0.345	0.345	0.245	0.324	0.214	0.447	0.273	0.288	0.310	0.268	0.308	0.341	0.297	0.292	0.290	0.330	0.327	0.338	0.315	1.948	0.449	0.243	0.186	908.417	-17064.581
721	16	500	500	0.5182	0.437	0.332	0.277	0.290	0.322	0.276	0.287	0.320	0.266	0.317	0.363	0.285	0.313	0.306	0.284	0.141	0.288	0.276	0.227	0.299	0.336	0.281	0.305	0.363	0.352	0.231	0.405	0.239	0.261	0.331	2.040	0.613	0.274	0.188	8.315	-16660.305
722	16	500	500	0.5108	0.270	0.277	0.278	0.313	0.276	0.332	0.385	0.280	0.244	0.335	0.359	0.266	0.279	0.310	0.322	0.252	0.239	0.298	0.301	0.299	0.264	0.267	0.350	0.402	0.371	0.266	0.283	0.241	0.291	0.331	1.952	0.593	0.250	0.210	2.773	-16924.091
723	16	500	500	0.5146	0.872	0.325	0.364	0.249	0.307	0.215	0.271	0.241	0.298	0.307	0.280	0.340	0.266	0.296	0.310	0.897	0.233	0.319	0.297	0.292	0.262	0.286	0.321	0.286	0.296	0.252	0.295	0.342	0.320	0.318	2.110	0.642	0.322	0.213	62.490	-16646.709
724	16	500	499	0.5212	0.259	0.280	0.246	0.255	0.299	0.269	0.288	0.282	0.350	0.307	0.268	0.328	0.264	0.296	0.284	0.332	0.280	0.320	0.345	0.301	0.240	0.265	0.390	0.310	0.291	0.292	0.256	0.229	0.295	0.269	2.076	0.671	0.305	0.217	3.208	-16537.445
725	16	500	500	0.5248	0.293	0.294	0.280	0.292	0.280	0.268	0.263	0.347	0.292	0.281	0.249	0.278	0.281	0.297	0.260	0.320	0.351	0.276	0.258	0.330	0.354	0.332	0.296	0.281	0.321	0.291	0.268	0.316	0.248	0.286	2.029	0.578	0.268	0.204	2.514	-16633.998
726	16	500	500	0.5161	0.272	0.328	0.341	0.301	0.306	0.258	0.318	0.319	0.249	0.258	0.298	0.281	0.358	0.292	0.391	0.259	0.256	0.216	0.254	0.324	0.375	0.278	0.252	0.247	0.274	0.319	0.281	0.297	0.331	0.288	1.982	0.572	0.285	0.201	3.411	-16707.685
727	16	500	500	0.5153	0.272	0.367	0.346	0.294	0.286	0.302	0.327	0.260	0.252	0.304	0.321	0.286	0.362	0.318	0.327	0.273	0.253	0.339	0.269	0.344	0.332	0.330	0.316	0.331	0.270	0.336	0.302	0.289	0.285	0.286	1.993	0.500	0.250	0.198	1.419	-17035.937
728	16	500	500	0.5141	0.306	0.318	0.293	0.255	0.278	0.372	0.277	0.307	0.301	0.259	0.267	0.312	0.327	0.284	0.330	0.279	0.311	0.269	0.294	0.323	0.330	0.347	0.296	0.286	0.351	0.331	0.271	0.315	0.312	0.318	1.997	0.598	0.290	0.193	3.183	-16852.081
729	16	500	500	0.5008	0.373	0.360	0.352	0.282	0.311	0.299	0.293	0.293	0.304	0.322	0.269	0.244	0.277	0.259	0.297	0.335	0.283	0.338	0.262	0.313	0.322	0.299	0.319	0.379	0.286	0.308	0.314	0.325	0.233	0.285	2.174	0.622	0.321	0.198	3.418	-16701.653
730	16	500	499	0.5195	0.310	0.288	0.297	0.298	0.280	0.306	0.298	0.294	0.395	0.236	0.325	0.282	0.294	0.280	0.279	0.295	0.316	0.268	0.263	0.351	0.299	0.253	0.332	0.218	0.297	0.313	0.295	0.306	0.295	0.262	2.016	0.658	0.314	0.200	1.376	-16649.773
731	16	500	500	0.5290	0.274	0.374	0.329	0.301	0.309	0.309	0.356	0.285	0.321	0.320	0.274	0.271	0.375	0.273	0.291	0.242	0.313	0.293	0.299	0.293	0.265	0.364	0.230	0.262	0.294	0.285	0.308	0.325	0.314	0.324	2.042	0.533	0.258	0.185	2.347	-16813.189
732	16	500	500	0.5111	0.312	0.277	0.300	0.279	0.283	0.311	0.271	0.360	0.278	0.245	0.293	0.271	0.347	0.276	0.275	0.290	0.308	0.316	0.270	0.314	0.282	0.351	0.241	0.308	0.229	0.307	0.306	0.331	0.307	0.270	1.927	0.593	0.311	0.212	3.009	-16789.425
733	16	500	499	0.4960	0.329	0.262	0.317	0.299	0.319	0.267	0.279	0.328	0.291	0.322	0.314	0.352	0.344	0.245	0.299	0.311	0.366	0.228	0.310	0.305	0.271	0.242	0.299	0.276	0.250	0.327	0.268	0.299	0.396	0.272	2.031	0.581	0.297	0.186	2.238	-16713.075
734	16	500	500	0.5214	0.332	0.311	0.275	0.237	0.409	0.289	0.410	0.273	0.273	0.288	0.349	0.324	0.256	0.325	0.353	0.284	0.255	0.295	0.330	0.298	0.290	0.289	0.314	0.333	0.331	0.353	0.230	0.279	0.340	0.312	2.131	0.586	0.317	0.214	3.351	-17196.379
735	16	500	500	0.5157	0.281	0.313	0.299	0.350	0.267	0.368	0.362	0.327	0.240	0.276	0.319	0.350	0.362	0.269	0.321	0.254	0.227	0.298	0.338	0.285	0.319	0.303	0.221	0.389	0.347	0.302	0.337	0.293	0.275	0.302	2.079	0.551	0.344	0.193	3.557	-17090.290
736	16	500	497	0.5223	0.334	0.241	0.293	0.286	0.308	0.260	0.276	0.286	0.229	0.344	0.289	0.281	0.267	0.282	0.295	0.293	0.330	0.299	0.309	0.300	0.355	0.301	0.320	0.231	0.262	0.308	0.276	0.258	0.327	0.307	2.162	0.603	0.323	0.191	5.721	-16413.688
737	16	500	500	0.5069	0.301	0.336	0.301	0.297	0.287	0.272	0.330	0.296	0.281	0.311	0.300	0.365	0.289	0.285	0.341	0.295	0.326	0.307	0.293	0.289	0.245	0.285	0.264	0.241	0.343	0.300	0.267	0.339	0.250	0.357	1.972	0.496	0.250	0.206	1.370	-16918.909
738	16	500	500	0.5122	0.334	0.324	0.310	0.318	0.330	0.292	0.238	0.317	0.380	0.258	0.279	0.239	0.270	0.279	0.337	0.338	0.259	0.324	0.243	0.291	0.251	0.361	0.283	0.370	0.254	0.277	0.306	0.289	0.287	0.318	2.104	0.600	0.288	0.203	4.215	-16712.288
739	16	500	500	0.4995	0.274	0.327	0.308	0.254	0.283	0.330	0.291	0.273	0.250	0.281	0.249	0.334	0.287	0.310	0.291	0.299	0.365	0.364	0.283	0.317	0.299	0.388	0.289	0.264	0.286	0.285	0.282	0.346	0.276	0.340	1.909	0.606	0.321	0.190	4.361	-16823.719
740	16	500	500	0.5181	0.276	0.348	0.315	0.304	0.313	0.272	0.309	0.313	0.340	0.284	0.218	0.342	0.283	0.330	0.313	0.321	0.300	0.284	0.263	0.327	0.338	0.331	0.280	0.273	0.303	0.285	0.267	0.321	0.317	0.336	2.125	0.598	0.321	0.210	2.475	-16920.892
741	16	500	500	0.5131	0.571	0.364	0.347	0.323	0.264	0.271	0.348	0.243	0.318	0.293	0.316	0.352	0.310	0.301	0.325	0.507	0.295	0.277	0.247	0.354	0.269	0.351	0.286	0.339	0.291	0.352	0.250	0.337	0.262	0.266	1.964	0.601	0.305	0.206	8.613	-17195.163
742	16	500	499	0.5179	0.297	0.286	0.271	0.317	0.245	0.207	0.279	0.395	0.268	0.289	0.287	0.218	0.290	0.306	0.274	0.308	0.279	0.281	0.283	0.280	0.341	0.272	0.306	0.362	0.285	0.299	0.299	0.284	0.261	0.313	2.112	0.599	0.239	0.180	2.674	-16264.332
743	16	500	500	0.5082	0.293	0.341	0.327	0.319	0.328	0.378	0.269	0.288	0.226	0.280	0.293	0.284	0.259	0.319	0.294	0.341	0.304	0.308	0.335	0.313	0.289	0.313	0.203	0.358	0.294	0.294	0.300	0.281	0.258	0.291	1.927	0.576	0.303	0.194	1.807	-16808.899
744	16	500	499	0.5203	0.407	0.371	0.320	0.338	0.258	0.375	0.289	0.237	0.267	0.340	0.342	0.316	0.301	0.286	0.309	0.381	0.305	0.303	0.311	0.316	0.281	0.361	0.354	0.330	0.297	0.277	0.304	0.303	0.315	0.268	2.079	0.600	0.333	0.198	11.877	-17077.838
745	16	500	500	0.5010	0.367	0.258	0.318	0.360	0.332	0.331	0.316	0.299	0.257	0.342	0.244	0.355	0.356	0.307	0.297	0.330	0.336	0.283	0.330	0.316	0.326	0.324	0.357	0.298	0.351	0.230	0.340	0.257	0.293	0.321	2.007	0.540	0.290	0.196	3.485	-17192.090
746	16	500	500	0.5126	0.231	0.248	0.313	0.244	0.320	0.354	0.365	0.308	0.343	0.248	0.286	0.301	0.364	0.368	0.270	0.305	0.358	0.294	0.290	0.311	0.330	0.305	0.246	0.275	0.330	0.367	0.288	0.310	0.283	0.306	1.827	0.538	0.295	0.186	1.000	-16941.967
747	16	500	500	0.5231	0.419	0.370	0.410	0.298	0.295	0.322	0.261	0.326	0.216	0.378	0.316	0.351	0.250	0.341	0.312	0.330	0.297	0.351	0.259	0.314	0.225	0.287	0.336	0.249	0.352	0.286	0.319	0.314	0.289	0.325	2.007	0.567	0.368	0.195	5.840	-17260.651
748	16	500	500	0.5171	0.240	0.291	0.280	0.354	0.379	0.266	0.306	0.296	0.355	0.293	0.308	0.285	0.331	0.238	0.283	0.258	0.294	0.308	0.320	0.270	0.344	0.231	0.318	0.274	0.323	0.283	0.271	0.339	0.292	0.277	2.063	0.607	0.304	0.211	4.642	-16832.762
749	16	500	499	0.5145	0.300	0.291	0.314	0.284	0.309	0.307	0.244	0.351	0.290	0.297	0.280	0.290	0.321	0.304	0.308	0.316	0.244	0.292	0.293	0.347	0.265	0.279	0.298	0.332	0.278	0.395	0.250	0.267	0.246	0.344	1.915	0.602	0.301	0.193	2.213	-16802.063
750	16	500	500	0.5116	0.255	0.265	0.231	0.300	0.291	0.320	0.288	0.359	0.279	0.304	0.341	0.296	0.267	0.269	0.302	0.246	0.286	0.297	0.323	0.293	0.236	0.311	0.293	0.338	0.256	0.309	0.339	0.330	0.351	0.263	2.008	0.623	0.342	0.190	2.993	-16705.675
751	16	500	500	0.5320	0.292	0.311	0.270	0.265	0.281	0.265	0.301	0.265	0.248	0.298	0.306	0.298	0.279	0.429	0.262	0.215	0.287	0.285	0.288	0.276	0.255	0.295	0.241	0.321	0.219	0.307	0.250	0.288	0.259	0.284	2.011	0.579	0.269	0.204	1.715	-16397.344
752	16	500	500	0.5112	0.297	0.245	0.280	0.295	0.307	0.295	0.244	0.331	0.267	0.302	0.267	0.265	0.314	0.353	0.252	0.368	0.249	0.280	0.300	0.306	0.268	0.287	0.317	0.293	0.315	0.279	0.310	0.349	0.287	0.260	1.970	0.563	0.284	0.171	1.616	-16517.515
753	16	500	499	0.4916	0.292	0.287	0.275	0.244	0.343	0.325	0.318	0.361	0.287	0.330	0.316	0.328	0.286	0.271	0.328	0.351	0.350	0.258	0.289	0.297	0.305	0.405	0.290	0.318	0.325	0.274	0.349	0.342	0.312	0.291	1.994	0.587	0.335	0.202	3.720	-17224.620
754	16	500	500	0.5105	0.337	0.258	0.316	0.274	0.297	0.377	0.364	0.214	0.351	0.334	0.331	0.313	0.279	0.287	0.383	0.321	0.265	0.276	0.332	0.366	0.270	0.256	0.343	0.342	0.327	0.231	0.341	0.309	0.323	0.246	2.104	0.565	0.316	0.204	3.487	-17035.023
755	16	500	500	0.5132	0.278	0.309	0.273	0.266	0.290	0.248	0.267	0.268	0.307	0.261	0.292	0.285	0.239	0.343	0.278	0.295	0.369	0.365	0.291	0.278	0.338	0.363	0.281	0.319	0.334	0.293	0.299	0.293	0.310	0.289	2.068	0.619	0.305	0.198	2.729	-16676.910
756	16	500	500	0.5098	0.293	0.248	0.326	0.284	0.361	0.333	0.321	0.222	0.261	0.306	0.274	0.296	0.305	0.288	0.295	0.315	0.288	0.296	0.271	0.315	0.283	0.314	0.318	0.269	0.320	0.299	0.297	0.283	0.276	0.289	2.055	0.602	0.312	0.199	4.642	-16694.248
757	16	500	500	0.5211	0.336	0.247	0.285	0.321	0.318	0.362	0.240	0.331	0.281	0.293	0.278	0.277	0.334	0.333	0.284	0.332	0.293	0.278	0.310	0.273	0.266	0.279	0.344	0.317	0.336	0.329	0.266	0.247	0.262	0.327	1.936	0.640	0.278	0.193	3.562	-16720.452
758	16	500	500	0.5245	0.268	0.293	0.292	0.323	0.315	0.272	0.327	0.301	0.319	0.297	0.245	0.276	0.297	0.299	0.254	0.281	0.247	0.324	0.307	0.289	0.295	0.295	0.363	0.322	0.297	0.330	0.288	0.293	0.293	0.275	2.061	0.619	0.325	0.192	1.388	-16689.030
759	16	500	500	0.5206	0.235	0.203	0.283	0.303	0.307	0.285	0.294	0.274	0.356	0.375	0.328	0.279	0.236	0.278	0.300	0.238	0.364	0.277	0.253	0.302	0.248	0.312	0.286	0.335	0.371	0.296	0.307	0.310	0.309	0.310	1.915	0.525	0.254	0.215	1.931	-16803.636
760	16	500	500	0.5045	0.306	0.387	0.265	0.271	0.313	0.328	0.313	0.270	0.326	0.303	0.248	0.357	0.378	0.297	0.281	0.312	0.219	0.328	0.348	0.335	0.336	0.365	0.310	0.239	0.297	0.321	0.297	0.255	0.303	0.332	2.060	0.580	0.312	0.197	3.687	-16966.161
761	16	500	500	0.5176	0.243	0.323	0.275	0.346	0.253	0.314	0.322	0.318	0.317	0.258	0.274	0.293	0.324	0.343	0.263	0.201	0.318	0.316	0.326	0.299	0.278	0.326	0.299	0.331	0.313	0.329	0.315	0.302	0.354	0.307	2.032	0.516	0.268	0.212	1.966	-17013.207
762	16	500	500	0.5121	0.340	0.318	0.350	0.274	0.320	0.297	0.290	0.353	0.252	0.242	0.240	0.323	0.316	0.384	0.293	0.293	0.381	0.285	0.308	0.319	0.346	0.288	0.336	0.293	0.221	0.320	0.291	0.271	0.321	0.303	1.891	0.586	0.364	0.191	6.324	-16971.603
763	16	500	500	0.5128	0.471	0.251	0.296	0.316	0.346	0.299	0.283	0.304	0.333	0.329	0.313	0.348	0.356	0.282	0.324	0.459	0.354	0.301	0.303	0.342	0.321	0.271	0.303	0.264	0.336	0.371	0.280	0.337	0.334	0.218	1.947	0.608	0.328	0.209	15.858	-17217.081
764	16	500	500	0.5116	0.420	0.354	0.283	0.261	0.370	0.290	0.323	0.331	0.312	0.376	0.331	0.274	0.248	0.318	0.262	0.343	0.270	0.244	0.321	0.270	0.309	0.318	0.304	0.330	0.308	0.266	0.312	0.245	0.343	0.282	1.948	0.614	0.338	0.205	8.610	-16974.061
765	16	500	500	0.5180	0.336	0.232	0.290	0.303	0.304	0.302	0.249	0.284	0.279	0.374	0.285	0.336	0.320	0.238	0.290	0.405	0.345	0.245	0.257	0.290	0.258	0.309	0.283	0.347	0.231	0.303	0.291	0.334	0.308	0.331	2.089	0.628	0.298	0.199	6.365	-16608.344
766	16	500	500	0.5021	0.324	0.311	0.328	0.307	0.334	0.301	0.326	0.344	0.370	0.378	0.299	0.317	0.232	0.316	0.306	0.286	0.372	0.294	0.343	0.275	0.284	0.272	0.285	0.285	0.377	0.313	0.346	0.221	0.328	0.279	2.004	0.477	0.287	0.211	1.662	-17339.964
767	16	500	500	0.5100	0.365	0.276	0.328	0.272	0.306	0.327	0.303	0.359	0.321	0.276	0.313	0.320	0.290	0.330	0.265	0.352	0.294	0.244	0.306	0.367	0.279	0.289	0.335	0.344	0.289	0.306	0.283	0.328	0.349	0.292	1.956	0.566	0.286	0.194	3.169	-17187.902
768	16	500	500	0.5003	0.269	0.332	0.344	0.314	0.316	0.277	0.311	0.291	0.331	0.271	0.288	0.268	0.307	0.328	0.266	0.298	0.318	0.310	0.275	0.308	0.287	0.272	0.307	0.204	0.299	0.242	0.332	0.333	0.325	0.285	1.926	0.581	0.283	0.213	2.090	-16868.211
769	16	500	500	0.5067	0.342	0.279	0.316	0.299	0.335	0.332	0.331	0.261	0.398	0.267	0.329	0.328	0.236	0.328	0.330	0.330	0.267	0.329	0.340	0.318	0.277	0.294	0.330	0.291	0.317	0.307	0.311	0.282	0.299	0.300	2.030	0.608	0.320	0.201	2.002	-17059.270
770	16	500	500	0.5118	0.286	0.270	0.332	0.307	0.278	0.325	0.294	0.358	0.381	0.288	0.296	0.341	0.276	0.286	0.318	0.291	0.396	0.414	0.329	0.319	0.245	0.256	0.273	0.296	0.269	0.281	0.316	0.366	0.289	0.365	2.028	0.596	0.336	0.192	5.254	-17126.394
771	16	500	500	0.5131	0.398	0.394	0.297	0.244	0.249	0.285	0.290	0.326	0.325	0.315	0.286	0.227	0.297	0.268	0.267	0.391	0.340	0.317	0.248	0.327	0.300	0.296	0.308	0.246	0.307	0.287	0.295	0.296	0.332	0.286	2.024	0.645	0.285	0.210	8.325	-16676.063
772	16	500	500	0.5075	0.301	0.320	0.291	0.331	0.313	0.368	0.271	0.315	0.288	0.410	0.239	0.292	0.260	0.360	0.365	0.317	0.230	0.343	0.278	0.252	0.243	0.305	0.327	0.408	0.293	0.296	0.352	0.312	0.314	0.307	1.974	0.527	0.320	0.181	3.550	-17052.790
773	16	500	500	0.4985	0.247	0.311	0.261	0.333	0.265	0.356	0.266	0.299	0.280	0.279	0.260	0.286	0.260	0.322	0.286	0.270	0.431	0.272	0.248	0.278	0.288	0.294	0.308	0.299	0.339	0.284	0.315	0.328	0.335	0.270	2.049	0.600	0.294	0.190	5.496	-16528.786
774	16	500	500	0.5104	0.312	0.298	0.275	0.333	0.295	0.262	0.379	0.243	0.296	0.343	0.330	0.283	0.241	0.289	0.337	0.381	0.272	0.378	0.307	0.290	0.397	0.285	0.274	0.326	0.280	0.282	0.235	0.240	0.278	0.341	2.076	0.634	0.337	0.199	10.004	-16765.046
775	16	500	500	0.5105	0.329	0.266	0.283	0.309	0.325	0.286	0.360	0.341	0.379	0.283	0.267	0.318	0.338	0.327	0.310	0.264	0.237	0.310	0.301	0.321	0.312	0.255	0.347	0.296	0.385	0.261	0.338	0.278	0.272	0.298	2.090	0.553	0.289	0.201	3.091	-16994.196
776	16	500	500	0.4930	0.287	0.305	0.271	0.275	0.281	0.287	0.317	0.286	0.279	0.271	0.281	0.280	0.274	0.281	0.259	0.334	0.363	0.308	0.223	0.320	0.305	0.316	0.279	0.288	0.239	0.305	0.306	0.364	0.288	0.300	2.040	0.669	0.302	0.184	5.191	-16328.611
777	16	500	499	0.4997	0.302	0.290	0.295	0.294	0.316	0.258	0.327	0.267	0.288	0.282	0.273	0.336	0.252	0.311	0.264	0.318	0.268	0.334	0.292	0.259	0.366	0.287	0.271	0.314	0.250	0.314	0.316	0.364	0.348	0.289	2.182	0.571	0.270	0.199	4.113	-16708.794
778	16	500	500	0.5120	0.340	0.272	0.270	0.268	0.298	0.275	0.304	0.333	0.279	0.338	0.355	0.294	0.295	0.291	0.276	0.382	0.268	0.318	0.321	0.350	0.295	0.280	0.298	0.294	0.262	0.299	0.297	0.353	0.284	0.296	1.988	0.634	0.282	0.201	5.796	-16823.310
779	16	500	500	0.5083	0.381	0.329	0.254	0.262	0.275	0.376	0.340	0.254	0.235	0.304	0.289	0.319	0.343	0.326	0.305	0.385	0.244	0.302	0.318	0.301	0.246	0.296	0.377	0.311	0.278	0.387	0.249	0.240	0.286	0.285	1.980	0.559	0.273	0.202	2.236	-16910.517
780	16	500	500	0.5225	0.223	0.296	0.296	0.332	0.282	0.311	0.339	0.283	0.297	0.368	0.340	0.314	0.240	0.302	0.276	0.311	0.312	0.324	0.358	0.309	0.268	0.329	0.252	0.298	0.278	0.345	0.249	0.378	0.238	0.339	2.024	0.556	0.332	0.187	2.945	-16906.757
781	16	500	500	0.5067	0.298	0.336	0.328	0.323	0.248	0.344	0.355	0.270	0.274	0.283	0.248	0.303	0.299	0.281	0.296	0.214	0.343	0.295	0.342	0.319	0.225	0.327	0.292	0.320	0.316	0.320	0.313	0.283	0.279	0.336	1.981	0.572	0.294	0.180	3.543	-16777.440
782	16	500	500	0.5191	0.325	0.278	0.301	0.326	0.283	0.206	0.319	0.328	0.326	0.296	0.355	0.289	0.256	0.252	0.286	0.302	0.349	0.291	0.273	0.283	0.347	0.289	0.267	0.264	0.305	0.361	0.279	0.247	0.271	0.296	1.932	0.468	0.211	0.197	1.000	-16711.368
783	16	500	500	0.5019	0.303	0.279	0.259	0.329	0.380	0.260	0.249	0.301	0.297	0.338	0.329	0.279	0.324	0.305	0.307	0.351	0.330	0.273	0.304	0.309	0.322	0.269	0.317	0.274	0.324	0.311	0.315	0.289	0.329	0.335	2.019	0.584	0.267	0.194	1.371	-16869.757
784	16	500	499	0.4984	0.352	0.306	0.289	0.337	0.264	0.291	0.316	0.313	0.302	0.368	0.264	0.332	0.261	0.297	0.302	0.352	0.203	0.313	0.284	0.317	0.347	0.281	0.316	0.307	0.290	0.266	0.282	0.346	0.271	0.332	1.988	0.599	0.322	0.198	3.207	-16808.217
785	16	500	500	0.5372	0.313	0.308	0.299	0.309	0.327	0.251	0.289	0.310	0.301	0.318	0.304	0.283	0.323	0.353	0.239	0.324	0.384	0.278	0.339	0.329	0.250	0.297	0.299	0.248	0.393	0.292	0.272	0.283	0.312	0.240	1.981	0.673	0.298	0.219	10.220	-16971.433
786	16	500	500	0.5137	0.262	0.327	0.346	0.287	0.343	0.206	0.357	0.304	0.261	0.277	0.305	0.272	0.275	0.358	0.328	0.283	0.359	0.258	0.292	0.277	0.286	0.274	0.326	0.311	0.350	0.298	0.292	0.376	0.353	0.278	2.027	0.614	0.316	0.188	3.609	-16842.725
787	16	500	500	0.5166	0.251	0.338	0.311	0.353	0.269	0.312	0.294	0.308	0.366	0.321	0.286	0.311	0.301	0.345	0.284	0.316	0.228	0.352	0.233	0.303	0.273	0.317	0.270	0.301	0.330	0.288	0.373	0.245	0.325	0.296	2.055	0.587	0.302	0.203	2.072	-16894.736
788	16	500	500	0.5249	0.357	0.320	0.318	0.289	0.299	0.272	0.373	0.267	0.336	0.278	0.276	0.278	0.350	0.258	0.301	0.363	0.346	0.322	0.223	0.293	0.265	0.271	0.335	0.299	0.355	0.257	0.248	0.321	0.308	0.273	1.911	0.591	0.280	0.206	2.513	-16873.399
789	16	500	500	0.5149	0.232	0.319	0.314	0.310	0.322	0.326	0.266	0.358	0.286	0.279	0.280	0.270	0.286	0.303	0.258	0.281	0.389	0.237	0.326	0.257	0.330	0.240	0.292	0.248	0.308	0.241	0.327	0.216	0.286	0.270	1.967	0.643	0.292	0.223	3.263	-16478.396
790	16	500	500	0.5385	0.597	0.297	0.334	0.280	0.290	0.246	0.315	0.231	0.333	0.291	0.285	0.290	0.384	0.297	0.331	0.621	0.342	0.210	0.302	0.382	0.316	0.301	0.306	0.297	0.318	0.298	0.348	0.358	0.260	0.312	1.951	0.578	0.362	0.209	24.977	-17330.603
791	16	500	500	0.5048	0.302	0.304	0.293	0.299	0.321	0.294	0.307	0.291	0.276	0.359	0.261	0.247	0.280	0.285	0.260	0.242	0.322	0.228	0.285	0.262	0.392	0.296	0.314	0.339	0.254	0.326	0.265	0.375	0.298	0.272	1.909	0.478	0.260	0.199	2.007	-16768.203
792	16	500	500	0.5022	0.329	0.280	0.290	0.252	0.292	0.271	0.276	0.300	0.337	0.294	0.347	0.326	0.299	0.300	0.305	0.371	0.342	0.321	0.301	0.299	0.331	0.292	0.339	0.334	0.313	0.322	0.245	0.276	0.254	0.320	2.112	0.539	0.250	0.200	1.768	-16896.592
793	16	500	498	0.5085	0.307	0.328	0.285	0.283	0.260	0.277	0.337	0.262	0.227	0.262	0.290	0.272	0.350	0.277	0.299	0.333	0.259	0.321	0.250	0.267	0.322	0.325	0.259	0.269	0.244	0.311	0.261	0.280	0.242	0.363	1.990	0.551	0.269	0.181	2.404	-16306.595
794	16	500	500	0.5134	0.360	0.343	0.318	0.304	0.261	0.266	0.324	0.326	0.353	0.290	0.298	0.310	0.306	0.323	0.270	0.286	0.229	0.350	0.254	0.318	0.306	0.341	0.388	0.363	0.327	0.312	0.297	0.270	0.293	0.278	1.979	0.588	0.302	0.200	2.870	-16973.901
795	16	500	500	0.5033	0.353	0.275	0.253	0.354	0.277	0.340	0.288	0.315	0.238	0.291	0.291	0.357	0.316	0.284	0.276	0.330	0.294	0.300	0.397	0.318	0.280	0.271	0.332	0.244	0.283	0.288	0.280	0.379	0.292	0.348	1.994	0.607	0.334	0.208	3.428	-17019.782
796	16	500	500	0.5159	0.275	0.264	0.310	0.314	0.284	0.266	0.278	0.324	0.348	0.355	0.311	0.255	0.259	0.331	0.290	0.254	0.245	0.316	0.303	0.300	0.336	0.321	0.304	0.291	0.318	0.282	0.314	0.292	0.305	0.317	1.979	0.537	0.313	0.176	1.265	-16846.888
797	16	500	500	0.5025	0.271	0.348	0.358	0.260	0.275	0.300	0.342	0.302	0.313	0.351	0.294	0.244	0.286	0.283	0.322	0.218	0.289	0.260	0.331	0.336	0.261	0.285	0.305	0.320	0.329	0.373	0.304	0.258	0.317	0.302	2.077	0.594	0.348	0.204	1.735	-16938.477
798	16	500	500	0.5155	0.250	0.340	0.327	0.307	0.307	0.283	0.314	0.299	0.320	0.306	0.313	0.303	0.293	0.347	0.295	0.264	0.311	0.310	0.269	0.300	0.277	0.321	0.300	0.349	0.313	0.349	0.331	0.353	0.290	0.335	2.051	0.627	0.337	0.205	4.520	-17096.616
799	16	500	500	0.5198	0.232	0.330	0.282	0.352	0.278	0.342	0.299	0.331	0.250	0.298	0.260	0.292	0.276	0.254	0.297	0.241	0.271	0.299	0.275	0.230	0.298	0.295	0.303	0.284	0.250	0.351	0.284	0.320	0.273	0.329	2.126	0.612	0.277	0.201	2.059	-16476.022
800	16	500	500	0.5135	0.335	0.284	0.328	0.264	0.348	0.341	0.286	0.330	0.303	0.373	0.252	0.289	0.354	0.322	0.367	0.347	0.244	0.305	0.325	0.294	0.339	0.337	0.344	0.331	0.298	0.294	0.293	0.300	0.327	0.267	2.033	0.577	0.336	0.195	4.502	-17150.039
801	16	500	500	0.4957	0.252	0.238	0.320	0.367	0.280	0.301	0.258	0.244	0.309	0.314	0.320	0.314	0.324	0.320	0.303	0.225	0.297	0.267	0.293	0.297	0.364	0.282	0.297	0.305	0.305	0.312	0.276	0.251	0.326	0.337	1.820	0.544	0.303	0.201	3.155	-16836.455
802	16	500	500	0.5193	0.320	0.289	0.319	0.315	0.324	0.276	0.266	0.320	0.354	0.286	0.281	0.264	0.316	0.302	0.291	0.271	0.326	0.303	0.299	0.286	0.314	0.330	0.251	0.236	0.276	0.313	0.340	0.323	0.281	0.329	1.976	0.633	0.294	0.202	5.508	-16748.222
803	16	500	499	0.5128	0.265	0.249	0.370	0.277	0.252	0.343	0.314	0.220	0.345	0.303	0.296	0.328	0.226	0.337	0.252	0.229	0.343	0.240	0.264	0.298	0.324	0.258	0.306	0.305	0.242	0.329	0.290	0.326	0.269	0.340	1.873	0.527	0.253	0.185	1.197	-16521.718
804	16	500	500	0.5120	0.243	0.337	0.326	0.255	0.296	0.281	0.326	0.326	0.311	0.255	0.290	0.337	0.314	0.293	0.256	0.285	0.263	0.388	0.359	0.307	0.331	0.252	0.290	0.315	0.284	0.284	0.282	0.272	0.288	0.277	2.072	0.519	0.304	0.195	2.013	-16850.829
805	16	500	500	0.5218	0.299	0.354	0.353	0.304	0.324	0.278	0.309	0.289	0.319	0.347	0.303	0.307	0.238	0.231	0.363	0.326	0.352	0.301	0.263	0.322	0.328	0.288	0.299	0.284	0.279	0.295	0.275	0.376	0.324	0.243	2.083	0.584	0.282	0.198	3.419	-16959.089
806	16	500	500	0.5018	0.302	0.306	0.287	0.326	0.291	0.307	0.305	0.324	0.258	0.342	0.294	0.310	0.300	0.255	0.269	0.295	0.389	0.335	0.314	0.336	0.287	0.333	0.236	0.279	0.335	0.237	0.319	0.310	0.334	0.318	2.048	0.639	0.309	0.201	2.628	-16811.266
807	16	500	500	0.5063	0.362	0.333	0.303	0.286	0.267	0.279	0.293	0.324	0.251	0.245	0.286	0.330	0.269	0.258	0.278	0.386	0.351	0.348	0.289	0.298	0.249	0.319	0.353	0.325	0.359	0.281	0.326	0.283	0.265	0.360	2.016	0.604	0.328	0.222	5.670	-17039.969
808	16	500	500	0.5065	0.277	0.326	0.293	0.323	0.283	0.278	0.259	0.327	0.302	0.359	0.286	0.367	0.232	0.285	0.304	0.287	0.286	0.293	0.304	0.327	0.272	0.291	0.290	0.304	0.305	0.340	0.340	0.320	0.280	0.273	2.002	0.588	0.273	0.192	5.337	-16790.371
809	16	500	500	0.5169	0.360	0.340	0.347	0.308	0.301	0.338	0.330	0.252	0.245	0.268	0.338	0.296	0.292	0.252	0.272	0.354	0.333	0.288	0.290	0.239	0.322	0.273	0.257	0.328	0.328	0.309	0.270	0.352	0.322	0.285	2.042	0.619	0.277	0.198	3.688	-16738.645
810	16	500	500	0.5194	0.319	0.275	0.289	0.341	0.257	0.325	0.245	0.333	0.262	0.273	0.232	0.305	0.280	0.308	0.259	0.282	0.308	0.354	0.312	0.305	0.251	0.313	0.251	0.327	0.299	0.354	0.256	0.312	0.320	0.271	1.990	0.617	0.270	0.202	3.770	-16662.032
811	16	500	500	0.5110	0.298	0.243	0.330	0.281	0.332	0.334	0.280	0.276	0.289	0.317	0.308	0.271	0.241	0.282	0.318	0.348	0.394	0.247	0.300	0.342	0.253	0.271	0.264	0.185	0.325	0.321	0.317	0.374	0.309	0.315	2.003	0.638	0.325	0.189	4.071	-16660.026
812	16	500	497	0.5083	0.369	0.291	0.337	0.267	0.290	0.328	0.326	0.298	0.191	0.236	0.350	0.307	0.285	0.300	0.347	0.296	0.285	0.226	0.325	0.290	0.332	0.294	0.270	0.395	0.279	0.282	0.290	0.322	0.266	0.370	1.997	0.571	0.300	0.199	3.418	-16739.864
813	16	500	500	0.5083	0.273	0.296	0.258	0.274	0.330	0.351	0.244	0.326	0.286	0.265	0.346	0.269	0.307	0.328	0.318	0.249	0.236	0.360	0.274	0.308	0.292	0.298	0.317	0.276	0.351	0.309	0.290	0.280	0.331	0.302	2.010	0.592	0.283	0.199	2.151	-16851.837
814	16	500	499	0.5155	0.337	0.273	0.311	0.246	0.301	0.343	0.297	0.341	0.317	0.291	0.295	0.288	0.301	0.365	0.328	0.258	0.252	0.262	0.276	0.371	0.351	0.296	0.331	0.294	0.335	0.304	0.297	0.316	0.285	0.315	2.064	0.512	0.269	0.198	1.764	-17049.273
815	16	500	500	0.5032	0.286	0.314	0.288	0.242	0.335	0.324	0.251	0.344	0.275	0.325	0.288	0.291	0.250	0.301	0.315	0.274	0.223	0.280	0.295	0.352	0.327	0.311	0.339	0.306	0.286	0.294	0.276	0.300	0.305	0.297	1.964	0.512	0.262	0.199	1.000	-16782.668
816	16	500	500	0.5061	0.267	0.269	0.270	0.324	0.262	0.269	0.330	0.344	0.320	0.291	0.256	0.292	0.380	0.282	0.322	0.336	0.293	0.273	0.284	0.328	0.360	0.266	0.325	0.313	0.272	0.292	0.280	0.253	0.293	0.293	2.096	0.640	0.296	0.188	2.434	-16728.804
817	16	500	500	0.5037	0.331	0.337	0.249	0.295	0.309	0.231	0.312	0.300	0.203	0.351	0.294	0.293	0.237	0.357	0.262	0.271	0.254	0.276	0.307	0.331	0.297	0.286	0.313	0.339	0.342	0.295	0.282	0.307	0.318	0.274	1.908	0.619	0.310	0.211	1.806	-16824.297
818	16	500	500	0.5050	0.232	0.303	0.333	0.324	0.309	0.323	0.292	0.309	0.363	0.299	0.323	0.239	0.309	0.287	0.352	0.220	0.284	0.342	0.317	0.321	0.254	0.327	0.306	0.395	0.325	0.274	0.282	0.290	0.259	0.312	1.936	0.601	0.322	0.190	2.672	-16908.382
819	16	500	499	0.5140	12.087	0.288	0.381	0.292	0.317	0.291	0.253	0.308	0.294	0.341	0.338	0.304	0.301	0.289	0.269	12.127	0.273	0.301	0.292	0.305	0.338	0.287	0.259	0.202	0.341	0.258	0.246	0.307	0.289	0.263	1.920	0.679	0.285	0.189	999.000	-16453.256
820	16	500	499	0.5347	0.194	0.301	0.309	0.327	0.247	0.256	0.324	0.282	0.419	0.341	0.261	0.352	0.229	0.334	0.303	0.133	0.451	0.251	0.339	0.271	0.387	0.282	0.284	0.380	0.320	0.291	0.291	0.267	0.285	0.292	1.908	0.436	0.202	0.189	950.097	-16795.334
821	16	500	500	0.5208	0.645	0.228	0.357	0.293	0.312	0.297	0.287	0.333	0.297	0.437	0.299	0.314	0.314	0.292	0.275	0.000	0.215	0.325	0.310	0.304	0.288	0.312	0.327	0.352	0.290	0.308	0.309	0.275	0.345	0.278	1.961	0.622	0.308	0.194	2.663	-16966.336
822	16	500	500	0.5198	0.433	0.302	0.236	0.242	0.295	0.316	0.338	0.338	0.352	0.310	0.335	0.245	0.237	0.317	0.300	0.390	0.331	0.303	0.262	0.307	0.269	0.315	0.304	0.312	0.368	0.352	0.257	0.317	0.279	0.282	2.020	0.631	0.329	0.192	22.425	-16700.838
823	16	500	500	0.5207	0.293	0.281	0.313	0.326	0.290	0.294	0.293	0.355	0.275	0.364	0.266	0.281	0.291	0.321	0.288	0.311	0.318	0.331	0.281	0.262	0.322	0.266	0.316	0.221	0.294	0.337	0.267	0.334	0.326	0.283	1.912	0.544	0.321	0.210	4.335	-17010.268
824	16	500	500	0.5121	0.349	0.261	0.317	0.317	0.257	0.316	0.275	0.321	0.194	0.305	0.354	0.262	0.276	0.281	0.328	0.283	0.230	0.277	0.320	0.315	0.305	0.386	0.274	0.328	0.299	0.337	0.308	0.298	0.327	0.267	1.959	0.530	0.247	0.194	1.730	-16815.329
825	16	500	500	0.5184	0.414	0.232	0.327	0.280	0.204	0.277	0.289	0.261	0.306	0.256	0.289	0.298	0.310	0.268	0.259	0.358	0.346	0.252	0.306	0.322	0.331	0.290	0.251	0.288	0.349	0.336	0.279	0.227	0.323	0.272	1.982	0.605	0.268	0.195	5.949	-16446.209
826	16	500	499	0.5068	0.323	0.299	0.345	0.284	0.291	0.308	0.287	0.331	0.265	0.308	0.312	0.330	0.342	0.332	0.231	0.301	0.282	0.266	0.274	0.302	0.283	0.282	0.279	0.316	0.274	0.300	0.361	0.288	0.292	0.310	2.028	0.598	0.280	0.191	1.151	-16531.696
827	16	500	499	0.5020	0.307	0.287	0.244	0.329	0.307	0.407	0.320	0.320	0.296	0.270	0.260	0.289	0.264	0.278	0.303	0.288	0.315	0.325	0.323	0.255	0.292	0.284	0.327	0.291	0.269	0.309	0.306	0.258	0.323	0.338	2.222	0.585	0.281	0.190	2.647	-16636.703
828	16	500	500	0.5094	0.412	0.303	0.255	0.360	0.355	0.338	0.331	0.324	0.293	0.358	0.320	0.310	0.267	0.321	0.305	0.349	0.326	0.291	0.309	0.281	0.303	0.288	0.300	0.277	0.291	0.234	0.312	0.336	0.318	0.317	1.973	0.567	0.343	0.209	6.562	-17183.653
829	16	500	500	0.5184	0.253	0.309	0.275	0.329	0.283	0.346	0.308	0.329	0.284	0.293	0.328	0.299	0.349	0.294	0.320	0.283	0.288	0.332	0.317	0.257	0.281	0.300	0.296	0.313	0.289	0.314	0.270	0.261	0.350	0.297	2.033	0.571	0.280	0.198	2.791	-16898.028
830	16	500	500	0.5212	0.260	0.321	0.254	0.325	0.254	0.335	0.271	0.316	0.277	0.320	0.271	0.319	0.250	0.283	0.291	0.277	0.329	0.275	0.331	0.342	0.251	0.305	0.353	0.330	0.365	0.265	0.333	0.237	0.338	0.305	2.023	0.567	0.258	0.198	1.000	-16636.414
831	16	500	500	0.5228	0.264	0.309	0.305	0.304	0.229	0.328	0.327	0.274	0.265	0.296	0.269	0.278	0.312	0.277	0.293	0.286	0.251	0.280	0.298	0.295	0.287	0.256	0.260	0.232	0.313	0.287	0.312	0.351	0.290	0.357	1.871	0.650	0.283	0.227	3.450	-16744.570
832	16	500	500	0.5094	0.313	0.312	0.345	0.272	0.305	0.314	0.290	0.298	0.271	0.322	0.271	0.316	0.297	0.280	0.306	0.350	0.347	0.289	0.287	0.308	0.285	0.295	0.245	0.289	0.293	0.344	0.291	0.303	0.413	0.308	2.117	0.630	0.305	0.218	2.497	-17036.393
833	16	500	500	0.5101	0.332	0.342	0.300	0.277	0.314	0.308	0.336	0.260	0.215	0.329	0.300	0.290	0.335	0.411	0.234	0.329	0.339	0.277	0.265	0.353	0.313	0.240	0.369	0.320	0.343	0.313	0.282	0.268	0.277	0.358	1.990	0.614	0.322	0.195	5.334	-16903.512
834	16	500	500	0.5011	0.288	0.274	0.257	0.307	0.273	0.359	0.296	0.277	0.323	0.248	0.253	0.275	0.330	0.240	0.324	0.277	0.277	0.268	0.312	0.245	0.300	0.355	0.269	0.359	0.218	0.322	0.333	0.322	0.267	0.304	1.996	0.518	0.271	0.209	2.238	-16775.097
835	16	500	499	0.5146	0.259	0.278	0.295	0.316	0.336	0.284	0.282	0.341	0.379	0.307	0.317	0.303	0.295	0.344	0.261	0.315	0.370	0.308	0.249	0.370	0.304	0.308	0.318	0.313	0.286	0.303	0.353	0.298	0.229	0.348	2.074	0.517	0.296	0.188	1.900	-17005.506
836	16	500	500	0.5310	0.353	0.309	0.297	0.305	0.303	0.371	0.313	0.305	0.203	0.282	0.221	0.279	0.302	0.299	0.315	0.344	0.282	0.337	0.277	0.316	0.309	0.261	0.338	0.256	0.299	0.342	0.324	0.264	0.301	0.331	2.095	0.548	0.302	0.198	2.953	-16854.651
837	16	500	500	0.5071	0.301	0.310	0.326	0.323	0.290	0.231	0.279	0.320	0.305	0.256	0.370	0.215	0.305	0.312	0.311	0.338	0.260	0.364	0.326	0.274	0.334	0.335	0.276	0.259	0.275	0.258	0.328	0.332	0.325	0.304	2.173	0.532	0.269	0.198	2.148	-16877.662
838	16	500	500	0.5237	0.352	0.280	0.335	0.343	0.342	0.281	0.307	0.316	0.352	0.279	0.316	0.349	0.268	0.333	0.263	0.419	0.327	0.348	0.342	0.259	0.250	0.285	0.301	0.279	0.301	0.294	0.267	0.338	0.370	0.263	2.103	0.633	0.316	0.186	11.030	-16887.750
839	16	500	500	0.5075	4.455	0.395	0.322	0.351	0.290	0.263	0.297	0.360	0.316	0.327	0.295	0.304	0.264	0.290	0.309	4.418	0.288	0.349	0.289	0.363	0.309	0.286	0.336	0.355	0.299	0.279	0.328	0.297	0.320	0.277	2.083	0.602	0.384	0.175	998.999	-17042.789
840	16	500	499	0.5186	0.137	0.367	0.326	0.289	0.280	0.305	0.345	0.304	0.380	0.331	0.299	0.317	0.308	0.278	0.270	0.221	0.347	0.339	0.308	0.292	0.291	0.349	0.306	0.362	0.318	0.318	0.268	0.318	0.300	0.280	1.975	0.492	0.223	0.179	940.471	-16890.020
841	16	500	500	0.5112	0.177	0.329	0.259	0.264	0.318	0.331	0.304	0.287	0.402	0.292	0.333	0.311	0.269	0.257	0.266	0.444	0.265	0.338	0.330	0.325	0.286	0.243	0.251	0.285	0.253	0.289	0.373	0.272	0.315	0.301	1.981	0.609	0.312	0.187	3.549	-16660.168
842	16	500	500	0.5148	0.445	0.267	0.321	0.315	0.308	0.305	0.314	0.289	0.287	0.208	0.275	0.299	0.290	0.308	0.314	0.506	0.314	0.268	0.268	0.332	0.259	0.308	0.283	0.338	0.273	0.226	0.287	0.286	0.229	0.317	2.023	0.657	0.279	0.196	14.735	-16442.247
843	16	500	500	0.5103	0.339	0.294	0.308	0.334	0.267	0.289	0.305	0.301	0.247	0.276	0.326	0.342	0.351	0.262	0.356	0.286	0.267	0.321	0.310	0.302	0.250	0.248	0.340	0.327	0.308	0.334	0.288	0.371	0.288	0.284	2.048	0.551	0.312	0.187	2.524	-16796.389
844	16	500	499	0.5076	0.508	0.277	0.320	0.257	0.335	0.273	0.246	0.325	0.317	0.315	0.345	0.301	0.227	0.333	0.338	0.587	0.299	0.273	0.268	0.259	0.260	0.280	0.304	0.327	0.296	0.298	0.330	0.315	0.228	0.326	2.097	0.610	0.348	0.206	29.577	-16733.819
845	16	500	500	0.5235	0.285	0.272	0.287	0.315	0.266	0.276	0.258	0.360	0.337	0.307	0.392	0.304	0.286	0.332	0.300	0.246	0.264	0.359	0.229	0.307	0.320	0.322	0.295	0.289	0.299	0.327	0.293	0.342	0.297	0.289	1.900	0.460	0.221	0.207	1.267	-17041.928
846	16	500	499	0.4971	0.286	0.224	0.256	0.321	0.306	0.322	0.322	0.281	0.272	0.336	0.353	0.284	0.244	0.337	0.357	0.272	0.365	0.343	0.326	0.315	0.336	0.261	0.309	0.265	0.245	0.277	0.308	0.312	0.306	0.276	1.990	0.509	0.248	0.185	1.642	-16766.609
847	16	500	500	0.5288	0.324	0.312	0.288	0.286	0.231	0.330	0.369	0.300	0.320	0.331	0.319	0.267	0.255	0.365	0.318	0.295	0.323	0.286	0.262	0.338	0.342	0.302	0.341	0.259	0.380	0.338	0.278	0.226	0.257	0.377	1.940	0.482	0.259	0.185	1.123	-16979.968
848	16	500	500	0.5151	0.221	0.357	0.285	0.209	0.346	0.273	0.269	0.300	0.255	0.288	0.293	0.317	0.329	0.256	0.337	0.278	0.376	0.340	0.296	0.299	0.220	0.288	0.369	0.294	0.224	0.301	0.274	0.284	0.316	0.256	2.003	0.528	0.255	0.193	1.531	-16460.748
849	16	500	500	0.5296	0.294	0.372	0.281	0.304	0.306	0.349	0.272	0.343	0.211	0.303	0.340	0.246	0.301	0.309	0.280	0.341	0.254	0.291	0.324	0.259	0.322	0.231	0.300	0.410	0.258	0.314	0.300	0.308	0.254	0.344	1.999	0.557	0.313	0.203	2.702	-16928.027
850	16	500	497	0.5027	0.312	0.365	0.339	0.267	0.292	0.288	0.317	0.295	0.269	0.305	0.333	0.318	0.266	0.291	0.362	0.297	0.366	0.310	0.331	0.258	0.322	0.379	0.337	0.349	0.235	0.314	0.325	0.305	0.292	0.290	2.031	0.634	0.310	0.193	9.672	-16814.038
851	16	500	500	0.5073	0.383	0.306	0.279	0.308	0.269	0.328	0.256	0.342	0.315	0.273	0.333	0.293	0.289	0.356	0.345	0.289	0.348	0.274	0.302	0.317	0.305	0.303	0.330	0.259	0.241	0.279	0.281	0.279	0.339	0.288	1.881	0.670	0.295	0.202	5.076	-16986.745
852	16	500	500	0.5137	0.303	0.343	0.306	0.250	0.290	0.242	0.256	0.297	0.296	0.299	0.264	0.277	0.304	0.323	0.282	0.250	0.347	0.310	0.284	0.258	0.347	0.299	0.320	0.202	0.258	0.272	0.298	0.276	0.333	0.282	2.037	0.596	0.278	0.196	1.825	-16471.878
853	16	500	500	0.5217	0.341	0.304	0.252	0.300	0.238	0.303	0.309	0.284	0.323	0.294	0.317	0.263	0.240	0.271	0.314	0.307	0.296	0.250	0.331	0.258	0.305	0.258	0.382	0.269	0.306	0.250	0.271	0.320	0.286	0.288	2.098	0.606	0.242	0.205	2.178	-16428.670
854	16	500	500	0.5124	0.275	0.262	0.329	0.354	0.270	0.241	0.320	0.261	0.257	0.328	0.326	0.279	0.302	0.296	0.284	0.320	0.167	0.288	0.270	0.365	0.311	0.308	0.296	0.250	0.299	0.278	0.332	0.305	0.374	0.272	1.956	0.551	0.286	0.201	1.000	-16893.196
855	16	500	500	0.5145	0.307	0.285	0.265	0.316	0.315	0.325	0.294	0.323	0.287	0.329	0.301	0.250	0.266	0.291	0.320	0.253	0.341	0.268	0.289	0.254	0.293	0.309	0.290	0.306	0.330	0.247	0.316	0.198	0.269	0.299	2.153	0.636	0.294	0.219	7.132	-16509.524
856	16	500	498	0.5185	0.304	0.384	0.256	0.259	0.297	0.357	0.238	0.268	0.277	0.339	0.250	0.317	0.350	0.312	0.244	0.241	0.299	0.290	0.323	0.296	0.250	0.282	0.240	0.272	0.249	0.284	0.268	0.305	0.301	0.341	2.134	0.452	0.224	0.203	1.752	-16497.585
857	16	500	500	0.5075	0.344	0.275	0.295	0.283	0.262	0.270	0.328	0.278	0.296	0.274	0.309	0.311	0.279	0.330	0.252	0.331	0.323	0.257	0.306	0.279	0.285	0.248	0.286	0.282	0.273	0.273	0.277	0.271	0.309	0.249	1.943	0.649	0.327	0.199	7.342	-16375.410
858	16	500	500	0.5075	0.284	0.303	0.288	0.306	0.272	0.250	0.312	0.279	0.273	0.323	0.361	0.252	0.250	0.312	0.307	0.262	0.312	0.303	0.272	0.267	0.258	0.346	0.277	0.251	0.290	0.326	0.311	0.286	0.292	0.287	1.992	0.655	0.262	0.198	3.138	-16428.718
859	16	500	500	0.5232	0.343	0.383	0.309	0.275	0.295	0.269	0.326	0.285	0.221	0.315	0.296	0.349	0.297	0.324	0.312	0.287	0.265	0.291	0.323	0.301	0.331	0.289	0.316	0.285	0.302	0.349	0.260	0.310	0.357	0.314	2.036	0.610	0.315	0.219	6.107	-17100.353
860	16	500	499	0.5078	0.466	0.295	0.331	0.347	0.220	0.300	0.310	0.287	0.303	0.288	0.356	0.379	0.272	0.320	0.294	0.457	0.308	0.360	0.338	0.238	0.340	0.315	0.304	0.375	0.223	0.373	0.321	0.307	0.350	0.297	2.091	0.588	0.371	0.196	18.067	-17214.633
861	16	500	500	0.5160	0.219	0.390	0.331	0.309	0.303	0.261	0.298	0.282	0.235	0.295	0.285	0.328	0.318	0.307	0.307	0.252	0.298	0.320	0.284	0.327	0.295	0.297	0.318	0.303	0.260	0.215	0.327	0.305	0.269	0.319	1.980	0.636	0.291	0.199	3.213	-16596.688
862	16	500	500	0.5211	0.280	0.313	0.269	0.308	0.304	0.343	0.293	0.365	0.323	0.277	0.363	0.218	0.282	0.319	0.344	0.262	0.348	0.254	0.273	0.278	0.297	0.211	0.314	0.329	0.304	0.332	0.327	0.278	0.296	0.278	1.873	0.643	0.280	0.200	4.371	-16820.210
863	16	500	500	0.5357	0.306	0.294	0.322	0.316	0.301	0.260	0.326	0.309	0.242	0.320	0.319	0.260	0.340	0.308	0.341	0.315	0.268	0.280	0.299	0.334	0.345	0.356	0.316	0.267	0.329	0.365	0.263	0.337	0.261	0.264	2.060	0.573	0.302	0.206	2.650	-17012.107
864	16	500	500	0.5202	0.316	0.341	0.244	0.310	0.231	0.263	0.258	0.296	0.275	0.338	0.288	0.273	0.229	0.318	0.277	0.349	0.284	0.359	0.265	0.237	0.270	0.295	0.300	0.256	0.313	0.327	0.281	0.228	0.338	0.289	1.890	0.624	0.287	0.210	5.580	-16530.283
865	16	500	499	0.5166	0.247	0.306	0.297	0.344	0.349	0.315	0.223	0.287	0.291	0.318	0.295	0.286	0.282	0.327	0.307	0.260	0.308	0.287	0.347	0.282	0.253	0.258	0.303	0.374	0.297	0.288	0.237	0.315	0.311	0.367	1.975	0.523	0.249	0.196	2.339	-16793.722
866	16	500	500	0.5110	0.294	0.364	0.266	0.300	0.330	0.277	0.242	0.327	0.337	0.312	0.270	0.310	0.312	0.280	0.289	0.263	0.367	0.335	0.308	0.327	0.271	0.285	0.302	0.270	0.256	0.273	0.318	0.298	0.317	0.256	1.914	0.607	0.273	0.216	2.595	-16857.550
867	16	500	498	0.5059	0.285	0.307	0.269	0.326	0.274	0.290	0.312	0.268	0.302	0.238	0.298	0.299	0.318	0.287	0.303	0.277	0.283	0.298	0.285	0.271	0.294	0.254	0.306	0.255	0.287	0.248	0.337	0.356	0.251	0.288	2.051	0.554	0.246	0.195	3.450	-16415.712
868	16	500	500	0.5171	0.391	0.360	0.263	0.295	0.282	0.278	0.307	0.335	0.337	0.304	0.335	0.273	0.291	0.313	0.280	0.321	0.280	0.313	0.315	0.303	0.322	0.301	0.292	0.363	0.301	0.297	0.256	0.311	0.298	0.321	1.878	0.593	0.297	0.211	3.323	-17039.998
869	16	500	500	0.5219	0.365	0.286	0.289	0.359	0.297	0.285	0.346	0.287	0.375	0.331	0.286	0.309	0.240	0.333	0.306	0.305	0.338	0.301	0.345	0.317	0.320	0.287	0.306	0.289	0.254	0.312	0.367	0.348	0.288	0.310	2.026	0.636	0.312	0.217	3.155	-17269.959
870	16	500	500	0.5100	0.332	0.240	0.275	0.263	0.278	0.353	0.228	0.298	0.389	0.252	0.291	0.305	0.257	0.329	0.313	0.311	0.277	0.280	0.293	0.228	0.294	0.324	0.319	0.307	0.269	0.277	0.298	0.316	0.291	0.233	1.877	0.620	0.275	0.196	2.847	-16540.094
871	16	500	499	0.5108	0.329	0.357	0.286	0.299	0.304	0.287	0.314	0.308	0.264	0.232	0.283	0.292	0.335	0.323	0.274	0.362	0.252	0.327	0.280	0.311	0.307	0.330	0.324	0.281	0.342	0.274	0.325	0.318	0.317	0.312	1.993	0.637	0.304	0.198	4.803	-16861.504
872	16	500	500	0.5245	0.400	0.322	0.376	0.327	0.322	0.317	0.360	0.302	0.276	0.262	0.307	0.259	0.363	0.330	0.249	0.329	0.343	0.283	0.332	0.327	0.354	0.302	0.302	0.301	0.311	0.328	0.327	0.356	0.366	0.289	2.033	0.556	0.319	0.198	3.998	-17379.692
873	16	500	498	0.5110	0.327	0.336	0.320	0.270	0.366	0.298	0.254	0.269	0.333	0.271	0.286	0.408	0.323	0.322	0.279	0.252	0.233	0.260	0.282	0.331	0.268	0.264	0.253	0.351	0.253	0.310	0.277	0.295	0.355	0.300	2.066	0.618	0.280	0.208	3.115	-16677.941
874	16	500	500	0.5238	0.347	0.326	0.292	0.251	0.226	0.292	0.286	0.300	0.249	0.264	0.281	0.367	0.346	0.325	0.309	0.306	0.324	0.290	0.292	0.317	0.335	0.294	0.279	0.320	0.331	0.348	0.214	0.278	0.296	0.355	2.072	0.665	0.314	0.199	3.654	-16752.656
875	16	500	499	0.5251	0.474	0.258	0.308	0.264	0.294	0.314	0.269	0.290	0.324	0.327	0.303	0.296	0.340	0.323	0.274	0.462	0.336	0.323	0.315	0.259	0.279	0.262	0.360	0.227	0.230	0.283	0.310	0.331	0.330	0.256	1.892	0.653	0.331	0.182	26.407	-16781.362
876	16	500	500	0.5094	0.299	0.305	0.299	0.289	0.259	0.296	0.233	0.341	0.304	0.252	0.333	0.321	0.285	0.307	0.302	0.282	0.279	0.273	0.287	0.291	0.289	0.322	0.261	0.357	0.342	0.315	0.254	0.219	0.305	0.355	2.059	0.660	0.284	0.196	3.285	-16499.030
877	16	500	500	0.5030	0.294	0.202	0.295	0.256	0.309	0.208	0.318	0.246	0.278	0.252	0.279	0.293	0.337	0.337	0.279	0.328	0.340	0.300	0.246	0.320	0.291	0.304	0.301	0.246	0.262	0.283	0.302	0.296	0.292	0.245	1.911	0.673	0.261	0.208	4.312	-16198.633
878	16	500	500	0.5062	0.297	0.296	0.317	0.286	0.250	0.281	0.360	0.287	0.269	0.294	0.301	0.357	0.296	0.282	0.314	0.327	0.289	0.290	0.299	0.290	0.259	0.306	0.326	0.285	0.259	0.291	0.281	0.302	0.326	0.310	2.028	0.494	0.291	0.196	1.000	-16905.050
879	16	500	499	0.5156	0.489	0.286	0.240	0.330	0.277	0.311	0.298	0.291	0.255	0.252	0.314	0.293	0.290	0.277	0.319	0.420	0.277	0.339	0.318	0.315	0.336	0.337	0.297	0.367	0.351	0.273	0.303	0.327	0.307	0.391	2.007	0.616	0.287	0.213	10.856	-17075.106
880	16	500	499	0.4970	0.248	0.306	0.293	0.327	0.339	0.349	0.323	0.271	0.294	0.258	0.336	0.308	0.324	0.239	0.325	0.292	0.280	0.309	0.269	0.311	0.335	0.282	0.289	0.290	0.298	0.288	0.282	0.391	0.278	0.290	2.088	0.497	0.285	0.191	2.045	-16863.928
881	16	500	500	0.5078	0.288	0.282	0.286	0.293	0.349	0.354	0.285	0.348	0.266	0.314	0.285	0.288	0.319	0.262	0.342	0.323	0.301	0.288	0.215	0.333	0.276	0.312	0.351	0.238	0.222	0.249	0.316	0.354	0.255	0.291	1.979	0.640	0.326	0.196	5.889	-16600.644
882	16	500	497	0.5058	0.404	0.278	0.316	0.286	0.280	0.310	0.285	0.380	0.253	0.310	0.300	0.298	0.287	0.292	0.357	0.413	0.337	0.279	0.256	0.330	0.232	0.286	0.324	0.249	0.274	0.341	0.240	0.267	0.331	0.286	2.002	0.628	0.309	0.189	6.629	-16619.764
883	16	500	499	0.5206	0.282	0.274	0.278	0.338	0.316	0.285	0.276	0.317	0.285	0.294	0.324	0.341	0.295	0.317	0.239	0.321	0.329	0.307	0.276	0.323	0.218	0.328	0.292	0.306	0.303	0.336	0.285	0.312	0.274	0.332	2.137	0.538	0.279	0.204	3.702	-16866.252
884	16	500	500	0.5207	0.534	0.285	0.286	0.302	0.258	0.297	0.262	0.276	0.308	0.257	0.261	0.246	0.324	0.285	0.275	0.571	0.272	0.265	0.304	0.281	0.208	0.294	0.269	0.290	0.305	0.247	0.214	0.249	0.279	0.240	2.087	0.696	0.250	0.196	21.851	-15745.478
885	16	500	499	0.5043	0.315	0.316	0.315	0.279	0.386	0.310	0.257	0.321	0.341	0.336	0.275	0.303	0.261	0.284	0.297	0.321	0.288	0.308	0.294	0.331	0.213	0.311	0.336	0.226	0.281	0.270	0.321	0.321	0.296	0.285	1.877	0.658	0.291	0.190	2.482	-16615.867
886	16	500	500	0.4966	0.271	0.314	0.338	0.278	0.355	0.290	0.326	0.326	0.283	0.308	0.282	0.288	0.223	0.318	0.258	0.296	0.286	0.349	0.349	0.270	0.332	0.302	0.325	0.275	0.306	0.302	0.260	0.276	0.333	0.336	2.045	0.535	0.271	0.200	1.000	-16898.881
887	16	500	500	0.5250	8.612	0.294	0.334	0.245	0.328	0.272	0.295	0.335	0.264	0.364	0.315	0.275	0.299	0.270	0.310	8.541	0.240	0.274	0.324	0.258	0.229	0.300	0.237	0.258	0.304	0.302	0.288	0.227	0.273	0.304	1.883	0.651	0.326	0.197	998.990	-16525.135
888	16	500	500	0.5159	0.176	0.398	0.235	0.340	0.281	0.312	0.290	0.322	0.304	0.288	0.286	0.314	0.329	0.274	0.343	0.181	0.430	0.271	0.271	0.284	0.299	0.337	0.291	0.337	0.254	0.290	0.355	0.294	0.306	0.286	2.025	0.459	0.182	0.201	951.092	-16782.804
889	16	500	500	0.5124	0.319	0.311	0.308	0.289	0.276	0.311	0.305	0.285	0.368	0.283	0.345	0.317	0.289	0.311	0.302	0.000	0.366	0.323	0.290	0.285	0.302	0.314	0.336	0.360	0.297	0.299	0.275	0.284	0.282	0.328	1.968	0.466	0.233	0.186	824.008	-16833.041
890	16	500	500	0.5180	0.333	0.309	0.226	0.295	0.294	0.319	0.314	0.269	0.359	0.360	0.287	0.289	0.282	0.288	0.296	0.204	0.260	0.319	0.307	0.292	0.268	0.355	0.276	0.293	0.227	0.288	0.246	0.298	0.329	0.324	1.901	0.648	0.334	0.189	2.661	-16625.111
891	16	500	499	0.5028	0.279	0.302	0.352	0.381	0.272	0.276	0.311	0.303	0.341	0.271	0.343	0.282	0.256	0.271	0.323	0.289	0.275	0.279	0.283	0.301	0.323	0.268	0.353	0.339	0.345	0.302	0.267	0.302	0.324	0.262	2.089	0.561	0.305	0.208	2.856	-16951.953
892	16	500	499	0.5208	7.890	0.318	0.288	0.288	0.295	0.373	0.303	0.292	0.311	0.300	0.344	0.262	0.335	0.341	0.300	7.922	0.292	0.323	0.311	0.366	0.342	0.286	0.264	0.345	0.283	0.329	0.296	0.270	0.298	0.274	2.030	0.634	0.339	0.203	998.998	-16952.783
893	16	500	500	0.5212	13.246	0.261	0.314	0.240	0.281	0.319	0.334	0.285	0.282	0.346	0.307	0.296	0.379	0.359	0.338	13.216	0.279	0.284	0.315	0.287	0.300	0.262	0.267	0.275	0.298	0.326	0.349	0.280	0.287	0.317	1.987	0.639	0.315	0.219	998.995	-17027.556
894	16	500	500	0.5225	0.204	0.409	0.338	0.310	0.270	0.365	0.261	0.330	0.436	0.273	0.286	0.305	0.271	0.348	0.307	0.227	0.333	0.267	0.283	0.279	0.308	0.246	0.274	0.368	0.332	0.261	0.362	0.316	0.322	0.293	1.915	0.433	0.234	0.189	910.998	-16967.343
895	16	500	500	0.5021	0.386	0.266	0.363	0.308	0.275	0.367	0.302	0.311	0.282	0.271	0.268	0.287	0.268	0.303	0.312	0.450	0.358	0.316	0.315	0.289	0.287	0.329	0.302	0.259	0.337	0.285	0.265	0.310	0.310	0.303	1.963	0.618	0.309	0.210	11.388	-17059.137
896	16	500	499	0.4982	0.347	0.308	0.323	0.281	0.247	0.331	0.338	0.302	0.265	0.281	0.313	0.260	0.289	0.261	0.289	0.278	0.295	0.272	0.232	0.309	0.355	0.255	0.286	0.335	0.313	0.290	0.276	0.271	0.287	0.253	2.003	0.654	0.291	0.217	5.823	-16513.052
897	16	500	500	0.5149	0.286	0.395	0.270	0.235	0.317	0.302	0.332	0.339	0.273	0.308	0.270	0.301	0.275	0.321	0.275	0.258	0.370	0.327	0.270	0.295	0.285	0.293	0.308	0.314	0.345	0.280	0.283	0.247	0.347	0.275	1.965	0.548	0.256	0.192	1.653	-16797.404
898	16	500	500	0.5160	0.309	0.314	0.272	0.332	0.283	0.389	0.344	0.320	0.321	0.236	0.333	0.308	0.381	0.318	0.281	0.346	0.257	0.307	0.287	0.261	0.347	0.301	0.298	0.374	0.334	0.243	0.401	0.341	0.301	0.292	2.059	0.592	0.328	0.193	2.423	-17190.212
899	16	500	500	0.5119	0.257	0.254	0.315	0.275	0.261	0.301	0.295	0.269	0.295	0.301	0.306	0.254	0.290	0.275	0.266	0.247	0.301	0.272	0.270	0.368	0.343	0.260	0.302	0.296	0.299	0.280	0.245	0.366	0.284	0.286	1.948	0.559	0.261	0.194	3.285	-16440.602
900	16	500	500	0.5082	0.308	0.359	0.305	0.262	0.294	0.257	0.335	0.280	0.309	0.296	0.302	0.258	0.341	0.343	0.245	0.234	0.310	0.300	0.343	0.311	0.301	0.332	0.273	0.324	0.292	0.284	0.317	0.341	0.262	0.343	2.090	0.609	0.298	0.200	2.022	-16803.443
901	16	500	500	0.4932	0.272	0.286	0.283	0.347	0.326	0.305	0.286	0.312	0.262	0.317	0.378	0.355	0.344	0.239	0.273	0.299	0.334	0.260	0.331	0.256	0.246	0.314	0.313	0.233	0.327	0.284	0.311	0.299	0.269	0.304	2.011	0.604	0.308	0.194	1.973	-16754.356
902	16	500	500	0.5162	0.249	0.289	0.312	0.303	0.348	0.325	0.343	0.293	0.275	0.371	0.283	0.312	0.292	0.329	0.292	0.260	0.308	0.336	0.288	0.268	0.258	0.288	0.264	0.302	0.283	0.262	0.289	0.311	0.292	0.315	2.068	0.564	0.284	0.207	2.335	-16776.767
903	16	500	500	0.5022	0.194	0.265	0.305	0.278	0.302	0.346	0.315	0.292	0.319	0.249	0.251	0.315	0.294	0.340	0.307	0.263	0.268	0.297	0.271	0.316	0.341	0.286	0.317	0.299	0.222	0.297	0.250	0.303	0.302	0.288	2.044	0.515	0.237	0.193	1.497	-16513.792
904	16	500	500	0.5001	0.301	0.265	0.353	0.316	0.271	0.253	0.323	0.275	0.293	0.352	0.304	0.267	0.305	0.339	0.275	0.295	0.294	0.294	0.326	0.387	0.265	0.366	0.211	0.380	0.364	0.284	0.269	0.272	0.326	0.307	1.995	0.545	0.264	0.201	1.898	-16985.543
905	16	500	500	0.5131	0.330	0.300	0.313	0.306	0.255	0.242	0.299	0.270	0.360	0.235	0.340	0.269	0.272	0.296	0.316	0.362	0.246	0.318	0.272	0.274	0.352	0.288	0.284	0.384	0.272	0.299	0.305	0.231	0.284	0.323	2.173	0.604	0.281	0.196	5.821	-16497.209
906	16	500	500	0.5141	0.276	0.274	0.289	0.287	0.333	0.287	0.214	0.312	0.301	0.249	0.271	0.276	0.324	0.286	0.338	0.356	0.265	0.387	0.361	0.261	0.360	0.304	0.271	0.344	0.272	0.265	0.369	0.280	0.353	0.265	2.040	0.597	0.310	0.203	3.998	-16881.700
907	16	500	500	0.5192	0.306	0.380	0.273	0.288	0.406	0.304	0.319	0.333	0.297	0.274	0.257	0.301	0.295	0.300	0.312	0.273	0.336	0.276	0.310	0.342	0.318	0.283	0.280	0.334	0.263	0.313	0.274	0.314	0.314	0.318	2.099	0.569	0.272	0.210	3.143	-16969.727
908	16	500	500	0.5270	8.819	0.302	0.342	0.258	0.282	0.283	0.335	0.272	0.306	0.274	0.276	0.336	0.302	0.240	0.295	8.801	0.271	0.296	0.260	0.271	0.293	0.293	0.258	0.273	0.306	0.297	0.331	0.296	0.312	0.331	2.031	0.664	0.304	0.218	998.995	-16638.543
909	16	500	500	0.5151	0.000	0.373	0.300	0.266	0.328	0.351	0.250	0.362	0.377	0.276	0.280	0.285	0.305	0.273	0.309	0.305	0.409	0.336	0.313	0.337	0.339	0.270	0.311	0.377	0.335	0.322	0.225	0.258	0.283	0.366	1.907	0.511	0.241	0.190	827.035	-16978.888
910	16	500	500	0.5322	0.167	0.412	0.305	0.265	0.281	0.281	0.327	0.264	0.419	0.323	0.226	0.297	0.331	0.372	0.293	0.182	0.418	0.299	0.250	0.324	0.203	0.308	0.289	0.370	0.334	0.258	0.265	0.294	0.316	0.284	1.999	0.482	0.217	0.197	818.264	-16621.870
911	16	500	499	0.5195	0.251	0.285	0.386	0.297	0.332	0.296	0.277	0.258	0.259	0.256	0.300	0.293	0.424	0.255	0.307	0.352	0.348	0.337	0.310	0.301	0.246	0.322	0.274	0.249	0.277	0.278	0.316	0.296	0.299	0.353	2.153	0.603	0.284	0.191	2.980	-16623.657
912	16	500	500	0.5137	0.276	0.310	0.267	0.296	0.263	0.257	0.255	0.300	0.346	0.292	0.256	0.293	0.292	0.337	0.265	0.284	0.289	0.316	0.326	0.271	0.328	0.297	0.259	0.269	0.363	0.280	0.311	0.331	0.308	0.266	1.917	0.521	0.256	0.206	1.725	-16637.661
913	16	500	500	0.5093	0.336	0.389	0.351	0.271	0.399	0.258	0.343	0.294	0.275	0.309	0.298	0.313	0.296	0.270	0.364	0.339	0.309	0.281	0.322	0.337	0.312	0.282	0.280	0.333	0.355	0.367	0.278	0.321	0.314	0.383	2.068	0.556	0.356	0.195	3.569	-17414.322
914	16	500	500	0.5107	0.299	0.313	0.247	0.275	0.339	0.316	0.321	0.263	0.280	0.267	0.343	0.225	0.273	0.369	0.270	0.357	0.288	0.298	0.284	0.289	0.336	0.287	0.272	0.264	0.239	0.314	0.305	0.305	0.306	0.329	1.948	0.669	0.297	0.211	5.359	-16786.163
915	16	500	500	0.5210	0.326	0.348	0.339	0.318	0.291	0.333	0.248	0.293	0.304	0.284	0.288	0.332	0.364	0.307	0.260	0.333	0.317	0.332	0.342	0.359	0.359	0.311	0.284	0.264	0.322	0.329	0.303	0.272	0.293	0.294	1.948	0.547	0.319	0.209	5.272	-17243.207
916	16	500	500	0.5227	0.591	0.280	0.266	0.344	0.307	0.350	0.276	0.294	0.266	0.222	0.293	0.273	0.328	0.288	0.299	0.520	0.302	0.267	0.277	0.284	0.287	0.262	0.281	0.321	0.310	0.329	0.309	0.222	0.281	0.276	1.925	0.659	0.315	0.200	55.974	-16453.659
917	16	500	500	0.5247	0.220	0.327	0.281	0.265	0.313	0.323	0.290	0.286	0.321	0.295	0.341	0.298	0.269	0.324	0.331	0.307	0.263	0.344	0.246	0.298	0.301	0.273	0.338	0.276	0.330	0.247	0.331	0.357	0.297	0.278	1.991	0.639	0.341	0.210	6.331	-16921.423
918	16	500	499	0.5155	0.267	0.317	0.248	0.257	0.293	0.336	0.318	0.299	0.303	0.249	0.307	0.304	0.302	0.272	0.248	0.300	0.244	0.289	0.337	0.333	0.331	0.305	0.325	0.260	0.287	0.240	0.363	0.284	0.278	0.322	1.916	0.608	0.291	0.183	3.304	-16504.329
919	16	500	499	0.5236	0.288	0.363	0.290	0.285	0.336	0.261	0.306	0.329	0.271	0.312	0.250	0.299	0.280	0.287	0.290	0.371	0.298	0.278	0.343	0.338	0.305	0.268	0.299	0.273	0.278	0.283	0.299	0.322	0.312	0.258	1.831	0.555	0.236	0.194	1.973	-16796.549
920	16	500	500	0.5101	0.347	0.324	0.231	0.251	0.304	0.305	0.310	0.301	0.250	0.314	0.250	0.313	0.323	0.318	0.310	0.340	0.262	0.310	0.331	0.402	0.376	0.363	0.274	0.294	0.287	0.348	0.311	0.305	0.304	0.265	2.110	0.518	0.312	0.186	4.323	-17033.934
921	16	500	499	0.5134	0.588	0.310	0.325	0.293	0.300	0.322	0.288	0.337	0.265	0.286	0.311	0.317	0.328	0.290	0.306	0.005	0.301	0.263	0.293	0.244	0.396	0.343	0.336	0.309	0.296	0.317	0.320	0.292	0.317	0.336	2.022	0.633	0.297	0.197	2.300	-16905.639
922	16	500	500	0.5165	0.342	0.383	0.345	0.316	0.343	0.267	0.320	0.313	0.369	0.328	0.286	0.378	0.286	0.279	0.409	0.268	0.296	0.272	0.293	0.354	0.312	0.319	0.338	0.352	0.340	0.303	0.294	0.286	0.328	0.296	1.960	0.576	0.308	0.204	1.561	-17411.450
923	16	500	500	0.5146	0.256	0.315	0.285	0.315	0.298	0.313	0.224	0.292	0.310	0.291	0.335	0.290	0.285	0.274	0.275	0.283	0.358	0.309	0.339	0.290	0.274	0.282	0.295	0.317	0.272	0.348	0.305	0.247	0.277	0.296	1.967	0.653	0.288	0.214	5.021	-16752.675
924	16	500	500	0.4989	0.328	0.309	0.317	0.279	0.251	0.315	0.225	0.292	0.242	0.282	0.315	0.310	0.235	0.324	0.295	0.278	0.299	0.314	0.313	0.297	0.301	0.318	0.341	0.310	0.367	0.271	0.322	0.298	0.278	0.323	1.934	0.611	0.291	0.216	2.817	-16875.599
925	16	500	500	0.5279	0.669	0.279	0.327	0.264	0.244	0.359	0.253	0.319	0.245	0.360	0.284	0.258	0.309	0.290	0.280	0.619	0.341	0.292	0.279	0.275	0.312	0.235	0.321	0.291	0.342	0.316	0.309	0.284	0.281	0.289	1.959	0.680	0.299	0.199	63.550	-16553.112
926	16	500	500	0.5115	0.354	0.267	0.356	0.299	0.289	0.305	0.273	0.348	0.330	0.314	0.286	0.306	0.292	0.342	0.255	0.296	0.318	0.330	0.337	0.290	0.275	0.337	0.248	0.305	0.313	0.250	0.341	0.307	0.289	0.325	2.043	0.634	0.357	0.210	10.092	-17130.702
927	16	500	500	0.5010	0.356	0.310	0.270	0.264	0.301	0.240	0.249	0.378	0.232	0.274	0.281	0.265	0.321	0.276	0.316	0.289	0.315	0.285	0.279	0.316	0.259	0.323	0.274	0.285	0.354	0.339	0.236	0.265	0.303	0.322	1.911	0.669	0.278	0.210	3.796	-16604.484
928	16	500	500	0.5108	0.343	0.241	0.276	0.297	0.267	0.323	0.258	0.310	0.324	0.247	0.263	0.270	0.336	0.282	0.328	0.300	0.270	0.271	0.253	0.330	0.326	0.272	0.282	0.330	0.255	0.262	0.325	0.320	0.254	0.266	1.910	0.610	0.290	0.200	3.892	-16481.985
929	16	500	500	0.5126	0.296	0.335	0.252	0.321	0.332	0.327	0.367	0.251	0.324	0.412	0.295	0.361	0.306	0.298	0.319	0.321	0.269	0.320	0.327	0.298	0.300	0.289	0.300	0.336	0.354	0.275	0.277	0.289	0.329	0.279	1.981	0.531	0.286	0.189	1.629	-17066.149
930	16	500	500	0.5115	0.242	0.288	0.380	0.290	0.303	0.306	0.300	0.275	0.319	0.291	0.302	0.271	0.314	0.274	0.317	0.284	0.402	0.339	0.297	0.271	0.322	0.247	0.278	0.280	0.321	0.258	0.275	0.270	0.359	0.348	1.990	0.575	0.337	0.190	1.735	-16885.812
931	16	500	500	0.5188	0.417	0.261	0.335	0.271	0.369	0.317	0.347	0.310	0.274	0.295	0.249	0.331	0.367	0.268	0.290	0.387	0.315	0.280	0.320	0.313	0.301	0.353	0.291	0.335	0.297	0.291	0.325	0.246	0.290	0.301	2.003	0.588	0.347	0.205	9.979	-17180.716
932	16	500	500	0.5071	0.401	0.295	0.277	0.287	0.304	0.301	0.318	0.309	0.242	0.323	0.289	0.266	0.367	0.303	0.339	0.346	0.309	0.323	0.301	0.276	0.298	0.244	0.326	0.359	0.327	0.314	0.236	0.290	0.299	0.287	2.081	0.627	0.310	0.191	6.865	-16775.998
933	16	500	500	0.5114	0.339	0.268	0.295	0.292	0.297	0.284	0.341	0.307	0.326	0.309	0.264	0.309	0.257	0.306	0.309	0.325	0.310	0.352	0.293	0.264	0.328	0.309	0.342	0.320	0.352	0.341	0.290	0.256	0.315	0.272	2.037	0.611	0.319	0.203	7.357	-16879.018
934	16	500	500	0.5011	0.342	0.329	0.361	0.301	0.295	0.244	0.285	0.273	0.348	0.294	0.339	0.293	0.220	0.294	0.277	0.295	0.327	0.322	0.310	0.247	0.280	0.284	0.263	0.284	0.222	0.271	0.320	0.286	0.299	0.252	1.949	0.602	0.275	0.202	2.245	-16555.885
935	16	500	500	0.5290	0.312	0.377	0.264	0.351	0.316	0.232	0.338	0.276	0.270	0.324	0.353	0.276	0.321	0.237	0.345	0.347	0.259	0.350	0.296	0.283	0.265	0.268	0.307	0.279	0.347	0.291	0.353	0.240	0.332	0.274	1.894	0.553	0.292	0.194	2.892	-17035.730
936	16	500	497	0.5179	0.248	0.337	0.331	0.332	0.322	0.313	0.309	0.313	0.374	0.294	0.285	0.352	0.349	0.337	0.309	0.216	0.372	0.343	0.256	0.318	0.254	0.291	0.335	0.297	0.346	0.261	0.321	0.279	0.298	0.356	1.932	0.604	0.307	0.197	3.596	-17157.142
937	16	500	500	0.5105	0.279	0.298	0.369	0.301	0.235	0.277	0.301	0.287	0.278	0.284	0.314	0.306	0.260	0.327	0.293	0.346	0.352	0.316	0.316	0.264	0.302	0.299	0.297	0.291	0.307	0.235	0.334	0.347	0.283	0.296	1.881	0.662	0.311	0.208	6.704	-16773.794
938	16	500	500	0.4911	0.325	0.302	0.314	0.245	0.271	0.254	0.302	0.265	0.296	0.348	0.330	0.247	0.283	0.285	0.333	0.271	0.270	0.247	0.316	0.340	0.274	0.280	0.275	0.304	0.239	0.325	0.390	0.293	0.283	0.298	1.892	0.602	0.279	0.202	1.393	-16559.253
939	16	500	500	0.5186	0.355	0.406	0.316	0.302	0.338	0.348	0.282	0.272	0.289	0.332	0.269	0.313	0.303	0.254	0.277	0.336	0.299	0.208	0.321	0.269	0.296	0.335	0.309	0.274	0.285	0.286	0.314	0.302	0.274	0.292	1.861	0.593	0.292	0.188	5.737	-16733.823
940	16	500	500	0.5120	0.257	0.394	0.318	0.311	0.277	0.327	0.344	0.306	0.323	0.320	0.287	0.255	0.311	0.228	0.279	0.274	0.278	0.269	0.276	0.266	0.286	0.264	0.231	0.334	0.243	0.260	0.319	0.358	0.317	0.290	2.029	0.609	0.262	0.192	2.479	-16459.121
941	16	500	499	0.5036	0.333	0.293	0.310	0.292	0.357	0.308	0.328	0.338	0.353	0.292	0.275	0.299	0.313	0.346	0.383	0.333	0.295	0.303	0.254	0.319	0.297	0.300	0.237	0.343	0.326	0.351	0.295	0.258	0.328	0.271	2.128	0.571	0.331	0.193	6.223	-17002.027
942	16	500	500	0.5055	0.308	0.313	0.301	0.309	0.278	0.242	0.347	0.315	0.316	0.353	0.308	0.333	0.283	0.303	0.318	0.307	0.339	0.275	0.281	0.265	0.261	0.326	0.339	0.348	0.359	0.297	0.244	0.284	0.263	0.302	2.059	0.603	0.295	0.209	2.818	-16887.366
943	16	500	500	0.4966	0.345	0.248	0.253	0.316	0.297	0.291	0.308	0.288	0.333	0.264	0.275	0.336	0.263	0.269	0.271	0.360	0.249	0.310	0.282	0.270	0.345	0.290	0.335	0.227	0.362	0.263	0.359	0.273	0.324	0.271	2.052	0.602	0.285	0.205	4.630	-16598.300
944	16	500	499	0.5061	0.266	0.392	0.268	0.328	0.314	0.272	0.284	0.323	0.225	0.253	0.290	0.274	0.294	0.295	0.294	0.294	0.341	0.314	0.246	0.279	0.259	0.322	0.270	0.286	0.218	0.278	0.235	0.332	0.345	0.264	1.949	0.596	0.302	0.196	2.473	-16381.636
945	16	500	500	0.5075	0.308	0.318	0.313	0.267	0.357	0.281	0.297	0.366	0.316	0.295	0.358	0.278	0.302	0.266	0.309	0.361	0.393	0.337	0.356	0.308	0.276	0.286	0.306	0.286	0.316	0.357	0.298	0.317	0.282	0.303	2.042	0.598	0.331	0.189	4.427	-17124.782
946	16	500	499	0.5140	0.261	0.330	0.294	0.284	0.270	0.244	0.326	0.328	0.187	0.316	0.304	0.279	0.263	0.322	0.269	0.291	0.275	0.388	0.316	0.306	0.271	0.211	0.269	0.268	0.259	0.323	0.302	0.294	0.324	0.298	1.991	0.564	0.243	0.206	1.684	-16592.188
947	16	500	500	0.5155	0.302	0.313	0.275	0.296	0.303	0.343	0.210	0.344	0.377	0.259	0.284	0.328	0.303	0.280	0.303	0.282	0.340	0.292	0.300	0.326	0.254	0.287	0.331	0.334	0.218	0.313	0.258	0.340	0.309	0.282	2.018	0.538	0.272	0.200	1.668	-16771.264
948	16	500	500	0.5250	0.281	0.322	0.326	0.280	0.269	0.291	0.246	0.241	0.272	0.252	0.260	0.343	0.368	0.358	0.298	0.223	0.324	0.321	0.267	0.324	0.356	0.310	0.293	0.301	0.363	0.306	0.324	0.308	0.278	0.297	2.069	0.370	0.187	0.190	1.244	-16744.802
949	16	500	500	0.5216	0.355	0.259	0.238	0.261	0.336	0.335	0.262	0.271	0.335	0.316	0.391	0.272	0.255	0.348	0.313	0.300	0.338	0.270	0.315	0.290	0.281	0.330	0.282	0.248	0.303	0.351	0.276	0.374	0.316	0.284	2.021	0.600	0.314	0.196	4.888	-16768.264
950	16	500	500	0.5153	0.315	0.315	0.279	0.334	0.313	0.372	0.272	0.303	0.287	0.314	0.332	0.284	0.289	0.317	0.333	0.318	0.335	0.300	0.281	0.348	0.336	0.301	0.293	0.292	0.319	0.292	0.314	0.256	0.308	0.305	2.061	0.569	0.289	0.210	1.000	-17163.458
951	16	500	500	0.5133	0.338	0.303	0.295	0.276	0.248	0.295	0.299	0.297	0.302	0.340	0.248	0.367	0.251	0.291	0.284	0.244	0.252	0.289	0.308	0.273	0.293	0.331	0.315	0.279	0.308	0.323	0.286	0.230	0.327	0.291	1.991	0.607	0.289	0.203	3.972	-16577.449
952	16	500	499	0.5075	0.297	0.400	0.246	0.275	0.338	0.261	0.313	0.267	0.398	0.291	0.263	0.305	0.289	0.322	0.295	0.251	0.269	0.310	0.289	0.326	0.342	0.316	0.302	0.307	0.275	0.305	0.273	0.293	0.262	0.313	1.918	0.544	0.257	0.196	1.833	-16761.830
953	16	500	500	0.5220	0.229	0.274	0.320	0.306	0.302	0.332	0.290	0.286	0.279	0.340	0.253	0.319	0.276	0.268	0.321	0.265	0.343	0.305	0.263	0.289	0.343	0.248	0.303	0.283	0.287	0.281	0.290	0.334	0.278	0.282	1.913	0.632	0.299	0.196	4.599	-16555.966
954	16	500	500	0.5220	0.302	0.195	0.353	0.283	0.264	0.268	0.305	0.329	0.382	0.342	0.326	0.262	0.293	0.316	0.306	0.319	0.304	0.324	0.314	0.290	0.315	0.312	0.303	0.329	0.299	0.289	0.305	0.274	0.266	0.315	1.969	0.546	0.262	0.197	1.000	-16914.186
955	16	500	500	0.5205	0.247	0.365	0.315	0.322	0.309	0.257	0.289	0.293	0.274	0.303	0.241	0.311	0.299	0.304	0.258	0.284	0.260	0.348	0.264	0.303	0.263	0.303	0.333	0.335	0.324	0.280	0.271	0.293	0.313	0.284	2.049	0.586	0.296	0.209	2.522	-16731.832
956	16	500	500	0.5106	0.336	0.247	0.341	0.316	0.314	0.275	0.275	0.396	0.276	0.322	0.298	0.291	0.323	0.337	0.306	0.275	0.362	0.329	0.326	0.277	0.269	0.306	0.320	0.246	0.274	0.319	0.339	0.285	0.312	0.317	2.010	0.619	0.329	0.216	3.450	-17163.384
957	16	500	500	0.5145	0.258	0.289	0.328	0.266	0.273	0.335	0.304	0.333	0.298	0.300	0.333	0.283	0.248	0.305	0.262	0.350	0.217	0.311	0.283	0.280	0.312	0.225	0.346	0.276	0.400	0.263	0.328	0.226	0.313	0.289	2.145	0.627	0.274	0.209	2.169	-16606.901
958	16	500	500	0.5217	0.290	0.329	0.280	0.274	0.279	0.331	0.235	0.321	0.236	0.286	0.314	0.343	0.313	0.272	0.264	0.346	0.263	0.279	0.275	0.238	0.241	0.294	0.288	0.272	0.284	0.276	0.288	0.369	0.331	0.300	1.982	0.591	0.264	0.203	3.209	-16552.415
959	16	500	500	0.5053	0.333	0.342	0.300	0.271	0.332	0.244	0.250	0.327	0.278	0.311	0.296	0.310	0.230	0.373	0.317	0.368	0.303	0.315	0.318	0.285	0.317	0.353	0.303	0.310	0.282	0.291	0.323	0.358	0.232	0.363	1.895	0.627	0.328	0.196	11.046	-16928.835
960	16	500	500	0.5104	0.292	0.296	0.294	0.299	0.304	0.297	0.307	0.303	0.387	0.287	0.307	0.289	0.336	0.293	0.321	0.235	0.343	0.285	0.307	0.263	0.298	0.264	0.315	0.230	0.323	0.256	0.274	0.325	0.307	0.284	2.145	0.599	0.290	0.202	3.185	-16730.732
961	16	500	500	0.5257	0.275	0.262	0.352	0.295	0.354	0.318	0.265	0.314	0.297	0.301	0.285	0.314	0.374	0.354	0.295	0.298	0.259	0.313	0.322	0.271	0.320	0.330	0.288	0.274	0.329	0.297	0.298	0.326	0.251	0.375	2.006	0.622	0.349	0.212	2.840	-17165.883
962	16	500	500	0.5081	12.911	0.267	0.284	0.345	0.315	0.339	0.284	0.287	0.284	0.314	0.326	0.356	0.357	0.256	0.328	12.944	0.306	0.369	0.388	0.321	0.328	0.286	0.325	0.319	0.336	0.369	0.316	0.375	0.321	0.343	2.073	0.576	0.378	0.209	998.990	-17612.048
963	16	500	500	0.5074	0.362	0.345	0.313	0.281	0.323	0.325	0.304	0.339	0.379	0.323	0.311	0.308	0.287	0.301	0.288	0.002	0.533	0.398	0.301	0.318	0.245	0.321	0.288	0.357	0.328	0.307	0.306	0.262	0.294	0.373	2.052	0.328	0.177	0.193	831.298	-17190.031
964	16	500	500	0.5187	0.179	0.380	0.395	0.349	0.298	0.251	0.299	0.355	0.384	0.365	0.297	0.313	0.211	0.359	0.276	0.133	0.341	0.295	0.305	0.285	0.245	0.280	0.289	0.341	0.344	0.268	0.342	0.280	0.332	0.307	2.028	0.415	0.214	0.178	832.637	-16811.952
965	16	500	500	0.5235	0.258	0.346	0.294	0.317	0.346	0.282	0.305	0.324	0.434	0.293	0.280	0.304	0.298	0.262	0.231	0.256	0.409	0.251	0.376	0.248	0.285	0.364	0.306	0.481	0.293	0.279	0.261	0.359	0.255	0.270	2.047	0.428	0.205	0.210	722.897	-17053.255
966	16	500	497	0.5218	0.345	0.300	0.208	0.277	0.230	0.309	0.248	0.308	0.342	0.270	0.239	0.333	0.304	0.262	0.297	0.272	0.320	0.238	0.287	0.239	0.268	0.307	0.333	0.256	0.294	0.303	0.286	0.240	0.291	0.348	1.935	0.620	0.273	0.179	2.198	-16104.026
967	16	500	500	0.5273	0.312	0.314	0.277	0.296	0.311	0.281	0.306	0.322	0.284	0.331	0.286	0.286	0.293	0.335	0.343	0.303	0.270	0.347	0.339	0.297	0.279	0.286	0.337	0.233	0.267	0.322	0.303	0.333	0.338	0.347	1.914	0.573	0.294	0.197	2.106	-17100.000
968	16	500	500	0.5256	0.335	0.263	0.249	0.290	0.343	0.350	0.253	0.265	0.390	0.317	0.295	0.272	0.301	0.318	0.310	0.290	0.313	0.278	0.314	0.305	0.284	0.301	0.251	0.231	0.266	0.217	0.298	0.275	0.268	0.312	2.099	0.623	0.313	0.216	2.611	-16630.930
969	16	500	500	0.5250	0.219	0.317	0.269	0.300	0.274	0.339	0.362	0.262	0.325	0.301	0.274	0.298	0.310	0.273	0.298	0.277	0.296	0.373	0.328	0.316	0.307	0.269	0.252	0.302	0.329	0.352	0.244	0.284	0.279	0.292	1.942	0.555	0.279	0.194	2.283	-16817.714
970	16	500	500	0.5168	0.222	0.331	0.315	0.356	0.272	0.342	0.295	0.300	0.302	0.322	0.303	0.271	0.277	0.309	0.268	0.303	0.334	0.327	0.314	0.247	0.290	0.292	0.284	0.311	0.325	0.263	0.332	0.259	0.345	0.297	1.945	0.462	0.211	0.213	2.221	-16886.765
971	16	500	500	0.5136	0.338	0.295	0.262	0.283	0.347	0.320	0.263	0.297	0.314	0.273	0.293	0.332	0.313	0.312	0.285	0.262	0.346	0.296	0.270	0.302	0.282	0.284	0.315	0.275	0.317	0.328	0.285	0.321	0.345	0.278	1.981	0.593	0.307	0.227	1.836	-17045.330
972	16	500	500	0.5194	0.380	0.287	0.299	0.297	0.328	0.347	0.335	0.304	0.365	0.310	0.322	0.362	0.281	0.390	0.330	0.312	0.230	0.361	0.301	0.290	0.332	0.347	0.363	0.253	0.325	0.260	0.312	0.297	0.305	0.371	2.047	0.519	0.312	0.188	2.300	-17435.980
973	16	500	499	0.4999	0.351	0.334	0.294	0.269	0.300	0.330	0.275	0.279	0.333	0.272	0.358	0.322	0.316	0.341	0.281	0.372	0.360	0.295	0.328	0.282	0.269	0.248	0.325	0.263	0.306	0.320	0.355	0.313	0.255	0.313	2.126	0.597	0.279	0.196	2.717	-16874.524
974	16	500	500	0.5094	0.343	0.242	0.318	0.342	0.268	0.324	0.326	0.318	0.340	0.280	0.344	0.335	0.321	0.282	0.333	0.389	0.267	0.302	0.275	0.313	0.298	0.254	0.290	0.345	0.285	0.310	0.283	0.279	0.318	0.306	1.971	0.578	0.330	0.206	5.201	-17168.044
975	16	500	498	0.5263	0.312	0.289	0.299	0.266	0.300	0.293	0.294	0.251	0.249	0.336	0.248	0.295	0.310	0.272	0.236	0.313	0.271	0.289	0.259	0.339	0.328	0.262	0.296	0.318	0.296	0.302	0.294	0.362	0.296	0.298	1.963	0.611	0.295	0.197	1.000	-16515.013
976	16	500	499	0.5196	0.324	0.338	0.318	0.267	0.310	0.234	0.257	0.269	0.310	0.360	0.270	0.364	0.290	0.241	0.277	0.310	0.316	0.385	0.289	0.256	0.294	0.307	0.279	0.337	0.349	0.285	0.315	0.254	0.273	0.351	1.940	0.613	0.301	0.202	3.835	-16832.015
977	16	500	500	0.5081	0.299	0.296	0.322	0.308	0.354	0.273	0.314	0.300	0.307	0.360	0.314	0.252	0.298	0.350	0.292	0.287	0.251	0.300	0.313	0.309	0.244	0.284	0.292	0.300	0.297	0.298	0.342	0.291	0.297	0.360	1.911	0.527	0.264	0.203	2.401	-17145.230
978	16	500	500	0.5078	0.362	0.336	0.284	0.249	0.338	0.285	0.305	0.332	0.286	0.305	0.315	0.280	0.249	0.271	0.291	0.287	0.259	0.341	0.307	0.293	0.311	0.321	0.347	0.336	0.267	0.308	0.350	0.275	0.295	0.281	2.013	0.608	0.297	0.198	4.445	-16891.171
979	16	500	500	0.5076	0.246	0.275	0.291	0.346	0.300	0.300	0.352	0.342	0.323	0.294	0.301	0.291	0.286	0.360	0.297	0.272	0.331	0.357	0.244	0.305	0.380	0.298	0.290	0.405	0.289	0.279	0.266	0.329	0.336	0.290	2.129	0.600	0.322	0.193	2.544	-17006.217
980	16	500	500	0.5065	0.336	0.225	0.268	0.233	0.276	0.219	0.334	0.259	0.313	0.259	0.272	0.287	0.293	0.323	0.215	0.325	0.277	0.298	0.256	0.309	0.282	0.347	0.314	0.265	0.323	0.277	0.307	0.223	0.299	0.292	2.055	0.627	0.276	0.200	3.539	-16205.835
981	16	500	500	0.5096	0.405	0.347	0.284	0.269	0.257	0.289	0.212	0.271	0.268	0.323	0.268	0.294	0.261	0.274	0.310	0.326	0.256	0.321	0.293	0.338	0.255	0.358	0.247	0.315	0.287	0.295	0.334	0.249	0.295	0.252	1.999	0.652	0.301	0.202	11.447	-16469.931
982	16	500	500	0.5214	0.249	0.295	0.311	0.271	0.277	0.266	0.350	0.289	0.281	0.260	0.274	0.350	0.298	0.225	0.320	0.322	0.304	0.343	0.285	0.274	0.299	0.290	0.318	0.383	0.272	0.333	0.341	0.263	0.285	0.277	1.986	0.541	0.286	0.189	1.902	-16757.066
983	16	500	499	0.5210	0.358	0.317	0.377	0.251	0.355	0.238	0.238	0.326	0.298	0.279	0.344	0.261	0.244	0.313	0.349	0.366	0.291	0.247	0.297	0.298	0.314	0.288	0.281	0.303	0.348	0.283	0.285	0.317	0.318	0.258	1.992	0.624	0.327	0.211	7.782	-16852.275
984	16	500	500	0.5133	0.279	0.295	0.285	0.274	0.346	0.376	0.300	0.314	0.373	0.239	0.297	0.258	0.246	0.304	0.308	0.321	0.326	0.311	0.304	0.257	0.299	0.305	0.291	0.258	0.410	0.262	0.298	0.254	0.339	0.246	2.182	0.615	0.295	0.202	1.832	-16774.159
985	16	500	500	0.5146	0.364	0.340	0.304	0.355	0.326	0.286	0.288	0.333	0.308	0.276	0.361	0.289	0.303	0.289	0.335	0.309	0.299	0.262	0.243	0.353	0.278	0.319	0.293	0.312	0.273	0.251	0.307	0.302	0.342	0.294	1.891	0.654	0.325	0.203	14.204	-16926.841
986	16	500	500	0.5255	0.330	0.321	0.296	0.300	0.310	0.242	0.334	0.296	0.215	0.290	0.316	0.252	0.302	0.282	0.301	0.281	0.275	0.318	0.299	0.294	0.303	0.308	0.289	0.329	0.313	0.267	0.300	0.346	0.321	0.291	1.970	0.615	0.317	0.212	7.047	-16811.368
987	16	500	500	0.5037	0.240	0.286	0.236	0.290	0.317	0.369	0.300	0.294	0.327	0.345	0.296	0.295	0.296	0.278	0.312	0.327	0.288	0.329	0.340	0.304	0.196	0.319	0.257	0.334	0.340	0.255	0.358	0.267	0.344	0.301	2.100	0.530	0.283	0.173	2.163	-16575.223
988	16	500	500	0.5137	0.340	0.267	0.356	0.302	0.345	0.425	0.272	0.302	0.292	0.322	0.304	0.303	0.304	0.286	0.303	0.330	0.379	0.324	0.316	0.310	0.328	0.325	0.341	0.311	0.343	0.272	0.272	0.295	0.315	0.270	2.068	0.563	0.298	0.195	3.021	-17021.386
989	16	500	499	0.5272	0.294	0.331	0.279	0.289	0.322	0.282	0.301	0.305	0.239	0.319	0.300	0.282	0.297	0.333	0.325	0.300	0.273	0.353	0.281	0.284	0.361	0.279	0.332	0.350	0.302	0.273	0.305	0.250	0.310	0.329	2.055	0.622	0.295	0.185	3.042	-16763.371
990	16	500	499	0.5104	0.314	0.376	0.239	0.254	0.244	0.300	0.283	0.283	0.254	0.316	0.268	0.280	0.257	0.260	0.316	0.289	0.336	0.283	0.318	0.271	0.291	0.259	0.274	0.284	0.315	0.320	0.347	0.345	0.254	0.344	2.030	0.622	0.285	0.206	4.945	-16487.161
991	16	500	500	0.5195	0.288	0.306	0.390	0.308	0.320	0.259	0.341	0.258	0.322	0.322	0.331	0.351	0.386	0.286	0.322	0.328	0.275	0.329	0.332	0.309	0.280	0.307	0.316	0.293	0.297	0.322	0.343	0.329	0.298	0.336	2.081	0.529	0.318	0.201	3.740	-17327.144
992	16	500	500	0.5113	0.273	0.314	0.329	0.402	0.325	0.277	0.330	0.291	0.328	0.314	0.320	0.270	0.296	0.297	0.271	0.289	0.331	0.332	0.327	0.289	0.282	0.321	0.267	0.317	0.272	0.286	0.327	0.321	0.299	0.347	1.976	0.595	0.265	0.208	2.691	-17103.926
993	16	500	500	0.5298	0.288	0.329	0.269	0.302	0.392	0.314	0.339	0.304	0.262	0.212	0.282	0.333	0.333	0.346	0.293	0.306	0.368	0.291	0.313	0.319	0.269	0.288	0.261	0.273	0.269	0.337	0.271	0.340	0.276	0.342	1.996	0.595	0.341	0.187	4.965	-17027.908
994	16	500	499	0.5299	0.332	0.293	0.342	0.317	0.284	0.315	0.276	0.331	0.341	0.281	0.331	0.327	0.306	0.343	0.364	0.287	0.336	0.294	0.296	0.300	0.272	0.262	0.319	0.333	0.332	0.332	0.290	0.351	0.332	0.307	1.945	0.564	0.332	0.195	4.250	-17235.933
995	16	500	500	0.5138	0.314	0.285	0.279	0.280	0.304	0.334	0.299	0.355	0.289	0.238	0.289	0.258	0.258	0.375	0.286	0.271	0.307	0.353	0.307	0.265	0.307	0.274	0.286	0.333	0.263	0.286	0.292	0.260	0.352	0.292	1.929	0.562	0.284	0.200	2.498	-16762.593
996	16	500	500	0.5123	0.263	0.379	0.246	0.292	0.292	0.303	0.297	0.334	0.275	0.248	0.280	0.292	0.298	0.306	0.290	0.283	0.349	0.267	0.321	0.314	0.324	0.340	0.297	0.264	0.267	0.354	0.329	0.329	0.324	0.291	1.956	0.623	0.269	0.203	3.523	-16899.379
997	16	500	499	0.5314	0.321	0.215	0.266	0.335	0.341	0.370	0.283	0.316	0.371	0.278	0.280	0.293	0.310	0.362	0.285	0.294	0.234	0.311	0.280	0.330	0.277	0.301	0.266	0.425	0.322	0.329	0.292	0.323	0.247	0.314	2.152	0.645	0.307	0.190	4.276	-16856.322
998	16	500	500	0.4954	0.297	0.218	0.326	0.264	0.347	0.297	0.356	0.351	0.333	0.277	0.305	0.323	0.292	0.301	0.324	0.297	0.251	0.311	0.336	0.351	0.249	0.299	0.316	0.323	0.389	0.244	0.294	0.256	0.323	0.291	2.191	0.616	0.292	0.204	3.235	-16828.507
999	16	500	500	0.5088	0.340	0.306	0.237	0.282	0.261	0.302	0.288	0.321	0.332	0.244	0.311	0.290	0.367	0.231	0.346	0.332	0.306	0.271	0.350	0.258	0.294	0.310	0.299	0.288	0.277	0.330	0.286	0.254	0.291	0.272	1.913	0.614	0.312	0.204	4.887	-16728.788
1000	16	500	500	0.5181	0.273	0.319	0.341	0.335	0.222	0.315	0.292	0.310	0.287	0.317	0.399	0.245	0.293	0.227	0.293	0.331	0.257	0.312	0.297	0.321	0.283	0.308	0.259	0.345	0.269	0.309	0.273	0.307	0.301	0.269	1.979	0.596	0.254	0.180	2.374	-16625.170
