"","x"
"1",-6766.96
"2",-6580.128
"3",-6644.707
"4",-6980.207
"5",-6933.192
"6",-6840.9
"7",-6846.596
"8",-6773.404
"9",-6900.023
"10",-6799.796
"11",-6733.387
"12",-6925.128
"13",-6761.285
"14",-6720.34
"15",-6765.268
"16",-6942.031
"17",-6887.958
"18",-6575.463
"19",-6967.406
"20",-6455.687
"21",-6828.157
"22",-7075.402
"23",-6892.16
"24",-7082.895
"25",-6894.164
"26",-6682.818
"27",-6588.459
"28",-6753.593
"29",-6602.851
"30",-6931.15
"31",-6570.92
"32",-6953.763
"33",-6484.628
"34",-6733.674
"35",-6597.502
"36",-6768.602
"37",-6748.803
"38",-6803.001
"39",-6620.605
"40",-6973.453
"41",-6879.864
"42",-6747.136
"43",-6676.099
"44",-6512.323
"45",-6581.879
"46",-6901.449
"47",-6875.148
"48",-6804.683
"49",-6597.186
"50",-6433.769
"51",-6621.715
"52",-6959.507
"53",-7035.991
"54",-6506.158
"55",-6321.327
"56",-6577.462
"57",-6820.107
"58",-6824.206
"59",-6472.993
"60",-6657.431
"61",-6542.711
"62",-6520.549
"63",-6394.921
"64",-6809.34
"65",-6660.856
"66",-6541.29
"67",-6760.467
"68",-6573.339
"69",-6694.384
"70",-6616.871
"71",-6758.844
"72",-6534.067
"73",-6485.198
"74",-6787.415
"75",-6586.372
"76",-6706.882
"77",-6765.776
"78",-6948.348
"79",-6758.555
"80",-7099.01
"81",-6482.624
"82",-6533.735
"83",-6810.59
"84",-6865.575
"85",-6893.898
"86",-6814.814
"87",-6894.31
"88",-6568.319
"89",-6928.171
"90",-6821.184
"91",-6745.213
"92",-6711.83
"93",-6675.349
"94",-6826.343
"95",-6866.356
"96",-6857.539
"97",-6700.952
"98",-6892.023
"99",-7094.519
"100",-6869.73
"101",-6680.644
"102",-6713.916
"103",-6691.54
"104",-6832.307
"105",-6658.623
"106",-6540.712
"107",-7070.261
"108",-6605.662
"109",-6846.522
"110",-6781.95
"111",-6877.678
"112",-6479.684
"113",-6770.489
"114",-7016.776
"115",-6983.87
"116",-6511.13
"117",-7110.368
"118",-6857.303
"119",-6997.626
"120",-7051.383
"121",-6655.8
"122",-6649.47
"123",-6647.294
"124",-6625.211
"125",-6827.115
"126",-6987.998
"127",-6850.18
"128",-6792.894
"129",-6780.284
"130",-6735.675
"131",-6839.7
"132",-6767.856
"133",-6659.601
"134",-6521.862
"135",-6745.552
"136",-6758.431
"137",-6746.982
"138",-6317.76
"139",-6790.961
"140",-6672.88
"141",-7067.478
"142",-6347.04
"143",-6513.915
"144",-6460.501
"145",-6693.123
"146",-6690.283
"147",-6712.264
"148",-6498.601
"149",-6428.932
"150",-6681.002
"151",-6818.386
"152",-6771.516
"153",-6642.79
"154",-6756.269
"155",-6685.914
"156",-6817.497
"157",-6754.37
"158",-6584.852
"159",-6828.533
"160",-6850.377
"161",-6440.287
"162",-6672.83
"163",-6548.419
"164",-6644.217
"165",-6437.206
"166",-6781.232
"167",-6895.516
"168",-6683.766
"169",-6747.505
"170",-6550.64
"171",-6897.573
"172",-6681.305
"173",-6573.851
"174",-6555.205
"175",-6751.832
"176",-6678.564
"177",-6464.724
"178",-6736.247
"179",-6742.724
"180",-6771.32
"181",-6825.992
"182",-6872.388
"183",-6798.613
"184",-7022.355
"185",-6590.087
"186",-6441.472
"187",-6469.049
"188",-6730.149
"189",-6715.419
"190",-6542.653
"191",-6800.615
"192",-6404.331
"193",-6552.806
"194",-6622.975
"195",-7056.16
"196",-6558.103
"197",-6877.474
"198",-6951.805
"199",-6724.27
"200",-6610.643
"201",-6681.59
"202",-6998.581
"203",-7089.18
"204",-6678.101
"205",-6615.731
"206",-6821.978
"207",-6829.585
"208",-6495.017
"209",-6796.511
"210",-6885.236
"211",-6480.398
"212",-6965.584
"213",-6923.368
"214",-6932.742
"215",-6924.571
"216",-6636.386
"217",-7056.941
"218",-6917.021
"219",-6750.146
"220",-6745.043
"221",-7165.232
"222",-6611.628
"223",-6436.468
"224",-6909.188
"225",-6444.243
"226",-6584.674
"227",-6850.99
"228",-6824.876
"229",-6919.908
"230",-6715.116
"231",-6424.856
"232",-6981.458
"233",-6615.845
"234",-6878.594
"235",-6833.457
"236",-6688.455
"237",-6980.465
"238",-6841.367
"239",-6814.952
"240",-6397.567
"241",-6636.562
"242",-6601.967
"243",-6805.158
"244",-6845.373
"245",-6487.88
"246",-6688.88
"247",-6604.703
"248",-6470.125
"249",-6622.744
"250",-6480.663
"251",-6727.015
"252",-6603.871
"253",-6927.467
"254",-6624.306
"255",-6694.91
"256",-6814.215
"257",-6688.343
"258",-6479.922
"259",-6339.22
"260",-6673.102
"261",-6484.672
"262",-6630.12
"263",-6714.049
"264",-6874.029
"265",-6718.866
"266",-7061.962
"267",-6888.992
"268",-6939.443
"269",-6574.954
"270",-6824.92
"271",-6867.631
"272",-6557.565
"273",-6714.469
"274",-6762.823
"275",-6752.96
"276",-6664.403
"277",-6555.195
"278",-6942.253
"279",-6578.878
"280",-6439.195
"281",-6502.211
"282",-6646.548
"283",-6569.41
"284",-6388.053
"285",-6439.278
"286",-6533.188
"287",-6475.093
"288",-6790.354
"289",-6531.134
"290",-6766.907
"291",-6821.727
"292",-6463.02
"293",-6619.579
"294",-6545.625
"295",-6636.794
"296",-6591.077
"297",-6540.466
"298",-6920.675
"299",-6774.481
"300",-6668.671
"301",-6652.431
"302",-6667.85
"303",-6699.996
"304",-6648.654
"305",-6345.573
"306",-6759.734
"307",-6758.151
"308",-6800.545
"309",-6585.507
"310",-6827.399
"311",-7015.609
"312",-6863.605
"313",-6774.541
"314",-6998.366
"315",-6675.747
"316",-6433.893
"317",-6734.136
"318",-6830.662
"319",-6865.549
"320",-6806.595
"321",-6286.546
"322",-6620.106
"323",-6833.807
"324",-6822.203
"325",-6383.668
"326",-6724.485
"327",-6823.493
"328",-6815.876
"329",-6672.337
"330",-6793.839
"331",-6719.352
"332",-6957.287
"333",-6726.666
"334",-6730.39
"335",-6705.493
"336",-6796.813
"337",-6575.318
"338",-6613.576
"339",-6621.526
"340",-6400.869
"341",-6762.179
"342",-6573.147
"343",-6782.894
"344",-6467.965
"345",-6846.379
"346",-6603.623
"347",-6926.033
"348",-6567.308
"349",-6711.169
"350",-6798.423
"351",-6635.736
"352",-6823.209
"353",-6997.817
"354",-6903.315
"355",-6555.975
"356",-6950.605
"357",-6739.982
"358",-6797.926
"359",-6655.519
"360",-6820.769
"361",-6707.184
"362",-6703.468
"363",-6577.005
"364",-6472.861
"365",-6773.826
"366",-6885.02
"367",-6762.869
"368",-6598.966
"369",-6670.261
"370",-6577.914
"371",-6671.513
"372",-7142.623
"373",-7002.936
"374",-6754.243
"375",-6637.666
"376",-6506.989
"377",-6702.486
"378",-6715.888
"379",-6404.386
"380",-6632.264
"381",-6823.711
"382",-6703.424
"383",-6685.928
"384",-6656.606
"385",-6524.652
"386",-6641.822
"387",-6513.228
"388",-6810.793
"389",-6709.41
"390",-6641.516
"391",-6729.941
"392",-6833.218
"393",-6868.056
"394",-6872.92
"395",-6619.665
"396",-6786.121
"397",-6842.813
"398",-6563.491
"399",-6688.3
"400",-6711.848
"401",-6886.176
"402",-6881.45
"403",-6977.008
"404",-6847.962
"405",-6794.059
"406",-6788.409
"407",-6795.105
"408",-6761.338
"409",-6400.303
"410",-6570.083
"411",-6663.321
"412",-6855.899
"413",-6470.652
"414",-6886.18
"415",-7016.674
"416",-6897.535
"417",-6591.968
"418",-6980.815
"419",-6840.52
"420",-6792.827
"421",-6443.367
"422",-6561.283
"423",-6846.085
"424",-6636.987
"425",-6389.429
"426",-6707.354
"427",-6650.217
"428",-6607.298
"429",-6840.529
"430",-6346.781
"431",-6763.126
"432",-6926.93
"433",-6892.317
"434",-6862.706
"435",-6901.192
"436",-6356.751
"437",-6671.445
"438",-6644.355
"439",-6584.087
"440",-6683.274
"441",-6796.532
"442",-7024.687
"443",-6571.292
"444",-6668.518
"445",-6568.41
"446",-6910.172
"447",-6837.114
"448",-6767.002
"449",-6890.385
"450",-6742.517
"451",-6654.262
"452",-6278.531
"453",-6849.174
"454",-6537.987
"455",-6895.697
"456",-6578.552
"457",-7045.239
"458",-7003.069
"459",-6625.189
"460",-6799.215
"461",-6712.268
"462",-6879.225
"463",-6866.444
"464",-6973.112
"465",-6728.537
"466",-6798.88
"467",-6736.989
"468",-6695.916
"469",-6725.317
"470",-6846.539
"471",-6633.901
"472",-6927.062
"473",-6393.594
"474",-6556.608
"475",-6407.14
"476",-7291.493
"477",-6828.744
"478",-6831.221
"479",-6293.377
"480",-6785.766
"481",-6684.203
"482",-6803.712
"483",-6533.646
"484",-6653.078
"485",-6739.066
"486",-6342.795
"487",-6767.67
"488",-6819.109
"489",-6822.937
"490",-6997.687
"491",-6688.165
"492",-6465.862
"493",-7100.226
"494",-6537.068
"495",-6869.76
"496",-6774.73
"497",-6851.446
"498",-6796.606
"499",-6656.059
"500",-6857.92
"501",-6612.047
"502",-6538.202
"503",-6987.395
"504",-6745.735
"505",-6745.92
"506",-6968.443
"507",-6435.71
"508",-6627.661
"509",-6702.373
"510",-7039.341
"511",-6438.093
"512",-6897.86
"513",-6874.141
"514",-6813.337
"515",-6672.116
"516",-6581.369
"517",-6473.511
"518",-6698.49
"519",-6497.72
"520",-6726.35
"521",-7060.446
"522",-6833.22
"523",-6864.167
"524",-6853.227
"525",-6774.972
"526",-6778.17
"527",-6723.278
"528",-6790.555
"529",-6701.856
"530",-6791.007
"531",-6677.93
"532",-6545.305
"533",-6581.617
"534",-6671.457
"535",-6598.755
"536",-6963.174
"537",-6552.177
"538",-6561.203
"539",-6830.24
"540",-6722.959
"541",-6576.618
"542",-6761.411
"543",-6697.459
"544",-6689.174
"545",-6727.579
"546",-6885.019
"547",-7109.475
"548",-6467.639
"549",-6582.216
"550",-6672.359
"551",-6954.989
"552",-6677.2
"553",-6841.279
"554",-6738.204
"555",-6697.539
"556",-6726.275
"557",-6596.422
"558",-6715.834
"559",-6598.233
"560",-6906.826
"561",-6542.145
"562",-7047.401
"563",-7057.504
"564",-6702.105
"565",-6426.226
"566",-6829.39
"567",-6730.495
"568",-6657.537
"569",-6487.662
"570",-6920.148
"571",-6464.406
"572",-6602.18
"573",-6543.134
"574",-6520.264
"575",-6427.73
"576",-6827.371
"577",-7038.697
"578",-6766.679
"579",-6869.487
"580",-6488.637
"581",-6625.864
"582",-6334.15
"583",-6717.006
"584",-6696.698
"585",-6702.831
"586",-6563.646
"587",-6675.916
"588",-6879.449
"589",-6722.614
"590",-6759.853
"591",-6673.092
"592",-6879.551
"593",-6671.586
"594",-6881.99
"595",-6485.756
"596",-6525.125
"597",-6696.897
"598",-6534.483
"599",-6771.185
"600",-6834.048
"601",-6774.851
"602",-6671.667
"603",-6764.156
"604",-6707.291
"605",-6622.277
"606",-6770.213
"607",-6831.998
"608",-6699.582
"609",-6546.849
"610",-6662.336
"611",-6573.532
"612",-6634.065
"613",-6709.725
"614",-7212.199
"615",-6721.855
"616",-6813.861
"617",-6400.81
"618",-6762.437
"619",-6431.316
"620",-6471.222
"621",-6819.651
"622",-6992.371
"623",-6804.783
"624",-6730.598
"625",-7055.176
"626",-6805.687
"627",-7018.18
"628",-6609.412
"629",-6553.995
"630",-6595.444
"631",-6766.189
"632",-6642.749
"633",-6751.401
"634",-6708.116
"635",-6938.937
"636",-6760.522
"637",-6778.439
"638",-6648.291
"639",-6874.941
"640",-6890.179
"641",-6706.98
"642",-6926.802
"643",-7074.978
"644",-6967.285
"645",-6880.078
"646",-6769.071
"647",-6777.471
"648",-6925.934
"649",-6678.296
"650",-6925.164
"651",-6825.874
"652",-6893.322
"653",-6801.351
"654",-6713.029
"655",-6753.672
"656",-6872.802
"657",-6439.672
"658",-6736.856
"659",-7003.655
"660",-6648.232
"661",-6614.931
"662",-6770.146
"663",-6746.288
"664",-6588.849
"665",-6468.687
"666",-6740.655
"667",-6584.844
"668",-6654.507
"669",-6787.27
"670",-6690.717
"671",-6683.947
"672",-6623.66
"673",-6762.684
"674",-6308.071
"675",-6838.601
"676",-6800.309
"677",-6923.076
"678",-6804.921
"679",-7039.33
"680",-6721.57
"681",-6864.197
"682",-6625.795
"683",-6688.042
"684",-6621.814
"685",-6771.707
"686",-6672.133
"687",-6775.876
"688",-6405.873
"689",-6809.474
"690",-6810.225
"691",-6565.977
"692",-6805.791
"693",-6804.575
"694",-6401.534
"695",-6891.108
"696",-6960.407
"697",-6672.013
"698",-6602.345
"699",-6689.078
"700",-6563.557
"701",-6883.405
"702",-6768.358
"703",-6544.973
"704",-6760.513
"705",-6750.871
"706",-6490.037
"707",-6740.332
"708",-6645.751
"709",-6846.811
"710",-6713.698
"711",-7111.671
"712",-6267.575
"713",-6712.671
"714",-6656.893
"715",-6847.025
"716",-6982.114
"717",-6862.663
"718",-6689.59
"719",-6807.133
"720",-6634.191
"721",-6807.01
"722",-6709.324
"723",-6859.784
"724",-6436.393
"725",-6764.756
"726",-6638.474
"727",-6499.229
"728",-6660.683
"729",-6703.069
"730",-6886.359
"731",-6843.793
"732",-6489.41
"733",-6812.174
"734",-6906.472
"735",-6721.947
"736",-6817.214
"737",-6951.891
"738",-6790.047
"739",-6498.782
"740",-6683.582
"741",-6734.748
"742",-6983.178
"743",-6654.295
"744",-6917.597
"745",-6731.159
"746",-6771.76
"747",-6590.986
"748",-6667.205
"749",-6944.419
"750",-6667.059
"751",-6639.03
"752",-6443.562
"753",-6686.547
"754",-6583.713
"755",-6705.523
"756",-6867.814
"757",-6851.517
"758",-7101.682
"759",-6568.093
"760",-6553.818
"761",-6506.86
"762",-6852.071
"763",-6694.724
"764",-6807.604
"765",-6723.881
"766",-6491.052
"767",-6795.414
"768",-6589.166
"769",-6834.076
"770",-6550.275
"771",-6775.62
"772",-6863.994
"773",-6842.984
"774",-6633.483
"775",-6508.679
"776",-7161.246
"777",-6943.455
"778",-6688.738
"779",-6780.129
"780",-6817.101
"781",-6781.71
"782",-6853.507
"783",-6756.171
"784",-6578.491
"785",-6891.784
"786",-7030.09
"787",-7020.897
"788",-6962.326
"789",-6866.598
"790",-6806.073
"791",-7101.588
"792",-6810.769
"793",-6902.646
"794",-6585.388
"795",-6788.494
"796",-6791.495
"797",-6707.112
"798",-6370.288
"799",-6665.176
"800",-6616.215
"801",-6539.798
"802",-6492.797
"803",-6988.933
"804",-6879.277
"805",-6493.212
"806",-6826.5
"807",-6926.783
"808",-6727.063
"809",-6718.907
"810",-6588.099
"811",-6627.923
"812",-6446.839
"813",-6580.556
"814",-6719.724
"815",-6672.957
"816",-6797.576
"817",-6764.43
"818",-6409.267
"819",-6892.664
"820",-6484.675
"821",-6777.367
"822",-6588.177
"823",-6737.877
"824",-6715.005
"825",-7092.813
"826",-6913.608
"827",-6511.277
"828",-6671.747
"829",-6714.406
"830",-6781.385
"831",-6663.212
"832",-6563.438
"833",-6728.5
"834",-6588.57
"835",-6722.104
"836",-6640.404
"837",-6473.66
"838",-6942.699
"839",-6563.899
"840",-6901.423
"841",-6925.845
"842",-6985.66
"843",-6556.458
"844",-6928.642
"845",-6591.555
"846",-6791.392
"847",-6849.253
"848",-6837.814
"849",-6500.361
"850",-6767.121
"851",-6860.736
"852",-6774.625
"853",-6541.004
"854",-6962.087
"855",-6707.473
"856",-7051.653
"857",-6747.038
"858",-6583.515
"859",-6894.544
"860",-6693.262
"861",-6787.14
"862",-6998.145
"863",-6682.368
"864",-6484.642
"865",-6602.832
"866",-6665.041
"867",-6535.576
"868",-6802.437
"869",-6717.314
"870",-6870.091
"871",-6700.271
"872",-6759.641
"873",-6568.958
"874",-6673.742
"875",-6603.3
"876",-6757.405
"877",-6631.429
"878",-6373.758
"879",-6706.7
"880",-7176.385
"881",-6651.155
"882",-6744.61
"883",-6675.976
"884",-6411.089
"885",-6537.227
"886",-6527.996
"887",-6843.41
"888",-6411.695
"889",-6664.66
"890",-6854.555
"891",-6594.696
"892",-6764.891
"893",-6519.366
"894",-6509.86
"895",-6491.853
"896",-6767.032
"897",-6742.18
"898",-6611.521
"899",-7035.789
"900",-6813.736
"901",-6516.824
"902",-6646.759
"903",-6877.036
"904",-6754.785
"905",-6574.838
"906",-6697.772
"907",-6956.625
"908",-6767.045
"909",-6451.35
"910",-6821.926
"911",-6778.434
"912",-6557.618
"913",-6338.491
"914",-6727.714
"915",-6538.769
"916",-6825.353
"917",-6750.002
"918",-6645.355
"919",-6948.877
"920",-6662.09
"921",-6614.268
"922",-6776.032
"923",-6754.785
"924",-6847.906
"925",-6773.546
"926",-6690.622
"927",-6701.519
"928",-6698.53
"929",-6811.741
"930",-6378.66
"931",-7054.187
"932",-6615.435
"933",-6768.248
"934",-6435.218
"935",-6818.628
"936",-6824.326
"937",-6681.091
"938",-6293.718
"939",-6780.096
"940",-6657.919
"941",-6607.265
"942",-6892.513
"943",-6813.258
"944",-6629.16
"945",-6805.018
"946",-6595.873
"947",-6902.521
"948",-6690.686
"949",-6552.452
"950",-6588.329
"951",-6984.41
"952",-6390.76
"953",-6363.215
"954",-6975.096
"955",-6468.005
"956",-6719.494
"957",-6880.689
"958",-6900.136
"959",-6301.184
"960",-6595.055
"961",-6737.58
"962",-6863.403
"963",-6737.017
"964",-6536.486
"965",-6492.39
"966",-6569.885
"967",-6559.431
"968",-6910.798
"969",-6684.866
"970",-6905.835
"971",-6566.009
"972",-6860.68
"973",-6727.022
"974",-6399.38
"975",-6785.922
"976",-7228.76
"977",-6867.528
"978",-6517.732
"979",-6144.786
"980",-6796.26
"981",-6851.769
"982",-6627.691
"983",-6810.93
"984",-6749.988
"985",-6695.681
"986",-6664.572
"987",-6636.116
"988",-6681.331
"989",-6583.835
"990",-6564.418
"991",-6674.55
"992",-6556.414
"993",-6286.314
"994",-7038.032
"995",-6878.796
"996",-6675.519
"997",-6838.155
"998",-6747.244
"999",-6668.237
"1000",-6821.769
"1001",-6399.555
"1002",-6994.883
"1003",-6800.815
"1004",-6676.485
"1005",-6393.717
"1006",-6614.247
"1007",-6555.175
"1008",-6731.616
"1009",-6575.121
"1010",-6785.297
"1011",-6630.366
"1012",-6550.321
"1013",-6809.138
"1014",-6675.762
"1015",-6562.81
"1016",-6665.515
"1017",-6611.049
"1018",-6431.605
"1019",-6920.93
"1020",-6930.781
"1021",-6561.488
"1022",-6518.221
"1023",-6770.342
"1024",-6646.798
"1025",-7051.793
"1026",-6872.079
"1027",-6757.095
"1028",-7120.127
"1029",-6957.052
"1030",-6634.914
"1031",-6595.34
"1032",-6931.67
"1033",-6647.337
"1034",-6659.842
"1035",-6629.01
"1036",-6878.848
"1037",-6815.382
"1038",-6543.862
"1039",-6875.89
"1040",-6595.72
"1041",-6644.926
"1042",-6747.905
"1043",-6809.177
"1044",-6455.184
"1045",-6662.857
"1046",-6797.565
"1047",-6749.639
"1048",-6671.793
"1049",-6648.695
"1050",-6804.491
"1051",-6747.353
"1052",-6685.953
"1053",-6753.915
"1054",-6558.895
"1055",-6992.432
"1056",-6649.641
"1057",-6725.461
"1058",-6782.692
"1059",-6605.601
"1060",-6431.574
"1061",-6719.442
"1062",-6565.649
"1063",-7005.619
"1064",-6494.059
"1065",-6486.499
"1066",-6694.701
"1067",-6868.566
"1068",-6942.46
"1069",-6735.132
"1070",-6897.71
"1071",-6662.051
"1072",-6624.411
"1073",-6669.135
"1074",-6709.444
"1075",-6773.021
"1076",-6750.264
"1077",-6552.324
"1078",-6752.673
"1079",-6806.549
"1080",-6637.849
"1081",-6646.844
"1082",-6627.064
"1083",-6901.923
"1084",-6694.442
"1085",-6944.38
"1086",-6442.86
"1087",-6798.838
"1088",-6648.209
"1089",-6799.454
"1090",-6462.332
"1091",-7076.933
"1092",-6620.777
"1093",-6778.213
"1094",-6754.316
"1095",-6072.67
"1096",-6486.225
"1097",-6635.843
"1098",-6619.942
"1099",-6737.449
"1100",-6745.94
"1101",-6820.542
"1102",-6652.431
"1103",-6725.1
"1104",-6835.902
"1105",-6717.736
"1106",-6823.902
"1107",-6554.113
"1108",-6674.407
"1109",-6468.945
"1110",-6849.341
"1111",-7010.786
"1112",-6905.169
"1113",-6824.417
"1114",-6463.627
"1115",-6579.823
"1116",-6487.705
"1117",-6783.483
"1118",-6548.849
"1119",-6930.271
"1120",-6531.531
"1121",-6761.603
"1122",-6757.335
"1123",-6593.92
"1124",-6615.076
"1125",-6591.197
"1126",-6957.069
"1127",-6634.442
"1128",-7019.21
"1129",-6482.706
"1130",-6845.688
"1131",-6431.264
"1132",-7016.942
"1133",-7048.761
"1134",-6757.191
"1135",-6823.069
"1136",-6752.997
"1137",-6926.712
"1138",-6756.283
"1139",-7037.31
"1140",-6778.072
"1141",-7021.885
"1142",-6986.976
"1143",-6817.928
"1144",-6919.086
"1145",-7059.566
"1146",-6897.786
"1147",-6564.125
"1148",-6709.225
"1149",-6780.874
"1150",-6649.006
"1151",-6738.08
"1152",-6641.255
"1153",-6675.636
"1154",-6873.706
"1155",-6322.544
"1156",-6845.353
"1157",-7009.159
"1158",-6689.201
"1159",-6669.387
"1160",-7023.212
"1161",-6825.882
"1162",-6536.548
"1163",-6905.413
"1164",-6752.078
"1165",-6520.557
"1166",-6909.801
"1167",-6652.161
"1168",-6766.737
"1169",-6373.744
"1170",-6822.136
"1171",-6722.995
"1172",-6804.408
"1173",-6902.796
"1174",-6824.21
"1175",-6777.159
"1176",-6571.367
"1177",-6850.678
"1178",-6947.115
"1179",-6839.748
"1180",-6879.823
"1181",-6964.693
"1182",-6754.47
"1183",-6634.209
"1184",-6686.186
"1185",-6670.213
"1186",-6916.879
"1187",-7016.845
"1188",-6815.892
"1189",-6682.614
"1190",-6687.951
"1191",-6779.092
"1192",-6574.098
"1193",-6587.54
"1194",-6527.029
"1195",-6574.458
"1196",-6685.429
"1197",-6707.957
"1198",-6668.956
"1199",-6623.683
"1200",-6849.05
"1201",-6834.046
"1202",-6932.5
"1203",-6853.495
"1204",-6797.473
"1205",-6781.273
"1206",-6646.464
"1207",-6658.316
"1208",-6915.918
"1209",-6834.466
"1210",-6736.938
"1211",-6783.551
"1212",-6825.362
"1213",-6966.508
"1214",-6778.236
"1215",-7107.183
"1216",-6682.376
"1217",-6722.32
"1218",-6879.812
"1219",-6829.432
"1220",-6901.256
"1221",-6623.914
"1222",-6742.67
"1223",-6720.028
"1224",-6570.87
"1225",-6745.289
"1226",-6673.792
"1227",-6783.844
"1228",-6857.244
"1229",-6786.426
"1230",-6559.923
"1231",-6647.693
"1232",-6419.424
"1233",-6763.567
"1234",-6632.293
"1235",-6792.657
"1236",-6806.482
"1237",-6791.777
"1238",-6588.56
"1239",-6498.35
"1240",-6807.56
"1241",-6544.952
"1242",-6686.907
"1243",-6683.402
"1244",-6903.277
"1245",-6678.608
"1246",-6411.209
"1247",-6640.686
"1248",-6731.541
"1249",-6971.229
"1250",-6726.775
"1251",-6663.766
"1252",-6625.337
"1253",-6812.536
"1254",-6830.149
"1255",-6853.19
"1256",-6775.784
"1257",-6832.502
"1258",-6556.473
"1259",-6926.337
"1260",-6699.678
"1261",-6965.17
"1262",-6950.889
"1263",-6823.862
"1264",-7013.808
"1265",-6952.859
"1266",-6888.123
"1267",-6794.855
"1268",-6757.135
"1269",-6841.869
"1270",-6632.527
"1271",-6702.375
"1272",-7242.561
"1273",-6972.551
"1274",-6660.099
"1275",-6833.797
"1276",-6595.65
"1277",-6837.003
"1278",-6482.542
"1279",-6459.796
"1280",-6971.266
"1281",-6578.384
"1282",-6591.922
"1283",-6787.435
"1284",-7199.438
"1285",-6396.052
"1286",-6621.062
"1287",-6558.835
"1288",-7032.043
"1289",-6688.783
"1290",-6547.08
"1291",-6624.532
"1292",-6430.779
"1293",-7114.341
"1294",-6488.478
"1295",-6733.131
"1296",-6558.573
"1297",-6759.545
"1298",-6452.05
"1299",-6620.023
"1300",-6890.673
"1301",-6568.286
"1302",-6616.509
"1303",-6712.223
"1304",-6860.49
"1305",-6730.052
"1306",-6688.668
"1307",-6715.494
"1308",-6534.692
"1309",-6914.993
"1310",-6470.865
"1311",-6510.883
"1312",-6540.002
"1313",-6622.996
"1314",-6751.17
"1315",-6828.217
"1316",-6937.22
"1317",-6483.91
"1318",-7083.566
"1319",-6447.959
"1320",-7011.431
"1321",-6979.553
"1322",-7081.761
"1323",-6544.345
"1324",-6595.408
"1325",-6737.278
"1326",-7108.782
"1327",-6759.483
"1328",-7024.209
"1329",-6796.177
"1330",-6754.535
"1331",-6965.604
"1332",-6652.489
"1333",-6743.831
"1334",-6895.151
"1335",-6733.515
"1336",-6490.026
"1337",-6694.73
"1338",-6757.462
"1339",-6945.796
"1340",-7120.033
"1341",-6704.385
"1342",-6863.229
"1343",-6826.091
"1344",-6586.815
"1345",-6771.149
"1346",-6606.475
"1347",-6915.593
"1348",-6792.547
"1349",-6484.653
"1350",-6572.603
"1351",-6734.385
"1352",-6824.933
"1353",-6654.92
"1354",-6584.666
"1355",-6478.643
"1356",-6689.328
"1357",-6348.212
"1358",-6640.43
"1359",-6936.143
"1360",-6774.912
"1361",-6860.122
"1362",-6933.154
"1363",-6855.874
"1364",-6590.271
"1365",-6525.083
"1366",-6860.036
"1367",-6830.897
"1368",-6536.644
"1369",-6988.103
"1370",-6429.434
"1371",-7121.052
"1372",-6697.086
"1373",-6961.766
"1374",-6925.883
"1375",-6821.111
"1376",-6995.725
"1377",-6854.324
"1378",-6640.032
"1379",-6715.319
"1380",-6265.948
"1381",-7051.712
"1382",-6661.454
"1383",-6701.575
"1384",-6742.331
"1385",-6590.037
"1386",-6768.294
"1387",-6625.315
"1388",-6710.945
"1389",-6748.779
"1390",-6648.051
"1391",-6595.911
"1392",-6779.357
"1393",-6356.936
"1394",-6700.562
"1395",-6802.109
"1396",-6858.266
"1397",-6701.966
"1398",-6499.433
"1399",-6951.174
"1400",-6731.237
"1401",-6668.846
"1402",-6430.916
"1403",-6819.341
"1404",-6776.849
"1405",-6782.728
"1406",-6929.87
"1407",-6872.548
"1408",-6754.466
"1409",-6569.941
"1410",-6525.912
"1411",-7058.141
"1412",-6848.946
"1413",-6885.684
"1414",-6656.351
"1415",-6790.223
"1416",-6894.184
"1417",-6769.428
"1418",-6433.126
"1419",-6350.79
"1420",-6793.792
"1421",-7034.792
"1422",-6752.882
"1423",-6515.503
"1424",-6599.609
"1425",-6710.507
"1426",-6644.632
"1427",-6523.253
"1428",-6406.326
"1429",-6696.82
"1430",-6678.345
"1431",-6302.819
"1432",-6707.792
"1433",-6917.014
"1434",-6764.529
"1435",-6780.485
"1436",-6584.308
"1437",-6627.664
"1438",-6753.726
"1439",-6849.296
"1440",-6829.624
"1441",-6533.315
"1442",-6731.14
"1443",-6794.848
"1444",-6524.77
"1445",-6753.771
"1446",-6894.065
"1447",-6587.229
"1448",-6735.903
"1449",-6873.588
"1450",-6780.268
"1451",-6619.767
"1452",-7017.29
"1453",-7020.605
"1454",-6664.187
"1455",-6613.894
"1456",-6561.638
"1457",-6831.657
"1458",-6584.988
"1459",-6949.558
"1460",-6894.368
"1461",-6691.43
"1462",-6642.937
"1463",-6781.026
"1464",-6613.219
"1465",-6828.886
"1466",-6757.016
"1467",-6841.526
"1468",-6766.201
"1469",-6274.182
"1470",-6463.234
"1471",-6691.592
"1472",-6948.832
"1473",-6832.533
"1474",-6641.412
"1475",-6910.004
"1476",-6596.352
"1477",-6701.919
"1478",-6498.242
"1479",-6588.819
"1480",-6741.024
"1481",-6615.781
"1482",-6729.192
"1483",-6761.428
"1484",-6670.009
"1485",-6654.014
"1486",-6982.46
"1487",-6967.989
"1488",-6499.022
"1489",-6636.261
"1490",-6599.612
"1491",-6567.592
"1492",-6569.894
"1493",-6782.692
"1494",-6294.943
"1495",-6686.805
"1496",-6517.659
"1497",-6837.986
"1498",-6776.302
"1499",-6608.108
"1500",-6630.026
"1501",-6659.832
"1502",-6598.146
"1503",-6969.627
"1504",-6581.841
"1505",-6702.546
"1506",-6737.896
"1507",-6529.952
"1508",-6762.518
"1509",-6610.368
"1510",-6711.113
"1511",-6696.207
"1512",-6701.551
"1513",-6898.091
"1514",-6828.302
"1515",-6943.36
"1516",-6404.911
"1517",-6680.499
"1518",-6906.382
"1519",-6868.387
"1520",-6786.648
"1521",-6692.988
"1522",-6653.188
"1523",-6685.425
"1524",-6431.426
"1525",-6760.621
"1526",-6570.895
"1527",-6662.104
"1528",-6472.987
"1529",-6889.54
"1530",-7042.347
"1531",-6681.432
"1532",-6996.711
"1533",-6621.496
"1534",-6679.981
"1535",-6970.749
"1536",-6667.42
"1537",-6631.528
"1538",-6861.608
"1539",-6523.53
"1540",-6497.105
"1541",-6612.193
"1542",-6547.213
"1543",-6608.003
"1544",-6734.982
"1545",-6378.59
"1546",-6643.427
"1547",-6465.468
"1548",-6500.333
"1549",-6561.735
"1550",-6836.141
"1551",-6993.988
"1552",-6550.7
"1553",-7266.775
"1554",-6831.588
"1555",-6674.247
"1556",-6771.859
"1557",-6652.966
"1558",-6686.102
"1559",-6675.816
"1560",-6911.356
"1561",-6471.106
"1562",-6420.609
"1563",-6712.746
"1564",-6637.04
"1565",-6873.341
"1566",-6749.192
"1567",-6737.509
"1568",-6997.244
"1569",-6730.925
"1570",-6829.76
"1571",-6426.227
"1572",-6600.162
"1573",-6629.874
"1574",-6506.728
"1575",-6989.517
"1576",-6549.032
"1577",-6903.703
"1578",-6825.005
"1579",-6999.411
"1580",-6502.657
"1581",-6704.302
"1582",-7041.753
"1583",-6580.237
"1584",-6549.04
"1585",-6999.033
"1586",-6662.977
"1587",-6750.013
"1588",-6769.426
"1589",-6676.921
"1590",-6632.401
"1591",-6801.787
"1592",-6803.474
"1593",-6684.653
"1594",-6742.397
"1595",-6658.059
"1596",-6443.967
"1597",-6623.224
"1598",-6756.789
"1599",-6683.243
"1600",-6711.379
"1601",-6704.015
"1602",-6543.245
"1603",-6673.793
"1604",-6739.203
"1605",-6589.795
"1606",-6738.269
"1607",-6734.916
"1608",-6742.854
"1609",-7005.841
"1610",-6870.481
"1611",-6431.8
"1612",-6755.005
"1613",-6877.829
"1614",-6323.038
"1615",-6917.016
"1616",-7129.091
"1617",-6718.284
"1618",-6712.378
"1619",-6674.938
"1620",-6812.081
"1621",-6654.655
"1622",-6748.984
"1623",-6795.336
"1624",-6812.86
"1625",-6971.428
"1626",-6718.322
"1627",-6860.696
"1628",-6572.317
"1629",-6928.988
"1630",-6614.53
"1631",-6390.741
"1632",-6678.451
"1633",-6862.459
"1634",-6850.217
"1635",-6462.974
"1636",-6817.328
"1637",-6834.372
"1638",-6616.232
"1639",-6680.399
"1640",-6820.777
"1641",-6524.269
"1642",-6658.364
"1643",-6750.22
"1644",-6887.441
"1645",-6936.532
"1646",-7008.956
"1647",-6638.445
"1648",-6883.204
"1649",-6908.937
"1650",-6751.301
"1651",-6764.007
"1652",-6780.066
"1653",-6576.718
"1654",-6827.295
"1655",-6284.816
"1656",-6890.6
"1657",-6714.16
"1658",-6482.467
"1659",-6535.813
"1660",-7020.424
"1661",-6715.722
"1662",-6455.777
"1663",-6710.887
"1664",-6581.76
"1665",-6782.083
"1666",-6905.708
"1667",-6658.89
"1668",-6819.958
"1669",-6851.223
"1670",-6722.292
"1671",-6636.956
"1672",-6488.076
"1673",-6457.924
"1674",-6970.429
"1675",-6529.972
"1676",-6627.227
"1677",-6492.286
"1678",-6617.494
"1679",-6890.553
"1680",-6716.727
"1681",-6804.26
"1682",-6689.838
"1683",-6614.837
"1684",-6594.733
"1685",-6835.367
"1686",-6473.423
"1687",-6616.286
"1688",-6602.261
"1689",-6589.475
"1690",-6684.962
"1691",-6732.077
"1692",-7004.294
"1693",-6481.744
"1694",-6659.506
"1695",-6581.048
"1696",-7096.367
"1697",-6679.046
"1698",-6716.548
"1699",-6527.476
"1700",-6311.762
"1701",-6593.168
"1702",-6535.863
"1703",-6693.038
"1704",-6542.414
"1705",-6636.129
"1706",-6597.22
"1707",-7026.9
"1708",-6770.467
"1709",-6706.511
"1710",-6430.705
"1711",-6698.99
"1712",-6799.985
"1713",-6567.504
"1714",-7009.851
"1715",-6770.661
"1716",-6472.71
"1717",-6694.048
"1718",-6397.072
"1719",-6787.368
"1720",-6800.264
"1721",-6805.585
"1722",-6891.968
"1723",-6576.877
"1724",-6650.305
"1725",-6870.604
"1726",-6669.218
"1727",-6600.221
"1728",-6488.671
"1729",-6857.856
"1730",-6860.451
"1731",-6706.141
"1732",-6628.892
"1733",-6732.854
"1734",-6670.823
"1735",-6911.689
"1736",-7084.955
"1737",-6548.961
"1738",-6892.637
"1739",-7125.492
"1740",-6931.832
"1741",-6868.119
"1742",-6293.328
"1743",-6812.371
"1744",-7226.72
"1745",-6624.022
"1746",-6830.741
"1747",-6587.859
"1748",-6740.364
"1749",-6461.305
"1750",-6650.525
"1751",-6489.309
"1752",-6849.698
"1753",-6476.627
"1754",-6593.105
"1755",-6677.689
"1756",-6326.045
"1757",-6675.748
"1758",-6928.115
"1759",-6952.91
"1760",-6674.199
"1761",-6516.534
"1762",-6439.707
"1763",-6616.056
"1764",-6575.756
"1765",-6869.273
"1766",-6829.546
"1767",-6725.211
"1768",-6426.448
"1769",-6734.605
"1770",-6766.22
"1771",-6795.164
"1772",-6658.291
"1773",-6821.059
"1774",-6646.9
"1775",-7038.732
"1776",-6537.155
"1777",-6802.698
"1778",-7010.686
"1779",-6534.578
"1780",-6473.369
"1781",-6619.888
"1782",-6802.391
"1783",-6557.722
"1784",-6773.171
"1785",-6697.329
"1786",-6869.215
"1787",-6623.483
"1788",-6549.709
"1789",-6755.755
"1790",-6463.972
"1791",-6564.193
"1792",-6963.013
"1793",-6823.646
"1794",-6536.451
"1795",-6791.827
"1796",-6983.403
"1797",-6772.66
"1798",-6533.715
"1799",-6585.014
"1800",-6712.2
"1801",-6715.231
"1802",-6569.187
"1803",-6639.926
"1804",-7039.417
"1805",-6709.492
"1806",-6749.942
"1807",-6776.058
"1808",-6707.521
"1809",-6823.234
"1810",-6530.55
"1811",-6611.669
"1812",-7143.248
"1813",-6726.893
"1814",-6522.363
"1815",-6508.068
"1816",-6599.108
"1817",-6517.561
"1818",-6826.312
"1819",-6972.163
"1820",-6627.007
"1821",-6996.464
"1822",-6635.839
"1823",-6400.49
"1824",-6434.626
"1825",-6686.233
"1826",-6627.096
"1827",-6490.437
"1828",-6601.004
"1829",-6811.436
"1830",-6773.986
"1831",-6617.52
"1832",-6697.947
"1833",-6902.396
"1834",-6708.126
"1835",-6867.339
"1836",-6992.552
"1837",-6845.123
"1838",-6903.033
"1839",-6585.114
"1840",-6733.935
"1841",-6596.938
"1842",-6569.023
"1843",-6607.916
"1844",-6694.337
"1845",-6616.105
"1846",-6868.993
"1847",-6909.386
"1848",-6751.247
"1849",-6689.351
"1850",-6751.731
"1851",-6577.318
"1852",-7015.327
"1853",-6751.465
"1854",-6601.007
"1855",-6633.895
"1856",-6670.078
"1857",-6611.77
"1858",-6881.163
"1859",-6487.499
"1860",-6663.655
"1861",-6767.998
"1862",-6876.053
"1863",-6547.427
"1864",-6545.455
"1865",-6874.034
"1866",-6638.789
"1867",-6729.992
"1868",-6733.991
"1869",-6783.173
"1870",-6486.731
"1871",-6636.149
"1872",-6808.82
"1873",-6799.184
"1874",-6593.785
"1875",-6846.028
"1876",-7130.571
"1877",-6608.809
"1878",-6732.352
"1879",-6550.409
"1880",-6395.087
"1881",-6831.763
"1882",-6788.187
"1883",-6636.075
"1884",-6701.558
"1885",-6661.077
"1886",-6484.143
"1887",-6797.056
"1888",-6613.416
"1889",-6838.544
"1890",-6666.406
"1891",-6887.319
"1892",-6585.227
"1893",-7228.575
"1894",-6864.072
"1895",-6711.389
"1896",-6887.606
"1897",-6688.355
"1898",-6509.155
"1899",-6961.716
"1900",-6932.613
"1901",-6727.494
"1902",-6957.645
"1903",-6613.632
"1904",-6411.853
"1905",-7037.294
"1906",-6645.988
"1907",-6605.66
"1908",-6787.124
"1909",-6736.785
"1910",-6765.381
"1911",-7007.05
"1912",-6795.796
"1913",-6808.692
"1914",-6771.417
"1915",-6980.172
"1916",-6872.646
"1917",-6553.389
"1918",-6718.42
"1919",-6580.192
"1920",-6610.78
"1921",-6757.68
"1922",-6774.045
"1923",-6850.574
"1924",-6708.724
"1925",-6646.769
"1926",-6900.978
"1927",-6575.336
"1928",-7002.681
"1929",-7063.156
"1930",-6986.337
"1931",-6606.768
"1932",-6376.382
"1933",-6827.449
"1934",-6766.092
"1935",-6858.391
"1936",-7012.577
"1937",-6903.308
"1938",-7069.92
"1939",-6625.713
"1940",-6806.623
"1941",-7036.422
"1942",-6663.993
"1943",-6249.509
"1944",-6597.457
"1945",-6547.441
"1946",-6701.442
"1947",-6722.815
"1948",-6682.541
"1949",-6640.711
"1950",-7034.483
"1951",-6619.381
"1952",-6629.539
"1953",-6766.483
"1954",-6957.797
"1955",-6929.569
"1956",-6383.025
"1957",-6840.07
"1958",-6239.44
"1959",-7095.074
"1960",-6674.096
"1961",-6899.732
"1962",-6625.809
"1963",-6825.469
"1964",-6942.012
"1965",-6499.546
"1966",-6756.638
"1967",-6750.787
"1968",-6666.666
"1969",-6710.533
"1970",-7030.498
"1971",-6896.254
"1972",-7077.657
"1973",-6668.584
"1974",-6557.648
"1975",-6413.28
"1976",-6934.122
"1977",-6914.303
"1978",-6797.861
"1979",-6652.434
"1980",-6637.59
"1981",-6770.52
"1982",-7011.2
"1983",-6896.303
"1984",-6828.144
"1985",-6537.021
"1986",-6914.842
"1987",-6941.114
"1988",-6639.858
"1989",-6943.099
"1990",-6761.541
"1991",-6582.351
"1992",-6792.174
"1993",-7114.235
"1994",-6516.014
"1995",-6647.173
"1996",-6409.362
"1997",-7054.812
"1998",-6640.198
"1999",-6787.262
"2000",-6664.51
"2001",-6769.671
"2002",-6879.613
"2003",-7134.041
"2004",-6781.034
"2005",-6741.264
"2006",-6752.394
"2007",-6745.817
"2008",-6497.707
"2009",-6987.846
"2010",-7022.123
"2011",-6995.36
"2012",-6744.984
"2013",-6955.175
"2014",-6678.982
"2015",-6746.796
"2016",-6652.632
"2017",-6656.144
"2018",-6790.566
"2019",-6668.591
"2020",-6795.654
"2021",-6813.794
"2022",-6610.689
"2023",-7106.592
"2024",-6624.812
"2025",-6877.858
"2026",-6856.42
"2027",-6601.955
"2028",-6794.415
"2029",-6542.125
"2030",-6824.572
"2031",-6674.039
"2032",-6523.084
"2033",-6570.435
"2034",-6607.564
"2035",-6622.226
"2036",-6769.983
"2037",-6883.562
"2038",-6939.149
"2039",-6730.733
"2040",-6899.263
"2041",-6726.572
"2042",-6790.74
"2043",-6866.823
"2044",-6848.107
"2045",-6558.512
"2046",-6802.841
"2047",-6795.987
"2048",-6570.054
"2049",-6856.495
"2050",-6369.96
"2051",-6803.466
"2052",-6854.803
"2053",-6793.075
"2054",-6508.023
"2055",-6883.996
"2056",-6602.848
"2057",-6587.323
"2058",-7132.899
"2059",-6594.983
"2060",-7083.516
"2061",-6888.532
"2062",-6833.439
"2063",-6494.028
"2064",-6611.131
"2065",-6401.148
"2066",-6705.603
"2067",-6788.3
"2068",-6695.204
"2069",-6614.449
"2070",-6761.386
"2071",-6668.804
"2072",-6663.448
"2073",-6518.725
"2074",-6569.345
"2075",-6479.175
"2076",-6759.54
"2077",-6641.881
"2078",-6417.82
"2079",-6757.132
"2080",-6740.002
"2081",-6914.633
"2082",-6516.818
"2083",-6578.517
"2084",-6722.359
"2085",-6829.552
"2086",-6724.55
"2087",-6531.418
"2088",-7004.707
"2089",-6895.05
"2090",-6394.372
"2091",-6359.496
"2092",-6545.982
"2093",-6560.919
"2094",-6874.663
"2095",-6530.312
"2096",-6820.897
"2097",-6459.722
"2098",-6878.932
"2099",-6684.067
"2100",-6490.563
"2101",-6642.823
"2102",-6729.235
"2103",-7023.844
"2104",-6507.199
"2105",-6569.307
"2106",-6486.628
"2107",-6689.001
"2108",-6813.577
"2109",-6531.414
"2110",-6630.812
"2111",-6520.425
"2112",-6371.339
"2113",-6489.704
"2114",-6692.466
"2115",-6875.977
"2116",-6668.676
"2117",-6650.592
"2118",-6736.684
"2119",-6948.79
"2120",-6691.266
"2121",-6716.685
"2122",-6587.875
"2123",-6715.358
"2124",-6793.176
"2125",-6892.543
"2126",-7170.98
"2127",-6724.239
"2128",-6611.804
"2129",-6534.861
"2130",-6468.635
"2131",-6283.107
"2132",-6614.44
"2133",-6601.433
"2134",-6905.863
"2135",-6513.969
"2136",-6690.646
"2137",-6698.916
"2138",-6632.341
"2139",-6508.097
"2140",-6776.81
"2141",-7201.245
"2142",-6997.221
"2143",-6744.784
"2144",-6881.083
"2145",-6540.687
"2146",-6575.815
"2147",-6711.297
"2148",-6574.301
"2149",-6908.496
"2150",-6544.473
"2151",-6812.814
"2152",-6640.34
"2153",-6757.299
"2154",-6702.203
"2155",-6814.389
"2156",-6483.676
"2157",-6537.771
"2158",-6719.171
"2159",-6845.251
"2160",-6649.489
"2161",-6459.348
"2162",-6697.98
"2163",-6586.143
"2164",-6646.665
"2165",-6801.013
"2166",-6907.474
"2167",-6842.972
"2168",-6899.982
"2169",-6554.161
"2170",-6834.399
"2171",-6726.359
"2172",-6670.88
"2173",-6554.546
"2174",-6736.738
"2175",-6486.708
"2176",-6809.094
"2177",-6567.152
"2178",-6826.096
"2179",-6425.075
"2180",-6527.007
"2181",-6648.355
"2182",-6972.645
"2183",-6566.665
"2184",-6750.4
"2185",-6852.605
"2186",-6703.442
"2187",-6645.264
"2188",-6563.041
"2189",-6628.995
"2190",-6799.181
"2191",-6681.165
"2192",-6682.877
"2193",-6708.225
"2194",-6493.426
"2195",-6812.785
"2196",-6523.918
"2197",-6730.318
"2198",-6510.617
"2199",-6870.559
"2200",-6905.721
"2201",-6662.541
"2202",-6553.865
"2203",-6813.545
"2204",-6552.172
"2205",-6650.448
"2206",-6735.253
"2207",-6905.926
"2208",-6662.302
"2209",-7114.261
"2210",-6640.299
"2211",-6421.264
"2212",-6767.384
"2213",-6583.68
"2214",-6642.374
"2215",-6581.94
"2216",-6769.947
"2217",-6853.628
"2218",-6947.087
"2219",-6731.402
"2220",-6645.795
"2221",-6669.392
"2222",-7161.204
"2223",-6655.91
"2224",-6720.298
"2225",-6524.959
"2226",-6591.01
"2227",-6804.093
"2228",-6666.324
"2229",-6800.689
"2230",-6522.627
"2231",-6727.838
"2232",-6679.972
"2233",-6531.101
"2234",-6732.559
"2235",-6559.504
"2236",-6856.237
"2237",-6593.864
"2238",-6695.093
"2239",-6954.671
"2240",-6840.032
"2241",-6600.408
"2242",-6738.429
"2243",-6397.331
"2244",-6866.07
"2245",-6461.407
"2246",-6599.507
"2247",-6678.066
"2248",-6410.08
"2249",-6649.908
"2250",-7002.066
"2251",-6806.92
"2252",-6720.717
"2253",-6710.528
"2254",-6636.465
"2255",-6716.689
"2256",-6709.231
"2257",-6792.827
"2258",-6533.348
"2259",-6831.557
"2260",-6672.902
"2261",-6627.084
"2262",-6675.634
"2263",-6830.793
"2264",-6485.623
"2265",-6801.491
"2266",-6815.914
"2267",-6625.311
"2268",-7173.932
"2269",-6863.383
"2270",-6946.738
"2271",-6547.918
"2272",-6615.206
"2273",-6812.57
"2274",-6338.074
"2275",-6916.48
"2276",-6600.855
"2277",-6919.08
"2278",-6523.751
"2279",-6768.641
"2280",-6736.253
"2281",-6772.548
"2282",-7038.979
"2283",-6559.583
"2284",-6837.959
"2285",-7050.042
"2286",-6490.758
"2287",-6608.156
"2288",-6890.591
"2289",-6844.054
"2290",-6486.832
"2291",-6682.32
"2292",-7081.915
"2293",-6699.083
"2294",-6894.223
"2295",-6985.059
"2296",-6585.995
"2297",-6716.021
"2298",-6819.037
"2299",-6754.368
"2300",-6799.67
"2301",-6819.567
"2302",-6643.831
"2303",-6702.233
"2304",-6584.386
"2305",-7048.757
"2306",-6776.714
"2307",-6848.283
"2308",-6608.131
"2309",-6588.778
"2310",-6908.531
"2311",-6737.913
"2312",-6792.932
"2313",-6831.455
"2314",-6686.535
"2315",-6263.626
"2316",-6718.972
"2317",-6983.492
"2318",-6761.729
"2319",-7080.818
"2320",-6610.23
"2321",-6929.727
"2322",-6941.271
"2323",-6672.356
"2324",-6921.327
"2325",-6557.367
"2326",-6742.089
"2327",-6884.782
"2328",-6686.356
"2329",-6629.92
"2330",-7059.805
"2331",-6362.911
"2332",-6698.836
"2333",-6816.444
"2334",-6707.439
"2335",-6622.488
"2336",-7020.097
"2337",-6659.398
"2338",-6675.235
"2339",-6528.672
"2340",-6793.8
"2341",-6756.217
"2342",-6719.381
"2343",-6993.761
"2344",-6813.083
"2345",-6540.888
"2346",-6537.069
"2347",-6996.065
"2348",-7025.554
"2349",-6562.61
"2350",-6776.52
"2351",-6900.458
"2352",-6665.211
"2353",-6675.011
"2354",-7091.659
"2355",-6738.631
"2356",-6827.994
"2357",-6608.201
"2358",-6627.717
"2359",-6514.463
"2360",-6854.773
"2361",-6736.675
"2362",-6672.761
"2363",-6969.62
"2364",-6624.007
"2365",-6918.266
"2366",-6854.256
"2367",-6817.382
"2368",-6612.453
"2369",-6756.493
"2370",-6994.059
"2371",-6648.363
"2372",-6759.28
"2373",-6855.067
"2374",-6762.377
"2375",-6909.633
"2376",-6654.601
"2377",-6698.444
"2378",-6965.178
"2379",-6901.741
"2380",-6929.895
"2381",-6778.79
"2382",-6730.914
"2383",-6490.747
"2384",-6559.949
"2385",-6869.294
"2386",-6580.347
"2387",-6753.696
"2388",-6576.645
"2389",-6563.692
"2390",-6577.326
"2391",-6842.563
"2392",-6329.169
"2393",-6905.466
"2394",-6899.731
"2395",-6530.705
"2396",-6777.786
"2397",-6630.913
"2398",-6563.384
"2399",-6705.475
"2400",-6864.387
"2401",-6915.759
"2402",-6696.22
"2403",-6872.185
"2404",-6512.05
"2405",-6574.703
"2406",-6678.189
"2407",-6723.001
"2408",-6685.868
"2409",-6455.909
"2410",-6611.506
"2411",-6518.029
"2412",-6711.512
"2413",-6668.5
"2414",-6784.323
"2415",-6926.59
"2416",-6737.832
"2417",-6769.038
"2418",-6668.738
"2419",-6638.066
"2420",-6616.686
"2421",-6965.215
"2422",-6671.897
"2423",-6808.058
"2424",-6718.047
"2425",-6752.486
"2426",-6464.222
"2427",-6739.581
"2428",-6767.637
"2429",-7076.592
"2430",-6992.218
"2431",-6640.483
"2432",-6785.324
"2433",-6775.677
"2434",-6639.554
"2435",-6826.832
"2436",-6524.516
"2437",-6730.627
"2438",-6661.719
"2439",-6771.831
"2440",-6762.956
"2441",-6586.689
"2442",-6491.033
"2443",-6830.46
"2444",-6694.668
"2445",-6854.905
"2446",-6646.888
"2447",-6393.362
"2448",-6770.832
"2449",-6726.86
"2450",-6846.19
"2451",-6775.04
"2452",-6703.527
"2453",-6555.693
"2454",-6705.594
"2455",-6590.768
"2456",-6605.018
"2457",-6689.697
"2458",-6437.368
"2459",-6813.274
"2460",-6381.105
"2461",-6786.162
"2462",-6687.735
"2463",-6894.296
"2464",-6651.54
"2465",-6829.045
"2466",-7165.742
"2467",-6926.333
"2468",-6960.561
"2469",-6594.403
"2470",-6893.263
"2471",-7080.847
"2472",-6547.635
"2473",-6748.341
"2474",-6601.537
"2475",-6834.306
"2476",-6804.337
"2477",-6765.469
"2478",-6669.799
"2479",-6647.1
"2480",-6643.732
"2481",-6643.464
"2482",-6822.53
"2483",-6596.076
"2484",-6861.874
"2485",-6793.633
"2486",-6853.112
"2487",-6784.35
"2488",-6877.144
"2489",-6585.829
"2490",-6899.495
"2491",-6562.38
"2492",-6690.202
"2493",-6546.959
"2494",-6689.84
"2495",-6606.708
"2496",-7019.458
"2497",-6627.469
"2498",-6729.402
"2499",-6771.611
"2500",-6512.46
"2501",-6729.982
"2502",-6620.237
"2503",-6750.817
"2504",-7016.594
"2505",-6698.823
"2506",-6821.141
"2507",-6586.721
"2508",-6698.647
"2509",-7089.128
"2510",-6840.994
"2511",-6700.409
"2512",-6948.854
"2513",-6562.11
"2514",-6716.964
"2515",-6545.508
"2516",-6484.41
"2517",-7070.162
"2518",-6449.071
"2519",-6510.045
"2520",-6951.85
"2521",-6603.127
"2522",-6855.561
"2523",-6863.246
"2524",-6392.054
"2525",-6602.258
"2526",-6823.991
"2527",-6568.484
"2528",-6753.724
"2529",-6804.216
"2530",-6614.952
"2531",-6893.624
"2532",-6950.393
"2533",-7078.361
"2534",-6820.388
"2535",-6485.195
"2536",-6555.394
"2537",-6974.602
"2538",-6722.45
"2539",-6954.902
"2540",-6836.634
"2541",-6667.558
"2542",-6761.121
"2543",-6398.991
"2544",-6192.488
"2545",-6671.208
"2546",-6723.654
"2547",-6770.686
"2548",-6604.802
"2549",-6788.42
"2550",-6946.588
"2551",-6621.798
"2552",-6475.174
"2553",-6870.568
"2554",-6713.373
"2555",-6579.018
"2556",-6735.409
"2557",-6478.731
"2558",-6906.594
"2559",-6797.672
"2560",-6696.344
"2561",-6714.359
"2562",-7034.832
"2563",-6903.923
"2564",-6764.609
"2565",-6497.762
"2566",-6699.893
"2567",-6714.581
"2568",-6743.108
"2569",-6667.744
"2570",-6775.134
"2571",-6604.86
"2572",-6632.297
"2573",-6532.348
"2574",-6970.988
"2575",-6253.706
"2576",-6898.739
"2577",-6733.451
"2578",-6485.258
"2579",-6632.84
"2580",-6686.728
"2581",-6489.94
"2582",-6628.924
"2583",-6591.16
"2584",-6391.751
"2585",-6879.873
"2586",-6861.377
"2587",-6543.794
"2588",-6778.405
"2589",-6629.186
"2590",-6647.532
"2591",-6409.689
"2592",-6521.113
"2593",-6445.626
"2594",-6552.176
"2595",-6637.403
"2596",-6942.316
"2597",-6786.754
"2598",-7055.933
"2599",-6533.641
"2600",-6429.605
"2601",-6853.189
"2602",-6447.353
"2603",-6741.274
"2604",-6516.701
"2605",-6857.944
"2606",-6751.999
"2607",-6869.59
"2608",-6727.487
"2609",-6486.229
"2610",-6761.142
"2611",-6763.747
"2612",-6906.581
"2613",-7132.494
"2614",-6475.003
"2615",-6727.009
"2616",-6720.835
"2617",-6971.676
"2618",-6613.455
"2619",-6785.917
"2620",-6781.826
"2621",-6647.998
"2622",-6646.898
"2623",-6531.215
"2624",-6865.844
"2625",-6875.436
"2626",-6422.842
"2627",-6846.764
"2628",-6670.282
"2629",-6648.465
"2630",-6787.172
"2631",-6796.248
"2632",-6847.359
"2633",-6601.02
"2634",-6755.881
"2635",-6305.639
"2636",-6688.37
"2637",-6757.994
"2638",-6615.784
"2639",-6765.768
"2640",-6835.749
"2641",-6586.147
"2642",-6596.352
"2643",-6627.313
"2644",-6515.532
"2645",-6575.438
"2646",-6712.871
"2647",-6563.397
"2648",-6583.118
"2649",-6506.258
"2650",-6908.569
"2651",-6924.592
"2652",-6577.454
"2653",-6908.873
"2654",-6554.587
"2655",-6855.131
"2656",-6778.485
"2657",-6988.513
"2658",-6650.511
"2659",-6655.348
"2660",-6798.351
"2661",-6634.147
"2662",-6708.941
"2663",-6999.913
"2664",-6653.379
"2665",-6700.611
"2666",-6903.277
"2667",-6751.153
"2668",-6456.725
"2669",-6783.091
"2670",-6703.791
"2671",-6513.87
"2672",-6828.446
"2673",-6586.27
"2674",-6597.934
"2675",-6880.153
"2676",-6414.024
"2677",-6477.615
"2678",-6652.922
"2679",-6863.284
"2680",-6771.065
"2681",-6613.889
"2682",-6641.616
"2683",-6755.132
"2684",-6745.959
"2685",-6966.29
"2686",-6829.499
"2687",-6485.91
"2688",-6600.244
"2689",-6557.939
"2690",-6637.894
"2691",-6462.801
"2692",-6894.08
"2693",-6671.342
"2694",-6599.845
"2695",-6712.822
"2696",-7040.875
"2697",-6584.661
"2698",-6492.022
"2699",-6668.712
"2700",-6649.729
"2701",-6522.182
"2702",-6905.477
"2703",-6870.312
"2704",-6448.593
"2705",-6879.089
"2706",-6774.156
"2707",-6436.589
"2708",-6597.088
"2709",-6685.238
"2710",-6680.678
"2711",-6921.179
"2712",-6716.326
"2713",-6613.475
"2714",-6785.449
"2715",-6537.402
"2716",-6507.24
"2717",-6919.095
"2718",-6850.451
"2719",-6852.469
"2720",-6552.612
"2721",-6769.21
"2722",-6760.872
"2723",-7023.993
"2724",-6630.101
"2725",-6856.408
"2726",-7157.884
"2727",-6701.669
"2728",-6888.564
"2729",-6568.486
"2730",-6593.445
"2731",-6429.607
"2732",-6741.143
"2733",-6674.742
"2734",-6451.308
"2735",-6942.794
"2736",-6721.733
"2737",-6423.233
"2738",-6661.77
"2739",-6550.962
"2740",-6556.174
"2741",-6319.703
"2742",-6651.204
"2743",-6811.128
"2744",-6622.032
"2745",-6833.258
"2746",-6661.837
"2747",-6743.213
"2748",-6854.696
"2749",-6827.656
"2750",-6930.966
"2751",-6637.207
"2752",-6678.094
"2753",-6496.82
"2754",-6610.015
"2755",-6524.202
"2756",-6756.538
"2757",-6676.251
"2758",-6656.025
"2759",-6796.188
"2760",-6643.683
"2761",-6780.257
"2762",-6696.638
"2763",-6803.034
"2764",-6831.43
"2765",-6993.445
"2766",-6739.672
"2767",-6851.104
"2768",-6545.911
"2769",-6538.83
"2770",-6698.06
"2771",-6906.291
"2772",-6570.836
"2773",-6796.563
"2774",-6584.081
"2775",-6320.888
"2776",-6692.819
"2777",-6657.221
"2778",-7000.313
"2779",-6587.61
"2780",-6702.767
"2781",-6516.54
"2782",-6593.585
"2783",-6572.566
"2784",-6868.623
"2785",-6708.107
"2786",-6587.275
"2787",-6739.167
"2788",-6676.862
"2789",-6706.434
"2790",-6912.649
"2791",-6956.238
"2792",-6620.158
"2793",-6560.112
"2794",-6583.577
"2795",-6768.389
"2796",-6674.682
"2797",-6647.94
"2798",-6617.792
"2799",-6851.494
"2800",-6715.811
"2801",-6886.177
"2802",-6412.971
"2803",-6731.868
"2804",-7002.359
"2805",-6857.628
"2806",-6588.338
"2807",-6605.864
"2808",-6858.963
"2809",-6648.214
"2810",-6739.187
"2811",-6803.41
"2812",-6510.159
"2813",-6714.479
"2814",-6749.815
"2815",-6428.567
"2816",-7069.622
"2817",-6652.077
"2818",-6712.384
"2819",-6445.364
"2820",-6654.823
"2821",-6638.747
"2822",-6740.766
"2823",-6655.45
"2824",-6708.484
"2825",-6634.017
"2826",-6473.84
"2827",-6854.851
"2828",-6792.132
"2829",-6847.879
"2830",-6742.277
"2831",-6626.669
"2832",-6808.823
"2833",-6946.955
"2834",-6836.931
"2835",-6776.152
"2836",-6695.059
"2837",-6857.536
"2838",-6797.914
"2839",-6858.647
"2840",-6640.951
"2841",-6634.082
"2842",-6893.906
"2843",-6686.365
"2844",-6786.032
"2845",-6731.252
"2846",-6683.494
"2847",-6908.632
"2848",-6771.867
"2849",-6684.774
"2850",-6572.99
"2851",-6693.143
"2852",-7057.126
"2853",-6628.405
"2854",-6690.153
"2855",-6409.448
"2856",-6487.451
"2857",-6725.066
"2858",-6753.165
"2859",-6753.895
"2860",-6698.647
"2861",-6897.252
"2862",-6827.326
"2863",-6616.042
"2864",-6779.532
"2865",-7019.537
"2866",-6844.186
"2867",-6610.48
"2868",-6740.224
"2869",-6564.202
"2870",-6977.445
"2871",-6969.657
"2872",-6717.634
"2873",-6587.073
"2874",-6998.324
"2875",-6865.536
"2876",-6817.628
"2877",-6783.153
"2878",-6530.1
"2879",-6568.822
"2880",-6699.607
"2881",-6653.56
"2882",-6314.883
"2883",-6804.986
"2884",-6444.694
"2885",-6523.385
"2886",-6781.429
"2887",-6779.231
"2888",-6619.662
"2889",-6722.72
"2890",-6872.085
"2891",-6599.962
"2892",-6815.706
"2893",-7026.918
"2894",-6720.874
"2895",-6534.99
"2896",-6523.787
"2897",-6936.009
"2898",-6796.282
"2899",-6561.591
"2900",-6718.033
"2901",-6805.257
"2902",-6522.664
"2903",-6575.076
"2904",-6884.032
"2905",-6586.607
"2906",-6742.967
"2907",-6274.654
"2908",-6816.539
"2909",-6547.579
"2910",-6539.97
"2911",-6520.701
"2912",-6716.188
"2913",-6793.699
"2914",-6647.945
"2915",-6765.608
"2916",-6741.67
"2917",-6341.97
"2918",-6449.582
"2919",-6785.964
"2920",-6666.613
"2921",-6551.904
"2922",-6381.14
"2923",-6905.208
"2924",-6865.963
"2925",-6520.867
"2926",-6736.078
"2927",-6592.175
"2928",-6769.217
"2929",-6727.552
"2930",-7067.414
"2931",-6596.216
"2932",-6557.685
"2933",-6477.926
"2934",-6778.247
"2935",-6554.224
"2936",-6499.384
"2937",-6609.124
"2938",-6508.314
"2939",-6486.878
"2940",-6701.361
"2941",-6970.332
"2942",-6408.003
"2943",-6868.837
"2944",-6902.583
"2945",-7053.765
"2946",-6627.442
"2947",-6411.935
"2948",-6661.839
"2949",-6694.027
"2950",-6601.895
"2951",-6515.813
"2952",-6739.575
"2953",-6690.63
"2954",-6383.397
"2955",-6588.396
"2956",-6612.57
"2957",-6611.136
"2958",-6656.21
"2959",-7011.312
"2960",-6835.435
"2961",-6749.636
"2962",-7026.899
"2963",-6406.632
"2964",-6490.056
"2965",-6768.263
"2966",-6718.265
"2967",-6890.699
"2968",-6483.194
"2969",-6594.416
"2970",-6895.145
"2971",-6620.021
"2972",-6816.127
"2973",-6862.647
"2974",-6599.549
"2975",-6702.618
"2976",-6722.194
"2977",-6963.836
"2978",-6801.555
"2979",-7176.971
"2980",-6812.184
"2981",-6676.447
"2982",-6786.749
"2983",-6958.358
"2984",-6530.096
"2985",-6982.005
"2986",-6691.627
"2987",-6636.891
"2988",-6503.229
"2989",-6911.241
"2990",-6695.664
"2991",-6615.243
"2992",-6959.857
"2993",-6777.263
"2994",-6903.994
"2995",-6846.231
"2996",-6498.709
"2997",-6751.827
"2998",-6883.556
"2999",-6567.158
"3000",-6652.429
"3001",-6544.708
"3002",-6545.274
"3003",-6898.679
"3004",-6583.588
"3005",-6605.165
"3006",-6816.661
"3007",-6783.648
"3008",-6809.988
"3009",-6824.154
"3010",-6603.22
"3011",-6592.787
"3012",-6805.251
"3013",-6826.992
"3014",-6616.371
"3015",-6810.195
"3016",-6942.53
"3017",-7062.641
"3018",-6673.117
"3019",-6518.009
"3020",-6535.085
"3021",-6613.547
"3022",-6585.758
"3023",-6944.387
"3024",-6616.893
"3025",-6959.137
"3026",-6595.939
"3027",-6755.392
"3028",-6868.503
"3029",-6961.067
"3030",-6998.399
"3031",-6887.893
"3032",-6791.141
"3033",-6680.258
"3034",-6630.582
"3035",-6379.01
"3036",-6437.974
"3037",-6705.677
"3038",-6736.313
"3039",-6994.547
"3040",-6676.79
"3041",-6715.868
"3042",-6532.387
"3043",-6583.654
"3044",-6555.234
"3045",-6822.428
"3046",-6705.071
"3047",-6422.125
"3048",-6910.886
"3049",-6756.901
"3050",-6936.103
"3051",-6646.386
"3052",-6708.226
"3053",-6658.514
"3054",-6356.844
"3055",-6789.214
"3056",-6430.167
"3057",-7057.04
"3058",-6838.559
"3059",-6502.294
"3060",-6384.764
"3061",-6884.559
"3062",-6574.447
"3063",-6726.77
"3064",-6566.786
"3065",-7107.945
"3066",-6814.647
"3067",-6734.375
"3068",-6763.776
"3069",-6833.16
"3070",-6672.42
"3071",-6628.471
"3072",-6445.401
"3073",-7096.656
"3074",-6930.999
"3075",-6818.39
"3076",-6606.024
"3077",-6779.368
"3078",-6580.434
"3079",-6708.145
"3080",-6657.125
"3081",-6679.45
"3082",-6586.422
"3083",-6815.821
"3084",-6794.601
"3085",-6686.244
"3086",-6398.433
"3087",-7010.913
"3088",-6898.876
"3089",-6745.911
"3090",-6612.488
"3091",-6804.104
"3092",-6672.744
"3093",-6864.843
"3094",-6595.049
"3095",-6651.023
"3096",-6626.997
"3097",-6681.908
"3098",-6475.719
"3099",-6887.453
"3100",-6953.085
"3101",-6929.293
"3102",-6779.978
"3103",-6597.043
"3104",-6495.061
"3105",-6640.406
"3106",-6828.015
"3107",-6593.133
"3108",-6494.259
"3109",-6678.384
"3110",-6493.383
"3111",-6886.216
"3112",-6775.127
"3113",-6437.497
"3114",-6608.192
"3115",-6755.452
"3116",-6765.831
"3117",-6722.902
"3118",-6657.88
"3119",-6620.989
"3120",-6925.208
"3121",-6715.26
"3122",-6671.957
"3123",-6654.269
"3124",-6974.087
"3125",-6624.346
"3126",-6716.466
"3127",-6694.14
"3128",-6819.435
"3129",-6787.743
"3130",-6844.317
"3131",-6837.162
"3132",-6877.802
"3133",-6600.642
"3134",-6459.303
"3135",-6602.968
"3136",-6768.876
"3137",-6626.7
"3138",-6812.857
"3139",-6835.382
"3140",-6697.944
"3141",-6743.924
"3142",-6624.17
"3143",-6638.699
"3144",-6872.161
"3145",-6772.062
"3146",-6660.303
"3147",-6962.686
"3148",-7047.272
"3149",-6646.112
"3150",-6718.15
"3151",-6719.076
"3152",-6883.048
"3153",-6790.621
"3154",-7118.109
"3155",-6468.713
"3156",-6591.106
"3157",-6772.204
"3158",-6813.155
"3159",-6762.156
"3160",-6670.286
"3161",-6706.984
"3162",-6677.176
"3163",-7090.641
"3164",-6753.272
"3165",-6752.628
"3166",-6743.232
"3167",-6374.566
"3168",-7212.339
"3169",-6716.184
"3170",-6595.97
"3171",-6876.571
"3172",-6769.543
"3173",-6728.164
"3174",-6639.516
"3175",-6472.044
"3176",-6752.597
"3177",-6559.775
"3178",-6791.446
"3179",-6837.7
"3180",-6616.872
"3181",-7028.181
"3182",-6514.239
"3183",-6840.266
"3184",-7007.89
"3185",-6901.286
"3186",-6895.706
"3187",-6852.963
"3188",-6716.742
"3189",-6876.663
"3190",-6999.128
"3191",-6611.717
"3192",-6868.194
"3193",-6418.535
"3194",-6651.152
"3195",-6742.186
"3196",-6840.561
"3197",-6801.716
"3198",-6470.448
"3199",-6610.011
"3200",-6578.33
"3201",-6683.246
"3202",-6900.533
"3203",-6970.778
"3204",-6478.715
"3205",-6750.415
"3206",-6821.759
"3207",-6451.902
"3208",-6990.152
"3209",-6494.224
"3210",-6656.096
"3211",-6764.959
"3212",-6689.782
"3213",-6670.568
"3214",-6481.26
"3215",-6756.583
"3216",-6662.02
"3217",-6653.046
"3218",-6796.435
"3219",-6732.027
"3220",-6738.426
"3221",-6633.957
"3222",-6542.941
"3223",-6660.763
"3224",-6606.27
"3225",-6689.255
"3226",-6782.888
"3227",-6819.859
"3228",-6767.002
"3229",-6770.916
"3230",-6972.893
"3231",-6690.536
"3232",-6948.717
"3233",-6593.168
"3234",-6824.972
"3235",-6730.747
"3236",-6705.814
"3237",-6559.963
"3238",-7155.63
"3239",-6770.729
"3240",-6723.405
"3241",-6403.458
"3242",-6844.503
"3243",-6545.82
"3244",-6591.538
"3245",-6493.031
"3246",-6523.565
"3247",-6742.776
"3248",-6690.771
"3249",-6751.142
"3250",-6675.441
"3251",-6726.33
"3252",-6734.86
"3253",-6875.698
"3254",-6634.662
"3255",-6655.994
"3256",-6602.122
"3257",-6636.661
"3258",-6798.085
"3259",-6773.699
"3260",-6837.429
"3261",-6721.663
"3262",-6706.199
"3263",-6711.975
"3264",-6867.263
"3265",-6780.439
"3266",-6549.08
"3267",-6833.461
"3268",-6401.669
"3269",-6764.209
"3270",-6544.755
"3271",-7115.784
"3272",-6805.861
"3273",-6763.598
"3274",-6683.73
"3275",-6544.074
"3276",-6851.18
"3277",-6780.115
"3278",-6431.616
"3279",-6775.732
"3280",-7016.876
"3281",-6872.427
"3282",-6578.222
"3283",-6625.24
"3284",-6825.486
"3285",-6890.198
"3286",-6626.239
"3287",-6789.462
"3288",-6732.326
"3289",-6757.276
"3290",-6691.125
"3291",-6710.017
"3292",-6668.707
"3293",-6579.079
"3294",-6873.16
"3295",-6774.673
"3296",-6595.293
"3297",-6811.158
"3298",-6742.308
"3299",-6850.11
"3300",-6695.554
"3301",-6815.405
"3302",-6805.397
"3303",-6893.853
"3304",-6722.746
"3305",-6870.397
"3306",-6686.524
"3307",-6748.579
"3308",-6644.507
"3309",-6711.101
"3310",-6738.569
"3311",-6729.083
"3312",-6599.35
"3313",-6582.416
"3314",-6676.716
"3315",-6831.245
"3316",-6743.039
"3317",-6893.114
"3318",-6645.981
"3319",-6847.065
"3320",-6821.086
"3321",-6570.395
"3322",-6816.413
"3323",-6880.56
"3324",-6657.665
"3325",-6317.643
"3326",-6552.471
"3327",-6954.013
"3328",-6543.874
"3329",-6833.588
"3330",-6766.103
"3331",-6815.616
"3332",-6660.984
"3333",-6955.843
"3334",-6219.492
"3335",-6898.101
"3336",-6605.096
"3337",-6913.25
"3338",-6711.651
"3339",-6696.56
"3340",-6587.575
"3341",-6793
"3342",-6756.487
"3343",-6894.193
"3344",-6543.367
"3345",-6743.856
"3346",-6550.948
"3347",-6694.1
"3348",-6638.797
"3349",-6855.827
"3350",-6685.273
"3351",-6561.065
"3352",-6774.757
"3353",-6530.437
"3354",-6456.878
"3355",-6505.939
"3356",-6526.317
"3357",-6473.531
"3358",-6853.204
"3359",-6666.94
"3360",-6602.959
"3361",-6732.565
"3362",-6853.369
"3363",-6559.401
"3364",-7181.585
"3365",-6519.557
"3366",-6803.354
"3367",-6646.545
"3368",-6763.893
"3369",-6510.177
"3370",-6807.28
"3371",-6567.828
"3372",-6785.847
"3373",-6557.276
"3374",-6553.648
"3375",-6727.497
"3376",-6690.778
"3377",-6755.618
"3378",-7007.543
"3379",-6849.232
"3380",-6855.826
"3381",-6881.88
"3382",-6897.877
"3383",-6734.856
"3384",-6812.104
"3385",-6727.647
"3386",-6890.68
"3387",-6761.663
"3388",-6740.796
"3389",-6619.763
"3390",-6832.126
"3391",-6832.113
"3392",-6707.526
"3393",-6950.448
"3394",-6654.203
"3395",-6718.143
"3396",-6591.505
"3397",-6486.19
"3398",-6663.994
"3399",-6624.614
"3400",-6379.527
"3401",-6957.736
"3402",-6738.737
"3403",-6693.299
"3404",-6727.806
"3405",-6807.5
"3406",-6694.674
"3407",-6677.436
"3408",-6745.472
"3409",-6841.142
"3410",-6630.14
"3411",-6777.389
"3412",-6560.746
"3413",-6778.448
"3414",-6958.966
"3415",-6387.987
"3416",-6367.06
"3417",-6903.829
"3418",-6532.061
"3419",-6740.377
"3420",-6668.348
"3421",-6420.426
"3422",-6777.196
"3423",-6981.836
"3424",-7026.465
"3425",-6793.271
"3426",-6660.484
"3427",-6486.177
"3428",-6968.625
"3429",-6794.424
"3430",-6536.594
"3431",-6658.703
"3432",-6340
"3433",-6552.792
"3434",-6518.061
"3435",-6534.226
"3436",-6877.571
"3437",-6740.246
"3438",-6949.126
"3439",-6663.425
"3440",-6740.594
"3441",-6649.113
"3442",-6695.323
"3443",-6502.571
"3444",-6748.714
"3445",-6919.355
"3446",-6741.719
"3447",-6653.92
"3448",-6772.363
"3449",-7003.098
"3450",-6718.481
"3451",-6764.388
"3452",-6721.518
"3453",-6771.783
"3454",-6573.472
"3455",-6691.261
"3456",-6525.918
"3457",-6780.355
"3458",-6422.721
"3459",-6850.873
"3460",-6710.759
"3461",-6846.654
"3462",-6715.606
"3463",-6636.525
"3464",-6641.793
"3465",-6801.495
"3466",-6886.566
"3467",-6699.051
"3468",-7122.049
"3469",-6514.484
"3470",-6712.435
"3471",-6810.877
"3472",-6603.561
"3473",-6927.327
"3474",-6857.333
"3475",-6745.117
"3476",-6750.243
"3477",-6855.356
"3478",-6694.562
"3479",-6682.805
"3480",-6671.529
"3481",-6809.143
"3482",-6575.161
"3483",-6760.769
"3484",-6532.532
"3485",-6776.721
"3486",-6361.683
"3487",-6644.073
"3488",-6648.006
"3489",-6709.595
"3490",-6751.103
"3491",-6783.95
"3492",-6397.69
"3493",-6622.238
"3494",-7089.88
"3495",-6578.029
"3496",-6365.037
"3497",-6819.975
"3498",-6938.542
"3499",-6686.672
"3500",-6489.883
"3501",-6572.007
"3502",-6811.26
"3503",-6757.678
"3504",-6678.876
"3505",-6446.546
"3506",-6671.132
"3507",-6844.939
"3508",-7113.362
"3509",-6477.848
"3510",-6825.757
"3511",-6787.221
"3512",-6997.465
"3513",-6756.395
"3514",-6602.274
"3515",-6433.503
"3516",-6865.021
"3517",-6412.87
"3518",-6954.353
"3519",-6707.086
"3520",-6942.155
"3521",-6661.772
"3522",-6908.233
"3523",-6780.29
"3524",-6653.007
"3525",-6895.172
"3526",-6507.41
"3527",-6596.809
"3528",-6599.547
"3529",-6935.199
"3530",-6542.441
"3531",-6888.417
"3532",-6915.447
"3533",-6681.095
"3534",-6846.539
"3535",-6197.356
"3536",-6662.455
"3537",-6740.493
"3538",-6562.59
"3539",-6957.634
"3540",-6723.616
"3541",-6956.756
"3542",-6739.298
"3543",-7008.689
"3544",-6646.169
"3545",-6623.169
"3546",-6790.135
"3547",-6813.696
"3548",-6732.442
"3549",-6763.167
"3550",-6514.446
"3551",-6748.715
"3552",-6859.615
"3553",-6828.827
"3554",-6979.168
"3555",-6775.744
"3556",-6942.355
"3557",-6695.033
"3558",-6407.62
"3559",-6668.966
"3560",-6709.773
"3561",-6742.505
"3562",-6725.189
"3563",-6851.127
"3564",-6911.174
"3565",-6562.214
"3566",-6682.093
"3567",-6884.73
"3568",-6793.802
"3569",-6672.923
"3570",-6634.468
"3571",-6722.131
"3572",-6528.319
"3573",-6662.576
"3574",-6981.416
"3575",-7006.447
"3576",-6987.472
"3577",-6799.788
"3578",-6928.267
"3579",-6779.024
"3580",-6969.347
"3581",-6796.638
"3582",-6777.085
"3583",-6967.484
"3584",-6800.575
"3585",-6943.302
"3586",-6568.486
"3587",-6629.993
"3588",-6704.348
"3589",-6527.705
"3590",-6621.253
"3591",-6766.778
"3592",-6707.97
"3593",-6585.892
"3594",-6787.142
"3595",-6628.983
"3596",-6890.092
"3597",-6753.376
"3598",-6607.577
"3599",-6301.706
"3600",-7090.89
"3601",-6543.72
"3602",-6637.683
"3603",-6818.983
"3604",-6622.045
"3605",-6924.869
"3606",-6440.044
"3607",-6721.141
"3608",-6978.388
"3609",-6478.618
"3610",-6485.111
"3611",-6969.694
"3612",-6841.528
"3613",-6829.438
"3614",-7016.186
"3615",-6861.532
"3616",-6703.329
"3617",-6499.419
"3618",-6628.864
"3619",-6766.541
"3620",-6965.45
"3621",-6202.618
"3622",-6847.464
"3623",-6813.284
"3624",-6784.918
"3625",-6870.61
"3626",-6608.866
"3627",-6687.299
"3628",-6794.631
"3629",-6754.403
"3630",-7277.535
"3631",-6628.782
"3632",-7007.33
"3633",-6871.271
"3634",-6496.732
"3635",-6481.598
"3636",-6522.676
"3637",-6658.777
"3638",-6671.132
"3639",-6723.037
"3640",-6813.056
"3641",-6471.207
"3642",-6850.824
"3643",-6566.239
"3644",-6733.944
"3645",-6407.461
"3646",-6590.911
"3647",-6550.367
"3648",-6677.175
"3649",-6657.616
"3650",-6535.466
"3651",-7025.93
"3652",-6686.313
"3653",-6522.099
"3654",-6739.962
"3655",-6895.549
"3656",-6860.071
"3657",-6661.702
"3658",-6875.899
"3659",-6817.466
"3660",-6872.579
"3661",-6850.78
"3662",-6920.008
"3663",-6484.785
"3664",-6738.86
"3665",-6921.976
"3666",-6854.449
"3667",-6503.239
"3668",-6697.341
"3669",-6957.952
"3670",-6410.507
"3671",-6752.36
"3672",-6982.985
"3673",-6917.353
"3674",-6871.275
"3675",-6609.503
"3676",-6972.71
"3677",-6863.58
"3678",-6839.591
"3679",-6283.116
"3680",-6786.09
"3681",-6761.549
"3682",-6324.389
"3683",-6514.033
"3684",-6693.684
"3685",-6700.818
"3686",-6994.107
"3687",-6778.975
"3688",-6543.835
"3689",-6811.043
"3690",-6609.573
"3691",-6617.429
"3692",-6847.586
"3693",-6391.947
"3694",-6816.741
"3695",-7127.581
"3696",-6927.922
"3697",-6743.426
"3698",-6358.257
"3699",-6932.099
"3700",-6883.743
"3701",-6747.556
"3702",-6708.335
"3703",-6671.22
"3704",-6610.418
"3705",-6535.933
"3706",-6299.489
"3707",-6805.582
"3708",-6725.843
"3709",-6621.956
"3710",-6467.079
"3711",-6890.95
"3712",-6606.002
"3713",-6614.402
"3714",-6747.41
"3715",-6995.431
"3716",-6728.961
"3717",-6617.296
"3718",-6883.5
"3719",-6744.22
"3720",-6537.475
"3721",-6569.406
"3722",-6663.423
"3723",-6542.627
"3724",-6534.442
"3725",-6952.805
"3726",-6794.857
"3727",-6383.024
"3728",-6529.334
"3729",-6931.949
"3730",-6881.714
"3731",-6950.027
"3732",-6872.177
"3733",-6907.86
"3734",-6701.902
"3735",-7017.273
"3736",-6510.005
"3737",-6631.488
"3738",-6441.032
"3739",-6851.872
"3740",-6891.344
"3741",-6627.982
"3742",-6927.85
"3743",-6630.284
"3744",-6647.924
"3745",-6751.057
"3746",-6714.313
"3747",-6200.096
"3748",-6827.161
"3749",-6807.246
"3750",-7050.036
"3751",-6592.732
"3752",-6965.104
"3753",-6560.128
"3754",-6967.241
"3755",-6612.101
"3756",-6739.851
"3757",-6636.985
"3758",-6976.54
"3759",-6641.343
"3760",-6607.632
"3761",-6467.457
"3762",-6701.048
"3763",-6579.73
"3764",-6992.576
"3765",-6498.68
"3766",-6803.099
"3767",-6526.645
"3768",-6681.056
"3769",-6840.962
"3770",-6579.073
"3771",-6851.279
"3772",-6409.719
"3773",-6824.332
"3774",-6707.91
"3775",-6655.262
"3776",-6751.374
"3777",-6578.592
"3778",-6703.29
"3779",-6626.978
"3780",-6986.527
"3781",-6862.983
"3782",-6809.749
"3783",-6824.501
"3784",-7005.249
"3785",-6494.811
"3786",-6681.797
"3787",-6748.269
"3788",-6851.701
"3789",-6727.545
"3790",-6730.282
"3791",-6837.076
"3792",-6587.146
"3793",-6583.418
"3794",-6801.83
"3795",-6758.177
"3796",-6984.775
"3797",-6539.574
"3798",-6737.789
"3799",-6721.458
"3800",-6887.11
"3801",-6600.562
"3802",-6705.086
"3803",-6945.024
"3804",-6631.188
"3805",-6772.476
"3806",-6454.57
"3807",-6408.666
"3808",-6484.776
"3809",-6483.58
"3810",-6341.03
"3811",-6255.672
"3812",-6721.508
"3813",-6894.817
"3814",-6699.548
"3815",-6891.84
"3816",-7005.617
"3817",-6407.839
"3818",-6633.602
"3819",-6761.297
"3820",-6646.665
"3821",-6835.972
"3822",-6621.333
"3823",-6749.372
"3824",-6723.285
"3825",-6568.037
"3826",-6868.282
"3827",-6607.536
"3828",-6731.18
"3829",-6220.635
"3830",-6516.87
"3831",-6656.911
"3832",-6870.888
"3833",-6532.706
"3834",-6648.452
"3835",-6704.016
"3836",-6783.851
"3837",-7087.924
"3838",-6605.594
"3839",-6403.93
"3840",-6726.438
"3841",-6345.282
"3842",-6719.231
"3843",-6951.154
"3844",-6634.523
"3845",-6579.746
"3846",-6814.955
"3847",-6421.234
"3848",-6471.915
"3849",-6746.868
"3850",-6574.449
"3851",-6768.689
"3852",-6456.309
"3853",-6774.026
"3854",-6686.483
"3855",-6558.801
"3856",-6527.185
"3857",-6608.931
"3858",-6872.743
"3859",-6705.25
"3860",-6739.471
"3861",-7023.332
"3862",-6485.43
"3863",-6800.759
"3864",-6535.615
"3865",-7070.22
"3866",-6742.133
"3867",-6503.33
"3868",-6541.237
"3869",-6359.558
"3870",-6923.095
"3871",-6538.717
"3872",-6531.255
"3873",-6832.884
"3874",-6784.102
"3875",-6852.766
"3876",-6783.812
"3877",-6550.217
"3878",-6914.757
"3879",-6450.152
"3880",-6561.005
"3881",-6708.311
"3882",-6545.391
"3883",-6756.037
"3884",-6520.04
"3885",-6505.714
"3886",-6694.706
"3887",-6933.256
"3888",-6719.601
"3889",-6766.653
"3890",-7037.574
"3891",-7077.524
"3892",-6593.821
"3893",-6823.584
"3894",-6732.523
"3895",-6814.417
"3896",-6789.503
"3897",-6806.018
"3898",-6706.172
"3899",-6788.554
"3900",-6738.325
"3901",-6385.583
"3902",-6650.249
"3903",-6548.383
"3904",-6581.172
"3905",-6645.813
"3906",-6879.728
"3907",-6450.584
"3908",-6964.338
"3909",-6937.246
"3910",-6543.177
"3911",-6590.785
"3912",-6616.441
"3913",-6742.4
"3914",-6789.799
"3915",-6727.971
"3916",-6491.355
"3917",-6215.663
"3918",-6746.219
"3919",-6606.581
"3920",-6743.118
"3921",-6547.175
"3922",-6537.108
"3923",-6724.102
"3924",-6455.244
"3925",-6897.049
"3926",-6764.914
"3927",-6531.718
"3928",-6652.556
"3929",-6473.973
"3930",-6496.704
"3931",-6486.927
"3932",-6831.289
"3933",-6854.738
"3934",-6793.81
"3935",-6573.833
"3936",-6863.811
"3937",-6697.586
"3938",-6917.442
"3939",-6505.254
"3940",-6668.486
"3941",-6479.33
"3942",-6660.461
"3943",-7000.655
"3944",-6761.645
"3945",-6539.884
"3946",-6542.47
"3947",-6574.233
"3948",-6791.766
"3949",-6506.751
"3950",-6377.443
"3951",-6665.628
"3952",-6611.595
"3953",-6330.946
"3954",-6726.691
"3955",-6983.415
"3956",-6372.321
"3957",-6542.312
"3958",-6626.838
"3959",-6849.553
"3960",-6772.928
"3961",-6691.123
"3962",-7009.035
"3963",-6086.533
"3964",-6708.489
"3965",-7079.614
"3966",-6807.278
"3967",-6383.214
"3968",-6675.035
"3969",-6645.87
"3970",-6658.456
"3971",-6865.015
"3972",-6688.643
"3973",-6804.399
"3974",-6871.752
"3975",-6834.987
"3976",-6554.614
"3977",-6633.787
"3978",-6634.562
"3979",-6793.006
"3980",-6647.527
"3981",-6475.022
"3982",-6511.443
"3983",-6740.2
"3984",-6626.246
"3985",-6657.072
"3986",-6663.199
"3987",-6459.966
"3988",-6722.28
"3989",-6510.205
"3990",-6618.934
"3991",-6740.556
"3992",-6826.635
"3993",-6709.149
"3994",-6734.947
"3995",-6622.476
"3996",-6509.701
"3997",-6598.354
"3998",-6740.592
"3999",-6792.592
"4000",-6670.398
"4001",-6781.275
"4002",-6647.872
"4003",-6629.841
"4004",-6570.249
"4005",-6572.388
"4006",-6774.986
"4007",-6744.318
"4008",-6754.165
"4009",-6579.401
"4010",-6760.895
"4011",-6887.63
"4012",-6399.917
"4013",-6790.545
"4014",-6818.555
"4015",-6639.759
"4016",-6796.61
"4017",-6926.103
"4018",-6742.81
"4019",-6835.872
"4020",-7000.651
"4021",-6885.018
"4022",-6503.937
"4023",-6617.014
"4024",-6671.983
"4025",-6562.867
"4026",-6653.805
"4027",-6794.58
"4028",-6847.79
"4029",-6593.286
"4030",-6925.423
"4031",-6978.949
"4032",-6746.127
"4033",-6750.199
"4034",-6875.258
"4035",-6733.188
"4036",-6673.269
"4037",-6584.587
"4038",-6751.788
"4039",-6823.622
"4040",-6608.649
"4041",-6945.715
"4042",-6852.185
"4043",-7020.38
"4044",-6535.021
"4045",-6760.265
"4046",-6806.534
"4047",-6945.337
"4048",-6756.612
"4049",-7008.208
"4050",-6594.166
"4051",-6622.55
"4052",-6858.143
"4053",-7042.372
"4054",-6526.4
"4055",-6661.553
"4056",-6754.302
"4057",-6472.295
"4058",-6786.955
"4059",-6695.198
"4060",-6805.671
"4061",-6760.717
"4062",-6428.771
"4063",-6793.792
"4064",-6696.093
"4065",-6387.673
"4066",-7030.539
"4067",-6652.755
"4068",-6437.806
"4069",-6889.174
"4070",-6600.627
"4071",-6345.936
"4072",-6863.962
"4073",-6938.19
"4074",-6725.92
"4075",-6510.933
"4076",-6893.195
"4077",-6705.415
"4078",-6575.296
"4079",-6623.219
"4080",-6899.513
"4081",-6717.611
"4082",-6817.051
"4083",-6626.512
"4084",-6748.417
"4085",-6633.185
"4086",-6568.355
"4087",-6584.619
"4088",-6783.114
"4089",-6477.72
"4090",-6941.262
"4091",-6634.007
"4092",-6575.541
"4093",-7053.792
"4094",-6913.919
"4095",-6761.129
"4096",-6734.437
"4097",-6882.024
"4098",-6880.614
"4099",-6777.543
"4100",-6426.94
"4101",-6645.273
"4102",-6710.07
"4103",-6903.412
"4104",-6623.897
"4105",-6284.379
"4106",-6810.323
"4107",-6687.555
"4108",-6823.326
"4109",-7153.864
"4110",-6740.793
"4111",-6463.317
"4112",-6368.348
"4113",-6548.102
"4114",-6958.359
"4115",-6602.745
"4116",-6946.945
"4117",-6691.981
"4118",-6743.021
"4119",-6774.102
"4120",-6819.688
"4121",-6566.36
"4122",-6730.92
"4123",-6694.791
"4124",-6761.588
"4125",-6618.36
"4126",-6480.523
"4127",-6803.409
"4128",-6604.916
"4129",-6415.626
"4130",-6709.169
"4131",-6917.58
"4132",-6638.004
"4133",-6560.613
"4134",-6833.571
"4135",-6963.442
"4136",-6960.357
"4137",-6625.22
"4138",-6738.808
"4139",-6618.128
"4140",-6564.138
"4141",-6778.284
"4142",-6748.718
"4143",-7213.088
"4144",-6603.385
"4145",-6921.625
"4146",-6528.432
"4147",-6726.017
"4148",-6603.737
"4149",-6822.882
"4150",-6940.512
"4151",-6617.516
"4152",-6707.011
"4153",-6695.244
"4154",-6786.558
"4155",-6750.584
"4156",-6701.308
"4157",-6781.869
"4158",-6387.73
"4159",-6612.334
"4160",-6533.191
"4161",-6782.899
"4162",-7007.721
"4163",-6790.782
"4164",-6843.7
"4165",-6850.753
"4166",-7071.575
"4167",-6818.15
"4168",-6810.084
"4169",-6720.164
"4170",-6646.623
"4171",-6507.275
"4172",-6640.915
"4173",-6938.207
"4174",-6851.071
"4175",-6796.174
"4176",-6606.209
"4177",-6625.286
"4178",-6834.277
"4179",-6826.717
"4180",-6797.916
"4181",-6909.33
"4182",-6964.998
"4183",-6637.425
"4184",-6751.718
"4185",-6495.027
"4186",-6665.908
"4187",-6602.679
"4188",-6296.964
"4189",-6682.875
"4190",-7010.565
"4191",-6658.336
"4192",-6746.482
"4193",-6737.25
"4194",-6815.596
"4195",-6583.017
"4196",-6538.925
"4197",-6837.317
"4198",-6471.323
"4199",-6606.283
"4200",-6858.922
"4201",-6652.327
"4202",-6711.057
"4203",-6548.626
"4204",-6724.503
"4205",-6780.272
"4206",-6785.889
"4207",-6754.851
"4208",-6576.406
"4209",-7148.918
"4210",-6721.146
"4211",-6899.117
"4212",-6857.059
"4213",-6652.754
"4214",-6875.097
"4215",-6509.204
"4216",-6808.611
"4217",-6761.273
"4218",-6958.901
"4219",-6879.876
"4220",-6624.729
"4221",-6881.401
"4222",-6368.963
"4223",-6676.837
"4224",-6652.918
"4225",-6739.146
"4226",-6630.81
"4227",-6530.064
"4228",-6577.373
"4229",-6495.899
"4230",-6735.699
"4231",-6425.999
"4232",-6865.448
"4233",-6742.798
"4234",-6530.19
"4235",-6824.907
"4236",-6606.692
"4237",-6712.879
"4238",-6619.445
"4239",-6635.163
"4240",-6600.921
"4241",-6899.629
"4242",-6655.13
"4243",-6765.065
"4244",-6594.72
"4245",-6644.381
"4246",-6702.466
"4247",-6857.581
"4248",-6904.565
"4249",-6761.048
"4250",-6853.129
"4251",-6563.477
"4252",-6830.919
"4253",-6746.724
"4254",-6661.515
"4255",-6840.8
"4256",-6640.117
"4257",-6668.975
"4258",-6552.477
"4259",-6828.127
"4260",-6573.022
"4261",-6408.859
"4262",-6562.524
"4263",-6975.608
"4264",-6997.775
"4265",-6780.765
"4266",-6501.376
"4267",-6350.08
"4268",-6943.02
"4269",-6867.206
"4270",-6608.085
"4271",-7065.969
"4272",-6968.442
"4273",-7018.139
"4274",-6713.653
"4275",-6658.286
"4276",-6566.668
"4277",-6696.449
"4278",-6652.382
"4279",-6703.897
"4280",-6720.979
"4281",-6963.07
"4282",-6622.641
"4283",-6834.087
"4284",-6977.879
"4285",-6544.794
"4286",-6489.311
"4287",-6766.096
"4288",-6889.264
"4289",-7112.822
"4290",-6694.116
"4291",-6456.436
"4292",-6929.213
"4293",-6664.097
"4294",-6529.879
"4295",-6658.759
"4296",-6883.753
"4297",-6810.751
"4298",-6832.128
"4299",-6570.813
"4300",-6690.582
"4301",-6639.688
"4302",-6787.559
"4303",-6476.642
"4304",-6964.802
"4305",-6982.006
"4306",-6939.555
"4307",-6787.274
"4308",-6523.082
"4309",-6511.062
"4310",-6821.918
"4311",-6853.55
"4312",-6916.166
"4313",-6969.645
"4314",-6593.193
"4315",-6647.322
"4316",-6988.03
"4317",-6518.784
"4318",-6781.69
"4319",-6941.503
"4320",-6836.839
"4321",-6633.221
"4322",-6551.356
"4323",-6773.719
"4324",-6563.156
"4325",-6952.562
"4326",-6754.873
"4327",-6818.594
"4328",-6844.834
"4329",-6573
"4330",-6626.042
"4331",-6638.592
"4332",-6603.639
"4333",-6478.743
"4334",-6655.271
"4335",-6938.922
"4336",-6928.203
"4337",-6513.591
"4338",-6929.833
"4339",-6772.488
"4340",-6940.542
"4341",-6579.794
"4342",-6690.456
"4343",-6594.77
"4344",-6296.232
"4345",-6555.921
"4346",-6615.784
"4347",-6880.249
"4348",-6989.077
"4349",-6986.377
"4350",-6556.094
"4351",-6434.36
"4352",-6587.827
"4353",-6981.237
"4354",-6594.904
"4355",-6804.107
"4356",-6485.395
"4357",-6892.453
"4358",-6903.609
"4359",-7106.333
"4360",-6754.18
"4361",-6769.922
"4362",-6489.737
"4363",-6546.287
"4364",-7185.747
"4365",-6590.655
"4366",-6967.351
"4367",-6609.032
"4368",-6905.535
"4369",-6590.778
"4370",-6699
"4371",-6823.519
"4372",-6674.835
"4373",-6876.379
"4374",-6551.958
"4375",-6397.409
"4376",-6705.205
"4377",-6824.478
"4378",-6692.627
"4379",-6612.237
"4380",-6696.519
"4381",-6826.525
"4382",-6861.186
"4383",-6526.619
"4384",-6749.488
"4385",-6712.579
"4386",-6826.253
"4387",-6784.277
"4388",-6806.819
"4389",-6424.143
"4390",-6904.579
"4391",-6706.027
"4392",-6672.108
"4393",-6904.173
"4394",-6950.55
"4395",-6722.952
"4396",-7010.912
"4397",-6502.658
"4398",-6642.026
"4399",-6717.205
"4400",-6566.244
"4401",-6648.561
"4402",-6548.272
"4403",-6795.514
"4404",-6918.408
"4405",-6549.797
"4406",-6589.411
"4407",-6764.176
"4408",-7033.694
"4409",-6869.96
"4410",-7023.858
"4411",-6898.696
"4412",-6529.756
"4413",-6775.585
"4414",-6515.656
"4415",-6926.171
"4416",-6646.212
"4417",-7009.899
"4418",-6475.449
"4419",-6889.631
"4420",-6767.812
"4421",-6658.986
"4422",-6729.777
"4423",-6929.366
"4424",-6508.552
"4425",-6603.804
"4426",-7032.447
"4427",-6577.413
"4428",-6764.373
"4429",-6691.681
"4430",-6545.366
"4431",-6947.863
"4432",-6709.391
"4433",-6590.53
"4434",-6664.135
"4435",-6531.859
"4436",-6485.169
"4437",-6704.59
"4438",-6841.916
"4439",-7053.856
"4440",-6890.068
"4441",-6450.974
"4442",-6670.385
"4443",-6714.235
"4444",-6583.029
"4445",-6571.428
"4446",-6428.352
"4447",-6830.059
"4448",-6666.915
"4449",-6602.73
"4450",-6728.703
"4451",-7072.176
"4452",-6982.997
"4453",-6450.045
"4454",-6627.536
"4455",-6706.938
"4456",-6748.268
"4457",-6845.879
"4458",-6754.07
"4459",-6894.985
"4460",-6675.966
"4461",-6739.263
"4462",-6814.895
"4463",-6837.355
"4464",-6681.96
"4465",-6598.333
"4466",-6821.029
"4467",-6597.653
"4468",-6871.328
"4469",-6872.808
"4470",-6533.702
"4471",-6606.98
"4472",-6520.967
"4473",-6656.643
"4474",-6783.006
"4475",-6757.309
"4476",-6525.282
"4477",-6662.575
"4478",-6688.736
"4479",-6607.273
"4480",-6628.548
"4481",-6629.399
"4482",-6836.472
"4483",-6856.175
"4484",-6491.526
"4485",-6786.135
"4486",-6706.246
"4487",-6556.853
"4488",-6755.038
"4489",-7123.586
"4490",-6822.863
"4491",-6811.63
"4492",-6663.217
"4493",-6800.85
"4494",-6492.475
"4495",-6565.206
"4496",-6831.917
"4497",-6969.155
"4498",-6820.683
"4499",-6690.476
"4500",-6620.475
"4501",-6456.716
"4502",-6532.151
"4503",-6914.599
"4504",-6749.996
"4505",-6714.017
"4506",-6499.25
"4507",-6741.075
"4508",-6912.98
"4509",-6709.94
"4510",-6292.3
"4511",-6559.993
"4512",-6615.459
"4513",-6785.013
"4514",-6891.251
"4515",-6571.673
"4516",-6633.741
"4517",-6872.747
"4518",-6847.534
"4519",-7045.844
"4520",-6578.796
"4521",-6522.015
"4522",-6688.88
"4523",-6463.733
"4524",-6741.593
"4525",-6889.348
"4526",-6745.212
"4527",-6751.089
"4528",-6854.254
"4529",-6489.811
"4530",-6906.983
"4531",-6755.757
"4532",-6693.862
"4533",-6466.658
"4534",-6742.304
"4535",-6637.366
"4536",-6728.063
"4537",-6863.952
"4538",-6910.069
"4539",-6849.807
"4540",-6557.717
"4541",-6321.136
"4542",-6326.117
"4543",-6612.59
"4544",-6685.676
"4545",-6899.892
"4546",-6820.982
"4547",-6658.801
"4548",-6506.283
"4549",-6764.97
"4550",-6717.534
"4551",-6848.689
"4552",-7001.822
"4553",-6613.57
"4554",-6629.913
"4555",-6683.427
"4556",-6914.908
"4557",-6807.333
"4558",-6793.827
"4559",-6945.311
"4560",-7015.277
"4561",-6808.333
"4562",-6769.395
"4563",-6653.37
"4564",-6831.873
"4565",-6338.625
"4566",-6278.49
"4567",-6539.124
"4568",-6685.618
"4569",-7072.876
"4570",-6942.714
"4571",-6484.037
"4572",-6636.277
"4573",-6936.407
"4574",-6647.99
"4575",-6577.881
"4576",-6807.647
"4577",-6911.602
"4578",-6762.609
"4579",-6547.855
"4580",-6758.075
"4581",-6688.952
"4582",-6777.146
"4583",-6696.309
"4584",-6560.684
"4585",-6682.543
"4586",-6714.101
"4587",-6590.105
"4588",-6784.084
"4589",-6815.831
"4590",-6987.376
"4591",-6822.344
"4592",-6806.368
"4593",-6857.119
"4594",-6319.101
"4595",-6690.889
"4596",-6736.329
"4597",-6584.415
"4598",-6712.636
"4599",-6704.618
"4600",-6476.475
"4601",-6839.272
"4602",-6917.155
"4603",-6786.134
"4604",-6607.849
"4605",-6613.615
"4606",-6687.317
"4607",-6892.94
"4608",-6654.347
"4609",-6548.939
"4610",-6726.703
"4611",-6809.893
"4612",-6773.389
"4613",-6543.249
"4614",-6504.415
"4615",-6641.373
"4616",-6832.51
"4617",-6975.358
"4618",-6615.031
"4619",-6758.236
"4620",-7055.597
"4621",-6617.639
"4622",-6652.663
"4623",-6667.526
"4624",-6674.994
"4625",-6941.599
"4626",-6818.898
"4627",-6894.601
"4628",-6412.421
"4629",-6553.764
"4630",-6899.042
"4631",-6854.698
"4632",-6653.038
"4633",-6894.038
"4634",-6711.582
"4635",-6615.385
"4636",-6926.289
"4637",-6871.034
"4638",-6994.312
"4639",-6721.542
"4640",-6943.222
"4641",-6545.73
"4642",-6702.345
"4643",-6911.524
"4644",-6898.486
"4645",-6806.615
"4646",-6417.63
"4647",-6873.656
"4648",-6910.826
"4649",-6750.996
"4650",-6813.809
"4651",-6747.301
"4652",-6912.299
"4653",-6826.792
"4654",-6783.988
"4655",-6649.824
"4656",-6629.775
"4657",-6777.591
"4658",-6650.897
"4659",-6567.869
"4660",-6844.748
"4661",-6921.672
"4662",-6596.981
"4663",-6722.346
"4664",-6564.547
"4665",-6879.853
"4666",-6867.059
"4667",-6753.954
"4668",-6540.476
"4669",-6608.958
"4670",-6712.025
"4671",-6990.797
"4672",-6809.201
"4673",-6732.817
"4674",-6771.64
"4675",-6672.931
"4676",-6828.719
"4677",-6646.298
"4678",-6683.399
"4679",-6691.206
"4680",-6546.705
"4681",-6740.635
"4682",-6805.826
"4683",-6757.344
"4684",-6689.671
"4685",-6826.738
"4686",-6684.859
"4687",-6804.781
"4688",-6518.218
"4689",-6544.624
"4690",-6807.16
"4691",-6747.272
"4692",-6664.458
"4693",-6822.564
"4694",-6538.258
"4695",-6600.72
"4696",-6659.426
"4697",-6758.443
"4698",-6380.042
"4699",-6765.02
"4700",-6869.604
"4701",-6851.417
"4702",-6660.43
"4703",-6698.531
"4704",-6812
"4705",-7062.97
"4706",-6542.937
"4707",-6512.588
"4708",-6796.503
"4709",-6839.4
"4710",-6764.525
"4711",-6930.574
"4712",-6704.072
"4713",-6972.696
"4714",-6624.393
"4715",-6681.983
"4716",-6771.737
"4717",-6672.317
"4718",-6992.13
"4719",-6725.476
"4720",-6858.854
"4721",-6488.707
"4722",-6664.025
"4723",-6753.24
"4724",-6760.141
"4725",-6507.931
"4726",-6533.94
"4727",-7337.653
"4728",-6751.846
"4729",-6721.137
"4730",-6712.973
"4731",-6688.75
"4732",-6634.839
"4733",-6433.506
"4734",-6424.102
"4735",-6456.043
"4736",-6657.326
"4737",-6731.038
"4738",-6766.563
"4739",-6588.525
"4740",-6896.559
"4741",-6699.361
"4742",-6532.805
"4743",-6355.429
"4744",-6811.907
"4745",-6861.857
"4746",-6835.831
"4747",-6683.747
"4748",-6706.62
"4749",-6540.142
"4750",-6891.168
"4751",-6292.223
"4752",-6630.538
"4753",-6716.564
"4754",-6749.371
"4755",-6746.245
"4756",-6579.782
"4757",-6649.054
"4758",-6600.361
"4759",-6663.236
"4760",-6933.457
"4761",-6884.576
"4762",-6758.115
"4763",-6481.696
"4764",-6655.821
"4765",-7043.549
"4766",-6765.838
"4767",-6690.369
"4768",-6974.446
"4769",-6538.771
"4770",-6646.124
"4771",-6874.202
"4772",-6505.115
"4773",-6737.863
"4774",-6385.296
"4775",-6934.694
"4776",-7072.594
"4777",-6591.396
"4778",-6583.589
"4779",-6615.569
"4780",-6612.291
"4781",-6607.336
"4782",-6540.317
"4783",-6714.864
"4784",-6685.652
"4785",-6705.173
"4786",-6947.532
"4787",-6582.532
"4788",-6967.8
"4789",-6669.642
"4790",-6680.173
"4791",-6784.728
"4792",-7012.492
"4793",-6545.487
"4794",-6845.164
"4795",-6586.545
"4796",-6825.039
"4797",-6839.796
"4798",-6653.964
"4799",-6815.463
"4800",-6658.314
"4801",-6739.186
"4802",-6745.502
"4803",-6778.812
"4804",-6657.078
"4805",-6598.484
"4806",-6560.416
"4807",-6846.108
"4808",-6648.828
"4809",-7034.981
"4810",-6744.004
"4811",-6942.525
"4812",-6977.075
"4813",-6916.471
"4814",-6918.608
"4815",-6903.497
"4816",-6771.354
"4817",-6659.383
"4818",-6391.67
"4819",-6619.857
"4820",-6611.127
"4821",-6790.281
"4822",-6631.15
"4823",-6657.467
"4824",-6738.647
"4825",-6948.064
"4826",-6794.236
"4827",-6885.554
"4828",-6720.474
"4829",-6684.252
"4830",-6527.922
"4831",-6864.006
"4832",-6595.597
"4833",-6744.627
"4834",-6548.154
"4835",-6899.06
"4836",-6762.828
"4837",-6671.043
"4838",-6816.172
"4839",-6918.629
"4840",-6915.92
"4841",-6829.707
"4842",-6540.062
"4843",-6812.073
"4844",-7002.626
"4845",-6652.682
"4846",-6598.955
"4847",-6711.68
"4848",-6294.134
"4849",-6691.607
"4850",-6892.853
"4851",-6846.054
"4852",-6479.889
"4853",-6686.803
"4854",-6878.817
"4855",-6611.944
"4856",-6594.914
"4857",-6571.923
"4858",-6898.001
"4859",-6914.943
"4860",-6878.537
"4861",-6693.495
"4862",-6885.911
"4863",-6469.922
"4864",-6767.874
"4865",-6966.558
"4866",-6689.146
"4867",-6570.961
"4868",-6591.384
"4869",-6779.607
"4870",-6674.385
"4871",-6954.892
"4872",-6677.744
"4873",-6628.711
"4874",-6707.757
"4875",-6823.684
"4876",-6853.077
"4877",-6824.903
"4878",-6781.505
"4879",-6359.452
"4880",-6646.807
"4881",-6800.334
"4882",-6589.033
"4883",-6872.972
"4884",-6623.5
"4885",-6749.018
"4886",-6746.997
"4887",-6474.221
"4888",-6821.162
"4889",-6672.579
"4890",-6857.324
"4891",-6540.831
"4892",-6646.482
"4893",-6811.894
"4894",-6150.148
"4895",-6704.051
"4896",-6673.28
"4897",-6679.496
"4898",-6842.87
"4899",-6694.379
"4900",-6351.85
"4901",-6728.377
"4902",-6908.209
"4903",-7012.973
"4904",-6543.433
"4905",-6660.482
"4906",-6789.942
"4907",-6498.03
"4908",-6959.108
"4909",-6831.316
"4910",-6776.534
"4911",-6908.317
"4912",-6670.458
"4913",-6893.31
"4914",-6591.116
"4915",-6400.012
"4916",-6843.495
"4917",-6548.72
"4918",-6431.388
"4919",-7145.576
"4920",-6605.588
"4921",-6614.352
"4922",-6766.805
"4923",-6425.692
"4924",-6634.481
"4925",-6890.678
"4926",-6422.194
"4927",-6618.811
"4928",-6434.466
"4929",-6809.535
"4930",-6961.881
"4931",-6776.965
"4932",-6568.297
"4933",-6661.886
"4934",-6683.042
"4935",-6603.935
"4936",-6722.526
"4937",-6807.36
"4938",-6794.379
"4939",-6846.067
"4940",-7066.921
"4941",-6676.732
"4942",-6808.473
"4943",-6701.474
"4944",-6675.71
"4945",-6700.108
"4946",-6806.754
"4947",-7087.19
"4948",-6418.975
"4949",-6687.219
"4950",-6794.857
"4951",-6698.011
"4952",-6823.856
"4953",-6478.523
"4954",-6593.344
"4955",-6926.292
"4956",-6527.135
"4957",-6642.748
"4958",-6846.512
"4959",-6866.545
"4960",-6512.974
"4961",-6708.036
"4962",-6603.283
"4963",-6607.61
"4964",-6785.809
"4965",-6806.218
"4966",-6777.288
"4967",-6762.452
"4968",-7098.767
"4969",-6972.598
"4970",-6875.48
"4971",-6777.576
"4972",-6572.535
"4973",-6723.04
"4974",-6395.111
"4975",-6684.928
"4976",-6724.308
"4977",-6651.888
"4978",-6409.113
"4979",-6827.877
"4980",-6728.456
"4981",-6733.026
"4982",-6832.325
"4983",-6615.962
"4984",-6938.674
"4985",-6736.463
"4986",-6564.296
"4987",-6497.746
"4988",-6642.109
"4989",-6773.815
"4990",-6388.604
"4991",-6509.36
"4992",-6655.188
"4993",-6556.473
"4994",-6611.393
"4995",-6771.797
"4996",-6658.327
"4997",-6478.151
"4998",-6795.169
"4999",-6817.921
"5000",-6772.054
"5001",-6562.197
"5002",-6613.671
"5003",-6710.4
"5004",-6557.91
"5005",-6633.562
"5006",-6891.968
"5007",-6758.342
"5008",-6797.308
"5009",-6943.682
"5010",-6363.497
"5011",-6842.478
"5012",-6789.432
"5013",-6992.341
"5014",-6971.053
"5015",-6807.523
"5016",-6589.436
"5017",-6569.431
"5018",-6910.646
"5019",-6708.519
"5020",-6515.097
"5021",-6850.688
"5022",-6756.031
"5023",-6663.836
"5024",-6995.205
"5025",-6982.142
"5026",-6748.197
"5027",-6817.692
"5028",-6860.122
"5029",-6631.463
"5030",-6585.49
"5031",-6927.352
"5032",-6670.751
"5033",-6670.64
"5034",-6635.248
"5035",-6769.016
"5036",-6682.8
"5037",-6629.204
"5038",-6793.095
"5039",-6826.66
"5040",-7058.13
"5041",-7046.296
"5042",-6563.828
"5043",-6342.165
"5044",-7085.1
"5045",-6633.607
"5046",-6641.473
"5047",-6483.254
"5048",-6854.66
"5049",-6871.032
"5050",-6508.939
"5051",-6863.823
"5052",-6719.45
"5053",-6574.371
"5054",-6879.727
"5055",-6908.41
"5056",-6843.056
"5057",-6498.116
"5058",-6738.129
"5059",-6951.64
"5060",-6717.824
"5061",-6924.034
"5062",-6806.895
"5063",-6716.238
"5064",-6786.428
"5065",-6518.375
"5066",-6508.851
"5067",-6684.213
"5068",-7050.548
"5069",-6470.158
"5070",-6755.763
"5071",-6684.042
"5072",-6613.073
"5073",-6406.446
"5074",-6910.186
"5075",-6530.641
"5076",-6637.884
"5077",-6938.874
"5078",-6692.078
"5079",-6853.059
"5080",-7006.856
"5081",-6523.433
"5082",-6854.191
"5083",-6621.885
"5084",-6764.17
"5085",-6841.1
"5086",-6773.891
"5087",-6717.175
"5088",-6735.602
"5089",-7102.566
"5090",-7026.963
"5091",-6788.671
"5092",-6698.97
"5093",-6687.962
"5094",-6698.358
"5095",-6872.775
"5096",-6581.133
"5097",-6447.102
"5098",-6681.601
"5099",-6888.229
"5100",-6794.369
"5101",-6697.467
"5102",-6403.881
"5103",-6441.165
"5104",-6893.896
"5105",-6854.703
"5106",-6978.303
"5107",-6677.916
"5108",-6679.427
"5109",-6816.133
"5110",-6780.735
"5111",-6803.794
"5112",-6482.118
"5113",-6961.102
"5114",-6990.815
"5115",-6630.578
"5116",-6668.182
"5117",-6722.972
"5118",-6909.606
"5119",-6489.759
"5120",-6960.273
"5121",-6519.259
"5122",-7026.577
"5123",-6504.762
"5124",-6668.219
"5125",-6801.374
"5126",-6708.625
"5127",-6453.362
"5128",-6868.425
"5129",-6503.226
"5130",-7176.66
"5131",-6840.849
"5132",-6740.281
"5133",-6707.613
"5134",-6768.615
"5135",-6723.915
"5136",-6775.405
"5137",-7036.027
"5138",-6474.983
"5139",-6496.286
"5140",-6704.101
"5141",-6751.762
"5142",-7002.771
"5143",-6587.194
"5144",-6834.586
"5145",-6765.53
"5146",-6379.734
"5147",-6726.773
"5148",-7046.732
"5149",-6505.748
"5150",-6899.083
"5151",-6658.157
"5152",-6639.833
"5153",-6775.226
"5154",-6900.664
"5155",-6711.4
"5156",-6865.947
"5157",-6720.474
"5158",-6581.395
"5159",-7069.525
"5160",-6496.39
"5161",-7188.911
"5162",-6660.724
"5163",-6815.164
"5164",-6670.146
"5165",-6914.868
"5166",-6365.823
"5167",-6721.175
"5168",-6987.829
"5169",-6731.471
"5170",-6752.18
"5171",-6873.446
"5172",-6571.65
"5173",-6511.077
"5174",-6544.778
"5175",-6798.139
"5176",-6507.638
"5177",-6801.239
"5178",-6689.629
"5179",-6906.088
"5180",-6719.659
"5181",-6693.575
"5182",-6315.581
"5183",-6637.948
"5184",-6962.098
"5185",-6800.51
"5186",-6735.911
"5187",-6653.744
"5188",-6458.368
"5189",-6667.591
"5190",-6792.722
"5191",-6644.595
"5192",-6531.57
"5193",-6830.191
"5194",-6701.84
"5195",-6789.62
"5196",-6750.417
"5197",-6835.442
"5198",-6738.113
"5199",-6461.077
"5200",-6811.916
"5201",-6768.609
"5202",-6700.906
"5203",-7106.604
"5204",-6996.67
"5205",-6743.592
"5206",-6612.504
"5207",-6546.847
"5208",-6698.831
"5209",-6756.686
"5210",-6767.146
"5211",-6764.07
"5212",-6752.071
"5213",-6430.252
"5214",-6775.09
"5215",-6681.072
"5216",-6831.334
"5217",-6851.608
"5218",-6737.046
"5219",-6951.356
"5220",-6944.297
"5221",-6706.197
"5222",-6701.235
"5223",-6832.472
"5224",-6611.004
"5225",-6718.553
"5226",-6711.29
"5227",-6998.981
"5228",-6820.964
"5229",-7023.68
"5230",-6828.336
"5231",-6575.101
"5232",-6496.408
"5233",-6373.883
"5234",-6720.12
"5235",-6960.568
"5236",-6491.036
"5237",-6643.606
"5238",-6639.458
"5239",-6672.894
"5240",-6766.778
"5241",-6647.362
"5242",-6680.359
"5243",-6708.969
"5244",-6602.298
"5245",-6349.028
"5246",-6552.248
"5247",-6560.42
"5248",-6709.911
"5249",-6872.822
"5250",-6698.924
"5251",-6683.28
"5252",-6665.491
"5253",-6722.593
"5254",-6871.445
"5255",-6545.261
"5256",-6912.644
"5257",-6536.489
"5258",-6498.795
"5259",-6597.908
"5260",-6823.74
"5261",-6922.015
"5262",-6566.864
"5263",-6507.387
"5264",-6819.661
"5265",-6540.132
"5266",-6549.786
"5267",-6745.949
"5268",-6676.726
"5269",-7010.896
"5270",-6963.438
"5271",-6584.3
"5272",-6673.371
"5273",-6531.621
"5274",-6548.944
"5275",-6824.637
"5276",-6498.701
"5277",-6612.97
"5278",-6936.831
"5279",-6796.552
"5280",-6385.34
"5281",-6579.412
"5282",-6477.316
"5283",-6562
"5284",-6798.436
"5285",-6923.664
"5286",-6893.647
"5287",-6532.426
"5288",-6587.053
"5289",-6686.222
"5290",-6993.266
"5291",-7006.944
"5292",-6518.694
"5293",-6883.687
"5294",-6706.507
"5295",-6423.93
"5296",-6386.191
"5297",-6353.404
"5298",-6419.634
"5299",-6831.344
"5300",-6983.419
"5301",-6613.403
"5302",-6702.731
"5303",-6539.936
"5304",-6779.648
"5305",-6585.408
"5306",-6517.654
"5307",-6684.254
"5308",-6657.44
"5309",-6572.608
"5310",-7044.224
"5311",-6734.576
"5312",-6600.701
"5313",-6862.573
"5314",-6554.213
"5315",-6351.601
"5316",-6417.623
"5317",-6891.94
"5318",-6666.318
"5319",-6788.904
"5320",-6684.938
"5321",-6667.69
"5322",-6731.756
"5323",-6831.615
"5324",-6534.022
"5325",-6774.412
"5326",-6731.725
"5327",-6742.932
"5328",-6637.379
"5329",-6747.374
"5330",-6544.476
"5331",-6968.742
"5332",-6842.889
"5333",-6878.568
"5334",-6800.332
"5335",-7002.677
"5336",-6613.461
"5337",-6859.196
"5338",-6724.318
"5339",-6520.388
"5340",-6659.217
"5341",-6695.754
"5342",-6866.259
"5343",-6951.339
"5344",-6638.232
"5345",-6468.309
"5346",-6887.126
"5347",-6602.032
"5348",-6969.766
"5349",-6894.543
"5350",-6988.575
"5351",-6628.298
"5352",-6519.868
"5353",-6219.625
"5354",-6785.694
"5355",-6614.466
"5356",-6849.742
"5357",-6433.225
"5358",-6611.103
"5359",-7117.396
"5360",-7059.721
"5361",-6653.669
"5362",-6515.453
"5363",-6604.169
"5364",-6803.952
"5365",-6938.854
"5366",-6668.763
"5367",-6947.194
"5368",-6674.855
"5369",-6817.702
"5370",-6632.902
"5371",-6913.708
"5372",-6761.764
"5373",-6939.975
"5374",-6863.053
"5375",-6590.686
"5376",-6694.176
"5377",-6634.472
"5378",-6858.471
"5379",-6741.413
"5380",-6766.235
"5381",-6405.202
"5382",-6694.012
"5383",-6688.214
"5384",-6928.647
"5385",-6572.396
"5386",-6744.562
"5387",-6694.047
"5388",-7014.296
"5389",-6536.487
"5390",-6734.527
"5391",-6532.212
"5392",-6695.075
"5393",-6654.202
"5394",-6774.235
"5395",-6737.911
"5396",-6753.887
"5397",-6771.165
"5398",-6683.546
"5399",-6514.089
"5400",-6782.244
"5401",-6632.859
"5402",-6951.324
"5403",-6753.683
"5404",-6877.877
"5405",-6789.022
"5406",-6950.91
"5407",-6826.708
"5408",-6480.257
"5409",-7020.928
"5410",-6852.123
"5411",-6659.137
"5412",-6805.053
"5413",-6807.604
"5414",-6371.049
"5415",-6749.702
"5416",-6752.946
"5417",-6456.313
"5418",-6709.633
"5419",-6772.659
"5420",-6567.139
"5421",-6663.717
"5422",-6520.506
"5423",-6927.381
"5424",-6738.157
"5425",-6736.979
"5426",-7039.359
"5427",-6521.778
"5428",-6421.026
"5429",-6554.771
"5430",-6442.954
"5431",-6682.165
"5432",-6921.885
"5433",-6862.235
"5434",-6874.231
"5435",-6580.937
"5436",-6792.12
"5437",-6612.541
"5438",-6663.991
"5439",-6854.946
"5440",-6769.849
"5441",-6798.772
"5442",-6467.882
"5443",-6571.756
"5444",-6606.789
"5445",-6746.114
"5446",-6702.176
"5447",-6668.395
"5448",-6804.816
"5449",-6581.604
"5450",-6520.987
"5451",-6622.357
"5452",-6324.239
"5453",-6669.177
"5454",-6433.204
"5455",-6526.154
"5456",-6890.783
"5457",-6857.91
"5458",-6604.946
"5459",-6599.96
"5460",-6979.357
"5461",-6774.604
"5462",-6470.202
"5463",-6934.604
"5464",-6740.867
"5465",-6475.959
"5466",-6713.082
"5467",-6553.177
"5468",-6978.734
"5469",-6643.943
"5470",-6610.065
"5471",-6517.333
"5472",-6778.546
"5473",-6721.201
"5474",-6775.224
"5475",-6654.465
"5476",-6867.599
"5477",-6706.001
"5478",-6727.93
"5479",-6686.111
"5480",-6602.588
"5481",-6475.476
"5482",-6435.986
"5483",-6748.757
"5484",-6804.446
"5485",-6759.165
"5486",-6679.64
"5487",-6639.441
"5488",-6828.348
"5489",-6673.804
"5490",-6695.375
"5491",-6840.174
"5492",-6679.011
"5493",-6861.525
"5494",-6726.385
"5495",-6723.006
"5496",-6637.555
"5497",-6620.635
"5498",-6647.13
"5499",-6658.242
"5500",-6706.081
"5501",-6772.24
"5502",-6634.32
"5503",-6907.56
"5504",-6844.543
"5505",-6795.501
"5506",-7062.695
"5507",-6363.419
"5508",-6819.69
"5509",-6844.314
"5510",-6704.015
"5511",-6448.849
"5512",-6743.407
"5513",-6435.606
"5514",-6689.993
"5515",-6475.355
"5516",-6721.008
"5517",-7002.837
"5518",-6750.446
"5519",-6748.052
"5520",-6763.278
"5521",-6432.024
"5522",-6628.036
"5523",-6532.719
"5524",-6791.069
"5525",-6735.2
"5526",-6600.451
"5527",-6598.25
"5528",-6737.88
"5529",-6898.014
"5530",-6813.304
"5531",-6475.159
"5532",-6735.862
"5533",-6337.884
"5534",-6817.116
"5535",-6590.092
"5536",-6863.749
"5537",-6746.071
"5538",-6574.615
"5539",-6322.963
"5540",-6727.58
"5541",-6856.561
"5542",-6665.357
"5543",-6784.496
"5544",-6899.084
"5545",-6718.606
"5546",-6758.135
"5547",-6646.869
"5548",-6652.298
"5549",-6715.808
"5550",-6752.448
"5551",-6460.714
"5552",-6574.847
"5553",-6882.843
"5554",-7126.733
"5555",-6705.269
"5556",-6736.03
"5557",-6681.109
"5558",-6483.391
"5559",-6525.79
"5560",-6982.485
"5561",-6788.041
"5562",-6546.076
"5563",-6537.642
"5564",-6689.137
"5565",-6483.859
"5566",-6766.089
"5567",-6661.849
"5568",-6684.431
"5569",-6550
"5570",-6645.831
"5571",-6695.31
"5572",-6719.93
"5573",-6909.479
"5574",-6809.969
"5575",-6621.382
"5576",-6980.186
"5577",-6885.409
"5578",-6831.679
"5579",-6681.471
"5580",-6483.692
"5581",-6627.222
"5582",-6892.636
"5583",-6831.835
"5584",-6361.086
"5585",-6791.174
"5586",-6696.658
"5587",-6781.883
"5588",-6768.83
"5589",-6481.186
"5590",-6387.163
"5591",-6683.893
"5592",-6583.139
"5593",-6688.256
"5594",-7238.667
"5595",-6722.399
"5596",-6708.732
"5597",-6855.496
"5598",-6861.818
"5599",-6659.378
"5600",-6381.402
"5601",-6373.707
"5602",-6634.307
"5603",-6492.161
"5604",-6131.119
"5605",-6875.658
"5606",-6592.48
"5607",-6712.868
"5608",-6904.167
"5609",-6954.235
"5610",-6750.509
"5611",-6715.904
"5612",-6610
"5613",-6819.012
"5614",-6575.948
"5615",-6662.255
"5616",-6577.426
"5617",-6741.799
"5618",-6733.242
"5619",-6644.175
"5620",-6835.834
"5621",-6669.594
"5622",-6544.881
"5623",-6721.809
"5624",-6921.118
"5625",-6697.367
"5626",-6372.988
"5627",-6390.277
"5628",-6646.518
"5629",-6523.621
"5630",-6468.654
"5631",-6770.024
"5632",-6820.593
"5633",-6966.755
"5634",-6751.442
"5635",-6504.257
"5636",-6602.03
"5637",-6693.771
"5638",-6787.073
"5639",-6880.754
"5640",-7058.571
"5641",-6721.014
"5642",-6513.46
"5643",-6615.225
"5644",-6818.384
"5645",-6700.516
"5646",-7111.212
"5647",-6609.345
"5648",-6602.098
"5649",-6678.101
"5650",-6786.36
"5651",-6577.643
"5652",-6715.957
"5653",-6712.74
"5654",-6651.147
"5655",-6623.962
"5656",-6600.745
"5657",-6845.59
"5658",-7075.975
"5659",-7079.953
"5660",-6649.642
"5661",-6539.241
"5662",-6695.967
"5663",-6326.591
"5664",-6637.86
"5665",-6665.97
"5666",-6380.011
"5667",-6455.646
"5668",-6623.626
"5669",-6660.753
"5670",-6899.936
"5671",-6827.588
"5672",-6809.576
"5673",-6836.671
"5674",-6642.82
"5675",-6773.63
"5676",-6680.255
"5677",-6449.67
"5678",-6730.445
"5679",-6716.178
"5680",-6583.749
"5681",-6878.806
"5682",-6755.082
"5683",-6561.789
"5684",-6489.652
"5685",-6862.784
"5686",-6679.791
"5687",-6674.552
"5688",-6709.169
"5689",-6880.714
"5690",-6633.723
"5691",-6890.372
"5692",-6974.408
"5693",-7023.216
"5694",-6459.165
"5695",-6636.535
"5696",-6641.027
"5697",-6738.27
"5698",-6703.334
"5699",-6683.551
"5700",-6285.655
"5701",-7031.486
"5702",-6898.187
"5703",-6952.477
"5704",-6715.082
"5705",-6835.215
"5706",-6812.448
"5707",-6608.972
"5708",-6809.163
"5709",-6741.864
"5710",-6901.692
"5711",-6252.049
"5712",-6417.193
"5713",-6555.649
"5714",-6828.664
"5715",-6524.024
"5716",-6790.159
"5717",-6771.895
"5718",-6663.883
"5719",-6858.974
"5720",-6703.972
"5721",-6522.815
"5722",-6488.573
"5723",-6566.325
"5724",-6747.222
"5725",-6511.143
"5726",-6675.369
"5727",-6767.044
"5728",-6580.927
"5729",-7180.69
"5730",-6533.548
"5731",-6563.845
"5732",-6486.153
"5733",-6670.19
"5734",-6997.103
"5735",-7109.806
"5736",-6819.808
"5737",-6689.893
"5738",-6873.843
"5739",-6728.963
"5740",-6898.144
"5741",-7041.353
"5742",-6509.987
"5743",-6932.871
"5744",-6966.575
"5745",-6839.502
"5746",-6719.049
"5747",-6812.279
"5748",-6878.801
"5749",-6609.618
"5750",-6712.576
"5751",-6713.909
"5752",-6505.722
"5753",-6672.543
"5754",-6571.437
"5755",-6706.473
"5756",-6616.171
"5757",-6446.655
"5758",-6782.594
"5759",-6880.354
"5760",-6563.726
"5761",-6624.378
"5762",-6535.479
"5763",-6682.343
"5764",-6608.55
"5765",-6549.818
"5766",-6604.15
"5767",-6905.928
"5768",-6871.917
"5769",-6542.603
"5770",-7257.283
"5771",-6538.05
"5772",-6577.513
"5773",-6733.284
"5774",-6833.404
"5775",-7033.779
"5776",-6624.018
"5777",-6588.031
"5778",-6543.254
"5779",-6619.639
"5780",-6513.498
"5781",-6580.219
"5782",-6572.128
"5783",-6921.544
"5784",-6858.11
"5785",-6971.748
"5786",-6633.409
"5787",-6818.712
"5788",-6679.739
"5789",-6570.886
"5790",-6874.006
"5791",-6657.941
"5792",-6999.694
"5793",-6575.062
"5794",-6703.071
"5795",-6550.132
"5796",-6647.096
"5797",-6812.583
"5798",-6749.794
"5799",-6564.688
"5800",-6670.89
"5801",-6740.773
"5802",-6838.224
"5803",-6555.676
"5804",-6796.531
"5805",-6696.267
"5806",-6882.915
"5807",-6727.666
"5808",-7045
"5809",-6649.256
"5810",-6980.667
"5811",-6530.118
"5812",-6644.64
"5813",-6794.974
"5814",-6700.552
"5815",-6672.676
"5816",-6630.366
"5817",-6591.861
"5818",-6769.662
"5819",-6573.102
"5820",-6659.771
"5821",-6540.824
"5822",-6604.378
"5823",-7006.944
"5824",-6843.604
"5825",-6702.562
"5826",-6924.124
"5827",-6743.241
"5828",-6677.487
"5829",-6701.834
"5830",-7007.799
"5831",-6625.966
"5832",-6520.756
"5833",-6685.305
"5834",-6639.962
"5835",-6835.993
"5836",-6603.586
"5837",-6998.091
"5838",-6700.965
"5839",-6830.443
"5840",-6472.554
"5841",-6732.153
"5842",-6487.715
"5843",-6674.309
"5844",-6664.491
"5845",-6681.072
"5846",-6621.829
"5847",-6885.516
"5848",-6735.088
"5849",-6988.108
"5850",-6570.283
"5851",-6634.589
"5852",-6793.312
"5853",-6960.629
"5854",-6793.349
"5855",-6693.745
"5856",-6898.636
"5857",-6768.728
"5858",-6538.402
"5859",-6315.988
"5860",-6817.789
"5861",-6858.779
"5862",-6864.956
"5863",-6558.544
"5864",-6905.445
"5865",-6793.009
"5866",-6450.159
"5867",-6750.08
"5868",-6721.559
"5869",-6577.532
"5870",-6897.246
"5871",-6713.335
"5872",-6671.188
"5873",-7001.213
"5874",-6672.028
"5875",-6785.463
"5876",-6632.783
"5877",-6589.729
"5878",-6805.333
"5879",-6619.046
"5880",-6636.27
"5881",-6743.541
"5882",-6349.014
"5883",-6750.269
"5884",-6557.627
"5885",-7081.903
"5886",-6838.586
"5887",-7017.489
"5888",-6906.797
"5889",-6517.522
"5890",-6488.564
"5891",-6282.331
"5892",-6322.15
"5893",-6809.309
"5894",-6639.004
"5895",-6610.851
"5896",-6951.544
"5897",-6825.12
"5898",-6420.296
"5899",-6537.699
"5900",-6673.231
"5901",-7092.404
"5902",-6691.508
"5903",-6914.544
"5904",-6655.687
"5905",-6604.093
"5906",-6665.197
"5907",-6481.861
"5908",-6768.97
"5909",-6703.559
"5910",-6538.672
"5911",-6731.701
"5912",-6675.799
"5913",-6588.574
"5914",-6597.401
"5915",-6804.857
"5916",-6879.648
"5917",-6657.248
"5918",-6879.255
"5919",-6737.352
"5920",-6756.832
"5921",-6821.729
"5922",-6926.254
"5923",-6760.932
"5924",-6813.695
"5925",-6696.826
"5926",-6831.943
"5927",-7092.431
"5928",-6926.332
"5929",-6368.563
"5930",-6721.482
"5931",-6752.235
"5932",-6574.76
"5933",-6557.044
"5934",-6624.426
"5935",-6675.371
"5936",-6801.379
"5937",-6732.323
"5938",-6855.511
"5939",-6759.425
"5940",-6653.725
"5941",-6609.398
"5942",-6708.077
"5943",-6631.537
"5944",-6988.88
"5945",-6449.495
"5946",-6990.613
"5947",-6924.34
"5948",-6595.807
"5949",-7009.697
"5950",-6575.059
"5951",-6525.243
"5952",-6706.234
"5953",-6989.885
"5954",-6519.693
"5955",-6596.373
"5956",-6919.809
"5957",-7016.17
"5958",-6776.452
"5959",-6724.701
"5960",-6926.73
"5961",-6697.137
"5962",-6828.357
"5963",-6819.089
"5964",-6685.486
"5965",-6709.846
"5966",-6645.1
"5967",-6951.466
"5968",-7016.984
"5969",-6633.177
"5970",-6643.712
"5971",-7269.718
"5972",-6835.324
"5973",-6714.83
"5974",-6461.906
"5975",-6492.904
"5976",-6720.209
"5977",-7024.714
"5978",-6549.891
"5979",-6547.831
"5980",-6427.178
"5981",-6793.072
"5982",-6597.646
"5983",-6777.089
"5984",-6548.728
"5985",-6663.119
"5986",-6839.785
"5987",-6788.54
"5988",-6858.296
"5989",-6769.273
"5990",-6705.421
"5991",-6486.391
"5992",-6743.569
"5993",-6742.952
"5994",-6684.056
"5995",-6925.248
"5996",-6914.16
"5997",-6555.844
"5998",-6612.666
"5999",-6543.325
"6000",-6772.75
"6001",-6925.688
"6002",-6411.594
"6003",-7057.154
"6004",-6718.767
"6005",-6638.725
"6006",-6820.495
"6007",-6747.896
"6008",-6827.498
"6009",-6833.335
"6010",-6928.004
"6011",-6853.862
"6012",-6809.804
"6013",-6617.789
"6014",-6825.321
"6015",-6734.667
"6016",-6356.607
"6017",-6731.617
"6018",-6653.536
"6019",-6849.703
"6020",-6468.326
"6021",-6698.35
"6022",-6831.135
"6023",-6705.075
"6024",-6773.817
"6025",-6423.311
"6026",-6845.287
"6027",-6528.163
"6028",-6541.123
"6029",-6735.831
"6030",-6691.334
"6031",-6659.431
"6032",-6855.375
"6033",-6587.32
"6034",-6655.368
"6035",-6672.109
"6036",-6473.005
"6037",-6604.036
"6038",-6841.886
"6039",-6765.004
"6040",-6527.8
"6041",-6990.1
"6042",-6580.974
"6043",-6708.664
"6044",-6630.174
"6045",-6476.954
"6046",-6924.094
"6047",-6478.003
"6048",-6831.662
"6049",-6752.13
"6050",-6521.661
"6051",-6471.076
"6052",-6434.493
"6053",-6623.846
"6054",-6878.005
"6055",-6746.319
"6056",-6796.509
"6057",-6747.33
"6058",-6657.482
"6059",-6766.314
"6060",-6634.179
"6061",-6648.401
"6062",-6871.448
"6063",-6691.077
"6064",-6658.723
"6065",-6757.008
"6066",-7049.057
"6067",-6601.109
"6068",-6549.443
"6069",-6561.958
"6070",-6640.383
"6071",-6828.047
"6072",-6749.724
"6073",-6767.448
"6074",-6721.652
"6075",-6396.195
"6076",-6504.369
"6077",-6841.409
"6078",-6587.712
"6079",-6930.151
"6080",-6603.874
"6081",-7021.786
"6082",-7081.916
"6083",-7033.925
"6084",-6679.795
"6085",-6716.491
"6086",-6647.27
"6087",-6443.248
"6088",-6435.61
"6089",-7009.265
"6090",-6996.217
"6091",-6649.09
"6092",-6827.311
"6093",-6850.04
"6094",-6793.273
"6095",-6950.814
"6096",-6857.37
"6097",-6490.001
"6098",-6851.627
"6099",-6769.278
"6100",-6818.624
"6101",-6485.058
"6102",-7058.128
"6103",-6840.154
"6104",-6677.888
"6105",-6635.443
"6106",-6724.279
"6107",-6704.094
"6108",-6662.05
"6109",-6647.449
"6110",-6835.458
"6111",-6728.962
"6112",-6402.569
"6113",-6608.547
"6114",-6757.762
"6115",-6466.159
"6116",-6517.442
"6117",-6602.141
"6118",-6908.234
"6119",-6943.961
"6120",-6761.329
"6121",-6872.279
"6122",-6826.49
"6123",-6604.486
"6124",-6706.821
"6125",-6718.567
"6126",-6742.152
"6127",-7013.879
"6128",-6846.829
"6129",-6867.663
"6130",-6736.438
"6131",-6764.126
"6132",-6751.278
"6133",-6564.808
"6134",-6918.933
"6135",-6823.763
"6136",-6955.578
"6137",-6735.699
"6138",-6548.512
"6139",-6805.366
"6140",-6752.903
"6141",-6707.827
"6142",-6719.586
"6143",-6471.331
"6144",-6847.25
"6145",-6724.329
"6146",-6739.848
"6147",-6632.462
"6148",-6869.277
"6149",-7093.044
"6150",-6639.49
"6151",-6793.96
"6152",-6506.776
"6153",-6603.063
"6154",-6596.887
"6155",-6686.619
"6156",-6454.106
"6157",-6683.864
"6158",-6570.354
"6159",-6720.32
"6160",-6850.24
"6161",-6784.95
"6162",-6756.515
"6163",-6712.589
"6164",-6556.062
"6165",-6851.82
"6166",-6611.204
"6167",-6835.548
"6168",-6707.855
"6169",-6602.665
"6170",-6937.637
"6171",-6658.001
"6172",-6487.134
"6173",-6505.26
"6174",-6720.018
"6175",-6970.71
"6176",-6482.349
"6177",-6901.418
"6178",-6830.942
"6179",-6773.478
"6180",-6625.693
"6181",-6929.601
"6182",-6928.644
"6183",-6810.746
"6184",-6504.721
"6185",-6458.519
"6186",-6826.041
"6187",-6801.693
"6188",-6418.747
"6189",-6298.815
"6190",-6612.89
"6191",-6681.132
"6192",-6530.302
"6193",-6610.996
"6194",-6549.625
"6195",-6643.167
"6196",-6812.853
"6197",-6370.431
"6198",-6807.202
"6199",-6486.894
"6200",-6593.281
"6201",-6502.984
"6202",-6590.742
"6203",-6623.61
"6204",-6680.917
"6205",-6591.577
"6206",-6749.062
"6207",-6762.224
"6208",-6786.006
"6209",-6704.14
"6210",-6815.031
"6211",-6757.868
"6212",-6687.388
"6213",-6591.566
"6214",-6657.74
"6215",-6919.306
"6216",-6601.571
"6217",-6675.587
"6218",-6565.318
"6219",-6905.607
"6220",-6851.393
"6221",-6886.68
"6222",-6833.534
"6223",-6673.025
"6224",-6911.645
"6225",-6764.696
"6226",-6675.273
"6227",-6426.342
"6228",-6632.718
"6229",-6745.307
"6230",-6571.866
"6231",-6658.283
"6232",-6953.701
"6233",-6733.96
"6234",-6401.856
"6235",-7001.497
"6236",-6626.275
"6237",-6583.334
"6238",-6715.646
"6239",-6889.387
"6240",-6769.565
"6241",-6629.244
"6242",-6626.16
"6243",-6426.973
"6244",-6700.817
"6245",-6514.625
"6246",-6645.77
"6247",-6747.961
"6248",-6599.069
"6249",-6727.681
"6250",-6586.723
"6251",-6762.601
"6252",-6650.768
"6253",-6889.469
"6254",-6817.564
"6255",-6631.303
"6256",-6462.922
"6257",-6715.36
"6258",-6702.293
"6259",-6549.475
"6260",-6488.402
"6261",-6765.775
"6262",-6687.645
"6263",-6537.507
"6264",-6801.628
"6265",-6649.993
"6266",-6701.94
"6267",-6991.175
"6268",-6734.823
"6269",-6865.826
"6270",-6831.594
"6271",-6640.472
"6272",-7094.042
"6273",-6727.952
"6274",-6454.971
"6275",-6823.493
"6276",-6574.562
"6277",-6738.893
"6278",-7014.056
"6279",-6732.799
"6280",-7012.137
"6281",-7079.688
"6282",-6909.07
"6283",-6512.818
"6284",-6810.024
"6285",-6677.365
"6286",-6531.826
"6287",-6885.091
"6288",-7082.859
"6289",-6451.633
"6290",-6622.08
"6291",-6547.344
"6292",-6874.897
"6293",-6248.06
"6294",-6945.794
"6295",-6913.333
"6296",-7011.574
"6297",-6522.12
"6298",-6812.437
"6299",-6537.007
"6300",-6606.205
"6301",-6850.138
"6302",-6560.348
"6303",-6744.73
"6304",-6935.47
"6305",-6588.358
"6306",-6825.241
"6307",-6546.579
"6308",-6600.017
"6309",-6620.027
"6310",-6362.936
"6311",-6474.462
"6312",-6654.999
"6313",-6793.145
"6314",-6480.621
"6315",-6644.148
"6316",-6902.443
"6317",-6840.327
"6318",-6825.527
"6319",-6837.303
"6320",-6885.366
"6321",-6749.29
"6322",-6573.294
"6323",-6749.319
"6324",-6618.844
"6325",-6729.547
"6326",-6579.721
"6327",-6919.306
"6328",-6551.11
"6329",-6854.703
"6330",-6597.276
"6331",-6679.956
"6332",-6650.46
"6333",-7030.689
"6334",-6977.745
"6335",-6535.332
"6336",-6830.48
"6337",-6872.455
"6338",-6590.345
"6339",-6820.276
"6340",-6732.592
"6341",-6909.698
"6342",-6558.168
"6343",-6701.164
"6344",-6692.486
"6345",-6656.626
"6346",-6640.673
"6347",-6666.516
"6348",-6920.692
"6349",-6880.03
"6350",-6516.523
"6351",-6891.653
"6352",-6654.162
"6353",-6754.38
"6354",-6747.855
"6355",-6688.561
"6356",-6416.651
"6357",-6645.316
"6358",-6927.636
"6359",-6352.13
"6360",-6615.94
"6361",-6794.972
"6362",-6857.008
"6363",-6503.769
"6364",-6488.577
"6365",-6715.82
"6366",-6482.75
"6367",-6793.99
"6368",-6863.889
"6369",-6813.852
"6370",-6701.31
"6371",-6547.999
"6372",-6591.352
"6373",-6802.187
"6374",-6853.229
"6375",-6812.07
"6376",-6701.545
"6377",-6503.195
"6378",-6323.093
"6379",-6583.952
"6380",-6659.834
"6381",-6772.33
"6382",-6924.085
"6383",-7109.032
"6384",-7179.096
"6385",-6657.607
"6386",-6551.482
"6387",-6824.418
"6388",-6859.466
"6389",-6712.993
"6390",-6462.839
"6391",-6455.199
"6392",-6649.911
"6393",-6558.996
"6394",-6658.468
"6395",-6605.553
"6396",-6664.265
"6397",-6302.505
"6398",-6837.579
"6399",-6776.832
"6400",-6570.41
"6401",-6793.337
"6402",-6783.776
"6403",-6722.922
"6404",-6696.473
"6405",-6556.905
"6406",-6838.649
"6407",-6827.499
"6408",-6944.116
"6409",-6674.825
"6410",-6780.415
"6411",-6733.619
"6412",-6685.652
"6413",-6781.009
"6414",-6701.902
"6415",-6813.516
"6416",-6791.501
"6417",-6703.349
"6418",-6569.877
"6419",-6663.54
"6420",-6724.016
"6421",-6661.143
"6422",-6691.868
"6423",-6725.206
"6424",-6796.843
"6425",-6682.207
"6426",-6679.013
"6427",-6859.992
"6428",-6829.554
"6429",-6625.516
"6430",-6809.583
"6431",-6603.741
"6432",-6632.128
"6433",-6771.937
"6434",-6797.154
"6435",-7132.659
"6436",-6721.266
"6437",-6755.479
"6438",-6694.67
"6439",-6573.379
"6440",-6891.812
"6441",-6583.544
"6442",-6397.945
"6443",-6537.951
"6444",-6554.014
"6445",-6531.203
"6446",-6579.726
"6447",-6762.148
"6448",-6573
"6449",-6752.222
"6450",-6594.495
"6451",-6375.955
"6452",-6822.181
"6453",-6450.38
"6454",-7065.525
"6455",-6612.753
"6456",-6784.56
"6457",-6704.693
"6458",-6609.135
"6459",-6636.856
"6460",-6490.713
"6461",-6650.599
"6462",-6737.523
"6463",-6586.428
"6464",-6790.748
"6465",-6931.761
"6466",-6978.403
"6467",-6630.465
"6468",-6558.579
"6469",-6642.612
"6470",-6675.331
"6471",-6608.705
"6472",-6870.745
"6473",-6592.569
"6474",-6742.127
"6475",-6767.149
"6476",-6864.594
"6477",-7083.339
"6478",-6369.235
"6479",-7078.283
"6480",-6615.114
"6481",-6646.859
"6482",-6714.326
"6483",-6840.977
"6484",-6477.503
"6485",-6628.253
"6486",-6557.121
"6487",-6534.634
"6488",-6320.583
"6489",-6613.573
"6490",-6781.036
"6491",-6784.299
"6492",-6690.082
"6493",-6999.722
"6494",-6826.178
"6495",-6660.359
"6496",-6629.371
"6497",-6894.87
"6498",-6759.553
"6499",-6984.49
"6500",-6619.207
"6501",-6914.981
"6502",-6817.166
"6503",-6839.787
"6504",-6433.848
"6505",-6486.134
"6506",-6638.595
"6507",-6652.08
"6508",-6877.747
"6509",-6711.053
"6510",-6649.335
"6511",-6744.954
"6512",-6732.444
"6513",-6586.004
"6514",-6505.064
"6515",-6881.689
"6516",-6762.146
"6517",-6656.636
"6518",-6954.146
"6519",-6836.736
"6520",-6597.453
"6521",-6504.906
"6522",-6874.573
"6523",-6816.173
"6524",-6678.436
"6525",-6617.451
"6526",-6650.439
"6527",-6746.405
"6528",-6857.164
"6529",-6807.172
"6530",-6510.335
"6531",-6583.339
"6532",-6836.104
"6533",-7264.246
"6534",-6796.279
"6535",-6902.658
"6536",-6474.833
"6537",-6898.243
"6538",-6777.046
"6539",-6676.663
"6540",-6942.715
"6541",-6809.811
"6542",-6683.327
"6543",-6761.826
"6544",-6720.975
"6545",-6944.923
"6546",-6514.38
"6547",-6420.752
"6548",-6618.185
"6549",-6450.601
"6550",-6488.786
"6551",-6731.911
"6552",-6654.376
"6553",-6755.171
"6554",-6448.914
"6555",-6694.847
"6556",-6647.573
"6557",-6665.793
"6558",-6660.134
"6559",-6695.665
"6560",-6812.02
"6561",-6800.917
"6562",-6616.19
"6563",-6736.802
"6564",-6490.359
"6565",-6695.066
"6566",-6671.257
"6567",-6698.003
"6568",-6736.708
"6569",-7009.931
"6570",-6986.7
"6571",-6684.384
"6572",-6552.906
"6573",-6862.605
"6574",-6661.303
"6575",-6426.99
"6576",-6690.775
"6577",-6576.927
"6578",-6643.409
"6579",-6510.114
"6580",-6809.16
"6581",-6779.287
"6582",-6836.773
"6583",-6908.605
"6584",-6739.092
"6585",-6618.998
"6586",-6764.917
"6587",-6547.341
"6588",-6859.323
"6589",-6774.396
"6590",-6724.357
"6591",-7064.496
"6592",-6924.266
"6593",-6722.608
"6594",-6762.15
"6595",-6646.125
"6596",-6685.389
"6597",-6652.042
"6598",-6906.28
"6599",-6534.884
"6600",-6580.979
"6601",-6747.407
"6602",-6729.762
"6603",-6657.289
"6604",-6837.389
"6605",-6594.912
"6606",-6338.861
"6607",-7182.309
"6608",-6699.03
"6609",-6466.768
"6610",-6738.865
"6611",-7039.885
"6612",-6829.231
"6613",-6681.799
"6614",-6834.459
"6615",-6428.626
"6616",-6725.268
"6617",-6955.367
"6618",-6798.977
"6619",-6526.543
"6620",-6899.181
"6621",-6616.23
"6622",-6661.769
"6623",-6722.359
"6624",-6702.913
"6625",-6986.394
"6626",-6728.153
"6627",-6405.301
"6628",-6783.34
"6629",-6310.581
"6630",-6855.993
"6631",-6652.195
"6632",-6783.333
"6633",-6831.183
"6634",-6559.854
"6635",-6681.861
"6636",-6706.015
"6637",-6580.862
"6638",-6817.152
"6639",-6871.375
"6640",-6756.096
"6641",-6461.198
"6642",-6676.595
"6643",-6665.016
"6644",-6516.418
"6645",-6708.158
"6646",-6706.141
"6647",-7047.336
"6648",-6613.11
"6649",-6826.472
"6650",-6600.577
"6651",-6711.14
"6652",-6612.116
"6653",-6820.586
"6654",-6798.095
"6655",-6449.466
"6656",-6672.163
"6657",-6763.71
"6658",-6703.047
"6659",-6611.364
"6660",-6635.263
"6661",-6780.582
"6662",-6669.308
"6663",-6594.964
"6664",-6999.388
"6665",-6584.674
"6666",-6537.929
"6667",-6752.972
"6668",-6932.596
"6669",-6674.646
"6670",-6842.82
"6671",-6763.279
"6672",-6400.87
"6673",-6290.441
"6674",-6509.79
"6675",-6709.615
"6676",-6730.848
"6677",-6640.934
"6678",-7005.556
"6679",-6774.011
"6680",-6738.349
"6681",-6616.273
"6682",-6693.848
"6683",-6593.887
"6684",-6611.952
"6685",-7018.124
"6686",-6920.163
"6687",-6610.624
"6688",-6714.261
"6689",-6654.256
"6690",-6817.988
"6691",-6479.856
"6692",-6968.645
"6693",-6977.383
"6694",-6742.121
"6695",-6804.735
"6696",-6697.179
"6697",-6749.809
"6698",-6886.632
"6699",-6925.462
"6700",-6575.491
"6701",-6748.128
"6702",-6856.422
"6703",-6580.403
"6704",-6870.22
"6705",-6357.982
"6706",-6444.256
"6707",-6572.059
"6708",-6668.512
"6709",-6870.114
"6710",-6673.592
"6711",-6504.781
"6712",-6811.19
"6713",-6778.736
"6714",-6596.486
"6715",-6863.768
"6716",-6603.53
"6717",-6549.075
"6718",-6800.974
"6719",-6699.197
"6720",-6965.757
"6721",-6990.599
"6722",-7199.387
"6723",-6503.316
"6724",-6766.034
"6725",-6801.533
"6726",-6573.665
"6727",-6944.956
"6728",-6866.779
"6729",-6717.464
"6730",-6716.673
"6731",-6418.422
"6732",-6741.475
"6733",-6736.035
"6734",-6804.687
"6735",-6635.533
"6736",-6837.278
"6737",-6615.552
"6738",-7029.684
"6739",-6467.058
"6740",-6698.733
"6741",-6698.25
"6742",-6672.972
"6743",-6566.313
"6744",-6710.569
"6745",-7025.958
"6746",-6749.252
"6747",-6473.812
"6748",-7068.791
"6749",-6884.287
"6750",-6578.717
"6751",-6545.841
"6752",-6700.859
"6753",-6657.037
"6754",-6766.365
"6755",-6744.789
"6756",-6692.57
"6757",-6678.021
"6758",-6905.123
"6759",-6348.766
"6760",-6663.159
"6761",-6795.634
"6762",-6771.157
"6763",-6794.377
"6764",-6945.798
"6765",-6878.427
"6766",-6750.095
"6767",-6830.79
"6768",-6686.092
"6769",-6867.052
"6770",-6590.104
"6771",-6639.425
"6772",-6800.677
"6773",-6485.26
"6774",-6326.471
"6775",-6653
"6776",-6964.552
"6777",-6594.681
"6778",-6626.637
"6779",-6729.069
"6780",-6646.048
"6781",-6789.856
"6782",-6718.801
"6783",-6650.548
"6784",-6853.695
"6785",-6863.586
"6786",-6692.953
"6787",-6925.905
"6788",-6826.026
"6789",-6709.613
"6790",-6782.001
"6791",-6866.634
"6792",-6590.761
"6793",-7154.605
"6794",-6948.085
"6795",-7053.208
"6796",-6803.932
"6797",-6706.978
"6798",-6328.955
"6799",-6639.3
"6800",-6852.215
"6801",-6563.511
"6802",-6686.871
"6803",-6647.033
"6804",-6783.815
"6805",-6482.941
"6806",-6808.649
"6807",-6665.742
"6808",-6595.348
"6809",-6612.043
"6810",-6671.702
"6811",-6338.785
"6812",-6844.747
"6813",-6466.792
"6814",-6463.437
"6815",-6556.695
"6816",-6550.989
"6817",-6938.86
"6818",-6687.574
"6819",-6612.882
"6820",-6854.166
"6821",-6865.932
"6822",-6666.656
"6823",-6949.805
"6824",-6828.953
"6825",-6652.465
"6826",-6643.586
"6827",-6845.151
"6828",-7063.716
"6829",-6492.912
"6830",-6680.437
"6831",-6743.27
"6832",-6750.12
"6833",-6861.913
"6834",-6982.478
"6835",-7028.577
"6836",-6500.291
"6837",-6654.663
"6838",-7111.114
"6839",-6879.795
"6840",-6620.385
"6841",-6919.609
"6842",-6819.228
"6843",-6961.023
"6844",-6627.11
"6845",-6588.373
"6846",-6855.761
"6847",-6312.963
"6848",-6742.869
"6849",-6469.736
"6850",-6602.954
"6851",-6665.236
"6852",-7125.415
"6853",-6620.118
"6854",-6663.922
"6855",-6785.658
"6856",-6696.035
"6857",-6580.639
"6858",-6774.159
"6859",-6988.957
"6860",-6827.127
"6861",-6599.346
"6862",-6857.727
"6863",-6813.207
"6864",-6832.352
"6865",-6958.693
"6866",-6642.567
"6867",-6891.166
"6868",-6834.946
"6869",-6570.482
"6870",-6510.471
"6871",-6898.692
"6872",-6862.253
"6873",-6653.488
"6874",-6739.822
"6875",-6696.569
"6876",-6993.819
"6877",-6746.659
"6878",-6734.481
"6879",-6899.908
"6880",-6712.068
"6881",-6434.854
"6882",-6815.17
"6883",-6730.058
"6884",-6508.615
"6885",-6398.476
"6886",-6589.967
"6887",-6769.004
"6888",-6547.033
"6889",-6849.183
"6890",-6657.317
"6891",-6624.017
"6892",-6944.975
"6893",-6872.699
"6894",-6983.626
"6895",-6739.168
"6896",-6739.511
"6897",-6897.359
"6898",-6736.83
"6899",-6797.476
"6900",-7014.956
"6901",-6459.348
"6902",-6605.736
"6903",-6580.302
"6904",-6381.601
"6905",-6623.124
"6906",-6822.669
"6907",-7096.915
"6908",-6563.705
"6909",-6365.249
"6910",-6884.603
"6911",-6463.814
"6912",-6572.335
"6913",-6471.599
"6914",-6850.767
"6915",-7033.565
"6916",-6817.555
"6917",-6640.178
"6918",-6401.464
"6919",-6545.627
"6920",-6581.137
"6921",-6721.902
"6922",-6378.313
"6923",-6603.378
"6924",-6499.866
"6925",-7118.882
"6926",-6611.504
"6927",-6550.457
"6928",-6758.579
"6929",-6679.804
"6930",-6566.224
"6931",-6514.906
"6932",-6784.941
"6933",-6748.605
"6934",-6548.227
"6935",-6755.644
"6936",-6427.134
"6937",-6634.296
"6938",-6882.374
"6939",-6940.034
"6940",-6697.686
"6941",-6788.689
"6942",-6425.498
"6943",-6665.019
"6944",-6411.686
"6945",-6939.452
"6946",-6744.152
"6947",-6647.745
"6948",-6851.555
"6949",-6893.223
"6950",-6775.063
"6951",-6965.549
"6952",-6854.592
"6953",-6963.93
"6954",-6866.105
"6955",-6619.295
"6956",-6565.402
"6957",-6607.501
"6958",-6654.417
"6959",-7043.848
"6960",-6779.013
"6961",-6900.642
"6962",-6703.143
"6963",-6843.028
"6964",-6747.491
"6965",-6725.384
"6966",-6515.926
"6967",-6310.477
"6968",-6755.746
"6969",-6606.991
"6970",-6837.376
"6971",-6571.455
"6972",-6950.022
"6973",-6585.674
"6974",-6643.078
"6975",-6845.333
"6976",-6762.98
"6977",-6726.773
"6978",-6871.402
"6979",-6502.539
"6980",-6842.965
"6981",-6746.472
"6982",-6707.739
"6983",-6566.557
"6984",-6539.955
"6985",-6664.532
"6986",-6690.893
"6987",-6559.794
"6988",-6594.299
"6989",-6910.334
"6990",-6569.186
"6991",-6831.031
"6992",-6771.748
"6993",-6708.342
"6994",-6816.615
"6995",-6691.463
"6996",-6738.86
"6997",-6556.896
"6998",-6678.609
"6999",-6825.83
"7000",-6683.765
"7001",-6526.872
"7002",-7030.047
"7003",-6403.619
"7004",-6736.863
"7005",-6659.258
"7006",-6789.562
"7007",-6652.326
"7008",-6544.708
"7009",-7093.254
"7010",-6916.509
"7011",-6606.074
"7012",-6469.401
"7013",-6584.126
"7014",-6694.086
"7015",-6892.411
"7016",-6464.235
"7017",-6643.736
"7018",-6798.776
"7019",-6884.389
"7020",-6599.761
"7021",-6926.165
"7022",-6773.802
"7023",-6797.755
"7024",-6864.62
"7025",-6528.3
"7026",-6534.465
"7027",-6657.071
"7028",-6923.184
"7029",-6433.814
"7030",-6577.022
"7031",-6789.852
"7032",-6899.313
"7033",-6549.451
"7034",-6445.324
"7035",-6644.331
"7036",-6856.094
"7037",-6589.823
"7038",-6430.823
"7039",-6857.781
"7040",-6719.672
"7041",-7062.236
"7042",-6742.972
"7043",-6736.069
"7044",-6816.601
"7045",-6541.908
"7046",-6760.467
"7047",-6665.992
"7048",-6744.609
"7049",-6456.282
"7050",-6596.575
"7051",-6539.245
"7052",-6749.845
"7053",-6619.393
"7054",-6609.706
"7055",-6855.044
"7056",-6945.922
"7057",-6668.438
"7058",-6618.301
"7059",-6521.247
"7060",-6425.229
"7061",-6822.534
"7062",-6709.181
"7063",-6635.035
"7064",-6344.654
"7065",-6549.944
"7066",-6560.487
"7067",-6586.631
"7068",-6593.491
"7069",-6975.364
"7070",-6660.613
"7071",-6678.753
"7072",-6836.919
"7073",-6622.799
"7074",-7075.357
"7075",-6748.242
"7076",-6544.287
"7077",-6744.799
"7078",-6972.49
"7079",-6747.178
"7080",-6710.633
"7081",-6623.997
"7082",-6681.913
"7083",-6534.127
"7084",-6535.312
"7085",-6924.611
"7086",-7062.043
"7087",-6797.046
"7088",-6275.812
"7089",-6604.243
"7090",-6811.306
"7091",-6619.541
"7092",-6603.115
"7093",-6679.297
"7094",-6736.438
"7095",-6730.462
"7096",-6796.637
"7097",-6589.547
"7098",-6558.518
"7099",-6760.433
"7100",-6797.483
"7101",-6669.879
"7102",-6731.933
"7103",-6821.232
"7104",-6820.326
"7105",-6599.61
"7106",-6422.831
"7107",-6401.987
"7108",-6754.268
"7109",-6920.506
"7110",-6551.359
"7111",-6380.259
"7112",-7092.436
"7113",-6606.664
"7114",-6813.355
"7115",-6578.145
"7116",-6726.086
"7117",-6489.385
"7118",-6857.783
"7119",-6642.782
"7120",-7024.937
"7121",-6714.464
"7122",-6956.208
"7123",-6915.792
"7124",-6846.046
"7125",-6546.655
"7126",-6667.83
"7127",-6460.779
"7128",-6642.644
"7129",-6677.558
"7130",-6927.285
"7131",-6894.634
"7132",-6824.075
"7133",-6556.062
"7134",-6665.866
"7135",-6804.256
"7136",-6486.353
"7137",-6691.468
"7138",-6599.868
"7139",-6564.802
"7140",-6675.468
"7141",-7028.153
"7142",-7158.505
"7143",-6979.567
"7144",-6949.921
"7145",-6775.131
"7146",-6964.311
"7147",-6813.005
"7148",-6617.311
"7149",-6818.81
"7150",-6628.903
"7151",-6399.354
"7152",-6534.226
"7153",-6720.919
"7154",-6487.125
"7155",-6550.888
"7156",-6538.935
"7157",-6637.693
"7158",-6413.269
"7159",-6790.357
"7160",-6590.206
"7161",-6596.694
"7162",-6842.943
"7163",-6715.414
"7164",-6749.545
"7165",-6789.473
"7166",-6497.423
"7167",-6905.037
"7168",-6248.143
"7169",-6725.975
"7170",-6492.473
"7171",-6685.074
"7172",-6591.184
"7173",-6806.121
"7174",-6864.196
"7175",-6743.372
"7176",-6616.52
"7177",-6536.417
"7178",-6559.895
"7179",-6735.445
"7180",-6421.946
"7181",-6526.725
"7182",-6786.745
"7183",-6578.648
"7184",-6974.194
"7185",-6851.848
"7186",-6829.879
"7187",-6747.257
"7188",-6769.435
"7189",-6589.464
"7190",-6528.456
"7191",-6932.558
"7192",-6884.259
"7193",-6539.796
"7194",-6649.56
"7195",-6863.471
"7196",-6536.507
"7197",-6639.224
"7198",-6768.219
"7199",-6476.267
"7200",-6755.921
"7201",-6790.462
"7202",-6829.905
"7203",-6822.61
"7204",-6498.606
"7205",-6514.11
"7206",-6645.101
"7207",-6749.009
"7208",-6730.009
"7209",-6792.263
"7210",-6954.189
"7211",-6497.267
"7212",-6931.849
"7213",-6583.181
"7214",-6615.279
"7215",-6533.187
"7216",-6091.552
"7217",-6637.68
"7218",-6842.632
"7219",-6798.307
"7220",-6714.338
"7221",-6741.102
"7222",-6432.449
"7223",-6789.032
"7224",-6639.8
"7225",-6762.32
"7226",-6490.149
"7227",-6731.919
"7228",-6788.821
"7229",-6643.497
"7230",-6697.68
"7231",-6571.865
"7232",-7009.956
"7233",-6734.764
"7234",-6856.006
"7235",-6645.871
"7236",-6862.086
"7237",-6996.699
"7238",-6746.71
"7239",-6844.919
"7240",-7046.084
"7241",-6835.716
"7242",-6783.403
"7243",-6653.519
"7244",-6863.885
"7245",-6432.166
"7246",-6724.709
"7247",-6559.224
"7248",-6556.727
"7249",-6822.803
"7250",-6750.205
"7251",-6499.633
"7252",-7015.64
"7253",-6937.466
"7254",-6473.777
"7255",-6860.135
"7256",-6429.563
"7257",-6591.418
"7258",-6642.192
"7259",-6841.529
"7260",-6954.399
"7261",-6610.061
"7262",-6727.117
"7263",-6636.46
"7264",-7101.759
"7265",-6679.276
"7266",-6708.454
"7267",-6800.11
"7268",-6632.485
"7269",-6741.867
"7270",-6536.299
"7271",-6853.951
"7272",-6731.804
"7273",-6890.595
"7274",-6559.225
"7275",-6722.662
"7276",-6597.515
"7277",-6835.718
"7278",-6811.369
"7279",-6929.379
"7280",-6720.39
"7281",-6672
"7282",-6779.007
"7283",-6690.582
"7284",-6641.598
"7285",-6735.052
"7286",-6866.48
"7287",-6597.548
"7288",-6650.194
"7289",-6747.127
"7290",-7106.573
"7291",-6511.025
"7292",-6923.601
"7293",-6675.661
"7294",-6934.338
"7295",-6723.954
"7296",-6744.302
"7297",-6817.25
"7298",-6922.245
"7299",-6705.816
"7300",-6568.46
"7301",-6511.972
"7302",-6367.62
"7303",-6629.932
"7304",-6601.575
"7305",-6559.185
"7306",-6915.554
"7307",-6709.438
"7308",-6642.883
"7309",-6839.977
"7310",-6721.436
"7311",-6465.804
"7312",-6758.791
"7313",-6745.92
"7314",-6727.123
"7315",-6615.558
"7316",-6956.226
"7317",-6598.921
"7318",-6831.369
"7319",-6634.665
"7320",-6899.552
"7321",-6657.865
"7322",-6444.634
"7323",-6801.94
"7324",-6457.492
"7325",-6768.645
"7326",-6635.604
"7327",-6895.971
"7328",-6556.152
"7329",-6510.163
"7330",-6881.923
"7331",-6942.334
"7332",-6765.02
"7333",-6623.211
"7334",-6720.544
"7335",-6723.386
"7336",-6532.239
"7337",-6713.756
"7338",-6868.566
"7339",-6769.537
"7340",-6893.233
"7341",-6743.821
"7342",-6402.568
"7343",-6421.717
"7344",-6647.35
"7345",-6899.922
"7346",-6566.189
"7347",-6743.827
"7348",-6841.459
"7349",-6783.234
"7350",-6941.124
"7351",-6654.947
"7352",-6684.431
"7353",-6860.484
"7354",-6667.316
"7355",-6544.886
"7356",-6332.107
"7357",-6688.167
"7358",-6925.819
"7359",-6489.301
"7360",-6632.433
"7361",-6698.705
"7362",-6726.322
"7363",-6899.663
"7364",-6775.256
"7365",-6760.563
"7366",-6659.042
"7367",-6822.008
"7368",-6771.918
"7369",-6830.998
"7370",-6478.435
"7371",-6677.092
"7372",-7004.382
"7373",-6830.09
"7374",-6733.535
"7375",-6595.209
"7376",-6606.378
"7377",-6564.187
"7378",-6576.419
"7379",-6692.388
"7380",-6467.787
"7381",-6595.939
"7382",-6865.496
"7383",-6515.391
"7384",-6675.898
"7385",-6775.276
"7386",-7048.189
"7387",-6994.805
"7388",-6553.09
"7389",-6519.622
"7390",-6479.034
"7391",-6971.718
"7392",-6665.243
"7393",-6449.652
"7394",-6455.777
"7395",-6361.271
"7396",-6606.225
"7397",-6742.98
"7398",-6483.231
"7399",-6677.287
"7400",-6591.61
"7401",-6763.858
"7402",-6545.686
"7403",-6621.21
"7404",-6982.477
"7405",-6571.412
"7406",-6695.901
"7407",-6794.855
"7408",-6782.575
"7409",-6701.648
"7410",-6734.887
"7411",-6886.33
"7412",-6779.208
"7413",-6574.217
"7414",-6531.126
"7415",-6545.889
"7416",-6598.005
"7417",-6700.19
"7418",-6870.084
"7419",-7067.29
"7420",-6901.415
"7421",-6967.387
"7422",-6593.595
"7423",-6822.136
"7424",-6693.295
"7425",-6689.518
"7426",-6744.581
"7427",-6668.277
"7428",-6661.224
"7429",-6818.55
"7430",-6882.433
"7431",-6774.698
"7432",-6649.398
"7433",-6915.77
"7434",-6924.2
"7435",-6438.439
"7436",-6536.662
"7437",-6831.792
"7438",-6581.327
"7439",-6753.116
"7440",-6883.21
"7441",-7043.149
"7442",-6444.712
"7443",-6804.374
"7444",-6585.764
"7445",-6888.185
"7446",-6902.154
"7447",-6855.644
"7448",-6887.59
"7449",-6832.856
"7450",-6918.684
"7451",-6792.523
"7452",-6886.297
"7453",-6879.352
"7454",-7080.548
"7455",-6917.13
"7456",-6560.776
"7457",-6851.885
"7458",-6676.234
"7459",-6650.756
"7460",-6775.537
"7461",-6930.302
"7462",-6773.241
"7463",-6708.394
"7464",-6785.065
"7465",-6810.308
"7466",-6905.779
"7467",-6766.347
"7468",-6509.042
"7469",-6665.253
"7470",-6708.12
"7471",-6501.171
"7472",-7035.016
"7473",-6835.072
"7474",-6957.224
"7475",-6689.793
"7476",-6943.537
"7477",-6779.057
"7478",-6722.733
"7479",-6581.787
"7480",-6573.336
"7481",-6827.532
"7482",-6635.191
"7483",-7020.669
"7484",-6977.161
"7485",-6698.577
"7486",-6827.398
"7487",-6463.588
"7488",-6446.286
"7489",-6494.394
"7490",-6582.608
"7491",-6445.444
"7492",-6389.739
"7493",-6720.658
"7494",-6328.984
"7495",-6636.571
"7496",-6394.196
"7497",-6694.302
"7498",-6802.53
"7499",-6606.584
"7500",-6449.092
"7501",-6643.706
"7502",-6970.315
"7503",-6722.527
"7504",-6989.768
"7505",-6644.932
"7506",-6875.127
"7507",-6358.779
"7508",-6395.774
"7509",-6662.089
"7510",-6513.05
"7511",-6767.732
"7512",-6933.257
"7513",-6633.034
"7514",-6644.979
"7515",-6702.375
"7516",-6634.255
"7517",-6822.914
"7518",-6636.731
"7519",-6695.447
"7520",-7018.906
"7521",-6886.242
"7522",-6960.539
"7523",-6574.04
"7524",-7024.535
"7525",-6584.905
"7526",-6942.736
"7527",-6667.192
"7528",-6617.8
"7529",-6890.274
"7530",-6625.948
"7531",-6616.117
"7532",-6633.703
"7533",-6729.197
"7534",-6755.305
"7535",-6887.164
"7536",-6857.205
"7537",-6583.021
"7538",-6616.481
"7539",-6527.546
"7540",-6833.843
"7541",-6527.634
"7542",-6929.28
"7543",-6444.804
"7544",-6969.199
"7545",-6336.637
"7546",-6744.18
"7547",-6770.883
"7548",-6655.351
"7549",-6668.695
"7550",-6755.58
"7551",-6704.731
"7552",-6752.155
"7553",-6743.065
"7554",-6864.689
"7555",-6405.537
"7556",-6989.616
"7557",-6838.093
"7558",-6985.578
"7559",-6768.558
"7560",-6743.474
"7561",-6699.002
"7562",-6605.939
"7563",-6763.428
"7564",-6741.513
"7565",-6036.692
"7566",-6466.494
"7567",-6931.13
"7568",-6830.709
"7569",-6682.833
"7570",-6816.655
"7571",-6701.833
"7572",-6873.064
"7573",-6937.247
"7574",-6821.943
"7575",-6777.328
"7576",-6753.168
"7577",-6650.803
"7578",-6649.629
"7579",-6762.107
"7580",-6646.373
"7581",-6705.165
"7582",-6657.521
"7583",-6957.131
"7584",-6681.516
"7585",-6596.787
"7586",-6211.09
"7587",-6707.244
"7588",-6932.277
"7589",-6461.663
"7590",-6785.594
"7591",-6876.979
"7592",-6854.837
"7593",-7026.294
"7594",-6736.695
"7595",-6802.574
"7596",-6704.059
"7597",-6628.897
"7598",-7037.358
"7599",-6842.806
"7600",-6806.706
"7601",-6654.175
"7602",-6461.067
"7603",-6629.949
"7604",-7019.048
"7605",-6784.674
"7606",-6678.61
"7607",-6848.279
"7608",-6681.603
"7609",-6687.004
"7610",-6604.396
"7611",-6661.763
"7612",-6953.744
"7613",-6704.45
"7614",-6850.979
"7615",-6517.668
"7616",-6524.157
"7617",-6404.208
"7618",-6682.392
"7619",-6883.874
"7620",-6721.058
"7621",-6661.983
"7622",-6791.247
"7623",-6780.124
"7624",-6692.225
"7625",-6897.718
"7626",-6693.917
"7627",-6519.269
"7628",-6694.428
"7629",-6857.59
"7630",-6780.098
"7631",-6668.532
"7632",-6458.406
"7633",-6545.545
"7634",-6652.032
"7635",-6771.082
"7636",-6853.091
"7637",-6757.085
"7638",-6488.226
"7639",-7053.372
"7640",-6942.903
"7641",-6397.304
"7642",-6782.281
"7643",-6599.929
"7644",-6716.47
"7645",-6865.343
"7646",-6656.844
"7647",-6853.167
"7648",-6675.91
"7649",-6599.797
"7650",-6615.058
"7651",-6810.956
"7652",-6931.58
"7653",-7078.677
"7654",-6910.395
"7655",-6642.159
"7656",-6506.251
"7657",-7223.995
"7658",-6919.333
"7659",-6811.166
"7660",-6937.111
"7661",-6993.439
"7662",-6441.745
"7663",-6855.193
"7664",-6816.644
"7665",-6505.056
"7666",-6714.33
"7667",-6634.381
"7668",-6826.44
"7669",-6922.116
"7670",-6765.216
"7671",-6736.6
"7672",-6454.796
"7673",-6772.017
"7674",-6934.177
"7675",-6657.745
"7676",-6333.535
"7677",-6746.768
"7678",-7093.046
"7679",-6852.131
"7680",-6510.297
"7681",-6584.065
"7682",-6947.411
"7683",-6922.206
"7684",-6802.331
"7685",-6750.586
"7686",-6729.435
"7687",-6651.228
"7688",-6634.938
"7689",-6976.285
"7690",-6842.024
"7691",-6378.436
"7692",-6470.029
"7693",-6534.14
"7694",-6784.848
"7695",-6657.386
"7696",-6626.062
"7697",-6870.595
"7698",-6657.679
"7699",-6551.238
"7700",-6387.197
"7701",-6543.698
"7702",-6583.035
"7703",-6827.998
"7704",-6871.613
"7705",-6329.813
"7706",-6924.95
"7707",-6710.566
"7708",-6839.196
"7709",-6868.42
"7710",-6477.024
"7711",-6552.514
"7712",-6735.51
"7713",-6662.12
"7714",-6478.75
"7715",-6680.988
"7716",-6724.793
"7717",-6866.177
"7718",-6823.305
"7719",-6962.113
"7720",-6709.815
"7721",-6758.227
"7722",-6557.161
"7723",-6740.236
"7724",-6606.999
"7725",-6718.294
"7726",-6537.36
"7727",-6558.178
"7728",-7037.253
"7729",-6499.792
"7730",-6717.114
"7731",-6772.22
"7732",-6426.215
"7733",-6601.962
"7734",-6855.245
"7735",-6709.756
"7736",-6625.061
"7737",-6515.696
"7738",-6972.744
"7739",-6782.86
"7740",-6600.811
"7741",-6624.51
"7742",-6612.068
"7743",-6870.229
"7744",-6585.961
"7745",-7030.905
"7746",-6973.599
"7747",-6560.001
"7748",-6311.76
"7749",-6526.099
"7750",-6693.245
"7751",-6855.311
"7752",-6338.757
"7753",-6678.547
"7754",-6799.891
"7755",-6510.008
"7756",-6864.014
"7757",-6705.365
"7758",-6699.201
"7759",-6661.238
"7760",-6689.423
"7761",-7058.049
"7762",-6659.552
"7763",-6743.819
"7764",-6815.642
"7765",-6867.327
"7766",-6617.342
"7767",-6711.317
"7768",-6345.8
"7769",-6620.211
"7770",-6691.474
"7771",-6528.773
"7772",-6343.971
"7773",-6570.897
"7774",-6603.626
"7775",-6576.533
"7776",-6854.032
"7777",-6884.6
"7778",-6847.886
"7779",-6633.094
"7780",-6614.681
"7781",-6786.038
"7782",-6750.687
"7783",-6866.894
"7784",-7075.292
"7785",-6647.144
"7786",-6911.004
"7787",-7108.635
"7788",-6696.317
"7789",-6447.704
"7790",-6887.79
"7791",-7067.947
"7792",-6523.051
"7793",-6898.66
"7794",-6643.953
"7795",-6566.418
"7796",-6876.316
"7797",-6648.644
"7798",-6835.246
"7799",-6952.229
"7800",-6943.693
"7801",-6863.213
"7802",-6619.657
"7803",-6484.77
"7804",-6538.316
"7805",-6829.052
"7806",-6405.755
"7807",-6863.345
"7808",-6648.898
"7809",-6443.505
"7810",-6783.379
"7811",-6994.188
"7812",-6847.722
"7813",-6648.757
"7814",-6657.115
"7815",-6877.623
"7816",-6538.782
"7817",-6869.618
"7818",-6775.717
"7819",-6788.994
"7820",-6634.714
"7821",-6729.496
"7822",-6942.377
"7823",-6617.245
"7824",-6953.238
"7825",-6589.241
"7826",-6730.14
"7827",-6592.938
"7828",-6472.244
"7829",-6699.679
"7830",-6696.039
"7831",-6593.569
"7832",-6647.109
"7833",-6700.93
"7834",-6538.738
"7835",-6966.246
"7836",-6721.224
"7837",-6716.913
"7838",-6717.082
"7839",-6188.489
"7840",-6568.762
"7841",-6767.483
"7842",-6856.217
"7843",-6447.543
"7844",-6787.098
"7845",-6767.518
"7846",-6606.077
"7847",-6793.582
"7848",-6515.613
"7849",-6779.494
"7850",-6605.89
"7851",-6787.156
"7852",-6746.593
"7853",-6672.58
"7854",-6560.418
"7855",-6569.625
"7856",-6980.923
"7857",-6638.815
"7858",-6891.432
"7859",-6411.763
"7860",-6703.242
"7861",-6816.467
"7862",-6719.967
"7863",-6600.399
"7864",-6651.108
"7865",-6695.637
"7866",-6879.352
"7867",-6532.078
"7868",-6558.382
"7869",-6631.41
"7870",-6721.237
"7871",-6633.341
"7872",-6938.98
"7873",-6608.78
"7874",-6416.525
"7875",-6302.164
"7876",-6689.723
"7877",-6728.179
"7878",-6379.507
"7879",-6499.655
"7880",-7221.166
"7881",-6539.611
"7882",-6905.564
"7883",-6823.506
"7884",-6787.898
"7885",-6763.368
"7886",-6423.332
"7887",-6916.195
"7888",-7119.325
"7889",-6727.884
"7890",-6685.069
"7891",-6946.821
"7892",-6711.717
"7893",-6429.042
"7894",-6860.695
"7895",-6442.413
"7896",-6711.505
"7897",-6577.126
"7898",-6832.047
"7899",-6634.659
"7900",-6673.123
"7901",-6707.982
"7902",-6870.45
"7903",-6785.22
"7904",-6869.834
"7905",-6619.293
"7906",-6462.359
"7907",-6585.842
"7908",-6677.837
"7909",-6636.887
"7910",-6823.881
"7911",-6826.871
"7912",-6764.497
"7913",-6832.232
"7914",-6598.373
"7915",-6566.172
"7916",-6722.138
"7917",-6534.115
"7918",-6717.086
"7919",-6863.066
"7920",-6928.532
"7921",-6521.144
"7922",-6726.462
"7923",-6700.004
"7924",-6505.068
"7925",-6591.011
"7926",-6782.705
"7927",-6931.684
"7928",-7017.938
"7929",-7019.709
"7930",-6654.301
"7931",-6846.265
"7932",-6986.406
"7933",-6722.845
"7934",-6426.892
"7935",-6645.068
"7936",-6794.279
"7937",-6665.525
"7938",-6515.79
"7939",-6804.928
"7940",-6927.006
"7941",-6546.85
"7942",-6748.199
"7943",-6748.356
"7944",-6686.995
"7945",-6568.004
"7946",-6694.493
"7947",-6679.819
"7948",-6585.069
"7949",-6827.21
"7950",-6954.493
"7951",-6630.342
"7952",-6482.415
"7953",-6677.763
"7954",-6994.659
"7955",-6645.109
"7956",-6671.42
"7957",-6747.337
"7958",-6695.69
"7959",-6621.806
"7960",-6844.713
"7961",-6762.834
"7962",-6823.608
"7963",-6758.157
"7964",-6591.953
"7965",-6576.325
"7966",-6823.397
"7967",-6781.984
"7968",-6606.668
"7969",-6589.025
"7970",-6827.786
"7971",-6744.816
"7972",-6933.379
"7973",-6703.708
"7974",-6464.694
"7975",-6699.55
"7976",-6730.182
"7977",-6700.333
"7978",-6798.844
"7979",-7004.079
"7980",-6469.378
"7981",-6593.135
"7982",-6233.124
"7983",-6746.119
"7984",-6877.181
"7985",-6794.806
"7986",-6658.633
"7987",-6554.614
"7988",-7053.478
"7989",-6518.211
"7990",-6496.068
"7991",-6635.871
"7992",-6651.426
"7993",-6837.871
"7994",-6694.943
"7995",-6573.405
"7996",-6824.439
"7997",-6843.132
"7998",-6754.872
"7999",-6578.322
"8000",-6445.365
"8001",-6751.171
"8002",-6758.872
"8003",-6552.013
"8004",-6626.242
"8005",-6658.722
"8006",-6745.788
"8007",-6572.932
"8008",-6860.332
"8009",-6897.537
"8010",-6457.873
"8011",-6678.847
"8012",-7120.056
"8013",-6925.762
"8014",-6679.342
"8015",-6686.161
"8016",-6582.525
"8017",-6701.625
"8018",-6903.135
"8019",-6605.889
"8020",-6815.556
"8021",-6572.247
"8022",-6552.006
"8023",-6903.826
"8024",-6809.103
"8025",-6682.367
"8026",-6864.124
"8027",-6601.341
"8028",-6963.909
"8029",-6756.54
"8030",-6698.56
"8031",-6793.081
"8032",-6650.386
"8033",-6485.719
"8034",-6801.482
"8035",-6575.121
"8036",-6906.844
"8037",-6739.359
"8038",-6722.108
"8039",-6597.088
"8040",-6652.396
"8041",-6939.161
"8042",-6862.337
"8043",-6568.602
"8044",-6844.515
"8045",-6488.744
"8046",-6614.724
"8047",-6777.906
"8048",-6501.374
"8049",-6695.486
"8050",-6671.783
"8051",-6362.874
"8052",-6540.307
"8053",-6865.303
"8054",-6569.548
"8055",-6557.766
"8056",-6682.141
"8057",-6661.067
"8058",-6968.289
"8059",-6596.502
"8060",-6839.28
"8061",-6737.048
"8062",-6516.763
"8063",-6728.281
"8064",-6612.064
"8065",-6785.537
"8066",-6875.393
"8067",-6634.28
"8068",-6720.316
"8069",-6792.892
"8070",-6934.227
"8071",-6688.755
"8072",-6628.684
"8073",-6622.92
"8074",-6841.133
"8075",-6548.746
"8076",-6822.767
"8077",-6403.791
"8078",-6970.087
"8079",-6799.6
"8080",-6593.116
"8081",-6713.566
"8082",-6603.595
"8083",-6915.851
"8084",-6630.609
"8085",-6635.66
"8086",-6951.799
"8087",-6614.421
"8088",-6549.205
"8089",-6579.626
"8090",-6643.743
"8091",-6606.67
"8092",-6784.324
"8093",-6775.894
"8094",-6868.672
"8095",-6706.83
"8096",-6751.298
"8097",-6810.287
"8098",-6610.844
"8099",-6735.739
"8100",-6751.085
"8101",-6573.307
"8102",-6713.844
"8103",-6678.919
"8104",-6354.854
"8105",-6741.05
"8106",-6689.866
"8107",-6594.487
"8108",-6483.248
"8109",-6661.965
"8110",-6600.452
"8111",-6608.454
"8112",-6796.825
"8113",-6656.183
"8114",-6520.31
"8115",-6807.34
"8116",-6765.212
"8117",-6626.005
"8118",-7000.76
"8119",-6555.982
"8120",-6810.848
"8121",-6864.775
"8122",-6622.879
"8123",-6781.179
"8124",-6748.455
"8125",-6666.864
"8126",-6775.672
"8127",-6858.348
"8128",-6623.879
"8129",-6829.589
"8130",-6544.611
"8131",-6581.694
"8132",-6558.744
"8133",-6713.362
"8134",-6619.177
"8135",-6314.192
"8136",-6871.49
"8137",-6561.498
"8138",-6910.238
"8139",-6526.93
"8140",-6823.11
"8141",-6458.217
"8142",-6826.741
"8143",-6832.139
"8144",-6755.231
"8145",-6670.935
"8146",-6421.512
"8147",-6672.877
"8148",-6761.786
"8149",-6547.459
"8150",-6854.306
"8151",-7025.602
"8152",-6752.019
"8153",-6754.291
"8154",-7170.358
"8155",-6599.031
"8156",-6833.061
"8157",-6836.158
"8158",-6739.239
"8159",-6692.599
"8160",-6615.112
"8161",-6680.911
"8162",-6347.117
"8163",-6509.306
"8164",-6905.399
"8165",-6854.499
"8166",-6999.737
"8167",-6486.329
"8168",-6597.458
"8169",-6804.575
"8170",-7041.622
"8171",-6826.71
"8172",-6887.967
"8173",-6869.032
"8174",-6792.965
"8175",-6600.367
"8176",-6721.182
"8177",-6785.929
"8178",-6963.253
"8179",-7033.621
"8180",-6820.163
"8181",-7002.508
"8182",-6593.204
"8183",-6919.063
"8184",-6691.579
"8185",-6672.838
"8186",-6631.585
"8187",-6776.936
"8188",-6527.796
"8189",-6795.785
"8190",-6720.285
"8191",-6889.879
"8192",-6971.333
"8193",-6806.51
"8194",-6905.555
"8195",-7048.337
"8196",-6678.35
"8197",-6873.011
"8198",-6883.452
"8199",-6333.093
"8200",-6694.595
"8201",-6798.518
"8202",-6598.176
"8203",-6265.128
"8204",-6502.997
"8205",-6886.818
"8206",-7003.678
"8207",-6786.007
"8208",-6730.903
"8209",-6601.185
"8210",-6677.534
"8211",-6724.999
"8212",-6766.896
"8213",-6626.673
"8214",-6721.315
"8215",-7125.726
"8216",-6769.79
"8217",-6736.725
"8218",-6383.998
"8219",-6501.384
"8220",-6645.435
"8221",-6563.573
"8222",-6595.27
"8223",-6657.714
"8224",-6867.356
"8225",-6876.544
"8226",-6478.292
"8227",-7096.338
"8228",-6722.208
"8229",-6578.839
"8230",-6711.652
"8231",-6288.678
"8232",-7030.902
"8233",-6928.95
"8234",-6485.157
"8235",-6381.833
"8236",-6739.512
"8237",-6640.456
"8238",-6733.194
"8239",-6563.023
"8240",-6390.483
"8241",-6693.704
"8242",-6624.651
"8243",-6693.573
"8244",-6885.872
"8245",-6659.369
"8246",-6780.567
"8247",-6917.536
"8248",-6849.644
"8249",-7065.056
"8250",-6539.142
"8251",-6844.462
"8252",-6959.928
"8253",-7213.251
"8254",-6866.899
"8255",-6623.967
"8256",-7012.498
"8257",-6923.101
"8258",-6442.119
"8259",-6833.685
"8260",-6871.395
"8261",-6417.405
"8262",-6638.385
"8263",-6794.621
"8264",-7131.499
"8265",-6797.898
"8266",-6504.237
"8267",-6531.457
"8268",-6566.401
"8269",-6693.614
"8270",-6877.955
"8271",-6666.93
"8272",-6585.753
"8273",-6673.043
"8274",-6778.283
"8275",-6805.974
"8276",-6610.684
"8277",-6436.551
"8278",-6932.807
"8279",-6636.36
"8280",-6592.962
"8281",-6841.532
"8282",-7009.608
"8283",-6830.837
"8284",-6824.427
"8285",-6633.2
"8286",-6924.258
"8287",-6565.433
"8288",-6560.271
"8289",-6966.31
"8290",-6615.607
"8291",-6517.337
"8292",-6956.359
"8293",-6815.934
"8294",-6599.135
"8295",-6867.23
"8296",-6697.788
"8297",-6898.809
"8298",-6473.366
"8299",-6557.681
"8300",-7148.27
"8301",-6762.365
"8302",-6499.26
"8303",-6644.277
"8304",-6643.232
"8305",-6865.101
"8306",-6545.693
"8307",-6665.521
"8308",-6609.896
"8309",-6530.157
"8310",-6620.035
"8311",-6738.658
"8312",-6658.909
"8313",-6822.872
"8314",-6628.688
"8315",-6407.803
"8316",-6927.737
"8317",-6862.054
"8318",-6592.206
"8319",-7078.86
"8320",-6916.036
"8321",-6634.594
"8322",-7133.412
"8323",-6410.935
"8324",-6833.328
"8325",-6693.177
"8326",-6776.35
"8327",-6785.92
"8328",-6675.441
"8329",-6735.149
"8330",-7035.651
"8331",-6785.766
"8332",-6492.524
"8333",-7040.332
"8334",-6586.257
"8335",-6452.375
"8336",-6503.572
"8337",-6512.482
"8338",-6842.715
"8339",-6298.076
"8340",-6792.924
"8341",-6883.578
"8342",-6359.07
"8343",-6988.535
"8344",-6847.165
"8345",-6758.756
"8346",-6795.498
"8347",-6521.141
"8348",-6576.657
"8349",-6646.918
"8350",-6575.015
"8351",-6543.08
"8352",-6565.349
"8353",-6592.536
"8354",-6854.31
"8355",-6587.729
"8356",-6949.207
"8357",-6849.355
"8358",-6844.312
"8359",-6530.074
"8360",-6892.531
"8361",-6863.056
"8362",-6431.862
"8363",-6601.15
"8364",-6225.534
"8365",-6651.178
"8366",-6462.76
"8367",-6875.526
"8368",-6890.288
"8369",-6677.054
"8370",-6565.417
"8371",-6641.543
"8372",-6686.78
"8373",-6820.299
"8374",-6799.958
"8375",-6662.753
"8376",-6757.88
"8377",-6618.933
"8378",-6751.403
"8379",-6772.363
"8380",-6536.21
"8381",-6605.949
"8382",-6364.133
"8383",-6501.608
"8384",-6673.351
"8385",-6849.076
"8386",-6885.665
"8387",-6897.199
"8388",-6482.907
"8389",-6768.137
"8390",-6850.263
"8391",-6737.758
"8392",-6856.189
"8393",-6641.644
"8394",-6494.386
"8395",-6652.087
"8396",-6676.17
"8397",-6723.433
"8398",-6670.494
"8399",-6729.733
"8400",-6897.579
"8401",-6800.832
"8402",-6763.908
"8403",-6657.873
"8404",-6709.271
"8405",-7109.459
"8406",-6847.083
"8407",-6436.903
"8408",-6807.536
"8409",-6858.061
"8410",-6762.166
"8411",-6731.686
"8412",-6956.628
"8413",-6674.091
"8414",-6732.39
"8415",-6542.937
"8416",-6876.925
"8417",-6725.922
"8418",-6645.504
"8419",-6788.735
"8420",-6726.798
"8421",-6630.887
"8422",-6865.506
"8423",-6734.334
"8424",-6990.018
"8425",-6630.031
"8426",-6775.787
"8427",-6641.249
"8428",-6572.6
"8429",-6668.059
"8430",-6585.034
"8431",-6630.732
"8432",-6478.068
"8433",-6241.882
"8434",-6648.961
"8435",-6762.381
"8436",-6688.067
"8437",-6973.602
"8438",-6690.76
"8439",-6692.708
"8440",-6840.099
"8441",-6450.114
"8442",-6468.101
"8443",-6783.256
"8444",-6751.143
"8445",-6630.282
"8446",-6572.466
"8447",-6953.663
"8448",-6705.943
"8449",-6729.619
"8450",-6936.19
"8451",-6667.006
"8452",-6590.46
"8453",-6717.257
"8454",-6747.502
"8455",-6718.163
"8456",-6962.129
"8457",-6704.283
"8458",-6799.932
"8459",-6766.214
"8460",-6656.357
"8461",-6870.799
"8462",-6733.465
"8463",-6820.103
"8464",-6550.119
"8465",-6638.409
"8466",-6694.336
"8467",-6987.09
"8468",-6754.281
"8469",-6669.557
"8470",-6666.535
"8471",-6964.943
"8472",-6842.528
"8473",-6425.448
"8474",-6568.235
"8475",-6819.091
"8476",-6855.334
"8477",-6800.821
"8478",-7159.764
"8479",-6901.829
"8480",-6612.729
"8481",-6508.544
"8482",-6695.868
"8483",-6907.212
"8484",-6922.844
"8485",-6701.045
"8486",-6677.079
"8487",-6879.311
"8488",-6822.509
"8489",-6684.234
"8490",-6370.721
"8491",-6962.909
"8492",-6665.525
"8493",-6741.097
"8494",-6803.404
"8495",-6521.79
"8496",-6641.781
"8497",-6466.257
"8498",-6822.672
"8499",-6442.917
"8500",-6640.857
"8501",-6782.496
"8502",-6786.725
"8503",-6750.919
"8504",-6778.112
"8505",-6898.734
"8506",-6457.355
"8507",-6669.573
"8508",-6731.022
"8509",-6519.358
"8510",-6892.27
"8511",-6483.488
"8512",-6804.826
"8513",-7068.145
"8514",-6653.993
"8515",-6904.749
"8516",-6572.045
"8517",-6830.516
"8518",-6755.982
"8519",-6933.654
"8520",-6656.679
"8521",-6736.109
"8522",-6682.864
"8523",-6746.297
"8524",-7017.972
"8525",-6552.078
"8526",-6643.009
"8527",-6696.122
"8528",-6649.071
"8529",-6840.254
"8530",-6901.134
"8531",-6914.743
"8532",-6735.151
"8533",-6516.895
"8534",-6820.903
"8535",-6824.689
"8536",-6868.508
"8537",-6584.608
"8538",-6709.061
"8539",-6767.465
"8540",-6962.453
"8541",-6800.791
"8542",-6569.94
"8543",-6985.356
"8544",-6636.629
"8545",-6587.87
"8546",-6428.128
"8547",-6722.795
"8548",-6690.033
"8549",-6666.177
"8550",-6813.301
"8551",-6598.565
"8552",-6729.012
"8553",-6883.16
"8554",-6361.935
"8555",-6947.46
"8556",-6787.42
"8557",-6511.113
"8558",-6758.872
"8559",-6676.572
"8560",-6708.277
"8561",-6812.174
"8562",-6538.471
"8563",-6578.708
"8564",-6687.858
"8565",-6669.232
"8566",-6846.85
"8567",-6564.117
"8568",-6736.141
"8569",-6543.679
"8570",-6696.394
"8571",-6842.794
"8572",-6763.759
"8573",-6755.414
"8574",-6501.765
"8575",-6584.682
"8576",-6701.211
"8577",-6677.336
"8578",-6552.006
"8579",-6564.433
"8580",-6693.511
"8581",-6655.769
"8582",-6762.575
"8583",-6660.85
"8584",-6354.902
"8585",-6851.18
"8586",-6624.468
"8587",-7100.207
"8588",-6903.789
"8589",-6526.809
"8590",-6790.937
"8591",-6874.769
"8592",-6505.245
"8593",-6848.111
"8594",-6655.712
"8595",-7099.219
"8596",-6664.012
"8597",-6786.137
"8598",-7129.086
"8599",-6889.9
"8600",-6481.842
"8601",-6855.263
"8602",-6769.621
"8603",-6736.266
"8604",-6889.479
"8605",-6704.743
"8606",-6543.406
"8607",-6679.254
"8608",-6820.456
"8609",-6740.103
"8610",-6437.909
"8611",-6472.468
"8612",-6485.197
"8613",-6836.33
"8614",-6686.936
"8615",-6985.206
"8616",-7027.032
"8617",-6847.273
"8618",-6769.142
"8619",-6771.806
"8620",-6919.825
"8621",-6563.224
"8622",-6632.822
"8623",-6687.539
"8624",-6749.491
"8625",-6897.223
"8626",-6628.382
"8627",-6454.335
"8628",-6776.682
"8629",-6671.06
"8630",-6706.454
"8631",-6908.145
"8632",-6693.429
"8633",-6958.761
"8634",-6781.809
"8635",-6748.737
"8636",-6864.347
"8637",-6592.432
"8638",-6414.79
"8639",-6430.769
"8640",-6649.224
"8641",-6528.845
"8642",-6963.545
"8643",-6765.446
"8644",-6832.291
"8645",-6632.967
"8646",-6524.933
"8647",-6826.669
"8648",-6551.209
"8649",-6483.008
"8650",-6583.692
"8651",-6729.304
"8652",-6721.287
"8653",-6471.555
"8654",-6956.51
"8655",-6980.466
"8656",-6717.612
"8657",-6408.072
"8658",-6864.202
"8659",-6638.405
"8660",-6554.008
"8661",-6856.463
"8662",-6731.96
"8663",-6605.501
"8664",-6741.404
"8665",-6699.707
"8666",-6754.499
"8667",-6771.674
"8668",-6478.712
"8669",-6669.126
"8670",-6715.851
"8671",-6964.319
"8672",-6756.18
"8673",-6571.653
"8674",-6626.011
"8675",-6436.246
"8676",-6648.482
"8677",-6473.658
"8678",-7017.095
"8679",-6900.008
"8680",-6969.922
"8681",-6375.192
"8682",-6742.514
"8683",-6737.391
"8684",-6794.254
"8685",-6606.866
"8686",-6767.121
"8687",-6748.61
"8688",-6666.516
"8689",-6703.23
"8690",-6799.642
"8691",-6821.49
"8692",-6727.178
"8693",-6953.405
"8694",-6779.604
"8695",-6782.064
"8696",-6771.2
"8697",-6689.549
"8698",-6822.257
"8699",-6777.813
"8700",-6506.859
"8701",-6736.182
"8702",-6787.853
"8703",-6879.872
"8704",-6822.865
"8705",-6350.472
"8706",-6656.376
"8707",-6970.73
"8708",-6625.325
"8709",-6705.339
"8710",-6631.127
"8711",-7053.972
"8712",-6694.945
"8713",-7084.108
"8714",-6725.575
"8715",-6725.278
"8716",-6779.142
"8717",-6427.627
"8718",-6920.396
"8719",-6826.62
"8720",-6643.65
"8721",-6800.303
"8722",-6429.464
"8723",-6716.01
"8724",-6750.784
"8725",-6687.852
"8726",-6492.236
"8727",-6797.015
"8728",-6639.791
"8729",-6606.99
"8730",-6790.921
"8731",-6677.3
"8732",-6960.826
"8733",-6702.799
"8734",-6731.208
"8735",-6860.107
"8736",-6705.829
"8737",-6950.998
"8738",-6783.261
"8739",-6778.679
"8740",-6503.705
"8741",-7087.773
"8742",-6715.989
"8743",-7018.696
"8744",-6719.239
"8745",-6666.701
"8746",-6792.663
"8747",-6652.717
"8748",-6648.682
"8749",-6607.912
"8750",-6791.843
"8751",-6773.961
"8752",-6927.111
"8753",-6889.849
"8754",-6563.914
"8755",-6579.395
"8756",-6640.419
"8757",-6879.007
"8758",-6449.658
"8759",-6535.449
"8760",-7080.238
"8761",-6803.061
"8762",-6525.615
"8763",-6634.161
"8764",-6976.661
"8765",-6662.342
"8766",-6585.355
"8767",-6813.984
"8768",-6730.189
"8769",-6750.644
"8770",-6839.113
"8771",-6577.568
"8772",-7060.677
"8773",-6718.668
"8774",-6761.148
"8775",-6519.503
"8776",-6637.951
"8777",-6869.78
"8778",-6722.116
"8779",-6768.926
"8780",-6882.492
"8781",-6831.234
"8782",-6991.116
"8783",-6692.018
"8784",-6568.301
"8785",-6837.079
"8786",-6615.588
"8787",-6677.442
"8788",-6751.077
"8789",-6357.082
"8790",-6559.077
"8791",-6914.628
"8792",-6678.794
"8793",-6427.245
"8794",-6867.796
"8795",-6900.814
"8796",-6712
"8797",-6551.435
"8798",-6651.366
"8799",-6520.403
"8800",-6691.251
"8801",-6812.337
"8802",-6489.944
"8803",-6587.983
"8804",-6800.6
"8805",-6660.91
"8806",-6584.371
"8807",-6572.462
"8808",-6940.591
"8809",-6371.343
"8810",-6659.942
"8811",-6746.041
"8812",-6835.146
"8813",-6706.799
"8814",-6729.217
"8815",-6522.287
"8816",-6984.202
"8817",-6570.076
"8818",-6732.727
"8819",-6786.262
"8820",-6757.98
"8821",-6603.025
"8822",-6816.107
"8823",-6580.438
"8824",-6914.658
"8825",-6474.523
"8826",-6797.18
"8827",-7050.614
"8828",-6674.526
"8829",-6512.557
"8830",-6726.41
"8831",-6686.585
"8832",-6808.752
"8833",-6696.252
"8834",-6761.767
"8835",-6568.514
"8836",-6746.396
"8837",-6769.262
"8838",-6734.892
"8839",-6782.29
"8840",-6832.963
"8841",-6565.683
"8842",-6684.324
"8843",-6622.523
"8844",-6833.019
"8845",-6442.633
"8846",-6575.839
"8847",-6930.594
"8848",-6316.027
"8849",-7204.47
"8850",-6558.815
"8851",-6705.205
"8852",-6841.383
"8853",-6603.661
"8854",-6865.213
"8855",-6801.841
"8856",-6607.015
"8857",-6896.95
"8858",-6926.023
"8859",-6844.593
"8860",-7011.821
"8861",-6801.985
"8862",-6606.676
"8863",-6849.081
"8864",-6786.7
"8865",-6404.957
"8866",-6507.685
"8867",-6800.181
"8868",-6997.443
"8869",-6682.487
"8870",-6706.653
"8871",-6883.604
"8872",-6957.751
"8873",-6647.484
"8874",-6966.09
"8875",-6634.677
"8876",-6801.275
"8877",-6618.32
"8878",-6734.094
"8879",-6633.412
"8880",-6610.326
"8881",-6564.175
"8882",-6755.528
"8883",-6590.431
"8884",-6606.673
"8885",-6776.066
"8886",-6626.256
"8887",-6701.035
"8888",-6299.824
"8889",-6686.232
"8890",-6860.052
"8891",-6856.535
"8892",-6748.53
"8893",-6496.428
"8894",-6743.088
"8895",-6875.591
"8896",-6409.792
"8897",-6456.449
"8898",-6990.791
"8899",-6815.538
"8900",-6794.412
"8901",-6341.068
"8902",-6867.917
"8903",-6381.212
"8904",-6310.328
"8905",-6829.695
"8906",-6749.916
"8907",-6784.275
"8908",-6404.91
"8909",-6728.818
"8910",-6670.639
"8911",-6805.365
"8912",-6919.581
"8913",-6863.069
"8914",-6841.283
"8915",-6556.924
"8916",-6838.526
"8917",-6924.933
"8918",-7430.189
"8919",-7008.436
"8920",-6753.813
"8921",-6634.187
"8922",-6730.606
"8923",-6625.83
"8924",-6815.648
"8925",-6706.431
"8926",-6765.674
"8927",-6544.932
"8928",-6486.488
"8929",-6818.828
"8930",-6713.351
"8931",-6720.66
"8932",-6719.338
"8933",-6596.908
"8934",-6804.646
"8935",-6792.723
"8936",-6726.81
"8937",-6958.183
"8938",-6795.079
"8939",-6625.497
"8940",-6808.284
"8941",-6893.579
"8942",-6622.15
"8943",-6792.653
"8944",-6571.072
"8945",-6773.114
"8946",-6648.071
"8947",-6563.791
"8948",-6790.607
"8949",-6713.847
"8950",-6651.067
"8951",-6691.728
"8952",-6671.277
"8953",-6816.078
"8954",-6789.958
"8955",-6655.566
"8956",-6409.55
"8957",-6803.068
"8958",-6753.982
"8959",-6721.802
"8960",-6795.28
"8961",-6819.933
"8962",-6586.666
"8963",-6625.729
"8964",-6562.105
"8965",-6868.239
"8966",-6595.47
"8967",-6720.087
"8968",-6887.146
"8969",-6866.961
"8970",-7029.185
"8971",-6677.204
"8972",-6575.721
"8973",-6607.527
"8974",-6932.643
"8975",-7021.765
"8976",-6826.874
"8977",-6613.854
"8978",-6361.501
"8979",-6669.723
"8980",-6820.138
"8981",-6617.806
"8982",-6751.872
"8983",-6701.262
"8984",-6652.748
"8985",-6610.681
"8986",-6597.1
"8987",-6570.046
"8988",-6720.316
"8989",-6708.723
"8990",-6788.595
"8991",-6608.94
"8992",-6769.939
"8993",-6869.061
"8994",-6501.614
"8995",-6330.939
"8996",-6814.056
"8997",-6648.911
"8998",-6875.379
"8999",-6671.911
"9000",-6631.18
"9001",-6792.495
"9002",-6843.673
"9003",-6648.618
"9004",-6644.282
"9005",-7054.904
"9006",-6432.86
"9007",-6324.002
"9008",-6474.098
"9009",-6479.374
"9010",-6331.305
"9011",-6638.842
"9012",-6544.154
"9013",-6613.532
"9014",-6874.887
"9015",-6723.099
"9016",-6481.94
"9017",-6642.839
"9018",-6698.969
"9019",-6797.076
"9020",-6800.62
"9021",-6614.343
"9022",-6897.438
"9023",-6753.577
"9024",-6507.038
"9025",-6438.45
"9026",-6576.617
"9027",-6625.622
"9028",-6733.355
"9029",-6772.911
"9030",-6505.049
"9031",-6493.546
"9032",-6823.963
"9033",-6650.474
"9034",-6880.97
"9035",-6700.323
"9036",-6652.223
"9037",-6788.907
"9038",-7031.049
"9039",-6741.069
"9040",-6992.603
"9041",-6714.275
"9042",-6626.373
"9043",-6674.927
"9044",-6623.96
"9045",-6612.376
"9046",-6222.595
"9047",-6479.683
"9048",-6747.583
"9049",-6847.319
"9050",-6374.98
"9051",-6885.377
"9052",-6941.202
"9053",-6787.817
"9054",-6595.233
"9055",-6729.543
"9056",-6762.323
"9057",-6807.497
"9058",-6582.538
"9059",-6607.747
"9060",-6818.078
"9061",-6848.066
"9062",-6719.015
"9063",-7054.728
"9064",-6726.449
"9065",-6711.568
"9066",-7190.628
"9067",-6603.211
"9068",-6660.545
"9069",-6868.09
"9070",-6693.415
"9071",-6755.916
"9072",-6584.699
"9073",-6738.647
"9074",-6823.34
"9075",-6963.477
"9076",-6837.742
"9077",-6730.195
"9078",-6798.295
"9079",-6664.581
"9080",-6549.84
"9081",-6521.258
"9082",-6777.995
"9083",-6675.66
"9084",-6523.565
"9085",-6554.135
"9086",-6817.161
"9087",-6541.132
"9088",-6995.633
"9089",-6658.342
"9090",-6760.41
"9091",-6719.648
"9092",-6536.149
"9093",-6888.916
"9094",-6604.524
"9095",-6776.543
"9096",-6726.414
"9097",-6518.636
"9098",-7047.833
"9099",-6475.142
"9100",-6689.822
"9101",-6687.041
"9102",-6559.988
"9103",-6781.204
"9104",-6819.298
"9105",-6822.428
"9106",-6718.546
"9107",-6819.199
"9108",-6838.996
"9109",-6982.566
"9110",-6631.749
"9111",-6562.238
"9112",-6866.618
"9113",-6440.341
"9114",-6528.448
"9115",-6817.839
"9116",-6493.08
"9117",-6516.017
"9118",-6497.196
"9119",-6630.305
"9120",-6444.206
"9121",-6758.261
"9122",-6598.389
"9123",-6474.458
"9124",-6366.875
"9125",-6959.728
"9126",-6860.01
"9127",-6593.523
"9128",-7034.335
"9129",-6817.244
"9130",-6950.136
"9131",-6821.927
"9132",-6779.05
"9133",-6698.608
"9134",-6889.799
"9135",-6878.146
"9136",-6587.345
"9137",-6796.57
"9138",-6771.574
"9139",-6618.44
"9140",-6781.343
"9141",-6739.204
"9142",-6455.375
"9143",-6900.977
"9144",-6371.183
"9145",-6852.402
"9146",-6739.873
"9147",-6581.508
"9148",-6669.623
"9149",-6822.885
"9150",-6624.502
"9151",-6829.026
"9152",-6587.508
"9153",-6666.91
"9154",-6884.26
"9155",-6582.189
"9156",-6782.138
"9157",-6737.702
"9158",-6538.617
"9159",-6519.118
"9160",-6690.38
"9161",-6916.003
"9162",-6681.051
"9163",-7013.104
"9164",-6892.175
"9165",-6723.546
"9166",-6840.536
"9167",-6826.831
"9168",-6740.842
"9169",-6702.649
"9170",-6867.982
"9171",-6950.543
"9172",-6839.992
"9173",-6510.755
"9174",-6508.649
"9175",-6609.715
"9176",-6533.374
"9177",-6515.434
"9178",-6658.419
"9179",-6646.254
"9180",-6625.893
"9181",-6800.603
"9182",-6796.323
"9183",-6403.191
"9184",-6792.68
"9185",-6729.909
"9186",-6597.805
"9187",-6937.143
"9188",-6989.074
"9189",-6540.984
"9190",-6489.708
"9191",-6673.13
"9192",-6727.753
"9193",-6985.107
"9194",-6707.394
"9195",-6566.174
"9196",-6561.778
"9197",-7155.051
"9198",-6916.32
"9199",-6630.646
"9200",-7236.681
"9201",-6362.339
"9202",-7037.955
"9203",-6666.426
"9204",-6780.922
"9205",-6792.162
"9206",-6950.688
"9207",-6835.877
"9208",-6581.06
"9209",-6546.597
"9210",-6657.096
"9211",-6936.387
"9212",-6649.03
"9213",-6776.064
"9214",-7097.599
"9215",-6704.874
"9216",-6791.995
"9217",-6526.989
"9218",-7068.821
"9219",-6895.836
"9220",-6623.242
"9221",-6745.913
"9222",-6571.631
"9223",-6621.536
"9224",-6549.044
"9225",-6888.564
"9226",-6672.726
"9227",-6738.164
"9228",-6706.494
"9229",-6733.34
"9230",-6921.987
"9231",-6771.337
"9232",-6731.575
"9233",-6809.079
"9234",-6739.355
"9235",-6655.341
"9236",-6645.691
"9237",-6804.072
"9238",-6943.819
"9239",-6667.132
"9240",-6858.341
"9241",-6758.593
"9242",-6658.054
"9243",-6758.401
"9244",-6593.168
"9245",-6829.361
"9246",-6638.744
"9247",-6601.767
"9248",-6507.335
"9249",-6357.939
"9250",-6783.437
"9251",-6859.594
"9252",-6810.78
"9253",-6784.02
"9254",-6875.043
"9255",-6878.446
"9256",-6738.92
"9257",-6457.548
"9258",-6825.435
"9259",-6743.421
"9260",-6807.157
"9261",-6578.577
"9262",-6879.753
"9263",-6491.587
"9264",-6677.68
"9265",-6719.325
"9266",-6695.607
"9267",-6359.006
"9268",-6712.754
"9269",-6804.04
"9270",-6794.126
"9271",-6553.36
"9272",-6728.997
"9273",-6766.362
"9274",-6725.442
"9275",-6727.861
"9276",-6722.079
"9277",-6819.349
"9278",-6878.695
"9279",-6747.162
"9280",-6628.592
"9281",-6694.844
"9282",-6695.183
"9283",-6701.985
"9284",-6429.826
"9285",-6610.467
"9286",-6876.03
"9287",-6882.414
"9288",-6868.813
"9289",-6986.66
"9290",-6436.266
"9291",-6715.877
"9292",-6483.673
"9293",-6810.68
"9294",-6906.576
"9295",-6639.97
"9296",-6789.863
"9297",-6762.908
"9298",-6764.35
"9299",-6657.971
"9300",-6447.672
"9301",-6780.399
"9302",-6840.58
"9303",-6802.24
"9304",-6684.04
"9305",-6706.534
"9306",-6578.915
"9307",-6708.395
"9308",-6642.011
"9309",-6651.161
"9310",-6748.981
"9311",-6545.51
"9312",-6704.226
"9313",-6769.789
"9314",-6762.636
"9315",-6465.898
"9316",-6724.702
"9317",-6547.728
"9318",-6882.106
"9319",-6771.873
"9320",-6603.062
"9321",-6757.414
"9322",-6778.266
"9323",-6531.033
"9324",-6599.115
"9325",-6611.981
"9326",-6697.902
"9327",-6698.586
"9328",-6905.234
"9329",-6592.498
"9330",-6749.563
"9331",-6818.185
"9332",-6649.485
"9333",-6486.102
"9334",-6425.648
"9335",-6951.874
"9336",-6715.883
"9337",-6738.033
"9338",-6628.616
"9339",-6792.944
"9340",-6877.494
"9341",-6932.838
"9342",-6640.923
"9343",-6814.442
"9344",-6997.906
"9345",-6471.163
"9346",-6802.192
"9347",-6877.899
"9348",-6749.279
"9349",-6636.18
"9350",-7150.091
"9351",-6722.511
"9352",-6714.286
"9353",-6699.276
"9354",-6759.837
"9355",-6511.212
"9356",-6646.613
"9357",-6953.358
"9358",-6899.514
"9359",-6915.029
"9360",-6650.222
"9361",-6651.31
"9362",-6544.381
"9363",-6870.777
"9364",-6588.004
"9365",-6711.994
"9366",-6720.145
"9367",-6651.326
"9368",-6826.337
"9369",-6363.921
"9370",-6844.372
"9371",-6566.929
"9372",-6852.285
"9373",-6927.018
"9374",-6707.998
"9375",-7007.023
"9376",-6491.672
"9377",-6596.274
"9378",-6801
"9379",-6822.255
"9380",-6793.039
"9381",-6587.242
"9382",-6606.928
"9383",-6493.914
"9384",-6907.349
"9385",-6581.94
"9386",-6689.72
"9387",-6849.573
"9388",-6789.107
"9389",-6474.782
"9390",-6936.021
"9391",-6600.941
"9392",-6485.498
"9393",-6867.546
"9394",-6680.423
"9395",-6578.279
"9396",-6791.363
"9397",-7016.956
"9398",-6902.185
"9399",-6741.83
"9400",-6858.338
"9401",-6734.648
"9402",-6522.75
"9403",-6699.601
"9404",-6578.623
"9405",-6441.97
"9406",-6696.979
"9407",-6232.611
"9408",-6538.262
"9409",-6778.371
"9410",-6563.575
"9411",-6684.277
"9412",-7027.668
"9413",-6699.515
"9414",-6791.812
"9415",-6811.084
"9416",-6690.799
"9417",-6508.618
"9418",-6790.096
"9419",-6397.967
"9420",-6923.112
"9421",-6754.217
"9422",-6770.277
"9423",-6668.285
"9424",-6820.168
"9425",-6742.059
"9426",-6587.34
"9427",-6547.437
"9428",-6720.389
"9429",-6681.984
"9430",-6679.032
"9431",-6520.113
"9432",-6928.358
"9433",-7093.775
"9434",-6695.556
"9435",-6644.326
"9436",-6695.132
"9437",-6608.542
"9438",-6577.189
"9439",-7080.938
"9440",-6698.939
"9441",-6718.777
"9442",-6565.621
"9443",-6743.456
"9444",-6634.62
"9445",-6458.375
"9446",-6909.301
"9447",-6710.023
"9448",-6724.437
"9449",-6838.651
"9450",-6603.88
"9451",-6774.198
"9452",-6762.336
"9453",-6981.276
"9454",-7059.329
"9455",-6936.865
"9456",-6641.256
"9457",-6936.678
"9458",-6979.897
"9459",-6616.039
"9460",-6823.975
"9461",-6960.691
"9462",-6808.488
"9463",-6872.317
"9464",-6474.05
"9465",-6612.972
"9466",-6749.575
"9467",-6764.812
"9468",-6463.91
"9469",-6773.302
"9470",-6673.997
"9471",-6832.642
"9472",-6851.758
"9473",-6928.238
"9474",-6771.927
"9475",-6989.467
"9476",-6582.086
"9477",-7052.226
"9478",-6638.194
"9479",-6560.443
"9480",-6945.431
"9481",-6685.717
"9482",-6864.271
"9483",-6670.227
"9484",-6634.845
"9485",-6678.9
"9486",-6318.47
"9487",-6666.783
"9488",-6875.131
"9489",-6738.449
"9490",-6801.609
"9491",-6644.812
"9492",-6659.854
"9493",-6647.043
"9494",-6392.53
"9495",-6326.713
"9496",-6574.965
"9497",-7031.99
"9498",-7045.71
"9499",-6892.354
"9500",-6823.458
"9501",-6777.831
"9502",-6776.502
"9503",-6743.532
"9504",-6634.995
"9505",-6718.22
"9506",-6719.173
"9507",-6393.391
"9508",-6657.591
"9509",-6753.414
"9510",-6617.716
"9511",-6789.56
"9512",-6687.476
"9513",-6908.613
"9514",-6831.308
"9515",-6532.002
"9516",-6493.95
"9517",-6575.481
"9518",-6549.048
"9519",-6548.615
"9520",-6532.139
"9521",-6505.45
"9522",-6993.675
"9523",-6720.431
"9524",-6678.201
"9525",-6826.996
"9526",-6775.633
"9527",-6967.043
"9528",-6379.31
"9529",-6528.926
"9530",-6857.972
"9531",-6846.182
"9532",-7099.457
"9533",-6499.516
"9534",-6661.74
"9535",-6931.721
"9536",-6299.739
"9537",-6908.659
"9538",-6464.44
"9539",-7033.195
"9540",-6940.505
"9541",-6835.07
"9542",-6765.57
"9543",-6875.087
"9544",-6806.886
"9545",-6865.553
"9546",-6597.575
"9547",-6499.855
"9548",-6784.983
"9549",-6742.785
"9550",-6692.739
"9551",-6669.217
"9552",-6895.88
"9553",-6451.33
"9554",-6752.043
"9555",-6625.212
"9556",-6728.945
"9557",-6646.286
"9558",-6726.525
"9559",-6679.385
"9560",-6646.703
"9561",-6837.204
"9562",-6559.955
"9563",-6905.846
"9564",-6399.77
"9565",-6687.367
"9566",-6685.292
"9567",-6804.21
"9568",-6702.405
"9569",-6901.444
"9570",-6826.622
"9571",-6602.848
"9572",-6713.228
"9573",-6494.846
"9574",-6391.477
"9575",-6683.829
"9576",-6412.383
"9577",-6911.358
"9578",-6543.614
"9579",-6681.651
"9580",-6881.422
"9581",-6667.017
"9582",-6598.793
"9583",-6633.512
"9584",-6822.869
"9585",-6400.635
"9586",-6396.262
"9587",-7027.039
"9588",-6451.313
"9589",-6393.804
"9590",-6878.812
"9591",-6702.204
"9592",-6712.97
"9593",-6578.765
"9594",-6887.025
"9595",-6417.866
"9596",-6816.737
"9597",-6656.603
"9598",-6595.892
"9599",-6872.587
"9600",-6907.227
"9601",-6697.751
"9602",-6748.051
"9603",-6533.566
"9604",-6854.703
"9605",-6629.246
"9606",-6775.331
"9607",-6896.26
"9608",-6726.315
"9609",-6748.549
"9610",-6342.008
"9611",-6883.776
"9612",-6536.106
"9613",-6360.644
"9614",-6772.065
"9615",-6746.754
"9616",-6466.643
"9617",-6728.531
"9618",-6879.901
"9619",-6612.92
"9620",-6628.703
"9621",-6824.343
"9622",-6586.712
"9623",-6869.796
"9624",-6764.008
"9625",-6657.064
"9626",-6839.858
"9627",-6620.898
"9628",-6781.977
"9629",-6527.65
"9630",-6722.21
"9631",-6628.173
"9632",-6495.088
"9633",-6879.717
"9634",-6566.837
"9635",-6948.32
"9636",-6742.455
"9637",-6770.271
"9638",-7035.186
"9639",-6703.846
"9640",-6778.344
"9641",-6672.603
"9642",-6355.746
"9643",-6662.939
"9644",-6511.695
"9645",-6953.691
"9646",-6823.363
"9647",-6411.85
"9648",-6669.123
"9649",-6717.838
"9650",-6907.288
"9651",-6883.38
"9652",-6672.277
"9653",-6526.776
"9654",-7008.981
"9655",-6348.762
"9656",-6496.836
"9657",-6660.581
"9658",-6826.373
"9659",-6672.876
"9660",-6757.019
"9661",-6712.225
"9662",-6855.041
"9663",-6525.233
"9664",-6781.404
"9665",-6837.907
"9666",-6679.418
"9667",-6759.875
"9668",-6572.857
"9669",-6514.195
"9670",-6684.496
"9671",-6681.039
"9672",-6919.099
"9673",-6762.307
"9674",-6468.812
"9675",-6617.222
"9676",-6742.125
"9677",-6657.496
"9678",-6645.182
"9679",-7101.907
"9680",-6546.568
"9681",-6753.269
"9682",-6560.012
"9683",-6605.363
"9684",-6864.094
"9685",-6972.548
"9686",-6976.847
"9687",-6566.28
"9688",-6846.638
"9689",-6707.208
"9690",-6589.107
"9691",-7034.222
"9692",-6325.744
"9693",-6764.299
"9694",-6805.14
"9695",-6358.781
"9696",-6641.556
"9697",-6495.408
"9698",-7048.847
"9699",-6578.546
"9700",-6578.263
"9701",-6895.58
"9702",-6436.089
"9703",-6644.019
"9704",-6734.554
"9705",-6696.434
"9706",-6599.221
"9707",-6738.407
"9708",-6788.539
"9709",-6461.31
"9710",-6987.742
"9711",-6722.408
"9712",-6807.424
"9713",-6866.39
"9714",-7009.378
"9715",-6963.832
"9716",-6486.687
"9717",-6678.923
"9718",-6513.799
"9719",-6688.578
"9720",-6916.942
"9721",-7000.565
"9722",-6621.745
"9723",-6916.726
"9724",-6631.321
"9725",-6515.392
"9726",-6512.399
"9727",-6710.642
"9728",-6711.776
"9729",-6901.341
"9730",-6652.164
"9731",-6987.281
"9732",-6824.695
"9733",-6966.968
"9734",-6837.27
"9735",-6852.256
"9736",-7013.562
"9737",-6835.553
"9738",-6684.581
"9739",-6671.527
"9740",-6667.733
"9741",-6579.247
"9742",-6686.571
"9743",-6670.357
"9744",-6946.666
"9745",-6755.106
"9746",-6808.442
"9747",-6685.626
"9748",-7068.181
"9749",-6656.706
"9750",-6953.547
"9751",-6547.532
"9752",-6821.651
"9753",-6695.611
"9754",-6577.628
"9755",-6915.188
"9756",-6632.21
"9757",-6471.559
"9758",-6660.303
"9759",-6753.083
"9760",-6736.798
"9761",-6509.784
"9762",-6587.86
"9763",-6812.06
"9764",-6786.826
"9765",-6702.989
"9766",-6886.558
"9767",-6408.387
"9768",-6629.859
"9769",-6787.315
"9770",-6915.604
"9771",-6803.542
"9772",-6683.501
"9773",-6578.018
"9774",-6654.032
"9775",-6213.645
"9776",-6776.901
"9777",-7025.455
"9778",-6764.931
"9779",-6632.935
"9780",-6564.093
"9781",-6592.055
"9782",-6501.366
"9783",-6940.711
"9784",-6736.027
"9785",-6281.364
"9786",-6833.92
"9787",-6631.313
"9788",-6706.87
"9789",-6533.043
"9790",-6678.011
"9791",-6861.637
"9792",-6627.502
"9793",-7159.214
"9794",-6959.478
"9795",-6922.351
"9796",-6680.686
"9797",-6687.569
"9798",-6701.09
"9799",-6982.61
"9800",-6342.816
"9801",-6624.935
"9802",-6712.035
"9803",-6583.975
"9804",-6820.229
"9805",-7006.114
"9806",-6587.075
"9807",-6999.072
"9808",-6934.177
"9809",-6923.082
"9810",-7019.743
"9811",-6728.203
"9812",-6647.694
"9813",-6579.594
"9814",-6746.379
"9815",-7223.335
"9816",-6916.853
"9817",-6862.797
"9818",-6613.767
"9819",-6713.341
"9820",-6815.158
"9821",-6661.185
"9822",-6765.413
"9823",-6785.556
"9824",-6605.266
"9825",-6746.58
"9826",-6716.042
"9827",-6589.648
"9828",-6614.536
"9829",-6818.84
"9830",-6562.924
"9831",-6909.27
"9832",-6983.944
"9833",-6501.686
"9834",-6633.685
"9835",-6708.911
"9836",-6794.37
"9837",-6308.995
"9838",-6775.742
"9839",-6622.678
"9840",-7076.492
"9841",-6885.378
"9842",-7064.602
"9843",-6627.301
"9844",-6859.353
"9845",-6788.74
"9846",-6492.231
"9847",-6643.24
"9848",-6620.334
"9849",-6960.406
"9850",-6530.773
"9851",-6351.303
"9852",-6455.703
"9853",-6847.765
"9854",-6764.599
"9855",-6721.837
"9856",-6542.4
"9857",-6501.635
"9858",-6765.113
"9859",-6613.794
"9860",-6356
"9861",-6723.195
"9862",-6603.99
"9863",-6721.754
"9864",-6906.978
"9865",-6814.479
"9866",-6309.487
"9867",-6799.953
"9868",-6589.332
"9869",-6840.472
"9870",-6848.818
"9871",-6438.767
"9872",-6815.402
"9873",-6658.609
"9874",-6748.164
"9875",-6545.489
"9876",-6721.923
"9877",-6752.867
"9878",-6703.79
"9879",-6803.383
"9880",-6393.213
"9881",-6544.2
"9882",-6740.526
"9883",-6639.366
"9884",-6986.552
"9885",-6932.803
"9886",-6595.881
"9887",-6645.025
"9888",-7018.81
"9889",-6562.856
"9890",-6448.162
"9891",-6831.096
"9892",-6583.392
"9893",-6515.07
"9894",-6664.341
"9895",-6836.731
"9896",-6425.076
"9897",-6825.09
"9898",-6928.03
"9899",-6726.585
"9900",-6757.41
"9901",-6852.748
"9902",-6775.516
"9903",-6858.5
"9904",-6610.014
"9905",-6511.123
"9906",-6498.843
"9907",-6803.83
"9908",-6617.47
"9909",-6575.521
"9910",-7009.21
"9911",-6732.95
"9912",-6675.808
"9913",-6891.044
"9914",-6534.229
"9915",-6530.672
"9916",-6897.048
"9917",-7057.791
"9918",-6614.99
"9919",-6520.645
"9920",-6739.126
"9921",-6678.974
"9922",-6761.608
"9923",-6621.363
"9924",-6383.468
"9925",-6643.288
"9926",-6593.157
"9927",-6804.599
"9928",-6712.913
"9929",-7120.801
"9930",-6621.809
"9931",-6641.674
"9932",-6724.024
"9933",-6768.381
"9934",-6739.302
"9935",-6717.951
"9936",-7196.314
"9937",-6795.877
"9938",-6587.256
"9939",-6591.134
"9940",-6714.12
"9941",-6913.652
"9942",-6809.205
"9943",-6819.241
"9944",-6880.791
"9945",-6863.136
"9946",-6791.111
"9947",-6806.715
"9948",-6682.347
"9949",-6744.64
"9950",-6536.215
"9951",-6884.889
"9952",-6744.845
"9953",-6789.587
"9954",-6691.042
"9955",-6682.182
"9956",-6678.981
"9957",-6640.046
"9958",-6954.745
"9959",-6528.555
"9960",-6627.305
"9961",-6558.174
"9962",-6760.089
"9963",-6557.305
"9964",-6760.436
"9965",-6820.441
"9966",-6769.572
"9967",-6910.351
"9968",-6946.534
"9969",-6740.147
"9970",-6784.163
"9971",-6581.522
"9972",-6640.697
"9973",-7309.851
"9974",-6472.013
"9975",-6848.769
"9976",-6775.222
"9977",-6432.91
"9978",-6737.352
"9979",-6675.5
"9980",-6956.3
"9981",-6951.342
"9982",-6491.916
"9983",-6592.139
"9984",-6814.544
"9985",-6595.934
"9986",-6671.847
"9987",-6798.386
"9988",-6861.989
"9989",-6707.387
"9990",-6807.04
"9991",-6704.717
"9992",-6555.395
"9993",-6697.186
"9994",-6740.874
"9995",-6594.19
"9996",-6414.847
"9997",-6785.395
"9998",-6757.759
"9999",-6845.042
"10000",-6762.645
